step,physical_time,cl,cd,cmz,pressure_drag,viscous_drag,pressure_lift,viscous_lift
1,0.000000000000e+00,-2.314513488022e-04,3.176047801085e+02,-1.748461695001e-04,-1.972152263053e-31,3.176047801085e+02,0.000000000000e+00,-2.314513488022e-04
2,0.000000000000e+00,-1.340295913277e-04,2.563816731326e+02,-1.002275439301e-04,1.815447507013e-02,2.563635186575e+02,-1.030777787847e-07,-1.339265135489e-04
3,0.000000000000e+00,-7.588078458187e-05,2.109737829578e+02,-5.575033075278e-05,3.240976604087e-02,2.109413731917e+02,-1.288766573460e-07,-7.575190792453e-05
4,0.000000000000e+00,-4.205753265230e-05,1.769367148420e+02,-2.990635969802e-05,4.423562300272e-02,1.768924792190e+02,-3.409098839890e-07,-4.171662276831e-05
5,0.000000000000e+00,-2.210655830381e-05,1.511211271589e+02,-1.468070541133e-05,5.435558861749e-02,1.510667715703e+02,-2.370501289706e-07,-2.186950817484e-05
6,0.000000000000e+00,-1.002968762442e-05,1.312883727203e+02,-5.476709810992e-06,6.319334299334e-02,1.312251793773e+02,-1.514279104331e-07,-9.878259713991e-06
7,0.000000000000e+00,-1.112767285982e-06,1.158411498906e+02,1.302256202429e-06,7.103304879578e-02,1.157701168418e+02,2.469508317282e-07,-1.359718117711e-06
8,0.000000000000e+00,4.071518498433e-06,1.036341180730e+02,5.243953902223e-06,7.805963079678e-02,1.035560584422e+02,4.692791167882e-07,3.602239381645e-06
9,0.000000000000e+00,7.015559789103e-06,9.384346645957e+01,7.486267924683e-06,8.434810251061e-02,9.375911835706e+01,6.135412627395e-07,6.402018526364e-06
10,0.000000000000e+00,8.611794094393e-06,8.587287105732e+01,8.707823949461e-06,9.006632521500e-02,8.578280473211e+01,7.277955495488e-07,7.883998544844e-06
11,0.000000000000e+00,9.371622186449e-06,7.928774191773e+01,9.297648276618e-06,9.534023226837e-02,7.919240168546e+01,8.284293870342e-07,8.543192799415e-06
12,0.000000000000e+00,9.633384130403e-06,7.376924779902e+01,9.510799532375e-06,1.002464272768e-01,7.366900137174e+01,8.664411078607e-07,8.766943022542e-06
13,0.000000000000e+00,9.624659755764e-06,6.908172828465e+01,9.520898489157e-06,1.048481978021e-01,6.897688008685e+01,9.034686633269e-07,8.721191092437e-06
14,0.000000000000e+00,9.429200442501e-06,6.504956088502e+01,9.389630214685e-06,1.091968815997e-01,6.494036400342e+01,9.439756749052e-07,8.485224767596e-06
15,0.000000000000e+00,9.134480902478e-06,6.154068565144e+01,9.181467238939e-06,1.133309262829e-01,6.142735472515e+01,9.859518095845e-07,8.148529092894e-06
16,0.000000000000e+00,8.793176634325e-06,5.845486388304e+01,8.937311212431e-06,1.172771966024e-01,5.833758668643e+01,1.025335283067e-06,7.767841351258e-06
17,0.000000000000e+00,8.434959553397e-06,5.571525202908e+01,8.678674798812e-06,1.210594328210e-01,5.559419259626e+01,1.062622651926e-06,7.372336901471e-06
18,0.000000000000e+00,8.078846718773e-06,5.326234000394e+01,8.418453709913e-06,1.247099218310e-01,5.313763008211e+01,1.099873485233e-06,6.978973233540e-06
19,0.000000000000e+00,7.732260223520e-06,5.104951555725e+01,8.164605059591e-06,1.282415402244e-01,5.092127401702e+01,1.133118157637e-06,6.599142065883e-06
20,0.000000000000e+00,7.398761933355e-06,4.903988751293e+01,7.919166327808e-06,1.316630323796e-01,4.890822448055e+01,1.160679991563e-06,6.238081941792e-06
21,0.000000000000e+00,7.081650336679e-06,4.720394369854e+01,7.684208266134e-06,1.349820922660e-01,4.706896160628e+01,1.184186060599e-06,5.897464276081e-06
22,0.000000000000e+00,6.782489300514e-06,4.551782171868e+01,7.461192398139e-06,1.382062138761e-01,4.537961550480e+01,1.204130813892e-06,5.578358486621e-06
23,0.000000000000e+00,6.502137821690e-06,4.396202595181e+01,7.250108754242e-06,1.413420158363e-01,4.382068393597e+01,1.221873626667e-06,5.280264195023e-06
24,0.000000000000e+00,6.240823600984e-06,4.252046990212e+01,7.051470884534e-06,1.443954139897e-01,4.237607448813e+01,1.238205589671e-06,5.002618011313e-06
25,0.000000000000e+00,5.997223729431e-06,4.117975260291e+01,6.864504553006e-06,1.473712949346e-01,4.103238130797e+01,1.252904684668e-06,4.744319044764e-06
26,0.000000000000e+00,5.769474392653e-06,3.992861024657e+01,6.687961896512e-06,1.502742860924e-01,3.977833596047e+01,1.265292586650e-06,4.504181806003e-06
27,0.000000000000e+00,5.556754023361e-06,3.875749556170e+01,6.521338232757e-06,1.531087031968e-01,3.860438685850e+01,1.275328463057e-06,4.281425560304e-06
28,0.000000000000e+00,5.356361943099e-06,3.765825475967e+01,6.362615312172e-06,1.558801082182e-01,3.750237465145e+01,1.282960281512e-06,4.073401661586e-06
29,0.000000000000e+00,5.166507607929e-06,3.662387901167e+01,6.210984337951e-06,1.585981343991e-01,3.646528087727e+01,1.287516409043e-06,3.878991198886e-06
30,0.000000000000e+00,4.987716202359e-06,3.564829054822e+01,6.066618139622e-06,1.612671035705e-01,3.548702344465e+01,1.290300846113e-06,3.697415356246e-06
31,0.000000000000e+00,4.829849472143e-06,3.472619109799e+01,5.937074995410e-06,1.638903012848e-01,3.456230079671e+01,1.300118346703e-06,3.529731125440e-06
32,0.000000000000e+00,4.687849690072e-06,3.385293585220e+01,5.818895102649e-06,1.664700030059e-01,3.368646584920e+01,1.314042318845e-06,3.373807371226e-06
33,0.000000000000e+00,4.553653328965e-06,3.302443248051e+01,5.705709445580e-06,1.690082299868e-01,3.285542425052e+01,1.326759965836e-06,3.226893363129e-06
34,0.000000000000e+00,4.426943639113e-06,3.223705811131e+01,5.597431025572e-06,1.715068012548e-01,3.206555131005e+01,1.338406506179e-06,3.088537132934e-06
35,0.000000000000e+00,4.307149015004e-06,3.148759096077e+01,5.493685892199e-06,1.739673017381e-01,3.131362365903e+01,1.349439389786e-06,2.957709625218e-06
36,0.000000000000e+00,4.194825237197e-06,3.077315385178e+01,5.395055331592e-06,1.763908428360e-01,3.059676300894e+01,1.360593463395e-06,2.834231773802e-06
37,0.000000000000e+00,4.091898033562e-06,3.009116796804e+01,5.302923465234e-06,1.787783645346e-01,2.991238960351e+01,1.373529336546e-06,2.718368697016e-06
38,0.000000000000e+00,3.997100828421e-06,2.943932250905e+01,5.216472879210e-06,1.811317715875e-01,2.925819073746e+01,1.388075248521e-06,2.609025579900e-06
39,0.000000000000e+00,3.907597467420e-06,2.881552404653e+01,5.133607601238e-06,1.834523979848e-01,2.863207164855e+01,1.402722621724e-06,2.504874845696e-06
40,0.000000000000e+00,3.821397670641e-06,2.821787540332e+01,5.052892551149e-06,1.857416115492e-01,2.803213379177e+01,1.416043774682e-06,2.405353895958e-06
41,0.000000000000e+00,3.739005608301e-06,2.764465504759e+01,4.974603106334e-06,1.880008027316e-01,2.745665424486e+01,1.428645192370e-06,2.310360415932e-06
42,0.000000000000e+00,3.660073531322e-06,2.709429645167e+01,4.898693926947e-06,1.902313711307e-01,2.690406508053e+01,1.440379454376e-06,2.219694076946e-06
43,0.000000000000e+00,3.584532947798e-06,2.656537044380e+01,4.825161383670e-06,1.924347161833e-01,2.637293572762e+01,1.451370938155e-06,2.133162009643e-06
44,0.000000000000e+00,3.512215822433e-06,2.605656990387e+01,4.753991767137e-06,1.946121439461e-01,2.586195775992e+01,1.461649377477e-06,2.050566444957e-06
45,0.000000000000e+00,3.443294561950e-06,2.556669652584e+01,4.685323955589e-06,1.967648239569e-01,2.536993170189e+01,1.471304094058e-06,1.971990467892e-06
46,0.000000000000e+00,3.377595978009e-06,2.509464941828e+01,4.619021590768e-06,1.988938392289e-01,2.489575557906e+01,1.480398870379e-06,1.897197107630e-06
47,0.000000000000e+00,3.314900867468e-06,2.463941522999e+01,4.554920566169e-06,2.010003037062e-01,2.443841492629e+01,1.489005924171e-06,1.825894943297e-06
48,0.000000000000e+00,3.255023321630e-06,2.420005948395e+01,4.492929985833e-06,2.030854511594e-01,2.399697403279e+01,1.497176147780e-06,1.757847173850e-06
49,0.000000000000e+00,3.197799679534e-06,2.377571851111e+01,4.432926933973e-06,2.051502596127e-01,2.357056825150e+01,1.504963474896e-06,1.692836204638e-06
50,0.000000000000e+00,3.143082565396e-06,2.336559266718e+01,4.374781133909e-06,2.071954235008e-01,2.315839724368e+01,1.512415880867e-06,1.630666684529e-06
51,0.000000000000e+00,3.090613733735e-06,2.296894056258e+01,4.318387332947e-06,2.092218716182e-01,2.275971869096e+01,1.519459404409e-06,1.571154329326e-06
52,0.000000000000e+00,3.040300067300e-06,2.258507342304e+01,4.263649047043e-06,2.112302953472e-01,2.237384312769e+01,1.526146249875e-06,1.514153817425e-06
53,0.000000000000e+00,2.992054343204e-06,2.221335052834e+01,4.210488989131e-06,2.132213782719e-01,2.200012915007e+01,1.532544072369e-06,1.459510270835e-06
54,0.000000000000e+00,2.945966521353e-06,2.185317502134e+01,4.159105923440e-06,2.151958275599e-01,2.163797919378e+01,1.538389076849e-06,1.407577444504e-06
55,0.000000000000e+00,2.901352785536e-06,2.150399000546e+01,4.108892317056e-06,2.171541885509e-01,2.128683581691e+01,1.543969038731e-06,1.357383746806e-06
56,0.000000000000e+00,2.858297774661e-06,2.116527505822e+01,4.059880846730e-06,2.190967784961e-01,2.094617827973e+01,1.549346788199e-06,1.308950986462e-06
57,0.000000000000e+00,2.816732852545e-06,2.083654339219e+01,4.012046419533e-06,2.210239023996e-01,2.061551948979e+01,1.554483787913e-06,1.262249064632e-06
58,0.000000000000e+00,2.776534777087e-06,2.051733917096e+01,3.965398548189e-06,2.229359024660e-01,2.029440326850e+01,1.559319290911e-06,1.217215486175e-06
59,0.000000000000e+00,2.737422360677e-06,2.020723492034e+01,3.919716441092e-06,2.248330673515e-01,1.998240185299e+01,1.563842490282e-06,1.173579870395e-06
60,0.000000000000e+00,2.701334100852e-06,1.990582943926e+01,3.875646601537e-06,2.267157482211e-01,1.967911369104e+01,1.569716582384e-06,1.131617518468e-06
61,0.000000000000e+00,2.666342100215e-06,1.961274606357e+01,3.832607129994e-06,2.285842728869e-01,1.938416179068e+01,1.575156738876e-06,1.091185361339e-06
62,0.000000000000e+00,2.632483504204e-06,1.932763032123e+01,3.790583110397e-06,2.304389991670e-01,1.909719132206e+01,1.580304758220e-06,1.052178745985e-06
63,0.000000000000e+00,2.599625907637e-06,1.905014817560e+01,3.749414642651e-06,2.322802512948e-01,1.881786792431e+01,1.585227695666e-06,1.014398211971e-06
64,0.000000000000e+00,2.567953874724e-06,1.877998444970e+01,3.709172363475e-06,2.341081916613e-01,1.854587625804e+01,1.590043345434e-06,9.779105292901e-07
65,0.000000000000e+00,2.537019266544e-06,1.851684066246e+01,3.669918937632e-06,2.359220563470e-01,1.828091860611e+01,1.594352905809e-06,9.426663607343e-07
66,0.000000000000e+00,2.507437395050e-06,1.826043593962e+01,3.631462402343e-06,2.377221468378e-01,1.802271379278e+01,1.598870885910e-06,9.085665091391e-07
67,0.000000000000e+00,2.478400321658e-06,1.801050486151e+01,3.593935693269e-06,2.395088730430e-01,1.777099598847e+01,1.602808717638e-06,8.755916040201e-07
68,0.000000000000e+00,2.450457346773e-06,1.776679630449e+01,3.557212801986e-06,2.412826560049e-01,1.752551364849e+01,1.606785027641e-06,8.436723191313e-07
69,0.000000000000e+00,2.423310084702e-06,1.752907243977e+01,3.521276476848e-06,2.430438901900e-01,1.728602854958e+01,1.610551060960e-06,8.127590237425e-07
70,0.000000000000e+00,2.397034370875e-06,1.729710785091e+01,3.486072245540e-06,2.447929492200e-01,1.705231490169e+01,1.614233829772e-06,7.828005411034e-07
71,0.000000000000e+00,2.371108514462e-06,1.707068869177e+01,3.451549587030e-06,2.465301670877e-01,1.682415852468e+01,1.617353202865e-06,7.537553115972e-07
72,0.000000000000e+00,2.346107341469e-06,1.684961200005e+01,3.417698476893e-06,2.482558875619e-01,1.660135611248e+01,1.620531515811e-06,7.255758256580e-07
73,0.000000000000e+00,2.321778072419e-06,1.663368492797e+01,3.384525460004e-06,2.499704137930e-01,1.638371451418e+01,1.623545169638e-06,6.982329027808e-07
74,0.000000000000e+00,2.298046643440e-06,1.642272417726e+01,3.352020514491e-06,2.516740772316e-01,1.617105010002e+01,1.626351828488e-06,6.716948149528e-07
75,0.000000000000e+00,2.274931850420e-06,1.621655534973e+01,3.320232294324e-06,2.533671837463e-01,1.596318816599e+01,1.628913264273e-06,6.460185861465e-07
76,0.000000000000e+00,2.255878306906e-06,1.601501241234e+01,3.291619265822e-06,2.550500314184e-01,1.575996238092e+01,1.631905009181e-06,6.239732977253e-07
77,0.000000000000e+00,2.240552970861e-06,1.581793718889e+01,3.265863104895e-06,2.567229010080e-01,1.556121428788e+01,1.635493114549e-06,6.050598563116e-07
78,0.000000000000e+00,2.226004039013e-06,1.562517888040e+01,3.240803757187e-06,2.583860531086e-01,1.536679282729e+01,1.639305433065e-06,5.866986059477e-07
79,0.000000000000e+00,2.209482467652e-06,1.543659363185e+01,3.214390898898e-06,2.600397339630e-01,1.517655389788e+01,1.642903089738e-06,5.665793779142e-07
80,0.000000000000e+00,2.191867013539e-06,1.525204414291e+01,3.187428885498e-06,2.616841970393e-01,1.499035994587e+01,1.646185718185e-06,5.456812953546e-07
81,0.000000000000e+00,2.173849917259e-06,1.507139928128e+01,3.160363890309e-06,2.633196913346e-01,1.480807958995e+01,1.649285596872e-06,5.245643203873e-07
82,0.000000000000e+00,2.156007043737e-06,1.489453365815e+01,3.133410962808e-06,2.649463798950e-01,1.462958727826e+01,1.652448624267e-06,5.035584194693e-07
83,0.000000000000e+00,2.138422660322e-06,1.472132739812e+01,3.106750433024e-06,2.665644371210e-01,1.445476296100e+01,1.655577881343e-06,4.828447789790e-07
84,0.000000000000e+00,2.121122649960e-06,1.455166583824e+01,3.080513484299e-06,2.681740454743e-01,1.428349179276e+01,1.658591317122e-06,4.625313328385e-07
85,0.000000000000e+00,2.104130520819e-06,1.438543925322e+01,3.054684145132e-06,2.697753847576e-01,1.411566386846e+01,1.661464527292e-06,4.426659935275e-07
86,0.000000000000e+00,2.087546016744e-06,1.422254255951e+01,3.029298537349e-06,2.713686296080e-01,1.395117392990e+01,1.664272709312e-06,4.232733074316e-07
87,0.000000000000e+00,2.071285644650e-06,1.406287506628e+01,3.004337410739e-06,2.729539549240e-01,1.378992111135e+01,1.666925523114e-06,4.043601215357e-07
88,0.000000000000e+00,2.055486550377e-06,1.390634023550e+01,2.979781922874e-06,2.745315349007e-01,1.363180870060e+01,1.669564056339e-06,3.859224940381e-07
89,0.000000000000e+00,2.040026681090e-06,1.375284545455e+01,2.955752876510e-06,2.761015385504e-01,1.347674391600e+01,1.672060674807e-06,3.679660062830e-07
90,0.000000000000e+00,2.025104156641e-06,1.360230183378e+01,2.932244924203e-06,2.776641229586e-01,1.332463771082e+01,1.674624302117e-06,3.504798545238e-07
91,0.000000000000e+00,2.010523267974e-06,1.345462402977e+01,2.909117869543e-06,2.792194456389e-01,1.317540458414e+01,1.677093860342e-06,3.334294076326e-07
92,0.000000000000e+00,1.996240488245e-06,1.330973005912e+01,2.886382600542e-06,2.807676609477e-01,1.302896239817e+01,1.679436370416e-06,3.168041178281e-07
93,0.000000000000e+00,1.982304962154e-06,1.316754112987e+01,2.864034808370e-06,2.823089201656e-01,1.288523220970e+01,1.681696882694e-06,3.006080794600e-07
94,0.000000000000e+00,1.968750621143e-06,1.302798148483e+01,2.842096265165e-06,2.838433673238e-01,1.274413811751e+01,1.683915713035e-06,2.848349081076e-07
95,0.000000000000e+00,1.955486072833e-06,1.289097825023e+01,2.820518837876e-06,2.853711389571e-01,1.260560711127e+01,1.686008649138e-06,2.694774236950e-07
96,0.000000000000e+00,1.942486927371e-06,1.275646130385e+01,2.799307190438e-06,2.868923660668e-01,1.246956893779e+01,1.687962014219e-06,2.545249131528e-07
97,0.000000000000e+00,1.929785678610e-06,1.262436313851e+01,2.778427924677e-06,2.884071711593e-01,1.233595596735e+01,1.689820228967e-06,2.399654496429e-07
98,0.000000000000e+00,1.917552324919e-06,1.249461874451e+01,2.757950707089e-06,2.899156779809e-01,1.220470306653e+01,1.691765024237e-06,2.257873006825e-07
99,0.000000000000e+00,1.905662427550e-06,1.236716549118e+01,2.737833939170e-06,2.914180033046e-01,1.207574748787e+01,1.693684055337e-06,2.119783722131e-07
100,0.000000000000e+00,1.894037949125e-06,1.224194301691e+01,2.718058457807e-06,2.929142619523e-01,1.194902875495e+01,1.695513571931e-06,1.985243771943e-07
101,0.000000000000e+00,1.882705149413e-06,1.211889312491e+01,2.698625077180e-06,2.944045669058e-01,1.182448855800e+01,1.697291197311e-06,1.854139521015e-07
102,0.000000000000e+00,1.871434617936e-06,1.199795967990e+01,2.679479642831e-06,2.958890186537e-01,1.170207066124e+01,1.698800374927e-06,1.726342430085e-07
103,0.000000000000e+00,1.860413451113e-06,1.187908851775e+01,2.660656866549e-06,2.973677120605e-01,1.158172080569e+01,1.700238218105e-06,1.601752330077e-07
104,0.000000000000e+00,1.849836907562e-06,1.176222736135e+01,2.642187476865e-06,2.988407414804e-01,1.146338661987e+01,1.701809169807e-06,1.480277377550e-07
105,0.000000000000e+00,1.839497891454e-06,1.164732573880e+01,2.624013142161e-06,3.003081990714e-01,1.134701753973e+01,1.703315047397e-06,1.361828440571e-07
106,0.000000000000e+00,1.829504381663e-06,1.153433490378e+01,2.606141938866e-06,3.017701760342e-01,1.123256472775e+01,1.704871457509e-06,1.246329241547e-07
107,0.000000000000e+00,1.819720444204e-06,1.142320775881e+01,2.588557072469e-06,3.032267597751e-01,1.111998099904e+01,1.706351336173e-06,1.133691080318e-07
108,0.000000000000e+00,1.810086609516e-06,1.131389878896e+01,2.571234150317e-06,3.046780351457e-01,1.100922075382e+01,1.707702822873e-06,1.023837866432e-07
109,0.000000000000e+00,1.800787896307e-06,1.120636399677e+01,2.554220902951e-06,3.061240875892e-01,1.090023990918e+01,1.709117453896e-06,9.167044241060e-08
110,0.000000000000e+00,1.791466518016e-06,1.110056083603e+01,2.537430103977e-06,3.075649996405e-01,1.079299583639e+01,1.710245899567e-06,8.122061844959e-08
111,0.000000000000e+00,1.782454142785e-06,1.099644814854e+01,2.520938734929e-06,3.090008544014e-01,1.068744729414e+01,1.711426165951e-06,7.102797683345e-08
112,0.000000000000e+00,1.773700619597e-06,1.089398610585e+01,2.504723641106e-06,3.104317293226e-01,1.058355437653e+01,1.712615718019e-06,6.108490157794e-08
113,0.000000000000e+00,1.765144607938e-06,1.079313615716e+01,2.488762359587e-06,3.118576985805e-01,1.048127845858e+01,1.713761232758e-06,5.138337517974e-08
114,0.000000000000e+00,1.757162880346e-06,1.069386097427e+01,2.473176168472e-06,3.132788364571e-01,1.038058213781e+01,1.715245169620e-06,4.191771072609e-08
115,0.000000000000e+00,1.749166612785e-06,1.059612440298e+01,2.457772381947e-06,3.146952166054e-01,1.028142918637e+01,1.716488300552e-06,3.267831223328e-08
116,0.000000000000e+00,1.741379121775e-06,1.049989141242e+01,2.442598019514e-06,3.161069034079e-01,1.018378450902e+01,1.717720715444e-06,2.365840633123e-08
117,0.000000000000e+00,1.733822139510e-06,1.040512805656e+01,2.427708016561e-06,3.175139630073e-01,1.008761409356e+01,1.718970113473e-06,1.485202603610e-08
118,0.000000000000e+00,1.726122823668e-06,1.031180142980e+01,2.412950016462e-06,3.189164646376e-01,9.992884965158e+00,1.719872109007e-06,6.250714661149e-09
119,0.000000000000e+00,1.718499418581e-06,1.021987962306e+01,2.398400414438e-06,3.203144714973e-01,9.899565151563e+00,1.720650795956e-06,-2.151377374859e-09
120,0.000000000000e+00,1.711210148095e-06,1.012933169216e+01,2.384160193658e-06,3.217080503728e-01,9.807623641785e+00,1.721568718249e-06,-1.035857015441e-08
121,0.000000000000e+00,1.704083123607e-06,1.004012761792e+01,2.370111363115e-06,3.230972694514e-01,9.717030348468e+00,1.722461616838e-06,-1.837849323075e-08
122,0.000000000000e+00,1.696732973983e-06,9.952238268336e+00,2.356096905354e-06,3.244821918345e-01,9.627756076502e+00,1.722951750327e-06,-2.621877634446e-08
123,0.000000000000e+00,1.689557746806e-06,9.865635368290e+00,2.342314661841e-06,3.258628789409e-01,9.539772489349e+00,1.723437570378e-06,-3.387982357161e-08
124,0.000000000000e+00,1.682628822840e-06,9.780291468113e+00,2.328764303117e-06,3.272393941066e-01,9.453052074007e+00,1.723990707581e-06,-4.136188474016e-08
125,0.000000000000e+00,1.675962931319e-06,9.696179910356e+00,2.315495833793e-06,3.286117963927e-01,9.367568113963e+00,1.724626738586e-06,-4.866380726685e-08
126,0.000000000000e+00,1.669598493534e-06,9.613274801272e+00,2.302405831378e-06,3.299801409202e-01,9.283294660352e+00,1.725386611695e-06,-5.578811816155e-08
127,0.000000000000e+00,1.663769847036e-06,9.531550987868e+00,2.289585428278e-06,3.313444880363e-01,9.200206499831e+00,1.726492976417e-06,-6.272312938135e-08
128,0.000000000000e+00,1.658574331957e-06,9.450984026765e+00,2.277253590838e-06,3.327048945755e-01,9.118279132190e+00,1.728034295156e-06,-6.945996319958e-08
129,0.000000000000e+00,1.652757068288e-06,9.371550163215e+00,2.264613038455e-06,3.340614219386e-01,9.037488741276e+00,1.728769779663e-06,-7.601271137525e-08
130,0.000000000000e+00,1.646614375329e-06,9.293226306679e+00,2.251830235528e-06,3.354141359774e-01,8.957812170702e+00,1.729009120266e-06,-8.239474493660e-08
131,0.000000000000e+00,1.641127095333e-06,9.215990006705e+00,2.239527484099e-06,3.367631023604e-01,8.879226904344e+00,1.729743788204e-06,-8.861669287090e-08
132,0.000000000000e+00,1.636030995152e-06,9.139819429256e+00,2.227531121723e-06,3.381083837556e-01,8.801711045501e+00,1.730729080107e-06,-9.469808495526e-08
133,0.000000000000e+00,1.631125315413e-06,9.064693335190e+00,2.215700990488e-06,3.394500398480e-01,8.725243295342e+00,1.731781908598e-06,-1.006565931855e-07
134,0.000000000000e+00,1.626363596120e-06,8.990591072706e+00,2.203975725007e-06,3.407881504556e-01,8.649802922250e+00,1.732869284787e-06,-1.065056886677e-07
135,0.000000000000e+00,1.621390121692e-06,8.917492532950e+00,2.192214544894e-06,3.421227751448e-01,8.575369757806e+00,1.733649797719e-06,-1.122596760272e-07
136,0.000000000000e+00,1.616885249377e-06,8.845378112224e+00,2.180706363569e-06,3.434539207025e-01,8.501924191522e+00,1.734811662268e-06,-1.179264128917e-07
137,0.000000000000e+00,1.612137867269e-06,8.774228726190e+00,2.169126411905e-06,3.447816011090e-01,8.429447125081e+00,1.735655197566e-06,-1.235173302961e-07
138,0.000000000000e+00,1.607991117029e-06,8.704025792640e+00,2.157730152941e-06,3.461058366514e-01,8.357919955989e+00,1.737029434234e-06,-1.290383172051e-07
139,0.000000000000e+00,1.604121128226e-06,8.634751209423e+00,2.146588789775e-06,3.474266476039e-01,8.287324561819e+00,1.738615441949e-06,-1.344943137225e-07
140,0.000000000000e+00,1.600687614756e-06,8.566387350202e+00,2.135622994337e-06,3.487440657950e-01,8.217643284407e+00,1.740580488574e-06,-1.398928738180e-07
141,0.000000000000e+00,1.597241932553e-06,8.498917029555e+00,2.124590704117e-06,3.500581092836e-01,8.148858920271e+00,1.742483887346e-06,-1.452419547930e-07
142,0.000000000000e+00,1.594049945614e-06,8.432323496449e+00,2.113587161179e-06,3.513687927992e-01,8.080954703649e+00,1.744594601172e-06,-1.505446555576e-07
143,0.000000000000e+00,1.591522867521e-06,8.366590422551e+00,2.102788851654e-06,3.526761315821e-01,8.013914290969e+00,1.747314031963e-06,-1.557911644429e-07
144,0.000000000000e+00,1.589404801147e-06,8.301701893484e+00,2.092085225780e-06,3.539801497349e-01,7.947721743749e+00,1.750394088007e-06,-1.609892868598e-07
145,0.000000000000e+00,1.587466258612e-06,8.237642384394e+00,2.081326205189e-06,3.552808575254e-01,7.882361526869e+00,1.753618549816e-06,-1.661522912033e-07
146,0.000000000000e+00,1.585933173549e-06,8.174396757199e+00,2.070609190663e-06,3.565782717903e-01,7.817818485409e+00,1.757219479814e-06,-1.712863062654e-07
147,0.000000000000e+00,1.584798974032e-06,8.111950242234e+00,2.059890358230e-06,3.578724045833e-01,7.754077837651e+00,1.761193984262e-06,-1.763950102304e-07
148,0.000000000000e+00,1.584435142046e-06,8.050288426437e+00,2.049319461711e-06,3.591632649383e-01,7.691125161499e+00,1.765920190744e-06,-1.814850486975e-07
149,0.000000000000e+00,1.584577659725e-06,7.989397241344e+00,2.038776609453e-06,3.604508527782e-01,7.628946388565e+00,1.771137662310e-06,-1.865600025852e-07
150,0.000000000000e+00,1.585318441516e-06,7.929262955801e+00,2.028282185040e-06,3.617351680744e-01,7.567527787727e+00,1.776939676901e-06,-1.916212353844e-07
151,0.000000000000e+00,1.586683851057e-06,7.869872167218e+00,2.017838261398e-06,3.630162122943e-01,7.506855954924e+00,1.783353695606e-06,-1.966698445488e-07
152,0.000000000000e+00,1.589235183352e-06,7.811211787398e+00,2.007686310479e-06,3.642939826038e-01,7.446917804794e+00,1.790942920243e-06,-2.017077368917e-07
153,0.000000000000e+00,1.591822240439e-06,7.753269034111e+00,1.997159158107e-06,3.655684732848e-01,7.387700560827e+00,1.798563654287e-06,-2.067414138478e-07
154,0.000000000000e+00,1.595087651421e-06,7.696031424813e+00,1.986612583493e-06,3.668396788609e-01,7.329191745952e+00,1.806856779696e-06,-2.117691282749e-07
155,0.000000000000e+00,1.599067250375e-06,7.639486764643e+00,1.976038610157e-06,3.681075905062e-01,7.271379174137e+00,1.815859885068e-06,-2.167926346931e-07
156,0.000000000000e+00,1.604376603586e-06,7.583623142514e+00,1.965753484962e-06,3.693722023820e-01,7.214250940132e+00,1.826191285470e-06,-2.218146818844e-07
157,0.000000000000e+00,1.610075054424e-06,7.528428916333e+00,1.955165636336e-06,3.706335021413e-01,7.157795414192e+00,1.836915540288e-06,-2.268404858639e-07
158,0.000000000000e+00,1.616873736683e-06,7.473892710276e+00,1.944657243680e-06,3.718914785894e-01,7.102001231687e+00,1.848746739919e-06,-2.318730032355e-07
159,0.000000000000e+00,1.624608576127e-06,7.420003405328e+00,1.934091163752e-06,3.731461189060e-01,7.046857286422e+00,1.861524016766e-06,-2.369154406389e-07
160,0.000000000000e+00,1.633971482264e-06,7.366750129969e+00,1.923872991971e-06,3.743974069705e-01,6.992352722999e+00,1.875939053486e-06,-2.419675712226e-07
161,0.000000000000e+00,1.644305184883e-06,7.314122260298e+00,1.913502875761e-06,3.756453315093e-01,6.938476928788e+00,1.891343400229e-06,-2.470382153459e-07
162,0.000000000000e+00,1.655898033992e-06,7.262109412401e+00,1.903165771755e-06,3.768898818193e-01,6.885219530582e+00,1.908022967179e-06,-2.521249331863e-07
163,0.000000000000e+00,1.668703106607e-06,7.210701446932e+00,1.892754129873e-06,3.781310640487e-01,6.832570382884e+00,1.925934992819e-06,-2.572318862117e-07
164,0.000000000000e+00,1.683154378032e-06,7.159888445636e+00,1.882369453976e-06,3.793688816974e-01,6.780519563939e+00,1.945522567881e-06,-2.623681898493e-07
165,0.000000000000e+00,1.699138082546e-06,7.109660715723e+00,1.872081500681e-06,3.806033484092e-01,6.729057367314e+00,1.966669951614e-06,-2.675318690679e-07
166,0.000000000000e+00,1.716643420076e-06,7.060008773763e+00,1.861811200293e-06,3.818344775553e-01,6.678174296207e+00,1.989370083832e-06,-2.727266637560e-07
167,0.000000000000e+00,1.735741817298e-06,7.010923333254e+00,1.851569108396e-06,3.830622713207e-01,6.627861061934e+00,2.013698510217e-06,-2.779566929192e-07
168,0.000000000000e+00,1.756385752231e-06,6.962395309420e+00,1.841325792701e-06,3.842867314527e-01,6.578108577968e+00,2.039606322279e-06,-2.832205700486e-07
169,0.000000000000e+00,1.778782722742e-06,6.914415813373e+00,1.831142119962e-06,3.855078592166e-01,6.528907954156e+00,2.067298708663e-06,-2.885159859217e-07
170,0.000000000000e+00,1.802842152357e-06,6.866976143941e+00,1.821024093657e-06,3.867256538500e-01,6.480250490091e+00,2.096686026132e-06,-2.938438737748e-07
171,0.000000000000e+00,1.828763847415e-06,6.820067785308e+00,1.811008347979e-06,3.879401152513e-01,6.432127670057e+00,2.127936619467e-06,-2.991727720524e-07
172,0.000000000000e+00,1.856553725640e-06,6.773682397464e+00,1.801120113387e-06,3.891512403597e-01,6.384531157104e+00,2.161048873683e-06,-3.044951480437e-07
173,0.000000000000e+00,1.886466617791e-06,6.727811814915e+00,1.791491663655e-06,3.903590259025e-01,6.337452789012e+00,2.196292036183e-06,-3.098254183920e-07
174,0.000000000000e+00,1.917733786000e-06,6.682448024776e+00,1.782269455936e-06,3.915634464760e-01,6.290884578300e+00,2.233048837841e-06,-3.153150518413e-07
175,0.000000000000e+00,1.952231827796e-06,6.637583099276e+00,1.772779628553e-06,3.927643736081e-01,6.244818725668e+00,2.272748521104e-06,-3.205166933078e-07
176,0.000000000000e+00,1.987665148744e-06,6.593209301183e+00,1.763635477992e-06,3.939617231278e-01,6.199247578055e+00,2.313967564616e-06,-3.263024158720e-07
177,0.000000000000e+00,2.025555921152e-06,6.549319081458e+00,1.754481389796e-06,3.951554558173e-01,6.154163625640e+00,2.357531692365e-06,-3.319757712131e-07
178,0.000000000000e+00,2.065360275541e-06,6.505905047578e+00,1.745474570103e-06,3.963455379416e-01,6.109559509637e+00,2.402816723035e-06,-3.374564474939e-07
179,0.000000000000e+00,2.106092344504e-06,6.462959967222e+00,1.736858735849e-06,3.975319516264e-01,6.065428015596e+00,2.449180800779e-06,-3.430884562752e-07
180,0.000000000000e+00,2.148076904742e-06,6.420476748882e+00,1.728537893320e-06,3.987146713865e-01,6.021762077496e+00,2.496833864662e-06,-3.487569599208e-07
181,0.000000000000e+00,2.191054727849e-06,6.378448447572e+00,1.720625654650e-06,3.998936788250e-01,5.978554768747e+00,2.545486467276e-06,-3.544317394265e-07
182,0.000000000000e+00,2.235844552222e-06,6.336868259681e+00,1.713053736307e-06,4.010689593604e-01,5.935799300321e+00,2.596030478363e-06,-3.601859261413e-07
183,0.000000000000e+00,2.281676034891e-06,6.295729530595e+00,1.705911078495e-06,4.022405185320e-01,5.893489012063e+00,2.647738038153e-06,-3.660620032618e-07
184,0.000000000000e+00,2.325379736857e-06,6.255025720949e+00,1.699989380252e-06,4.034083384930e-01,5.851617382456e+00,2.697840400634e-06,-3.724606637764e-07
185,0.000000000000e+00,2.371780576169e-06,6.214750400061e+00,1.694025756130e-06,4.045723752397e-01,5.810178024821e+00,2.750256925421e-06,-3.784763492522e-07
186,0.000000000000e+00,2.418058598295e-06,6.174897282017e+00,1.688804640188e-06,4.057326120872e-01,5.769164669930e+00,2.802783310663e-06,-3.847247123673e-07
187,0.000000000000e+00,2.463364825700e-06,6.135460201138e+00,1.684511877834e-06,4.068890284904e-01,5.728571172647e+00,2.854541674313e-06,-3.911768486128e-07
188,0.000000000000e+00,2.509956893206e-06,6.096433106599e+00,1.680727946277e-06,4.080416030118e-01,5.688391503587e+00,2.907710571709e-06,-3.977536785034e-07
189,0.000000000000e+00,2.557377937668e-06,6.057810066021e+00,1.677465818598e-06,4.091903172463e-01,5.648619748774e+00,2.961290658132e-06,-4.039127204647e-07
190,0.000000000000e+00,2.605973899661e-06,6.019585252857e+00,1.674725231562e-06,4.103351434190e-01,5.609250109438e+00,3.015505727844e-06,-4.095318281829e-07
191,0.000000000000e+00,2.649390487929e-06,5.981752979615e+00,1.673889937381e-06,4.114760904045e-01,5.570276889210e+00,3.064858800861e-06,-4.154683129320e-07
192,0.000000000000e+00,2.694987356270e-06,5.944307716942e+00,1.673232021077e-06,4.126132301285e-01,5.531694486813e+00,3.116052054053e-06,-4.210646977832e-07
193,0.000000000000e+00,2.755345539480e-06,5.907244101498e+00,1.669978364732e-06,4.137467093495e-01,5.493497392149e+00,3.180433489403e-06,-4.250879499226e-07
194,0.000000000000e+00,2.804646861392e-06,5.870556820724e+00,1.669748542432e-06,4.148766009354e-01,5.455680219789e+00,3.233903797917e-06,-4.292569365247e-07
195,0.000000000000e+00,2.838596439056e-06,5.834240688171e+00,1.673411724634e-06,4.160030068036e-01,5.418237681368e+00,3.272442553770e-06,-4.338461147141e-07
196,0.000000000000e+00,2.846139220283e-06,5.798290560180e+00,1.684002938152e-06,4.171259577943e-01,5.381164602385e+00,3.289167111065e-06,-4.430278907818e-07
197,0.000000000000e+00,2.853193162879e-06,5.762701373202e+00,1.695383656117e-06,4.182454637067e-01,5.344455909495e+00,3.304655842695e-06,-4.514626798157e-07
198,0.000000000000e+00,2.869361348566e-06,5.727468125212e+00,1.705274551150e-06,4.193614961712e-01,5.308106629041e+00,3.325959245959e-06,-4.565978973933e-07
199,0.000000000000e+00,2.911623299207e-06,5.692585923093e+00,1.710171543656e-06,4.204740532217e-01,5.272111869871e+00,3.368502788703e-06,-4.568794894962e-07
200,0.000000000000e+00,2.960284432821e-06,5.658049951285e+00,1.714343017226e-06,4.215831217378e-01,5.236466829547e+00,3.416377392096e-06,-4.560929592751e-07
201,0.000000000000e+00,3.011921344384e-06,5.623855479320e+00,1.718770700390e-06,4.226886866331e-01,5.201166792687e+00,3.467674027868e-06,-4.557526834840e-07
202,0.000000000000e+00,3.063593905573e-06,5.589997842206e+00,1.724024323399e-06,4.237907107750e-01,5.166207131431e+00,3.519707336141e-06,-4.561134305681e-07
203,0.000000000000e+00,3.109370605582e-06,5.556472474481e+00,1.731210391959e-06,4.248891805997e-01,5.131583293881e+00,3.566675128575e-06,-4.573045229925e-07
204,0.000000000000e+00,3.148887325982e-06,5.523274881527e+00,1.740182722296e-06,4.259840713094e-01,5.097290810217e+00,3.607693393859e-06,-4.588060678766e-07
205,0.000000000000e+00,3.179898097165e-06,5.490400636413e+00,1.751855628701e-06,4.270753378065e-01,5.063325298607e+00,3.640836186813e-06,-4.609380896484e-07
206,0.000000000000e+00,3.197878152319e-06,5.457845402123e+00,1.766589707998e-06,4.281629583887e-01,5.029682443734e+00,3.661844963809e-06,-4.639668114903e-07
207,0.000000000000e+00,3.207511336381e-06,5.425604904153e+00,1.783379579227e-06,4.292469000143e-01,4.996358004139e+00,3.674023588196e-06,-4.665122518149e-07
208,0.000000000000e+00,3.205859838903e-06,5.393674945992e+00,1.802674378465e-06,4.303271328647e-01,4.963347813128e+00,3.674324177971e-06,-4.684643390681e-07
209,0.000000000000e+00,3.195034363023e-06,5.362051403528e+00,1.824226873059e-06,4.314036277609e-01,4.930647775767e+00,3.665479965054e-06,-4.704456020308e-07
210,0.000000000000e+00,3.172800100083e-06,5.330730222129e+00,1.848204060809e-06,4.324763528300e-01,4.898253869299e+00,3.644343094300e-06,-4.715429942174e-07
211,0.000000000000e+00,3.130912035838e-06,5.299707416785e+00,1.875950407175e-06,4.335452776527e-01,4.866162139132e+00,3.602808752057e-06,-4.718967162188e-07
212,0.000000000000e+00,3.083815024348e-06,5.268979063907e+00,1.905155638755e-06,4.346103644216e-01,4.834368699485e+00,3.555241322173e-06,-4.714262978253e-07
213,0.000000000000e+00,3.031057372741e-06,5.238541301730e+00,1.935780967389e-06,4.356715706098e-01,4.802869731120e+00,3.501132826683e-06,-4.700754539424e-07
214,0.000000000000e+00,2.963500494785e-06,5.208390333913e+00,1.969324147540e-06,4.367288550871e-01,4.771661478826e+00,3.431561908324e-06,-4.680614135383e-07
215,0.000000000000e+00,2.873304150563e-06,5.178522434391e+00,2.006997866497e-06,4.377821851384e-01,4.740740249253e+00,3.338735744707e-06,-4.654315941439e-07
216,0.000000000000e+00,2.771510619204e-06,5.148933924127e+00,2.047134315147e-06,4.388315209054e-01,4.710102403221e+00,3.233558139221e-06,-4.620475200171e-07
217,0.000000000000e+00,2.655506591970e-06,5.119621192427e+00,2.090012543629e-06,4.398768213212e-01,4.679744371106e+00,3.112896423380e-06,-4.573898314091e-07
218,0.000000000000e+00,2.533624681938e-06,5.090580694052e+00,2.134545492083e-06,4.409180459051e-01,4.649662648147e+00,2.985283156176e-06,-4.516584742381e-07
219,0.000000000000e+00,2.393867934111e-06,5.061808943105e+00,2.182460752731e-06,4.419551579400e-01,4.619853785165e+00,2.839312291725e-06,-4.454443576140e-07
220,0.000000000000e+00,2.242593303772e-06,5.033302511169e+00,2.232574718965e-06,4.429881221790e-01,4.590314388990e+00,2.681424999318e-06,-4.388316955459e-07
221,0.000000000000e+00,2.078981050344e-06,5.005058021537e+00,2.285354982895e-06,4.440168993477e-01,4.561041122190e+00,2.510850077214e-06,-4.318690268700e-07
222,0.000000000000e+00,1.906729403608e-06,4.977072155325e+00,2.340191652447e-06,4.450414541842e-01,4.532030701141e+00,2.331152665819e-06,-4.244232622106e-07
223,0.000000000000e+00,1.726964499729e-06,4.949341645761e+00,2.396901569938e-06,4.460617501935e-01,4.503279895568e+00,2.143400711807e-06,-4.164362120782e-07
224,0.000000000000e+00,1.541054731055e-06,4.921863278552e+00,2.455383636694e-06,4.470777510500e-01,4.474785527502e+00,1.948961854070e-06,-4.079071230147e-07
225,0.000000000000e+00,1.344797070635e-06,4.894633883295e+00,2.516388803112e-06,4.480894141270e-01,4.446544469168e+00,1.743516058555e-06,-3.987189879208e-07
226,0.000000000000e+00,1.141039728888e-06,4.867650338560e+00,2.579101879042e-06,4.490966990163e-01,4.418553639543e+00,1.529938147504e-06,-3.888984186160e-07
227,0.000000000000e+00,9.307376240796e-07,4.840909579589e+00,2.643456803949e-06,4.500995646060e-01,4.390810014983e+00,1.309213801759e-06,-3.784761776794e-07
228,0.000000000000e+00,7.240215746064e-07,4.814408589227e+00,2.708513782260e-06,4.510979703419e-01,4.363310618885e+00,1.091645767060e-06,-3.676241924532e-07
229,0.000000000000e+00,5.102267262554e-07,4.788144399940e+00,2.774666317266e-06,4.520918786474e-01,4.336052521293e+00,8.663600594150e-07,-3.561333331596e-07
230,0.000000000000e+00,2.987642853782e-07,4.762114090269e+00,2.840672674628e-06,4.530812526298e-01,4.309032837639e+00,6.429639554384e-07,-3.441996700602e-07
231,0.000000000000e+00,9.264629167657e-08,4.736314781849e+00,2.906387133642e-06,4.540660533496e-01,4.282248728499e+00,4.241779521241e-07,-3.315316604476e-07
232,0.000000000000e+00,-1.208922829421e-07,4.710743639072e+00,2.973636383762e-06,4.550462403501e-01,4.255697398722e+00,1.976021372085e-07,-3.184944201507e-07
233,0.000000000000e+00,-3.409329552900e-07,4.685397866682e+00,3.042759413766e-06,4.560217699607e-01,4.229376096722e+00,-3.552933192097e-08,-3.054036233690e-07
234,0.000000000000e+00,-5.664882443621e-07,4.660274707328e+00,3.113334754199e-06,4.569925939231e-01,4.203282113405e+00,-2.740348577224e-07,-2.924533866397e-07
235,0.000000000000e+00,-7.928794963441e-07,4.635371451817e+00,3.184024078050e-06,4.579586706806e-01,4.177412781136e+00,-5.142760558241e-07,-2.786034405200e-07
236,0.000000000000e+00,-1.019938449517e-06,4.610685434387e+00,3.254869183587e-06,4.589199604857e-01,4.151765473901e+00,-7.560566126774e-07,-2.638818368391e-07
237,0.000000000000e+00,-1.246593058736e-06,4.586214029581e+00,3.325635349591e-06,4.598764236830e-01,4.126337605898e+00,-9.982369700012e-07,-2.483560887345e-07
238,0.000000000000e+00,-1.475196440173e-06,4.561954650511e+00,3.396653094390e-06,4.608280195155e-01,4.101126630995e+00,-1.243025573361e-06,-2.321708668122e-07
239,0.000000000000e+00,-1.709267952225e-06,4.537904747827e+00,3.466050128072e-06,4.617747103789e-01,4.076130037448e+00,-1.491501340073e-06,-2.177666121525e-07
240,0.000000000000e+00,-1.943344169522e-06,4.514061814262e+00,3.534263938020e-06,4.627164584167e-01,4.051345355845e+00,-1.739715660365e-06,-2.036285091573e-07
241,0.000000000000e+00,-2.168585485600e-06,4.490423379163e+00,3.600921598004e-06,4.636532226242e-01,4.026770156539e+00,-1.979254063922e-06,-1.893314216777e-07
242,0.000000000000e+00,-2.386592286978e-06,4.466987012604e+00,3.666779900846e-06,4.645849658924e-01,4.002402046711e+00,-2.211795430807e-06,-1.747968561717e-07
243,0.000000000000e+00,-2.598941186053e-06,4.443750310111e+00,3.732054657759e-06,4.655116429244e-01,3.978238667186e+00,-2.439415117850e-06,-1.595260682033e-07
244,0.000000000000e+00,-2.805326254293e-06,4.420710906244e+00,3.798488037534e-06,4.664332147046e-01,3.954277691539e+00,-2.662914068530e-06,-1.424121857628e-07
245,0.000000000000e+00,-3.005502231483e-06,4.397866472529e+00,3.866354799691e-06,4.673496426253e-01,3.930516829904e+00,-2.882340506466e-06,-1.231617250174e-07
246,0.000000000000e+00,-3.199321519416e-06,4.375214717325e+00,3.934377571265e-06,4.682608899362e-01,3.906953827389e+00,-3.096587188056e-06,-1.027343313597e-07
247,0.000000000000e+00,-3.386457610118e-06,4.352753380222e+00,4.002123611260e-06,4.691669184692e-01,3.883586461753e+00,-3.304783692815e-06,-8.167391730290e-08
248,0.000000000000e+00,-3.565375376227e-06,4.330480235177e+00,4.071336832642e-06,4.700676905115e-01,3.860412544665e+00,-3.505225442429e-06,-6.014993379766e-08
249,0.000000000000e+00,-3.735502407510e-06,4.308393097271e+00,4.139724825792e-06,4.709631740620e-01,3.837429923209e+00,-3.697543322023e-06,-3.795908548685e-08
250,0.000000000000e+00,-3.898372863111e-06,4.286489799940e+00,4.206948033808e-06,4.718533313910e-01,3.814636468549e+00,-3.882408075723e-06,-1.596478738835e-08
251,0.000000000000e+00,-4.053806682191e-06,4.264768214651e+00,4.273093776198e-06,4.727381324800e-01,3.792030082171e+00,-4.059052313071e-06,5.245630879756e-09
252,0.000000000000e+00,-4.197735770259e-06,4.243226247537e+00,4.338577680918e-06,4.736175480602e-01,3.769608699477e+00,-4.223606131420e-06,2.587036116103e-08
253,0.000000000000e+00,-4.330243751237e-06,4.221861823460e+00,4.402104176545e-06,4.744915349106e-01,3.747370288549e+00,-4.376163548092e-06,4.591979685517e-08
254,0.000000000000e+00,-4.453052119960e-06,4.200672877368e+00,4.463660592976e-06,4.753600370123e-01,3.725312840356e+00,-4.518364845690e-06,6.531272573034e-08
255,0.000000000000e+00,-4.563989964652e-06,4.179657389478e+00,4.523037996340e-06,4.762230138462e-01,3.703434375631e+00,-4.648139567826e-06,8.414960317362e-08
256,0.000000000000e+00,-4.662217270983e-06,4.158813373308e+00,4.579930138832e-06,4.770804295494e-01,3.681732943758e+00,-4.765172622767e-06,1.029553517839e-07
257,0.000000000000e+00,-4.745262041324e-06,4.138138859405e+00,4.633868077412e-06,4.779322370208e-01,3.660206622384e+00,-4.866782294083e-06,1.215202527593e-07
258,0.000000000000e+00,-4.813259090472e-06,4.117631913831e+00,4.684781525245e-06,4.787783976617e-01,3.638853516170e+00,-4.953058987595e-06,1.397998971231e-07
259,0.000000000000e+00,-4.866499046532e-06,4.097290626002e+00,4.732649805848e-06,4.796188680157e-01,3.617671757986e+00,-5.024366721285e-06,1.578676747530e-07
260,0.000000000000e+00,-4.908210426479e-06,4.077113114363e+00,4.778041663409e-06,4.804536084886e-01,3.596659505874e+00,-5.082462068429e-06,1.742516419498e-07
261,0.000000000000e+00,-4.935283165637e-06,4.057097509963e+00,4.820688316191e-06,4.812825653397e-01,3.575814944623e+00,-5.124418787555e-06,1.891356219185e-07
262,0.000000000000e+00,-4.946846729459e-06,4.037241975299e+00,4.860239225996e-06,4.821056909505e-01,3.555136284349e+00,-5.149630790791e-06,2.027840613314e-07
263,0.000000000000e+00,-4.947265990165e-06,4.017544700847e+00,4.897397634360e-06,4.829229416064e-01,3.534621759240e+00,-5.161622982724e-06,2.143569925593e-07
264,0.000000000000e+00,-4.932197956875e-06,3.998003910534e+00,4.931786829272e-06,4.837342850204e-01,3.514269625514e+00,-5.156547321777e-06,2.243493649025e-07
265,0.000000000000e+00,-4.905387749352e-06,3.978617846673e+00,4.964309069322e-06,4.845396799639e-01,3.494078166710e+00,-5.137867345961e-06,2.324795966096e-07
266,0.000000000000e+00,-4.866564549472e-06,3.959384766462e+00,4.995018931198e-06,4.853390766268e-01,3.474045689835e+00,-5.105846714287e-06,2.392821648154e-07
267,0.000000000000e+00,-4.811999458089e-06,3.940302952280e+00,5.023032992397e-06,4.861324274670e-01,3.454170524813e+00,-5.056597857545e-06,2.445983994554e-07
268,0.000000000000e+00,-4.727102133309e-06,3.921370713813e+00,5.047673292017e-06,4.869196897526e-01,3.434451024060e+00,-4.975421596470e-06,2.483194631612e-07
269,0.000000000000e+00,-4.612446109550e-06,3.902586380207e+00,5.068877465528e-06,4.877008177693e-01,3.414885562437e+00,-4.862529740635e-06,2.500836310849e-07
270,0.000000000000e+00,-4.471541064188e-06,3.883948305542e+00,5.088470239438e-06,4.884757692473e-01,3.395472536294e+00,-4.720301154670e-06,2.487600904823e-07
271,0.000000000000e+00,-4.302489186842e-06,3.865454869228e+00,5.106362031982e-06,4.892445053564e-01,3.376210363872e+00,-4.546777944703e-06,2.442887578613e-07
272,0.000000000000e+00,-4.115747668625e-06,3.847104469669e+00,5.123346517238e-06,4.900069869783e-01,3.357097482691e+00,-4.353037691612e-06,2.372900229876e-07
273,0.000000000000e+00,-3.909038153049e-06,3.828895524197e+00,5.140594598926e-06,4.907631707698e-01,3.338132353427e+00,-4.136938328458e-06,2.279001754093e-07
274,0.000000000000e+00,-3.686088568418e-06,3.810826469553e+00,5.157863405936e-06,4.915130124856e-01,3.319313457068e+00,-3.903033897801e-06,2.169453293824e-07
275,0.000000000000e+00,-3.451262964872e-06,3.792895763259e+00,5.175795292786e-06,4.922564683627e-01,3.300639294897e+00,-3.655758921667e-06,2.044959567949e-07
276,0.000000000000e+00,-3.199996753399e-06,3.775101882476e+00,5.193397460912e-06,4.929934942408e-01,3.282108388235e+00,-3.390169832501e-06,1.901730791027e-07
277,0.000000000000e+00,-2.932796814323e-06,3.757443330123e+00,5.212873351521e-06,4.937240542925e-01,3.263719275831e+00,-3.103947319810e-06,1.711505054872e-07
278,0.000000000000e+00,-2.643368998540e-06,3.739918629301e+00,5.231855677225e-06,4.944481140298e-01,3.245470515271e+00,-2.791458021789e-06,1.480890232488e-07
279,0.000000000000e+00,-2.325716964234e-06,3.722526314308e+00,5.250965455270e-06,4.951656307017e-01,3.227360683606e+00,-2.446566652381e-06,1.208496881470e-07
280,0.000000000000e+00,-1.968684582377e-06,3.705264945150e+00,5.268223100034e-06,4.958765687865e-01,3.209388376363e+00,-2.060484708549e-06,9.180012617259e-08
281,0.000000000000e+00,-1.570786961915e-06,3.688133106442e+00,5.283865094387e-06,4.965808991087e-01,3.191552207333e+00,-1.630630971111e-06,5.984400919625e-08
282,0.000000000000e+00,-1.134602590012e-06,3.671129388386e+00,5.299542484932e-06,4.972785767630e-01,3.173850811623e+00,-1.158662005368e-06,2.405941535669e-08
283,0.000000000000e+00,-6.559857320698e-07,3.654252403284e+00,5.315486985416e-06,4.979695628032e-01,3.156282840481e+00,-6.395516698177e-07,-1.643406225211e-08
284,0.000000000000e+00,-1.278299371955e-07,3.637500717228e+00,5.330034948972e-06,4.986537557757e-01,3.138846961452e+00,-6.667158333751e-08,-6.115835385801e-08
285,0.000000000000e+00,4.570574667702e-07,3.620872710824e+00,5.345617200871e-06,4.993308522840e-01,3.121541858540e+00,5.660651660189e-07,-1.090076992487e-07
286,0.000000000000e+00,1.128257817212e-06,3.604367082044e+00,5.359174284118e-06,5.000008510301e-01,3.104366231014e+00,1.287394627514e-06,-1.591368103014e-07
287,0.000000000000e+00,1.881378017759e-06,3.587982422702e+00,5.368501676768e-06,5.006636254347e-01,3.087318797267e+00,2.092645882273e-06,-2.112678645144e-07
288,0.000000000000e+00,2.723023647769e-06,3.571717394376e+00,5.375237094360e-06,5.013191028436e-01,3.070398291532e+00,2.989973380829e-06,-2.669497330605e-07
289,0.000000000000e+00,3.652311615215e-06,3.555570724048e+00,5.380405247071e-06,5.019672542237e-01,3.053603469824e+00,3.979180352554e-06,-3.268687373385e-07
290,0.000000000000e+00,4.682015563329e-06,3.539541099738e+00,5.383445146945e-06,5.026080023907e-01,3.036933097348e+00,5.073402318534e-06,-3.913867552053e-07
291,0.000000000000e+00,5.789464085443e-06,3.523627176710e+00,5.386710313235e-06,5.032412242179e-01,3.020385952492e+00,6.249434138433e-06,-4.599700529902e-07
292,0.000000000000e+00,6.989270453942e-06,3.507827743774e+00,5.388104162611e-06,5.038669114131e-01,3.003960832361e+00,7.519607577944e-06,-5.303371240018e-07
293,0.000000000000e+00,8.305462454907e-06,3.492141587505e+00,5.384010696122e-06,5.044850341447e-01,2.987656553360e+00,8.907520992418e-06,-6.020585375118e-07
294,0.000000000000e+00,9.742618188248e-06,3.476567495532e+00,5.374422621239e-06,5.050955557978e-01,2.971471939735e+00,1.041926269682e-05,-6.766445085722e-07
295,0.000000000000e+00,1.128896575005e-05,3.461104158670e+00,5.361956087128e-06,5.056983297409e-01,2.955405828929e+00,1.204471415794e-05,-7.557484078922e-07
296,0.000000000000e+00,1.294224882399e-05,3.445750413634e+00,5.347025103269e-06,5.062933384973e-01,2.939457075136e+00,1.378182116635e-05,-8.395723423529e-07
297,0.000000000000e+00,1.471557332715e-05,3.430505079602e+00,5.328790828943e-06,5.068805320363e-01,2.923624547566e+00,1.564388280342e-05,-9.283094762780e-07
298,0.000000000000e+00,1.661467571589e-05,3.415367006102e+00,5.307097506679e-06,5.074598754515e-01,2.907907130650e+00,1.763435210686e-05,-1.019676390974e-06
299,0.000000000000e+00,1.860902157947e-05,3.400335033087e+00,5.288215696307e-06,5.080313107905e-01,2.892303722296e+00,1.972276965881e-05,-1.113748079334e-06
300,0.000000000000e+00,2.075365620155e-05,3.385407989530e+00,5.263170302326e-06,5.085947578179e-01,2.876813231712e+00,2.196530072093e-05,-1.211644519381e-06
301,0.000000000000e+00,2.303066955213e-05,3.370584719202e+00,5.237882154348e-06,5.091501366972e-01,2.861434582505e+00,2.434442702079e-05,-1.313757468663e-06
302,0.000000000000e+00,2.542168157180e-05,3.355864178383e+00,5.216743696690e-06,5.096974692128e-01,2.846166709170e+00,2.684414913948e-05,-1.422467567675e-06
303,0.000000000000e+00,2.797991527319e-05,3.341245253661e+00,5.191518388861e-06,5.102366914897e-01,2.831008562171e+00,2.951600673073e-05,-1.536091457543e-06
304,0.000000000000e+00,3.076472493165e-05,3.326726871674e+00,5.151300704276e-06,5.107677695724e-01,2.815959102101e+00,3.241608533616e-05,-1.651360404516e-06
305,0.000000000000e+00,3.373488331159e-05,3.312307963586e+00,5.104539728407e-06,5.112906603673e-01,2.801017303219e+00,3.550245384318e-05,-1.767570531593e-06
306,0.000000000000e+00,3.687471024762e-05,3.297987470329e+00,5.055987759822e-06,5.118053170277e-01,2.786182153302e+00,3.876147033746e-05,-1.886760089837e-06
307,0.000000000000e+00,4.015372696442e-05,3.283764292862e+00,5.013272626295e-06,5.123116437590e-01,2.771452649103e+00,4.216814093216e-05,-2.014413967748e-06
308,0.000000000000e+00,4.361203802712e-05,3.269637334618e+00,4.969218465614e-06,5.128095298248e-01,2.756827804793e+00,4.575737648030e-05,-2.145338453182e-06
309,0.000000000000e+00,4.729854242498e-05,3.255605572003e+00,4.914004039541e-06,5.132989271512e-01,2.742306644851e+00,4.957515290060e-05,-2.276610475625e-06
310,0.000000000000e+00,5.119790754864e-05,3.241667978158e+00,4.850636879355e-06,5.137797754454e-01,2.727888202712e+00,5.360604606083e-05,-2.408138512195e-06
311,0.000000000000e+00,5.534140789963e-05,3.227823548882e+00,4.774788786882e-06,5.142520247784e-01,2.713571524103e+00,5.788164828879e-05,-2.540240389159e-06
312,0.000000000000e+00,5.972260815583e-05,3.214071276943e+00,4.687870917439e-06,5.147156091278e-01,2.699355667815e+00,6.239793496160e-05,-2.675326805770e-06
313,0.000000000000e+00,6.432941647764e-05,3.200410119872e+00,4.593116189805e-06,5.151704156250e-01,2.685239704247e+00,6.714308888792e-05,-2.813672410274e-06
314,0.000000000000e+00,6.916168073122e-05,3.186839022966e+00,4.488748643020e-06,5.156163107308e-01,2.671222712235e+00,7.211931827716e-05,-2.957637545943e-06
315,0.000000000000e+00,7.421692376519e-05,3.173356937473e+00,4.376819993865e-06,5.160531550195e-01,2.657303782453e+00,7.731893068982e-05,-3.102006924630e-06
316,0.000000000000e+00,7.945562541731e-05,3.159962906132e+00,4.266223032331e-06,5.164808913680e-01,2.643482014764e+00,8.270311648334e-05,-3.247491066033e-06
317,0.000000000000e+00,8.488280179003e-05,3.146655964154e+00,4.157193819881e-06,5.168994448175e-01,2.629756519336e+00,8.828008507256e-05,-3.397283282530e-06
318,0.000000000000e+00,9.050569150277e-05,3.133435234042e+00,4.048497769624e-06,5.173088149907e-01,2.616126419051e+00,9.405603693843e-05,-3.550345435659e-06
319,0.000000000000e+00,9.631927610887e-05,3.120299838461e+00,3.943051704536e-06,5.177089923052e-01,2.602590846156e+00,1.000253347587e-04,-3.706058649826e-06
320,0.000000000000e+00,1.023333896505e-04,3.107248792940e+00,3.838576626919e-06,5.180998571216e-01,2.589148935819e+00,1.062003442314e-04,-3.866954580939e-06
321,0.000000000000e+00,1.085250502773e-04,3.094281189057e+00,3.740588276901e-06,5.184813501734e-01,2.575799838884e+00,1.125561030600e-04,-4.031052782679e-06
322,0.000000000000e+00,1.148750979475e-04,3.081396193569e+00,3.653342915105e-06,5.188534730399e-01,2.562542720529e+00,1.190716903189e-04,-4.196592371382e-06
323,0.000000000000e+00,1.214115863351e-04,3.068592816018e+00,3.573597884235e-06,5.192160613042e-01,2.549376754714e+00,1.257746734585e-04,-4.363087123377e-06
324,0.000000000000e+00,1.281260333811e-04,3.055870202426e+00,3.503933862711e-06,5.195690866017e-01,2.536301115824e+00,1.326534474160e-04,-4.527414034838e-06
325,0.000000000000e+00,1.350048903453e-04,3.043227609151e+00,3.447676930612e-06,5.199126158384e-01,2.523314993313e+00,1.396971284822e-04,-4.692238136896e-06
326,0.000000000000e+00,1.420755865743e-04,3.030664093894e+00,3.398135187890e-06,5.202465039313e-01,2.510417589962e+00,1.469361907241e-04,-4.860604149861e-06
327,0.000000000000e+00,1.493069715012e-04,3.018178755544e+00,3.366124921050e-06,5.205706519098e-01,2.497608103634e+00,1.543414516230e-04,-5.034480121785e-06
328,0.000000000000e+00,1.567157824049e-04,3.005770755588e+00,3.347574125817e-06,5.208850044611e-01,2.484885751127e+00,1.619250060867e-04,-5.209223681857e-06
329,0.000000000000e+00,1.642518213070e-04,2.993439242046e+00,3.354739268116e-06,5.211894830843e-01,2.472249758962e+00,1.696353027580e-04,-5.383481451050e-06
330,0.000000000000e+00,1.719418159716e-04,2.981183366531e+00,3.383275893956e-06,5.214840089846e-01,2.459699357547e+00,1.774985387227e-04,-5.556722751139e-06
331,0.000000000000e+00,1.797465741366e-04,2.969002306570e+00,3.440709772665e-06,5.217685263835e-01,2.447233780187e+00,1.854775042163e-04,-5.730930079653e-06
332,0.000000000000e+00,1.876733188859e-04,2.956895205346e+00,3.520841991414e-06,5.220429301206e-01,2.434852275226e+00,1.935785036344e-04,-5.905184748514e-06
333,0.000000000000e+00,1.957371580354e-04,2.944861262606e+00,3.619566466745e-06,5.223071706211e-01,2.422554091985e+00,2.018138847929e-04,-6.076726757479e-06
334,0.000000000000e+00,2.038065422318e-04,2.932899858203e+00,3.771168888958e-06,5.225613960781e-01,2.410338462125e+00,2.100578286000e-04,-6.251286368175e-06
335,0.000000000000e+00,2.120164829296e-04,2.921010327997e+00,3.957838128441e-06,5.228056883808e-01,2.398204639616e+00,2.184444500711e-04,-6.427967141481e-06
336,0.000000000000e+00,2.203732542789e-04,2.909191802777e+00,4.179621421407e-06,5.230398671154e-01,2.386151935661e+00,2.269811571310e-04,-6.607902852109e-06
337,0.000000000000e+00,2.288743135351e-04,2.897443425060e+00,4.435451105247e-06,5.232637603262e-01,2.374179664734e+00,2.356631231383e-04,-6.788809603251e-06
338,0.000000000000e+00,2.374986297841e-04,2.885764355533e+00,4.728372657956e-06,5.234772152662e-01,2.362287140266e+00,2.444652123777e-04,-6.966582593607e-06
339,0.000000000000e+00,2.462213414987e-04,2.874153814392e+00,5.065707199672e-06,5.236801366931e-01,2.350473677699e+00,2.533589253438e-04,-7.137583845172e-06
340,0.000000000000e+00,2.550403202735e-04,2.862611052539e+00,5.448783814560e-06,5.238724509628e-01,2.338738601576e+00,2.623439798963e-04,-7.303659622816e-06
341,0.000000000000e+00,2.639789793693e-04,2.851135274370e+00,5.873344916696e-06,5.240540352053e-01,2.327081239165e+00,2.714492975724e-04,-7.470318203074e-06
342,0.000000000000e+00,2.730424631661e-04,2.839725686988e+00,6.339225954541e-06,5.242247673976e-01,2.315500919591e+00,2.806781645172e-04,-7.635701351110e-06
343,0.000000000000e+00,2.822395843518e-04,2.828381489622e+00,6.844432377112e-06,5.243845064154e-01,2.303996983207e+00,2.900415231702e-04,-7.801938818415e-06
344,0.000000000000e+00,2.915515963005e-04,2.817101941901e+00,7.391621230410e-06,5.245331726283e-01,2.292568769272e+00,2.995204128726e-04,-7.968816572106e-06
345,0.000000000000e+00,3.009642972325e-04,2.805886321420e+00,7.984434867117e-06,5.246706909358e-01,2.281215630484e+00,3.090955180219e-04,-8.131220789420e-06
346,0.000000000000e+00,3.104860775841e-04,2.794733856422e+00,8.619672598617e-06,5.247969318371e-01,2.269936924585e+00,3.187761692835e-04,-8.290091699410e-06
347,0.000000000000e+00,3.201166118565e-04,2.783643803598e+00,9.297726564189e-06,5.249117816662e-01,2.258732021931e+00,3.285621419740e-04,-8.445530117546e-06
348,0.000000000000e+00,3.298597833399e-04,2.772615403222e+00,1.002221297546e-05,5.250151067771e-01,2.247600296445e+00,3.384576318496e-04,-8.597848509687e-06
349,0.000000000000e+00,3.397181955446e-04,2.761647901830e+00,1.079242915378e-05,5.251067722871e-01,2.236541129543e+00,3.484680480677e-04,-8.749852523028e-06
350,0.000000000000e+00,3.496814289449e-04,2.750740604107e+00,1.160816798514e-05,5.251866947515e-01,2.225553909355e+00,3.585808949372e-04,-8.899465992351e-06
351,0.000000000000e+00,3.597718901472e-04,2.739892768140e+00,1.246137330110e-05,5.252547329937e-01,2.214638035146e+00,3.688163667632e-04,-9.044476615925e-06
352,0.000000000000e+00,3.699797851251e-04,2.729103635213e+00,1.335258311129e-05,5.253107140446e-01,2.203792921168e+00,3.791674724156e-04,-9.187687290540e-06
353,0.000000000000e+00,3.803165785964e-04,2.718372468689e+00,1.427652556034e-05,5.253544949897e-01,2.193017973699e+00,3.896438340925e-04,-9.327255496117e-06
354,0.000000000000e+00,3.907666544153e-04,2.707698597990e+00,1.523646611466e-05,5.253860025953e-01,2.182312595395e+00,4.002300805537e-04,-9.463426138356e-06
355,0.000000000000e+00,4.013105509296e-04,2.697081369244e+00,1.623990954164e-05,5.254051712642e-01,2.171676197980e+00,4.109044265635e-04,-9.593875633946e-06
356,0.000000000000e+00,4.121514070174e-04,2.686520105317e+00,1.739886412053e-05,5.254118984874e-01,2.161108206829e+00,4.218688665097e-04,-9.717459492291e-06
357,0.000000000000e+00,4.236135099178e-04,2.676014043906e+00,1.888623650856e-05,5.254059596678e-01,2.150608084238e+00,4.334515922939e-04,-9.838082376107e-06
358,0.000000000000e+00,4.353624301701e-04,2.665562408432e+00,2.050269737920e-05,5.253871299503e-01,2.140175278482e+00,4.453188487123e-04,-9.956418542174e-06
359,0.000000000000e+00,4.473592957561e-04,2.655164508496e+00,2.222868565520e-05,5.253552868879e-01,2.129809221608e+00,4.574308389761e-04,-1.007154321994e-05
360,0.000000000000e+00,4.595224681786e-04,2.644819671666e+00,2.401895330104e-05,5.253103180503e-01,2.119509353616e+00,4.697053448226e-04,-1.018287664399e-05
361,0.000000000000e+00,4.718649153056e-04,2.634527260319e+00,2.588287607187e-05,5.252521401740e-01,2.109275120145e+00,4.821532210743e-04,-1.028830576866e-05
362,0.000000000000e+00,4.844428314319e-04,2.624286618497e+00,2.783926395437e-05,5.251806444141e-01,2.099105974083e+00,4.948322311914e-04,-1.038939975954e-05
363,0.000000000000e+00,4.972414616329e-04,2.614097103271e+00,2.987734318216e-05,5.250957239722e-01,2.089001379299e+00,5.077284330978e-04,-1.048697146491e-05
364,0.000000000000e+00,5.102220438418e-04,2.603958110968e+00,3.198095911212e-05,5.249973071859e-01,2.078960803782e+00,5.208030929076e-04,-1.058104906583e-05
365,0.000000000000e+00,5.234356951045e-04,2.593868970654e+00,3.416165706858e-05,5.248852473420e-01,2.068983723312e+00,5.341068119845e-04,-1.067111687998e-05
366,0.000000000000e+00,5.368585286828e-04,2.583828881211e+00,3.642141795740e-05,5.247592593461e-01,2.059069621865e+00,5.476147674857e-04,-1.075623880287e-05
367,0.000000000000e+00,5.504927602572e-04,2.573836945921e+00,3.875434645643e-05,5.246189592076e-01,2.049217986714e+00,5.613302617963e-04,-1.083750153910e-05
368,0.000000000000e+00,5.643020165133e-04,2.563892184502e+00,4.115665734974e-05,5.244638735877e-01,2.039428310914e+00,5.752154943887e-04,-1.091347787534e-05
369,0.000000000000e+00,5.782981137862e-04,2.553993987354e+00,4.362414962543e-05,5.242938954568e-01,2.029700091897e+00,5.892828556827e-04,-1.098474189656e-05
370,0.000000000000e+00,5.924960979088e-04,2.544141800981e+00,4.618367859928e-05,5.241089656162e-01,2.020032835365e+00,6.035482686207e-04,-1.105217071189e-05
371,0.000000000000e+00,6.068076721138e-04,2.534335033025e+00,4.880993549695e-05,5.239089847814e-01,2.010426048243e+00,6.179238563598e-04,-1.111618424601e-05
372,0.000000000000e+00,6.213193884786e-04,2.524573113843e+00,5.150971634035e-05,5.236938677788e-01,2.000879246065e+00,6.324959182334e-04,-1.117652975485e-05
373,0.000000000000e+00,6.360121519721e-04,2.514855528815e+00,5.428005196317e-05,5.234635783680e-01,1.991391950447e+00,6.472438103813e-04,-1.123165840917e-05
374,0.000000000000e+00,6.508343290089e-04,2.505181740389e+00,5.711553242828e-05,5.232180558550e-01,1.981963684534e+00,6.621173223759e-04,-1.128299336700e-05
375,0.000000000000e+00,6.658358375399e-04,2.495551158801e+00,6.002337428147e-05,5.229571815992e-01,1.972593977202e+00,6.771653645402e-04,-1.132952700024e-05
376,0.000000000000e+00,6.809494576110e-04,2.485963234067e+00,6.294575581958e-05,5.226808748319e-01,1.963282359235e+00,6.923209253911e-04,-1.137146778011e-05
377,0.000000000000e+00,6.959598225399e-04,2.476417492935e+00,6.575476460856e-05,5.223891389911e-01,1.954028353943e+00,7.073684909586e-04,-1.140866841874e-05
378,0.000000000000e+00,7.112245058617e-04,2.466913356311e+00,6.868723094887e-05,5.220818578829e-01,1.944831498428e+00,7.226688510482e-04,-1.144434518656e-05
379,0.000000000000e+00,7.267902446192e-04,2.457450214538e+00,7.176630575915e-05,5.217588591918e-01,1.935691355346e+00,7.382644076580e-04,-1.147416303875e-05
380,0.000000000000e+00,7.425250954171e-04,2.448027625030e+00,7.494279038517e-05,5.214201389167e-01,1.926607486114e+00,7.540238967960e-04,-1.149880137892e-05
381,0.000000000000e+00,7.584168664588e-04,2.438645122466e+00,7.819668292867e-05,5.210656710388e-01,1.917579451428e+00,7.699342527704e-04,-1.151738631159e-05
382,0.000000000000e+00,7.744959439290e-04,2.429302163322e+00,8.151699350488e-05,5.206953509719e-01,1.908606812350e+00,7.860292091033e-04,-1.153326517427e-05
383,0.000000000000e+00,7.907111958894e-04,2.419998217363e+00,8.490461821523e-05,5.203090838396e-01,1.899689133524e+00,8.022573950284e-04,-1.154619913902e-05
384,0.000000000000e+00,8.070610778040e-04,2.410732756035e+00,8.836362028743e-05,5.199067718312e-01,1.890825984203e+00,8.186151480009e-04,-1.155407019681e-05
385,0.000000000000e+00,8.235840663032e-04,2.401505242070e+00,9.190260117027e-05,5.194883000133e-01,1.882016942056e+00,8.351404286671e-04,-1.155636236396e-05
386,0.000000000000e+00,8.402450779096e-04,2.392315139715e+00,9.551631989489e-05,5.190535536063e-01,1.873261586109e+00,8.518000247056e-04,-1.155494679597e-05
387,0.000000000000e+00,8.570833638984e-04,2.383161950125e+00,9.924382168966e-05,5.186024495579e-01,1.864559500567e+00,8.686332098387e-04,-1.154984594030e-05
388,0.000000000000e+00,8.741106317776e-04,2.374045151754e+00,1.030974978848e-04,5.181348692524e-01,1.855910282502e+00,8.856513026272e-04,-1.154067084958e-05
389,0.000000000000e+00,8.912905210970e-04,2.364964208437e+00,1.070540012868e-04,5.176506762043e-01,1.847313532233e+00,9.028144366537e-04,-1.152391555664e-05
390,0.000000000000e+00,9.085744392590e-04,2.355918542370e+00,1.111278105959e-04,5.171496983105e-01,1.838768844060e+00,9.200781302928e-04,-1.150369103377e-05
391,0.000000000000e+00,9.260945262069e-04,2.346907653726e+00,1.153134399621e-04,5.166318325203e-01,1.830275821206e+00,9.375764841977e-04,-1.148195799078e-05
392,0.000000000000e+00,9.439494917186e-04,2.337931059779e+00,1.196316709397e-04,5.160969844554e-01,1.821834075324e+00,9.554071782290e-04,-1.145768651032e-05
393,0.000000000000e+00,9.621035471032e-04,2.328988400647e+00,1.241160373841e-04,5.155451702633e-01,1.813443230384e+00,9.735286088455e-04,-1.142506174236e-05
394,0.000000000000e+00,9.796064548456e-04,2.320079144796e+00,1.281441533964e-04,5.149762919622e-01,1.805102852833e+00,9.910008724266e-04,-1.139441758102e-05
395,0.000000000000e+00,9.966844388626e-04,2.311202949234e+00,1.318508315427e-04,5.143904664194e-01,1.796812482815e+00,1.008048989111e-03,-1.136455024846e-05
396,0.000000000000e+00,1.013771446165e-03,2.302359523360e+00,1.355372402089e-04,5.137878018768e-01,1.788571721483e+00,1.025103184423e-03,-1.133173825706e-05
397,0.000000000000e+00,1.031161321035e-03,2.293548348663e+00,1.393714565461e-04,5.131681365840e-01,1.780380212079e+00,1.042453193082e-03,-1.129187204732e-05
398,0.000000000000e+00,1.048786572751e-03,2.284768929167e+00,1.433312996757e-04,5.125313224347e-01,1.772237606732e+00,1.060036537646e-03,-1.124996489463e-05
399,0.000000000000e+00,1.066438617157e-03,2.276020841561e+00,1.472686889910e-04,5.118773102555e-01,1.764143531306e+00,1.077645820523e-03,-1.120720336666e-05
400,0.000000000000e+00,1.084136743300e-03,2.267303837639e+00,1.511950578747e-04,5.112062161977e-01,1.756097621441e+00,1.095298552198e-03,-1.116180889745e-05
401,0.000000000000e+00,1.101866621762e-03,2.258617555942e+00,1.551083002879e-04,5.105180349538e-01,1.748099520988e+00,1.112977119794e-03,-1.111049803241e-05
402,0.000000000000e+00,1.119946002432e-03,2.249961503967e+00,1.591744442165e-04,5.098126171310e-01,1.740148886836e+00,1.131006270784e-03,-1.106026835245e-05
403,0.000000000000e+00,1.138217743544e-03,2.241335189776e+00,1.633195720054e-04,5.090898115576e-01,1.732245378218e+00,1.149225229343e-03,-1.100748579887e-05
404,0.000000000000e+00,1.156597633617e-03,2.232738323088e+00,1.675037292428e-04,5.083496682964e-01,1.724388654792e+00,1.167546828489e-03,-1.094919487247e-05
405,0.000000000000e+00,1.175123516738e-03,2.224170554064e+00,1.717406136774e-04,5.075921778056e-01,1.716578376259e+00,1.186012645260e-03,-1.088912852200e-05
406,0.000000000000e+00,1.193696863891e-03,2.215631385706e+00,1.759834470356e-04,5.068171899994e-01,1.708814195706e+00,1.204526000752e-03,-1.082913686157e-05
407,0.000000000000e+00,1.212501646540e-03,2.207120420310e+00,1.803217793381e-04,5.060246465979e-01,1.701095773712e+00,1.223267719664e-03,-1.076607312425e-05
408,0.000000000000e+00,1.231450331309e-03,2.198637353560e+00,1.847246932173e-04,5.052145706426e-01,1.693422782917e+00,1.242147659859e-03,-1.069732855033e-05
409,0.000000000000e+00,1.250668074787e-03,2.190181739358e+00,1.892222042275e-04,5.043868523405e-01,1.685794887017e+00,1.261298959644e-03,-1.063088485695e-05
410,0.000000000000e+00,1.270051750933e-03,2.181753136320e+00,1.937816683400e-04,5.035413921885e-01,1.678211744131e+00,1.280613928657e-03,-1.056217772397e-05
411,0.000000000000e+00,1.289626469677e-03,2.173351220754e+00,1.984161053114e-04,5.026781921121e-01,1.670673028641e+00,1.300115589624e-03,-1.048911994642e-05
412,0.000000000000e+00,1.309406986186e-03,2.164975554904e+00,2.031180357360e-04,5.017971417065e-01,1.663178413197e+00,1.319822469522e-03,-1.041548333603e-05
413,0.000000000000e+00,1.329316188016e-03,2.156625666756e+00,2.078541268524e-04,5.008981102112e-01,1.655727556544e+00,1.339657146145e-03,-1.034095812848e-05
414,0.000000000000e+00,1.349438638365e-03,2.148301220677e+00,2.126471329843e-04,4.999810869320e-01,1.648320133745e+00,1.359700708140e-03,-1.026206977548e-05
415,0.000000000000e+00,1.369790792311e-03,2.140001802581e+00,2.175199331994e-04,4.990459708385e-01,1.640955831742e+00,1.379971582831e-03,-1.018079051976e-05
416,0.000000000000e+00,1.390221058881e-03,2.131726957871e+00,2.224110312826e-04,4.980926388278e-01,1.633634319044e+00,1.400321878027e-03,-1.010081914575e-05
417,0.000000000000e+00,1.410849253300e-03,2.123476306086e+00,2.273498655049e-04,4.971210419313e-01,1.626355264154e+00,1.420867095826e-03,-1.001784252567e-05
418,0.000000000000e+00,1.431687838840e-03,2.115249507041e+00,2.323237862294e-04,4.961311444968e-01,1.619118362544e+00,1.441619707934e-03,-9.931869093389e-06
419,0.000000000000e+00,1.452680749666e-03,2.107046145859e+00,2.373300113349e-04,4.951228533882e-01,1.611923292471e+00,1.462527247043e-03,-9.846497377806e-06
420,0.000000000000e+00,1.473730093102e-03,2.098865862790e+00,2.423467128984e-04,4.940961373563e-01,1.604769725433e+00,1.483490167173e-03,-9.760074071747e-06
421,0.000000000000e+00,1.494944606216e-03,2.090708296493e+00,2.474045304587e-04,4.930509416032e-01,1.597657354890e+00,1.504615148611e-03,-9.670542395164e-06
422,0.000000000000e+00,1.516361532009e-03,2.082573072552e+00,2.524906513405e-04,4.919872064481e-01,1.590585866104e+00,1.525943001356e-03,-9.581469347056e-06
423,0.000000000000e+00,1.537948902969e-03,2.074459740275e+00,2.575932644873e-04,4.909047949981e-01,1.583554945277e+00,1.547439410098e-03,-9.490507128624e-06
424,0.000000000000e+00,1.559647262827e-03,2.066367960243e+00,2.627029626794e-04,4.898036710776e-01,1.576564289165e+00,1.569045331031e-03,-9.398068204210e-06
425,0.000000000000e+00,1.581524263190e-03,2.058297373109e+00,2.678377760358e-04,4.886837839385e-01,1.569613589171e+00,1.590830119014e-03,-9.305855823930e-06
426,0.000000000000e+00,1.603557624524e-03,2.050247591283e+00,2.729961302664e-04,4.875450540564e-01,1.562702537227e+00,1.612770370926e-03,-9.212746401162e-06
427,0.000000000000e+00,1.625772750183e-03,2.042218207681e+00,2.781667410767e-04,4.863873728361e-01,1.555830834845e+00,1.634890662771e-03,-9.117912587080e-06
428,0.000000000000e+00,1.648191823426e-03,2.034208809634e+00,2.833568271664e-04,4.852106450929e-01,1.548998164541e+00,1.657215037385e-03,-9.023213959247e-06
429,0.000000000000e+00,1.670673488859e-03,2.026219055942e+00,2.885481380381e-04,4.840148276747e-01,1.542204228267e+00,1.679600980721e-03,-8.927491862423e-06
430,0.000000000000e+00,1.693277515537e-03,2.018248670550e+00,2.937123912203e-04,4.827999207846e-01,1.535448749765e+00,1.702108664559e-03,-8.831149022002e-06
431,0.000000000000e+00,1.716084708887e-03,2.010297253119e+00,2.988815749195e-04,4.815658245820e-01,1.528731428537e+00,1.724819593433e-03,-8.734884545903e-06
432,0.000000000000e+00,1.739233812247e-03,2.002364486062e+00,3.041105717447e-04,4.803125103178e-01,1.522051975744e+00,1.747871349401e-03,-8.637537154494e-06
433,0.000000000000e+00,1.762645089386e-03,1.994450081043e+00,3.093860075406e-04,4.790399574592e-01,1.515410123584e+00,1.771184460196e-03,-8.539370810386e-06
434,0.000000000000e+00,1.786282387867e-03,1.986553666363e+00,3.146922706952e-04,4.777480940680e-01,1.508805572295e+00,1.794723174685e-03,-8.440786817727e-06
435,0.000000000000e+00,1.810125946596e-03,1.978674921288e+00,3.200296202088e-04,4.764368769260e-01,1.502238044362e+00,1.818467427871e-03,-8.341481275296e-06
436,0.000000000000e+00,1.834206044913e-03,1.970813573821e+00,3.254404216494e-04,4.751063090160e-01,1.495707264804e+00,1.842446993084e-03,-8.240948170569e-06
437,0.000000000000e+00,1.858525024455e-03,1.962969278838e+00,3.308867873911e-04,4.737563458410e-01,1.489212932997e+00,1.866664740524e-03,-8.139716068491e-06
438,0.000000000000e+00,1.883067886930e-03,1.955141772114e+00,3.363641658406e-04,4.723870045115e-01,1.482754767603e+00,1.891105905928e-03,-8.038018998262e-06
439,0.000000000000e+00,1.907782764232e-03,1.947330759828e+00,3.418821785503e-04,4.709982587603e-01,1.476332501067e+00,1.915718098094e-03,-7.935333862658e-06
440,0.000000000000e+00,1.932723918691e-03,1.939535880446e+00,3.474293454599e-04,4.695900327098e-01,1.469945847736e+00,1.940555690113e-03,-7.831771421402e-06
441,0.000000000000e+00,1.957884200502e-03,1.931756843769e+00,3.530019585347e-04,4.681623026459e-01,1.463594541123e+00,1.965611897255e-03,-7.727696753063e-06
442,0.000000000000e+00,1.983196295724e-03,1.923993347541e+00,3.586012544265e-04,4.667150462445e-01,1.457278301297e+00,1.990819209836e-03,-7.622914111445e-06
443,0.000000000000e+00,2.008557381218e-03,1.916245135709e+00,3.642381518403e-04,4.652482799880e-01,1.450996855721e+00,2.016074541281e-03,-7.517160063850e-06
444,0.000000000000e+00,2.034064829409e-03,1.908511946449e+00,3.699076979499e-04,4.637620158207e-01,1.444749930629e+00,2.041475264351e-03,-7.410434942675e-06
445,0.000000000000e+00,2.059776183587e-03,1.900793487521e+00,3.756032794601e-04,4.622562291992e-01,1.438537258322e+00,2.067079157442e-03,-7.302973855348e-06
446,0.000000000000e+00,2.085596913893e-03,1.893089450378e+00,3.813516889798e-04,4.607308737519e-01,1.432358576626e+00,2.092791334602e-03,-7.194420709281e-06
447,0.000000000000e+00,2.111511315024e-03,1.885399482054e+00,3.871560263238e-04,4.591858724499e-01,1.426213609604e+00,2.118596332644e-03,-7.085017619749e-06
448,0.000000000000e+00,2.137484763318e-03,1.877723250831e+00,3.929983515867e-04,4.576211542323e-01,1.420102096599e+00,2.144459392178e-03,-6.974628859693e-06
449,0.000000000000e+00,2.163618632502e-03,1.870060455964e+00,3.988657325972e-04,4.560366758461e-01,1.414023780118e+00,2.170482284038e-03,-6.863651535574e-06
450,0.000000000000e+00,2.189924249867e-03,1.862410850562e+00,4.047597549133e-04,4.544324564822e-01,1.407978394080e+00,2.196676358807e-03,-6.752108939548e-06
451,0.000000000000e+00,2.216426277413e-03,1.854774180009e+00,4.106744238919e-04,4.528084930963e-01,1.401965686912e+00,2.223065930291e-03,-6.639652877992e-06
452,0.000000000000e+00,2.243105455261e-03,1.847150283611e+00,4.166136433457e-04,4.511648401061e-01,1.395985443505e+00,2.249631891337e-03,-6.526436075554e-06
453,0.000000000000e+00,2.269940383737e-03,1.839538978539e+00,4.225843959729e-04,4.495015548155e-01,1.390037423724e+00,2.276352572405e-03,-6.412188668172e-06
454,0.000000000000e+00,2.297005675807e-03,1.831940123439e+00,4.285692120499e-04,4.478187645140e-01,1.384121358925e+00,2.303303043632e-03,-6.297367825588e-06
455,0.000000000000e+00,2.324384951697e-03,1.824353559377e+00,4.345513962063e-04,4.461165583774e-01,1.378237000999e+00,2.330566939103e-03,-6.181987406237e-06
456,0.000000000000e+00,2.352081839416e-03,1.816779191675e+00,4.405089332787e-04,4.443950973316e-01,1.372384094344e+00,2.358148398226e-03,-6.066558809988e-06
457,0.000000000000e+00,2.379942391305e-03,1.809217167876e+00,4.464685435230e-04,4.426547870928e-01,1.366562380783e+00,2.385893345404e-03,-5.950954099663e-06
458,0.000000000000e+00,2.407996302021e-03,1.801667575148e+00,4.524268756082e-04,4.408959416545e-01,1.360771633493e+00,2.413831486488e-03,-5.835184467130e-06
459,0.000000000000e+00,2.436163256485e-03,1.794130354571e+00,4.583939672752e-04,4.391187280444e-01,1.355011626527e+00,2.441882275509e-03,-5.719019024082e-06
460,0.000000000000e+00,2.464451515629e-03,1.786605342325e+00,4.643623788846e-04,4.373232145954e-01,1.349282127730e+00,2.470053331424e-03,-5.601815794266e-06
461,0.000000000000e+00,2.492827133318e-03,1.779092447286e+00,4.703153685331e-04,4.355094670549e-01,1.343582980231e+00,2.498311790944e-03,-5.484657625886e-06
462,0.000000000000e+00,2.521290364042e-03,1.771591503183e+00,4.762461580579e-04,4.336775713156e-01,1.337913931868e+00,2.526657308901e-03,-5.366944858900e-06
463,0.000000000000e+00,2.549812779929e-03,1.764102350191e+00,4.821428806586e-04,4.318276325334e-01,1.332274717657e+00,2.555061772894e-03,-5.248992964929e-06
464,0.000000000000e+00,2.578677301449e-03,1.756624819875e+00,4.881994982195e-04,4.299597257404e-01,1.326665094135e+00,2.583807832463e-03,-5.130531014819e-06
465,0.000000000000e+00,2.608030305692e-03,1.749158689640e+00,4.945198952152e-04,4.280738590176e-01,1.321084830622e+00,2.613043612321e-03,-5.013306629206e-06
466,0.000000000000e+00,2.637873413032e-03,1.741703713319e+00,5.010986827641e-04,4.261700330715e-01,1.315533680247e+00,2.642772518688e-03,-4.899105656852e-06
467,0.000000000000e+00,2.667981554734e-03,1.734259735377e+00,5.077748832271e-04,4.242482974251e-01,1.310011437952e+00,2.672765148223e-03,-4.783593489749e-06
468,0.000000000000e+00,2.698320578143e-03,1.726826663698e+00,5.145116322842e-04,4.223087550973e-01,1.304517908601e+00,2.702987644808e-03,-4.667066664832e-06
469,0.000000000000e+00,2.728781187877e-03,1.719404422866e+00,5.212642727727e-04,4.203515293319e-01,1.299052893534e+00,2.733331199973e-03,-4.550012096255e-06
470,0.000000000000e+00,2.759198543393e-03,1.711992964953e+00,5.279716795466e-04,4.183767730401e-01,1.293616191913e+00,2.763631148458e-03,-4.432605064607e-06
471,0.000000000000e+00,2.789555998260e-03,1.704592264871e+00,5.346260063707e-04,4.163846661849e-01,1.288207598686e+00,2.793870921737e-03,-4.314923476237e-06
472,0.000000000000e+00,2.819957426461e-03,1.697202285696e+00,5.412898163711e-04,4.143753780033e-01,1.282826907693e+00,2.824156382640e-03,-4.198956178484e-06
473,0.000000000000e+00,2.850286428891e-03,1.689823004066e+00,5.479049045118e-04,4.123490853572e-01,1.277473918708e+00,2.854368539215e-03,-4.082110323560e-06
474,0.000000000000e+00,2.880443327545e-03,1.682454428849e+00,5.544108053377e-04,4.103060025593e-01,1.272148426290e+00,2.884408398989e-03,-3.965071443654e-06
475,0.000000000000e+00,2.910417929954e-03,1.675096577866e+00,5.608200485162e-04,4.082463555659e-01,1.266850222300e+00,2.914266115239e-03,-3.848185285685e-06
476,0.000000000000e+00,2.940066014506e-03,1.667749486985e+00,5.670807916266e-04,4.061703837171e-01,1.261579103268e+00,2.943797484121e-03,-3.731469615264e-06
477,0.000000000000e+00,2.969473651452e-03,1.660413187649e+00,5.732351598553e-04,4.040783139628e-01,1.256334873686e+00,2.973088616021e-03,-3.614964568710e-06
478,0.000000000000e+00,2.998651866441e-03,1.653087697297e+00,5.792946241352e-04,4.019703533739e-01,1.251117343924e+00,3.002150591265e-03,-3.498724824319e-06
479,0.000000000000e+00,3.027591522971e-03,1.645773062322e+00,5.852694660580e-04,3.998467411906e-01,1.245926321132e+00,3.030974265281e-03,-3.382742309931e-06
480,0.000000000000e+00,3.056179026694e-03,1.638469336726e+00,5.911068184569e-04,3.977077204807e-01,1.240761616245e+00,3.059446033003e-03,-3.267006309466e-06
481,0.000000000000e+00,3.084458428984e-03,1.631176575225e+00,5.968567705045e-04,3.955535253799e-01,1.235623049845e+00,3.087610016945e-03,-3.151587960801e-06
482,0.000000000000e+00,3.112418443520e-03,1.623894843791e+00,6.025363182112e-04,3.933844004209e-01,1.230510443370e+00,3.115454998834e-03,-3.036555313806e-06
483,0.000000000000e+00,3.140058954999e-03,1.616624203038e+00,6.081396494949e-04,3.912005881074e-01,1.225423614931e+00,3.142981030022e-03,-2.922075022572e-06
484,0.000000000000e+00,3.167481572693e-03,1.609364707254e+00,6.137174018788e-04,3.890023167535e-01,1.220362390501e+00,3.170289406309e-03,-2.807833616564e-06
485,0.000000000000e+00,3.194693544327e-03,1.602116406902e+00,6.192827324557e-04,3.867898090796e-01,1.215326597822e+00,3.197387346343e-03,-2.693802015266e-06
486,0.000000000000e+00,3.221691602773e-03,1.594879361906e+00,6.248846949443e-04,3.845632835501e-01,1.210316078356e+00,3.224271458388e-03,-2.579855615417e-06
487,0.000000000000e+00,3.248438564040e-03,1.587653628688e+00,6.305106009276e-04,3.823229614964e-01,1.205330667192e+00,3.250904758016e-03,-2.466193976635e-06
488,0.000000000000e+00,3.274846820875e-03,1.580439265023e+00,6.361199766441e-04,3.800690647708e-01,1.200370200252e+00,3.277199653229e-03,-2.352832353252e-06
489,0.000000000000e+00,3.300901549423e-03,1.573236353031e+00,6.417209287214e-04,3.778018373784e-01,1.195434515652e+00,3.303141691510e-03,-2.240142087060e-06
490,0.000000000000e+00,3.326523868598e-03,1.566044976437e+00,6.472806029072e-04,3.755215242312e-01,1.190523452205e+00,3.328651562976e-03,-2.127694377419e-06
491,0.000000000000e+00,3.351705171199e-03,1.558865247621e+00,6.527768126529e-04,3.732283868759e-01,1.185636860745e+00,3.353720829977e-03,-2.015658778235e-06
492,0.000000000000e+00,3.376424419625e-03,1.551697287433e+00,6.582110709506e-04,3.709226995155e-01,1.180774587918e+00,3.378328682619e-03,-1.904262994015e-06
493,0.000000000000e+00,3.400572091674e-03,1.544541226173e+00,6.635393874769e-04,3.686047467874e-01,1.175936479385e+00,3.402365417179e-03,-1.793325504434e-06
494,0.000000000000e+00,3.423941846349e-03,1.537397280901e+00,6.686483856045e-04,3.662748943478e-01,1.171122386553e+00,3.425625103917e-03,-1.683257568256e-06
495,0.000000000000e+00,3.446414159762e-03,1.530265696996e+00,6.734743301570e-04,3.639335384591e-01,1.166332158537e+00,3.447988131824e-03,-1.573972061882e-06
496,0.000000000000e+00,3.468125673802e-03,1.523146689571e+00,6.781198529299e-04,3.615810445076e-01,1.161565645064e+00,3.469590782010e-03,-1.465108208454e-06
497,0.000000000000e+00,3.489179557019e-03,1.516040437834e+00,6.826392054961e-04,3.592177351683e-01,1.156822702666e+00,3.490536312342e-03,-1.356755322679e-06
498,0.000000000000e+00,3.509519819609e-03,1.508947138064e+00,6.870119086553e-04,3.568439517869e-01,1.152103186277e+00,3.510768834358e-03,-1.249014749343e-06
499,0.000000000000e+00,3.529279274841e-03,1.501866950718e+00,6.913491373224e-04,3.544599920547e-01,1.147406958663e+00,3.530420993935e-03,-1.141719093549e-06
500,0.000000000000e+00,3.548367355993e-03,1.494800047086e+00,6.956019816922e-04,3.520661602549e-01,1.142733886831e+00,3.549402214086e-03,-1.034858092118e-06
501,0.000000000000e+00,3.566794562862e-03,1.487746608613e+00,6.997919637252e-04,3.496627720976e-01,1.138083836515e+00,3.567723094557e-03,-9.285316946608e-07
502,0.000000000000e+00,3.584563228222e-03,1.480706799658e+00,7.039300358321e-04,3.472501236521e-01,1.133456676006e+00,3.585385936826e-03,-8.227086038212e-07
503,0.000000000000e+00,3.601590272213e-03,1.473680803654e+00,7.079662845450e-04,3.448285308501e-01,1.128852272804e+00,3.602307544271e-03,-7.172720579546e-07
504,0.000000000000e+00,3.617898884822e-03,1.466668825001e+00,7.119158980170e-04,3.423983197357e-01,1.124270505265e+00,3.618511007801e-03,-6.121229790684e-07
505,0.000000000000e+00,3.633416721157e-03,1.459671055717e+00,7.157565842605e-04,3.399598096198e-01,1.119711246097e+00,3.633924110276e-03,-5.073891188802e-07
506,0.000000000000e+00,3.648130308454e-03,1.452687689962e+00,7.194834683847e-04,3.375133161914e-01,1.115174373771e+00,3.648533462126e-03,-4.031536726210e-07
507,0.000000000000e+00,3.661979838132e-03,1.445718925330e+00,7.230536245858e-04,3.350591595289e-01,1.110659765802e+00,3.662279359968e-03,-2.995218360280e-07
508,0.000000000000e+00,3.674797872765e-03,1.438764993246e+00,7.263758507902e-04,3.325976921117e-01,1.106167301134e+00,3.674994432431e-03,-1.965596656151e-07
509,0.000000000000e+00,3.686706918183e-03,1.431826112139e+00,7.295357810157e-04,3.301292537103e-01,1.101696858429e+00,3.686801124680e-03,-9.420649728711e-08
510,0.000000000000e+00,3.697886011839e-03,1.424902492811e+00,7.326277287726e-04,3.276541705385e-01,1.097248322272e+00,3.697878421507e-03,7.590332387793e-09
511,0.000000000000e+00,3.708147603945e-03,1.417994345681e+00,7.355469159975e-04,3.251727691244e-01,1.092821576556e+00,3.708038659196e-03,1.089447496409e-07
512,0.000000000000e+00,3.717563161108e-03,1.411101890881e+00,7.383311627269e-04,3.226853797292e-01,1.088416511152e+00,3.717353377084e-03,2.097840239271e-07
513,0.000000000000e+00,3.726108766502e-03,1.404225342551e+00,7.409995768070e-04,3.201923286791e-01,1.084033013872e+00,3.725798591094e-03,3.101754072546e-07
514,0.000000000000e+00,3.733781279336e-03,1.397364909941e+00,7.435501629068e-04,3.176939367939e-01,1.079670973147e+00,3.733371103862e-03,4.101754742655e-07
515,0.000000000000e+00,3.740553606608e-03,1.390520806782e+00,7.459722667505e-04,3.151905271695e-01,1.075330279612e+00,3.740043903756e-03,5.097028521030e-07
516,0.000000000000e+00,3.746545044936e-03,1.383693248932e+00,7.483168221451e-04,3.126824186630e-01,1.071010830269e+00,3.745935986297e-03,6.090586388723e-07
517,0.000000000000e+00,3.751712266790e-03,1.376882449195e+00,7.505563323586e-04,3.101699285592e-01,1.066712520636e+00,3.751004405150e-03,7.078616400618e-07
518,0.000000000000e+00,3.756050118085e-03,1.370088620183e+00,7.526815964780e-04,3.076533774892e-01,1.062435242693e+00,3.755243833295e-03,8.062847893413e-07
519,0.000000000000e+00,3.759554937495e-03,1.363311985435e+00,7.546965243005e-04,3.051330868698e-01,1.058178898565e+00,3.758650364762e-03,9.045727330480e-07
520,0.000000000000e+00,3.762233095026e-03,1.356552761531e+00,7.565968348191e-04,3.026093718266e-01,1.053943389705e+00,3.761230748762e-03,1.002346263997e-06
521,0.000000000000e+00,3.764051013321e-03,1.349811164865e+00,7.583652147987e-04,3.000825491376e-01,1.049728615727e+00,3.762951453749e-03,1.099559572734e-06
522,0.000000000000e+00,3.765092925929e-03,1.343087409945e+00,7.600354261941e-04,2.975529336391e-01,1.045534476306e+00,3.763896651294e-03,1.196274635171e-06
523,0.000000000000e+00,3.765349470422e-03,1.336381707655e+00,7.616008602897e-04,2.950208322785e-01,1.041360875377e+00,3.764057044397e-03,1.292426024508e-06
524,0.000000000000e+00,3.764768687270e-03,1.329694279539e+00,7.630331493130e-04,2.924865596733e-01,1.037207719866e+00,3.763380654419e-03,1.388032851515e-06
525,0.000000000000e+00,3.763384818195e-03,1.323025344082e+00,7.643385965597e-04,2.899504320005e-01,1.033074912081e+00,3.761901974311e-03,1.482843884699e-06
526,0.000000000000e+00,3.761249012484e-03,1.316375116503e+00,7.655361567191e-04,2.874127580324e-01,1.028962358470e+00,3.759671929608e-03,1.577082876401e-06
527,0.000000000000e+00,3.758381386252e-03,1.309743811169e+00,7.666288669048e-04,2.848738425265e-01,1.024869968642e+00,3.756710607976e-03,1.670778276512e-06
528,0.000000000000e+00,3.754706845624e-03,1.303131648317e+00,7.675795980523e-04,2.823339956470e-01,1.020797652670e+00,3.752943106613e-03,1.763739011311e-06
529,0.000000000000e+00,3.750320105608e-03,1.296538844654e+00,7.684201162589e-04,2.797935229398e-01,1.016745321715e+00,3.748464136268e-03,1.855969340386e-06
530,0.000000000000e+00,3.745247282483e-03,1.289965612817e+00,7.691547896877e-04,2.772527229709e-01,1.012712889846e+00,3.743299707812e-03,1.947574671275e-06
531,0.000000000000e+00,3.739523370633e-03,1.283412165164e+00,7.697890974784e-04,2.747118935834e-01,1.008700271581e+00,3.737484826490e-03,2.038544142619e-06
532,0.000000000000e+00,3.733126913760e-03,1.276878716062e+00,7.703045022547e-04,2.721713344719e-01,1.004707381590e+00,3.730998268670e-03,2.128645089308e-06
533,0.000000000000e+00,3.726029118660e-03,1.270365484579e+00,7.706781136317e-04,2.696313467725e-01,1.000734137806e+00,3.723811254902e-03,2.217863757205e-06
534,0.000000000000e+00,3.718378215404e-03,1.263872678008e+00,7.709627313623e-04,2.670922263460e-01,9.967804516616e-01,3.716072230338e-03,2.305985066620e-06
535,0.000000000000e+00,3.710183339150e-03,1.257400496429e+00,7.711557977479e-04,2.645542563069e-01,9.928462401217e-01,3.707790201962e-03,2.393137187774e-06
536,0.000000000000e+00,3.701445461286e-03,1.250949141535e+00,7.712513135138e-04,2.620177170361e-01,9.889314244994e-01,3.698966239889e-03,2.479221397338e-06
537,0.000000000000e+00,3.692184413340e-03,1.244518799018e+00,7.712481985238e-04,2.594828737925e-01,9.850359252250e-01,3.689620251331e-03,2.564162009434e-06
538,0.000000000000e+00,3.682426860830e-03,1.238109658084e+00,7.711478447160e-04,2.569499964409e-01,9.811596616433e-01,3.679778980447e-03,2.647880382728e-06
539,0.000000000000e+00,3.672135995748e-03,1.231721899498e+00,7.709281788977e-04,2.544193457319e-01,9.773025537658e-01,3.669405704673e-03,2.730291075064e-06
540,0.000000000000e+00,3.661389040543e-03,1.225355707506e+00,7.706103100366e-04,2.518911865639e-01,9.734645209421e-01,3.658577720899e-03,2.811319643843e-06
541,0.000000000000e+00,3.650187474254e-03,1.219011265330e+00,7.701878776240e-04,2.493657815260e-01,9.696454838035e-01,3.647296378006e-03,2.891096248455e-06
542,0.000000000000e+00,3.638574514514e-03,1.212688755632e+00,7.696687145329e-04,2.468433908841e-01,9.658453647477e-01,3.635605025736e-03,2.969488777480e-06
543,0.000000000000e+00,3.626583501441e-03,1.206388352217e+00,7.690572789403e-04,2.443242660232e-01,9.620640861934e-01,3.623537047398e-03,3.046454042364e-06
544,0.000000000000e+00,3.614242692625e-03,1.200110223399e+00,7.683556623835e-04,2.418086519838e-01,9.583015714149e-01,3.611120943649e-03,3.121748975580e-06
545,0.000000000000e+00,3.601568144251e-03,1.193854529156e+00,7.675629083394e-04,2.392967892072e-01,9.545577399489e-01,3.598372558688e-03,3.195585563665e-06
546,0.000000000000e+00,3.588609336494e-03,1.187621434866e+00,7.666875755317e-04,2.367889158029e-01,9.508325190634e-01,3.585341329659e-03,3.268006834411e-06
547,0.000000000000e+00,3.575376035044e-03,1.181411099858e+00,7.657252103799e-04,2.342852662981e-01,9.471258335594e-01,3.572037276600e-03,3.338758444011e-06
548,0.000000000000e+00,3.561883462440e-03,1.175223677252e+00,7.646739115430e-04,2.317860690799e-01,9.434376081717e-01,3.558475728250e-03,3.407734190189e-06
549,0.000000000000e+00,3.548159320458e-03,1.169059317115e+00,7.635359731421e-04,2.292915486754e-01,9.397677684400e-01,3.544684318233e-03,3.475002225696e-06
550,0.000000000000e+00,3.534228988676e-03,1.162918167481e+00,7.623127085476e-04,2.268019270391e-01,9.361162404415e-01,3.530688511021e-03,3.540477655270e-06
551,0.000000000000e+00,3.520117292006e-03,1.156800374448e+00,7.610053895182e-04,2.243174239391e-01,9.324829505084e-01,3.516513275842e-03,3.604016164261e-06
552,0.000000000000e+00,3.505833087051e-03,1.150706081001e+00,7.596104934094e-04,2.218382570529e-01,9.288678239485e-01,3.502167353424e-03,3.665733627056e-06
553,0.000000000000e+00,3.491415251478e-03,1.144635429737e+00,7.581338326568e-04,2.193646415485e-01,9.252707881882e-01,3.487689697621e-03,3.725553856737e-06
554,0.000000000000e+00,3.476897442465e-03,1.138588559346e+00,7.565814305633e-04,2.168967888108e-01,9.216917705351e-01,3.473113975563e-03,3.783466902307e-06
555,0.000000000000e+00,3.462280155101e-03,1.132565607873e+00,7.549454274375e-04,2.144349085303e-01,9.181306993426e-01,3.458440579706e-03,3.839575395174e-06
556,0.000000000000e+00,3.447592969311e-03,1.126566718449e+00,7.532328818203e-04,2.119792139525e-01,9.145875044961e-01,3.443698683120e-03,3.894286191312e-06
557,0.000000000000e+00,3.432867779246e-03,1.120592032510e+00,7.514496722197e-04,2.095299179569e-01,9.110621145527e-01,3.428920476247e-03,3.947302998455e-06
558,0.000000000000e+00,3.418124920618e-03,1.114641695611e+00,7.496016266147e-04,2.070872416475e-01,9.075544539632e-01,3.414126361204e-03,3.998559413816e-06
559,0.000000000000e+00,3.403235181148e-03,1.108715867309e+00,7.476183287888e-04,2.046514157106e-01,9.040644515986e-01,3.399187249587e-03,4.047931561634e-06
560,0.000000000000e+00,3.388250137085e-03,1.102814702749e+00,7.455158093893e-04,2.022226677168e-01,9.005920350327e-01,3.384154829394e-03,4.095307691239e-06
561,0.000000000000e+00,3.373205887311e-03,1.096938339798e+00,7.433165848044e-04,1.998012072430e-01,8.971371325549e-01,3.369065140996e-03,4.140746315205e-06
562,0.000000000000e+00,3.358133837756e-03,1.091086917640e+00,7.410303564355e-04,1.973872449805e-01,8.936996726592e-01,3.353949739066e-03,4.184098689559e-06
563,0.000000000000e+00,3.343026181675e-03,1.085260559459e+00,7.386402945261e-04,1.949809765445e-01,8.902795829146e-01,3.338800776988e-03,4.225404686618e-06
564,0.000000000000e+00,3.327908012230e-03,1.079459376417e+00,7.361494799861e-04,1.925825854194e-01,8.868767909980e-01,3.323643369573e-03,4.264642656948e-06
565,0.000000000000e+00,3.312749093063e-03,1.073683477111e+00,7.335495376273e-04,1.901922528248e-01,8.834912242859e-01,3.308447309958e-03,4.301783104253e-06
566,0.000000000000e+00,3.297639398096e-03,1.067932966717e+00,7.308776930172e-04,1.878101578835e-01,8.801228088339e-01,3.293302604947e-03,4.336793149525e-06
567,0.000000000000e+00,3.282621688224e-03,1.062207929195e+00,7.281388462731e-04,1.854364577048e-01,8.767714714902e-01,3.278251988833e-03,4.369699391058e-06
568,0.000000000000e+00,3.267634974846e-03,1.056508439536e+00,7.253117294149e-04,1.830712993870e-01,8.734371401493e-01,3.263234386674e-03,4.400588171642e-06
569,0.000000000000e+00,3.252656280273e-03,1.050834581861e+00,7.223901897011e-04,1.807148394045e-01,8.701197424562e-01,3.248226951048e-03,4.429329225256e-06
570,0.000000000000e+00,3.237717738783e-03,1.045186440524e+00,7.193799675484e-04,1.783672343690e-01,8.668192061550e-01,3.233261752960e-03,4.455985822282e-06
571,0.000000000000e+00,3.222876060712e-03,1.039564094137e+00,7.162989229936e-04,1.760286343935e-01,8.635354597439e-01,3.218395456044e-03,4.480604668440e-06
572,0.000000000000e+00,3.208075941859e-03,1.033967607264e+00,7.131247630693e-04,1.736991758041e-01,8.602684314602e-01,3.203572831779e-03,4.503110080083e-06
573,0.000000000000e+00,3.193291507794e-03,1.028397052550e+00,7.098468248090e-04,1.713790039529e-01,8.570180485975e-01,3.188768036300e-03,4.523471494509e-06
574,0.000000000000e+00,3.178473466145e-03,1.022852497350e+00,7.064583938292e-04,1.690682586047e-01,8.537842387454e-01,3.173931773492e-03,4.541692652728e-06
575,0.000000000000e+00,3.163627544290e-03,1.017334006938e+00,7.029651758954e-04,1.667670803098e-01,8.505669266286e-01,3.159069884777e-03,4.557659512849e-06
576,0.000000000000e+00,3.148761405918e-03,1.011841629316e+00,6.993729947997e-04,1.644755903417e-01,8.473660389746e-01,3.144190059955e-03,4.571345963256e-06
577,0.000000000000e+00,3.133851907897e-03,1.006375389658e+00,6.956665547696e-04,1.621938849968e-01,8.441815046614e-01,3.129269352072e-03,4.582555824420e-06
578,0.000000000000e+00,3.118916281654e-03,1.000935351829e+00,6.918482380121e-04,1.599221104240e-01,8.410132414054e-01,3.114324791857e-03,4.591489796058e-06
579,0.000000000000e+00,3.103954217123e-03,9.955215788853e-01,6.879197175287e-04,1.576604136335e-01,8.378611652517e-01,3.099356070597e-03,4.598146526224e-06
580,0.000000000000e+00,3.088955703009e-03,9.901341228107e-01,6.838792859589e-04,1.554089309197e-01,8.347251918909e-01,3.084353211284e-03,4.602491725016e-06
581,0.000000000000e+00,3.073904506261e-03,9.847730381703e-01,6.797256885589e-04,1.531678004933e-01,8.316052376769e-01,3.069299826374e-03,4.604679887102e-06
582,0.000000000000e+00,3.058768417670e-03,9.794383749602e-01,6.754547157504e-04,1.509371547736e-01,8.285012201866e-01,3.054163782720e-03,4.604634949917e-06
583,0.000000000000e+00,3.043557352771e-03,9.741301834203e-01,6.710667763613e-04,1.487171276777e-01,8.254130557426e-01,3.038954971956e-03,4.602380815164e-06
584,0.000000000000e+00,3.028269938659e-03,9.688485195371e-01,6.665651821631e-04,1.465078602276e-01,8.223406593096e-01,3.023672064258e-03,4.597874400854e-06
585,0.000000000000e+00,3.012884931962e-03,9.635934346954e-01,6.619448027834e-04,1.443094891781e-01,8.192839455173e-01,3.008293765286e-03,4.591166675278e-06
586,0.000000000000e+00,2.997349919330e-03,9.583649718424e-01,6.571997142661e-04,1.421221425719e-01,8.162428292705e-01,2.992767582352e-03,4.582336978609e-06
587,0.000000000000e+00,2.981686496290e-03,9.531631706044e-01,6.523391583966e-04,1.399459460937e-01,8.132172245107e-01,2.977116101419e-03,4.570394870749e-06
588,0.000000000000e+00,2.965902594778e-03,9.479880691454e-01,6.473664458871e-04,1.377810250068e-01,8.102070441385e-01,2.961345991830e-03,4.556602948120e-06
589,0.000000000000e+00,2.949997759831e-03,9.428397038357e-01,6.422788631200e-04,1.356275008155e-01,8.072122030202e-01,2.945456413913e-03,4.541345917330e-06
590,0.000000000000e+00,2.933955136658e-03,9.377181065475e-01,6.370739986865e-04,1.334854910178e-01,8.042326155298e-01,2.929431056891e-03,4.524079766171e-06
591,0.000000000000e+00,2.917740606426e-03,9.326233002422e-01,6.317573016577e-04,1.313551053813e-01,8.012681948609e-01,2.913235575148e-03,4.505031278823e-06
592,0.000000000000e+00,2.901421475996e-03,9.275553008833e-01,6.263436144312e-04,1.292364482730e-01,7.983188526103e-01,2.896937452665e-03,4.484023330445e-06
593,0.000000000000e+00,2.884967803757e-03,9.225141224485e-01,6.208312324839e-04,1.271296235668e-01,7.953844988818e-01,2.880506773961e-03,4.461029795635e-06
594,0.000000000000e+00,2.868324885446e-03,9.174997761106e-01,6.152160701035e-04,1.250347307450e-01,7.924650453656e-01,2.863888882261e-03,4.436003185061e-06
595,0.000000000000e+00,2.851599005149e-03,9.125122661836e-01,6.095434753143e-04,1.229518634239e-01,7.895604027597e-01,2.847189849401e-03,4.409155748077e-06
596,0.000000000000e+00,2.834720218238e-03,9.075515862156e-01,6.037911541221e-04,1.208811078370e-01,7.866704783786e-01,2.830339813901e-03,4.380404337275e-06
597,0.000000000000e+00,2.817719091729e-03,9.026177271179e-01,5.979584918700e-04,1.188225502587e-01,7.837951768592e-01,2.813369294605e-03,4.349797123865e-06
598,0.000000000000e+00,2.800548956657e-03,8.977106818086e-01,5.920438049491e-04,1.167762784707e-01,7.809344033379e-01,2.796231613184e-03,4.317343472332e-06
599,0.000000000000e+00,2.783225303798e-03,8.928304332602e-01,5.860498619685e-04,1.147423716000e-01,7.780880616602e-01,2.778942175856e-03,4.283127941681e-06
600,0.000000000000e+00,2.765750570671e-03,8.879769639515e-01,5.799822263648e-04,1.127209081866e-01,7.752560557649e-01,2.761503261541e-03,4.247309130206e-06
601,0.000000000000e+00,2.748107803516e-03,8.831502580725e-01,5.738490929368e-04,1.107119679954e-01,7.724382900771e-01,2.743897856170e-03,4.209947345654e-06
602,0.000000000000e+00,2.730346459697e-03,8.783503052488e-01,5.676585414308e-04,1.087156358450e-01,7.696346694038e-01,2.726175383659e-03,4.171076037346e-06
603,0.000000000000e+00,2.712416174925e-03,8.735770942425e-01,5.614091986485e-04,1.067319958215e-01,7.668450984210e-01,2.708285425225e-03,4.130749699838e-06
604,0.000000000000e+00,2.694374106498e-03,8.688306086448e-01,5.551119225896e-04,1.047611258270e-01,7.640694828178e-01,2.690285393919e-03,4.088712578903e-06
605,0.000000000000e+00,2.676222567825e-03,8.641108230652e-01,5.487774396368e-04,1.028030968967e-01,7.613077261684e-01,2.672177326204e-03,4.045241621434e-06
606,0.000000000000e+00,2.657965524178e-03,8.594177076603e-01,5.424138581915e-04,1.008579741700e-01,7.585597334903e-01,2.653964674328e-03,4.000849850331e-06
607,0.000000000000e+00,2.639600611956e-03,8.547512259639e-01,5.360325824866e-04,9.892581680719e-02,7.558254091567e-01,2.635644980403e-03,3.955631553149e-06
608,0.000000000000e+00,2.621118946637e-03,8.501113338059e-01,5.296412948352e-04,9.700667668028e-02,7.531046571256e-01,2.617209376835e-03,3.909569802201e-06
609,0.000000000000e+00,2.602559377280e-03,8.454979813505e-01,5.232465030867e-04,9.510060017690e-02,7.503973811736e-01,2.598696470194e-03,3.862907085841e-06
610,0.000000000000e+00,2.583899271345e-03,8.409111144120e-01,5.168576356747e-04,9.320762929724e-02,7.477034851148e-01,2.580083392075e-03,3.815879270642e-06
611,0.000000000000e+00,2.565167505124e-03,8.363506747465e-01,5.104874268320e-04,9.132780147376e-02,7.450228732728e-01,2.561398787150e-03,3.768717974466e-06
612,0.000000000000e+00,2.546377522558e-03,8.318166003113e-01,5.041435287389e-04,8.946114970676e-02,7.423554506046e-01,2.542655712820e-03,3.721809737795e-06
613,0.000000000000e+00,2.527579926817e-03,8.273088275162e-01,4.978367816748e-04,8.760770445339e-02,7.397011230628e-01,2.523904440006e-03,3.675486811809e-06
614,0.000000000000e+00,2.508758827472e-03,8.228272928281e-01,4.915765909759e-04,8.576749385191e-02,7.370597989762e-01,2.505129343443e-03,3.629484029301e-06
615,0.000000000000e+00,2.489939398586e-03,8.183719336069e-01,4.853717082815e-04,8.394054551038e-02,7.344313880965e-01,2.486354559737e-03,3.584838849002e-06
616,0.000000000000e+00,2.471146082312e-03,8.139426730611e-01,4.792329183151e-04,8.212687761033e-02,7.318157954508e-01,2.467604487527e-03,3.541594784904e-06
617,0.000000000000e+00,2.452379763236e-03,8.095394309888e-01,4.731648846531e-04,8.032650568184e-02,7.292129253069e-01,2.448879796948e-03,3.499966288187e-06
618,0.000000000000e+00,2.433646128102e-03,8.051621298566e-01,4.671755500544e-04,7.853944372582e-02,7.266226861308e-01,2.430185769143e-03,3.460358959120e-06
619,0.000000000000e+00,2.414952526178e-03,8.008106941649e-01,4.612724820116e-04,7.676570458051e-02,7.240449895844e-01,2.411529936738e-03,3.422589440500e-06
620,0.000000000000e+00,2.396278321282e-03,7.964850493416e-01,4.554633747753e-04,7.500530086588e-02,7.214797484757e-01,2.392891971352e-03,3.386349930337e-06
621,0.000000000000e+00,2.377675745391e-03,7.921851208903e-01,4.497555695993e-04,7.325824400254e-02,7.189268768878e-01,2.374324423179e-03,3.351322212118e-06
622,0.000000000000e+00,2.359155628486e-03,7.879108314898e-01,4.441565573418e-04,7.152454150481e-02,7.163862899850e-01,2.355838557698e-03,3.317070788137e-06
623,0.000000000000e+00,2.340722695284e-03,7.836620919450e-01,4.386746041390e-04,6.980419176299e-02,7.138579001820e-01,2.337438808340e-03,3.283886943813e-06
624,0.000000000000e+00,2.322328550787e-03,7.794388006446e-01,4.333142009066e-04,6.809718282329e-02,7.113416178213e-01,2.319077429571e-03,3.251121215755e-06
625,0.000000000000e+00,2.304055565008e-03,7.752408599205e-01,4.280808273067e-04,6.640350313412e-02,7.088373567864e-01,2.300836635673e-03,3.218929335224e-06
626,0.000000000000e+00,2.285859630993e-03,7.710681688446e-01,4.229794838226e-04,6.472313514049e-02,7.063450337041e-01,2.282671827710e-03,3.187803282675e-06
627,0.000000000000e+00,2.267813571279e-03,7.669206161846e-01,4.180140087784e-04,6.305605939451e-02,7.038645567901e-01,2.264655931089e-03,3.157640189870e-06
628,0.000000000000e+00,2.249914204180e-03,7.627980923586e-01,4.131887347910e-04,6.140225226285e-02,7.013958400958e-01,2.246785468470e-03,3.128735710670e-06
629,0.000000000000e+00,2.232162685442e-03,7.587004892928e-01,4.085091926656e-04,5.976168808339e-02,6.989388012094e-01,2.229061502791e-03,3.101182650906e-06
630,0.000000000000e+00,2.214537681642e-03,7.546277002106e-01,4.039834437342e-04,5.813433995776e-02,6.964933602529e-01,2.211462671398e-03,3.075010244150e-06
631,0.000000000000e+00,2.197039933562e-03,7.505796166849e-01,3.996167714499e-04,5.652017773132e-02,6.940594389536e-01,2.193989852479e-03,3.050081082312e-06
632,0.000000000000e+00,2.179704651302e-03,7.465561277119e-01,3.954108439873e-04,5.491916731185e-02,6.916369604000e-01,2.176678164589e-03,3.026486713253e-06
633,0.000000000000e+00,2.162486122537e-03,7.425571147387e-01,3.913704231587e-04,5.333126653438e-02,6.892258482043e-01,2.159481807212e-03,3.004315325014e-06
634,0.000000000000e+00,2.145404282613e-03,7.385824545536e-01,3.874971296272e-04,5.175642606449e-02,6.868260284891e-01,2.142420718862e-03,2.983563750180e-06
635,0.000000000000e+00,2.128449938591e-03,7.346320180460e-01,3.837913040009e-04,5.019458862806e-02,6.844374294180e-01,2.125486143233e-03,2.963795357994e-06
636,0.000000000000e+00,2.111677244658e-03,7.307056658516e-01,3.802509357122e-04,4.864569042649e-02,6.820599754251e-01,2.108732205600e-03,2.945039057700e-06
637,0.000000000000e+00,2.095075761484e-03,7.268032555150e-01,3.768759580851e-04,4.710965993376e-02,6.796935955812e-01,2.092148835577e-03,2.926925906289e-06
638,0.000000000000e+00,2.078637198839e-03,7.229246454292e-01,3.736663189391e-04,4.558642247230e-02,6.773382229569e-01,2.075727280992e-03,2.909917846791e-06
639,0.000000000000e+00,2.062347058217e-03,7.190696872954e-01,3.706204410479e-04,4.407589913396e-02,6.749937881614e-01,2.059452824985e-03,2.894233232004e-06
640,0.000000000000e+00,2.046148226224e-03,7.152382324137e-01,3.677389466580e-04,4.257800874177e-02,6.726602236719e-01,2.043268476639e-03,2.879749585315e-06
641,0.000000000000e+00,2.030058646944e-03,7.114301345598e-01,3.650191957442e-04,4.109266992122e-02,6.703374646386e-01,2.027192341283e-03,2.866305660910e-06
642,0.000000000000e+00,2.014085508960e-03,7.076452472886e-01,3.624571560793e-04,3.961979979750e-02,6.680254474911e-01,2.011231624923e-03,2.853884036528e-06
643,0.000000000000e+00,1.998183690335e-03,7.038834211529e-01,3.600511683939e-04,3.815931562652e-02,6.657241055264e-01,1.995341167734e-03,2.842522601069e-06
644,0.000000000000e+00,1.982321419221e-03,7.001445172820e-01,3.578003051494e-04,3.671113476827e-02,6.634333825137e-01,1.979489560968e-03,2.831858252770e-06
645,0.000000000000e+00,1.966549834649e-03,6.964283909963e-01,3.556972217204e-04,3.527517022992e-02,6.611532207663e-01,1.963727293885e-03,2.822540763856e-06
646,0.000000000000e+00,1.950908232538e-03,6.927348874805e-01,3.537338858705e-04,3.385132652061e-02,6.588835609599e-01,1.948093499253e-03,2.814733285089e-06
647,0.000000000000e+00,1.935369367908e-03,6.890638507796e-01,3.519043314241e-04,3.243950681785e-02,6.566243439618e-01,1.932560819232e-03,2.808548676357e-06
648,0.000000000000e+00,1.919920830673e-03,6.854151280872e-01,3.502041279704e-04,3.103961595372e-02,6.543755121335e-01,1.917116842436e-03,2.803988236570e-06
649,0.000000000000e+00,1.904564775535e-03,6.817885714355e-01,3.486266465693e-04,2.965156040391e-02,6.521370110316e-01,1.901763763659e-03,2.801011875904e-06
650,0.000000000000e+00,1.889296517350e-03,6.781840338326e-01,3.471656643135e-04,2.827524694389e-02,6.499087868887e-01,1.886496763673e-03,2.799753677040e-06
651,0.000000000000e+00,1.874083007811e-03,6.746013669452e-01,3.458165340629e-04,2.691058106502e-02,6.476907858802e-01,1.871282771581e-03,2.800236229595e-06
652,0.000000000000e+00,1.858914023620e-03,6.710404243472e-01,3.445726811679e-04,2.555746603566e-02,6.454829583115e-01,1.856112101094e-03,2.801922525161e-06
653,0.000000000000e+00,1.843761801681e-03,6.675010617633e-01,3.434275661505e-04,2.421580582060e-02,6.432852559427e-01,1.840956538176e-03,2.805263504834e-06
654,0.000000000000e+00,1.828627166150e-03,6.639831324763e-01,3.423724688272e-04,2.288550663217e-02,6.410976258441e-01,1.825816895342e-03,2.810270808506e-06
655,0.000000000000e+00,1.813528132243e-03,6.604864862381e-01,3.413959557784e-04,2.156646967537e-02,6.389200165627e-01,1.810711399209e-03,2.816733033982e-06
656,0.000000000000e+00,1.798459400833e-03,6.570109725199e-01,3.404900654080e-04,2.025859182673e-02,6.367523806932e-01,1.795634732790e-03,2.824668042919e-06
657,0.000000000000e+00,1.783363779655e-03,6.535564436978e-01,3.396548378728e-04,1.896177248411e-02,6.345946712137e-01,1.780529712440e-03,2.834067214737e-06
658,0.000000000000e+00,1.768227029218e-03,6.501227493603e-01,3.388789722020e-04,1.767590488454e-02,6.324468444757e-01,1.765382470158e-03,2.844559060224e-06
659,0.000000000000e+00,1.753047536947e-03,6.467097408973e-01,3.381541802473e-04,1.640088371574e-02,6.303088571816e-01,1.750187761772e-03,2.859775174863e-06
660,0.000000000000e+00,1.737801427283e-03,6.433172968854e-01,3.374763385081e-04,1.513663007340e-02,6.281806668120e-01,1.734922080224e-03,2.879347059507e-06
661,0.000000000000e+00,1.722492564229e-03,6.399453188101e-01,3.368356447432e-04,1.388308290630e-02,6.260622359038e-01,1.719587821723e-03,2.904742505489e-06
662,0.000000000000e+00,1.707118252306e-03,6.365936969267e-01,3.362231077296e-04,1.264016736796e-02,6.239535295588e-01,1.704180679063e-03,2.937573242842e-06
663,0.000000000000e+00,1.691615238488e-03,6.332623277531e-01,3.356393164304e-04,1.140781450102e-02,6.218545132521e-01,1.688639510100e-03,2.975728387218e-06
664,0.000000000000e+00,1.675982983050e-03,6.299511180944e-01,3.350738410948e-04,1.018596260950e-02,6.197651554849e-01,1.672967713087e-03,3.015269962845e-06
665,0.000000000000e+00,1.660199834606e-03,6.266599557642e-01,3.345185196228e-04,8.974537024722e-03,6.176854187395e-01,1.657145718489e-03,3.054116117572e-06
666,0.000000000000e+00,1.644246903663e-03,6.233887046663e-01,3.339671198835e-04,7.773442879745e-03,6.156152617865e-01,1.641156106152e-03,3.090797511367e-06
667,0.000000000000e+00,1.628155783781e-03,6.201372244114e-01,3.334109957515e-04,6.582582710012e-03,6.135546417014e-01,1.625030886055e-03,3.124897725551e-06
668,0.000000000000e+00,1.611903142250e-03,6.169053685376e-01,3.328428523800e-04,5.401852198194e-03,6.115035163394e-01,1.608746655968e-03,3.156486282381e-06
669,0.000000000000e+00,1.595468928428e-03,6.136929910062e-01,3.322544879052e-04,4.231146531352e-03,6.094618444749e-01,1.592283130958e-03,3.185797470715e-06
670,0.000000000000e+00,1.578844142511e-03,6.104999535168e-01,3.316389255633e-04,3.070366809252e-03,6.074295867076e-01,1.575631481389e-03,3.212661122133e-06
671,0.000000000000e+00,1.562005027295e-03,6.073261256106e-01,3.309929238298e-04,1.919418768007e-03,6.054067068426e-01,1.558767646519e-03,3.237380775604e-06
672,0.000000000000e+00,1.544927716568e-03,6.041713693091e-01,3.303135118266e-04,7.782054141126e-04,6.033931638949e-01,1.541667431013e-03,3.260285555242e-06
673,0.000000000000e+00,1.527599015905e-03,6.010355493358e-01,3.295953386772e-04,-3.533691438877e-04,6.013889184796e-01,1.524317915399e-03,3.281100505776e-06
674,0.000000000000e+00,1.509996560917e-03,5.979185407114e-01,3.288344981430e-04,-1.475392989624e-03,5.993939337010e-01,1.506696750249e-03,3.299810668295e-06
675,0.000000000000e+00,1.492119085936e-03,5.948202256173e-01,3.280231916653e-04,-2.587948054666e-03,5.974081736720e-01,1.488802967750e-03,3.316118186502e-06
676,0.000000000000e+00,1.473940255913e-03,5.917404811433e-01,3.271590179008e-04,-3.691122199084e-03,5.954316033424e-01,1.470609549702e-03,3.330706210620e-06
677,0.000000000000e+00,1.455462227945e-03,5.886791786913e-01,3.262365547598e-04,-4.785004956556e-03,5.934641836479e-01,1.452118340069e-03,3.343887875928e-06
678,0.000000000000e+00,1.436707510531e-03,5.856361954192e-01,3.252506504121e-04,-5.869680891930e-03,5.915058763111e-01,1.433351223396e-03,3.356287135685e-06
679,0.000000000000e+00,1.417679425954e-03,5.826114170602e-01,3.241972679805e-04,-6.945225700994e-03,5.895566427612e-01,1.414311259798e-03,3.368166155209e-06
680,0.000000000000e+00,1.398334560808e-03,5.796047419531e-01,3.230738298123e-04,-8.011706375557e-03,5.876164483287e-01,1.394954551390e-03,3.380009417656e-06
681,0.000000000000e+00,1.378679490126e-03,5.766160698808e-01,3.218768891467e-04,-9.069191397326e-03,5.856852612782e-01,1.375287758032e-03,3.391732094109e-06
682,0.000000000000e+00,1.358710966151e-03,5.736453045926e-01,3.206041413271e-04,-1.011774722010e-02,5.837630518127e-01,1.355307765524e-03,3.403200626431e-06
683,0.000000000000e+00,1.338431361932e-03,5.706923623994e-01,3.192484502334e-04,-1.115743229844e-02,5.818497946978e-01,1.335017111917e-03,3.414250014571e-06
684,0.000000000000e+00,1.317810782294e-03,5.677571594627e-01,3.178072217301e-04,-1.218830187091e-02,5.799454613336e-01,1.314385222364e-03,3.425559929563e-06
685,0.000000000000e+00,1.296847618433e-03,5.648396041492e-01,3.162765250038e-04,-1.321041782132e-02,5.780500219705e-01,1.293410868653e-03,3.436749780390e-06
686,0.000000000000e+00,1.275556245509e-03,5.619396173405e-01,3.146560178619e-04,-1.422383043518e-02,5.761634477757e-01,1.272108491561e-03,3.447753947106e-06
687,0.000000000000e+00,1.253917291184e-03,5.590571216436e-01,3.129400456558e-04,-1.522858973772e-02,5.742857113813e-01,1.250458917407e-03,3.458373777299e-06
688,0.000000000000e+00,1.231929435725e-03,5.561920447340e-01,3.111264983191e-04,-1.622474211537e-02,5.724167868494e-01,1.228460845557e-03,3.468590168317e-06
689,0.000000000000e+00,1.209590284468e-03,5.533443175373e-01,3.092161981559e-04,-1.721232991547e-02,5.705566474528e-01,1.206112382658e-03,3.477901809118e-06
690,0.000000000000e+00,1.186893323427e-03,5.505138788732e-01,3.072065976082e-04,-1.819139029958e-02,5.687052691728e-01,1.183408159459e-03,3.485163967617e-06
691,0.000000000000e+00,1.163823949767e-03,5.477006712197e-01,3.050970801246e-04,-1.916195586357e-02,5.668626270833e-01,1.160332330436e-03,3.491619331486e-06
692,0.000000000000e+00,1.140379407965e-03,5.449046418832e-01,3.028873253059e-04,-2.012405386344e-02,5.650286957467e-01,1.136882711945e-03,3.496696019469e-06
693,0.000000000000e+00,1.116547791132e-03,5.421257371588e-01,3.005764826416e-04,-2.107770923596e-02,5.632034463948e-01,1.113046970306e-03,3.500820825928e-06
694,0.000000000000e+00,1.092318341848e-03,5.393639086311e-01,2.981599884146e-04,-2.202294149792e-02,5.613868501290e-01,1.088814423897e-03,3.503917950507e-06
695,0.000000000000e+00,1.067709888058e-03,5.366191187403e-01,2.956428321275e-04,-2.295975952960e-02,5.595788782699e-01,1.064204063396e-03,3.505824661608e-06
696,0.000000000000e+00,1.042718353831e-03,5.338913227705e-01,2.930226680605e-04,-2.388817669438e-02,5.577794994649e-01,1.039212189489e-03,3.506164342185e-06
697,0.000000000000e+00,1.017328881513e-03,5.311804897479e-01,2.903004814021e-04,-2.480819908195e-02,5.559886888299e-01,1.013825160219e-03,3.503721293552e-06
698,0.000000000000e+00,9.915250210771e-04,5.284865941509e-01,2.874788681856e-04,-2.571982811104e-02,5.542064222619e-01,9.880260104552e-04,3.499010621942e-06
699,0.000000000000e+00,9.653013375909e-04,5.258096096959e-01,2.845573281383e-04,-2.662306362821e-02,5.524326733241e-01,9.618098664656e-04,3.491471125326e-06
700,0.000000000000e+00,9.386241641162e-04,5.231495140289e-01,2.815318314530e-04,-2.751790068143e-02,5.506674147103e-01,9.351428195000e-04,3.481344616203e-06
701,0.000000000000e+00,9.115408918855e-04,5.205062934442e-01,2.784079465712e-04,-2.840432975158e-02,5.489106231958e-01,9.080721825170e-04,3.468709368544e-06
702,0.000000000000e+00,8.840492668338e-04,5.178799416784e-01,2.751881020867e-04,-2.928233508179e-02,5.471622767602e-01,8.805947396792e-04,3.454527154634e-06
703,0.000000000000e+00,8.561239867733e-04,5.152704544361e-01,2.718742913198e-04,-3.015189557127e-02,5.454223500073e-01,8.526842631695e-04,3.439723603854e-06
704,0.000000000000e+00,8.277634527145e-04,5.126778428766e-01,2.684676260442e-04,-3.101297501779e-02,5.436908178944e-01,8.243385935499e-04,3.424859164655e-06
705,0.000000000000e+00,7.989638145028e-04,5.101021385321e-01,2.649556450558e-04,-3.186552122281e-02,5.419676597550e-01,7.955542891813e-04,3.409525321432e-06
706,0.000000000000e+00,7.697799752215e-04,5.075433775236e-01,2.613460204331e-04,-3.270947436441e-02,5.402528518880e-01,7.663853778408e-04,3.394597380662e-06
707,0.000000000000e+00,7.402090042938e-04,5.050016004449e-01,2.576344250968e-04,-3.354476640370e-02,5.385463668486e-01,7.368301567159e-04,3.378847577951e-06
708,0.000000000000e+00,7.102477903984e-04,5.024768519839e-01,2.538273438856e-04,-3.437132290258e-02,5.368481748864e-01,7.068849601881e-04,3.362830210325e-06
709,0.000000000000e+00,6.798386265429e-04,4.999691699693e-01,2.499192004807e-04,-3.518907801055e-02,5.351582479798e-01,6.764902893109e-04,3.348337231936e-06
710,0.000000000000e+00,6.490258564464e-04,4.974785953371e-01,2.459245072254e-04,-3.599796409608e-02,5.334765594332e-01,6.456909050614e-04,3.334951384954e-06
711,0.000000000000e+00,6.178221868940e-04,4.950051723363e-01,2.418476896390e-04,-3.679791623354e-02,5.318030885699e-01,6.145017314463e-04,3.320455447677e-06
712,0.000000000000e+00,5.861610685790e-04,4.925489420825e-01,2.376788138169e-04,-3.758887153328e-02,5.301378136158e-01,5.828548383051e-04,3.306230273925e-06
713,0.000000000000e+00,5.540952844959e-04,4.901099375287e-01,2.334299275211e-04,-3.837076835294e-02,5.284807058816e-01,5.508040989890e-04,3.291185506921e-06
714,0.000000000000e+00,5.216656572509e-04,4.876881962726e-01,2.291149512372e-04,-3.914353523067e-02,5.268317315033e-01,5.183899912307e-04,3.275666020160e-06
715,0.000000000000e+00,4.888086659196e-04,4.852837639086e-01,2.247124650863e-04,-3.990708618298e-02,5.251908500916e-01,4.855491110968e-04,3.259554822788e-06
716,0.000000000000e+00,4.556070225326e-04,4.828967156371e-01,2.202234082379e-04,-4.066131088275e-02,5.235580265198e-01,4.523633953219e-04,3.243627210706e-06
717,0.000000000000e+00,4.220573088278e-04,4.805271100911e-01,2.156534572365e-04,-4.140612555715e-02,5.219332356482e-01,4.188309831297e-04,3.226325698154e-06
718,0.000000000000e+00,3.880958652241e-04,4.781749959062e-01,2.109962151431e-04,-4.214146675463e-02,5.203164626609e-01,3.848873487156e-04,3.208516508568e-06
719,0.000000000000e+00,3.538079089061e-04,4.758404230533e-01,2.062664677636e-04,-4.286726963310e-02,5.187076926864e-01,3.506179987309e-04,3.189910175173e-06
720,0.000000000000e+00,3.191777959324e-04,4.735234519394e-01,2.014550459496e-04,-4.358345881860e-02,5.171069107580e-01,3.160087873224e-04,3.169008609969e-06
721,0.000000000000e+00,2.843065018311e-04,4.712241489997e-01,1.965788697315e-04,-4.428995423530e-02,5.155141032350e-01,2.811603913930e-04,3.146110438152e-06
722,0.000000000000e+00,2.491175638758e-04,4.689425812204e-01,1.916268521659e-04,-4.498667623832e-02,5.139292574587e-01,2.459964338381e-04,3.121130037719e-06
723,0.000000000000e+00,2.136681894731e-04,4.666788166864e-01,1.866006026531e-04,-4.567354318114e-02,5.123523598675e-01,2.105747708465e-04,3.093418626569e-06
724,0.000000000000e+00,1.779680739604e-04,4.644329115877e-01,1.815046542289e-04,-4.635047921485e-02,5.107833908026e-01,1.749027723641e-04,3.065301596346e-06
725,0.000000000000e+00,1.419777585991e-04,4.622049264820e-01,1.763370506284e-04,-4.701740862338e-02,5.092223351054e-01,1.389408449042e-04,3.036913694892e-06
726,0.000000000000e+00,1.057084237769e-04,4.599949739971e-01,1.711028184977e-04,-4.767420795204e-02,5.076691819491e-01,1.026959128770e-04,3.012510899953e-06
727,0.000000000000e+00,6.905838511675e-05,4.578033940160e-01,1.658446078296e-04,-4.832054697550e-02,5.061239409915e-01,6.603099175423e-05,3.027393362523e-06
728,0.000000000000e+00,3.205870989236e-05,4.556306969597e-01,1.605621037445e-04,-4.895592582458e-02,5.045866227843e-01,2.898628916531e-05,3.072420727047e-06
729,0.000000000000e+00,-5.139710820024e-06,4.534773198113e-01,1.552173501693e-04,-4.957989852360e-02,5.030572183349e-01,-8.228978729541e-06,3.089267909517e-06
730,0.000000000000e+00,-4.254243359625e-05,4.513431774834e-01,1.498055609683e-04,-5.019248447142e-02,5.015356619548e-01,-4.562392731106e-05,3.081493714808e-06
731,0.000000000000e+00,-8.014084278199e-05,4.492282472465e-01,1.443318091251e-04,-5.079365944454e-02,5.000219066910e-01,-8.319802219142e-05,3.057179409429e-06
732,0.000000000000e+00,-1.178010368481e-04,4.471325573659e-01,1.388192964229e-04,-5.138335101313e-02,4.985159083790e-01,-1.208191111184e-04,3.018074270342e-06
733,0.000000000000e+00,-1.556071325791e-04,4.450561479587e-01,1.332388575619e-04,-5.196148003382e-02,4.970176279925e-01,-1.585778666315e-04,2.970734052389e-06
734,0.000000000000e+00,-1.935414729573e-04,4.429990671443e-01,1.275961903655e-04,-5.252796739990e-02,4.955270345442e-01,-1.964630289096e-04,2.921555952376e-06
735,0.000000000000e+00,-2.315573261583e-04,4.409613669412e-01,1.219064593994e-04,-5.308272963170e-02,4.940440965729e-01,-2.344314230874e-04,2.874096929037e-06
736,0.000000000000e+00,-2.696148783872e-04,4.389431282496e-01,1.161749661583e-04,-5.362567230193e-02,4.925688005516e-01,-2.724442861079e-04,2.829407720663e-06
737,0.000000000000e+00,-3.077679833631e-04,4.369444349613e-01,1.103788620496e-04,-5.415670314132e-02,4.911011381027e-01,-3.105546776936e-04,2.786694330509e-06
738,0.000000000000e+00,-3.459536128116e-04,4.349653460765e-01,1.045352365209e-04,-5.467574403790e-02,4.896410901144e-01,-3.487000400957e-04,2.746427284093e-06
739,0.000000000000e+00,-3.840759166992e-04,4.330059269947e-01,9.866577020451e-05,-5.518271145639e-02,4.881886384511e-01,-3.867833049084e-04,2.707388209142e-06
740,0.000000000000e+00,-4.222626990789e-04,4.310662452577e-01,9.274975045645e-05,-5.567752188816e-02,4.867437671459e-01,-4.249299962399e-04,2.667297160978e-06
741,0.000000000000e+00,-4.604957619447e-04,4.291463688713e-01,8.679800704331e-05,-5.616009592184e-02,4.853064647931e-01,-4.631216787151e-04,2.625916770368e-06
742,0.000000000000e+00,-4.988889064852e-04,4.272463567893e-01,8.083490101840e-05,-5.663034899389e-02,4.838767057832e-01,-5.014702895856e-04,2.581383100332e-06
743,0.000000000000e+00,-5.373610063517e-04,4.253662407707e-01,7.483382714187e-05,-5.708820477194e-02,4.824544455426e-01,-5.398948524687e-04,2.533846117021e-06
744,0.000000000000e+00,-5.757025042074e-04,4.235060793681e-01,6.881928201181e-05,-5.753357129957e-02,4.810396506677e-01,-5.781886670209e-04,2.486162813482e-06
745,0.000000000000e+00,-6.140984271809e-04,4.216659370433e-01,6.276757200800e-05,-5.796635067971e-02,4.796322877230e-01,-6.165366933042e-04,2.438266123333e-06
746,0.000000000000e+00,-6.523896070877e-04,4.198458679827e-01,5.669872372563e-05,-5.838643907201e-02,4.782323070547e-01,-6.547794316260e-04,2.389824538293e-06
747,0.000000000000e+00,-6.907693295020e-04,4.180459372292e-01,5.062076801024e-05,-5.879374346726e-02,4.768396806965e-01,-6.931059644315e-04,2.336634929485e-06
748,0.000000000000e+00,-7.290388634209e-04,4.162662095759e-01,4.451019766720e-05,-5.918816535364e-02,4.754543749295e-01,-7.313195052623e-04,2.280641841468e-06
749,0.000000000000e+00,-7.672741009168e-04,4.145067449001e-01,3.840464355623e-05,-5.956961907202e-02,4.740763639721e-01,-7.694933307193e-04,2.219229802516e-06
750,0.000000000000e+00,-8.054902719097e-04,4.127676068708e-01,3.228637404060e-05,-5.993801825837e-02,4.727056251291e-01,-8.076447320811e-04,2.154460171439e-06
751,0.000000000000e+00,-8.437712902876e-04,4.110488178098e-01,2.616808254973e-05,-6.029330440362e-02,4.713421222134e-01,-8.458564098032e-04,2.085119515576e-06
752,0.000000000000e+00,-8.820453529274e-04,4.093504800546e-01,2.006205802515e-05,-6.063534321900e-02,4.699858232736e-01,-8.840487674278e-04,2.003414500378e-06
753,0.000000000000e+00,-9.202171983386e-04,4.076726694885e-01,1.392159633891e-05,-6.096399702879e-02,4.686366665173e-01,-9.221227972660e-04,1.905598927439e-06
754,0.000000000000e+00,-9.580333505363e-04,4.060154413773e-01,7.751163798357e-06,-6.127914127936e-02,4.672945826567e-01,-9.598405106530e-04,1.807160116714e-06
755,0.000000000000e+00,-9.955270948929e-04,4.043792962890e-01,1.519474123291e-06,-6.158026300348e-02,4.659595592925e-01,-9.972814230241e-04,1.754328131193e-06
756,0.000000000000e+00,-1.032398292714e-03,4.027647802391e-01,-4.809379271987e-06,-6.186681207066e-02,4.646315923097e-01,-1.034140460827e-03,1.742168113317e-06
757,0.000000000000e+00,-1.068878140884e-03,4.011722356393e-01,-1.120735893373e-05,-6.213846026586e-02,4.633106959052e-01,-1.070612197467e-03,1.734056582977e-06
758,0.000000000000e+00,-1.105066681316e-03,3.996016756256e-01,-1.763928924445e-05,-6.239524655378e-02,4.619969221794e-01,-1.106778797214e-03,1.712115898095e-06
759,0.000000000000e+00,-1.141026865323e-03,3.980530162887e-01,-2.410835148398e-05,-6.263726911686e-02,4.606902854056e-01,-1.142709592140e-03,1.682726816481e-06
760,0.000000000000e+00,-1.176673613385e-03,3.965262332738e-01,-3.062540623153e-05,-6.286452524374e-02,4.593907585175e-01,-1.178317722435e-03,1.644109050674e-06
761,0.000000000000e+00,-1.211954960697e-03,3.950212838616e-01,-3.719308766024e-05,-6.307701332453e-02,4.580982971861e-01,-1.213556734523e-03,1.601773825853e-06
762,0.000000000000e+00,-1.246984777224e-03,3.935381151256e-01,-4.380946512278e-05,-6.327474214480e-02,4.568128572704e-01,-1.248541290106e-03,1.556512882222e-06
763,0.000000000000e+00,-1.281705312635e-03,3.920766980695e-01,-5.046688173266e-05,-6.345769766598e-02,4.555343957355e-01,-1.283213948969e-03,1.508636334039e-06
764,0.000000000000e+00,-1.316090008079e-03,3.906370431803e-01,-5.716360580651e-05,-6.362583238850e-02,4.542628755688e-01,-1.317556856526e-03,1.466848446775e-06
765,0.000000000000e+00,-1.350245671866e-03,3.892191965479e-01,-6.389457759951e-05,-6.377907591566e-02,4.529982724636e-01,-1.351677863316e-03,1.432191449417e-06
766,0.000000000000e+00,-1.384183919292e-03,3.878231474868e-01,-7.067632706499e-05,-6.391739940030e-02,4.517405468871e-01,-1.385579688514e-03,1.395769222287e-06
767,0.000000000000e+00,-1.417867730966e-03,3.864488376247e-01,-7.749447722606e-05,-6.404081003010e-02,4.504896476548e-01,-1.419226943739e-03,1.359212772445e-06
768,0.000000000000e+00,-1.451202472321e-03,3.850962114398e-01,-8.435243662478e-05,-6.414932859800e-02,4.492455400378e-01,-1.452523130818e-03,1.320658496775e-06
769,0.000000000000e+00,-1.484310149149e-03,3.837652649133e-01,-9.124938543874e-05,-6.424293826428e-02,4.480082031776e-01,-1.485596675038e-03,1.286525888556e-06
770,0.000000000000e+00,-1.517227183835e-03,3.824560360633e-01,-9.817708595299e-05,-6.432157333099e-02,4.467776093943e-01,-1.518491676136e-03,1.264492301716e-06
771,0.000000000000e+00,-1.549477969902e-03,3.811677873365e-01,-1.052078126757e-04,-6.438583018234e-02,4.455536175188e-01,-1.550622186538e-03,1.144216636690e-06
772,0.000000000000e+00,-1.581013444057e-03,3.798984922561e-01,-1.123654727855e-04,-6.443751479640e-02,4.443360070526e-01,-1.581942760127e-03,9.293160692270e-07
773,0.000000000000e+00,-1.612283195460e-03,3.786476279942e-01,-1.195602184254e-04,-6.447713490947e-02,4.431247629036e-01,-1.613060613274e-03,7.774178137055e-07
774,0.000000000000e+00,-1.643313204832e-03,3.774156789517e-01,-1.267831430120e-04,-6.450425565074e-02,4.419199346024e-01,-1.643966973662e-03,6.537688308382e-07
775,0.000000000000e+00,-1.673879373063e-03,3.762030306548e-01,-1.340746838911e-04,-6.451849127256e-02,4.407215219273e-01,-1.674439526922e-03,5.601538590593e-07
776,0.000000000000e+00,-1.704071633474e-03,3.750098567263e-01,-1.414228390427e-04,-6.451962504436e-02,4.395294817706e-01,-1.704546988785e-03,4.753553112806e-07
777,0.000000000000e+00,-1.734027923031e-03,3.738360779251e-01,-1.488236690060e-04,-6.450773989242e-02,4.383438178175e-01,-1.734416336576e-03,3.884135449531e-07
778,0.000000000000e+00,-1.763626485043e-03,3.726816778182e-01,-1.562706357806e-04,-6.448284864447e-02,4.371645264627e-01,-1.763940432845e-03,3.139478016298e-07
779,0.000000000000e+00,-1.792953287090e-03,3.715467477706e-01,-1.637650684001e-04,-6.444486801482e-02,4.359916157854e-01,-1.793209762155e-03,2.564750657030e-07
780,0.000000000000e+00,-1.821986673535e-03,3.704313406618e-01,-1.713192753109e-04,-6.439373256419e-02,4.348250732260e-01,-1.822193158342e-03,2.064848066904e-07
781,0.000000000000e+00,-1.850865953969e-03,3.693355185244e-01,-1.789079436286e-04,-6.432933990557e-02,4.336648584300e-01,-1.851037289470e-03,1.713355010542e-07
782,0.000000000000e+00,-1.879573173479e-03,3.682591557908e-01,-1.865600977977e-04,-6.425176793514e-02,4.325109237259e-01,-1.879699620743e-03,1.264472641832e-07
783,0.000000000000e+00,-1.908229665934e-03,3.672019306855e-01,-1.942198535433e-04,-6.416128067351e-02,4.313632113590e-01,-1.908302140069e-03,7.247413514808e-08
784,0.000000000000e+00,-1.936994360178e-03,3.661635746195e-01,-2.018683388781e-04,-6.405808193270e-02,4.302216565522e-01,-1.937004859168e-03,1.049898977392e-08
785,0.000000000000e+00,-1.965974060754e-03,3.651438311967e-01,-2.094960668053e-04,-6.394238008712e-02,4.290862112839e-01,-1.965912612011e-03,-6.144874345254e-08
786,0.000000000000e+00,-1.995134805020e-03,3.641424804754e-01,-2.170587826124e-04,-6.381434330725e-02,4.279568237826e-01,-1.994987912590e-03,-1.468924300287e-07
787,0.000000000000e+00,-2.024466052336e-03,3.631591541746e-01,-2.246191519281e-04,-6.367433444412e-02,4.268334886187e-01,-2.024262814356e-03,-2.032379796380e-07
788,0.000000000000e+00,-2.053678849934e-03,3.621930382341e-01,-2.321967573511e-04,-6.352332966377e-02,4.257163678978e-01,-2.053477932402e-03,-2.009175319117e-07
789,0.000000000000e+00,-2.082912002165e-03,3.612433305584e-01,-2.397701132971e-04,-6.336222910369e-02,4.246055596621e-01,-2.082699123528e-03,-2.128786374127e-07
790,0.000000000000e+00,-2.112045684755e-03,3.603099975972e-01,-2.473476827979e-04,-6.319085273869e-02,4.235008503359e-01,-2.111802424566e-03,-2.432601887161e-07
791,0.000000000000e+00,-2.141168504366e-03,3.593931062463e-01,-2.549125388260e-04,-6.300891778787e-02,4.224020240342e-01,-2.140871748971e-03,-2.967553956019e-07
792,0.000000000000e+00,-2.170145960949e-03,3.584926205253e-01,-2.624915495747e-04,-6.281633251251e-02,4.213089530378e-01,-2.169789606720e-03,-3.563542285783e-07
793,0.000000000000e+00,-2.198937112400e-03,3.576084932170e-01,-2.700772085271e-04,-6.261305262329e-02,4.202215458403e-01,-2.198514766097e-03,-4.223463035066e-07
794,0.000000000000e+00,-2.227688169561e-03,3.567406914790e-01,-2.776701013443e-04,-6.239903142351e-02,4.191397229025e-01,-2.227202225801e-03,-4.859437601526e-07
795,0.000000000000e+00,-2.256464193618e-03,3.558892370782e-01,-2.852354834013e-04,-6.217415326747e-02,4.180633903457e-01,-2.255905899168e-03,-5.582944500992e-07
796,0.000000000000e+00,-2.285191261265e-03,3.550541093423e-01,-2.927818798207e-04,-6.193836767029e-02,4.169924770125e-01,-2.284552732815e-03,-6.385284501151e-07
797,0.000000000000e+00,-2.313867603610e-03,3.542351994524e-01,-3.003171739129e-04,-6.169175172503e-02,4.159269511774e-01,-2.313145161717e-03,-7.224418926352e-07
798,0.000000000000e+00,-2.342416867687e-03,3.534323858033e-01,-3.078514956919e-04,-6.143439225927e-02,4.148667780625e-01,-2.341603697792e-03,-8.131698953548e-07
799,0.000000000000e+00,-2.370893159864e-03,3.526455256044e-01,-3.153816370172e-04,-6.116638558945e-02,4.138119111938e-01,-2.369987199060e-03,-9.059608046466e-07
800,0.000000000000e+00,-2.399218089550e-03,3.518744875141e-01,-3.229050434946e-04,-6.088785311354e-02,4.127623406277e-01,-2.398226805266e-03,-9.912842836557e-07
801,0.000000000000e+00,-2.427542881854e-03,3.511191697643e-01,-3.304184156916e-04,-6.059893512407e-02,4.117181048883e-01,-2.426470185728e-03,-1.072696125810e-06
802,0.000000000000e+00,-2.455688953096e-03,3.503793515390e-01,-3.379032398439e-04,-6.029977044285e-02,4.106791219818e-01,-2.454536703513e-03,-1.152249583040e-06
803,0.000000000000e+00,-2.483792575230e-03,3.496548387735e-01,-3.454824043316e-04,-5.999048777393e-02,4.096453265474e-01,-2.482561255230e-03,-1.231320000534e-06
804,0.000000000000e+00,-2.512259762339e-03,3.489454905808e-01,-3.533494597766e-04,-5.967116077913e-02,4.086166513600e-01,-2.510948526475e-03,-1.311235863741e-06
805,0.000000000000e+00,-2.540683363831e-03,3.482511575048e-01,-3.613438669782e-04,-5.934188494645e-02,4.075930424513e-01,-2.539293136218e-03,-1.390227612652e-06
806,0.000000000000e+00,-2.569016725255e-03,3.475716599672e-01,-3.692920768214e-04,-5.900280159262e-02,4.065744615598e-01,-2.567549290633e-03,-1.467434622358e-06
807,0.000000000000e+00,-2.597406127575e-03,3.469068275327e-01,-3.772450533352e-04,-5.865407873768e-02,4.055609062703e-01,-2.595863650412e-03,-1.542477162849e-06
808,0.000000000000e+00,-2.625843880975e-03,3.462564820329e-01,-3.852466527238e-04,-5.829587994974e-02,4.045523619826e-01,-2.624225794758e-03,-1.618086216707e-06
809,0.000000000000e+00,-2.654143284039e-03,3.456203515425e-01,-3.932916128431e-04,-5.792837673023e-02,4.035487282727e-01,-2.652449379816e-03,-1.693904222956e-06
810,0.000000000000e+00,-2.682428163369e-03,3.449981838046e-01,-4.013431221359e-04,-5.755173930812e-02,4.025499231127e-01,-2.680657935555e-03,-1.770227813678e-06
811,0.000000000000e+00,-2.710788164229e-03,3.443897619092e-01,-4.093613870713e-04,-5.716613243166e-02,4.015558943409e-01,-2.708942011067e-03,-1.846153162076e-06
812,0.000000000000e+00,-2.739096574757e-03,3.437948777349e-01,-4.173715172860e-04,-5.677173559415e-02,4.005666133290e-01,-2.737174539139e-03,-1.922035618255e-06
813,0.000000000000e+00,-2.767294629249e-03,3.432132898492e-01,-4.253671622653e-04,-5.636875168884e-02,3.995820415380e-01,-2.765296910823e-03,-1.997718426407e-06
814,0.000000000000e+00,-2.795203731473e-03,3.426447536463e-01,-4.333432688711e-04,-5.595738667220e-02,3.986021403185e-01,-2.793130428745e-03,-2.073302727988e-06
815,0.000000000000e+00,-2.823053951301e-03,3.420890378099e-01,-4.412917921362e-04,-5.553783452499e-02,3.976268723349e-01,-2.820904784418e-03,-2.149166883845e-06
816,0.000000000000e+00,-2.850871962255e-03,3.415459241868e-01,-4.491895533831e-04,-5.511027757472e-02,3.966562017615e-01,-2.848647032837e-03,-2.224929418021e-06
817,0.000000000000e+00,-2.878363665741e-03,3.410152113326e-01,-4.570642416827e-04,-5.467488316361e-02,3.956900944963e-01,-2.876063063139e-03,-2.300602601697e-06
818,0.000000000000e+00,-2.905723135568e-03,3.404966824776e-01,-4.649988194652e-04,-5.423182786906e-02,3.947285103467e-01,-2.903346458657e-03,-2.376676910829e-06
819,0.000000000000e+00,-2.933017071221e-03,3.399901244086e-01,-4.728725194514e-04,-5.378128664755e-02,3.937714110562e-01,-2.930564831657e-03,-2.452239563687e-06
820,0.000000000000e+00,-2.960196221197e-03,3.394954716027e-01,-4.806655855035e-04,-5.332328435347e-02,3.928187559562e-01,-2.957670147077e-03,-2.526074120001e-06
821,0.000000000000e+00,-2.987069908548e-03,3.390126354396e-01,-4.884363575033e-04,-5.285778540822e-02,3.918704208479e-01,-2.984473543380e-03,-2.596365167721e-06
822,0.000000000000e+00,-3.013630016030e-03,3.385414551769e-01,-4.962023631949e-04,-5.238492961632e-02,3.909263847932e-01,-3.010960016883e-03,-2.669999146917e-06
823,0.000000000000e+00,-3.040236838686e-03,3.380817554918e-01,-5.039025517072e-04,-5.190486676382e-02,3.899866222556e-01,-3.037494048984e-03,-2.742789701460e-06
824,0.000000000000e+00,-3.066756831754e-03,3.376332544774e-01,-5.115449222175e-04,-5.141777110505e-02,3.890510255824e-01,-3.063937493216e-03,-2.819338538085e-06
825,0.000000000000e+00,-3.092972734966e-03,3.371958383074e-01,-5.191442524828e-04,-5.092382265073e-02,3.881196609581e-01,-3.090075692348e-03,-2.897042617923e-06
826,0.000000000000e+00,-3.119111212253e-03,3.367693753147e-01,-5.265748895074e-04,-5.042316061209e-02,3.871925359267e-01,-3.116137639825e-03,-2.973572427450e-06
827,0.000000000000e+00,-3.145050631119e-03,3.363536626266e-01,-5.337916337179e-04,-4.991596161185e-02,3.862696242384e-01,-3.142001985024e-03,-3.048646094395e-06
828,0.000000000000e+00,-3.170544972059e-03,3.359484125229e-01,-5.409714349830e-04,-4.940246984903e-02,3.853508823719e-01,-3.167421526475e-03,-3.123445583880e-06
829,0.000000000000e+00,-3.195938817249e-03,3.355533584991e-01,-5.480647215858e-04,-4.888290182381e-02,3.844362603229e-01,-3.192740802967e-03,-3.198014281968e-06
830,0.000000000000e+00,-3.221111459984e-03,3.351684086030e-01,-5.551008677669e-04,-4.835730330522e-02,3.835257119082e-01,-3.217839239497e-03,-3.272220486251e-06
831,0.000000000000e+00,-3.246027631556e-03,3.347933414199e-01,-5.621013072827e-04,-4.782585140289e-02,3.826191928228e-01,-3.242681292797e-03,-3.346338758810e-06
832,0.000000000000e+00,-3.270820003632e-03,3.344278644280e-01,-5.690703235489e-04,-4.728879187182e-02,3.817166562998e-01,-3.267399438462e-03,-3.420565170472e-06
833,0.000000000000e+00,-3.295273742430e-03,3.340718152747e-01,-5.760101865414e-04,-4.674624652376e-02,3.808180617985e-01,-3.291778878730e-03,-3.494863700040e-06
834,0.000000000000e+00,-3.319198399684e-03,3.337247613607e-01,-5.829100517708e-04,-4.619861059177e-02,3.799233719525e-01,-3.315629352826e-03,-3.569046858269e-06
835,0.000000000000e+00,-3.342800490835e-03,3.333865648959e-01,-5.897776341544e-04,-4.564598944078e-02,3.790325543367e-01,-3.339157527080e-03,-3.642963754049e-06
836,0.000000000000e+00,-3.366047861623e-03,3.330572131510e-01,-5.966293035618e-04,-4.508836502535e-02,3.781455781763e-01,-3.362331008385e-03,-3.716853237935e-06
837,0.000000000000e+00,-3.388661677527e-03,3.327369336193e-01,-6.034727277103e-04,-4.452548111967e-02,3.772624147390e-01,-3.384870740635e-03,-3.790936891845e-06
838,0.000000000000e+00,-3.410716145808e-03,3.324256711726e-01,-6.102954214454e-04,-4.395736330399e-02,3.763830344766e-01,-3.406850999539e-03,-3.865146269786e-06
839,0.000000000000e+00,-3.432493757348e-03,3.321231518228e-01,-6.170382683890e-04,-4.338425590478e-02,3.755074077276e-01,-3.428554638214e-03,-3.939119134095e-06
840,0.000000000000e+00,-3.453844079764e-03,3.318289883744e-01,-6.237137119827e-04,-4.280651737096e-02,3.746355057453e-01,-3.449831123904e-03,-4.012955859903e-06
841,0.000000000000e+00,-3.474750905921e-03,3.315428079596e-01,-6.303340083209e-04,-4.222449067090e-02,3.737672986305e-01,-3.470664457872e-03,-4.086448049772e-06
842,0.000000000000e+00,-3.495345304143e-03,3.312642883732e-01,-6.368804625896e-04,-4.163847034700e-02,3.729027587202e-01,-3.491185311091e-03,-4.159993052171e-06
843,0.000000000000e+00,-3.515306258955e-03,3.309931026357e-01,-6.433589565546e-04,-4.104875818160e-02,3.720418608173e-01,-3.511072903690e-03,-4.233355265106e-06
844,0.000000000000e+00,-3.534811178255e-03,3.307290065320e-01,-6.497554129187e-04,-4.045557159950e-02,3.711845781315e-01,-3.530504578475e-03,-4.306599780061e-06
845,0.000000000000e+00,-3.553645171144e-03,3.304718245871e-01,-6.560718683470e-04,-3.985906239899e-02,3.703308869861e-01,-3.549265514474e-03,-4.379656669706e-06
846,0.000000000000e+00,-3.571974338380e-03,3.302212877505e-01,-6.623205018863e-04,-3.925947197174e-02,3.694807597222e-01,-3.567521580869e-03,-4.452757511560e-06
847,0.000000000000e+00,-3.589756184612e-03,3.299770893363e-01,-6.684805280191e-04,-3.865708233010e-02,3.686341716664e-01,-3.585230596733e-03,-4.525587879325e-06
848,0.000000000000e+00,-3.606914767934e-03,3.297388711605e-01,-6.745576418993e-04,-3.805222587020e-02,3.677910970307e-01,-3.602316533617e-03,-4.598234316150e-06
849,0.000000000000e+00,-3.623369770308e-03,3.295063868925e-01,-6.805792191917e-04,-3.744512655042e-02,3.669515134429e-01,-3.618699158785e-03,-4.670611523214e-06
850,0.000000000000e+00,-3.639333012388e-03,3.292794181813e-01,-6.864846209191e-04,-3.683597847791e-02,3.661153966593e-01,-3.634590280547e-03,-4.742731840603e-06
851,0.000000000000e+00,-3.654813051124e-03,3.290576617258e-01,-6.923070876584e-04,-3.622506066714e-02,3.652827223929e-01,-3.649998384804e-03,-4.814666320655e-06
852,0.000000000000e+00,-3.670090886822e-03,3.288407314415e-01,-6.979911766497e-04,-3.561273552492e-02,3.644534669665e-01,-3.665204791335e-03,-4.886095487440e-06
853,0.000000000000e+00,-3.685258927857e-03,3.286282325826e-01,-7.035117589907e-04,-3.499937578851e-02,3.636276083711e-01,-3.680302107675e-03,-4.956820182156e-06
854,0.000000000000e+00,-3.700197982680e-03,3.284200759839e-01,-7.088970941026e-04,-3.438504980288e-02,3.628051257868e-01,-3.695171042724e-03,-5.026939956133e-06
855,0.000000000000e+00,-3.714886672865e-03,3.282161733294e-01,-7.141742423490e-04,-3.376982670166e-02,3.619860000310e-01,-3.709789972462e-03,-5.096700403034e-06
856,0.000000000000e+00,-3.729248709242e-03,3.280165111884e-01,-7.193443154213e-04,-3.315370065781e-02,3.611702118462e-01,-3.724082509109e-03,-5.166200133368e-06
857,0.000000000000e+00,-3.743259931037e-03,3.278211031945e-01,-7.243804573660e-04,-3.253663825539e-02,3.603577414499e-01,-3.738024736039e-03,-5.235194998679e-06
858,0.000000000000e+00,-3.756900136983e-03,3.276298551493e-01,-7.293002656753e-04,-3.191871507001e-02,3.595485702193e-01,-3.751596512569e-03,-5.303624413830e-06
859,0.000000000000e+00,-3.770191228580e-03,3.274426669008e-01,-7.341168786040e-04,-3.130001238834e-02,3.587426792891e-01,-3.764819684857e-03,-5.371543722991e-06
860,0.000000000000e+00,-3.783083396206e-03,3.272594573258e-01,-7.388003969241e-04,-3.068059282506e-02,3.579400501509e-01,-3.777644550807e-03,-5.438845399108e-06
861,0.000000000000e+00,-3.795610167680e-03,3.270801780079e-01,-7.433414714023e-04,-3.006048716714e-02,3.571406651750e-01,-3.790104962602e-03,-5.505205077499e-06
862,0.000000000000e+00,-3.807790694261e-03,3.269046835916e-01,-7.476783233641e-04,-2.943982216003e-02,3.563445057517e-01,-3.802219972493e-03,-5.570721768263e-06
863,0.000000000000e+00,-3.819543017033e-03,3.267329075490e-01,-7.518846656557e-04,-2.881864711108e-02,3.555515546601e-01,-3.813907325406e-03,-5.635691626948e-06
864,0.000000000000e+00,-3.830868825482e-03,3.265648297923e-01,-7.559339477896e-04,-2.819696502102e-02,3.547617948133e-01,-3.825168735626e-03,-5.700089855778e-06
865,0.000000000000e+00,-3.841795909284e-03,3.264003676226e-01,-7.597957137262e-04,-2.757484103419e-02,3.539752086568e-01,-3.836032113684e-03,-5.763795600222e-06
866,0.000000000000e+00,-3.852198040509e-03,3.262394319148e-01,-7.634684944035e-04,-2.695234802106e-02,3.531917799358e-01,-3.846371326714e-03,-5.826713794510e-06
867,0.000000000000e+00,-3.862107479054e-03,3.260819627782e-01,-7.669545847708e-04,-2.632953213383e-02,3.524114949120e-01,-3.856218605028e-03,-5.888874025843e-06
868,0.000000000000e+00,-3.871510756543e-03,3.259278524999e-01,-7.702423001023e-04,-2.570648394926e-02,3.516343364492e-01,-3.865560360088e-03,-5.950396455670e-06
869,0.000000000000e+00,-3.880395846631e-03,3.257770421014e-01,-7.733304520070e-04,-2.508324590917e-02,3.508602880106e-01,-3.874384629446e-03,-6.011217185056e-06
870,0.000000000000e+00,-3.888757212485e-03,3.256295213687e-01,-7.762405940633e-04,-2.445981190906e-02,3.500893332778e-01,-3.882685908687e-03,-6.071303797875e-06
871,0.000000000000e+00,-3.896556648871e-03,3.254852074925e-01,-7.789515518569e-04,-2.383624874919e-02,3.493214562417e-01,-3.890426040283e-03,-6.130608587672e-06
872,0.000000000000e+00,-3.903860066133e-03,3.253439540164e-01,-7.815066434737e-04,-2.321268735382e-02,3.485566413702e-01,-3.897670915647e-03,-6.189150485762e-06
873,0.000000000000e+00,-3.910638318723e-03,3.252056232600e-01,-7.838951061565e-04,-2.258925000141e-02,3.477948732614e-01,-3.904391337185e-03,-6.246981537511e-06
874,0.000000000000e+00,-3.916849687175e-03,3.250701125423e-01,-7.860730503751e-04,-2.196602422989e-02,3.470361367722e-01,-3.910545606775e-03,-6.304080399416e-06
875,0.000000000000e+00,-3.922500706246e-03,3.249373496283e-01,-7.880599412454e-04,-2.134306702102e-02,3.462804166493e-01,-3.916140414306e-03,-6.360291939382e-06
876,0.000000000000e+00,-3.927586411044e-03,3.248072872518e-01,-7.898651774110e-04,-2.072040924773e-02,3.455276964995e-01,-3.921170738067e-03,-6.415672976355e-06
877,0.000000000000e+00,-3.932065063068e-03,3.246798383020e-01,-7.914904624711e-04,-2.009812246822e-02,3.447779607702e-01,-3.925594667605e-03,-6.470395463103e-06
878,0.000000000000e+00,-3.935977118831e-03,3.245549279087e-01,-7.929436679069e-04,-1.947626759913e-02,3.440311955079e-01,-3.929452815300e-03,-6.524303530894e-06
879,0.000000000000e+00,-3.939343334157e-03,3.244324747116e-01,-7.942320453573e-04,-1.885491213940e-02,3.432873868510e-01,-3.932765844469e-03,-6.577489688074e-06
880,0.000000000000e+00,-3.942154870079e-03,3.243124168642e-01,-7.953605594446e-04,-1.823410399334e-02,3.425465208575e-01,-3.935524827289e-03,-6.630042789681e-06
881,0.000000000000e+00,-3.944366513292e-03,3.241946842897e-01,-7.963047364900e-04,-1.761389935145e-02,3.418085836411e-01,-3.937684595254e-03,-6.681918038809e-06
882,0.000000000000e+00,-3.946005456291e-03,3.240792210334e-01,-7.970867734345e-04,-1.699433966006e-02,3.410735606935e-01,-3.939272351433e-03,-6.733104858050e-06
883,0.000000000000e+00,-3.947060559112e-03,3.239659816341e-01,-7.976881386994e-04,-1.637545555273e-02,3.403414371869e-01,-3.940276807434e-03,-6.783751678043e-06
884,0.000000000000e+00,-3.947564371217e-03,3.238549425197e-01,-7.981325487675e-04,-1.575725532712e-02,3.396121978468e-01,-3.940730400045e-03,-6.833971172002e-06
885,0.000000000000e+00,-3.947485375050e-03,3.237460829797e-01,-7.984032260810e-04,-1.513974491715e-02,3.388858278968e-01,-3.940601768560e-03,-6.883606489745e-06
886,0.000000000000e+00,-3.946825225492e-03,3.236393763488e-01,-7.984990266989e-04,-1.452293626635e-02,3.381623126151e-01,-3.939892708113e-03,-6.932517378594e-06
887,0.000000000000e+00,-3.945564771702e-03,3.235347916081e-01,-7.984121247681e-04,-1.390684551594e-02,3.374416371240e-01,-3.938584033395e-03,-6.980738306593e-06
888,0.000000000000e+00,-3.943704575892e-03,3.234322943563e-01,-7.981399250798e-04,-1.329149193115e-02,3.367237862874e-01,-3.936676342981e-03,-7.028232911082e-06
889,0.000000000000e+00,-3.941296341332e-03,3.233318551334e-01,-7.977065036501e-04,-1.267688977721e-02,3.360087449106e-01,-3.934221269174e-03,-7.075072158518e-06
890,0.000000000000e+00,-3.938323770429e-03,3.232334339254e-01,-7.971008946786e-04,-1.206306528545e-02,3.352964992109e-01,-3.931202536889e-03,-7.121233539371e-06
891,0.000000000000e+00,-3.934795895719e-03,3.231369928758e-01,-7.963314140506e-04,-1.145003994237e-02,3.345870328182e-01,-3.927629039504e-03,-7.166856214879e-06
892,0.000000000000e+00,-3.930712164142e-03,3.230424967170e-01,-7.954060689646e-04,-1.083783425339e-02,3.338803309704e-01,-3.923500428630e-03,-7.211735512017e-06
893,0.000000000000e+00,-3.926080255763e-03,3.229499104517e-01,-7.943306699174e-04,-1.022646840906e-02,3.331763788608e-01,-3.918824078205e-03,-7.256177557203e-06
894,0.000000000000e+00,-3.920900848783e-03,3.228591906591e-01,-7.931083298210e-04,-9.615966753698e-03,3.324751574128e-01,-3.913600814868e-03,-7.300033915039e-06
895,0.000000000000e+00,-3.915174146071e-03,3.227702871562e-01,-7.917417879207e-04,-9.006361813669e-03,3.317766489699e-01,-3.907830768416e-03,-7.343377654740e-06
896,0.000000000000e+00,-3.908930566811e-03,3.226831538852e-01,-7.902563388078e-04,-8.397682532294e-03,3.310808364175e-01,-3.901544349140e-03,-7.386217671648e-06
897,0.000000000000e+00,-3.902135672254e-03,3.225977436667e-01,-7.886250969205e-04,-7.789959142132e-03,3.303877028088e-01,-3.894707071369e-03,-7.428600885088e-06
898,0.000000000000e+00,-3.894816856455e-03,3.225140059745e-01,-7.868712850044e-04,-7.183225554948e-03,3.296972315294e-01,-3.887346349461e-03,-7.470506994022e-06
899,0.000000000000e+00,-3.886940810877e-03,3.224318913999e-01,-7.849977201131e-04,-6.577513369532e-03,3.290094047694e-01,-3.879428746881e-03,-7.512063996480e-06
900,0.000000000000e+00,-3.878531162010e-03,3.223513503568e-01,-7.830170265146e-04,-5.972854500552e-03,3.283242048573e-01,-3.870977934593e-03,-7.553227417051e-06
901,0.000000000000e+00,-3.869565045774e-03,3.222723316906e-01,-7.809183838636e-04,-5.369282197657e-03,3.276416138882e-01,-3.861970877775e-03,-7.594167999960e-06
902,0.000000000000e+00,-3.860064202574e-03,3.221947833724e-01,-7.787163372773e-04,-4.766829517172e-03,3.269616128896e-01,-3.852429295212e-03,-7.634907361434e-06
903,0.000000000000e+00,-3.850014362663e-03,3.221186446259e-01,-7.764115137823e-04,-4.165538454238e-03,3.262841830801e-01,-3.842338829353e-03,-7.675533310273e-06
904,0.000000000000e+00,-3.839419445153e-03,3.220438589185e-01,-7.740059183315e-04,-3.565446627243e-03,3.256093055457e-01,-3.831703485761e-03,-7.715959392827e-06
905,0.000000000000e+00,-3.828307201971e-03,3.219703641051e-01,-7.715170321038e-04,-2.966597005469e-03,3.249369611106e-01,-3.820551037082e-03,-7.756164888253e-06
906,0.000000000000e+00,-3.816673539864e-03,3.218980980689e-01,-7.689382027059e-04,-2.369031897937e-03,3.242671299668e-01,-3.808877297146e-03,-7.796242718174e-06
907,0.000000000000e+00,-3.804522866948e-03,3.218269919875e-01,-7.662707847249e-04,-1.772800153470e-03,3.235997921410e-01,-3.796686774125e-03,-7.836092823441e-06
908,0.000000000000e+00,-3.791891585224e-03,3.217569773762e-01,-7.635383453186e-04,-1.177950010880e-03,3.229349273871e-01,-3.784015878173e-03,-7.875707050871e-06
909,0.000000000000e+00,-3.778788636166e-03,3.216879853967e-01,-7.607424946711e-04,-5.845295639834e-04,3.222725149606e-01,-3.770873649169e-03,-7.914986996776e-06
910,0.000000000000e+00,-3.765199913574e-03,3.216199428184e-01,-7.578700267967e-04,7.409024911129e-06,3.216125337935e-01,-3.757245957879e-03,-7.953955695244e-06
911,0.000000000000e+00,-3.751159983918e-03,3.215527739684e-01,-7.549404689083e-04,5.978101761955e-04,3.209549637922e-01,-3.743167232647e-03,-7.992751270725e-06
912,0.000000000000e+00,-3.736668307101e-03,3.214864006811e-01,-7.519458925000e-04,1.186618476266e-03,3.202997822048e-01,-3.728636869804e-03,-8.031437297401e-06
913,0.000000000000e+00,-3.721734672945e-03,3.214207353951e-01,-7.488811256380e-04,1.773768946461e-03,3.196469664486e-01,-3.713664627820e-03,-8.070045124571e-06
914,0.000000000000e+00,-3.706390700248e-03,3.213556948856e-01,-7.457631756097e-04,2.359201281353e-03,3.189964936043e-01,-3.698282017339e-03,-8.108682909633e-06
915,0.000000000000e+00,-3.690630615493e-03,3.212911956119e-01,-7.425852328672e-04,2.942854961146e-03,3.183483406508e-01,-3.682483229761e-03,-8.147385732252e-06
916,0.000000000000e+00,-3.674480997990e-03,3.212271552857e-01,-7.393672089393e-04,3.524670765222e-03,3.177024845204e-01,-3.666295128205e-03,-8.185869784672e-06
917,0.000000000000e+00,-3.657953266453e-03,3.211634991861e-01,-7.361097980250e-04,4.104601130105e-03,3.170588980560e-01,-3.649729466326e-03,-8.223800126420e-06
918,0.000000000000e+00,-3.641052628442e-03,3.211001410050e-01,-7.328113696097e-04,4.682584704428e-03,3.164175563006e-01,-3.632790771082e-03,-8.261857359219e-06
919,0.000000000000e+00,-3.623772871542e-03,3.210369814739e-01,-7.294696986753e-04,5.258541612934e-03,3.157784398610e-01,-3.615472629226e-03,-8.300242315675e-06
920,0.000000000000e+00,-3.606124114667e-03,3.209739174858e-01,-7.260935385451e-04,5.832390635209e-03,3.151415268506e-01,-3.597785165700e-03,-8.338948966714e-06
921,0.000000000000e+00,-3.588116429134e-03,3.209108444160e-01,-7.226904635382e-04,6.404050834276e-03,3.145067935817e-01,-3.579738718686e-03,-8.377710447757e-06
922,0.000000000000e+00,-3.569740021901e-03,3.208476537687e-01,-7.192579196893e-04,6.973438626238e-03,3.138742151425e-01,-3.561323524257e-03,-8.416497644809e-06
923,0.000000000000e+00,-3.551005472166e-03,3.207842336025e-01,-7.158059259393e-04,7.540467338781e-03,3.132437662637e-01,-3.542550351767e-03,-8.455120398749e-06
924,0.000000000000e+00,-3.531901599814e-03,3.207204722119e-01,-7.123250783712e-04,8.105050823724e-03,3.126154213881e-01,-3.523408063548e-03,-8.493536266734e-06
925,0.000000000000e+00,-3.512453811849e-03,3.206562558562e-01,-7.088291038680e-04,8.667101535878e-03,3.119891543203e-01,-3.503921818954e-03,-8.531992894947e-06
926,0.000000000000e+00,-3.492666752629e-03,3.205914745220e-01,-7.053164462716e-04,9.226536398117e-03,3.113649381239e-01,-3.484096132838e-03,-8.570619790335e-06
927,0.000000000000e+00,-3.472566430881e-03,3.205260153563e-01,-7.017822838627e-04,9.783273615297e-03,3.107427417410e-01,-3.463957007814e-03,-8.609423067232e-06
928,0.000000000000e+00,-3.452141087325e-03,3.204597751219e-01,-6.982196802609e-04,1.033723375986e-02,3.101225413620e-01,-3.443492714495e-03,-8.648372829896e-06
929,0.000000000000e+00,-3.431402581940e-03,3.203926459225e-01,-6.946271885126e-04,1.088833509355e-02,3.095043108289e-01,-3.422715032399e-03,-8.687549540501e-06
930,0.000000000000e+00,-3.410357885688e-03,3.203245073935e-01,-6.910119548219e-04,1.143648430998e-02,3.088880230835e-01,-3.401631231737e-03,-8.726653951046e-06
931,0.000000000000e+00,-3.389036658999e-03,3.202552404518e-01,-6.873797114062e-04,1.198158975334e-02,3.082736506985e-01,-3.380270783621e-03,-8.765875378543e-06
932,0.000000000000e+00,-3.367455716569e-03,3.201847266398e-01,-6.837231785842e-04,1.252356082535e-02,3.076611658145e-01,-3.358650610357e-03,-8.805106212044e-06
933,0.000000000000e+00,-3.345627508839e-03,3.201128488954e-01,-6.800402489014e-04,1.306230852120e-02,3.070505403742e-01,-3.336783182726e-03,-8.844326112689e-06
934,0.000000000000e+00,-3.323558908093e-03,3.200394885279e-01,-6.763321822615e-04,1.359774236784e-02,3.064417461601e-01,-3.314675367231e-03,-8.883540861514e-06
935,0.000000000000e+00,-3.301246375425e-03,3.199645315067e-01,-6.726051205638e-04,1.412977668825e-02,3.058347548185e-01,-3.292323680887e-03,-8.922694538106e-06
936,0.000000000000e+00,-3.278693769159e-03,3.198878621023e-01,-6.688508419804e-04,1.465832338977e-02,3.052295387125e-01,-3.269731962406e-03,-8.961806753207e-06
937,0.000000000000e+00,-3.255903437083e-03,3.198093673193e-01,-6.650691801981e-04,1.518329678389e-02,3.046260705354e-01,-3.246902716487e-03,-9.000720596262e-06
938,0.000000000000e+00,-3.232877970441e-03,3.197289342615e-01,-6.612585576606e-04,1.570461182574e-02,3.040243224357e-01,-3.223838489111e-03,-9.039481329507e-06
939,0.000000000000e+00,-3.209622497405e-03,3.196464495322e-01,-6.574241298847e-04,1.622218264315e-02,3.034242668891e-01,-3.200544404445e-03,-9.078092960783e-06
940,0.000000000000e+00,-3.186118773702e-03,3.195617985067e-01,-6.535650562175e-04,1.673592024527e-02,3.028258782614e-01,-3.177002404190e-03,-9.116369512195e-06
941,0.000000000000e+00,-3.162357750566e-03,3.194748713368e-01,-6.496726502991e-04,1.724573989820e-02,3.022291314385e-01,-3.153203414112e-03,-9.154336454220e-06
942,0.000000000000e+00,-3.138336880521e-03,3.193855594507e-01,-6.457415136221e-04,1.775155887152e-02,3.016340005792e-01,-3.129144890111e-03,-9.191990410666e-06
943,0.000000000000e+00,-3.114063311555e-03,3.192937530841e-01,-6.417717609264e-04,1.825329352003e-02,3.010404595641e-01,-3.104834215359e-03,-9.229096196432e-06
944,0.000000000000e+00,-3.089551029303e-03,3.191993438399e-01,-6.377672268119e-04,1.875086182356e-02,3.004484820163e-01,-3.080285249943e-03,-9.265779360089e-06
945,0.000000000000e+00,-3.064800180870e-03,3.191022265831e-01,-6.337231054493e-04,1.924418391632e-02,2.998580426667e-01,-3.055498405460e-03,-9.301775409684e-06
946,0.000000000000e+00,-3.039809237730e-03,3.190022955153e-01,-6.296360575819e-04,1.973318081454e-02,2.992691147008e-01,-3.030471855896e-03,-9.337381833422e-06
947,0.000000000000e+00,-3.014576200790e-03,3.188994461146e-01,-6.255027955922e-04,2.021777601516e-02,2.986816700994e-01,-3.005203308112e-03,-9.372892677281e-06
948,0.000000000000e+00,-2.989090501098e-03,3.187935755703e-01,-6.213159764276e-04,2.069789267501e-02,2.980956828953e-01,-2.979682435000e-03,-9.408066097523e-06
949,0.000000000000e+00,-2.963352023221e-03,3.186845886160e-01,-6.170748294620e-04,2.117346020574e-02,2.975111284102e-01,-2.953908755265e-03,-9.443267955554e-06
950,0.000000000000e+00,-2.937363830350e-03,3.185723907875e-01,-6.127812640431e-04,2.164441147029e-02,2.969279793172e-01,-2.927885624353e-03,-9.478205996933e-06
951,0.000000000000e+00,-2.911119519374e-03,3.184568878548e-01,-6.084344957262e-04,2.211067941404e-02,2.963462084407e-01,-2.901606827512e-03,-9.512691862304e-06
952,0.000000000000e+00,-2.884619229510e-03,3.183379848721e-01,-6.040349732685e-04,2.257219367169e-02,2.957657912004e-01,-2.875072661120e-03,-9.546568390531e-06
953,0.000000000000e+00,-2.857822222745e-03,3.182155872607e-01,-5.995810673013e-04,2.302888503000e-02,2.951867022307e-01,-2.848242236027e-03,-9.579986718878e-06
954,0.000000000000e+00,-2.830688524489e-03,3.180896002515e-01,-5.950664132420e-04,2.348068353342e-02,2.946089167181e-01,-2.821075494865e-03,-9.613029623952e-06
955,0.000000000000e+00,-2.803219270633e-03,3.179599254728e-01,-5.904885932151e-04,2.392751631435e-02,2.940324091584e-01,-2.793573736900e-03,-9.645533733096e-06
956,0.000000000000e+00,-2.775420823367e-03,3.178264724719e-01,-5.858514391105e-04,2.436931746458e-02,2.934571550073e-01,-2.765742484301e-03,-9.678339066297e-06
957,0.000000000000e+00,-2.747295263684e-03,3.176891564834e-01,-5.811510651351e-04,2.480602536136e-02,2.928831311221e-01,-2.737584783279e-03,-9.710480404836e-06
958,0.000000000000e+00,-2.718844184396e-03,3.175478989400e-01,-5.763843285906e-04,2.523758398943e-02,2.923103149506e-01,-2.709101592287e-03,-9.742592109106e-06
959,0.000000000000e+00,-2.690068662224e-03,3.174026315237e-01,-5.715505438169e-04,2.566394748267e-02,2.917386840411e-01,-2.680293601815e-03,-9.775060408423e-06
960,0.000000000000e+00,-2.660958499943e-03,3.172532901997e-01,-5.666459186653e-04,2.608507361105e-02,2.911682165886e-01,-2.651150824452e-03,-9.807675491339e-06
961,0.000000000000e+00,-2.631530117783e-03,3.170998192223e-01,-5.616693232854e-04,2.650092636218e-02,2.905988928602e-01,-2.621690393419e-03,-9.839724363297e-06
962,0.000000000000e+00,-2.601772643821e-03,3.169421622618e-01,-5.566203462387e-04,2.691146655237e-02,2.900306957094e-01,-2.591902407878e-03,-9.870235942784e-06
963,0.000000000000e+00,-2.571664833207e-03,3.167802622469e-01,-5.515002559676e-04,2.731665428709e-02,2.894636079598e-01,-2.561764873109e-03,-9.899960098197e-06
964,0.000000000000e+00,-2.541184043593e-03,3.166140665885e-01,-5.463060119391e-04,2.771645502044e-02,2.888976115680e-01,-2.531254997946e-03,-9.929045646740e-06
965,0.000000000000e+00,-2.510342668616e-03,3.164435263571e-01,-5.410396068453e-04,2.811083876985e-02,2.883326875873e-01,-2.500384853431e-03,-9.957815185374e-06
966,0.000000000000e+00,-2.479158438687e-03,3.162685943965e-01,-5.357000694583e-04,2.849977715773e-02,2.877688172387e-01,-2.469173030512e-03,-9.985408175069e-06
967,0.000000000000e+00,-2.447638931795e-03,3.160892264796e-01,-5.302851703205e-04,2.888324480949e-02,2.872059816701e-01,-2.437627620091e-03,-1.001131170438e-05
968,0.000000000000e+00,-2.415806659446e-03,3.159053809298e-01,-5.247965331810e-04,2.926122054790e-02,2.866441603819e-01,-2.405769405994e-03,-1.003725345265e-05
969,0.000000000000e+00,-2.383668180811e-03,3.157170254257e-01,-5.192331233108e-04,2.963369341596e-02,2.860833320097e-01,-2.373604905051e-03,-1.006327575958e-05
970,0.000000000000e+00,-2.351211838066e-03,3.155241235993e-01,-5.135943695888e-04,3.000064733147e-02,2.855234762679e-01,-2.341124164506e-03,-1.008767356053e-05
971,0.000000000000e+00,-2.318440129987e-03,3.153266472996e-01,-5.078850581013e-04,3.036207318750e-02,2.849645741121e-01,-2.308327804082e-03,-1.011232590485e-05
972,0.000000000000e+00,-2.285361098394e-03,3.151245738744e-01,-5.021040360086e-04,3.071796779860e-02,2.844066060758e-01,-2.275223969567e-03,-1.013712882659e-05
973,0.000000000000e+00,-2.251989101009e-03,3.149178854944e-01,-4.962492029000e-04,3.106833241016e-02,2.838495530843e-01,-2.241827386079e-03,-1.016171493015e-05
974,0.000000000000e+00,-2.218325121622e-03,3.147065654420e-01,-4.903192254243e-04,3.141316824022e-02,2.832933972018e-01,-2.208139746770e-03,-1.018537485261e-05
975,0.000000000000e+00,-2.184362763913e-03,3.144906020114e-01,-4.843169170736e-04,3.175247895161e-02,2.827381230598e-01,-2.174156373654e-03,-1.020639025867e-05
976,0.000000000000e+00,-2.150133351204e-03,3.142699862480e-01,-4.782549131720e-04,3.208627205781e-02,2.821837141902e-01,-2.139906511268e-03,-1.022683993569e-05
977,0.000000000000e+00,-2.115628101514e-03,3.140447122446e-01,-4.721265042578e-04,3.241455670773e-02,2.816301555368e-01,-2.105380699921e-03,-1.024740159286e-05
978,0.000000000000e+00,-2.080846548534e-03,3.138147745219e-01,-4.659300757089e-04,3.273734318176e-02,2.810774313402e-01,-2.070580202103e-03,-1.026634643090e-05
979,0.000000000000e+00,-2.045805130120e-03,3.135801723039e-01,-4.596636799255e-04,3.305464633621e-02,2.805255259677e-01,-2.035518488581e-03,-1.028664153873e-05
980,0.000000000000e+00,-2.010493593173e-03,3.133409034810e-01,-4.533261239377e-04,3.336647790078e-02,2.799744255802e-01,-2.000188588862e-03,-1.030500431102e-05
981,0.000000000000e+00,-1.974931317116e-03,3.130969736664e-01,-4.469275283917e-04,3.367285656363e-02,2.794241171027e-01,-1.964609116800e-03,-1.032220031569e-05
982,0.000000000000e+00,-1.939124983625e-03,3.128483747672e-01,-4.404749594883e-04,3.397378531438e-02,2.788745894528e-01,-1.928785950285e-03,-1.033903334092e-05
983,0.000000000000e+00,-1.903062950317e-03,3.125951052569e-01,-4.339594242493e-04,3.426927738560e-02,2.783258278713e-01,-1.892707683908e-03,-1.035526640912e-05
984,0.000000000000e+00,-1.866761958526e-03,3.123371766587e-01,-4.273828007033e-04,3.455935530084e-02,2.777778213579e-01,-1.856389529156e-03,-1.037242936964e-05
985,0.000000000000e+00,-1.830245931610e-03,3.120745884208e-01,-4.207532730360e-04,3.484402638867e-02,2.772305620322e-01,-1.819854974349e-03,-1.039095726120e-05
986,0.000000000000e+00,-1.793520691182e-03,3.118073420836e-01,-4.140820354016e-04,3.512330128166e-02,2.766840408019e-01,-1.783112132523e-03,-1.040855865907e-05
987,0.000000000000e+00,-1.756595261668e-03,3.115354466880e-01,-4.073696179880e-04,3.539719798457e-02,2.761382487034e-01,-1.746171040980e-03,-1.042422068797e-05
988,0.000000000000e+00,-1.719465521550e-03,3.112589143939e-01,-4.006133964166e-04,3.566573396330e-02,2.755931804306e-01,-1.709027189646e-03,-1.043833190309e-05
989,0.000000000000e+00,-1.682097305699e-03,3.109777540009e-01,-3.938231484008e-04,3.592891518485e-02,2.750488388161e-01,-1.671647767029e-03,-1.044953866919e-05
990,0.000000000000e+00,-1.644387525368e-03,3.106919587512e-01,-3.870104878816e-04,3.618674426723e-02,2.745052144840e-01,-1.633930065320e-03,-1.045746004780e-05
991,0.000000000000e+00,-1.606341875646e-03,3.104015314713e-01,-3.801811731082e-04,3.643923496260e-02,2.739622965087e-01,-1.595875137456e-03,-1.046673818944e-05
992,0.000000000000e+00,-1.567976861503e-03,3.101064598861e-01,-3.733383526281e-04,3.668639399877e-02,2.734200658873e-01,-1.557499508586e-03,-1.047735291647e-05
993,0.000000000000e+00,-1.529294202351e-03,3.098067179355e-01,-3.664705866823e-04,3.692821609577e-02,2.728785018397e-01,-1.518806449663e-03,-1.048775268736e-05
994,0.000000000000e+00,-1.490319594552e-03,3.095022974247e-01,-3.595697428354e-04,3.716471506612e-02,2.723375823586e-01,-1.479819192055e-03,-1.050040249700e-05
995,0.000000000000e+00,-1.451094195380e-03,3.091932008059e-01,-3.526422810768e-04,3.739591448309e-02,2.717972863228e-01,-1.440581325659e-03,-1.051286972129e-05
996,0.000000000000e+00,-1.411695823445e-03,3.088794479712e-01,-3.456867312874e-04,3.762185551412e-02,2.712575924571e-01,-1.401167005246e-03,-1.052881819967e-05
997,0.000000000000e+00,-1.372114379126e-03,3.085610683626e-01,-3.387029305918e-04,3.784258507224e-02,2.707184832904e-01,-1.361572262064e-03,-1.054211706233e-05
998,0.000000000000e+00,-1.332406674649e-03,3.082380904054e-01,-3.316873323984e-04,3.805814421807e-02,2.701799461873e-01,-1.321851628283e-03,-1.055504636602e-05
999,0.000000000000e+00,-1.292582513082e-03,3.079105477695e-01,-3.246332901287e-04,3.826857964443e-02,2.696419681251e-01,-1.282017446796e-03,-1.056506628650e-05
1000,0.000000000000e+00,-1.252713965906e-03,3.075784767883e-01,-3.175490125691e-04,3.847393813193e-02,2.691045386564e-01,-1.242137596918e-03,-1.057636898833e-05
1001,0.000000000000e+00,-1.212849728081e-03,3.072419247276e-01,-3.104473964966e-04,3.867428052072e-02,2.685676442069e-01,-1.202262862301e-03,-1.058686577990e-05
1002,0.000000000000e+00,-1.173025864525e-03,3.069009252542e-01,-3.033290532319e-04,3.886964967115e-02,2.680312755830e-01,-1.162430770236e-03,-1.059509428945e-05
1003,0.000000000000e+00,-1.133300686565e-03,3.065555164818e-01,-2.962069599266e-04,3.906009337354e-02,2.674954231083e-01,-1.122697719275e-03,-1.060296728963e-05
1004,0.000000000000e+00,-1.093706088032e-03,3.062057419722e-01,-2.890729244712e-04,3.924566612720e-02,2.669600758450e-01,-1.083092295125e-03,-1.061379290741e-05
1005,0.000000000000e+00,-1.054219428877e-03,3.058516423794e-01,-2.819358149813e-04,3.942642004371e-02,2.664252223357e-01,-1.043597964915e-03,-1.062146396176e-05
1006,0.000000000000e+00,-1.014855263605e-03,3.054932576455e-01,-2.747994943466e-04,3.960240548052e-02,2.658908521650e-01,-1.004228630928e-03,-1.062663267717e-05
1007,0.000000000000e+00,-9.756316788994e-04,3.051306248196e-01,-2.676527420046e-04,3.977366963976e-02,2.653569551799e-01,-9.649971767684e-04,-1.063450213095e-05
1008,0.000000000000e+00,-9.365585067884e-04,3.047637829381e-01,-2.604999371633e-04,3.994026338438e-02,2.648235195537e-01,-9.259175780389e-04,-1.064092874955e-05
1009,0.000000000000e+00,-8.976605561413e-04,3.043927703327e-01,-2.533398848008e-04,4.010223216094e-02,2.642905381718e-01,-8.870156228547e-04,-1.064493328666e-05
1010,0.000000000000e+00,-8.589536690026e-04,3.040176350909e-01,-2.461753682526e-04,4.025963362145e-02,2.637580014694e-01,-8.483040611867e-04,-1.064960781584e-05
1011,0.000000000000e+00,-8.204110915426e-04,3.036384181155e-01,-2.390161259218e-04,4.041251420122e-02,2.632259039143e-01,-8.097583375412e-04,-1.065275400140e-05
1012,0.000000000000e+00,-7.820025718687e-04,3.032551585214e-01,-2.318655840568e-04,4.056091890678e-02,2.626942396146e-01,-7.713489457167e-04,-1.065362615195e-05
1013,0.000000000000e+00,-7.437650952452e-04,3.028678375814e-01,-2.247284043145e-04,4.070483009364e-02,2.621630074878e-01,-7.331082350633e-04,-1.065686018186e-05
1014,0.000000000000e+00,-7.057151706726e-04,3.024764560322e-01,-2.176171820581e-04,4.084425790422e-02,2.616321981280e-01,-6.950560473484e-04,-1.065912332420e-05
1015,0.000000000000e+00,-6.679521459395e-04,3.020810332955e-01,-2.105147262937e-04,4.097923377585e-02,2.611017995197e-01,-6.572892421688e-04,-1.066290377067e-05
1016,0.000000000000e+00,-6.305733384756e-04,3.016815679846e-01,-2.034048261273e-04,4.110975732803e-02,2.605718106566e-01,-6.199030602573e-04,-1.067027821832e-05
1017,0.000000000000e+00,-5.935574859797e-04,3.012780293290e-01,-1.962913410606e-04,4.123580193719e-02,2.600422273918e-01,-5.828806589851e-04,-1.067682699463e-05
1018,0.000000000000e+00,-5.569566732435e-04,3.008704039197e-01,-1.891852905490e-04,4.135736516016e-02,2.595130387595e-01,-5.462746929783e-04,-1.068198026522e-05
1019,0.000000000000e+00,-5.206867577232e-04,3.004586771286e-01,-1.820908952426e-04,4.147443820525e-02,2.589842389233e-01,-5.100030268370e-04,-1.068373088617e-05
1020,0.000000000000e+00,-4.847270244728e-04,3.000427990508e-01,-1.750038157800e-04,4.158697408368e-02,2.584558249671e-01,-4.740437133895e-04,-1.068331108322e-05
1021,0.000000000000e+00,-4.480771674884e-04,2.996226190736e-01,-1.680685055494e-04,4.169479731501e-02,2.579278217586e-01,-4.374010704439e-04,-1.067609704449e-05
1022,0.000000000000e+00,-4.099562172789e-04,2.991980568548e-01,-1.613443671651e-04,4.179783828998e-02,2.574002185648e-01,-3.992895285858e-04,-1.066668869306e-05
1023,0.000000000000e+00,-3.705598135315e-04,2.987690776069e-01,-1.547484063294e-04,4.189609441797e-02,2.568729831889e-01,-3.598990369014e-04,-1.066077663009e-05
1024,0.000000000000e+00,-3.314503164045e-04,2.983355963950e-01,-1.481241976131e-04,4.198948261969e-02,2.563461137754e-01,-3.207891678065e-04,-1.066114859797e-05
1025,0.000000000000e+00,-2.927619220033e-04,2.978976273503e-01,-1.414924125368e-04,4.207805538161e-02,2.558195719687e-01,-2.820990919829e-04,-1.066283002039e-05
1026,0.000000000000e+00,-2.542513118259e-04,2.974552151716e-01,-1.348685314332e-04,4.216188217967e-02,2.552933329920e-01,-2.435878370375e-04,-1.066347478842e-05
1027,0.000000000000e+00,-2.158010064984e-04,2.970084036606e-01,-1.282518480171e-04,4.224101514864e-02,2.547673885120e-01,-2.051399017217e-04,-1.066110477672e-05
1028,0.000000000000e+00,-1.775699818424e-04,2.965572324032e-01,-1.216662875549e-04,4.231549713638e-02,2.542417352668e-01,-1.669129275678e-04,-1.065705427456e-05
1029,0.000000000000e+00,-1.395725982790e-04,2.961017414475e-01,-1.151043779184e-04,4.238537180572e-02,2.537163696418e-01,-1.289193694575e-04,-1.065322882150e-05
1030,0.000000000000e+00,-1.018418476750e-04,2.956419694855e-01,-1.085902999194e-04,4.245067899793e-02,2.531912904875e-01,-9.119424813418e-05,-1.064759954080e-05
1031,0.000000000000e+00,-6.438496209373e-05,2.951779332198e-01,-1.021117197293e-04,4.251143759099e-02,2.526664956288e-01,-5.374328453515e-05,-1.064167755857e-05
1032,0.000000000000e+00,-2.721027090105e-05,2.947096550379e-01,-9.568900256113e-05,4.256767383054e-02,2.521419812074e-01,-1.657673292239e-05,-1.063353797865e-05
1033,0.000000000000e+00,9.702014529123e-06,2.942371613838e-01,-8.931029903503e-05,4.261942005194e-02,2.516177413318e-01,2.032667506595e-05,-1.062466053683e-05
1034,0.000000000000e+00,4.636128388732e-05,2.937604722535e-01,-8.295197712198e-05,4.266670055370e-02,2.510937716998e-01,5.697781625640e-05,-1.061653236907e-05
1035,0.000000000000e+00,8.264287720399e-05,2.932796058080e-01,-7.660555165731e-05,4.270954209112e-02,2.505700637169e-01,9.325059146943e-05,-1.060771426545e-05
1036,0.000000000000e+00,1.179653885201e-04,2.927946042958e-01,-7.019775481936e-05,4.274800283033e-02,2.500466014655e-01,1.285672425218e-04,-1.060185400165e-05
1037,0.000000000000e+00,1.522116125582e-04,2.923054797933e-01,-6.377629059285e-05,4.278208843591e-02,2.495233913574e-01,1.628050624152e-04,-1.059344985700e-05
1038,0.000000000000e+00,1.866146369520e-04,2.918121996992e-01,-5.745769037947e-05,4.281175342387e-02,2.490004462753e-01,1.971971554274e-04,-1.058251847542e-05
1039,0.000000000000e+00,2.216758581644e-04,2.913147317538e-01,-5.123369429597e-05,4.283696577504e-02,2.484777659788e-01,2.322448277600e-04,-1.056896959554e-05
1040,0.000000000000e+00,2.563869374974e-04,2.908130219167e-01,-4.502466175289e-05,4.285765848542e-02,2.479553634313e-01,2.669449206115e-04,-1.055798311412e-05
1041,0.000000000000e+00,2.906219859575e-04,2.903070419306e-01,-3.882855788311e-05,4.287381548158e-02,2.474332264490e-01,3.011709735271e-04,-1.054898756958e-05
1042,0.000000000000e+00,3.246963359813e-04,2.897967017443e-01,-3.270516245042e-05,4.288536050621e-02,2.469113412381e-01,3.352371051900e-04,-1.054076920868e-05
1043,0.000000000000e+00,3.589806119435e-04,2.892819223906e-01,-2.664367497881e-05,4.289222686073e-02,2.463896955299e-01,3.695106756235e-04,-1.053006367994e-05
1044,0.000000000000e+00,3.938492489699e-04,2.887627156511e-01,-2.053228389619e-05,4.289443502624e-02,2.458682806249e-01,4.043637272765e-04,-1.051447830659e-05
1045,0.000000000000e+00,4.290363946137e-04,2.882391299884e-01,-1.442580721716e-05,4.289203716081e-02,2.453470928276e-01,4.395310516649e-04,-1.049465705121e-05
1046,0.000000000000e+00,4.645817982957e-04,2.877112390827e-01,-8.400976138731e-06,4.288512125780e-02,2.448261178249e-01,4.750435464803e-04,-1.046174818457e-05
1047,0.000000000000e+00,5.001311034879e-04,2.871791649631e-01,-2.446011981651e-06,4.287383916000e-02,2.443053258031e-01,5.105607317772e-04,-1.042962828926e-05
1048,0.000000000000e+00,5.337452778165e-04,2.866431808799e-01,3.613882920984e-06,4.285855260408e-02,2.437846282759e-01,5.441560573352e-04,-1.041077951872e-05
1049,0.000000000000e+00,5.616514111949e-04,2.861036900520e-01,1.003103977922e-05,4.283975324924e-02,2.432639368027e-01,5.720670823945e-04,-1.041567119960e-05
1050,0.000000000000e+00,5.872638959713e-04,2.855607618706e-01,1.636062496956e-05,4.281744994629e-02,2.427433119243e-01,5.976820318595e-04,-1.041813588816e-05
1051,0.000000000000e+00,6.138489739382e-04,2.850144928663e-01,2.239308431203e-05,4.279169755187e-02,2.422227953144e-01,6.242544551238e-04,-1.040548118556e-05
1052,0.000000000000e+00,6.397966212296e-04,2.844647981584e-01,2.835604747451e-05,4.276232760590e-02,2.417024705525e-01,6.501892395081e-04,-1.039261827847e-05
1053,0.000000000000e+00,6.659925328926e-04,2.839115763610e-01,3.425613202435e-05,4.272918429706e-02,2.411823920640e-01,6.763737994985e-04,-1.038126660590e-05
1054,0.000000000000e+00,6.930080475988e-04,2.833546776947e-01,4.003404719477e-05,4.269206482160e-02,2.406626128731e-01,7.033735700728e-04,-1.036552247409e-05
1055,0.000000000000e+00,7.204573077763e-04,2.827939123525e-01,4.568324626434e-05,4.265072708566e-02,2.401431852668e-01,7.308006696531e-04,-1.034336187678e-05
1056,0.000000000000e+00,7.476529483189e-04,2.822291723604e-01,5.124371138900e-05,4.260507150582e-02,2.396241008546e-01,7.579758717611e-04,-1.032292344215e-05
1057,0.000000000000e+00,7.746151746330e-04,2.816604176634e-01,5.670802528295e-05,4.255508881270e-02,2.391053288507e-01,7.849177152983e-04,-1.030254066528e-05
1058,0.000000000000e+00,8.013705348741e-04,2.810876366397e-01,6.208177727758e-05,4.250078785317e-02,2.385868487865e-01,8.116525649835e-04,-1.028203010938e-05
1059,0.000000000000e+00,8.279579502709e-04,2.805108094258e-01,6.738409167521e-05,4.244216117262e-02,2.380686482532e-01,8.382197832680e-04,-1.026183299706e-05
1060,0.000000000000e+00,8.542956124980e-04,2.799299343598e-01,7.257728774651e-05,4.237921201661e-02,2.375507223432e-01,8.645359733127e-04,-1.024036081469e-05
1061,0.000000000000e+00,8.803693573063e-04,2.793450201713e-01,7.765632735362e-05,4.231195172368e-02,2.370330684476e-01,8.905876878503e-04,-1.021833054396e-05
1062,0.000000000000e+00,9.062241770698e-04,2.787560741195e-01,8.265364066489e-05,4.224038952704e-02,2.365156845925e-01,9.164208962576e-04,-1.019671918784e-05
1063,0.000000000000e+00,9.318548200938e-04,2.781630944372e-01,8.758369752021e-05,4.216452282156e-02,2.359985716156e-01,9.420282743148e-04,-1.017345422101e-05
1064,0.000000000000e+00,9.572463114342e-04,2.775660816061e-01,9.244945265364e-05,4.208434791191e-02,2.354817336942e-01,9.673969347299e-04,-1.015062329563e-05
1065,0.000000000000e+00,9.824020159149e-04,2.769650447652e-01,9.727622500492e-05,4.199986996841e-02,2.349651747968e-01,9.925293181237e-04,-1.012730220885e-05
1066,0.000000000000e+00,1.007321386815e-03,2.763599990697e-01,1.020717437933e-04,4.191109881615e-02,2.344489002535e-01,1.017423303518e-03,-1.010191670280e-05
1067,0.000000000000e+00,1.032000323888e-03,2.757509680811e-01,1.068548714727e-04,4.181804962351e-02,2.339329184576e-01,1.042077759154e-03,-1.007743526644e-05
1068,0.000000000000e+00,1.056401664801e-03,2.751379789031e-01,1.116274686090e-04,4.172074269513e-02,2.334172362080e-01,1.066453855391e-03,-1.005219058970e-05
1069,0.000000000000e+00,1.080527918592e-03,2.745210818240e-01,1.164073575014e-04,4.161922032389e-02,2.329018615001e-01,1.090553757995e-03,-1.002583940352e-05
1070,0.000000000000e+00,1.104343477660e-03,2.739003177379e-01,1.211870960819e-04,4.151351561655e-02,2.323868021213e-01,1.114343534409e-03,-1.000005674838e-05
1071,0.000000000000e+00,1.127831087328e-03,2.732757663579e-01,1.259828586151e-04,4.140369927553e-02,2.318720670824e-01,1.137803963591e-03,-9.972876262452e-06
1072,0.000000000000e+00,1.151006923731e-03,2.726474785142e-01,1.307849880537e-04,4.128981289801e-02,2.313576656162e-01,1.160950816079e-03,-9.943892347978e-06
1073,0.000000000000e+00,1.173955371077e-03,2.720154994460e-01,1.355736381908e-04,4.117189193558e-02,2.308436075104e-01,1.183870104384e-03,-9.914733306721e-06
1074,0.000000000000e+00,1.196771629899e-03,2.713798644347e-01,1.403633247710e-04,4.104996367285e-02,2.303299007619e-01,1.206655266350e-03,-9.883636451445e-06
1075,0.000000000000e+00,1.219449077295e-03,2.707406445053e-01,1.451601302827e-04,4.092408977016e-02,2.298165547351e-01,1.229302146586e-03,-9.853069291040e-06
1076,0.000000000000e+00,1.241963169402e-03,2.700978998392e-01,1.499565670237e-04,4.079432186454e-02,2.293035779746e-01,1.251784483504e-03,-9.821314102500e-06
1077,0.000000000000e+00,1.264364170871e-03,2.694517112938e-01,1.548017460685e-04,4.066072988266e-02,2.287909814111e-01,1.274153364988e-03,-9.789194117081e-06
1078,0.000000000000e+00,1.286579844703e-03,2.688021336352e-01,1.596706947018e-04,4.052335762623e-02,2.282787760089e-01,1.296337169103e-03,-9.757324399809e-06
1079,0.000000000000e+00,1.308558194567e-03,2.681492437049e-01,1.645513624512e-04,4.038227069986e-02,2.277669730050e-01,1.318282599269e-03,-9.724404701850e-06
1080,0.000000000000e+00,1.330316212922e-03,2.674931389856e-01,1.694606159600e-04,4.023755470887e-02,2.272555842767e-01,1.340008818369e-03,-9.692605446956e-06
1081,0.000000000000e+00,1.351805372517e-03,2.668339349602e-01,1.743821404140e-04,4.008931464912e-02,2.267446203110e-01,1.361465596299e-03,-9.660223782107e-06
1082,0.000000000000e+00,1.373126209435e-03,2.661718086960e-01,1.793195310414e-04,3.993771561915e-02,2.262340930768e-01,1.382753432592e-03,-9.627223157395e-06
1083,0.000000000000e+00,1.394987169345e-03,2.655069262659e-01,1.844047046655e-04,3.978291566116e-02,2.257240106048e-01,1.404580489347e-03,-9.593320002084e-06
1084,0.000000000000e+00,1.416862535815e-03,2.648393750938e-01,1.894735783478e-04,3.962498888608e-02,2.252143862077e-01,1.426421287339e-03,-9.558751523237e-06
1085,0.000000000000e+00,1.438437148043e-03,2.641692411371e-01,1.944577092160e-04,3.946400946473e-02,2.247052316724e-01,1.447961087110e-03,-9.523939067249e-06
1086,0.000000000000e+00,1.459863428120e-03,2.634965965664e-01,1.993687614527e-04,3.930003388895e-02,2.241965626775e-01,1.469351215945e-03,-9.487787824920e-06
1087,0.000000000000e+00,1.480781066411e-03,2.628214238892e-01,2.041861983731e-04,3.913302867920e-02,2.236883952100e-01,1.490233109095e-03,-9.452042683925e-06
1088,0.000000000000e+00,1.502835420822e-03,2.621435110609e-01,2.087432076049e-04,3.896276997203e-02,2.231807410889e-01,1.512253024151e-03,-9.417603329418e-06
1089,0.000000000000e+00,1.527079850811e-03,2.614625861891e-01,2.129356721015e-04,3.878897379916e-02,2.226736123899e-01,1.536465156452e-03,-9.385305640956e-06
1090,0.000000000000e+00,1.551055294147e-03,2.607784657755e-01,2.169897304002e-04,3.861144084101e-02,2.221670249345e-01,1.560407753678e-03,-9.352459531218e-06
1091,0.000000000000e+00,1.573596027812e-03,2.600912701836e-01,2.209901964514e-04,3.843027387758e-02,2.216609963060e-01,1.582916328223e-03,-9.320300411009e-06
1092,0.000000000000e+00,1.594673510228e-03,2.594011983577e-01,2.249239905890e-04,3.824565426726e-02,2.211555440904e-01,1.603961803176e-03,-9.288292948400e-06
1093,0.000000000000e+00,1.614513277554e-03,2.587084256496e-01,2.287981830890e-04,3.805774083389e-02,2.206506848157e-01,1.623768569706e-03,-9.255292152385e-06
1094,0.000000000000e+00,1.633272440536e-03,2.580131262843e-01,2.326244380526e-04,3.786669073836e-02,2.201464355460e-01,1.642494229999e-03,-9.221789462204e-06
1095,0.000000000000e+00,1.651087681509e-03,2.573154960400e-01,2.364414431997e-04,3.767268250580e-02,2.196428135342e-01,1.660274539384e-03,-9.186857874531e-06
1096,0.000000000000e+00,1.667974356048e-03,2.566157361364e-01,2.402892729454e-04,3.747590681595e-02,2.191398293205e-01,1.677125774241e-03,-9.151418193215e-06
1097,0.000000000000e+00,1.683935527317e-03,2.559140855309e-01,2.441796206822e-04,3.727658451659e-02,2.186375010143e-01,1.693050530507e-03,-9.115003190559e-06
1098,0.000000000000e+00,1.699274919446e-03,2.552107938067e-01,2.480971962805e-04,3.707494874183e-02,2.181358450649e-01,1.708352882099e-03,-9.077962653238e-06
1099,0.000000000000e+00,1.714594276100e-03,2.545060763224e-01,2.519951654904e-04,3.687120191139e-02,2.176348744110e-01,1.723634601553e-03,-9.040325452930e-06
1100,0.000000000000e+00,1.729992756221e-03,2.538000756433e-01,2.558522185546e-04,3.666547202489e-02,2.171346036184e-01,1.738995278629e-03,-9.002522407530e-06
1101,0.000000000000e+00,1.745480378513e-03,2.530928887782e-01,2.596645553734e-04,3.645784274138e-02,2.166350460368e-01,1.754445035036e-03,-8.964656523017e-06
1102,0.000000000000e+00,1.760919380406e-03,2.523846181569e-01,2.634190202660e-04,3.624839985905e-02,2.161362182978e-01,1.769845717291e-03,-8.926336884892e-06
1103,0.000000000000e+00,1.776336379917e-03,2.516753650422e-01,2.671313249837e-04,3.603723300593e-02,2.156381320363e-01,1.785224212052e-03,-8.887832135364e-06
1104,0.000000000000e+00,1.791642346155e-03,2.509653049984e-01,2.708302825840e-04,3.582450494105e-02,2.151408000573e-01,1.800491619348e-03,-8.849273193385e-06
1105,0.000000000000e+00,1.806324735888e-03,2.502545751124e-01,2.745167935705e-04,3.561033878819e-02,2.146442363242e-01,1.815135316206e-03,-8.810580317393e-06
1106,0.000000000000e+00,1.820126959886e-03,2.495432860897e-01,2.781469419277e-04,3.539484151726e-02,2.141484445724e-01,1.828900203309e-03,-8.773243422572e-06
1107,0.000000000000e+00,1.833697656170e-03,2.488315355959e-01,2.816848811823e-04,3.517809833898e-02,2.136534372570e-01,1.842434174543e-03,-8.736518372448e-06
1108,0.000000000000e+00,1.846853470870e-03,2.481194148048e-01,2.851235952235e-04,3.496019159703e-02,2.131592232078e-01,1.855551978353e-03,-8.698507483459e-06
1109,0.000000000000e+00,1.859253437851e-03,2.474070154850e-01,2.884591991874e-04,3.474118896087e-02,2.126658265242e-01,1.867913532080e-03,-8.660094228889e-06
1110,0.000000000000e+00,1.871192916481e-03,2.466944245918e-01,2.916474056123e-04,3.452115788304e-02,2.121732667087e-01,1.879815132955e-03,-8.622216474143e-06
1111,0.000000000000e+00,1.882576320028e-03,2.459816921181e-01,2.946376072693e-04,3.430013185743e-02,2.116815602607e-01,1.891160971820e-03,-8.584651792399e-06
1112,0.000000000000e+00,1.892964193773e-03,2.452688127999e-01,2.973328345071e-04,3.407809912698e-02,2.111907136729e-01,1.901512707014e-03,-8.548513240958e-06
1113,0.000000000000e+00,1.902301967299e-03,2.445558096380e-01,2.997400940264e-04,3.385506868913e-02,2.107007409488e-01,1.910816147719e-03,-8.514180420082e-06
1114,0.000000000000e+00,1.911241672898e-03,2.438427626289e-01,3.020627851322e-04,3.363110487752e-02,2.102116577514e-01,1.919720783678e-03,-8.479110780101e-06
1115,0.000000000000e+00,1.919890529094e-03,2.431297626995e-01,3.043441450530e-04,3.340628922542e-02,2.097234734741e-01,1.928332864332e-03,-8.442335237904e-06
1116,0.000000000000e+00,1.928221647374e-03,2.424169201235e-01,3.065622408974e-04,3.318071088266e-02,2.092362092408e-01,1.936627006432e-03,-8.405359058243e-06
1117,0.000000000000e+00,1.936124465567e-03,2.417043284867e-01,3.087207941298e-04,3.295445000953e-02,2.087498784772e-01,1.944492355211e-03,-8.367889643798e-06
1118,0.000000000000e+00,1.943624845330e-03,2.409921148785e-01,3.107811972804e-04,3.272762184318e-02,2.082644930353e-01,1.951955322790e-03,-8.330477459674e-06
1119,0.000000000000e+00,1.950691499699e-03,2.402803754087e-01,3.127447691227e-04,3.250031166063e-02,2.077800637481e-01,1.958984549288e-03,-8.293049589534e-06
1120,0.000000000000e+00,1.957326545625e-03,2.395692298581e-01,3.146009271867e-04,3.227261742199e-02,2.072966124361e-01,1.965582502273e-03,-8.255956647892e-06
1121,0.000000000000e+00,1.963584686739e-03,2.388587516341e-01,3.163474531035e-04,3.204460713797e-02,2.068141444962e-01,1.971803750074e-03,-8.219063335624e-06
1122,0.000000000000e+00,1.969474630250e-03,2.381490365818e-01,3.179785407557e-04,3.181637424344e-02,2.063326623383e-01,1.977656764993e-03,-8.182134743127e-06
1123,0.000000000000e+00,1.974942836882e-03,2.374401360662e-01,3.194908510205e-04,3.158796213628e-02,2.058521739299e-01,1.983088040039e-03,-8.145203157105e-06
1124,0.000000000000e+00,1.979968129958e-03,2.367321063983e-01,3.208766455238e-04,3.135941736641e-02,2.053726890319e-01,1.988076719111e-03,-8.108589153292e-06
1125,0.000000000000e+00,1.984564776543e-03,2.360250029803e-01,3.221445672496e-04,3.113078536560e-02,2.048942176147e-01,1.992636981583e-03,-8.072205040499e-06
1126,0.000000000000e+00,1.988705854720e-03,2.353188829139e-01,3.233033866181e-04,3.090211327293e-02,2.044167696410e-01,1.996741688181e-03,-8.035833460425e-06
1127,0.000000000000e+00,1.992399548812e-03,2.346138011420e-01,3.243530520391e-04,3.067344609787e-02,2.039403550441e-01,2.000399254328e-03,-7.999705515746e-06
1128,0.000000000000e+00,1.995637581542e-03,2.339098259859e-01,3.252937886938e-04,3.044484279878e-02,2.034649831871e-01,2.003601441211e-03,-7.963859668468e-06
1129,0.000000000000e+00,1.998396170657e-03,2.332070077761e-01,3.261220181616e-04,3.021634470066e-02,2.029906630755e-01,2.006324353369e-03,-7.928182711990e-06
1130,0.000000000000e+00,2.000675439058e-03,2.325054037424e-01,3.268358255191e-04,2.998799984622e-02,2.025174038962e-01,2.008568086050e-03,-7.892646991862e-06
1131,0.000000000000e+00,2.002468899054e-03,2.318050923443e-01,3.274347112147e-04,2.975987744598e-02,2.020452148983e-01,2.010325893805e-03,-7.856994750955e-06
1132,0.000000000000e+00,2.003757299321e-03,2.311061697619e-01,3.279233020943e-04,2.953206551756e-02,2.015741042443e-01,2.011578509359e-03,-7.821210038263e-06
1133,0.000000000000e+00,2.004532736407e-03,2.304087005032e-01,3.282967570142e-04,2.930462061171e-02,2.011040798915e-01,2.012318292154e-03,-7.785555747520e-06
1134,0.000000000000e+00,2.004796159791e-03,2.297127420763e-01,3.285542718028e-04,2.907759109121e-02,2.006351509850e-01,2.012546204060e-03,-7.750044268563e-06
1135,0.000000000000e+00,2.004499231504e-03,2.290183835954e-01,3.286998862200e-04,2.885105666630e-02,2.001673269291e-01,2.012213743885e-03,-7.714512381080e-06
1136,0.000000000000e+00,2.003660979930e-03,2.283256696256e-01,3.287297653031e-04,2.862505373926e-02,1.997006158863e-01,2.011339927683e-03,-7.678947753560e-06
1137,0.000000000000e+00,2.002280558793e-03,2.276346312698e-01,3.286442162997e-04,2.839960554555e-02,1.992350257243e-01,2.009924081245e-03,-7.643522451656e-06
1138,0.000000000000e+00,2.000371699685e-03,2.269453100085e-01,3.284452494086e-04,2.817474527848e-02,1.987705647300e-01,2.007980027999e-03,-7.608328314728e-06
1139,0.000000000000e+00,1.997929608314e-03,2.262577426962e-01,3.281339704349e-04,2.795050171662e-02,1.983072409796e-01,2.005502905822e-03,-7.573297507916e-06
1140,0.000000000000e+00,1.994964307873e-03,2.255719630002e-01,3.277152584854e-04,2.772690107904e-02,1.978450619212e-01,2.002502791151e-03,-7.538483278010e-06
1141,0.000000000000e+00,1.991483010150e-03,2.248880036261e-01,3.271879232076e-04,2.750396882817e-02,1.973840347980e-01,1.998986985204e-03,-7.503975054324e-06
1142,0.000000000000e+00,1.987481322376e-03,2.242058981489e-01,3.265512543206e-04,2.728173142543e-02,1.969241667234e-01,1.994951087827e-03,-7.469765451456e-06
1143,0.000000000000e+00,1.982955074900e-03,2.235256809868e-01,3.258090962691e-04,2.706021616634e-02,1.964654648204e-01,1.990390867974e-03,-7.435793074575e-06
1144,0.000000000000e+00,1.977899551303e-03,2.228473857641e-01,3.249630241535e-04,2.683944993854e-02,1.960079358255e-01,1.985301509498e-03,-7.401958195000e-06
1145,0.000000000000e+00,1.972329577821e-03,2.221710499790e-01,3.240130889135e-04,2.661946368073e-02,1.955515862983e-01,1.979697669953e-03,-7.368092131633e-06
1146,0.000000000000e+00,1.966248770334e-03,2.214966971362e-01,3.229601679954e-04,2.640027444785e-02,1.950964226883e-01,1.973583239422e-03,-7.334469087917e-06
1147,0.000000000000e+00,1.959657820736e-03,2.208243548658e-01,3.218056018681e-04,2.618190369062e-02,1.946424511751e-01,1.966959283961e-03,-7.301463224896e-06
1148,0.000000000000e+00,1.952574610689e-03,2.201540470880e-01,3.205513139735e-04,2.596437003987e-02,1.941896770482e-01,1.959843503682e-03,-7.268892992880e-06
1149,0.000000000000e+00,1.945006956619e-03,2.194857981560e-01,3.191983984255e-04,2.574769130819e-02,1.937381068479e-01,1.952243594879e-03,-7.236638260056e-06
1150,0.000000000000e+00,1.936955135990e-03,2.188196328104e-01,3.177474701490e-04,2.553188570021e-02,1.932877471102e-01,1.944159672152e-03,-7.204536162093e-06
1151,0.000000000000e+00,1.928425050969e-03,2.181555733237e-01,3.162031001749e-04,2.531696902315e-02,1.928386043006e-01,1.935597507547e-03,-7.172456577645e-06
1152,0.000000000000e+00,1.919424177839e-03,2.174936448445e-01,3.145655659865e-04,2.510296044680e-02,1.923906843977e-01,1.926564471355e-03,-7.140293516192e-06
1153,0.000000000000e+00,1.909961601202e-03,2.168338620319e-01,3.128377004789e-04,2.488986871041e-02,1.919439933214e-01,1.917069937060e-03,-7.108335857682e-06
1154,0.000000000000e+00,1.900035746368e-03,2.161762394518e-01,3.110190006707e-04,2.467770307638e-02,1.914985363755e-01,1.907112280411e-03,-7.076534043155e-06
1155,0.000000000000e+00,1.889658375592e-03,2.155207905237e-01,3.091123811711e-04,2.446647132239e-02,1.910543192013e-01,1.896702994153e-03,-7.044618561829e-06
1156,0.000000000000e+00,1.878839302166e-03,2.148675283776e-01,3.071203136082e-04,2.425618058837e-02,1.906113477893e-01,1.885851819453e-03,-7.012517286939e-06
1157,0.000000000000e+00,1.867589021027e-03,2.142164645606e-01,3.050452442594e-04,2.404683612913e-02,1.901696284315e-01,1.874569613192e-03,-6.980592165124e-06
1158,0.000000000000e+00,1.855915315597e-03,2.135676100103e-01,3.028893930900e-04,2.383844339771e-02,1.897291666126e-01,1.862864000311e-03,-6.948684713770e-06
1159,0.000000000000e+00,1.843827166720e-03,2.129209721171e-01,3.006566581542e-04,2.363100409886e-02,1.892899680182e-01,1.850743971197e-03,-6.916804476816e-06
1160,0.000000000000e+00,1.831338495323e-03,2.122765613590e-01,2.983514784584e-04,2.342452288595e-02,1.888520384730e-01,1.838223314932e-03,-6.884819609457e-06
1161,0.000000000000e+00,1.818465427138e-03,2.116343919046e-01,2.959799475552e-04,2.321900789332e-02,1.884153840112e-01,1.825318027542e-03,-6.852600403456e-06
1162,0.000000000000e+00,1.805224869853e-03,2.109944742451e-01,2.935491539595e-04,2.301446400916e-02,1.879800102360e-01,1.812045258377e-03,-6.820388524421e-06
1163,0.000000000000e+00,1.791640789413e-03,2.103568215440e-01,2.910644271672e-04,2.281090028167e-02,1.875459212624e-01,1.798428885155e-03,-6.788095741132e-06
1164,0.000000000000e+00,1.777710868765e-03,2.097214481551e-01,2.885143680771e-04,2.260832649052e-02,1.871131216646e-01,1.784466925733e-03,-6.756056968206e-06
1165,0.000000000000e+00,1.763439169319e-03,2.090883662472e-01,2.859007101358e-04,2.240674802533e-02,1.866816182218e-01,1.770163387568e-03,-6.724218249302e-06
1166,0.000000000000e+00,1.748823936742e-03,2.084575875278e-01,2.832259734705e-04,2.220616930475e-02,1.862514182231e-01,1.755516348501e-03,-6.692411758728e-06
1167,0.000000000000e+00,1.733912608517e-03,2.078291311883e-01,2.804981505285e-04,2.200659568758e-02,1.858225355008e-01,1.740571832550e-03,-6.659224032996e-06
1168,0.000000000000e+00,1.718725866057e-03,2.072030071951e-01,2.777230845462e-04,2.180803432871e-02,1.853949728664e-01,1.725352369882e-03,-6.626503824522e-06
1169,0.000000000000e+00,1.703236690707e-03,2.065792257013e-01,2.748972793590e-04,2.161049262915e-02,1.849687330722e-01,1.709830961625e-03,-6.594270917418e-06
1170,0.000000000000e+00,1.687428848359e-03,2.059577937785e-01,2.720186399228e-04,2.141397612392e-02,1.845438176546e-01,1.693991383653e-03,-6.562535294363e-06
1171,0.000000000000e+00,1.671305124137e-03,2.053387197995e-01,2.690852169100e-04,2.121848936908e-02,1.841202304304e-01,1.677836244248e-03,-6.531120111807e-06
1172,0.000000000000e+00,1.654873298811e-03,2.047220130200e-01,2.660986470959e-04,2.102403701959e-02,1.836979760005e-01,1.661373276340e-03,-6.499977529612e-06
1173,0.000000000000e+00,1.638141194555e-03,2.041076832075e-01,2.630618236979e-04,2.083062377402e-02,1.832770594335e-01,1.644610042054e-03,-6.468847499518e-06
1174,0.000000000000e+00,1.621106450938e-03,2.034957404815e-01,2.599793170618e-04,2.063825390541e-02,1.828574865761e-01,1.627543942710e-03,-6.437491772373e-06
1175,0.000000000000e+00,1.603771718630e-03,2.028861998307e-01,2.568537990188e-04,2.044693600829e-02,1.824392638224e-01,1.610177578095e-03,-6.405859464634e-06
1176,0.000000000000e+00,1.586145755163e-03,2.022790761905e-01,2.536881747939e-04,2.025667996408e-02,1.820223962264e-01,1.592520007584e-03,-6.374252421065e-06
1177,0.000000000000e+00,1.568237981685e-03,2.016743851872e-01,2.504856990873e-04,2.006749614299e-02,1.816068890443e-01,1.574580674595e-03,-6.342692909422e-06
1178,0.000000000000e+00,1.550049526076e-03,2.010721446428e-01,2.472484369918e-04,1.987939728598e-02,1.811927473568e-01,1.556361221689e-03,-6.311695612984e-06
1179,0.000000000000e+00,1.531590829169e-03,2.004723725031e-01,2.439780817982e-04,1.969239680618e-02,1.807799756969e-01,1.537871907228e-03,-6.281078058170e-06
1180,0.000000000000e+00,1.512867619045e-03,1.998750914816e-01,2.406750537384e-04,1.950651121265e-02,1.803685802690e-01,1.519117685053e-03,-6.250066007944e-06
1181,0.000000000000e+00,1.493887658713e-03,1.992803233751e-01,2.373406539065e-04,1.932175656211e-02,1.799585668130e-01,1.500106517942e-03,-6.218859228742e-06
1182,0.000000000000e+00,1.474661271264e-03,1.986880928151e-01,2.339771141238e-04,1.913815087936e-02,1.795499419357e-01,1.480848745659e-03,-6.187474395346e-06
1183,0.000000000000e+00,1.455201320902e-03,1.980984230499e-01,2.305870638312e-04,1.895571141518e-02,1.791427116348e-01,1.461357553135e-03,-6.156232232580e-06
1184,0.000000000000e+00,1.435513964758e-03,1.975113368328e-01,2.271718471903e-04,1.877445564608e-02,1.787368811867e-01,1.441639399808e-03,-6.125435049672e-06
1185,0.000000000000e+00,1.415605512346e-03,1.969268542027e-01,2.237328245038e-04,1.859439926929e-02,1.783324549335e-01,1.421700206938e-03,-6.094694592251e-06
1186,0.000000000000e+00,1.395482808935e-03,1.963449999965e-01,2.202704397559e-04,1.841556048499e-02,1.779294395115e-01,1.401546881093e-03,-6.064072157353e-06
1187,0.000000000000e+00,1.375154838490e-03,1.957657986019e-01,2.167865319031e-04,1.823795761725e-02,1.775278409847e-01,1.381188223956e-03,-6.033385466068e-06
1188,0.000000000000e+00,1.354630757026e-03,1.951892753480e-01,2.132827334507e-04,1.806161011266e-02,1.771276652354e-01,1.360633642067e-03,-6.002885041328e-06
1189,0.000000000000e+00,1.333917046452e-03,1.946154560500e-01,2.097609629223e-04,1.788653832963e-02,1.767289177204e-01,1.339889354197e-03,-5.972307744800e-06
1190,0.000000000000e+00,1.313020724239e-03,1.940443668248e-01,2.062213614308e-04,1.771276367826e-02,1.763316031465e-01,1.318962878079e-03,-5.942153839860e-06
1191,0.000000000000e+00,1.291950534138e-03,1.934760330237e-01,2.026659426723e-04,1.754030762346e-02,1.759357254002e-01,1.297862389183e-03,-5.911855044794e-06
1192,0.000000000000e+00,1.270713381890e-03,1.929104827295e-01,1.990959195451e-04,1.736919248454e-02,1.755412902449e-01,1.276594530094e-03,-5.881148204143e-06
1193,0.000000000000e+00,1.249313131202e-03,1.923477413328e-01,1.955139643356e-04,1.719944129441e-02,1.751483000384e-01,1.255162989283e-03,-5.849858080880e-06
1194,0.000000000000e+00,1.227756324494e-03,1.917878142423e-01,1.919221358724e-04,1.703107383192e-02,1.747567404104e-01,1.233574958526e-03,-5.818634032074e-06
1195,0.000000000000e+00,1.206052349489e-03,1.912307409183e-01,1.883215029916e-04,1.686411095975e-02,1.743666299586e-01,1.211840440809e-03,-5.788091319856e-06
1196,0.000000000000e+00,1.184209287447e-03,1.906765570152e-01,1.847133557477e-04,1.669857731026e-02,1.739779797050e-01,1.189967072712e-03,-5.757785264250e-06
1197,0.000000000000e+00,1.162233198486e-03,1.901252897300e-01,1.810992405442e-04,1.653449509258e-02,1.735907946374e-01,1.167960547380e-03,-5.727348894199e-06
1198,0.000000000000e+00,1.140126801627e-03,1.895769676815e-01,1.774791735596e-04,1.637188761054e-02,1.732050800709e-01,1.145823259394e-03,-5.696457766241e-06
1199,0.000000000000e+00,1.117901425236e-03,1.890316208947e-01,1.738538568425e-04,1.621078061854e-02,1.728208402762e-01,1.123567125696e-03,-5.665700459731e-06
1200,0.000000000000e+00,1.095563302521e-03,1.884892477418e-01,1.702238953868e-04,1.605119676845e-02,1.724380509733e-01,1.101198161576e-03,-5.634859054798e-06
1201,0.000000000000e+00,1.073118017919e-03,1.879498918591e-01,1.665890877502e-04,1.589315865033e-02,1.720567332087e-01,1.078723069509e-03,-5.605051589797e-06
1202,0.000000000000e+00,1.050568066806e-03,1.874135893053e-01,1.629501306333e-04,1.573668601722e-02,1.716769032881e-01,1.056143028613e-03,-5.574961807394e-06
1203,0.000000000000e+00,1.027914170508e-03,1.868803727672e-01,1.593059488199e-04,1.558180285313e-02,1.712985699141e-01,1.033458933183e-03,-5.544762675873e-06
1204,0.000000000000e+00,1.005160698906e-03,1.863502660752e-01,1.556578294351e-04,1.542853003713e-02,1.709217360380e-01,1.010675139912e-03,-5.514441006381e-06
1205,0.000000000000e+00,9.823145212637e-04,1.858232940629e-01,1.520061215935e-04,1.527689014264e-02,1.705464039202e-01,9.877991175991e-04,-5.484596335423e-06
1206,0.000000000000e+00,9.593785473688e-04,1.852994789163e-01,1.483514160939e-04,1.512690329540e-02,1.701725756209e-01,9.648333526571e-04,-5.454805288263e-06
1207,0.000000000000e+00,9.363574899421e-04,1.847788429099e-01,1.446935821307e-04,1.497858911263e-02,1.698002537973e-01,9.417828823305e-04,-5.425392388465e-06
1208,0.000000000000e+00,9.132425752704e-04,1.842614085259e-01,1.410271638938e-04,1.483196779018e-02,1.694294407357e-01,9.186381085548e-04,-5.395533284449e-06
1209,0.000000000000e+00,8.900286725622e-04,1.837471978194e-01,1.373486704002e-04,1.468705693736e-02,1.690601408821e-01,8.953941690175e-04,-5.365496455345e-06
1210,0.000000000000e+00,8.667161300054e-04,1.832362363864e-01,1.336558515405e-04,1.454387634269e-02,1.686923600437e-01,8.720516327544e-04,-5.335502748975e-06
1211,0.000000000000e+00,8.433237450937e-04,1.827285431833e-01,1.299536062410e-04,1.440244060434e-02,1.683261025790e-01,8.486294049306e-04,-5.305659836983e-06
1212,0.000000000000e+00,8.198745604762e-04,1.822241344858e-01,1.262468032455e-04,1.426276291685e-02,1.679613715690e-01,8.251508268234e-04,-5.276266347224e-06
1213,0.000000000000e+00,7.963784579874e-04,1.817230258860e-01,1.225354238583e-04,1.412485568376e-02,1.675981702023e-01,8.016252686213e-04,-5.246810633898e-06
1214,0.000000000000e+00,7.728386477072e-04,1.812252318823e-01,1.188173279938e-04,1.398873208241e-02,1.672364997999e-01,7.780568692907e-04,-5.218221583500e-06
1215,0.000000000000e+00,7.492650167935e-04,1.807307676305e-01,1.150996717964e-04,1.385440580348e-02,1.668763618271e-01,7.544542279678e-04,-5.189211174322e-06
1216,0.000000000000e+00,7.256646856029e-04,1.802396476402e-01,1.113840641394e-04,1.372188969632e-02,1.665177579439e-01,7.308247460884e-04,-5.160060485508e-06
1217,0.000000000000e+00,7.020363077951e-04,1.797518815666e-01,1.076689816410e-04,1.359119281124e-02,1.661606887554e-01,7.071674998970e-04,-5.131192101829e-06
1218,0.000000000000e+00,6.783782545432e-04,1.792674775043e-01,1.039530240939e-04,1.346232337782e-02,1.658051541265e-01,6.834814732382e-04,-5.103218694974e-06
1219,0.000000000000e+00,6.546896693875e-04,1.787864442457e-01,1.002385376282e-04,1.333529039510e-02,1.654511538506e-01,6.597639829680e-04,-5.074313580545e-06
1220,0.000000000000e+00,6.309783017563e-04,1.783087931438e-01,9.652721676673e-05,1.321010393831e-02,1.650986892055e-01,6.360232771076e-04,-5.044975351318e-06
1221,0.000000000000e+00,6.072514973348e-04,1.778345294101e-01,9.281371441442e-05,1.308677016917e-02,1.647477592409e-01,6.122682386341e-04,-5.016741299294e-06
1222,0.000000000000e+00,5.835071623300e-04,1.773636564750e-01,8.909765967039e-05,1.296529265055e-02,1.643983638245e-01,5.884956155925e-04,-4.988453262448e-06
1223,0.000000000000e+00,5.597288737416e-04,1.768961762224e-01,8.536803270557e-05,1.284567422954e-02,1.640505019928e-01,5.646891612220e-04,-4.960287480419e-06
1224,0.000000000000e+00,5.359216512057e-04,1.764320919367e-01,8.162777498600e-05,1.272791852244e-02,1.637041734142e-01,5.408545062612e-04,-4.932855055498e-06
1225,0.000000000000e+00,5.121054735321e-04,1.759714060809e-01,7.789091631914e-05,1.261202896594e-02,1.633593771150e-01,5.170110108421e-04,-4.905537309941e-06
1226,0.000000000000e+00,4.882802667476e-04,1.755141174934e-01,7.415607433634e-05,1.249800437765e-02,1.630161131157e-01,4.931588088109e-04,-4.878542063266e-06
1227,0.000000000000e+00,4.644480541403e-04,1.750602254762e-01,7.042460496119e-05,1.238584229785e-02,1.626743831784e-01,4.693001070545e-04,-4.852052914228e-06
1228,0.000000000000e+00,4.406069491464e-04,1.746097283282e-01,6.669571448482e-05,1.227554123552e-02,1.623341870927e-01,4.454320849359e-04,-4.825135789536e-06
1229,0.000000000000e+00,4.167684896909e-04,1.741626237805e-01,6.296841209168e-05,1.216709908846e-02,1.619955246920e-01,4.215677774569e-04,-4.799287766018e-06
1230,0.000000000000e+00,3.929411641133e-04,1.737189084194e-01,5.924545756184e-05,1.206051094238e-02,1.616583974771e-01,3.977142858082e-04,-4.773121694869e-06
1231,0.000000000000e+00,3.691330753873e-04,1.732785724212e-01,5.552799984162e-05,1.195576584472e-02,1.613228065765e-01,3.738797506186e-04,-4.746675231298e-06
1232,0.000000000000e+00,3.453270359364e-04,1.728416058207e-01,5.180825332345e-05,1.185284828944e-02,1.609887575313e-01,3.500476496611e-04,-4.720613724764e-06
1233,0.000000000000e+00,3.214815499724e-04,1.724079908092e-01,4.806613338222e-05,1.175173477429e-02,1.606562560349e-01,3.261765580078e-04,-4.695008035421e-06
1234,0.000000000000e+00,2.976338443077e-04,1.719777176827e-01,4.431884845159e-05,1.165241263839e-02,1.603253050443e-01,3.023026882337e-04,-4.668843925982e-06
1235,0.000000000000e+00,2.738036821720e-04,1.715507771902e-01,4.057537287558e-05,1.155487297742e-02,1.599959042127e-01,2.784469952811e-04,-4.643313109045e-06
1236,0.000000000000e+00,2.500262536563e-04,1.711271649749e-01,3.685441168100e-05,1.145911370120e-02,1.596680512737e-01,2.546433677190e-04,-4.617114062623e-06
1237,0.000000000000e+00,2.263118692663e-04,1.707068742985e-01,3.316388132368e-05,1.136513137227e-02,1.593417429263e-01,2.309036722447e-04,-4.591802978390e-06
1238,0.000000000000e+00,2.026743659073e-04,1.702898917537e-01,2.951823700052e-05,1.127291683504e-02,1.590169749187e-01,2.072399871304e-04,-4.565621223069e-06
1239,0.000000000000e+00,1.791305246851e-04,1.698762011749e-01,2.592847928595e-05,1.118245775654e-02,1.586937434183e-01,1.836707106704e-04,-4.540185985315e-06
1240,0.000000000000e+00,1.556535843880e-04,1.694657927707e-01,2.238080834233e-05,1.109374887245e-02,1.583720438982e-01,1.601672059709e-04,-4.513621582869e-06
1241,0.000000000000e+00,1.322268153964e-04,1.690586525540e-01,1.884834473736e-05,1.100678097324e-02,1.580518715807e-01,1.367148637695e-04,-4.488048373049e-06
1242,0.000000000000e+00,1.088791166805e-04,1.686547707339e-01,1.534707376447e-05,1.092154862013e-02,1.577332221138e-01,1.133415099084e-04,-4.462393227914e-06
1243,0.000000000000e+00,8.561553949478e-05,1.682541328471e-01,1.187830087155e-05,1.083804156243e-02,1.574160912847e-01,9.005163328335e-05,-4.436093788567e-06
1244,0.000000000000e+00,6.242968027294e-05,1.678567256944e-01,8.434764111200e-06,1.075625070678e-02,1.571004749876e-01,6.684031482318e-05,-4.410634550238e-06
1245,0.000000000000e+00,3.932685700605e-05,1.674625413964e-01,5.020572691659e-06,1.067617197847e-02,1.567863694179e-01,4.371145661791e-05,-4.384599611865e-06
1246,0.000000000000e+00,1.633757826328e-05,1.670715812829e-01,1.641770895854e-06,1.059781061610e-02,1.564737706668e-01,2.069495413654e-05,-4.357375873258e-06
1247,0.000000000000e+00,-6.507558497560e-06,1.666838416573e-01,-1.700887201403e-06,1.052116598162e-02,1.561626756757e-01,-2.176291149569e-06,-4.331267347991e-06
1248,0.000000000000e+00,-2.918124045957e-05,1.662993095979e-01,-5.003370719958e-06,1.044622764958e-02,1.558530819483e-01,-2.487555246400e-05,-4.305687995567e-06
1249,0.000000000000e+00,-5.166618561086e-05,1.659179703814e-01,-8.261354061311e-06,1.037298228870e-02,1.555449880927e-01,-4.738654589082e-05,-4.279639720042e-06
1250,0.000000000000e+00,-7.394646640437e-05,1.655398061016e-01,-1.147702882323e-05,1.030141212441e-02,1.552383939772e-01,-6.969204861051e-05,-4.254417793856e-06
1251,0.000000000000e+00,-9.601810369552e-05,1.651647956857e-01,-1.464914716084e-05,1.023149655804e-02,1.549332991277e-01,-9.178856721553e-05,-4.229536479986e-06
1252,0.000000000000e+00,-1.178794828052e-04,1.647929248934e-01,-1.777327914600e-05,1.016322114211e-02,1.546297037513e-01,-1.136752283600e-04,-4.204254445145e-06
1253,0.000000000000e+00,-1.395110250582e-04,1.644241835501e-01,-2.084696552007e-05,1.009657547237e-02,1.543276080777e-01,-1.353324126324e-04,-4.178612425865e-06
1254,0.000000000000e+00,-1.608956741575e-04,1.640585521341e-01,-2.386759479241e-05,1.003154212264e-02,1.540270100114e-01,-1.567415907555e-04,-4.154083402012e-06
1255,0.000000000000e+00,-1.820387732208e-04,1.636960101880e-01,-2.683201733302e-05,9.968104156601e-03,1.537279060314e-01,-1.779099262961e-04,-4.128846924693e-06
1256,0.000000000000e+00,-2.031010510417e-04,1.633365350414e-01,-2.980736378255e-05,9.906237084876e-03,1.534302979565e-01,-1.989970903834e-04,-4.103960658318e-06
1257,0.000000000000e+00,-2.243594122147e-04,1.629800419435e-01,-3.291519409449e-05,9.845837137045e-03,1.531342048064e-01,-2.202798589620e-04,-4.079553252704e-06
1258,0.000000000000e+00,-2.454942656814e-04,1.626264525714e-01,-3.602451804154e-05,9.786829051397e-03,1.528396235200e-01,-2.414382968686e-04,-4.055968812781e-06
1259,0.000000000000e+00,-2.664872604007e-04,1.622757254910e-01,-3.912984643430e-05,9.729187264593e-03,1.525465382264e-01,-2.624559001005e-04,-4.031360300108e-06
1260,0.000000000000e+00,-2.873270899491e-04,1.619278238912e-01,-4.223077791707e-05,9.672884799835e-03,1.522549390914e-01,-2.833211159559e-04,-4.005973993243e-06
1261,0.000000000000e+00,-3.080252254332e-04,1.615827050258e-01,-4.531954608518e-05,9.617885943851e-03,1.519648190819e-01,-3.040448721927e-04,-3.980353240526e-06
1262,0.000000000000e+00,-3.286093668567e-04,1.612403294074e-01,-4.838562069470e-05,9.564158621033e-03,1.516761707863e-01,-3.246535939182e-04,-3.955772938502e-06
1263,0.000000000000e+00,-3.490460466620e-04,1.609006590246e-01,-5.141230260160e-05,9.511671847902e-03,1.513889871767e-01,-3.451155235430e-04,-3.930523118973e-06
1264,0.000000000000e+00,-3.693579702858e-04,1.605636657590e-01,-5.440615544270e-05,9.460402545773e-03,1.511032632132e-01,-3.654533501599e-04,-3.904620125908e-06
1265,0.000000000000e+00,-3.894587921730e-04,1.602293327896e-01,-5.733412750460e-05,9.410339439955e-03,1.508189933497e-01,-3.855802993257e-04,-3.878492847283e-06
1266,0.000000000000e+00,-4.092959555056e-04,1.598976548381e-01,-6.018957897633e-05,9.361483795337e-03,1.505361710428e-01,-4.054434915274e-04,-3.852463978177e-06
1267,0.000000000000e+00,-4.287939404538e-04,1.595686252028e-01,-6.294492395191e-05,9.313836645181e-03,1.502547885576e-01,-4.249669040478e-04,-3.827036406054e-06
1268,0.000000000000e+00,-4.479381313683e-04,1.592422487686e-01,-6.557836305261e-05,9.267410308560e-03,1.499748384601e-01,-4.441370760060e-04,-3.801055362245e-06
1269,0.000000000000e+00,-4.667224942928e-04,1.589185400610e-01,-6.810138843414e-05,9.222223862836e-03,1.496963161982e-01,-4.629477505623e-04,-3.774743730491e-06
1270,0.000000000000e+00,-4.852386312492e-04,1.585975095589e-01,-7.054422174048e-05,9.178289123775e-03,1.494192204351e-01,-4.814900513945e-04,-3.748579854700e-06
1271,0.000000000000e+00,-5.035586119884e-04,1.582791470375e-01,-7.292920099311e-05,9.135594599253e-03,1.491435524382e-01,-4.998351121797e-04,-3.723499808684e-06
1272,0.000000000000e+00,-5.216573078685e-04,1.579634295492e-01,-7.526110129282e-05,9.094115037220e-03,1.488693145120e-01,-5.179583262840e-04,-3.698981584532e-06
1273,0.000000000000e+00,-5.395769460387e-04,1.576503410853e-01,-7.756766317259e-05,9.053830780716e-03,1.485965103046e-01,-5.359024563841e-04,-3.674489654614e-06
1274,0.000000000000e+00,-5.572859918688e-04,1.573398600992e-01,-7.983087951188e-05,9.014718582254e-03,1.483251415170e-01,-5.536357249932e-04,-3.650266875564e-06
1275,0.000000000000e+00,-5.748257881742e-04,1.570319650480e-01,-8.204117060052e-05,8.976760237209e-03,1.480552048108e-01,-5.711990011918e-04,-3.626786982350e-06
1276,0.000000000000e+00,-5.921345849511e-04,1.567266481942e-01,-8.419405909613e-05,8.939953686145e-03,1.477866945081e-01,-5.885308607905e-04,-3.603724160544e-06
1277,0.000000000000e+00,-6.092000496624e-04,1.564238849731e-01,-8.627853745326e-05,8.904281570989e-03,1.475196034021e-01,-6.056188115533e-04,-3.581238109138e-06
1278,0.000000000000e+00,-6.260051027404e-04,1.561236518359e-01,-8.828185428663e-05,8.869723963594e-03,1.472539278723e-01,-6.224470947316e-04,-3.558008008863e-06
1279,0.000000000000e+00,-6.420973455793e-04,1.558259685620e-01,-9.000938017454e-05,8.836322598562e-03,1.469896459635e-01,-6.385642028408e-04,-3.533142738561e-06
1280,0.000000000000e+00,-6.576850909530e-04,1.555309085848e-01,-9.153893346552e-05,8.804187665225e-03,1.467267209195e-01,-6.541773354264e-04,-3.507755526607e-06
1281,0.000000000000e+00,-6.729853290171e-04,1.552385058132e-01,-9.294989196824e-05,8.773355610322e-03,1.464651502029e-01,-6.695024990612e-04,-3.482829955929e-06
1282,0.000000000000e+00,-6.879486347963e-04,1.549487677962e-01,-9.424632140622e-05,8.743827695832e-03,1.462049401004e-01,-6.844902475042e-04,-3.458387292036e-06
1283,0.000000000000e+00,-7.024995593501e-04,1.546616959079e-01,-9.543184723102e-05,8.715603949155e-03,1.459460919588e-01,-6.990660290760e-04,-3.433530274023e-06
1284,0.000000000000e+00,-7.166499379723e-04,1.543773112278e-01,-9.649279030089e-05,8.688711896944e-03,1.456885993308e-01,-7.132414955326e-04,-3.408442439718e-06
1285,0.000000000000e+00,-7.303650553899e-04,1.540956328740e-01,-9.742813254724e-05,8.663178768948e-03,1.454324541050e-01,-7.269819504443e-04,-3.383104945517e-06
1286,0.000000000000e+00,-7.436482034856e-04,1.538166834964e-01,-9.826719764540e-05,8.639036608934e-03,1.451776468875e-01,-7.402906242868e-04,-3.357579198766e-06
1287,0.000000000000e+00,-7.565101119545e-04,1.535404646465e-01,-9.903892425536e-05,8.616285329577e-03,1.449241793169e-01,-7.531777646281e-04,-3.332347326384e-06
1288,0.000000000000e+00,-7.690289668927e-04,1.532669573327e-01,-9.974752755984e-05,8.594903067517e-03,1.446720542652e-01,-7.657210240706e-04,-3.307942822090e-06
1289,0.000000000000e+00,-7.811850319376e-04,1.529961445365e-01,-1.003915062029e-04,8.574874152441e-03,1.444212703841e-01,-7.779016431266e-04,-3.283388810987e-06
1290,0.000000000000e+00,-7.929903984403e-04,1.527280108848e-01,-1.009817801973e-04,8.556185952989e-03,1.441718249318e-01,-7.897317294158e-04,-3.258669024542e-06
1291,0.000000000000e+00,-8.043976469886e-04,1.524625322352e-01,-1.015287400155e-04,8.538818369410e-03,1.439237138658e-01,-8.011637465964e-04,-3.233900392226e-06
1292,0.000000000000e+00,-8.154208842338e-04,1.521996772972e-01,-1.020236880323e-04,8.522744961761e-03,1.436769323354e-01,-8.122113700042e-04,-3.209514229595e-06
1293,0.000000000000e+00,-8.259754666501e-04,1.519394076040e-01,-1.024571739818e-04,8.507935000720e-03,1.434314726033e-01,-8.227895528821e-04,-3.185913767998e-06
1294,0.000000000000e+00,-8.361301095112e-04,1.516816853070e-01,-1.028327507040e-04,8.494358555781e-03,1.431873267512e-01,-8.329679686294e-04,-3.162140881798e-06
1295,0.000000000000e+00,-8.458161901053e-04,1.514264677406e-01,-1.031539177619e-04,8.481977206013e-03,1.429444905346e-01,-8.426779607087e-04,-3.138229396563e-06
1296,0.000000000000e+00,-8.550457157339e-04,1.511737207239e-01,-1.034172926472e-04,8.470763742685e-03,1.427029569812e-01,-8.519313557634e-04,-3.114359970406e-06
1297,0.000000000000e+00,-8.638329878960e-04,1.509234219956e-01,-1.036160400213e-04,8.460705579728e-03,1.424627164159e-01,-8.607425334315e-04,-3.090454464432e-06
1298,0.000000000000e+00,-8.722758190471e-04,1.506755370418e-01,-1.037439277637e-04,8.451777148478e-03,1.422237598933e-01,-8.692085775289e-04,-3.067241518215e-06
1299,0.000000000000e+00,-8.803095144040e-04,1.504300323582e-01,-1.037979488684e-04,8.443952504309e-03,1.419860798538e-01,-8.772655471027e-04,-3.043967301306e-06
1300,0.000000000000e+00,-8.879106683401e-04,1.501868855682e-01,-1.037776996220e-04,8.437219860733e-03,1.417496657075e-01,-8.848902066291e-04,-3.020461710995e-06
1301,0.000000000000e+00,-8.950924890936e-04,1.499460558146e-01,-1.036911419554e-04,8.431545836469e-03,1.415145099781e-01,-8.920956069519e-04,-2.996882141703e-06
1302,0.000000000000e+00,-9.018612776367e-04,1.497074938223e-01,-1.035423179306e-04,8.426889192782e-03,1.412806046295e-01,-8.988884068772e-04,-2.972870759498e-06
1303,0.000000000000e+00,-9.082195783388e-04,1.494711576386e-01,-1.033448344728e-04,8.423215768343e-03,1.410479418702e-01,-9.052712813463e-04,-2.948296992541e-06
1304,0.000000000000e+00,-9.142990193745e-04,1.492369647523e-01,-1.031377487793e-04,8.420452259267e-03,1.408165124930e-01,-9.113753464239e-04,-2.923672950600e-06
1305,0.000000000000e+00,-9.201032842920e-04,1.490048726536e-01,-1.028959805906e-04,8.418567595257e-03,1.405863050583e-01,-9.172039955614e-04,-2.899288730588e-06
1306,0.000000000000e+00,-9.255992372160e-04,1.487748337146e-01,-1.026168826353e-04,8.417519642225e-03,1.403573140723e-01,-9.227241730333e-04,-2.875064182706e-06
1307,0.000000000000e+00,-9.307530437485e-04,1.485468238495e-01,-1.022926821055e-04,8.417295414994e-03,1.401295284345e-01,-9.279023336339e-04,-2.850710114534e-06
1308,0.000000000000e+00,-9.355975578957e-04,1.483208168639e-01,-1.019326183004e-04,8.417878028067e-03,1.399029388358e-01,-9.327713316873e-04,-2.826226208373e-06
1309,0.000000000000e+00,-9.401391925348e-04,1.480967967422e-01,-1.015032796725e-04,8.419259401864e-03,1.396775373404e-01,-9.373365430962e-04,-2.802649438561e-06
1310,0.000000000000e+00,-9.443544620640e-04,1.478747354148e-01,-1.009946431943e-04,8.421420369915e-03,1.394533150449e-01,-9.415748982090e-04,-2.779563855051e-06
1311,0.000000000000e+00,-9.481920443259e-04,1.476546045844e-01,-1.004095940161e-04,8.424342529474e-03,1.392302620549e-01,-9.454353716594e-04,-2.756672666450e-06
1312,0.000000000000e+00,-9.516987350557e-04,1.474363845047e-01,-9.973083404198e-05,8.428015214294e-03,1.390083692904e-01,-9.489647393933e-04,-2.733995662422e-06
1313,0.000000000000e+00,-9.547979750946e-04,1.472200565874e-01,-9.894074941447e-05,8.432430314270e-03,1.387876262732e-01,-9.520862363467e-04,-2.711738747874e-06
1314,0.000000000000e+00,-9.575911080348e-04,1.470055959834e-01,-9.806683540970e-05,8.437571278264e-03,1.385680247052e-01,-9.549011341496e-04,-2.689973885174e-06
1315,0.000000000000e+00,-9.600897440983e-04,1.467929739372e-01,-9.710700316631e-05,8.443419596326e-03,1.383495543409e-01,-9.574211791750e-04,-2.668564923245e-06
1316,0.000000000000e+00,-9.621797272950e-04,1.465821679907e-01,-9.606140196861e-05,8.449963727740e-03,1.381322042629e-01,-9.595325297179e-04,-2.647197577077e-06
1317,0.000000000000e+00,-9.639195079070e-04,1.463731541854e-01,-9.493677472326e-05,8.457190241326e-03,1.379159639441e-01,-9.612935261264e-04,-2.625981780520e-06
1318,0.000000000000e+00,-9.653969353527e-04,1.461659119871e-01,-9.374061079371e-05,8.465089032263e-03,1.377008229548e-01,-9.627921499295e-04,-2.604785423171e-06
1319,0.000000000000e+00,-9.664776962309e-04,1.459604172694e-01,-9.246746263000e-05,8.473644806379e-03,1.374867724630e-01,-9.638943569243e-04,-2.583339306619e-06
1320,0.000000000000e+00,-9.671883065076e-04,1.457566508269e-01,-9.111547058831e-05,8.482848516437e-03,1.372738023105e-01,-9.646259716680e-04,-2.562334839599e-06
1321,0.000000000000e+00,-9.676411969305e-04,1.455545824390e-01,-8.969943571264e-05,8.492680324905e-03,1.370619021141e-01,-9.650998376217e-04,-2.541359308803e-06
1322,0.000000000000e+00,-9.677723067007e-04,1.453541930501e-01,-8.821688565971e-05,8.503132843232e-03,1.368510602068e-01,-9.652517356381e-04,-2.520571062589e-06
1323,0.000000000000e+00,-9.674568823138e-04,1.451554584889e-01,-8.666684106167e-05,8.514189884541e-03,1.366412686043e-01,-9.649572105093e-04,-2.499671804489e-06
1324,0.000000000000e+00,-9.668195921486e-04,1.449583521718e-01,-8.504795141778e-05,8.525835656972e-03,1.364325165148e-01,-9.643410009079e-04,-2.478591240770e-06
1325,0.000000000000e+00,-9.658743088703e-04,1.447628615180e-01,-8.336413839362e-05,8.538066762119e-03,1.362247947559e-01,-9.634163347473e-04,-2.457974123010e-06
1326,0.000000000000e+00,-9.645423038058e-04,1.445689637750e-01,-8.161735042028e-05,8.550872040269e-03,1.360180917348e-01,-9.621050270645e-04,-2.437276741356e-06
1327,0.000000000000e+00,-9.628750742889e-04,1.443766280297e-01,-7.980607296685e-05,8.564229613456e-03,1.358123984163e-01,-9.604583196287e-04,-2.416754660235e-06
1328,0.000000000000e+00,-9.609623548479e-04,1.441858333174e-01,-7.792136017285e-05,8.578130632424e-03,1.356077026849e-01,-9.585659402342e-04,-2.396414613625e-06
1329,0.000000000000e+00,-9.587090645564e-04,1.439965582946e-01,-7.596397624135e-05,8.592563702665e-03,1.354039945920e-01,-9.563331896167e-04,-2.375874939613e-06
1330,0.000000000000e+00,-9.560679941446e-04,1.438087851733e-01,-7.394063330449e-05,8.607521180708e-03,1.352012639925e-01,-9.537122934740e-04,-2.355700670617e-06
1331,0.000000000000e+00,-9.531110015470e-04,1.436224717825e-01,-7.184173831602e-05,8.622973043570e-03,1.349994987389e-01,-9.507756054096e-04,-2.335396137327e-06
1332,0.000000000000e+00,-9.501010160419e-04,1.434376038066e-01,-6.963100573588e-05,8.638914165392e-03,1.347986896412e-01,-9.477857046304e-04,-2.315311411479e-06
1333,0.000000000000e+00,-9.470273454598e-04,1.432541791061e-01,-6.729976613527e-05,8.655355124959e-03,1.345988239811e-01,-9.447320557359e-04,-2.295289723939e-06
1334,0.000000000000e+00,-9.437841058999e-04,1.430721759362e-01,-6.486429408636e-05,8.672285312690e-03,1.343998906235e-01,-9.415090272439e-04,-2.275078656060e-06
1335,0.000000000000e+00,-9.402076555629e-04,1.428915511748e-01,-6.235967031223e-05,8.689671770434e-03,1.342018794044e-01,-9.379523736602e-04,-2.255281902631e-06
1336,0.000000000000e+00,-9.360950293654e-04,1.427122774699e-01,-5.982187272648e-05,8.707499678015e-03,1.340047777919e-01,-9.338594111700e-04,-2.235618195377e-06
1337,0.000000000000e+00,-9.314344275920e-04,1.425342944578e-01,-5.725397899015e-05,8.725718461974e-03,1.338085759959e-01,-9.292183066680e-04,-2.216120923929e-06
1338,0.000000000000e+00,-9.262858164373e-04,1.423575486656e-01,-5.464886832793e-05,8.744286831178e-03,1.336132618344e-01,-9.240888317069e-04,-2.196984730445e-06
1339,0.000000000000e+00,-9.206544562632e-04,1.421819849466e-01,-5.200654108673e-05,8.763160307402e-03,1.334188246392e-01,-9.184767136938e-04,-2.177742569467e-06
1340,0.000000000000e+00,-9.145171643217e-04,1.420075547430e-01,-4.932927193302e-05,8.782301479955e-03,1.332252532630e-01,-9.123582305280e-04,-2.158933793676e-06
1341,0.000000000000e+00,-9.078918863520e-04,1.418342103969e-01,-4.662052437917e-05,8.801674823587e-03,1.330325355733e-01,-9.057516124755e-04,-2.140273876560e-06
1342,0.000000000000e+00,-9.009273541191e-04,1.416619018403e-01,-4.390581250866e-05,8.821240644682e-03,1.328406611957e-01,-8.988057182951e-04,-2.121635824036e-06
1343,0.000000000000e+00,-8.937096327391e-04,1.414905813072e-01,-4.117304104527e-05,8.840962283276e-03,1.326496190239e-01,-8.916063132054e-04,-2.103319533721e-06
1344,0.000000000000e+00,-8.862696918099e-04,1.413202007669e-01,-3.839328525273e-05,8.860803353110e-03,1.324593974138e-01,-8.841845488188e-04,-2.085142991094e-06
1345,0.000000000000e+00,-8.786068011623e-04,1.411507280250e-01,-3.556006068056e-05,8.880742743798e-03,1.322699852812e-01,-8.765396472373e-04,-2.067153925051e-06
1346,0.000000000000e+00,-8.706725460655e-04,1.409821352108e-01,-3.267518562224e-05,8.900762777178e-03,1.320813724336e-01,-8.686232374599e-04,-2.049308605646e-06
1347,0.000000000000e+00,-8.624735761292e-04,1.408143995810e-01,-2.973200057371e-05,8.920851500084e-03,1.318935480809e-01,-8.604419258303e-04,-2.031650298828e-06
1348,0.000000000000e+00,-8.539252099126e-04,1.406474900145e-01,-2.673017193601e-05,8.940989448283e-03,1.317065005662e-01,-8.519110271091e-04,-2.014182803572e-06
1349,0.000000000000e+00,-8.447950560678e-04,1.404813933463e-01,-2.358589384596e-05,8.961173790122e-03,1.315202195562e-01,-8.427983557187e-04,-1.996700349140e-06
1350,0.000000000000e+00,-8.351605613823e-04,1.403161177866e-01,-2.031807399919e-05,8.981423284779e-03,1.313346945018e-01,-8.331812089673e-04,-1.979352415007e-06
1351,0.000000000000e+00,-8.252346275472e-04,1.401516659698e-01,-1.697452668278e-05,9.001751921430e-03,1.311499140484e-01,-8.232723885276e-04,-1.962239019661e-06
1352,0.000000000000e+00,-8.149565101395e-04,1.399880143053e-01,-1.359529037226e-05,9.022147010265e-03,1.309658672950e-01,-8.130111841002e-04,-1.945326039267e-06
1353,0.000000000000e+00,-8.042524208717e-04,1.398251322610e-01,-1.018167008883e-05,9.042588540366e-03,1.307825437207e-01,-8.023238063673e-04,-1.928614504419e-06
1354,0.000000000000e+00,-7.932298798556e-04,1.396629962225e-01,-6.736635488329e-06,9.063063617526e-03,1.305999326049e-01,-7.913177222931e-04,-1.912157562448e-06
1355,0.000000000000e+00,-7.819666529720e-04,1.395015840248e-01,-3.267616905642e-06,9.083562182376e-03,1.304180218425e-01,-7.800706994822e-04,-1.895953489756e-06
1356,0.000000000000e+00,-7.704314447562e-04,1.393408816675e-01,2.283667515125e-07,9.104081590127e-03,1.302368000773e-01,-7.685515210263e-04,-1.879923729935e-06
1357,0.000000000000e+00,-7.585661613753e-04,1.391808770259e-01,3.779701487842e-06,9.124619644927e-03,1.300562573810e-01,-7.567021774092e-04,-1.863983966144e-06
1358,0.000000000000e+00,-7.464639280602e-04,1.390215549569e-01,7.372660186130e-06,9.145171169032e-03,1.298763837879e-01,-7.446156703414e-04,-1.848257718835e-06
1359,0.000000000000e+00,-7.340433777496e-04,1.388628876217e-01,1.100386481246e-05,9.165718339583e-03,1.296971692821e-01,-7.322107044778e-04,-1.832673271769e-06
1360,0.000000000000e+00,-7.213025814295e-04,1.387048596764e-01,1.466872895119e-05,9.186255962197e-03,1.295186037142e-01,-7.194852686097e-04,-1.817312819754e-06
1361,0.000000000000e+00,-7.082680210941e-04,1.385474641548e-01,1.835774441674e-05,9.206787872400e-03,1.293406762824e-01,-7.064657753206e-04,-1.802245773508e-06
1362,0.000000000000e+00,-6.950156508830e-04,1.383906956387e-01,2.207749835411e-05,9.227319420802e-03,1.291633762179e-01,-6.932282524505e-04,-1.787398432469e-06
1363,0.000000000000e+00,-6.815398769376e-04,1.382345386250e-01,2.584229761625e-05,9.247845480856e-03,1.289866931442e-01,-6.797671253380e-04,-1.772751599645e-06
1364,0.000000000000e+00,-6.678333571691e-04,1.380789790189e-01,2.964214727470e-05,9.268362157331e-03,1.288106168615e-01,-6.660750366030e-04,-1.758320566162e-06
1365,0.000000000000e+00,-6.538841289304e-04,1.379240007687e-01,3.347386852368e-05,9.288863551879e-03,1.286351372168e-01,-6.521399919961e-04,-1.744136934308e-06
1366,0.000000000000e+00,-6.397017825775e-04,1.377695882849e-01,3.732897609508e-05,9.309344287092e-03,1.284602439978e-01,-6.379716285339e-04,-1.730154043575e-06
1367,0.000000000000e+00,-6.253030381035e-04,1.376157271279e-01,4.120995831409e-05,9.329800242906e-03,1.282859268850e-01,-6.235867270871e-04,-1.716311016355e-06
1368,0.000000000000e+00,-6.106747097353e-04,1.374624016241e-01,4.511551126012e-05,9.350225932299e-03,1.281121756918e-01,-6.089721024842e-04,-1.702607251059e-06
1369,0.000000000000e+00,-5.958216957206e-04,1.373095935459e-01,4.904450478247e-05,9.370613057683e-03,1.279389804882e-01,-5.941325665413e-04,-1.689129179316e-06
1370,0.000000000000e+00,-5.807477342785e-04,1.371572866302e-01,5.299950835687e-05,9.390955437336e-03,1.277663311929e-01,-5.790718249258e-04,-1.675909352682e-06
1371,0.000000000000e+00,-5.654681377602e-04,1.370054694836e-01,5.697968560497e-05,9.411251795795e-03,1.275942176878e-01,-5.638051885265e-04,-1.662949233748e-06
1372,0.000000000000e+00,-5.499779230995e-04,1.368541291527e-01,6.098531477285e-05,9.431499050542e-03,1.274226301021e-01,-5.483276898173e-04,-1.650233282237e-06
1373,0.000000000000e+00,-5.342838270513e-04,1.367032558009e-01,6.501012987168e-05,9.451697248826e-03,1.272515585521e-01,-5.326460812436e-04,-1.637745807700e-06
1374,0.000000000000e+00,-5.183879923711e-04,1.365528400969e-01,6.905769127092e-05,9.471846878893e-03,1.270809932181e-01,-5.167625459538e-04,-1.625446417225e-06
1375,0.000000000000e+00,-5.022982220769e-04,1.364028734386e-01,7.312660285335e-05,9.491948975287e-03,1.269109244634e-01,-5.006848028745e-04,-1.613419202381e-06
1376,0.000000000000e+00,-4.860139927320e-04,1.362533489116e-01,7.721134930850e-05,9.512006342165e-03,1.267413425694e-01,-4.844123598429e-04,-1.601632889056e-06
1377,0.000000000000e+00,-4.695481211608e-04,1.361042569856e-01,8.131033913665e-05,9.532019392100e-03,1.265722375935e-01,-4.679579930618e-04,-1.590128099004e-06
1378,0.000000000000e+00,-4.529133857012e-04,1.359555878586e-01,8.542305372842e-05,9.551987993453e-03,1.264035998652e-01,-4.513345132060e-04,-1.578872495157e-06
1379,0.000000000000e+00,-4.361032225447e-04,1.358073320047e-01,8.955051595246e-05,9.571912113338e-03,1.262354198913e-01,-4.345353594223e-04,-1.567863122423e-06
1380,0.000000000000e+00,-4.191202086316e-04,1.356594782844e-01,9.369170499200e-05,9.591790157739e-03,1.260676881267e-01,-4.175631099278e-04,-1.557098703838e-06
1381,0.000000000000e+00,-4.019698165069e-04,1.355120129860e-01,9.784430432803e-05,9.611617985643e-03,1.259003950003e-01,-4.004232132889e-04,-1.546603217986e-06
1382,0.000000000000e+00,-3.846586946073e-04,1.353649281651e-01,1.020068743532e-04,9.631397110778e-03,1.257335310543e-01,-3.831223200104e-04,-1.536374596859e-06
1383,0.000000000000e+00,-3.671984254241e-04,1.352182147701e-01,1.061767816081e-04,9.651127797015e-03,1.255670869731e-01,-3.656720475197e-04,-1.526377904302e-06
1384,0.000000000000e+00,-3.495953378622e-04,1.350718648055e-01,1.103512503023e-04,9.670811192242e-03,1.254010536132e-01,-3.480787200808e-04,-1.516617781410e-06
1385,0.000000000000e+00,-3.318639193039e-04,1.349258706673e-01,1.145267549704e-04,9.690448780905e-03,1.252354218864e-01,-3.303568247648e-04,-1.507094539075e-06
1386,0.000000000000e+00,-3.140160368695e-04,1.347802267730e-01,1.187006032446e-04,9.710044231154e-03,1.250701825418e-01,-3.125181628181e-04,-1.497874051409e-06
1387,0.000000000000e+00,-2.960708360281e-04,1.346349259782e-01,1.228723279658e-04,9.729599741144e-03,1.249053262370e-01,-2.945817398080e-04,-1.489096220087e-06
1388,0.000000000000e+00,-2.780232771389e-04,1.344899581047e-01,1.270451051411e-04,9.749114067706e-03,1.247408440370e-01,-2.765426051005e-04,-1.480672038440e-06
1389,0.000000000000e+00,-2.599047138052e-04,1.343453143753e-01,1.312120425583e-04,9.768586008413e-03,1.245767283669e-01,-2.584322329679e-04,-1.472480837286e-06
1390,0.000000000000e+00,-2.416866337862e-04,1.342009872607e-01,1.353690658107e-04,9.788016595264e-03,1.244129706654e-01,-2.402222403678e-04,-1.464393418372e-06
1391,0.000000000000e+00,-2.233683040064e-04,1.340569679471e-01,1.395175225993e-04,9.807405839464e-03,1.242495621076e-01,-2.219117812884e-04,-1.456522717919e-06
1392,0.000000000000e+00,-2.049589151745e-04,1.339132473671e-01,1.436546231173e-04,9.826753270547e-03,1.240864940966e-01,-2.035101007319e-04,-1.448814442549e-06
1393,0.000000000000e+00,-1.864589892529e-04,1.337698151114e-01,1.477799984228e-04,9.846057180618e-03,1.239237579308e-01,-1.850175993888e-04,-1.441389864054e-06
1394,0.000000000000e+00,-1.678729118033e-04,1.336266596242e-01,1.518934001537e-04,9.865314569180e-03,1.237613450550e-01,-1.664385679854e-04,-1.434343817868e-06
1395,0.000000000000e+00,-1.492059428291e-04,1.334837716211e-01,1.559958066133e-04,9.884524480071e-03,1.235992471410e-01,-1.477782832047e-04,-1.427659624435e-06
1396,0.000000000000e+00,-1.304622887927e-04,1.333411435026e-01,1.600862671719e-04,9.903687646702e-03,1.234374558559e-01,-1.290410515217e-04,-1.421237271045e-06
1397,0.000000000000e+00,-1.116551096547e-04,1.331987680989e-01,1.641617725218e-04,9.922804943236e-03,1.232759631557e-01,-1.102400755089e-04,-1.415034145775e-06
1398,0.000000000000e+00,-9.279346084740e-05,1.330566366369e-01,1.682196415054e-04,9.941875515553e-03,1.231147611214e-01,-9.138448224724e-05,-1.408978600160e-06
1399,0.000000000000e+00,-7.388474559540e-05,1.329147420657e-01,1.722594720855e-04,9.960900338213e-03,1.229538417275e-01,-7.248150504391e-05,-1.403240551493e-06
1400,0.000000000000e+00,-5.494126148984e-05,1.327730776834e-01,1.762766453358e-04,9.979881009603e-03,1.227931966738e-01,-5.354346886652e-05,-1.397792623322e-06
1401,0.000000000000e+00,-3.597109261723e-05,1.326316364235e-01,1.802695794272e-04,9.998818279186e-03,1.226328181443e-01,-3.457848015359e-05,-1.392612463638e-06
1402,0.000000000000e+00,-1.697763889349e-05,1.324904108251e-01,1.842392309028e-04,1.001771235378e-02,1.224726984713e-01,-1.558994914044e-05,-1.387689753050e-06
1403,0.000000000000e+00,2.035030828205e-06,1.323493933616e-01,1.881834687814e-04,1.003656300112e-02,1.223128303604e-01,3.417941671940e-06,-1.382910843736e-06
1404,0.000000000000e+00,2.105983030880e-05,1.322085774205e-01,1.921012129783e-04,1.005537124517e-02,1.221532061753e-01,2.243830794163e-05,-1.378477632826e-06
1405,0.000000000000e+00,4.009350359382e-05,1.320679546843e-01,1.959922419921e-04,1.007413581308e-02,1.219938188712e-01,4.146795933102e-05,-1.374455737201e-06
1406,0.000000000000e+00,5.913474319724e-05,1.319275175868e-01,1.998551031457e-04,1.009285667708e-02,1.218346609097e-01,6.050540739491e-05,-1.370664197670e-06
1407,0.000000000000e+00,7.817513914680e-05,1.317872572613e-01,2.036892448992e-04,1.011153234879e-02,1.216757249125e-01,7.954225172793e-05,-1.367112581134e-06
1408,0.000000000000e+00,9.720405600124e-05,1.316471655289e-01,2.074923508281e-04,1.013016178498e-02,1.215170037439e-01,9.856789232948e-05,-1.363836328241e-06
1409,0.000000000000e+00,1.162254246446e-04,1.315072340967e-01,2.112641855152e-04,1.014874319600e-02,1.213584909007e-01,1.175861116418e-04,-1.360686997224e-06
1410,0.000000000000e+00,1.352321332294e-04,1.313674556500e-01,2.150032034253e-04,1.016727617026e-02,1.212001794797e-01,1.365899359773e-04,-1.357802747946e-06
1411,0.000000000000e+00,1.542144169087e-04,1.312278234184e-01,2.187074654428e-04,1.018576076509e-02,1.210420626533e-01,1.555697271502e-04,-1.355310241521e-06
1412,0.000000000000e+00,1.731677103180e-04,1.310883309163e-01,2.223741874529e-04,1.020419734546e-02,1.208841335708e-01,1.745209288351e-04,-1.353218517151e-06
1413,0.000000000000e+00,1.920933873447e-04,1.309489705580e-01,2.260016190245e-04,1.022258460465e-02,1.207263859533e-01,1.934447250296e-04,-1.351337684863e-06
1414,0.000000000000e+00,2.109944318773e-04,1.308097367646e-01,2.295934722381e-04,1.024092333599e-02,1.205688134286e-01,2.123442441082e-04,-1.349812230921e-06
1415,0.000000000000e+00,2.298709934422e-04,1.306706253410e-01,2.331479804914e-04,1.025921584400e-02,1.204114094970e-01,2.312194875194e-04,-1.348494077271e-06
1416,0.000000000000e+00,2.487102575240e-04,1.305316300757e-01,2.366595950840e-04,1.027746197791e-02,1.202541680978e-01,2.500574926723e-04,-1.347235148354e-06
1417,0.000000000000e+00,2.674990136063e-04,1.303927447919e-01,2.401274898483e-04,1.029566164476e-02,1.200970831472e-01,2.688451866071e-04,-1.346173000803e-06
1418,0.000000000000e+00,2.862258368023e-04,1.302539626825e-01,2.435515901737e-04,1.031381402557e-02,1.199401486569e-01,2.875713478158e-04,-1.345511013544e-06
1419,0.000000000000e+00,3.048876696052e-04,1.301152767725e-01,2.469311080562e-04,1.033191778177e-02,1.197833589908e-01,3.062326958254e-04,-1.345026220275e-06
1420,0.000000000000e+00,3.234796243071e-04,1.299766790382e-01,2.502657190047e-04,1.034997031873e-02,1.196267087194e-01,3.248245385237e-04,-1.344914216616e-06
1421,0.000000000000e+00,3.419957208448e-04,1.298381622532e-01,2.535552481486e-04,1.036797027545e-02,1.194701919777e-01,3.433409970789e-04,-1.345276234178e-06
1422,0.000000000000e+00,3.604353740016e-04,1.296997192554e-01,2.567979268515e-04,1.038591580422e-02,1.193138034511e-01,3.617810235048e-04,-1.345649503200e-06
1423,0.000000000000e+00,3.787911722573e-04,1.295613428080e-01,2.599932555148e-04,1.040380461429e-02,1.191575381937e-01,3.801372875704e-04,-1.346115313163e-06
1424,0.000000000000e+00,3.970566632218e-04,1.294230260799e-01,2.631410035655e-04,1.042163488853e-02,1.190013911914e-01,3.984034496841e-04,-1.346786462271e-06
1425,0.000000000000e+00,4.152223188146e-04,1.292847646921e-01,2.662413126110e-04,1.043940754928e-02,1.188453571428e-01,4.165700417551e-04,-1.347722940446e-06
1426,0.000000000000e+00,4.332769060862e-04,1.291465538248e-01,2.692947489828e-04,1.045712249085e-02,1.186894313339e-01,4.346261686396e-04,-1.349262553390e-06
1427,0.000000000000e+00,4.512214328458e-04,1.290083874940e-01,2.722987844790e-04,1.047477815167e-02,1.185336093423e-01,4.525723499750e-04,-1.350917129221e-06
1428,0.000000000000e+00,4.690480921460e-04,1.288702587334e-01,2.752492860263e-04,1.049237257334e-02,1.183778861600e-01,4.704005813329e-04,-1.352489186898e-06
1429,0.000000000000e+00,4.867437397348e-04,1.287321588785e-01,2.781444657409e-04,1.050990154844e-02,1.182222573301e-01,4.880979609548e-04,-1.354221220047e-06
1430,0.000000000000e+00,5.043091632679e-04,1.285940813226e-01,2.809853142591e-04,1.052736297095e-02,1.180667183516e-01,5.056653158656e-04,-1.356152597626e-06
1431,0.000000000000e+00,5.217369301811e-04,1.284560195999e-01,2.837698738132e-04,1.054475496290e-02,1.179112646370e-01,5.230951816756e-04,-1.358251494460e-06
1432,0.000000000000e+00,5.390159791875e-04,1.283179699743e-01,2.864992829532e-04,1.056207708363e-02,1.177558928907e-01,5.403765011416e-04,-1.360521954048e-06
1433,0.000000000000e+00,5.561387994722e-04,1.281799277472e-01,2.891718310213e-04,1.057932889557e-02,1.176005988517e-01,5.575017268791e-04,-1.362927406881e-06
1434,0.000000000000e+00,5.731036088647e-04,1.280418889840e-01,2.917863265483e-04,1.059651001897e-02,1.174453789651e-01,5.744693019501e-04,-1.365693085357e-06
1435,0.000000000000e+00,5.899166972131e-04,1.279038525385e-01,2.943428895765e-04,1.061362399034e-02,1.172902285481e-01,5.912854901821e-04,-1.368792969067e-06
1436,0.000000000000e+00,6.065775024769e-04,1.277658155121e-01,2.968387281171e-04,1.063067058149e-02,1.171351449306e-01,6.079494127028e-04,-1.371910225915e-06
1437,0.000000000000e+00,6.230857164390e-04,1.276277759312e-01,2.992741646640e-04,1.064765152649e-02,1.169801244047e-01,6.244607580120e-04,-1.375041572979e-06
1438,0.000000000000e+00,6.394372324552e-04,1.274897308408e-01,3.016478899982e-04,1.066456580903e-02,1.168251650318e-01,6.408155670029e-04,-1.378334547725e-06
1439,0.000000000000e+00,6.556268781905e-04,1.273516789824e-01,3.039610740266e-04,1.068141576960e-02,1.166702632128e-01,6.570090555910e-04,-1.382177400507e-06
1440,0.000000000000e+00,6.716565207307e-04,1.272136174251e-01,3.062109429655e-04,1.069820125795e-02,1.165154161672e-01,6.730428283338e-04,-1.386307603122e-06
1441,0.000000000000e+00,6.875251018326e-04,1.270755434901e-01,3.083976591306e-04,1.071492193266e-02,1.163606215575e-01,6.889156043565e-04,-1.390502523903e-06
1442,0.000000000000e+00,7.032382719133e-04,1.269374554235e-01,3.105189355515e-04,1.073157866925e-02,1.162058767543e-01,7.046329620822e-04,-1.394690168966e-06
1443,0.000000000000e+00,7.187844276816e-04,1.267993503096e-01,3.125755512388e-04,1.074817379948e-02,1.160511765101e-01,7.201841514402e-04,-1.399723758622e-06
1444,0.000000000000e+00,7.341627734882e-04,1.266612287621e-01,3.145664749511e-04,1.076470872255e-02,1.158965200395e-01,7.355676033134e-04,-1.404829825183e-06
1445,0.000000000000e+00,7.493631812440e-04,1.265230911932e-01,3.164940369847e-04,1.078118658723e-02,1.157419046059e-01,7.507732128383e-04,-1.410031594345e-06
1446,0.000000000000e+00,7.643861335814e-04,1.263849357103e-01,3.183593436643e-04,1.079760755441e-02,1.155873281559e-01,7.658016121896e-04,-1.415478608256e-06
1447,0.000000000000e+00,7.792193515443e-04,1.262467623269e-01,3.201591131753e-04,1.081397430434e-02,1.154327880226e-01,7.806401706653e-04,-1.420819121058e-06
1448,0.000000000000e+00,7.938435443297e-04,1.261085723295e-01,3.218938176301e-04,1.083029132266e-02,1.152782810069e-01,7.952699607978e-04,-1.426416468120e-06
1449,0.000000000000e+00,8.082684268786e-04,1.259703638373e-01,3.235655782594e-04,1.084655819642e-02,1.151238056409e-01,8.097007523135e-04,-1.432325434818e-06
1450,0.000000000000e+00,8.225360330467e-04,1.258321423353e-01,3.251808269409e-04,1.086278470541e-02,1.149693576299e-01,8.239740718450e-04,-1.438038798341e-06
1451,0.000000000000e+00,8.366333438679e-04,1.256939128579e-01,3.267386097499e-04,1.087897808301e-02,1.148149347749e-01,8.380774410693e-04,-1.444097201421e-06
1452,0.000000000000e+00,8.505052066686e-04,1.255556801637e-01,3.282266114852e-04,1.089514400766e-02,1.146605361561e-01,8.519557638624e-04,-1.450557193798e-06
1453,0.000000000000e+00,8.641452274654e-04,1.254174468543e-01,3.296353027785e-04,1.091128498887e-02,1.145061618655e-01,8.656019042967e-04,-1.456676831332e-06
1454,0.000000000000e+00,8.775357920852e-04,1.252792160650e-01,3.309683735173e-04,1.092740461712e-02,1.143518114479e-01,8.789988115527e-04,-1.463019467545e-06
1455,0.000000000000e+00,8.906950807375e-04,1.251409886414e-01,3.322216513538e-04,1.094350295095e-02,1.141974856905e-01,8.921644965432e-04,-1.469415805760e-06
1456,0.000000000000e+00,9.036243871521e-04,1.250027652659e-01,3.333960170095e-04,1.095957991621e-02,1.140431853497e-01,9.051002132617e-04,-1.475826109562e-06
1457,0.000000000000e+00,9.163104065201e-04,1.248645540301e-01,3.344945429153e-04,1.097564540389e-02,1.138889086263e-01,9.177931352875e-04,-1.482728767410e-06
1458,0.000000000000e+00,9.287600880495e-04,1.247263539359e-01,3.355178464317e-04,1.099169743442e-02,1.137346565015e-01,9.302499567954e-04,-1.489868745936e-06
1459,0.000000000000e+00,9.409788648970e-04,1.245881661624e-01,3.364646470595e-04,1.100773812847e-02,1.135804280340e-01,9.424761388452e-04,-1.497273948204e-06
1460,0.000000000000e+00,9.529664089543e-04,1.244499912585e-01,3.373366474814e-04,1.102376945630e-02,1.134262218022e-01,9.544711752518e-04,-1.504766297462e-06
1461,0.000000000000e+00,9.647508656646e-04,1.243118255367e-01,3.381316613727e-04,1.103978951789e-02,1.132720360188e-01,9.662634893788e-04,-1.512623714192e-06
1462,0.000000000000e+00,9.763747598104e-04,1.241736678032e-01,3.388433704347e-04,1.105579748843e-02,1.131178703147e-01,9.778954125618e-04,-1.520652751353e-06
1463,0.000000000000e+00,9.878902171155e-04,1.240355167704e-01,3.394702187083e-04,1.107179199996e-02,1.129637247704e-01,9.894190777290e-04,-1.528860613556e-06
1464,0.000000000000e+00,9.993799808000e-04,1.238973635436e-01,3.400161766878e-04,1.108776294118e-02,1.128096006024e-01,1.000917349609e-03,-1.537368809326e-06
1465,0.000000000000e+00,1.010812917500e-03,1.237592098735e-01,3.404986881594e-04,1.110371483588e-02,1.126554950377e-01,1.012359200405e-03,-1.546282904717e-06
1466,0.000000000000e+00,1.021834007517e-03,1.236210570539e-01,3.409132787108e-04,1.111965137194e-02,1.125014056820e-01,1.023389530509e-03,-1.555522991068e-06
1467,0.000000000000e+00,1.032509931009e-03,1.234829207438e-01,3.412528572526e-04,1.113559168079e-02,1.123473290631e-01,1.034074578018e-03,-1.564647009233e-06
1468,0.000000000000e+00,1.042833797749e-03,1.233448185849e-01,3.415220364749e-04,1.115155442517e-02,1.121932641597e-01,1.044407682628e-03,-1.573884878436e-06
1469,0.000000000000e+00,1.052789595501e-03,1.232067811946e-01,3.417136737843e-04,1.116757323693e-02,1.120392079577e-01,1.054372592073e-03,-1.582996571975e-06
1470,0.000000000000e+00,1.062349812416e-03,1.230688208265e-01,3.418256114757e-04,1.118365423310e-02,1.118851665934e-01,1.063942190011e-03,-1.592377595136e-06
1471,0.000000000000e+00,1.071517031523e-03,1.229309481970e-01,3.418582351212e-04,1.119980418558e-02,1.117311440114e-01,1.073118702763e-03,-1.601671240218e-06
1472,0.000000000000e+00,1.080265143490e-03,1.227931699020e-01,3.418119891946e-04,1.121602710730e-02,1.115771427947e-01,1.081876125438e-03,-1.610981948849e-06
1473,0.000000000000e+00,1.088594611228e-03,1.226554935815e-01,3.416852495753e-04,1.123233039165e-02,1.114231631898e-01,1.090214769797e-03,-1.620158568463e-06
1474,0.000000000000e+00,1.096517959473e-03,1.225179216195e-01,3.414826970189e-04,1.124871464437e-02,1.112692069751e-01,1.098147410550e-03,-1.629451077191e-06
1475,0.000000000000e+00,1.104067937733e-03,1.223804533592e-01,3.411979544588e-04,1.126517758406e-02,1.111152757751e-01,1.105706609147e-03,-1.638671414894e-06
1476,0.000000000000e+00,1.111296553095e-03,1.222430906898e-01,3.408353789713e-04,1.128172118977e-02,1.109613695001e-01,1.112944479431e-03,-1.647926335841e-06
1477,0.000000000000e+00,1.118253845080e-03,1.221058297630e-01,3.403861813342e-04,1.129833933878e-02,1.108074904242e-01,1.119911070721e-03,-1.657225641269e-06
1478,0.000000000000e+00,1.124980628994e-03,1.219686694518e-01,3.398552698851e-04,1.131502988231e-02,1.106536395695e-01,1.126647279279e-03,-1.666650285356e-06
1479,0.000000000000e+00,1.131507099697e-03,1.218316096157e-01,3.392400898673e-04,1.133179257326e-02,1.104998170424e-01,1.133183467583e-03,-1.676367885626e-06
1480,0.000000000000e+00,1.137779950235e-03,1.216946494258e-01,3.385408327750e-04,1.134862633642e-02,1.103460230894e-01,1.139466304905e-03,-1.686354670298e-06
1481,0.000000000000e+00,1.143716178427e-03,1.215577925428e-01,3.377628956592e-04,1.136553590726e-02,1.101922566356e-01,1.145412867913e-03,-1.696689486731e-06
1482,0.000000000000e+00,1.149275674711e-03,1.214210432093e-01,3.369037686808e-04,1.138252639878e-02,1.100385168105e-01,1.150982882502e-03,-1.707207790417e-06
1483,0.000000000000e+00,1.154455982260e-03,1.212844058107e-01,3.359650281456e-04,1.139960145730e-02,1.098848043534e-01,1.156173505477e-03,-1.717523217556e-06
1484,0.000000000000e+00,1.159247507690e-03,1.211478829269e-01,3.349442821569e-04,1.141676177412e-02,1.097311211528e-01,1.160975086676e-03,-1.727578985695e-06
1485,0.000000000000e+00,1.163603650794e-03,1.210114816573e-01,3.338449763368e-04,1.143401339100e-02,1.095774682663e-01,1.165341132393e-03,-1.737481598927e-06
1486,0.000000000000e+00,1.167399527749e-03,1.208752067305e-01,3.326689661667e-04,1.145135836692e-02,1.094238483636e-01,1.169146888723e-03,-1.747360973656e-06
1487,0.000000000000e+00,1.170748097347e-03,1.207390697929e-01,3.314715874551e-04,1.146880627710e-02,1.092702635158e-01,1.172505476132e-03,-1.757378785349e-06
1488,0.000000000000e+00,1.173905948988e-03,1.206030734459e-01,3.302317902214e-04,1.148635208624e-02,1.091167213597e-01,1.175673026902e-03,-1.767077913912e-06
1489,0.000000000000e+00,1.176899947000e-03,1.204672326721e-01,3.289098993493e-04,1.150401409036e-02,1.089632185817e-01,1.178676211587e-03,-1.776264587131e-06
1490,0.000000000000e+00,1.179614894558e-03,1.203315448212e-01,3.274998360122e-04,1.152178748761e-02,1.088097573336e-01,1.181400084119e-03,-1.785189560819e-06
1491,0.000000000000e+00,1.182020989452e-03,1.201960040891e-01,3.259975919914e-04,1.153966366190e-02,1.086563404272e-01,1.183814926061e-03,-1.793936609497e-06
1492,0.000000000000e+00,1.184100471359e-03,1.200606062770e-01,3.244011847640e-04,1.155763439002e-02,1.085029718869e-01,1.185903126303e-03,-1.802654943672e-06
1493,0.000000000000e+00,1.185897204029e-03,1.199253407704e-01,3.227237364703e-04,1.157568339435e-02,1.083496573761e-01,1.187708549059e-03,-1.811345030201e-06
1494,0.000000000000e+00,1.187408247315e-03,1.197901908853e-01,3.209764836313e-04,1.159378716449e-02,1.081964037208e-01,1.189228287699e-03,-1.820040383387e-06
1495,0.000000000000e+00,1.188626150298e-03,1.196551346382e-01,3.191501018386e-04,1.161191890566e-02,1.080432157326e-01,1.190454860586e-03,-1.828710288473e-06
1496,0.000000000000e+00,1.189596576866e-03,1.195201595121e-01,3.172711405251e-04,1.163006630601e-02,1.078900932061e-01,1.191434052817e-03,-1.837475950647e-06
1497,0.000000000000e+00,1.190299660958e-03,1.193852619138e-01,3.153221304505e-04,1.164822756100e-02,1.077370343528e-01,1.192145967084e-03,-1.846306126080e-06
1498,0.000000000000e+00,1.190731796587e-03,1.192504353706e-01,3.133088842959e-04,1.166639558944e-02,1.075840397812e-01,1.192586910725e-03,-1.855114138218e-06
1499,0.000000000000e+00,1.190892576692e-03,1.191156787487e-01,3.112448358536e-04,1.168456706599e-02,1.074311116827e-01,1.192756413164e-03,-1.863836471877e-06
1500,0.000000000000e+00,1.190791863660e-03,1.189809868919e-01,3.091343217562e-04,1.170273368896e-02,1.072782532030e-01,1.192664307296e-03,-1.872443635820e-06
1501,0.000000000000e+00,1.190438544709e-03,1.188463604478e-01,3.069722052885e-04,1.172089554840e-02,1.071254648994e-01,1.192319546748e-03,-1.881002038167e-06
1502,0.000000000000e+00,1.189819825752e-03,1.187118079021e-01,3.047472418221e-04,1.173906086701e-02,1.069727470351e-01,1.191709350739e-03,-1.889524987286e-06
1503,0.000000000000e+00,1.188932828915e-03,1.185773352196e-01,3.024576855596e-04,1.175723392182e-02,1.068201012977e-01,1.190830825185e-03,-1.897996270026e-06
1504,0.000000000000e+00,1.187756675182e-03,1.184429467144e-01,3.000975811259e-04,1.177541604585e-02,1.066675306685e-01,1.189663089654e-03,-1.906414472256e-06
1505,0.000000000000e+00,1.186269355802e-03,1.183086457316e-01,2.976622966287e-04,1.179360785405e-02,1.065150378776e-01,1.188184123698e-03,-1.914767895321e-06
1506,0.000000000000e+00,1.184437645468e-03,1.181744367592e-01,2.951512003251e-04,1.181181080187e-02,1.063626259573e-01,1.186360627800e-03,-1.922982332405e-06
1507,0.000000000000e+00,1.182261663843e-03,1.180403198460e-01,2.925619289105e-04,1.183002158633e-02,1.062102982596e-01,1.184192788917e-03,-1.931125073865e-06
1508,0.000000000000e+00,1.179771168586e-03,1.179062980153e-01,2.899021787596e-04,1.184824010131e-02,1.060580579140e-01,1.181710373572e-03,-1.939204985352e-06
1509,0.000000000000e+00,1.176997860427e-03,1.177723708588e-01,2.871970380699e-04,1.186646198761e-02,1.059059088711e-01,1.178944963288e-03,-1.947102860869e-06
1510,0.000000000000e+00,1.173946951698e-03,1.176385377166e-01,2.844425935761e-04,1.188468235869e-02,1.057538553579e-01,1.175901872339e-03,-1.954920641410e-06
1511,0.000000000000e+00,1.170621369020e-03,1.175047987728e-01,2.816326246146e-04,1.190289799669e-02,1.056019007761e-01,1.172583952498e-03,-1.962583477318e-06
1512,0.000000000000e+00,1.167030893682e-03,1.173711503745e-01,2.787745818665e-04,1.192110163025e-02,1.054500487442e-01,1.169000988429e-03,-1.970094747333e-06
1513,0.000000000000e+00,1.163161334758e-03,1.172375935070e-01,2.758689713740e-04,1.193929092276e-02,1.052983025842e-01,1.165138817010e-03,-1.977482251684e-06
1514,0.000000000000e+00,1.159012188357e-03,1.171041277183e-01,2.729169617390e-04,1.195746206780e-02,1.051466656505e-01,1.160996928249e-03,-1.984739892162e-06
1515,0.000000000000e+00,1.154606425507e-03,1.169707514481e-01,2.699144815824e-04,1.197561050644e-02,1.049951409416e-01,1.156598289750e-03,-1.991864243091e-06
1516,0.000000000000e+00,1.149969914496e-03,1.168374650312e-01,2.668535805464e-04,1.199373361857e-02,1.048437314127e-01,1.151968792449e-03,-1.998877952651e-06
1517,0.000000000000e+00,1.145127025909e-03,1.167042687742e-01,2.637439971265e-04,1.201182822325e-02,1.046924405510e-01,1.147132706717e-03,-2.005680807378e-06
1518,0.000000000000e+00,1.140090273897e-03,1.165711626586e-01,2.605993044657e-04,1.202988974323e-02,1.045412729154e-01,1.142102451194e-03,-2.012177296676e-06
1519,0.000000000000e+00,1.134811292965e-03,1.164381474831e-01,2.574143230902e-04,1.204791466387e-02,1.043902328193e-01,1.136829788869e-03,-2.018495904075e-06
1520,0.000000000000e+00,1.129286657951e-03,1.163052214499e-01,2.542195506576e-04,1.206589584379e-02,1.042393256061e-01,1.131311069461e-03,-2.024411510438e-06
1521,0.000000000000e+00,1.123507446936e-03,1.161723825563e-01,2.509804468806e-04,1.208382721416e-02,1.040885553421e-01,1.125537688486e-03,-2.030241550013e-06
1522,0.000000000000e+00,1.117467628139e-03,1.160396363177e-01,2.476897824865e-04,1.210171271203e-02,1.039379236057e-01,1.119503691370e-03,-2.036063230761e-06
1523,0.000000000000e+00,1.111183115544e-03,1.159069883509e-01,2.443626320966e-04,1.211955550680e-02,1.037874328441e-01,1.113224779649e-03,-2.041664104919e-06
1524,0.000000000000e+00,1.104643891749e-03,1.157744420064e-01,2.409884456031e-04,1.213735582010e-02,1.036370861863e-01,1.106691058450e-03,-2.047166700746e-06
1525,0.000000000000e+00,1.097819750282e-03,1.156419999994e-01,2.375717389974e-04,1.215511344166e-02,1.034868865577e-01,1.099872240725e-03,-2.052490442430e-06
1526,0.000000000000e+00,1.090741101366e-03,1.155096671216e-01,2.341273699420e-04,1.217282896763e-02,1.033368381540e-01,1.092798627928e-03,-2.057526562400e-06
1527,0.000000000000e+00,1.083429516853e-03,1.153774489546e-01,2.306529319264e-04,1.219050330758e-02,1.031869456470e-01,1.085491835549e-03,-2.062318696534e-06
1528,0.000000000000e+00,1.075895560511e-03,1.152453499559e-01,2.271464801961e-04,1.220813670265e-02,1.030372132533e-01,1.077962440850e-03,-2.066880338758e-06
1529,0.000000000000e+00,1.068130094856e-03,1.151133687630e-01,2.236090949467e-04,1.222572375850e-02,1.028876450045e-01,1.070201323151e-03,-2.071228294634e-06
1530,0.000000000000e+00,1.060111263268e-03,1.149815050662e-01,2.200457734471e-04,1.224326010924e-02,1.027382449570e-01,1.062186618330e-03,-2.075355062616e-06
1531,0.000000000000e+00,1.051835250306e-03,1.148497618208e-01,2.164614273836e-04,1.226074466673e-02,1.025890171541e-01,1.053914487497e-03,-2.079237191571e-06
1532,0.000000000000e+00,1.043322036032e-03,1.147181427151e-01,2.128569432447e-04,1.227817703876e-02,1.024399656763e-01,1.045404926333e-03,-2.082890301110e-06
1533,0.000000000000e+00,1.034573204766e-03,1.145866523805e-01,2.092274114768e-04,1.229555778551e-02,1.022910945950e-01,1.036659492998e-03,-2.086288231915e-06
1534,0.000000000000e+00,1.025608490401e-03,1.144552929615e-01,2.055731900414e-04,1.231288501602e-02,1.021424079455e-01,1.027697961391e-03,-2.089470990684e-06
1535,0.000000000000e+00,1.016444654819e-03,1.143240672442e-01,2.018951199835e-04,1.233015756361e-02,1.019939096806e-01,1.018537099721e-03,-2.092444902434e-06
1536,0.000000000000e+00,1.007099597035e-03,1.141929771612e-01,1.981958922967e-04,1.234737334045e-02,1.018456038208e-01,1.009194797544e-03,-2.095200508629e-06
1537,0.000000000000e+00,9.975683043119e-04,1.140620252278e-01,1.944711239839e-04,1.236453063130e-02,1.016974945965e-01,9.996660250608e-04,-2.097720748930e-06
1538,0.000000000000e+00,9.878669991410e-04,1.139312138150e-01,1.907218479818e-04,1.238162767257e-02,1.015495861424e-01,9.899669864923e-04,-2.099987351388e-06
1539,0.000000000000e+00,9.780012034267e-04,1.138005432479e-01,1.869514840957e-04,1.239866164476e-02,1.014018816031e-01,9.801031976623e-04,-2.101994235569e-06
1540,0.000000000000e+00,9.679615675700e-04,1.136700158716e-01,1.831581439893e-04,1.241563106979e-02,1.012543848018e-01,9.700653117766e-04,-2.103744206593e-06
1541,0.000000000000e+00,9.577536295291e-04,1.135396366647e-01,1.793441768453e-04,1.243253687359e-02,1.011070997912e-01,9.598588466955e-04,-2.105217166352e-06
1542,0.000000000000e+00,9.473928355742e-04,1.134094094968e-01,1.755183635586e-04,1.244937941891e-02,1.009600300779e-01,9.494992738673e-04,-2.106438293125e-06
1543,0.000000000000e+00,9.368455125204e-04,1.132793332897e-01,1.716805873221e-04,1.246615397395e-02,1.008131793158e-01,9.389529173149e-04,-2.107404794528e-06
1544,0.000000000000e+00,9.261076030080e-04,1.131494065174e-01,1.678317812311e-04,1.248285476674e-02,1.006665517507e-01,9.282157122391e-04,-2.108109231174e-06
1545,0.000000000000e+00,9.151699350585e-04,1.130196310504e-01,1.639722202545e-04,1.249947956032e-02,1.005201514901e-01,9.172784804229e-04,-2.108545364466e-06
1546,0.000000000000e+00,9.040203450633e-04,1.128900063235e-01,1.601055257323e-04,1.251602371265e-02,1.003739826109e-01,9.061290586641e-04,-2.108713600875e-06
1547,0.000000000000e+00,8.927113109860e-04,1.127605333740e-01,1.562386040165e-04,1.253248426081e-02,1.002280491131e-01,8.948199294996e-04,-2.108618513624e-06
1548,0.000000000000e+00,8.812705954223e-04,1.126312115871e-01,1.523714813289e-04,1.254885664676e-02,1.000823549403e-01,8.833788634717e-04,-2.108268049357e-06
1549,0.000000000000e+00,8.697055296931e-04,1.125020397888e-01,1.485063370353e-04,1.256513580794e-02,9.993690398090e-02,8.718131952887e-04,-2.107665595573e-06
1550,0.000000000000e+00,8.580224838358e-04,1.123730183523e-01,1.446375697759e-04,1.258131832254e-02,9.979170002972e-02,8.601292913037e-04,-2.106807467968e-06
1551,0.000000000000e+00,8.462540615842e-04,1.122441412633e-01,1.407792912083e-04,1.259739431253e-02,9.964674695080e-02,8.483597469131e-04,-2.105685328871e-06
1552,0.000000000000e+00,8.343872736441e-04,1.121154046930e-01,1.369198241202e-04,1.261335612881e-02,9.950204856424e-02,8.364915750515e-04,-2.104301407336e-06
1553,0.000000000000e+00,8.224371386373e-04,1.119868077516e-01,1.330672703405e-04,1.262919904031e-02,9.935760871125e-02,8.245397915843e-04,-2.102652946936e-06
1554,0.000000000000e+00,8.103877680880e-04,1.118583471394e-01,1.292127794972e-04,1.264491603147e-02,9.921343110793e-02,8.124885292101e-04,-2.100761122170e-06
1555,0.000000000000e+00,7.982280294195e-04,1.117300246267e-01,1.253577626338e-04,1.266050517190e-02,9.906951945477e-02,8.003266179333e-04,-2.098588513774e-06
1556,0.000000000000e+00,7.859743379665e-04,1.116018394671e-01,1.215162327877e-04,1.267596169961e-02,9.892587776753e-02,7.880704734738e-04,-2.096135507270e-06
1557,0.000000000000e+00,7.736275019429e-04,1.114737881128e-01,1.176888927713e-04,1.269127827564e-02,9.878250983718e-02,7.757209119574e-04,-2.093410014515e-06
1558,0.000000000000e+00,7.611909374085e-04,1.113458675838e-01,1.138752227105e-04,1.270644821083e-02,9.863941937293e-02,7.632813569383e-04,-2.090419529845e-06
1559,0.000000000000e+00,7.486629125718e-04,1.112180792669e-01,1.100749790678e-04,1.272146919383e-02,9.849661007308e-02,7.507500785363e-04,-2.087165964529e-06
1560,0.000000000000e+00,7.360372627007e-04,1.110904226424e-01,1.062892855633e-04,1.273633699094e-02,9.835408565146e-02,7.381209139903e-04,-2.083651289532e-06
1561,0.000000000000e+00,7.233291039117e-04,1.109628955711e-01,1.025189095525e-04,1.275104581640e-02,9.821184975466e-02,7.254089793295e-04,-2.079875417826e-06
1562,0.000000000000e+00,7.105446621257e-04,1.108354983809e-01,9.876419299744e-05,1.276559237248e-02,9.806990600841e-02,7.126205026065e-04,-2.075840480802e-06
1563,0.000000000000e+00,6.977024680142e-04,1.107082298249e-01,9.502712032701e-05,1.277997178749e-02,9.792825803744e-02,6.997740168713e-04,-2.071548857064e-06
1564,0.000000000000e+00,6.848008808177e-04,1.105810912089e-01,9.130771015409e-05,1.279418173714e-02,9.778690947173e-02,6.868678822472e-04,-2.067001429482e-06
1565,0.000000000000e+00,6.718509384629e-04,1.104540837583e-01,8.761457228790e-05,1.280822026961e-02,9.764586348869e-02,6.739131237397e-04,-2.062185276762e-06
1566,0.000000000000e+00,6.588642401994e-04,1.103272092589e-01,8.394570445441e-05,1.282208634504e-02,9.750512291383e-02,6.609213539560e-04,-2.057113756575e-06
1567,0.000000000000e+00,6.458458395563e-04,1.102004668154e-01,8.030059124523e-05,1.283577500768e-02,9.736469180771e-02,6.478976405363e-04,-2.051800979992e-06
1568,0.000000000000e+00,6.328092363407e-04,1.100738553730e-01,7.668672396380e-05,1.284928110440e-02,9.722457426855e-02,6.348554624732e-04,-2.046226132511e-06
1569,0.000000000000e+00,6.197464343483e-04,1.099473735370e-01,7.310136753044e-05,1.286259983743e-02,9.708477369959e-02,6.217868174584e-04,-2.040383110085e-06
1570,0.000000000000e+00,6.066609121985e-04,1.098210191555e-01,6.954308856002e-05,1.287572577418e-02,9.694529338132e-02,6.086951754199e-04,-2.034263221377e-06
1571,0.000000000000e+00,5.935633975744e-04,1.096947923814e-01,6.601461704801e-05,1.288865597679e-02,9.680613640459e-02,5.955912633780e-04,-2.027865803652e-06
1572,0.000000000000e+00,5.804723485032e-04,1.095686941443e-01,6.252117193256e-05,1.290138848714e-02,9.666730565714e-02,5.824935354097e-04,-2.021186906497e-06
1573,0.000000000000e+00,5.674003837437e-04,1.094427249967e-01,5.906563253483e-05,1.291392102982e-02,9.652880396692e-02,5.694146119703e-04,-2.014228226656e-06
1574,0.000000000000e+00,5.543345083016e-04,1.093168852797e-01,5.564553402475e-05,1.292625116641e-02,9.639063411324e-02,5.563414988573e-04,-2.006990555713e-06
1575,0.000000000000e+00,5.412853100866e-04,1.091911755555e-01,5.226101989456e-05,1.293837674368e-02,9.625279881186e-02,5.432847876987e-04,-1.999477612031e-06
1576,0.000000000000e+00,5.282892252199e-04,1.090655964985e-01,4.891861576163e-05,1.295029565979e-02,9.611530083868e-02,5.302809170629e-04,-1.991691843042e-06
1577,0.000000000000e+00,5.153662888712e-04,1.089401468950e-01,4.562470106522e-05,1.296200400938e-02,9.597814288565e-02,5.173499249760e-04,-1.983636104770e-06
1578,0.000000000000e+00,5.025097305279e-04,1.088148258408e-01,4.237851161516e-05,1.297349821224e-02,9.584132762854e-02,5.044850437559e-04,-1.975313227993e-06
1579,0.000000000000e+00,4.897073135419e-04,1.086896316397e-01,3.917695339315e-05,1.298477412619e-02,9.570485751350e-02,4.916740406957e-04,-1.966727153797e-06
1580,0.000000000000e+00,4.769602738382e-04,1.085645636843e-01,3.601986127053e-05,1.299582832789e-02,9.556873535639e-02,4.789181738642e-04,-1.957900026019e-06
1581,0.000000000000e+00,4.642698402462e-04,1.084396213701e-01,3.290837667413e-05,1.300665750145e-02,9.543296386865e-02,4.662186495472e-04,-1.948809301003e-06
1582,0.000000000000e+00,4.516347403012e-04,1.083148038515e-01,2.984237508326e-05,1.301725813255e-02,9.529754571894e-02,4.535742050125e-04,-1.939464711350e-06
1583,0.000000000000e+00,4.390570144804e-04,1.081901104169e-01,2.682274521121e-05,1.302762683141e-02,9.516248358552e-02,4.409868839112e-04,-1.929869430753e-06
1584,0.000000000000e+00,4.265416397297e-04,1.080655406694e-01,2.385008093941e-05,1.303776053349e-02,9.502778013592e-02,4.284616658905e-04,-1.920026160828e-06
1585,0.000000000000e+00,4.140927903584e-04,1.079410937852e-01,2.092487814808e-05,1.304765577009e-02,9.489343801508e-02,4.160027292538e-04,-1.909938895358e-06
1586,0.000000000000e+00,4.017097557708e-04,1.078167692067e-01,1.804721881548e-05,1.305730936630e-02,9.475945984039e-02,4.036093636094e-04,-1.899607838612e-06
1587,0.000000000000e+00,3.893950573882e-04,1.076925666037e-01,1.521820721810e-05,1.306671827561e-02,9.462584832805e-02,3.912841026598e-04,-1.889045271567e-06
1588,0.000000000000e+00,3.771556279563e-04,1.075684858288e-01,1.243874578135e-05,1.307587947447e-02,9.449260635437e-02,3.790338876636e-04,-1.878259707316e-06
1589,0.000000000000e+00,3.649991915370e-04,1.074445263462e-01,9.710803581284e-06,1.308478937505e-02,9.435973697119e-02,3.668664251656e-04,-1.867233628639e-06
1590,0.000000000000e+00,3.529300006706e-04,1.073206875292e-01,7.035878579496e-06,1.309344445739e-02,9.422724307182e-02,3.547859631900e-04,-1.855962519409e-06
1591,0.000000000000e+00,3.409548407180e-04,1.071969686064e-01,4.416674496022e-06,1.310184157865e-02,9.409512702772e-02,3.427992761580e-04,-1.844435440084e-06
1592,0.000000000000e+00,3.290792935657e-04,1.070733689401e-01,1.854407244980e-06,1.310997847548e-02,9.396339046459e-02,3.309119367768e-04,-1.832643211167e-06
1593,0.000000000000e+00,3.173048113311e-04,1.069498888357e-01,-6.497305895040e-07,1.311785414544e-02,9.383203469027e-02,3.191254015918e-04,-1.820590260630e-06
1594,0.000000000000e+00,3.056336929992e-04,1.068265286269e-01,-3.095642036731e-06,1.312546773426e-02,9.370106089267e-02,3.074419779400e-04,-1.808284940839e-06
1595,0.000000000000e+00,2.940688996561e-04,1.067032881414e-01,-5.483182493340e-06,1.313281791058e-02,9.357047023077e-02,2.958646142482e-04,-1.795714592129e-06
1596,0.000000000000e+00,2.826167063504e-04,1.065801674895e-01,-7.810407978003e-06,1.313990335328e-02,9.344026413625e-02,2.843996017537e-04,-1.782895403303e-06
1597,0.000000000000e+00,2.712833535449e-04,1.064571660059e-01,-1.007665866080e-05,1.314672269467e-02,9.331044331125e-02,2.730532768819e-04,-1.769923337010e-06
1598,0.000000000000e+00,2.600739998498e-04,1.063342837341e-01,-1.228114628319e-05,1.315327494748e-02,9.318100878660e-02,2.618307457935e-04,-1.756745943632e-06
1599,0.000000000000e+00,2.489905686879e-04,1.062115209520e-01,-1.442341086707e-05,1.315955911096e-02,9.305196184104e-02,2.507339372907e-04,-1.743368602753e-06
1600,0.000000000000e+00,2.380356335374e-04,1.060888779941e-01,-1.650275693245e-05,1.316557417948e-02,9.292330381466e-02,2.397654370839e-04,-1.729803546542e-06
1601,0.000000000000e+00,2.272149832765e-04,1.059663553318e-01,-1.851766541406e-05,1.317131897726e-02,9.279503635458e-02,2.289310408896e-04,-1.716057613156e-06
1602,0.000000000000e+00,2.165350622824e-04,1.058439533402e-01,-2.046688791882e-05,1.317679209290e-02,9.266716124729e-02,2.182372298062e-04,-1.702167523801e-06
1603,0.000000000000e+00,2.060006494248e-04,1.057216717977e-01,-2.234959505765e-05,1.318199229887e-02,9.253967949883e-02,2.076887484109e-04,-1.688098986089e-06
1604,0.000000000000e+00,1.956142527757e-04,1.055995114914e-01,-2.416603759296e-05,1.318691870164e-02,9.241259278974e-02,1.972881015947e-04,-1.673848819030e-06
1605,0.000000000000e+00,1.853770210759e-04,1.054774730385e-01,-2.591602184024e-05,1.319157018744e-02,9.228590285103e-02,1.870364360889e-04,-1.659415012957e-06
1606,0.000000000000e+00,1.752898166607e-04,1.053555569212e-01,-2.759956179921e-05,1.319594562105e-02,9.215961130010e-02,1.769346178131e-04,-1.644801152347e-06
1607,0.000000000000e+00,1.653534104700e-04,1.052337661929e-01,-2.921792383519e-05,1.320004646839e-02,9.203371972447e-02,1.669834255230e-04,-1.630015052926e-06
1608,0.000000000000e+00,1.555744302819e-04,1.051121048449e-01,-3.077044034652e-05,1.320387423759e-02,9.190823060732e-02,1.571895120871e-04,-1.615081805174e-06
1609,0.000000000000e+00,1.459541084378e-04,1.049905736468e-01,-3.225710341917e-05,1.320742683300e-02,9.178314681377e-02,1.475540725719e-04,-1.599964134101e-06
1610,0.000000000000e+00,1.364993481403e-04,1.048691713535e-01,-3.367348715439e-05,1.321070198281e-02,9.165846937070e-02,1.380839879526e-04,-1.584639812366e-06
1611,0.000000000000e+00,1.272119723796e-04,1.047478977158e-01,-3.502091253538e-05,1.321369881530e-02,9.153419890049e-02,1.287811165075e-04,-1.569144127908e-06
1612,0.000000000000e+00,1.180934837960e-04,1.046267515608e-01,-3.630074407574e-05,1.321641670486e-02,9.141033485592e-02,1.196469666714e-04,-1.553482875484e-06
1613,0.000000000000e+00,1.091509481476e-04,1.045057321490e-01,-3.751094118974e-05,1.321885610041e-02,9.128687604856e-02,1.106886105936e-04,-1.537662446004e-06
1614,0.000000000000e+00,1.003874869389e-04,1.043848390844e-01,-3.865074621990e-05,1.322101751411e-02,9.116382157027e-02,1.019091822857e-04,-1.521695346834e-06
1615,0.000000000000e+00,9.180806869941e-05,1.042640718613e-01,-3.971955052459e-05,1.322290132852e-02,9.104117053275e-02,9.331365719234e-05,-1.505588492933e-06
1616,0.000000000000e+00,8.341364802397e-05,1.041434309850e-01,-4.071750499226e-05,1.322450852679e-02,9.091892245826e-02,8.490300096303e-05,-1.489352939065e-06
1617,0.000000000000e+00,7.520483166204e-05,1.040229168685e-01,-4.164421256494e-05,1.322583990765e-02,9.079707696086e-02,7.667780246490e-05,-1.472970802858e-06
1618,0.000000000000e+00,6.718577588273e-05,1.039025304175e-01,-4.249898436927e-05,1.322689650233e-02,9.067563391519e-02,6.864225228209e-05,-1.456476399359e-06
1619,0.000000000000e+00,5.936253527401e-05,1.037822729318e-01,-4.328237113203e-05,1.322767963399e-02,9.055459329781e-02,6.080240607800e-05,-1.439870803996e-06
1620,0.000000000000e+00,5.173725838561e-05,1.036621459329e-01,-4.399398399351e-05,1.322819033029e-02,9.043395560258e-02,5.316040691619e-05,-1.423148530581e-06
1621,0.000000000000e+00,4.431175029184e-05,1.035421507925e-01,-4.463269144604e-05,1.322842920709e-02,9.031372158543e-02,4.571806508885e-05,-1.406314797007e-06
1622,0.000000000000e+00,3.708794580367e-05,1.034222884104e-01,-4.519891870325e-05,1.322839635159e-02,9.019389205883e-02,3.847733290815e-05,-1.389387104488e-06
1623,0.000000000000e+00,3.006663032596e-05,1.033025603889e-01,-4.569420603842e-05,1.322809263725e-02,9.007446775162e-02,3.143898557528e-05,-1.372355249326e-06
1624,0.000000000000e+00,2.324954982841e-05,1.031829677557e-01,-4.611852222583e-05,1.322751841097e-02,8.995544934472e-02,2.460475970031e-05,-1.355209871903e-06
1625,0.000000000000e+00,1.664089926336e-05,1.030635122028e-01,-4.647110797187e-05,1.322667494892e-02,8.983683725389e-02,1.797885352584e-05,-1.337954262473e-06
1626,0.000000000000e+00,1.024554211146e-05,1.029441945490e-01,-4.675049332717e-05,1.322556305949e-02,8.971863148946e-02,1.156616291861e-05,-1.320620807158e-06
1627,0.000000000000e+00,4.064577694101e-06,1.028250143194e-01,-4.695762977090e-05,1.322418242427e-02,8.960083189516e-02,5.367788183080e-06,-1.303210488979e-06
1628,0.000000000000e+00,-1.900999770041e-06,1.027059619106e-01,-4.709430032040e-05,1.322252078822e-02,8.948344112242e-02,-6.152606544518e-07,-1.285739115590e-06
1629,0.000000000000e+00,-7.639550880574e-06,1.025870187069e-01,-4.715209405754e-05,1.322055653040e-02,8.936646217652e-02,-6.371418426437e-06,-1.268132454137e-06
1630,0.000000000000e+00,-1.314995122008e-05,1.024681770289e-01,-4.712600254135e-05,1.321828574816e-02,8.924989128072e-02,-1.189954067374e-05,-1.250410546344e-06
1631,0.000000000000e+00,-1.844378210489e-05,1.023494302017e-01,-4.702266245602e-05,1.321570479814e-02,8.913372540360e-02,-1.721112349354e-05,-1.232658611357e-06
1632,0.000000000000e+00,-2.352045255666e-05,1.022307695395e-01,-4.684183176584e-05,1.321280559538e-02,8.901796394413e-02,-2.230556945804e-05,-1.214883098621e-06
1633,0.000000000000e+00,-2.839168826447e-05,1.021121935313e-01,-4.658978455133e-05,1.320958950749e-02,8.890260402384e-02,-2.719458975417e-05,-1.197098510297e-06
1634,0.000000000000e+00,-3.304536107740e-05,1.019937050884e-01,-4.626435680800e-05,1.320606223319e-02,8.878764285524e-02,-3.186607690406e-05,-1.179284173338e-06
1635,0.000000000000e+00,-3.747408232538e-05,1.018753094320e-01,-4.586456444390e-05,1.320223112286e-02,8.867307830911e-02,-3.631268866389e-05,-1.161393661497e-06
1636,0.000000000000e+00,-4.168189249378e-05,1.017570127656e-01,-4.539592866554e-05,1.319810383183e-02,8.855890893373e-02,-4.053840084789e-05,-1.143491645895e-06
1637,0.000000000000e+00,-4.566322069916e-05,1.016388216509e-01,-4.485265627548e-05,1.319368770762e-02,8.844513394331e-02,-4.453770903848e-05,-1.125511660679e-06
1638,0.000000000000e+00,-4.941424120300e-05,1.015207441801e-01,-4.423764380916e-05,1.318899218733e-02,8.833175199276e-02,-4.830670443612e-05,-1.107536766879e-06
1639,0.000000000000e+00,-5.293426578272e-05,1.014027867008e-01,-4.355203166673e-05,1.318402414963e-02,8.821876255115e-02,-5.184469734909e-05,-1.089568433631e-06
1640,0.000000000000e+00,-5.620716638452e-05,1.012849521382e-01,-4.278749534408e-05,1.317878579655e-02,8.810616634165e-02,-5.513563364862e-05,-1.071532735898e-06
1641,0.000000000000e+00,-5.923146610620e-05,1.011672395174e-01,-4.194436378659e-05,1.317327512096e-02,8.799396439639e-02,-5.817799904170e-05,-1.053467064501e-06
1642,0.000000000000e+00,-6.201279870823e-05,1.010496467270e-01,-4.102936422416e-05,1.316748957341e-02,8.788215715362e-02,-6.097738635388e-05,-1.035412354344e-06
1643,0.000000000000e+00,-6.454065074341e-05,1.009321711611e-01,-4.003269328397e-05,1.316142676971e-02,8.777074439142e-02,-6.352333976176e-05,-1.017310981652e-06
1644,0.000000000000e+00,-6.681404919100e-05,1.008148100724e-01,-3.895422796071e-05,1.315508507259e-02,8.765972499980e-02,-6.581487414017e-05,-9.991750508265e-07
1645,0.000000000000e+00,-6.883143083256e-05,1.006975624231e-01,-3.779679432293e-05,1.314846464889e-02,8.754909777423e-02,-6.785039445706e-05,-9.810363754970e-07
1646,0.000000000000e+00,-7.059814879021e-05,1.005804259334e-01,-3.656038951354e-05,1.314156448501e-02,8.743886144835e-02,-6.963524267622e-05,-9.629061139848e-07
1647,0.000000000000e+00,-7.212948096565e-05,1.004634022810e-01,-3.525330013432e-05,1.313438920640e-02,8.732901307462e-02,-7.118462972799e-05,-9.448512376582e-07
1648,0.000000000000e+00,-7.344361647751e-05,1.003465062927e-01,-3.388938018747e-05,1.312696215698e-02,8.721954413568e-02,-7.251663585336e-05,-9.269806241414e-07
1649,0.000000000000e+00,-7.454165101833e-05,1.002297483209e-01,-3.246775740359e-05,1.311929492491e-02,8.711045339600e-02,-7.363246729483e-05,-9.091837234990e-07
1650,0.000000000000e+00,-7.541512650198e-05,1.001131354077e-01,-3.097934461772e-05,1.311139354490e-02,8.700174186279e-02,-7.452377411235e-05,-8.913523896295e-07
1651,0.000000000000e+00,-7.606859359769e-05,9.999667239142e-02,-2.942920807095e-05,1.310326252667e-02,8.689340986476e-02,-7.519504929018e-05,-8.735443075098e-07
1652,0.000000000000e+00,-7.649579796960e-05,9.988036370684e-02,-2.781718952260e-05,1.309490823730e-02,8.678545546954e-02,-7.564001120211e-05,-8.557867674846e-07
1653,0.000000000000e+00,-7.670142228887e-05,9.976422163353e-02,-2.614890748564e-05,1.308634770438e-02,8.667787392915e-02,-7.586326329745e-05,-8.381589914255e-07
1654,0.000000000000e+00,-7.669062553318e-05,9.964825943450e-02,-2.442941194141e-05,1.307759751642e-02,8.657066191807e-02,-7.587004385121e-05,-8.205816819781e-07
1655,0.000000000000e+00,-7.644463069973e-05,9.953248229874e-02,-2.265168973259e-05,1.306866196324e-02,8.646382033550e-02,-7.564159233533e-05,-8.030383643986e-07
1656,0.000000000000e+00,-7.597466160839e-05,9.941689706136e-02,-2.082709510899e-05,1.305954891844e-02,8.635734814293e-02,-7.518897737965e-05,-7.856842287363e-07
1657,0.000000000000e+00,-7.528237711164e-05,9.930151412571e-02,-1.895088304497e-05,1.305027182085e-02,8.625124230486e-02,-7.451401082689e-05,-7.683662847503e-07
1658,0.000000000000e+00,-7.435961283872e-05,9.918633480359e-02,-1.701395376159e-05,1.304083142885e-02,8.614550337474e-02,-7.360861074224e-05,-7.510020964860e-07
1659,0.000000000000e+00,-7.319554939622e-05,9.907135930250e-02,-1.501185905677e-05,1.303122765639e-02,8.604013164611e-02,-7.246187524121e-05,-7.336741550119e-07
1660,0.000000000000e+00,-7.181773761035e-05,9.895659059764e-02,-1.295771769191e-05,1.302146589934e-02,8.593512469830e-02,-7.110126920687e-05,-7.164684034822e-07
1661,0.000000000000e+00,-7.019606914279e-05,9.884202920650e-02,-1.083605403844e-05,1.301154891792e-02,8.583048028858e-02,-6.949678949156e-05,-6.992796512343e-07
1662,0.000000000000e+00,-6.834539514742e-05,9.872767605859e-02,-8.650282983021e-06,1.300147892251e-02,8.572619713608e-02,-6.766326774379e-05,-6.821274036238e-07
1663,0.000000000000e+00,-6.626474147345e-05,9.861352917556e-02,-6.406036570414e-06,1.299125605239e-02,8.562227312317e-02,-6.559963322539e-05,-6.651082480602e-07
1664,0.000000000000e+00,-6.395669535384e-05,9.849959118849e-02,-4.105929088807e-06,1.298088612751e-02,8.551870506098e-02,-6.330850599764e-05,-6.481893561911e-07
1665,0.000000000000e+00,-6.142965992214e-05,9.838586445873e-02,-1.754482806128e-06,1.297037380296e-02,8.541549065577e-02,-6.079828116076e-05,-6.313787613752e-07
1666,0.000000000000e+00,-5.868094928273e-05,9.827235213763e-02,6.460359905786e-07,1.295972449208e-02,8.531262764555e-02,-5.806626382690e-05,-6.146854558344e-07
1667,0.000000000000e+00,-5.572540813924e-05,9.815905718083e-02,3.090290669056e-06,1.294894345361e-02,8.521011372721e-02,-5.512730258558e-05,-5.981055536597e-07
1668,0.000000000000e+00,-5.256263081851e-05,9.804598172342e-02,5.580395691412e-06,1.293803508633e-02,8.510794663709e-02,-5.198099304923e-05,-5.816377692748e-07
1669,0.000000000000e+00,-4.918530035873e-05,9.793312878418e-02,8.123530495140e-06,1.292700466977e-02,8.500612411441e-02,-4.862001203546e-05,-5.652883232712e-07
1670,0.000000000000e+00,-4.560968841513e-05,9.782049958263e-02,1.071271589390e-05,1.291585569895e-02,8.490464388368e-02,-4.506062935178e-05,-5.490590633535e-07
1671,0.000000000000e+00,-4.183412921981e-05,9.770809504292e-02,1.334708930174e-05,1.290459132663e-02,8.480350371628e-02,-4.130117674767e-05,-5.329524721438e-07
1672,0.000000000000e+00,-3.784798263463e-05,9.759592010045e-02,1.603099876055e-05,1.289321875689e-02,8.470270134355e-02,-3.733102184350e-05,-5.169607911249e-07
1673,0.000000000000e+00,-3.365039778069e-05,9.748397597603e-02,1.876800797498e-05,1.288174162335e-02,8.460223435269e-02,-3.314929363463e-05,-5.011041460607e-07
1674,0.000000000000e+00,-2.925772635632e-05,9.737226566568e-02,2.155007414040e-05,1.287016545911e-02,8.450210020658e-02,-2.877234411397e-05,-4.853822423456e-07
1675,0.000000000000e+00,-2.467848419379e-05,9.726079630362e-02,2.437026709307e-05,1.285849990159e-02,8.440229640203e-02,-2.420868891789e-05,-4.697952759010e-07
1676,0.000000000000e+00,-1.990763926363e-05,9.714957355861e-02,2.723067929402e-05,1.284675304717e-02,8.430282051144e-02,-1.945330551856e-05,-4.543337450689e-07
1677,0.000000000000e+00,-1.494812047278e-05,9.703860283767e-02,3.012585695156e-05,1.283493272843e-02,8.420367010925e-02,-1.450910548612e-05,-4.390149866635e-07
1678,0.000000000000e+00,-9.800486673613e-06,9.692789190044e-02,3.305660649799e-05,1.282304923075e-02,8.410484266970e-02,-9.376649575593e-06,-4.238370980201e-07
1679,0.000000000000e+00,-4.473038247741e-06,9.681744617187e-02,3.602465750039e-05,1.281111046424e-02,8.400633570762e-02,-4.064235481577e-06,-4.088027661647e-07
1680,0.000000000000e+00,1.028888081679e-06,9.670727009048e-02,3.902644883729e-05,1.279912332569e-02,8.390814676478e-02,1.422813774798e-06,-3.939256931198e-07
1681,0.000000000000e+00,6.709980186726e-06,9.659736909345e-02,4.206287203384e-05,1.278709579232e-02,8.381027330113e-02,7.089178501368e-06,-3.791983146425e-07
1682,0.000000000000e+00,1.256096476271e-05,9.648774666723e-02,4.513068871568e-05,1.277503387397e-02,8.371271279325e-02,1.292560187927e-05,-3.646371165519e-07
1683,0.000000000000e+00,1.858149792504e-05,9.637840641118e-02,4.822816129756e-05,1.276294366907e-02,8.361546274211e-02,1.893173402598e-05,-3.502361009388e-07
1684,0.000000000000e+00,2.476580519230e-05,9.626935093879e-02,5.135427766863e-05,1.275083037640e-02,8.351852056239e-02,2.510180219975e-05,-3.359970074477e-07
1685,0.000000000000e+00,3.111540562186e-05,9.616058297330e-02,5.451096567362e-05,1.273869930391e-02,8.342188366939e-02,3.143732284089e-05,-3.219172190322e-07
1686,0.000000000000e+00,3.762710095291e-05,9.605210468298e-02,5.769651906591e-05,1.272655525185e-02,8.332554943113e-02,3.793509682409e-05,-3.079958711882e-07
1687,0.000000000000e+00,4.428409117953e-05,9.594391906829e-02,6.090670389493e-05,1.271440381731e-02,8.322951525098e-02,4.457833117846e-05,-2.942399989366e-07
1688,0.000000000000e+00,5.109744551679e-05,9.583602898077e-02,6.414313379787e-05,1.270225041450e-02,8.313377856627e-02,5.137809785175e-05,-2.806523349531e-07
1689,0.000000000000e+00,5.806015517714e-05,9.572843799376e-02,6.740389471141e-05,1.269010125286e-02,8.303833674090e-02,5.832739346892e-05,-2.672382917804e-07
1690,0.000000000000e+00,6.516623515608e-05,9.562114894952e-02,7.068696896278e-05,1.267796186749e-02,8.294318708202e-02,6.542023553049e-05,-2.540003744152e-07
1691,0.000000000000e+00,7.241643015161e-05,9.551416545490e-02,7.399133383039e-05,1.266583850156e-02,8.284832695334e-02,7.265736941900e-05,-2.409392673847e-07
1692,0.000000000000e+00,7.980778575381e-05,9.540749081024e-02,7.731561680933e-05,1.265373713704e-02,8.275375367321e-02,8.003584032354e-05,-2.280545697269e-07
1693,0.000000000000e+00,8.733609777170e-05,9.530112780401e-02,8.065856992787e-05,1.264166321931e-02,8.265946458470e-02,8.755144514364e-05,-2.153473719325e-07
1694,0.000000000000e+00,9.499842172326e-05,9.519507938809e-02,8.401863953084e-05,1.262962240511e-02,8.256545698298e-02,9.520128955773e-05,-2.028678344665e-07
1695,0.000000000000e+00,1.027946452064e-04,9.508934892738e-02,8.739336230390e-05,1.261762065742e-02,8.247172826996e-02,1.029851923668e-04,-1.905471604330e-07
1696,0.000000000000e+00,1.107152071374e-04,9.498393945123e-02,9.078161661940e-05,1.260566362756e-02,8.237827582366e-02,1.108935971887e-04,-1.783900513024e-07
1697,0.000000000000e+00,1.187528677723e-04,9.487885377150e-02,9.418222534487e-05,1.259375680463e-02,8.228509696687e-02,1.189192706527e-04,-1.664028804337e-07
1698,0.000000000000e+00,1.269100743298e-04,9.477409479157e-02,9.759282752473e-05,1.258190566914e-02,8.219218912243e-02,1.270647266920e-04,-1.546523622112e-07
1699,0.000000000000e+00,1.351840220282e-04,9.466966559390e-02,1.010126355766e-04,1.257011607877e-02,8.209954951514e-02,1.353270710535e-04,-1.430490253274e-07
1700,0.000000000000e+00,1.435663901453e-04,9.456556890419e-02,1.044402667328e-04,1.255839352243e-02,8.200717538176e-02,1.436980117671e-04,-1.316216217779e-07
1701,0.000000000000e+00,1.520528215782e-04,9.446180769842e-02,1.078754017284e-04,1.254674372741e-02,8.191506397101e-02,1.521732001238e-04,-1.203785456329e-07
1702,0.000000000000e+00,1.606321108248e-04,9.435838541613e-02,1.113189442288e-04,1.253517284108e-02,8.182321257505e-02,1.607414377517e-04,-1.093269269147e-07
1703,0.000000000000e+00,1.693158733829e-04,9.425530552867e-02,1.147683043556e-04,1.252368704629e-02,8.173161848238e-02,1.694143415674e-04,-9.846818444350e-08
1704,0.000000000000e+00,1.780988932520e-04,9.415257088327e-02,1.182190728527e-04,1.251229194457e-02,8.164027893870e-02,1.781866983176e-04,-8.780506555823e-08
1705,0.000000000000e+00,1.869740571671e-04,9.405018490179e-02,1.216700920155e-04,1.250099365943e-02,8.154919124236e-02,1.870513978527e-04,-7.734068565267e-08
1706,0.000000000000e+00,1.959335390431e-04,9.394815098939e-02,1.251215932301e-04,1.248979831792e-02,8.145835267147e-02,1.960006158586e-04,-6.707681553947e-08
1707,0.000000000000e+00,2.049705002406e-04,9.384647125209e-02,1.285734098336e-04,1.247871071857e-02,8.136776053351e-02,2.050275126730e-04,-5.701243240442e-08
1708,0.000000000000e+00,2.140791430157e-04,9.374514795918e-02,1.320238548134e-04,1.246773584811e-02,8.127741211106e-02,2.141262885164e-04,-4.714550068700e-08
1709,0.000000000000e+00,2.232553487797e-04,9.364418449231e-02,1.354735655435e-04,1.245687979980e-02,8.118730469251e-02,2.232928264964e-04,-3.747771668483e-08
1710,0.000000000000e+00,2.324968014335e-04,9.354358423054e-02,1.389228931648e-04,1.244614863917e-02,8.109743559137e-02,2.325248095565e-04,-2.800812300141e-08
1711,0.000000000000e+00,2.417975123885e-04,9.344335076681e-02,1.423713897334e-04,1.243554861878e-02,8.100780214803e-02,2.418162474349e-04,-1.873504639708e-08
1712,0.000000000000e+00,2.511536379924e-04,9.334348533448e-02,1.458137406561e-04,1.242508364270e-02,8.091840169177e-02,2.511632962398e-04,-9.658247388921e-09
1713,0.000000000000e+00,2.605681811748e-04,9.324399027887e-02,1.492495855780e-04,1.241475873587e-02,8.082923154300e-02,2.605689570920e-04,-7.759171005359e-10
1714,0.000000000000e+00,2.700406907091e-04,9.314486663111e-02,1.526816378106e-04,1.240457758198e-02,8.074028904914e-02,2.700327795505e-04,7.911158615790e-09
1715,0.000000000000e+00,2.795648732477e-04,9.304611656554e-02,1.561064695577e-04,1.239454500076e-02,8.065157156478e-02,2.795484693407e-04,1.640390701876e-08
1716,0.000000000000e+00,2.891371849390e-04,9.294774201343e-02,1.595225294665e-04,1.238466555590e-02,8.056307645754e-02,2.891124832159e-04,2.470172302165e-08
1717,0.000000000000e+00,2.987500310191e-04,9.284974543513e-02,1.629252964816e-04,1.237494433862e-02,8.047480109651e-02,2.987172244795e-04,3.280653955743e-08
1718,0.000000000000e+00,3.083929315183e-04,9.275213120158e-02,1.663095479453e-04,1.236538830833e-02,8.038674289326e-02,3.083522132653e-04,4.071825304448e-08
1719,0.000000000000e+00,3.180543194285e-04,9.265490287692e-02,1.696719804741e-04,1.235600361772e-02,8.029889925920e-02,3.180058821861e-04,4.843724236026e-08
1720,0.000000000000e+00,3.277308259379e-04,9.255806362009e-02,1.730123447625e-04,1.234679600798e-02,8.021126761211e-02,3.276748623307e-04,5.596360723968e-08
1721,0.000000000000e+00,3.374163804553e-04,9.246161613562e-02,1.763278048236e-04,1.233777075124e-02,8.012384538438e-02,3.373530801310e-04,6.330032437888e-08
1722,0.000000000000e+00,3.471154272472e-04,9.236556324162e-02,1.796220767769e-04,1.232893314869e-02,8.003663009294e-02,3.470449738729e-04,7.045337431337e-08
1723,0.000000000000e+00,3.568290201103e-04,9.226990760710e-02,1.828947099638e-04,1.232028826628e-02,7.994961934083e-02,3.567515920793e-04,7.742803096681e-08
1724,0.000000000000e+00,3.665492255855e-04,9.217465138651e-02,1.861451282957e-04,1.231184078221e-02,7.986281060430e-02,3.664649892011e-04,8.423638445674e-08
1725,0.000000000000e+00,3.762764796860e-04,9.207979601218e-02,1.893726518708e-04,1.230359467257e-02,7.977620133961e-02,3.761856054289e-04,9.087425710758e-08
1726,0.000000000000e+00,3.860091239147e-04,9.198534344919e-02,1.925743182294e-04,1.229555443482e-02,7.968978901438e-02,3.859117860374e-04,9.733787735425e-08
1727,0.000000000000e+00,3.957349886632e-04,9.189129470724e-02,1.957525927787e-04,1.228772357077e-02,7.960357113647e-02,3.956313629933e-04,1.036256698978e-07
1728,0.000000000000e+00,4.054522459950e-04,9.179765169592e-02,1.989070810739e-04,1.228010642528e-02,7.951754527064e-02,4.053425107988e-04,1.097351962106e-07
1729,0.000000000000e+00,4.151600240056e-04,9.170441621195e-02,2.020377601301e-04,1.227270720409e-02,7.943170900786e-02,4.150443568102e-04,1.156671953499e-07
1730,0.000000000000e+00,4.248570888661e-04,9.161158953199e-02,2.051423981633e-04,1.226552958037e-02,7.934605995162e-02,4.247356676264e-04,1.214212396552e-07
1731,0.000000000000e+00,4.345438395381e-04,9.151917258234e-02,2.082186800333e-04,1.225857685449e-02,7.926059572785e-02,4.344168428449e-04,1.269966932254e-07
1732,0.000000000000e+00,4.442138063050e-04,9.142716644065e-02,2.112666364056e-04,1.225185244742e-02,7.917531399323e-02,4.440814108167e-04,1.323954882987e-07
1733,0.000000000000e+00,4.538569691471e-04,9.133557283789e-02,2.142839467083e-04,1.224536038931e-02,7.909021244858e-02,4.537193481967e-04,1.376209504255e-07
1734,0.000000000000e+00,4.634692743161e-04,9.124439327299e-02,2.172704057446e-04,1.223910444729e-02,7.900528882570e-02,4.633265986430e-04,1.426756730816e-07
1735,0.000000000000e+00,4.730476876641e-04,9.115362869196e-02,2.202277943715e-04,1.223308781153e-02,7.892054088043e-02,4.729001289916e-04,1.475586724840e-07
1736,0.000000000000e+00,4.825867999241e-04,9.106327982198e-02,2.231532699889e-04,1.222731344455e-02,7.883596637743e-02,4.824345292036e-04,1.522707204940e-07
1737,0.000000000000e+00,4.920857343594e-04,9.097334721983e-02,2.260441890468e-04,1.222178413186e-02,7.875156308798e-02,4.919289193557e-04,1.568150037193e-07
1738,0.000000000000e+00,5.015468651163e-04,9.088383130477e-02,2.288997223306e-04,1.221650249989e-02,7.866732880488e-02,5.013856706881e-04,1.611944282554e-07
1739,0.000000000000e+00,5.109635793861e-04,9.079473191660e-02,2.317186781733e-04,1.221147057835e-02,7.858326133825e-02,5.107981683128e-04,1.654110733528e-07
1740,0.000000000000e+00,5.203318147788e-04,9.070604998652e-02,2.344998385131e-04,1.220669144666e-02,7.849935853987e-02,5.201623460504e-04,1.694687283300e-07
1741,0.000000000000e+00,5.296476641507e-04,9.061778555899e-02,2.372441021177e-04,1.220216712082e-02,7.841561843817e-02,5.294742808775e-04,1.733832731454e-07
1742,0.000000000000e+00,5.389026708174e-04,9.052993837965e-02,2.399499335130e-04,1.219789934609e-02,7.833203903355e-02,5.387255284667e-04,1.771423506457e-07
1743,0.000000000000e+00,5.480942616568e-04,9.044250915790e-02,2.426165166639e-04,1.219389103322e-02,7.824861812468e-02,5.479135167537e-04,1.807449031515e-07
1744,0.000000000000e+00,5.572207142544e-04,9.035549843320e-02,2.452440420039e-04,1.219014483895e-02,7.816535359425e-02,5.570365148520e-04,1.841994024701e-07
1745,0.000000000000e+00,5.662788756531e-04,9.026890666109e-02,2.478316171289e-04,1.218666326181e-02,7.808224339928e-02,5.660913658213e-04,1.875098317749e-07
1746,0.000000000000e+00,5.752672504322e-04,9.018273429664e-02,2.503793858941e-04,1.218344873004e-02,7.799928556660e-02,5.750765654360e-04,1.906849962214e-07
1747,0.000000000000e+00,5.841823809581e-04,9.009698163339e-02,2.528868232673e-04,1.218050348443e-02,7.791647814896e-02,5.839886546646e-04,1.937262935378e-07
1748,0.000000000000e+00,5.930223207134e-04,9.001164898837e-02,2.553535755384e-04,1.217782973736e-02,7.783381925102e-02,5.928256818498e-04,1.966388636053e-07
1749,0.000000000000e+00,6.017839010457e-04,8.992673632775e-02,2.577789890706e-04,1.217542928135e-02,7.775130704640e-02,6.015844822932e-04,1.994187524986e-07
1750,0.000000000000e+00,6.104650884283e-04,8.984224371064e-02,2.601630093369e-04,1.217330398308e-02,7.766893972756e-02,6.102630209484e-04,2.020674798745e-07
1751,0.000000000000e+00,6.190622802016e-04,8.975817116213e-02,2.625045602684e-04,1.217145564856e-02,7.758671551358e-02,6.188576909134e-04,2.045892881588e-07
1752,0.000000000000e+00,6.275722202274e-04,8.967451845883e-02,2.648033353069e-04,1.216988578055e-02,7.750463267828e-02,6.273652010518e-04,2.070191756098e-07
1753,0.000000000000e+00,6.359934526546e-04,8.959128529472e-02,2.670595787835e-04,1.216859580700e-02,7.742268948772e-02,6.357840781792e-04,2.093744754291e-07
1754,0.000000000000e+00,6.443249404008e-04,8.950847115151e-02,2.692735400467e-04,1.216758685544e-02,7.734088429607e-02,6.441133051997e-04,2.116352010506e-07
1755,0.000000000000e+00,6.525632375318e-04,8.942607530424e-02,2.714439512802e-04,1.216685984201e-02,7.725921546223e-02,6.523494516147e-04,2.137859171393e-07
1756,0.000000000000e+00,6.607045018011e-04,8.934409702452e-02,2.735694279544e-04,1.216641564351e-02,7.717768138101e-02,6.604886787814e-04,2.158230196668e-07
1757,0.000000000000e+00,6.687473343891e-04,8.926253565815e-02,2.756498936013e-04,1.216625515694e-02,7.709628050121e-02,6.685295764886e-04,2.177579005009e-07
1758,0.000000000000e+00,6.766890377430e-04,8.918139005013e-02,2.776847253406e-04,1.216637887091e-02,7.701501117922e-02,6.764694437140e-04,2.195940289849e-07
1759,0.000000000000e+00,6.845263587773e-04,8.910065890849e-02,2.796735031917e-04,1.216678710344e-02,7.693387180505e-02,6.843051128244e-04,2.212459528647e-07
1760,0.000000000000e+00,6.922569581580e-04,8.902034107745e-02,2.816158724989e-04,1.216748019773e-02,7.685286087972e-02,6.920341652447e-04,2.227929133038e-07
1761,0.000000000000e+00,6.998796816127e-04,8.894043539195e-02,2.835123035271e-04,1.216845838667e-02,7.677197700529e-02,6.996553159850e-04,2.243656277460e-07
1762,0.000000000000e+00,7.073942089377e-04,8.886094046245e-02,2.853644336722e-04,1.216972161453e-02,7.669121884792e-02,7.071683431909e-04,2.258657468041e-07
1763,0.000000000000e+00,7.147978046416e-04,8.878185367407e-02,2.871721443770e-04,1.217126859438e-02,7.661058507969e-02,7.145705169918e-04,2.272876498009e-07
1764,0.000000000000e+00,7.220864129227e-04,8.870317322137e-02,2.889339894049e-04,1.217309885634e-02,7.653007436503e-02,7.218577845064e-04,2.286284163100e-07
1765,0.000000000000e+00,7.292581927481e-04,8.862489727712e-02,2.906495335661e-04,1.217521186509e-02,7.644968541203e-02,7.290283012856e-04,2.298914624881e-07
1766,0.000000000000e+00,7.363127342412e-04,8.854702426079e-02,2.923187111297e-04,1.217760728551e-02,7.636941697527e-02,7.360816513171e-04,2.310829241093e-07
1767,0.000000000000e+00,7.432490371187e-04,8.846955280486e-02,2.939415806758e-04,1.218028494950e-02,7.628926785535e-02,7.430168280265e-04,2.322090922506e-07
1768,0.000000000000e+00,7.500656224101e-04,8.839248162893e-02,2.955182723534e-04,1.218324474306e-02,7.620923688587e-02,7.498323498698e-04,2.332725403424e-07
1769,0.000000000000e+00,7.567607518965e-04,8.831580944963e-02,2.970488347170e-04,1.218648651235e-02,7.612932293728e-02,7.565264729623e-04,2.342789342368e-07
1770,0.000000000000e+00,7.633333434346e-04,8.823953495163e-02,2.985334192626e-04,1.219000998702e-02,7.604952496461e-02,7.630981234273e-04,2.352200072853e-07
1771,0.000000000000e+00,7.697823266566e-04,8.816365651081e-02,2.999725211443e-04,1.219381466949e-02,7.596984184132e-02,7.695462320940e-04,2.360945625308e-07
1772,0.000000000000e+00,7.761054075732e-04,8.808817258647e-02,3.013657618854e-04,1.219790008905e-02,7.589027249742e-02,7.758684881040e-04,2.369194691950e-07
1773,0.000000000000e+00,7.822998887625e-04,8.801308168266e-02,3.027130245113e-04,1.220226576336e-02,7.581081591931e-02,7.820622011477e-04,2.376876148350e-07
1774,0.000000000000e+00,7.883663857427e-04,8.793838215933e-02,3.040150552060e-04,1.220691106694e-02,7.573147109238e-02,7.881279773536e-04,2.384083891516e-07
1775,0.000000000000e+00,7.943038062301e-04,8.786407234690e-02,3.052713858334e-04,1.221183519831e-02,7.565223714859e-02,7.940647243827e-04,2.390818474572e-07
1776,0.000000000000e+00,8.001098213531e-04,8.779015020218e-02,3.064812692105e-04,1.221703687678e-02,7.557311332540e-02,7.998701136166e-04,2.397077365781e-07
1777,0.000000000000e+00,8.057823590510e-04,8.771661355107e-02,3.076447805410e-04,1.222251475585e-02,7.549409879521e-02,8.055420737593e-04,2.402852916669e-07
1778,0.000000000000e+00,8.113212911988e-04,8.764346005416e-02,3.087624808442e-04,1.222826733360e-02,7.541519272056e-02,8.110804845945e-04,2.408066042607e-07
1779,0.000000000000e+00,8.167274550947e-04,8.757068765162e-02,3.098357170595e-04,1.223429334449e-02,7.533639430713e-02,8.164861984045e-04,2.412566902491e-07
1780,0.000000000000e+00,8.220009301477e-04,8.749829385529e-02,3.108652520560e-04,1.224059105556e-02,7.525770279973e-02,8.217592841194e-04,2.416460283309e-07
1781,0.000000000000e+00,8.271398050731e-04,8.742627613615e-02,3.118505340478e-04,1.224715862528e-02,7.517911751086e-02,8.268977863815e-04,2.420186916152e-07
1782,0.000000000000e+00,8.321437280059e-04,8.735463250009e-02,3.127915633624e-04,1.225399472709e-02,7.510063777300e-02,8.319012945801e-04,2.424334257815e-07
1783,0.000000000000e+00,8.370096712838e-04,8.728336006847e-02,3.136872983714e-04,1.226109713154e-02,7.502226293694e-02,8.367668539024e-04,2.428173813832e-07
1784,0.000000000000e+00,8.417349533187e-04,8.721245553743e-02,3.145365589454e-04,1.226846320706e-02,7.494399233037e-02,8.414917640193e-04,2.431892994355e-07
1785,0.000000000000e+00,8.463190355658e-04,8.714191575229e-02,3.153393269836e-04,1.227609019903e-02,7.486582555326e-02,8.460754241287e-04,2.436114371284e-07
1786,0.000000000000e+00,8.507607273863e-04,8.707173773637e-02,3.160955804048e-04,1.228397561444e-02,7.478776212193e-02,8.505166264122e-04,2.441009741179e-07
1787,0.000000000000e+00,8.550573521722e-04,8.700191868284e-02,3.168041101354e-04,1.229211719793e-02,7.470980148491e-02,8.548126937325e-04,2.446584397137e-07
1788,0.000000000000e+00,8.592144428987e-04,8.693245660450e-02,3.174692034693e-04,1.230051344364e-02,7.463194316087e-02,8.589691158455e-04,2.453270532585e-07
1789,0.000000000000e+00,8.632346767644e-04,8.686334854867e-02,3.180934233415e-04,1.230916179524e-02,7.455418675342e-02,8.629886305689e-04,2.460461954782e-07
1790,0.000000000000e+00,8.671176833305e-04,8.679459125640e-02,3.186772279396e-04,1.231805940575e-02,7.447653185064e-02,8.668708598775e-04,2.468234530056e-07
1791,0.000000000000e+00,8.708318894020e-04,8.672542430236e-02,3.191957501614e-04,1.232722999194e-02,7.439819431042e-02,8.705899253390e-04,2.419640629751e-07
1792,0.000000000000e+00,8.744129725465e-04,8.665661888868e-02,3.196822548709e-04,1.233665880901e-02,7.431996007967e-02,8.741718855624e-04,2.410869841341e-07
1793,0.000000000000e+00,8.778564239166e-04,8.658817047125e-02,3.201327689796e-04,1.234633649658e-02,7.424183397467e-02,8.776147022169e-04,2.417216997488e-07
1794,0.000000000000e+00,8.811568317461e-04,8.652007566293e-02,3.205426583405e-04,1.235625829615e-02,7.416381736678e-02,8.809136841161e-04,2.431476299916e-07
1795,0.000000000000e+00,8.843178090011e-04,8.645232900912e-02,3.209142743694e-04,1.236642032323e-02,7.408590868589e-02,8.840726758721e-04,2.451331290064e-07
1796,0.000000000000e+00,8.873356085980e-04,8.638492442370e-02,3.212446874990e-04,1.237681923898e-02,7.400810518472e-02,8.870880719037e-04,2.475366943319e-07
1797,0.000000000000e+00,8.902166065919e-04,8.631785575766e-02,3.215382600657e-04,1.238745191803e-02,7.393040383963e-02,8.899663089475e-04,2.502976443274e-07
1798,0.000000000000e+00,8.929632072311e-04,8.625111600160e-02,3.217950873509e-04,1.239831441564e-02,7.385280158596e-02,8.927098509844e-04,2.533562467552e-07
1799,0.000000000000e+00,8.955814248518e-04,8.618469812825e-02,3.220179502258e-04,1.240940265047e-02,7.377529547778e-02,8.953247212130e-04,2.567036388188e-07
1800,0.000000000000e+00,8.980819229628e-04,8.611859659453e-02,3.222125459096e-04,1.242071368129e-02,7.369788291324e-02,8.978216242297e-04,2.602987330905e-07
1801,0.000000000000e+00,9.004668292387e-04,8.605280705978e-02,3.223785788027e-04,1.243224550917e-02,7.362056155061e-02,9.002027135450e-04,2.641156936728e-07
1802,0.000000000000e+00,9.027443711774e-04,8.598732494770e-02,3.225203791883e-04,1.244399553903e-02,7.354332940867e-02,9.024762135067e-04,2.681576707075e-07
1803,0.000000000000e+00,9.049328392476e-04,8.592214810218e-02,3.226487503472e-04,1.245596379833e-02,7.346618430386e-02,9.046603839529e-04,2.724552947289e-07
1804,0.000000000000e+00,9.070261775309e-04,8.585727588408e-02,3.227571259056e-04,1.246815163783e-02,7.338912424625e-02,9.067492838824e-04,2.768936484300e-07
1805,0.000000000000e+00,9.090096227476e-04,8.579270278533e-02,3.228337776931e-04,1.248055266494e-02,7.331215012039e-02,9.087282422312e-04,2.813805164118e-07
1806,0.000000000000e+00,9.108964781576e-04,8.572842164667e-02,3.228869985394e-04,1.249315907052e-02,7.323526257615e-02,9.106104703314e-04,2.860078262795e-07
1807,0.000000000000e+00,9.126926523854e-04,8.566442476222e-02,3.229195813599e-04,1.250596341310e-02,7.315846134911e-02,9.124018837671e-04,2.907686182212e-07
1808,0.000000000000e+00,9.144086755399e-04,8.560070375541e-02,3.229379622650e-04,1.251895766193e-02,7.308174609348e-02,9.141130198934e-04,2.956556465119e-07
1809,0.000000000000e+00,9.160479894184e-04,8.553725084323e-02,3.229448598684e-04,1.253213453871e-02,7.300511630452e-02,9.157473282052e-04,3.006612132165e-07
1810,0.000000000000e+00,9.176841303157e-04,8.547483953438e-02,3.229828838614e-04,1.254545564188e-02,7.292938389250e-02,9.173727886667e-04,3.113416490478e-07
1811,0.000000000000e+00,9.192567447923e-04,8.541266222707e-02,3.230105304951e-04,1.255893350206e-02,7.285372872501e-02,9.189384927704e-04,3.182520219307e-07
1812,0.000000000000e+00,9.207662729652e-04,8.535072185341e-02,3.230332512154e-04,1.257257488808e-02,7.277814696533e-02,9.204424297410e-04,3.238432242083e-07
1813,0.000000000000e+00,9.221967270647e-04,8.528901728913e-02,3.230429245619e-04,1.258637948456e-02,7.270263780457e-02,9.218680123699e-04,3.287146947539e-07
1814,0.000000000000e+00,9.235454127294e-04,8.522754765598e-02,3.230399485852e-04,1.260034377049e-02,7.262720388549e-02,9.232122799369e-04,3.331327924827e-07
1815,0.000000000000e+00,9.247911196660e-04,8.516631162956e-02,3.230109178004e-04,1.261446225571e-02,7.255184937386e-02,9.244539606675e-04,3.371589984888e-07
1816,0.000000000000e+00,9.259154118741e-04,8.510530590045e-02,3.229454263258e-04,1.262872696334e-02,7.247657893711e-02,9.255745579484e-04,3.408539257107e-07
1817,0.000000000000e+00,9.269367085988e-04,8.504452773259e-02,3.228588686340e-04,1.264313197067e-02,7.240139576192e-02,9.265922472874e-04,3.444613114237e-07
1818,0.000000000000e+00,9.278509642173e-04,8.498397436338e-02,3.227508297770e-04,1.265767191390e-02,7.232630244948e-02,9.275029729700e-04,3.479912473086e-07
1819,0.000000000000e+00,9.286408937735e-04,8.492364324825e-02,3.226113614366e-04,1.267234159078e-02,7.225130165747e-02,9.282895233472e-04,3.513704263489e-07
1820,0.000000000000e+00,9.293019232085e-04,8.486353082254e-02,3.224403486576e-04,1.268713482744e-02,7.217639599510e-02,9.289472762276e-04,3.546469809273e-07
1821,0.000000000000e+00,9.298306443480e-04,8.480363367183e-02,3.222386320078e-04,1.270204604073e-02,7.210158763111e-02,9.294727629722e-04,3.578813758164e-07
1822,0.000000000000e+00,9.302197396419e-04,8.474394828252e-02,3.220038141069e-04,1.271706998434e-02,7.202687829818e-02,9.298586652734e-04,3.610743685230e-07
1823,0.000000000000e+00,9.304592206607e-04,8.468447106536e-02,3.217318009951e-04,1.273220142642e-02,7.195226963894e-02,9.300949895226e-04,3.642311380320e-07
1824,0.000000000000e+00,9.305442932499e-04,8.462519807502e-02,3.214205113193e-04,1.274743488845e-02,7.187776318657e-02,9.301769306416e-04,3.673626083152e-07
1825,0.000000000000e+00,9.304721467021e-04,8.456612504317e-02,3.210677334711e-04,1.276276467244e-02,7.180336037074e-02,9.301016664766e-04,3.704802255056e-07
1826,0.000000000000e+00,9.302410445517e-04,8.450724756004e-02,3.206726275054e-04,1.277818502588e-02,7.172906253416e-02,9.298674445017e-04,3.736000499873e-07
1827,0.000000000000e+00,9.298517262659e-04,8.444856122176e-02,3.202355467453e-04,1.279369028489e-02,7.165487093687e-02,9.294749876420e-04,3.767386239379e-07
1828,0.000000000000e+00,9.293072419040e-04,8.439006152130e-02,3.197575822097e-04,1.280927476172e-02,7.158078675957e-02,9.289273293127e-04,3.799125913050e-07
1829,0.000000000000e+00,9.286124424441e-04,8.433174377276e-02,3.192406541969e-04,1.282493266119e-02,7.150681111157e-02,9.282293003987e-04,3.831420453178e-07
1830,0.000000000000e+00,9.277743678720e-04,8.427360308093e-02,3.186872392651e-04,1.284065804258e-02,7.143294503836e-02,9.273879223977e-04,3.864454743464e-07
1831,0.000000000000e+00,9.268006053778e-04,8.421563445726e-02,3.181004132446e-04,1.285644493420e-02,7.135918952306e-02,9.264107701274e-04,3.898352503831e-07
1832,0.000000000000e+00,9.256989845302e-04,8.415783290753e-02,3.174834817443e-04,1.287228740906e-02,7.128554549847e-02,9.253056598689e-04,3.933246612436e-07
1833,0.000000000000e+00,9.244770860868e-04,8.410019342722e-02,3.168399025861e-04,1.288817958920e-02,7.121201383802e-02,9.240801637589e-04,3.969223279156e-07
1834,0.000000000000e+00,9.231426259985e-04,8.404271085485e-02,3.161731322473e-04,1.290411543994e-02,7.113859541491e-02,9.227419921142e-04,4.006338843697e-07
1835,0.000000000000e+00,9.217037204763e-04,8.398538015241e-02,3.154868752974e-04,1.292008906633e-02,7.106529108608e-02,9.212992546430e-04,4.044658333318e-07
1836,0.000000000000e+00,9.201665964291e-04,8.392819607119e-02,3.147848241881e-04,1.293609439139e-02,7.099210167980e-02,9.197581729823e-04,4.084234468222e-07
1837,0.000000000000e+00,9.185401502637e-04,8.387115356070e-02,3.140701414599e-04,1.295212556896e-02,7.091902799173e-02,9.181276381386e-04,4.125121250702e-07
1838,0.000000000000e+00,9.168338884801e-04,8.381424748651e-02,3.133462057838e-04,1.296817669434e-02,7.084607079217e-02,9.164171521236e-04,4.167363565136e-07
1839,0.000000000000e+00,9.150561929629e-04,8.375747287100e-02,3.126162051347e-04,1.298424204152e-02,7.077323082948e-02,9.146350926652e-04,4.211002976829e-07
1840,0.000000000000e+00,9.132147272147e-04,8.370082501167e-02,3.118831710558e-04,1.300031618328e-02,7.070050882839e-02,9.127891193652e-04,4.256078495152e-07
1841,0.000000000000e+00,9.113158271826e-04,8.364429907930e-02,3.111499123981e-04,1.301639358170e-02,7.062790549761e-02,9.108855645168e-04,4.302626658279e-07
1842,0.000000000000e+00,9.093639311890e-04,8.358789024531e-02,3.104189875701e-04,1.303246871665e-02,7.055542152867e-02,9.089288628192e-04,4.350683698528e-07
1843,0.000000000000e+00,9.073654973034e-04,8.353159396057e-02,3.096923523625e-04,1.304853636024e-02,7.048305760033e-02,9.069254696930e-04,4.400276104703e-07
1844,0.000000000000e+00,9.053268317658e-04,8.347540580302e-02,3.089715179400e-04,1.306459141525e-02,7.041081438778e-02,9.048816923588e-04,4.451394069794e-07
1845,0.000000000000e+00,9.032519616527e-04,8.341932132467e-02,3.082579906304e-04,1.308062875924e-02,7.033869256543e-02,9.028015567389e-04,4.504049138597e-07
1846,0.000000000000e+00,9.011443467185e-04,8.336333626068e-02,3.075530346043e-04,1.309664347135e-02,7.026669278933e-02,9.006885199828e-04,4.558267356972e-07
1847,0.000000000000e+00,8.990069540081e-04,8.330744646147e-02,3.068576071691e-04,1.311263075204e-02,7.019481570943e-02,8.985455493153e-04,4.614046928250e-07
1848,0.000000000000e+00,8.968439379781e-04,8.325164778710e-02,3.061722945168e-04,1.312858580926e-02,7.012306197784e-02,8.963767980017e-04,4.671399764515e-07
1849,0.000000000000e+00,8.946577709192e-04,8.319593615814e-02,3.054974331789e-04,1.314450393874e-02,7.005143221940e-02,8.941847328480e-04,4.730380712089e-07
1850,0.000000000000e+00,8.924516314488e-04,8.314030740619e-02,3.048337544643e-04,1.316038035458e-02,6.997992705162e-02,8.919725279361e-04,4.791035127347e-07
1851,0.000000000000e+00,8.902262494476e-04,8.308475738246e-02,3.041815946373e-04,1.317621031367e-02,6.990854706879e-02,8.897409116226e-04,4.853378250107e-07
1852,0.000000000000e+00,8.879850910691e-04,8.302928232562e-02,3.035416027071e-04,1.319198946781e-02,6.983729285780e-02,8.874933466462e-04,4.917444229166e-07
1853,0.000000000000e+00,8.857320184732e-04,8.297387868018e-02,3.029147927562e-04,1.320771368848e-02,6.976616499170e-02,8.852337029434e-04,4.983155297753e-07
1854,0.000000000000e+00,8.834698862219e-04,8.291854279389e-02,3.023018973583e-04,1.322337878373e-02,6.969516401017e-02,8.829648494919e-04,5.050367299407e-07
1855,0.000000000000e+00,8.811973542832e-04,8.286327078473e-02,3.017008991249e-04,1.323898034362e-02,6.962429044111e-02,8.806854596998e-04,5.118945834038e-07
1856,0.000000000000e+00,8.789138078897e-04,8.280805922039e-02,3.011097815616e-04,1.325451434807e-02,6.955354487232e-02,8.783949245738e-04,5.188833158481e-07
1857,0.000000000000e+00,8.766187041177e-04,8.275290450521e-02,3.005267539738e-04,1.326997653577e-02,6.948292796944e-02,8.760927045111e-04,5.259996066070e-07
1858,0.000000000000e+00,8.743119130480e-04,8.269780319854e-02,2.999513523832e-04,1.328536285746e-02,6.941244034108e-02,8.737786696807e-04,5.332433673393e-07
1859,0.000000000000e+00,8.719971183108e-04,8.264275201337e-02,2.993835994330e-04,1.330066941752e-02,6.934208259585e-02,8.714565039670e-04,5.406143438044e-07
1860,0.000000000000e+00,8.696781812541e-04,8.258774779022e-02,2.988230822315e-04,1.331589244682e-02,6.927185534341e-02,8.691300704330e-04,5.481108211135e-07
1861,0.000000000000e+00,8.673564395006e-04,8.253278774538e-02,2.982703893317e-04,1.333102856584e-02,6.920175917954e-02,8.668007062776e-04,5.557332230523e-07
1862,0.000000000000e+00,8.650336060040e-04,8.247786898535e-02,2.977262175233e-04,1.334607430043e-02,6.913179468492e-02,8.644701262538e-04,5.634797501652e-07
1863,0.000000000000e+00,8.627104906665e-04,8.242298853025e-02,2.971908787309e-04,1.336102610478e-02,6.906196242547e-02,8.621391407266e-04,5.713499399871e-07
1864,0.000000000000e+00,8.603916770477e-04,8.236814349927e-02,2.966650399944e-04,1.337588051827e-02,6.899226298100e-02,8.598123375816e-04,5.793394661151e-07
1865,0.000000000000e+00,8.580801587659e-04,8.231333125366e-02,2.961482707080e-04,1.339063428204e-02,6.892269697162e-02,8.574927157111e-04,5.874430548474e-07
1866,0.000000000000e+00,8.557791488957e-04,8.225854850950e-02,2.956411275994e-04,1.340528348650e-02,6.885326502299e-02,8.551834896508e-04,5.956592448366e-07
1867,0.000000000000e+00,8.534916165006e-04,8.220379225131e-02,2.951442386663e-04,1.341982454889e-02,6.878396770242e-02,8.528876316440e-04,6.039848566312e-07
1868,0.000000000000e+00,8.512183552346e-04,8.214905961277e-02,2.946572068913e-04,1.343425403458e-02,6.871480557819e-02,8.506059406063e-04,6.124146282515e-07
1869,0.000000000000e+00,8.489590235795e-04,8.209434767369e-02,2.941790522115e-04,1.344856846741e-02,6.864577920628e-02,8.483380765057e-04,6.209470738185e-07
1870,0.000000000000e+00,8.467142896197e-04,8.203965373120e-02,2.937090051819e-04,1.346276458139e-02,6.857688914981e-02,8.460847139243e-04,6.295756954031e-07
1871,0.000000000000e+00,8.444845725026e-04,8.198497505356e-02,2.932473687978e-04,1.347683909115e-02,6.850813596241e-02,8.438462720826e-04,6.383004199930e-07
1872,0.000000000000e+00,8.422723878791e-04,8.193030917587e-02,2.927944498205e-04,1.349078898400e-02,6.843952019187e-02,8.416252684593e-04,6.471194197890e-07
1873,0.000000000000e+00,8.400784736877e-04,8.187565386631e-02,2.923500053633e-04,1.350461157592e-02,6.837104229039e-02,8.394224502653e-04,6.560234223616e-07
1874,0.000000000000e+00,8.379018983683e-04,8.182100719974e-02,2.919129138727e-04,1.351830459906e-02,6.830270260068e-02,8.372368908727e-04,6.650074956473e-07
1875,0.000000000000e+00,8.357418106973e-04,8.176636725055e-02,2.914829151512e-04,1.353186580859e-02,6.823450144196e-02,8.350677401443e-04,6.740705530326e-07
1876,0.000000000000e+00,8.335971407725e-04,8.171173210224e-02,2.910596901871e-04,1.354529296826e-02,6.816643913398e-02,8.329139330660e-04,6.832077064541e-07
1877,0.000000000000e+00,8.314670085618e-04,8.165709976129e-02,2.906427413995e-04,1.355858374054e-02,6.809851602075e-02,8.307745947916e-04,6.924137702100e-07
1878,0.000000000000e+00,8.293499474437e-04,8.160246805749e-02,2.902310535199e-04,1.357173557420e-02,6.803073248330e-02,8.286482643380e-04,7.016831056186e-07
1879,0.000000000000e+00,8.272458845510e-04,8.154783483620e-02,2.898247172628e-04,1.358474591498e-02,6.796308892122e-02,8.265348723001e-04,7.110122508748e-07
1880,0.000000000000e+00,8.251533390317e-04,8.149319822709e-02,2.894227952902e-04,1.359761248575e-02,6.789558574134e-02,8.244329403791e-04,7.203986526014e-07
1881,0.000000000000e+00,8.230706770791e-04,8.143855638352e-02,2.890244331670e-04,1.361033303536e-02,6.782822334816e-02,8.223408394500e-04,7.298376291818e-07
1882,0.000000000000e+00,8.209987000215e-04,8.138390722967e-02,2.886305140780e-04,1.362290509098e-02,6.776100213870e-02,8.202593734167e-04,7.393266048361e-07
1883,0.000000000000e+00,8.189361212689e-04,8.132924909029e-02,2.882406611760e-04,1.363532653861e-02,6.769392255169e-02,8.181872568602e-04,7.488644087742e-07
1884,0.000000000000e+00,8.168801195275e-04,8.127457996524e-02,2.878531047564e-04,1.364759489194e-02,6.762698507330e-02,8.161216741452e-04,7.584453822571e-07
1885,0.000000000000e+00,8.148291559118e-04,8.121989806193e-02,2.874672882349e-04,1.365970789438e-02,6.756019016755e-02,8.140610903085e-04,7.680656033101e-07
1886,0.000000000000e+00,8.127810423656e-04,8.116520159233e-02,2.870825708788e-04,1.367166327505e-02,6.749353831727e-02,8.120033198369e-04,7.777225287057e-07
1887,0.000000000000e+00,8.107327311426e-04,8.111048866525e-02,2.866978610547e-04,1.368345868973e-02,6.742702997552e-02,8.099453188962e-04,7.874122464175e-07
1888,0.000000000000e+00,8.086819299929e-04,8.105575745050e-02,2.863127226610e-04,1.369509188697e-02,6.736066556353e-02,8.078847999685e-04,7.971300243978e-07
1889,0.000000000000e+00,8.066251148016e-04,8.100100632747e-02,2.859272015661e-04,1.370656077216e-02,6.729444555531e-02,8.058182449980e-04,8.068698036609e-07
1890,0.000000000000e+00,8.045609438161e-04,8.094623352189e-02,2.855415350346e-04,1.371786281543e-02,6.722837070646e-02,8.037443106485e-04,8.166331675330e-07
1891,0.000000000000e+00,8.024884670646e-04,8.089143669239e-02,2.851557170686e-04,1.372899518317e-02,6.716244150922e-02,8.016620588828e-04,8.264081818401e-07
1892,0.000000000000e+00,8.004078063245e-04,8.083661370813e-02,2.847701724674e-04,1.373995559951e-02,6.709665810862e-02,7.995716069644e-04,8.361993600325e-07
1893,0.000000000000e+00,7.983203945273e-04,8.078176272287e-02,2.843861584745e-04,1.375074240087e-02,6.703102032200e-02,7.974743806713e-04,8.460138559104e-07
1894,0.000000000000e+00,7.962271986153e-04,8.072688202307e-02,2.840045056521e-04,1.376135406843e-02,6.696552795463e-02,7.953713586045e-04,8.558400108509e-07
1895,0.000000000000e+00,7.941296812073e-04,8.067197002062e-02,2.836262589575e-04,1.377178906398e-02,6.690018095664e-02,7.932639782051e-04,8.657030021570e-07
1896,0.000000000000e+00,7.920292970909e-04,8.061702522200e-02,2.832519237880e-04,1.378204578233e-02,6.683497943967e-02,7.911536914815e-04,8.756056093752e-07
1897,0.000000000000e+00,7.899289288549e-04,8.056204639982e-02,2.828822372290e-04,1.379212285540e-02,6.676992354442e-02,7.890433916928e-04,8.855371620908e-07
1898,0.000000000000e+00,7.878320353918e-04,8.050703240965e-02,2.825185189524e-04,1.380201903592e-02,6.670501337372e-02,7.869365785585e-04,8.954568333380e-07
1899,0.000000000000e+00,7.857427829283e-04,8.045198227735e-02,2.821622649232e-04,1.381173324477e-02,6.664024903258e-02,7.848374223329e-04,9.053605954032e-07
1900,0.000000000000e+00,7.836644250197e-04,8.039689524282e-02,2.818148326046e-04,1.382126446769e-02,6.657563077513e-02,7.827491690338e-04,9.152559859076e-07
1901,0.000000000000e+00,7.816000290724e-04,8.034177056282e-02,2.814769781532e-04,1.383061149466e-02,6.651115906816e-02,7.806748840242e-04,9.251450482192e-07
1902,0.000000000000e+00,7.795528152725e-04,8.028660766325e-02,2.811492969616e-04,1.383977335775e-02,6.644683430550e-02,7.786177926412e-04,9.350226313214e-07
1903,0.000000000000e+00,7.775269911570e-04,8.023140605866e-02,2.808330480190e-04,1.384874928461e-02,6.638265677405e-02,7.765821046850e-04,9.448864720664e-07
1904,0.000000000000e+00,7.755257114067e-04,8.017616532043e-02,2.805286912170e-04,1.385753866162e-02,6.631862665881e-02,7.745709807631e-04,9.547306436177e-07
1905,0.000000000000e+00,7.735537539886e-04,8.012088510535e-02,2.802376391907e-04,1.386614097462e-02,6.625474413073e-02,7.725891950315e-04,9.645589570517e-07
1906,0.000000000000e+00,7.716154913814e-04,8.006556450674e-02,2.799609360267e-04,1.387455492901e-02,6.619100957773e-02,7.706411175445e-04,9.743738368984e-07
1907,0.000000000000e+00,7.697202770053e-04,8.001020068213e-02,2.797033247860e-04,1.388277674445e-02,6.612742393768e-02,7.687360765209e-04,9.842004844427e-07
1908,0.000000000000e+00,7.678654740598e-04,7.995479103567e-02,2.794605851637e-04,1.389080407063e-02,6.606398696504e-02,7.668715037265e-04,9.939703333431e-07
1909,0.000000000000e+00,7.660504917921e-04,7.989933484572e-02,2.792301638284e-04,1.389863688602e-02,6.600069795969e-02,7.650467980531e-04,1.003693739071e-06
1910,0.000000000000e+00,7.642793363566e-04,7.984383197904e-02,2.790129541747e-04,1.390627518568e-02,6.593755679336e-02,7.632659590477e-04,1.013377308947e-06
1911,0.000000000000e+00,7.625529231648e-04,7.978828193180e-02,2.788076428019e-04,1.391371819942e-02,6.587456373239e-02,7.615299005375e-04,1.023022627305e-06
1912,0.000000000000e+00,7.608707632770e-04,7.973268503497e-02,2.786120587041e-04,1.392096636512e-02,6.581171866986e-02,7.598381397338e-04,1.032623543190e-06
1913,0.000000000000e+00,7.592379724850e-04,7.967704244824e-02,2.784279041655e-04,1.392802111586e-02,6.574902133238e-02,7.581957703594e-04,1.042202125638e-06
1914,0.000000000000e+00,7.576564695183e-04,7.962135642030e-02,2.782548069072e-04,1.393488508819e-02,6.568647133212e-02,7.566047129496e-04,1.051756568755e-06
1915,0.000000000000e+00,7.561313882019e-04,7.956562936589e-02,2.780946395819e-04,1.394156077231e-02,6.562406859358e-02,7.550700917714e-04,1.061296430521e-06
1916,0.000000000000e+00,7.546681048595e-04,7.950986384928e-02,2.779496673461e-04,1.394805068156e-02,6.556181316772e-02,7.535972801834e-04,1.070824676169e-06
1917,0.000000000000e+00,7.532723353172e-04,7.945406133343e-02,2.778225962149e-04,1.395435581425e-02,6.549970551918e-02,7.521919823994e-04,1.080352917813e-06
1918,0.000000000000e+00,7.519468758481e-04,7.939822289042e-02,2.777141394429e-04,1.396047676929e-02,6.543774612113e-02,7.508570088759e-04,1.089866972199e-06
1919,0.000000000000e+00,7.506921716182e-04,7.934234946834e-02,2.776235064632e-04,1.396641432641e-02,6.537593514193e-02,7.495928297916e-04,1.099341826666e-06
1920,0.000000000000e+00,7.495086717864e-04,7.928644236311e-02,2.775498928433e-04,1.397216993433e-02,6.531427242878e-02,7.483999146217e-04,1.108757164643e-06
1921,0.000000000000e+00,7.483989495248e-04,7.923050301883e-02,2.774941768916e-04,1.397774528380e-02,6.525275773502e-02,7.472808450391e-04,1.118104485708e-06
1922,0.000000000000e+00,7.473567236607e-04,7.917453357046e-02,2.774512103881e-04,1.398314297084e-02,6.519139059962e-02,7.462293791562e-04,1.127344504556e-06
1923,0.000000000000e+00,7.463745597067e-04,7.911853772695e-02,2.774150640556e-04,1.398836770342e-02,6.513017002353e-02,7.452381053114e-04,1.136454395298e-06
1924,0.000000000000e+00,7.454560997868e-04,7.906251949326e-02,2.773881343249e-04,1.399342382654e-02,6.506909566672e-02,7.443106098432e-04,1.145489943527e-06
1925,0.000000000000e+00,7.446069643043e-04,7.900648192983e-02,2.773743508468e-04,1.399831394357e-02,6.500816798626e-02,7.434524741985e-04,1.154490105811e-06
1926,0.000000000000e+00,7.438244323979e-04,7.895042761250e-02,2.773715027621e-04,1.400304041007e-02,6.494738720243e-02,7.426610211815e-04,1.163411216396e-06
1927,0.000000000000e+00,7.430971724969e-04,7.889342091493e-02,2.773704241787e-04,1.400759848615e-02,6.488582242878e-02,7.419306713338e-04,1.166501163112e-06
1928,0.000000000000e+00,7.424390337056e-04,7.883643819550e-02,2.773815268931e-04,1.401199705978e-02,6.482444113572e-02,7.412651446226e-04,1.173889082994e-06
1929,0.000000000000e+00,7.418554309505e-04,7.877946609105e-02,2.774085262410e-04,1.401624051167e-02,6.476322557938e-02,7.406727345149e-04,1.182696435628e-06
1930,0.000000000000e+00,7.413465701614e-04,7.872250227372e-02,2.774514255059e-04,1.402033167164e-02,6.470217060208e-02,7.401543761024e-04,1.192194058967e-06
1931,0.000000000000e+00,7.409123953291e-04,7.866554467632e-02,2.775099782873e-04,1.402427307088e-02,6.464127160544e-02,7.397102776852e-04,1.202117643965e-06
1932,0.000000000000e+00,7.405535968725e-04,7.860859140350e-02,2.775842821067e-04,1.402806769542e-02,6.458052370808e-02,7.393412627798e-04,1.212334092621e-06
1933,0.000000000000e+00,7.402701336266e-04,7.855164075714e-02,2.776737566250e-04,1.403171829472e-02,6.451992246242e-02,7.390473865037e-04,1.222747122907e-06
1934,0.000000000000e+00,7.400676241466e-04,7.849469187719e-02,2.777812886307e-04,1.403522800850e-02,6.445946386869e-02,7.388343196602e-04,1.233304486417e-06
1935,0.000000000000e+00,7.399520336119e-04,7.843774421952e-02,2.779092722087e-04,1.403859961892e-02,6.439914460060e-02,7.387080626593e-04,1.243970952613e-06
1936,0.000000000000e+00,7.399296122035e-04,7.838079785612e-02,2.780599874584e-04,1.404183591397e-02,6.433896194215e-02,7.386749080913e-04,1.254704112110e-06
1937,0.000000000000e+00,7.400068905364e-04,7.832385282003e-02,2.782357849704e-04,1.404493920595e-02,6.427891361408e-02,7.387414208052e-04,1.265469731257e-06
1938,0.000000000000e+00,7.401904151812e-04,7.826690961283e-02,2.784388990373e-04,1.404791191693e-02,6.421899769591e-02,7.389141737570e-04,1.276241424215e-06
1939,0.000000000000e+00,7.404862007305e-04,7.820996915185e-02,2.786715971508e-04,1.405075661486e-02,6.415921253700e-02,7.391992072594e-04,1.286993471079e-06
1940,0.000000000000e+00,7.408999835592e-04,7.815303274915e-02,2.789362583210e-04,1.405347600055e-02,6.409955674860e-02,7.396022828677e-04,1.297700691536e-06
1941,0.000000000000e+00,7.414338590720e-04,7.809610187442e-02,2.792334621659e-04,1.405607273393e-02,6.404002914049e-02,7.401255279267e-04,1.308331145347e-06
1942,0.000000000000e+00,7.420890541406e-04,7.803917810905e-02,2.795637583325e-04,1.405854938718e-02,6.398062872188e-02,7.407701844774e-04,1.318869663224e-06
1943,0.000000000000e+00,7.428639012540e-04,7.798226317285e-02,2.799264865213e-04,1.406090850676e-02,6.392135466609e-02,7.415346059960e-04,1.329295258073e-06
1944,0.000000000000e+00,7.437537492535e-04,7.792535868480e-02,2.803197178461e-04,1.406315241182e-02,6.386220627299e-02,7.424141645839e-04,1.339584669657e-06
1945,0.000000000000e+00,7.447524161438e-04,7.786846672582e-02,2.807408789127e-04,1.406528385202e-02,6.380318287379e-02,7.434026923585e-04,1.349723785289e-06
1946,0.000000000000e+00,7.458545394056e-04,7.781158939093e-02,2.811884298072e-04,1.406730551923e-02,6.374428387170e-02,7.444948365028e-04,1.359702902757e-06
1947,0.000000000000e+00,7.470503478868e-04,7.775472918962e-02,2.816581040108e-04,1.406922043005e-02,6.368550875958e-02,7.456808369070e-04,1.369510979798e-06
1948,0.000000000000e+00,7.483308733780e-04,7.769788878832e-02,2.821463673722e-04,1.407103167909e-02,6.362685710923e-02,7.469517293170e-04,1.379144060904e-06
1949,0.000000000000e+00,7.496859498709e-04,7.764107091644e-02,2.826489774315e-04,1.407274239711e-02,6.356832851933e-02,7.482973514429e-04,1.388598428064e-06
1950,0.000000000000e+00,7.511072984648e-04,7.758427862403e-02,2.831630309111e-04,1.407435597995e-02,6.350992264409e-02,7.497094266611e-04,1.397871803648e-06
1951,0.000000000000e+00,7.525865225806e-04,7.752751508380e-02,2.836851857364e-04,1.407587592609e-02,6.345163915771e-02,7.511795637449e-04,1.406958835697e-06
1952,0.000000000000e+00,7.541155820001e-04,7.747078352285e-02,2.842123631262e-04,1.407730575317e-02,6.339347776968e-02,7.526997261326e-04,1.415855867484e-06
1953,0.000000000000e+00,7.556879322056e-04,7.741408724650e-02,2.847422802614e-04,1.407864904137e-02,6.333543820513e-02,7.542633677224e-04,1.424564483163e-06
1954,0.000000000000e+00,7.572983321529e-04,7.735742958707e-02,2.852735441767e-04,1.407990940370e-02,6.327752018337e-02,7.558652483496e-04,1.433083803219e-06
1955,0.000000000000e+00,7.589413539598e-04,7.730081409459e-02,2.858041856438e-04,1.408109062254e-02,6.321972347204e-02,7.574999422470e-04,1.441411712791e-06
1956,0.000000000000e+00,7.606119525419e-04,7.724424429938e-02,2.863324088489e-04,1.408219643511e-02,6.316204786427e-02,7.591624071134e-04,1.449545428559e-06
1957,0.000000000000e+00,7.623060450433e-04,7.718772377654e-02,2.868568553626e-04,1.408323064268e-02,6.310449313386e-02,7.608485613682e-04,1.457483675098e-06
1958,0.000000000000e+00,7.640197526283e-04,7.713125612500e-02,2.873763942641e-04,1.408419706832e-02,6.304705905669e-02,7.625545266496e-04,1.465225978682e-06
1959,0.000000000000e+00,7.657494834096e-04,7.707484497374e-02,2.878901621204e-04,1.408509956783e-02,6.298974540591e-02,7.642767109166e-04,1.472772492969e-06
1960,0.000000000000e+00,7.674923832141e-04,7.701849398279e-02,2.883975552847e-04,1.408594203306e-02,6.293255194973e-02,7.660122584924e-04,1.480124721687e-06
1961,0.000000000000e+00,7.692462860199e-04,7.696220682460e-02,2.888981502101e-04,1.408672835664e-02,6.287547846796e-02,7.677590012074e-04,1.487284812514e-06
1962,0.000000000000e+00,7.710091785397e-04,7.690598722939e-02,2.893917190206e-04,1.408746249465e-02,6.281852473474e-02,7.695149231085e-04,1.494255431170e-06
1963,0.000000000000e+00,7.727804214490e-04,7.684983896341e-02,2.898781215449e-04,1.408814844428e-02,6.276169051913e-02,7.712793824405e-04,1.501039008452e-06
1964,0.000000000000e+00,7.745592877712e-04,7.679376579896e-02,2.903573307047e-04,1.408879020492e-02,6.270497559404e-02,7.730516494013e-04,1.507638369922e-06
1965,0.000000000000e+00,7.763448675824e-04,7.673777138441e-02,2.908294486091e-04,1.408939166257e-02,6.264837972185e-02,7.748308113341e-04,1.514056248378e-06
1966,0.000000000000e+00,7.781368839308e-04,7.668185936289e-02,2.912946052201e-04,1.408995670715e-02,6.259190265574e-02,7.766165887866e-04,1.520295144124e-06
1967,0.000000000000e+00,7.799349762586e-04,7.662603341837e-02,2.917530120942e-04,1.409048927607e-02,6.253554414230e-02,7.784086188539e-04,1.526357404686e-06
1968,0.000000000000e+00,7.817386144665e-04,7.657029719380e-02,2.922049625209e-04,1.409099327178e-02,6.247930392202e-02,7.802063689708e-04,1.532245495720e-06
1969,0.000000000000e+00,7.835478331810e-04,7.651465437670e-02,2.926507064938e-04,1.409147264923e-02,6.242318172747e-02,7.820098715739e-04,1.537961607141e-06
1970,0.000000000000e+00,7.853627913272e-04,7.645910865488e-02,2.930905097677e-04,1.409193137317e-02,6.236717728171e-02,7.838192835831e-04,1.543507744116e-06
1971,0.000000000000e+00,7.871837610636e-04,7.640366371860e-02,2.935246312528e-04,1.409237342078e-02,6.231129029782e-02,7.856348759113e-04,1.548885152287e-06
1972,0.000000000000e+00,7.890111571555e-04,7.634832325890e-02,2.939533072833e-04,1.409280277894e-02,6.225552047995e-02,7.874570611204e-04,1.554096035154e-06
1973,0.000000000000e+00,7.908454350208e-04,7.629309097334e-02,2.943767596068e-04,1.409322345249e-02,6.219986752085e-02,7.892862927039e-04,1.559142316854e-06
1974,0.000000000000e+00,7.926875469865e-04,7.623797064931e-02,2.947951391737e-04,1.409363954506e-02,6.214433110425e-02,7.911235210147e-04,1.564025971782e-06
1975,0.000000000000e+00,7.945374432173e-04,7.618296605621e-02,2.952086639168e-04,1.409405514748e-02,6.208891090873e-02,7.929686956233e-04,1.568747593937e-06
1976,0.000000000000e+00,7.963954431786e-04,7.612808095127e-02,2.956175105261e-04,1.409447434496e-02,6.203360660630e-02,7.948221362551e-04,1.573306923471e-06
1977,0.000000000000e+00,7.982621707664e-04,7.607331895454e-02,2.960217903470e-04,1.409490109981e-02,6.197841785473e-02,7.966844664837e-04,1.577704282647e-06
1978,0.000000000000e+00,8.001386255244e-04,7.601868375891e-02,2.964215457129e-04,1.409533945572e-02,6.192334430319e-02,7.985566836256e-04,1.581941898884e-06
1979,0.000000000000e+00,8.020254473172e-04,7.596417900915e-02,2.968168321764e-04,1.409579341680e-02,6.186838559236e-02,8.004394267992e-04,1.586020517980e-06
1980,0.000000000000e+00,8.039228224537e-04,7.590980829922e-02,2.972077306543e-04,1.409626694172e-02,6.181354135749e-02,8.023328801725e-04,1.589942281150e-06
1981,0.000000000000e+00,8.058308874344e-04,7.585557522021e-02,2.975943006935e-04,1.409676398855e-02,6.175881123167e-02,8.042371767261e-04,1.593710708241e-06
1982,0.000000000000e+00,8.077497496377e-04,7.580148334035e-02,2.979765838401e-04,1.409728849790e-02,6.170419484245e-02,8.061524188064e-04,1.597330831274e-06
1983,0.000000000000e+00,8.096793343175e-04,7.574753622397e-02,2.983546159821e-04,1.409784441028e-02,6.164969181369e-02,8.080785252213e-04,1.600809096248e-06
1984,0.000000000000e+00,8.116200010175e-04,7.569373736968e-02,2.987283566737e-04,1.409843560908e-02,6.159530176060e-02,8.100158497925e-04,1.604151225077e-06
1985,0.000000000000e+00,8.135724311644e-04,7.564009033303e-02,2.990976992534e-04,1.409906603853e-02,6.154102429450e-02,8.119650715071e-04,1.607359657337e-06
1986,0.000000000000e+00,8.155355976750e-04,7.558659845582e-02,2.994626568178e-04,1.409973944291e-02,6.148685901291e-02,8.139251576586e-04,1.610440016361e-06
1987,0.000000000000e+00,8.175092990291e-04,7.553326496421e-02,2.998231182869e-04,1.410045945276e-02,6.143280551144e-02,8.158959044789e-04,1.613394550198e-06
1988,0.000000000000e+00,8.194932114393e-04,7.548009304998e-02,3.001789240389e-04,1.410122966780e-02,6.137886338218e-02,8.178769867839e-04,1.616224655416e-06
1989,0.000000000000e+00,8.214867229468e-04,7.542708585723e-02,3.005298716073e-04,1.410205364330e-02,6.132503221393e-02,8.198677916902e-04,1.618931256651e-06
1990,0.000000000000e+00,8.234894024178e-04,7.537424649082e-02,3.008756576230e-04,1.410293489973e-02,6.127131159110e-02,8.218678874178e-04,1.621515000060e-06
1991,0.000000000000e+00,8.255004895230e-04,7.532157796965e-02,3.012159038948e-04,1.410387687672e-02,6.121770109293e-02,8.238765131910e-04,1.623976332007e-06
1992,0.000000000000e+00,8.275189989366e-04,7.526908325832e-02,3.015501092087e-04,1.410488296704e-02,6.116420029128e-02,8.258926833845e-04,1.626315552192e-06
1993,0.000000000000e+00,8.295435213473e-04,7.521676531247e-02,3.018777351312e-04,1.410595655693e-02,6.111080875554e-02,8.279149877915e-04,1.628533555792e-06
1994,0.000000000000e+00,8.315729982101e-04,7.516462687648e-02,3.021980653142e-04,1.410710082539e-02,6.105752605109e-02,8.299423670156e-04,1.630631194529e-06
1995,0.000000000000e+00,8.335726995456e-04,7.511365520814e-02,3.025100494701e-04,1.410832002233e-02,6.100533518581e-02,8.319336353606e-04,1.639064184998e-06
1996,0.000000000000e+00,8.355584367627e-04,7.506281162035e-02,3.028076320265e-04,1.410961471440e-02,6.095319690595e-02,8.339160289724e-04,1.642407790351e-06
1997,0.000000000000e+00,8.375377825277e-04,7.501212962638e-02,3.030931541419e-04,1.411098736840e-02,6.090114225798e-02,8.358936934023e-04,1.644089125453e-06
1998,0.000000000000e+00,8.395100416280e-04,7.496161999554e-02,3.033662122140e-04,1.411244037075e-02,6.084917962478e-02,8.378651544834e-04,1.644887144540e-06
1999,0.000000000000e+00,8.414712699192e-04,7.491129076801e-02,3.036251216246e-04,1.411397629348e-02,6.079731447453e-02,8.398262097952e-04,1.645060124052e-06
2000,0.000000000000e+00,8.434154744179e-04,7.486114923751e-02,3.038674312230e-04,1.411559762904e-02,6.074555160847e-02,8.417707366103e-04,1.644737807582e-06
2001,0.000000000000e+00,8.453345398780e-04,7.481120191149e-02,3.040897794321e-04,1.411730676403e-02,6.069389514747e-02,8.436905379622e-04,1.644001915800e-06
2002,0.000000000000e+00,8.472171165984e-04,7.476145442050e-02,3.042880156091e-04,1.411910595925e-02,6.064234846125e-02,8.455742077550e-04,1.642908843391e-06
2003,0.000000000000e+00,8.490504384216e-04,7.471191172015e-02,3.044571239032e-04,1.412099750783e-02,6.059091421232e-02,8.474089381804e-04,1.641500241204e-06
2004,0.000000000000e+00,8.508440214526e-04,7.466158772528e-02,3.045862785810e-04,1.412298752478e-02,6.053860020051e-02,8.492107853668e-04,1.633236085864e-06
2005,0.000000000000e+00,8.525711218804e-04,7.461154060175e-02,3.046791521456e-04,1.412507750095e-02,6.048646310080e-02,8.509413346181e-04,1.629787262311e-06
2006,0.000000000000e+00,8.542071667166e-04,7.456173742459e-02,3.047268408621e-04,1.412726860346e-02,6.043446882113e-02,8.525794969274e-04,1.627669789212e-06
2007,0.000000000000e+00,8.557373797277e-04,7.451217121758e-02,3.047239837095e-04,1.412956287937e-02,6.038260833820e-02,8.541112505417e-04,1.626129185981e-06
2008,0.000000000000e+00,8.571523822980e-04,7.446283784653e-02,3.046673709389e-04,1.413196205557e-02,6.033087579096e-02,8.555274434336e-04,1.624938864421e-06
2009,0.000000000000e+00,8.584476398406e-04,7.441373369240e-02,3.045557924407e-04,1.413446773599e-02,6.027926595641e-02,8.568236418723e-04,1.623997968350e-06
2010,0.000000000000e+00,8.596236174658e-04,7.436485553329e-02,3.043899283920e-04,1.413708132069e-02,6.022777421260e-02,8.580003677996e-04,1.623249666177e-06
2011,0.000000000000e+00,8.606858375817e-04,7.431620057975e-02,3.041725684993e-04,1.413980397814e-02,6.017639660161e-02,8.590631772445e-04,1.622660337166e-06
2012,0.000000000000e+00,8.616445097307e-04,7.426776641391e-02,3.039083901583e-04,1.414263662285e-02,6.012512979106e-02,8.600222830797e-04,1.622226651036e-06
2013,0.000000000000e+00,8.625122399714e-04,7.421955085140e-02,3.036032149366e-04,1.414557991114e-02,6.007397094026e-02,8.608903510613e-04,1.621888910083e-06
2014,0.000000000000e+00,8.633038364963e-04,7.417155197089e-02,3.032636518982e-04,1.414863429682e-02,6.002291767407e-02,8.616822013430e-04,1.621635153303e-06
2015,0.000000000000e+00,8.640343841785e-04,7.412376801373e-02,3.028963287859e-04,1.415180006191e-02,5.997196795182e-02,8.624129299316e-04,1.621454246915e-06
2016,0.000000000000e+00,8.647179290262e-04,7.407619730479e-02,3.025075161222e-04,1.415507728619e-02,5.992112001861e-02,8.630966024527e-04,1.621326573482e-06
2017,0.000000000000e+00,8.653660879128e-04,7.402883826218e-02,3.021022618486e-04,1.415846594481e-02,5.987037231737e-02,8.637448386696e-04,1.621249243237e-06
2018,0.000000000000e+00,8.659876004306e-04,7.398168940605e-02,3.016846857474e-04,1.416196594518e-02,5.981972346087e-02,8.643663848064e-04,1.621215624220e-06
2019,0.000000000000e+00,8.665867609677e-04,7.393474926937e-02,3.012575024121e-04,1.416557704429e-02,5.976917222508e-02,8.649655550111e-04,1.621205956545e-06
2020,0.000000000000e+00,8.671656843758e-04,7.388801655288e-02,3.008222550722e-04,1.416929901979e-02,5.971871753309e-02,8.655444812585e-04,1.621203117278e-06
2021,0.000000000000e+00,8.677232280076e-04,7.384149008313e-02,3.003791799450e-04,1.417313167432e-02,5.966835840881e-02,8.661020361916e-04,1.621191815977e-06
2022,0.000000000000e+00,8.682566008430e-04,7.379516878015e-02,2.999277698416e-04,1.417707482745e-02,5.961809395270e-02,8.666354370743e-04,1.621163768691e-06
2023,0.000000000000e+00,8.687613512782e-04,7.374905165528e-02,2.994666688668e-04,1.418112830234e-02,5.956792335294e-02,8.671402402850e-04,1.621110993237e-06
2024,0.000000000000e+00,8.692320350032e-04,7.370313783682e-02,2.989940661914e-04,1.418529197612e-02,5.951784586070e-02,8.676110065494e-04,1.621028453811e-06
2025,0.000000000000e+00,8.696626467300e-04,7.365742658266e-02,2.985078285736e-04,1.418956581913e-02,5.946786076353e-02,8.680417333893e-04,1.620913340676e-06
2026,0.000000000000e+00,8.700469363474e-04,7.361191726190e-02,2.980056018485e-04,1.419394984794e-02,5.941796741396e-02,8.684261725887e-04,1.620763758704e-06
2027,0.000000000000e+00,8.703786710933e-04,7.356660928090e-02,2.974849254065e-04,1.419844405895e-02,5.936816522195e-02,8.687580934024e-04,1.620577690870e-06
2028,0.000000000000e+00,8.706518008670e-04,7.352150202112e-02,2.969433079917e-04,1.420304834490e-02,5.931845367622e-02,8.690314477415e-04,1.620353125480e-06
2029,0.000000000000e+00,8.708605322594e-04,7.347659486815e-02,2.963782507217e-04,1.420776259442e-02,5.926883227373e-02,8.692404462712e-04,1.620085988237e-06
2030,0.000000000000e+00,8.709995965547e-04,7.343188722974e-02,2.957874422602e-04,1.421258670559e-02,5.921930052415e-02,8.693798239961e-04,1.619772558652e-06
2031,0.000000000000e+00,8.710640312976e-04,7.338737850161e-02,2.951686021879e-04,1.421752053412e-02,5.916985796749e-02,8.694446233946e-04,1.619407903016e-06
2032,0.000000000000e+00,8.710494907297e-04,7.334306805648e-02,2.945197209273e-04,1.422256386725e-02,5.912050418923e-02,8.694305028327e-04,1.618987897001e-06
2033,0.000000000000e+00,8.709522082227e-04,7.329895521039e-02,2.938390353136e-04,1.422771639009e-02,5.907123882030e-02,8.693336989210e-04,1.618509301703e-06
2034,0.000000000000e+00,8.707690091405e-04,7.325503920487e-02,2.931250487193e-04,1.423297769160e-02,5.902206151327e-02,8.691510394974e-04,1.617969643149e-06
2035,0.000000000000e+00,8.704973384002e-04,7.321131921594e-02,2.923765471579e-04,1.423834726893e-02,5.897297194701e-02,8.688799710297e-04,1.617367370534e-06
2036,0.000000000000e+00,8.701353884918e-04,7.316779433145e-02,2.915927139093e-04,1.424382452024e-02,5.892396981121e-02,8.685186866824e-04,1.616701809362e-06
2037,0.000000000000e+00,8.696820535485e-04,7.312446358327e-02,2.907731135289e-04,1.424940874201e-02,5.887505484127e-02,8.680660719932e-04,1.615981555313e-06
2038,0.000000000000e+00,8.691365475326e-04,7.308132591675e-02,2.899174071770e-04,1.425509913790e-02,5.882622677884e-02,8.675213392500e-04,1.615208282530e-06
2039,0.000000000000e+00,8.684991822346e-04,7.303838017800e-02,2.890258045240e-04,1.426089479481e-02,5.877748538319e-02,8.668847991123e-04,1.614383122326e-06
2040,0.000000000000e+00,8.677705214859e-04,7.299562523120e-02,2.880988189773e-04,1.426679478572e-02,5.872883044547e-02,8.661570182044e-04,1.613503281435e-06
2041,0.000000000000e+00,8.669509420472e-04,7.295305985653e-02,2.871369234789e-04,1.427279809580e-02,5.868026176074e-02,8.653383679053e-04,1.612574141895e-06
2042,0.000000000000e+00,8.660416348659e-04,7.291068280061e-02,2.861409577583e-04,1.427890365838e-02,5.863177914223e-02,8.644300350158e-04,1.611599850073e-06
2043,0.000000000000e+00,8.650443781907e-04,7.286849277343e-02,2.851120887229e-04,1.428511036696e-02,5.858338240647e-02,8.634337919765e-04,1.610586214166e-06
2044,0.000000000000e+00,8.639608107057e-04,7.282648843752e-02,2.840513597259e-04,1.429141705849e-02,5.853507137903e-02,8.623512749854e-04,1.609535720323e-06
2045,0.000000000000e+00,8.627923769263e-04,7.278466842310e-02,2.829596827960e-04,1.429782254446e-02,5.848684587864e-02,8.611839275184e-04,1.608449407918e-06
2046,0.000000000000e+00,8.615408295571e-04,7.274303128949e-02,2.818382130762e-04,1.430432554250e-02,5.843870574700e-02,8.599334998017e-04,1.607329755341e-06
2047,0.000000000000e+00,8.602080686256e-04,7.270157555950e-02,2.806882363159e-04,1.431092474658e-02,5.839065081293e-02,8.586018880540e-04,1.606180571613e-06
2048,0.000000000000e+00,8.587957331491e-04,7.266029972048e-02,2.795108492580e-04,1.431761881614e-02,5.834268090434e-02,8.571907298287e-04,1.605003320451e-06
2049,0.000000000000e+00,8.573053521866e-04,7.261920217324e-02,2.783071248908e-04,1.432440631025e-02,5.829479586300e-02,8.557015526739e-04,1.603799512694e-06
2050,0.000000000000e+00,8.557383557414e-04,7.257828127716e-02,2.770781401174e-04,1.433128575030e-02,5.824699552686e-02,8.541357841133e-04,1.602571628146e-06
2051,0.000000000000e+00,8.540959471189e-04,7.253753530237e-02,2.758248422964e-04,1.433825556107e-02,5.819927974131e-02,8.524946244860e-04,1.601322632962e-06
2052,0.000000000000e+00,8.523792076843e-04,7.249696249046e-02,2.745481180318e-04,1.434531413933e-02,5.815164835113e-02,8.507791527903e-04,1.600054893975e-06
2053,0.000000000000e+00,8.505892808931e-04,7.245656100206e-02,2.732489300492e-04,1.435245979537e-02,5.810410120669e-02,8.489905079151e-04,1.598772978065e-06
2054,0.000000000000e+00,8.487274737945e-04,7.241632892559e-02,2.719283659577e-04,1.435969075638e-02,5.805663816920e-02,8.471299924238e-04,1.597481370703e-06
2055,0.000000000000e+00,8.467951473448e-04,7.237626426773e-02,2.705875448514e-04,1.436700515774e-02,5.800925910999e-02,8.451989623065e-04,1.596185038318e-06
2056,0.000000000000e+00,8.447936277556e-04,7.233636496242e-02,2.692275314174e-04,1.437440105589e-02,5.796196390653e-02,8.431987390781e-04,1.594888677492e-06
2057,0.000000000000e+00,8.427245481951e-04,7.229662888059e-02,2.678495703278e-04,1.438187642929e-02,5.791475245131e-02,8.411309504992e-04,1.593597695866e-06
2058,0.000000000000e+00,8.405898490619e-04,7.225705381652e-02,2.664550592301e-04,1.438942917433e-02,5.786762464219e-02,8.389975316399e-04,1.592317422082e-06
2059,0.000000000000e+00,8.383918336401e-04,7.221763749422e-02,2.650455671706e-04,1.439705710401e-02,5.782058039021e-02,8.368007804840e-04,1.591053156152e-06
2060,0.000000000000e+00,8.361330718369e-04,7.217837757700e-02,2.636227357681e-04,1.440475796840e-02,5.777361960861e-02,8.345432617546e-04,1.589810082359e-06
2061,0.000000000000e+00,8.338164962775e-04,7.213927165830e-02,2.621883065941e-04,1.441252943976e-02,5.772674221854e-02,8.322279034708e-04,1.588592806753e-06
2062,0.000000000000e+00,8.314453983830e-04,7.210031727794e-02,2.607441127416e-04,1.442036913385e-02,5.767994814409e-02,8.298579932966e-04,1.587405086390e-06
2063,0.000000000000e+00,8.290233907649e-04,7.206151193944e-02,2.592920611724e-04,1.442827462798e-02,5.763323731146e-02,8.274371404437e-04,1.586250321196e-06
2064,0.000000000000e+00,8.265542244009e-04,7.202285312635e-02,2.578339929486e-04,1.443624347680e-02,5.758660964954e-02,8.249690931425e-04,1.585131258391e-06
2065,0.000000000000e+00,8.240418652017e-04,7.198433828438e-02,2.563717243492e-04,1.444427319402e-02,5.754006509036e-02,8.224578149116e-04,1.584050290152e-06
2066,0.000000000000e+00,8.214905472382e-04,7.194596487349e-02,2.549070717568e-04,1.445236130661e-02,5.749360356688e-02,8.199075380282e-04,1.583009210061e-06
2067,0.000000000000e+00,8.189043947057e-04,7.190773034074e-02,2.534417156813e-04,1.446050532687e-02,5.744722501387e-02,8.173223852806e-04,1.582009425115e-06
2068,0.000000000000e+00,8.162876821992e-04,7.186963215687e-02,2.519771856835e-04,1.446870279158e-02,5.740092936529e-02,8.147066302329e-04,1.581051966276e-06
2069,0.000000000000e+00,8.136447336701e-04,7.183166780939e-02,2.505148725522e-04,1.447695125282e-02,5.735471655657e-02,8.120645962307e-04,1.580137439385e-06
2070,0.000000000000e+00,8.109796974371e-04,7.179383482693e-02,2.490559311535e-04,1.448524830490e-02,5.730858652203e-02,8.094004310985e-04,1.579266338556e-06
2071,0.000000000000e+00,8.082964006559e-04,7.175613078255e-02,2.476013389853e-04,1.449359158230e-02,5.726253920025e-02,8.067179612182e-04,1.578439437771e-06
2072,0.000000000000e+00,8.055983088829e-04,7.171855329372e-02,2.461518357772e-04,1.450197876001e-02,5.721657453371e-02,8.040206521396e-04,1.577656743297e-06
2073,0.000000000000e+00,8.028884954047e-04,7.168110002413e-02,2.447079343951e-04,1.451040755764e-02,5.717069246650e-02,8.013115773947e-04,1.576918010036e-06
2074,0.000000000000e+00,8.001694520712e-04,7.164376869586e-02,2.432698470578e-04,1.451887575416e-02,5.712489294170e-02,7.985932295158e-04,1.576222555463e-06
2075,0.000000000000e+00,7.974433763078e-04,7.160655707125e-02,2.418377057779e-04,1.452738115967e-02,5.707917591158e-02,7.958678052553e-04,1.575571052536e-06
2076,0.000000000000e+00,7.947117935238e-04,7.156946294858e-02,2.404113640363e-04,1.453592161779e-02,5.703354133079e-02,7.931368304328e-04,1.574963091045e-06
2077,0.000000000000e+00,7.919758538802e-04,7.153248413988e-02,2.389906031956e-04,1.454449497504e-02,5.698798916484e-02,7.904014551112e-04,1.574398769024e-06
2078,0.000000000000e+00,7.892357416345e-04,7.149561843754e-02,2.375750587563e-04,1.455309905828e-02,5.694251937927e-02,7.876618641506e-04,1.573877483981e-06
2079,0.000000000000e+00,7.864916234146e-04,7.145886369485e-02,2.361642259985e-04,1.456173175311e-02,5.689713194175e-02,7.849182244804e-04,1.573398934233e-06
2080,0.000000000000e+00,7.837431500896e-04,7.142221774352e-02,2.347575405752e-04,1.457039092003e-02,5.685182682349e-02,7.821701870970e-04,1.572962992595e-06
2081,0.000000000000e+00,7.809898239047e-04,7.138567843010e-02,2.333544706804e-04,1.457907442904e-02,5.680660400106e-02,7.794172546483e-04,1.572569256438e-06
2082,0.000000000000e+00,7.782308484132e-04,7.134924357585e-02,2.319545293964e-04,1.458778012150e-02,5.676146345435e-02,7.766586309670e-04,1.572217446256e-06
2083,0.000000000000e+00,7.754652243903e-04,7.131291097774e-02,2.305572703212e-04,1.459650581010e-02,5.671640516765e-02,7.738933171993e-04,1.571907190992e-06
2084,0.000000000000e+00,7.726918623485e-04,7.127667840449e-02,2.291623342085e-04,1.460524927164e-02,5.667142913285e-02,7.711202240623e-04,1.571638286149e-06
2085,0.000000000000e+00,7.699097577802e-04,7.124054357442e-02,2.277695436606e-04,1.461400822514e-02,5.662653534928e-02,7.683383471441e-04,1.571410636119e-06
2086,0.000000000000e+00,7.671177634966e-04,7.120450414884e-02,2.263788738542e-04,1.462278032834e-02,5.658172382049e-02,7.655465392908e-04,1.571224205821e-06
2087,0.000000000000e+00,7.643150202585e-04,7.116855777525e-02,2.249903458602e-04,1.463156322361e-02,5.653699455164e-02,7.627439411799e-04,1.571079078547e-06
2088,0.000000000000e+00,7.615007029412e-04,7.113270205725e-02,2.236040671661e-04,1.464035450657e-02,5.649234755068e-02,7.599297275205e-04,1.570975420692e-06
2089,0.000000000000e+00,7.586741824811e-04,7.109693458228e-02,2.222202958604e-04,1.464915175423e-02,5.644778282805e-02,7.571032689601e-04,1.570913521016e-06
2090,0.000000000000e+00,7.558350813842e-04,7.106125288061e-02,2.208393941769e-04,1.465795248419e-02,5.640330039642e-02,7.542641877285e-04,1.570893655698e-06
2091,0.000000000000e+00,7.529833723152e-04,7.102565446177e-02,2.194618618122e-04,1.466675419067e-02,5.635890027110e-02,7.514124560670e-04,1.570916248250e-06
2092,0.000000000000e+00,7.501188248338e-04,7.099013684696e-02,2.180881267433e-04,1.467555437629e-02,5.631458247067e-02,7.485478427690e-04,1.570982064860e-06
2093,0.000000000000e+00,7.472414351166e-04,7.095469755211e-02,2.167186744217e-04,1.468435053760e-02,5.627034701451e-02,7.456703433422e-04,1.571091774467e-06
2094,0.000000000000e+00,7.443513725600e-04,7.091933409443e-02,2.153540206503e-04,1.469314016883e-02,5.622619392560e-02,7.427801265585e-04,1.571246001543e-06
2095,0.000000000000e+00,7.414488908605e-04,7.088404403453e-02,2.139946410306e-04,1.470192080609e-02,5.618212322844e-02,7.398774453882e-04,1.571445472232e-06
2096,0.000000000000e+00,7.385345353710e-04,7.084882492681e-02,2.126411221129e-04,1.471068997531e-02,5.613813495151e-02,7.369628443600e-04,1.571691011020e-06
2097,0.000000000000e+00,7.356089096186e-04,7.081367434999e-02,2.112939874779e-04,1.471944523170e-02,5.609422911829e-02,7.340369261715e-04,1.571983447111e-06
2098,0.000000000000e+00,7.326727477109e-04,7.077858992143e-02,2.099537583648e-04,1.472818416669e-02,5.605040575474e-02,7.311004245620e-04,1.572323148848e-06
2099,0.000000000000e+00,7.297267604975e-04,7.074356931395e-02,2.086208261192e-04,1.473690442466e-02,5.600666488929e-02,7.281540502784e-04,1.572710219170e-06
2100,0.000000000000e+00,7.267717078798e-04,7.070861026075e-02,2.072955195056e-04,1.474560371008e-02,5.596300655067e-02,7.251985625459e-04,1.573145333914e-06
2101,0.000000000000e+00,7.238084418551e-04,7.067371053402e-02,2.059781433986e-04,1.475427976373e-02,5.591943077028e-02,7.222348130904e-04,1.573628764625e-06
2102,0.000000000000e+00,7.208379077517e-04,7.063886794800e-02,2.046689487688e-04,1.476293036510e-02,5.587593758290e-02,7.192637475394e-04,1.574160212255e-06
2103,0.000000000000e+00,7.178611195798e-04,7.060408038497e-02,2.033681715228e-04,1.477155336070e-02,5.583252702427e-02,7.162863803407e-04,1.574739239168e-06
2104,0.000000000000e+00,7.148790320640e-04,7.056934579008e-02,2.020760284276e-04,1.478014666452e-02,5.578919912556e-02,7.133036667339e-04,1.575365330181e-06
2105,0.000000000000e+00,7.118927155048e-04,7.053466217555e-02,2.007927352316e-04,1.478870824448e-02,5.574595393106e-02,7.103166762716e-04,1.576039233213e-06
2106,0.000000000000e+00,7.089035093705e-04,7.050002761231e-02,1.995185994188e-04,1.479723613821e-02,5.570279147410e-02,7.073267463686e-04,1.576763001861e-06
2107,0.000000000000e+00,7.059127867962e-04,7.046544025337e-02,1.982539248238e-04,1.480572845857e-02,5.565971179480e-02,7.043352493979e-04,1.577537398358e-06
2108,0.000000000000e+00,7.029219752035e-04,7.043089830332e-02,1.969990265664e-04,1.481418338918e-02,5.561671491414e-02,7.013436126043e-04,1.578362599164e-06
2109,0.000000000000e+00,6.999842083147e-04,7.039746907615e-02,1.957869044801e-04,1.482257517210e-02,5.557489390405e-02,6.983984567484e-04,1.585751566390e-06
2110,0.000000000000e+00,6.970457466427e-04,7.036397911215e-02,1.945787453845e-04,1.483091718482e-02,5.553306192733e-02,6.954578629338e-04,1.587883708978e-06
2111,0.000000000000e+00,6.941096675616e-04,7.033049638555e-02,1.933786085340e-04,1.483921448141e-02,5.549128190414e-02,6.925210870241e-04,1.588580537504e-06
2112,0.000000000000e+00,6.911753081008e-04,7.029703548349e-02,1.921863760437e-04,1.484746669007e-02,5.544956879342e-02,6.895867179182e-04,1.588590182604e-06
2113,0.000000000000e+00,6.882410791951e-04,7.026360405254e-02,1.910015111141e-04,1.485567328693e-02,5.540793076561e-02,6.866529262116e-04,1.588152983482e-06
2114,0.000000000000e+00,6.853028497798e-04,7.023020771236e-02,1.898222405155e-04,1.486383345319e-02,5.536637425916e-02,6.837154561986e-04,1.587393581182e-06
2115,0.000000000000e+00,6.823539153857e-04,7.019685088718e-02,1.886457641201e-04,1.487194636858e-02,5.532490451860e-02,6.807675228212e-04,1.586392564543e-06
2116,0.000000000000e+00,6.793849710158e-04,7.016353700452e-02,1.874682198866e-04,1.488001126950e-02,5.528352573502e-02,6.777997652646e-04,1.585205751197e-06
2117,0.000000000000e+00,6.763847235703e-04,7.013026873317e-02,1.862849337880e-04,1.488802752647e-02,5.524224120670e-02,6.748008486476e-04,1.583874922713e-06
2118,0.000000000000e+00,6.733410566367e-04,7.009704816362e-02,1.850908884666e-04,1.489599465549e-02,5.520105350812e-02,6.717586218767e-04,1.582434759954e-06
2119,0.000000000000e+00,6.702425644038e-04,7.006387695636e-02,1.838813649613e-04,1.490391232057e-02,5.515996463579e-02,6.686616470671e-04,1.580917336729e-06
2120,0.000000000000e+00,6.670799557663e-04,7.003075643475e-02,1.826524944063e-04,1.491178030540e-02,5.511897612935e-02,6.655006016128e-04,1.579354153440e-06
2121,0.000000000000e+00,6.638471785366e-04,6.999768764604e-02,1.814017035516e-04,1.491959848146e-02,5.507808916459e-02,6.622694019438e-04,1.577776592791e-06
2122,0.000000000000e+00,6.605421213527e-04,6.996467138905e-02,1.801280063196e-04,1.492736676413e-02,5.503730462492e-02,6.589659057777e-04,1.576215574983e-06
2123,0.000000000000e+00,6.571665729810e-04,6.993170823046e-02,1.788319543448e-04,1.493508507839e-02,5.499662315207e-02,6.555918736534e-04,1.574699327628e-06
2124,0.000000000000e+00,6.537259287174e-04,6.989879851617e-02,1.775155415494e-04,1.494275332431e-02,5.495604519186e-02,6.521526762769e-04,1.573252440496e-06
2125,0.000000000000e+00,6.502283454099e-04,6.986594237347e-02,1.761818354273e-04,1.495037134361e-02,5.491557102986e-02,6.486564516158e-04,1.571893794097e-06
2126,0.000000000000e+00,6.466839876934e-04,6.983313972495e-02,1.748347144204e-04,1.495793890759e-02,5.487520081736e-02,6.451133507245e-04,1.570636968989e-06
2127,0.000000000000e+00,6.431041762455e-04,6.980039030364e-02,1.734785451069e-04,1.496545571235e-02,5.483493459129e-02,6.415346855889e-04,1.569490656657e-06
2128,0.000000000000e+00,6.395001889805e-04,6.976769367760e-02,1.721175830392e-04,1.497292138233e-02,5.479477229527e-02,6.379317319685e-04,1.568457011946e-06
2129,0.000000000000e+00,6.358831260662e-04,6.973504931147e-02,1.707560631866e-04,1.498033553664e-02,5.475471377483e-02,6.343155891030e-04,1.567536963126e-06
2130,0.000000000000e+00,6.322633382889e-04,6.970245654935e-02,1.693979171165e-04,1.498769772338e-02,5.471475882596e-02,6.306966082792e-04,1.566730009683e-06
2131,0.000000000000e+00,6.286502462872e-04,6.966991467421e-02,1.680467354454e-04,1.499500749960e-02,5.467490717461e-02,6.270842104351e-04,1.566035852058e-06
2132,0.000000000000e+00,6.250522990470e-04,6.963742297025e-02,1.667057761382e-04,1.500226448850e-02,5.463515848175e-02,6.234868435754e-04,1.565455471602e-06
2133,0.000000000000e+00,6.214765490234e-04,6.960498067250e-02,1.653776592691e-04,1.500946828293e-02,5.459551238957e-02,6.199115598857e-04,1.564989137686e-06
2134,0.000000000000e+00,6.179288862545e-04,6.957258702948e-02,1.640645032993e-04,1.501661853272e-02,5.455596849676e-02,6.163642484480e-04,1.564637806479e-06
2135,0.000000000000e+00,6.144143418203e-04,6.954024127626e-02,1.627682070968e-04,1.502371490355e-02,5.451652637271e-02,6.128499366875e-04,1.564405132777e-06
2136,0.000000000000e+00,6.109367798023e-04,6.950794271505e-02,1.614901863008e-04,1.503075717279e-02,5.447718554226e-02,6.093724870598e-04,1.564292742515e-06
2137,0.000000000000e+00,6.074988198951e-04,6.947569072858e-02,1.602311248864e-04,1.503774522575e-02,5.443794550284e-02,6.059345211092e-04,1.564298785898e-06
2138,0.000000000000e+00,6.041024441490e-04,6.944348475302e-02,1.589915160952e-04,1.504467901212e-02,5.439880574090e-02,6.025380204722e-04,1.564423676859e-06
2139,0.000000000000e+00,6.007484113654e-04,6.941132432868e-02,1.577712126179e-04,1.505155861632e-02,5.435976571236e-02,5.991837484288e-04,1.564662936634e-06
2140,0.000000000000e+00,5.974364049295e-04,6.937920908668e-02,1.565695032481e-04,1.505838422100e-02,5.432082486568e-02,5.958713955523e-04,1.565009377230e-06
2141,0.000000000000e+00,5.941653897828e-04,6.934713869683e-02,1.553853514933e-04,1.506515603066e-02,5.428198266617e-02,5.925999338564e-04,1.565455926408e-06
2142,0.000000000000e+00,5.909337933154e-04,6.931511290007e-02,1.542175071154e-04,1.507187432857e-02,5.424323857150e-02,5.893677971033e-04,1.565996212086e-06
2143,0.000000000000e+00,5.877395406191e-04,6.928313146908e-02,1.530645064834e-04,1.507853942702e-02,5.420459204206e-02,5.861729171188e-04,1.566623500264e-06
2144,0.000000000000e+00,5.845801267579e-04,6.925119422788e-02,1.519247045042e-04,1.508515169626e-02,5.416604253161e-02,5.830127961172e-04,1.567330640751e-06
2145,0.000000000000e+00,5.814526714785e-04,6.921930100463e-02,1.507962936751e-04,1.509171149766e-02,5.412758950697e-02,5.798845608294e-04,1.568110649157e-06
2146,0.000000000000e+00,5.783543414389e-04,6.918745164341e-02,1.496775970500e-04,1.509821920213e-02,5.408923244128e-02,5.767853827470e-04,1.568958691976e-06
2147,0.000000000000e+00,5.752822332470e-04,6.915564600616e-02,1.485669568811e-04,1.510467519962e-02,5.405097080653e-02,5.737123627126e-04,1.569870534395e-06
2148,0.000000000000e+00,5.722334292314e-04,6.912388394201e-02,1.474627590896e-04,1.511107984718e-02,5.401280409482e-02,5.706625873179e-04,1.570841913417e-06
2149,0.000000000000e+00,5.692052187041e-04,6.909216528994e-02,1.463635851755e-04,1.511743348547e-02,5.397473180447e-02,5.676333486462e-04,1.571870057929e-06
2150,0.000000000000e+00,5.661950626922e-04,6.906048987084e-02,1.452681724866e-04,1.512373642576e-02,5.393675344508e-02,5.646221103338e-04,1.572952358416e-06
2151,0.000000000000e+00,5.632004533818e-04,6.902885750236e-02,1.441753252256e-04,1.512998896927e-02,5.389886853309e-02,5.616263678172e-04,1.574085564569e-06
2152,0.000000000000e+00,5.602191266801e-04,6.899726798317e-02,1.430839681643e-04,1.513619138953e-02,5.386107659364e-02,5.586438606643e-04,1.575266015714e-06
2153,0.000000000000e+00,5.572489127885e-04,6.896572107698e-02,1.419931101450e-04,1.514234390937e-02,5.382337716760e-02,5.556724229165e-04,1.576489872053e-06
2154,0.000000000000e+00,5.542878395573e-04,6.893421653815e-02,1.409019225874e-04,1.514844674408e-02,5.378576979406e-02,5.527100856564e-04,1.577753900933e-06
2155,0.000000000000e+00,5.513340253420e-04,6.890275410841e-02,1.398096259859e-04,1.515450009557e-02,5.374825401284e-02,5.497549714488e-04,1.579053893252e-06
2156,0.000000000000e+00,5.483859604336e-04,6.887133353437e-02,1.387157039923e-04,1.516050417029e-02,5.371082936408e-02,5.468055733296e-04,1.580387103987e-06
2157,0.000000000000e+00,5.454422689201e-04,6.883995458240e-02,1.376197316493e-04,1.516645920215e-02,5.367349538025e-02,5.438605185346e-04,1.581750385465e-06
2158,0.000000000000e+00,5.425017410483e-04,6.880861701704e-02,1.365214006835e-04,1.517236541348e-02,5.363625160356e-02,5.409186009687e-04,1.583140079607e-06
2159,0.000000000000e+00,5.395632941403e-04,6.877732060374e-02,1.354204946897e-04,1.517822302256e-02,5.359909758118e-02,5.379787415912e-04,1.584552549085e-06
2160,0.000000000000e+00,5.366257110652e-04,6.874606511027e-02,1.343167077653e-04,1.518403225412e-02,5.356203285615e-02,5.350397283282e-04,1.585982736996e-06
2161,0.000000000000e+00,5.336879541138e-04,6.871485030680e-02,1.332098789193e-04,1.518979332836e-02,5.352505697844e-02,5.321005266407e-04,1.587427473049e-06
2162,0.000000000000e+00,5.307487522269e-04,6.868367597616e-02,1.320997001422e-04,1.519550648339e-02,5.348816949277e-02,5.291598701983e-04,1.588882028645e-06
2163,0.000000000000e+00,5.278068759224e-04,6.865254190168e-02,1.309859240742e-04,1.520117195203e-02,5.345136994965e-02,5.262165332333e-04,1.590342689117e-06
2164,0.000000000000e+00,5.248611197946e-04,6.862144786430e-02,1.298683510477e-04,1.520678995359e-02,5.341465791071e-02,5.232693131407e-04,1.591806653891e-06
2165,0.000000000000e+00,5.219100024060e-04,6.859039366176e-02,1.287466201928e-04,1.521236072779e-02,5.337803293397e-02,5.203167321972e-04,1.593270208860e-06
2166,0.000000000000e+00,5.189521485876e-04,6.855937910817e-02,1.276204892155e-04,1.521788452358e-02,5.334149458459e-02,5.173574168220e-04,1.594731765590e-06
2167,0.000000000000e+00,5.159861202809e-04,6.852840402872e-02,1.264897016401e-04,1.522336159309e-02,5.330504243563e-02,5.143899310367e-04,1.596189244205e-06
2168,0.000000000000e+00,5.130106590478e-04,6.849746828274e-02,1.253541566293e-04,1.522879222149e-02,5.326867606125e-02,5.114130171298e-04,1.597641917981e-06
2169,0.000000000000e+00,5.100245971707e-04,6.846657175708e-02,1.242138329238e-04,1.523417671088e-02,5.323239504620e-02,5.084255076808e-04,1.599089489901e-06
2170,0.000000000000e+00,5.070269237440e-04,6.843571436134e-02,1.230688163684e-04,1.523951537356e-02,5.319619898778e-02,5.054263922491e-04,1.600531494859e-06
2171,0.000000000000e+00,5.040168847317e-04,6.840489602428e-02,1.219193473974e-04,1.524480853052e-02,5.316008749375e-02,5.024149168747e-04,1.601967856985e-06
2172,0.000000000000e+00,5.009939630109e-04,6.837411668984e-02,1.207657740817e-04,1.525005650925e-02,5.312406018059e-02,4.993905648014e-04,1.603398209512e-06
2173,0.000000000000e+00,4.979581295761e-04,6.834337633185e-02,1.196086978745e-04,1.525525966277e-02,5.308811666908e-02,4.963533064155e-04,1.604823160691e-06
2174,0.000000000000e+00,4.949098065218e-04,6.831267495041e-02,1.184489112034e-04,1.526041836290e-02,5.305225658752e-02,4.933035633303e-04,1.606243191453e-06
2175,0.000000000000e+00,4.918500725203e-04,6.828201257793e-02,1.172875076519e-04,1.526553300789e-02,5.301647957004e-02,4.902424128086e-04,1.607659711665e-06
2176,0.000000000000e+00,4.887806387718e-04,6.825138927450e-02,1.161258283704e-04,1.527060401487e-02,5.298078525962e-02,4.871715646009e-04,1.609074170861e-06
2177,0.000000000000e+00,4.857038123705e-04,6.822080513357e-02,1.149654136214e-04,1.527563182790e-02,5.294517330567e-02,4.840933248326e-04,1.610487537863e-06
2178,0.000000000000e+00,4.826224276490e-04,6.819026030128e-02,1.138079242813e-04,1.528061694551e-02,5.290964335577e-02,4.810105274088e-04,1.611900240231e-06
2179,0.000000000000e+00,4.795400553699e-04,6.815975497575e-02,1.126552830037e-04,1.528555990921e-02,5.287419506654e-02,4.779267414607e-04,1.613313909165e-06
2180,0.000000000000e+00,4.764606595752e-04,6.812928942574e-02,1.115094221195e-04,1.529046132875e-02,5.283882809699e-02,4.748459306562e-04,1.614728919061e-06
2181,0.000000000000e+00,4.733886434113e-04,6.809886399436e-02,1.103723241739e-04,1.529532188095e-02,5.280354211341e-02,4.717724977039e-04,1.616145707399e-06
2182,0.000000000000e+00,4.703286087603e-04,6.806847912124e-02,1.092458700535e-04,1.530014233952e-02,5.276833678172e-02,4.687110448262e-04,1.617563934038e-06
2183,0.000000000000e+00,4.672854409427e-04,6.803813532891e-02,1.081319251230e-04,1.530492354684e-02,5.273321178207e-02,4.656664571602e-04,1.618983782466e-06
2184,0.000000000000e+00,4.642640084177e-04,6.800783324823e-02,1.070321730123e-04,1.530966645386e-02,5.269816679437e-02,4.626436027885e-04,1.620405629222e-06
2185,0.000000000000e+00,4.612690897709e-04,6.797757361941e-02,1.059481045071e-04,1.531437211701e-02,5.266320150240e-02,4.596472582830e-04,1.621831487947e-06
2186,0.000000000000e+00,4.583052615115e-04,6.794735730715e-02,1.048809930481e-04,1.531904171208e-02,5.262831559507e-02,4.566820043981e-04,1.623257113396e-06
2187,0.000000000000e+00,4.553768218407e-04,6.791718530382e-02,1.038318983023e-04,1.532367654239e-02,5.259350876143e-02,4.537521406333e-04,1.624681207470e-06
2188,0.000000000000e+00,4.524877329993e-04,6.788705871590e-02,1.028016636704e-04,1.532827801671e-02,5.255878069919e-02,4.508616304402e-04,1.626102559097e-06
2189,0.000000000000e+00,4.496414808032e-04,6.785697876159e-02,1.017908740281e-04,1.533284765176e-02,5.252413110983e-02,4.480139609949e-04,1.627519808308e-06
2190,0.000000000000e+00,4.468410743860e-04,6.782694676171e-02,1.007998993720e-04,1.533738706134e-02,5.248955970037e-02,4.452121428525e-04,1.628931533438e-06
2191,0.000000000000e+00,4.440890137542e-04,6.779696412948e-02,9.982890664626e-05,1.534189794878e-02,5.245506618069e-02,4.424586775181e-04,1.630336236095e-06
2192,0.000000000000e+00,4.413872736688e-04,6.776703236238e-02,9.887788847831e-05,1.534638209864e-02,5.242065026374e-02,4.397555413337e-04,1.631732335126e-06
2193,0.000000000000e+00,4.387372804748e-04,6.773715301852e-02,9.794670060305e-05,1.535084135228e-02,5.238631166624e-02,4.371041622081e-04,1.633118266638e-06
2194,0.000000000000e+00,4.361401005755e-04,6.770732771445e-02,9.703509170208e-05,1.535527760561e-02,5.235205010885e-02,4.345056081853e-04,1.634492390216e-06
2195,0.000000000000e+00,4.335963614288e-04,6.767755810183e-02,9.614271505032e-05,1.535969278776e-02,5.231786531407e-02,4.319605085236e-04,1.635852905179e-06
2196,0.000000000000e+00,4.311063166322e-04,6.764784584945e-02,9.526917973237e-05,1.536408884141e-02,5.228375700804e-02,4.294691184608e-04,1.637198171448e-06
2197,0.000000000000e+00,4.286698509626e-04,6.761819262952e-02,9.441404972255e-05,1.536846771032e-02,5.224972491920e-02,4.270313245950e-04,1.638526367620e-06
2198,0.000000000000e+00,4.262865220644e-04,6.758860010381e-02,9.357687072218e-05,1.537283132519e-02,5.221576877861e-02,4.246466863445e-04,1.639835719958e-06
2199,0.000000000000e+00,4.239512223765e-04,6.755795139221e-02,9.274265022952e-05,1.537719049453e-02,5.218076089768e-02,4.223164650830e-04,1.634757293489e-06
2200,0.000000000000e+00,4.216811464599e-04,6.752749314460e-02,9.193324014313e-05,1.538154140441e-02,5.214595174020e-02,4.200459699885e-04,1.635176471383e-06
2201,0.000000000000e+00,4.194671764907e-04,6.749713529080e-02,9.114352864984e-05,1.538588395620e-02,5.211125133460e-02,4.178301950123e-04,1.636981478386e-06
2202,0.000000000000e+00,4.173097897846e-04,6.746686051855e-02,9.037381044993e-05,1.539021991227e-02,5.207664060628e-02,4.156703258765e-04,1.639463908108e-06
2203,0.000000000000e+00,4.152127024290e-04,6.743666050131e-02,8.962566972626e-05,1.539455078490e-02,5.204210971641e-02,4.135703060257e-04,1.642396403216e-06
2204,0.000000000000e+00,4.131831427488e-04,6.740652938437e-02,8.890236726289e-05,1.539887809596e-02,5.200765128841e-02,4.115374866104e-04,1.645656138345e-06
2205,0.000000000000e+00,4.112317884419e-04,6.737646276309e-02,8.820858633670e-05,1.540320321080e-02,5.197325955229e-02,4.095826265784e-04,1.649161863405e-06
2206,0.000000000000e+00,4.093718629360e-04,6.734645736851e-02,8.755012731974e-05,1.540752734790e-02,5.193893002061e-02,4.077190093242e-04,1.652853611774e-06
2207,0.000000000000e+00,4.076176741059e-04,6.731651074780e-02,8.693329799363e-05,1.541185151888e-02,5.190465922891e-02,4.059609915165e-04,1.656682589422e-06
2208,0.000000000000e+00,4.059826206507e-04,6.728662107112e-02,8.636404169373e-05,1.541617657298e-02,5.187044449814e-02,4.043220162043e-04,1.660604446400e-06
2209,0.000000000000e+00,4.044772749547e-04,6.725678697472e-02,8.584712547374e-05,1.542050321453e-02,5.183628376019e-02,4.028126978932e-04,1.664577061499e-06
2210,0.000000000000e+00,4.031079693485e-04,6.722700747227e-02,8.538558540329e-05,1.542483205077e-02,5.180217542150e-02,4.014394086486e-04,1.668560699881e-06
2211,0.000000000000e+00,4.018759246835e-04,6.719728189125e-02,8.498035413173e-05,1.542916362421e-02,5.176811826704e-02,4.002034060222e-04,1.672518661228e-06
2212,0.000000000000e+00,4.007771483429e-04,6.716760984670e-02,8.463018745883e-05,1.543349846702e-02,5.173411137968e-02,3.991007297444e-04,1.676418598560e-06
2213,0.000000000000e+00,3.998032439525e-04,6.713799121424e-02,8.433205422947e-05,1.543783712996e-02,5.170015408428e-02,3.981230086496e-04,1.680235302898e-06
2214,0.000000000000e+00,3.989422423691e-04,6.710842611749e-02,8.408139216304e-05,1.544218022650e-02,5.166624589099e-02,3.972582928856e-04,1.683949483572e-06
2215,0.000000000000e+00,3.981798798479e-04,6.707891489560e-02,8.387263782250e-05,1.544652842076e-02,5.163238647484e-02,3.964923317413e-04,1.687548106583e-06
2216,0.000000000000e+00,3.975008270753e-04,6.704945806054e-02,8.369975425973e-05,1.545088241787e-02,5.159857564267e-02,3.958098032747e-04,1.691023800597e-06
2217,0.000000000000e+00,3.968897375199e-04,6.702005625225e-02,8.355667604980e-05,1.545524293863e-02,5.156481331362e-02,3.951953641189e-04,1.694373400994e-06
2218,0.000000000000e+00,3.963318823377e-04,6.699071022198e-02,8.343752428240e-05,1.545961073807e-02,5.153109948391e-02,3.946342873611e-04,1.697594976513e-06
2219,0.000000000000e+00,3.958137112381e-04,6.696142077809e-02,8.333687056724e-05,1.546398655199e-02,5.149743422610e-02,3.941130240881e-04,1.700687149965e-06
2220,0.000000000000e+00,3.953231523286e-04,6.693218874520e-02,8.324987546944e-05,1.546837106016e-02,5.146381768504e-02,3.936195040379e-04,1.703648290739e-06
2221,0.000000000000e+00,3.948498336536e-04,6.690301494256e-02,8.317242508046e-05,1.547276489442e-02,5.143025004814e-02,3.931433570036e-04,1.706476649996e-06
2222,0.000000000000e+00,3.943850188686e-04,6.687390014544e-02,8.310109044307e-05,1.547716858894e-02,5.139673155650e-02,3.926758493420e-04,1.709169526621e-06
2223,0.000000000000e+00,3.939216736624e-04,6.684484507790e-02,8.303320305852e-05,1.548158259652e-02,5.136326248139e-02,3.922099490720e-04,1.711724590413e-06
2224,0.000000000000e+00,3.934544868631e-04,6.681585040632e-02,8.296690465287e-05,1.548600728574e-02,5.132984312058e-02,3.917403457499e-04,1.714141113170e-06
2225,0.000000000000e+00,3.929797033541e-04,6.678691672973e-02,8.290106024157e-05,1.549044293203e-02,5.129647379770e-02,3.912632842266e-04,1.716419127503e-06
2226,0.000000000000e+00,3.924949190989e-04,6.675804458944e-02,8.283514282927e-05,1.549488973972e-02,5.126315484972e-02,3.907763595076e-04,1.718559591294e-06
2227,0.000000000000e+00,3.919990573195e-04,6.672923445209e-02,8.276925195545e-05,1.549934781590e-02,5.122988663619e-02,3.902784918624e-04,1.720565457163e-06
2228,0.000000000000e+00,3.914921145061e-04,6.670048676488e-02,8.270395235530e-05,1.550381726242e-02,5.119666950246e-02,3.897696740181e-04,1.722440488032e-06
2229,0.000000000000e+00,3.909750288858e-04,6.667180194813e-02,8.264020631640e-05,1.550829814698e-02,5.116350380115e-02,3.892508393682e-04,1.724189517568e-06
2230,0.000000000000e+00,3.904495033677e-04,6.664318040659e-02,8.257928009288e-05,1.551279052097e-02,5.113038988561e-02,3.887236853379e-04,1.725818029780e-06
2231,0.000000000000e+00,3.899178156237e-04,6.661462254441e-02,8.252263505699e-05,1.551729444288e-02,5.109732810153e-02,3.881904839662e-04,1.727331657453e-06
2232,0.000000000000e+00,3.893826405388e-04,6.658612879010e-02,8.247182579670e-05,1.552181001193e-02,5.106431877816e-02,3.876539048489e-04,1.728735689903e-06
2233,0.000000000000e+00,3.888469116742e-04,6.655769960006e-02,8.242842950852e-05,1.552633736394e-02,5.103136223611e-02,3.871168764411e-04,1.730035233019e-06
2234,0.000000000000e+00,3.883137683383e-04,6.652933547633e-02,8.239403511340e-05,1.553087669446e-02,5.099845878187e-02,3.865825327695e-04,1.731235568722e-06
2235,0.000000000000e+00,3.877863763316e-04,6.650103696985e-02,8.237013632487e-05,1.553542826074e-02,5.096560870911e-02,3.860540351792e-04,1.732341152332e-06
2236,0.000000000000e+00,3.872678193979e-04,6.647280468832e-02,8.235807573667e-05,1.553999238884e-02,5.093281229949e-02,3.855344637376e-04,1.733355660334e-06
2237,0.000000000000e+00,3.867610284481e-04,6.644463929395e-02,8.235901410175e-05,1.554456946909e-02,5.090006982486e-02,3.850267461973e-04,1.734282250766e-06
2238,0.000000000000e+00,3.862689060311e-04,6.641654151236e-02,8.237403996571e-05,1.554915996588e-02,5.086738154648e-02,3.845337810498e-04,1.735124981299e-06
2239,0.000000000000e+00,3.857942185849e-04,6.638851211698e-02,8.240410490339e-05,1.555376439975e-02,5.083474771723e-02,3.840583315717e-04,1.735887013225e-06
2240,0.000000000000e+00,3.853395445804e-04,6.636055194184e-02,8.244999900059e-05,1.555838336011e-02,5.080216858172e-02,3.836029728729e-04,1.736571707477e-06
2241,0.000000000000e+00,3.849073290298e-04,6.633266186688e-02,8.251240033323e-05,1.556301748446e-02,5.076964438242e-02,3.831701464677e-04,1.737182562106e-06
2242,0.000000000000e+00,3.844999413988e-04,6.630484281853e-02,8.259191910194e-05,1.556766746203e-02,5.073717535651e-02,3.827622175372e-04,1.737723861555e-06
2243,0.000000000000e+00,3.841195258969e-04,6.627709576000e-02,8.268899595790e-05,1.557233402193e-02,5.070476173806e-02,3.823813273545e-04,1.738198542434e-06
2244,0.000000000000e+00,3.837681430726e-04,6.624942169464e-02,8.280401387116e-05,1.557701794001e-02,5.067240375463e-02,3.820295333531e-04,1.738609719526e-06
2245,0.000000000000e+00,3.834478012798e-04,6.622182165560e-02,8.293732673073e-05,1.558172002407e-02,5.064010163153e-02,3.817088406592e-04,1.738960620585e-06
2246,0.000000000000e+00,3.831603277320e-04,6.619429670198e-02,8.308917086384e-05,1.558644111494e-02,5.060785558704e-02,3.814210739183e-04,1.739253813706e-06
2247,0.000000000000e+00,3.829073267080e-04,6.616684791344e-02,8.325964646458e-05,1.559118207924e-02,5.057566583420e-02,3.811678356094e-04,1.739491098594e-06
2248,0.000000000000e+00,3.826901343597e-04,6.613947638288e-02,8.344869869219e-05,1.559594380447e-02,5.054353257841e-02,3.809504609851e-04,1.739673374625e-06
2249,0.000000000000e+00,3.825098245219e-04,6.611218321043e-02,8.365614009171e-05,1.560072719429e-02,5.051145601615e-02,3.807700230450e-04,1.739801476938e-06
2250,0.000000000000e+00,3.823670623221e-04,6.608496949424e-02,8.388156743138e-05,1.560553315939e-02,5.047943633484e-02,3.806271869913e-04,1.739875330837e-06
2251,0.000000000000e+00,3.822620829316e-04,6.605783631940e-02,8.412437348969e-05,1.561036260724e-02,5.044747371217e-02,3.805221883016e-04,1.739894629943e-06
2252,0.000000000000e+00,3.821945151132e-04,6.603078474209e-02,8.438365278807e-05,1.561521642293e-02,5.041556831916e-02,3.804546570717e-04,1.739858041509e-06
2253,0.000000000000e+00,3.821633908046e-04,6.600381579067e-02,8.465824215386e-05,1.562009548197e-02,5.038372030870e-02,3.804236266866e-04,1.739764118022e-06
2254,0.000000000000e+00,3.821670213129e-04,6.597693044741e-02,8.494666483393e-05,1.562500061806e-02,5.035192982935e-02,3.804274103532e-04,1.739610959754e-06
2255,0.000000000000e+00,3.822030280364e-04,6.595012963777e-02,8.524718955644e-05,1.562993262317e-02,5.032019701460e-02,3.804636310870e-04,1.739396949359e-06
2256,0.000000000000e+00,3.822681967352e-04,6.592341420854e-02,8.555775526960e-05,1.563489221527e-02,5.028852199327e-02,3.805290776037e-04,1.739119131566e-06
2257,0.000000000000e+00,3.823586554425e-04,6.589678492230e-02,8.587612548840e-05,1.563988004166e-02,5.025690488064e-02,3.806198799287e-04,1.738775513790e-06
2258,0.000000000000e+00,3.824697627519e-04,6.587024244064e-02,8.619982367419e-05,1.564489665775e-02,5.022534578288e-02,3.807313990869e-04,1.738363665073e-06
2259,0.000000000000e+00,3.825961156774e-04,6.584378731171e-02,8.652614327607e-05,1.564994251530e-02,5.019384479641e-02,3.808582346197e-04,1.737881057725e-06
2260,0.000000000000e+00,3.827317847075e-04,6.581741996042e-02,8.685231359844e-05,1.565501794818e-02,5.016240201223e-02,3.809944591727e-04,1.737325534806e-06
2261,0.000000000000e+00,3.828704339492e-04,6.579114068201e-02,8.717556740267e-05,1.566012317225e-02,5.013101750976e-02,3.811337383180e-04,1.736695631203e-06
2262,0.000000000000e+00,3.830053551095e-04,6.576494961367e-02,8.749313450923e-05,1.566525824880e-02,5.009969136487e-02,3.812693655574e-04,1.735989552121e-06
2263,0.000000000000e+00,3.831296253888e-04,6.573884674218e-02,8.780231021842e-05,1.567042309720e-02,5.006842364498e-02,3.813944193559e-04,1.735206032927e-06
2264,0.000000000000e+00,3.832363470836e-04,6.571283188924e-02,8.810057711910e-05,1.567561747774e-02,5.003721441150e-02,3.815020027909e-04,1.734344292721e-06
2265,0.000000000000e+00,3.833187225224e-04,6.568690470997e-02,8.838559805971e-05,1.568084099265e-02,5.000606371732e-02,3.815853186419e-04,1.733403880514e-06
2266,0.000000000000e+00,3.833701707060e-04,6.566106469833e-02,8.865523745573e-05,1.568609309255e-02,4.997497160579e-02,3.816377866436e-04,1.732384062413e-06
2267,0.000000000000e+00,3.833845067189e-04,6.563531119649e-02,8.890762643227e-05,1.569137307879e-02,4.994393811770e-02,3.816532220773e-04,1.731284641625e-06
2268,0.000000000000e+00,3.833561079287e-04,6.560964338931e-02,8.914122207752e-05,1.569668010207e-02,4.991296328725e-02,3.816260022281e-04,1.730105700607e-06
2269,0.000000000000e+00,3.832799100983e-04,6.558406032625e-02,8.935474641066e-05,1.570201318339e-02,4.988204714286e-02,3.815510624672e-04,1.728847631078e-06
2270,0.000000000000e+00,3.831514849430e-04,6.555856094239e-02,8.954719184132e-05,1.570737123745e-02,4.985118970494e-02,3.814239738809e-04,1.727511062039e-06
2271,0.000000000000e+00,3.829670952685e-04,6.553314406895e-02,8.971782124174e-05,1.571275307756e-02,4.982039099139e-02,3.812409983799e-04,1.726096888660e-06
2272,0.000000000000e+00,3.827236773893e-04,6.550780845383e-02,8.986612173090e-05,1.571815743880e-02,4.978965101503e-02,3.809990714460e-04,1.724605943277e-06
2273,0.000000000000e+00,3.824188080054e-04,6.548255279104e-02,8.999176013928e-05,1.572358300842e-02,4.975896978261e-02,3.806957688479e-04,1.723039157474e-06
2274,0.000000000000e+00,3.820507882871e-04,6.545737572986e-02,9.009463429772e-05,1.572902843108e-02,4.972834729879e-02,3.803293906558e-04,1.721397631258e-06
2275,0.000000000000e+00,3.816184006905e-04,6.543227589135e-02,9.017469163370e-05,1.573449232520e-02,4.969778356615e-02,3.798987180956e-04,1.719682594890e-06
2276,0.000000000000e+00,3.811210637678e-04,6.540725190641e-02,9.023205197963e-05,1.573997332324e-02,4.966727858317e-02,3.794031684826e-04,1.717895285176e-06
2277,0.000000000000e+00,3.805586699696e-04,6.538230241712e-02,9.026690463793e-05,1.574547007063e-02,4.963683234648e-02,3.788426331070e-04,1.716036862528e-06
2278,0.000000000000e+00,3.799315068426e-04,6.535742609389e-02,9.027947195682e-05,1.575098124249e-02,4.960644485141e-02,3.782173985076e-04,1.714108334985e-06
2279,0.000000000000e+00,3.792402584515e-04,6.533262166024e-02,9.027003650808e-05,1.575650556954e-02,4.957611609071e-02,3.775281476701e-04,1.712110781463e-06
2280,0.000000000000e+00,3.784858797046e-04,6.530788788046e-02,9.023887745618e-05,1.576204182372e-02,4.954584605674e-02,3.767758345898e-04,1.710045114827e-06
2281,0.000000000000e+00,3.776695975760e-04,6.528322358611e-02,9.018630391943e-05,1.576758884639e-02,4.951563473971e-02,3.759616853073e-04,1.707912268659e-06
2282,0.000000000000e+00,3.767928736500e-04,6.525862768096e-02,9.011265798477e-05,1.577314555108e-02,4.948548212989e-02,3.750871606766e-04,1.705712973468e-06
2283,0.000000000000e+00,3.758573729854e-04,6.523409914986e-02,9.001832362400e-05,1.577871093225e-02,4.945538821762e-02,3.741539250962e-04,1.703447889211e-06
2284,0.000000000000e+00,3.748648399857e-04,6.520963704630e-02,8.990366598351e-05,1.578428405361e-02,4.942535299269e-02,3.731637224862e-04,1.701117499442e-06
2285,0.000000000000e+00,3.738170857578e-04,6.518524049977e-02,8.976905043673e-05,1.578986405345e-02,4.939537644632e-02,3.721183634893e-04,1.698722268538e-06
2286,0.000000000000e+00,3.727159610076e-04,6.516090871433e-02,8.961484831710e-05,1.579545014387e-02,4.936545857046e-02,3.710196985775e-04,1.696262430109e-06
2287,0.000000000000e+00,3.715634150902e-04,6.513664096546e-02,8.944150583944e-05,1.580104160976e-02,4.933559935571e-02,3.698696770332e-04,1.693738056943e-06
2288,0.000000000000e+00,3.703613581303e-04,6.511243660077e-02,8.924946103929e-05,1.580663780698e-02,4.930579879379e-02,3.686702089884e-04,1.691149141920e-06
2289,0.000000000000e+00,3.691117032525e-04,6.508829502502e-02,8.903919105872e-05,1.581223814786e-02,4.927605687716e-02,3.674232076309e-04,1.688495621598e-06
2290,0.000000000000e+00,3.678163084798e-04,6.506421570322e-02,8.881118202641e-05,1.581784210473e-02,4.924637359850e-02,3.661305309911e-04,1.685777488665e-06
2291,0.000000000000e+00,3.664769441107e-04,6.504019814728e-02,8.856591907980e-05,1.582344919674e-02,4.921674895053e-02,3.647939494572e-04,1.682994653466e-06
2292,0.000000000000e+00,3.650953485112e-04,6.501624191450e-02,8.830393110872e-05,1.582905898873e-02,4.918718292577e-02,3.634152013907e-04,1.680147120495e-06
2293,0.000000000000e+00,3.636731715530e-04,6.499234659892e-02,8.802575329713e-05,1.583467108264e-02,4.915767551628e-02,3.619959366950e-04,1.677234857990e-06
2294,0.000000000000e+00,3.622119720369e-04,6.496851182204e-02,8.773192619051e-05,1.584028510909e-02,4.912822671295e-02,3.605377141132e-04,1.674257923702e-06
2295,0.000000000000e+00,3.607131967331e-04,6.494473722611e-02,8.742297972423e-05,1.584590072049e-02,4.909883650562e-02,3.590419803932e-04,1.671216339859e-06
2296,0.000000000000e+00,3.591781656205e-04,6.492102246555e-02,8.709941910284e-05,1.585151758234e-02,4.906950488321e-02,3.575100554502e-04,1.668110170371e-06
2297,0.000000000000e+00,3.576080728817e-04,6.489736720428e-02,8.676172289142e-05,1.585713537091e-02,4.904023183338e-02,3.559431334401e-04,1.664939441654e-06
2298,0.000000000000e+00,3.560040107618e-04,6.487377110721e-02,8.641035609715e-05,1.586275376588e-02,4.901101734134e-02,3.543423066713e-04,1.661704090505e-06
2299,0.000000000000e+00,3.543669375971e-04,6.485023382779e-02,8.604574263042e-05,1.586837243801e-02,4.898186138978e-02,3.527085335919e-04,1.658404005197e-06
2300,0.000000000000e+00,3.526977107537e-04,6.482675501038e-02,8.566828589393e-05,1.587399105084e-02,4.895276395953e-02,3.510426717195e-04,1.655039034203e-06
2301,0.000000000000e+00,3.509970917694e-04,6.480333428241e-02,8.527836992151e-05,1.587960925387e-02,4.892372502854e-02,3.493454827817e-04,1.651608987762e-06
2302,0.000000000000e+00,3.492656885792e-04,6.477997125676e-02,8.487631403875e-05,1.588522668443e-02,4.889474457233e-02,3.476175749462e-04,1.648113633036e-06
2303,0.000000000000e+00,3.475039866809e-04,6.475666552462e-02,8.446239239240e-05,1.589084296095e-02,4.886582256368e-02,3.458594339601e-04,1.644552720791e-06
2304,0.000000000000e+00,3.457123561926e-04,6.473341665059e-02,8.403683826100e-05,1.589645767791e-02,4.883695897268e-02,3.440714301961e-04,1.640925996538e-06
2305,0.000000000000e+00,3.438910916006e-04,6.471022417098e-02,8.359987136426e-05,1.590207040562e-02,4.880815376536e-02,3.422538618462e-04,1.637229754410e-06
2306,0.000000000000e+00,3.420403794191e-04,6.468708760298e-02,8.315167077192e-05,1.590768069555e-02,4.877940690743e-02,3.404069141107e-04,1.633465308396e-06
2307,0.000000000000e+00,3.401603033883e-04,6.466400643565e-02,8.269237735101e-05,1.591328807417e-02,4.875071836147e-02,3.385306694099e-04,1.629633978398e-06
2308,0.000000000000e+00,3.382508804458e-04,6.464098013021e-02,8.222211270511e-05,1.591889204428e-02,4.872208808594e-02,3.366251448338e-04,1.625735611944e-06
2309,0.000000000000e+00,3.363120852986e-04,6.461800812420e-02,8.174099570776e-05,1.592449208729e-02,4.869351603691e-02,3.346903153070e-04,1.621769991569e-06
2310,0.000000000000e+00,3.343438616747e-04,6.459508982979e-02,8.124914616080e-05,1.593008766173e-02,4.866500216807e-02,3.327261247489e-04,1.617736925860e-06
2311,0.000000000000e+00,3.323461368636e-04,6.457222463624e-02,8.074668941936e-05,1.593567820548e-02,4.863654643075e-02,3.307325005804e-04,1.613636283249e-06
2312,0.000000000000e+00,3.303188589372e-04,6.454941191349e-02,8.023377733271e-05,1.594126313938e-02,4.860814877410e-02,3.287093909341e-04,1.609468003174e-06
2313,0.000000000000e+00,3.282620034572e-04,6.452665101529e-02,7.971058556512e-05,1.594684186990e-02,4.857980914539e-02,3.266567713427e-04,1.605232114408e-06
2314,0.000000000000e+00,3.261755499384e-04,6.450394127647e-02,7.917728747013e-05,1.595241378581e-02,4.855152749065e-02,3.245746211726e-04,1.600928765859e-06
2315,0.000000000000e+00,3.240595448832e-04,6.448128201850e-02,7.863409181625e-05,1.595797826575e-02,4.852330375275e-02,3.224629868632e-04,1.596558019989e-06
2316,0.000000000000e+00,3.219141109009e-04,6.445867255579e-02,7.808124031742e-05,1.596353468297e-02,4.849513787282e-02,3.203219908501e-04,1.592120050793e-06
2317,0.000000000000e+00,3.197394676362e-04,6.443611219828e-02,7.751901402465e-05,1.596908240769e-02,4.846702979060e-02,3.181518525577e-04,1.587615078493e-06
2318,0.000000000000e+00,3.175359603633e-04,6.441360025325e-02,7.694774621924e-05,1.597462080838e-02,4.843897944487e-02,3.159529169980e-04,1.583043365304e-06
2319,0.000000000000e+00,3.153040543457e-04,6.439113603137e-02,7.636781119281e-05,1.598014925777e-02,4.841098677359e-02,3.137256491559e-04,1.578405189761e-06
2320,0.000000000000e+00,3.130443410731e-04,6.436871885101e-02,7.577962303778e-05,1.598566713688e-02,4.838305171413e-02,3.114706402237e-04,1.573700849407e-06
2321,0.000000000000e+00,3.107575441346e-04,6.434634804192e-02,7.518363572222e-05,1.599117383761e-02,4.835517420430e-02,3.091886135110e-04,1.568930623606e-06
2322,0.000000000000e+00,3.084445195167e-04,6.432402294837e-02,7.458034073443e-05,1.599666876832e-02,4.832735418005e-02,3.068804246184e-04,1.564094898336e-06
2323,0.000000000000e+00,3.061062300804e-04,6.430174293567e-02,7.397024711917e-05,1.600215135803e-02,4.829959157765e-02,3.045470360231e-04,1.559194057331e-06
2324,0.000000000000e+00,3.037437748073e-04,6.427950739167e-02,7.335390437251e-05,1.600762105809e-02,4.827188633358e-02,3.021895461971e-04,1.554228610246e-06
2325,0.000000000000e+00,3.013583646950e-04,6.425731573253e-02,7.273188715856e-05,1.601307734871e-02,4.824423838382e-02,2.998091657345e-04,1.549198960571e-06
2326,0.000000000000e+00,2.989513137564e-04,6.423516740556e-02,7.210479296027e-05,1.601851974070e-02,4.821664766486e-02,2.974072082448e-04,1.544105511617e-06
2327,0.000000000000e+00,2.965240331900e-04,6.421306188935e-02,7.147324355099e-05,1.602394777621e-02,4.818911411314e-02,2.949850843956e-04,1.538948794412e-06
2328,0.000000000000e+00,2.940780060920e-04,6.419099869726e-02,7.083787331540e-05,1.602936103154e-02,4.816163766572e-02,2.925442767591e-04,1.533729332875e-06
2329,0.000000000000e+00,2.916147688237e-04,6.416897737709e-02,7.019932337389e-05,1.603475911705e-02,4.813421826004e-02,2.900863211473e-04,1.528447676413e-06
2330,0.000000000000e+00,2.891359192503e-04,6.414699751064e-02,6.955825639749e-05,1.604014167620e-02,4.810685583444e-02,2.876128148213e-04,1.523104428983e-06
2331,0.000000000000e+00,2.866430865525e-04,6.412505871620e-02,6.891534577753e-05,1.604550838946e-02,4.807955032674e-02,2.851253863133e-04,1.517700239205e-06
2332,0.000000000000e+00,2.841378936532e-04,6.410316064693e-02,6.827125225585e-05,1.605085897193e-02,4.805230167501e-02,2.826256579281e-04,1.512235725076e-06
2333,0.000000000000e+00,2.816219660674e-04,6.408130299076e-02,6.762663603075e-05,1.605619317296e-02,4.802510981780e-02,2.801152544885e-04,1.506711578960e-06
2334,0.000000000000e+00,2.790969027679e-04,6.405948547025e-02,6.698214788473e-05,1.606151077597e-02,4.799797469428e-02,2.775957743435e-04,1.501128424440e-06
2335,0.000000000000e+00,2.765642527330e-04,6.403770784057e-02,6.633841707445e-05,1.606681159653e-02,4.797089624404e-02,2.750687659600e-04,1.495486772946e-06
2336,0.000000000000e+00,2.740255194176e-04,6.401596988903e-02,6.569606045852e-05,1.607209548273e-02,4.794387440630e-02,2.725357322530e-04,1.489787164628e-06
2337,0.000000000000e+00,2.714821337952e-04,6.399427143327e-02,6.505566757078e-05,1.607736231259e-02,4.791690912068e-02,2.699981037359e-04,1.484030059302e-06
2338,0.000000000000e+00,2.689354471608e-04,6.397261231933e-02,6.441779922130e-05,1.608261199237e-02,4.789000032695e-02,2.674572312604e-04,1.478215900399e-06
2339,0.000000000000e+00,2.663867340427e-04,6.395099241807e-02,6.378299166993e-05,1.608784445297e-02,4.786314796510e-02,2.649143888923e-04,1.472345150414e-06
2340,0.000000000000e+00,2.638371691496e-04,6.392941162467e-02,6.315174097754e-05,1.609305965039e-02,4.783635197428e-02,2.623707509737e-04,1.466418175871e-06
2341,0.000000000000e+00,2.612878379640e-04,6.390786985592e-02,6.252451052183e-05,1.609825756196e-02,4.780961229395e-02,2.598274025440e-04,1.460435420020e-06
2342,0.000000000000e+00,2.587397275549e-04,6.388636704863e-02,6.190172338084e-05,1.610343818576e-02,4.778292886288e-02,2.572853302591e-04,1.454397295829e-06
2343,0.000000000000e+00,2.561937308312e-04,6.386490315791e-02,6.128376327007e-05,1.610860153871e-02,4.775630161920e-02,2.547454266388e-04,1.448304192437e-06
2344,0.000000000000e+00,2.536506513522e-04,6.384347815514e-02,6.067097545297e-05,1.611374765447e-02,4.772973050067e-02,2.522084949177e-04,1.442156434551e-06
2345,0.000000000000e+00,2.511112098261e-04,6.382209202616e-02,6.006366817429e-05,1.611887658186e-02,4.770321544430e-02,2.496752555380e-04,1.435954288118e-06
2346,0.000000000000e+00,2.485760600934e-04,6.380074476948e-02,5.946212060417e-05,1.612398838328e-02,4.767675638619e-02,2.471463621340e-04,1.429697959362e-06
2347,0.000000000000e+00,2.460457941101e-04,6.377943639568e-02,5.886658243680e-05,1.612908313412e-02,4.765035326155e-02,2.446224065156e-04,1.423387594489e-06
2348,0.000000000000e+00,2.435209526946e-04,6.375816692636e-02,5.827727748450e-05,1.613416092162e-02,4.762400600474e-02,2.421039293998e-04,1.417023294772e-06
2349,0.000000000000e+00,2.410020415045e-04,6.373693639310e-02,5.769441124395e-05,1.613922184394e-02,4.759771454916e-02,2.395914363778e-04,1.410605126654e-06
2350,0.000000000000e+00,2.384895420878e-04,6.371574483686e-02,5.711817518275e-05,1.614426600957e-02,4.757147882729e-02,2.370854089773e-04,1.404133110517e-06
2351,0.000000000000e+00,2.359839198189e-04,6.369459230726e-02,5.654874808467e-05,1.614929353639e-02,4.754529877087e-02,2.345863125651e-04,1.397607253798e-06
2352,0.000000000000e+00,2.334856481106e-04,6.367347886390e-02,5.598631116762e-05,1.615430455328e-02,4.751917431062e-02,2.320946205166e-04,1.391027594035e-06
2353,0.000000000000e+00,2.309952029558e-04,6.365240457557e-02,5.543104156712e-05,1.615929919888e-02,4.749310537670e-02,2.296108088397e-04,1.384394116088e-06
2354,0.000000000000e+00,2.285130685375e-04,6.363136952032e-02,5.488311468611e-05,1.616427762177e-02,4.746709189856e-02,2.271353617582e-04,1.377706779325e-06
2355,0.000000000000e+00,2.260397390105e-04,6.361037378571e-02,5.434270443492e-05,1.616923998076e-02,4.744113380495e-02,2.246687734846e-04,1.370965525970e-06
2356,0.000000000000e+00,2.235757198894e-04,6.358941746906e-02,5.380998372185e-05,1.617418644516e-02,4.741523102391e-02,2.222115495939e-04,1.364170295468e-06
2357,0.000000000000e+00,2.211215309592e-04,6.356850067787e-02,5.328512620499e-05,1.617911719510e-02,4.738938348277e-02,2.197642099017e-04,1.357321057453e-06
2358,0.000000000000e+00,2.186777010753e-04,6.354762352942e-02,5.276830342797e-05,1.618403242089e-02,4.736359110853e-02,2.173272832811e-04,1.350417794249e-06
2359,0.000000000000e+00,2.162447672399e-04,6.352678615118e-02,5.225968494536e-05,1.618893232406e-02,4.733785382712e-02,2.149013067270e-04,1.343460512980e-06
2360,0.000000000000e+00,2.138232755697e-04,6.350598868055e-02,5.175944028631e-05,1.619381711666e-02,4.731217156389e-02,2.124868262927e-04,1.336449276956e-06
2361,0.000000000000e+00,2.114137683839e-04,6.348523126501e-02,5.126773167546e-05,1.619868702184e-02,4.728654424317e-02,2.100843842472e-04,1.329384136764e-06
2362,0.000000000000e+00,2.090167874777e-04,6.346451406047e-02,5.078471830595e-05,1.620354227164e-02,4.726097178883e-02,2.076945222861e-04,1.322265191611e-06
2363,0.000000000000e+00,2.066328681849e-04,6.344383723183e-02,5.031055485962e-05,1.620838310733e-02,4.723545412449e-02,2.053177757449e-04,1.315092439969e-06
2364,0.000000000000e+00,2.042625309630e-04,6.342320095063e-02,4.984538785292e-05,1.621320977798e-02,4.720999117264e-02,2.029546653096e-04,1.307865653314e-06
2365,0.000000000000e+00,2.019062763141e-04,6.340260539402e-02,4.938935444474e-05,1.621802253946e-02,4.718458285456e-02,2.006056919841e-04,1.300584329980e-06
2366,0.000000000000e+00,1.995645751831e-04,6.338205074447e-02,4.894257782214e-05,1.622282165377e-02,4.715922909070e-02,1.982713268502e-04,1.293248332924e-06
2367,0.000000000000e+00,1.972378586828e-04,6.336153718900e-02,4.850516207598e-05,1.622760738821e-02,4.713392980079e-02,1.959520008976e-04,1.285857785205e-06
2368,0.000000000000e+00,1.949265155589e-04,6.334106491787e-02,4.807719185113e-05,1.623238001393e-02,4.710868490394e-02,1.936481026759e-04,1.278412883058e-06
2369,0.000000000000e+00,1.926308869891e-04,6.332063412382e-02,4.765873002455e-05,1.623713980532e-02,4.708349431849e-02,1.913599731732e-04,1.270913815922e-06
2370,0.000000000000e+00,1.903512623698e-04,6.330024500125e-02,4.724981604955e-05,1.624188703931e-02,4.705835796194e-02,1.890879016360e-04,1.263360733708e-06
2371,0.000000000000e+00,1.880878750590e-04,6.327989774531e-02,4.685046364381e-05,1.624662199434e-02,4.703327575098e-02,1.868321213092e-04,1.255753749789e-06
2372,0.000000000000e+00,1.858409014413e-04,6.325959255116e-02,4.646066049999e-05,1.625134494979e-02,4.700824760137e-02,1.845928085036e-04,1.248092937670e-06
2373,0.000000000000e+00,1.836104667698e-04,6.323932961428e-02,4.608037259227e-05,1.625605618629e-02,4.698327342799e-02,1.823700884428e-04,1.240378326976e-06
2374,0.000000000000e+00,1.813966433285e-04,6.321910912962e-02,4.570954250943e-05,1.626075598493e-02,4.695835314468e-02,1.801640334216e-04,1.232609906948e-06
2375,0.000000000000e+00,1.791994563928e-04,6.319893129129e-02,4.534809288442e-05,1.626544462687e-02,4.693348666442e-02,1.779746687631e-04,1.224787629684e-06
2376,0.000000000000e+00,1.770188904757e-04,6.317879629255e-02,4.499592888074e-05,1.627012239320e-02,4.690867389934e-02,1.758019790806e-04,1.216911395094e-06
2377,0.000000000000e+00,1.748548904956e-04,6.315870432596e-02,4.465293750776e-05,1.627478956534e-02,4.688391476062e-02,1.736459094707e-04,1.208981024888e-06
2378,0.000000000000e+00,1.727073710294e-04,6.313865558333e-02,4.431899206052e-05,1.627944642473e-02,4.685920915860e-02,1.715063747301e-04,1.200996299266e-06
2379,0.000000000000e+00,1.705762239429e-04,6.311865025569e-02,4.399395501299e-05,1.628409325283e-02,4.683455700286e-02,1.693832669773e-04,1.192956965583e-06
2380,0.000000000000e+00,1.684613223324e-04,6.309868853385e-02,4.367767851746e-05,1.628873033153e-02,4.680995820232e-02,1.672764595723e-04,1.184862760109e-06
2381,0.000000000000e+00,1.663625264758e-04,6.307877060743e-02,4.337000647220e-05,1.629335794216e-02,4.678541266527e-02,1.651858130935e-04,1.176713382317e-06
2382,0.000000000000e+00,1.642796946944e-04,6.305889666599e-02,4.307077984185e-05,1.629797636685e-02,4.676092029914e-02,1.631111861381e-04,1.168508556349e-06
2383,0.000000000000e+00,1.622126862353e-04,6.303906689905e-02,4.277983665443e-05,1.630258588806e-02,4.673648101100e-02,1.610524382147e-04,1.160248020674e-06
2384,0.000000000000e+00,1.601613670657e-04,6.301928149598e-02,4.249701484001e-05,1.630718678891e-02,4.671209470707e-02,1.590094355719e-04,1.151931493784e-06
2385,0.000000000000e+00,1.581256096104e-04,6.299954064707e-02,4.222215052854e-05,1.631177935346e-02,4.668776129361e-02,1.569820509341e-04,1.143558676324e-06
2386,0.000000000000e+00,1.561052938164e-04,6.297984454301e-02,4.195507815085e-05,1.631636386655e-02,4.666348067646e-02,1.549701645926e-04,1.135129223870e-06
2387,0.000000000000e+00,1.541003099806e-04,6.296019337592e-02,4.169563284763e-05,1.632094061480e-02,4.663925276113e-02,1.529736671445e-04,1.126642836100e-06
2388,0.000000000000e+00,1.521105672649e-04,6.294058733986e-02,4.144365660163e-05,1.632550988695e-02,4.661507745291e-02,1.509924680417e-04,1.118099223170e-06
2389,0.000000000000e+00,1.501359815586e-04,6.292102663037e-02,4.119898995180e-05,1.633007197390e-02,4.659095465648e-02,1.490264834835e-04,1.109498075101e-06
2390,0.000000000000e+00,1.481764745675e-04,6.290151144427e-02,4.096147278870e-05,1.633462716788e-02,4.656688427640e-02,1.470756353832e-04,1.100839184291e-06
2391,0.000000000000e+00,1.462319712325e-04,6.288204198009e-02,4.073094425721e-05,1.633917576290e-02,4.654286621719e-02,1.451398489813e-04,1.092122251176e-06
2392,0.000000000000e+00,1.443023951333e-04,6.286261843783e-02,4.050724083706e-05,1.634371805486e-02,4.651890038297e-02,1.432190480521e-04,1.083347081265e-06
2393,0.000000000000e+00,1.423876698945e-04,6.284324101975e-02,4.029020021335e-05,1.634825434197e-02,4.649498667778e-02,1.413131563810e-04,1.074513513469e-06
2394,0.000000000000e+00,1.404877153881e-04,6.282390992667e-02,4.007965965700e-05,1.635278492083e-02,4.647112500585e-02,1.394220939607e-04,1.065621427364e-06
2395,0.000000000000e+00,1.386024460062e-04,6.280462535865e-02,3.987545671822e-05,1.635731008741e-02,4.644731527123e-02,1.375457753950e-04,1.056670611141e-06
2396,0.000000000000e+00,1.367317569288e-04,6.278538751482e-02,3.967742108557e-05,1.636183013747e-02,4.642355737736e-02,1.356840959909e-04,1.047660937863e-06
2397,0.000000000000e+00,1.348755382836e-04,6.276619659161e-02,3.948538645769e-05,1.636634536405e-02,4.639985122756e-02,1.338369459890e-04,1.038592294599e-06
2398,0.000000000000e+00,1.330336674999e-04,6.274705278164e-02,3.929918592461e-05,1.637085605644e-02,4.637619672520e-02,1.320042028773e-04,1.029464622655e-06
2399,0.000000000000e+00,1.312060093868e-04,6.272795627307e-02,3.911865295664e-05,1.637536249990e-02,4.635259377317e-02,1.301857315220e-04,1.020277864740e-06
2400,0.000000000000e+00,1.293924058682e-04,6.270890724873e-02,3.894361465585e-05,1.637986497422e-02,4.632904227451e-02,1.283813739564e-04,1.011031911744e-06
2401,0.000000000000e+00,1.275926929794e-04,6.268990588650e-02,3.877390447145e-05,1.638436375496e-02,4.630554213154e-02,1.265909662249e-04,1.001726754483e-06
2402,0.000000000000e+00,1.258066857894e-04,6.267095235787e-02,3.860935152431e-05,1.638885911064e-02,4.628209324723e-02,1.248143235076e-04,9.923622818712e-07
2403,0.000000000000e+00,1.240341805980e-04,6.265204682659e-02,3.844978203291e-05,1.639335130300e-02,4.625869552359e-02,1.230512422673e-04,9.829383307370e-07
2404,0.000000000000e+00,1.222749600096e-04,6.263318944900e-02,3.829502145517e-05,1.639784058618e-02,4.623534886282e-02,1.213015052502e-04,9.734547593348e-07
2405,0.000000000000e+00,1.205287807106e-04,6.261438037110e-02,3.814488680306e-05,1.640232720389e-02,4.621205316720e-02,1.195648694162e-04,9.639112944076e-07
2406,0.000000000000e+00,1.187953826409e-04,6.259561972952e-02,3.799919387293e-05,1.640681139097e-02,4.618880833855e-02,1.178410745510e-04,9.543080899078e-07
2407,0.000000000000e+00,1.170745016575e-04,6.257690765039e-02,3.785776252534e-05,1.641129337309e-02,4.616561427730e-02,1.161298561419e-04,9.446455155816e-07
2408,0.000000000000e+00,1.153658531331e-04,6.255824424750e-02,3.772040505963e-05,1.641577336430e-02,4.614247088320e-02,1.144309289275e-04,9.349242055703e-07
2409,0.000000000000e+00,1.136691367515e-04,6.253962962221e-02,3.758692796231e-05,1.642025156588e-02,4.611937805634e-02,1.127439929597e-04,9.251437917174e-07
2410,0.000000000000e+00,1.119840513666e-04,6.252106386333e-02,3.745714199536e-05,1.642472816773e-02,4.609633569560e-02,1.110687475632e-04,9.153038033924e-07
2411,0.000000000000e+00,1.103102956347e-04,6.250254704775e-02,3.733086167667e-05,1.642920334718e-02,4.607334370057e-02,1.094048918706e-04,9.054037641517e-07
2412,0.000000000000e+00,1.086475642649e-04,6.248407923787e-02,3.720790060716e-05,1.643367726820e-02,4.605040196967e-02,1.077521209843e-04,8.954432806543e-07
2413,0.000000000000e+00,1.069955652314e-04,6.246566048176e-02,3.708808290277e-05,1.643815008065e-02,4.602751040111e-02,1.061101431745e-04,8.854220569067e-07
2414,0.000000000000e+00,1.053539929366e-04,6.244729081355e-02,3.697122204407e-05,1.644262192122e-02,4.600466889233e-02,1.044786530082e-04,8.753399284244e-07
2415,0.000000000000e+00,1.037225583158e-04,6.242897025748e-02,3.685714201748e-05,1.644709291747e-02,4.598187734001e-02,1.028573616890e-04,8.651966268373e-07
2416,0.000000000000e+00,1.021009743446e-04,6.241069882563e-02,3.674566590589e-05,1.645156318477e-02,4.595913564086e-02,1.012459824282e-04,8.549919163748e-07
2417,0.000000000000e+00,1.004889663991e-04,6.239247651779e-02,3.663662313942e-05,1.645603282590e-02,4.593644369189e-02,9.964424084424e-05,8.447255549025e-07
2418,0.000000000000e+00,9.888626314167e-05,6.237430332355e-02,3.652984256822e-05,1.646050193373e-02,4.591380138982e-02,9.805186573450e-05,8.343974071670e-07
2419,0.000000000000e+00,9.729260687430e-05,6.235617922029e-02,3.642515951981e-05,1.646497058966e-02,4.589120863063e-02,9.646859953194e-05,8.240073423615e-07
2420,0.000000000000e+00,9.570773697632e-05,6.233810417645e-02,3.632240333741e-05,1.646943886613e-02,4.586866531033e-02,9.489418183511e-05,8.135551412044e-07
2421,0.000000000000e+00,9.413141429988e-05,6.232007815182e-02,3.622141522727e-05,1.647390682743e-02,4.584617132439e-02,9.332837364806e-05,8.030406518215e-07
2422,0.000000000000e+00,9.256342253521e-05,6.230210109682e-02,3.612204916123e-05,1.647837452862e-02,4.582372656819e-02,9.177095875448e-05,7.924637807221e-07
2423,0.000000000000e+00,9.100356331508e-05,6.228417295300e-02,3.602416817738e-05,1.648284201512e-02,4.580133093788e-02,9.022173883133e-05,7.818244837521e-07
2424,0.000000000000e+00,8.945165255420e-05,6.226629365325e-02,3.592764233861e-05,1.648730932496e-02,4.577898432828e-02,8.868052982308e-05,7.711227311196e-07
2425,0.000000000000e+00,8.790753673767e-05,6.224846312432e-02,3.583236065447e-05,1.649177648978e-02,4.575668663454e-02,8.714717817498e-05,7.603585626885e-07
2426,0.000000000000e+00,8.637110382238e-05,6.223068128851e-02,3.573823942819e-05,1.649624353713e-02,4.573443775139e-02,8.562157185418e-05,7.495319681930e-07
2427,0.000000000000e+00,8.484224746944e-05,6.221294805736e-02,3.564519649372e-05,1.650071048368e-02,4.571223757368e-02,8.410360454289e-05,7.386429265528e-07
2428,0.000000000000e+00,8.332086875062e-05,6.219526333286e-02,3.555315285949e-05,1.650517733638e-02,4.569008599647e-02,8.259317727710e-05,7.276914735172e-07
2429,0.000000000000e+00,8.180686019092e-05,6.217762701249e-02,3.546202114038e-05,1.650964409743e-02,4.566798291506e-02,8.109018250610e-05,7.166776848232e-07
2430,0.000000000000e+00,8.030013274223e-05,6.216003898697e-02,3.537172780919e-05,1.651411076162e-02,4.564592822536e-02,7.959453104325e-05,7.056016989764e-07
2431,0.000000000000e+00,7.880059659769e-05,6.214249914124e-02,3.528219834021e-05,1.651857731865e-02,4.562392182258e-02,7.810613306336e-05,6.944635343336e-07
2432,0.000000000000e+00,7.730816756712e-05,6.212500735431e-02,3.519336293867e-05,1.652304375185e-02,4.560196360246e-02,7.662490431165e-05,6.832632554656e-07
2433,0.000000000000e+00,7.582277253731e-05,6.210756349714e-02,3.510516148851e-05,1.652751003599e-02,4.558005346115e-02,7.515077162543e-05,6.720009118827e-07
2434,0.000000000000e+00,7.434434280293e-05,6.209016743584e-02,3.501753855346e-05,1.653197614107e-02,4.555819129477e-02,7.368366615104e-05,6.606766518903e-07
2435,0.000000000000e+00,7.287280260600e-05,6.207281903186e-02,3.493043546320e-05,1.653644203162e-02,4.553637700025e-02,7.222351192468e-05,6.492906813186e-07
2436,0.000000000000e+00,7.140804397925e-05,6.205551813578e-02,3.484377218396e-05,1.654090766171e-02,4.551461047407e-02,7.077020087112e-05,6.378431081249e-07
2437,0.000000000000e+00,6.995000274047e-05,6.203826459665e-02,3.475750224701e-05,1.654537298374e-02,4.549289161291e-02,6.932366864826e-05,6.263340922128e-07
2438,0.000000000000e+00,6.849861171210e-05,6.202105825741e-02,3.467157941995e-05,1.654983794387e-02,4.547122031354e-02,6.788384785783e-05,6.147638542679e-07
2439,0.000000000000e+00,6.705379923099e-05,6.200389895530e-02,3.458595629039e-05,1.655430248186e-02,4.544959647344e-02,6.645066664937e-05,6.031325816189e-07
2440,0.000000000000e+00,6.561548820202e-05,6.198678652081e-02,3.450058415083e-05,1.655876653072e-02,4.542801999010e-02,6.502404769140e-05,5.914405106153e-07
2441,0.000000000000e+00,6.418360334980e-05,6.196972077934e-02,3.441541695721e-05,1.656323001858e-02,4.540649076076e-02,6.360391540386e-05,5.796879459425e-07
2442,0.000000000000e+00,6.275808605104e-05,6.195270154869e-02,3.433042304207e-05,1.656769286558e-02,4.538500868311e-02,6.219021088461e-05,5.678751664301e-07
2443,0.000000000000e+00,6.133887948708e-05,6.193572864106e-02,3.424557337768e-05,1.657215498569e-02,4.536357365537e-02,6.078287701522e-05,5.560024718596e-07
2444,0.000000000000e+00,5.992593823436e-05,6.191880186218e-02,3.416084791124e-05,1.657661628605e-02,4.534218557612e-02,5.938186807203e-05,5.440701623303e-07
2445,0.000000000000e+00,5.851921881331e-05,6.190192101197e-02,3.407622788257e-05,1.658107666838e-02,4.532084434359e-02,5.798714035443e-05,5.320784588815e-07
2446,0.000000000000e+00,5.711868498100e-05,6.188508588493e-02,3.399169888529e-05,1.658553602856e-02,4.529954985637e-02,5.659865737823e-05,5.200276027733e-07
2447,0.000000000000e+00,5.572430472840e-05,6.186829626950e-02,3.390724811085e-05,1.658999425576e-02,4.527830201374e-02,5.521638688122e-05,5.079178471788e-07
2448,0.000000000000e+00,5.433603978501e-05,6.185155194689e-02,3.382285611473e-05,1.659445123181e-02,4.525710071508e-02,5.384029027983e-05,4.957495051776e-07
2449,0.000000000000e+00,5.295388610161e-05,6.183485269696e-02,3.373852654532e-05,1.659890683672e-02,4.523594586024e-02,5.247036317987e-05,4.835229217366e-07
2450,0.000000000000e+00,5.157784568885e-05,6.181819829531e-02,3.365426549043e-05,1.660336094555e-02,4.521483734977e-02,5.110660722202e-05,4.712384668276e-07
2451,0.000000000000e+00,5.020792411555e-05,6.180158851404e-02,3.357007969955e-05,1.660781342981e-02,4.519377508423e-02,4.974902765797e-05,4.588964575797e-07
2452,0.000000000000e+00,4.884413458391e-05,6.178502312280e-02,3.348597936086e-05,1.661226415808e-02,4.517275896471e-02,4.839763737308e-05,4.464972108305e-07
2453,0.000000000000e+00,4.748649338078e-05,6.176850188809e-02,3.340197450976e-05,1.661671299514e-02,4.515178889295e-02,4.705245233716e-05,4.340410436252e-07
2454,0.000000000000e+00,4.613502475939e-05,6.175202457400e-02,3.331807845980e-05,1.662115980298e-02,4.513086477102e-02,4.571349646618e-05,4.215282932139e-07
2455,0.000000000000e+00,4.478975879502e-05,6.173559094389e-02,3.323430549746e-05,1.662560444212e-02,4.510998650177e-02,4.438079949873e-05,4.089592962942e-07
2456,0.000000000000e+00,4.345074819308e-05,6.171920075729e-02,3.315068497574e-05,1.663004676898e-02,4.508915398832e-02,4.305441380845e-05,3.963343846343e-07
2457,0.000000000000e+00,4.211804177952e-05,6.170285377248e-02,3.306724092431e-05,1.663448663821e-02,4.506836713427e-02,4.173438786817e-05,3.836539113505e-07
2458,0.000000000000e+00,4.079169245522e-05,6.168654974622e-02,3.298399836313e-05,1.663892390247e-02,4.504762584375e-02,4.042077418670e-05,3.709182685172e-07
2459,0.000000000000e+00,3.947175968362e-05,6.167028843344e-02,3.290098528036e-05,1.664335841210e-02,4.502693002134e-02,3.911363178305e-05,3.581279005732e-07
2460,0.000000000000e+00,3.815831239081e-05,6.165406958807e-02,3.281823484573e-05,1.664779001603e-02,4.500627957203e-02,3.781302908437e-05,3.452833064401e-07
2461,0.000000000000e+00,3.685144364577e-05,6.163789296195e-02,3.273579653264e-05,1.665221856067e-02,4.498567440128e-02,3.651905861718e-05,3.323850285902e-07
2462,0.000000000000e+00,3.555121857433e-05,6.162175830580e-02,3.265369771178e-05,1.665664389099e-02,4.496511441481e-02,3.523178494899e-05,3.194336253348e-07
2463,0.000000000000e+00,3.425770859573e-05,6.160566536981e-02,3.257196920652e-05,1.666106585108e-02,4.494459951872e-02,3.395127889896e-05,3.064296967663e-07
2464,0.000000000000e+00,3.297098330453e-05,6.158961390377e-02,3.249064048528e-05,1.666548428422e-02,4.492412961955e-02,3.267760947528e-05,2.933738292503e-07
2465,0.000000000000e+00,3.169110187564e-05,6.157360365608e-02,3.240973456124e-05,1.666989903183e-02,4.490370462426e-02,3.141083529165e-05,2.802665839928e-07
2466,0.000000000000e+00,3.041812364682e-05,6.155763437510e-02,3.232927462555e-05,1.667430993479e-02,4.488332444030e-02,3.015101516524e-05,2.671084815796e-07
2467,0.000000000000e+00,2.915209849476e-05,6.154170580924e-02,3.224927840123e-05,1.667871683370e-02,4.486298897554e-02,2.889819850105e-05,2.538999937128e-07
2468,0.000000000000e+00,2.789305576894e-05,6.152581770627e-02,3.216974966372e-05,1.668311956795e-02,4.484269813832e-02,2.765241423855e-05,2.406415303895e-07
2469,0.000000000000e+00,2.664101318507e-05,6.150996981789e-02,3.209068447987e-05,1.668751798043e-02,4.482245183747e-02,2.641367972039e-05,2.273334646736e-07
2470,0.000000000000e+00,2.539601784152e-05,6.149416189730e-02,3.201210117580e-05,1.669191191486e-02,4.480224998244e-02,2.518204168006e-05,2.139761614605e-07
2471,0.000000000000e+00,2.415808268267e-05,6.147839369558e-02,3.193399298430e-05,1.669630121237e-02,4.478209248320e-02,2.395751269035e-05,2.005699923121e-07
2472,0.000000000000e+00,2.292723127556e-05,6.146266496769e-02,3.185636142762e-05,1.670068571738e-02,4.476197925031e-02,2.274011591674e-05,1.871153588232e-07
2473,0.000000000000e+00,2.170347462997e-05,6.144697546931e-02,3.177919929889e-05,1.670506527445e-02,4.474191019486e-02,2.152986193485e-05,1.736126951164e-07
2474,0.000000000000e+00,2.048683539176e-05,6.143132496034e-02,3.170250901784e-05,1.670943973195e-02,4.472188522840e-02,2.032677291386e-05,1.600624778978e-07
2475,0.000000000000e+00,1.927733759495e-05,6.141571320429e-02,3.162629517750e-05,1.671380894137e-02,4.470190426292e-02,1.913087241759e-05,1.464651773584e-07
2476,0.000000000000e+00,1.807500164867e-05,6.140013996756e-02,3.155056104019e-05,1.671817275676e-02,4.468196721079e-02,1.794218038906e-05,1.328212596140e-07
2477,0.000000000000e+00,1.687984505579e-05,6.138460501978e-02,3.147530885636e-05,1.672253103502e-02,4.466207398475e-02,1.676071383719e-05,1.191312186065e-07
2478,0.000000000000e+00,1.569188243255e-05,6.136910813390e-02,3.140053958598e-05,1.672688363596e-02,4.464222449794e-02,1.558648683564e-05,1.053955969144e-07
2479,0.000000000000e+00,1.451113228029e-05,6.135364908812e-02,3.132625732512e-05,1.673123042424e-02,4.462241866389e-02,1.441951729034e-05,9.161498994810e-08
2480,0.000000000000e+00,1.333760321402e-05,6.133822766447e-02,3.125245876122e-05,1.673557126792e-02,4.460265639656e-02,1.325981318070e-05,7.779003331288e-08
2481,0.000000000000e+00,1.217131423191e-05,6.132284364450e-02,3.117914764038e-05,1.673990603419e-02,4.458293761032e-02,1.210739284765e-05,6.392138425385e-08
2482,0.000000000000e+00,1.101229006134e-05,6.130749681312e-02,3.110633077532e-05,1.674423459318e-02,4.456326221993e-02,1.096228037054e-05,5.000969080168e-08
2483,0.000000000000e+00,9.860575238949e-06,6.129218695993e-02,3.103402770670e-05,1.674855681928e-02,4.454363014064e-02,9.824519660417e-06,3.605557853193e-08
2484,0.000000000000e+00,8.716205689319e-06,6.127691387589e-02,3.096225028684e-05,1.675287258768e-02,4.452404128821e-02,8.694146052729e-06,2.205963659007e-08
2485,0.000000000000e+00,7.579210195232e-06,6.126167735629e-02,3.089100716806e-05,1.675718177739e-02,4.450449557890e-02,7.571187773336e-06,8.022421895196e-09
2486,0.000000000000e+00,6.449635100340e-06,6.124647719808e-02,3.082031586652e-05,1.676148426859e-02,4.448499292949e-02,6.455690642837e-06,-6.055542496695e-09
2487,0.000000000000e+00,5.327540087172e-06,6.123131320054e-02,3.075019930040e-05,1.676577994317e-02,4.446553325736e-02,5.347713823989e-06,-2.017373681648e-08
2488,0.000000000000e+00,4.212980832963e-06,6.121618516698e-02,3.068067940976e-05,1.677006868651e-02,4.444611648048e-02,4.247312466371e-06,-3.433163340812e-08
2489,0.000000000000e+00,3.105993773885e-06,6.120109290687e-02,3.061176487291e-05,1.677435038960e-02,4.442674251727e-02,3.154522454557e-06,-4.852868067205e-08
2490,0.000000000000e+00,2.006602514848e-06,6.118603623495e-02,3.054345697096e-05,1.677862494825e-02,4.440741128670e-02,2.069366808799e-06,-6.276429395094e-08
2491,0.000000000000e+00,9.148170069008e-07,6.117101497095e-02,3.047574913148e-05,1.678289226287e-02,4.438812270808e-02,9.918548607435e-07,-7.703785384269e-08
2492,0.000000000000e+00,-1.693643962284e-07,6.115602894015e-02,3.040862838403e-05,1.678715223904e-02,4.436887670111e-02,-7.801569107402e-08,-9.134870515440e-08
2493,0.000000000000e+00,-1.245952477895e-06,6.114107797311e-02,3.034207676692e-05,1.679140478732e-02,4.434967318579e-02,-1.140256314230e-06,-1.056961636643e-07
2494,0.000000000000e+00,-2.314956767612e-06,6.112616190499e-02,3.027607856984e-05,1.679564982256e-02,4.433051208243e-02,-2.194877241818e-06,-1.200795257945e-07
2495,0.000000000000e+00,-3.376387752607e-06,6.111128057619e-02,3.021061850994e-05,1.679988726457e-02,4.431139331161e-02,-3.241889676292e-06,-1.344980763152e-07
2496,0.000000000000e+00,-4.430262822353e-06,6.109643383318e-02,3.014567754588e-05,1.680411703894e-02,4.429231679424e-02,-4.281311726917e-06,-1.489510954356e-07
2497,0.000000000000e+00,-5.476573471044e-06,6.108162152982e-02,3.008123845217e-05,1.680833907838e-02,4.427328245143e-02,-5.313135607532e-06,-1.634378635116e-07
2498,0.000000000000e+00,-6.515329042008e-06,6.106684352319e-02,3.001729004541e-05,1.681255331850e-02,4.425429020469e-02,-6.337371355691e-06,-1.779576863170e-07
2499,0.000000000000e+00,-7.546539676757e-06,6.105209967551e-02,2.995382423018e-05,1.681675969962e-02,4.423533997589e-02,-7.354029788992e-06,-1.925098877657e-07
2500,0.000000000000e+00,-8.570210186186e-06,6.103738985469e-02,2.989083654126e-05,1.682095816759e-02,4.421643168710e-02,-8.363116355797e-06,-2.070938303887e-07
2501,0.000000000000e+00,-9.586351398086e-06,6.102271393318e-02,2.982831905144e-05,1.682514867242e-02,4.419756526076e-02,-9.364642495929e-06,-2.217089021565e-07
2502,0.000000000000e+00,-1.059497603833e-05,6.100807178844e-02,2.976626331224e-05,1.682933116883e-02,4.417874061961e-02,-1.035862153040e-05,-2.363545079315e-07
2503,0.000000000000e+00,-1.159610221506e-05,6.099346330268e-02,2.970465819834e-05,1.683350561600e-02,4.415995768668e-02,-1.134507215914e-05,-2.510300559223e-07
2504,0.000000000000e+00,-1.258975452890e-05,6.097888836278e-02,2.964348942814e-05,1.683767197751e-02,4.414121638527e-02,-1.232401958265e-05,-2.657349462507e-07
2505,0.000000000000e+00,-1.357596601817e-05,6.096434686012e-02,2.958273854945e-05,1.684183022118e-02,4.412251663894e-02,-1.329549745424e-05,-2.804685639290e-07
2506,0.000000000000e+00,-1.455477915633e-05,6.094983869041e-02,2.952238238953e-05,1.684598031891e-02,4.410385837150e-02,-1.425954887796e-05,-2.952302783706e-07
2507,0.000000000000e+00,-1.552624671501e-05,6.093536375345e-02,2.946239238233e-05,1.685012224644e-02,4.408524150701e-02,-1.521622726733e-05,-3.100194476838e-07
2508,0.000000000000e+00,-1.649043168443e-05,6.092092195293e-02,2.940273435493e-05,1.685425598314e-02,4.406666596979e-02,-1.616559625761e-05,-3.248354268170e-07
2509,0.000000000000e+00,-1.744740688710e-05,6.090651319641e-02,2.934336855043e-05,1.685838151191e-02,4.404813168450e-02,-1.710772931196e-05,-3.396775751412e-07
2510,0.000000000000e+00,-1.839725268787e-05,6.089213739519e-02,2.928425116222e-05,1.686249881919e-02,4.402963857600e-02,-1.804270743652e-05,-3.545452513477e-07
2511,0.000000000000e+00,-1.934005845067e-05,6.087779446463e-02,2.922533319050e-05,1.686660789514e-02,4.401118656949e-02,-1.897062062359e-05,-3.694378270828e-07
2512,0.000000000000e+00,-2.027592632761e-05,6.086348432372e-02,2.916655759724e-05,1.687070873329e-02,4.399277559043e-02,-1.989157163934e-05,-3.843546882644e-07
2513,0.000000000000e+00,-2.120495469236e-05,6.084920689721e-02,2.910787144987e-05,1.687480133264e-02,4.397440556458e-02,-2.080565945695e-05,-3.992952354167e-07
2514,0.000000000000e+00,-2.212724505259e-05,6.083496211452e-02,2.904922048117e-05,1.687888569660e-02,4.395607641792e-02,-2.171298617060e-05,-4.142588819968e-07
2515,0.000000000000e+00,-2.304290319325e-05,6.082074990917e-02,2.899054753787e-05,1.688296183251e-02,4.393778807666e-02,-2.261365814590e-05,-4.292450473502e-07
2516,0.000000000000e+00,-2.395203878610e-05,6.080657021892e-02,2.893179356158e-05,1.688702975170e-02,4.391954046722e-02,-2.350778563115e-05,-4.442531549554e-07
2517,0.000000000000e+00,-2.485476644493e-05,6.079242298537e-02,2.887289646318e-05,1.689108946918e-02,4.390133351619e-02,-2.439548381819e-05,-4.592826267371e-07
2518,0.000000000000e+00,-2.575120308284e-05,6.077830815452e-02,2.881379369509e-05,1.689514100419e-02,4.388316715033e-02,-2.527687020326e-05,-4.743328795827e-07
2519,0.000000000000e+00,-2.664147515750e-05,6.076422567594e-02,2.875441775211e-05,1.689918437944e-02,4.386504129651e-02,-2.615207183349e-05,-4.894033240150e-07
2520,0.000000000000e+00,-2.752571573713e-05,6.075017550362e-02,2.869469933749e-05,1.690321962195e-02,4.384695588167e-02,-2.702122237005e-05,-5.044933670756e-07
2521,0.000000000000e+00,-2.840407228725e-05,6.073615759512e-02,2.863456237649e-05,1.690724676233e-02,4.382891083279e-02,-2.788446986821e-05,-5.196024190461e-07
2522,0.000000000000e+00,-2.927670357415e-05,6.072217191202e-02,2.857392666026e-05,1.691126583521e-02,4.381090607681e-02,-2.874197367808e-05,-5.347298960702e-07
2523,0.000000000000e+00,-3.014377794516e-05,6.070821841997e-02,2.851270921479e-05,1.691527687952e-02,4.379294154045e-02,-2.959390272858e-05,-5.498752165835e-07
2524,0.000000000000e+00,-3.100547290119e-05,6.069429708870e-02,2.845082424163e-05,1.691927993834e-02,4.377501715036e-02,-3.044043508540e-05,-5.650378157866e-07
2525,0.000000000000e+00,-3.186196816798e-05,6.068040789101e-02,2.838818773241e-05,1.692327505789e-02,4.375713283312e-02,-3.128175101710e-05,-5.802171508715e-07
2526,0.000000000000e+00,-3.271344510626e-05,6.066655080288e-02,2.832471731719e-05,1.692726228774e-02,4.373928851514e-02,-3.211803244368e-05,-5.954126625772e-07
2527,0.000000000000e+00,-3.356008404946e-05,6.065272580326e-02,2.826033388094e-05,1.693124168047e-02,4.372148412279e-02,-3.294946026192e-05,-6.106237875388e-07
2528,0.000000000000e+00,-3.440206496471e-05,6.063893287384e-02,2.819496076292e-05,1.693521329137e-02,4.370371958247e-02,-3.377621501466e-05,-6.258499500493e-07
2529,0.000000000000e+00,-3.523956470622e-05,6.062517199875e-02,2.812852547418e-05,1.693917717798e-02,4.368599482076e-02,-3.459847416076e-05,-6.410905454570e-07
2530,0.000000000000e+00,-3.607275822479e-05,6.061144316396e-02,2.806095841926e-05,1.694313339982e-02,4.366830976414e-02,-3.541641324317e-05,-6.563449816217e-07
2531,0.000000000000e+00,-3.690181501358e-05,6.059774635790e-02,2.799219510258e-05,1.694708201862e-02,4.365066433928e-02,-3.623020235904e-05,-6.716126545359e-07
2532,0.000000000000e+00,-3.772694740854e-05,6.058408157140e-02,2.792216660741e-05,1.695102309831e-02,4.363305847308e-02,-3.704005444866e-05,-6.868929598824e-07
2533,0.000000000000e+00,-3.854832311690e-05,6.057044879433e-02,2.785080874708e-05,1.695495670169e-02,4.361549209264e-02,-3.784613781094e-05,-7.021853059637e-07
2534,0.000000000000e+00,-3.936611533736e-05,6.055684801692e-02,2.777805289982e-05,1.695888289167e-02,4.359796512525e-02,-3.864862621275e-05,-7.174891246131e-07
2535,0.000000000000e+00,-4.018050216371e-05,6.054327923027e-02,2.770382965304e-05,1.696280173201e-02,4.358047749827e-02,-3.944769829445e-05,-7.328038692639e-07
2536,0.000000000000e+00,-4.099166272117e-05,6.052974242645e-02,2.762806924070e-05,1.696671328720e-02,4.356302913925e-02,-4.024353371912e-05,-7.481290020513e-07
2537,0.000000000000e+00,-4.179978439487e-05,6.051623759800e-02,2.755069658578e-05,1.697061762219e-02,4.354561997581e-02,-4.103632040775e-05,-7.634639871230e-07
2538,0.000000000000e+00,-4.260505450508e-05,6.050276473857e-02,2.747163726348e-05,1.697451480311e-02,4.352824993546e-02,-4.182624622975e-05,-7.788082753224e-07
2539,0.000000000000e+00,-4.340765758547e-05,6.048932384259e-02,2.739081819190e-05,1.697840489690e-02,4.351091894569e-02,-4.261349626947e-05,-7.941613160041e-07
2540,0.000000000000e+00,-4.420777480340e-05,6.047591490265e-02,2.730816796874e-05,1.698228796876e-02,4.349362693389e-02,-4.339825225094e-05,-8.095225524597e-07
2541,0.000000000000e+00,-4.500559051073e-05,6.046253791641e-02,2.722361175555e-05,1.698616408910e-02,4.347637382731e-02,-4.418069909520e-05,-8.248914155286e-07
2542,0.000000000000e+00,-4.580127070090e-05,6.044919288069e-02,2.713708739247e-05,1.699003332754e-02,4.345915955315e-02,-4.496100338316e-05,-8.402673177350e-07
2543,0.000000000000e+00,-4.659497315596e-05,6.043587979236e-02,2.704853861831e-05,1.699389575387e-02,4.344198403849e-02,-4.573932349863e-05,-8.556496573216e-07
2544,0.000000000000e+00,-4.738684987013e-05,6.042259864937e-02,2.695791417639e-05,1.699775143902e-02,4.342484721036e-02,-4.651581205292e-05,-8.710378172033e-07
2545,0.000000000000e+00,-4.817705262821e-05,6.040934945025e-02,2.686516467013e-05,1.700160045443e-02,4.340774899582e-02,-4.729062144965e-05,-8.864311785606e-07
2546,0.000000000000e+00,-4.896573261997e-05,6.039613219423e-02,2.677024322427e-05,1.700544287246e-02,4.339068932177e-02,-4.806390352313e-05,-9.018290968404e-07
2547,0.000000000000e+00,-4.975304120101e-05,6.038294688120e-02,2.667310496639e-05,1.700927876619e-02,4.337366811501e-02,-4.883581027873e-05,-9.172309222774e-07
2548,0.000000000000e+00,-5.053913229102e-05,6.036979351128e-02,2.657370508792e-05,1.701310820897e-02,4.335668530231e-02,-4.960649628463e-05,-9.326360063916e-07
2549,0.000000000000e+00,-5.132416264360e-05,6.035667208446e-02,2.647199855295e-05,1.701693127401e-02,4.333974081045e-02,-5.037611894693e-05,-9.480436966719e-07
2550,0.000000000000e+00,-5.210829086502e-05,6.034358260025e-02,2.636794089000e-05,1.702074803409e-02,4.332283456616e-02,-5.114483753288e-05,-9.634533321358e-07
2551,0.000000000000e+00,-5.289167460269e-05,6.033052505774e-02,2.626149015397e-05,1.702455856164e-02,4.330596649609e-02,-5.191281020908e-05,-9.788643936066e-07
2552,0.000000000000e+00,-5.367448067690e-05,6.031749945454e-02,2.615260069070e-05,1.702836292803e-02,4.328913652651e-02,-5.268020452928e-05,-9.942761476146e-07
2553,0.000000000000e+00,-5.445687379980e-05,6.030450578751e-02,2.604123087584e-05,1.703216120386e-02,4.327234458365e-02,-5.344718583031e-05,-1.009687969493e-06
2554,0.000000000000e+00,-5.523901334733e-05,6.029154405269e-02,2.592734514494e-05,1.703595345898e-02,4.325559059371e-02,-5.421391410951e-05,-1.025099237825e-06
2555,0.000000000000e+00,-5.602104592922e-05,6.027861424318e-02,2.581091865639e-05,1.703973976038e-02,4.323887448279e-02,-5.498053657776e-05,-1.040509351458e-06
2556,0.000000000000e+00,-5.680312515203e-05,6.026571635185e-02,2.569192167307e-05,1.704352017499e-02,4.322219617686e-02,-5.574720743690e-05,-1.055917715132e-06
2557,0.000000000000e+00,-5.758539735535e-05,6.025285036935e-02,2.557032940743e-05,1.704729476751e-02,4.320555560185e-02,-5.651407362195e-05,-1.071323733404e-06
2558,0.000000000000e+00,-5.836800530587e-05,6.024001628355e-02,2.544611891079e-05,1.705106359982e-02,4.318895268373e-02,-5.728127850363e-05,-1.086726802237e-06
2559,0.000000000000e+00,-5.915108780940e-05,6.022721408095e-02,2.531926951995e-05,1.705482673263e-02,4.317238734832e-02,-5.804896149508e-05,-1.102126314316e-06
2560,0.000000000000e+00,-5.993477867209e-05,6.021444374657e-02,2.518976372186e-05,1.705858422507e-02,4.315585952149e-02,-5.881725708165e-05,-1.117521590439e-06
2561,0.000000000000e+00,-6.071920919169e-05,6.020170526396e-02,2.505758549073e-05,1.706233613483e-02,4.313936912913e-02,-5.958629733674e-05,-1.132911854951e-06
2562,0.000000000000e+00,-6.150450758552e-05,6.018899861494e-02,2.492272056008e-05,1.706608251786e-02,4.312291609708e-02,-6.035621137024e-05,-1.148296215283e-06
2563,0.000000000000e+00,-6.229079889766e-05,6.017632377924e-02,2.478515610695e-05,1.706982342805e-02,4.310650035119e-02,-6.112712521239e-05,-1.163673685268e-06
2564,0.000000000000e+00,-6.307820372826e-05,6.016368073404e-02,2.464488132162e-05,1.707355891687e-02,4.309012181717e-02,-6.189916050567e-05,-1.179043222595e-06
2565,0.000000000000e+00,-6.386683221123e-05,6.015106945320e-02,2.450189170538e-05,1.707728903251e-02,4.307378042069e-02,-6.267242841243e-05,-1.194403798805e-06
2566,0.000000000000e+00,-6.465678826906e-05,6.013848990765e-02,2.435618622876e-05,1.708101382028e-02,4.305747608736e-02,-6.344703380487e-05,-1.209754464195e-06
2567,0.000000000000e+00,-6.544817977876e-05,6.012594206701e-02,2.420776035986e-05,1.708473332418e-02,4.304120874283e-02,-6.422308539886e-05,-1.225094379905e-06
2568,0.000000000000e+00,-6.624111011689e-05,6.011342589856e-02,2.405661286911e-05,1.708844758586e-02,4.302497831270e-02,-6.500068728255e-05,-1.240422834345e-06
2569,0.000000000000e+00,-6.703567975483e-05,6.010094136766e-02,2.390274491099e-05,1.709215664503e-02,4.300878472263e-02,-6.577994052051e-05,-1.255739234318e-06
2570,0.000000000000e+00,-6.783198928315e-05,6.008848843825e-02,2.374615751483e-05,1.709586053997e-02,4.299262789828e-02,-6.656094620300e-05,-1.271043080147e-06
2571,0.000000000000e+00,-6.863014282174e-05,6.007606707338e-02,2.358684855773e-05,1.709955930807e-02,4.297650776531e-02,-6.734380888238e-05,-1.286333939368e-06
2572,0.000000000000e+00,-6.943022885053e-05,6.006367723270e-02,2.342482630033e-05,1.710325298329e-02,4.296042424941e-02,-6.812861743052e-05,-1.301611420006e-06
2573,0.000000000000e+00,-7.023233117397e-05,6.005131887411e-02,2.326010079511e-05,1.710694159800e-02,4.294437727611e-02,-6.891545604837e-05,-1.316875125597e-06
2574,0.000000000000e+00,-7.103652681882e-05,6.003899195403e-02,2.309268531947e-05,1.711062518304e-02,4.292836677099e-02,-6.970440215984e-05,-1.332124658986e-06
2575,0.000000000000e+00,-7.184288687645e-05,6.002669642723e-02,2.292259646539e-05,1.711430376755e-02,4.291239265968e-02,-7.049552726610e-05,-1.347359610351e-06
2576,0.000000000000e+00,-7.265147345995e-05,6.001443224664e-02,2.274985681417e-05,1.711797737882e-02,4.289645486782e-02,-7.128889390523e-05,-1.362579554721e-06
2577,0.000000000000e+00,-7.346233705866e-05,6.000219936303e-02,2.257449641092e-05,1.712164604189e-02,4.288055332114e-02,-7.208455300495e-05,-1.377784053709e-06
2578,0.000000000000e+00,-7.427553190598e-05,5.998999772680e-02,2.239654132154e-05,1.712530978136e-02,4.286468794544e-02,-7.288255924023e-05,-1.392972665744e-06
2579,0.000000000000e+00,-7.509111280427e-05,5.997782728552e-02,2.221602153766e-05,1.712896861894e-02,4.284885866658e-02,-7.368296785604e-05,-1.408144948232e-06
2580,0.000000000000e+00,-7.590915365110e-05,5.996568798213e-02,2.203297159718e-05,1.713262257156e-02,4.283306541057e-02,-7.448585320294e-05,-1.423300448163e-06
2581,0.000000000000e+00,-7.672969718142e-05,5.995357976240e-02,2.184741583904e-05,1.713627165875e-02,4.281730810364e-02,-7.529125845460e-05,-1.438438726822e-06
2582,0.000000000000e+00,-7.755276680715e-05,5.994150256961e-02,2.165939225524e-05,1.713991589734e-02,4.280158667227e-02,-7.609920749405e-05,-1.453559313103e-06
2583,0.000000000000e+00,-7.837840117193e-05,5.992945634275e-02,2.146892972785e-05,1.714355529961e-02,4.278590104313e-02,-7.690973947008e-05,-1.468661701846e-06
2584,0.000000000000e+00,-7.920664028137e-05,5.991744101914e-02,2.127605485316e-05,1.714718987586e-02,4.277025114328e-02,-7.772289490124e-05,-1.483745380135e-06
2585,0.000000000000e+00,-8.003752408979e-05,5.990545653421e-02,2.108079385895e-05,1.715081963435e-02,4.275463689986e-02,-7.853871426328e-05,-1.498809826514e-06
2586,0.000000000000e+00,-8.087109205069e-05,5.989350282120e-02,2.088317199369e-05,1.715444458097e-02,4.273905824023e-02,-7.935723748839e-05,-1.513854562294e-06
2587,0.000000000000e+00,-8.170738170646e-05,5.988157981096e-02,2.068321372026e-05,1.715806471910e-02,4.272351509185e-02,-8.017850255454e-05,-1.528879151923e-06
2588,0.000000000000e+00,-8.254643075055e-05,5.986968743151e-02,2.048094084684e-05,1.716168004949e-02,4.270800738202e-02,-8.100254751886e-05,-1.543883231689e-06
2589,0.000000000000e+00,-8.338827271388e-05,5.985782560834e-02,2.027637610361e-05,1.716529057039e-02,4.269253503795e-02,-8.182940624168e-05,-1.558866472191e-06
2590,0.000000000000e+00,-8.423293560718e-05,5.984599426442e-02,2.006954486998e-05,1.716889627768e-02,4.267709798673e-02,-8.265910708383e-05,-1.573828523351e-06
2591,0.000000000000e+00,-8.508044315093e-05,5.983419332075e-02,1.986047542312e-05,1.717249716541e-02,4.266169615534e-02,-8.349167413671e-05,-1.588769014218e-06
2592,0.000000000000e+00,-8.593081081083e-05,5.982242269707e-02,1.964920267652e-05,1.717609322678e-02,4.264632947029e-02,-8.432712308040e-05,-1.603687730426e-06
2593,0.000000000000e+00,-8.678405692436e-05,5.981068231048e-02,1.943575983422e-05,1.717968445240e-02,4.263099785808e-02,-8.516547260778e-05,-1.618584316573e-06
2594,0.000000000000e+00,-8.764019262897e-05,5.979897207671e-02,1.922018536013e-05,1.718327083146e-02,4.261570124525e-02,-8.600673420273e-05,-1.633458426248e-06
2595,0.000000000000e+00,-8.849922100984e-05,5.978729190990e-02,1.900252260860e-05,1.718685235152e-02,4.260043955838e-02,-8.685091132285e-05,-1.648309686990e-06
2596,0.000000000000e+00,-8.936114074070e-05,5.977564172325e-02,1.878281624602e-05,1.719042899859e-02,4.258521272466e-02,-8.769800244146e-05,-1.663138299235e-06
2597,0.000000000000e+00,-9.022594617519e-05,5.976402142648e-02,1.856111196235e-05,1.719400075548e-02,4.257002067100e-02,-8.854800328106e-05,-1.677942894129e-06
2598,0.000000000000e+00,-9.109362265877e-05,5.975243092762e-02,1.833745992461e-05,1.719756760311e-02,4.255486332451e-02,-8.940089910200e-05,-1.692723556768e-06
2599,0.000000000000e+00,-9.196414757236e-05,5.974087013449e-02,1.811191444795e-05,1.720112952150e-02,4.253974061300e-02,-9.025666790247e-05,-1.707479669891e-06
2600,0.000000000000e+00,-9.283749271951e-05,5.972933895424e-02,1.788453249396e-05,1.720468648981e-02,4.252465246444e-02,-9.111528191758e-05,-1.722210801935e-06
2600,0.000000000000e+00,-9.371362477357e-05,5.971783729380e-02,1.765537325701e-05,1.720823848656e-02,4.250959880724e-02,-9.197670829456e-05,-1.736916479014e-06
