step,physical_time,inner_iter,cfl,dt,rho,rhou,rhov,rhoE,residual_l2,residual_linf
1,0.000000000000e+00,3,1.000000000000e+00,1.499366062222e-08,8.094051337307e-01,3.674668594494e+02,2.060054586132e+01,9.032858310523e+01,3.789672589365e+02,2.265898439824e+07
2,0.000000000000e+00,3,1.000921458319e+00,1.500443850167e-08,7.480090871301e-01,2.681607232689e+02,7.503291311329e+00,8.670371306669e+01,2.819300733546e+02,2.073060789626e+07
3,0.000000000000e+00,3,1.001843765724e+00,1.501550217617e-08,6.765559714725e-01,1.996877172350e+02,3.365702498409e+00,7.944669468778e+01,2.149389387539e+02,1.792566292000e+07
4,0.000000000000e+00,3,1.002766922997e+00,1.502677341311e-08,6.138261089042e-01,1.521227003715e+02,3.608249154160e+00,7.053135860188e+01,1.677181706286e+02,1.528575528911e+07
5,0.000000000000e+00,3,1.003690930920e+00,1.503822753273e-08,5.623660010110e-01,1.188264557722e+02,3.783735062469e+00,6.292449927228e+01,1.345133900643e+02,1.306478229284e+07
6,0.000000000000e+00,3,1.004615790278e+00,1.504983059185e-08,5.206984366817e-01,9.528601698730e+01,3.508424773523e+00,5.719150938955e+01,1.111884614104e+02,1.135523912332e+07
7,0.000000000000e+00,3,1.005541501856e+00,1.506159834533e-08,4.864086191153e-01,7.842076412146e+01,3.035939556569e+00,5.288885257697e+01,9.463878958777e+01,1.021434316914e+07
8,0.000000000000e+00,3,1.006468066438e+00,1.507352543633e-08,4.574057726344e-01,6.611576479387e+01,2.519474635264e+00,4.954092721723e+01,8.265684966353e+01,9.374291272145e+06
9,0.000000000000e+00,3,1.007395484811e+00,1.508557561746e-08,4.339786416664e-01,5.693351311775e+01,2.070656214443e+00,4.695898992866e+01,7.383121024112e+01,8.691096730101e+06
10,0.000000000000e+00,3,1.008323757762e+00,1.509771328525e-08,4.145904934061e-01,4.991252744349e+01,1.710099231888e+00,4.485272775307e+01,6.712766871677e+01,8.120505753839e+06
11,0.000000000000e+00,3,1.009252886077e+00,1.510993959387e-08,3.980325558139e-01,4.440911928056e+01,1.427816144312e+00,4.306123190354e+01,6.187597803012e+01,7.634836813250e+06
12,0.000000000000e+00,3,1.010182870545e+00,1.512224521956e-08,3.836006878174e-01,3.999137172151e+01,1.213105549837e+00,4.149935127529e+01,5.764655013963e+01,7.217931244795e+06
13,0.000000000000e+00,3,1.011113711955e+00,1.513462514374e-08,3.708151993174e-01,3.636760539474e+01,1.051481748721e+00,4.011680628446e+01,5.415906190466e+01,6.855480916041e+06
14,0.000000000000e+00,3,1.012045411097e+00,1.514707211668e-08,3.593261429004e-01,3.333866315120e+01,9.289593535824e-01,3.887535654047e+01,5.122257205194e+01,6.536974201745e+06
15,0.000000000000e+00,3,1.012977968760e+00,1.515958408368e-08,3.488638378670e-01,3.076605646223e+01,8.334988483651e-01,3.774855232214e+01,4.870646629517e+01,6.254549019127e+06
16,0.000000000000e+00,3,1.013911385737e+00,1.517215807820e-08,3.391979075190e-01,2.855122413486e+01,7.563867276295e-01,3.671394027744e+01,4.651637331517e+01,6.002129644712e+06
17,0.000000000000e+00,3,1.014845662818e+00,1.518479000865e-08,3.301476956868e-01,2.662226315986e+01,6.962279494767e-01,3.576068595681e+01,4.458884711128e+01,5.774939362260e+06
18,0.000000000000e+00,3,1.015780800797e+00,1.519747014504e-08,3.217160522419e-01,2.492575488812e+01,6.449367911928e-01,3.487422144127e+01,4.287218238626e+01,5.569164043572e+06
19,0.000000000000e+00,3,1.016716800466e+00,1.521020466157e-08,3.138674677285e-01,2.342105424147e+01,6.010291145252e-01,3.405207570516e+01,4.133460282132e+01,5.381714637767e+06
20,0.000000000000e+00,3,1.017653662621e+00,1.522299218808e-08,3.065327730373e-01,2.207678353930e+01,5.629398957049e-01,3.328687663132e+01,3.994760807579e+01,5.210054986071e+06
21,0.000000000000e+00,3,1.018591388054e+00,1.523583007633e-08,2.996414849587e-01,2.086825838532e+01,5.290646020071e-01,3.257018239958e+01,3.868682830048e+01,5.052073938150e+06
22,0.000000000000e+00,3,1.019529977563e+00,1.524871576146e-08,2.931483019551e-01,1.977563807963e+01,4.990729296973e-01,3.189642725049e+01,3.753389058595e+01,4.905987756458e+06
23,0.000000000000e+00,3,1.020469431942e+00,1.526164708780e-08,2.870043760210e-01,1.878287329895e+01,4.723343915662e-01,3.126050985896e+01,3.647356957162e+01,4.770219593363e+06
24,0.000000000000e+00,3,1.021409751990e+00,1.527462276378e-08,2.811795079220e-01,1.787678853981e+01,4.486019262288e-01,3.065893450663e+01,3.549408597475e+01,4.643365862334e+06
25,0.000000000000e+00,3,1.022350938503e+00,1.528764156979e-08,2.756429637012e-01,1.704648281970e+01,4.274156406569e-01,3.008831378860e+01,3.458537069827e+01,4.524284409695e+06
26,0.000000000000e+00,3,1.023292992281e+00,1.530070302801e-08,2.703644458562e-01,1.628284284355e+01,4.083336706418e-01,2.954528071782e+01,3.373861907493e+01,4.411894557896e+06
27,0.000000000000e+00,3,1.024235914122e+00,1.531380745941e-08,2.653321430320e-01,1.557819495859e+01,3.909034099317e-01,2.902911853760e+01,3.294833968290e+01,4.306490419446e+06
28,0.000000000000e+00,3,1.025179704826e+00,1.532695624303e-08,2.605629244423e-01,1.492599125575e+01,3.753499586636e-01,2.854504150922e+01,3.221511121134e+01,4.206646000289e+06
29,0.000000000000e+00,3,1.026124365193e+00,1.534015169396e-08,2.559990665282e-01,1.432056162911e+01,3.615661809402e-01,2.808333437869e+01,3.152694753419e+01,4.112891347157e+06
30,0.000000000000e+00,3,1.027069896026e+00,1.535339741877e-08,2.516176134578e-01,1.375710610286e+01,3.488054704618e-01,2.764060664715e+01,3.087792222329e+01,4.036885552259e+06
31,0.000000000000e+00,3,1.028016298126e+00,1.536668450815e-08,2.474011540019e-01,1.323141833396e+01,3.371053873838e-01,2.721467887163e+01,3.026357587244e+01,3.966305126056e+06
32,0.000000000000e+00,3,1.028963572297e+00,1.538000062297e-08,2.433386212667e-01,1.273985250660e+01,3.263575847748e-01,2.680439736567e+01,2.968072241345e+01,3.900065717557e+06
33,0.000000000000e+00,3,1.029911719341e+00,1.539334608150e-08,2.394165256810e-01,1.227924462914e+01,3.162834218942e-01,2.640839342457e+01,2.912628447648e+01,3.837168246555e+06
34,0.000000000000e+00,3,1.030860740063e+00,1.540671541669e-08,2.356248181773e-01,1.184678398908e+01,3.068494549584e-01,2.602556231403e+01,2.859765480399e+01,3.777222968051e+06
35,0.000000000000e+00,3,1.031810635268e+00,1.542009946354e-08,2.319525672450e-01,1.143998414003e+01,2.981125315607e-01,2.565457028560e+01,2.809222110724e+01,3.720007787048e+06
36,0.000000000000e+00,3,1.032761405761e+00,1.543350258608e-08,2.283923031026e-01,1.105665606706e+01,2.900122890837e-01,2.529461895411e+01,2.760803617773e+01,3.665354341091e+06
37,0.000000000000e+00,3,1.033713052351e+00,1.544692662162e-08,2.249411969808e-01,1.069487740447e+01,2.823830476752e-01,2.494595323666e+01,2.714426871938e+01,3.613109000795e+06
38,0.000000000000e+00,3,1.034665575842e+00,1.546037351654e-08,2.215943551420e-01,1.035290115610e+01,2.751709539454e-01,2.460795173875e+01,2.669941336877e+01,3.563121758210e+06
39,0.000000000000e+00,3,1.035618977045e+00,1.547384441167e-08,2.183475028707e-01,1.002915982050e+01,2.684257184715e-01,2.428025279648e+01,2.627231338433e+01,3.515233476564e+06
40,0.000000000000e+00,3,1.036573256767e+00,1.548733980573e-08,2.151979772921e-01,9.722215823480e+00,2.624624402343e-01,2.396276017217e+01,2.586214516024e+01,3.469306227237e+06
41,0.000000000000e+00,3,1.037528415818e+00,1.550085948725e-08,2.121390811796e-01,9.430854166589e+00,2.568959633015e-01,2.365465609708e+01,2.546752370978e+01,3.425234040874e+06
42,0.000000000000e+00,3,1.038484455008e+00,1.551440331195e-08,2.091654969463e-01,9.153947540446e+00,2.516177403313e-01,2.335534051737e+01,2.508732245473e+01,3.382914583743e+06
43,0.000000000000e+00,3,1.039441375149e+00,1.552797083511e-08,2.062718603151e-01,8.890470094233e+00,2.465910827484e-01,2.306423168074e+01,2.472048941185e+01,3.342263576914e+06
44,0.000000000000e+00,3,1.040399177051e+00,1.554156191404e-08,2.034530247282e-01,8.639491359788e+00,2.417966994619e-01,2.278077053237e+01,2.436604555076e+01,3.303183891125e+06
45,0.000000000000e+00,3,1.041357861528e+00,1.555517637224e-08,2.007057301413e-01,8.400161625175e+00,2.372061541510e-01,2.250460693773e+01,2.402325120171e+01,3.265582044450e+06
46,0.000000000000e+00,3,1.042317429393e+00,1.556881394407e-08,1.980275093471e-01,8.171704138242e+00,2.328044059705e-01,2.223552652216e+01,2.369153437468e+01,3.229390415602e+06
47,0.000000000000e+00,3,1.043277881460e+00,1.558247430214e-08,1.954162743925e-01,7.953411877558e+00,2.285671730387e-01,2.197340592028e+01,2.337044626669e+01,3.194528781996e+06
48,0.000000000000e+00,3,1.044239218543e+00,1.559615715476e-08,1.928703421902e-01,7.744633090348e+00,2.245037333839e-01,2.171803723335e+01,2.305949010426e+01,3.160911389740e+06
49,0.000000000000e+00,3,1.045201441458e+00,1.560986220837e-08,1.903962448566e-01,7.544780833376e+00,2.205782333098e-01,2.147033145108e+01,2.275925648895e+01,3.128447840632e+06
50,0.000000000000e+00,3,1.046164551022e+00,1.562358917610e-08,1.879798119579e-01,7.353295556498e+00,2.168359629672e-01,2.122849135633e+01,2.246780263069e+01,3.097061946680e+06
51,0.000000000000e+00,3,1.047128548051e+00,1.563733777875e-08,1.856181614260e-01,7.169658620410e+00,2.133789605489e-01,2.099213436464e+01,2.218453728611e+01,3.066682971405e+06
52,0.000000000000e+00,3,1.048093433363e+00,1.565110774801e-08,1.833065691388e-01,6.993427105777e+00,2.101012328189e-01,2.076072610896e+01,2.190875430237e+01,3.037239704376e+06
53,0.000000000000e+00,3,1.049059207776e+00,1.566489882377e-08,1.810411024659e-01,6.824175384935e+00,2.069842122744e-01,2.053379165461e+01,2.163981487315e+01,3.008654174769e+06
54,0.000000000000e+00,3,1.050025872111e+00,1.567871075018e-08,1.788230144397e-01,6.661513022763e+00,2.040091611717e-01,2.031156172582e+01,2.137776632164e+01,2.980834012145e+06
55,0.000000000000e+00,3,1.050993427186e+00,1.569254327492e-08,1.766489620958e-01,6.505076455257e+00,2.011539104482e-01,2.009361488613e+01,2.112205119377e+01,2.945976069838e+06
56,0.000000000000e+00,3,1.051961873823e+00,1.570639625391e-08,1.745174550416e-01,6.354521924352e+00,1.984152572619e-01,1.987980292545e+01,2.087238218791e+01,2.908967406147e+06
57,0.000000000000e+00,3,1.052931212843e+00,1.572027099116e-08,1.724268801745e-01,6.209532560667e+00,1.957873960677e-01,1.966997233964e+01,2.062847959006e+01,2.874807145015e+06
58,0.000000000000e+00,3,1.053901445069e+00,1.573416565211e-08,1.703760407299e-01,6.069813281459e+00,1.932669426280e-01,1.946397298342e+01,2.039007743186e+01,2.842794584283e+06
59,0.000000000000e+00,3,1.054872571323e+00,1.574807998229e-08,1.683703684571e-01,5.935091009850e+00,1.908628027862e-01,1.926248550016e+01,2.015771391129e+01,2.812641744750e+06
60,0.000000000000e+00,3,1.055844592430e+00,1.576201378778e-08,1.664064854420e-01,5.805102443826e+00,1.885890152433e-01,1.906517449306e+01,1.993096459706e+01,2.784076778900e+06
61,0.000000000000e+00,3,1.056817509214e+00,1.577596683560e-08,1.644793729018e-01,5.679613672690e+00,1.864230492966e-01,1.887146183051e+01,1.970918288790e+01,2.756870590398e+06
62,0.000000000000e+00,3,1.057791322500e+00,1.578993894284e-08,1.625860086007e-01,5.558412006426e+00,1.843295324264e-01,1.868102665301e+01,1.949197559074e+01,2.730846761750e+06
63,0.000000000000e+00,3,1.058766033114e+00,1.580392993515e-08,1.607228534021e-01,5.441288908014e+00,1.823158698097e-01,1.849344132062e+01,1.927885027100e+01,2.705859052546e+06
64,0.000000000000e+00,3,1.059741641883e+00,1.581793964691e-08,1.588840914313e-01,5.328038856994e+00,1.804513465392e-01,1.830747389716e+01,1.906854492089e+01,2.681791909397e+06
65,0.000000000000e+00,3,1.060718149635e+00,1.583196791712e-08,1.570766928301e-01,5.218490677806e+00,1.786641184774e-01,1.812459319845e+01,1.886239956947e+01,2.658551917349e+06
66,0.000000000000e+00,3,1.061695557199e+00,1.584601459083e-08,1.553019161175e-01,5.112473796846e+00,1.769362759680e-01,1.794501634020e+01,1.866055800088e+01,2.636059306192e+06
67,0.000000000000e+00,3,1.062673865402e+00,1.586007951847e-08,1.535583830109e-01,5.009826208066e+00,1.752631194556e-01,1.776856294491e+01,1.846278649338e+01,2.614244555669e+06
68,0.000000000000e+00,3,1.063653075076e+00,1.587416255749e-08,1.518465623866e-01,4.910395064221e+00,1.736458220461e-01,1.759526858319e+01,1.826906309725e+01,2.592655029190e+06
69,0.000000000000e+00,3,1.064633187051e+00,1.588826357891e-08,1.501666811519e-01,4.814034471499e+00,1.720850825685e-01,1.742515275417e+01,1.807935396265e+01,2.571010272868e+06
70,0.000000000000e+00,3,1.065614202159e+00,1.590238245822e-08,1.485189013279e-01,4.720608500245e+00,1.705812733005e-01,1.725825934027e+01,1.789365295023e+01,2.549880788835e+06
71,0.000000000000e+00,3,1.066596121230e+00,1.591651906628e-08,1.468998859599e-01,4.629994685310e+00,1.691175776152e-01,1.709427443845e+01,1.771161341309e+01,2.529460234762e+06
72,0.000000000000e+00,3,1.067578945099e+00,1.593067327815e-08,1.453090204141e-01,4.542074737536e+00,1.677018160527e-01,1.693314000800e+01,1.753313754188e+01,2.509720500810e+06
73,0.000000000000e+00,3,1.068562674600e+00,1.594484497288e-08,1.437448318272e-01,4.456736417605e+00,1.663322439282e-01,1.677467665346e+01,1.735801271217e+01,2.490615980020e+06
74,0.000000000000e+00,3,1.069547310566e+00,1.595903403365e-08,1.422066456603e-01,4.373873585327e+00,1.650079107373e-01,1.661881924047e+01,1.718613899131e+01,2.472095697059e+06
75,0.000000000000e+00,3,1.070532853833e+00,1.597324034744e-08,1.406935589289e-01,4.293384678492e+00,1.637241140543e-01,1.646545077876e+01,1.701736823390e+01,2.454110809877e+06
76,0.000000000000e+00,3,1.071519305238e+00,1.598746380495e-08,1.392058549716e-01,4.215172803823e+00,1.624800082231e-01,1.631459408873e+01,1.685168953159e+01,2.436617706753e+06
77,0.000000000000e+00,3,1.072506665616e+00,1.600170430053e-08,1.377437733241e-01,4.139146752315e+00,1.612734421941e-01,1.616626591801e+01,1.668908841247e+01,2.419578026280e+06
78,0.000000000000e+00,3,1.073494935805e+00,1.601596173997e-08,1.363065333472e-01,4.065218535610e+00,1.601022251632e-01,1.602037118295e+01,1.652944363176e+01,2.402958465600e+06
79,0.000000000000e+00,3,1.074484116645e+00,1.603023603955e-08,1.348931236523e-01,3.993305177202e+00,1.589719113258e-01,1.587674020250e+01,1.637256344985e+01,2.386730311561e+06
80,0.000000000000e+00,3,1.075474208973e+00,1.604452710309e-08,1.335019174488e-01,3.923329582619e+00,1.578910167273e-01,1.573514528648e+01,1.621820164308e+01,2.370869192949e+06
81,0.000000000000e+00,3,1.076465213630e+00,1.605883483732e-08,1.321338871110e-01,3.855220148497e+00,1.568572197918e-01,1.559577607556e+01,1.606651851970e+01,2.355352517010e+06
82,0.000000000000e+00,3,1.077457131456e+00,1.607315915182e-08,1.307889316772e-01,3.788907565109e+00,1.558672544444e-01,1.545863685695e+01,1.591749585700e+01,2.340148924452e+06
83,0.000000000000e+00,3,1.078449963294e+00,1.608749995911e-08,1.294669869698e-01,3.724325619859e+00,1.549109386234e-01,1.532372728934e+01,1.577111215040e+01,2.325191899307e+06
84,0.000000000000e+00,3,1.079443709984e+00,1.610185717365e-08,1.281663895699e-01,3.661409154069e+00,1.540017007408e-01,1.519089356691e+01,1.562719768551e+01,2.310421963231e+06
85,0.000000000000e+00,3,1.080438372371e+00,1.611623071056e-08,1.268870647575e-01,3.600100882763e+00,1.531251036169e-01,1.506012880478e+01,1.548572741615e+01,2.295872038283e+06
86,0.000000000000e+00,3,1.081433951298e+00,1.613062048924e-08,1.256288919098e-01,3.540343929840e+00,1.522739401438e-01,1.493142463264e+01,1.534667542737e+01,2.281595684127e+06
87,0.000000000000e+00,3,1.082430447609e+00,1.614502643438e-08,1.243912350329e-01,3.482082820177e+00,1.514452478666e-01,1.480471117691e+01,1.520995669424e+01,2.267627973528e+06
88,0.000000000000e+00,3,1.083427862150e+00,1.615944847197e-08,1.231743972479e-01,3.425264786996e+00,1.506381678530e-01,1.468002557665e+01,1.507559131782e+01,2.253974547906e+06
89,0.000000000000e+00,3,1.084426195767e+00,1.617388652967e-08,1.219779825785e-01,3.369839650827e+00,1.498512078290e-01,1.455732405014e+01,1.494352156575e+01,2.240628786803e+06
90,0.000000000000e+00,3,1.085425449307e+00,1.618834053738e-08,1.208014514274e-01,3.315760327952e+00,1.490855858719e-01,1.443654818363e+01,1.481367643474e+01,2.227579146212e+06
91,0.000000000000e+00,3,1.086425623617e+00,1.620281042740e-08,1.196446613383e-01,3.262981976840e+00,1.483377033881e-01,1.431768361215e+01,1.468602854138e+01,2.214812441318e+06
92,0.000000000000e+00,3,1.087426719546e+00,1.621729613449e-08,1.185072888118e-01,3.211460803876e+00,1.476105933665e-01,1.420068658938e+01,1.456052241403e+01,2.202314583631e+06
93,0.000000000000e+00,3,1.088428737944e+00,1.623179759502e-08,1.173888447308e-01,3.161155954290e+00,1.468998093845e-01,1.408550279737e+01,1.443709304940e+01,2.190071607974e+06
94,0.000000000000e+00,3,1.089431679659e+00,1.624631474730e-08,1.162889845475e-01,3.112028007868e+00,1.462046754319e-01,1.397209355039e+01,1.431569123157e+01,2.178070547965e+06
95,0.000000000000e+00,3,1.090435545544e+00,1.626084753168e-08,1.152079464467e-01,3.064037915313e+00,1.455296576619e-01,1.386048265774e+01,1.419632908903e+01,2.166299742436e+06
96,0.000000000000e+00,3,1.091440336449e+00,1.627539589046e-08,1.141450257225e-01,3.017149509071e+00,1.448732072243e-01,1.375059281996e+01,1.407892081778e+01,2.154747593926e+06
97,0.000000000000e+00,3,1.092446053227e+00,1.628995976771e-08,1.131000163445e-01,2.971327551393e+00,1.442337146898e-01,1.364240839435e+01,1.396344116592e+01,2.143403103658e+06
98,0.000000000000e+00,3,1.093452696731e+00,1.630453910930e-08,1.120722422607e-01,2.926538283079e+00,1.436084905878e-01,1.353584587939e+01,1.384979904472e+01,2.132256070867e+06
99,0.000000000000e+00,3,1.094460267815e+00,1.631913386273e-08,1.110614867289e-01,2.882749294643e+00,1.429961970034e-01,1.343087180947e+01,1.373795267223e+01,2.121297091637e+06
100,0.000000000000e+00,3,1.095468767334e+00,1.633374397716e-08,1.100670093909e-01,2.839929708502e+00,1.423960480195e-01,1.332740982431e+01,1.362781878202e+01,2.110517451875e+06
101,0.000000000000e+00,3,1.096478196143e+00,1.634836940331e-08,1.090891660114e-01,2.798050157750e+00,1.418085205267e-01,1.322550677638e+01,1.351943505772e+01,2.099908989934e+06
102,0.000000000000e+00,3,1.097488555099e+00,1.636301009338e-08,1.081280465438e-01,2.757082265324e+00,1.412349389577e-01,1.312517245937e+01,1.341280334936e+01,2.089464004759e+06
103,0.000000000000e+00,3,1.098499845058e+00,1.637766600103e-08,1.071832257662e-01,2.716998752275e+00,1.406740654290e-01,1.302636071072e+01,1.330787109279e+01,2.079175192673e+06
104,0.000000000000e+00,3,1.099512066879e+00,1.639233708134e-08,1.062542726767e-01,2.677773781152e+00,1.401242582342e-01,1.292903297131e+01,1.320459354825e+01,2.069032851419e+06
105,0.000000000000e+00,3,1.100525221421e+00,1.640702329082e-08,1.053412670959e-01,2.639382153217e+00,1.395853406547e-01,1.283319576494e+01,1.310297037095e+01,2.059022248404e+06
106,0.000000000000e+00,3,1.101539309541e+00,1.642172458728e-08,1.044438403699e-01,2.601799954678e+00,1.390520970436e-01,1.273881155135e+01,1.300295838440e+01,2.049127864761e+06
107,0.000000000000e+00,3,1.102554332102e+00,1.643644093002e-08,1.035617867817e-01,2.565001942174e+00,1.385291508263e-01,1.264585613854e+01,1.290452741519e+01,2.039342257669e+06
108,0.000000000000e+00,3,1.103570289964e+00,1.645117227908e-08,1.026946098955e-01,2.528966950728e+00,1.380126335654e-01,1.255427970919e+01,1.280762298494e+01,2.029666144275e+06
109,0.000000000000e+00,3,1.104587183989e+00,1.646591859601e-08,1.018421952086e-01,2.493673668959e+00,1.375006165676e-01,1.246407042377e+01,1.271222789869e+01,2.020104100431e+06
110,0.000000000000e+00,3,1.105605015039e+00,1.648067984360e-08,1.010046438667e-01,2.459101015990e+00,1.369922190873e-01,1.237523707526e+01,1.261834534644e+01,2.010661226812e+06
111,0.000000000000e+00,3,1.106623783978e+00,1.649545598580e-08,1.001816203828e-01,2.425229004226e+00,1.364868070947e-01,1.228774302408e+01,1.252593427072e+01,2.001341305976e+06
112,0.000000000000e+00,3,1.107643491670e+00,1.651024698775e-08,9.937292197715e-02,2.392038359077e+00,1.359817831041e-01,1.220156664130e+01,1.243496851770e+01,1.992146458265e+06
113,0.000000000000e+00,3,1.108664138980e+00,1.652505281576e-08,9.857853472960e-02,2.359510354777e+00,1.354777856672e-01,1.211670711568e+01,1.234544257609e+01,1.983077418991e+06
114,0.000000000000e+00,3,1.109685726774e+00,1.653987343738e-08,9.779814401935e-02,2.327627033422e+00,1.349741865661e-01,1.203313172117e+01,1.225731981853e+01,1.974133209351e+06
115,0.000000000000e+00,3,1.110708255919e+00,1.655470882136e-08,9.703131149034e-02,2.296371089462e+00,1.344707831134e-01,1.195079226243e+01,1.217054860502e+01,1.965310712232e+06
116,0.000000000000e+00,3,1.111731727282e+00,1.656955893770e-08,9.627780121943e-02,2.265725910830e+00,1.339658943474e-01,1.186966448028e+01,1.208510095338e+01,1.956605057390e+06
117,0.000000000000e+00,3,1.112756141731e+00,1.658442375769e-08,9.553756567149e-02,2.235675274323e+00,1.334590205979e-01,1.178974644805e+01,1.200097095981e+01,1.948010488031e+06
118,0.000000000000e+00,3,1.113781500135e+00,1.659930325397e-08,9.481032911053e-02,2.206203562736e+00,1.329498488582e-01,1.171100775254e+01,1.191812491128e+01,1.939520980999e+06
119,0.000000000000e+00,3,1.114807803364e+00,1.661419740064e-08,9.409590463073e-02,2.177295855832e+00,1.324359675543e-01,1.163343156979e+01,1.183654259729e+01,1.931130589179e+06
120,0.000000000000e+00,3,1.115835052289e+00,1.662910617338e-08,9.339400302068e-02,2.148937443318e+00,1.319169798076e-01,1.155698692988e+01,1.175619001046e+01,1.922839458788e+06
121,0.000000000000e+00,3,1.116863247781e+00,1.664402954979e-08,9.270442875872e-02,2.121114220087e+00,1.313922345066e-01,1.148165318874e+01,1.167704344051e+01,1.914638702273e+06
122,0.000000000000e+00,3,1.117892390712e+00,1.665896756292e-08,9.202689409110e-02,2.093812587318e+00,1.308607632421e-01,1.140739898738e+01,1.159906876851e+01,1.906527275846e+06
123,0.000000000000e+00,3,1.118922481955e+00,1.667392013728e-08,9.136116733539e-02,2.067019370597e+00,1.303217611739e-01,1.133419971955e+01,1.152223862734e+01,1.898498446302e+06
124,0.000000000000e+00,3,1.119953522385e+00,1.668888722381e-08,9.070697187706e-02,2.040721824167e+00,1.297746996784e-01,1.126202365414e+01,1.144651875364e+01,1.890544258741e+06
125,0.000000000000e+00,3,1.120985512875e+00,1.670386899275e-08,9.006400091170e-02,2.014907719989e+00,1.292186499897e-01,1.119083743869e+01,1.137187340252e+01,1.882659147509e+06
126,0.000000000000e+00,3,1.122018454302e+00,1.671886526016e-08,8.943218257219e-02,1.989565074940e+00,1.286526721699e-01,1.112063517579e+01,1.129829392102e+01,1.874838505063e+06
127,0.000000000000e+00,3,1.123052347541e+00,1.673387579887e-08,8.881133024170e-02,1.964682262190e+00,1.280771551452e-01,1.105139599657e+01,1.122575703792e+01,1.867078140885e+06
128,0.000000000000e+00,3,1.124087193470e+00,1.674890059509e-08,8.820126044369e-02,1.940248196537e+00,1.274909627608e-01,1.098310078782e+01,1.115424131833e+01,1.859374073671e+06
129,0.000000000000e+00,3,1.125122992966e+00,1.676393897541e-08,8.760183319270e-02,1.916252013789e+00,1.268936047001e-01,1.091573512772e+01,1.108373002319e+01,1.851722450111e+06
130,0.000000000000e+00,3,1.126159746908e+00,1.677899159011e-08,8.701282526854e-02,1.892682567113e+00,1.262861323770e-01,1.084927343459e+01,1.101419542124e+01,1.844119514217e+06
131,0.000000000000e+00,3,1.127197456176e+00,1.679405855748e-08,8.643405226032e-02,1.869529732841e+00,1.256688830647e-01,1.078369327582e+01,1.094561307568e+01,1.836561596090e+06
132,0.000000000000e+00,3,1.128236121649e+00,1.680913988978e-08,8.586528320728e-02,1.846784140632e+00,1.250400650016e-01,1.071896986594e+01,1.087795635742e+01,1.829045107239e+06
133,0.000000000000e+00,3,1.129275744209e+00,1.682423551614e-08,8.530647674658e-02,1.824436226395e+00,1.243990421431e-01,1.065510215740e+01,1.081122203294e+01,1.821566536852e+06
134,0.000000000000e+00,3,1.130316324739e+00,1.683934536852e-08,8.475732835949e-02,1.802476630085e+00,1.237465335468e-01,1.059205349839e+01,1.074537185601e+01,1.814151139533e+06
135,0.000000000000e+00,3,1.131357864120e+00,1.685446946875e-08,8.421729531698e-02,1.780896400584e+00,1.230820362234e-01,1.052975819322e+01,1.068033900856e+01,1.806800352060e+06
136,0.000000000000e+00,3,1.132400363236e+00,1.686960782356e-08,8.368620114897e-02,1.759686606229e+00,1.224073592399e-01,1.046820598635e+01,1.061611136277e+01,1.799467452412e+06
137,0.000000000000e+00,3,1.133443822971e+00,1.688476043870e-08,8.316386412656e-02,1.738838597127e+00,1.217235142841e-01,1.040738333675e+01,1.055267361511e+01,1.792233765196e+06
138,0.000000000000e+00,3,1.134488244211e+00,1.689992738044e-08,8.265009006981e-02,1.718344108128e+00,1.210302853049e-01,1.034727350513e+01,1.049000737994e+01,1.785050743139e+06
139,0.000000000000e+00,3,1.135533627842e+00,1.691510880126e-08,8.214477394534e-02,1.698195231720e+00,1.203270119669e-01,1.028787012703e+01,1.042810458086e+01,1.778024331106e+06
140,0.000000000000e+00,3,1.136579974750e+00,1.693030445330e-08,8.164764466713e-02,1.678384098567e+00,1.196145066038e-01,1.022914367169e+01,1.036693433019e+01,1.771124477013e+06
141,0.000000000000e+00,3,1.137627285823e+00,1.694551401448e-08,8.115849314032e-02,1.658903167813e+00,1.188923219336e-01,1.017107053308e+01,1.030647163651e+01,1.764207363981e+06
142,0.000000000000e+00,3,1.138675561950e+00,1.696073763931e-08,8.067712330581e-02,1.639745112588e+00,1.181605421991e-01,1.011363251035e+01,1.024669689708e+01,1.757269734814e+06
143,0.000000000000e+00,3,1.139724804020e+00,1.697597542327e-08,8.020344194290e-02,1.620902893572e+00,1.174184908189e-01,1.005682301657e+01,1.018760202751e+01,1.750314099881e+06
144,0.000000000000e+00,3,1.140775012922e+00,1.699122738706e-08,7.973718158765e-02,1.602369454449e+00,1.166670794659e-01,1.000061382577e+01,1.012915761484e+01,1.743341972143e+06
145,0.000000000000e+00,3,1.141826189548e+00,1.700649353240e-08,7.927822025545e-02,1.584138123605e+00,1.159058069586e-01,9.944995073422e+00,1.007135243139e+01,1.736355120637e+06
146,0.000000000000e+00,3,1.142878334790e+00,1.702177385713e-08,7.882636517320e-02,1.566202369491e+00,1.151347728325e-01,9.889945044810e+00,1.001416359280e+01,1.729354741245e+06
147,0.000000000000e+00,3,1.143931449539e+00,1.703706835892e-08,7.838141562182e-02,1.548555810218e+00,1.143542352721e-01,9.835444855194e+00,9.957571045910e+00,1.722340296581e+06
148,0.000000000000e+00,3,1.144985534690e+00,1.705237703630e-08,7.794312779828e-02,1.531192170546e+00,1.135652203351e-01,9.781472069827e+00,9.901551267674e+00,1.715309059436e+06
149,0.000000000000e+00,3,1.146040591137e+00,1.706769988903e-08,7.751132193602e-02,1.514105456610e+00,1.127677057173e-01,9.728010812870e+00,9.846087256852e+00,1.708258595236e+06
150,0.000000000000e+00,3,1.147096619774e+00,1.708303691826e-08,7.708585840889e-02,1.497289785640e+00,1.119617555494e-01,9.675049110077e+00,9.791165898342e+00,1.701186611341e+06
151,0.000000000000e+00,3,1.148153621497e+00,1.709838812665e-08,7.666653013357e-02,1.480739462844e+00,1.111474903121e-01,9.622565410304e+00,9.736764655359e+00,1.694090881997e+06
152,0.000000000000e+00,3,1.149211597203e+00,1.711375351824e-08,7.625315353135e-02,1.464448915634e+00,1.103253228267e-01,9.570544827487e+00,9.682867609428e+00,1.686969235429e+06
153,0.000000000000e+00,3,1.150270547790e+00,1.712913309833e-08,7.584557341708e-02,1.448412471253e+00,1.094956920984e-01,9.518974016795e+00,9.629460362704e+00,1.679819521712e+06
154,0.000000000000e+00,3,1.151330474156e+00,1.714452687277e-08,7.544361682670e-02,1.432624783762e+00,1.086590970403e-01,9.467837991482e+00,9.576526956193e+00,1.672639611255e+06
155,0.000000000000e+00,3,1.152391377199e+00,1.715993484663e-08,7.504716663400e-02,1.417081047270e+00,1.078146495585e-01,9.417125210550e+00,9.524054913827e+00,1.665427399940e+06
156,0.000000000000e+00,3,1.153453257821e+00,1.717535758813e-08,7.465600372671e-02,1.401776312063e+00,1.069631056355e-01,9.366816822803e+00,9.472024537862e+00,1.658183731882e+06
157,0.000000000000e+00,3,1.154516116921e+00,1.719079451864e-08,7.426999970599e-02,1.386705756243e+00,1.061044416308e-01,9.316901370077e+00,9.420423460733e+00,1.650903924532e+06
158,0.000000000000e+00,3,1.155579955402e+00,1.720624538123e-08,7.388899731961e-02,1.371864595152e+00,1.052387597438e-01,9.267365945873e+00,9.369237899778e+00,1.643585896214e+06
159,0.000000000000e+00,3,1.156644774166e+00,1.722171016919e-08,7.351282021095e-02,1.357248293041e+00,1.043667289023e-01,9.218195328869e+00,9.318451834881e+00,1.636227679769e+06
160,0.000000000000e+00,3,1.157710574115e+00,1.723718888182e-08,7.314131685124e-02,1.342852346628e+00,1.034878224826e-01,9.169375142289e+00,9.268050081139e+00,1.628827350935e+06
161,0.000000000000e+00,3,1.158777356155e+00,1.725268152178e-08,7.277438469504e-02,1.328672365830e+00,1.026024593622e-01,9.120903116826e+00,9.218029469359e+00,1.621383031110e+06
162,0.000000000000e+00,3,1.159845121190e+00,1.726818809347e-08,7.241217127454e-02,1.314704214909e+00,1.017096370139e-01,9.072801726676e+00,9.168411351870e+00,1.613892889967e+06
163,0.000000000000e+00,3,1.160913870126e+00,1.728370860220e-08,7.205450562164e-02,1.300943660810e+00,1.008101433164e-01,9.025051794200e+00,9.119175885648e+00,1.606355147785e+06
164,0.000000000000e+00,3,1.161983603870e+00,1.729924305368e-08,7.170147719354e-02,1.287386862465e+00,9.990239659699e-02,8.977655027822e+00,9.070323937044e+00,1.598768078777e+06
165,0.000000000000e+00,3,1.163054323328e+00,1.731479145383e-08,7.135302584049e-02,1.274029921160e+00,9.898556665726e-02,8.930595098002e+00,9.021838528879e+00,1.591130013551e+06
166,0.000000000000e+00,3,1.164126029410e+00,1.733035380863e-08,7.100893178438e-02,1.260868984172e+00,9.806079117041e-02,8.883843902867e+00,8.973691061815e+00,1.583439340922e+06
167,0.000000000000e+00,3,1.165198723025e+00,1.734593012410e-08,7.066909489042e-02,1.247900175001e+00,9.712845655317e-02,8.837394261516e+00,8.925873640058e+00,1.575694509669e+06
168,0.000000000000e+00,3,1.166272405082e+00,1.736152040624e-08,7.033339064799e-02,1.235119837177e+00,9.618898048623e-02,8.791236557865e+00,8.878375996450e+00,1.567894030618e+06
169,0.000000000000e+00,3,1.167347076492e+00,1.737712466116e-08,7.000168414446e-02,1.222524368466e+00,9.524306276571e-02,8.745359589433e+00,8.831186310840e+00,1.560036479077e+06
170,0.000000000000e+00,3,1.168422738167e+00,1.739274289504e-08,6.967387466197e-02,1.210110174495e+00,9.429125802426e-02,8.699756034052e+00,8.784296612512e+00,1.552120497426e+06
171,0.000000000000e+00,3,1.169499391020e+00,1.740837511461e-08,6.934984644262e-02,1.197873803588e+00,9.333446011894e-02,8.654416872858e+00,8.737697281388e+00,1.544144797703e+06
172,0.000000000000e+00,3,1.170577035963e+00,1.742402132952e-08,6.902923070121e-02,1.185811826910e+00,9.237334046322e-02,8.609307330062e+00,8.691353189293e+00,1.536108164134e+06
173,0.000000000000e+00,3,1.171655673911e+00,1.743968155620e-08,6.871194861419e-02,1.173921431298e+00,9.140555404090e-02,8.564415980894e+00,8.645252392374e+00,1.528009455841e+06
174,0.000000000000e+00,3,1.172735305779e+00,1.745535582626e-08,6.839696845206e-02,1.162201089964e+00,9.042032729440e-02,8.519607382670e+00,8.599260160574e+00,1.519847609106e+06
175,0.000000000000e+00,3,1.173815932483e+00,1.747104418816e-08,6.808447350878e-02,1.150646979954e+00,8.942341369906e-02,8.474926598769e+00,8.553420448537e+00,1.511621640177e+06
176,0.000000000000e+00,3,1.174897554940e+00,1.748674667014e-08,6.777477189164e-02,1.139254902786e+00,8.842110487603e-02,8.430426175033e+00,8.507784608092e+00,1.503330238780e+06
177,0.000000000000e+00,3,1.175980174066e+00,1.750246325032e-08,6.746782205107e-02,1.128021736136e+00,8.741463309789e-02,8.386106279518e+00,8.462352202175e+00,1.494972924187e+06
178,0.000000000000e+00,3,1.177063790781e+00,1.751819389508e-08,6.716366145802e-02,1.116944619158e+00,8.640644490924e-02,8.341977751702e+00,8.417133426726e+00,1.486549080348e+06
179,0.000000000000e+00,3,1.178148406003e+00,1.753393859116e-08,6.686215969543e-02,1.106020821564e+00,8.539614501845e-02,8.298027647060e+00,8.372114902406e+00,1.478058036712e+06
180,0.000000000000e+00,3,1.179234020653e+00,1.754969734041e-08,6.656333973788e-02,1.095247445314e+00,8.438515078821e-02,8.254261623687e+00,8.327301690860e+00,1.469499227443e+06
181,0.000000000000e+00,3,1.180320635652e+00,1.756547015116e-08,6.626673849802e-02,1.084621553703e+00,8.337391319372e-02,8.210634489145e+00,8.282648436287e+00,1.460872192281e+06
182,0.000000000000e+00,3,1.181408251921e+00,1.758125703412e-08,6.597287109217e-02,1.074140085602e+00,8.236627099678e-02,8.167210746131e+00,8.238218552425e+00,1.452176482112e+06
183,0.000000000000e+00,3,1.182496870383e+00,1.759705800089e-08,6.568145864956e-02,1.063801191034e+00,8.135911217659e-02,8.123953085080e+00,8.193974619302e+00,1.443411737513e+06
184,0.000000000000e+00,3,1.183586491962e+00,1.761287306341e-08,6.539221197134e-02,1.053602674350e+00,8.034915387872e-02,8.080823605269e+00,8.149878579634e+00,1.434577603509e+06
185,0.000000000000e+00,3,1.184677117581e+00,1.762870223380e-08,6.510530452755e-02,1.043541982717e+00,7.933963768777e-02,8.037853573865e+00,8.105960980870e+00,1.425673743667e+06
186,0.000000000000e+00,3,1.185768748167e+00,1.764454552826e-08,6.482060225188e-02,1.033616760080e+00,7.833032407397e-02,7.995029451592e+00,8.062207941295e+00,1.416699851076e+06
187,0.000000000000e+00,3,1.186861384645e+00,1.766040296170e-08,6.453813844148e-02,1.023824115687e+00,7.732163073228e-02,7.952359484274e+00,8.018627126440e+00,1.407655954562e+06
188,0.000000000000e+00,3,1.187955027942e+00,1.767627454659e-08,6.425744164297e-02,1.014161673605e+00,7.631414202513e-02,7.909798598703e+00,7.975173392430e+00,1.398542492167e+06
189,0.000000000000e+00,3,1.189049678985e+00,1.769216029548e-08,6.397874816716e-02,1.004627589294e+00,7.530727855648e-02,7.867370905954e+00,7.931870273236e+00,1.389355947065e+06
190,0.000000000000e+00,3,1.190145338704e+00,1.770806022110e-08,6.370218208936e-02,9.952198340973e-01,7.430092803878e-02,7.825099716646e+00,7.888740500837e+00,1.380086746887e+06
191,0.000000000000e+00,3,1.191242008027e+00,1.772397433631e-08,6.342807066779e-02,9.859362705506e-01,7.329493865471e-02,7.783032263378e+00,7.845830536696e+00,1.370722806789e+06
192,0.000000000000e+00,3,1.192339687886e+00,1.773990265419e-08,6.315702408144e-02,9.767744527099e-01,7.229200234213e-02,7.741244560067e+00,7.803215402225e+00,1.361260368841e+06
193,0.000000000000e+00,3,1.193438379211e+00,1.775584518798e-08,6.288865764483e-02,9.677322002209e-01,7.129340781202e-02,7.699673011156e+00,7.760831645084e+00,1.351702186625e+06
194,0.000000000000e+00,3,1.194538082934e+00,1.777180195110e-08,6.262322860029e-02,9.588078291338e-01,7.030118087553e-02,7.658353854924e+00,7.718714928357e+00,1.342053330374e+06
195,0.000000000000e+00,3,1.195638799988e+00,1.778777295721e-08,6.236007854295e-02,9.500003892251e-01,6.931015860215e-02,7.617199176870e+00,7.676777756136e+00,1.332318450736e+06
196,0.000000000000e+00,3,1.196740531307e+00,1.780375822013e-08,6.209897946401e-02,9.413075979999e-01,6.831829072863e-02,7.576184683990e+00,7.634995614411e+00,1.322503133318e+06
197,0.000000000000e+00,3,1.197843277826e+00,1.781975775391e-08,6.183967917694e-02,9.327269652449e-01,6.732856979400e-02,7.535283011279e+00,7.593340959946e+00,1.312609892083e+06
198,0.000000000000e+00,3,1.198947040479e+00,1.783577157279e-08,6.158216762047e-02,9.242572359402e-01,6.633930529267e-02,7.494505692574e+00,7.551824963610e+00,1.302639666262e+06
199,0.000000000000e+00,3,1.200051820204e+00,1.785179969122e-08,6.132638769133e-02,9.158960793692e-01,6.535146652248e-02,7.453849978417e+00,7.510444518733e+00,1.292592314826e+06
200,0.000000000000e+00,3,1.201157617938e+00,1.786784212386e-08,6.107225345976e-02,9.076413126422e-01,6.436838818511e-02,7.413312382219e+00,7.469195829426e+00,1.282467525719e+06
201,0.000000000000e+00,3,1.202264434617e+00,1.788389888557e-08,6.081954027469e-02,8.994915961327e-01,6.338687601305e-02,7.372867898340e+00,7.428053788874e+00,1.272265583977e+06
202,0.000000000000e+00,3,1.203372271183e+00,1.789996999141e-08,6.056830190944e-02,8.914452257506e-01,6.240942026889e-02,7.332533536096e+00,7.387035000826e+00,1.261987595102e+06
203,0.000000000000e+00,3,1.204481128573e+00,1.791605545663e-08,6.031846502200e-02,8.835003216896e-01,6.143748728118e-02,7.292302333240e+00,7.346132249005e+00,1.251635395907e+06
204,0.000000000000e+00,3,1.205591007730e+00,1.793215529670e-08,6.006989947349e-02,8.756555494508e-01,6.046958538475e-02,7.252159282600e+00,7.305330373437e+00,1.241211444279e+06
205,0.000000000000e+00,3,1.206701909593e+00,1.794826952726e-08,5.982273799746e-02,8.679091998361e-01,5.950732934757e-02,7.212128989834e+00,7.264653524250e+00,1.230718668599e+06
206,0.000000000000e+00,3,1.207813835107e+00,1.796439816416e-08,5.957680133729e-02,8.602598836655e-01,5.855010096264e-02,7.172191551700e+00,7.224081687751e+00,1.220160223131e+06
207,0.000000000000e+00,3,1.208926785213e+00,1.798054122342e-08,5.933205871796e-02,8.527060017221e-01,5.759788926935e-02,7.132346992340e+00,7.183614616233e+00,1.209539275348e+06
208,0.000000000000e+00,3,1.210040760857e+00,1.799669872128e-08,5.908843440292e-02,8.452460729523e-01,5.665304183482e-02,7.092592173110e+00,7.143248957452e+00,1.198858742419e+06
209,0.000000000000e+00,3,1.211155762983e+00,1.801287067413e-08,5.884574641961e-02,8.378792119161e-01,5.571560975953e-02,7.052908401229e+00,7.102965967885e+00,1.188121177396e+06
210,0.000000000000e+00,3,1.212271792536e+00,1.802905709855e-08,5.860394206726e-02,8.306041714837e-01,5.478605098108e-02,7.013295340327e+00,7.062765092635e+00,1.177327671552e+06
211,0.000000000000e+00,3,1.213388850465e+00,1.804525801131e-08,5.836312666313e-02,8.234188369795e-01,5.386440827476e-02,6.973762145414e+00,7.022655101237e+00,1.166476020220e+06
212,0.000000000000e+00,3,1.214506937716e+00,1.806147342933e-08,5.812324938965e-02,8.163216979727e-01,5.295080294969e-02,6.934304291727e+00,6.982631253654e+00,1.155560540760e+06
213,0.000000000000e+00,3,1.215626055237e+00,1.807770336973e-08,5.788423510307e-02,8.093114574721e-01,5.204585811941e-02,6.894917294053e+00,6.942688879898e+00,1.144576553147e+06
214,0.000000000000e+00,3,1.216746203979e+00,1.809394784978e-08,5.764610026232e-02,8.023865275935e-01,5.115029565715e-02,6.855610412117e+00,6.902836930423e+00,1.133524610802e+06
215,0.000000000000e+00,3,1.217867384891e+00,1.811020688692e-08,5.740886932349e-02,7.955456881354e-01,5.026484045836e-02,6.816384876173e+00,6.863076427849e+00,1.122408534685e+06
216,0.000000000000e+00,3,1.218989598925e+00,1.812648049876e-08,5.717246755472e-02,7.887877577224e-01,4.938949840652e-02,6.777234255369e+00,6.823400786446e+00,1.111233421583e+06
217,0.000000000000e+00,3,1.220112847032e+00,1.814276870306e-08,5.693695448319e-02,7.821113768059e-01,4.852499519663e-02,6.738167595123e+00,6.783818779835e+00,1.100004575768e+06
218,0.000000000000e+00,3,1.221237130165e+00,1.815907151776e-08,5.670230364081e-02,7.755155131993e-01,4.767258728934e-02,6.699186308476e+00,6.744331644700e+00,1.088727098827e+06
219,0.000000000000e+00,3,1.222362449279e+00,1.817538896094e-08,5.646852605426e-02,7.689989086216e-01,4.683231449106e-02,6.660293332078e+00,6.704942098997e+00,1.077405871996e+06
220,0.000000000000e+00,3,1.223488805327e+00,1.819172105084e-08,5.623559536831e-02,7.625604949515e-01,4.600471719733e-02,6.621486098352e+00,6.665647420568e+00,1.066045710861e+06
221,0.000000000000e+00,3,1.224616199265e+00,1.820806780587e-08,5.600305338369e-02,7.561989633408e-01,4.519095075605e-02,6.582718216082e+00,6.626401327154e+00,1.054650709620e+06
222,0.000000000000e+00,3,1.225744632050e+00,1.822442924457e-08,5.577048319191e-02,7.499129518139e-01,4.439120676027e-02,6.543946155803e+00,6.587160363266e+00,1.043224160171e+06
223,0.000000000000e+00,3,1.226874104638e+00,1.824080538567e-08,5.553865549513e-02,7.437014248797e-01,4.360598744926e-02,6.505250712249e+00,6.548004632175e+00,1.031768750964e+06
224,0.000000000000e+00,3,1.228004617989e+00,1.825719624801e-08,5.530763957049e-02,7.375634764676e-01,4.283643956304e-02,6.466639822579e+00,6.508941878088e+00,1.020285573423e+06
225,0.000000000000e+00,3,1.229136173060e+00,1.827360185062e-08,5.507705356912e-02,7.314980000455e-01,4.208379266182e-02,6.428077950927e+00,6.469936629883e+00,1.008775836344e+06
226,0.000000000000e+00,3,1.230268770812e+00,1.829002221266e-08,5.484699663469e-02,7.255039833615e-01,4.134863235184e-02,6.389576287488e+00,6.430999849630e+00,9.972411269130e+05
227,0.000000000000e+00,3,1.231402412206e+00,1.830645735344e-08,5.461758401341e-02,7.195802511119e-01,4.063171012503e-02,6.351148477088e+00,6.392144924215e+00,9.857373838815e+05
228,0.000000000000e+00,3,1.232537098203e+00,1.832290729245e-08,5.438867827555e-02,7.137261597700e-01,3.993394843040e-02,6.312781378944e+00,6.353358687973e+00,9.744724215459e+05
229,0.000000000000e+00,3,1.233672829766e+00,1.833937204932e-08,5.415976180300e-02,7.079415924436e-01,3.925622343122e-02,6.274428345449e+00,6.314594736906e+00,9.634557187016e+05
230,0.000000000000e+00,3,1.234809607859e+00,1.835585164382e-08,5.393101564196e-02,7.022243794993e-01,3.859957323941e-02,6.236107683270e+00,6.275870983218e+00,9.524985773135e+05
231,0.000000000000e+00,3,1.235947433445e+00,1.837234609589e-08,5.370251589688e-02,6.965740629503e-01,3.796508651918e-02,6.197827237065e+00,6.237195138337e+00,9.414972384786e+05
232,0.000000000000e+00,3,1.237086307489e+00,1.838885542453e-08,5.347454001827e-02,6.909890634025e-01,3.735355196055e-02,6.159614224775e+00,6.198594042044e+00,9.334099480372e+05
233,0.000000000000e+00,3,1.238226230959e+00,1.840537964953e-08,5.324716450997e-02,6.854685248513e-01,3.676612289070e-02,6.121483605876e+00,6.160082438076e+00,9.259633553959e+05
234,0.000000000000e+00,3,1.239367204821e+00,1.842191879098e-08,5.302006459698e-02,6.800116591062e-01,3.620419047500e-02,6.083407778827e+00,6.121632783063e+00,9.184727687277e+05
235,0.000000000000e+00,3,1.240509230042e+00,1.843847286509e-08,5.279294250860e-02,6.746171039775e-01,3.566874653326e-02,6.045359303561e+00,6.083217627242e+00,9.109281788650e+05
236,0.000000000000e+00,3,1.241652307592e+00,1.845504188930e-08,5.256659030166e-02,6.692843673830e-01,3.516066415647e-02,6.007417112533e+00,6.044915338291e+00,9.033015916018e+05
237,0.000000000000e+00,3,1.242796438441e+00,1.847162588331e-08,5.234098810522e-02,6.640123121603e-01,3.468087952828e-02,5.969582460096e+00,6.006727015691e+00,8.956006650914e+05
238,0.000000000000e+00,3,1.243941623558e+00,1.848822486753e-08,5.211544669352e-02,6.587995191657e-01,3.423030593792e-02,5.931788556998e+00,5.968586099322e+00,8.878304004354e+05
239,0.000000000000e+00,3,1.245087863916e+00,1.850483886289e-08,5.189070047043e-02,6.536462811559e-01,3.381038753827e-02,5.894111630545e+00,5.930568367475e+00,8.799940944624e+05
240,0.000000000000e+00,3,1.246235160487e+00,1.852146789077e-08,5.166684526984e-02,6.485513509650e-01,3.342178327476e-02,5.856559370317e+00,5.892681307468e+00,8.720938434171e+05
241,0.000000000000e+00,3,1.247383514243e+00,1.853811197836e-08,5.144394592481e-02,6.435133553884e-01,3.306537355594e-02,5.819135476263e+00,5.854928430661e+00,8.641515735867e+05
242,0.000000000000e+00,3,1.248532926159e+00,1.855477116111e-08,5.122208314298e-02,6.385321797839e-01,3.274249580845e-02,5.781861493454e+00,5.817331127497e+00,8.566213699649e+05
243,0.000000000000e+00,3,1.249683397211e+00,1.857144545894e-08,5.100111700721e-02,6.336076608936e-01,3.245364562886e-02,5.744727942925e+00,5.779879943322e+00,8.490217019635e+05
244,0.000000000000e+00,3,1.250834928374e+00,1.858813489212e-08,5.078109200563e-02,6.287388716974e-01,3.219999595961e-02,5.707737626019e+00,5.742577551527e+00,8.413522804218e+05
245,0.000000000000e+00,3,1.251987520625e+00,1.860483948143e-08,5.056201516023e-02,6.239252234207e-01,3.198264492027e-02,5.670894214971e+00,5.705427529008e+00,8.336642620843e+05
246,0.000000000000e+00,3,1.253141174941e+00,1.862155924939e-08,5.034398523225e-02,6.191658625990e-01,3.180216984576e-02,5.634206375676e+00,5.668438386714e+00,8.259660531545e+05
247,0.000000000000e+00,3,1.254295892302e+00,1.863829421715e-08,5.012699806804e-02,6.144600283114e-01,3.165934936903e-02,5.597674128585e+00,5.631610054555e+00,8.182028330617e+05
248,0.000000000000e+00,3,1.255451673687e+00,1.865504440611e-08,4.991121381227e-02,6.098068235966e-01,3.155564770471e-02,5.561312974108e+00,5.594957841329e+00,8.103621509956e+05
249,0.000000000000e+00,3,1.256608520076e+00,1.867180983793e-08,4.969659580504e-02,6.052055807309e-01,3.148997442884e-02,5.525122101542e+00,5.558480853796e+00,8.024633733099e+05
250,0.000000000000e+00,3,1.257766432451e+00,1.868859053481e-08,4.948316297305e-02,6.006559520844e-01,3.146237158981e-02,5.489103701428e+00,5.522181225028e+00,7.947092482965e+05
251,0.000000000000e+00,3,1.258925411794e+00,1.870538651883e-08,4.927013680181e-02,5.961575691498e-01,3.147366510423e-02,5.453184110941e+00,5.485985684729e+00,7.868750212801e+05
252,0.000000000000e+00,3,1.260085459088e+00,1.872219781220e-08,4.905757294005e-02,5.917094169150e-01,3.152468607124e-02,5.417373983582e+00,5.449904711401e+00,7.789720819213e+05
253,0.000000000000e+00,3,1.261246575318e+00,1.873902443748e-08,4.884607990965e-02,5.873105700093e-01,3.161433763381e-02,5.381736978512e+00,5.414001479257e+00,7.710036293922e+05
254,0.000000000000e+00,3,1.262408761467e+00,1.875586641770e-08,4.863559067343e-02,5.829604126229e-01,3.174219476362e-02,5.346270849813e+00,5.378273684915e+00,7.629703979994e+05
255,0.000000000000e+00,3,1.263572018523e+00,1.877272377761e-08,4.842598059086e-02,5.786580294709e-01,3.190731729396e-02,5.310966714880e+00,5.342712392982e+00,7.548726503464e+05
256,0.000000000000e+00,3,1.264736347471e+00,1.878959654242e-08,4.821769354470e-02,5.744025330138e-01,3.210922303369e-02,5.275868018763e+00,5.307360697137e+00,7.467112019627e+05
257,0.000000000000e+00,3,1.265901749300e+00,1.880648473698e-08,4.801062769687e-02,5.701937389955e-01,3.234753983717e-02,5.240969483739e+00,5.272213331531e+00,7.384886867707e+05
258,0.000000000000e+00,3,1.267068224999e+00,1.882338838649e-08,4.780474476470e-02,5.660311372990e-01,3.262197388562e-02,5.206268621142e+00,5.237267769618e+00,7.302097170300e+05
259,0.000000000000e+00,3,1.268235775556e+00,1.884030751636e-08,4.759974920705e-02,5.619143324484e-01,3.293219813565e-02,5.171739999234e+00,5.202498688370e+00,7.218752136771e+05
260,0.000000000000e+00,3,1.269404401962e+00,1.885724215233e-08,4.739613222725e-02,5.578421634693e-01,3.327718085485e-02,5.137431227124e+00,5.167953294767e+00,7.134860703477e+05
261,0.000000000000e+00,3,1.270574105209e+00,1.887419233914e-08,4.719398937389e-02,5.538140298115e-01,3.365643344086e-02,5.103354346166e+00,5.133643500506e+00,7.050431194342e+05
262,0.000000000000e+00,3,1.271744886288e+00,1.889115811060e-08,4.699336151393e-02,5.498300586280e-01,3.406904943678e-02,5.069515431624e+00,5.099575362812e+00,6.982480612139e+05
263,0.000000000000e+00,3,1.272916746194e+00,1.890813949482e-08,4.679444494623e-02,5.458897073382e-01,3.451393743533e-02,5.035936535440e+00,5.065770750193e+00,6.914550983728e+05
264,0.000000000000e+00,3,1.274089685919e+00,1.892513652026e-08,4.659686366720e-02,5.419927958909e-01,3.499092815459e-02,5.002583328795e+00,5.032195523337e+00,6.846153790362e+05
265,0.000000000000e+00,3,1.275263706460e+00,1.894214921575e-08,4.640093045061e-02,5.381383359945e-01,3.549854427046e-02,4.969488064970e+00,4.998881643882e+00,6.777274887136e+05
266,0.000000000000e+00,3,1.276438808811e+00,1.895917761042e-08,4.620667634956e-02,5.343256874215e-01,3.603608852321e-02,4.936656058322e+00,4.965834334230e+00,6.707895464691e+05
267,0.000000000000e+00,3,1.277614993971e+00,1.897622173375e-08,4.601426989903e-02,5.305542788622e-01,3.660229422285e-02,4.904103509430e+00,4.933069644248e+00,6.637992403250e+05
268,0.000000000000e+00,3,1.278792262936e+00,1.899328161553e-08,4.582387896213e-02,5.268235185082e-01,3.719686795652e-02,4.871850183254e+00,4.900607172851e+00,6.567540282160e+05
269,0.000000000000e+00,3,1.279970616705e+00,1.901035728592e-08,4.563551795114e-02,5.231336894651e-01,3.781947625561e-02,4.839900985130e+00,4.868451839774e+00,6.503230562227e+05
270,0.000000000000e+00,3,1.281150056278e+00,1.902744877541e-08,4.544888350267e-02,5.194844047488e-01,3.846907095150e-02,4.808232131045e+00,4.836579963489e+00,6.438418070909e+05
271,0.000000000000e+00,3,1.282330582656e+00,1.904455611484e-08,4.526439043690e-02,5.158749894319e-01,3.914433994741e-02,4.776886035658e+00,4.805033646790e+00,6.373064161268e+05
272,0.000000000000e+00,3,1.283512196839e+00,1.906167933568e-08,4.508196224937e-02,5.123052562955e-01,3.984493521600e-02,4.745857220666e+00,4.773807436078e+00,6.307150811134e+05
273,0.000000000000e+00,3,1.284694899831e+00,1.907881846679e-08,4.490157566853e-02,5.087747803153e-01,4.057039745906e-02,4.715147491579e+00,4.742903093368e+00,6.240655970715e+05
274,0.000000000000e+00,3,1.285878692634e+00,1.909597353533e-08,4.472342860305e-02,5.052827580310e-01,4.132002886552e-02,4.684778642528e+00,4.712342212202e+00,6.179306900355e+05
275,0.000000000000e+00,3,1.287063576253e+00,1.911314456943e-08,4.454763447546e-02,5.018284132746e-01,4.209331077496e-02,4.654765178645e+00,4.682139143944e+00,6.117606982435e+05
276,0.000000000000e+00,3,1.288249551693e+00,1.913033159908e-08,4.437423850413e-02,4.984118529837e-01,4.288957548444e-02,4.625116934808e+00,4.652303690063e+00,6.055317189462e+05
277,0.000000000000e+00,3,1.289436619960e+00,1.914753465510e-08,4.420316420247e-02,4.950324502884e-01,4.370751029845e-02,4.595831125618e+00,4.622833019721e+00,5.996015490800e+05
278,0.000000000000e+00,3,1.290624782061e+00,1.916475376879e-08,4.403425601765e-02,4.916900526878e-01,4.454786649258e-02,4.566897336844e+00,4.593716787232e+00,5.942018155619e+05
279,0.000000000000e+00,3,1.291814039003e+00,1.918198897201e-08,4.386789909484e-02,4.883840609960e-01,4.540970290937e-02,4.538355237146e+00,4.564994379323e+00,5.887374864000e+05
280,0.000000000000e+00,3,1.293004391796e+00,1.919924029713e-08,4.370414637213e-02,4.851141065365e-01,4.629225050537e-02,4.510212620818e+00,4.536673517702e+00,5.832078863927e+05
281,0.000000000000e+00,3,1.294195841450e+00,1.921650777703e-08,4.354287480059e-02,4.818800466553e-01,4.719581295635e-02,4.482465907049e+00,4.508750648896e+00,5.776127115414e+05
282,0.000000000000e+00,3,1.295388388975e+00,1.923379144508e-08,4.338426171193e-02,4.786812540763e-01,4.811941387002e-02,4.455135854512e+00,4.481246355347e+00,5.719505709803e+05
283,0.000000000000e+00,3,1.296582035383e+00,1.925109133505e-08,4.322789530978e-02,4.755156816640e-01,4.906230574211e-02,4.428194229032e+00,4.454132357072e+00,5.662197086376e+05
284,0.000000000000e+00,3,1.297776781686e+00,1.926840748139e-08,4.307177858898e-02,4.723792731827e-01,5.002448189119e-02,4.401500579242e+00,4.427268588385e+00,5.611127482859e+05
285,0.000000000000e+00,3,1.298972628898e+00,1.928573991905e-08,4.291831488266e-02,4.692764434171e-01,5.100566705881e-02,4.375291700551e+00,4.400890978550e+00,5.562790590819e+05
286,0.000000000000e+00,3,1.300169578033e+00,1.930308868350e-08,4.276676637544e-02,4.662053712923e-01,5.200548127700e-02,4.349488426304e+00,4.374920637584e+00,5.513757829077e+05
287,0.000000000000e+00,3,1.301367630107e+00,1.932045381072e-08,4.261772658503e-02,4.631666501927e-01,5.302384003185e-02,4.324152443084e+00,4.349418983624e+00,5.464021895685e+05
288,0.000000000000e+00,3,1.302566786137e+00,1.933783533728e-08,4.247187184716e-02,4.601610114591e-01,5.406074172409e-02,4.299334472919e+00,4.324436551759e+00,5.437813652832e+05
289,0.000000000000e+00,3,1.303767047138e+00,1.935523330029e-08,4.232918482145e-02,4.571871672556e-01,5.511534039167e-02,4.275034686838e+00,4.299973388314e+00,5.445349919706e+05
290,0.000000000000e+00,3,1.304968414130e+00,1.937264773743e-08,4.218943209396e-02,4.542438371415e-01,5.618740284195e-02,4.251247742076e+00,4.276024064537e+00,5.457409349350e+05
291,0.000000000000e+00,3,1.306170888132e+00,1.939007868698e-08,4.205336619412e-02,4.513334228449e-01,5.727748084063e-02,4.228041215232e+00,4.252656060828e+00,5.494328577823e+05
292,0.000000000000e+00,3,1.307374470163e+00,1.940752618783e-08,4.192090614473e-02,4.484554755931e-01,5.838484685438e-02,4.205399932354e+00,4.229854259587e+00,5.529778350859e+05
293,0.000000000000e+00,3,1.308579161245e+00,1.942499027947e-08,4.179228479427e-02,4.456096820439e-01,5.950933870247e-02,4.183354695082e+00,4.207649278404e+00,5.563956960275e+05
294,0.000000000000e+00,3,1.309784962400e+00,1.944247100201e-08,4.166601011128e-02,4.427923484405e-01,6.064960482800e-02,4.161800594421e+00,4.185936416446e+00,5.597019884840e+05
295,0.000000000000e+00,3,1.310991874650e+00,1.945996839617e-08,4.154156888134e-02,4.400044716764e-01,6.180522187391e-02,4.140724201256e+00,4.164702442355e+00,5.628919505859e+05
296,0.000000000000e+00,3,1.312199899019e+00,1.947748250329e-08,4.142086285700e-02,4.372473942361e-01,6.297691430534e-02,4.120265958873e+00,4.144087189627e+00,5.659652697557e+05
297,0.000000000000e+00,3,1.313409036533e+00,1.949501336530e-08,4.130228775318e-02,4.345192823088e-01,6.416416968325e-02,4.100324764136e+00,4.123989948791e+00,5.689235638506e+05
298,0.000000000000e+00,3,1.314619288216e+00,1.951256102467e-08,4.118735869891e-02,4.318212329777e-01,6.536689391221e-02,4.081025441437e+00,4.104534987090e+00,5.717693107525e+05
299,0.000000000000e+00,3,1.315830655096e+00,1.953012552515e-08,4.107608140217e-02,4.291517719374e-01,6.658420936408e-02,4.062386379543e+00,4.085740452042e+00,5.745053807909e+05
300,0.000000000000e+00,3,1.317043138200e+00,1.954770691952e-08,4.096691296409e-02,4.265100367933e-01,6.781673251817e-02,4.044314968243e+00,4.067514200468e+00,5.771348267059e+05
301,0.000000000000e+00,3,1.318256738556e+00,1.956530525366e-08,4.086072057324e-02,4.238976847094e-01,6.906278022555e-02,4.026861176526e+00,4.049906103629e+00,5.796607864766e+05
302,0.000000000000e+00,3,1.319471457195e+00,1.958292057486e-08,4.075899597539e-02,4.213162702031e-01,7.032450297196e-02,4.010172754172e+00,4.033063320767e+00,5.820864359599e+05
303,0.000000000000e+00,3,1.320687295146e+00,1.960055293116e-08,4.066206415442e-02,4.187650911533e-01,7.160044864274e-02,3.994281522049e+00,4.017017439178e+00,5.844149364800e+05
304,0.000000000000e+00,3,1.321904253442e+00,1.961820237105e-08,4.056987332573e-02,4.162433861756e-01,7.289085365500e-02,3.979227527992e+00,4.001808249683e+00,5.866493632160e+05
305,0.000000000000e+00,3,1.323122333113e+00,1.963586894336e-08,4.048290275718e-02,4.137510902376e-01,7.419629153530e-02,3.965055149210e+00,3.987479938012e+00,5.887924737564e+05
306,0.000000000000e+00,3,1.324341535195e+00,1.965355269745e-08,4.040054603593e-02,4.112861552761e-01,7.551421624911e-02,3.951736317923e+00,3.974004382093e+00,5.908473192426e+05
307,0.000000000000e+00,3,1.325561860720e+00,1.967125368287e-08,4.032253610697e-02,4.088494234949e-01,7.684614142651e-02,3.939223643766e+00,3.961334623971e+00,5.928170116275e+05
308,0.000000000000e+00,3,1.326783310724e+00,1.968897194957e-08,4.024932961488e-02,4.064413563367e-01,7.819168816893e-02,3.927603022405e+00,3.949556180938e+00,5.947046502998e+05
309,0.000000000000e+00,3,1.328005886244e+00,1.970670754799e-08,4.018090185705e-02,4.040607738089e-01,7.954885917171e-02,3.916893582445e+00,3.938687975836e+00,5.965132938096e+05
310,0.000000000000e+00,3,1.329229588316e+00,1.972446052908e-08,4.011825543342e-02,4.017081685433e-01,8.091840149288e-02,3.907185529947e+00,3.928819858459e+00,5.982459525122e+05
311,0.000000000000e+00,3,1.330454417978e+00,1.974223094435e-08,4.006157922685e-02,3.993843870737e-01,8.230120995582e-02,3.898503840614e+00,3.919976849831e+00,5.999056211168e+05
312,0.000000000000e+00,3,1.331680376270e+00,1.976001884585e-08,4.001023565832e-02,3.970905369983e-01,8.369685430752e-02,3.890803109055e+00,3.912113969504e+00,6.014953339813e+05
313,0.000000000000e+00,3,1.332907464231e+00,1.977782428622e-08,3.996380310832e-02,3.948239361321e-01,8.510465417995e-02,3.884047460506e+00,3.905195324657e+00,6.030181790385e+05
314,0.000000000000e+00,3,1.334135682903e+00,1.979564731866e-08,3.992255196113e-02,3.925850355057e-01,8.652407376416e-02,3.878308936872e+00,3.899292685273e+00,6.044772579118e+05
315,0.000000000000e+00,3,1.335365033327e+00,1.981348799699e-08,3.988756590309e-02,3.903739963146e-01,8.795446695286e-02,3.873689146240e+00,3.894507217206e+00,6.058756483754e+05
316,0.000000000000e+00,3,1.336595516546e+00,1.983134637593e-08,3.985893462638e-02,3.881910633879e-01,8.939435313226e-02,3.870203345362e+00,3.890854189145e+00,6.072163478213e+05
317,0.000000000000e+00,3,1.337827133605e+00,1.984922251052e-08,3.983763663002e-02,3.860307704594e-01,9.084450319698e-02,3.867891593225e+00,3.888373039426e+00,6.085022593373e+05
318,0.000000000000e+00,3,1.339059885547e+00,1.986711645634e-08,3.982349658376e-02,3.838933012604e-01,9.230404226574e-02,3.866729906626e+00,3.887040028692e+00,6.097361953721e+05
319,0.000000000000e+00,3,1.340293773418e+00,1.988502826958e-08,3.981589439293e-02,3.817838134102e-01,9.377347079844e-02,3.866746865859e+00,3.886884224425e+00,6.109209008968e+05
320,0.000000000000e+00,3,1.341528798266e+00,1.990295800695e-08,3.981561639181e-02,3.797007113803e-01,9.525116188618e-02,3.868006337221e+00,3.887969099949e+00,6.120594369144e+05
321,0.000000000000e+00,3,1.342764961138e+00,1.992090572563e-08,3.982276949341e-02,3.776462996549e-01,9.673710103677e-02,3.870511488562e+00,3.890298167290e+00,6.131549674557e+05
322,0.000000000000e+00,3,1.344002263082e+00,1.993887148320e-08,3.983651594931e-02,3.756211476972e-01,9.823227660597e-02,3.874240886243e+00,3.893850307781e+00,6.142101708038e+05
323,0.000000000000e+00,3,1.345240705149e+00,1.995685533746e-08,3.985801176131e-02,3.736218096495e-01,9.973406958938e-02,3.879265673537e+00,3.898696060001e+00,6.152273405601e+05
324,0.000000000000e+00,3,1.346480288388e+00,1.997485734630e-08,3.988874829182e-02,3.716461619546e-01,1.012416108181e-01,3.885700429761e+00,3.904949381944e+00,6.162085132220e+05
325,0.000000000000e+00,3,1.347721013851e+00,1.999287756733e-08,3.992657265700e-02,3.696973523114e-01,1.027574077350e-01,3.893409221443e+00,3.912475522475e+00,6.171986178564e+05
326,0.000000000000e+00,3,1.348962882592e+00,2.001091605732e-08,3.997217330093e-02,3.677733735059e-01,1.042794118509e-01,3.902462532016e+00,3.921344544722e+00,6.181600421892e+05
327,0.000000000000e+00,3,1.350205895662e+00,2.002897287107e-08,4.002584678871e-02,3.658746666249e-01,1.058055571974e-01,3.912875688544e+00,3.931571862503e+00,6.190918971614e+05
328,0.000000000000e+00,3,1.351450054118e+00,2.004704805847e-08,4.008732458848e-02,3.640025390515e-01,1.073363481051e-01,3.924642473158e+00,3.943151591782e+00,6.199908911971e+05
329,0.000000000000e+00,3,1.352695359013e+00,2.006514166041e-08,4.015682840275e-02,3.621555104549e-01,1.088711479935e-01,3.937803524866e+00,3.956124203300e+00,6.208632545245e+05
330,0.000000000000e+00,3,1.353941811405e+00,2.008325370283e-08,4.023527208726e-02,3.603325294431e-01,1.104103529358e-01,3.952438651527e+00,3.970569247478e+00,6.217113909770e+05
331,0.000000000000e+00,3,1.355189412351e+00,2.010138418404e-08,4.032218406427e-02,3.585351983601e-01,1.119539956043e-01,3.968521797064e+00,3.986461127102e+00,6.217724038686e+05
332,0.000000000000e+00,3,1.356438162909e+00,2.011953313625e-08,4.041786341287e-02,3.567650246243e-01,1.135001643538e-01,3.986083968266e+00,4.003830987423e+00,6.216819228217e+05
333,0.000000000000e+00,3,1.357688064139e+00,2.013770062133e-08,4.052362678766e-02,3.550175306642e-01,1.150431814709e-01,4.005190209708e+00,4.022743238258e+00,6.215459250596e+05
334,0.000000000000e+00,3,1.358939117101e+00,2.015588674897e-08,4.063900647483e-02,3.532925948875e-01,1.165887797837e-01,4.025790755966e+00,4.043148691409e+00,6.213627654165e+05
335,0.000000000000e+00,3,1.360191322856e+00,2.017409164905e-08,4.076287244597e-02,3.515917519122e-01,1.181348777679e-01,4.047801273252e+00,4.064963636845e+00,6.211235944117e+05
336,0.000000000000e+00,3,1.361444682466e+00,2.019231542115e-08,4.089435060789e-02,3.499159859370e-01,1.196802365457e-01,4.071154071930e+00,4.088120886366e+00,6.208298531740e+05
337,0.000000000000e+00,3,1.362699196995e+00,2.021055814781e-08,4.103391099375e-02,3.482640665430e-01,1.212237465082e-01,4.095911332587e+00,4.112682395107e+00,6.205296083821e+05
338,0.000000000000e+00,3,1.363954867507e+00,2.022881990267e-08,4.118195097602e-02,3.466343175655e-01,1.227628820226e-01,4.122077340597e+00,4.138652393022e+00,6.202222089921e+05
339,0.000000000000e+00,3,1.365211695066e+00,2.024710075480e-08,4.133911933202e-02,3.450277725947e-01,1.242984043071e-01,4.149701547267e+00,4.166080425455e+00,6.198815644055e+05
340,0.000000000000e+00,3,1.366469680740e+00,2.026540077093e-08,4.150504654553e-02,3.434436148157e-01,1.258290849648e-01,4.178780554636e+00,4.194963178369e+00,6.194984401432e+05
341,0.000000000000e+00,3,1.367728825596e+00,2.028372001643e-08,4.167981217993e-02,3.418828269559e-01,1.273538862615e-01,4.209327967669e+00,4.225314429230e+00,6.190725007656e+05
342,0.000000000000e+00,3,1.368989130701e+00,2.030205855578e-08,4.186336349447e-02,3.403444782328e-01,1.288740009916e-01,4.241344148945e+00,4.257134670525e+00,6.186059040108e+05
343,0.000000000000e+00,3,1.370250597124e+00,2.032041645278e-08,4.205649284408e-02,3.388282833653e-01,1.303859257014e-01,4.274880847693e+00,4.290475510452e+00,6.181002277521e+05
344,0.000000000000e+00,3,1.371513225936e+00,2.033879377064e-08,4.225928574716e-02,3.373323688663e-01,1.318896916481e-01,4.309939008226e+00,4.325337919713e+00,6.175597529130e+05
345,0.000000000000e+00,3,1.372777018209e+00,2.035719057195e-08,4.247128768747e-02,3.358583339445e-01,1.333851390569e-01,4.346470655383e+00,4.361674378514e+00,6.169889374971e+05
346,0.000000000000e+00,3,1.374041975013e+00,2.037560691866e-08,4.269254365930e-02,3.344050002837e-01,1.348723880854e-01,4.384467689311e+00,4.399476882219e+00,6.163922370002e+05
347,0.000000000000e+00,3,1.375308097421e+00,2.039404287199e-08,4.292278459136e-02,3.329730886569e-01,1.363509191931e-01,4.423904936948e+00,4.438720525954e+00,6.157740220107e+05
348,0.000000000000e+00,3,1.376575386509e+00,2.041249861644e-08,4.316215194982e-02,3.315622718958e-01,1.378211126227e-01,4.464783887573e+00,4.479406917586e+00,6.151385418842e+05
349,0.000000000000e+00,3,1.377843843351e+00,2.043097424656e-08,4.341110346208e-02,3.301711670745e-01,1.392811894872e-01,4.507118470170e+00,4.521549919813e+00,6.144899103731e+05
350,0.000000000000e+00,3,1.379113469024e+00,2.044946984221e-08,4.366902657544e-02,3.288015227371e-01,1.407332100219e-01,4.550853925299e+00,4.565095257610e+00,6.138321779007e+05
351,0.000000000000e+00,3,1.380384264603e+00,2.046798547826e-08,4.393555079065e-02,3.274526132820e-01,1.421800155880e-01,4.595956438666e+00,4.610009358940e+00,6.131693172238e+05
352,0.000000000000e+00,3,1.381656231167e+00,2.048652122996e-08,4.421104149026e-02,3.261244762629e-01,1.436161619200e-01,4.642449153458e+00,4.656315231448e+00,6.125048884514e+05
353,0.000000000000e+00,3,1.382929369796e+00,2.050507717055e-08,4.449611322965e-02,3.248154403960e-01,1.450365565764e-01,4.690367897065e+00,4.704048425237e+00,6.118425837287e+05
354,0.000000000000e+00,3,1.384203681569e+00,2.052365337666e-08,4.479119002868e-02,3.235251206438e-01,1.464412213875e-01,4.739708362799e+00,4.753204724194e+00,6.111872146683e+05
355,0.000000000000e+00,3,1.385479167567e+00,2.054224993204e-08,4.509598837364e-02,3.222523344976e-01,1.478273727292e-01,4.790415693081e+00,4.803729349152e+00,6.105432501957e+05
356,0.000000000000e+00,3,1.386755828872e+00,2.056086822029e-08,4.540848962026e-02,3.209978386225e-01,1.491879829800e-01,4.842313854275e+00,4.855446638663e+00,6.100528964603e+05
357,0.000000000000e+00,3,1.388033666567e+00,2.057950725712e-08,4.572788903225e-02,3.197597090016e-01,1.505210839464e-01,4.895385003267e+00,4.908338643397e+00,6.095773421433e+05
358,0.000000000000e+00,3,1.389312681737e+00,2.059816667618e-08,4.605625372810e-02,3.185394537146e-01,1.518332687371e-01,4.949799593198e+00,4.962575734072e+00,6.091105149444e+05
359,0.000000000000e+00,3,1.390592875465e+00,2.061684627553e-08,4.639386571061e-02,3.173376190623e-01,1.531261401780e-01,5.005527507605e+00,5.018128017442e+00,6.086584891457e+05
360,0.000000000000e+00,3,1.391874248839e+00,2.063554614763e-08,4.674103606306e-02,3.161536863879e-01,1.543999906124e-01,5.062544819690e+00,5.074971653747e+00,6.082254846880e+05
361,0.000000000000e+00,3,1.393156802945e+00,2.065426638658e-08,4.709790781764e-02,3.149865448564e-01,1.556538065761e-01,5.120850840534e+00,5.133105899440e+00,6.078149509559e+05
362,0.000000000000e+00,3,1.394440538871e+00,2.067300708746e-08,4.746432598455e-02,3.138372168029e-01,1.568879397660e-01,5.180401775240e+00,5.192487172776e+00,6.074299408819e+05
363,0.000000000000e+00,3,1.395725457707e+00,2.069176834536e-08,4.784076145716e-02,3.127042268717e-01,1.581020249297e-01,5.241206743138e+00,5.253124503242e+00,6.070732618904e+05
364,0.000000000000e+00,3,1.397011560541e+00,2.071055025469e-08,4.822628626658e-02,3.115860485429e-01,1.592963950134e-01,5.303224633489e+00,5.314976810396e+00,6.067475435347e+05
365,0.000000000000e+00,3,1.398298848466e+00,2.072935290857e-08,4.861948277065e-02,3.104794087081e-01,1.604703566715e-01,5.366461405253e+00,5.378049838629e+00,6.064552703020e+05
366,0.000000000000e+00,3,1.399587322573e+00,2.074817639866e-08,4.901948158068e-02,3.093821460890e-01,1.616233798308e-01,5.430929919017e+00,5.442356302565e+00,6.073734184593e+05
367,0.000000000000e+00,3,1.400876983955e+00,2.076702081348e-08,4.942515108980e-02,3.082926986304e-01,1.627553149713e-01,5.496504443242e+00,5.507770657964e+00,6.121499127932e+05
368,0.000000000000e+00,3,1.402167833706e+00,2.078588622619e-08,4.983945733852e-02,3.072257812388e-01,1.638667184820e-01,5.563140220020e+00,5.574249102901e+00,6.269447009585e+05
369,0.000000000000e+00,3,1.403459872921e+00,2.080477272146e-08,5.026311816509e-02,3.061765666973e-01,1.649566721073e-01,5.630949251922e+00,5.641903105552e+00,6.417554811087e+05
370,0.000000000000e+00,3,1.404753102697e+00,2.082368038381e-08,5.069574893062e-02,3.051437868734e-01,1.660254571704e-01,5.699881511643e+00,5.710682663992e+00,6.563160036936e+05
371,0.000000000000e+00,3,1.406047524130e+00,2.084260929606e-08,5.113705165391e-02,3.041280444697e-01,1.670734568706e-01,5.769795405474e+00,5.780446472938e+00,6.707805337872e+05
372,0.000000000000e+00,3,1.407343138318e+00,2.086155953914e-08,5.158753431532e-02,3.031292734320e-01,1.681007669493e-01,5.840759486934e+00,5.851262930527e+00,6.852330613139e+05
373,0.000000000000e+00,3,1.408639946361e+00,2.088053119044e-08,5.204687173406e-02,3.021450336760e-01,1.691062270914e-01,5.912773014961e+00,5.923131109534e+00,6.997335399575e+05
374,0.000000000000e+00,3,1.409937949359e+00,2.089952431473e-08,5.251462072390e-02,3.011744946175e-01,1.700902980860e-01,5.985810508196e+00,5.996025517885e+00,7.143465954072e+05
375,0.000000000000e+00,3,1.411237148412e+00,2.091853891326e-08,5.299061937311e-02,3.002193448349e-01,1.710544689684e-01,6.059740934204e+00,6.069815440504e+00,7.290622344498e+05
376,0.000000000000e+00,3,1.412537544623e+00,2.093757474527e-08,5.347540937909e-02,2.992785075990e-01,1.720009377057e-01,6.134651940983e+00,6.144588351069e+00,7.438670718662e+05
377,0.000000000000e+00,3,1.413839139095e+00,2.095663219074e-08,5.396774134466e-02,2.983494535106e-01,1.729275965407e-01,6.210522834774e+00,6.220323363653e+00,7.587496215140e+05
378,0.000000000000e+00,3,1.415141932931e+00,2.097571201789e-08,5.446768568066e-02,2.974328169147e-01,1.738297667563e-01,6.287262383967e+00,6.296929258140e+00,7.736982231155e+05
379,0.000000000000e+00,3,1.416445927239e+00,2.099481393129e-08,5.497601687055e-02,2.965322404926e-01,1.747111015548e-01,6.364803180053e+00,6.374338963524e+00,7.885368116556e+05
380,0.000000000000e+00,3,1.417751123122e+00,2.101393781357e-08,5.549247642696e-02,2.956452686484e-01,1.755716960822e-01,6.443201053738e+00,6.452608060247e+00,8.031947330264e+05
381,0.000000000000e+00,3,1.419057521689e+00,2.103308368987e-08,5.601669880660e-02,2.947693516957e-01,1.764117361046e-01,6.522483189602e+00,6.531763536789e+00,8.183106270534e+05
382,0.000000000000e+00,3,1.420365124048e+00,2.105225161329e-08,5.654820693278e-02,2.939049402873e-01,1.772308236548e-01,6.602515035365e+00,6.611670996860e+00,8.334579189518e+05
383,0.000000000000e+00,3,1.421673931308e+00,2.107144163070e-08,5.708710281640e-02,2.930515335750e-01,1.780301022374e-01,6.683378566531e+00,6.692412264610e+00,8.486101387577e+05
384,0.000000000000e+00,3,1.422983944579e+00,2.109065379229e-08,5.763336297476e-02,2.922077749945e-01,1.788113734493e-01,6.765077639602e+00,6.773991140046e+00,8.636378261917e+05
385,0.000000000000e+00,3,1.424295164973e+00,2.110988816068e-08,5.818653530776e-02,2.913741808240e-01,1.795747353666e-01,6.847480797995e+00,6.856276318136e+00,8.787577515360e+05
386,0.000000000000e+00,3,1.425607593602e+00,2.112914478480e-08,5.874680231188e-02,2.905504928434e-01,1.803215043550e-01,6.930648411530e+00,6.939328067245e+00,8.940074250007e+05
387,0.000000000000e+00,3,1.426921231579e+00,2.114842392983e-08,5.931387822849e-02,2.897358375217e-01,1.810540927132e-01,7.014572759319e+00,7.023138655328e+00,9.093601949232e+05
388,0.000000000000e+00,3,1.428236080019e+00,2.116772560490e-08,5.988764046602e-02,2.889286940303e-01,1.817730779741e-01,7.099245171920e+00,7.107699331192e+00,9.248022031909e+05
389,0.000000000000e+00,3,1.429552140037e+00,2.118704986075e-08,6.046705276102e-02,2.881298763685e-01,1.824761160909e-01,7.184544145482e+00,7.192888654876e+00,9.403268754283e+05
390,0.000000000000e+00,3,1.430869412749e+00,2.120639680031e-08,6.105279528171e-02,2.873396118307e-01,1.831678803252e-01,7.270521236065e+00,7.278758205408e+00,9.556619506022e+05
391,0.000000000000e+00,3,1.432187899274e+00,2.122576656160e-08,6.164493020826e-02,2.865591249190e-01,1.838522939676e-01,7.357066189422e+00,7.365197947851e+00,9.706466672074e+05
392,0.000000000000e+00,3,1.433507600728e+00,2.124515934659e-08,6.224343315006e-02,2.857899786375e-01,1.845306032359e-01,7.444145669127e+00,7.452174611721e+00,9.814111307254e+05
393,0.000000000000e+00,3,1.434828518233e+00,2.126457422129e-08,6.284715864342e-02,2.850252702264e-01,1.851900213904e-01,7.531801761473e+00,7.539729589857e+00,9.928067344771e+05
394,0.000000000000e+00,3,1.436150652907e+00,2.128400972778e-08,6.345679094678e-02,2.842653058395e-01,1.858314570887e-01,7.620002685603e+00,7.627831132600e+00,1.005019784421e+06
395,0.000000000000e+00,3,1.437474005874e+00,2.130346784116e-08,6.407239322602e-02,2.835135185789e-01,1.864654502758e-01,7.708657869715e+00,7.716389097451e+00,1.017868429286e+06
396,0.000000000000e+00,3,1.438798578256e+00,2.132294874345e-08,6.469344952895e-02,2.827651337663e-01,1.870981513585e-01,7.797938795278e+00,7.805574708913e+00,1.031186465546e+06
397,0.000000000000e+00,3,1.440124371176e+00,2.134245293928e-08,6.532007100551e-02,2.820207360121e-01,1.877337975849e-01,7.887805318136e+00,7.895347941845e+00,1.044862893988e+06
398,0.000000000000e+00,3,1.441451385758e+00,2.136197958282e-08,6.595317773035e-02,2.812787159605e-01,1.883630195743e-01,7.978305088726e+00,7.985756085284e+00,1.058804103358e+06
399,0.000000000000e+00,3,1.442779623129e+00,2.138152892477e-08,6.659311673416e-02,2.805433921380e-01,1.889885597608e-01,8.069311678410e+00,8.076673007935e+00,1.072949296399e+06
400,0.000000000000e+00,3,1.444109084416e+00,2.140110108277e-08,6.723978497790e-02,2.798101514651e-01,1.896118444560e-01,8.160911624292e+00,8.168184994270e+00,1.087256533409e+06
401,0.000000000000e+00,3,1.445439770746e+00,2.142069630692e-08,6.789226633664e-02,2.790774243011e-01,1.902389497214e-01,8.253060747655e+00,8.260247946101e+00,1.101696259006e+06
402,0.000000000000e+00,3,1.446771683248e+00,2.144031499398e-08,6.855036219715e-02,2.783451212099e-01,1.908722004176e-01,8.345746510673e+00,8.352849344742e+00,1.116241908773e+06
403,0.000000000000e+00,3,1.448104823051e+00,2.145995678417e-08,6.921445806097e-02,2.776165641501e-01,1.915078314930e-01,8.438873297649e+00,8.445893640178e+00,1.130874588030e+06
404,0.000000000000e+00,3,1.449439191288e+00,2.147962161194e-08,6.988406826559e-02,2.768882144926e-01,1.921431954511e-01,8.532458715159e+00,8.539398198923e+00,1.145578938598e+06
405,0.000000000000e+00,3,1.450774789089e+00,2.149930950678e-08,7.055749592594e-02,2.761567998371e-01,1.927734226777e-01,8.626457727199e+00,8.633317754489e+00,1.160342143818e+06
406,0.000000000000e+00,3,1.452111617588e+00,2.151902059084e-08,7.123477645603e-02,2.754243114368e-01,1.933999307732e-01,8.720846647325e+00,8.727628699944e+00,1.175153237698e+06
407,0.000000000000e+00,3,1.453449677918e+00,2.153875583382e-08,7.191670708860e-02,2.746918831883e-01,1.940252010895e-01,8.815615454928e+00,8.822321081851e+00,1.190002602387e+06
408,0.000000000000e+00,3,1.454788971216e+00,2.155851540315e-08,7.260323100225e-02,2.739541671033e-01,1.946492219200e-01,8.910842610519e+00,8.917473098578e+00,1.204881634101e+06
409,0.000000000000e+00,3,1.456129498616e+00,2.157829937378e-08,7.329429280375e-02,2.732118271941e-01,1.952733566247e-01,9.006488369207e+00,9.013045056158e+00,1.219782495152e+06
410,0.000000000000e+00,3,1.457471261257e+00,2.159810778250e-08,7.399002755775e-02,2.724673246764e-01,1.958981261152e-01,9.102490286348e+00,9.108974610573e+00,1.234697928211e+06
411,0.000000000000e+00,3,1.458814260275e+00,2.161794066477e-08,7.469012090395e-02,2.717156900441e-01,1.965224058708e-01,9.198887279129e+00,9.205300443793e+00,1.249621116637e+06
412,0.000000000000e+00,3,1.460158496812e+00,2.163779805477e-08,7.539419698863e-02,2.709567107637e-01,1.971481272768e-01,9.295668147662e+00,9.302011369569e+00,1.264545584482e+06
413,0.000000000000e+00,3,1.461503972006e+00,2.165767998537e-08,7.610268785519e-02,2.701930425991e-01,1.977771887214e-01,9.392791581567e+00,9.399066198858e+00,1.279465149102e+06
414,0.000000000000e+00,3,1.462850687000e+00,2.167758648804e-08,7.681528955659e-02,2.694198676873e-01,1.984075383747e-01,9.490297950024e+00,9.496505061618e+00,1.294373825752e+06
415,0.000000000000e+00,3,1.464198642935e+00,2.169751759284e-08,7.753182452043e-02,2.686365469797e-01,1.990395146143e-01,9.588199071167e+00,9.594339734182e+00,1.309265800572e+06
416,0.000000000000e+00,3,1.465547840956e+00,2.171747333722e-08,7.825213609886e-02,2.678446738940e-01,1.996729157192e-01,9.686431636771e+00,9.692506966376e+00,1.324135397769e+06
417,0.000000000000e+00,3,1.466898282206e+00,2.173745378223e-08,7.897628692219e-02,2.670428965523e-01,2.003076214224e-01,9.784976379087e+00,9.790987439732e+00,1.338977054787e+06
418,0.000000000000e+00,3,1.468249967832e+00,2.175745895525e-08,7.970390369439e-02,2.662298401040e-01,2.009434760261e-01,9.883823663368e+00,9.889771459904e+00,1.353785303465e+06
419,0.000000000000e+00,3,1.469602898980e+00,2.177748888165e-08,8.043503392243e-02,2.654063463769e-01,2.015823795318e-01,9.982944476839e+00,9.988830071973e+00,1.368554755733e+06
420,0.000000000000e+00,3,1.470957076797e+00,2.179754358545e-08,8.116953236355e-02,2.645693702144e-01,2.022231614871e-01,1.008233427817e+01,1.008815861040e+01,1.383280092777e+06
421,0.000000000000e+00,3,1.472312502433e+00,2.181762302778e-08,8.190709461503e-02,2.637195479276e-01,2.028659151459e-01,1.018193262482e+01,1.018769666450e+01,1.397956056818e+06
422,0.000000000000e+00,3,1.473669177037e+00,2.183772688985e-08,8.264748857706e-02,2.628545936939e-01,2.035106398807e-01,1.028178297173e+01,1.028748758459e+01,1.412577444883e+06
423,0.000000000000e+00,3,1.475027101760e+00,2.185784853328e-08,8.339088541896e-02,2.619746541082e-01,2.041565700946e-01,1.038183946259e+01,1.038748551340e+01,1.427139104056e+06
424,0.000000000000e+00,3,1.476386277754e+00,2.187799486781e-08,8.413699522463e-02,2.610798951897e-01,2.048052179898e-01,1.048206740964e+01,1.048765579638e+01,1.441635927812e+06
425,0.000000000000e+00,3,1.477746706172e+00,2.189816591154e-08,8.488572668551e-02,2.601689852265e-01,2.054552244823e-01,1.058249654566e+01,1.058802807304e+01,1.456062853159e+06
426,0.000000000000e+00,3,1.479108388168e+00,2.191836168190e-08,8.563675728857e-02,2.592391849247e-01,2.061028225782e-01,1.068308558229e+01,1.068856092003e+01,1.470414858359e+06
427,0.000000000000e+00,3,1.480471324898e+00,2.193858219538e-08,8.638990407148e-02,2.582911422154e-01,2.067495264684e-01,1.078381459398e+01,1.078923445355e+01,1.484686961108e+06
428,0.000000000000e+00,3,1.481835517516e+00,2.195882746290e-08,8.714510128437e-02,2.573264292710e-01,2.073962369260e-01,1.088461498933e+01,1.088998015723e+01,1.498874217103e+06
429,0.000000000000e+00,3,1.483200967182e+00,2.197909749864e-08,8.790225010794e-02,2.563433317703e-01,2.080394446279e-01,1.098545325373e+01,1.099076440970e+01,1.512972182604e+06
430,0.000000000000e+00,3,1.484567675052e+00,2.199939231623e-08,8.866104640343e-02,2.553399295117e-01,2.086782717551e-01,1.108637962471e+01,1.109163734825e+01,1.526977355960e+06
431,0.000000000000e+00,3,1.485935642287e+00,2.201971192781e-08,8.942104942495e-02,2.543184747924e-01,2.093154294183e-01,1.118720644774e+01,1.119241149458e+01,1.540882905110e+06
432,0.000000000000e+00,3,1.487304870047e+00,2.204005634377e-08,9.018173812347e-02,2.532784771588e-01,2.099515989697e-01,1.128778032939e+01,1.129293350602e+01,1.554684026375e+06
433,0.000000000000e+00,3,1.488675359492e+00,2.206042557237e-08,9.094289809485e-02,2.522187368733e-01,2.105877499960e-01,1.138818185397e+01,1.139328390068e+01,1.568375954720e+06
434,0.000000000000e+00,3,1.490047111787e+00,2.208081961949e-08,9.170445756521e-02,2.511380177886e-01,2.112207758445e-01,1.148844615623e+01,1.149349769705e+01,1.581953966349e+06
435,0.000000000000e+00,3,1.491420128094e+00,2.210123848817e-08,9.246659760830e-02,2.500359859450e-01,2.118460033465e-01,1.158861564807e+01,1.159361718506e+01,1.595413382020e+06
436,0.000000000000e+00,3,1.492794409579e+00,2.212168217824e-08,9.322906036082e-02,2.489120664700e-01,2.124596479204e-01,1.168868813997e+01,1.169364008382e+01,1.608749570939e+06
437,0.000000000000e+00,3,1.494169957407e+00,2.214215068577e-08,9.399178422889e-02,2.477659469889e-01,2.130579301843e-01,1.178860742374e+01,1.179351012603e+01,1.621957955024e+06
438,0.000000000000e+00,3,1.495546772744e+00,2.216264400254e-08,9.475444556084e-02,2.465969412807e-01,2.136388423627e-01,1.188836495431e+01,1.189321871061e+01,1.635034013375e+06
439,0.000000000000e+00,3,1.496924856760e+00,2.218316211545e-08,9.551679116832e-02,2.454033556205e-01,2.141994735877e-01,1.198796824395e+01,1.199277325295e+01,1.647973286722e+06
440,0.000000000000e+00,3,1.498304210623e+00,2.220370500605e-08,9.627871784882e-02,2.441851736685e-01,2.147382018962e-01,1.208736229356e+01,1.209211874328e+01,1.660771381691e+06
441,0.000000000000e+00,3,1.499684835502e+00,2.222427265014e-08,9.703998838916e-02,2.429431095254e-01,2.152558275577e-01,1.218650861130e+01,1.219121672838e+01,1.673423974711e+06
442,0.000000000000e+00,3,1.501066732570e+00,2.224486490964e-08,9.780033225245e-02,2.416769565907e-01,2.157517852924e-01,1.228534484570e+01,1.229000486033e+01,1.685926815396e+06
443,0.000000000000e+00,3,1.502449902999e+00,2.226548177906e-08,9.855948520596e-02,2.403866634891e-01,2.162219879609e-01,1.238384905075e+01,1.238846112235e+01,1.698275729320e+06
444,0.000000000000e+00,3,1.503834347961e+00,2.228612328093e-08,9.931712818262e-02,2.390712960095e-01,2.166646830804e-01,1.248201754005e+01,1.248658177531e+01,1.710466774717e+06
445,0.000000000000e+00,3,1.505220068632e+00,2.230678943977e-08,1.000729367241e-01,2.377298900005e-01,2.170757639228e-01,1.257984297198e+01,1.258435938696e+01,1.722496611490e+06
446,0.000000000000e+00,3,1.506607066187e+00,2.232748028149e-08,1.008265239004e-01,2.363629062157e-01,2.174540103007e-01,1.267730010058e+01,1.268176870543e+01,1.734361580061e+06
447,0.000000000000e+00,3,1.507995341802e+00,2.234819583286e-08,1.015777122719e-01,2.349703358337e-01,2.177967211623e-01,1.277437596531e+01,1.277879672759e+01,1.746058170077e+06
448,0.000000000000e+00,3,1.509384896655e+00,2.236893612106e-08,1.023264333506e-01,2.335524505664e-01,2.181036417589e-01,1.287103775653e+01,1.287541065655e+01,1.757582955407e+06
449,0.000000000000e+00,3,1.510775731925e+00,2.238970117342e-08,1.030725423639e-01,2.321101579221e-01,2.183787304780e-01,1.296718506934e+01,1.297151020379e+01,1.768931521156e+06
450,0.000000000000e+00,3,1.512167848792e+00,2.241049101576e-08,1.038157741689e-01,2.306424411050e-01,2.186177134087e-01,1.306280888526e+01,1.306708626007e+01,1.780099606020e+06
451,0.000000000000e+00,3,1.513561248436e+00,2.243130567336e-08,1.045559817764e-01,2.291511926657e-01,2.188224780381e-01,1.315784180505e+01,1.316207151121e+01,1.791083323530e+06
452,0.000000000000e+00,3,1.514955932040e+00,2.245214517624e-08,1.052928649568e-01,2.276360625258e-01,2.189921663951e-01,1.325223610731e+01,1.325641822579e+01,1.801879078495e+06
453,0.000000000000e+00,3,1.516351900787e+00,2.247300955422e-08,1.060262546066e-01,2.260978826817e-01,2.191262312541e-01,1.334590151006e+01,1.335003615129e+01,1.812483463914e+06
454,0.000000000000e+00,3,1.517749155861e+00,2.249389889594e-08,1.067558585258e-01,2.245356352774e-01,2.192214855861e-01,1.343883764380e+01,1.344292484324e+01,1.822893182482e+06
455,0.000000000000e+00,3,1.519147698448e+00,2.251481341620e-08,1.074815391483e-01,2.229505953997e-01,2.192814757502e-01,1.353094616772e+01,1.353498606607e+01,1.833105029960e+06
456,0.000000000000e+00,3,1.520547529732e+00,2.253575322008e-08,1.082032014616e-01,2.213469894109e-01,2.193140852292e-01,1.362196945335e+01,1.362596245696e+01,1.843115879833e+06
457,0.000000000000e+00,3,1.521948650904e+00,2.255671840221e-08,1.089204040346e-01,2.197234753265e-01,2.193123009317e-01,1.371194050145e+01,1.371588685651e+01,1.852922674534e+06
458,0.000000000000e+00,3,1.523351063150e+00,2.257770904555e-08,1.096326947305e-01,2.180779352107e-01,2.192648272803e-01,1.380096354762e+01,1.380486324528e+01,1.862522419613e+06
459,0.000000000000e+00,3,1.524754767660e+00,2.259872522288e-08,1.103397882240e-01,2.164092842040e-01,2.191633391200e-01,1.388910941966e+01,1.389296227907e+01,1.871912179614e+06
460,0.000000000000e+00,3,1.526159765625e+00,2.261976700006e-08,1.110415025948e-01,2.147182142093e-01,2.190071201217e-01,1.397636492067e+01,1.398017076581e+01,1.881089075504e+06
461,0.000000000000e+00,3,1.527566058238e+00,2.264083442648e-08,1.117373956890e-01,2.130059289629e-01,2.187969753690e-01,1.406266488820e+01,1.406642359115e+01,1.890051839720e+06
462,0.000000000000e+00,3,1.528973646691e+00,2.266192753791e-08,1.124272360026e-01,2.112733606834e-01,2.185329584455e-01,1.414796014365e+01,1.415167160432e+01,1.898796795069e+06
463,0.000000000000e+00,3,1.530382532177e+00,2.268304635464e-08,1.131104954447e-01,2.095213269784e-01,2.182120016803e-01,1.423221322805e+01,1.423587731814e+01,1.907320843050e+06
464,0.000000000000e+00,3,1.531792715893e+00,2.270419087969e-08,1.137864670816e-01,2.077507090344e-01,2.178294358930e-01,1.431540257404e+01,1.431901910876e+01,1.915621392850e+06
465,0.000000000000e+00,3,1.533204199035e+00,2.272535972272e-08,1.144547770623e-01,2.059621827772e-01,2.173841167471e-01,1.439749271343e+01,1.440106150963e+01,1.923695939922e+06
466,0.000000000000e+00,3,1.534616982799e+00,2.274655471811e-08,1.151154723400e-01,2.041569720151e-01,2.168794648003e-01,1.447844766931e+01,1.448196862503e+01,1.931542077596e+06
467,0.000000000000e+00,3,1.536031068385e+00,2.276777705261e-08,1.157685661617e-01,2.023365078285e-01,2.163185627852e-01,1.455822247700e+01,1.456169556864e+01,1.939157508344e+06
468,0.000000000000e+00,3,1.537446456992e+00,2.278902673446e-08,1.164139110263e-01,2.005018027909e-01,2.157000839204e-01,1.463678191872e+01,1.464020712401e+01,1.946540052762e+06
469,0.000000000000e+00,3,1.538863149820e+00,2.281030375277e-08,1.170513736474e-01,1.986539005834e-01,2.150244433589e-01,1.471408124166e+01,1.471745856775e+01,1.953687655143e+06
470,0.000000000000e+00,3,1.540281148072e+00,2.283160808373e-08,1.176808190115e-01,1.967941513227e-01,2.142914594374e-01,1.479008160501e+01,1.479341108147e+01,1.960598386028e+06
471,0.000000000000e+00,3,1.541700452950e+00,2.285293969103e-08,1.183018389855e-01,1.949237603145e-01,2.135002550944e-01,1.486473982244e+01,1.486802148725e+01,1.967270443460e+06
472,0.000000000000e+00,3,1.543121065658e+00,2.287429997959e-08,1.189140979899e-01,1.930439028795e-01,2.126517613715e-01,1.493797719633e+01,1.494121112898e+01,1.973702151487e+06
473,0.000000000000e+00,3,1.544542987401e+00,2.289568785144e-08,1.195174808194e-01,1.911561375094e-01,2.117482696155e-01,1.500975637840e+01,1.501294271506e+01,1.979892489848e+06
474,0.000000000000e+00,3,1.545966219387e+00,2.291710300075e-08,1.201118810112e-01,1.892617537002e-01,2.107893335977e-01,1.508005782490e+01,1.508319671094e+01,1.985842235503e+06
475,0.000000000000e+00,3,1.547390762821e+00,2.293854516065e-08,1.206971820742e-01,1.873618441915e-01,2.097741552664e-01,1.514887028446e+01,1.515196186512e+01,1.991554549016e+06
476,0.000000000000e+00,3,1.548816618912e+00,2.296001313803e-08,1.212731281374e-01,1.854575098500e-01,2.087013709629e-01,1.521616829463e+01,1.521921270934e+01,1.997030267030e+06
477,0.000000000000e+00,3,1.550243788871e+00,2.298150689978e-08,1.218395589962e-01,1.835501004061e-01,2.075697702900e-01,1.528194594292e+01,1.528494332765e+01,2.002265883600e+06
478,0.000000000000e+00,3,1.551672273907e+00,2.300302624056e-08,1.223962301124e-01,1.816411524367e-01,2.063790368744e-01,1.534615921759e+01,1.534910972610e+01,2.007257622588e+06
479,0.000000000000e+00,3,1.553102075233e+00,2.302457063143e-08,1.229428875871e-01,1.797321728715e-01,2.051284810938e-01,1.540877705983e+01,1.541168085514e+01,2.012002479004e+06
480,0.000000000000e+00,3,1.554533194061e+00,2.304613992558e-08,1.234793828076e-01,1.778246122456e-01,2.038186199192e-01,1.546978451260e+01,1.547264177983e+01,2.016498266611e+06
481,0.000000000000e+00,3,1.555965631605e+00,2.306773405764e-08,1.240054535847e-01,1.759201419125e-01,2.024493434988e-01,1.552914858731e+01,1.553195952970e+01,2.020743466428e+06
482,0.000000000000e+00,3,1.557399389081e+00,2.308935286113e-08,1.245208629291e-01,1.740204261051e-01,2.010214697872e-01,1.558684011341e+01,1.558960496312e+01,2.024737086740e+06
483,0.000000000000e+00,3,1.558834467704e+00,2.311099603539e-08,1.250253048892e-01,1.721267133209e-01,1.995350178179e-01,1.564283173338e+01,1.564555073478e+01,2.028478568771e+06
484,0.000000000000e+00,3,1.560270868693e+00,2.313266352477e-08,1.255184570654e-01,1.702403430185e-01,1.979886850890e-01,1.569710264572e+01,1.569977603812e+01,2.031967721782e+06
485,0.000000000000e+00,3,1.561708593265e+00,2.315435538845e-08,1.260002231762e-01,1.683632310947e-01,1.963827582334e-01,1.574964283452e+01,1.575227087871e+01,2.035204654633e+06
486,0.000000000000e+00,3,1.563147642641e+00,2.317607149590e-08,1.264704264174e-01,1.664969068687e-01,1.947190622301e-01,1.580043282831e+01,1.580301582180e+01,2.038189683373e+06
487,0.000000000000e+00,3,1.564588018041e+00,2.319780904628e-08,1.269288373495e-01,1.646428875816e-01,1.929985647849e-01,1.584944377908e+01,1.585198204523e+01,2.040923211110e+06
488,0.000000000000e+00,3,1.566029720686e+00,2.321956448949e-08,1.273753442749e-01,1.628027569143e-01,1.912231137664e-01,1.589664629042e+01,1.589914018990e+01,2.043405609627e+06
489,0.000000000000e+00,3,1.567472751800e+00,2.324134735563e-08,1.278099007201e-01,1.609780485751e-01,1.893946889488e-01,1.594203114641e+01,1.594448107415e+01,2.045637151731e+06
490,0.000000000000e+00,3,1.568917112608e+00,2.326315795094e-08,1.282323139107e-01,1.591706950296e-01,1.875165773797e-01,1.598556562901e+01,1.598797203471e+01,2.047618021967e+06
491,0.000000000000e+00,3,1.570362804334e+00,2.328499684438e-08,1.286425030601e-01,1.573826514931e-01,1.855911195143e-01,1.602722977375e+01,1.602959314757e+01,2.049349501808e+06
492,0.000000000000e+00,3,1.571809828204e+00,2.330686405511e-08,1.290403845639e-01,1.556154258530e-01,1.836205066091e-01,1.606700242751e+01,1.606932329247e+01,2.050838995784e+06
493,0.000000000000e+00,3,1.573258185446e+00,2.332875967007e-08,1.294259752439e-01,1.538714792927e-01,1.816130473926e-01,1.610482887955e+01,1.610710787366e+01,2.052083402276e+06
494,0.000000000000e+00,3,1.574707877290e+00,2.335068381153e-08,1.297991906377e-01,1.521524120923e-01,1.795740003326e-01,1.614068058903e+01,1.614291841289e+01,2.053087076171e+06
495,0.000000000000e+00,3,1.576158904964e+00,2.337263662372e-08,1.301598091070e-01,1.504593229608e-01,1.775009667426e-01,1.617455643878e+01,1.617675375866e+01,2.053843027604e+06
496,0.000000000000e+00,3,1.577611269699e+00,2.339461816884e-08,1.305076346465e-01,1.487935106095e-01,1.753916024277e-01,1.620646725820e+01,1.620862470899e+01,2.054351381995e+06
497,0.000000000000e+00,3,1.579064972728e+00,2.341662935041e-08,1.308425465086e-01,1.471566282577e-01,1.732495856367e-01,1.623638350257e+01,1.623850176299e+01,2.054613905085e+06
498,0.000000000000e+00,3,1.580520015284e+00,2.343866919947e-08,1.311642970738e-01,1.455499651221e-01,1.710745122823e-01,1.626431733895e+01,1.626639707667e+01,2.054632780781e+06
499,0.000000000000e+00,3,1.581976398601e+00,2.346073567133e-08,1.314725575004e-01,1.439743422797e-01,1.688693031322e-01,1.629023663481e+01,1.629227854243e+01,2.054410387117e+06
500,0.000000000000e+00,3,1.583434123915e+00,2.348282818894e-08,1.317672159281e-01,1.424317391372e-01,1.666391666926e-01,1.631411828583e+01,1.631612311352e+01,2.053949240834e+06
501,0.000000000000e+00,3,1.584893192461e+00,2.350494594598e-08,1.320483430454e-01,1.409239181980e-01,1.643865115536e-01,1.633598210182e+01,1.633795062031e+01,2.053251845633e+06
502,0.000000000000e+00,3,1.586353605479e+00,2.352709095266e-08,1.323157822895e-01,1.394518254269e-01,1.621172608896e-01,1.635579873023e+01,1.635773176170e+01,2.052320418664e+06
503,0.000000000000e+00,3,1.587815364206e+00,2.354926277938e-08,1.325695854733e-01,1.380168514856e-01,1.598358002424e-01,1.637356651187e+01,1.637546491394e+01,2.051156594562e+06
504,0.000000000000e+00,3,1.589278469882e+00,2.357146156833e-08,1.328097055055e-01,1.366203207968e-01,1.575466604926e-01,1.638928421902e+01,1.639114888261e+01,2.049761324218e+06
505,0.000000000000e+00,3,1.590742923750e+00,2.359368854621e-08,1.330361809195e-01,1.352635622338e-01,1.552542190291e-01,1.640296048874e+01,1.640479233408e+01,2.048135084184e+06
506,0.000000000000e+00,3,1.592208727051e+00,2.361595622318e-08,1.332489237174e-01,1.339476017782e-01,1.529647838525e-01,1.641458200876e+01,1.641638200040e+01,2.046278286294e+06
507,0.000000000000e+00,3,1.593675881029e+00,2.363825487398e-08,1.334479995338e-01,1.326738229057e-01,1.506865235322e-01,1.642413272810e+01,1.642590189336e+01,2.044191664835e+06
508,0.000000000000e+00,3,1.595144386928e+00,2.366058430917e-08,1.336331434379e-01,1.314430322149e-01,1.484228188558e-01,1.643160131842e+01,1.643334069228e+01,2.041876486226e+06
509,0.000000000000e+00,3,1.596614245993e+00,2.368294428435e-08,1.338041597811e-01,1.302559962163e-01,1.461774561911e-01,1.643698374197e+01,1.643869436909e+01,2.039334583094e+06
510,0.000000000000e+00,3,1.598085459473e+00,2.370533452409e-08,1.339611142720e-01,1.291137899750e-01,1.439568890475e-01,1.644028818511e+01,1.644197114541e+01,2.036568288314e+06
511,0.000000000000e+00,3,1.599558028615e+00,2.372775473899e-08,1.341041974315e-01,1.280172305519e-01,1.417676480021e-01,1.644153186342e+01,1.644318826837e+01,2.033580336583e+06
512,0.000000000000e+00,3,1.601031954667e+00,2.375020464184e-08,1.342336622686e-01,1.269672364659e-01,1.396146984387e-01,1.644074970924e+01,1.644238068594e+01,2.030373770722e+06
513,0.000000000000e+00,3,1.602507238881e+00,2.377268395385e-08,1.343495627146e-01,1.259646372720e-01,1.375032699234e-01,1.643796016254e+01,1.643956685406e+01,2.026951868781e+06
514,0.000000000000e+00,3,1.603983882508e+00,2.379519239979e-08,1.344519081366e-01,1.250102478868e-01,1.354404529139e-01,1.643317066466e+01,1.643475424482e+01,2.023318106048e+06
515,0.000000000000e+00,3,1.605461886801e+00,2.381772971612e-08,1.345406788071e-01,1.241045499496e-01,1.334322908922e-01,1.642638923395e+01,1.642795089399e+01,2.019476179217e+06
516,0.000000000000e+00,3,1.606941253013e+00,2.384029565204e-08,1.346160994428e-01,1.232477538991e-01,1.314855693800e-01,1.641764841601e+01,1.641918936701e+01,2.015430062098e+06
517,0.000000000000e+00,3,1.608421982399e+00,2.386288996929e-08,1.346787372082e-01,1.224401865636e-01,1.296071510579e-01,1.640701210255e+01,1.640853357581e+01,2.011184019335e+06
518,0.000000000000e+00,3,1.609904076216e+00,2.388551244160e-08,1.347275448185e-01,1.216818015030e-01,1.278035444369e-01,1.639437742998e+01,1.639588067274e+01,2.006742494369e+06
519,0.000000000000e+00,3,1.611387535720e+00,2.390816285378e-08,1.347624825466e-01,1.209729425115e-01,1.260819850335e-01,1.637975029730e+01,1.638123657873e+01,2.002109871057e+06
520,0.000000000000e+00,3,1.612872362170e+00,2.393084100075e-08,1.347835240660e-01,1.203135330819e-01,1.244493185466e-01,1.636313374210e+01,1.636460434717e+01,1.997290232429e+06
521,0.000000000000e+00,3,1.614358556826e+00,2.395354668645e-08,1.347903901250e-01,1.197030380423e-01,1.229125449643e-01,1.634450814741e+01,1.634596437477e+01,1.992287254243e+06
522,0.000000000000e+00,3,1.615846120949e+00,2.397627972289e-08,1.347831033765e-01,1.191412603980e-01,1.214779281166e-01,1.632388328364e+01,1.632532644297e+01,1.987104091471e+06
523,0.000000000000e+00,3,1.617335055800e+00,2.399903992898e-08,1.347620419887e-01,1.186277506628e-01,1.201513028514e-01,1.630129937680e+01,1.630273078533e+01,1.981742741315e+06
524,0.000000000000e+00,3,1.618825362642e+00,2.402182712870e-08,1.347267741714e-01,1.181609099945e-01,1.189373656600e-01,1.627672453328e+01,1.627814550044e+01,1.976203306807e+06
525,0.000000000000e+00,3,1.620317042740e+00,2.404464115241e-08,1.346769420809e-01,1.177396660152e-01,1.178409282186e-01,1.625013452395e+01,1.625154635838e+01,1.970484009413e+06
526,0.000000000000e+00,3,1.621810097359e+00,2.406748183488e-08,1.346131881206e-01,1.173634256536e-01,1.168664411569e-01,1.622159158671e+01,1.622299560054e+01,1.964601188733e+06
527,0.000000000000e+00,3,1.623304527765e+00,2.409034901498e-08,1.345361467322e-01,1.170315764782e-01,1.160169976151e-01,1.619116250028e+01,1.619256000202e+01,1.958559057644e+06
528,0.000000000000e+00,3,1.624800335227e+00,2.411324253503e-08,1.344460511181e-01,1.167434716318e-01,1.152957935408e-01,1.615888220225e+01,1.616027450030e+01,1.952356254572e+06
529,0.000000000000e+00,3,1.626297521013e+00,2.413616224044e-08,1.343429455620e-01,1.164970730855e-01,1.147057566467e-01,1.612476979618e+01,1.612615819052e+01,1.945979522014e+06
530,0.000000000000e+00,3,1.627796086394e+00,2.415910797947e-08,1.342269297036e-01,1.162918853488e-01,1.142499424758e-01,1.608885037764e+01,1.609023617586e+01,1.939427338015e+06
531,0.000000000000e+00,3,1.629296032640e+00,2.418207960301e-08,1.340979706820e-01,1.161270492564e-01,1.139295688106e-01,1.605113622560e+01,1.605252073154e+01,1.932702784879e+06
532,0.000000000000e+00,3,1.630797361024e+00,2.420507696443e-08,1.339561774292e-01,1.160011383668e-01,1.137455849356e-01,1.601165281478e+01,1.601303732715e+01,1.925851308098e+06
533,0.000000000000e+00,3,1.632300072819e+00,2.422809991960e-08,1.338016600621e-01,1.159128059250e-01,1.136968679425e-01,1.597042654668e+01,1.597181234937e+01,1.918860349709e+06
534,0.000000000000e+00,3,1.633804169301e+00,2.425114832680e-08,1.336345617445e-01,1.158602320393e-01,1.137827422432e-01,1.592748919408e+01,1.592887756025e+01,1.911708901724e+06
535,0.000000000000e+00,3,1.635309651745e+00,2.427422204677e-08,1.334549498250e-01,1.158426552556e-01,1.140032538926e-01,1.588286815244e+01,1.588426036157e+01,1.904402687193e+06
536,0.000000000000e+00,3,1.636816521428e+00,2.429732094273e-08,1.332629623812e-01,1.158584704965e-01,1.143501829846e-01,1.583658559234e+01,1.583798286999e+01,1.897012679028e+06
537,0.000000000000e+00,3,1.638324779629e+00,2.432044488041e-08,1.330587532116e-01,1.159071586411e-01,1.148198516105e-01,1.578866576158e+01,1.579006932317e+01,1.889494486060e+06
538,0.000000000000e+00,3,1.639834427627e+00,2.434359372813e-08,1.328424098941e-01,1.159865089507e-01,1.154085210145e-01,1.573913046985e+01,1.574054151069e+01,1.881908292656e+06
539,0.000000000000e+00,3,1.641345466702e+00,2.436676735682e-08,1.326140790334e-01,1.160944770135e-01,1.161115222770e-01,1.568800795969e+01,1.568942765210e+01,1.874206746077e+06
540,0.000000000000e+00,3,1.642857898137e+00,2.438996564700e-08,1.323739275662e-01,1.162293969797e-01,1.169240470310e-01,1.563532877465e+01,1.563675827190e+01,1.866356686271e+06
541,0.000000000000e+00,3,1.644371723215e+00,2.441318850145e-08,1.321222042389e-01,1.163912322082e-01,1.178413455376e-01,1.558113143254e+01,1.558257188325e+01,1.858371972940e+06
542,0.000000000000e+00,3,1.645886943219e+00,2.443643580293e-08,1.318588274407e-01,1.165793468651e-01,1.188573473749e-01,1.552542363634e+01,1.552687617170e+01,1.850260256976e+06
543,0.000000000000e+00,3,1.647403559436e+00,2.445970743521e-08,1.315839227362e-01,1.167913802490e-01,1.199661739464e-01,1.546822997825e+01,1.546969570154e+01,1.842027351613e+06
544,0.000000000000e+00,3,1.648921573151e+00,2.448300328465e-08,1.312977710457e-01,1.170266540618e-01,1.211622833425e-01,1.540958971500e+01,1.541106971712e+01,1.833678234256e+06
545,0.000000000000e+00,3,1.650440985652e+00,2.450632324026e-08,1.310004184994e-01,1.172829980776e-01,1.224391806917e-01,1.534952037553e+01,1.535101571633e+01,1.825217881578e+06
546,0.000000000000e+00,3,1.651961798229e+00,2.452966719377e-08,1.306915382147e-01,1.175578663537e-01,1.237896159166e-01,1.528800332533e+01,1.528951502417e+01,1.816648204814e+06
547,0.000000000000e+00,3,1.653484012171e+00,2.455303503957e-08,1.303708307536e-01,1.178491732700e-01,1.252067138158e-01,1.522501715274e+01,1.522654619418e+01,1.807972194276e+06
548,0.000000000000e+00,3,1.655007628770e+00,2.457642667481e-08,1.300385972193e-01,1.181550469693e-01,1.266834742925e-01,1.516059415870e+01,1.516214149120e+01,1.799190221679e+06
549,0.000000000000e+00,3,1.656532649318e+00,2.459984199944e-08,1.296959108592e-01,1.184749875936e-01,1.282148765684e-01,1.509484245938e+01,1.509640901936e+01,1.790303175659e+06
550,0.000000000000e+00,3,1.658059075109e+00,2.462328091617e-08,1.293433537230e-01,1.188074330401e-01,1.297945319809e-01,1.502782854599e+01,1.502941523605e+01,1.781400866486e+06
551,0.000000000000e+00,3,1.659586907438e+00,2.464674333056e-08,1.289809694067e-01,1.191497860205e-01,1.314173760070e-01,1.495957130175e+01,1.496117899167e+01,1.772405987126e+06
552,0.000000000000e+00,3,1.661116147600e+00,2.467022918878e-08,1.286085432216e-01,1.194997411009e-01,1.330783437834e-01,1.489006405641e+01,1.489169358384e+01,1.763312092294e+06
553,0.000000000000e+00,3,1.662646796894e+00,2.469373841346e-08,1.282266073232e-01,1.198581149910e-01,1.347722771099e-01,1.481936952878e+01,1.482102172011e+01,1.754119924086e+06
554,0.000000000000e+00,3,1.664178856617e+00,2.471727091685e-08,1.278353624064e-01,1.202226449046e-01,1.364948328313e-01,1.474751953813e+01,1.474919518927e+01,1.744829178886e+06
555,0.000000000000e+00,3,1.665712328069e+00,2.474082661471e-08,1.274348502215e-01,1.205913957207e-01,1.382422796954e-01,1.467453048656e+01,1.467623036937e+01,1.735908730909e+06
556,0.000000000000e+00,3,1.667247212551e+00,2.476440567894e-08,1.270252403332e-01,1.209626260214e-01,1.400102565163e-01,1.460043124127e+01,1.460215609667e+01,1.727787237233e+06
557,0.000000000000e+00,3,1.668783511365e+00,2.478800795163e-08,1.266068429978e-01,1.213357736980e-01,1.417944337035e-01,1.452526447595e+01,1.452701502100e+01,1.719599228400e+06
558,0.000000000000e+00,3,1.670321225815e+00,2.481163318766e-08,1.261796494247e-01,1.217072364960e-01,1.435902759147e-01,1.444904022136e+01,1.445081712019e+01,1.711312422651e+06
559,0.000000000000e+00,3,1.671860357204e+00,2.483528132008e-08,1.257439435313e-01,1.220772267094e-01,1.453941961274e-01,1.437180001089e+01,1.437360391182e+01,1.702924099717e+06
560,0.000000000000e+00,3,1.673400906839e+00,2.485895228017e-08,1.253001068771e-01,1.224450904841e-01,1.472037382060e-01,1.429359748194e+01,1.429542901886e+01,1.694438729468e+06
561,0.000000000000e+00,3,1.674942876026e+00,2.488264579005e-08,1.248482828052e-01,1.228089759051e-01,1.490148324999e-01,1.421445996371e+01,1.421631972835e+01,1.685858854646e+06
562,0.000000000000e+00,3,1.676486266074e+00,2.490636170958e-08,1.243887822474e-01,1.231671721016e-01,1.508244603007e-01,1.413443255333e+01,1.413632110360e+01,1.677186504593e+06
563,0.000000000000e+00,3,1.678031078291e+00,2.493009998530e-08,1.239218356547e-01,1.235208652534e-01,1.526298826819e-01,1.405355517022e+01,1.405547305604e+01,1.668423576131e+06
564,0.000000000000e+00,3,1.679577313988e+00,2.495386055915e-08,1.234476335523e-01,1.238690481307e-01,1.544280120138e-01,1.397185891911e+01,1.397380665838e+01,1.659568578786e+06
565,0.000000000000e+00,3,1.681124974477e+00,2.497764337239e-08,1.229665262131e-01,1.242100635183e-01,1.562165337479e-01,1.388939172875e+01,1.389136980670e+01,1.650613295487e+06
566,0.000000000000e+00,3,1.682674061070e+00,2.500144836709e-08,1.224789809817e-01,1.245453110641e-01,1.579931239721e-01,1.380620702296e+01,1.380821591747e+01,1.641717617324e+06
567,0.000000000000e+00,3,1.684224575083e+00,2.502527548668e-08,1.219842613778e-01,1.248736041623e-01,1.597546607954e-01,1.372222831069e+01,1.372426846645e+01,1.632827676837e+06
568,0.000000000000e+00,3,1.685776517829e+00,2.504912467613e-08,1.214824422768e-01,1.251894159102e-01,1.614994554330e-01,1.363746581510e+01,1.363953761334e+01,1.623818869987e+06
569,0.000000000000e+00,3,1.687329890626e+00,2.507299588188e-08,1.209735937075e-01,1.254947428775e-01,1.632245851341e-01,1.355193177653e+01,1.355403558656e+01,1.614684941265e+06
570,0.000000000000e+00,3,1.688884694791e+00,2.509688905174e-08,1.204577024043e-01,1.257861209054e-01,1.649272201672e-01,1.346563130012e+01,1.346776742838e+01,1.605426404891e+06
571,0.000000000000e+00,3,1.690440931643e+00,2.512080413478e-08,1.199352156429e-01,1.260661412050e-01,1.666068702231e-01,1.337861584830e+01,1.338078461801e+01,1.596048658385e+06
572,0.000000000000e+00,3,1.691998602503e+00,2.514474108112e-08,1.194061393153e-01,1.263328214358e-01,1.682601671590e-01,1.329089606617e+01,1.329309774031e+01,1.586559839685e+06
573,0.000000000000e+00,3,1.693557708692e+00,2.516869984180e-08,1.188710039715e-01,1.265854280324e-01,1.698857186559e-01,1.320253140890e+01,1.320476622082e+01,1.576969586879e+06
574,0.000000000000e+00,3,1.695118251531e+00,2.519268036857e-08,1.183296324367e-01,1.268235362958e-01,1.714810730917e-01,1.311351381579e+01,1.311578196169e+01,1.567288416105e+06
575,0.000000000000e+00,3,1.696680232346e+00,2.521668261376e-08,1.177825696080e-01,1.270454983162e-01,1.730446796323e-01,1.302390472509e+01,1.302620635648e+01,1.557527123059e+06
576,0.000000000000e+00,3,1.698243652462e+00,2.524070653007e-08,1.172301125523e-01,1.272515525659e-01,1.745764441500e-01,1.293374821372e+01,1.293608347405e+01,1.547695950148e+06
577,0.000000000000e+00,3,1.699808513203e+00,2.526475207041e-08,1.166716399587e-01,1.274404802117e-01,1.760727068674e-01,1.284297270893e+01,1.284534168280e+01,1.537803725996e+06
578,0.000000000000e+00,3,1.701374815899e+00,2.528881918776e-08,1.161068611054e-01,1.276130413560e-01,1.775314130921e-01,1.275155921940e+01,1.275396196561e+01,1.527857335184e+06
579,0.000000000000e+00,3,1.702942561878e+00,2.531290783499e-08,1.155360232803e-01,1.277683263911e-01,1.789507287792e-01,1.265953844523e+01,1.266197497736e+01,1.517861776349e+06
580,0.000000000000e+00,3,1.704511752468e+00,2.533699584591e-08,1.149593069508e-01,1.279066483714e-01,1.803290450014e-01,1.256693416847e+01,1.256940446927e+01,1.507818878944e+06
581,0.000000000000e+00,3,1.706082389003e+00,2.536109977277e-08,1.143767501932e-01,1.280279296569e-01,1.816639849320e-01,1.247375564537e+01,1.247625965166e+01,1.497728030129e+06
582,0.000000000000e+00,3,1.707654472814e+00,2.538522508725e-08,1.137900068190e-01,1.281324896397e-01,1.829549837365e-01,1.238017308764e+01,1.238271070108e+01,1.487589330662e+06
583,0.000000000000e+00,3,1.709228005234e+00,2.540927621707e-08,1.131993412695e-01,1.282209145162e-01,1.842017400116e-01,1.228622802197e+01,1.228879912696e+01,1.477406124326e+06
584,0.000000000000e+00,3,1.710802987599e+00,2.543328683338e-08,1.126049370100e-01,1.282933043562e-01,1.854037057766e-01,1.219195195048e+01,1.219455640607e+01,1.467182941775e+06
585,0.000000000000e+00,3,1.712379421245e+00,2.545725198266e-08,1.120068746742e-01,1.283513522793e-01,1.865593238701e-01,1.209736707079e+01,1.210000471225e+01,1.456924062020e+06
586,0.000000000000e+00,3,1.713957307508e+00,2.548104378547e-08,1.114052770262e-01,1.283935381018e-01,1.876685567170e-01,1.200250162508e+01,1.200517225131e+01,1.446633115835e+06
587,0.000000000000e+00,3,1.715536647728e+00,2.550482867040e-08,1.108003772136e-01,1.284195577048e-01,1.887306608237e-01,1.190739064194e+01,1.191009401594e+01,1.436313266874e+06
588,0.000000000000e+00,3,1.717117443244e+00,2.552860012634e-08,1.101923530685e-01,1.284281654108e-01,1.897450880823e-01,1.181206606235e+01,1.181480190304e+01,1.425996774551e+06
589,0.000000000000e+00,3,1.718699695398e+00,2.555234201237e-08,1.095814084192e-01,1.284197069295e-01,1.907117422343e-01,1.171656467964e+01,1.171933268438e+01,1.415824829097e+06
590,0.000000000000e+00,3,1.720283405530e+00,2.557608655863e-08,1.089677198659e-01,1.283958748810e-01,1.916302867131e-01,1.162091557457e+01,1.162371543108e+01,1.405630302809e+06
591,0.000000000000e+00,3,1.721868574986e+00,2.559984220169e-08,1.083513144620e-01,1.283571958238e-01,1.925010483248e-01,1.152513684113e+01,1.152796822677e+01,1.395740405092e+06
592,0.000000000000e+00,3,1.723455205109e+00,2.562357155065e-08,1.077324251667e-01,1.282970303892e-01,1.933235049978e-01,1.142926504664e+01,1.143212753110e+01,1.385855538933e+06
593,0.000000000000e+00,3,1.725043297246e+00,2.564729421369e-08,1.071112121043e-01,1.282155506089e-01,1.940962988198e-01,1.133332333632e+01,1.133621644368e+01,1.375945011361e+06
594,0.000000000000e+00,3,1.726632852743e+00,2.567100275587e-08,1.064877812870e-01,1.281126292378e-01,1.948194271651e-01,1.123733097836e+01,1.124025420619e+01,1.366011241847e+06
595,0.000000000000e+00,3,1.728223872950e+00,2.569473385143e-08,1.058625120695e-01,1.279912331223e-01,1.954925140752e-01,1.114133634067e+01,1.114428918353e+01,1.356056661934e+06
596,0.000000000000e+00,3,1.729816359215e+00,2.571848752878e-08,1.052355408870e-01,1.278495456696e-01,1.961161013619e-01,1.104536690272e+01,1.104834881628e+01,1.346083923861e+06
597,0.000000000000e+00,3,1.731410312890e+00,2.574222800957e-08,1.046066338632e-01,1.276876524815e-01,1.966893756816e-01,1.094940829550e+01,1.095241870166e+01,1.336096127088e+06
598,0.000000000000e+00,3,1.733005735327e+00,2.576598693930e-08,1.039751206571e-01,1.275016765864e-01,1.972121708691e-01,1.085339999404e+01,1.085643825452e+01,1.326097204706e+06
599,0.000000000000e+00,3,1.734602627879e+00,2.578976822869e-08,1.033419415989e-01,1.272933920562e-01,1.976835100485e-01,1.075743766662e+01,1.076050310561e+01,1.316091906944e+06
600,0.000000000000e+00,3,1.736200991901e+00,2.581343972768e-08,1.027068271673e-01,1.270622996790e-01,1.981021616744e-01,1.066149931240e+01,1.066459120525e+01,1.306084963559e+06
601,0.000000000000e+00,3,1.737800828749e+00,2.583710226651e-08,1.020707130178e-01,1.268089361427e-01,1.984702691457e-01,1.056568377593e+01,1.056880140023e+01,1.296080469233e+06
602,0.000000000000e+00,3,1.739402139780e+00,2.586076279606e-08,1.014336284103e-01,1.265331151873e-01,1.987870570254e-01,1.047000584328e+01,1.047314843123e+01,1.286081116140e+06
603,0.000000000000e+00,3,1.741004926353e+00,2.588442365462e-08,1.007958987306e-01,1.262360364964e-01,1.990517158080e-01,1.037451074768e+01,1.037767749496e+01,1.276087927033e+06
604,0.000000000000e+00,3,1.742609189826e+00,2.590806621377e-08,1.001575433825e-01,1.259175189694e-01,1.992636625719e-01,1.027921631021e+01,1.028240636789e+01,1.266100480471e+06
605,0.000000000000e+00,3,1.744214931561e+00,2.593173188587e-08,9.951879178164e-02,1.255798199246e-01,1.994238232862e-01,1.018415784001e+01,1.018737036986e+01,1.256118304386e+06
606,0.000000000000e+00,3,1.745822152921e+00,2.595539145667e-08,9.887990068098e-02,1.252230618845e-01,1.995319241474e-01,1.008937196277e+01,1.009260608772e+01,1.246141799726e+06
607,0.000000000000e+00,3,1.747430855267e+00,2.597901380329e-08,9.824105420435e-02,1.248481464706e-01,1.995888242155e-01,9.994890457859e+00,9.998145294391e+00,1.236172029756e+06
608,0.000000000000e+00,3,1.749041039966e+00,2.600263943117e-08,9.760206976462e-02,1.244557933072e-01,1.995946152282e-01,9.900706796617e+00,9.903981446445e+00,1.226209740999e+06
609,0.000000000000e+00,3,1.750652708383e+00,2.602624036795e-08,9.696309591175e-02,1.240519539683e-01,1.995501851047e-01,9.806843784655e+00,9.810137410977e+00,1.216254892493e+06
610,0.000000000000e+00,3,1.752265861886e+00,2.604983849518e-08,9.632438961611e-02,1.236351032061e-01,1.994561822624e-01,9.713334560268e+00,9.716646287435e+00,1.206307048241e+06
611,0.000000000000e+00,3,1.753880501842e+00,2.607346055810e-08,9.568578593999e-02,1.232060170198e-01,1.993131937365e-01,9.620172222208e+00,9.623501172983e+00,1.196366168360e+06
612,0.000000000000e+00,3,1.755496629621e+00,2.609706668295e-08,9.504747976607e-02,1.227663847113e-01,1.991222257370e-01,9.527381432516e+00,9.530726741968e+00,1.186432862042e+06
613,0.000000000000e+00,3,1.757114246595e+00,2.612068920816e-08,9.440965731715e-02,1.223165002306e-01,1.988819205084e-01,9.434986849288e+00,9.438347597655e+00,1.176508301253e+06
614,0.000000000000e+00,3,1.758733354136e+00,2.614431157623e-08,9.377217766623e-02,1.218553278174e-01,1.985909470321e-01,9.342976614920e+00,9.346351819475e+00,1.166593918398e+06
615,0.000000000000e+00,3,1.760353953616e+00,2.616788688889e-08,9.313541632735e-02,1.213833638745e-01,1.982513091696e-01,9.251394996812e+00,9.254783687123e+00,1.156679476718e+06
616,0.000000000000e+00,3,1.761976046412e+00,2.619148670132e-08,9.249941287837e-02,1.209030854099e-01,1.978637478478e-01,9.160250316618e+00,9.163651544186e+00,1.146740176368e+06
617,0.000000000000e+00,3,1.763599633898e+00,2.621509918653e-08,9.186369769647e-02,1.204169220774e-01,1.974276594981e-01,9.069499671671e+00,9.072912495403e+00,1.136742723162e+06
618,0.000000000000e+00,3,1.765224717453e+00,2.623869922376e-08,9.122870803068e-02,1.199235429258e-01,1.969431519748e-01,8.979196157013e+00,8.982619582535e+00,1.126676622226e+06
619,0.000000000000e+00,3,1.766851298454e+00,2.626232400287e-08,9.059386584216e-02,1.194239264483e-01,1.964090481590e-01,8.889290255075e+00,8.892723265452e+00,1.116571956203e+06
620,0.000000000000e+00,3,1.768479378282e+00,2.628597354215e-08,8.995976551823e-02,1.189045854928e-01,1.958248016011e-01,8.799851527991e+00,8.803292868437e+00,1.106586189789e+06
621,0.000000000000e+00,3,1.770108958317e+00,2.630960277506e-08,8.932724562644e-02,1.183659947885e-01,1.951918904596e-01,8.710971851902e+00,8.714420252907e+00,1.096664936542e+06
622,0.000000000000e+00,3,1.771740039943e+00,2.633325302328e-08,8.869600845586e-02,1.178143216309e-01,1.945114699348e-01,8.622620364170e+00,8.626074649157e+00,1.086754359895e+06
623,0.000000000000e+00,3,1.773372624543e+00,2.635689307504e-08,8.806556055931e-02,1.172471442606e-01,1.937821810987e-01,8.534741609377e+00,8.538200531045e+00,1.076864844023e+06
624,0.000000000000e+00,3,1.775006713501e+00,2.638054457987e-08,8.743567578829e-02,1.166673569447e-01,1.930066229539e-01,8.447312449628e+00,8.450774843038e+00,1.067078891946e+06
625,0.000000000000e+00,3,1.776642308204e+00,2.640422129657e-08,8.680715294093e-02,1.160741027963e-01,1.921853658513e-01,8.360414637779e+00,8.363879291907e+00,1.057384091557e+06
626,0.000000000000e+00,3,1.778279410039e+00,2.642789166936e-08,8.618045431985e-02,1.154693944357e-01,1.913185442848e-01,8.274095753039e+00,8.277561450548e+00,1.047719378888e+06
627,0.000000000000e+00,3,1.779918020395e+00,2.645156907213e-08,8.555543702583e-02,1.148554100528e-01,1.904063803281e-01,8.188340594962e+00,8.191806137037e+00,1.038249426835e+06
628,0.000000000000e+00,3,1.781558140663e+00,2.647523248642e-08,8.493238935442e-02,1.142295144691e-01,1.894514300237e-01,8.103177761644e+00,8.106641941882e+00,1.028917271941e+06
629,0.000000000000e+00,3,1.783199772233e+00,2.649891015462e-08,8.431229415106e-02,1.135951740505e-01,1.884562401058e-01,8.018718591982e+00,8.022180254665e+00,1.019627029752e+06
630,0.000000000000e+00,3,1.784842916498e+00,2.652259619789e-08,8.369578091431e-02,1.129544667541e-01,1.874207042684e-01,7.935041375897e+00,7.938499345146e+00,1.010385597592e+06
631,0.000000000000e+00,3,1.786487574852e+00,2.654627409585e-08,8.308278939835e-02,1.123068341331e-01,1.863459605154e-01,7.852150205384e+00,7.855603302090e+00,1.001195393105e+06
632,0.000000000000e+00,3,1.788133748690e+00,2.656997784130e-08,8.247351864200e-02,1.116523581104e-01,1.852336795802e-01,7.770077116598e+00,7.773524171461e+00,9.920561651097e+05
633,0.000000000000e+00,3,1.789781439409e+00,2.659370743745e-08,8.186811786625e-02,1.109907518329e-01,1.840843349696e-01,7.688845378012e+00,7.692285201751e+00,9.829651321310e+05
634,0.000000000000e+00,3,1.791430648406e+00,2.661746288679e-08,8.126662406172e-02,1.103230345895e-01,1.828994297169e-01,7.608467150067e+00,7.611898581247e+00,9.739181342267e+05
635,0.000000000000e+00,3,1.793081377080e+00,2.664120999494e-08,8.066912435431e-02,1.096501939285e-01,1.816813616186e-01,7.528955473190e+00,7.532377400734e+00,9.649130786470e+05
636,0.000000000000e+00,3,1.794733626833e+00,2.666496578410e-08,8.007574055163e-02,1.089728774922e-01,1.804326273368e-01,7.450326945849e+00,7.453738306736e+00,9.559514602688e+05
637,0.000000000000e+00,3,1.796387399064e+00,2.668874764994e-08,7.948648962207e-02,1.082924870391e-01,1.791562423815e-01,7.372579134217e+00,7.375978946164e+00,9.470347073094e+05
638,0.000000000000e+00,3,1.798042695177e+00,2.671253820273e-08,7.890145981221e-02,1.076089344459e-01,1.778531745074e-01,7.295718383933e+00,7.299105672099e+00,9.381618249876e+05
639,0.000000000000e+00,3,1.799699516577e+00,2.673627001179e-08,7.832061735944e-02,1.069224631887e-01,1.765245937892e-01,7.219736783949e+00,7.223110596824e+00,9.293311175285e+05
640,0.000000000000e+00,3,1.801357864669e+00,2.676002835773e-08,7.774393157879e-02,1.062327011587e-01,1.751726673731e-01,7.144628147536e+00,7.147987572432e+00,9.205414854427e+05
641,0.000000000000e+00,3,1.803017740860e+00,2.678378190301e-08,7.717130961072e-02,1.055398031394e-01,1.737998073998e-01,7.070379973474e+00,7.073724153756e+00,9.117926107474e+05
642,0.000000000000e+00,3,1.804679146557e+00,2.680754307322e-08,7.660294264808e-02,1.048422291098e-01,1.724073384787e-01,6.997003447090e+00,7.000331523062e+00,9.030847439708e+05
643,0.000000000000e+00,3,1.806342083170e+00,2.683133099393e-08,7.603892643931e-02,1.041389175494e-01,1.709971417223e-01,6.924503162394e+00,6.927814294636e+00,8.944193975769e+05
644,0.000000000000e+00,3,1.808006552110e+00,2.685514566584e-08,7.547911866425e-02,1.034329694011e-01,1.695700410567e-01,6.852855911273e+00,6.856149328596e+00,8.857986462630e+05
645,0.000000000000e+00,3,1.809672554789e+00,2.687898708983e-08,7.492348836569e-02,1.027280094366e-01,1.681283367471e-01,6.782055496582e+00,6.785330535012e+00,8.772223647157e+05
646,0.000000000000e+00,3,1.811340092620e+00,2.690285526710e-08,7.437216781093e-02,1.020239132449e-01,1.666752311746e-01,6.712107988845e+00,6.715364054526e+00,8.686900041613e+05
647,0.000000000000e+00,3,1.813009167017e+00,2.692675019936e-08,7.382522512529e-02,1.013205991637e-01,1.652118719349e-01,6.643010201909e+00,6.646246725256e+00,8.604201126764e+05
648,0.000000000000e+00,3,1.814679779397e+00,2.695067188883e-08,7.328234091997e-02,1.006179031819e-01,1.637412105126e-01,6.574722082437e+00,6.577938575970e+00,8.522150675105e+05
649,0.000000000000e+00,3,1.816351931177e+00,2.697462033848e-08,7.274364478263e-02,9.991503291256e-02,1.622647349288e-01,6.507251549152e+00,6.510447543741e+00,8.440490956488e+05
650,0.000000000000e+00,3,1.818025623774e+00,2.699859555193e-08,7.220916355826e-02,9.921149642432e-02,1.607833579195e-01,6.440596155212e+00,6.443771194497e+00,8.359233565327e+05
651,0.000000000000e+00,3,1.819700858610e+00,2.702259753380e-08,7.167894264416e-02,9.850653929982e-02,1.592976763644e-01,6.374755175617e+00,6.377908803664e+00,8.278389972666e+05
652,0.000000000000e+00,3,1.821377637105e+00,2.704662628967e-08,7.115290174500e-02,9.779944985697e-02,1.578087494792e-01,6.309714256339e+00,6.312846035338e+00,8.197973780993e+05
653,0.000000000000e+00,3,1.823055960681e+00,2.707068182619e-08,7.063088606198e-02,9.708996403208e-02,1.563182735059e-01,6.245450703791e+00,6.248560240511e+00,8.117999198640e+05
654,0.000000000000e+00,3,1.824735830763e+00,2.709476415070e-08,7.011318304504e-02,9.637740350169e-02,1.548281960744e-01,6.181990880437e+00,6.185077806984e+00,8.038477416691e+05
655,0.000000000000e+00,3,1.826417248774e+00,2.711887327041e-08,6.959981093659e-02,9.566220341108e-02,1.533394567074e-01,6.119331399473e+00,6.122395377334e+00,7.960054782746e+05
656,0.000000000000e+00,3,1.828100216143e+00,2.714300919509e-08,6.909056116540e-02,9.494526888026e-02,1.518557948371e-01,6.057442067535e+00,6.060482876280e+00,7.882385102083e+05
657,0.000000000000e+00,3,1.829784734295e+00,2.716717202289e-08,6.858539946494e-02,9.422710300014e-02,1.503794896545e-01,5.996313302169e+00,5.999330788733e+00,7.805156625297e+05
658,0.000000000000e+00,3,1.831470804661e+00,2.719139253003e-08,6.808323138112e-02,9.350993392620e-02,1.489107039252e-01,5.935825100950e+00,5.938819197530e+00,7.728449962894e+05
659,0.000000000000e+00,3,1.833158428671e+00,2.721565828075e-08,6.758255060867e-02,9.277897192135e-02,1.474525444872e-01,5.875833489617e+00,5.878804027127e+00,7.652896469737e+05
660,0.000000000000e+00,3,1.834847607756e+00,2.723995092615e-08,6.708463359293e-02,9.203622161037e-02,1.460071283578e-01,5.816457005885e+00,5.819403852371e+00,7.577774941683e+05
661,0.000000000000e+00,3,1.836538343348e+00,2.726427048647e-08,6.658964302946e-02,9.128288282307e-02,1.445749699859e-01,5.757692068806e+00,5.760615125695e+00,7.503372691344e+05
662,0.000000000000e+00,3,1.838230636884e+00,2.728861698224e-08,6.609782336757e-02,9.052053015540e-02,1.431575751687e-01,5.699550260633e+00,5.702449487145e+00,7.429666220424e+05
663,0.000000000000e+00,3,1.839924489797e+00,2.731299043511e-08,6.560951775857e-02,8.975158323595e-02,1.417561332279e-01,5.642061685645e+00,5.644937096323e+00,7.355831635446e+05
664,0.000000000000e+00,3,1.841619903525e+00,2.733739086839e-08,6.512512605485e-02,8.897884799440e-02,1.403738778244e-01,5.585273358510e+00,5.588125073072e+00,7.282430991507e+05
665,0.000000000000e+00,3,1.843316879506e+00,2.736181830709e-08,6.464492935637e-02,8.820099963159e-02,1.390121850733e-01,5.529215281176e+00,5.532043419607e+00,7.209522176060e+05
666,0.000000000000e+00,3,1.845015419179e+00,2.738627277809e-08,6.416897681958e-02,8.742143981333e-02,1.376733978055e-01,5.473879923582e+00,5.476684722347e+00,7.137094626459e+05
667,0.000000000000e+00,3,1.846715523987e+00,2.741075431013e-08,6.369752195917e-02,8.664514692508e-02,1.363611408985e-01,5.419282469862e+00,5.422064330556e+00,7.065135265533e+05
668,0.000000000000e+00,3,1.848417195370e+00,2.743526293382e-08,6.323034229717e-02,8.587301317072e-02,1.350792559950e-01,5.365387129048e+00,5.368146579643e+00,6.993645473781e+05
669,0.000000000000e+00,3,1.850120434772e+00,2.745979868163e-08,6.276723318275e-02,8.510614657828e-02,1.338295505865e-01,5.312160764856e+00,5.314898411262e+00,6.922627324734e+05
670,0.000000000000e+00,3,1.851825243638e+00,2.748436158800e-08,6.230831289148e-02,8.434350430281e-02,1.326113745246e-01,5.259608080778e+00,5.262324495184e+00,6.852035551509e+05
671,0.000000000000e+00,3,1.853531623415e+00,2.750895168918e-08,6.185340565637e-02,8.358680754447e-02,1.314275108181e-01,5.207701889865e+00,5.210397754729e+00,6.781779920572e+05
672,0.000000000000e+00,3,1.855239575549e+00,2.753356902320e-08,6.140262420024e-02,8.283726612967e-02,1.302788268199e-01,5.156441917936e+00,5.159117959563e+00,6.711901350446e+05
673,0.000000000000e+00,3,1.856949101490e+00,2.755821363002e-08,6.095609849815e-02,8.209497880696e-02,1.291663994889e-01,5.105827798063e+00,5.108484774737e+00,6.643108695122e+05
674,0.000000000000e+00,3,1.858660202689e+00,2.758288555328e-08,6.051365613812e-02,8.135928556405e-02,1.280916275400e-01,5.055834608661e+00,5.058473316240e+00,6.574940031567e+05
675,0.000000000000e+00,3,1.860372880595e+00,2.760758483975e-08,6.007545079653e-02,8.063248905280e-02,1.270568003722e-01,5.006479283562e+00,5.009100608426e+00,6.507199145141e+05
676,0.000000000000e+00,3,1.862087136663e+00,2.763231153501e-08,5.964122887900e-02,7.991543862003e-02,1.260652242981e-01,4.957726164347e+00,4.960331109406e+00,6.439913714654e+05
677,0.000000000000e+00,3,1.863802972346e+00,2.765706568949e-08,5.921017510101e-02,7.920938197642e-02,1.251190200005e-01,4.909477800225e+00,4.912067488451e+00,6.373146139632e+05
678,0.000000000000e+00,3,1.865520389101e+00,2.768184735289e-08,5.878287236802e-02,7.851479346833e-02,1.242184384913e-01,4.861783764278e+00,4.864359319575e+00,6.306971466621e+05
679,0.000000000000e+00,3,1.867239388383e+00,2.770665657774e-08,5.835939114592e-02,7.783075074539e-02,1.233633242098e-01,4.814643282141e+00,4.817205817517e+00,6.241343640096e+05
680,0.000000000000e+00,3,1.868959971651e+00,2.773149341854e-08,5.793999008728e-02,7.715729903014e-02,1.225534872555e-01,4.768078712223e+00,4.770629335259e+00,6.176224274136e+05
681,0.000000000000e+00,3,1.870682140366e+00,2.775635793158e-08,5.752524211924e-02,7.649461645282e-02,1.217888406323e-01,4.722144163229e+00,4.724683968251e+00,6.111584856478e+05
682,0.000000000000e+00,3,1.872405895987e+00,2.778125017417e-08,5.711487938947e-02,7.584288354389e-02,1.210709595980e-01,4.676803431199e+00,4.679333581159e+00,6.047408088380e+05
683,0.000000000000e+00,3,1.874131239977e+00,2.780617020532e-08,5.670873377056e-02,7.520374523496e-02,1.204025817995e-01,4.632031918247e+00,4.634553695573e+00,5.983683087347e+05
684,0.000000000000e+00,3,1.875858173799e+00,2.783111811471e-08,5.630683268023e-02,7.457774886762e-02,1.197841802805e-01,4.587828093758e+00,4.590342815929e+00,5.920386289252e+05
685,0.000000000000e+00,3,1.877586698919e+00,2.785609400230e-08,5.590886321185e-02,7.396543684790e-02,1.192165617361e-01,4.544143253592e+00,4.546652305223e+00,5.857494028067e+05
686,0.000000000000e+00,3,1.879316816803e+00,2.788109814911e-08,5.551530131014e-02,7.336780574142e-02,1.187004301864e-01,4.501018536602e+00,4.503523336518e+00,5.794987030892e+05
687,0.000000000000e+00,3,1.881048528919e+00,2.790613068363e-08,5.512621338328e-02,7.278548781738e-02,1.182365317602e-01,4.458453065736e+00,4.460955081981e+00,5.732849755491e+05
688,0.000000000000e+00,3,1.882781836735e+00,2.793119166579e-08,5.474166258841e-02,7.221901781660e-02,1.178243625632e-01,4.416448265891e+00,4.418948981586e+00,5.671068170089e+05
689,0.000000000000e+00,3,1.884516741722e+00,2.795628115936e-08,5.436141060881e-02,7.166874366049e-02,1.174626950511e-01,4.374974813127e+00,4.377475719179e+00,5.609627557148e+05
690,0.000000000000e+00,3,1.886253245351e+00,2.798139923136e-08,5.398567661416e-02,7.113530967575e-02,1.171528827432e-01,4.334054120971e+00,4.336556768567e+00,5.548512072852e+05
691,0.000000000000e+00,3,1.887991349096e+00,2.800654595174e-08,5.361436815830e-02,7.061912588198e-02,1.168934249652e-01,4.293671588028e+00,4.296177526598e+00,5.487706178380e+05
692,0.000000000000e+00,3,1.889731054432e+00,2.803172139314e-08,5.324782833967e-02,7.012039735165e-02,1.166821092887e-01,4.253860480059e+00,4.256371212639e+00,5.427195786831e+05
693,0.000000000000e+00,3,1.891472362833e+00,2.805692563095e-08,5.288614687009e-02,6.963962144230e-02,1.165170519983e-01,4.214631055035e+00,4.217148061768e+00,5.366968915022e+05
694,0.000000000000e+00,3,1.893215275777e+00,2.808215874316e-08,5.252888388156e-02,6.917741732751e-02,1.164003173633e-01,4.175935685593e+00,4.178460563749e+00,5.307014879145e+05
695,0.000000000000e+00,3,1.894959794744e+00,2.810742081016e-08,5.217647557729e-02,6.873397176468e-02,1.163309954533e-01,4.137823717891e+00,4.140358047841e+00,5.247333307991e+05
696,0.000000000000e+00,3,1.896705921211e+00,2.813271191484e-08,5.182923902204e-02,6.830984903878e-02,1.163090970369e-01,4.100323997779e+00,4.102869385968e+00,5.187918257902e+05
697,0.000000000000e+00,3,1.898453656662e+00,2.815803214276e-08,5.148697239129e-02,6.790555822788e-02,1.163342594231e-01,4.063418785833e+00,4.065976876734e+00,5.129522879287e+05
698,0.000000000000e+00,3,1.900203002577e+00,2.818338158264e-08,5.114978027431e-02,6.752106952966e-02,1.164075359967e-01,4.027118914241e+00,4.029691409863e+00,5.071340848897e+05
699,0.000000000000e+00,3,1.901953960442e+00,2.820876032615e-08,5.081776602394e-02,6.715695566890e-02,1.165299336686e-01,3.991432990846e+00,3.994021663423e+00,5.013280956370e+05
700,0.000000000000e+00,3,1.903706531742e+00,2.823416847256e-08,5.049115338739e-02,6.681324038572e-02,1.166999941262e-01,3.956388426794e+00,3.958995028787e+00,4.955315640484e+05
701,0.000000000000e+00,3,1.905460717963e+00,2.825960613754e-08,5.016897609689e-02,6.649187662634e-02,1.169159850428e-01,3.921881493794e+00,3.924507853826e+00,4.897424986468e+05
702,0.000000000000e+00,3,1.907216520594e+00,2.828507343217e-08,4.985092877864e-02,6.619414822298e-02,1.171756216456e-01,3.887873134183e+00,3.890521098024e+00,4.839573587131e+05
703,0.000000000000e+00,3,1.908973941124e+00,2.831057046765e-08,4.953675573894e-02,6.591937312058e-02,1.174783080750e-01,3.854327987937e+00,3.856999435492e+00,4.781606399703e+05
704,0.000000000000e+00,3,1.910732981043e+00,2.833609735684e-08,4.922593104177e-02,6.566620225348e-02,1.178217392882e-01,3.821191034635e+00,3.823887828876e+00,4.722969227654e+05
705,0.000000000000e+00,3,1.912493641844e+00,2.836165421404e-08,4.891895213865e-02,6.543396745562e-02,1.182045441529e-01,3.788532260178e+00,3.791256212477e+00,4.663249023088e+05
706,0.000000000000e+00,3,1.914255925021e+00,2.838724115501e-08,4.861576464815e-02,6.522174508579e-02,1.186249422444e-01,3.756364510868e+00,3.759117394288e+00,4.603407967143e+05
707,0.000000000000e+00,3,1.916019832068e+00,2.841285829674e-08,4.831700333660e-02,6.502905353212e-02,1.190802970708e-01,3.724795921376e+00,3.727579386635e+00,4.544772397930e+05
708,0.000000000000e+00,3,1.917785364483e+00,2.843850575734e-08,4.802324590758e-02,6.485639051166e-02,1.195704329296e-01,3.693940771033e+00,3.696756428528e+00,4.485325789999e+05
709,0.000000000000e+00,3,1.919552523761e+00,2.846418365563e-08,4.773454452613e-02,6.470328565166e-02,1.200929572271e-01,3.663847317436e+00,3.666696685816e+00,4.425548288850e+05
710,0.000000000000e+00,3,1.921321311404e+00,2.848989211075e-08,4.745083551569e-02,6.456961714163e-02,1.206475461309e-01,3.634539596845e+00,3.637424188718e+00,4.365737884999e+05
711,0.000000000000e+00,3,1.923091728910e+00,2.851563121802e-08,4.717210020713e-02,6.445504330385e-02,1.212332871541e-01,3.606038315832e+00,3.608959615292e+00,4.305383564816e+05
712,0.000000000000e+00,3,1.924863777783e+00,2.854140103065e-08,4.689802576512e-02,6.435911362757e-02,1.218492203914e-01,3.578334255721e+00,3.581293732508e+00,4.246398321285e+05
713,0.000000000000e+00,3,1.926637459524e+00,2.856720157420e-08,4.662799836832e-02,6.428050901840e-02,1.224905963708e-01,3.551380404535e+00,3.554379394210e+00,4.187371235055e+05
714,0.000000000000e+00,3,1.928412775639e+00,2.859303286724e-08,4.636024054695e-02,6.422061294449e-02,1.231563628167e-01,3.525019970568e+00,3.528059926027e+00,4.127434099711e+05
715,0.000000000000e+00,3,1.930189727635e+00,2.861889498713e-08,4.609677871498e-02,6.417722880288e-02,1.238357134862e-01,3.499544767498e+00,3.502626513541e+00,4.066968580605e+05
716,0.000000000000e+00,3,1.931968317017e+00,2.864478805947e-08,4.583920073119e-02,6.414999538165e-02,1.245243407888e-01,3.475176916545e+00,3.478300931053e+00,4.006454348658e+05
717,0.000000000000e+00,3,1.933748545295e+00,2.867071221431e-08,4.558795262314e-02,6.413924335985e-02,1.252233539251e-01,3.451963291332e+00,3.455130034751e+00,3.945761022030e+05
718,0.000000000000e+00,3,1.935530413980e+00,2.869666758510e-08,4.534352489667e-02,6.414542768063e-02,1.259346302017e-01,3.429959322220e+00,3.433169258034e+00,3.884799327875e+05
719,0.000000000000e+00,3,1.937313924582e+00,2.872265430772e-08,4.510612888116e-02,6.416770145333e-02,1.266556820889e-01,3.409179737742e+00,3.412433179245e+00,3.823506377463e+05
720,0.000000000000e+00,3,1.939099078615e+00,2.874867251974e-08,4.487617671774e-02,6.420584974574e-02,1.273852815818e-01,3.389685100056e+00,3.392982220684e+00,3.761848504460e+05
721,0.000000000000e+00,3,1.940885877593e+00,2.877472235979e-08,4.465431424702e-02,6.425912481283e-02,1.281187889939e-01,3.371570037605e+00,3.374910692962e+00,3.699816871017e+05
722,0.000000000000e+00,3,1.942674323031e+00,2.880080396742e-08,4.444108147246e-02,6.432709151440e-02,1.288557908091e-01,3.354912815491e+00,3.358296710953e+00,3.637413938289e+05
723,0.000000000000e+00,3,1.944464416448e+00,2.882691749053e-08,4.423578648323e-02,6.440976357293e-02,1.296065726151e-01,3.339643151594e+00,3.343070395027e+00,3.574634935264e+05
724,0.000000000000e+00,3,1.946256159361e+00,2.885306307691e-08,4.403856466944e-02,6.450690833619e-02,1.303743799215e-01,3.325790980246e+00,3.329261728916e+00,3.511472543929e+05
725,0.000000000000e+00,3,1.948049553291e+00,2.887924086833e-08,4.384894132477e-02,6.461583675617e-02,1.311542966911e-01,3.313319219411e+00,3.316833374662e+00,3.447959896097e+05
726,0.000000000000e+00,3,1.949844599758e+00,2.890545100490e-08,4.366480613175e-02,6.472782309390e-02,1.319407838876e-01,3.302055143941e+00,3.305612326099e+00,3.384096061281e+05
727,0.000000000000e+00,3,1.951641300286e+00,2.893169363202e-08,4.348423335973e-02,6.483237564078e-02,1.327301495815e-01,3.291883720306e+00,3.295483247736e+00,3.316085553910e+05
728,0.000000000000e+00,3,1.953439656398e+00,2.895796895920e-08,4.330803760236e-02,6.492183549554e-02,1.335192209582e-01,3.282980080598e+00,3.286620760418e+00,3.246333433819e+05
729,0.000000000000e+00,3,1.955239669621e+00,2.898427728697e-08,4.314042250248e-02,6.501819006192e-02,1.343078430948e-01,3.275802813613e+00,3.279483363501e+00,3.176805440931e+05
730,0.000000000000e+00,3,1.957041341481e+00,2.901062030399e-08,4.298171755723e-02,6.512817875541e-02,1.350944013209e-01,3.270297186370e+00,3.274016385445e+00,3.107054194756e+05
731,0.000000000000e+00,3,1.958844673506e+00,2.903699881853e-08,4.283213146594e-02,6.525096289221e-02,1.358758665652e-01,3.266463820836e+00,3.270220240839e+00,3.036970240528e+05
732,0.000000000000e+00,3,1.960649667227e+00,2.906341092611e-08,4.269160731590e-02,6.538528933341e-02,1.366515689520e-01,3.264298851757e+00,3.268090949511e+00,2.966523995175e+05
733,0.000000000000e+00,3,1.962456324174e+00,2.908985679961e-08,4.255977254822e-02,6.552984816440e-02,1.374199782364e-01,3.263781746283e+00,3.267607845661e+00,2.896112342630e+05
734,0.000000000000e+00,3,1.964264645880e+00,2.911633659144e-08,4.243645511057e-02,6.568261798366e-02,1.381793840544e-01,3.264902639467e+00,3.268760903829e+00,2.851791920791e+05
735,0.000000000000e+00,3,1.966074633879e+00,2.914285042565e-08,4.232145402751e-02,6.584092871122e-02,1.389274236980e-01,3.267653625486e+00,3.271542018464e+00,2.832369041166e+05
736,0.000000000000e+00,3,1.967886289707e+00,2.916939843692e-08,4.221476403524e-02,6.600234790504e-02,1.396612061436e-01,3.272048115799e+00,3.275964365013e+00,2.811823946790e+05
737,0.000000000000e+00,3,1.969699614900e+00,2.919598073718e-08,4.211665804338e-02,6.616505142742e-02,1.403787443203e-01,3.278123193141e+00,3.282064820838e+00,2.790158824075e+05
738,0.000000000000e+00,3,1.971514610997e+00,2.922259729997e-08,4.202706443786e-02,6.632732646738e-02,1.410771720209e-01,3.285868138387e+00,3.289832485054e+00,2.767375948015e+05
739,0.000000000000e+00,3,1.973331279537e+00,2.924924824024e-08,4.194598670787e-02,6.648786076985e-02,1.417549309188e-01,3.295284051128e+00,3.299268333963e+00,2.743477406444e+05
740,0.000000000000e+00,3,1.975149622061e+00,2.927593451497e-08,4.187311798361e-02,6.664564100305e-02,1.424096942700e-01,3.306336756941e+00,3.310338090105e+00,2.718461846113e+05
741,0.000000000000e+00,3,1.976969640112e+00,2.930265619586e-08,4.180791512572e-02,6.680019240596e-02,1.430405417094e-01,3.318966283739e+00,3.322981786987e+00,2.692324046844e+05
742,0.000000000000e+00,3,1.978791335234e+00,2.932941341902e-08,4.175009638169e-02,6.695066177149e-02,1.436471761232e-01,3.333127782518e+00,3.337154594481e+00,2.665062129044e+05
743,0.000000000000e+00,3,1.980614708972e+00,2.935620631462e-08,4.169825074384e-02,6.709586393126e-02,1.442277563473e-01,3.348677771510e+00,3.352713089750e+00,2.636685016235e+05
744,0.000000000000e+00,3,1.982439762873e+00,2.938303498570e-08,4.165221958740e-02,6.723384927830e-02,1.447774197661e-01,3.365605903062e+00,3.369646701642e+00,2.607214406515e+05
745,0.000000000000e+00,3,1.984266498485e+00,2.940989937601e-08,4.161263972161e-02,6.736262680223e-02,1.452889445966e-01,3.383977720976e+00,3.388020576791e+00,2.576681508795e+05
746,0.000000000000e+00,3,1.986094917357e+00,2.943679939697e-08,4.158009315239e-02,6.748082716227e-02,1.457615542980e-01,3.403843063194e+00,3.407884475118e+00,2.545123700165e+05
747,0.000000000000e+00,3,1.987925021042e+00,2.946373571172e-08,4.155495218507e-02,6.758727513209e-02,1.461946211215e-01,3.425195228796e+00,3.429231703519e+00,2.512580920605e+05
748,0.000000000000e+00,3,1.989756811091e+00,2.949070863357e-08,4.153740585093e-02,6.768166963531e-02,1.465883236119e-01,3.448020722880e+00,3.452048841850e+00,2.479076789308e+05
749,0.000000000000e+00,3,1.991590289058e+00,2.951771833885e-08,4.152746813912e-02,6.776393792360e-02,1.469409052221e-01,3.472269561386e+00,3.476285951766e+00,2.444601247891e+05
750,0.000000000000e+00,3,1.993425456498e+00,2.954476503158e-08,4.152415600411e-02,6.783123498088e-02,1.472522494725e-01,3.497844241028e+00,3.501845640721e+00,2.409140423072e+05
751,0.000000000000e+00,3,1.995262314969e+00,2.957184913511e-08,4.152521282548e-02,6.787930808387e-02,1.475180771833e-01,3.524522722678e+00,3.528505908956e+00,2.372709213373e+05
752,0.000000000000e+00,3,1.997100866028e+00,2.959897137101e-08,4.153086532387e-02,6.790814686882e-02,1.477373383117e-01,3.552303292772e+00,3.556265082099e+00,2.335353489548e+05
753,0.000000000000e+00,3,1.998941111236e+00,2.962613143646e-08,4.154112157935e-02,6.792132058175e-02,1.479050861064e-01,3.581159367775e+00,3.585096554135e+00,2.297133990859e+05
754,0.000000000000e+00,3,2.000783052152e+00,2.965332965590e-08,4.155431860758e-02,6.790310703203e-02,1.480132491505e-01,3.611004496687e+00,3.614913413950e+00,2.258178229517e+05
755,0.000000000000e+00,3,2.002626690341e+00,2.968056616788e-08,4.157049882245e-02,6.785214310732e-02,1.480590943260e-01,3.641836360284e+00,3.645713317061e+00,2.218575496664e+05
756,0.000000000000e+00,3,2.004472027365e+00,2.970784080098e-08,4.159137223242e-02,6.777145846131e-02,1.480501869211e-01,3.673800162206e+00,3.677641812697e+00,2.180610819090e+05
757,0.000000000000e+00,3,2.006319064791e+00,2.973515373913e-08,4.162160412531e-02,6.767053213144e-02,1.480006128758e-01,3.707156245407e+00,3.710959885005e+00,2.207055123370e+05
758,0.000000000000e+00,3,2.008167804184e+00,2.976250530801e-08,4.166095439742e-02,6.755861877978e-02,1.479240792839e-01,3.741697281786e+00,3.745461237799e+00,2.232936370679e+05
759,0.000000000000e+00,3,2.010018247114e+00,2.978989439899e-08,4.170905848725e-02,6.743445619517e-02,1.478154989291e-01,3.777266356800e+00,3.780988971603e+00,2.257963095721e+05
760,0.000000000000e+00,3,2.011870395149e+00,2.981731962642e-08,4.176442896316e-02,6.729499760618e-02,1.476645476804e-01,3.813752808700e+00,3.817432145925e+00,2.282532095248e+05
761,0.000000000000e+00,3,2.013724249862e+00,2.984478269991e-08,4.182592024374e-02,6.713643968659e-02,1.474663556976e-01,3.851082683068e+00,3.854716703861e+00,2.306742398955e+05
762,0.000000000000e+00,3,2.015579812825e+00,2.987228005320e-08,4.189480940148e-02,6.695934170641e-02,1.472201119977e-01,3.889295173666e+00,3.892881893633e+00,2.330628333237e+05
763,0.000000000000e+00,3,2.017437085612e+00,2.989981707991e-08,4.196969608138e-02,6.676729312696e-02,1.469228368793e-01,3.928232891635e+00,3.931770504205e+00,2.354162431269e+05
764,0.000000000000e+00,3,2.019296069798e+00,2.992739252300e-08,4.204956513173e-02,6.656086447201e-02,1.465735816237e-01,3.967793203978e+00,3.971280050433e+00,2.373701248799e+05
765,0.000000000000e+00,3,2.021156766961e+00,2.995500017731e-08,4.213364949573e-02,6.633838399160e-02,1.461688780939e-01,4.007885158868e+00,4.011319585025e+00,2.383616915943e+05
766,0.000000000000e+00,3,2.023019178678e+00,2.998264296195e-08,4.222184406978e-02,6.609709863350e-02,1.457092718704e-01,4.048472709287e+00,4.051853153844e+00,2.390325329576e+05
767,0.000000000000e+00,3,2.024883306531e+00,3.001032395782e-08,4.231422050321e-02,6.583563643785e-02,1.451957599331e-01,4.089516698672e+00,4.092841734261e+00,2.408901738080e+05
768,0.000000000000e+00,3,2.026749152099e+00,3.003804247723e-08,4.241032175857e-02,6.555849454184e-02,1.446303789280e-01,4.130947260250e+00,4.134215737607e+00,2.430995940215e+05
769,0.000000000000e+00,3,2.028616716966e+00,3.006579951944e-08,4.250940403358e-02,6.527387651612e-02,1.440139604349e-01,4.172684522974e+00,4.175895577891e+00,2.438521189347e+05
770,0.000000000000e+00,3,2.030486002717e+00,3.009359508341e-08,4.261570142985e-02,6.494205090654e-02,1.433398491748e-01,4.214810467729e+00,4.217962441656e+00,2.450339059261e+05
771,0.000000000000e+00,3,2.032357010936e+00,3.012142917649e-08,4.273471587895e-02,6.455836222246e-02,1.426072268258e-01,4.257382182461e+00,4.260473436926e+00,2.456966455915e+05
772,0.000000000000e+00,3,2.034229743212e+00,3.014930185743e-08,4.286207929232e-02,6.417057319626e-02,1.418254886873e-01,4.300222366586e+00,4.303252478258e+00,2.458256361782e+05
773,0.000000000000e+00,3,2.036104201132e+00,3.017721317675e-08,4.299130532956e-02,6.377839131322e-02,1.409894647181e-01,4.343086293076e+00,4.346054821766e+00,2.463625316950e+05
774,0.000000000000e+00,3,2.037980386287e+00,3.020516315595e-08,4.311903781129e-02,6.336223284164e-02,1.400890994298e-01,4.385802709835e+00,4.388708738268e+00,2.475038315145e+05
775,0.000000000000e+00,3,2.039858300269e+00,3.023315169477e-08,4.324675660577e-02,6.291056684416e-02,1.391273791586e-01,4.428392376066e+00,4.431234984224e+00,2.478390805637e+05
776,0.000000000000e+00,3,2.041737944670e+00,3.026117867925e-08,4.337455726020e-02,6.242324180175e-02,1.381146558022e-01,4.470755352107e+00,4.473534071613e+00,2.486826833536e+05
777,0.000000000000e+00,3,2.043619321084e+00,3.028924411600e-08,4.350126320854e-02,6.191075846668e-02,1.370541625315e-01,4.512807625429e+00,4.515522318571e+00,2.497503721066e+05
778,0.000000000000e+00,3,2.045502431109e+00,3.031734799586e-08,4.362360770652e-02,6.138283807876e-02,1.359566538168e-01,4.554139307925e+00,4.556790528395e+00,2.507908415758e+05
779,0.000000000000e+00,3,2.047387276342e+00,3.034549031024e-08,4.374109704616e-02,6.084987482448e-02,1.348328412856e-01,4.594510154613e+00,4.597099025121e+00,2.526093226475e+05
780,0.000000000000e+00,3,2.049273858380e+00,3.037367103765e-08,4.385157366381e-02,6.032278874666e-02,1.336930798568e-01,4.633696745556e+00,4.636224883322e+00,2.546085838993e+05
781,0.000000000000e+00,3,2.051162178826e+00,3.040189015353e-08,4.395966220527e-02,5.979243396812e-02,1.325357770735e-01,4.672309341540e+00,4.674777845235e+00,2.562023175689e+05
782,0.000000000000e+00,3,2.053052239279e+00,3.043014763186e-08,4.406950470529e-02,5.924247266088e-02,1.313542436192e-01,4.710699800712e+00,4.713109201107e+00,2.576722700692e+05
783,0.000000000000e+00,3,2.054944041345e+00,3.045844343310e-08,4.418112488495e-02,5.867631981338e-02,1.301489774349e-01,4.748797264943e+00,4.751148187771e+00,2.591611603153e+05
784,0.000000000000e+00,3,2.056837586628e+00,3.048677751646e-08,4.429454325269e-02,5.809492872920e-02,1.289118667635e-01,4.786545071110e+00,4.788837960765e+00,2.600184046342e+05
785,0.000000000000e+00,3,2.058732876734e+00,3.051514983358e-08,4.440929546160e-02,5.750136722102e-02,1.276446080383e-01,4.823880046028e+00,4.826115460408e+00,2.611395044749e+05
786,0.000000000000e+00,3,2.060629913270e+00,3.054356032650e-08,4.452657809657e-02,5.689108066795e-02,1.263441305225e-01,4.860769316491e+00,4.862947706760e+00,2.623184065109e+05
787,0.000000000000e+00,3,2.062528697847e+00,3.057200892709e-08,4.465092321152e-02,5.624462881580e-02,1.249978035282e-01,4.897259144055e+00,4.899380444315e+00,2.633059343807e+05
788,0.000000000000e+00,3,2.064429232074e+00,3.060049555644e-08,4.478240432850e-02,5.557264370781e-02,1.236108424446e-01,4.933277920627e+00,4.935342385791e+00,2.640038525747e+05
789,0.000000000000e+00,3,2.066331517564e+00,3.062902012403e-08,4.491406096466e-02,5.489442522943e-02,1.222005203406e-01,4.968724442648e+00,4.970732966569e+00,2.648561006661e+05
790,0.000000000000e+00,3,2.068235555932e+00,3.065758252735e-08,4.504353786687e-02,5.420954184329e-02,1.207633483056e-01,5.003513709436e+00,5.005467093243e+00,2.657319852593e+05
791,0.000000000000e+00,3,2.070141348791e+00,3.068618265085e-08,4.517111850663e-02,5.351021366677e-02,1.192922469403e-01,5.037617287531e+00,5.039516082793e+00,2.666114278418e+05
792,0.000000000000e+00,3,2.072048897759e+00,3.071482036587e-08,4.529657749764e-02,5.279601989400e-02,1.177898575660e-01,5.070993650848e+00,5.072838481278e+00,2.674857875529e+05
793,0.000000000000e+00,3,2.073958204454e+00,3.074349552795e-08,4.541917681054e-02,5.207055493270e-02,1.162604664022e-01,5.103599070642e+00,5.105390701427e+00,2.683453308129e+05
794,0.000000000000e+00,3,2.075869270495e+00,3.077220740402e-08,4.553747352041e-02,5.134254083882e-02,1.147137895477e-01,5.135367979593e+00,5.137107479637e+00,2.691923141183e+05
795,0.000000000000e+00,3,2.077782097504e+00,3.080095780505e-08,4.565170922203e-02,5.061297533652e-02,1.131462622635e-01,5.166293140075e+00,5.167981485810e+00,2.700279872325e+05
796,0.000000000000e+00,3,2.079696687104e+00,3.082974714454e-08,4.576301048801e-02,4.987368461226e-02,1.115502983382e-01,5.196390187756e+00,5.198028096309e+00,2.708830314578e+05
797,0.000000000000e+00,3,2.081613040918e+00,3.085857520352e-08,4.587137457465e-02,4.912465206578e-02,1.099287891871e-01,5.225630916639e+00,5.227219167978e+00,2.717038536716e+05
798,0.000000000000e+00,3,2.083531160572e+00,3.088744175165e-08,4.597679150040e-02,4.836660417967e-02,1.082849255478e-01,5.253988995346e+00,5.255528439850e+00,2.724745764300e+05
799,0.000000000000e+00,3,2.085451047693e+00,3.091634672757e-08,4.607926313870e-02,4.759925248601e-02,1.066211990005e-01,5.281447008545e+00,5.282938535652e+00,2.732126047014e+05
800,0.000000000000e+00,3,2.087372703911e+00,3.094528964938e-08,4.617860452361e-02,4.682306781251e-02,1.049386999245e-01,5.308004423215e+00,5.309448930991e+00,2.739145510642e+05
801,0.000000000000e+00,3,2.089296130854e+00,3.097427089232e-08,4.627461980733e-02,4.603986332712e-02,1.032405110361e-01,5.333638198813e+00,5.335036649210e+00,2.745798336496e+05
802,0.000000000000e+00,3,2.091221330155e+00,3.100329164928e-08,4.636729337056e-02,4.525167571650e-02,1.015299294498e-01,5.358323735948e+00,5.359677156867e+00,2.754263907905e+05
803,0.000000000000e+00,3,2.093148303447e+00,3.103235015410e-08,4.645560756488e-02,4.446002381052e-02,9.980207198030e-02,5.382013714369e+00,5.383323034374e+00,2.773469638425e+05
804,0.000000000000e+00,3,2.095077052365e+00,3.106144655310e-08,4.653935050749e-02,4.366648411065e-02,9.805662843859e-02,5.404692464136e+00,5.405958602065e+00,2.792044151639e+05
805,0.000000000000e+00,3,2.097007578545e+00,3.109057963500e-08,4.661879225191e-02,4.287256551496e-02,9.629934194800e-02,5.426378874809e+00,5.427602843327e+00,2.809902491648e+05
806,0.000000000000e+00,3,2.098939883624e+00,3.111974915940e-08,4.669385057408e-02,4.207978879559e-02,9.453518537978e-02,5.447094846192e+00,5.448277726860e+00,2.827060905743e+05
807,0.000000000000e+00,3,2.100873969241e+00,3.114895492829e-08,4.676437164830e-02,4.128924396187e-02,9.276687014241e-02,5.466819193825e+00,5.467962097372e+00,2.843453189283e+05
808,0.000000000000e+00,3,2.102809837038e+00,3.117819672740e-08,4.683062925719e-02,4.050200967574e-02,9.099744671565e-02,5.485548257516e+00,5.486652325551e+00,2.859052419160e+05
809,0.000000000000e+00,3,2.104747488656e+00,3.120747432578e-08,4.689275498997e-02,3.971991271625e-02,8.922841096534e-02,5.503289658881e+00,5.504356036886e+00,2.873830736217e+05
810,0.000000000000e+00,3,2.106686925739e+00,3.123678749184e-08,4.695035250294e-02,3.894433360086e-02,8.745859269895e-02,5.520075295577e+00,5.521105076975e+00,2.887753832450e+05
811,0.000000000000e+00,3,2.108628149933e+00,3.126613577518e-08,4.700368114688e-02,3.817691211617e-02,8.569200960217e-02,5.535902010701e+00,5.536896334161e+00,2.900893350681e+05
812,0.000000000000e+00,3,2.110571162884e+00,3.129550730540e-08,4.705301081575e-02,3.741882810448e-02,8.393305810999e-02,5.550796007208e+00,5.551756048891e+00,2.913270666330e+05
813,0.000000000000e+00,3,2.112515966241e+00,3.132490803542e-08,4.709860659317e-02,3.667173243201e-02,8.218157821588e-02,5.564809652257e+00,5.565736552546e+00,2.925825891377e+05
814,0.000000000000e+00,3,2.114462561653e+00,3.135434607333e-08,4.714037905116e-02,3.593636631288e-02,8.043462406479e-02,5.577997579126e+00,5.578892395381e+00,2.938995744563e+05
815,0.000000000000e+00,3,2.116410950771e+00,3.138382132907e-08,4.717775671348e-02,3.521275268059e-02,7.868942764876e-02,5.590363609716e+00,5.591227324438e+00,2.951352994945e+05
816,0.000000000000e+00,3,2.118361135249e+00,3.141333360400e-08,4.721063239058e-02,3.450127436120e-02,7.694776260410e-02,5.601873521448e+00,5.602707121581e+00,2.962923641282e+05
817,0.000000000000e+00,3,2.120313116740e+00,3.144288287853e-08,4.723934229494e-02,3.380347179530e-02,7.521686231893e-02,5.612475806715e+00,5.613280367798e+00,2.973717306096e+05
818,0.000000000000e+00,3,2.122266896901e+00,3.147246844052e-08,4.726351049698e-02,3.312081717843e-02,7.349506528995e-02,5.622173166817e+00,5.622949712584e+00,2.983737207948e+05
819,0.000000000000e+00,3,2.124222477389e+00,3.150208937457e-08,4.728202674001e-02,3.244405919106e-02,7.178735106653e-02,5.630949190938e+00,5.631698715461e+00,2.992985294350e+05
820,0.000000000000e+00,3,2.126179859863e+00,3.153174553365e-08,4.729495961851e-02,3.177063588124e-02,7.010110193417e-02,5.638807247462e+00,5.639530789439e+00,3.001465334821e+05
821,0.000000000000e+00,3,2.128139045983e+00,3.156143682657e-08,4.730342564300e-02,3.111558038713e-02,6.844222614221e-02,5.645741324058e+00,5.646440049262e+00,3.023738259927e+05
822,0.000000000000e+00,3,2.130100037411e+00,3.159116317292e-08,4.730716941367e-02,3.048140760852e-02,6.680440606066e-02,5.651780604999e+00,5.652455565522e+00,3.051042958118e+05
823,0.000000000000e+00,3,2.132062835812e+00,3.162092449622e-08,4.730610252095e-02,2.987065456218e-02,6.519055008437e-02,5.656910440473e+00,5.657562696311e+00,3.077433341227e+05
824,0.000000000000e+00,3,2.134027442849e+00,3.165072072036e-08,4.730027903930e-02,2.928426857366e-02,6.360286140155e-02,5.661134726954e+00,5.661765325893e+00,3.102611075493e+05
825,0.000000000000e+00,3,2.135993860190e+00,3.168055176809e-08,4.728960744144e-02,2.871765413502e-02,6.204198416068e-02,5.664476576018e+00,5.665086504078e+00,3.126298717348e+05
826,0.000000000000e+00,3,2.137962089502e+00,3.171041756071e-08,4.727400851981e-02,2.817826539884e-02,6.050341823577e-02,5.666941560103e+00,5.667531751632e+00,3.148304767244e+05
827,0.000000000000e+00,3,2.139932132456e+00,3.174031801810e-08,4.725407233446e-02,2.766856497438e-02,5.899808168632e-02,5.668500560271e+00,5.669072046841e+00,3.168538855607e+05
828,0.000000000000e+00,3,2.141903990722e+00,3.177025303710e-08,4.722983836658e-02,2.718820020576e-02,5.752748650327e-02,5.669189568592e+00,5.669743348001e+00,3.186884234743e+05
829,0.000000000000e+00,3,2.143877665974e+00,3.180022299873e-08,4.719943618464e-02,2.672954591915e-02,5.607744835823e-02,5.669015824837e+00,5.669552659414e+00,3.216769502143e+05
830,0.000000000000e+00,3,2.145853159884e+00,3.183022833945e-08,4.716419178720e-02,2.630152527530e-02,5.466820637670e-02,5.667990262542e+00,5.668511132588e+00,3.255953715043e+05
831,0.000000000000e+00,3,2.147830474131e+00,3.186026944636e-08,4.712413150043e-02,2.590939308045e-02,5.330071295830e-02,5.666047753612e+00,5.666553634497e+00,3.292325701900e+05
832,0.000000000000e+00,3,2.149809610389e+00,3.189034654052e-08,4.707769339314e-02,2.554952355177e-02,5.196106466965e-02,5.663198873442e+00,5.663690538842e+00,3.326944618272e+05
833,0.000000000000e+00,3,2.151790570340e+00,3.192045958967e-08,4.702687910961e-02,2.523310341508e-02,5.067514101852e-02,5.659386151300e+00,5.659864646466e+00,3.358420299653e+05
834,0.000000000000e+00,3,2.153773355662e+00,3.195060862428e-08,4.696882318828e-02,2.494525037599e-02,4.941512343372e-02,5.654608182727e+00,5.655074171968e+00,3.387197271767e+05
835,0.000000000000e+00,3,2.155757968039e+00,3.198079366380e-08,4.690405085798e-02,2.467651508558e-02,4.817625874883e-02,5.649113583827e+00,5.649567607815e+00,3.413522922156e+05
836,0.000000000000e+00,3,2.157744409153e+00,3.201101471728e-08,4.683052481349e-02,2.442392915895e-02,4.694269894829e-02,5.642924498354e+00,5.643366915014e+00,3.437719311102e+05
837,0.000000000000e+00,3,2.159732680689e+00,3.204127096445e-08,4.675124528605e-02,2.420234280813e-02,4.575535178533e-02,5.636086078449e+00,5.636517654389e+00,3.459830988694e+05
838,0.000000000000e+00,3,2.161722784335e+00,3.207156378022e-08,4.666881557748e-02,2.401734991049e-02,4.462362629095e-02,5.628665080512e+00,5.629086663753e+00,3.479800495624e+05
839,0.000000000000e+00,3,2.163714721779e+00,3.210189012196e-08,4.658377417710e-02,2.386860495954e-02,4.355082272891e-02,5.620520339933e+00,5.620932780605e+00,3.497589691987e+05
840,0.000000000000e+00,3,2.165708494710e+00,3.213224994837e-08,4.649643422657e-02,2.375032357634e-02,4.252576802355e-02,5.611717106863e+00,5.612121107449e+00,3.513168729611e+05
841,0.000000000000e+00,3,2.167704104820e+00,3.216264324753e-08,4.640681863939e-02,2.365752650027e-02,4.153890891797e-02,5.602299354334e+00,5.602695494840e+00,3.528236235433e+05
842,0.000000000000e+00,3,2.169701553801e+00,3.219307000409e-08,4.631496742615e-02,2.358896571647e-02,4.058847429865e-02,5.592278672563e+00,5.592667493366e+00,3.541071565042e+05
843,0.000000000000e+00,3,2.171700843348e+00,3.222353019428e-08,4.622100359696e-02,2.354043907448e-02,3.966962358486e-02,5.581763610834e+00,5.582145574930e+00,3.548492391798e+05
844,0.000000000000e+00,3,2.173701975157e+00,3.225402559851e-08,4.612460591004e-02,2.350660747911e-02,3.877744685274e-02,5.570785693626e+00,5.571161187271e+00,3.551384519173e+05
845,0.000000000000e+00,3,2.175704950926e+00,3.228457226332e-08,4.602550540920e-02,2.348781969038e-02,3.792544660182e-02,5.559177480921e+00,5.559546980528e+00,3.554542321153e+05
846,0.000000000000e+00,3,2.177709772353e+00,3.231515514807e-08,4.592421334820e-02,2.348597477533e-02,3.711398764875e-02,5.547020734426e+00,5.547384708185e+00,3.554602163529e+05
847,0.000000000000e+00,3,2.179716441140e+00,3.234577409934e-08,4.582127744041e-02,2.349848389685e-02,3.635011126226e-02,5.534309207171e+00,5.534668147178e+00,3.553894920701e+05
848,0.000000000000e+00,3,2.181724958988e+00,3.237642885749e-08,4.571625434081e-02,2.352068505713e-02,3.562230442168e-02,5.521102253746e+00,5.521456532785e+00,3.553039913761e+05
849,0.000000000000e+00,3,2.183735327602e+00,3.240711928668e-08,4.560902395980e-02,2.354917246991e-02,3.493110455547e-02,5.507421202183e+00,5.507771166898e+00,3.551956529106e+05
850,0.000000000000e+00,3,2.185747548687e+00,3.243784540434e-08,4.549990391486e-02,2.358313403292e-02,3.428093715861e-02,5.493230107360e+00,5.493576121301e+00,3.550648073177e+05
851,0.000000000000e+00,3,2.187761623950e+00,3.246860705019e-08,4.538908012258e-02,2.362227398223e-02,3.368560312363e-02,5.478425687053e+00,5.478768192655e+00,3.549108579288e+05
852,0.000000000000e+00,3,2.189777555099e+00,3.249940405093e-08,4.527660738476e-02,2.366717274657e-02,3.314752554146e-02,5.463040621736e+00,5.463380061777e+00,3.547425950214e+05
853,0.000000000000e+00,3,2.191795343844e+00,3.253023624064e-08,4.516178161676e-02,2.371489767096e-02,3.263277613432e-02,5.447381708776e+00,5.447718271174e+00,3.545338745377e+05
854,0.000000000000e+00,3,2.193814991898e+00,3.256110347735e-08,4.504464147952e-02,2.376339131826e-02,3.213039136883e-02,5.431496534203e+00,5.431830325185e+00,3.542747333586e+05
855,0.000000000000e+00,3,2.195836500973e+00,3.259200563451e-08,4.492519480327e-02,2.381127499633e-02,3.164145905657e-02,5.415457297792e+00,5.415788416850e+00,3.539991397362e+05
856,0.000000000000e+00,3,2.197859872785e+00,3.262294256917e-08,4.480362301380e-02,2.385728769055e-02,3.116946299898e-02,5.399283066064e+00,5.399611624712e+00,3.536933552120e+05
857,0.000000000000e+00,3,2.199885109049e+00,3.265391414366e-08,4.468030698990e-02,2.390239049972e-02,3.072928947930e-02,5.382902768494e+00,5.383228971388e+00,3.533796134680e+05
858,0.000000000000e+00,3,2.201912211484e+00,3.268492022724e-08,4.455539591497e-02,2.394550733887e-02,3.031552963075e-02,5.366335051230e+00,5.366659061653e+00,3.530383888778e+05
859,0.000000000000e+00,3,2.203941181810e+00,3.271596069595e-08,4.442905056933e-02,2.398582557704e-02,2.992725317456e-02,5.349606081840e+00,5.349928049208e+00,3.531364427609e+05
860,0.000000000000e+00,3,2.205972021747e+00,3.274703543261e-08,4.430149160254e-02,2.402272215693e-02,2.956334961556e-02,5.332770091285e+00,5.333090150324e+00,3.532631255226e+05
861,0.000000000000e+00,3,2.208004733019e+00,3.277814433926e-08,4.417296095456e-02,2.405674442487e-02,2.922990561827e-02,5.315768281034e+00,5.316086604116e+00,3.534032499682e+05
862,0.000000000000e+00,3,2.210039317349e+00,3.280928734524e-08,4.404351360121e-02,2.408652729388e-02,2.892537743183e-02,5.298646597091e+00,5.298963335428e+00,3.535504298006e+05
863,0.000000000000e+00,3,2.212075776464e+00,3.284046435717e-08,4.391320593855e-02,2.411107422174e-02,2.864425636538e-02,5.281447505973e+00,5.281762770641e+00,3.536979772242e+05
864,0.000000000000e+00,3,2.214114112091e+00,3.287167528504e-08,4.378224250568e-02,2.413114223108e-02,2.838980222160e-02,5.264140829574e+00,5.264454753462e+00,3.538395915048e+05
865,0.000000000000e+00,3,2.216154325960e+00,3.290292004401e-08,4.365071518024e-02,2.414628394958e-02,2.816375725318e-02,5.246728475137e+00,5.247041196426e+00,3.539700398883e+05
866,0.000000000000e+00,3,2.218196419800e+00,3.293419855423e-08,4.351864348549e-02,2.415576103792e-02,2.796136124852e-02,5.229233668445e+00,5.229545292857e+00,3.540852933210e+05
867,0.000000000000e+00,3,2.220240395345e+00,3.296551074073e-08,4.338613728443e-02,2.416014885628e-02,2.778652877365e-02,5.211624117878e+00,5.211934775775e+00,3.541823946812e+05
868,0.000000000000e+00,3,2.222286254328e+00,3.299685653328e-08,4.325329852105e-02,2.415838511001e-02,2.763568250422e-02,5.193935795879e+00,5.194245590850e+00,3.542591284439e+05
869,0.000000000000e+00,3,2.224333998485e+00,3.302823586607e-08,4.312022641567e-02,2.414988829920e-02,2.750504153495e-02,5.176215051284e+00,5.176524061132e+00,3.543205023555e+05
870,0.000000000000e+00,3,2.226383629553e+00,3.305964867752e-08,4.298711925814e-02,2.413593059140e-02,2.739426942982e-02,5.158446604205e+00,5.158754912767e+00,3.539290506710e+05
871,0.000000000000e+00,3,2.228435149270e+00,3.309109490998e-08,4.285402737792e-02,2.411747688009e-02,2.730603968510e-02,5.140599357655e+00,5.140907069387e+00,3.523850079262e+05
872,0.000000000000e+00,3,2.230488559378e+00,3.312257450940e-08,4.272085544239e-02,2.409379216762e-02,2.723727859840e-02,5.122671114343e+00,5.122978313186e+00,3.510175649437e+05
873,0.000000000000e+00,3,2.232543861617e+00,3.315408742509e-08,4.258768761740e-02,2.406434996251e-02,2.718604413216e-02,5.104697561141e+00,5.105004316921e+00,3.497849417399e+05
874,0.000000000000e+00,3,2.234601057731e+00,3.318563360936e-08,4.245473130675e-02,2.402885309842e-02,2.715221893727e-02,5.086714218699e+00,5.087020599103e+00,3.486409611969e+05
875,0.000000000000e+00,3,2.236660149466e+00,3.321721301729e-08,4.232217821637e-02,2.398763653985e-02,2.713725189634e-02,5.068752929579e+00,5.069059011792e+00,3.475515952317e+05
876,0.000000000000e+00,3,2.238721138568e+00,3.324882560637e-08,4.218952772026e-02,2.394131587460e-02,2.713788457161e-02,5.050743908928e+00,5.051049756358e+00,3.464969598638e+05
877,0.000000000000e+00,3,2.240784026786e+00,3.328047133625e-08,4.205665580838e-02,2.388966564479e-02,2.715179158250e-02,5.032683924709e+00,5.032989587137e+00,3.454655151658e+05
878,0.000000000000e+00,3,2.242848815869e+00,3.331215016849e-08,4.192362313882e-02,2.383300572337e-02,2.717916265991e-02,5.014577799853e+00,5.014883330647e+00,3.444503780684e+05
879,0.000000000000e+00,3,2.244915507570e+00,3.334386206624e-08,4.179042868230e-02,2.377170625827e-02,2.722095945750e-02,4.996425510970e+00,4.996730971471e+00,3.434479308635e+05
880,0.000000000000e+00,3,2.246984103640e+00,3.337560699395e-08,4.165711550727e-02,2.370626825439e-02,2.727757804436e-02,4.978222001938e+00,4.978527459929e+00,3.424565942123e+05
881,0.000000000000e+00,3,2.249054605836e+00,3.340738491716e-08,4.152367638441e-02,2.363703084283e-02,2.734894668406e-02,4.959970569833e+00,4.960276095483e+00,3.414726777101e+05
882,0.000000000000e+00,3,2.251127015913e+00,3.343919580225e-08,4.139015862630e-02,2.356432735769e-02,2.743431020841e-02,4.941680346480e+00,4.941986008774e+00,3.404931926126e+05
883,0.000000000000e+00,3,2.253201335629e+00,3.347103961622e-08,4.125661165157e-02,2.348849544493e-02,2.753410017657e-02,4.923357188817e+00,4.923663062474e+00,3.396104162571e+05
884,0.000000000000e+00,3,2.255277566745e+00,3.350291632647e-08,4.112293531256e-02,2.341025727644e-02,2.764822832134e-02,4.904986797027e+00,4.905292961638e+00,3.387801832076e+05
885,0.000000000000e+00,3,2.257355711021e+00,3.353482590061e-08,4.098910595790e-02,2.333017059526e-02,2.777671301704e-02,4.886556978851e+00,4.886863519377e+00,3.379381389130e+05
886,0.000000000000e+00,3,2.259435770221e+00,3.356676830626e-08,4.085514653493e-02,2.324877156703e-02,2.791992280505e-02,4.868061529476e+00,4.868368538353e+00,3.371378504534e+05
887,0.000000000000e+00,3,2.261517746108e+00,3.359874351082e-08,4.072104553029e-02,2.316652212695e-02,2.807808559669e-02,4.849488788754e+00,4.849796365049e+00,3.363621167846e+05
888,0.000000000000e+00,3,2.263601640450e+00,3.363075148106e-08,4.058682421763e-02,2.308393371919e-02,2.825029050376e-02,4.830844646496e+00,4.831152888886e+00,3.355924829748e+05
889,0.000000000000e+00,3,2.265687455013e+00,3.366279218340e-08,4.045251747074e-02,2.300130275795e-02,2.843710883474e-02,4.812119309468e+00,4.812428325057e+00,3.348288224254e+05
890,0.000000000000e+00,3,2.267775191567e+00,3.369486558339e-08,4.031804417203e-02,2.291916269493e-02,2.863869161587e-02,4.793302823318e+00,4.793612725637e+00,3.342047261049e+05
891,0.000000000000e+00,3,2.269864851884e+00,3.372697164552e-08,4.018340773163e-02,2.283804297723e-02,2.885539811044e-02,4.774392849671e+00,4.774703760387e+00,3.336030709167e+05
892,0.000000000000e+00,3,2.271956437735e+00,3.375911033304e-08,4.004852249550e-02,2.275839347566e-02,2.908738607925e-02,4.755373580635e+00,4.755685628388e+00,3.330022600111e+05
893,0.000000000000e+00,3,2.274049950896e+00,3.379128160781e-08,3.991333286162e-02,2.268052301139e-02,2.933447374419e-02,4.736233972180e+00,4.736547290046e+00,3.324021890902e+05
894,0.000000000000e+00,3,2.276145393142e+00,3.382348543015e-08,3.977777249845e-02,2.260493426186e-02,2.959764094314e-02,4.716957247291e+00,4.717271981491e+00,3.318025324746e+05
895,0.000000000000e+00,3,2.278242766250e+00,3.385572175868e-08,3.964181453638e-02,2.253201403254e-02,2.987611421751e-02,4.697539275214e+00,4.697855573503e+00,3.312027734198e+05
896,0.000000000000e+00,3,2.280342072000e+00,3.388799055026e-08,3.950539486732e-02,2.246219210780e-02,3.016935155785e-02,4.677966955390e+00,4.678284969067e+00,3.306022371021e+05
897,0.000000000000e+00,3,2.282443312174e+00,3.392029175983e-08,3.936844061778e-02,2.239595334300e-02,3.047915066156e-02,4.658225352713e+00,4.658545252342e+00,3.300001273265e+05
898,0.000000000000e+00,3,2.284546488552e+00,3.395262534035e-08,3.923083327026e-02,2.233371111528e-02,3.080417448031e-02,4.638298617920e+00,4.638620572874e+00,3.293955543213e+05
899,0.000000000000e+00,3,2.286651602920e+00,3.398499124260e-08,3.909256762687e-02,2.227568745711e-02,3.114526804361e-02,4.618182396494e+00,4.618506588726e+00,3.287875430334e+05
900,0.000000000000e+00,3,2.288758657062e+00,3.401738941509e-08,3.895357820347e-02,2.222214161542e-02,3.150189338837e-02,4.597862797225e+00,4.598189412826e+00,3.281750317160e+05
901,0.000000000000e+00,3,2.290867652768e+00,3.404981980399e-08,3.881380438572e-02,2.217338471219e-02,3.187421057654e-02,4.577329583346e+00,4.577658817592e+00,3.275568761329e+05
902,0.000000000000e+00,3,2.292978591825e+00,3.408228235257e-08,3.867319279041e-02,2.212965067376e-02,3.226160907889e-02,4.556569342889e+00,4.556901395164e+00,3.269318609780e+05
903,0.000000000000e+00,3,2.295091476024e+00,3.411477700098e-08,3.853168080049e-02,2.209142730794e-02,3.266413462038e-02,4.535571817778e+00,4.535906897358e+00,3.262987122036e+05
904,0.000000000000e+00,3,2.297206307158e+00,3.414730368549e-08,3.838919572253e-02,2.205885445974e-02,3.308209320434e-02,4.514323391710e+00,4.514661718583e+00,3.256561079175e+05
905,0.000000000000e+00,3,2.299323087021e+00,3.417986229640e-08,3.824567254699e-02,2.203221600792e-02,3.351529812129e-02,4.492813574684e+00,4.493155377024e+00,3.250026881282e+05
906,0.000000000000e+00,3,2.301441817409e+00,3.421245283884e-08,3.810098726227e-02,2.201166852236e-02,3.396370360473e-02,4.471022699192e+00,4.471368214388e+00,3.243373855307e+05
907,0.000000000000e+00,3,2.303562500118e+00,3.424507537917e-08,3.795504903608e-02,2.199751859585e-02,3.442723592659e-02,4.448937706995e+00,4.449287182445e+00,3.236595066181e+05
908,0.000000000000e+00,3,2.305685136947e+00,3.427772986846e-08,3.780782110012e-02,2.198974847154e-02,3.490473071576e-02,4.426551868627e+00,4.426905551991e+00,3.229641363474e+05
909,0.000000000000e+00,3,2.307809729698e+00,3.431041622877e-08,3.765927532623e-02,2.198855607366e-02,3.539651465533e-02,4.403856521044e+00,4.404214673334e+00,3.222472823267e+05
910,0.000000000000e+00,3,2.309936280173e+00,3.434313437707e-08,3.750929224113e-02,2.199407397589e-02,3.590288593287e-02,4.380835495643e+00,4.381198391239e+00,3.215076459485e+05
911,0.000000000000e+00,3,2.312064790176e+00,3.437588422649e-08,3.735779176602e-02,2.200642715907e-02,3.642342275177e-02,4.357476782525e+00,4.357844703912e+00,3.207458163013e+05
912,0.000000000000e+00,3,2.314195261511e+00,3.440866568689e-08,3.720468559729e-02,2.202558553505e-02,3.695693295625e-02,4.333765584430e+00,4.334138815351e+00,3.199616470866e+05
913,0.000000000000e+00,3,2.316327695987e+00,3.444147866515e-08,3.704995592766e-02,2.205180643683e-02,3.750419488341e-02,4.309699308860e+00,4.310078152287e+00,3.191543034992e+05
914,0.000000000000e+00,3,2.318462095413e+00,3.447432306539e-08,3.689355913363e-02,2.208501350092e-02,3.806499026231e-02,4.285270155069e+00,4.285654924039e+00,3.183673862700e+05
915,0.000000000000e+00,3,2.320598461599e+00,3.450719878902e-08,3.673540657507e-02,2.212517185894e-02,3.863929979501e-02,4.260467287048e+00,4.260858307058e+00,3.175467126942e+05
916,0.000000000000e+00,3,2.322736796357e+00,3.454010573477e-08,3.657545435929e-02,2.217211296407e-02,3.922505002608e-02,4.235287161594e+00,4.235684751273e+00,3.166955236828e+05
917,0.000000000000e+00,3,2.324877101502e+00,3.457304379894e-08,3.641364464370e-02,2.222591031761e-02,3.982284788704e-02,4.209717613730e+00,4.210122111194e+00,3.158144938022e+05
918,0.000000000000e+00,3,2.327019378848e+00,3.460601287474e-08,3.624959668390e-02,2.228656439258e-02,4.043160424701e-02,4.183713616609e+00,4.184125364355e+00,3.149027606383e+05
919,0.000000000000e+00,3,2.329163630214e+00,3.463901285258e-08,3.608318022023e-02,2.235368356988e-02,4.104868820035e-02,4.157260599923e+00,4.157679926778e+00,3.139591530477e+05
920,0.000000000000e+00,3,2.331309857418e+00,3.467204362010e-08,3.591446997648e-02,2.242709026460e-02,4.167357800693e-02,4.130364722685e+00,4.130791964386e+00,3.129824317687e+05
921,0.000000000000e+00,3,2.333458062281e+00,3.470510506225e-08,3.574330716508e-02,2.250671172561e-02,4.230601627977e-02,4.103008236104e+00,4.103443739182e+00,3.119713570988e+05
922,0.000000000000e+00,3,2.335608246625e+00,3.473819706137e-08,3.556973172901e-02,2.259246713067e-02,4.294440226372e-02,4.075194646938e+00,4.075638754540e+00,3.109247155849e+05
923,0.000000000000e+00,3,2.337760412275e+00,3.477131949733e-08,3.539397565714e-02,2.268397152424e-02,4.358709626649e-02,4.046950353955e+00,4.047403401987e+00,3.098413316467e+05
924,0.000000000000e+00,3,2.339914561055e+00,3.480447224509e-08,3.521619970875e-02,2.278108129141e-02,4.423282031671e-02,4.018294959407e+00,4.018757280749e+00,3.087200738621e+05
925,0.000000000000e+00,3,2.342070694794e+00,3.483765516481e-08,3.503663362817e-02,2.288398594529e-02,4.488191265971e-02,3.989254939329e+00,3.989726882827e+00,3.075600653325e+05
926,0.000000000000e+00,3,2.344228815320e+00,3.487086812398e-08,3.485523998085e-02,2.299193257789e-02,4.553283208780e-02,3.959828093558e+00,3.960309998730e+00,3.063608695003e+05
927,0.000000000000e+00,3,2.346388924464e+00,3.490411098940e-08,3.467195397094e-02,2.310457955680e-02,4.618476865254e-02,3.930011622149e+00,3.930503828909e+00,3.051333314288e+05
928,0.000000000000e+00,3,2.348551024059e+00,3.493738362517e-08,3.448645449711e-02,2.322148201374e-02,4.683614224009e-02,3.899772237314e+00,3.900275077468e+00,3.038856005567e+05
929,0.000000000000e+00,3,2.350715115938e+00,3.497068589316e-08,3.429862195980e-02,2.334269909321e-02,4.748648180359e-02,3.869100128930e+00,3.869613940784e+00,3.025988177234e+05
930,0.000000000000e+00,3,2.352881201938e+00,3.500401765303e-08,3.410844440467e-02,2.346763162519e-02,4.813574290286e-02,3.838001487454e+00,3.838526616185e+00,3.012687473957e+05
931,0.000000000000e+00,3,2.355049283896e+00,3.503737876211e-08,3.391596130424e-02,2.359580726075e-02,4.878253965411e-02,3.806484811501e+00,3.807021593177e+00,2.998936411968e+05
932,0.000000000000e+00,3,2.357219363651e+00,3.507076907402e-08,3.372133170199e-02,2.372688706455e-02,4.942607376836e-02,3.774571874750e+00,3.775120642815e+00,2.984728347130e+05
933,0.000000000000e+00,3,2.359391443044e+00,3.510418844233e-08,3.352460553769e-02,2.386050567626e-02,5.006508743090e-02,3.742272980880e+00,3.742834059815e+00,2.970061297090e+05
934,0.000000000000e+00,3,2.361565523918e+00,3.513763672033e-08,3.332568640751e-02,2.399648953291e-02,5.069965474906e-02,3.709586285852e+00,3.710160010034e+00,2.954932171947e+05
935,0.000000000000e+00,3,2.363741608116e+00,3.517111376016e-08,3.312460811718e-02,2.413461661079e-02,5.132894854255e-02,3.676519736697e+00,3.677106437766e+00,2.939335933948e+05
936,0.000000000000e+00,3,2.365919697486e+00,3.520461941317e-08,3.292138507579e-02,2.427436462737e-02,5.195346223342e-02,3.643085013622e+00,3.643685035934e+00,2.923267593848e+05
937,0.000000000000e+00,3,2.368099793874e+00,3.523815353099e-08,3.271588730762e-02,2.441522499328e-02,5.257232448325e-02,3.609281966617e+00,3.609895648955e+00,2.906723347943e+05
938,0.000000000000e+00,3,2.370281899130e+00,3.527171596657e-08,3.250821270364e-02,2.455707909591e-02,5.318513507129e-02,3.575130451373e+00,3.575758134571e+00,2.889700693855e+05
939,0.000000000000e+00,3,2.372466015105e+00,3.530530657120e-08,3.229827890619e-02,2.469954773913e-02,5.379111285875e-02,3.540631376534e+00,3.541273397353e+00,2.872198422148e+05
940,0.000000000000e+00,3,2.374652143652e+00,3.533892519734e-08,3.208637776615e-02,2.484199714114e-02,5.438768152646e-02,3.505822137282e+00,3.506478794834e+00,2.854216998421e+05
941,0.000000000000e+00,3,2.376840286625e+00,3.537257169921e-08,3.187240355223e-02,2.498376872269e-02,5.497386670309e-02,3.470698170741e+00,3.471369752304e+00,2.835758656289e+05
942,0.000000000000e+00,3,2.379030445881e+00,3.540624593323e-08,3.165645876924e-02,2.512446789979e-02,5.554961332176e-02,3.435275112688e+00,3.435961907481e+00,2.816826598474e+05
943,0.000000000000e+00,3,2.381222623277e+00,3.543994775857e-08,3.143871850348e-02,2.526305713103e-02,5.611221601337e-02,3.399578494936e+00,3.400280744158e+00,2.797425091965e+05
944,0.000000000000e+00,3,2.383416820673e+00,3.547367703516e-08,3.121934709911e-02,2.539929214383e-02,5.666173292906e-02,3.363634254059e+00,3.364352198972e+00,2.777455089783e+05
945,0.000000000000e+00,3,2.385613039931e+00,3.550743362312e-08,3.099841014106e-02,2.553268546370e-02,5.719806349695e-02,3.327457659910e+00,3.328191538421e+00,2.756735965029e+05
946,0.000000000000e+00,3,2.387811282913e+00,3.554121738465e-08,3.077598044623e-02,2.566309267617e-02,5.771989692612e-02,3.291064484032e+00,3.291814511764e+00,2.735270984073e+05
947,0.000000000000e+00,3,2.390011551485e+00,3.557502818321e-08,3.055206545450e-02,2.578997817591e-02,5.822630754056e-02,3.254462707469e+00,3.255229080859e+00,2.713217059040e+05
948,0.000000000000e+00,3,2.392213847512e+00,3.560886587680e-08,3.032674941624e-02,2.591300459048e-02,5.871685055674e-02,3.217668496321e+00,3.218451400331e+00,2.690655611327e+05
949,0.000000000000e+00,3,2.394418172863e+00,3.564273031111e-08,3.009967084095e-02,2.603174042655e-02,5.918955337219e-02,3.180649770858e+00,3.181449356784e+00,2.667668142940e+05
950,0.000000000000e+00,3,2.396624529409e+00,3.567662133626e-08,2.987047127739e-02,2.614596977106e-02,5.964393473777e-02,3.143368178685e+00,3.144184594217e+00,2.644360586552e+05
951,0.000000000000e+00,3,2.398832919019e+00,3.571053881175e-08,2.963831605984e-02,2.625525165141e-02,6.007723727473e-02,3.105731152963e+00,3.106564507127e+00,2.620613515433e+05
952,0.000000000000e+00,3,2.401043343569e+00,3.574448259862e-08,2.940313809614e-02,2.635925480409e-02,6.048848047883e-02,3.067723486162e+00,3.068573870492e+00,2.596480372712e+05
953,0.000000000000e+00,3,2.403255804933e+00,3.577845256079e-08,2.916625995540e-02,2.645749422262e-02,6.087788099752e-02,3.029479888981e+00,3.030347370164e+00,2.571994627916e+05
954,0.000000000000e+00,3,2.405470304988e+00,3.581244851827e-08,2.892819461159e-02,2.654939718518e-02,6.124367664356e-02,2.991061994213e+00,2.991946582426e+00,2.547196997270e+05
955,0.000000000000e+00,3,2.407686845612e+00,3.584647024127e-08,2.868901550565e-02,2.663515574447e-02,6.158751289021e-02,2.952498243938e+00,2.953399971784e+00,2.522120594521e+05
956,0.000000000000e+00,3,2.409905428687e+00,3.588051757838e-08,2.844873476367e-02,2.671476985839e-02,6.190903633031e-02,2.913808588942e+00,2.914727471173e+00,2.496772272186e+05
957,0.000000000000e+00,3,2.412126056093e+00,3.591459038033e-08,2.820756873999e-02,2.678847974276e-02,6.220840055017e-02,2.875036080456e+00,2.875972120624e+00,2.471142008976e+05
958,0.000000000000e+00,3,2.414348729714e+00,3.594868850262e-08,2.796582507820e-02,2.685578916502e-02,6.248651744265e-02,2.836224189423e+00,2.837177389292e+00,2.445231782120e+05
959,0.000000000000e+00,3,2.416573451437e+00,3.598281180725e-08,2.772372919265e-02,2.691662317221e-02,6.274482637796e-02,2.797405896444e+00,2.798376274281e+00,2.419052207874e+05
960,0.000000000000e+00,3,2.418800223148e+00,3.601696017226e-08,2.748080127399e-02,2.697091419421e-02,6.298482569878e-02,2.758547846203e+00,2.759535455962e+00,2.392631970027e+05
961,0.000000000000e+00,3,2.421029046736e+00,3.605113347967e-08,2.723673486912e-02,2.701808641357e-02,6.320821158704e-02,2.719638741640e+00,2.720643670119e+00,2.365998180348e+05
962,0.000000000000e+00,3,2.423259924093e+00,3.608533161479e-08,2.699210582073e-02,2.705788094373e-02,6.341130436389e-02,2.680750267893e+00,2.681772491287e+00,2.339143205059e+05
963,0.000000000000e+00,3,2.425492857109e+00,3.611955447392e-08,2.674708555136e-02,2.709040719178e-02,6.359470352998e-02,2.641910701594e+00,2.642950195948e+00,2.312059907896e+05
964,0.000000000000e+00,3,2.427727847681e+00,3.615380196831e-08,2.650203389143e-02,2.711540044737e-02,6.375892791890e-02,2.603170459356e+00,2.604227187496e+00,2.284760106152e+05
965,0.000000000000e+00,3,2.429964897703e+00,3.618807400092e-08,2.625722428133e-02,2.713256737023e-02,6.390144650410e-02,2.564566430232e+00,2.565640268622e+00,2.257260592660e+05
966,0.000000000000e+00,3,2.432204009074e+00,3.622237048040e-08,2.601294812454e-02,2.714189200494e-02,6.402267112220e-02,2.526138831283e+00,2.527229639963e+00,2.229579374228e+05
967,0.000000000000e+00,3,2.434445183692e+00,3.625669132189e-08,2.576936615783e-02,2.714339359014e-02,6.412265878340e-02,2.487912516832e+00,2.489020134677e+00,2.201733969896e+05
968,0.000000000000e+00,3,2.436688423460e+00,3.629103638586e-08,2.552672278511e-02,2.713721823785e-02,6.420205483804e-02,2.449920466084e+00,2.451044723413e+00,2.173739757427e+05
969,0.000000000000e+00,3,2.438933730279e+00,3.632540542040e-08,2.528524898531e-02,2.712370589883e-02,6.426259334967e-02,2.412191508736e+00,2.413332259545e+00,2.145610362506e+05
970,0.000000000000e+00,3,2.441181106055e+00,3.635979829816e-08,2.504493551996e-02,2.710341433152e-02,6.430612631895e-02,2.374730632563e+00,2.375887770703e+00,2.117356508780e+05
971,0.000000000000e+00,3,2.443430552694e+00,3.639421489857e-08,2.480589957112e-02,2.707637785373e-02,6.433412973933e-02,2.337558044432e+00,2.338731483995e+00,2.088981273111e+05
972,0.000000000000e+00,3,2.445682072104e+00,3.642865510614e-08,2.456831726827e-02,2.704268985644e-02,6.434678567685e-02,2.300696372210e+00,2.301886012646e+00,2.060508145750e+05
973,0.000000000000e+00,3,2.447935666196e+00,3.646311881191e-08,2.433231040496e-02,2.700266307828e-02,6.434661602109e-02,2.264162918806e+00,2.265368715029e+00,2.031976973126e+05
974,0.000000000000e+00,3,2.450191336881e+00,3.649760591387e-08,2.409806963845e-02,2.695644296583e-02,6.433512676648e-02,2.227980681459e+00,2.229202613552e+00,2.003404993916e+05
975,0.000000000000e+00,3,2.452449086072e+00,3.653211633036e-08,2.386585003075e-02,2.690424820765e-02,6.431308078565e-02,2.192178503315e+00,2.193416554175e+00,1.973749929297e+05
976,0.000000000000e+00,3,2.454708915685e+00,3.656665001743e-08,2.363563814826e-02,2.684619905681e-02,6.428120571697e-02,2.156759675796e+00,2.158013840165e+00,1.944186853584e+05
977,0.000000000000e+00,3,2.456970827637e+00,3.660120691195e-08,2.340741650478e-02,2.678248598755e-02,6.423965511676e-02,2.121724359824e+00,2.122994630484e+00,1.914680433953e+05
978,0.000000000000e+00,3,2.459234823846e+00,3.663578696231e-08,2.318140752863e-02,2.671344269287e-02,6.419005867166e-02,2.087098064998e+00,2.088384467053e+00,1.885192961711e+05
979,0.000000000000e+00,3,2.461500906234e+00,3.667039012710e-08,2.295760324050e-02,2.663921372204e-02,6.413453107595e-02,2.052880475329e+00,2.054183093913e+00,1.855712058677e+05
980,0.000000000000e+00,3,2.463769076722e+00,3.670501638289e-08,2.273596928048e-02,2.655951705170e-02,6.407258182298e-02,2.019067704522e+00,2.020386602468e+00,1.826232732829e+05
981,0.000000000000e+00,3,2.466039337234e+00,3.673966570193e-08,2.251645611905e-02,2.647449660826e-02,6.400556494435e-02,1.985657495654e+00,1.986992776071e+00,1.796853551607e+05
982,0.000000000000e+00,3,2.468311689697e+00,3.677433806316e-08,2.229906592776e-02,2.638368709686e-02,6.393409540792e-02,1.952654315292e+00,1.954006087726e+00,1.767636003757e+05
983,0.000000000000e+00,3,2.470586136038e+00,3.680903345774e-08,2.208330764097e-02,2.628745139591e-02,6.385887599821e-02,1.920007963099e+00,1.921376391284e+00,1.738430212193e+05
984,0.000000000000e+00,3,2.472862678187e+00,3.684375189687e-08,2.186963905951e-02,2.618589512735e-02,6.377934343952e-02,1.887772053532e+00,1.889157249401e+00,1.709223971785e+05
985,0.000000000000e+00,3,2.475141318074e+00,3.687849340116e-08,2.165799171036e-02,2.607885943330e-02,6.369500142962e-02,1.855948714284e+00,1.857350763527e+00,1.679947556896e+05
986,0.000000000000e+00,3,2.477422057633e+00,3.691325796862e-08,2.144872204988e-02,2.596731135398e-02,6.360705938639e-02,1.824587054911e+00,1.826006059105e+00,1.650344949702e+05
987,0.000000000000e+00,3,2.479704898799e+00,3.694804559992e-08,2.124123371983e-02,2.585084051039e-02,6.351369257082e-02,1.793630431255e+00,1.795066452540e+00,1.620357488654e+05
988,0.000000000000e+00,3,2.481989843507e+00,3.698285626395e-08,2.103407235824e-02,2.573032208269e-02,6.341407577765e-02,1.762935789887e+00,1.764388966738e+00,1.590280131139e+05
989,0.000000000000e+00,3,2.484276893697e+00,3.701768989009e-08,2.082743990266e-02,2.560627083844e-02,6.330539787872e-02,1.732543540950e+00,1.734013886348e+00,1.560292277913e+05
990,0.000000000000e+00,3,2.486566051308e+00,3.705254642205e-08,2.061844410040e-02,2.547832269829e-02,6.318302970862e-02,1.702132272121e+00,1.703619861413e+00,1.530979554127e+05
991,0.000000000000e+00,3,2.488857318282e+00,3.708742582010e-08,2.040929853003e-02,2.534712868572e-02,6.304535095126e-02,1.671930179258e+00,1.673434867866e+00,1.501873280953e+05
992,0.000000000000e+00,3,2.491150696564e+00,3.712232803648e-08,2.020092387212e-02,2.521287667743e-02,6.289055009573e-02,1.642050461797e+00,1.643571935406e+00,1.472999363612e+05
993,0.000000000000e+00,3,2.493446188098e+00,3.715725240765e-08,1.999426281230e-02,2.507646092055e-02,6.272352666626e-02,1.612620250906e+00,1.614158267911e+00,1.444460964993e+05
994,0.000000000000e+00,3,2.495743794832e+00,3.719219828689e-08,1.978992106332e-02,2.493859589378e-02,6.254506117720e-02,1.583726908259e+00,1.585281167226e+00,1.416106227732e+05
995,0.000000000000e+00,3,2.498043518714e+00,3.722716509631e-08,1.958881229227e-02,2.479972894373e-02,6.235851441334e-02,1.555499104032e+00,1.557069296815e+00,1.387903408934e+05
996,0.000000000000e+00,3,2.500345361696e+00,3.726215295901e-08,1.939086500906e-02,2.466012795928e-02,6.216905772419e-02,1.527959677018e+00,1.529545649495e+00,1.359874689198e+05
997,0.000000000000e+00,3,2.502649325731e+00,3.729716183087e-08,1.919632985404e-02,2.451990197394e-02,6.197715866701e-02,1.501157522393e+00,1.502759062494e+00,1.332038308799e+05
998,0.000000000000e+00,3,2.504955412773e+00,3.733219167881e-08,1.900541748520e-02,2.437944922414e-02,6.178402987787e-02,1.475135482824e+00,1.476752356515e+00,1.304411442501e+05
999,0.000000000000e+00,3,2.507263624777e+00,3.736724250952e-08,1.881830073069e-02,2.423877069581e-02,6.159137654610e-02,1.449922167046e+00,1.451554144565e+00,1.276827694576e+05
1000,0.000000000000e+00,3,2.509573963703e+00,3.740231439132e-08,1.863530261888e-02,2.409875243170e-02,6.140034700682e-02,1.425587278669e+00,1.427234078940e+00,1.249435242300e+05
1001,0.000000000000e+00,3,2.511886431510e+00,3.743740730078e-08,1.845650121445e-02,2.395944109474e-02,6.121122428102e-02,1.402188350652e+00,1.403849593774e+00,1.222284443807e+05
1002,0.000000000000e+00,3,2.514201030159e+00,3.747252120887e-08,1.828214852294e-02,2.382114692476e-02,6.102515456450e-02,1.379784067042e+00,1.381459309986e+00,1.195415219264e+05
1003,0.000000000000e+00,3,2.516517761615e+00,3.750765608652e-08,1.811245841283e-02,2.368403425077e-02,6.084338127277e-02,1.358418688965e+00,1.360107439213e+00,1.168863024676e+05
1004,0.000000000000e+00,3,2.518836627842e+00,3.754281190426e-08,1.794759293961e-02,2.354813805159e-02,6.066584821208e-02,1.338119950189e+00,1.339821621385e+00,1.142659680969e+05
1005,0.000000000000e+00,3,2.521157630807e+00,3.757798863238e-08,1.778775708278e-02,2.341377049736e-02,6.049315401302e-02,1.318924943488e+00,1.320638874632e+00,1.116829800009e+05
1006,0.000000000000e+00,3,2.523480772481e+00,3.761318624206e-08,1.763301327125e-02,2.328117010078e-02,6.032541911318e-02,1.300848396497e+00,1.302573853146e+00,1.091376840184e+05
1007,0.000000000000e+00,3,2.525806054832e+00,3.764840470464e-08,1.748354960352e-02,2.315032046027e-02,6.016265681128e-02,1.283919288255e+00,1.285655434349e+00,1.063470668483e+05
1008,0.000000000000e+00,3,2.528133479834e+00,3.768364399759e-08,1.733945079302e-02,2.302150790622e-02,6.000575401094e-02,1.268159041408e+00,1.269904992982e+00,1.038634413434e+05
1009,0.000000000000e+00,3,2.530463049461e+00,3.771890411679e-08,1.720070827648e-02,2.289498142820e-02,5.985495400084e-02,1.253568437558e+00,1.255323260240e+00,1.013419373190e+05
1010,0.000000000000e+00,3,2.532794765690e+00,3.775418510670e-08,1.706719347179e-02,2.277082389017e-02,5.971064996912e-02,1.240150361501e+00,1.241913072789e+00,9.837313544855e+04
1011,0.000000000000e+00,3,2.535128630498e+00,3.778948710988e-08,1.693907345793e-02,2.264906836282e-02,5.957256116363e-02,1.227949118885e+00,1.229718602413e+00,9.574354247214e+04
1012,0.000000000000e+00,3,2.537464645865e+00,3.782481025860e-08,1.681602150914e-02,2.252761416941e-02,5.943920820557e-02,1.216948693995e+00,1.218723682902e+00,9.252322275250e+04
1013,0.000000000000e+00,3,2.539802813773e+00,3.786015443036e-08,1.669845389594e-02,2.240763427188e-02,5.931093490370e-02,1.207217397765e+00,1.208996514843e+00,8.949812764626e+04
1014,0.000000000000e+00,3,2.542143136205e+00,3.789551928500e-08,1.658659181808e-02,2.228973772883e-02,5.918630153770e-02,1.198777673934e+00,1.200559401799e+00,8.729629824119e+04
1015,0.000000000000e+00,3,2.544485615147e+00,3.793090459579e-08,1.648017761412e-02,2.217437489506e-02,5.906392328828e-02,1.191599969902e+00,1.193382727569e+00,8.682348772674e+04
1016,0.000000000000e+00,3,2.546830252585e+00,3.796631024145e-08,1.637917325733e-02,2.206051688919e-02,5.894224728803e-02,1.185692128766e+00,1.187474191911e+00,8.634458105324e+04
1017,0.000000000000e+00,3,2.549177050509e+00,3.800173614569e-08,1.628404285229e-02,2.194912543022e-02,5.882214539037e-02,1.181117367896e+00,1.182896959034e+00,8.586141450690e+04
1018,0.000000000000e+00,3,2.551526010910e+00,3.803718225061e-08,1.619477579610e-02,2.184136102446e-02,5.870300592356e-02,1.177854761658e+00,1.179630110788e+00,8.537581482202e+04
1019,0.000000000000e+00,3,2.553877135779e+00,3.807264850706e-08,1.611084398630e-02,2.173611888461e-02,5.858243454462e-02,1.175846290892e+00,1.177615565284e+00,8.488959169748e+04
1020,0.000000000000e+00,3,2.556230427113e+00,3.810813487308e-08,1.602920462605e-02,2.163339560746e-02,5.845078658495e-02,1.174801476980e+00,1.176562766695e+00,8.440453148378e+04
1021,0.000000000000e+00,3,2.558585886906e+00,3.814364132012e-08,1.594984003397e-02,2.153407159945e-02,5.830735712418e-02,1.174809956177e+00,1.176561215859e+00,8.392239054859e+04
1022,0.000000000000e+00,3,2.560943517157e+00,3.817916785162e-08,1.587547826122e-02,2.143906913851e-02,5.815644391332e-02,1.176137099316e+00,1.177876187403e+00,8.344488405637e+04
1023,0.000000000000e+00,3,2.563303319866e+00,3.821471673458e-08,1.580201327660e-02,2.134709228664e-02,5.799314312668e-02,1.178332309057e+00,1.180057471986e+00,8.297369103849e+04
1024,0.000000000000e+00,3,2.565665297035e+00,3.825028724572e-08,1.573330395113e-02,2.125956398752e-02,5.782569821629e-02,1.181812705508e+00,1.183522111407e+00,8.251045428912e+04
1025,0.000000000000e+00,3,2.568029450667e+00,3.828587962188e-08,1.567160902247e-02,2.117609468723e-02,5.766127059160e-02,1.186695760259e+00,1.188387847404e+00,8.205677274737e+04
1026,0.000000000000e+00,3,2.570395782769e+00,3.832149385018e-08,1.561703542163e-02,2.109663721819e-02,5.750439775495e-02,1.192865968477e+00,1.194539632833e+00,8.161419421739e+04
1027,0.000000000000e+00,3,2.572764295347e+00,3.835712990908e-08,1.556938946053e-02,2.102097703747e-02,5.735341912877e-02,1.200245978401e+00,1.201900208302e+00,8.118444571902e+04
1028,0.000000000000e+00,3,2.575134990410e+00,3.839278769548e-08,1.552879825141e-02,2.094885976719e-02,5.720565660414e-02,1.208832942722e+00,1.210466673997e+00,8.077043421995e+04
1029,0.000000000000e+00,3,2.577507869971e+00,3.842846694460e-08,1.549508611444e-02,2.087988109234e-02,5.705951552235e-02,1.218590595919e+00,1.220202809332e+00,8.037176575581e+04
1030,0.000000000000e+00,3,2.579882936040e+00,3.846416746530e-08,1.546798428258e-02,2.081333508677e-02,5.691162471809e-02,1.229448302452e+00,1.231037982714e+00,7.998889143606e+04
1031,0.000000000000e+00,3,2.582260190635e+00,3.849988912920e-08,1.544763223777e-02,2.074985161669e-02,5.676060395948e-02,1.241373806426e+00,1.242940014291e+00,7.962349220908e+04
1032,0.000000000000e+00,3,2.584639635770e+00,3.853563184131e-08,1.543417426516e-02,2.068893016247e-02,5.660577848466e-02,1.254338871444e+00,1.255880752356e+00,7.927688389155e+04
1033,0.000000000000e+00,3,2.587021273465e+00,3.857139553322e-08,1.542764352641e-02,2.062987877535e-02,5.644603138633e-02,1.268309056868e+00,1.269825823598e+00,7.895019655379e+04
1034,0.000000000000e+00,3,2.589405105739e+00,3.860718015491e-08,1.542757268476e-02,2.057230086286e-02,5.628174503875e-02,1.283192193223e+00,1.284683256346e+00,7.864444915802e+04
1035,0.000000000000e+00,3,2.591791134616e+00,3.864298562362e-08,1.543488116031e-02,2.051578590391e-02,5.611791906971e-02,1.298984344608e+00,1.300449415166e+00,7.836056705867e+04
1036,0.000000000000e+00,3,2.594179362119e+00,3.867881125595e-08,1.544918813343e-02,2.046111969173e-02,5.595205513936e-02,1.315616572288e+00,1.317055402246e+00,7.809938704843e+04
1037,0.000000000000e+00,3,2.596569790274e+00,3.871465682802e-08,1.546995700129e-02,2.040809772193e-02,5.577957512285e-02,1.333038615027e+00,1.334450868401e+00,7.786165888505e+04
1038,0.000000000000e+00,3,2.598962421109e+00,3.875052402119e-08,1.549724536712e-02,2.035611802123e-02,5.560326610515e-02,1.351198067812e+00,1.352583630618e+00,7.764804558163e+04
1039,0.000000000000e+00,3,2.601357256653e+00,3.878641284004e-08,1.552881737865e-02,2.030446540585e-02,5.540799217070e-02,1.369968114746e+00,1.371326400424e+00,7.745912967368e+04
1040,0.000000000000e+00,3,2.603754298939e+00,3.882232286496e-08,1.556097021516e-02,2.025288942431e-02,5.519172108796e-02,1.389077028944e+00,1.390407653078e+00,7.729541967821e+04
1041,0.000000000000e+00,3,2.606153549999e+00,3.885825398630e-08,1.559254912650e-02,2.020101755415e-02,5.495080957533e-02,1.408455012030e+00,1.409757539822e+00,7.715734560016e+04
1042,0.000000000000e+00,3,2.608555011869e+00,3.889420619825e-08,1.562168670897e-02,2.014946189253e-02,5.468042437626e-02,1.428029878454e+00,1.429303788730e+00,7.704524335210e+04
1043,0.000000000000e+00,3,2.610958686586e+00,3.893017949588e-08,1.564705172572e-02,2.009677959566e-02,5.438065371682e-02,1.447757382058e+00,1.449002209653e+00,7.695934447073e+04
1044,0.000000000000e+00,3,2.613364576189e+00,3.896617253554e-08,1.567302834069e-02,2.004394996225e-02,5.407002748247e-02,1.467834874271e+00,1.469050778478e+00,7.689977806544e+04
1045,0.000000000000e+00,3,2.615772682719e+00,3.900218452802e-08,1.570221216193e-02,1.999098525907e-02,5.376074178863e-02,1.488323645240e+00,1.489511224965e+00,7.686657859694e+04
1046,0.000000000000e+00,3,2.618183008219e+00,3.903821498304e-08,1.573531139198e-02,1.993821104667e-02,5.346218581100e-02,1.509290959902e+00,1.510451104550e+00,7.685969271035e+04
1047,0.000000000000e+00,3,2.620595554733e+00,3.907426386357e-08,1.577680620237e-02,1.988402360243e-02,5.315011271926e-02,1.530832536645e+00,1.531965231897e+00,7.687898350968e+04
1048,0.000000000000e+00,3,2.623010324309e+00,3.911032876007e-08,1.582982389854e-02,1.982846455498e-02,5.282844701703e-02,1.552886104823e+00,1.553991586431e+00,7.692422645126e+04
1049,0.000000000000e+00,3,2.625427318994e+00,3.914641003095e-08,1.589179028607e-02,1.977151463748e-02,5.250486627601e-02,1.575384963948e+00,1.576463766601e+00,7.699510539933e+04
1050,0.000000000000e+00,3,2.627846540838e+00,3.918251021250e-08,1.596464381952e-02,1.971283315902e-02,5.217308297283e-02,1.598261636364e+00,1.599314151286e+00,7.709125135982e+04
1051,0.000000000000e+00,3,2.630267991895e+00,3.921862777111e-08,1.604294378944e-02,1.965025041517e-02,5.184316545423e-02,1.621472087698e+00,1.622498984090e+00,7.721221423433e+04
1052,0.000000000000e+00,3,2.632691674218e+00,3.925475930037e-08,1.612574048416e-02,1.958600938267e-02,5.150200758639e-02,1.644905041456e+00,1.645906650896e+00,7.735746657990e+04
1053,0.000000000000e+00,3,2.635117589864e+00,3.929090553149e-08,1.621127182305e-02,1.952146290548e-02,5.115358606277e-02,1.668464625935e+00,1.669441460553e+00,7.752640512373e+04
1054,0.000000000000e+00,3,2.637545740889e+00,3.932706934869e-08,1.629683256125e-02,1.945656148979e-02,5.081326867786e-02,1.692044325874e+00,1.692997381431e+00,7.771835237799e+04
1055,0.000000000000e+00,3,2.639976129355e+00,3.936325092289e-08,1.638354231723e-02,1.938778885473e-02,5.046333062876e-02,1.715654542567e+00,1.716584214067e+00,7.793255780587e+04
1056,0.000000000000e+00,3,2.642408757322e+00,3.939945030270e-08,1.647206128404e-02,1.931406419602e-02,5.009123885097e-02,1.739234871161e+00,1.740141210118e+00,7.816819896562e+04
1057,0.000000000000e+00,3,2.644843626854e+00,3.943566752976e-08,1.656262717753e-02,1.923547136776e-02,4.969864897626e-02,1.762799477551e+00,1.763682589851e+00,7.842437589964e+04
1058,0.000000000000e+00,3,2.647280740018e+00,3.947190264686e-08,1.665549662507e-02,1.915209332554e-02,4.928661044769e-02,1.786371001072e+00,1.787231023591e+00,7.870011781529e+04
1059,0.000000000000e+00,3,2.649720098879e+00,3.950815570131e-08,1.675043824892e-02,1.906416977612e-02,4.885601116199e-02,1.809900353722e+00,1.810737479587e+00,7.903645929598e+04
1060,0.000000000000e+00,3,2.652161705508e+00,3.954442674626e-08,1.684723536128e-02,1.897159635215e-02,4.840758119436e-02,1.833347977598e+00,1.834162438741e+00,7.950068007338e+04
1061,0.000000000000e+00,3,2.654605561976e+00,3.958071584171e-08,1.694568438027e-02,1.887423788210e-02,4.794212922955e-02,1.856676108209e+00,1.857468172439e+00,7.998058968832e+04
1062,0.000000000000e+00,3,2.657051670355e+00,3.961702305588e-08,1.704561538701e-02,1.877181465778e-02,4.746015491738e-02,1.879856686890e+00,1.880626641197e+00,8.047482161229e+04
1063,0.000000000000e+00,3,2.659500032722e+00,3.965334846723e-08,1.714676114307e-02,1.866392326283e-02,4.696241018818e-02,1.902849096487e+00,1.903597253996e+00,8.098195588974e+04
1064,0.000000000000e+00,3,2.661950651152e+00,3.968969216816e-08,1.724889943635e-02,1.855125658154e-02,4.645005936062e-02,1.925610389087e+00,1.926337107628e+00,8.150052289446e+04
1065,0.000000000000e+00,3,2.664403527725e+00,3.972605427167e-08,1.735184168475e-02,1.843313908660e-02,4.592393794914e-02,1.948104886865e+00,1.948810541159e+00,8.202900579428e+04
1066,0.000000000000e+00,3,2.666858664521e+00,3.976243492485e-08,1.745524960821e-02,1.831016719916e-02,4.538532550899e-02,1.970266560556e+00,1.970951571038e+00,8.256584299192e+04
1067,0.000000000000e+00,3,2.669316063624e+00,3.979883433786e-08,1.755891225870e-02,1.818276223759e-02,4.483579898987e-02,1.992063253872e+00,1.992728075915e+00,8.310943060350e+04
1068,0.000000000000e+00,3,2.671775727118e+00,3.983525284858e-08,1.766272547369e-02,1.805066179926e-02,4.427651197377e-02,2.013475720809e+00,2.014120822112e+00,8.365812513002e+04
1069,0.000000000000e+00,3,2.674237657089e+00,3.987169108168e-08,1.776644558935e-02,1.791376486073e-02,4.370801411687e-02,2.034476485348e+00,2.035102333912e+00,8.421024656758e+04
1070,0.000000000000e+00,3,2.676701855626e+00,3.990814995348e-08,1.786991028268e-02,1.777287287297e-02,4.313051784741e-02,2.055044761191e+00,2.055651823820e+00,8.476408194057e+04
1071,0.000000000000e+00,3,2.679168324819e+00,3.994462951923e-08,1.797274516857e-02,1.762645035114e-02,4.254246485512e-02,2.075199488782e+00,2.075788161369e+00,8.531788947531e+04
1072,0.000000000000e+00,3,2.681637066761e+00,3.998112986344e-08,1.807481875045e-02,1.747471569971e-02,4.194125715084e-02,2.094972157550e+00,2.095542763754e+00,8.586990329341e+04
1073,0.000000000000e+00,3,2.684108083545e+00,4.001765065118e-08,1.817594194955e-02,1.731765828230e-02,4.132350059032e-02,2.114389471898e+00,2.114942253757e+00,8.641833598609e+04
1074,0.000000000000e+00,3,2.686581377269e+00,4.005419161625e-08,1.827613887556e-02,1.715642742698e-02,4.068783587775e-02,2.133449763784e+00,2.133984947190e+00,8.696137811810e+04
1075,0.000000000000e+00,3,2.689056950029e+00,4.009075276784e-08,1.837524735301e-02,1.699080903946e-02,4.003459835843e-02,2.152130320995e+00,2.152648142386e+00,8.749720536802e+04
1076,0.000000000000e+00,3,2.691534803927e+00,4.012733420387e-08,1.847317459179e-02,1.682073248720e-02,3.936509111687e-02,2.170401356820e+00,2.170902083307e+00,8.802399648810e+04
1077,0.000000000000e+00,3,2.694014941064e+00,4.016393607037e-08,1.857013189408e-02,1.664537414699e-02,3.868186254327e-02,2.188274747108e+00,2.188758683272e+00,8.853994829706e+04
1078,0.000000000000e+00,3,2.696497363543e+00,4.020055853929e-08,1.866608872528e-02,1.646579034032e-02,3.798601179764e-02,2.205733547401e+00,2.206201025370e+00,8.904330596023e+04
1079,0.000000000000e+00,3,2.698982073472e+00,4.023720183217e-08,1.876115658587e-02,1.628318474088e-02,3.727948497599e-02,2.222770424091e+00,2.223221815590e+00,8.953227831538e+04
1080,0.000000000000e+00,3,2.701469072957e+00,4.027386621082e-08,1.885489052998e-02,1.609784221961e-02,3.656194098962e-02,2.239350276271e+00,2.239785945751e+00,9.000510581487e+04
1081,0.000000000000e+00,3,2.703958364109e+00,4.031055198162e-08,1.894637788593e-02,1.590944448234e-02,3.582826149003e-02,2.255457400895e+00,2.255877617964e+00,9.046005074984e+04
1082,0.000000000000e+00,3,2.706449949038e+00,4.034725950308e-08,1.903462568657e-02,1.571804255775e-02,3.507364568105e-02,2.271118272324e+00,2.271523220516e+00,9.089539805627e+04
1083,0.000000000000e+00,3,2.708943829860e+00,4.038398919790e-08,1.911944807361e-02,1.552109669589e-02,3.430250406577e-02,2.286328331215e+00,2.286718250602e+00,9.130945956414e+04
1084,0.000000000000e+00,3,2.711440008688e+00,4.042074157205e-08,1.920133043444e-02,1.532403085552e-02,3.352112889904e-02,2.301088940266e+00,2.301464206567e+00,9.170057844604e+04
1085,0.000000000000e+00,3,2.713938487642e+00,4.045751945863e-08,1.928086359149e-02,1.512519778503e-02,3.273580057671e-02,2.315374359962e+00,2.315735430208e+00,9.206685322264e+04
1086,0.000000000000e+00,3,2.716439268839e+00,4.049431751344e-08,1.935769791246e-02,1.492326523844e-02,3.194490535682e-02,2.329163840786e+00,2.329511128653e+00,9.247790325040e+04
1087,0.000000000000e+00,3,2.718942354402e+00,4.053113596366e-08,1.942964544782e-02,1.471727014221e-02,3.112608415848e-02,2.342518039720e+00,2.342851619008e+00,9.426657176203e+04
1088,0.000000000000e+00,3,2.721447746454e+00,4.056797520183e-08,1.949590148910e-02,1.450817911535e-02,3.028135725166e-02,2.355454368476e+00,2.355774356768e+00,9.602389933593e+04
1089,0.000000000000e+00,3,2.723955447121e+00,4.060483366044e-08,1.955664500475e-02,1.429901890457e-02,2.942379767274e-02,2.367904078269e+00,2.368210803129e+00,9.778259837135e+04
1090,0.000000000000e+00,3,2.726465458529e+00,4.064171514504e-08,1.961474268851e-02,1.409359989598e-02,2.860104629634e-02,2.379634528116e+00,2.379928964264e+00,9.933194843577e+04
1091,0.000000000000e+00,3,2.728977782808e+00,4.067862212532e-08,1.967106207045e-02,1.389105179488e-02,2.782471914763e-02,2.390484858853e+00,2.390768074783e+00,1.007649628233e+05
1092,0.000000000000e+00,3,2.731492422089e+00,4.071555535671e-08,1.972534941042e-02,1.369079860629e-02,2.707624250958e-02,2.400463545252e+00,2.400736320875e+00,1.021344935290e+05
1093,0.000000000000e+00,3,2.734009378506e+00,4.075251563820e-08,1.977778500860e-02,1.349288727632e-02,2.634801218062e-02,2.409694966965e+00,2.409957939539e+00,1.034492921218e+05
1094,0.000000000000e+00,3,2.736528654192e+00,4.078950445055e-08,1.982870065343e-02,1.329774441887e-02,2.563251954359e-02,2.418274267823e+00,2.418527954738e+00,1.048178248490e+05
1095,0.000000000000e+00,3,2.739050251287e+00,4.082652336870e-08,1.987808830549e-02,1.310584795573e-02,2.492828155401e-02,2.426211126092e+00,2.426456006039e+00,1.061182272616e+05
1096,0.000000000000e+00,3,2.741574171928e+00,4.086357293124e-08,1.992581758788e-02,1.291781661353e-02,2.423542937984e-02,2.433492118788e+00,2.433728653000e+00,1.072745336097e+05
1097,0.000000000000e+00,3,2.744100418257e+00,4.090065410164e-08,1.997146145582e-02,1.273403772190e-02,2.355224876580e-02,2.440118110410e+00,2.440346720481e+00,1.083795730860e+05
1098,0.000000000000e+00,3,2.746628992416e+00,4.093776703240e-08,2.001443240828e-02,1.255447409541e-02,2.287317010967e-02,2.446124639924e+00,2.446345668191e+00,1.094409580663e+05
1099,0.000000000000e+00,3,2.749159896551e+00,4.097491198093e-08,2.005392147647e-02,1.237871520762e-02,2.219134699903e-02,2.451562347856e+00,2.451776048840e+00,1.104747157280e+05
1100,0.000000000000e+00,3,2.751693132809e+00,4.101209462190e-08,2.008966205684e-02,1.220691274425e-02,2.151055932705e-02,2.456461428556e+00,2.456668080427e+00,1.115284692295e+05
1101,0.000000000000e+00,3,2.754228703338e+00,4.104930664968e-08,2.012176673151e-02,1.203942171180e-02,2.083403366229e-02,2.460862495801e+00,2.461062395261e+00,1.125312687314e+05
1102,0.000000000000e+00,3,2.756766610290e+00,4.108654311134e-08,2.015040425578e-02,1.187700833949e-02,2.016676207066e-02,2.464777773064e+00,2.464971251556e+00,1.134688690619e+05
1103,0.000000000000e+00,3,2.759306855818e+00,4.112380402456e-08,2.017580956570e-02,1.172182314368e-02,1.950999693868e-02,2.468210018229e+00,2.468397415023e+00,1.143960974554e+05
1104,0.000000000000e+00,3,2.761849442075e+00,4.116108941758e-08,2.019816923648e-02,1.157114544959e-02,1.887290776216e-02,2.471137286972e+00,2.471318986929e+00,1.152754896028e+05
1105,0.000000000000e+00,3,2.764394371220e+00,4.119839930746e-08,2.021750201214e-02,1.142496847922e-02,1.825900701612e-02,2.473526038048e+00,2.473702433505e+00,1.161073804039e+05
1106,0.000000000000e+00,3,2.766941645412e+00,4.123573332803e-08,2.023379647239e-02,1.128442521282e-02,1.766976247076e-02,2.475378252777e+00,2.475549728767e+00,1.168932142652e+05
1107,0.000000000000e+00,3,2.769491266810e+00,4.127309038261e-08,2.024698976996e-02,1.114984521746e-02,1.710326927610e-02,2.476695090994e+00,2.476861997613e+00,1.176334651429e+05
1108,0.000000000000e+00,3,2.772043237578e+00,4.131047501380e-08,2.025703038423e-02,1.102154356204e-02,1.655941286764e-02,2.477500049412e+00,2.477662715281e+00,1.183381306112e+05
1109,0.000000000000e+00,3,2.774597559880e+00,4.134788745140e-08,2.026396058656e-02,1.089968341622e-02,1.604320108411e-02,2.477763108340e+00,2.477921878621e+00,1.189390525139e+05
1110,0.000000000000e+00,3,2.777154235885e+00,4.138532750562e-08,2.026780061264e-02,1.078403794955e-02,1.555253023186e-02,2.477510619394e+00,2.477665802651e+00,1.194804451200e+05
1111,0.000000000000e+00,3,2.779713267759e+00,4.142279518383e-08,2.026861420547e-02,1.067443908801e-02,1.509607722195e-02,2.476702674548e+00,2.476854616249e+00,1.199882080295e+05
1112,0.000000000000e+00,3,2.782274657675e+00,4.146028801438e-08,2.026624061073e-02,1.057124403704e-02,1.467062386567e-02,2.475346383057e+00,2.475495387802e+00,1.204929844475e+05
1113,0.000000000000e+00,3,2.784838407805e+00,4.149779713064e-08,2.026073498766e-02,1.047460495084e-02,1.426866949457e-02,2.473521456343e+00,2.473667763595e+00,1.209757379289e+05
1114,0.000000000000e+00,3,2.787404520324e+00,4.153533034928e-08,2.025223623307e-02,1.038371620573e-02,1.388956616879e-02,2.471288305827e+00,2.471432132429e+00,1.214280506111e+05
1115,0.000000000000e+00,3,2.789972997408e+00,4.157288833051e-08,2.024082320804e-02,1.029842866156e-02,1.353732343792e-02,2.468652711566e+00,2.468794284262e+00,1.218494874680e+05
1116,0.000000000000e+00,3,2.792543841237e+00,4.161047140758e-08,2.022658959777e-02,1.021865392397e-02,1.321294301450e-02,2.465620746386e+00,2.465760284920e+00,1.222398802560e+05
1117,0.000000000000e+00,3,2.795117053992e+00,4.164808015867e-08,2.020965561714e-02,1.014462377103e-02,1.292325203820e-02,2.462165958205e+00,2.462303709894e+00,1.225992770118e+05
1118,0.000000000000e+00,3,2.797692637855e+00,4.168571514679e-08,2.019004181711e-02,1.007571425129e-02,1.266394470793e-02,2.458321835561e+00,2.458458008691e+00,1.229277004061e+05
1119,0.000000000000e+00,3,2.800270595011e+00,4.172337690660e-08,2.016784415515e-02,1.001200963468e-02,1.243794123205e-02,2.454087972010e+00,2.454222781049e+00,1.232256468078e+05
1120,0.000000000000e+00,3,2.802850927647e+00,4.176106593817e-08,2.014309034703e-02,9.952901563610e-03,1.224292742708e-02,2.449493265940e+00,2.449626900876e+00,1.234937569367e+05
1121,0.000000000000e+00,3,2.805433637952e+00,4.179878270696e-08,2.011585306777e-02,9.898440741613e-03,1.208070491009e-02,2.444530459395e+00,2.444663113195e+00,1.237328892585e+05
1122,0.000000000000e+00,3,2.808018728117e+00,4.183652764304e-08,2.008614997856e-02,9.847660921991e-03,1.194651088964e-02,2.439240703426e+00,2.439372533710e+00,1.239450705406e+05
1123,0.000000000000e+00,3,2.810606200334e+00,4.187430114357e-08,2.005404979491e-02,9.800673639689e-03,1.184214674034e-02,2.433630801325e+00,2.433761971047e+00,1.242848377625e+05
1124,0.000000000000e+00,3,2.813196056800e+00,4.191210357691e-08,2.001965245408e-02,9.757169443237e-03,1.176687396266e-02,2.427710414200e+00,2.427841078690e+00,1.246183100859e+05
1125,0.000000000000e+00,3,2.815788299710e+00,4.194993528500e-08,1.998306149014e-02,9.716943539470e-03,1.171999631961e-02,2.421490343309e+00,2.421620652123e+00,1.249221566911e+05
1126,0.000000000000e+00,3,2.818382931264e+00,4.198779658677e-08,1.994445652550e-02,9.679776273376e-03,1.170099861377e-02,2.414990587689e+00,2.415120686717e+00,1.252004965654e+05
1127,0.000000000000e+00,3,2.820979953663e+00,4.202568774954e-08,1.990430583998e-02,9.645675766522e-03,1.170981188067e-02,2.408249767020e+00,2.408379804038e+00,1.254551111128e+05
1128,0.000000000000e+00,3,2.823579369110e+00,4.206360902294e-08,1.986258113480e-02,9.614169679264e-03,1.174194070292e-02,2.401276905960e+00,2.401407005624e+00,1.256870160821e+05
1129,0.000000000000e+00,3,2.826181179810e+00,4.210156067136e-08,1.981916751565e-02,9.585029449487e-03,1.179511488244e-02,2.394057051217e+00,2.394187327969e+00,1.259040834377e+05
1130,0.000000000000e+00,3,2.828785387970e+00,4.213954294730e-08,1.977408152280e-02,9.558570737815e-03,1.186913915940e-02,2.386584667835e+00,2.386715239358e+00,1.260925647884e+05
1131,0.000000000000e+00,3,2.831391995799e+00,4.217755609219e-08,1.972744083682e-02,9.534484890190e-03,1.196319569817e-02,2.378864283106e+00,2.378995265614e+00,1.258894268382e+05
1132,0.000000000000e+00,3,2.834001005509e+00,4.221560033760e-08,1.967921157828e-02,9.511946349823e-03,1.207351620337e-02,2.370906618942e+00,2.371038108936e+00,1.256845690026e+05
1133,0.000000000000e+00,3,2.836612419313e+00,4.225367586819e-08,1.962925335704e-02,9.490645485927e-03,1.219757454168e-02,2.362700091568e+00,2.362832174205e+00,1.254909354883e+05
1134,0.000000000000e+00,3,2.839226239425e+00,4.229178287790e-08,1.957752445896e-02,9.470932475744e-03,1.233527106983e-02,2.354230387661e+00,2.354363152771e+00,1.252972553265e+05
1135,0.000000000000e+00,3,2.841842468064e+00,4.232992157599e-08,1.952408002207e-02,9.451731067131e-03,1.248326710474e-02,2.345524874540e+00,2.345658392427e+00,1.250949747748e+05
1136,0.000000000000e+00,3,2.844461107448e+00,4.236809216636e-08,1.946899175868e-02,9.433012105789e-03,1.264007786887e-02,2.336596751099e+00,2.336731086833e+00,1.248806978346e+05
1137,0.000000000000e+00,3,2.847082159799e+00,4.240629484799e-08,1.941230033492e-02,9.414836661980e-03,1.280511345566e-02,2.327450090886e+00,2.327585309511e+00,1.246532360091e+05
1138,0.000000000000e+00,3,2.849705627341e+00,4.244452981538e-08,1.935405246362e-02,9.397039727429e-03,1.297722885689e-02,2.318090712698e+00,2.318226875106e+00,1.244123543522e+05
1139,0.000000000000e+00,3,2.852331512299e+00,4.248279725908e-08,1.929429692102e-02,9.379495968221e-03,1.315516220040e-02,2.308524816317e+00,2.308661978438e+00,1.241582500425e+05
1140,0.000000000000e+00,3,2.854959816900e+00,4.252109736599e-08,1.923306466162e-02,9.362136901717e-03,1.333806227866e-02,2.298756368509e+00,2.298894583501e+00,1.238913122237e+05
1141,0.000000000000e+00,3,2.857590543375e+00,4.255943031952e-08,1.917041816919e-02,9.344824583091e-03,1.352484213821e-02,2.288792311456e+00,2.288931627859e+00,1.236119788238e+05
1142,0.000000000000e+00,3,2.860223693954e+00,4.259779630010e-08,1.910640165165e-02,9.327583504452e-03,1.371484986387e-02,2.278638203829e+00,2.278778668378e+00,1.233206883806e+05
1143,0.000000000000e+00,3,2.862859270872e+00,4.263619548581e-08,1.904104675884e-02,9.310322097974e-03,1.390711344717e-02,2.268297050903e+00,2.268438705917e+00,1.230178858460e+05
1144,0.000000000000e+00,3,2.865497276364e+00,4.267462805226e-08,1.897437180619e-02,9.293029944687e-03,1.410116529607e-02,2.257770865014e+00,2.257913751444e+00,1.227040299808e+05
1145,0.000000000000e+00,3,2.868137712668e+00,4.271309417308e-08,1.890636051584e-02,9.275478514837e-03,1.429633071315e-02,2.247062082238e+00,2.247206236969e+00,1.223795917666e+05
1146,0.000000000000e+00,3,2.870780582025e+00,4.275159402010e-08,1.883702166543e-02,9.257783239356e-03,1.449202757478e-02,2.236170482624e+00,2.236315940595e+00,1.220450503449e+05
1147,0.000000000000e+00,3,2.873425886675e+00,4.279012776351e-08,1.876639500676e-02,9.239760220617e-03,1.468748022634e-02,2.225099505894e+00,2.225246297369e+00,1.217008915900e+05
1148,0.000000000000e+00,3,2.876073628863e+00,4.282869557215e-08,1.869454700078e-02,9.221436113078e-03,1.488272242762e-02,2.213857049155e+00,2.214005205616e+00,1.213549114247e+05
1149,0.000000000000e+00,3,2.878723810835e+00,4.286729761362e-08,1.862150376893e-02,9.202815689997e-03,1.507749796980e-02,2.202445762807e+00,2.202595314911e+00,1.210170646899e+05
1150,0.000000000000e+00,3,2.881376434840e+00,4.290593405446e-08,1.854728739507e-02,9.183857572666e-03,1.527154296834e-02,2.190868650804e+00,2.191019627983e+00,1.206705671762e+05
1151,0.000000000000e+00,3,2.884031503127e+00,4.294460506028e-08,1.847188570446e-02,9.164659112833e-03,1.546465060766e-02,2.179124558176e+00,2.179276989509e+00,1.203160124264e+05
1152,0.000000000000e+00,3,2.886689017948e+00,4.298331080119e-08,1.839536039147e-02,9.145150901927e-03,1.565672304091e-02,2.167221194514e+00,2.167375108742e+00,1.199538775036e+05
1153,0.000000000000e+00,3,2.889348981559e+00,4.302205144658e-08,1.831777676029e-02,9.125458228255e-03,1.584783420920e-02,2.155165285389e+00,2.155320713056e+00,1.195845493493e+05
1154,0.000000000000e+00,3,2.892011396215e+00,4.306082716140e-08,1.823916312614e-02,9.105543670819e-03,1.603795698323e-02,2.142960059279e+00,2.143117031271e+00,1.192083645782e+05
1155,0.000000000000e+00,3,2.894676264176e+00,4.309963811271e-08,1.815953526838e-02,9.085453581880e-03,1.622704670499e-02,2.130606686689e+00,2.130765234510e+00,1.188256298992e+05
1156,0.000000000000e+00,3,2.897343587701e+00,4.313848446533e-08,1.807891759337e-02,9.065277708495e-03,1.641525318981e-02,2.118107998840e+00,2.118268156256e+00,1.184366295414e+05
1157,0.000000000000e+00,3,2.900013369054e+00,4.317736638290e-08,1.799733225157e-02,9.045108860382e-03,1.660266537761e-02,2.105466222535e+00,2.105628025244e+00,1.180439926921e+05
1158,0.000000000000e+00,3,2.902685610499e+00,4.321628402854e-08,1.791478659536e-02,9.024996326052e-03,1.678954283944e-02,2.092682907004e+00,2.092846393826e+00,1.176922399741e+05
1159,0.000000000000e+00,3,2.905360314303e+00,4.325523756452e-08,1.783130345778e-02,9.004881350980e-03,1.697591964077e-02,2.079759127383e+00,2.079924338300e+00,1.173237211287e+05
1160,0.000000000000e+00,3,2.908037482735e+00,4.329422715254e-08,1.774690841648e-02,8.984848853563e-03,1.716184147071e-02,2.066696451607e+00,2.066863428520e+00,1.169472303486e+05
1161,0.000000000000e+00,3,2.910717118067e+00,4.333325295380e-08,1.766161037081e-02,8.965007196546e-03,1.734756642046e-02,2.053495990952e+00,2.053664779547e+00,1.165645508635e+05
1162,0.000000000000e+00,3,2.913399222570e+00,4.337231512901e-08,1.757541078951e-02,8.945411676465e-03,1.753330043043e-02,2.040158064834e+00,2.040328714101e+00,1.161763112578e+05
1163,0.000000000000e+00,3,2.916083798521e+00,4.341141380477e-08,1.748837322182e-02,8.926144525262e-03,1.771934040376e-02,2.026690519890e+00,2.026863083114e+00,1.157829240545e+05
1164,0.000000000000e+00,3,2.918770848197e+00,4.345054912453e-08,1.740048590310e-02,8.907267426538e-03,1.790585576798e-02,2.013088679439e+00,2.013263213611e+00,1.153830243283e+05
1165,0.000000000000e+00,3,2.921460373877e+00,4.348972131539e-08,1.731195863468e-02,8.888862859941e-03,1.809334099692e-02,1.999374693537e+00,1.999551262143e+00,1.149785214394e+05
1166,0.000000000000e+00,3,2.924152377843e+00,4.352893032944e-08,1.722300818848e-02,8.871014917189e-03,1.828185886767e-02,1.985572256295e+00,1.985750925531e+00,1.145694330877e+05
1167,0.000000000000e+00,3,2.926846862379e+00,4.356817630499e-08,1.713360870085e-02,8.853824608573e-03,1.847131608156e-02,1.971677377725e+00,1.971858215518e+00,1.141555288456e+05
1168,0.000000000000e+00,3,2.929543829769e+00,4.360745941018e-08,1.704350732620e-02,8.837337493602e-03,1.866175522557e-02,1.957659001383e+00,1.957842079046e+00,1.137365533305e+05
1169,0.000000000000e+00,3,2.932243282303e+00,4.364677981034e-08,1.695268457027e-02,8.821582956075e-03,1.885324016495e-02,1.943512471207e+00,1.943697863414e+00,1.133122913087e+05
1170,0.000000000000e+00,3,2.934945222270e+00,4.368613767002e-08,1.686107962911e-02,8.806628329709e-03,1.904596377337e-02,1.929230243677e+00,1.929418030019e+00,1.128825600065e+05
1171,0.000000000000e+00,3,2.937649651962e+00,4.372553315395e-08,1.676873919932e-02,8.792548786662e-03,1.923980415950e-02,1.914815772504e+00,1.915006034514e+00,1.124472336127e+05
1172,0.000000000000e+00,3,2.940356573673e+00,4.376496642687e-08,1.667575638893e-02,8.779467550797e-03,1.943497375464e-02,1.900278424433e+00,1.900471249052e+00,1.120061941217e+05
1173,0.000000000000e+00,3,2.943065989699e+00,4.380443765361e-08,1.658198423937e-02,8.767391701977e-03,1.963134530495e-02,1.885601485866e+00,1.885796962183e+00,1.115593157701e+05
1174,0.000000000000e+00,3,2.945777902339e+00,4.384394699940e-08,1.648736678979e-02,8.756358500674e-03,1.982865544113e-02,1.870777331956e+00,1.870975549925e+00,1.110660811802e+05
1175,0.000000000000e+00,3,2.948492313894e+00,4.388349462990e-08,1.639192379876e-02,8.746467964915e-03,2.002701510868e-02,1.855807799622e+00,1.856008854058e+00,1.105505602166e+05
1176,0.000000000000e+00,3,2.951209226666e+00,4.392308070815e-08,1.629559889823e-02,8.737750116721e-03,2.022635967301e-02,1.840687348542e+00,1.840891337241e+00,1.100423813118e+05
1177,0.000000000000e+00,3,2.953928642960e+00,4.396270539998e-08,1.619833413820e-02,8.730206549757e-03,2.042634762106e-02,1.825409262052e+00,1.825616282847e+00,1.095257687082e+05
1178,0.000000000000e+00,3,2.956650565083e+00,4.400236887064e-08,1.610010742767e-02,8.723872343831e-03,2.062723548729e-02,1.809972555729e+00,1.810182713083e+00,1.089990724433e+05
1179,0.000000000000e+00,3,2.959374995343e+00,4.404207128645e-08,1.600094773614e-02,8.718767578335e-03,2.082887459734e-02,1.794379734446e+00,1.794593135127e+00,1.084623711730e+05
1180,0.000000000000e+00,3,2.962101936053e+00,4.408181281401e-08,1.590088269853e-02,8.714886799638e-03,2.103095271013e-02,1.778633770430e+00,1.778850521434e+00,1.079395125551e+05
1181,0.000000000000e+00,3,2.964831389524e+00,4.412159362032e-08,1.579980233161e-02,8.712263146606e-03,2.123335629123e-02,1.762723999918e+00,1.762944211423e+00,1.074014347829e+05
1182,0.000000000000e+00,3,2.967563358074e+00,4.416141387330e-08,1.569757830162e-02,8.710943396178e-03,2.143620987789e-02,1.746637834091e+00,1.746861622759e+00,1.068487991135e+05
1183,0.000000000000e+00,3,2.970297844018e+00,4.420127374591e-08,1.559431689785e-02,8.710867444513e-03,2.163922623589e-02,1.730385580569e+00,1.730613063479e+00,1.062832790440e+05
1184,0.000000000000e+00,3,2.973034849677e+00,4.424117341051e-08,1.549006760500e-02,8.712031406056e-03,2.184232683171e-02,1.713972628287e+00,1.714203925863e+00,1.057057909960e+05
1185,0.000000000000e+00,3,2.975774377373e+00,4.428111303979e-08,1.538481836154e-02,8.714380222132e-03,2.204526298323e-02,1.697398599569e+00,1.697633833457e+00,1.051166522111e+05
1186,0.000000000000e+00,3,2.978516429429e+00,4.432109280715e-08,1.527860133668e-02,8.717912300267e-03,2.224750424262e-02,1.680668210310e+00,1.680907499610e+00,1.045206716963e+05
1187,0.000000000000e+00,3,2.981261008172e+00,4.436111289645e-08,1.517137987689e-02,8.722551870420e-03,2.244892939851e-02,1.663779012264e+00,1.664022478742e+00,1.039152673754e+05
1188,0.000000000000e+00,3,2.984008115930e+00,4.440117352399e-08,1.506323192211e-02,8.728280020119e-03,2.264935446533e-02,1.646740131814e+00,1.646987898805e+00,1.032966188320e+05
1189,0.000000000000e+00,3,2.986757755033e+00,4.444127486561e-08,1.495415102507e-02,8.735068570937e-03,2.284860171943e-02,1.629552822017e+00,1.629805014840e+00,1.026656031126e+05
1190,0.000000000000e+00,3,2.989509927815e+00,4.448141711239e-08,1.484422590136e-02,8.742839111621e-03,2.304638607614e-02,1.612227565451e+00,1.612484309067e+00,1.020224084176e+05
1191,0.000000000000e+00,3,2.992264636608e+00,4.452160043844e-08,1.473344375863e-02,8.751544678627e-03,2.324236771418e-02,1.594765108440e+00,1.595026527257e+00,1.013670915707e+05
1192,0.000000000000e+00,3,2.995021883751e+00,4.456182501426e-08,1.462185711805e-02,8.761176064065e-03,2.343620130433e-02,1.577172604594e+00,1.577438821991e+00,1.006996928661e+05
1193,0.000000000000e+00,3,2.997781671582e+00,4.460209100703e-08,1.450950786755e-02,8.771604750635e-03,2.362765619427e-02,1.559456939620e+00,1.559728078716e+00,1.000348520063e+05
1194,0.000000000000e+00,3,3.000544002443e+00,4.464239858286e-08,1.439640338690e-02,8.782766077293e-03,2.381637219115e-02,1.541620620105e+00,1.541896802425e+00,9.935555425193e+04
1195,0.000000000000e+00,3,3.003308878677e+00,4.468274790582e-08,1.428261137695e-02,8.794547391972e-03,2.400226674062e-02,1.523672221561e+00,1.523953570361e+00,9.867167076367e+04
1196,0.000000000000e+00,3,3.006076302628e+00,4.472313913826e-08,1.416809695275e-02,8.806850169954e-03,2.418531289377e-02,1.505610506918e+00,1.505897149038e+00,9.797009372265e+04
1197,0.000000000000e+00,3,3.008846276646e+00,4.476357244189e-08,1.405290012592e-02,8.819636792330e-03,2.436507856268e-02,1.487440707901e+00,1.487732767189e+00,9.725305469814e+04
1198,0.000000000000e+00,3,3.011618803079e+00,4.480404798136e-08,1.393710199881e-02,8.832788081129e-03,2.454118538953e-02,1.469172815760e+00,1.469470412531e+00,9.652071297756e+04
1199,0.000000000000e+00,3,3.014393884279e+00,4.484456595767e-08,1.382071890002e-02,8.846254002721e-03,2.471363087417e-02,1.450811315969e+00,1.451114573897e+00,9.577310914505e+04
1200,0.000000000000e+00,3,3.017171522602e+00,4.488512654648e-08,1.370371680528e-02,8.859924801008e-03,2.488224133707e-02,1.432355180948e+00,1.432664224598e+00,9.501027687492e+04
1201,0.000000000000e+00,3,3.019951720402e+00,4.492572992363e-08,1.358621072470e-02,8.873706643496e-03,2.504632683227e-02,1.413817729479e+00,1.414132673573e+00,9.423225353902e+04
1202,0.000000000000e+00,3,3.022734480039e+00,4.496637626086e-08,1.346817416805e-02,8.887498641648e-03,2.520581561983e-02,1.395197827273e+00,1.395518788736e+00,9.343913172325e+04
1203,0.000000000000e+00,3,3.025519803872e+00,4.500706572553e-08,1.334969806374e-02,8.901228111336e-03,2.536051532610e-02,1.376508007708e+00,1.376835101718e+00,9.263104052320e+04
1204,0.000000000000e+00,3,3.028307694266e+00,4.504779848057e-08,1.323089210671e-02,8.914859717268e-03,2.550969751412e-02,1.357762895901e+00,1.358096225376e+00,9.180814527282e+04
1205,0.000000000000e+00,3,3.031098153584e+00,4.508857468575e-08,1.311169611904e-02,8.928107954211e-03,2.565321475069e-02,1.338960493121e+00,1.339300159506e+00,9.097065184664e+04
1206,0.000000000000e+00,3,3.033891184194e+00,4.512939449797e-08,1.299215507725e-02,8.940905216903e-03,2.579100443060e-02,1.320107535523e+00,1.320453640660e+00,9.011006940123e+04
1207,0.000000000000e+00,3,3.036686788466e+00,4.517025806920e-08,1.287218309442e-02,8.953202279135e-03,2.592329268164e-02,1.301198746532e+00,1.301551400448e+00,8.922607081892e+04
1208,0.000000000000e+00,3,3.039484968770e+00,4.521116554735e-08,1.275189523665e-02,8.964849437593e-03,2.605023863906e-02,1.282250966277e+00,1.282610281734e+00,8.832758091917e+04
1209,0.000000000000e+00,3,3.042285727481e+00,4.525211706898e-08,1.263122839553e-02,8.975639551929e-03,2.617174606298e-02,1.263264154375e+00,1.263630244200e+00,8.741438274083e+04
1210,0.000000000000e+00,3,3.045089066974e+00,4.529311277128e-08,1.251030780638e-02,8.985486597633e-03,2.628700313590e-02,1.244259040399e+00,1.244631998994e+00,8.647507733434e+04
1211,0.000000000000e+00,3,3.047894989628e+00,4.533415278964e-08,1.238930573655e-02,8.994257779038e-03,2.639566358856e-02,1.225260062168e+00,1.225639972655e+00,8.552164453195e+04
1212,0.000000000000e+00,3,3.050703497823e+00,4.537523724611e-08,1.226824757431e-02,9.001957885354e-03,2.649763722822e-02,1.206276966539e+00,1.206663909267e+00,8.455457511482e+04
1213,0.000000000000e+00,3,3.053514593940e+00,4.541636626929e-08,1.214719202252e-02,9.008571624161e-03,2.659256447807e-02,1.187321534156e+00,1.187715579839e+00,8.357386410820e+04
1214,0.000000000000e+00,3,3.056328280366e+00,4.545753998718e-08,1.202623477107e-02,9.013895974027e-03,2.668028080730e-02,1.168408534085e+00,1.168809745232e+00,8.257990332534e+04
1215,0.000000000000e+00,3,3.059144559486e+00,4.549875852762e-08,1.190542653295e-02,9.017834618045e-03,2.676078496951e-02,1.149547155801e+00,1.149955591988e+00,8.157302386537e+04
1216,0.000000000000e+00,3,3.061963433691e+00,4.554002201661e-08,1.178480322871e-02,9.020441523179e-03,2.683496866644e-02,1.130745378081e+00,1.131161118297e+00,8.055347661836e+04
1217,0.000000000000e+00,3,3.064784905370e+00,4.558133069057e-08,1.166447856757e-02,9.021677501853e-03,2.690246726265e-02,1.112018579971e+00,1.112441690908e+00,7.952129339668e+04
1218,0.000000000000e+00,3,3.067608976918e+00,4.562268480721e-08,1.154452609230e-02,9.021460993061e-03,2.696311927740e-02,1.093378109595e+00,1.093808650168e+00,7.847608606817e+04
1219,0.000000000000e+00,3,3.070435650730e+00,4.566408454278e-08,1.142479753397e-02,9.019850128194e-03,2.701673109426e-02,1.074812012241e+00,1.075250040275e+00,7.741709229334e+04
1220,0.000000000000e+00,3,3.073264929204e+00,4.570553005187e-08,1.130512172580e-02,9.016711167239e-03,2.706245199844e-02,1.056304194816e+00,1.056749750485e+00,7.634295004048e+04
1221,0.000000000000e+00,3,3.076096814741e+00,4.574702147723e-08,1.118576497989e-02,9.012118799347e-03,2.709976094300e-02,1.037883241670e+00,1.038336342428e+00,7.529389353381e+04
1222,0.000000000000e+00,3,3.078931309742e+00,4.578855895287e-08,1.106685869529e-02,9.006082632904e-03,2.712941523194e-02,1.019567009520e+00,1.020027684408e+00,7.426686844103e+04
1223,0.000000000000e+00,3,3.081768416612e+00,4.583014260401e-08,1.094843662743e-02,8.998434260830e-03,2.715213120043e-02,1.001364910085e+00,1.001833200419e+00,7.321462288943e+04
1224,0.000000000000e+00,3,3.084608137757e+00,4.587177252404e-08,1.083067491359e-02,8.989127523963e-03,2.716810471373e-02,9.833015440790e-01,9.837774852245e-01,7.214912752555e+04
1225,0.000000000000e+00,3,3.087450475587e+00,4.591344879698e-08,1.071354054380e-02,8.978346289916e-03,2.717764513034e-02,9.653779742617e-01,9.658616092575e-01,7.109669984442e+04
1226,0.000000000000e+00,3,3.090295432514e+00,4.595517160791e-08,1.059708073563e-02,8.966141276675e-03,2.718166279518e-02,9.476035291668e-01,9.480949219836e-01,7.011365715611e+04
1227,0.000000000000e+00,3,3.093143010949e+00,4.599694123781e-08,1.048140254815e-02,8.952257257832e-03,2.717985051092e-02,9.299949791545e-01,9.304941742084e-01,6.909723626464e+04
1228,0.000000000000e+00,3,3.095993213309e+00,4.603875784875e-08,1.036651121173e-02,8.936593929787e-03,2.717213841846e-02,9.125593772661e-01,9.130664101850e-01,6.806380663881e+04
1229,0.000000000000e+00,3,3.098846042012e+00,4.608062153278e-08,1.025251221015e-02,8.919351843481e-03,2.715924849961e-02,8.953136339257e-01,8.958285531933e-01,6.700654728333e+04
1230,0.000000000000e+00,3,3.101701499478e+00,4.612253236620e-08,1.013960011262e-02,8.900663384258e-03,2.714107433835e-02,8.782875672967e-01,8.788104016699e-01,6.594656519258e+04
1231,0.000000000000e+00,3,3.104559588128e+00,4.616449042900e-08,1.002751266035e-02,8.880608668598e-03,2.711771799090e-02,8.614609527294e-01,8.619917400572e-01,6.488963427108e+04
1232,0.000000000000e+00,3,3.107420310389e+00,4.620649579872e-08,9.916121891858e-03,8.859092629296e-03,2.708904103924e-02,8.448298749290e-01,8.453686454515e-01,6.385048620667e+04
1233,0.000000000000e+00,3,3.110283668685e+00,4.624854855306e-08,9.805546777436e-03,8.835968444732e-03,2.705362940003e-02,8.284237760506e-01,8.289704908352e-01,6.281550537940e+04
1234,0.000000000000e+00,3,3.113149665447e+00,4.629064877611e-08,9.695733578097e-03,8.811289856033e-03,2.701076828605e-02,8.122536956298e-01,8.128082761305e-01,6.178087590599e+04
1235,0.000000000000e+00,3,3.116018303105e+00,4.633279658643e-08,9.587203419201e-03,8.785144314549e-03,2.696011973495e-02,7.963831146305e-01,7.969454225696e-01,6.074604420587e+04
1236,0.000000000000e+00,3,3.118889584094e+00,4.637499209464e-08,9.479902486263e-03,8.757764771042e-03,2.690292556072e-02,7.808134617839e-01,7.813833863742e-01,5.971082037486e+04
1237,0.000000000000e+00,3,3.121763510848e+00,4.641723545290e-08,9.373849846580e-03,8.729146029953e-03,2.683926082465e-02,7.655526268642e-01,7.661300395309e-01,5.867482532805e+04
1238,0.000000000000e+00,3,3.124640085806e+00,4.645952738928e-08,9.269234092595e-03,8.699506940483e-03,2.676982757567e-02,7.506257199706e-01,7.512104866624e-01,5.767552070799e+04
1239,0.000000000000e+00,3,3.127519311408e+00,4.650186815746e-08,9.166081313689e-03,8.668849403535e-03,2.669361706599e-02,7.360450942727e-01,7.366370177989e-01,5.664737636208e+04
1240,0.000000000000e+00,3,3.130401190096e+00,4.654425781658e-08,9.064649163682e-03,8.637159993773e-03,2.661184983913e-02,7.218482802649e-01,7.224471597774e-01,5.559661483013e+04
1241,0.000000000000e+00,3,3.133285724316e+00,4.658669642575e-08,8.965018189449e-03,8.604556497370e-03,2.652542348193e-02,7.080546586290e-01,7.086602907182e-01,5.454890367889e+04
1242,0.000000000000e+00,3,3.136172916513e+00,4.662918398250e-08,8.867343348637e-03,8.571171303905e-03,2.643507268494e-02,6.946886518841e-01,6.953008204224e-01,5.350215736886e+04
1243,0.000000000000e+00,3,3.139062769138e+00,4.667172040113e-08,8.771562176579e-03,8.537043985668e-03,2.634182026900e-02,6.817537455471e-01,6.823722462744e-01,5.245651032507e+04
1244,0.000000000000e+00,3,3.141955284641e+00,4.671430568264e-08,8.677875631042e-03,8.502205947663e-03,2.624572574459e-02,6.692822022353e-01,6.699067826051e-01,5.141215455266e+04
1245,0.000000000000e+00,3,3.144850465477e+00,4.675693982906e-08,8.586523619000e-03,8.466484530497e-03,2.614794218742e-02,6.573178595802e-01,6.579482450405e-01,5.036933961960e+04
1246,0.000000000000e+00,3,3.147748314101e+00,4.679962287106e-08,8.497453414559e-03,8.429894455623e-03,2.604823457986e-02,6.458721525645e-01,6.465080183711e-01,4.932831811866e+04
1247,0.000000000000e+00,3,3.150648832972e+00,4.684235477915e-08,8.410777273273e-03,8.392743650918e-03,2.594759320536e-02,6.349700792382e-01,6.356110905587e-01,4.828933376250e+04
1248,0.000000000000e+00,3,3.153552024551e+00,4.688513553339e-08,8.326765632762e-03,8.355130682820e-03,2.584588518964e-02,6.246509726406e-01,6.252967220742e-01,4.725262850611e+04
1249,0.000000000000e+00,3,3.156457891299e+00,4.692796514477e-08,8.245360915061e-03,8.317128274757e-03,2.574410704721e-02,6.149144981515e-01,6.155645861190e-01,4.622017055555e+04
1250,0.000000000000e+00,3,3.159366435683e+00,4.697084360279e-08,8.166593173053e-03,8.278760751405e-03,2.564146427852e-02,6.057720039033e-01,6.064259530454e-01,4.519501605894e+04
1251,0.000000000000e+00,3,3.162277660168e+00,4.701377083943e-08,8.090552500225e-03,8.240023550125e-03,2.553829390033e-02,5.972459190382e-01,5.979032089653e-01,4.418190710867e+04
1252,0.000000000000e+00,3,3.165191567226e+00,4.705674683627e-08,8.017274865695e-03,8.200964943712e-03,2.543436824365e-02,5.893455186657e-01,5.900055762293e-01,4.317065995876e+04
1253,0.000000000000e+00,3,3.168108159328e+00,4.709977150418e-08,7.946848731680e-03,8.161626033821e-03,2.532972751866e-02,5.820864090856e-01,5.827486141405e-01,4.216133092983e+04
1254,0.000000000000e+00,3,3.171027438948e+00,4.714284486190e-08,7.879257447536e-03,8.122010574551e-03,2.522453133594e-02,5.754718840950e-01,5.761355883111e-01,4.115414282144e+04
1255,0.000000000000e+00,3,3.173949408562e+00,4.718596696248e-08,7.814392723194e-03,8.082163266321e-03,2.511726053525e-02,5.694989039859e-01,5.701633665141e-01,4.014935146495e+04
1256,0.000000000000e+00,3,3.176874070650e+00,4.722913791567e-08,7.750513863269e-03,8.041856805727e-03,2.500241370955e-02,5.640035435645e-01,5.646679199057e-01,3.914719654056e+04
1257,0.000000000000e+00,3,3.179801427692e+00,4.727235791213e-08,7.687734022031e-03,8.001026936105e-03,2.488017401018e-02,5.590550278735e-01,5.597183800233e-01,3.814790764058e+04
1258,0.000000000000e+00,3,3.182731482171e+00,4.731562710241e-08,7.626957180890e-03,7.959727630052e-03,2.475393672306e-02,5.547583446054e-01,5.554197566097e-01,3.715171007269e+04
1259,0.000000000000e+00,3,3.185664236573e+00,4.735894559671e-08,7.568360976898e-03,7.918259393329e-03,2.462533688286e-02,5.511031789325e-01,5.517618145231e-01,3.615881010260e+04
1260,0.000000000000e+00,3,3.188599693386e+00,4.740231346609e-08,7.511979717558e-03,7.876845251701e-03,2.449422642134e-02,5.480801138181e-01,5.487351390436e-01,3.516938668916e+04
1261,0.000000000000e+00,3,3.191537855101e+00,4.744573077041e-08,7.457285398101e-03,7.835351597374e-03,2.435914671413e-02,5.456354294777e-01,5.462859999763e-01,3.418359562313e+04
1262,0.000000000000e+00,3,3.194478724209e+00,4.748919781050e-08,7.404039456567e-03,7.793720152428e-03,2.421992548658e-02,5.437423831383e-01,5.443876797702e-01,3.320141554703e+04
1263,0.000000000000e+00,3,3.197422303205e+00,4.753271598165e-08,7.352819782718e-03,7.752153018010e-03,2.407769898702e-02,5.424501116658e-01,5.430893288125e-01,3.222296488711e+04
1264,0.000000000000e+00,3,3.200368594587e+00,4.757628343495e-08,7.303884508147e-03,7.710669825460e-03,2.393327043189e-02,5.417752291885e-01,5.424075972495e-01,3.124864128397e+04
1265,0.000000000000e+00,3,3.203317600853e+00,4.761990012004e-08,7.257603254922e-03,7.669124633342e-03,2.378802150419e-02,5.417418724025e-01,5.423666790640e-01,3.027876388749e+04
1266,0.000000000000e+00,3,3.206269324505e+00,4.766356545901e-08,7.213999987132e-03,7.627374743483e-03,2.364149062085e-02,5.423275215216e-01,5.429440848926e-01,3.037792209059e+04
1267,0.000000000000e+00,3,3.209223768048e+00,4.770727934889e-08,7.173509930661e-03,7.585768534240e-03,2.349566807279e-02,5.435498775235e-01,5.441576232150e-01,3.050244586116e+04
1268,0.000000000000e+00,3,3.212180933988e+00,4.775104185819e-08,7.135953415363e-03,7.544396903558e-03,2.335001611612e-02,5.453612230966e-01,5.459596383121e-01,3.062184410772e+04
1269,0.000000000000e+00,3,3.215140824833e+00,4.779485305101e-08,7.101049446543e-03,7.503159248620e-03,2.320378925489e-02,5.477236636810e-01,5.483122740682e-01,3.072900570119e+04
1270,0.000000000000e+00,3,3.218103443093e+00,4.783871398300e-08,7.068901382413e-03,7.462000852757e-03,2.305571242058e-02,5.506405707688e-01,5.512188810947e-01,3.081817545415e+04
1271,0.000000000000e+00,3,3.221068791283e+00,4.788262527740e-08,7.039249684854e-03,7.420584063282e-03,2.290469655217e-02,5.540887555427e-01,5.546562811751e-01,3.088936554011e+04
1272,0.000000000000e+00,3,3.224036871918e+00,4.792658710951e-08,7.011975081448e-03,7.378887440074e-03,2.275133965482e-02,5.580382354868e-01,5.585945859885e-01,3.094275688107e+04
1273,0.000000000000e+00,3,3.227007687516e+00,4.797059948512e-08,6.986709379788e-03,7.337182879750e-03,2.259648966809e-02,5.624437941733e-01,5.629886955437e-01,3.097863920518e+04
1274,0.000000000000e+00,3,3.229981240596e+00,4.801466237826e-08,6.963500610527e-03,7.295385579687e-03,2.243870331995e-02,5.672895634454e-01,5.678227339516e-01,3.100360192462e+04
1275,0.000000000000e+00,3,3.232957533681e+00,4.805877573467e-08,6.942259424400e-03,7.252691917047e-03,2.227752949969e-02,5.725414373491e-01,5.730626338441e-01,3.101858633153e+04
1276,0.000000000000e+00,3,3.235936569296e+00,4.810293952099e-08,6.923131640284e-03,7.209968759809e-03,2.211230807980e-02,5.781995106578e-01,5.787085118562e-01,3.101586395430e+04
1277,0.000000000000e+00,3,3.238918349969e+00,4.814715394344e-08,6.906606028792e-03,7.167390325813e-03,2.194397698712e-02,5.842726834196e-01,5.847693386347e-01,3.103240638208e+04
1278,0.000000000000e+00,3,3.241902878228e+00,4.819141926204e-08,6.893014094961e-03,7.124824362457e-03,2.177081188444e-02,5.907314671852e-01,5.912156216968e-01,3.103688418416e+04
1279,0.000000000000e+00,3,3.244890156605e+00,4.823573574331e-08,6.883025138483e-03,7.082300349515e-03,2.159408657911e-02,5.975599344532e-01,5.980315333259e-01,3.102603607984e+04
1280,0.000000000000e+00,3,3.247880187635e+00,4.828010339245e-08,6.876270810120e-03,7.039934441484e-03,2.141798046198e-02,6.047243955910e-01,6.051835823014e-01,3.100171043535e+04
1281,0.000000000000e+00,3,3.250872973854e+00,4.832452207018e-08,6.872400784137e-03,6.997921325501e-03,2.124275199455e-02,6.121904182004e-01,6.126373833223e-01,3.096855599704e+04
1282,0.000000000000e+00,3,3.253868517801e+00,4.836899189433e-08,6.871100900016e-03,6.956054497956e-03,2.106711003386e-02,6.199214331001e-01,6.203563532872e-01,3.092129900218e+04
1283,0.000000000000e+00,3,3.256866822017e+00,4.841351273082e-08,6.872484873313e-03,6.913841560764e-03,2.088762563998e-02,6.278973261606e-01,6.283202824658e-01,3.086094055061e+04
1284,0.000000000000e+00,3,3.259867889045e+00,4.845808451192e-08,6.876855671274e-03,6.871375959037e-03,2.070192837168e-02,6.361135365143e-01,6.365245542212e-01,3.078536481415e+04
1285,0.000000000000e+00,3,3.262871721431e+00,4.850270722954e-08,6.884115728940e-03,6.828533988763e-03,2.051005762375e-02,6.445304055719e-01,6.449295512661e-01,3.066260093488e+04
1286,0.000000000000e+00,3,3.265878321723e+00,4.854738089247e-08,6.894167491977e-03,6.785637249609e-03,2.031533630196e-02,6.531351342017e-01,6.535226016260e-01,3.045699724493e+04
1287,0.000000000000e+00,3,3.268887692473e+00,4.859210546053e-08,6.906585821945e-03,6.742442278544e-03,2.011804615840e-02,6.619032840794e-01,6.622792875456e-01,3.031709809160e+04
1288,0.000000000000e+00,3,3.271899836232e+00,4.863687991267e-08,6.920633498148e-03,6.698822006965e-03,1.991743234285e-02,6.707754412154e-01,6.711401984930e-01,3.011472036456e+04
1289,0.000000000000e+00,3,3.274914755556e+00,4.868170360186e-08,6.936475049651e-03,6.654909957814e-03,1.971377346550e-02,6.797367304430e-01,6.800904778706e-01,2.988926135015e+04
1290,0.000000000000e+00,3,3.277932453002e+00,4.872657763984e-08,6.954398486565e-03,6.610671849871e-03,1.950653417329e-02,6.888122820862e-01,6.891552288627e-01,2.965757774075e+04
1291,0.000000000000e+00,3,3.280952931131e+00,4.877150271523e-08,6.974126106655e-03,6.566378519408e-03,1.929497727500e-02,6.979568082494e-01,6.982891650968e-01,2.941590224273e+04
1292,0.000000000000e+00,3,3.283976192505e+00,4.881647868037e-08,6.995426988662e-03,6.521691180754e-03,1.908097864141e-02,7.071302268935e-01,7.074522669318e-01,2.916282408981e+04
1293,0.000000000000e+00,3,3.287002239688e+00,4.886150377751e-08,7.018216418102e-03,6.476533150273e-03,1.886501218325e-02,7.163321650070e-01,7.166441656440e-01,2.889657974731e+04
1294,0.000000000000e+00,3,3.290031075247e+00,4.890657608447e-08,7.042749322246e-03,6.431325489409e-03,1.864653266434e-02,7.255772905785e-01,7.258795079413e-01,2.861663685945e+04
1295,0.000000000000e+00,3,3.293062701752e+00,4.895169878723e-08,7.068676545113e-03,6.385922580973e-03,1.842569232637e-02,7.348059539310e-01,7.350986615860e-01,2.832444609003e+04
1296,0.000000000000e+00,3,3.296097121775e+00,4.899687123930e-08,7.095755125542e-03,6.340247205652e-03,1.820237166888e-02,7.440010498133e-01,7.442845134309e-01,2.802362319866e+04
1297,0.000000000000e+00,3,3.299134337889e+00,4.904209348607e-08,7.124006763637e-03,6.293613303737e-03,1.797684095379e-02,7.531697750861e-01,7.534442500641e-01,2.772239177170e+04
1298,0.000000000000e+00,3,3.302174352671e+00,4.908736568720e-08,7.153320464472e-03,6.246478184913e-03,1.774887445736e-02,7.622862227623e-01,7.625519631088e-01,2.741162348731e+04
1299,0.000000000000e+00,3,3.305217168700e+00,4.913268785856e-08,7.183194762356e-03,6.199381661597e-03,1.751784781714e-02,7.712933270549e-01,7.715505828989e-01,2.709141599850e+04
1300,0.000000000000e+00,3,3.308262788557e+00,4.917805998107e-08,7.213797776441e-03,6.151738773378e-03,1.728466739513e-02,7.802029108615e-01,7.804519361319e-01,2.676193752226e+04
1301,0.000000000000e+00,3,3.311311214826e+00,4.922348200565e-08,7.245000267138e-03,6.103579814860e-03,1.704930643462e-02,7.890033456548e-01,7.892443867522e-01,2.642354456493e+04
1302,0.000000000000e+00,3,3.314362450093e+00,4.926895388586e-08,7.276368333738e-03,6.055532082638e-03,1.681083061448e-02,7.976798290251e-01,7.979131084676e-01,2.607663477868e+04
1303,0.000000000000e+00,3,3.317416496945e+00,4.931447541011e-08,7.306987214785e-03,6.006805522577e-03,1.656527462406e-02,8.062389288964e-01,8.064645637387e-01,2.572147275552e+04
1304,0.000000000000e+00,3,3.320473357975e+00,4.936004650862e-08,7.337326339910e-03,5.957583402630e-03,1.631728883541e-02,8.146719800543e-01,8.148901877911e-01,2.535815554557e+04
1305,0.000000000000e+00,3,3.323533035775e+00,4.940566712338e-08,7.367423044415e-03,5.907425883162e-03,1.606653904577e-02,8.229608370859e-01,8.231718226815e-01,2.498686371333e+04
1306,0.000000000000e+00,3,3.326595532940e+00,4.945133719432e-08,7.397592535745e-03,5.856434213941e-03,1.581451487094e-02,8.311282244230e-01,8.313322118805e-01,2.461455223443e+04
1307,0.000000000000e+00,3,3.329660852069e+00,4.949705665174e-08,7.427819164583e-03,5.805241236029e-03,1.556029570005e-02,8.391664307070e-01,8.393636247486e-01,2.423711438987e+04
1308,0.000000000000e+00,3,3.332728995761e+00,4.954282542084e-08,7.458153162514e-03,5.754368993019e-03,1.530450258571e-02,8.470638027627e-01,8.472544190274e-01,2.385080335106e+04
1309,0.000000000000e+00,3,3.335799966620e+00,4.958864346653e-08,7.488468928590e-03,5.702799196230e-03,1.504595911208e-02,8.548095620778e-01,8.549937820772e-01,2.345670617825e+04
1310,0.000000000000e+00,3,3.338873767251e+00,4.963451069610e-08,7.518762085830e-03,5.650559517535e-03,1.478619835632e-02,8.623950825886e-01,8.625731103744e-01,2.305362049836e+04
1311,0.000000000000e+00,3,3.341950400261e+00,4.968042688078e-08,7.549089876338e-03,5.597883934805e-03,1.452522898340e-02,8.698081210070e-01,8.699801576526e-01,2.264004184193e+04
1312,0.000000000000e+00,3,3.345029868260e+00,4.972639193849e-08,7.579336900141e-03,5.544872303516e-03,1.426304423034e-02,8.770375726213e-01,8.772038133621e-01,2.221682127741e+04
1313,0.000000000000e+00,3,3.348112173861e+00,4.977240509027e-08,7.609410086851e-03,5.491337653644e-03,1.399894816321e-02,8.840810830411e-01,8.842417032983e-01,2.178598012862e+04
1314,0.000000000000e+00,3,3.351197319677e+00,4.981846778494e-08,7.639194823570e-03,5.437438633275e-03,1.373339257788e-02,8.909313961571e-01,8.910865736654e-01,2.187268196334e+04
1315,0.000000000000e+00,3,3.354285308327e+00,4.986458043925e-08,7.668591256530e-03,5.383285182097e-03,1.346712864449e-02,8.975838257771e-01,8.977337438805e-01,2.214480094378e+04
1316,0.000000000000e+00,3,3.357376142430e+00,4.991074289759e-08,7.697569745397e-03,5.328826820412e-03,1.320000257069e-02,9.040318236655e-01,9.041766570992e-01,2.253005903509e+04
1317,0.000000000000e+00,3,3.360469824607e+00,4.995695498654e-08,7.725872544023e-03,5.274068278433e-03,1.293099588188e-02,9.102741736940e-01,9.104140743922e-01,2.292231906801e+04
1318,0.000000000000e+00,3,3.363566357484e+00,5.000321653774e-08,7.753481974303e-03,5.219199386480e-03,1.266035623771e-02,9.163148692093e-01,9.164499880949e-01,2.331510286812e+04
1319,0.000000000000e+00,3,3.366665743686e+00,5.004952795285e-08,7.780590668101e-03,5.164274268254e-03,1.239047701994e-02,9.221504451743e-01,9.222809630345e-01,2.370847802563e+04
1320,0.000000000000e+00,3,3.369767985844e+00,5.009588875067e-08,7.807079317166e-03,5.109320407250e-03,1.211910628172e-02,9.277889181143e-01,9.279149772232e-01,2.410246263819e+04
1321,0.000000000000e+00,3,3.372873086589e+00,5.014229107866e-08,7.832848894737e-03,5.054136520137e-03,1.184693903198e-02,9.332230787048e-01,9.333448250295e-01,2.449698570113e+04
1322,0.000000000000e+00,3,3.375981048554e+00,5.018873998207e-08,7.857861668878e-03,4.998991468537e-03,1.157382271123e-02,9.384487888555e-01,9.385663634407e-01,2.489193277841e+04
1323,0.000000000000e+00,3,3.379091874377e+00,5.023523820539e-08,7.882074003984e-03,4.944244461450e-03,1.130081619500e-02,9.434640185573e-01,9.435775725413e-01,2.528711264482e+04
1324,0.000000000000e+00,3,3.382205566697e+00,5.028178565596e-08,7.905364979481e-03,4.889439124626e-03,1.102696501711e-02,9.482648857069e-01,9.483745509200e-01,2.568239177218e+04
1325,0.000000000000e+00,3,3.385322128154e+00,5.032838226463e-08,7.927757499746e-03,4.835037427821e-03,1.075335887736e-02,9.528599399812e-01,9.529658581890e-01,2.607759421462e+04
1326,0.000000000000e+00,3,3.388441561392e+00,5.037502796503e-08,7.949365932850e-03,4.781184922302e-03,1.048107088177e-02,9.572453999265e-01,9.573477219251e-01,2.647259755079e+04
1327,0.000000000000e+00,3,3.391563869058e+00,5.042172264715e-08,7.970039571460e-03,4.727778130855e-03,1.020961987480e-02,9.614215043984e-01,9.615203684138e-01,2.686727782736e+04
1328,0.000000000000e+00,3,3.394689053801e+00,5.046846621387e-08,7.989797197113e-03,4.674930997952e-03,9.938491368416e-03,9.653986877837e-01,9.654942215385e-01,2.726149739307e+04
1329,0.000000000000e+00,3,3.397817118271e+00,5.051525892560e-08,8.008493005018e-03,4.622631786591e-03,9.668341533686e-03,9.691652743893e-01,9.692576079634e-01,2.765512512656e+04
1330,0.000000000000e+00,3,3.400948065122e+00,5.056210081989e-08,8.026359988059e-03,4.571255057384e-03,9.403120163219e-03,9.727088750755e-01,9.727981769858e-01,2.804803043668e+04
1331,0.000000000000e+00,3,3.404081897010e+00,5.060899159595e-08,8.043006563981e-03,4.520537122823e-03,9.137511116654e-03,9.760283263278e-01,9.761147028470e-01,2.844006458992e+04
1332,0.000000000000e+00,3,3.407218616594e+00,5.065593114822e-08,8.058214169811e-03,4.470652312644e-03,8.876191247980e-03,9.790933474350e-01,9.791769458634e-01,2.883105718070e+04
1333,0.000000000000e+00,3,3.410358226533e+00,5.070291969097e-08,8.071953717661e-03,4.421918664781e-03,8.621942179648e-03,9.818872806326e-01,9.819682681006e-01,2.922081943224e+04
1334,0.000000000000e+00,3,3.413500729493e+00,5.074995715597e-08,8.084552239229e-03,4.374218324373e-03,8.376745288167e-03,9.844277368136e-01,9.845062887765e-01,2.960914711259e+04
1335,0.000000000000e+00,3,3.416646128138e+00,5.079704348097e-08,8.095495019386e-03,4.327547714003e-03,8.138114670090e-03,9.866751162081e-01,9.867513762664e-01,2.999582249388e+04
1336,0.000000000000e+00,3,3.419794425137e+00,5.084417855759e-08,8.105413887292e-03,4.281990792877e-03,7.910972427994e-03,9.886793626264e-01,9.887535075778e-01,3.038061634472e+04
1337,0.000000000000e+00,3,3.422945623160e+00,5.089136239727e-08,8.114150220619e-03,4.237493929394e-03,7.691870800068e-03,9.904181389171e-01,9.904903081611e-01,3.076328768177e+04
1338,0.000000000000e+00,3,3.426099724881e+00,5.093859486623e-08,8.121703961204e-03,4.193994247513e-03,7.481203674165e-03,9.918953880151e-01,9.919657155553e-01,3.114358046809e+04
1339,0.000000000000e+00,3,3.429256732976e+00,5.098587587589e-08,8.127914079784e-03,4.151565334978e-03,7.278780995822e-03,9.931047016465e-01,9.931733119487e-01,3.152117571629e+04
1340,0.000000000000e+00,3,3.432416650121e+00,5.103320537677e-08,8.132726948172e-03,4.110315541996e-03,7.084828744665e-03,9.940445930180e-01,9.941116052275e-01,3.189574543192e+04
1341,0.000000000000e+00,3,3.435579478999e+00,5.108058319673e-08,8.136002467330e-03,4.070180858839e-03,6.898163605114e-03,9.947191904505e-01,9.947847070698e-01,3.226702270260e+04
1342,0.000000000000e+00,3,3.438745222291e+00,5.112800930449e-08,8.137447548582e-03,4.031107033310e-03,6.718292714487e-03,9.951184639004e-01,9.951825764799e-01,3.263475880305e+04
1343,0.000000000000e+00,3,3.441913882684e+00,5.117548337177e-08,8.137360863740e-03,3.993148933332e-03,6.547805493023e-03,9.952877421640e-01,9.953505539953e-01,3.299868299671e+04
1344,0.000000000000e+00,3,3.445085462866e+00,5.122300499055e-08,8.135982808977e-03,3.956320321866e-03,6.386184936573e-03,9.952604548245e-01,9.953220599295e-01,3.335850665985e+04
1345,0.000000000000e+00,3,3.448259965526e+00,5.127057408424e-08,8.133337017854e-03,3.920590048623e-03,6.231956610994e-03,9.950486808259e-01,9.951091581801e-01,3.371392311201e+04
1346,0.000000000000e+00,3,3.451437393359e+00,5.131819058716e-08,8.129410294178e-03,3.886025205186e-03,6.087002080216e-03,9.946434335444e-01,9.947028702034e-01,3.406431323593e+04
1347,0.000000000000e+00,3,3.454617749058e+00,5.136585443720e-08,8.124208027112e-03,3.852733131850e-03,5.954090371852e-03,9.940279030320e-01,9.940863994176e-01,3.440951821289e+04
1348,0.000000000000e+00,3,3.457801035323e+00,5.141356557163e-08,8.117815296464e-03,3.820807961045e-03,5.835575546038e-03,9.931884952456e-01,9.932461621012e-01,3.474930966442e+04
1349,0.000000000000e+00,3,3.460987254854e+00,5.146132392614e-08,8.110142345479e-03,3.790152192392e-03,5.731742583852e-03,9.921028725154e-01,9.921598168585e-01,3.508336160435e+04
1350,0.000000000000e+00,3,3.464176410352e+00,5.150912954017e-08,8.101212927956e-03,3.760676487612e-03,5.639752694448e-03,9.907965099236e-01,9.908528161264e-01,3.541133835664e+04
1351,0.000000000000e+00,3,3.467368504525e+00,5.155698252208e-08,8.091183090005e-03,3.732294032699e-03,5.558749836931e-03,9.892940523497e-01,9.893497960664e-01,3.573290084900e+04
1352,0.000000000000e+00,3,3.470563540080e+00,5.160488281383e-08,8.080019557937e-03,3.704965894545e-03,5.487111381913e-03,9.876103389880e-01,9.876655828547e-01,3.604771043578e+04
1353,0.000000000000e+00,3,3.473761519727e+00,5.165283006593e-08,8.067753308710e-03,3.678666926811e-03,5.425261916950e-03,9.857573760255e-01,9.858121824614e-01,3.634638346610e+04
1354,0.000000000000e+00,3,3.476962446178e+00,5.170082451403e-08,8.054405219538e-03,3.653389341195e-03,5.376494547426e-03,9.837181444416e-01,9.837725931811e-01,3.663382379603e+04
1355,0.000000000000e+00,3,3.480166322150e+00,5.174886636198e-08,8.039942318143e-03,3.629137242058e-03,5.340405234482e-03,9.814862087249e-01,9.815403757130e-01,3.691436822481e+04
1356,0.000000000000e+00,3,3.483373150360e+00,5.179695559953e-08,8.024352806231e-03,3.605897642285e-03,5.316045305908e-03,9.790670117388e-01,9.791209662491e-01,3.718704699664e+04
1357,0.000000000000e+00,3,3.486582933529e+00,5.184509218472e-08,8.007612116746e-03,3.583706465647e-03,5.304465255007e-03,9.764516354179e-01,9.765054523482e-01,3.753764020056e+04
1358,0.000000000000e+00,3,3.489795674379e+00,5.189327565586e-08,7.989712456105e-03,3.562530688437e-03,5.305543398913e-03,9.736299886924e-01,9.736837427019e-01,3.788755559299e+04
1359,0.000000000000e+00,3,3.493011375636e+00,5.194150627441e-08,7.970629116870e-03,3.542320378939e-03,5.318152445270e-03,9.706090243157e-01,9.706627837672e-01,3.822958079118e+04
1360,0.000000000000e+00,3,3.496230040027e+00,5.198978405119e-08,7.950296305735e-03,3.523063739827e-03,5.343674522215e-03,9.673671263738e-01,9.674209689869e-01,3.855941400143e+04
1361,0.000000000000e+00,3,3.499451670284e+00,5.203810912444e-08,7.928636186144e-03,3.504730412293e-03,5.382171217781e-03,9.638891311450e-01,9.639431369710e-01,3.887760321181e+04
1362,0.000000000000e+00,3,3.502676269138e+00,5.208648120828e-08,7.905686354776e-03,3.487299745791e-03,5.430103497520e-03,9.601990072884e-01,9.602532378274e-01,3.918420183471e+04
1363,0.000000000000e+00,3,3.505903839326e+00,5.213489946909e-08,7.881571442979e-03,3.470689732456e-03,5.482093748833e-03,9.563445466620e-01,9.563990329029e-01,3.947910876168e+04
1364,0.000000000000e+00,3,3.509134383586e+00,5.218336384322e-08,7.856315294768e-03,3.454914929900e-03,5.540810465159e-03,9.523257872991e-01,9.523805772183e-01,3.976217981596e+04
1365,0.000000000000e+00,3,3.512367904657e+00,5.223187427780e-08,7.829944391225e-03,3.439942279488e-03,5.606911544840e-03,9.481434592271e-01,9.481986068141e-01,4.003163299436e+04
1366,0.000000000000e+00,3,3.515604405283e+00,5.228043071423e-08,7.802462624884e-03,3.425752191519e-03,5.679900477275e-03,9.437965843592e-01,9.438521431445e-01,4.028849228642e+04
1367,0.000000000000e+00,3,3.518843888210e+00,5.232903309017e-08,7.773877197153e-03,3.412306918990e-03,5.759465533572e-03,9.392865224097e-01,9.393425464807e-01,4.053317552498e+04
1368,0.000000000000e+00,3,3.522086356185e+00,5.237768134121e-08,7.744200430795e-03,3.399610957142e-03,5.845056844567e-03,9.346126547317e-01,9.346691976679e-01,4.076553808877e+04
1369,0.000000000000e+00,3,3.525331811959e+00,5.242637540177e-08,7.713449003254e-03,3.387660270317e-03,5.936124309963e-03,9.297764072164e-01,9.298335219412e-01,4.098540858381e+04
1370,0.000000000000e+00,3,3.528580258285e+00,5.247511520560e-08,7.681607390052e-03,3.376413758960e-03,6.031881519858e-03,9.247785259503e-01,9.248362627598e-01,4.119257535667e+04
1371,0.000000000000e+00,3,3.531831697920e+00,5.252390068607e-08,7.648718965741e-03,3.365836340165e-03,6.132106943040e-03,9.196232588541e-01,9.196816692297e-01,4.138588591759e+04
1372,0.000000000000e+00,3,3.535086133620e+00,5.257273177638e-08,7.614798979952e-03,3.355917770352e-03,6.236296780154e-03,9.143135026779e-01,9.143726373445e-01,4.156636449373e+04
1373,0.000000000000e+00,3,3.538343568147e+00,5.262160840967e-08,7.579888627674e-03,3.346667769657e-03,6.344185945258e-03,9.088513345265e-01,9.089112453164e-01,4.173404553086e+04
1374,0.000000000000e+00,3,3.541604004265e+00,5.267053084906e-08,7.543981517151e-03,3.338069460382e-03,6.455475520104e-03,9.032376107786e-01,9.032983499675e-01,4.188532126167e+04
1375,0.000000000000e+00,3,3.544867444738e+00,5.271950482836e-08,7.507086744069e-03,3.330099276773e-03,6.569561809058e-03,8.974739899782e-01,8.975356080637e-01,4.201738708019e+04
1376,0.000000000000e+00,3,3.548133892336e+00,5.276852450064e-08,7.469217173373e-03,3.322733118621e-03,6.685866966535e-03,8.915612744460e-01,8.916238201559e-01,4.213891699590e+04
1377,0.000000000000e+00,3,3.551403349829e+00,5.281758977188e-08,7.430372637198e-03,3.315938782073e-03,6.804129620946e-03,8.855000811620e-01,8.855636034782e-01,4.224850122299e+04
1378,0.000000000000e+00,3,3.554675819991e+00,5.286670054811e-08,7.390534199363e-03,3.309716498188e-03,6.923985994200e-03,8.792902610920e-01,8.793548083978e-01,4.234604777855e+04
1379,0.000000000000e+00,3,3.557951305597e+00,5.291585673575e-08,7.349606983518e-03,3.304091865504e-03,7.045041616458e-03,8.729236158417e-01,8.729892355874e-01,4.243158289382e+04
1380,0.000000000000e+00,3,3.561229809428e+00,5.296505824172e-08,7.307620883793e-03,3.299082644873e-03,7.166923044762e-03,8.664008425403e-01,8.664675816266e-01,4.250515270182e+04
1381,0.000000000000e+00,3,3.564511334262e+00,5.301430497357e-08,7.264554250339e-03,3.294606195842e-03,7.289255456255e-03,8.597232492521e-01,8.597911529716e-01,4.256682618211e+04
1382,0.000000000000e+00,3,3.567795882886e+00,5.306359683965e-08,7.220526738488e-03,3.290635915512e-03,7.411747836902e-03,8.529025417423e-01,8.529716548676e-01,4.261748961634e+04
1383,0.000000000000e+00,3,3.571083458083e+00,5.311293374922e-08,7.175592979305e-03,3.287180339283e-03,7.534214583993e-03,8.459443478675e-01,8.460147154556e-01,4.265907926587e+04
1384,0.000000000000e+00,3,3.574374062645e+00,5.316231561150e-08,7.129808346444e-03,3.284233301383e-03,7.656590605331e-03,8.388568921167e-01,8.389285602403e-01,4.268918303938e+04
1385,0.000000000000e+00,3,3.577667699361e+00,5.321174233642e-08,7.083305485336e-03,3.281793799950e-03,7.778821624034e-03,8.316558711468e-01,8.317288869974e-01,4.270799355101e+04
1386,0.000000000000e+00,3,3.580964371026e+00,5.326121381848e-08,7.036093193762e-03,3.279855249342e-03,7.900717726295e-03,8.243424185843e-01,8.244168293259e-01,4.271571037798e+04
1387,0.000000000000e+00,3,3.584264080437e+00,5.331072995362e-08,6.988182910343e-03,3.278393776086e-03,8.022208280731e-03,8.169168860936e-01,8.169927399780e-01,4.271253208852e+04
1388,0.000000000000e+00,3,3.587566830393e+00,5.336029061532e-08,6.939627075175e-03,3.277349518003e-03,8.143340095549e-03,8.093903471442e-01,8.094676939088e-01,4.269865723455e+04
1389,0.000000000000e+00,3,3.590872623695e+00,5.340989574110e-08,6.890481516528e-03,3.276740332480e-03,8.264187736082e-03,8.017671925577e-01,8.018460847467e-01,4.267428826416e+04
1390,0.000000000000e+00,3,3.594181463147e+00,5.345954522514e-08,6.840706210782e-03,3.276590350516e-03,8.384070198591e-03,7.940380577561e-01,7.941185434833e-01,4.263963410527e+04
1391,0.000000000000e+00,3,3.597493351557e+00,5.350923909511e-08,6.790282762629e-03,3.276888606910e-03,8.502681701775e-03,7.862027904431e-01,7.862849160677e-01,4.259491055396e+04
1392,0.000000000000e+00,3,3.600808291735e+00,5.355897739006e-08,6.739204298701e-03,3.277605683649e-03,8.619944725583e-03,7.782622912423e-01,7.783461036007e-01,4.254033944197e+04
1393,0.000000000000e+00,3,3.604126286491e+00,5.360876004064e-08,6.687507353766e-03,3.278708725607e-03,8.735645020213e-03,7.702210774038e-01,7.703066222333e-01,4.247614708517e+04
1394,0.000000000000e+00,3,3.607447338642e+00,5.365858697039e-08,6.635236082501e-03,3.280193611366e-03,8.849835599464e-03,7.620853055113e-01,7.621726303761e-01,4.240256202073e+04
1395,0.000000000000e+00,3,3.610771451004e+00,5.370845810305e-08,6.582378911698e-03,3.282078114220e-03,8.962148283658e-03,7.538543631766e-01,7.539435129578e-01,4.231981218615e+04
1396,0.000000000000e+00,3,3.614098626396e+00,5.375837336197e-08,6.529016456790e-03,3.284338080417e-03,9.072552566792e-03,7.455381884940e-01,7.456292085518e-01,4.222812942789e+04
1397,0.000000000000e+00,3,3.617428867642e+00,5.380833267357e-08,6.475137926702e-03,3.286945193509e-03,9.180992396924e-03,7.371355758273e-01,7.372285121938e-01,4.212772850717e+04
1398,0.000000000000e+00,3,3.620762177567e+00,5.385833596685e-08,6.420760350455e-03,3.289868756092e-03,9.287502954633e-03,7.286504227935e-01,7.287453229683e-01,4.201881834613e+04
1399,0.000000000000e+00,3,3.624098558997e+00,5.390838317270e-08,6.365935464656e-03,3.293116759052e-03,9.391892305325e-03,7.200888369516e-01,7.201857472179e-01,4.190159102454e+04
1400,0.000000000000e+00,3,3.627438014765e+00,5.395847422406e-08,6.310701151927e-03,3.296673834220e-03,9.494122515471e-03,7.114564187965e-01,7.115553859093e-01,4.177622562408e+04
1401,0.000000000000e+00,3,3.630780547701e+00,5.400860905586e-08,6.255022796176e-03,3.300580247111e-03,9.594218924400e-03,7.027510871692e-01,7.028521599130e-01,4.164288887308e+04
1402,0.000000000000e+00,3,3.634126160642e+00,5.405878760504e-08,6.198913940738e-03,3.304773079306e-03,9.692152031326e-03,6.939753576176e-01,6.940785855007e-01,4.150170970996e+04
1403,0.000000000000e+00,3,3.637474856426e+00,5.410900981033e-08,6.142373861720e-03,3.309183241721e-03,9.787821748127e-03,6.851308052723e-01,6.852362375400e-01,4.135281700461e+04
1404,0.000000000000e+00,3,3.640826637894e+00,5.415927561225e-08,6.085416295825e-03,3.313834242643e-03,9.881116171767e-03,6.762195411018e-01,6.763272270238e-01,4.119627729706e+04
1405,0.000000000000e+00,3,3.644181507889e+00,5.420958495300e-08,6.028085156946e-03,3.318702154740e-03,9.971955196782e-03,6.672479927381e-01,6.673579813699e-01,4.103210364882e+04
1406,0.000000000000e+00,3,3.647539469256e+00,5.425993777655e-08,5.970373116573e-03,3.323794224833e-03,1.006024394247e-02,6.582157687021e-01,6.583281094101e-01,4.086033738611e+04
1407,0.000000000000e+00,3,3.650900524845e+00,5.431033403193e-08,5.912325824305e-03,3.329082606523e-03,1.014585515704e-02,6.491295612277e-01,6.492443022655e-01,4.068109462670e+04
1408,0.000000000000e+00,3,3.654264677507e+00,5.436077367018e-08,5.853963488949e-03,3.334498195135e-03,1.022876637403e-02,6.399924427053e-01,6.401096329131e-01,4.049452839183e+04
1409,0.000000000000e+00,3,3.657631930095e+00,5.441125662516e-08,5.795338513430e-03,3.340025582052e-03,1.030881966665e-02,6.308122636058e-01,6.309319498945e-01,4.030077964454e+04
1410,0.000000000000e+00,3,3.661002285465e+00,5.446178283570e-08,5.736464051185e-03,3.345668720072e-03,1.038601033994e-02,6.215914097250e-01,6.217136401702e-01,4.009996118066e+04
1411,0.000000000000e+00,3,3.664375746478e+00,5.451235224744e-08,5.677319744176e-03,3.351410959014e-03,1.046030770852e-02,6.123291230325e-01,6.124539467307e-01,3.989216247661e+04
1412,0.000000000000e+00,3,3.667752315995e+00,5.456296480854e-08,5.617774314180e-03,3.357248016558e-03,1.053140590934e-02,6.030135350676e-01,6.031409988449e-01,3.967745743263e+04
1413,0.000000000000e+00,3,3.671131996880e+00,5.461362047099e-08,5.557850165135e-03,3.363140700866e-03,1.059901717759e-02,5.936475260407e-01,5.937776728315e-01,3.945590869245e+04
1414,0.000000000000e+00,3,3.674514791999e+00,5.466431919100e-08,5.497475913460e-03,3.369032427833e-03,1.066293005024e-02,5.842254956834e-01,5.843583665053e-01,3.922756665486e+04
1415,0.000000000000e+00,3,3.677900704224e+00,5.471506092881e-08,5.436867207699e-03,3.374902368728e-03,1.072328365575e-02,5.747692163219e-01,5.749048532885e-01,3.899247157874e+04
1416,0.000000000000e+00,3,3.681289736425e+00,5.476584564788e-08,5.376133489041e-03,3.380759631106e-03,1.078011885127e-02,5.652923431044e-01,5.654307884099e-01,3.875066259295e+04
1417,0.000000000000e+00,3,3.684681891479e+00,5.481667331495e-08,5.315346361944e-03,3.386597984133e-03,1.083362476938e-02,5.558057374281e-01,5.559470362692e-01,3.850218752757e+04
1418,0.000000000000e+00,3,3.688077172262e+00,5.486754389648e-08,5.254496370170e-03,3.392358841031e-03,1.088396999877e-02,5.463110737716e-01,5.464552753511e-01,3.824709619793e+04
1419,0.000000000000e+00,3,3.691475581654e+00,5.491845735449e-08,5.193655322541e-03,3.397983715559e-03,1.093089218159e-02,5.368169184778e-01,5.369640665043e-01,3.798540210625e+04
1420,0.000000000000e+00,3,3.694877122539e+00,5.496941361594e-08,5.132851776427e-03,3.403474508879e-03,1.097456955933e-02,5.273281408596e-01,5.274782830843e-01,3.771711816569e+04
1421,0.000000000000e+00,3,3.698281797803e+00,5.502041257441e-08,5.072140548146e-03,3.408808795651e-03,1.101509156341e-02,5.178523522779e-01,5.180055381838e-01,3.744226349693e+04
1422,0.000000000000e+00,3,3.701689610332e+00,5.507145420108e-08,5.011570918450e-03,3.413977248825e-03,1.105252227469e-02,5.083970973392e-01,5.085533776461e-01,3.716084276039e+04
1423,0.000000000000e+00,3,3.705100563019e+00,5.512253846746e-08,4.951166090071e-03,3.418961104443e-03,1.108690622112e-02,4.989672167486e-01,4.991266434685e-01,3.687288765614e+04
1424,0.000000000000e+00,3,3.708514658757e+00,5.517366534457e-08,4.890954373039e-03,3.423734810373e-03,1.111824625442e-02,4.895688825626e-01,4.897315076326e-01,3.657848743753e+04
1425,0.000000000000e+00,3,3.711931900441e+00,5.522483480097e-08,4.830956982828e-03,3.428281616646e-03,1.114660701305e-02,4.802068546421e-01,4.803727316921e-01,3.627775380491e+04
1426,0.000000000000e+00,3,3.715352290972e+00,5.527604674635e-08,4.771238194650e-03,3.432582148908e-03,1.117189249867e-02,4.708902435612e-01,4.710594230002e-01,3.597078184820e+04
1427,0.000000000000e+00,3,3.718775833249e+00,5.532730112475e-08,4.711860025652e-03,3.436614977826e-03,1.119426772537e-02,4.616287177271e-01,4.618012522803e-01,3.565764162326e+04
1428,0.000000000000e+00,3,3.722202530179e+00,5.537859791731e-08,4.652942457680e-03,3.440360734010e-03,1.121363576621e-02,4.524362666480e-01,4.526122037252e-01,3.533533808142e+04
1429,0.000000000000e+00,3,3.725632384666e+00,5.542993710771e-08,4.594514784445e-03,3.443813014114e-03,1.122977983038e-02,4.433159215521e-01,4.434953028734e-01,3.500456255748e+04
1430,0.000000000000e+00,3,3.729065399622e+00,5.548131868875e-08,4.536627888704e-03,3.446997035207e-03,1.124292908171e-02,4.342743880759e-01,4.344572595483e-01,3.466836207030e+04
1431,0.000000000000e+00,3,3.732501577957e+00,5.553274266048e-08,4.479318725747e-03,3.449857641009e-03,1.125280339217e-02,4.253188142867e-01,4.255052117006e-01,3.432611959906e+04
1432,0.000000000000e+00,3,3.735940922588e+00,5.558420900176e-08,4.422660485376e-03,3.452412308557e-03,1.125988186098e-02,4.164605951471e-01,4.166505626137e-01,3.397770958705e+04
1433,0.000000000000e+00,3,3.739383436432e+00,5.563571776717e-08,4.366687119359e-03,3.454648403250e-03,1.126423790000e-02,4.077068027436e-01,4.079003831953e-01,3.362300714737e+04
1434,0.000000000000e+00,3,3.742829122408e+00,5.568726909523e-08,4.311384685883e-03,3.456564778496e-03,1.126587816239e-02,3.990600312812e-01,3.992572660013e-01,3.326202915039e+04
1435,0.000000000000e+00,3,3.746277983441e+00,5.573886301261e-08,4.256719638316e-03,3.458198546299e-03,1.126499310214e-02,3.905200036398e-01,3.907209389215e-01,3.289487514228e+04
1436,0.000000000000e+00,3,3.749730022455e+00,5.579049950852e-08,4.202761361489e-03,3.459512889422e-03,1.126134413418e-02,3.820988222137e-01,3.823034910138e-01,3.252163108327e+04
1437,0.000000000000e+00,3,3.753185242379e+00,5.584217859634e-08,4.149521665109e-03,3.460516974969e-03,1.125486256463e-02,3.738021425096e-01,3.740105712195e-01,3.214235998336e+04
1438,0.000000000000e+00,3,3.756643646145e+00,5.589390028529e-08,4.097012129151e-03,3.461191306626e-03,1.124546564589e-02,3.656366385598e-01,3.658488448917e-01,3.175711222584e+04
1439,0.000000000000e+00,3,3.760105236685e+00,5.594566457904e-08,4.045297910643e-03,3.461537594718e-03,1.123338388285e-02,3.576133930899e-01,3.578293930191e-01,3.136592882791e+04
1440,0.000000000000e+00,3,3.763570016937e+00,5.599747147684e-08,3.994386433772e-03,3.461554315214e-03,1.121862607490e-02,3.497383439409e-01,3.499581464615e-01,3.096883723542e+04
1441,0.000000000000e+00,3,3.767037989839e+00,5.604932097543e-08,3.944289767197e-03,3.461246596360e-03,1.120122812553e-02,3.420193923872e-01,3.422429983655e-01,3.056585427039e+04
1442,0.000000000000e+00,3,3.770509158334e+00,5.610121307465e-08,3.894981131857e-03,3.460645314810e-03,1.118134989968e-02,3.344603393913e-01,3.346877472441e-01,3.015698848774e+04
1443,0.000000000000e+00,3,3.773983525366e+00,5.615314778244e-08,3.846505960825e-03,3.459754417690e-03,1.115892429240e-02,3.270727453671e-01,3.273039380485e-01,2.974224387181e+04
1444,0.000000000000e+00,3,3.777461093882e+00,5.620512498410e-08,3.798875749294e-03,3.458602874076e-03,1.113396346423e-02,3.198665297523e-01,3.201014767055e-01,2.932527161267e+04
1445,0.000000000000e+00,3,3.780941866833e+00,5.625714455117e-08,3.752117165714e-03,3.457154569906e-03,1.110616476813e-02,3.128525474090e-01,3.130911905773e-01,2.890546629740e+04
1446,0.000000000000e+00,3,3.784425847171e+00,5.630920651281e-08,3.706326266362e-03,3.455443806086e-03,1.107564249309e-02,3.060512490145e-01,3.062935092787e-01,2.847905890715e+04
1447,0.000000000000e+00,3,3.787913037852e+00,5.636131091049e-08,3.661498018586e-03,3.453473364666e-03,1.104262278630e-02,2.994696269306e-01,2.997154150490e-01,2.804666574399e+04
1448,0.000000000000e+00,3,3.791403441833e+00,5.641345779680e-08,3.617482580392e-03,3.451230153999e-03,1.100687522173e-02,2.930984093155e-01,2.933476197537e-01,2.760818426880e+04
1449,0.000000000000e+00,3,3.794897062076e+00,5.646564723207e-08,3.574230663212e-03,3.448768512746e-03,1.096836568811e-02,2.869422684542e-01,2.871947764159e-01,2.716360801444e+04
1450,0.000000000000e+00,3,3.798393901545e+00,5.651787928280e-08,3.531718152019e-03,3.446094177596e-03,1.092693625092e-02,2.810065216790e-01,2.812621761989e-01,2.671308353158e+04
1451,0.000000000000e+00,3,3.801893963206e+00,5.657015402499e-08,3.490250569743e-03,3.443212835893e-03,1.088272089774e-02,2.753351500699e-01,2.755937518193e-01,2.625667839470e+04
1452,0.000000000000e+00,3,3.805397250027e+00,5.662247154199e-08,3.449975442860e-03,3.440139510233e-03,1.083630897988e-02,2.699584377590e-01,2.702197635259e-01,2.579442200260e+04
1453,0.000000000000e+00,3,3.808903764981e+00,5.667483191851e-08,3.411049329373e-03,3.436907630718e-03,1.078849070152e-02,2.648978411586e-01,2.651616589436e-01,2.532651844036e+04
1454,0.000000000000e+00,3,3.812413511043e+00,5.672723523428e-08,3.373565555772e-03,3.433474134201e-03,1.073944959995e-02,2.601698316967e-01,2.604358784653e-01,2.485317225413e+04
1455,0.000000000000e+00,3,3.815926491189e+00,5.677968155497e-08,3.337440486557e-03,3.429803536081e-03,1.068934138066e-02,2.557720524137e-01,2.560400493602e-01,2.437452717521e+04
1456,0.000000000000e+00,3,3.819442708400e+00,5.683217090838e-08,3.302884411233e-03,3.425955854448e-03,1.063832111369e-02,2.517357129629e-01,2.520053358087e-01,2.389070692632e+04
1457,0.000000000000e+00,3,3.822962165659e+00,5.688470329709e-08,3.269753997307e-03,3.421926820219e-03,1.058618059999e-02,2.480485396081e-01,2.483194436523e-01,2.340184323003e+04
1458,0.000000000000e+00,3,3.826484865951e+00,5.693727849465e-08,3.238131273565e-03,3.417741414593e-03,1.053282315859e-02,2.447291009907e-01,2.450008973166e-01,2.290809380519e+04
1459,0.000000000000e+00,3,3.830010812264e+00,5.698989628187e-08,3.208028717157e-03,3.413398272282e-03,1.047827859524e-02,2.417810211479e-01,2.420532983574e-01,2.240962768869e+04
1460,0.000000000000e+00,3,3.833540007590e+00,5.704255666231e-08,3.179358507471e-03,3.408887104404e-03,1.042220868887e-02,2.392007948809e-01,2.394731123476e-01,2.190654194252e+04
1461,0.000000000000e+00,3,3.837072454923e+00,5.709525966007e-08,3.152118837544e-03,3.404202244076e-03,1.036416502991e-02,2.369953829415e-01,2.372672583785e-01,2.139902188938e+04
1462,0.000000000000e+00,3,3.840608157258e+00,5.714800532054e-08,3.126123210076e-03,3.399395280605e-03,1.030392027484e-02,2.351521342178e-01,2.354230777447e-01,2.093907319855e+04
1463,0.000000000000e+00,3,3.844147117596e+00,5.720079375726e-08,3.101003840304e-03,3.394432045242e-03,1.024006501065e-02,2.336346689571e-01,2.339041595694e-01,2.058664051422e+04
1464,0.000000000000e+00,3,3.847689338938e+00,5.725362547947e-08,3.076506417666e-03,3.389369048055e-03,1.017224626825e-02,2.324381206667e-01,2.327056235838e-01,2.022586081327e+04
1465,0.000000000000e+00,3,3.851234824289e+00,5.730650018362e-08,3.052349041631e-03,3.384214859953e-03,1.009961591335e-02,2.315400341536e-01,2.318050029709e-01,1.985654326952e+04
1466,0.000000000000e+00,3,3.854783576658e+00,5.735941794003e-08,3.029510103608e-03,3.379045144586e-03,1.002569648575e-02,2.310389696148e-01,2.313009207683e-01,1.947839549903e+04
1467,0.000000000000e+00,3,3.858335599054e+00,5.741237881022e-08,3.007965998109e-03,3.373845289025e-03,9.950248255364e-03,2.308952372850e-01,2.311537339796e-01,1.909136757315e+04
1468,0.000000000000e+00,3,3.861890894490e+00,5.746538288485e-08,2.987544190003e-03,3.368584831821e-03,9.872474390402e-03,2.310928365132e-01,2.313474391956e-01,1.869551921829e+04
1469,0.000000000000e+00,3,3.865449465983e+00,5.751843026120e-08,2.968884751512e-03,3.363252094985e-03,9.794655408616e-03,2.316772746422e-01,2.319276193159e-01,1.829097439271e+04
1470,0.000000000000e+00,3,3.869011316551e+00,5.757152099423e-08,2.952163746301e-03,3.357830340223e-03,9.717237567434e-03,2.326265581990e-01,2.328723482529e-01,1.787790303715e+04
1471,0.000000000000e+00,3,3.872576449216e+00,5.762465513871e-08,2.937556911172e-03,3.352315984885e-03,9.640560620933e-03,2.339344888324e-01,2.341754742440e-01,1.745648401450e+04
1472,0.000000000000e+00,3,3.876144867002e+00,5.767783275006e-08,2.925020143703e-03,3.346688184733e-03,9.564365313768e-03,2.355782495349e-01,2.358142167098e-01,1.702574852785e+04
1473,0.000000000000e+00,3,3.879716572937e+00,5.773105389701e-08,2.914533739786e-03,3.340985207369e-03,9.488859341197e-03,2.375383624765e-01,2.377691502039e-01,1.658273134614e+04
1474,0.000000000000e+00,3,3.883291570050e+00,5.778431866022e-08,2.906129186951e-03,3.335172432114e-03,9.413716435365e-03,2.397976802502e-01,2.400231540342e-01,1.613237796799e+04
1475,0.000000000000e+00,3,3.886869861373e+00,5.783762713621e-08,2.899664001486e-03,3.329240725899e-03,9.338410439838e-03,2.423291963338e-01,2.425492469592e-01,1.567592411274e+04
1476,0.000000000000e+00,3,3.890451449943e+00,5.789097943593e-08,2.894871805547e-03,3.323212896796e-03,9.262223301547e-03,2.451003611810e-01,2.453148993809e-01,1.521307822696e+04
1477,0.000000000000e+00,3,3.894036338797e+00,5.794437567120e-08,2.891578786583e-03,3.317056420861e-03,9.184194693923e-03,2.480919025961e-01,2.483008370044e-01,1.474410229531e+04
1478,0.000000000000e+00,3,3.897624530977e+00,5.799781600884e-08,2.889502512456e-03,3.310789795195e-03,9.104350095687e-03,2.512761029263e-01,2.514793821496e-01,1.426913719805e+04
1479,0.000000000000e+00,3,3.901216029527e+00,5.805130045462e-08,2.888311015065e-03,3.304426882395e-03,9.022855210852e-03,2.546232903475e-01,2.548209047176e-01,1.378833998520e+04
1480,0.000000000000e+00,3,3.904810837493e+00,5.810482901096e-08,2.887992880437e-03,3.297971039885e-03,8.939777311390e-03,2.581260795657e-01,2.583180398002e-01,1.330299396893e+04
1481,0.000000000000e+00,3,3.908408957924e+00,5.815840182464e-08,2.888631609816e-03,3.291392501841e-03,8.854734291025e-03,2.617790493509e-01,2.619653688097e-01,1.283286450237e+04
1482,0.000000000000e+00,3,3.912010393874e+00,5.821201898874e-08,2.890372965262e-03,3.284730145152e-03,8.767447773440e-03,2.655741749028e-01,2.657548761994e-01,1.236123188736e+04
1483,0.000000000000e+00,3,3.915615148396e+00,5.826568055114e-08,2.893369984378e-03,3.277977740395e-03,8.677751934090e-03,2.695020502378e-01,2.696771684606e-01,1.188306377368e+04
1484,0.000000000000e+00,3,3.919223224550e+00,5.831938656605e-08,2.897672688534e-03,3.271190866647e-03,8.585828737062e-03,2.735468982788e-01,2.737164942231e-01,1.139939916769e+04
1485,0.000000000000e+00,3,3.922834625395e+00,5.837313696813e-08,2.903558183742e-03,3.264359314752e-03,8.491215735098e-03,2.777026080845e-01,2.778667413949e-01,1.091017533632e+04
1486,0.000000000000e+00,3,3.926449353996e+00,5.842693174000e-08,2.911187712742e-03,3.257484859280e-03,8.396622650636e-03,2.819530549428e-01,2.821118832751e-01,1.041594208064e+04
1487,0.000000000000e+00,3,3.930067413419e+00,5.848077140869e-08,2.920117569563e-03,3.250537277621e-03,8.303740690956e-03,2.862695383124e-01,2.864232772564e-01,9.918441797622e+03
1488,0.000000000000e+00,3,3.933688806732e+00,5.853465602632e-08,2.929688672805e-03,3.243530943995e-03,8.213395620818e-03,2.906293528281e-01,2.907782388034e-01,9.417955705686e+03
1489,0.000000000000e+00,3,3.937313537009e+00,5.858858669129e-08,2.939831131054e-03,3.236407022475e-03,8.123276851816e-03,2.950307147246e-01,2.951749094947e-01,8.910958565886e+03
1490,0.000000000000e+00,3,3.940941607323e+00,5.864256558031e-08,2.950853004580e-03,3.229136131392e-03,8.031177763336e-03,2.994778917901e-01,2.996174933827e-01,8.396269696941e+03
1491,0.000000000000e+00,3,3.944573020753e+00,5.869658928807e-08,2.962827081845e-03,3.221780150550e-03,7.935308836539e-03,3.039604096720e-01,3.040954751158e-01,7.877630685261e+03
1492,0.000000000000e+00,3,3.948207780379e+00,5.875065556486e-08,2.976020762433e-03,3.214328488356e-03,7.835865069408e-03,3.084736325424e-01,3.086042309537e-01,7.355630019428e+03
1493,0.000000000000e+00,3,3.951845889284e+00,5.880476665723e-08,2.990352727588e-03,3.206851333883e-03,7.734088254060e-03,3.129989978741e-01,3.131252383572e-01,6.831068452365e+03
1494,0.000000000000e+00,3,3.955487350556e+00,5.885892296196e-08,3.005675777804e-03,3.199321782070e-03,7.632012821522e-03,3.175219781196e-01,3.176440208086e-01,6.328170320192e+03
1495,0.000000000000e+00,3,3.959132167282e+00,5.891312454940e-08,3.021798652621e-03,3.191744775784e-03,7.529860704758e-03,3.220374972110e-01,3.221555011388e-01,6.378241823654e+03
1496,0.000000000000e+00,3,3.962780342554e+00,5.896737174603e-08,3.038449895315e-03,3.184106324172e-03,7.426588622959e-03,3.265355821425e-01,3.266496767709e-01,6.611463042199e+03
1497,0.000000000000e+00,3,3.966431879469e+00,5.902166383485e-08,3.055572322257e-03,3.176375756481e-03,7.321543887763e-03,3.310074595786e-01,3.311177572809e-01,6.847947330743e+03
1498,0.000000000000e+00,3,3.970086781122e+00,5.907600086890e-08,3.073010810281e-03,3.168546641031e-03,7.213975845257e-03,3.354409959740e-01,3.355475917225e-01,7.081532814463e+03
1499,0.000000000000e+00,3,3.973745050615e+00,5.913038294358e-08,3.090793150464e-03,3.160623395641e-03,7.104692610613e-03,3.398319168072e-01,3.399349215372e-01,7.312439007316e+03
1500,0.000000000000e+00,3,3.977406691050e+00,5.918481016044e-08,3.108722808145e-03,3.152627327812e-03,6.994516432460e-03,3.441713460894e-01,3.442708845454e-01,7.572170233080e+03
1501,0.000000000000e+00,3,3.981071705535e+00,5.923928262299e-08,3.126606988485e-03,3.144566116504e-03,6.883484282771e-03,3.484544009771e-01,3.485505930041e-01,8.096599661495e+03
1502,0.000000000000e+00,3,3.984740097178e+00,5.929380043675e-08,3.144499356279e-03,3.136483607238e-03,6.771961727830e-03,3.526778690780e-01,3.527708380928e-01,8.624128889438e+03
1503,0.000000000000e+00,3,3.988411869091e+00,5.934836370938e-08,3.162305571139e-03,3.128348054797e-03,6.659180416049e-03,3.568369527857e-01,3.569268024333e-01,9.146017950889e+03
1504,0.000000000000e+00,3,3.992087024388e+00,5.940297241521e-08,3.180059847546e-03,3.120164602268e-03,6.545576647697e-03,3.609259375046e-01,3.610127769830e-01,9.663695304959e+03
1505,0.000000000000e+00,3,3.995765566188e+00,5.945762660609e-08,3.197708800921e-03,3.111928634513e-03,6.430723850385e-03,3.649430583772e-01,3.650269846303e-01,1.017687776122e+04
1506,0.000000000000e+00,3,3.999447497611e+00,5.951232685613e-08,3.215376745185e-03,3.103661560462e-03,6.315741711159e-03,3.688832716206e-01,3.689643994175e-01,1.068566350659e+04
1507,0.000000000000e+00,3,4.003132821780e+00,5.956707325456e-08,3.232971009872e-03,3.095371599598e-03,6.199678300602e-03,3.727404317323e-01,3.728188553251e-01,1.118988013939e+04
1508,0.000000000000e+00,3,4.006821541822e+00,5.962186589026e-08,3.250483800412e-03,3.087028034730e-03,6.082992383918e-03,3.765105802529e-01,3.765863980891e-01,1.168921367524e+04
1509,0.000000000000e+00,3,4.010513660866e+00,5.967670485443e-08,3.267884120032e-03,3.078646619358e-03,5.965838747291e-03,3.801918092521e-01,3.802651182872e-01,1.218201592678e+04
1510,0.000000000000e+00,3,4.014209182043e+00,5.973159024142e-08,3.285143515960e-03,3.070215736514e-03,5.848845656678e-03,3.837797288070e-01,3.838506319277e-01,1.266874923054e+04
1511,0.000000000000e+00,3,4.017908108489e+00,5.978652212140e-08,3.302230471455e-03,3.061818659851e-03,5.731883053264e-03,3.872679188706e-01,3.873365138084e-01,1.314360178159e+04
1512,0.000000000000e+00,3,4.021610443342e+00,5.984150058268e-08,3.319049646791e-03,3.053404410492e-03,5.614201085112e-03,3.906562845949e-01,3.907226526788e-01,1.361143448554e+04
1513,0.000000000000e+00,3,4.025316189742e+00,5.989652579771e-08,3.335624428654e-03,3.045034740662e-03,5.496468150270e-03,3.939440938616e-01,3.940083233606e-01,1.407331724888e+04
1514,0.000000000000e+00,3,4.029025350833e+00,5.995159780465e-08,3.351844396991e-03,3.036715605092e-03,5.378149530176e-03,3.971275361377e-01,3.971897039875e-01,1.452874780582e+04
1515,0.000000000000e+00,3,4.032737929761e+00,6.000671669297e-08,3.367640605369e-03,3.028421707560e-03,5.259106372689e-03,4.002051702867e-01,4.002653480697e-01,1.497751534008e+04
1516,0.000000000000e+00,3,4.036453929676e+00,6.006188259793e-08,3.383010535015e-03,3.020144055025e-03,5.139766131676e-03,4.031771411907e-01,4.032354032138e-01,1.541943776598e+04
1517,0.000000000000e+00,3,4.040173353730e+00,6.011709561823e-08,3.397952589756e-03,3.011908926273e-03,5.019899432987e-03,4.060406019582e-01,4.060970173568e-01,1.585435029532e+04
1518,0.000000000000e+00,3,4.043896205078e+00,6.017235585410e-08,3.412497964992e-03,3.003721737139e-03,4.900441961470e-03,4.087934943642e-01,4.088481415545e-01,1.628199491594e+04
1519,0.000000000000e+00,3,4.047622486879e+00,6.022766342758e-08,3.426631578840e-03,2.995575333611e-03,4.780873467355e-03,4.114332980030e-01,4.114862461035e-01,1.670215897980e+04
1520,0.000000000000e+00,3,4.051352202293e+00,6.028301844104e-08,3.440339186625e-03,2.987483206340e-03,4.661199345779e-03,4.139611219805e-01,4.140124373498e-01,1.711504422808e+04
1521,0.000000000000e+00,3,4.055085354484e+00,6.033842099567e-08,3.453535654266e-03,2.979476796061e-03,4.541885987017e-03,4.163746227191e-01,4.164243741225e-01,1.752077005231e+04
1522,0.000000000000e+00,3,4.058821946619e+00,6.039387119572e-08,3.466173227507e-03,2.971552958879e-03,4.422330858439e-03,4.186729849165e-01,4.187212316003e-01,1.791877193075e+04
1523,0.000000000000e+00,3,4.062561981868e+00,6.044936914612e-08,3.478193449767e-03,2.963746920949e-03,4.302672599081e-03,4.208559110564e-01,4.209027114287e-01,1.830894028092e+04
1524,0.000000000000e+00,3,4.066305463404e+00,6.050491495056e-08,3.489568768803e-03,2.956038833698e-03,4.183534696331e-03,4.229249012413e-01,4.229703172898e-01,1.869120911469e+04
1525,0.000000000000e+00,3,4.070052394402e+00,6.056050893460e-08,3.500360152578e-03,2.948435847646e-03,4.065335689957e-03,4.248765679459e-01,4.249206640526e-01,1.906554929974e+04
1526,0.000000000000e+00,3,4.073802778041e+00,6.061615094658e-08,3.510616031337e-03,2.940933492899e-03,3.948533526284e-03,4.267061474810e-01,4.267489903091e-01,1.943198492549e+04
1527,0.000000000000e+00,3,4.077556617502e+00,6.067184109428e-08,3.520321018022e-03,2.933530683030e-03,3.832775756868e-03,4.284142436867e-01,4.284558934429e-01,1.979057310335e+04
1528,0.000000000000e+00,3,4.081313915970e+00,6.072757948649e-08,3.529385189807e-03,2.926200607354e-03,3.717357971744e-03,4.299984436189e-01,4.300389511134e-01,2.014152033923e+04
1529,0.000000000000e+00,3,4.085074676631e+00,6.078336623294e-08,3.537763721266e-03,2.918985194756e-03,3.603746585185e-03,4.314504292906e-01,4.314898563944e-01,2.048505074130e+04
1530,0.000000000000e+00,3,4.088838902677e+00,6.083920144428e-08,3.545499713414e-03,2.911896377128e-03,3.492017652065e-03,4.327763962025e-01,4.328148022030e-01,2.082163712030e+04
1531,0.000000000000e+00,3,4.092606597300e+00,6.089508523203e-08,3.552554598098e-03,2.904938541321e-03,3.382325433853e-03,4.339704508738e-01,4.340078935562e-01,2.115219911258e+04
1532,0.000000000000e+00,3,4.096377763697e+00,6.095101770859e-08,3.558907293816e-03,2.898116382731e-03,3.274540066501e-03,4.350339956722e-01,4.350705286535e-01,2.147793473858e+04
1533,0.000000000000e+00,3,4.100152405066e+00,6.100699898714e-08,3.564546852878e-03,2.891435940428e-03,3.168917205778e-03,4.359679938193e-01,4.360036697864e-01,2.180043338761e+04
1534,0.000000000000e+00,3,4.103930524610e+00,6.106302918165e-08,3.569452769639e-03,2.884902777688e-03,3.065905996597e-03,4.367710295868e-01,4.368059016577e-01,2.212209478091e+04
1535,0.000000000000e+00,3,4.107712125534e+00,6.111910840682e-08,3.573643332892e-03,2.878496695928e-03,2.965522638493e-03,4.374474268019e-01,4.374815449936e-01,2.244476597552e+04
1536,0.000000000000e+00,3,4.111497211045e+00,6.117523678556e-08,3.577076526221e-03,2.872220522530e-03,2.867719414312e-03,4.379953408291e-01,4.380287519443e-01,2.275425960708e+04
1537,0.000000000000e+00,3,4.115285784355e+00,6.123141443270e-08,3.579758556730e-03,2.866083463316e-03,2.772951007671e-03,4.384179896603e-01,4.384507407005e-01,2.303520386973e+04
1538,0.000000000000e+00,3,4.119077848677e+00,6.128764146430e-08,3.581724417110e-03,2.860085185092e-03,2.681347666579e-03,4.387223014373e-01,4.387544372891e-01,2.330652448091e+04
1539,0.000000000000e+00,3,4.122873407229e+00,6.134391799690e-08,3.582980322293e-03,2.854229451888e-03,2.593400385649e-03,4.389081530067e-01,4.389397189536e-01,2.356623435444e+04
1540,0.000000000000e+00,3,4.126672463229e+00,6.140024414706e-08,3.583549869400e-03,2.848519709432e-03,2.509511261076e-03,4.389788959889e-01,4.390099368632e-01,2.378639335963e+04
1541,0.000000000000e+00,3,4.130475019902e+00,6.145662003253e-08,3.583426960472e-03,2.842953650492e-03,2.430096599289e-03,4.389349636442e-01,4.389655237180e-01,2.397725175925e+04
1542,0.000000000000e+00,3,4.134281080471e+00,6.151304577145e-08,3.582590550862e-03,2.837506894979e-03,2.356364670502e-03,4.387659151518e-01,4.387960427737e-01,2.416263494923e+04
1543,0.000000000000e+00,3,4.138090648167e+00,6.156952148235e-08,3.581021960204e-03,2.832230780095e-03,2.288368042522e-03,4.384698082867e-01,4.384995492092e-01,2.434121780353e+04
1544,0.000000000000e+00,3,4.141903726221e+00,6.162604728432e-08,3.578731500215e-03,2.827106184818e-03,2.226055947211e-03,4.380509064506e-01,4.380803029306e-01,2.451208491608e+04
1545,0.000000000000e+00,3,4.145720317867e+00,6.168262328281e-08,3.575704397131e-03,2.822116085445e-03,2.169771994596e-03,4.375096802943e-01,4.375387734395e-01,2.467515668093e+04
1546,0.000000000000e+00,3,4.149540426344e+00,6.173924959772e-08,3.571913912903e-03,2.817261214914e-03,2.120093372281e-03,4.368429872280e-01,4.368718185188e-01,2.483004790423e+04
1547,0.000000000000e+00,3,4.153364054891e+00,6.179592635160e-08,3.567374914195e-03,2.812539528344e-03,2.077939118551e-03,4.360483847799e-01,4.360769980663e-01,2.497655670881e+04
1548,0.000000000000e+00,3,4.157191206752e+00,6.185265358353e-08,3.562063626983e-03,2.807945401386e-03,2.043015640522e-03,4.351270748444e-01,4.351555101687e-01,2.511464947465e+04
1549,0.000000000000e+00,3,4.161021885175e+00,6.190943141583e-08,3.556009136475e-03,2.803472902282e-03,2.014913643518e-03,4.340888547127e-01,4.341171481571e-01,2.524429461921e+04
1550,0.000000000000e+00,3,4.164856093407e+00,6.196625997302e-08,3.549173739526e-03,2.799113740930e-03,1.995152403785e-03,4.329227745130e-01,4.329509683522e-01,2.536533858043e+04
1551,0.000000000000e+00,3,4.168693834703e+00,6.202313948682e-08,3.541603479215e-03,2.794870315136e-03,1.982687739511e-03,4.316396172519e-01,4.316677477961e-01,2.547780834468e+04
1552,0.000000000000e+00,3,4.172535112318e+00,6.208007013318e-08,3.533278845621e-03,2.790740328855e-03,1.977672862425e-03,4.302395107566e-01,4.302676145110e-01,2.558171831386e+04
1553,0.000000000000e+00,3,4.176379929510e+00,6.213705201995e-08,3.524181793534e-03,2.786718790156e-03,1.980703941839e-03,4.287149293448e-01,4.287430459963e-01,2.568253663843e+04
1554,0.000000000000e+00,3,4.180228289540e+00,6.219408526555e-08,3.514340628236e-03,2.782804057676e-03,1.990931998770e-03,4.270721862829e-01,4.271003520194e-01,2.577600302195e+04
1555,0.000000000000e+00,3,4.184080195674e+00,6.225116998934e-08,3.503742080501e-03,2.778990409584e-03,2.008345651083e-03,4.253109617528e-01,4.253392136115e-01,2.585894907919e+04
1556,0.000000000000e+00,3,4.187935651179e+00,6.230830631166e-08,3.492346925961e-03,2.775266878339e-03,2.032294855131e-03,4.234276956754e-01,4.234560688911e-01,2.593232776551e+04
1557,0.000000000000e+00,3,4.191794659326e+00,6.236549435419e-08,3.480191311644e-03,2.771633105261e-03,2.062352914226e-03,4.214286591496e-01,4.214571884946e-01,2.599612202255e+04
1558,0.000000000000e+00,3,4.195657223387e+00,6.242273423406e-08,3.467293653634e-03,2.768092499018e-03,2.097777374075e-03,4.193168849850e-01,4.193456034881e-01,2.605031818804e+04
1559,0.000000000000e+00,3,4.199523346641e+00,6.248002606049e-08,3.453632718544e-03,2.764632674706e-03,2.138567950067e-03,4.170881303196e-01,4.171170731331e-01,2.609488956642e+04
1560,0.000000000000e+00,3,4.203393032365e+00,6.253736988716e-08,3.439250922942e-03,2.761247486843e-03,2.183933297462e-03,4.147499091503e-01,4.147791094540e-01,2.612980936032e+04
1561,0.000000000000e+00,3,4.207266283844e+00,6.259476594967e-08,3.424165967064e-03,2.757934828873e-03,2.233199173436e-03,4.123072995728e-01,4.123367890168e-01,2.615505282099e+04
1562,0.000000000000e+00,3,4.211143104363e+00,6.265221440329e-08,3.408369122850e-03,2.754689725604e-03,2.286393846658e-03,4.097581276755e-01,4.097879403893e-01,2.617059940485e+04
1563,0.000000000000e+00,3,4.215023497210e+00,6.270971530020e-08,3.391865456951e-03,2.751520323219e-03,2.342955511900e-03,4.071034553336e-01,4.071336247480e-01,2.617642945425e+04
1564,0.000000000000e+00,3,4.218907465678e+00,6.276726876174e-08,3.374648958334e-03,2.748410114228e-03,2.402320345626e-03,4.043439340643e-01,4.043744924836e-01,2.617252711663e+04
1565,0.000000000000e+00,3,4.222795013061e+00,6.282487490812e-08,3.356737442744e-03,2.745359221657e-03,2.464419568486e-03,4.014818134741e-01,4.015127950611e-01,2.615888169346e+04
1566,0.000000000000e+00,3,4.226686142656e+00,6.288253385836e-08,3.338132531347e-03,2.742349081425e-03,2.528778521347e-03,3.985148879004e-01,3.985463262990e-01,2.613549547261e+04
1567,0.000000000000e+00,3,4.230580857765e+00,6.294024573320e-08,3.318870244091e-03,2.739361726584e-03,2.594797711034e-03,3.954476566900e-01,3.954795837451e-01,2.610234869871e+04
1568,0.000000000000e+00,3,4.234479161692e+00,6.299801065321e-08,3.298994672217e-03,2.736381849298e-03,2.661767045395e-03,3.922885011033e-01,3.923209454683e-01,2.605949765482e+04
1569,0.000000000000e+00,3,4.238381057744e+00,6.305582873871e-08,3.278491960599e-03,2.733407548465e-03,2.729517720814e-03,3.890340827719e-01,3.890670737181e-01,2.600697994970e+04
1570,0.000000000000e+00,3,4.242286549230e+00,6.311370005687e-08,3.257394214137e-03,2.730441829266e-03,2.797881662129e-03,3.856903741934e-01,3.857239412026e-01,2.594483780274e+04
1571,0.000000000000e+00,3,4.246195639463e+00,6.317162482461e-08,3.235766361647e-03,2.727484486986e-03,2.866744421858e-03,3.822644139159e-01,3.822985871352e-01,2.587312510836e+04
1572,0.000000000000e+00,3,4.250108331760e+00,6.322960336165e-08,3.213636492575e-03,2.724529956781e-03,2.935908151012e-03,3.787576079276e-01,3.787924176151e-01,2.579190894091e+04
1573,0.000000000000e+00,3,4.254024629441e+00,6.328763576571e-08,3.191075754016e-03,2.721577997562e-03,3.005213520918e-03,3.751796675590e-01,3.752151438964e-01,2.570127062177e+04
1574,0.000000000000e+00,3,4.257944535826e+00,6.334572204614e-08,3.168063998327e-03,2.718621790851e-03,3.074365087954e-03,3.715286408649e-01,3.715648129702e-01,2.567626825724e+04
1575,0.000000000000e+00,3,4.261868054242e+00,6.340386232353e-08,3.144529368880e-03,2.715654355055e-03,3.143156905212e-03,3.677941551275e-01,3.678310520127e-01,2.565737783454e+04
1576,0.000000000000e+00,3,4.265795188016e+00,6.346205670939e-08,3.120468767691e-03,2.712667122647e-03,3.211474904782e-03,3.639774529531e-01,3.640151036942e-01,2.562731032991e+04
1577,0.000000000000e+00,3,4.269725940480e+00,6.352030529277e-08,3.095917764653e-03,2.709656127071e-03,3.279140917455e-03,3.600845199969e-01,3.601229529614e-01,2.558575380036e+04
1578,0.000000000000e+00,3,4.273660314969e+00,6.357860819905e-08,3.070891013660e-03,2.706618381672e-03,3.346064048358e-03,3.561174893924e-01,3.561567331253e-01,2.553214454681e+04
1579,0.000000000000e+00,3,4.277598314820e+00,6.363696547864e-08,3.045412851758e-03,2.703553145960e-03,3.412173162483e-03,3.520803025612e-01,3.521203858289e-01,2.546655906974e+04
1580,0.000000000000e+00,3,4.281539943374e+00,6.369537724901e-08,3.019498461874e-03,2.700456562907e-03,3.477370194601e-03,3.479758460166e-01,3.480167975128e-01,2.538946783866e+04
1581,0.000000000000e+00,3,4.285485203974e+00,6.375384362634e-08,2.993145435766e-03,2.697322763347e-03,3.541618069249e-03,3.438040309391e-01,3.438458800367e-01,2.530124671325e+04
1582,0.000000000000e+00,3,4.289434099968e+00,6.381236473008e-08,2.966371404046e-03,2.694145456214e-03,3.604809304374e-03,3.395671822371e-01,3.396099581603e-01,2.520205752328e+04
1583,0.000000000000e+00,3,4.293386634704e+00,6.387094067899e-08,2.939205079122e-03,2.690919191043e-03,3.666866393361e-03,3.352698759351e-01,3.353136078230e-01,2.509723665355e+04
1584,0.000000000000e+00,3,4.297342811537e+00,6.392957158695e-08,2.911656405132e-03,2.687640258017e-03,3.727749773303e-03,3.309136021967e-01,3.309583197177e-01,2.498927535037e+04
1585,0.000000000000e+00,3,4.301302633821e+00,6.398825756662e-08,2.883730382074e-03,2.684303091129e-03,3.787372941374e-03,3.264996501982e-01,3.265453829980e-01,2.487326736147e+04
1586,0.000000000000e+00,3,4.305266104917e+00,6.404699872976e-08,2.855420081525e-03,2.680904944142e-03,3.845685916214e-03,3.220285147430e-01,3.220752928787e-01,2.474887241404e+04
1587,0.000000000000e+00,3,4.309233228186e+00,6.410579518757e-08,2.826736026748e-03,2.677441707891e-03,3.902674550816e-03,3.175026487171e-01,3.175505029782e-01,2.461342957969e+04
1588,0.000000000000e+00,3,4.313204006994e+00,6.416464705010e-08,2.797690081369e-03,2.673905687466e-03,3.958212399940e-03,3.129246709890e-01,3.129736314778e-01,2.447203907566e+04
1589,0.000000000000e+00,3,4.317178444709e+00,6.422355442645e-08,2.768282950783e-03,2.670272590339e-03,4.012034197777e-03,3.082959661709e-01,3.083460603314e-01,2.432052695671e+04
1590,0.000000000000e+00,3,4.321156544703e+00,6.428251742483e-08,2.738552216279e-03,2.666518394201e-03,4.063674564539e-03,3.036214452425e-01,3.036726946084e-01,2.415870830549e+04
1591,0.000000000000e+00,3,4.325138310350e+00,6.434153614071e-08,2.708575983980e-03,2.662636759472e-03,4.112931639655e-03,2.989092086985e-01,2.989616317687e-01,2.398524343719e+04
1592,0.000000000000e+00,3,4.329123745028e+00,6.440061067338e-08,2.678362489475e-03,2.658643273231e-03,4.160098480456e-03,2.941605363247e-01,2.942141559475e-01,2.380055004193e+04
1593,0.000000000000e+00,3,4.333112852118e+00,6.445974112858e-08,2.647963887530e-03,2.654541567455e-03,4.205265921584e-03,2.893810737222e-01,2.894359141395e-01,2.360799081882e+04
1594,0.000000000000e+00,3,4.337105635004e+00,6.451892761150e-08,2.617426938611e-03,2.650337759236e-03,4.248562589295e-03,2.845760519022e-01,2.846321394613e-01,2.340547737054e+04
1595,0.000000000000e+00,3,4.341102097073e+00,6.457817022607e-08,2.586731647114e-03,2.646036197263e-03,4.290082115016e-03,2.797436959183e-01,2.798010595026e-01,2.319392924166e+04
1596,0.000000000000e+00,3,4.345102241716e+00,6.463746907539e-08,2.555917528304e-03,2.641634176705e-03,4.329821305280e-03,2.748882433838e-01,2.749469124189e-01,2.297361175435e+04
1597,0.000000000000e+00,3,4.349106072325e+00,6.469682426226e-08,2.525002481960e-03,2.637133087292e-03,4.367835203220e-03,2.700122753782e-01,2.700722809688e-01,2.274430023893e+04
1598,0.000000000000e+00,3,4.353113592296e+00,6.475623588848e-08,2.494011825429e-03,2.632532412121e-03,4.404159485743e-03,2.651194723007e-01,2.651808468492e-01,2.250491752835e+04
1599,0.000000000000e+00,3,4.357124805031e+00,6.481570405687e-08,2.462936737587e-03,2.627832989755e-03,4.438835181785e-03,2.602098989977e-01,2.602726769328e-01,2.225504184619e+04
1600,0.000000000000e+00,3,4.361139713931e+00,6.487522886774e-08,2.431794894364e-03,2.623036140070e-03,4.471919483753e-03,2.552859485583e-01,2.553501665168e-01,2.199566918418e+04
1601,0.000000000000e+00,3,4.365158322402e+00,6.493481041992e-08,2.400603912757e-03,2.618136644764e-03,4.503322940826e-03,2.503500240127e-01,2.504157183152e-01,2.172812030844e+04
1602,0.000000000000e+00,3,4.369180633853e+00,6.499444881091e-08,2.369404467139e-03,2.613131535874e-03,4.533057072739e-03,2.454075837947e-01,2.454747916270e-01,2.145277732493e+04
1603,0.000000000000e+00,3,4.373206651696e+00,6.505414413696e-08,2.338219897555e-03,2.608019957355e-03,4.561189787941e-03,2.404626372151e-01,2.405313979278e-01,2.116957746619e+04
1604,0.000000000000e+00,3,4.377236379348e+00,6.511389649324e-08,2.307054979535e-03,2.602794035524e-03,4.587638529606e-03,2.355171938713e-01,2.355875465210e-01,2.087829450848e+04
1605,0.000000000000e+00,3,4.381269820225e+00,6.517370597395e-08,2.275937953130e-03,2.597444993375e-03,4.612304867384e-03,2.305757172407e-01,2.306476996446e-01,2.057894791814e+04
1606,0.000000000000e+00,3,4.385306977750e+00,6.523357267238e-08,2.244941140142e-03,2.591969304195e-03,4.635125616225e-03,2.256476846342e-01,2.257213327000e-01,2.027563095628e+04
1607,0.000000000000e+00,3,4.389347855347e+00,6.529349675463e-08,2.214077240552e-03,2.586357320544e-03,4.656016057652e-03,2.207355699459e-01,2.208109184508e-01,1.996601679152e+04
1608,0.000000000000e+00,3,4.393392456445e+00,6.535347833644e-08,2.183284050071e-03,2.580581256991e-03,4.674690486999e-03,2.158332139923e-01,2.159102941554e-01,1.964957430609e+04
1609,0.000000000000e+00,3,4.397440784474e+00,6.541351749827e-08,2.152608572432e-03,2.574608119138e-03,4.690498380086e-03,2.109491116597e-01,2.110279384719e-01,1.932388142514e+04
1610,0.000000000000e+00,3,4.401492842868e+00,6.547361432824e-08,2.122091973289e-03,2.568449583156e-03,4.703588812289e-03,2.060914053755e-01,2.061719945215e-01,1.898850554260e+04
1611,0.000000000000e+00,3,4.405548635066e+00,6.553376891446e-08,2.091838628195e-03,2.562119680324e-03,4.714096150517e-03,2.012707731851e-01,2.013531402466e-01,1.864849091162e+04
1612,0.000000000000e+00,3,4.409608164506e+00,6.559398134434e-08,2.061862661474e-03,2.555657345484e-03,4.722543832516e-03,1.964901893203e-01,1.965743614551e-01,1.830666520271e+04
1613,0.000000000000e+00,3,4.413671434634e+00,6.565425170404e-08,2.032185855464e-03,2.549088618192e-03,4.729365215919e-03,1.917526432761e-01,1.918386580720e-01,1.796211057987e+04
1614,0.000000000000e+00,3,4.417738448896e+00,6.571458008481e-08,2.002832542226e-03,2.542416396269e-03,4.734696198663e-03,1.870618849014e-01,1.871497831959e-01,1.761148785899e+04
1615,0.000000000000e+00,3,4.421809210743e+00,6.577496660578e-08,1.973831497883e-03,2.535644451974e-03,4.738625549201e-03,1.824238608287e-01,1.825136846248e-01,1.725485819826e+04
1616,0.000000000000e+00,3,4.425883723626e+00,6.583541129521e-08,1.945188357871e-03,2.528774513965e-03,4.741181494143e-03,1.778408971654e-01,1.779326894217e-01,1.689235084766e+04
1617,0.000000000000e+00,3,4.429961991004e+00,6.589591421046e-08,1.916922863828e-03,2.521811253114e-03,4.742421164518e-03,1.733175506670e-01,1.734113550289e-01,1.652420640908e+04
1618,0.000000000000e+00,3,4.434044016334e+00,6.595647544888e-08,1.889079069772e-03,2.514753601903e-03,4.742338767032e-03,1.688615441127e-01,1.689574013250e-01,1.615077885668e+04
1619,0.000000000000e+00,3,4.438129803081e+00,6.601709508704e-08,1.861652994812e-03,2.507602783467e-03,4.740994549329e-03,1.644749661116e-01,1.645729179736e-01,1.577413164005e+04
1620,0.000000000000e+00,3,4.442219354711e+00,6.607777320037e-08,1.834685898658e-03,2.500351241767e-03,4.738283589613e-03,1.601651896372e-01,1.602652711338e-01,1.539260674299e+04
1621,0.000000000000e+00,3,4.446312674691e+00,6.613850986371e-08,1.808199927651e-03,2.492989272174e-03,4.733943303876e-03,1.559388501206e-01,1.560410836242e-01,1.500516895965e+04
1622,0.000000000000e+00,3,4.450409766495e+00,6.619930515140e-08,1.782183325336e-03,2.485508064413e-03,4.727876008515e-03,1.517987574626e-01,1.519031583163e-01,1.461094816659e+04
1623,0.000000000000e+00,3,4.454510633599e+00,6.626015913680e-08,1.756684121793e-03,2.477900644456e-03,4.720053949584e-03,1.477551235820e-01,1.478616968140e-01,1.421385418241e+04
1624,0.000000000000e+00,3,4.458615279481e+00,6.632107184130e-08,1.731744406356e-03,2.470154861368e-03,4.710341349111e-03,1.438175230554e-01,1.439262584004e-01,1.382036354387e+04
1625,0.000000000000e+00,3,4.462723707623e+00,6.638204333397e-08,1.707409989314e-03,2.462272943378e-03,4.698636968301e-03,1.399980473594e-01,1.401089165283e-01,1.342361438059e+04
1626,0.000000000000e+00,3,4.466835921510e+00,6.644307369040e-08,1.683675955564e-03,2.454259370319e-03,4.685043521021e-03,1.363031069854e-01,1.364160722219e-01,1.300764561541e+04
1627,0.000000000000e+00,3,4.470951924630e+00,6.650416298699e-08,1.660328279737e-03,2.446080151285e-03,4.669122572970e-03,1.327155605044e-01,1.328305714197e-01,1.259629921777e+04
1628,0.000000000000e+00,3,4.475071720477e+00,6.656531129964e-08,1.637055049500e-03,2.437693603127e-03,4.649947977904e-03,1.292174874104e-01,1.293344631882e-01,1.218194354651e+04
1629,0.000000000000e+00,3,4.479195312543e+00,6.662651870173e-08,1.614122586997e-03,2.429187972633e-03,4.628805993314e-03,1.258551525311e-01,1.259740116432e-01,1.176481732734e+04
1630,0.000000000000e+00,3,4.483322704327e+00,6.668778526681e-08,1.591647888920e-03,2.420594041576e-03,4.606219372550e-03,1.226342309249e-01,1.227548959103e-01,1.134505492742e+04
1631,0.000000000000e+00,3,4.487453899331e+00,6.674911106861e-08,1.569585796401e-03,2.411898001769e-03,4.581905727268e-03,1.195528569738e-01,1.196752285239e-01,1.092320697516e+04
1632,0.000000000000e+00,3,4.491588901059e+00,6.681049620304e-08,1.548158628696e-03,2.403132156644e-03,4.556410308048e-03,1.166461315370e-01,1.167700848537e-01,1.049981748762e+04
1633,0.000000000000e+00,3,4.495727713019e+00,6.687194075896e-08,1.527516529257e-03,2.394316128287e-03,4.530177731709e-03,1.139314367694e-01,1.140568316722e-01,1.007534799855e+04
1634,0.000000000000e+00,3,4.499870338722e+00,6.693344479287e-08,1.507761101782e-03,2.385469006593e-03,4.503495502071e-03,1.114203036390e-01,1.115469826605e-01,9.654707937085e+03
1635,0.000000000000e+00,3,4.504016781681e+00,6.699500836052e-08,1.488913803310e-03,2.376584869125e-03,4.476211955847e-03,1.091171091172e-01,1.092448854433e-01,9.576770649140e+03
1636,0.000000000000e+00,3,4.508167045415e+00,6.705663151668e-08,1.470954865391e-03,2.367654887514e-03,4.448101547766e-03,1.070259198312e-01,1.071545734954e-01,9.864376117057e+03
1637,0.000000000000e+00,3,4.512321133443e+00,6.711831431526e-08,1.453896208334e-03,2.358686237338e-03,4.419178079054e-03,1.051549758353e-01,1.052842594730e-01,1.014807686335e+04
1638,0.000000000000e+00,3,4.516479049291e+00,6.718005680527e-08,1.437740084743e-03,2.349672538645e-03,4.389361441490e-03,1.035086487292e-01,1.036382888377e-01,1.042774130969e+04
1639,0.000000000000e+00,3,4.520640796485e+00,6.724185903361e-08,1.422398106937e-03,2.340591037537e-03,4.358166989923e-03,1.020826052986e-01,1.022122962605e-01,1.070334631154e+04
1640,0.000000000000e+00,3,4.524806378555e+00,6.730372105036e-08,1.407698936706e-03,2.331409982401e-03,4.325068692556e-03,1.008661326468e-01,1.009955445706e-01,1.097488681450e+04
1641,0.000000000000e+00,3,4.528975799036e+00,6.736564290613e-08,1.393653040071e-03,2.322172006575e-03,4.290808136308e-03,9.987112308510e-02,9.999993506181e-02,1.124241202914e+04
1642,0.000000000000e+00,3,4.533149061464e+00,6.742762465222e-08,1.380374278118e-03,2.312900859095e-03,4.255795277800e-03,9.910862332585e-02,9.923651522763e-02,1.150664607032e+04
1643,0.000000000000e+00,3,4.537326169379e+00,6.748966631283e-08,1.367843059869e-03,2.303564317986e-03,4.219557124591e-03,9.857024734676e-02,9.869688813500e-02,1.176721662167e+04
1644,0.000000000000e+00,3,4.541507126326e+00,6.755176802080e-08,1.356083699988e-03,2.294169594978e-03,4.182098308885e-03,9.825572994304e-02,9.838079380670e-02,1.201322779887e+04
1645,0.000000000000e+00,3,4.545691935849e+00,6.761392975726e-08,1.345035606481e-03,2.284721284088e-03,4.143342841527e-03,9.815422697039e-02,9.827740652961e-02,1.225679942784e+04
1646,0.000000000000e+00,3,4.549880601500e+00,6.767615157931e-08,1.334827921523e-03,2.275203991212e-03,4.103000819154e-03,9.827162588116e-02,9.839260840038e-02,1.249631894587e+04
1647,0.000000000000e+00,3,4.554073126833e+00,6.773843354026e-08,1.325779777989e-03,2.265634065874e-03,4.061228320833e-03,9.861450244668e-02,9.873299579178e-02,1.273185039277e+04
1648,0.000000000000e+00,3,4.558269515402e+00,6.780077569358e-08,1.317791488762e-03,2.256080333524e-03,4.019407477844e-03,9.916327647176e-02,9.927908898638e-02,1.296336711192e+04
1649,0.000000000000e+00,3,4.562469770769e+00,6.786317809377e-08,1.310727667453e-03,2.246527503718e-03,3.977140983091e-03,9.989884168133e-02,1.000118048658e-01,1.319087074820e+04
1650,0.000000000000e+00,3,4.566673896495e+00,6.792564079606e-08,1.304460298220e-03,2.236938739714e-03,3.934157586186e-03,1.008041733854e-01,1.009141440999e-01,1.341435072204e+04
1651,0.000000000000e+00,3,4.570881896149e+00,6.798816385594e-08,1.299069827177e-03,2.227324348156e-03,3.890474332952e-03,1.018748421317e-01,1.019817032907e-01,1.363378720392e+04
1652,0.000000000000e+00,3,4.575093773298e+00,6.805074736684e-08,1.294744449658e-03,2.217677603643e-03,3.845615798812e-03,1.031061493548e-01,1.032097924269e-01,1.384915038199e+04
1653,0.000000000000e+00,3,4.579309531517e+00,6.811339146833e-08,1.291524492287e-03,2.208003791930e-03,3.799770414109e-03,1.044846428242e-01,1.045849996776e-01,1.406040110197e+04
1654,0.000000000000e+00,3,4.583529174382e+00,6.817609618454e-08,1.289126982081e-03,2.198333285771e-03,3.753406199380e-03,1.059803791017e-01,1.060774402512e-01,1.428538474709e+04
1655,0.000000000000e+00,3,4.587752705471e+00,6.823886141458e-08,1.287576771544e-03,2.188671699045e-03,3.706712175205e-03,1.075844094954e-01,1.076781919395e-01,1.456806314968e+04
1656,0.000000000000e+00,3,4.591980128369e+00,6.830168720116e-08,1.286979436196e-03,2.178999443806e-03,3.659274230820e-03,1.092889058441e-01,1.093794294332e-01,1.484526757808e+04
1657,0.000000000000e+00,3,4.596211446660e+00,6.836457358312e-08,1.287031176118e-03,2.169306919520e-03,3.610838008688e-03,1.110714186989e-01,1.111587178078e-01,1.511692243309e+04
1658,0.000000000000e+00,3,4.600446663935e+00,6.842752060237e-08,1.287601724212e-03,2.159618443929e-03,3.561852604367e-03,1.129187792523e-01,1.130029175368e-01,1.538294714626e+04
1659,0.000000000000e+00,3,4.604685783786e+00,6.849052827622e-08,1.288753789434e-03,2.149907764633e-03,3.511720086346e-03,1.148259658260e-01,1.149069954162e-01,1.564324172804e+04
1660,0.000000000000e+00,3,4.608928809809e+00,6.855359664229e-08,1.290411336439e-03,2.140186745548e-03,3.460549080467e-03,1.167799485836e-01,1.168579366233e-01,1.589770217295e+04
1661,0.000000000000e+00,3,4.613175745604e+00,6.861672573817e-08,1.292474788830e-03,2.130505481853e-03,3.409152014683e-03,1.187694472259e-01,1.188444927479e-01,1.614623674806e+04
1662,0.000000000000e+00,3,4.617426594773e+00,6.867991554058e-08,1.294883928291e-03,2.120825434051e-03,3.357127901540e-03,1.207861022734e-01,1.208582948542e-01,1.638874957861e+04
1663,0.000000000000e+00,3,4.621681360922e+00,6.874316635295e-08,1.297720054158e-03,2.111132972163e-03,3.304117453099e-03,1.228259036451e-01,1.228953243950e-01,1.662525598583e+04
1664,0.000000000000e+00,3,4.625940047662e+00,6.880647815186e-08,1.300988549978e-03,2.101449261988e-03,3.250242733659e-03,1.248829993957e-01,1.249497349981e-01,1.685301312611e+04
1665,0.000000000000e+00,3,4.630202658603e+00,6.886985095206e-08,1.304606200301e-03,2.091776492644e-03,3.195429420420e-03,1.269473002245e-01,1.270114377908e-01,1.706947248421e+04
1666,0.000000000000e+00,3,4.634469197363e+00,6.893328479156e-08,1.308540041998e-03,2.082113952162e-03,3.139859026909e-03,1.290129003052e-01,1.290745313198e-01,1.728210136308e+04
1667,0.000000000000e+00,3,4.638739667560e+00,6.899677973514e-08,1.312746700995e-03,2.072475634364e-03,3.083523426346e-03,1.310757779195e-01,1.311349920238e-01,1.748831871465e+04
1668,0.000000000000e+00,3,4.643014072818e+00,6.906033582106e-08,1.317230160157e-03,2.062860008801e-03,3.026686461016e-03,1.331327109161e-01,1.331896018221e-01,1.768810522508e+04
1669,0.000000000000e+00,3,4.647292416762e+00,6.912395309836e-08,1.321936971831e-03,2.053265318004e-03,2.969263406603e-03,1.351780639542e-01,1.352327213192e-01,1.788134581303e+04
1670,0.000000000000e+00,3,4.651574703022e+00,6.918763161624e-08,1.326817287796e-03,2.043698385888e-03,2.911249002237e-03,1.372062819241e-01,1.372587932243e-01,1.806806104938e+04
1671,0.000000000000e+00,3,4.655860935230e+00,6.925137140914e-08,1.331884116600e-03,2.034173147678e-03,2.852924124054e-03,1.392127772716e-01,1.392632338682e-01,1.824823824894e+04
1672,0.000000000000e+00,3,4.660151117022e+00,6.931517251179e-08,1.337066622112e-03,2.024677007160e-03,2.793929332346e-03,1.411931878209e-01,1.412416701696e-01,1.842191408926e+04
1673,0.000000000000e+00,3,4.664445252038e+00,6.937903495706e-08,1.342365349274e-03,2.015232365488e-03,2.734724212145e-03,1.431422617793e-01,1.431888575624e-01,1.858904570468e+04
1674,0.000000000000e+00,3,4.668743343920e+00,6.944295873044e-08,1.347828082069e-03,2.005852969535e-03,2.675716978125e-03,1.450557526423e-01,1.451005545221e-01,1.874953590783e+04
1675,0.000000000000e+00,3,4.673045396315e+00,6.950694390532e-08,1.353401450580e-03,1.996522318637e-03,2.616446253134e-03,1.469291092633e-01,1.469721971556e-01,1.890332834533e+04
1676,0.000000000000e+00,3,4.677351412872e+00,6.957099051080e-08,1.359074438290e-03,1.987257046488e-03,2.557214136279e-03,1.487603186535e-01,1.488017742634e-01,1.905036801957e+04
1677,0.000000000000e+00,3,4.681661397244e+00,6.963509857968e-08,1.364826919929e-03,1.978064422576e-03,2.498246805512e-03,1.505422157199e-01,1.505821219213e-01,1.919061154445e+04
1678,0.000000000000e+00,3,4.685975353086e+00,6.969926814716e-08,1.370618352244e-03,1.968935200390e-03,2.439241121183e-03,1.522739806767e-01,1.523124104887e-01,1.932401538753e+04
1679,0.000000000000e+00,3,4.690293284059e+00,6.976349922486e-08,1.376385400697e-03,1.959862837196e-03,2.380039133125e-03,1.539526999534e-01,1.539897201385e-01,1.945053407537e+04
1680,0.000000000000e+00,3,4.694615193826e+00,6.982779187849e-08,1.382089921928e-03,1.950860551921e-03,2.320806037787e-03,1.555768780318e-01,1.556125545971e-01,1.957008451739e+04
1681,0.000000000000e+00,3,4.698941086052e+00,6.989214610865e-08,1.387688294262e-03,1.941922776162e-03,2.261428913703e-03,1.571451084387e-01,1.571795021935e-01,1.968267316932e+04
1682,0.000000000000e+00,3,4.703270964408e+00,6.995656194140e-08,1.393166258602e-03,1.933058840066e-03,2.202104961429e-03,1.586557006614e-01,1.586888724748e-01,1.978814357560e+04
1683,0.000000000000e+00,3,4.707604832566e+00,7.002103819607e-08,1.398492399855e-03,1.924265576109e-03,2.142697239460e-03,1.601086213521e-01,1.601406268307e-01,1.988628313140e+04
1684,0.000000000000e+00,3,4.711942694203e+00,7.008557606730e-08,1.403636762133e-03,1.915553943440e-03,2.083485236236e-03,1.615015711535e-01,1.615324671354e-01,1.997724893031e+04
1685,0.000000000000e+00,3,4.716284552998e+00,7.015017563897e-08,1.408573659153e-03,1.906923363740e-03,2.024428132366e-03,1.628341109635e-01,1.628639507043e-01,2.006112707239e+04
1686,0.000000000000e+00,3,4.720630412636e+00,7.021483692647e-08,1.413293157033e-03,1.898379290841e-03,1.965638356493e-03,1.641049911350e-01,1.641338267727e-01,2.013787071438e+04
1687,0.000000000000e+00,3,4.724980276802e+00,7.027955995135e-08,1.417777883759e-03,1.889923575750e-03,1.907172270428e-03,1.653135513189e-01,1.653414329833e-01,2.020746033617e+04
1688,0.000000000000e+00,3,4.729334149187e+00,7.034434473455e-08,1.422023451675e-03,1.881561142617e-03,1.849195834952e-03,1.664582144181e-01,1.664851918206e-01,2.026987246091e+04
1689,0.000000000000e+00,3,4.733692033483e+00,7.040919129545e-08,1.426034896982e-03,1.873293636151e-03,1.791813839988e-03,1.675389311348e-01,1.675650525832e-01,2.032508729270e+04
1690,0.000000000000e+00,3,4.738053933388e+00,7.047409965326e-08,1.429787550393e-03,1.865123379527e-03,1.734960426516e-03,1.685541034687e-01,1.685794141094e-01,2.037308867932e+04
1691,0.000000000000e+00,3,4.742419852602e+00,7.053906982771e-08,1.433272134380e-03,1.857052721992e-03,1.678805380259e-03,1.695031433064e-01,1.695276876858e-01,2.041386425075e+04
1692,0.000000000000e+00,3,4.746789794829e+00,7.060410183970e-08,1.436472576845e-03,1.849085231568e-03,1.623493315131e-03,1.703839081980e-01,1.704077300859e-01,2.044740491436e+04
1693,0.000000000000e+00,3,4.751163763776e+00,7.066919570885e-08,1.439389307223e-03,1.841223670905e-03,1.569136170519e-03,1.711968172488e-01,1.712199590311e-01,2.047370473414e+04
1694,0.000000000000e+00,3,4.755541763152e+00,7.073435145481e-08,1.442010028909e-03,1.833471458913e-03,1.515795354525e-03,1.719418872512e-01,1.719643894461e-01,2.049200956616e+04
1695,0.000000000000e+00,3,4.759923796672e+00,7.079956909717e-08,1.444320823494e-03,1.825831312294e-03,1.463715854684e-03,1.726180623870e-01,1.726399653874e-01,2.050305099733e+04
1696,0.000000000000e+00,3,4.764309868054e+00,7.086484865544e-08,1.446306712166e-03,1.818300733016e-03,1.412834009726e-03,1.732246255859e-01,1.732459668505e-01,2.050681759501e+04
1697,0.000000000000e+00,3,4.768699981018e+00,7.093019014903e-08,1.447953924630e-03,1.810882570591e-03,1.363392750796e-03,1.737598229216e-01,1.737806397957e-01,2.050135133301e+04
1698,0.000000000000e+00,3,4.773094139288e+00,7.099559359725e-08,1.449252096788e-03,1.803579486168e-03,1.315487482889e-03,1.742238607548e-01,1.742441889827e-01,2.048863144832e+04
1699,0.000000000000e+00,3,4.777492346591e+00,7.106105901926e-08,1.450198509179e-03,1.796393043265e-03,1.269326397819e-03,1.746172681242e-01,1.746371427284e-01,2.046883108516e+04
1700,0.000000000000e+00,3,4.781894606659e+00,7.112658643409e-08,1.450783067991e-03,1.789323496431e-03,1.225031035999e-03,1.749402056891e-01,1.749596602582e-01,2.044198051261e+04
1701,0.000000000000e+00,3,4.786300923226e+00,7.119217586055e-08,1.450995491069e-03,1.782376373333e-03,1.182822897390e-03,1.751922072058e-01,1.752112747203e-01,2.040810368552e+04
1702,0.000000000000e+00,3,4.790711300031e+00,7.125782731728e-08,1.450819142662e-03,1.775548234549e-03,1.142791924705e-03,1.753733392210e-01,1.753920509334e-01,2.036725588222e+04
1703,0.000000000000e+00,3,4.795125740814e+00,7.132354082270e-08,1.450233533826e-03,1.768842850727e-03,1.105271629955e-03,1.754812942856e-01,1.754996816290e-01,2.031949135830e+04
1704,0.000000000000e+00,3,4.799544249319e+00,7.138931639502e-08,1.449243191474e-03,1.762265420727e-03,1.070879103281e-03,1.755154298409e-01,1.755335260841e-01,2.026486641099e+04
1705,0.000000000000e+00,3,4.803966829297e+00,7.145515405221e-08,1.447849003131e-03,1.755813196526e-03,1.039529909651e-03,1.754775133120e-01,1.754953487911e-01,2.020343809897e+04
1706,0.000000000000e+00,3,4.808393484497e+00,7.152105381205e-08,1.446080533997e-03,1.749485032086e-03,1.011464439032e-03,1.753711402262e-01,1.753887445970e-01,2.013526251374e+04
1707,0.000000000000e+00,3,4.812824218676e+00,7.158701569207e-08,1.443944140107e-03,1.743282782156e-03,9.869754179656e-04,1.751964645801e-01,1.752138674060e-01,2.006036231066e+04
1708,0.000000000000e+00,3,4.817259035592e+00,7.165303970961e-08,1.441437842091e-03,1.737205237831e-03,9.659998147342e-04,1.749554029815e-01,1.749726316118e-01,1.997877778862e+04
1709,0.000000000000e+00,3,4.821697939006e+00,7.171912588177e-08,1.438543620012e-03,1.731253223444e-03,9.486857172035e-04,1.746469979814e-01,1.746640791748e-01,1.989056958234e+04
1710,0.000000000000e+00,3,4.826140932685e+00,7.178527422546e-08,1.435265003680e-03,1.725428121076e-03,9.353130721655e-04,1.742722403223e-01,1.742892011725e-01,1.979578711507e+04
1711,0.000000000000e+00,3,4.830588020398e+00,7.185148475742e-08,1.431599933317e-03,1.719726097854e-03,9.258051358677e-04,1.738319238708e-01,1.738487900677e-01,1.969448358221e+04
1712,0.000000000000e+00,3,4.835039205916e+00,7.191775749419e-08,1.427536331859e-03,1.714152490433e-03,9.204820031134e-04,1.733246176136e-01,1.733414161034e-01,1.958671891374e+04
1713,0.000000000000e+00,3,4.839494493017e+00,7.198409245215e-08,1.423097043536e-03,1.708704638069e-03,9.191414086901e-04,1.727533567013e-01,1.727701130092e-01,1.947255836439e+04
1714,0.000000000000e+00,3,4.843953885478e+00,7.205048964750e-08,1.418271123623e-03,1.703388600856e-03,9.219864035739e-04,1.721156112897e-01,1.721323523754e-01,1.935207364295e+04
1715,0.000000000000e+00,3,4.848417387084e+00,7.211694909631e-08,1.413064746833e-03,1.698200827677e-03,9.286395383811e-04,1.714132215156e-01,1.714299726412e-01,1.922534369434e+04
1716,0.000000000000e+00,3,4.852885001621e+00,7.218347081450e-08,1.407470253870e-03,1.693143263475e-03,9.389932498990e-04,1.706459462038e-01,1.706627328117e-01,1.909245347410e+04
1717,0.000000000000e+00,3,4.857356732879e+00,7.225005481785e-08,1.401482281768e-03,1.688222212956e-03,9.529582163963e-04,1.698109636583e-01,1.698278120767e-01,1.895349260754e+04
1718,0.000000000000e+00,3,4.861832584650e+00,7.231670112204e-08,1.395096518653e-03,1.683430194571e-03,9.700457883575e-04,1.689087210471e-01,1.689256560328e-01,1.880855413884e+04
1719,0.000000000000e+00,3,4.866312560732e+00,7.238340974265e-08,1.388308951125e-03,1.678765001628e-03,9.899368518996e-04,1.679398313641e-01,1.679568771657e-01,1.865773389756e+04
1720,0.000000000000e+00,3,4.870796664925e+00,7.245018069517e-08,1.381129742474e-03,1.674223251343e-03,1.012184447349e-03,1.669075031688e-01,1.669246826394e-01,1.850113195145e+04
1721,0.000000000000e+00,3,4.875284901034e+00,7.251701399503e-08,1.373569170600e-03,1.669808147570e-03,1.036737045982e-03,1.658132948453e-01,1.658306320397e-01,1.833885038004e+04
1722,0.000000000000e+00,3,4.879777272865e+00,7.258390965758e-08,1.365622305474e-03,1.665515761271e-03,1.063277315650e-03,1.646580919025e-01,1.646756103819e-01,1.817230917513e+04
1723,0.000000000000e+00,3,4.884273784229e+00,7.265086769817e-08,1.357298118135e-03,1.661342886425e-03,1.091475982492e-03,1.634426296608e-01,1.634603524670e-01,1.800048108132e+04
1724,0.000000000000e+00,3,4.888774438941e+00,7.271788813213e-08,1.348596133290e-03,1.657288250527e-03,1.121102314938e-03,1.621668882412e-01,1.621848384656e-01,1.782314571308e+04
1725,0.000000000000e+00,3,4.893279240819e+00,7.278497097478e-08,1.339526794920e-03,1.653352643317e-03,1.151872465684e-03,1.608328644940e-01,1.608510647106e-01,1.764036084221e+04
1726,0.000000000000e+00,3,4.897788193684e+00,7.285211624147e-08,1.330111434419e-03,1.649533942305e-03,1.183644218986e-03,1.594427054283e-01,1.594611786191e-01,1.745230320631e+04
1727,0.000000000000e+00,3,4.902301301362e+00,7.291932394758e-08,1.320352916721e-03,1.645830417049e-03,1.216068528732e-03,1.579988152284e-01,1.580175829642e-01,1.725915678773e+04
1728,0.000000000000e+00,3,4.906818567680e+00,7.298659410856e-08,1.310259527656e-03,1.642241153993e-03,1.249092924546e-03,1.565023361966e-01,1.565214209116e-01,1.706108239213e+04
1729,0.000000000000e+00,3,4.911339996470e+00,7.305392673993e-08,1.299842333271e-03,1.638764131407e-03,1.282595831991e-03,1.549542416712e-01,1.549736661563e-01,1.685823857549e+04
1730,0.000000000000e+00,3,4.915865591569e+00,7.312132185719e-08,1.289106956395e-03,1.635397553398e-03,1.316420464551e-03,1.533555282435e-01,1.533753152485e-01,1.665078127400e+04
1731,0.000000000000e+00,3,4.920395356815e+00,7.318877947599e-08,1.278065786645e-03,1.632139367287e-03,1.350459354652e-03,1.517078515290e-01,1.517280240664e-01,1.643886416403e+04
1732,0.000000000000e+00,3,4.924929296050e+00,7.325629961660e-08,1.266735413989e-03,1.628987110451e-03,1.384547958495e-03,1.500137488034e-01,1.500343294741e-01,1.622263774760e+04
1733,0.000000000000e+00,3,4.929467413122e+00,7.332388229580e-08,1.255128686329e-03,1.625937870740e-03,1.418609417783e-03,1.482750794414e-01,1.482960911758e-01,1.600225217949e+04
1734,0.000000000000e+00,3,4.934009711880e+00,7.339152752980e-08,1.243290416555e-03,1.622989175927e-03,1.452622067781e-03,1.464968351361e-01,1.465183015213e-01,1.577785980983e+04
1735,0.000000000000e+00,3,4.938556196176e+00,7.345923533480e-08,1.231231928251e-03,1.620137327737e-03,1.486441824522e-03,1.446806972250e-01,1.447026414266e-01,1.554961354934e+04
1736,0.000000000000e+00,3,4.943106869868e+00,7.352700572712e-08,1.218945232486e-03,1.617380613077e-03,1.519998774145e-03,1.428257716955e-01,1.428482173645e-01,1.531766564229e+04
1737,0.000000000000e+00,3,4.947661736817e+00,7.359483872330e-08,1.206425415066e-03,1.614716621854e-03,1.553195307076e-03,1.409316160470e-01,1.409545869751e-01,1.508216883417e+04
1738,0.000000000000e+00,3,4.952220800885e+00,7.366273434011e-08,1.193670794905e-03,1.612143603504e-03,1.585981181251e-03,1.389980028813e-01,1.390215235072e-01,1.484327845692e+04
1739,0.000000000000e+00,3,4.956784065941e+00,7.373069259462e-08,1.180698611266e-03,1.609659920047e-03,1.618246709791e-03,1.370281837224e-01,1.370522780217e-01,1.460115187788e+04
1740,0.000000000000e+00,3,4.961351535856e+00,7.379871350416e-08,1.167519108795e-03,1.607261261823e-03,1.650003228371e-03,1.350240842911e-01,1.350487772582e-01,1.435594591877e+04
1741,0.000000000000e+00,3,4.965923214503e+00,7.386679708640e-08,1.154141707894e-03,1.604945003327e-03,1.681217790884e-03,1.329867631954e-01,1.330120805416e-01,1.410781585428e+04
1742,0.000000000000e+00,3,4.970499105762e+00,7.393494335934e-08,1.140565485872e-03,1.602709906763e-03,1.711759580354e-03,1.309164820581e-01,1.309424490531e-01,1.385691477428e+04
1743,0.000000000000e+00,3,4.975079213514e+00,7.400315234131e-08,1.126801453144e-03,1.600552891383e-03,1.741565505135e-03,1.288152126376e-01,1.288418546449e-01,1.360339409535e+04
1744,0.000000000000e+00,3,4.979663541645e+00,7.407142405098e-08,1.112846283549e-03,1.598471945881e-03,1.770580259523e-03,1.266833891179e-01,1.267107318748e-01,1.334740453255e+04
1745,0.000000000000e+00,3,4.984252094043e+00,7.413975850740e-08,1.098718949444e-03,1.596464483938e-03,1.798762618787e-03,1.245235139874e-01,1.245515835504e-01,1.308909688018e+04
1746,0.000000000000e+00,3,4.988844874600e+00,7.420815572996e-08,1.084436073443e-03,1.594527768998e-03,1.826072574220e-03,1.223378130748e-01,1.223666358505e-01,1.282862260146e+04
1747,0.000000000000e+00,3,4.993441887213e+00,7.427661573850e-08,1.070022251697e-03,1.592659089832e-03,1.852492564539e-03,1.201296185145e-01,1.201592213845e-01,1.256613432802e+04
1748,0.000000000000e+00,3,4.998043135782e+00,7.434513855323e-08,1.055481688629e-03,1.590854828883e-03,1.877982725181e-03,1.179001705691e-01,1.179305808517e-01,1.230178615992e+04
1749,0.000000000000e+00,3,5.002648624210e+00,7.441372419481e-08,1.040812765556e-03,1.589113579004e-03,1.902511397619e-03,1.156500665242e-01,1.156813122758e-01,1.203573386437e+04
1750,0.000000000000e+00,3,5.007258356403e+00,7.448237268435e-08,1.026050727638e-03,1.587430063097e-03,1.926068872691e-03,1.133833924204e-01,1.134155021695e-01,1.176805364045e+04
1751,0.000000000000e+00,3,5.011872336273e+00,7.455108404343e-08,1.011217817430e-03,1.585803179113e-03,1.948652384425e-03,1.111031285674e-01,1.111361316439e-01,1.149879100787e+04
1752,0.000000000000e+00,3,5.016490567732e+00,7.461985829408e-08,9.963384108387e-04,1.584231507878e-03,1.970246864965e-03,1.088127526841e-01,1.088466788612e-01,1.122789479907e+04
1753,0.000000000000e+00,3,5.021113054700e+00,7.468869545844e-08,9.814313818890e-04,1.582712452837e-03,1.990861904282e-03,1.065148121427e-01,1.065496922717e-01,1.095563045330e+04
1754,0.000000000000e+00,3,5.025739801096e+00,7.475759555957e-08,9.665178846504e-04,1.581242973375e-03,2.010485899805e-03,1.042123820785e-01,1.042482475545e-01,1.068236603179e+04
1755,0.000000000000e+00,3,5.030370810846e+00,7.482655861161e-08,9.516129897074e-04,1.579821118886e-03,2.029111426965e-03,1.019079226976e-01,1.019448056733e-01,1.040829950150e+04
1756,0.000000000000e+00,3,5.035006087879e+00,7.489558464929e-08,9.367417511478e-04,1.578443438434e-03,2.046727361583e-03,9.960486114315e-02,9.964279414506e-02,1.013361437883e+04
1757,0.000000000000e+00,3,5.039645636126e+00,7.496467369791e-08,9.219257660893e-04,1.577108682702e-03,2.063329908150e-03,9.730638740750e-02,9.734540348432e-02,9.858521328276e+03
1758,0.000000000000e+00,3,5.044289459524e+00,7.503382578245e-08,9.071888108482e-04,1.575815152987e-03,2.078926648772e-03,9.501606320159e-02,9.505619594363e-02,9.583188662422e+03
1759,0.000000000000e+00,3,5.048937562012e+00,7.510304092854e-08,8.925447739914e-04,1.574560677149e-03,2.093501502542e-03,9.273651461926e-02,9.277779782777e-02,9.311898264977e+03
1760,0.000000000000e+00,3,5.053589947532e+00,7.517231916244e-08,8.780143529614e-04,1.573342182537e-03,2.107041953934e-03,9.047094758980e-02,9.051341501910e-02,9.047677598709e+03
1761,0.000000000000e+00,3,5.058246620031e+00,7.524166051105e-08,8.636381307133e-04,1.572156639527e-03,2.119564954571e-03,8.822484016056e-02,8.826852510534e-02,8.781239812839e+03
1762,0.000000000000e+00,3,5.062907583460e+00,7.531106500191e-08,8.494597724204e-04,1.571001140682e-03,2.131108424745e-03,8.600429505244e-02,8.604923019454e-02,8.515132032617e+03
1763,0.000000000000e+00,3,5.067572841773e+00,7.538053266329e-08,8.354892455562e-04,1.569875034068e-03,2.141629949572e-03,8.381109705655e-02,8.385731404335e-02,8.249113713302e+03
1764,0.000000000000e+00,3,5.072242398927e+00,7.545006352419e-08,8.217408205943e-04,1.568775804513e-03,2.151122405236e-03,8.164844273390e-02,8.169597201805e-02,7.983348128490e+03
1765,0.000000000000e+00,3,5.076916258882e+00,7.551965761408e-08,8.082204764780e-04,1.567702244692e-03,2.159551007637e-03,7.951887278888e-02,7.956774284115e-02,7.717910693467e+03
1766,0.000000000000e+00,3,5.081594425606e+00,7.558931496279e-08,7.949287330574e-04,1.566652076093e-03,2.166889127818e-03,7.742467591286e-02,7.747491309528e-02,7.452916030710e+03
1767,0.000000000000e+00,3,5.086276903064e+00,7.565903560106e-08,7.818799043026e-04,1.565622562037e-03,2.173128469792e-03,7.536998756264e-02,7.542161508965e-02,7.188532368292e+03
1768,0.000000000000e+00,3,5.090963695231e+00,7.572881956028e-08,7.690828923566e-04,1.564611205068e-03,2.178259065348e-03,7.335860100696e-02,7.341163838911e-02,6.924952662337e+03
1769,0.000000000000e+00,3,5.095654806081e+00,7.579866687253e-08,7.565660271803e-04,1.563615049574e-03,2.182312795630e-03,7.139652551578e-02,7.145098760017e-02,6.657743048840e+03
1770,0.000000000000e+00,3,5.100350239594e+00,7.586857757056e-08,7.443474516969e-04,1.562635005309e-03,2.185327453180e-03,6.948898013264e-02,6.954487685833e-02,6.391554657534e+03
1771,0.000000000000e+00,3,5.105049999754e+00,7.593855168738e-08,7.324255453792e-04,1.561668575437e-03,2.187278039458e-03,6.763913461322e-02,6.769646942320e-02,6.127518875753e+03
1772,0.000000000000e+00,3,5.109754090547e+00,7.600858925666e-08,7.208378752467e-04,1.560717778614e-03,2.188167246939e-03,6.585436975473e-02,6.591313631531e-02,5.865133787666e+03
1773,0.000000000000e+00,3,5.114462515963e+00,7.607869031350e-08,7.095894396247e-04,1.559775511087e-03,2.187979518207e-03,6.413976530744e-02,6.419994676698e-02,5.604563396479e+03
1774,0.000000000000e+00,3,5.119175279997e+00,7.614885489369e-08,6.987082273283e-04,1.558841576104e-03,2.186706202343e-03,6.250209944668e-02,6.256366596919e-02,5.345695612200e+03
1775,0.000000000000e+00,3,5.123892386647e+00,7.621908303385e-08,6.882354375887e-04,1.557917421143e-03,2.184384549657e-03,6.094955129242e-02,6.101245867294e-02,5.088648273613e+03
1776,0.000000000000e+00,3,5.128613839914e+00,7.628937477134e-08,6.782022991750e-04,1.556999290808e-03,2.181066510218e-03,5.948947446611e-02,5.955366343498e-02,4.841598576385e+03
1777,0.000000000000e+00,3,5.133339643803e+00,7.635973014419e-08,6.686326047748e-04,1.556088312043e-03,2.176782961824e-03,5.812858060222e-02,5.819397518031e-02,4.599410860755e+03
1778,0.000000000000e+00,3,5.138069802323e+00,7.643014919110e-08,6.595396890680e-04,1.555182808834e-03,2.171516972526e-03,5.687266521981e-02,5.693917036046e-02,4.357237752495e+03
1779,0.000000000000e+00,3,5.142804319488e+00,7.650063195138e-08,6.509465805164e-04,1.554281551221e-03,2.165305752233e-03,5.572788283599e-02,5.579538508671e-02,4.117622365033e+03
1780,0.000000000000e+00,3,5.147543199313e+00,7.657117846508e-08,6.428701983626e-04,1.553385312463e-03,2.158168774968e-03,5.469961054780e-02,5.476797763806e-02,3.880736894013e+03
1781,0.000000000000e+00,3,5.152286445818e+00,7.664178877288e-08,6.353152095599e-04,1.552493097121e-03,2.150103298451e-03,5.379195719065e-02,5.386103844920e-02,3.642519577668e+03
1782,0.000000000000e+00,3,5.157034063026e+00,7.671246291620e-08,6.283122473782e-04,1.551603645561e-03,2.141099060084e-03,5.301039054282e-02,5.308001564469e-02,3.403499662550e+03
1783,0.000000000000e+00,3,5.161786054967e+00,7.678320093730e-08,6.218844707484e-04,1.550716830050e-03,2.131206163082e-03,5.235899069297e-02,5.242897490012e-02,3.267019942495e+03
1784,0.000000000000e+00,3,5.166542425670e+00,7.685400287913e-08,6.160489294801e-04,1.549832360093e-03,2.120413236960e-03,5.184028200851e-02,5.191042754250e-02,3.409904537327e+03
1785,0.000000000000e+00,3,5.171303179170e+00,7.692486878544e-08,6.108051092034e-04,1.548949496998e-03,2.108773765998e-03,5.145454555916e-02,5.152464956622e-02,3.659791831887e+03
1786,0.000000000000e+00,3,5.176068319506e+00,7.699579870077e-08,6.061502599536e-04,1.548065685255e-03,2.096189604555e-03,5.120175152669e-02,5.127160321038e-02,3.907454019649e+03
1787,0.000000000000e+00,3,5.180837850720e+00,7.706679267042e-08,6.020560770399e-04,1.547180258873e-03,2.082715728812e-03,5.107913120839e-02,5.114852478893e-02,4.152290999022e+03
1788,0.000000000000e+00,3,5.185611776858e+00,7.713785073913e-08,5.985370853955e-04,1.546293599421e-03,2.068424441607e-03,5.108409924122e-02,5.115283809815e-02,4.394295220581e+03
1789,0.000000000000e+00,3,5.190390101971e+00,7.720897295340e-08,5.955884069627e-04,1.545406424960e-03,2.053335552365e-03,5.121290964225e-02,5.128080837394e-02,4.633692005873e+03
1790,0.000000000000e+00,5,5.195172830111e+00,7.728015936140e-08,5.931837953342e-04,1.544519832214e-03,2.037425491835e-03,5.145947890002e-02,5.152636684091e-02,4.870447503632e+03
1791,0.000000000000e+00,5,5.199959965335e+00,7.735141000301e-08,5.912340286303e-04,1.543540267987e-03,2.019518885304e-03,5.180645760085e-02,5.187214647489e-02,5.108093692109e+03
1792,0.000000000000e+00,5,5.204751511705e+00,7.742272492835e-08,5.898370137529e-04,1.542628817091e-03,2.001070454351e-03,5.227029866378e-02,5.233465407103e-02,5.341243753392e+03
1793,0.000000000000e+00,5,5.209547473286e+00,7.749410418633e-08,5.889944064232e-04,1.541761944763e-03,1.982046135224e-03,5.283909604407e-02,5.290200867587e-02,5.570958813264e+03
1794,0.000000000000e+00,5,5.214347854145e+00,7.756554782704e-08,5.886718866239e-04,1.540922892578e-03,1.962393626904e-03,5.350336079752e-02,5.356474197947e-02,5.797083777114e+03
1795,0.000000000000e+00,5,5.219152658354e+00,7.763705590059e-08,5.888488702092e-04,1.540100365217e-03,1.942164058176e-03,5.425492882849e-02,5.431471214634e-02,6.019594936735e+03
1796,0.000000000000e+00,5,5.223961889991e+00,7.770862845725e-08,5.895110637890e-04,1.539286653968e-03,1.921419108564e-03,5.508604060469e-02,5.514418054147e-02,6.236745945243e+03
1797,0.000000000000e+00,5,5.228775553134e+00,7.778026554725e-08,5.906643492935e-04,1.538476473399e-03,1.900357978441e-03,5.598907243292e-02,5.604554742865e-02,6.450202844359e+03
1798,0.000000000000e+00,5,5.233593651868e+00,7.785196722061e-08,5.922913182843e-04,1.537666498096e-03,1.878976653877e-03,5.695734255829e-02,5.701214477489e-02,6.660311932382e+03
1799,0.000000000000e+00,5,5.238416190278e+00,7.792373352705e-08,5.943343660462e-04,1.536852889511e-03,1.857143551232e-03,5.798167591514e-02,5.803480743693e-02,6.866699355674e+03
1800,0.000000000000e+00,5,5.243243172456e+00,7.799556451588e-08,5.967140938768e-04,1.536030864479e-03,1.834712325346e-03,5.905267224191e-02,5.910414305912e-02,7.069233042260e+03
1801,0.000000000000e+00,5,5.248074602498e+00,7.806746023561e-08,5.994223636284e-04,1.535199869447e-03,1.811839622761e-03,6.016583135420e-02,6.021566383567e-02,7.267661126380e+03
1802,0.000000000000e+00,5,5.252910484500e+00,7.813942073407e-08,6.023541574314e-04,1.534360422934e-03,1.788168007146e-03,6.131126599689e-02,6.135948154443e-02,7.461719692200e+03
1803,0.000000000000e+00,5,5.257750822567e+00,7.821144606015e-08,6.054541970118e-04,1.533517051486e-03,1.763690716496e-03,6.248460482300e-02,6.253122975092e-02,7.651124598637e+03
1804,0.000000000000e+00,5,5.262595620803e+00,7.828353625888e-08,6.089148616193e-04,1.532661431618e-03,1.739226177024e-03,6.368729206310e-02,6.373237722224e-02,7.835586091862e+03
1805,0.000000000000e+00,5,5.267444883319e+00,7.835569137456e-08,6.128013261864e-04,1.531790558580e-03,1.715050949176e-03,6.491489886638e-02,6.495850523504e-02,8.014848673612e+03
1806,0.000000000000e+00,5,5.272298614228e+00,7.842791145405e-08,6.170943588547e-04,1.530904565989e-03,1.691198164861e-03,6.616065959882e-02,6.620285117744e-02,8.188696011912e+03
1807,0.000000000000e+00,5,5.277156817648e+00,7.850019654605e-08,6.217707947895e-04,1.530002278313e-03,1.667556122597e-03,6.741945141096e-02,6.746028963672e-02,8.356969116651e+03
1808,0.000000000000e+00,5,5.282019497700e+00,7.857254669914e-08,6.267668055150e-04,1.529084500756e-03,1.643944239952e-03,6.868590789644e-02,6.872544966940e-02,8.519581679095e+03
1809,0.000000000000e+00,3,5.286886658509e+00,7.864496196288e-08,6.320161859219e-04,1.528151582597e-03,1.620172790570e-03,6.995585444777e-02,6.999415134929e-02,8.676515303345e+03
1810,0.000000000000e+00,3,5.291758304203e+00,7.871744243874e-08,6.374456181785e-04,1.527174850212e-03,1.597096499384e-03,7.121425733276e-02,7.125138429971e-02,8.823494993954e+03
1811,0.000000000000e+00,3,5.296634438917e+00,7.878998813845e-08,6.429486512620e-04,1.526244112575e-03,1.573353531945e-03,7.246655910070e-02,7.250255466734e-02,8.967115185049e+03
1812,0.000000000000e+00,3,5.301515066785e+00,7.886259911704e-08,6.485123904291e-04,1.525302060629e-03,1.548783674514e-03,7.371123607980e-02,7.374613325443e-02,9.105888643048e+03
1813,0.000000000000e+00,3,5.306400191948e+00,7.893527543223e-08,6.541701924875e-04,1.524325868452e-03,1.523372392505e-03,7.494606135761e-02,7.497989253432e-02,9.241316181422e+03
1814,0.000000000000e+00,3,5.311289818550e+00,7.900801714127e-08,6.599289951637e-04,1.523304209376e-03,1.497239280082e-03,7.616801867902e-02,7.620081861071e-02,9.375674452131e+03
1815,0.000000000000e+00,3,5.316183950740e+00,7.908082430514e-08,6.658114225998e-04,1.522237163297e-03,1.470921090875e-03,7.737380051000e-02,7.740561429928e-02,9.505553488836e+03
1816,0.000000000000e+00,3,5.321082592668e+00,7.915369698805e-08,6.717622615590e-04,1.521131632981e-03,1.444502323205e-03,7.856136954896e-02,7.859224184581e-02,9.631008795051e+03
1817,0.000000000000e+00,3,5.325985748491e+00,7.922663525642e-08,6.777409408269e-04,1.520002680491e-03,1.417794855616e-03,7.972840820900e-02,7.975837861144e-02,9.752159616466e+03
1818,0.000000000000e+00,3,5.330893422367e+00,7.929963917887e-08,6.837109691335e-04,1.518861286874e-03,1.390252008252e-03,8.087245554271e-02,8.090155292979e-02,9.869168870936e+03
1819,0.000000000000e+00,3,5.335805618460e+00,7.937270882483e-08,6.896574532660e-04,1.517713163856e-03,1.361921806438e-03,8.199089890899e-02,8.201915273618e-02,9.982219803336e+03
1820,0.000000000000e+00,3,5.340722340938e+00,7.944584426918e-08,6.955555532177e-04,1.516561292536e-03,1.332943211428e-03,8.308185317205e-02,8.310929442480e-02,1.009148878993e+04
1821,0.000000000000e+00,3,5.345643593970e+00,7.951904558821e-08,7.013814556442e-04,1.515405677159e-03,1.303466912897e-03,8.414356490600e-02,8.417022591983e-02,1.019712668471e+04
1822,0.000000000000e+00,3,5.350569381731e+00,7.959231286070e-08,7.071070445656e-04,1.514246375745e-03,1.273508435825e-03,8.517384714866e-02,8.519975941456e-02,1.029923924348e+04
1823,0.000000000000e+00,3,5.355499708401e+00,7.966564575146e-08,7.127214017952e-04,1.513083636430e-03,1.243103011972e-03,8.617098986567e-02,8.619618433212e-02,1.039787857150e+04
1824,0.000000000000e+00,3,5.360434578161e+00,7.973904446069e-08,7.182076477000e-04,1.511916697193e-03,1.212279295463e-03,8.713332419133e-02,8.715783108847e-02,1.049304334408e+04
1825,0.000000000000e+00,3,5.365373995199e+00,7.981250938425e-08,7.235547766601e-04,1.510745238202e-03,1.181063834532e-03,8.805970550691e-02,8.808355424502e-02,1.058465244283e+04
1826,0.000000000000e+00,3,5.370317963703e+00,7.988604060853e-08,7.287511425465e-04,1.509568796375e-03,1.149509209676e-03,8.894898299620e-02,8.897220253349e-02,1.067261179220e+04
1827,0.000000000000e+00,3,5.375266487867e+00,7.995963822026e-08,7.337819879404e-04,1.508387181095e-03,1.117695167471e-03,8.979965182415e-02,8.982227105857e-02,1.075683551489e+04
1828,0.000000000000e+00,3,5.380219571891e+00,8.003330230616e-08,7.386409611042e-04,1.507199358924e-03,1.085703107144e-03,9.061122319747e-02,9.063327071752e-02,1.083720233059e+04
1829,0.000000000000e+00,3,5.385177219975e+00,8.010703295256e-08,7.433167328552e-04,1.506004052123e-03,1.053597164672e-03,9.138281800028e-02,9.140432189250e-02,1.091358442348e+04
1830,0.000000000000e+00,3,5.390139436326e+00,8.018083024527e-08,7.478012191491e-04,1.504801011471e-03,1.021460149875e-03,9.211387480497e-02,9.213486281083e-02,1.098586135867e+04
1831,0.000000000000e+00,3,5.395106225151e+00,8.025469426939e-08,7.520864892364e-04,1.503588751002e-03,9.893760391510e-04,9.280383507140e-02,9.282433453640e-02,1.105392319586e+04
1832,0.000000000000e+00,3,5.400077590666e+00,8.032862510932e-08,7.561588555310e-04,1.502366033162e-03,9.574403644493e-04,9.345169531685e-02,9.347173331846e-02,1.111767062715e+04
1833,0.000000000000e+00,3,5.405053537087e+00,8.040262284873e-08,7.600160547197e-04,1.501131914499e-03,9.257000117423e-04,9.405773124447e-02,9.407733387377e-02,1.117701376218e+04
1834,0.000000000000e+00,3,5.410034068635e+00,8.047668757070e-08,7.636559707481e-04,1.499885610243e-03,8.942521457420e-04,9.462211612219e-02,9.464130902322e-02,1.123186899512e+04
1835,0.000000000000e+00,3,5.415019189535e+00,8.055081935781e-08,7.670688403799e-04,1.498625940817e-03,8.631828467590e-04,9.514416766784e-02,9.516297599460e-02,1.128215779999e+04
1836,0.000000000000e+00,3,5.420008904016e+00,8.062501829225e-08,7.702551596998e-04,1.497352577210e-03,8.325726560785e-04,9.562427718991e-02,9.564272540592e-02,1.132780246494e+04
1837,0.000000000000e+00,3,5.425003216312e+00,8.069928445598e-08,7.732097818596e-04,1.496064758438e-03,8.024922514654e-04,9.606223376953e-02,9.608034561623e-02,1.136872435376e+04
1838,0.000000000000e+00,3,5.430002130657e+00,8.077361793089e-08,7.759303391848e-04,1.494762227012e-03,7.730471985118e-04,9.645819740740e-02,9.647599613926e-02,1.140484682431e+04
1839,0.000000000000e+00,3,5.435005651294e+00,8.084801879885e-08,7.784156663940e-04,1.493444336587e-03,7.443331480915e-04,9.681247790983e-02,9.682998615002e-02,1.143609599400e+04
1840,0.000000000000e+00,3,5.440013782467e+00,8.092248714184e-08,7.806595671083e-04,1.492110322276e-03,7.163812948294e-04,9.712485366853e-02,9.714209296112e-02,1.146426622889e+04
1841,0.000000000000e+00,3,5.445026528424e+00,8.099702304203e-08,7.826606535016e-04,1.490759907095e-03,6.892774645806e-04,9.739559753718e-02,9.741258874420e-02,1.149097459782e+04
1842,0.000000000000e+00,3,5.450043893418e+00,8.107162658136e-08,7.844203664393e-04,1.489391848197e-03,6.631032001938e-04,9.762539478751e-02,9.764215798855e-02,1.151220970712e+04
1843,0.000000000000e+00,3,5.455065881704e+00,8.114629784201e-08,7.859440328288e-04,1.488004489912e-03,6.379632938561e-04,9.781508233096e-02,9.783163697885e-02,1.152793433799e+04
1844,0.000000000000e+00,3,5.460092497543e+00,8.122103690685e-08,7.872312658767e-04,1.486596640006e-03,6.138838287435e-04,9.796516835395e-02,9.798153278352e-02,1.153813493051e+04
1845,0.000000000000e+00,3,5.465123745199e+00,8.129584385905e-08,7.882831217422e-04,1.485168422686e-03,5.909649760815e-04,9.807608295496e-02,9.809227494005e-02,1.154282544431e+04
1846,0.000000000000e+00,3,5.470159628940e+00,8.137071878214e-08,7.891024062751e-04,1.483718918587e-03,5.693025077779e-04,9.814845251819e-02,9.816448920815e-02,1.154203944427e+04
1847,0.000000000000e+00,3,5.475200153038e+00,8.144566175989e-08,7.896830186492e-04,1.482247805684e-03,5.490051497983e-04,9.818182313990e-02,9.819772125440e-02,1.153583891057e+04
1848,0.000000000000e+00,3,5.480245321769e+00,8.152067287632e-08,7.900311524181e-04,1.480753813423e-03,5.301102370068e-04,9.817747057129e-02,9.819324582535e-02,1.152431399192e+04
1849,0.000000000000e+00,3,5.485295139412e+00,8.159575221570e-08,7.901468632840e-04,1.479235884911e-03,5.127689744940e-04,9.813535316162e-02,9.815102110038e-02,1.150755859771e+04
1850,0.000000000000e+00,3,5.490349610252e+00,8.167089986249e-08,7.900345261772e-04,1.477692692062e-03,4.969886483196e-04,9.805631990968e-02,9.807189506781e-02,1.148566939580e+04
1851,0.000000000000e+00,3,5.495408738576e+00,8.174611590133e-08,7.897008681032e-04,1.476124587303e-03,4.828587050074e-04,9.794162147387e-02,9.795711786653e-02,1.145876032162e+04
1852,0.000000000000e+00,3,5.500472528676e+00,8.182140041707e-08,7.891504520939e-04,1.474531932078e-03,4.704590752228e-04,9.779184450566e-02,9.780727573353e-02,1.142696165314e+04
1853,0.000000000000e+00,3,5.505540984848e+00,8.189675349471e-08,7.883817572473e-04,1.472914824506e-03,4.598749433632e-04,9.760672054813e-02,9.762209998254e-02,1.139042797530e+04
1854,0.000000000000e+00,3,5.510614111391e+00,8.197217521940e-08,7.873933275843e-04,1.471271386554e-03,4.510209415406e-04,9.738685288158e-02,9.740219279777e-02,1.134931839784e+04
1855,0.000000000000e+00,3,5.515691912608e+00,8.204766567648e-08,7.861911012275e-04,1.469603538083e-03,4.440219165839e-04,9.713281841840e-02,9.714813122429e-02,1.130376511047e+04
1856,0.000000000000e+00,3,5.520774392808e+00,8.212322495144e-08,7.847710653327e-04,1.467910544166e-03,4.389237475892e-04,9.684385601701e-02,9.685915408102e-02,1.125392995132e+04
1857,0.000000000000e+00,3,5.525861556301e+00,8.219885312995e-08,7.831370693251e-04,1.466192331758e-03,4.355706264513e-04,9.652147577255e-02,9.653677035568e-02,1.119997717428e+04
1858,0.000000000000e+00,3,5.530953407403e+00,8.227455029782e-08,7.812945495552e-04,1.464449374118e-03,4.340353173870e-04,9.616625258289e-02,9.618155517372e-02,1.114206943576e+04
1859,0.000000000000e+00,3,5.536049950434e+00,8.235031654105e-08,7.792504490466e-04,1.462681144379e-03,4.341635477387e-04,9.577948776423e-02,9.579480905434e-02,1.108036588521e+04
1860,0.000000000000e+00,3,5.541151189717e+00,8.242615194579e-08,7.770073090981e-04,1.460888289256e-03,4.359299514389e-04,9.536167150091e-02,9.537702218733e-02,1.101501432014e+04
1861,0.000000000000e+00,3,5.546257129579e+00,8.250205659836e-08,7.745672073302e-04,1.459070144386e-03,4.392575452507e-04,9.491295951380e-02,9.492835019584e-02,1.094615161970e+04
1862,0.000000000000e+00,3,5.551367774352e+00,8.257803058523e-08,7.719328803465e-04,1.457227530360e-03,4.440252897563e-04,9.443402413638e-02,9.444946514139e-02,1.087392218307e+04
1863,0.000000000000e+00,3,5.556483128371e+00,8.265407399301e-08,7.691042070909e-04,1.455361865332e-03,4.501265450168e-04,9.392488531429e-02,9.394038691984e-02,1.079845759300e+04
1864,0.000000000000e+00,3,5.561603195976e+00,8.273018690845e-08,7.660815128424e-04,1.453473664577e-03,4.574598233845e-04,9.338592250092e-02,9.340149494208e-02,1.071987622685e+04
1865,0.000000000000e+00,3,5.566727981509e+00,8.280636941844e-08,7.628639707105e-04,1.451561792843e-03,4.659098715039e-04,9.281687990845e-02,9.283253341918e-02,1.063830388092e+04
1866,0.000000000000e+00,3,5.571857489319e+00,8.288262160994e-08,7.594583445045e-04,1.449626474490e-03,4.753131485670e-04,9.221912380977e-02,9.223486820462e-02,1.055387638052e+04
1867,0.000000000000e+00,3,5.576991723757e+00,8.295894357005e-08,7.558661026853e-04,1.447668335794e-03,4.855364616317e-04,9.159313806885e-02,9.160898298819e-02,1.046670483429e+04
1868,0.000000000000e+00,3,5.582130689177e+00,8.303533538594e-08,7.520923175617e-04,1.445687016542e-03,4.964345557842e-04,9.093962054212e-02,9.095557533993e-02,1.037686174447e+04
1869,0.000000000000e+00,3,5.587274389940e+00,8.311179714484e-08,7.481369455594e-04,1.443682557398e-03,5.078977758989e-04,9.025897539590e-02,9.027504930979e-02,1.028439629397e+04
1870,0.000000000000e+00,3,5.592422830409e+00,8.318832893406e-08,7.440043866282e-04,1.441655356223e-03,5.198207168313e-04,8.955207352276e-02,8.956827562534e-02,1.018934807237e+04
1871,0.000000000000e+00,3,5.597576014951e+00,8.326493084097e-08,7.396940268559e-04,1.439604876918e-03,5.320867455692e-04,8.881947091816e-02,8.883581000892e-02,1.009175360964e+04
1872,0.000000000000e+00,3,5.602733947938e+00,8.334160295151e-08,7.352230659784e-04,1.437529956981e-03,5.445575722535e-04,8.806336905636e-02,8.807985330279e-02,9.991650517079e+03
1873,0.000000000000e+00,3,5.607896633745e+00,8.341834535255e-08,7.306139866592e-04,1.435431983911e-03,5.571822014789e-04,8.728594313220e-02,8.730258061628e-02,9.889072848033e+03
1874,0.000000000000e+00,3,5.613064076752e+00,8.349515813175e-08,7.258739204296e-04,1.433311491216e-03,5.699476620158e-04,8.648754737326e-02,8.650434651368e-02,9.784044978595e+03
1875,0.000000000000e+00,3,5.618236281342e+00,8.357204137686e-08,7.210076589386e-04,1.431169465708e-03,5.827930737769e-04,8.566854905549e-02,8.568551828123e-02,9.676573213238e+03
1876,0.000000000000e+00,3,5.623413251903e+00,8.364899517572e-08,7.160167779520e-04,1.429007577981e-03,5.957595160974e-04,8.482904513574e-02,8.484619361366e-02,9.566657187870e+03
1877,0.000000000000e+00,3,5.628594992827e+00,8.372601961625e-08,7.108983627753e-04,1.426826307105e-03,6.088500598927e-04,8.396885838651e-02,8.398619581171e-02,9.454372751849e+03
1878,0.000000000000e+00,3,5.633781508509e+00,8.380311478648e-08,7.056527068650e-04,1.424625406362e-03,6.220182601680e-04,8.308835726508e-02,8.310589343131e-02,9.339811120636e+03
1879,0.000000000000e+00,3,5.638972803349e+00,8.388028077454e-08,7.002898323855e-04,1.422404198911e-03,6.351810175703e-04,8.218900679830e-02,8.220675113986e-02,9.223020198753e+03
1880,0.000000000000e+00,3,5.644168881751e+00,8.395751766871e-08,6.948093700233e-04,1.420161734732e-03,6.482736867260e-04,8.127115799880e-02,8.128911981718e-02,9.104045164374e+03
1881,0.000000000000e+00,3,5.649369748123e+00,8.403482555736e-08,6.892118844753e-04,1.417897301816e-03,6.612458972677e-04,8.033498371423e-02,8.035317231001e-02,8.982947322244e+03
1882,0.000000000000e+00,3,5.654575406876e+00,8.411220452903e-08,6.835068862655e-04,1.415611709076e-03,6.741163716744e-04,7.938193318439e-02,7.940035823060e-02,8.859804205395e+03
1883,0.000000000000e+00,3,5.659785862427e+00,8.418965467238e-08,6.776919116139e-04,1.413303676499e-03,6.868443991449e-04,7.841185819227e-02,7.843052947675e-02,8.734703173990e+03
1884,0.000000000000e+00,3,5.665001119195e+00,8.426717607620e-08,6.717769547313e-04,1.410972166051e-03,6.993713034187e-04,7.742625501188e-02,7.744518198129e-02,8.607734027361e+03
1885,0.000000000000e+00,3,5.670221181605e+00,8.434476882940e-08,6.657635277591e-04,1.408616093863e-03,7.116468414150e-04,7.642560012185e-02,7.644479207629e-02,8.478994486941e+03
1886,0.000000000000e+00,3,5.675446054085e+00,8.442243302100e-08,6.596578068566e-04,1.406233935964e-03,7.236153759363e-04,7.541074877431e-02,7.543021471678e-02,8.348593971448e+03
1887,0.000000000000e+00,3,5.680675741068e+00,8.450016874009e-08,6.534646235076e-04,1.403824451056e-03,7.352020005311e-04,7.438259831577e-02,7.440234669209e-02,8.216645797864e+03
1888,0.000000000000e+00,3,5.685910246989e+00,8.457797607578e-08,6.471875375065e-04,1.401386825896e-03,7.463531246143e-04,7.334168221797e-02,7.336172115138e-02,8.083260207322e+03
1889,0.000000000000e+00,3,5.691149576288e+00,8.465585511721e-08,6.408100484273e-04,1.398916987884e-03,7.568911206822e-04,7.228704858399e-02,7.230738470868e-02,7.948549020624e+03
1890,0.000000000000e+00,3,5.696393733412e+00,8.473380595350e-08,6.343360707455e-04,1.396411394219e-03,7.667385423600e-04,7.121985265237e-02,7.124049162415e-02,7.812637407767e+03
1891,0.000000000000e+00,3,5.701642722807e+00,8.481182867051e-08,6.277866129090e-04,1.393869119077e-03,7.758514194863e-04,7.014314885800e-02,7.016409526456e-02,7.675659332263e+03
1892,0.000000000000e+00,3,5.706896548928e+00,8.488992335939e-08,6.211912228440e-04,1.391295092153e-03,7.843604817459e-04,6.906002705016e-02,6.908128645373e-02,7.537754534259e+03
1893,0.000000000000e+00,3,5.712155216230e+00,8.496809010974e-08,6.145650146299e-04,1.388698191639e-03,7.925664879491e-04,6.797173006563e-02,6.799331160178e-02,7.399061436002e+03
1894,0.000000000000e+00,3,5.717418729176e+00,8.504632901036e-08,6.079091927430e-04,1.386081219612e-03,8.005639266682e-04,6.687806632870e-02,6.689998081614e-02,7.259800210536e+03
1895,0.000000000000e+00,3,5.722687092228e+00,8.512464014982e-08,6.012241532847e-04,1.383444058026e-03,8.083123448436e-04,6.577934309683e-02,6.580160131062e-02,7.120208014236e+03
1896,0.000000000000e+00,3,5.727960309858e+00,8.520302361637e-08,5.945132202229e-04,1.380786025063e-03,8.157622728826e-04,6.467657672028e-02,6.469918902394e-02,6.980375871059e+03
1897,0.000000000000e+00,3,5.733238386538e+00,8.528147949800e-08,5.877779534272e-04,1.378106372364e-03,8.228694467126e-04,6.357067379932e-02,6.359365016668e-02,6.840363573837e+03
1898,0.000000000000e+00,3,5.738521326746e+00,8.536000788237e-08,5.810144072535e-04,1.375405216180e-03,8.296133872192e-04,6.246201970182e-02,6.248537013456e-02,6.700264046795e+03
1899,0.000000000000e+00,3,5.743809134963e+00,8.543860885683e-08,5.742367949079e-04,1.372682896090e-03,8.360070091136e-04,6.135242231292e-02,6.137615691466e-02,6.560187114600e+03
1900,0.000000000000e+00,3,5.749101815675e+00,8.551728250842e-08,5.674561783972e-04,1.369937635387e-03,8.419876833242e-04,6.024281217668e-02,6.026694033923e-02,6.420254501750e+03
1901,0.000000000000e+00,3,5.754399373372e+00,8.559602892380e-08,5.606888703389e-04,1.367167818811e-03,8.474576412151e-04,5.913525377889e-02,5.915978316223e-02,6.280575307920e+03
1902,0.000000000000e+00,3,5.759701812547e+00,8.567484818934e-08,5.539388661035e-04,1.364372486591e-03,8.523463461132e-04,5.803067106467e-02,5.805560816199e-02,6.141246764442e+03
1903,0.000000000000e+00,3,5.765009137699e+00,8.575374039108e-08,5.472120237179e-04,1.361552037628e-03,8.566516884952e-04,5.693026813495e-02,5.695561909929e-02,6.002377418087e+03
1904,0.000000000000e+00,3,5.770321353329e+00,8.583270561474e-08,5.405148681175e-04,1.358706937852e-03,8.603687955687e-04,5.583514566811e-02,5.586091627524e-02,5.864075592830e+03
1905,0.000000000000e+00,3,5.775638463945e+00,8.591174394575e-08,5.338211899706e-04,1.355834133672e-03,8.633773120550e-04,5.474361151053e-02,5.476980621528e-02,5.726439463787e+03
1906,0.000000000000e+00,3,5.780960474057e+00,8.599085546920e-08,5.270257550517e-04,1.352922118274e-03,8.652569952225e-04,5.364791727983e-02,5.367453635138e-02,5.589563173816e+03
1907,0.000000000000e+00,3,5.786287388180e+00,8.607004026993e-08,5.200998425105e-04,1.349975828088e-03,8.660907286586e-04,5.255018614672e-02,5.257723001251e-02,5.453535891895e+03
1908,0.000000000000e+00,3,5.791619210831e+00,8.614929843247e-08,5.131680459451e-04,1.347014242968e-03,8.665626966061e-04,5.146281069568e-02,5.149028650552e-02,5.318425409701e+03
1909,0.000000000000e+00,3,5.796955946535e+00,8.622863004118e-08,5.062946793355e-04,1.344042146822e-03,8.668462897739e-04,5.038741723233e-02,5.041533518117e-02,5.184288579670e+03
1910,0.000000000000e+00,3,5.802297599819e+00,8.630803518012e-08,4.994643635789e-04,1.341053260281e-03,8.667138366286e-04,4.932186034206e-02,4.935022785128e-02,5.051229176508e+03
1911,0.000000000000e+00,3,5.807644175213e+00,8.638751393309e-08,4.926967889550e-04,1.338049901034e-03,8.661744181192e-04,4.826986910922e-02,4.829869200721e-02,4.919323480322e+03
1912,0.000000000000e+00,3,5.812995677254e+00,8.646706638366e-08,4.860177945702e-04,1.335036030133e-03,8.653132833357e-04,4.723404824666e-02,4.726333267285e-02,4.788643727832e+03
1913,0.000000000000e+00,3,5.818352110481e+00,8.654669261518e-08,4.794579696824e-04,1.332016227756e-03,8.642500181624e-04,4.621731050365e-02,4.624706331715e-02,4.659268842055e+03
1914,0.000000000000e+00,3,5.823713479438e+00,8.662639271080e-08,4.730228602372e-04,1.328990964612e-03,8.629789134319e-04,4.521968230809e-02,4.524991014643e-02,4.531237628858e+03
1915,0.000000000000e+00,3,5.829079788672e+00,8.670616675343e-08,4.667096171359e-04,1.325958521231e-03,8.614049435332e-04,4.424183790146e-02,4.427254480197e-02,4.404577644194e+03
1916,0.000000000000e+00,3,5.834451042737e+00,8.678601482577e-08,4.604821221216e-04,1.322913700153e-03,8.593418360437e-04,4.328152971891e-02,4.331271669664e-02,4.395473066668e+03
1917,0.000000000000e+00,3,5.839827246189e+00,8.686593701037e-08,4.543169749178e-04,1.319857112017e-03,8.567785028178e-04,4.233912748161e-02,4.237079432836e-02,4.469582418103e+03
1918,0.000000000000e+00,3,5.845208403589e+00,8.694593338956e-08,4.482063347135e-04,1.316788555820e-03,8.536974838005e-04,4.141561060253e-02,4.144775533118e-02,4.542054858023e+03
1919,0.000000000000e+00,3,5.850594519500e+00,8.702600404546e-08,4.421691681885e-04,1.313710939301e-03,8.501645625639e-04,4.051347258877e-02,4.054609217903e-02,4.612367048953e+03
1920,0.000000000000e+00,3,5.855985598493e+00,8.710614905997e-08,4.362168512361e-04,1.310625858075e-03,8.462158706641e-04,3.963384695827e-02,3.966693750837e-02,4.680313919878e+03
1921,0.000000000000e+00,3,5.861381645140e+00,8.718636851483e-08,4.303780777697e-04,1.307532045544e-03,8.417786403098e-04,3.877906547512e-02,3.881261876946e-02,4.746108390153e+03
1922,0.000000000000e+00,3,5.866782664020e+00,8.726666249153e-08,4.246982747015e-04,1.304432973604e-03,8.369300122787e-04,3.795181444901e-02,3.798582085232e-02,4.809760044410e+03
1923,0.000000000000e+00,3,5.872188659713e+00,8.734703107133e-08,4.191881115852e-04,1.301334227854e-03,8.318653394651e-04,3.715274216432e-02,3.718719456637e-02,4.871218238309e+03
1924,0.000000000000e+00,3,5.877599636806e+00,8.742747433525e-08,4.138084503764e-04,1.298237445336e-03,8.266411981959e-04,3.637993805473e-02,3.641483058363e-02,4.930456110573e+03
1925,0.000000000000e+00,3,5.883015599889e+00,8.750799236410e-08,4.085502637184e-04,1.295138725938e-03,8.210904017526e-04,3.563473804372e-02,3.567005806737e-02,4.987446343079e+03
1926,0.000000000000e+00,5,5.888436553556e+00,8.758858523856e-08,4.034301513710e-04,1.292034817948e-03,8.150419853528e-04,3.491923770304e-02,3.495496481270e-02,5.042163620032e+03
1927,0.000000000000e+00,5,5.893862502406e+00,8.766925301735e-08,3.983925338527e-04,1.288640254979e-03,8.074850408828e-04,3.422583094663e-02,3.426191539299e-02,5.095736610061e+03
1928,0.000000000000e+00,5,5.899293451041e+00,8.774999580867e-08,3.935373839523e-04,1.285363640907e-03,7.998956939728e-04,3.356747305547e-02,3.360390024703e-02,5.144999140112e+03
1929,0.000000000000e+00,5,5.904729404070e+00,8.783081369230e-08,3.888282195484e-04,1.282192718324e-03,7.923097345753e-04,3.294109568417e-02,3.297785234275e-02,5.192782310979e+03
1930,0.000000000000e+00,5,5.910170366102e+00,8.791170674730e-08,3.842430602207e-04,1.279097215346e-03,7.846419640298e-04,3.234635070674e-02,3.238341858839e-02,5.238380526369e+03
1931,0.000000000000e+00,5,5.915616341755e+00,8.799267505180e-08,3.797862875577e-04,1.276055287182e-03,7.769120140784e-04,3.178415347270e-02,3.182151094737e-02,5.281837524892e+03
1932,0.000000000000e+00,5,5.921067335647e+00,8.807371868261e-08,3.754567533008e-04,1.273048282100e-03,7.690344948773e-04,3.125476444370e-02,3.129238460373e-02,5.323167206617e+03
1933,0.000000000000e+00,5,5.926523352402e+00,8.815483771492e-08,3.712664372042e-04,1.270066299264e-03,7.610144734956e-04,3.075950892941e-02,3.079736092231e-02,5.362457695393e+03
1934,0.000000000000e+00,5,5.931984396650e+00,8.823603222212e-08,3.672062486266e-04,1.267103018810e-03,7.529108210878e-04,3.029751146657e-02,3.033556438013e-02,5.399846073147e+03
1935,0.000000000000e+00,5,5.937450473022e+00,8.831730227562e-08,3.632764148365e-04,1.264151472827e-03,7.447648553537e-04,2.986869903949e-02,2.990692069908e-02,5.435508019729e+03
1936,0.000000000000e+00,5,5.942921586156e+00,8.839864794486e-08,3.594595469636e-04,1.261204983051e-03,7.365506922987e-04,2.947160183058e-02,2.950995883694e-02,5.469642690601e+03
1937,0.000000000000e+00,5,5.948397740692e+00,8.848006929747e-08,3.557601793219e-04,1.258260462854e-03,7.282930825694e-04,2.910645325142e-02,2.914491064300e-02,5.502454254371e+03
1938,0.000000000000e+00,5,5.953878941277e+00,8.856156639958e-08,3.521810428844e-04,1.255315206573e-03,7.199502357020e-04,2.877294947566e-02,2.881146989700e-02,5.534132767128e+03
1939,0.000000000000e+00,5,5.959365192559e+00,8.864313931631e-08,3.487283283859e-04,1.252369408190e-03,7.115062659080e-04,2.847085725846e-02,2.850940186640e-02,5.564837198532e+03
1940,0.000000000000e+00,5,5.964856499194e+00,8.872478811228e-08,3.453979240340e-04,1.249422520265e-03,7.029359756456e-04,2.819910249220e-02,2.823763192464e-02,5.594681881562e+03
1941,0.000000000000e+00,5,5.970352865838e+00,8.880651285213e-08,3.421829681642e-04,1.246474328821e-03,6.941913757475e-04,2.795651237048e-02,2.799498656944e-02,5.623724634477e+03
1942,0.000000000000e+00,5,5.975854297156e+00,8.888831360109e-08,3.390781954793e-04,1.243524066562e-03,6.852518148396e-04,2.774188395587e-02,2.778026316645e-02,5.654440138689e+03
1943,0.000000000000e+00,5,5.981360797813e+00,8.897019042536e-08,3.360708926589e-04,1.240570492317e-03,6.760798228455e-04,2.755352078568e-02,2.759176598924e-02,5.685276620490e+03
1944,0.000000000000e+00,5,5.986872372481e+00,8.905214339243e-08,3.331659091962e-04,1.237613345850e-03,6.666633059599e-04,2.739114567412e-02,2.742921777269e-02,5.715148128032e+03
1945,0.000000000000e+00,5,5.992389025835e+00,8.913417257133e-08,3.303544135695e-04,1.234652874407e-03,6.569792622089e-04,2.725319047047e-02,2.729105190954e-02,5.743809511604e+03
1946,0.000000000000e+00,5,5.997910762555e+00,8.921627803252e-08,3.276366967929e-04,1.231689896278e-03,6.470410759310e-04,2.713872411613e-02,2.717633924227e-02,5.769442945397e+03
1947,0.000000000000e+00,5,6.003437587326e+00,8.929845984764e-08,3.250079328653e-04,1.228724305897e-03,6.368531202512e-04,2.704616928978e-02,2.708350510411e-02,5.793481762694e+03
1948,0.000000000000e+00,5,6.008969504835e+00,8.938071808951e-08,3.224614006009e-04,1.225757795077e-03,6.264281007272e-04,2.697385037770e-02,2.701087706631e-02,5.815493130171e+03
1949,0.000000000000e+00,5,6.014506519775e+00,8.946305283189e-08,3.199977134401e-04,1.222791569510e-03,6.158015762774e-04,2.692052072242e-02,2.695721174948e-02,5.835199366747e+03
1950,0.000000000000e+00,5,6.020048636845e+00,8.954546414927e-08,3.176119736655e-04,1.219826657156e-03,6.049911184362e-04,2.688449046327e-02,2.692082272447e-02,5.852328779251e+03
1951,0.000000000000e+00,5,6.025595860744e+00,8.962795211656e-08,3.152986913841e-04,1.216864352885e-03,5.940328208167e-04,2.686398280924e-02,2.689993716509e-02,5.866661307587e+03
1952,0.000000000000e+00,5,6.031148196178e+00,8.971051680887e-08,3.130521683830e-04,1.213905749180e-03,5.829554837251e-04,2.685716972503e-02,2.689273083127e-02,5.888306794335e+03
1953,0.000000000000e+00,5,6.036705647858e+00,8.979315830135e-08,3.108660799013e-04,1.210952366802e-03,5.717908995506e-04,2.686235675430e-02,2.689751286982e-02,5.909906220828e+03
1954,0.000000000000e+00,5,6.042268220499e+00,8.987587666892e-08,3.087399255109e-04,1.208005867085e-03,5.605880504651e-04,2.687799739595e-02,2.691274050512e-02,5.927325381750e+03
1955,0.000000000000e+00,5,6.047835918818e+00,8.995867198615e-08,3.066658735331e-04,1.205067419126e-03,5.493703985796e-04,2.690210001504e-02,2.693642560729e-02,5.940496543881e+03
1956,0.000000000000e+00,5,6.053408747539e+00,9.004154432730e-08,3.046389352642e-04,1.202137366447e-03,5.381688318588e-04,2.693302054608e-02,2.696692716191e-02,5.949376058767e+03
1957,0.000000000000e+00,5,6.058986711390e+00,9.012449376617e-08,3.026534983392e-04,1.199216994984e-03,5.270151845544e-04,2.696906911356e-02,2.700255829358e-02,5.953940805811e+03
1958,0.000000000000e+00,5,6.064569815101e+00,9.020752037602e-08,3.007042000475e-04,1.196308683491e-03,5.159421515973e-04,2.700866809517e-02,2.704174413867e-02,5.954187093495e+03
1959,0.000000000000e+00,5,6.070158063410e+00,9.029062422956e-08,2.987863247147e-04,1.193414327349e-03,5.049849354652e-04,2.705029534839e-02,2.708296511176e-02,5.950130554667e+03
1960,0.000000000000e+00,5,6.075751461057e+00,9.037380539895e-08,2.968936431016e-04,1.190535840809e-03,4.941782279952e-04,2.709240511868e-02,2.712467785356e-02,5.941806969640e+03
1961,0.000000000000e+00,5,6.081350012787e+00,9.045706395580e-08,2.950202233493e-04,1.187674901761e-03,4.835562838191e-04,2.713361404369e-02,2.716550103267e-02,5.929272902298e+03
1962,0.000000000000e+00,5,6.086953723349e+00,9.054039997117e-08,2.931598354996e-04,1.184832811051e-03,4.731476370239e-04,2.717257341648e-02,2.720408767520e-02,5.912605859214e+03
1963,0.000000000000e+00,5,6.092562597497e+00,9.062381351559e-08,2.913073075837e-04,1.182010548692e-03,4.629923746756e-04,2.720805475776e-02,2.723921097472e-02,5.891904288971e+03
1964,0.000000000000e+00,5,6.098176639988e+00,9.070730465909e-08,2.894582882445e-04,1.179208758902e-03,4.531311409457e-04,2.723887909700e-02,2.726969346527e-02,5.867286309258e+03
1965,0.000000000000e+00,5,6.103795855585e+00,9.079087347123e-08,2.876076225031e-04,1.176428765136e-03,4.435968005920e-04,2.726395974443e-02,2.729444965284e-02,5.838887253116e+03
1966,0.000000000000e+00,5,6.109420249056e+00,9.087452002111e-08,2.857499854954e-04,1.173671406915e-03,4.344188941822e-04,2.728231050626e-02,2.731249428304e-02,5.806856635537e+03
1967,0.000000000000e+00,5,6.115049825170e+00,9.095824437741e-08,2.838809323189e-04,1.170937530089e-03,4.256339132855e-04,2.729302662618e-02,2.732292352090e-02,5.771355004304e+03
1968,0.000000000000e+00,5,6.120684588705e+00,9.104204660853e-08,2.819955215320e-04,1.168227638590e-03,4.172670813732e-04,2.729532707695e-02,2.732495689557e-02,5.732550351646e+03
1969,0.000000000000e+00,5,6.126324544439e+00,9.112592678241e-08,2.800894720884e-04,1.165542209475e-03,4.093494821205e-04,2.728849936975e-02,2.731788248759e-02,5.690614136087e+03
1970,0.000000000000e+00,5,6.131969697157e+00,9.120988496624e-08,2.781587140782e-04,1.162881476159e-03,4.019101037107e-04,2.727190478888e-02,2.730106203324e-02,5.645717401489e+03
1971,0.000000000000e+00,5,6.137620051648e+00,9.129392122718e-08,2.761994505147e-04,1.160245766140e-03,3.949780346953e-04,2.724499303241e-02,2.727394561405e-02,5.598027193430e+03
1972,0.000000000000e+00,5,6.143275612705e+00,9.137803563207e-08,2.742082774779e-04,1.157635222109e-03,3.885768504999e-04,2.720731197209e-02,2.723608132978e-02,5.547703565815e+03
1973,0.000000000000e+00,5,6.148936385126e+00,9.146222824746e-08,2.721811211246e-04,1.155050110256e-03,3.827218252231e-04,2.715849369002e-02,2.718710133181e-02,5.494897092454e+03
1974,0.000000000000e+00,5,6.154602373713e+00,9.154649913962e-08,2.701152184351e-04,1.152491216057e-03,3.774399911508e-04,2.709821368285e-02,2.712668140379e-02,5.439746822005e+03
1975,0.000000000000e+00,5,6.160273583272e+00,9.163084837463e-08,2.680083926102e-04,1.149958384594e-03,3.727467267865e-04,2.702622269512e-02,2.705457236907e-02,5.382378957886e+03
1976,0.000000000000e+00,5,6.165950018615e+00,9.171527601823e-08,2.658599178925e-04,1.147452012362e-03,3.686608399437e-04,2.694231603948e-02,2.697056973819e-02,5.322906370032e+03
1977,0.000000000000e+00,5,6.171631684556e+00,9.179978213589e-08,2.636674441646e-04,1.144972056476e-03,3.651816443920e-04,2.684639072175e-02,2.687457039563e-02,5.261428461610e+03
1978,0.000000000000e+00,5,6.177318585915e+00,9.188436679287e-08,2.614299366836e-04,1.142518375884e-03,3.623178467317e-04,2.673839649678e-02,2.676652415411e-02,5.198032110399e+03
1979,0.000000000000e+00,5,6.183010727517e+00,9.196903005422e-08,2.591466825077e-04,1.140091313972e-03,3.600675723000e-04,2.661832525713e-02,2.664642289986e-02,5.132792133897e+03
1980,0.000000000000e+00,5,6.188708114190e+00,9.205377198470e-08,2.568169064978e-04,1.137691252111e-03,3.584216351738e-04,2.648624293844e-02,2.651433248964e-02,5.065772587312e+03
1981,0.000000000000e+00,5,6.194410750768e+00,9.213859264874e-08,2.544401113533e-04,1.135318313594e-03,3.573662231785e-04,2.634226570346e-02,2.637036898590e-02,4.997002948238e+03
1982,0.000000000000e+00,5,6.200118642087e+00,9.222349211059e-08,2.520159843012e-04,1.132972678859e-03,3.568860236670e-04,2.618657398339e-02,2.621471273482e-02,4.926525958460e+03
1983,0.000000000000e+00,5,6.205831792991e+00,9.230847043432e-08,2.495451801914e-04,1.130654399663e-03,3.569598246344e-04,2.601940263748e-02,2.604759847080e-02,4.854388690967e+03
1984,0.000000000000e+00,5,6.211550208324e+00,9.239352768376e-08,2.470271062258e-04,1.128363789025e-03,3.575540175570e-04,2.584101901888e-02,2.586929330386e-02,4.780651620970e+03
1985,0.000000000000e+00,5,6.217273892940e+00,9.247866392255e-08,2.444636344169e-04,1.126100725882e-03,3.586562254936e-04,2.565169081317e-02,2.568006505396e-02,4.705375285104e+03
1986,0.000000000000e+00,5,6.223002851692e+00,9.256387921407e-08,2.418568608901e-04,1.123865859982e-03,3.602214146166e-04,2.545176668847e-02,2.548026209136e-02,4.628629368920e+03
1987,0.000000000000e+00,5,6.228737089440e+00,9.264917362139e-08,2.392085384595e-04,1.121659167594e-03,3.622086934417e-04,2.524172541272e-02,2.527036281817e-02,4.550490533539e+03
1988,0.000000000000e+00,5,6.234476611050e+00,9.273454720737e-08,2.365204037332e-04,1.119479709559e-03,3.645781666701e-04,2.502205548568e-02,2.505085536842e-02,4.471037252676e+03
1989,0.000000000000e+00,5,6.240221421390e+00,9.282000003465e-08,2.337945857408e-04,1.117327712397e-03,3.672875900768e-04,2.479333335259e-02,2.482231576690e-02,4.390353486008e+03
1990,0.000000000000e+00,5,6.245971525333e+00,9.290553216559e-08,2.310342441258e-04,1.115203518938e-03,3.702953282808e-04,2.455621284649e-02,2.458539736719e-02,4.308528603117e+03
1991,0.000000000000e+00,5,6.251726927757e+00,9.299114366233e-08,2.282426463862e-04,1.113106992780e-03,3.735631962733e-04,2.431138888749e-02,2.434079458406e-02,4.225657616188e+03
1992,0.000000000000e+00,5,6.257487633544e+00,9.307683458680e-08,2.254228518525e-04,1.111037871824e-03,3.770467401498e-04,2.405964116053e-02,2.408928636619e-02,4.141840586491e+03
1993,0.000000000000e+00,5,6.263253647582e+00,9.316260500069e-08,2.225782310638e-04,1.108996236818e-03,3.807186164246e-04,2.380150397626e-02,2.383140683886e-02,4.057181368480e+03
1994,0.000000000000e+00,3,6.269024974762e+00,9.324845496551e-08,2.197134538877e-04,1.106981596742e-03,3.845414281157e-04,2.353770156408e-02,2.356787960948e-02,3.971786289507e+03
1995,0.000000000000e+00,3,6.274801619979e+00,9.333438425365e-08,2.168930404970e-04,1.105062448608e-03,3.885769134353e-04,2.327174445582e-02,2.330221636757e-02,3.889241245712e+03
1996,0.000000000000e+00,3,6.280583588133e+00,9.342039320340e-08,2.140516985026e-04,1.103259978066e-03,3.926698400994e-04,2.300208720690e-02,2.303287229561e-02,3.804277945273e+03
1997,0.000000000000e+00,3,6.286370884130e+00,9.350648188840e-08,2.111894528359e-04,1.101462735936e-03,3.967590953368e-04,2.272829195420e-02,2.275940451942e-02,3.718550826246e+03
1998,0.000000000000e+00,3,6.292163512880e+00,9.359265037027e-08,2.083175732479e-04,1.099626851260e-03,4.008509246008e-04,2.245211229385e-02,2.248356295925e-02,3.632219159393e+03
1999,0.000000000000e+00,3,6.297961479295e+00,9.367889871130e-08,2.054459177817e-04,1.097743701371e-03,4.049384593726e-04,2.217484335261e-02,2.220664094652e-02,3.545414294483e+03
2000,0.000000000000e+00,3,6.303764788295e+00,9.376522697476e-08,2.025831944572e-04,1.095828287758e-03,4.090146887836e-04,2.189764704542e-02,2.192979978770e-02,3.458150018691e+03
2001,0.000000000000e+00,3,6.309573444802e+00,9.385163522527e-08,1.997364964269e-04,1.093905146862e-03,4.130645727184e-04,2.162148884839e-02,2.165400483746e-02,3.370377628550e+03
2002,0.000000000000e+00,3,6.315387453744e+00,9.393812352906e-08,1.969121390002e-04,1.091996575832e-03,4.170599640031e-04,2.134758780543e-02,2.138047415368e-02,3.281977843007e+03
2003,0.000000000000e+00,5,6.321206820053e+00,9.402469195416e-08,1.941161845464e-04,1.090116159556e-03,4.209743652745e-04,2.107697047948e-02,2.111023302438e-02,3.194834112230e+03
2004,0.000000000000e+00,5,6.327031548665e+00,9.411134063320e-08,1.912865370880e-04,1.087954617917e-03,4.246257141721e-04,2.080894969295e-02,2.084257493955e-02,3.114118524295e+03
2005,0.000000000000e+00,5,6.332861644522e+00,9.419806957925e-08,1.885323523776e-04,1.085959928309e-03,4.281893048739e-04,2.054828591174e-02,2.058228008276e-02,3.024047478604e+03
2006,0.000000000000e+00,5,6.338697112569e+00,9.428487886513e-08,1.858342731314e-04,1.084107951159e-03,4.316006798191e-04,2.029463567986e-02,2.032900245836e-02,2.937184348336e+03
2007,0.000000000000e+00,5,6.344537957757e+00,9.437176856376e-08,1.831972574713e-04,1.082366145620e-03,4.348044355250e-04,2.004939159036e-02,2.008412895172e-02,2.850530643994e+03
2008,0.000000000000e+00,5,6.350384185040e+00,9.445873874734e-08,1.806290575132e-04,1.080704148881e-03,4.377549623498e-04,1.981418186043e-02,1.984928161216e-02,2.816887766112e+03
2009,0.000000000000e+00,5,6.356235799378e+00,9.454578948647e-08,1.781375280969e-04,1.079100905922e-03,4.404193246640e-04,1.959049285931e-02,1.962594128688e-02,2.901934575827e+03
2010,0.000000000000e+00,5,6.362092805735e+00,9.463292084926e-08,1.757306923321e-04,1.077542036137e-03,4.427845529758e-04,1.937970319423e-02,1.941548176514e-02,2.987227175356e+03
2011,0.000000000000e+00,5,6.367955209079e+00,9.472013290069e-08,1.734164434267e-04,1.076016402436e-03,4.448464132618e-04,1.918301103456e-02,1.921909688941e-02,3.071555954899e+03
2012,0.000000000000e+00,5,6.373823014383e+00,9.480742570224e-08,1.712025461940e-04,1.074515043639e-03,4.466243771425e-04,1.900146756365e-02,1.903783432529e-02,3.155579590942e+03
2013,0.000000000000e+00,5,6.379696226626e+00,9.489479931183e-08,1.690977497258e-04,1.073030720910e-03,4.481418359711e-04,1.883619137971e-02,1.887280916491e-02,3.238957452189e+03
2014,0.000000000000e+00,5,6.385574850788e+00,9.498225378405e-08,1.671101096086e-04,1.071559578998e-03,4.494328734669e-04,1.868809211754e-02,1.872492837427e-02,3.321403112367e+03
2015,0.000000000000e+00,5,6.391458891858e+00,9.506978917076e-08,1.652464360529e-04,1.070100478651e-03,4.505305169307e-04,1.855770871596e-02,1.859472914436e-02,3.402712073915e+03
2016,0.000000000000e+00,5,6.397348354826e+00,9.515740552177e-08,1.635133037687e-04,1.068653953847e-03,4.514586253877e-04,1.844563453084e-02,1.848280298032e-02,3.482789123559e+03
2017,0.000000000000e+00,5,6.403243244689e+00,9.524510288568e-08,1.619174610493e-04,1.067220070029e-03,4.522383538262e-04,1.835238862627e-02,1.838966730967e-02,3.561566774249e+03
2018,0.000000000000e+00,5,6.409143566448e+00,9.533288131075e-08,1.604626429808e-04,1.065798510825e-03,4.529144544999e-04,1.827786742693e-02,1.831521891502e-02,3.639098321785e+03
2019,0.000000000000e+00,5,6.415049325107e+00,9.542074084562e-08,1.591521351051e-04,1.064388564879e-03,4.534847844345e-04,1.822231832283e-02,1.825970388389e-02,3.715418255644e+03
2020,0.000000000000e+00,5,6.420960525676e+00,9.550868153995e-08,1.579885723538e-04,1.062989211896e-03,4.539630110790e-04,1.818579599095e-02,1.822317658076e-02,3.790496225926e+03
2021,0.000000000000e+00,5,6.426877173170e+00,9.559670344487e-08,1.569742363311e-04,1.061599672372e-03,4.543580108678e-04,1.816833972431e-02,1.820567615649e-02,3.864279611014e+03
2022,0.000000000000e+00,5,6.432799272609e+00,9.568480661319e-08,1.561101807493e-04,1.060219580071e-03,4.546538551686e-04,1.816974036819e-02,1.820699346740e-02,3.936690059534e+03
2023,0.000000000000e+00,5,6.438726829015e+00,9.577299109952e-08,1.553980943809e-04,1.058848195973e-03,4.548279053439e-04,1.818999616280e-02,1.822712640259e-02,4.007643408959e+03
2024,0.000000000000e+00,5,6.444659847417e+00,9.586125696018e-08,1.548397974734e-04,1.057484640374e-03,4.548694777321e-04,1.822921308206e-02,1.826618090791e-02,4.077071726650e+03
2025,0.000000000000e+00,5,6.450598332848e+00,9.594960425307e-08,1.544358231523e-04,1.056128433823e-03,4.547611026481e-04,1.828728115364e-02,1.832404751535e-02,4.144934453303e+03
2026,0.000000000000e+00,5,6.456542290347e+00,9.603803303744e-08,1.541841252719e-04,1.054778833594e-03,4.545066297024e-04,1.836364634519e-02,1.840017430624e-02,4.211224241260e+03
2027,0.000000000000e+00,5,6.462491724954e+00,9.612654337371e-08,1.540808919120e-04,1.053434644830e-03,4.541006880124e-04,1.845741431589e-02,1.849366962329e-02,4.275969182435e+03
2028,0.000000000000e+00,5,6.468446641717e+00,9.621513532323e-08,1.541227786732e-04,1.052095002420e-03,4.535171611341e-04,1.856818778498e-02,1.860413752795e-02,4.339232127211e+03
2029,0.000000000000e+00,5,6.474407045688e+00,9.630380894802e-08,1.543099158070e-04,1.050759550523e-03,4.527350373695e-04,1.869587085503e-02,1.873148320943e-02,4.401101368246e+03
2030,0.000000000000e+00,5,6.480372941923e+00,9.639256431053e-08,1.546401352872e-04,1.049428279478e-03,4.517387930173e-04,1.883992938576e-02,1.887517471397e-02,4.461682319322e+03
2031,0.000000000000e+00,5,6.486344335482e+00,9.648140147369e-08,1.551107595947e-04,1.048101587477e-03,4.505130620995e-04,1.899984445085e-02,1.903469536035e-02,4.521102722977e+03
2032,0.000000000000e+00,5,6.492321231432e+00,9.657032050072e-08,1.557176822221e-04,1.046779750034e-03,4.490589688282e-04,1.917480379868e-02,1.920923607322e-02,4.579492745712e+03
2033,0.000000000000e+00,5,6.498303634842e+00,9.665932145512e-08,1.564562609110e-04,1.045463626971e-03,4.473804412194e-04,1.936403362358e-02,1.939802619318e-02,4.636980990728e+03
2034,0.000000000000e+00,5,6.504291550788e+00,9.674840440064e-08,1.573213984827e-04,1.044153616426e-03,4.454619992960e-04,1.956674598475e-02,1.960028039651e-02,4.693686762529e+03
2035,0.000000000000e+00,5,6.510284984349e+00,9.683756940124e-08,1.583081554096e-04,1.042849975707e-03,4.433006418859e-04,1.978210958805e-02,1.981517026817e-02,4.749714182796e+03
2036,0.000000000000e+00,5,6.516283940608e+00,9.692681652108e-08,1.594113882836e-04,1.041552843217e-03,4.409018804418e-04,2.000924290413e-02,2.004181729236e-02,4.805138207472e+03
2037,0.000000000000e+00,5,6.522288424656e+00,9.701614582457e-08,1.606248906575e-04,1.040262129045e-03,4.382821989107e-04,2.024720060782e-02,2.027927931145e-02,4.860036423258e+03
2038,0.000000000000e+00,5,6.528298441586e+00,9.710555737635e-08,1.619423373137e-04,1.038977775662e-03,4.354441476568e-04,2.049500747985e-02,2.052658382059e-02,4.914465159820e+03
2039,0.000000000000e+00,5,6.534313996496e+00,9.719505124130e-08,1.633578813885e-04,1.037700092489e-03,4.323982012752e-04,2.075180698342e-02,2.078287681148e-02,4.968454905383e+03
2040,0.000000000000e+00,5,6.540335094489e+00,9.728462748458e-08,1.648648057413e-04,1.036429143460e-03,4.291557826453e-04,2.101661420089e-02,2.104717588962e-02,5.022016932642e+03
2041,0.000000000000e+00,5,6.546361740673e+00,9.737428617158e-08,1.664572795008e-04,1.035164846335e-03,4.257356906155e-04,2.128854269879e-02,2.131859693792e-02,5.075143952348e+03
2042,0.000000000000e+00,5,6.552393940160e+00,9.746402736798e-08,1.681280612409e-04,1.033906855323e-03,4.221485749124e-04,2.156661647772e-02,2.159616600573e-02,5.127810615974e+03
2043,0.000000000000e+00,5,6.558431698067e+00,9.755385113975e-08,1.698705830720e-04,1.032654928620e-03,4.184112566460e-04,2.184991738235e-02,2.187896683602e-02,5.179974129309e+03
2044,0.000000000000e+00,5,6.564475019517e+00,9.764375755317e-08,1.716774994981e-04,1.031408867227e-03,4.145269172456e-04,2.213756640928e-02,2.216612181924e-02,5.231575406872e+03
2045,0.000000000000e+00,5,6.570523909636e+00,9.773374667482e-08,1.735431322715e-04,1.030168587677e-03,4.105105623663e-04,2.242869756069e-02,2.245676641301e-02,5.282542666757e+03
2046,0.000000000000e+00,5,6.576578373554e+00,9.782381857164e-08,1.754607561536e-04,1.028934096498e-03,4.063710270429e-04,2.272249965323e-02,2.275009054387e-02,5.332794036287e+03
2047,0.000000000000e+00,5,6.582638416409e+00,9.791397331092e-08,1.774233473624e-04,1.027705372292e-03,4.021052039326e-04,2.301818076600e-02,2.304530303007e-02,5.382242981124e+03
2048,0.000000000000e+00,5,6.588704043341e+00,9.800421096023e-08,1.794239666193e-04,1.026482068705e-03,3.977211624078e-04,2.331479860013e-02,2.334146255667e-02,5.430798844014e+03
2049,0.000000000000e+00,5,6.594775259495e+00,9.809453158775e-08,1.814566119135e-04,1.025263966239e-03,3.932199008222e-04,2.361171890014e-02,2.363793527388e-02,5.478358866821e+03
2050,0.000000000000e+00,5,6.600852070022e+00,9.818493526200e-08,1.835147638657e-04,1.024050407081e-03,3.886137282222e-04,2.390811170388e-02,2.393389192713e-02,5.524828185216e+03
2051,0.000000000000e+00,5,6.606934480076e+00,9.827542205194e-08,1.855930114330e-04,1.022841077160e-03,3.838997529941e-04,2.420345750973e-02,2.422881307619e-02,5.570119326194e+03
2052,0.000000000000e+00,5,6.613022494818e+00,9.836599202699e-08,1.876858230418e-04,1.021636004891e-03,3.790817146710e-04,2.449710101394e-02,2.452204369804e-02,5.614155157202e+03
2053,0.000000000000e+00,5,6.619116119411e+00,9.845664525706e-08,1.897881375671e-04,1.020435006370e-03,3.741662105424e-04,2.478844197702e-02,2.481298376135e-02,5.656870165787e+03
2054,0.000000000000e+00,5,6.625215359026e+00,9.854738181255e-08,1.918945871355e-04,1.019237621562e-03,3.691629328376e-04,2.507685615517e-02,2.510100923788e-02,5.698211418403e+03
2055,0.000000000000e+00,5,6.631320218836e+00,9.863820176429e-08,1.940001514024e-04,1.018043244014e-03,3.640771002195e-04,2.536179014298e-02,2.538556675548e-02,5.738139128553e+03
2056,0.000000000000e+00,5,6.637430704019e+00,9.872910518365e-08,1.961010906273e-04,1.016851053837e-03,3.589148470146e-04,2.564284409962e-02,2.566625635125e-02,5.776625799402e+03
2057,0.000000000000e+00,5,6.643546819760e+00,9.882009214244e-08,1.981929504320e-04,1.015660393653e-03,3.536903027402e-04,2.591950784238e-02,2.594256791650e-02,5.813654694721e+03
2058,0.000000000000e+00,5,6.649668571247e+00,9.891116271292e-08,2.002720736595e-04,1.014470488589e-03,3.484136909283e-04,2.619136563786e-02,2.621408562875e-02,5.849217706598e+03
2059,0.000000000000e+00,5,6.655795963672e+00,9.900231696773e-08,2.023349095608e-04,1.013281067029e-03,3.430963272459e-04,2.645803859617e-02,2.648043049843e-02,5.883313193106e+03
2060,0.000000000000e+00,5,6.661929002235e+00,9.909355497987e-08,2.043772688257e-04,1.012091699974e-03,3.377531536210e-04,2.671906425351e-02,2.674114005523e-02,5.915943908346e+03
2061,0.000000000000e+00,5,6.668067692136e+00,9.918487682262e-08,2.063957668863e-04,1.010901903575e-03,3.323961249735e-04,2.697408268641e-02,2.699585423409e-02,5.947116367727e+03
2062,0.000000000000e+00,5,6.674212038585e+00,9.927628256953e-08,2.083870824055e-04,1.009711658291e-03,3.270354007076e-04,2.722277802502e-02,2.724425697944e-02,5.976833446875e+03
2063,0.000000000000e+00,5,6.680362046792e+00,9.936777229436e-08,2.103483226480e-04,1.008520116151e-03,3.216789979135e-04,2.746488997077e-02,2.748608771226e-02,6.005098292694e+03
2064,0.000000000000e+00,5,6.686517721976e+00,9.945934607102e-08,2.122762132613e-04,1.007326354045e-03,3.163426042378e-04,2.770003784793e-02,2.772096565768e-02,6.031912974043e+03
2065,0.000000000000e+00,5,6.692679069358e+00,9.955100397354e-08,2.141686706893e-04,1.006129988416e-03,3.110274387861e-04,2.792808710239e-02,2.794875584063e-02,6.057277097713e+03
2066,0.000000000000e+00,5,6.698846094165e+00,9.964274607607e-08,2.160226832113e-04,1.004930755095e-03,3.057482073441e-04,2.814871024875e-02,2.816913066207e-02,6.081188079236e+03
2067,0.000000000000e+00,5,6.705018801628e+00,9.973457245284e-08,2.178360894539e-04,1.003728713989e-03,3.005100025118e-04,2.836172222182e-02,2.838190475536e-02,6.103641342537e+03
2068,0.000000000000e+00,5,6.711197196984e+00,9.982648317817e-08,2.196061829725e-04,1.002522922567e-03,2.953201838382e-04,2.856684433780e-02,2.858679920028e-02,6.124631599452e+03
2069,0.000000000000e+00,5,6.717381285474e+00,9.991847832646e-08,2.213308993790e-04,1.001313183928e-03,2.901774238902e-04,2.876391521009e-02,2.878365224585e-02,6.144153598865e+03
2070,0.000000000000e+00,5,6.723571072343e+00,1.000105579722e-07,2.230081482991e-04,1.000099341601e-03,2.850885697923e-04,2.895271514492e-02,2.897224397734e-02,6.162198079245e+03
2071,0.000000000000e+00,5,6.729766562843e+00,1.001027221900e-07,2.246358929009e-04,9.988812240511e-04,2.800556971323e-04,2.913304736143e-02,2.915237734287e-02,6.178755996002e+03
2072,0.000000000000e+00,5,6.735967762229e+00,1.001949710548e-07,2.262123077146e-04,9.976584808511e-04,2.750825283631e-04,2.930473066905e-02,2.932387089788e-02,6.193819954945e+03
2073,0.000000000000e+00,5,6.742174675762e+00,1.002873046414e-07,2.277356656027e-04,9.964308610409e-04,2.701669551243e-04,2.946761518958e-02,2.948657445582e-02,6.207382487857e+03
2074,0.000000000000e+00,5,6.748387308708e+00,1.003797230251e-07,2.292044111944e-04,9.951984297194e-04,2.653135156932e-04,2.962152502703e-02,2.964031192085e-02,6.219437336833e+03
2075,0.000000000000e+00,5,6.754605666335e+00,1.004722262816e-07,2.306167175996e-04,9.939612355318e-04,2.605253975838e-04,2.976627193403e-02,2.978489485195e-02,6.229979838760e+03
2076,0.000000000000e+00,5,6.760829753920e+00,1.005648144867e-07,2.319710418418e-04,9.927193154301e-04,2.558105747715e-04,2.990164186712e-02,2.992010908408e-02,6.239007674397e+03
2077,0.000000000000e+00,5,6.767059576742e+00,1.006574877168e-07,2.332654396750e-04,9.914724349663e-04,2.511678386887e-04,3.002743386913e-02,3.004575345041e-02,6.246521604250e+03
2078,0.000000000000e+00,5,6.773295140086e+00,1.007502460485e-07,2.344991151041e-04,9.902206426545e-04,2.466030040238e-04,3.014358518055e-02,3.016176499038e-02,6.252526963164e+03
2079,0.000000000000e+00,5,6.779536449242e+00,1.008430895592e-07,2.356706976135e-04,9.889645066195e-04,2.421248808936e-04,3.024989341187e-02,3.026794124747e-02,6.257033203674e+03
2080,0.000000000000e+00,5,6.785783509504e+00,1.009360183267e-07,2.367796132865e-04,9.877038208664e-04,2.377340555869e-04,3.034631934986e-02,3.036424276988e-02,6.260052233845e+03
2081,0.000000000000e+00,5,6.792036326172e+00,1.010290324290e-07,2.378245482637e-04,9.864387236884e-04,2.334396157983e-04,3.043270311180e-02,3.045050959535e-02,6.261599977425e+03
2082,0.000000000000e+00,5,6.798294904550e+00,1.011221319452e-07,2.388047453470e-04,9.851689843323e-04,2.292485008419e-04,3.050894961925e-02,3.052664651382e-02,6.261697797361e+03
2083,0.000000000000e+00,5,6.804559249946e+00,1.012153169546e-07,2.397190301877e-04,9.838945929204e-04,2.251642512304e-04,3.057493728182e-02,3.059253180942e-02,6.260371180101e+03
2084,0.000000000000e+00,5,6.810829367676e+00,1.013085875371e-07,2.405659324952e-04,9.826154078810e-04,2.211986447425e-04,3.063048905860e-02,3.064798841388e-02,6.257649044911e+03
2085,0.000000000000e+00,5,6.817105263059e+00,1.014019437731e-07,2.413448106426e-04,9.813312928712e-04,2.173594062952e-04,3.067557208522e-02,3.069298333970e-02,6.253563408139e+03
2086,0.000000000000e+00,5,6.823386941417e+00,1.014953857435e-07,2.420549478855e-04,9.800421774285e-04,2.136589487973e-04,3.071013378079e-02,3.072746394104e-02,6.248148629044e+03
2087,0.000000000000e+00,5,6.829674408080e+00,1.015889135299e-07,2.426955709167e-04,9.787476889874e-04,2.101094752142e-04,3.073412806437e-02,3.075138406718e-02,6.241440666295e+03
2088,0.000000000000e+00,5,6.835967668381e+00,1.016825272141e-07,2.432671317517e-04,9.774477953952e-04,2.067179241034e-04,3.074767167638e-02,3.076486029399e-02,6.233476395675e+03
2089,0.000000000000e+00,5,6.842266727660e+00,1.017762268785e-07,2.437682946721e-04,9.761418644891e-04,2.034985936847e-04,3.075063838054e-02,3.076776638642e-02,6.224293130710e+03
2090,0.000000000000e+00,5,6.848571591259e+00,1.018700126059e-07,2.441992804549e-04,9.748303953561e-04,2.004572028493e-04,3.074313991324e-02,3.076021395250e-02,6.213928193775e+03
2091,0.000000000000e+00,5,6.854882264527e+00,1.019638844793e-07,2.445602342536e-04,9.735132550400e-04,1.975974022616e-04,3.072526822565e-02,3.074229480760e-02,6.202418721081e+03
2092,0.000000000000e+00,5,6.861198752817e+00,1.020578425823e-07,2.448514463179e-04,9.721900760570e-04,1.949263639623e-04,3.069713253864e-02,3.071411805924e-02,6.189801648705e+03
2093,0.000000000000e+00,5,6.867521061488e+00,1.021518869986e-07,2.450731404059e-04,9.708604119707e-04,1.924453036621e-04,3.065884018959e-02,3.067579090667e-02,6.176113646362e+03
2094,0.000000000000e+00,5,6.873849195903e+00,1.022460178125e-07,2.452270758004e-04,9.695239059608e-04,1.901554728932e-04,3.061071394433e-02,3.062763588997e-02,6.161391265052e+03
2095,0.000000000000e+00,5,6.880183161430e+00,1.023402351084e-07,2.453126185791e-04,9.681802659918e-04,1.880653634739e-04,3.055273304574e-02,3.056963225904e-02,6.145671067747e+03
2096,0.000000000000e+00,5,6.886522963443e+00,1.024345389708e-07,2.453304833971e-04,9.668292486435e-04,1.861712632353e-04,3.048508054871e-02,3.050196291459e-02,6.128989657958e+03
2097,0.000000000000e+00,5,6.892868607318e+00,1.025289294849e-07,2.452813420877e-04,9.654707096184e-04,1.844683259149e-04,3.040795889582e-02,3.042483014580e-02,6.111383660072e+03
2098,0.000000000000e+00,5,6.899220098440e+00,1.026234067356e-07,2.451667368613e-04,9.641044897141e-04,1.829522296085e-04,3.032164793266e-02,3.033851362651e-02,6.092889613502e+03
2099,0.000000000000e+00,5,6.905577442197e+00,1.027179708085e-07,2.449881898435e-04,9.627307770401e-04,1.816196927267e-04,3.022642484033e-02,3.024329039809e-02,6.073543842002e+03
2100,0.000000000000e+00,5,6.911940643980e+00,1.028126217892e-07,2.447463992931e-04,9.613489080516e-04,1.804667937394e-04,3.012243582868e-02,3.013930657861e-02,6.053382352326e+03
2101,0.000000000000e+00,5,6.918309709189e+00,1.029073597634e-07,2.444418836145e-04,9.599585746181e-04,1.794834420901e-04,3.000983182037e-02,3.002671298182e-02,6.032440741887e+03
2102,0.000000000000e+00,5,6.924684643226e+00,1.030021848173e-07,2.440761886986e-04,9.585596721954e-04,1.786592846127e-04,2.988889183679e-02,2.990578847318e-02,6.010754074017e+03
2103,0.000000000000e+00,5,6.931065451499e+00,1.030970970371e-07,2.436506669004e-04,9.571522592708e-04,1.779901516701e-04,2.975985875046e-02,2.977677584018e-02,5.988356766137e+03
2104,0.000000000000e+00,5,6.937452139421e+00,1.031920965093e-07,2.431661384238e-04,9.557364066266e-04,1.774632197680e-04,2.962291133050e-02,2.963985375704e-02,5.965282642992e+03
2105,0.000000000000e+00,5,6.943844712410e+00,1.032871833205e-07,2.426237418017e-04,9.543120629956e-04,1.770724976146e-04,2.947826039007e-02,2.949523297226e-02,5.941565137298e+03
2106,0.000000000000e+00,5,6.950243175888e+00,1.033823575578e-07,2.420243099260e-04,9.528792563295e-04,1.768035752145e-04,2.932613682286e-02,2.934314426065e-02,5.917237626983e+03
2107,0.000000000000e+00,5,6.956647535284e+00,1.034776193083e-07,2.413690717412e-04,9.514379145550e-04,1.766580559271e-04,2.916674893080e-02,2.918379592163e-02,5.892333761600e+03
2108,0.000000000000e+00,3,6.963057796029e+00,1.035729686593e-07,2.406584321692e-04,9.499882200485e-04,1.766272610785e-04,2.900029780050e-02,2.901738899016e-02,5.866887642190e+03
2109,0.000000000000e+00,3,6.969473963563e+00,1.036684057214e-07,2.399254345842e-04,9.486966258127e-04,1.769633747009e-04,2.880807448937e-02,2.882523306624e-02,5.837375087750e+03
2110,0.000000000000e+00,3,6.975896043328e+00,1.037639305616e-07,2.391358432267e-04,9.475248562789e-04,1.774571816980e-04,2.862371163432e-02,2.864093832403e-02,5.809439253548e+03
2111,0.000000000000e+00,3,6.982324040772e+00,1.038595432209e-07,2.382839790413e-04,9.463056791041e-04,1.779118369194e-04,2.843495919327e-02,2.845225528209e-02,5.781421208739e+03
2112,0.000000000000e+00,3,6.988757961347e+00,1.039552438170e-07,2.373799074832e-04,9.449746781963e-04,1.783776649776e-04,2.824201080178e-02,2.825937577305e-02,5.753285465581e+03
2113,0.000000000000e+00,3,6.995197810512e+00,1.040510324633e-07,2.364316603153e-04,9.435203683370e-04,1.788581665690e-04,2.804497390393e-02,2.806240691978e-02,5.725078639334e+03
2114,0.000000000000e+00,3,7.001643593730e+00,1.041469092530e-07,2.354447712541e-04,9.419726761682e-04,1.793560568223e-04,2.784428167367e-02,2.786178273695e-02,5.697000600832e+03
2115,0.000000000000e+00,3,7.008095316468e+00,1.042428742819e-07,2.344226310460e-04,9.403731919209e-04,1.798633117829e-04,2.764031027408e-02,2.765788058707e-02,5.669316654152e+03
2116,0.000000000000e+00,3,7.014552984200e+00,1.043389276484e-07,2.333675378246e-04,9.387546440266e-04,1.803667937278e-04,2.743350550766e-02,2.745114710369e-02,5.642313416889e+03
2117,0.000000000000e+00,3,7.021016602403e+00,1.044350694532e-07,2.322814384579e-04,9.371356965989e-04,1.808537606885e-04,2.722430915772e-02,2.724202443246e-02,5.616243007967e+03
2118,0.000000000000e+00,3,7.027486176561e+00,1.045312997995e-07,2.311661762721e-04,9.355245721839e-04,1.813162708971e-04,2.701311980194e-02,2.703091121384e-02,5.591280812773e+03
2119,0.000000000000e+00,3,7.033961712162e+00,1.046276187915e-07,2.300233889011e-04,9.339223227617e-04,1.817528082497e-04,2.680023781891e-02,2.681810774267e-02,5.567503016725e+03
2120,0.000000000000e+00,3,7.040443214700e+00,1.047240265346e-07,2.288547433794e-04,9.323268010514e-04,1.821645113051e-04,2.658589747089e-02,2.660384814269e-02,5.544888950460e+03
2121,0.000000000000e+00,3,7.046930689671e+00,1.048205231337e-07,2.276617126845e-04,9.307358163331e-04,1.825553642455e-04,2.637023024273e-02,2.638826384079e-02,5.523345677735e+03
2122,0.000000000000e+00,3,7.053424142581e+00,1.049171086926e-07,2.264455350446e-04,9.291483044049e-04,1.829289714741e-04,2.615328237244e-02,2.617140110910e-02,5.502740324958e+03
2123,0.000000000000e+00,3,7.059923578937e+00,1.050137833138e-07,2.252073141555e-04,9.275654189088e-04,1.832904534422e-04,2.593503763004e-02,2.595324388593e-02,5.482930027763e+03
2124,0.000000000000e+00,3,7.066429004252e+00,1.051105470972e-07,2.239476471101e-04,9.259886195216e-04,1.836431651698e-04,2.571539634504e-02,2.573369272893e-02,5.463785559511e+03
2125,0.000000000000e+00,3,7.072940424046e+00,1.052074001405e-07,2.226668677529e-04,9.244182041124e-04,1.839889841900e-04,2.549424159935e-02,2.551263091534e-02,5.445204145035e+03
2126,0.000000000000e+00,3,7.079457843841e+00,1.053043425391e-07,2.213650349542e-04,9.228538501581e-04,1.843277902483e-04,2.527144916901e-02,2.528993439184e-02,5.427107554982e+03
2127,0.000000000000e+00,3,7.085981269168e+00,1.054013743861e-07,2.200421360214e-04,9.212954008947e-04,1.846573242241e-04,2.504693126521e-02,2.506551551213e-02,5.409432808743e+03
2128,0.000000000000e+00,3,7.092510705559e+00,1.054984957724e-07,2.186991388591e-04,9.197425952921e-04,1.849738188753e-04,2.482076341770e-02,2.483944982696e-02,5.392120158440e+03
2129,0.000000000000e+00,3,7.099046158553e+00,1.055957067877e-07,2.173357501196e-04,9.181954615227e-04,1.852732394546e-04,2.459286931151e-02,2.461166115645e-02,5.375099804166e+03
2130,0.000000000000e+00,3,7.105587633695e+00,1.056930075203e-07,2.159523410484e-04,9.166541694423e-04,1.855480096118e-04,2.436337070984e-02,2.438227123729e-02,5.358282540765e+03
2131,0.000000000000e+00,3,7.112135136533e+00,1.057903980575e-07,2.145507179659e-04,9.151195076368e-04,1.857941026208e-04,2.413254563692e-02,2.415155800544e-02,5.347331915775e+03
2132,0.000000000000e+00,3,7.118688672623e+00,1.058878784862e-07,2.131304580604e-04,9.135916144875e-04,1.860066316774e-04,2.390039832704e-02,2.391952576637e-02,5.338255080422e+03
2133,0.000000000000e+00,3,7.125248247523e+00,1.059854488929e-07,2.116917353422e-04,9.120702977012e-04,1.861744329602e-04,2.366714724188e-02,2.368639282599e-02,5.328243556077e+03
2134,0.000000000000e+00,3,7.131813866797e+00,1.060831093640e-07,2.102342850167e-04,9.105551442539e-04,1.862909497629e-04,2.343289802364e-02,2.345226477826e-02,5.317163254056e+03
2135,0.000000000000e+00,3,7.138385536017e+00,1.061808599858e-07,2.087600248482e-04,9.090455996352e-04,1.863529227077e-04,2.319804449494e-02,2.321753519328e-02,5.304915181972e+03
2136,0.000000000000e+00,3,7.144963260755e+00,1.062787008446e-07,2.072717925393e-04,9.075407776209e-04,1.863623105640e-04,2.296297309002e-02,2.298259027835e-02,5.291425703172e+03
2137,0.000000000000e+00,3,7.151547046593e+00,1.063766320078e-07,2.057705167402e-04,9.060391196492e-04,1.863184432863e-04,2.272785689915e-02,2.274760299861e-02,5.276639784409e+03
2138,0.000000000000e+00,3,7.158136899115e+00,1.064746535464e-07,2.042593799731e-04,9.045395314617e-04,1.862233193206e-04,2.249318163062e-02,2.251305871380e-02,5.260517855859e+03
2139,0.000000000000e+00,3,7.164732823911e+00,1.065727655796e-07,2.027420516045e-04,9.030410958520e-04,1.860840821240e-04,2.225933836213e-02,2.227934826618e-02,5.243036021021e+03
2140,0.000000000000e+00,3,7.171334826577e+00,1.066709681936e-07,2.012191863251e-04,9.015427944938e-04,1.859036169940e-04,2.202638787060e-02,2.204653241107e-02,5.224188664766e+03
2141,0.000000000000e+00,3,7.177942912714e+00,1.067692614748e-07,1.996929821190e-04,9.000443004659e-04,1.856839853119e-04,2.179467067404e-02,2.181495141783e-02,5.203992239264e+03
2142,0.000000000000e+00,3,7.184557087926e+00,1.068676455093e-07,1.981648841226e-04,8.985451138038e-04,1.854313450075e-04,2.156432484844e-02,2.158474330622e-02,5.182489051790e+03
2143,0.000000000000e+00,3,7.191177357825e+00,1.069661203833e-07,1.966374507516e-04,8.970448967805e-04,1.851519504060e-04,2.133565186263e-02,2.135620934253e-02,5.159750004808e+03
2144,0.000000000000e+00,3,7.197803728027e+00,1.070646861828e-07,1.951111377694e-04,8.955434612143e-04,1.848547953464e-04,2.110863371074e-02,2.112933162399e-02,5.135875517934e+03
2145,0.000000000000e+00,3,7.204436204153e+00,1.071633429935e-07,1.935865280635e-04,8.940414246235e-04,1.845455312308e-04,2.088335928248e-02,2.090419904677e-02,5.110994196972e+03
2146,0.000000000000e+00,3,7.211074791829e+00,1.072620909010e-07,1.920654666664e-04,8.925392517709e-04,1.842304179392e-04,2.066000480398e-02,2.068098776187e-02,5.085259126316e+03
2147,0.000000000000e+00,3,7.217719496687e+00,1.073609299910e-07,1.905480879378e-04,8.910370608825e-04,1.839177273781e-04,2.043849114493e-02,2.045961880460e-02,5.058841977729e+03
2148,0.000000000000e+00,3,7.224370324364e+00,1.074598603487e-07,1.890346848841e-04,8.895353230938e-04,1.836090036207e-04,2.021882381472e-02,2.024009772506e-02,5.031925371680e+03
2149,0.000000000000e+00,3,7.231027280501e+00,1.075588820594e-07,1.875250789666e-04,8.880344324013e-04,1.833051252329e-04,2.000094682453e-02,2.002236862749e-02,5.004694186269e+03
2150,0.000000000000e+00,3,7.237690370745e+00,1.076579952082e-07,1.860198105941e-04,8.865347644688e-04,1.830038919978e-04,1.978490547396e-02,1.980647677646e-02,4.977326621821e+03
2151,0.000000000000e+00,3,7.244359600750e+00,1.077571998800e-07,1.845190506808e-04,8.850362361564e-04,1.827033875951e-04,1.957067174565e-02,1.959239417537e-02,4.949985883227e+03
2152,0.000000000000e+00,3,7.251034976172e+00,1.078564961598e-07,1.830217760430e-04,8.835389780871e-04,1.824013637053e-04,1.935810300627e-02,1.937997833733e-02,4.922813209291e+03
2153,0.000000000000e+00,3,7.257716502674e+00,1.079558841323e-07,1.815281832126e-04,8.820430412197e-04,1.820912349062e-04,1.914727519680e-02,1.916930507576e-02,4.895922778392e+03
2154,0.000000000000e+00,3,7.264404185925e+00,1.080553638823e-07,1.800382985589e-04,8.805484763410e-04,1.817678954630e-04,1.893819796434e-02,1.896038399170e-02,4.869398906831e+03
2155,0.000000000000e+00,3,7.271098031597e+00,1.081549354946e-07,1.785523415500e-04,8.790553700795e-04,1.814265855834e-04,1.873094119141e-02,1.875328485371e-02,4.843295471358e+03
2156,0.000000000000e+00,3,7.277798045368e+00,1.082545990537e-07,1.770718096055e-04,8.775638116274e-04,1.810619720313e-04,1.852571249180e-02,1.854821499325e-02,4.817637664704e+03
2157,0.000000000000e+00,3,7.284504232923e+00,1.083543546445e-07,1.755968198503e-04,8.760738680839e-04,1.806748038912e-04,1.832253180849e-02,1.834519432776e-02,4.792425654846e+03
2158,0.000000000000e+00,3,7.291216599951e+00,1.084542023516e-07,1.741273354229e-04,8.745855030112e-04,1.802662503614e-04,1.812144812010e-02,1.814427176884e-02,4.767639736758e+03
2159,0.000000000000e+00,3,7.297935152144e+00,1.085541422600e-07,1.726637063897e-04,8.730989443526e-04,1.798350654531e-04,1.792255979937e-02,1.794554554575e-02,4.743246463447e+03
2160,0.000000000000e+00,3,7.304659895204e+00,1.086541744546e-07,1.712064626527e-04,8.716141966749e-04,1.793854823880e-04,1.772597175200e-02,1.774912044764e-02,4.719205169745e+03
2161,0.000000000000e+00,3,7.311390834834e+00,1.087542990203e-07,1.697567654805e-04,8.701311504465e-04,1.789183372421e-04,1.753184180294e-02,1.755515406805e-02,4.695474298887e+03
2162,0.000000000000e+00,3,7.318127976745e+00,1.088545160426e-07,1.683147394066e-04,8.686499937635e-04,1.784385853330e-04,1.734019906859e-02,1.736367549599e-02,4.672017006519e+03
2163,0.000000000000e+00,3,7.324871326650e+00,1.089548256068e-07,1.668798364848e-04,8.671704473407e-04,1.779506528492e-04,1.715102924608e-02,1.717467042186e-02,4.648805654902e+03
2164,0.000000000000e+00,3,7.331620890272e+00,1.090552277986e-07,1.654532651441e-04,8.656924615943e-04,1.774538365568e-04,1.696455746617e-02,1.698836360890e-02,4.625824952006e+03
2165,0.000000000000e+00,3,7.338376673335e+00,1.091557227039e-07,1.640361749832e-04,8.642158800132e-04,1.769520514494e-04,1.678090856046e-02,1.680487968112e-02,4.603073625924e+03
2166,0.000000000000e+00,3,7.345138681571e+00,1.092563104090e-07,1.626285923645e-04,8.627405485637e-04,1.764469075700e-04,1.660012300928e-02,1.662425898341e-02,4.580564772596e+03
2167,0.000000000000e+00,3,7.351906920716e+00,1.093569910002e-07,1.612318705919e-04,8.612664975854e-04,1.759379820532e-04,1.642242037806e-02,1.644672067445e-02,4.558325036049e+03
2168,0.000000000000e+00,3,7.358681396510e+00,1.094577645643e-07,1.598469647886e-04,8.597935584496e-04,1.754265455188e-04,1.624793604133e-02,1.627239982582e-02,4.536393790908e+03
2169,0.000000000000e+00,3,7.365462114702e+00,1.095586311884e-07,1.584743765372e-04,8.583217042211e-04,1.749131314436e-04,1.607677798059e-02,1.610140413494e-02,4.514819039047e+03
2170,0.000000000000e+00,3,7.372249081043e+00,1.096595909598e-07,1.571143691662e-04,8.568511210731e-04,1.743972629798e-04,1.590904396607e-02,1.593383108635e-02,4.493655040347e+03
2171,0.000000000000e+00,3,7.379042301291e+00,1.097606439659e-07,1.557668426255e-04,8.553818522670e-04,1.738763035225e-04,1.574480034304e-02,1.576974673967e-02,4.472960863881e+03
2172,0.000000000000e+00,3,7.385841781208e+00,1.098617902946e-07,1.544330054187e-04,8.539139717878e-04,1.733474970732e-04,1.558428454538e-02,1.560938796912e-02,4.452797251831e+03
2173,0.000000000000e+00,3,7.392647526562e+00,1.099630300339e-07,1.531133061890e-04,8.524478618781e-04,1.728111012352e-04,1.542759092465e-02,1.545284881363e-02,4.433224456917e+03
2174,0.000000000000e+00,3,7.399459543127e+00,1.100643632718e-07,1.518085373552e-04,8.509834412207e-04,1.722646829987e-04,1.527489547931e-02,1.530030475756e-02,4.414300282645e+03
2175,0.000000000000e+00,3,7.406277836682e+00,1.101657900965e-07,1.505192275672e-04,8.495207384991e-04,1.717068250234e-04,1.512631345562e-02,1.515187062756e-02,4.396078487427e+03
2176,0.000000000000e+00,3,7.413102413009e+00,1.102673105963e-07,1.492457291614e-04,8.480600139550e-04,1.711361424088e-04,1.498196357656e-02,1.500766471719e-02,4.378607853859e+03
2177,0.000000000000e+00,3,7.419933277899e+00,1.103689248595e-07,1.479889081477e-04,8.466015177070e-04,1.705513665202e-04,1.484201327955e-02,1.486785394082e-02,4.361931325877e+03
2178,0.000000000000e+00,3,7.426770437147e+00,1.104706329742e-07,1.467494912960e-04,8.451453588040e-04,1.699515313588e-04,1.470660705676e-02,1.473258228335e-02,4.346085705944e+03
2179,0.000000000000e+00,3,7.433613896552e+00,1.105724350286e-07,1.455284990499e-04,8.436917486875e-04,1.693360286831e-04,1.457592365466e-02,1.460202792039e-02,4.331101531684e+03
2180,0.000000000000e+00,3,7.440463661919e+00,1.106743311107e-07,1.443267971912e-04,8.422404066840e-04,1.687043922122e-04,1.445011924719e-02,1.447634645057e-02,4.317003069473e+03
2181,0.000000000000e+00,3,7.447319739060e+00,1.107763213085e-07,1.431456702077e-04,8.407913812468e-04,1.680564260938e-04,1.432940067713e-02,1.435574406144e-02,4.303808446851e+03
2182,0.000000000000e+00,3,7.454182133790e+00,1.108784057095e-07,1.419855151216e-04,8.393449640763e-04,1.673917167394e-04,1.421386451020e-02,1.424031685590e-02,4.291529900982e+03
2183,0.000000000000e+00,3,7.461050851931e+00,1.109805844013e-07,1.408471993136e-04,8.379013669899e-04,1.667099436507e-04,1.410369363951e-02,1.413024710035e-02,4.280153934665e+03
2184,0.000000000000e+00,3,7.467925899309e+00,1.110828574713e-07,1.397315574769e-04,8.364606944020e-04,1.660124872947e-04,1.399903369676e-02,1.402567987623e-02,4.269625296859e+03
2185,0.000000000000e+00,3,7.474807281757e+00,1.111852250067e-07,1.386399502000e-04,8.350232229300e-04,1.653040962326e-04,1.390008555160e-02,1.392681545095e-02,4.260032525123e+03
2186,0.000000000000e+00,3,7.481695005112e+00,1.112876870946e-07,1.375740729164e-04,8.335892794968e-04,1.645849863892e-04,1.380705810307e-02,1.383386205627e-02,4.251359567488e+03
2187,0.000000000000e+00,3,7.488589075216e+00,1.113902438221e-07,1.365348111582e-04,8.321588580713e-04,1.638595157132e-04,1.372005047901e-02,1.374691838948e-02,4.243593621703e+03
2188,0.000000000000e+00,3,7.495489497920e+00,1.114928952760e-07,1.355230334024e-04,8.307322886344e-04,1.631314314623e-04,1.363915816723e-02,1.366607954033e-02,4.236721073354e+03
2189,0.000000000000e+00,3,7.502396279075e+00,1.115956415432e-07,1.345396736187e-04,8.293101542592e-04,1.624047744284e-04,1.356445596866e-02,1.359141998808e-02,4.230724579548e+03
2190,0.000000000000e+00,3,7.509309424541e+00,1.116984827106e-07,1.335856302500e-04,8.278926094741e-04,1.616845668227e-04,1.349599345260e-02,1.352298903591e-02,4.225584384646e+03
2191,0.000000000000e+00,3,7.516228940182e+00,1.118014188653e-07,1.326621289174e-04,8.264804276342e-04,1.609750986998e-04,1.343383443774e-02,1.346085026366e-02,4.221278393990e+03
2192,0.000000000000e+00,3,7.523154831869e+00,1.119044500942e-07,1.317700361036e-04,8.250736817854e-04,1.602817745227e-04,1.337795835415e-02,1.340498302480e-02,4.217782480365e+03
2193,0.000000000000e+00,3,7.530087105476e+00,1.120075764844e-07,1.309102475100e-04,8.236725856241e-04,1.596077109347e-04,1.332834851454e-02,1.335537055898e-02,4.215070918418e+03
2194,0.000000000000e+00,3,7.537025766884e+00,1.121107981233e-07,1.300835984568e-04,8.222771635455e-04,1.589569194540e-04,1.328494936219e-02,1.331195734422e-02,4.213116691339e+03
2195,0.000000000000e+00,3,7.543970821980e+00,1.122141150980e-07,1.292906988926e-04,8.208878267852e-04,1.583326708727e-04,1.324764933707e-02,1.327463201379e-02,4.211891650404e+03
2196,0.000000000000e+00,3,7.550922276654e+00,1.123175274962e-07,1.285318725645e-04,8.195049690570e-04,1.577375353857e-04,1.321630162912e-02,1.324324804262e-02,4.211366660653e+03
2197,0.000000000000e+00,3,7.557880136805e+00,1.124210354053e-07,1.278073188601e-04,8.181288857168e-04,1.571735007878e-04,1.319074146599e-02,1.321764099665e-02,4.211511800641e+03
2198,0.000000000000e+00,5,7.564844408333e+00,1.125246389132e-07,1.271172606213e-04,8.167594396761e-04,1.566417890870e-04,1.317078786853e-02,1.319763026108e-02,4.212296322492e+03
2199,0.000000000000e+00,5,7.571815097147e+00,1.126283381672e-07,1.263878713224e-04,8.147270102432e-04,1.558726718550e-04,1.316236839163e-02,1.318908609275e-02,4.217398973404e+03
2200,0.000000000000e+00,5,7.578792209160e+00,1.127321332007e-07,1.257555761473e-04,8.129301402851e-04,1.552580220261e-04,1.315814862170e-02,1.318475066439e-02,4.221159463297e+03
2201,0.000000000000e+00,5,7.585775750292e+00,1.128360241010e-07,1.251715626893e-04,8.113628359259e-04,1.547322861488e-04,1.315890504396e-02,1.318539728669e-02,4.225249169422e+03
2202,0.000000000000e+00,5,7.592765726465e+00,1.129400109541e-07,1.246292140260e-04,8.099594847309e-04,1.542942233037e-04,1.316407645483e-02,1.319046179721e-02,4.229721943945e+03
2203,0.000000000000e+00,5,7.599762143610e+00,1.130440938436e-07,1.241265932435e-04,8.086538142183e-04,1.539517273818e-04,1.317360772163e-02,1.319988522451e-02,4.234590472806e+03
2204,0.000000000000e+00,5,7.606765007662e+00,1.131482728507e-07,1.236614303169e-04,8.073998229440e-04,1.537216327728e-04,1.318702144025e-02,1.321318854135e-02,4.239673955089e+03
2205,0.000000000000e+00,5,7.613774324562e+00,1.132525480540e-07,1.232324733576e-04,8.061730040410e-04,1.536165707540e-04,1.320392888669e-02,1.322998251135e-02,4.244659018547e+03
2206,0.000000000000e+00,5,7.620790100254e+00,1.133569195289e-07,1.228367311392e-04,8.049571842204e-04,1.536330977623e-04,1.322363816583e-02,1.324957563096e-02,4.249112020461e+03
2207,0.000000000000e+00,5,7.627812340692e+00,1.134613873488e-07,1.224722513866e-04,8.037402693249e-04,1.537385583090e-04,1.324574679705e-02,1.327156515370e-02,4.252534619005e+03
2208,0.000000000000e+00,5,7.634841051831e+00,1.135659515853e-07,1.221375859343e-04,8.025158265803e-04,1.538932156413e-04,1.326988787551e-02,1.329558410121e-02,4.254434440464e+03
2209,0.000000000000e+00,5,7.641876239635e+00,1.136706123092e-07,1.218312575977e-04,8.012823040138e-04,1.540524172852e-04,1.329577127574e-02,1.332134235542e-02,4.254402055044e+03
2210,0.000000000000e+00,5,7.648917910071e+00,1.137753695920e-07,1.215507119046e-04,8.000400034568e-04,1.541761023924e-04,1.332305637312e-02,1.334849954019e-02,4.252175704903e+03
2211,0.000000000000e+00,5,7.655966069113e+00,1.138802235060e-07,1.212936481829e-04,7.987893131111e-04,1.542273939892e-04,1.335153921372e-02,1.337685172155e-02,4.247681545910e+03
2212,0.000000000000e+00,5,7.663020722739e+00,1.139851741258e-07,1.210580123547e-04,7.975310925026e-04,1.541801820117e-04,1.338105709428e-02,1.340623628670e-02,4.241041866815e+03
2213,0.000000000000e+00,5,7.670081876935e+00,1.140902215284e-07,1.208429132420e-04,7.962651190246e-04,1.540185922107e-04,1.341159735614e-02,1.343664044765e-02,4.232553993806e+03
2214,0.000000000000e+00,5,7.677149537690e+00,1.141953657933e-07,1.206469390311e-04,7.949908233969e-04,1.537421206356e-04,1.344304626523e-02,1.346795068382e-02,4.222647945797e+03
2215,0.000000000000e+00,5,7.684223711000e+00,1.143006070029e-07,1.204686935541e-04,7.937078432043e-04,1.533599406094e-04,1.347528711879e-02,1.350005063145e-02,4.211833098084e+03
2216,0.000000000000e+00,5,7.691304402866e+00,1.144059452418e-07,1.203061235153e-04,7.924164019112e-04,1.528941968655e-04,1.350810947039e-02,1.353273052332e-02,4.200644489043e+03
2217,0.000000000000e+00,5,7.698391619294e+00,1.145113805969e-07,1.201596671872e-04,7.911173429664e-04,1.523605385118e-04,1.354161454652e-02,1.356609167211e-02,4.189597917696e+03
2218,0.000000000000e+00,5,7.705485366297e+00,1.146169131565e-07,1.200290678950e-04,7.898117578492e-04,1.517881310385e-04,1.357568966132e-02,1.360002202230e-02,4.179158516333e+03
2219,0.000000000000e+00,5,7.712585649892e+00,1.147225430101e-07,1.199129084683e-04,7.885006291983e-04,1.512061875961e-04,1.361014920933e-02,1.363433669671e-02,4.169723349669e+03
2220,0.000000000000e+00,5,7.719692476103e+00,1.148282702480e-07,1.198116455499e-04,7.871850854916e-04,1.506325110485e-04,1.364506129453e-02,1.366910396017e-02,4.165325860513e+03
2221,0.000000000000e+00,5,7.726805850957e+00,1.149340949611e-07,1.197242325728e-04,7.858662548088e-04,1.500920331573e-04,1.368026653665e-02,1.370416505281e-02,4.165285987330e+03
2222,0.000000000000e+00,5,7.733925780490e+00,1.150400172406e-07,1.196507061580e-04,7.845455259167e-04,1.495951886105e-04,1.371582818318e-02,1.373958330681e-02,4.166272717423e+03
2223,0.000000000000e+00,5,7.741052270741e+00,1.151460371777e-07,1.195914676522e-04,7.832243666950e-04,1.491530520904e-04,1.375182728597e-02,1.377543984285e-02,4.168489756131e+03
2224,0.000000000000e+00,5,7.748185327756e+00,1.152521548639e-07,1.195465235540e-04,7.819043455977e-04,1.487734675899e-04,1.378831483903e-02,1.381178574341e-02,4.172113291349e+03
2225,0.000000000000e+00,5,7.755324957586e+00,1.153583703905e-07,1.195163683004e-04,7.805869538010e-04,1.484585409599e-04,1.382544595864e-02,1.384877597654e-02,4.177281649745e+03
2226,0.000000000000e+00,5,7.762471166287e+00,1.154646838490e-07,1.194997498081e-04,7.792733492838e-04,1.482189046185e-04,1.386314967916e-02,1.388633987102e-02,4.184087159609e+03
2227,0.000000000000e+00,5,7.769623959921e+00,1.155710953307e-07,1.194986032971e-04,7.779646517110e-04,1.480431085776e-04,1.390184479718e-02,1.392489549125e-02,4.192573266603e+03
2228,0.000000000000e+00,5,7.776783344557e+00,1.156776049273e-07,1.195138764711e-04,7.766617315339e-04,1.479356160948e-04,1.394167139488e-02,1.396458281659e-02,4.202735031603e+03
2229,0.000000000000e+00,5,7.783949326267e+00,1.157842127303e-07,1.195457140147e-04,7.753650809824e-04,1.478976520605e-04,1.398276553612e-02,1.400553775976e-02,4.214522768793e+03
2230,0.000000000000e+00,5,7.791121911131e+00,1.158909188316e-07,1.195945018760e-04,7.740748424415e-04,1.479276867731e-04,1.402530886971e-02,1.404794170681e-02,4.227848036116e+03
2231,0.000000000000e+00,5,7.798301105233e+00,1.159977233232e-07,1.196615267569e-04,7.727909231918e-04,1.480190055261e-04,1.406957690315e-02,1.409206970433e-02,4.242591320642e+03
2232,0.000000000000e+00,5,7.805486914662e+00,1.161046262970e-07,1.197475772865e-04,7.715131357028e-04,1.481700907129e-04,1.411574382405e-02,1.413809570214e-02,4.258610721703e+03
2233,0.000000000000e+00,5,7.812679345516e+00,1.162116278455e-07,1.198537297879e-04,7.702413146515e-04,1.483737647441e-04,1.416405013064e-02,1.418625981282e-02,4.275750990048e+03
2234,0.000000000000e+00,5,7.819878403895e+00,1.163187280613e-07,1.199810730204e-04,7.689753402264e-04,1.486233299422e-04,1.421470240079e-02,1.423676830496e-02,4.293852236765e+03
2235,0.000000000000e+00,5,7.827084095906e+00,1.164259270370e-07,1.201307433051e-04,7.677149981712e-04,1.489103495416e-04,1.426791303254e-02,1.428983324991e-02,4.312757765876e+03
2236,0.000000000000e+00,5,7.834296427662e+00,1.165332248657e-07,1.203036111305e-04,7.664602098326e-04,1.492282045997e-04,1.432383759126e-02,1.434561001178e-02,4.332320577586e+03
2237,0.000000000000e+00,5,7.841515405281e+00,1.166406216406e-07,1.205006720794e-04,7.652110714046e-04,1.495692992449e-04,1.438265680123e-02,1.440427908758e-02,4.352408259031e+03
2238,0.000000000000e+00,5,7.848741034887e+00,1.167481174549e-07,1.207227613853e-04,7.639674981965e-04,1.499268563509e-04,1.444449059808e-02,1.446596028695e-02,4.372905358953e+03
2239,0.000000000000e+00,5,7.855973322610e+00,1.168557124022e-07,1.209710644562e-04,7.627293700128e-04,1.502922992179e-04,1.450949516984e-02,1.453080961093e-02,4.393715366562e+03
2240,0.000000000000e+00,5,7.863212274584e+00,1.169634065760e-07,1.212462812537e-04,7.614966900033e-04,1.506634437592e-04,1.457772718782e-02,1.459888376916e-02,4.414762061658e+03
2241,0.000000000000e+00,5,7.870457896951e+00,1.170712000699e-07,1.215488426546e-04,7.602693025379e-04,1.510349698573e-04,1.464924073884e-02,1.467023685290e-02,4.435988522284e+03
2242,0.000000000000e+00,5,7.877710195857e+00,1.171790929775e-07,1.218790026964e-04,7.590471617207e-04,1.514035740230e-04,1.472401849623e-02,1.474485167116e-02,4.457352872475e+03
2243,0.000000000000e+00,5,7.884969177454e+00,1.172870853925e-07,1.222372198884e-04,7.578302413670e-04,1.517650513556e-04,1.480207967524e-02,1.482274751710e-02,4.478825011240e+03
2244,0.000000000000e+00,5,7.892234847900e+00,1.173951774082e-07,1.226235326405e-04,7.566184880659e-04,1.521171624493e-04,1.488336238911e-02,1.490386271085e-02,4.500382864792e+03
2245,0.000000000000e+00,5,7.899507213358e+00,1.175033691181e-07,1.230376924654e-04,7.554118841026e-04,1.524557332993e-04,1.496776357791e-02,1.498809443069e-02,4.522008503589e+03
2246,0.000000000000e+00,5,7.906786279998e+00,1.176116606152e-07,1.234795059802e-04,7.542102973339e-04,1.527762809088e-04,1.505516642402e-02,1.507532609956e-02,4.543684426463e+03
2247,0.000000000000e+00,5,7.914072053995e+00,1.177200519925e-07,1.239483280876e-04,7.530136368826e-04,1.530752952460e-04,1.514540308735e-02,1.516539018455e-02,4.565390406252e+03
2248,0.000000000000e+00,5,7.921364541529e+00,1.178285433428e-07,1.244434487176e-04,7.518219542020e-04,1.533458893069e-04,1.523828555271e-02,1.525809896319e-02,4.587101132190e+03
2249,0.000000000000e+00,5,7.928663748785e+00,1.179371347584e-07,1.249639307457e-04,7.506350960362e-04,1.535803759482e-04,1.533357264562e-02,1.535321158722e-02,4.608784886045e+03
2250,0.000000000000e+00,5,7.935969681958e+00,1.180458263317e-07,1.255086041178e-04,7.494531448968e-04,1.537738545735e-04,1.543099039856e-02,1.545045447568e-02,4.630403286162e+03
2251,0.000000000000e+00,5,7.943282347243e+00,1.181546181546e-07,1.260758086760e-04,7.482761779473e-04,1.539214029759e-04,1.553021917453e-02,1.554950840880e-02,4.651910336734e+03
2252,0.000000000000e+00,5,7.950601750844e+00,1.182635103190e-07,1.266641061576e-04,7.471040747397e-04,1.540130331293e-04,1.563097274970e-02,1.565008745696e-02,4.673254789444e+03
2253,0.000000000000e+00,5,7.957927898971e+00,1.183725029166e-07,1.272717330658e-04,7.459367465534e-04,1.540441855513e-04,1.573288094965e-02,1.575182187275e-02,4.694379751587e+03
2254,0.000000000000e+00,5,7.965260797838e+00,1.184815960388e-07,1.278972819606e-04,7.447741971117e-04,1.540079152560e-04,1.583564788953e-02,1.585441606741e-02,4.715224512041e+03
2255,0.000000000000e+00,5,7.972600453665e+00,1.185907897772e-07,1.285383683211e-04,7.436162152307e-04,1.539020832885e-04,1.593883675948e-02,1.595743369982e-02,4.735727552777e+03
2256,0.000000000000e+00,5,7.979946872680e+00,1.187000842233e-07,1.291928177454e-04,7.424626968005e-04,1.537218130046e-04,1.604208964840e-02,1.606051718730e-02,4.755826816835e+03
2257,0.000000000000e+00,5,7.987300061113e+00,1.188094794684e-07,1.298584155923e-04,7.413135156311e-04,1.534648598325e-04,1.614502955850e-02,1.616328988309e-02,4.775463343522e+03
2258,0.000000000000e+00,5,7.994660025203e+00,1.189189756043e-07,1.305327363354e-04,7.401687497555e-04,1.531331092687e-04,1.624726795089e-02,1.626536363536e-02,4.794583533257e+03
2259,0.000000000000e+00,5,8.002026771193e+00,1.190285727225e-07,1.312136521736e-04,7.390282319836e-04,1.527224639583e-04,1.634846622607e-02,1.636640008817e-02,4.813138991565e+03
2260,0.000000000000e+00,5,8.009400305333e+00,1.191382709150e-07,1.318992339875e-04,7.378918349215e-04,1.522354093514e-04,1.644833354126e-02,1.646610863782e-02,4.831086654914e+03
2261,0.000000000000e+00,5,8.016780633877e+00,1.192480702739e-07,1.325866014523e-04,7.367592644439e-04,1.516783300635e-04,1.654645472157e-02,1.656407448636e-02,4.848389401068e+03
2262,0.000000000000e+00,5,8.024167763086e+00,1.193579708915e-07,1.332738823536e-04,7.356303690655e-04,1.510530983038e-04,1.664257879038e-02,1.666004681266e-02,4.865016470098e+03
2263,0.000000000000e+00,5,8.031561699227e+00,1.194679728604e-07,1.339583994550e-04,7.345048529644e-04,1.503630587200e-04,1.673637027374e-02,1.675369037619e-02,4.880943420689e+03
2264,0.000000000000e+00,5,8.038962448571e+00,1.195780762734e-07,1.346375554302e-04,7.333822432419e-04,1.496151389336e-04,1.682751442622e-02,1.684469065434e-02,4.896152223256e+03
2265,0.000000000000e+00,5,8.046370017398e+00,1.196882812235e-07,1.353096127248e-04,7.322623312974e-04,1.488145859942e-04,1.691580447437e-02,1.693284097868e-02,4.910631089367e+03
2266,0.000000000000e+00,5,8.053784411991e+00,1.197985878040e-07,1.359727024253e-04,7.311452010513e-04,1.479689132805e-04,1.700105187031e-02,1.701795291382e-02,4.924374223962e+03
2267,0.000000000000e+00,5,8.061205638639e+00,1.199089961083e-07,1.366244114360e-04,7.300304055326e-04,1.470867568764e-04,1.708299420515e-02,1.709976421329e-02,4.937381529363e+03
2268,0.000000000000e+00,5,8.068633703638e+00,1.200195062300e-07,1.372630433804e-04,7.289176017953e-04,1.461735283130e-04,1.716149621784e-02,1.717813963003e-02,4.949658233125e+03
2269,0.000000000000e+00,5,8.076068613290e+00,1.201301182626e-07,1.378870941385e-04,7.278064128066e-04,1.452347208029e-04,1.723645300627e-02,1.725297424756e-02,4.961214450533e+03
2270,0.000000000000e+00,5,8.083510373901e+00,1.202408323000e-07,1.384951810510e-04,7.266963145134e-04,1.442821956294e-04,1.730776037396e-02,1.732416390372e-02,4.972064679854e+03
2271,0.000000000000e+00,5,8.090958991784e+00,1.203516484358e-07,1.390861373014e-04,7.255870895970e-04,1.433192661118e-04,1.737538424241e-02,1.739167443237e-02,4.982227240481e+03
2272,0.000000000000e+00,5,8.098414473258e+00,1.204625667638e-07,1.396593928262e-04,7.244785265517e-04,1.423532568267e-04,1.743935604033e-02,1.745553715680e-02,4.991723633253e+03
2273,0.000000000000e+00,5,8.105876824647e+00,1.205735873777e-07,1.402140336274e-04,7.233703916276e-04,1.413890579072e-04,1.749965178233e-02,1.751572801991e-02,5.000577864357e+03
2274,0.000000000000e+00,5,8.113346052283e+00,1.206847103710e-07,1.407488292985e-04,7.222624394390e-04,1.404349690428e-04,1.755624229725e-02,1.757221781235e-02,5.008815758371e+03
2275,0.000000000000e+00,5,8.120822162500e+00,1.207959358375e-07,1.412641200774e-04,7.211543316090e-04,1.394912724488e-04,1.760928903153e-02,1.762516771928e-02,5.016464279971e+03
2276,0.000000000000e+00,5,8.128305161641e+00,1.209072638706e-07,1.417594188889e-04,7.200458012090e-04,1.385663761631e-04,1.765883771518e-02,1.767462338440e-02,5.023550916745e+03
2277,0.000000000000e+00,5,8.135795056054e+00,1.210186945637e-07,1.422344869763e-04,7.189367498344e-04,1.376602812568e-04,1.770497284305e-02,1.772066913030e-02,5.030103145520e+03
2278,0.000000000000e+00,5,8.143291852092e+00,1.211302280104e-07,1.426898935390e-04,7.178269786050e-04,1.367771551725e-04,1.774788176769e-02,1.776349208931e-02,5.036147997374e+03
2279,0.000000000000e+00,5,8.150795556116e+00,1.212418643041e-07,1.431249868791e-04,7.167164269170e-04,1.359217893801e-04,1.778757983922e-02,1.780310755088e-02,5.041711735341e+03
2280,0.000000000000e+00,5,8.158306174490e+00,1.213536035382e-07,1.435401557368e-04,7.156049610590e-04,1.350907844582e-04,1.782422202754e-02,1.783967025041e-02,5.046819611862e+03
2281,0.000000000000e+00,5,8.165823713586e+00,1.214654458062e-07,1.439357684308e-04,7.144924808430e-04,1.342856704809e-04,1.785794511495e-02,1.787331679852e-02,5.051495709077e+03
2282,0.000000000000e+00,5,8.173348179781e+00,1.215773912016e-07,1.443126669444e-04,7.133790715923e-04,1.335062134170e-04,1.788892986011e-02,1.790422774918e-02,5.055762853184e+03
2283,0.000000000000e+00,5,8.180879579457e+00,1.216894398179e-07,1.446708255777e-04,7.122648714592e-04,1.327542161021e-04,1.791724047729e-02,1.793246722841e-02,5.059642594059e+03
2284,0.000000000000e+00,5,8.188417919005e+00,1.218015917489e-07,1.450106453085e-04,7.111499616378e-04,1.320259468124e-04,1.794299300776e-02,1.795815110979e-02,5.063155198807e+03
2285,0.000000000000e+00,5,8.195963204818e+00,1.219138470883e-07,1.453326207949e-04,7.100342748206e-04,1.313226159321e-04,1.796630434588e-02,1.798139615604e-02,5.066319594653e+03
2286,0.000000000000e+00,5,8.203515443298e+00,1.220262059300e-07,1.456371623638e-04,7.089178830699e-04,1.306431169956e-04,1.798727436790e-02,1.800230211829e-02,5.069153237987e+03
2287,0.000000000000e+00,5,8.211074640851e+00,1.221386683680e-07,1.459250113581e-04,7.078008430435e-04,1.299851206397e-04,1.800603048810e-02,1.802099626026e-02,5.071671916940e+03
2288,0.000000000000e+00,5,8.218640803889e+00,1.222512344965e-07,1.461962946667e-04,7.066832486527e-04,1.293495684651e-04,1.802261427866e-02,1.803752009892e-02,5.073889550794e+03
2289,0.000000000000e+00,5,8.226213938831e+00,1.223639044098e-07,1.464516471484e-04,7.055651040566e-04,1.287337382409e-04,1.803713051486e-02,1.805197827903e-02,5.075818033558e+03
2290,0.000000000000e+00,5,8.233794052101e+00,1.224766782025e-07,1.466913088921e-04,7.044467161698e-04,1.281387145755e-04,1.804962273547e-02,1.806441429826e-02,5.077467175726e+03
2291,0.000000000000e+00,5,8.241381150130e+00,1.225895559691e-07,1.469158631691e-04,7.033280468798e-04,1.275619966983e-04,1.806017378680e-02,1.807491089563e-02,5.078844734518e+03
2292,0.000000000000e+00,5,8.248975239353e+00,1.227025378046e-07,1.471257194669e-04,7.022093114746e-04,1.270038642760e-04,1.806884068746e-02,1.808352503426e-02,5.079956532584e+03
2293,0.000000000000e+00,5,8.256576326213e+00,1.228156238040e-07,1.473212026373e-04,7.010905102105e-04,1.264640392579e-04,1.807565972844e-02,1.809029295539e-02,5.080806618635e+03
2294,0.000000000000e+00,5,8.264184417158e+00,1.229288140624e-07,1.475025436547e-04,6.999717923275e-04,1.259416131905e-04,1.808065982019e-02,1.809524352789e-02,5.081397455425e+03
2295,0.000000000000e+00,5,8.271799518641e+00,1.230421086753e-07,1.476698883999e-04,6.988531069426e-04,1.254364762666e-04,1.808385471091e-02,1.809839046921e-02,5.081730105783e+03
2296,0.000000000000e+00,5,8.279421637123e+00,1.231555077382e-07,1.478236025626e-04,6.977345908304e-04,1.249479335376e-04,1.808528338000e-02,1.809977271398e-02,5.081804417127e+03
2297,0.000000000000e+00,5,8.287050779070e+00,1.232690113468e-07,1.479638825387e-04,6.966163460785e-04,1.244757806642e-04,1.808496260161e-02,1.809940701144e-02,5.081619188701e+03
2298,0.000000000000e+00,5,8.294686950953e+00,1.233826195970e-07,1.480904886074e-04,6.954984389595e-04,1.240203744656e-04,1.808285349502e-02,1.809725450026e-02,5.081172342049e+03
2299,0.000000000000e+00,5,8.302330159250e+00,1.234963325848e-07,1.482035636766e-04,6.943809411211e-04,1.235797684956e-04,1.807896969419e-02,1.809332878026e-02,5.080461085151e+03
2300,0.000000000000e+00,5,8.309980410444e+00,1.236101504063e-07,1.483029652712e-04,6.932635621757e-04,1.231560603997e-04,1.807328926082e-02,1.808760791969e-02,5.079482102465e+03
2301,0.000000000000e+00,5,8.317637711027e+00,1.237240731578e-07,1.483890237851e-04,6.921465627433e-04,1.227463173396e-04,1.806584282288e-02,1.808012250307e-02,5.078231762002e+03
2302,0.000000000000e+00,5,8.325302067492e+00,1.238381009358e-07,1.484616841164e-04,6.910298242973e-04,1.223513360567e-04,1.805661989153e-02,1.807086203938e-02,5.076706360236e+03
2303,0.000000000000e+00,5,8.332973486343e+00,1.239522338366e-07,1.485208348345e-04,6.899133511935e-04,1.219710422702e-04,1.804559413782e-02,1.805980020910e-02,5.074902386015e+03
2304,0.000000000000e+00,5,8.340651974087e+00,1.240664719571e-07,1.485661460888e-04,6.887971616540e-04,1.216034171251e-04,1.803272939725e-02,1.804690085125e-02,5.072739070332e+03
2305,0.000000000000e+00,5,8.348337537237e+00,1.241808153940e-07,1.485978774947e-04,6.876812703355e-04,1.212531419350e-04,1.801805806410e-02,1.803219636053e-02,5.070268367603e+03
2306,0.000000000000e+00,5,8.356030182312e+00,1.242952642441e-07,1.486160000319e-04,6.865655396526e-04,1.209183183941e-04,1.800156673887e-02,1.801567332212e-02,5.067521113260e+03
2307,0.000000000000e+00,5,8.363729915840e+00,1.244098186046e-07,1.486204627365e-04,6.854500764884e-04,1.205975149261e-04,1.798325032601e-02,1.799732663197e-02,5.064490726985e+03
2308,0.000000000000e+00,5,8.371436744352e+00,1.245244785725e-07,1.486113328365e-04,6.843347735538e-04,1.202905057616e-04,1.796311998008e-02,1.797716742524e-02,5.061176569122e+03
2309,0.000000000000e+00,5,8.379150674384e+00,1.246392442450e-07,1.485885097946e-04,6.832196223817e-04,1.199973716614e-04,1.794116895500e-02,1.795518895580e-02,5.057579567141e+03
2310,0.000000000000e+00,5,8.386871712482e+00,1.247541157196e-07,1.485519515537e-04,6.821045641243e-04,1.197185164471e-04,1.791740358867e-02,1.793139755293e-02,5.053702805383e+03
2311,0.000000000000e+00,5,8.394599865194e+00,1.248690930938e-07,1.485017503399e-04,6.809895622673e-04,1.194530725897e-04,1.789184805725e-02,1.790581736459e-02,5.049550269566e+03
2312,0.000000000000e+00,5,8.402335139077e+00,1.249841764651e-07,1.484380908729e-04,6.798744975622e-04,1.192001469987e-04,1.786453493032e-02,1.787848092403e-02,5.045126570155e+03
2313,0.000000000000e+00,5,8.410077540692e+00,1.250993659312e-07,1.483608200249e-04,6.787594092997e-04,1.189605244647e-04,1.783546023183e-02,1.784938426266e-02,5.040437184682e+03
2314,0.000000000000e+00,5,8.417827076608e+00,1.252146615901e-07,1.482699982643e-04,6.776441631220e-04,1.187331656834e-04,1.780465515548e-02,1.781855853806e-02,5.035488523583e+03
2315,0.000000000000e+00,5,8.425583753398e+00,1.253300635396e-07,1.481658600291e-04,6.765270480501e-04,1.185146029959e-04,1.777217577506e-02,1.778605969459e-02,5.030288099046e+03
2316,0.000000000000e+00,5,8.433347577643e+00,1.254455718779e-07,1.480485656034e-04,6.754105127444e-04,1.183085566035e-04,1.773806443387e-02,1.775193016303e-02,5.024844662545e+03
2317,0.000000000000e+00,5,8.441118555928e+00,1.255611867031e-07,1.479182576905e-04,6.742945638828e-04,1.181147498188e-04,1.770236591571e-02,1.771621469382e-02,5.019168323162e+03
2318,0.000000000000e+00,5,8.448896694845e+00,1.256769081136e-07,1.477751643629e-04,6.731789455450e-04,1.179312699561e-04,1.766514027953e-02,1.767897328104e-02,5.013270618957e+03
2319,0.000000000000e+00,5,8.456682000994e+00,1.257927362078e-07,1.476195486508e-04,6.720632803402e-04,1.177570042728e-04,1.762645372552e-02,1.764027205669e-02,5.007164493962e+03
2320,0.000000000000e+00,5,8.464474480977e+00,1.259086710842e-07,1.474516289988e-04,6.709475224830e-04,1.175917650487e-04,1.758637124130e-02,1.760017595994e-02,5.000864169434e+03
2321,0.000000000000e+00,5,8.472274141406e+00,1.260247128415e-07,1.472717174521e-04,6.698316649219e-04,1.174350044477e-04,1.754497019107e-02,1.755876229704e-02,4.994384903254e+03
2322,0.000000000000e+00,5,8.480080988897e+00,1.261408615786e-07,1.470801837093e-04,6.687155018792e-04,1.172851463738e-04,1.750234244708e-02,1.751612285705e-02,4.987742659106e+03
2323,0.000000000000e+00,5,8.487895030072e+00,1.262571173943e-07,1.468774575928e-04,6.675990013602e-04,1.171412062322e-04,1.745857257777e-02,1.747234214207e-02,4.980953756821e+03
2324,0.000000000000e+00,5,8.495716271561e+00,1.263734803877e-07,1.466640419379e-04,6.664822395149e-04,1.170038502455e-04,1.741376876487e-02,1.742752826462e-02,4.974034533853e+03
2325,0.000000000000e+00,5,8.503544719998e+00,1.264899506580e-07,1.464405317704e-04,6.653654807205e-04,1.168715857372e-04,1.736804016093e-02,1.738179030053e-02,4.967001044104e+03
2326,0.000000000000e+00,5,8.511380382024e+00,1.266065283046e-07,1.462074480682e-04,6.642485505086e-04,1.167438050388e-04,1.732148395960e-02,1.733522536436e-02,4.959868812848e+03
2327,0.000000000000e+00,5,8.519223264285e+00,1.267232134269e-07,1.459653873358e-04,6.631314153909e-04,1.166201153987e-04,1.727420972556e-02,1.728794293901e-02,4.952652643030e+03
2328,0.000000000000e+00,5,8.527073373436e+00,1.268400061246e-07,1.457149404689e-04,6.620140644828e-04,1.165002180458e-04,1.722631978033e-02,1.724004527083e-02,4.945366500640e+03
2329,0.000000000000e+00,5,8.534930716135e+00,1.269569064975e-07,1.454565759303e-04,6.608966236212e-04,1.163832977193e-04,1.717790652422e-02,1.719162469313e-02,4.938023505182e+03
2330,0.000000000000e+00,5,8.542795299048e+00,1.270739146455e-07,1.451909359161e-04,6.597791244179e-04,1.162689936862e-04,1.712907664894e-02,1.714278781952e-02,4.930635892998e+03
2331,0.000000000000e+00,5,8.550667128847e+00,1.271910306687e-07,1.449185656742e-04,6.586615750280e-04,1.161576219761e-04,1.707992706710e-02,1.709363149456e-02,4.923215263164e+03
2332,0.000000000000e+00,5,8.558546212208e+00,1.273082546673e-07,1.446400656198e-04,6.575441339810e-04,1.160484047616e-04,1.703055485242e-02,1.704425272196e-02,4.915773106738e+03
2333,0.000000000000e+00,5,8.566432555817e+00,1.274255867418e-07,1.443560201276e-04,6.564266785113e-04,1.159409923639e-04,1.698105584856e-02,1.699474726763e-02,4.908321052774e+03
2334,0.000000000000e+00,5,8.574326166362e+00,1.275430269926e-07,1.440670132983e-04,6.553093027292e-04,1.158354586289e-04,1.693152171971e-02,1.694520673185e-02,4.900870851795e+03
2335,0.000000000000e+00,5,8.582227050540e+00,1.276605755207e-07,1.437736577532e-04,6.541919720610e-04,1.157315460760e-04,1.688204380233e-02,1.689572237981e-02,4.893434339295e+03
2336,0.000000000000e+00,5,8.590135215054e+00,1.277782324267e-07,1.434765491208e-04,6.530747850669e-04,1.156286280739e-04,1.683271052129e-02,1.684638256921e-02,4.886023332178e+03
2337,0.000000000000e+00,5,8.598050666612e+00,1.278959978117e-07,1.431762707182e-04,6.519580324895e-04,1.155265616493e-04,1.678360410147e-02,1.679726947281e-02,4.878649391662e+03
2338,0.000000000000e+00,5,8.605973411928e+00,1.280138717769e-07,1.428733190354e-04,6.508417753091e-04,1.154249053538e-04,1.673479444828e-02,1.674845294159e-02,4.871323514054e+03
2339,0.000000000000e+00,5,8.613903457724e+00,1.281318544236e-07,1.425682451627e-04,6.497260052675e-04,1.153235720405e-04,1.668635779423e-02,1.670000914819e-02,4.864055814636e+03
2340,0.000000000000e+00,5,8.621840810727e+00,1.282499458532e-07,1.422615676118e-04,6.486109176176e-04,1.152224156008e-04,1.663836214769e-02,1.665200605449e-02,4.856855264884e+03
2341,0.000000000000e+00,5,8.629785477670e+00,1.283681461675e-07,1.419537948206e-04,6.474966469502e-04,1.151218455941e-04,1.659087047808e-02,1.660450658849e-02,4.849729546231e+03
2342,0.000000000000e+00,5,8.637737465292e+00,1.284864554680e-07,1.416454114296e-04,6.463832293395e-04,1.150215389611e-04,1.654394388041e-02,1.655757179583e-02,4.842685022567e+03
2343,0.000000000000e+00,5,8.645696780339e+00,1.286048738568e-07,1.413368813016e-04,6.452705924834e-04,1.149209351202e-04,1.649763776782e-02,1.651125703849e-02,4.835726832274e+03
2344,0.000000000000e+00,5,8.653663429563e+00,1.287234014357e-07,1.410286467141e-04,6.441587657689e-04,1.148204061649e-04,1.645200379561e-02,1.646561393362e-02,4.828859051354e+03
2345,0.000000000000e+00,5,8.661637419723e+00,1.288420383071e-07,1.407211054153e-04,6.430477578015e-04,1.147203500275e-04,1.640708793373e-02,1.642068841651e-02,4.822084890648e+03
2346,0.000000000000e+00,5,8.669618757582e+00,1.289607845730e-07,1.404146779575e-04,6.419376424859e-04,1.146202604588e-04,1.636293841294e-02,1.637652867761e-02,4.815406883628e+03
2347,0.000000000000e+00,5,8.677607449911e+00,1.290796403359e-07,1.401097699596e-04,6.408284857875e-04,1.145200851322e-04,1.631959943262e-02,1.633317888186e-02,4.808827059760e+03
2348,0.000000000000e+00,5,8.685603503488e+00,1.291986056982e-07,1.398067512284e-04,6.397201792333e-04,1.144204497626e-04,1.627710997574e-02,1.629067797966e-02,4.802347101305e+03
2349,0.000000000000e+00,5,8.693606925094e+00,1.293176807625e-07,1.395059833581e-04,6.386129771694e-04,1.143211351888e-04,1.623550761790e-02,1.624906352338e-02,4.795968508779e+03
2350,0.000000000000e+00,5,8.701617721520e+00,1.294368656315e-07,1.392077750535e-04,6.375070478968e-04,1.142220118186e-04,1.619482332404e-02,1.620836645704e-02,4.789692780183e+03
2351,0.000000000000e+00,5,8.709635899561e+00,1.295561604078e-07,1.389125007960e-04,6.364023556074e-04,1.141230334803e-04,1.615509650480e-02,1.616862615646e-02,4.783521591425e+03
2352,0.000000000000e+00,5,8.717661466018e+00,1.296755651942e-07,1.386204831704e-04,6.352989992340e-04,1.140244217460e-04,1.611635730263e-02,1.612987274381e-02,4.777456950708e+03
2353,0.000000000000e+00,5,8.725694427701e+00,1.297950800938e-07,1.383320253229e-04,6.341969697757e-04,1.139256042335e-04,1.607863486687e-02,1.609213533907e-02,4.771501273439e+03
2354,0.000000000000e+00,5,8.733734791423e+00,1.299147052094e-07,1.380474204553e-04,6.330963077338e-04,1.138268142654e-04,1.604195754985e-02,1.605544227357e-02,4.765657350829e+03
2355,0.000000000000e+00,5,8.741782564005e+00,1.300344406440e-07,1.377669563577e-04,6.319970441337e-04,1.137284672441e-04,1.600635275969e-02,1.601982093627e-02,4.759928245658e+03
2356,0.000000000000e+00,5,8.749837752274e+00,1.301542865008e-07,1.374909120269e-04,6.308990279211e-04,1.136302909954e-04,1.597184666108e-02,1.598529746181e-02,4.754317133481e+03
2357,0.000000000000e+00,5,8.757900363064e+00,1.302742428829e-07,1.372195457281e-04,6.298023390966e-04,1.135319112446e-04,1.593846253776e-02,1.595189511477e-02,4.748827033880e+03
2358,0.000000000000e+00,5,8.765970403213e+00,1.303943098936e-07,1.369531217970e-04,6.287070458510e-04,1.134336702760e-04,1.590622450388e-02,1.591963799439e-02,4.743460507919e+03
2359,0.000000000000e+00,5,8.774047879568e+00,1.305144876360e-07,1.366918649936e-04,6.276132419072e-04,1.133358397102e-04,1.587515247176e-02,1.588854600212e-02,4.738219482042e+03
2360,0.000000000000e+00,5,8.782132798980e+00,1.306347762136e-07,1.364360101543e-04,6.265209828765e-04,1.132378339813e-04,1.584526836130e-02,1.585864103811e-02,4.733105292817e+03
2361,0.000000000000e+00,5,8.790225168309e+00,1.307551757295e-07,1.361858332111e-04,6.254303199836e-04,1.131400343350e-04,1.581658608877e-02,1.582993701305e-02,4.728118837983e+03
2362,0.000000000000e+00,5,8.798324994419e+00,1.308756862874e-07,1.359415487741e-04,6.243412900957e-04,1.130428735067e-04,1.578912348981e-02,1.580245175341e-02,4.723260758197e+03
2363,0.000000000000e+00,5,8.806432284181e+00,1.309963079905e-07,1.357033553020e-04,6.232539775060e-04,1.129457282580e-04,1.576289057642e-02,1.577619526320e-02,4.718533126075e+03
2364,0.000000000000e+00,5,8.814547044472e+00,1.311170409423e-07,1.354714265986e-04,6.221682941221e-04,1.128487217876e-04,1.573789433010e-02,1.575117451726e-02,4.713937598256e+03
2365,0.000000000000e+00,5,8.822669282177e+00,1.312378852465e-07,1.352459395037e-04,6.210842725388e-04,1.127523136935e-04,1.571414059432e-02,1.572739536097e-02,4.709473914647e+03
2366,0.000000000000e+00,5,8.830799004186e+00,1.313588410065e-07,1.350270660621e-04,6.200020875860e-04,1.126564858406e-04,1.569163273716e-02,1.570486116904e-02,4.705142140774e+03
2367,0.000000000000e+00,5,8.838936217394e+00,1.314799083260e-07,1.348149551358e-04,6.189218335199e-04,1.125608220965e-04,1.567036991118e-02,1.568357109844e-02,4.700943040287e+03
2368,0.000000000000e+00,5,8.847080928705e+00,1.316010873086e-07,1.346097302988e-04,6.178434790985e-04,1.124656081457e-04,1.565034886606e-02,1.566352190558e-02,4.696877541187e+03
2369,0.000000000000e+00,5,8.855233145029e+00,1.317223780579e-07,1.344115042197e-04,6.167670672576e-04,1.123710486515e-04,1.563156446222e-02,1.564470846187e-02,4.692946557326e+03
2370,0.000000000000e+00,5,8.863392873279e+00,1.318437806778e-07,1.342203589127e-04,6.156925761729e-04,1.122765596876e-04,1.561400750680e-02,1.562712158081e-02,4.689150824949e+03
2371,0.000000000000e+00,5,8.871560120380e+00,1.319652952720e-07,1.340363642146e-04,6.146200390918e-04,1.121821502325e-04,1.559766769469e-02,1.561075097131e-02,4.685490771363e+03
2372,0.000000000000e+00,5,8.879734893258e+00,1.320869219443e-07,1.338596257451e-04,6.135496286214e-04,1.120882262510e-04,1.558253901498e-02,1.559559064191e-02,4.681966427014e+03
2373,0.000000000000e+00,5,8.887917198848e+00,1.322086607985e-07,1.336902042482e-04,6.124812880847e-04,1.119945753914e-04,1.556860924518e-02,1.558162838130e-02,4.678577386775e+03
2374,0.000000000000e+00,5,8.896107044092e+00,1.323305119386e-07,1.335281561280e-04,6.114149901207e-04,1.119007816403e-04,1.555586602119e-02,1.556885183668e-02,4.675322822894e+03
2375,0.000000000000e+00,5,8.904304435937e+00,1.324524754685e-07,1.333735292814e-04,6.103508511872e-04,1.118075135900e-04,1.554429607624e-02,1.555724776707e-02,4.672201549483e+03
2376,0.000000000000e+00,5,8.912509381337e+00,1.325745514922e-07,1.332263400591e-04,6.092887821437e-04,1.117146867388e-04,1.553388288013e-02,1.554679965725e-02,4.669212102759e+03
2377,0.000000000000e+00,5,8.920721887253e+00,1.326967401136e-07,1.330865993497e-04,6.082287865408e-04,1.116218320237e-04,1.552460820626e-02,1.553748929818e-02,4.666352828374e+03
2378,0.000000000000e+00,5,8.928941960650e+00,1.328190414370e-07,1.329543233064e-04,6.071708758599e-04,1.115291611964e-04,1.551645558801e-02,1.552930024479e-02,4.663621935098e+03
2379,0.000000000000e+00,5,8.937169608502e+00,1.329414555663e-07,1.328295293689e-04,6.061150336950e-04,1.114373954285e-04,1.550940920461e-02,1.552221670018e-02,4.661017521240e+03
2380,0.000000000000e+00,5,8.945404837789e+00,1.330639826058e-07,1.327121754334e-04,6.050612907558e-04,1.113456211840e-04,1.550344468742e-02,1.551621431633e-02,4.658537581986e+03
2381,0.000000000000e+00,5,8.953647655496e+00,1.331866226597e-07,1.326022279423e-04,6.040097142037e-04,1.112533053777e-04,1.549854311606e-02,1.551127419343e-02,4.656179999275e+03
2382,0.000000000000e+00,5,8.961898068616e+00,1.333093758322e-07,1.324996573038e-04,6.029602770778e-04,1.111614190376e-04,1.549468499110e-02,1.550737686036e-02,4.653942709669e+03
2383,0.000000000000e+00,5,8.970156084148e+00,1.334322422276e-07,1.324044252578e-04,6.019127961177e-04,1.110697211724e-04,1.549184160536e-02,1.550449363102e-02,4.651824339845e+03
2384,0.000000000000e+00,5,8.978421709097e+00,1.335552219502e-07,1.323164868079e-04,6.008675187815e-04,1.109777595462e-04,1.548999219507e-02,1.550260377144e-02,4.649821544077e+03
2385,0.000000000000e+00,5,8.986694950475e+00,1.336783151046e-07,1.322357657587e-04,5.998244903740e-04,1.108859581823e-04,1.548910999020e-02,1.550168054442e-02,4.647931639562e+03
2386,0.000000000000e+00,5,8.994975815300e+00,1.338015217950e-07,1.321621938935e-04,5.987836363898e-04,1.107944986271e-04,1.548917194268e-02,1.550170092537e-02,4.646151788598e+03
2387,0.000000000000e+00,5,9.003264310597e+00,1.339248421261e-07,1.320957314638e-04,5.977449486560e-04,1.107028492072e-04,1.549015500227e-02,1.550264188521e-02,4.644479022635e+03
2388,0.000000000000e+00,5,9.011560443397e+00,1.340482762023e-07,1.320362975799e-04,5.967085040915e-04,1.106108405908e-04,1.549203459565e-02,1.550447887849e-02,4.642910103737e+03
2389,0.000000000000e+00,5,9.019864220737e+00,1.341718241283e-07,1.319837719945e-04,5.956742365151e-04,1.105191760832e-04,1.549478151704e-02,1.550718273128e-02,4.641441445763e+03
2390,0.000000000000e+00,5,9.028175649663e+00,1.342954860087e-07,1.319380569126e-04,5.946422055258e-04,1.104274484332e-04,1.549836786644e-02,1.551072557131e-02,4.640069076091e+03
2391,0.000000000000e+00,5,9.036494737223e+00,1.344192619482e-07,1.318990737940e-04,5.936124207698e-04,1.103350419935e-04,1.550276833030e-02,1.551508210730e-02,4.638788699170e+03
2392,0.000000000000e+00,5,9.044821490476e+00,1.345431520516e-07,1.318668050817e-04,5.925848994514e-04,1.102423827812e-04,1.550796523273e-02,1.552023468766e-02,4.637595798851e+03
2393,0.000000000000e+00,5,9.053155916485e+00,1.346671564238e-07,1.318410116964e-04,5.915596131293e-04,1.101490405753e-04,1.551391043210e-02,1.552613520921e-02,4.636485727021e+03
2394,0.000000000000e+00,5,9.061498022320e+00,1.347912751694e-07,1.318215382259e-04,5.905365282352e-04,1.100548393748e-04,1.552057290404e-02,1.553275267448e-02,4.635453757768e+03
2395,0.000000000000e+00,5,9.069847815058e+00,1.349155083937e-07,1.318082906003e-04,5.895156577549e-04,1.099589977851e-04,1.552792682563e-02,1.554006128107e-02,4.634495105863e+03
2396,0.000000000000e+00,5,9.078205301782e+00,1.350398562014e-07,1.318011175156e-04,5.884968581186e-04,1.098624969925e-04,1.553593703429e-02,1.554802590004e-02,4.633604958607e+03
2397,0.000000000000e+00,5,9.086570489581e+00,1.351643186977e-07,1.317998397328e-04,5.874801985394e-04,1.097647902122e-04,1.554456585330e-02,1.555660888684e-02,4.632778533949e+03
2398,0.000000000000e+00,5,9.094943385553e+00,1.352888959878e-07,1.318042895149e-04,5.864657510189e-04,1.096653761847e-04,1.555377890596e-02,1.556577589451e-02,4.632011193892e+03
2399,0.000000000000e+00,5,9.103323996799e+00,1.354135881770e-07,1.318142823510e-04,5.854534445670e-04,1.095648660447e-04,1.556354070115e-02,1.557549146438e-02,4.631298590796e+03
2400,0.000000000000e+00,5,9.111712330429e+00,1.355383953704e-07,1.318296634655e-04,5.844433187573e-04,1.094629243709e-04,1.557381805306e-02,1.558572243865e-02,4.630636827868e+03
2401,0.000000000000e+00,5,9.120108393559e+00,1.356633176736e-07,1.318502253604e-04,5.834351469013e-04,1.093588880356e-04,1.558457222874e-02,1.559643010345e-02,4.630022553825e+03
2402,0.000000000000e+00,5,9.128512193311e+00,1.357883551919e-07,1.318757608517e-04,5.824291825008e-04,1.092532433365e-04,1.559576630324e-02,1.560757757711e-02,4.629452978273e+03
2403,0.000000000000e+00,5,9.136923736815e+00,1.359135080310e-07,1.319060680524e-04,5.814254375192e-04,1.091462622917e-04,1.560736710011e-02,1.561913171256e-02,4.628925771895e+03
2404,0.000000000000e+00,5,9.145343031205e+00,1.360387762965e-07,1.319408813761e-04,5.804238114924e-04,1.090374615040e-04,1.561932804018e-02,1.563104595963e-02,4.628438851895e+03
2405,0.000000000000e+00,5,9.153770083624e+00,1.361641600939e-07,1.319800114658e-04,5.794242846979e-04,1.089262552029e-04,1.563161826579e-02,1.564328948021e-02,4.627990117535e+03
2406,0.000000000000e+00,5,9.162204901220e+00,1.362896595292e-07,1.320233309561e-04,5.784268256799e-04,1.088138805359e-04,1.564421110703e-02,1.565583563323e-02,4.627577150702e+03
2407,0.000000000000e+00,5,9.170647491149e+00,1.364152747081e-07,1.320705881420e-04,5.774313953812e-04,1.086995235510e-04,1.565706412778e-02,1.566864200703e-02,4.627196978979e+03
2408,0.000000000000e+00,5,9.179097860573e+00,1.365410057364e-07,1.321215178882e-04,5.764379489468e-04,1.085828697707e-04,1.567013234419e-02,1.568166364671e-02,4.626845944265e+03
2409,0.000000000000e+00,5,9.187556016661e+00,1.366668527202e-07,1.321759055591e-04,5.754466114179e-04,1.084642491743e-04,1.568338083802e-02,1.569486566608e-02,4.626519712685e+03
2410,0.000000000000e+00,5,9.196021966586e+00,1.367928157654e-07,1.322335286192e-04,5.744573309363e-04,1.083441421299e-04,1.569677345321e-02,1.570821193598e-02,4.626213404250e+03
2411,0.000000000000e+00,5,9.204495717532e+00,1.369188949781e-07,1.322941061680e-04,5.734700222835e-04,1.082216772535e-04,1.571026379636e-02,1.572165608578e-02,4.625921850867e+03
2412,0.000000000000e+00,5,9.212977276686e+00,1.370450904643e-07,1.323572546952e-04,5.724845981049e-04,1.080967994664e-04,1.572380429998e-02,1.573515057570e-02,4.625639878368e+03
2413,0.000000000000e+00,5,9.221466651243e+00,1.371714023303e-07,1.324227126924e-04,5.715011279846e-04,1.079705137377e-04,1.573735422870e-02,1.574865470653e-02,4.625362594453e+03
2414,0.000000000000e+00,5,9.229963848405e+00,1.372978306823e-07,1.324903633743e-04,5.705195555255e-04,1.078419805475e-04,1.575090000143e-02,1.576215489733e-02,4.625085587189e+03
2415,0.000000000000e+00,5,9.238468875379e+00,1.374243756265e-07,1.325599960188e-04,5.695399150317e-04,1.077112131699e-04,1.576440472836e-02,1.577561428320e-02,4.624805027948e+03
2416,0.000000000000e+00,5,9.246981739382e+00,1.375510372693e-07,1.326313275307e-04,5.685621847885e-04,1.075789179802e-04,1.577782765138e-02,1.578899213526e-02,4.624517655311e+03
2417,0.000000000000e+00,5,9.255502447634e+00,1.376778157171e-07,1.327041289690e-04,5.675863227270e-04,1.074450096190e-04,1.579114020955e-02,1.580225990697e-02,4.624220656193e+03
2418,0.000000000000e+00,5,9.264031007364e+00,1.378047110765e-07,1.327780797165e-04,5.666122612785e-04,1.073094229470e-04,1.580430303444e-02,1.581537824998e-02,4.623911480817e+03
2419,0.000000000000e+00,5,9.272567425806e+00,1.379317234539e-07,1.328529884059e-04,5.656399737936e-04,1.071720971176e-04,1.581729434829e-02,1.582832539643e-02,4.623587637451e+03
2420,0.000000000000e+00,5,9.281111710202e+00,1.380588529561e-07,1.329286911347e-04,5.646693543844e-04,1.070335131547e-04,1.583009370419e-02,1.584108090924e-02,4.623246502221e+03
2421,0.000000000000e+00,5,9.289663867799e+00,1.381860996897e-07,1.330049717846e-04,5.637004777102e-04,1.068933461344e-04,1.584267380865e-02,1.585361750976e-02,4.622885211851e+03
2422,0.000000000000e+00,5,9.298223905854e+00,1.383134637617e-07,1.330815935925e-04,5.627333551702e-04,1.067514138075e-04,1.585500696482e-02,1.586590751449e-02,4.622500639462e+03
2423,0.000000000000e+00,5,9.306791831627e+00,1.384409452788e-07,1.331583575544e-04,5.617679673593e-04,1.066084251801e-04,1.586707062077e-02,1.587792838623e-02,4.622089462651e+03
2424,0.000000000000e+00,5,9.315367652386e+00,1.385685443480e-07,1.332351404853e-04,5.608042748344e-04,1.064640685348e-04,1.587885542685e-02,1.588967077388e-02,4.621648267560e+03
2425,0.000000000000e+00,5,9.323951375406e+00,1.386962610764e-07,1.333119728054e-04,5.598422246502e-04,1.063171248765e-04,1.589036384267e-02,1.590113712230e-02,4.621173687253e+03
2426,0.000000000000e+00,5,9.332543007970e+00,1.388240955712e-07,1.333885190697e-04,5.588818205764e-04,1.061697632830e-04,1.590155202706e-02,1.591228362852e-02,4.620662541340e+03
2427,0.000000000000e+00,5,9.341142557365e+00,1.389520479394e-07,1.334644466046e-04,5.579228409851e-04,1.060220351732e-04,1.591238506640e-02,1.592307538851e-02,4.620111949269e+03
2428,0.000000000000e+00,5,9.349750030886e+00,1.390801182885e-07,1.335396659263e-04,5.569655478831e-04,1.058729884286e-04,1.592285826547e-02,1.593350770846e-02,4.619519402497e+03
2429,0.000000000000e+00,5,9.358365435835e+00,1.392083067256e-07,1.336140037638e-04,5.560098552997e-04,1.057227108339e-04,1.593295276355e-02,1.594356173251e-02,4.618882793107e+03
2430,0.000000000000e+00,5,9.366988779521e+00,1.393366133584e-07,1.336873576980e-04,5.550556790215e-04,1.055716328230e-04,1.594266103934e-02,1.595322993947e-02,4.618200400892e+03
2431,0.000000000000e+00,5,9.375620069259e+00,1.394650382943e-07,1.337595786220e-04,5.541030654803e-04,1.054196183649e-04,1.595196909268e-02,1.596249833396e-02,4.617470830812e+03
2432,0.000000000000e+00,5,9.384259312370e+00,1.395935816410e-07,1.338304436486e-04,5.531520024510e-04,1.052665032049e-04,1.596085045031e-02,1.597134045280e-02,4.616692926618e+03
2433,0.000000000000e+00,5,9.392906516184e+00,1.397222435061e-07,1.338998219144e-04,5.522024497237e-04,1.051123406768e-04,1.596929795514e-02,1.597974913733e-02,4.615865643285e+03
2434,0.000000000000e+00,5,9.401561688036e+00,1.398510239976e-07,1.339676427366e-04,5.512544349122e-04,1.049571935513e-04,1.597730606417e-02,1.598771884485e-02,4.614987929838e+03
2435,0.000000000000e+00,5,9.410224835268e+00,1.399799232232e-07,1.340335360951e-04,5.503080081135e-04,1.048010418654e-04,1.598483492397e-02,1.599520974221e-02,4.614058634738e+03
2436,0.000000000000e+00,5,9.418895965228e+00,1.401089412911e-07,1.340975368500e-04,5.493629503481e-04,1.046445107622e-04,1.599189917096e-02,1.600223644896e-02,4.613076462652e+03
2437,0.000000000000e+00,5,9.427575085274e+00,1.402380783094e-07,1.341595544105e-04,5.484192329988e-04,1.044877188925e-04,1.599848817646e-02,1.600878833819e-02,4.612039985756e+03
2438,0.000000000000e+00,5,9.436262202767e+00,1.403673343862e-07,1.342194529212e-04,5.474768655142e-04,1.043303132463e-04,1.600459147042e-02,1.601485493937e-02,4.610947692668e+03
2439,0.000000000000e+00,5,9.444957325077e+00,1.404967096301e-07,1.342771120458e-04,5.465359515778e-04,1.041723188542e-04,1.601019665620e-02,1.602042386242e-02,4.609798059577e+03
2440,0.000000000000e+00,5,9.453660459580e+00,1.406262041493e-07,1.343324958094e-04,5.455964760360e-04,1.040147097019e-04,1.601530530574e-02,1.602549667967e-02,4.608589610725e+03
2441,0.000000000000e+00,5,9.462371613658e+00,1.407558180525e-07,1.343853829084e-04,5.446583646522e-04,1.038563884836e-04,1.601989402161e-02,1.603004999301e-02,4.607320968092e+03
2442,0.000000000000e+00,5,9.471090794702e+00,1.408855514485e-07,1.344356894977e-04,5.437215747070e-04,1.036971382345e-04,1.602395948330e-02,1.603408047642e-02,4.605990863256e+03
2443,0.000000000000e+00,5,9.479818010107e+00,1.410154044460e-07,1.344833238402e-04,5.427861868318e-04,1.035373447663e-04,1.602749416272e-02,1.603758060703e-02,4.604598126769e+03
2444,0.000000000000e+00,5,9.488553267278e+00,1.411453771540e-07,1.345282026095e-04,5.418520595580e-04,1.033779073436e-04,1.603049510961e-02,1.604054743276e-02,4.603141669578e+03
2445,0.000000000000e+00,5,9.497296573624e+00,1.412754696817e-07,1.345702414041e-04,5.409191097773e-04,1.032179684965e-04,1.603295741259e-02,1.604297603240e-02,4.601620483149e+03
2446,0.000000000000e+00,5,9.506047936563e+00,1.414056821382e-07,1.346093385199e-04,5.399874282488e-04,1.030578087389e-04,1.603487375153e-02,1.604485909057e-02,4.600033655717e+03
2447,0.000000000000e+00,5,9.514807363518e+00,1.415360146330e-07,1.346452907490e-04,5.390569634992e-04,1.028982814254e-04,1.603622732805e-02,1.604617981756e-02,4.598380430939e+03
2448,0.000000000000e+00,5,9.523574861919e+00,1.416664672755e-07,1.346781962832e-04,5.381277041828e-04,1.027380820717e-04,1.603703824345e-02,1.604695829053e-02,4.596660285539e+03
2449,0.000000000000e+00,5,9.532350439205e+00,1.417970401754e-07,1.347079863468e-04,5.371996030476e-04,1.025777813917e-04,1.603730293978e-02,1.604719095164e-02,4.594873012571e+03
2450,0.000000000000e+00,5,9.541134102820e+00,1.419277334424e-07,1.347345920222e-04,5.362725669739e-04,1.024178905569e-04,1.603702089495e-02,1.604687727521e-02,4.593018792305e+03
2451,0.000000000000e+00,5,9.549925860214e+00,1.420585471863e-07,1.347580392910e-04,5.353468183015e-04,1.022585181335e-04,1.603620247424e-02,1.604602762507e-02,4.591098227441e+03
2452,0.000000000000e+00,5,9.558725718847e+00,1.421894815171e-07,1.347782641234e-04,5.344222861562e-04,1.020986255764e-04,1.603484485009e-02,1.604463916255e-02,4.589112336622e+03
2453,0.000000000000e+00,5,9.567533686182e+00,1.423205365449e-07,1.347952067308e-04,5.334988313519e-04,1.019389503514e-04,1.603295107545e-02,1.604271493508e-02,4.587062490095e+03
2454,0.000000000000e+00,5,9.576349769693e+00,1.424517123799e-07,1.348089067696e-04,5.325764185798e-04,1.017799946488e-04,1.603053531023e-02,1.604026909322e-02,4.584950298837e+03
2455,0.000000000000e+00,5,9.585173976856e+00,1.425830091323e-07,1.348192406060e-04,5.316550339305e-04,1.016216111637e-04,1.602759090478e-02,1.603729498593e-02,4.582777447720e+03
2456,0.000000000000e+00,5,9.594006315159e+00,1.427144269125e-07,1.348262575225e-04,5.307347055498e-04,1.014631837501e-04,1.602413221392e-02,1.603380695388e-02,4.580545506579e+03
2457,0.000000000000e+00,5,9.602846792094e+00,1.428459658311e-07,1.348299490658e-04,5.298155022997e-04,1.013056823666e-04,1.602016779924e-02,1.602981355907e-02,4.578255737427e+03
2458,0.000000000000e+00,5,9.611695415159e+00,1.429776259987e-07,1.348303219290e-04,5.288973788795e-04,1.011487859212e-04,1.601570461478e-02,1.602532174522e-02,4.575908941780e+03
2459,0.000000000000e+00,5,9.620552191862e+00,1.431094075261e-07,1.348274090011e-04,5.279801829384e-04,1.009918047239e-04,1.601075483719e-02,1.602034367001e-02,4.573505375155e+03
2460,0.000000000000e+00,5,9.629417129716e+00,1.432413105241e-07,1.348211684105e-04,5.270639723002e-04,1.008360053399e-04,1.600532066920e-02,1.601488154194e-02,4.571044768287e+03
2461,0.000000000000e+00,5,9.638290236240e+00,1.433733351038e-07,1.348116235464e-04,5.261488143876e-04,1.006814490076e-04,1.599941237500e-02,1.600894561950e-02,4.568526462507e+03
2462,0.000000000000e+00,5,9.647171518962e+00,1.435054813763e-07,1.347988217263e-04,5.252348010308e-04,1.005274389576e-04,1.599304249906e-02,1.600254843646e-02,4.565949623143e+03
2463,0.000000000000e+00,5,9.656060985415e+00,1.436377494528e-07,1.347828085150e-04,5.243219727586e-04,1.003741865172e-04,1.598622160775e-02,1.599570055378e-02,4.563313506714e+03
2464,0.000000000000e+00,5,9.664958643142e+00,1.437701394449e-07,1.347635570544e-04,5.234102687697e-04,1.002216753926e-04,1.597895283161e-02,1.598840509571e-02,4.560617687540e+03
2465,0.000000000000e+00,5,9.673864499690e+00,1.439026514639e-07,1.347410940877e-04,5.224994682290e-04,1.000696356536e-04,1.597124518165e-02,1.598067105728e-02,4.557862247172e+03
2466,0.000000000000e+00,5,9.682778562612e+00,1.440352856216e-07,1.347154474740e-04,5.215897603258e-04,9.991809391238e-05,1.596310909753e-02,1.597250887666e-02,4.555047849504e+03
2467,0.000000000000e+00,5,9.691700839473e+00,1.441680420299e-07,1.346865678388e-04,5.206810047950e-04,9.976809541317e-05,1.595454596908e-02,1.596391994256e-02,4.552175704745e+03
2468,0.000000000000e+00,5,9.700631337840e+00,1.443009208005e-07,1.346546747795e-04,5.197733377722e-04,9.961861547916e-05,1.594558975239e-02,1.595493818930e-02,4.549247435557e+03
2469,0.000000000000e+00,5,9.709570065288e+00,1.444339220456e-07,1.346198522828e-04,5.188666897847e-04,9.946988248489e-05,1.593625435191e-02,1.594557751142e-02,4.546264924426e+03
2470,0.000000000000e+00,5,9.718517029402e+00,1.445670458774e-07,1.345819347874e-04,5.179609914177e-04,9.932277332318e-05,1.592652690789e-02,1.593582505698e-02,4.543230199281e+03
2471,0.000000000000e+00,5,9.727472237770e+00,1.447002924083e-07,1.345410613594e-04,5.170562401667e-04,9.917639737778e-05,1.591643443856e-02,1.592570782250e-02,4.540145368589e+03
2472,0.000000000000e+00,5,9.736435697989e+00,1.448336617506e-07,1.344971879229e-04,5.161523709019e-04,9.903101477896e-05,1.590597932562e-02,1.591522818600e-02,4.537012579015e+03
2473,0.000000000000e+00,5,9.745407417663e+00,1.449671540171e-07,1.344504796858e-04,5.152494080655e-04,9.888613375681e-05,1.589518829562e-02,1.590441285633e-02,4.533833977892e+03
2474,0.000000000000e+00,5,9.754387404403e+00,1.451007693205e-07,1.344010199701e-04,5.143473751203e-04,9.874263080429e-05,1.588407985477e-02,1.589328033467e-02,4.530611590437e+03
2475,0.000000000000e+00,5,9.763375665826e+00,1.452345077737e-07,1.343488850021e-04,5.134462871023e-04,9.859996456261e-05,1.587266938293e-02,1.588184598860e-02,4.527346917993e+03
2476,0.000000000000e+00,5,9.772372209558e+00,1.453683694896e-07,1.342941588893e-04,5.125460834380e-04,9.845778114540e-05,1.586097359356e-02,1.587012651742e-02,4.524040748126e+03
2477,0.000000000000e+00,5,9.781377043230e+00,1.455023545815e-07,1.342369167305e-04,5.116467226440e-04,9.831689289093e-05,1.584900836490e-02,1.585813779360e-02,4.520693542189e+03
2478,0.000000000000e+00,5,9.790390174481e+00,1.456364631626e-07,1.341773487357e-04,5.107484187575e-04,9.817682780488e-05,1.583680206366e-02,1.584590817218e-02,4.517305843408e+03
2479,0.000000000000e+00,5,9.799411610956e+00,1.457706953465e-07,1.341155810452e-04,5.098510187075e-04,9.803728767704e-05,1.582437307681e-02,1.583345602306e-02,4.513878335505e+03
2480,0.000000000000e+00,5,9.808441360309e+00,1.459050512465e-07,1.340515264012e-04,5.089544898115e-04,9.789934007382e-05,1.581171511572e-02,1.582077506527e-02,4.510411833990e+03
2481,0.000000000000e+00,5,9.817479430200e+00,1.460395309765e-07,1.339852753865e-04,5.080588794021e-04,9.776248805088e-05,1.579884552527e-02,1.580788263223e-02,4.506907436136e+03
2482,0.000000000000e+00,5,9.826525828295e+00,1.461741346502e-07,1.339170031656e-04,5.071641276650e-04,9.762620817408e-05,1.578578916679e-02,1.579480356671e-02,4.503366740587e+03
2483,0.000000000000e+00,5,9.835580562270e+00,1.463088623815e-07,1.338467271676e-04,5.062702944129e-04,9.749114592210e-05,1.577254950016e-02,1.578154133208e-02,4.499792005456e+03
2484,0.000000000000e+00,5,9.844643639804e+00,1.464437142846e-07,1.337745826820e-04,5.053775381254e-04,9.735684764313e-05,1.575914670111e-02,1.576811609539e-02,4.496186171976e+03
2485,0.000000000000e+00,5,9.853715068586e+00,1.465786904736e-07,1.337006028735e-04,5.044858568730e-04,9.722415004316e-05,1.574558727017e-02,1.575453435836e-02,4.492552750702e+03
2486,0.000000000000e+00,5,9.862794856312e+00,1.467137910627e-07,1.336248061984e-04,5.035953355477e-04,9.709102223130e-05,1.573187664324e-02,1.574080154361e-02,4.488895588857e+03
2487,0.000000000000e+00,5,9.871883010684e+00,1.468490161665e-07,1.335472297939e-04,5.027056558564e-04,9.695917087462e-05,1.571802749483e-02,1.572693031866e-02,4.485218595918e+03
2488,0.000000000000e+00,5,9.880979539411e+00,1.469843658995e-07,1.334680529177e-04,5.018166493767e-04,9.682824231880e-05,1.570406485201e-02,1.571294568995e-02,4.481525450336e+03
2489,0.000000000000e+00,5,9.890084450211e+00,1.471198403764e-07,1.333873635931e-04,5.009285103749e-04,9.669789015421e-05,1.569000566859e-02,1.569886460620e-02,4.477819352205e+03
2490,0.000000000000e+00,5,9.899197750806e+00,1.472554397121e-07,1.333052614777e-04,5.000414531142e-04,9.656848782477e-05,1.567586488297e-02,1.568470200703e-02,4.474102833310e+03
2491,0.000000000000e+00,5,9.908319448928e+00,1.473911640214e-07,1.332218394071e-04,4.991555013031e-04,9.644050614552e-05,1.566165964295e-02,1.567047503478e-02,4.470377668603e+03
2492,0.000000000000e+00,5,9.917449552314e+00,1.475270134196e-07,1.331372000972e-04,4.982705597907e-04,9.631332253070e-05,1.564740631442e-02,1.565620003990e-02,4.466644892770e+03
2493,0.000000000000e+00,5,9.926588068710e+00,1.476629880218e-07,1.330514156519e-04,4.973867338792e-04,9.618696638286e-05,1.563311746625e-02,1.564188958816e-02,4.462904930467e+03
2494,0.000000000000e+00,5,9.935735005868e+00,1.477990879435e-07,1.329645808848e-04,4.965039683808e-04,9.606180128682e-05,1.561880839746e-02,1.562755897115e-02,4.459157808956e+03
2495,0.000000000000e+00,5,9.944890371548e+00,1.479353133002e-07,1.328768367788e-04,4.956221930780e-04,9.593733636226e-05,1.560449830133e-02,1.561322736722e-02,4.455403415759e+03
2496,0.000000000000e+00,5,9.954054173515e+00,1.480716642077e-07,1.327883063538e-04,4.947412282382e-04,9.581327663681e-05,1.559020434966e-02,1.559891193210e-02,4.451641732454e+03
2497,0.000000000000e+00,5,9.963226419544e+00,1.482081407816e-07,1.326990594344e-04,4.938613265249e-04,9.569026426834e-05,1.557593427621e-02,1.558462040775e-02,4.447873020583e+03
2498,0.000000000000e+00,5,9.972407117415e+00,1.483447431381e-07,1.326091766048e-04,4.929825283331e-04,9.556810914079e-05,1.556169953439e-02,1.557036424202e-02,4.444097886716e+03
2499,0.000000000000e+00,5,9.981596274917e+00,1.484814713932e-07,1.325187903350e-04,4.921047967232e-04,9.544660866127e-05,1.554751627305e-02,1.555615957351e-02,4.440317425397e+03
2500,0.000000000000e+00,5,9.990793899845e+00,1.486183256632e-07,1.324279594171e-04,4.912279220844e-04,9.532550174965e-05,1.553339141246e-02,1.554201331102e-02,4.436533294389e+03
2501,0.000000000000e+00,5,1.000000000000e+01,1.487553060644e-07,1.323367860579e-04,4.903514673534e-04,9.520639056036e-05,1.551933863827e-02,1.552793912960e-02,4.432747425658e+03
2502,0.000000000000e+00,5,1.000921458319e+01,1.488924127135e-07,1.322453050640e-04,4.894764029966e-04,9.508715759153e-05,1.550536278856e-02,1.551394188277e-02,4.428961677485e+03
2503,0.000000000000e+00,5,1.001843765724e+01,1.490296457271e-07,1.321536062192e-04,4.886027049804e-04,9.496806234575e-05,1.549147526231e-02,1.550003296495e-02,4.425177657446e+03
2504,0.000000000000e+00,5,1.002766922997e+01,1.491670052222e-07,1.320617971031e-04,4.877299893085e-04,9.484997000979e-05,1.547768828962e-02,1.548622459376e-02,4.421396592514e+03
2505,0.000000000000e+00,5,1.003690930920e+01,1.493044913158e-07,1.319699467844e-04,4.868582330385e-04,9.473230316213e-05,1.546400996949e-02,1.547252486027e-02,4.417619389928e+03
2506,0.000000000000e+00,5,1.004615790278e+01,1.494421041253e-07,1.318781316237e-04,4.859874691236e-04,9.461475022989e-05,1.545044883473e-02,1.545894229264e-02,4.413846791457e+03
2507,0.000000000000e+00,5,1.005541501856e+01,1.495798437679e-07,1.317864236488e-04,4.851178310384e-04,9.449797465750e-05,1.543701267038e-02,1.544548468078e-02,4.410079574835e+03
2508,0.000000000000e+00,5,1.006468066438e+01,1.497177103613e-07,1.316948669983e-04,4.842492488217e-04,9.438217173573e-05,1.542370833548e-02,1.543215887960e-02,4.406318714243e+03
2509,0.000000000000e+00,5,1.007395484811e+01,1.498557040233e-07,1.316035382677e-04,4.833817204345e-04,9.426664418140e-05,1.541054202364e-02,1.541897107597e-02,4.402565467070e+03
2510,0.000000000000e+00,5,1.008323757762e+01,1.499938248717e-07,1.315125149858e-04,4.825153232587e-04,9.415158915735e-05,1.539752082863e-02,1.540592836439e-02,4.398821368430e+03
2511,0.000000000000e+00,5,1.009252886077e+01,1.501320730246e-07,1.314218108955e-04,4.816500614826e-04,9.403759350536e-05,1.538464687537e-02,1.539303287279e-02,4.395088166143e+03
2512,0.000000000000e+00,5,1.010182870545e+01,1.502704486000e-07,1.313315579486e-04,4.807856796640e-04,9.392396179050e-05,1.537193531598e-02,1.538029973431e-02,4.391367718419e+03
2513,0.000000000000e+00,5,1.011113711955e+01,1.504089517162e-07,1.312417912582e-04,4.799223690111e-04,9.381057022482e-05,1.535939276762e-02,1.536773556843e-02,4.387661907533e+03
2514,0.000000000000e+00,5,1.012045411097e+01,1.505475824915e-07,1.311525827169e-04,4.790603085912e-04,9.369781782122e-05,1.534702302061e-02,1.535534417249e-02,4.383972563537e+03
2515,0.000000000000e+00,5,1.012977968760e+01,1.506863410443e-07,1.310639928939e-04,4.781995543259e-04,9.358549163235e-05,1.533483175317e-02,1.534313122301e-02,4.380301420556e+03
2516,0.000000000000e+00,5,1.013911385737e+01,1.508252274932e-07,1.309760717868e-04,4.773400879938e-04,9.347302606723e-05,1.532282439950e-02,1.533110214810e-02,4.376650077233e+03
2517,0.000000000000e+00,5,1.014845662818e+01,1.509642419567e-07,1.308888967683e-04,4.764818553403e-04,9.336126271977e-05,1.531100899894e-02,1.531926498735e-02,4.373019998744e+03
2518,0.000000000000e+00,5,1.015780800797e+01,1.511033845535e-07,1.308025062588e-04,4.756249321380e-04,9.325001605688e-05,1.529938786715e-02,1.530762205722e-02,4.369412384864e+03
2519,0.000000000000e+00,5,1.016716800466e+01,1.512426554025e-07,1.307169908428e-04,4.747693887464e-04,9.313901229958e-05,1.528796993624e-02,1.529618228680e-02,4.365827915920e+03
2520,0.000000000000e+00,5,1.017653662621e+01,1.513820546225e-07,1.306323806777e-04,4.739149461055e-04,9.302792420681e-05,1.527675633141e-02,1.528494679084e-02,4.362266670031e+03
2521,0.000000000000e+00,5,1.018591388054e+01,1.515215823325e-07,1.305487097639e-04,4.730615778836e-04,9.291747619441e-05,1.526575017368e-02,1.527391869314e-02,4.358728156171e+03
2522,0.000000000000e+00,5,1.019529977563e+01,1.516612386515e-07,1.304660341660e-04,4.722092996181e-04,9.280726444897e-05,1.525495649644e-02,1.526310302348e-02,4.355211309051e+03
2523,0.000000000000e+00,5,1.020469431942e+01,1.518010236986e-07,1.303844254065e-04,4.713581777523e-04,9.269713975819e-05,1.524438129985e-02,1.525250578118e-02,4.351714575007e+03
2524,0.000000000000e+00,5,1.021409751990e+01,1.519409375932e-07,1.303038973088e-04,4.705084597782e-04,9.258676731795e-05,1.523402357957e-02,1.524212596880e-02,4.348236060610e+03
2525,0.000000000000e+00,5,1.022350938503e+01,1.520809804545e-07,1.302244861648e-04,4.696601783124e-04,9.247770251661e-05,1.522388554203e-02,1.523196580294e-02,4.344773726830e+03
2526,0.000000000000e+00,5,1.023292992281e+01,1.522211524019e-07,1.301462141552e-04,4.688127358482e-04,9.236831473237e-05,1.521396644440e-02,1.522202451369e-02,4.341325585760e+03
2527,0.000000000000e+00,5,1.024235914122e+01,1.523614535549e-07,1.300691089553e-04,4.679663164715e-04,9.225915009457e-05,1.520426585172e-02,1.521230167618e-02,4.337889875762e+03
2528,0.000000000000e+00,5,1.025179704826e+01,1.525018840330e-07,1.299931963624e-04,4.671210865419e-04,9.215045478871e-05,1.519478260491e-02,1.520279613944e-02,4.334465135960e+03
2529,0.000000000000e+00,5,1.026124365193e+01,1.526424439558e-07,1.299184924006e-04,4.662771601618e-04,9.204169105470e-05,1.518551359914e-02,1.519350480130e-02,4.331049999678e+03
2530,0.000000000000e+00,5,1.027069896026e+01,1.527831334431e-07,1.298450476524e-04,4.654344981649e-04,9.193292977345e-05,1.517646070172e-02,1.518442952840e-02,4.327643757789e+03
2531,0.000000000000e+00,5,1.028016298126e+01,1.529239526148e-07,1.297728205530e-04,4.645931658016e-04,9.182451746936e-05,1.516761423099e-02,1.517556064852e-02,4.324246856522e+03
2532,0.000000000000e+00,5,1.028963572297e+01,1.530649015906e-07,1.297018214724e-04,4.637532684413e-04,9.171657945354e-05,1.515896911758e-02,1.516689309961e-02,4.320860439967e+03
2533,0.000000000000e+00,5,1.029911719341e+01,1.532059804907e-07,1.296320433538e-04,4.629146408953e-04,9.160817628842e-05,1.515051801583e-02,1.515841952967e-02,4.317486031200e+03
2534,0.000000000000e+00,5,1.030860740063e+01,1.533471894352e-07,1.295634762635e-04,4.620772407782e-04,9.150024272832e-05,1.514225604966e-02,1.515013506998e-02,4.314125460818e+03
2535,0.000000000000e+00,5,1.031810635268e+01,1.534885285441e-07,1.294961252795e-04,4.612410303529e-04,9.139267456100e-05,1.513417781707e-02,1.514203432021e-02,4.310780625338e+03
2536,0.000000000000e+00,5,1.032761405761e+01,1.536299979379e-07,1.294299438571e-04,4.604059230976e-04,9.128425723123e-05,1.512627385028e-02,1.513410780765e-02,4.307453208010e+03
2537,0.000000000000e+00,5,1.033713052351e+01,1.537715977368e-07,1.293649354472e-04,4.595721658072e-04,9.117605028293e-05,1.511854263120e-02,1.512635402950e-02,4.304144416913e+03
2538,0.000000000000e+00,5,1.034665575842e+01,1.539133280613e-07,1.293010793981e-04,4.587396954310e-04,9.106826935822e-05,1.511097877293e-02,1.511876760133e-02,4.300854810401e+03
2539,0.000000000000e+00,5,1.035618977045e+01,1.540551890319e-07,1.292382196141e-04,4.579085389393e-04,9.096068019593e-05,1.510356190389e-02,1.511132816060e-02,4.297584270139e+03
2540,0.000000000000e+00,5,1.036573256767e+01,1.541971807691e-07,1.291765749193e-04,4.570786483625e-04,9.085217829063e-05,1.509631759344e-02,1.510406125777e-02,4.294332097493e+03
2541,0.000000000000e+00,5,1.037528415818e+01,1.543393033937e-07,1.291160726420e-04,4.562500317248e-04,9.074455892893e-05,1.508923246597e-02,1.509695353503e-02,4.291097213451e+03
2542,0.000000000000e+00,5,1.038484455008e+01,1.544815570264e-07,1.290566821291e-04,4.554228090869e-04,9.063666599453e-05,1.508230024504e-02,1.508999871601e-02,4.287878384840e+03
2543,0.000000000000e+00,5,1.039441375149e+01,1.546239417880e-07,1.289984042403e-04,4.545969988760e-04,9.052851935971e-05,1.507551912013e-02,1.508319499224e-02,4.284674414881e+03
2544,0.000000000000e+00,5,1.040399177051e+01,1.547664577995e-07,1.289412125849e-04,4.537724896860e-04,9.042061838196e-05,1.506888293285e-02,1.507653620832e-02,4.281484264386e+03
2545,0.000000000000e+00,5,1.041357861528e+01,1.549091051819e-07,1.288850923522e-04,4.529492416807e-04,9.031273635278e-05,1.506238752948e-02,1.507001821038e-02,4.278307073564e+03
2546,0.000000000000e+00,5,1.042317429393e+01,1.550518840562e-07,1.288300324506e-04,4.521273577977e-04,9.020442134317e-05,1.505602887590e-02,1.506363696703e-02,4.275142108584e+03
2547,0.000000000000e+00,5,1.043277881460e+01,1.551947945438e-07,1.287760127946e-04,4.513069583921e-04,9.009626474577e-05,1.504980167963e-02,1.505738719584e-02,4.271988661841e+03
2548,0.000000000000e+00,5,1.044239218543e+01,1.553378367660e-07,1.287230086780e-04,4.504877239913e-04,8.998855977288e-05,1.504369990704e-02,1.505126285852e-02,4.268845952337e+03
2549,0.000000000000e+00,5,1.045201441458e+01,1.554810108441e-07,1.286710012618e-04,4.496696917500e-04,8.988042226854e-05,1.503771807712e-02,1.504525847287e-02,4.265713051263e+03
2550,0.000000000000e+00,5,1.046164551022e+01,1.556243168997e-07,1.286199919844e-04,4.488529751180e-04,8.977219309947e-05,1.503185300507e-02,1.503937086145e-02,4.262588870157e+03
2551,0.000000000000e+00,5,1.047128548051e+01,1.557677550543e-07,1.285699166850e-04,4.480376069466e-04,8.966386103733e-05,1.502609348014e-02,1.503358881979e-02,4.259472214728e+03
2552,0.000000000000e+00,5,1.048093433363e+01,1.559113254298e-07,1.285207464096e-04,4.472235392995e-04,8.955528755920e-05,1.502043302459e-02,1.502790587114e-02,4.256361784245e+03
2553,0.000000000000e+00,5,1.049059207776e+01,1.560550281478e-07,1.284724778012e-04,4.464107780767e-04,8.944609654971e-05,1.501486722464e-02,1.502231760209e-02,4.253256326459e+03
2554,0.000000000000e+00,5,1.050025872111e+01,1.561988633303e-07,1.284250011212e-04,4.455993539968e-04,8.933747199049e-05,1.500937881784e-02,1.501680676597e-02,4.250154695437e+03
2555,0.000000000000e+00,5,1.050993427186e+01,1.563428310992e-07,1.283783551140e-04,4.447892309264e-04,8.922851058472e-05,1.500396966090e-02,1.501137521263e-02,4.247055915464e+03
2556,0.000000000000e+00,5,1.051961873823e+01,1.564869315766e-07,1.283324931692e-04,4.439803395693e-04,8.911914935374e-05,1.499862905769e-02,1.500601224855e-02,4.243959223000e+03
2557,0.000000000000e+00,5,1.052931212843e+01,1.566311648846e-07,1.282873282495e-04,4.431726339805e-04,8.900991018078e-05,1.499334334410e-02,1.500070421748e-02,4.240864086095e+03
2558,0.000000000000e+00,5,1.053901445069e+01,1.567755311455e-07,1.282428119604e-04,4.423661909427e-04,8.890072312877e-05,1.498810474762e-02,1.499544335223e-02,4.237770202735e+03
2559,0.000000000000e+00,5,1.054872571323e+01,1.569200304815e-07,1.281989066512e-04,4.415610415690e-04,8.879120372050e-05,1.498290599665e-02,1.499022238312e-02,4.234677441852e+03
2560,0.000000000000e+00,5,1.055844592430e+01,1.570646630153e-07,1.281555729510e-04,4.407571915606e-04,8.868148395319e-05,1.497774012621e-02,1.498503434920e-02,4.231585692032e+03
2561,0.000000000000e+00,5,1.056817509214e+01,1.572094288691e-07,1.281127648839e-04,4.399546572091e-04,8.857203036441e-05,1.497259931792e-02,1.497987143872e-02,4.228494673031e+03
2562,0.000000000000e+00,5,1.057791322500e+01,1.573543281657e-07,1.280704213380e-04,4.391534600971e-04,8.846234982174e-05,1.496747436670e-02,1.497472444819e-02,4.225403822645e+03
2563,0.000000000000e+00,5,1.058766033114e+01,1.574993610277e-07,1.280285016374e-04,4.383535367496e-04,8.835213251081e-05,1.496235835060e-02,1.496958645493e-02,4.222312339482e+03
2564,0.000000000000e+00,5,1.059741641883e+01,1.576445275779e-07,1.279869271520e-04,4.375549092490e-04,8.824216585376e-05,1.495724035618e-02,1.496444655524e-02,4.219219371248e+03
2565,0.000000000000e+00,5,1.060718149635e+01,1.577898279392e-07,1.279456403674e-04,4.367577351279e-04,8.813198605692e-05,1.495211270597e-02,1.495929707657e-02,4.216124230902e+03
2566,0.000000000000e+00,5,1.061695557199e+01,1.579352622345e-07,1.279046582607e-04,4.359618962295e-04,8.802118695129e-05,1.494697670223e-02,1.495413931469e-02,4.213026550881e+03
2567,0.000000000000e+00,5,1.062673865402e+01,1.580808305869e-07,1.278639356324e-04,4.351673059378e-04,8.791058295489e-05,1.494182551118e-02,1.494896644077e-02,4.209926294732e+03
2568,0.000000000000e+00,5,1.063653075076e+01,1.582265331195e-07,1.278234296797e-04,4.343738483679e-04,8.780019254742e-05,1.493665384934e-02,1.494377317006e-02,4.206823653791e+03
2569,0.000000000000e+00,5,1.064633187051e+01,1.583723699556e-07,1.277831301450e-04,4.335815281477e-04,8.768933789005e-05,1.493146047307e-02,1.493855825535e-02,4.203718817505e+03
2570,0.000000000000e+00,5,1.065614202159e+01,1.585183412186e-07,1.277430552149e-04,4.327905765551e-04,8.757806755773e-05,1.492624739991e-02,1.493332372021e-02,4.200611848420e+03
2571,0.000000000000e+00,5,1.066596121230e+01,1.586644470318e-07,1.277031005487e-04,4.320009157514e-04,8.746754832156e-05,1.492100171438e-02,1.492805665871e-02,4.197502572651e+03
2572,0.000000000000e+00,5,1.067578945099e+01,1.588106875189e-07,1.276632305224e-04,4.312125590235e-04,8.735673606427e-05,1.491572121872e-02,1.492275486783e-02,4.194390431149e+03
2573,0.000000000000e+00,5,1.068562674600e+01,1.589570628034e-07,1.276234236437e-04,4.304254625163e-04,8.724535803963e-05,1.491040347441e-02,1.491741590690e-02,4.191274477612e+03
2574,0.000000000000e+00,5,1.069547310566e+01,1.591035730092e-07,1.275836446371e-04,4.296395369324e-04,8.713476243020e-05,1.490504453516e-02,1.491203583620e-02,4.188153495511e+03
2575,0.000000000000e+00,5,1.070532853833e+01,1.592502182600e-07,1.275438496559e-04,4.288554288404e-04,8.702400392987e-05,1.489963913442e-02,1.490660940407e-02,4.185026154364e+03
2576,0.000000000000e+00,5,1.071519305238e+01,1.593969986798e-07,1.275039645720e-04,4.280724074303e-04,8.691232773585e-05,1.489417891631e-02,1.490112823215e-02,4.181891191143e+03
2577,0.000000000000e+00,5,1.072506665616e+01,1.595439143927e-07,1.274640333773e-04,4.272902677946e-04,8.680022248899e-05,1.488866969243e-02,1.489559812635e-02,4.178747569054e+03
2578,0.000000000000e+00,5,1.073494935805e+01,1.596909655228e-07,1.274240122874e-04,4.265090856936e-04,8.668831454618e-05,1.488310437856e-02,1.489001201095e-02,4.175594587153e+03
2579,0.000000000000e+00,5,1.074484116645e+01,1.598381521943e-07,1.273838324369e-04,4.257290683665e-04,8.657599339605e-05,1.487747286569e-02,1.488435978309e-02,4.172431905394e+03
2580,0.000000000000e+00,5,1.075474208973e+01,1.599854745316e-07,1.273435987454e-04,4.249502190652e-04,8.646332284526e-05,1.487178945416e-02,1.487865573753e-02,4.169259539759e+03
2581,0.000000000000e+00,5,1.076465213630e+01,1.601329326592e-07,1.273032660727e-04,4.241727171781e-04,8.635137289381e-05,1.486604618665e-02,1.487289193125e-02,4.166077838667e+03
2582,0.000000000000e+00,5,1.077457131456e+01,1.602805267017e-07,1.272627129383e-04,4.233964167777e-04,8.623942783140e-05,1.486022727341e-02,1.486705257205e-02,4.162887465367e+03
2583,0.000000000000e+00,5,1.078449963294e+01,1.604282567838e-07,1.272219119712e-04,4.226212034212e-04,8.612703897389e-05,1.485433076552e-02,1.486113570541e-02,4.159689373579e+03
2584,0.000000000000e+00,5,1.079443709984e+01,1.605761230303e-07,1.271808346097e-04,4.218472369997e-04,8.601491993216e-05,1.484835321953e-02,1.485513789752e-02,4.156484704598e+03
2585,0.000000000000e+00,5,1.080438372371e+01,1.607241255660e-07,1.271394423818e-04,4.210747105093e-04,8.590263030212e-05,1.484228979536e-02,1.484905431268e-02,4.153274625279e+03
2586,0.000000000000e+00,5,1.081433951298e+01,1.608722645161e-07,1.270977025772e-04,4.203036017956e-04,8.578984951780e-05,1.483613697071e-02,1.484288142698e-02,4.150060101945e+03
2587,0.000000000000e+00,5,1.082430447609e+01,1.610205400058e-07,1.270555935767e-04,4.195337726026e-04,8.567741889385e-05,1.482989246034e-02,1.483661695655e-02,4.146841633997e+03
2588,0.000000000000e+00,5,1.083427862150e+01,1.611689521603e-07,1.270130927050e-04,4.187652391186e-04,8.556510738597e-05,1.482355419587e-02,1.483025883243e-02,4.143618991376e+03
2589,0.000000000000e+00,5,1.084426195767e+01,1.613175011049e-07,1.269701754972e-04,4.179979176463e-04,8.545220780309e-05,1.481712016424e-02,1.482380503534e-02,4.140391025469e+03
2590,0.000000000000e+00,5,1.085425449307e+01,1.614661869653e-07,1.269268265461e-04,4.172318724140e-04,8.533912276016e-05,1.481058997316e-02,1.481725517677e-02,4.137155644844e+03
2591,0.000000000000e+00,5,1.086425623617e+01,1.616150098671e-07,1.268830799639e-04,4.164668985788e-04,8.522696452301e-05,1.480396827593e-02,1.481061390840e-02,4.133909997688e+03
2592,0.000000000000e+00,5,1.087426719546e+01,1.617639699359e-07,1.268388500704e-04,4.157029802936e-04,8.511374153138e-05,1.479724526352e-02,1.480387141256e-02,4.130650843147e+03
2593,0.000000000000e+00,5,1.088428737944e+01,1.619130672978e-07,1.267941363593e-04,4.149402450210e-04,8.500063165517e-05,1.479042418081e-02,1.479703094258e-02,4.127374991768e+03
2594,0.000000000000e+00,5,1.089431679659e+01,1.620623020787e-07,1.267489380876e-04,4.141786007376e-04,8.488797684698e-05,1.478350522685e-02,1.479009269638e-02,4.124079726937e+03
2595,0.000000000000e+00,5,1.090435545544e+01,1.622116744046e-07,1.267033103147e-04,4.134180942593e-04,8.477512079908e-05,1.477649417389e-02,1.478306244124e-02,4.120766493951e+03
2596,0.000000000000e+00,5,1.091440336449e+01,1.623611844020e-07,1.266571481303e-04,4.126587037567e-04,8.466213677537e-05,1.476937878466e-02,1.477592794383e-02,4.117430650611e+03
2597,0.000000000000e+00,5,1.092446053227e+01,1.625108321971e-07,1.266104243325e-04,4.119004675371e-04,8.454921134148e-05,1.476215744588e-02,1.476868759304e-02,4.114072260752e+03
2598,0.000000000000e+00,5,1.093452696731e+01,1.626606179164e-07,1.265631217376e-04,4.111433895741e-04,8.443639358905e-05,1.475482966321e-02,1.476134089456e-02,4.110691798068e+03
2599,0.000000000000e+00,5,1.094460267815e+01,1.628105416865e-07,1.265152244270e-04,4.103874164058e-04,8.432322347838e-05,1.474739482303e-02,1.475388723035e-02,4.107290521565e+03
2600,0.000000000000e+00,5,1.095468767334e+01,1.629606036342e-07,1.264667203495e-04,4.096324255769e-04,8.421021549676e-05,1.473985249706e-02,1.474632617132e-02,4.103870037749e+03
2600,0.000000000000e+00,0,1.096478196143e+01,0.000000000000e+00,1.264176033476e-04,4.088785989665e-04,8.409733982687e-05,1.473220434404e-02,1.473865937989e-02,4.100432235880e+03
