<?xml version="1.0"?>
<VTKFile type="UnstructuredGrid" version="0.1">
<UnstructuredGrid>
<Piece NumberOfPoints="2660" NumberOfCells="2552">
<Points><DataArray type="Float64" NumberOfComponents="3" format="ascii">
7.5 -1.000358622 0.0
7.5 -1.099681225 0.0
7.6 -1.099681225 0.0
7.6 -1.000358622 0.0
8.1 1.000358622 0.0
8 1.000358622 0.0
8 0.9003187749 0.0
8.1 0.9003187749 0.0
8 1.099681225 0.0
7.9 1.099681225 0.0
7.9 1.000358622 0.0
8.2 1.000358622 0.0
8.2 0.9003187749 0.0
8.3 0.9003187749 0.0
8.3 1.000358622 0.0
8.3 1.099681225 0.0
8.2 1.099681225 0.0
8.5 1.000358622 0.0
8.5 1.099681225 0.0
8.4 1.099681225 0.0
8.4 1.000358622 0.0
8.6 1.000358622 0.0
8.6 0.9003187749 0.0
8.7 0.9003187749 0.0
8.7 1.000358622 0.0
8 -1.000358622 0.0
8 -1.099681225 0.0
8.1 -1.099681225 0.0
8.1 -1.000358622 0.0
8.2 -1.000358622 0.0
8.2 -1.099681225 0.0
8.1 -0.9003187749 0.0
8 -0.9003187749 0.0
8.3 -1.099681225 0.0
8.3 -1.000358622 0.0
8.3 -0.9003187749 0.0
8.2 -0.9003187749 0.0
8.6 -1.000358622 0.0
8.5 -1.000358622 0.0
8.5 -1.099681225 0.0
8.6 -1.099681225 0.0
8.7 -1.000358622 0.0
8.7 -1.099681225 0.0
8.6 -0.9003187749 0.0
8.5 -0.9003187749 0.0
8.8 -1.099681225 0.0
8.8 -1.000358622 0.0
8.8 -0.9003187749 0.0
8.7 -0.9003187749 0.0
8.9 1.000358622 0.0
8.8 1.000358622 0.0
8.8 0.9003187749 0.0
8.9 0.9003187749 0.0
8.8 1.099681225 0.0
8.7 1.099681225 0.0
9 1.099681225 0.0
8.9 1.099681225 0.0
9 0.9996413783 0.0
9 0.9003187749 0.0
9.1 0.9003187749 0.0
9.099681225 1 0.0
6.9 -1.099681225 0.0
6.9 -1.199721072 0.0
7 -1.199721072 0.0
7 -1.099681225 0.0
7.3 -1.099681225 0.0
7.3 -1.199721072 0.0
7.4 -1.199721072 0.0
7.4 -1.099681225 0.0
7.5 -1.199721072 0.0
7.5 -0.9003187749 0.0
7.4 -0.9003187749 0.0
7.4 -1.000358622 0.0
7.6 -1.199721072 0.0
7.7 -1.199721072 0.0
7.7 -1.099681225 0.0
7.6 -0.9003187749 0.0
7.8 -1.199721072 0.0
7.8 -1.099681225 0.0
7.7 -1.000358622 0.0
7.7 -0.9003187749 0.0
7.9 -1.099681225 0.0
7.9 -1.199721072 0.0
7.8 -1.000358622 0.0
7.8 -0.9003187749 0.0
8 -1.199721072 0.0
7.9 -1.000358622 0.0
7.9 -0.9003187749 0.0
8.1 -1.199721072 0.0
8.2 -1.199721072 0.0
8.3 -1.199721072 0.0
8.4 -1.199721072 0.0
8.4 -1.099681225 0.0
7.8 0.9003187749 0.0
7.7 0.9003187749 0.0
7.7 0.800278928 0.0
7.8 0.800278928 0.0
7.8 1.000358622 0.0
7.8 1.099681225 0.0
7.7 1.099681225 0.0
7.7 1.000358622 0.0
7.9 0.800278928 0.0
7.9 0.9003187749 0.0
8.1 1.099681225 0.0
8.5 0.9003187749 0.0
8.5 0.800278928 0.0
8.6 0.800278928 0.0
8.4 -1.000358622 0.0
8.4 -0.9003187749 0.0
8.6 -1.199721072 0.0
8.7 -1.199721072 0.0
7.1 -1.199721072 0.0
7.2 -1.199721072 0.0
7.2 -1.099681225 0.0
7.1 -1.099681225 0.0
7.6 -0.800278928 0.0
7.7 -0.800278928 0.0
7.8 -0.800278928 0.0
7.9 -0.800278928 0.0
8 -0.800278928 0.0
8.1 -0.800278928 0.0
8.3 -0.800278928 0.0
8.2 -0.800278928 0.0
8.5 -1.199721072 0.0
8.5 -0.800278928 0.0
8.4 -0.800278928 0.0
8.8 -1.199721072 0.0
8.9 -1.099681225 0.0
8.9 -1.199721072 0.0
8.7 0.800278928 0.0
8.6 1.099681225 0.0
7.8 1.199721072 0.0
7.7 1.199721072 0.0
8 0.800278928 0.0
7.9 1.199721072 0.0
8.1 1.199721072 0.0
8 1.199721072 0.0
8.2 1.199721072 0.0
8.3 1.199721072 0.0
8.4 0.9003187749 0.0
8.4 0.800278928 0.0
8.4 1.199721072 0.0
8.6 1.199721072 0.0
8.5 1.199721072 0.0
8.7 1.199721072 0.0
8.8 1.199721072 0.0
8.8 0.800278928 0.0
9 1.199721072 0.0
8.9 1.199721072 0.0
9.1 1.099681225 0.0
8.7 -0.800278928 0.0
8.8 -0.800278928 0.0
8.9 0.800278928 0.0
9 0.800278928 0.0
8.9 -0.9003187749 0.0
8.9 -0.800278928 0.0
9 -1.099681225 0.0
8.999641378 -1 0.0
8.9 -1.000358622 0.0
9 -0.9003187749 0.0
9.099681225 -1 0.0
9.099681225 -1.1 0.0
9.199721072 -1.1 0.0
9.199721072 -1 0.0
9 -1.199721072 0.0
9.1 -1.199721072 0.0
9.099681225 -0.9 0.0
9.1 1.199721072 0.0
9.199721072 0.9 0.0
9.199721072 1 0.0
9 -0.800278928 0.0
9.1 -0.800278928 0.0
9.199721072 -0.9 0.0
9.199721072 -0.8 0.0
7.5 -0.800278928 0.0
7.4 -0.800278928 0.0
8.3 0.800278928 0.0
8.2 0.800278928 0.0
8.1 0.800278928 0.0
9.1 0.800278928 0.0
8.6 -0.800278928 0.0
9.199721072 1.1 0.0
9.299760919 -1 0.0
9.299760919 -0.9 0.0
8.2 -1.299760919 0.0
8.3 -1.299760919 0.0
8.1 -1.299760919 0.0
8 -1.299760919 0.0
7.9 -1.299760919 0.0
7.8 -1.299760919 0.0
7.7 -1.299760919 0.0
7.5 -1.299760919 0.0
7.6 -1.299760919 0.0
7.3 -1.299760919 0.0
7.4 -1.299760919 0.0
7.2 -1.299760919 0.0
7.1 -1.299760919 0.0
7 -1.299760919 0.0
8.4 -1.299760919 0.0
8.5 -1.299760919 0.0
8.6 -1.299760919 0.0
9 -1.299760919 0.0
9.1 -1.299760919 0.0
7.5 -0.7002390812 0.0
7.4 -0.7002390812 0.0
7.6 -0.7002390812 0.0
7.7 -0.7002390812 0.0
7.8 -0.7002390812 0.0
7.9 -0.7002390812 0.0
8 -0.7002390812 0.0
8.1 -0.7002390812 0.0
8.2 -0.7002390812 0.0
8.4 -0.7002390812 0.0
8.3 -0.7002390812 0.0
8.5 -0.7002390812 0.0
8.6 -0.7002390812 0.0
8.7 -0.7002390812 0.0
7.7 0.7002390812 0.0
7.8 0.7002390812 0.0
7.9 0.7002390812 0.0
8 0.7002390812 0.0
8.1 0.7002390812 0.0
8.2 0.7002390812 0.0
7.7 1.299760919 0.0
7.8 1.299760919 0.0
7.9 1.299760919 0.0
8 1.299760919 0.0
8.1 1.299760919 0.0
8.2 1.299760919 0.0
8.3 1.299760919 0.0
8.4 1.299760919 0.0
8.5 1.299760919 0.0
8.6 1.299760919 0.0
8.5 0.7002390812 0.0
8.6 0.7002390812 0.0
8.7 1.299760919 0.0
8.8 1.299760919 0.0
9 0.7002390812 0.0
9.1 0.7002390812 0.0
9.2 0.800278928 0.0
9.2 0.7002390812 0.0
9.299760919 -1.1 0.0
9.199721072 -1.2 0.0
9.299760919 -1.2 0.0
8.9 1.299760919 0.0
9 1.299760919 0.0
8.8 -0.7002390812 0.0
8.9 -0.7002390812 0.0
9 -0.7002390812 0.0
9.1 1.299760919 0.0
9.2 1.199721072 0.0
9.2 1.299760919 0.0
9.299760919 1.1 0.0
9.299760919 1.2 0.0
9.2 -1.299760919 0.0
9.299760919 0.9 0.0
9.299760919 1 0.0
9.299760919 0.8 0.0
9.1 -0.7002390812 0.0
9.2 -0.7002390812 0.0
8.7 -1.299760919 0.0
8.4 0.7002390812 0.0
8.7 0.7002390812 0.0
8.8 0.7002390812 0.0
8.9 0.7002390812 0.0
8.9 -1.299760919 0.0
9.299760919 -0.8 0.0
9.399800766 -1 0.0
9.399800766 -0.9 0.0
8.7 -1.399800766 0.0
8.8 -1.399800766 0.0
8.8 -1.299760919 0.0
8.6 -1.399800766 0.0
8.5 -1.399800766 0.0
8.4 -1.399800766 0.0
8.3 -1.399800766 0.0
8.2 -1.399800766 0.0
8.1 -1.399800766 0.0
8 -1.399800766 0.0
7.9 -1.399800766 0.0
7.8 -1.399800766 0.0
7.7 -1.399800766 0.0
7.6 -1.399800766 0.0
7.5 -1.399800766 0.0
7.4 -1.399800766 0.0
7.3 -1.399800766 0.0
7.2 -1.399800766 0.0
7.1 -1.399800766 0.0
7 -1.399800766 0.0
6.9 -1.299760919 0.0
6.9 -1.399800766 0.0
7.8 -0.6001992343 0.0
7.7 -0.6001992343 0.0
7.9 -0.6001992343 0.0
8 -0.6001992343 0.0
8.1 -0.6001992343 0.0
8.2 -0.6001992343 0.0
9.399800766 1 0.0
9.399800766 1.1 0.0
9.399800766 0.9 0.0
8.9 -1.399800766 0.0
9 -1.399800766 0.0
8.3 -0.6001992343 0.0
8.4 -0.6001992343 0.0
8.5 -0.6001992343 0.0
8.6 -0.6001992343 0.0
8.7 -0.6001992343 0.0
7.8 1.399800766 0.0
7.9 1.399800766 0.0
8 1.399800766 0.0
8.1 1.399800766 0.0
8.2 1.399800766 0.0
8.3 1.399800766 0.0
8.4 1.399800766 0.0
8.6 1.399800766 0.0
8.5 1.399800766 0.0
8.8 1.399800766 0.0
8.7 1.399800766 0.0
8.9 1.399800766 0.0
8.8 -0.6001992343 0.0
8.9 -0.6001992343 0.0
9 -0.6001992343 0.0
9.1 -0.6001992343 0.0
7.9 0.6001992343 0.0
8 0.6001992343 0.0
8.1 0.6001992343 0.0
8.2 0.6001992343 0.0
8.3 0.7002390812 0.0
9.1 0.6001992343 0.0
9.2 0.6001992343 0.0
9.399800766 -1.1 0.0
9 1.399800766 0.0
9.1 1.399800766 0.0
9.2 1.399800766 0.0
9.3 1.299760919 0.0
9.3 1.399800766 0.0
9.3 0.7002390812 0.0
9.399800766 -1.2 0.0
9.1 -1.399800766 0.0
9.2 -1.399800766 0.0
9.299760919 -0.7 0.0
9.299760919 -1.3 0.0
9.399800766 -1.3 0.0
9.399800766 1.2 0.0
9.399800766 1.3 0.0
9.399800766 0.8 0.0
9.399800766 0.7 0.0
9.2 -0.6001992343 0.0
9.3 -0.6001992343 0.0
8.8 0.6001992343 0.0
8.9 0.6001992343 0.0
9 0.6001992343 0.0
9.399800766 -0.8 0.0
9.499840613 -1 0.0
9.499840613 -0.9 0.0
9.399800766 -0.7 0.0
9.499840613 -0.8 0.0
9.499840613 -0.7 0.0
9.399800766 -0.6 0.0
9.499840613 -0.6 0.0
8.2 -1.499840613 0.0
8.3 -1.499840613 0.0
8.1 -1.499840613 0.0
8 -1.499840613 0.0
7.9 -1.499840613 0.0
7.8 -1.499840613 0.0
7.7 -1.499840613 0.0
7.6 -1.499840613 0.0
7.5 -1.499840613 0.0
7.4 -1.499840613 0.0
7.3 -1.499840613 0.0
7.2 -1.499840613 0.0
7.1 -1.499840613 0.0
7 -1.499840613 0.0
6.9 -1.499840613 0.0
7.9 1.499840613 0.0
7.8 1.499840613 0.0
8 1.499840613 0.0
8.1 1.499840613 0.0
8.3 1.499840613 0.0
8.2 1.499840613 0.0
8.4 1.499840613 0.0
8.5 1.499840613 0.0
8.7 1.499840613 0.0
8.6 1.499840613 0.0
8.8 1.499840613 0.0
8.9 1.499840613 0.0
9 1.499840613 0.0
7.7 0.6001992343 0.0
7.8 0.6001992343 0.0
7.7 0.5001593874 0.0
7.8 0.5001593874 0.0
7.9 0.5001593874 0.0
7.7 -0.5001593874 0.0
7.8 -0.5001593874 0.0
7.9 -0.5001593874 0.0
8 -0.5001593874 0.0
8.1 -0.5001593874 0.0
8.2 -0.5001593874 0.0
8.3 -0.5001593874 0.0
9.499840613 -1.1 0.0
9.499840613 -1.2 0.0
8.5 -1.499840613 0.0
8.6 -1.499840613 0.0
8.4 -0.5001593874 0.0
8.5 -0.5001593874 0.0
8.6 -0.5001593874 0.0
8.7 -0.5001593874 0.0
8.9 -0.5001593874 0.0
8.8 -0.5001593874 0.0
9 -0.5001593874 0.0
9.1 -0.5001593874 0.0
8.7 -1.499840613 0.0
8.8 -1.499840613 0.0
8.1 0.5001593874 0.0
8.2 0.5001593874 0.0
8.3 0.6001992343 0.0
8.4 0.6001992343 0.0
9.1 1.499840613 0.0
9.2 1.499840613 0.0
9.3 1.499840613 0.0
8.5 0.6001992343 0.0
8.5 0.5001593874 0.0
8.6 0.5001593874 0.0
8.6 0.6001992343 0.0
8.7 0.6001992343 0.0
8.7 0.5001593874 0.0
9.499840613 -1.3 0.0
9.399800766 -1.4 0.0
9.499840613 -1.4 0.0
9.499840613 0.9 0.0
9.499840613 1 0.0
9.499840613 1.2 0.0
9.499840613 1.3 0.0
8.8 0.5001593874 0.0
8.9 0.5001593874 0.0
9 0.5001593874 0.0
9.1 0.5001593874 0.0
9.2 0.5001593874 0.0
9.3 0.6001992343 0.0
9.2 -0.5001593874 0.0
9.3 -0.5001593874 0.0
9.4 0.6001992343 0.0
9.3 0.5001593874 0.0
9.4 0.5001593874 0.0
9.3 -1.399800766 0.0
9.499840613 0.7 0.0
9.499840613 0.8 0.0
9.499840613 0.6 0.0
9.4 1.399800766 0.0
9.4 1.499840613 0.0
9.4 -0.5001593874 0.0
9.3 -1.499840613 0.0
9.4 -1.499840613 0.0
9 -1.499840613 0.0
9.1 -1.499840613 0.0
8.4 -1.499840613 0.0
9.2 -1.499840613 0.0
9.499840613 1.1 0.0
7.8 -0.4001195406 0.0
7.7 -0.4001195406 0.0
8 -0.4001195406 0.0
7.9 -0.4001195406 0.0
8.1 -0.4001195406 0.0
8.2 -0.4001195406 0.0
8.3 -0.4001195406 0.0
8.4 -0.4001195406 0.0
8.5 -0.4001195406 0.0
8.6 -0.4001195406 0.0
8.7 -0.4001195406 0.0
8.8 -0.4001195406 0.0
8.9 -0.4001195406 0.0
9 -0.4001195406 0.0
9.1 -0.4001195406 0.0
9.2 -0.4001195406 0.0
9.599880459 -0.8 0.0
9.599880459 -0.7 0.0
8.4 1.599880459 0.0
8.3 1.599880459 0.0
8.2 1.599880459 0.0
8.1 1.599880459 0.0
8 1.599880459 0.0
7.9 1.599880459 0.0
7.8 1.599880459 0.0
8.9 -1.499840613 0.0
8.9 -1.599880459 0.0
9 -1.599880459 0.0
8.8 -1.599880459 0.0
8.7 -1.599880459 0.0
8.6 -1.599880459 0.0
8.5 -1.599880459 0.0
8.4 -1.599880459 0.0
8.3 -1.599880459 0.0
8.1 -1.599880459 0.0
8.2 -1.599880459 0.0
8 -1.599880459 0.0
7.9 -1.599880459 0.0
7.8 -1.599880459 0.0
7.7 -1.599880459 0.0
7.5 -1.599880459 0.0
7.6 -1.599880459 0.0
7.4 -1.599880459 0.0
9.1 -1.599880459 0.0
9.2 -1.599880459 0.0
9.3 -1.599880459 0.0
9.4 -1.599880459 0.0
8 0.5001593874 0.0
8 0.4001195406 0.0
8.1 0.4001195406 0.0
8.3 0.5001593874 0.0
8.4 0.5001593874 0.0
8.4 0.4001195406 0.0
8.5 0.4001195406 0.0
8.6 0.4001195406 0.0
9.1 0.4001195406 0.0
9.2 0.4001195406 0.0
9.599880459 -1 0.0
9.599880459 -0.9 0.0
9.599880459 -1.1 0.0
9.599880459 -1.2 0.0
9.599880459 0.7 0.0
9.599880459 0.8 0.0
9.599880459 -1.3 0.0
9.599880459 -1.4 0.0
8.5 1.599880459 0.0
8.6 1.599880459 0.0
9.599880459 1.1 0.0
9.599880459 1.2 0.0
7.3 -1.599880459 0.0
7.2 -1.599880459 0.0
7.1 -1.599880459 0.0
7 -1.599880459 0.0
8.7 1.599880459 0.0
8.8 1.599880459 0.0
8.9 1.599880459 0.0
9.1 1.599880459 0.0
9 1.599880459 0.0
9.2 1.599880459 0.0
9.4 1.599880459 0.0
9.3 1.599880459 0.0
9.5 1.499840613 0.0
9.5 1.599880459 0.0
9.499840613 -0.5 0.0
9.3 -0.4001195406 0.0
9.499840613 -1.5 0.0
9.599880459 -1.5 0.0
9.5 0.5001593874 0.0
9.599880459 0.5 0.0
9.599880459 0.6 0.0
9.499840613 1.4 0.0
9.599880459 1.5 0.0
9.6 1.599880459 0.0
9.5 -1.599880459 0.0
9.5 -0.4001195406 0.0
9.4 -0.4001195406 0.0
9.599880459 1 0.0
8.3 0.4001195406 0.0
8.8 0.4001195406 0.0
8.9 0.4001195406 0.0
9.599880459 0.9 0.0
9.599880459 -0.6 0.0
9.599880459 -0.5 0.0
9.699920306 -1 0.0
9.699920306 -0.9 0.0
9.699920306 -1.1 0.0
9.699920306 -1.2 0.0
9.699920306 -1.3 0.0
9.699920306 -1.4 0.0
7.8 0.4001195406 0.0
7.7 0.4001195406 0.0
7.8 0.3000796937 0.0
7.9 0.3000796937 0.0
7.9 0.4001195406 0.0
8 0.3000796937 0.0
8.4 0.3000796937 0.0
8.5 0.3000796937 0.0
8.7 0.4001195406 0.0
8.8 0.3000796937 0.0
8.9 0.3000796937 0.0
9 0.4001195406 0.0
8.2 -1.699920306 0.0
8.3 -1.699920306 0.0
8.1 -1.699920306 0.0
8 -1.699920306 0.0
7.9 -1.699920306 0.0
7.8 -1.699920306 0.0
7.7 -1.699920306 0.0
7.6 -1.699920306 0.0
7.5 -1.699920306 0.0
7.4 -1.699920306 0.0
7.3 -1.699920306 0.0
7.2 -1.699920306 0.0
7.1 -1.699920306 0.0
7 -1.699920306 0.0
6.9 -1.599880459 0.0
6.9 -1.699920306 0.0
9.699920306 1 0.0
9.699920306 1.1 0.0
9.599880459 1.3 0.0
9.599880459 1.4 0.0
7.8 -0.3000796937 0.0
7.7 -0.3000796937 0.0
7.9 -0.3000796937 0.0
8 -0.3000796937 0.0
8.1 -0.3000796937 0.0
8.2 -0.3000796937 0.0
8.3 -0.3000796937 0.0
8.4 -0.3000796937 0.0
8.5 -0.3000796937 0.0
8.6 -0.3000796937 0.0
8.7 -0.3000796937 0.0
8.8 -0.3000796937 0.0
8.9 -0.3000796937 0.0
9 -0.3000796937 0.0
9.1 -0.3000796937 0.0
9.2 -0.3000796937 0.0
7.9 1.699920306 0.0
7.8 1.699920306 0.0
8 1.699920306 0.0
8.1 1.699920306 0.0
8.2 1.699920306 0.0
8.3 1.699920306 0.0
8.4 1.699920306 0.0
8.5 1.699920306 0.0
8.6 1.699920306 0.0
8.8 1.699920306 0.0
8.7 1.699920306 0.0
8.9 1.699920306 0.0
9 1.699920306 0.0
9.1 1.699920306 0.0
9.2 1.699920306 0.0
9.3 1.699920306 0.0
9.4 1.699920306 0.0
9.699920306 -0.6 0.0
9.699920306 -0.5 0.0
9.2 0.3000796937 0.0
9.3 0.3000796937 0.0
9.3 0.4001195406 0.0
9.4 0.4001195406 0.0
9.4 0.3000796937 0.0
9.5 0.4001195406 0.0
9.5 0.3000796937 0.0
9.6 0.4001195406 0.0
9.6 0.3000796937 0.0
9.4 -1.699920306 0.0
9.5 -1.699920306 0.0
9.699920306 0.7 0.0
9.699920306 0.8 0.0
9.5 1.699920306 0.0
9.6 1.699920306 0.0
9.3 -0.3000796937 0.0
9.4 -0.3000796937 0.0
9.699920306 0.6 0.0
9.599880459 -0.4 0.0
9.699920306 1.5 0.0
9.699920306 1.6 0.0
9.5 -0.3000796937 0.0
9.6 -0.3000796937 0.0
9.599880459 -1.6 0.0
9.699920306 -1.6 0.0
9.699920306 -1.5 0.0
9.699920306 0.5 0.0
9.699920306 0.4 0.0
7.7 0.3000796937 0.0
8.7 0.3000796937 0.0
8.6 0.3000796937 0.0
9 0.3000796937 0.0
9.1 0.3000796937 0.0
9.3 -1.699920306 0.0
9.2 -1.699920306 0.0
9.699920306 1.3 0.0
9.699920306 1.2 0.0
9.699920306 1.4 0.0
9.799960153 -1 0.0
9.799960153 -0.9 0.0
7.9 0.2000398469 0.0
8 0.2000398469 0.0
8.1 0.3000796937 0.0
8.1 0.2000398469 0.0
8.2 0.3000796937 0.0
8.2 0.4001195406 0.0
8.3 0.3000796937 0.0
9.1 0.2000398469 0.0
9.2 0.2000398469 0.0
9.3 0.2000398469 0.0
9.4 0.2000398469 0.0
9.7 0.3000796937 0.0
9.699920306 0.9 0.0
9.799960153 0.9 0.0
9.799960153 1 0.0
9.799960153 0.8 0.0
8.4 -1.699920306 0.0
8.2 -1.799960153 0.0
8.3 -1.799960153 0.0
8.1 -1.799960153 0.0
8 -1.799960153 0.0
7.9 -1.799960153 0.0
7.8 -1.799960153 0.0
7.7 -1.799960153 0.0
7.6 -1.799960153 0.0
7.5 -1.799960153 0.0
7.4 -1.799960153 0.0
7.3 -1.799960153 0.0
7.2 -1.799960153 0.0
7.1 -1.799960153 0.0
7 -1.799960153 0.0
8.5 -1.699920306 0.0
8.4 -1.799960153 0.0
8.5 -1.799960153 0.0
8.6 -1.699920306 0.0
8.7 -1.699920306 0.0
8.8 -1.699920306 0.0
8.9 -1.699920306 0.0
9 -1.699920306 0.0
7.8 -0.2000398469 0.0
7.7 -0.2000398469 0.0
8 -0.2000398469 0.0
7.9 -0.2000398469 0.0
8.1 -0.2000398469 0.0
8.3 -0.2000398469 0.0
8.2 -0.2000398469 0.0
8.4 -0.2000398469 0.0
8.5 -0.2000398469 0.0
8.6 -0.2000398469 0.0
7.9 1.799960153 0.0
7.8 1.799960153 0.0
8 1.799960153 0.0
8.1 1.799960153 0.0
8.2 1.799960153 0.0
8.3 1.799960153 0.0
8.4 1.799960153 0.0
8.5 1.799960153 0.0
8.7 1.799960153 0.0
8.6 1.799960153 0.0
8.8 1.799960153 0.0
8.9 1.799960153 0.0
9 1.799960153 0.0
9.1 1.799960153 0.0
9.2 1.799960153 0.0
9.3 1.799960153 0.0
8.7 -0.2000398469 0.0
8.8 -0.2000398469 0.0
8.9 -0.2000398469 0.0
9.1 -0.2000398469 0.0
9 -0.2000398469 0.0
9.2 -0.2000398469 0.0
9.4 1.799960153 0.0
9.3 -1.799960153 0.0
9.4 -1.799960153 0.0
9.5 -1.799960153 0.0
9.6 -1.699920306 0.0
9.799960153 -1.1 0.0
9.799960153 -1.2 0.0
9.799960153 -1.3 0.0
9.799960153 -1.4 0.0
9.799960153 -1.5 0.0
9.799960153 -1.6 0.0
9.699920306 -1.7 0.0
9.799960153 -1.7 0.0
9.699920306 -0.8 0.0
9.799960153 -0.8 0.0
9.799960153 -0.7 0.0
9.699920306 -0.7 0.0
9.799960153 -0.6 0.0
9.799960153 -0.5 0.0
9.799960153 -0.4 0.0
9.699920306 -0.4 0.0
9.699920306 -0.3 0.0
9.799960153 1.4 0.0
9.799960153 1.5 0.0
9.799960153 0.7 0.0
9.799960153 0.6 0.0
9.4 -0.2000398469 0.0
9.3 -0.2000398469 0.0
9.5 -0.2000398469 0.0
9.799960153 0.5 0.0
9.799960153 1.6 0.0
9.5 1.799960153 0.0
9.6 1.799960153 0.0
9.7 1.699920306 0.0
9.7 1.799960153 0.0
9.6 -0.2000398469 0.0
9.7 -0.2000398469 0.0
9.6 -1.799960153 0.0
9.7 -1.799960153 0.0
9.799960153 1.7 0.0
9.799960153 0.4 0.0
9.799960153 0.3 0.0
8.2 0.2000398469 0.0
8.3 0.2000398469 0.0
8.4 0.2000398469 0.0
8.6 0.2000398469 0.0
8.5 0.2000398469 0.0
8.7 0.2000398469 0.0
8.8 0.2000398469 0.0
8.9 0.2000398469 0.0
6.9 -1.799960153 0.0
8.6 -1.799960153 0.0
8.7 -1.799960153 0.0
8.8 -1.799960153 0.0
8.9 -1.799960153 0.0
9 -1.799960153 0.0
9.1 -1.799960153 0.0
9.1 -1.699920306 0.0
9.2 -1.799960153 0.0
7.7 0.2000398469 0.0
7.8 0.2000398469 0.0
7.8 -0.1 0.0
7.7 -0.1 0.0
7.9 -0.1 0.0
8 -0.1 0.0
8.1 -0.1 0.0
8.2 -0.1 0.0
8.3 -0.1 0.0
8.4 -0.1 0.0
8.5 -0.1 0.0
8.6 -0.1 0.0
8.7 -0.1 0.0
8.8 -0.1 0.0
8.9 -0.1 0.0
9 -0.1 0.0
9.1 -0.1 0.0
9.2 -0.1 0.0
9.3 -0.1 0.0
9.4 -0.1 0.0
9.5 -0.1 0.0
9.6 -0.1 0.0
8.2 -1.9 0.0
8.3 -1.9 0.0
7.7 0.1 0.0
7.8 0.1 0.0
8.2 0.1 0.0
8.3 0.1 0.0
8.4 0.1 0.0
8.5 0.1 0.0
8.7 0.1 0.0
8.8 0.1 0.0
8.9 0.1 0.0
9 0.1 0.0
9 0.2000398469 0.0
9.1 0.1 0.0
9.2 0.1 0.0
9.3 0.1 0.0
9.5 0.2000398469 0.0
9.7 0.2000398469 0.0
9.6 0.2000398469 0.0
9.6 0.1 0.0
9.7 0.1 0.0
8.1 -1.9 0.0
8 -1.9 0.0
7.9 -1.9 0.0
7.8 -1.9 0.0
7.6 -1.9 0.0
7.7 -1.9 0.0
7.5 -1.9 0.0
7.4 -1.9 0.0
7.3 -1.9 0.0
7.2 -1.9 0.0
7.1 -1.9 0.0
7 -1.9 0.0
6.9 -1.9 0.0
9.9 -1 0.0
9.9 -0.9 0.0
7.9 1.9 0.0
7.8 1.9 0.0
8 1.9 0.0
8.1 1.9 0.0
8.2 1.9 0.0
9.799960153 1.1 0.0
8.3 1.9 0.0
8.4 1.9 0.0
8.5 1.9 0.0
8.6 1.9 0.0
8.7 1.9 0.0
8.8 1.9 0.0
8.9 1.9 0.0
9 1.9 0.0
9.1 1.9 0.0
9.2 1.9 0.0
9.3 1.9 0.0
9.5 1.9 0.0
9.4 1.9 0.0
9.6 1.9 0.0
9.8 1.799960153 0.0
9.8 1.9 0.0
9.7 1.9 0.0
9.3 -1.9 0.0
9.4 -1.9 0.0
9.799960153 -0.3 0.0
9.799960153 -0.2 0.0
9.9 -0.3 0.0
9.9 -0.2 0.0
9.7 -0.1 0.0
9.8 -0.1 0.0
9.9 -1.1 0.0
9.9 -1.2 0.0
9.9 -1.3 0.0
9.799960153 1.3 0.0
9.799960153 1.2 0.0
9.9 -1.5 0.0
9.9 -1.4 0.0
9.9 -1.6 0.0
9.9 -1.7 0.0
9.799960153 -1.8 0.0
9.9 -1.8 0.0
9.9 1.7 0.0
9.9 1.8 0.0
9.8 0.2000398469 0.0
9.8 0.1 0.0
9.6 -1.9 0.0
9.7 -1.9 0.0
9.8 -1.9 0.0
9.9 0.3 0.0
9.9 0.4 0.0
9.9 0.2 0.0
9.9 0.5 0.0
9.9 0.6 0.0
9.9 0.7 0.0
7.9 0.1 0.0
8 0.1 0.0
8.1 0.1 0.0
9.9 0.8 0.0
9.9 0.9 0.0
9.9 1 0.0
9.9 1.1 0.0
9.9 1.2 0.0
8.6 -1.9 0.0
8.5 -1.9 0.0
8.7 -1.9 0.0
9.4 0.1 0.0
9.5 0.1 0.0
9.9 1.3 0.0
9.9 1.4 0.0
8.8 -1.9 0.0
8.9 -1.9 0.0
9 -1.9 0.0
9.9 -0.7 0.0
9.9 -0.6 0.0
9.9 -0.5 0.0
9.9 -0.4 0.0
9.1 -1.9 0.0
9.2 -1.9 0.0
9.5 -1.9 0.0
9.9 1.5 0.0
9.9 -0.1 0.0
9.9 1.6 0.0
9.4 2 0.0
9.3 2 0.0
9.2 2 0.0
9.1 2 0.0
9 2 0.0
8.9 2 0.0
9.7 2 0.0
9.6 2 0.0
9.8 2 0.0
8.8 2 0.0
8.6 2 0.0
8.5 2 0.0
8.3 2 0.0
8.2 2 0.0
8.1 2 0.0
8 2 0.0
7.9 2 0.0
7.8 2 0.0
8.7 0 0.0
8.6 0 0.0
8.5 0 0.0
8.4 0 0.0
8.3 0 0.0
8.1 0 0.0
8 0 0.0
7.8 0 0.0
7.9 0 0.0
10 0.3 0.0
10 0.4 0.0
10 0.5 0.0
10 0.6 0.0
10 0.7 0.0
10 0.8 0.0
10 -1.2 0.0
10 -1.1 0.0
9.9 -0.8 0.0
10 -1 0.0
10 -0.9 0.0
7.3 -2 0.0
7.4 -2 0.0
7.6 -2 0.0
7.7 -2 0.0
7.9 -2 0.0
8 -2 0.0
8.1 -2 0.0
8.2 -2 0.0
8.4 -1.9 0.0
8.3 -2 0.0
8.4 -2 0.0
8.8 0 0.0
8.9 0 0.0
8.6 0.1 0.0
9 0 0.0
9.1 0 0.0
10 -1.3 0.0
10 -1.4 0.0
10 -1.5 0.0
9.4 0 0.0
9.5 0 0.0
10 1.3 0.0
10 1.4 0.0
9.2 0 0.0
9.3 0 0.0
10 -0.8 0.0
10 -0.7 0.0
10 1.5 0.0
10 1.6 0.0
9.1 -2 0.0
9.2 -2 0.0
9.6 0 0.0
10 -0.4 0.0
10 -0.3 0.0
10 -1.7 0.0
10 -1.6 0.0
10 -1.8 0.0
9.9 -1.9 0.0
10 -1.9 0.0
9.3 -2 0.0
9.4 -2 0.0
9.5 -2 0.0
9.6 -2 0.0
10 -0.2 0.0
10 -0.1 0.0
9.9 0.1 0.0
9.7 -2 0.0
9.8 -2 0.0
10 1.7 0.0
9.9 -2 0.0
9.8 0 0.0
9.9 0 0.0
9.7 0 0.0
10 1.8 0.0
9.9 1.9 0.0
10 1.9 0.0
8.6 -2 0.0
8.7 -2 0.0
8.5 -2 0.0
7.8 -2 0.0
6.9 -2 0.0
7 -2 0.0
10 1 0.0
10 0.9 0.0
10 1.1 0.0
10 1.2 0.0
8.8 -2 0.0
9.9 2 0.0
10 -0.5 0.0
7.5 -2 0.0
7.1 -2 0.0
7.2 -2 0.0
8.2 0 0.0
9.5 2 0.0
8.9 -2 0.0
9 -2 0.0
8.4 2 0.0
8.7 2 0.0
7.7 0 0.0
10 -2 0.0
10 -0.6 0.0
10 0.1 0.0
10 0.2 0.0
10 2 0.0
10 0 0.0
13.85932647 -5.806705095 0.0
15.30413136 -5.928525695 0.0
14.44905409 -5.033150549 0.0
16.67195861 3.216666589 0.0
16.20982517 2.341171169 0.0
16.99126035 1.7865422 0.0
14.43481002 7.347206172 0.0
13.27177254 8.326561286 0.0
13.14789139 6.915250947 0.0
2.451665544 -10.98129349 0.0
2.705501583 -9.545546868 0.0
1.368833989 -9.685722684 0.0
1.664908122 -12.30655609 0.0
0.5043114286 -10.83198118 0.0
-0.9627463598 -11.67602003 0.0
15.79670374 1.414712326 0.0
14.61338708 -7.143047568 0.0
13.41712213 -6.61698743 0.0
13.05266145 -8.132110062 0.0
17.01375503 -1.040730851 0.0
18.55132456 -0.05723072274 0.0
16.86930965 0.3868183109 0.0
17.64208159 4.066199857 0.0
16.31815769 6.474066881 0.0
16.01971017 4.755340074 0.0
11.09397603 8.979435617 0.0
11.515788 10.27160456 0.0
10.05644834 9.213413728 0.0
14.91104072 -4.361233347 0.0
15.9335935 -4.711670065 0.0
15.62901922 -3.727177083 0.0
12.12747746 8.556356633 0.0
15.8032853 0.572591596 0.0
15.83904055 -0.3461832084 0.0
-4.754709605 10.92661638 0.0
-2.513559288 10.01743365 0.0
-2.388360466 11.85104395 0.0
4.398118456 9.60942665 0.0
3.863696196 8.168077292 0.0
5.015324374 8.195029332 0.0
-2.38402987 16.45231955 0.0
-3.038178651 13.44756297 0.0
-0.5560253847 13.80235413 0.0
9.17271261 -11.63051926 0.0
6.969728829 -11.15286774 0.0
7.249644014 -12.83249287 0.0
17.25337745 -4.242676432 0.0
18.63066114 -1.983611584 0.0
17.10613978 -2.225573562 0.0
13.7467435 4.859968352 0.0
14.7447961 3.964757722 0.0
15.03563433 5.118929909 0.0
13.78515137 3.465083431 0.0
14.48408239 2.849604548 0.0
10.70586624 8.054193937 0.0
10.65266377 6.914528711 0.0
11.82348841 7.489799283 0.0
7.636691415 -8.18105107 0.0
6.469344127 -8.179400107 0.0
7.076508232 -9.672984497 0.0
4.46044073 -8.195707624 0.0
3.344263029 -8.211921255 0.0
3.959864921 -9.625083482 0.0
7.458376536 8.269596429 0.0
7.042420869 6.973522764 0.0
8.007461776 7.040272979 0.0
14.86292115 1.932042186 0.0
14.87644372 1.056269381 0.0
14.3433232 -3.847867688 0.0
13.26099212 -3.83169613 0.0
13.79689814 -4.723715752 0.0
-9.02755874 -18.61329164 0.0
-6.001176139 -19.6503863 0.0
-6.14101612 -15.82921212 0.0
-6.070899188 15.85534897 0.0
-5.906118178 19.674909 0.0
-8.96428146 18.63023814 0.0
15.7130696 -13.09340349 0.0
15.0885574 -10.46459487 0.0
13.41535811 -11.68102074 0.0
13.07030081 -5.361609717 0.0
12.42198449 -4.384035165 0.0
12.00782394 -5.075493627 0.0
12.21747369 6.255332734 0.0
11.40076815 5.788628601 0.0
10.41821508 5.893062309 0.0
5.980507088 -6.142825466 0.0
6.466000512 -7.14587703 0.0
6.648945647 -6.030319659 0.0
6.589700828 6.018825512 0.0
6.012501066 6.938866014 0.0
5.968434214 6.060998865 0.0
14.06734504 -2.837972805 0.0
15.13244429 -3.065934905 0.0
2.848801161 7.089996128 0.0
2.598822516 6.02289932 0.0
3.257615361 6.060279087 0.0
5.410260741 6.059658847 0.0
12.44433705 -3.620317758 0.0
12.25124471 16.19752792 0.0
9.685867364 17.18321401 0.0
9.972948031 13.88781834 0.0
13.49183849 1.530694061 0.0
13.23712945 2.125457664 0.0
12.66685112 1.615175113 0.0
8.013811315 -5.985965234 0.0
7.269029149 -5.951765659 0.0
7.663690607 -7.051074701 0.0
8.46373525 -5.243825587 0.0
8.765471273 -6.052947441 0.0
9.049395185 -5.283206746 0.0
8.932715811 -7.010306703 0.0
8.702405956 -8.415255028 0.0
9.977209524 -7.999291051 0.0
3.411236072 -7.124654421 0.0
3.860751184 -6.002126097 0.0
2.997317298 -6.062070982 0.0
8.555896352 5.282957716 0.0
9.160743982 5.260045807 0.0
8.896231672 6.181186185 0.0
14.06071396 -2.025149694 0.0
13.19045774 -1.737225423 0.0
13.12360015 -2.39938555 0.0
10.35891044 -5.552925165 0.0
9.936224974 -6.567335783 0.0
11.10654217 -6.36972382 0.0
15.52792389 2.792906866 0.0
21.67542799 21.19061769 0.0
17.26203549 19.0803934 0.0
20.1081475 16.72827261 0.0
11.281753 3.69989946 0.0
10.78936099 3.469783668 0.0
11.18842324 3.193912753 0.0
11.80685202 4.218124853 0.0
11.29961834 4.744666996 0.0
11.1678163 4.084003433 0.0
13.27079456 -0.7699295229 0.0
13.21727316 -1.301414078 0.0
14.12429015 -1.188808842 0.0
7.491887602 -5.241098779 0.0
6.982399229 -5.257026738 0.0
6.536950227 -19.60245063 0.0
3.460538119 -19.61874029 0.0
5.453846327 -23.42124223 0.0
4.158728789 -5.268270043 0.0
3.579208275 -5.252247226 0.0
4.246704783 5.245938803 0.0
3.947752935 6.142876038 0.0
3.620194608 5.268539171 0.0
6.312908738 4.58194079 0.0
6.909263763 4.6055571 0.0
6.599655971 5.312927608 0.0
11.99571453 2.699064218 0.0
12.57905865 2.970633698 0.0
12.08638684 3.239192074 0.0
11.78703101 2.234144829 0.0
12.34122903 2.113914823 0.0
10.63889821 -4.028408497 0.0
10.21766906 -3.815376541 0.0
10.10869115 -4.340193677 0.0
10.39867309 5.226488983 0.0
10.0924794 4.55110919 0.0
10.6911141 4.561247461 0.0
4.005526184 4.623829521 0.0
4.456667382 4.65092145 0.0
6.102829695 4.073410562 0.0
6.508860266 4.058593977 0.0
7.711306029 4.095440831 0.0
7.452571861 4.702452054 0.0
7.283778771 4.074807445 0.0
12.08691409 -0.04647254427 0.0
12.10756818 -0.4177602623 0.0
12.67306105 -0.2538363687 0.0
10.6088362 4.009238081 0.0
10.34782066 3.513518164 0.0
-8.111689119 -36.8856258 0.0
-4.276154327 -31.19530635 0.0
-9.266966683 -30.36944289 0.0
-7.985677041 36.89368686 0.0
-9.152431736 30.15482547 0.0
-4.31774307 31.10260805 0.0
8.001530961 37.80215785 0.0
4.837144662 31.59364455 0.0
9.860996321 31.27327489 0.0
12.50628651 -2.076776853 0.0
12.43643717 -2.609964349 0.0
11.51579482 -2.641617953 0.0
11.15961508 -2.847855666 0.0
11.56115473 -3.085839759 0.0
10.32664319 -3.479567498 0.0
10.18524945 -3.169456023 0.0
9.913173764 -3.346159959 0.0
11.43538303 2.329108686 0.0
11.14912563 2.188595507 0.0
11.3337844 1.91380661 0.0
11.53405557 2.816693475 0.0
11.16715015 2.568045168 0.0
13.36864117 0.3952175693 0.0
12.63387462 0.6588238115 0.0
12.6180493 0.2170925312 0.0
12.04022954 1.782796331 0.0
11.66442487 1.934183473 0.0
11.64894622 1.601316068 0.0
16.11109065 -2.376589036 0.0
14.95937173 -2.025398197 0.0
9.753450816 -4.038251156 0.0
9.921995377 -3.676393333 0.0
9.593697579 -3.645790513 0.0
8.18492834 -4.107162961 0.0
7.783209443 -4.097474757 0.0
7.964186952 -4.698148931 0.0
2.609738436 4.72155769 0.0
2.436641009 4.0935156 0.0
2.865519458 4.092561694 0.0
11.06492275 -3.323929619 0.0
10.76106132 -2.978937624 0.0
16.18909391 36.74785746 0.0
22.37283582 42.83160496 0.0
15.14353053 45.33002563 0.0
10.66892365 3.156717551 0.0
10.33673935 3.233181716 0.0
10.43971227 2.897987806 0.0
10.57221562 -3.198469049 0.0
10.82707274 -3.641313418 0.0
8.902003411 -3.636583853 0.0
8.899176905 -3.287676541 0.0
8.702058525 -3.27997675 0.0
7.381965878 -3.68528325 0.0
7.465797829 -3.267096677 0.0
7.233482116 -3.262156397 0.0
7.731011093 3.675004327 0.0
7.650560069 3.265179697 0.0
7.88356327 3.281905299 0.0
8.832945488 3.673913268 0.0
8.719391708 3.268849553 0.0
8.965052774 3.282095594 0.0
11.29231522 -0.609906903 0.0
11.27249178 -0.8309320606 0.0
11.69172712 -0.7788512375 0.0
11.63654848 0.293413535 0.0
11.28963666 0.3043842773 0.0
11.27900401 0.1093499159 0.0
10.71493562 -2.618428886 0.0
10.4467174 -2.746502845 0.0
10.3780094 -3.000031892 0.0
10.10821494 -2.886865762 0.0
10.98185688 2.393939929 0.0
10.88703834 2.111429716 0.0
8.459643101 3.693358939 0.0
8.309679045 3.292226782 0.0
8.53054008 3.272811283 0.0
8.839031908 4.084581051 0.0
9.232223383 4.0783838 0.0
9.069899297 4.663172742 0.0
9.091114617 -3.280279839 0.0
7.794012266 -3.678054729 0.0
7.958493649 -3.291930819 0.0
7.684668521 -3.274190544 0.0
6.814543282 -3.264769361 0.0
6.961822421 -3.685261602 0.0
7.031802178 -3.263829077 0.0
11.28524131 0.5105339505 0.0
11.69148048 -1.14937151 0.0
11.26823895 -1.020107605 0.0
11.28124878 -1.265676296 0.0
10.96298044 -2.221636148 0.0
10.75753987 -1.997347124 0.0
10.67474018 -2.22697558 0.0
10.22056059 2.663075761 0.0
10.20265068 2.921224016 0.0
9.982751125 2.748960059 0.0
-58.74788709 28.47782774 0.0
-59.22188237 17.43155666 0.0
-48.82071596 20.18064714 0.0
9.7986853 3.046358745 0.0
9.724245419 2.718517274 0.0
-70.50796633 13.15931603 0.0
-58.65798714 8.330336391 0.0
-26.26681075 -58.6956862 0.0
-36.70858995 -67.53711784 0.0
-25.4717563 -71.83189628 0.0
9.83828356 -2.735222954 0.0
9.830930271 -3.047367947 0.0
10.73536237 1.840608605 0.0
11.04938969 1.830772821 0.0
-58.72451075 -28.40053509 0.0
-71.01209979 -24.61626199 0.0
-66.90611512 -36.68283906 0.0
-59.19931845 -17.48898432 0.0
-49.01207647 -20.15148073 0.0
10.0405275 -2.542061914 0.0
9.799435973 -2.477396236 0.0
10.54108588 2.045079786 0.0
10.45775501 1.780464731 0.0
10.34966216 2.018021827 0.0
10.39384246 2.201352218 0.0
10.50037003 -0.4390908773 0.0
10.75076725 -0.3637979366 0.0
10.50091365 -0.2533894473 0.0
10.33183326 0.6988377028 0.0
10.51941828 0.7612713922 0.0
10.33430864 0.8092414142 0.0
9.326784635 -2.493400682 0.0
9.400721262 -2.328756822 0.0
9.308356296 -2.342242629 0.0
8.1 2.515241669 0.0
8.100961894 2.352540644 0.0
8.195272228 2.346861479 0.0
10.53291551 -0.8184188791 0.0
10.33737699 -0.7874755687 0.0
10.34894882 -0.8966384888 0.0
10.47834688 1.295541258 0.0
10.3332634 1.299281867 0.0
10.32544299 1.205122186 0.0
10.49309664 1.019254878 0.0
10.3401541 1.007550749 0.0
10.33292784 0.9119446611 0.0
9.206151603 2.474282642 0.0
9.202349691 2.327796688 0.0
9.296791153 2.319748374 0.0
7.921190234 -2.49861657 0.0
7.907885801 -2.340710795 0.0
7.813798995 -2.330941602 0.0
8.395078654 -2.33601107 0.0
8.449448998 -2.526417508 0.0
8.505635456 -2.3376768 0.0
10.33184065 -0.2013114183 0.0
10.33728496 -0.3094627602 0.0
10.5020842 -0.6125309024 0.0
10.34232179 -0.6045548266 0.0
10.33503575 -0.6940607677 0.0
9.577884209 -2.475950188 0.0
9.685106968 -2.319582562 0.0
9.591089277 -2.33281584 0.0
10.49803113 1.549301921 0.0
10.32713152 1.608877413 0.0
10.32318483 1.493304007 0.0
9.488934048 2.471606756 0.0
9.401823479 2.317426536 0.0
9.492275387 2.327635455 0.0
10.25297644 2.174229005 0.0
10.17706192 2.101784473 0.0
10.23243032 2.027770169 0.0
9.782480585 -2.317021497 0.0
9.904457979 -2.32455373 0.0
10.1719126 -2.254504767 0.0
10.10126899 -2.174567909 0.0
10.02878974 -2.229746452 0.0
8.911022544 2.33852191 0.0
9.005005705 2.324325451 0.0
8.931372953 2.494254276 0.0
8.811826061 2.339257322 0.0
8.997302317 -2.350780269 0.0
8.886197639 -2.341609712 0.0
8.912054503 -2.537165832 0.0
8.788215931 -2.33395333 0.0
8.696875473 -2.344975469 0.0
8.689436484 -2.506795212 0.0
8.604185093 -2.332706647 0.0
9.211335047 -2.338536418 0.0
10.47474457 -1.495738594 0.0
10.32705387 -1.494952851 0.0
10.32438677 -1.594594037 0.0
10.3160854 -1.406038562 0.0
10.33796985 -1.211696597 0.0
10.32332872 -1.304944255 0.0
10.49126469 -1.232649729 0.0
10.33981628 -1.113296731 0.0
10.10975759 2.014425608 0.0
10.01458102 -2.109195323 0.0
9.592566076 2.325012607 0.0
9.106784503 2.322203113 0.0
8.004903811 2.346767868 0.0
9.497053277 -2.324766063 0.0
8.292530714 -2.33207805 0.0
8.198040134 -2.342187735 0.0
8.191237114 -2.493302014 0.0
8.104030099 -2.329187027 0.0
10.32076301 1.392026211 0.0
10.32935928 1.101825376 0.0
10.33379208 0.5978876856 0.0
10.34239164 0.5061419572 0.0
10.50630332 0.5159383431 0.0
10.33273521 0.4140555217 0.0
10.53557197 0.2898055752 0.0
10.33954268 0.3161228407 0.0
10.35156354 0.2049038106 0.0
10.33987016 -0.1112154882 0.0
10.53520235 -0.0796092163 0.0
10.3478925 -0.003623943433 0.0
-12.3684648 -113.5735517 0.0
-0.8844640491 -96.01486524 0.0
-17.94692325 -95.05304213 0.0
-67.70710759 -95.1390375 0.0
-47.0785049 -85.68581094 0.0
-59.28377233 -75.66404303 0.0
-91.20069286 -67.22659853 0.0
-69.27124392 -66.08047493 0.0
-78.33953882 -57.53989675 0.0
-112.1886697 0.04362009275 0.0
-93.71407042 -14.49577282 0.0
-95.61109015 0.02654182281 0.0
-67.02060615 36.82439296 0.0
-71.35119524 24.9727767 0.0
-12.49094702 113.7832645 0.0
-17.96790731 95.24722072 0.0
-0.9016647852 96.10077613 0.0
-26.05350389 58.70286932 0.0
-25.32510429 71.85069373 0.0
-36.45815447 66.96330324 0.0
-91.56937843 67.52436321 0.0
-84.77646425 45.99936927 0.0
-78.30075824 57.55261045 0.0
6.999403088 -2.346071609 0.0
6.909410917 -2.334540026 0.0
6.997772294 -2.50718516 0.0
7.501714703 -2.332088025 0.0
7.408505616 -2.344508825 0.0
7.424472119 -2.506347437 0.0
7.095096189 -2.345086378 0.0
8.001617715 -2.331629552 0.0
10.33646177 -0.5132090276 0.0
8.499725339 2.347935779 0.0
8.594787248 2.344215993 0.0
8.499427271 2.513628109 0.0
10.02618072 -2.34375272 0.0
10.19961786 -2.395703272 0.0
8.404594869 2.346659208 0.0
0.5132669759 -148.0477779 0.0
14.61561484 -115.3774189 0.0
-84.69700817 -45.94328876 0.0
140.1918897 0.06085005463 0.0
112.5498461 15.29499995 0.0
116.0301877 0.3333388166 0.0
136.8679007 47.77070249 0.0
102.7564243 49.47239751 0.0
108.9849575 32.47866231 0.0
115.9413768 88.67725178 0.0
82.64386787 79.94866113 0.0
94.4530921 64.8638931 0.0
84.24544422 122.3492904 0.0
54.45694353 104.517089 0.0
70.24537211 92.56129633 0.0
-67.85584337 95.21845499 0.0
-59.38480232 75.83744169 0.0
-47.0548186 85.33406102 0.0
-93.88321945 14.60589675 0.0
-69.26601187 66.15606769 0.0
112.570962 -15.14458694 0.0
136.8808627 -47.73646165 0.0
109.051572 -32.45932443 0.0
102.772383 -49.4621869 0.0
115.9487531 -88.67018341 0.0
94.49404189 -64.98111519 0.0
83.04587184 -79.88298355 0.0
84.28210817 -122.2657512 0.0
69.70024323 -92.7560792 0.0
54.47584315 -104.4283371 0.0
0.3300645092 148.2707125 0.0
14.56872607 115.4685925 0.0
-58.65798714 -8.330336391 0.0
-70.40269945 -13.07358507 0.0
10.03235817 2.132984634 0.0
10.12808145 -2.029550603 0.0
7.601965178 -2.330984872 0.0
7.668000464 -2.518942744 0.0
7.712972598 -2.333100029 0.0
7.309906929 -2.344215993 0.0
10.72028915 -1.725017497 0.0
11.05147732 -1.799332068 0.0
15.78429954 3.698283537 0.0
14.86517572 6.220339026 0.0
15.30828433 8.182756678 0.0
13.63518707 5.900329399 0.0
5.452821853 -11.24623724 0.0
5.601055066 -12.8612375 0.0
5.471977746 -9.733177212 0.0
3.616310098 -12.71950443 0.0
3.813835661 -11.17239969 0.0
16.36427318 -3.453949418 0.0
-0.164088282 11.78626665 0.0
1.09111904 10.8220571 0.0
2.563459983 11.05009125 0.0
2.12110059 12.48129359 0.0
4.418578029 11.12514834 0.0
4.380198609 12.60645772 0.0
6.166398462 11.01002599 0.0
6.67910882 12.32350054 0.0
7.528515681 10.70327511 0.0
6.019425906 9.689462664 0.0
7.441182509 9.609610645 0.0
-1.059151113 -13.71250173 0.0
1.113896559 -14.43425675 0.0
3.496922911 -14.66784887 0.0
5.788270165 -14.75821654 0.0
11.064642 -11.02189723 0.0
11.92839423 -12.8487238 0.0
12.68737647 -10.30779772 0.0
9.945177811 -13.79933713 0.0
7.885904558 -14.56381882 0.0
16.55609446 -6.46355527 0.0
15.49886948 -8.039006733 0.0
14.07520317 -9.302828372 0.0
16.75079322 -9.246595722 0.0
19.34016034 -4.949611507 0.0
20.12055481 -2.524909786 0.0
16.00269407 -1.244639959 0.0
20.40328049 0.01116784376 0.0
18.38324931 2.111542712 0.0
20.10214744 2.551428767 0.0
19.33740014 4.95317638 0.0
18.14356452 7.349813932 0.0
13.78021298 9.466120854 0.0
4.413372745 14.64324567 0.0
1.704832048 14.48235876 0.0
8.899520219 11.37584622 0.0
8.801240562 9.69303254 0.0
-5.393931757 13.10321537 0.0
-9.173391537 8.23824612 0.0
-8.00905007 9.17473432 0.0
-9.350615544 10.6123402 0.0
-10.71888084 8.886298343 0.0
18.23915189 -7.357222671 0.0
10.76237363 -9.031729427 0.0
8.89222178 -9.726756376 0.0
11.58946899 -7.416008358 0.0
12.16747051 -9.157212404 0.0
12.43593312 -6.277822021 0.0
11.66684053 -5.716682581 0.0
5.44817311 -8.349648652 0.0
2.708556267 9.662435056 0.0
1.04785209 9.538514762 0.0
1.714804998 8.103612108 0.0
2.809990459 8.293897928 0.0
9.789295397 8.190876785 0.0
8.741384894 8.363209777 0.0
6.115699809 8.294007568 0.0
7.191292722 14.5558402 0.0
-0.7457147131 9.849512583 0.0
2.37996553 -8.379290951 0.0
1.230789935 -8.421876964 0.0
7.277120982 17.26159261 0.0
4.266421458 17.30792587 0.0
1.021614351 17.05923477 0.0
-7.556815724 12.03626113 0.0
-6.555878487 10.21180951 0.0
-11.15569172 12.38088241 0.0
-12.78009682 10.12393887 0.0
-2.661900913 -16.41186719 0.0
0.5564247841 -16.96427124 0.0
3.429715437 -17.02886487 0.0
6.105544788 -17.03633975 0.0
8.560526241 -16.86522872 0.0
13.28839899 -14.89264012 0.0
18.20758476 -11.04781389 0.0
20.13468007 -8.530118286 0.0
21.46800869 -5.859274637 0.0
22.19302084 -3.06335191 0.0
22.52850395 0.002791951072 0.0
22.19302085 3.06335187 0.0
21.461807 5.845262964 0.0
20.13915299 8.46277997 0.0
16.69253144 9.371396534 0.0
18.38661692 10.88957081 0.0
16.28552152 12.77409795 0.0
14.85874049 11.04701817 0.0
12.57476105 12.44497705 0.0
12.99667091 4.962543772 0.0
12.49076658 4.419577864 0.0
13.25109136 4.043546713 0.0
12.71876148 5.586886106 0.0
11.95205695 5.145382077 0.0
9.77371576 7.108653276 0.0
8.8564442 7.162808689 0.0
10.53109233 -7.297686139 0.0
5.423345768 -7.239321877 0.0
2.326835083 -7.209385513 0.0
1.263424054 -7.234897921 0.0
4.497930755 -7.151182544 0.0
4.935640859 7.142374648 0.0
1.707585476 7.046868723 0.0
3.9371238 7.139817773 0.0
15.04689003 -1.21505674 0.0
-8.926837108 14.21767945 0.0
13.2601672 -3.031657745 0.0
0.4601380572 -19.91596663 0.0
-2.941600944 -19.66319927 0.0
-11.05220625 16.73622479 0.0
-13.41879844 14.44257419 0.0
-15.37995969 11.69191398 0.0
-2.697298457 19.84259885 0.0
0.7915897295 20.04155299 0.0
4.353577755 20.26763045 0.0
7.558089304 20.23701397 0.0
10.91867236 -16.09747948 0.0
9.143001024 -19.6407288 0.0
22.44332339 -9.919922881 0.0
23.94297541 -6.81502357 0.0
24.74313208 -3.526724416 0.0
25.13598618 0.0006979854277 0.0
24.74313208 3.526724407 0.0
23.94161143 6.807416445 0.0
22.4440692 9.903505949 0.0
20.44632871 12.57882207 0.0
14.06195953 14.56526564 0.0
18.04168587 14.82054249 0.0
15.60169137 16.81041021 0.0
13.26208559 18.5405445 0.0
10.44336499 19.78615733 0.0
15.04442356 -0.3959821352 0.0
15.00315403 0.3877962468 0.0
13.79263204 2.41296961 0.0
14.08768409 1.723336269 0.0
13.36163224 2.953479961 0.0
11.88058638 -18.83271196 0.0
12.87684748 2.536209624 0.0
14.18373051 -0.3978426919 0.0
11.03196938 5.25483743 0.0
9.705418031 6.129417068 0.0
8.057387621 6.198561445 0.0
7.271680569 6.16918899 0.0
2.241647587 -6.198724685 0.0
1.35841446 -6.185672233 0.0
14.19319709 0.3402628985 0.0
4.77499161 6.167938344 0.0
4.568861789 -6.173825302 0.0
-16.05584805 -16.9243083 0.0
-13.43209515 -14.43103856 0.0
-15.3817914 -11.6804058 0.0
-18.39945925 -13.6816469 0.0
-16.78123284 -8.377929863 0.0
-20.14869366 -9.671694476 0.0
-18.15321989 0.00480956549 0.0
-21.72962597 4.862429903e-14 0.0
-21.17632304 -5.132616118 0.0
-17.5879823 -4.322190911 0.0
-21.16875147 5.137425688 0.0
-17.57002625 4.352131965 0.0
-16.77549036 8.390968136 0.0
-20.14467585 9.67521756 0.0
-18.39903415 13.68317778 0.0
-16.0510986 16.92546437 0.0
4.518091203 23.69216002 0.0
0.5416399066 23.54147615 0.0
-3.290635511 23.20161386 0.0
-6.896344302 22.69967917 0.0
-13.15339332 19.5816947 0.0
-10.31248309 21.52319348 0.0
22.91294285 14.70166904 0.0
27.85725832 4.08040375 0.0
26.94021822 7.925154947 0.0
27.85725832 -4.080403752 0.0
28.29735734 0.0001744960515 0.0
25.23507625 -11.55645025 0.0
26.94056281 -7.928024505 0.0
20.36788314 -12.97256045 0.0
22.89340273 -15.10614376 0.0
19.779614 -17.90669382 0.0
17.62293697 -15.35809911 0.0
14.78208563 -17.37776774 0.0
16.410806 -20.32762928 0.0
12.94045599 -22.07209912 0.0
9.567584299 -23.09675688 0.0
0.8790114119 -23.52372909 0.0
-3.354195661 -23.16837091 0.0
-6.970660132 -22.69280222 0.0
-10.36518509 -21.53906605 0.0
-11.10376136 -16.69613939 0.0
-13.17244921 -19.57701287 0.0
9.439677478 -6.00885347 0.0
9.617336187 -5.406277186 0.0
14.75204129 21.36808254 0.0
8.158293489 23.6326755 0.0
11.51768548 22.97124075 0.0
12.90250792 3.406796235 0.0
12.32185286 3.697542043 0.0
11.02386652 -5.172651958 0.0
11.44916108 -4.686799304 0.0
11.77297261 -4.159146768 0.0
13.36484949 -0.2524870521 0.0
-15.61618039 23.02231153 0.0
-11.90399637 25.20971888 0.0
8.95985822 27.25157567 0.0
13.05944429 26.52940328 0.0
10.18749982 -5.006089204 0.0
9.651423586 -4.732939355 0.0
10.59204413 -4.719699564 0.0
11.75558175 3.727482048 0.0
25.23506188 11.55257912 0.0
11.63801623 3.250373372 0.0
14.15940943 1.026340248 0.0
13.44611549 1.006750298 0.0
9.733509613 5.3347665 0.0
8.005560417 5.396323121 0.0
7.98340528 -5.292259633 0.0
2.3 -5.359266171 0.0
1.495243468 -5.3128573 0.0
3.015507106 -5.346543639 0.0
5.330735828 -6.2718243 0.0
5.306084044 -5.443092614 0.0
4.661371126 -5.389491151 0.0
2.026936698 6.01102056 0.0
2.600232743 5.37690899 0.0
3.152530419 5.353910823 0.0
7.332367204 5.395222943 0.0
5.943662258 5.363711287 0.0
5.373656285 5.374118248 0.0
4.81748045 5.385341013 0.0
-25.27391946 -6.019261934 0.0
-24.24300189 -11.32996093 0.0
-25.76305053 4.918287999e-14 0.0
12.53927073 -3.109715977 0.0
-22.11994363 -15.95481765 0.0
-19.02369507 -19.91532863 0.0
-15.63762774 -23.04872873 0.0
-24.04975745 11.17549201 0.0
-25.28443079 5.809218897 0.0
-21.90323457 15.88186533 0.0
-19.01754806 19.91002794 0.0
4.760698781 27.57094903 0.0
0.2780574362 27.64577502 0.0
-8.076140427 26.39900033 0.0
5.831480744 -27.64573592 0.0
10.2800416 -27.09847783 0.0
22.38417381 -20.86614023 0.0
25.91455238 -17.59496593 0.0
28.57187907 -13.46920631 0.0
30.52100999 -9.226410934 0.0
31.56211204 -4.726030357 0.0
32.0688482 4.362401286e-05 0.0
31.56211204 4.726030357 0.0
30.52089866 9.22548066 0.0
28.57177834 13.46835477 0.0
25.66819449 17.46381296 0.0
17.31582185 24.42826677 0.0
10.99198126 -4.339904864 0.0
11.90312729 -3.604331226 0.0
11.97484538 -3.098944653 0.0
11.89654234 -2.539626391 0.0
11.25931171 -3.910210874 0.0
-28.66048836 13.05267342 0.0
-26.14659861 18.7587636 0.0
9.017713723 -4.717269418 0.0
11.44712912 -3.481077869 0.0
12.64012041 -1.649421974 0.0
12.68952149 -1.237468147 0.0
12.70118391 -0.7511946411 0.0
12.72174976 1.089167778 0.0
9.607505034 4.655924933 0.0
8.536791765 4.703438375 0.0
8.026150727 4.742567628 0.0
3.6 4.696736226 0.0
3.132311706 4.728296753 0.0
2.030036413 5.377579896 0.0
2.026918632 4.761129718 0.0
8.472264428 -4.708253317 0.0
6.516180292 -5.368603667 0.0
7.44835136 -4.708728712 0.0
5.934475045 -5.422239636 0.0
5.299518263 -4.730380823 0.0
4.664927703 -4.736573735 0.0
5.832902563 4.706800428 0.0
-3.847695556 27.04349452 0.0
-30.15616372 -6.923957889 0.0
-28.82826237 -13.24439921 0.0
-30.53835629 6.414165259e-14 0.0
-30.06204323 6.653982924 0.0
-22.44510448 23.54540322 0.0
-18.34168223 27.10705888 0.0
-13.69365798 29.47276465 0.0
-26.14659718 -18.75876506 0.0
-22.44510158 -23.5454062 0.0
-18.3553363 -27.09922963 0.0
-8.16208364 -26.41338562 0.0
-3.77424532 -27.13466117 0.0
-11.98036304 -25.31895043 0.0
-13.79757893 -29.64838567 0.0
0.9562569237 -27.58933657 0.0
6.087963517 -32.46500224 0.0
11.46868172 -31.79832012 0.0
14.25241964 -25.8530984 0.0
18.45189873 -23.7322585 0.0
20.76019548 -27.88216609 0.0
25.45436682 -24.34683087 0.0
29.51279311 -20.49440851 0.0
32.53892349 -15.69904034 0.0
34.7726262 -10.73950149 0.0
35.95507467 -5.477910904 0.0
36.54214926 1.09060032e-05 0.0
35.95507467 5.477910904 0.0
34.74060464 10.68080504 0.0
32.41094856 15.4651848 0.0
29.2139231 20.37070685 0.0
24.99288658 24.68446551 0.0
19.95225781 28.33778514 0.0
14.72670117 30.79260648 0.0
10.05505086 4.050509408 0.0
12.02109855 -2.036471609 0.0
3.220723992 4.178410008 0.0
11.23723752 2.925707214 0.0
9.59650842 4.116176404 0.0
12.12364917 -1.602552202 0.0
12.16334425 -1.198094194 0.0
12.16595587 -0.7864750837 0.0
8.484817774 4.164776749 0.0
2.460486914 -4.661949459 0.0
3.080442066 -4.718331031 0.0
3.619389676 -4.718544486 0.0
4.153500287 -4.721726756 0.0
5.345367174 4.751806048 0.0
5.300340724 4.172936857 0.0
5.749948339 4.165766575 0.0
4.874569122 4.753368657 0.0
4.863608063 4.165949818 0.0
4.436859744 4.175990637 0.0
4.011341345 4.176106323 0.0
6.984750596 -4.722290732 0.0
8.535034795 -4.174071761 0.0
6.498901248 -4.764828636 0.0
5.948533823 -4.75832222 0.0
8.958085147 -4.172389979 0.0
12.13069273 0.287792767 0.0
12.14951345 0.6521957107 0.0
12.18082429 1.034147921 0.0
12.15126656 1.439070757 0.0
9.942754497 3.54220087 0.0
11.59330126 -2.280009416 0.0
11.32544526 -2.373470867 0.0
11.55791619 -1.926930991 0.0
9.41978042 -4.1637267 0.0
6.268503197 -38.15851107 0.0
12.59749345 -37.39144678 0.0
0.4782254749 -32.33939513 0.0
-0.4810725215 -38.08014983 0.0
-15.34525342 -35.16152868 0.0
-21.54103695 -32.15439792 0.0
-30.99591862 -21.96901478 0.0
-26.69947485 -27.6789234 0.0
-34.2165495 -15.48179498 0.0
-36.17731914 8.038014698e-14 0.0
-35.87647272 -8.068078103 0.0
-35.76489745 7.754039382 0.0
-34.09618925 15.19801123 0.0
-30.99531921 21.96287791 0.0
-26.69947485 27.6789234 0.0
-21.53212514 32.15826809 0.0
-15.26409719 35.16203036 0.0
0.1861091528 32.21681877 0.0
-0.258009671 38.09174346 0.0
16.0723918 -30.24731456 0.0
18.21304081 -35.7550749 0.0
23.72536263 -32.63680564 0.0
29.10479842 -28.42764564 0.0
33.78370559 -23.86931043 0.0
37.23900165 -18.29533659 0.0
39.71805541 -12.48189038 0.0
41.14908057 -6.352813059 0.0
41.83037389 2.726500784e-06 0.0
41.14908057 6.352813059 0.0
39.75129623 12.42513031 0.0
37.06153573 18.050164 0.0
33.47329571 23.71570374 0.0
28.77794769 28.64664359 0.0
22.87252083 33.18143771 0.0
6.889013543 4.113896477 0.0
8.087814185 4.177331934 0.0
20.61552008 -41.78944557 0.0
14.13478514 -43.93583431 0.0
10.07441991 3.190516168 0.0
11.22502078 -2.078521636 0.0
11.67666117 -1.536185261 0.0
11.00161621 2.742302276 0.0
11.72482428 1.340741813 0.0
11.73892992 1.012454677 0.0
11.69760578 -0.3995212647 0.0
11.69112182 -0.06353755961 0.0
11.70296286 0.6727907485 0.0
8.524861264 -3.708480789 0.0
8.185027746 -3.70750602 0.0
6.964835234 -4.185375089 0.0
7.394590479 -4.169215452 0.0
9.556789889 3.67135095 0.0
9.202580977 3.693342342 0.0
8.106815441 3.715783863 0.0
2 4.149073758 0.0
3.617532402 4.174911306 0.0
2.90270291 3.673875835 0.0
3.267532402 3.717870281 0.0
4.820965181 3.629606014 0.0
5.283420107 3.677299376 0.0
5.722873176 3.688924273 0.0
6.1 3.696008843 0.0
6.478211264 3.678743548 0.0
7.299715353 3.675393727 0.0
33.37003414 33.32623549 0.0
27.30643083 38.52877623 0.0
38.55366745 27.61519064 0.0
42.55788087 21.0583518 0.0
45.6702279 14.46720437 0.0
47.27576939 7.370321552 0.0
48.06704373 6.816251791e-07 0.0
47.27576939 -7.370321552 0.0
45.71151323 -14.53991037 0.0
42.79339114 -21.31614326 0.0
38.83977632 -27.79530054 0.0
33.41203377 -33.1762175 0.0
27.1475786 -38.14770222 0.0
-9.063676349 43.62911561 0.0
-17.80587542 41.5096758 0.0
6.869628342 -44.69744546 0.0
-1.044440742 -44.70973102 0.0
-9.720570295 -43.61685297 0.0
-17.96936631 -41.50574678 0.0
-25.52168693 -38.0335189 0.0
-31.69734119 -32.53717419 0.0
-42.62991772 -8.894188404 0.0
-40.69489916 -17.62100995 0.0
-36.92105297 -25.95657569 0.0
10.8665307 2.954251966 0.0
11.34256725 1.602514129 0.0
2.461927658 3.653713629 0.0
10.98596686 -2.491161266 0.0
11.34644046 0.7412570919 0.0
11.37330825 1.02317745 0.0
10.63165088 2.732838491 0.0
9.747265119 3.307070259 0.0
11.30934974 -1.742673427 0.0
10.75298317 -2.392928429 0.0
10.59824247 -2.46064844 0.0
10.37379127 2.720382629 0.0
10.46110095 2.60008432 0.0
9.599331968 -3.330683873 0.0
9.299987296 -3.699411627 0.0
11.32479318 -1.512805852 0.0
11.36015444 1.310125751 0.0
11.33073175 -0.3773570419 0.0
9.500355559 3.332651162 0.0
9.210092184 3.33050947 0.0
6.888353965 3.679586814 0.0
4.415822185 3.710984958 0.0
4.033005675 3.694334065 0.0
3.640882782 3.691958753 0.0
1.994879636 3.6151059 0.0
11.32981222 -0.1168927917 0.0
8.204598465 -3.337264414 0.0
7.262625847 -52.67257908 0.0
16.01325857 -51.6284153 0.0
38.48666984 -38.83048945 0.0
44.81345907 -32.36047153 0.0
49.3446626 -24.82920484 0.0
52.70139572 -16.91853288 0.0
54.48907806 -8.553258638 0.0
55.4086759 1.704062769e-07 0.0
54.48907806 8.553258638 0.0
52.64469996 16.84527313 0.0
49.04082262 24.55719677 0.0
44.43361106 32.07503124 0.0
38.64358458 38.74503238 0.0
31.78913705 44.59792236 0.0
8.385211168 52.74282674 0.0
-1.225938798 52.63777363 0.0
-0.5091181185 44.69194515 0.0
7.851153916 45.03156942 0.0
16.85194234 52.01832505 0.0
-11.28811743 51.36250961 0.0
-21.40333401 49.21404 0.0
-31.69734119 32.53717419 0.0
-25.49239414 38.03351722 0.0
-36.91865379 25.93202975 0.0
-40.6847025 17.51668989 0.0
-42.37416984 8.629136773 0.0
-42.82201607 8.415490527e-14 0.0
-11.75678501 -51.36630828 0.0
-2.040148286 -52.54949979 0.0
-21.65753359 -49.23897901 0.0
-30.48062882 -44.76659678 0.0
-37.55835625 -38.24500799 0.0
-43.82540779 -30.67442594 0.0
10.75473448 2.501497696 0.0
-30.44249788 44.76648194 0.0
-14.29779044 -61.09823038 0.0
-50.22506332 9.245817823 0.0
-50.63865951 8.651412919e-14 0.0
-50.23466021 -9.344001381 0.0
-59.82196472 8.185119249e-14 0.0
-1.491730806 61.75381302 0.0
-13.20257349 61.01179194 0.0
8.1 3.321637038 0.0
8.957929194 3.021941006 0.0
9.210244076 3.033334717 0.0
9.492774647 3.033622093 0.0
9.331755615 -3.337005307 0.0
8.474872467 -3.338251864 0.0
8.198891177 -3.036554085 0.0
7.942405236 -3.02746234 0.0
11.04003234 1.580023006 0.0
11.03752827 1.304455454 0.0
11.04278639 0.7629872939 0.0
11.0222331 0.522391286 0.0
11.03191301 -1.506688425 0.0
24.00762176 -48.82269115 0.0
8.380684089 -61.65880814 0.0
18.80170726 -60.24879382 0.0
36.88462879 51.8988887 0.0
28.64338349 57.35878006 0.0
24.98588398 49.0962467 0.0
44.78726118 45.09810482 0.0
51.49636959 37.38270518 0.0
56.67583509 28.62519076 0.0
60.84995207 19.61085229 0.0
62.96932774 9.928179697 0.0
64.03866824 4.260155273e-08 0.0
62.96932774 -9.928179697 0.0
60.91787824 -19.6749289 0.0
57.06035571 -28.91337757 0.0
51.86073345 -37.66728719 0.0
44.60393821 -45.25285814 0.0
31.39229182 -44.62902278 0.0
36.73757145 -51.93680322 0.0
28.00941657 -57.24388096 0.0
9.566232439 61.50150826 0.0
19.61467283 60.34431019 0.0
10.2971251 2.510394278 0.0
-43.8158109 30.57624238 0.0
-51.94939683 37.05263149 0.0
-44.42252806 44.94923397 0.0
-37.55835625 38.24500799 0.0
-36.35757899 52.26990101 0.0
-51.94595197 -37.05785421 0.0
-36.40633018 -52.15633713 0.0
10.67484123 2.235960575 0.0
10.52561587 2.435392378 0.0
10.53415439 2.288659303 0.0
10.21530005 -2.67079184 0.0
10.41597143 -2.52131245 0.0
10.2738454 -2.529462406 0.0
8.68988407 -3.021392057 0.0
8.455342586 -3.041168596 0.0
11.02083735 -1.257137645 0.0
11.01667945 -1.019374145 0.0
11.01839033 -0.8074489127 0.0
11.02095865 -0.5925489119 0.0
8.512430127 3.01588983 0.0
8.305527293 3.024492158 0.0
8.716850521 3.015326374 0.0
7.889727041 3.024874262 0.0
7.662867581 3.016163224 0.0
8.1 3.024611943 0.0
33.61819432 66.45172833 0.0
42.99267893 60.40726889 0.0
11.44052837 72.03797103 0.0
23.39713303 70.49862737 0.0
-52.45402461 52.82195566 0.0
-60.54044972 44.64129375 0.0
-44.23045798 60.13108792 0.0
-44.42252806 -44.94923397 0.0
-52.45402461 -52.82195566 0.0
-44.45535309 -60.21383158 0.0
10.51089117 -2.297119577 0.0
10.34508044 -2.348636109 0.0
10.5487504 -2.117980281 0.0
10.42550157 -2.152218179 0.0
10.54600943 -1.974747085 0.0
10.35247368 2.351328192 0.0
10.11631242 2.545042093 0.0
10.15436519 2.427088839 0.0
9.966376043 2.543865474 0.0
10.00529755 2.396272657 0.0
10.74301332 -1.487141292 0.0
10.75350817 -1.236811713 0.0
10.76558282 -1.011416942 0.0
10.76868315 -0.8063283142 0.0
10.75407283 -0.6 0.0
11.02605922 -0.3602887446 0.0
11.03032831 -0.1192953841 0.0
10.76759268 -0.1156756342 0.0
11.02666234 0.09849378732 0.0
10.77260472 0.09730141679 0.0
11.02471234 0.3066192007 0.0
10.77001154 0.3048813014 0.0
10.76568902 0.5231004298 0.0
11.04770818 1.028872281 0.0
10.7673502 1.024506239 0.0
10.77075457 0.7574614046 0.0
10.75411019 1.299994498 0.0
10.75182093 1.577285896 0.0
7.011777388 -3.010652475 0.0
7 -2.754072829 0.0
6.797246903 -2.765744869 0.0
6.8 -3.011368953 0.0
7.213363697 -2.767042894 0.0
7.226621807 -3.013436439 0.0
7.447864027 -3.013893989 0.0
7.438147412 -2.759314003 0.0
7.683944779 -3.017755171 0.0
7.670572284 -2.76463644 0.0
7.92829134 -2.763609285 0.0
8.18957384 -2.761886567 0.0
8.445781266 -2.773721732 0.0
8.688759637 -2.765414256 0.0
8.904968094 -2.767470521 0.0
8.898501258 -3.021990601 0.0
9.107817874 -2.76723185 0.0
9.106193056 -3.024378368 0.0
9.336588581 -3.037645888 0.0
9.331295532 -2.761985589 0.0
9.58383327 -3.039167246 0.0
9.577732367 -2.750605983 0.0
9.487109065 2.74302875 0.0
9.199991447 2.754094022 0.0
8.939569406 2.757007341 0.0
8.709892351 2.765973706 0.0
8.502329906 2.764052711 0.0
8.3 2.765240078 0.0
8.1 2.76479163 0.0
7.893635107 2.769245624 0.0
7.674540429 2.759376215 0.0
-1.235009962 72.60441543 0.0
-13.97694184 72.22797583 0.0
-60.38455028 -44.50077292 0.0
-70.60015788 7.460698725e-14 0.0
52.03778844 52.49284062 0.0
59.70892301 43.44705361 0.0
65.65735551 33.35358551 0.0
70.48136234 22.82205478 0.0
72.92790045 11.52595493 0.0
74.16066771 1.065036583e-08 0.0
72.92790045 -11.52595493 0.0
70.54586441 -22.84314453 0.0
66.13050589 -33.65685627 0.0
60.16522917 -43.83481095 0.0
51.8698596 -52.66554978 0.0
42.94463917 -60.621451 0.0
33.07379132 -66.63783113 0.0
10.66656686 -72.08330919 0.0
-2.621993244 -61.44938076 0.0
-2.044289936 -72.04857592 0.0
22.80346979 -70.46407087 0.0
10.27174849 -2.180546344 0.0
10.39528208 -2.012635756 0.0
10.18404669 2.273362948 0.0
10.4848467 -1.76275858 0.0
9.753486575 2.485909423 0.0
10.55218954 0.1018744439 0.0
10.54332252 -1.008869689 0.0
6.788987612 -2.532297615 0.0
7.208902027 -2.536488654 0.0
9.110719683 -2.542551611 0.0
8.710173144 2.534808804 0.0
8.3 2.5414457 0.0
7.9 2.5414457 0.0
7.678481808 2.501226214 0.0
10.35710085 -1.868854214 0.0
9.868332708 2.357356777 0.0
-82.39213754 14.17440533 0.0
-83.19120081 6.039613254e-14 0.0
-80.8274035 28.00052083 0.0
-75.77675238 40.66891769 0.0
-69.05131139 50.96976544 0.0
-60.71231383 59.79869637 0.0
-51.43238764 68.01002574 0.0
-41.12064829 75.7429461 0.0
-29.12630641 81.69819577 0.0
-15.49576278 83.39282354 0.0
-82.25615827 -14.10713084 0.0
-80.62889527 -27.85167979 0.0
-75.30930021 -40.33768648 0.0
-69.0051823 -50.87293831 0.0
-60.67563805 -59.76200387 0.0
-51.4798003 -68.21764741 0.0
-14.91871334 -72.14839857 0.0
-0.9118955689 84.39790184 0.0
13.12876626 84.1705116 0.0
-1.47884344 -84.02872193 0.0
12.85792458 -84.19740622 0.0
39.20569739 -77.80280399 0.0
50.24396197 -70.26777256 0.0
60.43919341 -61.22135422 0.0
69.52127994 -50.50222392 0.0
76.75124149 -39.13974706 0.0
81.74638002 -26.38633418 0.0
84.58264055 -13.37783853 0.0
86.00889411 2.662562432e-09 0.0
84.58264055 13.37783853 0.0
81.7467982 26.54004942 0.0
76.18649321 38.83447099 0.0
69.27981464 50.27450113 0.0
50.18168481 70.21144303 0.0
39.43958182 77.54223698 0.0
27.13942282 82.18202373 0.0
10.25649359 -2.032763841 0.0
10.35377511 -0.4163360223 0.0
7.2 -2.365379124 0.0
8.704196613 2.3611746 0.0
10.36537912 0.1 0.0
6.815424661 -2.336516021 0.0
-41.15415412 -76.01302093 0.0
-92.83704929 -31.6715657 0.0
-92.59523389 31.40572198 0.0
-15.85566636 -83.20233563 0.0
-29.07818543 -81.5791799 0.0
-33.69196126 94.08896592 0.0
14.84700943 98.0641498 0.0
14.80376147 -98.04488308 0.0
26.87326557 -82.26353076 0.0
45.62500384 -90.41278436 0.0
58.82667054 -81.10357981 0.0
70.78540906 -70.54019341 0.0
80.72945569 -57.81298344 0.0
88.69869319 -44.09947574 0.0
94.54169257 -29.98298554 0.0
97.81954355 -14.60551908 0.0
99.58287905 0.08333470481 0.0
97.76363597 14.66988724 0.0
94.33917817 29.92337577 0.0
88.46091185 44.00694726 0.0
80.56155172 57.79754476 0.0
60.20598447 60.63117782 0.0
58.87938445 81.07314502 0.0
45.68098803 90.36674549 0.0
31.92785223 96.58923428 0.0
10.33068846 1.878301224 0.0
10.22025463 1.904345969 0.0
10.23933313 -1.905161753 0.0
10.03211627 2.256779538 0.0
9.904746557 2.239655224 0.0
7.9 2.365379124 0.0
9.1 -2.365379124 0.0
10.30894148 -1.794860767 0.0
10.3364553 -1.713013462 0.0
10.16747255 -2.125646926 0.0
10.12842315 2.168768509 0.0
9.910530507 2.118634656 0.0
10.22451302 -1.800801889 0.0
10.11858864 -1.91056339 0.0
10.32487603 1.724779465 0.0
10.28892699 1.802907952 0.0
10.21121647 1.805643167 0.0
9.910622385 -2.220371253 0.0
9.794262653 2.309513937 0.0
9.800556881 2.225092188 0.0
9.699440529 2.229184349 0.0
9.711909209 2.337104629 0.0
9.595220047 2.222790153 0.0
9.5 2.220143006 0.0
9.4 2.220143006 0.0
9.3 2.220143006 0.0
9.2 2.220143006 0.0
9.1 2.220143006 0.0
9 2.220143006 0.0
8.9 2.220143006 0.0
8.8 2.220143006 0.0
8.7 2.226416284 0.0
8.6 2.220143006 0.0
8.5 2.220143006 0.0
8.401148717 2.225045288 0.0
8.299966774 2.365827394 0.0
8.3 2.228343187 0.0
8.198818057 2.225932136 0.0
8.099944988 2.225912884 0.0
8.0012122 2.226347931 0.0
7.9 2.226416284 0.0
7.791351602 2.343856314 0.0
7.7978379 2.224688682 0.0
6.9 -2.220143006 0.0
6.8 -2.220143006 0.0
7 -2.220143006 0.0
7.1 -2.220143006 0.0
7.2 -2.226416284 0.0
7.4 -2.220143006 0.0
7.302476732 -2.224758931 0.0
7.5 -2.220143006 0.0
7.6 -2.220143006 0.0
9.696022951 -2.217552303 0.0
9.596737026 -2.219696997 0.0
9.5 -2.220143006 0.0
8.6 -2.220143006 0.0
8.5 -2.220143006 0.0
7.7 -2.220143006 0.0
7.8 -2.220143006 0.0
7.9 -2.220143006 0.0
8 -2.220143006 0.0
8.1 -2.220143006 0.0
10.22014301 1.3 0.0
10.22014301 1.2 0.0
10.22014301 1.1 0.0
10.22014301 0.6 0.0
10.22014301 0.5 0.0
10.2229425 0.3043371983 0.0
10.22578964 0.2012259526 0.0
10.22641628 0.1 0.0
10.22014301 -1.5 0.0
10.2213078 -1.595461878 0.0
10.22764623 -1.699840465 0.0
10.22014301 -1.4 0.0
10.22014301 -1.3 0.0
10.22014301 -1.2 0.0
10.22014301 -1.1 0.0
10.36823787 -1.003840688 0.0
10.22834319 -1 0.0
10.22593243 -0.8991596222 0.0
10.22014301 -0.8 0.0
10.22014301 -0.7 0.0
10.22014301 -0.6 0.0
10.22014301 -0.5 0.0
10.22584629 -0.4034351672 0.0
10.22014301 -0.3 0.0
10.22014301 -0.2 0.0
10.22014301 -0.1 0.0
70.57269713 69.86263218 0.0
37.32821585 114.8844354 0.0
31.15756168 -96.4014084 0.0
37.32821585 -114.8844354 0.0
-33.56824958 -94.0684855 0.0
-40.35919974 -111.8349223 0.0
-110.5616239 -36.85293755 0.0
-40.38076047 112.1081934 0.0
-109.9260244 36.50980515 0.0
8.2 -2.226416284 0.0
8.4 -2.220143006 0.0
8.3 -2.220143006 0.0
9.4 -2.220143006 0.0
9.3 -2.220143006 0.0
9.1 -2.226416284 0.0
9.2 -2.220143006 0.0
8.999325579 -2.226006582 0.0
10.22014301 1.4 0.0
10.22014301 1.5 0.0
10.21909976 1.603625355 0.0
10.22014301 0.7 0.0
10.22014301 0.8 0.0
10.22014301 0.4 0.0
10.10668327 1.905669315 0.0
9.802064784 2.115585485 0.0
9.597762566 2.11087004 0.0
9.697594724 2.115397621 0.0
9.5 2.106609424 0.0
9.4 2.106294689 0.0
9.3 2.105035751 0.0
9.2 2.107868362 0.0
9.1 2.106294689 0.0
9 2.105035751 0.0
8.9 2.106294689 0.0
8.8 2.108260441 0.0
8.7 2.106604071 0.0
8.6 2.108260441 0.0
8.5 2.106294689 0.0
8.4 2.105035751 0.0
8.3 2.108344735 0.0
8.2 2.108380873 0.0
8.099986247 2.110147112 0.0
8 2.106294689 0.0
7.9 2.108177743 0.0
7.8 2.108339125 0.0
7 -2.106294689 0.0
6.9 -2.105035751 0.0
7.1 -2.108260441 0.0
7.2 -2.106604071 0.0
7.3 -2.108260441 0.0
7.4 -2.106294689 0.0
7.5 -2.105035751 0.0
7.6 -2.106294689 0.0
7.7 -2.107868362 0.0
7.8 -2.105035751 0.0
7.9 -2.106294689 0.0
8 -2.108281116 0.0
8.1 -2.106686769 0.0
8.2 -2.106604071 0.0
8.3 -2.107945707 0.0
8.4 -2.105035751 0.0
9.799641323 -2.217519296 0.0
9.801542743 -2.108459937 0.0
9.700322171 -2.107772458 0.0
8.5 -2.106294689 0.0
8.6 -2.107868362 0.0
8.7 -2.220143006 0.0
8.7 -2.105035751 0.0
8.8 -2.220143006 0.0
8.8 -2.10797155 0.0
8.896380805 -2.223616686 0.0
8.9 -2.106707444 0.0
9 -2.106686769 0.0
9.1 -2.106604071 0.0
9.2 -2.106686769 0.0
9.3 -2.107966382 0.0
9.4 -2.105035751 0.0
9.499958969 -2.108363899 0.0
9.599835878 -2.108276839 0.0
10.21676866 1.708674871 0.0
10.10804469 1.801884421 0.0
10.11188238 1.700651495 0.0
10.10826178 1.3 0.0
10.10660942 1.2 0.0
10.22014301 1 0.0
10.22014301 0.9 0.0
10.10629469 1.1 0.0
10.10503575 1 0.0
10.10629469 0.6 0.0
10.10660942 0.5 0.0
10.10629469 0.3 0.0
10.10503575 0.2 0.0
10.22575674 -0.0009059858584 0.0
10.11582291 -1.801800213 0.0
10.11219233 -1.698505046 0.0
10.10753042 -1.598129449 0.0
10.10503575 -1.5 0.0
10.10629469 -1.4 0.0
10.1081831 -1.3 0.0
10.10629469 -1.2 0.0
10.10503575 -1.1 0.0
10.10991841 -1 0.0
10.10629469 -0.9 0.0
10.10503575 -0.8 0.0
10.10786836 -0.7 0.0
10.10629469 -0.6 0.0
10.10503575 -0.5 0.0
10.10772051 -0.4008587918 0.0
10.10822482 -0.300214698 0.0
10.10503575 -0.2 0.0
10.10629469 -0.1 0.0
45.66535444 -143.2888162 0.0
-47.35697893 -143.4361529 0.0
-88.18417002 -122.6793024 0.0
45.61484183 143.3510353 0.0
-121.4397108 88.92909088 0.0
-143.3508154 47.06551531 0.0
10.10857518 -3.934041154e-17 0.0
10.10786836 0.9 0.0
10.10629469 0.8 0.0
10.10503575 0.7 0.0
-121.4564988 -89.15465917 0.0
-143.3609699 -47.15845003 0.0
-149.4198329 -0.03304595335 0.0
-46.69087493 142.9779885 0.0
-88.21233817 122.097344 0.0
9.905848801 -2.105924284 0.0
10.10786301 0.1 0.0
10.10826178 0.4 0.0
10.10764002 1.599654102 0.0
10.10503575 1.5 0.0
10.10629469 1.4 0.0
190.2113033 -61.80339887 0.0
200 0 0.0
161.8033989 -117.5570505 0.0
117.5570505 -161.8033989 0.0
61.80339887 -190.2113033 0.0
190.2113033 61.80339887 0.0
161.8033989 117.5570505 0.0
1.224646799e-14 -200 0.0
-61.80339887 -190.2113033 0.0
-117.5570505 -161.8033989 0.0
-161.8033989 -117.5570505 0.0
-161.8033989 117.5570505 0.0
-190.2113033 61.80339887 0.0
-190.2113033 -61.80339887 0.0
117.5570505 161.8033989 0.0
61.80339887 190.2113033 0.0
-200 0 0.0
-117.5570505 161.8033989 0.0
-61.80339887 190.2113033 0.0
1.224646799e-14 200 0.0
7 -1.000358622 0.0
6.9 -1.000358622 0.0
6.8 -1.199721072 0.0
6.8 -1.099681225 0.0
7.3 -1.000358622 0.0
7.3 -0.9003187749 0.0
7.6 0.9003187749 0.0
7.6 0.800278928 0.0
7.6 1.099681225 0.0
7.6 1.000358622 0.0
7.1 -1.000358622 0.0
7.2 -1.000358622 0.0
7.6 1.199721072 0.0
7.3 -0.800278928 0.0
7.5 -0.6001992343 0.0
7.4 -0.6001992343 0.0
7.3 -0.7002390812 0.0
7.6 -0.6001992343 0.0
7.6 0.7002390812 0.0
7.7 1.399800766 0.0
7.6 1.299760919 0.0
6.8 -1.399800766 0.0
6.8 -1.299760919 0.0
6.8 -1.499840613 0.0
7.7 1.499840613 0.0
7.6 0.6001992343 0.0
7.6 0.5001593874 0.0
7.6 -0.5001593874 0.0
7.6 -0.4001195406 0.0
7.7 1.599880459 0.0
7.6 0.4001195406 0.0
6.8 -1.599880459 0.0
6.8 -1.699920306 0.0
7.6 -0.3000796937 0.0
7.7 1.699920306 0.0
7.6 0.3000796937 0.0
7.6 -0.2000398469 0.0
7.7 1.799960153 0.0
6.8 -1.799960153 0.0
7.6 0.2000398469 0.0
7.6 -0.1 0.0
7.6 0.1 0.0
6.8 -1.9 0.0
7.7 1.9 0.0
7.7 2 0.0
6.8 -2 0.0
7.6 0 0.0
-1.107021615 -9.866019807 0.0
0.05295671735 -9.573114201 0.0
-4.767334147 9.205080211 0.0
-3.059758698 8.601802429 0.0
-8.960175014 -14.21523739 0.0
7.441239263 3.264538648 0.0
6.610998199 -3.256810271 0.0
6.497007308 -3.671237735 0.0
-2.92655615 -11.46417237 0.0
-3.38720822 -13.29030965 0.0
-8.060045778 7.016113781 0.0
-7.070902531 7.842016816 0.0
-11.4250005 6.443671259 0.0
-9.607446276 6.485902835 0.0
0.5360834445 7.996956603 0.0
-0.5576332749 8.027079887 0.0
0.125377046 -8.391588201 0.0
-5.970549681 8.632552239 0.0
-13.86585504 7.536660759 0.0
0.1427493012 -7.176699045 0.0
0.6520845115 6.978839954 0.0
-1.892255817 8.324749933 0.0
0.5379657988 -5.994795316 0.0
-11.13321811 -12.26014796 0.0
-12.79546523 -10.12986055 0.0
-13.88063328 -7.56527421 0.0
-15.30726373 0.03953384972 0.0
-14.81166853 -2.359201309 0.0
-14.90264715 2.451500003 0.0
-14.33641349 5.061067842 0.0
0.8212362221 -5.209159798 0.0
1.88285669 -4.597887359 0.0
1.333404141 5.996863574 0.0
-5.445515941 -13.12484234 0.0
-14.2918852 -5.046623215 0.0
1.495291372 4.764049792 0.0
1.466057581 5.361260315 0.0
5.023394631 -4.09073973 0.0
4.573128466 -4.150904424 0.0
2.747600152 -4.070704162 0.0
3.174102095 -4.150128535 0.0
3.664408075 -4.181872932 0.0
4.120585625 -4.175900767 0.0
6.490185948 -4.192628804 0.0
6 -4.149073758 0.0
5.539284796 -4.076446529 0.0
1.508229635 4.190171479 0.0
3.079487298 3.286340379 0.0
3.3 3.321637038 0.0
5.189829479 3.258412901 0.0
4.992196072 3.260189184 0.0
5.420934096 3.264342482 0.0
5.631597026 3.272272863 0.0
6.341506351 3.291800792 0.0
6.1 3.321637038 0.0
2.617483194 3.25891524 0.0
2.83271915 3.272213553 0.0
6.570993649 3.276882668 0.0
6.774158782 3.27041327 0.0
4.61375612 3.276233257 0.0
4.4 3.321637038 0.0
7.205445989 3.267928329 0.0
6.999934505 3.268680621 0.0
4.190139029 3.283986219 0.0
3.776414582 3.272594809 0.0
3.969964578 3.269057944 0.0
3.53211187 3.283917655 0.0
2.187558775 3.252294598 0.0
2.383794565 3.250600672 0.0
1.502041864 3.667201369 0.0
5.875205992 3.287524665 0.0
7.436642785 3.015222724 0.0
6.6 -2.765240078 0.0
6.6 -3.011368953 0.0
7.439217969 2.759652513 0.0
6.6 -2.5414457 0.0
7.426859443 2.503791305 0.0
6.705789039 -2.345720924 0.0
7.7 2.220143006 0.0
7.692752163 2.342730596 0.0
6.8 -2.106294689 0.0
6.70144726 -2.225238436 0.0
7.7 2.105035751 0.0
</DataArray></Points>
<Cells>
<DataArray type="Int32" Name="connectivity" format="ascii">
0 1 2 3 
4 5 6 7 
5 8 9 10 
11 4 7 12 
11 12 13 14 
15 16 11 14 
17 18 19 20 
21 22 23 24 
25 26 27 28 
29 28 27 30 
28 31 32 25 
29 30 33 34 
35 36 29 34 
37 38 39 40 
41 37 40 42 
43 44 38 37 
41 42 45 46 
46 47 48 41 
49 50 51 52 
50 53 54 24 
55 56 49 57 
57 58 59 60 
61 62 63 64 
65 66 67 68 
68 67 69 1 
70 71 72 0 
1 69 73 2 
2 73 74 75 
76 70 0 3 
75 74 77 78 
3 79 80 76 
81 78 77 82 
79 83 84 80 
81 82 85 26 
83 86 87 84 
32 87 86 25 
26 85 88 27 
27 88 89 30 
30 89 90 33 
29 36 31 28 
33 90 91 92 
93 94 95 96 
97 98 99 100 
93 96 101 102 
10 9 98 97 
103 8 5 4 
16 103 4 11 
19 15 14 20 
104 105 106 22 
107 108 35 34 
107 38 44 108 
42 40 109 110 
111 112 113 114 
66 65 113 112 
115 76 80 116 
84 117 116 80 
117 84 87 118 
119 118 87 32 
119 32 31 120 
33 92 107 34 
121 122 36 35 
109 40 39 123 
44 124 125 108 
42 110 126 45 
41 48 43 37 
127 45 126 128 
22 106 129 23 
21 130 18 17 
98 131 132 99 
101 133 6 102 
134 131 98 9 
103 135 136 8 
137 135 103 16 
16 15 138 137 
13 139 20 14 
105 104 139 140 
19 141 138 15 
142 143 18 130 
23 51 50 24 
144 142 130 54 
145 144 54 53 
51 23 129 146 
147 148 56 55 
57 60 149 55 
150 48 47 151 
58 52 152 153 
56 148 145 53 
47 154 155 151 
156 157 158 127 
157 159 154 158 
160 161 162 163 
156 164 165 161 
160 166 159 157 
55 149 167 147 
60 59 168 169 
159 170 155 154 
166 171 170 159 
171 166 172 173 
86 81 26 25 
36 122 120 31 
2 75 79 3 
75 78 83 79 
72 68 1 0 
70 174 175 71 
63 111 114 64 
45 127 158 46 
158 154 47 46 
164 156 127 128 
78 81 86 83 
92 39 38 107 
123 39 92 91 
108 125 121 35 
97 100 94 93 
8 136 134 9 
10 102 6 5 
176 13 12 177 
7 6 133 178 
20 139 104 17 
146 152 52 51 
52 58 57 49 
58 153 179 59 
24 54 130 21 
172 166 160 163 
160 157 156 161 
48 150 180 43 
169 181 149 60 
49 56 53 50 
172 163 182 183 
180 124 44 43 
90 89 184 185 
89 88 186 184 
187 85 82 188 
189 188 82 77 
189 77 74 190 
73 69 191 192 
67 66 193 194 
112 195 193 66 
111 196 195 112 
196 111 63 197 
91 198 199 123 
123 199 200 109 
164 201 202 165 
175 174 203 204 
174 115 205 203 
116 206 205 115 
206 116 117 207 
207 117 118 208 
209 208 118 119 
209 119 120 210 
210 120 122 211 
125 212 213 121 
124 214 212 125 
215 214 124 180 
215 180 150 216 
95 217 218 96 
101 96 218 219 
133 220 221 178 
12 7 178 177 
177 178 221 222 
17 104 22 21 
223 132 131 224 
131 134 225 224 
225 134 136 226 
136 135 227 226 
135 137 228 227 
176 140 139 13 
229 228 137 138 
229 138 141 230 
143 231 230 141 
143 142 232 231 
105 233 234 106 
142 144 235 232 
236 235 144 145 
153 237 238 179 
179 239 168 59 
179 238 240 239 
241 182 163 162 
162 242 243 241 
148 244 236 145 
244 148 147 245 
216 150 151 246 
246 151 155 247 
247 155 170 248 
167 249 245 147 
249 167 250 251 
181 250 167 149 
250 181 252 253 
165 242 162 161 
242 165 202 254 
255 256 169 168 
255 168 239 257 
258 248 170 171 
258 171 173 259 
122 121 213 211 
200 260 110 109 
90 185 198 91 
88 85 187 186 
76 115 174 70 
74 73 192 190 
10 97 93 102 
220 133 101 219 
18 143 141 19 
233 105 140 261 
262 263 146 129 
263 264 152 146 
264 237 153 152 
201 164 128 265 
252 181 169 256 
172 183 266 173 
183 182 267 268 
260 269 270 271 
272 269 260 200 
272 200 199 273 
273 199 198 274 
198 185 275 274 
184 276 275 185 
184 186 277 276 
278 277 186 187 
188 279 278 187 
188 189 280 279 
190 281 280 189 
282 281 190 192 
283 282 192 191 
194 284 283 191 
194 193 285 284 
286 195 196 287 
197 288 287 196 
288 197 289 290 
206 207 291 292 
291 207 208 293 
208 209 294 293 
294 209 210 295 
211 296 295 210 
256 297 298 252 
256 255 299 297 
271 265 128 126 
265 300 301 201 
302 296 211 213 
212 303 302 213 
212 214 304 303 
214 215 305 304 
305 215 216 306 
307 224 225 308 
308 225 226 309 
310 309 226 227 
227 228 311 310 
228 229 312 311 
312 229 230 313 
231 232 314 315 
235 236 316 317 
236 244 318 316 
319 246 247 320 
248 321 320 247 
248 258 322 321 
219 323 324 220 
222 221 325 326 
327 176 177 222 
327 261 140 176 
262 129 106 234 
238 328 329 240 
182 241 330 267 
331 318 244 245 
245 249 332 331 
333 251 334 335 
240 336 257 239 
243 337 330 241 
254 202 338 339 
266 340 259 173 
254 341 243 242 
342 337 243 341 
253 334 251 250 
334 253 343 344 
345 299 255 257 
336 346 345 257 
259 347 322 258 
340 348 347 259 
67 194 191 69 
193 195 286 285 
230 231 315 313 
232 235 317 314 
63 62 289 197 
216 246 319 306 
110 260 271 126 
324 325 221 220 
249 251 333 332 
349 350 264 263 
328 238 237 351 
268 352 266 183 
268 267 353 354 
355 340 266 352 
352 356 357 355 
355 358 348 340 
355 357 359 358 
275 276 360 361 
277 362 360 276 
363 362 277 278 
363 278 279 364 
364 279 280 365 
365 280 281 366 
281 282 367 366 
282 283 368 367 
284 369 368 283 
370 369 284 285 
370 285 286 371 
287 372 371 286 
288 373 372 287 
373 288 290 374 
307 308 375 376 
309 377 375 308 
377 309 310 378 
379 380 311 312 
313 381 379 312 
381 313 315 382 
314 317 383 384 
317 316 385 383 
385 316 318 386 
318 331 387 386 
388 389 218 217 
389 388 390 391 
389 323 219 218 
323 389 391 392 
393 292 291 394 
394 291 293 395 
396 294 295 397 
397 295 296 398 
296 302 399 398 
400 353 267 330 
400 330 337 401 
273 402 403 272 
399 302 303 404 
404 303 304 405 
406 405 304 305 
406 305 306 407 
319 320 408 409 
320 321 410 408 
411 410 321 322 
269 412 413 270 
300 265 271 270 
326 325 414 415 
416 417 261 327 
418 387 331 332 
332 333 419 418 
335 420 419 333 
417 421 233 261 
421 422 423 424 
424 425 262 234 
424 423 426 425 
427 401 337 342 
427 342 428 429 
299 430 431 297 
298 343 253 252 
343 432 433 344 
425 349 263 262 
349 434 435 350 
351 436 437 328 
328 437 438 329 
329 439 336 240 
347 440 411 322 
440 347 348 441 
439 442 346 336 
442 439 443 444 
339 445 341 254 
346 446 447 345 
446 346 442 448 
344 449 335 334 
450 420 335 449 
441 348 358 451 
445 428 342 341 
428 445 452 453 
454 455 338 301 
456 402 273 274 
403 412 269 272 
455 457 339 338 
202 201 301 338 
452 445 339 457 
416 327 222 326 
315 314 384 382 
293 294 396 395 
458 432 343 298 
438 443 439 329 
447 430 299 345 
393 394 459 460 
395 396 461 462 
463 397 398 464 
465 464 398 399 
404 466 465 399 
466 404 405 467 
405 406 468 467 
469 407 409 470 
470 409 408 471 
472 471 408 410 
410 411 473 472 
473 411 440 474 
356 475 476 357 
379 381 477 478 
310 311 380 378 
378 380 479 480 
377 378 480 481 
377 481 482 375 
376 375 482 483 
484 485 486 454 
484 413 487 485 
487 413 412 488 
412 403 489 488 
402 490 489 403 
456 491 490 402 
456 361 492 491 
360 362 493 494 
362 363 495 493 
495 363 364 496 
364 365 497 496 
497 365 366 498 
367 368 499 500 
499 368 369 501 
457 455 502 503 
457 503 504 452 
452 504 505 453 
506 414 325 324 
414 506 507 508 
509 510 417 416 
510 511 512 422 
510 422 421 417 
423 422 512 513 
426 434 349 425 
437 514 515 438 
353 516 517 354 
353 400 518 516 
519 518 400 401 
447 446 520 521 
522 519 401 427 
522 427 429 523 
524 477 381 382 
524 382 384 525 
458 298 297 431 
458 526 527 432 
369 370 528 501 
371 529 528 370 
529 371 372 530 
530 372 373 531 
532 525 384 383 
383 385 533 532 
533 385 386 534 
535 536 387 418 
535 418 419 537 
538 539 420 450 
538 450 540 541 
359 542 451 358 
440 441 543 474 
429 544 545 523 
444 546 448 442 
546 547 548 448 
549 540 450 449 
541 540 550 551 
453 544 429 428 
544 453 505 552 
542 553 554 451 
354 356 352 268 
526 458 431 555 
326 415 509 416 
556 511 510 509 
557 558 435 434 
517 475 356 354 
394 395 462 459 
361 360 494 492 
361 456 274 275 
406 407 469 468 
379 478 479 380 
413 484 300 270 
502 455 454 486 
419 420 539 537 
559 555 431 430 
476 560 359 357 
560 561 542 359 
516 562 563 517 
516 518 564 562 
518 519 565 564 
519 522 566 565 
566 522 523 567 
568 391 390 569 
568 570 571 572 
507 506 392 572 
572 571 573 507 
512 511 574 575 
513 576 426 423 
557 577 578 558 
558 579 436 435 
579 514 437 436 
494 580 581 492 
582 580 494 493 
583 582 493 495 
496 584 583 495 
496 497 585 584 
498 586 585 497 
586 498 500 587 
587 500 499 588 
588 499 501 589 
590 589 501 528 
591 590 528 529 
530 592 591 529 
531 593 592 530 
594 595 593 531 
526 555 596 597 
598 599 549 433 
600 601 460 459 
600 459 462 602 
603 602 462 461 
463 604 603 461 
604 463 464 605 
397 463 461 396 
464 465 606 605 
466 607 606 465 
607 466 467 608 
609 608 467 468 
469 610 609 468 
470 611 610 469 
611 470 471 612 
471 472 613 612 
614 613 472 473 
614 473 474 615 
483 482 616 617 
481 618 616 482 
480 619 618 481 
479 620 619 480 
479 478 621 620 
477 622 621 478 
524 623 622 477 
623 524 525 624 
532 533 625 626 
625 533 534 627 
534 536 628 627 
629 628 536 535 
629 535 537 630 
539 631 630 537 
632 631 539 538 
560 633 634 561 
515 635 636 637 
638 444 443 637 
637 636 639 638 
638 640 546 444 
640 638 639 641 
640 642 547 546 
640 641 643 642 
505 644 645 552 
520 646 647 521 
599 550 540 549 
541 648 632 538 
541 551 649 648 
543 650 615 474 
650 543 554 651 
548 652 646 520 
561 653 553 542 
551 550 654 655 
433 549 449 344 
553 656 651 554 
653 657 656 553 
552 658 545 544 
658 659 660 545 
547 661 652 548 
661 547 642 662 
663 570 568 569 
525 532 626 624 
392 391 568 572 
664 576 513 665 
664 577 557 576 
666 579 558 578 
667 514 579 666 
635 515 514 667 
515 637 443 438 
448 548 520 446 
536 534 386 387 
319 409 407 306 
366 367 500 498 
668 504 503 669 
373 374 594 531 
670 598 527 671 
521 559 430 447 
598 433 432 527 
670 672 599 598 
672 654 550 599 
441 451 554 543 
563 562 673 674 
571 675 676 573 
677 573 676 678 
677 679 680 508 
681 574 511 556 
667 682 683 635 
639 636 684 685 
643 686 662 642 
687 688 689 596 
687 647 690 688 
521 647 687 559 
581 691 491 492 
581 580 692 693 
694 692 580 582 
582 583 695 694 
584 696 695 583 
697 696 584 585 
585 586 698 697 
699 698 586 587 
700 699 587 588 
589 701 700 588 
589 590 702 701 
703 591 592 704 
704 592 593 705 
706 490 491 691 
691 707 708 706 
709 489 490 706 
709 710 488 489 
711 487 488 710 
711 712 485 487 
712 713 486 485 
601 600 714 715 
602 603 716 717 
716 603 604 718 
605 606 719 720 
719 606 607 721 
608 722 721 607 
608 609 723 722 
617 616 724 725 
618 726 724 616 
726 618 619 727 
727 619 620 728 
728 620 621 729 
730 622 623 731 
732 733 624 626 
626 625 734 732 
734 625 627 735 
736 735 627 628 
628 629 737 736 
630 738 737 629 
630 631 739 738 
671 527 526 597 
609 610 740 723 
740 610 611 741 
741 611 612 742 
613 614 743 744 
743 614 615 745 
631 632 746 739 
668 747 748 644 
644 748 749 645 
645 750 658 552 
562 564 751 673 
565 752 751 564 
565 566 753 752 
567 754 753 566 
755 754 567 660 
659 756 755 660 
756 659 757 758 
759 760 761 762 
762 633 560 476 
762 761 763 633 
634 764 765 766 
766 767 657 653 
654 672 768 769 
646 770 690 647 
770 646 652 771 
651 772 773 650 
656 774 772 651 
661 775 771 652 
655 654 769 776 
648 777 746 632 
649 778 777 648 
778 649 779 780 
781 774 656 657 
767 782 781 657 
750 757 659 658 
757 750 783 784 
655 779 649 551 
779 655 776 785 
786 775 661 662 
786 662 686 787 
678 788 679 677 
789 681 679 788 
680 679 681 556 
789 790 574 681 
556 509 415 680 
791 665 575 792 
793 664 665 791 
793 794 577 664 
665 513 512 575 
795 578 577 794 
590 591 703 702 
595 796 705 593 
797 798 710 709 
799 711 710 798 
687 596 555 559 
621 622 730 729 
623 624 733 731 
615 650 773 745 
581 693 707 691 
799 800 712 711 
801 713 712 800 
802 803 713 801 
486 713 803 502 
804 669 803 802 
803 669 503 502 
747 668 669 804 
475 759 762 476 
674 760 759 563 
563 759 475 517 
749 783 750 645 
660 567 523 545 
805 806 570 663 
675 571 570 806 
573 677 508 507 
807 808 715 714 
714 717 809 807 
810 809 717 716 
718 811 810 716 
811 718 720 812 
813 812 720 719 
813 719 721 814 
814 721 722 815 
722 723 816 815 
740 817 816 723 
817 740 741 818 
742 819 818 741 
819 742 744 820 
821 820 744 743 
821 743 745 822 
773 823 822 745 
772 824 823 773 
824 772 774 825 
826 825 774 781 
693 692 827 828 
805 829 830 806 
788 831 832 789 
790 789 832 833 
790 833 834 792 
794 793 835 836 
795 837 838 839 
682 667 666 839 
839 838 840 682 
683 841 842 684 
685 843 641 639 
844 686 643 845 
845 846 847 844 
848 827 692 694 
849 848 694 695 
696 850 849 695 
696 697 851 850 
698 699 852 853 
699 700 854 852 
701 855 854 700 
701 702 856 855 
857 856 702 703 
704 858 857 703 
705 859 858 704 
859 705 796 860 
674 673 861 862 
725 724 863 864 
863 724 726 865 
727 866 865 726 
727 728 867 866 
689 868 597 596 
869 867 728 729 
869 729 730 870 
731 871 870 730 
733 872 871 731 
733 732 873 872 
874 873 732 734 
735 875 874 734 
876 875 735 736 
736 737 877 876 
878 738 739 879 
777 880 881 746 
880 777 778 882 
780 883 884 885 
748 747 886 887 
765 888 767 766 
888 889 782 767 
889 888 890 891 
782 892 826 781 
892 782 889 893 
673 751 894 861 
752 895 894 751 
895 752 753 896 
897 670 671 898 
897 768 672 670 
755 899 900 754 
899 755 756 901 
901 756 758 902 
902 758 903 904 
785 883 780 779 
883 785 905 906 
844 907 787 686 
907 844 847 908 
784 783 909 910 
784 903 758 757 
903 784 910 911 
787 912 913 786 
912 787 907 914 
737 738 878 877 
604 605 720 718 
600 602 717 714 
641 843 845 643 
913 915 775 786 
916 917 770 771 
918 675 806 830 
919 676 675 918 
919 920 678 676 
921 690 770 917 
921 922 688 690 
612 613 744 742 
753 754 900 896 
778 780 885 882 
923 689 688 922 
923 924 868 689 
924 925 898 868 
926 797 708 927 
928 798 797 926 
929 930 843 685 
846 845 843 930 
931 897 898 925 
597 868 898 671 
931 932 768 897 
933 799 798 928 
934 800 799 933 
935 801 800 934 
936 937 763 761 
763 764 634 633 
937 938 764 763 
938 939 765 764 
935 940 802 801 
766 653 561 634 
940 941 804 802 
941 886 747 804 
942 749 748 887 
939 890 888 765 
942 909 783 749 
932 943 769 768 
893 889 891 944 
945 905 785 776 
739 746 881 879 
881 946 947 879 
878 948 949 877 
876 950 951 875 
952 953 882 885 
954 952 885 884 
875 951 955 874 
871 872 956 957 
869 958 959 867 
866 960 961 865 
865 961 962 863 
864 863 962 963 
816 817 964 965 
815 966 967 814 
814 967 968 813 
811 969 970 810 
830 971 972 918 
912 973 974 913 
915 975 976 916 
917 977 978 921 
918 972 970 919 
894 895 979 980 
674 862 981 760 
861 982 983 862 
855 856 984 985 
852 986 987 853 
697 698 853 851 
850 988 989 849 
848 849 989 990 
827 848 990 991 
828 992 707 693 
827 991 993 828 
992 828 993 994 
818 995 964 817 
819 996 995 818 
997 791 792 834 
833 967 966 834 
820 998 996 819 
820 821 999 998 
835 793 791 997 
1000 896 900 1001 
840 841 683 682 
1001 900 899 1002 
842 929 685 684 
929 1003 1004 930 
932 931 1005 1006 
1007 822 823 1008 
981 1009 1010 936 
943 1011 1012 945 
1008 823 824 1003 
940 1013 1014 941 
936 761 760 981 
825 1004 1003 824 
825 826 1015 1004 
890 939 1016 1017 
902 1018 1019 901 
1018 902 904 1020 
1020 904 1021 1022 
886 941 1014 1023 
887 886 1023 1024 
942 1025 1026 909 
891 890 1017 1027 
891 1027 1028 944 
908 1029 914 907 
910 1030 1031 911 
905 945 1012 1032 
911 1021 904 903 
1021 911 1031 1033 
1029 908 1034 1035 
893 1034 1036 892 
1034 893 944 1035 
906 905 1032 1037 
1038 906 1037 1039 
927 708 707 992 
1040 1041 928 926 
994 1042 927 992 
1043 988 850 851 
1044 1045 859 860 
1046 923 922 1047 
1046 1048 924 923 
1048 1049 925 924 
1049 1005 931 925 
1041 1050 933 928 
1025 942 887 1024 
1051 954 884 1038 
906 1038 884 883 
1040 926 927 1042 
1052 1016 939 938 
943 945 776 769 
987 1043 851 853 
1053 986 852 854 
1054 858 859 1045 
1054 1055 857 858 
1055 984 856 857 
1053 854 855 985 
1056 969 811 812 
970 969 920 919 
968 832 831 1056 
953 1057 880 882 
946 881 880 1057 
1050 1058 934 933 
1059 935 934 1058 
999 840 838 998 
999 1007 841 840 
821 822 1007 999 
1007 1008 842 841 
1008 1003 929 842 
826 892 1036 1015 
1015 846 930 1004 
959 960 866 867 
968 1056 812 813 
920 831 788 678 
968 967 833 832 
980 982 861 894 
1060 958 869 870 
1061 956 872 873 
983 1009 981 862 
970 972 809 810 
972 971 807 809 
971 1062 808 807 
1062 971 830 829 
1033 1063 1022 1021 
1064 1052 938 937 
1010 1064 937 936 
949 950 876 877 
964 995 836 835 
995 996 837 836 
965 966 815 816 
1006 1011 943 932 
976 977 917 916 
1015 1036 847 846 
1036 1034 908 847 
1065 1066 914 1029 
1066 973 912 914 
947 948 878 879 
974 975 915 913 
969 1056 831 920 
965 997 834 966 
1026 1030 910 909 
899 901 1019 1002 
1067 1051 1038 1039 
895 896 1000 979 
1068 1065 1029 1035 
668 644 505 504 
964 835 997 965 
508 680 415 414 
683 684 636 635 
1059 1013 940 935 
836 837 795 794 
435 436 351 350 
839 666 578 795 
454 301 300 484 
790 792 575 574 
797 709 706 708 
576 557 434 426 
506 324 323 392 
424 234 233 421 
350 351 237 264 
996 998 838 837 
1060 870 871 957 
916 771 775 915 
978 1047 922 921 
955 1061 873 874 
1028 1068 1035 944 
1069 1070 1071 
1072 1073 1074 
1075 1076 1077 
1078 1079 1080 
1081 1082 1083 
1074 1073 1084 
1085 1086 1087 
1088 1089 1090 
1091 1092 1093 
1094 1095 1096 
1097 1098 1099 
1095 1094 1100 
1090 1101 1102 
1103 1104 1105 
1106 1107 1108 
1109 1110 1111 
1112 1113 1114 
1115 1116 1117 
1118 1119 1120 
1119 1121 1122 
1123 1124 1125 
1126 1127 1128 
1129 1130 1131 
1132 1133 1134 
1084 1135 1136 
1137 1138 1139 
1140 1141 1142 
1143 1144 1145 
1146 1147 1148 
1149 1150 1151 
1125 1152 1077 
1153 1124 1154 
1155 1156 1157 
1158 1159 1160 
1161 1137 1162 
1163 1164 1165 
1166 1160 1159 
1138 1167 1150 
1168 1169 1170 
1171 1172 1173 
1174 1175 1176 
1177 1178 1179 
1180 1181 1182 
1183 1184 1185 
1186 1187 1188 
1189 1190 1191 
1192 1193 1194 
1122 1135 1195 
1196 1197 1198 
1199 1200 1201 
1202 1203 1204 
1205 1206 1207 
1175 1208 1209 
1210 1211 1212 
1184 1213 1214 
1215 1216 1217 
1218 1219 1220 
1221 1222 1223 
1221 1224 1225 
1226 1227 1228 
1229 1230 1231 
1215 1232 1233 
1218 1234 1235 
1236 1237 1238 
1239 1240 1241 
1200 1242 1243 
1244 1245 1246 
1247 1248 1249 
1250 1251 1252 
1191 1253 1254 
1255 1256 1257 
1258 1259 1260 
1261 1262 1263 
1264 1265 1261 
1266 1267 1268 
1269 1270 1271 
1272 1273 1162 
1274 1275 1276 
1277 1278 1279 
1280 1281 1282 
1283 1256 1284 
1285 1286 1287 
1288 1289 1290 
1291 1258 1292 
1293 1294 1295 
1296 1297 1298 
1299 1300 1301 
1302 1303 1304 
1305 1306 1307 
1308 1309 1310 
1284 1311 1312 
1259 1313 1314 
1315 1316 1262 
1317 1318 1319 
1320 1321 1322 
1323 1294 1293 
1324 1325 1326 
1327 1328 1329 
1330 1309 1308 
1331 1332 1333 
1334 1335 1336 
1337 1338 1339 
1340 1341 1342 
1343 1344 1339 
1345 1346 1341 
1347 1348 1349 
1314 1350 1351 
1316 1352 1353 
1354 1355 1356 
1357 1354 1358 
1359 1360 1350 
1361 1362 1352 
1363 1361 1364 
1365 1366 1367 
1368 1369 1370 
1371 1372 1373 
1374 1375 1376 
1377 1378 1379 
1380 1381 1382 
1383 1384 1385 
1386 1387 1388 
1389 1390 1391 
1392 1393 1394 
1395 1396 1367 
1397 1398 1399 
1400 1401 1402 
1403 1404 1405 
1406 1407 1408 
1409 1410 1411 
1412 1360 1413 
1414 1415 1416 
1417 1418 1419 
1419 1420 1417 
1421 1422 1423 
1424 1425 1426 
1427 1426 1425 
1428 1371 1373 
1429 1430 1431 
1429 1432 1430 
1433 1434 1435 
1435 1436 1433 
1411 1410 1437 
1416 1415 1438 
1406 1408 1439 
1440 1387 1386 
1441 1375 1374 
1442 1400 1402 
1443 1444 1445 
1444 1446 1445 
1447 1381 1380 
1448 1384 1383 
1449 1450 1451 
1450 1452 1451 
1453 1454 1455 
1456 1457 1458 
1459 1460 1461 
1462 1463 1464 
1465 1466 1467 
1468 1469 1470 
1471 1472 1340 
1473 1474 1475 
1476 1477 1478 
1479 1480 1481 
1482 1483 1484 
1485 1486 1487 
1488 1482 1484 
1489 1390 1389 
1490 1398 1397 
1491 1492 1493 
1494 1359 1495 
1496 1491 1493 
1497 1498 1459 
1465 1467 1499 
1500 1501 1502 
1503 1504 1505 
1506 1507 1508 
1509 1510 1511 
1512 1513 1514 
1468 1470 1515 
1479 1481 1516 
1500 1502 1517 
1518 1519 1520 
1521 1522 1523 
1524 1525 1526 
1527 1473 1528 
1357 1529 1530 
1531 1067 1437 
1532 1063 1438 
1533 1534 1535 
1486 1536 1487 
1537 1335 1538 
1258 1260 1275 1227 
1261 1263 1270 1224 
1072 1091 1093 1539 
1075 1540 1092 1541 
1120 1540 1542 1118 
1093 1120 1119 1539 
1077 1076 1100 1125 
1114 1113 1543 1544 
1113 1128 1545 1543 
1546 1544 1543 1547 
1547 1131 1079 1078 
1115 1117 1272 1548 
1117 1116 1089 1088 
1549 1550 1551 1552 
1552 1551 1553 1554 
1554 1553 1555 1556 
1557 1555 1558 1559 
1083 1560 1561 1081 
1081 1561 1562 1546 
1546 1562 1563 1544 
1564 1565 1148 1566 
1567 1565 1564 1112 
1567 1112 1114 1568 
1114 1544 1563 1568 
1569 1115 1098 1070 
1570 1571 1147 1572 
1070 1085 1570 1569 
1115 1573 1574 1116 
1088 1575 1272 1117 
1116 1574 1576 1089 
1072 1074 1577 1091 
1577 1578 1579 1091 
1091 1579 1580 1092 
1092 1540 1120 1093 
1077 1542 1540 1075 
1581 1095 1100 1076 
1582 1583 1552 1554 
1558 1555 1553 1106 
1584 1585 1096 1095 
1103 1105 1110 1586 
1587 1588 1589 1590 
1591 1573 1115 1569 
1564 1592 1593 1112 
1594 1592 1595 1087 
1596 1594 1087 1086 
1596 1086 1069 1149 
1594 1596 1597 1194 
1595 1592 1564 1566 
1545 1131 1547 1543 
1128 1127 1598 1545 
1545 1598 1129 1131 
1599 1106 1553 1551 
1599 1600 1601 1602 
1075 1541 1581 1076 
1100 1094 1123 1125 
1603 1096 1585 1604 
1604 1585 1559 1132 
1106 1108 1605 1558 
1554 1556 1606 1582 
1605 1132 1559 1558 
1607 1600 1550 1549 
1549 1552 1583 1111 
1131 1130 1608 1079 
1080 1079 1608 1609 
1080 1082 1081 1078 
1578 1577 1089 1576 
1548 1099 1098 1115 
1099 1548 1272 1162 
1085 1070 1069 1086 
1071 1139 1149 1069 
1071 1097 1137 1139 
1591 1569 1570 1572 
1162 1137 1097 1099 
1582 1606 1610 1611 
1582 1611 1612 1583 
1107 1106 1599 1602 
1586 1613 1614 1103 
1109 1143 1586 1110 
1614 1613 1589 1588 
1590 1589 1615 1616 
1561 1560 1617 1618 
1078 1081 1546 1547 
1561 1618 1619 1562 
1562 1619 1620 1563 
1568 1563 1620 1621 
1113 1112 1593 1128 
1128 1593 1181 1126 
1182 1181 1593 1592 
1565 1622 1146 1148 
1087 1571 1570 1085 
1572 1147 1146 1623 
1573 1591 1624 1625 
1576 1574 1626 1627 
1576 1627 1628 1578 
1579 1629 1630 1580 
1631 1632 1633 1634 
1635 1095 1581 1634 
1584 1095 1635 1170 
1195 1539 1119 1122 
1580 1631 1541 1092 
1630 1632 1631 1580 
1135 1084 1073 1195 
1636 1637 1638 1118 
1119 1118 1638 1121 
1118 1542 1639 1636 
1639 1152 1153 1640 
1639 1640 1637 1636 
1152 1125 1124 1153 
1541 1631 1634 1581 
1641 1124 1123 1603 
1641 1603 1604 1642 
1604 1132 1134 1642 
1571 1087 1595 1566 
1592 1594 1643 1182 
1571 1566 1148 1147 
1643 1193 1180 1182 
1181 1180 1176 1126 
1127 1156 1644 1598 
1645 1646 1609 1608 
1608 1130 1183 1645 
1130 1129 1647 1183 
1132 1605 1159 1133 
1605 1108 1648 1159 
1110 1105 1549 1111 
1601 1649 1163 1602 
1599 1551 1550 1600 
1108 1107 1650 1648 
1084 1101 1090 1074 
1088 1090 1102 1575 
1272 1575 1651 1273 
1615 1589 1613 1652 
1151 1597 1596 1149 
1149 1139 1138 1150 
1071 1070 1098 1097 
1162 1273 1189 1161 
1138 1137 1161 1653 
1618 1654 1211 1619 
1618 1617 1655 1654 
1615 1652 1656 1657 
1615 1657 1658 1616 
1586 1143 1652 1613 
1659 1109 1612 1660 
1612 1611 1661 1660 
1611 1610 1662 1661 
1620 1619 1211 1210 
1663 1567 1568 1621 
1621 1620 1210 1664 
1663 1622 1565 1567 
1624 1591 1572 1623 
1624 1665 1666 1625 
1627 1626 1667 1668 
1628 1629 1579 1578 
1627 1668 1669 1628 
1074 1090 1089 1577 
1629 1628 1669 1670 
1632 1630 1671 1672 
1673 1635 1634 1633 
1633 1674 1675 1673 
1094 1096 1603 1123 
1673 1675 1676 1168 
1610 1169 1677 1662 
1635 1673 1168 1170 
1678 1102 1101 1679 
1135 1122 1680 1681 
1680 1122 1121 1682 
1145 1656 1652 1143 
1143 1109 1659 1144 
1104 1607 1549 1105 
1109 1111 1583 1612 
1683 1663 1621 1664 
1626 1574 1573 1625 
1681 1680 1172 1171 
1680 1682 1684 1172 
1651 1207 1189 1273 
1207 1651 1678 1685 
1156 1127 1126 1176 
1180 1178 1174 1176 
1154 1229 1686 1153 
1641 1687 1154 1124 
1641 1642 1188 1687 
1188 1642 1134 1688 
1676 1677 1169 1168 
1134 1133 1689 1688 
1133 1159 1158 1689 
1156 1176 1175 1157 
1645 1183 1185 1690 
1645 1690 1691 1646 
1678 1679 1692 1685 
1163 1650 1107 1602 
1650 1216 1693 1648 
1183 1647 1694 1184 
1647 1129 1598 1644 
1161 1189 1191 1653 
1695 1696 1697 1698 
1697 1699 1700 1698 
1701 1702 1703 1704 
1705 1702 1701 1706 
1706 1707 1708 1705 
1708 1707 1658 1709 
1710 1709 1658 1657 
1660 1661 1711 1712 
1659 1713 1714 1144 
1715 1710 1657 1656 
1656 1145 1716 1715 
1674 1198 1197 1675 
1198 1674 1672 1717 
1152 1639 1542 1077 
1670 1669 1718 1719 
1136 1679 1101 1084 
1668 1667 1720 1721 
1722 1723 1666 1665 
1722 1665 1724 1725 
1726 1725 1724 1727 
1726 1727 1728 1729 
1727 1146 1622 1728 
1728 1683 1730 1729 
1683 1664 1731 1730 
1664 1210 1212 1731 
1654 1732 1212 1211 
1654 1655 1733 1732 
1734 1733 1655 1141 
1141 1140 1735 1734 
1140 1736 1737 1735 
1738 1193 1192 1739 
1675 1197 1740 1676 
1741 1711 1661 1662 
1662 1677 1742 1741 
1740 1742 1677 1676 
1743 1682 1121 1638 
1539 1195 1073 1072 
1640 1203 1202 1637 
1637 1744 1743 1638 
1745 1192 1194 1597 
1746 1745 1597 1151 
1746 1151 1150 1747 
1180 1193 1738 1178 
1165 1216 1650 1163 
1159 1648 1693 1166 
1170 1606 1556 1584 
1585 1584 1557 1559 
1169 1610 1606 1170 
1102 1678 1651 1575 
1748 1685 1692 1266 
1749 1715 1716 1750 
1751 1741 1742 1752 
1192 1753 1754 1739 
1192 1745 1755 1753 
1756 1202 1204 1199 
1757 1717 1672 1671 
1629 1670 1671 1630 
1756 1199 1201 1758 
1203 1686 1229 1231 
1692 1759 1760 1266 
1668 1721 1718 1669 
1171 1760 1759 1681 
1761 1229 1154 1687 
1188 1187 1761 1687 
1188 1688 1762 1186 
1174 1178 1177 1763 
1174 1763 1208 1175 
1691 1690 1764 1765 
1690 1185 1766 1764 
1155 1767 1644 1156 
1694 1647 1644 1767 
1768 1769 1694 1767 
1163 1649 1770 1164 
1556 1555 1557 1584 
1165 1164 1771 1772 
1688 1689 1773 1762 
1220 1773 1689 1158 
1158 1160 1774 1220 
1166 1775 1774 1160 
1693 1776 1775 1166 
1141 1655 1617 1142 
1207 1206 1190 1189 
1667 1666 1723 1720 
1703 1777 1778 1700 
1777 1703 1702 1779 
1780 1167 1138 1653 
1698 1700 1778 1781 
1695 1782 1783 1737 
1782 1695 1698 1781 
1784 1785 1705 1708 
1784 1708 1709 1786 
1709 1710 1787 1786 
1712 1711 1788 1789 
1713 1659 1660 1712 
1714 1716 1145 1144 
1716 1714 1790 1750 
1731 1212 1791 1792 
1683 1728 1622 1663 
1179 1178 1738 1739 
1726 1793 1794 1725 
1722 1795 1796 1723 
1759 1692 1679 1136 
1721 1720 1797 1798 
1759 1136 1135 1681 
1719 1718 1799 1800 
1717 1757 1801 1802 
1674 1633 1632 1672 
1751 1788 1711 1741 
1742 1740 1803 1752 
1746 1804 1755 1745 
1167 1805 1747 1150 
1806 1805 1167 1780 
1806 1780 1254 1807 
1808 1804 1746 1747 
1737 1736 1696 1695 
1704 1703 1700 1699 
1749 1787 1710 1715 
1809 1784 1786 1810 
1682 1743 1222 1684 
1172 1684 1225 1173 
1744 1223 1222 1743 
1804 1808 1292 1226 
1753 1755 1228 1754 
1754 1811 1179 1739 
1199 1204 1242 1200 
1805 1812 1808 1747 
1808 1812 1283 1292 
1254 1780 1653 1191 
1191 1190 1813 1253 
1206 1814 1813 1190 
1206 1205 1815 1814 
1241 1815 1205 1748 
1748 1266 1268 1241 
1266 1760 1816 1267 
1799 1718 1721 1798 
1686 1203 1640 1153 
1229 1761 1817 1230 
1817 1761 1187 1322 
1187 1186 1818 1322 
1186 1762 1819 1818 
1762 1773 1237 1819 
1215 1217 1820 1232 
1776 1693 1216 1215 
1772 1821 1820 1217 
1280 1821 1772 1771 
1771 1822 1823 1280 
1763 1177 1824 1279 
1175 1209 1825 1157 
1763 1279 1826 1208 
1827 1155 1157 1825 
1827 1768 1767 1155 
1768 1828 1829 1769 
1766 1185 1184 1214 
1213 1184 1694 1769 
1219 1237 1773 1220 
1830 1218 1220 1774 
1785 1779 1702 1705 
1831 1713 1712 1789 
1777 1832 1833 1778 
1779 1834 1832 1777 
1779 1785 1835 1834 
1790 1714 1713 1831 
1836 1810 1786 1787 
1836 1787 1749 1837 
1750 1838 1837 1749 
1781 1839 1840 1782 
1783 1782 1840 1841 
1842 1843 1733 1734 
1842 1844 1845 1246 
1842 1246 1245 1843 
1844 1783 1841 1845 
1842 1734 1735 1844 
1843 1846 1732 1733 
1792 1791 1847 1848 
1849 1730 1731 1792 
1849 1850 1729 1730 
1793 1726 1729 1850 
1850 1851 1852 1793 
1795 1722 1725 1794 
1794 1793 1852 1853 
1795 1854 1855 1796 
1797 1720 1723 1796 
1798 1797 1856 1857 
1801 1757 1719 1800 
1173 1816 1760 1171 
1799 1858 1859 1800 
1802 1801 1860 1861 
1196 1198 1717 1802 
1803 1196 1862 1863 
1252 1251 1788 1751 
1751 1752 1864 1252 
1752 1803 1863 1864 
1756 1744 1637 1202 
1231 1230 1865 1242 
1254 1253 1866 1807 
1257 1812 1805 1806 
1257 1806 1807 1255 
1194 1193 1643 1594 
1732 1846 1791 1212 
1770 1822 1771 1164 
1217 1216 1165 1772 
1867 1821 1280 1282 
1264 1758 1201 1868 
1221 1264 1261 1224 
1869 1865 1230 1817 
1870 1866 1253 1813 
1870 1813 1814 1871 
1814 1815 1872 1871 
1322 1818 1873 1320 
1321 1869 1817 1322 
1874 1764 1766 1875 
1876 1875 1766 1214 
1829 1877 1213 1769 
1876 1214 1213 1877 
1878 1879 1880 1830 
1881 1882 1879 1878 
1881 1233 1883 1882 
1883 1233 1232 1884 
1233 1881 1776 1215 
1885 1209 1208 1826 
1279 1824 1886 1277 
1887 1825 1209 1885 
1888 1827 1825 1887 
1830 1774 1775 1878 
1824 1811 1889 1886 
1241 1268 1890 1239 
1268 1267 1891 1890 
1267 1816 1892 1891 
1816 1173 1893 1892 
1243 1242 1865 1894 
1807 1895 1896 1255 
1895 1807 1866 1897 
1228 1274 1898 1754 
1228 1227 1275 1274 
1225 1269 1893 1173 
1225 1224 1270 1269 
1283 1812 1257 1256 
1848 1847 1899 1900 
1245 1901 1846 1843 
1901 1902 1899 1847 
1244 1902 1901 1245 
1244 1246 1845 1903 
1904 1903 1845 1841 
1839 1905 1906 1840 
1839 1833 1907 1905 
1834 1908 1909 1832 
1834 1835 1910 1908 
1809 1911 1910 1835 
1809 1810 1912 1911 
1913 1912 1810 1836 
1913 1836 1837 1914 
1837 1838 1915 1914 
1248 1790 1831 1249 
1247 1915 1838 1248 
1251 1916 1789 1788 
1916 1917 1247 1249 
1250 1917 1916 1251 
1918 1851 1850 1849 
1851 1918 1919 1920 
1852 1921 1922 1853 
1179 1811 1824 1177 
1665 1624 1623 1724 
1854 1923 1924 1855 
1857 1856 1925 1926 
1800 1859 1860 1801 
1858 1799 1798 1857 
1858 1927 1928 1859 
1862 1196 1802 1861 
1861 1860 1929 1930 
1225 1684 1222 1221 
1862 1931 1932 1863 
1252 1864 1285 1250 
1864 1863 1932 1285 
1796 1855 1856 1797 
1854 1795 1794 1853 
1929 1860 1859 1928 
1880 1234 1218 1830 
1933 1219 1218 1235 
1238 1237 1219 1933 
1819 1237 1236 1934 
1934 1873 1818 1819 
1888 1828 1768 1827 
1758 1223 1744 1756 
1204 1203 1231 1242 
1740 1197 1196 1803 
1223 1758 1264 1221 
1931 1862 1861 1930 
1935 1919 1900 1936 
1289 1288 1200 1243 
1243 1894 1937 1289 
1938 1896 1895 1897 
1866 1870 1939 1897 
1265 1264 1868 1940 
1927 1858 1857 1926 
1893 1941 1942 1892 
1833 1839 1781 1778 
1939 1870 1871 1331 
1871 1872 1307 1331 
1872 1240 1943 1307 
1240 1239 1944 1943 
1239 1890 1308 1944 
1890 1891 1945 1308 
1898 1889 1811 1754 
1277 1886 1946 1947 
1277 1947 1324 1278 
1948 1885 1826 1949 
1948 1949 1296 1328 
1826 1279 1278 1949 
1950 1894 1865 1869 
1950 1869 1321 1951 
1321 1320 1302 1951 
1873 1934 1952 1317 
1317 1302 1320 1873 
1934 1236 1299 1952 
1281 1280 1823 1953 
1820 1821 1867 1954 
1282 1955 1956 1867 
1954 1884 1232 1820 
1882 1957 1958 1879 
1878 1775 1776 1881 
1880 1879 1958 1959 
1235 1234 1960 1961 
1962 1299 1236 1238 
1963 1964 1932 1931 
1963 1931 1930 1965 
1930 1929 1966 1965 
1671 1670 1719 1757 
1928 1967 1966 1929 
1968 1967 1928 1927 
1968 1927 1926 1969 
1970 1969 1926 1925 
1970 1925 1924 1971 
1972 1971 1924 1923 
1972 1923 1922 1973 
1855 1924 1925 1856 
1974 1973 1922 1921 
1974 1921 1920 1975 
1292 1283 1284 1291 
1258 1227 1226 1292 
1249 1831 1789 1916 
1247 1976 1977 1915 
1248 1838 1750 1790 
1935 1975 1920 1919 
1900 1899 1978 1936 
1902 1979 1978 1899 
1980 1979 1902 1244 
1980 1244 1903 1981 
1982 1981 1903 1904 
1904 1906 1983 1982 
1833 1832 1909 1907 
1907 1909 1984 1985 
1905 1986 1983 1906 
1905 1907 1985 1986 
1228 1755 1804 1226 
1940 1868 1201 1987 
1727 1724 1623 1146 
1258 1291 1313 1259 
1988 1271 1270 1263 
1989 1955 1282 1281 
1271 1941 1893 1269 
1942 1945 1891 1892 
1906 1904 1841 1840 
1990 1256 1255 1896 
1667 1626 1625 1666 
1748 1205 1207 1685 
1991 1945 1942 1992 
1987 1288 1290 1993 
1937 1894 1994 1343 
1938 1897 1995 1538 
1990 1996 1997 1311 
1290 1998 1999 1993 
1260 1259 1314 1351 
2000 1276 1275 1260 
1276 2001 1898 1274 
1939 2002 1995 1897 
1939 1331 1333 2002 
1331 1307 1306 1332 
1942 1941 2003 1992 
1307 1943 2004 1305 
1950 2005 1994 1894 
2005 1950 1951 2006 
1951 1302 1304 2006 
1302 1317 1319 1303 
1946 1886 1889 1293 
1296 1324 1326 1297 
2007 1933 1235 1961 
2008 1957 1882 1883 
1962 1238 1933 2007 
1884 2009 2008 1883 
2009 1884 1954 2010 
2010 1954 1867 1956 
1989 1281 1953 2011 
1943 1944 2012 2004 
1944 1308 1310 2012 
1324 1947 2013 1325 
1898 2001 1293 1889 
1936 1978 2014 2015 
1918 1849 1792 1848 
1847 1791 1846 1901 
1921 1852 1851 1920 
1919 1918 1848 1900 
1974 2016 2017 1973 
1311 1284 1256 1990 
1972 2018 2019 1971 
1970 2020 2021 1969 
1967 1968 2022 2023 
1965 1966 2024 2025 
1964 1963 2026 2027 
1286 1285 1932 1964 
2028 2029 2030 2031 
1287 2032 2028 2031 
1976 2033 2034 1977 
2035 1913 1914 2036 
2036 1914 1915 1977 
2037 2038 1911 1912 
1912 1913 2035 2037 
2039 2040 1908 1910 
1984 1909 1908 2040 
2041 2042 1979 1980 
1981 2043 2041 1980 
1981 1982 2044 2043 
2045 2044 1982 1983 
2045 1983 1986 2046 
1986 1985 1358 2046 
1785 1784 1809 1835 
1993 2047 1940 1987 
1315 1262 1261 1265 
1265 1940 2047 1315 
1312 1313 1291 1284 
1960 1234 1880 1959 
2048 2036 1977 2034 
2049 2041 2043 1347 
2050 2051 2040 2039 
2052 1358 1985 1984 
1911 2038 2039 1910 
2051 2053 1529 2052 
2029 2054 2055 2033 
2014 1978 1979 2042 
1301 2056 1952 1299 
1317 1952 2056 1318 
1304 2057 2058 2006 
1289 1937 1338 1290 
2059 1343 1994 2005 
2000 2060 2001 1276 
1323 1293 2001 2060 
1295 2061 1946 1293 
2061 2013 1947 1946 
1325 2013 2062 2063 
1324 1296 1949 1278 
1298 1329 1328 1296 
1988 2064 2065 2003 
1991 1330 1308 1945 
1330 1991 2066 2067 
1815 1241 1240 1872 
1923 1854 1853 1922 
1995 2002 2068 1538 
2069 1935 1936 2015 
2015 2014 2070 2071 
2027 2072 2073 2074 
2075 2072 2027 2026 
2025 2076 2075 2026 
2077 2076 2025 2024 
2023 2078 2077 2024 
2023 2022 2079 2078 
2021 2080 2079 2022 
2021 2020 2081 2080 
2019 2082 2081 2020 
2083 2082 2019 2018 
2083 2018 2017 2084 
2018 1972 1973 2017 
2085 2084 2017 2016 
2086 2087 2085 2016 
2086 2069 2088 2087 
1334 1990 1896 1938 
1971 2019 2020 1970 
2074 2032 1287 1286 
2089 2054 2029 2028 
2089 2028 2032 2090 
1337 1998 1290 1338 
1999 1998 1337 2091 
1341 1346 2050 1342 
1342 2092 2093 1340 
2094 2093 2092 2095 
2048 2096 2094 2095 
2096 2048 2034 1476 
1358 1354 2097 2046 
2043 2044 2098 1347 
2099 1316 1315 2047 
2099 2047 2100 2101 
2102 1312 2103 2104 
2105 2106 2061 1295 
2106 2062 2013 2061 
2107 1333 1332 2108 
2109 2108 1332 1306 
2110 2109 1306 1305 
2111 1319 1318 2112 
2113 1303 1319 2111 
2113 2057 1304 1303 
2058 2059 2005 2006 
2114 1301 1300 2115 
2114 2116 2056 1301 
2073 2090 2032 2074 
2117 2073 2072 2118 
2119 2089 2090 2120 
2121 2122 2093 2094 
2033 1976 2030 2029 
2096 2123 2121 2094 
2098 2124 2125 2126 
2124 2045 2046 2097 
1997 2103 1312 1311 
1997 2127 2128 2103 
1990 1334 1336 1996 
1336 2129 2130 2127 
1538 1335 1334 1938 
1335 2131 2129 1336 
1336 2127 1997 1996 
1999 2100 2047 1993 
2132 2100 1999 2091 
2091 1337 2133 2134 
1339 2135 2133 1337 
2133 2135 2136 2134 
2137 1537 1538 2068 
2068 2107 2138 2137 
2107 2108 2139 2138 
2109 2140 2139 2108 
2110 2141 2140 2109 
1366 2141 2110 2142 
1366 2142 2143 2144 
2143 2145 2146 2144 
2145 2147 2148 2146 
2142 2004 2012 2143 
2147 2067 2149 2148 
1330 2067 2147 1309 
2066 2150 2151 2152 
2150 2065 2153 2151 
2064 2154 2153 2065 
1353 1352 2154 2064 
2155 2156 2157 2158 
2159 2156 2155 2160 
2161 2162 2159 2160 
2161 2163 2164 2162 
2164 2163 2063 2165 
2063 2062 2166 2165 
2163 1326 1325 2063 
2062 2106 2167 2166 
2105 2168 2167 2106 
2169 2168 2105 2170 
2171 2169 2170 2172 
2173 2174 2171 2172 
2175 2176 2174 2173 
2176 2175 1351 1350 
1351 2175 2000 1260 
2177 1344 1343 2059 
2059 2058 2178 2177 
2058 2057 2179 2178 
2113 2180 2179 2057 
2111 2181 2180 2113 
2182 2181 2111 2112 
2116 2183 2182 2112 
2116 2114 2184 2183 
2112 1318 2056 2116 
2114 2115 2185 2184 
2052 1984 2040 2051 
2054 2186 2187 2055 
1478 2123 2096 1476 
1476 2055 2187 1477 
1917 1250 2031 2030 
1356 2188 2097 1354 
1354 1357 1530 1355 
1357 1358 2052 1529 
2053 2189 1530 1529 
1345 2189 2053 1346 
2050 2039 2038 1342 
1340 1472 1345 1341 
2190 2118 2072 2075 
2190 2075 2076 2191 
2074 1286 1964 2027 
2076 2077 2192 2191 
1316 1353 1263 1262 
2078 2193 2192 2077 
2078 2079 2194 2193 
2022 1968 1969 2021 
2080 2195 2194 2079 
2080 2081 2196 2195 
2082 2197 2196 2081 
2198 2197 2082 2083 
2198 2083 2084 2199 
2200 2199 2084 2085 
2087 2201 2200 2085 
2087 2088 2202 2201 
1975 1935 2069 2086 
2124 2098 2044 2045 
2203 2070 2204 2205 
2206 2071 2070 2203 
2070 2014 2042 2204 
1314 2102 1359 1350 
1316 2099 1361 1352 
2024 1966 1967 2023 
2128 1495 2104 2103 
2102 2104 1495 1359 
2128 2127 2130 2207 
2130 2129 2131 2208 
2099 2101 1364 1361 
2132 1364 2101 2100 
2134 2209 2132 2091 
1537 2137 1429 2210 
1344 2211 2135 1339 
1344 2177 1406 2211 
1366 2144 1457 1367 
2144 2146 2212 1457 
2110 1305 2004 2142 
1365 1397 2141 1366 
2210 2131 1335 1537 
2137 2138 1435 1429 
2145 1310 1309 2147 
2138 2139 2213 1435 
2157 2156 1484 2214 
2156 2159 2215 1484 
2159 2162 1487 2215 
2162 2164 1534 1487 
2155 1329 1298 2160 
2164 2165 1389 1534 
2168 1426 1393 2167 
2169 1423 1426 2168 
2216 1423 2169 2171 
1371 2216 2171 2174 
2176 1400 1371 2174 
1400 2176 1350 1360 
2177 2178 1386 1406 
2217 1419 2179 2180 
2181 1493 2217 2180 
2218 1493 2181 2182 
2183 1374 2218 2182 
2183 2184 2219 1374 
2184 2185 2220 2219 
2146 2148 1453 2212 
2148 2149 1451 1453 
2149 2152 1369 1451 
2152 2151 1383 1369 
2154 1403 1380 2153 
1352 1362 1403 2154 
2131 2210 2221 2208 
2135 2211 2222 2136 
2223 2224 2189 1345 
2223 1345 1472 2225 
1472 1471 2226 2225 
1471 2122 2227 2226 
2122 2121 2228 2227 
2228 2121 2123 2229 
2095 2035 2036 2048 
2123 1478 2230 2229 
1478 1477 2231 2230 
1477 2187 2232 2231 
1355 1530 2233 2234 
2188 1356 2235 2236 
2125 2124 2097 2188 
2126 2125 2237 2238 
1348 1347 2098 2126 
2239 2049 1347 1349 
2049 2204 2042 2041 
2186 2240 2232 2187 
2186 2119 2241 2240 
2239 2205 2204 2049 
2205 2242 2243 2203 
2088 2071 2206 2202 
2202 2244 2245 2201 
2016 1974 1975 2086 
2200 2246 2247 2199 
2198 2248 2249 2197 
2195 2196 2250 2251 
2193 2194 2252 2253 
2191 2192 2254 2255 
2026 1963 1965 2025 
2117 2120 2090 2073 
2118 2256 2257 2117 
1976 1247 1917 2030 
2119 2120 2258 2241 
1201 1200 1288 1987 
1494 1413 1360 1359 
2160 1298 1297 2161 
2161 1297 1326 2163 
2145 2143 2012 1310 
2150 1992 2003 2065 
2067 2066 2152 2149 
2066 1991 1992 2150 
1941 1271 1988 2003 
1343 1339 1338 1937 
2128 2207 1414 1495 
2207 2130 2208 2259 
2233 1530 2189 2224 
1397 1365 2260 1490 
2158 1327 1329 2155 
2215 1487 1536 2261 
2217 1493 1492 2262 
2212 1453 1455 2263 
1483 2264 2214 1484 
2151 2153 1380 1383 
1453 1451 1452 1454 
1423 1422 1424 1426 
1535 1534 1389 1391 
2172 2170 1294 1323 
1419 1418 1440 1386 
2165 2166 1445 1389 
1393 1392 1443 1445 
2166 2167 1393 1445 
1445 1446 1489 1389 
2213 2139 2140 1377 
2060 2173 2172 1323 
1353 2064 1988 1263 
2175 2173 2060 2000 
1409 1364 2132 2209 
2236 1467 1466 2237 
2236 2235 1499 1467 
2095 2092 2037 2035 
2227 1481 1480 2226 
1516 1481 2227 2228 
1516 2228 2229 1513 
2229 2230 1514 1513 
2238 1464 1463 2265 
2238 2237 1466 1464 
2126 2238 2265 1348 
2234 2233 1469 2266 
2235 2234 2266 1499 
2092 1342 2038 2037 
1471 1340 2093 2122 
2223 1515 1470 2224 
2225 2267 1515 2223 
2268 2239 1349 2269 
2230 2231 2270 1514 
2231 2232 1474 2270 
1783 1844 1735 1737 
2240 1475 1474 2232 
2240 2241 2271 1475 
2268 2242 2205 2239 
2242 1460 2272 2243 
2244 2202 2206 2273 
2243 2273 2206 2203 
2244 2274 2275 2245 
2246 2200 2201 2245 
2088 2069 2015 2071 
2246 2276 2277 2247 
2248 2198 2199 2247 
2248 2278 2279 2249 
2250 2196 2197 2249 
2251 2250 2280 2281 
2252 2194 2195 2251 
2253 2252 2282 2283 
2254 2192 2193 2253 
2255 2254 2284 2285 
2286 2190 2191 2255 
2257 2258 2120 2117 
2256 2287 2288 2257 
2031 1250 1285 1287 
2241 2258 2289 2271 
2118 2190 2286 2256 
1363 2290 1362 1361 
2290 1363 1411 2291 
1495 1414 1416 1494 
2208 2221 2292 2259 
2136 2293 2209 2134 
2136 2222 2294 2293 
2178 2179 1419 1386 
1441 1374 2219 2295 
1360 1412 1401 1400 
1421 1423 2216 2296 
1429 1435 1434 1432 
2297 2221 2210 2298 
2299 1415 1414 2207 
2209 2293 1531 2300 
2300 1410 1409 2209 
2293 2294 2301 1531 
2221 2297 2302 2292 
2259 1532 2299 2207 
2259 2292 2303 1532 
2304 1362 2290 2305 
2305 2290 2291 2306 
1416 2307 1413 1494 
2308 2309 2294 2222 
2310 2309 2308 2311 
2310 2311 1439 2312 
2312 1439 1408 2313 
1408 1407 2314 2313 
1407 1388 2315 2314 
1388 1407 1406 1386 
1388 1387 2316 2315 
1387 1440 2317 2316 
1440 1418 2318 2317 
1418 1417 2319 2318 
1417 1420 2320 2319 
2320 1420 2262 2321 
2321 2262 1492 2322 
1492 1491 2323 2322 
1491 1496 2324 2323 
1496 2325 2326 2324 
2325 1376 2327 2326 
1376 1375 2328 2327 
1375 1441 2329 2328 
1441 2295 2330 2329 
2331 2332 2330 2295 
2264 1483 2333 2334 
1483 1482 2335 2333 
1482 1488 2336 2335 
1488 2261 2337 2336 
2215 2261 1488 1484 
1536 1486 2338 2339 
2339 2337 2261 1536 
1486 1485 2340 2338 
1485 1533 2341 2340 
1402 1401 2342 2343 
1402 2343 2344 1442 
1400 1442 1372 1371 
2216 1371 1428 2296 
1427 1394 1393 1426 
1394 1427 2345 2346 
2105 1295 1294 2170 
1535 2347 2341 1533 
2348 2347 1535 1391 
1390 2349 2348 1391 
2350 2349 1390 1489 
2350 1489 1446 2351 
2304 1404 1403 1362 
1380 1403 1405 1447 
1448 1383 1380 1382 
1381 2352 2353 1382 
1382 2353 2354 1448 
1385 1370 1369 1383 
1449 1451 1369 1368 
1450 1449 2355 2356 
1458 1457 2212 2263 
1455 1454 2357 2358 
1455 2358 2359 2263 
1431 1430 2360 2361 
2362 2302 2297 2298 
1430 1432 2363 2360 
1434 2364 2363 1432 
1433 2365 2364 1434 
2366 2365 1433 1436 
2367 2368 2366 1436 
2367 1379 2369 2368 
1436 1435 2213 2367 
1379 1378 2370 2369 
1378 1399 2371 2370 
1399 1398 2372 2371 
1397 1377 2140 2141 
1398 1490 2373 2372 
1490 2260 2374 2373 
2260 1396 2375 2374 
1457 1456 1395 1367 
1395 2376 2375 1396 
1456 2377 2376 1395 
2276 1523 1522 2277 
2278 2248 2247 2277 
1507 2378 2285 1508 
2378 2287 2256 2286 
2285 2284 1504 1508 
2283 1505 1504 2284 
2283 2282 1501 1505 
2279 2278 1520 1519 
2282 2252 2251 2281 
2281 1502 1501 2282 
2288 2289 2258 2257 
2289 2288 1510 2379 
1526 1525 2275 2274 
1526 2274 2380 2381 
2274 2244 2273 2380 
2380 2272 1498 2381 
2243 2272 2380 2273 
2378 2286 2255 2285 
1461 1460 2242 2268 
1459 1498 2272 1460 
2382 2383 1459 1461 
2265 2269 1349 1348 
1462 2383 2382 1463 
1465 1462 1464 1466 
2235 1356 1355 2234 
1465 1499 2266 2384 
1470 1469 2233 2224 
1468 2384 2266 1469 
1512 1514 2270 2385 
1479 1516 1513 1512 
1480 2267 2225 2226 
2267 2386 1468 1515 
1479 2386 2267 1480 
2055 1476 2034 2033 
2387 2351 1446 1444 
2388 1392 1394 2346 
2389 1443 1392 2388 
1372 2390 2391 1373 
2392 2296 1428 2393 
2392 2394 1421 2296 
2393 1428 1373 2391 
1442 2344 2390 1372 
2395 1447 1405 2396 
2352 1381 1447 2395 
1404 2397 2396 1405 
1368 2398 2355 1449 
1370 2399 2398 1368 
2357 1454 1452 2400 
1399 1378 1377 1397 
2217 2262 1420 1419 
1493 2218 2325 1496 
1376 2325 2218 1374 
1415 2299 1532 1438 
1437 2401 2291 1411 
1437 1410 2300 1531 
2294 2309 2402 2301 
2403 2404 2310 2312 
2405 2403 2312 2313 
2406 2405 2313 2314 
2406 2314 2315 2407 
2315 2316 2408 2407 
2316 2317 2409 2408 
2317 2318 2410 2409 
2318 2319 2411 2410 
2320 2412 2411 2319 
2413 2412 2320 2321 
2322 2414 2413 2321 
2414 2322 2323 2415 
2323 2324 2416 2415 
2326 2417 2416 2324 
2327 2418 2417 2326 
2328 2419 2418 2327 
2328 2329 2420 2419 
2329 2330 2421 2420 
2332 2422 2421 2330 
2335 2423 2424 2333 
2335 2336 2425 2423 
2336 2337 2426 2425 
2337 2339 2427 2426 
2338 2428 2427 2339 
2429 2428 2338 2340 
2341 2430 2429 2340 
2430 2341 2347 2431 
2431 2347 2348 2432 
2432 2348 2349 2433 
2349 2350 2434 2433 
2351 2435 2434 2350 
2435 2351 2387 2436 
2387 2389 2437 2436 
2437 2389 2388 2438 
2307 2439 1412 1413 
2342 1401 1412 2439 
2342 2439 2440 2441 
2388 2346 2442 2438 
2346 2345 2443 2442 
2444 2445 2443 2345 
2445 2444 2446 2447 
2446 2448 2449 2447 
2448 2394 2450 2449 
2394 2392 2451 2450 
2393 2452 2451 2392 
2452 2393 2391 2453 
2391 2390 2454 2453 
2390 2344 2455 2454 
2343 2456 2455 2344 
2342 2441 2456 2343 
2457 2304 2305 2306 
2457 2397 1404 2304 
2306 2458 2459 2457 
2352 2460 2461 2353 
2462 1384 1448 2354 
2462 2463 1385 1384 
2354 2464 2465 2462 
2399 1370 1385 2463 
2400 1452 1450 2356 
2356 2355 2466 2467 
2358 2357 2468 2469 
2470 1458 2263 2359 
2470 2377 1456 1458 
2292 2302 2471 2303 
2302 2362 2472 2471 
2298 2210 1429 1431 
2362 2361 2473 2472 
2361 2360 2474 2473 
2360 2363 2475 2474 
2364 2476 2475 2363 
2365 2477 2476 2364 
2478 2477 2365 2366 
2478 2366 2368 2479 
2368 2369 2480 2479 
2370 2481 2480 2369 
2482 2481 2370 2371 
2483 2482 2371 2372 
2372 2373 2484 2483 
2373 2374 2485 2484 
2374 2375 2486 2485 
2375 2376 2487 2486 
2377 2488 2487 2376 
2276 2246 2245 2275 
2381 2489 1524 1526 
1497 2489 2381 1498 
1497 1459 2383 2490 
2383 1462 2491 2490 
2237 2125 2188 2236 
1521 1523 1525 1524 
1523 2276 2275 1525 
2280 2250 2249 2279 
1518 1520 1522 1521 
1517 1502 2281 2280 
1520 2278 2277 1522 
1519 1518 1500 1517 
2284 2254 2253 2283 
1507 1511 2287 2378 
1473 1475 2271 1528 
1527 1528 2379 2492 
1528 2271 2289 2379 
1473 2385 2270 1474 
2054 2089 2119 2186 
1479 2493 2494 2386 
2495 2488 2377 2470 
2220 2331 2295 2219 
1411 1363 1364 1409 
2496 2463 2462 2465 
2497 2399 2463 2496 
2497 2498 2398 2399 
1517 2280 2279 1519 
1500 1503 1505 1501 
1503 1506 1508 1504 
1506 1509 1511 1507 
2361 2362 2298 1431 
1509 2492 2379 1510 
1461 2268 2269 2382 
1463 2382 2269 2265 
1346 2053 2051 2050 
1462 1465 2499 2491 
1465 2384 2500 2499 
2384 1468 2501 2500 
1510 2288 2287 1511 
1527 2502 2385 1473 
2503 1512 2385 2502 
2493 1479 1512 2503 
2494 2501 1468 2386 
2401 1437 1067 1039 
1438 1063 1033 2504 
1532 2303 1022 1063 
1018 2472 2473 1019 
1019 2473 2474 1002 
2474 2475 1001 1002 
1001 2475 2476 1000 
2476 2477 979 1000 
2477 2478 980 979 
1379 2367 2213 1377 
2479 2480 983 982 
1009 2481 2482 1010 
1010 2482 2483 1064 
2483 2484 1052 1064 
2484 2485 1016 1052 
2485 2486 1017 1016 
2486 2487 1027 1017 
2505 1065 1068 2495 
2469 1066 1065 2505 
973 1066 2469 2468 
973 2468 2506 974 
2505 2359 2358 2469 
2506 2467 975 974 
2401 2458 2306 2291 
2459 2507 2397 2457 
2507 2508 2396 2397 
2508 1011 1006 2509 
2509 2460 2352 2395 
2467 2466 976 975 
2464 2354 2353 2461 
2498 977 976 2466 
977 2498 2497 978 
978 2497 2496 1047 
2466 2355 2398 2498 
1051 1067 1531 2301 
1051 2301 2402 954 
2311 2308 2222 2211 
2402 2404 952 954 
953 952 2404 2403 
2405 1057 953 2403 
2405 2406 946 1057 
2406 2407 947 946 
2408 948 947 2407 
2408 2409 949 948 
949 2409 2410 950 
950 2410 2411 951 
1061 955 2412 2413 
2414 956 1061 2413 
956 2414 2415 957 
2415 2416 1060 957 
2417 958 1060 2416 
958 2417 2418 959 
959 2418 2419 960 
2419 2420 961 960 
962 2421 2422 963 
1044 2424 2423 1045 
1045 2423 2425 1054 
1054 2425 2426 1055 
2426 2427 984 1055 
2440 2439 2307 2504 
2504 1033 1031 2440 
2456 1026 1025 2455 
2453 2454 1024 1023 
2446 1424 1422 2448 
2446 2444 1425 1424 
2447 2449 1058 1050 
1422 1421 2394 2448 
2345 1427 1425 2444 
2438 2442 1042 994 
2438 994 993 2437 
2436 2437 993 991 
2435 990 989 2434 
2389 2387 1444 1443 
2433 2434 989 988 
2433 988 1043 2432 
985 984 2427 2428 
1053 985 2428 2429 
1053 2429 2430 986 
1534 1533 1485 1487 
2431 987 986 2430 
1500 1518 2510 2511 
2510 1518 1521 2512 
1521 1524 2513 2512 
1524 2489 2514 2513 
1500 2511 2515 1503 
1506 1503 2515 2516 
2489 1497 2517 2514 
1497 2490 2518 2517 
2518 2490 2491 2519 
2519 2491 2499 2520 
2494 2493 2521 2522 
2499 2500 2523 2520 
1509 2524 2525 2492 
1506 2516 2524 1509 
2420 2421 962 961 
1030 1026 2456 2441 
2454 2455 1025 1024 
2440 1031 1030 2441 
2307 1416 1438 2504 
2495 2470 2359 2505 
1068 1028 2488 2495 
2487 2488 1028 1027 
1032 1012 2507 2459 
1012 1011 2508 2507 
2401 1039 1037 2458 
2509 2395 2396 2508 
1049 1048 2464 2461 
1048 1046 2465 2464 
1046 1047 2496 2465 
1023 1014 2452 2453 
1013 2451 2452 1014 
1013 1059 2450 2451 
1059 1058 2449 2450 
1050 1041 2445 2447 
991 990 2435 2436 
1043 987 2431 2432 
1040 2443 2445 1041 
1040 1042 2442 2443 
2478 2479 982 980 
2411 2412 955 951 
2501 2526 2523 2500 
2494 2522 2526 2501 
2503 2527 2521 2493 
2502 2528 2527 2503 
2468 2357 2400 2506 
2356 2467 2506 2400 
1032 2459 2458 1037 
1005 1049 2461 2460 
1006 1005 2460 2509 
1527 2529 2528 2502 
2492 2525 2529 1527 
2402 2309 2310 2404 
2480 2481 1009 983 
2260 1365 1367 1396 
2471 2472 1018 1020 
1313 1312 2102 1314 
2311 2211 1406 1439 
2107 2068 2002 1333 
2303 2471 1020 1022 
</DataArray>
<DataArray type="Int32" Name="offsets" format="ascii">
4
8
12
16
20
24
28
32
36
40
44
48
52
56
60
64
68
72
76
80
84
88
92
96
100
104
108
112
116
120
124
128
132
136
140
144
148
152
156
160
164
168
172
176
180
184
188
192
196
200
204
208
212
216
220
224
228
232
236
240
244
248
252
256
260
264
268
272
276
280
284
288
292
296
300
304
308
312
316
320
324
328
332
336
340
344
348
352
356
360
364
368
372
376
380
384
388
392
396
400
404
408
412
416
420
424
428
432
436
440
444
448
452
456
460
464
468
472
476
480
484
488
492
496
500
504
508
512
516
520
524
528
532
536
540
544
548
552
556
560
564
568
572
576
580
584
588
592
596
600
604
608
612
616
620
624
628
632
636
640
644
648
652
656
660
664
668
672
676
680
684
688
692
696
700
704
708
712
716
720
724
728
732
736
740
744
748
752
756
760
764
768
772
776
780
784
788
792
796
800
804
808
812
816
820
824
828
832
836
840
844
848
852
856
860
864
868
872
876
880
884
888
892
896
900
904
908
912
916
920
924
928
932
936
940
944
948
952
956
960
964
968
972
976
980
984
988
992
996
1000
1004
1008
1012
1016
1020
1024
1028
1032
1036
1040
1044
1048
1052
1056
1060
1064
1068
1072
1076
1080
1084
1088
1092
1096
1100
1104
1108
1112
1116
1120
1124
1128
1132
1136
1140
1144
1148
1152
1156
1160
1164
1168
1172
1176
1180
1184
1188
1192
1196
1200
1204
1208
1212
1216
1220
1224
1228
1232
1236
1240
1244
1248
1252
1256
1260
1264
1268
1272
1276
1280
1284
1288
1292
1296
1300
1304
1308
1312
1316
1320
1324
1328
1332
1336
1340
1344
1348
1352
1356
1360
1364
1368
1372
1376
1380
1384
1388
1392
1396
1400
1404
1408
1412
1416
1420
1424
1428
1432
1436
1440
1444
1448
1452
1456
1460
1464
1468
1472
1476
1480
1484
1488
1492
1496
1500
1504
1508
1512
1516
1520
1524
1528
1532
1536
1540
1544
1548
1552
1556
1560
1564
1568
1572
1576
1580
1584
1588
1592
1596
1600
1604
1608
1612
1616
1620
1624
1628
1632
1636
1640
1644
1648
1652
1656
1660
1664
1668
1672
1676
1680
1684
1688
1692
1696
1700
1704
1708
1712
1716
1720
1724
1728
1732
1736
1740
1744
1748
1752
1756
1760
1764
1768
1772
1776
1780
1784
1788
1792
1796
1800
1804
1808
1812
1816
1820
1824
1828
1832
1836
1840
1844
1848
1852
1856
1860
1864
1868
1872
1876
1880
1884
1888
1892
1896
1900
1904
1908
1912
1916
1920
1924
1928
1932
1936
1940
1944
1948
1952
1956
1960
1964
1968
1972
1976
1980
1984
1988
1992
1996
2000
2004
2008
2012
2016
2020
2024
2028
2032
2036
2040
2044
2048
2052
2056
2060
2064
2068
2072
2076
2080
2084
2088
2092
2096
2100
2104
2108
2112
2116
2120
2124
2128
2132
2136
2140
2144
2148
2152
2156
2160
2164
2168
2172
2176
2180
2184
2188
2192
2196
2200
2204
2208
2212
2216
2220
2224
2228
2232
2236
2240
2244
2248
2252
2256
2260
2264
2268
2272
2276
2280
2284
2288
2292
2296
2300
2304
2308
2312
2316
2320
2324
2328
2332
2336
2340
2344
2348
2352
2356
2360
2364
2368
2372
2376
2380
2384
2388
2392
2396
2400
2404
2408
2412
2416
2420
2424
2428
2432
2436
2440
2444
2448
2452
2456
2460
2464
2468
2472
2476
2480
2484
2488
2492
2496
2500
2504
2508
2512
2516
2520
2524
2528
2532
2536
2540
2544
2548
2552
2556
2560
2564
2568
2572
2576
2580
2584
2588
2592
2596
2600
2604
2608
2612
2616
2620
2624
2628
2632
2636
2640
2644
2648
2652
2656
2660
2664
2668
2672
2676
2680
2684
2688
2692
2696
2700
2704
2708
2712
2716
2720
2724
2728
2732
2736
2740
2744
2748
2752
2756
2760
2764
2768
2772
2776
2780
2784
2788
2792
2796
2800
2804
2808
2812
2816
2820
2824
2828
2832
2836
2840
2844
2848
2852
2856
2860
2864
2868
2872
2876
2880
2884
2888
2892
2896
2900
2904
2908
2912
2916
2920
2924
2928
2932
2936
2940
2944
2948
2952
2956
2960
2964
2968
2972
2976
2980
2984
2988
2992
2996
3000
3004
3008
3012
3016
3020
3024
3028
3032
3036
3040
3044
3048
3052
3056
3060
3064
3068
3072
3076
3080
3084
3088
3092
3096
3100
3104
3108
3112
3116
3120
3124
3128
3132
3136
3140
3144
3148
3152
3156
3160
3164
3168
3172
3176
3180
3184
3188
3192
3196
3200
3204
3208
3212
3216
3220
3224
3228
3232
3236
3240
3244
3248
3252
3256
3260
3264
3268
3272
3276
3280
3284
3288
3292
3296
3300
3304
3308
3312
3316
3320
3324
3328
3332
3336
3340
3344
3348
3352
3356
3360
3364
3368
3372
3376
3380
3384
3388
3392
3396
3400
3404
3408
3412
3416
3420
3424
3428
3432
3436
3440
3444
3448
3452
3456
3460
3464
3468
3472
3476
3480
3484
3488
3492
3496
3500
3504
3508
3512
3516
3520
3524
3528
3532
3536
3540
3544
3548
3552
3556
3560
3564
3568
3572
3576
3580
3584
3588
3592
3596
3600
3604
3608
3612
3616
3620
3624
3628
3632
3636
3640
3644
3648
3652
3656
3660
3664
3668
3672
3676
3680
3684
3688
3692
3696
3700
3704
3708
3712
3716
3720
3724
3728
3732
3736
3740
3744
3748
3752
3756
3760
3764
3768
3772
3776
3780
3784
3788
3792
3796
3800
3804
3808
3812
3816
3820
3824
3828
3832
3836
3840
3844
3848
3852
3856
3860
3864
3868
3872
3876
3880
3884
3888
3892
3896
3900
3904
3908
3912
3916
3920
3924
3928
3932
3936
3940
3944
3948
3952
3956
3960
3964
3968
3972
3976
3980
3984
3988
3991
3994
3997
4000
4003
4006
4009
4012
4015
4018
4021
4024
4027
4030
4033
4036
4039
4042
4045
4048
4051
4054
4057
4060
4063
4066
4069
4072
4075
4078
4081
4084
4087
4090
4093
4096
4099
4102
4105
4108
4111
4114
4117
4120
4123
4126
4129
4132
4135
4138
4141
4144
4147
4150
4153
4156
4159
4162
4165
4168
4171
4174
4177
4180
4183
4186
4189
4192
4195
4198
4201
4204
4207
4210
4213
4216
4219
4222
4225
4228
4231
4234
4237
4240
4243
4246
4249
4252
4255
4258
4261
4264
4267
4270
4273
4276
4279
4282
4285
4288
4291
4294
4297
4300
4303
4306
4309
4312
4315
4318
4321
4324
4327
4330
4333
4336
4339
4342
4345
4348
4351
4354
4357
4360
4363
4366
4369
4372
4375
4378
4381
4384
4387
4390
4393
4396
4399
4402
4405
4408
4411
4414
4417
4420
4423
4426
4429
4432
4435
4438
4441
4444
4447
4450
4453
4456
4459
4462
4465
4468
4471
4474
4477
4480
4483
4486
4489
4492
4495
4498
4501
4504
4507
4510
4513
4516
4519
4522
4525
4528
4531
4534
4537
4540
4543
4546
4549
4552
4555
4558
4561
4565
4569
4573
4577
4581
4585
4589
4593
4597
4601
4605
4609
4613
4617
4621
4625
4629
4633
4637
4641
4645
4649
4653
4657
4661
4665
4669
4673
4677
4681
4685
4689
4693
4697
4701
4705
4709
4713
4717
4721
4725
4729
4733
4737
4741
4745
4749
4753
4757
4761
4765
4769
4773
4777
4781
4785
4789
4793
4797
4801
4805
4809
4813
4817
4821
4825
4829
4833
4837
4841
4845
4849
4853
4857
4861
4865
4869
4873
4877
4881
4885
4889
4893
4897
4901
4905
4909
4913
4917
4921
4925
4929
4933
4937
4941
4945
4949
4953
4957
4961
4965
4969
4973
4977
4981
4985
4989
4993
4997
5001
5005
5009
5013
5017
5021
5025
5029
5033
5037
5041
5045
5049
5053
5057
5061
5065
5069
5073
5077
5081
5085
5089
5093
5097
5101
5105
5109
5113
5117
5121
5125
5129
5133
5137
5141
5145
5149
5153
5157
5161
5165
5169
5173
5177
5181
5185
5189
5193
5197
5201
5205
5209
5213
5217
5221
5225
5229
5233
5237
5241
5245
5249
5253
5257
5261
5265
5269
5273
5277
5281
5285
5289
5293
5297
5301
5305
5309
5313
5317
5321
5325
5329
5333
5337
5341
5345
5349
5353
5357
5361
5365
5369
5373
5377
5381
5385
5389
5393
5397
5401
5405
5409
5413
5417
5421
5425
5429
5433
5437
5441
5445
5449
5453
5457
5461
5465
5469
5473
5477
5481
5485
5489
5493
5497
5501
5505
5509
5513
5517
5521
5525
5529
5533
5537
5541
5545
5549
5553
5557
5561
5565
5569
5573
5577
5581
5585
5589
5593
5597
5601
5605
5609
5613
5617
5621
5625
5629
5633
5637
5641
5645
5649
5653
5657
5661
5665
5669
5673
5677
5681
5685
5689
5693
5697
5701
5705
5709
5713
5717
5721
5725
5729
5733
5737
5741
5745
5749
5753
5757
5761
5765
5769
5773
5777
5781
5785
5789
5793
5797
5801
5805
5809
5813
5817
5821
5825
5829
5833
5837
5841
5845
5849
5853
5857
5861
5865
5869
5873
5877
5881
5885
5889
5893
5897
5901
5905
5909
5913
5917
5921
5925
5929
5933
5937
5941
5945
5949
5953
5957
5961
5965
5969
5973
5977
5981
5985
5989
5993
5997
6001
6005
6009
6013
6017
6021
6025
6029
6033
6037
6041
6045
6049
6053
6057
6061
6065
6069
6073
6077
6081
6085
6089
6093
6097
6101
6105
6109
6113
6117
6121
6125
6129
6133
6137
6141
6145
6149
6153
6157
6161
6165
6169
6173
6177
6181
6185
6189
6193
6197
6201
6205
6209
6213
6217
6221
6225
6229
6233
6237
6241
6245
6249
6253
6257
6261
6265
6269
6273
6277
6281
6285
6289
6293
6297
6301
6305
6309
6313
6317
6321
6325
6329
6333
6337
6341
6345
6349
6353
6357
6361
6365
6369
6373
6377
6381
6385
6389
6393
6397
6401
6405
6409
6413
6417
6421
6425
6429
6433
6437
6441
6445
6449
6453
6457
6461
6465
6469
6473
6477
6481
6485
6489
6493
6497
6501
6505
6509
6513
6517
6521
6525
6529
6533
6537
6541
6545
6549
6553
6557
6561
6565
6569
6573
6577
6581
6585
6589
6593
6597
6601
6605
6609
6613
6617
6621
6625
6629
6633
6637
6641
6645
6649
6653
6657
6661
6665
6669
6673
6677
6681
6685
6689
6693
6697
6701
6705
6709
6713
6717
6721
6725
6729
6733
6737
6741
6745
6749
6753
6757
6761
6765
6769
6773
6777
6781
6785
6789
6793
6797
6801
6805
6809
6813
6817
6821
6825
6829
6833
6837
6841
6845
6849
6853
6857
6861
6865
6869
6873
6877
6881
6885
6889
6893
6897
6901
6905
6909
6913
6917
6921
6925
6929
6933
6937
6941
6945
6949
6953
6957
6961
6965
6969
6973
6977
6981
6985
6989
6993
6997
7001
7005
7009
7013
7017
7021
7025
7029
7033
7037
7041
7045
7049
7053
7057
7061
7065
7069
7073
7077
7081
7085
7089
7093
7097
7101
7105
7109
7113
7117
7121
7125
7129
7133
7137
7141
7145
7149
7153
7157
7161
7165
7169
7173
7177
7181
7185
7189
7193
7197
7201
7205
7209
7213
7217
7221
7225
7229
7233
7237
7241
7245
7249
7253
7257
7261
7265
7269
7273
7277
7281
7285
7289
7293
7297
7301
7305
7309
7313
7317
7321
7325
7329
7333
7337
7341
7345
7349
7353
7357
7361
7365
7369
7373
7377
7381
7385
7389
7393
7397
7401
7405
7409
7413
7417
7421
7425
7429
7433
7437
7441
7445
7449
7453
7457
7461
7465
7469
7473
7477
7481
7485
7489
7493
7497
7501
7505
7509
7513
7517
7521
7525
7529
7533
7537
7541
7545
7549
7553
7557
7561
7565
7569
7573
7577
7581
7585
7589
7593
7597
7601
7605
7609
7613
7617
7621
7625
7629
7633
7637
7641
7645
7649
7653
7657
7661
7665
7669
7673
7677
7681
7685
7689
7693
7697
7701
7705
7709
7713
7717
7721
7725
7729
7733
7737
7741
7745
7749
7753
7757
7761
7765
7769
7773
7777
7781
7785
7789
7793
7797
7801
7805
7809
7813
7817
7821
7825
7829
7833
7837
7841
7845
7849
7853
7857
7861
7865
7869
7873
7877
7881
7885
7889
7893
7897
7901
7905
7909
7913
7917
7921
7925
7929
7933
7937
7941
7945
7949
7953
7957
7961
7965
7969
7973
7977
7981
7985
7989
7993
7997
8001
8005
8009
8013
8017
8021
8025
8029
8033
8037
8041
8045
8049
8053
8057
8061
8065
8069
8073
8077
8081
8085
8089
8093
8097
8101
8105
8109
8113
8117
8121
8125
8129
8133
8137
8141
8145
8149
8153
8157
8161
8165
8169
8173
8177
8181
8185
8189
8193
8197
8201
8205
8209
8213
8217
8221
8225
8229
8233
8237
8241
8245
8249
8253
8257
8261
8265
8269
8273
8277
8281
8285
8289
8293
8297
8301
8305
8309
8313
8317
8321
8325
8329
8333
8337
8341
8345
8349
8353
8357
8361
8365
8369
8373
8377
8381
8385
8389
8393
8397
8401
8405
8409
8413
8417
8421
8425
8429
8433
8437
8441
8445
8449
8453
8457
8461
8465
8469
8473
8477
8481
8485
8489
8493
8497
8501
8505
8509
8513
8517
8521
8525
8529
8533
8537
8541
8545
8549
8553
8557
8561
8565
8569
8573
8577
8581
8585
8589
8593
8597
8601
8605
8609
8613
8617
8621
8625
8629
8633
8637
8641
8645
8649
8653
8657
8661
8665
8669
8673
8677
8681
8685
8689
8693
8697
8701
8705
8709
8713
8717
8721
8725
8729
8733
8737
8741
8745
8749
8753
8757
8761
8765
8769
8773
8777
8781
8785
8789
8793
8797
8801
8805
8809
8813
8817
8821
8825
8829
8833
8837
8841
8845
8849
8853
8857
8861
8865
8869
8873
8877
8881
8885
8889
8893
8897
8901
8905
8909
8913
8917
8921
8925
8929
8933
8937
8941
8945
8949
8953
8957
8961
8965
8969
8973
8977
8981
8985
8989
8993
8997
9001
9005
9009
9013
9017
9021
9025
9029
9033
9037
9041
9045
9049
9053
9057
9061
9065
9069
9073
9077
9081
9085
9089
9093
9097
9101
9105
9109
9113
9117
9121
9125
9129
9133
9137
9141
9145
9149
9153
9157
9161
9165
9169
9173
9177
9181
9185
9189
9193
9197
9201
9205
9209
9213
9217
9221
9225
9229
9233
9237
9241
9245
9249
9253
9257
9261
9265
9269
9273
9277
9281
9285
9289
9293
9297
9301
9305
9309
9313
9317
9321
9325
9329
9333
9337
9341
9345
9349
9353
9357
9361
9365
9369
9373
9377
9381
9385
9389
9393
9397
9401
9405
9409
9413
9417
9421
9425
9429
9433
9437
9441
9445
9449
9453
9457
9461
9465
9469
9473
9477
9481
9485
9489
9493
9497
9501
9505
9509
9513
9517
9521
9525
9529
9533
9537
9541
9545
9549
9553
9557
9561
9565
9569
9573
9577
9581
9585
9589
9593
9597
9601
9605
9609
9613
9617
9621
9625
9629
9633
9637
9641
9645
9649
9653
9657
9661
9665
9669
9673
9677
9681
9685
9689
9693
9697
9701
9705
9709
9713
9717
9721
9725
9729
9733
9737
9741
9745
9749
9753
9757
9761
9765
9769
9773
9777
9781
9785
9789
9793
9797
9801
9805
9809
9813
9817
9821
9825
9829
9833
9837
9841
9845
9849
9853
9857
9861
9865
9869
9873
9877
9881
9885
9889
9893
9897
9901
9905
9909
9913
9917
9921
9925
9929
9933
9937
9941
9945
9949
9953
9957
9961
9965
9969
9973
9977
9981
9985
9989
9993
9997
10001
10005
10009
10013
10017
</DataArray>
<DataArray type="UInt8" Name="types" format="ascii">
9
9
9
9
9
9
9
9
9
9
9
9
9
9
9
9
9
9
9
9
9
9
9
9
9
9
9
9
9
9
9
9
9
9
9
9
9
9
9
9
9
9
9
9
9
9
9
9
9
9
9
9
9
9
9
9
9
9
9
9
9
9
9
9
9
9
9
9
9
9
9
9
9
9
9
9
9
9
9
9
9
9
9
9
9
9
9
9
9
9
9
9
9
9
9
9
9
9
9
9
9
9
9
9
9
9
9
9
9
9
9
9
9
9
9
9
9
9
9
9
9
9
9
9
9
9
9
9
9
9
9
9
9
9
9
9
9
9
9
9
9
9
9
9
9
9
9
9
9
9
9
9
9
9
9
9
9
9
9
9
9
9
9
9
9
9
9
9
9
9
9
9
9
9
9
9
9
9
9
9
9
9
9
9
9
9
9
9
9
9
9
9
9
9
9
9
9
9
9
9
9
9
9
9
9
9
9
9
9
9
9
9
9
9
9
9
9
9
9
9
9
9
9
9
9
9
9
9
9
9
9
9
9
9
9
9
9
9
9
9
9
9
9
9
9
9
9
9
9
9
9
9
9
9
9
9
9
9
9
9
9
9
9
9
9
9
9
9
9
9
9
9
9
9
9
9
9
9
9
9
9
9
9
9
9
9
9
9
9
9
9
9
9
9
9
9
9
9
9
9
9
9
9
9
9
9
9
9
9
9
9
9
9
9
9
9
9
9
9
9
9
9
9
9
9
9
9
9
9
9
9
9
9
9
9
9
9
9
9
9
9
9
9
9
9
9
9
9
9
9
9
9
9
9
9
9
9
9
9
9
9
9
9
9
9
9
9
9
9
9
9
9
9
9
9
9
9
9
9
9
9
9
9
9
9
9
9
9
9
9
9
9
9
9
9
9
9
9
9
9
9
9
9
9
9
9
9
9
9
9
9
9
9
9
9
9
9
9
9
9
9
9
9
9
9
9
9
9
9
9
9
9
9
9
9
9
9
9
9
9
9
9
9
9
9
9
9
9
9
9
9
9
9
9
9
9
9
9
9
9
9
9
9
9
9
9
9
9
9
9
9
9
9
9
9
9
9
9
9
9
9
9
9
9
9
9
9
9
9
9
9
9
9
9
9
9
9
9
9
9
9
9
9
9
9
9
9
9
9
9
9
9
9
9
9
9
9
9
9
9
9
9
9
9
9
9
9
9
9
9
9
9
9
9
9
9
9
9
9
9
9
9
9
9
9
9
9
9
9
9
9
9
9
9
9
9
9
9
9
9
9
9
9
9
9
9
9
9
9
9
9
9
9
9
9
9
9
9
9
9
9
9
9
9
9
9
9
9
9
9
9
9
9
9
9
9
9
9
9
9
9
9
9
9
9
9
9
9
9
9
9
9
9
9
9
9
9
9
9
9
9
9
9
9
9
9
9
9
9
9
9
9
9
9
9
9
9
9
9
9
9
9
9
9
9
9
9
9
9
9
9
9
9
9
9
9
9
9
9
9
9
9
9
9
9
9
9
9
9
9
9
9
9
9
9
9
9
9
9
9
9
9
9
9
9
9
9
9
9
9
9
9
9
9
9
9
9
9
9
9
9
9
9
9
9
9
9
9
9
9
9
9
9
9
9
9
9
9
9
9
9
9
9
9
9
9
9
9
9
9
9
9
9
9
9
9
9
9
9
9
9
9
9
9
9
9
9
9
9
9
9
9
9
9
9
9
9
9
9
9
9
9
9
9
9
9
9
9
9
9
9
9
9
9
9
9
9
9
9
9
9
9
9
9
9
9
9
9
9
9
9
9
9
9
9
9
9
9
9
9
9
9
9
9
9
9
9
9
9
9
9
9
9
9
9
9
9
9
9
9
9
9
9
9
9
9
9
9
9
9
9
9
9
9
9
9
9
9
9
9
9
9
9
9
9
9
9
9
9
9
9
9
9
9
9
9
9
9
9
9
9
9
9
9
9
9
9
9
9
9
9
9
9
9
9
9
9
9
9
9
9
9
9
9
9
9
9
9
9
9
9
9
9
9
9
9
9
9
9
9
9
9
9
9
9
9
9
9
9
9
9
9
9
9
9
9
9
9
9
9
9
9
9
9
9
9
9
9
9
9
9
9
9
9
9
9
9
9
9
9
9
9
9
9
9
9
9
9
9
9
9
9
9
9
9
9
9
9
9
9
9
9
9
9
9
9
9
9
9
9
9
9
9
9
9
9
9
9
9
9
9
9
9
9
9
9
9
9
9
9
9
9
9
9
9
9
9
5
5
5
5
5
5
5
5
5
5
5
5
5
5
5
5
5
5
5
5
5
5
5
5
5
5
5
5
5
5
5
5
5
5
5
5
5
5
5
5
5
5
5
5
5
5
5
5
5
5
5
5
5
5
5
5
5
5
5
5
5
5
5
5
5
5
5
5
5
5
5
5
5
5
5
5
5
5
5
5
5
5
5
5
5
5
5
5
5
5
5
5
5
5
5
5
5
5
5
5
5
5
5
5
5
5
5
5
5
5
5
5
5
5
5
5
5
5
5
5
5
5
5
5
5
5
5
5
5
5
5
5
5
5
5
5
5
5
5
5
5
5
5
5
5
5
5
5
5
5
5
5
5
5
5
5
5
5
5
5
5
5
5
5
5
5
5
5
5
5
5
5
5
5
5
5
5
5
5
5
5
5
5
5
5
5
5
5
5
5
5
9
9
9
9
9
9
9
9
9
9
9
9
9
9
9
9
9
9
9
9
9
9
9
9
9
9
9
9
9
9
9
9
9
9
9
9
9
9
9
9
9
9
9
9
9
9
9
9
9
9
9
9
9
9
9
9
9
9
9
9
9
9
9
9
9
9
9
9
9
9
9
9
9
9
9
9
9
9
9
9
9
9
9
9
9
9
9
9
9
9
9
9
9
9
9
9
9
9
9
9
9
9
9
9
9
9
9
9
9
9
9
9
9
9
9
9
9
9
9
9
9
9
9
9
9
9
9
9
9
9
9
9
9
9
9
9
9
9
9
9
9
9
9
9
9
9
9
9
9
9
9
9
9
9
9
9
9
9
9
9
9
9
9
9
9
9
9
9
9
9
9
9
9
9
9
9
9
9
9
9
9
9
9
9
9
9
9
9
9
9
9
9
9
9
9
9
9
9
9
9
9
9
9
9
9
9
9
9
9
9
9
9
9
9
9
9
9
9
9
9
9
9
9
9
9
9
9
9
9
9
9
9
9
9
9
9
9
9
9
9
9
9
9
9
9
9
9
9
9
9
9
9
9
9
9
9
9
9
9
9
9
9
9
9
9
9
9
9
9
9
9
9
9
9
9
9
9
9
9
9
9
9
9
9
9
9
9
9
9
9
9
9
9
9
9
9
9
9
9
9
9
9
9
9
9
9
9
9
9
9
9
9
9
9
9
9
9
9
9
9
9
9
9
9
9
9
9
9
9
9
9
9
9
9
9
9
9
9
9
9
9
9
9
9
9
9
9
9
9
9
9
9
9
9
9
9
9
9
9
9
9
9
9
9
9
9
9
9
9
9
9
9
9
9
9
9
9
9
9
9
9
9
9
9
9
9
9
9
9
9
9
9
9
9
9
9
9
9
9
9
9
9
9
9
9
9
9
9
9
9
9
9
9
9
9
9
9
9
9
9
9
9
9
9
9
9
9
9
9
9
9
9
9
9
9
9
9
9
9
9
9
9
9
9
9
9
9
9
9
9
9
9
9
9
9
9
9
9
9
9
9
9
9
9
9
9
9
9
9
9
9
9
9
9
9
9
9
9
9
9
9
9
9
9
9
9
9
9
9
9
9
9
9
9
9
9
9
9
9
9
9
9
9
9
9
9
9
9
9
9
9
9
9
9
9
9
9
9
9
9
9
9
9
9
9
9
9
9
9
9
9
9
9
9
9
9
9
9
9
9
9
9
9
9
9
9
9
9
9
9
9
9
9
9
9
9
9
9
9
9
9
9
9
9
9
9
9
9
9
9
9
9
9
9
9
9
9
9
9
9
9
9
9
9
9
9
9
9
9
9
9
9
9
9
9
9
9
9
9
9
9
9
9
9
9
9
9
9
9
9
9
9
9
9
9
9
9
9
9
9
9
9
9
9
9
9
9
9
9
9
9
9
9
9
9
9
9
9
9
9
9
9
9
9
9
9
9
9
9
9
9
9
9
9
9
9
9
9
9
9
9
9
9
9
9
9
9
9
9
9
9
9
9
9
9
9
9
9
9
9
9
9
9
9
9
9
9
9
9
9
9
9
9
9
9
9
9
9
9
9
9
9
9
9
9
9
9
9
9
9
9
9
9
9
9
9
9
9
9
9
9
9
9
9
9
9
9
9
9
9
9
9
9
9
9
9
9
9
9
9
9
9
9
9
9
9
9
9
9
9
9
9
9
9
9
9
9
9
9
9
9
9
9
9
9
9
9
9
9
9
9
9
9
9
9
9
9
9
9
9
9
9
9
9
9
9
9
9
9
9
9
9
9
9
9
9
9
9
9
9
9
9
9
9
9
9
9
9
9
9
9
9
9
9
9
9
9
9
9
9
9
9
9
9
9
9
9
9
9
9
9
9
9
9
9
9
9
9
9
9
9
9
9
9
9
9
9
9
9
9
9
9
9
9
9
9
9
9
9
9
9
9
9
9
9
9
9
9
9
9
9
9
9
9
9
9
9
9
9
9
9
9
9
9
9
9
9
9
9
9
9
9
9
9
9
9
9
9
9
9
9
9
9
9
9
9
9
9
9
9
9
9
9
9
9
9
9
9
9
9
9
9
9
9
9
9
9
9
9
9
9
9
9
9
9
9
9
9
9
9
9
9
9
9
9
9
9
9
9
9
9
9
9
9
9
9
9
9
9
9
9
9
9
9
9
9
9
9
9
9
9
9
9
9
9
9
9
9
9
9
9
9
9
9
9
9
9
9
9
9
9
9
9
9
9
9
9
9
9
9
9
9
9
9
9
9
9
9
9
9
9
9
9
9
9
9
9
9
9
9
9
9
9
9
9
9
9
9
9
9
9
9
9
9
9
9
9
9
9
9
9
9
9
9
9
9
9
9
9
9
9
9
9
9
9
9
9
9
9
9
9
9
9
9
9
9
9
9
9
9
9
9
9
9
9
9
9
9
9
9
9
9
9
9
9
9
9
9
9
9
9
9
9
9
9
9
9
9
9
9
9
9
9
9
9
9
9
9
9
9
9
9
9
9
9
9
9
9
9
9
9
9
9
9
9
9
9
9
9
9
9
9
9
9
9
9
9
9
9
9
9
9
9
9
9
9
9
9
9
9
9
9
9
9
9
9
9
9
9
9
9
9
9
9
9
9
9
9
9
9
9
9
9
9
9
9
9
9
9
9
9
9
9
9
9
9
9
9
9
9
9
9
9
9
9
9
9
9
9
9
9
9
9
9
9
9
9
9
9
9
9
9
9
9
9
9
9
9
9
9
9
9
9
9
9
9
9
9
9
9
9
9
9
9
9
9
9
9
9
9
9
9
9
9
9
9
9
9
9
9
9
9
9
9
9
9
9
9
9
9
9
9
9
9
9
9
9
9
9
9
9
9
9
9
9
9
9
9
9
9
9
9
9
9
9
9
9
9
9
9
9
9
9
9
9
9
9
9
9
9
9
9
9
9
9
9
9
9
9
9
9
9
9
9
9
9
9
9
9
9
9
9
9
9
9
9
9
9
9
9
9
9
9
9
9
9
9
9
9
9
9
9
9
9
9
9
9
9
9
9
9
9
9
9
9
9
9
9
9
9
9
9
9
9
</DataArray>
</Cells>
<CellData>
<DataArray type="Float64" Name="density" format="ascii">
41.95072038
45.31829324
49.6504762
47.36772795
49.71386404
49.90888703
46.45444475
49.99999983
48.27784749
41.24103216
48.06433199
42.08017332
42.43455394
44.2570812
49.86333129
45.84667934
49.99999975
49.99999692
49.99999949
49.99999992
49.99999893
49.99999805
41.23712231
45.57628007
46.68964575
45.89800606
41.95068209
44.02463085
42.27908474
47.63368809
45.5280513
48.81006834
48.13374067
46.34493014
48.20204778
46.40559112
48.07091238
40.37403557
42.11968431
42.6068839
45.34968808
49.67955168
49.41133826
49.4292417
49.88148415
44.74358401
46.66421189
45.78928636
49.99999963
43.55240438
41.10103413
49.86037684
48.7095761
44.83757229
46.27616568
47.91271231
48.33324332
46.5329767
47.58646457
45.0216624
43.17699273
44.84386619
43.40429742
47.52147396
49.99999938
49.99999983
49.99999693
45.42944982
49.42244389
48.76475008
49.39737888
44.508408
45.86017306
50
45.8499107
46.94900077
45.83422338
46.09353274
49.99999849
45.53047092
45.067693
49.99999935
49.99999776
49.99999849
49.99999841
49.99999744
49.9999998
49.99999924
49.99999979
49.99999826
49.9999979
49.99999821
49.99999861
49.99999966
49.99999945
49.99999991
49.99999707
49.99999898
46.37178289
44.2015351
44.82476952
48.07003788
46.41665391
45.16971908
43.56543574
49.99999917
49.99999778
49.99999981
48.33326268
42.15029499
43.83242438
42.3113422
49.48777514
49.94350765
49.2170001
49.38579643
46.13000633
45.84504045
49.99999961
49.99999993
49.99999897
46.45974339
49.999997
49.99999894
49.99999747
49.99999938
49.99999768
49.99999918
49.99999995
42.64326057
39.85068922
46.3589688
49.34864072
46.69840814
42.26935066
46.24280943
45.52067795
49.09589759
43.29752367
44.71088664
44.9465964
49.99999967
44.6140382
43.86110619
46.85847705
47.56079248
48.44945253
46.74895608
47.14809411
45.2346218
44.37758988
49.99999971
49.99999918
49.99999802
49.78502069
48.94694362
46.88794735
48.1385477
48.53840664
46.61958486
49.41294554
48.41353831
50
44.63768496
45.19859369
45.90259681
49.99999998
46.12182983
47.74834112
46.37173649
49.99999829
47.08728468
43.57670829
49.99999909
49.99999951
46.46229023
49.99999979
49.99999947
45.90893769
49.99999991
49.99999865
49.9999989
49.99999871
49.99999798
49.9999981
49.99999793
49.9999973
49.99999786
49.99999723
49.99999893
48.69869014
49.99999789
49.99999991
43.89326291
50
45.4843036
46.03735064
42.94891536
43.25060181
49.76030432
48.37250153
47.15715367
49.99999969
49.9999998
49.9999982
49.99999969
49.99999964
49.99999809
45.8982198
46.68087574
48.50181858
49.99999986
44.39400727
45.8415159
45.44067277
43.65039584
40.52834701
43.23038833
46.21022517
49.78258883
45.43463542
42.92091858
43.49740873
46.62740691
46.88747906
49.18610622
43.0786443
41.38081734
47.05521072
48.34989353
46.93929526
46.76690616
45.04341352
49.99999965
48.17060775
47.97369127
49.84905989
46.81789597
49.99999948
49.99999846
49.99999878
49.99999875
47.23683622
49.99999996
45.88822431
44.48989849
49.99999995
46.7639143
46.067792
45.7567244
44.6557686
49.99999926
49.99999887
48.55495003
47.88004194
48.29249939
48.84966167
47.05053862
49.99999787
43.54215919
49.99999901
45.91351213
47.60785385
49.99999998
44.99223712
49.99999837
49.99999831
44.8274923
49.99999685
49.99999982
49.99999813
49.99999942
43.56016666
47.2383263
47.79436961
47.44387038
46.81137498
46.74642429
48.37815106
48.45195338
40.84611348
49.99999875
47.38554226
47.12253449
49.99999959
49.99999923
46.08524327
42.70276311
43.82603887
41.23221372
40.04653096
46.36901883
43.97245052
45.11852187
42.05696148
40.91608151
45.78490157
49.99999998
43.97606801
42.85546459
45.50357154
45.63614478
47.25122745
47.98254223
49.07434691
43.01215134
42.89668743
45.92480733
49.99999975
47.48246617
49.99999999
47.39884444
49.11361458
49.14032895
47.97772525
45.28571011
44.06308002
49.73969061
49.44160726
48.17644968
46.57155156
45.78747664
47.69165869
46.54215928
46.82057531
49.99999977
50
49.99999969
43.85989537
49.99999843
49.99999877
49.99999841
49.99999915
49.99999978
46.62736089
44.23760392
49.58729126
47.5989007
48.69230726
49.99999955
43.48235
48.19482143
49.9999999
49.99999793
49.99999873
49.99999835
49.99999789
49.9999971
49.999998
47.92910105
49.99999763
49.9999997
49.99999846
49.9999994
45.65028671
45.65370554
45.02599724
45.41539942
47.4892029
47.202005
43.41331785
49.99999906
49.40114865
48.35006537
49.99999872
49.99999988
49.22937558
49.99999833
49.99999645
48.04514747
47.3076206
49.99999993
49.99999971
50
49.99999939
48.99164195
45.50925425
46.79269033
45.06745012
44.80246157
40.8836723
44.77002251
46.42576082
49.99999893
49.99999766
49.99999922
49.99999887
49.9999993
49.99999839
47.94111887
46.19292017
47.21029073
48.2286381
39.61306707
48.07817718
43.79532256
43.55478013
48.72794713
49.99999957
44.89124761
49.99999995
48.78463893
49.97628516
49.99999994
43.52855428
48.8051035
43.9379056
44.16529734
39.98281271
44.7799626
49.99999998
42.54596587
47.56927899
44.34346143
48.26684019
50
49.99999589
46.78655302
47.18646076
49.99999813
49.99999987
49.99999983
49.99999949
50
49.79733967
44.81773198
49.64590492
49.99999995
49.99999989
49.9999993
49.99999829
49.64324895
45.1951517
47.79584267
36.01315252
47.18980985
49.16350684
48.66434465
43.05720869
49.47782547
49.23569669
44.83879396
45.47983855
45.11988501
49.99999601
49.99999653
50
48.53205591
49.99999742
42.43117234
42.17782433
49.99999954
49.99999729
49.99999846
49.99999894
47.19346505
45.27078275
47.7135035
50
49.99999846
49.99999994
48.39331118
46.99569109
46.73862441
44.86103611
49.9999991
49.99999992
48.29501604
47.50727562
45.45997167
49.56649614
41.73336134
50
46.1426377
49.9999999
49.99999995
45.23608237
49.99999804
48.6740512
46.81291589
45.90525058
47.83761189
49.99999928
49.99999801
48.63660571
49.17388779
49.26973126
47.75145394
46.86115298
39.89676275
43.77344962
49.99999976
41.48075801
44.01834523
49.23791712
43.82638917
46.90679959
49.88245061
47.8013681
43.97093871
47.73481223
49.08138232
49.99999704
45.4040986
48.20783401
47.80140043
49.99999966
49.99999684
46.43782002
49.99999804
49.99999894
49.99999886
49.99999957
49.99999931
47.01088055
41.45363585
41.34376364
41.60803392
41.92430164
44.35331464
49.99999991
49.53367765
44.34681725
49.9999999
48.87803071
49.94238867
45.15639841
49.82378523
44.11375584
43.57020093
48.60740962
45.99406238
41.2917478
50
49.99999945
45.69917617
50
44.39770124
49.99999998
43.66582072
49.99999991
43.4888544
49.99999857
49.99999965
49.99999918
49.99999691
50
42.40192299
42.95825643
49.79800434
45.63537413
49.99999756
49.99999686
43.71340412
44.77955353
49.99999686
49.99999984
43.42598443
49.99999991
48.72762439
49.81040246
45.4650806
49.99999866
50
48.57788961
48.49166917
47.303643
49.99999998
49.17961104
43.80821044
49.99999788
42.96795403
49.20822744
45.40816347
49.99999987
39.3806952
49.99999728
49.99999856
49.99999681
48.30085815
47.18926621
49.9999995
49.99999681
49.99999667
49.99999989
48.28908382
49.59224368
44.4381259
49.99999949
41.6210807
38.85891075
43.19716109
48.21792918
49.0351658
42.10394984
43.5524483
49.99999999
41.15810402
45.80840646
50
43.83658593
47.10759192
47.34400777
45.62050158
49.74894644
49.99999998
44.30924742
49.99999989
50
48.98586616
49.99999993
48.73204365
49.99999939
49.99999702
49.99999933
49.99999984
49.99999894
49.9999998
45.40782334
49.99999983
49.99999994
45.83817376
49.99999999
49.99999993
49.99999997
49.99999963
44.67552683
43.31553836
49.99999995
47.41516266
41.17317739
34.63363967
49.99999988
44.50234963
41.98250894
41.0352
40.53263328
49.99999998
49.33504563
49.99999978
49.99999995
49.99999967
49.99999993
43.51560772
49.99999977
49.99999849
49.99999807
49.99999995
42.02431149
40.75888762
40.59294049
43.76788609
45.88230935
49.99999678
49.9999999
49.99999999
41.85637116
43.65066634
45.38421428
49.99999974
49.99999893
49.99999693
49.99999909
45.95328411
48.16636675
49.99999887
49.99999915
49.99999783
49.99999884
49.99999999
45.98788273
49.99999847
49.99999965
49.99999861
49.99999942
49.99999973
49.9999985
46.648211
41.94213431
49.99999745
43.14378142
49.9999997
49.37339827
49.81653489
49.99999972
49.99999995
49.60131472
45.95916821
40.76748174
42.82060152
49.21405506
50
48.93719151
48.15754263
47.86368606
47.42451846
49.15864088
39.5725558
49.99999982
49.74655301
49.99999911
49.99999738
49.99999996
49.9999998
49.999999
49.99999874
49.99999679
49.9999956
49.99999959
49.99999919
49.9999997
49.99999763
49.99999804
49.99999999
45.01875037
43.46098293
43.52787207
42.56401849
41.05512789
39.74515675
38.70683498
37.9169574
37.47535507
37.44085097
49.04346397
49.99999649
49.99999859
49.99999806
49.99999879
40.80671841
43.74331462
47.74269081
44.53327203
48.34947167
49.93861482
49.99999998
49.99999969
49.99999979
46.60853435
45.64604714
49.99999907
47.95732408
49.99999983
45.91691508
48.4334209
49.99999937
48.1707356
47.89283468
49.99999999
48.59623207
47.5545031
49.99999985
49.99999993
48.02633002
50
49.99999991
49.94609179
49.99999988
47.99955547
49.99999997
49.99999923
47.08572356
45.63360858
49.99999918
44.22387068
49.99999977
49.99999902
49.99999986
48.85386278
47.244302
49.53530197
49.99999978
38.94542792
42.47515851
49.99999933
49.99999927
46.85893574
49.6732375
49.99999977
49.9999998
49.9999992
49.9999966
49.99999715
49.99999909
49.9999963
49.99999998
49.99999998
49.99999853
49.99999915
49.99999753
48.08737332
49.99999949
48.68191371
49.99999938
49.99999953
49.99999994
49.99999994
49.9999999
49.99999883
49.99999622
49.9999968
49.99999947
46.05359618
41.66232871
49.80934032
49.99999995
49.99999863
49.99999917
45.09124218
47.73389517
48.62317567
50
49.9999998
50
39.08437225
49.53732402
49.9999998
49.63541022
49.99999989
43.8088888
49.99999997
49.99999999
45.53141276
49.59415583
44.42932427
48.70677969
49.6648167
49.99999978
48.82592102
49.99999885
49.99999964
46.66068454
49.99999821
49.99999998
49.99999831
49.99999574
49.99999993
49.99999362
49.99999624
49.99999998
49.99999802
49.99999994
49.99999854
49.99999874
49.99999804
42.80375666
48.51477497
49.99999739
36.20973752
36.23961147
49.99999761
49.99999573
49.99999887
35.57604033
49.99999975
49.99999985
49.99999426
49.99999515
49.99999595
44.08567786
49.99999988
49.99999703
49.99999761
45.23437848
49.99999818
49.99999992
43.56259437
43.75233247
45.51623843
47.41619419
43.92863058
44.4302834
39.91018863
49.9999984
46.26203283
49.99999857
49.57591967
47.22382794
49.99999608
45.65194583
49.99999711
49.99999809
46.17020829
49.99999764
46.68930921
46.70013135
47.37477124
49.99999516
49.99999942
49.99999923
49.99999468
49.99999919
49.99999592
49.99999577
49.9999973
49.99999888
49.99999915
49.99999988
49.99999966
49.9999969
49.99999532
49.07395403
49.27853969
50
49.99999714
49.99999821
49.99999999
49.99999994
49.9999977
49.99999895
49.99999756
49.99999811
49.99999882
49.99999563
49.99999949
49.99999926
49.99999694
49.99999434
49.99999692
49.99999712
49.99999997
49.99999887
49.99999997
49.99999992
49.99999883
49.99999946
49.99999925
49.99999972
42.23017439
36.48849728
49.99999649
49.9999951
49.99999497
49.99999577
49.99999783
46.14791576
46.48677954
45.04306686
46.66942025
46.9694819
48.26722974
47.41239448
49.99999444
49.99999604
49.99999933
49.99999694
49.99999869
49.99999333
49.99999978
49.99999779
35.19304025
35.66621644
37.69538703
38.15550688
49.9999956
49.99999998
49.99999989
49.99999853
43.95223576
45.14250189
42.86194077
49.99999811
49.99999906
47.61150186
48.14351296
49.99999762
49.99999802
49.99999969
49.99999999
41.87526304
41.90928748
49.99999543
49.99999569
49.99999584
49.99999463
49.99999838
50
42.08512811
49.99999907
49.0504025
49.99999611
43.10610408
48.33631866
46.70100289
49.99999999
49.99999903
45.59394467
49.99999801
46.78364816
49.99999964
49.99999862
45.69994904
49.99999726
47.80686944
49.99999953
49.99999739
49.99999856
0.5248080028
0.131581549
0.438208743
0.8466843238
0.8741498056
0.3198593643
0.6815166072
1.277878783
0.1762605964
0.5877151213
0.4292497411
0.5764916711
1.940767839
0.9335741645
0.643002273
0.9107287739
0.7756369776
0.3912305213
0.123770955
0.0798519491
0.6285091455
0.8043808893
0.810822427
0.5738403747
0.519683719
0.5592070378
0.9236654653
0.9342650656
0.8320606178
0.6602112145
0.5722348238
0.6104924627
0.7962774628
0.5237201425
0.5525670516
0.5913741316
0.5144706748
0.6395683974
0.4434531971
0.386633276
0.8200176101
0.8000658925
0.7685896857
0.7403381354
0.6167352904
0.6021498336
0.7423793362
0.04719159843
0.4706830655
0.4695629809
0.486393114
0.8490268262
0.8082376538
0.8058093295
0.7896739014
0.5508821242
0.4284668339
0.40338521
0.3732750965
0.7501985335
0.5747818391
0.4959790829
0.3741050803
0.4501211237
0.8046691258
0.517164329
0.8767436363
0.9659167368
0.9259918004
0.6331203225
0.7010542504
0.5078553303
0.3518467299
0.4171993138
1.786796093
0.5772492621
0.5395482847
0.5614238658
0.6923241492
0.6824038342
0.6404594603
0.9483213755
0.4839307875
0.6130399673
0.4896893107
0.5918764357
0.4700762224
0.4809873703
0.5488823499
0.5826231576
0.5619519033
0.4637785842
0.4458081798
0.4600019365
0.5930733341
0.5318004848
0.5640228799
0.5980698604
0.8096379189
1.788090271
0.4191018938
0.5113104766
0.9672055357
0.499345852
0.976896575
0.9760593109
0.3042460988
0.6296102839
0.9565975471
0.9596473526
0.2676474993
1.088166858
0.6650362288
0.4274167107
0.6176662056
0.1592125199
0.4297586446
0.3772919803
0.7142129876
0.4194026146
0.4206342431
0.2542104998
0.2796689698
0.3129221917
0.3308473604
0.2155034762
3.023564187
0.2765014307
0.672145267
0.2495419792
0.3477974877
0.4133671365
0.4462606326
0.166097235
0.1948843695
0.2203220919
0.1674670371
2.248445579
1.144564881
0.7131033133
0.4763755959
1.134486824
0.3215171913
0.3608877461
0.4715120357
0.5505142017
0.2180225772
0.2388812389
0.2564256279
0.7189882715
0.4316165615
0.7912495289
0.7967487792
0.5090727112
0.4019192833
0.9740369233
0.9747146502
0.9745619199
0.979781835
0.9766914375
0.9719603665
0.9768668853
0.9867076227
0.4102158551
0.3121421577
0.4125353111
0.2460739492
0.3666160863
0.3988959537
0.4417568901
0.4217128502
0.9804813193
0.9773700878
0.8318346493
0.9862929466
0.9770915753
0.9758047036
0.9852305699
0.9820080369
0.988515356
0.694966571
0.9182240259
0.9509693595
0.9620297742
0.9710839871
0.9661112207
2.382610547
2.079847613
0.4046643527
0.3278727843
0.975151265
0.5656924043
0.3194218428
0.05562210788
0.3744610286
0.232769419
0.06619189335
0.5362691281
0.7825120699
0.7919403137
0.7988065402
0.8376815506
0.4435911449
0.7451489045
0.5431556406
0.5984706309
0.620262096
0.6079049761
0.8393827865
0.7986721527
0.7766943781
0.8459874874
0.8175514454
0.7870034234
0.7723153193
0.4097865161
0.7314808281
0.5881106768
0.3981066618
0.6239183857
0.6797509045
0.1621682224
0.1656788197
0.2982879518
0.1953270091
0.3755291871
0.5053322805
0.5765752469
0.6372904064
0.5609723195
0.9166227967
0.9445334141
0.4033339826
0.7757008739
0.7577403214
0.708708102
0.631019138
0.7174077
0.7946323094
0.8154562068
0.8110915924
0.8190554435
0.6324480539
0.6071244735
0.440704116
0.6160931096
0.5937416097
0.5841981346
0.6174980072
0.5980088913
0.5929257893
0.5658674555
0.6311619697
0.8194555022
0.8215036226
0.8631206471
0.7561483654
0.4067741871
0.4799494312
0.5962375456
0.5668830775
0.5056191015
0.5825434783
0.4849205584
0.5397275832
0.59206756
0.6529897403
0.9302051128
0.9071875204
0.9474257714
0.9664813864
0.7823376665
0.8334975499
0.7662855758
0.7725997274
0.7936923592
0.7732114545
0.7788367765
0.7666292829
0.8581009052
0.7174008424
0.727600644
0.4160758226
0.5779017104
0.6002088311
0.4400116921
0.4668192123
0.4641174806
0.4825174036
0.0459808471
0.4399237806
0.5069180894
0.1499330364
0.3552869755
0.2125461593
0.3486079761
0.5434015719
0.4475045051
0.6190445958
0.4613998931
0.6204031161
0.6037600156
0.5854854325
0.7958438958
0.7529981355
0.8341552182
0.7578904785
0.7930711361
0.816986935
0.7761665361
0.7514019132
0.7952365167
0.5655730012
0.5813052518
0.9300462337
0.6171420435
0.5717450302
0.6182255751
1.273415421
1.466868075
0.546978084
0.9492882047
0.6739251293
0.6105969974
0.4543054972
0.5680875141
0.5853365898
0.7836692961
0.7842304659
0.945063174
0.9603834586
0.9308756772
0.8584067703
0.6535058594
0.5228975638
0.794815284
0.8305302404
0.8194232299
0.8620221364
0.5889258709
0.4374367624
0.4976856093
0.1656141652
0.4956334028
0.9760116251
0.2523860094
0.5595185335
0.4193327473
0.39080638
0.6145202475
0.3918045943
0.4690244257
0.4051668572
2.310300256
0.09573976683
0.1484233336
0.9463596757
0.8982711587
1.047364038
0.7803762935
0.8416124169
0.3986066784
0.2315600749
0.2443642636
0.4773605272
1.430600438
0.8162755284
0.797882815
0.5945829526
0.6029799625
0.6013160049
0.5961569658
0.4428541169
0.5770927043
0.5526281373
0.802424601
0.68622732
0.8080798007
2.511700367
0.6413944881
0.5892102553
0.7976975679
0.803677389
0.6292561559
1.06125273
1.075220635
1.024378056
0.9919586994
0.9663845984
0.950939183
0.9480759678
0.7691524483
0.9098999174
0.9362586458
0.9369530287
0.4173955922
0.4674471108
0.4621240238
0.4771362802
1.542228275
0.4536147386
0.4910066773
0.6456052581
0.7096825979
0.7428122583
0.8036021018
0.7821948633
0.8081942234
0.8117310341
0.8045955139
0.802648518
0.8265295123
0.9877853716
1.081897249
0.7579883966
0.4195705733
0.6134524365
0.5146992023
0.4605004522
0.3052693003
0.0561132624
0.4732559338
0.3711328853
0.7288806235
0.7075258585
0.6884431477
0.7684678333
0.607820065
0.548444577
0.5324113047
0.5745452707
0.4908305576
1.446514857
2.310560549
0.9488209031
0.6462370225
0.7586100172
0.7422570158
0.460860843
0.6426198939
0.5435861874
0.4384362221
0.5551776062
1.628495129
0.4568966383
0.83012976
0.6033062081
0.6131634554
0.6079067163
0.8131961034
0.8177815826
0.8872066033
0.7147096745
0.7847600176
0.7968582673
0.8193268931
0.6038712304
0.5868154723
0.5639582164
0.5812977091
0.5350448348
0.4903365632
0.475000341
0.4963406741
0.7819043837
0.511945271
0.4315300927
1.018768724
1.004036756
0.6351283693
1.032310908
1.043074438
1.043096857
0.9734997485
0.9585224053
0.9545960399
0.8689414813
0.8988721152
0.9162867706
0.9460801821
0.7807500173
0.8436011151
0.7734714763
0.7179895041
0.5993250101
1.736597982
0.4537148238
0.5914205886
0.6594111452
0.7305353262
0.4561365012
0.7604483549
0.5559612077
0.7278162328
0.6778152161
0.687236429
0.7170666529
0.716397093
1.092995153
1.048535288
0.9507039792
0.9811410577
0.3385052521
0.3949875034
0.3685897706
0.7405599017
0.7564602525
0.783557132
0.4981102322
0.7040372245
0.7208621868
0.6491112422
0.6324332723
0.7018524032
1.079939611
1.441127189
1.795127915
1.542927145
0.5416509169
0.5583661452
0.5965243601
0.6125859639
0.6075026384
0.5934198149
0.553901852
0.510903168
0.5361044139
0.5369250074
0.5726544328
0.6280580277
0.8273773178
0.7916582126
0.8285732919
0.7837613249
0.793716473
0.9156078135
0.6621731034
0.843093795
0.4898778995
0.4212516249
0.9808416567
0.9313455013
0.9686100175
0.9719412889
0.9748534304
0.9312964642
0.97412327
0.9660443245
0.956774026
1.003554017
1.004016219
0.8455000533
0.9804372284
0.8585107533
0.9796453886
0.9967664505
0.8119199527
0.7515342096
0.7573361585
0.7210313342
0.707927016
0.6852788924
0.6886644966
0.7260277171
0.7209187564
0.4729924607
0.4960019738
0.7582223185
0.9225872446
0.7151049075
0.7635735359
0.5630336388
0.6513544757
0.8578240589
0.7994284422
0.7175246352
0.4214166764
0.5654298636
0.7151181535
0.6994890955
0.693745564
0.7456816623
0.7959589161
0.5946540833
0.5536711645
0.6426218922
0.4351597096
0.4003618058
0.5923292003
0.6483806359
1.032176226
1.330183945
0.5784359741
0.5958057467
0.7807442894
0.7002827712
0.8866138301
0.7667117535
0.3823455713
0.4151219959
0.456891498
0.49418545
0.4742680684
0.818026793
0.7143960878
0.8065924153
0.8166303191
0.4184481119
0.7149871042
1.060200465
1.416637527
1.533250364
1.223977141
0.541679209
0.7048854176
0.6017307664
0.7384320596
0.6856905072
0.5904379764
0.3782638412
0.7074745607
0.726381466
0.7949163187
0.753549819
0.8134506063
0.9537607569
0.9504509975
0.9473871358
0.9490206231
0.9626389695
0.9664242087
0.9643232221
0.9690155006
0.9810398237
0.9854746721
0.9856447884
0.9517372776
0.9732541975
0.9307685319
0.9620796533
0.9539611705
0.6766649193
0.6261204145
0.7279227391
0.8096562727
0.6135400338
0.8174137697
0.5706443857
0.8030046356
0.6796097992
0.7190527513
0.6755507182
0.8819990789
0.3749223106
0.8025315075
0.9268272424
0.8579175156
0.52549947
0.7319815221
0.8710247498
0.3708251247
0.3906501336
0.4299822166
0.5055968593
0.5547109506
0.8551741849
0.4104953765
0.5233145046
0.4941359037
0.4091857688
0.8211049578
0.6434925448
0.4956856102
0.521943438
0.6574294981
0.8087241023
0.4296730781
0.785648702
1.674787203
0.9844271709
1.463441248
1.464800719
0.7812999408
0.4484465946
0.5704454463
1.004505855
0.7236950979
0.5809282278
0.6035734445
0.7880793685
0.6807466577
0.7591035962
0.5600206156
0.5646620976
0.5520558104
0.4919789367
0.5276086967
0.4656923877
0.686545002
0.5790371438
0.7215135131
0.5300867823
0.455367271
0.4389157451
0.4103380046
0.3916689177
0.4196837292
0.8977874657
0.908909718
0.9438242128
0.6466070858
0.9253437252
0.7532585531
0.8249777297
0.6431646815
0.7106948787
0.8860273445
0.7868818658
0.6007074978
0.7361015689
0.6420609307
0.6261411262
0.7162786587
0.9396507481
0.9737465708
0.9486252433
0.6162108175
0.7015203855
0.7484668353
0.8393113588
0.9503964224
0.9084231321
0.9376891035
0.9543274156
0.9745190647
0.9364778999
0.9572180666
0.7467915081
0.4411320093
0.7195307702
0.5129867176
0.7749755312
0.7241575356
1.122263853
1.611377611
0.9729067761
0.7058773162
0.4079285769
1.538901575
1.487576869
0.4704860986
0.5317841447
0.7426457413
0.6529138485
0.482139744
0.4375860605
0.5055635236
0.5618862352
1.14890515
1.849636105
1.257642951
1.87260284
0.3766907248
0.543512154
0.5435938486
0.5169541677
0.4748550387
0.5656387404
0.5893302338
0.4008364072
0.4975343517
0.407187246
0.5449248962
0.6103971382
0.6780563176
0.700427639
0.295297227
0.4924425343
0.5382889534
0.5587292632
0.7112682461
0.7123474121
0.7772936326
0.6570911895
0.6593600336
0.7523220602
0.6210071769
0.9551769047
0.6997286113
0.8124080273
0.94790562
0.9422864387
0.929470375
0.9792228006
0.9778943681
0.9847636317
0.9707907591
0.9753598719
0.9687236499
0.9719261743
0.9751715073
0.9772393293
0.8761774181
0.9254015346
0.9126565887
0.9592047
0.9638789782
0.9768627239
0.9836508139
0.4609566189
0.4464288821
0.4781442369
0.5165965475
0.3927066871
0.9836101623
0.926736056
0.980790984
0.978366768
0.9771488509
0.9635745907
0.9871663371
0.7756071944
0.4828735885
0.4743799185
0.4835428088
0.5006867052
0.5400828603
0.5087629897
0.5323532034
0.4932700726
0.5055806032
0.4232670781
0.6406622993
0.6014333248
2.063361274
0.9302803847
0.9396248821
1.044447315
0.7704326269
1.696126435
0.6659185309
0.7698281369
0.9658603011
0.9553991817
0.9664596137
0.9573914516
0.976438781
0.8549564426
0.7777044648
0.7328194879
0.9033011362
0.9846679571
0.8810350378
0.8232906092
0.8071165156
0.7344542813
0.7184301399
0.7200460864
0.8437627833
0.9691938052
0.9809179677
0.9795436826
0.4956594966
0.4856051055
0.9707252208
0.9726048279
0.9737381278
0.9799107101
0.9817699099
0.9694819383
0.9480082397
0.466762552
0.5044189995
0.4951689233
0.3688771197
0.3778298429
1.585593832
0.778901919
0.4276442518
0.4550145254
0.4420295808
0.4503776296
0.5128650869
0.5553909289
0.502141441
0.9670629679
0.9787242667
0.9794928086
0.981103965
0.9815035144
0.9792512769
0.9707242929
0.9670842482
0.5363396829
0.4663564334
0.6083325271
0.4202227705
0.6034376463
0.3621148473
0.5261647109
0.477890625
0.5059016453
0.5049170237
0.515670001
0.4819898845
2.139929027
2.163043558
1.177337324
0.5073874383
0.3952809009
0.3724946914
0.370044869
0.4289234535
0.4891588368
0.3512713132
0.8596507307
0.858636309
0.8837569317
1.352545656
2.236242231
1.995491757
0.4771155257
0.4409956562
0.4228191973
0.4384331369
0.5096641346
0.3890670928
0.5042223962
0.3079266524
0.2570571283
0.2971266843
0.4171341528
0.4718559512
0.3652037015
0.2820226662
0.4468778675
0.5056528487
0.5043256208
0.4680788276
0.4247917547
0.4171140841
0.4429586737
0.4998076268
0.4978845957
0.4825494577
0.7288898682
0.978198073
0.9850510796
0.979227629
0.9803155507
0.9604458962
0.9646965646
0.9621286654
0.9644855613
0.9649046822
0.9721641961
0.9823465265
0.9758405286
0.9606635794
0.9756209885
0.9619048355
0.9601139043
0.3322652543
0.9732501496
0.8612567145
0.8062365633
0.7689572421
0.7518149327
0.92510492
0.9899507297
0.9374752376
0.8750537195
0.8243000469
0.8142277705
0.6566643415
0.9697160368
0.911368358
0.8830753978
0.8324897287
0.3388398335
0.5409845946
0.9856860042
0.4831467132
0.4737337205
0.4224182629
0.492852574
0.495091656
0.4796766501
0.5001379429
2.867682559
0.4527115582
0.4953912431
0.4174887212
0.4461241321
0.3574336041
0.4111910114
1.175399895
1.562179685
0.5305499848
0.6270057448
0.4464611936
0.4109558119
0.3765193989
0.4078446336
0.4985573296
0.4833513735
0.2053723262
0.1789042538
0.2478026208
0.3144339093
0.2293844251
0.1864315336
0.4896874649
0.3980630584
0.4020612213
0.434570925
0.4855464191
0.5057064915
0.9165883746
0.50546583
0.815822713
0.6748844247
0.6816212858
1.978336916
2.732467088
1.51067558
0.4286969575
0.9838570088
0.9838275733
0.9921341531
0.9902139924
0.9867333035
0.9852722859
0.9801598301
0.9796953314
0.9815232541
0.980356746
0.9737587175
0.9760570544
0.9668867488
0.9693236561
0.9789939558
0.9695461814
0.9042282526
0.9800188823
0.9798582202
0.9489187352
0.9678863718
0.8314687109
0.891800689
0.6700385065
0.9198107093
0.9647212369
0.7036535461
0.8509282149
0.9752290354
0.9476631419
0.9739295776
0.9845745346
0.9703055318
0.9819986243
0.4662994922
0.5169584598
0.4923310056
0.4920098973
0.4558623901
1.728199379
0.7991046373
1.201694517
1.710980536
0.5180003808
0.5035638001
0.656080368
0.9785891429
0.3757645482
0.5264621835
0.3579399272
0.4066126236
0.4021996691
0.439742946
0.8487852024
0.8050868756
0.1702391459
0.4023511309
0.5191432358
0.4292224777
0.3768864886
0.2794577693
0.3022012176
0.2484727527
0.3829954631
0.548268358
1.217335552
0.4948694401
0.4460043017
0.9762167161
0.9801860721
0.9787446713
0.9887524382
0.9904236186
0.984602319
0.9833311735
0.9732510334
0.9759115556
0.9705731458
0.9765460776
0.9792249884
0.9777988085
0.9775893259
0.9824044731
0.9830515419
0.9750236021
0.9785339596
0.9737226072
1.037110906
0.9721430668
0.9671953577
0.9831486726
0.9775752057
0.9098610805
0.9442056746
0.9345480456
0.8931130301
0.7305046714
0.942784965
0.9579122383
0.9452494244
0.8844633137
0.6234803991
0.7848645248
0.8774458689
0.9710757208
0.962069568
0.9921064077
0.9788916222
0.9810679159
0.9668258493
0.9706030585
0.9811108538
1.161483966
1.82002406
0.4889195845
2.147267606
0.4379558008
0.5632196775
0.4375313529
0.4421180888
0.1888136125
0.1506115264
0.8441063274
2.768635761
0.3703942634
0.2431427717
0.4048987364
1.396969879
2.977314973
0.8337235204
3.802001828
2.979654852
2.991714341
1.042036044
0.2944915983
0.2489969007
0.3079375804
0.2884606426
0.1822646915
0.2448064427
0.3858015912
0.28895783
0.3760110134
0.4133998676
0.4774258187
0.538430676
0.4381430996
0.4458354672
0.3496255338
0.3095448672
0.3888886799
0.380970418
0.3632227938
0.3265698744
0.3873748353
0.7050180827
0.4115134308
0.3803446444
0.3883731084
0.390615283
0.4131140333
0.3270870904
0.354433742
0.3065414307
0.275321975
0.2554000682
0.231060882
0.1855884225
0.1828495168
0.2493725138
0.2566093138
0.4270434101
0.2854145168
0.2654580574
0.2181391497
0.1985938496
0.2444570633
3.521419439
1.472662783
0.581355095
0.6324000885
0.5488557769
0.7180565057
0.6268324759
0.7731061294
0.4610832022
0.4438143938
0.3490011482
2.089424491
3.129513066
0.8316914259
0.6807320121
0.6433676863
0.3893931001
0.3077689166
0.2456659789
0.3813974318
0.2724155881
0.2898557601
0.3284858143
0.4139782175
0.3053369561
0.3372953694
0.2699312194
0.3790669366
0.2095214894
0.2875772871
0.9651169544
0.9777732813
0.9829023686
0.9669929679
0.9735909619
0.9912320427
0.8767400081
0.9339577281
0.8034622972
0.8129428049
0.9672626711
0.970396119
0.9680724616
0.968269075
0.9535171365
0.9726033165
0.9656979466
0.9859817224
0.9752073767
0.97085773
0.9745706649
0.9771592457
0.9797177903
0.9758413397
0.976644931
0.9741254788
0.980569555
0.9771699502
0.9926550638
0.9900825641
0.9822220862
0.9787040365
0.9820358257
0.9824380055
0.2685327633
0.2828174412
0.2962138619
0.146682102
0.148251601
0.1751065074
0.1428574927
0.1770975126
0.9755742271
0.659726216
2.550268599
0.5950710093
0.7117212099
0.6795751885
0.3707228967
0.3959471836
0.3896656426
0.4462162463
0.7275994696
3.849325594
0.9672256483
0.6780635509
0.4418377113
0.2364904698
0.6662131002
0.200468936
0.4889732306
0.4215155348
0.4671191608
0.6007988553
0.5426586484
0.8338981834
0.3350089388
0.404954555
0.1389246711
0.1757618837
0.2419312857
0.3293967256
1.082435606
0.5187860001
0.6111587771
0.2948588286
0.2636041191
0.2581127631
0.2830050505
0.2123457606
0.2332447999
0.1794344476
0.2292154425
0.3439370175
0.4408618726
0.6118457628
1.090379084
0.1793238469
0.2744068652
0.224906691
0.5103767755
0.2503201518
0.7253523735
0.4234738282
0.2817647376
0.5231183048
0.6731416064
0.3788459989
0.3478380272
0.2610736115
0.1438641648
0.1353837526
0.1389783882
0.1993243307
0.3101592852
0.5857930388
3.394341233
3.741047132
4.933499881
0.5999523315
0.4335960969
0.6751906139
0.5500115038
1.037460132
0.7443725524
0.7896950661
1.25861784
0.4216900692
0.4059425382
5.113051758
4.561640397
3.063667065
2.76103025
1.670801156
0.8808228673
0.6439781174
0.5997245776
0.9046833965
1.717374239
0.442794049
0.2152540007
1.116449639
0.2538025228
0.3817106915
0.1885664393
0.3153449019
0.1424951915
0.6415341311
0.9372997872
0.9776797569
0.9745726322
0.9818629956
0.9868393401
0.9707050294
0.9885278246
0.9651228266
0.7971725042
0.9987964043
0.6256384941
0.9752092624
0.7447579237
0.9982409054
0.9762929047
0.9719208345
0.969601215
0.9684545678
0.9802238825
0.9807563714
0.9724053257
0.3865029338
0.953576947
0.6657005833
1.187881817
1.142597737
1.343579301
0.7017266911
0.8695724458
0.9618890255
0.9690078767
2.96149798
0.9684410275
0.9751679295
0.9754423429
0.9646001672
0.9791933351
0.9772404619
0.9744476363
0.9769034478
0.9743885869
0.9784020538
0.9751198011
0.9741310378
6.309612602
8.80388928
5.731646129
9.478040167
9.308670052
8.982471244
8.910722665
8.784313168
9.651898942
0.3577913196
8.88582029
8.698054503
9.748874931
12.0724478
9.807206522
8.947529725
9.124968232
9.082997432
10.0076325
10.12623367
8.94112535
1.028036272
9.802291175
5.49842673
3.376523979
2.262015793
9.400700988
0.6265637751
8.639595905
0.5090682608
9.722704322
9.815452482
8.593221363
1.080525061
8.548011115
9.722789526
0.2904650342
9.386975494
9.199239058
9.296722209
9.131894991
9.897937992
9.126467247
8.818428472
10.38620187
9.646853676
10.44310101
9.454612156
8.744875765
9.46654679
8.965918874
9.279404596
8.83981062
10.35985027
8.683055872
9.573681489
8.686818117
9.400691506
10.39719331
0.9817064627
10.01602063
9.076553049
8.874069519
0.2022526535
0.2201645325
9.012000427
0.1881252104
0.2410812237
10.33064779
9.719557543
8.7669626
8.695059778
0.2755741579
10.26981554
12.41930029
8.738691179
9.665323905
10.3057521
0.3567121866
8.718825349
0.883171492
0.9366742242
1.000139995
0.973263711
0.8580231676
0.9613157196
0.9847682282
0.9833669776
0.9800744248
0.9815282423
0.9733406019
0.9826785147
0.969247115
0.9611136917
9.64492517
9.369757975
8.92274513
9.945631774
1.450512319
0.6753184886
9.136399191
8.483420378
9.929142516
9.46841452
11.69705449
1.03329689
8.433263861
9.639653284
10.12112581
8.821982039
8.955226765
8.924823721
9.197406872
10.23432979
9.348102965
9.484481547
9.326146271
8.698593255
10.24659349
8.797083881
0.9828893122
0.9793051497
0.9672315601
0.9693485707
0.5576901281
0.6718945429
13.62330288
9.166079686
8.907040866
0.9661351936
0.9617362375
0.4668172839
9.497689652
0.3624023062
12.83876103
0.4710466586
0.3714756351
2.089204705
11.23628381
</DataArray>
<DataArray type="Float64" Name="velocity" NumberOfComponents="3" format="ascii">
1.799943446 24.03666819 0.0
1.579927001 -25.26666412 0.0
1.024267007 -25.41018551 0.0
0.9263304181 -25.55432803 0.0
0.8781068608 -25.88029733 0.0
0.7607271956 -25.85309621 0.0
1.028595814 -25.79494136 0.0
0.873412312 -24.63465768 0.0
1.105329989 24.04834834 0.0
0.9553768644 26.19421219 0.0
1.21874257 23.92027013 0.0
0.6258019696 25.9858109 0.0
0.4535526926 25.99150872 0.0
1.333870987 25.4351756 0.0
1.119445318 25.98804004 0.0
1.218422669 25.30256995 0.0
0.7746290566 25.03668318 0.0
-3.130545092 22.21003185 0.0
-10.20739325 -18.85859182 0.0
1.053018966 -23.87992531 0.0
-10.5092602 -18.26723646 0.0
-18.01673606 -11.8342187 0.0
1.90398666 25.97513364 0.0
2.047393271 24.9822867 0.0
1.66526494 23.14900071 0.0
1.777658114 23.55840727 0.0
1.708993587 24.15861499 0.0
2.386407475 25.15590841 0.0
1.859853105 24.01810583 0.0
1.179429071 23.50422976 0.0
1.685957026 24.81726455 0.0
1.288126037 22.90795291 0.0
1.295721649 23.66920878 0.0
1.304840151 20.70197685 0.0
1.397200787 23.05498746 0.0
1.248921546 21.14846607 0.0
0.9351333437 24.2195658 0.0
0.5275308261 26.4141118 0.0
0.9428567176 25.9571789 0.0
1.35599197 26.00911862 0.0
0.6731621205 22.55085198 0.0
1.06437657 -25.14680941 0.0
1.231807505 -25.09753424 0.0
1.152519373 -25.16841008 0.0
1.267305276 -25.06660177 0.0
1.426736083 -25.29410913 0.0
1.001401023 -25.63976874 0.0
0.8469525677 -25.89439801 0.0
0.3898118003 -24.83163805 0.0
0.7041043302 22.89608694 0.0
0.7476549738 24.31779197 0.0
0.9644919656 25.78822305 0.0
1.474247732 25.77396471 0.0
1.43569228 25.33446314 0.0
1.407334694 24.64539693 0.0
1.344979181 23.70682475 0.0
1.460409707 23.04692806 0.0
1.245673789 21.30710257 0.0
1.289040854 23.7864981 0.0
0.6146616604 22.67871636 0.0
0.5941627464 25.8828818 0.0
1.480280597 25.35383206 0.0
0.8930940857 24.09686682 0.0
1.065274542 25.33788353 0.0
0.1311439183 25.40636192 0.0
0.9561714881 25.33764542 0.0
-4.450832927 -22.17531141 0.0
1.171007988 -25.87377752 0.0
1.329754791 -25.03907087 0.0
1.392552072 -25.38365171 0.0
1.321405056 -25.14227458 0.0
1.243187052 -25.29961217 0.0
1.117481809 -25.71670239 0.0
0.6829012136 -25.83782335 0.0
0.9301314754 -25.90360586 0.0
1.032363502 -25.82608892 0.0
0.7945695914 -25.89273421 0.0
1.103562758 -25.7714351 0.0
-4.264411353 -21.65133854 0.0
1.519343384 -25.60099924 0.0
2.039076341 -24.98728675 0.0
-10.43740662 -18.91150433 0.0
-4.960546291 -21.77548674 0.0
-14.28435144 -14.81434012 0.0
-9.948782148 18.98538728 0.0
-18.20699034 -11.98424798 0.0
1.808956741 -24.15693041 0.0
-14.39912602 17.08467976 0.0
-9.002065872 19.48265133 0.0
-14.02152349 16.56191834 0.0
-16.63936669 12.04836596 0.0
-8.405319023 19.88017398 0.0
-17.54082552 12.86158293 0.0
-9.633334975 -17.49931481 0.0
-21.46078448 -7.099734681 0.0
-17.4625512 13.77665346 0.0
-20.46364913 9.023536245 0.0
-24.01559345 3.427440934 0.0
1.281441067 20.95556399 0.0
1.60803881 25.75415651 0.0
2.035414109 24.96612389 0.0
1.216999986 23.56339951 0.0
1.740517896 23.39320968 0.0
1.763472491 23.75314265 0.0
1.312361552 26.19428707 0.0
-3.300591694 23.00771935 0.0
-9.867021952 19.79132615 0.0
-2.852753629 23.30708833 0.0
1.362244272 22.99759827 0.0
0.8404581829 23.87897965 0.0
0.9405065632 23.82778929 0.0
0.8771670855 23.40940011 0.0
1.138658547 -25.14141138 0.0
0.8045292646 -25.40937655 0.0
1.22611396 -25.39934009 0.0
1.035769406 -25.89712274 0.0
1.641485486 -25.21187741 0.0
0.9995812847 -25.91281957 0.0
-14.59549749 -15.93912174 0.0
-14.5729047 -15.41899931 0.0
-21.84200805 -6.71596391 0.0
1.501436862 -25.44037145 0.0
-21.02688684 7.95052086 0.0
-13.28461613 16.2862957 0.0
-4.277658101 22.71870364 0.0
-17.76321245 -10.8833139 0.0
-4.199565294 -21.89686088 0.0
-24.37281111 2.552431175 0.0
-0.2058649064 24.27275055 0.0
1.309093065 25.93949694 0.0
0.2135920741 26.58887112 0.0
1.345391664 20.39685851 0.0
1.147981356 22.87259059 0.0
1.228917989 23.4458461 0.0
1.572389291 24.39119073 0.0
2.254363323 24.8555615 0.0
1.312434067 25.05923914 0.0
1.497060762 25.76297461 0.0
1.513047991 26.20664577 0.0
1.03763144 23.92658604 0.0
1.661403468 25.37357205 0.0
-2.221924247 23.56429927 0.0
1.633991112 23.89316682 0.0
1.709393627 23.83740768 0.0
1.229245755 24.45885557 0.0
1.357559247 23.74885285 0.0
1.52603196 23.02881098 0.0
1.283041583 21.45343752 0.0
1.292107642 23.7062307 0.0
1.813087278 25.53238399 0.0
1.245605055 23.20972011 0.0
-0.4150302777 22.81219976 0.0
-5.156196159 22.41803496 0.0
-10.60523529 19.32119443 0.0
0.9653833636 -25.15970949 0.0
1.132936452 -25.18376221 0.0
1.596499885 -25.1674131 0.0
0.9441550273 -25.45424543 0.0
0.9898502423 -25.38820101 0.0
1.132653469 -25.69315356 0.0
1.398589163 -24.96309741 0.0
1.385436462 -25.27132744 0.0
0.6127075144 -25.41116446 0.0
1.016800532 -25.286117 0.0
1.242770694 -25.76243117 0.0
1.091702441 -25.95392768 0.0
0.6454603625 -25.83104576 0.0
0.7378122455 -25.86336566 0.0
1.259764442 -25.61433695 0.0
1.033129904 -25.71563126 0.0
-5.269876763 -22.48974861 0.0
1.423605977 -25.44627063 0.0
1.882803824 -25.20867861 0.0
-24.22514242 -1.279369802 0.0
-25.38633192 -1.579680138 0.0
-25.45795372 1.033793191 0.0
-20.0836027 6.740591293 0.0
-16.15182933 11.94827148 0.0
2.879865911 -25.04057126 0.0
1.505243278 -22.81094926 0.0
-14.88301495 16.73355533 0.0
-18.06947302 13.95620155 0.0
-21.05836407 9.62527475 0.0
-3.074370596 -21.03810675 0.0
-9.025169292 -18.01835683 0.0
-14.11146342 -14.59416168 0.0
-18.25399319 -10.70321449 0.0
-12.42238162 15.81875905 0.0
-7.345899771 18.96722051 0.0
-24.39638754 -2.560086545 0.0
-26.43865977 0.4312304729 0.0
-24.4184118 4.246474915 0.0
-25.2990689 0.7512357817 0.0
1.063680708 25.79183657 0.0
0.8781155113 25.67143305 0.0
0.7795181115 22.30926452 0.0
0.6930744496 24.658028 0.0
1.817599345 23.94071329 0.0
2.728602734 25.27504429 0.0
1.208357567 -25.11110006 0.0
1.497029715 -25.38502698 0.0
1.122387438 -25.68846951 0.0
0.185817279 -25.20107973 0.0
-14.4875611 -16.60390649 0.0
-17.8510033 -13.08906069 0.0
-21.09900117 -7.653573743 0.0
0.9756139464 26.36647125 0.0
-21.3641363 -5.329621924 0.0
-26.82463225 0.6079562962 0.0
-26.4025199 0.5547117844 0.0
0.8006934242 24.97136666 0.0
1.14981468 25.62111619 0.0
1.791359103 25.501501 0.0
1.101014183 23.95020178 0.0
0.900603401 21.97631363 0.0
1.642580368 25.88121127 0.0
0.1095855135 26.61502134 0.0
0.297618458 25.21730766 0.0
1.419118442 20.09845828 0.0
1.068764915 22.90228927 0.0
1.410113726 23.28466701 0.0
2.929187741 25.39238701 0.0
1.421575851 24.32063318 0.0
1.43663348 22.39383561 0.0
2.445838829 24.77236466 0.0
1.587480727 25.75541953 0.0
1.712281818 26.24335892 0.0
1.833845871 26.1672605 0.0
1.347362849 23.7739983 0.0
1.573198029 23.01384444 0.0
1.315312426 21.61283836 0.0
1.337345782 23.52597273 0.0
2.003409308 25.43902171 0.0
-24.51725581 -0.4994982357 0.0
-25.38062163 -1.113814868 0.0
1.55804344 25.64884992 0.0
1.322188667 25.99231481 0.0
1.533129096 25.5288714 0.0
-0.4337082114 22.1027419 0.0
-6.10388411 21.30918976 0.0
-11.30031672 19.72746589 0.0
-15.16381023 16.97389778 0.0
1.456792516 -25.4254756 0.0
0.5076756165 -25.39562722 0.0
0.7246664075 -25.12741641 0.0
1.341483531 -25.93901957 0.0
0.6417492923 -25.81943192 0.0
0.6728598163 -25.82249973 0.0
0.9968438554 -25.75444712 0.0
1.622303528 -24.9539811 0.0
2.784164532 -25.16376455 0.0
-21.19075696 8.832892812 0.0
-23.99957462 3.039732214 0.0
-22.18487325 -0.9353265248 0.0
1.513229209 -25.42254778 0.0
1.155539014 -25.45216588 0.0
1.283210986 -25.89051927 0.0
1.33930789 -25.88528877 0.0
-10.36450699 -19.27637954 0.0
-26.20181764 -0.4431494483 0.0
-23.87111026 1.682822539 0.0
1.981214925 -22.83728275 0.0
0.8926445161 -23.67193126 0.0
-8.48604705 -16.97802848 0.0
-25.77009952 1.242399253 0.0
-19.99875493 6.895774696 0.0
-1.48839024 22.92963202 0.0
-25.81777367 0.6289730708 0.0
-12.1920557 15.94821846 0.0
-16.55662032 11.29928801 0.0
-13.69765407 -13.85447381 0.0
-17.38815846 -10.08790904 0.0
-26.67152679 0.3553337254 0.0
-25.41348525 0.910904471 0.0
-21.70035744 -1.564455849 0.0
-21.29945412 -1.348366736 0.0
1.563309596 22.79958496 0.0
1.161891769 24.82900932 0.0
1.386753719 -25.53521673 0.0
1.384502576 -25.30594494 0.0
1.850417273 26.0489355 0.0
-18.3370614 13.75304981 0.0
0.9463362415 25.16215676 0.0
1.570072531 -25.23417141 0.0
-1.934962042 -22.01519745 0.0
-20.53036201 -9.082814811 0.0
-25.97457153 -0.3508069665 0.0
-27.2192899 0.1263050767 0.0
-26.97384746 0.2349483088 0.0
-26.06296873 1.449390369 0.0
-26.32135626 1.752530943 0.0
-21.04308995 -1.064957345 0.0
-20.90341462 -0.4638923457 0.0
1.882845703 25.7418257 0.0
0.06337052077 26.45905888 0.0
0.05473327844 25.84286753 0.0
0.9085376633 19.77658098 0.0
1.076640119 23.0015886 0.0
1.72272929 22.94778035 0.0
2.986337355 25.60008407 0.0
1.258394573 24.21204727 0.0
1.327594514 22.10796461 0.0
2.549343297 24.85631494 0.0
1.038634115 24.61073197 0.0
1.777568618 25.71676628 0.0
1.846646069 26.25416329 0.0
1.758874843 25.96875789 0.0
1.522878084 -25.63625523 0.0
0.6603792625 -25.35686171 0.0
0.2619668498 -24.98609128 0.0
0.6482246262 -25.80690272 0.0
0.6492429612 -25.77536657 0.0
1.438632954 -25.43821777 0.0
1.563682573 -25.2776297 0.0
1.281279105 -24.63597667 0.0
2.64257977 -25.18941891 0.0
1.24441298 -22.28440945 0.0
0.8744228081 -25.21630896 0.0
0.8839596393 -25.28620706 0.0
1.156275761 -25.17032821 0.0
1.259938152 -25.36832866 0.0
1.3826752 23.94077604 0.0
1.529105829 23.13344543 0.0
1.46447446 23.30890169 0.0
1.868948104 25.33358014 0.0
-1.037818196 24.45353104 0.0
-25.33244549 -0.6082459582 0.0
-23.91868439 1.986152476 0.0
1.853051463 25.69420277 0.0
-7.367421355 21.07168383 0.0
-12.16674464 18.92263935 0.0
-15.32890301 17.44206579 0.0
-17.92310646 14.41463891 0.0
-22.42072843 2.708545404 0.0
-23.34046657 -0.6695379706 0.0
-23.69117669 -1.013323927 0.0
0.7139352569 24.80205948 0.0
1.578576294 25.68469114 0.0
1.422727829 -25.56564522 0.0
0.1133577276 -25.33134876 0.0
1.641746378 -24.4238761 0.0
2.225411934 -25.16381144 0.0
-1.875656394 -21.3145462 0.0
-5.808212121 -22.30513443 0.0
-15.28465458 -17.12195336 0.0
-14.57017099 -16.95203834 0.0
-18.08355381 -13.93441373 0.0
-20.85349994 5.868775285 0.0
-15.09912276 11.10187345 0.0
-25.19214993 -0.8414597532 0.0
-21.6341765 -5.60559184 0.0
-20.96727967 -5.442299635 0.0
-17.51470446 -13.83915896 0.0
-24.56255562 -2.610506715 0.0
-26.43484752 0.8652025414 0.0
-26.12673235 0.46169833 0.0
-25.77070819 -0.7143911684 0.0
-23.68483775 -0.8882259999 0.0
-23.50719587 -0.7222342535 0.0
-25.421763 -0.6979866667 0.0
-26.45016574 -0.1874259539 0.0
-7.523405427 19.88381001 0.0
-25.14485426 0.3915793109 0.0
-25.3116617 -0.001729130808 0.0
-13.11235206 -13.58168738 0.0
-7.751314474 -17.10258923 0.0
-23.33202353 -0.5971881368 0.0
-11.64224078 14.93378958 0.0
-6.613999185 17.960408 0.0
1.266787407 25.97001789 0.0
1.085982958 23.85462456 0.0
1.474849786 25.57180615 0.0
0.9561463481 25.80821208 0.0
0.999752263 25.5976745 0.0
-2.069636725 23.61437743 0.0
1.524669997 -25.85270929 0.0
0.9571910797 -25.83665103 0.0
1.349207037 21.79616423 0.0
-24.96271509 -0.7510252542 0.0
-26.22846396 0.04691357499 0.0
-26.48177202 -0.04233799299 0.0
1.47808277 24.42253969 0.0
1.474281096 22.04561913 0.0
-0.9376639837 24.30961747 0.0
-7.860187583 21.38981108 0.0
-12.89983234 18.67662964 0.0
-15.76807101 17.32431487 0.0
-17.88981691 14.96124897 0.0
-23.0456003 4.488315029 0.0
-23.41157117 0.4027400154 0.0
-23.46959459 -0.1932976917 0.0
-23.22232873 -0.1863331887 0.0
-23.01254436 -0.2878232142 0.0
-26.63409589 1.303449204 0.0
0.6993588494 -25.72053533 0.0
1.527131924 -26.0767453 0.0
1.647352127 -26.14007232 0.0
-0.2528511367 -24.90236887 0.0
1.103653055 -25.25009958 0.0
1.508704378 -25.899856 0.0
0.9302548119 25.85114814 0.0
1.655384507 25.71717781 0.0
0.6386092405 24.68421258 0.0
1.937034127 25.4843708 0.0
1.894363423 25.82480295 0.0
1.052777636 23.72900847 0.0
1.259446801 21.2284156 0.0
0.2834064105 26.2062897 0.0
-0.05634743826 26.14489226 0.0
0.1123133612 19.48056384 0.0
1.167431409 23.07373666 0.0
2.090813671 22.52862233 0.0
1.133723642 24.07222657 0.0
1.25269122 21.67350822 0.0
1.288243454 26.42712972 0.0
1.201963076 25.73007978 0.0
-0.8420053624 22.53509686 0.0
1.57398225 -25.42869195 0.0
1.552541899 -25.63204715 0.0
-6.014334979 -22.26955967 0.0
-15.82663016 -17.1585696 0.0
-11.75209647 -19.26966048 0.0
-18.52280151 -14.30332399 0.0
-21.09086005 -8.959209441 0.0
-25.576502 0.01169446954 0.0
-26.61297464 0.2618460754 0.0
-25.17616066 -1.054201051 0.0
-25.31593139 0.3780597128 0.0
-25.05802502 -0.1840929673 0.0
-24.37864922 0.4445547897 0.0
-18.41604989 6.056049256 0.0
1.448135177 -25.37371407 0.0
0.8963477627 -25.910812 0.0
-25.1533071 0.6253530325 0.0
-27.03228671 0.5638398961 0.0
2.571949487 25.13584584 0.0
0.9578583765 24.41965968 0.0
2.109330307 25.73260626 0.0
1.778255694 26.26507054 0.0
1.923127504 -25.22929289 0.0
0.9143704643 -24.48879005 0.0
2.444906915 -25.48583289 0.0
1.360351227 -24.16220991 0.0
2.987976272 -25.73484308 0.0
-1.974430138 -21.27928246 0.0
-6.120985085 -20.14844315 0.0
-23.35908692 -0.4246078615 0.0
-22.74386149 -0.4573066619 0.0
-16.75981821 9.563953368 0.0
-26.62171413 -0.309518194 0.0
-26.67093945 -0.3940645998 0.0
-11.18725828 -15.01486174 0.0
-10.05034801 -14.98788504 0.0
-11.63514371 14.76780212 0.0
-6.414066866 19.54261522 0.0
-22.15439995 -1.091919518 0.0
-26.37756347 0.1213274576 0.0
-25.28231304 -0.4805363907 0.0
0.06565631096 -25.56320193 0.0
-12.15468855 -19.51099815 0.0
-25.90567968 0.3892441958 0.0
-25.85659689 -0.05120745951 0.0
1.44155847 23.44615512 0.0
1.998674681 25.5412622 0.0
1.052664316 21.64165308 0.0
-20.08826922 10.41360932 0.0
0.7666674881 -25.73195941 0.0
1.613720421 25.68395448 0.0
1.217063956 26.01741356 0.0
2.188681332 -22.3693466 0.0
-24.86028783 -0.3945604903 0.0
-20.6115606 0.3940602843 0.0
-23.35345969 -0.216197938 0.0
-26.41802569 0.2715924462 0.0
-25.02276416 -1.325049172 0.0
-25.24543162 1.290195306 0.0
-26.42119103 -0.6351554493 0.0
-23.04441915 0.8702165065 0.0
1.032369968 -25.48755247 0.0
1.358117458 -25.80579829 0.0
1.429423462 -25.93250431 0.0
1.308414871 -25.65501431 0.0
-18.74157393 -14.78558078 0.0
-21.28186964 -9.440134624 0.0
-25.83124791 1.159837401 0.0
-25.80959494 0.7640562307 0.0
-25.64531524 0.240456825 0.0
1.980119122 25.56832167 0.0
0.7501095929 25.89249959 0.0
0.2323805041 26.60535326 0.0
-0.8387066206 19.11586583 0.0
1.372268387 22.70898552 0.0
2.605809102 22.00807009 0.0
2.142365642 25.98232281 0.0
1.11781002 23.92825602 0.0
1.322352763 20.88083578 0.0
2.254904078 25.52468493 0.0
0.8924158879 24.21039689 0.0
2.559459734 25.7866933 0.0
1.543641375 26.20446412 0.0
1.499893364 25.40240249 0.0
-25.13137562 -1.704143286 0.0
-21.58818806 -5.978880509 0.0
1.395460284 24.44948104 0.0
1.475635734 23.27081327 0.0
1.547846545 22.03595132 0.0
-1.327007457 24.11260673 0.0
-7.825764965 21.79390483 0.0
1.588649836 23.40771013 0.0
-13.32011779 19.16658097 0.0
-16.28875653 17.20633358 0.0
-18.31748941 15.09978194 0.0
-20.43223187 10.86617253 0.0
-23.24807414 4.585846831 0.0
-25.8757641 0.1911606426 0.0
-26.40064366 -0.5379341212 0.0
-26.01425227 -0.4979811484 0.0
-26.07928937 -0.5661550043 0.0
-26.14677558 -0.8763793974 0.0
1.415060389 -26.04743872 0.0
1.795081321 -25.10428447 0.0
-0.7702589222 -24.80634567 0.0
1.702625915 -26.24334214 0.0
0.9620287495 -25.66198413 0.0
0.8594536882 -25.65621192 0.0
1.396887927 -25.33650578 0.0
0.8037865758 -26.13275542 0.0
0.4472253883 -24.24296968 0.0
2.142031499 -25.93640189 0.0
1.353534068 -21.18881662 0.0
1.448318089 -23.77321845 0.0
2.216306579 -25.74821447 0.0
2.912190926 -22.09413311 0.0
1.713136165 -23.85653494 0.0
-23.04122008 4.578684674e-05 0.0
-26.07936237 0.7305956639 0.0
-25.53381718 -0.0416993005 0.0
-26.29104522 0.6823862028 0.0
-25.49652929 -0.08255378107 0.0
-26.46009467 0.5758475715 0.0
-25.44232089 -0.122611548 0.0
-26.51536639 0.505883558 0.0
-1.41125559 24.02104575 0.0
-24.94359174 -0.9313871934 0.0
-14.42912782 -10.36052295 0.0
-1.445591202 -24.46580645 0.0
-5.793357793 -18.64067337 0.0
-26.18368917 -1.325654394 0.0
-26.25509167 -1.731599891 0.0
-25.1652767 1.501724894 0.0
-21.82612702 -1.572588769 0.0
-13.59551948 -11.63299472 0.0
-17.12553707 -10.27855347 0.0
-26.22769568 -1.932792812 0.0
-26.09226977 -2.004467855 0.0
-11.11672127 13.68298551 0.0
-14.88115318 9.785903793 0.0
-26.66255563 -0.4571606697 0.0
-25.35654546 -0.1558911787 0.0
1.19203511 -25.78849065 0.0
2.408329588 -25.1596256 0.0
1.338744122 -25.85918287 0.0
-24.46966492 -4.275763052 0.0
-25.67002082 0.3315308212 0.0
-25.75552647 0.8316374266 0.0
-25.74648789 0.7081950487 0.0
-25.87159001 0.7217006754 0.0
-25.54439601 -0.01485900848 0.0
-25.23352441 0.7933356627 0.0
1.001651596 -21.73337357 0.0
-19.89050594 9.47443183 0.0
2.745085466 25.88471522 0.0
1.391887735 25.92167431 0.0
1.659342104 25.67506647 0.0
-26.47998777 1.420906809 0.0
-26.71939986 -0.2215624405 0.0
-24.76050494 -1.010437158 0.0
-25.11410327 -1.888032592 0.0
-17.68546719 -5.202342427 0.0
-22.4137911 -0.6991009106 0.0
-26.44148499 0.2677275038 0.0
-0.9831605305 -23.77086843 0.0
-7.113628602 -22.45577194 0.0
-6.941591284 -22.83388335 0.0
-16.06207186 -17.56109088 0.0
-25.29927477 0.8801064473 0.0
-25.14374053 0.3345892054 0.0
-26.53932428 0.4615681651 0.0
-24.58103584 1.067756207 0.0
-26.91442668 -0.2105347493 0.0
-26.88220574 -0.2338313209 0.0
1.618974803 20.58428557 0.0
1.455636431 25.71903085 0.0
1.205412078 25.53076435 0.0
0.6674433608 26.40143805 0.0
-1.87742337 18.31782867 0.0
1.530353291 21.99843783 0.0
3.352039941 21.32556082 0.0
1.320361735 26.12076628 0.0
1.252340143 24.04092459 0.0
1.88658556 19.86949805 0.0
1.753462328 25.89822764 0.0
3.257070629 25.50735973 0.0
0.995511021 26.15719999 0.0
1.132603928 23.76392498 0.0
1.247853913 23.97701178 0.0
1.751006712 26.09696772 0.0
2.556245202 25.39230094 0.0
0.5383518338 24.48857669 0.0
1.6758222 25.80354399 0.0
0.848708213 25.80938384 0.0
0.8782310073 22.97601762 0.0
-1.60963933 21.43169183 0.0
-8.073135546 21.20237649 0.0
-16.7266679 17.63085963 0.0
-18.86429591 15.09103184 0.0
-20.96288014 10.86330012 0.0
-23.66412416 5.163546718 0.0
1.2588021 -26.27223315 0.0
2.674982064 -24.92903683 0.0
-1.24204345 -24.53791663 0.0
1.646035657 -26.26625377 0.0
1.136674678 -25.64591334 0.0
1.299041233 -25.21322674 0.0
3.050256405 -25.0934176 0.0
-0.1209397575 -23.89507586 0.0
1.785336553 -26.33971353 0.0
2.068725497 -20.46348679 0.0
1.666266614 -23.85982017 0.0
1.310345358 -25.92768803 0.0
3.104504862 -21.2260372 0.0
-27.20062803 0.4619115045 0.0
-25.45277231 -0.05386531373 0.0
-26.46102687 -0.8676490266 0.0
-26.55858357 -0.1951331735 0.0
-26.66724234 0.2157567999 0.0
-26.75157928 0.2406368175 0.0
2.211708563 -24.08250755 0.0
1.540462408 26.3139382 0.0
0.9724776432 25.84841289 0.0
-6.195652865 17.48199457 0.0
-24.75023247 -1.866617264 0.0
-25.13619366 2.317775395 0.0
-26.9138501 -0.570851189 0.0
-25.40009734 -0.5704796843 0.0
-24.8204449 0.7074700903 0.0
-18.75617525 5.418389513 0.0
-15.35541832 8.858239633 0.0
-26.78277799 -0.1544157168 0.0
-20.32378205 1.375887746 0.0
-19.8861279 2.42056149 0.0
-20.27725347 -2.791249476 0.0
-26.0186438 -1.655688311 0.0
-21.1244339 -0.3308716485 0.0
-24.75623162 -1.801859048 0.0
-25.10618913 2.234724266 0.0
-26.59813466 0.01405474995 0.0
-26.39732238 -0.2768496535 0.0
-26.57537414 -0.491860983 0.0
-17.13980952 -7.632918087 0.0
1.189955213 -25.90489114 0.0
-2.116206125 -22.02528973 0.0
-5.10555855 -20.55902085 0.0
-26.14514056 -0.6429250218 0.0
-25.89442644 -1.095907459 0.0
-10.368783 14.67508959 0.0
-5.114152127 20.04011469 0.0
-9.809408018 -15.79875309 0.0
-14.48925521 -10.06591998 0.0
-25.4292403 -0.2180778689 0.0
-26.50463541 0.3929432777 0.0
-12.78963727 -20.5569323 0.0
-16.09490058 -18.34779807 0.0
-12.36467292 -19.90467391 0.0
-18.37306166 -15.59070157 0.0
-6.205316624 -22.3737316 0.0
-23.34949092 -4.423215091 0.0
-25.27322996 -0.4932430882 0.0
-26.02629783 0.3653074365 0.0
-21.38592622 -10.16263678 0.0
-25.22670222 0.2923217267 0.0
0.7786177217 23.88388335 0.0
1.362798682 25.13977104 0.0
3.172208663 25.75665951 0.0
0.3445239102 24.25952357 0.0
-24.74401077 0.2712241345 0.0
1.043317144 -25.59210662 0.0
0.6475300176 -26.15319974 0.0
-26.72458544 0.1788580576 0.0
2.10547734 19.61161004 0.0
1.684782246 25.88602316 0.0
0.8597501678 25.74327639 0.0
1.165232948 25.90243037 0.0
1.208872325 25.9714463 0.0
1.364469949 26.32886549 0.0
1.350605222 26.52056913 0.0
1.390226598 25.92266156 0.0
-27.1360981 0.6106988618 0.0
-25.69785904 -0.6665652239 0.0
-25.74314869 -0.3788915312 0.0
-1.858641358 21.52436519 0.0
-21.75093619 4.5159969 0.0
1.034673972 -25.05720278 0.0
0.8536856102 -24.12580659 0.0
-0.7586999377 -25.68282979 0.0
-0.9753031132 16.5480778 0.0
-2.761469494 14.44338002 0.0
-6.79180265 14.87914759 0.0
-12.3814935 16.3137767 0.0
-16.31730918 16.42072761 0.0
-18.97410693 14.91346468 0.0
-21.37359649 10.96738947 0.0
-23.99347502 4.964372373 0.0
-25.64243495 -0.2462502318 0.0
-26.42297021 -1.172804664 0.0
-26.4182457 -1.181238113 0.0
-26.26920339 -1.144608317 0.0
-26.36444598 -1.175875994 0.0
-26.53245181 -1.19175342 0.0
-26.65461993 -1.075833284 0.0
-26.74483966 -0.8218475581 0.0
-26.81965303 -0.5825411322 0.0
-26.87666169 -0.4203359778 0.0
-27.21024425 -0.3316261577 0.0
0.7963904566 25.85515918 0.0
-0.6758401316 -17.53247241 0.0
-17.91043777 -16.13795644 0.0
-19.80303359 -12.15147897 0.0
-22.63282907 -5.56329366 0.0
-25.70403872 -0.3420941823 0.0
-25.64080723 -0.5980024694 0.0
-25.30610712 0.8036822411 0.0
-25.64060685 -0.3647498322 0.0
-25.29596202 0.1768581814 0.0
-25.09518982 -0.1098426246 0.0
-24.96827486 -1.299296872 0.0
-25.00924707 1.57012989 0.0
1.387689129 25.23854094 0.0
1.19621508 25.96557361 0.0
-2.889162222 16.309457 0.0
1.567984563 20.28510506 0.0
0.635862953 26.31280811 0.0
1.00555375 23.64334348 0.0
2.596714591 17.59509992 0.0
1.187618837 26.12212578 0.0
0.4750623903 23.49242061 0.0
4.133909859 24.14478906 0.0
0.3673584647 26.10046543 0.0
1.262202247 24.92278525 0.0
-26.48120229 0.3587627019 0.0
0.976732458 -26.41534456 0.0
3.698313809 -24.50329831 0.0
-1.715158236 -23.96834137 0.0
1.358712529 -26.21021986 0.0
-24.9863431 -2.691651767 0.0
1.233369388 -25.75608268 0.0
1.310715956 -25.54248601 0.0
1.142924818 -24.70588883 0.0
0.3891186412 -26.10257012 0.0
3.907756636 -24.52147582 0.0
-0.5780435926 -23.55852907 0.0
1.224432674 -26.44410069 0.0
2.996116173 -18.30135664 0.0
1.552924808 -23.5096701 0.0
3.703803651 -18.92160157 0.0
1.726375679 -25.98353905 0.0
-0.7172845463 -24.35816189 0.0
-4.891887121 -21.45090069 0.0
1.580238614 25.71904298 0.0
-25.95153467 -1.029653518 0.0
-25.71776615 -1.531107404 0.0
-25.62509815 -1.90384758 0.0
-27.00160112 -0.3455795244 0.0
-26.60786845 -0.4250716717 0.0
-24.3227638 -2.594710259 0.0
-24.69541756 3.299812632 0.0
-26.71598219 -0.4336139458 0.0
-26.77388611 2.128007065 0.0
-26.2187298 0.7691831987 0.0
-25.50669222 -0.7945041657 0.0
-23.07833112 1.981126359 0.0
-21.12455777 3.524159666 0.0
-7.704492997 11.3360021 0.0
-7.881784159 -16.1797875 0.0
-7.867196646 -12.43358536 0.0
-24.84655514 -2.09276607 0.0
-24.850407 2.295275578 0.0
-1.67432681 23.53899199 0.0
-8.008119027 15.15118321 0.0
-4.871454358 20.76947791 0.0
-26.4528989 0.2765643207 0.0
-24.41546331 -2.950871918 0.0
0.6233505411 -26.20779483 0.0
-13.44757628 19.48464988 0.0
0.9851966968 21.36530951 0.0
-25.04878225 -0.6188863654 0.0
-25.13044864 -0.265914464 0.0
-24.62786615 3.154607413 0.0
-1.892037448 -16.54994329 0.0
-6.04572521 -16.76172294 0.0
-11.62178287 -17.36922025 0.0
-24.5380353 -2.715897785 0.0
-26.8098597 -0.1789626464 0.0
-26.54760327 0.156684197 0.0
-26.24164703 -0.6744277756 0.0
-1.813765893 -23.6969533 0.0
-24.32107936 1.763725128 0.0
-24.74768594 -3.6688563 0.0
-26.65457497 0.1870830689 0.0
0.7685380154 26.4498059 0.0
4.084612694 24.56357355 0.0
-25.13536285 0.7461822482 0.0
-25.1034583 1.043478477 0.0
-26.80277263 2.4351493 0.0
-27.06050137 0.3259478296 0.0
-26.43220932 0.7529473819 0.0
0.1594097856 23.67072627 0.0
1.668141052 25.96659694 0.0
0.8827870086 25.41991795 0.0
-17.65868593 3.394659942 0.0
-22.46249541 0.1674028239 0.0
-20.92996577 0.1892065775 0.0
-17.93358256 -3.548270047 0.0
1.135122907 25.85561102 0.0
-21.24141036 -2.119196613 0.0
1.31551026 25.45220547 0.0
1.389493479 25.8520556 0.0
1.462777796 25.85548654 0.0
-26.05128231 -0.2983775999 0.0
0.009372765701 24.53661197 0.0
-23.52000904 2.513696396 0.0
-26.30413085 -0.5121174808 0.0
-20.34521899 -4.309309251 0.0
2.454426248 -23.75943201 0.0
2.686210429 -21.31284475 0.0
0.2271263875 -26.51675746 0.0
3.688698478 -13.80138672 0.0
-0.5642087026 -24.5008192 0.0
-3.291546356 -22.13160903 0.0
0.6999703308 -26.4690992 0.0
0.04320640585 -26.0948419 0.0
1.069525982 -21.00155705 0.0
-2.000462434 -21.17328177 0.0
4.507594956 -21.44121676 0.0
0.583299002 -26.43063706 0.0
-26.58730389 -1.285425743 0.0
-26.17495938 -0.09446984189 0.0
-23.18963903 3.273250434 0.0
-12.83965556 6.139522201 0.0
-6.672085584 -4.053942464 0.0
-26.40667965 0.0002016421234 0.0
-26.41626205 -0.2023110705 0.0
-22.28846399 -3.407982858 0.0
-9.887598014 -5.209369049 0.0
-21.72794277 4.033331632 0.0
-25.34605895 -0.761403344 0.0
-26.48579666 0.5441127192 0.0
0.6814599459 26.40924624 0.0
0.1970153514 26.53402045 0.0
4.102653306 18.90352424 0.0
-3.46901576 12.20500041 0.0
1.698835055 26.1496602 0.0
1.200336144 22.91417707 0.0
2.697119116 17.22841291 0.0
0.3241542974 26.15879366 0.0
3.274029553 12.83987682 0.0
-26.44551579 -1.251260472 0.0
-26.49247295 -1.205394827 0.0
-25.77153607 -1.061521193 0.0
-25.69207211 -1.484170465 0.0
-26.49169738 -1.138778928 0.0
-26.44201795 -0.9339083137 0.0
-26.63192646 -0.03581122902 0.0
-22.10827757 -0.643035805 0.0
-25.48447126 -0.08651586333 0.0
-25.55535193 -1.147724664 0.0
-25.20223764 0.4620125555 0.0
-26.21860518 0.07678718602 0.0
-26.44170255 0.2092768649 0.0
-26.33184583 -0.2963986279 0.0
-26.39827242 -1.523126102 0.0
-22.37382288 -3.600605329 0.0
-26.29912946 0.04954527407 0.0
1.080638966 22.42203604 0.0
-26.25281549 -0.927802045 0.0
-26.26138475 0.4303845866 0.0
-26.19591041 0.8807002124 0.0
-26.46046975 0.2096254482 0.0
-24.39096324 0.4599539928 0.0
-7.56789006 3.243777601 0.0
-6.960933141 9.902863436 0.0
1.380448985 25.8430416 0.0
1.258036682 23.39065049 0.0
0.1910803607 24.92285339 0.0
-23.83479798 -2.359054418 0.0
-26.11527815 -0.5113338714 0.0
-24.42019104 3.166586399 0.0
-3.037486368 20.89336747 0.0
-24.21892503 -0.5995237204 0.0
-3.892402596 19.48200335 0.0
-1.066090065 23.09870597 0.0
-26.31831548 0.1497950606 0.0
-25.93092893 1.819283525 0.0
-25.82175104 2.203910826 0.0
-9.045206098 -4.711764933 0.0
-7.222785896 -11.75128212 0.0
1.056195297 23.63093567 0.0
4.966230486 19.47268003 0.0
1.397585933 21.1281986 0.0
1.26920803 15.54945084 0.0
1.127916189 22.79836738 0.0
-21.93176395 2.160117655 0.0
-22.13602197 -4.595064999 0.0
-26.39804219 0.1407475184 0.0
-23.93469104 2.618698777 0.0
0.4216266039 20.45784148 0.0
1.600527145 25.8856469 0.0
-1.274080472 -23.53262595 0.0
-3.956475218 -20.22739766 0.0
0.2728544722 26.43522084 0.0
-13.35682519 -4.088015537 0.0
-21.19172625 -4.687847012 0.0
4.627258481 14.22280639 0.0
1.392130284 21.20547527 0.0
-0.1518983995 26.07186633 0.0
4.930067074 19.40162324 0.0
0.6774850484 20.81822666 0.0
3.22852879 13.14834736 0.0
-15.94013433 6.574179678 0.0
-12.75621184 -7.372631478 0.0
-18.5587389 -8.222589613 0.0
-0.9785108494 -23.84264252 0.0
1.831490376 -26.05007835 0.0
1.272265969 26.07645194 0.0
0.7233446225 21.66998716 0.0
-26.16091038 -0.6065817921 0.0
-26.17660454 -0.5713963897 0.0
-26.37414374 -0.6363396817 0.0
-26.17003664 -0.4183790913 0.0
-26.17860852 -0.1739635262 0.0
-26.07763971 1.369592905 0.0
-26.26931728 0.2680339839 0.0
0.7439539797 -26.14453312 0.0
-19.16202565 5.927132175 0.0
-15.64136792 -17.66217167 0.0
-22.54847861 -5.528274777 0.0
-21.33305709 -3.089748288 0.0
1.660867402 -25.45396189 0.0
4.696687843 -20.70226125 0.0
-23.65297415 -0.632816337 0.0
-10.06164273 3.765518204 0.0
-6.956057014 2.845028617 0.0
-3.373375154 4.145802428 0.0
-3.367242745 -4.564396189 0.0
-8.106183429 22.24008368 0.0
-16.35535746 0.08300061974 0.0
-13.33668363 3.964371489 0.0
1.973438917 -21.45946176 0.0
-26.20796295 -0.8597293922 0.0
-26.16284249 -0.7589086767 0.0
-26.87737902 -1.210726623 0.0
-21.74681058 3.869300772 0.0
-21.87456733 3.854224805 0.0
-26.30444943 0.3721136456 0.0
-26.29661309 0.332449653 0.0
-21.83944722 3.848096447 0.0
-21.8130557 -3.595885882 0.0
4.307914859 -14.41835075 0.0
-19.86916666 -0.2830743038 0.0
-15.64414487 -8.349726905 0.0
-26.74164644 -0.2572874107 0.0
-0.4422106434 24.42612509 0.0
-23.87070266 0.9940679855 0.0
-7.011581526 -23.35196325 0.0
-26.50358704 -0.1416808439 0.0
-26.35617918 -0.09403083698 0.0
1.352433702 25.57619631 0.0
-26.42747994 -0.6291189756 0.0
-0.4474580053 -25.37225054 0.0
-25.20636616 0.7091944482 0.0
1.164654255 25.84475006 0.0
-25.5011835 -0.5674911872 0.0
-26.46619889 0.6143520019 0.0
-25.05633029 0.6225460804 0.0
1.125624122 25.87017102 0.0
-20.40737741 -10.9675406 0.0
1.37594438 26.34730741 0.0
-24.29637002 -3.44560135 0.0
1.480485617 -25.5894056 0.0
-11.26800087 -19.58879507 0.0
-24.274551 -3.265519921 0.0
-26.16633024 -0.654944141 0.0
0.9192610325 -22.32113186 0.0
-26.47993073 -0.4360100473 0.0
-26.72372196 -0.1135656863 0.0
-0.6414154354 -21.05266697 0.0
-23.80942567 2.62998558 0.0
-3.509685255 5.38156277 0.0
26.78983776 11.20572605 0.0
-8.799062255 -3.014922749 0.0
-1.533585757 -1.221463601 0.0
-2.070045637 -2.013093913 0.0
25.87033028 7.77151238 0.0
-4.700903068 3.424309997 0.0
22.46889909 -1.314165763 0.0
-9.534531185 -1.520436899 0.0
-4.992906068 -0.2773737827 0.0
0.4284630635 2.792418399 0.0
-5.433760705 -1.005372573 0.0
21.96059086 1.079912248 0.0
0.3720477015 9.530566871 0.0
-3.022246495 1.87596437 0.0
2.585510223 11.46774029 0.0
-3.87801624 -0.06598361109 0.0
16.71877821 -3.759284777 0.0
-17.98821247 -9.023934461 0.0
-15.65329367 -9.56424671 0.0
-5.025544792 -0.9281029219 0.0
-3.209313472 0.1237158869 0.0
-2.148706015 -0.1336545116 0.0
-4.988799064 1.291221052 0.0
23.9957131 1.117586378 0.0
-0.09498795272 4.919485395 0.0
-1.375416141 -8.051529184 0.0
1.088531385 1.272860775 0.0
-4.940247313 0.9459527627 0.0
-1.770943635 3.932696336 0.0
-5.990209406 -2.284608344 0.0
-4.840555565 -1.418946572 0.0
-3.048765265 0.4998019923 0.0
-5.565004347 1.732668933 0.0
2.277521941 3.411911039 0.0
-4.451619698 1.578437884 0.0
-5.626583528 1.685718016 0.0
-0.09444170448 4.264066253 0.0
0.8960142004 2.216041125 0.0
15.57766012 -2.565048762 0.0
-2.693965859 0.4943858542 0.0
-2.380281056 0.4970774192 0.0
-3.647794815 1.029316216 0.0
-1.984323683 0.3820591037 0.0
-4.587952971 0.07862664851 0.0
3.09233867 2.995821562 0.0
-2.927288436 1.748663518 0.0
-1.837018939 0.08803398032 0.0
5.030824464 -2.966434315 0.0
-1.62774749 -1.17907977 0.0
-3.029439478 -2.301302855 0.0
23.63744121 11.01566892 0.0
-2.71370648 0.4295468204 0.0
-2.566936987 -2.73128087 0.0
-2.868473438 -0.5121019288 0.0
-4.740482419 1.473527624 0.0
-7.295958429 2.319298144 0.0
-0.239856055 -3.020299088 0.0
0.1740940228 -1.5277706 0.0
-0.277676985 0.8818087594 0.0
-3.953582787 -1.164197928 0.0
-5.671211872 1.555835475 0.0
-9.4494392 2.21849183 0.0
-6.472310922 2.843471209 0.0
16.42735821 7.341541127 0.0
-2.247732848 -0.8829121956 0.0
0.7063403622 -8.011328273 0.0
1.48789203 0.835692648 0.0
4.976034103 2.247387027 0.0
1.937653194 3.140258757 0.0
0.6619170274 3.731505888 0.0
-2.203257045 -3.002057885 0.0
6.735071666 -2.970456858 0.0
-0.5177239976 -1.542482265 0.0
19.63745178 -5.401991896 0.0
23.49007125 -8.287689127 0.0
3.695204755 0.6432706313 0.0
-2.273061295 -1.326945135 0.0
-4.295324481 -0.1054065909 0.0
-5.316161728 3.348133095 0.0
0.9296221985 3.684877881 0.0
3.47544681 -0.02459551692 0.0
-1.468258941 -0.746007529 0.0
0.9422880934 0.4003952333 0.0
-10.20395015 -5.903357483 0.0
-7.927025475 2.518374345 0.0
-6.869672415 2.949586839 0.0
-6.505219224 0.8107390014 0.0
17.17777163 8.667241152 0.0
1.541621511 -1.733675822 0.0
-0.5165700776 0.285116779 0.0
-2.213214429 -7.268376116 0.0
0.3598502318 1.762747805 0.0
-7.757005081 1.163816828 0.0
-4.021584711 -0.4270111041 0.0
-9.16047228 -6.163754121 0.0
-9.05537943 0.3742353411 0.0
-6.930125123 3.211042359 0.0
5.656111402 -1.265724853 0.0
26.91434441 10.2917122 0.0
1.345187206 2.334705173 0.0
-0.5955070794 -1.185813068 0.0
1.344849332 0.2334279653 0.0
-1.945844324 0.9392146225 0.0
1.312302976 0.2328523066 0.0
0.4616855046 -0.2607712598 0.0
-6.328412967 -11.65090915 0.0
22.80633575 -7.71129102 0.0
1.192357517 0.1979771937 0.0
1.228242907 0.2221347342 0.0
-5.25765202 -18.18741361 0.0
28.35311891 -11.68135248 0.0
11.56554175 0.5469722114 0.0
-1.672916913 -4.004189272 0.0
16.7401178 0.4293312886 0.0
-15.09600731 -21.75121715 0.0
0.6409308117 -5.597131893 0.0
2.279994699 1.062231017 0.0
13.16931923 -1.80398958 0.0
11.9312336 4.39513988 0.0
-3.745612883 8.641027847 0.0
-2.906232977 -0.4827735389 0.0
0.6514880035 2.317107203 0.0
-0.4905358387 -5.850618014 0.0
-0.9286353353 -1.595237215 0.0
-14.99664133 -17.42432512 0.0
26.54371822 -3.926401418 0.0
-8.530185233 9.1761489 0.0
17.86114328 -5.135398278 0.0
-10.19783589 -15.74780349 0.0
3.787432813 -7.063771271 0.0
-2.454393984 1.05338642 0.0
-1.729859354 1.525335706 0.0
3.741724782 0.083319552 0.0
2.826032406 0.8551710019 0.0
2.257726604 0.6922297138 0.0
-11.81918989 -23.32237747 0.0
27.2327887 4.98932118 0.0
23.27468369 4.53450958 0.0
14.63882933 0.1860758483 0.0
12.1934522 -1.886439382 0.0
19.21906186 -9.642469246 0.0
9.709762044 -9.384878662 0.0
-9.078181978 11.32019568 0.0
-2.870841648 6.538101958 0.0
-1.489496076 -2.197540156 0.0
-14.15544348 -18.77987295 0.0
-2.588049174 2.167681064 0.0
-3.444929614 1.653713417 0.0
15.83153274 -3.154819545 0.0
8.791019317 3.863600954 0.0
17.14112985 -0.7652963026 0.0
14.75721081 -0.867696641 0.0
3.332237952 1.9616108 0.0
2.427949866 -4.448664855 0.0
1.720995611 -0.4804554004 0.0
1.055100897 -0.0895314085 0.0
1.099773023 0.04181471782 0.0
1.229119284 0.1195270456 0.0
1.246467139 0.2413537484 0.0
1.665520622 -0.07578749596 0.0
1.619976124 0.2003213377 0.0
1.300882903 0.1683950381 0.0
-1.364467525 7.42703091 0.0
1.837658046 1.329235796 0.0
-1.395202114 7.277707769 0.0
-3.28253501 1.656678908 0.0
-1.569733895 -2.291236138 0.0
-0.8392027659 -2.879150234 0.0
4.839473874 -11.04765415 0.0
-2.581437057 -0.5205819372 0.0
1.782489679 -0.04722372175 0.0
1.09934012 0.04264704688 0.0
9.95992399 -1.280668471 0.0
1.709539689 -0.8570711456 0.0
1.65648626 -0.7951895948 0.0
1.589132043 -0.4499887495 0.0
1.388621499 0.07103233288 0.0
1.217109249 0.1272436779 0.0
1.316766624 0.1087640148 0.0
9.008016721 -1.754248862 0.0
0.5929150038 -0.4711777381 0.0
1.225740087 0.6509803174 0.0
1.221977807 0.7371450173 0.0
1.481483238 -0.1676615414 0.0
1.290069006 0.2173840262 0.0
16.304048 -14.77349313 0.0
21.71676102 11.28577391 0.0
1.217226841 -5.375758358 0.0
1.813668734 1.419573055 0.0
26.56086108 12.23496867 0.0
-1.339376909 -1.213248041 0.0
6.313069532 -3.616690605 0.0
8.115832637 4.887822932 0.0
-10.53404393 -3.135072064 0.0
-12.19275877 -6.073803721 0.0
-18.45505831 -6.164292608 0.0
-6.784080839 -2.078168585 0.0
-3.514367815 -0.397897789 0.0
-3.242252032 -0.2077924846 0.0
-3.005860454 -0.8839452296 0.0
-2.112288938 -0.9950642822 0.0
5.709635573 -0.9119065354 0.0
21.50547404 -4.256961905 0.0
1.174452651 6.172986829 0.0
-0.4665838531 3.942583716 0.0
-1.414107291 3.267177895 0.0
-3.306084193 2.335956695 0.0
-2.258653916 -1.806865152 0.0
-2.670712957 -1.467786219 0.0
-3.256538097 -0.9711527033 0.0
-4.212750923 0.6104588564 0.0
-4.106881693 0.1627359893 0.0
-3.999716919 -0.3074848027 0.0
-3.665780045 -0.6758890054 0.0
-1.770964926 2.050856972 0.0
-5.763259003 2.003202953 0.0
-5.628788302 3.787137668 0.0
13.43037057 -2.429629571 0.0
15.71134007 -3.831741822 0.0
23.36831274 -3.985831261 0.0
26.69270999 11.53566743 0.0
28.5276716 10.24889242 0.0
-7.267621448 -0.4150778858 0.0
-13.52003337 -4.000427084 0.0
-10.0910807 -3.538130277 0.0
-6.766545529 -1.846591857 0.0
1.126809823 5.584612729 0.0
-2.440789352 2.676185474 0.0
-4.420474343 0.8366166083 0.0
0.9050265216 7.582882361 0.0
1.591872002 0.7199704769 0.0
-1.335434667 -0.1776261854 0.0
-4.178750475 0.8067868223 0.0
-4.382635987 1.951452281 0.0
-4.200782553 2.971533524 0.0
-3.550725958 4.286445619 0.0
-3.385143701 2.707367857 0.0
-4.432360659 1.283171828 0.0
-2.639951467 -0.651681748 0.0
-2.973976013 -0.09301638635 0.0
-2.562748823 -0.2258409734 0.0
-1.414118442 3.037663296 0.0
-1.527774326 2.456601863 0.0
-8.760283387 -2.702433752 0.0
-5.256624754 -1.074584899 0.0
-4.895635962 0.8172955574 0.0
-4.717029371 1.556498854 0.0
-3.559795832 2.053087678 0.0
0.01470491705 3.862045727 0.0
-4.289193991 1.955070869 0.0
1.702188895 7.127490059 0.0
2.708953405 9.821192156 0.0
-1.501681614 -0.2933900821 0.0
-0.901049969 -1.068150336 0.0
-1.736597608 -1.71196269 0.0
24.48560066 5.333993457 0.0
1.668272054 1.29925167 0.0
4.115671438 1.178136751 0.0
-4.574211743 4.476956383 0.0
-2.709872339 5.214886908 0.0
-0.8202621537 4.997248776 0.0
-6.953509664 2.322698866 0.0
1.519210668 3.377067215 0.0
2.169190244 4.722165212 0.0
3.284936082 7.7583269 0.0
-2.35998087 2.079305119 0.0
1.393657269 1.613157316 0.0
1.630377235 6.211199522 0.0
1.790029464 0.6910794206 0.0
1.368473348 0.778263234 0.0
-2.405167522 -1.639445219 0.0
-2.454336132 -1.463019948 0.0
-2.790551502 -1.595268227 0.0
-3.269778489 -1.434849379 0.0
-3.530956574 -1.245423892 0.0
-3.793648216 0.2647422224 0.0
-3.614368233 0.5202324783 0.0
-3.996417546 1.04859932 0.0
-4.364370047 0.2617052538 0.0
-5.182837069 2.649096633 0.0
-6.284738327 1.324598217 0.0
-3.93194263 -0.5690382263 0.0
23.70163579 -3.960109535 0.0
25.09150135 5.920266094 0.0
-5.698295186 -1.601298283 0.0
-6.974184337 -2.145456136 0.0
-5.971801233 -1.420238155 0.0
-3.260145567 0.7355601356 0.0
-15.25078999 -3.696412584 0.0
-9.148353375 -2.531315446 0.0
-7.781233126 -2.574293081 0.0
22.76983651 4.252567267 0.0
-5.290850391 -4.895649905 0.0
-8.83259552 -9.335224404 0.0
-7.925180027 -4.643234664 0.0
-5.547555621 -2.64311629 0.0
-4.816179734 -3.505448272 0.0
-5.055914061 -1.6489139 0.0
-8.091587675 -2.309423062 0.0
-4.990845381 -0.3545628552 0.0
-5.038229699 0.2547973019 0.0
-5.039916975 0.8393073512 0.0
-4.583205794 1.842493529 0.0
-4.02152295 1.6218453 0.0
-4.62149002 1.288896157 0.0
-3.590599101 1.319899647 0.0
-3.28758601 0.5931447807 0.0
-2.80757539 0.1810889013 0.0
-2.034585427 -2.403343144 0.0
-1.24950185 0.3615667177 0.0
-2.109834267 0.6065927618 0.0
-4.905569368 1.543292414 0.0
-4.405059954 1.622331226 0.0
2.22103288 12.21493933 0.0
-3.031232275 1.884592077 0.0
-0.3933676928 3.741055387 0.0
-3.642624081 1.555491278 0.0
23.60239834 4.735209726 0.0
21.27418651 -1.587938101 0.0
11.36929651 -0.8850269149 0.0
1.485589337 0.6722359318 0.0
-2.670591871 3.542758228 0.0
-1.351446311 4.702301957 0.0
-1.420304441 3.997418816 0.0
3.304882541 3.298611678 0.0
1.371328405 4.303136901 0.0
-2.604753056 -2.133406441 0.0
-2.176804363 -2.103195216 0.0
1.194027062 0.4360553118 0.0
1.235250585 0.5689962281 0.0
1.264602062 1.048522406 0.0
3.720843292 9.584517547 0.0
5.295228793 8.950571295 0.0
5.267814592 6.275950324 0.0
-2.969761167 -2.149505388 0.0
-3.663878562 -0.9389101436 0.0
-3.235176694 -1.884830777 0.0
-3.80639191 -0.3880147803 0.0
-8.040217986 1.478085349 0.0
-6.920164832 -0.2510886894 0.0
23.68539966 -3.386798553 0.0
28.45525726 7.948472769 0.0
25.66325676 6.140006012 0.0
23.93936011 4.778781689 0.0
23.1033692 4.197377448 0.0
-6.381683419 -3.355234722 0.0
-4.234560278 -1.064371408 0.0
-1.033078342 -1.299669768 0.0
-4.951278512 -0.07995316111 0.0
1.298439464 1.270496978 0.0
4.336567575 3.943049072 0.0
-1.289173996 1.042227998 0.0
20.82454852 0.9198070296 0.0
10.09521952 -7.322453238 0.0
-1.988326594 -10.20540195 0.0
1.234507398 0.5447811348 0.0
2.130787815 5.147522625 0.0
1.694682453 12.30740751 0.0
3.388640004 10.82124771 0.0
-3.486295704 -1.374444449 0.0
12.07425633 -1.003274804 0.0
13.25040393 -4.204975352 0.0
3.51901258 -8.062938291 0.0
8.243582458 3.335318502 0.0
20.55004333 2.261445507 0.0
-2.971594621 0.1904498083 0.0
-2.771406723 0.6324535029 0.0
-4.78372828 -1.73225333 0.0
-4.985285952 -0.8124470199 0.0
-4.942300731 -0.1458151968 0.0
-4.903095727 0.5319238358 0.0
3.327059467 2.203332083 0.0
-4.977927529 1.141583668 0.0
-5.22879713 1.565237191 0.0
-2.891427558 0.4884815428 0.0
-3.247315486 -2.038426135 0.0
-6.303611466 -5.744787748 0.0
20.10062371 0.8448820071 0.0
-3.150920416 1.531710475 0.0
-4.194184365 1.346157393 0.0
-2.315564222 1.076851117 0.0
-2.675361931 0.3568176718 0.0
2.412494976 3.966814776 0.0
-0.04950851062 -0.5602045582 0.0
0.3735300702 -0.003791386366 0.0
0.4330690098 0.2652762065 0.0
0.7764690883 0.4014519453 0.0
1.007802492 0.4160104251 0.0
1.143939196 0.3690981189 0.0
1.248609086 0.4562852572 0.0
6.290059986 7.924789377 0.0
1.821047569 3.251788261 0.0
1.23393005 0.4651430127 0.0
1.345777015 0.6546141091 0.0
1.881727296 -1.750194232 0.0
-1.992399491 -3.113206825 0.0
-7.290689499 -3.372584067 0.0
12.67679773 -0.3020651778 0.0
23.71143287 2.024801388 0.0
22.76560804 -1.622345855 0.0
-8.123555754 0.2641902692 0.0
-7.684973732 0.9458570889 0.0
-6.786098536 0.6944278431 0.0
-5.74303749 0.1338197915 0.0
-5.115615694 0.2731845425 0.0
-4.401985794 -0.7816449239 0.0
-3.37511152 -1.762062268 0.0
-2.80432484 -2.513432251 0.0
-2.273872838 -2.921729876 0.0
-1.789181454 -3.04424579 0.0
-1.221707391 -5.583166475 0.0
-0.8529178759 -8.602555599 0.0
-1.07271649 -7.342626049 0.0
-2.714313841 1.24658953 0.0
4.528411722 0.09057319177 0.0
7.472746818 6.733041379 0.0
7.440600519 4.328605216 0.0
6.468276906 1.946312938 0.0
-2.825057023 -8.104002121 0.0
18.98293955 10.47493768 0.0
-3.498892997 -2.868727533 0.0
-2.625990053 -4.57879291 0.0
-2.551644883 2.262381976 0.0
-1.891249642 2.826316469 0.0
-1.160365437 3.321112864 0.0
-3.036835338 1.046137313 0.0
-3.951579226 1.337396253 0.0
-4.974337555 1.498559351 0.0
-1.291771088 2.712429871 0.0
-3.912938088 1.846474486 0.0
1.276198544 3.260025468 0.0
20.32700562 -1.990750654 0.0
19.20237985 0.7393461425 0.0
1.222313045 0.5042753327 0.0
8.801699962 3.547053063 0.0
-2.083145466 1.057716926 0.0
-1.861914129 1.701133807 0.0
-2.247174146 -2.13084861 0.0
-4.100625734 -3.968936745 0.0
-5.161110735 -2.100769279 0.0
-1.546715347 -1.603815891 0.0
-4.245310294 -1.774139763 0.0
25.73676325 -4.360362921 0.0
25.88836534 5.048779682 0.0
24.82848085 -6.057117425 0.0
-4.788501003 -1.076096567 0.0
-4.687673032 -0.3905836304 0.0
-4.772717489 0.5522947525 0.0
-2.38154031 0.4163678269 0.0
-2.516525772 0.4111242609 0.0
-9.372571004 -8.037407529 0.0
-7.803517457 -7.068002514 0.0
-3.060148708 0.5817444039 0.0
-2.881348124 0.8551472048 0.0
-2.760132255 0.6587815921 0.0
-4.409060273 1.947228266 0.0
-2.626649523 2.602444556 0.0
-5.416500485 2.014809541 0.0
-5.004079581 1.185946283 0.0
-5.558827585 1.639580858 0.0
-6.195141869 1.809197407 0.0
-6.312227871 1.698167954 0.0
-5.734385612 1.39319658 0.0
-1.635774941 -4.069817998 0.0
10.44455434 6.381452694 0.0
7.095931149 1.243291113 0.0
0.7239197754 0.04553147126 0.0
0.810897123 0.1503897222 0.0
0.9786709054 4.328312888 0.0
0.5395092986 0.004832625837 0.0
-0.1223139451 -2.049422978 0.0
0.5395683666 -0.3808622671 0.0
0.9742188051 0.3308691901 0.0
1.119586278 0.3880821582 0.0
1.218361603 0.4462560906 0.0
5.495784668 5.884974396 0.0
3.822693926 7.218288238 0.0
1.226614623 0.6865172689 0.0
1.20624804 0.505293791 0.0
-2.145581749 -3.104959243 0.0
-4.039141594 -0.6079875809 0.0
-2.579752215 0.832770554 0.0
-6.542895837 0.4794235581 0.0
-7.834895323 0.4926092689 0.0
24.56225456 -1.130650048 0.0
20.73985967 0.8069905988 0.0
23.77327533 -4.093859923 0.0
6.577065446 -1.994830503 0.0
-0.9615621385 -4.387773215 0.0
-5.015044967 -2.341188903 0.0
7.82794119 5.440344526 0.0
8.740184903 0.9526195877 0.0
-1.289681684 2.212501358 0.0
-0.2118956324 3.637211382 0.0
0.752248512 3.416825529 0.0
0.8318830042 2.944332455 0.0
-0.5837793094 2.744074108 0.0
-0.9293714873 -4.218122325 0.0
0.3308770954 0.2152491171 0.0
1.249850173 0.4501715438 0.0
0.9503030485 0.3567069316 0.0
0.1121040223 -6.31081351 0.0
7.617700128 -1.699064232 0.0
-1.101976339 -3.794394789 0.0
0.07694759616 2.137313928 0.0
-1.352762033 1.003653118 0.0
-1.988164321 0.5070091618 0.0
-2.272515775 -1.22555954 0.0
0.03228570955 3.243491064 0.0
0.5573207563 2.88589196 0.0
1.761411546 4.111380065 0.0
4.94325177 2.267345451 0.0
17.68949867 7.149003521 0.0
26.18931633 11.18217827 0.0
26.1659691 8.806544915 0.0
17.98138488 0.3896995418 0.0
27.50422459 -7.22942785 0.0
23.60918348 1.871360857 0.0
-4.62676366 -2.180532989 0.0
-4.202871787 -0.7777068306 0.0
-4.343275484 -0.2711600098 0.0
-4.416607213 0.1141312369 0.0
-4.476982999 0.6890808086 0.0
-4.854045533 1.344057899 0.0
-5.642997187 1.800500975 0.0
-4.886438351 1.346873723 0.0
-5.930721696 2.400494255 0.0
-6.219183995 2.962505391 0.0
-6.272484623 3.078231619 0.0
-2.239219733 0.2823646715 0.0
-2.845881525 0.555969055 0.0
-2.474589303 0.2371650829 0.0
-2.916673583 0.6635885855 0.0
-2.823799372 0.6693154937 0.0
-2.229112009 -0.6659733759 0.0
-4.179106462 -2.16812564 0.0
-2.419136924 0.244399274 0.0
-5.954528415 2.040141623 0.0
-7.49925478 2.032845252 0.0
0.9200483287 0.2085127418 0.0
3.181294057 4.463774254 0.0
1.205276335 0.1214799964 0.0
1.107302415 0.1621834253 0.0
1.021714446 0.2134797061 0.0
1.483092538 1.516509255 0.0
1.071857348 0.509089818 0.0
1.173978832 0.580843699 0.0
1.37353876 0.6693524852 0.0
1.084495087 -0.1127200419 0.0
0.737051409 -0.890549799 0.0
-0.6437110153 -6.945839682 0.0
-0.3833292599 -8.24686147 0.0
0.02295116645 -7.832822995 0.0
-0.0749383039 -4.839020343 0.0
-0.7258508816 -8.526229423 0.0
-1.1724295 -3.939848793 0.0
-1.172772475 -3.493371604 0.0
-2.977712571 -2.139606968 0.0
-4.290708484 -1.019347414 0.0
-5.643679462 -0.07960788095 0.0
-4.769877418 -0.1496931747 0.0
-7.277317763 0.5913522519 0.0
-5.754503961 0.5101264126 0.0
-7.07897325 0.5501367867 0.0
2.466510732 0.5863237 0.0
17.41933446 1.532432131 0.0
-3.319513394 -2.166409241 0.0
27.04295154 -8.514793865 0.0
4.540542587 -1.214668304 0.0
1.801260702 -4.987038463 0.0
2.253914352 -3.940965993 0.0
7.934605268 -2.878218096 0.0
6.554665874 3.762523741 0.0
8.054072711 2.239166148 0.0
8.556564878 -0.1298658201 0.0
-2.271612687 -2.96817442 0.0
-3.128103419 -0.8645257586 0.0
0.1618201072 1.60530596 0.0
0.3296541763 3.485936036 0.0
0.114860946 3.451900848 0.0
-3.556764633 1.916778509 0.0
-1.702986208 -3.532717841 0.0
-5.791065515 2.447031416 0.0
-4.969895547 1.613104847 0.0
-5.877163963 3.309925409 0.0
-1.091082175 -1.307542696 0.0
0.002249827864 -1.426550685 0.0
-3.574032838 -0.5148765896 0.0
7.785424309 3.162431709 0.0
22.91779518 8.926145738 0.0
26.560155 11.41305098 0.0
-4.113928564 -0.1932802825 0.0
-3.8618749 -0.2729800566 0.0
-10.37075504 -9.423458081 0.0
-7.9295868 -6.474814479 0.0
-2.869175009 -0.9473599771 0.0
-4.346734768 -2.375606699 0.0
-8.790846038 1.34348906 0.0
-7.899784837 1.094536067 0.0
-7.032173271 1.000037103 0.0
-6.447571259 1.201555603 0.0
-5.989949179 1.426029606 0.0
-2.759437974 0.388396502 0.0
-3.523180201 -0.335271947 0.0
-2.780676795 0.5050819416 0.0
-2.653445778 0.4122379336 0.0
-7.499162632 1.672872327 0.0
-2.744064968 -0.460777624 0.0
12.59945013 -1.232390622 0.0
19.84975543 -7.518231536 0.0
27.13747489 -8.683345348 0.0
27.84027905 -8.945590145 0.0
-2.60649591 -0.528716457 0.0
0.2020674445 3.917721188 0.0
0.7829432519 3.049798609 0.0
-1.245019964 0.2412893805 0.0
-0.7314982915 0.05617923178 0.0
20.68243453 -6.302323102 0.0
7.367515736 -1.377832548 0.0
0.6814669078 3.350663165 0.0
0.05233847244 -3.587789834 0.0
-0.3962500651 -4.735355419 0.0
0.2939444932 -4.461094367 0.0
0.6174912054 -6.205250723 0.0
0.209843094 -7.63021433 0.0
0.3344146987 -3.474109295 0.0
1.478878656 0.1853410714 0.0
1.527006376 0.2034803536 0.0
1.278372813 0.2247452101 0.0
1.178641017 0.2363296611 0.0
1.194873903 0.2868949967 0.0
1.175597312 0.3549978441 0.0
1.17704966 0.4483459819 0.0
1.182515869 0.5363223362 0.0
1.245953891 0.6968752697 0.0
1.314799587 0.9807527091 0.0
1.40056367 0.8006186806 0.0
4.277854555 3.551768209 0.0
1.832136847 1.091738694 0.0
2.985285318 1.62119379 0.0
-3.427259391 -1.217204481 0.0
-1.890149818 -0.8773104017 0.0
-4.439693187 0.9815416478 0.0
-2.070145244 0.265290782 0.0
-8.197629797 1.24431467 0.0
-6.133646367 0.6820402062 0.0
13.84023398 0.9045366288 0.0
-0.9941374025 -3.61023723 0.0
19.20495292 -0.2651869749 0.0
3.966569725 -0.9148036847 0.0
5.43255563 -4.736223454 0.0
3.191858911 -4.237279013 0.0
0.5402196391 -2.193867541 0.0
6.740782174 -2.653473993 0.0
5.532542307 1.272354624 0.0
6.644958989 -0.5806812408 0.0
-1.681917247 -0.8550760511 0.0
-6.599285576 0.4068417384 0.0
0.9861351702 -3.543378431 0.0
-9.21731637 1.781054213 0.0
-8.458633112 2.704898289 0.0
-7.179492954 2.894970371 0.0
-5.048884471 1.620714828 0.0
-4.226276776 0.3935641213 0.0
-2.256246758 -0.07957006402 0.0
-1.121010021 -2.69016673 0.0
-3.081063621 -1.560981547 0.0
7.399106143 -1.701281052 0.0
-0.7875852227 -1.957075417 0.0
5.466824963 -4.002591233 0.0
0.9134345039 -2.024266274 0.0
-1.717559888 -0.7963102288 0.0
-2.026276926 -0.6369701172 0.0
0.7556990507 3.855762207 0.0
15.9278796 5.624236481 0.0
-0.299423014 -1.113500693 0.0
15.92805377 -1.074814461 0.0
28.18523394 -9.136385136 0.0
1.205958538 0.120245486 0.0
26.33602654 10.38695147 0.0
26.70993399 11.36291859 0.0
24.50683062 11.22465078 0.0
11.98873871 6.978852294 0.0
5.101131436 -3.608141392 0.0
16.56830537 -6.555250489 0.0
-1.939901827 -0.08799085889 0.0
-6.997093134 -0.9896503656 0.0
-6.975458466 0.1424726546 0.0
-3.297589536 0.191958735 0.0
-5.274281795 0.7234118608 0.0
-3.405280487 0.05119330324 0.0
-3.100780738 -0.3269644331 0.0
-3.598786421 -0.3742165552 0.0
-3.930407927 -0.5534924624 0.0
-5.034720416 0.8283949404 0.0
-4.270541694 -0.2821136962 0.0
-6.294419742 2.640594641 0.0
-5.337826482 3.025778299 0.0
-6.013100716 2.788486097 0.0
-3.765974926 3.319902199 0.0
-6.210334313 1.93245446 0.0
-8.779861891 0.6553521302 0.0
-6.820753139 1.434382772 0.0
-9.707028698 0.9323954196 0.0
-10.21467594 2.011792438 0.0
-7.587348611 3.690398245 0.0
4.85095061 -2.01311792 0.0
4.688192274 -2.938232632 0.0
3.815832665 -3.145409304 0.0
-4.51864589 -1.648201612 0.0
2.578147627 -2.850696552 0.0
4.223572576 -0.5775825642 0.0
14.02791325 -0.8270237756 0.0
10.81798826 0.1307967105 0.0
-4.32325101 -0.915564669 0.0
-4.665889406 1.189267501 0.0
-4.140768127 1.400514732 0.0
-4.306852315 -1.538603237 0.0
-2.599460959 1.752447768 0.0
-1.055238097 0.9150422367 0.0
1.29315503 2.541245687 0.0
0.4835834713 0.9704169791 0.0
2.190244227 2.386949143 0.0
1.543374336 0.7858927194 0.0
1.371049809 0.7583369248 0.0
0.1314571901 -0.680950467 0.0
1.369441405 -3.391132953 0.0
1.753913834 -4.912604431 0.0
1.726724148 -6.802982911 0.0
0.7691841217 -6.622602313 0.0
0.9077887065 -2.011638649 0.0
1.538608421 0.1248430151 0.0
1.356667876 0.1976452506 0.0
1.159561566 0.2664981836 0.0
1.442141284 0.306462272 0.0
1.413134208 0.2186062346 0.0
-0.7416665964 1.526577419 0.0
-0.9793897492 -1.156406589 0.0
-6.598720987 0.9657021205 0.0
-0.2570259885 -2.775668353 0.0
27.30535078 -9.492004424 0.0
-3.547518393 3.193569381 0.0
27.89661943 -9.008989414 0.0
25.24780932 -8.525760404 0.0
1.199901344 -0.2931838179 0.0
0.007014009668 3.934478626 0.0
10.39072371 0.4125251803 0.0
22.30355296 6.242921842 0.0
22.98825885 -7.745679991 0.0
-1.116416712 -0.8639649013 0.0
-1.749767012 -0.3412110719 0.0
12.1479681 3.394020149 0.0
-0.3995237704 1.614091815 0.0
-1.152378329 -1.586650061 0.0
-4.66834201 -6.592182807 0.0
-4.044911799 -2.711051218 0.0
-2.666121358 -1.600717979 0.0
23.47199957 9.056323857 0.0
28.01857927 10.92736852 0.0
24.54208399 10.21736385 0.0
27.91687239 -9.262167234 0.0
12.56674899 6.573224528 0.0
-2.426653215 -0.1141594872 0.0
-3.143961226 0.02421139948 0.0
-4.464697516 0.2951224362 0.0
-6.656623327 0.7125124719 0.0
-6.164370293 -2.027525665 0.0
-8.632482206 1.199810002 0.0
-9.560390152 2.741566443 0.0
-7.793351209 0.5402633285 0.0
-8.58663089 3.53196213 0.0
-6.748025601 0.6087942181 0.0
-5.671592447 1.351329685 0.0
-4.658876054 2.42283784 0.0
-2.907254532 2.268568214 0.0
1.43469238 0.4304323098 0.0
-1.012346937 -2.749304609 0.0
-9.968549288 -0.2882428096 0.0
-4.355750359 -2.305177842 0.0
3.028663605 -3.140512387 0.0
-2.111165642 -2.462615123 0.0
-0.8927222839 -4.032006785 0.0
-3.232284982 0.1110136043 0.0
-0.8104098828 -2.321589641 0.0
-0.5165821523 2.771943407 0.0
0.1584697101 3.180126046 0.0
-3.046463479 1.762853873 0.0
8.672020341 -0.3426106216 0.0
4.484365145 -0.2817603211 0.0
3.44970845 -2.190692429 0.0
3.182798776 -1.558191255 0.0
4.398634122 -0.7122917014 0.0
2.181566865 0.3937883479 0.0
2.33135901 0.1505080134 0.0
1.677174301 0.5599990888 0.0
1.389371895 0.4713182102 0.0
1.435442192 0.6152967435 0.0
1.248375888 0.3299505472 0.0
1.326432246 0.4019012335 0.0
1.153720881 0.2320098193 0.0
1.139348968 0.2353279976 0.0
2.610907174 -6.203973034 0.0
1.208024799 -4.904835496 0.0
0.8298398511 -0.8691916734 0.0
1.301492198 0.2534936422 0.0
1.188049099 0.3779701188 0.0
1.159091265 0.2626285976 0.0
0.9847502018 0.3029142919 0.0
-1.129087519 -0.3630369919 0.0
0.4843365572 -0.6171811424 0.0
-0.384692753 -0.8852749895 0.0
0.4522638235 -1.344161414 0.0
-10.16384181 1.405109772 0.0
1.519302782 0.4713174428 0.0
1.199653075 -2.779775556 0.0
1.176024472 0.2253453632 0.0
1.129248768 0.252749246 0.0
1.161005247 0.2425252174 0.0
1.269453797 0.2354979843 0.0
1.912517024 0.3590629267 0.0
3.153963123 -5.022677928 0.0
-7.280983281 2.99498271 0.0
-7.270605618 1.877345336 0.0
-7.19200449 2.357159575 0.0
-1.329068235 -0.8750878137 0.0
-2.232905795 0.6480464377 0.0
-5.386171732 -3.673212945 0.0
-7.284161542 -4.753447371 0.0
-10.60801796 -4.456359289 0.0
-10.76603504 -2.117293502 0.0
-7.438321261 -1.298042373 0.0
-6.185874604 0.6944408494 0.0
-7.512355579 2.513349498 0.0
29.25838086 -9.729059654 0.0
13.35845981 -2.702079147 0.0
12.47526717 -0.4306945511 0.0
26.77048468 11.1415787 0.0
-5.567629705 0.719037978 0.0
28.01983615 11.22724779 0.0
2.802571779 -1.414636634 0.0
4.581445393 -2.537525741 0.0
2.145108726 -0.7831456411 0.0
2.096969837 -1.04143505 0.0
2.386754528 -1.305781993 0.0
2.845700002 -1.233564342 0.0
3.356573835 -1.336460153 0.0
4.805055727 -0.1466400251 0.0
12.7061449 0.5681391144 0.0
7.11918313 -0.3505142957 0.0
-1.627917837 0.9747686288 0.0
-1.462759051 2.523160378 0.0
-0.4181737613 3.304114733 0.0
-2.394813429 2.395193303 0.0
1.347956295 3.747607973 0.0
3.023070184 3.134333672 0.0
4.357823372 1.554480887 0.0
-0.2986775239 2.909118528 0.0
-3.19233676 -0.1548545768 0.0
2.538216842 -0.356498411 0.0
2.090825478 0.2160946898 0.0
2.237526479 -0.02675345525 0.0
-0.912716544 -1.785670014 0.0
-1.155305803 -2.095682899 0.0
1.318498499 0.2381763079 0.0
1.338009353 0.2340070468 0.0
1.406284356 0.2958206537 0.0
1.460315519 0.3216300998 0.0
1.570434744 0.3633831497 0.0
1.14600662 0.253500498 0.0
0.801978434 0.0166788992 0.0
-0.5633218874 -0.3319139423 0.0
-1.309034986 -1.072319375 0.0
0.01319907259 -6.976253728 0.0
-12.13447894 -5.122965436 0.0
-10.78786568 -3.071043341 0.0
24.86595956 9.309509114 0.0
17.70164909 7.710570443 0.0
4.992634782 2.189036167 0.0
-9.488349336 1.897619927 0.0
-9.813697356 2.020112022 0.0
-9.099956644 2.279552879 0.0
-4.501470318 1.893729841 0.0
-5.15165646 2.224136904 0.0
-6.939706866 1.703577367 0.0
2.226334972 -0.3215080288 0.0
1.900138061 -0.6454016156 0.0
2.01477235 -0.1225231065 0.0
1.384054548 0.2578972889 0.0
1.955312199 0.5938375472 0.0
1.479506662 0.2408704475 0.0
0.9237805668 0.230191098 0.0
1.102528864 0.337965929 0.0
-0.5704602618 -1.448810397 0.0
-1.283360277 -2.413467466 0.0
-0.5952682309 3.231750489 0.0
-2.012384437 -2.748650165 0.0
9.152780044 3.681966212 0.0
9.274275568 3.373332331 0.0
-0.726124922 -0.8867261687 0.0
-0.999565973 -0.8521631047 0.0
-0.9578959541 -2.31967558 0.0
-0.7282017355 -1.891056865 0.0
-0.5219399827 -0.9326720197 0.0
-1.365764031 0.9386282041 0.0
29.50498425 11.19214027 0.0
27.10066081 9.362547327 0.0
20.49706373 6.886954165 0.0
7.696771027 2.072220001 0.0
-1.15326412 -1.90511373 0.0
-2.550725079 -1.436134159 0.0
-2.701217891 -1.472153951 0.0
-3.018031713 -0.2477602902 0.0
1.351811775 -0.9409569808 0.0
-2.65895789 -1.065548453 0.0
9.823017586 0.8494366976 0.0
7.892025241 0.4774709877 0.0
17.01870889 -2.408282755 0.0
23.38568418 -8.13901696 0.0
28.76169311 -9.677121034 0.0
30.32941116 -10.59388063 0.0
-6.163511295 6.542743868 0.0
-5.927818124 7.086471123 0.0
-5.038928305 5.321733476 0.0
-2.945284187 1.296351306 0.0
0.3057442731 -1.344914806 0.0
1.234801209 2.277014079 0.0
-4.951304764 -0.4419540615 0.0
-2.485308681 0.2506322722 0.0
-7.133496742 -3.430498413 0.0
-9.37801029 -7.314745051 0.0
-8.996734056 -10.09396233 0.0
-9.056537649 -10.90019034 0.0
-9.707722712 -10.59877794 0.0
-9.436675105 -11.48889183 0.0
-6.651611723 -5.319109941 0.0
-4.582408931 2.936003296 0.0
-7.277644304 4.246420202 0.0
-9.544438543 3.956689371 0.0
-10.64646193 2.921875765 0.0
-10.58294786 1.96214664 0.0
-9.17054929 1.322887774 0.0
-7.112996937 0.2150746837 0.0
-3.915722783 -0.9926219054 0.0
-8.59332303 1.837524398 0.0
-3.09416316 2.32197874 0.0
1.108726771 0.214905975 0.0
1.818429852 0.1596231906 0.0
1.559335297 0.237231794 0.0
1.684574892 0.1888315762 0.0
2.276615712 0.6329354585 0.0
1.190350907 0.2225391973 0.0
1.274735002 0.1893460934 0.0
1.228314609 0.1717023453 0.0
1.24884218 0.1856659555 0.0
1.252908861 0.1873936527 0.0
1.19748737 0.2388410971 0.0
1.302634858 0.1809754762 0.0
1.666156654 -0.6802662007 0.0
1.651982425 -0.7458359467 0.0
2.866654535 -0.9253965915 0.0
2.09902176 -0.5878900256 0.0
13.86822013 -5.190696383 0.0
2.92128908 -0.698404322 0.0
5.13298084 -0.1567333101 0.0
13.17287561 -0.2744084597 0.0
12.22744317 1.334362781 0.0
6.468450775 -0.05004996718 0.0
-0.2576451796 1.85710891 0.0
-0.137606439 3.063410804 0.0
1.133371161 3.681754833 0.0
2.721083771 4.081928568 0.0
4.210482503 3.731304892 0.0
5.290490358 2.408464993 0.0
2.269396571 0.4349268337 0.0
1.005034213 0.2084699316 0.0
3.89259687 -3.221229296 0.0
5.141867889 -1.640226604 0.0
3.925895693 -4.447450046 0.0
-1.598543249 -12.96196319 0.0
14.40560137 -5.338549947 0.0
3.245542753 -2.111540596 0.0
-0.006722588663 -5.47450709 0.0
2.794733511 -10.56972425 0.0
-1.697410497 -2.172264111 0.0
14.07649331 1.909312508 0.0
3.262805936 0.5007334458 0.0
-1.583215004 -1.222181868 0.0
-1.468780235 -3.19645968 0.0
30.0808616 10.44367621 0.0
-5.254406295 4.216040419 0.0
-8.276474471 7.055157605 0.0
-1.582462341 -2.763798838 0.0
-2.602549264 -0.1301469705 0.0
-2.954222079 0.7649640994 0.0
-1.718401204 -3.003826143 0.0
27.27968051 12.13362865 0.0
25.09257806 7.789425474 0.0
1.258850333 -1.954526022 0.0
11.92646871 2.584754573 0.0
-4.06118536 7.124066204 0.0
-3.553659655 7.294961298 0.0
-2.649039085 4.650304287 0.0
0.3745706582 -1.574399532 0.0
-7.397502263 5.335364303 0.0
1.356454798 -3.517736932 0.0
2.606992939 1.516969382 0.0
-0.8610039033 -2.949558336 0.0
-4.93947485 -11.71026875 0.0
-9.41676879 -17.60568972 0.0
-12.47708766 -17.57091579 0.0
-11.45685256 -18.18574302 0.0
-8.222303001 6.317326665 0.0
-8.959748029 2.346564755 0.0
-7.228886299 1.179272425 0.0
-4.578772121 -0.4824096603 0.0
-3.464063847 -2.286227438 0.0
-0.06545147421 -3.259874936 0.0
-3.776968228 5.161682487 0.0
2.28351551 -1.411637112 0.0
11.27254901 0.6051163029 0.0
14.8611709 0.2744329294 0.0
16.96552402 0.5774268024 0.0
26.5390201 -8.124893297 0.0
30.93250577 -10.97208991 0.0
24.9620034 12.24435129 0.0
-6.968161969 8.910893557 0.0
1.21679109 0.1650407619 0.0
1.196006799 0.1641597799 0.0
1.171086085 0.2407374844 0.0
1.263902579 0.2372066331 0.0
1.345767949 0.2212615778 0.0
1.408066767 0.2117979207 0.0
1.400632584 0.4017860835 0.0
1.493989851 0.17601171 0.0
1.557891456 0.1489755219 0.0
1.686853992 0.1063411699 0.0
1.151095954 0.2178194274 0.0
1.120400007 0.119040654 0.0
1.118948671 0.2512575586 0.0
1.036119034 -0.0008468823095 0.0
0.828751889 0.1396097906 0.0
0.7198290763 -1.567166567 0.0
2.649009316 -4.852494245 0.0
1.775620224 0.02852191675 0.0
1.815786235 -0.02856078517 0.0
2.246861829 -3.290513282 0.0
3.250758563 -1.639156207 0.0
5.566939451 0.5037031894 0.0
4.573752775 2.307308725 0.0
0.9553648886 2.06910488 0.0
2.971848009 3.392551544 0.0
0.5871105548 3.124186541 0.0
6.219549697 0.4032193318 0.0
5.032848644 -0.1752227821 0.0
1.77022993 -0.2720480129 0.0
3.422075902 -2.111775837 0.0
1.957692919 -0.3646477052 0.0
1.796677189 -0.4376271638 0.0
1.894109319 0.7351903811 0.0
1.881130575 -0.1371415792 0.0
-1.309873367 -1.013557286 0.0
-1.542322145 -14.22671585 0.0
-6.992797898 4.590148725 0.0
-6.177695338 2.355088237 0.0
-2.162969804 -0.8858615155 0.0
26.47500364 -9.085328433 0.0
13.45631446 0.7176638731 0.0
19.45431455 -5.690844287 0.0
29.32885053 -9.499079183 0.0
-0.9529620555 -0.7534462635 0.0
1.238047912 -4.217693407 0.0
15.16283118 1.400795593 0.0
1.184949095 0.1714174625 0.0
-1.890153344 -3.189024909 0.0
-7.012077543 5.159219304 0.0
-0.2785461402 4.290525547 0.0
-1.531688877 -1.382396142 0.0
-0.5442023977 0.9539303848 0.0
-1.501243658 7.81542954 0.0
16.19482176 -4.298430044 0.0
11.12339319 0.5657010532 0.0
3.938806287 0.3098102496 0.0
0.1508920016 -3.866899591 0.0
-9.793739195 -7.711002066 0.0
-3.180403529 3.221111196 0.0
3.465373729 1.679808224 0.0
0.4619661889 2.980519168 0.0
3.244001275 3.368589162 0.0
-1.577682201 2.444344237 0.0
-0.4039564539 -3.29794953 0.0
-8.327909145 -7.0503854 0.0
29.67018958 -10.24231101 0.0
-7.564331841 -5.529166823 0.0
-3.328194846 -2.064900666 0.0
1.100576985 0.04968340141 0.0
1.085104771 0.1095569253 0.0
1.313546075 0.3615054527 0.0
1.266568684 0.1613860439 0.0
1.336509352 0.181923696 0.0
1.388583071 0.1421885895 0.0
1.447433474 0.1331869937 0.0
1.083091457 -0.08885281108 0.0
1.088860438 -0.01202672855 0.0
0.8424325479 -0.08282673913 0.0
1.181812613 0.1307101465 0.0
1.122219421 0.1109997865 0.0
1.24489056 0.2894644739 0.0
1.340443386 0.2524471466 0.0
1.232590881 0.1320167216 0.0
1.257119772 0.1532524299 0.0
0.8431153618 -0.9824750071 0.0
1.551260832 0.04819270143 0.0
1.5973416 -0.06119898088 0.0
-0.5261316272 -6.339253229 0.0
1.703188831 -0.08255956244 0.0
1.736963968 -0.2060840804 0.0
1.774367355 -1.817147692 0.0
2.458423767 -0.6502370483 0.0
4.786931602 0.9953871391 0.0
4.389640122 -0.5437315628 0.0
3.077155509 1.756990685 0.0
3.92944934 3.174083254 0.0
4.774726106 -0.4668767242 0.0
2.496919409 2.454270055 0.0
1.681588699 3.37003522 0.0
0.8171957284 2.66782889 0.0
0.6999008136 2.382551645 0.0
7.184725926 -0.1242215227 0.0
11.65084371 0.9745492187 0.0
4.725982509 -0.07988161235 0.0
2.379869955 -0.5130421622 0.0
1.615029077 -0.3904603732 0.0
1.550968528 -0.5637005829 0.0
1.850891001 -0.2067111697 0.0
1.710669845 -0.462690741 0.0
3.180773427 0.3929471154 0.0
1.769384934 -0.2784136891 0.0
1.607636019 -0.4693523149 0.0
26.20761737 -13.39134594 0.0
20.06040061 -13.23985877 0.0
5.477050344 -9.480540966 0.0
20.75761228 12.08948106 0.0
-2.439601546 0.01824208029 0.0
-3.842051972 8.508938161 0.0
-8.71878073 4.167160457 0.0
-2.510983227 -1.932470706 0.0
-14.41972845 -16.92667055 0.0
1.702222787 -6.416948108 0.0
19.36487301 3.777918202 0.0
30.49424394 15.22089339 0.0
6.674935936 -4.722963675 0.0
6.279867417 -2.84439105 0.0
10.06760552 -5.363051619 0.0
-3.030417155 3.881437141 0.0
26.14103304 15.14714551 0.0
19.81961716 6.255148652 0.0
18.21125221 13.83869296 0.0
31.71318634 -14.20118697 0.0
24.61122803 -16.60426062 0.0
0.145912003 -11.57435603 0.0
-12.15204732 14.59005961 0.0
-13.6546674 13.25621667 0.0
-11.57255022 11.15727483 0.0
-6.189530188 10.26965244 0.0
-5.327335483 -1.439299396 0.0
-6.031006845 10.41820113 0.0
-6.257522997 7.78137353 0.0
-1.172981524 14.43006991 0.0
-0.4770043252 7.241546264 0.0
0.3340147582 0.2926757856 0.0
-1.156414923 -0.7451651469 0.0
-1.666852909 0.04542083265 0.0
-1.433037534 -0.132510829 0.0
-2.809912866 1.02597551 0.0
-3.537676769 2.549826155 0.0
-4.432156263 2.71387548 0.0
-2.633791292 -2.182541613 0.0
-2.420701326 -6.531652773 0.0
-1.180381919 -7.291023331 0.0
-1.39050861 3.769531299 0.0
-6.252214011 2.744993248 0.0
-6.641358542 11.65515098 0.0
-1.330634533 9.153116783 0.0
-1.63686954 9.032898278 0.0
-1.665653113 7.919220529 0.0
0.2151523436 6.233595293 0.0
-1.084517727 6.538109185 0.0
3.114263256 2.50705052 0.0
1.609321813 5.583161487 0.0
4.399178265 -0.08793168005 0.0
5.191766221 -1.323402411 0.0
-13.10069669 -14.95292554 0.0
-12.61854622 -17.59445784 0.0
-13.92371143 -20.01895909 0.0
-6.618832262 -19.84146436 0.0
2.93161461 0.8455999943 0.0
-1.639772901 0.3758530696 0.0
-11.2590911 -6.975224075 0.0
-0.2680719867 -5.933969857 0.0
-6.314280357 -4.928005857 0.0
-8.368037359 -3.878219162 0.0
-5.48056124 -0.4300702309 0.0
-3.865229532 5.518384364 0.0
31.21088375 -10.78694735 0.0
22.19289711 -4.572562775 0.0
10.04387674 0.1821146092 0.0
11.86988684 -1.59693238 0.0
9.445961866 -0.04418422565 0.0
18.19490804 0.9777822327 0.0
14.47374053 -0.6176409929 0.0
17.99043581 -0.7167972695 0.0
-1.323807379 0.1311330263 0.0
5.286347322 4.60608125 0.0
3.476417465 -0.197325789 0.0
26.73375343 3.818033623 0.0
29.89802084 13.37630571 0.0
18.62375586 2.887998677 0.0
16.10996858 3.145398723 0.0
12.5157412 -1.97211016 0.0
5.603238142 -5.212525514 0.0
3.024091318 -1.794450973 0.0
4.823142072 1.752816107 0.0
5.246405016 -2.01376156 0.0
5.121373386 4.612669459 0.0
-1.808855825 1.091795589 0.0
2.460760363 -1.790623658 0.0
0.1867351976 -3.70639903 0.0
2.511296577 -0.3338331114 0.0
1.430079015 0.9313288824 0.0
-5.680974957 -1.173211754 0.0
1.414894574 -5.636926113 0.0
-3.582081509 -4.487632635 0.0
0.1432390836 -4.550368129 0.0
2.015207057 1.435761126 0.0
1.772637703 2.60533845 0.0
1.617873644 -0.637631918 0.0
1.598187819 -0.4582188318 0.0
1.571553581 -0.6025958217 0.0
2.017414807 -1.199437115 0.0
4.179810566 -0.7005411966 0.0
0.8531571373 1.256117254 0.0
11.1666552 -0.3338238308 0.0
10.30730843 -1.41656323 0.0
1.673612512 -0.3541078807 0.0
1.667336768 -0.3109550662 0.0
1.939694661 0.9673327778 0.0
2.032917577 0.7056184141 0.0
3.140018932 0.944965719 0.0
2.149341516 0.2206910252 0.0
2.923909535 0.07652081344 0.0
1.635121023 -0.6052847376 0.0
1.724810587 -0.8577492318 0.0
1.966353001 -0.2188376394 0.0
1.46861606 -0.2976749204 0.0
0.7777137843 -0.2272787747 0.0
1.243581953 -0.1014524994 0.0
1.139468937 -0.04120465159 0.0
1.101250814 0.1477373451 0.0
1.161061341 0.1005810679 0.0
1.196546191 0.1638923759 0.0
1.202819769 0.1240751475 0.0
1.376450887 0.08115723542 0.0
1.330432445 0.1281652055 0.0
1.283575772 0.1775754109 0.0
1.255272312 0.1178557898 0.0
1.257763507 0.1588861944 0.0
1.67688698 0.4027629968 0.0
-5.97481715 2.606274531 0.0
-2.88921285 0.3929527914 0.0
-4.040396279 0.8319505932 0.0
-12.91909283 -20.40868945 0.0
-1.940322385 -13.06558982 0.0
3.313661785 -1.428602044 0.0
-7.835094241 -19.3749576 0.0
-12.81853029 -18.80494452 0.0
16.54745483 -3.56874996 0.0
16.49700744 -3.56276048 0.0
25.95122235 -1.61941163 0.0
8.351144941 -1.999523197 0.0
12.56458239 0.7689573017 0.0
10.89361638 2.328819848 0.0
0.809095129 -1.350342241 0.0
-2.129056715 -0.2629259777 0.0
-2.134279723 -1.218864204 0.0
-1.752126085 -4.511569384 0.0
21.63117168 6.17625958 0.0
16.82184898 -15.80107487 0.0
18.63320326 -11.73493157 0.0
-10.10865571 1.039382157 0.0
-9.339653274 5.317831623 0.0
-1.112713739 2.05188947 0.0
-1.942847188 -13.58448236 0.0
-1.498988084 0.9067605992 0.0
3.369668141 6.888908744 0.0
2.420273124 -5.078878937 0.0
2.824147186 0.02052315271 0.0
2.447176419 1.012226944 0.0
2.477920738 -0.2190793039 0.0
1.123502788 1.205789267 0.0
-2.062358654 0.6284200279 0.0
1.47134687 4.831672861 0.0
-4.608378481 2.08999315 0.0
-2.225835694 -2.026377272 0.0
-1.605641933 -5.637451603 0.0
-1.104347292 -7.182751791 0.0
-0.09444795247 -2.453984651 0.0
-7.081271422 5.182838295 0.0
-6.845408801 14.90480723 0.0
-1.100953643 9.189928661 0.0
2.72465649 8.82481193 0.0
0.7235291191 5.608304997 0.0
3.918060241 1.930929509 0.0
4.968875501 1.19470849 0.0
5.79280826 -2.774227737 0.0
5.623580271 0.2463489449 0.0
4.646089498 4.758017664 0.0
-2.41192718 -2.991807401 0.0
-5.540152178 -3.284236382 0.0
-2.740196637 2.099777934 0.0
-1.371532833 15.87975474 0.0
-1.674937899 5.780945786 0.0
-1.091966767 -1.387680679 0.0
-2.496399023 -0.2256664327 0.0
-7.324469118 -7.371244424 0.0
-13.67478356 -12.5427139 0.0
-8.357421924 -0.5608871208 0.0
1.437964926 -2.119766243 0.0
4.034858444 0.9154274727 0.0
2.664039074 1.56421714 0.0
2.377775888 -0.4594847658 0.0
4.92149336 -0.01911463809 0.0
5.426975575 -0.2075361942 0.0
5.567498573 -0.06049628712 0.0
3.895089575 -2.818383344 0.0
-5.060697168 -15.81547152 0.0
-5.905180856 -14.12064404 0.0
-8.57065925 -13.42009977 0.0
-6.526728641 -9.41643473 0.0
-5.248657438 -7.095739745 0.0
31.21979415 -13.88763625 0.0
31.39427266 -8.819381132 0.0
18.69657096 -10.19078079 0.0
10.39279742 -1.511649117 0.0
6.082613233 3.737443219 0.0
7.169097141 2.060697642 0.0
0.9424849881 4.06207806 0.0
19.10629335 0.598452321 0.0
13.77529991 -1.191047537 0.0
18.10443793 -0.7069882778 0.0
2.067105742 2.262602239 0.0
4.323635412 -2.927795788 0.0
5.053498327 -5.33827857 0.0
17.74863242 12.39212227 0.0
19.73121872 9.169465083 0.0
30.27741765 9.98151056 0.0
30.10756787 7.250997094 0.0
27.39004968 1.796236215 0.0
14.14243565 2.112118924 0.0
16.87231285 3.743974629 0.0
8.282235285 -3.736202764 0.0
-0.5488345802 -3.370488476 0.0
-0.5836155163 -0.6198786717 0.0
3.573687778 2.361920423 0.0
-2.530083721 2.101900667 0.0
-15.87530385 2.082788914 0.0
-4.253778064 0.2012406735 0.0
5.812505278 -0.2435011966 0.0
-1.963584723 0.9651787797 0.0
-10.81517588 -2.854236352 0.0
-7.556578588 -0.3486744473 0.0
-12.79040269 0.3646155978 0.0
2.900342892 2.275071785 0.0
1.648261001 0.5620938066 0.0
1.712499132 0.1748960213 0.0
1.461974426 -0.08390844913 0.0
1.248633184 -0.1214977684 0.0
1.098214205 0.0796577544 0.0
1.173799671 0.9279934714 0.0
1.857306847 1.395131874 0.0
1.231573606 1.598182172 0.0
1.499574279 0.3433326465 0.0
8.347352292 -1.632113169 0.0
1.226077187 1.795884329 0.0
4.382428897 -0.7310350995 0.0
2.105902617 -0.815324026 0.0
1.568051395 -0.4451377713 0.0
1.648543368 -0.1436913057 0.0
1.548527908 -0.2681719263 0.0
1.689332432 -0.2343115586 0.0
1.552608533 0.02931968912 0.0
1.930694769 0.04217153552 0.0
1.359412656 0.0585000603 0.0
0.8714892094 -2.969295451 0.0
-4.630058781 8.067467884 0.0
13.56699716 -3.274448142 0.0
3.655022388 -0.8272897107 0.0
18.5154723 0.9234757798 0.0
-4.380931375 0.4041166814 0.0
2.23539907 0.1770806411 0.0
5.019403151 -0.7543240189 0.0
1.329815719 -0.9583792038 0.0
1.520051318 -0.6132398788 0.0
30.19213616 8.564745212 0.0
1.462805983 -0.4306741508 0.0
1.208355794 -0.4628770713 0.0
1.072838332 -0.273964323 0.0
1.298858569 0.16966793 0.0
1.16656163 0.01446550508 0.0
1.190210801 0.07003609584 0.0
1.199839569 0.09596843992 0.0
1.672697361 -0.4471725804 0.0
1.399304939 -0.1574020619 0.0
1.40824938 -0.077805423 0.0
1.374222491 0.002463943539 0.0
1.255385531 0.110926907 0.0
15.17610731 -18.07604351 0.0
-4.609171971 8.959246555 0.0
16.4375387 15.63397323 0.0
-16.18340281 1.309838205 0.0
-18.24354681 0.6145603543 0.0
-20.56780683 -0.8810703795 0.0
-13.82050618 -0.3318327567 0.0
-21.71490398 -0.5069550536 0.0
-11.13516908 2.831472059 0.0
0.1406836983 -2.494357845 0.0
-21.85401773 0.1658509132 0.0
-21.88048483 -0.1126787949 0.0
-6.209362762 3.597427622 0.0
-4.810614867 -0.02768035266 0.0
-5.899368757 -3.720618043 0.0
-21.71226361 -0.3250666815 0.0
-16.46239043 -2.158552978 0.0
-21.30653472 -0.1974407167 0.0
-11.12904051 2.3143604 0.0
-10.81491009 -1.869019807 0.0
-21.55386645 0.1367178984 0.0
-0.4794982284 -1.536295061 0.0
-8.165581494 -0.3264806925 0.0
16.90273781 -14.32645918 0.0
31.50876709 -6.936559974 0.0
24.81197876 -0.08262056399 0.0
-11.91433191 2.624490972 0.0
15.72597696 -3.461756837 0.0
-21.54918838 -0.2020469243 0.0
7.702275568 -0.2816210262 0.0
-11.54190341 2.348094571 0.0
-11.85712356 -1.75132887 0.0
-21.76726732 -0.07882541091 0.0
-0.7497349736 -1.463756729 0.0
-3.635193834 -11.97694388 0.0
-3.037242014 -16.64397714 0.0
-11.302676 14.89003557 0.0
-2.556407394 -15.34692619 0.0
-0.4281405578 -19.16654829 0.0
-0.9465961005 -16.72271273 0.0
0.9474209671 -21.52296833 0.0
2.003542223 -10.52143814 0.0
3.884291063 -7.434380039 0.0
0.8773185915 -21.95655243 0.0
1.479246961 -8.88251714 0.0
3.140696167 -5.910589524 0.0
0.2616471661 -9.321927111 0.0
3.925819293 -10.39479507 0.0
0.3744684553 -21.38790502 0.0
0.6986620158 -12.9090389 0.0
1.415718774 -20.82335224 0.0
0.7735453406 -11.14431554 0.0
0.408688827 -21.79771506 0.0
-0.6084799312 -10.20752206 0.0
0.5105422524 -21.60179378 0.0
0.8796335516 13.73471832 0.0
0.3854353996 21.60186292 0.0
4.211145453 9.616620348 0.0
1.068344569 9.121844948 0.0
-7.026263039 -0.3185794287 0.0
-3.644743363 15.54086849 0.0
-0.0245962468 19.44887901 0.0
0.9428535756 17.00966806 0.0
2.007586163 -1.198859896 0.0
0.1401380086 -1.513972233 0.0
1.261883916 21.36098835 0.0
2.570952734 -0.02874326973 0.0
-0.8853524163 0.2822827762 0.0
0.9837510115 8.590244366 0.0
2.945357366 5.099359135 0.0
0.4054851987 21.65859444 0.0
0.5985589979 21.66119335 0.0
-5.151116543 1.224435452 0.0
-2.800213154 4.624288391 0.0
0.895451314 3.658434134 0.0
0.7498357009 22.0423751 0.0
2.839214133 5.347386037 0.0
0.9955735675 8.462229003 0.0
2.336845227 -1.330842344 0.0
0.8015445932 22.09731025 0.0
4.479473571 0.1976621719 0.0
2.031908808 -0.04940179221 0.0
1.305203424 0.5662986472 0.0
1.397570375 0.4114210039 0.0
4.480536414 0.6307748452 0.0
1.488229149 -0.6870621969 0.0
1.430326824 0.2718196358 0.0
1.331107373 0.09222801322 0.0
1.24660031 0.05519595598 0.0
1.210230415 0.03015661553 0.0
1.283630259 -0.02541315503 0.0
1.157356331 0.04798472753 0.0
1.386262791 -0.5427034421 0.0
1.192036385 -0.7242610265 0.0
3.511224172 -11.25314786 0.0
-0.2168158965 18.16169344 0.0
1.361769479 21.59431706 0.0
-2.228511283 12.26892278 0.0
0.3543535007 -9.670641821 0.0
3.775649815 -3.47328802 0.0
-17.23127234 2.287280883 0.0
-21.73630962 0.1384048819 0.0
-15.89926496 -1.44254257 0.0
-14.37186698 -1.738573014 0.0
9.019309505 -11.30078995 0.0
15.27245349 -2.85558522 0.0
-21.73518984 0.06597436293 0.0
-12.47675838 -3.414770213 0.0
-10.7337301 0.8067955055 0.0
1.282356314 21.58696484 0.0
0.8803975218 15.37269643 0.0
1.267784093 21.32641098 0.0
0.5851964431 12.98336064 0.0
0.7843683628 8.562650192 0.0
0.9344704921 14.55055195 0.0
4.042191057 6.83593017 0.0
4.214514955 9.484964887 0.0
0.729616381 21.8575431 0.0
-9.970747481 -1.133626044 0.0
0.7401053798 -21.80782053 0.0
1.164004242 0.05648726734 0.0
1.213769872 0.02194299636 0.0
1.324783826 -0.09801598858 0.0
1.319043449 -0.1767998014 0.0
4.87719843 3.83084283 0.0
14.34727597 -0.7782199806 0.0
1.688594239 -5.857772982 0.0
-16.25130873 2.313607943 0.0
-21.51269672 0.2422375048 0.0
1.337063218 -0.2510984601 0.0
1.347611306 -0.3713954289 0.0
-11.19773378 1.777357507 0.0
-14.51328951 -0.4155949642 0.0
-2.076357771 -4.578662935 0.0
1.908149506 4.773286527 0.0
-1.484257579 -7.847152433 0.0
-9.899205365 10.62941866 0.0
27.99196882 10.65325878 0.0
9.030478028 9.967683756 0.0
</DataArray>
<DataArray type="Float64" Name="pressure" format="ascii">
3024.532488
3376.02157
3773.036544
3467.292079
3495.095525
3516.628978
3322.664798
3488.369061
3541.624818
2849.476636
3515.195778
2895.31677
2929.583292
3210.518534
3406.404617
3103.858503
3447.783231
5682.370298
9379.644076
3555.471361
9111.567916
9375.778517
2938.270362
3165.604202
3247.620557
3197.443784
3015.941567
3148.716935
3051.29869
3328.407621
3314.353689
3562.292868
3418.094514
3155.931989
3471.57667
3215.847121
3524.636762
2762.857974
2889.227605
2977.973073
3119.810334
3666.650432
3670.842777
3726.044027
3788.387261
3323.073231
3391.325834
3161.853905
3542.528263
2985.421606
2875.600735
3583.276165
3283.609894
3047.22581
3398.89285
3426.291448
3476.694588
3242.825473
3465.568906
3113.387417
3018.105747
3266.861977
2833.599213
3378.949902
3467.194533
3501.342073
6121.440205
3241.939493
3695.635017
3688.783987
3735.91765
3303.90849
3304.42738
3526.663412
3165.340616
3230.287868
3167.771664
3329.764609
6024.143745
3303.580163
3124.910011
9518.388582
5934.200197
10192.686
9373.272384
9932.249288
3415.081907
10745.89397
8441.61554
10483.21091
9872.706001
7996.304604
9973.564259
8940.257101
6502.100383
10219.18438
7781.359635
4572.852247
3189.5061
3136.507596
3241.352205
3392.661331
3234.623228
3128.106332
3073.122662
5390.130876
8767.868818
5092.601323
3495.034115
3095.177989
3280.323871
2820.580518
3656.012404
3800.451727
3731.751989
3467.839251
3456.749733
3235.73063
10968.94506
10620.96796
6846.508041
3284.94041
7360.854048
10219.11909
6019.591938
8983.744634
6111.536092
4331.393938
3408.38359
2939.868465
2707.096341
3120.816814
3636.035596
3202.499995
3088.81974
3240.269415
3152.731609
3296.972964
3044.236537
3368.560416
3239.284839
4808.537312
3059.4822
3195.700455
3464.497229
3402.443487
3485.686778
3272.885083
3425.710524
3265.895564
2847.589942
3380.577023
6383.683742
9824.160768
3675.351821
3673.020256
3536.476371
3552.809178
3615.133567
3267.771259
3726.146532
3629.203694
3802.658872
3322.776507
3238.584717
3151.708504
3524.376476
3208.404043
3466.00991
3359.78201
6168.962509
3446.69113
3115.160721
4211.726649
4011.34745
3395.308325
7448.377989
9403.626147
3040.361206
3030.652077
11325.17184
10549.58443
7924.425068
5793.477846
8473.288316
9776.139074
8509.695458
9949.524737
7904.449434
4202.434509
3108.868327
4766.790281
3223.368244
3068.634248
3629.792685
3118.414568
3416.667396
3112.135779
3073.862731
3772.370926
3650.114464
3401.034182
3409.633175
11292.37728
10340.55666
7335.614265
3562.025821
6186.197823
2998.334983
3118.310641
3693.854768
3619.62468
3168.125559
3482.339223
3093.127502
3032.058308
2772.846534
3091.208958
3054.433308
3699.33518
3041.025204
3028.666569
3262.300967
3201.519917
3312.991875
3292.947795
3017.590496
2953.485732
3370.340853
3477.583557
3302.012037
3415.083577
3214.727842
4057.753113
3558.140634
3466.548868
3683.975243
3163.420515
3559.461736
6499.771861
9991.31078
11641.31764
3496.55248
3801.669471
3452.006197
3142.782565
3522.614511
3266.548683
3327.38513
3361.719499
3102.872218
8164.483756
4866.449709
3444.381923
3603.008708
3595.42433
3446.13301
3141.474294
9705.477156
3053.738346
4688.028
2842.33778
3287.196416
8188.05235
3429.120778
6877.36406
4812.338676
3087.292589
9356.579322
8847.258779
9530.613804
8485.302384
2935.2202
3772.551658
3309.452953
3310.698642
3243.229035
3329.902924
3537.653487
3571.690235
2900.804851
10877.52438
3578.060309
3555.298821
5442.465235
7911.296552
3102.809201
3023.317903
2963.359881
2976.102414
2836.543382
3169.270389
2868.405104
3154.348639
2924.107469
2832.777672
2960.333548
3739.648951
2849.216265
2996.166916
3504.394443
3067.015319
3353.406955
3476.680337
3213.574819
3009.261535
3118.615016
3337.719614
3803.029122
3629.654128
3516.935443
3328.305875
3624.090563
3635.174712
3598.277768
3172.963277
2871.896571
3662.128028
3634.708266
3619.418391
3464.791559
3254.581874
3410.073309
3375.380135
3093.926988
3703.255632
3909.910898
4398.157909
3096.794938
6947.66403
10328.30017
11809.34003
11208.7023
4765.535945
3421.230254
3246.234353
3804.013934
3529.523007
3484.032999
3376.20349
3092.064861
3287.479396
5122.565105
6515.491635
12004.0831
11679.79562
11321.1472
6449.83175
8551.788696
3775.527876
6014.834084
6188.577158
10908.62013
4696.481906
3101.343134
3317.014579
3376.989607
3444.783354
3694.750756
3639.959022
3056.126652
7458.081802
4015.622877
3776.817974
9126.03746
7362.19272
3895.241897
9207.808622
7524.149107
3514.20906
3665.741568
3610.012988
3709.781731
3676.687065
4770.166851
3423.099876
3269.722782
3301.447338
3155.885786
3219.98016
2848.793227
3103.203973
3231.257722
3708.753288
7370.218204
10712.82272
12106.68761
11582.66043
5250.520369
3417.826273
3313.86523
3442.24779
3531.645818
2768.487947
3400.838561
3062.747696
3039.171688
3763.770928
3799.308715
3193.172515
3726.080094
3626.891119
3866.411276
3589.240636
3049.896453
3862.155781
2852.614056
3140.565952
2739.812029
2808.046394
3753.930297
2645.946271
3744.911843
2885.424153
3672.752002
3763.675317
4601.88122
3485.946432
3355.28005
6724.510569
12305.28806
10395.62507
11569.14422
8352.853518
3770.204529
3255.067957
3980.058073
3869.769115
4079.369518
3951.309894
6082.588453
3680.253995
3236.779286
3610.208069
2210.720362
3340.407378
3602.255557
3103.814552
3067.76483
3660.598175
3731.013767
3099.010573
3576.108279
3032.652111
4675.638228
6645.048764
3993.063805
3530.437719
7967.569791
2950.126909
2927.639303
8654.519877
8395.129687
8738.882448
7035.330369
3327.841064
3489.7111
3692.510186
3370.281787
10630.36791
3437.05329
3814.63441
3298.168869
3330.546427
3000.065358
8932.403724
3509.937538
3591.746431
3507.800557
2545.713587
4018.146988
2581.692378
4011.369644
3410.740974
4066.758478
3918.939018
3023.203035
3734.30228
3530.799055
3180.763176
3296.338904
3307.670046
11775.6877
8599.280831
3542.696088
3622.809283
3719.258061
3441.106791
3427.427408
2703.86457
2640.591465
3740.45176
2470.06925
3050.498613
3964.745203
2747.128119
3311.510077
3713.641451
2974.70668
3141.431345
3643.565944
3839.964576
6084.581602
3082.156809
3332.649729
3228.525349
3368.094459
7448.297429
2987.41899
11031.45656
12452.50512
11858.80407
9241.665514
5456.413276
2860.253168
2698.659434
2964.975112
2979.717858
2991.117119
3129.008718
3777.93902
3843.890465
3119.469354
3487.902439
3485.725938
3710.368761
3225.566533
3796.420955
3005.603906
2682.153287
3942.512819
3165.903007
2245.482407
3731.033487
3989.142734
3319.88651
3793.544872
3169.373009
3798.781347
3077.256501
3803.866774
3057.335889
4616.547667
4078.644107
8607.314166
4384.275943
6660.1916
3030.579543
3074.891137
3901.044845
3112.707737
8221.222086
8304.299276
3136.45152
3261.803391
8704.040729
8160.573313
3057.765497
3793.047889
3351.1817
3677.087734
3198.363217
5074.896835
3442.121834
3663.116017
3643.654543
3501.072924
3790.247764
3860.708093
2791.789825
8490.187892
2992.813769
3693.670059
3386.131699
3559.730657
2653.233873
4009.943425
4121.030162
6935.999549
3476.176806
3491.223803
4476.038152
7195.089487
6865.242416
12479.23568
3842.026683
3995.414549
3152.797222
4041.411517
2836.409688
2578.492317
2694.727755
3494.339698
3672.422692
2922.120138
2494.842493
3733.189314
2323.984994
3130.172079
4085.489788
2621.384546
3319.132391
2891.365945
3277.872318
3994.825006
4053.241661
3090.552223
3558.047545
3899.270261
3635.864721
3716.778654
3736.748341
4733.319377
7762.621889
12682.14277
12050.255
9405.464126
5693.914286
3196.89663
3731.868238
3920.773239
3266.733308
3259.61171
3756.667993
3663.075485
3806.104863
3012.129505
2564.865922
4102.505991
3271.392146
2286.829956
2212.716984
3434.462383
3055.370867
3062.379552
2938.064429
2881.419106
3640.248831
3663.547533
3732.980955
7043.797864
4078.360949
3913.634657
2961.573227
3331.637773
4070.839478
6102.950796
7979.83467
2993.041454
2418.489242
2298.329917
2699.150844
3389.649795
4885.396515
4052.062769
3882.998906
3025.517514
3211.651368
3259.554335
6640.612144
3677.314289
4722.026897
6012.249079
3453.441572
3690.144649
8181.123409
6154.744922
7895.983024
8028.879059
3487.723575
3310.634816
10643.83589
12474.17655
10728.02228
12057.26336
6892.918367
5365.707851
3243.645394
3005.157465
8831.149712
3546.131259
3793.210248
3846.140073
2956.253041
3920.583464
4060.659743
3565.667083
3309.952873
2911.233121
2526.638361
3655.181151
3721.212541
3664.239781
3579.093263
3607.583577
3574.731768
3687.206272
2737.316694
3970.38407
3944.909772
4751.45596
5692.279827
3541.703838
3838.811798
3379.150951
8851.501358
10694.76085
12289.40936
13754.55753
14185.28666
12520.31408
9371.933626
5529.097991
3369.079809
3080.578857
3136.582191
3170.893425
3064.474417
2906.476511
2771.759905
2672.146884
2597.684714
2555.744133
2535.245751
3571.112163
8406.985729
12608.4674
9833.558166
5797.729676
3168.231287
3343.392653
3776.530514
3429.670013
3860.43084
4038.72848
4035.735495
4051.000906
3820.471384
3343.476119
2431.213271
3553.206011
3298.634383
4113.042206
2610.93755
3436.08955
3785.602537
2986.136845
3491.788623
3946.266179
3618.762361
3373.282923
3757.907327
3907.711713
3495.861527
3901.711162
2704.875097
3614.176978
3930.151811
3510.796953
3550.868151
3775.998464
3242.232671
2600.866333
4102.752333
2387.989831
3677.071078
3931.337574
5761.856348
3601.157118
3540.246294
3829.90552
3869.596094
2700.111653
3066.766628
4022.398304
3924.490776
3389.041578
3542.689814
3656.570536
3758.734371
3989.213992
6010.326866
8059.313565
7695.097239
8085.204538
3997.958571
4043.805868
4508.050047
7860.328895
5815.388427
3537.164609
4022.343327
3368.157686
11210.45878
4265.008411
4043.195621
2873.682003
3970.114919
9814.906449
11400.95972
13188.50098
4030.571243
3255.279329
3037.946318
2823.219545
4508.793508
4028.843265
3858.496269
3264.263108
3353.096625
2954.696605
4045.192652
4049.944316
3578.733479
2658.889914
3620.353971
3913.920411
3687.90856
3584.660095
2364.392801
3970.717831
3803.230745
2614.586257
3736.978994
2906.358826
3632.724025
3737.799117
3743.789963
3685.81936
3852.178602
3891.489728
3503.305281
6246.226186
3773.742075
3764.082628
3494.605314
2609.482407
4209.260563
4268.155956
3554.796814
3699.408034
3207.03625
3871.435457
3711.693083
3602.103855
3082.099603
3006.773057
6000.804208
14285.71356
14285.71273
3759.804664
3764.719755
4139.164609
14285.71286
3908.147313
4105.450759
3750.057016
3584.040102
3510.650686
2402.331019
2338.531305
3662.232402
3990.39381
2504.803906
3648.130198
2454.27145
3157.579232
3147.274339
2900.796676
3122.448613
3167.67148
3224.627014
2632.349704
3017.453176
3628.345633
3761.575463
3993.279413
3465.856679
3685.52304
3349.930301
3749.771698
3663.065783
3400.809633
3363.424868
3427.577533
3454.610551
3519.701612
3778.557928
4774.038969
4905.25498
6453.144325
3774.384133
3502.91954
3783.625991
3969.549992
3861.879662
3994.352807
4165.29233
4811.969655
7619.12926
6972.937709
3670.962855
3680.228896
3669.604871
5671.533206
6845.790312
4037.896141
3343.938636
4031.413141
3239.169142
4200.391809
4080.098769
3837.596588
3768.898505
3753.114067
3870.077335
3747.818725
6818.60067
7491.879706
3566.181685
2549.593927
4596.687543
2562.940652
4116.65195
3691.289406
3294.901711
3789.261919
2542.134445
14285.71385
14285.71288
11912.46165
3882.133576
3679.761154
3712.988954
3420.777187
3402.021807
3428.269811
3288.803399
3439.177094
3456.492541
3602.128679
3491.665473
3714.653493
11415.89813
13848.11075
6459.516239
3959.40176
3699.344969
3465.911257
4512.533656
14285.71408
14285.71417
14285.71409
14285.71243
11326.00063
3381.019995
2473.376025
4131.218626
3241.280004
3317.033784
2750.72468
3569.603946
4007.765165
3517.036934
3573.132996
3997.297324
4040.136867
2542.171477
3526.998413
14285.71215
2689.514637
4181.51915
2916.988076
10155.01819
3739.973823
3764.189258
3641.45601
3036.747235
3515.736527
3928.66335
3786.839165
3352.991315
3046.789188
3793.9212
3734.510036
9323.342002
3172.200758
4957.690653
3494.212592
9945.938285
4417.202365
3360.110839
4052.832144
3518.367486
3634.824503
3796.804971
3541.348407
43.24804744
6.473005637
23.69346443
61.00213493
63.14746245
19.84300365
52.44659893
96.32036199
21.20737349
31.49717788
40.16591166
31.01301957
154.4716993
63.9618614
39.5465167
56.97928847
52.43916074
30.74237375
8.301651824
7.557162067
38.25924325
57.26074754
57.8744677
33.42822754
44.83802811
47.59748012
61.64435182
65.37776864
56.66594784
52.89155875
35.86043917
40.51484924
57.13393518
33.39827615
47.11548291
42.75333044
33.25195153
52.52129942
22.47114985
42.63442935
60.45659439
60.31325129
54.86521499
59.5766805
41.24602572
53.30130988
55.31756985
8.592411452
27.18190467
46.80134502
43.14498145
46.04657006
58.6137062
54.52777926
67.03012241
42.67253442
34.64963188
45.61744296
43.49830592
57.5970749
43.94624164
41.64380815
31.39020122
40.78526685
64.40045339
47.28904632
59.75351319
68.02705997
64.44739104
51.36514595
54.24480091
56.01100812
47.01361521
46.09620735
120.9641106
45.99770333
48.85275079
56.80006602
62.65572134
47.04103547
53.20276883
66.2916131
47.61904651
56.20385781
44.94837268
64.37455033
48.45794704
43.75594341
31.55362825
33.83750406
49.55231948
47.60974714
51.98570534
43.16226281
45.34042068
50.06434153
59.32992752
60.71386482
42.72373204
59.2611743
47.32494883
48.04158531
68.20257204
49.6340104
69.16494075
69.30690127
29.72449573
52.92425943
67.15153553
67.44606211
20.12446377
52.76205645
68.79104366
28.04673335
18.9633959
4.447784925
32.78295388
24.92206834
29.00694659
22.10654457
33.32608402
18.64024392
23.73986569
18.65870098
29.78772371
3.708389544
129.1705417
22.81683511
49.03141287
17.48562002
33.84839604
32.79190696
32.45359684
15.83897326
18.91110259
20.51481419
5.862963327
57.98131064
42.61573973
21.59735943
12.14669202
98.78703626
28.3655137
29.67701499
35.26101853
47.19777593
4.577558132
18.02839716
19.4463116
22.64121539
15.66564472
30.97971353
32.08008605
23.04387547
24.44883087
68.8385454
68.96890128
68.94200015
69.43805747
69.14149781
68.68332896
69.15095393
70.13318743
40.71488332
33.59526946
41.27406768
18.12481417
29.65901236
33.31381735
39.47156073
36.70743256
69.49434452
69.21527146
74.49578581
71.19950076
69.16167196
69.07040844
69.99091886
69.6620468
70.31646582
68.24020965
67.69241148
66.28204588
67.75370096
68.60524442
68.0880368
249.0986578
137.3596217
42.87281223
33.67613013
57.37124049
57.72002441
44.25266301
9.432166193
21.40790396
17.33781411
7.315078887
30.34246221
53.52740647
55.12214903
55.6694439
59.94483165
39.14982351
54.98719814
39.11927053
39.13187465
35.22728496
33.04988299
59.86291886
55.67784296
53.06604317
57.80962731
54.86785327
52.62588514
51.93631279
37.46204237
54.20230106
48.16996166
34.97945812
54.60684955
45.06999481
4.92717181
0.2381552441
29.19407348
17.43886502
21.83627179
26.34163898
39.06976524
36.73975921
29.73922083
64.59524696
66.37867369
38.1066616
52.30416521
53.70301429
53.12152664
49.53537307
53.89224675
54.20637795
57.8394634
57.70739973
58.50062487
40.538159
43.68853296
22.76717645
35.65739169
32.77916761
31.91695665
36.37693441
33.93092897
33.34174191
41.88349432
41.9738891
59.08312157
61.52221307
62.21774661
49.28567665
40.05399465
42.82910923
47.79524346
46.36827543
43.55167648
46.1901957
43.46179875
31.78295115
39.58328511
42.41248969
65.56871914
64.00222123
66.77549893
68.59450528
54.33723714
59.34629007
52.20245792
52.24158839
53.34268872
52.73186992
54.30351105
53.37099655
57.47576453
54.65468441
50.27188472
37.97135824
36.30432686
36.40332304
33.52001033
23.74980375
23.63818224
25.40527694
5.657442267
25.05985481
27.83528108
15.85000693
35.85127987
22.46688167
27.64798913
40.72526425
38.58411933
39.95990128
23.3014187
37.1280996
35.02643423
33.53656504
56.60451842
53.57858427
58.85603815
54.83501301
57.24803374
58.77595928
63.83951892
56.07439993
56.93550685
33.10868808
35.14473105
56.35156885
43.73578569
42.50002386
39.10473448
89.67198092
116.8123722
53.11320565
66.83066932
52.68784515
50.09358544
40.36297328
48.99703381
49.631542
53.53487874
54.25179146
66.17800414
67.71495633
65.67231753
56.44911879
42.86753303
32.54813173
53.8948262
55.86061557
55.05785617
58.05529475
43.38660196
37.16102997
30.5055544
1.48785544
27.70505296
67.32229867
12.17392726
31.19688496
21.88405973
21.06133008
34.86925335
20.37846373
26.6342019
21.00545972
197.4556657
16.93550407
20.30491686
66.30484191
62.6259891
63.85662128
50.39937364
56.207971
37.59797057
30.01831049
32.7611146
46.11888351
115.163053
59.22668079
59.07996579
41.49751275
38.38128981
37.14861588
36.34382086
23.31672808
35.19250983
34.20787605
58.11820285
58.87498825
67.4137857
223.6017083
42.5694095
39.65054207
57.04442533
57.17984811
52.85642833
77.08476856
78.74575046
73.99199811
70.78099261
68.24821777
66.68604737
66.42465047
50.04674635
63.94177991
65.27122887
65.17712484
22.87190766
27.10118989
30.88811796
47.0124207
110.4376962
30.22310993
38.02625153
41.93430896
43.5808856
45.91122816
51.55583411
50.03794312
52.98413353
54.14553702
54.98213939
55.6681471
59.15039238
65.5741602
72.99402466
56.61038291
22.75133766
38.51059694
31.10083816
26.24440013
35.79746605
5.440295218
41.72095145
40.07668783
55.55305155
55.16706734
54.78822682
56.69318056
42.57914903
35.6414159
27.93651228
30.45710952
25.96592587
117.4294955
206.4024207
66.44572266
41.35494256
57.59517231
56.84186416
44.32145579
38.48116841
36.77634726
45.01322572
42.34386777
89.12698685
23.77285479
55.57999194
40.8158413
40.72857527
39.62488482
60.88179236
60.27943038
65.77794367
63.92996419
55.74437993
56.12776578
58.30270214
44.60676966
31.49539874
42.88722459
37.97332971
35.83102851
33.57158981
33.07881534
35.61056739
56.38211798
49.30261939
48.73757561
73.3569981
71.93268733
52.10781583
74.51652607
75.75121708
75.25379202
68.94344616
67.43248282
67.02962838
58.53014678
60.94107059
63.24254159
66.08028833
51.3053973
55.54382037
57.91354059
43.85647254
43.78779337
113.7741496
34.00791174
49.13467912
71.06367495
46.98811065
24.55917261
49.59493142
34.33379355
56.55937088
54.63155045
54.99369097
57.50362257
56.26657605
78.36388039
76.32605791
66.66199096
69.66705724
40.20033383
50.20825804
41.17075019
57.1999797
57.92782753
59.2994365
46.25035456
55.28184016
55.50556691
52.1443335
57.92858804
61.68966346
50.92141224
69.48507096
156.1712041
62.27275743
35.23747386
41.92804598
43.67987042
43.80174734
43.14862138
41.97496815
39.95408438
42.21434309
40.10402312
43.33716052
44.61583849
46.93202993
62.79054648
56.73065115
61.9824952
55.76069361
56.40672957
68.900004
61.56423357
62.2182034
37.39449145
32.96240382
69.64875753
65.25609669
68.36456097
68.73362008
69.05811565
65.71702438
68.93270348
68.13316369
67.26308299
71.32100324
71.52545453
59.74805834
66.83613385
59.26385286
69.39956433
67.22660987
56.32503174
48.81087016
48.66641731
44.98287622
43.14797952
41.9394068
43.67781576
44.91714482
50.04678019
54.64053968
44.41290515
52.35734453
48.35999157
69.71958719
50.70901159
34.78183643
41.86944695
58.36180261
53.60293346
47.42668123
42.48778374
46.31114681
60.35133406
54.68570509
54.08777146
54.65759267
53.64096595
45.33068048
42.2155932
46.9916897
46.95294735
45.52935023
46.55794734
67.28928906
72.46319411
54.32225293
43.70263956
45.7611516
65.33144143
67.15802966
71.12943042
69.98553713
31.58465068
34.58664256
38.52777889
41.24261645
39.0817486
59.93784416
62.24804454
58.37010547
59.12966313
32.34157804
61.17357186
88.487313
83.08444305
62.11190697
53.97689474
47.1182661
55.50774967
48.99083666
58.79051186
58.18585661
56.33608896
53.07450672
54.83679053
46.70459774
54.86711772
49.89697627
55.74690487
65.12314363
67.31642872
65.9171745
66.33184003
67.79141382
68.18703162
67.98939404
68.43866061
69.60404585
70.05087308
70.10160648
66.80524893
68.87096446
64.9111751
67.76935409
67.26306751
41.90298448
38.7601146
45.72857691
61.70861555
42.01534527
54.81620125
59.10604854
55.7505443
61.06615704
65.13741905
43.92101675
61.36471241
43.7007168
54.85822864
64.737852
59.4201781
50.13234035
45.89737845
64.86621615
30.80581463
34.57798603
38.78326765
41.6945112
43.12026871
62.6132092
43.96526425
44.53976993
29.24273618
44.77292671
56.18001446
40.07987374
47.4320338
47.98052235
50.35687815
80.99948656
46.3102943
80.65601317
65.32069698
69.81048204
72.51355865
52.45737248
28.52237758
38.87931026
38.659697
55.56852145
59.40553473
60.21922184
63.13664426
62.45502381
64.0451594
63.98598755
46.55770644
45.56252084
44.04652871
42.62944143
43.28267684
42.74633557
47.19269186
44.99335636
49.47216407
43.01945369
32.86548535
34.72730465
29.76379502
30.35193619
41.07151153
62.89282263
63.14090883
64.99003676
43.5787781
67.73289455
65.55059363
84.37123613
71.6334066
59.31183553
60.0224644
50.15655902
52.23698385
47.36686326
40.54173912
53.91498064
57.55722677
66.50314398
68.89177917
66.39216014
38.50527315
44.89239739
49.60080172
56.49929438
65.86880031
64.30397698
65.37345526
66.94839381
68.93329372
64.98184549
67.15969441
57.6027722
46.63207369
45.72058112
53.13584063
42.69555757
48.84951519
53.00836962
74.0256301
68.52678004
53.84533601
41.53864809
108.0077012
76.44583143
48.26261239
47.82431757
84.01392726
52.67338702
48.61286922
48.592794
55.49414893
57.13247519
82.21400513
65.01428946
50.74956712
71.34157828
34.03347675
47.08376608
46.79751315
45.35524896
43.66760531
58.59962505
64.44773757
34.19273755
36.62829162
38.38178973
40.80157946
45.35112685
48.58705348
47.3672603
31.30479465
35.61351305
55.81187067
57.54501304
46.39348668
45.22698647
51.76486749
41.04870085
41.22286259
48.77286488
51.44240891
65.68014437
80.05385051
66.63945914
66.06396189
65.94767977
65.4485215
69.41041008
69.29736793
69.95622503
68.57412376
69.03477165
68.37675861
68.68440512
69.02409307
69.21622245
60.00400247
65.29687748
64.19123572
67.33640788
67.7899826
69.1344776
69.95111727
48.06928659
47.04257485
49.80235032
49.83621095
28.56836716
69.83400482
66.5565662
69.55708033
69.30528128
69.22339117
67.84336303
70.19767968
52.14798106
47.22359983
45.3983221
45.7017441
47.73398497
49.87171578
55.24143105
54.8986539
46.35528452
49.29351257
43.4815385
64.92254752
63.0732845
69.49429956
49.68175493
43.93298123
32.43536624
48.18610446
69.41736743
42.27839217
51.9364373
68.11783959
67.08004677
67.91788042
66.89233797
71.02623946
68.14704767
79.24993214
82.12968454
72.21302486
68.87671817
58.59384127
53.80214929
52.89170549
47.29758771
46.57735402
55.97425714
69.34505833
68.46350393
69.56105746
69.40779543
48.22345353
46.63558442
68.55889251
68.73665959
68.85894629
69.47405832
69.64212265
68.41610674
66.66971378
46.7515857
49.24958438
50.82236374
30.63576953
34.46314314
61.4176618
42.78056232
32.88807666
43.15964797
41.28725735
42.04374101
48.36607139
52.62366302
51.12805454
68.20612305
69.27281636
69.40579739
69.59191572
69.65140683
69.4020708
68.540396
68.15622018
48.37709375
49.52540001
48.04606623
57.15172413
75.41497456
47.14104614
53.64402714
47.66367365
48.36084853
46.99460352
49.3723269
47.92438632
60.17596155
69.83154691
54.12966428
35.19898963
29.71529782
28.58824799
28.6529791
32.8124094
30.34426333
33.28056824
37.68764467
42.15348422
45.42386985
69.56809806
79.21404619
68.43293036
47.98845602
43.84943703
41.34452619
39.80351597
42.83673083
37.90847047
54.3614652
32.93351044
24.39374725
25.3108432
34.11782794
36.61850317
26.9140872
23.67663082
49.68922294
50.3900513
49.65896014
44.31260208
38.92050078
37.61791891
39.84147303
46.02594351
47.07885816
47.14151842
56.82509606
69.29296691
69.95748852
69.3900872
69.48919967
67.65857062
67.95770444
67.69184145
67.92787495
67.97308045
68.69378834
69.71523964
69.05290056
67.47806933
68.75882048
67.82474355
67.44988852
44.51285904
71.37314866
68.2245809
83.17346061
77.49700361
78.94383413
73.54911572
69.40189406
63.78168174
58.58057361
54.50394403
54.39165612
41.72744679
68.30228592
64.36099291
61.55640392
57.34361876
29.86728265
62.72343729
72.15260206
52.16981567
44.43461454
49.28647916
51.33707554
49.46458019
44.64920916
49.00898109
61.75615533
47.8492678
47.70074541
28.45749513
30.89051657
34.28341127
28.0794348
61.6234385
54.4735609
33.45484834
39.43249556
45.06434757
40.28136091
35.7690664
36.20507458
51.76865746
35.53907377
19.27088919
17.93006289
20.41392155
16.06098364
7.16931333
6.920668723
46.91980682
34.18924229
34.75015782
39.14369903
44.24361547
42.35613036
52.95118851
29.75187875
32.98101954
26.08224569
26.21771645
81.71634068
73.47462537
105.2118299
43.67391983
69.84983901
69.84370415
70.67559867
70.4915599
70.14963784
69.99427383
69.48490831
69.43155466
69.62094192
69.49899801
68.84668919
69.08976076
68.18361176
68.43147871
69.34598712
69.55966508
63.86230113
69.46286335
69.43207492
67.84333346
68.71252148
56.892026
61.07184079
42.60226551
63.01303405
67.81602866
69.83575374
68.26432165
68.67377834
66.10493776
68.85402087
69.88013396
68.5024698
69.63671242
47.31589897
50.55226588
52.56177504
52.89302796
35.18156929
73.92304711
32.43453582
67.68700964
59.33405975
47.96927116
54.76408955
63.82953923
69.32831379
25.13105
53.21980723
34.056356
33.2410779
21.02259924
44.72961076
48.31812989
30.62568279
17.3254469
35.06591451
45.62471635
34.12505479
27.58871776
22.7668251
25.93438698
17.83928345
25.69794231
51.66610233
45.11556623
50.49459813
44.91204124
69.11147833
69.49864051
69.35107817
70.33940235
70.50923109
69.92710815
69.79835033
68.82021321
69.0849136
68.5443991
69.12306653
69.39539759
69.25891148
69.24036473
69.70592876
69.7673684
69.53030139
69.32149681
68.84783143
72.2287916
68.6931617
68.19009866
70.33466499
69.24316732
62.94565099
66.28398207
65.1194573
60.92964447
48.11668889
65.37234347
65.83958019
66.95454243
71.07802802
64.43094437
78.36636345
68.98781975
71.34012254
67.57611852
70.27234241
69.31763752
69.5438177
68.14048192
68.5163851
69.44585779
68.9331794
163.796114
47.20628848
200.6577708
51.0245432
63.93881084
39.70881363
31.05066007
4.045870468
14.50987411
31.85635622
52.29636092
33.17551549
30.97308351
46.24080783
172.5268865
141.4504012
63.46959983
395.8905408
81.9831934
215.6664502
114.8556475
20.43723072
12.93683487
22.05380085
26.32625693
15.64583843
18.14887466
33.98506853
19.27672503
23.6128248
30.60843114
34.86370464
34.49752213
29.5497531
30.62747173
25.8698994
22.21763612
33.86496887
32.3872064
30.39519357
24.49066817
22.54048558
16.59477299
41.47421651
39.25558008
40.28617826
41.06539664
41.07671631
36.27992017
36.32770979
38.30168409
36.0820859
12.06833146
12.08463837
4.691791028
10.42003167
22.31316107
18.32406935
36.0494087
32.3371411
18.89293947
13.54197719
15.36369161
18.15357578
71.63586228
67.8175915
23.72370253
31.20109065
24.68682022
27.68890067
27.40977999
36.84699923
29.31847084
15.8598838
16.27835333
40.11645465
84.13574416
38.78501181
26.63049014
26.34429784
14.69167021
11.90468586
12.83680108
17.98974338
15.56509012
23.01843655
33.05214729
31.05987481
28.8944694
29.34279724
18.90088362
22.6407658
13.8308578
20.08573572
67.70495203
67.65070118
69.70265653
68.12795294
68.57673537
71.20259799
66.27566481
67.67990405
78.80028314
75.97993932
68.17914721
68.50995918
68.40987526
68.35160487
67.01309549
68.68861359
68.06564724
69.93942022
69.15031983
68.51456318
68.9499098
69.28863985
69.46714304
69.0753085
69.14114306
68.88535151
69.51899937
69.18353859
70.73329103
70.47970721
69.68753317
69.33427252
69.65833818
69.70417635
19.77769349
19.75492148
20.50576114
8.062840172
11.28664995
15.23649095
10.32992948
10.52867
38.90823357
18.33693361
91.31967291
36.92178171
34.0820932
23.99735093
30.08628284
31.42464873
33.53566095
38.5540689
47.38136043
393.7277306
89.68475806
65.53328409
47.44091876
27.11280222
58.09351444
22.55404061
55.77003937
37.85573104
29.48610439
35.00931545
27.79779711
44.75341724
18.97154049
30.42960754
8.461357228
12.79356647
19.16931838
25.63767117
62.00937939
21.98492649
4.405335878
30.0069059
27.19064299
27.42903301
31.73142617
23.27904706
29.7979097
21.58130542
24.54217208
31.74923495
30.40943532
41.33780926
78.77316151
14.03952273
17.70472075
11.18324577
49.94236336
11.99391171
69.7959542
22.11521143
13.36242233
27.12257574
31.88470922
14.02348119
14.2634572
12.21428232
12.28825605
14.41014712
18.182606
21.66519915
36.81301098
73.03706081
103.7019289
47.65219225
459.6975921
34.64391683
17.22712683
44.11697838
31.1260827
56.58249827
31.10084814
85.46596801
85.01189758
23.0196294
23.57069656
412.7640521
320.0266115
61.21224894
2.735949038e-05
3.523748208
69.14449964
26.36548417
35.26178806
52.56401549
102.5359895
24.21946914
16.70873949
84.95708631
25.7139906
42.32896794
16.54870821
23.90138288
9.237043574
55.42296901
65.37716779
69.21357392
68.89560189
69.66056765
70.14918535
68.56831348
70.26600762
68.15334061
68.60897672
70.88909616
63.18327733
67.88716799
71.59532436
72.63910184
69.12520077
68.68327924
68.44824548
68.32701363
69.50240266
69.53329773
68.7046294
27.36374804
42.69440759
56.75411474
82.03197916
108.4975646
95.1038091
65.94182573
69.8393152
67.74351932
68.38749176
19.82931481
68.34363741
69.0711019
69.05704209
67.94218431
69.3850111
69.18466636
68.9047153
69.16635515
68.92953821
69.31006937
68.97411267
68.873977
663.2210881
1779.635724
636.8305729
1043.988011
525.8248113
719.5932941
476.4210705
673.4401108
725.6492371
21.92166616
680.2869531
651.7077477
510.1749346
647.6885267
523.7306792
678.7491078
723.0420161
702.7249423
788.9405336
816.0390779
686.9311342
62.96222263
659.6350745
485.4386022
2.134649731e-06
91.58561682
666.4949424
20.42389816
693.3522339
27.19588201
774.716431
830.8500414
695.0433955
77.81517236
1566.557009
989.5466384
15.02240356
619.8569602
772.8927606
730.5058678
689.1776879
655.1865471
481.352141
630.8640297
826.9702916
512.2990597
744.0464224
625.2265032
657.6028121
756.599962
666.8933122
552.9577899
651.966944
738.2194136
653.546585
835.0726862
641.9641187
607.104234
740.0395095
96.34523386
1069.92956
695.4059284
554.8445589
16.54053804
17.37187429
675.1641638
14.94474276
18.55174198
758.8873451
489.1115255
644.4413604
634.5428287
19.37826158
509.7055123
645.7127217
634.8337041
505.6976317
804.164769
39.78287875
621.9739304
76.3917788
65.57602315
70.98653039
68.74605421
70.18062568
69.70380131
69.95344433
69.79350831
69.45982245
69.59910881
68.78682828
69.71442984
68.33157336
67.40975985
685.4082624
835.9099535
672.9855844
700.292017
171.4385493
41.60999642
604.7000061
642.4408355
1133.366731
758.9634153
956.3010882
39.78632661
637.5890731
728.995244
828.4456889
659.5951882
488.2155894
669.034941
529.6911372
713.8327725
741.7692375
514.7015756
606.4051006
626.8748522
761.6966484
635.7742498
69.73605687
69.37879287
68.18218463
68.39243268
32.23769592
25.05607644
947.801301
699.4455508
689.8404032
68.08241577
67.66141539
42.36276419
925.8786729
22.28575053
769.8470637
46.98111211
27.13323708
69.63999347
1005.857581
</DataArray>
<DataArray type="Float64" Name="mach" format="ascii">
2.399192453
2.478936765
2.465542904
2.525990192
2.6101431
2.604126897
2.57979922
2.494187461
2.375484311
2.665092015
2.367018899
2.648432289
2.644176733
2.527381989
2.659834281
2.601995515
2.54938584
1.778186245
1.323213523
2.395671062
1.319418725
1.33039616
2.607688235
2.541925853
2.35188833
2.392270316
2.414070841
2.525238913
2.396587802
2.37939717
2.463938466
2.269852671
2.377400047
2.124447783
2.300203694
2.150840933
2.392267899
2.699170936
2.650522306
2.632876842
2.298875228
2.476062661
2.463882067
2.452531608
2.434043174
2.484509044
2.543831153
2.635026706
2.493579367
2.338329658
2.458257471
2.572755826
2.65740592
2.601433034
2.434381653
2.373123906
2.301224044
2.160826669
2.359161773
2.305728056
2.617110019
2.514807078
2.522271258
2.54181467
2.57857723
2.560819599
1.727587512
2.591232859
2.450661555
2.470324613
2.446768272
2.484737778
2.562893932
2.601037062
2.636544005
2.633503435
2.633517983
2.564989692
1.69911387
2.544573555
2.544545637
1.323135733
1.732582363
1.218167871
1.323066941
1.307065387
2.477287615
1.288089908
1.395967479
1.266596491
1.235592837
1.442477384
1.301585372
1.262545994
1.675299608
1.314922046
1.515160435
2.14387363
2.139493612
2.588950348
2.489554007
2.37366473
2.374923476
2.418987314
2.639174038
1.891987808
1.411408333
1.966383443
2.289688385
2.3565577
2.329684769
2.424879097
2.474661073
2.46302879
2.468112966
2.61400329
2.46670662
2.608756422
1.233207385
1.230270815
1.650423848
2.56146909
1.565845935
1.242481614
1.780680706
1.313488451
1.704400049
2.225262759
2.484742357
2.643693727
2.72656563
2.105594459
2.254868359
2.396095497
2.416495774
2.519823378
2.548352688
2.661514848
2.645832699
2.331896114
2.53145622
2.039816668
2.444188485
2.366276886
2.407098583
2.376928395
2.29963657
2.170844654
2.353961588
2.545973743
2.452299686
2.345117431
1.720586883
1.328901734
2.476629013
2.45949951
2.454097665
2.505851402
2.488160158
2.596171409
2.433354626
2.47054879
2.463361077
2.478958363
2.57520843
2.64952815
2.601101911
2.621841318
2.543946425
2.555374191
1.757546012
2.517615208
2.526859031
2.23389125
2.400020616
2.518998756
1.466932407
1.238146117
2.61769828
2.481645775
1.25759551
1.328432295
1.554390912
1.669345803
1.308336406
1.227017318
1.370850321
1.205050407
1.367216242
2.261383078
2.796988336
2.14533523
2.664170068
2.609237635
2.547910159
2.278505279
2.420023695
2.383789694
2.54857769
2.440272244
2.474078809
2.558919642
2.579277725
1.239248219
1.300885294
1.566059044
2.641931576
1.673032392
2.805686324
2.730781802
2.419583075
2.547558433
2.557593754
2.324863861
2.253090652
2.629776259
2.719462101
2.520550078
2.09450958
2.247833566
2.40981917
2.571691395
2.377503551
2.288752632
2.502812001
2.665365724
2.655698175
2.624159506
2.377943328
2.298775067
2.181873178
2.330519731
2.552833786
2.300594857
2.498247923
2.55479805
2.558657994
2.629522118
2.214412701
1.643094441
1.359253427
1.260687858
2.501711055
2.461951599
2.449509872
2.61181909
2.600573997
2.612116312
2.563069885
2.465689566
2.566909321
1.518413351
2.072403294
2.22812565
2.481233595
2.495586428
2.608400475
2.680927539
1.327642383
2.644652267
2.088694809
2.462300163
2.409376693
1.25355267
2.497661666
1.524429749
1.979488534
2.630067768
1.240253823
1.27355938
1.192635473
1.304185143
2.746292686
2.404964469
2.209728049
2.159251227
2.320429281
2.489022277
2.527446716
2.494745784
2.618997453
1.313404752
2.449006159
2.460029556
1.790262673
1.508375695
2.675638193
2.734031599
2.77248538
2.596717874
2.649064333
2.153948173
2.18791389
2.608894673
2.681846408
2.624934251
2.080826248
2.250290716
2.416253586
2.605148562
2.334906707
2.283299509
2.506735026
2.445716791
2.692281042
2.659325086
2.579954343
2.545975527
2.458096294
2.415417371
2.60142693
2.600463853
2.506787363
2.488617133
2.407491788
2.557284307
2.336502394
2.485210827
2.493999666
2.456861225
2.488769126
2.40393685
2.317193679
2.317795997
2.641037213
2.403596086
2.421808626
2.162793274
2.591046474
1.600459659
1.322887725
1.276978186
1.29831232
1.955063919
2.303845714
2.339512537
2.394240222
2.5256285
2.558310396
2.605369579
2.453362488
2.585072908
1.786604401
1.706469887
1.251906591
1.236064955
1.282244355
1.612044914
1.211131922
2.400237107
1.722104947
1.645605043
1.277250057
2.154007579
2.712015246
2.590915239
2.515914904
2.300023046
2.253442894
2.44758204
2.664410262
1.471163789
2.357381244
2.420427877
1.180990138
1.307817406
2.217560846
1.179298262
1.318631126
2.569420947
2.292676487
2.5477049
2.533976408
2.524783522
2.051125805
2.618467585
2.577890304
2.197269554
2.522290597
2.614772292
2.681192925
2.483757662
2.23831367
2.387305284
1.586326972
1.310588319
1.272333897
1.295001192
1.936386309
2.343742441
2.341944436
2.298544961
2.272995179
2.695822609
2.5855769
2.639921907
2.649987125
2.394839961
2.450452238
2.599791753
2.532536624
2.525988886
2.372621781
2.54943845
2.614465296
2.256629765
2.230564134
2.626658029
2.66931689
2.079143412
2.253465864
2.424775919
2.295492358
2.274570294
2.563480389
2.509165976
1.986623814
2.494540448
2.57370517
1.681084389
1.25757238
1.322935329
1.3002699
1.498377264
2.484264255
2.639339943
2.378498576
2.432320435
2.344676977
2.318100549
1.485492737
2.494694546
2.589202959
2.446775923
2.916600075
2.538139859
2.412923763
2.732319637
2.635843104
2.486156105
2.379208228
2.602792227
2.306555888
2.670778894
1.867751043
1.543769896
2.209507396
2.254177044
1.291932906
2.698506789
2.705857969
1.202834724
1.177010319
1.201893426
1.465469105
2.23245375
2.539156781
2.429355216
2.631507188
1.332399942
2.641021039
2.461355853
2.369842681
2.564981284
2.239282313
1.430751066
2.596789968
2.52203854
2.561753712
2.538446438
2.33387733
2.215213809
2.203659449
2.597084789
2.348227267
2.413159036
2.732264018
2.255233119
2.531234208
2.649543604
2.590326185
2.610934479
1.314655387
1.500386753
2.560550769
2.542447104
2.49473864
2.553176876
2.559849784
2.731479459
2.082103637
2.223044608
2.427223654
2.646773256
2.256122038
2.233476444
2.577444615
2.373048635
2.776249528
2.624717494
2.461618813
2.406817754
1.71620668
2.512071621
2.370188673
2.271719726
2.486736091
1.603476901
2.472183329
1.328056234
1.268883253
1.302748344
1.438619001
1.917093837
2.803741511
2.765972806
2.596697531
2.605164035
2.617665473
2.624826449
2.447083544
2.38107361
2.650074544
2.598567564
2.569107562
2.488100277
2.614467006
2.347614941
2.664666934
2.287072641
2.23508014
2.63261964
2.554053264
2.340079726
2.18015146
2.586996662
2.477505887
2.630774566
2.472191896
2.664521089
2.465301863
2.673191363
2.116422907
2.335740627
1.144233024
2.212016416
1.42942573
2.620913286
2.628454526
2.407271573
2.239332887
1.179341328
1.309843118
2.623978055
2.591412773
1.129288538
1.17824576
2.685804115
2.460509884
2.630958534
2.486158317
2.609198309
2.083849592
2.614991631
2.507995099
2.511210851
2.542580592
2.479607242
2.408171943
2.303351835
1.428929843
2.63596975
2.532293451
2.518069467
2.656161887
2.751259371
2.338690047
2.344550362
1.322829174
2.234029725
2.59822557
2.1251534
1.659574277
1.721342596
1.273156339
2.398562169
2.367719617
2.663307813
2.312937881
2.755539229
2.789200294
2.209434173
2.557447766
2.496093284
2.679258932
2.056192767
2.156856076
2.427992184
2.674019156
2.250808433
2.181346935
2.613559175
2.780958574
2.609910115
2.243829831
2.25373138
2.646857464
2.556858897
2.344216825
2.536651814
2.531336924
2.219157663
1.866878204
1.538865666
1.289679837
1.315166816
1.45490702
1.918254227
2.649304988
2.452727536
2.344922275
2.634765936
2.687090984
2.461635056
2.495990512
2.314699321
2.717317605
2.258983719
2.23161872
2.641471992
2.432715582
2.876495223
2.595539646
2.700446164
2.628193276
2.663642423
2.681650474
2.395416144
2.585184859
2.530079223
1.320689447
2.322678222
2.411397654
2.757850805
2.630492003
2.32576002
1.493484584
1.185950908
2.682209887
2.234974235
2.250085081
2.202852793
2.563559439
1.806381208
2.330315611
2.417307007
2.644040933
2.60106367
2.650715021
1.375971836
2.555613012
1.924304401
1.632675674
2.549708036
2.502540561
1.187212054
1.575492779
1.25067975
1.176673731
2.573352683
2.640411453
1.402428824
1.305943204
1.352008507
1.311444295
1.671282944
1.938834769
2.562006554
2.598859496
1.505751269
2.351837543
2.3187457
2.410840259
2.847151353
2.315643449
2.320699285
2.553164558
2.605367919
2.672853381
2.17016409
2.543954475
2.523391462
2.532462776
2.548870201
2.566524514
2.585002727
2.53332227
2.758213387
2.438078674
2.443473543
1.873057514
1.759625755
2.518357528
2.328499401
2.641493062
1.052962842
0.8497680052
0.8817219505
1.04359731
1.161560204
1.2889455
1.482986761
1.969198608
2.640247391
2.702250157
2.630843967
2.603680274
2.628630065
2.667788032
2.699766748
2.721727238
2.73914537
2.750924079
2.794882136
2.561993034
1.143579619
1.283095964
1.400198296
1.829236906
2.465660086
2.47940749
2.4059532
2.46958714
2.392631274
2.358449301
2.351989623
2.352852217
2.443893211
2.593748684
1.918116921
2.03977195
2.682194899
2.205163093
1.993400685
2.623815
2.282285766
2.629481532
2.583678939
2.373999442
2.593789929
2.652518294
2.415814947
2.297242401
2.599872137
2.404371302
2.962951627
2.541067748
2.357659179
2.579783467
2.490267963
2.291838122
2.696201659
2.076088172
2.198240812
2.217536552
2.566402351
2.322648773
1.732186371
2.536514961
2.535704077
2.476286568
2.468590445
2.740933154
2.646845664
2.3048815
2.376777528
2.655351905
2.687877714
2.592283318
2.487510328
2.191674379
1.650898991
0.9124181339
1.226096892
0.9778926937
2.356693429
2.345330107
2.100440357
1.155164839
1.671806908
2.606879043
2.317370002
2.663648329
1.336265612
1.957183105
2.354928583
2.801729374
2.354941466
1.00483343
0.9973011796
1.087533185
2.323921362
2.695118364
2.627547572
2.946819428
2.115201484
2.295898074
2.406951566
2.64771943
2.66828448
2.699701044
2.36280469
2.359417961
2.688568568
2.773030943
2.614185094
2.261186686
2.551238611
2.538825602
2.068691216
2.130377333
2.028294017
2.038898575
2.51978706
2.230643969
2.494130767
2.522167364
2.529367206
2.534263508
2.362557563
2.266035811
2.566130819
1.572549106
2.32367804
2.09245042
2.680761923
1.671279544
2.25742733
2.046749251
2.654022246
2.563953374
2.219131192
2.042692161
2.149193697
2.63242633
2.651153491
2.810033599
1.806733427
0.6055699948
0.3323286898
2.573665671
2.572993799
2.09441683
0.4713556681
2.112567383
2.365085634
2.585274662
2.637151475
2.676345565
2.214653049
1.568039775
2.58778759
2.170763015
1.980552691
2.588432628
1.598450967
2.62816933
2.642657385
2.730668131
2.680243471
2.63906697
2.624829418
2.771462814
2.406241656
2.432048006
2.49261673
2.373660424
2.586560984
2.603001507
2.598104162
2.580570681
2.23764383
2.58980987
2.313177497
2.591182455
2.580901454
2.570013582
2.572581243
2.110008278
0.7025693343
0.9005039983
2.517446623
2.365241107
2.421460519
2.271844768
2.511883533
2.328454186
1.955007208
2.08712004
1.360195871
1.65486583
2.571796707
2.542212148
2.556661071
0.8093228704
0.9962867926
2.224629484
2.076831135
1.992979613
1.638178274
2.104799186
2.061842806
2.180981321
2.569754503
2.34875042
1.965681647
2.531741052
1.705608317
1.423044555
2.645606902
1.65322758
1.913105786
1.765568011
1.979387321
2.564551488
2.084130409
2.022168062
1.604744309
0.7923180321
0.6293171302
1.111446916
2.288787901
2.572710372
2.560494989
2.2154352
2.575805374
2.576795598
2.609370466
2.576823889
2.579183267
2.554753352
2.58724171
2.564592998
1.121885575
1.198116782
1.726289496
2.047232809
2.506319774
2.154906031
2.104998935
0.4506568711
0.3173689199
0.232040607
0.2477438708
1.329245522
1.680980779
1.671898604
2.003684683
2.580685062
2.580604246
2.838411998
2.209399537
2.096757386
2.586879062
2.579970854
2.096131164
2.078556277
1.783617883
1.999595155
0.8114179032
2.821385352
2.25776978
2.643596052
1.445932255
2.589986743
2.567263623
2.53644667
2.63011514
2.557639539
2.381315454
2.51243822
2.444314025
2.818124078
2.350208567
2.532294287
1.433905034
2.673233451
2.082794902
2.506652853
1.354179522
2.202384168
2.579858327
2.097132464
2.609073087
2.648988817
2.042774472
2.405575721
0.5981610205
3.499147022
1.069063607
0.1952126361
0.2871259399
2.898512472
0.5603127646
2.191013825
0.7439134454
0.5773060602
0.2468287658
0.636751992
2.08289224
0.9738660849
0.3833439224
1.256077641
0.3986665958
1.633798441
2.076798959
1.59364718
0.5535912193
0.3217162026
0.2153629061
0.5706252949
2.185679438
0.4507450156
0.8450280047
0.1692108624
0.5151338819
0.4072565312
0.6844583595
0.5233172165
0.3082505763
0.6168511997
0.3754620442
0.4694790582
0.6174727878
0.3977793077
0.2837952847
1.27062334
0.2695941614
0.2366954782
0.3791413204
0.1903836656
0.4742169271
0.3867630446
0.3338475956
0.1151920593
0.6495227352
0.170150484
0.3413904014
2.992788318
0.2726731635
0.3850941017
0.2672936512
0.4766964535
0.7195014996
0.2407939828
0.1203854595
0.08917199619
0.3983587962
0.5424072179
0.8955555946
0.6276685492
1.699844988
0.2134384558
0.8233349951
0.1718604484
0.5531335358
0.3462304268
0.3641197907
0.2996786114
0.5381950165
0.1308205319
2.092041803
2.358357984
0.3331409225
0.2211556902
0.381713096
0.6395293486
0.3524002538
0.3513225125
0.1403159522
0.09036998209
1.039920628
0.6740381848
0.6223206862
0.5808889551
2.14470397
0.2572834013
0.05310411405
0.6337751061
0.1408069474
0.6843710495
0.3909120726
0.9617425747
0.7468349743
0.6406806936
0.6743345996
4.230224616
0.2143040109
0.1156970733
0.1373770062
0.1831608476
0.1338698194
0.05318129041
1.13368241
2.21924906
0.1219227027
0.1258307306
1.845247035
3.721931792
0.9621522655
0.4527629886
2.554207291
4.233633148
0.5451533262
0.2615602303
1.762784055
1.480157641
0.8942327353
0.2907691242
0.2207936567
0.6425935311
0.1644093422
4.683769951
3.469570725
1.165626594
1.839022159
1.894226566
0.6866541231
0.253441197
0.2285685088
0.3239165639
0.253319679
0.2068295126
3.734663862
4.607807924
3.284313951
2.248295084
2.06511664
1.947470791
1.215072246
1.352384246
0.6978644948
0.2423180069
4.337664806
0.3284283704
0.3708590058
2.431230597
1.347096078
2.317532734
1.968940698
0.4857287457
0.5491877876
0.179632291
0.1063898103
0.1105899109
0.1239766206
0.1275318424
0.1676230603
0.1639677662
0.1314967776
0.6406029886
0.1847640555
0.6261235453
0.3620881238
0.2609746721
0.2773476064
1.078385312
0.2385531085
0.1790029942
0.110490048
0.896820396
0.1902254873
0.1845821357
0.1659128853
0.1394233178
0.1227963494
0.1323989292
0.7827262612
0.07454670976
0.1404991104
0.14372024
0.1499153056
0.1317064022
1.818588864
2.545251364
0.45257374
0.1920671791
3.222196707
0.1512044008
0.5224217659
0.6148787471
1.228503126
1.333943604
1.564271439
0.7972040962
0.3614152736
0.3291213006
0.3171961637
0.2332782356
0.5201642741
2.156859367
0.6257767252
0.4149474964
0.3992486467
0.4639990479
0.2894697885
0.3084744573
0.347463703
0.4352072577
0.4240210559
0.4146039238
0.3841699756
0.2395168498
0.5990503263
0.6335449315
1.230580121
1.460951454
2.460490639
4.458568094
21.36810111
0.6218790894
1.26113171
1.185177492
0.821047303
0.5849271473
0.4031752463
0.5222190933
0.7688413355
0.1761376004
0.1171382395
0.4380346906
0.4816245386
0.5023025648
0.5309445204
0.42267653
0.4721779532
0.2728757006
0.2981295043
0.2572753979
0.3537127894
0.2882222941
1.077985036
0.5960481478
0.5645650872
0.5679587434
0.4525025396
0.4333237445
0.5312623335
0.7198685715
1.055852914
0.1522927725
0.1364764307
0.2427439994
2.623358304
0.1800947913
0.3830072718
0.6041823124
0.549191366
0.4611576167
0.6958237419
0.3305803866
0.5723241642
0.8708456046
0.329842573
0.2145965699
0.6461468113
0.1931656429
0.1579337332
0.295184107
0.2861857437
0.3291389336
0.3669985265
0.3859926577
0.3891889854
0.3695986327
0.4185086242
0.4515062258
0.5636010684
0.6530479232
0.3514814269
2.562364879
2.797741631
0.5731461379
0.8645864912
0.7269346895
0.3892685117
1.195645888
1.062912824
0.9347802566
1.904035028
0.6064707993
1.056440821
0.8716899086
0.5999136296
0.5421821019
0.5594142708
1.00074248
0.5466242831
0.5597612418
0.5705559672
0.4950217188
0.4344614264
0.4827375979
0.3801016242
0.3323109799
0.2803345446
0.2934459035
0.1272588851
0.2192739406
0.5680575054
0.5102457766
1.347999481
0.3583403869
0.368743521
0.4209032024
2.424474698
2.020442516
0.9780591971
0.1642465396
0.4240669302
0.4565271895
0.3803766937
0.4249303094
0.4145230755
0.344284126
0.3075698375
0.1283835559
0.1368847316
0.165295613
1.071537015
1.0852108
0.8777353563
0.3762641469
0.3897743496
0.3860453228
0.39403298
0.8049588798
0.6349680539
2.582854153
8.330701941
2.982879617
2.484171246
2.857460329
0.8160566223
0.5108140707
0.191136851
0.5555929524
0.2128869671
0.6573536443
0.1945860514
1.90561085
0.7924879553
0.7512884068
0.1362454475
0.5639024733
1.344705062
1.192520937
0.3875507099
1.054339683
1.031905897
0.6421408954
0.7646380782
1.947444949
0.2954441202
0.2791963361
0.5146988864
0.5350688254
0.5316601976
0.533841297
0.4647919145
0.5527289636
0.5863092781
0.2912092503
0.3498378256
0.7891684915
1.802084604
0.363454928
0.4538210268
0.2552233839
0.270437286
0.4281366395
0.05576954941
0.03689089183
0.05050291474
0.08745616573
0.1096495956
0.1213118669
0.1342265198
1.060070037
0.375748184
0.1334797795
0.1516477444
0.2934031664
0.4102613576
0.8304151007
1.079651801
2.37676993
2.363138703
0.7805731934
0.8119736151
0.7357025418
0.6175549066
0.5405475357
0.4724254351
0.397419011
0.3896933784
0.3785168564
0.3583473496
0.5709829494
0.8967111294
0.7635239702
0.2921041932
0.5198377111
1.072937957
0.9359096155
0.7562099863
0.6698150063
1.860979941
0.4072728485
0.4292936376
0.3301310218
0.3254902207
0.3332888135
0.3160496671
0.4212545891
0.5446581723
0.3505257646
0.5022420809
0.4068011756
1.915821689
1.71835938
0.1335389273
1.00256764
0.2266101417
0.2435719969
0.2668886737
0.6232779359
0.5725570441
0.1858485758
0.445265957
2.982110102
3.090399028
2.639693993
0.5042993417
0.4877914049
0.502949845
0.2361488046
0.2510100191
1.211894518
0.9408479778
0.3123600403
0.3026664748
0.2843026096
0.4739652359
0.4265592018
0.5600867295
0.5377574837
0.5985474836
0.6592045497
0.6620095075
0.5888123184
0.4365513863
1.054109076
0.5729080494
0.07224382993
0.08234870406
0.4140580195
0.05366996313
0.2036116026
0.06571613343
0.1033281314
0.1193984401
0.13086555
0.8291850544
0.8383919311
0.142997468
0.1322535282
0.3934874671
0.4254424828
0.2647714874
0.7094322819
0.7762123811
2.567389104
2.026151006
2.236788298
0.5595412178
0.4733611077
0.6374748904
0.9976358524
0.9455453174
0.2455245238
0.3429842355
0.3305472398
0.2887567314
0.267544148
0.4311215623
0.0391013104
0.134080237
0.1018059444
0.4895056571
0.5850680658
0.315965375
0.2056684757
0.162681016
0.1993331985
0.2264562929
0.3093689817
0.2830903323
0.4217667124
0.4802539457
1.71996356
3.504893925
3.360312057
1.629702412
3.783258221
2.481614579
0.4988568142
0.4221495259
0.4349465667
0.4430577515
0.4551887736
0.5012069116
0.5507282703
0.4952906774
0.601886199
0.6595949562
0.683121867
0.2189591433
0.2894982946
0.2429156622
0.2997165001
0.290941956
0.2266618813
0.4126655677
0.2392107736
0.608871405
0.742356539
0.09461621571
0.5534438237
0.121864264
0.1124726041
0.1048109642
0.2134108859
0.1192173377
0.1318147382
0.1540147745
0.1093096496
0.1157528979
0.7013143555
0.8450795105
0.7967720435
0.4859611802
0.8806172113
0.4171062155
0.3864440502
0.3865814753
0.4718900856
0.6110201527
0.5155603359
0.7748361063
0.6207463676
0.7202261085
0.1993540107
1.561811945
0.4031513128
3.309609814
0.4023096456
0.5499061842
0.4881800677
0.889742688
0.7744006646
0.8628077071
0.8895953106
0.3146026765
0.3030728239
0.1484344228
0.33468963
0.33058653
0.398849389
0.403752119
0.6085618487
0.5057343723
0.666642472
0.1385598775
0.1130587873
0.3442227714
0.6971445559
2.480826949
3.823208955
0.4004472565
0.3733535871
1.294640777
0.8835021752
0.28510562
0.438191577
0.8269326044
0.7384378483
0.653721437
0.6067605958
0.5732648353
0.275137444
0.3204314228
0.2807805533
0.2667074722
0.7386427405
0.254235153
1.171139754
2.3424511
3.783477206
3.721588402
0.2410046146
0.3736189222
0.2949239696
0.1201214391
0.06731032417
1.870735543
0.5347814038
0.3282370055
0.3781914813
0.4834019553
0.4643409489
0.6366346081
0.7807085584
0.3504988305
0.1510139544
0.1557311997
0.1307217221
0.1209511159
0.1236857993
0.1234976875
0.1263794977
0.130160392
0.1430665693
0.1654671115
0.1620810187
0.5627071056
0.2147655384
0.3419161554
0.3906091385
0.2238382462
0.4848419452
0.2020465331
0.8468141204
0.6369270774
1.151785914
0.3798195577
1.712458869
0.3614676462
0.7554373321
0.5375167579
0.1768705904
0.7405241001
0.574079859
0.6773856817
0.1632631509
0.7056880418
0.3602123817
0.8704999354
0.797759779
0.6888847583
0.4935038636
0.4068754842
0.2229907209
0.2380031594
0.3164146794
0.8340967394
0.1704471389
0.6922826302
0.2378246312
0.1635666103
0.1872307165
0.379425451
1.426488557
0.09386780224
1.331622257
4.009666069
0.1216320561
3.399061508
4.099362725
3.770448365
1.259137738
0.6414605922
2.024678256
0.1811450169
0.5866085066
0.5765322728
0.3135945118
0.4638697262
0.3135061241
0.2890109892
0.3404221772
0.3755548693
0.4632658315
0.3993589566
0.6021350756
0.6254642417
0.6354927513
0.5124072145
0.610183868
0.8758727832
0.6622475316
0.9677056895
0.9995183237
0.7208198538
0.530339174
0.5610341941
0.5036567841
0.4951660925
0.3796878506
0.3862095977
1.174373934
0.8663981588
0.4088313626
0.4944302917
0.4627300526
0.4144962942
0.3302981114
0.1485534014
0.259697303
0.1022232874
0.3254490862
0.1740240294
0.1582842198
0.07414836464
0.3863839708
0.5415534863
0.722990705
0.6768413054
0.2216970868
0.1562491833
0.1383402745
0.1195604593
0.1495848438
0.1442798876
0.1633234385
0.1245688007
0.707076151
0.231481812
3.291612648
0.4911738021
3.604995215
3.322888118
0.1243881049
0.3807276601
0.870942857
2.336509521
2.859931543
0.1177980716
0.1588779832
1.002249947
0.156462018
0.165051515
0.6478478376
0.3928042651
0.2606412496
2.513567053
4.287129087
3.536866125
4.027453516
1.260997458
0.2205935341
0.28638609
0.4037262603
0.5900170318
0.5388308033
0.7043718029
0.910098996
0.7694926812
0.8082331302
0.6617635094
0.5716671933
0.5242862468
0.3789871448
0.1229516402
0.2911649668
0.827739853
0.4104067271
0.4565703597
0.3440501725
0.4276854917
0.3458316487
0.2628341415
0.2959693344
0.2956694946
0.3587334225
0.6857544637
0.4192894094
0.4137038289
0.3580064386
0.4487893267
0.2225335068
0.2345502362
0.1773041465
0.1475331968
0.1568909487
0.1298942181
0.1393417478
0.118218489
0.116831751
0.6874170888
0.5082383543
0.1211029456
0.1337499122
0.1256420409
0.1193972879
0.1032564267
0.09815734469
0.06459198884
0.0799334666
0.1220334804
1.016708051
0.1595549967
0.3019368064
0.1201710801
0.1162004285
0.1190963985
0.1300436504
0.1950281111
0.6112991939
0.6728344106
0.6487320875
0.6579499335
0.1377381541
0.2044891719
0.5287773001
0.7238886984
1.003124856
0.9391442539
0.6296218182
0.5226048929
0.653765825
4.490270227
1.576189708
1.542859637
4.397588147
0.5999355792
3.987758941
0.3329882845
0.5388889012
0.2298168626
0.2361544214
0.2742839861
0.3135978627
0.3580135688
0.4550771468
1.064857135
0.5690367625
0.179354904
0.2947185086
0.345153569
0.3541064828
0.4157987211
0.45861938
0.4856452112
0.2803240428
0.2979596549
0.2577403326
0.210957169
0.2246689141
0.1718310718
0.2063801916
0.1347424932
0.1365562244
0.1444282724
0.1500896094
0.1617523283
0.1180829611
0.08084149449
0.05521449013
0.1447353341
0.5819803044
1.221518675
0.9925745461
3.605575629
2.20187581
0.525375612
0.8396853221
0.8761889978
0.820594869
0.4250170055
0.4871985531
0.5985039845
0.2263727453
0.2015947482
0.2026591781
0.1412794042
0.2050177341
0.150485401
0.09575481624
0.1160932745
0.1385622885
0.2241788926
0.3125074792
0.2468762728
0.7458428398
0.7310047476
0.09593076795
0.1111579596
0.2169398027
0.1775216132
0.0923144975
0.1404602264
5.029351332
4.264871285
2.695177266
0.8088074388
0.2170784791
0.2823964361
0.2954686535
0.2926099784
0.1767384867
0.248721412
1.258520112
0.953686659
2.026246348
2.917994848
4.309195705
4.636497238
0.7574871843
0.7830526336
0.6263809637
0.2854346764
0.1271471278
0.2217818788
0.4046172245
0.2041353142
0.6867358899
1.089077857
1.263589669
1.359596796
1.414984043
1.37138328
0.682619524
0.4607570391
0.7176459074
0.8974685735
0.9747855188
0.9578815433
0.8256909607
0.6267395959
0.3510938872
0.7514062173
0.370289556
0.1134065566
0.1830676523
0.1583570147
0.1701618076
0.2379401033
0.1219402152
0.1298503811
0.1249026544
0.127134841
0.1273710243
0.1225028992
0.1321321497
0.1814826344
0.1824740006
0.303185864
0.2197973398
1.081250099
0.2964319069
0.4876450974
1.096351061
1.035502166
0.5335137612
0.1777132885
0.3095280826
0.3947140997
0.5067367894
0.584732212
0.6010863141
0.2449852038
0.1033639138
0.5081422775
0.5463389339
0.6040984811
1.175665891
1.205838812
0.3824822263
0.445257451
0.9540698401
0.2156990993
1.176338013
0.2791115798
0.1752062413
0.300337705
5.799159885
0.5538083112
0.936687127
0.326015563
0.2646625952
0.2633462205
0.3539298728
3.484926295
3.76037797
0.2474357658
1.300539284
0.689831557
0.6926960932
0.464069604
0.1451675199
0.7564730008
0.3716030992
0.2631598821
0.259399728
1.183452143
2.361036895
3.257858291
2.981491415
0.8952651128
0.8446347367
0.6658529848
0.4099978023
0.3674730681
0.3011033354
0.7112001468
0.2957378017
1.500544237
2.020715902
2.313283178
3.64981659
5.34926704
2.81569935
0.9471876639
0.1231668619
0.1210928084
0.1197189477
0.1288138348
0.1367052651
0.1427790219
0.1462631822
0.1510233052
0.1570471955
0.1696592517
0.1177527662
0.1131820153
0.1154186003
0.104220277
0.08439490964
0.1720774718
0.5559778405
0.1782719305
0.182329091
0.3982590121
0.3651808878
0.5711106356
0.5231848893
0.2415555507
0.4605313786
0.3204380267
0.528744936
0.4751847324
0.1803816386
0.4069150298
0.2001638748
0.1855106902
0.2043690466
0.1892963796
0.1389578488
1.223025056
0.6841974145
0.5389095503
0.2248631927
3.617044783
1.787626844
2.282575799
4.42448668
0.1066929826
0.3562361332
1.304756214
0.1202203359
0.3831090229
0.7317784875
0.3725338663
0.1928613814
0.1283844392
0.666896786
1.876889658
1.526204269
0.3309995427
0.3503396554
1.123757729
0.429059047
0.3804122036
0.2824162776
0.4266578992
0.2901829714
0.3428161807
0.9499840625
4.357582912
0.7839409447
0.3298728984
0.1106614892
0.10946521
0.1367865934
0.1279400235
0.1351083001
0.1399846825
0.1458118269
0.1092224811
0.1093826174
0.08513110091
0.1194427105
0.1132149503
0.1283476972
0.1369782067
0.1243775687
0.1270509721
0.1295706204
0.1558419136
0.1606663
0.6442021322
0.1714418127
0.1760591823
0.253778233
0.2553656483
0.4968092414
0.4461699361
0.3587611244
0.5168635005
0.4995907404
0.3553496882
0.383944206
0.2801894772
0.2341124611
0.5974137921
0.9888715528
0.4505200036
0.2400561416
0.1675553733
0.1657171994
0.1870483802
0.1778909517
0.3226481975
0.1801742928
0.1682370521
3.228712255
2.141307411
0.9417287981
2.100157115
0.1910260528
0.7405590196
0.8572935321
0.3195400588
4.059791889
0.5716475788
2.714329211
6.627606208
0.7302073624
0.5162332716
0.9021252756
0.374496592
3.704517313
2.01315821
1.894399126
5.598634482
2.955253395
0.9318210562
1.926368646
2.231410653
1.605384887
1.060786476
0.503380466
1.181611382
0.8991566547
1.498080438
0.7739871481
0.04361958884
0.1360591484
0.1760619004
0.1481062601
0.3050256996
0.4284583039
0.5184467454
0.3097937248
0.6385067274
0.6823806384
0.3921157073
0.7565371437
2.336827229
0.7786624714
0.7636900182
0.6715291848
0.5141261804
0.5617192972
0.3208310664
0.4850606782
0.3326824854
0.3955447821
2.444226
2.530304371
4.098877498
2.341713454
0.2726092905
0.1682533443
1.218326157
0.4716406735
0.8024180811
0.9893188128
0.5282374434
0.6607673109
6.187824227
2.822008721
1.329040582
1.441082567
1.190374086
2.479924734
1.851547257
2.204147258
0.1409938335
0.9912861219
0.4308981073
5.208737945
5.338840685
2.332449919
2.217957038
1.673418039
1.052979459
0.4778478728
0.5999945039
0.6915418245
0.7706313033
0.2003779886
0.2564125115
0.3620991816
0.220099991
0.1546405349
0.5858863639
0.6355621606
0.5972913182
0.4603954246
0.249677296
0.3201800416
0.1745274867
0.1674045473
0.1694929546
0.2340436251
0.4119709076
0.150755042
0.9533929296
0.9095466107
0.1722055416
0.1706008983
0.2179183824
0.2164615134
0.3305816449
0.2172922699
0.2944457248
0.1749627131
0.1933372812
0.1990475432
0.1505659827
0.08132108051
0.1252309264
0.1145382192
0.1116080748
0.1171274417
0.1212241301
0.1214558921
0.1380503583
0.1338869765
0.1300174182
0.1265993341
0.1272183997
0.1730381671
0.6419420489
0.2948567148
0.4190265175
2.753406093
1.279437621
0.3269423064
2.077155626
2.494568636
2.265420373
2.705567845
3.672387699
0.9213609047
1.5374028
1.584342124
0.1476835929
0.2035135337
0.2239108353
0.4400540109
2.356007879
1.928637855
1.932719563
0.8736093749
0.8765924323
0.1842423169
1.241991662
0.1395913572
0.606890047
0.5017444357
0.300427662
0.2932035203
0.2937462689
0.1901337307
0.2421346359
0.4924311701
0.5479866037
0.2981808732
0.5565428195
0.6961785076
0.2742215541
1.139280053
5.163094202
0.7754234606
0.7685631362
0.4636085912
0.3486373223
0.412512638
0.4802602719
0.4337897074
0.5431687182
0.3380446956
0.6553899898
0.3549607032
1.584868541
0.5748857434
0.1857934511
0.3004238893
0.8878196826
2.265605014
0.7216781507
0.2995668641
0.5077668684
0.3626042982
0.297392437
0.6836590946
0.7167823544
0.6879695951
0.4396571997
1.360300235
1.130925764
1.290836164
0.888804401
0.6680352709
5.224642377
7.722105824
1.864338575
1.168044547
0.9572279019
0.7799187101
0.4684830618
2.187610542
1.80785423
1.471922751
0.3151584326
0.5973002795
0.8153045912
2.036181044
2.195420034
6.027813316
8314.507177
15.97425595
1.364004351
2.282788446
1.001452752
0.3786304989
0.09312286975
0.4895212599
0.3155291864
1.551256655
0.3575686981
0.4669048904
0.1973915278
1.085854248
0.7940660422
1.163487126
0.3730259187
0.1749260011
0.1730337784
0.1469338373
0.125756107
0.1107246709
0.1499970305
0.2336247957
0.1838103972
0.1543288812
0.7153064571
0.2202678794
0.3829797762
0.2237358595
0.1637186414
0.1663679997
0.1580837081
0.1716059279
0.1558612321
0.1938372922
0.1368105884
0.3108289019
1.174871405
1.277482619
0.3811274091
1.607855323
0.441951922
0.1955027906
0.478674813
0.1650784511
0.1648976065
10.25034104
0.1534126959
0.1299434423
0.1112205039
0.1319094345
0.1171327797
0.1197584727
0.1209758604
0.1739087624
0.1414953286
0.1416243409
0.138095542
0.1266727017
1.945620848
0.5989183393
1.818881591
1.307480427
2.05264957
1.943911278
1.597886993
2.096605067
1.11990487
0.2697506623
2.110971991
2.136403604
0.8383926624
0.5550835112
0.8066333908
2.107107495
1.576392546
2.047337124
1.082008373
1.033279519
2.078305553
0.1738041764
0.841941437
1.992997121
34293.82324
3.295596019
1.224549712
2.383648881
2.033085973
0.8912131306
1.115172099
1.101020825
2.045572044
0.1637871072
0.7814064675
1.417371257
2.196919787
1.618145664
1.767683663
1.596946803
2.095913491
1.112591317
0.9761392321
2.19570636
0.8528954163
0.7762496309
0.9337431117
1.154805941
2.08480661
1.222158862
2.045301061
1.223058262
2.14551703
1.023789273
2.104965977
1.245437501
2.124082081
1.104080974
0.9200419435
0.6000425566
1.305293116
1.877898802
1.820848187
0.2185291208
0.144662781
2.08939095
0.2438015665
0.08952919167
0.8526011958
0.7015942476
2.135380253
2.143827912
0.5336229468
0.648539837
0.4414631369
2.186949327
0.7074069712
0.8152167079
0.2152165521
2.212604643
0.4074596159
0.2053006217
0.1427284315
0.1465035538
0.4228326354
0.1626915307
0.1459949284
0.1338564549
0.1252711892
0.1215033895
0.129074604
0.1162305831
0.1498483816
0.1407596328
1.181840377
1.62520334
2.105637694
1.255936334
0.7522966138
0.5523677444
1.805775176
2.111054876
1.262885279
1.366570563
1.351475016
2.116178197
2.112656218
1.257162589
1.005523925
2.113668351
1.762501747
2.085428024
1.447388603
0.8701420745
1.383364314
0.9111164
1.0878458
2.177274756
0.9836745111
2.169282457
0.1169297281
0.1218958564
0.133719946
0.1339052571
0.6893960232
1.988554059
0.6177101795
1.588167242
2.066097331
0.1369669703
0.1408492991
1.005889723
1.24283013
0.5418349079
0.5610547771
0.6758516136
1.436381362
4.384333339
1.201443837
</DataArray>
<DataArray type="Float64" Name="total_energy" format="ascii">
470.7437864
506.6896906
513.3432022
509.9395331
511.0410356
510.6330891
512.031577
478.2330578
473.1704344
516.2578549
469.670393
509.8389303
510.4763258
505.7198908
509.1027472
490.1043891
486.1069398
535.6614461
698.9008899
463.4534092
677.6466444
701.1146994
517.2989686
487.7964206
443.2187163
453.2395879
473.0110472
498.0616123
470.5902443
451.6076272
491.3646788
445.6736551
458.4862768
385.3787169
446.7956894
397.6554602
477.0349498
520.070679
508.8212112
513.8919247
426.4833533
501.2625329
501.4305545
505.8420119
504.8397073
506.5869362
510.8879996
508.2492493
485.5075151
433.7327859
470.8674826
512.6468639
501.7653291
491.851708
488.3081462
460.6890402
446.47621
401.994063
465.796505
430.2337365
509.8902658
504.6282529
453.9379042
499.3306825
496.1099412
496.5223738
561.849204
513.8169818
501.3027898
512.2456787
506.0147318
506.3857178
511.4347805
510.3629054
508.5234886
506.0367912
508.3167028
513.2906128
544.6900287
510.2536989
487.6065159
709.2116619
546.0994442
721.3879998
698.3752323
734.1708383
464.1689017
786.9052629
652.3862251
759.6106937
704.651144
632.7505971
735.2286645
646.5264389
580.5907742
758.3276575
639.1605756
522.890657
392.341835
510.3292977
494.5042045
454.8011008
449.3525697
456.7915271
520.2824496
539.6310758
682.9208168
530.3093519
446.1505088
469.0358728
471.4186423
441.0410073
501.3862587
513.3793677
512.8709629
511.415304
506.5039943
512.6860183
781.9893316
756.1059444
603.4141526
501.496135
620.7131006
731.8181918
568.1985392
666.1763563
554.1312513
516.8441135
465.0235794
509.6380801
523.3342925
377.2172387
446.4380364
447.054856
481.3880244
486.617479
487.9922973
500.8703667
520.3130852
475.1314597
503.4632999
520.5334409
458.2183503
467.7208905
484.7116697
461.7725664
446.1894855
405.9725895
463.4737466
508.0925198
430.5395596
429.3132062
583.7615175
734.0978428
501.532601
505.3548371
506.5337378
508.9145938
508.9699186
505.9464912
501.0769077
507.6861601
513.1842885
506.3078432
511.7545036
509.0510599
510.048596
508.6382159
510.313424
512.313595
575.2283327
507.7644626
498.2282878
504.8334925
524.0479932
507.2796824
596.8122351
672.0027033
483.2266949
412.8351859
817.0166113
788.1199414
664.2715692
515.7007492
626.7218637
694.8684514
649.3683297
699.7506096
602.0813423
510.9906139
509.1914676
545.4852162
481.4720338
507.9533282
511.3864151
420.5560549
489.7871428
469.3840496
500.8140226
505.5408601
511.9664961
510.8818042
488.0461336
807.4084347
762.0187658
618.6532362
526.1726068
551.7254979
523.2795928
515.7018882
502.5028772
509.8630688
505.1772888
477.3240697
412.0586732
509.9234147
525.2293333
496.7642502
368.2275758
448.6031044
439.4117493
503.0864306
484.2567686
423.4282996
486.4719625
500.302713
520.9439207
522.4775209
462.5722957
445.8693971
410.2884994
460.1887151
504.0025949
503.5603225
507.3717391
510.793934
523.4308114
495.9584241
422.3327397
570.6580878
758.0005853
841.0930699
509.3428596
512.681282
504.0221137
513.9170639
509.6581791
508.2568886
512.7126573
496.3400433
494.1939134
671.7582817
535.9322678
423.8662487
512.4247554
510.7014811
512.3470302
502.841169
724.7747853
518.6980905
520.7323031
417.4992137
453.196961
589.5358404
523.3603722
567.6191679
504.608607
505.6528157
669.3249428
643.2607335
666.3167938
626.3221058
524.2061168
522.992725
409.7854518
402.1958638
434.3398209
486.9981441
509.7977512
505.44416
518.5302709
806.5733325
505.7886826
508.2341526
516.3297623
647.5614783
505.7197362
547.4506394
532.8628755
521.1371849
525.0205512
392.8450782
381.6636404
507.8745981
523.8611855
507.0130129
357.6128446
452.0985636
426.7595973
506.9245054
486.4374271
413.2768964
489.5921022
484.5264276
495.9654141
521.2532349
520.4865194
511.4631776
511.8547252
503.2916629
509.0549838
507.9433576
509.0611384
505.6402936
491.7838213
495.9086304
412.0140755
502.3781031
503.8747564
505.2621361
508.5626924
465.2367128
447.5035064
454.0324593
487.8428728
484.688906
516.5469237
507.932029
508.3292482
596.5305907
769.4629986
860.0674839
824.9449046
493.2894392
456.0475236
464.6038025
499.6096421
516.4760198
506.6932378
489.655216
477.387537
489.6156708
485.042239
591.4017702
863.5951463
833.8205436
826.648786
557.1470977
603.2070029
514.6091954
550.4718449
544.0515809
794.5746199
539.8910402
519.6173478
523.0495968
519.8220883
470.5066355
471.0597184
516.1628601
525.8133551
598.887862
519.4235711
515.6251607
634.4998889
544.4003541
470.1808302
639.6703673
559.3681025
520.8830188
478.82958
508.5468755
518.978101
511.9545756
519.4694541
510.0213461
513.8429409
414.8334834
486.9151771
523.6437816
524.8441791
472.6084039
418.0927475
481.3560259
628.164211
793.2522289
879.7163687
851.0752896
538.1483595
452.3623507
454.7788127
451.9383403
447.8979002
530.2576477
507.8565124
515.9974254
517.453933
503.1972009
509.3582268
514.3675989
520.8776219
517.9191194
498.2713848
506.0646602
510.4209525
479.9227434
388.4253186
521.1983653
513.0911445
346.5216255
454.5766247
411.4309066
487.1922803
398.3298217
540.258015
519.9246262
484.3638616
510.8165048
507.4732103
602.2782976
887.7137712
774.4970482
852.2968437
680.1885816
516.3562025
535.7320416
517.8974772
514.0081115
517.9377304
494.8235809
492.0427461
508.2963
515.1314167
505.3747994
518.997399
496.179398
481.795945
492.7582857
524.6295034
505.0693725
489.715037
500.53886
489.4080422
503.6380895
462.1350482
553.9655713
472.566807
440.6073077
584.5588654
528.2241037
529.2766844
608.0264084
582.5796035
613.6764101
563.2935577
422.2920383
540.6084949
513.1861507
495.2548911
795.7261629
507.4805401
531.3472478
451.3507397
506.3228229
401.9212094
702.611104
506.8576342
517.0621913
523.7863343
392.5865315
511.7592605
367.1498492
473.2838926
533.7862684
517.285165
515.4451618
516.3205599
452.6163867
506.6897059
503.7575374
516.7876363
502.8051337
873.7143897
700.9811172
516.3995902
517.5430767
517.5892247
508.9871461
518.3422426
523.3782312
333.8699856
445.8131609
394.4410722
513.0869644
488.2109571
375.5840964
504.7912052
479.5894994
491.3286333
523.1367694
514.5891761
512.8367812
555.1275361
469.5691869
444.6813122
412.8404712
459.9941001
640.5233376
436.0513362
823.9645317
903.3160212
874.7071335
729.8581821
553.5721388
486.9017684
511.3933524
517.7825827
519.2599398
520.5751158
516.6040995
505.6206592
501.9779324
521.6624104
504.1265868
507.7768818
507.6773545
520.3609803
484.4531939
508.9751992
379.2973793
486.4050127
506.0234397
384.2680368
472.5862218
464.9060502
521.9497773
515.6660229
524.3072821
514.9789779
526.4163255
513.856702
527.4142774
520.3285306
515.4573323
588.1357981
519.5465204
523.5284292
522.3531968
525.1105967
513.6165973
409.9469835
571.1434824
614.6813305
525.1896993
524.5156059
590.604856
566.6349836
531.5836054
511.1417446
505.1679863
503.9576132
511.1140024
562.2681741
501.6360325
520.5370415
519.5411009
519.9618974
515.7705824
514.9355898
395.9902858
667.2079551
512.9075605
524.5903813
517.4087021
529.5908976
525.4226405
507.5489763
523.192939
516.7200578
431.3565259
534.5704799
506.8123052
637.1871998
628.0481029
907.1528177
519.3215651
517.5730971
529.6444492
504.7542911
532.5863221
527.2419291
369.1220878
512.9680061
513.8706057
522.2470009
312.742867
429.7960898
374.1699116
512.8484592
494.0416948
348.67561
513.0427754
483.2955134
522.2222293
483.7526875
490.8891999
516.432871
503.5540458
494.9536184
519.8724564
519.2612329
456.0330671
467.6201485
645.4892607
929.4214624
894.3132027
749.000033
578.0222089
521.9176419
500.8996157
497.8646744
524.4793974
492.4830358
506.5305553
502.6456099
475.7998831
517.0398706
359.5507828
491.1590311
509.4676093
368.9456554
529.7668685
495.6463794
522.1103649
535.0586609
534.5907774
535.5746254
474.4418539
533.044487
521.1921295
524.1930179
511.9471824
514.2818903
532.4849095
489.3270855
511.8194796
495.7240791
556.1203744
536.7246843
355.8158116
342.2059907
363.6532018
524.5481968
467.4454333
510.6619888
511.8073078
534.438785
532.3882067
532.7995277
508.0478633
520.1054077
480.8972173
524.9824926
529.8687074
527.3923587
570.4911374
521.6176258
567.7117107
557.074593
497.7330888
531.2982649
825.2729544
921.5525913
810.9417189
893.1828601
614.1908303
550.6671796
493.3251864
517.8760252
721.8760214
523.7193148
475.1835783
511.6802413
485.0912273
490.3507646
509.2028031
507.7385754
522.2531387
535.6443995
342.0371535
522.1400497
517.7883519
523.3377852
523.7899794
535.9655638
541.0255903
524.4742301
541.3006307
528.9313384
529.6770396
470.9492246
531.3627327
491.5521727
483.3322519
499.0492367
579.9701264
642.856547
748.2293302
897.4482281
977.2117814
917.2297891
757.1538328
576.6208287
497.2515451
520.846401
530.0846904
527.8091516
528.225424
529.6818425
530.1588556
530.569767
531.0911735
531.7608041
539.5370794
516.5998757
574.2714903
921.0320976
761.5872177
561.484085
524.5071747
519.9845087
518.2768626
521.3210165
519.5692946
517.0749556
514.3382357
516.5139201
510.478385
517.159164
270.3285628
384.6323353
518.3408537
485.6615255
300.3207744
519.2494405
465.3398845
455.0067344
522.9555548
508.6824986
536.8561531
526.6999406
494.9399435
484.0971638
526.3871618
510.8667235
467.6922527
507.9721769
502.3512009
523.6034915
485.8300767
466.4691393
522.5400563
314.4445227
482.6957018
320.8669768
522.9158921
493.4841564
530.1286682
516.2652705
524.6083792
525.1656143
523.614951
537.9295577
534.583217
500.284598
506.6007475
537.7767116
538.9844196
526.8352452
513.5480116
467.7278171
529.8496849
496.8977792
546.7088914
512.5036708
510.7634146
513.5958024
503.8462661
539.860613
518.3205758
533.8087619
503.5284153
516.5861468
840.7673902
441.973954
516.0720375
459.4891799
506.7474159
629.4855482
728.8011037
877.802916
506.2742028
536.1117647
534.6956527
486.2407576
507.8573468
498.7549826
505.8790496
536.2316762
525.7054685
461.9447249
518.4312593
518.1334496
541.0959604
536.2622134
532.322704
475.8603681
524.2733037
502.7087758
296.6029974
450.8317536
409.2111705
310.6612754
523.2785545
391.3825745
511.2315138
523.2809945
522.5124505
528.1016393
493.631642
474.3292352
533.7859117
528.5603614
473.9545126
418.9306766
526.3252869
232.5165065
510.7672915
463.7290117
528.2914262
525.4417293
381.4564549
419.726634
425.6067531
529.5646063
534.281906
497.5098125
574.2769895
1087.592361
1015.979581
536.6466073
537.1659189
461.1532222
1066.336872
439.5929972
526.7737583
538.3996141
528.1583597
527.5790767
323.3183051
197.4246182
526.4570157
462.7698589
290.4810791
524.6002973
210.5044258
531.6747986
531.48671
491.9770199
495.7725281
531.8271676
531.4693307
519.5224807
395.4673798
520.8086583
515.2754207
519.0550469
527.1908679
533.8798817
530.1764592
537.0829457
439.9294507
529.9685726
420.1289916
528.5667452
529.8585847
529.2378073
539.0281158
536.2672739
279.1602793
395.9178978
523.603429
449.4985846
499.7738819
485.3088765
534.228595
502.9041437
431.1441808
534.0563636
578.3061128
615.9903008
533.3498568
524.5668902
519.2902684
335.5849176
437.4201616
481.6631417
369.1212884
425.7476776
283.6566157
470.5384757
446.8391353
447.4388795
536.8831624
477.5192144
402.8543931
523.705149
618.6339546
586.9946645
527.7567699
225.0380216
465.3669678
239.996904
431.637702
524.4471183
365.1093603
406.3918725
218.7579412
994.3592158
1087.320259
801.6420089
478.8212407
524.9685458
526.4494666
406.0946523
526.6804489
527.1385587
530.5367979
526.7536889
526.6503491
527.5317068
529.185865
527.7777351
771.9520134
970.7078959
592.4736866
430.2930278
510.2986013
398.6168124
505.558514
1072.518915
1029.588204
961.7281188
952.1050624
846.465847
302.8033032
220.4604873
438.7624175
528.1620012
526.2330717
522.370659
422.4278336
447.0641344
530.7049669
531.3571133
445.7495264
446.3767485
240.332059
373.7818782
1010.101584
518.0275972
507.4915451
431.2487246
804.9891831
538.228811
535.5379803
510.0582479
529.7968757
497.7624876
518.1679662
523.9957356
519.7777176
508.0013672
517.1999707
521.991891
734.5411088
521.9745281
548.9774249
515.2266543
752.6412857
520.8188477
526.3666033
452.1806025
534.6770127
538.8263331
411.6533587
463.9702129
226.65798
544.616527
178.4288763
182.0425871
184.7656163
519.9268234
209.301486
441.7272156
347.4052307
146.4845086
237.9214926
149.758584
440.6995929
216.7672801
160.0839056
225.50821
176.5413466
343.2715567
370.1853342
404.8493825
165.2412618
183.1227776
180.7611194
158.9115092
504.2202611
224.8952417
200.2065191
176.3469164
182.9083064
209.5838895
177.2193935
178.6327157
184.1506109
176.4137753
221.580482
191.8914283
178.8333621
214.3953658
129.5395992
400.2989293
188.0658618
191.4197993
185.6436288
203.2223967
177.7227593
230.5646283
192.098138
456.8787561
161.4292387
251.19491
228.9965779
475.6231169
185.0753203
176.195379
216.4534306
205.9771975
231.4772703
287.3062515
292.5109392
192.3667867
199.6362243
227.1987127
256.8754146
251.5119124
361.9618092
231.5136952
202.7249417
177.5247463
188.9014089
209.6332344
200.6212323
282.6565928
361.141373
277.547777
376.6527373
509.445369
233.3936621
256.3924181
235.4818548
192.0715531
214.8954862
180.8000781
247.3574836
229.7255536
298.9590464
306.498711
285.6594735
248.9153023
328.8160839
147.8857553
220.6214017
285.504305
293.1434616
265.3393265
199.3025905
296.3060856
304.0465735
282.95957
148.7191694
498.0060381
285.9299676
235.7747822
177.2192446
250.8293744
177.889877
177.6577133
332.1433868
499.9433785
176.2262421
176.4842928
367.1879105
591.3944266
325.6293251
173.4640371
216.9621577
420.3428185
206.5749494
168.3011639
189.8773247
212.609798
242.4189301
187.6546775
215.1106878
166.3033929
226.7901781
307.2732449
466.7960103
284.7823152
355.0654844
351.1717252
275.4261077
201.8887642
184.4680668
245.4028342
246.9527741
235.5703386
429.3374098
447.7272698
374.2191786
182.8810697
139.8648171
448.8657932
311.7375656
310.8635302
212.4514043
217.8588514
329.0196006
194.3737345
196.8913264
209.0211128
136.8429209
245.0842551
209.9234352
120.641797
164.9182828
178.2799453
177.4557348
177.4594466
177.9398549
177.7848335
178.0517074
178.3035074
178.5552836
276.6421286
271.6421942
277.5802631
190.8997229
206.105352
213.2845201
296.1138819
221.0765769
178.7842132
177.649868
274.3101047
182.3010465
178.6461457
178.321477
178.5670108
178.0946912
178.7063712
287.5910646
184.5893275
175.2117441
177.0879633
177.7317164
177.0467565
503.4106041
464.6009965
280.0567091
259.4297039
574.6698255
256.7186826
372.817343
468.8183999
203.3221585
278.9895566
465.5768757
166.6229234
177.2659923
179.2874841
179.1352064
181.6269731
237.3571278
424.7874951
199.7980819
171.3469779
148.322557
144.110586
182.4775954
178.926087
176.5814383
179.8947239
176.2275219
175.2178572
175.0662588
232.2172554
203.8625244
227.7785513
312.8003231
349.5702862
446.7416764
498.7439216
463.0275497
271.1755995
322.5982511
202.5441419
154.9164262
185.6332508
150.6845823
142.6545219
205.3368758
177.2179102
237.1054039
177.6270964
188.6892911
200.6268893
211.7421042
197.1965416
181.1853585
181.0194248
182.2961461
181.8705908
165.8566026
184.0839
171.175136
159.0849881
150.3371099
148.9209958
155.7191711
149.3074074
151.6911726
211.8903797
218.1535312
181.4217216
188.2008301
183.1849096
476.9478188
248.4040813
232.2551591
220.8868054
221.7570536
228.1610288
225.0995008
230.9228839
160.7196753
202.6312896
167.3245958
178.4934104
196.9939551
178.0433536
178.6727977
177.8737243
182.0858894
175.4760924
175.419928
175.0300373
177.7272052
180.9768148
182.5798018
177.0085911
207.4005184
193.3579697
236.0436631
445.7773455
483.9442337
207.9669055
153.81063
146.1684004
137.2136104
430.7227928
187.4601715
170.864303
532.5596567
278.2501145
346.8394317
240.4582684
206.2433724
233.2934467
175.5179045
161.6575364
162.1299289
157.7589289
156.2524269
190.01316
187.2857009
187.9038553
188.197668
186.0431321
183.8135091
210.5822225
187.4119268
181.3989018
159.5733782
162.164022
228.5440466
183.5406899
192.9098054
165.9770853
465.7939144
426.6409386
307.7795548
177.3314918
205.2930026
217.0698761
231.1119191
226.5242806
222.1774057
176.45083
177.5268982
175.8703044
177.1954236
177.7217266
217.2546691
218.0667096
189.1829942
176.2399004
175.3002254
174.9869469
175.6890883
217.5917591
236.3553041
439.4713537
458.8996072
487.8969018
470.407217
396.2801956
165.3833931
140.0017305
136.1081492
154.1163675
131.6795636
159.1426912
130.9840376
430.9227681
519.9934147
396.0620232
176.0680136
189.8145148
229.5943354
225.7497035
173.9868087
309.2058226
420.715229
373.8640045
281.0711723
414.9587151
185.8263658
189.1551423
187.4239738
171.8882698
166.6709435
164.5704191
139.5895886
165.4975386
169.6460226
185.3700877
221.8380397
244.9307114
424.9345439
172.0624416
177.9376249
182.0390834
181.5118467
220.7735502
181.7472338
183.1618436
180.7068183
178.7689785
177.1498947
176.0386934
176.0400661
213.8520587
182.6287229
175.1568569
175.0269476
140.2938283
151.773403
199.3628762
326.722181
462.1888751
427.0206232
226.6446962
192.3604363
176.7891357
171.0184708
173.5118829
169.9222209
171.1447806
173.8502665
177.6913277
179.6232314
195.2440772
203.3282875
196.2037817
191.1733069
145.820593
207.5299609
188.112854
165.2909724
329.9909029
477.4182548
230.6291016
283.8924321
196.3569847
200.7119542
205.1450957
189.5941494
183.8323705
175.9607534
135.6921585
141.8872984
138.3832637
411.5275759
407.964063
175.9486308
205.0094019
192.5340727
194.6296903
245.2226952
165.9880324
184.6627571
259.1514539
201.26224
477.5210269
477.9266781
493.9545123
181.1778811
177.1226257
174.4982026
190.0907851
187.5282551
261.5737606
279.0479171
182.43563
180.6075277
181.9243322
196.285795
141.0153156
206.8159981
176.5363851
184.215077
191.9925427
195.4629007
196.7776385
189.891369
315.6670088
308.3022903
180.2769312
179.4487857
214.953462
180.6060202
183.6651007
180.5795627
177.5797865
176.5781663
176.3862605
200.8132475
202.8514983
173.5391143
175.4711609
171.4045549
172.9454847
190.8613739
174.2254939
213.4687467
466.080202
402.7824478
498.6618576
293.0395348
170.8888463
149.9202144
208.4820408
193.038498
197.5568704
208.1357903
206.1740411
205.1627005
200.2879821
188.569287
182.0604743
176.1787819
178.0305536
316.8154059
348.241926
287.0509597
195.3840887
192.8623677
191.3043942
235.4622751
201.5636115
196.8166405
210.8327356
243.779206
401.7520415
523.3409312
501.6460352
379.2341758
505.2738518
443.0869916
200.8073202
192.1943567
188.2263386
187.3252945
187.0941507
193.0142873
224.1098513
199.8615898
222.2519639
218.5037917
211.2238542
192.2745819
183.3554094
190.1056485
182.3361487
181.8774083
190.8326394
243.5154013
187.4496948
210.6450683
225.8074611
177.9679225
190.1891448
177.1838944
177.4208922
177.6434513
178.6624219
177.613626
177.1777758
176.9222042
178.2654797
178.7665162
200.9943832
204.5031391
203.2543128
188.8146565
205.2234629
181.8801033
169.1602731
167.3723311
165.691758
168.3031199
164.3883045
185.2143758
171.3547312
198.7593375
292.0161071
376.7452584
180.4881515
532.9559657
254.7849911
180.0828511
164.7450958
196.3225134
198.6468651
202.5699052
201.8599206
259.0384308
210.0270105
212.2853821
201.5789515
200.8765407
191.4093798
176.1691948
210.3380409
204.2677075
205.5606905
271.1955525
285.3188102
203.0230855
294.7582396
477.9614197
519.9451609
197.3636698
199.5080199
307.3730883
292.1540401
205.1296851
240.469093
246.0609728
240.0943425
236.0404744
230.1468259
224.9673834
187.0607953
224.0970984
184.9093756
184.6225867
222.7413189
217.7685701
288.7894973
371.8909193
507.1964084
537.8013449
221.0005661
204.5626736
208.4984844
199.8424718
212.412415
472.2763562
378.8663854
199.6222158
167.1815316
183.8465718
175.5336226
190.7717036
199.8330438
183.1550724
175.0553799
175.9241912
176.8985484
177.1125365
177.0169595
177.3215336
178.1663707
178.551449
178.8254838
176.8276666
178.2102683
189.805877
178.3755133
182.0431737
161.4282287
156.9341904
167.3887655
192.7174866
205.5752309
186.6947252
355.1294496
180.5796241
409.0871028
234.7548131
188.5100579
188.0076897
293.9509275
197.1307333
190.7361747
195.3986985
240.2785299
178.6153439
192.9418755
251.749784
260.7173472
255.4564262
220.2237807
203.3448111
185.5907592
272.0041959
218.7420652
176.769418
275.7741169
194.0034962
158.1782774
241.0164444
232.0724404
199.2105443
393.057522
270.115525
384.0832537
536.4464379
178.0214638
524.612604
510.7981253
454.5545403
312.9614898
188.9477825
297.038178
207.1015134
284.1202283
285.8505139
203.5796282
249.3725736
216.5280503
212.7001259
208.2703683
207.3431532
229.6396132
214.2474664
252.7735453
190.6723642
216.2258877
184.0201683
224.0400466
219.1916761
222.0917206
228.8849442
247.9281062
280.2509654
188.9250094
188.9782928
184.3725902
180.0575461
190.3805356
226.6428353
354.4104736
336.9641435
218.4046735
180.9508265
168.9059533
227.8558904
165.7848128
158.8332488
219.3319777
201.4775677
182.1831513
178.3727858
176.1968375
156.4584246
166.6700882
179.2796292
192.9217047
195.4918991
179.401313
175.4855079
176.320898
177.5470663
174.560895
176.4256981
194.2744372
265.4232911
181.0933948
262.8384951
555.5721183
180.0344562
547.7752047
469.9185924
176.8505945
198.4436781
308.6392523
443.6736019
422.7015517
257.4471993
226.4186123
362.3659137
203.0682798
253.991074
310.243644
286.2728456
259.0347291
495.372298
540.0985163
454.2365087
527.8136252
326.4367115
219.5226569
220.1653258
229.3491408
252.3088169
280.0527366
311.3736363
262.7173052
214.5631623
278.7544575
210.1422441
202.7408722
192.9285564
175.8647678
266.1496484
185.0921112
308.9371524
269.6248531
172.5838794
163.9859197
175.0177258
161.4058102
159.3220326
166.0496845
212.1618077
178.1000036
323.6781568
215.1621626
182.5864661
181.2462624
185.9648078
179.6650609
179.8885895
179.1597444
177.6697182
178.1664662
177.2946058
177.6313127
177.6461772
177.7475541
193.8626827
189.1598405
176.5582892
176.3796906
176.6031312
177.6361024
178.3151688
261.4072784
263.7459831
260.8598196
242.1813435
234.5073587
178.7593223
184.1287968
178.0153362
177.7638683
177.8089189
176.8534945
179.6690365
185.6749895
275.483879
267.4439295
264.9264907
239.6086832
233.5550662
292.7014025
295.6383667
301.1332545
303.9422728
285.3277024
272.715179
293.5552452
559.5540797
226.3876921
194.7985757
498.0344444
172.1182975
557.8986565
163.6498918
182.3767811
178.9213068
178.2697819
179.3881536
179.4832708
188.3765681
210.8255569
335.6403881
305.5866997
201.6588135
179.1259563
171.8102415
169.1113691
171.7599891
170.4771843
172.783835
198.6187093
210.5712236
179.8839242
179.4947375
179.6468061
245.2395724
242.9533735
177.46375
177.6043936
177.8227803
178.3638735
178.6373543
177.1131943
176.1369514
250.6172225
245.5223697
280.9251858
294.3737334
290.938167
449.3284552
323.7111306
207.1221989
283.9482199
283.7043378
277.3832776
247.6888294
252.6198514
280.0809185
178.8528267
178.9602459
179.1844465
178.3216942
179.4979226
178.3049454
176.971879
176.8548714
226.7087626
269.227057
202.8491267
345.8108759
361.1040984
374.1522365
255.539063
250.2067075
242.1326812
234.7379713
239.9312381
249.9488524
568.2054017
491.7613795
348.7207364
205.1996943
190.417593
196.1545104
198.3096431
195.8335818
156.4402939
240.960725
158.2082274
153.9898362
276.2146414
435.1542487
548.997926
601.7861627
291.849109
291.2605738
271.3133028
232.1421864
211.0734905
246.9404533
281.8865622
270.5009173
268.5680728
283.689683
295.8922002
294.4306587
287.5272281
320.405076
314.2483176
263.9429206
281.6632619
290.0486029
289.9986121
283.3898107
267.7844924
255.5387845
244.553522
282.842386
202.3856032
177.7311244
179.2139536
178.3990533
178.6480311
178.9041877
176.8448353
176.7212245
176.8419338
176.9104983
177.4541618
178.1656921
177.7710168
177.2221773
177.8351075
180.8142001
178.0056663
444.5550339
187.8479612
211.2239069
344.7064775
327.6002984
283.4325413
200.5164665
179.9677415
177.5089016
179.3960113
181.1291146
183.8988064
161.5310616
176.6151452
189.3147517
188.8316983
189.8014184
305.6482266
407.8685124
190.4970562
284.9332405
294.2563149
295.4923692
361.3044387
255.2231811
234.704874
251.1646546
560.8023368
286.9289475
299.8602301
175.4801516
176.5000411
244.444968
176.708077
576.7720478
432.3318801
160.3447399
231.6862217
285.9646797
277.969268
251.8195331
223.2388489
301.1868755
190.9231559
239.1335891
255.2745038
286.7138143
327.0155337
310.3438433
323.7947877
293.2969956
257.6142523
242.8987805
235.7848428
236.4165091
214.7064115
164.8788951
150.7543725
164.7850118
207.08231
240.2406095
488.430673
605.8270408
560.6267482
318.6695861
178.2437235
178.2082255
178.8045225
178.797379
178.6620353
178.6151016
178.2901165
178.3078875
178.553424
178.6572387
177.4412345
177.596112
176.9543775
177.0296239
177.4379796
180.8484848
191.84774
178.7745882
178.7972164
186.6764564
184.1079901
186.681096
184.3251713
161.5515003
181.4369522
180.7925802
267.5410813
213.2385376
177.6491187
182.4744346
178.7255767
179.1471724
178.5612414
179.0618512
255.0491577
346.8587719
301.8869686
290.6151596
195.6712296
498.6710196
192.2652119
346.2437895
561.9029781
232.2496652
281.5434276
359.1598583
177.8296681
174.0707277
290.6171772
247.1067275
206.506594
131.2757235
285.9614134
282.6899167
157.1254998
262.2331582
225.3691375
297.40004
209.006141
190.4194431
208.2180918
225.4811543
183.7212828
173.2629507
295.1186558
585.2648232
298.9859059
259.4170298
177.594922
177.8535218
178.0709713
178.6639929
178.8871345
178.5258444
178.510224
177.3696847
177.5682256
176.9147766
177.6649092
177.8050346
177.8954065
177.9994099
178.1543768
178.227428
179.1165588
178.3098621
178.0421112
194.3420507
178.1077754
177.7870617
182.0757339
180.3122035
184.9067704
185.2842614
180.478351
183.3118131
176.1773318
179.4780535
178.9233687
180.9742399
203.9904318
284.1697832
317.9634375
207.7292662
186.6261118
176.981304
178.4402735
178.765193
178.7848227
181.3322332
178.0830213
178.3596078
581.4567528
513.8484541
301.3200067
522.1369023
294.2413634
327.3910754
273.5824284
180.598736
300.7900066
262.886723
288.9848448
628.0093933
257.350862
342.2296592
350.5679739
320.8764714
575.1682736
406.2917416
521.8967339
672.4857632
620.9267964
342.5493453
353.7669194
310.9781281
308.2487592
300.0496246
229.8292981
257.795001
270.0769292
271.5794142
183.329329
185.2004566
183.5071298
161.5664785
169.643466
176.2161282
194.4912948
192.9424949
223.5536605
236.7921207
236.4810494
195.5555752
168.782059
148.8202973
294.7365675
300.1626726
292.0707444
282.2770768
270.5412937
285.2875367
273.1184695
322.0498055
341.9882765
315.740757
365.1479967
360.5157903
361.2136364
228.3477698
179.9361464
298.7510984
300.8890955
210.0054157
197.7311565
208.5166902
208.3482693
596.0959838
371.8440023
152.4752972
195.066156
157.060828
262.4076029
214.2539248
281.2372507
159.8500171
113.9192201
122.6689399
412.6348836
603.6201319
294.1771503
232.5132426
182.6352461
123.607506
102.8840873
143.8002016
133.7099306
166.5958327
200.7655328
256.1801117
194.4556313
239.7875748
218.9421679
191.8777262
166.2074804
181.5141853
184.9748153
178.4414094
177.9363547
178.7998883
177.5156117
177.508717
182.3353599
197.9640211
182.3171132
307.5925485
287.780717
177.6799188
177.9383349
179.0142463
178.7941749
181.0761066
178.8928423
180.4859803
178.8544696
179.1261606
178.385135
177.9952469
177.5988409
178.0415402
177.6135153
177.6036768
177.4667652
177.970669
177.7308448
179.0922685
178.8574551
178.2116894
177.9021523
178.1350656
178.8625926
205.3729318
178.8770706
181.5739812
429.1290957
277.5665538
224.0423926
399.162165
407.598475
242.9830983
211.909165
427.5638794
191.9848821
198.9471603
150.3278457
204.1283244
200.7154037
218.177035
227.7176219
415.8271704
522.0364359
474.2617359
293.2518731
326.1837757
289.3404154
312.1554028
282.8006187
314.5443736
240.3479318
161.7963721
149.184826
131.1570403
135.5274022
143.8990002
200.6131253
165.0678135
186.5032685
215.2658671
220.9862481
146.2327283
144.4472095
152.5268731
297.2510074
300.5243732
281.6573782
289.847792
287.1285968
340.0109855
316.5277643
289.7882541
238.162124
193.1828481
174.8650404
307.6334322
213.840983
162.8589317
127.4513052
298.6263226
291.9454073
275.6393325
133.8388889
127.1191463
134.3916428
121.3500121
104.6515078
117.2626471
132.4624039
225.096714
403.96806
444.2080165
398.5106364
362.3603707
350.6506057
660.149532
563.5350735
459.6538861
199.5087832
124.8103733
191.1713019
150.173613
319.0529042
200.0419749
434.7016132
173.5557785
150.1053476
172.1778336
436.1081548
412.0901329
558.1264339
479.5213256
381.9931857
298.4844953
251.7001034
188.2689077
151.0859845
149.6251621
145.9172476
199.4680631
318.4210466
262.3549447
294.1542589
221.7951753
252.0433889
190.6705915
297.8419283
181.1703242
178.5006235
178.214477
178.4405546
178.4986908
177.2003127
178.8231555
179.2385791
217.1989996
178.6196021
288.6462249
176.3965422
250.2009058
184.4675547
178.3378466
178.038085
177.7204877
177.8359398
178.4672784
179.1087436
177.5614928
181.7838375
155.1929972
310.5295035
179.6651919
409.2300668
186.6377338
237.4412089
213.6680685
177.4124081
177.7801926
509.1992341
177.5895875
177.9120804
177.6020607
176.9468917
177.8289327
177.7006271
177.5033196
178.5030115
177.8447235
178.0947834
177.7792177
177.5516237
541.3108071
556.1112647
535.0763906
407.1793235
307.8214446
412.1825752
229.2233565
427.5568943
253.9596564
156.2943532
430.2095777
426.6983849
156.5780181
145.6967433
157.8293649
425.4110967
335.9292176
420.4213894
261.6906119
261.6943405
424.3645841
154.4079038
201.6265769
466.192035
520.4591356
409.0417974
251.6657042
211.1367531
432.8363078
163.2593276
268.5674598
283.4471314
439.1169509
181.3925272
536.4950916
397.56341
304.0279661
286.1159941
393.8125184
336.7143637
420.7411266
222.8430371
167.034959
420.278143
239.5986715
155.1627708
221.6025212
227.0550603
416.7879675
283.3745652
403.760434
211.3715507
422.0374461
230.4262023
421.6162914
312.7727934
418.1468981
216.5585814
220.1168424
270.0863628
394.4559256
380.668852
301.4195203
207.1877401
198.4160117
416.2379515
201.9063228
192.8123848
221.0295381
143.145313
418.3994155
417.2262775
189.8155949
138.6911645
137.0746899
424.8300621
149.1298767
231.3769249
282.4323631
422.8090351
226.2951437
177.0891076
178.4536102
177.6476357
214.7200229
182.6153156
178.6484602
178.3252284
177.9584984
178.0050866
177.5013541
178.0290699
177.3572275
176.3155875
247.1413529
387.9810891
422.6434795
253.7764127
342.3027456
167.1980477
316.538732
425.5656246
412.7974759
305.1800787
308.9171937
216.9617379
425.2215906
272.7266607
262.5647313
420.7388272
254.8409225
415.6199879
228.4334452
211.3392406
304.6701677
167.2040268
216.4184596
419.3078489
236.1918899
418.7419533
178.0542014
177.849154
177.1125817
177.2731811
163.7455847
196.4541777
192.5125876
325.4990019
425.0496176
177.0974668
176.8604985
291.1442778
349.1156974
166.3739711
163.1194554
281.2346705
288.0938234
531.8542583
314.2488901
</DataArray>
<DataArray type="Float64" Name="temperature" format="ascii">
72.09727176
74.49577926
75.99195079
73.1994594
70.30424193
70.46097774
71.52522898
69.76738145
73.35921135
69.09324251
73.13522592
68.80477293
69.03768321
72.5424824
68.31482231
67.70083565
68.95566497
113.647413
187.5928834
71.10942733
182.2313622
187.5155777
71.25304088
69.45727463
69.55761829
69.66411088
71.89255138
71.52171124
72.17040549
69.87507697
72.79805732
72.98274698
71.01244295
68.0965961
72.0213524
69.29869966
73.32161151
68.43155347
68.59566145
69.89417673
68.79452684
73.80602901
74.29150689
75.3813714
75.94776549
74.26926798
72.67509077
69.05226432
70.85056578
68.54780234
69.96419423
71.86620703
67.41199896
67.96143623
73.44802234
71.51111433
71.93174613
69.6887606
72.82677833
69.15309768
69.90078643
72.84969504
65.28384011
71.10364264
69.34389152
70.02684169
122.4288116
71.36206813
74.77645229
75.64447642
75.62987621
74.23110908
72.05440274
70.53326825
69.03700721
68.80418784
69.11367601
72.23930152
120.4828785
72.55756631
69.33814009
190.3677741
118.6840093
203.8537261
187.4654536
198.6449959
68.30163842
214.9178826
168.8323115
209.6642254
197.4541283
159.9260978
199.4712907
178.8051432
130.0420091
204.3836881
155.6272018
91.45704681
68.78118332
70.95924585
72.31163127
70.57746323
69.68669551
69.25228663
70.54038619
107.8026193
175.3573841
101.8520268
72.31115636
73.43194132
74.83783791
66.6625158
73.87708163
76.09501027
75.8224187
70.21936471
74.93495033
70.57973116
219.3789029
212.4193595
136.9301636
70.70509155
147.2170898
204.382386
120.3918449
179.6748949
122.2307275
86.62788017
68.16767187
68.94098683
67.93097923
67.31851235
73.68056228
68.57835464
73.07469106
70.07077328
69.25932897
67.15373638
70.30971471
75.34094422
72.06963594
96.17074687
68.57667056
72.8595499
73.93533566
71.53883082
71.94481251
70.00980038
72.65851543
72.19902441
64.16729593
67.61154085
127.6736769
196.4832231
73.82445102
75.04085005
75.42399638
73.80382973
74.47985661
70.09438777
75.40830628
74.96257908
76.05317745
74.43881802
71.65233367
68.66078876
70.48752955
69.56367636
72.58911679
72.45322827
123.3792544
73.19791645
71.48682962
84.2345345
80.22694978
73.07664577
148.9675604
188.0725249
66.22591066
60.61304165
226.503443
210.9916932
158.4885054
115.8695616
169.4657728
195.5227896
170.1939183
198.9905032
158.0889974
84.04869198
63.83884903
95.33580964
64.467365
69.91128124
72.59585369
68.56023555
74.21511769
72.46133581
71.07098172
75.81084918
75.45845984
72.12127783
68.19266393
225.8475464
206.8111406
146.7122862
71.24051694
123.7239612
65.32573587
66.80060284
76.15909828
72.3924938
71.36381132
75.96474842
68.06957982
69.46233246
68.41745935
71.50546358
66.09864586
74.3098193
66.93187203
70.56388047
74.99989223
68.66176201
70.65834933
66.94873914
70.04840901
71.37330583
71.62524195
71.92536122
70.34643403
73.02350867
71.36954309
81.15506282
73.86538805
72.25937333
73.9026022
67.56861771
71.18923546
129.9954412
199.8262205
232.8263587
74.02173303
76.03338949
75.22640609
70.64036268
70.45229029
69.85190894
72.2280141
73.46940899
69.48424169
163.2896775
97.32899639
70.93781213
75.25074253
74.45098877
70.54568837
66.76808357
194.1095514
70.13291033
93.76056186
61.90634626
69.04735564
163.7610471
76.21583182
137.5472857
96.24677676
68.87051741
187.1315982
176.9451762
190.6122832
169.7060496
67.38312603
79.86209406
69.24357368
69.78137778
69.28292613
71.23331838
73.12502461
73.71612465
71.01789138
217.5504931
75.509536
75.44795413
108.8493056
158.2259335
67.32760817
70.79911657
67.61642067
72.17905967
70.83118847
68.34887751
65.23186836
69.91249954
69.52731168
69.23384564
64.65741863
74.79297904
64.79015505
69.91329914
77.01361286
67.20583725
70.96973212
72.4571933
65.48380205
69.96305559
72.70060236
72.67792308
76.06058282
76.44198839
70.33870887
70.21913539
73.78993777
73.97538416
74.99892396
70.0654416
65.17693655
73.62587066
73.51517208
75.12837527
74.39716829
71.08017547
71.50251014
72.52306698
66.08049918
74.06511297
78.19821795
87.96315873
70.60652817
138.953285
206.5660084
236.1868082
224.1740499
95.31071932
73.37387724
73.38178529
76.7134852
74.15135549
71.55202115
67.5240704
71.11080382
68.2122954
102.4513023
130.3098381
240.081668
233.5959201
226.4229535
128.9966425
171.0357808
78.77318359
120.2966874
123.7715439
218.1724093
93.92963926
67.93699135
72.65597699
75.00088425
75.85055727
77.80191139
77.11450017
70.39606286
149.1616389
81.28602243
78.11402003
182.5207539
147.2438548
79.12434093
184.1561786
150.4829928
73.14389164
77.48733757
72.20025987
74.19563505
73.53374131
95.40333818
69.87109922
71.84742611
70.55476645
70.02583413
71.87060816
69.6804633
69.31432685
69.60053353
74.17506736
147.404371
214.2564577
242.1337577
231.6532119
105.0104108
71.29216743
71.73967825
72.91308181
73.2271521
69.8882503
70.73559689
69.93321472
69.77814327
77.24049851
75.98617495
71.13129364
74.52160194
74.34494134
77.36491945
71.78481281
70.06656902
79.13426063
64.92376041
71.10935828
68.5247446
62.70765386
75.07860597
62.19029741
78.72542788
65.06988989
76.09265465
75.27350635
92.03763196
74.50744299
71.10683862
134.4902164
246.1057619
207.912502
231.3828869
167.0570704
75.71096276
72.6290201
80.16890979
77.39538239
81.58739055
79.02619899
121.6517732
74.13402773
71.61784315
75.53393491
61.38647153
70.78662508
73.27092367
63.78005445
71.24857656
73.98462118
75.77863254
69.11449438
78.63062828
67.21320566
93.51277201
132.9009845
79.86127611
72.74445011
159.3514041
69.52734855
69.41181412
173.0903991
167.9026028
174.7776543
140.7066104
70.51487024
77.08528299
77.38920673
67.40563574
212.6073646
68.74106588
78.82565413
70.18023977
71.25897412
66.87463372
178.6480777
70.19875086
74.3709543
73.83712308
55.99901393
81.06578639
61.86159693
80.22739288
73.91733859
81.33516971
78.37878043
66.83167234
74.68604854
72.53965857
67.94627328
71.80744823
69.14371171
235.5137574
171.9856234
72.84011778
73.67343616
75.48768719
72.06286945
73.14005718
67.7715279
60.32404318
74.80903555
59.54735082
69.30061994
80.52219579
62.68205462
70.59765548
74.44785502
62.2305762
71.44335412
76.3293239
78.23668352
121.6916392
67.88278821
69.13087461
67.54039255
67.36188964
148.965958
64.33159414
220.6291399
249.0501076
237.1760868
184.8333119
109.128267
60.84236531
65.10066919
71.7151718
71.61400281
71.34566355
70.5473479
75.55878053
77.60155611
70.3425758
69.75804892
71.31477859
74.29297757
71.43099641
76.19695969
68.13303126
61.55935088
81.10929692
68.83286328
54.38089998
74.62066975
79.78285556
72.64652864
75.87089745
71.3859709
75.97562696
70.47288819
76.07733562
70.30159638
92.33095599
81.57288271
172.1462862
87.6855243
133.203832
71.4726911
71.57858332
78.33737309
68.20822216
164.4244498
166.0859959
71.75033798
72.8413558
174.0808255
163.2114668
70.41326841
75.86095792
68.77375497
73.82168287
70.34768607
101.4979394
68.84243668
75.40706372
75.13980453
74.01275465
75.8049553
78.50220878
63.7275478
169.803765
69.65222889
75.06204248
74.57098989
71.19461333
67.37397245
80.19887288
82.42060561
138.7199998
71.96925561
73.98343064
89.52076395
143.9017989
137.3048575
249.5847141
79.56304778
80.56531128
70.94802399
80.82823117
68.14839116
66.35523919
62.38205675
72.46971734
74.89365299
69.40251804
57.28363365
74.6637863
56.46482143
68.33182642
81.70979576
59.7990124
70.45854511
61.07142341
71.850861
80.29969058
81.06483327
69.74959863
71.16095105
77.98540522
74.22273006
74.33557319
76.67949179
94.6663887
155.252447
253.6428589
241.0051007
188.1092865
113.8782862
70.40409328
74.63736501
78.41546488
71.26665484
65.19223421
75.13335996
73.26150974
76.12209782
67.42236117
59.2135298
82.05011991
68.99464142
55.54174104
63.88924193
68.68924781
68.65639437
72.94417673
71.59863798
71.0888702
72.80497666
74.25852123
74.65961943
140.8759574
81.56721953
78.27269324
68.05772415
66.63275576
81.41679202
122.0590206
159.5966935
71.22166545
59.33648789
56.61895615
61.66966434
73.87705289
97.70793659
81.04125554
77.65997813
72.28332103
73.57622775
71.82132348
132.8122436
73.54628737
94.44054373
120.2449838
75.15113748
76.61247667
163.6224719
123.0949005
157.9196673
160.5775849
69.75447152
71.98928543
212.8767244
249.4835328
214.5604515
241.14527
137.8583681
107.3141602
69.5341863
71.65008443
176.6230033
82.19333454
75.86420541
77.89903487
59.3428075
78.41166973
81.21319494
71.8865438
72.01942512
71.41066842
59.00520476
74.27108266
74.42425082
74.87638067
74.32051279
75.37203828
75.37729184
75.00626962
69.17209765
79.40768168
79.3001632
95.02912089
113.8456025
70.83407681
76.77623627
67.58302038
177.0300316
213.8952307
245.7882088
275.0911529
283.7057377
250.4062831
187.4386814
110.5819642
67.38159618
68.42879536
72.17007024
72.84742568
71.99683033
70.79448198
69.73830603
69.03553042
68.50984078
68.19799647
67.71335816
72.81525149
168.1397264
252.1693552
196.671171
115.9545963
77.63994289
76.43208299
79.10175254
77.0136542
79.84432316
80.87385873
80.71470994
81.02001863
76.40942801
71.73527692
53.26229594
71.06412153
68.78270308
82.2608444
56.86221616
70.94459746
75.71205168
61.99068392
72.90837234
78.92532359
74.46590419
70.93508929
75.15814677
78.15423436
72.79051981
78.03422324
54.09750204
72.3615572
78.6030364
73.14228056
71.01736306
75.51997044
68.85808321
56.9945357
82.05504802
53.99775719
73.5414219
78.62675303
115.2371273
73.71284303
74.93488409
77.31668865
77.39192221
69.3306454
72.20141691
80.44796717
78.48981667
72.32433952
71.31988958
73.13141105
75.17468772
79.78428111
120.2065455
161.1862805
153.9019476
161.7041027
79.95917145
80.87611739
90.16100359
157.2065806
116.3077743
73.55703514
80.44686737
69.1870436
224.2091784
85.30016902
80.86391252
57.47364013
79.40229855
196.2981336
228.0192116
263.7700366
80.61142573
70.68458489
72.91830324
56.6805247
90.17587026
80.5768675
77.16992666
72.39239707
70.24561086
60.76724863
80.90385303
80.99888663
71.57466958
68.02949008
73.0833577
78.27840854
74.29995127
71.69320206
53.97061797
79.41435668
76.06461492
57.42378939
75.35119676
65.41532813
74.58353947
75.2605036
74.87579959
75.48898789
77.04357382
77.82979513
75.08045189
124.9245282
75.47484152
75.2816551
69.89211225
52.18964821
84.18522201
85.36312553
71.0959363
73.98816362
64.14072507
77.4287114
74.23386353
72.04207992
72.00535288
61.97644036
120.0160904
394.5268467
394.2015974
75.19609687
75.29440153
82.78329405
401.5543249
78.16294665
82.10901543
75.00114892
71.68080899
70.2130194
54.49232347
46.77062621
73.24465241
79.80788002
55.37389903
72.96260661
49.08542908
72.48372778
71.93386412
63.73102823
65.85194502
72.10949756
72.57723262
65.95683443
60.34906545
78.43031122
75.23151141
80.54877125
73.39211644
73.71046657
73.37979226
74.99543831
73.26131845
73.65809598
67.26850053
73.41247046
73.97432193
74.29485187
75.57116589
95.48078049
98.10510112
129.0629002
75.48768388
70.05839651
75.67252621
79.39100413
77.23759498
79.88705751
83.3058468
96.23939375
152.3825946
139.4587672
74.80470908
74.68218254
73.39209743
113.4306706
136.9158112
80.75792284
66.8787728
80.62826653
64.7833842
84.00784028
81.60197847
76.75193358
75.37797669
75.06228209
77.40154785
74.95637909
136.3720288
149.8376034
71.32363781
50.99187858
91.93375292
51.25881306
82.33303912
73.82578985
65.89803494
75.78523952
50.84268919
338.2821421
391.5127763
238.2492497
77.64267913
73.59523049
74.25978537
68.41554671
73.7199449
73.74719963
73.01464196
73.69230377
73.59017816
74.62886723
73.64457144
74.29307812
228.3179808
276.9622186
129.1903327
79.18803728
73.98690924
69.31822544
90.2506771
405.9244095
400.5390983
378.97778
374.4076177
226.5200325
67.62039992
49.4675206
82.62437494
73.74550914
73.47917473
64.17639122
71.39208163
80.1553048
73.86948105
74.21836873
79.94595028
80.80274054
50.84342984
70.53996829
341.149192
64.17466864
83.63039064
58.33976654
203.1003806
74.7994845
75.2837876
72.8291202
72.15725296
70.31473186
80.09441615
75.73678918
77.78460584
63.03312442
81.23853805
74.69020074
186.4668437
69.57504513
99.15381701
74.68875834
198.9187671
88.34404975
73.52548326
81.05664732
73.59543779
72.69649075
75.9361034
70.82697017
82.40737033
49.19387018
54.06889936
72.04826311
72.23871932
62.03665068
76.95571666
75.37519461
120.3182896
53.592594
93.57236083
53.79612773
79.59308483
68.51288718
61.50291898
62.56449791
67.60786586
78.57866931
67.07269751
94.63966945
60.87300961
71.18611133
71.37748757
58.2535301
86.27945513
85.11602484
66.7388293
69.97775154
68.10314852
80.11308743
62.66734858
66.36420875
71.75129003
63.7712271
85.26654417
72.29489448
64.63332735
82.11991029
50.67310372
110.2709777
73.72597082
75.38535495
71.38427175
80.47225673
66.87800481
88.51835027
74.51388685
182.0750247
57.74991
99.67000579
88.70393148
54.23452904
72.52038547
67.66833947
84.88329461
77.46218754
80.86887745
113.0865531
116.5314973
76.77577644
76.45725499
83.96283147
83.9074444
90.60953752
80.03345888
91.43911069
68.1539172
70.42745754
69.5982308
81.13014877
77.37603883
110.2892985
133.6195883
110.4896528
67.69888914
79.68429993
90.5437978
101.171449
90.50055731
68.9343071
83.06969
69.90416415
98.40053112
91.6805768
91.7895729
108.763496
103.0852971
90.97108595
57.48705212
58.07785636
88.17893345
102.6562001
116.6100303
93.8306111
76.44993978
94.14121077
105.1906397
101.5163425
52.76893664
33.14216026
112.9199117
93.95775661
70.51507619
99.39806289
70.80067893
71.0068543
97.69885577
84.0587595
70.19831457
70.28213221
75.19018046
48.48710107
103.4395431
65.6191783
30.70168924
27.93615055
76.28224422
66.05512346
40.61386042
52.70960123
79.22817642
73.32601891
84.88559065
59.62728586
90.03464217
17.20802656
42.72128314
82.51977233
72.94764283
70.07085574
97.32214071
79.32877112
72.72341422
95.35964437
97.03755431
93.11283317
35.0096558
25.78728664
37.23313585
30.2864382
25.49814081
87.07640687
88.22394093
82.23336845
74.78285994
85.73398431
20.99579865
75.47012585
75.83606895
31.49038209
36.29528177
39.15289981
40.26374045
45.26637348
60.83020121
70.67344548
70.75804315
70.74152882
70.87093779
70.79154701
70.66474244
70.78851272
71.0779828
99.25233951
107.6281067
100.0497814
73.65596493
80.8993753
83.51505459
89.35131882
87.0436662
70.87778538
70.81787372
89.55600235
72.18899923
70.78320365
70.7830247
71.04014126
70.93836729
71.13340768
98.19207499
73.72101967
69.6994548
70.42786282
70.64810596
70.47639582
104.5486255
66.04311817
105.9465998
102.7109652
58.83317035
102.0342928
138.5398776
169.5758495
57.16991176
74.48493099
110.5132142
56.58066188
68.40457614
69.60391846
69.69077129
71.56040576
88.25654876
73.7935704
72.02221169
65.38645779
56.79419262
54.36685714
71.31778232
69.71301399
68.32293971
68.33390348
67.1124167
66.86868643
67.24754966
91.41843592
74.09941447
81.90628663
87.86453853
87.52242409
66.30369229
30.38309071
1.437451356
97.87211756
89.2803566
58.14800165
52.12736252
67.76178036
57.64994867
53.01370459
70.47091474
70.27668127
94.4791742
67.42826645
70.87258362
74.95543863
78.50058752
75.12080892
68.21567322
70.92896334
71.14782137
71.42449919
64.09721517
71.95976257
51.66091176
57.87662795
55.20779928
54.63378735
58.91020535
56.73984026
56.23257161
74.01643956
66.50256371
72.10046356
74.88976479
72.08464636
65.17990239
98.46739523
89.23671213
80.16141187
81.79513072
86.13534646
79.29055499
89.62663677
58.88702401
66.85602756
64.95123441
70.48845275
70.55015616
70.4809822
70.97343647
69.45496743
71.20151712
68.12402526
67.61792238
67.20826793
68.19851104
69.72386602
69.61773799
66.98019333
76.18430475
69.09268861
91.26066977
62.82093686
60.65109533
76.17981734
50.87580615
50.9314629
52.65152459
123.0391048
56.96408314
54.91080643
105.7139061
100.9079486
105.703541
79.30968602
74.94506154
86.2206277
64.550925
50.50156935
59.84512108
58.01383551
57.27993077
71.12515246
71.15367455
70.55765746
72.3521598
72.18524434
71.94234909
82.24976979
74.62637365
71.59568965
58.54007884
60.45830645
60.59007263
70.86826469
74.33387545
63.25318144
70.41848203
79.63386362
97.10298675
70.40082136
78.18056169
82.04034028
88.84544327
86.24909472
84.79145652
68.31309968
69.17837781
70.02495279
70.50824931
70.5489671
65.76033734
65.59624893
62.24571308
67.8079892
67.25897849
67.19098771
67.34780037
73.67073532
84.95177628
61.29482917
8.983865829
55.89827642
68.97694345
48.23534905
55.75666058
52.18781473
53.8919812
56.74223672
52.01180392
56.78638562
51.8439733
85.46753402
176.8910102
136.804075
70.06304645
69.71835675
60.96888855
64.58342477
66.78605243
94.32348379
129.6350872
134.0667171
96.61226866
80.49980269
72.55721718
74.04591837
69.79263797
63.65267869
61.77885768
60.96350951
52.65103606
60.98242027
61.90035168
72.42824158
85.79516807
83.4246638
89.02403774
66.37008937
67.29438551
71.51134418
71.14776263
83.99826977
72.63563746
73.23682961
72.23114329
71.35477782
70.62221178
70.12651131
70.06258224
65.06739523
70.27342094
69.71495447
69.56285197
54.79671584
57.97701871
66.83945514
98.53038357
71.60917614
66.62726619
77.44548757
64.95348114
61.40898161
61.80731086
64.15592243
63.97119882
65.55866399
66.70379072
68.33513044
69.35557202
71.5647675
66.38502866
67.46853709
74.68502574
54.22529393
62.77682613
60.42526978
56.99104094
117.2652016
96.95203924
88.15727066
107.9847392
76.21694111
77.97180369
79.58279054
73.77430532
70.05222678
64.9863585
52.47167375
53.01080885
52.90201572
81.18098126
89.33002028
70.02978375
63.99345924
75.92197704
76.57976004
96.17101661
59.88169488
67.6550437
102.6676708
76.27084972
54.72966131
52.03114401
66.9533784
67.65360732
66.42368346
65.18250869
74.86729475
73.71091703
74.14050282
89.448858
71.03366466
70.43632234
71.15926821
73.86801592
53.67172515
76.04681223
65.32509782
66.96827289
68.46642149
69.63956125
71.74622038
72.10871195
96.30447272
112.9413138
72.0055459
71.64348006
82.04296698
72.18418934
72.62302125
72.14458705
70.82019926
70.35045028
70.21779431
67.35798445
67.79726455
69.02046784
69.84639313
65.71296338
65.84133114
74.87482391
61.08233099
73.06184896
65.51553712
74.95437653
83.07908124
107.7683862
64.32010741
53.84171744
65.21801395
61.75573597
77.71105993
80.59947483
80.02150155
80.19285563
78.54104463
71.69645735
72.79302735
70.1185568
71.00615828
118.7583755
127.1135355
111.6980271
77.23882912
76.57749015
75.67978655
92.85164522
78.52118928
76.99886043
80.33189092
91.59636371
87.89549367
47.15209232
48.21577964
86.99725675
40.36014119
65.05568948
75.09059485
73.22395084
71.5030215
71.02622878
70.73401847
72.13206498
82.62689632
74.80636622
80.71361907
77.91057912
74.72562704
75.89106582
71.66053513
74.80629149
71.14499254
71.06659808
75.2505636
92.97302059
73.79748702
76.33431002
78.24872801
71.00917569
70.06647544
70.58006807
70.71787244
70.83948571
70.56509598
70.76384027
70.5279892
70.3019534
71.06842482
71.23934173
70.66594273
68.16972256
69.03099656
70.84151586
67.44469563
69.37264143
64.94830114
64.25999441
62.3868535
60.94975689
61.20049408
63.42394007
61.86698354
69.42083245
115.5209527
89.54179116
69.05276097
52.41779773
97.49560722
66.41012188
61.77576975
64.28058533
68.03470013
67.05157164
66.09763471
100.8213156
81.90431705
84.39351423
78.17949621
77.96485379
73.29882902
67.39162645
76.23033585
76.24668921
73.12494371
107.8981953
113.7205137
78.60147248
103.7805347
70.2042852
40.8381511
75.55311481
76.80548879
83.67841087
95.90130219
80.2259428
91.28011512
82.60760175
83.31681505
84.32588275
83.45574814
82.40434303
73.27124817
87.13379818
72.366296
72.40689177
77.28933917
85.55898632
83.46281286
58.64904851
40.50995743
44.09959379
86.98555404
78.74719534
81.41653943
79.61532966
84.85731681
95.41406753
140.310812
77.51061816
64.29761761
69.02250769
66.21589576
68.53139508
68.28037656
70.82577524
69.57786528
69.89504592
70.42246986
70.55600533
70.50477732
70.62700294
70.94925626
71.08338252
71.12258625
70.19295188
70.76359356
69.7393314
70.44048157
70.50922993
61.92575274
61.90520817
62.82064628
76.21581853
68.48020171
67.06053077
103.5777272
69.42742523
89.85473298
90.587817
65.0151285
69.57457652
116.5593926
68.35647962
69.84888774
69.26094528
95.39941182
62.7029195
74.47115156
83.07369856
88.51394909
90.19737596
82.46592207
77.73466281
73.21690751
107.1029463
85.1109028
59.17954141
109.4195598
68.42001613
62.28490767
95.68975338
91.92667032
76.59662108
100.1571319
107.7803024
102.6616769
39.00238601
70.91482651
49.55003063
35.81195163
36.50630966
86.69774891
67.77106777
55.31926088
82.08641305
103.6603473
104.6047417
79.24966229
94.08075482
84.29150892
83.13570097
80.68988699
79.78636921
86.64891573
82.03556367
91.79092614
68.73940052
77.70374809
68.56720376
81.15549214
72.17357821
79.12066277
72.53482419
77.49385979
97.86300652
70.05313065
69.46884556
68.85820037
67.3960726
73.19755104
87.02270072
102.2709257
111.3764618
83.45611781
67.74335439
63.74090088
86.95910079
64.34827103
63.14313359
86.10675515
80.35591465
70.77432133
70.74918797
69.98776451
62.48717493
63.99300479
66.26987246
67.31625134
69.30665852
70.78637114
69.71762284
70.15243691
70.73570566
69.38961986
70.16133184
77.1336733
105.7100204
63.54221809
103.5813186
55.09278145
67.45702805
47.23342865
45.93934381
70.43509381
76.28143698
101.8282377
70.18493124
51.38949994
102.5803154
89.931823
113.1278651
80.67432961
100.8273427
111.0473993
109.7669162
101.6797914
71.55856611
35.14977313
40.35292137
38.09754891
90.3485924
86.62872713
86.08911464
87.73553207
91.95986512
103.5990304
109.3575959
85.3034728
73.61962343
94.2607857
74.87560166
74.29773833
71.65636869
67.62620099
106.0111365
72.32014005
103.6838492
102.99266
65.22642749
63.49006917
66.59628398
62.47032604
62.5195045
64.82976835
82.83706022
68.76228272
114.406999
82.02708109
69.6946621
69.98687137
70.41485481
70.88316371
70.8638583
71.03859523
70.63738825
70.7787696
70.5843804
70.66833566
70.7814908
70.82832258
68.48384954
70.56058915
70.33449001
70.20024807
70.33038808
70.77194769
71.11376953
104.2815845
105.3752943
104.1575878
96.4702749
72.74734071
70.9976447
71.81825479
70.91937167
70.83773034
70.84221724
70.40800337
71.11028511
67.23504041
97.79702382
95.7003455
94.51437033
95.33703308
92.34085998
108.5798931
103.1244924
93.97546514
97.49882068
102.7283735
101.3366131
104.8716157
33.68014145
53.4051408
46.75587255
31.05505254
62.54421578
40.92700049
63.48883566
67.46497668
70.52556101
70.21153885
70.27492868
69.86937042
72.74008452
79.70821
101.9023752
112.0735541
79.94346732
69.94918204
66.50568792
65.35013116
65.53168529
64.39827354
64.83212693
77.73704795
82.18549064
70.63964252
70.91424538
70.85727432
97.29149518
96.03602575
70.62646674
70.67275179
70.71608302
70.89835595
70.93527919
70.569759
70.32609106
100.1613893
97.63625959
102.6364163
83.05142255
91.21339616
38.73480116
54.92419684
76.90522327
94.85334107
93.40383345
93.35219658
94.30564221
94.75067071
101.8200259
70.52914372
70.77868478
70.85891471
70.93225407
70.96399128
70.87258647
70.6074799
70.4759904
90.19860976
106.196455
78.97993958
136.0033966
124.9755878
130.1825829
101.9529171
99.73762019
95.5933806
93.07391376
95.74403554
99.43027408
28.12054082
32.28393005
45.97634271
69.37300173
75.17514192
76.74806822
77.43109418
76.4994526
62.03355852
94.7431999
43.84064752
49.0935263
51.39860093
51.43493511
35.42283796
34.2937675
100.5803698
99.43280939
97.782992
90.78582941
84.0489411
97.4342759
107.8124764
106.9524518
94.89621009
85.18535876
81.79102026
77.60525872
73.69609642
83.95293589
111.1919532
99.65345084
98.46606654
94.66910158
91.62254292
90.18616332
89.94399568
92.08731729
94.55777215
97.69261507
77.9611551
70.83735782
71.01914811
70.86206021
70.88452245
70.44495779
70.44464232
70.35632954
70.42912582
70.44538358
70.66068532
70.96807263
70.76248478
70.24110289
70.47697958
70.51086661
70.25196512
133.9678418
73.33484479
79.21515125
103.1626007
100.7819413
105.0043444
79.50353969
70.10641234
68.03559089
66.94511697
66.12148603
66.8015242
63.54456022
70.43534739
70.62017498
69.70684958
68.88207359
88.14572463
115.9431117
73.20039217
107.9792416
93.79660474
116.6769609
104.1631479
99.90994513
93.08188996
97.99092788
21.53521321
105.6948225
96.28903634
68.16350644
69.24197627
95.91546759
68.28805597
52.42763654
34.87022743
63.05692073
62.89016629
100.9367627
98.01871575
94.99926564
88.77173216
103.8369198
73.52637381
93.83391399
100.2215571
82.37976452
51.07904448
31.25457766
37.12177114
95.81582169
85.88901074
86.43001607
90.0743625
91.12128878
83.75635091
57.76986701
58.86031652
40.42669935
38.64698122
38.4637584
41.3055734
26.88948229
69.64554883
101.8759734
70.99592562
70.99181406
71.23592959
71.18820825
71.0928045
71.04053857
70.89140584
70.87055785
70.9315257
70.89153851
70.70200035
70.78455142
70.5187157
70.59714089
70.83392773
71.74456092
70.62630586
70.87910713
70.85930749
71.49540941
70.9923432
68.42353206
68.48149092
63.58181671
68.50652358
70.29598403
99.24735565
80.22336132
70.41810267
69.7557337
70.69712477
70.97495568
70.59886558
70.91324845
101.4710497
97.78786848
106.7610499
107.5039918
77.17585406
42.77460577
40.58859667
56.32630314
34.67839553
92.6047025
108.753031
97.28920776
70.84516959
66.87977916
101.0895158
95.14545153
81.75121963
52.2690615
101.7176311
56.92621614
38.04022115
101.7712278
87.15251882
87.88463993
79.50435161
73.2016631
81.46785527
85.81827427
71.79573314
67.09724992
94.2350613
37.06091237
102.036202
100.6986728
70.79522118
70.9035177
70.85717062
71.13954882
71.1909831
71.02066164
70.98152912
70.7116775
70.7901379
70.62260006
70.78321046
70.86767435
70.83145415
70.82766035
70.95440896
70.97020393
71.31140337
70.8421983
70.70579538
69.64423107
70.66157651
70.50292179
71.54021253
70.83155027
69.18160623
70.20078766
69.68015995
68.22164991
65.86773607
69.33961179
68.73237188
70.83267199
80.36289003
103.3407698
99.84699393
78.62344812
73.46504605
70.24036595
70.83145706
70.81237181
70.88583428
70.47854789
70.59156109
70.78288607
59.34923032
89.9966751
96.55225517
93.44795695
116.5061477
113.5237517
90.75649863
70.23159844
21.42785372
96.33973212
37.73974342
18.88885553
89.56811368
127.3864046
114.2033888
123.5007921
47.50938429
76.12787486
104.1268676
27.51432547
72.08791536
110.2223365
69.39834901
51.95580683
71.61776362
91.26464079
85.84130204
74.13560876
88.08949808
66.71120498
62.79822653
74.04073766
73.02433859
64.07049907
67.44315527
68.69680405
73.99316383
71.77517211
87.08139532
85.01239171
83.68195523
74.99365399
58.18779001
23.53808135
100.7846
103.2105504
103.730607
105.1300306
99.43190741
110.9182271
102.495066
124.9478219
131.0541445
47.25265559
52.30066755
25.28062347
56.98692484
89.47722719
71.4084344
84.41626271
113.298866
71.17109064
62.07953599
77.36237371
74.26079466
20.34289397
46.05099843
40.80759373
49.33758109
44.97870162
38.56089382
43.72744081
47.66098448
63.58607448
35.73539755
46.64269278
19.19976281
26.88461188
46.63389642
39.12037287
40.94749923
37.72966241
38.6805984
52.2530679
47.16797199
57.13729612
79.41341772
100.6197097
75.02779977
94.63141893
86.99436728
70.02111003
59.72761963
66.01164319
69.84465262
70.15206988
69.18853529
70.91513741
70.45341093
70.43690631
71.83242159
75.59329355
72.46570376
98.07589406
93.4628351
70.48669327
70.59999298
70.66606889
70.59153972
70.2799068
70.62346223
70.48337162
70.93378978
70.90832318
70.57116719
70.74901008
70.90823748
70.90525835
70.78538867
70.79455478
70.71507009
70.89655091
70.79990392
71.2566667
71.18568669
70.94885581
70.84294121
70.93258347
70.95020344
73.65095135
69.85043567
69.22620369
54.96812538
76.13172387
87.01270541
72.30932923
59.45125853
39.88239181
27.79476268
35.80786468
62.04600986
47.88685896
35.31228235
81.15571795
79.36575896
86.06265803
86.40220794
65.12011403
102.2848603
92.7237178
96.64770213
107.371819
114.6464897
87.19959789
112.5064115
114.055404
89.80862606
63.12330315
58.27127522
51.22519874
53.66772363
56.62995308
75.14326526
60.9060807
72.78919753
79.23455753
77.83219801
57.28689912
42.37764027
7.208169208
101.7670254
103.1495376
106.2676354
112.1231798
109.6280283
127.7538008
120.2740371
107.0703257
92.31118877
68.97724028
67.56246717
72.24383033
78.29144299
64.51996285
49.7239354
97.8539106
47.91428746
96.2235139
52.22332515
47.4240405
51.84788124
47.36701596
37.01631067
41.0060318
46.78482153
85.4156841
106.439265
130.8304568
108.693199
118.6906623
124.6806568
30.55141536
12.73766156
93.17879867
57.74444904
39.73081621
65.34003506
56.59169396
54.53944354
41.78129358
108.2265442
67.54385239
54.58897678
58.06412075
80.72753253
70.15603677
19.98005907
9.90915995e-06
2.1090171
78.49989164
40.94158398
58.79663662
58.10211141
59.70509351
54.69691654
77.62336324
76.09576224
101.3149528
110.8928015
87.76062313
75.79441665
64.82354583
86.39130223
69.75054159
70.79370666
70.69314242
70.94733986
71.08470701
70.6376411
71.08146668
70.61623529
86.06540788
70.97452079
100.9900732
69.61292372
96.13234325
72.76710606
70.80375207
70.66756551
70.59422412
70.55262674
70.90462077
70.8976253
70.65431213
70.79829323
44.77290241
85.25471686
69.05735739
94.95692231
70.78391952
93.97081023
80.31454485
70.42758315
70.57475322
6.695704316
70.57077867
70.82995637
70.79561657
70.43559251
70.85935802
70.79594946
70.71156287
70.80162866
70.74132348
70.84006938
70.73398837
70.70298998
105.1128064
202.1419929
111.1077967
110.1480889
56.48764091
80.1108375
53.46604181
76.66394604
75.1820177
61.26941868
76.55871162
74.92569142
52.33167296
53.65014099
53.40263591
75.85882682
79.23775707
77.36707486
78.83388341
80.58663314
76.82826348
61.24513729
67.29396859
88.2868184
6.32203338e-07
40.48849575
70.89843015
32.59667886
80.25285459
53.42285919
79.68116743
84.64714621
80.88275236
72.01607361
183.2656729
101.7760012
51.71845762
66.0337252
84.01703182
78.57671246
75.4692962
66.19424648
52.74243889
71.53928069
79.62201214
53.10530013
71.24765161
66.12925976
75.19864545
79.92354327
74.38092198
59.58979202
73.75349676
71.25773002
75.26688698
87.22586888
73.90095084
64.58080596
71.1768539
98.14057208
106.8218207
76.61564083
62.524252
81.78156258
78.90405458
74.91834574
79.44040427
76.95224744
73.45980239
50.32240648
73.50793996
72.97739693
70.31958921
49.63141845
51.99268127
72.64631409
52.3208158
78.03067269
111.5265479
71.33689522
86.49710673
70.00942425
70.97659404
70.63456023
81.79339245
72.50875013
71.03543994
70.97402079
70.87198757
70.90892122
70.67087116
70.9432727
70.4996407
70.13713406
71.0641348
89.2136121
75.42360278
70.41201935
118.1917223
61.61536685
66.18581275
75.72898746
114.1454793
80.15739211
81.75571798
38.50425469
75.60407021
75.62463322
81.85311637
74.76723317
54.51738993
74.96337876
57.59135642
69.74885383
79.34970767
54.26776077
65.02204479
72.06623344
74.3365733
72.27102281
70.95006121
70.84491784
70.4921008
70.55504567
57.80574963
37.29168023
69.57206406
76.30803733
77.44888718
70.46882902
70.35340123
90.74806279
97.48462066
61.49450527
59.96272238
99.73770381
73.0417678
33.33325513
89.51870548
</DataArray>
<DataArray type="Int32" Name="rank" format="ascii">
3
3
3
3
3
3
3
3
3
3
3
3
3
3
3
3
3
3
3
3
3
3
3
3
3
3
3
3
3
3
3
3
3
3
3
3
3
3
3
3
3
3
3
3
3
3
3
3
3
3
3
3
3
3
3
3
3
3
3
3
3
3
3
3
3
3
3
3
3
3
3
3
3
3
3
3
3
3
3
3
3
3
3
3
3
3
3
3
3
3
3
3
3
3
3
3
3
3
3
3
3
3
3
3
3
3
3
3
3
3
3
3
3
3
3
3
3
3
3
3
3
3
3
3
3
3
3
3
3
3
3
3
3
3
3
3
3
3
3
3
3
3
3
3
3
3
3
3
3
3
3
3
3
3
3
3
3
3
3
3
3
3
3
3
3
3
3
3
3
3
3
3
3
3
3
3
3
3
3
3
3
3
3
3
3
3
3
3
3
3
3
3
3
3
3
3
3
3
3
3
3
3
3
3
3
3
3
3
3
3
3
3
3
3
3
3
3
3
3
3
3
3
3
3
3
3
3
3
3
3
3
3
3
3
3
3
3
3
3
3
3
3
3
3
3
3
3
3
3
3
3
3
3
3
3
3
3
3
3
3
3
3
3
3
3
3
3
3
3
3
3
3
3
3
3
3
3
3
3
3
3
3
3
3
3
3
3
3
3
3
3
3
3
3
3
3
3
3
3
3
3
3
3
3
3
3
3
3
3
3
3
3
3
3
3
3
3
3
3
3
3
3
3
3
3
3
3
3
3
3
3
3
3
3
3
3
3
3
3
3
3
3
3
3
3
3
3
3
3
3
3
3
3
3
3
3
3
3
3
3
3
3
3
3
3
3
3
3
3
3
3
3
3
3
3
3
3
3
3
3
3
3
3
3
3
3
3
3
3
3
3
3
3
3
3
3
3
3
3
3
3
3
3
3
3
3
3
3
3
3
3
3
3
3
3
3
3
3
3
3
3
3
3
3
3
3
3
3
3
3
3
3
3
3
3
3
3
3
3
3
3
3
3
3
3
3
3
3
3
3
3
3
3
3
3
3
3
3
3
3
3
3
3
3
3
3
3
3
3
3
3
3
3
3
3
3
3
3
3
3
3
3
3
3
3
3
3
3
3
3
3
3
3
3
3
3
3
3
3
3
3
3
3
3
3
3
3
3
3
3
3
3
3
3
3
3
3
3
3
3
3
3
3
3
3
3
3
3
3
3
3
3
3
3
3
3
3
3
3
3
3
3
3
3
3
3
3
3
3
3
3
3
3
3
3
3
3
3
3
3
3
3
3
3
3
3
3
3
3
3
3
3
3
3
3
3
3
3
3
3
3
3
3
3
3
3
3
3
3
3
3
3
3
3
3
3
3
3
3
3
3
3
3
3
3
3
3
3
3
3
3
3
3
3
3
3
3
3
3
3
3
3
3
3
3
3
3
3
3
3
3
3
3
3
3
3
3
3
3
3
3
3
3
3
3
3
3
3
3
3
3
3
3
3
3
3
3
3
3
3
3
3
3
3
3
3
3
3
3
3
3
3
3
3
3
3
3
3
3
3
3
3
3
3
3
3
3
3
3
3
3
3
3
3
3
3
3
3
3
3
3
3
3
3
3
3
3
3
3
3
3
3
3
3
3
3
3
3
3
3
3
3
3
3
3
3
3
3
3
3
3
3
3
3
3
3
3
3
3
3
3
3
3
3
3
3
3
3
3
3
3
3
3
3
3
3
3
3
3
3
3
3
3
3
3
3
3
3
3
3
3
3
3
3
3
3
3
3
3
3
3
3
3
3
3
3
3
3
3
3
3
3
3
3
3
3
3
3
3
3
3
3
3
3
3
3
3
3
3
3
3
3
3
3
3
3
3
3
3
3
3
3
3
3
3
3
3
3
3
3
3
3
3
3
3
3
3
3
3
3
3
3
3
3
3
3
3
3
3
3
3
3
3
3
3
3
3
3
3
3
3
3
3
3
3
3
3
3
3
3
3
3
3
3
3
3
3
3
3
3
3
3
3
3
3
3
3
3
3
3
3
3
3
3
3
3
3
3
3
3
3
3
3
3
3
3
3
3
3
3
3
3
3
3
3
3
3
3
3
3
3
3
3
3
3
3
3
3
3
3
3
3
3
3
3
3
3
3
3
3
3
3
3
3
3
3
3
3
3
3
3
3
3
3
3
3
3
3
3
3
3
3
3
3
3
3
3
3
3
3
3
3
3
3
3
3
3
3
3
3
3
3
3
3
3
3
3
3
3
3
3
3
3
3
3
3
3
3
3
3
3
3
3
3
3
3
3
3
3
3
3
3
3
3
3
3
3
3
3
3
3
3
3
3
3
3
3
3
3
3
3
3
3
3
3
3
3
3
3
3
3
3
3
3
3
3
3
3
3
3
3
3
3
3
3
3
3
3
3
3
3
3
3
3
3
3
3
3
3
3
3
3
3
3
3
3
3
3
3
3
3
3
3
3
3
3
3
3
3
3
3
3
3
3
3
3
3
3
3
3
3
3
3
3
3
3
3
3
3
3
3
3
3
3
3
3
3
3
3
3
3
3
3
3
3
3
3
3
3
3
3
3
3
3
3
3
3
3
3
3
3
3
3
3
3
3
3
3
3
3
3
3
3
3
3
3
3
3
3
3
3
3
3
3
3
3
3
3
3
3
3
3
3
3
3
3
3
3
3
3
3
3
3
3
3
3
3
3
3
3
3
3
3
3
3
3
3
3
3
3
3
3
3
3
3
3
3
3
3
3
3
3
3
3
3
3
3
3
3
3
3
3
3
3
3
3
3
3
3
3
3
3
3
3
3
3
3
3
3
3
3
3
3
3
3
3
3
3
3
3
3
3
3
3
3
3
3
3
3
3
3
3
3
3
3
3
3
3
3
3
3
3
3
3
3
3
3
3
3
3
3
3
3
3
3
3
3
3
3
3
3
3
3
3
3
3
3
3
3
3
3
3
3
3
3
3
3
3
3
3
3
3
3
3
3
3
3
3
3
3
3
3
3
3
3
3
3
3
3
3
3
3
3
3
3
3
3
3
3
3
3
3
3
3
3
3
3
3
3
3
3
3
3
3
3
3
3
3
3
3
3
3
3
3
3
3
3
3
3
3
3
3
3
3
3
3
3
3
3
3
3
3
3
3
3
3
3
3
3
3
3
3
3
3
3
3
3
3
3
3
3
3
3
3
3
3
3
3
3
3
3
3
3
3
3
3
3
3
3
3
3
3
3
3
3
3
3
3
3
3
3
3
3
3
3
3
3
3
3
3
3
3
3
3
3
3
3
3
3
3
3
3
3
3
3
3
3
3
3
3
3
3
3
3
3
3
3
3
3
3
3
3
3
3
3
3
3
3
3
3
3
3
3
3
3
3
3
3
3
3
3
3
3
3
3
3
3
3
3
3
3
3
3
3
3
3
3
3
3
3
3
3
3
3
3
3
3
3
3
3
3
3
3
3
3
3
3
3
3
3
3
3
3
3
3
3
3
3
3
3
3
3
3
3
3
3
3
3
3
3
3
3
3
3
3
3
3
3
3
3
3
3
3
3
3
3
3
3
3
3
3
3
3
3
3
3
3
3
3
3
3
3
3
3
3
3
3
3
3
3
3
3
3
3
3
3
3
3
3
3
3
3
3
3
3
3
3
3
3
3
3
3
3
3
3
3
3
3
3
3
3
3
3
3
3
3
3
3
3
3
3
3
3
3
3
3
3
3
3
3
3
3
3
3
3
3
3
3
3
3
3
3
3
3
3
3
3
3
3
3
3
3
3
3
3
3
3
3
3
3
3
3
3
3
3
3
3
3
3
3
3
3
3
3
3
3
3
3
3
3
3
3
3
3
3
3
3
3
3
3
3
3
3
3
3
3
3
3
3
3
3
3
3
3
3
3
3
3
3
3
3
3
3
3
3
3
3
3
3
3
3
3
3
3
3
3
3
3
3
3
3
3
3
3
3
3
3
3
3
3
3
3
3
3
3
3
3
3
3
3
3
3
3
3
3
3
3
3
3
3
3
3
3
3
3
3
3
3
3
3
3
3
3
3
3
3
3
3
3
3
3
3
3
3
3
3
3
3
3
3
3
3
3
3
3
3
3
3
3
3
3
3
3
3
3
3
3
3
3
3
3
3
3
3
3
3
3
3
3
3
3
3
3
3
3
3
3
3
3
3
3
3
3
3
3
3
3
3
3
3
3
3
3
3
3
3
3
3
3
3
3
3
3
3
3
3
3
3
3
3
3
3
3
3
3
3
3
3
3
3
3
3
3
3
3
3
3
3
3
3
3
3
3
3
3
3
3
3
3
3
3
3
3
3
3
3
3
3
3
3
3
3
3
3
3
3
3
3
3
3
3
3
3
3
3
3
3
3
3
3
3
3
3
3
3
3
3
3
3
3
3
3
3
3
3
3
3
3
3
3
3
3
3
3
3
3
3
3
3
3
3
3
3
3
3
3
3
3
3
3
3
3
3
3
3
3
3
3
3
3
3
3
3
3
3
3
3
3
3
3
3
3
3
3
3
3
3
3
3
3
3
3
3
3
3
3
3
3
3
3
3
3
3
3
3
3
3
3
3
3
3
3
3
3
3
3
3
3
3
3
3
3
3
3
3
3
3
3
3
3
3
3
3
3
3
3
3
3
3
3
3
3
3
3
3
3
3
3
3
3
3
3
3
3
3
3
3
3
3
3
3
3
3
3
3
3
3
3
3
3
3
3
3
3
3
3
3
3
3
3
3
3
3
3
3
3
3
3
3
3
3
3
3
3
3
3
3
3
3
3
3
3
3
3
3
3
3
3
3
3
3
3
3
3
3
3
3
3
3
3
3
3
3
3
3
3
3
3
3
3
3
3
3
3
3
3
3
3
3
3
3
3
3
3
3
3
3
3
3
3
3
3
3
3
3
3
3
3
3
3
3
3
3
3
3
3
3
3
3
3
3
3
3
3
3
3
3
3
3
3
3
3
3
3
3
3
3
3
3
3
3
3
3
3
3
3
3
3
3
3
3
3
3
3
3
3
3
3
3
3
3
3
3
3
3
3
3
3
3
3
3
3
3
3
3
3
3
3
3
3
3
3
3
3
3
3
3
3
3
3
3
3
3
3
3
3
3
3
3
3
3
3
3
3
3
3
3
3
3
3
3
3
3
3
3
3
3
3
3
3
3
3
3
3
3
3
3
3
3
3
3
3
3
3
3
3
3
3
3
3
3
3
3
3
3
3
3
3
3
3
3
3
3
3
3
3
3
3
3
3
3
3
3
3
3
3
3
3
3
3
3
3
3
3
3
3
3
3
3
3
3
3
3
3
3
3
3
3
3
3
3
3
3
3
3
3
3
3
3
3
3
3
3
3
3
3
3
3
3
3
3
3
3
3
3
3
3
3
3
3
3
3
3
3
3
3
3
3
3
3
3
3
3
3
3
3
3
3
3
3
3
3
3
3
3
3
3
3
3
3
3
3
3
3
3
3
3
3
3
3
3
3
3
3
3
3
3
3
3
3
3
3
3
3
3
3
3
3
3
3
3
3
3
3
3
3
3
3
3
3
3
3
3
3
3
3
3
3
3
3
3
3
3
3
3
3
3
3
3
3
3
3
3
3
3
3
3
3
3
3
3
3
3
3
3
3
3
3
3
3
3
3
3
3
3
3
3
3
3
3
3
3
3
3
3
3
3
3
3
3
3
3
3
3
3
3
3
3
3
3
3
3
3
3
3
3
3
3
3
3
3
3
3
3
3
3
3
3
3
3
3
3
3
3
3
3
3
3
3
3
3
3
</DataArray>
</CellData>
</Piece>
</UnstructuredGrid>
</VTKFile>
