<?xml version="1.0"?>
<VTKFile type="UnstructuredGrid" version="0.1">
<UnstructuredGrid>
<Piece NumberOfPoints="2688" NumberOfCells="2537">
<Points><DataArray type="Float64" NumberOfComponents="3" format="ascii">
-0.9136796052 -0.8894227932 0.0
-0.8519554783 -0.8187280859 0.0
-0.928527351 -0.7679569433 0.0
-0.7618610615 -0.9168194491 0.0
-0.8302137205 -0.953064796 0.0
-0.7960642852 -1.010041207 0.0
-0.9033768492 0.9937524986 0.0
-0.8303934722 0.9535079194 0.0
-0.7945888125 1.010936316 0.0
-0.9284799785 0.768651399 0.0
-0.8523438348 0.818630262 0.0
-0.9120511887 0.892672969 0.0
-0.698064532 0.9484854338 0.0
-0.6309047863 1.001071183 0.0
-0.7179638803 1.026648449 0.0
-0.9507002147 -0.7004622939 0.0
-1.001296424 -0.6305782075 0.0
-1.028103999 -0.7181722657 0.0
-0.7614741436 0.9182602082 0.0
-1.109182195 0.5971725369 0.0
-1.030036339 0.5521528699 0.0
-1.001246264 0.6307775648 0.0
-0.4941718543 1.054467841 0.0
-0.4777583914 0.992017599 0.0
-0.4064278783 1.043096515 0.0
-0.6009347435 -1.106150538 0.0
-0.5547008819 -1.027899702 0.0
-0.6320566137 -0.9989523669 0.0
-1.054482724 -0.4941502758 0.0
-0.992017599 -0.4777583914 0.0
-1.043096515 -0.4064278783 0.0
-1.062246706 -0.2682906332 0.0
-1.128206338 -0.3122837269 0.0
-1.045900814 -0.3369937314 0.0
-0.2682906332 1.062246706 0.0
-0.3122837269 1.128206338 0.0
-0.3369937314 1.045900814 0.0
-0.9041964835 -0.991347986 0.0
-0.95087239 0.7006806949 0.0
-1.028727431 0.7193167424 0.0
-0.6986376552 -0.94795784 0.0
-0.7205773108 -1.026010515 0.0
-1.043165829 0.4064509178 0.0
-0.9920769817 0.4776557771 0.0
-1.05605171 0.4948758993 0.0
-1.10578234 -0.5980955572 0.0
-1.028786427 -0.5515019529 0.0
-0.5981409396 1.10575104 0.0
-0.5515700265 1.028739477 0.0
-0.2667655069 -1.060492415 0.0
-0.3370136093 -1.044810064 0.0
-0.3125077228 -1.124933534 0.0
-1.062403493 0.2694977084 0.0
-1.045728448 0.3373806877 0.0
-1.12698767 0.3131511144 0.0
-0.4072417952 -1.04255792 0.0
-0.4762462518 -0.9896022152 0.0
-0.4972648896 -1.054420755 0.0
-0.1558688164 0.4797148901 0.0
-0.185682792 0.4689811984 0.0
-0.1847988744 0.4667486772 0.0
-0.1551268241 0.4774312727 0.0
-0.2137416079 0.454224038 0.0
-0.2128896458 0.4524135262 0.0
-0.1840622763 0.4648882429 0.0
-0.3199874471 0.3867983782 0.0
-0.343643296 0.3659429419 0.0
-0.342273553 0.3644843137 0.0
-0.3187119949 0.3852566214 0.0
-0.3676932958 0.3452869877 0.0
-0.3886484864 0.3215179897 0.0
-0.3867983782 0.3199874471 0.0
-0.3659429419 0.343643296 0.0
-0.4990133642 0.03139525976 0.0
-0.4960573507 0.06266661678 0.0
-0.4980425205 0.06291740205 0.0
-0.5010103637 0.03152090032 0.0
-0.4590037891 -0.2159907881 0.0
-0.4563966521 -0.2147639626 0.0
-0.4689811984 -0.185682792 0.0
-0.4716602237 -0.1867434932 0.0
-0.3867983782 -0.3199874471 0.0
-0.3659429419 -0.343643296 0.0
-0.3644843137 -0.342273553 0.0
-0.3852566214 -0.3187119949 0.0
-0.3452869877 -0.3676932958 0.0
-0.3215179897 -0.3886484864 0.0
-0.3199874471 -0.3867983782 0.0
-0.343643296 -0.3659429419 0.0
-0.1551268241 -0.4774312727 0.0
-0.1847988744 -0.4667486772 0.0
-0.185682792 -0.4689811984 0.0
-0.1558688164 -0.4797148901 0.0
-0.1254396977 -0.4885553663 0.0
-0.1248425591 -0.486229665 0.0
-0.4563966521 0.2147639626 0.0
-0.4689811984 0.185682792 0.0
-0.4667486772 0.1847988744 0.0
-0.454224038 0.2137416079 0.0
-0.06321834437 0.5004247242 0.0
-0.09451552583 0.4954677376 0.0
-0.09406559754 0.4931091309 0.0
-0.06291740205 0.4980425205 0.0
-0.5216976132 -0.06590573521 0.0
-0.515769928 -0.06515689442 0.0
-0.5188434091 -0.03264286044 0.0
-0.5248064175 -0.03301802113 0.0
-0.4258807663 -0.2702721528 0.0
-0.408069859 -0.296480107 0.0
-0.406127298 -0.2950687538 0.0
-0.4238534189 -0.268985559 0.0
-0.4524135262 -0.2128896458 0.0
-0.4648882429 -0.1840622763 0.0
-0.4667486772 -0.1847988744 0.0
-0.454224038 -0.2137416079 0.0
-0.3886484864 -0.3215179897 0.0
-0.3676932958 -0.3452869877 0.0
-0.4931091309 0.09406559754 0.0
-0.4911436254 0.09369065729 0.0
-0.5367109712 -0.1743879657 0.0
-0.5466018057 -0.1403434902 0.0
-0.5610019351 -0.144040815 0.0
-0.5508505283 -0.1789821863 0.0
-0.4842915806 -0.1243449436 0.0
-0.4911436254 -0.09369065729 0.0
-0.4931091309 -0.09406559754 0.0
-0.486229665 -0.1248425591 0.0
-0.4797148901 0.1558688164 0.0
-0.4774312727 0.1551268241 0.0
-0.3187119949 -0.3852566214 0.0
-0.342273553 -0.3644843137 0.0
-0.1545084972 -0.4755282581 0.0
-0.1840622763 -0.4648882429 0.0
-0.4465304334 -0.3244233499 0.0
-0.4252785969 -0.3518210525 0.0
-0.4173234703 -0.3452399994 0.0
-0.4381777767 -0.3183547896 0.0
-0.3597183161 0.4348247489 0.0
-0.3317056223 0.4565536215 0.0
-0.3404443492 0.4685814472 0.0
-0.3691950326 0.4462801312 0.0
-0.4420109168 -0.2429975578 0.0
-0.439906784 -0.241840801 0.0
-0.241840801 -0.439906784 0.0
-0.2137416079 -0.454224038 0.0
-0.2128896458 -0.4524135262 0.0
-0.2408768371 -0.43815334 0.0
-0.06515689442 0.515769928 0.0
-0.09741378391 0.5106609386 0.0
-0.0964808126 0.5057701317 0.0
-0.06453286042 0.5108301902 0.0
-0.4258807663 0.2702721528 0.0
-0.4420109168 0.2429975578 0.0
-0.439906784 0.241840801 0.0
-0.4238534189 0.268985559 0.0
-0.5004247242 -0.06321834437 0.0
-0.4954677376 -0.09451552583 0.0
-0.4980425205 -0.06291740205 0.0
-0.5020009479 -3.035766083e-18 0.0
-0.5 0 0.0
-0.503406763 0.03167166899 0.0
-0.5044020853 -3.469446952e-18 0.0
-0.268985559 -0.4238534189 0.0
-0.2679133975 -0.4221639628 0.0
-0.2938926261 -0.4045084972 0.0
-0.2950687538 -0.406127298 0.0
-0.486229665 0.1248425591 0.0
-0.4842915806 0.1243449436 0.0
-0.4755282581 0.1545084972 0.0
-0.1248425591 0.486229665 0.0
-0.1243449436 0.4842915806 0.0
-0.09369065729 0.4911436254 0.0
-0.4648882429 0.1840622763 0.0
-0.4524135262 0.2128896458 0.0
-0.4221639628 0.2679133975 0.0
-0.4045084972 0.2938926261 0.0
-0.406127298 0.2950687538 0.0
-0.3852566214 0.3187119949 0.0
-0.2679133975 0.4221639628 0.0
-0.2408768371 0.43815334 0.0
-0.241840801 0.439906784 0.0
-0.268985559 0.4238534189 0.0
-0.09406559754 -0.4931091309 0.0
-0.09369065729 -0.4911436254 0.0
-0.1243449436 -0.4842915806 0.0
-0.43815334 0.2408768371 0.0
-0.5010103637 -0.03152090032 0.0
-0.4960573507 -0.06266661678 0.0
-0.4990133642 -0.03139525976 0.0
-0.3644843137 0.342273553 0.0
-0.03152090032 0.5010103637 0.0
-0.03139525976 0.4990133642 0.0
0 0.5 0.0
-3.361026735e-18 0.5020009479 0.0
-0.2238935073 0.4757979224 0.0
-0.2213495619 0.4703917632 0.0
-0.191376636 0.4833622065 0.0
-0.1935761059 0.4889174335 0.0
-0.3452869877 0.3676932958 0.0
-0.06291740205 -0.4980425205 0.0
-0.06266661678 -0.4960573507 0.0
-0.2950687538 0.406127298 0.0
-0.2938926261 0.4045084972 0.0
-0.4797148901 -0.1558688164 0.0
-0.4774312727 -0.1551268241 0.0
-0.4045084972 -0.2938926261 0.0
-0.4221639628 -0.2679133975 0.0
-0.43815334 -0.2408768371 0.0
-0.2159907881 0.4590037891 0.0
-0.244385666 0.4445358761 0.0
-0.2429975578 0.4420109168 0.0
-0.2147639626 0.4563966521 0.0
-0.09451552583 -0.4954677376 0.0
-0.503406763 -0.03167166899 0.0
-0.4885553663 0.1254396977 0.0
-0.1545084972 0.4755282581 0.0
-0.296480107 -0.408069859 0.0
-0.06321834437 -0.5004247242 0.0
-0.4755282581 -0.1545084972 0.0
-0.2702721528 -0.4258807663 0.0
-0.2429975578 -0.4420109168 0.0
-0.408069859 0.296480107 0.0
-0.4954677376 0.09451552583 0.0
-0.5004247242 0.06321834437 0.0
-0.06266661678 0.4960573507 0.0
-8.131516294e-18 0.5044020853 0.0
-0.03167166899 0.503406763 0.0
-0.4885553663 -0.1254396977 0.0
-0.2702721528 0.4258807663 0.0
-0.2736687603 0.4312329634 0.0
-0.2460513957 0.4475658273 0.0
-0.2480502715 0.4512017688 0.0
-0.2758919944 0.4347362198 0.0
-0.3313771329 0.4005661434 0.0
-0.3282033998 0.396729759 0.0
-0.3026448977 0.4165549655 0.0
-0.3055714796 0.42058306 0.0
-0.4389401273 0.2785598753 0.0
-0.4555648985 0.2504489223 0.0
-0.4512017688 0.2480502715 0.0
-0.4347362198 0.2758919944 0.0
-0.5246016079 0.1346947995 0.0
-0.5320239829 0.1014890026 0.0
-0.5235726687 0.09987682815 0.0
-0.5162681997 0.1325551439 0.0
-0.1403434902 0.5466018057 0.0
-0.1743879657 0.5367109712 0.0
-0.1705594486 0.5249280069 0.0
-0.1372623862 0.5346016978 0.0
-0.5519419697 2.255140519e-17 0.0
-0.5416175182 8.67361738e-19 0.0
-0.5405487598 0.03400844535 0.0
-0.5508528383 0.03465672303 0.0
-0.5198692523 -2.602085214e-18 0.0
-0.5148902537 -4.987329993e-18 0.0
-0.5138742354 0.03233022653 0.0
-0.5188434091 0.03264286044 0.0
-0.5258440506 4.33680869e-18 0.0
-0.4113798216 0.3863113661 0.0
-0.4348247489 0.3597183161 0.0
-0.4252785969 0.3518210525 0.0
-0.4023483801 0.377830278 0.0
-0.3885503445 0.3648730601 0.0
-0.3833238158 0.359965023 0.0
-0.359965023 0.3833238158 0.0
-0.3648730601 0.3885503445 0.0
-0.3833238158 -0.359965023 0.0
-0.4051698046 -0.3351856127 0.0
-0.4106941981 -0.3397557885 0.0
-0.3885503445 -0.3648730601 0.0
-0.5247019837 0.2077442116 0.0
-0.5106222372 0.240280586 0.0
-0.5240744912 0.2466107363 0.0
-0.5385251662 0.2132171967 0.0
-0.4757979224 0.2238935073 0.0
-0.4608006542 0.2533273034 0.0
-0.467083561 0.2567813606 0.0
-0.4822853134 0.2269462418 0.0
-0.4685814472 0.3404443492 0.0
-0.4565536215 0.3317056223 0.0
-0.4462801312 0.3691950326 0.0
-0.4945272981 0.2718686827 0.0
-0.4836704351 0.2659000718 0.0
-0.4660200183 0.2957452967 0.0
-0.4764806856 0.302383838 0.0
-0.03301802113 0.5248064175 0.0
-1.604619215e-17 0.5258440506 0.0
-1.604619215e-17 0.5330138086 0.0
-0.03346821396 0.5319620276 0.0
-0.6696448253 -0.08459581456 0.0
-0.6630116191 -0.1264762305 0.0
-0.6327290321 -0.1206995181 0.0
-0.6390592714 -0.08073196054 0.0
-0.302383838 -0.4764806856 0.0
-0.2718686827 -0.4945272981 0.0
-0.2659000718 -0.4836704351 0.0
-0.2957452967 -0.4660200183 0.0
-0.244385666 -0.4445358761 0.0
-0.2159907881 -0.4590037891 0.0
-0.2147639626 -0.4563966521 0.0
-0.1567592071 0.482455231 0.0
-0.1867434932 0.4716602237 0.0
-0.3215179897 0.3886484864 0.0
-0.1254396977 0.4885553663 0.0
-0.5231894164 -0.2876258156 0.0
-0.5075555337 -0.2790310159 0.0
-0.5240744912 -0.2466107363 0.0
-0.540217196 -0.2542069165 0.0
-0.5035832328 -0.1993827066 0.0
-0.4900701826 -0.2306095232 0.0
-0.4822853134 -0.2269462418 0.0
-0.4955837059 -0.1962154699 0.0
-0.2213495619 -0.4703917632 0.0
-0.2192296074 -0.4658866306 0.0
-0.2480502715 -0.4512017688 0.0
-0.2504489223 -0.4555648985 0.0
-0.2174629787 -0.4621323534 0.0
-0.1880163346 -0.4748750542 0.0
-0.1867434932 -0.4716602237 0.0
-0.2981737308 -0.4104009322 0.0
-0.3233546408 -0.3908686163 0.0
-0.3472594178 -0.3697937204 0.0
-0.3697937204 -0.3472594178 0.0
-0.3908686163 -0.3233546408 0.0
-0.4104009322 -0.2981737308 0.0
-0.4283135832 -0.2718160653 0.0
-0.4445358761 -0.244385666 0.0
-0.482455231 -0.1567592071 0.0
-0.4913462078 -0.126156264 0.0
-0.4982980657 -0.09505543978 0.0
-0.5032833687 -0.06357947515 0.0
-0.5062824422 -0.03185259139 0.0
-0.5072834503 -4.228388473e-18 0.0
-0.5062824422 0.03185259139 0.0
-0.4982980657 0.09505543978 0.0
-0.5032833687 0.06357947515 0.0
-0.4913462078 0.126156264 0.0
-0.482455231 0.1567592071 0.0
-0.4716602237 0.1867434932 0.0
-0.4445358761 0.244385666 0.0
-0.4590037891 0.2159907881 0.0
-0.4283135832 0.2718160653 0.0
-0.4104009322 0.2981737308 0.0
-0.3908686163 0.3233546408 0.0
-0.3697937204 0.3472594178 0.0
-0.3472594178 0.3697937204 0.0
-0.3233546408 0.3908686163 0.0
-0.296480107 0.408069859 0.0
-0.2718160653 0.4283135832 0.0
-0.2981737308 0.4104009322 0.0
-0.2174629787 0.4621323534 0.0
-0.09505543978 0.4982980657 0.0
-0.126156264 0.4913462078 0.0
-0.06357947515 0.5032833687 0.0
-0.03185259139 0.5062824422 0.0
-9.649399335e-18 0.5072834503 0.0
-0.09505543978 -0.4982980657 0.0
-0.06357947515 -0.5032833687 0.0
-0.126156264 -0.4913462078 0.0
-0.1567592071 -0.482455231 0.0
-0.2718160653 -0.4283135832 0.0
-0.3002060794 -0.4131982201 0.0
-0.3255586222 -0.3935327721 0.0
-0.3496263338 -0.37231423 0.0
-0.37231423 -0.3496263338 0.0
-0.3935327721 -0.3255586222 0.0
-0.4131982201 -0.3002060794 0.0
-0.4312329634 -0.2736687603 0.0
-0.4475658273 -0.2460513957 0.0
-0.4621323534 -0.2174629787 0.0
-0.4748750542 -0.1880163346 0.0
-0.4946952177 -0.1270161436 0.0
-0.48574364 -0.157827676 0.0
-0.5016944593 -0.09570333652 0.0
-0.5067137421 -0.0640128321 0.0
-0.5097332573 -0.03206969827 0.0
-0.5107410882 -2.602085214e-18 0.0
-0.5097332573 0.03206969827 0.0
-0.5016944593 0.09570333652 0.0
-0.5067137421 0.0640128321 0.0
-0.4946952177 0.1270161436 0.0
-0.48574364 0.157827676 0.0
-0.4748750542 0.1880163346 0.0
-0.4621323534 0.2174629787 0.0
-0.4475658273 0.2460513957 0.0
-0.4312329634 0.2736687603 0.0
-0.4131982201 0.3002060794 0.0
-0.3935327721 0.3255586222 0.0
-0.37231423 0.3496263338 0.0
-0.3496263338 0.37231423 0.0
-0.3255586222 0.3935327721 0.0
-0.3002060794 0.4131982201 0.0
-0.2192296074 0.4658866306 0.0
-0.157827676 0.48574364 0.0
-0.1880163346 0.4748750542 0.0
-0.09570333652 0.5016944593 0.0
-0.1270161436 0.4946952177 0.0
-0.0640128321 0.5067137421 0.0
-0.03206969827 0.5097332573 0.0
-1.235990477e-17 0.5107410882 0.0
-0.09570333652 -0.5016944593 0.0
-0.0640128321 -0.5067137421 0.0
-0.1270161436 -0.4946952177 0.0
-0.157827676 -0.48574364 0.0
-0.2460513957 -0.4475658273 0.0
-0.2736687603 -0.4312329634 0.0
-0.3026448977 -0.4165549655 0.0
-0.3282033998 -0.396729759 0.0
-0.352466633 -0.3753388415 0.0
-0.3753388415 -0.352466633 0.0
-0.396729759 -0.3282033998 0.0
-0.4165549655 -0.3026448977 0.0
-0.4347362198 -0.2758919944 0.0
-0.4512017688 -0.2480502715 0.0
-0.4658866306 -0.2192296074 0.0
-0.4987140295 -0.1280479991 0.0
-0.4896897309 -0.1591098386 0.0
-0.5057701317 -0.0964808126 0.0
-0.5108301902 -0.06453286042 0.0
-0.5138742354 -0.03233022653 0.0
-0.5057701317 0.0964808126 0.0
-0.5108301902 0.06453286042 0.0
-0.4987140295 0.1280479991 0.0
-0.4896897309 0.1591098386 0.0
-0.4658866306 0.2192296074 0.0
-0.4165549655 0.3026448977 0.0
-0.396729759 0.3282033998 0.0
-0.3753388415 0.352466633 0.0
-0.352466633 0.3753388415 0.0
-0.2504489223 0.4555648985 0.0
-0.1280479991 0.4987140295 0.0
-0.03233022653 0.5138742354 0.0
-1.19262239e-17 0.5148902537 0.0
-0.0964808126 -0.5057701317 0.0
-0.06453286042 -0.5108301902 0.0
-0.1280479991 -0.4987140295 0.0
-0.1591098386 -0.4896897309 0.0
-0.2758919944 -0.4347362198 0.0
-0.4787328507 -0.1895437443 0.0
-0.4787328507 0.1895437443 0.0
-0.191376636 -0.4833622065 0.0
-0.1606484338 -0.49442504 0.0
-0.1895437443 -0.4787328507 0.0
-0.3055714796 -0.42058306 0.0
-0.3313771329 -0.4005661434 0.0
-0.3558749921 -0.3789683753 0.0
-0.3789683753 -0.3558749921 0.0
-0.4005661434 -0.3313771329 0.0
-0.42058306 -0.3055714796 0.0
-0.4389401273 -0.2785598753 0.0
-0.4833622065 -0.191376636 0.0
-0.49442504 -0.1606484338 0.0
-0.5035366038 -0.1292862257 0.0
-0.5106609386 -0.09741378391 0.0
-0.49442504 0.1606484338 0.0
-0.5035366038 0.1292862257 0.0
-0.4833622065 0.191376636 0.0
-0.4703917632 0.2213495619 0.0
-0.4005661434 0.3313771329 0.0
-0.42058306 0.3055714796 0.0
-0.3789683753 0.3558749921 0.0
-0.3558749921 0.3789683753 0.0
-0.2533273034 0.4608006542 0.0
-0.1591098386 0.4896897309 0.0
-0.1606484338 0.49442504 0.0
-0.1292862257 0.5035366038 0.0
-1.214306433e-17 0.5198692523 0.0
-0.03264286044 0.5188434091 0.0
-0.1292862257 -0.5035366038 0.0
-0.1935761059 -0.4889174335 0.0
-0.162494748 -0.5001074109 0.0
-0.4608006542 -0.2533273034 0.0
-0.4439848164 -0.2817613323 0.0
-0.4555648985 -0.2504489223 0.0
-0.2567813606 0.467083561 0.0
-0.2856030808 0.4500384433 0.0
-0.2817613323 0.4439848164 0.0
-0.2785598753 0.4389401273 0.0
-0.2785598753 -0.4389401273 0.0
-0.4254167733 -0.309083378 0.0
-0.4703917632 -0.2213495619 0.0
-0.4889174335 -0.1935761059 0.0
-0.5001074109 -0.162494748 0.0
-0.5165299068 -0.09853334947 0.0
-0.5106609386 0.09741378391 0.0
-0.515769928 0.06515689442 0.0
-0.5093236928 0.1307720976 0.0
-0.5165299068 0.09853334947 0.0
-0.4051698046 0.3351856127 0.0
-0.4254167733 0.309083378 0.0
-0.1895437443 0.4787328507 0.0
-0.06680434417 0.5288108355 0.0
-0.09987682815 0.5235726687 0.0
-0.09853334947 0.5165299068 0.0
-0.06590573521 0.5216976132 0.0
-0.1307720976 -0.5093236928 0.0
-0.2817613323 -0.4439848164 0.0
-0.2533273034 -0.4608006542 0.0
-0.359965023 -0.3833238158 0.0
-0.3351856127 -0.4051698046 0.0
-0.5216976132 0.06590573521 0.0
-0.5248064175 0.03301802113 0.0
-0.4439848164 0.2817613323 0.0
-0.309083378 0.4254167733 0.0
-0.3351856127 0.4051698046 0.0
-0.1307720976 0.5093236928 0.0
-0.162494748 0.5001074109 0.0
-0.1962154699 -0.4955837059 0.0
-0.1647103251 -0.506926256 0.0
-0.309083378 -0.4254167733 0.0
-0.4312172294 -0.313297656 0.0
-0.467083561 -0.2567813606 0.0
-0.4757979224 -0.2238935073 0.0
-0.5093236928 -0.1307720976 0.0
-0.5288108355 0.06680434417 0.0
-0.5319620276 0.03346821396 0.0
-0.4955837059 0.1962154699 0.0
-0.506926256 0.1647103251 0.0
-0.5001074109 0.162494748 0.0
-0.4889174335 0.1935761059 0.0
-0.4500384433 0.2856030808 0.0
-0.4312172294 0.313297656 0.0
-0.4106941981 0.3397557885 0.0
-0.313297656 0.4312172294 0.0
-0.3397557885 0.4106941981 0.0
-0.1325551439 0.5162681997 0.0
-0.06788267491 0.5373467023 0.0
-0.1014890026 0.5320239829 0.0
-0.2306095232 -0.4900701826 0.0
-0.1993827066 -0.5035832328 0.0
-0.2269462418 -0.4822853134 0.0
-0.2238935073 -0.4757979224 0.0
-0.2856030808 -0.4500384433 0.0
-0.313297656 -0.4312172294 0.0
-0.3648730601 -0.3885503445 0.0
-0.3397557885 -0.4106941981 0.0
-0.5162681997 -0.1325551439 0.0
-0.506926256 -0.1647103251 0.0
-0.5330138086 3.903127821e-18 0.0
-0.5319620276 -0.03346821396 0.0
-0.4746230492 -0.2609262294 0.0
-0.5235726687 -0.09987682815 0.0
-0.5288108355 -0.06680434417 0.0
-0.5405487598 -0.03400844535 0.0
-0.5373467023 0.06788267491 0.0
-0.3183547896 0.4381777767 0.0
-0.3452399994 0.4173234703 0.0
-0.2269462418 0.4822853134 0.0
-0.1962154699 0.4955837059 0.0
-0.1647103251 0.506926256 0.0
-0.1346947995 0.5246016079 0.0
-0.1325551439 -0.5162681997 0.0
-0.2567813606 -0.467083561 0.0
-0.2902131789 -0.4573027956 0.0
-0.3183547896 -0.4381777767 0.0
-0.3707627046 -0.3948221788 0.0
-0.3948221788 -0.3707627046 0.0
-0.4500384433 -0.2856030808 0.0
-0.5346016978 -0.1372623862 0.0
-0.5249280069 -0.1705594486 0.0
-0.51510887 -0.1673690176 0.0
-0.5246016079 -0.1346947995 0.0
-0.513182665 0.2031833907 0.0
-0.5249280069 0.1705594486 0.0
-0.51510887 0.1673690176 0.0
-0.5035832328 0.1993827066 0.0
-0.4573027956 0.2902131789 0.0
-0.4381777767 0.3183547896 0.0
-0.06917667181 0.5475897424 0.0
-0.1034236119 0.54216556 0.0
-0.3452399994 -0.4173234703 0.0
-0.377830278 -0.4023483801 0.0
-0.4023483801 -0.377830278 0.0
-0.4573027956 -0.2902131789 0.0
-0.5320239829 -0.1014890026 0.0
-0.5373467023 -0.06788267491 0.0
-0.54216556 -0.1034236119 0.0
-0.5475897424 -0.06917667181 0.0
-0.5508528383 -0.03465672303 0.0
-0.5346016978 0.1372623862 0.0
-0.54216556 0.1034236119 0.0
-0.5367109712 0.1743879657 0.0
-0.4746230492 0.2609262294 0.0
-0.4900701826 0.2306095232 0.0
-0.4465304334 0.3244233499 0.0
-0.4173234703 0.3452399994 0.0
-0.3948221788 0.3707627046 0.0
-0.377830278 0.4023483801 0.0
-0.3707627046 0.3948221788 0.0
-0.2902131789 0.4573027956 0.0
-0.2609262294 0.4746230492 0.0
-0.2306095232 0.4900701826 0.0
-0.2350054609 0.4994120256 0.0
-0.1993827066 0.5035832328 0.0
-0.2031833907 0.513182665 0.0
-0.1673690176 0.51510887 0.0
-0.07072946808 0.5598813906 0.0
-0.105745143 0.5543354525 0.0
-0.03400844535 0.5405487598 0.0
-1.517883041e-17 0.5416175182 0.0
-0.1673690176 -0.51510887 0.0
-0.1346947995 -0.5246016079 0.0
-0.2350054609 -0.4994120256 0.0
-0.2031833907 -0.513182665 0.0
-0.2609262294 -0.4746230492 0.0
-0.3244233499 -0.4465304334 0.0
-0.5106222372 -0.240280586 0.0
-0.4945272981 -0.2718686827 0.0
-0.4836704351 -0.2659000718 0.0
-0.4994120256 -0.2350054609 0.0
-0.2957452967 0.4660200183 0.0
-0.3244233499 0.4465304334 0.0
-0.3518210525 -0.4252785969 0.0
-0.4113798216 -0.3863113661 0.0
-0.4348247489 -0.3597183161 0.0
-0.4565536215 -0.3317056223 0.0
-0.4660200183 -0.2957452967 0.0
-0.4764806856 -0.302383838 0.0
-0.513182665 -0.2031833907 0.0
-0.5247019837 -0.2077442116 0.0
-0.5598813906 -0.07072946808 0.0
-0.5543354525 -0.105745143 0.0
-0.5598813906 0.07072946808 0.0
-0.5632177326 0.03543465624 0.0
-0.5475897424 0.06917667181 0.0
-0.5923313417 0.07482885023 0.0
-0.5958610535 0.03748839991 0.0
-0.5780556057 0.03636817609 0.0
-0.5746313684 0.0725928236 0.0
-0.5508505283 0.1789821863 0.0
-0.4994120256 0.2350054609 0.0
-0.3863113661 0.4113798216 0.0
-0.3518210525 0.4252785969 0.0
-0.302383838 0.4764806856 0.0
-0.2659000718 0.4836704351 0.0
-0.240280586 0.5106222372 0.0
-0.2077442116 0.5247019837 0.0
-0.03465672303 0.5508528383 0.0
-1.387778781e-17 0.5519419697 0.0
-0.1705594486 -0.5249280069 0.0
-0.1372623862 -0.5346016978 0.0
-0.240280586 -0.5106222372 0.0
-0.3103500876 -0.4890334863 0.0
-0.2790310159 -0.5075555337 0.0
-0.5958610535 -0.03748839991 0.0
-0.5923313417 -0.07482885023 0.0
-0.5746313684 -0.0725928236 0.0
-0.5780556057 -0.03636817609 0.0
-0.3199095871 -0.5040968472 0.0
-0.2876258156 -0.5231894164 0.0
-0.3863113661 -0.4113798216 0.0
-0.3597183161 -0.4348247489 0.0
-0.4462801312 -0.3691950326 0.0
-0.4222175514 -0.3964886718 0.0
-0.4890334863 -0.3103500876 0.0
-0.5385251662 -0.2132171967 0.0
-0.5632177326 -0.03543465624 0.0
-0.5643313115 3.6429193e-17 0.0
-0.5466018057 0.1403434902 0.0
-0.5040968472 0.3199095871 0.0
-0.5231894164 0.2876258156 0.0
-0.5075555337 0.2790310159 0.0
-0.4890334863 0.3103500876 0.0
-0.3964886718 0.4222175514 0.0
-0.4222175514 0.3964886718 0.0
-0.3103500876 0.4890334863 0.0
-0.2718686827 0.4945272981 0.0
-0.2466107363 0.5240744912 0.0
-0.2132171967 0.5385251662 0.0
-0.03636817609 0.5780556057 0.0
-0.03543465624 0.5632177326 0.0
-1.994931997e-17 0.5643313115 0.0
-1.351598133e-17 0.5791985217 0.0
-0.1743879657 -0.5367109712 0.0
-0.1403434902 -0.5466018057 0.0
-0.2077442116 -0.5247019837 0.0
-0.3317056223 -0.4565536215 0.0
-0.2542069165 -0.540217196 0.0
-0.2197847788 -0.5551129851 0.0
-0.2132171967 -0.5385251662 0.0
-0.2466107363 -0.5240744912 0.0
-0.3964886718 -0.4222175514 0.0
-0.3691950326 -0.4462801312 0.0
-0.4685814472 -0.3404443492 0.0
-0.5040968472 -0.3199095871 0.0
-0.5689393235 -0.1085309804 0.0
-0.5791985217 5.377642776e-17 0.0
-0.5543354525 0.105745143 0.0
-0.5689393235 0.1085309804 0.0
-0.5610019351 0.144040815 0.0
-0.5782820904 0.1484776048 0.0
-0.5864639687 0.1118739853 0.0
-0.3199095871 0.5040968472 0.0
-0.3509308215 0.483014838 0.0
-0.2790310159 0.5075555337 0.0
-0.1789821863 0.5508505283 0.0
-0.1085309804 0.5689393235 0.0
-0.144040815 0.5610019351 0.0
-0.0725928236 0.5746313684 0.0
-0.03748839991 0.5958610535 0.0
-1.535236568e-17 0.5970391739 0.0
-0.144040815 -0.5610019351 0.0
-0.1789821863 -0.5508505283 0.0
-0.3404443492 -0.4685814472 0.0
-0.3313809864 -0.5221728802 0.0
-0.2979395753 -0.5419500756 0.0
-0.4352228271 -0.4087014386 0.0
-0.46002659 -0.3805670923 0.0
-0.4765223405 -0.3942135639 0.0
-0.4508291581 -0.4233567589 0.0
-0.3805670923 0.46002659 0.0
-0.4087014386 0.4352228271 0.0
-0.3451466657 -0.5438641199 0.0
-0.310316087 -0.5644628667 0.0
-0.4087014386 -0.4352228271 0.0
-0.3805670923 -0.46002659 0.0
-0.483014838 -0.3509308215 0.0
-0.5678179969 -0.1844952511 0.0
-0.5551129851 -0.2197847788 0.0
-0.5990182768 -0.1538017525 0.0
-0.5782820904 -0.1484776048 0.0
-0.5864639687 -0.1118739853 0.0
-0.607493543 -0.1158855911 0.0
-0.5970391739 6.938893904e-17 0.0
-0.6184479566 8.315999216e-17 0.0
-0.6172275908 -0.0388326685 0.0
-0.5678179969 0.1844952511 0.0
-0.5551129851 0.2197847788 0.0
-0.540217196 0.2542069165 0.0
-0.500334907 0.3635145882 0.0
-0.483014838 0.3509308215 0.0
-0.46002659 0.3805670923 0.0
-0.4765223405 0.3942135639 0.0
-0.4352228271 0.4087014386 0.0
-0.3942135639 0.4765223405 0.0
-0.4233567589 0.4508291581 0.0
-0.2876258156 0.5231894164 0.0
-0.2542069165 0.540217196 0.0
-0.2197847788 0.5551129851 0.0
-0.1844952511 0.5678179969 0.0
-0.1911109287 0.5881789591 0.0
-0.1484776048 0.5782820904 0.0
-0.1538017525 0.5990182768 0.0
-0.1118739853 0.5864639687 0.0
-0.07482885023 0.5923313417 0.0
-0.1844952511 -0.5678179969 0.0
-0.1484776048 -0.5782820904 0.0
-0.1911109287 -0.5881789591 0.0
-0.1538017525 -0.5990182768 0.0
-0.2276658774 -0.5750183678 0.0
-0.3509308215 -0.483014838 0.0
-0.08073196054 0.6390592714 0.0
-0.07751208219 0.6135713097 0.0
-0.0388326685 0.6172275908 0.0
-0.0404457908 0.6428674356 0.0
-0.3786151083 -0.5211189898 0.0
-0.3635145882 -0.500334907 0.0
-0.3942135639 -0.4765223405 0.0
-0.4105893299 -0.4963172412 0.0
-0.4233567589 -0.4508291581 0.0
-0.4963172412 -0.4105893299 0.0
-0.4695567551 -0.4409431431 0.0
-0.500334907 -0.3635145882 0.0
-0.5221728802 -0.3313809864 0.0
-0.5419500756 -0.2979395753 0.0
-0.5644628667 -0.310316087 0.0
-0.5595884417 -0.2633223328 0.0
-0.5828339365 -0.2742608324 0.0
-0.5750183678 -0.2276658774 0.0
-0.5881789591 -0.1911109287 0.0
-0.6239017005 -0.1601907298 0.0
-0.6135713097 -0.07751208219 0.0
-0.6441384958 9.820315075e-17 0.0
-0.6428674356 -0.0404457908 0.0
-0.6172275908 0.0388326685 0.0
-0.6135713097 0.07751208219 0.0
-0.5990182768 0.1538017525 0.0
-0.607493543 0.1158855911 0.0
-0.5881789591 0.1911109287 0.0
-0.5750183678 0.2276658774 0.0
-0.5595884417 0.2633223328 0.0
-0.5828339365 0.2742608324 0.0
-0.598904827 0.2371231956 0.0
-0.5419500756 0.2979395753 0.0
-0.5221728802 0.3313809864 0.0
-0.4963172412 0.4105893299 0.0
-0.5211189898 0.3786151083 0.0
-0.4508291581 0.4233567589 0.0
-0.4105893299 0.4963172412 0.0
-0.4409431431 0.4695567551 0.0
-0.3635145882 0.500334907 0.0
-0.3313809864 0.5221728802 0.0
-0.310316087 0.5644628667 0.0
-0.2979395753 0.5419500756 0.0
-0.2633223328 0.5595884417 0.0
-0.2742608324 0.5828339365 0.0
-0.2276658774 0.5750183678 0.0
-0.1990497419 0.6126121138 0.0
-0.1601907298 0.6239017005 0.0
-0.1158855911 0.607493543 0.0
-1.539567085e-17 0.6184479566 0.0
-0.2633223328 -0.5595884417 0.0
-0.4409431431 -0.4695567551 0.0
-0.5211189898 -0.3786151083 0.0
-0.5438641199 -0.3451466657 0.0
-0.5914782161 -0.325167901 0.0
-0.6107285304 -0.2873870319 0.0
-0.598904827 -0.2371231956 0.0
-0.6126121138 -0.1990497419 0.0
-0.6537618089 -0.1678575026 0.0
-0.6428674356 0.0404457908 0.0
-0.6390592714 0.08073196054 0.0
-0.6327290321 0.1206995181 0.0
-0.6239017005 0.1601907298 0.0
-0.6126121138 0.1990497419 0.0
-0.6275685781 0.2484719775 0.0
-0.6107285304 0.2873870319 0.0
-0.5644628667 0.310316087 0.0
-0.5438641199 0.3451466657 0.0
-0.520071122 0.4302402491 0.0
-0.5460598892 0.3967357323 0.0
-0.4695567551 0.4409431431 0.0
-0.3786151083 0.5211189898 0.0
-0.3451466657 0.5438641199 0.0
-0.2371231956 0.598904827 0.0
-0.2085763178 0.6419318995 0.0
-0.1678575026 0.6537618089 0.0
-0.1206995181 0.6327290321 0.0
-1.170938346e-17 0.6441384958 0.0
-0.1990497419 -0.6126121138 0.0
-0.1601907298 -0.6239017005 0.0
-0.2484719775 -0.6275685781 0.0
-0.2371231956 -0.598904827 0.0
-0.2742608324 -0.5828339365 0.0
-0.2873870319 -0.6107285304 0.0
-0.6696448253 0.08459581456 0.0
-0.6736352494 0.04238153756 0.0
-0.4620468042 -0.4920298717 0.0
-0.4302402491 -0.520071122 0.0
-0.520071122 -0.4302402491 0.0
-0.4920298717 -0.4620468042 0.0
-0.5460598892 -0.3967357323 0.0
-0.5698936075 -0.3616654809 0.0
-0.6275685781 -0.2484719775 0.0
-0.6419318995 -0.2085763178 0.0
-0.6749671428 1.222980051e-16 0.0
-0.6736352494 -0.04238153756 0.0
-0.6537618089 0.1678575026 0.0
-0.6630116191 0.1264762305 0.0
-0.6419318995 0.2085763178 0.0
-0.5698936075 0.3616654809 0.0
-0.3967357323 0.5460598892 0.0
-0.4302402491 0.520071122 0.0
-0.3616654809 0.5698936075 0.0
-0.2873870319 0.6107285304 0.0
-0.2484719775 0.6275685781 0.0
-0.1264762305 0.6630116191 0.0
-0.08459581456 0.6696448253 0.0
-0.04238153756 0.6736352494 0.0
-1.170938346e-17 0.6749671428 0.0
-0.2085763178 -0.6419318995 0.0
-0.1678575026 -0.6537618089 0.0
-0.3967357323 -0.5460598892 0.0
-0.5914782161 0.325167901 0.0
-0.4620468042 0.4920298717 0.0
-0.325167901 -0.5914782161 0.0
-0.4920298717 0.4620468042 0.0
-0.325167901 0.5914782161 0.0
-0.3616654809 -0.5698936075 0.0
-1.01669323 -0.7971418416 0.0
-1.011354307 -0.8926951608 0.0
-1.007193552 0.8965856369 0.0
-1.015910837 0.797043418 0.0
-0.7038475701 1.109016187 0.0
-1.1093879 -0.7038883208 0.0
-1.110433313 0.7042555286 0.0
-0.7058618975 -1.108876011 0.0
-0.8505700554 0.9020332352 0.0
-0.8077759248 0.8632926567 0.0
-0.8506422609 -0.901946318 0.0
-0.8080334572 -0.8633513646 0.0
-1.103944188 -0.7992854604 0.0
-1.103675198 -0.8979951553 0.0
-0.7992854604 1.103944188 0.0
-0.9 -1.099681225 0.0
-0.8019355358 -1.10362192 0.0
-0.9996413783 1 0.0
-1.099681225 1 0.0
-1.099681225 0.9 0.0
-1.001873472 -0.9953446354 0.0
-1 -1.099681225 0.0
-1.099681225 -1 0.0
-1.099681225 -1.1 0.0
-0.9 1.099681225 0.0
-1 1.099681225 0.0
-1.104102553 0.8005328352 0.0
-1.126442574 0.4985931577 0.0
-0.9699974727 0.5327740811 0.0
-0.9390759467 0.5948308047 0.0
-0.9022530832 0.6555252359 0.0
-0.7634385201 0.8129794506 0.0
-0.7108846465 0.8593119227 0.0
-0.5350292393 0.9696295321 0.0
-0.5954263996 0.9389401913 0.0
-0.6547370762 0.8981560844 0.0
-0.5025464566 -1.124167075 0.0
-0.5333565737 -0.968372084 0.0
-0.5963585172 -0.9379302955 0.0
-0.9696295321 -0.5350292393 0.0
-0.6554184488 -0.8986975039 0.0
-0.9389965015 -0.5953447549 0.0
-0.8092240635 -0.7645841367 0.0
-0.8593119227 -0.7108846465 0.0
-0.8987238572 -0.6553161055 0.0
-1.082299413 0.2142279256 0.0
-1.132109238 0.2413712298 0.0
-1.187040632 0.1967346495 0.0
-1.105604776 0.1552081713 0.0
-1.202699284 0.303517882 0.0
-1.127833831 0.403839051 0.0
-1.204403733 0.5987126317 0.0
-1.208950747 0.49767799 0.0
-1.199721072 0.7 0.0
-1.199721072 0.8 0.0
-1.199721072 0.9 0.0
-1.199721072 1 0.0
-1.099681225 1.1 0.0
-1.199721072 1.1 0.0
-0.6 -1.199721072 0.0
-0.4976830112 -1.208959828 0.0
-0.7 -1.199721072 0.0
-0.8 -1.199721072 0.0
-0.9 -1.199721072 0.0
-1.132893897 -0.2403986375 0.0
-1.18700703 -0.1956177893 0.0
-1.202690884 -0.303238667 0.0
-1.206508293 -0.4007883456 0.0
-1.127835587 -0.4038364545 0.0
-1.208950221 -0.4976605391 0.0
-1.122817108 -0.4969090073 0.0
-1.199721072 -0.6 0.0
-1.199721072 -0.7 0.0
-1.199721072 -0.9 0.0
-1.199721072 -1 0.0
-0.2403986375 1.132893897 0.0
-0.1956177893 1.18700703 0.0
-0.303238667 1.202690884 0.0
-0.4007883456 1.206508293 0.0
-0.4038364545 1.127835587 0.0
-0.4976605391 1.208950221 0.0
-0.4969090073 1.122817108 0.0
-0.6 1.199721072 0.0
-0.7 1.199721072 0.0
-0.8 1.199721072 0.0
-0.9 1.199721072 0.0
-1 1.199721072 0.0
-1.199721072 -1.1 0.0
-1 -1.199721072 0.0
-1.1 -1.199721072 0.0
-1.1 1.199721072 0.0
-0.215107191 1.080891048 0.0
-0.1970613703 1.022535511 0.0
-0.134287943 1.036474846 0.0
-0.154678123 1.105888078 0.0
-0.2568954019 1.006854646 0.0
-0.3214916645 0.9917486905 0.0
-0.3849013042 0.9721497232 0.0
-0.4468405552 0.9428353544 0.0
-0.5037089107 0.9162431072 0.0
-0.560246337 0.8828069665 0.0
-0.6145727269 0.8458867901 0.0
-0.666473679 0.8056282849 0.0
-0.715744364 0.762190333 0.0
-0.8100769718 0.7652190713 0.0
-0.762190333 0.715744364 0.0
-0.8623351993 0.7135222085 0.0
-0.8056282849 0.666473679 0.0
-0.8458867901 0.6145727269 0.0
-0.8828069665 0.560246337 0.0
-0.9162431072 0.5037089107 0.0
-0.9428353544 0.4468405552 0.0
-0.9721497232 0.3849013042 0.0
-0.9917486905 0.3214916645 0.0
-1.006995244 0.2580373657 0.0
-1.023924378 0.1972660891 0.0
-1.115750147 0.07882499311 0.0
-1.04415233 0.06891631803 0.0
-1.036505422 0.1352606499 0.0
-1.11919821 1.745094083e-05 0.0
-1.045573574 -2.133384615e-15 0.0
-1.043510373 -0.0656521079 0.0
-1.115748047 -0.07875518934 0.0
-1.105888078 -0.154678123 0.0
-1.036474846 -0.134287943 0.0
-1.083468322 -0.2132943964 0.0
-1.022535511 -0.1970613703 0.0
-1.006854646 -0.2568954019 0.0
-0.9917486905 -0.3214916645 0.0
-0.9721497232 -0.3849013042 0.0
-0.9428353544 -0.4468405552 0.0
-0.9162431072 -0.5037089107 0.0
-0.8828069665 -0.560246337 0.0
-0.8458867901 -0.6145727269 0.0
-0.8056282849 -0.666473679 0.0
-0.762190333 -0.715744364 0.0
-0.7634385201 -0.8129794506 0.0
-0.715744364 -0.762190333 0.0
-0.7108846465 -0.8593119227 0.0
-0.666473679 -0.8056282849 0.0
-0.6145727269 -0.8458867901 0.0
-0.560246337 -0.8828069665 0.0
-0.5037089107 -0.9162431072 0.0
-0.4468405552 -0.9428353544 0.0
-0.3849013042 -0.9721497232 0.0
-0.3203922527 -0.9890316969 0.0
-0.256596374 -1.006451235 0.0
-0.9 1.299760919 0.0
-1 1.299760919 0.0
-0.8 1.299760919 0.0
-0.7 1.299760919 0.0
-0.6 1.299760919 0.0
-0.5 1.299760919 0.0
-0.07875518934 1.115748047 0.0
-0.09359324466 1.200559267 0.0
8.059099114e-05 1.205026987 0.0
1.790910914e-05 1.119199396 0.0
-3.517151848e-16 1.299760919 0.0
-0.1 1.299760919 0.0
-0.303598221 -1.202844585 0.0
-0.4008782341 -1.206546718 0.0
-0.4 -1.299760919 0.0
-0.3 -1.299760919 0.0
-0.5 -1.299760919 0.0
-0.6 -1.299760919 0.0
-0.7 -1.299760919 0.0
-0.8 -1.299760919 0.0
-0.9 -1.299760919 0.0
-1 -1.299760919 0.0
-1.299760919 1.1 0.0
-1.299760919 1 0.0
-1.299760919 0.6 0.0
-1.299760919 0.5 0.0
-1.206510393 0.4008581494 0.0
-1.299760919 0.2 0.0
-1.299760919 0.1 0.0
-1.200568192 0.09388991065 0.0
-1.299760919 -7.968885968e-16 0.0
-1.205021647 7.852923372e-05 0.0
-1.299760919 -0.5 0.0
-1.299760919 -0.6 0.0
-1.299760919 -0.7 0.0
-1.199721072 -0.8 0.0
-1.199721072 -1.2 0.0
-1.1 -1.299760919 0.0
-1.2 -1.299760919 0.0
-1.199721072 1.2 0.0
-1.299760919 1.2 0.0
-0.4 1.299760919 0.0
-1.200559267 -0.09359324466 0.0
-1.299760919 -0.3 0.0
-1.299760919 -0.4 0.0
-0.3 1.299760919 0.0
-0.2 1.299760919 0.0
-1.299760919 0.7 0.0
-1.299760919 0.8 0.0
-0.0656521079 1.043510373 0.0
-1.299760919 0.9 0.0
-1.299760919 0.4 0.0
-1.299760919 0.3 0.0
-0.4038607074 -1.127845955 0.0
-1.299760919 -0.1 0.0
-1.299760919 -0.2 0.0
-1.299760919 -0.8 0.0
-1.299760919 -0.9 0.0
-1.299760919 -1 0.0
-0.3030577233 -0.9327157658 0.0
-0.3610254156 -0.9118461124 0.0
-0.4175683056 -0.887377819 0.0
-0.6251315191 -0.7556541982 0.0
-0.6713458845 -0.7149107544 0.0
-0.7149107544 -0.6713458845 0.0
-0.7556541982 -0.6251315191 0.0
-0.7934154201 -0.5764500451 0.0
-0.8280453939 -0.5254935862 0.0
-0.8594074507 -0.4724632442 0.0
-0.887377819 -0.4175683056 0.0
-0.9118461124 -0.3610254156 0.0
-0.9327157658 -0.3030577233 0.0
-0.9499044162 -0.2438940006 0.0
-0.9787801759 -0.06157962908 0.0
-0.9807153937 -1.665226117e-15 0.0
-0.9787801759 0.06157962908 0.0
-0.9499044162 0.2438940006 0.0
-0.9327157658 0.3030577233 0.0
-0.9118461124 0.3610254156 0.0
-0.7556541982 0.6251315191 0.0
-0.7149107544 0.6713458845 0.0
-0.6713458845 0.7149107544 0.0
-0.6251315191 0.7556541982 0.0
-0.5764500451 0.7934154201 0.0
-0.3610254156 0.9118461124 0.0
-0.3030577233 0.9327157658 0.0
-0.2438940006 0.9499044162 0.0
-0.1837677397 0.9633442278 0.0
-0.1229162315 0.9729821599 0.0
-1.094176832e-15 1.045573574 0.0
-0.06157962908 0.9787801759 0.0
-8.270381159e-16 0.9807153937 0.0
-1.1 1.299760919 0.0
-0.9 1.399800766 0.0
-1 1.399800766 0.0
-0.8 1.399800766 0.0
-0.7 1.399800766 0.0
-0.6 1.399800766 0.0
-0.5 1.399800766 0.0
-0.4 1.399800766 0.0
-0.3 1.399800766 0.0
-0.2 1.399800766 0.0
-1.234285111e-16 1.399800766 0.0
-0.1 1.399800766 0.0
-0.4 -1.399800766 0.0
-0.5 -1.399800766 0.0
-1.399800766 0.9 0.0
-1.399800766 0.8 0.0
-1.399800766 0.7 0.0
-1.399800766 0.6 0.0
-1.399800766 0.5 0.0
-1.399800766 0.2 0.0
-1.399800766 0.1 0.0
-0.6 -1.399800766 0.0
-0.7 -1.399800766 0.0
-0.9 -1.399800766 0.0
-0.8 -1.399800766 0.0
-1.399800766 -0.1 0.0
-1.399800766 -0.2 0.0
-1.299760919 -1.1 0.0
-1.299760919 -1.2 0.0
-1.2 1.299760919 0.0
-1.1 1.399800766 0.0
-1.2 1.399800766 0.0
-1.399800766 1.1 0.0
-1.399800766 1 0.0
-1.1 -1.399800766 0.0
-1 -1.399800766 0.0
-1.299760919 -1.3 0.0
-1.399800766 -1.2 0.0
-1.399800766 -1.3 0.0
-1.399800766 1.2 0.0
-1.299760919 1.3 0.0
-1.399800766 1.3 0.0
-1.3 1.399800766 0.0
-1.2 -1.399800766 0.0
-1.3 -1.399800766 0.0
-0.887377819 0.4175683056 0.0
-0.8594074507 0.4724632442 0.0
-0.9633442278 0.1837677397 0.0
-0.4724632442 -0.8594074507 0.0
-0.5254935862 -0.8280453939 0.0
-1.399800766 0.4 0.0
-1.399800766 0.3 0.0
-0.4175683056 0.887377819 0.0
-1.399800766 -0.3 0.0
-1.399800766 -0.4 0.0
-1.399800766 -0.5 0.0
-1.399800766 -0.6 0.0
-1.399800766 -0.7 0.0
-1.399800766 -0.8 0.0
-1.399800766 -0.9 0.0
-1.399800766 -1 0.0
-1.399800766 -1.1 0.0
-0.05778880839 0.9185268064 0.0
-0.1153495507 0.9130857143 0.0
-0.1724550611 0.90404109 0.0
-0.2288799702 0.8914286285 0.0
-0.2844015945 0.8752981055 0.0
-0.3388008158 0.8557131807 0.0
-0.3918629449 0.832751147 0.0
-0.4724632442 0.8594074507 0.0
-0.4433785701 0.8065026249 0.0
-0.5254935862 0.8280453939 0.0
-0.4931443826 0.7770712055 0.0
-0.5409639795 0.744573041 0.0
-0.5866486387 0.7091363868 0.0
-0.6300180638 0.6709010954 0.0
-0.6709010954 0.6300180638 0.0
-0.7091363868 0.5866486387 0.0
-0.7934154201 0.5764500451 0.0
-0.744573041 0.5409639795 0.0
-0.8280453939 0.5254935862 0.0
-0.7770712055 0.4931443826 0.0
-0.8065026249 0.4433785701 0.0
-0.832751147 0.3918629449 0.0
-0.8557131807 0.3388008158 0.0
-0.8752981055 0.2844015945 0.0
-0.90404109 0.1724550611 0.0
-0.8914286285 0.2288799702 0.0
-0.9729821599 0.1229162315 0.0
-0.9130857143 0.1153495507 0.0
-0.9185268064 0.05778880839 0.0
-0.9203428929 -1.268516542e-15 0.0
-0.9729821599 -0.1229162315 0.0
-0.9130857143 -0.1153495507 0.0
-0.9185268064 -0.05778880839 0.0
-0.9633442278 -0.1837677397 0.0
-0.90404109 -0.1724550611 0.0
-0.8914286285 -0.2288799702 0.0
-0.8752981055 -0.2844015945 0.0
-0.8557131807 -0.3388008158 0.0
-0.832751147 -0.3918629449 0.0
-0.8065026249 -0.4433785701 0.0
-0.7770712055 -0.4931443826 0.0
-0.744573041 -0.5409639795 0.0
-0.7091363868 -0.5866486387 0.0
-0.6709010954 -0.6300180638 0.0
-0.6300180638 -0.6709010954 0.0
-0.5764500451 -0.7934154201 0.0
-0.5409639795 -0.744573041 0.0
-0.5866486387 -0.7091363868 0.0
-0.4931443826 -0.7770712055 0.0
-0.4433785701 -0.8065026249 0.0
-0.3918629449 -0.832751147 0.0
-0.3388008158 -0.8557131807 0.0
-0.2844015945 -0.8752981055 0.0
-0.2438940006 -0.9499044162 0.0
-0.2288799702 -0.8914286285 0.0
-0.9 1.499840613 0.0
-1 1.499840613 0.0
-0.8 1.499840613 0.0
-0.7 1.499840613 0.0
-0.6 1.499840613 0.0
-0.5 1.499840613 0.0
-0.4 1.499840613 0.0
-0.3 1.499840613 0.0
-0.2 1.499840613 0.0
-0.1 1.499840613 0.0
-0.3 -1.399800766 0.0
-0.4 -1.499840613 0.0
-0.3 -1.499840613 0.0
-1.499840613 0.5 0.0
-1.499840613 0.4 0.0
-1.499840613 0.6 0.0
-1.499840613 0.3 0.0
-1.499840613 0.2 0.0
-1.399800766 -4.596342665e-16 0.0
-1.499840613 -2.530315959e-16 0.0
-1.499840613 -0.1 0.0
-1.499840613 -0.2 0.0
-1.499840613 -0.3 0.0
-1.499840613 -1 0.0
-1.499840613 -1.1 0.0
-1.499840613 0.7 0.0
-1.499840613 0.8 0.0
-1.499840613 0.9 0.0
-1.499840613 1 0.0
-1.499840613 1.1 0.0
-1.399800766 -1.4 0.0
-1.499840613 -1.3 0.0
-1.499840613 -1.4 0.0
-0.5 -1.499840613 0.0
-0.6 -1.499840613 0.0
-0.7 -1.499840613 0.0
-0.8 -1.499840613 0.0
-0.9 -1.499840613 0.0
-1 -1.499840613 0.0
-1.1 -1.499840613 0.0
-1.499840613 1.3 0.0
-1.499840613 1.2 0.0
-1.399800766 1.4 0.0
-1.499840613 1.4 0.0
-1.2 -1.499840613 0.0
-1.3 -1.499840613 0.0
-1.3 1.499840613 0.0
-1.4 1.499840613 0.0
-1.4 -1.499840613 0.0
-1.499840613 0.1 0.0
-1.499840613 -1.2 0.0
-1.1 1.499840613 0.0
-1.2 1.499840613 0.0
-0.05426045676 0.8624452632 0.0
-3.138500771e-16 0.8641504667 0.0
-5.620504062e-16 0.9203428929 0.0
-0.1083067723 0.8573363822 0.0
-0.1619256505 0.8488439862 0.0
-0.2149054821 0.8370015907 0.0
-0.2670371799 0.8218559324 0.0
-0.318115004 0.8034667842 0.0
-0.3679373735 0.7819067197 0.0
-0.4163076623 0.7572608266 0.0
-0.463034975 0.7296263709 0.0
-0.5079349001 0.6991124133 0.0
-0.5508302382 0.6658393784 0.0
-0.5915517011 0.6299385796 0.0
-0.6299385796 0.5915517011 0.0
-0.6658393784 0.5508302382 0.0
-0.6991124133 0.5079349001 0.0
-0.7296263709 0.463034975 0.0
-0.7572608266 0.4163076623 0.0
-0.7819067197 0.3679373735 0.0
-0.8034667842 0.318115004 0.0
-0.8218559324 0.2670371799 0.0
-0.8370015907 0.2149054821 0.0
-0.8488439862 0.1619256505 0.0
-0.8624452632 0.05426045676 0.0
-0.8573363822 0.1083067723 0.0
-0.8641504667 -9.636388909e-16 0.0
-0.8624452632 -0.05426045676 0.0
-0.8573363822 -0.1083067723 0.0
-0.8488439862 -0.1619256505 0.0
-0.8370015907 -0.2149054821 0.0
-0.8218559324 -0.2670371799 0.0
-0.8034667842 -0.318115004 0.0
-0.7819067197 -0.3679373735 0.0
-0.7572608266 -0.4163076623 0.0
-0.7296263709 -0.463034975 0.0
-0.6991124133 -0.5079349001 0.0
-0.6658393784 -0.5508302382 0.0
-0.6299385796 -0.5915517011 0.0
-0.5915517011 -0.6299385796 0.0
-0.5508302382 -0.6658393784 0.0
-0.5079349001 -0.6991124133 0.0
-0.463034975 -0.7296263709 0.0
-0.4163076623 -0.7572608266 0.0
-0.3679373735 -0.7819067197 0.0
-0.318115004 -0.8034667842 0.0
-0.2670371799 -0.8218559324 0.0
-0.2149054821 -0.8370015907 0.0
1.179611964e-16 1.499840613 0.0
-0.2 1.599880459 0.0
-0.3 1.599880459 0.0
-0.4 -1.599880459 0.0
-0.5 -1.599880459 0.0
-1.599880459 0.5 0.0
-1.599880459 0.4 0.0
-1.599880459 0.6 0.0
-1.599880459 0.7 0.0
-1.599880459 0.8 0.0
-1.599880459 0.9 0.0
-1.599880459 1 0.0
-1.599880459 1.1 0.0
-1.599880459 1.2 0.0
-1.599880459 1.3 0.0
-1.599880459 1.4 0.0
-1.499840613 1.5 0.0
-1.599880459 1.5 0.0
-1.1 1.599880459 0.0
-1.2 1.599880459 0.0
-1.499840613 -0.4 0.0
-1.499840613 -0.6 0.0
-1.499840613 -0.5 0.0
-1.499840613 -0.8 0.0
-1.499840613 -0.7 0.0
-1.499840613 -0.9 0.0
-1.599880459 -0.8 0.0
-1.599880459 -0.9 0.0
-1.599880459 -1 0.0
-1.599880459 -1.1 0.0
-1.599880459 -1.2 0.0
-1.599880459 -1.3 0.0
-1.599880459 -1.4 0.0
-1.499840613 -1.5 0.0
-1.599880459 -1.5 0.0
-1.3 1.599880459 0.0
-1.4 1.599880459 0.0
-0.6 -1.599880459 0.0
-0.7 -1.599880459 0.0
-0.8 -1.599880459 0.0
-0.9 -1.599880459 0.0
-1 -1.599880459 0.0
-1.1 -1.599880459 0.0
-1.2 -1.599880459 0.0
-1.3 -1.599880459 0.0
-1.4 -1.599880459 0.0
-1.5 1.599880459 0.0
-1.5 -1.599880459 0.0
1.377394503e-16 1.599880459 0.0
-0.1 1.599880459 0.0
-0.4 1.599880459 0.0
-0.5 1.599880459 0.0
-0.6 1.599880459 0.0
-0.7 1.599880459 0.0
-0.8 1.599880459 0.0
-0.9 1.599880459 0.0
-1.599880459 0.3 0.0
-1.599880459 0.2 0.0
-1.599880459 0.1 0.0
-1.599880459 -2.449549607e-17 0.0
-1.599880459 -0.2 0.0
-1.599880459 -0.1 0.0
-1.599880459 -0.3 0.0
-1.599880459 -0.4 0.0
-1.599880459 -0.5 0.0
-1.599880459 -0.6 0.0
-1.599880459 -0.7 0.0
-0.05096410988 0.8100513299 0.0
-1.214306433e-16 0.8116529416 0.0
-0.1017270877 0.8052528157 0.0
-0.1520885952 0.7972763366 0.0
-0.2018498785 0.7861533719 0.0
-0.2508145525 0.7719278191 0.0
-0.2987893761 0.7546558198 0.0
-0.3455850145 0.7344055388 0.0
-0.3910167867 0.7112568946 0.0
-0.4349053943 0.6853012444 0.0
-0.4770776291 0.6566410233 0.0
-0.5173670563 0.6253893401 0.0
-0.5556146722 0.5916695308 0.0
-0.5916695308 0.5556146722 0.0
-0.6253893401 0.5173670563 0.0
-0.6566410233 0.4770776291 0.0
-0.6853012444 0.4349053943 0.0
-0.7112568946 0.3910167867 0.0
-0.7344055388 0.3455850145 0.0
-0.7546558198 0.2987893761 0.0
-0.7719278191 0.2508145525 0.0
-0.7861533719 0.2018498785 0.0
-0.7972763366 0.1520885952 0.0
-0.8052528157 0.1017270877 0.0
-0.8100513299 0.05096410988 0.0
-0.8116529416 -6.525702419e-16 0.0
-0.8100513299 -0.05096410988 0.0
-0.8052528157 -0.1017270877 0.0
-0.7972763366 -0.1520885952 0.0
-0.7861533719 -0.2018498785 0.0
-0.7546558198 -0.2987893761 0.0
-0.7719278191 -0.2508145525 0.0
-0.7344055388 -0.3455850145 0.0
-0.7112568946 -0.3910167867 0.0
-0.6853012444 -0.4349053943 0.0
-0.6566410233 -0.4770776291 0.0
-0.6253893401 -0.5173670563 0.0
-0.5916695308 -0.5556146722 0.0
-0.5556146722 -0.5916695308 0.0
-0.5173670563 -0.6253893401 0.0
-0.4770776291 -0.6566410233 0.0
-0.4349053943 -0.6853012444 0.0
-0.3910167867 -0.7112568946 0.0
-0.3455850145 -0.7344055388 0.0
-0.2987893761 -0.7546558198 0.0
-0.2508145525 -0.7719278191 0.0
-0.2018498785 -0.7861533719 0.0
1.387778781e-17 1.699920306 0.0
-0.1 1.699920306 0.0
-0.7 1.699920306 0.0
-0.8 1.699920306 0.0
-1 1.599880459 0.0
-0.4 -1.699920306 0.0
-0.5 -1.699920306 0.0
-1.699920306 1.2 0.0
-1.699920306 1.1 0.0
-1.699920306 1 0.0
-1.699920306 0.8 0.0
-1.699920306 0.7 0.0
-1.699920306 0.6 0.0
-1.699920306 0.5 0.0
-1.699920306 0.4 0.0
-1.699920306 0.3 0.0
-1.699920306 0.2 0.0
-0.6 -1.699920306 0.0
-0.7 -1.699920306 0.0
-0.8 -1.699920306 0.0
-0.9 -1.699920306 0.0
-1 -1.699920306 0.0
-1.1 -1.699920306 0.0
-1.2 -1.699920306 0.0
-1.3 -1.699920306 0.0
-1.4 -1.699920306 0.0
-1.699920306 1.5 0.0
-1.699920306 1.4 0.0
-1.599880459 -1.6 0.0
-1.5 -1.699920306 0.0
-1.6 -1.699920306 0.0
-1.599880459 1.6 0.0
-1.699920306 1.6 0.0
-1 1.699920306 0.0
-0.9 1.699920306 0.0
-1.1 1.699920306 0.0
-1.2 1.699920306 0.0
-1.699920306 -0.9 0.0
-1.699920306 -1 0.0
-1.699920306 -1.1 0.0
-1.699920306 -0.2 0.0
-1.699920306 -0.3 0.0
-1.699920306 -0.4 0.0
-1.699920306 -0.1 0.0
-1.699920306 -2.775557562e-17 0.0
-1.699920306 -1.2 0.0
-1.699920306 0.1 0.0
-1.699920306 0.9 0.0
-1.699920306 1.3 0.0
-0.3247816611 -0.6901961626 0.0
-0.3674785543 -0.6684410089 0.0
-0.4087251776 -0.6440478239 0.0
-0.4483587493 -0.6171128764 0.0
-0.4862228538 -0.5877424663 0.0
-0.5221680589 -0.5560525052 0.0
-0.5560525052 -0.5221680589 0.0
-0.5877424663 -0.4862228538 0.0
-0.6171128764 -0.4483587493 0.0
-0.6440478239 -0.4087251776 0.0
-0.6684410089 -0.3674785543 0.0
-0.6901961626 -0.3247816611 0.0
-0.7092274273 -0.2808030031 0.0
-0.7254596955 -0.2357161439 0.0
-0.7388289056 -0.1896990207 0.0
-0.7492822956 -0.1429332422 0.0
-0.7567786107 -0.09560337151 0.0
-0.7612882663 -0.04789619796 0.0
-0.762793465 -3.694961004e-16 0.0
-0.7612882663 0.04789619796 0.0
-0.7567786107 0.09560337151 0.0
-0.7492822956 0.1429332422 0.0
-0.7388289056 0.1896990207 0.0
-0.6901961626 0.3247816611 0.0
-0.6684410089 0.3674785543 0.0
-0.5560525052 0.5221680589 0.0
-0.5221680589 0.5560525052 0.0
-0.3674785543 0.6684410089 0.0
-0.3247816611 0.6901961626 0.0
-0.2808030031 0.7092274273 0.0
-0.2357161439 0.7254596955 0.0
-0.1896990207 0.7388289056 0.0
-0.09560337151 0.7567786107 0.0
-0.04789619796 0.7612882663 0.0
-1.29610608e-17 0.762793465 0.0
-0.2 1.699920306 0.0
-0.3 1.699920306 0.0
-0.4 1.699920306 0.0
-0.5 1.699920306 0.0
-0.5 1.799960153 0.0
-0.6 1.799960153 0.0
-0.6 1.699920306 0.0
-0.7 1.799960153 0.0
-0.8 1.799960153 0.0
-1.3 1.699920306 0.0
-1.4 1.699920306 0.0
-1.5 1.699920306 0.0
-1.6 1.699920306 0.0
-1.699920306 -0.6 0.0
-1.699920306 -0.7 0.0
-1.699920306 -0.8 0.0
-1.799960153 -1 0.0
-1.799960153 -1.1 0.0
-1.699920306 -0.5 0.0
-1.799960153 -0.5 0.0
-1.799960153 -0.6 0.0
-1.799960153 -0.4 0.0
-1.799960153 -0.3 0.0
-1.799960153 -0.2 0.0
-1.799960153 -0.1 0.0
-1.799960153 -3.99549727e-17 0.0
-1.799960153 0.1 0.0
-1.799960153 0.2 0.0
-1.699920306 -1.3 0.0
-1.699920306 -1.4 0.0
-1.799960153 0.4 0.0
-1.799960153 0.3 0.0
-1.799960153 0.5 0.0
-0.4 -1.799960153 0.0
-0.5 -1.799960153 0.0
-0.7 -1.799960153 0.0
-0.6 -1.799960153 0.0
-0.8 -1.799960153 0.0
-0.9 -1.799960153 0.0
-1.799960153 0.7 0.0
-1.799960153 0.6 0.0
-1.799960153 0.8 0.0
-1.799960153 0.9 0.0
-1.799960153 1 0.0
-1.799960153 1.1 0.0
-1 -1.799960153 0.0
-1.1 -1.799960153 0.0
-1.3 -1.799960153 0.0
-1.2 -1.799960153 0.0
-1.4 -1.799960153 0.0
-1.5 -1.799960153 0.0
-1.799960153 1.2 0.0
-1.799960153 1.3 0.0
-1.799960153 1.4 0.0
-1.699920306 -1.5 0.0
-1.799960153 1.5 0.0
-1.799960153 1.6 0.0
-1.699920306 1.7 0.0
-1.799960153 1.7 0.0
-1.699920306 -1.6 0.0
-1.799960153 -1.5 0.0
-1.799960153 -1.6 0.0
-1.699920306 -1.7 0.0
-1.799960153 -1.7 0.0
-1.6 1.799960153 0.0
-1.7 1.799960153 0.0
-1.6 -1.799960153 0.0
-1.7 -1.799960153 0.0
-0.6171128764 0.4483587493 0.0
-0.5877424663 0.4862228538 0.0
-0.1 1.799960153 0.0
-0.2 1.799960153 0.0
-0.3 1.799960153 0.0
-0.4 1.799960153 0.0
-0.9 1.799960153 0.0
-1.3 1.799960153 0.0
-1.2 1.799960153 0.0
-1.4 1.799960153 0.0
-1.5 1.799960153 0.0
-1.799960153 -0.8 0.0
-1.799960153 -0.7 0.0
-1.799960153 -0.9 0.0
-1.799960153 -1.3 0.0
-1.799960153 -1.2 0.0
-1.799960153 -1.4 0.0
-0.4862228538 0.5877424663 0.0
-0.4483587493 0.6171128764 0.0
-0.4087251776 0.6440478239 0.0
-0.04504401009 0.7159540384 0.0
4.510281038e-17 0.7173696034 0.0
-0.08991025206 0.7117129299 0.0
-0.1429332422 0.7492822956 0.0
-0.1344216593 0.7046630155 0.0
-0.1784025657 0.6948321182 0.0
-0.2216793987 0.6822590359 0.0
-0.2640813644 0.666993389 0.0
-0.3054411215 0.6490954238 0.0
-0.3455954421 0.6286357756 0.0
-0.3843858554 0.6056951891 0.0
-0.4216592733 0.5803642004 0.0
-0.4572685948 0.5527427794 0.0
-0.4910732859 0.5229399352 0.0
-0.5229399352 0.4910732859 0.0
-0.5527427794 0.4572685948 0.0
-0.5803642004 0.4216592733 0.0
-0.6440478239 0.4087251776 0.0
-0.6056951891 0.3843858554 0.0
-0.6286357756 0.3455954421 0.0
-0.6490954238 0.3054411215 0.0
-0.7092274273 0.2808030031 0.0
-0.666993389 0.2640813644 0.0
-0.6822590359 0.2216793987 0.0
-0.7254596955 0.2357161439 0.0
-0.6948321182 0.1784025657 0.0
-0.7046630155 0.1344216593 0.0
-0.7117129299 0.08991025206 0.0
-0.7159540384 0.04504401009 0.0
-0.7173696034 -8.67361738e-17 0.0
-0.7159540384 -0.04504401009 0.0
-0.7117129299 -0.08991025206 0.0
-0.7046630155 -0.1344216593 0.0
-0.6948321182 -0.1784025657 0.0
-0.666993389 -0.2640813644 0.0
-0.6822590359 -0.2216793987 0.0
-0.6490954238 -0.3054411215 0.0
-0.6286357756 -0.3455954421 0.0
-0.6056951891 -0.3843858554 0.0
-0.5803642004 -0.4216592733 0.0
-0.5527427794 -0.4572685948 0.0
-0.5229399352 -0.4910732859 0.0
-0.4910732859 -0.5229399352 0.0
-0.4572685948 -0.5527427794 0.0
-0.4216592733 -0.5803642004 0.0
-0.3843858554 -0.6056951891 0.0
-0.3455954421 -0.6286357756 0.0
-0.3054411215 -0.6490954238 0.0
-0.2808030031 -0.7092274273 0.0
-0.2640813644 -0.666993389 0.0
-0.2357161439 -0.7254596955 0.0
-0.2216793987 -0.6822590359 0.0
-0.1896990207 -0.7388289056 0.0
-0.1784025657 -0.6948321182 0.0
-9.36750677e-17 1.799960153 0.0
-1 1.799960153 0.0
-1.1 1.799960153 0.0
-1.3 1.9 0.0
-1.4 1.9 0.0
-1.5 1.9 0.0
-1.6 1.9 0.0
-1.7 1.9 0.0
-1.9 -0.5 0.0
-1.9 -0.6 0.0
-1.9 -0.4 0.0
-1.9 -0.3 0.0
-1.9 -0.2 0.0
-1.9 -0.1 0.0
-1.9 -5.637851297e-18 0.0
-1.9 0.1 0.0
-1.9 0.2 0.0
-1.9 0.3 0.0
-1.9 0.4 0.0
-1.9 0.5 0.0
-1.9 0.6 0.0
-1.9 0.7 0.0
-1.9 0.8 0.0
-1.9 0.9 0.0
-1.9 1 0.0
-1.9 1.1 0.0
-1.9 1.2 0.0
-1.9 1.3 0.0
-1.9 1.4 0.0
-1.9 1.5 0.0
-1.9 1.6 0.0
-1.9 1.7 0.0
-1.799960153 1.8 0.0
-1.9 1.8 0.0
-1.8 1.9 0.0
-1.9 -1.5 0.0
-1.9 -1.6 0.0
-1.799960153 -1.8 0.0
-0.4 -1.9 0.0
-0.5 -1.9 0.0
-0.7 -1.9 0.0
-0.6 -1.9 0.0
-0.8 -1.9 0.0
-0.9 -1.9 0.0
-1 -1.9 0.0
-1.1 -1.9 0.0
-1.2 -1.9 0.0
-1.3 -1.9 0.0
-1.4 -1.9 0.0
-1.5 -1.9 0.0
-1.6 -1.9 0.0
-1.7 -1.9 0.0
-1.8 -1.9 0.0
-1.9 -0.7 0.0
-1.9 -0.8 0.0
-1.9 -0.9 0.0
-1.9 -1.4 0.0
-4.267510514e-16 1.9 0.0
-0.1 1.9 0.0
-0.2 1.9 0.0
-0.3 1.9 0.0
-0.4 1.9 0.0
-0.6 1.9 0.0
-0.5 1.9 0.0
-0.7 1.9 0.0
-0.8 1.9 0.0
-0.9 1.9 0.0
-1 1.9 0.0
-1.1 1.9 0.0
-2 1.4 0.0
-2 1.3 0.0
-2 1.2 0.0
-2 1.1 0.0
-2 1 0.0
-2 0.9 0.0
-2 0.8 0.0
-2 0.7 0.0
-2 0.6 0.0
-2 0.5 0.0
-2 0.4 0.0
-2 0.3 0.0
-2 0.2 0.0
-2 0.1 0.0
-2 0 0.0
-2 -0.1 0.0
-2 -0.3 0.0
-2 -0.4 0.0
-2 -0.8 0.0
-2 -0.9 0.0
-1.9 -1 0.0
-2 -1 0.0
-1.9 -1.1 0.0
-1.9 -1.2 0.0
-2 -1.4 0.0
-2 -1.5 0.0
-2 -1.6 0.0
-1.9 -1.7 0.0
-2 -1.7 0.0
-0.6 -2 0.0
-0.5 -2 0.0
-0.7 -2 0.0
-0.8 -2 0.0
-0.9 -2 0.0
-1 -2 0.0
-1.1 -2 0.0
-1.2 -2 0.0
-1.3 -2 0.0
-1.4 -2 0.0
-0.1 2 0.0
-0.2 2 0.0
-0.9 2 0.0
-1 2 0.0
-1.2 1.9 0.0
-1.1 2 0.0
-1.2 2 0.0
-1.3 2 0.0
-1.4 2 0.0
-1.5 2 0.0
-1.6 2 0.0
-1.7 2 0.0
-2 1.7 0.0
-2 1.6 0.0
-1.8 2 0.0
-2 1.8 0.0
-1.9 1.9 0.0
-2 1.9 0.0
-1.9 2 0.0
-1.5 -2 0.0
-1.6 -2 0.0
-1.7 -2 0.0
-1.9 -1.8 0.0
-2 -1.8 0.0
-1.8 -2 0.0
-1.9 -1.9 0.0
-1.9 -2 0.0
-2 -1.9 0.0
-1.9 -1.3 0.0
-0.5 2 0.0
-0.4 2 0.0
-0.3 2 0.0
-2 -0.2 0.0
-2 -0.5 0.0
-2 -1.1 0.0
-2 -1.2 0.0
-4.440892099e-16 2 0.0
-2 1.5 0.0
-2 -0.6 0.0
-2 -0.7 0.0
-2 -1.3 0.0
-0.6 2 0.0
-0.7 2 0.0
-0.8 2 0.0
-2 -2 0.0
-2 2 0.0
-6.095933081 -4.535003221 0.0
-6.603009314 -5.858893402 0.0
-5.31468428 -5.16915278 0.0
-8.060045778 7.016113781 0.0
-9.173391537 8.23824612 0.0
-9.607446276 6.485902835 0.0
-4.767334147 9.205080211 0.0
-4.321794141 7.684328444 0.0
-3.059758698 8.601802429 0.0
-11.17162054 3.81395558 0.0
-11.17957354 1.696499052 0.0
-9.976064951 3.120787885 0.0
-6.309051956 4.9006922 0.0
-7.513006456 5.790729743 0.0
-7.437894803 4.20028247 0.0
-9.319166418 -1.921978439 0.0
-7.74151509 -2.167458373 0.0
-7.92826344 -1.088706309 0.0
1.04785209 9.538514762 0.0
0.5360834445 7.996956603 0.0
1.714804998 8.103612108 0.0
0.5043114286 -10.83198118 0.0
1.368833989 -9.685722684 0.0
0.05295671735 -9.573114201 0.0
-9.723507117 1.193397438 0.0
-8.184524094 1.263908757 0.0
-8.82229376 2.772786821 0.0
-1.892255817 8.324749933 0.0
-0.5576332749 8.027079887 0.0
-0.7457147131 9.849512583 0.0
-7.1229067 2.041170114 0.0
-6.947412587 1.163712765 0.0
-8.138979905 -0.00818331623 0.0
-6.974315164 -0.330521803 0.0
-6.915252521 0.4535094443 0.0
-3.641346639 4.934588694 0.0
-3.190427308 5.452254964 0.0
-3.865346286 5.741087733 0.0
-7.599677245 2.928892459 0.0
-6.34534235 3.360143424 0.0
-17.57002625 4.352131965 0.0
-14.90264715 2.451500003 0.0
-14.33641349 5.061067842 0.0
-11.65394984 -6.70668321 0.0
-9.500781999 -6.596738999 0.0
-10.10384097 -5.220681088 0.0
-1.090094813 6.913333602 0.0
-0.1741681325 6.883704604 0.0
-6.13453264 2.108800059 0.0
-5.512458507 2.854405784 0.0
0.1427493012 -7.176699045 0.0
0.5379657988 -5.994795316 0.0
-0.3160992424 -6.071396588 0.0
-1.754597003 5.953348128 0.0
-2.059490147 5.103228906 0.0
-1.406808991 5.203821276 0.0
-4.540890375 -4.753463873 0.0
-5.02649567 -4.248258461 0.0
-17.5879823 -4.322190911 0.0
-14.2918852 -5.046623215 0.0
-14.81166853 -2.359201309 0.0
1.333404141 5.996863574 0.0
2.026936698 6.01102056 0.0
1.707585476 7.046868723 0.0
0.5808379763 5.944722412 0.0
0.5953377993 5.248489608 0.0
1.002220012 5.2473889 0.0
0.19757846 5.251233071 0.0
0.8212362221 -5.209159798 0.0
0.1584732146 -5.231244048 0.0
-2.661900913 -16.41186719 0.0
-1.059151113 -13.71250173 0.0
-3.38720822 -13.29030965 0.0
-3.137728 -5.149415694 0.0
-3.046808524 -4.430151022 0.0
-3.698192998 -4.665773496 0.0
-3.616300838 -3.908098216 0.0
-4.234690538 -4.269680588 0.0
-2.660134385 4.246294598 0.0
-2.344316469 4.66771884 0.0
-2.899612576 4.922607854 0.0
-4.602599502 4.011584129 0.0
-4.236585538 3.203858134 0.0
-3.921221286 3.653778847 0.0
-2.831272896 6.034621976 0.0
-2.064615469 7.184129079 0.0
-3.424805159 -3.335512605 0.0
-4.097758807 -3.39990147 0.0
-3.2043732 3.382466351 0.0
-3.352279371 3.764605958 0.0
-3.561192971 3.268813885 0.0
-0.5742948475 4.6264268 0.0
-0.8575172531 5.291318721 0.0
-1.009498297 4.618632106 0.0
-1.797889791 4.640802424 0.0
-2.126204876 4.328357932 0.0
-1.719467028 4.094284321 0.0
-4.746927248 -1.528526763 0.0
-5.4913214 -1.433398852 0.0
-5.280956652 -2.07374901 0.0
-3.061747636 3.116282018 0.0
-2.837084741 3.436216953 0.0
-3.987219909 -2.706056299 0.0
-3.785827459 -2.227433419 0.0
-4.354025768 -2.156168018 0.0
-2.505986085 -5.239541183 0.0
-2.087371479 -4.528820622 0.0
-2.612653066 -4.434131303 0.0
-4.589301479 2.133674234 0.0
-4.021034978 2.047237006 0.0
-4.258297493 2.579060455 0.0
-4.076125892 -1.594822757 0.0
-3.169369734 -2.989264147 0.0
-3.495128261 -2.764744051 0.0
-4.622805339 -2.984428015 0.0
-2.626346784 -3.503652851 0.0
-2.816527901 -3.135790269 0.0
-3.052059777 -3.521648777 0.0
-3.437299473 -2.31160803 0.0
-3.154105763 -2.174794498 0.0
-3.315402685 -1.917551182 0.0
-3.508773848 1.903791983 0.0
-3.616542149 2.411923187 0.0
-1.964890977 3.663365662 0.0
-1.597872024 3.644932955 0.0
-4.05143164 -1.175559972 0.0
-4.062721394 -0.7857901073 0.0
-4.675058924 -0.8878291452 0.0
-3.662113075 -1.880320401 0.0
-3.5930872 -1.485440105 0.0
-4.589715498 -0.1971260796 0.0
-4.061083483 -0.4775769086 0.0
-4.096153109 -0.1967396586 0.0
-0.9835644488 -4.696313104 0.0
-0.7853108942 -4.105410566 0.0
-1.198969275 -4.07827336 0.0
-2.678044694 3.146198451 0.0
-2.898315915 2.935331524 0.0
-2.610955214 2.819734515 0.0
-3.140151244 -2.549637479 0.0
-2.379243382 3.973804165 0.0
-2.290165039 3.512556558 0.0
-2.929947564 -2.741951001 0.0
-3.24465067 -1.402806846 0.0
-3.263284392 -1.644562403 0.0
-3.641698149 -1.139971453 0.0
-3.266683363 -1.217882232 0.0
-3.28348944 -0.9871819859 0.0
-4.696661159 1.083303357 0.0
-4.107122515 0.8521523663 0.0
-4.093828048 1.23203384 0.0
-1.167319427 -3.673461909 0.0
-1.042221373 -3.291422324 0.0
-1.293580964 -3.284178397 0.0
-3.29222882 0.3414146927 0.0
-3.287341965 0.6327079732 0.0
-3.693062435 0.4696570784 0.0
-2.605924003 -2.711208869 0.0
-2.7406528 -2.444566282 0.0
-2.973850238 -2.370558488 0.0
-2.886230363 -2.107892078 0.0
-1.101672405 3.287148779 0.0
-0.8561565363 3.286461772 0.0
-0.9405719193 3.695248541 0.0
-0.4072089052 3.274420129 0.0
-0.2030978553 3.283169872 0.0
-0.1909346724 3.637687788 0.0
-0.00805179382 3.276297442 0.0
-4.087283774 0.1051163297 0.0
-2.39872307 2.915698908 0.0
-2.250680343 2.62210089 0.0
-2.111520579 2.937497778 0.0
-2.958867331 2.203639811 0.0
-2.754061238 1.997965858 0.0
-2.675198656 2.266617492 0.0
-2.805296116 2.519175565 0.0
-2.448279574 2.521449359 0.0
-3.046313906 1.796302174 0.0
-2.719520693 1.724255245 0.0
-1.80653187 -3.0655699 0.0
-1.739381292 -2.724047722 0.0
-1.999385259 -2.768813656 0.0
-1.838177136 2.738706753 0.0
-1.825176761 3.04432999 0.0
-2.733576133 -1.853004487 0.0
-3.026377004 -1.841339822 0.0
-2.224152324 -2.671614431 0.0
-2.22023426 -2.961842101 0.0
-2.056478851 2.517470082 0.0
-1.801343775 2.474988572 0.0
-2.189112067 2.37134863 0.0
-2.024374077 2.337352084 0.0
-2.542406513 -2.046093781 0.0
-2.481752468 -1.812206421 0.0
-2.389638885 -2.196537586 0.0
-2.343890669 -2.026369561 0.0
-0.9284815648 -2.499542186 0.0
-0.8 -2.754072829 0.0
-0.7124493823 -2.483692848 0.0
-0.9987540009 -2.339770913 0.0
-0.8888921956 -2.330092792 0.0
-2.329787605 -0.6944331943 0.0
-2.519221943 -0.7489843622 0.0
-2.332486529 -0.8058026161 0.0
-0.6839546989 -2.323080709 0.0
-0.7906177995 -2.325437828 0.0
-2.515091545 0.6415671736 0.0
-2.32887557 0.5899235989 0.0
-2.33022247 0.7023055031 0.0
-2.324774404 0.9979710154 0.0
-2.484088175 0.9120005622 0.0
-2.331905256 0.9044349397 0.0
-2.488362365 0.3777664852 0.0
-2.333904302 0.3905094211 0.0
-2.324517159 0.4860961862 0.0
-1.208397687 -2.337207287 0.0
-1.302585134 -2.340226852 0.0
-1.310610049 -2.495978569 0.0
-2.478639971 0.09456332776 0.0
-2.319927662 0.002109078415 0.0
-2.33061298 0.09754108183 0.0
-0.1909726502 2.537382574 0.0
-0.2173508867 2.337783001 0.0
-0.1059580425 2.346978182 0.0
-2.507258968 -0.9905209344 0.0
-2.343998983 -0.9977511534 0.0
-2.33508726 -0.9062116246 0.0
-2.325344817 -0.4021239635 0.0
-2.487240309 -0.485851755 0.0
-2.333602377 -0.4952666837 0.0
-1.323449979 2.500120014 0.0
-1.400855129 2.328830389 0.0
-1.308235426 2.343838026 0.0
-0.5083492826 -2.497750766 0.0
-0.5011710773 -2.340975487 0.0
-0.5917523796 -2.325692575 0.0
-0.805570887 2.335276955 0.0
-0.8907241357 2.509499538 0.0
-0.8975145397 2.346691745 0.0
-1.538498739 -2.513035712 0.0
-1.486299946 -2.330187183 0.0
-1.602207793 -2.334448732 0.0
-2.488671606 -1.603191318 0.0
-2.323548251 -1.693757911 0.0
-2.337969823 -1.601798098 0.0
-1.908464486 2.320233135 0.0
-1.787340721 2.316665388 0.0
-2.326918749 -1.912067621 0.0
-2.31997149 -1.79204306 0.0
-2.250842022 -2.171234463 0.0
-2.175391014 -2.101354402 0.0
-2.229746393 -2.028783162 0.0
-2.168424483 2.244756514 0.0
-2.098428936 2.174549112 0.0
-2.028257887 2.229212257 0.0
-0.4185742406 2.507161144 0.0
-0.4068480109 2.344836138 0.0
-0.314243944 2.33487529 0.0
-2.324536653 0.296840808 0.0
-2.344418264 -1.095272228 0.0
-2.109195319 -2.014565664 0.0
-2.014194497 2.109158405 0.0
-2.331179017 -1.50678566 0.0
-2.34736967 -1.304675125 0.0
-2.533341423 -1.384772725 0.0
-2.339348772 -1.412966702 0.0
-1.684969921 2.318998254 0.0
-1.591680118 2.333295191 0.0
-1.579014214 2.478960123 0.0
-1.49712452 2.324835085 0.0
-1.209879592 2.344218473 0.0
-0.9950961894 2.345086378 0.0
-0.707036204 2.335344042 0.0
-0.5979587483 2.334588064 0.0
-0.655117791 2.524725673 0.0
-0.4991017335 2.331769028 0.0
-2.324545656 -0.5898760172 0.0
-2.328980762 1.200284116 0.0
-2.316926395 1.29592396 0.0
-2.473881545 1.200662959 0.0
-2.319665897 1.104433975 0.0
-2.324728269 0.8082455724 0.0
-2.325441437 1.492129595 0.0
-2.32598307 1.591002127 0.0
-2.471681676 1.487729055 0.0
-2.320760102 0.1926497724 0.0
-2.325864896 -0.29637363 0.0
-2.332506171 -0.2001202038 0.0
-2.482636271 -0.1998446694 0.0
-1.393168333 -2.327483893 0.0
-2.03206463 -2.132859978 0.0
-2.128081449 2.029550603 0.0
-2.316132095 1.402064576 0.0
-2.321910553 -0.1042580218 0.0
-5.107730935 4.770869409 0.0
-4.475295812 5.369618712 0.0
-4.811259273 6.258971535 0.0
-5.649567757 5.629885623 0.0
-3.816440309 2.841963444 0.0
-6.555878487 10.21180951 0.0
-5.970549681 8.632552239 0.0
-4.754709605 10.92661638 0.0
-5.345785851 7.291434936 0.0
-6.394815649 6.63851678 0.0
-7.070902531 7.842016816 0.0
-9.042633011 5.293961487 0.0
-8.739039798 4.051692162 0.0
-8.493893814 -5.870611992 0.0
-8.929102906 -7.960314985 0.0
-7.648732537 -6.969452678 0.0
-9.135021253 -4.998025605 0.0
-9.651815478 3.988221217 0.0
-8.00905007 9.17473432 0.0
-2.96452682 7.485147721 0.0
-1.107021615 -9.866019807 0.0
-0.9627463598 -11.67602003 0.0
-2.513559288 10.01743365 0.0
-13.01567408 2.146460847 0.0
-13.17033741 5.107722023e-10 0.0
-11.25394954 -0.1293788568 0.0
-12.93242314 -2.114970369 0.0
-11.03040385 -1.950607482 0.0
-12.4279685 -4.388805884 0.0
-10.58950997 -3.848153367 0.0
-5.445515941 -13.12484234 0.0
-4.710427509 -11.09747417 0.0
-6.324858416 -10.30221588 0.0
-7.462704466 -12.07545009 0.0
-5.371698571 -8.861263765 0.0
-6.540135381 -7.91560611 0.0
-7.754603119 -9.174675503 0.0
-9.277991285 -10.63080033 0.0
-10.7141491 -8.904612963 0.0
-7.691039467 -4.918230684 0.0
-8.848969582 -3.775670265 0.0
-5.590642384 -6.841832993 0.0
-4.572787874 -7.639115973 0.0
-3.990394215 -9.518096459 0.0
-3.441322616 -8.165338985 0.0
-2.551062647 -9.778643426 0.0
-2.219570863 -8.394017142 0.0
-3.769206293 6.669511656 0.0
-4.113672921 4.60911573 0.0
-7.510110804 -3.19196323 0.0
-6.859925768 -4.040633606 0.0
-11.4250005 6.443671259 0.0
-12.53032489 4.350080231 0.0
-10.31103951 4.847521209 0.0
0.125377046 -8.391588201 0.0
-1.037069432 -8.471578526 0.0
-15.30726373 0.03953384972 0.0
-9.635483367 -0.2634069978 0.0
-5.719267095 4.120968509 0.0
-4.736057732 -5.991534591 0.0
-5.57222221 -3.889050204 0.0
-6.121754391 -3.382266729 0.0
-13.86585504 7.536660759 0.0
-10.71888084 8.886298343 0.0
-12.78009682 10.12393887 0.0
-13.88063328 -7.56527421 0.0
-12.79546523 -10.12986055 0.0
-11.13321811 -12.26014796 0.0
-8.960175014 -14.21523739 0.0
-2.92655615 -11.46417237 0.0
-6.14101612 -15.82921212 0.0
-3.948730171 -6.632157758 0.0
-3.038911837 -6.998305919 0.0
-1.993863617 -7.170969953 0.0
-0.9470622983 -7.234688953 0.0
1.230789935 -8.421876964 0.0
1.263424054 -7.234897921 0.0
0.6520845115 6.978839954 0.0
-0.9759096239 6.098832519 0.0
-6.87815838 -1.893506766 0.0
-7.022327975 -1.065321617 0.0
-2.598434076 5.365354551 0.0
-3.295953668 4.478336721 0.0
-18.15321989 0.00480956549 0.0
-16.78123284 -8.377929863 0.0
-15.3817914 -11.6804058 0.0
-13.43209515 -14.43103856 0.0
-11.10376136 -16.69613939 0.0
-4.119975745 -5.288929536 0.0
-3.503537564 -5.787854101 0.0
-2.73149104 -6.045658228 0.0
-1.877528674 -6.15693171 0.0
-9.02755874 -18.61329164 0.0
-5.114943138 3.452169001 0.0
-6.147790352 1.238879381 0.0
-5.38278375 1.131183106 0.0
-5.303778351 1.825023083 0.0
-6.160720698 0.468490531 0.0
-1.012147108 -6.196424221 0.0
-0.2138603002 6.094714943 0.0
-16.77549036 8.390968136 0.0
-15.37995969 11.69191398 0.0
-6.181781103 -0.2321123118 0.0
-6.212369189 -0.9274579377 0.0
-6.110096948 -1.643535116 0.0
-5.858538822 -2.319776909 0.0
-6.594101496 -2.70603255 0.0
-5.460768089 -2.893350555 0.0
-5.042487103 -3.388291858 0.0
-4.594040852 -3.80888055 0.0
-3.677826957 4.120916509 0.0
-2.965028498 3.935233827 0.0
-1.392014034 4.674298229 0.0
-0.2656053795 5.343553698 0.0
1.35841446 -6.185672233 0.0
-4.646471053 2.897878461 0.0
-1.025135966 -5.39804664 0.0
-1.726769918 -5.347001185 0.0
-5.018343206 2.405254561 0.0
-5.409217505 0.4572544533 0.0
-5.386867008 -0.2099167004 0.0
-5.44140413 -0.8646506588 0.0
-4.909803694 -2.515139836 0.0
-3.061084299 -3.940950415 0.0
-2.539494607 -3.89661534 0.0
-2.642046764 3.792293147 0.0
-1.585098132 -4.670609606 0.0
-0.3780623888 -5.352448051 0.0
-0.4142094495 -4.718599671 0.0
1.466057581 5.361260315 0.0
2.030036413 5.377579896 0.0
1.017466025 4.718754369 0.0
1.495291372 4.764049792 0.0
-4.706498564 0.4392608771 0.0
-4.679453808 1.654854608 0.0
-2.036817079 -4.023498625 0.0
2.026918632 4.761129718 0.0
-2.554874718 3.481690782 0.0
-1.593808935 -4.110591724 0.0
1.495243468 -5.3128573 0.0
1.508229635 4.190171479 0.0
2 4.149073758 0.0
1.035585306 4.180360998 0.0
0.6015063559 4.698439661 0.0
0.6110486625 4.167748288 0.0
0.2015262574 4.698680907 0.0
0.2005799764 4.174007491 0.0
-0.2016460564 4.697338065 0.0
-0.1995981018 4.150836324 0.0
-0.5712844283 4.159824617 0.0
-0.9582011377 4.16237028 0.0
-1.331675207 4.166780339 0.0
-2.279850082 -3.593334976 0.0
-2.373462345 -3.325422776 0.0
-1.926593294 -3.557966812 0.0
-4.11010212 1.608270161 0.0
-3.272543633 2.958836395 0.0
-3.450205145 2.759448489 0.0
-3.661468328 1.549953506 0.0
-2.078040207 -3.225251598 0.0
-1.551853211 -3.666238768 0.0
-3.261631492 2.477545627 0.0
-1.287008395 3.708688464 0.0
-3.693342342 1.202580991 0.0
-3.703812292 0.8560891634 0.0
-4.157751854 0.465837752 0.0
-3.702332943 0.1151176812 0.0
-3.698140818 -0.1995473668 0.0
-3.697615558 -0.4995163112 0.0
-0.8004116822 -3.696858543 0.0
-0.4340998598 -4.153899849 0.0
-0.4407082258 -3.695195749 0.0
-2.482994411 -2.978676036 0.0
-0.5800325338 3.699667296 0.0
-0.6256786804 3.321044071 0.0
-2.179694375 3.227850012 0.0
-1.893176097 3.305332334 0.0
-2.45020233 3.185696471 0.0
-1.60160877 3.330751596 0.0
-3.300457398 1.7203389 0.0
-3.191444112 2.091319813 0.0
-2.389459108 -2.742133707 0.0
-2.453828926 -2.591729103 0.0
-3.050704474 2.717723099 0.0
-3.008598313 2.400120334 0.0
-1.532071145 -3.325421345 0.0
-3.696858278 -0.800585234 0.0
-3.333655001 1.48517089 0.0
-3.340701892 0.8979932389 0.0
-3.340033978 1.196926665 0.0
1.502041864 3.667201369 0.0
1.038472355 3.671128166 0.0
0.6065230122 3.618185 0.0
-0.7999718365 -3.322395171 0.0
-0.5601257618 -3.286952644 0.0
-3.330844747 0.08524468334 0.0
-3.340678213 -0.2035732919 0.0
0.2 3.69669945 0.0
-3.007968835 -1.619649858 0.0
-2.669866918 -2.217137879 0.0
-1.583446912 3.035038432 0.0
-1.335549553 3.03776157 0.0
-1.331940047 3.337702664 0.0
-0.6466635798 3.030503954 0.0
-0.4198603807 3.016400923 0.0
-1.748548473 -3.31092868 0.0
-1.534301934 -3.040339535 0.0
-3.345301223 -0.7627800883 0.0
-3.346934782 -0.4945561066 0.0
-3.034664811 0.08848446833 0.0
-3.018392102 0.3672950382 0.0
-3.034784826 1.197264938 0.0
-3.03359973 1.492150729 0.0
-2.29485552 -2.501768515 0.0
-2.517577412 -2.414179945 0.0
-2.528194293 -2.275160262 0.0
1.994879636 3.6151059 0.0
-3.024568754 -0.9901759943 0.0
-3.040993836 -0.7535106334 0.0
-3.01141669 -1.199984306 0.0
-3.046369178 -0.4830164982 0.0
-3.035349564 -0.1986018482 0.0
-2.339626213 2.44200113 0.0
-2.256336875 2.477904569 0.0
-2.543999165 2.137019206 0.0
-2.421120118 2.160859933 0.0
-2.462454149 2.31881472 0.0
-2.743013317 1.487141292 0.0
-2.545337057 1.978030771 0.0
-2.395875898 2.015392032 0.0
-2.347633629 -2.345264133 0.0
-2.120173763 -2.547260047 0.0
-2.152360406 -2.429352291 0.0
-1.977017758 -2.549670412 0.0
-2.013449304 -2.397435496 0.0
-1.525494281 -2.756366667 0.0
-1.294162447 -3.025920359 0.0
-1.29998717 -2.754110187 0.0
-1.067268528 -2.764975308 0.0
-1.04877972 -3.025053317 0.0
-0.8001385821 -3.027328693 0.0
-0.5519513529 -3.022678677 0.0
-0.5351141888 -2.758029872 0.0
-0.2066854206 3.020037967 0.0
-0.2037834463 2.769212119 0.0
-7.25923651e-16 2.765240078 0.0
-0.003684303605 3.021546857 0.0
-0.4241611352 2.76285687 0.0
-0.6565550683 2.765712059 0.0
-0.8725096179 3.0237812 0.0
-0.8872423914 2.766735791 0.0
-1.102339811 3.026685997 0.0
-1.107854308 2.767130673 0.0
-1.331441267 2.761580881 0.0
-1.577758138 2.749928556 0.0
-2.754094022 1.199991447 0.0
-3.031619334 0.906249154 0.0
-2.759828953 0.913050077 0.0
-3.015897805 0.62776546 0.0
-2.762257188 0.6395649779 0.0
-2.762490947 0.3716577311 0.0
-2.754072829 0.1 0.0
-2.754072829 -0.2 0.0
-2.771029538 -0.7443408488 0.0
-2.762198529 -0.4853974045 0.0
-2.767505781 -0.9805998844 0.0
-2.767165865 -1.19736176 0.0
-3.010689869 -1.400445489 0.0
-2.767722336 -1.399667659 0.0
-2.749334356 -1.614900534 0.0
-2.314262189 2.326649463 0.0
-2.264161815 2.182007388 0.0
-1.772746434 -2.495436786 0.0
-2.487411927 1.761745989 0.0
-1.108535891 -2.53481688 0.0
-2.5414457 -1.2 0.0
1.609823386e-15 2.5414457 0.0
-1.1 2.5414457 0.0
-2.360362862 1.868982797 0.0
-2.180963036 -2.270945108 0.0
-2.032755268 -2.255790336 0.0
-1.1 2.365379124 0.0
-1.103403891 -2.36086158 0.0
-2.340028554 1.711220799 0.0
-2.25635454 2.032928355 0.0
-2.241258173 1.905229085 0.0
-1.869595651 -2.366104561 0.0
-1.905526716 -2.242767741 0.0
4.649058916e-16 2.365379124 0.0
-2.365379124 -1.2 0.0
-2.127178721 -2.168351764 0.0
-1.911034562 2.221756675 0.0
-1.910240999 -2.119441833 0.0
-1.793941172 -2.315337253 0.0
-1.800051331 -2.227348268 0.0
-2.161991925 2.12865673 0.0
-2.220371253 -1.910622385 0.0
-2.218191374 -1.801265653 0.0
-2.22558461 -1.599999545 0.0
-2.220143006 -1.5 0.0
-2.220143006 -1.4 0.0
-2.308041954 1.793778174 0.0
-2.223734448 1.801130926 0.0
-2.224542603 1.700578934 0.0
-2.221468246 1.593046111 0.0
-2.219668744 1.494733417 0.0
-2.220143006 1.4 0.0
-2.220143006 1.3 0.0
-2.220143006 1.2 0.0
-2.220143006 0.9 0.0
-2.220143006 1 0.0
-2.220143006 0.7 0.0
-2.220143006 0.8 0.0
-2.220143006 1.1 0.0
-2.220143006 0.6 0.0
-2.220143006 0.5 0.0
-2.220143006 0.4 0.0
-2.220143006 0.3 0.0
-2.220143006 0.2 0.0
-2.220143006 0.1 0.0
-2.220143006 2.081668171e-17 0.0
-2.220143006 -0.1 0.0
-2.220143006 -0.2 0.0
-2.220143006 -0.3 0.0
-2.220143006 -0.4 0.0
-2.220143006 -0.8 0.0
-2.220143006 -0.7 0.0
-2.220143006 -0.6 0.0
-2.220143006 -0.5 0.0
-2.220143006 -0.9 0.0
-2.220143006 -1 0.0
-1.5 2.220143006 0.0
-1.4 2.220143006 0.0
-0.8 2.220143006 0.0
-0.7 2.220143006 0.0
-0.6 2.220143006 0.0
-0.5 2.220143006 0.0
-0.4 2.220143006 0.0
-1.717756847 -2.344023396 0.0
-1.702131991 -2.230870813 0.0
-1.597854075 -2.225214085 0.0
-1.496036745 -2.223793166 0.0
-1.4 -2.220143006 0.0
-1.3 -2.220143006 0.0
-1.2 -2.220143006 0.0
-1.1 -2.226416284 0.0
-1 -2.220143006 0.0
-0.9 -2.220143006 0.0
-0.8 -2.220143006 0.0
-0.6959886747 -2.217100618 0.0
-0.6 -2.220143006 0.0
-0.5 -2.220143006 0.0
-1 2.220143006 0.0
-0.9 2.220143006 0.0
-1.1 2.226416284 0.0
-1.2 2.220143006 0.0
-1.3 2.220143006 0.0
-1.697633569 2.220722751 0.0
-1.59727935 2.220954797 0.0
-1.905951845 2.10627064 0.0
-2.223464702 -1.700854432 0.0
-2.105924284 -1.905848801 0.0
-2.108958051 -1.801542736 0.0
-2.226620241 -1.300583709 0.0
-2.226416284 -1.2 0.0
-2.220143006 -1.1 0.0
-2.119075006 1.910484806 0.0
-2.111535488 1.801222698 0.0
-2.112939164 1.696917899 0.0
-2.108251712 1.597773985 0.0
-2.108672352 1.499443496 0.0
-2.106294689 1.4 0.0
-2.105035751 1.3 0.0
-2.106294689 1.2 0.0
-2.107868362 1.1 0.0
-2.105035751 1 0.0
-2.106294689 0.9 0.0
-2.108183096 0.8 0.0
-2.105035751 0.6 0.0
-2.106294689 0.7 0.0
-2.106294689 0.5 0.0
-2.107868362 0.4 0.0
-2.105035751 0.3 0.0
-2.106294689 0.2 0.0
-2.106609424 0.1 0.0
-2.106688107 -3.136883768e-17 0.0
-2.106707778 -0.1 0.0
-2.106712696 -0.2 0.0
-2.105035751 -0.4 0.0
-2.107972863 -0.3 0.0
-2.106609424 -0.6 0.0
-2.106294689 -0.5 0.0
-2.106688107 -0.7 0.0
-2.108281451 -0.8 0.0
-2.106294689 -0.9 0.0
-2.105035751 -1 0.0
-1.800367955 2.220049508 0.0
-1.4 2.107868362 0.0
-1.3 2.106294689 0.0
-0.8 2.107553627 0.0
-0.7 2.105035751 0.0
-0.3 2.220143006 0.0
-0.1 2.220143006 0.0
-0.2 2.220143006 0.0
-5.482496887e-16 2.226416284 0.0
-1.801191514 -2.112839321 0.0
-1.69829294 -2.11065361 0.0
-1.598425123 -2.107354556 0.0
-1.498615467 -2.107786931 0.0
-1.2 -2.105035751 0.0
-1.3 -2.106294689 0.0
-1.399653867 -2.108556156 0.0
-1.1 -2.109121947 0.0
-1 -2.105035751 0.0
-0.9 -2.107868362 0.0
-0.8 -2.106294689 0.0
-0.7 -2.105035751 0.0
-0.6 -2.107553627 0.0
-0.5 -2.105035751 0.0
-0.6 2.107553627 0.0
-0.5 2.105035751 0.0
-0.4 2.106294689 0.0
-0.3 2.108183096 0.0
-0.1 2.105035751 0.0
-0.2 2.106294689 0.0
-7.494776119e-16 2.107863009 0.0
-2.105035751 -1.4 0.0
-2.106294689 -1.5 0.0
-2.107945707 -1.3 0.0
-2.106604071 -1.2 0.0
-2.109764914 -1.700322143 0.0
-2.107969825 -1.599999886 0.0
-2.107945707 -1.1 0.0
-1.802024178 2.109931606 0.0
-1.70026809 2.107961091 0.0
-1.599803713 2.10965824 0.0
-1.5 2.105035751 0.0
-1.2 2.105035751 0.0
-1.1 2.107863009 0.0
-1 2.108260441 0.0
-0.9 2.105035751 0.0
-0.2405747669 -1.130776086 0.0
-0.2121605727 -1.07977289 0.0
0.03152090032 0.5010103637 0.0
0.03139525976 0.4990133642 0.0
-0.03152090032 -0.5010103637 0.0
-0.03139525976 -0.4990133642 0.0
-0.03167166899 -0.503406763 0.0
0.03167166899 0.503406763 0.0
0.03301802113 0.5248064175 0.0
0.03346821396 0.5319620276 0.0
0.03185259139 0.5062824422 0.0
-0.03185259139 -0.5062824422 0.0
0.03206969827 0.5097332573 0.0
-0.03206969827 -0.5097332573 0.0
0.03233022653 0.5138742354 0.0
-0.03233022653 -0.5138742354 0.0
-0.09741378391 -0.5106609386 0.0
-0.06515689442 -0.515769928 0.0
0.03264286044 0.5188434091 0.0
-0.09853334947 -0.5165299068 0.0
-0.09987682815 -0.5235726687 0.0
0.03400844535 0.5405487598 0.0
-0.1014890026 -0.5320239829 0.0
0.03465672303 0.5508528383 0.0
-0.1034236119 -0.54216556 0.0
0.03636817609 0.5780556057 0.0
0.03543465624 0.5632177326 0.0
-0.105745143 -0.5543354525 0.0
0.03748839991 0.5958610535 0.0
-0.1085309804 -0.5689393235 0.0
-0.1118739853 -0.5864639687 0.0
-0.1158855911 -0.607493543 0.0
0.0388326685 0.6172275908 0.0
0.0404457908 0.6428674356 0.0
-0.1206995181 -0.6327290321 0.0
0.04238153756 0.6736352494 0.0
-0.1264762305 -0.6630116191 0.0
-0.1967311666 -1.021472605 0.0
0.07882682578 1.115754893 0.0
0.09389769951 1.200588364 0.0
0.1 1.299760919 0.0
-0.2 -1.299760919 0.0
-0.1970560053 -1.187621834 0.0
0.06892496111 1.044165932 0.0
0.06157962908 0.9787801759 0.0
0.1 1.399800766 0.0
-0.1724550611 -0.90404109 0.0
-0.1837677397 -0.9633442278 0.0
-0.3 -1.599880459 0.0
-0.2 -1.499840613 0.0
-0.2 -1.399800766 0.0
0.05426045676 0.8624452632 0.0
0.05778880839 0.9185268064 0.0
-0.1619256505 -0.8488439862 0.0
0.1 1.499840613 0.0
0.1 1.599880459 0.0
0.05096410988 0.8100513299 0.0
-0.1520885952 -0.7972763366 0.0
0.1 1.699920306 0.0
-0.3 -1.699920306 0.0
0.04789619796 0.7612882663 0.0
-0.3 -1.799960153 0.0
0.04504401009 0.7159540384 0.0
-0.1429332422 -0.7492822956 0.0
-0.1344216593 -0.7046630155 0.0
0.1 1.799960153 0.0
-0.4 -2 0.0
-0.3 -1.9 0.0
0.1 1.9 0.0
0.1 2 0.0
2.708556267 9.662435056 0.0
2.809990459 8.293897928 0.0
1.664908122 -12.30655609 0.0
2.451665544 -10.98129349 0.0
2.848801161 7.089996128 0.0
2.598822516 6.02289932 0.0
0.6934216324 -4.63912507 0.0
0.1313545787 -4.648351901 0.0
1.113896559 -14.43425675 0.0
0.5564247841 -16.96427124 0.0
0.2 3.321637038 0.0
-0.4064212521 -2.339122458 0.0
-5.393931757 13.10321537 0.0
-7.556815724 12.03626113 0.0
-9.350615544 10.6123402 0.0
-2.388360466 11.85104395 0.0
1.09111904 10.8220571 0.0
-0.164088282 11.78626665 0.0
-11.15569172 12.38088241 0.0
-6.001176139 -19.6503863 0.0
-2.941600944 -19.66319927 0.0
2.326835083 -7.209385513 0.0
2.37996553 -8.379290951 0.0
-21.16875147 5.137425688 0.0
-21.72962597 4.862429903e-14 0.0
-21.17632304 -5.132616118 0.0
-20.14869366 -9.671694476 0.0
-18.39945925 -13.6816469 0.0
-13.17244921 -19.57701287 0.0
-16.05584805 -16.9243083 0.0
2.705501583 -9.545546868 0.0
-10.36518509 -21.53906605 0.0
-20.14467585 9.67521756 0.0
-18.39903415 13.68317778 0.0
-13.41879844 14.44257419 0.0
2.241647587 -6.198724685 0.0
2.600232743 5.37690899 0.0
2.609738436 4.72155769 0.0
2.3 -5.359266171 0.0
1.226595029 -4.554944794 0.0
2.436641009 4.0935156 0.0
-0.09617086966 -4.096393411 0.0
-0.09339912807 -3.703733579 0.0
1.185512718 3.262176519 0.0
1.388759998 3.255098685 0.0
0.782082881 3.251170148 0.0
0.9715207383 3.259738572 0.0
-0.3096760751 -3.292226783 0.0
0.4097560302 3.274287387 0.0
1.608044494 3.252889114 0.0
1.808679876 3.248695894 0.0
2.461927658 3.653713629 0.0
-0.3051908294 -2.770289326 0.0
-0.3124268789 -3.0184035 0.0
0.2 2.76479163 0.0
0.2 3.024611943 0.0
-0.3 -2.5414457 0.0
0.2 2.515241669 0.0
0.1047277717 2.344418264 0.0
-0.4 -2.220143006 0.0
0.1 2.220143006 0.0
-0.4 -2.106294689 0.0
0.1 2.108575176 0.0
</DataArray></Points>
<Cells>
<DataArray type="Int32" Name="connectivity" format="ascii">
0 1 2 
3 4 5 
6 7 8 
9 10 11 
12 13 14 
15 16 17 
8 7 18 
19 20 21 
22 23 24 
25 26 27 
28 29 30 
31 32 33 
34 35 36 
37 5 4 
21 38 39 
27 40 41 
42 43 44 
45 16 46 
47 13 48 
49 50 51 
52 53 54 
55 56 57 
58 59 60 61 
60 62 63 64 
65 66 67 68 
69 70 71 72 
73 74 75 76 
77 78 79 80 
81 82 83 84 
85 86 87 88 
89 90 91 92 
92 93 94 89 
95 96 97 98 
99 100 101 102 
103 104 105 106 
107 108 109 110 
111 112 113 114 
115 116 82 81 
117 75 74 118 
119 120 121 122 
123 124 125 126 
96 127 128 97 
88 87 129 130 
131 132 90 89 
133 134 135 136 
137 138 139 140 
141 107 110 142 
143 144 145 146 
147 148 149 150 
151 152 153 154 
155 156 125 157 
108 115 81 109 
76 158 159 73 
160 161 158 76 
162 163 164 165 
128 166 167 168 
101 169 170 171 
98 97 172 173 
174 175 176 154 
71 176 175 177 
116 85 88 82 
178 179 180 181 
62 180 179 63 
182 183 184 94 
98 173 185 153 
186 157 187 188 
78 141 142 114 
189 67 66 72 
190 191 192 193 
158 186 188 159 
194 195 196 197 
162 143 146 163 
198 69 72 66 
182 199 200 183 
201 65 68 202 
202 178 181 201 
97 128 168 172 
203 79 113 204 
109 81 84 205 
205 206 110 109 
114 142 207 111 
208 209 210 211 
93 212 182 94 
94 184 131 89 
213 155 157 186 
127 214 166 128 
206 207 142 110 
132 145 144 90 
64 215 61 60 
216 165 87 86 
212 217 199 182 
113 112 218 204 
161 213 186 158 
219 220 143 162 
152 95 98 153 
185 174 154 153 
118 167 166 117 
70 221 176 71 
177 189 72 71 
222 223 75 117 
61 215 170 169 
171 224 102 101 
102 224 191 190 
225 226 190 193 
156 227 126 125 
124 187 157 125 
221 151 154 176 
82 88 130 83 
210 228 181 180 
226 99 102 190 
214 222 117 166 
229 230 231 232 
233 234 235 236 
237 238 239 240 
241 242 243 244 
245 246 247 248 
249 250 251 252 
253 254 255 256 
105 253 257 106 
258 259 260 261 
262 263 264 265 
266 267 268 269 
270 271 272 273 
274 275 276 277 
278 279 259 280 
281 282 283 284 
285 286 287 288 
289 290 291 292 
293 294 295 296 
297 298 299 220 
220 299 144 143 
300 301 59 58 
302 198 66 65 
100 303 169 101 
304 305 306 307 
308 309 310 311 
312 313 314 315 
316 317 318 298 
299 91 90 144 
204 218 123 126 
227 203 204 126 
319 216 86 320 
321 320 86 85 
322 321 85 116 
323 322 116 115 
324 323 115 108 
325 324 108 107 
326 325 107 141 
77 326 141 78 
78 114 113 79 
327 80 79 203 
328 327 203 227 
329 328 227 156 
330 329 156 155 
331 330 155 213 
332 331 213 161 
333 332 161 160 
76 75 223 160 
334 335 223 222 
336 334 222 214 
337 336 214 127 
338 337 127 96 
339 340 95 152 
341 339 152 151 
342 341 151 221 
343 342 221 70 
344 343 70 69 
345 344 69 198 
346 345 198 302 
347 302 65 201 
347 228 348 349 
209 348 228 210 
211 210 180 62 
350 230 209 208 
58 61 169 303 
351 352 303 100 
353 351 100 99 
354 353 99 226 
355 354 226 225 
356 357 217 212 
358 356 212 93 
359 358 93 92 
318 359 92 91 
360 297 220 219 
165 164 129 87 
219 162 165 216 
361 319 320 362 
363 362 320 321 
364 363 321 322 
365 364 322 323 
366 365 323 324 
367 366 324 325 
368 367 325 326 
369 77 80 370 
371 372 327 328 
373 371 328 329 
374 373 329 330 
375 374 330 331 
376 375 331 332 
377 376 332 333 
333 160 223 335 
378 379 335 334 
380 378 334 336 
381 380 336 337 
382 381 337 338 
382 338 340 383 
384 383 340 339 
385 384 339 341 
386 385 341 342 
387 386 342 343 
388 387 343 344 
389 388 344 345 
390 389 345 346 
201 181 228 347 
349 346 302 347 
235 234 390 391 
62 60 59 211 
392 231 230 350 
393 394 301 300 
300 58 303 352 
395 396 352 351 
397 395 351 353 
398 397 353 354 
399 398 354 355 
400 401 357 356 
402 400 356 358 
403 402 358 359 
317 403 359 318 
404 316 298 297 
405 404 297 360 
360 219 216 319 
406 361 362 407 
408 407 362 363 
409 408 363 364 
410 409 364 365 
411 410 365 366 
412 411 366 367 
413 412 367 368 
414 413 368 369 
370 80 327 372 
415 416 372 371 
417 415 371 373 
418 417 373 374 
419 418 374 375 
254 419 375 376 
377 333 335 379 
420 421 379 378 
422 420 378 380 
423 422 380 381 
338 96 95 340 
239 424 383 384 
240 239 384 385 
425 240 385 386 
426 425 386 387 
427 426 387 388 
428 427 388 389 
234 428 389 390 
391 390 346 349 
349 348 229 391 
211 59 301 208 
195 429 231 392 
393 300 352 396 
149 430 396 395 
431 150 397 398 
432 431 398 399 
433 434 401 400 
435 433 400 402 
436 435 402 403 
318 91 299 298 
314 313 316 404 
437 314 404 405 
405 360 319 361 
438 414 369 370 
439 423 381 382 
440 441 436 442 
443 406 407 444 
407 408 445 444 
446 445 408 409 
447 446 409 410 
448 447 410 411 
449 448 411 412 
368 326 77 369 
438 370 372 416 
450 438 416 451 
452 451 416 415 
453 452 415 417 
104 453 417 418 
253 105 419 254 
255 377 379 421 
454 455 422 423 
456 454 423 439 
382 383 424 439 
238 457 424 239 
458 459 425 426 
460 458 426 427 
461 460 427 428 
229 348 209 230 
235 391 229 232 
208 301 394 350 
194 462 429 195 
463 393 396 430 
464 463 430 465 
466 467 431 432 
441 468 435 436 
442 436 403 317 
469 470 441 440 
405 361 406 437 
471 472 449 473 
474 475 476 462 
429 477 232 231 
478 315 314 437 
267 266 446 447 
479 267 447 448 
473 449 412 413 
450 480 414 438 
481 450 451 482 
103 483 453 104 
254 376 377 255 
421 420 484 485 
486 487 484 455 
439 424 457 456 
237 240 425 459 
488 489 459 458 
264 263 460 461 
236 235 232 477 
462 476 477 429 
392 350 394 490 
490 394 393 463 
149 395 397 150 
491 492 493 494 
286 285 467 466 
470 495 468 441 
317 316 313 442 
496 497 315 478 
478 437 406 443 
444 445 498 499 
485 256 255 421 
500 501 256 485 
455 484 420 422 
275 274 457 238 
502 275 238 237 
503 504 233 236 
196 490 463 464 
430 149 148 465 
505 506 464 465 
507 508 470 469 
444 499 509 443 
498 445 446 266 
136 135 268 510 
473 413 414 480 
310 511 471 512 
481 512 480 450 
513 452 453 483 
104 418 419 105 
257 253 256 501 
514 515 501 500 
500 485 484 487 
244 243 487 486 
516 517 518 519 
519 456 457 274 
502 237 459 489 
520 502 489 521 
262 522 488 263 
461 428 234 233 
264 461 233 504 
523 524 504 503 
503 236 477 476 
195 392 490 196 
197 196 464 506 
465 148 493 505 
525 505 493 492 
150 431 467 147 
494 493 148 147 
526 527 492 491 
442 313 312 440 
528 529 507 530 
531 312 315 497 
478 443 509 496 
532 496 509 533 
534 535 499 498 
482 451 452 513 
536 537 482 513 
538 539 106 257 
519 518 454 456 
263 488 458 460 
499 535 533 509 
498 266 269 534 
448 449 472 479 
510 268 267 479 
471 473 480 512 
309 540 511 310 
311 481 482 537 
541 536 513 483 
541 483 103 542 
542 103 106 539 
250 543 539 538 
538 257 501 515 
544 251 515 514 
500 487 243 514 
486 455 454 518 
277 516 519 274 
520 276 275 502 
521 489 488 522 
264 504 524 265 
545 546 524 523 
503 476 475 523 
462 194 547 474 
548 197 506 549 
525 549 506 505 
550 525 492 527 
494 147 467 285 
495 470 508 551 
469 440 312 531 
530 531 497 552 
532 552 497 496 
553 532 533 554 
555 534 269 556 
472 471 511 557 
558 559 560 561 
486 518 517 244 
562 563 564 565 
566 520 521 567 
547 194 197 548 
568 569 527 526 
535 570 554 533 
555 570 535 534 
571 555 556 572 
269 268 135 556 
479 472 557 510 
557 511 540 573 
310 512 481 311 
308 311 537 560 
561 560 537 536 
574 541 542 575 
576 574 575 577 
575 542 539 543 
249 578 543 250 
250 538 515 251 
544 514 243 242 
579 580 242 241 
244 517 564 241 
565 564 517 516 
270 581 563 562 
277 276 582 583 
566 582 276 520 
283 566 567 584 
567 521 522 585 
586 585 522 262 
587 261 586 588 
265 524 546 588 
523 475 589 545 
475 474 590 589 
591 590 474 547 
592 591 593 594 
593 548 549 595 
550 595 549 525 
550 527 569 248 
491 494 285 288 
596 597 569 568 
598 288 287 599 
551 508 600 601 
507 469 531 530 
602 603 529 528 
528 530 552 604 
553 604 552 532 
296 553 554 605 
606 607 608 609 
545 589 610 611 
600 508 507 529 
570 612 605 554 
571 612 570 555 
613 572 134 614 
510 557 573 136 
615 133 616 617 
573 540 608 616 
609 608 540 309 
618 308 560 559 
619 618 559 119 
561 536 541 574 
576 577 620 621 
577 575 543 578 
622 623 252 624 
624 544 242 580 
625 626 627 628 
241 564 563 579 
516 277 583 565 
273 629 581 270 
583 582 282 630 
283 282 582 566 
584 567 585 260 
586 262 265 588 
261 260 585 586 
631 258 261 587 
588 546 632 587 
611 632 546 545 
611 610 633 138 
589 590 634 610 
591 547 548 593 
592 634 590 591 
635 592 594 636 
593 595 247 594 
248 247 595 550 
526 491 288 598 
637 598 599 638 
601 600 639 640 
639 600 529 603 
602 528 604 295 
641 602 295 294 
296 295 604 553 
642 643 294 293 
251 544 624 252 
644 645 646 647 
648 649 643 642 
650 651 612 571 
556 135 134 572 
613 650 571 572 
652 653 613 614 
133 136 573 616 
615 614 134 133 
617 607 305 654 
616 608 607 617 
309 308 618 609 
655 619 119 122 
558 561 574 576 
120 119 559 558 
620 577 578 656 
657 656 578 249 
657 249 252 623 
579 563 581 658 
565 583 630 562 
659 660 661 662 
279 584 260 259 
663 664 258 631 
587 632 137 631 
138 137 632 611 
138 633 665 139 
610 634 666 633 
635 666 634 592 
667 635 636 668 
594 247 246 636 
248 569 597 245 
568 526 598 637 
669 670 671 672 
640 639 673 674 
673 639 603 675 
641 675 603 602 
612 651 676 605 
630 282 281 271 
279 284 283 584 
670 596 568 637 
677 678 679 680 
651 650 681 682 
653 681 650 613 
614 615 683 652 
654 305 304 684 
609 618 619 606 
306 305 607 606 
120 558 576 621 
621 620 646 685 
686 657 623 627 
622 624 580 687 
628 627 623 622 
580 579 658 687 
688 689 690 691 
658 581 629 689 
270 562 630 271 
271 281 661 272 
662 661 281 284 
631 137 140 663 
692 693 139 665 
633 666 694 665 
667 694 666 635 
695 668 636 246 
245 597 696 697 
698 696 597 596 
670 637 638 671 
699 669 672 700 
701 674 673 702 
702 673 675 679 
680 679 675 641 
680 641 294 643 
296 605 676 293 
651 682 703 676 
704 705 649 648 
683 615 617 654 
706 707 708 709 
121 120 621 685 
647 646 620 656 
259 258 664 280 
663 140 710 711 
695 246 245 697 
712 713 705 704 
682 681 714 715 
706 714 681 653 
652 683 716 707 
683 654 684 716 
306 606 619 655 
717 718 655 122 
719 720 721 722 
685 646 645 721 
647 656 657 686 
644 723 724 725 
723 686 627 626 
628 622 687 688 
687 658 689 688 
726 690 689 629 
726 629 273 727 
727 273 272 728 
272 661 660 728 
662 284 279 278 
729 730 731 732 
280 664 733 731 
711 733 664 663 
711 710 734 735 
710 140 139 693 
736 692 665 694 
737 667 668 738 
739 738 668 695 
740 739 741 742 
741 697 696 743 
698 596 670 669 
744 743 696 698 
701 702 745 746 
746 745 747 748 
745 702 679 678 
745 678 749 747 
677 680 643 649 
642 293 676 703 
682 715 750 703 
307 306 655 718 
736 694 667 737 
751 752 753 754 
755 756 757 758 
715 714 759 757 
653 652 707 706 
709 759 714 706 
709 708 760 761 
707 716 762 708 
762 716 684 763 
764 763 684 304 
765 764 766 767 
766 307 718 768 
717 122 121 720 
769 768 718 717 
720 121 685 721 
770 719 722 291 
721 645 771 722 
644 647 686 723 
725 771 645 644 
725 724 772 773 
724 723 626 774 
625 628 688 691 
775 774 626 625 
691 690 776 777 
778 776 690 726 
779 780 781 782 
728 660 783 780 
662 278 730 659 
784 783 660 659 
730 278 280 731 
729 732 785 786 
731 733 787 732 
735 787 733 711 
735 734 788 789 
710 693 790 734 
791 790 693 692 
792 793 794 795 
794 737 738 796 
739 695 697 741 
740 796 738 739 
797 740 742 798 
741 743 799 742 
744 698 669 699 
752 799 743 744 
699 700 800 753 
801 677 649 705 
642 703 750 648 
715 757 756 750 
749 678 677 801 
757 759 802 758 
761 802 759 709 
760 708 762 803 
803 762 763 804 
304 307 766 764 
765 804 763 764 
805 765 767 806 
767 766 768 807 
769 717 720 719 
808 807 768 769 
809 770 291 290 
722 771 292 291 
773 292 771 725 
810 772 724 774 
775 625 691 777 
811 775 777 812 
777 776 813 812 
778 726 727 779 
814 813 776 778 
779 727 728 780 
815 782 781 816 
780 783 817 781 
659 730 729 784 
818 817 783 784 
786 785 819 820 
785 732 787 821 
789 821 787 735 
734 790 822 788 
692 736 793 791 
823 822 790 791 
736 737 794 793 
795 794 796 824 
797 824 796 740 
825 797 798 826 
742 799 827 798 
752 744 699 753 
751 827 799 752 
753 800 828 754 
829 830 748 747 
831 832 833 834 
833 801 705 713 
756 704 648 750 
835 836 810 811 
837 838 758 802 
761 760 839 840 
839 760 803 841 
841 803 804 842 
805 842 804 765 
806 767 807 843 
769 719 770 808 
844 843 807 808 
773 772 845 846 
774 775 811 810 
836 845 772 810 
812 813 847 848 
814 778 779 782 
849 847 813 814 
850 818 786 820 
818 784 729 786 
788 822 851 852 
791 793 792 823 
853 851 822 823 
854 795 824 855 
825 855 824 797 
856 826 798 827 
856 827 751 857 
857 751 754 858 
754 828 859 858 
747 749 832 829 
860 861 830 829 
832 749 801 833 
755 712 704 756 
758 838 862 755 
289 292 773 846 
863 816 781 817 
789 788 852 864 
865 834 833 713 
837 802 761 840 
808 770 809 844 
835 811 812 848 
849 814 782 815 
863 817 818 850 
819 785 821 866 
866 821 789 864 
823 792 867 853 
867 792 795 854 
829 832 831 860 
713 712 868 865 
862 868 712 755 
0 2 869 870 
9 11 871 872 
14 13 47 873 
17 16 45 874 
21 39 875 19 
27 41 876 25 
877 11 10 878 
879 880 1 0 
4 3 880 879 
870 869 881 882 
8 14 873 883 
3 5 41 40 
5 37 884 885 
871 886 887 888 
869 17 874 881 
9 872 39 38 
889 890 884 37 
890 889 891 892 
6 886 871 11 
886 6 893 894 
882 891 889 870 
37 0 870 889 
2 15 17 869 
876 41 5 885 
888 895 872 871 
18 12 14 8 
8 883 893 6 
878 18 7 877 
875 39 872 895 
44 20 19 896 
20 44 43 897 
20 897 898 21 
38 21 898 899 
18 878 900 901 
23 22 48 902 
48 13 903 902 
903 13 12 904 
12 18 901 904 
57 26 25 905 
57 56 906 26 
27 26 906 907 
28 46 908 29 
40 27 907 909 
908 46 16 910 
2 1 911 912 
910 16 15 913 
914 915 916 917 
915 54 918 916 
919 42 44 896 
896 19 920 921 
875 922 920 19 
922 875 895 923 
924 923 895 888 
925 924 888 887 
887 926 927 925 
905 25 928 929 
930 928 25 876 
930 876 885 931 
932 931 885 884 
933 934 935 32 
32 935 936 937 
937 936 938 939 
939 938 940 45 
874 45 940 941 
37 4 879 0 
891 882 942 943 
944 945 946 35 
35 946 947 948 
948 947 949 950 
950 949 951 47 
873 47 951 952 
11 877 7 6 
883 953 954 893 
893 954 955 894 
891 943 956 892 
890 957 932 884 
957 890 892 958 
894 926 887 886 
926 894 955 959 
960 961 962 963 
34 964 961 960 
34 36 965 964 
966 965 36 24 
23 967 966 24 
902 968 967 23 
969 968 902 903 
904 970 969 903 
904 901 971 970 
972 900 973 974 
974 973 975 976 
975 899 977 976 
978 977 899 898 
978 898 897 979 
897 43 980 979 
42 981 980 43 
53 982 981 42 
982 53 52 983 
984 983 52 914 
917 985 986 987 
986 985 988 989 
990 989 988 991 
992 993 990 991 
992 994 995 993 
995 994 31 996 
997 996 31 33 
30 998 997 33 
29 999 998 30 
29 908 1000 999 
910 1001 1000 908 
1002 1001 910 913 
1002 913 912 1003 
1004 911 1005 1006 
1006 1005 1007 1008 
1007 909 1009 1008 
907 1010 1009 909 
907 906 1011 1010 
1011 906 56 1012 
56 55 1013 1012 
1013 55 50 1014 
1014 50 49 1015 
954 1016 1017 955 
1018 1016 954 953 
952 1019 1018 953 
1020 1019 952 951 
1020 951 949 1021 
945 963 1022 1023 
1024 1023 1022 1025 
1026 1027 1023 1024 
1028 1029 1030 1031 
1029 929 1032 1030 
1032 929 928 1033 
1034 930 931 1035 
1036 932 957 1037 
925 927 1038 1039 
921 920 1040 1041 
53 42 919 54 
54 919 1042 918 
916 1043 1044 1045 
1045 1044 1046 1047 
994 992 934 933 
937 30 33 32 
30 937 939 28 
938 1048 1049 940 
941 940 1049 1050 
1051 881 874 941 
912 913 15 2 
956 1052 958 892 
1053 1037 957 958 
1052 1054 1053 958 
959 1055 927 926 
1055 1056 1038 927 
47 48 22 950 
953 883 873 952 
1005 880 3 1007 
911 1 880 1005 
1057 1021 949 947 
948 24 36 35 
45 46 28 939 
934 992 991 1058 
1059 1060 936 935 
933 32 31 994 
1060 1048 938 936 
973 10 9 975 
900 878 10 973 
946 1061 1057 947 
944 35 34 960 
960 963 945 944 
945 1062 1061 946 
1063 922 923 1064 
1040 920 922 1063 
1023 1027 1062 945 
1022 963 962 1065 
1066 1064 923 924 
1067 1042 921 1041 
1067 1068 918 1042 
919 896 921 1042 
52 54 915 914 
1043 916 918 1068 
51 1069 1029 1028 
50 55 1069 51 
1069 905 929 1029 
55 57 905 1069 
928 930 1034 1033 
931 932 1036 1035 
914 917 987 984 
1045 985 917 916 
1047 1058 991 988 
1070 1058 1047 1046 
1070 1071 934 1058 
1050 1072 1051 941 
1073 942 1051 1072 
881 1051 942 882 
1073 1074 943 942 
24 948 950 22 
1014 1075 1076 1013 
1013 1076 1077 1012 
909 1007 3 40 
1008 1078 1079 1006 
1006 1079 1080 1004 
912 911 1004 1003 
1003 1004 1080 1081 
1002 1082 1083 1001 
999 1000 1084 1085 
999 1085 1086 998 
997 1087 1088 996 
989 990 1089 1090 
989 1090 1091 986 
985 1045 1047 988 
983 1092 1093 982 
981 982 1093 1094 
899 975 9 38 
976 1095 1096 974 
901 900 972 971 
971 972 1097 1098 
970 971 1098 1099 
966 1100 1101 965 
964 965 1101 1102 
961 1103 1104 962 
1065 1105 1025 1022 
1105 1065 1106 1107 
1108 959 955 1017 
1017 1016 1109 1110 
1111 1109 1016 1018 
1111 1018 1019 1112 
1019 1020 1113 1112 
1113 1020 1021 1114 
1021 1057 1115 1114 
1115 1057 1061 1116 
1116 1061 1062 1117 
1027 1026 1118 1119 
1120 1030 1032 1121 
1064 1066 1122 1123 
1064 1123 1124 1063 
1063 1124 1125 1040 
1041 1040 1125 1126 
1043 1127 1128 1044 
1121 1032 1033 1129 
1033 1034 1130 1129 
1035 1036 1131 1132 
1070 1133 1134 1071 
1059 935 934 1071 
1135 956 943 1074 
1135 1136 1052 956 
1108 1137 1055 959 
1137 1108 1138 1139 
1038 1140 1141 1039 
1037 1053 1142 1143 
1136 1144 1054 1052 
1136 1145 1146 1144 
1056 1147 1140 1038 
1147 1056 1148 1149 
1137 1148 1056 1055 
1148 1137 1139 1150 
1054 1151 1142 1053 
1151 1054 1144 1152 
1153 1154 979 980 
1155 1092 983 984 
1062 1027 1119 1117 
1156 1157 1010 1011 
1158 1159 1068 1067 
1100 966 967 1160 
1127 1043 1068 1159 
1161 1162 1060 1059 
1162 1163 1048 1060 
1164 1049 1048 1163 
1164 1165 1050 1049 
1166 1072 1050 1165 
1167 1073 1072 1166 
1167 1168 1074 1073 
1169 1135 1074 1168 
1169 1145 1136 1135 
1034 1035 1132 1130 
1039 1066 924 925 
1036 1037 1143 1131 
1170 1106 1104 1171 
1103 1172 1171 1104 
1172 1103 1102 1173 
1102 1101 1174 1173 
1175 1174 1101 1100 
1100 1160 1176 1175 
1177 1178 1176 1160 
1177 1179 1180 1178 
1180 1179 1099 1181 
1099 1098 1182 1181 
1183 1097 1096 1184 
1184 1096 1095 1185 
1095 1186 1187 1185 
1186 1188 1189 1187 
1189 1188 1154 1190 
1191 1190 1154 1153 
1094 1192 1191 1153 
1094 1093 1193 1192 
1092 1155 1194 1195 
1155 984 987 1196 
1196 1197 1194 1155 
1196 1091 1198 1197 
1198 1091 1090 1199 
1200 1201 1202 1089 
1200 1203 1204 1201 
1204 1203 1088 1205 
1206 1205 1088 1087 
1086 1207 1206 1087 
1207 1086 1085 1208 
1209 1208 1085 1084 
1083 1210 1209 1084 
1083 1082 1211 1210 
1211 1082 1081 1212 
1213 1212 1081 1080 
1213 1080 1079 1214 
1078 1215 1216 1217 
1215 1157 1218 1216 
1215 1078 1008 1009 
1157 1156 1219 1218 
1077 1220 1219 1156 
1220 1077 1076 1221 
1222 1221 1076 1075 
1222 1075 1223 1224 
1110 1109 1225 1226 
1227 1111 1112 1228 
1229 1228 1112 1113 
1229 1113 1114 1230 
1231 1230 1114 1115 
1231 1115 1116 1232 
1117 1233 1232 1116 
1233 1117 1119 1234 
1235 1120 1236 1237 
1126 1238 1239 1158 
1126 1125 1240 1238 
1159 1241 1242 1127 
1128 1243 1046 1044 
1243 1244 1245 1133 
1134 1246 1247 1161 
1134 1161 1059 1071 
1168 1248 1249 1169 
1124 1250 1240 1125 
1123 1251 1250 1124 
1122 1252 1251 1123 
1252 1122 1141 1253 
1253 1141 1140 1254 
1146 1255 1152 1144 
1255 1146 1256 1257 
1121 1258 1236 1120 
1129 1259 1258 1121 
1260 1259 1129 1130 
1260 1130 1132 1261 
1262 1261 1132 1131 
1143 1263 1262 1131 
1143 1142 1264 1263 
1147 1149 1265 1266 
1149 1267 1268 1265 
1151 1269 1264 1142 
1151 1152 1270 1269 
1150 1267 1149 1148 
1267 1150 1271 1272 
1270 1152 1255 1273 
1090 1089 1202 1199 
1089 990 993 1200 
1203 995 996 1088 
1082 1002 1003 1081 
1079 1078 1217 1214 
1215 1009 1010 1157 
1179 969 970 1099 
1179 1177 968 969 
1031 1030 1120 1235 
1141 1122 1066 1039 
1140 1147 1266 1254 
1188 1186 977 978 
1186 1095 976 977 
1158 1067 1041 1126 
1274 1244 1243 1128 
1046 1243 1133 1070 
1256 1146 1145 1275 
1226 1276 1138 1110 
1276 1277 1139 1138 
1138 1108 1017 1110 
1271 1150 1139 1277 
1278 1279 1280 1170 
1278 1170 1171 1281 
1172 1282 1281 1171 
1172 1173 1283 1282 
1284 1283 1173 1174 
1285 1284 1174 1175 
1285 1175 1176 1286 
1178 1287 1286 1176 
1178 1180 1288 1287 
1181 1289 1288 1180 
1182 1290 1289 1181 
1182 1183 1291 1290 
1184 1292 1291 1183 
1185 1293 1292 1184 
1185 1187 1294 1293 
1295 1294 1187 1189 
1295 1189 1190 1296 
1297 1296 1190 1191 
1297 1191 1192 1298 
1299 1298 1192 1193 
1299 1193 1195 1300 
1153 980 981 1094 
1195 1194 1301 1300 
1197 1198 1302 1303 
1199 1304 1302 1198 
1305 1304 1199 1202 
1305 1202 1201 1306 
1307 1306 1201 1204 
1307 1204 1205 1308 
1205 1206 1309 1308 
1309 1206 1207 1310 
1207 1208 1311 1310 
1312 1311 1208 1209 
1312 1209 1210 1313 
1211 1314 1313 1210 
1212 1315 1314 1211 
1212 1213 1316 1315 
1214 1317 1316 1213 
1217 1318 1317 1214 
1319 1318 1217 1216 
1320 1319 1216 1218 
1320 1218 1219 1321 
1220 1322 1321 1219 
1322 1220 1221 1323 
1324 1323 1221 1222 
1324 1222 1224 1325 
1119 1118 1326 1234 
1233 1327 1328 1232 
1109 1111 1227 1225 
1329 1236 1258 1330 
1239 1241 1159 1158 
1238 1331 1332 1239 
1238 1240 1333 1331 
1250 1334 1333 1240 
1251 1335 1334 1250 
1251 1252 1336 1335 
1337 1336 1252 1253 
1253 1254 1338 1337 
1266 1339 1338 1254 
1265 1340 1339 1266 
1341 1340 1265 1268 
1341 1268 1342 1343 
1242 1274 1128 1127 
1276 1344 1345 1277 
1346 1162 1161 1247 
1347 1164 1163 1348 
1349 1166 1165 1350 
1349 1351 1167 1166 
1351 1349 1352 1353 
1351 1248 1168 1167 
1248 1351 1353 1354 
1249 1275 1145 1169 
1249 1355 1356 1275 
1256 1357 1358 1257 
1257 1359 1273 1255 
1359 1257 1358 1360 
1272 1271 1361 1362 
1330 1258 1259 1363 
1259 1260 1364 1363 
1364 1260 1261 1365 
1366 1262 1263 1367 
1263 1264 1368 1367 
1269 1369 1368 1264 
1270 1370 1369 1269 
1370 1270 1273 1371 
1272 1342 1268 1267 
1342 1272 1362 1372 
1371 1273 1359 1373 
1093 1092 1195 1193 
1374 1375 1234 1326 
1327 1233 1234 1375 
1376 1231 1232 1328 
1377 1230 1231 1376 
1377 1378 1229 1230 
1378 1379 1228 1229 
1380 1227 1228 1379 
1380 1381 1225 1227 
1194 1197 1303 1301 
1087 997 998 1086 
1156 1011 1012 1077 
1332 1382 1241 1239 
1383 1242 1241 1382 
1384 1274 1242 1383 
1384 1385 1244 1274 
1386 1246 1245 1387 
1386 1388 1247 1246 
1389 1346 1247 1388 
1389 1390 1348 1346 
1163 1162 1346 1348 
1391 1347 1348 1390 
1391 1392 1350 1347 
1165 1164 1347 1350 
1352 1349 1350 1392 
1170 1280 1107 1106 
1106 1065 962 1104 
1261 1262 1366 1365 
1361 1271 1277 1345 
1279 1278 1393 1394 
1281 1395 1393 1278 
1282 1396 1395 1281 
1396 1282 1283 1397 
1398 1397 1283 1284 
1284 1285 1399 1398 
1399 1285 1286 1400 
1400 1286 1287 1401 
1287 1288 1402 1401 
1289 1403 1402 1288 
1289 1290 1404 1403 
1290 1291 1405 1404 
1292 1406 1405 1291 
1406 1292 1293 1407 
1293 1294 1408 1407 
1409 1295 1296 1410 
1296 1297 1411 1410 
1411 1297 1298 1412 
1413 1412 1298 1299 
1413 1299 1300 1414 
1300 1301 1415 1414 
1303 1416 1415 1301 
1303 1302 1417 1416 
1304 1418 1417 1302 
1304 1305 1419 1418 
1419 1305 1306 1420 
1421 1420 1306 1307 
1421 1307 1308 1422 
1310 1423 1424 1309 
1423 1310 1311 1425 
1426 1425 1311 1312 
1426 1312 1313 1427 
1314 1428 1427 1313 
1315 1429 1428 1314 
1315 1316 1430 1429 
1317 1431 1430 1316 
1318 1432 1431 1317 
1433 1432 1318 1319 
1319 1320 1434 1433 
1434 1320 1321 1435 
1435 1321 1322 1436 
1436 1322 1323 1437 
1438 1437 1323 1324 
1438 1324 1325 1439 
1374 1440 1441 1375 
1379 1442 1443 1380 
1444 1226 1225 1381 
1344 1276 1226 1444 
1445 1329 1330 1446 
1339 1447 1448 1338 
1337 1338 1448 1449 
1335 1450 1451 1334 
1331 1333 1452 1453 
1331 1453 1454 1332 
1382 1455 1456 1383 
1387 1245 1244 1385 
1363 1457 1446 1330 
1363 1364 1458 1457 
1365 1459 1458 1364 
1460 1459 1365 1366 
1460 1366 1367 1461 
1367 1368 1462 1461 
1462 1368 1369 1463 
1463 1369 1370 1464 
1464 1370 1371 1465 
1343 1466 1467 1341 
1360 1468 1373 1359 
1373 1469 1465 1371 
1468 1470 1469 1373 
1372 1471 1343 1342 
1472 1466 1343 1471 
1203 1200 993 995 
1473 1444 1381 1474 
1473 1475 1344 1444 
1475 1476 1345 1344 
1477 1478 1354 1353 
1479 1355 1354 1478 
1480 1481 1388 1386 
1481 1482 1389 1388 
1483 1387 1385 1484 
1479 1485 1356 1355 
1456 1486 1384 1383 
1454 1455 1382 1332 
1487 1450 1335 1336 
1449 1487 1336 1337 
1447 1339 1340 1488 
1075 1014 1015 1223 
1436 1489 1490 1435 
1434 1435 1490 1491 
1432 1433 1492 1493 
1431 1494 1495 1430 
1429 1430 1495 1496 
1084 1000 1001 1083 
1428 1497 1498 1427 
1426 1499 1500 1425 
1423 1501 1502 1424 
1308 1309 1424 1422 
1422 1424 1502 1503 
1420 1421 1504 1505 
1420 1505 1506 1419 
1418 1507 1508 1417 
1416 1509 1510 1415 
1414 1415 1510 1511 
1411 1512 1513 1410 
1294 1295 1409 1408 
1097 972 974 1096 
1406 1514 1515 1405 
1098 1097 1183 1182 
1401 1516 1517 1400 
1400 1517 1518 1399 
1160 967 968 1177 
1397 1398 1519 1520 
1395 1521 1522 1393 
1103 961 964 1102 
1394 1393 1522 1523 
1524 1327 1375 1441 
1525 1328 1327 1524 
1526 1376 1328 1525 
1527 1377 1376 1526 
1527 1528 1529 1530 
1530 1442 1379 1378 
1442 1531 1532 1443 
1443 1474 1381 1380 
1533 1361 1345 1476 
1533 1534 1362 1361 
1534 1535 1372 1362 
1535 1536 1471 1372 
1537 1538 1392 1391 
1539 1477 1353 1352 
1478 1540 1541 1479 
1542 1543 1544 1537 
1482 1545 1543 1542 
1545 1482 1481 1546 
1547 1546 1481 1480 
1548 1547 1480 1483 
1484 1549 1548 1483 
1550 1549 1484 1486 
1550 1486 1456 1551 
1552 1357 1356 1485 
1553 1358 1357 1552 
1455 1454 1554 1555 
1554 1454 1453 1556 
1557 1445 1446 1558 
1559 1560 1457 1458 
1459 1561 1559 1458 
1459 1460 1562 1561 
1451 1563 1564 1452 
1450 1565 1563 1451 
1565 1450 1487 1566 
1567 1449 1448 1568 
1461 1569 1562 1460 
1461 1462 1570 1569 
1571 1572 1463 1464 
1573 1571 1464 1465 
1465 1469 1574 1573 
1447 1575 1568 1448 
1488 1576 1575 1447 
1577 1576 1488 1467 
1553 1578 1360 1358 
1466 1579 1577 1467 
1472 1580 1579 1466 
1580 1472 1581 1582 
1578 1583 1468 1360 
1583 1578 1584 1585 
1583 1586 1470 1468 
1583 1585 1587 1586 
1536 1581 1472 1471 
1581 1536 1588 1589 
1590 1574 1469 1470 
1590 1470 1586 1591 
1592 1593 1407 1408 
1514 1406 1407 1593 
1508 1509 1416 1417 
1594 1595 1524 1441 
1596 1525 1524 1595 
1596 1597 1526 1525 
1528 1527 1526 1597 
1497 1428 1429 1496 
1529 1531 1442 1530 
1378 1377 1527 1530 
1532 1598 1474 1443 
1494 1431 1432 1493 
1599 1533 1476 1600 
1599 1601 1534 1533 
1602 1535 1534 1601 
1588 1536 1535 1602 
1482 1542 1390 1389 
1486 1484 1385 1384 
1456 1455 1555 1551 
1564 1556 1453 1452 
1341 1467 1488 1340 
1537 1391 1390 1542 
1603 1539 1538 1604 
1392 1538 1539 1352 
1603 1605 1477 1539 
1605 1540 1478 1477 
1606 1552 1485 1607 
1606 1608 1553 1552 
1608 1584 1578 1553 
1609 1610 1403 1404 
1611 1402 1403 1610 
1523 1522 1612 1613 
1521 1614 1612 1522 
1521 1615 1616 1614 
1617 1616 1615 1520 
1618 1617 1520 1519 
1519 1518 1619 1618 
1518 1517 1620 1619 
1621 1620 1517 1516 
1622 1621 1516 1611 
1622 1611 1610 1623 
1609 1624 1623 1610 
1625 1624 1609 1515 
1625 1515 1514 1626 
1514 1593 1627 1626 
1628 1627 1593 1592 
1629 1630 1628 1592 
1630 1629 1513 1631 
1632 1631 1513 1512 
1633 1634 1632 1512 
1635 1634 1633 1636 
1635 1636 1511 1637 
1636 1633 1412 1413 
1511 1510 1638 1637 
1509 1639 1638 1510 
1509 1508 1640 1639 
1507 1641 1640 1508 
1642 1641 1507 1506 
1642 1506 1505 1643 
1644 1643 1505 1504 
1644 1504 1503 1645 
1501 1646 1647 1502 
1648 1646 1501 1500 
1499 1649 1648 1500 
1650 1649 1499 1498 
1650 1498 1497 1651 
1496 1652 1651 1497 
1653 1652 1496 1495 
1653 1495 1494 1654 
1493 1655 1654 1494 
1656 1655 1493 1492 
1656 1492 1491 1657 
1491 1490 1658 1657 
1489 1659 1658 1490 
1660 1661 1659 1489 
1660 1662 1663 1661 
1663 1662 1664 1665 
1666 1594 1441 1440 
1667 1473 1474 1598 
1668 1475 1473 1667 
1668 1600 1476 1475 
1601 1599 1669 1670 
1602 1671 1672 1588 
1589 1588 1672 1673 
1543 1674 1675 1544 
1543 1545 1676 1674 
1677 1676 1545 1546 
1547 1678 1677 1546 
1679 1678 1547 1548 
1549 1680 1679 1548 
1549 1550 1681 1680 
1551 1682 1681 1550 
1682 1551 1555 1683 
1684 1554 1556 1685 
1686 1685 1556 1564 
1687 1686 1564 1563 
1687 1563 1565 1688 
1689 1688 1565 1566 
1690 1689 1566 1567 
1690 1567 1568 1691 
1575 1692 1691 1568 
1692 1575 1576 1693 
1576 1577 1694 1693 
1695 1579 1580 1696 
1696 1580 1582 1697 
1697 1582 1698 1699 
1589 1698 1582 1581 
1698 1589 1673 1700 
1541 1607 1485 1479 
1584 1701 1702 1585 
1587 1703 1591 1586 
1704 1557 1558 1705 
1457 1560 1558 1446 
1560 1559 1706 1707 
1706 1559 1561 1708 
1709 1562 1569 1710 
1711 1710 1569 1570 
1572 1712 1711 1570 
1572 1571 1713 1712 
1714 1713 1571 1573 
1714 1573 1574 1715 
1716 1590 1591 1717 
1703 1718 1717 1591 
1577 1579 1695 1694 
1567 1566 1487 1449 
1483 1480 1386 1387 
1675 1719 1604 1544 
1720 1603 1604 1719 
1720 1721 1605 1603 
1722 1701 1584 1608 
1558 1560 1707 1705 
1463 1572 1570 1462 
1723 1724 1594 1666 
1724 1725 1595 1594 
1726 1596 1595 1725 
1727 1597 1596 1726 
1728 1529 1528 1729 
1728 1730 1531 1529 
1731 1532 1531 1730 
1731 1732 1598 1532 
1733 1667 1598 1732 
1733 1734 1668 1667 
1574 1590 1716 1715 
1636 1413 1414 1511 
1512 1411 1412 1633 
1489 1436 1437 1660 
1662 1438 1439 1664 
1518 1519 1398 1399 
1619 1620 854 855 
1693 1694 1735 1736 
1692 1693 1736 1737 
1691 1692 1737 1738 
1690 1691 1738 1739 
1689 1740 1741 1688 
1687 1742 1743 1686 
1685 1744 1745 1684 
1555 1554 1684 1683 
1683 1684 1745 1746 
1682 1747 1748 1681 
1680 1749 1750 1679 
1677 1751 1752 1676 
1720 1753 1754 1721 
1721 1755 1540 1605 
1755 1721 1754 1756 
1757 1541 1540 1755 
1757 1758 1607 1541 
1701 1722 1759 1760 
1702 1701 1760 1761 
1762 1587 1585 1702 
1702 1761 1763 1762 
1707 1764 1765 1705 
1766 1764 1707 1706 
1766 1706 1708 1767 
1767 1708 1709 1768 
1768 1709 1710 1769 
1769 1710 1711 1770 
1770 1711 1712 1771 
1772 1771 1712 1713 
1713 1714 1773 1772 
1724 1774 1775 1725 
1732 1776 1777 1733 
1734 1778 1600 1668 
1778 1734 1779 1780 
1669 1599 1600 1778 
1669 1778 1780 1781 
1670 1782 1783 1671 
1671 1783 1784 1672 
1673 1672 1784 1785 
1786 1787 1696 1697 
1673 1785 1788 1700 
1789 1786 1697 1699 
1699 1790 1791 1789 
1700 1790 1699 1698 
1700 1788 1792 1790 
1793 1773 1714 1715 
1716 1794 1793 1715 
1717 1795 1794 1716 
1762 1796 1703 1587 
1796 1762 1763 1797 
1718 1798 1795 1717 
1798 1718 1799 1800 
1796 1799 1718 1703 
1799 1796 1797 1801 
846 845 1641 1642 
835 848 1638 1639 
1611 1516 1401 1402 
867 854 1620 1621 
1637 847 849 1635 
1632 1634 815 816 
1628 820 819 1627 
853 867 1621 1622 
853 1622 1623 851 
1618 825 826 1617 
858 859 1613 1612 
861 860 1663 1665 
1661 831 834 1659 
1630 850 820 1628 
850 1630 1631 863 
864 852 1624 1625 
1614 857 858 1612 
1615 1396 1397 1520 
1492 1433 1434 1491 
1657 1658 865 868 
1652 839 841 1651 
840 839 1652 1653 
844 1647 1646 843 
838 837 1654 1655 
1656 862 838 1655 
1645 1647 844 809 
1503 1502 1647 1645 
1504 1421 1422 1503 
290 289 1643 1644 
842 805 1649 1650 
1722 1608 1606 1802 
1803 1729 1727 1804 
1805 1804 1727 1726 
1748 1749 1680 1681 
1751 1677 1678 1806 
1752 1807 1674 1676 
1808 1809 1758 1757 
1750 1806 1678 1679 
1746 1747 1682 1683 
1561 1562 1709 1708 
1810 1774 1724 1723 
1739 1740 1689 1690 
1743 1744 1685 1686 
1742 1687 1688 1741 
1811 1735 1694 1695 
1812 1813 1719 1675 
1781 1782 1670 1669 
1753 1720 1719 1813 
1809 1814 1802 1758 
1607 1758 1802 1606 
1814 1759 1722 1802 
1500 1501 1423 1425 
1777 1779 1734 1733 
1803 1815 1728 1729 
1729 1528 1597 1727 
1815 1816 1730 1728 
1816 1817 1731 1730 
1776 1732 1731 1817 
855 825 1618 1619 
1499 1426 1427 1498 
1657 868 862 1656 
1659 834 865 1658 
1663 860 831 1661 
1617 826 856 1616 
1624 852 851 1623 
1629 1592 1408 1409 
1631 1632 816 863 
1635 849 815 1634 
848 847 1637 1638 
836 835 1639 1640 
1641 845 836 1640 
1506 1507 1418 1419 
290 1644 1645 809 
806 843 1646 1648 
1662 1660 1437 1438 
856 857 1614 1616 
866 864 1625 1626 
1410 1513 1629 1409 
1643 289 846 1642 
840 1653 1654 837 
819 866 1626 1627 
1648 1649 805 806 
1812 1675 1674 1807 
1452 1333 1334 1451 
1245 1246 1134 1133 
1357 1256 1275 1356 
1515 1609 1404 1405 
1671 1602 1601 1670 
1091 1196 987 986 
1544 1604 1538 1537 
1355 1249 1248 1354 
1808 1757 1755 1756 
1188 978 979 1154 
842 1650 1651 841 
1775 1805 1726 1725 
1521 1395 1396 1615 
1801 1818 1800 1799 
1787 1811 1695 1696 
1819 1791 1790 1792 
1820 1821 1822 
1823 1824 1825 
1826 1827 1828 
1829 1830 1831 
1832 1833 1834 
1835 1836 1837 
1838 1839 1840 
1841 1842 1843 
1844 1845 1846 
1847 1848 1849 
1850 1845 1851 
1852 1853 1854 
1855 1856 1857 
1858 1859 1834 
1860 1861 1862 
1863 1864 1865 
1866 1867 1848 
1868 1869 1859 
1870 1871 1872 
1873 1874 1875 
1876 1877 1822 
1878 1879 1880 
1881 1882 1883 
1884 1885 1886 
1887 1885 1884 
1871 1888 1889 
1890 1891 1892 
1893 1894 1895 
1895 1896 1897 
1898 1899 1900 
1901 1902 1903 
1904 1873 1905 
1896 1906 1907 
1908 1909 1910 
1911 1912 1913 
1914 1915 1916 
1917 1918 1919 
1908 1920 1921 
1922 1923 1924 
1925 1926 1927 
1928 1929 1930 
1924 1931 1917 
1906 1932 1933 
1922 1934 1907 
1935 1936 1937 
1938 1939 1940 
1929 1941 1942 
1916 1943 1944 
1945 1946 1947 
1931 1948 1949 
1950 1951 1952 
1953 1954 1955 
1956 1957 1958 
1933 1959 1938 
1943 1960 1961 
1936 1962 1932 
1963 1949 1964 
1965 1966 1967 
1968 1969 1970 
1971 1972 1973 
1974 1975 1976 
1977 1978 1962 
1939 1979 1980 
1981 1982 1983 
1984 1985 1986 
1985 1987 1986 
1988 1950 1952 
1989 1990 1991 
1992 1993 1994 
1995 1996 1958 
1997 1998 1993 
1999 2000 2001 
1991 2002 2003 
1980 2004 2005 
2001 2006 2007 
2008 2009 2002 
2008 2010 2011 
2012 2013 2004 
2012 2014 2015 
2016 2017 2018 
2019 2016 2020 
2021 2022 2023 
2018 2024 2025 
2026 2027 2028 
2029 2030 2031 
2032 2033 2034 
2035 2036 2037 
2038 2039 2040 
2041 2042 2043 
2044 2045 2046 
2047 2048 2049 
2050 2051 2052 
2053 2054 2055 
2056 2057 2058 
2059 2060 2061 
2062 2063 2064 
2009 2065 2066 
2013 2067 2068 
2069 2070 2071 
2072 2073 2074 
2075 2076 2077 
2078 2033 2032 
2079 2045 2044 
2071 2070 2080 
2074 2073 2081 
2062 2064 2082 
2083 2084 2085 
2086 2087 2088 
2087 2089 2088 
2090 2050 2052 
2091 2058 2057 
2092 2093 2094 
2075 2095 2076 
2048 2096 2049 
2097 2098 2099 
2100 2097 2099 
2101 2031 2030 
2102 2103 2104 
2038 2040 2105 
2106 2107 2108 
2036 2109 2037 
2110 1818 2080 
2081 2111 1819 
2112 2102 2104 
2107 2113 2108 
2114 2115 2116 2117 
1942 2118 1930 1929 
1938 1940 1948 1923 
2119 2120 1826 2121 
2116 2122 2123 2117 
2124 1823 1833 2123 
2125 2126 1834 1833 
2127 1864 2128 2129 
2130 1865 1864 2127 
1846 2126 2131 1831 
1831 1830 1844 1846 
2119 2132 2124 2120 
1828 2133 1905 1847 
2134 2135 1841 1843 
2123 1833 1832 2117 
1826 1828 2136 2121 
1826 2120 2122 1827 
2132 1824 1823 2124 
1823 1825 2125 1833 
2122 2120 2124 2123 
1830 2137 2138 2139 
2139 2138 2140 2141 
2141 2140 2142 2143 
2143 2142 1863 1865 
2144 2145 2146 2147 
2146 2148 2149 2150 
2151 2150 2128 2152 
2129 1821 2153 2127 
2153 2154 2130 2127 
2155 1821 2129 2149 
2156 2155 2149 2148 
2156 2148 2157 2158 
2158 2157 2159 2160 
1828 1827 2161 2133 
2114 1901 2162 2115 
1835 2154 2163 1836 
2153 2164 2163 2154 
2165 2166 1829 2167 
1843 2168 2169 2134 
2116 2115 1857 2161 
2161 1827 2122 2116 
2138 2170 1880 2140 
1844 2171 1852 1845 
2139 2171 1844 1830 
2117 1832 2172 2114 
1820 2164 2153 1821 
1821 2155 2173 1822 
1820 2174 2175 2164 
2137 1830 1829 2166 
1848 1839 1838 1849 
2166 2165 2176 1862 
2176 2165 2177 2178 
1847 1849 2136 1828 
2167 2125 1825 2165 
1846 1858 1834 2126 
2143 2154 1835 2141 
2142 2140 1880 1879 
2142 1879 2179 1863 
2152 1863 2179 2180 
2129 2128 2150 2149 
1863 2152 2128 1864 
2151 2181 2182 2147 
2148 2146 2145 2157 
2135 2183 1892 1891 
2146 2150 2151 2147 
2144 2184 1890 1892 
1847 1905 1866 1848 
1904 1905 2133 2161 
1856 1904 2161 1857 
2185 2156 2158 2186 
2186 2158 2160 2187 
2185 2173 2155 2156 
2183 2145 2144 1892 
2169 2188 2187 2160 
2188 2169 2168 1870 
2168 2189 2190 1870 
1839 2191 1883 1840 
1866 1905 1873 2192 
2141 1835 2171 2139 
2154 2143 1865 2130 
1837 1852 2171 1835 
1837 1836 2193 2194 
1856 1900 2195 1904 
1856 1855 2196 1900 
1832 1834 1859 2172 
2162 1855 1857 2115 
2125 2167 2131 2126 
2165 1825 1824 2177 
2137 2166 1862 1861 
1860 2197 2170 1861 
2170 2197 1878 1880 
2181 2151 2152 2180 
2180 2179 2198 2199 
2182 2184 2144 2147 
2181 2200 2201 2182 
2202 2173 2185 2203 
1877 2174 1820 1822 
2204 2203 2185 2186 
2204 2186 2187 2205 
1850 1868 1859 1858 
1867 2191 1839 1848 
2189 2168 1843 1842 
2195 1874 1873 1904 
1874 2195 1900 1899 
1822 2173 2202 1876 
2203 2204 1925 1893 
2201 2206 2184 2182 
1893 1895 2202 2203 
2172 1859 1869 2207 
1868 2208 2209 2210 
2208 1868 1850 1851 
2208 1851 1854 2211 
2188 2212 2205 2187 
2188 1870 1872 2212 
2159 2134 2169 2160 
2159 2183 2135 2134 
1883 2191 1884 1881 
1884 2191 1867 2213 
2114 2172 2207 1901 
2214 2176 2178 2215 
1829 1831 2131 2167 
1854 1853 2216 2211 
2217 2216 1853 2194 
2194 2193 2218 2217 
2219 2218 2193 2220 
2175 2221 2219 2220 
2222 2221 2175 2174 
2222 2174 1877 2223 
2200 2181 2180 2199 
1855 2162 2224 2196 
1900 2196 2225 1898 
1879 1878 2198 2179 
1846 1845 1850 1858 
2214 1860 1862 2176 
2159 2157 2145 2183 
2224 2162 1901 1903 
1874 1899 1915 1914 
1899 1898 1960 1915 
1874 1914 2226 1875 
1884 2213 2227 1887 
1871 1870 2190 2228 
2213 2192 1912 2227 
1901 2207 2229 1902 
2212 2230 2231 2205 
2205 2231 1925 2204 
2207 1869 2232 2229 
1845 1852 1854 1851 
1861 2170 2138 2137 
2209 2208 2211 2233 
2233 2211 2216 2234 
2216 2217 2235 2234 
1918 2235 2217 2218 
1919 1918 2218 2219 
1919 2219 2221 2236 
2221 2222 1934 2236 
2223 1907 1934 2222 
2223 1897 1896 1907 
1895 1894 2237 1896 
2224 1903 1910 1909 
2237 1894 1927 2238 
1836 2163 2220 2193 
2194 1853 1852 1837 
1875 1912 2192 1873 
1909 2225 2196 2224 
1898 2225 2239 1960 
2225 1909 1908 1921 
1910 1903 1902 2118 
1927 1894 1893 1925 
1925 2231 2240 1926 
2230 1953 2240 2231 
2230 2241 2242 1953 
1886 2243 1881 1884 
2244 1882 1881 2243 
1886 2245 2246 2243 
1897 2223 1877 1876 
1907 1906 1933 1922 
2220 2163 2164 2175 
1918 1917 1947 2235 
2234 1950 2247 2233 
2232 1869 1868 2210 
2209 1968 2248 2210 
1930 2118 1902 2229 
1927 1926 2249 2238 
1937 1906 1896 2237 
2246 2250 2244 2243 
1915 1960 1943 1916 
2251 1961 1960 2239 
2252 2249 1926 2240 
1950 1947 1946 1951 
2230 2212 1872 2241 
1950 2234 2235 1947 
2228 2253 1888 1871 
2213 1867 1866 2192 
2254 2255 2250 2246 
2246 2245 2256 2254 
2256 2245 2257 2258 
2257 2259 2260 2258 
2259 2261 2262 2260 
2261 1911 2263 2262 
1911 1913 2264 2263 
2226 2265 2264 1913 
2238 2266 2267 1935 
2266 2238 2249 2268 
1928 1930 2229 2232 
1928 2248 2269 1929 
2209 2233 2247 1968 
1917 1931 1945 1947 
2270 1920 1908 1910 
2270 1910 2118 2271 
1932 1906 1937 1936 
2238 1935 1937 2237 
1956 1921 1920 1957 
1921 2251 2239 2225 
2248 1928 2232 2210 
1929 2269 2272 1941 
2273 2267 2266 2268 
2249 2252 2274 2268 
1942 2275 2271 2118 
1916 2265 2226 1914 
2226 1913 1912 1875 
2264 2265 2276 1983 
2269 1970 2277 2272 
1970 1969 2278 2277 
1969 2279 1976 2278 
2279 1988 2280 1976 
1988 1952 2281 2280 
1952 1951 2282 2281 
2274 2252 1955 1971 
1895 1897 1876 2202 
1955 1954 2283 1971 
1954 2284 2285 2283 
2227 1912 1911 2261 
2259 2257 1885 1887 
2259 1887 2227 2261 
2245 1886 1885 2257 
1959 1933 1932 1962 
1934 1922 1924 2236 
1949 1965 1945 1931 
1948 1931 1924 1923 
1936 2286 1977 1962 
1964 1949 1948 1940 
1938 1959 1979 1939 
1944 2276 2265 1916 
1889 2241 1872 1871 
1986 2262 2263 2287 
2288 2287 1983 1982 
2289 2290 1943 1961 
2289 2291 1989 1991 
2292 1944 1943 2290 
2267 2286 1936 1935 
2267 2273 2007 2286 
1941 2293 1997 2294 
2286 2295 2296 1977 
2275 2297 2270 2271 
2298 1995 2297 2275 
2299 2274 1971 1973 
2290 2289 1991 2003 
2291 2289 1961 2251 
2300 1946 1945 1965 
1940 1939 1980 2005 
2272 2301 2293 1941 
2277 2278 2302 2303 
2303 2301 2272 2277 
2278 1976 1975 2302 
1983 2287 2263 2264 
2304 2254 2256 2305 
2256 2258 2306 2305 
2283 2307 1972 1971 
2283 2285 2308 2307 
2284 1954 1953 2242 
2282 1951 1946 2300 
1976 2280 2309 1974 
2280 2281 2310 2309 
1962 1978 1979 1959 
1955 2252 2240 1953 
2311 2306 2258 2260 
1986 2311 2260 2262 
2005 2312 1964 1940 
1979 1978 2313 1980 
2292 2314 2315 2316 
1983 2276 2316 1981 
2288 1984 1986 2287 
1984 2288 2317 2318 
2319 2268 2274 2299 
2319 1999 2273 2268 
2320 1999 2319 2299 
1963 1966 1965 1949 
1967 2321 2300 1965 
2321 2322 2282 2300 
2310 2281 2282 2322 
2309 2323 2324 1974 
1988 2279 2247 1950 
2301 2303 2325 2326 
2294 2275 1942 1941 
2293 2301 2326 1997 
1923 1922 1933 1938 
1989 1958 1996 1990 
1995 1958 1957 2297 
2294 1992 2298 2275 
2269 2248 1968 1970 
2007 2273 1999 2001 
2006 2295 2286 2007 
2296 2295 2006 2327 
2313 1978 2328 2329 
2255 2254 2304 2330 
1967 2331 2332 2321 
1966 2333 2331 1967 
2334 2335 2310 2322 
1996 2336 2337 1990 
2298 1992 1994 1995 
1994 2338 2339 2340 
1997 2326 2341 1998 
1993 2342 2338 1994 
1994 2340 1996 1995 
2338 2342 2343 2339 
2344 2328 2296 2327 
2327 2006 2345 2346 
2001 2347 2345 2006 
2345 2347 2348 2346 
2349 2000 1999 2320 
2350 2351 2349 2320 
2352 2351 2350 2353 
2354 2017 2352 2353 
2355 2356 2017 2354 
2357 2358 2359 2360 
2357 2318 2361 2358 
2292 2316 2276 1944 
2318 2317 2362 2361 
2317 2363 2364 2362 
2363 2365 2366 2364 
2365 2315 2367 2366 
2314 2368 2367 2315 
2003 2002 2368 2314 
1968 2247 2279 1969 
2326 2325 2369 2341 
2325 2370 2371 2369 
2370 2372 2373 2371 
2372 2324 2374 2373 
2324 2323 2375 2374 
2323 2335 2376 2375 
2334 2332 2377 2378 
2379 2377 2332 2331 
2333 2380 2379 2331 
2381 2382 2380 2333 
2312 2383 2382 2381 
2381 2333 1966 1963 
1991 1990 2008 2002 
1980 2313 2012 2004 
1924 1917 1919 2236 
1920 2270 2297 1957 
2384 2010 2337 2336 
1990 2337 2010 2008 
2339 2385 2384 2340 
2313 2329 2014 2012 
2344 2014 2329 2328 
2000 2386 2347 2001 
1998 2387 2342 1993 
2350 1973 1972 2353 
2059 2386 2000 2349 
2059 2349 2351 2037 
2353 1972 2307 2354 
2352 2388 2037 2351 
2016 2388 2352 2017 
2104 2387 1998 2341 
2369 2099 2104 2341 
2371 2030 2099 2369 
2030 2371 2373 2026 
2372 2370 2302 1975 
2372 1975 1974 2324 
2374 2375 2038 2032 
2374 2032 2026 2373 
2335 2334 2378 2376 
2376 2378 2048 2108 
2379 2044 2022 2377 
2389 2044 2379 2380 
2380 2382 2084 2389 
2383 2062 2084 2382 
2004 2013 2062 2383 
2356 2053 2018 2017 
2354 2307 2308 2355 
2358 2041 2390 2359 
2075 2041 2358 2361 
2362 2094 2075 2361 
2362 2364 2057 2094 
2317 2288 1982 2363 
2364 2366 2391 2057 
2366 2367 2050 2391 
2002 2009 2088 2368 
2342 2387 2392 2343 
2012 2015 2067 2013 
2346 2393 2344 2327 
1958 1989 2291 1956 
2385 2072 2010 2384 
2365 1981 2316 2315 
2360 1987 1985 2357 
2335 2323 2309 2310 
2325 2303 2302 2370 
2375 2376 2108 2038 
1996 2340 2384 2336 
2003 2314 2292 2290 
2393 2346 2348 2394 
2395 2391 2050 2090 
2037 2388 2396 2035 
2041 2075 2077 2042 
2085 2084 2062 2082 
2378 2377 2022 2048 
1984 2318 2357 1985 
2365 2363 1982 1981 
2104 2103 2397 2387 
1964 2312 2381 1963 
2004 2383 2312 2005 
2011 2065 2009 2008 
2010 2072 2074 2011 
2343 2398 2385 2339 
2343 2392 2399 2398 
2348 2400 2401 2394 
2043 2402 2390 2041 
2075 2094 2093 2095 
2034 2027 2026 2032 
2393 2069 2014 2344 
2022 2044 2046 2023 
2389 2403 2079 2044 
2404 2070 2069 2393 
2074 2405 2065 2011 
2394 2110 2404 2393 
2110 2394 2401 2406 
2401 2400 2407 2408 
2398 2111 2409 2385 
2013 2068 2063 2062 
2410 2411 2068 2067 
2009 2066 2086 2088 
2064 2412 2413 2082 
2083 2403 2389 2084 
2082 2413 2414 2085 
2415 2416 2399 2392 
2417 2416 2415 2397 
2417 2397 2103 2418 
2387 2397 2415 2392 
2103 2102 2419 2418 
2102 2112 2420 2419 
2112 2098 2421 2420 
2098 2112 2104 2099 
2422 2421 2098 2097 
2029 2031 2423 2424 
2100 2099 2030 2029 
2101 2028 2425 2426 
2427 2422 2097 2100 
2028 2027 2428 2425 
2426 2423 2031 2101 
2027 2034 2429 2428 
2033 2430 2429 2034 
2431 2430 2033 2078 
2105 2432 2431 2078 
2432 2105 2040 2433 
2040 2039 2434 2433 
2039 2113 2435 2434 
2113 2107 2436 2435 
2332 2334 2322 2321 
2107 2106 2437 2436 
2438 2437 2106 2047 
2021 2023 2439 2440 
2441 2442 2049 2096 
2023 2046 2443 2439 
2048 2022 2021 2096 
2045 2444 2443 2046 
2088 2089 2051 2050 
2051 2089 2445 2446 
2091 2057 2391 2395 
2094 2057 2056 2092 
2056 2447 2448 2092 
2092 2448 2449 2093 
2095 2093 2449 2450 
2076 2095 2450 2451 
2407 2452 2453 2408 
2452 2061 2454 2453 
2061 2060 2455 2454 
2060 2109 2456 2455 
2109 2060 2059 2037 
2109 2036 2457 2456 
2036 2035 2458 2457 
2035 2396 2459 2458 
2396 2019 2460 2459 
2461 2460 2019 2020 
2025 2462 2461 2020 
2463 2462 2025 2024 
2055 2464 2463 2024 
2055 2054 2465 2464 
2053 2055 2024 2018 
2091 2466 2467 2058 
2395 2468 2466 2091 
2090 2469 2468 2395 
2052 2470 2469 2090 
2442 2438 2047 2049 
2471 2472 2087 2086 
2445 2089 2087 2472 
2470 2052 2051 2446 
2101 2030 2026 2028 
2073 2409 2111 2081 
2081 2473 2405 2074 
2071 2410 2067 2015 
2070 2404 2110 2080 
2412 2064 2063 2474 
2410 2475 2476 2411 
2477 2083 2085 2414 
2478 2403 2083 2477 
2478 2479 2079 2403 
2399 2480 2111 2398 
2416 2481 2480 2399 
2482 2481 2416 2417 
2482 2417 2418 2483 
2418 2419 2484 2483 
2419 2420 2485 2484 
2421 2486 2485 2420 
2487 2486 2421 2422 
2488 2487 2422 2427 
2488 2427 2424 2489 
2489 2424 2423 2490 
2423 2426 2491 2490 
2425 2428 2492 2493 
2493 2491 2426 2425 
2428 2429 2494 2492 
2429 2430 2495 2494 
2430 2431 2496 2495 
2432 2497 2496 2431 
2433 2498 2497 2432 
2433 2434 2499 2498 
2434 2435 2500 2499 
2435 2436 2501 2500 
2437 2438 2502 2503 
2504 2505 2442 2441 
2506 2504 2441 2440 
2506 2440 2439 2507 
2439 2443 2508 2507 
2479 2444 2045 2079 
2444 2509 2508 2443 
2405 2510 2066 2065 
2471 2086 2066 2510 
2446 2511 2512 2470 
2467 2447 2056 2058 
2447 2513 2514 2448 
2451 2515 2077 2076 
2368 2088 2050 2367 
2516 2043 2042 2517 
2518 2402 2043 2516 
2401 2408 2519 2406 
2408 2453 2520 2519 
2453 2454 2521 2520 
2522 2521 2454 2455 
2457 2458 2523 2524 
2524 2525 2456 2457 
2458 2459 2526 2523 
2459 2460 2527 2526 
2460 2461 2528 2527 
2462 2529 2528 2461 
2530 2529 2462 2463 
2464 2531 2530 2463 
2531 2464 2465 2532 
2400 2348 2347 2386 
2452 2407 2400 2386 
2080 2475 2410 2071 
2014 2069 2071 2015 
2039 2038 2108 2113 
2038 2105 2078 2032 
2525 2522 2455 2456 
2019 2396 2388 2016 
2533 2449 2448 2514 
2533 2534 2450 2449 
2534 2535 2451 2450 
2535 2536 2515 2451 
2537 2516 2517 2538 
2539 2518 2516 2537 
2077 2515 2517 2042 
2540 2414 2413 2541 
2542 2477 2414 2540 
2543 2478 2477 2542 
2474 2544 2545 2412 
2411 2476 2544 2474 
2452 2386 2059 2061 
2110 2406 1800 1818 
2475 2080 1818 1801 
1791 2480 2481 1789 
1789 2481 2482 1786 
2482 2483 1787 1786 
2483 2484 1811 1787 
1736 2486 2487 1737 
2487 2488 1738 1737 
1738 2488 2489 1739 
2489 2490 1740 1739 
2490 2491 1741 1740 
2424 2427 2100 2029 
1743 1742 2493 2492 
1744 1743 2492 2494 
1744 2494 2495 1745 
2495 2496 1746 1745 
2498 1748 1747 2497 
2498 2499 1749 1748 
1749 2499 2500 1750 
1750 2500 2501 1806 
2501 2503 1751 1806 
2503 2502 1752 1751 
2502 2505 1807 1752 
1812 1807 2505 2504 
1813 1812 2504 2506 
1813 2506 2507 1753 
1753 2507 2508 1754 
1754 2508 2509 1756 
2509 2546 1808 1756 
2546 2543 1809 1808 
2543 2542 1814 1809 
2541 2413 2412 2545 
2541 2545 1761 1760 
2547 2510 2405 2473 
2409 2073 2072 2385 
2548 2471 2510 2547 
2548 1785 1784 2549 
2550 2445 2472 2549 
2550 2549 1784 1783 
2550 2511 2446 2445 
2512 2551 2469 2470 
2512 2511 1782 1781 
2552 2468 2469 2551 
2553 2554 2467 2466 
2554 2553 1777 1776 
2554 2513 2447 2467 
2514 1816 1815 2533 
2538 2517 2515 2536 
2538 2536 1805 1775 
2537 1774 1810 2539 
2406 2519 1798 1800 
2519 2520 1795 1798 
2520 2521 1794 1795 
1793 2522 2525 1773 
2524 1772 1773 2525 
1772 2524 2523 1771 
2523 2526 1770 1771 
2527 1769 1770 2526 
1769 2527 2528 1768 
2529 1767 1768 2528 
1767 2529 2530 1766 
1766 2530 2531 1764 
2025 2020 2016 2018 
2531 2532 1765 1764 
1803 1804 2535 2534 
1804 1805 2536 2535 
1815 1803 2534 2533 
1779 2552 2551 1780 
2471 2548 2549 2472 
1779 1777 2553 2552 
2466 2468 2552 2553 
1797 2476 2475 1801 
2473 1792 1788 2547 
1819 1792 2473 2081 
2484 2485 1735 1811 
2485 2486 1736 1735 
1776 1817 2513 2554 
1781 1780 2551 2512 
1746 2496 2497 1747 
2521 2522 1793 1794 
2491 2493 1742 1741 
1763 1761 2545 2544 
2503 2501 2436 2437 
2438 2442 2505 2502 
2440 2441 2096 2021 
2540 2541 1760 1759 
2546 2479 2478 2543 
2106 2108 2048 2047 
1788 1785 2548 2547 
1774 2537 2538 1775 
2296 2328 1978 1977 
2474 2063 2068 2411 
2350 2320 2299 1973 
2542 2540 1759 1814 
1817 1816 2514 2513 
2546 2509 2444 2479 
2111 2480 1791 1819 
1783 1782 2511 2550 
1763 2544 2476 1797 
1997 1993 1992 2294 
2291 2251 1921 1956 
</DataArray>
<DataArray type="Int32" Name="offsets" format="ascii">
3
6
9
12
15
18
21
24
27
30
33
36
39
42
45
48
51
54
57
60
63
66
70
74
78
82
86
90
94
98
102
106
110
114
118
122
126
130
134
138
142
146
150
154
158
162
166
170
174
178
182
186
190
194
198
202
206
210
214
218
222
226
230
234
238
242
246
250
254
258
262
266
270
274
278
282
286
290
294
298
302
306
310
314
318
322
326
330
334
338
342
346
350
354
358
362
366
370
374
378
382
386
390
394
398
402
406
410
414
418
422
426
430
434
438
442
446
450
454
458
462
466
470
474
478
482
486
490
494
498
502
506
510
514
518
522
526
530
534
538
542
546
550
554
558
562
566
570
574
578
582
586
590
594
598
602
606
610
614
618
622
626
630
634
638
642
646
650
654
658
662
666
670
674
678
682
686
690
694
698
702
706
710
714
718
722
726
730
734
738
742
746
750
754
758
762
766
770
774
778
782
786
790
794
798
802
806
810
814
818
822
826
830
834
838
842
846
850
854
858
862
866
870
874
878
882
886
890
894
898
902
906
910
914
918
922
926
930
934
938
942
946
950
954
958
962
966
970
974
978
982
986
990
994
998
1002
1006
1010
1014
1018
1022
1026
1030
1034
1038
1042
1046
1050
1054
1058
1062
1066
1070
1074
1078
1082
1086
1090
1094
1098
1102
1106
1110
1114
1118
1122
1126
1130
1134
1138
1142
1146
1150
1154
1158
1162
1166
1170
1174
1178
1182
1186
1190
1194
1198
1202
1206
1210
1214
1218
1222
1226
1230
1234
1238
1242
1246
1250
1254
1258
1262
1266
1270
1274
1278
1282
1286
1290
1294
1298
1302
1306
1310
1314
1318
1322
1326
1330
1334
1338
1342
1346
1350
1354
1358
1362
1366
1370
1374
1378
1382
1386
1390
1394
1398
1402
1406
1410
1414
1418
1422
1426
1430
1434
1438
1442
1446
1450
1454
1458
1462
1466
1470
1474
1478
1482
1486
1490
1494
1498
1502
1506
1510
1514
1518
1522
1526
1530
1534
1538
1542
1546
1550
1554
1558
1562
1566
1570
1574
1578
1582
1586
1590
1594
1598
1602
1606
1610
1614
1618
1622
1626
1630
1634
1638
1642
1646
1650
1654
1658
1662
1666
1670
1674
1678
1682
1686
1690
1694
1698
1702
1706
1710
1714
1718
1722
1726
1730
1734
1738
1742
1746
1750
1754
1758
1762
1766
1770
1774
1778
1782
1786
1790
1794
1798
1802
1806
1810
1814
1818
1822
1826
1830
1834
1838
1842
1846
1850
1854
1858
1862
1866
1870
1874
1878
1882
1886
1890
1894
1898
1902
1906
1910
1914
1918
1922
1926
1930
1934
1938
1942
1946
1950
1954
1958
1962
1966
1970
1974
1978
1982
1986
1990
1994
1998
2002
2006
2010
2014
2018
2022
2026
2030
2034
2038
2042
2046
2050
2054
2058
2062
2066
2070
2074
2078
2082
2086
2090
2094
2098
2102
2106
2110
2114
2118
2122
2126
2130
2134
2138
2142
2146
2150
2154
2158
2162
2166
2170
2174
2178
2182
2186
2190
2194
2198
2202
2206
2210
2214
2218
2222
2226
2230
2234
2238
2242
2246
2250
2254
2258
2262
2266
2270
2274
2278
2282
2286
2290
2294
2298
2302
2306
2310
2314
2318
2322
2326
2330
2334
2338
2342
2346
2350
2354
2358
2362
2366
2370
2374
2378
2382
2386
2390
2394
2398
2402
2406
2410
2414
2418
2422
2426
2430
2434
2438
2442
2446
2450
2454
2458
2462
2466
2470
2474
2478
2482
2486
2490
2494
2498
2502
2506
2510
2514
2518
2522
2526
2530
2534
2538
2542
2546
2550
2554
2558
2562
2566
2570
2574
2578
2582
2586
2590
2594
2598
2602
2606
2610
2614
2618
2622
2626
2630
2634
2638
2642
2646
2650
2654
2658
2662
2666
2670
2674
2678
2682
2686
2690
2694
2698
2702
2706
2710
2714
2718
2722
2726
2730
2734
2738
2742
2746
2750
2754
2758
2762
2766
2770
2774
2778
2782
2786
2790
2794
2798
2802
2806
2810
2814
2818
2822
2826
2830
2834
2838
2842
2846
2850
2854
2858
2862
2866
2870
2874
2878
2882
2886
2890
2894
2898
2902
2906
2910
2914
2918
2922
2926
2930
2934
2938
2942
2946
2950
2954
2958
2962
2966
2970
2974
2978
2982
2986
2990
2994
2998
3002
3006
3010
3014
3018
3022
3026
3030
3034
3038
3042
3046
3050
3054
3058
3062
3066
3070
3074
3078
3082
3086
3090
3094
3098
3102
3106
3110
3114
3118
3122
3126
3130
3134
3138
3142
3146
3150
3154
3158
3162
3166
3170
3174
3178
3182
3186
3190
3194
3198
3202
3206
3210
3214
3218
3222
3226
3230
3234
3238
3242
3246
3250
3254
3258
3262
3266
3270
3274
3278
3282
3286
3290
3294
3298
3302
3306
3310
3314
3318
3322
3326
3330
3334
3338
3342
3346
3350
3354
3358
3362
3366
3370
3374
3378
3382
3386
3390
3394
3398
3402
3406
3410
3414
3418
3422
3426
3430
3434
3438
3442
3446
3450
3454
3458
3462
3466
3470
3474
3478
3482
3486
3490
3494
3498
3502
3506
3510
3514
3518
3522
3526
3530
3534
3538
3542
3546
3550
3554
3558
3562
3566
3570
3574
3578
3582
3586
3590
3594
3598
3602
3606
3610
3614
3618
3622
3626
3630
3634
3638
3642
3646
3650
3654
3658
3662
3666
3670
3674
3678
3682
3686
3690
3694
3698
3702
3706
3710
3714
3718
3722
3726
3730
3734
3738
3742
3746
3750
3754
3758
3762
3766
3770
3774
3778
3782
3786
3790
3794
3798
3802
3806
3810
3814
3818
3822
3826
3830
3834
3838
3842
3846
3850
3854
3858
3862
3866
3870
3874
3878
3882
3886
3890
3894
3898
3902
3906
3910
3914
3918
3922
3926
3930
3934
3938
3942
3946
3950
3954
3958
3962
3966
3970
3974
3978
3982
3986
3990
3994
3998
4002
4006
4010
4014
4018
4022
4026
4030
4034
4038
4042
4046
4050
4054
4058
4062
4066
4070
4074
4078
4082
4086
4090
4094
4098
4102
4106
4110
4114
4118
4122
4126
4130
4134
4138
4142
4146
4150
4154
4158
4162
4166
4170
4174
4178
4182
4186
4190
4194
4198
4202
4206
4210
4214
4218
4222
4226
4230
4234
4238
4242
4246
4250
4254
4258
4262
4266
4270
4274
4278
4282
4286
4290
4294
4298
4302
4306
4310
4314
4318
4322
4326
4330
4334
4338
4342
4346
4350
4354
4358
4362
4366
4370
4374
4378
4382
4386
4390
4394
4398
4402
4406
4410
4414
4418
4422
4426
4430
4434
4438
4442
4446
4450
4454
4458
4462
4466
4470
4474
4478
4482
4486
4490
4494
4498
4502
4506
4510
4514
4518
4522
4526
4530
4534
4538
4542
4546
4550
4554
4558
4562
4566
4570
4574
4578
4582
4586
4590
4594
4598
4602
4606
4610
4614
4618
4622
4626
4630
4634
4638
4642
4646
4650
4654
4658
4662
4666
4670
4674
4678
4682
4686
4690
4694
4698
4702
4706
4710
4714
4718
4722
4726
4730
4734
4738
4742
4746
4750
4754
4758
4762
4766
4770
4774
4778
4782
4786
4790
4794
4798
4802
4806
4810
4814
4818
4822
4826
4830
4834
4838
4842
4846
4850
4854
4858
4862
4866
4870
4874
4878
4882
4886
4890
4894
4898
4902
4906
4910
4914
4918
4922
4926
4930
4934
4938
4942
4946
4950
4954
4958
4962
4966
4970
4974
4978
4982
4986
4990
4994
4998
5002
5006
5010
5014
5018
5022
5026
5030
5034
5038
5042
5046
5050
5054
5058
5062
5066
5070
5074
5078
5082
5086
5090
5094
5098
5102
5106
5110
5114
5118
5122
5126
5130
5134
5138
5142
5146
5150
5154
5158
5162
5166
5170
5174
5178
5182
5186
5190
5194
5198
5202
5206
5210
5214
5218
5222
5226
5230
5234
5238
5242
5246
5250
5254
5258
5262
5266
5270
5274
5278
5282
5286
5290
5294
5298
5302
5306
5310
5314
5318
5322
5326
5330
5334
5338
5342
5346
5350
5354
5358
5362
5366
5370
5374
5378
5382
5386
5390
5394
5398
5402
5406
5410
5414
5418
5422
5426
5430
5434
5438
5442
5446
5450
5454
5458
5462
5466
5470
5474
5478
5482
5486
5490
5494
5498
5502
5506
5510
5514
5518
5522
5526
5530
5534
5538
5542
5546
5550
5554
5558
5562
5566
5570
5574
5578
5582
5586
5590
5594
5598
5602
5606
5610
5614
5618
5622
5626
5630
5634
5638
5642
5646
5650
5654
5658
5662
5666
5670
5674
5678
5682
5686
5690
5694
5698
5702
5706
5710
5714
5718
5722
5726
5730
5734
5738
5742
5746
5750
5754
5758
5762
5766
5770
5774
5778
5782
5786
5790
5794
5798
5802
5806
5810
5814
5818
5822
5826
5830
5834
5838
5842
5846
5850
5854
5858
5862
5866
5870
5874
5878
5882
5886
5890
5894
5898
5902
5906
5910
5914
5918
5922
5926
5930
5934
5938
5942
5946
5950
5954
5958
5962
5966
5970
5974
5978
5982
5986
5990
5994
5998
6002
6006
6010
6014
6018
6022
6026
6030
6034
6038
6042
6046
6050
6054
6058
6062
6066
6070
6074
6078
6082
6086
6090
6094
6098
6102
6106
6110
6114
6118
6122
6126
6130
6134
6138
6142
6146
6150
6154
6158
6162
6166
6170
6174
6178
6182
6186
6190
6194
6198
6202
6206
6210
6214
6218
6222
6226
6230
6234
6238
6242
6246
6250
6254
6258
6262
6266
6270
6274
6278
6282
6286
6290
6294
6298
6302
6306
6310
6314
6318
6322
6326
6330
6334
6338
6342
6346
6350
6354
6358
6362
6366
6370
6374
6378
6382
6386
6390
6394
6398
6402
6406
6410
6414
6418
6422
6426
6430
6434
6438
6442
6446
6450
6454
6458
6462
6466
6470
6474
6478
6482
6486
6490
6494
6498
6502
6506
6510
6514
6518
6522
6526
6530
6534
6538
6542
6546
6550
6554
6558
6562
6566
6570
6574
6578
6582
6586
6590
6594
6598
6602
6606
6610
6614
6618
6622
6626
6630
6634
6638
6642
6646
6650
6654
6658
6662
6666
6670
6674
6678
6682
6686
6690
6694
6698
6702
6706
6710
6714
6718
6722
6726
6730
6734
6738
6742
6746
6750
6754
6758
6762
6766
6770
6774
6778
6782
6786
6790
6794
6798
6802
6806
6810
6814
6818
6822
6826
6830
6834
6838
6842
6846
6850
6854
6858
6862
6866
6870
6874
6878
6882
6886
6890
6894
6898
6902
6906
6910
6913
6916
6919
6922
6925
6928
6931
6934
6937
6940
6943
6946
6949
6952
6955
6958
6961
6964
6967
6970
6973
6976
6979
6982
6985
6988
6991
6994
6997
7000
7003
7006
7009
7012
7015
7018
7021
7024
7027
7030
7033
7036
7039
7042
7045
7048
7051
7054
7057
7060
7063
7066
7069
7072
7075
7078
7081
7084
7087
7090
7093
7096
7099
7102
7105
7108
7111
7114
7117
7120
7123
7126
7129
7132
7135
7138
7141
7144
7147
7150
7153
7156
7159
7162
7165
7168
7171
7174
7177
7180
7183
7186
7189
7192
7195
7198
7201
7204
7207
7210
7213
7216
7219
7222
7225
7228
7231
7234
7237
7240
7243
7246
7249
7252
7255
7258
7261
7264
7267
7270
7273
7276
7279
7282
7285
7289
7293
7297
7301
7305
7309
7313
7317
7321
7325
7329
7333
7337
7341
7345
7349
7353
7357
7361
7365
7369
7373
7377
7381
7385
7389
7393
7397
7401
7405
7409
7413
7417
7421
7425
7429
7433
7437
7441
7445
7449
7453
7457
7461
7465
7469
7473
7477
7481
7485
7489
7493
7497
7501
7505
7509
7513
7517
7521
7525
7529
7533
7537
7541
7545
7549
7553
7557
7561
7565
7569
7573
7577
7581
7585
7589
7593
7597
7601
7605
7609
7613
7617
7621
7625
7629
7633
7637
7641
7645
7649
7653
7657
7661
7665
7669
7673
7677
7681
7685
7689
7693
7697
7701
7705
7709
7713
7717
7721
7725
7729
7733
7737
7741
7745
7749
7753
7757
7761
7765
7769
7773
7777
7781
7785
7789
7793
7797
7801
7805
7809
7813
7817
7821
7825
7829
7833
7837
7841
7845
7849
7853
7857
7861
7865
7869
7873
7877
7881
7885
7889
7893
7897
7901
7905
7909
7913
7917
7921
7925
7929
7933
7937
7941
7945
7949
7953
7957
7961
7965
7969
7973
7977
7981
7985
7989
7993
7997
8001
8005
8009
8013
8017
8021
8025
8029
8033
8037
8041
8045
8049
8053
8057
8061
8065
8069
8073
8077
8081
8085
8089
8093
8097
8101
8105
8109
8113
8117
8121
8125
8129
8133
8137
8141
8145
8149
8153
8157
8161
8165
8169
8173
8177
8181
8185
8189
8193
8197
8201
8205
8209
8213
8217
8221
8225
8229
8233
8237
8241
8245
8249
8253
8257
8261
8265
8269
8273
8277
8281
8285
8289
8293
8297
8301
8305
8309
8313
8317
8321
8325
8329
8333
8337
8341
8345
8349
8353
8357
8361
8365
8369
8373
8377
8381
8385
8389
8393
8397
8401
8405
8409
8413
8417
8421
8425
8429
8433
8437
8441
8445
8449
8453
8457
8461
8465
8469
8473
8477
8481
8485
8489
8493
8497
8501
8505
8509
8513
8517
8521
8525
8529
8533
8537
8541
8545
8549
8553
8557
8561
8565
8569
8573
8577
8581
8585
8589
8593
8597
8601
8605
8609
8613
8617
8621
8625
8629
8633
8637
8641
8645
8649
8653
8657
8661
8665
8669
8673
8677
8681
8685
8689
8693
8697
8701
8705
8709
8713
8717
8721
8725
8729
8733
8737
8741
8745
8749
8753
8757
8761
8765
8769
8773
8777
8781
8785
8789
8793
8797
8801
8805
8809
8813
8817
8821
8825
8829
8833
8837
8841
8845
8849
8853
8857
8861
8865
8869
8873
8877
8881
8885
8889
8893
8897
8901
8905
8909
8913
8917
8921
8925
8929
8933
8937
8941
8945
8949
8953
8957
8961
8965
8969
8973
8977
8981
8985
8989
8993
8997
9001
9005
9009
9013
9017
9021
9025
9029
9033
9037
9041
9045
9049
9053
9057
9061
9065
9069
9073
9077
9081
9085
9089
9093
9097
9101
9105
9109
9113
9117
9121
9125
9129
9133
9137
9141
9145
9149
9153
9157
9161
9165
9169
9173
9177
9181
9185
9189
9193
9197
9201
9205
9209
9213
9217
9221
9225
9229
9233
9237
9241
9245
9249
9253
9257
9261
9265
9269
9273
9277
9281
9285
9289
9293
9297
9301
9305
9309
9313
9317
9321
9325
9329
9333
9337
9341
9345
9349
9353
9357
9361
9365
9369
9373
9377
9381
9385
9389
9393
9397
9401
9405
9409
9413
9417
9421
9425
9429
9433
9437
9441
9445
9449
9453
9457
9461
9465
9469
9473
9477
9481
9485
9489
9493
9497
9501
9505
9509
9513
9517
9521
9525
9529
9533
9537
9541
9545
9549
9553
9557
9561
9565
9569
9573
9577
9581
9585
9589
9593
9597
9601
9605
9609
9613
9617
9621
9625
9629
9633
9637
9641
9645
9649
9653
9657
9661
9665
9669
9673
9677
9681
9685
9689
9693
9697
9701
9705
9709
9713
9717
9721
9725
9729
9733
9737
9741
9745
9749
9753
9757
9761
9765
9769
9773
9777
9781
9785
9789
9793
9797
9801
9805
9809
9813
9817
9821
9825
9829
9833
9837
9841
9845
9849
9853
9857
9861
9865
9869
9873
9877
9881
9885
9889
9893
9897
9901
9905
9909
9913
9917
9921
9925
9929
9933
9937
9941
9945
9949
9953
9957
9961
9965
9969
9973
9977
9981
9985
9989
9993
9997
10001
</DataArray>
<DataArray type="UInt8" Name="types" format="ascii">
5
5
5
5
5
5
5
5
5
5
5
5
5
5
5
5
5
5
5
5
5
5
9
9
9
9
9
9
9
9
9
9
9
9
9
9
9
9
9
9
9
9
9
9
9
9
9
9
9
9
9
9
9
9
9
9
9
9
9
9
9
9
9
9
9
9
9
9
9
9
9
9
9
9
9
9
9
9
9
9
9
9
9
9
9
9
9
9
9
9
9
9
9
9
9
9
9
9
9
9
9
9
9
9
9
9
9
9
9
9
9
9
9
9
9
9
9
9
9
9
9
9
9
9
9
9
9
9
9
9
9
9
9
9
9
9
9
9
9
9
9
9
9
9
9
9
9
9
9
9
9
9
9
9
9
9
9
9
9
9
9
9
9
9
9
9
9
9
9
9
9
9
9
9
9
9
9
9
9
9
9
9
9
9
9
9
9
9
9
9
9
9
9
9
9
9
9
9
9
9
9
9
9
9
9
9
9
9
9
9
9
9
9
9
9
9
9
9
9
9
9
9
9
9
9
9
9
9
9
9
9
9
9
9
9
9
9
9
9
9
9
9
9
9
9
9
9
9
9
9
9
9
9
9
9
9
9
9
9
9
9
9
9
9
9
9
9
9
9
9
9
9
9
9
9
9
9
9
9
9
9
9
9
9
9
9
9
9
9
9
9
9
9
9
9
9
9
9
9
9
9
9
9
9
9
9
9
9
9
9
9
9
9
9
9
9
9
9
9
9
9
9
9
9
9
9
9
9
9
9
9
9
9
9
9
9
9
9
9
9
9
9
9
9
9
9
9
9
9
9
9
9
9
9
9
9
9
9
9
9
9
9
9
9
9
9
9
9
9
9
9
9
9
9
9
9
9
9
9
9
9
9
9
9
9
9
9
9
9
9
9
9
9
9
9
9
9
9
9
9
9
9
9
9
9
9
9
9
9
9
9
9
9
9
9
9
9
9
9
9
9
9
9
9
9
9
9
9
9
9
9
9
9
9
9
9
9
9
9
9
9
9
9
9
9
9
9
9
9
9
9
9
9
9
9
9
9
9
9
9
9
9
9
9
9
9
9
9
9
9
9
9
9
9
9
9
9
9
9
9
9
9
9
9
9
9
9
9
9
9
9
9
9
9
9
9
9
9
9
9
9
9
9
9
9
9
9
9
9
9
9
9
9
9
9
9
9
9
9
9
9
9
9
9
9
9
9
9
9
9
9
9
9
9
9
9
9
9
9
9
9
9
9
9
9
9
9
9
9
9
9
9
9
9
9
9
9
9
9
9
9
9
9
9
9
9
9
9
9
9
9
9
9
9
9
9
9
9
9
9
9
9
9
9
9
9
9
9
9
9
9
9
9
9
9
9
9
9
9
9
9
9
9
9
9
9
9
9
9
9
9
9
9
9
9
9
9
9
9
9
9
9
9
9
9
9
9
9
9
9
9
9
9
9
9
9
9
9
9
9
9
9
9
9
9
9
9
9
9
9
9
9
9
9
9
9
9
9
9
9
9
9
9
9
9
9
9
9
9
9
9
9
9
9
9
9
9
9
9
9
9
9
9
9
9
9
9
9
9
9
9
9
9
9
9
9
9
9
9
9
9
9
9
9
9
9
9
9
9
9
9
9
9
9
9
9
9
9
9
9
9
9
9
9
9
9
9
9
9
9
9
9
9
9
9
9
9
9
9
9
9
9
9
9
9
9
9
9
9
9
9
9
9
9
9
9
9
9
9
9
9
9
9
9
9
9
9
9
9
9
9
9
9
9
9
9
9
9
9
9
9
9
9
9
9
9
9
9
9
9
9
9
9
9
9
9
9
9
9
9
9
9
9
9
9
9
9
9
9
9
9
9
9
9
9
9
9
9
9
9
9
9
9
9
9
9
9
9
9
9
9
9
9
9
9
9
9
9
9
9
9
9
9
9
9
9
9
9
9
9
9
9
9
9
9
9
9
9
9
9
9
9
9
9
9
9
9
9
9
9
9
9
9
9
9
9
9
9
9
9
9
9
9
9
9
9
9
9
9
9
9
9
9
9
9
9
9
9
9
9
9
9
9
9
9
9
9
9
9
9
9
9
9
9
9
9
9
9
9
9
9
9
9
9
9
9
9
9
9
9
9
9
9
9
9
9
9
9
9
9
9
9
9
9
9
9
9
9
9
9
9
9
9
9
9
9
9
9
9
9
9
9
9
9
9
9
9
9
9
9
9
9
9
9
9
9
9
9
9
9
9
9
9
9
9
9
9
9
9
9
9
9
9
9
9
9
9
9
9
9
9
9
9
9
9
9
9
9
9
9
9
9
9
9
9
9
9
9
9
9
9
9
9
9
9
9
9
9
9
9
9
9
9
9
9
9
9
9
9
9
9
9
9
9
9
9
9
9
9
9
9
9
9
9
9
9
9
9
9
9
9
9
9
9
9
9
9
9
9
9
9
9
9
9
9
9
9
9
9
9
9
9
9
9
9
9
9
9
9
9
9
9
9
9
9
9
9
9
9
9
9
9
9
9
9
9
9
9
9
9
9
9
9
9
9
9
9
9
9
9
9
9
9
9
9
9
9
9
9
9
9
9
9
9
9
9
9
9
9
9
9
9
9
9
9
9
9
9
9
9
9
9
9
9
9
9
9
9
9
9
9
9
9
9
9
9
9
9
9
9
9
9
9
9
9
9
9
9
9
9
9
9
9
9
9
9
9
9
9
9
9
9
9
9
9
9
9
9
9
9
9
9
9
9
9
9
9
9
9
9
9
9
9
9
9
9
9
9
9
9
9
9
9
9
9
9
9
9
9
9
9
9
9
9
9
9
9
9
9
9
9
9
9
9
9
9
9
9
9
9
9
9
9
9
9
9
9
9
9
9
9
9
9
9
9
9
9
9
9
9
9
9
9
9
9
9
9
9
9
9
9
9
9
9
9
9
9
9
9
9
9
9
9
9
9
9
9
9
9
9
9
9
9
9
9
9
9
9
9
9
9
9
9
9
9
9
9
9
9
9
9
9
9
9
9
9
9
9
9
9
9
9
9
9
9
9
9
9
9
9
9
9
9
9
9
9
9
9
9
9
9
9
9
9
9
9
9
9
9
9
9
9
9
9
9
9
9
9
9
9
9
9
9
9
9
9
9
9
9
9
9
9
9
9
9
9
9
9
9
9
9
9
9
9
9
9
9
9
9
9
9
9
9
9
9
9
9
9
9
9
9
9
9
9
9
9
9
9
9
9
9
9
9
9
9
9
9
9
9
9
9
9
9
9
9
9
9
9
9
9
9
9
9
9
9
9
9
9
9
9
9
9
9
9
9
9
9
9
9
9
9
9
9
9
9
9
9
9
9
9
9
9
9
9
9
9
9
9
9
9
9
9
9
9
9
9
9
9
9
9
9
9
9
9
9
9
9
9
9
9
9
9
9
9
9
9
9
9
9
9
9
9
9
9
9
9
9
9
9
9
9
9
9
9
9
9
9
9
9
9
9
9
9
9
9
9
9
9
9
9
9
9
9
9
9
9
9
9
9
9
9
9
9
9
9
9
9
9
9
9
9
9
9
9
9
9
9
9
9
9
9
9
9
9
9
9
9
9
9
9
9
9
9
9
9
9
9
9
9
9
9
9
9
9
9
9
9
9
9
9
9
9
9
9
9
9
9
9
9
9
9
9
9
9
9
9
9
9
9
9
9
9
9
9
9
9
9
9
9
9
9
9
9
9
9
9
9
9
9
9
9
9
9
9
9
9
9
9
9
9
9
9
9
9
9
9
9
9
9
9
9
9
9
9
9
9
9
9
9
9
9
9
9
9
9
9
9
9
9
9
9
9
9
9
9
9
9
9
9
9
9
9
9
9
9
9
9
9
9
9
9
9
9
9
9
9
9
9
9
9
9
9
9
9
9
9
9
9
9
9
9
9
9
9
9
9
9
9
9
9
9
9
9
5
5
5
5
5
5
5
5
5
5
5
5
5
5
5
5
5
5
5
5
5
5
5
5
5
5
5
5
5
5
5
5
5
5
5
5
5
5
5
5
5
5
5
5
5
5
5
5
5
5
5
5
5
5
5
5
5
5
5
5
5
5
5
5
5
5
5
5
5
5
5
5
5
5
5
5
5
5
5
5
5
5
5
5
5
5
5
5
5
5
5
5
5
5
5
5
5
5
5
5
5
5
5
5
5
5
5
5
5
5
5
5
5
5
5
5
5
5
5
5
5
5
5
5
5
9
9
9
9
9
9
9
9
9
9
9
9
9
9
9
9
9
9
9
9
9
9
9
9
9
9
9
9
9
9
9
9
9
9
9
9
9
9
9
9
9
9
9
9
9
9
9
9
9
9
9
9
9
9
9
9
9
9
9
9
9
9
9
9
9
9
9
9
9
9
9
9
9
9
9
9
9
9
9
9
9
9
9
9
9
9
9
9
9
9
9
9
9
9
9
9
9
9
9
9
9
9
9
9
9
9
9
9
9
9
9
9
9
9
9
9
9
9
9
9
9
9
9
9
9
9
9
9
9
9
9
9
9
9
9
9
9
9
9
9
9
9
9
9
9
9
9
9
9
9
9
9
9
9
9
9
9
9
9
9
9
9
9
9
9
9
9
9
9
9
9
9
9
9
9
9
9
9
9
9
9
9
9
9
9
9
9
9
9
9
9
9
9
9
9
9
9
9
9
9
9
9
9
9
9
9
9
9
9
9
9
9
9
9
9
9
9
9
9
9
9
9
9
9
9
9
9
9
9
9
9
9
9
9
9
9
9
9
9
9
9
9
9
9
9
9
9
9
9
9
9
9
9
9
9
9
9
9
9
9
9
9
9
9
9
9
9
9
9
9
9
9
9
9
9
9
9
9
9
9
9
9
9
9
9
9
9
9
9
9
9
9
9
9
9
9
9
9
9
9
9
9
9
9
9
9
9
9
9
9
9
9
9
9
9
9
9
9
9
9
9
9
9
9
9
9
9
9
9
9
9
9
9
9
9
9
9
9
9
9
9
9
9
9
9
9
9
9
9
9
9
9
9
9
9
9
9
9
9
9
9
9
9
9
9
9
9
9
9
9
9
9
9
9
9
9
9
9
9
9
9
9
9
9
9
9
9
9
9
9
9
9
9
9
9
9
9
9
9
9
9
9
9
9
9
9
9
9
9
9
9
9
9
9
9
9
9
9
9
9
9
9
9
9
9
9
9
9
9
9
9
9
9
9
9
9
9
9
9
9
9
9
9
9
9
9
9
9
9
9
9
9
9
9
9
9
9
9
9
9
9
9
9
9
9
9
9
9
9
9
9
9
9
9
9
9
9
9
9
9
9
9
9
9
9
9
9
9
9
9
9
9
9
9
9
9
9
9
9
9
9
9
9
9
9
9
9
9
9
9
9
9
9
9
9
9
9
9
9
9
9
9
9
9
9
9
9
9
9
9
9
9
9
9
9
9
9
9
9
9
9
9
9
9
9
9
9
9
9
9
9
9
9
9
9
9
9
9
9
9
9
9
9
9
9
9
9
9
9
9
9
9
9
9
9
9
9
9
9
9
9
9
9
9
9
9
9
9
9
9
9
9
9
9
9
9
9
9
9
9
9
9
9
9
9
9
9
9
9
9
9
9
9
9
9
9
9
9
9
9
9
9
9
9
9
9
9
9
9
9
9
9
9
9
9
9
9
9
9
9
9
9
9
9
9
9
9
9
9
9
9
9
9
9
9
9
9
9
9
9
9
9
9
9
9
9
9
9
9
9
9
9
9
9
9
9
9
9
9
</DataArray>
</Cells>
<CellData>
<DataArray type="Float64" Name="density" format="ascii">
49.99999867
49.99999954
49.99999919
49.99999869
49.99999998
46.14747521
49.99999927
44.68088106
43.28499199
45.94013118
46.46726403
45.26040378
49.99999993
49.99999927
45.18327951
49.99999971
46.96808365
49.55191773
44.44547622
49.45124878
46.23781265
46.15923304
37.44999345
34.51089462
30.09590609
30.56642183
36.33313101
45.25913384
30.92017133
31.40954745
37.32843568
38.05363309
38.52082728
38.13505399
47.32787785
34.15964814
35.70815784
30.82023117
36.04250307
47.69965444
35.84352506
38.6205783
30.09099276
34.85961471
49.99999944
49.99999994
36.6141925
33.89196491
46.92870959
36.24338209
39.58537485
32.38013763
36.56967399
39.27164824
30.4350334
35.77406609
34.91223998
35.60618786
34.79140323
32.9490687
29.75572468
32.48342082
33.95593142
35.02582408
35.8457556
36.45717094
38.02828362
29.81167425
35.2167423
36.40983212
49.9497164
32.27663577
29.6506988
35.25010588
29.96324178
30.6302319
35.71534176
38.80352445
33.2910197
35.03732861
35.9663997
38.49078433
38.14587794
34.93609761
39.39196717
38.55379233
35.61168142
34.5746576
34.83734912
30.07841652
38.18281404
35.8235014
39.69589157
32.13330688
37.57143836
35.3550282
35.84398275
32.24404705
30.67681848
39.57262262
34.83829628
35.10711451
35.51013576
37.98514224
38.90975042
36.12694299
33.74181066
29.78660608
32.14052134
37.75142882
38.901557
49.99999996
49.99999999
49.99999963
45.68627527
46.35048261
48.58084442
48.05935458
47.32097371
49.99999971
49.99999996
49.99999983
42.08676917
40.21867524
49.99999969
44.76215223
43.18733773
47.69971907
49.99999955
39.46088772
33.15777104
43.80529638
31.00198376
37.88513385
43.77202848
46.51623073
49.99999989
49.99999928
34.87193307
35.83493698
38.53208109
47.03691041
46.35995715
47.91550509
49.9999994
49.999998
36.31025629
41.05287447
44.66659049
38.61840512
45.35816435
46.32789523
48.57291506
49.99999508
49.99999506
49.99999824
49.99999889
39.99445837
49.9999964
48.17560986
46.04538097
44.99143446
43.82616819
39.94693273
36.31339778
49.99999877
49.99999976
47.55291524
46.11892884
29.92246293
49.99999997
49.99999843
33.2288413
49.9999995
37.83800326
45.0994723
47.06248572
49.99999784
49.41396536
48.51134673
45.54673819
44.40282806
43.00556072
49.99999756
29.95326313
30.71292321
49.99999999
49.69289621
50
49.99999977
49.99999812
49.9999991
49.99999541
49.99999868
49.99999945
49.99999993
49.99999875
49.99999935
49.99999985
49.99999915
49.99999541
49.99999824
49.99999938
49.99999738
49.99999943
49.99999797
49.99999624
49.9999999
49.99999593
49.99999921
49.99999995
49.99999997
49.54260669
30.78929509
47.34970524
49.76099051
35.45777243
49.99999912
49.99999453
44.69363017
49.99999774
49.99999944
49.99999986
49.99999809
49.99999997
49.99999836
49.99999832
49.99999412
49.99999603
49.99999999
50
49.69800318
49.28500687
49.41068206
49.99999987
49.99999994
49.99999803
49.9999997
49.99999941
49.99999903
49.99999991
49.99999964
49.99999998
48.29074349
49.08622622
49.99999886
50
50
49.99999976
44.71599663
49.99999833
49.99999738
49.99999988
49.99999998
49.99999995
49.40469113
49.13575602
49.99999997
49.99999999
39.9618015
49.99999999
49.99999954
49.99999985
49.99999998
49.99999992
49.99999996
49.99999996
49.99999988
37.76366174
49.99999953
49.99999998
49.99999995
49.99999953
49.99999988
47.70319333
49.96544163
49.76970949
49.7396712
49.99999997
49.99999983
49.99999942
49.99999896
49.99999996
48.17414096
48.49611733
48.57545697
48.36452566
47.38148776
49.99999999
46.00280699
45.14523089
49.9999992
45.42371551
49.99999986
49.99999996
49.74620797
49.99999929
49.99999991
49.99999598
49.99999991
49.99999969
46.93062016
45.83745219
46.57198321
49.99999977
45.05446009
49.99999999
47.58036457
49.99999997
49.86424489
49.8721414
49.99999997
49.99999981
49.99999966
47.3277394
46.41609323
47.42645157
49.24155883
47.63758325
44.81506505
44.59589241
49.99999989
49.99999986
49.99999997
50
49.9999999
49.99999961
49.99999972
49.99999991
44.45533375
43.228904
44.56709959
49.99999857
49.99999992
50
49.99999995
48.49485028
47.54865655
46.80531479
39.70566223
45.92860025
49.99999998
47.38300351
47.41964862
44.57865369
46.18102052
49.99999999
49.99999999
49.99999952
47.50822289
44.66653599
44.52303219
47.32371361
46.91720508
48.10401238
47.80593271
46.20761699
45.22562051
42.46233093
40.12328489
49.99999999
50
49.99999984
49.6869324
49.99999999
49.99999997
49.99999993
49.99999996
44.97222405
45.16292619
45.86672218
45.55840326
44.26541298
45.06174573
49.99999994
49.99999986
49.99999987
49.99999994
49.99999991
50
47.10782914
47.45107354
47.79989344
41.59258584
49.99999994
49.99999995
49.99999999
49.99999994
49.99999997
43.91739729
45.52528123
46.986527
47.50468648
47.62390663
47.73039456
48.10630927
48.43628094
48.11891303
46.56838214
43.4175309
40.71921051
44.82263275
50
49.99999999
49.99999985
49.99999989
49.99999989
45.58674632
45.43943561
46.58100424
43.1216803
45.98325184
49.99999999
49.99999983
49.99999988
49.99999994
49.99999999
47.48430896
47.79441282
43.95362883
43.62605537
49.9999999
49.99999996
45.27519141
49.99999999
49.99999999
49.99999998
49.99999993
49.99999999
47.8901011
45.41349694
47.53214938
47.76273479
47.73311702
47.75615265
47.70850814
48.1507747
48.55135199
46.940151
45.63837331
44.60440345
43.56557593
43.41690398
41.20739628
45.67341313
49.99999985
49.99999968
49.99999992
49.99999993
49.99999999
49.99999989
49.99999973
49.99999939
49.99999994
46.34072396
46.36960657
46.73012401
43.16927575
45.30458822
43.25446368
47.63533734
49.99999992
49.99999999
49.99999993
49.99999974
49.99999985
44.65497961
49.99999981
47.4039902
49.9999998
49.99999997
49.99999976
49.9999998
49.99999956
47.38472659
45.26277753
47.51535868
47.31474495
47.76514688
47.79161274
47.693745
48.19600202
46.92233132
48.23256386
44.58113408
42.05937464
43.33929895
41.45925756
45.5139613
49.99999984
49.99999997
49.99999977
49.99999992
49.99999996
49.99999997
49.9999998
49.99999983
49.99999994
49.99999958
49.99999998
46.55003555
46.42949171
43.21774717
43.25296089
47.72976245
47.6098294
49.99999979
49.99999937
49.99999967
49.99999982
48.19030562
47.9334087
49.99999924
49.99999993
49.99999987
49.99999998
49.99999992
49.99999995
49.99999928
45.81402009
46.54700344
46.46696258
47.06455638
47.80512642
47.77280072
47.72714492
48.15904041
48.62558779
44.3942853
42.38038665
43.55243136
49.99999992
49.99999994
49.99999995
49.99999983
49.99999969
49.99999933
49.99999922
49.29173848
46.37834575
46.78187337
43.26355423
43.02558605
47.55869499
47.54998762
49.99999986
49.9999999
41.21520517
49.99999994
43.28792271
49.99999991
49.99999988
49.99999988
49.99999906
45.25797452
46.04479952
44.16771111
47.80484951
47.8333267
48.66962315
46.80747115
48.2151727
45.4656232
45.27139062
44.29102538
42.18040701
40.99814909
44.0838441
49.99999993
49.99999975
49.99999932
49.9999997
46.11863507
46.83004255
45.34055715
43.15754557
42.90779479
47.61905468
47.60243187
49.99999984
49.99999941
49.99999977
49.99999996
49.99999968
49.99999995
49.99999936
47.79252783
47.79143653
49.99999991
49.99999997
46.40409846
49.99999998
49.99999984
49.99999997
49.99999913
49.99999996
45.70152253
46.74049893
47.61509258
47.86037368
48.22131091
48.45459344
48.6889485
46.72608393
45.34781484
44.24564178
43.35072782
42.13013563
40.8325172
49.99999994
49.99999861
49.99999982
49.99999987
49.99999997
49.99999969
49.99999957
48.35025917
45.8911235
46.69034066
46.84977114
43.29315291
45.39850805
47.74692338
48.11483597
47.56708168
47.38160552
49.99999977
49.99999991
49.9999997
45.39409384
49.9999994
43.26416157
49.99999965
49.99999987
49.99999964
49.99999995
49.9999993
49.99999881
49.99999995
44.85862592
43.26341806
45.0486191
47.492477
46.32154715
47.7334727
47.42843903
47.85935871
48.325577
48.11054352
48.59651094
48.68156234
46.66150221
48.22304714
45.21831356
44.21651475
42.2425019
40.70575558
49.99999946
43.10459161
49.99999992
49.99999962
49.99999953
49.9999999
49.9999999
49.99999964
49.99999987
49.99999988
47.67293497
46.53315603
45.77263279
46.93601972
46.80984924
43.28358993
45.41407548
42.78160485
49.99999916
49.99999972
49.99999991
49.38796637
49.99999989
49.99999998
49.99999957
49.99999987
43.4450276
44.57372658
43.21254148
44.69746982
47.16684464
45.80360143
47.08868907
47.81146005
48.27459886
48.63457564
46.59759699
46.55463852
45.20558784
43.36858031
44.20015485
42.19986581
42.27118139
40.66001224
49.99999998
42.7633684
49.99999979
49.99999975
49.99999987
49.99999966
49.99999995
49.99999982
49.99999923
47.52981325
46.0265503
47.3057879
46.57482852
43.27237603
45.31411317
42.63520367
48.59437992
47.58268137
49.99999904
49.99999951
48.03262852
49.99999993
49.99999964
49.99999938
49.99999994
44.38472597
44.43963585
46.74219971
45.22881376
48.73586936
48.16047953
48.49258593
45.25975818
43.37086129
44.19882766
49.99999938
49.9999997
49.99999969
49.99999851
49.99999972
47.75192704
46.83113474
46.24599452
45.03489617
43.23239616
42.47168163
47.2489065
48.99525485
48.22310917
49.99999977
49.99999979
48.42033572
40.65668786
49.99999995
49.99999984
49.99999984
46.17089866
46.57763363
43.35584643
42.64090471
49.99999991
49.99999991
49.99999892
49.99999995
47.37420394
49.99999972
49.99999974
49.99999974
49.99999696
46.97006802
46.45713515
43.83170587
49.62475981
49.99999937
49.99999936
49.99999924
49.99999891
49.99999945
49.9999993
49.99999983
49.99999946
42.45544259
50
49.99999874
49.99999894
49.99999913
49.99999963
49.99999865
49.99999839
46.70046207
49.9999982
49.99999874
49.99999966
49.99999907
49.99999927
46.99566463
46.25872569
46.82991574
45.51370374
45.42126356
49.99999855
42.93371321
44.40307571
49.99999945
49.99999885
43.02899874
43.98202261
47.18613955
49.68699759
49.99999891
49.38445137
49.99999884
47.40038129
47.86876212
48.08417062
46.54795762
45.31760797
44.03641764
48.6755017
47.10539227
49.99999996
49.99999682
42.83097237
46.31784368
49.99999953
49.999998
46.01289465
44.86220261
47.34341247
48.55910996
48.00367407
49.99999863
49.99999905
48.32858026
49.85730006
45.11583171
43.33630473
43.5471314
49.99999878
49.99999946
49.99999694
49.99999908
49.99999981
49.99999931
49.99999847
49.99999762
45.24194403
49.99999999
49.99999993
49.42449654
43.81986225
42.67798973
44.12559134
49.99999995
49.99999665
49.99999859
49.99999877
49.99999903
46.27986329
46.23657089
46.8118879
46.49580186
45.07172878
45.45591497
46.92382827
48.13600199
48.63970292
43.73740162
45.2528094
45.52071792
45.62637453
45.36227484
43.94556719
44.70575967
47.96721319
48.77843866
48.20368008
49.99999988
49.99999814
49.9999994
49.9999999
49.99999853
48.88419189
45.65754191
47.33621611
49.81539242
49.40546715
49.99999828
45.02058528
43.0822633
42.83902591
43.60121251
39.48888669
34.34600255
36.50988989
48.10143629
45.6502999
43.77802675
49.53537543
49.99999985
49.99999995
45.05841044
46.14109072
47.29332161
46.55742037
49.35608526
45.96111033
43.85183224
46.23615038
45.12098608
49.27555728
41.59620161
49.99999995
49.99999923
49.99999918
49.99999819
49.99999824
49.99999851
43.17248345
45.99089981
49.99999949
49.99999897
46.97932007
49.52069251
50
46.02461032
46.20099044
45.91050378
48.49576978
49.99999948
49.99999942
50
49.99999998
46.35215274
43.99401239
50
43.63360753
41.16109465
37.84009689
45.21871216
45.54007306
48.48819533
45.87800185
47.24446002
49.39898612
49.38059947
49.99999995
45.71436675
46.11646091
45.42796311
49.99999992
47.90134202
47.53386557
41.89461618
40.242581
47.37324362
43.30924759
45.43426834
46.9923022
44.53273968
43.72385932
49.55388641
47.55519786
49.99999855
49.99999988
49.99999918
49.99999888
49.99999912
47.86905293
45.99527033
44.33873835
45.2463118
45.36750078
48.30321965
49.00326733
44.69276802
44.23004235
49.99999959
49.99999924
49.99999967
49.9999996
49.99999939
49.61333382
49.99999974
44.20069041
34.43905099
35.02012851
49.99999643
49.99999993
41.96869927
43.41950807
42.74567913
43.91135794
48.59745484
49.99999982
38.55633077
40.46891273
45.26484869
45.15502875
50
43.20670952
45.46420805
46.05620816
45.38334115
46.53290554
47.18202831
48.43608056
45.98844945
49.99999957
49.99999778
49.99999971
49.99999696
49.54275233
49.99999819
49.99999728
49.99999924
49.99999896
49.99999863
49.99999719
49.99999855
49.99999962
49.99999842
46.29986844
46.660784
41.82086453
49.99999996
49.38556301
44.69062143
49.93161041
47.61690668
49.37178287
40.54659121
49.7828388
46.07165114
45.66780377
42.19901634
43.96085024
49.99999999
49.36733096
43.41336495
49.99999945
38.09180764
43.38171148
49.54438172
49.99999976
49.83812483
45.807674
42.96876692
44.06914088
49.99999894
49.99999768
49.99999975
49.99999822
49.99999885
47.6023172
45.8344927
45.22691627
44.3886524
43.62287881
46.46491887
47.99220759
48.02102803
48.02860561
47.96993692
46.25889378
45.00793092
44.77160949
44.96457587
44.56341418
44.40624859
44.9141535
45.33851959
46.75173233
49.99999936
49.99999847
49.99999886
49.99999825
49.99999992
49.99999983
49.99999996
47.55078907
47.38074984
49.20491569
49.03622444
49.40947676
44.80577297
42.62290294
44.13709537
49.54583751
49.99999981
34.58865919
42.67832049
44.75737103
44.90267645
46.32122918
49.99999998
49.49256968
39.54747169
45.64151253
45.84709566
43.41701648
42.98808949
49.19425204
45.69163871
43.04219807
49.37596917
49.99999846
49.9999999
44.9700706
47.1257407
47.59719336
49.74659758
46.29809849
48.17644376
49.99999995
49.999997
49.99999882
49.9999998
49.99999992
49.99999962
49.99999714
49.99999649
46.74376374
45.53878762
45.17554299
49.99999991
49.99999997
49.99999845
49.99999957
43.70376264
46.31003965
40.21457953
40.16715786
47.26843361
49.99999964
45.23630549
49.56971138
39.59495268
49.99999872
47.7629704
49.99999802
49.99999876
49.99999956
37.86532254
39.27453139
42.82557336
48.83248139
49.99999989
49.9895369
46.65438784
43.79035782
46.93470265
49.99999844
49.99999885
49.99999971
49.99999979
49.99999889
49.99999905
47.56091032
44.76185488
44.01982106
43.55406629
43.25391994
44.16485398
45.46958658
46.28531407
47.74932644
47.74843407
47.86175165
47.11123887
45.1569346
44.5963919
44.60728581
44.59249905
44.4987828
44.41794736
43.85994017
45.45813278
49.99999973
49.99999974
49.99999929
49.99999988
49.99999995
49.99999807
49.99999929
47.29325154
47.31098138
48.94848375
49.04848409
45.0345175
33.1276404
42.11253378
45.16601535
49.85784374
44.74935375
47.53502474
43.41269414
46.82048199
45.71471254
47.01761681
50
33.99670399
49.99999988
49.99999908
49.99999873
45.94473122
49.99999985
48.9863222
36.56622486
48.46655521
45.71408751
45.5300126
44.40286201
47.08817609
42.74785187
37.20851768
47.00824585
49.99999815
49.99999776
49.9999966
48.7411628
48.01693446
49.99999999
48.52690917
46.73673431
46.56019997
49.9999995
49.99999713
49.99999704
49.99999884
49.9999996
44.32715253
48.57452032
44.58015431
49.99999995
49.99999985
44.22401202
42.665012
46.1317374
43.82335976
47.93350476
44.30276295
47.05774233
49.99999999
49.99999992
46.1616127
49.69230878
49.49124399
45.62497518
49.72701703
49.99999986
49.93539789
35.10429385
49.99999979
49.99999997
49.6608613
36.26999286
37.48787341
47.8260862
49.99999731
39.42026963
40.74208806
42.61852614
47.84284304
49.88127558
50
47.33406492
45.03957093
49.99999981
49.99999864
49.99999937
49.99999995
49.99999985
49.99999717
49.99999866
43.80382951
43.02868982
43.0770076
43.07085827
44.11466649
46.099088
47.71145007
47.54674937
47.76501353
48.63668907
47.92030772
45.67697878
44.68391227
44.51078296
44.51060645
44.13714509
43.14497443
44.76725759
49.99999878
49.99999999
49.99999989
49.99999996
49.99999872
49.99999767
49.99999888
47.08195505
47.278733
48.88535612
49.23484352
49.99999994
47.45783605
49.6714145
45.66722314
46.12592638
33.66298378
49.99999985
44.83427271
48.83831458
45.37635711
49.99999966
40.74828229
49.71273056
48.22119608
49.99999999
49.1357114
49.7796724
45.08195613
42.9257184
49.99999931
49.99999849
49.99999989
49.99999872
49.99999833
49.99999978
49.99999879
49.99999737
45.14147984
49.99999999
46.53016288
49.99999996
48.80564231
48.0131784
46.11233495
49.9999999
42.73439317
36.4947004
46.60169951
49.99999993
45.42129609
49.35278631
49.56580107
49.20644346
48.01609974
49.99999976
49.99999984
49.99999993
49.99999941
47.1705518
45.6247505
43.88232021
44.44284431
44.44053098
44.45796229
46.38851469
48.40139318
47.88015844
47.351922
45.88147768
42.16003113
48.39529123
49.99999999
50
49.99999966
46.52135652
47.75266533
42.52356986
49.45258116
41.94714445
49.95054552
40.72761167
46.8885295
32.85677417
49.99999995
49.99999993
44.92264129
43.76792444
48.70780684
45.69927676
49.99999912
49.99999863
49.99999849
49.99999904
49.9999999
45.49891107
49.21607291
39.60957945
49.99999969
49.99999994
46.98971709
49.99999999
45.15990567
50
47.44476585
49.60179973
43.16950105
49.99999991
46.51489102
47.98738506
48.59342966
49.99999999
49.66082612
46.44726162
44.14196009
46.24613422
49.9999999
49.99999998
45.51672747
49.9999999
49.99999955
49.99999682
38.29589577
49.99999999
49.99999946
49.99999968
49.99999998
49.99999667
49.99999689
49.99999879
49.99999956
49.99999724
49.99999762
49.99999689
49.99999701
49.99999814
49.99999799
49.99999865
49.99999893
47.58101307
48.82176818
37.64291735
49.99999986
49.99999876
49.99999888
45.58106345
44.38146247
47.18690774
49.99999992
49.99999988
49.72260093
49.99999838
49.99999784
49.99999982
49.83922003
49.99999986
49.77910376
49.99999963
36.32601613
49.99999983
49.99999998
46.20438547
49.58625233
49.75596269
41.67370032
49.99999996
49.99999894
49.99999894
41.65187109
42.72865687
43.67107477
46.34813764
48.70234313
48.80377891
47.94453457
49.09420727
49.9999982
49.99999999
49.99999989
49.99999985
49.99999982
49.99999938
49.9999986
49.9999999
43.31278941
41.43377709
42.48070676
43.21240426
44.19092868
43.11518807
45.63267625
47.0050365
47.6899007
48.05043852
48.91542774
48.54596666
47.01782377
45.80846186
44.4046166
44.37498215
43.59136285
43.43756392
48.05223048
49.99999964
49.99999861
49.99999972
49.99999995
49.99999983
49.99999867
49.99999908
49.99999991
47.49699251
48.33213888
49.44593441
49.9999992
49.99999975
48.5578321
49.99999987
48.98308531
49.99999995
49.99999909
44.82114166
49.99999881
49.99999989
48.49066827
49.99999989
47.86733937
49.99999995
48.76257526
49.99999976
48.28156977
49.9999999
48.69546035
46.11153139
48.30185437
49.99999951
49.99999964
44.58533426
49.99999999
49.99999988
49.9999993
49.9999982
49.9999994
49.99999968
49.99999918
38.5814194
49.99999868
49.99999904
49.99999892
50
49.25262271
49.99999994
50
47.23012484
47.67157524
49.99999998
49.99999992
49.9999965
49.99999809
49.99999846
49.60799513
49.99999993
49.83598951
49.9999995
49.99999941
48.08264563
49.97534446
49.99999999
44.7433352
49.99999946
50
44.38059467
49.99999994
46.9828252
47.96006113
49.62653602
48.7507464
49.99999975
49.45381099
49.99999945
44.15255486
42.71703506
47.19098556
49.41774389
49.65709113
47.98344072
49.99999875
49.99999714
49.99999675
49.99999917
49.99999943
49.99999605
49.99999725
49.99999937
49.99999982
49.9999988
49.99999891
49.9999978
49.99999453
49.99999997
49.99999643
49.7743093
44.29195503
49.99999832
49.99999956
49.99999849
49.999999
49.99999611
49.99999338
49.99999979
49.99999909
49.99999745
49.99999986
49.99999498
49.99999915
49.99999835
49.99999973
49.99999857
49.99999991
49.99999958
49.5521372
49.99999996
49.9999986
49.99999927
49.99999634
49.99999669
49.99999825
49.99999742
49.99999553
49.99999514
49.99999718
49.99999892
49.99999904
49.99999797
49.99999744
49.99999813
49.99999846
49.99999513
49.99999796
49.99999733
48.85584351
46.72548045
49.9999998
49.99999943
44.20211112
42.33570874
49.99999923
49.99999877
49.99999942
47.88157426
42.20687254
49.30182735
47.5392895
49.99999998
42.89399868
49.99999992
43.09287242
46.90497866
49.99999874
49.99999796
49.99999934
49.99999908
44.68176867
49.99999988
49.99999932
45.44868919
44.76357325
45.11189892
47.45318525
44.10257138
44.90211849
49.99999276
49.99999998
49.99999899
49.99999937
49.99999935
49.99967092
49.99999883
49.99999857
49.88448581
49.99999894
49.99999909
49.99999917
49.99999979
49.9999973
49.99999985
49.99999701
49.9999989
49.99999401
50
49.99999965
44.44528342
49.99999839
49.99999958
49.99999774
49.99999525
49.99999775
49.99999881
47.74539441
43.14867159
49.99999886
49.99999945
47.83140681
46.16264808
49.99999979
49.75450509
40.87953999
43.30497212
45.4064411
47.85609963
48.26236509
48.90565447
46.53140477
44.33968708
48.73868199
44.47084871
49.99999993
43.61212028
48.52404023
49.99999989
49.99999999
43.30563269
49.99999981
44.62298999
49.03281092
49.78303977
49.99999999
49.99999686
48.22409978
49.99999997
45.93249505
49.99999796
46.38151972
49.99999998
49.99999758
42.97966707
49.99999885
49.99999882
49.99999757
1.333097806
0.9408411794
0.8546117914
0.9755104892
1.001226969
1.179591344
0.5258805494
0.8793680838
1.031176363
1.25398372
1.039193218
1.081344889
1.028258779
1.012909435
0.9697785621
1.018466192
1.167100229
1.034061116
1.016198483
0.681956538
1.293116098
0.9552793187
0.5458721124
0.5005334376
0.497401601
1.148452693
0.8513025182
0.2378284191
0.4527403657
0.9992103017
1.083002062
1.162322816
0.6433515018
1.058043862
0.9056446609
0.3694840176
1.239601049
1.062581789
0.9790068882
0.4386403481
1.025668626
1.148064763
0.673601477
1.072487975
0.3636108395
0.5790397926
1.038869865
0.3835357029
1.148025018
0.9954134815
1.207613583
1.147013251
0.5912973297
0.6167659639
0.5646132464
0.763773193
0.910731534
1.1926335
1.105508531
0.7319851761
1.010867308
1.137996394
0.517896065
1.361012159
0.5202753867
0.5233727457
1.12238782
0.8884571061
1.110232872
0.6272505008
1.115436634
0.8274968862
1.148527205
0.3423540767
0.9011401519
1.885477378
1.640817829
0.4909480417
1.479438088
0.7408915661
0.7076689024
0.5360984732
0.7456594468
0.981998403
1.008336816
0.6359571776
0.6262504978
1.261419054
0.4820368711
0.474951623
0.5557329022
1.403152552
0.9136280571
0.8972944784
2.189841566
0.3737358988
1.824927123
0.921829387
2.388188951
1.898125993
0.6309504969
0.5834979042
0.4925971254
2.77500719
2.810559114
0.340043566
0.7439102048
1.209867786
1.109054512
1.19446913
0.7104896236
0.6395933015
0.6750891851
0.6258585545
1.205657579
1.043049876
1.129945285
1.247231487
1.021338006
0.7334488227
0.7301945346
4.564511912
5.777860572
1.116060151
0.6368142228
1.023567545
1.051651591
0.7622790864
0.9269875021
0.9826494533
0.9607855076
0.9934306669
1.113264674
1.081734045
1.010841847
1.009668517
0.9236733382
1.007368056
0.8780894928
0.9882967158
0.8699430127
0.9045544682
0.9317809274
0.9577315604
0.9363003854
0.9592575839
0.9610857517
0.9718810188
0.988920091
0.9031571797
1.335876298
1.089384546
1.148744829
1.133199642
1.455395647
1.496937195
1.101060696
0.9373940208
0.8942562147
1.058719342
1.161870263
1.196665122
0.9501118375
0.8894780216
0.9908406756
0.9601997156
0.9535402487
1.046697445
1.006003664
1.004221882
1.20957868
1.564525848
1.175992304
0.9487866682
0.745487213
0.9712288033
0.9835540287
1.065398576
0.9433404484
1.011580953
1.055579182
0.9524570017
0.956859753
1.001802084
1.246060322
1.054488306
1.089436415
0.9748510925
0.8620502715
1.168911946
0.8292971022
1.363705805
0.9597317038
1.011642058
1.159929857
1.028292571
1.450491127
0.8367976284
0.9186331902
0.912196452
0.9170726622
0.5424735403
1.349302388
1.00029642
1.059496604
1.073303096
1.16916336
1.094467915
1.105771541
1.011321847
1.039740551
0.9698502756
0.9391375859
0.9631861001
0.9635688043
0.9551008495
1.019110129
0.9593935964
0.8911087482
1.078143767
1.106602642
1.26879558
1.032921051
1.094942571
1.032142607
0.697851302
0.8866317683
0.9497157923
0.9403686697
1.269960321
0.7124754769
0.9363206068
0.4829443518
1.039380987
1.040144665
1.044179403
1.060832329
1.015770479
0.9994736345
0.8662065462
0.860500862
0.5178109671
0.5979298024
1.032036456
0.9794258405
0.958330816
1.087595363
1.121634175
1.169036874
1.215859318
1.240866421
1.209607134
1.242425636
0.9778695701
1.085960241
1.216784738
0.9481665745
1.026840815
0.9754214623
0.8747497382
1.11027983
0.4903088812
0.6590972395
0.4496387926
0.6323278109
1.007899534
1.043822074
1.077142003
1.099515427
1.067066249
1.042923544
1.050902724
0.9513182328
1.063529773
1.081106056
1.128183779
1.209928275
1.256764319
1.234552749
1.109085085
1.209129089
0.8725930275
0.2253278308
1.066143446
0.1998418542
1.202223408
1.113721265
0.9310053461
1.145983664
1.017461232
1.228771427
1.089024211
0.3109244831
0.8618119054
1.117003745
1.215522929
0.5193225532
0.5450396225
0.5028452215
1.127538392
0.8333615387
1.231382626
1.216678859
1.072230052
1.048177346
1.070815764
1.06759625
0.3194569625
0.3604172931
0.526005364
0.4185650399
0.6689625071
0.590477704
1.237701103
1.084901951
1.180569554
1.128537469
1.142137018
0.5246116054
0.5170453488
0.5018719164
0.5169380819
0.5582449604
0.8230769408
0.9275404804
0.6624297402
0.3181325356
0.3581189908
1.075969984
1.058132314
1.076419124
1.143237174
0.965329439
0.9728811171
0.5858286083
0.2206031933
0.7572091562
0.9710345702
1.051542352
1.065481035
0.4578237799
0.5357712728
0.9605934028
0.4137834296
0.6459933545
0.9201271674
1.088336103
1.109940461
1.079170123
1.042478561
1.151723516
1.264647157
0.7334840891
0.6209339542
0.9354761418
0.9310763551
0.9369555749
0.4973820891
0.6017838517
0.4790875706
0.7776938726
1.033463
1.047357901
0.9716028229
0.7888129304
0.808406263
0.5375316982
0.508410574
1.132053709
0.6847022133
0.9207257362
0.7661839186
0.7454581445
0.4566888914
0.4333256393
0.5258643046
1.06335918
0.7828608972
1.005263475
1.014780321
0.7811859076
1.028899564
0.6092978391
1.100662455
0.4387201514
1.073633173
1.082125018
1.086418981
1.048225162
0.9436772145
0.5549048283
0.5536980491
0.7232966469
0.8163479981
1.233057765
1.285495937
1.0375264
1.191708882
0.8606737095
0.9154541851
0.5519955539
0.5585017414
0.5434866733
0.8073820928
0.7206496384
1.185134594
0.5994255453
0.5987540521
0.7393177289
0.7358331419
1.025032207
1.056474006
1.131458393
1.308656015
1.283010707
1.019322463
1.069269759
1.073162867
1.004791125
1.076462972
0.7831625773
0.5769363806
0.7586723166
0.9282899099
1.086002449
0.7433252177
0.7135557363
1.104156595
1.256857052
0.5265579388
1.080602881
1.277042712
1.254914955
0.6304721619
1.140790603
0.9425595722
1.089391279
1.168260662
0.7754244326
1.13486442
1.432590155
1.482829511
1.215190794
1.771832034
1.340988046
1.51040472
0.7602981122
0.6100300365
0.7080191321
0.5560495078
0.6161256959
0.6155382852
0.6652798275
0.7849089875
1.617676449
1.544457456
0.9023475188
0.4754637025
1.090496032
1.091732158
1.067938341
0.9842733283
0.9807886926
1.002993698
1.257845936
1.242992796
0.9898745235
1.276793142
1.152403217
0.6730324411
1.126715678
1.362911501
0.5904302851
1.218169293
0.8974514564
0.580325435
1.023218363
0.7250660587
1.28667936
1.57214348
0.8000124014
1.112753643
0.7596479061
1.624649828
1.750172309
0.6250779677
0.5960194854
0.7092014567
1.057250935
1.152242773
1.068238029
0.9979864747
1.019430424
0.9939637919
0.9718258445
0.9701079975
1.14454629
0.9256209702
0.8366766633
1.078897273
1.13555245
0.5679614988
0.2396536029
0.7658682886
0.6898455897
0.5359691098
0.6298959245
0.6182945311
0.8627080355
0.8566053823
1.31138352
1.557363798
0.797317111
1.224448653
1.067023418
1.775642928
0.561899695
0.7342268175
1.412735915
0.5508758768
1.21247601
1.076318616
1.26954783
0.5352738245
0.5006199185
2.556805
1.091993862
0.5765969737
0.5716776917
0.4964512387
1.130528331
0.5785115312
1.599154993
1.181868179
0.7866853721
0.3087976827
2.57839289
1.807930495
1.138768941
1.341140551
3.789924072
0.4676001618
0.6550599916
0.8174655686
1.789497825
0.5690190645
0.7846635677
2.015444027
3.891252379
3.380480994
7.225779011
2.533313988
1.727605017
0.5001064773
1.571276091
1.286986633
0.3363864008
0.9047530427
0.4335065635
1.228621227
1.196734353
1.025089123
1.350395022
0.9318048956
0.768451349
0.6617767101
1.183893678
0.730741797
0.8224423034
1.010269056
0.7662425239
0.6822352798
0.771022581
0.8546039567
0.5388832013
0.5099058085
0.6422381812
0.5114874369
0.7652894893
1.072237661
0.8803587412
0.5659423006
1.248597813
0.5199673438
0.4080047052
0.394746954
0.460834959
0.3850191524
0.6599631379
0.3681138962
1.259312779
1.02973512
0.8799550835
0.8843312135
0.7572375106
0.5952467378
0.6117581253
0.5228854579
1.44713993
1.333665042
1.673880542
1.349796025
1.539549476
1.011878802
0.8681067351
0.7829601663
0.7002151352
0.7277881836
0.7614502791
0.7963403109
0.8699189048
0.9799119759
0.819952584
0.4243724676
0.5505889507
0.7030026712
0.8759162892
0.3605993727
1.259281626
1.00917959
1.057504247
0.9862201856
2.86708467
4.384075283
1.976666337
2.446987366
0.4547853205
2.246132176
0.5309756046
0.592508487
0.748824783
2.429948888
1.606418635
0.75436715
1.010944827
0.4846499635
0.4951100275
1.278820468
0.3961074577
1.020496981
1.023766603
1.454621846
0.5741510609
0.4121866542
1.042031416
0.7096165456
0.4932064662
1.388492132
1.18061964
0.6928989503
0.8893318621
0.6987312809
0.8519748122
1.543310879
0.6664942789
0.9214079417
1.512961078
0.467295502
0.4577443294
0.3030575786
2.987170051
1.82127344
0.9970387096
0.7222831521
0.584846422
0.5657488028
1.145587518
0.4186795137
0.359174715
3.461570729
1.191610776
1.104420182
1.428274077
0.6365508032
0.8035062829
0.6046306772
0.6153336987
0.6527576935
0.664290882
0.6465390601
0.5864318993
0.4847512531
1.69022448
1.574707052
3.610002701
2.043485687
1.138230358
0.7654057726
1.109176203
0.6705614879
0.4082231344
0.4799026497
1.342493538
0.6235107239
0.4027061127
0.3400121555
0.5570900192
0.4207178204
0.6919477339
0.6432264665
0.369116488
1.033435834
1.679335059
10.37176852
10.15627299
9.379047589
9.812359611
9.503656792
9.480253101
9.589956862
8.595558172
10.16820497
10.39608431
9.122592753
0.746827116
8.941091407
9.354136938
8.66025565
10.26745892
9.024035115
9.385356379
8.774615834
9.22730107
8.960923684
10.18475916
10.14897636
8.599639261
9.940772456
10.2596799
8.885457797
9.53538843
8.928502349
9.212345679
9.252178094
0.3207959518
9.068597244
4.111270126
1.388351712
1.715517778
8.917454409
0.8769016531
8.697263549
0.9401806184
0.8343601566
9.111486973
0.9658551041
0.3362490064
9.505878571
0.5476634692
8.772135744
0.8636944832
8.900963268
10.4668185
10.16259677
10.03594224
8.966206102
10.28525177
9.47408845
9.773329911
8.832953408
9.758321523
10.58891109
9.206251296
9.495444186
8.987674181
0.7409982707
9.256906398
10.08209143
9.916189008
9.050056986
10.05510456
1.136471623
8.945394855
0.5361890934
9.563446404
11.6679222
12.23054381
9.123072501
10.59473859
8.775558854
9.512490669
9.996516526
8.821278908
10.35073719
9.296843628
0.4366039286
1.004611285
0.3465932905
8.972947387
0.7789804995
0.558793769
10.72050767
9.312219784
1.281304159
0.8596832852
1.097393101
10.16216504
9.028036542
0.3997211865
9.93011127
9.949832558
9.369417815
1.073035579
0.6223069762
</DataArray>
<DataArray type="Float64" Name="velocity" NumberOfComponents="3" format="ascii">
22.51248833 9.301026633 0.0
13.38028303 18.97233314 0.0
11.91060867 -20.26063628 0.0
20.84090189 -11.08816736 0.0
3.813257753 -25.40695243 0.0
25.0717553 -0.2273132335 0.0
11.54882738 -20.73891063 0.0
25.6504467 0.5568038519 0.0
1.926259308 -24.57753267 0.0
2.175022155 26.01329323 0.0
24.95913105 -0.6825004901 0.0
25.55237801 -0.02602461088 0.0
1.896407949 -24.3421114 0.0
13.86895278 17.93800899 0.0
24.78794127 0.5953537971 0.0
5.58325963 24.86662024 0.0
25.6340951 0.9871879533 0.0
24.87023311 -0.009823747284 0.0
1.575479371 -26.4611755 0.0
1.188825338 23.22409116 0.0
25.03237578 0.2894989445 0.0
1.818546367 26.03023703 0.0
-4.349894131 -4.70485139 0.0
-0.4350348782 -1.964750021 0.0
7.173378791 -7.029958489 0.0
7.795206016 -7.885417735 0.0
2.553861841 1.771155147 0.0
7.593962425 -8.842204509 0.0
0.5292299121 1.019394908 0.0
16.91921555 18.13746437 0.0
-4.5434709 4.663748257 0.0
-4.614469543 4.209017533 0.0
6.059158383 7.400923003 0.0
-2.023105527 -2.21540934 0.0
25.52782506 -0.3103708046 0.0
3.245733463 -2.402640942 0.0
2.844857803 -5.383581691 0.0
7.626200493 7.875785902 0.0
2.372069171 2.565930657 0.0
25.61470192 -0.3867112245 0.0
2.05206298 -3.528336506 0.0
5.133456445 6.148409688 0.0
7.167991554 7.162486198 0.0
-2.138187381 1.891617842 0.0
21.63365904 10.75297513 0.0
19.0840644 -20.50688485 0.0
6.324481799 -5.282970711 0.0
1.035304364 1.202555201 0.0
1.486756283 -25.08087233 0.0
6.100694441 4.888434215 0.0
3.131968598 -3.577002633 0.0
6.347987637 4.065741272 0.0
2.331563215 0.7872182934 0.0
4.083836713 0.772144968 0.0
2.074673104 0.2216728964 0.0
2.746783963 3.991535071 0.0
-1.922257371 -1.590208238 0.0
2.698665204 5.410657299 0.0
2.222245289 0.1698277696 0.0
0.5848766574 -0.03131441885 0.0
11.56913815 12.52655528 0.0
1.286917044 -0.2039699606 0.0
1.025770841 -1.506422417 0.0
-2.371335319 1.776862875 0.0
2.766068733 4.880901857 0.0
2.079014356 -1.86207485 0.0
6.613721011 -7.867853197 0.0
3.595025784 -3.930818313 0.0
1.361996015 -1.525771966 0.0
1.923384173 -0.4124281818 0.0
2.838191516 -24.92693569 0.0
1.308535032 -0.06998575414 0.0
12.38830461 -12.84685325 0.0
-1.038474077 2.139518811 0.0
4.969137437 -4.035205828 0.0
1.902630772 -0.07237891243 0.0
3.725512609 4.270795472 0.0
5.373447611 -6.201326726 0.0
0.7367068295 0.0860425004 0.0
2.549751171 -0.008343694574 0.0
3.004153551 -4.875413905 0.0
1.796802108 -10.85034517 0.0
-3.81518003 2.732721011 0.0
-2.842203683 2.373440582 0.0
4.204517022 -1.907005924 0.0
3.667491994 5.368665255 0.0
2.548081178 -2.722791217 0.0
-0.2160509438 1.417616985 0.0
-2.205451394 -2.122235388 0.0
13.89236213 15.31780151 0.0
-2.601060132 2.186177269 0.0
3.871863423 -4.299844563 0.0
2.923245813 -0.6113271611 0.0
5.586761001 6.89250543 0.0
6.4796822 7.695928173 0.0
2.419073393 2.41348508 0.0
1.910782135 3.379211394 0.0
6.637372905 -4.462077271 0.0
0.4145412838 -0.9229145798 0.0
2.764770798 3.53731942 0.0
-2.481747614 -2.58217405 0.0
-0.6575211567 -2.23287551 0.0
0.4810155012 -2.118236115 0.0
0.8892546072 -2.124611689 0.0
3.200985624 -4.79780166 0.0
2.69299258 -2.531544602 0.0
3.740029382 1.62643654 0.0
3.004532164 3.535124031 0.0
4.971106814 -6.507557174 0.0
-0.2464515153 -2.920618997 0.0
3.063988689 4.578964866 0.0
14.27500029 -23.12935252 0.0
19.8167695 -20.84106998 0.0
24.10637318 -0.8084259722 0.0
25.64183499 0.1253998884 0.0
1.361012248 -25.3330404 0.0
25.48334638 -0.1465471993 0.0
25.5949728 -0.1798511372 0.0
25.65240698 -0.2421440627 0.0
21.7144755 -15.62652296 0.0
20.86596043 -18.62122916 0.0
22.11575428 15.61450748 0.0
25.64319298 0.4317362075 0.0
26.02377102 0.4430235133 0.0
21.25556141 -11.15145013 0.0
25.14992892 0.09493059218 0.0
1.43435543 -25.24952629 0.0
25.57750417 -0.4181840918 0.0
13.60418264 21.77703379 0.0
4.132577683 12.42266141 0.0
1.466740241 4.270656728 0.0
-6.148492138 -6.292670882 0.0
16.63479617 -17.13059662 0.0
-3.251455016 -2.639842072 0.0
25.71021167 -0.05695455544 0.0
25.64094278 -0.3843248256 0.0
11.02813416 23.50736034 0.0
-0.8938710862 14.02468134 0.0
-2.405457789 3.113932837 0.0
2.963022112 -4.134025375 0.0
3.855027726 -5.494310523 0.0
20.16249518 21.63334182 0.0
21.51730867 20.37648822 0.0
21.10864741 18.88516846 0.0
20.39178653 14.67096489 0.0
17.15242101 7.862085184 0.0
8.988270139 -2.034368178 0.0
7.996943398 -8.494657523 0.0
8.398055492 -9.911181195 0.0
6.210014285 -7.323871422 0.0
7.599003284 -7.18057282 0.0
8.659499023 -5.496375399 0.0
9.646274471 -4.144918434 0.0
10.41710948 -2.764927158 0.0
12.33569657 -1.573493877 0.0
11.39861863 -0.513409139 0.0
11.87155607 0.5512998284 0.0
2.687434696 2.280194522 0.0
9.437433193 2.800432222 0.0
9.029596282 4.026379751 0.0
8.427920721 5.341663342 0.0
7.381694862 7.159800969 0.0
8.050613479 9.94106933 0.0
7.47665303 8.201350905 0.0
9.668840959 0.9280989972 0.0
17.8702119 -9.127204031 0.0
20.82654553 -14.81110738 0.0
20.78466636 -18.38314523 0.0
21.14324914 -19.70528879 0.0
12.96319429 -13.93103922 0.0
16.31886317 -20.34582167 0.0
11.73697148 -18.33979958 0.0
0.3065468938 -3.385082113 0.0
5.608029999 -18.78488693 0.0
-4.082743189 -3.94653612 0.0
-3.075809076 -7.543508337 0.0
-1.753070526 -7.769799617 0.0
-0.5901770312 -8.229970226 0.0
0.7370382363 -8.093610413 0.0
-2.316282212 8.692864673 0.0
-3.800468872 7.556625943 0.0
-5.76524002 5.802621026 0.0
-6.500161282 5.127456486 0.0
13.02914302 19.57184803 0.0
5.347042805 4.627881862 0.0
8.242324629 8.785362281 0.0
20.73486179 22.04604821 0.0
21.79896482 20.30194639 0.0
21.98524097 19.44739657 0.0
22.41176186 16.16842982 0.0
21.51358924 9.708033126 0.0
16.77925214 -0.2412720013 0.0
13.67611461 -7.352284214 0.0
14.62786694 -6.842022364 0.0
17.66088006 -3.163344923 0.0
18.66692175 -2.285898612 0.0
19.78023713 -1.497683847 0.0
21.49268033 -0.7692449413 0.0
20.81144016 -0.4381836519 0.0
21.16549195 0.06592419313 0.0
9.964731698 1.561376749 0.0
18.8398395 1.213675818 0.0
17.94864038 1.93886445 0.0
17.035877 2.974489208 0.0
15.314087 4.812189779 0.0
13.79140855 7.334299185 0.0
12.73159466 9.019451801 0.0
13.06378039 7.336379069 0.0
16.95801364 -0.6617211003 0.0
22.14585009 -11.02718505 0.0
22.42144137 -16.07616721 0.0
21.56872097 -18.93507611 0.0
21.40490089 -19.77587172 0.0
7.899708446 -8.315826869 0.0
19.2185246 -20.75041052 0.0
20.110278 -21.05244156 0.0
-2.763282542 -3.886221323 0.0
8.886598082 -23.56302588 0.0
-4.29841301 -13.78362013 0.0
-4.78301334 -6.728918856 0.0
-1.358226185 -16.44275226 0.0
-0.281564519 -16.71705207 0.0
0.4331409845 -16.99168808 0.0
1.256561341 -16.42711327 0.0
-1.177679977 16.87297277 0.0
-2.500362527 15.1589597 0.0
-4.294280832 12.75263058 0.0
-5.008585549 11.03063253 0.0
8.224106302 19.89731429 0.0
15.14604558 22.71012814 0.0
17.69062263 21.11676372 0.0
20.98432457 21.80586357 0.0
21.53270344 20.04650599 0.0
21.68689616 19.61868976 0.0
22.77640878 16.45968974 0.0
23.05517047 11.55548937 0.0
22.03417765 3.380001471 0.0
20.98704197 -3.04688009 0.0
21.66907971 -3.696859771 0.0
15.92677534 -4.713356466 0.0
24.3008262 -0.7737580957 0.0
24.4805264 -0.581671173 0.0
24.75949607 -0.445233223 0.0
25.70279412 -0.3087640502 0.0
25.3675577 -0.2605022967 0.0
19.66482257 0.5461155838 0.0
24.58976177 0.1316512811 0.0
24.29167866 0.3179717424 0.0
23.87425768 0.6063402572 0.0
7.206643012 9.02352723 0.0
20.42397131 4.640856079 0.0
19.62300114 3.510335368 0.0
21.91405078 -4.148809985 0.0
23.21133881 -12.29912102 0.0
22.82669328 -16.4472667 0.0
21.23885942 -19.13381215 0.0
21.0283256 -19.45761237 0.0
19.87129372 -21.33651208 0.0
17.5075877 -21.80416753 0.0
-3.913770255 -7.645809711 0.0
9.253211332 -24.09090368 0.0
-3.113205641 -15.07394187 0.0
1.059140545 -23.49481318 0.0
1.372655994 -23.11493089 0.0
1.436297663 -22.85498548 0.0
0.8812913934 22.41430637 0.0
0.4888760178 21.12452925 0.0
-0.3356527434 19.71131728 0.0
-2.947502014 7.593271723 0.0
11.08218521 23.56948187 0.0
15.76808996 23.48028099 0.0
18.83811958 22.49710412 0.0
22.65803904 -2.023897751 0.0
22.97043873 1.239043434 0.0
0.7250151128 22.61565368 0.0
20.68106992 21.60946983 0.0
21.29029239 19.74480042 0.0
21.40099308 19.34297427 0.0
22.50992208 16.12819093 0.0
22.91750152 11.72317455 0.0
24.81327311 5.693219742 0.0
13.66312605 -8.54868697 0.0
23.56723855 -1.236694807 0.0
25.78862886 -0.3366253467 0.0
25.65942091 -0.3813485555 0.0
25.54227095 -0.3939324057 0.0
25.45505848 -0.3479925462 0.0
25.71284319 -0.2324328526 0.0
24.84495007 -0.06673112398 0.0
25.67802011 0.1809070416 0.0
25.81105353 0.2693990083 0.0
21.62288311 2.498352192 0.0
26.19777665 0.3624201426 0.0
23.04367806 -12.29300204 0.0
22.60971308 -16.20469763 0.0
20.94226601 -18.90911516 0.0
13.46276117 -21.97595449 0.0
17.86242294 -22.19352382 0.0
-1.910740277 -15.22665161 0.0
8.527058488 -23.70793623 0.0
0.5628334139 -22.88778134 0.0
1.381761889 -25.89211915 0.0
1.439854073 -24.83474166 0.0
1.031947848 22.19149787 0.0
-1.619185833 20.23039343 0.0
0.755281333 22.6863136 0.0
19.16775615 22.69941173 0.0
25.4559729 1.025299501 0.0
13.2112546 -21.98372814 0.0
14.08563841 -22.67791852 0.0
15.31693494 23.04732017 0.0
22.34757117 15.85793421 0.0
22.59727533 11.31503445 0.0
25.11938253 1.029927059 0.0
26.1703471 -0.2147834394 0.0
25.96054425 -0.3379806857 0.0
25.57751913 -0.3859235982 0.0
25.36132307 -0.2074023431 0.0
25.62545404 0.06587390115 0.0
25.9063438 0.1234182152 0.0
25.93035546 0.4928117783 0.0
24.18957425 -6.247798462 0.0
22.74334565 -11.9262321 0.0
20.88330625 -18.72568884 0.0
17.64175322 -21.93710522 0.0
13.58505654 -22.32586844 0.0
2.641086835 -23.29054793 0.0
0.3174694779 -22.68237905 0.0
1.186794142 -23.37237233 0.0
1.493936958 -25.53077368 0.0
1.428107954 -25.32361926 0.0
0.8855081824 22.30539029 0.0
3.061828805 21.67631966 0.0
14.86636626 22.83850211 0.0
18.87721055 22.47732062 0.0
21.24939657 19.65560326 0.0
25.5215969 -0.03383420469 0.0
25.65863663 0.007861896445 0.0
25.64804628 0.12181676 0.0
26.81375209 -0.2550796 0.0
25.21468453 -1.147165939 0.0
19.67458195 -20.83904937 0.0
1.66440064 -25.79536409 0.0
1.423917686 -25.52179148 0.0
1.338558144 -26.09070046 0.0
0.4564687032 22.09529223 0.0
20.49551808 21.61473697 0.0
21.35701546 19.12398559 0.0
21.91795676 10.87226577 0.0
26.22231766 0.08109269466 0.0
25.83144566 -0.1911163634 0.0
26.44443277 -0.2043042008 0.0
25.73376561 -0.3986534121 0.0
25.79612828 -0.2839308053 0.0
25.54948044 -0.1482566329 0.0
25.57214737 -0.007859162934 0.0
25.79171121 0.1027873319 0.0
25.73105377 0.1329338198 0.0
25.85099855 0.2160526514 0.0
26.72122386 0.2038591955 0.0
24.06913955 -5.861327803 0.0
23.90924275 -5.380956986 0.0
22.30773809 -15.85998291 0.0
20.74805392 -19.09706565 0.0
20.70333648 -18.98191284 0.0
19.55399879 -20.79552811 0.0
17.33283501 -21.81205625 0.0
3.475141964 -25.16072627 0.0
1.477727381 -25.95406641 0.0
1.488700299 -25.78993399 0.0
1.481501046 -25.47562248 0.0
1.569705618 -25.04488678 0.0
1.5150332 -25.58003318 0.0
1.467981796 -25.41592309 0.0
4.76270829 23.52835804 0.0
3.154984714 22.98583651 0.0
10.32891977 23.2203786 0.0
18.57316529 22.40020272 0.0
18.29455858 22.27030721 0.0
21.2005023 19.61846558 0.0
25.79163281 -0.38498879 0.0
25.6549689 -0.4000245124 0.0
25.5285316 -0.2482774091 0.0
26.3295072 0.1793635476 0.0
22.45945589 -16.00532672 0.0
20.37376903 21.61160997 0.0
21.29494482 19.00538686 0.0
24.86221942 5.451228392 0.0
22.20494745 11.00023215 0.0
26.48869781 0.2883792262 0.0
25.60369901 -0.3247434799 0.0
25.70736586 -0.3770800235 0.0
25.6287989 -0.4190840299 0.0
25.54746693 -0.4015156564 0.0
25.48299942 -0.3246848162 0.0
25.46802022 -0.244156071 0.0
25.49487209 -0.1434830255 0.0
25.52009129 -0.02732367357 0.0
25.65118586 0.1018099841 0.0
26.03903857 0.1414218803 0.0
26.0439318 0.3422290087 0.0
25.13693501 -0.4998273226 0.0
22.39903254 -11.63517194 0.0
20.6552002 -18.95502479 0.0
19.45886056 -20.73264405 0.0
17.09440014 -21.63635598 0.0
8.055492075 -23.47722877 0.0
1.272533354 -25.4578386 0.0
1.250822457 -25.52004825 0.0
1.478941817 -25.35414694 0.0
1.556211644 -25.45505553 0.0
0.7206377355 21.58042229 0.0
4.031267426 23.32502415 0.0
9.853679102 23.01302464 0.0
14.50530706 22.53704509 0.0
18.11184375 22.13078858 0.0
21.18711904 18.97982193 0.0
25.30869252 0.4558179431 0.0
25.59861231 -0.4080479435 0.0
25.78231619 0.1525396009 0.0
25.62517935 0.2583371109 0.0
23.84511857 -5.110643504 0.0
2.531541659 -24.80638354 0.0
1.451776556 -25.37658425 0.0
20.25678936 21.58855054 0.0
21.14387245 19.59763275 0.0
21.07415255 18.92891741 0.0
21.88300924 15.45314131 0.0
24.71725239 4.935318299 0.0
25.23434519 0.2634748274 0.0
25.89716795 -0.3448054407 0.0
25.60870012 -0.3858091676 0.0
25.60191611 -0.4108119429 0.0
25.54602605 -0.4049514307 0.0
25.54849708 -0.4107336993 0.0
25.50423519 -0.3254401007 0.0
25.46557632 -0.2360541009 0.0
25.4832873 -0.1454603705 0.0
25.58501513 0.08419101405 0.0
25.64636397 0.1048359165 0.0
25.65264209 0.1648022561 0.0
25.62592379 0.2568210283 0.0
25.65364581 0.2449622568 0.0
25.67807018 0.6386153303 0.0
24.94770663 -0.1792414486 0.0
23.91781864 -4.871519883 0.0
22.13746761 -11.51347522 0.0
22.12585264 -15.79040792 0.0
20.67572932 -18.57590837 0.0
20.58030491 -18.9179745 0.0
16.98701876 -21.47390798 0.0
12.95240846 -21.745423 0.0
7.686030414 -23.40287958 0.0
2.08058238 -24.70345069 0.0
1.206192878 -25.20682416 0.0
1.226042166 -25.30796859 0.0
1.502890615 -25.34540244 0.0
1.536718238 -25.37763291 0.0
1.441791517 -25.38080233 0.0
1.431348739 -25.18627992 0.0
0.7149146451 21.292283 0.0
3.476957571 23.09074174 0.0
2.780456882 22.9056246 0.0
9.484062939 22.90404316 0.0
14.22671364 22.28545095 0.0
17.89393308 21.98816915 0.0
25.70419486 -0.2113893867 0.0
16.85360031 -21.29671038 0.0
0.3417675308 21.8618168 0.0
20.12388987 21.56393687 0.0
21.08797982 19.57475786 0.0
21.38505619 15.0592805 0.0
24.67604052 4.697022128 0.0
24.71985372 4.301987524 0.0
25.2869281 0.2151033624 0.0
25.64384382 -0.2901563583 0.0
25.61491448 -0.368063119 0.0
25.63598549 -0.3329742755 0.0
25.58299783 -0.4290209612 0.0
25.54808938 -0.4184958872 0.0
25.51028714 -0.3254876411 0.0
25.51727061 -0.06819685841 0.0
25.58939957 0.05974709213 0.0
25.51511311 -0.1409526504 0.0
25.65432673 0.1572768129 0.0
25.64734577 0.4664587649 0.0
25.64945533 0.2378282612 0.0
25.60928797 0.6638483678 0.0
25.02383036 -0.03313611146 0.0
21.87216263 -11.42091528 0.0
20.7735938 -18.59921581 0.0
21.92631575 -15.71655617 0.0
20.58260185 -18.53941826 0.0
20.51111717 -18.89350815 0.0
19.3587733 -20.67126086 0.0
16.65274523 -21.08501997 0.0
12.67575603 -21.51303632 0.0
2.337473374 -24.78580046 0.0
7.31482458 -23.4653841 0.0
1.826105782 -24.67096297 0.0
1.192855255 -25.14788294 0.0
1.286915449 -25.3226032 0.0
1.537635002 -25.33731031 0.0
1.418605451 -25.17009469 0.0
0.7759124786 21.355898 0.0
0.3109542592 21.86550486 0.0
9.095731186 22.86149568 0.0
8.628209904 22.88436231 0.0
13.93096693 22.03644579 0.0
13.23882558 21.52131403 0.0
25.51368601 -0.04478721 0.0
25.50129678 -0.3379454828 0.0
12.79565124 21.27894844 0.0
21.02059841 19.54354116 0.0
21.64589307 15.27518183 0.0
20.94784527 18.84590191 0.0
21.10494434 14.82615256 0.0
24.73177546 4.527719011 0.0
21.33121439 10.59491988 0.0
25.42211756 0.1149543478 0.0
25.36163421 0.1779768559 0.0
25.65037565 -0.3497841825 0.0
25.65206913 -0.2812963071 0.0
25.58120212 -0.431572182 0.0
25.60149512 -0.4006207935 0.0
25.52244452 -0.3280176169 0.0
25.46995762 -0.2269617215 0.0
25.48101451 -0.146746268 0.0
25.67582434 0.1409290474 0.0
25.60268493 0.4696432604 0.0
25.31107965 0.4428068446 0.0
21.57828827 -11.30910632 0.0
20.47619571 -18.49983082 0.0
20.43056996 -18.86819048 0.0
19.23129628 -20.5983414 0.0
16.36870348 -20.80382614 0.0
12.34317532 -21.26157554 0.0
6.870643936 -23.62428059 0.0
1.644920288 -24.70418926 0.0
1.221187774 -25.16205344 0.0
1.533808681 -25.34460422 0.0
1.531973922 -25.32457529 0.0
1.382160738 -25.20071603 0.0
0.8096363115 21.41449387 0.0
0.3610425329 21.89276559 0.0
2.329369582 22.76106302 0.0
19.95510056 21.52705553 0.0
25.62571818 0.657270384 0.0
24.06746116 -4.603084317 0.0
1.516118429 -25.32433149 0.0
1.437916223 22.57952595 0.0
20.93613252 19.49418988 0.0
20.80267673 18.72894435 0.0
21.01804409 10.37695108 0.0
25.46708455 0.01700772338 0.0
25.69833934 -0.2797632409 0.0
25.71825595 -0.1254496508 0.0
25.58087548 -0.4324814682 0.0
25.54660251 -0.426543751 0.0
25.47597145 -0.1468744254 0.0
25.6050692 0.02825787505 0.0
25.51698471 -0.09994293687 0.0
25.66732457 0.07810269848 0.0
25.67740785 0.02265980747 0.0
25.6786751 0.128061534 0.0
25.64104396 0.4443303421 0.0
25.61289729 0.6503021848 0.0
25.23901539 0.2497924715 0.0
20.33062369 -18.83407442 0.0
16.00201364 -20.45752583 0.0
11.93973172 -21.00907185 0.0
6.327718119 -23.86989554 0.0
1.287457867 -25.17311062 0.0
1.571182077 -25.33757554 0.0
1.431415783 -25.3847454 0.0
1.401008863 -25.18214927 0.0
1.359975947 -25.22125396 0.0
0.8274999036 21.47274652 0.0
0.4584302333 21.91827371 0.0
1.871568204 22.62988299 0.0
8.086971749 23.00011112 0.0
17.6001326 21.83665431 0.0
19.75459218 21.46539657 0.0
12.19414974 21.1537565 0.0
24.7364478 3.98866472 0.0
20.50364037 14.3596283 0.0
25.58789243 -0.4338875482 0.0
25.52124429 -0.3332187671 0.0
21.48007121 -15.51452578 0.0
20.20585559 -18.78084345 0.0
1.432997548 -25.31617842 0.0
11.36265596 21.24152161 0.0
20.82724346 19.41626091 0.0
20.64136997 18.58350428 0.0
20.72556668 10.05632934 0.0
24.79843137 3.543256198 0.0
25.71426482 -0.1988774537 0.0
25.66541439 -0.2110764251 0.0
25.61842903 -0.4229356463 0.0
25.54596911 -0.435331385 0.0
25.46463138 -0.2170846446 0.0
25.44126358 -0.2081823915 0.0
25.47528368 -0.1472235708 0.0
25.61258176 -0.01051161552 0.0
25.67646692 0.05020999944 0.0
25.66896857 0.1214379519 0.0
25.62456003 0.2389633628 0.0
25.61580834 0.4286453925 0.0
25.59114817 0.6505679776 0.0
24.25324174 -4.284689115 0.0
20.69636319 -10.56977985 0.0
21.21969349 -15.36946562 0.0
20.34843212 -18.45963022 0.0
20.05108 -18.70804452 0.0
18.92050721 -20.40313946 0.0
11.41601457 -20.75797806 0.0
1.454075651 -24.79829422 0.0
1.367250721 -25.16446239 0.0
1.612240802 -25.24567222 0.0
1.617415979 -25.33033535 0.0
1.487710379 -25.32852934 0.0
1.419554608 -25.38154782 0.0
0.856614643 21.50487847 0.0
0.8951078351 21.47431295 0.0
0.5744007893 21.96511604 0.0
0.6851042245 22.04420967 0.0
7.425967195 23.16801009 0.0
17.24858641 21.66048897 0.0
19.53377372 21.38071014 0.0
25.71340684 -0.1106910545 0.0
5.649411788 -24.0634613 0.0
1.339415157 -25.36097791 0.0
19.02724411 21.12160078 0.0
20.69309727 19.3093964 0.0
20.80690657 14.59084063 0.0
20.46800156 18.41309901 0.0
20.22640506 14.13784321 0.0
20.52195053 9.596865591 0.0
24.88135963 2.946752288 0.0
25.49844993 -0.1059903713 0.0
25.65959222 0.03383079704 0.0
25.71185789 -0.01664168908 0.0
25.63991704 -0.3584176896 0.0
25.68189539 -0.1228252003 0.0
25.60546208 -0.433236363 0.0
25.63328052 -0.3883341823 0.0
25.55022328 -0.4416149258 0.0
25.45361195 -0.2091411347 0.0
25.483862 -0.339960745 0.0
25.42890379 -0.2158456392 0.0
25.47791416 -0.1471827985 0.0
25.61565048 -0.0568475748 0.0
25.5154277 -0.1922726661 0.0
25.67483952 -0.003305915981 0.0
25.65451011 0.1209975346 0.0
25.54228452 0.4218167829 0.0
25.57328472 0.6459602949 0.0
24.39338822 -3.884391486 0.0
25.37887613 0.6819383071 0.0
20.95244394 -10.92123338 0.0
20.57280361 -10.05262971 0.0
20.94188856 -15.18961319 0.0
20.19808048 -18.4190066 0.0
19.87905102 -18.627577 0.0
18.74814866 -20.28064239 0.0
15.57758898 -20.06102399 0.0
3.725312642 -24.38837135 0.0
1.222724063 -24.84797586 0.0
1.518462995 -25.2881885 0.0
1.426223042 -25.15813866 0.0
1.69997439 -25.18254876 0.0
1.677652446 -25.32652159 0.0
1.45061975 -25.33603754 0.0
1.415018177 -25.38031266 0.0
1.333481907 -25.24201203 0.0
6.562292774 23.35803954 0.0
16.83255436 21.45863154 0.0
19.29237668 21.26876165 0.0
1.017319763 22.65809791 0.0
20.53459403 19.17733737 0.0
20.28815335 18.22388673 0.0
20.53011861 8.97627529 0.0
24.91049715 2.260476393 0.0
25.69375141 -0.002650989937 0.0
25.52470215 -0.212121487 0.0
25.63340568 0.05953373915 0.0
25.7066789 0.07533015455 0.0
25.65789704 -0.3055155916 0.0
25.70796787 -0.02039985537 0.0
25.66427419 -0.3198924468 0.0
25.5597696 -0.4427042605 0.0
25.47314999 -0.3361601517 0.0
25.48083116 -0.1489492134 0.0
25.61825987 -0.1108342144 0.0
25.61881572 -0.1698115402 0.0
25.66718942 -0.02518719801 0.0
25.59387559 0.2458217826 0.0
25.63527143 0.1272894478 0.0
25.58034425 0.425159474 0.0
25.49604926 0.4155438747 0.0
25.55584498 0.6316122298 0.0
24.5273412 -3.347541869 0.0
25.4341393 0.9133881984 0.0
20.71191612 -9.345829075 0.0
20.66576688 -14.96847371 0.0
20.01954999 -18.38034793 0.0
18.56257847 -20.13992904 0.0
10.7204368 -20.58729047 0.0
15.10386594 -19.63929845 0.0
4.776669739 -24.17859411 0.0
1.032621216 -24.799928 0.0
1.440085243 -25.01577472 0.0
1.757960931 -25.11778782 0.0
1.751139402 -25.38436736 0.0
1.402805199 -25.34677694 0.0
1.437326207 -25.38745504 0.0
1.30956821 -25.25531826 0.0
0.945996191 21.44326492 0.0
0.5002782221 23.14567261 0.0
5.390008031 23.73798664 0.0
16.35642958 21.23060124 0.0
25.5243238 -0.3236182063 0.0
20.35568357 19.02415558 0.0
19.96880013 13.90023724 0.0
20.82903453 8.163350903 0.0
24.83406372 1.589470413 0.0
25.55613464 -0.275412481 0.0
25.6864926 0.1500281782 0.0
25.68411697 -0.2248094361 0.0
25.73512118 0.08354164636 0.0
25.41786141 -0.2331869605 0.0
25.5190562 -0.2541741156 0.0
25.50552309 -0.1601858388 0.0
25.65053159 -0.04086823837 0.0
25.55976018 0.2574321183 0.0
25.60867286 0.1402140305 0.0
24.75669935 -1.562957715 0.0
24.64843962 -2.534987869 0.0
18.3220788 -19.97993714 0.0
9.822507659 -20.64609133 0.0
14.53685455 -19.27977788 0.0
0.9190676932 -24.75912436 0.0
1.407439634 -24.94098168 0.0
1.823938554 -25.40557325 0.0
1.501871368 -25.40585814 0.0
1.275031018 -25.37948337 0.0
1.281591252 -25.26157018 0.0
0.7771202008 22.10250007 0.0
1.011051709 21.42831856 0.0
0.6962334473 22.92259654 0.0
15.84082368 20.96870898 0.0
18.71703713 20.93678735 0.0
25.46554901 -0.3224538619 0.0
25.55049237 0.6271518403 0.0
19.69889174 -18.54578944 0.0
3.931113542 24.11004817 0.0
20.11944625 18.0178912 0.0
25.72318307 -0.1192950398 0.0
25.61248204 -0.2277246377 0.0
25.52025262 0.2730251971 0.0
25.51456392 1.064456142 0.0
20.43609168 -14.71882386 0.0
19.80800656 -18.34326063 0.0
8.741388177 -21.01459121 0.0
2.751524978 -24.31786781 0.0
0.8492117788 22.16467653 0.0
10.28558644 21.64878109 0.0
15.26885343 20.69965062 0.0
23.59921193 5.613606271 0.0
22.10814519 -7.627433169 0.0
2.23708821 -25.91953939 0.0
25.02008206 0.139227646 0.0
24.67850073 0.745800435 0.0
2.843530655 25.47803583 0.0
17.70036926 -15.15137544 0.0
19.33357833 13.9614989 0.0
15.96043223 16.74755916 0.0
25.39291352 1.45338087 0.0
3.801702683 -24.83908082 0.0
9.212424867 22.33925525 0.0
11.1180894 19.77999943 0.0
19.43089538 -8.227583505 0.0
25.31204177 -0.3542061324 0.0
25.0160624 -2.061779769 0.0
15.25312108 15.54705789 0.0
18.60972191 11.95711832 0.0
16.94727445 -13.35647551 0.0
12.78131564 -17.25056443 0.0
21.63227783 6.743337503 0.0
19.24798361 11.78036342 0.0
24.72258456 0.3584084702 0.0
5.381096454 24.03097503 0.0
24.25806696 -2.470114041 0.0
7.361776624 -23.31941747 0.0
8.953048534 -21.54102766 0.0
14.54283548 -18.05940868 0.0
21.99547036 0.02094434106 0.0
25.79714891 0.4743641284 0.0
25.68244828 0.7247315317 0.0
25.64942078 0.7220725062 0.0
25.05949019 0.6689632537 0.0
14.97663673 -18.55428804 0.0
1.530394141 -25.68553393 0.0
1.493583861 -26.49721073 0.0
3.366698966 -26.2966923 0.0
9.140393223 -22.88684524 0.0
2.077048318 26.41556592 0.0
1.926637868 26.43130243 0.0
2.29641745 25.94642521 0.0
24.85949627 -0.4108972636 0.0
5.620263164 25.29953554 0.0
24.93588655 -0.1925204585 0.0
22.87537078 7.817591804 0.0
25.13915318 -0.4948026265 0.0
25.21730776 -0.3511740808 0.0
24.95716285 -0.05241264296 0.0
25.77740718 1.022808592 0.0
25.89511896 0.2384476689 0.0
25.16991591 0.707550255 0.0
20.75200057 0.3226758706 0.0
23.96392333 -0.1295308289 0.0
23.01895424 -2.545924389 0.0
20.11109428 -7.613857759 0.0
2.118751482 26.41654541 0.0
1.844376158 26.15788996 0.0
2.080660527 25.74461089 0.0
5.887946705 22.61322485 0.0
25.70560505 -0.1212516281 0.0
25.30471883 0.2045993942 0.0
24.85859752 -1.305058689 0.0
24.71975755 -0.264542156 0.0
24.92323153 0.6739155446 0.0
17.10920976 15.1277052 0.0
24.66275581 1.721686138 0.0
1.313761539 -24.80658794 0.0
2.254363231 -23.87124897 0.0
2.160825355 -24.15961783 0.0
1.47174241 -26.18894902 0.0
1.789906359 -26.59575974 0.0
15.19942155 -16.78426304 0.0
3.841914027 -23.88250296 0.0
7.837471162 -20.40558618 0.0
21.57415823 6.939897052 0.0
10.2759536 18.08976879 0.0
14.55548356 15.64226453 0.0
16.29812697 -13.02563221 0.0
12.46069568 -16.88202209 0.0
0.583380742 -25.66481971 0.0
1.100981364 -24.88397688 0.0
1.82065648 -24.40293824 0.0
2.20995872 -23.64747495 0.0
1.932898692 -24.0419958 0.0
1.586295304 -25.26485559 0.0
1.486606972 -26.16983448 0.0
3.611937885 -26.45687373 0.0
10.0717065 -22.00506983 0.0
18.84435426 -15.83657185 0.0
21.9260095 -10.12916508 0.0
25.3722658 -2.579914489 0.0
25.40401437 0.7756175163 0.0
25.72201408 0.9498595951 0.0
25.68195686 0.8757047163 0.0
25.55591879 0.9597537899 0.0
25.21455291 0.7810457876 0.0
25.07418281 0.252821012 0.0
25.19158368 -0.2027462913 0.0
25.49874838 -0.2196955472 0.0
25.51039376 -0.3677080654 0.0
25.82763543 -0.2955636507 0.0
25.78847174 0.5094012584 0.0
25.75120148 0.2983298723 0.0
25.72909594 0.05739078394 0.0
25.60207639 -0.0382686721 0.0
25.40743139 0.0932527423 0.0
25.13504396 -0.3293770581 0.0
24.90594209 -0.2962176403 0.0
24.99607654 -0.3250414003 0.0
25.22891765 -0.5576787177 0.0
25.13707449 1.15658671 0.0
19.30258883 15.0409814 0.0
16.93228741 18.05379033 0.0
12.23329004 20.69448167 0.0
6.185052878 25.45496772 0.0
2.259216399 25.81977888 0.0
1.639719279 26.17849405 0.0
1.553742474 25.32610366 0.0
1.635375225 23.96057064 0.0
1.230237899 23.13135668 0.0
3.101494128 -23.88551219 0.0
1.723986285 -25.5859288 0.0
1.735605736 -26.63405536 0.0
2.064425125 -26.66420182 0.0
1.655337764 -26.13162569 0.0
-0.07480740214 -26.24670311 0.0
0.6930714415 -26.01894254 0.0
0.9353473617 -25.79431181 0.0
1.516159127 23.53509766 0.0
2.726205799 25.9292204 0.0
2.111516707 26.3245071 0.0
1.183731269 25.97623567 0.0
4.691228853 21.47663824 0.0
23.41283385 -1.767934538 0.0
25.87606316 0.1315878642 0.0
25.11266764 0.7952248074 0.0
24.97085114 0.603877874 0.0
25.68640342 -0.2097397017 0.0
25.42140643 0.0326993466 0.0
25.71286959 0.1358444235 0.0
25.38135508 0.1736207135 0.0
24.93958708 -1.060264024 0.0
25.01494522 -0.2090273845 0.0
24.79873282 0.9604378978 0.0
25.50527934 -0.4569451495 0.0
24.6718943 0.8109978341 0.0
17.5431147 11.87257417 0.0
10.3146111 19.06849405 0.0
13.91905304 15.73648465 0.0
16.34017699 -12.23978664 0.0
19.58600768 -7.129871003 0.0
1.505553469 -25.98062912 0.0
2.044587254 -25.92266714 0.0
16.13551139 17.63311375 0.0
19.45369648 14.35325661 0.0
2.1869372 -23.79644244 0.0
2.246892843 -23.73517302 0.0
24.84722779 -0.3351140254 0.0
25.71195156 0.5414719794 0.0
25.16516717 0.160127393 0.0
25.69008602 -0.04615728377 0.0
24.74368974 -1.371206713 0.0
21.7997018 -9.835818662 0.0
18.4232744 -15.29778981 0.0
2.290551342 -23.89982687 0.0
1.271968055 -24.65488751 0.0
0.4833780825 -25.50804296 0.0
0.9909341118 -25.46346915 0.0
20.31930323 0.08801558605 0.0
25.43636312 0.8199420207 0.0
-0.4946017639 -26.2231268 0.0
0.4420256119 -26.19404111 0.0
24.36163083 -0.1288365262 0.0
25.80453819 0.8702906018 0.0
24.8859912 0.3361189048 0.0
25.84149545 1.04058352 0.0
25.08131097 -0.09619419174 0.0
24.85072929 -0.02262674511 0.0
1.481778494 23.72962188 0.0
1.617498483 23.91624 0.0
2.485276477 25.96948366 0.0
2.101883699 26.00344704 0.0
1.760321375 26.28385189 0.0
1.88606966 25.07697301 0.0
25.33470146 -0.3527972298 0.0
25.55323428 -0.2095454928 0.0
26.06937835 -0.1179732047 0.0
26.33458048 0.05657682742 0.0
25.5483371 0.3173421565 0.0
25.39735473 -0.1500779596 0.0
26.09509058 -0.726186679 0.0
25.86557703 -0.4433521355 0.0
25.82406394 -0.2635742058 0.0
2.042930069 -24.33083932 0.0
1.576293192 23.8966172 0.0
1.415196137 24.95052802 0.0
11.09652435 21.39779802 0.0
17.71263752 18.30546746 0.0
18.94293304 15.93144104 0.0
22.70061486 8.009894177 0.0
22.2266349 8.602550999 0.0
25.34383566 -0.547720187 0.0
25.0544798 -0.08085925053 0.0
25.25813748 -0.08411407096 0.0
25.65056955 -0.01614104676 0.0
25.65850729 -0.3970687907 0.0
25.53367738 -0.4946577662 0.0
25.47287477 -0.1877646538 0.0
25.11304894 0.2224011046 0.0
25.26183842 0.6294111852 0.0
25.19699876 -2.661834034 0.0
21.73665446 -10.68191294 0.0
16.00693906 -18.51888279 0.0
17.06573045 -18.53407197 0.0
11.50593057 -20.8822745 0.0
2.125199762 -23.839312 0.0
1.690837735 -24.51136425 0.0
0.9370568794 -25.71285742 0.0
0.5032030792 -25.99673488 0.0
0.3521207602 -25.91328613 0.0
8.119363436 -20.60881708 0.0
0.8922410294 -25.5024666 0.0
1.272052809 -26.3606736 0.0
1.877576088 -26.66073355 0.0
2.175568155 -26.65078591 0.0
1.924439726 -26.06214174 0.0
2.165988645 -23.46708814 0.0
2.056779181 -23.93356662 0.0
0.739804286 -26.13451919 0.0
1.270113913 -25.30237365 0.0
2.855207146 25.96082595 0.0
24.32937465 -0.8326343979 0.0
19.70534891 0.1032420797 0.0
25.62882209 1.042572262 0.0
25.80975432 -0.02215696701 0.0
25.78967892 -0.08746824757 0.0
2.022869069 26.13092327 0.0
1.633351043 26.07470545 0.0
1.26732127 25.97807415 0.0
25.4322063 -0.01154233325 0.0
25.75177106 -0.1561906823 0.0
24.38169461 0.7168775958 0.0
19.9772149 6.719277566 0.0
12.41666812 -15.88232953 0.0
7.589750935 -18.68209681 0.0
24.738254 0.8724627263 0.0
5.301348426 22.4940886 0.0
17.70937925 11.48590254 0.0
21.63866313 6.660444116 0.0
22.93126114 -1.377740641 0.0
19.77596652 -7.748300871 0.0
16.32094354 -12.3269982 0.0
12.86901844 -15.69764342 0.0
9.044479982 19.45521184 0.0
12.84090651 15.19971935 0.0
25.6755302 0.9136859093 0.0
25.2482692 -0.2143289697 0.0
-0.5688005814 -26.1705855 0.0
2.190968966 25.69166053 0.0
24.83439679 -0.0208119571 0.0
1.826536317 -23.8224617 0.0
24.7939646 0.2893946591 0.0
25.03632872 -0.2035398895 0.0
24.65388629 -1.127718281 0.0
25.56536967 -0.1945551628 0.0
24.72273573 1.002708312 0.0
25.13450959 0.2320434964 0.0
26.0148912 -0.6640714657 0.0
26.28706623 0.07386724274 0.0
24.57968893 -2.026713241 0.0
17.5065426 0.9318481595 0.0
1.128854504 26.00595758 0.0
24.78166892 -0.116188611 0.0
1.390449922 24.20160857 0.0
1.150699958 -25.99122255 0.0
1.340529049 -25.72638498 0.0
1.143373475 -25.05338279 0.0
1.613229742 -24.60909165 0.0
1.956423764 -24.09324219 0.0
1.778045422 -23.65180451 0.0
1.614693196 -24.64560685 0.0
1.622347625 -25.20103381 0.0
5.548980137 -25.13479909 0.0
13.08597558 -19.94671821 0.0
19.0035934 -17.35671633 0.0
21.34054595 -11.34320176 0.0
25.45416316 -3.043258134 0.0
25.74999484 0.841679385 0.0
25.83322802 1.054974717 0.0
25.64955786 0.8487746967 0.0
25.44024073 0.6930376356 0.0
25.29605603 0.5064434338 0.0
25.31048167 -0.1928597707 0.0
25.4007085 -0.3562061655 0.0
25.43547712 -0.3666820753 0.0
25.52093554 -0.285495846 0.0
25.56846656 -0.5667127985 0.0
25.69733413 0.3274908889 0.0
25.80341561 0.3340187273 0.0
25.80572072 0.2086844372 0.0
25.70932414 0.04577455426 0.0
25.51993997 0.006063283258 0.0
25.29221984 0.02362487658 0.0
25.14993709 0.05673790747 0.0
25.21743199 -0.1683833198 0.0
25.47233549 -0.5052422465 0.0
25.61991524 1.964388139 0.0
21.58789759 9.420022346 0.0
18.77298686 16.6158797 0.0
15.02936292 19.56338872 0.0
8.269424917 23.74064389 0.0
13.68352224 20.04074689 0.0
2.500098199 26.04521328 0.0
0.9818402343 25.56109924 0.0
1.328137267 24.70276321 0.0
1.482087434 23.75221667 0.0
1.341776556 22.59350444 0.0
0.5444092921 -25.52111455 0.0
1.954687281 -26.54065106 0.0
2.135770112 -26.63845906 0.0
2.297491564 -26.03651381 0.0
2.13656751 -23.15931566 0.0
1.366376423 -23.96914034 0.0
0.5852228506 -26.61933625 0.0
0.2479218273 -26.00533234 0.0
1.913643429 23.19422747 0.0
25.92048344 0.511854969 0.0
25.70416198 -0.1712137913 0.0
24.77807231 0.6197649985 0.0
25.37584541 0.2493413863 0.0
26.44640217 0.1493431599 0.0
25.88161143 -0.02691186646 0.0
25.83760848 -0.09644376517 0.0
24.81268038 -2.301241648 0.0
25.90718758 1.160314037 0.0
18.97199326 0.3853323682 0.0
24.26808326 -1.369304163 0.0
25.3000923 0.5595396304 0.0
24.75150274 1.187178306 0.0
15.96440187 11.0073986 0.0
18.82320187 5.924501324 0.0
2.704622683 25.98687132 0.0
1.906372243 25.95926066 0.0
1.497523927 25.9632491 0.0
1.236729498 25.89271174 0.0
1.432297533 26.17976535 0.0
0.100690819 24.58171274 0.0
0.9761888223 23.79991642 0.0
23.25183547 -2.429336061 0.0
19.48288788 -7.004850065 0.0
3.39757241 23.29825486 0.0
8.018997951 18.78890659 0.0
16.35992666 -11.74523774 0.0
12.8007158 -15.3564745 0.0
12.54185203 15.14563726 0.0
25.53919296 -0.4276077748 0.0
25.76235109 0.444797719 0.0
25.76926181 0.1386424212 0.0
25.4910982 1.525170542 0.0
18.35074204 18.34365231 0.0
7.053093321 24.98063685 0.0
4.287137779 -26.27709069 0.0
1.467782107 -25.6051861 0.0
1.616828517 23.40405824 0.0
25.54147404 0.3655176858 0.0
25.50091355 0.9395620674 0.0
25.59907009 0.8676721787 0.0
25.490454 -2.731940811 0.0
25.842007 0.6865729572 0.0
25.3314403 0.4891280363 0.0
26.44070069 0.1399393683 0.0
24.34993963 1.900204562 0.0
0.8326717834 -26.05039847 0.0
2.621222067 -21.99612631 0.0
3.129657077 -24.05258321 0.0
8.874974185 -19.17768383 0.0
0.3355413912 -25.68169594 0.0
1.266543324 -25.83307869 0.0
1.663266592 -25.72471993 0.0
1.3455332 -25.10383752 0.0
1.587701625 -24.66319612 0.0
1.742460949 -24.32623867 0.0
1.704164416 -23.73002869 0.0
1.404055053 -24.38218556 0.0
1.988817941 -24.63914241 0.0
7.34631433 -23.29341061 0.0
14.59866699 -19.35690078 0.0
18.52582682 -18.56946371 0.0
19.0588589 -17.80171677 0.0
20.87091988 -12.02710153 0.0
25.04969993 -3.62684088 0.0
25.91796124 0.6881336253 0.0
25.94521031 1.025422101 0.0
25.61175886 0.7650366915 0.0
25.40486419 0.5765684719 0.0
25.32350796 0.4292463685 0.0
25.3188507 0.1931717083 0.0
25.48718773 0.8401878537 0.0
25.38751504 -0.1539826574 0.0
25.54418286 -0.3401150809 0.0
25.60403312 -0.54955336 0.0
25.44628785 -0.412397443 0.0
25.63729258 0.1684499565 0.0
25.793958 0.2418514838 0.0
25.81770455 0.2464067959 0.0
25.75984685 0.1249935175 0.0
25.59846734 0.03968388453 0.0
25.37202718 0.06558729237 0.0
25.23555871 0.07484893021 0.0
25.34239649 -0.09588881881 0.0
25.58838612 -0.4646997553 0.0
25.54257042 2.509034422 0.0
20.93839527 10.36405518 0.0
18.92918501 16.98918988 0.0
18.77932007 18.26818725 0.0
16.10112938 19.46203212 0.0
9.595297226 22.39012895 0.0
2.980573901 26.29713671 0.0
0.7378682878 25.27870699 0.0
1.269631198 24.39597535 0.0
1.410409186 23.500044 0.0
1.323266632 22.28107355 0.0
1.58872264 -24.75642438 0.0
0.5652269265 -26.98172315 0.0
1.189898791 -26.40510875 0.0
2.333643036 25.97385585 0.0
24.77617657 -0.3636538885 0.0
25.98040514 0.3718066584 0.0
25.55289276 -0.3046033141 0.0
25.98848559 1.175358286 0.0
18.31781938 0.6749029703 0.0
24.5171684 -1.583965979 0.0
24.88308628 1.049641053 0.0
24.62336218 0.2705199066 0.0
26.8889926 0.8537466588 0.0
25.08233314 1.109332158 0.0
22.67810252 -2.392369297 0.0
21.09160234 -6.56296565 0.0
25.8146556 0.03572822095 0.0
0.4418227942 -24.56657573 0.0
24.94179311 -0.6412282101 0.0
26.13834781 -0.1881397907 0.0
24.91052263 0.5752899682 0.0
25.95299066 -0.5343924515 0.0
25.96652776 -0.4152955908 0.0
26.01469853 0.5663992639 0.0
25.70344862 0.739490701 0.0
16.96886876 -1.021099752 0.0
15.80097385 -0.6080011742 0.0
15.81192382 1.299948417 0.0
17.34603498 9.917671048 0.0
21.72428019 5.593530248 0.0
8.048381689 -19.40522951 0.0
1.758450273 25.78935341 0.0
1.417803547 25.94886911 0.0
1.282943404 25.81926778 0.0
0.4482650687 24.43825492 0.0
1.102993642 24.12282966 0.0
1.608319038 26.09936535 0.0
3.23558395 22.83251471 0.0
7.827836818 19.95918895 0.0
16.99777744 -10.83647373 0.0
12.5641792 -13.82926053 0.0
12.62927853 13.3923357 0.0
25.22375729 0.2083383749 0.0
1.78940886 -24.30470149 0.0
1.465962412 -25.71160889 0.0
0.4480601217 -23.95505474 0.0
2.013042541 -22.72794954 0.0
2.860340763 -26.077439 0.0
2.001640791 -26.62418417 0.0
2.001509664 -26.42742284 0.0
0.9158489038 -26.20877762 0.0
25.44149838 -0.356679894 0.0
25.44851532 0.02637447824 0.0
1.326634191 25.80715899 0.0
24.71893772 -0.756401713 0.0
24.73794453 1.057658295 0.0
25.85425354 0.09602056167 0.0
25.27823588 0.7356097304 0.0
25.27923693 -0.5761726075 0.0
25.90064283 0.01500095504 0.0
24.85645389 -1.057442626 0.0
24.54914773 0.1445498794 0.0
24.5998566 -0.592748257 0.0
26.40338203 -0.1349423135 0.0
24.64583917 -0.3237164183 0.0
24.6890298 0.4661339889 0.0
24.81640431 0.9295246519 0.0
0.2880217221 -25.82973503 0.0
0.8683012602 -26.11315838 0.0
1.616190163 26.01202687 0.0
4.722977226 -22.73667394 0.0
0.485077319 -25.53041681 0.0
1.272429078 -25.67181145 0.0
1.83165733 -25.67220017 0.0
1.594994495 -25.22028441 0.0
1.569209865 -24.71221811 0.0
1.564779015 -24.4503523 0.0
1.490778362 -23.97654332 0.0
1.286904059 -24.18247002 0.0
2.436174773 -23.74339416 0.0
9.25510135 -21.44253388 0.0
15.76600241 -19.21285075 0.0
18.87496062 -18.5037358 0.0
19.12290144 -18.03271549 0.0
20.49340353 -12.74330199 0.0
24.14788156 -4.536917555 0.0
25.97925143 1.091468488 0.0
25.524512 0.6985023611 0.0
25.37809572 0.4934099402 0.0
25.34965349 0.3742711958 0.0
25.39830572 0.1920388021 0.0
25.45792018 -0.1126814041 0.0
25.46236263 -0.3526196394 0.0
25.54816585 -0.4008487359 0.0
25.57218227 -0.484750125 0.0
25.3690228 -0.3641421139 0.0
25.5824727 -0.02304793794 0.0
25.77220419 0.08284530331 0.0
25.8142273 0.2186811702 0.0
25.65282076 0.1005197059 0.0
25.47442132 0.1066610549 0.0
25.34428309 0.05970892897 0.0
25.47396129 -0.103682215 0.0
25.65571774 -0.3187575498 0.0
24.957412 3.344216951 0.0
20.39614846 11.32809382 0.0
19.29240213 17.17384375 0.0
19.13804115 18.24194279 0.0
16.8319137 19.6954554 0.0
10.95831348 21.36317836 0.0
4.069680728 25.99411518 0.0
0.7521646341 24.97351394 0.0
1.217195744 24.06878379 0.0
1.335481874 23.18505554 0.0
1.256936527 21.99923993 0.0
1.745175475 -24.14201863 0.0
2.071431671 -26.31647898 0.0
0.5439725131 -25.4083833 0.0
0.7064541004 -26.45303575 0.0
1.710394679 25.91346595 0.0
26.92318384 0.5275771324 0.0
24.52261973 -0.8701829245 0.0
17.42851939 0.8463319539 0.0
25.36966433 -0.4324134322 0.0
26.04660288 0.30306659 0.0
24.64984964 1.62459655 0.0
26.38004913 0.1309628021 0.0
1.685655748 25.65813372 0.0
1.391806542 25.95832346 0.0
1.263629812 25.75207227 0.0
1.703974041 25.87942279 0.0
0.7905897557 24.2348201 0.0
2.173688652 23.86521075 0.0
1.15924739 26.68462135 0.0
1.250281399 25.67403998 0.0
3.611847573 24.20245479 0.0
24.36807326 -2.262920632 0.0
16.25964355 10.45725105 0.0
7.810401758 15.96500232 0.0
12.83537014 14.01310302 0.0
16.2154299 -10.69501389 0.0
18.73310802 -7.096075322 0.0
25.7892949 0.3568683557 0.0
0.5681494202 -25.32114118 0.0
0.9717869026 -25.93626595 0.0
-0.1243065163 -24.99176253 0.0
25.52574116 0.7648024529 0.0
24.759439 -1.556438038 0.0
25.94980811 0.04132540598 0.0
24.78940163 -1.493133911 0.0
26.23868023 0.08413935072 0.0
13.91143593 -0.1595294717 0.0
25.89706633 0.1582635574 0.0
24.62015918 -1.314633091 0.0
24.93947274 -1.275058962 0.0
24.63619875 1.575503414 0.0
25.14423151 2.332571621 0.0
1.294409269 22.89654286 0.0
1.016744319 24.7321605 0.0
5.622715071 25.10862417 0.0
17.33623602 20.06941758 0.0
19.64130334 17.28996875 0.0
19.98675172 12.24734333 0.0
25.09562064 -0.2682206721 0.0
25.53146452 0.03233330706 0.0
25.44126566 0.04456144611 0.0
25.67589081 0.1611252615 0.0
25.77630919 0.1807911249 0.0
25.77444371 0.2052800472 0.0
25.71861755 -0.1016315449 0.0
25.49956169 -0.1622674775 0.0
25.55203711 -0.3775164999 0.0
25.50422698 -0.3454541035 0.0
25.52120607 -0.08051244727 0.0
25.47418371 0.6595341259 0.0
25.9621604 0.4629422588 0.0
18.95631058 -16.63900518 0.0
19.19961774 -18.16017139 0.0
17.95864105 -18.57628469 0.0
1.260964945 -24.1538116 0.0
1.232156704 -24.29686349 0.0
1.678220655 -24.888781 0.0
1.643667568 -24.79933637 0.0
1.25501139 -25.53649281 0.0
1.057479259 -25.00340799 0.0
0.7014628296 -25.40567907 0.0
2.918527896 -25.54219714 0.0
0.6308552599 -27.17509441 0.0
-0.5524070315 -23.90219103 0.0
2.03348899 -22.25119245 0.0
4.437178962 -26.31623441 0.0
1.718804167 -26.53838866 0.0
2.221411167 -26.18242085 0.0
0.6249016969 -26.09922403 0.0
2.575522857 -25.01399834 0.0
3.601228884 -23.52855388 0.0
7.959155732 -16.41296171 0.0
12.7588917 -14.04681143 0.0
24.53602418 -1.206946188 0.0
26.12523307 -0.3850619199 0.0
25.14083289 -0.8047498588 0.0
26.45322406 -0.00808903154 0.0
24.2529561 2.003492952 0.0
24.68191036 -2.143289077 0.0
25.97930676 0.08310161646 0.0
25.1304489 -0.9229375267 0.0
26.07292419 0.01137090912 0.0
25.13096533 1.144490613 0.0
25.93899751 0.1788866704 0.0
24.63220808 -0.3715735459 0.0
15.76124504 -0.2026604108 0.0
24.46698527 -2.018543164 0.0
26.05277879 0.2508868015 0.0
0.9570750876 25.69277423 0.0
1.385142745 25.96515765 0.0
1.248867967 25.70255248 0.0
1.728809062 25.88686838 0.0
25.58166219 0.5312571987 0.0
16.15936059 0.9642879758 0.0
25.12993725 -0.7087829533 0.0
24.39117877 -1.934036774 0.0
0.9012838554 24.01895036 0.0
3.109142574 23.29593702 0.0
0.9439082893 26.31258375 0.0
1.702440981 26.02018313 0.0
3.901745404 18.97085827 0.0
26.60381778 0.3360757629 0.0
25.0589422 2.90019723 0.0
25.07458925 -0.77074265 0.0
24.71717414 1.742444514 0.0
25.82389381 0.7174268739 0.0
21.35493281 -3.188971583 0.0
20.05538602 -6.767166274 0.0
18.3082345 7.14849603 0.0
20.8205263 2.703620488 0.0
15.79018528 11.56853944 0.0
19.75492444 6.945440955 0.0
16.04899813 -11.40843989 0.0
10.47092881 -16.33393216 0.0
8.951322986 17.5755231 0.0
10.25427303 16.68444354 0.0
23.02169261 -5.710862108 0.0
20.23728658 -13.44708307 0.0
25.54411744 -0.4397595328 0.0
4.193481801 -25.5542688 0.0
1.022581242 -26.86797329 0.0
-1.5360263 -23.80034998 0.0
2.120242412 -21.813374 0.0
23.81820268 4.511477381 0.0
1.27001518 -26.35898323 0.0
3.588223591 -26.22682678 0.0
0.3598531947 -26.03529103 0.0
19.4960451 18.37224643 0.0
2.819989723 -25.48320051 0.0
1.073719466 -25.490819 0.0
4.013970209 -19.48696018 0.0
8.738442629 -17.49873615 0.0
24.44320286 1.044436642 0.0
25.20760709 0.9464157649 0.0
24.5048333 2.339610985 0.0
25.17590353 -0.4871723249 0.0
24.81146798 -0.3569679818 0.0
26.49780856 -0.07164651584 0.0
24.65667606 1.985431427 0.0
24.76246378 1.35700397 0.0
26.10975063 -0.3996976533 0.0
25.39154701 0.5915809459 0.0
24.93627508 -0.3162275108 0.0
15.39822255 -0.429415061 0.0
25.72090462 -0.1215585611 0.0
16.6328066 -19.36797111 0.0
10.98732391 -19.99803983 0.0
0.94568877 -25.32156243 0.0
1.216329072 -25.45726924 0.0
1.685190033 -25.54597431 0.0
1.926735058 -25.39325769 0.0
1.732465867 -24.89090904 0.0
1.393344175 -24.69076385 0.0
0.9733000453 -24.59483885 0.0
1.415566231 -24.08371992 0.0
5.583418087 -22.47560018 0.0
12.49563257 -19.21731526 0.0
17.3023723 -19.56837495 0.0
19.31834493 -18.41122466 0.0
19.35136554 -18.23451931 0.0
20.11695934 -13.98272694 0.0
21.98140327 -7.007070578 0.0
25.21656383 -0.1711414896 0.0
25.63581442 1.085118512 0.0
25.46568825 0.6461247002 0.0
25.38941199 0.4176166305 0.0
25.41984693 0.3168377579 0.0
25.52043493 0.1764456093 0.0
25.37444903 0.3413054346 0.0
25.57458634 -0.06233879355 0.0
25.55779564 -0.3254210204 0.0
25.5376641 -0.4266869444 0.0
25.53868275 -0.2868106275 0.0
25.40494641 -0.2970475588 0.0
25.46742883 -0.2421513929 0.0
25.6577184 -0.257620194 0.0
25.76495166 -0.0467616778 0.0
25.71719209 0.2001166383 0.0
25.59444533 0.1960083767 0.0
25.51852863 0.04586549763 0.0
25.65307859 -0.3032216586 0.0
25.08125226 0.45435121 0.0
22.55592509 5.78297325 0.0
19.738431 13.01537261 0.0
19.82643058 17.48577507 0.0
19.84951804 18.59734366 0.0
17.78991616 20.43333716 0.0
13.51566013 20.4017049 0.0
7.265941344 23.76694338 0.0
1.612703737 24.31287421 0.0
0.7781101159 23.72124458 0.0
1.041670008 22.59420746 0.0
1.120069013 21.58237318 0.0
1.439493647 -23.95471944 0.0
0.6211248166 -25.22561653 0.0
1.120168538 -25.84592958 0.0
-0.346275787 -24.58212592 0.0
0.4534997462 -26.32225299 0.0
6.886919787 -21.37410965 0.0
4.41480038 -21.79007625 0.0
26.35382048 0.04043936089 0.0
24.09886026 2.991222094 0.0
24.08252114 -2.938918187 0.0
25.99037204 0.2105246355 0.0
24.63053249 -1.042547378 0.0
25.90511244 -0.09898358314 0.0
25.03730761 1.424300745 0.0
25.96920798 0.105880828 0.0
23.97425687 3.167332337 0.0
26.03721115 0.3250885087 0.0
24.57866523 -0.4874640752 0.0
25.44669347 -0.1234561445 0.0
14.0444963 1.000202957 0.0
25.37759519 -0.1098521256 0.0
24.04824004 2.948420199 0.0
24.2930865 -3.019800507 0.0
26.51333563 0.2197659922 0.0
24.57998447 3.854989154 0.0
24.17579543 -1.389100616 0.0
23.81308599 -1.232890556 0.0
23.44544741 -2.532852845 0.0
18.67847866 -7.097573503 0.0
14.63621172 -11.10503245 0.0
9.745404406 -13.88307351 0.0
11.46228341 0.01221731957 0.0
23.7129295 0.1664191374 0.0
14.15564095 11.70425077 0.0
0.373588159 25.71633081 0.0
1.718366171 25.60215023 0.0
1.331765929 25.9520845 0.0
1.21853676 25.66428607 0.0
0.829878206 23.5545888 0.0
4.008055474 21.61628949 0.0
0.4891587906 26.14308149 0.0
0.8178373265 26.02045998 0.0
1.312074307 26.2607383 0.0
2.927214072 21.99932691 0.0
4.305258158 22.13057781 0.0
9.23549115 15.29491149 0.0
26.05191863 1.134048709 0.0
24.5517513 2.178931051 0.0
25.20268195 -0.7810390668 0.0
24.20218213 -3.140792693 0.0
24.07686175 2.748743546 0.0
26.02969748 -0.5175386911 0.0
25.55668498 -0.6018413063 0.0
1.905005754 25.3209039 0.0
0.9184758468 26.34886761 0.0
1.255366027 -23.78448649 0.0
5.416443927 -25.46852046 0.0
1.353756805 -26.79372701 0.0
-2.388221125 -23.2307228 0.0
5.365450391 -25.54226932 0.0
0.6963979818 -26.14805527 0.0
2.454700236 -25.97997944 0.0
0.1367556143 -25.97194728 0.0
0.6506302999 -24.76744935 0.0
1.173399506 -26.04243506 0.0
6.734342554 21.53420957 0.0
25.46404501 0.1873797441 0.0
25.3703417 0.4431570029 0.0
1.085918753 23.86964881 0.0
1.182283289 21.76029977 0.0
1.44832527 -24.52569414 0.0
0.8705226505 -24.71232879 0.0
20.53321 -1.633865183 0.0
21.87780764 4.782264218 0.0
26.43645508 0.1555222381 0.0
21.98161951 -3.816934997 0.0
25.98406439 0.1810689707 0.0
25.73189289 -0.5619270714 0.0
26.02924048 0.5265528325 0.0
23.95336511 -2.810837244 0.0
20.78078728 -3.367519953 0.0
25.98534207 0.02301583386 0.0
25.79584062 -0.2505845568 0.0
20.95158999 -3.525413529 0.0
26.0049246 -0.7612566507 0.0
24.74360163 0.4093772294 0.0
22.14966537 0.2482814437 0.0
25.48976092 -0.0147100439 0.0
9.229814897 0.03129940358 0.0
25.82971741 -0.9402850756 0.0
23.31047198 -0.134366901 0.0
23.29652053 2.60984542 0.0
24.50981461 0.6129915767 0.0
2.290638749 24.14796821 0.0
1.111200087 25.9298851 0.0
0.968344814 22.53098413 0.0
1.405724668 26.09546184 0.0
1.215049263 20.72331184 0.0
4.777955394 17.02801153 0.0
0.08716218593 26.16743005 0.0
0.6506386136 21.6937859 0.0
1.183847319 26.27815441 0.0
6.5981377 -22.07469237 0.0
0.5698180953 -22.18880874 0.0
-0.5577905235 -23.58770151 0.0
-0.474848634 -20.16701677 0.0
3.718079852 -24.76926396 0.0
4.600058152 -19.73148263 0.0
3.386571506 -21.50255225 0.0
7.912110923 -19.0149532 0.0
0.853763633 -24.52605719 0.0
24.57855435 -0.6239588761 0.0
1.685162575 -13.74616798 0.0
19.58301943 -3.630214969 0.0
21.78109468 -1.629028429 0.0
15.16454904 -9.239005719 0.0
3.129385388 -15.07378203 0.0
3.441322032 21.53387934 0.0
7.950269815 19.6350421 0.0
0.9224960921 24.60389842 0.0
17.96103596 7.636117279 0.0
18.92643855 3.773779345 0.0
2.887727936 16.91417538 0.0
2.699788153 17.70850674 0.0
14.05089809 10.63647916 0.0
21.13321623 1.90280761 0.0
25.41132016 -0.261227867 0.0
25.59370178 -0.2832913675 0.0
3.64068211 -23.5033063 0.0
1.999484422 -24.09407551 0.0
25.57006887 0.158652076 0.0
25.43833951 0.4093508542 0.0
21.20105353 -8.325351708 0.0
7.385847135 -21.66583522 0.0
13.72921662 -19.06633721 0.0
1.769587451 -25.02195306 0.0
1.163014971 -25.27701106 0.0
1.070505992 21.46530035 0.0
0.5143950658 23.42940921 0.0
24.99838562 -0.7848469212 0.0
25.58050217 1.094611131 0.0
19.51520768 -18.47022694 0.0
1.225646672 -25.40909481 0.0
1.813965613 -25.35187464 0.0
12.30706162 20.70682725 0.0
8.913170419 22.54674113 0.0
21.53880588 7.061873188 0.0
19.78136622 13.58088733 0.0
25.74929046 0.1654727624 0.0
20.14783412 18.8300375 0.0
18.30692893 20.72434507 0.0
25.76812792 0.01591360656 0.0
25.79962926 0.1454995612 0.0
25.80918223 0.1120956069 0.0
25.60927517 -0.3612735084 0.0
25.58004736 -0.2992124114 0.0
13.4758746 -0.3505036391 0.0
2.092189404 -22.72139721 0.0
-2.88878887 -18.99283337 0.0
20.78206566 1.613424686 0.0
26.00282188 0.4081552333 0.0
21.77090118 3.771907529 0.0
6.792250123 -0.009033559878 0.0
21.03574946 -1.26499764 0.0
21.00994774 3.816247703 0.0
1.736253648 25.97325884 0.0
1.5386398 -22.00595506 0.0
21.4956898 3.580412096 0.0
20.72790718 -0.262496658 0.0
10.53498143 1.059830561 0.0
26.14976074 1.160267722 0.0
21.82050962 -3.946779371 0.0
0.08354656854 -26.55306361 0.0
20.98856499 3.297700095 0.0
25.76188111 -0.5063437011 0.0
25.3308182 -0.3868233049 0.0
10.1412 -0.2558094032 0.0
25.54833462 0.155977297 0.0
1.214958634 -26.11953914 0.0
6.223016319 -22.38413897 0.0
2.207457283 -21.66577119 0.0
0.1434776277 -25.99010539 0.0
2.694894333 -22.71009039 0.0
-0.05618456138 -25.93492182 0.0
1.389263434 -24.83728726 0.0
25.57097257 -0.1966058148 0.0
14.51581656 20.49912663 0.0
2.64716604 24.03690028 0.0
0.9003203732 22.31720171 0.0
1.897968653 -25.40003155 0.0
17.92250995 -19.79869126 0.0
25.42114866 0.1466701605 0.0
25.50592333 0.6330639601 0.0
25.47220671 0.2936694743 0.0
25.61952799 -0.05191115091 0.0
25.53022496 -0.384589121 0.0
25.52649386 -0.2146107188 0.0
25.36030782 -0.32798949 0.0
25.71057312 -0.2044996172 0.0
25.64310641 0.1851277573 0.0
1.205787497 22.88830667 0.0
1.584390921 -25.46587029 0.0
19.55933174 -18.30437531 0.0
25.76461435 1.090527702 0.0
25.46177638 -0.2916402323 0.0
19.97094692 17.78131591 0.0
20.2224173 -14.41723221 0.0
25.57117705 0.06268499094 0.0
26.25687881 0.05957447961 0.0
25.84044377 1.091101739 0.0
25.35466238 -0.3149258049 0.0
24.29890083 -0.2143294242 0.0
19.12003382 -18.41799407 0.0
2.708283095 -22.03119824 0.0
25.49774187 -0.2510834998 0.0
24.35400772 -2.152931543 0.0
24.57873464 -2.140546051 0.0
25.80781635 0.5545897414 0.0
25.78390477 1.082509819 0.0
24.62069537 0.9255648165 0.0
1.405196317 -26.71837691 0.0
1.774540259 -25.59899152 0.0
7.395970394 4.298655738 0.0
22.38582311 -1.475588423 0.0
11.399207 -3.479894757 0.0
-3.007552734 -7.091819713 0.0
1.655959794 0.07719678999 0.0
1.928585031 2.930281959 0.0
1.201821229 0.1425338177 0.0
1.207431576 0.9098318481 0.0
-0.3972475262 0.04170432304 0.0
0.2962130247 2.417037126 0.0
-2.574994115 -1.559062859 0.0
0.6713378229 0.6118367344 0.0
1.843322507 13.28235644 0.0
0.7660256298 0.8569004236 0.0
0.2897306405 0.6007463945 0.0
1.275415733 5.156801093 0.0
1.012422536 0.8715261862 0.0
1.306074091 0.04160731658 0.0
0.7903972433 -1.161585189 0.0
0.6277392782 11.74426 0.0
0.948627699 0.7952463361 0.0
-4.043346504 -2.745895825 0.0
2.611283792 18.06111154 0.0
-5.223927762 -12.54058455 0.0
1.936821334 -0.4452209982 0.0
-1.04206329 0.2866885958 0.0
-1.112851013 1.780693975 0.0
-1.125817732 2.576040121 0.0
-4.283036492 -2.725655095 0.0
-2.627066947 -2.796813334 0.0
-9.027740459 -15.06128589 0.0
-12.33087437 -15.42794205 0.0
0.5568640116 16.37782947 0.0
-0.1937114653 0.8583240671 0.0
3.82534262 13.00149778 0.0
-14.47622176 -13.74344957 0.0
-1.164725784 5.74876387 0.0
0.3825731269 15.62187236 0.0
-0.3325405793 20.83552017 0.0
-3.03607165 -3.537154155 0.0
-1.970814275 12.9948237 0.0
-4.567409022 -6.357508867 0.0
-4.596336046 -16.82848995 0.0
1.326552558 -0.6652995922 0.0
-2.969790579 -3.748956658 0.0
-17.26483916 -12.82715043 0.0
-7.51995174 -9.324295224 0.0
-12.54131027 -14.88597068 0.0
-11.55068974 -4.847283473 0.0
2.325085475 -0.8904975475 0.0
1.608502943 20.14435546 0.0
-5.560919584 -3.310557675 0.0
-4.491432437 -3.615877663 0.0
-5.029166628 -2.632879315 0.0
-0.1765719547 -9.888513737 0.0
-7.66020018 17.00561766 0.0
-17.93920456 -10.6873834 0.0
-3.482549421 20.77699356 0.0
-14.98608938 -12.72155719 0.0
-6.763839792 -2.10671672 0.0
-6.088186866 -0.3554218212 0.0
0.6667578771 -0.5176647779 0.0
4.476241797 -16.18821121 0.0
-2.474287506 -1.541953167 0.0
-15.40191583 -12.14335124 0.0
-18.37553811 -7.569779583 0.0
2.741092015 14.17904009 0.0
-4.314417659 -3.605872357 0.0
-5.077009424 -3.968281772 0.0
-4.307947536 -2.510652493 0.0
-6.544729227 19.91421925 0.0
-3.99265734 5.732329167 0.0
-9.610190626 14.86962019 0.0
1.178203881 0.4999444379 0.0
1.107744771 -16.90614552 0.0
-1.017293397 19.5563885 0.0
-17.90715001 -1.713132937 0.0
-3.232461183 -16.56550547 0.0
-1.062440901 19.16090837 0.0
-4.387736968 19.12617343 0.0
-17.68139014 -2.433326527 0.0
-15.89715085 -9.221478985 0.0
-5.873767607 5.756908415 0.0
-7.19708585 5.875765576 0.0
-2.197018381 -1.85084969 0.0
-7.266435587 5.239640669 0.0
-5.051731068 -0.4531381671 0.0
4.894370996 -0.1790523184 0.0
-14.50033021 -2.899533101 0.0
-4.287770271 3.218706555 0.0
-9.48645843 -1.52381742 0.0
-2.341343197 -8.461327119 0.0
-1.847145047 -3.041783699 0.0
-2.826719382 -1.683909444 0.0
5.662189116 18.67439635 0.0
-5.367976633 4.193338951 0.0
-1.8917536 12.06852192 0.0
2.278938427 -16.18298757 0.0
-10.86955303 10.22085699 0.0
3.298218401 12.3015874 0.0
-12.40233627 1.208986251 0.0
-13.13570442 -10.58970832 0.0
-4.741872215 16.16240767 0.0
-0.1576668716 -7.76337453 0.0
-10.4299091 -2.399986496 0.0
-7.191631512 -2.660002136 0.0
-12.60133403 -9.288244646 0.0
-3.148143445 15.03654682 0.0
-12.28973352 10.64507504 0.0
-11.77212556 3.009899458 0.0
9.497796899 11.50402423 0.0
9.722798351 13.75310608 0.0
4.488744674 17.39273855 0.0
-1.585138645 10.08220522 0.0
-0.737825685 0.8837904638 0.0
-0.5759123031 -6.425476455 0.0
-5.488006867 -0.8652141749 0.0
-3.373978313 1.558091263 0.0
-3.593841569 2.588131793 0.0
2.495022793 -0.3501909274 0.0
2.524281003 3.312457356 0.0
-5.728827655 -1.832821914 0.0
-2.976096345 0.254618205 0.0
-4.702679483 -1.705899002 0.0
-6.874424097 -8.231622587 0.0
-1.76471271 8.703455301 0.0
1.804353517 1.826773509 0.0
-4.206450721 -0.705266541 0.0
1.669712785 1.499978441 0.0
1.275276021 -0.9120528922 0.0
-6.493943823 -4.922381668 0.0
1.864181735 0.3964909704 0.0
1.687554191 1.218053882 0.0
1.562632961 0.4182774676 0.0
1.112113913 0.5935974727 0.0
-0.927670911 -2.232639611 0.0
0.5321600284 -1.024216472 0.0
0.923969633 0.3852419691 0.0
0.8278556552 0.2542958801 0.0
1.794898826 0.05649635921 0.0
2.151744963 10.85613914 0.0
-2.608663458 -1.877636145 0.0
1.296677487 0.984972283 0.0
1.65236012 4.971599692 0.0
2.170041825 0.7729650513 0.0
1.627414851 0.08430739022 0.0
1.454631839 0.257734973 0.0
1.863284541 0.5705596285 0.0
1.23207095 -0.1363516084 0.0
1.189335181 -0.3230724952 0.0
1.282056909 -0.6154373284 0.0
1.483557693 -0.890779383 0.0
-4.445952025 -8.200000221 0.0
-5.077781228 -8.38611063 0.0
-3.914847196 -6.103064305 0.0
-1.334146488 -2.829970926 0.0
0.1101837853 -0.8615441449 0.0
-4.25188472 -7.595018307 0.0
-4.753566201 -7.614658176 0.0
-4.613674047 -6.24134217 0.0
-3.781578776 -3.906727582 0.0
1.684245988 5.179564295 0.0
0.9413237148 1.748981319 0.0
-0.4206072741 -0.3625167473 0.0
-0.1062543192 -1.428920459 0.0
1.436176999 0.03235943445 0.0
-2.774606055 -1.891429953 0.0
1.49736113 2.041778664 0.0
2.03420676 1.758074734 0.0
1.434852905 -0.3453444853 0.0
0.4594582826 0.4561484284 0.0
0.7177685517 0.04119440309 0.0
1.133000846 1.193717118 0.0
-1.20687521 -3.564008654 0.0
-3.84639391 -8.576629994 0.0
-0.9911455632 -4.021616314 0.0
1.34919953 -0.09702970007 0.0
1.200577781 9.809815028 0.0
1.140887691 0.01993998445 0.0
1.04525489 0.2296292334 0.0
1.737164699 12.06470588 0.0
1.431115996 0.05122717345 0.0
0.9973553082 0.7552918483 0.0
0.2382377416 -0.5120212513 0.0
1.812587933 -0.5683201575 0.0
1.992169387 -0.6989966365 0.0
0.8866164048 -1.402500759 0.0
-4.555319544 -6.881340927 0.0
-0.2093077115 -1.869943664 0.0
-4.884761326 -9.039483377 0.0
-4.37231042 -7.554776636 0.0
-2.502322949 -2.65824997 0.0
-5.245984691 -9.052168423 0.0
-2.691637366 -4.139994126 0.0
1.546226682 13.11997554 0.0
2.766180039 8.522960813 0.0
2.179824236 6.111243209 0.0
-5.640628217 -5.136685156 0.0
-5.156788041 -4.666667694 0.0
-4.676489406 -6.354190906 0.0
-2.773088349 -4.052076781 0.0
-3.657632064 -3.322639893 0.0
-3.186815157 -2.395262195 0.0
-2.703358537 -1.974032846 0.0
-0.1767890776 1.765999687 0.0
1.401452349 13.47184251 0.0
0.4980799816 0.01867967447 0.0
0.4045096038 -0.5318686986 0.0
-0.03561215016 0.3137498417 0.0
-0.9304613543 -0.5460069434 0.0
2.875131196 12.09342033 0.0
1.079904005 8.705033362 0.0
1.110957431 1.064469301 0.0
1.060559077 2.290647858 0.0
1.177499142 0.3180253463 0.0
1.404494348 0.06461668942 0.0
1.3251888 -0.06045092538 0.0
1.46599858 -0.1023517662 0.0
1.673680067 -0.2084710001 0.0
-2.66331856 -5.086892603 0.0
1.485925418 -1.008681205 0.0
-4.387683587 -8.165015794 0.0
-4.291070207 -8.307248093 0.0
-5.284715912 -5.737026488 0.0
-3.147561697 -8.300838232 0.0
-7.132630494 -5.462919471 0.0
-6.291118216 -6.296068738 0.0
1.035447172 0.9419431343 0.0
0.2600603271 7.501347303 0.0
-2.587404889 -1.626610229 0.0
4.446040137 14.56576678 0.0
2.206884044 15.87478023 0.0
-5.11021695 -11.2757014 0.0
-7.863298125 -8.258338549 0.0
-4.361496851 -8.254751034 0.0
-7.611010073 -8.426162028 0.0
0.9490015798 0.9843676628 0.0
1.110772524 0.4163516987 0.0
1.131763575 0.7740864355 0.0
0.818172167 0.7305169343 0.0
-4.516108893 -4.338997779 0.0
-3.865333469 -2.945105229 0.0
-2.802663233 -2.458391849 0.0
-2.384339305 -2.377097008 0.0
-0.7541664781 1.296347331 0.0
-0.6957562895 5.372104812 0.0
0.6393929711 1.430029875 0.0
1.156231779 0.2229990699 0.0
1.300227921 -0.02429793061 0.0
0.1782744077 0.6105597956 0.0
-1.024518914 -0.1309311101 0.0
-1.732954645 -1.55006516 0.0
-1.601278416 -2.543774264 0.0
-0.8681518106 -3.254744105 0.0
-1.788932351 -4.355768604 0.0
-4.525733333 -8.801722236 0.0
-1.480947171 -4.041722808 0.0
0.1654942092 3.52600542 0.0
0.2075862872 12.7096278 0.0
2.191056723 -0.5009872708 0.0
0.8895613214 0.7933907663 0.0
1.19947725 0.102959521 0.0
-2.907532453 -3.872985697 0.0
0.2522994744 1.320612638 0.0
1.006176205 19.67155138 0.0
-2.085518057 19.70065452 0.0
1.368788629 20.04049621 0.0
-1.030223124 6.895534404 0.0
-3.54606604 -2.83498364 0.0
-0.5250816759 12.61509942 0.0
0.3243147219 0.8338011285 0.0
-4.715411881 -5.752102769 0.0
-6.846943538 -8.828755852 0.0
0.6366201743 0.6420654596 0.0
0.5901001834 0.7123110698 0.0
1.374347974 -0.2668516233 0.0
1.117158045 0.436886968 0.0
-0.1176335183 0.1095695433 0.0
-2.315027705 -1.216979251 0.0
-2.842031707 -2.462892075 0.0
-2.244823327 -3.178384813 0.0
-1.459555666 -3.647850044 0.0
-2.316067875 -5.139715935 0.0
-6.176419754 -9.455601753 0.0
-10.24739413 -13.32721667 0.0
-12.45257969 -15.74729238 0.0
-0.4159005819 2.590297643 0.0
-5.850965836 -16.45428046 0.0
-1.04854468 -1.452223658 0.0
-0.219195265 0.3907709921 0.0
-0.258093602 15.10805535 0.0
-0.2108577982 7.606355207 0.0
-2.918169881 17.16250287 0.0
-0.7257753314 10.91123269 0.0
-0.506995941 0.5844255413 0.0
-6.195767992 -14.87518323 0.0
-5.774283906 -12.36464609 0.0
-3.630369769 -8.253191512 0.0
-1.78938296 -2.903993613 0.0
-1.001046744 1.0200639 0.0
-0.9568367803 0.006857840375 0.0
-1.391403766 0.6958663683 0.0
-6.811223604 -12.78303223 0.0
-13.34887225 -12.515961 0.0
-0.572713249 -2.524549255 0.0
-3.948555965 -3.272100673 0.0
-1.561835607 -0.9695570376 0.0
1.004996301 0.4953747699 0.0
1.283746609 -0.1399685569 0.0
0.02247679201 -0.5324475837 0.0
-2.540835214 -19.7532741 0.0
-15.01610414 -14.54774086 0.0
-1.357990104 -0.1063289546 0.0
-1.801324047 20.85439059 0.0
-6.836578132 20.65885529 0.0
-2.692752532 -17.70457544 0.0
-5.405175783 -2.941418469 0.0
-3.277302193 -2.95488352 0.0
-3.994794408 -2.537411523 0.0
-4.324090793 -3.334970541 0.0
-0.1148643765 11.88246067 0.0
-1.621065626 -0.1085691218 0.0
-2.345987092 0.5523795668 0.0
-2.58425562 0.764908004 0.0
-2.638417964 0.497791696 0.0
-1.30086806 3.024135725 0.0
0.2705374337 11.23309847 0.0
2.231311362 15.7577195 0.0
0.7699792831 18.39005946 0.0
-5.38850422 -17.79476932 0.0
-2.078245418 -20.36921677 0.0
0.9957910901 -0.1138482948 0.0
1.184021999 -0.3005795958 0.0
0.7806218277 -0.1273639249 0.0
-4.530938817 -3.377296006 0.0
-1.249533813 8.162080339 0.0
-1.421344135 3.237848578 0.0
-14.65546545 -13.37674626 0.0
-10.7067923 -16.11027848 0.0
-4.309334862 15.59566543 0.0
-3.764651015 19.08787268 0.0
1.014390658 -0.1300736208 0.0
1.609439964 -0.4545344736 0.0
-2.938033516 -18.79184073 0.0
-0.6502927916 -19.35184527 0.0
-0.5567888734 1.088333673 0.0
1.148077052 19.95816857 0.0
-1.179468119 18.02797683 0.0
2.15415645 17.26363263 0.0
1.021951482 -0.3304832901 0.0
0.6226321426 -0.5137025934 0.0
-0.4598158014 -0.9668983871 0.0
-2.548127108 -1.641282377 0.0
-4.361533545 -2.309119978 0.0
-5.112551471 -2.365313924 0.0
1.836607139 -16.9162088 0.0
-9.618398885 -14.67766668 0.0
0.8832564918 -12.08037436 0.0
-0.3881057821 1.045866907 0.0
-0.256943536 13.28742804 0.0
-1.526721676 2.161380669 0.0
-0.6061037716 6.264477485 0.0
-1.411548724 1.248951363 0.0
-17.07435241 -11.33470878 0.0
-3.221563307 -5.740806657 0.0
-5.355992388 -2.84136644 0.0
-3.148134666 -4.065417998 0.0
-14.251254 -12.83932197 0.0
-5.548780514 -3.410045028 0.0
-18.31790553 -9.459171483 0.0
2.744271012 18.94235991 0.0
-3.958996753 -2.242803154 0.0
-0.2530767796 7.781332165 0.0
3.234159634 13.2986553 0.0
-2.283223307 20.22876477 0.0
-7.231421461 20.1683706 0.0
2.169015476 19.54344238 0.0
-9.738534207 -15.53588677 0.0
-5.058446142 -17.04975771 0.0
2.44909291 0.06639097383 0.0
-14.02395453 -12.19547699 0.0
-2.965568938 6.710822822 0.0
-4.024967672 7.931330373 0.0
3.508646165 -17.46471838 0.0
-1.578115988 19.79525011 0.0
-8.260512889 20.74956769 0.0
-5.550531313 -2.539745275 0.0
-14.7782719 -2.598544388 0.0
1.738038958 -0.2202122187 0.0
0.7979444522 -0.5856277838 0.0
1.248085383 -0.2884027127 0.0
-0.4697443249 -0.531376051 0.0
2.898154205 15.46618188 0.0
-3.393237893 1.536986731 0.0
-4.017908815 0.9584107477 0.0
1.289509 -10.73805395 0.0
-0.9764691693 2.050746611 0.0
-0.7195219811 -2.950965002 0.0
-5.695321456 -2.448037418 0.0
-3.26724492 -1.809350685 0.0
-4.415738262 -2.269785674 0.0
-16.99269327 -10.82818873 0.0
-1.519397411 -12.74796871 0.0
-4.337490365 -0.6705729971 0.0
-2.693128624 -0.7143793428 0.0
-7.224580811 -2.871430614 0.0
-17.67953561 -9.707784008 0.0
5.802734047 17.71597569 0.0
2.93123839 16.306126 0.0
-0.5164786884 4.752247473 0.0
-1.294019758 1.265201558 0.0
0.04469232393 -17.53222197 0.0
-0.7914161167 -17.46345774 0.0
0.6206268936 -16.34465425 0.0
-7.106205606 -1.881303884 0.0
-4.578249363 -1.275017352 0.0
-5.326465633 -1.749926207 0.0
-4.683512381 -2.008073066 0.0
-3.81819986 -2.009370349 0.0
-2.36344551 -1.70159292 0.0
1.00100416 -0.3992366043 0.0
1.591282787 0.2018307922 0.0
1.479620245 -0.1315652223 0.0
-10.83257641 -9.260930316 0.0
-7.624245179 20.23194577 0.0
-6.29886145 12.98026142 0.0
-1.008290181 3.566252975 0.0
1.218243883 -0.3277907668 0.0
-1.353899804 -17.1992084 0.0
-7.661813688 -14.24216355 0.0
-10.82437251 -13.14212499 0.0
-15.9615055 -10.92095685 0.0
-2.631543425 0.9275859546 0.0
-2.813202319 -0.2148625763 0.0
-6.610166955 0.3920275602 0.0
-3.831464963 -1.928432811 0.0
-9.018612377 19.96847299 0.0
-4.686962366 7.979243044 0.0
-10.29322793 10.05670228 0.0
1.784444376 -0.4215523251 0.0
-5.953444678 6.601720501 0.0
-9.833031855 12.8259165 0.0
-9.423035475 7.699189115 0.0
-13.73713822 -12.06054296 0.0
-8.07529449 -13.74547162 0.0
-3.701530464 -15.74004763 0.0
-4.827092009 -14.39512257 0.0
2.234684035 -15.30832646 0.0
2.910430528 -13.98069061 0.0
3.414449132 -10.21814386 0.0
-2.133732173 0.9826781247 0.0
-4.492544884 6.080229529 0.0
-4.472540687 -5.015621133 0.0
-3.393113267 -5.225601354 0.0
4.463675606 18.3113356 0.0
-0.3850482912 -2.021035455 0.0
0.7823785856 7.203472713 0.0
0.9544250178 11.42544392 0.0
4.65150841 15.12485506 0.0
7.198060714 16.39546739 0.0
5.969732908 18.69577345 0.0
-0.08872920788 -0.8210246807 0.0
0.5894746253 -0.5177485874 0.0
1.225567708 -1.347073544 0.0
-0.4202916454 -0.4498126037 0.0
-4.410860464 -1.738407828 0.0
-4.158362294 -2.089280998 0.0
-4.68297102 -2.45064221 0.0
-2.541970708 -1.284205007 0.0
-1.607520447 0.4815458162 0.0
-7.135440242 0.5991473188 0.0
-8.84194298 0.3779583662 0.0
-9.234440893 1.615359149 0.0
-8.521475917 -0.8601296648 0.0
-3.463962136 19.57250295 0.0
-18.63318213 -6.72166019 0.0
-2.254235665 -3.701384763 0.0
-3.143468035 10.86490675 0.0
-10.82564686 20.03419393 0.0
-6.798824238 19.51937096 0.0
-12.87700843 12.41811413 0.0
-16.33783048 -9.774872356 0.0
-14.88269364 -11.51060683 0.0
2.184890746 -17.32650671 0.0
-1.510166387 1.589927481 0.0
4.469079247 -13.56809336 0.0
4.504861491 -14.65936762 0.0
1.324304005 -13.33420138 0.0
0.6487660243 -5.051614977 0.0
0.2010989109 -4.700483954 0.0
-4.85278097 4.542382569 0.0
0.8585423802 0.5790939778 0.0
-0.2987275793 0.6923795558 0.0
1.335079452 -1.54075406 0.0
-0.3655268885 -0.1004039461 0.0
0.1647011643 -0.4472454251 0.0
-3.260260171 -1.682815092 0.0
-4.179624329 -1.974674573 0.0
-5.185655582 -2.017107436 0.0
-2.799123205 -2.15687169 0.0
-1.32310994 -2.348557314 0.0
0.5058911673 0.3124113076 0.0
-8.077866912 0.1074607202 0.0
-9.112926602 1.063599481 0.0
-11.14021121 5.609960508 0.0
-14.94284705 6.422256355 0.0
-5.037260966 5.593893164 0.0
-2.489012466 4.581432717 0.0
-3.439054869 -5.71884308 0.0
-2.650185337 -6.299346941 0.0
0.1641870029 -3.299944196 0.0
-2.01274315 6.019508226 0.0
2.758058785 10.11954642 0.0
0.102989539 9.818575444 0.0
4.50538855 15.10424648 0.0
6.941753969 14.46847074 0.0
-5.087182096 4.870261808 0.0
-15.80691973 -5.019373214 0.0
-11.18981614 -12.1335105 0.0
-7.699403352 19.63293166 0.0
-10.84911149 18.38299026 0.0
3.967634002 15.53288386 0.0
-5.016473511 -4.567279066 0.0
-4.357322455 -2.324780064 0.0
1.098503104 -0.7041852943 0.0
-5.903430701 -1.787784406 0.0
-13.42130683 15.73788484 0.0
3.261521497 18.85183988 0.0
-6.72408305 -12.27856336 0.0
3.459555038 14.58345659 0.0
-5.414379153 4.65708821 0.0
-1.155712036 -7.893026599 0.0
-12.09751542 7.891470815 0.0
-1.102078462 -1.380401546 0.0
-4.201160392 -4.462164879 0.0
1.946117665 12.96204913 0.0
1.553237794 2.133327572 0.0
-7.802678767 -0.8973656838 0.0
-11.86467157 0.3922020326 0.0
-1.554239333 19.03838847 0.0
-4.636906647 18.00354595 0.0
-11.29092193 8.216368347 0.0
-10.00251743 5.897470507 0.0
-0.8339635864 -12.13051756 0.0
-3.176503519 -6.874164232 0.0
-1.061203599 -2.658082517 0.0
-6.946478057 -2.138592588 0.0
-13.84738938 -11.64791333 0.0
-0.06093674173 -1.132095634 0.0
-9.473048124 -0.7361505871 0.0
-12.51432151 -11.579295 0.0
-1.921691007 18.84230792 0.0
-7.810432214 -10.49585725 0.0
-1.352862259 -10.04977749 0.0
4.780504676 -8.350978869 0.0
-7.718234594 9.872908228 0.0
-10.90010205 5.792466743 0.0
-9.98166603 0.5998071398 0.0
6.907361107 10.95984976 0.0
-12.5577383 8.66481894 0.0
-9.873458923 0.5788594883 0.0
-12.92246339 6.010294314 0.0
-6.895592279 4.073561815 0.0
-1.54573913 5.298645764 0.0
-1.220425683 5.464238424 0.0
-1.390405178 3.379681384 0.0
-0.3356970939 5.611776591 0.0
-2.175735989 2.287881642 0.0
-4.6574938 4.280841242 0.0
-1.642535193 1.920662583 0.0
-6.168924337 1.269236165 0.0
3.147894952 0.4467391749 0.0
0.2852270689 0.3332369431 0.0
-6.578803664 -4.338797686 0.0
-7.268560819 4.319224707 0.0
-7.702362488 0.5469258524 0.0
-2.415719421 -1.63924435 0.0
-8.505609908 1.898782624 0.0
-17.76288003 -0.917773052 0.0
-5.765990201 -1.337336776 0.0
-3.634847264 -3.22974656 0.0
-6.995879831 -3.172902101 0.0
-11.85517753 -1.80763779 0.0
-11.28101363 1.98773852 0.0
-6.333576326 2.31138621 0.0
-4.018002683 -1.413162794 0.0
-4.511767047 1.233387387 0.0
-3.204978803 1.745373678 0.0
-5.235302486 -1.707117384 0.0
-5.282613305 -1.142032061 0.0
-3.989223698 -2.732011674 0.0
-1.93259929 -1.22955057 0.0
-4.867215062 -3.976590832 0.0
9.343448663 16.18629963 0.0
6.474669521 18.90607566 0.0
0.5716578345 9.935203443 0.0
-3.306743814 7.572100301 0.0
-3.639879261 11.36413434 0.0
-3.132489791 3.124590477 0.0
-2.912525289 -1.413374934 0.0
-1.815336106 -5.598818134 0.0
6.398344079 -9.615744267 0.0
6.264629499 -15.8594784 0.0
2.493139429 -15.7445514 0.0
-2.503372417 -11.69248362 0.0
-0.4198896312 -12.79879358 0.0
-6.347769471 -3.36093389 0.0
-8.315873459 1.698813106 0.0
-8.901162461 4.802869404 0.0
-8.585749049 6.152164292 0.0
-8.689634909 6.418593316 0.0
-8.879309973 6.243030988 0.0
-9.437781887 6.013630137 0.0
-9.388427226 5.623822587 0.0
-8.748278758 4.028653345 0.0
-6.121945973 4.629876557 0.0
2.004686386 11.47212495 0.0
3.12878411 10.41597737 0.0
3.853878323 10.73205247 0.0
3.425078842 13.33545653 0.0
-3.780713438 -2.505317472 0.0
8.728413725 11.73224039 0.0
8.292170767 16.53416756 0.0
4.30807086 15.43116452 0.0
-1.53815214 -1.708358183 0.0
-4.253062833 11.95488667 0.0
-1.66552787 18.74915897 0.0
-14.94830461 -6.529288488 0.0
-11.04567166 -11.0498088 0.0
-9.716328336 7.136608054 0.0
-8.367508173 0.07746329947 0.0
-12.51110049 0.8738265793 0.0
-6.619735462 -0.4241600201 0.0
-10.50637502 0.04197451848 0.0
-7.098870475 5.837669996 0.0
-0.9011356036 1.529072099 0.0
-0.6975075186 3.149418102 0.0
-4.693249547 1.220935922 0.0
-1.106678458 4.071805428 0.0
-1.028780714 1.297199777 0.0
-3.295937277 2.748404301 0.0
-2.918290482 -0.8551924725 0.0
-4.901235272 2.487412516 0.0
2.440797655 2.586308893 0.0
1.610330157 -1.100009261 0.0
-0.4709853967 -2.094670982 0.0
-2.944538277 3.645679294 0.0
-6.227840283 0.002911634592 0.0
-2.102216104 2.588062635 0.0
-18.7503974 -1.36592825 0.0
0.5856081389 0.1631888003 0.0
1.023242154 -2.134858165 0.0
-7.736122323 -3.55620675 0.0
-13.23136051 -2.018685613 0.0
-13.60507153 3.112398264 0.0
-0.1373147834 1.541650611 0.0
0.2610389048 0.6171118236 0.0
-1.044781951 -0.8893437009 0.0
-1.403629459 3.234481303 0.0
-0.06078339971 -0.3750022484 0.0
-0.4767930582 -3.850298646 0.0
-10.31023556 -2.870687632 0.0
-6.336025283 -6.090505511 0.0
3.32738104 9.075189066 0.0
7.109326151 9.216748144 0.0
4.321550931 13.06102618 0.0
0.8957337744 14.42379134 0.0
-3.3205898 14.3620998 0.0
-0.5609148184 -8.40888511 0.0
8.402102292 15.33501699 0.0
-2.524188051 -9.520895992 0.0
-3.198174531 -7.762984374 0.0
3.418024225 -7.073200555 0.0
4.036443807 -9.688309942 0.0
5.74393507 -12.06834832 0.0
2.509658512 -16.23687737 0.0
-6.151226184 -0.316751536 0.0
-5.182852392 -7.072887051 0.0
-8.170199336 2.422521985 0.0
-9.860084143 4.535612682 0.0
-10.12733574 5.328749397 0.0
-10.39863252 5.3156059 0.0
-10.93807511 4.80543055 0.0
-11.28171628 4.167750492 0.0
-11.17174246 3.770116574 0.0
0.5219034935 -14.46531507 0.0
6.022602634 -10.50709609 0.0
-12.11399848 -5.928461731 0.0
-14.38872423 -10.18097301 0.0
-7.97630502 -0.3830518162 0.0
-5.253896972 -1.609199285 0.0
-1.948113458 -13.62357471 0.0
-6.74857197 5.52914014 0.0
-2.147281109 7.03877028 0.0
-5.054254204 -3.343416365 0.0
-1.343814395 -9.158789035 0.0
2.621632498 -10.25917591 0.0
-1.803232409 -10.04539314 0.0
-3.318174493 -9.413630436 0.0
-1.445775619 -9.644161304 0.0
-12.10542714 4.857467 0.0
-5.615293713 -1.059714829 0.0
-2.609733362 -0.04384911121 0.0
-12.63949558 4.898382504 0.0
-6.541047318 2.109243921 0.0
5.59533246 -14.49366628 0.0
-1.597614674 -8.812003182 0.0
-5.841968059 -3.106737168 0.0
11.40584368 0.9291918266 0.0
9.182018096 -2.125983628 0.0
18.28369589 -0.3031848373 0.0
13.98939693 -1.32322769 0.0
12.09977221 3.9170818 0.0
21.35449376 0.2751034486 0.0
11.68234698 -2.360373948 0.0
10.90015218 1.703298493 0.0
20.93335756 -0.1019430716 0.0
-2.90285977 3.956496361 0.0
21.11413205 -0.08674787572 0.0
9.979912979 0.1092638419 0.0
21.54623886 0.5042151096 0.0
9.695576871 -1.727603948 0.0
20.78386119 -0.04032346807 0.0
10.52426132 1.443510211 0.0
20.82764069 -0.09471218975 0.0
11.04741499 -1.030616356 0.0
21.2936015 0.411699873 0.0
10.08801659 -1.694513935 0.0
11.37221681 2.330231526 0.0
21.56335882 -0.07663884605 0.0
11.80984912 -2.652590128 0.0
10.10410451 1.353806573 0.0
21.37959683 -0.4229408795 0.0
12.37756048 0.04156066708 0.0
21.1833396 0.06118919837 0.0
1.984427028 0.01292229082 0.0
20.63853928 -0.3366589083 0.0
-12.53459246 7.888205922 0.0
16.72331334 0.09497423858 0.0
2.985425948 7.270944938 0.0
-7.259654301 15.12389635 0.0
6.765666317 10.88311878 0.0
0.9109763803 -17.34663108 0.0
8.242824387 14.6146253 0.0
6.859569215 -10.5701024 0.0
6.055761892 17.64656944 0.0
2.724565677 12.62239412 0.0
0.5984629707 -20.85582388 0.0
2.995372623 5.654354382 0.0
2.767010395 14.81011588 0.0
0.4467702338 -12.59771278 0.0
3.209656133 16.94838996 0.0
0.5388410371 -21.21179416 0.0
-2.981228174 -13.57936971 0.0
0.2703895435 -22.14438492 0.0
1.648740078 -10.79058634 0.0
-0.4881611249 4.755236573 0.0
0.9568790456 6.432331506 0.0
0.9857641223 17.4772268 0.0
3.157733052 10.58239434 0.0
0.8110783748 20.84742738 0.0
0.3828833192 11.22087141 0.0
0.150229091 21.37616827 0.0
3.639374977 7.938944791 0.0
0.6201502417 8.690778095 0.0
0.8173364457 21.30293517 0.0
0.2090995868 14.2177056 0.0
0.2631905182 21.30891716 0.0
-7.009442677 5.66558383 0.0
1.917111414 17.28243316 0.0
0.7703309302 -16.3446394 0.0
-1.855372285 -9.545261847 0.0
4.916494152 -15.48980494 0.0
0.06341121459 -8.243171701 0.0
7.62045776 13.26968417 0.0
1.21423939 -21.25091126 0.0
2.864889626 10.07093757 0.0
8.120642397 -1.358307236 0.0
1.787603428 -1.645716569 0.0
4.400901523 8.04872167 0.0
21.48341907 1.007571681 0.0
8.466438978 -0.3510041772 0.0
0.2745941284 -21.1269725 0.0
3.948108326 -9.042686558 0.0
10.50609384 2.378342009 0.0
6.739705064 10.75685386 0.0
3.354847323 0.9396919135 0.0
18.83809336 0.5050744227 0.0
-0.7280027991 3.215561931 0.0
-0.1732804182 -2.368743853 0.0
-3.994435117 2.947377078 0.0
21.05291213 -0.7766511703 0.0
-9.394543892 0.9881177218 0.0
-0.2502449915 -1.42318822 0.0
0.4842253386 -4.243512519 0.0
5.315965964 -13.18050742 0.0
-14.76698295 -12.1057285 0.0
-8.234856952 4.853045916 0.0
3.338369766 -15.63939876 0.0
2.682526923 -0.2523787231 0.0
2.396028636 -15.38992517 0.0
-13.33224601 -2.882350322 0.0
0.1155177687 3.542428883 0.0
3.338649865 -10.8028139 0.0
8.477755326 2.13336307 0.0
0.5842874303 1.37437069 0.0
-6.745531393 20.61442481 0.0
</DataArray>
<DataArray type="Float64" Name="pressure" format="ascii">
7108.580359
10060.38103
8581.814679
8241.322504
4024.753988
3364.165574
8463.268115
3180.279443
2973.796215
3077.113728
3500.995951
3281.230716
3211.042812
9541.917565
3115.127761
4903.360153
3389.993459
3747.195896
3018.276579
3542.671344
3488.951391
3253.842007
14285.71427
14285.71427
14285.71207
14285.7124
14285.71356
14285.71428
14285.71426
14285.71421
14285.71413
14285.71423
14285.71425
14285.7141
3436.701157
14285.71424
14285.71401
14285.713
14285.71402
3472.466811
14285.71404
14285.71423
14285.71332
14285.71365
7218.183601
10300.63542
14285.71402
14285.71423
3707.554829
14285.71396
14285.71426
14285.71315
14285.71412
14285.71428
14285.71418
14285.71415
14285.71428
14285.71408
14285.7139
14285.71397
14285.71361
14285.71419
14285.71365
14285.71412
14285.7141
14285.71385
14285.71396
14285.71397
14285.71379
14285.71391
3332.262767
14285.71428
14285.71373
14285.71402
14285.71315
14285.71428
14285.7141
14285.71425
14285.71399
14285.71376
14285.71411
14285.71299
14285.71406
14285.71406
14285.71363
14285.71388
14285.71422
14285.71408
14285.71375
14285.7139
14285.71399
14285.71347
14285.71387
14285.71293
14285.71406
14285.71417
14285.71426
14285.71359
14285.71426
14285.71393
14285.71428
14285.71371
14285.71399
14285.71363
14285.71342
14285.71352
14285.71404
14285.71427
14285.7135
14285.71376
14285.71387
6870.597928
10377.53527
3255.60821
3232.683238
3254.858717
3498.178054
3440.765417
3391.701102
9108.90954
10279.39197
8653.953216
3005.657637
2761.99213
7690.610143
3153.223658
3329.404579
3476.242909
7711.608306
14285.71393
14285.71375
14285.71428
14285.71407
14285.7141
3132.168239
3384.33674
5585.334491
11128.42379
14285.71413
14285.7138
14285.71428
11132.18758
10804.47993
11016.74327
11379.23366
13634.68489
14285.7139
14285.71382
14285.71426
14285.71404
14285.71331
14285.71428
14285.71427
13725.5337
11977.91136
12656.09121
12031.64439
14285.71374
14153.75426
14285.71428
14285.71427
14285.71373
14285.71375
14285.71383
14285.71391
13091.68809
11705.57449
10872.6158
10078.04388
14285.71323
11813.99105
12507.56716
14285.71427
9034.631664
14285.71415
14285.71396
14285.7142
14258.48733
14285.71428
14285.71368
14285.71324
14285.71355
14285.71412
12033.69467
14285.71184
14285.71229
10489.79698
10637.91508
9687.144527
8318.037291
7967.07758
11586.77393
12238.97658
10481.73063
8144.467791
7358.379231
6213.5181
4963.366278
5437.447631
5126.957071
13478.92506
6911.580978
7515.320805
8225.359956
9584.176326
10774.83725
11524.24704
12909.2136
11278.92068
7744.544997
8755.726029
9965.48844
10134.04931
14285.71219
10979.80215
10178.27322
14285.7141
4793.472714
10145.51097
14285.71428
8334.872158
8012.410522
7678.520184
7536.974464
7088.977382
8167.960924
10073.27823
11693.29394
8335.077069
7569.801428
12028.57642
10482.43294
10832.38096
9653.505814
8231.670187
6450.565537
6163.821837
6339.844381
5418.216411
9417.347569
3930.208052
3853.686003
3708.915081
3387.091817
3507.302648
6181.405949
3637.202431
3647.100799
3748.757461
14285.7141
5712.024844
7067.683902
6154.791183
6753.427518
8538.007233
9915.360711
10511.82774
10176.54387
9013.509143
14285.71336
4817.154717
9271.026919
4057.949537
4127.698613
4257.893929
3000.948133
3275.146285
4083.199102
14285.71386
5213.044088
7285.965422
9356.042971
4649.872683
4068.600694
2847.659149
10692.2738
11106.3588
9955.486983
8560.009105
6698.895431
4133.04002
11105.38089
4229.638728
3409.989924
3503.017807
3508.364196
3500.00369
3367.597097
3659.080986
3127.151445
2969.958862
4659.150817
2376.558626
7041.572567
8809.664813
10172.8894
7546.558133
8844.883721
10138.30036
5154.810412
4153.601772
2994.71559
3494.081365
2951.978162
4651.628293
2875.339533
9305.947848
3296.970844
7454.173355
7311.131317
7673.865831
8629.637121
6948.429118
3214.424142
3135.029571
3308.098766
3439.57199
3535.590599
3311.636573
3134.460428
2779.438395
4539.858026
7248.849422
10286.35428
9117.02148
7452.450054
3949.990722
3981.01601
4144.923224
3389.845406
3245.900146
2963.660645
4904.111042
7736.70271
9538.506304
11197.11682
3434.210894
3383.159536
3228.873771
2331.256926
3048.137683
10365.22216
2813.115761
3343.4253
2909.788205
3118.784215
10720.14581
10069.98576
7140.509687
2885.074806
3192.2658
3034.168424
3409.331579
3334.87626
3453.62526
3420.965579
3255.1189
3195.259814
2998.947013
2503.228295
4766.554824
4937.841482
8910.426467
10822.69055
10920.48506
10361.32204
9137.514046
3116.465235
2773.390166
3244.029239
3368.659953
3456.091673
3393.083279
3453.296809
3115.113084
3548.110867
5820.293912
9534.204345
9471.87763
11204.02175
3403.170684
3453.053132
3446.209877
2826.299931
8889.188671
10717.77686
10049.80158
4337.939024
7063.076539
2845.310478
3297.041956
3411.990256
3455.019095
3463.383123
3466.079567
3477.784633
3484.816214
3449.004605
3307.284393
3011.9117
2826.348788
3202.531651
7333.851512
10926.81075
10356.15074
9108.155105
5189.138407
2948.446959
3198.720421
3429.447808
3264.187798
3305.004779
3447.049304
5814.023902
7712.464048
9443.432736
10080.99551
3412.271689
3483.046252
3101.474624
3094.133135
4998.949098
3352.369189
3474.77988
10714.99003
11226.44823
10120.74396
8735.955275
4491.861073
3432.728682
3269.476241
3462.925931
3481.227887
3469.694132
3471.923267
3455.525691
3482.188011
3495.370244
3336.812216
3227.252914
3155.203914
3093.822339
3078.884928
2912.635862
3268.417541
4897.854517
7412.801917
8969.448086
10317.02034
10947.54417
9111.335902
7458.399474
5095.453985
3269.321947
3058.236785
3302.200264
3431.387451
3337.099466
3473.977176
3361.044326
3454.869853
3576.690346
3450.68715
5746.59185
7716.745178
9411.843521
3204.444519
9112.605918
3257.175364
10706.99813
11247.71368
8911.504409
4518.521414
4318.022231
3385.015718
3257.548363
3455.585712
3434.703384
3481.550927
3476.985304
3453.870919
3456.178014
3333.557583
3459.606499
3151.674241
3007.517754
3077.578373
2932.184084
3221.892816
7507.053506
10299.17559
9036.092347
10338.58567
10961.2242
10336.88446
9106.083581
7468.020479
3296.978144
4960.389936
3249.521672
3073.907811
3275.563302
3365.91378
3361.03088
3431.890862
3294.948312
5672.505557
5533.874427
7720.974714
7691.572155
3455.32561
3480.397464
7669.378148
11270.24022
8825.955228
10160.33321
8994.720511
4409.100444
7299.020452
3246.209464
3316.60371
3366.968013
3410.219937
3482.793843
3480.543804
3457.090664
3483.412266
3502.683641
3137.770926
3024.900056
3039.411322
7603.793826
10365.82514
10972.76303
10318.2808
9096.589622
7471.47805
4746.327627
3191.147108
3048.616693
3428.049596
3372.702191
3339.758821
3414.508973
3309.901007
3403.960312
10706.97264
2922.814535
4752.330821
3375.468759
3405.392687
11299.67114
10203.7323
7373.66582
3178.916535
3325.072817
3165.700598
3482.588482
3482.242891
3507.848123
3323.723232
3458.175224
3213.181152
3200.123123
3132.244569
3006.480734
2923.045302
3094.33312
10988.83818
9074.361993
7470.278757
4445.946631
3033.641269
3425.975028
3473.110846
3353.655132
3325.520266
3426.376271
3336.359987
3402.037524
5296.121853
9354.838134
10709.9369
7594.191497
4214.257027
9139.85625
3481.27978
3464.356209
9188.204822
11012.94447
3247.683543
7399.664506
11340.33356
10249.33425
7420.66606
4079.185261
3293.697633
3378.512205
3467.217525
3485.964729
3490.247175
3514.77
3509.255697
3317.043657
3204.49365
3132.824986
3085.447396
3018.626458
2924.023678
4564.198492
7766.730402
9271.81045
10397.61469
11042.62961
10279.2512
7447.727915
3127.130634
3025.254962
3235.570903
3418.984084
3376.951904
3474.214516
3439.040742
3474.398602
3353.526022
3352.288901
4970.915883
9298.532365
10711.82927
3265.39536
4106.288585
3373.585125
10696.35912
11390.72058
9074.128596
10303.32355
9178.879764
7406.219985
3913.496816
3123.432525
3101.195769
3233.628576
3451.617699
3337.656803
3475.372716
3447.781524
3487.811085
3501.232669
3499.747477
3529.90612
3507.941797
3312.085031
3457.834114
3198.807188
3136.227481
3049.661315
2927.848541
4373.648113
2988.714324
7750.712734
7688.27987
9350.24111
10437.5176
11077.49787
10258.40452
9031.989148
3338.987087
3073.987675
3240.678518
3019.050176
3240.312073
3388.881866
3376.953081
3471.634964
3313.95861
4577.234114
9245.360957
10707.11493
3368.544106
11450.01304
10365.10137
7265.86526
3766.036899
3109.437848
3081.100954
3096.775997
3203.070755
3419.02586
3288.162975
3411.850429
3485.385433
3517.603294
3504.27106
3307.69835
3306.151718
3202.367939
3095.549244
3142.463284
3034.766
3065.952655
2934.73732
4164.818697
2941.212215
7456.880498
9409.907914
10488.39509
10240.20405
7335.073428
8952.188125
3757.246017
3050.626205
3055.263894
3245.396845
3338.200151
3376.049154
3459.017105
3302.348371
3523.547999
3213.871371
4027.041934
9186.165901
3437.909324
11514.14589
9186.46017
6952.05484
3619.690937
3050.078639
3184.453988
3375.108008
3234.969412
3545.048785
3450.499209
3484.18615
3213.550683
3106.150864
3152.203585
3681.127856
3920.327404
10215.18768
7016.748165
8794.625116
3036.227478
3124.257867
3300.348748
3412.952407
3366.451153
3284.889359
3354.736945
3568.589744
3264.058163
9113.359102
10670.99109
3532.916568
2944.397934
11115.4457
3467.466772
10428.22299
3317.937493
3312.06875
3117.166641
2894.801696
9439.735739
10553.63713
6448.041911
3138.428861
3420.828155
6997.665977
9006.550672
5647.056693
6691.643718
3271.570943
3457.386493
3073.15074
3698.528856
10522.14744
9857.31844
10658.03512
3781.503317
4156.252376
7406.24011
8436.584967
7833.733614
3017.483671
3683.758492
9842.695618
9032.193647
9845.41847
9803.278685
6591.574296
8881.952052
3434.768321
5397.120269
4313.51913
5662.548623
7197.916175
10251.99046
3153.571518
3322.755652
3390.6571
3266.091966
3074.667584
10649.69369
2995.089743
2896.51057
3586.52663
6319.791002
3010.299657
3056.142548
3150.059471
3750.366153
4436.267662
3707.960717
6128.942918
3398.4473
3553.375748
3665.367523
3307.748555
3221.533551
3126.730691
3344.853368
3100.796928
4533.085815
7391.440839
3007.988292
3154.004725
3766.801125
5612.483261
3307.788659
3304.325228
3606.537554
3598.859678
3618.440485
9810.5127
4073.462521
3129.778631
3118.948697
3161.435343
3033.294412
2944.992534
10063.2611
4413.227772
7568.28159
6643.521839
8409.787652
9437.993196
9765.468034
9425.725613
3214.290491
3414.658134
3235.257809
3194.398174
2960.006988
2913.012179
2818.307365
3523.135472
6743.811974
10719.35173
7156.351203
3800.902763
3048.830297
3306.801979
3387.763824
3372.793409
3340.318751
3414.721402
3497.628483
3453.399957
3499.268724
3052.78307
3231.547656
3256.33142
3271.267014
3280.625595
3195.934604
3313.403823
3622.704363
3659.045767
3429.5416
3483.176409
9988.408018
11740.2383
8196.471315
4270.254641
3281.768814
3182.838337
3416.500149
3623.400133
3536.59525
4740.606986
3106.106841
2915.61766
2959.270619
3055.693446
2856.669431
2454.526609
2691.544925
3311.382228
3199.151584
3131.350706
3590.040264
5369.182855
4618.313143
3200.693977
3453.791253
3586.947094
3302.346269
3571.652766
3304.036342
3194.110914
3492.328716
3226.127201
3740.048766
2930.159441
3654.692044
8893.58129
7649.477717
9168.980387
9304.644937
7200.20228
3033.864011
3163.16352
11349.12852
9941.226147
3349.389681
3156.321046
3760.130324
3313.387656
3443.848599
3304.100313
3727.591965
7284.249659
10610.32562
3083.673304
3291.800897
3233.236621
2762.206775
3457.967846
3074.744343
2928.32198
2743.693215
3086.901966
3242.907445
3713.827105
3253.191549
3559.37678
3797.699524
3447.021477
3570.32281
3200.614478
3233.991588
3261.023816
3660.668264
3512.252327
3398.607377
2870.057171
2713.615323
3452.939663
3110.935329
3204.202448
3219.482902
3082.410901
3008.774184
3575.025302
3437.982089
8037.715327
11838.3142
10156.47103
6061.33395
6439.057609
3372.8248
3436.753845
3253.281542
3256.430599
3214.974091
3466.685632
3535.763015
3346.082377
3259.44237
3915.877049
7325.336705
11018.50958
11250.5443
7460.373794
3205.824033
3272.037558
3163.07853
2461.377373
2515.373403
7166.805147
3750.322905
2855.986639
3031.144523
2969.295902
3091.659557
3505.274339
3057.453717
2296.030166
3119.915144
3146.50521
3169.735145
3407.791339
3024.561532
3241.43135
3245.578915
3300.148407
3418.792702
3356.751328
3561.476581
3290.637131
3927.961901
6667.412365
9154.598909
7335.081512
3631.94181
4911.685812
8634.236006
6323.439335
4173.228383
6808.334421
8806.175924
8651.979562
7341.368755
8975.038072
3349.178313
3458.248271
2984.186274
3368.504158
3800.689246
2985.8378
3853.418311
3592.396274
3825.176293
2739.689102
3792.196301
3395.892369
3258.158888
2943.43642
2883.263999
3665.40785
3675.387975
3030.398964
3782.78964
2796.190845
3109.652547
3487.792474
3326.201398
3221.763907
3019.901035
2863.039193
2825.52553
3984.246208
8216.802398
10851.71699
7753.822606
3962.347291
3181.190101
3253.358461
3272.670925
3233.274934
3201.31609
3421.468281
3492.189539
3478.832235
3438.068934
3433.696618
3329.823054
3204.497003
3181.298464
3223.247016
3226.694919
3252.323577
3334.715126
3351.882383
3207.172064
3503.796575
7081.239417
10316.2803
9106.398192
5349.771095
8620.563879
3292.793127
3272.148556
3399.363724
3535.576165
3536.111926
3777.316604
3176.015257
2957.505009
3108.399293
3597.134908
3042.604313
1980.175932
3088.784996
2914.838048
3161.293342
3325.80329
3860.43826
3585.402425
2669.248646
3244.046425
3267.262342
3061.790699
2990.436691
3238.256105
3220.83328
3150.90527
3745.343476
8633.927823
6348.403703
3110.876028
3470.160107
3511.640443
3743.834033
3385.943521
3377.928195
2983.434317
4450.140889
6615.214149
4567.255072
7179.783651
8500.7888
8532.285894
8622.870622
3351.929507
3258.157009
3224.036452
3438.631341
11777.81366
4524.596053
3507.215593
2795.653094
3099.738613
2779.456326
2230.405243
3119.551519
3842.227711
3205.15936
3592.000282
2659.652098
4141.871752
3249.918053
4842.213756
4538.149126
6785.041788
2807.544711
2923.865702
3071.577264
3439.691701
3373.318851
3263.347359
3018.862241
2898.786707
2977.286802
4962.105464
8875.588235
11257.31225
10849.00415
8282.03453
4240.441225
3115.05925
3145.450889
3186.747862
3173.751829
3167.440395
3247.141693
3309.575366
3380.12999
3410.519247
3407.527164
3464.054384
3414.267287
3218.613262
3161.617707
3183.917381
3214.574689
3246.777444
3283.716822
3223.844295
3071.997707
3585.793543
7728.866264
10420.08145
11740.46116
9533.014465
6349.940332
3228.939361
3194.51376
3391.580757
3523.804755
3554.608203
3629.150708
1854.854424
3036.20361
3127.471186
3853.568787
3141.33354
3446.820508
3020.071488
2891.500782
3227.007659
3573.714999
3879.164646
1859.9892
3615.944417
4418.588942
6268.091353
3235.608923
3650.94472
3731.434363
2325.042861
3643.569355
3251.361534
3229.477362
3176.299803
3438.667385
2643.226403
2288.637707
3052.746396
8072.154246
6092.57059
6808.42798
3623.836563
3548.515944
3765.683256
3600.699562
2817.336368
2979.746878
4613.745321
6686.783922
8176.33157
8557.784206
8619.595713
3288.167924
4039.951112
3301.987321
3009.564873
3655.883452
3097.37256
2962.778632
3295.767245
3177.082042
3471.645159
3218.181794
3296.288204
3870.447539
3860.236273
3257.857537
3601.202431
3666.967028
3241.042743
3810.47157
3901.049115
3892.916802
2176.696101
3830.925559
3823.444035
3762.372302
2646.174292
2727.16113
3549.450028
4436.429275
2965.816009
3082.672958
3077.299714
3348.931734
3407.692082
3339.804112
3038.738265
2885.112135
3215.630814
6143.898842
9329.86607
11222.89045
10818.52338
8784.915857
4797.021
3013.774872
3124.042726
3142.57905
3146.216905
3218.448683
3341.399577
3449.571957
3392.046083
3411.083241
3551.074834
3496.007111
3269.147448
3171.871621
3196.727896
3231.902926
3237.624625
3124.224232
3038.356091
3966.401198
8277.129293
10483.3598
11722.29741
9905.765069
7226.385048
3563.394738
3184.448003
3396.169594
3532.689376
3585.298716
4189.825764
3417.586375
3867.217741
3137.625526
3214.636281
2197.946539
3874.925694
2541.234643
3579.800127
3198.766853
3853.716951
2782.061686
3733.130414
3570.249888
3765.570279
3666.099774
3818.894239
2810.091271
2832.299165
3585.277181
4469.359164
4316.644682
8237.961501
7297.594174
8230.276528
8162.679779
6711.395739
3217.832667
3917.559129
3506.261453
3721.706141
3616.453901
3574.782356
3285.220453
3837.490993
2975.001078
1988.743732
3300.438586
3861.245386
3199.308734
3798.089477
3583.436841
3532.263795
3236.145674
4242.091945
10198.47479
10503.04317
8682.895271
3522.095983
3097.092085
3198.824301
3184.317699
3165.560363
3163.728314
3342.108242
3546.040793
3425.113327
3409.531624
3303.856206
3070.322127
3073.384591
10817.22525
10770.519
11297.87384
2838.761518
3066.41347
2854.650474
3381.211969
3218.398147
3506.177803
3100.287689
3477.195587
2131.928116
2968.494789
3702.837524
3047.897153
3074.708014
3537.32326
3323.408527
3437.240246
4469.973441
7186.582669
8188.034824
3824.787526
3217.831455
3683.14451
2588.100635
3869.921362
3820.004282
3368.140235
3717.381723
3221.845256
3595.384817
3384.030265
3720.119509
1975.950568
3822.164299
3309.020778
3402.125256
3609.60815
3761.432935
3707.509881
3352.24889
2239.84717
3304.739164
3838.774615
3879.40791
2788.278699
3585.837181
3619.454708
5146.20266
2495.271173
3618.373132
3729.045746
4328.602218
3598.424963
4799.798348
6510.181658
6811.374029
4805.456378
8084.243109
6645.466321
8006.918636
8049.127043
6631.454298
7996.06395
5533.754544
9150.321808
3395.021069
3533.626799
2452.619365
2925.961496
3761.599289
4700.155484
3258.422719
3070.068375
3468.789472
11696.44293
3372.041062
3545.200741
5152.424244
6713.11191
3898.539185
3614.110361
3828.589422
3681.75579
3583.1835
2284.637784
3774.102717
3792.042828
3289.223932
3706.000277
3773.669994
1807.586981
3737.417244
9671.88038
7163.378026
3196.246967
3309.393874
3226.097053
3252.985762
3331.503111
3272.476865
3048.510943
2932.560602
4533.52009
7954.576128
9932.588511
11188.24763
10706.14784
9356.932616
6318.422217
3290.239612
2925.758504
3026.2931
3103.611244
3136.631245
3182.640387
3142.576667
3267.815014
3364.900913
3405.69117
3443.656497
3565.611778
3552.995755
3408.298146
3279.336127
3170.166431
3196.470939
3159.279722
3026.561877
3273.4861
5553.216123
8958.146851
10498.90613
11649.27058
10398.67766
8466.176773
5235.175835
3322.194669
3308.825174
3502.438024
3617.851495
4186.838428
3914.895226
3657.94293
3843.819005
3359.189046
4410.212729
6103.183587
3074.591769
3802.224306
3769.723901
3513.999989
3704.689563
3502.24059
3252.121238
3520.817961
3776.054931
3481.990603
3809.692009
3591.444748
2063.633703
3503.452016
3883.728835
3756.729979
2958.634444
3625.01413
3846.148643
3835.771301
4697.242625
6995.668948
8506.010794
8483.839885
1601.741704
3774.717858
8623.298744
3580.707113
3769.542565
3680.537389
3732.608488
3867.967919
2865.897104
3407.832912
3682.893617
3600.21294
3937.888547
5996.414067
8346.769836
3565.221077
3849.045418
3700.679015
3729.868966
3721.814697
3474.487194
3702.704366
3865.690099
3155.729904
4150.188296
3512.773293
2987.784356
2719.430586
3145.284999
3498.426613
3628.39533
3627.614245
3940.966956
3669.962835
4369.084993
3199.111822
3120.855564
3353.355972
3610.981641
3346.611456
3031.551236
3843.045931
3632.910887
3453.533201
3817.511409
3664.388824
3710.477892
3646.730418
3755.367121
3689.23655
3666.884715
3726.486798
3705.222939
3656.904859
3876.470834
4041.906748
3725.635625
1335.36417
3699.033565
3450.955494
4760.704857
4222.694657
4007.01824
3765.452088
3625.856906
3718.949591
3852.911011
3023.458731
3648.722022
3922.78334
3623.636445
3481.515182
4027.848502
3878.06003
3810.330835
3046.854179
3359.968463
3790.108284
3242.178061
5009.804737
4218.747961
4487.096941
4722.164143
7696.603026
9256.273179
6623.868015
3632.501687
3236.676777
4997.425425
7326.132051
4875.669005
5206.889625
7407.439101
9447.452081
8003.159379
3556.000559
3330.957859
3630.044244
3127.553853
3166.189365
3085.452971
7006.545192
5569.886514
8496.762209
3278.968567
3254.794018
3604.223472
3248.607481
3419.770212
2887.187658
11154.04172
3347.992214
3273.00486
7937.712088
6276.119454
6377.859514
9137.338406
3187.309961
11585.31284
10581.56369
3247.396809
3183.361625
3208.81052
3452.914814
3033.876807
1832.557301
4614.856494
2897.154903
3380.04181
3661.472687
3809.014712
1096.782432
3596.799134
3671.2367
3714.271603
4277.457527
3873.373158
3744.203251
1925.51963
3605.003555
3715.971461
3434.857336
3672.371861
3733.872094
3763.347808
1811.923947
3212.047946
3716.470095
3117.213833
3973.16506
3704.261407
3441.002505
3752.249457
3186.761212
3080.529997
8805.96399
3371.12113
3468.399001
3271.19663
10128.55301
3212.358472
2985.040192
3127.909434
3235.741761
3421.766057
3463.27101
3588.209031
3354.238349
3183.91234
3528.994118
3327.415675
10636.82014
2968.340175
3544.024494
10481.37875
9452.401826
3110.529012
3565.544001
3147.910968
3621.573563
3616.980597
11210.984
4060.758928
3459.364963
3798.05096
3373.959868
3730.067566
3282.240431
3504.908755
3549.907657
3152.444433
6933.50314
3588.982773
7381.905794
79.53591845
65.6113612
57.98420757
69.45858834
71.83356635
79.09640305
51.22555016
62.50521416
74.94232197
64.83841012
73.94972405
71.37827842
72.24898079
73.09105061
68.71926181
71.58240568
67.26836332
73.08329203
75.70919265
20.70607365
59.24205435
66.72677578
51.54326993
53.0390596
51.28082659
76.51854335
59.4688691
4.038200192
6.048522988
40.88027724
74.57777636
63.00394418
10.44933969
68.74351769
38.17145819
7.283102448
67.88250877
54.36027065
57.11124858
10.73119942
67.10245384
63.59749661
6.074028827
53.49543116
6.496745534
28.1545893
66.54190838
8.785513815
61.6595675
51.41251621
64.70118102
69.93642367
22.56741413
9.010299826
13.61967548
11.60607432
45.21210237
60.2341812
69.98249042
25.54091228
65.55016784
16.98431565
12.32977232
59.26447617
43.66669961
43.53126063
66.53887528
20.70127768
71.4363803
23.70998268
73.1326599
24.04761224
33.49612579
10.60215476
29.11023861
60.30148527
55.77666357
17.51852861
43.67620912
42.22709216
37.24403297
26.38847352
38.04014182
65.13143599
54.37738144
40.46300586
37.35288506
45.09407948
34.99723691
27.39867867
25.8085842
30.94382892
50.39164497
47.1551112
81.83108667
12.91791769
96.09456535
57.54810155
81.76937223
90.93729829
52.35419218
32.70365751
27.41173306
118.6757222
155.5521256
6.80353303
19.10405295
46.63472549
37.09758107
28.32438565
35.54270531
54.77295147
59.56640412
29.22985136
63.96072873
54.99488294
69.41677909
74.3866102
44.90868324
30.8878928
44.92755757
282.5000361
464.761933
65.59924632
25.46969711
72.41000004
69.5688061
42.12488703
61.67754652
68.67206343
67.25599729
71.04079235
75.09823719
76.06537006
72.93254295
72.94447628
62.09519506
61.0186586
62.99316882
70.14440261
58.35542665
60.67744562
64.27844486
67.36500564
63.8600459
67.84233257
67.98640159
68.87594424
69.81148497
59.42151331
79.88039915
67.93915393
74.91985007
77.58943014
88.49216854
92.72889469
76.03326423
71.43714321
61.2401168
74.82990224
77.82398585
78.15419229
66.80935149
65.94494832
68.51058732
66.05990984
67.02313286
75.51902057
72.46879209
71.61932629
75.93774893
92.15581075
69.79733931
66.76928936
53.46535903
68.85828844
70.05778172
60.85432134
66.05555412
73.11860995
75.6516555
66.65169158
66.27634804
69.04156564
76.19702587
73.07275192
62.47427242
66.32801094
61.51867644
67.2457941
59.25840375
70.77940884
63.36370355
70.92094489
77.88694191
73.60738444
90.96861546
62.67423918
69.29148124
70.01123431
68.99536683
54.28556742
69.06089017
71.30103749
75.21083733
74.66491388
74.76259789
60.84954859
73.52956807
72.8195672
72.16977965
68.7227412
65.59607377
68.11558904
68.05976911
66.98243555
65.06893329
65.45461556
57.27087305
63.39708536
65.63357334
72.9073016
62.56411187
70.54612176
73.934035
56.06410942
64.30859521
43.74383365
39.92585399
61.22008958
35.45223235
59.2698085
19.44778549
74.315834
68.87290959
72.46409197
69.99119067
72.39343907
75.62903918
65.44266679
63.00007318
52.63460497
52.75518176
73.27620462
69.66308407
67.65615479
69.4308916
70.6601713
71.3599344
71.37663404
71.37649113
69.33311236
69.35476403
63.18734448
75.05414649
66.6615053
65.32338407
74.25704409
69.25466055
66.96991984
76.99704697
13.52463034
19.64785041
9.960900787
50.47016559
73.49451067
53.47194961
75.30114822
74.07201675
59.0604018
71.99725566
72.25183774
66.91578105
68.3011282
68.4852425
69.54470138
70.62473008
70.29524548
68.04540986
62.29062228
64.41892525
28.91817942
2.19085929
72.41333315
3.543672082
75.03110279
73.07370746
37.90599136
75.59457112
39.3374515
71.42519655
74.08516775
7.546122656
39.25472132
70.61966717
87.19606099
53.69709471
52.42056921
51.78677443
47.48838762
21.73810939
75.84382297
68.41070679
67.96746231
71.63616908
69.40087745
72.2570172
4.422785407
3.781386682
51.30032219
9.39732258
13.75697959
15.36001477
65.46549577
78.72208832
69.29346915
75.33453444
62.24305826
54.32540241
54.81777956
52.86057427
52.41259389
47.61959188
53.04647613
38.99055567
19.30390442
6.813004222
4.82449724
72.93080874
68.66546264
68.45584489
63.11405096
62.01405516
64.39980228
8.626272346
4.85673328
34.77644306
33.15374956
69.46703338
68.29044049
9.466767268
12.13658982
62.83586329
9.221824966
19.00019395
30.03415733
68.86874665
69.4519301
67.83843852
65.49883963
65.52508334
63.22477103
25.13770496
13.1623172
49.49453621
62.43157024
52.85047784
51.3360075
48.01644823
50.66075813
11.77566366
58.84414514
55.05398115
51.9183688
12.73081593
42.23304356
10.31419549
12.15789834
79.82544373
52.18450406
48.32260956
20.34740045
16.31342316
11.44054381
9.631616281
14.09649903
67.364866
14.18577781
65.59208714
64.32649036
27.67476253
28.87827426
10.59018382
58.06580126
17.80363825
67.84564489
66.45009032
67.63167739
65.93238037
40.89645116
54.67250406
51.96197741
41.61517394
58.34966643
85.02783351
63.11521443
64.01356231
64.73153638
14.8367021
46.9259378
51.59182514
50.17276215
30.79990584
16.38286881
17.58669504
41.07350864
50.81648676
53.82359682
24.34235734
21.66542119
38.97005904
50.16227817
60.29161101
64.05535808
61.66070733
61.11324949
67.69222832
65.93766513
65.67089339
67.53407726
34.72436597
9.120054809
38.85136851
62.21731437
69.47768962
21.70469654
25.88458886
32.07820325
25.38774321
55.36548808
56.25699045
59.30317567
58.8142486
10.766257
73.65657804
45.09326422
68.34305051
71.52737993
33.36092482
59.35640912
28.63925353
51.53938906
42.98750089
70.54466504
55.29649284
71.00854243
40.8361799
41.17977148
43.45251162
42.10195578
50.68676782
14.14043344
61.43247162
61.03045184
84.4386387
52.03221945
25.00720466
9.722900183
69.12940252
67.27400034
65.42949917
61.57423416
66.18670356
59.72958445
63.41029424
59.3583265
49.94779419
57.50969626
49.74442857
32.54676604
48.8718777
40.48344721
15.6127808
65.65488848
53.37757708
6.047488705
28.29405463
30.70034895
32.26670106
30.43004001
22.04699205
76.17126711
33.47450252
67.20114153
85.13743484
42.05057033
37.83590028
44.23116162
63.99172013
69.50884744
63.41282721
61.76816103
64.24097443
65.08602204
57.73028091
68.21694669
53.42650721
42.42018312
42.33646547
52.23591831
46.72015925
20.377067
8.953642797
44.1967013
46.34286122
39.53345306
51.76369863
54.38000897
71.94784334
55.83966165
70.22902141
51.28530169
28.79997514
80.77697357
44.54133702
53.29395697
13.13312299
23.0169815
48.29052393
43.53280292
62.71623914
65.90461981
59.62224167
14.23699446
12.70797584
113.9019705
32.72736406
32.47593835
45.0493135
10.94357201
57.82170893
47.88485871
73.16934402
71.62052466
39.16611547
15.96135912
86.53584942
72.17732047
58.75162782
60.98598632
198.7265081
33.23220659
58.49390327
58.73725821
33.97019381
31.04619114
35.32194905
31.26237127
147.5198382
167.5231668
428.3015354
149.5549421
119.9219011
29.00289488
113.7585781
61.62659076
6.853205556
33.64861397
8.874900986
76.92970367
71.92864392
55.63583939
86.43543395
48.37043102
41.34345328
31.50609147
69.10089528
34.02605374
44.70674962
57.55960089
43.13887114
28.0327995
44.18586753
50.06934793
33.17532474
42.79436863
42.19256969
22.21979417
30.77359076
28.11748353
23.48593702
22.30816648
60.03874697
19.64435348
13.39237008
17.35709999
21.90616079
19.57630863
33.44999051
18.85486524
31.93147164
19.80885334
40.29240065
66.92177269
47.86258307
51.54778713
54.37384634
42.48895414
85.84540594
44.15093822
66.51784872
74.09667181
76.63691246
68.46857945
48.30811703
39.82589297
35.27107719
36.58563657
37.90410626
38.92655446
44.95285989
55.58080466
43.68545056
15.08609933
21.38594207
25.33683362
36.7957442
14.35605226
51.73001826
26.44864585
53.15910759
65.1213779
190.4264963
169.1221403
82.68639208
91.81354205
18.57512759
181.0982118
13.18053693
35.96920804
25.40863583
197.5484033
142.0866683
49.42172719
74.30681254
26.18038321
24.17796403
66.68894245
21.37571411
70.95201581
57.8667936
88.91039465
32.50740283
25.2332255
82.78953158
46.90425947
57.93903473
85.26403294
64.05635873
26.39411161
17.98667748
10.83662071
47.17797477
87.92288192
42.79101753
52.64255703
87.76589012
22.88231265
19.30979643
12.16146418
193.7826092
96.48515793
61.98055346
28.17130372
27.51463468
43.47358004
35.20892918
28.74929327
24.07537159
227.1778991
82.90343905
72.06128116
54.74927079
40.42588147
50.30808838
32.98418828
28.96561842
29.91276186
29.69433508
27.68393098
24.04780314
19.21576331
74.20487684
73.78804705
203.9639776
66.92369611
44.7209854
40.39340754
48.4286194
37.31197819
29.24145185
37.33018512
106.1525743
45.54216958
26.78844109
22.20733445
39.15889884
11.04352956
26.4474931
44.23860327
10.95185012
57.81321904
66.37983072
661.2752393
804.357877
1292.096327
750.5740717
823.6764399
626.7973017
696.1926073
626.2140957
785.7844048
787.2508647
678.7908753
31.66929338
669.7283229
641.1719941
657.9719067
713.7843922
685.5334238
593.7871482
676.4548592
601.3632586
660.2393519
707.81773
766.7616047
618.7529868
725.717946
712.9365791
655.8947935
758.2433946
679.7269086
208.157461
715.5818122
6.935899284
562.1900341
290.1884134
70.1586046
82.70643114
885.4188941
34.76007919
537.3928873
30.94915735
36.59435976
711.9433288
48.88231387
5.924695286
743.9851589
12.20303422
651.1725298
60.74875633
624.7137986
916.7808604
1103.344012
697.7063056
895.380535
734.1109133
744.6791717
721.9892586
651.4584501
581.202308
740.6685807
695.4183183
615.7451341
677.0286835
39.36307777
760.5886184
894.9323562
590.0308333
528.3584806
697.295647
43.19402221
688.2551122
22.95744568
1424.252062
1014.36045
959.302385
669.5736808
752.3909515
681.4596913
624.7160947
682.4751849
561.5207788
399.0133215
788.9176789
19.75878094
59.01937961
14.47581574
681.0653827
25.59215787
24.34988433
562.6122407
651.4049279
21.0656925
49.68692496
46.19958173
348.1661021
567.5105693
9.341211007
1016.506185
717.2455387
708.3581041
70.5030252
13.18136785
</DataArray>
<DataArray type="Float64" Name="mach" format="ascii">
1.726531408
1.383249928
1.516145724
1.554044322
2.420143417
2.481840475
1.54202121
2.570167549
2.513721175
2.695680678
2.431114972
2.536345186
2.574958034
1.387188271
2.523786489
2.1750582
2.551982966
2.417090473
2.71861551
2.322021121
2.435669031
2.626651433
0.2772717152
0.0835918054
0.3896155568
0.4334738025
0.1324667936
0.5544628994
0.04516162349
0.9829551484
0.2812907402
0.2724371654
0.419771206
0.131006377
2.532033951
0.1668917931
0.2572859961
0.430359706
0.1483416063
2.537542595
0.1727943104
0.3519741072
0.3930510659
0.1191864255
1.699339561
1.649491822
0.3525923805
0.06532218968
2.388998294
0.3327930162
0.2115176999
0.3033210078
0.1052288646
0.1841705335
0.08139290491
0.2049236437
0.104232443
0.2551167634
0.09295601255
0.02377346262
0.6577142758
0.05251144051
0.07509497897
0.1240046978
0.2375101561
0.1191611602
0.4481894711
0.2056602128
0.08582310421
0.08393091895
2.595964901
0.0526422883
0.6871715842
0.09984325593
0.2477650409
0.07451242192
0.2394938424
0.3614316349
0.03026113908
0.1067211825
0.2428480679
0.4824825125
0.2049512774
0.1547612337
0.2048933186
0.2854633937
0.1573574074
0.05962231967
0.1277405137
0.801951273
0.1484614766
0.2448847202
0.1330509526
0.3556323177
0.4360470323
0.143672288
0.1643433121
0.3211297104
0.03962403063
0.1997059089
0.1494757786
0.09752248723
0.09152799638
0.1003747076
0.2543954684
0.1570871671
0.1675158868
0.1790441713
0.3282796075
0.1273407315
0.2429871081
1.959612872
1.687100496
2.526276416
2.576330512
2.558646085
2.53811441
2.556600155
2.560952369
1.675156241
1.648462596
1.739169178
2.564913159
2.65443317
1.635723052
2.532526099
2.434354186
2.532532558
1.747407985
0.5815335128
0.1838588498
0.4117403771
0.9401201693
0.1822817539
2.568730225
2.540880408
2.076327384
0.7961180478
0.1643038864
0.2152948997
0.2946030937
1.624620394
1.640594497
1.57868465
1.40734491
0.9656824935
0.3926668414
0.5285697522
0.6139170303
0.4219447332
0.4978903558
0.4936374502
0.5174088839
0.5497769135
0.6790453323
0.6061268011
0.6474912733
0.1576062935
0.4944973697
0.4852288897
0.478770622
0.4877469612
0.598815219
0.4959820635
0.4138895514
1.0480625
1.411624153
1.550910186
1.652410349
0.7360526818
1.434033894
1.163514254
0.1385432352
1.232575034
0.2469864664
0.3868482866
0.3863798191
0.4129489007
0.4039666014
0.4430617821
0.4036517326
0.3854168185
0.3839092452
1.280889615
0.2736702167
0.4720706592
1.765941633
1.720702359
1.782230435
1.810812249
1.580266756
0.9316594785
0.8387643961
0.9426448181
1.188116914
1.310191332
1.503921007
1.824321536
1.68702616
1.766532427
0.5191895174
1.357090396
1.244508841
1.139538471
0.9799019413
0.8993028823
0.8685888257
0.7880696022
0.9549762332
1.680010664
1.762033151
1.718179638
1.722078438
0.4500327804
1.569725414
1.720466549
0.2007803121
2.173725986
0.856643438
0.3902639903
1.079997245
1.116247948
1.159203821
1.134097975
1.200538467
1.015926658
0.801233934
0.6695107209
1.409319029
1.875000363
1.501064076
1.761098438
1.677142305
1.768240735
1.850990853
1.918915448
1.696849328
1.591703446
1.784692365
1.022857509
2.317684376
2.357361199
2.430018314
2.593976964
2.536475885
1.495322219
2.436676044
2.404040787
2.331026485
0.5460455146
1.656143424
1.417059043
1.698962953
1.91026802
1.819648599
1.705406243
1.655432553
1.727267832
1.760191872
0.3839415456
2.222085173
0.9553313919
2.206380926
2.153892414
2.097299333
2.447104284
2.20652545
1.843738439
0.3539386063
2.155745528
1.980206815
1.812905032
1.993647861
2.155254872
2.475129368
1.728099189
1.642785677
1.723287809
1.788665823
1.879575381
2.366524279
0.9139896469
2.168578608
2.590786777
2.551896774
2.540406685
2.529180799
2.577793415
2.45456574
2.632243147
2.689651987
1.905728046
3.061322141
1.860027692
1.77114137
1.667579943
1.772932498
1.810301577
0.9108262727
2.097129335
2.12296837
2.743288468
2.408064123
2.358291329
1.778317949
2.401401565
1.84051312
2.586628132
1.775314453
1.863329331
1.885436956
1.762837593
1.811819199
2.64998303
2.717672692
2.599151746
2.538644827
2.529631856
2.597541599
2.618048303
2.77646226
2.215906663
1.80256995
1.652770141
1.761916708
1.809177653
2.228830994
2.14859796
2.172324499
2.475222227
2.473835363
2.313559749
1.868169537
1.851493806
1.796091082
1.63477763
2.563176658
2.570854308
2.609860058
2.957633621
2.618561875
1.682275694
2.835288765
2.572796119
2.732909868
2.272832807
1.719280954
1.707271357
1.730317568
2.843904357
2.5824873
2.707420565
2.562690843
2.586086337
2.548463466
2.554875531
2.597125556
2.587250792
2.599836231
2.859255579
2.144318007
2.084238711
1.732858717
1.614812434
1.606283972
1.67587775
1.741774015
2.719045079
2.79776277
2.576067367
2.516599887
2.43499465
2.473617105
2.457831613
2.570371867
2.327746247
1.990773929
1.780949593
1.769758181
1.630823548
2.564884877
2.542035744
2.541118734
2.699526696
1.748104575
1.7145114
1.701514323
2.309484765
1.762102344
2.781479044
2.54294933
2.549899463
2.540184683
2.532209879
2.527551559
2.531633313
2.54033594
2.547589627
2.57250753
2.642279622
2.642206888
2.513831183
1.761394542
1.60275182
1.669779289
1.726683222
2.059153955
2.6786874
2.573752756
2.501582957
2.477310196
2.152542433
2.409409383
1.962051704
1.823828897
1.7586622
1.693081233
2.523651471
2.534641363
2.594052524
2.571748168
2.061264137
2.573702402
2.452139576
1.709137621
1.626051958
1.682738655
1.712879726
2.24748722
2.519154658
2.579764879
2.535974736
2.5347943
2.532667589
2.532719314
2.532937627
2.530950669
2.538356282
2.564663372
2.577590898
2.577817679
2.570167134
2.57476485
2.58212417
2.492532253
2.084327778
1.731984352
1.715252722
1.635336698
1.596651347
1.714233976
1.75146404
2.06225104
2.591102756
2.625406899
2.537565717
2.504153373
2.443907005
2.453570496
2.418680733
2.114227193
2.333386856
2.347397484
1.954302644
1.798685097
1.746317346
2.564562232
1.70023242
2.22926745
1.703492932
1.621328399
1.655793133
2.233195889
2.28193573
2.528637725
2.554889187
2.538808207
2.543175096
2.532897746
2.53178652
2.533753362
2.546708324
2.565860682
2.546225883
2.578752488
2.563760967
2.572581712
2.574509479
2.513662255
1.701899158
1.641959417
1.696011372
1.628126577
1.591802887
1.664678726
1.682640272
1.726757775
2.59112656
2.085588396
2.593485415
2.6184243
2.551281697
2.430940424
2.417025231
2.129943966
2.221587449
1.95230499
1.964752142
1.773111863
1.72175457
2.546508959
2.529537457
1.694397544
1.615732246
1.685273061
1.670597611
1.625227622
2.262871135
1.666037455
2.55248428
2.539352448
2.546963583
2.547066502
2.533331822
2.535252834
2.534670197
2.531150219
2.53741717
2.581189186
2.561660023
2.561088386
1.669640286
1.619791911
1.586608531
1.657922875
1.658663027
1.69974208
2.134184213
2.600643614
2.626026804
2.506862937
2.428529854
2.421067657
2.137493526
2.218009283
2.343601377
1.6952961
2.572663222
2.124218715
2.428103541
2.317026763
1.608260222
1.656028497
1.631319814
2.56816725
2.555974332
2.567439334
2.533368357
2.530844275
2.536194485
2.568072991
2.546461019
2.580432861
2.581165812
2.580738674
2.567219797
2.564477999
2.546160965
1.57994407
1.629401047
1.670844585
2.213282339
2.626613871
2.508445093
2.45517394
2.41807091
2.424774793
2.141009959
2.213173277
2.326558306
2.002086977
1.732929753
1.684589679
1.674435563
2.306596232
1.564753271
2.534215035
2.533603287
1.651974242
1.570943772
2.561651692
1.673577454
1.597922214
1.639519447
1.59814226
2.343942586
2.560038835
2.551425404
2.537636567
2.53015987
2.529767277
2.524690934
2.536120906
2.569173744
2.581490623
2.578199043
2.567145041
2.557976702
2.556693549
2.178623358
1.575878559
1.626139032
1.610181588
1.559567802
1.64016483
1.640496395
2.610534852
2.623294654
2.568294291
2.511109614
2.427957
2.455979506
2.143242373
2.137626865
2.211670086
2.216023285
2.062184711
1.71602585
1.672219492
2.5623085
2.305179652
2.430665168
1.642673093
1.584809667
1.59431547
1.620919928
1.539323221
1.573212086
2.393520665
2.582619545
2.561426703
2.564869106
2.542120267
2.557047001
2.536539191
2.541204121
2.529895043
2.527423962
2.525466688
2.521739568
2.536665272
2.569632755
2.546691931
2.579923761
2.574500699
2.540995787
2.549262775
2.232075027
2.576823424
1.603893458
1.56061042
1.598879693
1.59899562
1.546855985
1.629617623
1.597146698
2.551554098
2.618406422
2.565656503
2.622279724
2.567335828
2.52117309
2.428200131
2.457169325
2.427281326
2.143148709
1.695076871
1.658421178
2.321059051
1.56919714
1.600806017
1.5709227
2.435801323
2.566803371
2.594765827
2.559136629
2.566504461
2.547153073
2.564348306
2.548367225
2.530455169
2.522274536
2.537059845
2.569854207
2.569358244
2.577359222
2.560417648
2.569543921
2.549736342
2.530498108
2.543067935
2.292350771
2.593615943
1.572552764
1.572033721
1.585903911
1.617525637
1.619638733
1.564876316
2.402874348
2.618491126
2.599250988
2.569222317
2.540111077
2.42897936
2.45974707
2.428536456
2.130355247
2.38076989
2.292388803
1.671083195
2.550034755
1.551715787
1.517038412
1.603472978
2.471842238
2.605659247
2.564578243
2.554629908
2.571798848
2.518874417
2.548159252
2.543113709
2.572743213
2.552716197
2.562877272
2.443357668
2.365015571
1.602916449
1.63116179
1.538713482
2.626023252
2.584840935
2.548229119
2.470795707
2.433798542
2.430769951
2.218259257
2.124396896
2.355855698
1.645132304
1.62468087
2.519828866
2.538246465
1.533595767
2.479193037
1.580554882
2.564575121
2.567106304
2.54383904
2.619422472
1.549104656
1.570484741
1.69387897
2.610674473
2.206079909
1.712282485
1.619734706
1.929120239
1.708549297
2.634555007
2.451227853
2.492041306
2.509716936
1.357424274
1.43544742
1.339204827
2.471789401
2.329343958
1.678013505
1.476326242
1.424754129
2.537756217
2.471521564
1.311964155
1.390943517
1.299609761
1.295863903
1.667885359
1.430992411
2.436617452
2.003250529
2.218713538
1.942058597
1.643183492
1.368551606
2.269326519
2.572934518
2.551907946
2.560014662
2.575095998
1.380832655
2.603684724
2.777115607
2.645547047
1.852638728
2.67738031
2.686928141
2.694360604
2.418645202
2.325331449
2.432211252
1.845365099
2.509697519
2.473901135
2.415874967
2.586430952
2.595819339
2.525515434
2.115997371
2.496312191
2.055652827
1.494782425
2.67266987
2.685706654
2.514981003
1.864017777
2.562356453
2.492014682
2.410431684
2.426933959
2.427032344
1.377946888
2.314922084
2.608893921
2.562119932
2.448942105
2.649765265
2.739475211
1.348955506
2.176058522
1.50159122
1.661640396
1.35578128
1.314382528
1.261731086
1.291587748
2.574034927
2.54736881
2.571070747
2.496810753
2.480245554
2.589631541
2.771964357
2.688467632
1.761131981
1.420821739
1.7062384
2.47212531
2.646488807
2.572323488
2.552924287
2.537730662
2.476587417
2.445132561
2.466126769
2.544383282
2.542172781
2.612928838
2.579667841
2.573373787
2.56809788
2.544372744
2.518014716
2.467729042
2.422286268
2.439352542
2.528498719
2.548045636
1.463259561
1.365167068
1.586863202
2.395646284
2.673467505
2.655093858
2.524213962
2.379939886
2.31390367
2.09059192
2.609264953
2.742062853
2.719504553
2.643421473
2.608074279
2.602159246
2.540678517
2.402291299
2.632189357
2.639071011
2.581491676
1.792893296
2.064752154
2.594810563
2.454383105
2.424006102
2.577726929
2.525641198
2.563099337
2.513505404
2.427451886
2.50034103
2.407509889
2.568721168
2.440240283
1.342362521
1.481335402
1.311189001
1.264858951
1.467969084
2.623729666
2.64994866
1.340802398
1.449036242
2.391910113
2.523878518
2.421792736
2.561688032
2.463475296
2.559361654
2.388933287
1.674616324
1.389313946
2.583848251
2.571487551
2.581709043
2.718008788
2.065015875
2.562256321
2.628038586
2.60021141
2.491988817
2.585880875
2.403464454
2.595690304
2.442181136
2.395377789
2.405071859
2.397458646
2.635048739
2.632931711
2.627734392
2.483938226
2.50077641
2.55415665
2.66198092
2.710392336
2.529322379
2.532659918
2.627209376
2.641449072
2.623479237
2.487614329
2.382947607
2.484050338
1.606727458
1.399074151
1.467757123
1.847798968
1.774983763
2.552350124
2.449661114
2.492129202
2.555369809
2.576339277
2.54777833
2.534525619
2.45302948
2.487841561
2.419720561
1.691113724
1.393589904
1.419501662
1.649639507
2.516389987
2.566907203
2.570597408
2.599397019
2.584378977
1.563662147
2.490201426
2.703847659
2.703469761
2.711487527
2.632203398
2.345216856
2.596248371
2.863409654
2.438558056
2.647473548
2.455628616
2.017318989
2.591003854
2.583368822
2.596464674
2.597584353
2.576021574
2.606080513
2.506625853
2.572974367
2.325888427
1.542588447
1.259186176
1.407069565
2.443405649
1.970662382
1.357551452
1.701495276
2.125177861
1.538328176
1.302524208
1.3041466
1.496430911
1.255182106
2.553000837
2.478741129
2.619000084
2.655021973
2.392536511
2.470418452
2.385482574
2.436180427
2.369675713
2.628616125
2.395983585
2.474371103
2.603864485
2.660134835
2.573798508
1.730511882
2.549680883
2.506877579
2.355454412
2.566375987
2.571585356
2.526248358
2.555485704
2.540927908
2.468861696
2.557221735
2.665447156
2.437008239
1.572784828
1.476486045
1.640219096
2.433803468
2.663570789
2.593622454
2.549769002
2.52018806
2.496138623
2.492902724
2.516871091
2.525922251
2.549484903
2.55476483
2.560037706
2.584723863
2.587410407
2.566349415
2.534696227
2.497746096
2.46681301
2.478767561
2.599727848
2.594191826
1.672724602
1.475082702
1.54495723
2.05405685
1.561935077
2.724948873
2.606141661
2.468371111
2.372783399
2.25257677
2.467447047
2.67145527
2.711410367
2.632307112
2.306891948
2.601088989
2.974083165
2.583615886
2.437328679
2.611364255
2.563839439
2.383998657
2.519872193
2.720660498
2.594561763
2.586754609
2.507908684
2.627835396
1.976696928
2.446785688
2.499734135
2.404631462
1.247168411
1.48010914
2.654910494
2.563601808
2.558891576
2.525409113
2.59114936
2.481098049
2.606172673
2.094348028
1.521250967
2.082026386
1.440800077
1.30538666
1.293434027
1.26553918
2.549285159
2.574488316
2.578077475
2.602511629
1.428806374
2.30616085
2.686714577
2.71015462
2.423461146
2.596798462
2.894209477
2.664704296
2.471650426
2.595578659
2.515456587
2.72660686
2.267978445
2.670432196
1.902423462
2.151735881
1.533130577
2.52089198
2.533438021
2.572547415
2.531591715
2.542960898
2.551115482
2.499630823
2.536930757
2.623061506
2.072105602
1.537946205
1.477432698
1.496323838
1.581826015
2.322859652
2.707582887
2.617849575
2.545184877
2.515895215
2.50138615
2.495631101
2.526202208
2.510840183
2.554699731
2.562148391
2.528246347
2.545253364
2.582265472
2.591603583
2.576952277
2.548118454
2.510385438
2.480545573
2.498237717
2.631151378
2.561404452
1.588151036
1.489085545
1.444986302
1.546044551
1.826860511
2.783372322
2.600596525
2.438492364
2.345033959
2.215917465
2.335536195
3.048184655
2.630902144
2.64866769
2.382057458
2.620974092
2.536322279
2.636091085
1.971335813
2.471375712
2.414329964
2.362791712
3.073919627
2.495182902
2.050166368
1.667367312
2.5998158
2.430150696
2.416054047
2.770447635
2.428802275
2.601404189
2.606082514
2.6001741
2.543126074
1.827105869
1.704016397
1.663891933
1.329064516
1.717531792
1.521541793
2.533653969
2.554909652
2.517552266
2.39815414
2.628618601
2.762528012
2.028922095
1.566834928
1.332274699
1.207034325
1.184904679
2.475246741
2.258480499
2.529024699
2.610010486
2.255183641
2.649294257
2.707837106
2.650052165
2.603073115
2.526813983
2.523531819
2.609469344
2.375600615
2.38162962
2.601030367
2.510656949
2.482695183
2.597200868
2.402009033
2.348952434
2.355381679
2.833886384
2.379853351
2.386574689
2.411323686
2.555921102
2.588960037
2.556811633
2.083552486
2.488054881
2.497371928
2.559858598
2.552748784
2.531979161
2.533571571
2.533965297
2.557210638
2.515386899
1.780623529
1.53770222
1.491073984
1.51019605
1.538693658
2.120054987
2.649391875
2.532658116
2.511636226
2.506990985
2.513167
2.527232029
2.531075071
2.556693703
2.557941347
2.509496213
2.531350733
2.574667911
2.589574974
2.55831622
2.526659494
2.50095611
2.530055648
2.6321739
2.389387216
1.532539526
1.507573436
1.459363518
1.555646071
1.68790807
2.634040684
2.567572351
2.403161729
2.308873093
2.182352903
2.234746882
2.629052111
2.434257254
2.698162269
2.629130067
2.816524326
2.355751157
1.958802308
2.504751948
2.622044074
2.378135174
2.698287424
2.507803352
2.55332242
2.510961192
2.537618959
2.339720331
2.565289729
2.779045622
2.565477355
2.187463376
2.226043364
1.272887856
1.243353765
1.251802464
1.284876897
1.461302966
2.581803559
2.418275493
2.526929955
2.448229926
2.507279462
2.42990119
2.598345997
2.395795387
2.657819043
1.592802708
2.600816494
2.371190183
2.514732485
2.378313929
2.510014761
2.287616442
2.548262286
2.360907334
1.569393654
1.525882618
1.50334885
2.454672807
2.618998501
2.51840144
2.563673894
2.581259794
2.582344877
2.560837207
2.517877276
2.553578557
2.540442834
2.541835654
2.523714689
2.753841517
1.449303254
1.521808884
1.452706585
2.616823318
2.565827068
2.57313783
2.540306587
2.466904826
2.524506021
2.461930225
2.52307241
2.852004577
2.6224457
2.19438574
2.738289995
2.681609507
2.605944824
2.587324058
2.563239034
2.127610438
1.285902412
1.25326827
2.373812002
2.625803234
2.457435466
2.765821503
2.337821766
2.395516135
2.593415454
2.464877494
2.608854988
2.507306114
2.5958317
2.404135853
1.969077811
2.373120247
2.610696743
2.580693835
2.549780389
2.507452066
2.537742967
2.545483586
1.920651827
2.513443827
2.360035094
2.306204538
2.537858742
2.627655678
2.59022407
1.613470197
2.785683927
2.50620352
2.455053854
2.250724928
2.573676863
1.862502498
1.567724511
1.423186195
1.809990797
1.301043959
1.535115848
1.315070261
1.292388635
1.447456265
1.30881207
1.905529317
1.517978436
2.55615296
2.57256344
2.815216286
2.63495132
2.135499469
2.113138725
2.637889892
2.68989653
2.566620665
1.480287089
2.638587613
2.553649018
1.656465728
1.426633112
2.341662197
2.503562254
2.377517882
2.474562293
2.477329996
2.823889743
2.406312824
2.40674105
2.615679124
2.482966736
2.42015448
1.976773063
2.514353177
1.551358698
1.611135299
2.444703777
2.447531784
2.51744259
2.569070534
2.549652444
2.552403655
2.608827929
2.638153547
2.055502929
1.535948041
1.566301423
1.507760243
1.535697908
1.513579984
1.734551467
2.627260456
2.638521577
2.51914354
2.510785287
2.521826063
2.541600065
2.512141442
2.554201339
2.553175299
2.554396678
2.549767766
2.515010777
2.516053934
2.547055332
2.573628857
2.5724427
2.548755376
2.533369263
2.59754908
2.568667973
1.867383306
1.492863026
1.541834412
1.506078918
1.587744661
1.589481301
2.052724237
2.526376455
2.403273073
2.245571739
2.135301332
2.216418124
2.410095841
2.519108204
2.369747326
2.686762839
2.02082193
1.70073692
2.68922911
2.353523763
2.361447037
2.580423166
2.420513836
2.559595217
2.628008896
2.582972769
2.351821708
2.591440184
2.380234473
2.504275443
1.778808375
2.518397802
2.323376882
2.386868195
2.750841891
2.46958676
2.333481948
2.300867426
2.056258096
1.427693113
1.190476766
1.10053591
1.503488914
2.306612471
1.182057386
2.568570002
2.497635825
2.540612142
2.513233987
2.264771848
2.385263846
2.613721876
2.563632544
2.618817404
2.113535547
1.739939913
1.168725891
2.599676936
2.374272476
2.47298808
2.388115115
2.373861846
2.58844981
2.51003207
2.440688248
2.653236095
2.209453943
2.625460286
2.763405829
2.676255976
2.695947653
2.588408555
2.579315095
2.54464147
2.358580315
2.557566981
2.039933464
2.52835669
2.508951459
2.395635093
2.154615318
2.529305112
2.629251807
1.985686174
2.220407862
2.688437141
2.157948435
2.565298073
2.525115851
2.576436731
2.351966131
2.071302126
2.564489703
2.525465041
2.085899866
2.571021636
2.375336106
2.082199202
2.490028104
1.420672704
2.539709641
2.371426044
2.030414341
2.254768456
2.290003166
2.527617788
2.238187913
2.560973189
1.998622884
1.922161442
2.588892723
2.070877497
2.611462504
2.333530753
2.090073501
2.264231039
1.952997347
2.699560248
2.088842531
2.113030734
2.161585886
2.072054998
2.262170912
1.235546373
1.732075483
1.487861111
1.103012797
1.130447156
2.162302549
2.225202368
2.081405939
1.362681236
1.651728737
1.421089951
1.243822155
1.083522869
1.41745456
2.517465364
2.562052406
2.359080434
2.583563663
2.553461431
2.518691148
1.626175412
1.83293271
1.52324696
2.561864344
2.435290337
2.124408424
2.395960691
2.55592686
2.637564288
1.520446801
2.439160292
2.571526966
1.615756141
1.828901089
1.696197506
1.500118061
2.576696359
1.531151943
1.606479421
2.576391952
2.585685731
2.586353242
2.537559486
2.606753827
1.783382206
2.007290655
2.133001486
2.142661326
2.568426002
2.139504913
1.225669466
2.099929563
2.106145973
2.54962632
2.015706656
2.092522295
2.024564187
1.442007077
2.605331092
2.173902556
2.70759314
2.09520188
2.520012421
2.467934653
1.424224566
2.539969501
2.563247217
2.486819781
2.064759122
2.552024318
2.32988106
2.530236345
2.573412743
2.5578028
1.599634451
2.489029719
2.216771282
2.557239169
1.585821603
2.673884137
2.523414952
2.533221762
2.56495531
2.552015968
2.546851125
2.502462
2.559396662
2.557606311
2.276475019
2.492973195
1.55224983
2.641770422
2.518159809
1.560878231
1.526592224
2.550016978
2.627860463
2.60250081
2.493572801
2.409390096
1.498412926
2.081672434
2.544442443
2.370835395
2.432911527
2.525888283
2.592712612
2.487079131
2.683628036
2.532256029
0.6139561017
2.237947062
0.8290100025
0.8428620032
0.1677744396
0.3599348379
0.1212165331
0.1508504905
0.04122539214
0.208524281
0.3017572993
0.09004840707
1.576098433
0.1151540886
0.06938043461
0.5356046253
0.1329090136
0.1311961541
0.1416382639
1.309271719
0.124443876
0.4785708567
2.798995992
1.696302869
0.2009657661
0.09400109414
0.1724010317
0.2340024317
0.5256500495
0.388008088
3.601559381
4.566760466
2.165283445
0.08961587041
1.555740642
4.185998206
0.6150096307
2.034270964
3.966753883
0.5323776096
1.553047812
0.8662123554
2.980811483
0.1550654302
0.5430919639
6.05350349
1.433467766
3.891843324
1.518263855
0.2629238851
3.56852525
0.7463345039
0.6780832992
0.6554467907
1.070455792
2.551563273
4.617292075
3.625162379
4.261925107
0.8497728053
0.7252617168
0.08966600896
2.40307075
0.3059837891
4.290739982
3.442368794
1.849626254
0.5187217259
0.5971545742
0.5473131786
3.670205776
0.736032963
2.433788781
0.1335900538
2.656183468
3.064677516
2.732004991
2.509739501
2.867908783
2.844498119
2.525198577
2.858662313
0.92072429
1.082393333
0.3460547408
1.060036977
0.5263522059
0.5636596643
1.56679559
0.5867180522
1.358131572
0.870800482
0.3959934919
0.4080551107
3.511932377
0.7751700372
1.424177709
2.259467019
2.144852802
1.483353039
1.332916511
2.437025489
2.056666433
0.7204402664
1.208207787
0.8687293933
2.023148855
1.745252365
3.072061606
2.026464888
2.030788651
2.461243339
3.117548323
1.21954393
0.1051453802
0.5804417915
0.6870790147
0.431230805
0.515480013
0.2716709078
0.4557654239
0.7666233828
0.3890069579
0.538999533
1.152140696
0.8368441547
0.2830512521
0.5699887175
0.2255374694
0.1629185565
0.9264274246
0.1974717308
0.2104089073
0.1634056692
0.1259894086
0.2487837329
0.1163294525
0.09960455844
0.08611188792
0.1851062967
1.20182587
0.3207172442
0.163355017
0.5406160963
0.2377092572
0.1658213564
0.1488695936
0.199420724
0.1245754032
0.1238425137
0.1427729139
0.1740645469
0.9719001061
1.071482031
0.7759784227
0.3274246964
0.08871323247
0.9434137118
0.9639228469
0.7893752449
0.5263907442
0.5562474017
0.1996704291
0.0573409867
0.1498482232
0.1447847758
0.3296016074
0.2573476821
0.2739564963
0.1487745413
0.06441918065
0.07159105454
0.164707081
0.4013617282
1.035088416
0.4543848697
0.1362787874
0.9862999442
0.1145322686
0.1071677561
1.363072652
0.1446333445
0.1243669419
0.05637870309
0.1919173334
0.2143968928
0.1689205127
0.8919122799
0.19103431
1.146735001
0.894356374
0.3652412852
1.165805829
0.49371086
1.549783939
0.9320268464
0.6549342136
0.7868451983
0.6947408019
0.8419784838
0.4795063636
0.4808659454
0.3845919834
0.3261616628
0.1499474164
1.600069528
0.04989496306
0.06702892955
0.03199647415
0.1140212632
1.408955336
0.9091268622
0.1532446189
0.2560670294
0.1224581376
0.1421807516
0.1333205127
0.1477820064
0.1702141673
0.6073198451
0.1837624864
0.977191483
1.030514609
0.855991519
0.9897827545
0.9756450609
0.9371493311
0.1397803223
0.7077421669
0.3032904643
1.896495272
2.078845619
1.506927921
1.366229391
0.9917427041
1.512246317
0.1366643198
0.1232057707
0.1391081032
0.1141251686
0.6269744184
0.4721350663
0.3624949238
0.3325558519
0.1257210551
0.4873995465
0.1571167111
0.1180038265
0.1308083177
0.06728022791
0.1099795878
0.2515093941
0.3315589916
0.3753723883
0.5256540603
1.119543485
0.4525683685
0.3588528568
1.45142986
0.2288566342
0.1184631819
0.1207518302
0.4677828236
0.1364504838
3.169670592
3.066576263
3.606929703
0.6595556916
0.449339124
1.490914607
0.09043288513
0.7658746492
1.269225316
0.09197228419
0.09428215959
0.1410806075
0.126506848
0.01707041914
0.2815362829
0.4160139393
0.4397262534
0.4472747974
0.6357550757
1.307726692
2.468088542
5.441421458
0.2690365453
3.504984423
0.1916249819
0.04674873426
2.001382367
0.7918142279
2.366253612
1.212211115
0.07927874773
2.76441272
1.708902952
0.9583667248
0.3403718477
0.1187882529
0.08246091867
0.1295604458
1.886293702
3.02803976
0.2787748022
0.5779910498
0.1951404935
0.1145461844
0.1355677455
0.05474733281
4.523730115
5.455237458
0.1165721556
3.733593093
4.055531184
2.967518029
0.7151103552
0.4378130683
0.5220703022
0.5648709068
1.360430313
0.1349353958
0.1978253727
0.2219413924
0.2253597307
0.3012473297
1.182914656
2.074564733
2.881686832
3.395580061
4.714620555
0.1028889591
0.128161768
0.08382373591
0.6428034813
0.8706829211
0.367321243
4.370221309
3.484239434
2.017818626
2.814045528
0.1063424447
0.1765498069
3.535067986
3.438308218
0.1277460937
3.578921223
2.815434721
2.573589714
0.1141129136
0.08624248285
0.1141291367
0.3231721453
0.5529685912
0.6733360481
2.456497001
3.221297599
1.407381499
0.1151377176
1.495523121
0.2201379289
0.5954829801
0.1549049955
4.451198804
0.737314678
0.7067682473
0.5944799733
4.035405389
0.7615466416
3.977643327
3.30794721
0.4579563469
0.7537018751
1.596654972
3.33861474
3.870866513
3.320338112
3.286958866
2.903049978
0.2601501171
3.68989048
0.7676466482
0.9441321566
2.52944205
3.167915439
4.527451875
0.7102589557
1.990724359
0.186260474
0.106750024
0.1372144152
0.07557995414
2.020142704
0.3171750559
0.3603681707
1.205044442
0.2270593988
0.3091374762
0.7477167138
0.4018513981
0.5693475933
4.101571362
1.51548558
0.3836903009
0.2484487736
0.8728041882
3.784206236
3.189338026
2.378459587
0.4387833618
0.1613222371
2.582311309
2.722813119
2.241959716
0.9016214544
0.5502332674
0.6772783932
0.6212453622
0.4709446151
0.309343686
0.1161964283
0.1676873369
0.1585018818
1.80888079
4.595934112
1.703968432
0.3825898859
0.1333032946
2.698351028
2.269345002
2.669668219
3.63683949
0.2299751875
0.3304796957
0.8212484772
0.5295399008
4.481168161
0.973332454
1.758376247
0.1956483777
0.9601858398
2.082414395
1.422031869
3.455389644
2.285365278
2.297639011
2.033620092
2.036132706
1.760225248
1.242405509
0.2416456271
0.8155814239
0.6527079568
0.5805662972
3.323430602
0.1809486823
0.6944817287
1.341202329
2.304108949
2.874669687
3.667944749
0.08765855209
0.08446950222
0.1966393137
0.06578099529
0.4877696423
0.5096713348
0.6291451943
0.3483062322
0.1996571506
0.9017208965
1.138439917
1.139346098
1.099080768
3.082298091
3.25560336
0.4989134326
1.239493194
5.961907699
3.322028448
2.323519703
3.213154425
3.614310606
2.811554301
0.2239976418
1.818738375
2.01529088
1.623732576
0.5248070992
0.4990612407
0.7113492139
0.1124995056
0.08205440654
0.2236341025
0.04072213544
0.05074226093
0.3831939923
0.5068931188
0.5607878325
0.4371259262
0.3365303241
0.07064291635
0.9812429108
1.208880321
1.759931815
2.24889343
0.8374868416
0.5376292008
0.6566907178
0.6371484068
0.297753948
0.5874000899
1.097931476
1.134004835
2.321360097
2.256653205
0.7328218012
2.16944869
2.546276253
3.686641976
3.222082631
2.31746255
0.6449880272
0.5803581987
0.1409298558
0.7607022047
3.389546221
3.209296431
1.772642131
2.313873691
0.8042541444
0.7594818164
2.60002848
0.2087442319
0.5693240339
1.637687009
0.286496768
0.9407588438
1.395503519
2.786667072
2.486745192
1.643062356
1.455298887
1.419144393
0.7591697224
0.2559790447
0.7246735554
3.510006038
0.1297198901
1.19688525
3.658677943
2.599779837
1.570711347
1.113165546
1.058441871
1.271222743
1.369900445
0.993243836
1.582244716
2.856783345
1.370666649
2.662083472
0.8554072522
0.6017058103
0.6423028108
0.3860558358
0.6594540399
0.3637892073
0.7748565957
0.2795724801
0.7800538542
0.3644620843
0.04911336244
0.8876686453
1.114770405
0.8620727399
0.3223474079
0.9387324256
1.640891833
0.6171884833
0.6235025153
1.023814464
1.979210745
1.874343876
0.90758864
0.5191185562
0.6431345959
0.5383477635
0.7018435479
0.6625110437
0.5730776962
0.2719207636
0.7422167058
3.13682529
3.850808529
1.242937089
0.8027470025
1.268519602
0.4018246319
0.2902153807
0.5518283856
1.267397424
2.50474304
2.13716043
1.363986085
1.533968465
0.7379680559
0.9616089354
1.198552748
1.257780389
1.287756244
1.300225498
1.352776446
1.286680238
1.080819461
0.8887326212
1.650807561
1.474839071
1.60531018
1.795346229
0.6075085878
1.928240049
3.053652758
1.909785016
0.2390886525
1.315879407
2.561317151
2.131545218
2.155693112
1.59427488
0.7876101614
2.12744793
0.7195287711
1.524374857
0.8614996104
0.1594965622
0.3368191508
0.4780561392
0.4852046715
0.2002353576
0.5022529082
0.349865217
0.5570959597
0.3997667787
0.2108183506
0.2411479672
0.5062038184
0.5905085489
0.3466114832
1.465968126
0.06556493437
0.2716338393
1.165920733
2.515321824
2.99517283
0.1757849152
0.07502734508
0.1447190019
0.3942436942
0.04215530222
0.4685768447
1.392645666
1.172533548
1.014268508
1.351600895
1.474690243
1.955696738
1.816356609
0.8125265974
2.665708604
1.004596397
0.8667084621
0.8195549411
1.063460707
1.398423992
2.24275506
0.6532200378
0.9365697362
0.9751211933
1.336933321
1.428731335
1.476267881
1.5430595
1.587311587
1.582733471
1.846300277
1.495253084
1.516436143
2.603117553
1.076706564
0.6392627788
1.760239172
0.9884738256
0.7348606908
0.5807069076
0.8798122389
1.047127815
1.057572458
1.043813485
0.9830462601
2.151671885
0.7811816213
0.2659957293
2.103239909
0.7765912489
2.088487738
0.9479133901
0.6283742803
0.8240085408
0.9107600244
1.660071227
1.46054698
1.261534373
2.114642325
1.145842426
1.071483635
2.051026018
0.636882343
2.061858301
1.018833821
2.089719606
0.9982625925
2.015343616
1.128716352
2.004819116
1.161574911
2.096968708
1.037046864
1.128737788
2.148506132
1.197275041
1.033567775
2.103503645
1.173108993
2.051891062
0.3528332014
1.983650041
2.691892764
1.795121294
0.7906892366
1.994500622
1.559812401
1.473313724
2.252342794
1.354815857
2.748228239
1.647919982
1.994867151
0.7601706992
3.033489276
1.204244355
3.088437352
2.081412239
1.401034035
2.234137671
0.9857501978
0.3877318125
0.6591741624
1.480467053
1.104761095
1.988845279
1.104005317
2.103711473
0.9564056785
0.8804632047
2.073066311
1.492346291
2.075155341
1.045108293
1.621267228
1.467821846
1.065398221
1.797572471
0.8366195254
2.097760985
2.050908841
1.352385856
0.5702063442
0.2202451835
0.8754025131
2.121719033
0.849831874
2.026409601
1.029027539
1.101819606
1.344657885
0.4742440336
1.728943836
0.4142008987
0.2618874698
0.6491832425
2.043697592
1.392870026
0.1850067741
0.4982803717
1.43614047
3.980063265
1.062610032
2.083020711
0.3890393892
1.66028551
2.384710497
0.2960669693
1.125526802
0.8497272029
0.1557110754
3.983069714
</DataArray>
<DataArray type="Float64" Name="total_energy" format="ascii">
652.0896411
772.5097554
705.2687316
690.7114595
531.2647826
496.5730851
704.9023258
507.0718106
475.6395664
508.1634534
500.0702076
507.704144
458.619516
734.1558941
479.7588886
569.9288043
509.4820193
498.3183257
521.1120883
449.485043
501.9934996
516.669382
974.1812576
1036.894637
1237.121177
1229.888023
987.7970166
857.0331221
1155.707742
1444.665632
977.954995
958.029568
972.8857587
941.0216641
507.4199207
1053.664668
1018.709674
1218.886935
996.9989402
510.1276844
1004.724389
956.8252195
1238.216861
1028.592498
652.7300228
907.3986915
1009.37632
1055.027513
513.1402504
1015.959181
913.5111936
1131.382441
979.6372933
918.0534858
1175.636413
1010.067524
1026.085114
1021.314917
1029.009745
1084.095488
1345.628948
1100.310838
1053.444131
1024.046054
1012.069501
983.5178516
991.9727975
1212.18439
1016.219508
982.8314685
481.4845923
1107.364413
1363.756459
1015.996149
1212.424151
1167.794185
1016.029988
954.0528707
1073.065429
1022.571638
1009.387578
988.3450463
947.2671056
1029.130269
917.2960723
947.4859919
1009.834348
1033.989514
1029.856222
1401.188889
941.1221767
1013.691222
904.1567986
1150.800502
1001.176876
1015.999831
1003.916701
1139.606539
1164.722682
912.5781139
1031.557786
1020.003812
1008.108191
942.8695745
934.5075121
995.4079862
1066.774429
1209.767025
1144.721901
950.3333286
933.2457312
712.9011874
932.404039
453.665802
505.655467
497.3645398
504.729594
506.5526968
508.2382402
813.2988126
905.038839
799.1573778
507.4192135
510.4023855
672.6073749
492.3738904
512.5283436
509.3858964
715.2369117
990.7556387
1087.296402
853.9968948
1437.086888
951.4695599
509.4000832
510.6929259
616.3745917
655.1665436
1031.896996
1009.567938
949.3957892
1028.936825
1021.738664
975.9128311
884.4927742
859.7432367
1026.050515
938.0133496
883.9543473
970.9012721
842.0365265
823.500935
790.3870945
744.3572487
676.2182735
697.9006306
672.2011203
899.191619
756.1415467
790.2080859
825.4139274
846.6779437
896.7263747
955.6244741
1030.675525
855.9095843
911.8356776
956.5773567
963.9750432
1374.620073
930.8284302
862.4307517
1080.57418
643.8925765
959.995385
825.0828433
790.5910318
746.9647566
755.7818034
776.6702863
819.8969162
837.7787328
864.7288338
878.0926646
1217.337596
1235.401372
982.4712167
978.8648351
915.1332532
797.7544627
676.8941086
720.1394641
732.4949821
654.4804259
568.1801118
544.7586121
507.4263317
479.43184
488.5264056
480.3390556
724.8132026
523.7853417
538.7224884
560.8023649
608.0480373
660.7393315
697.9344022
757.7030891
707.9521305
693.245999
818.3683946
910.147838
936.0079481
1225.736904
979.6842235
935.1723382
1018.603542
556.7675469
611.507873
833.1689637
552.8480669
540.3900849
528.3785478
512.563236
497.4909395
526.4209956
594.1991457
658.0451573
648.5234066
751.0663799
980.8667408
985.2253266
982.2363463
916.0393535
806.4266021
655.0633873
556.6558013
541.8619254
512.5187176
608.8063385
492.0748307
492.5015585
492.0611932
505.7133969
500.4200971
502.5720489
484.1969796
477.448419
472.6117881
865.3713476
504.9393263
552.0765277
556.4586828
682.6886895
822.6856161
910.3378215
945.2305407
933.8847248
841.6441316
930.5985467
573.8545159
582.0092366
479.4614901
474.4770381
475.1013529
401.636309
386.9996823
398.4843014
978.9042767
599.8198592
764.2763993
898.2993706
491.2350839
468.0181772
405.2351113
982.321373
979.454311
916.4561927
811.4080227
666.2671215
530.70764
685.1495872
489.9540101
509.5449839
509.8580388
506.8439876
504.9584673
508.2874413
491.5920479
499.6402348
497.6084518
469.8529634
474.0268651
693.1431281
827.3789163
909.3060108
709.422169
848.0535133
624.6659826
575.1290044
469.763748
495.6844237
499.9879172
405.2269452
438.5267062
417.1676337
906.6304769
497.7605906
701.6194435
722.8983903
767.5707082
806.9258635
666.7548856
476.7432724
508.0687186
515.2083263
508.4900552
501.1222316
502.1273883
510.4322278
492.1255652
539.0781459
692.1898638
907.6996655
852.085095
714.1215849
472.2120189
456.3463547
481.0842958
517.6582236
509.3784401
415.4043926
484.8243739
758.1381484
907.7148255
978.7956386
502.7165048
507.0616662
501.3815463
506.3048406
484.465341
928.938685
482.5098248
502.9626198
504.4410163
413.0398901
979.6388484
914.423755
656.3269834
495.6280202
512.3221713
520.0456027
511.2997422
510.4604959
505.8863454
505.8659813
508.7252279
507.681254
510.7255455
513.0037282
545.1670625
547.1953676
820.108443
942.1339391
940.4948314
925.4725316
844.9721867
478.3926409
492.0710141
513.2421473
509.2124236
504.506877
519.9495831
515.6489995
443.8891655
446.5568481
613.9509793
900.0759933
888.9226108
977.3738321
513.2836355
511.0957534
506.1252878
516.5175927
824.758255
976.9649188
909.8297815
540.8198743
660.1862263
512.836576
508.8829818
512.0463082
510.3306531
508.2262029
506.2890138
505.0741633
504.8705538
504.8296381
506.5467376
512.4529288
512.7284951
494.6801292
685.2395182
939.3056678
922.0524305
835.5829643
567.4925326
486.5547515
502.4068342
506.5682978
514.4336691
412.8022191
452.5063995
604.0483437
744.7843706
881.0769809
908.6136025
500.0214365
509.9167143
508.7816099
505.6682076
547.3016337
478.5011433
514.9093135
973.9510163
976.8876873
907.2491083
795.6305993
542.2430198
497.6190355
515.3748299
510.11317
510.0280816
508.1053469
508.1998707
506.3608804
505.0717028
504.6927021
505.016356
505.657446
505.8863488
505.9152076
506.3708458
506.5914495
490.1116349
542.7896039
681.9538901
817.9175736
902.1260951
938.0965631
830.4105611
693.234129
558.1576205
470.7607471
483.4059019
499.0351192
505.8987553
516.4495055
514.8331232
512.4586977
408.2548501
451.4703115
438.7336469
594.6009144
735.3576133
872.4283892
509.7753377
824.4271559
410.8054084
970.3370673
976.3227033
787.6265013
541.410568
530.6902458
498.329632
508.7696996
509.9438014
510.1389721
509.5592687
508.3226148
506.4845752
504.8450904
505.0208685
504.8394557
505.8227231
507.7681599
506.503719
504.9493415
490.0693672
679.7670784
903.6952937
815.6913494
900.6060485
936.8964991
917.8757879
816.2501762
685.1437866
474.7487506
550.0849536
468.4716216
482.0056824
497.8181815
516.8784963
512.0389963
408.0945445
412.1167774
586.3154342
575.7637471
725.8871297
703.7953392
504.7292762
506.7377032
691.730082
975.4197913
792.2356958
905.0067807
782.3527639
536.5355009
648.5875451
500.2892521
499.7540497
510.1805484
510.1997555
509.4270346
509.9389767
506.8375714
505.2137018
504.7362031
506.3329421
506.2965179
494.8919369
676.9488971
899.0504232
935.3465523
912.9812545
805.1963019
675.7781932
539.9725758
468.3513627
481.644174
505.544028
516.7333347
512.5497844
409.1072361
413.7339486
431.9439922
966.1587123
505.8445391
537.8320774
516.7530604
426.2209323
974.1561006
901.9489742
643.4029434
499.8861438
510.7761122
509.9085759
509.409387
508.4042024
504.710078
505.3311621
504.8727392
506.0907295
506.3837374
506.5044322
507.0220632
506.4642166
494.0151434
933.4702195
791.0055038
665.4830898
527.2032978
482.1192167
505.1247541
514.7184577
512.319914
512.7402749
410.7665272
415.5304793
427.9090626
562.0082076
861.0439783
961.0004267
677.7989282
524.6134996
770.2919149
509.5680177
506.9451172
810.4572267
931.1455644
496.4486808
660.1393209
972.3993087
898.1731057
636.3727464
517.7176946
510.8058767
510.0848515
510.2854302
508.4833678
505.1967021
504.9941045
504.6933631
505.4750315
506.3037033
506.4685434
506.2727454
507.3018198
506.6904878
531.4990726
658.3663786
806.8384568
897.2890548
928.1498501
901.0994097
652.9959199
470.2263798
482.3658779
493.2179107
504.5649736
516.8788052
514.4367117
411.6628844
411.5000336
417.6505873
420.0854009
544.4966355
848.2718767
954.9430079
510.4316868
510.7974434
517.4277068
938.8969787
970.0645625
776.6164287
894.1568294
763.4370307
626.9361495
509.557544
499.1619898
508.4121827
510.0021039
510.4597702
509.9226366
509.9333787
510.343916
508.6951176
505.0923588
506.6310912
504.9304385
504.7202374
505.5351555
504.7995365
506.4522186
506.4064427
506.7784768
507.0229256
523.745351
495.6170296
666.6747601
646.5618027
802.1555825
895.4870106
924.9565417
894.3189967
774.1524396
471.2846606
470.6604105
495.0049885
482.3768719
491.1173091
503.1155306
517.0576647
514.1913495
513.1242531
523.1925583
834.1719275
947.6337576
427.7265867
967.2205636
890.1146757
614.3229102
501.1231562
509.0138781
498.5869604
507.6970772
509.5723076
510.4302784
509.9207802
510.5182455
508.9952442
506.6635529
504.780176
505.6145408
505.7177547
506.5028502
505.9976825
506.3321853
507.0526735
506.4370138
507.1937796
514.6391865
495.8118046
631.0080216
796.0599611
893.7295418
887.1032365
636.1358189
754.5238129
491.5727971
468.5099304
479.8825821
488.5084615
502.9010772
517.2599216
514.129919
513.4128022
411.627691
436.8434211
497.6241986
818.4439083
504.7340605
963.8434698
755.3077988
597.8472349
490.6131155
498.3936971
509.0541244
510.3793806
509.9630326
504.9111118
504.7580791
504.9033668
506.481678
505.7297582
506.2086798
491.7248948
503.002241
878.207617
612.2087906
731.246246
465.8878366
478.7998874
502.7976329
513.318168
517.5437287
513.2523249
422.0656297
412.1860696
432.1815794
800.9771828
927.8878287
506.7078007
507.6629862
921.7686062
471.7473773
886.1294114
510.5034261
505.7969632
505.4220728
495.7827825
789.1255972
892.0980245
581.414558
456.3862356
426.5186928
637.1148063
781.1342464
576.5705256
608.0561164
512.5441691
499.0644475
480.0735732
514.9327619
797.5410037
777.2212798
800.5098315
512.5313565
523.5290607
662.2675592
679.2593945
614.3130976
498.0977867
499.2150815
729.3191492
696.256906
725.0737069
720.6359393
586.292746
698.7285344
489.5396098
573.0780031
512.9535999
582.1229261
631.9822907
781.4176831
409.6592177
512.433491
511.0658321
508.6086577
483.4434084
816.7653263
505.4463542
515.246999
530.7516775
619.6667939
525.9475978
524.8782798
506.1406369
497.7812718
557.6403162
498.6266662
598.6458181
495.3524853
503.5970162
502.0017452
510.4131516
513.0267698
494.5208812
387.1682953
451.7101835
494.8312835
600.785537
526.7346862
514.0554881
521.897127
553.6371016
510.1171603
504.3228109
500.2721094
490.8506136
499.2568337
751.31191
509.2809935
470.4474102
443.8531231
469.3625156
518.9992938
524.3383617
759.530018
513.2285166
617.3210534
588.9793352
636.9068629
700.170937
705.9214353
691.4221064
507.1283836
480.9451395
461.171983
443.6231967
459.75042
491.0536528
503.2104497
532.6629051
630.0218063
838.9209491
649.4925079
515.2490572
487.6780596
510.0600895
511.0892157
508.362408
503.4697915
502.1932996
503.6745719
504.4736147
505.3143039
508.0720499
511.1798427
510.4445661
510.2369435
508.5353162
504.5852479
501.229
499.0083364
499.9887205
496.2718537
490.7639242
798.8309479
893.3327734
698.7810449
556.6178687
503.7163682
518.2789126
502.3507833
470.2330914
447.2442606
527.0988367
501.2885295
525.3815952
530.3178783
518.0079099
525.3002557
517.3945979
517.4131524
450.2039045
515.0771605
527.5388604
519.2686991
510.0859526
506.5588482
512.379804
502.7713062
501.5657508
507.2441828
504.0369697
510.3041901
504.2184412
500.3846527
491.6442973
497.7015187
501.4714291
487.4146452
669.0385169
617.4732259
679.1375294
673.6391438
577.2335034
514.3126267
510.027581
853.0971457
789.2924587
463.7641333
443.5470263
496.7550313
510.6779485
503.0070885
509.9120427
499.2258712
650.1976503
817.2359934
442.4078401
469.3307354
499.8313379
481.6500326
379.3393076
500.0087919
521.8058971
524.430496
467.417903
511.340735
501.1937594
511.7068936
502.889604
500.9748451
457.158253
465.8175591
515.3286345
515.6151396
526.4310617
499.2393305
504.2923544
505.2524791
511.0796704
515.3352735
508.6290479
502.1009268
517.0503356
505.8894608
506.5177158
470.1143958
467.1269974
493.0022134
692.3850845
916.3295451
814.1463228
592.8048643
605.9664774
497.4535044
500.6660549
502.4236544
508.9039476
506.4211687
505.5297973
504.8353465
502.5286996
503.5106985
516.7809075
659.5595464
850.5110413
879.9027094
657.2466075
447.9550815
465.4348336
509.9189182
516.7180546
515.3774536
603.663985
513.102094
518.3776075
531.6866531
531.1593309
517.4864277
458.0197756
441.3956622
490.6552453
513.6469466
514.8413861
471.7976885
364.5452842
503.9670549
511.312789
508.7324821
525.2515152
524.9551315
516.0949741
507.2221583
510.4729462
493.8885694
555.4895361
660.9409673
570.0666282
489.6443156
512.6284581
654.485859
572.4686005
472.5318769
565.9792394
649.4728623
638.6128129
597.2223834
646.712092
510.8755119
504.0471743
521.002536
500.8560909
500.7726497
452.4511683
500.3470252
502.0388764
498.2353617
495.7352719
496.5464683
500.1710474
516.9696987
519.8859139
468.1020485
336.94408
524.916574
481.5807199
482.9650881
521.9504299
511.0249172
490.4829854
470.4150218
453.7673693
446.0987953
471.5833456
479.1514058
530.4869677
695.397301
873.781934
679.7347079
526.7052903
498.9565082
511.6857481
510.2129521
505.943384
503.5388981
504.4176288
504.5758418
504.6588138
504.6592688
505.9842675
510.1859461
510.9601535
510.6297752
509.6960752
506.6507257
502.9490304
501.8773287
502.7989249
496.0477451
505.3092699
631.4490534
830.0702736
759.6238895
583.4893355
725.4633539
506.9414693
499.2013006
485.3594088
462.8175025
436.4140007
516.9349172
531.3236392
530.5537461
517.6542717
451.9648156
440.3235529
497.5889811
519.1034639
433.630406
512.0747973
509.8633382
500.190401
503.105967
518.4542427
512.6209259
511.9564701
486.7837174
510.175118
344.6072643
471.6340528
503.2164448
496.6570621
619.7088798
512.126508
514.2577014
522.8492155
522.6122136
524.1262413
526.5496279
477.4247817
432.866199
495.7818211
545.0861376
505.5388434
567.6528526
627.8383482
626.4541361
624.4877516
505.488094
510.8154255
510.454177
497.9926838
925.5103401
563.1189809
529.7933039
488.8105879
442.5182486
499.0393449
464.4098899
493.0238902
520.7247597
511.2745899
502.1195843
517.4938513
505.3587615
509.7648728
487.4608863
521.0682182
562.5264543
515.1948923
520.5932035
511.5712577
492.1030629
474.0629625
460.6025488
444.7765457
463.7234656
464.1080123
546.380937
737.6847648
906.8812365
882.5208209
704.2249696
532.3427858
499.8476401
512.7796885
509.2574267
505.0428847
503.8046013
504.348775
507.1177586
504.8451434
504.8742141
506.344675
504.7824583
509.8307184
510.8838009
510.542354
510.2342217
507.8610266
504.280249
503.2387703
504.8810328
496.4372654
508.6487568
659.3583334
844.4773891
930.2178232
795.6592544
614.1908306
511.6585803
488.6460534
477.6052057
457.0958352
430.2769272
509.1672428
504.1442883
529.566279
513.1532962
500.2233949
513.0558739
507.7994938
512.3078078
322.3919422
478.2755809
500.1548636
497.1498055
498.6505743
495.9742482
480.9393336
557.3686794
509.2587061
484.4031618
501.68457
500.5854068
498.3750035
514.7312546
514.5433603
517.3768561
513.1723898
299.0749868
278.7913086
288.2050443
603.2302915
556.2445085
561.0911121
519.9629148
522.4303451
522.424429
484.214772
442.2662149
501.8760936
496.5836341
564.1613417
611.9934032
602.442743
600.406455
503.5895262
504.8856744
516.7893101
437.5009465
443.1001885
519.2028204
530.0339174
529.8136418
525.1130387
504.7642158
505.4154557
509.0040411
499.3213898
499.5540842
510.6634163
500.9402064
504.9190181
513.0132419
501.0502252
496.3932308
497.6498036
503.5947674
495.3073691
496.0549387
497.7622642
516.0232675
523.195048
525.1582425
491.4529035
514.108272
519.4882564
511.7226181
494.2998611
477.368215
467.124336
449.0427835
453.3671741
445.6233983
579.9145306
775.3435423
910.4707114
886.3582645
730.4314845
541.7029588
510.0604793
507.5035963
504.5270598
503.9911619
504.9464871
505.2666649
504.9799133
504.7879355
505.6203553
504.3906214
509.6182324
511.0342079
510.6726872
508.5866065
506.0030733
504.552473
505.4973262
498.8338591
515.3481651
686.0207557
857.7368355
935.6314186
830.9004073
649.5542812
524.2979035
481.2117597
469.9762673
450.3270996
424.8241076
502.4326388
528.4567229
517.5809288
521.8968166
511.4481132
525.7997911
494.8043337
293.9363479
505.1509507
515.4940126
497.8130495
518.6478975
518.3257626
522.98338
520.6615071
522.8533172
485.7656125
442.9689756
521.6599454
509.6236277
522.8700954
515.2941367
598.7631397
522.8215583
592.0707196
596.7957433
536.2116151
510.8157388
516.6194486
525.2036114
498.3871305
511.3219286
493.861637
514.806759
500.2464911
518.2779181
233.0118544
512.3972446
497.0025187
487.8923263
497.1071358
499.5780308
442.425031
474.8495056
543.1335644
861.5870419
867.5140672
708.8786001
501.5992155
495.632967
505.8687778
508.7629847
510.3038513
510.0876517
510.8438795
508.2849804
505.362383
505.3026685
505.6904609
506.7480696
495.8886943
858.9603646
887.734523
898.6892666
445.0498469
456.4641399
478.9614636
479.7863905
518.6564673
488.6267949
513.2765439
515.8577404
531.6556095
434.2346844
434.767198
525.7355843
529.245827
526.7852464
522.5885938
488.0287309
506.7795268
525.6958803
589.4528635
492.9759774
518.1461954
503.4450826
513.2372405
489.6060011
497.895408
516.6612436
502.0647239
518.2563692
496.2068795
514.7460003
490.9410912
238.6587362
492.4621577
517.2525031
507.7579247
523.7585534
519.1620844
523.2009406
507.784912
257.8821569
494.6575413
491.2737812
482.8315402
429.3295489
525.9133725
520.9468548
444.8686896
516.8321978
499.0995208
501.1168246
523.4175175
513.6153447
473.0912809
549.5156271
533.7149327
460.6747607
595.7927057
551.5214268
594.2073775
590.6752213
526.0853249
591.5635994
557.993873
752.7020058
504.7287458
516.2482206
524.3540042
430.7060932
428.2393258
528.8378829
526.9202803
523.2973092
522.762169
943.6397538
497.2749786
503.7163222
455.5480074
526.9386833
494.2074669
499.4480482
494.409789
501.9364122
487.0273609
508.3010083
494.6519427
497.1126775
518.9108324
509.386471
500.5678401
227.0817414
517.6607177
809.4783094
618.4903508
512.8808658
518.4044823
512.3999039
499.7296723
482.2928876
473.422013
461.8870006
440.3480275
494.8395932
660.4518261
837.7761193
915.4982051
888.7939152
767.9509896
582.0616836
482.4641714
498.060053
507.0575688
505.0466045
504.6004086
505.7124151
504.2093932
506.0599122
505.6183218
504.710319
505.3221268
504.9832664
507.2949818
510.41617
510.8874581
509.1888118
507.6399676
506.7859569
503.2765477
484.9465738
548.7670762
727.4101462
874.3651493
952.3958083
886.935077
722.7601657
570.5895472
462.9680665
455.8111703
436.9567082
416.4462567
497.2922875
514.1035248
522.9626196
494.3913615
517.9797113
472.6517504
552.3081276
518.7550166
484.9624574
482.7887277
518.9407579
489.1094965
518.456219
477.0537645
517.7136913
481.2012408
519.3170774
492.6588037
508.1576594
211.0068764
503.348337
487.6919591
487.4731238
517.3999212
490.7689954
485.5067752
476.0801094
512.9143136
549.4140089
594.0707621
568.0483198
169.4817532
469.9012582
599.8507738
509.7699787
517.6885676
524.4615055
516.7006302
471.1520716
393.3628177
520.5640851
523.0112786
525.6846049
443.1639244
553.9695759
576.9528118
519.663947
496.2203874
503.535498
484.2985494
479.7161684
519.5583299
511.9797355
515.6731157
523.8772317
491.1482877
514.6303644
528.172892
408.6565704
507.9613418
524.4643375
523.2774816
523.3090252
503.9732823
525.3174187
472.9910279
505.3660273
504.5723272
463.1177982
420.1305906
470.2897397
463.6762851
404.2934155
432.3998138
522.1318434
439.7558682
520.8216373
516.7469461
521.23584
478.6006116
406.0524834
520.9635062
519.0684369
410.959987
521.2630706
500.0302475
447.4300117
511.9904992
117.968071
518.9809031
444.2458554
512.8048309
511.6881224
494.5366249
525.0694827
435.5843148
527.4220782
408.1115596
307.5639541
524.8071158
431.6610089
527.1532751
439.4894921
447.7263938
472.2483984
393.9835666
467.3898924
373.2443942
426.4197295
374.1938776
551.6184521
513.1847414
320.2533084
434.4447746
623.3650953
620.4750911
449.6993982
419.4004167
386.2046761
552.9726898
556.7611712
430.0092028
407.5586399
530.8120247
627.6538363
625.2747429
504.8656482
505.7784741
464.3321995
448.6389007
506.0013519
505.8399085
609.7253409
540.4739093
700.8464172
485.8167902
512.9281001
413.7157297
445.4389419
483.7561447
496.0547015
918.6983938
517.7933593
497.4527008
687.0038447
607.7060568
575.7880857
744.7384038
509.860589
959.5184092
911.3992543
510.6281735
510.6085263
510.8882901
509.8943925
499.1926289
192.891695
491.062432
329.3941556
386.25079
521.2303049
434.5504504
77.90685418
401.8914482
411.5526655
524.9560005
457.1876161
431.1106768
402.067686
152.3305192
522.8282913
431.6544274
524.2789607
409.3159402
518.6590781
509.0673818
142.0508859
507.0451517
527.6767355
425.7484977
435.7975164
522.96617
433.5554634
523.9241406
476.2726767
505.4401243
755.7597711
460.94609
430.7165448
501.5379763
863.0299218
484.538588
508.0274371
505.0342759
506.3357915
504.7230173
505.2220924
505.0514542
510.7513791
508.3197902
443.6803356
512.5664245
890.6498147
502.6579919
506.7847242
881.5758967
781.0214643
506.5128976
522.9908178
510.8210179
506.1295588
476.8784502
912.9482994
449.3922058
504.4369168
488.7789514
487.984938
519.6788633
509.9060992
478.7630932
535.418512
512.5970405
383.2645746
431.1003617
440.1211015
178.8258351
175.7163682
175.7744787
178.7380895
180.5066846
167.7149527
246.4876512
182.2298704
182.1038494
219.1742715
178.5623042
165.2444199
189.768197
181.2910589
178.0057213
176.6982997
213.2537941
177.4561281
198.2002158
242.4181433
206.811359
176.601098
236.6433177
267.1173234
261.6952984
179.4555737
182.0026462
196.6198869
228.4354417
236.5531624
172.5423262
227.3491028
239.8267968
179.6331258
227.4655871
266.3936154
147.7685388
214.2714499
176.4793237
213.3239105
164.6590125
149.9256439
253.8483396
196.4454507
234.1065539
200.0145252
163.2300235
261.4577662
155.2149449
145.7472862
150.0565823
201.3385356
269.3496813
254.5399737
282.211137
231.1997159
149.2031951
144.8591463
158.6148657
228.2791196
166.3635394
229.6518791
256.9995473
213.1404153
225.6331923
228.6978647
160.6391917
277.9554435
185.2594562
251.2303404
164.7294408
216.1740972
264.6546498
239.2213993
223.1918533
264.089791
277.5143957
248.4839685
242.6829419
176.3089938
174.7342791
127.1842259
167.6660504
178.6761582
146.8129519
268.3968401
163.485718
135.529183
220.0450261
150.5504565
121.5145132
245.5294206
161.0884717
205.9953466
226.9625646
197.7172867
212.7452963
233.7101668
227.9420051
261.6268607
237.5891797
197.3904711
168.5160053
229.447342
256.3683139
182.1971552
138.0226924
207.6386277
225.4647083
220.6104642
177.1458885
214.7556267
241.3963776
132.1924226
139.5319211
141.6197492
156.7582677
157.7756404
128.0154555
109.7440439
166.3331504
212.2349697
240.5282042
150.2401932
109.0845402
179.3758549
166.608966
171.354984
168.1548573
176.8772458
176.3110215
179.5710004
171.5667929
176.4610965
180.8768166
180.989918
169.6783233
212.6737768
184.5125556
178.7633807
181.4225411
170.35309
173.7890527
176.9364076
172.4103243
177.577772
177.6073544
178.1829662
177.9813563
207.9860039
197.5459932
182.1984923
167.9415388
171.5505463
189.8884788
195.1540762
202.7565754
205.3020151
186.0363425
178.6716136
167.6082864
164.3015376
176.8252136
190.9852967
176.065222
175.6096458
176.8108572
180.5841088
180.34922
179.6498986
164.0301782
191.4350345
156.9575522
176.8482339
228.1336295
177.8962911
178.6456821
217.0845124
176.0829273
181.4863943
179.3304246
176.750952
175.3897495
173.6699753
186.9277716
175.0124551
196.1503184
208.1936754
185.071987
198.5523966
190.8326838
217.0179294
205.2020802
196.3114161
196.9710499
203.1404791
187.9119823
199.2989867
200.7813274
199.8219651
193.6883547
251.7511118
219.6839635
178.3239881
177.6915865
173.9637139
160.4453965
216.2520474
204.7123145
181.1945232
176.7142639
177.8916329
175.606238
177.6774709
177.6623496
176.7505076
176.1068085
172.1751734
203.6327
190.7170024
178.6980404
183.0600768
191.7841563
200.6819776
180.0587248
229.0143925
185.9986265
231.114218
234.5836443
197.1436324
189.4138858
201.8336914
165.1368549
179.6850166
166.2404347
174.4353599
165.5455765
197.7847834
200.9793955
195.8265057
188.7009816
255.2453939
235.2461048
178.7308195
178.5094278
177.340372
159.7995325
158.0271908
155.3070305
151.2791439
149.4772598
154.3832577
188.5314496
170.8077497
179.0129572
217.7512698
174.7619033
181.5004518
178.2239984
203.1242519
174.2769016
262.950908
270.7582004
257.1303279
223.84602
192.6020797
207.7759046
175.1709103
196.0805828
200.7847647
172.9939386
172.3082158
176.8301697
161.2723855
158.3813863
157.5278482
152.9990047
147.4044676
145.5122025
156.300352
196.9711027
224.1631744
225.8294435
173.2433484
196.8195281
157.6299066
164.1308856
215.9477663
193.8625239
248.1895078
205.1091877
170.3716606
190.5041916
206.9860613
198.7033989
185.1561122
259.5171855
240.9016378
258.678878
210.1915144
232.6329559
157.3316985
153.7174053
160.1618861
171.4866014
162.8618516
169.3469274
232.9355875
244.7893
244.7480592
275.2033976
288.1751755
225.3836078
151.1659721
191.1397164
157.9357909
181.7952143
206.8455703
260.203735
267.9574436
266.948787
257.0806922
218.6746346
224.2503166
231.7334878
242.2462261
226.3839365
243.2914768
169.9559128
162.9788228
159.3025505
153.9838598
194.6937911
171.7392787
233.672274
242.127482
245.7153977
274.6165097
165.6780549
161.6322738
232.5770433
244.0897929
164.2812178
255.5397819
236.7304656
232.9399792
158.7741329
156.7574374
157.727342
161.6681679
154.4101729
140.8514484
230.4447309
206.9677788
205.6287674
168.2550202
229.3273806
261.5322648
219.2809965
266.1368116
247.8589978
164.0146706
149.7915853
146.808674
224.3212345
151.8145631
260.4809675
242.9558698
186.6364878
220.8438147
224.8649472
273.6000403
284.2377012
255.9530504
223.6694167
225.1569156
161.3787286
218.0015603
190.0365023
198.0271135
247.229999
267.3390534
292.8427262
150.5176547
214.0270108
159.516074
154.0074285
156.4502694
157.4991672
232.1443658
253.2529748
243.1444019
202.3228597
181.2706811
177.005188
141.9596603
161.2199425
148.120951
246.0968351
210.5589717
243.2922558
228.4680575
171.8972147
254.1318881
234.7736241
223.8840825
223.3635795
226.369271
236.0039881
226.4078195
228.8123881
145.7208428
144.5096071
138.0853319
133.1322888
159.1950486
162.508071
154.1866134
164.6808488
157.9458386
212.4013786
273.2496983
232.1056275
174.4263583
160.7348546
221.8215625
221.4600479
217.5718015
237.5169481
266.7578467
134.1319978
138.0187345
126.3672861
282.7288879
204.2336078
223.1471217
158.5186775
192.5769372
238.1533072
204.7921639
217.0609314
213.9678384
219.162974
214.7965182
222.7584219
219.4974682
192.3113321
171.52048
182.0059392
211.8705379
225.0773818
235.0458752
232.9684237
220.6381011
196.2195551
209.4229917
229.5954553
243.7080794
158.8225316
154.3611262
154.8260946
156.584649
179.9467333
159.7068006
139.9974652
123.4413008
127.5547859
138.2424857
147.0759514
164.8381198
145.1164858
271.8000796
262.2957348
144.1318092
212.6558961
285.3339221
282.7449768
265.8670797
243.930166
225.3837327
221.3865733
173.5366057
212.1974457
221.0040732
211.3902865
181.1511566
169.7699419
178.0102515
151.8525231
151.0963846
150.4833704
154.8038047
157.6549185
170.4337832
159.1941413
191.2771732
122.9415976
118.2053997
126.6786348
153.6718056
144.9461124
167.481856
225.6689488
172.6027348
181.5388554
206.6678652
228.798069
225.337358
228.6369917
217.9739234
182.090968
206.5454997
219.0650596
189.7246318
241.8852649
211.2517638
280.7982032
306.1902711
213.9619814
220.5742815
141.5098225
153.9300812
136.431753
280.4002266
246.4758923
209.3595953
187.2485688
166.3106438
228.8226298
159.4215929
129.4243946
225.7116381
200.2885573
154.9803639
155.3091583
199.6839445
266.3427802
272.6208327
226.4773856
181.0983197
205.0111891
206.3464223
227.3345042
206.0457764
211.1697576
137.0449219
157.6787942
184.1226735
274.1393129
209.4729729
199.5993777
193.8842775
252.0605189
221.1660473
230.9938315
203.6259877
167.3204795
141.8874787
152.7377406
188.608206
165.4927338
151.3590417
166.6965319
145.578542
139.4866221
139.0297783
149.1121433
136.2425848
140.9507191
142.5325164
171.8010095
138.4679299
173.0830999
150.7308592
191.8831578
367.9961746
181.7579072
120.4255007
130.0340692
137.4643499
132.3004099
121.2726977
129.2830294
105.3885818
88.71925405
125.0868049
133.444633
138.8014606
129.3349539
147.802014
238.0388329
247.7726299
163.9904202
223.3231517
229.2132117
226.2853415
227.4434207
220.4676711
215.0025127
228.1467383
226.4000894
208.7273178
206.4396912
194.9570335
175.1390334
178.3136166
181.7115363
184.0281014
183.3558732
184.822258
189.0718998
188.1817181
162.6520409
156.687195
156.2457832
155.1168596
199.8035042
109.8143038
209.6128122
236.5895629
254.0113008
167.7203914
246.5493363
273.5936428
237.6197944
215.8552004
174.7784236
236.5773319
140.7037139
173.767041
140.0212141
245.4795496
222.6984039
168.9880657
195.5144932
143.9500646
123.4543515
139.5804441
139.5349676
188.9219736
147.631803
154.7083073
143.850251
164.0255379
218.0183269
170.8037786
470.4070797
153.7038981
138.4437185
131.4778364
140.1343292
136.1649874
139.6348882
142.6502311
161.4490709
149.0478634
145.095538
129.9449235
162.7325936
138.9427863
208.8943515
200.1873714
250.0447062
201.9318729
226.2628996
227.6183593
229.715
220.1759605
202.8203608
194.9279256
229.0095704
252.4390761
230.7984571
177.7382233
194.9705875
172.6919379
176.5790827
180.0422879
179.9456168
178.4134548
174.8410916
168.6119577
214.5148109
190.4810786
232.1969951
237.2182353
130.1088977
147.0310967
203.8529441
177.1645287
206.1551772
212.8294473
240.5226254
238.6656179
218.3834576
213.0967462
223.2797306
150.6913146
111.8817783
175.3465479
166.05161
163.4739232
219.505676
199.4949634
219.8855403
409.8886576
235.6464302
383.8662829
264.0173131
262.3640345
410.1780944
264.2207391
250.1715464
405.1271017
118.0530288
410.1683943
221.1658439
422.1874143
222.292136
405.9040161
214.5904129
409.6304134
224.4842057
410.9930609
226.0640747
256.2552336
412.3697581
255.7648364
225.6857701
413.1746632
275.4000618
414.6938172
58.45778281
406.3862819
163.7221667
294.8217483
207.348806
267.051761
202.6351798
399.0941024
239.8648513
233.8622075
256.3326084
193.0220181
413.004019
146.9979922
157.5478488
275.115477
204.4798927
410.6950951
272.4833312
420.6858604
278.5506924
282.8480448
194.9471465
402.8668302
239.4169336
414.1407127
247.7108154
412.8645328
187.0350963
212.8260256
416.0855946
263.2093749
415.3910459
173.4197794
356.5900298
355.7817102
196.031649
278.0074483
207.3455223
212.0957667
418.8868063
161.8555643
406.2115478
220.2915186
238.1623623
414.7598496
213.4407156
417.3478808
212.8619729
228.6955107
239.704908
102.4421757
389.7110771
118.5739602
149.6916709
116.7362745
411.6693515
126.7504156
109.9835383
140.3209359
275.8717033
223.4082768
190.1744097
233.1162318
89.28236361
278.4476436
151.4516553
262.1961777
244.1391651
227.2198227
165.3758319
288.181992
</DataArray>
<DataArray type="Float64" Name="temperature" format="ascii">
142.171611
201.2076224
171.6362964
164.8264544
80.4950798
72.90031706
169.2653648
71.17763498
68.70270915
66.98095214
75.34327712
72.49671771
64.22085634
190.8383541
68.9442598
98.06720363
72.17653341
75.62161199
67.9096465
71.63967404
75.45667044
70.49168265
381.4610619
413.9479553
474.672935
467.3661992
393.1869665
315.6426796
462.0192466
454.8207589
382.7032629
375.4099957
370.8568912
374.6084668
72.6147318
418.2043733
400.0686361
463.5173865
396.3574336
72.79857375
398.5577314
369.8990244
474.7504821
409.8069864
144.3636736
206.0127086
390.1687582
421.5074066
79.00397988
394.1606202
360.8836424
441.1875365
390.6437374
363.7666083
469.3838837
399.3315749
409.1892784
401.2143657
410.6104547
433.5695829
480.0996703
439.7847835
420.7133497
407.8623272
398.5329325
391.8492159
375.6602351
479.1986473
405.6512004
392.3586867
66.71234609
442.6023327
481.8002378
405.2672656
476.774618
466.3926256
399.9881674
368.1550698
429.1161435
407.728395
397.1961115
371.1463209
374.5021697
408.9098392
362.6555019
370.5397839
401.1524773
413.1845425
410.068909
474.9490017
374.1398937
398.7804907
359.878902
444.5764947
380.2280319
404.0645671
398.5526487
443.0496449
465.6843496
360.9999283
410.0577758
406.9179112
402.2996163
376.0868801
367.1499629
395.431009
423.3831486
479.601947
444.4767199
378.4151807
367.2273033
137.4119587
207.5507054
65.11216469
70.75830146
70.22275786
72.00735384
71.59408292
71.67437261
182.1781919
205.5878396
173.0790649
71.41573697
68.67436865
153.8122038
70.44396886
77.09214676
72.87763905
154.2321675
362.0221125
430.8405935
326.1184255
460.7999986
377.0796788
71.55638766
72.75603993
111.7066901
222.568479
409.6622375
398.6532419
370.7485783
236.6691921
233.0562967
229.9202158
227.5846759
272.6937087
393.4346753
347.9832778
319.8299692
369.9198348
314.9535152
308.3609608
294.1086458
274.5107011
239.5582508
253.1218331
240.6328931
357.1923291
283.0751055
296.5341658
310.252928
317.5207437
325.9631025
357.6172902
393.4006395
261.8337683
234.1114909
228.6424659
218.5229392
477.4243773
236.2798211
250.1513511
429.9191217
180.6926351
377.5493662
316.7601134
303.5478042
285.1697589
289.1027704
294.4819026
313.6495346
321.7298125
332.1829522
240.6739052
476.933407
465.1368477
209.7959396
214.0731552
193.7428905
166.3607466
159.3415576
231.7354828
244.779554
209.6346181
162.8893576
147.1675848
124.2703651
99.26732686
108.748953
102.5391432
269.578526
138.2316244
150.306418
164.5072078
191.6835287
215.4967537
230.4849582
258.1842724
225.5784319
154.8909024
175.1145208
199.3097689
204.5522024
463.9830874
231.8874445
204.5432199
402.8937275
95.86945595
202.9102415
319.6364724
166.6974507
160.2482122
153.5704041
150.739495
141.7795477
163.3592238
201.4655713
233.8659063
166.7015546
151.3960286
240.5715285
210.9226179
219.7905945
195.3728508
164.6334042
129.0113109
123.2764416
126.7968884
108.3643295
188.346955
78.60416118
77.07372062
74.17830166
70.13956655
71.45186985
123.6281218
72.74404863
72.94201598
74.97514957
319.4765896
114.2405007
141.3536854
123.095824
135.0685504
170.7601448
200.6967452
213.9343849
203.5308775
180.2701829
357.4842179
96.34309436
185.4205401
81.15899098
82.55397229
85.15787871
60.01896271
65.50292574
81.66398223
378.292602
104.2608828
145.7193085
187.1208596
92.99745453
81.37201408
59.69535687
213.9933813
223.1549856
200.1518455
171.2001822
133.9779091
82.66080135
222.1076224
84.59277462
70.78465451
72.23295389
72.22503738
72.36716668
71.07411052
73.18161973
67.97740505
65.78676869
93.18301782
52.31977611
140.8314517
176.1932964
204.495776
150.9311648
176.8976747
202.7660235
103.0962084
83.07203596
63.81154948
76.22765224
63.38527926
93.03256629
63.81919853
186.118957
69.29267721
149.0834672
146.6207166
153.8707907
172.5927425
138.9685829
64.28848328
66.24084756
71.27051279
72.52433771
71.80094788
69.51730854
69.94211488
62.32498657
90.79716074
144.9769888
205.7270857
182.3404296
149.0490014
78.99981506
79.62032064
82.89846462
76.25283897
75.08633913
66.49884495
98.08222366
154.7340545
190.7701261
223.9423366
70.81599127
71.15152733
68.98519507
58.71346288
66.36687525
207.3044432
59.36972231
70.50717155
65.27312882
67.53389552
214.4029162
201.3997152
142.8101951
60.72790414
71.46884641
68.14828809
72.04277347
71.08002819
71.794952
71.55943594
70.44550471
70.65154172
70.6260572
62.38841863
95.33109649
98.75682965
178.2085299
217.817644
218.4097013
207.226441
182.7502812
62.32930476
61.66895734
71.82947414
73.44453217
75.86068487
76.65314859
76.63477641
62.30226175
70.96221753
116.4058785
190.6840871
189.437553
224.080435
72.24214628
72.77081159
72.09660165
67.95201294
177.7837736
214.3555375
200.9960317
86.75878057
141.2615309
64.78777554
72.4222205
72.61635353
72.73006835
72.72362494
72.61786957
72.29373208
71.94640352
71.676694
71.01995477
69.37086559
69.41069713
71.44898581
146.6770302
218.5362151
207.1230155
182.1631025
103.7827684
64.67772318
70.39524981
73.62331198
75.6971383
71.87409864
68.94098611
116.2804784
154.2492813
188.868655
201.6199103
71.86103713
72.87559459
70.56242468
70.92397211
99.97898216
67.04738383
76.74798873
214.2998006
224.5289646
202.4148793
174.7191058
89.83722148
71.67929494
71.99349228
72.85439384
72.88585761
72.68945228
72.7010673
72.42996743
72.3184213
71.99326281
71.08652498
70.71358333
70.73749832
71.0152976
70.9144284
70.68235621
71.56061519
97.95709062
148.2560393
179.388962
206.3404071
218.9508834
182.2267184
149.1679903
101.9090809
65.38643902
65.99458368
71.21475701
73.42988111
77.30265119
76.68047128
77.70398799
72.52745642
71.53380704
69.01374301
114.9318372
154.3349043
188.236871
71.76007127
182.2521191
68.71099563
214.1399635
224.9542737
178.230089
90.37042866
86.36044538
71.43685236
71.96969655
72.72565773
72.59266404
72.88894005
72.753044
72.41769164
71.71088616
71.04415933
71.72760936
70.695246
71.50647817
71.01126339
70.72447159
70.78911008
150.1410706
205.9835118
180.7218478
206.7717137
219.2244841
206.7376893
182.1216724
149.3604101
65.93956296
99.20779956
64.99043347
66.03448901
70.5491958
77.88267553
77.70637688
71.90253387
69.20731189
113.4501116
110.6774899
154.4194953
153.8314436
71.70167455
72.60901234
153.3875653
225.4048047
176.519105
203.2066643
179.8944105
88.18200898
145.9804111
70.85624569
71.25278675
72.45939537
72.45834657
72.8539825
72.85618074
72.43447456
72.33143013
72.03375425
70.67961349
71.37499903
69.78740858
152.0758768
207.3165031
219.4552608
206.3656168
181.9317936
149.429563
94.92655404
64.73999916
65.73362297
73.27730484
77.95712237
77.62262242
71.79568267
69.60887211
68.07920643
214.1394532
70.91592831
95.04661652
77.97714807
68.10785386
225.9934234
204.0746466
147.4733192
70.23992055
72.21386241
71.67454502
72.85010867
72.79951304
72.07469251
71.0083914
71.72379627
70.67276167
70.68753752
70.71962192
71.27671228
71.29700649
70.19199851
219.7767639
181.4872408
149.4055772
88.91893316
65.77907747
73.15763219
76.60053303
77.70727199
77.50387272
71.95389103
70.08801558
68.0407507
105.9224383
187.0967635
214.1987383
151.8838309
84.28514062
182.7971273
72.84150761
72.48905788
183.7640968
220.2588895
69.98699794
147.9932902
226.806672
204.9866852
148.4133238
81.58370529
72.06975722
72.28233079
72.81761594
72.83613689
72.37976547
72.53739534
72.07499454
70.98912166
70.66478641
70.80527844
71.17406215
71.65005316
71.61017439
91.28396995
155.3346124
185.4362097
207.9522944
220.8525923
205.5850253
148.9545596
64.67660543
65.92244276
69.29850708
72.97760482
78.00198593
76.52706366
72.02643644
72.21054653
70.50098309
70.75085077
99.41831811
185.9706476
214.2365868
71.93436598
82.12577269
77.97643599
213.9271838
227.8144122
181.4825732
206.0664712
183.5775979
148.1244032
78.2699364
69.62835934
71.68170959
71.780859
72.6771463
72.0540873
72.80787505
72.69439169
72.87626034
72.45092322
72.74387735
72.63702788
72.05894035
70.98110594
71.70501077
70.74140842
70.92887123
72.19414518
71.92713904
87.4729632
69.33633315
155.0142549
153.7655986
187.004824
208.7503524
221.5499578
205.1680919
180.6397834
66.77974191
64.48077251
69.64235385
65.95753821
69.03678864
72.3967695
78.0192467
76.44403035
77.46223223
91.54468381
184.9072202
214.142299
68.20576658
229.0002613
207.3020275
145.3173065
75.32073817
71.57177748
69.12370112
71.66382469
71.66112014
72.48790725
71.78830642
72.45583803
72.89853582
72.86654633
72.05308187
70.98431172
71.0165909
70.8400906
71.37769374
71.09620532
71.91411491
72.53056466
72.17748247
83.29637398
68.77877785
149.1376106
188.1981592
209.7679024
204.8040823
146.7014687
179.0437632
75.1449215
64.18342502
66.3804668
68.60464627
71.6739118
78.01857592
76.33421164
77.45590702
72.50937258
67.54288071
80.54084021
183.7233198
71.57445739
230.2829181
183.7292047
139.0410985
72.39381882
68.71910487
71.65796764
72.2068715
71.52452481
72.74003381
71.64586488
71.84987319
71.00238296
71.61838091
71.31871482
73.62255802
78.40654855
204.3037549
140.3349675
175.8925033
63.58334975
66.71326426
71.36507241
75.78461809
77.8687154
77.34304913
71.00136688
72.8354155
67.68659713
182.2671829
213.4198228
72.96348766
72.42099859
222.3089141
69.34933567
208.5644605
71.86209473
71.10856631
71.89726179
67.88790519
188.7947151
211.0727429
128.960841
62.7685773
72.20866782
139.9533203
180.1310144
112.9411345
133.8328825
69.65225048
74.42100083
70.11250597
74.52990947
210.4429515
197.1463713
213.1607057
75.63006799
83.12504843
148.1248043
168.7316999
156.674674
71.07413059
73.67516984
196.8539173
180.6438768
196.9083728
196.0655752
131.8314895
177.6390468
73.54891512
107.9424093
86.27038477
113.2509732
143.9583262
205.0398122
67.10345609
71.82981377
72.4036558
71.76062807
67.69225124
212.9938801
69.76078979
65.23220575
71.73053339
126.395823
69.95978863
69.48617562
66.75815189
75.47983045
88.72535518
75.08356606
122.5788612
71.69662369
74.23161976
76.22815317
71.06108892
71.0878993
71.00329362
68.71738867
65.82679346
90.66171636
147.8288262
70.2292786
68.09480914
75.33602321
112.2496697
71.88829749
73.6549932
76.17823401
74.11296626
75.37840708
196.2102594
81.46925197
64.76040915
62.55751302
70.07374625
69.99430225
67.6277045
201.265227
88.2645564
151.3656411
132.8704392
168.1957537
188.7598665
195.3093667
188.5145212
71.04669263
68.29316269
64.70515626
64.6318809
67.54943616
68.25560899
63.87013249
70.46270951
134.8762485
214.3870406
143.1270276
76.01805674
65.87811806
71.51918742
72.3697329
72.53974066
74.11117436
75.12160747
74.53842989
71.74255887
71.94264179
69.79799798
71.41098418
71.53515079
71.69684307
72.32057049
72.72484595
74.11581522
75.52459527
75.01358935
71.14688328
69.66352835
199.7681678
234.8047689
163.9294266
85.40509533
67.13353924
69.711119
72.17518487
72.73655706
71.58307478
94.812143
68.99303555
67.67559169
69.07884939
70.08276307
72.34109822
71.46469536
73.72098173
68.84164971
70.07953049
71.52790884
72.47427183
107.3836574
92.36626295
71.03432957
74.85283072
75.84468529
70.93061089
72.36499305
71.8876528
72.8387105
75.53242836
71.49948353
75.90068936
70.44295701
73.09384095
177.8716286
152.9895569
183.3796144
186.0929053
144.0040499
70.27309453
68.77803071
226.9825726
198.824527
71.29497992
63.73741735
75.20260648
71.9916504
74.54057947
71.96828702
76.86427047
145.6849947
212.2065148
61.67346608
65.83601796
69.75375318
62.78597076
69.15935692
70.46734198
71.14295682
72.50756316
68.26603011
71.20997457
76.59239698
70.90961719
75.33955894
76.87808642
69.8051768
71.40645629
70.01331761
70.12662126
71.78450438
73.21336541
73.32262894
71.49865334
68.50658707
67.43144339
72.88797218
71.83074061
70.52391432
68.51085713
69.21673635
68.81309726
72.14419617
72.29455967
160.7543112
236.7662847
203.129424
121.2266817
128.7811544
70.45940109
74.71972269
73.37334491
71.97118326
70.86513553
71.76924555
72.15361767
74.86854194
73.6929516
78.31754162
146.5067363
220.370193
225.0108878
149.2074777
64.61617847
65.4407515
71.56174487
71.47053425
71.82650408
143.3361132
75.00645821
68.05039681
69.81066018
69.46423505
70.406831
72.12876375
61.14907456
59.55001734
77.09411827
69.51321612
70.19672521
68.15582678
70.0021262
71.29633375
70.46995498
72.71717603
73.47043266
71.14470166
73.5294132
71.55355682
78.55923868
133.3482532
183.0919792
146.7016392
73.30924584
98.23371979
172.6847295
126.4687886
83.4645694
136.1666921
176.1235284
173.0395963
146.8273762
179.5007671
72.33667019
74.11466279
71.35639847
67.37008321
76.95952044
66.81128399
77.17392409
75.44371369
77.4769731
67.5689132
76.17477011
73.70893564
71.34476849
69.75130407
65.58708449
73.30815703
74.44980118
69.8033651
75.65579362
73.40661991
71.6811864
70.39733575
66.52402828
64.64456515
65.92565768
66.63070408
64.11573891
79.68492586
164.3360556
217.0343409
155.0764577
79.24694765
66.82847155
70.98057097
72.36113347
72.84012374
73.38617207
73.63551609
72.76576166
72.44393504
71.58377576
71.58017789
71.98233209
71.19849631
71.05615589
71.68414144
72.40681574
73.24022363
74.24642048
73.93012418
68.600069
70.0759324
141.6247927
206.3256107
182.1279702
106.9954221
172.4112782
65.85586261
68.81375936
71.74567173
71.85412504
72.11223879
76.44923306
70.88406351
69.38769546
70.42600486
72.60216174
60.85208649
57.24928281
72.37363047
65.12531861
70.40322743
71.79868387
77.20876523
72.44324649
67.49479883
71.07666344
71.26432537
70.52052277
69.56430785
65.82590387
70.49064929
73.20502697
75.85356884
172.6785618
126.9680743
69.17658759
73.63619235
73.77830908
75.25809231
73.13353315
70.11576471
59.66868639
89.0028231
132.3042861
91.34510179
143.5956733
170.0157773
170.6457276
172.4574245
71.70859252
71.54685443
71.36685558
68.77262695
235.5562734
90.49192385
70.14431247
63.96824723
66.9344841
69.11563813
55.52808219
65.9965072
76.84455477
70.85369429
72.46361098
67.1714933
82.83743716
68.04262855
96.84427896
90.76298476
135.700837
74.14553798
74.44686414
71.72296884
70.43860158
67.46637718
65.28060793
64.70693071
66.19691756
63.4346578
99.24211239
177.5117688
225.1462462
216.9800839
165.6406943
84.8088261
65.49620748
70.27078965
72.39347606
72.86924275
73.228979
73.5232068
72.78657263
73.02813124
71.42549438
71.36416576
72.37625589
72.47245814
71.27616812
70.89402466
71.37662207
72.08778961
72.96328661
73.92770303
73.50316217
67.57861619
71.71587124
154.5773261
208.4016321
234.8092237
190.6602895
126.9988115
64.57878812
67.54692596
71.68696691
71.99006967
72.47131628
80.58597958
55.9911422
72.09738614
69.243903
77.29112407
70.1984113
72.5111752
69.56655301
61.75717676
70.59013344
76.00799958
77.58329293
54.71086847
72.31888851
88.37178046
125.3618303
70.42393844
73.01889463
76.17298452
63.5844381
75.17698214
71.12384192
70.93073727
71.53367282
73.02613247
61.8329644
61.50843542
64.94065757
161.4430909
121.8514173
136.1685688
74.34858659
73.90134301
75.31366513
74.20005978
60.28098475
63.9977251
92.27490736
133.7356861
163.5266411
171.1556881
172.3919156
74.17954316
83.17016999
74.0685485
60.19129752
73.11766926
70.03825339
69.44281728
71.44251292
72.49745477
72.42627421
72.64065671
70.04773372
77.4089508
77.20472559
70.57503729
72.47001637
74.09324827
71.03659191
76.62779305
78.02098253
77.95906242
62.00654855
76.6185115
76.46888076
75.76131794
72.95767338
72.74782169
74.21577449
88.72859028
75.23581236
75.66310675
72.20568125
69.99859375
68.31605733
66.79608224
64.19770349
64.05727398
64.31261653
122.8779802
186.5973237
224.4578092
216.3704683
175.6983271
95.94042257
68.80163004
72.60371484
72.9525848
73.04746253
72.95643238
72.48298658
72.30071507
71.34128259
71.41384434
73.01226507
72.95460479
71.57100876
70.98464436
71.81917917
72.60972572
73.35373908
72.41223975
67.8700518
79.32802589
165.5425859
209.6671964
234.4459483
198.1153065
144.5277077
71.26789636
67.63627382
71.83292315
72.26477735
72.82035362
83.79651537
72.01311015
77.85600188
68.70629107
69.6926118
65.29268332
77.49851411
56.68062599
73.29901038
70.4941308
77.07433955
68.27433035
75.09405281
74.03901558
75.3114056
74.61171661
76.71593755
62.33294897
65.98140394
71.70554461
89.38718597
86.33289382
164.7592343
145.9518884
164.6055313
163.2535995
134.2279218
71.28327823
78.3511826
75.35459229
74.43412289
74.09909448
74.45419102
71.24385388
76.74982001
69.61608337
54.49404189
70.82227946
77.22490783
70.43631533
76.95795438
72.2965586
71.78457833
67.39709579
84.84183932
203.9694965
210.0608637
173.6579075
74.66726269
67.88184157
72.89551431
71.64972783
71.2313803
71.16224296
72.04602829
73.26319678
71.53512934
72.00408094
72.00849608
72.82542362
63.50586003
216.344505
215.41038
225.9574783
61.02060925
64.21449879
67.1310166
68.37281067
76.72508318
70.19298321
76.12250173
74.15876814
64.88549684
59.36989584
74.05675058
67.84768361
70.25025868
72.62333269
72.72343815
68.74480614
89.39947126
143.7316577
163.7606996
76.49575068
70.72326301
74.8362129
65.3402705
77.39842773
76.40008573
71.67824034
74.34763447
71.34304663
71.90769633
71.32568165
74.9996881
45.77191119
76.44328612
71.13895584
70.89624184
74.28181495
75.22865871
74.6566292
72.17322988
50.74190557
71.45979269
76.77549244
77.58815824
61.25832972
71.71674375
72.3890948
102.9240597
65.15766567
72.36746264
74.58091573
86.57204491
71.96849929
95.99597335
130.2036413
136.2274839
96.10912842
161.6848711
132.9093328
160.1383827
160.9825505
132.6290909
159.9212854
110.6750939
183.0064401
71.35243345
72.37809957
65.15486942
58.51923007
75.23198764
94.00311179
71.48632507
69.17456534
73.51169292
233.9288589
67.44082141
71.29958358
103.0484882
134.262244
77.97078398
72.51538767
76.57178866
73.96187381
71.66367052
62.89260502
75.48205458
75.84085658
71.18856573
74.73846285
75.84357311
43.37476555
74.74834493
193.4376117
143.2675636
76.7371761
77.45139016
73.87262782
70.18590017
68.40539688
67.05375973
63.584118
59.73333239
90.67040507
159.0915226
198.6517706
223.7649532
214.1229575
187.1386547
126.3684479
65.80479237
67.54952853
73.03927647
73.05931282
72.5863626
72.0202196
72.88792668
71.61129441
71.58596533
71.41325774
71.66753526
72.89339871
73.18827906
72.4894917
71.5879991
71.3927216
72.03317689
72.47490134
69.67614213
68.12349952
111.0643233
179.162942
209.9781239
232.9854118
207.9735539
169.32354
104.7035186
66.44389351
69.66388816
72.46602583
73.16782538
83.73676991
78.2979049
75.33167713
76.8763803
68.57855166
88.20425466
122.063674
68.59690884
76.04448792
75.39447818
72.46755126
74.09379143
73.16555789
65.04242482
72.20328177
75.52109898
72.11842158
76.19384033
73.75317375
44.75309409
72.53245372
77.67457747
75.13460013
66.35891584
72.50028261
76.92297304
76.71542709
93.94485589
139.9133806
170.120217
169.6768005
41.51588325
75.49435915
172.4659782
71.61414381
75.39085131
74.72774417
74.65216984
77.35935837
60.67943106
71.48563677
73.65787236
72.00425892
78.75777644
119.9282859
166.9354019
71.86787266
76.98090848
74.25715936
74.59738007
74.43629481
72.26073251
74.0906222
77.313802
70.52960826
83.00376682
70.25546586
67.32186393
54.38861178
66.94542071
72.94458204
73.11401564
74.41146059
78.81933951
74.20990943
87.38170084
72.45587106
73.05880568
71.05924856
73.07054827
67.39443209
63.17911327
76.86092054
72.65822189
69.07066852
76.35022945
73.28777732
74.20956371
72.93461238
75.10734337
73.78473126
73.33769607
74.52973759
74.10446205
73.13810519
77.52941672
80.83814074
74.85057405
30.14913586
73.98067378
69.01911048
95.21410001
84.45389483
80.14037104
75.30905174
72.51713842
74.37899317
77.05822414
60.46917478
72.97444777
78.45566814
72.47273129
69.63030402
80.55697235
77.56120075
76.20661734
61.48784597
67.19936933
75.80216781
64.84356217
100.1961021
84.3749648
89.74194196
94.44328773
153.9320743
185.1254816
132.4773678
72.65003531
64.73353678
99.94851256
146.5226485
97.51338376
104.1377957
148.1487964
188.9490493
160.0631961
72.78557289
71.28782469
72.60088516
62.55107778
71.6298223
72.88062638
140.130906
111.397733
169.9352462
68.48080118
77.11526162
73.10527145
68.33521313
68.39540426
67.30982764
223.0808347
77.69248198
69.77947659
158.7542458
125.5223942
127.557192
182.7467715
71.33356749
231.7062573
211.6312766
71.45193551
71.11500252
71.13002548
72.76465839
68.79138136
40.81226817
92.29714324
57.94309808
67.60083757
73.22945465
76.18029522
21.935793
71.93598437
73.4247361
74.45744989
85.54915236
77.46746457
74.88406626
38.51039277
72.10007499
74.31942944
68.69715083
73.44743884
74.67745082
75.26695617
36.23847919
72.26971456
74.32940429
62.34427719
79.46330479
74.08523518
68.8200532
75.04499093
66.74489238
71.39339136
176.1192838
67.42242334
72.51300418
70.86241292
202.5710611
64.56417295
73.02039585
72.22979905
71.26173475
71.5011479
71.75924768
73.37002377
72.08547358
71.80728031
72.40643313
74.822401
212.7364031
68.06227617
73.03646764
209.6275754
189.0480365
71.82735407
71.3108803
70.54459975
73.86020697
72.65487632
224.21968
81.21518366
71.73519005
75.96101925
73.45474842
74.60135437
70.76612518
70.09817513
70.99815657
73.34734419
138.670066
71.77965716
147.6381231
59.66247797
69.73691483
67.84859296
71.20229778
71.74553682
67.0540721
97.40909836
71.07969382
72.67653202
51.7059425
71.16070694
66.00879993
70.26342226
72.15951208
70.86077636
70.28451828
57.63717772
70.67598899
74.50236733
30.36274674
45.81340718
69.8505395
94.42370981
105.9650677
103.0974297
66.62751004
69.85632936
16.97946868
13.35980497
40.91258583
68.86208159
54.205203
16.24203823
64.9722759
42.14838318
19.71154935
54.7615774
51.15866957
58.33590066
24.46468836
65.42313196
55.39539114
9.017243926
49.87974918
17.86730435
48.622892
64.05220774
22.90663881
53.70925421
51.64940717
53.57771882
60.97263793
38.16593277
14.60894465
24.1221324
15.19570787
49.64372121
50.50518973
63.30343772
34.89266329
64.8454721
14.92475349
23.80742615
43.54441344
83.92997386
83.17448891
59.28331911
23.30025562
64.3436004
37.79986249
65.56415456
29.06066795
29.16441651
30.96839056
32.30378599
31.98207837
33.99320912
35.68306036
29.5221608
56.99496943
52.62917848
49.22318349
51.01543605
66.3253991
53.92779531
63.62536234
59.64527803
35.7486906
72.6028215
57.68730402
46.4406266
22.05307532
55.15553575
52.55254806
37.3684964
34.56429456
52.65665907
62.42814816
34.23907149
47.90898952
82.9767033
56.04760064
55.64736709
42.76591519
55.34561604
20.00782756
25.68058998
38.54530721
33.44973641
23.71294907
50.0256501
85.6371562
88.23486651
46.70360604
53.05049282
52.72507499
61.43375261
59.6413825
43.9704417
42.11322159
61.52820302
61.89052445
80.43841266
58.77751865
39.99549036
70.74276672
66.15195252
55.26176407
66.53546718
69.88459943
70.00105305
71.5105691
67.45766658
70.31799585
72.15030041
72.24596493
67.2263586
60.57235805
71.73889374
70.97504371
67.07959693
67.0799247
68.98450373
70.33808681
68.20465622
70.72379068
70.73916294
70.86869988
70.59365626
65.79310296
59.79625456
62.36471242
65.21887907
68.46933876
60.80282617
61.94574831
69.05456209
76.20823435
68.48162282
70.67964026
66.98164877
65.30999431
70.31735512
74.13892949
69.14389872
68.79809353
70.28872976
72.14980885
72.03631025
71.31822915
62.7803302
58.90334818
59.35186743
70.37334272
71.7186802
70.89811197
71.22921535
57.11883114
70.02302746
72.28152105
71.66838525
69.97868823
69.26443278
68.91737072
61.15035084
69.29688223
57.34549676
68.03912048
71.36321219
57.52853695
71.45618089
51.90225675
66.02230946
70.10478098
67.14797573
71.5821416
62.71573386
74.89772563
75.42888934
76.75017169
75.23435129
100.0704429
51.18266355
71.27990874
70.98733215
69.56554413
63.9453822
55.59738003
66.4961661
72.00434503
69.41133494
70.85912427
69.84713928
70.71903241
70.63301428
70.13127
63.84877498
68.22498692
64.26922995
58.80207009
59.31087713
57.46181873
60.57008114
64.42906104
71.63160836
80.33818846
72.5313456
46.05992025
42.45766079
48.20630108
49.75923173
63.30076266
40.26920578
71.5000899
66.21474101
69.39812425
65.97761845
71.26948512
75.66886866
75.55087996
73.21325981
101.6483009
88.22972453
71.00156604
71.12645102
70.59791218
63.83889998
62.99751991
61.04164545
58.70468153
57.52149458
57.31870326
55.82206452
64.61735431
69.11316238
54.78496171
68.89441774
72.31602307
70.99973009
76.55894814
69.34922608
27.58389835
29.81024533
22.15311701
79.8164571
72.91848857
51.22707303
69.90828325
67.36787401
55.34839273
69.03406878
68.75216525
70.34005945
64.22117172
63.34738589
61.64306091
58.37100557
55.93351469
55.11745845
56.16397076
53.27712799
33.14051168
9.72298576
67.92081631
17.73238192
62.41028274
65.61220453
40.71511674
65.96478944
38.66235909
58.12732538
68.02894463
24.26995321
45.549059
63.2224086
71.73543084
103.3983492
96.17753837
102.9875043
42.11686977
26.08484838
61.59240952
56.22741473
63.38888018
68.34355782
64.81122131
67.68196985
13.84469874
10.49169048
97.52813507
22.45128399
20.56464966
26.01286156
52.89281527
72.5614773
58.69494846
66.7541278
54.49701504
103.5535658
106.0212217
105.3268225
101.3904677
85.30232291
64.44898831
42.03650029
29.14105942
21.41561601
13.47177157
67.78145284
64.89307789
63.5959018
55.20643694
64.2413384
66.19493497
14.72490797
22.015698
45.92712961
34.14270776
66.06204046
64.0935298
20.6777535
22.65255798
65.4135903
22.28659803
29.41236751
32.64131132
63.27893235
62.57266274
62.86167219
62.82991523
56.89306716
49.99400085
34.27164315
21.19761226
52.90838964
67.05311536
56.40659947
103.2124168
79.7901906
105.7442548
15.14177245
56.938802
52.56463057
53.43579452
16.13920796
52.24235077
19.18806933
23.91354344
70.51383086
76.21489027
52.48317459
26.55680961
21.88375468
25.05106655
22.22720146
26.80634321
63.35099869
18.1204322
65.24865251
63.38957215
35.42660238
28.06714597
17.38096402
52.75532111
40.58085365
63.19257505
61.40703637
62.25192909
62.89906285
43.33733033
98.52591161
93.84533229
57.53541665
71.47646171
68.95689392
49.09794939
61.69824915
54.31824612
17.23847486
51.25973376
93.46420415
89.83456708
56.67094953
20.29134527
24.40394625
34.6572523
84.77531056
89.89266399
32.92543434
29.44338866
38.01837519
47.48084464
53.28663555
48.94743719
48.05938639
59.95477556
63.30696979
61.44236553
65.35775622
62.73701836
44.33864306
15.80773048
51.20968257
67.02358143
63.97562884
29.19946213
36.27549685
29.05222266
20.19938796
105.1460514
52.06074448
46.43789523
46.86711906
17.07649862
64.56625595
47.84128829
62.73508138
61.22553146
43.02279296
52.30264344
19.99123995
34.75746111
35.37510415
39.81453304
41.23563444
47.01292408
53.71074747
67.50449816
61.37194554
75.71620007
82.26692728
22.97246781
92.34080019
77.75481338
52.19748286
33.68964244
27.71349634
20.44930061
63.39262177
61.62134171
61.26711315
62.5580643
67.48314296
59.55130582
50.41181311
47.75436082
50.4587127
45.04229728
43.16581891
48.35839115
43.37551937
29.70365072
26.4430555
53.89635814
59.47684044
10.42085758
27.65202
42.34145093
25.07749954
19.35576518
27.55831286
68.45294788
44.06581293
41.36346205
48.64517306
67.27252039
63.48097873
62.36755607
60.52652025
60.32482831
59.36207612
61.89278372
63.01653639
65.48128068
59.40393666
70.31892003
46.67920179
45.82889161
50.60074857
48.4160259
41.14310992
35.87754987
37.36076857
57.70796618
67.17860042
73.76069319
82.17817677
87.95162537
83.39767381
65.18714779
53.55338109
32.93084234
36.12110507
65.97007837
41.74354216
30.01389308
23.37271777
31.34859822
34.18227243
79.02470368
51.72575675
61.2315153
46.96336779
26.59759138
25.38447907
44.5485559
29.97028208
56.32346306
78.80194409
22.04359896
51.14574076
82.77252245
45.75500459
60.59941872
49.7862511
51.68872701
33.56193301
39.92261908
51.59222885
45.4732252
52.43548534
71.06970721
89.29549051
71.85288343
18.98308751
54.560898
45.01540597
15.51140634
37.91063232
49.55601499
59.2740983
59.03529638
69.41511512
57.9934398
72.39884752
47.88440625
20.37301609
37.19093762
20.47235667
62.61466267
60.10410226
54.27414858
64.0075182
51.91047101
53.80100293
47.60834128
58.36748398
46.56371632
54.35852392
56.97452627
56.29923921
41.08963627
57.30813678
58.58777922
61.56310803
83.92602696
65.69614035
43.4415248
40.21169921
26.22318219
26.67768936
39.41774004
48.08493685
37.77997544
32.82405794
43.97019359
47.53580509
50.84502553
50.68463462
51.22019416
25.35626745
19.23684349
45.78915607
75.67500916
63.20683062
86.599025
88.88128183
81.25862652
59.32073611
33.10496776
39.73870718
54.89471776
49.77879156
67.66480265
55.6476699
50.86579712
50.37177207
50.26962156
49.77883297
48.88180835
51.67477065
56.72020143
53.27802048
35.54919435
38.84193834
36.04087817
42.00828852
39.81163957
41.07899074
26.20806654
50.26845776
66.03127663
66.41816277
38.5764681
41.831234
37.52105275
40.84372726
80.62669405
24.82324389
60.70665456
33.93135005
81.29734923
88.44934019
65.51415606
73.50234212
54.01915852
48.83351718
52.14879188
53.96443236
69.5269238
56.52342384
61.1226862
56.61820564
61.21795853
79.45013015
66.09803529
117.4741993
61.40764573
54.25655864
38.09229556
20.22493318
15.50899609
55.37484687
56.97029879
64.20312804
57.13273637
58.00935093
48.96754314
42.18467645
40.12921977
64.87163635
52.97675562
62.16464102
39.00313006
47.04591435
76.84254889
30.73438618
68.66658705
67.02969499
65.62855909
69.57258253
65.24806619
38.33246832
63.50770632
62.61069696
54.55262116
47.07302474
45.82521533
44.70080184
42.81865195
41.00698336
39.64046134
43.90237967
46.85826927
56.49967452
32.74977483
39.289925
52.77384752
43.66179086
55.64288862
71.63105025
77.78699521
79.07119943
73.04151771
66.52106896
65.31335451
70.29186934
26.24925549
38.22180752
68.77609298
29.6704441
55.9427273
39.5274489
63.7572308
79.1981348
137.7641296
76.49271954
86.66942188
66.11609363
72.59601032
72.85322061
77.27857643
75.7257099
74.40767046
42.40511988
74.90453821
68.54421721
75.97603734
69.51908917
75.96750401
63.26740555
77.09224792
65.17217267
73.67983204
69.49773862
75.5506346
71.95103981
73.00418043
69.48916401
73.81665734
79.51887856
76.13000277
22.5954896
77.34198422
21.62090651
61.9930535
70.58364071
50.53374013
48.21076891
99.2905434
39.63965522
61.78873209
32.91831031
43.85918895
78.13689807
50.61040073
17.61996369
78.26579661
22.28199415
74.23192581
70.33593187
70.18496536
87.58925748
108.5691027
69.52075739
99.86169455
71.37510386
78.60166977
73.87341523
73.75318538
59.55965958
69.94756818
75.53762068
64.84637496
75.32857443
53.12168642
82.16444951
88.76455467
59.5017736
58.38178493
69.34742877
38.0071278
76.93960115
42.8159505
148.9266528
86.93582563
78.43497397
73.39344072
71.01552768
77.65427851
65.67324126
68.27130061
63.65525732
38.54926601
84.85865854
45.25561874
58.74847366
41.76600108
75.90208137
32.85339991
43.57579788
52.47999983
69.95162732
16.44082114
57.79677913
42.09939144
34.2610163
62.86090742
23.36931672
102.3660417
72.08619186
75.60321443
65.70427543
21.18145603
</DataArray>
<DataArray type="Int32" Name="rank" format="ascii">
0
0
0
0
0
0
0
0
0
0
0
0
0
0
0
0
0
0
0
0
0
0
0
0
0
0
0
0
0
0
0
0
0
0
0
0
0
0
0
0
0
0
0
0
0
0
0
0
0
0
0
0
0
0
0
0
0
0
0
0
0
0
0
0
0
0
0
0
0
0
0
0
0
0
0
0
0
0
0
0
0
0
0
0
0
0
0
0
0
0
0
0
0
0
0
0
0
0
0
0
0
0
0
0
0
0
0
0
0
0
0
0
0
0
0
0
0
0
0
0
0
0
0
0
0
0
0
0
0
0
0
0
0
0
0
0
0
0
0
0
0
0
0
0
0
0
0
0
0
0
0
0
0
0
0
0
0
0
0
0
0
0
0
0
0
0
0
0
0
0
0
0
0
0
0
0
0
0
0
0
0
0
0
0
0
0
0
0
0
0
0
0
0
0
0
0
0
0
0
0
0
0
0
0
0
0
0
0
0
0
0
0
0
0
0
0
0
0
0
0
0
0
0
0
0
0
0
0
0
0
0
0
0
0
0
0
0
0
0
0
0
0
0
0
0
0
0
0
0
0
0
0
0
0
0
0
0
0
0
0
0
0
0
0
0
0
0
0
0
0
0
0
0
0
0
0
0
0
0
0
0
0
0
0
0
0
0
0
0
0
0
0
0
0
0
0
0
0
0
0
0
0
0
0
0
0
0
0
0
0
0
0
0
0
0
0
0
0
0
0
0
0
0
0
0
0
0
0
0
0
0
0
0
0
0
0
0
0
0
0
0
0
0
0
0
0
0
0
0
0
0
0
0
0
0
0
0
0
0
0
0
0
0
0
0
0
0
0
0
0
0
0
0
0
0
0
0
0
0
0
0
0
0
0
0
0
0
0
0
0
0
0
0
0
0
0
0
0
0
0
0
0
0
0
0
0
0
0
0
0
0
0
0
0
0
0
0
0
0
0
0
0
0
0
0
0
0
0
0
0
0
0
0
0
0
0
0
0
0
0
0
0
0
0
0
0
0
0
0
0
0
0
0
0
0
0
0
0
0
0
0
0
0
0
0
0
0
0
0
0
0
0
0
0
0
0
0
0
0
0
0
0
0
0
0
0
0
0
0
0
0
0
0
0
0
0
0
0
0
0
0
0
0
0
0
0
0
0
0
0
0
0
0
0
0
0
0
0
0
0
0
0
0
0
0
0
0
0
0
0
0
0
0
0
0
0
0
0
0
0
0
0
0
0
0
0
0
0
0
0
0
0
0
0
0
0
0
0
0
0
0
0
0
0
0
0
0
0
0
0
0
0
0
0
0
0
0
0
0
0
0
0
0
0
0
0
0
0
0
0
0
0
0
0
0
0
0
0
0
0
0
0
0
0
0
0
0
0
0
0
0
0
0
0
0
0
0
0
0
0
0
0
0
0
0
0
0
0
0
0
0
0
0
0
0
0
0
0
0
0
0
0
0
0
0
0
0
0
0
0
0
0
0
0
0
0
0
0
0
0
0
0
0
0
0
0
0
0
0
0
0
0
0
0
0
0
0
0
0
0
0
0
0
0
0
0
0
0
0
0
0
0
0
0
0
0
0
0
0
0
0
0
0
0
0
0
0
0
0
0
0
0
0
0
0
0
0
0
0
0
0
0
0
0
0
0
0
0
0
0
0
0
0
0
0
0
0
0
0
0
0
0
0
0
0
0
0
0
0
0
0
0
0
0
0
0
0
0
0
0
0
0
0
0
0
0
0
0
0
0
0
0
0
0
0
0
0
0
0
0
0
0
0
0
0
0
0
0
0
0
0
0
0
0
0
0
0
0
0
0
0
0
0
0
0
0
0
0
0
0
0
0
0
0
0
0
0
0
0
0
0
0
0
0
0
0
0
0
0
0
0
0
0
0
0
0
0
0
0
0
0
0
0
0
0
0
0
0
0
0
0
0
0
0
0
0
0
0
0
0
0
0
0
0
0
0
0
0
0
0
0
0
0
0
0
0
0
0
0
0
0
0
0
0
0
0
0
0
0
0
0
0
0
0
0
0
0
0
0
0
0
0
0
0
0
0
0
0
0
0
0
0
0
0
0
0
0
0
0
0
0
0
0
0
0
0
0
0
0
0
0
0
0
0
0
0
0
0
0
0
0
0
0
0
0
0
0
0
0
0
0
0
0
0
0
0
0
0
0
0
0
0
0
0
0
0
0
0
0
0
0
0
0
0
0
0
0
0
0
0
0
0
0
0
0
0
0
0
0
0
0
0
0
0
0
0
0
0
0
0
0
0
0
0
0
0
0
0
0
0
0
0
0
0
0
0
0
0
0
0
0
0
0
0
0
0
0
0
0
0
0
0
0
0
0
0
0
0
0
0
0
0
0
0
0
0
0
0
0
0
0
0
0
0
0
0
0
0
0
0
0
0
0
0
0
0
0
0
0
0
0
0
0
0
0
0
0
0
0
0
0
0
0
0
0
0
0
0
0
0
0
0
0
0
0
0
0
0
0
0
0
0
0
0
0
0
0
0
0
0
0
0
0
0
0
0
0
0
0
0
0
0
0
0
0
0
0
0
0
0
0
0
0
0
0
0
0
0
0
0
0
0
0
0
0
0
0
0
0
0
0
0
0
0
0
0
0
0
0
0
0
0
0
0
0
0
0
0
0
0
0
0
0
0
0
0
0
0
0
0
0
0
0
0
0
0
0
0
0
0
0
0
0
0
0
0
0
0
0
0
0
0
0
0
0
0
0
0
0
0
0
0
0
0
0
0
0
0
0
0
0
0
0
0
0
0
0
0
0
0
0
0
0
0
0
0
0
0
0
0
0
0
0
0
0
0
0
0
0
0
0
0
0
0
0
0
0
0
0
0
0
0
0
0
0
0
0
0
0
0
0
0
0
0
0
0
0
0
0
0
0
0
0
0
0
0
0
0
0
0
0
0
0
0
0
0
0
0
0
0
0
0
0
0
0
0
0
0
0
0
0
0
0
0
0
0
0
0
0
0
0
0
0
0
0
0
0
0
0
0
0
0
0
0
0
0
0
0
0
0
0
0
0
0
0
0
0
0
0
0
0
0
0
0
0
0
0
0
0
0
0
0
0
0
0
0
0
0
0
0
0
0
0
0
0
0
0
0
0
0
0
0
0
0
0
0
0
0
0
0
0
0
0
0
0
0
0
0
0
0
0
0
0
0
0
0
0
0
0
0
0
0
0
0
0
0
0
0
0
0
0
0
0
0
0
0
0
0
0
0
0
0
0
0
0
0
0
0
0
0
0
0
0
0
0
0
0
0
0
0
0
0
0
0
0
0
0
0
0
0
0
0
0
0
0
0
0
0
0
0
0
0
0
0
0
0
0
0
0
0
0
0
0
0
0
0
0
0
0
0
0
0
0
0
0
0
0
0
0
0
0
0
0
0
0
0
0
0
0
0
0
0
0
0
0
0
0
0
0
0
0
0
0
0
0
0
0
0
0
0
0
0
0
0
0
0
0
0
0
0
0
0
0
0
0
0
0
0
0
0
0
0
0
0
0
0
0
0
0
0
0
0
0
0
0
0
0
0
0
0
0
0
0
0
0
0
0
0
0
0
0
0
0
0
0
0
0
0
0
0
0
0
0
0
0
0
0
0
0
0
0
0
0
0
0
0
0
0
0
0
0
0
0
0
0
0
0
0
0
0
0
0
0
0
0
0
0
0
0
0
0
0
0
0
0
0
0
0
0
0
0
0
0
0
0
0
0
0
0
0
0
0
0
0
0
0
0
0
0
0
0
0
0
0
0
0
0
0
0
0
0
0
0
0
0
0
0
0
0
0
0
0
0
0
0
0
0
0
0
0
0
0
0
0
0
0
0
0
0
0
0
0
0
0
0
0
0
0
0
0
0
0
0
0
0
0
0
0
0
0
0
0
0
0
0
0
0
0
0
0
0
0
0
0
0
0
0
0
0
0
0
0
0
0
0
0
0
0
0
0
0
0
0
0
0
0
0
0
0
0
0
0
0
0
0
0
0
0
0
0
0
0
0
0
0
0
0
0
0
0
0
0
0
0
0
0
0
0
0
0
0
0
0
0
0
0
0
0
0
0
0
0
0
0
0
0
0
0
0
0
0
0
0
0
0
0
0
0
0
0
0
0
0
0
0
0
0
0
0
0
0
0
0
0
0
0
0
0
0
0
0
0
0
0
0
0
0
0
0
0
0
0
0
0
0
0
0
0
0
0
0
0
0
0
0
0
0
0
0
0
0
0
0
0
0
0
0
0
0
0
0
0
0
0
0
0
0
0
0
0
0
0
0
0
0
0
0
0
0
0
0
0
0
0
0
0
0
0
0
0
0
0
0
0
0
0
0
0
0
0
0
0
0
0
0
0
0
0
0
0
0
0
0
0
0
0
0
0
0
0
0
0
0
0
0
0
0
0
0
0
0
0
0
0
0
0
0
0
0
0
0
0
0
0
0
0
0
0
0
0
0
0
0
0
0
0
0
0
0
0
0
0
0
0
0
0
0
0
0
0
0
0
0
0
0
0
0
0
0
0
0
0
0
0
0
0
0
0
0
0
0
0
0
0
0
0
0
0
0
0
0
0
0
0
0
0
0
0
0
0
0
0
0
0
0
0
0
0
0
0
0
0
0
0
0
0
0
0
0
0
0
0
0
0
0
0
0
0
0
0
0
0
0
0
0
0
0
0
0
0
0
0
0
0
0
0
0
0
0
0
0
0
0
0
0
0
0
0
0
0
0
0
0
0
0
0
0
0
0
0
0
0
0
0
0
0
0
0
0
0
0
0
0
0
0
0
0
0
0
0
0
0
0
0
0
0
0
0
0
0
0
0
0
0
0
0
0
0
0
0
0
0
0
0
0
0
0
0
0
0
0
0
0
0
0
0
0
0
0
0
0
0
0
0
0
0
0
0
0
0
0
0
0
0
0
0
0
0
0
0
0
0
0
0
0
0
0
0
0
0
0
0
0
0
0
0
0
0
0
0
0
0
0
0
0
0
0
0
0
0
0
0
0
0
0
0
0
0
0
0
0
0
0
0
0
0
0
0
0
0
0
0
0
0
0
0
0
0
0
0
0
0
0
0
0
0
0
0
0
0
0
0
0
0
0
0
0
0
0
0
0
0
0
0
0
0
0
0
0
0
0
0
0
0
0
0
0
0
0
0
0
0
0
0
0
0
0
0
0
0
0
0
0
0
0
0
0
0
0
0
0
0
0
0
0
0
0
0
0
0
0
0
0
0
0
0
0
0
0
0
0
0
0
0
0
0
0
0
0
0
0
0
0
0
0
0
0
0
0
0
0
0
0
0
0
0
0
0
0
0
0
0
0
0
0
0
0
0
0
0
0
0
0
0
0
0
0
0
0
0
0
0
0
0
0
0
0
0
0
0
0
0
0
0
0
0
0
0
0
0
0
0
0
0
0
0
0
0
0
0
0
0
0
0
0
0
0
0
0
0
0
0
0
0
0
0
0
0
0
0
0
0
0
0
0
0
0
0
0
0
0
0
0
0
0
0
0
0
0
0
0
0
0
0
0
0
0
0
0
0
0
0
0
0
0
0
0
0
0
0
0
0
0
0
0
0
0
0
0
0
0
0
0
0
0
0
0
0
0
0
0
0
0
0
0
0
0
0
0
0
0
0
0
0
0
0
0
0
0
0
0
0
0
0
0
0
0
0
0
0
0
0
0
0
0
0
0
0
0
0
0
0
0
0
0
0
0
0
0
0
0
0
0
0
0
0
0
</DataArray>
</CellData>
</Piece>
</UnstructuredGrid>
</VTKFile>
