<?xml version="1.0"?>
<VTKFile type="UnstructuredGrid" version="0.1">
<UnstructuredGrid>
<Piece NumberOfPoints="2771" NumberOfCells="2541">
<Points><DataArray type="Float64" NumberOfComponents="3" format="ascii">
1.429125535 -0.6472946071 0.0
1.337358656 -0.5582212016 0.0
1.326666983 -0.6423821051 0.0
1.199515805 -0.9146699031 0.0
1.165568803 -0.8654086784 0.0
1.112354007 -0.8949019447 0.0
1.13127893 -0.8194889224 0.0
1.415615856 0.9376241036 0.0
1.418421632 1.029525929 0.0
1.306649607 0.9880658306 0.0
1.408929616 -0.9299263435 0.0
1.302783354 -0.9868206648 0.0
1.415930913 -1.021210468 0.0
0.5972011683 1.109461153 0.0
0.5501706125 1.029750305 0.0
0.628859539 1.000542241 0.0
0.4961104266 -1.055614973 0.0
0.4785669283 -0.9915865609 0.0
0.4070433699 -1.042217044 0.0
0.8 0.9996413783 0.0
0.8639098322 0.9216394765 0.0
0.9281325503 1.003840691 0.0
1.880494838 -0.9065161419 0.0
1.762932212 -0.8676873553 0.0
1.765174136 -0.94897552 0.0
0.2693685309 -1.060177111 0.0
0.3139280027 -1.127666262 0.0
0.3377816271 -1.045008056 0.0
0.6948209118 -0.9446338292 0.0
0.6290522886 -0.9990390054 0.0
0.722664238 -1.019595265 0.0
0.9018223268 0.7720457884 0.0
0.979450663 0.7277810734 0.0
0.9618380143 0.8239159279 0.0
1.67190073 0.9536515126 0.0
1.79100768 0.9966173025 0.0
1.677287352 1.033657274 0.0
0.5976355577 -1.108745224 0.0
0.5523420342 -1.028109334 0.0
0.6941189384 0.9461936164 0.0
0.7209900912 1.022425153 0.0
1.342616475 -0.7235433141 0.0
1.424592414 -0.7682536654 0.0
1.252413222 0.6860675889 0.0
1.368004672 0.630784142 0.0
1.355835352 0.729098996 0.0
1.557678636 -0.684005965 0.0
1.501442418 -0.7881119348 0.0
1.598164879 -0.7977702179 0.0
1.563026161 0.6859437847 0.0
1.600785081 0.7999799177 0.0
1.505052163 0.7859976754 0.0
0.4071979531 1.04428153 0.0
0.4766971978 0.9922600439 0.0
0.4940001042 1.056451135 0.0
0.2702367701 1.063343024 0.0
0.3384069266 1.047602624 0.0
0.3139398989 1.129764938 0.0
1.314158511 0.5443171083 0.0
1.406137884 0.5353805341 0.0
0.9494335926 -0.5315101676 0.0
0.8786880849 -0.5773638967 0.0
0.9471474975 -0.6231219245 0.0
0.8768561349 0.5743374719 0.0
0.9490318035 0.5324425098 0.0
0.9451170185 0.6214257048 0.0
0.8428403374 0.3789338777 0.0
0.7730950605 0.3691857159 0.0
0.7977876986 0.3186975629 0.0
1.516933735 -0.3844054207 0.0
1.506013094 -0.2752534217 0.0
1.404642069 -0.3527729728 0.0
1.517210562 0.3841477096 0.0
1.404238037 0.3523662827 0.0
1.504408223 0.2785636497 0.0
1.260917434 -0.28522967 0.0
1.229721053 -0.4036727035 0.0
1.320444255 -0.3859931811 0.0
1.020100564 0.300303853 0.0
1.070683878 0.4039010894 0.0
1.00140129 0.3817899786 0.0
1.020101217 -0.3001443605 0.0
0.9359717042 -0.3596864896 0.0
1.00140129 -0.3817899786 0.0
1.259163803 0.2846276406 0.0
1.317455999 0.3830771756 0.0
1.223580674 0.4049559871 0.0
0.9359289554 0.3578005613 0.0
1.617344614 -0.301328855 0.0
1.589864247 -0.1839399141 0.0
1.505193966 -0.1453560369 0.0
1.413429588 -0.1289688816 0.0
1.445426783 -0.213747387 0.0
0.7766169136 0.2118464512 0.0
0.7881626357 0.1619160935 0.0
0.8454308587 0.2139883844 0.0
1.585214062 0.1849937618 0.0
1.615752337 0.3019384278 0.0
1.412448154 0.128211541 0.0
1.505187266 0.1442305821 0.0
1.443912245 0.2155218599 0.0
1.387735511 0.05866462053 0.0
1.451484918 0.05810971752 0.0
0.7415775192 -0.1429854689 0.0
0.8008795954 -0.1285880956 0.0
0.7470697774 -0.09349940684 0.0
1.45000588 -0.05830644846 0.0
1.389598109 -0.05925368385 0.0
0.7989742864 -0.3184473282 0.0
0.7735617471 -0.3694087321 0.0
0.8442037724 -0.3804026954 0.0
1.070689472 -0.4025354867 0.0
0.5020010714 0 0.0
0.5 0 0.0
0.4990133642 -0.03139525976 0.0
0.5010103637 -0.03152090032 0.0
0.4980425205 -0.06291740205 0.0
0.4960573507 -0.06266661678 0.0
0.4954677376 -0.09451552583 0.0
0.5004247242 -0.06321834437 0.0
0.4931091309 -0.09406559754 0.0
0.4774312727 -0.1551268241 0.0
0.486229665 -0.1248425591 0.0
0.4842915806 -0.1243449436 0.0
0.4755282581 -0.1545084972 0.0
0.4258807663 -0.2702721528 0.0
0.4420109168 -0.2429975578 0.0
0.439906784 -0.241840801 0.0
0.4238534189 -0.268985559 0.0
0.3452869877 -0.3676932958 0.0
0.3676932958 -0.3452869877 0.0
0.3659429419 -0.343643296 0.0
0.343643296 -0.3659429419 0.0
0.3199874471 -0.3867983782 0.0
0.342273553 -0.3644843137 0.0
0.3187119949 -0.3852566214 0.0
0.4774312727 0.1551268241 0.0
0.4667486772 0.1847988744 0.0
0.4648882429 0.1840622763 0.0
0.4755282581 0.1545084972 0.0
0.4173234703 0.3452399994 0.0
0.4381777767 0.3183547896 0.0
0.4465304334 0.3244233499 0.0
0.4252785969 0.3518210525 0.0
0.4689811984 0.185682792 0.0
0.4563966521 0.2147639626 0.0
0.454224038 0.2137416079 0.0
0.2137416079 0.454224038 0.0
0.1847988744 0.4667486772 0.0
0.1840622763 0.4648882429 0.0
0.2128896458 0.4524135262 0.0
0.1558688164 0.4797148901 0.0
0.1254396977 0.4885553663 0.0
0.1248425591 0.486229665 0.0
0.1551268241 0.4774312727 0.0
0.03152090032 0.5010103637 0.0
-3.361026735e-18 0.5020009479 0.0
0 0.5 0.0
0.03139525976 0.4990133642 0.0
0.03167166899 -0.503406763 0.0
0.06321834437 -0.5004247242 0.0
0.06291740205 -0.4980425205 0.0
0.03152090032 -0.5010103637 0.0
0.09451552583 -0.4954677376 0.0
0.09406559754 -0.4931091309 0.0
0.1558688164 -0.4797148901 0.0
0.185682792 -0.4689811984 0.0
0.1847988744 -0.4667486772 0.0
0.1551268241 -0.4774312727 0.0
0.2147639626 -0.4563966521 0.0
0.2137416079 -0.454224038 0.0
0.06266661678 -0.4960573507 0.0
0.03139525976 -0.4990133642 0.0
0.3676932958 0.3452869877 0.0
0.3452869877 0.3676932958 0.0
0.343643296 0.3659429419 0.0
0.3659429419 0.343643296 0.0
0.06266661678 0.4960573507 0.0
0.09369065729 0.4911436254 0.0
0.09406559754 0.4931091309 0.0
0.06291740205 0.4980425205 0.0
0.406127298 -0.2950687538 0.0
0.4221639628 -0.2679133975 0.0
0.4045084972 -0.2938926261 0.0
0.268985559 0.4238534189 0.0
0.2679133975 0.4221639628 0.0
0.2938926261 0.4045084972 0.0
0.2950687538 0.406127298 0.0
0.296480107 -0.408069859 0.0
0.3215179897 -0.3886484864 0.0
0.2950687538 -0.406127298 0.0
-3.209238431e-17 -0.5791985217 0.0
-0.03636817609 -0.5780556057 0.0
-0.03748839991 -0.5958610535 0.0
-2.787754836e-17 -0.5970391739 0.0
0.4920298717 -0.4620468042 0.0
0.4695567551 -0.4409431431 0.0
0.4409431431 -0.4695567551 0.0
0.4620468042 -0.4920298717 0.0
-0.1085309804 -0.5689393235 0.0
-0.144040815 -0.5610019351 0.0
-0.1484776048 -0.5782820904 0.0
-0.1118739853 -0.5864639687 0.0
0.2429975578 0.4420109168 0.0
0.2147639626 0.4563966521 0.0
0.241840801 0.439906784 0.0
0.09451552583 0.4954677376 0.0
0.06321834437 0.5004247242 0.0
0.4954677376 0.09451552583 0.0
0.4885553663 0.1254396977 0.0
0.486229665 0.1248425591 0.0
0.4931091309 0.09406559754 0.0
0.4420109168 0.2429975578 0.0
0.439906784 0.241840801 0.0
-0.06515689442 -0.515769928 0.0
-0.09741378391 -0.5106609386 0.0
-0.09853334947 -0.5165299068 0.0
-0.06590573521 -0.5216976132 0.0
0.185682792 0.4689811984 0.0
0.4911436254 0.09369065729 0.0
0.4960573507 0.06266661678 0.0
0.4980425205 0.06291740205 0.0
0.3867983782 -0.3199874471 0.0
0.3852566214 -0.3187119949 0.0
0.3644843137 -0.342273553 0.0
0.4911436254 -0.09369065729 0.0
0.2408768371 0.43815334 0.0
0.4885553663 -0.1254396977 0.0
0.4797148901 0.1558688164 0.0
0.408069859 0.296480107 0.0
0.3886484864 0.3215179897 0.0
0.3867983782 0.3199874471 0.0
0.406127298 0.2950687538 0.0
0.1307720976 -0.5093236928 0.0
0.1292862257 -0.5035366038 0.0
0.09741378391 -0.5106609386 0.0
0.09853334947 -0.5165299068 0.0
-0.06291740205 -0.4980425205 0.0
-0.03152090032 -0.5010103637 0.0
-0.03139525976 -0.4990133642 0.0
-0.06266661678 -0.4960573507 0.0
0.1243449436 0.4842915806 0.0
0.1545084972 0.4755282581 0.0
0.4648882429 -0.1840622763 0.0
0.4524135262 -0.2128896458 0.0
0.454224038 -0.2137416079 0.0
0.4667486772 -0.1847988744 0.0
0.4238534189 0.268985559 0.0
0.4045084972 0.2938926261 0.0
0.4221639628 0.2679133975 0.0
0.268985559 -0.4238534189 0.0
0.2938926261 -0.4045084972 0.0
0.2679133975 -0.4221639628 0.0
0.241840801 -0.439906784 0.0
0.2408768371 -0.43815334 0.0
0.6441473941 0 0.0
0.6428672145 -0.04044577689 0.0
0.6736349294 -0.04238151743 0.0
0.6749779443 0 0.0
0.3199874471 0.3867983782 0.0
0.3187119949 0.3852566214 0.0
0.342273553 0.3644843137 0.0
-6.227557157e-17 -0.5020009479 0.0
-6.123233996e-17 -0.5 0.0
0.2128896458 -0.4524135262 0.0
0.1840622763 -0.4648882429 0.0
0.3644843137 0.342273553 0.0
0.3852566214 0.3187119949 0.0
0.4842915806 0.1243449436 0.0
0.4258807663 0.2702721528 0.0
0.4990133642 0.03139525976 0.0
0.5010103637 0.03152090032 0.0
-0.06321834437 -0.5004247242 0.0
-0.03167166899 -0.503406763 0.0
0.1545084972 -0.4755282581 0.0
0.1243449436 -0.4842915806 0.0
0.1248425591 -0.486229665 0.0
0.3886484864 -0.3215179897 0.0
0.408069859 -0.296480107 0.0
0.1254396977 -0.4885553663 0.0
0.09369065729 -0.4911436254 0.0
0.5004247242 0.06321834437 0.0
0.503406763 0.03167166898 0.0
0.296480107 0.408069859 0.0
0.2702721528 0.4258807663 0.0
0.3215179897 0.3886484864 0.0
-6.418476861e-17 -0.5044020853 0.0
0.4797148901 -0.1558688164 0.0
0.503406763 -0.03167166898 0.0
0.03167166899 0.503406763 0.0
0.5044023571 0 0.0
0.4563966521 -0.2147639626 0.0
0.43815334 -0.2408768371 0.0
0.43815334 0.2408768371 0.0
-8.131516294e-18 0.5044020853 0.0
-6.22332047e-17 -0.5198692523 0.0
-0.03264286044 -0.5188434091 0.0
-0.03301802113 -0.5248064175 0.0
-6.114900253e-17 -0.5258440506 0.0
0.2702721528 -0.4258807663 0.0
0.06590573521 -0.5216976132 0.0
0.06515689442 -0.515769928 0.0
0.03264286044 -0.5188434091 0.0
0.03301802113 -0.5248064175 0.0
0.3885503445 0.3648730601 0.0
0.3648730601 0.3885503445 0.0
0.359965023 0.3833238158 0.0
0.3833238158 0.359965023 0.0
0.377830278 -0.4023483801 0.0
0.4023483801 -0.377830278 0.0
0.3948221788 -0.3707627046 0.0
0.3707627046 -0.3948221788 0.0
0.5320239829 -0.1014890026 0.0
0.5235726687 -0.09987682815 0.0
0.5162681997 -0.1325551439 0.0
0.5246016079 -0.1346947995 0.0
0.5881789591 0.1911109287 0.0
0.5678179969 0.1844952511 0.0
0.5782820904 0.1484776048 0.0
0.5990182768 0.1538017525 0.0
0.1962154699 -0.4955837059 0.0
0.1935761059 -0.4889174335 0.0
0.162494748 -0.5001074109 0.0
0.1647103251 -0.506926256 0.0
-1.604619215e-17 0.5330138086 0.0
-1.604619215e-17 0.5258440506 0.0
0.03301802113 0.5248064175 0.0
0.03346821396 0.5319620276 0.0
0.244385666 -0.4445358761 0.0
0.2718160653 -0.4283135832 0.0
0.2429975578 -0.4420109168 0.0
0.2817613323 -0.4439848164 0.0
0.309083378 -0.4254167733 0.0
0.3055714796 -0.42058306 0.0
0.2785598753 -0.4389401273 0.0
0.4945272981 0.2718686827 0.0
0.5106222372 0.240280586 0.0
0.5240744912 0.2466107363 0.0
0.5075555337 0.2790310159 0.0
0.5035832328 0.1993827066 0.0
0.4955837059 0.1962154699 0.0
0.506926256 0.1647103251 0.0
0.51510887 0.1673690176 0.0
0.5198704789 0 0.0
0.5258456461 0 0.0
0.5248064107 0.0330180207 0.0
0.5188434052 0.0326428602 0.0
0.4524135262 0.2128896458 0.0
0.2466107363 -0.5240744912 0.0
0.2132171967 -0.5385251662 0.0
0.2197847788 -0.5551129851 0.0
0.2542069165 -0.540217196 0.0
0.3404443492 -0.4685814472 0.0
0.3103500876 -0.4890334863 0.0
0.3199095871 -0.5040968472 0.0
0.3509308215 -0.483014838 0.0
0.4703917632 -0.2213495619 0.0
0.4658866306 -0.2192296074 0.0
0.4512017688 -0.2480502715 0.0
0.4555648985 -0.2504489223 0.0
0.4833622065 -0.191376636 0.0
0.4787328507 -0.1895437443 0.0
0.4689811984 -0.185682792 0.0
0.4106941981 0.3397557885 0.0
0.4051698046 0.3351856127 0.0
0.4005661434 0.3313771329 0.0
0.396729759 0.3282033998 0.0
0.4165549655 0.3026448977 0.0
0.42058306 0.3055714796 0.0
0.4565536215 -0.3317056223 0.0
0.4348247489 -0.3597183161 0.0
0.4462801312 -0.3691950326 0.0
0.4685814472 -0.3404443492 0.0
0.4051698046 -0.3351856127 0.0
0.3833238158 -0.359965023 0.0
0.3885503445 -0.3648730601 0.0
0.4106941981 -0.3397557885 0.0
0.4254167733 -0.309083378 0.0
0.42058306 -0.3055714796 0.0
0.4005661434 -0.3313771329 0.0
0.3597183161 0.4348247489 0.0
0.3317056223 0.4565536215 0.0
0.3244233499 0.4465304334 0.0
0.3518210525 0.4252785969 0.0
0.3397557885 0.4106941981 0.0
0.313297656 0.4312172294 0.0
0.309083378 0.4254167733 0.0
0.3351856127 0.4051698046 0.0
0.03185259139 0.5062824422 0.0
-9.649399335e-18 0.5072834503 0.0
0.06357947515 0.5032833687 0.0
0.09505543978 0.4982980657 0.0
0.126156264 0.4913462078 0.0
0.1567592071 0.482455231 0.0
0.1867434932 0.4716602237 0.0
0.2159907881 0.4590037891 0.0
0.244385666 0.4445358761 0.0
0.2718160653 0.4283135832 0.0
0.2981737308 0.4104009322 0.0
0.3233546408 0.3908686163 0.0
0.3472594178 0.3697937204 0.0
0.3697937204 0.3472594178 0.0
0.3908686163 0.3233546408 0.0
0.4104009322 0.2981737308 0.0
0.4283135832 0.2718160653 0.0
0.4445358761 0.244385666 0.0
0.4590037891 0.2159907881 0.0
0.4716602237 0.1867434932 0.0
0.482455231 0.1567592071 0.0
0.4913462078 0.126156264 0.0
0.4982980657 0.09505543978 0.0
0.5062824419 0.03185259137 0.0
0.5032833687 0.06357947515 0.0
0.5032833687 -0.06357947515 0.0
0.5062824419 -0.03185259137 0.0
0.4982980657 -0.09505543978 0.0
0.4913462078 -0.126156264 0.0
0.482455231 -0.1567592071 0.0
0.4590037891 -0.2159907881 0.0
0.4716602237 -0.1867434932 0.0
0.4445358761 -0.244385666 0.0
0.4283135832 -0.2718160653 0.0
0.4104009322 -0.2981737308 0.0
0.3908686163 -0.3233546408 0.0
0.3697937204 -0.3472594178 0.0
0.3472594178 -0.3697937204 0.0
0.3233546408 -0.3908686163 0.0
0.2981737308 -0.4104009322 0.0
0.2460513957 -0.4475658273 0.0
0.2736687603 -0.4312329634 0.0
0.1867434932 -0.4716602237 0.0
0.2159907881 -0.4590037891 0.0
0.1567592071 -0.482455231 0.0
0.126156264 -0.4913462078 0.0
0.09505543978 -0.4982980657 0.0
0.06357947515 -0.5032833687 0.0
0.03185259139 -0.5062824422 0.0
-6.483528991e-17 -0.5072834503 0.0
-0.03185259139 -0.5062824422 0.0
-0.06357947515 -0.5032833687 0.0
0.03206969827 0.5097332573 0.0
-1.235990477e-17 0.5107410882 0.0
0.0640128321 0.5067137421 0.0
0.09570333652 0.5016944593 0.0
0.1270161436 0.4946952177 0.0
0.157827676 0.48574364 0.0
0.1880163346 0.4748750542 0.0
0.2174629787 0.4621323534 0.0
0.2460513957 0.4475658273 0.0
0.2736687603 0.4312329634 0.0
0.3002060794 0.4131982201 0.0
0.3255586222 0.3935327721 0.0
0.3496263338 0.37231423 0.0
0.37231423 0.3496263338 0.0
0.3935327721 0.3255586222 0.0
0.4131982201 0.3002060794 0.0
0.4312329634 0.2736687603 0.0
0.4475658273 0.2460513957 0.0
0.4621323534 0.2174629787 0.0
0.4748750542 0.1880163346 0.0
0.48574364 0.157827676 0.0
0.4946952177 0.1270161436 0.0
0.5016944593 0.09570333652 0.0
0.5097332564 0.03206969821 0.0
0.5067137421 0.0640128321 0.0
0.5067137421 -0.0640128321 0.0
0.5097332564 -0.03206969821 0.0
0.5016944593 -0.09570333652 0.0
0.4946952177 -0.1270161436 0.0
0.48574364 -0.157827676 0.0
0.4621323534 -0.2174629787 0.0
0.4748750542 -0.1880163346 0.0
0.4475658273 -0.2460513957 0.0
0.4312329634 -0.2736687603 0.0
0.4131982201 -0.3002060794 0.0
0.3935327721 -0.3255586222 0.0
0.37231423 -0.3496263338 0.0
0.3496263338 -0.37231423 0.0
0.3255586222 -0.3935327721 0.0
0.3002060794 -0.4131982201 0.0
0.2480502715 -0.4512017688 0.0
0.2758919944 -0.4347362198 0.0
0.1880163346 -0.4748750542 0.0
0.2174629787 -0.4621323534 0.0
0.157827676 -0.48574364 0.0
0.1270161436 -0.4946952177 0.0
0.09570333652 -0.5016944593 0.0
0.0640128321 -0.5067137421 0.0
0.03206969827 -0.5097332573 0.0
-6.494371013e-17 -0.5107410882 0.0
-0.03206969827 -0.5097332573 0.0
-0.0640128321 -0.5067137421 0.0
0.5072838999 0 0.0
0.03233022653 0.5138742354 0.0
-1.19262239e-17 0.5148902537 0.0
0.06453286042 0.5108301902 0.0
0.0964808126 0.5057701317 0.0
0.1280479991 0.4987140295 0.0
0.1591098386 0.4896897309 0.0
0.1895437443 0.4787328507 0.0
0.2192296074 0.4658866306 0.0
0.2480502715 0.4512017688 0.0
0.2758919944 0.4347362198 0.0
0.3026448977 0.4165549655 0.0
0.3282033998 0.396729759 0.0
0.352466633 0.3753388415 0.0
0.3753388415 0.352466633 0.0
0.4512017688 0.2480502715 0.0
0.4347362198 0.2758919944 0.0
0.4658866306 0.2192296074 0.0
0.4787328507 0.1895437443 0.0
0.4896897309 0.1591098386 0.0
0.4987140295 0.1280479991 0.0
0.5057701317 0.0964808126 0.0
0.5138742334 0.0323302264 0.0
0.5108301902 0.06453286043 0.0
0.5108301902 -0.06453286043 0.0
0.5138742334 -0.0323302264 0.0
0.5057701317 -0.0964808126 0.0
0.4987140295 -0.1280479991 0.0
0.4896897309 -0.1591098386 0.0
0.4347362198 -0.2758919944 0.0
0.4165549655 -0.3026448977 0.0
0.396729759 -0.3282033998 0.0
0.3753388415 -0.352466633 0.0
0.3282033998 -0.396729759 0.0
0.352466633 -0.3753388415 0.0
0.3026448977 -0.4165549655 0.0
0.2504489223 -0.4555648985 0.0
0.1895437443 -0.4787328507 0.0
0.2192296074 -0.4658866306 0.0
0.1591098386 -0.4896897309 0.0
0.1280479991 -0.4987140295 0.0
0.0964808126 -0.5057701317 0.0
0.06453286042 -0.5108301902 0.0
0.03233022653 -0.5138742354 0.0
-6.375108774e-17 -0.5148902537 0.0
-0.03233022653 -0.5138742354 0.0
-0.06453286042 -0.5108301902 0.0
0.5107417513 0 0.0
0.03264286044 0.5188434091 0.0
-1.214306433e-17 0.5198692523 0.0
0.06515689442 0.515769928 0.0
0.09741378391 0.5106609386 0.0
0.191376636 0.4833622065 0.0
0.1606484338 0.49442504 0.0
0.2213495619 0.4703917632 0.0
0.2504489223 0.4555648985 0.0
0.3055714796 0.42058306 0.0
0.2785598753 0.4389401273 0.0
0.3313771329 0.4005661434 0.0
0.3558749921 0.3789683753 0.0
0.3789683753 0.3558749921 0.0
0.4389401273 0.2785598753 0.0
0.4555648985 0.2504489223 0.0
0.4703917632 0.2213495619 0.0
0.4833622065 0.191376636 0.0
0.49442504 0.1606484338 0.0
0.5035366038 0.1292862257 0.0
0.5106609386 0.09741378391 0.0
0.515769928 0.06515689442 0.0
0.5106609386 -0.09741378391 0.0
0.515769928 -0.06515689442 0.0
0.5035366038 -0.1292862257 0.0
0.49442504 -0.1606484338 0.0
0.4389401273 -0.2785598753 0.0
0.3789683753 -0.3558749921 0.0
0.3558749921 -0.3789683753 0.0
0.3313771329 -0.4005661434 0.0
0.2533273034 -0.4608006542 0.0
0.191376636 -0.4833622065 0.0
0.2213495619 -0.4703917632 0.0
0.1606484338 -0.49442504 0.0
-0.0964808126 -0.5057701317 0.0
-0.1292862257 -0.5035366038 0.0
-0.1280479991 -0.4987140295 0.0
0.5148911729 0 0.0
0.09853334947 0.5165299068 0.0
0.06590573521 0.5216976132 0.0
0.1935761059 0.4889174335 0.0
0.162494748 0.5001074109 0.0
0.2238935073 0.4757979224 0.0
0.4439848164 0.2817613323 0.0
0.4254167733 0.309083378 0.0
0.5001074109 0.162494748 0.0
0.4889174335 0.1935761059 0.0
0.5093236928 0.1307720976 0.0
0.5165299068 0.09853334947 0.0
0.5216976132 0.06590573522 0.0
0.5165299068 -0.09853334947 0.0
0.5216976132 -0.06590573522 0.0
0.5093236928 -0.1307720976 0.0
0.4439848164 -0.2817613323 0.0
0.4608006542 -0.2533273034 0.0
0.2533273034 0.4608006542 0.0
0.2817613323 0.4439848164 0.0
0.5188434052 -0.0326428602 0.0
0.4889174335 -0.1935761059 0.0
0.5001074109 -0.162494748 0.0
0.4757979224 -0.2238935073 0.0
0.359965023 -0.3833238158 0.0
0.1292862257 0.5035366038 0.0
0.1346947995 0.5246016079 0.0
0.1014890026 0.5320239829 0.0
0.09987682815 0.5235726687 0.0
0.1325551439 0.5162681997 0.0
0.2856030808 0.4500384433 0.0
0.4500384433 0.2856030808 0.0
0.4312172294 0.313297656 0.0
0.4757979224 0.2238935073 0.0
0.5235726687 0.09987682815 0.0
0.5162681997 0.1325551439 0.0
0.5248064107 -0.0330180207 0.0
0.4900701826 -0.2306095232 0.0
0.5035832328 -0.1993827066 0.0
0.4955837059 -0.1962154699 0.0
0.4822853134 -0.2269462418 0.0
0.3351856127 -0.4051698046 0.0
0.3648730601 -0.3885503445 0.0
0.2856030808 -0.4500384433 0.0
0.313297656 -0.4312172294 0.0
0.2238935073 -0.4757979224 0.0
-0.1307720976 -0.5093236928 0.0
0.1307720976 0.5093236928 0.0
0.4608006542 0.2533273034 0.0
0.467083561 0.2567813606 0.0
0.4822853134 0.2269462418 0.0
0.4312172294 -0.313297656 0.0
0.4500384433 -0.2856030808 0.0
0.2567813606 -0.467083561 0.0
0.2269462418 -0.4822853134 0.0
0.1325551439 -0.5162681997 0.0
0.06680434417 -0.5288108355 0.0
0.03346821396 -0.5319620276 0.0
-0.03346821396 -0.5319620276 0.0
-5.312590645e-17 -0.5330138086 0.0
-0.1325551439 -0.5162681997 0.0
-0.09987682815 -0.5235726687 0.0
0.03400844535 0.5405487598 0.0
-1.517883041e-17 0.5416175182 0.0
0.06680434417 0.5288108355 0.0
0.1647103251 0.506926256 0.0
0.1962154699 0.4955837059 0.0
0.2567813606 0.467083561 0.0
0.4994120256 0.2350054609 0.0
0.4836704351 0.2659000718 0.0
0.4746230492 0.2609262294 0.0
0.4900701826 0.2306095232 0.0
0.5288108356 0.06680434417 0.0
0.5288108356 -0.06680434417 0.0
0.5319620161 -0.03346821323 0.0
0.506926256 -0.1647103251 0.0
0.467083561 -0.2567813606 0.0
0.09987682815 -0.5235726687 0.0
0.03400844535 -0.5405487598 0.0
0.06788267491 -0.5373467023 0.0
-0.06680434417 -0.5288108355 0.0
0.03465672303 0.5508528383 0.0
-1.387778781e-17 0.5519419697 0.0
0.2269462418 0.4822853134 0.0
0.1403434902 0.5466018057 0.0
0.105745143 0.5543354525 0.0
0.1034236119 0.54216556 0.0
0.1372623862 0.5346016978 0.0
0.2609262294 0.4746230492 0.0
0.2306095232 0.4900701826 0.0
0.2957452967 0.4660200183 0.0
0.2902131789 0.4573027956 0.0
0.3183547896 0.4381777767 0.0
0.4023483801 0.377830278 0.0
0.377830278 0.4023483801 0.0
0.3707627046 0.3948221788 0.0
0.3948221788 0.3707627046 0.0
0.5319620161 0.03346821323 0.0
0.5330158467 0 0.0
0.51510887 -0.1673690176 0.0
0.4994120256 -0.2350054609 0.0
0.513182665 -0.2031833907 0.0
0.4465304334 -0.3244233499 0.0
0.4660200183 -0.2957452967 0.0
0.4573027956 -0.2902131789 0.0
0.4381777767 -0.3183547896 0.0
0.3397557885 -0.4106941981 0.0
0.1993827066 -0.5035832328 0.0
0.2306095232 -0.4900701826 0.0
0.1346947995 -0.5246016079 0.0
0.1014890026 -0.5320239829 0.0
-0.1346947995 -0.5246016079 0.0
-0.1014890026 -0.5320239829 0.0
0.06788267491 0.5373467023 0.0
0.06917667181 0.5475897424 0.0
0.1673690176 0.51510887 0.0
0.1993827066 0.5035832328 0.0
0.2659000718 0.4836704351 0.0
0.3452399994 0.4173234703 0.0
0.4113798216 0.3863113661 0.0
0.3863113661 0.4113798216 0.0
0.4573027956 0.2902131789 0.0
0.5246016079 0.1346947995 0.0
0.5320239829 0.1014890026 0.0
0.5373467024 0.06788267492 0.0
0.5405487411 0.03400844418 0.0
0.5373467024 -0.06788267492 0.0
0.5249280069 -0.1705594486 0.0
0.5106222372 -0.240280586 0.0
0.5247019837 -0.2077442116 0.0
0.4746230492 -0.2609262294 0.0
0.4173234703 -0.3452399994 0.0
0.4252785969 -0.3518210525 0.0
0.3183547896 -0.4381777767 0.0
0.3452399994 -0.4173234703 0.0
0.2902131789 -0.4573027956 0.0
0.2957452967 -0.4660200183 0.0
0.2609262294 -0.4746230492 0.0
0.2659000718 -0.4836704351 0.0
0.1673690176 -0.51510887 0.0
0.1705594486 -0.5249280069 0.0
0.2031833907 -0.513182665 0.0
0.1372623862 -0.5346016978 0.0
0.1034236119 -0.54216556 0.0
-4.466912951e-17 -0.5416175182 0.0
-0.03400844535 -0.5405487598 0.0
-0.03465672303 -0.5508528383 0.0
-0.06788267491 -0.5373467023 0.0
-0.06917667181 -0.5475897424 0.0
0.513182665 0.2031833907 0.0
0.5247019837 0.2077442116 0.0
0.54216556 0.1034236119 0.0
0.5346016978 0.1372623862 0.0
0.5405487411 -0.03400844418 0.0
0.5416200874 0 0.0
0.54216556 -0.1034236119 0.0
0.5475897426 -0.06917667182 0.0
0.03465672303 -0.5508528383 0.0
0.06917667181 -0.5475897424 0.0
-0.1403434902 -0.5466018057 0.0
-0.105745143 -0.5543354525 0.0
-0.1034236119 -0.54216556 0.0
-0.1372623862 -0.5346016978 0.0
0.07072946808 0.5598813906 0.0
0.1705594486 0.5249280069 0.0
0.2031833907 0.513182665 0.0
0.2350054609 0.4994120256 0.0
0.2718686827 0.4945272981 0.0
0.302383838 0.4764806856 0.0
0.4660200183 0.2957452967 0.0
0.5249280069 0.1705594486 0.0
0.5543354525 0.105745143 0.0
0.5466018057 0.1403434902 0.0
0.5475897426 0.06917667182 0.0
0.5508528089 0.03465672118 0.0
0.5543354525 -0.105745143 0.0
0.5598813909 -0.07072946811 0.0
0.5346016978 -0.1372623862 0.0
0.5367109712 -0.1743879657 0.0
0.5240744912 -0.2466107363 0.0
0.5385251662 -0.2132171967 0.0
0.4836704351 -0.2659000718 0.0
0.4113798216 -0.3863113661 0.0
0.3244233499 -0.4465304334 0.0
0.3518210525 -0.4252785969 0.0
0.302383838 -0.4764806856 0.0
0.2718686827 -0.4945272981 0.0
0.2350054609 -0.4994120256 0.0
0.1743879657 -0.5367109712 0.0
0.2077442116 -0.5247019837 0.0
0.1403434902 -0.5466018057 0.0
0.105745143 -0.5543354525 0.0
0.03543465624 -0.5632177326 0.0
0.07072946808 -0.5598813906 0.0
-3.6429193e-17 -0.5519419697 0.0
-0.03543465624 -0.5632177326 0.0
-0.07072946808 -0.5598813906 0.0
0.4764806856 0.302383838 0.0
0.4565536215 0.3317056223 0.0
0.5519451763 0 0.0
0.5508528089 -0.03465672118 0.0
0.03543465624 0.5632177326 0.0
-1.994931997e-17 0.5643313115 0.0
0.1085309804 0.5689393235 0.0
0.0725928236 0.5746313684 0.0
0.1789821863 0.5508505283 0.0
0.144040815 0.5610019351 0.0
0.1743879657 0.5367109712 0.0
0.2077442116 0.5247019837 0.0
0.240280586 0.5106222372 0.0
0.3691950326 0.4462801312 0.0
0.3964886718 0.4222175514 0.0
0.4348247489 0.3597183161 0.0
0.4890334863 0.3103500876 0.0
0.5367109712 0.1743879657 0.0
0.5689393235 0.1085309804 0.0
0.5610019351 0.144040815 0.0
0.5598813909 0.07072946811 0.0
0.5780555371 -0.03636817177 0.0
0.579203411 0 0.0
0.564335283 0 0.0
0.5632176873 -0.03543465339 0.0
0.5689393235 -0.1085309804 0.0
0.5746313689 -0.07259282367 0.0
0.5466018057 -0.1403434902 0.0
0.5508505283 -0.1789821863 0.0
0.4945272981 -0.2718686827 0.0
0.4764806856 -0.302383838 0.0
0.3863113661 -0.4113798216 0.0
0.3691950326 -0.4462801312 0.0
0.3597183161 -0.4348247489 0.0
0.3317056223 -0.4565536215 0.0
0.2790310159 -0.5075555337 0.0
0.240280586 -0.5106222372 0.0
0.1789821863 -0.5508505283 0.0
0.1484776048 -0.5782820904 0.0
0.1844952511 -0.5678179969 0.0
0.144040815 -0.5610019351 0.0
0.03636817609 -0.5780556057 0.0
0.0725928236 -0.5746313684 0.0
-3.209238431e-17 -0.5643313115 0.0
-0.0725928236 -0.5746313684 0.0
0.2466107363 0.5240744912 0.0
0.2790310159 0.5075555337 0.0
0.2876258156 0.5231894164 0.0
0.2542069165 0.540217196 0.0
0.5632176873 0.03543465339 0.0
0.5780555371 0.03636817177 0.0
0.5746313689 0.07259282367 0.0
0.03636817609 0.5780556057 0.0
-1.351598133e-17 0.5791985217 0.0
0.2197847788 0.5551129851 0.0
0.1844952511 0.5678179969 0.0
0.2132171967 0.5385251662 0.0
0.3103500876 0.4890334863 0.0
0.3404443492 0.4685814472 0.0
0.4222175514 0.3964886718 0.0
0.4685814472 0.3404443492 0.0
0.4462801312 0.3691950326 0.0
0.5551129851 0.2197847788 0.0
0.5385251662 0.2132171967 0.0
0.5508505283 0.1789821863 0.0
0.5864639687 0.1118739853 0.0
0.5610019351 -0.144040815 0.0
0.5231894164 -0.2876258156 0.0
0.5075555337 -0.2790310159 0.0
0.4890334863 -0.3103500876 0.0
0.5040968472 -0.3199095871 0.0
0.4222175514 -0.3964886718 0.0
0.3964886718 -0.4222175514 0.0
0.3805670923 -0.46002659 0.0
0.2876258156 -0.5231894164 0.0
0.1118739853 -0.5864639687 0.0
0.1085309804 -0.5689393235 0.0
0.3805670923 0.46002659 0.0
0.4087014386 0.4352228271 0.0
0.46002659 0.3805670923 0.0
0.4352228271 0.4087014386 0.0
0.5040968472 0.3199095871 0.0
0.5231894164 0.2876258156 0.0
0.5419500756 0.2979395753 0.0
0.5221728802 0.3313809864 0.0
0.0388326685 0.6172275908 0.0
-1.539567085e-17 0.6184479566 0.0
-1.535236568e-17 0.5970391739 0.0
0.03748839991 0.5958610535 0.0
0.07482885023 0.5923313417 0.0
0.1118739853 0.5864639687 0.0
0.1484776048 0.5782820904 0.0
0.3199095871 0.5040968472 0.0
0.3509308215 0.483014838 0.0
0.3942135639 0.4765223405 0.0
0.4233567589 0.4508291581 0.0
0.483014838 0.3509308215 0.0
0.500334907 0.3635145882 0.0
0.4765223405 0.3942135639 0.0
0.540217196 0.2542069165 0.0
0.5750183678 0.2276658774 0.0
0.5864639687 -0.1118739853 0.0
0.5782820904 -0.1484776048 0.0
0.5678179969 -0.1844952511 0.0
0.5551129851 -0.2197847788 0.0
0.540217196 -0.2542069165 0.0
0.4765223405 -0.3942135639 0.0
0.500334907 -0.3635145882 0.0
0.483014838 -0.3509308215 0.0
0.46002659 -0.3805670923 0.0
0.4352228271 -0.4087014386 0.0
0.4087014386 -0.4352228271 0.0
0.1601907298 -0.6239017005 0.0
0.1990497419 -0.6126121138 0.0
0.1911109287 -0.5881789591 0.0
0.1538017525 -0.5990182768 0.0
0.03748839991 -0.5958610535 0.0
0.2979395753 0.5419500756 0.0
0.3313809864 0.5221728802 0.0
0.1911109287 0.5881789591 0.0
0.2276658774 0.5750183678 0.0
0.2371231956 0.598904827 0.0
0.1990497419 0.6126121138 0.0
0.6135713114 0.07751208241 0.0
0.6172274395 0.03883265897 0.0
0.6428672145 0.04044577689 0.0
0.6390592744 0.08073196092 0.0
0.595860951 0.03748839346 0.0
0.5923313427 0.07482885035 0.0
0.5970451646 0 0.0
0.6184552689 0 0.0
0.595860951 -0.03748839346 0.0
0.5923313427 -0.07482885035 0.0
0.5419500756 -0.2979395753 0.0
0.5221728802 -0.3313809864 0.0
0.3942135639 -0.4765223405 0.0
0.3635145882 -0.500334907 0.0
0.07482885023 -0.5923313417 0.0
-0.07482885023 -0.5923313417 0.0
-0.0388326685 -0.6172275908 0.0
-0.07751208219 -0.6135713097 0.0
0.07751208219 0.6135713097 0.0
0.08073196054 0.6390592714 0.0
0.0404457908 0.6428674356 0.0
0.1158855911 0.607493543 0.0
0.1538017525 0.5990182768 0.0
0.2633223328 0.5595884417 0.0
0.310316087 0.5644628667 0.0
0.3451466657 0.5438641199 0.0
0.3635145882 0.500334907 0.0
0.4409431431 0.4695567551 0.0
0.4105893299 0.4963172412 0.0
0.4508291581 0.4233567589 0.0
0.5211189898 0.3786151083 0.0
0.4963172412 0.4105893299 0.0
0.5644628667 0.310316087 0.0
0.5438641199 0.3451466657 0.0
0.5595884417 0.2633223328 0.0
0.607493543 0.1158855911 0.0
0.6135713114 -0.07751208241 0.0
0.6172274395 -0.03883265897 0.0
0.607493543 -0.1158855911 0.0
0.6327290321 -0.1206995181 0.0
0.6390592744 -0.08073196092 0.0
0.5881789591 -0.1911109287 0.0
0.5750183678 -0.2276658774 0.0
0.5595884417 -0.2633223328 0.0
0.5644628667 -0.310316087 0.0
0.5438641199 -0.3451466657 0.0
0.4508291581 -0.4233567589 0.0
0.4963172412 -0.4105893299 0.0
0.4233567589 -0.4508291581 0.0
0.3313809864 -0.5221728802 0.0
0.2979395753 -0.5419500756 0.0
0.2633223328 -0.5595884417 0.0
0.2276658774 -0.5750183678 0.0
0.2371231956 -0.598904827 0.0
0.2742608324 -0.5828339365 0.0
0.1158855911 -0.607493543 0.0
0.07751208219 -0.6135713097 0.0
0.08073196054 -0.6390592714 0.0
0.1206995181 -0.6327290321 0.0
0.0388326685 -0.6172275908 0.0
-2.786399583e-17 -0.6184479566 0.0
-0.0404457908 -0.6428674356 0.0
-0.08073196054 -0.6390592714 0.0
-0.1158855911 -0.607493543 0.0
-0.1538017525 -0.5990182768 0.0
0.6327290321 0.1206995181 0.0
0.6239017005 0.1601907298 0.0
0.598904827 0.2371231956 0.0
0.6126121138 0.1990497419 0.0
0.6419318995 0.2085763178 0.0
0.6275685781 0.2484719775 0.0
0.5990182768 -0.1538017525 0.0
-1.170938346e-17 0.6441384958 0.0
0.08459581456 0.6696448253 0.0
0.04238153756 0.6736352494 0.0
0.1206995181 0.6327290321 0.0
0.1601907298 0.6239017005 0.0
0.2484719775 0.6275685781 0.0
0.2085763178 0.6419318995 0.0
0.2742608324 0.5828339365 0.0
0.325167901 0.5914782161 0.0
0.3616654809 0.5698936075 0.0
0.3786151083 0.5211189898 0.0
0.4695567551 0.4409431431 0.0
0.5460598892 0.3967357323 0.0
0.520071122 0.4302402491 0.0
0.5828339365 0.2742608324 0.0
0.663011619 0.1264762305 0.0
0.6696448305 0.08459581522 0.0
0.6239017005 -0.1601907298 0.0
0.6126121138 -0.1990497419 0.0
0.6419318995 -0.2085763178 0.0
0.6537618089 -0.1678575026 0.0
0.598904827 -0.2371231956 0.0
0.5828339365 -0.2742608324 0.0
0.5914782161 -0.325167901 0.0
0.5698936075 -0.3616654809 0.0
0.5211189898 -0.3786151083 0.0
0.520071122 -0.4302402491 0.0
0.4105893299 -0.4963172412 0.0
0.3786151083 -0.5211189898 0.0
0.3451466657 -0.5438641199 0.0
0.310316087 -0.5644628667 0.0
0.2484719775 -0.6275685781 0.0
0.2873870319 -0.6107285304 0.0
0.08459581456 -0.6696448253 0.0
0.1264762305 -0.6630116191 0.0
0.0404457908 -0.6428674356 0.0
-2.360850231e-17 -0.6441384958 0.0
-0.04238153756 -0.6736352494 0.0
-0.08459581456 -0.6696448253 0.0
-0.1206995181 -0.6327290321 0.0
-0.1601907298 -0.6239017005 0.0
-1.170938346e-17 0.6749671428 0.0
0.1264762305 0.6630116191 0.0
0.1678575026 0.6537618089 0.0
0.2873870319 0.6107285304 0.0
0.4620468042 0.4920298717 0.0
0.4302402491 0.520071122 0.0
0.4920298717 0.4620468042 0.0
0.5914782161 0.325167901 0.0
0.5698936075 0.3616654809 0.0
0.6107285304 0.2873870319 0.0
0.6537618089 0.1678575026 0.0
0.6736349294 0.04238151743 0.0
0.663011619 -0.1264762305 0.0
0.6696448305 -0.08459581522 0.0
0.6275685781 -0.2484719775 0.0
0.6107285304 -0.2873870319 0.0
0.5460598892 -0.3967357323 0.0
0.4302402491 -0.520071122 0.0
0.3967357323 -0.5460598892 0.0
0.3616654809 -0.5698936075 0.0
0.325167901 -0.5914782161 0.0
0.2085763178 -0.6419318995 0.0
0.1678575026 -0.6537618089 0.0
0.04238153756 -0.6736352494 0.0
-2.360850231e-17 -0.6749671428 0.0
-0.1264762305 -0.6630116191 0.0
-0.1678575026 -0.6537618089 0.0
0.3967357323 0.5460598892 0.0
0.7045478149 1.107822151 0.0
0.7050749489 -1.106935697 0.0
1.485327371 0.5601393988 0.0
1.458842615 0.6575613979 0.0
1.788214257 -1.019800608 0.0
1.682146752 -0.9445716439 0.0
1.691987028 -1.021621032 0.0
1.589990903 -0.9428186872 0.0
1.595651126 -1.021278963 0.0
0.8324419877 -0.9285762548 0.0
0.8009153022 -0.9937807104 0.0
0.8953005509 -1.003585782 0.0
0.8894217637 -0.9217103471 0.0
1.497533001 -0.9376355552 0.0
1.502566842 -1.021623165 0.0
1.196097989 -0.9959931084 0.0
1.272855821 -0.8732007151 0.0
1.030741684 -0.9244802676 0.0
0.96723047 -0.9226979301 0.0
0.9872081411 -1.004281669 0.0
1.087230592 -0.9875709824 0.0
1.043533542 -0.8592920847 0.0
0.9879656866 0.9302971806 0.0
1.079001183 0.9867283944 0.0
1.001235104 1.02919579 0.0
1.107424834 0.8885703814 0.0
1.120442403 0.8221340081 0.0
1.180128865 0.8004956084 0.0
1.198408108 0.891015681 0.0
1.031847642 0.8544034423 0.0
1.065306029 0.7744596925 0.0
1.495055954 0.8651735971 0.0
1.497145363 0.9470797828 0.0
1.395378125 0.8459863363 0.0
1.296096133 0.8777611032 0.0
1.268309942 0.786641295 0.0
0.9615502909 -0.840319437 0.0
0.872919718 -0.8316850916 0.0
2 0.9996413783 0.0
2 0.9003187749 0.0
2.1 0.9003187749 0.0
2.1 1.000358622 0.0
2 1.099681225 0.0
1.9 1.099681225 0.0
1.9 0.9996413783 0.0
1.8 1.099681225 0.0
1.695838136 1.108938463 0.0
2.2 1.099681225 0.0
2.1 1.099681225 0.0
2.2 1.000358622 0.0
2.2 0.9003187749 0.0
2.3 0.9003187749 0.0
2.3 1.000358622 0.0
2.4 1.099681225 0.0
2.3 1.099681225 0.0
2.4 1.000358622 0.0
2.5 1.099681225 0.0
2.5 1.000358622 0.0
2.5 -1.099681225 0.0
2.6 -1.099681225 0.0
2.6 -0.9996413783 0.0
2.5 -0.9996413783 0.0
2.3 -0.9996413783 0.0
2.3 -1.099681225 0.0
2.4 -1.099681225 0.0
2.4 -0.9996413783 0.0
2.2 -0.9996413783 0.0
2.2 -1.099681225 0.0
2.1 -0.9996413783 0.0
2.1 -1.099681225 0.0
2 -1.099681225 0.0
2.000538705 -1.004871704 0.0
1.894202843 -1.007417283 0.0
1.3 -1.099681225 0.0
1.403982728 -1.105073498 0.0
1.2 -1.099681225 0.0
1 -1.099681225 0.0
1.1 -1.099681225 0.0
0.9 -1.099681225 0.0
0.8 -1.099681225 0.0
1.683651675 0.8832932176 0.0
1.792598816 0.8967424252 0.0
1.598892232 1.109632269 0.0
1.591352436 1.030271008 0.0
1.58897444 0.9507278495 0.0
1.590661593 0.8762276339 0.0
1.500982946 1.109874604 0.0
1.500255722 1.027066641 0.0
1.405575749 1.108184948 0.0
1.3 1.099681225 0.0
1.2 1.099681225 0.0
1.196014724 0.9913727828 0.0
1.09482749 1.09830013 0.0
1.000308776 1.107069828 0.0
0.9198668466 0.876026691 0.0
0.9062532263 1.101912469 0.0
0.8 1.099681225 0.0
0.7558465186 0.9190679965 0.0
0.8642214124 0.820428525 0.0
0.811854071 0.8685288623 0.0
1.069488187 -0.7774666894 0.0
1.208419093 -0.8420326219 0.0
1.186832654 -0.7874884721 0.0
1.264751446 -0.7819395705 0.0
1.340582446 0.7845477939 0.0
1.42784898 0.7549820008 0.0
1.330808962 -0.7828425958 0.0
1.385058964 -0.8430449028 0.0
1.493014422 -0.8595445823 0.0
0.9722514909 -0.7431413247 0.0
0.9017839942 -0.7642904811 0.0
1.588023307 -0.8693859364 0.0
1.67852927 -0.8685183941 0.0
1.683969327 -0.7897453712 0.0
0.4979346788 1.127238833 0.0
0.5339070676 0.9699637018 0.0
0.5956666553 0.9385116291 0.0
0.5345695185 -0.9694906215 0.0
0.5959498984 -0.9382338308 0.0
0.6548243409 -0.8974905759 0.0
0.7541697345 -0.917465025 0.0
0.7108846464 -0.8593119226 0.0
0.8033533185 -0.8720845487 0.0
0.7610290046 -0.8158818372 0.0
0.8141336895 -0.7699405444 0.0
0.857109042 -0.7202161233 0.0
0.8138879714 0.7642916789 0.0
0.857983245 0.7175182042 0.0
1.793754828 0.7986909083 0.0
1.899999832 0.800278928 0.0
1.899999582 0.9003187749 0.0
1.992675623 -0.9041395288 0.0
2 0.800278928 0.0
2.1 0.800278928 0.0
2.1 -0.9003187749 0.0
0.4998359941 -1.125750667 0.0
0.4976988113 -1.208986592 0.0
0.5988335923 -1.204303452 0.0
0.7 -1.199721072 0.0
0.8 -1.199721072 0.0
0.9 -1.199721072 0.0
1.1 -1.199721072 0.0
1.2 -1.199721072 0.0
1.3 -1.199721072 0.0
1.4 -1.199721072 0.0
1.599396776 -1.105378543 0.0
1.698370012 -1.105552982 0.0
1.6 -1.199721072 0.0
1.7 -1.199721072 0.0
1.79858735 -1.104835656 0.0
1.8 -1.199721072 0.0
1.902369799 -1.103777052 0.0
1.9 -1.199721072 0.0
2 -1.199721072 0.0
2.1 -1.199721072 0.0
2.2 -1.199721072 0.0
2.1 -0.800278928 0.0
2 -0.800278928 0.0
2.2 -0.9003187749 0.0
2.3 -1.199721072 0.0
2.4 -1.199721072 0.0
2.3 -0.9003187749 0.0
2.4 -0.9003187749 0.0
2.5 -0.9003187749 0.0
2.6 -0.9003187749 0.0
0.214474265 1.08265639 0.0
0.2431075215 1.131994425 0.0
0.1967639723 1.187116574 0.0
0.155277545 1.105714193 0.0
0.3037120749 1.203202219 0.0
0.4035586753 1.129417509 0.0
0.5985825148 1.204660175 0.0
0.497128891 1.209697557 0.0
0.7 1.199721072 0.0
0.8 1.199721072 0.0
0.9 1.199721072 0.0
1 1.199721072 0.0
1.3 1.199721072 0.0
1.2 1.199721072 0.0
1.4 1.199721072 0.0
1.5 1.199721072 0.0
1.6 1.199721072 0.0
1.7 1.199721072 0.0
1.8 1.199721072 0.0
1.9 1.199721072 0.0
2 1.199721072 0.0
2.1 1.199721072 0.0
2.2 -0.800278928 0.0
2.3 -0.800278928 0.0
2.4 -0.800278928 0.0
2.5 -0.800278928 0.0
2.7 -0.9003187749 0.0
2.7 -0.800278928 0.0
2.6 -0.800278928 0.0
2.8 -0.9003187749 0.0
2.9 -0.9003187749 0.0
2.9 -0.800278928 0.0
2.8 -0.800278928 0.0
2.2 1.199721072 0.0
2.2 0.800278928 0.0
2.3 0.800278928 0.0
2.4 0.9003187749 0.0
2.4 0.800278928 0.0
2.4 1.199721072 0.0
2.3 1.199721072 0.0
2.5 1.199721072 0.0
-0.2121605727 -1.07977289 0.0
-0.2405747669 -1.130776086 0.0
-0.1970560053 -1.187621834 0.0
-0.1547972566 -1.105136318 0.0
-0.3125077228 -1.124933534 0.0
-0.303598221 -1.202844585 0.0
0.9064535493 -0.6764901545 0.0
1.261339669 -0.6881361911 0.0
1.5 -1.199721072 0.0
1.501152326 -1.106367675 0.0
1 -1.199721072 0.0
2.5 -1.199721072 0.0
2.6 -1.199721072 0.0
1.889678836 -0.8025875622 0.0
1.782739476 -0.7915699179 0.0
2.5 0.9003187749 0.0
1.687980115 0.7976436448 0.0
0.7634385208 0.8129794514 0.0
0.6545548227 0.8979287452 0.0
0.7108846464 0.8593119226 0.0
1.1 1.199721072 0.0
1.133355007 0.7021914496 0.0
1.134427837 -0.6995544201 0.0
1.024975331 0.6581131157 0.0
1.681017193 -0.6951861105 0.0
1.680654339 0.694656337 0.0
1.794440549 0.7000986352 0.0
0.6145727269 0.8458867901 0.0
0.666473679 0.8056282849 0.0
0.560246337 0.8828069665 0.0
0.5037089107 0.9162431072 0.0
0.4466470921 0.9431949172 0.0
0.3849013042 0.9721497232 0.0
0.321597382 0.9912982676 0.0
0.2582639567 1.007139832 0.0
0.1352933896 1.036555087 0.0
0.1973276739 1.024013622 0.0
0.07882682578 1.115754893 0.0
0.06892496111 1.044165932 0.0
1.790910914e-05 1.119199396 0.0
-1.094176832e-15 1.045573574 0.0
-0.13439998 -1.036322067 0.0
-0.1967311666 -1.021472605 0.0
-0.07892733153 -1.115821634 0.0
-0.0656521079 -1.043510373 0.0
1.142235054e-06 -1.119236413 0.0
-2.17336752e-15 -1.045573574 0.0
0.1977436912 -1.022135974 0.0
0.1345007861 -1.036597099 0.0
0.1551917482 -1.106221654 0.0
0.2152381578 -1.081567571 0.0
0.2574680811 -1.007034996 0.0
0.3217901002 -0.9913184715 0.0
0.3849013042 -0.9721497232 0.0
0.4468405552 -0.9428353544 0.0
0.5037089107 -0.9162431072 0.0
0.560246337 -0.8828069665 0.0
0.6145727269 -0.8458867901 0.0
0.666473679 -0.8056282849 0.0
0.715744364 -0.762190333 0.0
0.7621903329 -0.7157443639 0.0
0.806064935 -0.670143313 0.0
0.8462754941 -0.6250386747 0.0
0.8054508075 0.670011827 0.0
0.8459754537 0.6216532207 0.0
0.9080019739 0.669351686 0.0
1.792213729 -0.6972843868 0.0
1.899999949 -0.7002390812 0.0
2 -0.7002390812 0.0
2 0.7002390812 0.0
2.1 0.7002390812 0.0
0.2 1.299760919 0.0
0.1 1.299760919 0.0
0.09389769951 1.200588364 0.0
0.3 1.299760919 0.0
0.4006843043 1.2069196 0.0
0.4 1.299760919 0.0
0.5 1.299760919 0.0
0.6 1.299760919 0.0
0.7 1.299760919 0.0
0.8 1.299760919 0.0
0.9 1.299760919 0.0
1 1.299760919 0.0
1.1 1.299760919 0.0
1.2 1.299760919 0.0
1.3 1.299760919 0.0
1.4 1.299760919 0.0
1.5 1.299760919 0.0
1.6 1.299760919 0.0
1.7 1.299760919 0.0
1.8 1.299760919 0.0
1.9 1.299760919 0.0
2 1.299760919 0.0
2.1 1.299760919 0.0
2.2 1.299760919 0.0
2.3 1.299760919 0.0
2.4 1.299760919 0.0
2.5 1.299760919 0.0
2.1 -0.7002390812 0.0
2.2 -0.7002390812 0.0
2.3 -0.7002390812 0.0
2.4 -0.7002390812 0.0
2.5 -0.7002390812 0.0
2.6 -0.7002390812 0.0
2.7 -0.7002390812 0.0
2.8 -0.7002390812 0.0
2.9 -0.7002390812 0.0
2.5 -1.299760919 0.0
2.4 -1.299760919 0.0
2.3 -1.299760919 0.0
2.2 -1.299760919 0.0
2.1 -1.299760919 0.0
2 -1.299760919 0.0
1.9 -1.299760919 0.0
1.8 -1.299760919 0.0
1.7 -1.299760919 0.0
1.6 -1.299760919 0.0
2.3 0.7002390812 0.0
2.4 0.7002390812 0.0
2.5 0.800278928 0.0
1.5 -1.299760919 0.0
1.4 -1.299760919 0.0
1.3 -1.299760919 0.0
1.2 -1.299760919 0.0
1.1 -1.299760919 0.0
0.9 -1.299760919 0.0
1 -1.299760919 0.0
0.8 -1.299760919 0.0
0.7 -1.299760919 0.0
0.6 -1.299760919 0.0
0.5 -1.299760919 0.0
0.4043339715 -1.128314196 0.0
0.4009414346 -1.206653776 0.0
0.303851023 -1.203272814 0.0
0.2415726594 -1.13313153 0.0
0.1970941779 -1.187686496 0.0
0.07893190047 -1.115829373 0.0
0.0940065196 -1.200749465 0.0
0.1 -1.299760919 0.0
0.2 -1.299760919 0.0
2.956907971e-06 -1.20511954 0.0
-0.09399583421 -1.200731365 0.0
-0.2 -1.299760919 0.0
-0.1 -1.299760919 0.0
-0.3 -1.299760919 0.0
-0.2667655069 -1.060492415 0.0
2.2 0.7002390812 0.0
-8.094479209e-16 -1.299760919 0.0
1.025124035 -0.6578734626 0.0
8.059099114e-05 1.205026987 0.0
-3.517151848e-16 1.299760919 0.0
-0.256596374 -1.006451235 0.0
1.404833256 -0.5173888115 0.0
1.407211441 -0.4498177045 0.0
1.321743391 -0.4724963927 0.0
1.475428605 -0.5520678167 0.0
1.577649189 -0.5782297344 0.0
1.234310315 0.5790887046 0.0
1.140340113 0.5893154877 0.0
1.044763213 0.5687014611 0.0
1.685451502 -0.5942376827 0.0
1.684749668 0.5940588059 0.0
1.794639841 0.6000638919 0.0
0.7556541982 -0.6251315191 0.0
0.7149107544 -0.6713458845 0.0
0.5254935862 -0.8280453939 0.0
0.4724632442 -0.8594074507 0.0
0.4175683056 -0.887377819 0.0
0.3610254156 -0.9118461124 0.0
0.3030577233 -0.9327157658 0.0
0.2438940006 -0.9499044162 0.0
0.1837677397 -0.9633442278 0.0
0.1229162315 -0.9729821599 0.0
0.0656521079 -1.043510373 0.0
0.06157962908 -0.9787801759 0.0
-1.717376241e-15 -0.9807153937 0.0
-0.06157962908 -0.9787801759 0.0
-0.1229162315 -0.9729821599 0.0
-0.1837677397 -0.9633442278 0.0
-0.2438940006 -0.9499044162 0.0
0.1229162315 0.9729821599 0.0
0.1837677397 0.9633442278 0.0
0.3030577233 0.9327157658 0.0
0.3610254156 0.9118461124 0.0
0.4175683056 0.887377819 0.0
0.4724632442 0.8594074507 0.0
0.5254935862 0.8280453939 0.0
0.715744364 0.762190333 0.0
0.7621903329 0.7157443639 0.0
0.7149107544 0.6713458845 0.0
0.7556541982 0.6251315191 0.0
0.7939598822 0.5798431508 0.0
0.7942980879 -0.5793730531 0.0
1.794401383 -0.5979701684 0.0
1.899999991 -0.6001992343 0.0
1.899999949 0.7002390812 0.0
-1.234285111e-16 1.399800766 0.0
0.1 1.399800766 0.0
0.2 1.399800766 0.0
0.3 1.399800766 0.0
0.4 1.399800766 0.0
0.5 1.399800766 0.0
0.7 1.399800766 0.0
0.6 1.399800766 0.0
0.8 1.399800766 0.0
0.9 1.399800766 0.0
1 1.399800766 0.0
1.1 1.399800766 0.0
1.2 1.399800766 0.0
1.3 1.399800766 0.0
1.4 1.399800766 0.0
1.5 1.399800766 0.0
1.6 1.399800766 0.0
1.7 1.399800766 0.0
1.8 1.399800766 0.0
1.9 1.399800766 0.0
2.1 1.399800766 0.0
2 1.399800766 0.0
2.2 1.399800766 0.0
2.3 1.399800766 0.0
2.4 1.399800766 0.0
2.5 1.399800766 0.0
2 -0.6001992343 0.0
2.1 -0.6001992343 0.0
2.2 -0.6001992343 0.0
2.3 -0.6001992343 0.0
2.4 -0.6001992343 0.0
2.5 -0.6001992343 0.0
2.6 -0.6001992343 0.0
2.7 -0.6001992343 0.0
2.8 -0.6001992343 0.0
2.9 -0.6001992343 0.0
2.5 -1.399800766 0.0
2.4 -1.399800766 0.0
2.3 -1.399800766 0.0
2.2 -1.399800766 0.0
2.1 -1.399800766 0.0
2 -1.399800766 0.0
1.9 -1.399800766 0.0
1.8 -1.399800766 0.0
1.7 -1.399800766 0.0
1.6 -1.399800766 0.0
1.4 -1.399800766 0.0
1.5 -1.399800766 0.0
1.3 -1.399800766 0.0
1.2 -1.399800766 0.0
1.1 -1.399800766 0.0
1 -1.399800766 0.0
0.8 -1.399800766 0.0
0.9 -1.399800766 0.0
0.7 -1.399800766 0.0
0.6 -1.399800766 0.0
0.4 -1.299760919 0.0
0.4 -1.399800766 0.0
0.5 -1.399800766 0.0
0.3 -1.299760919 0.0
0.3 -1.399800766 0.0
0.2 -1.399800766 0.0
0.1 -1.399800766 0.0
-7.008282843e-16 -1.399800766 0.0
-0.2 -1.399800766 0.0
-0.1 -1.399800766 0.0
-0.3 -1.399800766 0.0
2 0.6001992343 0.0
2.1 0.6001992343 0.0
2.5 0.7002390812 0.0
0.8307306774 -0.5297443719 0.0
2.2 0.6001992343 0.0
2.3 0.6001992343 0.0
2.4 0.6001992343 0.0
2.5 0.6001992343 0.0
2.6 0.6001992343 0.0
2.6 0.7002390812 0.0
0.6251315191 0.7556541982 0.0
0.6713458845 0.7149107544 0.0
1.899999991 0.6001992343 0.0
0.8296368358 0.531623884 0.0
0.8712045828 0.4825636366 0.0
1.044900836 -0.5684084623 0.0
1.317193423 0.4690769972 0.0
1.406829769 0.4522590714 0.0
1.230475534 0.4867681261 0.0
1.144732584 0.4891257475 0.0
1.060488539 0.4803312409 0.0
0.9796893423 0.4547715973 0.0
1.242323826 -0.582659628 0.0
1.497902949 -0.4672246038 0.0
1.140713861 -0.5885810736 0.0
1.23459903 -0.4914649085 0.0
1.146822136 -0.4928737988 0.0
1.580093509 0.5801736437 0.0
1.592031676 0.4824308193 0.0
1.693859902 0.4950557151 0.0
1.799940311 0.5001593698 0.0
1.694493681 -0.4935895285 0.0
1.799940311 -0.5001593698 0.0
0.7091363868 0.5866486387 0.0
0.744573041 0.5409639795 0.0
0.6709010954 0.6300180638 0.0
0.6300180638 0.6709010954 0.0
0.5866486387 0.7091363868 0.0
0.5764500451 0.7934154201 0.0
0.5409639795 0.744573041 0.0
0.4931443826 0.7770712055 0.0
0.4433785701 0.8065026249 0.0
0.3918629449 0.832751147 0.0
0.3388008158 0.8557131807 0.0
0.2844015945 0.8752981055 0.0
0.2438940006 0.9499044162 0.0
0.2288799702 0.8914286285 0.0
0.1724550611 0.90404109 0.0
0.06157962908 0.9787801759 0.0
0.05778880839 0.9185268064 0.0
0.1153495507 0.9130857143 0.0
-8.270381159e-16 0.9807153937 0.0
-5.620504062e-16 0.9203428929 0.0
-0.1724550611 -0.90404109 0.0
-0.2288799702 -0.8914286285 0.0
-0.1153495507 -0.9130857143 0.0
-0.05778880839 -0.9185268064 0.0
-1.323594012e-15 -0.9203428929 0.0
0.05778880839 -0.9185268064 0.0
0.1153495507 -0.9130857143 0.0
0.1724550611 -0.90404109 0.0
0.2288799702 -0.8914286285 0.0
0.2844015945 -0.8752981055 0.0
0.3918629449 -0.832751147 0.0
0.3388008158 -0.8557131807 0.0
0.4433785701 -0.8065026249 0.0
0.4931443826 -0.7770712055 0.0
0.5409639795 -0.744573041 0.0
0.5764500451 -0.7934154201 0.0
0.6251315191 -0.7556541982 0.0
0.5866486387 -0.7091363868 0.0
0.6713458845 -0.7149107544 0.0
0.6300180638 -0.6709010954 0.0
0.7091363868 -0.5866486387 0.0
0.6709010954 -0.6300180638 0.0
0.744573041 -0.5409639795 0.0
0.7770712055 -0.4931443826 0.0
0.8745196859 -0.481256422 0.0
0.8124350968 -0.4431045942 0.0
1.9 -0.5001593874 0.0
1.179611964e-16 1.499840613 0.0
0.1 1.499840613 0.0
0.2 1.499840613 0.0
0.3 1.499840613 0.0
0.4 1.499840613 0.0
0.5 1.499840613 0.0
0.6 1.499840613 0.0
0.7 1.499840613 0.0
0.9 1.499840613 0.0
0.8 1.499840613 0.0
1 1.499840613 0.0
1.1 1.499840613 0.0
1.2 1.499840613 0.0
1.3 1.499840613 0.0
1.5 1.499840613 0.0
1.4 1.499840613 0.0
1.6 1.499840613 0.0
1.7 1.499840613 0.0
1.8 1.499840613 0.0
1.9 1.499840613 0.0
2 1.499840613 0.0
2.1 1.499840613 0.0
2.2 1.499840613 0.0
2.3 1.499840613 0.0
2.7 0.6001992343 0.0
2.7 0.7002390812 0.0
2 -0.5001593874 0.0
2.1 -0.5001593874 0.0
2.2 -0.5001593874 0.0
2.3 -0.5001593874 0.0
2.4 -0.5001593874 0.0
2.5 -0.5001593874 0.0
2.6 -0.5001593874 0.0
2.7 -0.5001593874 0.0
2.8 -0.5001593874 0.0
2.9 -0.5001593874 0.0
2.4 -1.499840613 0.0
2.5 -1.499840613 0.0
2.3 -1.499840613 0.0
2.2 -1.499840613 0.0
2.1 -1.499840613 0.0
2 -1.499840613 0.0
1.9 -1.499840613 0.0
1.8 -1.499840613 0.0
1.7 -1.499840613 0.0
1.6 -1.499840613 0.0
1.3 -1.499840613 0.0
1.4 -1.499840613 0.0
1.2 -1.499840613 0.0
1.1 -1.499840613 0.0
1 -1.499840613 0.0
0.9 -1.499840613 0.0
0.8 -1.499840613 0.0
0.7 -1.499840613 0.0
0.6 -1.499840613 0.0
0.5 -1.499840613 0.0
0.4 -1.499840613 0.0
0.2 -1.499840613 0.0
0.3 -1.499840613 0.0
0.1 -1.499840613 0.0
-6.938973701e-16 -1.499840613 0.0
-0.1 -1.499840613 0.0
-0.2 -1.499840613 0.0
-0.3 -1.499840613 0.0
0.9054793767 0.4206665543 0.0
0.8120942381 0.4427373898 0.0
0.908621238 -0.4189710297 0.0
1.592038013 -0.4826074733 0.0
0.7770712055 0.4931443826 0.0
1.500349844 0.4697442498 0.0
0.9797897896 -0.4545385118 0.0
1.060550558 -0.4795890649 0.0
1.147643798 -0.3957800676 0.0
1.147626151 0.4000881353 0.0
0.7296263709 0.463034975 0.0
0.7572608266 0.4163076623 0.0
0.6991124133 0.5079349001 0.0
0.6299385796 0.5915517011 0.0
0.6658393784 0.5508302382 0.0
0.5915517011 0.6299385796 0.0
0.5508302382 0.6658393784 0.0
0.5079349001 0.6991124133 0.0
0.463034975 0.7296263709 0.0
0.4163076623 0.7572608266 0.0
0.3679373735 0.7819067197 0.0
0.318115004 0.8034667842 0.0
0.2670371799 0.8218559324 0.0
0.2149054821 0.8370015907 0.0
0.1619256505 0.8488439862 0.0
0.1083067723 0.8573363822 0.0
0.05426045676 0.8624452632 0.0
-3.138500771e-16 0.8641504667 0.0
-0.1619256505 -0.8488439862 0.0
-0.2149054821 -0.8370015907 0.0
-0.1083067723 -0.8573363822 0.0
-0.05426045676 -0.8624452632 0.0
0.05426045676 -0.8624452632 0.0
-8.847089727e-16 -0.8641504667 0.0
0.1083067723 -0.8573363822 0.0
0.1619256505 -0.8488439862 0.0
0.2149054821 -0.8370015907 0.0
0.2670371799 -0.8218559324 0.0
0.318115004 -0.8034667842 0.0
0.3679373735 -0.7819067197 0.0
0.4163076623 -0.7572608266 0.0
0.463034975 -0.7296263709 0.0
0.5079349001 -0.6991124133 0.0
0.5508302382 -0.6658393784 0.0
0.5915517011 -0.6299385796 0.0
0.6299385796 -0.5915517011 0.0
0.6658393784 -0.5508302382 0.0
0.6991124133 -0.5079349001 0.0
0.7296263709 -0.463034975 0.0
0.7572608266 -0.4163076623 0.0
1.607905369 -0.3912339922 0.0
1.700544898 -0.3973535881 0.0
0.8799815632 0.3142800119 0.0
1.799999722 -0.4001195406 0.0
1.9 -0.4001195406 0.0
1.9 0.5001593874 0.0
1.799999722 0.4001195406 0.0
1.9 0.4001195406 0.0
2 0.5001593874 0.0
2 0.4001195406 0.0
2 -0.4001195406 0.0
2.1 -0.4001195406 0.0
2.2 -0.4001195406 0.0
2.3 -0.4001195406 0.0
2.4 -0.4001195406 0.0
2.5 -0.4001195406 0.0
2.6 -0.4001195406 0.0
2.7 -0.4001195406 0.0
2.9 -0.4001195406 0.0
2.8 -0.4001195406 0.0
1.3 1.599880459 0.0
1.2 1.599880459 0.0
0.8 1.599880459 0.0
0.7 1.599880459 0.0
0.6 1.599880459 0.0
0.5 1.599880459 0.0
0.4 1.599880459 0.0
2.1 0.5001593874 0.0
2.1 0.4001195406 0.0
2.2 0.5001593874 0.0
2.3 0.5001593874 0.0
2.5 0.5001593874 0.0
2.4 0.5001593874 0.0
2.6 0.5001593874 0.0
2.7 0.5001593874 0.0
2.6 0.4001195406 0.0
2.7 0.4001195406 0.0
2.4 -1.599880459 0.0
2.5 -1.599880459 0.0
2.3 -1.599880459 0.0
2.2 -1.599880459 0.0
2.1 -1.599880459 0.0
2 -1.599880459 0.0
1.9 -1.599880459 0.0
1.8 -1.599880459 0.0
1.7 -1.599880459 0.0
1.6 -1.599880459 0.0
1.5 -1.499840613 0.0
1.5 -1.599880459 0.0
1.4 -1.599880459 0.0
1.3 -1.599880459 0.0
1.2 -1.599880459 0.0
1.1 -1.599880459 0.0
1 -1.599880459 0.0
0.9 -1.599880459 0.0
0.8 -1.599880459 0.0
0.7 -1.599880459 0.0
0.5 -1.599880459 0.0
0.6 -1.599880459 0.0
0.4 -1.599880459 0.0
0.3 -1.599880459 0.0
0.2 -1.599880459 0.0
0.1 -1.599880459 0.0
-5.950101523e-16 -1.599880459 0.0
-0.1 -1.599880459 0.0
-0.2 -1.599880459 0.0
-0.4 -1.499840613 0.0
-0.4 -1.599880459 0.0
-0.3 -1.599880459 0.0
1.9 1.599880459 0.0
2 1.599880459 0.0
2.1 1.599880459 0.0
1.8 1.599880459 0.0
1.7 1.599880459 0.0
1.6 1.599880459 0.0
1.5 1.599880459 0.0
1.4 1.599880459 0.0
1.1 1.599880459 0.0
1 1.599880459 0.0
0.9 1.599880459 0.0
2.3 0.4001195406 0.0
2.2 0.4001195406 0.0
2.4 0.4001195406 0.0
2.5 0.4001195406 0.0
0.3 1.599880459 0.0
0.2 1.599880459 0.0
0.1 1.599880459 0.0
1.377394503e-16 1.599880459 0.0
0.8798647185 -0.3163955277 0.0
0.8270334613 -0.2737622415 0.0
1.699289109 0.397834343 0.0
1.361206449 0.2530984773 0.0
1.607905369 0.3912339922 0.0
1.142993437 -0.2953023168 0.0
1.142266162 0.2950432972 0.0
0.9213836893 -0.2498200236 0.0
1.704689078 -0.2981561163 0.0
1.8 -0.3000796937 0.0
0.8240773116 0.2753996794 0.0
0.7112568946 0.3910167867 0.0
0.7344055388 0.3455850145 0.0
0.6853012444 0.4349053943 0.0
0.6566410233 0.4770776291 0.0
0.6253893401 0.5173670563 0.0
0.5556146722 0.5916695308 0.0
0.5916695308 0.5556146722 0.0
0.5173670563 0.6253893401 0.0
0.4770776291 0.6566410233 0.0
0.4349053943 0.6853012444 0.0
0.3910167867 0.7112568946 0.0
0.3455850145 0.7344055388 0.0
0.2987893761 0.7546558198 0.0
0.2508145525 0.7719278191 0.0
0.2018498785 0.7861533719 0.0
0.1520885952 0.7972763366 0.0
0.1017270877 0.8052528157 0.0
0.05096410988 0.8100513299 0.0
-0.1520885952 -0.7972763366 0.0
-0.2018498785 -0.7861533719 0.0
-0.1017270877 -0.8052528157 0.0
-0.05096410988 -0.8100513299 0.0
-5.846018114e-16 -0.8116529416 0.0
0.05096410988 -0.8100513299 0.0
0.1017270877 -0.8052528157 0.0
0.1520885952 -0.7972763366 0.0
0.2018498785 -0.7861533719 0.0
0.2987893761 -0.7546558198 0.0
0.2508145525 -0.7719278191 0.0
0.3455850145 -0.7344055388 0.0
0.3910167867 -0.7112568946 0.0
0.4349053943 -0.6853012444 0.0
0.4770776291 -0.6566410233 0.0
0.5173670563 -0.6253893401 0.0
0.5556146722 -0.5916695308 0.0
0.5916695308 -0.5556146722 0.0
0.6253893401 -0.5173670563 0.0
0.6566410233 -0.4770776291 0.0
0.6853012444 -0.4349053943 0.0
0.7112568946 -0.3910167867 0.0
0.7344055388 -0.3455850145 0.0
0.7546558198 -0.2987893761 0.0
2 0.3000796937 0.0
2.1 0.3000796937 0.0
2.3 0.3000796937 0.0
2.4 0.3000796937 0.0
2.5 0.3000796937 0.0
2.2 1.599880459 0.0
2.3 1.599880459 0.0
1.4 1.699920306 0.0
1.3 1.699920306 0.0
0.9 1.699920306 0.0
0.8 1.699920306 0.0
2.5 -1.699920306 0.0
2.4 -1.699920306 0.0
2.3 -1.699920306 0.0
2.2 -1.699920306 0.0
2.1 -1.699920306 0.0
0.4 1.699920306 0.0
0.3 1.699920306 0.0
1.9 -0.3000796937 0.0
2 -0.3000796937 0.0
2.1 -0.3000796937 0.0
2.3 -0.3000796937 0.0
2.2 -0.3000796937 0.0
2.4 -0.3000796937 0.0
2.5 -0.3000796937 0.0
2.6 -0.3000796937 0.0
2.7 -0.3000796937 0.0
2.8 -0.3000796937 0.0
2.9 -0.3000796937 0.0
2 -1.699920306 0.0
1.9 -1.699920306 0.0
1.8 -1.699920306 0.0
1.6 -1.699920306 0.0
1.7 -1.699920306 0.0
1.5 -1.699920306 0.0
1.4 -1.699920306 0.0
1.3 -1.699920306 0.0
1.2 -1.699920306 0.0
1.1 -1.699920306 0.0
1 -1.699920306 0.0
0.9 -1.699920306 0.0
0.8 -1.699920306 0.0
0.7 -1.699920306 0.0
0.6 -1.699920306 0.0
0.5 -1.699920306 0.0
0.4 -1.699920306 0.0
0.3 -1.699920306 0.0
0.2 -1.699920306 0.0
-4.680480565e-16 -1.699920306 0.0
0.1 -1.699920306 0.0
-0.1 -1.699920306 0.0
-0.2 -1.699920306 0.0
-0.3 -1.699920306 0.0
-0.4 -1.699920306 0.0
0.9194091911 0.2496942907 0.0
0.7735127715 -0.2494816045 0.0
0.8499152131 -0.214265448 0.0
0.7702403426 0.2546512893 0.0
2.2 0.3000796937 0.0
2.2 1.699920306 0.0
2.3 1.699920306 0.0
2.1 1.699920306 0.0
1.6 1.699920306 0.0
1.7 1.699920306 0.0
1.1 1.699920306 0.0
1.2 1.699920306 0.0
1 1.699920306 0.0
0.7 1.699920306 0.0
0.6 1.699920306 0.0
0.5 1.699920306 0.0
0.2 1.699920306 0.0
0.1 1.699920306 0.0
1.387778781e-17 1.699920306 0.0
0.7546558198 0.2987893761 0.0
1.3629123 -0.249000964 0.0
1.699665921 0.3000791359 0.0
0.8025714404 0.1139067899 0.0
0.8634571049 0.1426401812 0.0
0.9409848989 0.1683224435 0.0
1.036402853 0.1899524053 0.0
1.246941511 0.1847930693 0.0
1.337511712 0.1598781261 0.0
1.697475785 -0.1957974312 0.0
1.141608312 -0.1939648222 0.0
1.036646083 -0.1896444477 0.0
0.7092274273 -0.2808030031 0.0
0.6901961626 -0.3247816611 0.0
0.6684410089 -0.3674785543 0.0
0.6440478239 -0.4087251776 0.0
0.6171128764 -0.4483587493 0.0
0.5221680589 -0.5560525052 0.0
0.4862228538 -0.5877424663 0.0
0.4483587493 -0.6171128764 0.0
0.4087251776 -0.6440478239 0.0
0.3247816611 -0.6901961626 0.0
0.2808030031 -0.7092274273 0.0
0.2357161439 -0.7254596955 0.0
0.1896990207 -0.7388289056 0.0
0.1429332422 -0.7492822956 0.0
0.09560337151 -0.7567786107 0.0
0.04789619796 -0.7612882663 0.0
-2.827599266e-16 -0.762793465 0.0
-0.09560337151 -0.7567786107 0.0
-0.1429332422 -0.7492822956 0.0
-1.214306433e-16 0.8116529416 0.0
-1.29610608e-17 0.762793465 0.0
0.04789619796 0.7612882663 0.0
0.1429332422 0.7492822956 0.0
0.1896990207 0.7388289056 0.0
0.2357161439 0.7254596955 0.0
0.2808030031 0.7092274273 0.0
0.3247816611 0.6901961626 0.0
0.3674785543 0.6684410089 0.0
0.4087251776 0.6440478239 0.0
0.4862228538 0.5877424663 0.0
0.5221680589 0.5560525052 0.0
0.5877424663 0.4862228538 0.0
0.6171128764 0.4483587493 0.0
0.6440478239 0.4087251776 0.0
0.6684410089 0.3674785543 0.0
0.6901961626 0.3247816611 0.0
0.7092274273 0.2808030031 0.0
0.7254596955 0.2357161439 0.0
0.7371297053 0.1920480237 0.0
1.8 0.3000796937 0.0
1.9 0.3000796937 0.0
2.6 0.3000796937 0.0
2.7 0.3000796937 0.0
1.8 -0.2000398469 0.0
1.9 -0.2000398469 0.0
2 -0.2000398469 0.0
2.1 -0.2000398469 0.0
2.2 -0.2000398469 0.0
2.3 -0.2000398469 0.0
2.4 -0.2000398469 0.0
2.5 -0.2000398469 0.0
2.6 -0.2000398469 0.0
2.7 -0.2000398469 0.0
2.9 -0.2000398469 0.0
2.8 -0.2000398469 0.0
2.3 1.799960153 0.0
2.2 1.799960153 0.0
2.1 1.799960153 0.0
2 1.699920306 0.0
1.9 1.699920306 0.0
1.8 1.699920306 0.0
1.5 1.699920306 0.0
1.5 1.799960153 0.0
1.4 1.799960153 0.0
1.3 1.799960153 0.0
1.2 1.799960153 0.0
0.6 1.799960153 0.0
0.5 1.799960153 0.0
0.4 1.799960153 0.0
2.5 -1.799960153 0.0
2.4 -1.799960153 0.0
2.3 -1.799960153 0.0
2.2 -1.799960153 0.0
2.1 -1.799960153 0.0
2 -1.799960153 0.0
1.9 -1.799960153 0.0
1.8 -1.799960153 0.0
1.6 -1.799960153 0.0
1.7 -1.799960153 0.0
1.5 -1.799960153 0.0
1.4 -1.799960153 0.0
1.3 -1.799960153 0.0
1.2 -1.799960153 0.0
1.1 -1.799960153 0.0
1 -1.799960153 0.0
0.9 -1.799960153 0.0
0.8 -1.799960153 0.0
0.7 -1.799960153 0.0
0.6 -1.799960153 0.0
0.5 -1.799960153 0.0
0.4 -1.799960153 0.0
0.3 -1.799960153 0.0
0.2 -1.799960153 0.0
0.1 -1.799960153 0.0
-3.61268223e-16 -1.799960153 0.0
-0.1 -1.799960153 0.0
-0.2 -1.799960153 0.0
-0.3 -1.799960153 0.0
0.7910358686 -0.1952251411 0.0
0.8643415924 -0.1438208705 0.0
0.7398358943 -0.1885654164 0.0
0.7254596955 -0.2357161439 0.0
2 1.799960153 0.0
1.9 1.799960153 0.0
1.8 1.799960153 0.0
1.7 1.799960153 0.0
1.6 1.799960153 0.0
0.2 1.799960153 0.0
0.3 1.799960153 0.0
0.1 1.799960153 0.0
1.696219996 0.1962781861 0.0
1.8 0.2000398469 0.0
1.9 0.2000398469 0.0
2 0.2000398469 0.0
2.6 0.2000398469 0.0
2.5 0.2000398469 0.0
2.7 0.2000398469 0.0
-0.4 -1.799960153 0.0
1.142174129 0.19515356 0.0
0.942522981 -0.1684388434 0.0
1.24701364 -0.1848104711 0.0
1.33733792 -0.1602707497 0.0
1.512660657 -0.07569367619 0.0
1.512313459 0.07542575496 0.0
1.59938188 0.09010487918 0.0
1.59946868 -0.09017185949 0.0
1.326426898 0.07778669627 0.0
1.239527974 0.09064992225 0.0
1.142351821 0.1000199234 0.0
1.32599615 -0.0783026823 0.0
1.23943832 -0.0907832692 0.0
1.042351821 0.09602976482 0.0
1.042351821 -0.09602976482 0.0
0.9502922912 -0.08438790217 0.0
0.7447438974 0.1452134886 0.0
0.7533765848 0.09927240733 0.0
0.666993389 0.2640813644 0.0
0.6822590359 0.2216793987 0.0
0.6490954238 0.3054411215 0.0
0.6286357756 0.3455954421 0.0
0.6056951891 0.3843858554 0.0
0.5803642004 0.4216592733 0.0
0.5527427794 0.4572685948 0.0
0.5560525052 0.5221680589 0.0
0.5229399352 0.4910732859 0.0
0.4910732859 0.5229399352 0.0
0.4572685948 0.5527427794 0.0
0.4483587493 0.6171128764 0.0
0.4216592733 0.5803642004 0.0
0.3843858554 0.6056951891 0.0
0.3455954421 0.6286357756 0.0
0.3054411215 0.6490954238 0.0
0.2640813644 0.666993389 0.0
0.2216793987 0.6822590359 0.0
0.1784025657 0.6948321182 0.0
0.1344216593 0.7046630155 0.0
0.08991025206 0.7117129299 0.0
0.09560337151 0.7567786107 0.0
0.04504401009 0.7159540384 0.0
4.510281038e-17 0.7173696034 0.0
-0.1896990207 -0.7388289056 0.0
-0.1344216593 -0.7046630155 0.0
-0.1784025657 -0.6948321182 0.0
-0.08991025206 -0.7117129299 0.0
-0.04789619796 -0.7612882663 0.0
-0.04504401009 -0.7159540384 0.0
-1.353084311e-16 -0.7173696034 0.0
0.04504401009 -0.7159540384 0.0
0.08991025206 -0.7117129299 0.0
0.1344216593 -0.7046630155 0.0
0.1784025657 -0.6948321182 0.0
0.2216793987 -0.6822590359 0.0
0.2640813644 -0.666993389 0.0
0.3054411215 -0.6490954238 0.0
0.3674785543 -0.6684410089 0.0
0.3455954421 -0.6286357756 0.0
0.3843858554 -0.6056951891 0.0
0.4216592733 -0.5803642004 0.0
0.4572685948 -0.5527427794 0.0
0.4910732859 -0.5229399352 0.0
0.5560525052 -0.5221680589 0.0
0.5229399352 -0.4910732859 0.0
0.5877424663 -0.4862228538 0.0
0.5527427794 -0.4572685948 0.0
0.5803642004 -0.4216592733 0.0
0.6056951891 -0.3843858554 0.0
0.6286357756 -0.3455954421 0.0
0.6490954238 -0.3054411215 0.0
0.666993389 -0.2640813644 0.0
0.6822590359 -0.2216793987 0.0
0.6948321182 -0.1784025657 0.0
0.7023235146 -0.134299558 0.0
0.8735760165 -0.07032325181 0.0
1.7 -0.1 0.0
1.8 -0.1 0.0
1.9 -0.1 0.0
2 -0.1 0.0
2.1 -0.1 0.0
2.2 -0.1 0.0
2.4 -0.1 0.0
2.3 -0.1 0.0
2.5 -0.1 0.0
2.6 -0.1 0.0
2.7 -0.1 0.0
2.8 -0.1 0.0
2.9 -0.1 0.0
1.8 0.1 0.0
1.9 0.1 0.0
2 0.1 0.0
2.1 0.2000398469 0.0
2.1 0.1 0.0
2.2 0.2000398469 0.0
2.2 0.1 0.0
2.3 0.2000398469 0.0
2.3 0.1 0.0
2.4 0.2000398469 0.0
2.4 0.1 0.0
2.5 0.1 0.0
2.6 0.1 0.0
2.7 0.1 0.0
1.8 1.9 0.0
1.7 1.9 0.0
1.4 1.9 0.0
1.3 1.9 0.0
1.1 1.799960153 0.0
1 1.799960153 0.0
0.8 1.799960153 0.0
0.7 1.799960153 0.0
-9.36750677e-17 1.799960153 0.0
2.5 -1.9 0.0
2.4 -1.9 0.0
2.3 -1.9 0.0
2.2 -1.9 0.0
2.1 -1.9 0.0
2 -1.9 0.0
1.9 -1.9 0.0
1.8 -1.9 0.0
1.7 -1.9 0.0
1.6 -1.9 0.0
1.5 -1.9 0.0
1.3 -1.9 0.0
1.4 -1.9 0.0
1.1 -1.9 0.0
1.2 -1.9 0.0
1 -1.9 0.0
0.9 -1.9 0.0
0.7 -1.9 0.0
0.8 -1.9 0.0
0.6 -1.9 0.0
0.5 -1.9 0.0
0.4 -1.9 0.0
0.3 -1.9 0.0
0.2 -1.9 0.0
0.1 -1.9 0.0
-2.310539223e-16 -1.9 0.0
0.8101179991 -0.06193673473 0.0
-0.1 -1.9 0.0
-0.2 -1.9 0.0
-0.4 -1.9 0.0
-0.3 -1.9 0.0
0.8735760165 0.07032325181 0.0
0.9502922912 0.08438790217 0.0
0.8096457876 0.05860270984 0.0
0.7580857758 0.05074070856 0.0
0.7080003389 -0.08938313727 0.0
1.1 1.9 0.0
1.2 1.9 0.0
0.9 1.9 0.0
0.9 1.799960153 0.0
1 1.9 0.0
0.8 1.9 0.0
0.7 1.9 0.0
0.6 1.9 0.0
0.5 1.9 0.0
0.4 1.9 0.0
0.3 1.9 0.0
0.2 1.9 0.0
0.1 1.9 0.0
-4.267510514e-16 1.9 0.0
1.141437568 -0.09519446405 0.0
0.7563705968 -0.04883559154 0.0
1.7 0.1 0.0
0.7046630151 0.1344216619 0.0
0.6948321182 0.1784025657 0.0
2.1 1.9 0.0
2.2 1.9 0.0
2 1.9 0.0
1.9 1.9 0.0
0.7098204046 0.08913375928 0.0
2.3 0 0.0
2.2 0 0.0
2.1 0 0.0
2 0 0.0
1.9 0 0.0
1.8 0 0.0
1.7 0 0.0
1.6 0 0.0
1.330560666 0 0.0
1.242391668 0 0.0
1.142351821 0 0.0
1.042351821 0 0.0
0.9502922912 0 0.0
0.7129632332 -0.04513776899 0.0
0.8735760165 0 0.0
0.8096457876 0 0.0
0.7563705968 0 0.0
2.1 2 0.0
2 2 0.0
1.9 2 0.0
1.8 2 0.0
1.7 2 0.0
1.6 1.9 0.0
1.6 2 0.0
1.5 1.9 0.0
1.5 2 0.0
2.6 0 0.0
2.5 0 0.0
2.4 0 0.0
2.5 -2 0.0
2.4 -2 0.0
2.3 -2 0.0
2.2 -2 0.0
2.1 -2 0.0
2 -2 0.0
1.9 -2 0.0
1.8 -2 0.0
1.7 -2 0.0
1.6 -2 0.0
1.5 -2 0.0
1.4 -2 0.0
1.3 -2 0.0
1.2 -2 0.0
1.1 -2 0.0
1 -2 0.0
0.9 -2 0.0
0.8 -2 0.0
0.7 -2 0.0
0.6 -2 0.0
0.4 -2 0.0
0.5 -2 0.0
0.3 -2 0.0
0.2 -2 0.0
0.1 -2 0.0
-2.220446049e-16 -2 0.0
-0.1 -2 0.0
-0.3 -2 0.0
-0.2 -2 0.0
-0.4 -2 0.0
-0.5 -2 0.0
-0.5 -1.9 0.0
1.3 2 0.0
1.2 2 0.0
1.1 2 0.0
1 2 0.0
0.9 2 0.0
0.8 2 0.0
0.7 2 0.0
0.6 2 0.0
0.5 2 0.0
0.4 2 0.0
0.3 2 0.0
0.2 2 0.0
0.1 2 0.0
-4.440892099e-16 2 0.0
1.45 0 0.0
1.5 0 0.0
1.4 0 0.0
0.7119746045 0 0.0
0.7129501338 0.04508771706 0.0
1.4 2 0.0
2.8 0 0.0
2.7 0 0.0
2.3 2 0.0
2.2 2 0.0
2.3 1.9 0.0
1.495243468 -5.3128573 0.0
1.88285669 -4.597887359 0.0
1.226595029 -4.554944794 0.0
0.2833250933 -4.085020206 0.0
-0.09617086966 -4.096393411 0.0
0.1313545787 -4.648351901 0.0
2.747600152 -4.070704162 0.0
2.27909154 -4.060963632 0.0
2.460486914 -4.661949459 0.0
1.474220401 -4.058473874 0.0
1.039738638 -4.033105832 0.0
0.6340685344 -3.611571534 0.0
0.7984028774 -3.248207805 0.0
0.6114993688 -3.273559477 0.0
1.068357856 -3.644623365 0.0
1.245967859 -3.280844958 0.0
0.999593023 -3.260621717 0.0
0.6065230122 3.618185 0.0
0.4097560302 3.274287387 0.0
0.6001470185 3.272574496 0.0
1.502041864 3.667201369 0.0
1.388759998 3.255098685 0.0
1.608044494 3.252889114 0.0
1.994879636 3.6151059 0.0
1.808679876 3.248695894 0.0
1.997770408 3.269530246 0.0
0.413860116 -3.280665157 0.0
0.782082881 3.251170148 0.0
1.185512718 3.262176519 0.0
1.038472355 3.671128166 0.0
0.9715207383 3.259738572 0.0
2.187558775 3.252294598 0.0
2.286635488 -3.658724641 0.0
2.371262923 -3.256257268 0.0
2.137329626 -3.258095073 0.0
1.701628944 -3.282709705 0.0
1.866626509 -3.671050512 0.0
1.933854959 -3.270863927 0.0
-0.4407082258 -3.695195749 0.0
-0.3096760751 -3.292226783 0.0
-0.5601257618 -3.286952644 0.0
0.1732456806 -2.50274067 0.0
0.1905635459 -2.343680233 0.0
0.09739131821 -2.3312947 0.0
0.9964465362 -2.532704706 0.0
1.01591559 -2.341030403 0.0
0.9049038106 -2.351563539 0.0
1.213214866 2.535462717 0.0
1.186569123 2.341507607 0.0
1.295056657 2.346099786 0.0
0.5049038106 -2.346767868 0.0
0.6 -2.515241669 0.0
0.6009618943 -2.352540644 0.0
1.222723335 -2.503208103 0.0
1.20842534 -2.343999381 0.0
1.115649453 -2.332934573 0.0
1.476434682 -2.49989223 0.0
1.49242315 -2.341199387 0.0
1.40204498 -2.332712064 0.0
2.002673247 2.515307231 0.0
2.000221202 2.347241333 0.0
2.091951841 2.339939549 0.0
1.695096189 2.345086378 0.0
1.6 2.515241669 0.0
1.6 2.348230344 0.0
0.6 2.515241669 0.0
0.5990381057 2.352540644 0.0
0.6950961894 2.346767868 0.0
1.90552414 2.345101591 0.0
2.213214866 2.541769797 0.0
2.185572405 2.341030403 0.0
2.295096189 2.351563539 0.0
1.002176012 2.5055014 0.0
1 2.348230344 0.0
1.090838772 2.336062456 0.0
1.995096189 -2.345086378 0.0
1.9 -2.348230344 0.0
1.9 -2.515241669 0.0
1.804903811 -2.345086378 0.0
0.2950961894 2.346767868 0.0
0.2 2.515241669 0.0
0.1990381057 2.352540644 0.0
1.504903811 2.345086378 0.0
0.5047277717 2.344418264 0.0
-0.07842608999 -2.500691126 0.0
-0.0008778373263 -2.329831527 0.0
-0.09251526149 -2.342187695 0.0
1.591518481 -2.342584059 0.0
2.309718716 -2.343617891 0.0
2.211143771 -2.341592394 0.0
2.327101744 -2.50253768 0.0
2.401381313 -2.331554056 0.0
-0.190018392 -2.340657679 0.0
0.9049038106 2.345086378 0.0
-0.4064212521 -2.339122458 0.0
-0.5011710773 -2.340975487 0.0
-0.5083492826 -2.497750766 0.0
0.1047277717 2.344418264 0.0
0.6952722283 -2.344418264 0.0
1.302267843 -2.334235938 0.0
0.2900930712 -2.344215993 0.0
-0.3780623888 -5.352448051 0.0
0.1584732146 -5.231244048 0.0
-0.4142094495 -4.718599671 0.0
0.8212362221 -5.209159798 0.0
0.6934216324 -4.63912507 0.0
2.3 -5.359266171 0.0
-0.4340998598 -4.153899849 0.0
0.6523896687 -4.105658186 0.0
-0.09339912807 -3.703733579 0.0
1.884509615 -4.112950849 0.0
0.240701602 -3.692675585 0.0
2.731458784 -3.656602633 0.0
1.471624402 -3.674545562 0.0
1.477292844 -3.324034497 0.0
2.580629398 -3.260081569 0.0
0.2 3.69669945 0.0
-0.1909346724 3.637687788 0.0
-0.00805179382 3.276297442 0.0
0.2 3.321637038 0.0
-0.07741901879 -3.330669571 0.0
0.1841102743 -3.329850783 0.0
1 3.011368953 0.0
1.2 3.011368953 0.0
2.578982108 -3.014908445 0.0
2.350886459 -3.014987631 0.0
1.912617788 -3.018753269 0.0
1.696627902 -3.024015407 0.0
1.472936408 -3.032008432 0.0
1.239623412 -3.017152881 0.0
0.1679092058 -3.036075344 0.0
-0.07246147442 -3.028628713 0.0
-0.3051908294 -2.770289326 0.0
-0.5351141888 -2.758029872 0.0
-0.5519513529 -3.022678677 0.0
-0.3124268789 -3.0184035 0.0
-0.07322224979 -2.763278232 0.0
0.1642775947 -2.763188522 0.0
0.3957104287 -3.022633358 0.0
0.3910693987 -2.767519001 0.0
0.6 -3.011368953 0.0
0.5982816014 -2.765756962 0.0
0.802057007 -2.768898227 0.0
0.8 -3.011368953 0.0
1.015034029 -3.017233761 0.0
1.008228028 -2.768705428 0.0
1.231092949 -2.761745323 0.0
1.467192538 -2.760448352 0.0
1.691798134 -2.766833958 0.0
1.900447229 -2.765050053 0.0
2.119541062 -3.015083687 0.0
2.109990782 -2.766755634 0.0
2.339963126 -2.760135052 0.0
2.575702076 -2.759764289 0.0
2.001494241 2.764309341 0.0
2.203303716 2.765321102 0.0
2.2 3.011368953 0.0
2 3.011368953 0.0
1.8 3.011368953 0.0
1.8 2.765240078 0.0
1.6 3.011368953 0.0
1.600206482 2.764877163 0.0
1.4 3.011368953 0.0
1.400825929 2.767657953 0.0
1.203303716 2.763744332 0.0
1 2.754072829 0.0
0.8 3.011368953 0.0
0.8 2.765240078 0.0
0.6 3.011368953 0.0
0.6 2.764942619 0.0
0.4 2.767919778 0.0
0.4 3.011368953 0.0
0.2 3.024611943 0.0
0.2 2.76479163 0.0
-7.25923651e-16 2.765240078 0.0
-0.003684303605 3.021546857 0.0
-0.3 -2.5414457 0.0
0.3910787698 -2.537720116 0.0
0.8 -2.5414457 0.0
1.692058204 -2.536836745 0.0
2.109273131 -2.537478527 0.0
2.578935215 -2.501334253 0.0
1.8 2.5414457 0.0
1.4 2.5414457 0.0
0.8 2.5414457 0.0
0.4 2.5414457 0.0
1.609823386e-15 2.5414457 0.0
0.8 -2.365379124 0.0
1.4 2.365379124 0.0
-0.2992904914 -2.365447968 0.0
0.8 2.365379124 0.0
2.1 -2.365379124 0.0
1.7 -2.365379124 0.0
4.649058916e-16 2.365379124 0.0
2.196086613 2.223733974 0.0
2.298774047 2.225789645 0.0
2.1 2.220143006 0.0
2 2.220143006 0.0
1.9 2.220143006 0.0
-5.482496887e-16 2.226416284 0.0
0.1 2.220143006 0.0
0.4 2.365379124 0.0
0.2 2.220143006 0.0
0.3 2.220143006 0.0
0.4 2.226416284 0.0
1.8 2.365379124 0.0
1.8 2.226416284 0.0
1.7 2.220143006 0.0
1.6 2.220143006 0.0
1.5 2.220143006 0.0
1.4 2.226416284 0.0
1.298764164 2.225229879 0.0
1.2 2.220143006 0.0
1.1 2.220143006 0.0
1 2.220143006 0.0
0.9012259526 2.225001116 0.0
0.8 2.226416284 0.0
0.7 2.220143006 0.0
0.6 2.220143006 0.0
-0.4 -2.220143006 0.0
-0.5 -2.220143006 0.0
-0.3 -2.228343187 0.0
-0.1975647164 -2.224808447 0.0
-0.1002404736 -2.225197172 0.0
-4.996003611e-16 -2.220143006 0.0
0.3 -2.220143006 0.0
0.2 -2.220143006 0.0
0.1 -2.220143006 0.0
0.4 -2.365379124 0.0
0.5 -2.220143006 0.0
0.4 -2.226416284 0.0
0.6 -2.220143006 0.0
0.7 -2.220143006 0.0
0.8 -2.226416284 0.0
0.9012259526 -2.225789645 0.0
1.004285386 -2.22362917 0.0
1.10498371 -2.220435625 0.0
1.2 -2.220143006 0.0
1.3 -2.220143006 0.0
1.4 -2.220143006 0.0
1.5 -2.220143006 0.0
1.6 -2.220143006 0.0
1.7 -2.226416284 0.0
1.8 -2.220143006 0.0
1.9 -2.220143006 0.0
2.1 -2.226416284 0.0
2 -2.220143006 0.0
2.202785943 -2.224865178 0.0
2.3 -2.226416284 0.0
2.4 -2.220143006 0.0
2.500142476 -2.333711174 0.0
2.5 -2.220143006 0.0
0.2 2.106294689 0.0
0.3 2.105035751 0.0
0.5 2.220143006 0.0
0.7 2.106609424 0.0
0.8 2.108256427 0.0
0.9 2.108358796 0.0
1 2.105035751 0.0
1.4 2.107863009 0.0
1.5 2.105035751 0.0
1.6 2.107966382 0.0
1.7 2.106686769 0.0
2.1 2.106712612 0.0
2.2 2.107972842 0.0
-0.4 -2.106294689 0.0
-0.5 -2.105035751 0.0
-0.3 -2.109918407 0.0
-0.1994062087 -2.110989278 0.0
-0.1000601184 -2.109230258 0.0
-8.861694441e-17 -2.106688107 0.0
0.1 -2.106609424 0.0
0.2 -2.106294689 0.0
0.3 -2.105035751 0.0
0.4 -2.109121947 0.0
0.5 -2.105035751 0.0
0.6 -2.106294689 0.0
0.7 -2.106609424 0.0
0.8 -2.109515365 0.0
0.9003064882 -2.110714659 0.0
1 -2.107553627 0.0
1.1 -2.105035751 0.0
1.2 -2.106294689 0.0
1.3 -2.107868362 0.0
1.4 -2.105035751 0.0
1.5 -2.106294689 0.0
1.6 -2.106609424 0.0
1.9 -2.106294689 0.0
1.8 -2.105035751 0.0
1.7 -2.109515365 0.0
2.1 -2.109515365 0.0
2 -2.106609424 0.0
2.200696486 -2.110560888 0.0
2.3 -2.107863009 0.0
2.4 -2.108575176 0.0
2.5 -2.106294689 0.0
-7.494776119e-16 2.107863009 0.0
0.1 2.108575176 0.0
0.4 2.109121947 0.0
0.6 2.106294689 0.0
1.9 2.106686769 0.0
2 2.106707444 0.0
0.5 2.105035751 0.0
1.1 2.107553627 0.0
1.2 2.105035751 0.0
1.3 2.108260441 0.0
1.8 2.106604071 0.0
2.299693512 2.110799792 0.0
-0.03152090032 0.5010103637 0.0
-0.03139525976 0.4990133642 0.0
-0.1789821863 -0.5508505283 0.0
-0.1844952511 -0.5678179969 0.0
-0.09406559754 -0.4931091309 0.0
-0.09369065729 -0.4911436254 0.0
-0.09451552583 -0.4954677376 0.0
-0.03167166899 0.503406763 0.0
-0.03301802113 0.5248064175 0.0
-0.03346821396 0.5319620276 0.0
-0.03185259139 0.5062824422 0.0
-0.09505543978 -0.4982980657 0.0
-0.03206969827 0.5097332573 0.0
-0.09570333652 -0.5016944593 0.0
-0.03233022653 0.5138742354 0.0
-0.03264286044 0.5188434091 0.0
-0.1606484338 -0.49442504 0.0
-0.1591098386 -0.4896897309 0.0
-0.1270161436 -0.4946952177 0.0
-0.162494748 -0.5001074109 0.0
-0.1647103251 -0.506926256 0.0
-0.03400844535 0.5405487598 0.0
-0.03465672303 0.5508528383 0.0
-0.1673690176 -0.51510887 0.0
-0.1705594486 -0.5249280069 0.0
-0.1743879657 -0.5367109712 0.0
-0.03543465624 0.5632177326 0.0
-0.03636817609 0.5780556057 0.0
-0.03748839991 0.5958610535 0.0
-0.0388326685 0.6172275908 0.0
-0.1911109287 -0.5881789591 0.0
-0.0404457908 0.6428674356 0.0
-0.1990497419 -0.6126121138 0.0
-0.04238153756 0.6736352494 0.0
-0.2085763178 -0.6419318995 0.0
2.6 1.099681225 0.0
2.6 1.000358622 0.0
2.7 -1.099681225 0.0
2.7 -0.9996413783 0.0
3 -0.9003187749 0.0
3 -0.800278928 0.0
2.8 -0.9996413783 0.0
2.9 -0.9996413783 0.0
2.6 1.199721072 0.0
-0.4038607074 -1.127845955 0.0
-0.4008782341 -1.206546718 0.0
2.6 -1.299760919 0.0
2.7 -1.199721072 0.0
2.6 0.9003187749 0.0
-0.0656521079 1.043510373 0.0
-0.07875518934 1.115748047 0.0
2.6 1.299760919 0.0
3 -0.7002390812 0.0
2.6 0.800278928 0.0
-0.4 -1.299760919 0.0
-0.3370136093 -1.044810064 0.0
-0.09359324466 1.200559267 0.0
-0.1 1.299760919 0.0
-0.3203922527 -0.9890316969 0.0
-0.3030577233 -0.9327157658 0.0
-0.1 1.399800766 0.0
2.4 1.499840613 0.0
2.6 1.399800766 0.0
2.5 1.499840613 0.0
3 -0.6001992343 0.0
2.6 -1.399800766 0.0
-0.4 -1.399800766 0.0
-0.05778880839 0.9185268064 0.0
-0.06157962908 0.9787801759 0.0
-0.2844015945 -0.8752981055 0.0
-0.1 1.499840613 0.0
2.8 0.6001992343 0.0
2.8 0.7002390812 0.0
2.7 0.800278928 0.0
3 -0.5001593874 0.0
2.6 -1.499840613 0.0
-0.05426045676 0.8624452632 0.0
-0.2670371799 -0.8218559324 0.0
3 -0.4001195406 0.0
2.8 0.4001195406 0.0
2.8 0.5001593874 0.0
2.6 -1.599880459 0.0
-0.5 -1.499840613 0.0
-0.5 -1.599880459 0.0
-0.1 1.599880459 0.0
-0.2508145525 -0.7719278191 0.0
2.4 1.599880459 0.0
2.6 -1.699920306 0.0
3 -0.3000796937 0.0
-0.5 -1.699920306 0.0
2.4 1.699920306 0.0
-0.1 1.699920306 0.0
-0.05096410988 0.8100513299 0.0
-0.04789619796 0.7612882663 0.0
2.8 0.3000796937 0.0
3 -0.2000398469 0.0
2.4 1.799960153 0.0
2.6 -1.799960153 0.0
2.8 0.2000398469 0.0
-0.5 -1.799960153 0.0
-0.04504401009 0.7159540384 0.0
-0.2216793987 -0.6822590359 0.0
-0.2357161439 -0.7254596955 0.0
2.9 0 0.0
3 -0.1 0.0
2.8 0.1 0.0
-0.1 1.799960153 0.0
2.6 -1.9 0.0
-0.1 1.9 0.0
2.6 -2 0.0
-0.6 -1.9 0.0
-0.6 -2 0.0
-0.1 2 0.0
2.4 2 0.0
2.4 1.9 0.0
3.080442066 -4.718331031 0.0
3.174102095 -4.150128535 0.0
2.383794565 3.250600672 0.0
2.461927658 3.653713629 0.0
-0.8004116822 -3.696858543 0.0
-0.7999718365 -3.322395171 0.0
2.4 2.365379124 0.0
2.410533814 2.544443481 0.0
-0.5917523796 -2.325692575 0.0
-0.3160992424 -6.071396588 0.0
0.5379657988 -5.994795316 0.0
-1.025135966 -5.39804664 0.0
-0.9835644488 -4.696313104 0.0
1.35841446 -6.185672233 0.0
3.015507106 -5.346543639 0.0
2.241647587 -6.198724685 0.0
-0.7853108942 -4.105410566 0.0
3.203958088 -3.629606014 0.0
2.8149758 -3.253877162 0.0
0.2005799764 4.174007491 0.0
-0.1995981018 4.150836324 0.0
-0.2030978553 3.283169872 0.0
0.6110486625 4.167748288 0.0
1.035585306 4.180360998 0.0
1.508229635 4.190171479 0.0
2 4.149073758 0.0
2.8 -3.011368953 0.0
-0.8 -2.754072829 0.0
-0.8001385821 -3.027328693 0.0
2.793925519 -2.766662943 0.0
2.406976766 2.76943625 0.0
2.4 3.011368953 0.0
-0.2066854206 3.020037967 0.0
-0.2037834463 2.769212119 0.0
-0.7124493823 -2.483692848 0.0
2.8 -2.5414457 0.0
-0.1909726502 2.537382574 0.0
-0.1059580425 2.346978182 0.0
2.4 2.226416284 0.0
-0.1 2.220143006 0.0
-0.6 -2.220143006 0.0
2.592700986 -2.341893426 0.0
2.6 -2.220143006 0.0
-0.6 -2.107553627 0.0
2.6 -2.105035751 0.0
-0.1 2.105035751 0.0
2.4 2.109436681 0.0
</DataArray></Points>
<Cells>
<DataArray type="Int32" Name="connectivity" format="ascii">
0 1 2 
3 4 5 
5 4 6 
7 8 9 
10 11 12 
13 14 15 
16 17 18 
19 20 21 
22 23 24 
25 26 27 
28 29 30 
31 32 33 
34 35 36 
37 29 38 
15 39 40 
0 41 42 
43 44 45 
46 47 48 
49 50 51 
52 53 54 
55 56 57 
44 58 59 
60 61 62 
63 64 65 
66 67 68 
69 70 71 
72 73 74 
75 76 77 
78 79 80 
81 82 83 
84 85 86 
78 80 87 
70 88 89 
90 91 92 
93 94 95 
74 96 97 
98 99 100 
98 101 102 
103 104 105 
106 107 91 
108 109 110 
81 83 111 
112 113 114 115 
116 115 114 117 
118 119 116 120 
121 122 123 124 
125 126 127 128 
129 130 131 132 
133 132 134 135 
136 137 138 139 
140 141 142 143 
144 145 146 137 
147 148 149 150 
151 152 153 154 
155 156 157 158 
159 160 161 162 
160 163 164 161 
165 166 167 168 
166 169 170 167 
171 172 162 161 
173 174 175 176 
177 178 179 180 
181 128 182 183 
184 185 186 187 
188 189 133 190 
191 192 193 194 
195 196 197 198 
199 200 201 202 
203 204 147 205 
206 207 180 179 
208 209 210 211 
145 212 213 146 
214 215 216 217 
204 218 148 147 
219 220 221 211 
131 222 223 224 
122 120 225 123 
205 147 150 226 
227 118 120 122 
209 228 136 210 
132 131 224 134 
189 129 132 133 
229 230 231 232 
233 234 235 236 
155 158 177 180 
237 238 239 240 
154 153 241 242 
243 244 245 246 
154 242 149 148 
247 232 248 249 
222 181 183 223 
184 205 226 185 
250 190 251 252 
253 250 252 254 
255 256 257 258 
175 259 260 261 
238 262 263 239 
167 170 264 265 
262 162 172 263 
176 266 267 231 
124 243 246 121 
268 219 211 210 
269 229 232 247 
117 225 120 116 
220 270 271 221 
272 273 238 237 
218 151 154 148 
167 265 274 168 
168 274 275 276 
277 278 181 222 
230 173 176 231 
267 248 232 231 
170 253 254 264 
163 279 276 164 
280 171 161 164 
176 175 261 266 
259 187 186 260 
281 221 271 282 
135 251 190 133 
283 284 184 187 
285 283 187 259 
286 159 162 262 
273 286 262 238 
287 227 122 121 
228 144 137 136 
136 139 268 210 
119 288 115 116 
130 277 222 131 
174 285 259 175 
207 289 155 180 
290 112 115 288 
153 179 178 241 
152 206 179 153 
275 280 164 276 
279 165 168 276 
126 291 245 127 
128 127 292 182 
212 269 247 213 
249 293 213 247 
289 294 156 155 
295 296 297 298 
284 203 205 184 
299 188 190 250 
300 301 302 303 
278 125 128 181 
304 305 306 307 
308 309 310 311 
312 313 314 315 
316 317 318 319 
320 321 322 323 
324 325 326 327 
245 244 292 127 
328 329 299 330 
331 332 333 334 
335 336 337 338 
339 340 341 342 
343 344 345 346 
146 213 293 347 
146 347 138 137 
348 349 350 351 
352 353 354 355 
356 357 358 359 
356 360 361 357 
291 362 246 245 
363 304 307 364 
365 366 367 368 
369 370 371 372 
373 374 375 376 
377 378 379 373 
380 381 382 383 
384 385 386 387 
388 389 294 289 
390 388 289 207 
391 390 207 206 
392 391 206 152 
393 392 152 151 
394 393 151 218 
395 394 218 204 
396 395 204 203 
397 396 203 284 
398 397 284 283 
399 398 283 285 
400 399 285 174 
401 400 174 173 
402 401 173 230 
403 402 230 229 
404 403 229 269 
405 404 269 212 
406 405 212 145 
407 406 145 144 
408 407 144 228 
409 408 228 209 
410 409 209 208 
211 221 281 208 
271 270 113 112 
281 282 411 412 
413 414 288 119 
415 413 119 118 
416 415 118 227 
417 416 227 287 
121 246 362 287 
418 419 362 291 
420 418 291 126 
421 420 126 125 
422 421 125 278 
423 422 278 277 
424 423 277 130 
425 424 130 129 
426 425 129 189 
427 426 189 188 
329 427 188 299 
330 299 250 253 
428 429 329 328 
430 431 169 166 
432 430 166 165 
433 432 165 279 
434 433 279 163 
435 434 163 160 
436 435 160 159 
437 436 159 286 
438 437 286 273 
439 438 273 272 
440 441 389 388 
442 440 388 390 
443 442 390 391 
444 443 391 392 
445 444 392 393 
446 445 393 394 
447 446 394 395 
448 447 395 396 
449 448 396 397 
450 449 397 398 
451 450 398 399 
452 451 399 400 
453 452 400 401 
454 453 401 402 
455 454 402 403 
456 455 403 404 
457 456 404 405 
458 457 405 406 
459 458 406 407 
460 459 407 408 
461 460 408 409 
462 461 409 410 
410 208 281 412 
282 271 112 290 
412 411 463 464 
465 466 414 413 
467 465 413 415 
468 467 415 416 
469 468 416 417 
287 362 419 417 
470 471 419 418 
472 470 418 420 
473 472 420 421 
474 473 421 422 
475 474 422 423 
476 475 423 424 
477 476 424 425 
478 477 425 426 
479 478 426 427 
429 479 427 329 
253 170 169 330 
480 481 429 428 
482 483 431 430 
484 482 430 432 
485 484 432 433 
486 485 433 434 
487 486 434 435 
488 487 435 436 
489 488 436 437 
490 489 437 438 
491 490 438 439 
414 492 290 288 
493 494 441 440 
495 493 440 442 
496 495 442 443 
497 496 443 444 
498 497 444 445 
499 498 445 446 
500 499 446 447 
501 500 447 448 
502 501 448 449 
503 502 449 450 
504 503 450 451 
505 504 451 452 
506 505 452 453 
366 506 453 454 
507 508 456 457 
509 507 457 458 
510 509 458 459 
511 510 459 460 
512 511 460 461 
513 512 461 462 
462 410 412 464 
411 282 290 492 
464 463 514 515 
516 517 466 465 
518 516 465 467 
519 518 467 468 
417 419 471 469 
520 469 471 361 
357 361 471 470 
358 357 470 472 
521 358 472 473 
522 521 473 474 
523 522 474 475 
524 523 475 476 
525 526 477 478 
527 525 478 479 
481 527 479 429 
328 330 169 431 
528 334 481 480 
529 530 483 482 
531 529 482 484 
532 531 484 485 
533 532 485 486 
534 533 486 487 
535 534 487 488 
536 535 488 489 
537 536 489 490 
538 537 490 491 
539 492 414 466 
540 541 494 493 
542 540 493 495 
543 542 495 496 
544 545 498 499 
546 544 499 500 
547 546 500 501 
548 549 502 503 
550 548 503 504 
551 550 504 505 
365 552 506 366 
367 508 553 368 
554 553 508 507 
555 554 507 509 
556 555 509 510 
557 556 510 511 
558 557 511 512 
559 558 512 513 
513 462 464 515 
463 411 492 539 
515 514 346 560 
561 562 516 518 
563 561 518 519 
520 519 468 469 
520 361 360 564 
565 359 358 521 
378 565 521 522 
379 378 522 523 
566 379 523 524 
567 566 524 526 
526 525 568 567 
333 568 525 527 
334 333 527 481 
428 328 431 483 
569 331 334 528 
570 571 530 529 
572 570 529 531 
301 235 533 534 
295 302 535 536 
296 295 536 537 
214 296 537 538 
215 214 538 573 
574 215 573 575 
576 539 466 517 
576 514 463 539 
577 578 542 543 
579 580 545 544 
581 579 544 546 
387 386 548 550 
366 454 455 367 
367 455 456 508 
582 583 368 553 
584 585 556 557 
586 584 557 558 
587 586 558 559 
559 513 515 560 
560 346 345 588 
589 590 562 561 
591 589 561 563 
564 563 519 520 
592 593 359 565 
377 592 565 378 
524 476 477 526 
428 483 530 480 
322 321 570 572 
300 236 235 301 
298 303 302 295 
217 297 296 214 
594 547 549 595 
386 595 549 548 
343 346 514 576 
343 576 517 596 
596 517 516 562 
564 360 597 598 
599 597 360 356 
600 374 566 567 
543 496 497 601 
601 497 498 545 
602 603 604 605 
547 501 502 549 
594 581 546 547 
385 606 595 386 
551 505 506 552 
364 307 552 365 
365 368 583 364 
607 608 583 582 
555 556 585 609 
341 340 585 584 
610 611 586 587 
587 559 560 588 
612 596 562 590 
314 313 589 591 
598 591 563 564 
593 599 356 359 
613 614 615 616 
617 600 567 568 
311 310 375 618 
619 620 332 331 
528 480 530 571 
621 571 570 321 
572 531 532 234 
234 532 533 235 
301 534 535 302 
216 215 574 622 
543 601 623 577 
307 306 551 552 
582 624 625 607 
609 624 554 555 
626 625 624 609 
344 343 596 612 
627 628 592 377 
619 331 569 629 
630 621 321 320 
322 572 234 233 
631 323 322 233 
632 300 303 633 
634 635 298 297 
216 622 636 637 
325 541 540 326 
326 540 542 578 
638 639 324 327 
578 577 604 640 
601 545 580 623 
605 604 577 623 
641 580 579 642 
643 594 595 606 
550 551 306 387 
387 306 305 384 
364 583 608 363 
582 553 554 624 
340 626 609 585 
644 645 646 647 
584 586 611 341 
610 587 588 648 
649 650 612 590 
651 598 597 615 
616 615 597 599 
652 593 592 628 
376 627 377 373 
373 379 566 374 
618 375 374 600 
617 568 333 332 
569 528 571 621 
631 233 236 653 
653 236 300 632 
654 655 632 633 
635 633 303 298 
634 297 217 656 
217 216 637 656 
657 658 639 638 
579 581 659 642 
660 661 662 663 
643 659 581 594 
664 665 659 643 
382 666 667 668 
669 670 671 672 
588 345 673 648 
674 344 612 650 
590 589 313 649 
651 314 591 598 
675 315 314 651 
676 677 614 613 
678 679 680 681 
617 332 620 682 
629 569 621 630 
683 684 630 320 
685 631 653 686 
687 688 637 636 
326 578 640 327 
640 604 603 689 
689 603 662 690 
623 580 641 605 
691 641 642 692 
642 659 665 692 
664 643 606 667 
693 664 667 666 
668 667 606 385 
384 305 671 694 
672 671 305 304 
695 696 670 669 
363 608 141 140 
697 141 608 607 
607 625 646 697 
647 646 625 626 
341 611 698 342 
699 610 648 700 
673 345 344 674 
648 673 701 700 
649 313 312 702 
651 615 614 675 
703 675 614 677 
616 599 593 652 
704 705 677 676 
706 652 628 680 
681 680 628 627 
707 376 375 310 
707 310 309 708 
600 617 682 618 
682 620 709 710 
711 709 620 619 
712 711 713 714 
713 629 630 684 
683 320 323 715 
683 715 716 717 
685 715 323 631 
718 685 686 719 
686 653 632 655 
654 633 635 720 
721 720 635 634 
722 721 723 724 
656 637 688 723 
644 725 726 336 
699 698 611 610 
727 728 698 699 
674 650 729 730 
730 701 673 674 
702 312 731 732 
733 734 655 654 
735 736 737 738 
327 640 689 638 
690 662 661 739 
605 641 691 602 
663 662 603 602 
740 691 692 741 
692 665 742 741 
693 742 665 664 
743 693 666 744 
385 384 694 668 
380 383 670 696 
672 304 363 140 
697 646 645 745 
647 626 340 339 
725 339 342 746 
746 342 698 728 
747 748 728 727 
727 699 700 749 
700 701 750 749 
729 650 649 702 
732 731 751 752 
731 312 315 753 
703 753 315 675 
754 703 677 705 
613 616 652 706 
755 756 705 704 
706 680 679 757 
681 627 376 707 
708 309 758 370 
618 682 710 311 
710 709 759 760 
711 619 629 713 
712 759 709 711 
761 712 714 762 
714 713 684 763 
717 763 684 683 
717 716 764 765 
718 716 715 685 
766 718 719 767 
719 686 655 734 
768 769 734 733 
654 720 770 733 
721 634 656 723 
722 770 720 721 
771 722 724 772 
723 688 737 724 
738 737 688 687 
773 774 142 745 
141 697 745 142 
750 701 730 775 
776 729 702 732 
730 729 776 775 
638 689 690 657 
777 778 658 657 
739 661 779 780 
602 691 740 663 
781 782 660 783 
783 740 741 784 
784 741 742 785 
743 785 742 693 
382 668 694 383 
383 694 671 670 
786 380 696 787 
669 672 140 143 
143 142 774 788 
745 645 335 773 
338 789 773 335 
644 647 339 725 
336 335 645 644 
726 725 746 790 
790 746 728 748 
791 792 748 747 
747 727 749 793 
794 795 796 797 
752 797 776 732 
752 751 798 799 
751 731 753 800 
754 800 753 703 
801 754 705 756 
676 613 706 757 
802 757 679 803 
681 707 708 678 
369 803 679 678 
309 308 804 758 
311 710 760 308 
805 806 807 352 
761 807 759 712 
353 761 762 808 
762 714 763 809 
765 809 763 717 
765 764 810 349 
766 764 716 718 
811 812 810 813 
719 734 769 767 
814 815 769 768 
768 733 770 816 
771 816 770 722 
192 771 772 817 
724 737 736 772 
200 199 736 735 
818 819 820 821 
744 666 382 381 
822 793 749 750 
823 824 793 822 
822 750 775 796 
775 776 797 796 
308 760 806 804 
657 690 739 777 
825 826 778 777 
663 740 783 660 
827 828 781 829 
784 785 818 829 
819 818 785 743 
819 743 744 830 
830 744 381 831 
786 831 381 380 
695 669 143 788 
696 695 832 787 
788 774 833 834 
789 833 774 773 
835 836 837 317 
837 790 748 792 
838 318 792 791 
791 747 793 824 
799 794 797 752 
798 751 800 839 
801 839 800 754 
704 676 757 802 
840 841 842 843 
678 708 370 369 
372 842 803 369 
371 370 758 844 
758 804 845 844 
760 759 807 806 
805 845 804 806 
846 805 352 355 
353 352 807 761 
847 354 353 808 
808 762 809 348 
349 348 809 765 
848 811 813 849 
767 769 815 849 
814 768 816 191 
192 191 816 771 
772 736 199 817 
661 660 782 779 
850 786 787 851 
852 853 832 834 
695 788 834 832 
336 726 836 337 
854 855 856 857 
823 822 796 795 
841 755 704 802 
813 810 764 766 
777 739 780 825 
858 859 860 861 
862 780 779 863 
863 779 782 864 
781 783 784 829 
828 864 782 781 
820 819 830 865 
865 830 831 866 
850 866 831 786 
867 850 851 868 
787 832 853 851 
852 869 870 871 
854 869 833 789 
855 338 337 872 
836 726 790 837 
835 872 337 836 
316 873 835 317 
317 837 792 318 
874 798 839 875 
876 875 839 801 
876 801 756 877 
878 877 756 755 
802 803 842 841 
879 880 881 882 
882 371 844 883 
844 845 884 883 
846 884 845 805 
351 847 808 348 
350 349 810 812 
813 766 767 849 
885 886 887 888 
889 814 191 194 
861 860 826 825 
890 820 865 891 
892 893 894 895 
896 897 898 899 
824 823 900 901 
900 823 795 902 
897 900 902 903 
795 794 904 902 
799 798 874 905 
906 840 843 907 
842 372 881 843 
882 881 372 371 
908 846 355 909 
910 815 814 889 
193 192 817 911 
912 193 911 913 
817 199 202 911 
825 780 862 861 
858 914 915 916 
862 863 917 914 
917 863 864 918 
892 918 864 828 
827 829 818 821 
893 827 821 919 
821 820 890 919 
920 890 891 921 
891 865 866 922 
867 922 866 850 
867 868 923 924 
851 853 925 868 
834 833 869 852 
871 925 853 852 
871 870 926 927 
789 338 855 854 
857 870 869 854 
857 856 928 929 
856 855 872 930 
873 930 872 835 
838 791 824 901 
931 838 901 896 
904 794 799 905 
932 933 904 905 
932 934 935 936 
937 876 877 938 
878 755 841 840 
939 938 877 878 
940 906 907 941 
843 881 880 907 
879 882 883 942 
943 879 942 196 
883 884 944 942 
908 944 884 846 
355 354 945 909 
946 945 354 847 
947 948 949 950 
948 350 812 887 
888 887 812 811 
849 815 910 848 
951 952 953 954 
952 910 889 955 
955 889 194 956 
912 956 194 193 
957 912 913 958 
913 911 202 959 
202 201 960 959 
318 838 931 319 
319 931 961 962 
963 964 965 966 
901 900 897 896 
898 897 903 255 
903 933 256 255 
902 904 933 903 
875 876 937 967 
934 874 875 967 
861 862 914 858 
916 968 859 858 
969 970 916 915 
914 917 971 915 
971 917 918 972 
828 827 893 892 
895 972 918 892 
895 894 973 974 
894 893 919 975 
919 890 920 975 
976 920 921 977 
891 922 978 921 
924 978 922 867 
868 925 979 923 
927 979 925 871 
927 926 980 981 
929 926 870 857 
928 856 930 982 
963 982 930 873 
964 316 319 962 
983 961 899 984 
961 931 896 899 
905 874 934 932 
936 256 933 932 
985 935 934 967 
985 986 987 988 
986 937 938 989 
939 878 840 906 
990 989 938 939 
991 940 941 992 
907 880 993 941 
943 993 880 879 
195 994 943 196 
196 942 944 197 
995 197 944 908 
995 908 909 996 
909 945 997 996 
946 847 351 947 
998 997 945 946 
351 350 948 947 
950 949 999 1000 
949 948 887 886 
888 811 848 951 
848 910 952 951 
954 953 1001 1002 
953 952 955 1003 
955 956 1004 1003 
957 1004 956 912 
1005 957 958 1006 
958 913 959 1007 
959 960 1008 1007 
970 1009 968 916 
1010 971 972 1011 
974 1011 972 895 
973 894 975 1012 
975 920 976 1012 
924 923 1013 1014 
923 979 1015 1013 
981 1015 979 927 
929 928 1016 1017 
1016 928 982 1018 
963 873 316 964 
966 1018 982 963 
965 964 962 1019 
962 961 983 1019 
255 258 1020 898 
936 935 1021 1022 
967 937 986 985 
988 1021 935 985 
987 986 989 1023 
990 939 906 940 
1024 1023 989 990 
992 941 993 1025 
994 1025 993 943 
1026 995 996 1027 
996 997 1028 1027 
998 946 947 950 
1029 1028 997 998 
999 949 886 1030 
885 888 951 954 
1031 1030 886 885 
1001 953 1003 1032 
1003 1004 1033 1032 
1005 1033 1004 957 
958 1007 1034 1006 
1007 1008 1035 1034 
926 929 1017 980 
257 256 936 1022 
197 995 1026 198 
915 971 1010 969 
1036 977 921 978 
1036 978 924 1014 
1020 984 899 898 
1024 990 940 991 
1029 998 950 1000 
1031 885 954 1002 
15 40 1037 13 
30 29 37 1038 
44 59 1039 1040 
1041 24 1042 1043 
1043 1042 1044 1045 
1046 1047 1048 1049 
1045 1044 1050 1051 
3 1052 11 1053 
1054 1055 1056 1057 
5 1058 1054 1057 
21 1059 1060 1061 
1062 1063 1064 1065 
1063 1062 1066 1067 
1068 1069 7 1070 
1051 1050 10 12 
1071 1070 7 9 
1071 1065 1064 1072 
1055 1049 1048 1056 
1073 1074 1049 1055 
1075 1076 1077 1078 
1075 1079 1080 1081 
1081 1080 1082 35 
35 1082 1083 36 
1084 1085 1078 1086 
1086 1087 1088 1089 
1090 1091 1089 1092 
1093 1090 1092 1094 
1095 1096 1097 1098 
1099 1100 1101 1102 
1103 1104 1100 1099 
1105 1106 1104 1103 
1107 1106 1105 1108 
22 24 1041 1109 
12 11 1110 1111 
1052 1112 1110 11 
1056 1113 1114 1057 
1056 1048 1115 1113 
1116 1115 1048 1047 
1047 30 1038 1116 
35 34 1117 1118 
36 1083 1119 1120 
34 1121 1122 1117 
1120 1119 1123 1124 
1121 1069 1068 1122 
1124 1123 1125 8 
9 1126 1127 1128 
1128 1060 1062 1065 
1059 1066 1062 1060 
1061 1060 1129 1130 
20 1131 1059 21 
21 1132 1133 19 
1134 19 40 39 
33 1066 1059 1131 
1131 1135 31 33 
20 19 1134 1136 
6 1137 1058 5 
4 1138 1139 6 
1139 1138 1053 1140 
1069 1124 8 7 
1070 1141 45 1142 
1120 1124 1069 1121 
1143 1140 1053 1144 
1144 1145 47 42 
1066 33 32 1067 
1130 1132 21 1061 
1074 1073 1146 1147 
1073 1058 1137 1146 
1052 3 5 1057 
36 1120 1121 34 
1148 48 47 1145 
1148 1149 1150 48 
1149 1042 24 23 
54 14 13 1151 
14 54 53 1152 
14 1152 1153 15 
17 16 38 1154 
38 29 1155 1154 
1155 29 28 1156 
1156 28 1157 1158 
1037 40 19 1133 
1158 1157 1159 1160 
1159 1074 1161 1160 
1161 1074 1147 1162 
1135 1131 20 1136 
31 1135 1163 1164 
1118 1165 1166 1167 
1168 22 1109 1108 
1076 1169 1170 1077 
1171 1168 1108 1105 
1172 1173 1174 37 
37 1174 1175 1038 
1038 1175 1176 1116 
1157 1047 1046 1159 
1115 1116 1176 1177 
1058 1073 1055 1054 
1114 1178 1179 1112 
1112 1179 1180 1110 
10 1050 1145 1144 
1111 1110 1180 1181 
1145 1050 1044 1148 
1043 1045 1182 1183 
1183 1182 1184 1185 
1041 1043 1183 1186 
1183 1185 1187 1186 
1109 1041 1186 1188 
1188 1186 1187 1189 
1108 1109 1188 1107 
1188 1189 1190 1107 
1104 1106 1191 1192 
1168 1171 1193 1194 
1195 1171 1105 1103 
1101 1100 1196 1197 
1198 1195 1103 1099 
1199 1198 1099 1102 
1200 1199 1102 1098 
1201 1200 1098 1097 
1202 1203 1204 1205 
1203 57 1206 1204 
1207 52 54 1151 
1151 13 1208 1209 
1037 1210 1208 13 
1211 1210 1037 1133 
1132 1212 1211 1133 
1212 1132 1130 1213 
9 1128 1065 1071 
1214 1215 1127 1126 
1125 1216 1214 1126 
1125 1123 1217 1216 
51 50 1122 1068 
1119 1218 1217 1123 
1219 1218 1119 1083 
1083 1082 1220 1219 
1220 1082 1080 1221 
1221 1080 1079 1222 
1076 1167 1166 1169 
1079 1085 1223 1222 
1193 1171 1195 1224 
1225 1224 1195 1198 
1199 1226 1225 1198 
1226 1199 1200 1227 
1228 1229 1230 1201 
1231 1232 1233 1234 
1077 1087 1086 1078 
1085 1084 1235 1223 
1087 1236 1237 1088 
1088 1238 1092 1089 
1238 1088 1237 1239 
1091 1090 1240 1241 
1090 1093 1242 1240 
1243 1244 1245 1246 
1244 1247 1248 1245 
1147 1146 1249 1162 
1143 41 1250 1140 
1052 1057 1114 1112 
1181 1251 1252 1111 
1138 4 3 1053 
1178 1114 1113 1253 
1254 1255 1096 1095 
1102 1101 1095 1098 
1200 1201 1230 1227 
1100 1104 1192 1196 
1190 1191 1106 1107 
23 22 1256 1257 
1101 1197 1254 1095 
1149 23 1257 1150 
1045 1051 1252 1182 
1051 12 1111 1252 
1170 1236 1087 1077 
1078 1085 1079 1075 
1081 1167 1076 1075 
1091 1241 1235 1084 
1089 1091 1084 1086 
1238 1258 1094 1092 
1177 1253 1113 1115 
1049 1074 1159 1046 
1157 28 30 1047 
1122 50 1259 1117 
1071 1072 1141 1070 
11 10 1144 1053 
1118 1117 1259 1165 
35 1118 1167 1081 
1163 1135 1136 1260 
1134 39 1261 1262 
39 15 1153 1261 
1136 1134 1262 1260 
1263 1213 1130 1129 
1149 1148 1044 1042 
1184 1182 1252 1251 
1234 1229 1228 1231 
1129 1127 1215 1263 
1129 1060 1128 1127 
1264 1064 1063 1067 
43 45 1141 1072 
1070 1142 51 1068 
1125 1126 9 8 
1265 1139 1140 1250 
42 41 1143 1144 
42 47 46 0 
1264 43 1072 1064 
32 1266 1264 1067 
46 48 1150 1267 
49 1268 1259 50 
1165 1259 1268 1269 
1261 1270 1271 1262 
1261 1153 1272 1270 
1272 1153 1152 1273 
1274 53 52 1275 
1275 52 56 1276 
56 55 1277 1276 
1205 1278 1279 1202 
1205 1280 1281 1278 
1281 1280 1282 1283 
1284 1285 1243 1246 
1284 1246 1286 1287 
1286 1288 1289 1287 
1290 1291 1292 1293 
25 1294 1290 1293 
1295 1294 25 27 
1296 1295 27 18 
17 1297 1296 18 
1297 17 1154 1298 
1299 1298 1154 1155 
1156 1300 1299 1155 
1156 1158 1301 1300 
1301 1158 1160 1302 
1161 1303 1302 1160 
1162 1304 1303 1161 
1162 1249 1305 1304 
1164 1306 1307 1308 
1257 1309 1267 1150 
1309 1257 1256 1310 
1194 1311 1310 1256 
1170 1169 1312 1313 
1204 1314 1315 1316 
1206 1317 1314 1204 
1206 1318 1319 1317 
1209 1320 1319 1318 
1208 1321 1320 1209 
1321 1208 1210 1322 
1323 1211 1212 1324 
1325 1213 1263 1326 
1326 1263 1215 1327 
1215 1214 1328 1327 
1214 1216 1329 1328 
1216 1217 1330 1329 
1330 1217 1218 1331 
1332 1331 1218 1219 
1219 1220 1333 1332 
1334 1221 1222 1335 
1222 1223 1336 1335 
1223 1235 1337 1336 
1241 1338 1337 1235 
1241 1240 1339 1338 
1240 1242 1340 1339 
1193 1341 1311 1194 
1341 1193 1224 1342 
1343 1225 1226 1344 
1344 1226 1227 1345 
1227 1230 1346 1345 
1229 1347 1346 1230 
1347 1229 1234 1348 
1234 1233 1349 1348 
1350 1254 1197 1351 
1196 1352 1351 1197 
1352 1196 1192 1353 
1353 1192 1191 1354 
22 1168 1194 1256 
1355 1354 1191 1190 
1189 1356 1355 1190 
1189 1187 1357 1356 
1185 1358 1357 1187 
1359 1358 1185 1184 
1239 1237 1360 1361 
1239 1362 1258 1238 
1251 1363 1359 1184 
1251 1181 1364 1363 
1365 1364 1181 1180 
1179 1366 1365 1180 
1179 1178 1367 1366 
1253 1177 1368 1369 
1370 1176 1175 1371 
1174 1372 1371 1175 
1174 1173 1373 1372 
1374 1375 1173 1172 
26 1376 1375 1374 
1377 1378 1376 26 
1378 1292 1379 1380 
1381 1382 1378 1380 
1383 1380 1379 1288 
1383 1288 1286 1384 
1385 1386 1384 1245 
1248 1387 1385 1245 
1249 62 61 1305 
65 1266 32 1308 
31 1164 1308 32 
1207 1151 1209 1318 
1152 53 1274 1273 
1210 1211 1323 1322 
1212 1213 1325 1324 
1220 1221 1334 1333 
1178 1253 1369 1367 
1177 1176 1370 1368 
37 38 16 1172 
1388 1247 1244 1243 
1384 1286 1246 1245 
1360 1237 1236 1389 
1293 1292 1378 1377 
1383 1390 1381 1380 
1265 1391 1146 1137 
1392 1282 1280 1316 
1316 1315 1393 1392 
62 1249 1146 1391 
1265 1137 6 1139 
49 51 1142 1040 
55 57 1203 1202 
1316 1280 1205 1204 
1388 1243 1285 1394 
55 1202 1279 1277 
57 1207 1318 1206 
56 52 1207 57 
1224 1225 1343 1342 
0 2 1250 41 
1040 1142 45 44 
1 1395 1396 1397 
1395 1 0 1398 
0 46 1399 1398 
1400 58 44 43 
1401 1400 43 1264 
1266 1402 1401 1264 
65 64 1402 1266 
1399 46 1267 1403 
1268 1404 1405 1269 
1303 1304 1406 1407 
1299 1408 1409 1298 
1298 1409 1410 1297 
1297 1410 1411 1296 
1374 18 27 26 
1377 26 25 1293 
1294 1295 1412 1413 
1290 1414 1415 1291 
1379 1292 1291 1416 
1291 1415 1417 1416 
1288 1379 1416 1289 
1289 1418 1419 1287 
1287 1419 1420 1284 
1285 1284 1420 1421 
1285 1421 1422 1394 
1278 1423 1424 1279 
1276 1425 1426 1275 
1275 1426 1427 1274 
1273 1428 1429 1272 
1271 1430 1260 1262 
1431 1306 1164 1163 
1306 1431 1432 1433 
1307 1306 1433 1434 
1406 1304 1305 1435 
1309 1436 1403 1267 
1436 1309 1310 1437 
1438 1312 1169 1166 
1439 1393 1315 1440 
1315 1314 1441 1440 
1441 1314 1317 1442 
1317 1319 1443 1442 
1443 1319 1320 1444 
1321 1322 1445 1446 
1447 1445 1322 1323 
1447 1323 1324 1448 
1325 1449 1448 1324 
1449 1325 1326 1450 
1451 1450 1326 1327 
1451 1327 1328 1452 
1328 1329 1453 1452 
1454 1453 1329 1330 
1331 1455 1454 1330 
1331 1332 1456 1455 
1457 1456 1332 1333 
1457 1333 1334 1458 
1335 1336 1459 1460 
1459 1336 1337 1461 
1461 1337 1338 1462 
1463 1462 1338 1339 
1463 1339 1340 1464 
1311 1465 1437 1310 
1341 1466 1465 1311 
1466 1341 1342 1467 
1342 1343 1468 1467 
1344 1469 1468 1343 
1469 1344 1345 1470 
1345 1346 1471 1470 
1471 1346 1347 1472 
1472 1347 1348 1473 
1474 1473 1348 1349 
1475 1350 1351 1476 
1352 1477 1476 1351 
1353 1478 1477 1352 
1478 1353 1354 1479 
1354 1355 1480 1479 
1480 1355 1356 1481 
1482 1481 1356 1357 
1358 1483 1482 1357 
1358 1359 1484 1483 
1363 1364 1485 1486 
1364 1365 1487 1485 
1487 1365 1366 1488 
1489 1488 1366 1367 
1489 1367 1369 1490 
1368 1370 1491 1492 
1371 1493 1491 1370 
1493 1371 1372 1494 
1495 1496 1497 1373 
1495 1498 1499 1496 
1375 1495 1373 1173 
1498 1382 1500 1499 
1378 1382 1498 1376 
1501 1381 1390 1502 
1384 1386 1390 1383 
1386 1385 1503 1504 
1387 1505 1503 1385 
1313 1312 1506 1507 
1361 1508 1362 1239 
1435 1305 61 1509 
1369 1368 1492 1490 
18 1374 1172 16 
1498 1495 1375 1376 
1382 1381 1501 1500 
1390 1386 1504 1502 
1507 1510 1389 1313 
1412 1295 1296 1411 
1511 1360 1389 1510 
1511 1512 1361 1360 
1513 1508 1361 1512 
1514 1515 1508 1513 
1516 1517 1430 1271 
1405 1518 1438 1269 
1163 1260 1430 1431 
1432 1431 1430 1517 
63 1519 1520 64 
1521 60 62 1391 
58 1522 1523 59 
58 1400 1524 1522 
1525 1524 1400 1401 
1402 1526 1525 1401 
1527 1526 1402 64 
1528 1250 2 1 
1398 1529 1396 1395 
1530 1265 1250 1528 
1528 1531 1532 1530 
1530 1521 1391 1265 
1404 1533 1534 1535 
1405 1404 1535 1536 
1537 1403 1436 1538 
1433 1539 1540 1434 
1433 1432 1541 1539 
1517 1542 1541 1432 
1543 1542 1517 1516 
1543 1516 1544 1545 
1544 1429 1546 1545 
1428 1547 1546 1429 
1548 1547 1428 1427 
1548 1427 1426 1549 
1550 1549 1426 1425 
1425 1551 1552 1550 
1552 1551 1424 1553 
1423 1554 1555 1556 
1555 1554 1557 1558 
1559 1560 1422 1421 
1420 1561 1559 1421 
1561 1420 1419 1562 
1563 1562 1419 1418 
1417 1564 1563 1418 
1564 1417 1415 1565 
1566 1565 1415 1414 
1413 1567 1566 1414 
1413 1412 1568 1567 
1410 1569 1570 1411 
1569 1410 1409 1571 
1408 1572 1571 1409 
1573 1572 1408 1574 
1573 1574 1575 1576 
1575 1577 1578 1576 
1406 1579 1580 1407 
1581 1579 1406 1435 
1509 1582 1581 1435 
1509 1583 1584 1582 
1538 1436 1437 1585 
1518 1506 1312 1438 
1586 1439 1440 1587 
1440 1441 1588 1587 
1442 1589 1588 1441 
1442 1443 1590 1589 
1444 1591 1590 1443 
1591 1444 1446 1592 
1446 1445 1593 1592 
1448 1594 1595 1447 
1448 1449 1596 1594 
1449 1450 1597 1596 
1451 1598 1597 1450 
1598 1451 1452 1599 
1454 1600 1601 1453 
1455 1602 1600 1454 
1456 1603 1602 1455 
1604 1603 1456 1457 
1458 1605 1604 1457 
1605 1458 1460 1606 
1607 1459 1461 1608 
1462 1609 1608 1461 
1514 1610 1611 1515 
1465 1612 1585 1437 
1465 1466 1613 1612 
1466 1467 1614 1613 
1615 1614 1467 1468 
1615 1468 1469 1616 
1470 1617 1616 1469 
1470 1471 1618 1617 
1472 1619 1618 1471 
1619 1472 1473 1620 
1473 1474 1621 1620 
1476 1622 1623 1475 
1477 1624 1622 1476 
1624 1477 1478 1625 
1625 1478 1479 1626 
1627 1626 1479 1480 
1481 1628 1627 1480 
1481 1482 1629 1628 
1629 1482 1483 1630 
1483 1484 1631 1630 
1485 1487 1632 1633 
1632 1487 1488 1634 
1488 1489 1635 1634 
1490 1636 1635 1489 
1636 1490 1492 1637 
1638 1637 1492 1491 
1638 1491 1493 1639 
1640 1639 1493 1494 
1494 1497 1641 1640 
1641 1497 1496 1642 
1500 1643 1644 1499 
1500 1501 1645 1643 
1502 1646 1645 1501 
1504 1647 1646 1502 
1648 1647 1504 1503 
1505 1649 1648 1503 
1520 1650 1527 64 
1520 1651 66 1650 
1584 1583 1652 110 
1334 1335 1460 1458 
1554 1281 1283 1557 
1429 1544 1270 1272 
1516 1271 1270 1544 
1414 1290 1294 1413 
1574 1408 1299 1300 
1575 1301 1302 1577 
1303 1407 1577 1302 
1372 1373 1497 1494 
1399 1403 1537 1653 
1434 1519 63 1307 
1540 1654 1519 1434 
1551 1277 1279 1424 
1655 1534 1533 1039 
1040 1039 1533 49 
1399 1653 1529 1398 
1527 1650 87 80 
1656 1652 1583 60 
1657 111 83 1656 
1657 1532 1658 111 
1526 79 1659 1525 
1651 1654 1660 1661 
1654 1540 1662 1660 
1541 1663 1664 1539 
1541 1542 1665 1663 
1542 1543 1666 1665 
1545 1667 1666 1543 
1545 1546 1668 1667 
1668 1546 1547 1669 
1670 1669 1547 1548 
1670 1548 1549 1671 
1671 1549 1550 1672 
1551 1425 1276 1277 
1673 1552 1553 1674 
1553 1556 1675 1674 
1556 1555 1676 1675 
1558 1677 1676 1555 
1678 1679 1560 1559 
1561 1680 1678 1559 
1680 1561 1562 1681 
1563 1564 1682 1683 
1682 1564 1565 1684 
1685 1684 1565 1566 
1566 1567 1686 1685 
1687 1686 1567 1568 
1570 1688 1687 1568 
1570 1569 1689 1688 
1689 1569 1571 1690 
1572 1691 1690 1571 
1692 1691 1572 1573 
1692 1573 1576 1693 
1694 1693 1576 1578 
1580 1695 1694 1578 
1580 1579 1696 1695 
1579 1581 1697 1696 
1697 1581 1582 1698 
1582 1584 1699 1698 
1523 1655 1039 59 
1531 76 1658 1532 
1531 1397 77 76 
1396 1529 69 71 
1700 69 1529 1653 
109 1699 1584 110 
1537 1701 1700 1653 
80 79 1526 1527 
1650 66 1702 87 
1538 1703 1701 1537 
1703 1538 1585 1704 
1536 1705 1518 1405 
1705 1536 1706 1707 
1705 1708 1506 1518 
1708 1705 1707 1709 
1704 1585 1612 1710 
1711 1613 1614 1712 
1713 1615 1616 1714 
1715 1617 1618 1716 
1716 1618 1619 1717 
1620 1621 1718 1719 
1460 1459 1607 1606 
1452 1453 1601 1599 
1599 1720 1721 1598 
1445 1447 1595 1593 
1593 1595 1722 1723 
1592 1724 1725 1591 
1591 1725 1726 1590 
1708 1727 1507 1506 
1727 1708 1709 1728 
1727 1729 1510 1507 
1730 1511 1510 1729 
1731 1513 1512 1732 
1733 1514 1513 1731 
1734 1733 1735 1736 
1622 1737 1738 1623 
1622 1624 1739 1737 
1739 1624 1625 1740 
1741 1740 1625 1626 
1626 1627 1742 1741 
1742 1627 1628 1743 
1744 1629 1630 1745 
1746 1745 1630 1631 
1746 1631 1747 1748 
1747 1633 1749 1748 
1750 1749 1633 1632 
1750 1632 1634 1751 
1752 1751 1634 1635 
1752 1635 1636 1753 
1637 1754 1753 1636 
1755 1754 1637 1638 
1755 1638 1639 1756 
1757 1758 1640 1641 
1757 1641 1642 1759 
1642 1644 1760 1759 
1643 1761 1760 1644 
1643 1645 1762 1761 
1763 1646 1647 1764 
1647 1648 1765 1764 
1649 1766 1767 1768 
1769 1605 1606 1770 
1771 1770 1606 1607 
1772 1773 1603 1604 
1774 1775 1600 1602 
1776 1601 1600 1775 
1720 1599 1601 1776 
1777 1778 1596 1597 
1778 1779 1594 1596 
1722 1595 1594 1779 
1780 1730 1729 1781 
1780 1782 1732 1730 
1512 1511 1730 1732 
1783 1731 1732 1782 
1735 1733 1731 1783 
1659 86 1524 1525 
1726 1784 1589 1590 
1785 1588 1589 1784 
1785 1786 1587 1588 
1787 1586 1587 1786 
1614 1615 1713 1712 
1427 1428 1273 1274 
1531 1528 1 1397 
1532 1657 1521 1530 
83 82 1652 1656 
85 1522 1524 86 
1628 1629 1744 1743 
1633 1747 1486 1485 
1639 1640 1758 1756 
1644 1642 1496 1499 
1645 1646 1763 1762 
1648 1649 1768 1765 
1562 1563 1683 1681 
1424 1423 1556 1553 
1418 1289 1416 1417 
1554 1423 1278 1281 
1520 1519 1654 1651 
67 66 1651 1661 
1580 1578 1577 1407 
1656 60 1521 1657 
61 60 1583 1509 
1788 110 1652 82 
110 1788 1789 108 
1790 1706 1536 1535 
69 1700 88 70 
73 85 84 1791 
1792 1534 1655 72 
75 1793 1658 76 
1659 1794 84 86 
78 1794 1659 79 
81 111 1658 1793 
81 1795 1788 82 
88 1700 1701 1796 
1796 1701 1703 1797 
68 1798 1702 66 
67 1661 1799 1800 
1801 1660 1662 1802 
1662 1664 1803 1802 
1663 1665 1804 1805 
1665 1666 1806 1804 
1667 1807 1806 1666 
1667 1668 1808 1807 
1669 1809 1808 1668 
1669 1670 1810 1809 
1671 1811 1810 1670 
1811 1671 1672 1812 
1672 1673 1813 1812 
1674 1814 1813 1673 
1674 1675 1815 1814 
1675 1676 1816 1815 
1679 1678 1817 1818 
1819 1817 1678 1680 
1819 1680 1681 1820 
1681 1683 1821 1820 
1682 1822 1821 1683 
1822 1682 1684 1823 
1684 1685 1824 1823 
1824 1685 1686 1825 
1688 1826 1827 1687 
1828 1826 1688 1689 
1828 1689 1690 1829 
1691 1830 1829 1690 
1691 1692 1831 1830 
1692 1693 1832 1831 
1833 1832 1693 1694 
1833 1694 1695 1834 
1696 1835 1834 1695 
1835 1696 1697 1836 
1697 1698 1837 1836 
1837 1698 1699 1838 
1839 1838 1699 109 
1839 109 108 1840 
1728 1709 1841 1842 
1728 1781 1729 1727 
1782 1780 1843 1844 
1783 1782 1844 1845 
1846 1608 1609 1847 
1771 1607 1608 1846 
1769 1772 1604 1605 
1773 1774 1602 1603 
1776 1848 1849 1720 
1722 1779 1850 1851 
1724 1592 1593 1723 
1852 1738 1737 1853 
1854 1853 1737 1739 
1854 1739 1740 1855 
1740 1741 1856 1855 
1726 1857 1858 1784 
1704 1859 1797 1703 
1704 1710 1860 1859 
1860 1710 1711 1861 
1712 1713 1862 1863 
1862 1713 1714 1864 
1714 1715 1865 1864 
1866 1865 1715 1716 
1717 1867 1866 1716 
1868 1867 1717 1719 
1869 1868 1719 1718 
1742 1870 1856 1741 
1743 1871 1870 1742 
1872 1871 1743 1744 
1745 1746 1873 1874 
1748 1875 1873 1746 
1748 1749 1876 1875 
1749 1750 1877 1876 
1877 1750 1751 1878 
1751 1752 1879 1878 
1880 1753 1754 1881 
1754 1755 1882 1881 
1882 1755 1756 1883 
1884 1883 1756 1758 
1885 1884 1758 1757 
1759 1886 1885 1757 
1887 1886 1759 1760 
1887 1760 1761 1888 
1762 1763 1889 1890 
1889 1763 1764 1891 
1892 1891 1764 1765 
1892 1765 1768 1893 
1894 1893 1768 1767 
1702 1895 78 87 
1895 1702 1798 95 
1789 1896 1840 108 
1789 1788 1795 1897 
1798 1898 93 95 
1843 1780 1781 1899 
1900 1846 1847 1901 
1902 1771 1846 1900 
1903 1774 1773 1904 
1905 1777 1721 1906 
1905 1907 1778 1777 
1777 1597 1598 1721 
1850 1779 1778 1907 
1908 1909 1724 1723 
1910 1725 1724 1909 
1910 1857 1726 1725 
1911 1912 1786 1785 
1913 1787 1786 1912 
1396 71 77 1397 
1411 1570 1568 1412 
1686 1687 1827 1825 
1486 1747 1631 1484 
1752 1753 1880 1879 
1761 1762 1890 1888 
1800 1914 68 67 
1661 1660 1801 1799 
1711 1712 1863 1861 
1715 1714 1616 1617 
75 77 71 1915 
72 1655 1523 73 
85 73 1523 1522 
97 1792 72 74 
1792 1790 1535 1534 
97 1916 1790 1792 
1791 100 74 73 
70 92 1915 71 
95 94 1917 1918 
1895 1919 1920 78 
1791 84 1921 1922 
100 1791 1922 98 
99 96 74 100 
88 1796 1923 89 
1793 1924 1925 81 
1840 1926 1927 1839 
1838 1928 1929 1837 
1836 1837 1929 1930 
1832 1833 1931 1932 
1831 1933 1934 1830 
1828 1935 1936 1826 
1826 1936 1937 1827 
1825 1938 1939 1824 
1823 1824 1939 1940 
1822 1941 1942 1821 
1819 1943 1944 1817 
1676 1677 1945 1816 
1945 1946 1947 1816 
1814 1948 1949 1813 
1812 1813 1949 1950 
1673 1672 1550 1552 
1811 1951 1952 1810 
1809 1953 1954 1808 
1806 1955 1956 1804 
1664 1663 1805 1803 
1802 1803 1957 1958 
1540 1539 1664 1662 
1799 1801 1959 1960 
1800 1961 1962 1914 
1914 1898 1798 68 
93 1898 1963 1964 
1916 1965 1706 1790 
1965 1966 1707 1706 
1841 1709 1707 1966 
1842 1899 1781 1728 
1967 1735 1783 1845 
1967 1968 1736 1735 
1969 1797 1859 1970 
1859 1860 1971 1970 
1972 1971 1860 1861 
1972 1861 1863 1973 
1974 1862 1864 1975 
1865 1976 1975 1864 
1865 1866 1977 1976 
1977 1866 1867 1978 
1620 1719 1717 1619 
1868 1869 1979 1980 
1901 1981 1982 1900 
1900 1982 1983 1902 
1902 1984 1770 1771 
1985 1769 1770 1984 
1985 1986 1772 1769 
1903 1987 1775 1774 
1987 1848 1776 1775 
1848 1987 1988 1989 
1849 1990 1991 1906 
1851 1908 1723 1722 
1909 1992 1993 1910 
1857 1910 1993 1994 
1911 1785 1784 1858 
1995 1852 1853 1996 
1997 1996 1853 1854 
1997 1854 1855 1998 
1855 1856 1999 1998 
1870 2000 1999 1856 
2000 1870 1871 2001 
1871 1872 2002 2001 
1744 1745 1874 1872 
2003 2004 1874 1873 
1875 2005 2003 1873 
1875 1876 2006 2005 
2007 1877 1878 2008 
2009 1879 1880 2010 
1881 2011 2010 1880 
2012 2011 1881 1882 
2012 1882 1883 2013 
1884 2014 2013 1883 
2015 2014 1884 1885 
2015 1885 1886 2016 
1886 1887 2017 2016 
2017 1887 1888 2018 
1888 1890 2019 2018 
2020 2019 1890 1889 
1891 2021 2020 1889 
2022 2021 1891 1892 
2022 1892 1893 2023 
2024 1897 2025 104 
2026 2027 1896 2024 
1867 1868 1980 1978 
1983 2028 1984 1902 
2029 1985 1984 2028 
2029 2030 1986 1985 
2030 2031 1904 1986 
2032 1903 1904 2031 
2032 1988 1987 1903 
2033 1911 1858 2034 
2033 2035 1912 1911 
2036 2037 1965 1916 
2037 2038 1966 1965 
2039 1841 1966 2038 
2040 1967 1845 2041 
2040 2042 1968 1967 
1876 1877 2007 2006 
1878 1879 2009 2008 
1893 1894 2043 2023 
1920 2044 1794 78 
1925 2045 1795 81 
90 92 70 89 
2046 75 1915 2047 
1796 1797 1969 1923 
91 90 2048 106 
99 2049 2050 96 
2051 2048 90 89 
2052 101 98 1922 
1922 1921 2053 2052 
2053 1921 2044 2054 
2047 1915 92 91 
91 107 2055 2047 
2047 2055 2056 2046 
2046 1924 1793 75 
2054 2044 1920 2057 
1925 2058 2059 2045 
2060 2061 1917 94 
1964 2060 94 93 
1963 1962 2062 2063 
2064 2062 1962 1961 
1960 2065 2064 1961 
1960 1959 2066 2065 
1958 2067 2066 1959 
2068 2067 1958 1957 
2068 1957 2069 2070 
1959 1801 1802 1958 
2069 1956 2071 2070 
2072 2071 1956 1955 
2073 2074 2072 1955 
2075 2074 2073 1954 
1953 2076 2075 1954 
1953 1952 2077 2076 
1951 2078 2077 1952 
2079 2078 1951 1950 
1950 1949 2080 2079 
1948 2081 2080 1949 
2082 2081 1948 2083 
2083 1947 2084 2082 
1946 2085 2084 1947 
2086 1944 2087 2088 
2089 2087 1944 1943 
2090 2091 2089 1943 
2090 1942 2092 2091 
1941 2093 2092 1942 
2093 1941 1940 2094 
1940 1939 2095 2094 
1938 2096 2095 1939 
2097 2096 1938 1937 
2097 1937 1936 2098 
2099 2098 1936 1935 
2100 2101 2099 1935 
2101 2100 1934 2102 
2103 2102 1934 1933 
2103 1933 1932 2104 
2105 2104 1932 1931 
2106 2107 2105 1931 
2108 2109 2107 2106 
2109 2108 1930 2110 
2108 2106 1834 1835 
1930 1929 2111 2110 
1928 2112 2111 1929 
2112 1928 1927 2113 
1926 2114 2113 1927 
2115 2114 1926 2027 
2026 2116 2115 2027 
2026 103 2117 2116 
2045 2025 1897 1795 
2025 2045 2059 2118 
1923 2119 2051 89 
2119 1923 1969 2120 
1970 2121 2120 1969 
2122 2121 1970 1971 
1972 2123 2122 1971 
2123 1972 1973 2124 
1863 1862 1974 1973 
1975 2125 2126 1974 
2125 1975 1976 2127 
2128 2127 1976 1977 
1978 2129 2128 1977 
2130 2129 1978 1980 
1980 1979 2131 2130 
2037 2132 2133 2038 
2038 2133 2134 2039 
2135 2039 2134 2136 
2135 2137 1899 1842 
2137 2135 2136 2138 
2139 1843 1899 2137 
2137 2138 2140 2139 
2141 1844 1843 2139 
2141 2139 2140 2142 
2141 2041 1845 1844 
2041 2141 2142 2143 
2040 2144 2145 2042 
2030 2146 2147 2031 
1989 2148 2149 1990 
2150 1905 1906 1991 
2150 2151 1907 1905 
2152 2153 1908 1851 
2153 1992 1909 1908 
1994 2034 1858 1857 
2154 1913 1912 2035 
2155 1995 1996 2156 
1997 2157 2156 1996 
2157 1997 1998 2158 
2159 2158 1998 1999 
1999 2000 2160 2159 
2160 2000 2001 2161 
2002 2162 2161 2001 
2162 2002 2004 2163 
2004 2003 2164 2163 
2164 2003 2005 2165 
2006 2007 2166 2167 
2008 2009 2168 2169 
2010 2170 2168 2009 
2010 2011 2171 2170 
2012 2013 2172 2173 
2172 2013 2014 2174 
2174 2014 2015 2175 
2176 2016 2017 2177 
2177 2017 2018 2178 
2018 2019 2179 2178 
2179 2019 2020 2180 
104 2025 2118 2181 
2021 2182 2180 2020 
2021 2022 2183 2182 
2184 2185 2023 2043 
1918 2186 2187 1919 
2186 1918 1917 2188 
1917 2061 2189 2188 
105 2190 2117 103 
2007 2008 2169 2166 
2011 2012 2173 2171 
2015 2016 2176 2175 
2022 2023 2185 2183 
2191 2150 1991 2192 
2193 2194 2151 2195 
1907 2151 2194 1850 
2196 2152 2194 2193 
2196 2197 2153 2152 
2194 2152 1851 1850 
2197 2198 1992 2153 
2199 1993 1992 2198 
2199 2200 1994 1993 
2200 2201 2034 1994 
2202 2033 2034 2201 
2202 2203 2035 2033 
2204 2154 2035 2203 
2056 2205 1924 2046 
2205 2058 1925 1924 
103 2026 2024 104 
104 2181 2206 105 
2024 1896 1789 1897 
2207 2132 2037 2036 
1921 84 1794 2044 
1920 1919 2187 2057 
1919 1895 95 1918 
1963 1898 1914 1962 
2208 2060 1964 2209 
2210 1983 1982 2211 
2210 2212 2028 1983 
2213 2029 2028 2212 
2213 2146 2030 2029 
1947 2083 1815 1816 
1944 2086 1818 1817 
1954 2073 1807 1808 
2208 2214 2061 2060 
2144 2040 2041 2143 
2108 1835 1836 1930 
1931 1833 1834 2106 
2135 1842 1841 2039 
1937 1938 1825 1827 
2097 2098 999 1030 
2103 2104 1026 1027 
2107 2109 994 195 
1941 1822 1823 1940 
2094 2095 1002 1001 
1961 1800 1799 1960 
2065 2066 1017 1016 
2063 2062 966 965 
2124 2126 2215 2216 
2126 2124 1973 1974 
2124 2216 2217 2123 
2123 2217 2218 2122 
2121 2122 2218 2219 
2121 2219 2220 2120 
2119 2221 2222 2051 
2055 2223 2224 2056 
2205 2225 2226 2058 
2059 2058 2226 2227 
2206 2228 2190 105 
2118 2229 2230 2181 
2206 2181 2230 2231 
2210 2232 2233 2212 
2212 2233 2234 2213 
2213 2234 2235 2146 
2147 2146 2235 2236 
2237 2147 2236 2238 
2237 2239 1988 2032 
2239 2237 2238 2240 
2241 2144 2143 2242 
2242 2143 2142 2243 
2140 2215 2243 2142 
2215 2140 2138 2216 
2138 2136 2217 2216 
2218 2217 2136 2134 
2133 2219 2218 2134 
2133 2132 2220 2219 
2244 2155 2156 2245 
2246 2245 2156 2157 
2246 2157 2158 2247 
2158 2159 2248 2247 
2249 2160 2161 2250 
2161 2162 2251 2250 
2148 1989 1988 2239 
2162 2163 2252 2251 
2164 2253 2252 2163 
2165 2254 2253 2164 
2165 2167 2255 2254 
2256 2166 2169 2257 
2257 2169 2168 2258 
2258 2168 2170 2259 
2170 2171 2260 2259 
2260 2171 2173 2261 
2172 2262 2261 2173 
2262 2172 2174 2263 
2175 2176 2264 2265 
2264 2176 2177 2266 
2178 2267 2266 2177 
2178 2179 2268 2267 
2180 2269 2268 2179 
2269 2180 2182 2270 
2271 2272 2183 2185 
2271 2185 2184 2273 
2274 2273 2184 2275 
2149 2192 1991 1990 
2149 2276 2277 2192 
2191 2278 2279 2195 
2193 2280 2281 2196 
2197 2196 2281 2282 
2198 2283 2284 2199 
2200 2285 2286 2201 
2202 2201 2286 2287 
2203 2202 2287 2288 
2203 2288 2289 2204 
2221 2220 2132 2207 
2050 2222 2221 2207 
102 2290 2291 2049 
2292 2290 102 101 
101 2052 2223 2292 
2224 2223 2052 2053 
2053 2054 2225 2224 
2186 2229 2227 2187 
2229 2186 2188 2230 
2228 2293 258 257 
2092 2093 1032 1033 
2080 2081 1010 1011 
2083 1948 1814 1815 
1927 1928 1838 1839 
991 992 2111 2112 
1935 1828 1829 2100 
1000 999 2098 2099 
969 1010 2081 2082 
1952 1953 1809 1810 
1012 976 2076 2077 
1006 1034 2087 2089 
1006 2089 2091 1005 
1942 2090 1820 1821 
2078 973 1012 2077 
2078 2079 974 973 
2071 2072 1014 1013 
1955 1806 1807 2073 
2027 1926 1840 1896 
1023 1024 2113 2114 
2074 1036 1014 2072 
1957 1803 1805 2069 
2067 980 1017 2066 
966 2062 2064 1018 
1020 258 2293 2294 
198 1026 2104 2105 
2208 983 984 2214 
1022 1021 2117 2190 
1025 994 2109 2110 
988 987 2115 2116 
2101 1029 1000 2099 
1029 2101 2102 1028 
1933 1831 1832 1932 
2096 1031 1002 2095 
2295 2148 2239 2240 
2276 2149 2148 2295 
2005 2006 2167 2165 
98 102 2049 99 
2050 2049 2291 2222 
2222 2291 2048 2051 
2220 2221 2119 2120 
2296 2297 2129 2130 
2241 2128 2129 2297 
2242 2127 2128 2241 
1022 2190 2228 257 
2231 2293 2228 2206 
2188 2189 2231 2230 
2227 2229 2118 2059 
2214 2294 2189 2061 
2294 2293 2231 2189 
984 1020 2294 2214 
2284 2285 2200 2199 
2291 2290 106 2048 
2292 107 106 2290 
2223 2055 107 2292 
2057 2226 2225 2054 
2225 2205 2056 2224 
2298 2299 2211 2300 
2299 2232 2210 2211 
2063 2209 1964 1963 
2182 2183 2272 2270 
2280 2193 2195 2279 
2191 2195 2151 2150 
2278 2191 2192 2277 
2159 2160 2249 2248 
2243 2125 2127 2242 
2145 2144 2241 2297 
2243 2215 2126 2125 
1830 1934 2100 1829 
2113 1024 991 2112 
988 2116 2117 1021 
1015 981 2068 2070 
2080 1011 974 2079 
1034 1035 2088 2087 
1033 1005 2091 2092 
2094 1001 1032 2093 
1027 1028 2102 2103 
198 2105 2107 195 
1025 2110 2111 992 
2208 2209 1019 983 
2063 965 1019 2209 
2065 1016 1018 2064 
981 980 2067 2068 
1805 1804 1956 2069 
2071 1013 1015 2070 
2076 976 977 2075 
1951 1811 1812 1950 
970 969 2082 2084 
2085 1009 970 2084 
977 1036 2074 2075 
1943 1819 1820 2090 
1359 1363 1486 1484 
1733 1734 1610 1514 
2050 2207 2036 96 
2211 1982 1981 2300 
1986 1904 1773 1772 
2036 1916 97 96 
1575 1574 1300 1301 
1849 1906 1721 1720 
2282 2283 2198 2197 
1269 1438 1166 1165 
1874 2004 2002 1872 
2115 987 1023 2114 
2057 2187 2227 2226 
1990 1849 1848 1989 
1320 1321 1446 1444 
1533 1404 1268 49 
1313 1389 1236 1170 
1612 1613 1711 1710 
2174 2175 2265 2263 
63 65 1308 1307 
2167 2166 2256 2255 
1030 1031 2096 2097 
2237 2032 2031 2147 
2301 2302 2303 
2304 2305 2306 
2307 2308 2309 
2310 2311 2303 
2312 2313 2314 
2315 2316 2317 
2318 2319 2320 
2321 2322 2323 
2324 2325 2326 
2327 2312 2314 
2328 2318 2320 
2329 2330 2331 
2324 2326 2332 
2333 2334 2335 
2336 2337 2338 
2339 2340 2341 
2342 2343 2344 
2345 2346 2347 
2348 2349 2350 
2351 2352 2353 
2354 2355 2356 
2357 2358 2359 
2360 2361 2362 
2363 2364 2365 
2366 2367 2368 
2369 2361 2360 
2370 2371 2372 
2373 2374 2375 
2376 2377 2378 
2377 2379 2378 
2380 2381 2382 
2383 2365 2364 
2384 2367 2366 
2385 2386 2387 
2388 2358 2357 
2389 2390 2391 
2392 2389 2391 
2387 2393 2385 
2394 2374 2373 
2395 2396 2397 
2382 2381 2398 
2399 2353 2352 
2400 2355 2354 
2401 2343 2342 
2402 2403 2306 2404 
2403 2405 2406 2306 
2303 2406 2405 2301 
2301 2407 2309 2302 
2306 2305 2408 2404 
2409 2304 2306 2406 
2406 2303 2311 2409 
2408 2305 2410 2339 
2411 2302 2309 2308 
2303 2302 2411 2310 
2311 2315 2312 2409 
2304 2412 2410 2305 
2412 2304 2409 2312 
2333 2308 2307 2413 
2333 2337 2411 2308 
2337 2414 2310 2411 
2315 2311 2310 2414 
2315 2317 2313 2312 
2315 2414 2415 2316 
2335 2338 2337 2333 
2333 2413 2416 2334 
2417 2418 2419 2420 
2339 2410 2421 2340 
2412 2422 2421 2410 
2422 2412 2312 2327 
2417 2420 2319 2318 
2328 2331 2330 2318 
2331 2423 2424 2329 
2329 2322 2321 2330 
2321 2323 2325 2324 
2416 2425 2426 2334 
2338 2427 2428 2336 
2336 2415 2414 2337 
2415 2429 2430 2316 
2421 2422 2431 2432 
2433 2434 2435 2436 
2433 2436 2432 2437 
2432 2431 2438 2437 
2431 2439 2440 2438 
2439 2441 2442 2440 
2443 2442 2441 2444 
2445 2446 2443 2444 
2447 2446 2445 2430 
2429 2448 2447 2430 
2429 2428 2449 2448 
2430 2445 2317 2316 
2428 2427 2450 2449 
2427 2451 2452 2450 
2451 2426 2453 2452 
2425 2454 2453 2426 
2455 2456 2457 2458 
2458 2459 2460 2455 
2461 2462 2460 2459 
2461 2463 2464 2462 
2464 2463 2424 2465 
2461 2323 2322 2463 
2424 2423 2466 2465 
2423 2467 2468 2466 
2467 2469 2470 2468 
2471 2470 2469 2472 
2473 2474 2471 2472 
2475 2474 2473 2476 
2467 2423 2331 2328 
2463 2322 2329 2424 
2458 2326 2325 2459 
2434 2433 2477 2397 
2433 2437 2385 2477 
2436 2340 2421 2432 
2438 2440 2478 2342 
2440 2442 2352 2478 
2446 2345 2479 2443 
2354 2345 2446 2447 
2448 2357 2354 2447 
2480 2357 2448 2449 
2480 2449 2450 2378 
2450 2452 2481 2378 
2451 2427 2338 2335 
2452 2453 2391 2481 
2453 2454 2482 2391 
2456 2455 2360 2370 
2455 2460 2483 2360 
2460 2462 2364 2483 
2484 2364 2462 2464 
2465 2348 2484 2464 
2466 2373 2348 2465 
2485 2373 2466 2468 
2485 2468 2470 2366 
2486 2366 2470 2471 
2474 2381 2486 2471 
2487 2381 2474 2475 
2467 2328 2320 2469 
2472 2469 2320 2319 
2442 2443 2479 2352 
2488 2479 2345 2347 
2484 2348 2350 2489 
2435 2341 2340 2436 
2477 2385 2393 2490 
2373 2485 2491 2394 
2444 2441 2314 2313 
2439 2327 2314 2441 
2451 2335 2334 2426 
2481 2391 2390 2492 
2459 2325 2323 2461 
2444 2313 2317 2445 
2379 2493 2480 2378 
2458 2457 2332 2326 
2472 2319 2420 2473 
2476 2473 2420 2419 
2398 2381 2487 2494 
2360 2362 2371 2370 
2375 2349 2348 2373 
2376 2378 2481 2492 
2428 2429 2415 2336 
2495 2496 2372 2371 
2371 2362 2497 2495 
2362 2361 2498 2497 
2361 2369 2499 2498 
2398 2494 2500 2501 
2486 2381 2380 2502 
2382 2503 2504 2380 
2384 2366 2486 2502 
2380 2504 2505 2502 
2506 2507 2499 2369 
2363 2508 2507 2506 
2363 2365 2509 2508 
2509 2365 2383 2510 
2383 2489 2511 2510 
2489 2350 2512 2511 
2349 2513 2512 2350 
2375 2514 2513 2349 
2515 2514 2375 2374 
2374 2394 2516 2515 
2394 2491 2517 2516 
2491 2368 2518 2517 
2367 2519 2518 2368 
2396 2395 2520 2521 
2395 2490 2522 2520 
2490 2393 2523 2522 
2393 2387 2524 2523 
2395 2397 2477 2490 
2387 2386 2525 2524 
2343 2401 2526 2527 
2527 2528 2344 2343 
2529 2351 2530 2531 
2531 2526 2401 2529 
2351 2353 2532 2530 
2353 2399 2533 2532 
2534 2533 2399 2488 
2534 2488 2347 2535 
2347 2346 2536 2535 
2536 2346 2356 2537 
2356 2355 2538 2537 
2356 2346 2345 2354 
2355 2400 2539 2538 
2400 2359 2540 2539 
2359 2358 2541 2540 
2358 2388 2542 2541 
2388 2493 2543 2542 
2493 2379 2544 2543 
2379 2377 2545 2544 
2376 2492 2546 2547 
2390 2548 2546 2492 
2549 2548 2390 2389 
2392 2550 2549 2389 
2550 2392 2551 2552 
2386 2385 2342 2344 
2501 2503 2382 2398 
2503 2553 2554 2504 
2505 2555 2384 2502 
2555 2519 2367 2384 
2368 2491 2485 2366 
2518 2556 2557 2517 
2515 2516 2558 2559 
2484 2489 2383 2364 
2510 2511 2560 2561 
2483 2364 2363 2506 
2509 2510 2561 2562 
2509 2562 2563 2508 
2483 2506 2369 2360 
2495 2497 2564 2565 
2521 2520 2566 2567 
2566 2520 2522 2568 
2522 2523 2569 2568 
2523 2524 2570 2569 
2571 2570 2524 2525 
2528 2572 2571 2525 
2527 2573 2572 2528 
2527 2526 2574 2573 
2528 2525 2386 2344 
2526 2531 2575 2574 
2531 2530 2576 2575 
2530 2532 2577 2576 
2532 2533 2578 2577 
2533 2534 2579 2578 
2534 2535 2580 2579 
2581 2580 2535 2536 
2537 2582 2581 2536 
2538 2583 2582 2537 
2538 2539 2584 2583 
2539 2540 2585 2584 
2540 2541 2586 2585 
2587 2586 2541 2542 
2544 2545 2588 2589 
2544 2589 2590 2543 
2547 2546 2591 2592 
2548 2593 2591 2546 
2594 2593 2548 2549 
2550 2595 2594 2549 
2552 2596 2595 2550 
2392 2391 2482 2551 
2388 2357 2480 2493 
2590 2587 2542 2543 
2597 2598 2501 2500 
2598 2553 2503 2501 
2599 2505 2504 2554 
2519 2600 2556 2518 
2601 2602 2498 2499 
2602 2564 2497 2498 
2599 2603 2555 2505 
2603 2600 2519 2555 
2603 2599 2285 2284 
2600 2603 2284 2283 
2559 2604 2514 2515 
2559 2558 2280 2279 
2604 2559 2279 2278 
2605 2513 2514 2604 
2606 2560 2511 2512 
2560 2606 2276 2295 
2563 2562 2238 2236 
2607 2507 2508 2563 
2563 2236 2235 2607 
2601 2234 2233 2602 
2565 2608 2496 2495 
2608 2565 2299 2298 
2567 2566 2273 2274 
2568 2569 2272 2271 
2569 2570 2270 2272 
2571 2572 2268 2269 
2268 2572 2573 2267 
2573 2574 2266 2267 
2574 2575 2264 2266 
2401 2342 2478 2529 
2575 2576 2265 2264 
2576 2577 2263 2265 
2577 2578 2262 2263 
2579 2580 2260 2261 
2259 2581 2582 2258 
2257 2258 2582 2583 
2583 2584 2256 2257 
2256 2584 2585 2255 
2585 2586 2254 2255 
2587 2590 2252 2253 
2252 2590 2589 2251 
2251 2589 2588 2250 
2588 2592 2249 2250 
2545 2547 2592 2588 
2592 2591 2248 2249 
2594 2246 2247 2593 
2595 2245 2246 2594 
2596 2244 2245 2595 
2478 2352 2351 2529 
2273 2566 2568 2271 
2570 2571 2269 2270 
2547 2545 2377 2376 
2591 2593 2247 2248 
2399 2352 2479 2488 
2235 2234 2601 2607 
2564 2602 2233 2232 
2232 2299 2565 2564 
2580 2581 2259 2260 
2295 2240 2561 2560 
2437 2438 2342 2385 
2357 2359 2400 2354 
2289 2288 2598 2597 
2288 2287 2553 2598 
2283 2282 2556 2600 
2287 2286 2554 2553 
2285 2599 2554 2286 
2262 2578 2579 2261 
2513 2605 2606 2512 
2276 2606 2605 2277 
2240 2238 2562 2561 
2281 2557 2556 2282 
2281 2280 2558 2557 
2557 2558 2516 2517 
2278 2277 2605 2604 
2586 2587 2253 2254 
2439 2431 2422 2327 
2607 2601 2499 2507 
</DataArray>
<DataArray type="Int32" Name="offsets" format="ascii">
3
6
9
12
15
18
21
24
27
30
33
36
39
42
45
48
51
54
57
60
63
66
69
72
75
78
81
84
87
90
93
96
99
102
105
108
111
114
117
120
123
126
130
134
138
142
146
150
154
158
162
166
170
174
178
182
186
190
194
198
202
206
210
214
218
222
226
230
234
238
242
246
250
254
258
262
266
270
274
278
282
286
290
294
298
302
306
310
314
318
322
326
330
334
338
342
346
350
354
358
362
366
370
374
378
382
386
390
394
398
402
406
410
414
418
422
426
430
434
438
442
446
450
454
458
462
466
470
474
478
482
486
490
494
498
502
506
510
514
518
522
526
530
534
538
542
546
550
554
558
562
566
570
574
578
582
586
590
594
598
602
606
610
614
618
622
626
630
634
638
642
646
650
654
658
662
666
670
674
678
682
686
690
694
698
702
706
710
714
718
722
726
730
734
738
742
746
750
754
758
762
766
770
774
778
782
786
790
794
798
802
806
810
814
818
822
826
830
834
838
842
846
850
854
858
862
866
870
874
878
882
886
890
894
898
902
906
910
914
918
922
926
930
934
938
942
946
950
954
958
962
966
970
974
978
982
986
990
994
998
1002
1006
1010
1014
1018
1022
1026
1030
1034
1038
1042
1046
1050
1054
1058
1062
1066
1070
1074
1078
1082
1086
1090
1094
1098
1102
1106
1110
1114
1118
1122
1126
1130
1134
1138
1142
1146
1150
1154
1158
1162
1166
1170
1174
1178
1182
1186
1190
1194
1198
1202
1206
1210
1214
1218
1222
1226
1230
1234
1238
1242
1246
1250
1254
1258
1262
1266
1270
1274
1278
1282
1286
1290
1294
1298
1302
1306
1310
1314
1318
1322
1326
1330
1334
1338
1342
1346
1350
1354
1358
1362
1366
1370
1374
1378
1382
1386
1390
1394
1398
1402
1406
1410
1414
1418
1422
1426
1430
1434
1438
1442
1446
1450
1454
1458
1462
1466
1470
1474
1478
1482
1486
1490
1494
1498
1502
1506
1510
1514
1518
1522
1526
1530
1534
1538
1542
1546
1550
1554
1558
1562
1566
1570
1574
1578
1582
1586
1590
1594
1598
1602
1606
1610
1614
1618
1622
1626
1630
1634
1638
1642
1646
1650
1654
1658
1662
1666
1670
1674
1678
1682
1686
1690
1694
1698
1702
1706
1710
1714
1718
1722
1726
1730
1734
1738
1742
1746
1750
1754
1758
1762
1766
1770
1774
1778
1782
1786
1790
1794
1798
1802
1806
1810
1814
1818
1822
1826
1830
1834
1838
1842
1846
1850
1854
1858
1862
1866
1870
1874
1878
1882
1886
1890
1894
1898
1902
1906
1910
1914
1918
1922
1926
1930
1934
1938
1942
1946
1950
1954
1958
1962
1966
1970
1974
1978
1982
1986
1990
1994
1998
2002
2006
2010
2014
2018
2022
2026
2030
2034
2038
2042
2046
2050
2054
2058
2062
2066
2070
2074
2078
2082
2086
2090
2094
2098
2102
2106
2110
2114
2118
2122
2126
2130
2134
2138
2142
2146
2150
2154
2158
2162
2166
2170
2174
2178
2182
2186
2190
2194
2198
2202
2206
2210
2214
2218
2222
2226
2230
2234
2238
2242
2246
2250
2254
2258
2262
2266
2270
2274
2278
2282
2286
2290
2294
2298
2302
2306
2310
2314
2318
2322
2326
2330
2334
2338
2342
2346
2350
2354
2358
2362
2366
2370
2374
2378
2382
2386
2390
2394
2398
2402
2406
2410
2414
2418
2422
2426
2430
2434
2438
2442
2446
2450
2454
2458
2462
2466
2470
2474
2478
2482
2486
2490
2494
2498
2502
2506
2510
2514
2518
2522
2526
2530
2534
2538
2542
2546
2550
2554
2558
2562
2566
2570
2574
2578
2582
2586
2590
2594
2598
2602
2606
2610
2614
2618
2622
2626
2630
2634
2638
2642
2646
2650
2654
2658
2662
2666
2670
2674
2678
2682
2686
2690
2694
2698
2702
2706
2710
2714
2718
2722
2726
2730
2734
2738
2742
2746
2750
2754
2758
2762
2766
2770
2774
2778
2782
2786
2790
2794
2798
2802
2806
2810
2814
2818
2822
2826
2830
2834
2838
2842
2846
2850
2854
2858
2862
2866
2870
2874
2878
2882
2886
2890
2894
2898
2902
2906
2910
2914
2918
2922
2926
2930
2934
2938
2942
2946
2950
2954
2958
2962
2966
2970
2974
2978
2982
2986
2990
2994
2998
3002
3006
3010
3014
3018
3022
3026
3030
3034
3038
3042
3046
3050
3054
3058
3062
3066
3070
3074
3078
3082
3086
3090
3094
3098
3102
3106
3110
3114
3118
3122
3126
3130
3134
3138
3142
3146
3150
3154
3158
3162
3166
3170
3174
3178
3182
3186
3190
3194
3198
3202
3206
3210
3214
3218
3222
3226
3230
3234
3238
3242
3246
3250
3254
3258
3262
3266
3270
3274
3278
3282
3286
3290
3294
3298
3302
3306
3310
3314
3318
3322
3326
3330
3334
3338
3342
3346
3350
3354
3358
3362
3366
3370
3374
3378
3382
3386
3390
3394
3398
3402
3406
3410
3414
3418
3422
3426
3430
3434
3438
3442
3446
3450
3454
3458
3462
3466
3470
3474
3478
3482
3486
3490
3494
3498
3502
3506
3510
3514
3518
3522
3526
3530
3534
3538
3542
3546
3550
3554
3558
3562
3566
3570
3574
3578
3582
3586
3590
3594
3598
3602
3606
3610
3614
3618
3622
3626
3630
3634
3638
3642
3646
3650
3654
3658
3662
3666
3670
3674
3678
3682
3686
3690
3694
3698
3702
3706
3710
3714
3718
3722
3726
3730
3734
3738
3742
3746
3750
3754
3758
3762
3766
3770
3774
3778
3782
3786
3790
3794
3798
3802
3806
3810
3814
3818
3822
3826
3830
3834
3838
3842
3846
3850
3854
3858
3862
3866
3870
3874
3878
3882
3886
3890
3894
3898
3902
3906
3910
3914
3918
3922
3926
3930
3934
3938
3942
3946
3950
3954
3958
3962
3966
3970
3974
3978
3982
3986
3990
3994
3998
4002
4006
4010
4014
4018
4022
4026
4030
4034
4038
4042
4046
4050
4054
4058
4062
4066
4070
4074
4078
4082
4086
4090
4094
4098
4102
4106
4110
4114
4118
4122
4126
4130
4134
4138
4142
4146
4150
4154
4158
4162
4166
4170
4174
4178
4182
4186
4190
4194
4198
4202
4206
4210
4214
4218
4222
4226
4230
4234
4238
4242
4246
4250
4254
4258
4262
4266
4270
4274
4278
4282
4286
4290
4294
4298
4302
4306
4310
4314
4318
4322
4326
4330
4334
4338
4342
4346
4350
4354
4358
4362
4366
4370
4374
4378
4382
4386
4390
4394
4398
4402
4406
4410
4414
4418
4422
4426
4430
4434
4438
4442
4446
4450
4454
4458
4462
4466
4470
4474
4478
4482
4486
4490
4494
4498
4502
4506
4510
4514
4518
4522
4526
4530
4534
4538
4542
4546
4550
4554
4558
4562
4566
4570
4574
4578
4582
4586
4590
4594
4598
4602
4606
4610
4614
4618
4622
4626
4630
4634
4638
4642
4646
4650
4654
4658
4662
4666
4670
4674
4678
4682
4686
4690
4694
4698
4702
4706
4710
4714
4718
4722
4726
4730
4734
4738
4742
4746
4750
4754
4758
4762
4766
4770
4774
4778
4782
4786
4790
4794
4798
4802
4806
4810
4814
4818
4822
4826
4830
4834
4838
4842
4846
4850
4854
4858
4862
4866
4870
4874
4878
4882
4886
4890
4894
4898
4902
4906
4910
4914
4918
4922
4926
4930
4934
4938
4942
4946
4950
4954
4958
4962
4966
4970
4974
4978
4982
4986
4990
4994
4998
5002
5006
5010
5014
5018
5022
5026
5030
5034
5038
5042
5046
5050
5054
5058
5062
5066
5070
5074
5078
5082
5086
5090
5094
5098
5102
5106
5110
5114
5118
5122
5126
5130
5134
5138
5142
5146
5150
5154
5158
5162
5166
5170
5174
5178
5182
5186
5190
5194
5198
5202
5206
5210
5214
5218
5222
5226
5230
5234
5238
5242
5246
5250
5254
5258
5262
5266
5270
5274
5278
5282
5286
5290
5294
5298
5302
5306
5310
5314
5318
5322
5326
5330
5334
5338
5342
5346
5350
5354
5358
5362
5366
5370
5374
5378
5382
5386
5390
5394
5398
5402
5406
5410
5414
5418
5422
5426
5430
5434
5438
5442
5446
5450
5454
5458
5462
5466
5470
5474
5478
5482
5486
5490
5494
5498
5502
5506
5510
5514
5518
5522
5526
5530
5534
5538
5542
5546
5550
5554
5558
5562
5566
5570
5574
5578
5582
5586
5590
5594
5598
5602
5606
5610
5614
5618
5622
5626
5630
5634
5638
5642
5646
5650
5654
5658
5662
5666
5670
5674
5678
5682
5686
5690
5694
5698
5702
5706
5710
5714
5718
5722
5726
5730
5734
5738
5742
5746
5750
5754
5758
5762
5766
5770
5774
5778
5782
5786
5790
5794
5798
5802
5806
5810
5814
5818
5822
5826
5830
5834
5838
5842
5846
5850
5854
5858
5862
5866
5870
5874
5878
5882
5886
5890
5894
5898
5902
5906
5910
5914
5918
5922
5926
5930
5934
5938
5942
5946
5950
5954
5958
5962
5966
5970
5974
5978
5982
5986
5990
5994
5998
6002
6006
6010
6014
6018
6022
6026
6030
6034
6038
6042
6046
6050
6054
6058
6062
6066
6070
6074
6078
6082
6086
6090
6094
6098
6102
6106
6110
6114
6118
6122
6126
6130
6134
6138
6142
6146
6150
6154
6158
6162
6166
6170
6174
6178
6182
6186
6190
6194
6198
6202
6206
6210
6214
6218
6222
6226
6230
6234
6238
6242
6246
6250
6254
6258
6262
6266
6270
6274
6278
6282
6286
6290
6294
6298
6302
6306
6310
6314
6318
6322
6326
6330
6334
6338
6342
6346
6350
6354
6358
6362
6366
6370
6374
6378
6382
6386
6390
6394
6398
6402
6406
6410
6414
6418
6422
6426
6430
6434
6438
6442
6446
6450
6454
6458
6462
6466
6470
6474
6478
6482
6486
6490
6494
6498
6502
6506
6510
6514
6518
6522
6526
6530
6534
6538
6542
6546
6550
6554
6558
6562
6566
6570
6574
6578
6582
6586
6590
6594
6598
6602
6606
6610
6614
6618
6622
6626
6630
6634
6638
6642
6646
6650
6654
6658
6662
6666
6670
6674
6678
6682
6686
6690
6694
6698
6702
6706
6710
6714
6718
6722
6726
6730
6734
6738
6742
6746
6750
6754
6758
6762
6766
6770
6774
6778
6782
6786
6790
6794
6798
6802
6806
6810
6814
6818
6822
6826
6830
6834
6838
6842
6846
6850
6854
6858
6862
6866
6870
6874
6878
6882
6886
6890
6894
6898
6902
6906
6910
6914
6918
6922
6926
6930
6934
6938
6942
6946
6950
6954
6958
6962
6966
6970
6974
6978
6982
6986
6990
6994
6998
7002
7006
7010
7014
7018
7022
7026
7030
7034
7038
7042
7046
7050
7054
7058
7062
7066
7070
7074
7078
7082
7086
7090
7094
7098
7102
7106
7110
7114
7118
7122
7126
7130
7134
7138
7142
7146
7150
7154
7158
7162
7166
7170
7174
7178
7182
7186
7190
7194
7198
7202
7206
7210
7214
7218
7222
7226
7230
7234
7238
7242
7246
7250
7254
7258
7262
7266
7270
7274
7278
7282
7286
7290
7294
7298
7302
7306
7310
7314
7318
7322
7326
7330
7334
7338
7342
7346
7350
7354
7358
7362
7366
7370
7374
7378
7382
7386
7390
7394
7398
7402
7406
7410
7414
7418
7422
7426
7430
7434
7438
7442
7446
7450
7454
7458
7462
7466
7470
7474
7478
7482
7486
7490
7494
7498
7502
7506
7510
7514
7518
7522
7526
7530
7534
7538
7542
7546
7550
7554
7558
7562
7566
7570
7574
7578
7582
7586
7590
7594
7598
7602
7606
7610
7614
7618
7622
7626
7630
7634
7638
7642
7646
7650
7654
7658
7662
7666
7670
7674
7678
7682
7686
7690
7694
7698
7702
7706
7710
7714
7718
7722
7726
7730
7734
7738
7742
7746
7750
7754
7758
7762
7766
7770
7774
7778
7782
7786
7790
7794
7798
7802
7806
7810
7814
7818
7822
7826
7830
7834
7838
7842
7846
7850
7854
7858
7862
7866
7870
7874
7878
7882
7886
7890
7894
7898
7902
7906
7910
7914
7918
7922
7926
7930
7934
7938
7942
7946
7950
7954
7958
7962
7966
7970
7974
7978
7982
7986
7990
7994
7998
8002
8006
8010
8014
8018
8022
8026
8030
8034
8038
8042
8046
8050
8054
8058
8062
8066
8070
8074
8078
8082
8086
8090
8094
8098
8102
8106
8110
8114
8118
8122
8126
8130
8134
8138
8142
8146
8150
8154
8158
8162
8166
8170
8174
8178
8182
8186
8190
8194
8198
8202
8206
8210
8214
8218
8222
8226
8230
8234
8238
8242
8246
8250
8254
8258
8262
8266
8270
8274
8278
8282
8286
8290
8294
8298
8302
8306
8310
8314
8318
8322
8326
8330
8334
8338
8342
8346
8350
8354
8358
8362
8366
8370
8374
8378
8382
8386
8390
8394
8398
8402
8406
8410
8414
8418
8422
8426
8430
8434
8438
8442
8446
8450
8454
8458
8462
8466
8470
8474
8478
8482
8486
8490
8494
8498
8502
8506
8510
8514
8518
8522
8526
8530
8534
8538
8542
8546
8550
8554
8558
8562
8566
8570
8574
8578
8582
8586
8590
8594
8598
8602
8606
8610
8614
8618
8622
8626
8630
8634
8638
8642
8646
8650
8654
8658
8662
8666
8670
8674
8678
8682
8686
8690
8694
8698
8702
8706
8710
8714
8718
8722
8726
8730
8734
8738
8742
8746
8750
8754
8758
8762
8766
8770
8774
8778
8782
8786
8790
8793
8796
8799
8802
8805
8808
8811
8814
8817
8820
8823
8826
8829
8832
8835
8838
8841
8844
8847
8850
8853
8856
8859
8862
8865
8868
8871
8874
8877
8880
8883
8886
8889
8892
8895
8898
8901
8904
8907
8910
8913
8916
8919
8922
8926
8930
8934
8938
8942
8946
8950
8954
8958
8962
8966
8970
8974
8978
8982
8986
8990
8994
8998
9002
9006
9010
9014
9018
9022
9026
9030
9034
9038
9042
9046
9050
9054
9058
9062
9066
9070
9074
9078
9082
9086
9090
9094
9098
9102
9106
9110
9114
9118
9122
9126
9130
9134
9138
9142
9146
9150
9154
9158
9162
9166
9170
9174
9178
9182
9186
9190
9194
9198
9202
9206
9210
9214
9218
9222
9226
9230
9234
9238
9242
9246
9250
9254
9258
9262
9266
9270
9274
9278
9282
9286
9290
9294
9298
9302
9306
9310
9314
9318
9322
9326
9330
9334
9338
9342
9346
9350
9354
9358
9362
9366
9370
9374
9378
9382
9386
9390
9394
9398
9402
9406
9410
9414
9418
9422
9426
9430
9434
9438
9442
9446
9450
9454
9458
9462
9466
9470
9474
9478
9482
9486
9490
9494
9498
9502
9506
9510
9514
9518
9522
9526
9530
9534
9538
9542
9546
9550
9554
9558
9562
9566
9570
9574
9578
9582
9586
9590
9594
9598
9602
9606
9610
9614
9618
9622
9626
9630
9634
9638
9642
9646
9650
9654
9658
9662
9666
9670
9674
9678
9682
9686
9690
9694
9698
9702
9706
9710
9714
9718
9722
9726
9730
9734
9738
9742
9746
9750
9754
9758
9762
9766
9770
9774
9778
9782
9786
9790
9794
9798
9802
9806
9810
9814
9818
9822
9826
9830
9834
9838
9842
9846
9850
9854
9858
9862
9866
9870
9874
9878
9882
9886
9890
9894
9898
9902
9906
9910
9914
9918
9922
9926
9930
9934
9938
9942
9946
9950
9954
9958
9962
9966
9970
9974
9978
9982
9986
9990
9994
9998
10002
10006
10010
10014
10018
10022
10026
10030
10034
10038
10042
10046
10050
10054
10058
10062
10066
10070
10074
10078
</DataArray>
<DataArray type="UInt8" Name="types" format="ascii">
5
5
5
5
5
5
5
5
5
5
5
5
5
5
5
5
5
5
5
5
5
5
5
5
5
5
5
5
5
5
5
5
5
5
5
5
5
5
5
5
5
5
9
9
9
9
9
9
9
9
9
9
9
9
9
9
9
9
9
9
9
9
9
9
9
9
9
9
9
9
9
9
9
9
9
9
9
9
9
9
9
9
9
9
9
9
9
9
9
9
9
9
9
9
9
9
9
9
9
9
9
9
9
9
9
9
9
9
9
9
9
9
9
9
9
9
9
9
9
9
9
9
9
9
9
9
9
9
9
9
9
9
9
9
9
9
9
9
9
9
9
9
9
9
9
9
9
9
9
9
9
9
9
9
9
9
9
9
9
9
9
9
9
9
9
9
9
9
9
9
9
9
9
9
9
9
9
9
9
9
9
9
9
9
9
9
9
9
9
9
9
9
9
9
9
9
9
9
9
9
9
9
9
9
9
9
9
9
9
9
9
9
9
9
9
9
9
9
9
9
9
9
9
9
9
9
9
9
9
9
9
9
9
9
9
9
9
9
9
9
9
9
9
9
9
9
9
9
9
9
9
9
9
9
9
9
9
9
9
9
9
9
9
9
9
9
9
9
9
9
9
9
9
9
9
9
9
9
9
9
9
9
9
9
9
9
9
9
9
9
9
9
9
9
9
9
9
9
9
9
9
9
9
9
9
9
9
9
9
9
9
9
9
9
9
9
9
9
9
9
9
9
9
9
9
9
9
9
9
9
9
9
9
9
9
9
9
9
9
9
9
9
9
9
9
9
9
9
9
9
9
9
9
9
9
9
9
9
9
9
9
9
9
9
9
9
9
9
9
9
9
9
9
9
9
9
9
9
9
9
9
9
9
9
9
9
9
9
9
9
9
9
9
9
9
9
9
9
9
9
9
9
9
9
9
9
9
9
9
9
9
9
9
9
9
9
9
9
9
9
9
9
9
9
9
9
9
9
9
9
9
9
9
9
9
9
9
9
9
9
9
9
9
9
9
9
9
9
9
9
9
9
9
9
9
9
9
9
9
9
9
9
9
9
9
9
9
9
9
9
9
9
9
9
9
9
9
9
9
9
9
9
9
9
9
9
9
9
9
9
9
9
9
9
9
9
9
9
9
9
9
9
9
9
9
9
9
9
9
9
9
9
9
9
9
9
9
9
9
9
9
9
9
9
9
9
9
9
9
9
9
9
9
9
9
9
9
9
9
9
9
9
9
9
9
9
9
9
9
9
9
9
9
9
9
9
9
9
9
9
9
9
9
9
9
9
9
9
9
9
9
9
9
9
9
9
9
9
9
9
9
9
9
9
9
9
9
9
9
9
9
9
9
9
9
9
9
9
9
9
9
9
9
9
9
9
9
9
9
9
9
9
9
9
9
9
9
9
9
9
9
9
9
9
9
9
9
9
9
9
9
9
9
9
9
9
9
9
9
9
9
9
9
9
9
9
9
9
9
9
9
9
9
9
9
9
9
9
9
9
9
9
9
9
9
9
9
9
9
9
9
9
9
9
9
9
9
9
9
9
9
9
9
9
9
9
9
9
9
9
9
9
9
9
9
9
9
9
9
9
9
9
9
9
9
9
9
9
9
9
9
9
9
9
9
9
9
9
9
9
9
9
9
9
9
9
9
9
9
9
9
9
9
9
9
9
9
9
9
9
9
9
9
9
9
9
9
9
9
9
9
9
9
9
9
9
9
9
9
9
9
9
9
9
9
9
9
9
9
9
9
9
9
9
9
9
9
9
9
9
9
9
9
9
9
9
9
9
9
9
9
9
9
9
9
9
9
9
9
9
9
9
9
9
9
9
9
9
9
9
9
9
9
9
9
9
9
9
9
9
9
9
9
9
9
9
9
9
9
9
9
9
9
9
9
9
9
9
9
9
9
9
9
9
9
9
9
9
9
9
9
9
9
9
9
9
9
9
9
9
9
9
9
9
9
9
9
9
9
9
9
9
9
9
9
9
9
9
9
9
9
9
9
9
9
9
9
9
9
9
9
9
9
9
9
9
9
9
9
9
9
9
9
9
9
9
9
9
9
9
9
9
9
9
9
9
9
9
9
9
9
9
9
9
9
9
9
9
9
9
9
9
9
9
9
9
9
9
9
9
9
9
9
9
9
9
9
9
9
9
9
9
9
9
9
9
9
9
9
9
9
9
9
9
9
9
9
9
9
9
9
9
9
9
9
9
9
9
9
9
9
9
9
9
9
9
9
9
9
9
9
9
9
9
9
9
9
9
9
9
9
9
9
9
9
9
9
9
9
9
9
9
9
9
9
9
9
9
9
9
9
9
9
9
9
9
9
9
9
9
9
9
9
9
9
9
9
9
9
9
9
9
9
9
9
9
9
9
9
9
9
9
9
9
9
9
9
9
9
9
9
9
9
9
9
9
9
9
9
9
9
9
9
9
9
9
9
9
9
9
9
9
9
9
9
9
9
9
9
9
9
9
9
9
9
9
9
9
9
9
9
9
9
9
9
9
9
9
9
9
9
9
9
9
9
9
9
9
9
9
9
9
9
9
9
9
9
9
9
9
9
9
9
9
9
9
9
9
9
9
9
9
9
9
9
9
9
9
9
9
9
9
9
9
9
9
9
9
9
9
9
9
9
9
9
9
9
9
9
9
9
9
9
9
9
9
9
9
9
9
9
9
9
9
9
9
9
9
9
9
9
9
9
9
9
9
9
9
9
9
9
9
9
9
9
9
9
9
9
9
9
9
9
9
9
9
9
9
9
9
9
9
9
9
9
9
9
9
9
9
9
9
9
9
9
9
9
9
9
9
9
9
9
9
9
9
9
9
9
9
9
9
9
9
9
9
9
9
9
9
9
9
9
9
9
9
9
9
9
9
9
9
9
9
9
9
9
9
9
9
9
9
9
9
9
9
9
9
9
9
9
9
9
9
9
9
9
9
9
9
9
9
9
9
9
9
9
9
9
9
9
9
9
9
9
9
9
9
9
9
9
9
9
9
9
9
9
9
9
9
9
9
9
9
9
9
9
9
9
9
9
9
9
9
9
9
9
9
9
9
9
9
9
9
9
9
9
9
9
9
9
9
9
9
9
9
9
9
9
9
9
9
9
9
9
9
9
9
9
9
9
9
9
9
9
9
9
9
9
9
9
9
9
9
9
9
9
9
9
9
9
9
9
9
9
9
9
9
9
9
9
9
9
9
9
9
9
9
9
9
9
9
9
9
9
9
9
9
9
9
9
9
9
9
9
9
9
9
9
9
9
9
9
9
9
9
9
9
9
9
9
9
9
9
9
9
9
9
9
9
9
9
9
9
9
9
9
9
9
9
9
9
9
9
9
9
9
9
9
9
9
9
9
9
9
9
9
9
9
9
9
9
9
9
9
9
9
9
9
9
9
9
9
9
9
9
9
9
9
9
9
9
9
9
9
9
9
9
9
9
9
9
9
9
9
9
9
9
9
9
9
9
9
9
9
9
9
9
9
9
9
9
9
9
9
9
9
9
9
9
9
9
9
9
9
9
9
9
9
9
9
9
9
9
9
9
9
9
9
9
9
9
9
9
9
9
9
9
9
9
9
9
9
9
9
9
9
9
9
9
9
9
9
9
9
9
9
9
9
9
9
9
9
9
9
9
9
9
9
9
9
9
9
9
9
9
9
9
9
9
9
9
9
9
9
9
9
9
9
9
9
9
9
9
9
9
9
9
9
9
9
9
9
9
9
9
9
9
9
9
9
9
9
9
9
9
9
9
9
9
9
9
9
9
9
9
9
9
9
9
9
9
9
9
9
9
9
9
9
9
9
9
9
9
9
9
9
9
9
9
9
9
9
9
9
9
9
9
9
9
9
9
9
9
9
9
9
9
9
9
9
9
9
9
9
9
9
9
9
9
9
9
9
9
9
9
9
9
9
9
9
9
9
9
9
9
9
9
9
9
9
9
9
9
9
9
9
9
9
9
9
9
9
9
9
9
9
9
9
9
9
9
9
9
9
9
9
9
9
9
9
9
9
9
9
9
9
9
9
9
9
9
9
9
9
9
9
9
9
9
9
9
9
9
9
9
9
9
9
9
9
9
9
9
9
9
9
9
9
9
9
9
9
9
9
9
9
9
9
9
9
9
9
9
9
9
9
9
9
9
9
9
9
9
9
9
9
9
9
9
9
9
9
9
9
9
9
9
9
9
9
9
9
9
9
9
9
9
9
9
9
9
9
9
9
9
9
9
9
9
9
9
9
9
9
9
9
9
9
9
9
9
9
9
9
9
9
9
9
9
9
9
9
9
9
9
9
9
9
9
9
9
9
9
9
9
9
9
9
9
9
9
9
9
9
9
9
9
9
9
9
9
9
9
9
9
9
9
9
9
9
9
9
9
9
9
9
9
9
9
9
9
9
9
9
9
9
9
9
9
9
9
9
9
9
9
9
9
9
9
9
9
9
9
9
9
9
9
9
9
9
9
9
9
9
9
9
9
9
9
9
9
9
9
9
9
9
9
9
9
9
9
9
9
9
9
9
9
9
9
9
9
9
9
9
9
9
9
9
9
9
9
9
9
9
9
9
9
9
9
9
9
9
9
9
9
9
9
9
9
9
9
9
9
9
9
9
9
9
9
9
9
9
9
9
9
9
9
9
9
9
9
9
9
9
9
9
9
9
9
9
9
9
9
9
9
9
9
9
9
9
9
9
9
9
9
9
9
9
9
9
9
9
9
9
9
9
9
9
9
9
9
9
9
9
9
9
9
9
9
9
9
9
9
9
9
9
9
9
9
9
9
9
9
9
9
9
9
9
9
9
9
9
9
9
9
9
9
9
9
9
9
9
9
9
9
9
9
9
9
9
9
9
9
9
9
9
9
9
9
9
9
9
9
9
9
9
9
9
9
9
9
9
9
9
9
9
9
9
9
9
9
9
9
9
9
9
9
9
9
9
9
9
9
9
9
9
9
9
9
9
9
9
9
9
9
9
9
9
9
9
9
9
9
9
9
9
9
5
5
5
5
5
5
5
5
5
5
5
5
5
5
5
5
5
5
5
5
5
5
5
5
5
5
5
5
5
5
5
5
5
5
5
5
5
5
5
5
5
5
5
5
9
9
9
9
9
9
9
9
9
9
9
9
9
9
9
9
9
9
9
9
9
9
9
9
9
9
9
9
9
9
9
9
9
9
9
9
9
9
9
9
9
9
9
9
9
9
9
9
9
9
9
9
9
9
9
9
9
9
9
9
9
9
9
9
9
9
9
9
9
9
9
9
9
9
9
9
9
9
9
9
9
9
9
9
9
9
9
9
9
9
9
9
9
9
9
9
9
9
9
9
9
9
9
9
9
9
9
9
9
9
9
9
9
9
9
9
9
9
9
9
9
9
9
9
9
9
9
9
9
9
9
9
9
9
9
9
9
9
9
9
9
9
9
9
9
9
9
9
9
9
9
9
9
9
9
9
9
9
9
9
9
9
9
9
9
9
9
9
9
9
9
9
9
9
9
9
9
9
9
9
9
9
9
9
9
9
9
9
9
9
9
9
9
9
9
9
9
9
9
9
9
9
9
9
9
9
9
9
9
9
9
9
9
9
9
9
9
9
9
9
9
9
9
9
9
9
9
9
9
9
9
9
9
9
9
9
9
9
9
9
9
9
9
9
9
9
9
9
9
9
9
9
9
9
9
9
9
9
9
9
9
9
9
9
9
9
9
9
9
9
9
9
9
9
9
9
9
9
9
9
9
9
9
9
9
9
9
9
9
</DataArray>
</Cells>
<CellData>
<DataArray type="Float64" Name="density" format="ascii">
45.40354222
49.35850351
49.38869784
49.96593999
45.17638451
46.24248108
49.57208991
44.5315019
48.4572364
44.29587128
47.24892781
44.69849677
47.35675401
48.34540782
45.31142625
45.08769525
49.8997585
45.62495005
45.72478965
50
47.60585702
49.8967686
48.62128641
44.30174134
45.36314165
45.49593155
47.2546432
45.43750994
45.64408902
48.15189296
47.36480287
45.10220255
47.06370301
49.99999976
48.19526976
46.09370107
49.99999941
43.04297186
49.99999952
41.73141799
47.76299116
47.61297987
31.90471099
21.46374536
22.38834507
18.45377224
29.80709585
37.23305302
34.39540308
22.22904078
45.00366611
27.01285709
34.736896
38.62305804
35.45619405
39.29259916
38.8455455
38.77970332
38.12356969
35.53807659
36.9709885
35.17601491
29.65345782
34.49568694
41.73382808
49.30615955
43.85818267
49.35432744
37.40900789
38.80331638
19.04864155
28.18408502
48.01230587
38.31611906
22.77254176
33.79600224
22.47653644
34.60483193
22.16826356
23.15096423
34.38170204
30.11056151
35.69981056
47.96060455
35.30177869
35.58060179
34.94880953
22.62399721
34.84655299
29.10264442
29.70355075
34.54838449
34.38332714
34.44965808
45.88799905
34.55172321
35.50285086
34.70576676
35.61634829
31.38352024
20.98777876
18.69545086
32.82099967
21.96600202
33.35765187
38.04267866
39.31077683
34.87648252
34.97579271
35.48197931
35.6635329
31.79188113
34.53810536
38.51669857
35.15528658
32.62178521
34.50883039
31.52647932
34.37686971
39.394372
38.80935448
38.99785456
39.00941543
23.29402245
22.53809036
23.18262045
21.21965569
39.40959808
27.46901358
38.71148098
30.96615646
35.02820948
38.7071394
35.04765136
38.2825566
26.37186765
27.00581864
29.30504461
26.22463799
38.50183547
49.11861901
37.4402621
39.32212893
48.51170755
33.25566261
43.02011448
44.87910831
49.99999854
47.66941305
47.67367389
43.80719248
24.56050604
45.12069164
47.30548658
47.06830727
49.99999909
40.58087103
24.94546913
20.41581683
46.62296994
45.09043845
49.99999887
49.99999982
24.59852813
45.06725013
49.99999836
43.92672871
45.62467407
49.99999982
44.275031
40.5059636
49.99999556
49.92253823
48.64536328
47.13860564
46.28111024
45.50294904
44.79202107
44.45584124
45.57561635
46.43269068
46.96936924
47.4623264
45.06402149
40.91091237
42.21895461
38.57814072
34.20410868
32.20791978
30.12399192
25.97944432
23.5156762
20.00313888
22.16043197
31.76308024
30.77173811
21.72673837
22.60872661
24.19384192
25.67141804
23.21879753
28.5322955
31.09738689
34.94655819
37.75141749
38.68290366
48.2884244
48.33325543
47.7961741
47.26186922
46.50800977
37.2502474
49.99999965
44.9374348
45.66461899
46.49469545
48.11330177
49.99999498
49.99999797
49.99999681
49.99999535
49.99999895
50
49.99999833
49.99999869
49.99999977
49.99999924
49.99999901
49.99999762
49.99999967
49.99999578
49.99999754
49.99999929
49.99999981
49.99999992
49.99999969
50
44.50312417
38.64172328
36.91991829
35.59070051
30.34622043
24.47269781
21.12049844
23.68024354
29.74141783
42.57149611
24.8528799
22.90772209
25.9405299
29.82645688
26.46230705
33.88506869
36.10990189
41.83704865
48.44263907
49.99999976
49.99999991
49.99999899
49.99999978
49.99999994
49.99999967
37.50958012
49.9999978
49.99999593
49.99999599
49.99999912
49.99999797
49.99999892
49.99999859
49.99999879
49.99999953
49.99999889
33.94391434
49.99999999
49.99999994
49.99999998
49.99999986
49.9999991
49.99999989
49.99999995
49.99999932
49.99999685
49.99999977
49.99999865
49.99999832
49.99999908
49.99999617
50
43.82769833
40.91550862
34.49795567
25.9652703
21.61250147
28.03688642
30.14280504
45.14190238
25.03409268
23.65824579
29.17670395
31.57564646
36.61794897
42.05836746
50
49.99999891
49.99999864
49.99999798
49.99999867
49.9999972
49.99999802
49.99999823
44.59329265
49.99999996
49.99999952
49.99999958
49.99999911
49.99999947
49.99999945
49.99999983
49.6353115
49.99999998
48.58382987
39.0420916
46.34711192
46.40862299
46.09944281
43.92389482
43.97018241
44.78787106
49.99999999
49.99999951
49.9999992
49.99999835
49.99999885
49.99999894
49.9999993
49.99999987
49.99999999
37.13588394
22.00735092
28.89568393
38.62790428
46.08302231
25.47003512
34.66907026
31.26164913
47.13845998
49.99999713
49.99999903
49.99999807
49.99999818
49.99999981
49.99999967
49.9999993
49.99999972
49.99999649
47.57369245
48.25293632
48.42052688
48.98445092
49.20548108
48.55225992
46.41756244
46.54496116
46.59757988
40.01485782
40.83945076
42.96285665
39.52263469
39.07326489
42.8735617
49.99999722
49.99999954
49.99999939
49.99999974
49.99999974
38.75398342
31.22906782
47.08993986
30.91688064
48.85501005
46.05545212
49.99999859
49.99999994
49.99999937
49.99999852
46.92030409
48.11419206
49.36170164
48.54833965
40.04645728
42.46145747
40.83064914
41.3207215
26.3595292
49.99999945
49.99999856
47.26036254
45.11503617
44.10630913
42.76980906
47.10627668
39.18244014
39.95252242
49.99999899
49.99999987
49.99999954
46.73565618
49.99999987
49.99999824
49.9999994
35.28657441
25.89311239
49.99999995
49.99999964
49.99999901
47.94702803
46.95556067
44.61244516
45.92178526
48.63797847
46.70955367
48.68093121
48.88656458
49.22270193
47.14895681
41.75994861
46.96007082
49.99999997
49.99999758
49.9999997
44.56699131
45.28967959
46.55042434
47.43262163
47.49873944
48.01204273
48.44638746
49.70943514
48.921244
43.45495692
43.52969186
44.01659481
43.19495237
40.24097366
42.20484214
39.96542753
39.74752151
43.73382494
41.18902291
45.12853854
49.99999997
49.99999836
45.83309829
49.99999917
49.99999999
46.16856936
49.99999715
49.99999955
48.46283539
45.3860909
49.99999998
44.67683444
47.08993921
46.78655333
48.33104192
48.43068675
48.70303668
49.53884609
49.69526724
49.56443392
44.01119135
39.92700564
41.84734085
40.01227304
41.17752227
43.05459464
44.40520331
48.30246415
48.02208357
47.14719593
49.99999882
49.99999955
44.80907254
44.12775627
45.21801312
47.12227613
47.89443489
48.64478828
49.31947711
43.70267707
43.71028749
43.54290841
40.84309909
40.90536158
40.96834558
41.26548166
42.18324752
41.78525914
42.99620353
42.9563979
45.53121583
43.66492125
44.56218854
46.30231532
47.37786101
49.99999995
49.99999743
40.23929423
49.84003451
49.99999948
49.99999992
46.0870536
49.99999996
44.0453056
44.62156535
44.06793068
44.23185271
44.38528322
44.59864453
45.47245494
46.24182763
46.8268475
47.53198574
48.17434094
48.01973357
48.3908455
48.6538256
48.72988568
49.58247528
49.6503647
49.36164781
49.60805216
45.93052348
49.99999888
49.99999786
49.47618127
39.760597
49.99999822
48.87767255
49.17078118
43.9662466
43.06883392
41.67918126
42.45553908
40.92592677
40.97375887
41.31884411
42.43991623
42.47882389
45.02261634
43.21461278
45.39487183
49.99999992
47.87584239
49.99999917
49.99999885
49.99999759
49.99999991
49.99999676
49.99999932
49.99999993
48.64690731
43.95269961
45.55776304
43.83342819
44.06000147
44.08714549
44.35413069
44.91927048
45.75901688
46.85820776
46.32288177
46.44250882
47.3113016
47.69420488
47.73375549
48.30972768
48.54971008
48.80520501
48.93263084
49.60199603
49.4441853
49.65527896
49.29362152
49.64721171
49.19792058
46.43827149
45.26061033
39.27034632
49.99999844
49.9999987
43.82302478
43.99047759
42.49125219
41.47627176
40.5225301
40.59492484
40.87200363
41.49805816
43.87968485
44.50204318
45.46605463
44.57111599
46.28326538
46.41066439
47.29703956
47.12684265
46.28250336
45.59297626
46.29369855
49.99999974
49.99999896
48.34495682
49.99999863
49.99999996
47.18098438
44.30677237
43.38710851
44.07679013
43.98091661
44.1953804
43.99208356
44.70495445
45.29651934
45.06152188
45.97734159
46.01518647
46.87806559
47.31539975
47.48655983
48.13850955
47.82247695
48.83050972
48.99988639
49.65905799
49.63717864
49.17072995
49.69704859
49.24878246
42.43169224
43.39634653
49.14357597
47.66984817
38.88295722
49.75014308
45.08578635
43.5743158
43.85384784
40.93681218
40.5503249
41.01351192
41.86980242
42.82282562
43.79029236
44.68281846
45.94150794
46.15763301
47.04898388
47.25155836
45.78249148
45.56984142
49.99999992
49.9999995
49.99999918
44.02673759
43.08386086
44.09401714
43.66384775
44.12424216
43.80607061
44.09325412
44.31070665
45.50937336
44.63465684
44.63409541
45.53227453
45.5810057
46.48716877
46.98063392
48.42453311
48.85687116
49.77231122
49.5154619
49.75362187
41.28089406
46.17136405
47.31295206
46.69161243
46.24971632
48.3893713
38.59134902
43.91677554
47.99707898
43.25529446
43.14215802
41.89546832
40.77628154
40.46732917
40.24017287
43.47717901
44.49751893
45.404222
47.06590348
46.81593253
48.26645671
47.84768146
47.74994597
45.24851386
46.89904022
46.53873699
46.82874259
43.69118127
42.81357074
43.26218665
43.77455752
43.77179871
43.64722901
43.8374106
43.99024381
44.25318193
46.08363278
47.20550405
48.4797547
47.18119446
49.89309554
43.49293473
44.32740917
41.37369979
43.88747812
46.25232053
38.3867806
38.2678116
47.30895869
49.00810766
43.70102281
43.6724544
43.73037813
44.25903248
49.1435976
49.01431117
48.88949454
49.78274565
42.85852479
41.84498621
41.25682949
40.31164647
40.14359248
41.40532443
41.98099001
43.16135158
45.36086487
45.42222852
46.33542731
48.0119638
47.63078835
47.64671148
48.03034883
48.84824149
47.93440623
48.37358576
48.69803336
48.18604793
47.41950649
49.99999847
49.9999992
49.99999993
49.99999856
49.76225814
43.35376204
43.74969681
43.86917721
43.92887685
43.6244055
43.70314256
43.6875802
43.7885971
43.98788769
44.64315886
45.09307522
45.56695438
46.81874036
47.56058358
48.90929017
48.97975882
49.32279994
49.94426233
49.12057328
48.78748567
49.79677694
49.47372634
49.99999986
49.99999982
46.85766036
44.96088112
38.28996198
46.03207011
46.53456173
42.7713341
44.28437698
42.39750698
42.9739093
41.10999687
40.57523443
39.90211813
40.85384137
40.23070696
42.16661676
42.73612949
44.08353297
46.57730811
46.49350124
47.36490298
48.48688539
48.75959345
49.20829189
48.8049999
48.42638577
47.65374662
48.22616281
49.99999871
49.99999945
49.20629968
49.9999998
45.213754
43.38000729
43.52212383
43.85791191
44.10600175
44.43960633
43.77530751
43.71102858
43.93330307
43.72333055
43.82278036
43.95643322
44.21658286
45.5901801
44.56160288
46.15876677
44.86671293
46.29475668
48.31794653
48.96440904
48.90547249
49.48094719
49.95664229
48.96248648
48.66245035
49.81800696
49.59808497
42.77648873
39.71685202
40.61568052
43.75084303
45.24474442
48.87220465
49.21595599
49.30382421
48.76211202
48.43589721
46.8634927
47.64586416
48.25157333
49.99999983
38.46714457
49.99999998
43.00091825
46.1985111
43.91133754
44.12269987
44.63648853
44.22922647
44.06153064
43.80085147
43.896081
45.00465296
44.06570443
45.62022236
48.12956502
46.64865937
49.58880653
49.98947738
48.76233766
49.83553541
49.69954942
48.99263472
49.99999962
43.8048234
39.93214492
47.64850943
48.39812616
43.18029538
44.6722128
44.37937895
47.82518179
44.81418136
47.20041716
49.74442206
49.99999998
47.92752771
47.99815717
45.34609671
47.73020817
49.56407039
49.5924748
46.14482724
48.30761239
47.50231243
49.99999997
45.45420191
49.99999998
48.76389438
49.84446748
49.46440236
45.05364069
46.76500106
45.03305918
48.21258534
43.66434427
39.73069888
44.97280782
49.99999983
50
44.24197067
45.73992685
47.62007021
47.84188822
47.97073356
45.86654137
47.91087651
49.35705212
49.99999999
48.18602975
47.01718888
46.57333385
47.82748422
46.42184872
46.71860994
45.68545926
49.99999999
48.27643729
48.23004266
47.06899433
47.41988505
45.01499786
45.22962249
45.02242832
45.56989385
44.33015146
43.84616557
49.65152362
48.75364973
47.57026967
49.99999997
49.99999998
45.96749596
45.5382017
45.27411063
45.98211986
45.21402788
49.32440744
49.76269515
49.45197115
47.03466016
45.51694808
48.17280965
49.99999998
48.49964187
48.90670156
46.61622656
49.98197303
48.71226423
47.66146144
47.22961118
45.57452886
46.87549501
47.16442718
47.92573633
43.9669351
43.61570433
45.67412957
45.4191155
44.4361044
46.80407164
49.42001244
47.28996031
47.40807021
46.74778622
48.68051792
49.69659843
49.10856753
48.14737318
45.18813607
47.04450259
45.41527234
47.71263468
47.1371727
49.9999999
50
48.00042862
48.4411615
45.49285891
45.91746668
47.43926252
45.96268883
47.22306577
44.46431737
45.6554991
44.60518906
49.30913318
49.99999996
49.55671085
47.99893609
49.99999997
48.46310191
44.45305947
46.61288124
45.99072549
45.26869272
48.60836313
47.93876109
46.81646454
50
45.58513473
47.75566687
48.66335175
48.95867195
44.33107975
46.78818397
46.54761856
45.61434459
46.41063407
45.68669393
45.17380868
49.5558062
45.65583282
45.88401182
42.92623156
44.70182106
40.07064418
45.14245834
45.18834707
44.37616027
49.99999993
48.33503289
49.1926937
48.70599155
45.63728718
49.49731905
46.45314397
48.25981795
49.23142661
50
48.22690741
49.97632767
46.01188707
48.83424086
47.83344408
46.31455987
49.99999999
45.21452085
45.903206
42.50253434
45.48241226
46.72373532
40.50724099
39.58542519
49.99999999
50
47.61352307
47.04508227
45.92930061
49.78121436
45.35194379
45.51769372
45.39475644
43.53324391
45.21132192
45.8349071
44.14006065
47.76138068
48.00859117
45.0798029
45.90031397
47.66838417
48.10139195
48.02420359
49.76421882
49.65658722
48.69761865
47.57622498
45.01181674
45.50290924
49.06228214
46.59940193
47.76124441
45.5316637
44.70217797
45.91039257
46.61708028
47.62194053
49.99999998
49.54501689
47.92956361
48.86733597
46.62463802
42.24132824
48.65717659
49.15274197
48.74023171
44.2668175
43.58096259
43.24632341
45.15654771
48.29156174
49.75364678
49.19828894
48.30874406
47.69513317
47.27957216
47.16053376
47.37304317
47.85612493
43.72115253
50
47.63253561
45.40013675
43.94308886
50
47.63544266
45.18692227
49.99999999
48.91676452
44.93128639
46.63907267
47.95433664
47.45754389
47.90263809
45.07851263
49.99999992
48.69677518
49.376322
49.45103163
46.87440605
45.49079215
45.94216101
42.35372829
43.09107258
49.90465999
45.35544095
45.57867661
45.79214531
49.49785768
49.81441324
46.15571566
46.13983616
45.15120294
44.06891848
45.50469975
46.70394659
46.80574495
45.36847889
49.57023043
46.6565517
49.04520608
49.9999999
46.30308712
45.19822882
49.99999999
45.02983979
47.12541528
48.06902004
48.26423953
48.43366831
50
47.94701553
47.74618917
49.30549741
48.50852185
46.75781049
45.62482249
43.21758572
42.48398077
43.79837467
48.35849731
48.51622892
48.91250114
48.35244
44.88612773
44.14623888
50
49.33574519
47.4393451
45.6856937
43.92182343
49.2131503
49.04304458
49.80490999
48.58031594
48.61289918
40.83845812
44.33569949
43.19256373
49.50141563
44.58247076
46.91691545
49.12892365
49.13200405
48.31958597
48.3352827
48.88626799
47.8431788
48.69875465
45.7476638
47.61874745
46.01891244
45.48982189
49.95956102
45.93209818
45.66552215
45.80566342
49.84787285
49.19442115
47.38002847
45.34453528
47.67326273
44.31933127
47.37138031
49.13198239
48.66082518
46.45712528
46.2096768
44.40795733
42.28890183
44.71780492
44.34411398
45.62845565
44.55130846
48.50476363
49.3910222
49.34027017
47.76673341
47.18381725
50
50
48.69829747
44.93046388
43.6055571
44.16137528
43.88863422
47.51437637
50
47.86312192
46.28374504
48.33746603
50
46.73537529
44.97631394
49.99999998
45.55988782
48.14726658
47.24901641
46.50731711
48.26050037
46.85450584
48.08640999
43.73726117
49.99999992
49.39276779
49.85767256
49.834882
43.73099644
45.17219482
47.16417261
44.7290783
41.08566496
48.08449229
45.70268641
45.10447758
45.07766393
46.60817017
46.52088707
49.33809387
49.57532824
46.64774057
46.52846546
45.15746099
41.66785029
46.69810514
47.66222802
45.9505275
49.87079697
47.35973448
49.60974074
49.99999996
45.64251958
47.83708726
49.08829235
48.34035975
47.79762806
49.26199386
49.16892844
48.60346966
48.36505005
45.74116218
48.56738817
47.13980544
48.8502341
47.57077826
43.04806123
45.99152227
48.66793167
49.48135336
44.05720151
50
47.8233501
49.99999998
49.30476033
47.52820778
42.26135909
42.96649718
42.87033642
43.65608089
42.29824788
45.2846517
49.99999998
49.60740837
45.93838438
45.5690037
43.98971626
44.93340679
44.1737502
49.14595151
49.93813061
49.83489471
48.80067634
47.56133799
45.82232388
45.93284993
46.06584908
47.47953892
46.96663901
48.98875125
44.87606633
43.97173574
49.99999998
44.5858831
45.19423701
46.07116712
47.01419233
47.90113863
48.72288216
49.52704937
50
49.99999998
49.8548956
48.21601103
47.05061897
41.61305094
39.66981489
48.19851354
49.86947312
49.25614567
48.17804375
46.59264727
46.84999191
45.41967126
43.46439073
42.05724009
44.64599804
46.92026426
48.28777619
48.53155406
48.36340708
48.12424314
47.58363322
47.55291231
47.68518074
47.9678425
47.91119112
45.95547855
48.86293073
48.26542688
46.68413714
44.74806874
49.67056214
49.63317931
45.97077527
47.78347198
47.44218831
48.5022582
45.42436675
48.77839004
50
49.88020507
49.99999999
49.99999998
43.95365172
47.41249083
48.26624204
46.89209327
49.57804115
45.79131659
44.61732077
44.52331568
46.58282802
47.18501793
49.18265629
49.27379102
46.95106459
46.46271355
45.19477492
39.1383247
47.89462951
48.68881812
45.10917817
50
48.08433521
49.86827665
49.85742699
45.09584523
49.7833519
48.50623551
47.29363072
49.33647478
49.99999997
49.14060186
49.22047862
49.05896727
49.32025883
44.39370006
49.62300645
42.25738349
44.01450471
40.54497805
48.27130567
49.99999998
44.77208611
44.75167245
48.25063506
47.08218791
40.57282636
47.71613515
46.87876126
43.3284221
48.71998285
47.79896851
47.45405401
49.32552707
47.82570658
43.88549284
44.31828498
48.21785521
47.06347977
47.4837687
45.9076898
45.27784911
48.65492054
48.3386828
47.106648
46.89311941
45.08824061
45.19938965
46.34845427
47.20352089
48.05588915
48.83162327
49.50601136
49.94130156
49.99999998
49.99999999
49.27888689
48.3716682
45.43968188
42.94435867
39.81366957
39.30374827
48.91660116
50
48.85886045
47.7025701
47.93670815
46.21958265
43.99651073
42.31779326
42.34402118
43.39037682
45.21685341
46.79089633
47.63832691
47.87188081
47.89436319
47.85797504
47.77972002
47.69632205
47.70293643
47.82016895
49.40614665
46.07029067
45.94003741
45.92415177
45.76710919
47.93795765
47.29782388
46.08845074
45.00702634
49.78831944
46.76371822
45.01367202
42.9997131
44.85504862
42.06031431
43.93809653
42.6481098
46.98249947
48.72723226
46.66893977
44.592326
44.89060941
43.24641106
49.59943959
48.86398224
49.46778214
49.90324458
47.59276827
43.98835383
41.59836237
43.06108204
43.65058808
49.95165547
50
47.15544551
37.00629825
49.13572072
49.43675645
44.65716132
49.99999994
48.6206385
48.95382266
44.71030797
47.74571167
48.71271802
50
48.86421228
46.97826648
49.48789194
49.9999999
49.10907935
49.64374199
49.33610057
43.52565054
49.76920843
49.99999992
42.89791457
39.54409517
46.42738575
43.58610705
47.82105736
44.78160023
49.99999995
49.99999997
49.99999999
43.78667956
48.66426477
48.44680249
48.22989735
43.79874363
44.61293591
45.20790901
49.73983379
49.30012728
47.22969374
45.05748463
47.62850292
44.88970806
48.95106319
45.41311716
49.78632157
45.96932311
48.22766711
48.57584146
49.362882
50
48.40485313
49.72637289
49.28977057
45.75739126
49.9999998
47.99485944
45.06268745
45.44650122
44.05587839
44.41193941
45.19802598
47.80744049
48.91909055
48.28395505
48.30478987
47.74167714
42.57438694
45.79431721
46.84765652
46.42608028
45.12260236
45.77975503
45.6772134
46.3980594
48.20040049
46.73214501
49.24898328
44.94728888
45.93718535
46.2219674
46.76183309
48.2638906
48.96251013
49.54873269
49.90946384
50
50
49.59913596
48.05372929
45.90560605
43.69291116
41.20472014
38.86905632
49.45445706
49.98420329
48.48166765
47.98265138
48.68172193
48.88754411
47.05964682
44.805985
42.46810946
42.88489071
43.98782416
45.28631342
46.2799878
46.83179734
47.14808065
47.3758348
47.4778421
47.48891672
47.50282901
47.57539044
47.60666276
47.40741656
39.77775712
41.8401724
44.27442268
49.61745032
48.5689054
48.98012813
44.85147105
49.99999998
45.01974583
48.58743317
46.6787613
36.28169015
50
49.85078626
44.93211187
45.97462397
45.78003628
42.33321301
42.05130777
44.35335364
46.36663625
47.61208597
48.42112248
46.50764213
44.93278616
44.03906673
49.99999999
48.9605895
49.99999989
44.59251921
48.9684858
48.79237561
49.99999998
49.27950297
46.86053529
49.99999971
49.21327521
49.89300791
50
49.51107704
43.28786517
49.99999995
49.99999968
47.74515843
39.48469065
44.3903301
49.99999997
42.98244104
44.59517463
45.47895627
47.22288573
48.66193146
45.87955603
43.88558983
49.73166553
49.45252797
49.99999998
42.32939641
48.75204968
43.65490508
49.48325592
47.52287688
50
44.7760651
42.11182597
48.53796009
45.82289436
42.62557758
42.92259435
46.33426908
49.66340962
44.09762023
45.94227222
45.94379633
41.364658
48.47365129
45.36880617
48.65901667
48.96127161
45.69860799
43.97339003
43.59861649
47.89797939
47.30079707
49.99999939
47.05077935
48.26464772
49.99999995
49.041753
48.34673808
48.02511742
47.00843269
47.06040418
46.96255686
46.05569948
44.99665215
42.92853011
42.95748312
45.7240801
47.83610296
49.57645299
49.92634047
39.40001284
39.84237434
41.98485658
44.31571429
47.29467415
48.44700581
49.90375386
49.5879168
47.48804166
47.82800266
45.6304534
46.866504
46.48566472
45.62238294
47.26700734
41.75792859
41.38271014
40.2644174
41.21718079
48.22394054
45.40373541
48.27108216
46.09482355
45.85068627
45.37355113
48.10473017
48.83025574
49.23391824
48.45125617
45.44501855
46.938641
50
49.85984445
45.24481909
48.36256711
46.46252989
49.99999975
50
49.99999997
50
49.83123055
49.99999996
43.54141797
49.13049016
39.68370718
49.99999936
50
45.99777434
50
49.28430284
49.99999991
47.62794213
46.05963095
49.73065549
49.03889611
49.59221507
49.80402867
49.61890035
49.44661343
49.99999996
50
49.81498576
45.01441864
49.99999998
49.99999997
46.01580045
49.19218725
41.91839482
43.69185196
49.99999994
49.99999985
46.09683167
47.65020448
46.3451951
48.98925605
47.99964785
49.99999982
50
49.99999972
50
41.34620158
45.59190201
45.10978041
44.69127432
49.5138497
48.22931726
49.99999991
47.39437389
42.75993527
47.82832639
49.12194226
49.68187859
47.70762381
49.36058922
49.99999936
49.99999876
49.99999722
49.99999777
49.99999951
49.99999933
49.99999977
49.99999985
49.99999885
47.19522568
49.99999888
49.99999909
49.99999979
49.70825829
46.39589205
47.03343826
47.48455012
47.75375683
48.14786147
48.66555441
49.19378089
47.25340537
49.5864591
49.8177147
49.83117862
49.70006062
49.2895901
48.34797001
46.83254313
44.86793991
42.78974179
40.69491955
39.3991056
39.19325571
40.68988495
49.77411718
49.87567121
48.40078786
48.27323741
50
49.65695092
48.38093575
46.59696553
44.87632898
43.7688536
43.30926012
43.38244436
43.67627196
44.12234132
44.56023698
44.95541936
45.30404979
45.61328992
45.87509432
46.66708311
46.08117132
46.25291398
46.40044041
46.31919923
45.54846513
44.8621482
47.21233142
50
49.9999977
49.99999976
49.99999906
49.99999763
49.99999938
49.99999937
49.99999902
47.04662513
49.99999886
49.99999917
49.99999838
49.99999793
49.99999904
49.99999966
49.99999913
49.99999958
49.99999984
45.84381408
49.99999838
47.49627058
49.99999896
47.73995667
49.99999976
49.99999982
49.99999914
49.99999859
49.99999993
47.87728576
41.98184403
48.8418127
50
48.51794694
47.32284154
47.8453811
45.17372052
49.99999889
49.99999981
47.99286571
49.99999998
49.73254821
49.99999982
47.9409771
48.22159298
50
49.99999997
48.65762862
49.92538153
48.37175209
50
49.99999998
49.99999997
49.9999998
49.99999986
48.05542709
49.99999999
49.9999987
46.62273445
45.67145595
45.17746852
49.99999731
49.99999771
49.04416904
49.99999946
49.81057392
49.78169205
47.76595181
49.99999994
44.8354508
49.9999999
49.99999999
49.47555202
49.99999998
48.946858
49.42467941
49.99999982
45.55851762
48.72619388
49.99999932
44.45533018
48.49084596
49.99999975
49.9999993
47.99233423
49.9999965
48.27330713
49.99999895
48.0256211
49.99999875
48.62129916
46.32712382
49.99999977
50
48.15459523
49.64161357
49.19965628
38.8244407
49.7078905
50
49.99999992
49.99999859
46.84592178
46.40482129
44.35611305
43.84414186
44.74047868
43.95197908
44.61136113
49.52234988
48.71901869
46.67516371
48.44389673
46.63386642
43.76471528
49.99999948
44.26915746
43.9871097
42.96341011
40.63561962
40.65684801
39.15207432
47.30846681
47.61286554
49.99999858
47.74921323
47.53845704
49.99999623
49.99999919
49.99999879
49.99999781
49.99999475
49.99999947
49.9999981
42.61359682
42.94636057
42.92949393
42.74666873
43.2221336
44.8289076
48.36811493
49.9999985
49.99999942
49.99999932
49.99999982
49.9999985
49.99999788
49.9999989
49.99999998
49.99999979
49.99999755
49.99999776
49.99999512
49.99999508
49.99999682
49.9999948
49.99999775
49.99999753
49.99999712
49.9999984
49.99999921
49.99999857
49.9999979
49.99999978
49.9999978
49.99999865
49.99999784
50
49.99999758
49.99999972
49.99999912
49.9999968
49.99999378
49.99999873
49.99999961
49.99999904
49.99999877
49.99999998
49.99999891
49.99999638
46.51155419
36.83376085
35.01522311
37.56805322
44.61122048
49.99999964
41.49761853
39.65845811
46.16219997
49.99999999
39.93171484
39.82636553
47.1240345
45.27700185
43.36405314
44.05733215
39.4857595
49.56813366
46.73786016
49.84731418
48.52537653
48.08494537
45.15003621
43.35245611
49.52707818
49.86910795
46.49195019
45.43477103
49.33630196
48.48446479
48.77611954
47.3946004
38.75486484
44.13468771
49.99999907
49.99999974
44.84187397
43.91490638
43.77071122
43.74245616
45.60606781
47.32281585
49.99999966
49.99999711
49.53284403
49.99999601
39.45962842
39.73434841
39.81638297
41.42606133
41.52319026
42.44293248
49.99999844
46.77699932
39.18355483
47.51617222
44.1095406
38.92891529
42.92180995
49.99999988
37.33376362
34.77202936
36.05133796
49.99999584
43.66746389
49.999998
49.99999801
47.96522612
49.99999997
49.99999963
49.26568635
49.99999977
49.99999702
42.90455882
43.80979704
43.4056026
44.18431328
45.4968614
46.77057347
49.48373087
41.50375471
49.76642677
48.51232815
49.66211869
43.78713599
44.37127084
45.05814954
49.9999998
48.15393641
48.11658016
49.16744674
49.10972105
49.59348858
47.99412953
46.49488513
40.11685946
41.98022125
48.82067258
48.33958706
45.32939988
49.25615399
49.99999849
49.99999945
49.99999988
46.8584014
48.23309795
49.99064472
49.99999651
45.71109522
47.10857181
44.56845295
45.58776781
46.00459474
49.21793143
45.24452055
42.49095774
42.9614436
49.99999607
44.00844688
49.99999948
45.86885158
49.99988553
0.9754636616
1.255099334
1.00478236
0.9728624292
1.324203418
1.297111657
0.555747386
0.5984955316
0.5655895396
1.317997852
0.5694079829
0.566361749
0.5687711847
1.199981933
1.10055835
1.404532896
0.7091560667
0.3723450328
0.5937580146
0.5196050051
0.2276783114
0.3916800429
0.5094932678
0.5482693352
0.585452334
0.5760446567
0.5226021818
0.5621994017
0.5651812967
0.5697422987
0.4810918969
0.663982238
0.6486148809
0.9065244897
0.4038134739
0.7999545863
0.7545143714
0.9561930547
0.6840030088
1.331870132
0.45082629
0.4475493531
0.2633821311
0.7263225329
1.222944271
1.084446051
1.005626471
0.9399524365
1.311743492
1.120162265
1.009686419
1.381344597
0.9910082363
0.9948681007
1.110044331
1.292559012
1.185736353
1.113615108
1.129999064
1.084265429
1.065762372
1.302011646
1.166961997
1.154832001
1.20559427
0.4045736663
1.32882345
1.307629327
1.315523838
0.5468072426
0.5810735678
0.5339719616
0.6089473142
0.6084839932
1.045298975
1.039484893
1.119385087
1.244730602
1.193394308
1.239326245
1.122340464
1.021804521
0.9283743872
0.8895080831
0.8663091796
0.8791039999
0.849107147
0.9787716395
1.130104612
1.258104235
1.036658276
0.9767465599
0.9128196149
0.9250820134
0.540617673
0.5421800514
0.5452874088
0.5464204081
0.554004039
0.5673149372
0.5441126559
0.525538346
0.5299010411
0.5068298781
0.4766961038
0.4360028228
0.5269337476
0.5573159562
0.5402702684
1.124489668
0.9873821296
1.223846938
0.7329111819
0.5658098087
0.6271159704
0.4671638172
0.5361920539
0.7539246952
0.8476257461
0.7932621315
0.985794153
0.8683385018
0.8200977519
0.5763233895
0.577885969
0.5576450062
0.5774890468
0.5704637088
0.5777266374
0.5693535951
0.5666473595
0.5400739187
0.5033723375
0.450215588
0.5302542598
0.5103873379
0.543793622
0.4797238048
0.635361923
1.285365222
1.045268025
0.6400835528
1.242272399
1.235269292
0.9844829309
0.7116089265
0.5584112082
1.237424496
0.6827738161
0.5263196435
0.4766056686
0.4138591982
0.4326677113
0.6020079217
0.6559661433
0.6611263846
1.149953466
0.3371070543
0.4095618822
0.3914716811
0.4751128649
0.4302567419
0.5292197186
0.4855395495
0.5602879171
0.5550231182
0.4942596365
0.5218566128
0.5570994886
0.520243613
0.5349964599
0.5497076442
0.6318364386
0.6501888614
0.5847857469
0.5089497079
0.5428815559
0.4975660958
0.5004696979
0.9789278489
0.9258585186
0.8578027866
0.8599723603
1.205822792
0.8771160418
0.5237959246
0.6661386075
0.595143965
0.6639066928
0.3997897023
0.3720610008
0.3878618383
0.3872761628
0.2939386242
0.2413364756
0.2139571724
0.2901084986
0.212478561
0.2585020118
0.233559837
0.2863644009
0.3439421912
0.3001081361
0.3365432774
0.4579634907
0.5482344805
0.7197154615
0.7567758434
0.8221628076
0.8046820505
0.4595765786
0.4309067309
0.5656338255
0.5768660549
0.6667986718
0.2244856587
0.2333920425
0.5869448114
0.5335094185
0.5659297716
0.2969065547
0.5388379417
0.5060515067
0.2363712235
0.4319232104
0.8177355061
0.5092355664
0.7501491459
1.055311142
0.7800026921
0.7758128158
0.6378376892
0.8165435022
1.073457247
0.5930588433
0.2192764686
0.2714533382
0.5743335345
0.5450495574
0.5346390911
0.2560114003
0.5291260858
0.1612581401
0.6270415695
0.285497564
0.2065352266
0.4767839406
0.2273316562
0.2459450291
0.6709682492
0.5320758215
1.092960203
0.7989375922
0.7850186991
0.5555478513
0.648816175
0.8145539696
0.4878259447
0.3826728904
0.6379783606
0.2825247871
0.4342015256
0.5920070288
0.7193389393
9.825623912
9.861390092
0.568807125
9.245485873
9.015138014
0.3617656952
0.324788988
8.697412174
9.092234291
0.3740457193
9.556965058
9.198927455
0.5670900258
10.44015946
8.812356049
12.5412209
10.68392791
9.584319045
8.947181332
9.76828013
10.33021057
0.6807767022
8.886800878
9.184065159
8.936629134
9.143084555
8.852833259
9.037100607
8.843764458
9.220978969
8.87012518
8.820093636
9.383951315
10.35877241
8.991902542
0.3440255103
9.321517426
9.52059232
10.57613991
8.769936335
0.6055831167
9.499527083
9.183593109
0.400924038
8.781618949
0.4535428411
8.990451119
8.724141566
9.286021172
9.085649783
9.43438007
0.8622514646
0.3103796146
9.022838893
9.783270465
9.090733786
10.3564236
8.864861794
9.376206325
0.6247302161
10.37432533
10.34482193
9.214364566
8.93843595
0.579571488
9.855500539
9.218601414
1.195307876
0.4610158371
</DataArray>
<DataArray type="Float64" Name="velocity" NumberOfComponents="3" format="ascii">
1.687553395 25.92622201 0.0
1.130574565 26.25055946 0.0
1.105253928 26.22703724 0.0
1.172638921 -25.05041739 0.0
1.484572507 25.9041462 0.0
0.7690392944 -24.39621826 0.0
1.099073947 25.44128544 0.0
1.538659507 -26.22403735 0.0
1.013491276 25.13513246 0.0
0.6498435701 25.414466 0.0
1.048363474 25.94181907 0.0
1.324697349 -26.11455237 0.0
1.338721171 -25.8673033 0.0
0.8331293297 26.00038175 0.0
0.8331313115 -25.89508145 0.0
1.626319756 25.9239641 0.0
0.991673637 -24.24805423 0.0
1.468425204 25.94764426 0.0
0.9084117215 -25.5062429 0.0
0.7924516446 -23.31534734 0.0
1.954166826 -23.96051717 0.0
0.9853319362 -24.72316999 0.0
0.9560614734 25.86150779 0.0
1.128045117 -26.25114471 0.0
1.442286832 -26.19499518 0.0
1.447834176 26.27443017 0.0
1.306078421 -25.63223174 0.0
1.759449924 26.3448932 0.0
0.9169268865 -25.48063008 0.0
1.098015723 25.94702766 0.0
0.5450587367 -23.89556067 0.0
0.8955284211 -25.92089404 0.0
1.579945965 25.83023321 0.0
0.8501376318 21.93699027 0.0
1.796211555 -25.78087681 0.0
1.804423487 -25.61949351 0.0
0.5772730677 -22.33145277 0.0
-1.389884574 -6.184465476 0.0
0.4459074353 24.43279575 0.0
-0.8908393101 4.593969027 0.0
0.9845278016 25.87239485 0.0
1.254967717 26.07101229 0.0
-0.5144903271 -1.390248633 0.0
-1.290504422 -10.45280826 0.0
-0.9135745866 -7.491575177 0.0
7.895412418 14.85730833 0.0
12.27140545 19.35843415 0.0
9.170936415 11.32750902 0.0
5.729406791 7.104248504 0.0
-1.744667626 3.268531727 0.0
0.7374960909 -24.3757131 0.0
9.168738423 -18.18294193 0.0
6.15267768 -3.149734949 0.0
6.607024088 -4.169086354 0.0
2.391689152 -2.143325768 0.0
3.487869039 3.164510928 0.0
4.805000101 2.993386967 0.0
6.876872583 5.796524427 0.0
7.643170599 6.442115894 0.0
3.068782537 2.842768683 0.0
9.696290459 -11.23008274 0.0
3.955928995 -1.866599518 0.0
9.138350861 17.17743558 0.0
6.358614187 -5.250749008 0.0
11.423163 10.46381664 0.0
0.9892220643 23.95889638 0.0
0.1553372205 25.9454147 0.0
1.020595732 21.25763735 0.0
8.618908638 -7.14464029 0.0
4.923902698 -2.468796881 0.0
-2.03469004 12.31402723 0.0
10.9785382 -22.01685229 0.0
1.061002447 22.01668894 0.0
8.150810655 -6.202026258 0.0
-1.859518425 13.63974534 0.0
11.8113062 9.937121591 0.0
-0.4454786564 -3.976965692 0.0
6.618705017 -3.554740939 0.0
2.708198388 4.466595358 0.0
-0.057163987 3.100656008 0.0
6.936441762 7.63924317 0.0
11.66840039 9.113388324 0.0
11.98874275 -13.92548393 0.0
1.313004241 25.92338057 0.0
3.157276585 -2.061537115 0.0
0.110526345 2.457587444 0.0
5.245897438 -2.764481891 0.0
11.2317251 24.56605829 0.0
5.50423762 -3.486100553 0.0
10.02418759 -16.61270304 0.0
11.52340915 12.6587948 0.0
6.472441593 -4.47599171 0.0
6.06520479 5.482639728 0.0
6.217440402 4.64614723 0.0
-14.56599475 6.342643785 0.0
6.217648486 -6.773374793 0.0
1.249312353 1.809441062 0.0
5.785644259 3.384469048 0.0
2.466569179 2.434391402 0.0
9.605145491 -9.818247252 0.0
8.786267276 26.9969466 0.0
-2.059496411 12.30355338 0.0
12.44645101 -16.64556554 0.0
-1.344663154 -9.035583029 0.0
-2.109031905 1.309271867 0.0
-0.6528428055 3.983178949 0.0
7.453673576 -5.449569487 0.0
5.0601155 4.127584869 0.0
4.998529854 3.302858334 0.0
11.54725844 15.76252597 0.0
10.59719661 -12.65095253 0.0
8.8474085 -13.10529352 0.0
6.350429423 3.629658819 0.0
5.642255031 3.455038737 0.0
3.817927316 2.419287803 0.0
9.403726509 -8.496933091 0.0
6.2508263 -5.965142177 0.0
-7.027607559 -0.175728825 0.0
5.920547332 6.160108194 0.0
10.41106043 -8.897093082 0.0
12.39455645 -10.26972287 0.0
2.007543628 4.140082484 0.0
0.5920432534 2.528041102 0.0
7.696347865 21.11075178 0.0
4.415620388 -4.826501339 0.0
-1.905696619 5.692331545 0.0
-0.5794820331 -10.68182195 0.0
10.2297469 14.29010422 0.0
11.54808298 -9.397590634 0.0
3.732313939 -2.190759144 0.0
-9.052736719 -1.036104144 0.0
4.745852992 -2.105255874 0.0
5.913406799 -3.008072396 0.0
4.654607715 2.220312893 0.0
6.219260533 4.354093962 0.0
10.92390321 22.02506824 0.0
10.65591858 19.62770777 0.0
11.80986282 -20.16570888 0.0
11.72827609 -19.61796734 0.0
2.194646548 -2.973989309 0.0
0.9848420765 24.00337242 0.0
9.051836456 -7.788198378 0.0
9.557395285 9.051340694 0.0
1.173858414 25.4896764 0.0
12.64327828 16.79535493 0.0
0.04494260856 -24.6925293 0.0
0.3897884678 25.41892127 0.0
8.470902748 28.87212345 0.0
1.598016494 -24.05653472 0.0
1.259239997 25.6561283 0.0
1.324038341 -25.15927283 0.0
11.59309763 21.90911141 0.0
10.21323516 9.4195369 0.0
0.6340037029 25.31408566 0.0
1.170481672 -23.9272124 0.0
5.089641946 -25.74639717 0.0
-29.74673473 -1.536098578 0.0
12.15982426 -21.1244195 0.0
8.03305969 -9.394125634 0.0
0.9428219891 25.43970257 0.0
0.3655608924 25.35403546 0.0
11.03448016 24.43882721 0.0
11.54921352 25.21668965 0.0
10.2813602 24.66822194 0.0
0.2332596121 -24.40904058 0.0
9.500342563 -23.29535353 0.0
0.2299115986 25.82410576 0.0
0.2458519472 25.38524652 0.0
1.223006659 24.90533979 0.0
0.3669667721 -24.31600539 0.0
-0.1913942064 -24.78311569 0.0
1.908729263 -8.429988468 0.0
2.979549267 -7.963517154 0.0
4.341952871 -7.728210086 0.0
5.655098217 -7.543546436 0.0
7.047392831 -7.250374606 0.0
8.519952241 -6.821398238 0.0
9.77831794 -7.049001033 0.0
10.49878236 -8.09654079 0.0
11.28209815 -8.976358925 0.0
12.07912026 -10.36477579 0.0
12.67910241 -11.84205378 0.0
13.3150703 -13.22903616 0.0
14.04790068 -14.0790489 0.0
13.59418565 -14.83111627 0.0
11.53036365 -17.69055049 0.0
11.79677072 -19.45232432 0.0
12.56219939 -20.95163499 0.0
12.25132712 -22.38593547 0.0
11.64436286 -20.446136 0.0
5.8399246 -12.7487348 0.0
0.5353405383 -0.9572888026 0.0
-0.6339055734 11.22746147 0.0
-2.505560543 13.58981404 0.0
-4.811483064 0.1021888615 0.0
-16.20120791 -2.72029398 0.0
-0.8999617429 -9.339010279 0.0
0.4019386254 -4.30599769 0.0
5.270338997 10.62227699 0.0
9.440493273 22.67971232 0.0
9.967025972 25.97200122 0.0
10.72315187 24.25706016 0.0
11.71995207 22.01827883 0.0
11.29913659 20.68959613 0.0
10.76763355 19.0577148 0.0
13.93002617 16.01709333 0.0
14.11385175 15.38558939 0.0
13.10061588 14.22109219 0.0
12.41492435 13.14357646 0.0
11.83220132 11.79531538 0.0
11.24382228 10.4184238 0.0
8.370962421 8.121070617 0.0
9.742878473 12.89745092 0.0
8.955388349 7.65400021 0.0
7.76988373 7.721363342 0.0
6.299097074 8.615148802 0.0
5.020982699 9.441263837 0.0
3.831081006 9.948039959 0.0
2.506962275 10.62573018 0.0
1.341678416 12.30824136 0.0
0.166010079 11.01811599 0.0
-1.087085482 11.24732702 0.0
2.056600515 -17.3153265 0.0
2.422759894 -16.36995733 0.0
3.084593755 -15.74869438 0.0
3.865611714 -15.14666416 0.0
5.04032174 -14.1819429 0.0
6.500190614 -13.10031422 0.0
8.012295787 -12.40276598 0.0
9.538103232 -11.96375507 0.0
10.76356293 -12.41506812 0.0
11.62847961 -13.37859031 0.0
12.69131339 -14.09555303 0.0
13.53751592 -15.43219926 0.0
14.06127768 -16.29792926 0.0
14.42496553 -17.44090664 0.0
14.73317381 -18.53088984 0.0
14.81548273 -19.60466931 0.0
12.88377902 -21.63596158 0.0
11.40681317 -23.16053758 0.0
11.59439124 -22.12271187 0.0
10.21796455 -15.78330833 0.0
4.62727071 -3.018084696 0.0
-0.05216668242 9.323371364 0.0
-2.017822573 11.317245 0.0
-11.93307279 -0.4635625175 0.0
-16.91162365 -8.912061915 0.0
-0.5022601397 -4.254542394 0.0
2.441843744 0.2353970123 0.0
7.544937019 14.58226424 0.0
9.451966519 23.43324332 0.0
9.287225731 26.19422693 0.0
10.05585584 24.20048181 0.0
11.39797252 22.43184563 0.0
13.70989181 20.63153128 0.0
14.15435842 19.04030049 0.0
13.65171511 18.4615476 0.0
13.34711743 17.36002536 0.0
12.87844681 16.43715981 0.0
12.39978171 15.26979988 0.0
11.62530188 14.0850208 0.0
10.63321612 13.55085805 0.0
8.129849233 7.272495416 0.0
4.484378298 20.59182017 0.0
6.625153798 14.31235069 0.0
5.198737214 15.71024466 0.0
3.925933329 17.30396548 0.0
3.038990014 18.37128533 0.0
2.240777374 19.16869063 0.0
1.195637071 20.14725982 0.0
0.2945341526 21.4066063 0.0
-0.1961124326 19.88496967 0.0
-0.3586768847 19.90584529 0.0
-17.12499648 3.418731105 0.0
1.404213803 -22.90336379 0.0
1.378333063 -22.70581424 0.0
1.207946259 -22.45565432 0.0
0.9996092841 -22.00886833 0.0
1.082412756 -21.26174738 0.0
1.496097971 -20.20554999 0.0
2.780726934 -19.33635277 0.0
4.379624011 -18.89049568 0.0
6.027233065 -18.73124309 0.0
7.836398934 -18.53999436 0.0
9.447784202 -18.53914337 0.0
10.61496015 -18.80440562 0.0
11.84202899 -18.88999522 0.0
12.09756356 -20.09628858 0.0
13.58403583 -22.09697305 0.0
12.8911752 -22.94273422 0.0
12.63643545 -22.67318968 0.0
10.04969448 -18.41197652 0.0
5.347901098 -6.7284795 0.0
1.657421608 7.271830384 0.0
-1.926419981 3.796255174 0.0
-26.94067634 -2.569712471 0.0
-16.83461088 -10.17180545 0.0
-1.352582406 0.8120515245 0.0
4.709604962 5.444229998 0.0
9.287074644 16.35503781 0.0
10.21338874 25.29837781 0.0
9.357649003 26.00053835 0.0
10.92036999 24.36722586 0.0
12.51841924 22.93419333 0.0
12.69330143 22.28867642 0.0
12.20652859 21.94514011 0.0
11.51950575 20.85736872 0.0
11.14628958 19.92020008 0.0
9.233109646 18.92952949 0.0
7.958240466 19.10020491 0.0
6.229947123 19.8098038 0.0
9.848775089 8.351876354 0.0
1.066706039 24.7111033 0.0
2.104665399 22.48335666 0.0
1.771462005 23.60077907 0.0
1.542889689 24.43916547 0.0
1.356502613 24.65022938 0.0
1.100688062 24.81075861 0.0
0.9943368826 24.88637381 0.0
0.8400566302 25.06009958 0.0
0.7336120415 24.36888936 0.0
0.8616712364 24.03825107 0.0
-17.46613159 6.813458781 0.0
1.26879745 -24.8862986 0.0
1.134626554 -24.56751167 0.0
0.8435917418 -24.31820491 0.0
-0.1939626026 -23.81791897 0.0
-0.2279819544 -24.05320777 0.0
0.04208012156 -24.11790624 0.0
0.9935905976 -22.70752006 0.0
1.752622383 -23.04649874 0.0
3.280571027 -23.50695165 0.0
7.819207017 -23.60911215 0.0
11.10345393 -23.0355911 0.0
11.49533917 -23.11599362 0.0
12.06195124 -24.07618909 0.0
12.71006697 -24.38204831 0.0
14.12686685 -20.7092841 0.0
11.78843971 -14.59196235 0.0
4.204600216 -2.111383664 0.0
-2.277935519 -3.308026036 0.0
-30.7499591 -2.476685725 0.0
-16.33857033 -10.55157925 0.0
7.372027788 9.489556436 0.0
10.18482844 19.23017644 0.0
10.09983855 23.15707311 0.0
11.16221798 25.61174971 0.0
10.59476623 23.38511738 0.0
9.457226244 23.57623914 0.0
7.879477313 23.67965419 0.0
5.914223016 24.04510194 0.0
3.524400439 23.9646645 0.0
1.853358164 23.89808978 0.0
1.380585765 24.10124117 0.0
1.139037455 24.46591522 0.0
8.218774648 13.25979748 0.0
0.7408199104 25.34406845 0.0
1.073414546 25.88837327 0.0
1.170949949 25.97617315 0.0
1.21514087 25.74072412 0.0
1.022450973 25.07843407 0.0
0.9976607518 24.45204661 0.0
1.091584301 23.76032155 0.0
1.294970965 23.13690075 0.0
1.273210466 22.72724296 0.0
-18.21070898 7.835232115 0.0
-30.21499179 -2.22245849 0.0
0.889450754 -24.80601706 0.0
-0.3688144444 -24.58724642 0.0
-0.7264634091 -24.71043611 0.0
-0.4608223315 -24.68733104 0.0
12.56294927 -20.93152212 0.0
13.22625565 -21.68739276 0.0
5.037041184 -25.17909205 0.0
11.09118748 -26.17097168 0.0
13.27681747 -25.03045552 0.0
10.69354729 -19.68984367 0.0
-2.13164905 -9.856067282 0.0
-16.33079307 -10.89947192 0.0
9.782238304 15.15937917 0.0
13.24940133 22.26304723 0.0
11.6279704 24.53938616 0.0
5.845341158 26.3823303 0.0
2.562635451 25.11317793 0.0
10.59128388 18.99812881 0.0
2.903667961 21.42527743 0.0
1.199402362 25.97595962 0.0
1.258340205 25.82933162 0.0
0.9948029806 25.01525774 0.0
1.029809317 22.77859495 0.0
-0.7902462842 -24.92900318 0.0
-0.6045153024 -24.50791411 0.0
-30.01224278 -1.80450153 0.0
-17.51365591 8.840434097 0.0
-0.2161221465 4.142190974 0.0
9.134597662 26.95140812 0.0
8.654324702 26.37962533 0.0
0.4455034524 25.21312532 0.0
0.4072795699 -24.04156777 0.0
-0.002441792166 -23.95392834 0.0
0.4376071218 -24.05061931 0.0
0.445627114 -23.70208843 0.0
-0.7967012503 -24.87812392 0.0
-0.3508029733 -24.63997547 0.0
5.402080629 -23.77268163 0.0
1.439257306 -23.56619904 0.0
2.509442102 -23.94111668 0.0
0.7974078572 -24.24600737 0.0
10.26435362 -25.6901516 0.0
8.766415901 -26.95441078 0.0
9.881575151 -25.49389954 0.0
-1.204941364 -17.11242037 0.0
-0.5601909871 11.78381006 0.0
10.8592772 27.5292788 0.0
9.967842962 27.2690956 0.0
7.45768504 26.33536433 0.0
0.7190402914 25.44094943 0.0
0.4259331511 25.47093099 0.0
0.3437434161 25.42658401 0.0
0.6673298689 25.39783755 0.0
0.9590975084 25.50637152 0.0
1.037443498 25.89026099 0.0
1.241919846 25.94715368 0.0
1.244781294 25.8633642 0.0
1.156350799 25.29328895 0.0
0.9469244976 21.78895216 0.0
0.4620525836 -24.49087681 0.0
0.6327632636 -24.12021104 0.0
1.726449904 -23.83898255 0.0
9.044510888 -25.72221941 0.0
3.509397031 -24.96309399 0.0
-16.58344117 9.900137819 0.0
0.2074716065 25.64963929 0.0
0.8167373433 25.37778347 0.0
1.118769119 25.52082902 0.0
1.287952153 25.97919145 0.0
1.323853269 25.76919303 0.0
1.151331724 25.49098347 0.0
0.9668367021 23.93546542 0.0
0.8467458697 21.32563036 0.0
1.301167721 -25.35458371 0.0
1.189196345 -25.05933184 0.0
1.308681878 -25.11675382 0.0
0.8934253096 -24.59581304 0.0
0.003971042631 -24.5213544 0.0
0.4850851637 -24.21400091 0.0
-0.3030200361 -24.03558353 0.0
-0.4174934636 -24.43239968 0.0
-0.1434384247 -24.74412049 0.0
-0.05762013697 -24.8530412 0.0
0.2908131857 -24.40479757 0.0
7.833615913 -25.71380073 0.0
6.906865136 -26.23279576 0.0
0.9170444359 -24.00122919 0.0
9.686336204 -27.17919538 0.0
3.332605953 -20.25845358 0.0
2.84022129 17.79915436 0.0
6.504328017 27.57702306 0.0
4.109657718 26.6348365 0.0
1.001327009 25.44500891 0.0
0.1983815146 25.55151018 0.0
1.015336212 24.62367651 0.0
0.1780111624 25.5449528 0.0
0.5484485516 25.32847741 0.0
0.855432984 25.71308883 0.0
1.330981114 25.79146059 0.0
1.257323211 25.71132868 0.0
1.150352101 25.44371748 0.0
0.9664919249 24.99642337 0.0
1.001139548 22.63316474 0.0
0.9955430092 21.73825509 0.0
1.271080963 -25.12524862 0.0
-0.4378950394 -23.87029068 0.0
0.2707658632 -24.09618212 0.0
-0.4413176058 -23.97586497 0.0
-0.2439496676 -23.82799489 0.0
0.07901753987 -24.15283574 0.0
0.5621785773 -24.53039207 0.0
-16.58436653 -10.50410153 0.0
-15.63003411 10.76736302 0.0
13.5867126 21.50545014 0.0
7.792654946 28.16860035 0.0
5.046854479 27.75849047 0.0
0.3192044249 25.82098541 0.0
0.3017182885 25.79925052 0.0
0.507285162 25.53961234 0.0
0.9795742407 25.38620748 0.0
1.156136257 25.39485853 0.0
1.332377816 25.72959957 0.0
0.8931456554 21.29880377 0.0
1.216934446 -24.93585224 0.0
0.8505960672 -24.45294658 0.0
0.7931912727 -24.41954815 0.0
0.05365925679 -24.06692066 0.0
-0.2290290144 -23.73860681 0.0
-0.2760799934 -23.6878155 0.0
-0.1751004868 -24.0508187 0.0
-0.1164621534 -23.9800329 0.0
-0.04454692327 -24.24977235 0.0
0.288532968 -24.52902631 0.0
0.3617145202 -24.78640248 0.0
0.697076063 -24.34652681 0.0
0.5297921243 -24.54249148 0.0
0.5951931081 -24.25607981 0.0
0.7262324521 -23.89606833 0.0
0.8325616054 -23.8356488 0.0
8.798590392 -27.09653651 0.0
-0.2412361697 -20.02645538 0.0
-29.43317713 -1.396432955 0.0
-17.1551661 -9.062691905 0.0
9.865718557 28.12039217 0.0
1.319694289 25.35773606 0.0
0.4646271622 25.57155917 0.0
1.427287302 25.27657492 0.0
0.2462650812 26.0988532 0.0
0.239363377 25.72912084 0.0
0.2841571945 25.73547553 0.0
0.3283090016 25.61807733 0.0
0.3299370374 25.60311476 0.0
0.2268677921 25.69699726 0.0
0.4964863994 25.36545887 0.0
0.6667025263 25.28892969 0.0
0.7823982754 25.26294478 0.0
1.013488569 25.28414841 0.0
1.274599664 25.55154904 0.0
1.254734351 25.56113072 0.0
1.331194244 25.69797216 0.0
1.334796556 25.74685547 0.0
1.263184578 25.67392108 0.0
0.9507970656 25.00697409 0.0
0.9626191091 23.94000648 0.0
1.028800757 22.63416435 0.0
1.018637237 21.72276218 0.0
1.097140173 -24.04045791 0.0
9.021514726 -26.61593036 0.0
5.796045197 -26.78361274 0.0
-15.89797986 9.928260507 0.0
-28.98286029 -1.410509392 0.0
6.85349761 28.79525403 0.0
1.153273946 25.43775568 0.0
0.9493499849 21.31272561 0.0
1.194540949 -24.88060372 0.0
0.7207631317 -24.44665275 0.0
0.04234026383 -23.81488526 0.0
0.3634165021 -24.0515662 0.0
-0.238863223 -23.75426713 0.0
-0.2907379235 -23.743403 0.0
-0.2547780567 -23.8562468 0.0
-0.05355485181 -24.03597442 0.0
0.129607459 -24.40694993 0.0
0.5541396226 -24.36073218 0.0
0.3956944417 -24.73404561 0.0
0.8440383304 -24.14312727 0.0
1.73662992 -23.59371098 0.0
1.781759954 -24.07413411 0.0
5.083407292 -26.90408619 0.0
2.580810241 -25.77811111 0.0
-3.009507335 -18.02776106 0.0
-17.33917361 -7.941169105 0.0
1.942094397 21.99335253 0.0
2.783587671 28.07696843 0.0
4.771453501 28.52959347 0.0
1.337133584 25.90575058 0.0
0.3182443737 26.1634333 0.0
0.3128626828 25.66912526 0.0
0.207194518 26.18478489 0.0
0.2918808554 25.86807395 0.0
0.3030314858 25.69777677 0.0
0.2953653325 25.61401798 0.0
0.3562538366 25.39092623 0.0
0.4867352118 25.27420397 0.0
0.8355457723 25.28013249 0.0
0.6215345649 25.25146191 0.0
0.7070149263 25.29037959 0.0
0.9587624977 25.31037795 0.0
1.123020284 25.41323283 0.0
1.221601997 25.57375668 0.0
1.328575489 25.70488711 0.0
1.328670432 25.77374502 0.0
1.266792787 25.68121482 0.0
1.153028978 25.46442581 0.0
0.9439201745 25.01629263 0.0
1.013347206 22.64991163 0.0
0.962240814 23.92450187 0.0
1.04333407 22.61295405 0.0
1.039800186 21.69524029 0.0
0.9257827782 21.32256387 0.0
0.9744205396 -24.1273999 0.0
0.7941011012 -24.27069075 0.0
-28.47058924 -1.348905602 0.0
-1.293656749 20.41918772 0.0
-16.15838967 8.622389159 0.0
1.164010818 -24.86938527 0.0
1.237233458 -25.13470583 0.0
0.6219259265 -24.47719843 0.0
-0.01552399323 -23.82419691 0.0
-0.1493792294 -23.94632709 0.0
-0.2738008155 -23.82306361 0.0
-0.3100876184 -23.77233944 0.0
-0.2337774523 -23.86959027 0.0
0.277830399 -24.28885561 0.0
0.4617990412 -24.38527431 0.0
0.6600448579 -24.34772262 0.0
0.6350571679 -24.48930973 0.0
0.9129418385 -24.19532702 0.0
0.9942881299 -24.07542921 0.0
1.156340482 -23.93396369 0.0
1.06940397 -23.62664716 0.0
1.023996207 -24.04413565 0.0
1.251185707 -24.06691211 0.0
1.793584391 -25.06315619 0.0
0.5074419596 -24.09974856 0.0
-4.477961134 -16.71479894 0.0
-15.96303447 7.284456069 0.0
-3.382194261 19.28177099 0.0
0.40462189 26.22611952 0.0
1.513917693 27.11350258 0.0
0.5099795125 26.26781856 0.0
0.2316029485 26.34461268 0.0
0.2652362555 25.91913203 0.0
0.276632221 25.97235462 0.0
0.3039062202 25.71312151 0.0
0.2712969189 25.87059617 0.0
0.329961984 25.47484532 0.0
0.4193824191 25.31228085 0.0
0.3449556041 25.35645246 0.0
0.5495438282 25.27678382 0.0
0.6243915815 25.31832176 0.0
0.8867233857 25.34520605 0.0
1.06888095 25.44028905 0.0
1.182346167 25.56688183 0.0
1.315747817 25.70955782 0.0
1.261232925 25.68734478 0.0
1.266597533 25.7011216 0.0
1.153146114 25.48905559 0.0
0.9408049942 25.01296256 0.0
0.9617741375 23.91227435 0.0
1.059310502 22.59666467 0.0
1.055740948 21.65637058 0.0
0.9817426111 21.28589746 0.0
-0.02643598341 -23.89556519 0.0
0.1595054459 -24.2021622 0.0
-17.27279621 -7.283570688 0.0
-16.98384939 -6.823105832 0.0
-27.90572598 -1.241545659 0.0
-16.10812358 7.888551525 0.0
0.3660115329 25.36311394 0.0
1.132716068 -24.87025809 0.0
1.214462082 -25.18374141 0.0
-0.08801383477 -23.8918388 0.0
-0.2686843998 -23.7847268 0.0
-0.2795526545 -23.76361984 0.0
-0.1478874918 -23.88379841 0.0
0.05182953847 -24.07775183 0.0
0.2670606954 -24.2433905 0.0
0.4738785479 -24.33868955 0.0
0.8159255753 -24.28083962 0.0
0.821681757 -24.27875258 0.0
1.053021702 -24.07681805 0.0
1.120558618 -23.99213371 0.0
1.450295846 -24.21394405 0.0
1.638440024 -24.59469873 0.0
0.4379910953 -23.07329655 0.0
-4.507895921 -16.23640912 0.0
-4.203477943 18.11120409 0.0
0.5985239708 26.93527984 0.0
0.3340416504 26.5474752 0.0
0.2605986036 26.02728384 0.0
0.1985908303 26.13884231 0.0
0.2753583938 25.7476076 0.0
0.2291959773 25.95030496 0.0
0.235829358 25.69073235 0.0
0.248915195 25.55913727 0.0
0.4309191032 25.29950409 0.0
0.2781002149 25.43971363 0.0
0.2544036016 25.41254171 0.0
0.4623481574 25.31628459 0.0
0.5300205022 25.34283268 0.0
0.8144434111 25.35991782 0.0
1.011654636 25.44333515 0.0
1.302562337 25.77433329 0.0
1.263562374 25.7172166 0.0
0.9354819734 24.99759657 0.0
0.9687737433 23.93187341 0.0
1.072297598 21.61805566 0.0
0.1694042401 -24.12119388 0.0
0.8036605657 -24.29723428 0.0
1.078768482 -24.08718865 0.0
0.9540314651 -24.17794823 0.0
1.190697236 -24.027867 0.0
1.39773743 -23.77302867 0.0
-27.25896157 -1.077388957 0.0
0.220428832 26.14052919 0.0
1.29251402 25.70052494 0.0
1.084015546 -24.87666117 0.0
1.171369943 -25.21335867 0.0
0.4998116787 -24.49506875 0.0
0.06925879125 -24.12971817 0.0
-0.2898688814 -23.83935615 0.0
-0.1871529596 -23.96417004 0.0
0.1915243672 -24.09487989 0.0
0.4135328924 -24.2478399 0.0
0.6208654669 -24.31781944 0.0
0.9723545755 -24.20791949 0.0
0.9568299593 -24.20608804 0.0
1.289423621 -23.87005568 0.0
1.239191628 -23.89083733 0.0
1.317628599 -23.82615246 0.0
1.33880912 -24.14941747 0.0
1.354601682 -23.93159764 0.0
1.580392976 -24.18340993 0.0
1.406867726 -24.3942831 0.0
0.387410972 26.93164678 0.0
0.2802412903 26.66277143 0.0
0.2106612433 26.38446367 0.0
0.1918073881 26.24133123 0.0
0.2288316642 26.07153264 0.0
0.1787992264 26.01775363 0.0
0.1819578252 25.78581586 0.0
0.1838184932 25.6526515 0.0
0.1997710776 25.51222137 0.0
0.7302411534 25.36950627 0.0
1.132873546 25.55401829 0.0
1.318233794 25.77812398 0.0
1.152133522 25.66412076 0.0
0.9299047627 24.99370116 0.0
1.197757156 -25.22640034 0.0
0.3633712652 -24.10388056 0.0
-0.0953975976 -23.65691456 0.0
-15.25383037 -5.771754107 0.0
-16.57553364 -6.446897967 0.0
-26.47291639 -0.8571253518 0.0
-25.53145253 -0.5535269477 0.0
-15.73346373 6.864527004 0.0
-0.05701719051 25.67536691 0.0
0.2067778271 26.21749225 0.0
0.2013882865 26.03877684 0.0
0.1911449084 25.91889737 0.0
0.1692486387 25.47466282 0.0
1.150055163 25.50021224 0.0
1.071754833 22.57987509 0.0
1.07653568 22.54686658 0.0
1.087584041 21.5867526 0.0
1.003668958 -24.88349941 0.0
0.7288684843 -24.9038505 0.0
0.3609081421 -24.5105408 0.0
-0.0186270858 -24.1388291 0.0
-0.201058725 -23.94035596 0.0
-0.2009369881 -23.73476506 0.0
-0.08109320062 -23.73628716 0.0
0.1266135646 -23.91344978 0.0
0.569233362 -24.10791978 0.0
0.5928262102 -24.23208354 0.0
0.7982255066 -24.26449954 0.0
1.145334049 -24.09038451 0.0
1.107345481 -24.09231017 0.0
1.171405058 -23.97733001 0.0
1.210741696 -23.96839268 0.0
1.402459119 -23.76918674 0.0
1.286259203 -23.83316596 0.0
1.349643881 -23.80536474 0.0
1.498904138 -23.76037982 0.0
1.441401571 -23.79188781 0.0
1.493906102 -23.92528837 0.0
-4.216901369 -16.03419375 0.0
-3.848278919 -15.80009676 0.0
-3.980156083 17.93806899 0.0
-3.806931356 17.8473862 0.0
-0.1177717045 24.35918668 0.0
0.237067243 26.42335986 0.0
0.1923023037 26.20753562 0.0
0.196199466 26.27793936 0.0
0.2530282989 26.26075895 0.0
0.2021696312 26.14135088 0.0
0.1543779943 25.88150182 0.0
0.1640220893 26.00268522 0.0
0.1392862835 25.74452203 0.0
0.1385096683 25.59364663 0.0
0.2611329331 25.39575084 0.0
0.418986538 25.37334682 0.0
0.7369360321 25.45984276 0.0
1.065107418 25.54540929 0.0
1.216975205 25.67482973 0.0
1.259126511 25.72334566 0.0
1.221126806 25.735887 0.0
1.141161162 25.51791706 0.0
0.9312146132 25.01996319 0.0
1.02109495 23.97240527 0.0
1.0790167 22.5147667 0.0
1.099351768 21.55044579 0.0
1.057214338 21.22398204 0.0
0.7182357731 -22.74563369 0.0
0.8220168925 -22.82709888 0.0
1.77472862 -24.48265152 0.0
-16.02664959 -6.123952901 0.0
-24.39082406 -0.1518123594 0.0
-15.07147929 6.50143848 0.0
-15.4623233 6.633663906 0.0
0.2989467369 26.71159851 0.0
0.1971514422 26.69058565 0.0
0.8871143435 -24.88950472 0.0
1.108219554 -25.20643384 0.0
0.5237163099 -24.93106599 0.0
0.2143664422 -24.52528868 0.0
-0.07396225061 -24.16208013 0.0
-0.204622132 -23.71882102 0.0
-0.1654190346 -23.87783271 0.0
0.07975541447 -23.61540709 0.0
0.08233082986 -23.73839257 0.0
0.318848501 -23.93115799 0.0
0.8037041459 -24.10118174 0.0
0.7971816738 -24.2026378 0.0
0.9899809531 -24.18423041 0.0
1.256542076 -23.94980279 0.0
1.339860096 -23.83679213 0.0
1.488149773 -23.71372037 0.0
1.453581199 -23.74615469 0.0
1.543848015 -23.82212225 0.0
1.59895127 -23.9875856 0.0
1.759605475 -24.20187107 0.0
-2.918292083 -15.39696721 0.0
-3.443463471 -15.56715447 0.0
-0.1889008694 25.03052734 0.0
-3.581419867 17.42298273 0.0
0.2341812401 26.32685886 0.0
0.447780943 26.68935496 0.0
0.2900148956 26.44113742 0.0
0.1930518079 26.24839042 0.0
0.2517363902 26.29043719 0.0
0.3569683705 26.26479998 0.0
0.2375654975 26.21567747 0.0
0.2067598488 26.12636932 0.0
0.2229398922 26.08044283 0.0
0.123535173 25.83920686 0.0
0.1014882249 25.6776346 0.0
0.09771074644 25.55911142 0.0
0.1566553775 25.4495188 0.0
0.62483644 25.3875839 0.0
0.2945474068 25.41354184 0.0
0.8526418256 25.44393371 0.0
0.5969017016 25.48707589 0.0
0.9722303633 25.54445144 0.0
1.277207932 25.77077217 0.0
1.252010882 25.71984072 0.0
1.176444735 25.75798455 0.0
1.128344781 25.54795654 0.0
0.9512929278 25.05098875 0.0
1.060509234 23.97775349 0.0
1.079864212 22.48795093 0.0
1.107181958 21.50661228 0.0
1.085340349 21.18549137 0.0
0.9932663285 -25.26301818 0.0
-0.09308784599 -24.12823327 0.0
-0.06384736761 -23.74890487 0.0
0.296754086 -23.74382444 0.0
0.553065759 -23.94586713 0.0
1.298781838 -23.95438565 0.0
1.380589205 -23.80687971 0.0
1.441035822 -23.73178054 0.0
1.582168468 -23.83374487 0.0
1.628942397 -23.94987423 0.0
1.688036776 -24.26667029 0.0
1.686256461 -24.1549066 0.0
1.84106392 -24.48810848 0.0
0.9265839155 -23.16661365 0.0
-23.03030506 0.3268904592 0.0
-0.1145134162 23.77471818 0.0
0.3294830738 26.69580352 0.0
0.4063731907 26.14807058 0.0
0.3933854479 26.41520467 0.0
0.2499721418 26.26925973 0.0
0.3619789738 26.26459907 0.0
0.3326898218 26.23863659 0.0
0.2856653832 26.17804662 0.0
0.06048892724 25.63473868 0.0
0.06948658906 25.5292894 0.0
0.4977437033 25.41647762 0.0
0.1696510663 25.46118325 0.0
0.8495806015 25.55296481 0.0
1.236937109 25.76393912 0.0
1.058104836 25.65864072 0.0
1.107731082 25.58171799 0.0
0.981527919 25.08118602 0.0
1.109029703 23.99915652 0.0
1.112762285 21.45730961 0.0
1.103048389 21.14872344 0.0
1.535255291 -23.75343366 0.0
-3.503179262 16.6543154 0.0
0.09564966908 25.79017696 0.0
0.08369795097 -24.53002822 0.0
1.012413905 -24.15335568 0.0
1.175889561 -24.07199556 0.0
-14.18530417 -5.346347856 0.0
0.3599901366 26.25694343 0.0
0.3561192439 25.45270535 0.0
1.17062336 25.75693095 0.0
0.9023760814 -25.86735233 0.0
1.102670689 25.96102506 0.0
0.957798631 -25.34442971 0.0
1.103057447 25.30946328 0.0
1.687504923 25.7829105 0.0
1.24591072 25.87008689 0.0
1.779216075 26.01382686 0.0
1.217486 26.23889853 0.0
1.137852357 25.83763677 0.0
1.086714652 25.96236261 0.0
1.567204032 -25.65808957 0.0
1.421360306 -23.47039777 0.0
1.479582728 -24.54432772 0.0
0.4818532733 -25.63904624 0.0
1.738092846 25.94403223 0.0
1.170594453 -24.68769785 0.0
1.061587282 -23.39485004 0.0
1.149590454 25.78472985 0.0
1.120770936 25.80806325 0.0
1.788812867 -26.20740152 0.0
1.442407151 -26.18829479 0.0
1.766401813 -25.95108988 0.0
1.462571366 -25.81832153 0.0
1.85639809 -26.03190785 0.0
2.406913973 -25.74253905 0.0
2.569240385 -25.49601194 0.0
1.624679863 -25.76406964 0.0
0.9352586826 25.41869112 0.0
2.199107124 25.17119791 0.0
1.657698684 25.76730161 0.0
1.947038231 25.8634805 0.0
1.413588314 25.9532708 0.0
0.9163515006 24.95839973 0.0
1.401416848 25.74973557 0.0
1.013350072 26.19315507 0.0
1.135086357 25.88305879 0.0
1.131904523 25.76961513 0.0
1.372169194 25.83881759 0.0
0.8985067037 25.87745556 0.0
1.481278987 -25.96532339 0.0
1.027298251 -25.72114703 0.0
0.8812963607 -25.75677726 0.0
0.6333812837 -25.2313933 0.0
0.7718206094 -25.46775587 0.0
0.3003231883 -25.73746895 0.0
1.30532582 -23.45057611 0.0
1.484835378 -23.36296414 0.0
1.532371431 -24.96846571 0.0
1.880481686 -25.24240762 0.0
1.514893387 -26.08707744 0.0
1.57905456 -26.1436221 0.0
0.7982588968 -26.24399085 0.0
1.456575985 -25.80193233 0.0
1.374358711 -26.26294337 0.0
1.180932018 -26.37288771 0.0
1.079921058 26.02533176 0.0
1.224042897 26.30695734 0.0
1.398492479 26.27131085 0.0
0.3389663196 -25.71297025 0.0
0.89992566 -25.06067116 0.0
0.6939553096 -25.403327 0.0
1.540093797 26.06950757 0.0
1.666193237 25.93652748 0.0
1.382997918 -25.51799619 0.0
1.485699931 -25.99396822 0.0
1.070232531 25.82843869 0.0
1.099615225 25.8433686 0.0
1.096280769 26.25702228 0.0
0.9157304282 -25.71175042 0.0
1.544100831 25.96854954 0.0
1.633114606 25.82529165 0.0
1.185239239 25.36953899 0.0
0.5542912041 -23.62573347 0.0
0.7480319581 -23.46719979 0.0
0.8817982065 -24.24242699 0.0
0.867129221 25.79978808 0.0
0.9212254767 25.95670808 0.0
1.039077244 25.96865153 0.0
1.021461079 25.93639562 0.0
0.7360467 -26.22063605 0.0
1.012122993 25.90439705 0.0
1.020218395 25.88328324 0.0
0.9929785165 25.85134262 0.0
1.353653648 -26.33051722 0.0
1.276631774 -26.42707495 0.0
1.784131012 -25.93639389 0.0
1.198073016 25.45064977 0.0
1.973012004 -26.26815752 0.0
1.285840503 25.97143453 0.0
0.5035372213 25.93969787 0.0
1.135103548 25.99249774 0.0
0.8921498676 25.84850909 0.0
1.055902564 25.89471473 0.0
1.493313949 25.80385868 0.0
1.127213904 25.82522741 0.0
1.09186049 26.34991592 0.0
0.8270625782 26.16334981 0.0
1.709354285 25.94080938 0.0
1.31330573 25.6841795 0.0
1.662993629 25.98778412 0.0
1.730093148 25.77522133 0.0
1.806323673 25.80064765 0.0
1.008172162 25.24451648 0.0
0.9836462321 25.18568278 0.0
0.8712713733 24.79700548 0.0
0.8333813191 24.63948636 0.0
1.269881164 25.4876221 0.0
1.353303127 25.51890596 0.0
1.819648702 25.85044015 0.0
1.235925031 26.02095634 0.0
1.945347286 25.89816103 0.0
2.297933343 25.12492637 0.0
1.861224371 25.77772258 0.0
2.003579618 25.11066212 0.0
1.608507915 24.6743016 0.0
1.050828721 25.39804946 0.0
1.808388109 -22.74744641 0.0
1.722275765 -23.47375276 0.0
0.7709566444 -23.35338285 0.0
0.3532935562 -23.62033359 0.0
0.9795327678 -25.83021244 0.0
0.744180177 -26.08163906 0.0
1.600268009 -26.0858542 0.0
1.476054221 -26.05600315 0.0
1.1022704 -23.40876381 0.0
1.413503632 -23.50981623 0.0
1.299855949 -25.21178424 0.0
0.4129071089 -25.72868301 0.0
0.8439420515 -25.49766537 0.0
0.5974779297 -25.09623753 0.0
1.155129141 -25.76419817 0.0
1.354473181 -25.728901 0.0
1.658226178 -25.96430206 0.0
1.43781625 -26.19216832 0.0
1.566902197 -26.21123208 0.0
1.499446786 -26.16095253 0.0
1.925592321 26.00099222 0.0
1.99287662 25.7791345 0.0
1.805752182 25.05568153 0.0
1.497439767 24.74514456 0.0
1.339103266 25.19418429 0.0
1.447908217 26.12478569 0.0
2.054411242 -26.10886847 0.0
1.669702074 -25.91453397 0.0
2.267029358 -25.73179193 0.0
2.234996942 -25.5075175 0.0
1.911281633 -25.53138059 0.0
2.910777488 -25.53204893 0.0
1.562979094 -25.76774252 0.0
1.456634344 20.9687182 0.0
1.121081908 22.37477359 0.0
1.004944456 25.84563046 0.0
1.642327798 26.11979308 0.0
1.073737738 26.26000405 0.0
1.691659448 25.87555256 0.0
1.26618461 26.25334673 0.0
1.135534887 25.90199223 0.0
0.8273422002 25.38383271 0.0
1.767091461 24.77653881 0.0
1.172822868 25.3889839 0.0
1.455897766 25.75398968 0.0
1.52957893 25.90342057 0.0
1.044070929 25.13510238 0.0
1.983807669 24.93708099 0.0
1.209791771 25.35610742 0.0
1.875241061 26.04212183 0.0
1.750063319 25.91474308 0.0
2.226802235 -26.15868307 0.0
1.627862341 -26.16841756 0.0
1.480205008 -26.19511604 0.0
2.607255025 -25.68409354 0.0
2.54174199 -25.76392266 0.0
1.696925502 -25.74643652 0.0
1.1045293 25.74430872 0.0
1.101275053 25.87713059 0.0
0.9429523054 25.89841062 0.0
0.9070585194 -25.8079747 0.0
1.119096739 -24.18606826 0.0
1.454335681 25.99438951 0.0
1.522655547 -26.05860776 0.0
1.816853069 -25.92862726 0.0
1.190579064 -26.43275721 0.0
0.876047016 -25.94851289 0.0
0.8738359314 -25.28421117 0.0
1.0253757 -26.31146056 0.0
2.102302188 -25.20024289 0.0
1.66407239 25.81215214 0.0
1.934481916 26.06740019 0.0
1.10240593 25.60756539 0.0
1.464014255 -22.77527045 0.0
1.516529782 -23.23613703 0.0
1.349167259 -23.95281608 0.0
1.033071001 -23.93259339 0.0
0.6307320591 -25.61926866 0.0
1.189137179 -24.99144206 0.0
1.439486701 26.29933435 0.0
1.627835045 25.93832815 0.0
1.560590283 25.91308141 0.0
1.085115641 -23.45029359 0.0
1.276910878 -25.00381468 0.0
1.539142565 25.84405062 0.0
0.9799053901 -25.75886123 0.0
1.48601247 -26.10839244 0.0
0.9483471053 -25.38684659 0.0
0.9486442299 -24.64198544 0.0
0.9482717927 -23.86320701 0.0
1.045743264 -23.64730829 0.0
1.666912246 -24.28922656 0.0
1.934840395 -23.80139979 0.0
1.731703973 -22.84516357 0.0
1.489772037 -23.48262144 0.0
0.7074629144 -25.26572469 0.0
1.377104918 20.9351719 0.0
1.070698689 21.61946788 0.0
0.8878509378 24.26726574 0.0
-0.1389207069 25.85957656 0.0
0.02106588596 25.70096465 0.0
0.4884939446 25.48752134 0.0
0.9294656721 25.32552546 0.0
0.9997018493 25.36237231 0.0
0.9384547763 25.69308897 0.0
0.9881593391 25.90019872 0.0
1.070832731 25.98235342 0.0
1.07795221 25.96870677 0.0
1.050428492 25.92563096 0.0
1.02698459 25.89015674 0.0
0.9974281269 25.87190159 0.0
0.9689284568 25.8575749 0.0
1.225160902 -26.41045099 0.0
1.246069881 25.37334894 0.0
1.102719226 25.14416512 0.0
1.176100502 25.4425686 0.0
2.175500306 -26.30193495 0.0
2.003108486 -22.35509929 0.0
1.402142342 -23.46742493 0.0
1.796441711 -24.85829901 0.0
0.9486499716 -22.49098659 0.0
0.06357693671 -23.67055968 0.0
1.103237796 -25.79045582 0.0
1.584856182 -26.03398734 0.0
2.250865819 -25.20141105 0.0
1.411145892 -22.31996247 0.0
1.333361578 -23.59560963 0.0
1.363650395 -25.59026951 0.0
0.6654200268 -25.6994895 0.0
0.5964972295 -24.9994525 0.0
1.214234952 -25.75249172 0.0
1.134016082 -25.68008898 0.0
1.472817682 -26.19739365 0.0
1.41609388 -26.18840736 0.0
1.526732411 -25.78585895 0.0
2.576233365 -25.45753812 0.0
3.205058541 -25.71051907 0.0
1.437895561 -25.37334327 0.0
1.256212259 26.03371954 0.0
1.882868215 26.09326645 0.0
1.628971292 25.0607058 0.0
1.411539281 24.81819855 0.0
1.282343145 25.38908469 0.0
1.420934851 25.18659879 0.0
1.144293384 25.54242019 0.0
1.392716749 26.14294388 0.0
2.212743181 25.14532409 0.0
2.310101415 25.0064533 0.0
1.347383377 25.70453316 0.0
1.623846773 25.88895395 0.0
1.172870899 25.45166664 0.0
1.591119124 25.8570784 0.0
1.42177654 25.59072278 0.0
0.7968218325 24.48962602 0.0
1.060345927 25.11509329 0.0
1.93254735 25.86750745 0.0
1.622296099 -25.5353137 0.0
1.73737347 -25.73155418 0.0
1.9539967 26.08269425 0.0
1.561610273 25.84000766 0.0
1.259758311 25.59534495 0.0
0.733124319 26.13919303 0.0
1.118004738 26.41677638 0.0
1.086797064 25.70650071 0.0
0.9583409426 25.78481226 0.0
1.131020231 25.94487065 0.0
0.452707957 25.97368099 0.0
1.242559522 25.44563165 0.0
1.332584584 25.15285104 0.0
0.2681660325 25.39838211 0.0
0.1835029015 26.08775958 0.0
0.1399238423 26.12396304 0.0
0.6208835521 26.15304447 0.0
0.6606315379 24.42222247 0.0
1.510328433 20.13929911 0.0
1.117870839 22.15423814 0.0
0.9598210812 25.85421925 0.0
1.204342214 -25.97150651 0.0
1.262655264 -26.29345606 0.0
0.8758543281 -23.22541389 0.0
0.8855866719 -23.43166617 0.0
0.7672121804 -25.99889328 0.0
1.473741937 -26.0108276 0.0
1.513170809 -26.02318306 0.0
1.136907903 25.90327175 0.0
1.581737326 25.77962738 0.0
0.6591072244 25.88025532 0.0
1.210934619 22.09862222 0.0
1.310771044 20.85409806 0.0
2.125595844 -25.7384857 0.0
-0.200661825 25.7258856 0.0
0.3954392177 26.32076107 0.0
1.112854169 25.93319767 0.0
1.426629147 -24.94868992 0.0
2.163754187 -24.7457545 0.0
1.018658901 25.86827631 0.0
1.180802294 26.1649659 0.0
0.8724284824 -25.51390923 0.0
1.856919067 -23.30994363 0.0
1.873984745 -22.90507392 0.0
1.373620339 21.61938167 0.0
1.880933969 -23.03553977 0.0
1.773591088 -24.78135636 0.0
1.691130124 -24.56255333 0.0
1.975202522 25.73751455 0.0
1.671631324 26.03345228 0.0
0.8832626264 -25.34827797 0.0
1.696692198 25.90674319 0.0
1.596771824 25.90004046 0.0
1.458425151 25.91391215 0.0
0.9925755462 -23.85754403 0.0
0.996077251 -23.37619838 0.0
1.100790978 -24.58746965 0.0
1.087929243 -25.76239332 0.0
1.506936503 25.85981242 0.0
1.430956754 -26.08670532 0.0
1.042588916 25.88151447 0.0
0.9506065537 25.81062454 0.0
0.8222543849 25.56300989 0.0
0.7359584746 25.37936676 0.0
1.191670709 25.23862097 0.0
0.1990847348 25.5379814 0.0
0.3286223684 25.55972349 0.0
0.002267195874 25.90118045 0.0
0.3281684081 26.05706493 0.0
0.4488213619 26.00522446 0.0
0.8992969758 26.02935995 0.0
1.125012045 24.26075596 0.0
0.9304857471 21.95768327 0.0
1.217041398 20.95417742 0.0
1.377322823 21.51159385 0.0
1.503759999 -23.09575323 0.0
1.711371815 -23.97301413 0.0
1.239708294 -23.87919184 0.0
1.039645962 -23.59738189 0.0
1.037243525 -25.94509735 0.0
1.212369176 -26.43186178 0.0
1.247867184 -26.24208073 0.0
1.260647757 -26.37437873 0.0
1.002748628 25.86744026 0.0
1.281015744 25.38845115 0.0
1.150166429 25.10853329 0.0
1.684957234 -26.20942419 0.0
2.646737147 -24.79864757 0.0
1.793417759 -21.68487528 0.0
1.092743744 -23.73466631 0.0
1.829720054 -25.03489058 0.0
1.063338737 -21.88511299 0.0
1.182622728 -25.87545055 0.0
0.8499326172 -25.92190393 0.0
1.523361243 -25.98097399 0.0
1.473658573 -25.91055454 0.0
2.371846997 -25.1914592 0.0
1.381645679 -21.93987026 0.0
1.13499576 -23.63185601 0.0
1.457753786 -25.88642052 0.0
1.005890884 -25.63871311 0.0
0.6406388635 -24.87684729 0.0
1.25749432 -25.74112735 0.0
0.8892064233 -25.63969163 0.0
1.359634243 -26.07573298 0.0
1.363408769 -26.20537648 0.0
1.569329034 -25.68137503 0.0
2.349652643 -25.21053227 0.0
3.507338212 -25.96549198 0.0
1.42197384 -25.56235898 0.0
1.21539633 25.35665886 0.0
1.30379576 25.97025566 0.0
1.802506201 26.08161227 0.0
1.93293664 25.64942012 0.0
1.47466187 25.08463651 0.0
1.361085358 24.86450188 0.0
1.365567127 25.39043171 0.0
1.492494499 25.17618442 0.0
1.205315659 25.45172894 0.0
1.413977671 26.03829142 0.0
2.399819929 25.4500112 0.0
2.219687524 24.92347357 0.0
1.303777415 25.61829969 0.0
1.423527948 25.95535415 0.0
1.600722069 25.82672153 0.0
1.505783415 25.64005019 0.0
0.7492288722 24.44072003 0.0
1.313574255 25.02965759 0.0
2.059323782 25.89020267 0.0
1.369915084 25.81003232 0.0
1.243976995 25.48618183 0.0
0.7118298163 26.11380276 0.0
1.138348993 26.5208538 0.0
1.073528384 25.91234347 0.0
1.627123295 25.78069156 0.0
1.029122141 25.71531629 0.0
1.143546229 25.88959231 0.0
1.424044319 25.79477647 0.0
1.147067563 25.04827103 0.0
1.332196824 25.61700914 0.0
0.6769520634 25.11540896 0.0
0.1795657804 25.25767354 0.0
0.3239732368 26.39851845 0.0
0.4282735966 24.82020419 0.0
1.519385321 19.82765157 0.0
1.27920369 22.05021927 0.0
2.35543221 -26.20385618 0.0
1.7051888 -25.69347815 0.0
0.973678793 25.8510554 0.0
1.07337101 25.65576993 0.0
1.171671008 25.32952261 0.0
1.384367915 25.09575448 0.0
0.4743950728 26.14019721 0.0
0.103863613 25.28014086 0.0
2.45244385 -26.09926186 0.0
0.6036813818 25.41903441 0.0
2.020241219 -25.63116008 0.0
1.401009958 -25.50874762 0.0
1.655866163 -25.66710833 0.0
0.9741332574 -24.26086518 0.0
1.083921377 -25.36082659 0.0
1.628981784 -25.97354354 0.0
1.145820162 -26.31413376 0.0
1.177746835 -25.89277114 0.0
1.173761742 -26.357183 0.0
1.009734088 25.90631904 0.0
1.015535997 -24.71665628 0.0
0.9853449536 -23.63778029 0.0
0.8589535547 -23.41980314 0.0
0.8966132015 -24.46071937 0.0
0.9389663241 -25.60776853 0.0
1.734473851 26.17895357 0.0
1.530043508 25.86473919 0.0
1.508970085 26.34242062 0.0
1.595422533 26.35810621 0.0
1.192225314 26.03599853 0.0
1.183537592 -25.7614285 0.0
1.388905891 -26.01206268 0.0
1.305854268 25.39399803 0.0
1.35674707 -26.10959623 0.0
1.311714759 -25.77604792 0.0
1.22984468 -25.30716345 0.0
1.161402669 -24.72560892 0.0
1.137439147 -24.13541885 0.0
1.142472201 -23.69483496 0.0
1.156090512 -23.56072197 0.0
1.204147715 -23.7885201 0.0
1.370425095 -23.98752409 0.0
1.690954668 -23.82429378 0.0
1.707651829 -23.34523461 0.0
1.566839362 -23.07125742 0.0
0.6137798007 -24.3923953 0.0
-0.2325194887 -25.66467176 0.0
1.309423682 21.43551811 0.0
1.095351611 20.98646605 0.0
0.939286269 22.13226071 0.0
1.301279194 24.29271377 0.0
1.192138826 25.72753336 0.0
0.5627920538 25.94176774 0.0
0.1892981307 25.89970326 0.0
0.1219092266 25.82471669 0.0
0.2479677937 25.72601872 0.0
0.4507970112 25.41009151 0.0
0.5789454937 25.50772102 0.0
0.765267655 25.70006789 0.0
0.9509825386 25.88475028 0.0
1.073020309 25.94742851 0.0
1.109261633 25.97479694 0.0
1.082862595 25.91813462 0.0
1.053840484 25.88268163 0.0
1.019629756 25.8555392 0.0
0.985209937 25.83251543 0.0
1.177248108 25.07203941 0.0
1.807340866 -26.15979194 0.0
2.784726021 -24.88267369 0.0
1.621976303 -21.33709947 0.0
0.8013612403 -23.89899344 0.0
1.947672279 -25.31182776 0.0
1.289557815 -21.12326705 0.0
-0.1409509041 -23.71937228 0.0
1.197868918 -25.95666326 0.0
1.440963964 -25.93901104 0.0
1.468529298 -25.82010136 0.0
2.416700681 -25.26982086 0.0
1.348688706 -21.52337777 0.0
0.9808094326 -23.60085287 0.0
1.404345847 -25.58699446 0.0
0.6825654963 -24.75266237 0.0
1.277885406 -25.79742703 0.0
0.6581176211 -25.59807548 0.0
1.187903951 -26.24694924 0.0
1.524855367 -26.17606318 0.0
1.838883213 -25.59436232 0.0
1.957684186 -25.09072219 0.0
0.8811995909 -21.38554346 0.0
1.304867524 25.20209952 0.0
1.373905809 25.92732664 0.0
1.683852737 25.97167386 0.0
1.868009024 25.61598733 0.0
1.397453859 25.04921414 0.0
1.34582452 24.88533205 0.0
1.420519777 25.39351194 0.0
1.548972696 25.18142081 0.0
1.27562557 25.41696994 0.0
1.484532033 25.96271284 0.0
2.485155422 25.88412004 0.0
1.762008669 24.83257744 0.0
1.52658945 25.52044784 0.0
1.229931267 26.06408888 0.0
1.534895595 25.80474476 0.0
1.542946358 25.68729388 0.0
0.8055037202 24.37087546 0.0
1.740101754 24.73205125 0.0
2.141546538 25.93992355 0.0
1.252533201 25.40242829 0.0
0.8145730516 26.074518 0.0
1.141238662 26.60109772 0.0
0.9988144794 25.90796981 0.0
1.066171363 25.58519599 0.0
1.642118779 25.79196974 0.0
1.055855668 25.65066682 0.0
1.218281193 25.84152298 0.0
0.5407509787 25.98054414 0.0
1.515061788 25.99353444 0.0
1.189173999 25.02743126 0.0
0.8218009483 26.16956669 0.0
0.4005391123 26.31875735 0.0
-0.1834655069 25.9308911 0.0
1.013084932 19.45803204 0.0
1.388471355 22.02810033 0.0
1.048095474 -26.19594901 0.0
1.215086619 -26.32237667 0.0
0.9669063278 25.82560047 0.0
1.510075211 -26.18726455 0.0
0.1189589317 -25.50174671 0.0
1.043898602 -24.0785865 0.0
1.039533748 -24.71585509 0.0
0.03102885634 25.78022807 0.0
1.059196926 25.94324593 0.0
1.102739893 25.95286678 0.0
1.076946121 25.91211225 0.0
0.4337791388 25.98444901 0.0
1.447426611 25.81403739 0.0
1.238960875 -26.40513222 0.0
1.358237947 -26.29407445 0.0
1.793582214 -22.99099126 0.0
1.263698753 -25.47503133 0.0
1.079565768 -25.47148075 0.0
1.397225626 25.95392957 0.0
0.9416189914 -26.03780297 0.0
0.9519445426 25.85046687 0.0
1.136191943 25.99748019 0.0
1.346318395 26.27569073 0.0
0.8095571322 -24.55998534 0.0
1.468265574 -26.09182847 0.0
1.479810268 -25.90912009 0.0
1.367723537 -25.17141295 0.0
1.291282988 -24.67339373 0.0
1.242656387 -24.16399655 0.0
1.2270096 -23.7601677 0.0
1.239831037 -23.58535508 0.0
1.265546776 -23.72174208 0.0
1.341557618 -23.95159439 0.0
1.460275106 -23.95839392 0.0
1.573960029 -23.67338286 0.0
1.868663485 -23.53528182 0.0
1.239981913 -23.23143617 0.0
0.795370064 -23.70290264 0.0
0.2927954736 -24.71306215 0.0
-0.2121930626 -25.74044736 0.0
1.199762303 21.25932764 0.0
1.036205049 21.08440597 0.0
0.9790402079 22.26535114 0.0
1.207566443 25.56099709 0.0
0.6860467787 25.86837299 0.0
0.4042767035 25.88089778 0.0
0.2938375478 25.83427691 0.0
0.2633990689 25.74382392 0.0
0.2478318121 25.64908657 0.0
0.235516901 25.49645406 0.0
0.3190989018 25.50199121 0.0
0.5022909598 25.64226652 0.0
0.7250862463 25.80946478 0.0
0.9230133121 25.94960729 0.0
1.041875905 26.00202846 0.0
1.085765684 26.0018145 0.0
1.08266889 25.96711614 0.0
1.074862725 25.92210599 0.0
1.0528618 25.88242199 0.0
1.020995057 25.84975181 0.0
1.091625471 -25.28102297 0.0
1.608161645 26.44743605 0.0
1.782820165 26.25372425 0.0
1.516400202 25.94926589 0.0
1.384538077 26.05563294 0.0
0.9960356532 25.83513688 0.0
1.379788424 25.93503873 0.0
0.8392310188 -25.42101463 0.0
1.134396906 -26.29075421 0.0
1.342211565 25.44185248 0.0
1.247956025 25.29880002 0.0
1.558442195 -26.03014834 0.0
1.5733661 -26.42757824 0.0
1.856276155 -26.16672168 0.0
1.873174771 -26.70229651 0.0
1.507090973 25.52906882 0.0
1.465051041 26.25628356 0.0
1.343055199 25.20318916 0.0
1.487250172 25.44012778 0.0
1.601799038 25.3196695 0.0
1.541634561 26.06252383 0.0
1.328519296 -26.21324085 0.0
1.522983883 -25.915588 0.0
0.925409561 -23.59298438 0.0
0.9526261605 -25.81066644 0.0
1.035210113 -25.70397291 0.0
-0.1597154228 -23.7891189 0.0
1.49011638 -20.81201981 0.0
2.432456179 -26.00732604 0.0
2.470938689 -26.39512928 0.0
2.440649425 -26.0368117 0.0
1.939965193 -25.53213792 0.0
1.58509715 -25.65534193 0.0
0.9551573883 -24.32826448 0.0
1.248728797 -22.08742001 0.0
2.314954614 26.44796279 0.0
1.13991285 24.62800577 0.0
1.888971872 25.45978153 0.0
1.07032688 26.11122637 0.0
1.428902334 25.77959916 0.0
1.557941331 25.76064998 0.0
2.049117894 24.69134132 0.0
2.069753861 26.04354537 0.0
1.703829074 25.90075636 0.0
1.011626265 25.82828766 0.0
1.270014441 25.3757602 0.0
0.9698283526 26.01731479 0.0
1.131276508 26.65716449 0.0
0.9137943652 25.90617433 0.0
1.070261648 25.54751304 0.0
1.607220234 25.81307828 0.0
1.032465407 25.60230771 0.0
0.7319431705 25.95692336 0.0
1.582870008 26.21433863 0.0
0.273028803 24.93223925 0.0
1.648075472 24.93913331 0.0
1.076252011 26.30055961 0.0
-0.3017958683 26.30007137 0.0
0.165241213 19.25683229 0.0
2.390172582 23.0070841 0.0
1.528083049 -26.14882938 0.0
1.298074965 -26.23705918 0.0
0.483852929 -25.54830598 0.0
0.6744497936 -24.60312044 0.0
1.93530062 -25.50858617 0.0
1.493733126 -25.77138092 0.0
2.234837485 -25.40372196 0.0
1.474096477 -25.72686106 0.0
1.357754456 -25.91637029 0.0
1.807574974 -25.7461024 0.0
1.190040645 -25.69901151 0.0
1.251904568 -25.51056715 0.0
1.418759438 -25.68066863 0.0
1.001027229 -24.54150246 0.0
0.6654926835 -23.7861023 0.0
2.012115754 -25.46864309 0.0
0.6879606181 -23.86060888 0.0
1.426682159 -21.02661265 0.0
2.781330189 -25.03537638 0.0
1.734762767 25.89057543 0.0
1.038366289 -23.55652581 0.0
1.787050436 26.2260782 0.0
1.25957804 26.11425026 0.0
0.9865674842 25.87403344 0.0
0.8626816802 -23.55800165 0.0
0.8897189305 24.2398892 0.0
1.163201298 25.80311988 0.0
1.324399577 25.78782059 0.0
0.7615117854 24.98945216 0.0
0.6005985241 26.13281182 0.0
1.422360468 22.08135556 0.0
1.38765486 24.26403984 0.0
1.172815008 -23.39941688 0.0
1.120496991 25.90280707 0.0
1.033279433 -23.9872989 0.0
1.308336587 -26.34315129 0.0
1.427259139 -26.1777927 0.0
1.102972949 25.96075395 0.0
1.034773063 25.92868535 0.0
0.9533231327 25.8450875 0.0
0.9773942777 25.87230051 0.0
1.00629479 25.94726867 0.0
1.408707689 -26.25328569 0.0
1.41409347 26.11178756 0.0
0.9051224787 -25.01529425 0.0
1.428619806 -25.56278793 0.0
1.593548326 26.78598982 0.0
0.5191647338 -24.79467132 0.0
0.9518891765 -25.32413218 0.0
1.509817681 26.46969777 0.0
1.139772345 25.91782484 0.0
1.439719495 26.28105091 0.0
1.534828501 25.71132076 0.0
1.384742788 -26.41201061 0.0
1.598338454 -25.80695044 0.0
1.558874657 -25.35254427 0.0
1.494132992 -24.98407465 0.0
1.354867353 -24.1387075 0.0
1.320343088 -23.79650168 0.0
1.325078195 -23.62090191 0.0
1.340486918 -23.68072438 0.0
1.366548405 -23.88489412 0.0
1.395613042 -23.96107297 0.0
1.409970255 -23.88271226 0.0
1.326000745 -23.57656165 0.0
1.13387012 -23.31350216 0.0
0.8680139988 -23.42764216 0.0
0.4283912934 -23.97799854 0.0
0.1241951011 -24.87291661 0.0
1.120337704 21.1400199 0.0
1.034500937 21.18274946 0.0
1.033806515 22.3712348 0.0
1.371686808 24.19926232 0.0
1.177354587 25.42855671 0.0
0.8092863054 25.77931006 0.0
0.6247963037 25.84845891 0.0
0.5012112972 25.8186481 0.0
0.2512857129 25.65912262 0.0
0.129662678 25.5494962 0.0
0.1328108275 25.5024263 0.0
0.2508738265 25.60275343 0.0
0.4527719629 25.7587911 0.0
0.6722128411 25.91999641 0.0
0.8467274066 26.023134 0.0
0.9616886976 26.04356723 0.0
1.012707174 26.02915866 0.0
1.024685921 25.99196175 0.0
1.016056124 25.95495657 0.0
0.9958552869 25.91663042 0.0
0.9760966117 25.89386694 0.0
0.9635218811 25.92532647 0.0
2.496969405 -27.91241245 0.0
2.407651379 -26.40197764 0.0
1.216927595 -26.32986714 0.0
1.152955056 -25.74675931 0.0
1.472717673 -24.88888155 0.0
2.243814409 -25.55935975 0.0
0.957988719 -26.18140703 0.0
1.255186727 -25.84830175 0.0
1.387749839 -26.01054679 0.0
1.315485641 -25.91089576 0.0
1.219178485 -26.03277449 0.0
2.021982858 26.74002671 0.0
0.4228861008 24.33265484 0.0
2.324941633 25.3843377 0.0
0.9596574351 26.20715502 0.0
1.721339781 -25.51591078 0.0
1.561727015 26.03008882 0.0
1.555238151 26.82053374 0.0
1.539525018 27.2387297 0.0
1.384714482 26.55264814 0.0
1.220641892 25.65847965 0.0
1.290789126 25.25863056 0.0
1.575449314 25.49864432 0.0
1.753932592 25.63372714 0.0
1.597101951 26.24744407 0.0
1.57574448 26.62432406 0.0
1.311734386 25.7174187 0.0
1.544419726 25.8563761 0.0
0.9690583273 24.08165221 0.0
1.788080016 26.11278829 0.0
1.600292089 25.76659658 0.0
0.9363566938 25.89050825 0.0
1.202597295 25.3515085 0.0
1.130602324 25.955687 0.0
1.119533201 26.68981774 0.0
1.085234669 25.61312346 0.0
1.52645045 25.84181403 0.0
0.9670845195 25.57869975 0.0
1.413711861 25.76389044 0.0
0.9914915729 25.9091278 0.0
1.643828338 26.28534969 0.0
-0.3485853866 24.87683321 0.0
2.188807895 24.83192682 0.0
0.8150636788 25.89856504 0.0
0.01362923879 26.83756838 0.0
-0.8981441651 19.03497438 0.0
1.537875561 21.57209386 0.0
3.058304569 22.81111574 0.0
1.121815772 -26.46071286 0.0
1.436938226 -26.55693981 0.0
0.9801053045 26.0026935 0.0
1.137588126 25.84393225 0.0
1.673742191 -26.26730695 0.0
1.652061241 -26.39961888 0.0
0.9740287504 -24.57055664 0.0
2.745223616 -25.47947752 0.0
1.222369413 -25.90260133 0.0
1.591650561 -20.30948355 0.0
1.815660705 -25.53519434 0.0
1.384801602 -21.00295006 0.0
1.512883308 -25.62807033 0.0
1.235444431 -26.08361792 0.0
0.002812603854 -23.91826763 0.0
1.837561785 -20.4072834 0.0
1.346107223 -20.42123823 0.0
2.162133918 -25.42058537 0.0
1.724151142 25.99013934 0.0
0.3613815849 25.54522927 0.0
0.3659378082 25.73505099 0.0
1.823573225 26.0319217 0.0
0.8460982836 25.89986306 0.0
1.277156839 26.20174519 0.0
1.5822743 -25.93126606 0.0
1.591570359 -25.6311542 0.0
1.384339385 27.37382111 0.0
1.323441347 24.95967122 0.0
1.767192633 26.43142774 0.0
1.203848024 -25.32622068 0.0
1.048401091 -24.82525067 0.0
1.593853314 -25.67828332 0.0
1.334591474 -25.97618554 0.0
1.706040837 -26.4118538 0.0
1.224044103 -25.64052002 0.0
1.55550753 26.19133023 0.0
0.7153140697 -23.47304627 0.0
1.286384417 -26.17544772 0.0
0.5616068405 -24.53825293 0.0
0.6940531928 -23.92938972 0.0
1.430895223 -24.70694188 0.0
1.493457617 26.00331798 0.0
1.7085434 26.14676271 0.0
0.8877086788 25.98447994 0.0
0.8985083506 26.03233486 0.0
0.9018595995 26.07703729 0.0
0.5872403125 26.00336084 0.0
0.2133748878 25.7078385 0.0
0.1580377494 25.56710376 0.0
0.3394202998 25.64242492 0.0
0.7152622343 25.79410456 0.0
0.8286954927 25.80433033 0.0
1.112967284 25.29102302 0.0
1.067239236 21.26529884 0.0
-0.1030880159 -25.72964233 0.0
0.1207423828 -25.68924201 0.0
0.4963856359 -23.60678315 0.0
0.7829095985 -23.40197184 0.0
1.452883193 -23.27969791 0.0
1.211145231 -23.81750436 0.0
1.387433964 -23.95324787 0.0
1.404685799 -23.6570261 0.0
1.417652336 -24.55915771 0.0
1.526063669 -24.40818175 0.0
1.440012476 -25.59872078 0.0
1.653412149 -25.05553892 0.0
1.716088755 -25.5248323 0.0
1.589447877 -26.14861577 0.0
1.670544103 -25.65788932 0.0
1.558402593 -27.05921797 0.0
1.853647944 -27.3090221 0.0
2.131291246 -27.81357954 0.0
2.207985842 -27.43350303 0.0
1.299260248 -25.17284354 0.0
1.380491426 -23.3745956 0.0
1.909467445 25.82736559 0.0
1.633760016 26.60049301 0.0
1.620158548 26.60166094 0.0
1.352978563 26.98943199 0.0
1.056408073 25.49660804 0.0
1.228389487 25.00356061 0.0
1.592371148 25.02243444 0.0
1.800937963 25.30764683 0.0
1.37136276 25.68340684 0.0
1.672268416 26.41733009 0.0
0.4661305964 -24.12485258 0.0
3.405795263 -25.3666427 0.0
1.250502158 -26.27097539 0.0
1.519167306 -26.09187278 0.0
0.7146719314 -26.04327726 0.0
0.5577104108 -24.40377384 0.0
2.598879186 -25.41982781 0.0
3.424648401 -25.30074709 0.0
1.221798565 -23.95130782 0.0
1.110292418 -25.63613249 0.0
0.3349417471 -23.96246191 0.0
2.322737648 -19.37314648 0.0
0.8818032058 -23.75766284 0.0
1.637058876 26.86945391 0.0
-0.361647726 24.12172485 0.0
2.927099109 25.11429759 0.0
0.8040487583 26.20936764 0.0
1.221570844 25.62887615 0.0
1.508562884 25.92432001 0.0
0.8410838265 23.89265788 0.0
2.531182656 24.70044642 0.0
1.172060767 26.08650051 0.0
1.621406758 25.67504009 0.0
0.913777956 25.90194221 0.0
1.249251447 25.9064431 0.0
0.81575843 25.89370213 0.0
1.133678749 26.40363387 0.0
1.348263108 25.84961464 0.0
0.9118281297 25.52433849 0.0
1.453137399 25.76492304 0.0
1.231666388 25.85222083 0.0
1.710168899 26.27980332 0.0
-1.147405051 24.76259679 0.0
2.864508287 24.62552844 0.0
1.340077684 26.07438699 0.0
1.050456752 25.6283387 0.0
0.4796633128 26.5710568 0.0
-2.045620456 18.30270507 0.0
1.541577944 20.80000028 0.0
0.7371594221 24.95309249 0.0
0.8079060734 26.25958796 0.0
1.845648101 25.81665897 0.0
1.18114951 -26.22918955 0.0
1.462800581 -26.01738225 0.0
0.5180994127 -25.951852 0.0
0.3608444276 -25.36959049 0.0
1.196392523 -25.95076659 0.0
0.3938092975 -24.18832786 0.0
1.23219764 -23.88240369 0.0
1.825771863 -19.50942798 0.0
1.830095786 -26.40302712 0.0
2.081722066 -26.52939353 0.0
2.406702848 -26.91648862 0.0
1.727052789 -25.05351028 0.0
1.307756804 -23.49552071 0.0
1.123039792 25.35419158 0.0
1.097239085 26.42741691 0.0
3.925229971 22.46686704 0.0
1.106980664 -25.48638155 0.0
1.393995586 25.52442163 0.0
1.309468616 24.75900029 0.0
1.547419719 26.14366668 0.0
1.672274649 25.62101551 0.0
0.4501703025 13.14400101 0.0
0.1264784245 -17.02123267 0.0
-0.7823873886 17.83846518 0.0
-1.572297387 -16.32696552 0.0
0.3554341669 -19.42174708 0.0
0.2630082473 -20.76122803 0.0
1.294431263 24.01163226 0.0
-0.5484064979 14.84767198 0.0
0.7544615942 19.5049421 0.0
1.711613293 26.54918739 0.0
0.04207467168 -20.92865685 0.0
-1.038336583 20.12634495 0.0
0.09797426984 -19.00783867 0.0
1.68008733 -24.81724079 0.0
1.827757312 -25.36125905 0.0
1.775510086 -24.95908987 0.0
1.718519098 -24.72432452 0.0
1.665446259 -24.49985149 0.0
1.60567219 -24.24303959 0.0
1.542173585 -23.97824636 0.0
1.486593713 -23.77415351 0.0
1.596464516 -24.75094025 0.0
1.464450262 -23.67868696 0.0
1.45348929 -23.69804611 0.0
1.424755664 -23.80320057 0.0
1.371770958 -23.91985411 0.0
1.285658511 -24.02657881 0.0
1.132660734 -23.96494899 0.0
0.9124908027 -23.77479997 0.0
0.6689172472 -23.55065769 0.0
0.4364662659 -23.51250238 0.0
0.1816567325 -23.81753925 0.0
-0.01054261837 -24.46209909 0.0
0.1549813455 -24.98940395 0.0
0.4177210404 -25.6431191 0.0
1.091464947 21.09731708 0.0
1.101956228 21.33698805 0.0
1.072501492 22.44053325 0.0
1.261983251 24.07314375 0.0
1.057957467 25.14599051 0.0
1.007365874 25.64648606 0.0
0.9876405391 25.7845538 0.0
0.9073316198 25.77301892 0.0
0.7340776746 25.67550108 0.0
0.4972056552 25.60732074 0.0
0.2650347655 25.56406836 0.0
0.08414521651 25.53454689 0.0
0.01556436183 25.54784784 0.0
0.06535998601 25.65036516 0.0
0.1878452429 25.80508506 0.0
0.3392892401 25.95420736 0.0
0.4823676876 26.06626267 0.0
0.5978048541 26.13650645 0.0
0.6759053469 26.17015859 0.0
0.8327939045 26.10680999 0.0
0.718270582 26.17277167 0.0
0.7312985352 26.14834224 0.0
0.7288505618 26.10492402 0.0
0.7329508627 26.08401762 0.0
0.739023967 26.21013116 0.0
0.6920445677 26.53337411 0.0
0.5891146104 26.20877624 0.0
1.002570955 25.03416481 0.0
-2.28785863 19.19417765 0.0
-0.3979933103 19.93123374 0.0
-0.02545761455 19.61157908 0.0
1.327064246 18.81042288 0.0
1.74342199 20.08759802 0.0
1.238875819 20.18257768 0.0
1.007894263 20.43405384 0.0
0.9944546542 26.22489894 0.0
0.9407350104 19.82672465 0.0
1.005852753 19.37110834 0.0
0.9990234744 19.45458943 0.0
1.052497159 19.34709067 0.0
1.698280797 19.47056053 0.0
1.708161202 20.53281774 0.0
0.6258341175 -20.99713686 0.0
1.124365582 -20.2366652 0.0
1.12045992 -20.19418298 0.0
1.814416018 -26.80516374 0.0
0.9255491592 -19.74734755 0.0
1.562930859 -25.95654688 0.0
1.228459994 -19.40064487 0.0
1.159366619 -25.92949768 0.0
1.422275926 -19.11357264 0.0
1.108850878 -25.24521734 0.0
1.402402864 -19.48646852 0.0
0.973760043 -19.0781913 0.0
0.3963072447 -24.85037224 0.0
0.8014442343 -26.44264803 0.0
2.047658993 -19.38956479 0.0
1.193046477 -25.64769831 0.0
1.145788469 -25.59780963 0.0
1.275281831 -26.06974487 0.0
1.096583799 -25.60677242 0.0
1.1523067 -25.85356381 0.0
1.267009099 26.70417016 0.0
-0.9432917258 23.80198267 0.0
3.830342848 24.550984 0.0
0.5872050466 26.15420378 0.0
1.128167937 25.23765229 0.0
1.471630712 25.99690462 0.0
0.7302617594 23.44337393 0.0
4.237595341 22.85612531 0.0
0.6065979931 26.0846684 0.0
1.723403517 25.28179425 0.0
1.150365983 25.35975254 0.0
1.021747734 25.53774639 0.0
1.088644411 25.8262384 0.0
1.072164758 25.57839186 0.0
0.870792047 25.41474398 0.0
1.466991515 25.77694167 0.0
1.323785523 25.52834539 0.0
-1.86401252 24.13790913 0.0
3.68671018 24.1816894 0.0
1.256714297 26.0258521 0.0
1.123465856 25.46842323 0.0
-2.714787289 18.58671954 0.0
1.009025495 26.04348852 0.0
-3.100955791 16.37354451 0.0
4.880566812 20.44223567 0.0
-1.236987046 -17.79428148 0.0
-2.340608863 -12.51491954 0.0
-6.009802098 -7.128017037 0.0
0.1675801861 23.5737024 0.0
1.284504617 25.86599528 0.0
0.9714901443 25.86648944 0.0
1.844841775 26.1655885 0.0
1.442699852 19.27325878 0.0
2.67275342 -16.96078511 0.0
1.649044015 -25.19731375 0.0
1.576915301 -25.56800162 0.0
1.266796322 -25.90469845 0.0
1.142173505 -25.60979992 0.0
1.307118192 -25.91144413 0.0
1.326006608 -25.99471399 0.0
0.6743931527 -23.45687225 0.0
2.882382464 -17.07790258 0.0
0.4644290395 -25.81572587 0.0
1.212726604 -23.54132378 0.0
2.596632642 -17.20288174 0.0
0.3243883483 -26.10723219 0.0
0.7507448929 21.39029752 0.0
0.1973464619 21.20782072 0.0
0.6445403629 26.05372604 0.0
-3.879875137 16.87661775 0.0
1.004380689 25.81464915 0.0
1.112635045 -21.1629826 0.0
0.5733184637 -24.91631055 0.0
-0.52188236 -19.77621677 0.0
1.389413272 -25.44429656 0.0
1.706288937 -25.74567068 0.0
1.360073134 -24.11915344 0.0
4.29516481 -24.67068013 0.0
1.044858803 -26.14329202 0.0
1.424628981 -25.88344951 0.0
0.3157631928 -25.8926694 0.0
0.09697216511 -24.94099152 0.0
1.087565818 21.09525698 0.0
1.409636349 -23.8211711 0.0
-1.370831816 -16.00006541 0.0
1.179669583 -19.39998373 0.0
0.8838405083 26.1042644 0.0
0.7343634644 26.07545708 0.0
2.39099974 -27.36451553 0.0
0.5392676649 25.69728778 0.0
0.6848266262 25.57420149 0.0
0.07514087629 25.72409001 0.0
0.3731646099 26.12126278 0.0
0.9154303648 25.69461224 0.0
1.103238575 25.77130721 0.0
1.693433839 -25.30322772 0.0
1.639818564 -24.06914347 0.0
1.832388735 -24.87498161 0.0
0.3838706351 7.948516411 0.0
0.7094009578 20.36355 0.0
0.3692290434 8.325482301 0.0
0.1508918178 8.185512636 0.0
-0.2638043727 6.670937714 0.0
-1.779763691 2.777181934 0.0
-5.175876331 5.082034683 0.0
0.1584767135 4.418195085 0.0
-4.521683923 8.012214921 0.0
-7.307835328 7.853625988 0.0
-3.530285242 14.97247932 0.0
-10.84268393 7.172794739 0.0
-12.46698093 6.537731602 0.0
0.8309899479 -26.06400295 0.0
1.075968381 -21.79659372 0.0
0.1154591879 -25.86972414 0.0
0.3888370218 -21.81286519 0.0
1.195847265 -26.16096493 0.0
0.226808976 -23.63967909 0.0
0.5408111239 -20.50247936 0.0
0.8203758402 -6.641960223 0.0
0.6064465367 -7.008041923 0.0
0.6946313358 -6.846539252 0.0
0.5450609658 -6.401074533 0.0
0.1844034011 -6.602880429 0.0
-0.5204394412 -7.444298205 0.0
-1.528479717 -9.217538668 0.0
-2.210295572 -11.50233391 0.0
0.895038274 26.54093342 0.0
-1.111701071 21.24492548 0.0
4.703952335 21.57055054 0.0
0.2880023134 26.12194707 0.0
1.464973816 26.1122143 0.0
1.119517088 20.5356116 0.0
4.354064632 -24.9292598 0.0
5.066392424 18.20617102 0.0
0.1492969027 26.12120463 0.0
2.029580544 23.27773157 0.0
0.9704455731 25.87557971 0.0
0.8586011148 25.8626798 0.0
0.8385765071 22.64309892 0.0
1.275730132 25.81021132 0.0
0.8644795355 21.70218968 0.0
0.6002431131 25.87636421 0.0
0.685789503 22.60670323 0.0
1.245157869 25.84653811 0.0
2.043456068 26.09884632 0.0
-2.150716897 20.61933344 0.0
4.55714393 21.69524901 0.0
0.9013823163 25.98782962 0.0
0.9335521058 23.09531818 0.0
1.495518591 26.20995941 0.0
1.12120205 15.15677127 0.0
5.636220228 15.8352974 0.0
0.303333585 25.54926381 0.0
0.9998940153 -23.5812526 0.0
1.322217408 -21.1119356 0.0
0.07520895017 -26.11171372 0.0
1.058961106 -25.89154193 0.0
0.9151658161 -22.54314753 0.0
1.049622504 -20.5399477 0.0
0.0938271345 -26.17267482 0.0
1.535137242 -21.13395223 0.0
3.193250609 -12.97633853 0.0
-0.1307956691 -26.39107187 0.0
-1.25822607 -11.14716969 0.0
-1.753384068 -7.260401127 0.0
-4.980825208 -1.878522785 0.0
-3.318264438 -0.8904145962 0.0
-1.061888935 -3.790250839 0.0
-0.2272629759 -8.058281285 0.0
-1.005257992 -10.33208118 0.0
-10.62344485 -2.342566734 0.0
-14.56324896 0.04268898545 0.0
-13.95693027 6.171935466 0.0
1.017303813 25.11524987 0.0
-0.01111930962 -23.97368863 0.0
0.1339742056 -24.19036714 0.0
0.8878821635 25.99051655 0.0
0.5293926524 26.22925316 0.0
0.04618077314 25.52824312 0.0
0.4293622458 25.52573559 0.0
0.01458470574 -24.49487392 0.0
1.333742824 -23.96335094 0.0
0.8407463398 -23.95763675 0.0
1.118098291 21.40179876 0.0
1.076032952 22.45962186 0.0
1.336666856 24.13082254 0.0
0.5836411273 -23.75465411 0.0
0.3423387363 -23.5846179 0.0
1.411808907 -23.7994141 0.0
1.41150205 -23.68043913 0.0
0.8877871585 26.07228816 0.0
0.5359950614 26.18913811 0.0
1.335977788 -23.92307982 0.0
1.459127774 -24.06714901 0.0
1.585999463 -23.89948365 0.0
1.749832396 -24.48443731 0.0
-21.4308174 0.7968694754 0.0
0.1652324323 25.88717848 0.0
-2.283863928 -15.53198656 0.0
-0.1274795664 23.43748343 0.0
0.4531314964 26.1894935 0.0
0.5770443617 26.70530879 0.0
0.205808746 25.49428941 0.0
0.06078803378 25.51538593 0.0
0.4023106836 25.87021878 0.0
1.062754458 25.7602226 0.0
5.099975347 -19.7092027 0.0
0.4334217059 -26.45865858 0.0
0.9477189905 25.88798798 0.0
0.5023207817 -13.7448742 0.0
-4.485670743 -2.609165221 0.0
-6.203426502 4.916952225 0.0
-3.772812998 2.891435433 0.0
0.5568523278 6.187440188 0.0
0.4069139697 5.883919659 0.0
0.5768965628 7.006707117 0.0
-3.551430808 15.57357782 0.0
-13.36884622 6.09422233 0.0
-17.47418689 1.043286252 0.0
-9.622766024 7.334758811 0.0
-10.23692348 -4.936360945 0.0
-19.61207743 1.095297817 0.0
-12.73223322 -4.808222884 0.0
3.36046727 -12.74773251 0.0
-5.537783033 4.006923834 0.0
-3.121700995 1.430666372 0.0
0.01173093714 2.464951172 0.0
-3.332101514 -9.320145269 0.0
-1.746136519 6.628587234 0.0
0.01569363052 -21.61764092 0.0
5.312673879 -21.80189367 0.0
1.761215065 -25.52657103 0.0
-3.689044093 12.34691335 0.0
1.968881596 -23.35419877 0.0
0.5001000584 -25.80649934 0.0
3.209216061 -12.61575489 0.0
0.9201855852 23.50076114 0.0
0.5885548301 7.099048051 0.0
0.6699552644 -7.373595465 0.0
0.4728439248 7.210271719 0.0
0.07945123021 25.57631084 0.0
0.5320578174 26.20074723 0.0
0.5070587289 26.25290182 0.0
1.492505611 -23.69727205 0.0
0.1368322604 -23.61631316 0.0
1.103752572 21.12460064 0.0
1.17908143 24.03081969 0.0
1.069837622 25.61422252 0.0
0.02828444894 25.58785876 0.0
0.2724066057 26.02036115 0.0
0.5057594458 26.2257874 0.0
1.137605828 -23.60931812 0.0
1.879247283 -24.97416316 0.0
1.690769207 -24.245497 0.0
1.53293928 -23.75940992 0.0
1.412631524 -23.79355421 0.0
1.461282408 -23.72711774 0.0
1.062924631 -24.07548605 0.0
1.008087191 -23.54111496 0.0
0.302528721 -24.95946802 0.0
0.7604865732 -25.49561517 0.0
1.223411026 -24.06632721 0.0
1.06421093 22.42717145 0.0
1.917198801 26.10384159 0.0
1.023647827 -21.51084435 0.0
1.22215949 -19.49308769 0.0
-0.01477297 -23.84746531 0.0
0.3878575506 -25.47109512 0.0
1.997721947 -25.75262329 0.0
1.111209755 25.97444887 0.0
1.067795447 -23.73822339 0.0
1.365050759 -26.012849 0.0
1.720690712 -25.95172878 0.0
3.299746767 24.31368545 0.0
0.5587503364 26.34463799 0.0
-6.420854793 -5.667026725 0.0
1.133229665 -26.30349722 0.0
-0.0992271815 -23.70136747 0.0
1.069624782 -25.69698744 0.0
2.373357513 -26.17082634 0.0
1.448138359 26.34374862 0.0
1.17805055 22.83649914 0.0
1.188526994 -26.35017685 0.0
0.9384416825 21.12353164 0.0
0.9175331915 25.66241773 0.0
1.204603423 -26.03985655 0.0
-2.518961908 -1.137270916 0.0
-2.14655458 -2.699273605 0.0
-3.757320934 -0.9429411741 0.0
-2.867972968 -0.3144720416 0.0
-4.390516542 -1.463234312 0.0
-2.807129027 -0.5801560474 0.0
-1.056092453 -6.78671272 0.0
-1.944076459 0.5061722528 0.0
-2.162051422 1.212462558 0.0
-4.826618017 -1.471392953 0.0
-1.280237662 -5.325734417 0.0
-1.500641271 -1.600591694 0.0
-2.326593177 0.9504436412 0.0
-3.457129354 0.04038847659 0.0
-3.839628465 0.6354627303 0.0
-3.094367118 -1.485898385 0.0
-5.592325136 2.554784092 0.0
-2.357723371 -18.52512192 0.0
-0.3464201367 -2.190461964 0.0
1.623507283 1.955472134 0.0
-4.373574102 -6.650302952 0.0
-1.162211645 2.380193349 0.0
-1.352579428 -0.1814654852 0.0
0.7431784629 -0.8831965036 0.0
-1.111974668 -3.139043805 0.0
-1.646078937 1.442467042 0.0
-2.210193458 1.902816098 0.0
1.938772172 -2.182005166 0.0
-6.029880034 -2.816012272 0.0
-5.367582193 -5.87492547 0.0
-2.516003763 -5.362143371 0.0
0.3532321312 0.5669592598 0.0
-1.024037169 -2.454252398 0.0
-4.09329509 2.935161052 0.0
0.6984235834 4.747657711 0.0
-1.031865454 3.317452744 0.0
0.07806949797 4.506758461 0.0
-3.671536442 2.807543582 0.0
1.630189405 -0.566458902 0.0
-3.816755723 1.772203983 0.0
-2.616304099 -5.265097359 0.0
2.411504839 0.1955591693 0.0
-4.072581085 1.241611196 0.0
-5.013792809 0.4908399018 0.0
-1.774018803 -3.114176544 0.0
-1.811501072 -1.668284496 0.0
-2.173768305 -1.093900285 0.0
-2.668301372 -1.487555479 0.0
-1.841876825 -3.403733254 0.0
-1.944209066 -1.465974107 0.0
-2.283056157 -0.569465086 0.0
-2.445853695 -3.129832759 0.0
-3.409740909 -0.8833849785 0.0
-3.055378633 -0.453609745 0.0
-2.782017899 -0.3324181859 0.0
-2.692290897 -2.605387136 0.0
-2.753197359 -1.374599877 0.0
-3.831724527 -0.6383155964 0.0
-3.637291242 -0.2892617138 0.0
-3.413723705 0.1398662034 0.0
-3.019997449 0.3832143896 0.0
-3.439870238 -0.9590340533 0.0
-2.972995387 0.2953176866 0.0
-4.090491842 0.3197992156 0.0
-3.598583083 -0.06721585304 0.0
-0.2217493098 -4.860159478 0.0
-3.541262238 -2.316108909 0.0
-4.118285535 -2.214077445 0.0
-4.431632547 -1.716646305 0.0
-1.298340416 -7.477052815 0.0
-1.326297816 -3.481852504 0.0
-1.489516298 -1.696260562 0.0
-1.681299278 -0.4389640514 0.0
-2.087568407 0.8294440827 0.0
-2.947022812 0.5906821857 0.0
-2.478363554 0.9788128996 0.0
-3.680128804 0.6905507968 0.0
-1.626947547 -0.1373432662 0.0
-5.573769084 -1.348687309 0.0
-4.174221824 0.7924571498 0.0
-4.993078739 0.3675785561 0.0
-6.295998549 0.4398793333 0.0
-7.489101192 0.6129230478 0.0
-7.973007783 -0.3808326282 0.0
-6.901409707 -2.980583487 0.0
-4.321912304 -4.874317351 0.0
-1.07247743 -3.803925444 0.0
0.473772409 0.03413467497 0.0
-1.174376942 -0.09493160647 0.0
-2.015184318 -1.650392551 0.0
-0.7613593509 -0.03194248056 0.0
-1.162229113 1.67098926 0.0
-2.095571716 1.714884568 0.0
-2.545511702 0.879328976 0.0
-3.806529086 1.900216181 0.0
-3.639334267 1.404390346 0.0
-2.978281438 0.5563619156 0.0
-1.914701178 -0.06600753201 0.0
-1.263768294 -0.7938294199 0.0
-2.187916112 0.1591821321 0.0
-1.249003599 -1.714107266 0.0
-0.8310823412 -3.47009848 0.0
-1.074189512 -5.252203948 0.0
-1.529994049 -6.958533208 0.0
-1.964996404 -7.845100637 0.0
-2.282096151 -7.323947303 0.0
-1.20939858 -3.518652707 0.0
-1.789786295 -0.6460927213 0.0
-2.630525443 1.280131226 0.0
-3.923612245 0.8301343033 0.0
-4.496490079 1.214976429 0.0
-4.733073872 -1.297927416 0.0
-6.070133202 0.9925058403 0.0
-6.48927955 -0.7050232708 0.0
-3.498081528 -9.039984671 0.0
-1.424106618 -8.109930321 0.0
1.794558297 1.807770631 0.0
-0.9381382692 1.6619873 0.0
-1.267519888 -1.591335893 0.0
0.04324730351 1.756062273 0.0
-2.950359207 1.221703347 0.0
-1.344772018 3.528503016 0.0
-2.440357905 1.230216357 0.0
-3.738559643 1.95061943 0.0
-3.373851207 0.8294530437 0.0
-2.382926721 -0.4539156515 0.0
-1.489405251 -1.105185865 0.0
-0.8398372218 -0.5279951956 0.0
-0.514161511 -1.2252431 0.0
-0.1818052028 -2.802263306 0.0
-0.726777498 -3.832461945 0.0
-1.521367697 -5.832960952 0.0
-1.95566444 -6.694384347 0.0
-2.606280357 -6.70928659 0.0
-1.304277219 -5.42781524 0.0
-1.343836715 -7.336312029 0.0
-5.458166161 -3.919138133 0.0
-2.225138675 -14.01852746 0.0
-0.8936833808 -0.8887874455 0.0
-3.850984152 -0.6028870489 0.0
-3.20857967 2.435742608 0.0
-0.01910438242 -1.545976355 0.0
-5.433179251 -2.296379188 0.0
-6.097740349 -1.829656352 0.0
-3.009756874 1.312456922 0.0
-1.90366753 4.273002471 0.0
-2.503232301 0.7961359809 0.0
-3.962116638 -2.453128816 0.0
-2.786933024 -2.425535959 0.0
-2.64373917 1.200286526 0.0
-1.97803842 -8.307893438 0.0
-1.816757451 -7.428680667 0.0
-2.91448838 -6.232697713 0.0
-1.621854444 1.794533098 0.0
0.2627995655 -1.335777755 0.0
-2.544674782 2.129601604 0.0
-2.24201795 0.4082976908 0.0
-1.409673806 6.569995006 0.0
0.2394603811 4.458900425 0.0
-0.3744959343 4.633443486 0.0
1.03614754 3.30715807 0.0
-2.541728872 -7.293006851 0.0
-2.11548204 -5.296809328 0.0
-3.294789755 -5.207778238 0.0
-1.910433967 -4.409220774 0.0
-2.725264539 -4.662323094 0.0
0.8746354639 -2.574093922 0.0
0.5011307285 -3.222326884 0.0
0.8081137639 -2.781857438 0.0
0.3462650377 2.133263466 0.0
0.584028886 2.81145168 0.0
-0.2369136337 1.526969559 0.0
-0.3309773647 -1.266514114 0.0
-0.709898295 -2.192696676 0.0
-0.9637454674 -3.294699715 0.0
0.0702040586 4.153967319 0.0
-0.13767081 4.796354157 0.0
0.1997248803 4.338152481 0.0
-1.399659165 1.121169193 0.0
-8.904159296 -0.5962428974 0.0
-8.224622716 -0.351040098 0.0
-6.143774295 1.573068193 0.0
-4.583879963 4.151376526 0.0
-2.538724811 1.87455381 0.0
-4.69656126 4.319373711 0.0
-3.476233346 -0.2951923523 0.0
-3.845344178 3.676041017 0.0
-1.187505407 -4.356560297 0.0
-1.913538351 -4.43632454 0.0
3.838155641 -2.309403262 0.0
2.70696431 -2.735116725 0.0
0.2502038598 -6.966416875 0.0
-1.451495631 -9.979892564 0.0
-0.8327158922 -15.47981655 0.0
-2.513150816 -18.49113959 0.0
-3.188571282 -7.000450238 0.0
-3.023858213 -14.58631564 0.0
-4.557089428 -2.138503573 0.0
-2.807138194 1.101857863 0.0
-1.558616632 2.229229175 0.0
0.1449267794 6.188135985 0.0
0.237937944 8.198158542 0.0
-1.076581624 1.194357781 0.0
-6.396519076 -8.402545992 0.0
-8.080711347 -2.683776628 0.0
-4.748831149 -0.917924037 0.0
-2.596746048 0.4687391372 0.0
-0.2677919955 3.511750378 0.0
-0.008316640645 3.683973883 0.0
-4.646665536 2.729390537 0.0
-2.9891968 -4.915525338 0.0
-1.817121345 -4.527624711 0.0
-2.690404446 -3.808938352 0.0
-1.926774686 -0.06390915069 0.0
-0.1903547854 -2.144598139 0.0
0.1767798825 1.77548988 0.0
1.152802507 1.392293537 0.0
-0.8724052944 -0.8082089644 0.0
1.151521584 5.290337781 0.0
-1.361706 -1.217955193 0.0
3.211800254 0.879675894 0.0
1.460639025 1.084486054 0.0
-2.215180056 0.2599385887 0.0
0.4270959416 2.486246303 0.0
-5.460603929 -1.051129334 0.0
-2.266618006 -5.274774727 0.0
-3.27293863 0.5466026058 0.0
-1.833873251 5.165767751 0.0
-4.132070337 8.223544907 0.0
-3.672978649 3.544277265 0.0
-3.64000097 1.533262037 0.0
-4.457095263 1.938942498 0.0
-4.053333159 4.323021143 0.0
-0.1414555818 0.4947781804 0.0
-3.510847905 -5.230105425 0.0
0.6026236151 -6.994997147 0.0
0.4875945711 -6.343866143 0.0
-1.506743197 0.1788750561 0.0
-0.6087486878 2.144386608 0.0
1.517634947 -2.050194788 0.0
-1.773903259 -17.07325776 0.0
-0.4264981918 3.105471399 0.0
-2.331225812 -4.269070758 0.0
0.5108158897 4.252683869 0.0
1.938231776 1.498452099 0.0
-2.393437771 6.271221316 0.0
1.726723054 0.3149717579 0.0
1.933414642 5.087149439 0.0
-3.480245684 -3.127148424 0.0
0.6813001109 -4.364184858 0.0
-2.28253161 -0.1784250987 0.0
0.3295568612 0.8090823032 0.0
2.32061711 2.823405612 0.0
-0.9011714415 2.56229364 0.0
-1.127405642 4.460106354 0.0
0.8364437793 14.59743837 0.0
0.1986250159 -13.98203029 0.0
-0.1479401293 -4.943649308 0.0
-1.061422261 -3.822797576 0.0
1.312373231 4.609038341 0.0
1.346080908 0.286158542 0.0
3.248369017 5.146638279 0.0
-1.389758908 0.3144879732 0.0
-0.6049340662 -0.7599927638 0.0
3.033361134 -5.376657254 0.0
0.6042795178 -8.684606886 0.0
-0.3340143937 0.1926192831 0.0
1.959770558 -15.40772433 0.0
0.4831274529 -21.20535813 0.0
-1.727870891 -1.725317516 0.0
2.85379812 0.4820859711 0.0
0.7658936389 -21.88568306 0.0
1.282994481 -21.33789564 0.0
1.775737199 -2.366919039 0.0
0.3133026334 -12.09453002 0.0
0.810306416 -13.44591609 0.0
3.971087008 3.946612937 0.0
0.7722979649 -9.832622275 0.0
0.6988153448 20.61310542 0.0
1.122213145 4.332943696 0.0
-2.90992233 4.859364897 0.0
0.4653676028 14.8528164 0.0
0.528393523 21.03276567 0.0
3.471618541 12.1550682 0.0
-0.7905554192 9.110212458 0.0
-3.11734199 -1.238339317 0.0
1.67708561 21.22705984 0.0
0.9629125237 14.91288394 0.0
1.006963553 21.38962067 0.0
0.4992770912 21.13922813 0.0
1.145783549 21.3767147 0.0
0.6164762601 14.89227109 0.0
0.5957264704 21.60127178 0.0
0.7896161517 11.77325036 0.0
0.6151553949 21.39989852 0.0
0.5916856061 21.61774342 0.0
4.396545883 8.867377896 0.0
1.23866538 8.651037289 0.0
1.430691538 21.40787094 0.0
0.5442579602 -6.193504047 0.0
0.6232872824 15.39703704 0.0
3.884214704 12.25094984 0.0
0.08552621491 9.688078531 0.0
0.9860279758 21.74540971 0.0
-0.5532965329 -0.3831778577 0.0
4.675855726 7.670039291 0.0
0.4778072774 21.05353205 0.0
-8.686365471 -5.185084311 0.0
0.6047192929 21.22251454 0.0
0.4650610678 -6.190460558 0.0
0.452991743 -21.25741021 0.0
0.6767022148 -21.35369421 0.0
4.419449314 -12.59806771 0.0
0.6983797468 13.30236746 0.0
4.28903836 -9.511681852 0.0
-5.391163953 1.671558401 0.0
-1.029972218 3.789590576 0.0
0.6332446724 -21.94618182 0.0
2.826751172 -5.735451912 0.0
1.50172973 -21.00156283 0.0
0.9990505841 -9.258472992 0.0
0.4590736769 -21.4768802 0.0
0.3901232982 14.25321387 0.0
1.46342734 3.059830547 0.0
0.9224461737 -8.808708895 0.0
0.865388726 -8.591205149 0.0
0.656297236 -14.81709651 0.0
0.6152869432 -21.11026456 0.0
0.335309275 6.849213747 0.0
2.888409493 -5.115966351 0.0
1.907107778 15.35514153 0.0
-6.108885072 -1.416021868 0.0
2.20073572 -0.5306971727 0.0
</DataArray>
<DataArray type="Float64" Name="pressure" format="ascii">
3281.472337
3671.531776
3677.131709
3709.207728
3270.726342
3317.686386
3690.422811
3206.755927
3418.355503
3271.598425
3508.625783
3208.969381
3551.041726
3572.111047
3266.487536
3248.065582
3762.783275
3327.257489
3386.784554
3619.512824
3578.786793
3738.298408
3586.234531
3172.583893
3304.828056
3224.548407
3453.676026
3311.905013
3292.034108
3516.699883
3505.064048
3265.103903
3430.419441
4905.768729
3492.292851
3348.278526
4367.078427
14285.71399
3877.846968
14285.71398
3572.818015
3450.425065
14285.71378
8021.147682
8395.306612
6645.581034
8755.141502
12413.24483
14285.71424
9012.363102
3204.863035
8582.357869
14285.71413
14285.71398
14285.71373
14285.71382
14285.71381
14285.71428
14285.71399
14285.71422
12488.01644
14285.7142
10193.9801
14285.71413
14285.71429
3704.769546
3125.781423
3587.778895
14285.71416
14285.71389
6945.29133
7270.520572
3544.401526
14285.71418
8772.041531
12939.97736
9127.667273
14285.71392
8841.712424
9345.448712
14285.71427
9342.194354
10977.66177
3554.595039
14285.71403
14285.71356
14285.71405
6614.109322
14285.71362
9633.1056
10432.35271
14285.71389
14285.71405
14285.71388
14285.71366
14285.71427
14285.71399
14285.71395
14285.71401
11169.92987
5878.453897
6869.043313
9485.261527
8369.632286
14285.71407
14285.71413
14285.71417
14285.71346
14285.71412
11288.38393
11732.81043
11137.30035
14285.71409
14285.71362
14285.71379
12575.09974
14285.71423
14285.71302
14285.71404
13812.47062
13248.82261
14285.71331
14285.71339
7538.065536
8839.904461
9402.190922
8030.795895
12588.30245
8500.908449
14285.71421
14285.71411
14285.71411
14285.71426
14285.71419
14285.71398
7431.037516
8792.578118
7911.074885
7973.225233
14285.71401
3718.210607
14285.71427
14285.71429
3608.617132
10221.10279
2961.609577
3300.211798
4224.658092
3330.173961
3572.89854
3260.692863
7573.235893
14285.71428
3484.272278
3352.71841
3849.194333
14285.71398
7222.401892
7438.455127
3484.081603
3333.911461
7389.23842
7133.349916
6581.697564
3069.544618
6462.673663
3138.824644
3249.661188
3496.22494
3161.891405
2832.462194
13545.45078
14285.71381
14285.71343
14285.71355
14285.71396
14285.71407
14285.71428
14285.71414
14285.7141
14285.71403
14285.71411
14285.71402
12743.2914
10966.75776
10947.56918
9613.152949
8158.779885
7397.363356
7747.137729
9052.066497
9360.017506
6890.516283
8706.63456
14285.71305
14285.71402
7654.378984
8448.894121
9142.351276
6836.557462
5930.002432
6825.405583
7814.646444
8964.213783
9994.378821
10012.71781
13375.36495
14285.71429
14285.71393
14285.71428
14285.71419
14285.71413
11915.34067
14285.71428
14285.71338
14285.71307
14285.71428
14205.13942
13385.09169
11954.97053
13069.65594
12548.81673
6776.73384
7338.686545
7658.364318
8082.819365
8944.167282
10047.04302
10959.42559
11640.039
12074.13623
12389.1201
12481.0162
12333.29279
11954.72415
11567.31246
11428.18892
9608.20665
7686.689413
7432.538449
7909.47983
9124.834352
9556.037981
6916.397799
8553.477443
14285.71366
13155.86952
7528.054521
8447.212402
8741.850581
6939.631831
5987.586301
6797.876251
7089.859695
8802.127742
10821.10467
11290.77926
11461.55391
11885.24815
12253.24116
12351.55672
12239.49996
14285.71404
6247.261743
10556.33588
9458.277867
8272.666311
7513.87303
6911.928104
5891.891832
5039.346693
5681.523314
5115.647408
14285.71422
4226.023451
4010.167297
3796.501577
3704.230425
3900.957352
4264.171242
5060.662749
5967.779123
6703.696214
7543.480908
8236.223934
8667.27909
8959.798138
9059.971858
9059.964473
7666.971939
7543.501745
8218.471467
9119.042753
6855.618373
8224.605848
14285.71363
13448.96254
7136.160566
8468.50289
8831.914097
6210.245062
5927.71481
7137.636037
8869.415944
8896.638362
9056.851378
9081.091553
8925.601324
8501.820851
7995.176195
7134.341124
14285.71402
3692.890032
4850.657536
4298.93136
4014.023659
3991.349052
3930.487863
3842.389684
3688.152213
3374.498326
2997.161186
12035.75619
3369.232784
3356.062857
3249.800313
2743.390156
2496.01421
2523.004362
3332.346289
3501.180955
3947.289171
5762.025305
6884.699379
7401.786218
7401.01621
7368.788502
9576.827356
9971.590482
6587.341103
7835.751652
13914.88075
14081.43331
8438.347419
8299.17628
6255.29022
6533.53126
7080.789498
6707.166547
6187.266648
5328.992561
4471.085586
4003.494573
3809.647849
3663.957284
11439.78078
3506.249337
3408.387742
3464.532929
3596.816267
3688.700565
3492.208615
3198.536901
2931.077058
2769.182433
11880.56431
14285.71413
3056.021162
2501.499883
2411.408102
2711.923189
9187.208739
9004.527075
4193.862596
5924.499753
7405.215851
7908.491125
7875.599551
14285.71428
8186.004146
9021.188709
7375.770587
4628.292515
3893.701603
8825.951998
5492.852236
3438.031912
3562.760964
3703.879222
3658.668576
2351.851772
2637.19166
14285.71397
12341.55322
7561.616071
5716.929514
5698.826048
3278.658438
3099.631945
2845.005707
3023.974223
2794.850428
2352.781442
2773.527562
4695.831733
3476.158144
3665.174278
3282.663237
5937.467903
5148.835081
6567.410259
7636.129466
6533.909837
5645.223798
5776.343223
5394.227419
3438.831024
3266.203474
3284.748332
3439.198118
3435.939013
3367.925866
3515.843985
3589.233709
3707.200653
3382.71252
2913.163201
3195.867267
3529.448511
5716.325836
3723.847978
13319.65227
3150.130531
3500.676479
3556.518503
3502.96199
3589.149659
3610.656507
3760.580567
3611.07147
3123.426085
3153.559188
3291.264503
3104.855451
2676.589027
2982.962668
2745.451961
2756.157717
2820.973257
2883.109338
3090.238455
5039.689389
4621.253951
3260.544009
5206.640138
11949.19824
11385.91712
4837.584135
4096.460814
3441.303331
3170.288663
3576.095336
3196.948439
3429.822442
3393.521923
3608.671236
3621.222048
3648.340708
3718.336297
3750.680302
3698.255767
3280.354682
2785.082592
2929.453572
2793.782783
2905.62932
3055.16442
3161.168149
14285.71424
14285.71415
9261.442431
5191.304939
3992.245702
3206.656959
3161.55075
3326.330497
3555.092721
3614.224599
3637.395729
3595.528108
3206.112452
3143.255817
3122.78181
2840.193171
2862.031161
2881.106723
2923.137488
2973.005441
2970.984856
3066.06811
3031.169314
3263.385043
3103.772813
3174.371233
3281.699076
3329.345642
4169.368694
9782.031676
14285.71421
14285.71384
5576.071764
3741.386099
3319.303635
3651.993387
3135.443614
3155.793604
3162.817085
3201.883627
3217.738705
3165.667435
3379.136924
3468.426048
3518.313251
3595.062166
3617.496
3597.773774
3620.473783
3635.635728
3646.595706
3722.155546
3737.302234
3690.790334
3652.639845
3251.823396
5279.439276
3572.563689
14285.71424
14285.71424
3825.20172
3667.570247
3572.032502
3221.701733
3075.061116
2921.989048
2988.876438
2846.805679
2855.188949
2885.924742
2994.382064
3029.086319
3224.884595
3039.939308
3218.895158
3606.212297
3371.937243
3108.927913
2597.742871
8335.903499
14280.86801
9749.887754
2701.598386
3390.492885
3432.372474
3134.429039
3209.283847
3117.065344
3152.436732
3172.211173
3207.948738
3315.442126
3405.749637
3531.755187
3465.960013
3478.384396
3560.971619
3585.754753
3571.330301
3609.608525
3625.00328
3651.852529
3671.237679
3725.357267
3698.444783
3739.533607
3686.084756
3651.226797
3571.829704
3308.551148
3214.069954
14285.71399
8425.077638
14232.6228
3202.862472
3271.557059
3015.304776
2892.878104
2802.41869
2811.530797
2841.531085
2903.409748
3127.595222
3178.55431
3268.261315
3173.54959
3307.403653
3297.610119
3378.840299
3386.220806
3282.950731
3214.310211
2915.688392
2867.669887
7450.44089
14285.71411
7316.791245
2886.72318
2962.642509
3114.430849
3069.059731
3146.362512
3131.455073
3179.532835
3140.29
3265.678824
3357.87088
3326.591443
3428.898491
3435.232892
3517.191147
3547.952487
3549.604339
3594.064239
3566.506124
3653.912612
3677.224353
3733.623434
3739.849147
3672.764788
3658.390512
3579.312236
2998.885521
3083.571714
14285.7141
14285.71398
14285.7142
14285.71425
3322.961487
3179.353378
3255.93576
2840.609928
2811.169825
2856.973795
2943.075068
3035.353959
3124.601278
3203.211914
3290.353056
3321.442461
3376.873802
3383.927564
3220.021163
2942.54398
3481.366912
7442.34968
6979.617421
2798.11416
3004.001011
3136.824095
3092.980129
3166.345168
3116.50386
3171.668224
3216.231295
3375.589818
3270.587399
3278.611857
3382.123001
3389.829865
3479.861319
3517.354394
3613.515849
3656.484817
3748.333462
3726.940597
3661.570022
2873.579421
3333.180001
3411.973857
3357.424386
3276.772713
3483.449165
14285.71416
3109.343976
3581.811866
3147.992127
3231.203084
2951.957489
2823.978913
2801.167018
2776.298967
3099.681145
3192.760722
3271.533137
3414.298139
3380.093512
3483.207634
3438.365829
3421.137889
3173.330296
3348.992018
3293.572913
3140.61479
2785.66246
2952.845983
3061.487665
3110.957745
3102.57136
3098.177612
3136.814917
3171.463964
3224.624867
3440.109292
3524.454162
3618.542466
3508.381847
3762.76173
3244.370919
3182.159294
2890.799394
14285.71428
14285.71429
14285.71424
14285.71403
14285.71412
3067.87619
3094.957197
3098.89455
3112.05314
3233.307219
3691.86088
3655.324541
3640.995262
3660.353649
3106.257525
2982.300744
2883.594401
2780.468039
2768.50625
2896.25162
2952.452665
3071.015335
3282.203905
3280.591083
3358.953415
3498.099686
3451.672919
3429.896536
3473.590179
3534.029104
3439.527252
3485.309344
3517.087592
3467.018521
3401.256264
7849.330849
8190.622403
7376.186702
7856.365728
3780.296955
3063.453879
3098.71232
3119.189084
3117.62179
3090.196426
3112.921601
3103.859067
3139.941673
3183.048702
3283.658743
3337.71792
3382.43656
3489.037762
3543.000987
3661.632592
3667.199863
3709.538406
3768.145604
3685.623381
3628.656487
3657.163441
3598.150244
3752.149914
3789.734491
3357.130611
14285.71406
14285.71428
14285.71409
14285.71368
2939.953317
2909.409199
3052.14513
3206.429173
2891.795904
2812.387545
2741.244514
2839.963699
2778.692877
2968.436983
3028.218544
3162.843805
3398.828175
3381.856513
3455.24534
3525.570227
3535.602933
3567.742722
3526.215334
3498.34922
3436.088284
3389.72106
8728.374877
8479.741938
3421.101801
8415.204201
3077.71905
3014.325359
3085.332692
3111.333105
3146.082438
3171.10656
3103.256798
3099.910058
3124.728854
3119.731755
3151.15983
3188.308664
3233.150341
3390.412011
3279.720228
3439.804397
3313.615477
3440.218626
3603.689688
3667.088011
3658.615365
3724.443559
3769.620017
3669.486349
3613.202857
3654.030352
3609.608924
3143.465167
2724.371017
2815.553995
3130.351176
3278.362022
3570.491536
3585.789003
3581.052485
3533.612913
3513.908019
3338.058269
3455.313291
3384.778018
3774.121557
14285.7142
4153.505454
2968.881143
3217.288205
3138.843591
3139.066126
3206.545912
3149.19712
3133.391706
3158.957436
3188.087532
3330.526651
3223.040603
3376.53789
3586.502122
3459.031117
3734.339142
3773.791413
3648.572575
3649.772274
3619.095735
3549.771047
9091.32625
3134.994684
2747.510109
3489.430388
3549.22195
14285.71366
3198.174265
3265.235443
3557.725936
3211.752118
3497.057454
3704.361424
3450.224362
3515.704513
3588.139393
3275.998987
3538.134249
3640.837449
3662.972974
3348.931371
3518.130373
3448.632663
3676.946744
3276.594587
3759.365428
3638.764834
3667.316495
3645.528749
3190.328187
3413.656074
3307.488966
3657.856727
3069.927088
2802.36156
3209.172271
3357.916819
3634.346674
3199.418421
3305.60975
3512.861206
3576.736272
3430.968717
3329.33006
3559.272777
3628.965154
3671.553271
3611.508057
3519.839318
3468.809279
3585.293749
3453.69903
3564.584772
3397.557973
3650.900128
3644.531146
3503.18255
3424.966195
3441.480513
3249.584138
3276.471947
3265.009345
3304.375653
3174.402336
3149.121679
3678.374692
3611.06414
3508.290741
3659.394119
3752.521034
3448.109079
3317.141716
3266.342439
3336.905498
3270.930692
3631.012191
3665.843689
3682.959169
3513.715696
3305.942536
3507.817029
3459.673989
3492.586555
3524.987191
3354.390929
3734.106195
3604.390131
3526.170568
3513.477871
3328.314891
3502.710856
3522.382435
3560.849799
3153.813205
3110.550146
3366.088769
3314.714647
3132.630798
3465.339977
3676.178651
3496.053691
3561.174484
3497.577388
3659.466446
3654.052645
3697.915245
3584.568386
3256.046733
3457.736062
3286.819868
3494.073014
3410.85478
3454.738312
3456.139569
3492.720738
3581.730981
3335.18433
3375.944407
3495.947149
3374.796178
3471.857749
3250.2583
3299.838095
3236.83856
3653.686584
3642.87501
3740.364921
3647.017361
3595.019813
3504.721069
3184.894894
3431.659689
3352.201846
3277.647443
3649.927563
3637.539542
3394.057942
3648.416091
3380.771484
3675.909237
3650.300785
3742.508334
3244.316968
3415.165142
3385.697807
3237.055606
3394.509993
3304.803148
3295.819471
3682.190646
3383.408676
3380.784753
2995.994467
3179.729869
2831.440363
3235.624628
3246.634599
3133.38563
3340.990694
3563.486035
3666.253083
3596.839593
3327.974138
3688.403433
3369.953931
3573.632898
3615.190337
3635.882425
3532.684305
3645.862757
3330.225219
3679.991246
3387.891197
3326.599371
3461.493312
3258.241021
3316.003354
2953.953378
3228.644753
3407.001891
2900.485166
2789.400104
3369.55748
3661.442793
3551.020833
3515.235071
3403.290183
3769.847776
3292.478822
3359.157653
3342.340376
3110.454939
3261.674214
3295.882039
3169.463908
3475.846877
3520.916468
3241.205163
3418.929665
3420.305403
3490.401693
3505.900512
3762.205131
3658.505746
3591.742058
3501.402437
3239.769316
3296.654628
3653.355374
3390.903208
3463.968918
3364.167846
3272.567777
3312.385618
3350.749147
3428.065213
3658.095274
3716.889354
3605.684188
3615.806404
3423.729539
3062.451049
3512.587608
3617.34584
3646.288391
3212.15974
3177.159894
3167.708726
3331.062521
3582.872003
3710.080498
3650.823335
3574.052822
3537.512666
3522.902025
3523.144252
3535.555679
3558.731438
3120.198946
3461.930388
3381.301414
3314.325101
3081.612372
3617.647047
3622.861738
3264.208992
3543.766521
3554.141519
3259.420946
3415.998061
3497.543164
3362.316263
3641.881915
3199.387197
3648.381801
3779.587472
3711.855927
3798.267728
3421.240093
3220.311569
3302.856189
3106.724276
2969.885508
3324.141652
3308.355107
3306.799719
3357.414677
3678.010472
3634.110143
3418.078246
3444.07247
3306.399315
3086.915364
3354.608947
3395.239191
3437.146843
3313.553031
3758.444617
3452.409779
3692.580324
3448.039988
3313.242213
3251.787322
3380.247997
3235.825413
3437.364441
3569.102881
3593.873271
3613.477891
3658.046054
3619.617787
3551.637478
3665.10785
3573.222702
3505.333967
3413.25284
3070.848693
2992.564364
3146.442371
3604.70971
3392.368881
3677.260497
3577.507742
3232.819819
3157.63522
3583.18094
3563.827284
3512.427329
3325.140764
3199.155829
3611.090782
3688.03197
3716.184595
3612.296782
3477.276584
2892.171939
3239.284697
3087.430003
3657.041465
3315.262877
3543.943176
3613.437971
3635.983144
3573.341053
3647.805026
3590.343959
3540.514745
3646.649057
3323.273176
3513.820073
3343.486806
3301.987001
3720.02235
3344.080846
3308.338857
3337.866723
3754.552051
3670.205573
3463.512083
3270.042159
3474.548995
3233.983833
3540.563957
3642.907734
3608.504931
3423.634055
3438.234729
3276.489077
3068.694428
3248.315515
3188.555686
3318.89822
3214.601438
3621.764429
3667.67524
3555.985748
3473.434455
3443.563067
3780.532053
3700.197584
3507.093248
3237.259726
3110.522639
3164.215944
3138.200193
3549.584571
3463.631826
3405.342427
3360.107148
3621.89492
3552.473461
3551.566189
3219.723422
3498.967978
3302.196607
3581.463193
3477.452508
3414.519148
3528.706003
3260.708788
3680.064512
3050.810108
3648.287659
3872.740308
3753.965893
3841.369428
3176.441557
3184.794331
3413.600019
3360.410986
2764.727164
3103.007884
3344.988928
3287.019873
3258.447383
3411.539347
3428.736804
3663.856804
3615.734104
3457.422176
3484.11772
3307.735536
2829.384649
3468.532884
3489.354006
3350.995205
3789.849493
3527.120187
3757.867022
3426.681564
3234.340431
3508.936661
3673.140999
3600.720907
3534.480334
3619.574582
3697.741294
3691.409416
3612.728632
3273.782624
3692.583725
3426.789008
3754.172637
3619.018492
3069.04396
3440.781701
3357.209584
3774.168052
3098.048086
3403.436534
3563.960205
3652.78822
3660.034746
3583.349684
2965.866388
3090.042713
2988.205479
3190.240877
3028.302179
3264.4293
3425.563512
3525.879299
3329.162902
3353.446739
3143.056266
3239.829574
3162.922833
3609.920236
3752.794959
3758.428284
3649.736537
3494.068642
3307.689058
3349.70796
3348.495146
3484.742292
3440.403447
3606.253281
3313.225692
3235.625589
3472.646002
3206.799163
3263.830659
3335.585706
3407.282941
3462.124367
3519.716884
3594.537232
3679.942634
3731.271597
3767.853973
3602.555709
3443.630364
2956.654309
2774.825151
3509.293571
3609.505645
3659.930668
3585.128117
3416.59273
3443.431895
3314.548211
3148.77206
3034.015109
3264.555373
3452.029889
3562.665535
3581.756668
3568.061
3560.828834
3550.274791
3556.920181
3568.836351
3584.577721
3426.534113
3342.61785
3617.985576
3309.186026
3563.130165
3171.31905
3425.513153
3658.194982
3345.717265
3532.111972
3515.058977
3551.756036
3064.652463
3776.777708
3639.75532
3948.808707
3756.912721
3865.36419
3185.659653
3461.311832
3516.01326
3561.80366
3580.519347
3401.461311
3267.880287
3262.059162
3429.590306
3506.210181
3657.871869
3594.93721
3491.120242
3486.33202
3335.386874
2557.661041
3590.488619
3588.676279
3258.053228
3805.574696
3596.146716
3802.468164
3361.263829
3198.083706
3738.468571
3617.747618
3484.635288
3638.025178
3641.603275
3701.788387
3758.914305
3682.501253
3673.545911
3123.741668
3835.084939
2959.170195
3163.577899
2810.016159
3261.146543
3857.578971
3221.125037
3232.08519
3594.466263
3439.827414
2880.998647
3426.753079
3382.388225
3142.87014
3605.208992
3550.755813
3540.246481
3670.069345
3477.668475
3137.196856
3180.554168
3574.878422
3482.563443
3514.748182
3353.590501
3270.824248
3591.023942
3523.453576
3419.473223
3438.865901
3257.449097
3266.670904
3364.297977
3427.393963
3486.183248
3537.964772
3590.300538
3649.526838
3704.13616
3743.765325
3705.732386
3637.003789
3277.603205
3041.808072
2776.812135
2729.296179
3575.717179
3638.497453
3620.701601
3531.55976
3554.728591
3392.774946
3195.56303
3054.14382
3061.033331
3152.794189
3301.408504
3426.191805
3491.887973
3518.958848
3527.327273
3531.375694
3544.585956
3557.073207
3569.670945
3583.158503
3683.499012
3355.166441
3370.07148
3348.443168
3324.72674
3590.804943
3418.579431
3340.216069
3257.203582
3448.619168
3324.214156
3311.921288
3112.06553
3266.778513
2973.618361
3237.514188
3107.42774
3494.563151
3541.242049
3453.422898
3282.226315
3156.571969
3000.944659
3886.837477
3655.727509
3718.558427
3683.428917
3161.078264
3172.786666
2986.252702
3028.019781
3174.374166
3439.598536
3571.884519
3308.910552
2322.027402
3737.285813
3656.154678
3204.995376
3811.30925
3639.206179
3226.001759
3169.711414
3514.845268
3588.332471
3753.351842
3654.71924
3453.443511
3663.92604
3623.693064
3707.931724
3806.301518
3682.461643
3021.371805
3821.792551
3872.73045
3012.477407
2710.673449
3019.316763
2747.494166
3491.532575
3142.935226
3874.230511
3987.393197
3622.379304
3069.131048
3575.819623
3622.821564
3578.179186
3190.82084
3200.182853
3266.969153
3432.638449
3508.968899
3482.693576
3188.031902
3689.69573
2878.904931
3600.812711
3339.878398
3621.395028
3356.00011
3532.849072
3573.124793
3750.390439
3854.942438
3561.468383
3752.864471
3774.31913
3337.639263
3882.477081
3565.780698
3240.809084
3299.089612
3191.751971
3189.963832
3277.219551
3549.275342
3581.294407
3580.809965
3572.739887
3542.099386
3122.685355
3302.965571
3344.904724
3427.481489
3136.209814
3056.175465
3133.624863
3288.496666
3517.043558
3225.874207
3289.063699
3247.588045
3342.069786
3359.16303
3400.906584
3506.478823
3554.534186
3594.481911
3645.179577
3690.412053
3731.399411
3715.137713
3574.517729
3340.93542
3106.672506
2881.870799
2675.151003
3623.695664
3640.584277
3583.01108
3565.75732
3631.607193
3650.760037
3475.517894
3271.400134
3072.866237
3109.219721
3195.436504
3293.166042
3366.673371
3413.448396
3442.299651
3477.87235
3500.435262
3519.144557
3533.893433
3550.028721
3559.072543
3541.024051
2312.402414
2897.269329
2935.495185
3369.720578
3753.428306
3567.818673
3275.414073
3746.182948
3151.920213
3614.437793
3405.080402
2241.367402
3843.195912
3684.717472
3218.743129
3275.107578
2987.300782
2664.553165
2695.651481
3044.901683
3314.16725
3420.1814
3451.614352
3318.343501
3126.455209
3007.802101
3820.535245
3656.251149
3904.184999
3254.368656
3644.932409
3594.534186
3714.055051
3697.180863
3443.735594
3561.694551
3712.395563
3833.804171
3779.986013
3710.746227
2993.238305
3823.308385
3867.77373
3538.19636
2677.777522
2741.449287
3884.474
2583.378158
3076.819704
3121.71141
3510.915238
3576.005203
3277.182166
2980.07117
3944.241287
3606.494783
3734.866632
2591.629925
3589.66821
2815.782037
3732.072849
3479.341371
3698.504194
2799.622783
2488.70594
3543.611578
3335.143755
3090.536172
3108.61822
3370.235904
3691.308107
3135.991154
3348.335262
3338.130813
2592.229561
3592.304657
3173.373307
3618.285191
3667.792831
3359.493161
3227.242983
3037.876145
3275.341859
3227.06186
4377.547886
3034.008222
3230.894037
3757.368697
3670.061871
3247.576484
3379.743137
3491.535429
3476.500983
3453.409117
3333.113954
3254.188536
3116.315376
3120.296491
3358.426374
3550.890383
3724.851642
3638.871701
2744.035562
2791.324057
2946.467129
3177.500687
3492.272133
3605.624295
3701.801837
3599.536
3454.23711
3481.786906
3304.783332
3415.975278
3391.533882
3316.259474
3461.945325
2777.735465
2714.957457
2456.076952
2540.88144
3193.168266
2896.886933
2865.093525
2539.845561
2738.755076
2542.557074
3299.817912
3462.590837
3509.12564
3373.401486
3377.787452
2971.096516
4041.609953
3627.348602
3186.651826
3527.626348
3439.470997
4000.500866
3596.467413
3557.087051
3983.145142
3756.159906
3729.114052
2541.053027
3880.046003
2538.152838
3824.705022
3707.262621
3319.929624
3829.353268
3667.263059
3896.006158
3036.9005
3334.195647
3715.590786
3625.962853
3728.867229
3707.682825
3127.834617
3736.669082
3843.370817
3778.530792
3750.206017
3164.43269
3722.071876
3850.826026
3332.222456
3689.394126
2926.612069
2535.652754
3810.57287
3786.510205
3381.024544
3173.614849
3299.619501
3548.793425
3595.326997
3861.69067
3726.532718
3992.239474
3998.852444
2287.794896
2831.747024
2805.78675
2546.000656
3026.232569
2801.094924
3633.050217
3505.694139
2449.776766
3000.554081
3652.691871
3898.489643
3246.157576
3096.909752
11656.55763
8779.859917
8855.562356
9340.549
6743.804821
5502.994414
4279.173066
10806.52144
7389.661717
3150.238118
5623.221746
6186.58222
6348.523601
3888.479845
3331.153534
3442.465296
3468.486836
3478.815457
3503.99184
3543.2343
3575.050069
3442.248564
3602.084899
3633.118973
3655.109453
3664.659382
3648.8834
3582.194657
3443.089915
3240.825476
3026.445322
2824.689397
2695.979611
2695.833076
2864.276892
3639.217053
3639.934616
3578.363476
3597.289927
3775.118181
3739.779143
3604.497463
3441.055826
3292.908284
3199.020327
3156.874598
3151.563825
3164.850008
3184.400684
3205.392646
3230.160743
3259.490364
3290.000513
3319.590572
3402.373516
3347.238828
3374.028664
3399.382429
3405.127073
3337.997214
3211.877132
3366.85006
3805.532318
7158.533205
7292.829254
6839.553275
7056.23246
6198.166702
6287.942456
6391.792844
2976.723631
6538.3255
6564.771511
6641.254216
6750.682091
6814.094064
6266.578255
5492.313644
6062.716392
6295.373804
2559.006417
6522.861809
3017.926447
6586.641031
2942.509993
6604.386725
3423.045267
6449.671354
6478.803528
3862.021068
3365.94102
2428.474213
3597.490901
3771.222884
3570.792107
3403.227218
3416.941769
3040.478896
3778.191941
3676.534755
3517.087395
3897.35535
3693.484079
3875.65869
2975.8582
3481.228977
3797.205645
3188.481849
3639.535291
3739.387922
3059.47554
3823.980373
3778.180753
3709.873337
3644.627582
3794.460764
3539.192225
3774.189063
7818.731126
3380.455297
2453.507836
2551.742228
8312.213605
11567.24548
14285.71428
4292.547002
3747.650333
3760.773242
3438.619765
3631.371229
2436.548671
3833.500585
3785.924147
3708.267583
3742.06745
3651.395671
3672.962195
3820.210855
2479.362614
3533.246494
3993.494659
2331.344622
3424.512552
5881.892406
5685.906343
3495.506109
8948.939111
3587.444296
5826.148557
2927.592081
6663.499401
3498.356813
3367.057241
3771.458028
3714.972664
3489.455063
3357.611986
3721.388483
2663.589846
3641.615018
3682.0806
8298.374128
6472.915181
3429.589236
3371.389362
2259.506549
3195.715107
3292.592508
3159.787399
3189.821596
3717.26926
3638.978379
3405.74269
3521.631749
3351.324038
14285.7132
6488.427704
14285.71354
14285.71398
14285.71247
14285.71316
14285.7127
14285.7125
14285.71356
14285.71376
10369.4136
14285.71416
14285.71428
3704.717818
3299.828547
3806.222145
3872.921544
3694.67766
3979.34164
3912.58951
14285.71317
14285.71396
14285.71351
14285.71345
14285.71394
14285.71321
14285.71323
13267.91228
3497.926256
3807.786641
3575.724452
3712.840111
3706.684675
3835.248619
3419.818808
3174.923139
3669.935254
3979.855018
3768.523101
3780.99499
3694.108025
3774.088292
3152.670725
3796.327675
3799.670673
3775.520452
3659.219377
3633.305167
3685.154792
3742.890811
3830.692347
3703.325504
3234.818197
2754.417237
3604.953605
3974.29336
3948.424458
3665.838988
3769.475889
3597.221713
3800.43868
3651.597856
3981.03285
2386.213535
3550.720671
13766.69049
14285.71421
14285.71278
14285.71424
14285.7141
14285.71336
13951.62505
14285.71343
14285.71338
14285.71415
3775.587226
2749.314081
2747.545724
3494.107157
3261.908912
3144.478392
3232.898339
2703.986727
3694.982464
3425.880444
3644.070242
3594.93318
3577.13882
3272.209901
3087.32759
3624.364262
3638.901875
3444.876017
3299.510007
3622.926653
3528.195169
3543.52375
3456.689361
14285.71428
3158.786282
8725.077739
4385.800658
3211.776047
3077.580939
3199.040193
3179.577032
3297.216072
3509.865933
3386.171018
3565.314425
3689.083374
11011.09666
14285.71388
14285.71357
14285.71401
14285.71266
14285.71424
14285.71378
9870.154164
14285.71375
14285.714
14285.71421
14285.7139
14285.71403
14285.71388
2419.226178
14285.71286
14285.71371
14285.71312
14087.03625
14285.71257
4060.482893
3671.64109
3312.077733
2360.740063
4021.186966
3619.151585
2400.0196
4093.282904
14285.71342
14285.71394
14285.71273
3200.308286
3290.917305
3253.760624
3593.858025
2902.039978
3629.361883
3622.433962
3740.870528
3167.118824
3171.04818
3235.561543
3741.36033
3345.545176
3505.381011
3571.983326
3570.207933
3610.155779
3531.819528
3409.478264
2786.966695
2993.550591
3594.580683
3569.964724
3267.355772
3555.016677
6828.4437
4013.246804
3875.55844
3176.364834
3570.662201
3951.290331
3732.417965
3369.864313
2932.803805
3224.142217
14285.71347
3205.313295
3608.856435
3337.43258
2949.665554
3083.371061
3752.966081
3145.414776
3346.911216
3386.131767
3711.534799
79.74319863
83.24437582
74.14171371
76.1232042
89.14486313
88.42789046
32.78440755
38.37283011
37.69923943
86.59470075
35.06285384
37.54848803
38.11889893
64.17945566
59.6809428
90.6602853
49.46153807
16.8617828
43.49873345
35.48833956
17.00592106
29.65441378
31.67687689
39.56525664
39.94594327
38.02365923
31.14377731
39.95581408
35.75141893
33.64733299
29.09845532
49.57648451
45.72694922
64.53185486
31.18872309
46.38492516
43.6613185
67.60190736
53.19401112
93.63792823
26.63527394
29.13419355
20.99115906
52.66548112
82.98088519
81.45138393
80.6625068
77.4725686
84.06058772
81.42660187
78.83473082
87.81502821
75.99780725
77.15910874
81.79417451
83.79094611
81.89319443
69.77742507
71.50247444
72.42374901
77.57351995
88.49275216
75.23463414
61.06593953
64.51224988
23.93866457
86.85184081
84.35683863
84.83641147
31.28072846
37.31184564
35.92091798
39.57714442
39.64690594
53.17041037
55.47059724
66.00787339
75.2419257
78.18456646
84.54805901
79.80009854
73.26907689
67.38859112
68.22845426
71.94774453
78.29950257
73.58094062
67.09224927
70.04217718
86.28332386
60.35452139
53.13895214
49.99111874
51.95001266
35.92367977
36.97625625
38.16305926
37.59379091
37.98552372
38.32850593
36.77516102
33.90076234
32.88561559
29.52829831
26.34060975
24.01544427
34.28100031
37.43567034
37.85231663
76.93901319
71.45566588
81.98514813
56.91443371
43.97309886
52.74647909
43.49032825
44.76488363
50.14075921
54.82512168
44.3861671
50.40365594
48.96924179
50.37016208
36.53355575
38.39541862
38.97988411
41.01135718
39.72392582
39.57438541
37.55530022
36.3334609
32.57392552
29.19861335
25.58692215
32.76158943
29.61437435
45.66362431
24.3932552
47.7357792
84.87739034
75.65694491
46.01599857
87.02622032
83.41372298
49.57274749
39.98189457
38.74739824
88.62565709
50.49707441
36.0361032
25.89860147
22.54309093
25.04416857
37.21940817
48.28199043
40.47298213
65.40176622
16.88055343
23.06250579
23.16065976
27.49832174
26.57248403
32.73357467
31.26964417
35.54185583
38.49633681
34.32377624
38.97014797
43.17449853
39.78470882
42.04843679
44.40466088
52.24046508
53.89457271
46.73339294
39.88427451
44.66560547
36.39176995
39.93603207
68.24480345
64.82071703
59.1901015
59.46263383
86.47096718
57.52282138
30.27892425
40.64206041
37.63243869
38.08642868
24.6380728
22.2703237
22.0712249
28.99392481
17.20287821
10.24588311
14.8891897
19.37067024
14.44498411
18.28122191
16.08125909
23.33047299
25.44926194
20.77499863
16.35874336
24.72620046
33.32075656
42.01396282
45.05060194
54.78733057
58.64633911
28.74023732
28.8721096
40.22521083
43.4695696
47.51137626
16.8231133
18.18015654
41.79173463
47.43375047
40.94981471
21.36604264
43.82354846
33.4530266
13.54561198
35.4223972
79.16814144
37.30952483
57.10517396
76.46394228
48.25045674
45.0475771
30.94591402
52.96351244
56.87361507
33.31791678
9.423983995
14.12740798
41.7087744
54.3997413
42.67741802
12.38847694
41.01116419
9.811850653
35.50388246
20.27335492
16.36513637
24.3693209
16.38439759
15.43627584
46.15742653
28.65811369
60.3657062
46.70671182
49.69076447
41.41790108
48.70997388
58.38905692
34.4761239
25.94002419
56.2151941
14.84664524
29.05316396
46.15763861
43.01503182
500.5721177
665.3376887
49.66783625
760.2218184
682.5637317
26.55933434
24.63858771
628.5297321
691.2495066
26.75129539
682.9081302
500.567103
31.00592272
829.8894597
649.6744175
666.1924766
554.9157948
706.8561492
675.0240901
681.7016359
699.7478584
49.68378041
673.0188797
653.7419426
676.8240125
711.3651788
671.08873
610.606683
662.5452205
539.6182618
664.8155428
645.4877066
577.8221094
713.0304593
683.8570764
24.09637493
785.9066868
630.6533654
755.870236
622.4936209
44.2351343
532.7456141
694.3942242
20.88167371
668.238399
28.64722474
686.1274745
650.1783577
665.9111234
504.9862189
611.6556852
65.43552259
24.61822356
645.856472
491.5425756
704.6978289
745.455529
653.2361233
665.6080521
54.63762995
743.6663358
731.750963
586.1968093
694.3552498
55.43473289
491.6564147
743.5317632
77.83221671
32.11361223
</DataArray>
<DataArray type="Float64" Name="mach" format="ascii">
2.582877298
2.574745491
2.571163571
2.459929793
2.577216713
2.435437906
2.494367636
2.616269759
2.531282566
2.500118121
2.546350623
2.608196329
2.528023147
2.557724049
2.578940279
2.586466992
2.361948295
2.5720905
2.506338997
2.317333397
2.343333281
2.4159281
2.546714545
2.624150074
2.597698434
2.641675593
2.537271329
2.613768568
2.537390235
2.56833187
2.348259278
2.576293654
2.561796637
1.873140556
2.565854803
2.54677774
2.02016815
0.2940612598
2.34515271
0.213756954
2.530038532
2.591330657
0.05920740475
0.4604562103
0.3293876197
0.7493151046
1.13027198
0.6746116717
0.3784848046
0.1555132603
2.442368582
0.9655553397
0.2880624446
0.3433163003
0.1352212986
0.208744428
0.2494932155
0.3960386201
0.4364209986
0.1763338138
0.6822792577
0.1834451793
0.8869048117
0.3424753597
0.7076471128
2.337989958
2.597469134
2.109602909
0.4841758992
0.2426194502
0.552423257
1.294582713
2.16818593
0.4482964007
0.5927840811
0.6666860801
0.1678341292
0.3125072622
0.2210518303
0.1304511242
0.4278257555
0.7103896066
0.8856187132
2.548186587
0.1584191234
0.1037622545
0.2478772956
1.335180983
0.2719577012
0.901326346
0.7719836005
0.3270686421
0.338997755
0.3221303615
0.7609865011
0.3821599957
0.09264212246
0.2792195814
0.1462464299
0.6153154466
1.43371966
0.5500308748
1.0332932
0.395522469
0.1013796838
0.1760380951
0.4093557475
0.2726897035
0.2505421321
0.9258485085
0.7689685447
0.7139966199
0.3039630536
0.290341686
0.1895000979
0.5455627069
0.3589068574
0.2791039572
0.3542248669
0.6181218883
0.7362795697
0.2031753796
0.1146695829
1.055674255
0.2791619354
0.2519189661
0.4647392079
0.8310565531
0.7152883897
0.1904009304
0.3585374683
0.2172778413
0.2918704759
0.2158816786
0.3321524212
1.237817465
1.046087004
1.202089816
1.107853694
0.162169185
2.333616926
0.5166562453
0.5836680482
2.500421491
1.013444126
2.515209457
2.505505484
2.766526382
2.43787578
2.507717126
2.468041135
1.193006215
0.659924284
2.493642036
2.398903912
2.527998279
1.34172424
1.210658504
0.5472814603
2.488868044
2.492260366
1.864191079
1.962512463
1.380828933
2.499770138
1.87022004
2.582018735
2.542251896
2.520210255
2.43211231
2.504853093
0.4438208002
0.4248038348
0.4371753177
0.4577076554
0.4863891556
0.5205938727
0.5704584176
0.6250750711
0.6882362345
0.7669082942
0.8407583675
0.9143551408
0.9995811345
1.038525875
1.108286326
1.218015118
1.336809714
1.423129488
1.240034117
0.6349030426
0.04646304181
0.5120729816
0.5892127524
0.1917887886
0.6443853771
0.4224607136
0.1890739595
0.5155447661
1.272266322
1.471184129
1.44923394
1.329826436
1.2439816
1.136986246
1.115094575
1.060246063
0.9505298922
0.8838496055
0.812164607
0.7391837383
0.5033367412
0.8849338253
0.5584146542
0.5234177523
0.5145735594
0.5244829286
0.5345214348
0.5639388772
0.6767180253
0.5760305496
0.6028205307
1.265853282
1.154421559
1.095902756
1.039102776
0.9510780036
0.8719217383
0.8429090393
0.8475216959
0.8936456065
0.9517206905
1.014609336
1.104682682
1.176527416
1.257627513
1.323441356
1.413421114
1.508952933
1.537822733
1.416016749
0.9163946673
0.2362835989
0.4354395406
0.5112037012
0.4605169092
0.9190443899
0.2080372887
0.1079684272
0.7558894592
1.400020123
1.561501072
1.56373618
1.51763376
1.443353974
1.34159542
1.291355833
1.222364689
1.144662188
1.061956809
0.9820444345
0.9304464005
0.4723889491
1.593428211
0.9173471774
1.016862683
1.165851669
1.283780463
1.387270231
1.571350225
1.802282171
1.576647616
1.66349612
0.7194201224
2.109448962
2.14672063
2.18113398
2.163302125
2.037025143
1.854221447
1.641106712
1.500123363
1.436230664
1.384962251
1.370190731
1.386131396
1.407598219
1.472727907
1.628551338
1.681606584
1.615637139
1.148582279
0.3876137077
0.3539209725
0.2100652161
1.050635423
0.9630834172
0.0789721432
0.32156792
0.9136228084
1.644136767
1.835567992
1.732346169
1.658000365
1.625135599
1.576904477
1.494247121
1.443921765
1.365053595
1.382947361
1.46927756
0.6097552875
2.432395479
1.937654577
2.157183175
2.309835953
2.335278528
2.367362393
2.401199693
2.458405984
2.50812293
2.58826364
0.902446951
2.470050472
2.444241566
2.449334776
2.547186998
2.698261885
2.715797941
2.353049039
2.334376186
2.257648824
1.958005206
1.841800166
1.793288552
1.870640324
1.914222762
1.530886657
0.967510667
0.2298371818
0.2061373093
1.373711288
0.9403562577
0.5579603737
1.188676085
1.509440188
2.005635258
1.823307836
1.853638003
1.896051415
2.027122533
2.164872679
2.263949045
2.337380064
2.418117497
0.8716579038
2.496087488
2.605560237
2.598031184
2.541617023
2.450005619
2.438748505
2.421651313
2.467988112
2.495565994
0.972379614
1.369049337
2.487370144
2.612266198
2.659551997
2.623867259
1.522076191
1.599792175
2.369597999
2.206902446
1.96768308
1.325614732
0.5366661958
0.9527028883
0.9370713099
1.611318379
1.813517593
2.373723419
2.417635136
1.383625633
1.743414517
2.567411631
2.539844755
2.442591043
2.219892502
2.750654672
2.629063099
1.358501708
0.9593973004
0.2069750295
2.249228706
2.197829767
2.558767857
2.451696274
2.520702069
2.41776306
2.601114348
2.714758089
2.49963227
2.126062058
2.393145997
2.376242627
2.446369022
2.145595214
2.360640099
2.016294824
0.9855745775
0.6276499028
2.353852128
2.282960247
2.227132741
2.539908748
2.581448185
2.504613092
2.481209126
2.566590087
2.578946867
2.583373752
2.553978926
2.465780156
2.17613363
2.478649755
2.471931783
2.40431409
2.155183265
2.468727739
0.9442003289
2.599362206
2.474573163
2.49329511
2.55987049
2.522251892
2.498059118
2.327683028
2.09947464
2.530857216
2.491071758
2.458187671
2.453461791
2.541112166
2.434708086
2.451096841
2.48009602
2.603901473
2.51059626
2.492709462
2.262859479
2.384734003
2.406749091
2.389698601
1.122421979
0.970028512
2.434501116
2.516377184
2.553980291
2.583911473
2.462851517
2.552260576
2.508852344
2.553087102
2.525973915
2.51600729
2.487083054
2.440264243
2.203982846
2.129130215
2.46276261
2.415911858
2.434177588
2.425404162
2.397486886
2.423253745
2.457806136
0.9647454659
0.930032013
1.533926832
2.424160402
2.66851791
2.579875234
2.576194288
2.517149298
2.471977715
2.473240462
2.51810252
2.110088123
2.463436696
2.438550408
2.438318797
2.439175181
2.39863607
2.387454089
2.415161596
2.414143226
2.430556448
2.455107376
2.494046518
2.431483894
2.460804847
2.429638721
2.400020115
2.40456218
2.636737413
1.210157884
1.321708135
0.9685398769
2.384981506
2.480861623
2.547011166
2.503603156
2.614430227
2.585817242
2.56755019
2.544971768
2.541610247
2.57788459
2.487328738
2.468701484
2.464383776
2.45908027
2.495150503
2.498800576
2.514291634
2.520642985
2.511349144
2.441055504
2.333958666
2.214541133
2.141907225
2.417228658
2.311449455
2.739922291
0.9322494327
1.29379776
2.860090905
2.484429572
2.115442645
2.459313455
2.446238182
2.403839457
2.422936959
2.407242951
2.404069283
2.412650688
2.41842401
2.442789434
2.433307115
2.49269742
2.424625786
2.354316663
2.431035768
2.934613942
3.037663636
1.196341367
0.9537197358
1.336285468
3.244028944
2.968763559
2.609998851
2.618643622
2.584975538
2.624389877
2.584799046
2.560570116
2.545633579
2.498060149
2.476429515
2.462350948
2.467970906
2.470756919
2.467426178
2.479488178
2.501630814
2.51662347
2.524230093
2.512208753
2.487182528
2.441369305
2.215566302
2.331867455
2.212420918
2.14055652
2.11695863
2.417795108
2.435471162
1.262992366
1.332116892
0.9174562936
2.461264272
2.466251667
2.456529533
2.410955157
2.433689166
2.419506104
2.40980337
2.411912214
2.431632418
2.439027219
2.427946424
2.453649992
2.420721401
2.41595761
2.396017775
2.358082681
2.414987486
2.425758327
2.675909036
2.690079828
1.198070744
0.8626856624
1.367691318
2.917454769
2.89628587
2.648424117
2.647416465
2.59286422
2.601542855
2.562287729
2.588026299
2.51927199
2.485005093
2.49441009
2.474315216
2.477281878
2.474481958
2.485154373
2.501917742
2.517978304
2.516938483
2.51409309
2.489265314
2.439731768
2.330152631
2.212145976
2.135784199
2.11245435
2.402253239
2.426605282
0.9292213797
0.8935793576
1.231650178
0.8945575823
2.497128788
2.463270661
2.473014
2.424039625
2.414434821
2.406517244
2.407672932
2.417051541
2.425757077
2.429925282
2.426197334
2.420300699
2.404184267
2.398697924
2.444553068
2.592485366
2.337404984
1.167295595
1.329980893
2.856210459
2.687205339
2.608142699
2.624866994
2.568959158
2.600331405
2.560194521
2.53561591
2.483056332
2.511871214
2.506075865
2.482980671
2.484214532
2.478524715
2.48716398
2.524905044
2.515442849
2.436199933
2.333256059
2.132381442
2.44347802
2.41817223
2.399630571
2.411623876
2.415545209
2.372138823
1.198335006
2.625709259
2.517575563
2.466850475
2.464924771
2.466797559
2.450547389
2.421839596
2.438419493
2.411829681
2.41967423
2.422002403
2.404063776
2.409528682
2.378237119
2.385092278
2.382616454
2.440919893
2.397326594
2.434739843
2.521703383
2.850863795
2.713535995
2.650855603
2.630857182
2.6173125
2.610004265
2.576354798
2.553451932
2.525981834
2.482647552
2.501911398
2.525037155
2.517854327
2.434074126
2.471293652
2.404625835
2.391942947
0.7639940912
0.8552809162
1.160393139
1.117067418
0.8348721102
2.742639736
2.633050053
2.612582127
2.596763679
2.519019232
2.489039648
2.212303291
2.210621394
2.130353589
2.472295086
2.49421796
2.478088371
2.456453945
2.436504762
2.398537061
2.392137672
2.396022143
2.395932808
2.410542734
2.409887598
2.387968725
2.394427812
2.391279959
2.38504654
2.365889031
2.381351916
2.374057089
2.367641411
2.374887352
2.392197162
1.118341281
1.073831673
1.278546474
1.230400623
2.36205999
2.656741023
2.631908293
2.633893959
2.634673175
2.625117298
2.5918235
2.607298886
2.569489793
2.542842277
2.502755634
2.492889636
2.498525138
2.503127929
2.516916606
2.515598877
2.516543719
2.489309883
2.436139793
2.341086404
2.208934779
2.128065669
2.105952869
2.220216586
2.217423864
2.450973794
0.813465385
1.067240642
0.7874603862
0.8115854929
2.723135416
2.783099919
2.480821327
2.468643243
2.512826677
2.489772325
2.463748792
2.404392116
2.428286173
2.37878043
2.383383277
2.388017824
2.385823144
2.399676378
2.395083717
2.377017016
2.369556614
2.358367815
2.365479364
2.37375551
2.392773462
2.446184051
1.002428621
1.034694376
2.537147426
1.158771746
2.696950685
2.706355985
2.654277205
2.63391118
2.630979683
2.628027291
2.631604642
2.622102168
2.613711022
2.585342679
2.559228933
2.536389518
2.515378957
2.488847374
2.503757994
2.492436908
2.507183583
2.506223362
2.525088846
2.514767261
2.519536856
2.491171417
2.439055022
2.343138362
2.208191951
2.125151177
2.101580688
2.492613083
2.462175587
2.410716144
2.37256027
2.37814303
2.372058476
2.361174548
2.357764608
2.371454805
2.381934992
2.435929716
2.403067221
2.478025651
2.255395426
1.010121029
2.204621341
2.715529429
2.648482319
2.640837095
2.632293345
2.619233878
2.628251392
2.623744376
2.551146949
2.531768973
2.49750784
2.516179824
2.511655494
2.525332785
2.520466524
2.493775857
2.441556082
2.347339692
2.121930428
2.097424029
2.363376062
1.0666833
2.576533856
2.499356621
2.387492593
2.378555629
0.7043828473
2.622941684
2.508105473
2.526505467
2.583977814
2.551354136
2.48395617
2.577462305
2.549661204
2.531713568
2.592696748
2.578446355
2.550306247
2.555355594
2.550218041
2.328644432
2.438982574
2.527294567
2.588341275
2.408973194
2.291263864
2.543103628
2.543118822
2.638253508
2.594487249
2.565144529
2.509149714
2.630527923
2.601827296
2.563779412
2.66233233
2.521475596
2.511150431
2.566987403
2.552199574
2.540574977
2.495887677
2.558117987
2.57030692
2.553594929
2.544031838
2.526017874
2.529217027
2.546910782
2.512747362
2.525227736
2.442049661
2.497074878
2.545753844
2.284588732
2.321489418
2.47846913
2.511170142
2.59930454
2.600762654
2.605786989
2.564917682
2.626587347
2.632689983
2.557667787
2.586200416
2.589120166
2.540424965
2.446425245
2.479839029
2.586016344
2.586045886
2.535373725
2.587126742
2.546383048
2.547081581
2.573670903
2.515756404
2.579817423
2.562892337
2.580414148
2.353620574
2.337346988
2.416912413
2.524123752
2.551891492
2.553670029
2.543435463
2.594174215
2.534612075
2.533270002
2.536569704
2.630956375
2.647854228
2.55942864
2.520645575
2.651554672
2.554067897
2.542352855
2.557367569
2.522083824
2.532239226
2.519505948
2.547823672
2.568549261
2.563976721
2.588375211
2.535287442
2.58705476
2.55132178
2.569676718
2.568777664
2.562182444
2.458350259
2.423129908
2.518925766
2.518831887
2.551313084
2.569375072
2.559898843
2.494000494
2.56927068
2.499219454
2.427726404
2.516926985
2.219887353
2.282081813
2.328931231
2.34773707
2.580948188
2.570090648
2.587180701
2.592133583
2.285645008
2.285116292
2.505853597
2.545905501
2.503674544
2.41823058
2.516664692
2.490529055
2.570330994
2.594914503
2.602092163
2.628919975
2.576521857
2.569332041
2.485586021
2.430602032
2.476964477
2.576182556
2.649447034
2.602234749
2.597134595
2.556103789
2.552820665
2.584602081
2.669052925
2.068934321
2.193199684
2.5437933
2.590194933
2.573150231
2.573044662
2.581445989
2.557064695
2.517119439
2.452848225
2.514931679
2.562545357
2.526316527
2.526341697
2.494652321
2.578490761
2.599457634
2.582765462
2.661493125
2.630048373
2.596756051
2.578442409
2.606534378
2.656396662
2.544927627
2.534740963
2.533825473
2.535440379
2.351454042
2.582442806
2.568042838
2.560098033
2.645556868
2.583444478
2.521488266
2.626237696
2.505271736
2.552656951
2.605337829
2.509973202
2.277076952
2.310276895
2.373070767
2.328452251
2.523311403
2.462179222
2.594802394
2.589034013
2.577650622
2.299199394
2.480506175
2.569308205
2.534513402
2.583083547
2.527741203
2.458299738
2.378956073
2.338834204
2.375637384
2.326894081
2.251029252
2.320666832
2.5088352
2.086939887
2.132513487
2.372824327
2.565690351
2.543984293
2.517359908
2.493766059
2.490479376
2.516301073
2.542930687
2.555144039
2.550634148
2.540434404
2.53358927
2.532932641
2.536002167
2.645046115
2.580255317
2.524645214
2.519367208
2.663547787
2.230082765
2.278318574
2.478311579
2.259867201
2.346970221
2.561510783
2.575704663
2.503909299
2.245582646
2.290742492
2.570857271
2.543553459
2.398932185
2.51305078
2.478851058
2.595705595
2.634461577
2.574769543
2.524988028
2.637661963
2.631726198
2.579204956
2.595787166
2.478779102
2.437217279
2.515444475
2.477520687
2.501124392
2.585609182
2.549013273
2.471954951
2.551426924
2.558312875
2.519666111
2.514447181
2.518157704
2.386608625
2.558328739
2.591657362
2.549479459
2.650943126
2.607722573
2.561740036
2.513480147
2.561121961
2.587112857
2.542301977
2.509857958
2.544806716
2.546476857
2.508680652
2.458635929
2.481890432
2.615679635
2.630704842
2.608553161
2.391559827
2.041221606
2.162184291
2.542057593
2.58919573
2.630569101
2.320377616
2.33169441
2.554733029
2.580900255
2.581379374
2.558172871
2.517212747
2.532985913
2.169155492
2.088044374
2.593686866
2.543734321
2.631415111
2.552321753
2.449151709
2.415527302
2.55122206
2.573174654
2.508944798
2.274925618
2.266427219
2.128290447
2.257300094
2.463609828
2.422342957
2.55944692
2.587799652
2.484188066
2.571567719
2.57661442
2.56969016
2.325313457
2.289372755
2.432898194
2.566225926
2.564399625
2.584849698
2.532209022
2.535052184
2.510143824
2.499664855
2.475619356
2.512822319
2.536088513
2.568423747
2.59726884
2.577402103
2.591344663
2.375411451
2.155463444
2.089578298
2.136388123
2.289703418
2.335989957
2.349160182
2.352361848
2.585352404
2.647733912
2.623088524
2.639061278
2.531274568
2.581329574
2.518445849
2.605114161
2.434992115
2.181688279
2.303519107
2.507385847
2.213664573
2.571383703
2.54150971
2.563908049
2.559822429
2.500886335
2.227148418
2.285691399
2.623697229
2.538672372
2.375186836
2.510163347
2.469639021
2.589323601
2.64124256
2.556015004
2.46885095
2.699466023
2.693511909
2.507840152
2.574349318
2.598845346
2.540967332
2.473716198
2.442234642
2.516331381
2.475864017
2.488586107
2.575059314
2.621807313
2.453786801
2.533743401
2.57260724
2.508707299
2.515341727
2.37447016
2.558799569
2.607551376
2.550527478
2.493030769
2.558159386
2.608936856
2.557068073
2.517508336
2.495817831
2.53415156
2.580817168
2.43038928
2.542734924
2.422200789
2.447456773
2.642551636
2.425583934
2.023535645
2.137414007
2.651630849
2.637784947
2.532652894
2.5390634
2.487304451
2.446398146
2.637620363
2.519427529
2.653666458
2.51378487
2.56809269
2.543027411
2.626236275
2.434061923
2.520089846
2.563944982
2.633515626
2.579805149
2.635135955
2.556621243
2.411741134
2.30241344
2.290304815
2.413559931
2.549034364
2.596555472
2.568427691
2.602980657
2.607560264
2.567350371
2.536562989
2.566472719
2.578667076
2.605460518
2.56679774
2.516634965
2.457377856
2.402006373
2.358883681
2.340165179
2.346516234
2.350637036
2.321956329
2.288670548
2.284445877
2.446484012
2.593592821
2.127089349
2.087658973
2.171932385
2.38345218
2.541920489
2.557977594
2.56243108
2.564322089
2.560001691
2.511827398
2.513983517
2.529844223
2.548220008
2.555310304
2.554407675
2.538143987
2.531374731
2.527873979
2.527402382
2.508388629
2.598541016
2.459190666
2.184137783
2.31328119
2.548640476
2.153731664
2.335067635
2.574204883
2.553760152
2.539283968
2.507117043
2.218968763
2.268774891
2.538383939
2.352090482
2.518337876
2.461368135
2.608296429
2.59359391
2.540942411
2.44051737
2.128611093
2.47464465
2.564019316
2.569772133
2.529825593
2.459732971
2.442335626
2.516515126
2.472729559
2.482984105
2.558384759
2.718576257
2.430048479
2.516792221
2.594865791
2.504248019
2.514892919
2.360062952
2.552008026
2.612179641
2.480468481
2.552958441
2.621546179
2.551779095
2.53594697
2.516595301
2.482812738
2.523619821
2.544768102
2.623378121
2.408773663
2.644313098
2.623978626
2.632560856
2.003466585
2.123741416
2.612265535
2.620514368
2.530608092
2.593623712
2.557742024
2.40362079
2.461340804
2.558269365
2.550999026
2.547193071
2.537660245
2.546295095
2.562478105
2.642356913
2.626712793
2.263520973
2.505975868
2.504409712
2.570130832
2.590826962
2.544795435
2.575993306
2.609882538
2.425195949
2.598482914
2.579939119
2.50065712
2.450552427
2.400913235
2.362314079
2.343911446
2.348612526
2.355548884
2.344388461
2.31231766
2.301143293
2.315097295
2.381601198
2.501127763
2.610709082
2.104856777
2.091438782
2.188065292
2.513538166
2.539736453
2.553311385
2.562098403
2.561229724
2.549706422
2.528035654
2.522578008
2.533089547
2.548792017
2.559614026
2.562777433
2.560490327
2.550209755
2.539073896
2.530803278
2.525825808
2.476825032
2.624063808
2.596582165
2.572766878
2.58731109
2.524719463
2.581870025
2.525074359
2.614331379
2.587196124
2.539064134
2.5693414
2.630086678
2.59789251
2.690569495
2.517915717
2.603716127
2.473311738
2.526412186
2.492587625
2.57191553
2.645353098
2.633854218
2.254202277
2.52370345
2.507622072
2.340250636
2.163781535
2.599389754
2.644413035
2.635643184
2.537693552
2.617955092
2.43454536
2.232016204
2.832628639
2.389188633
2.508969797
2.607111853
2.499344674
2.521114511
2.579479535
2.622389697
2.556820058
2.545301933
2.478412811
2.544300575
2.630043769
2.546158297
2.538485431
2.515538781
2.473139474
2.54024197
2.664009128
2.404751025
2.400158603
2.654730759
2.684872837
2.01822506
2.462262153
2.590777185
2.650111223
2.453399294
2.329323275
2.540134634
2.605944963
2.514343998
2.518509592
2.546434276
2.555611343
2.567204955
2.5392947
2.616629286
2.460550993
2.341958036
2.566936118
2.292113583
2.224141594
2.482187599
2.557264867
2.336607707
2.600149418
2.581687821
2.551535797
2.285743212
2.334721153
2.544948197
2.512086366
2.414645395
2.586709869
2.122224846
2.383022801
2.334896661
2.571828099
2.384005473
2.630241706
2.602079197
2.548723935
2.563192515
2.538165965
2.544339786
2.547841774
2.594502245
2.60232944
2.503673883
2.518342608
2.720228489
2.565293786
2.585850648
2.661592182
2.566791089
2.67740175
2.663761142
2.629691445
2.56199607
2.518173436
2.480406688
2.397223758
2.364052197
2.347539246
2.345619962
2.353512616
2.3481552
2.336279265
2.313966505
2.312359554
2.349742141
2.423563727
2.533937843
2.090149044
2.100228001
2.20167829
2.376298024
2.490899658
2.522485244
2.54279904
2.554185759
2.549518957
2.536006502
2.528858425
2.537582519
2.552846286
2.566791906
2.575330802
2.570715159
2.5639469
2.55381742
2.545199449
2.537523938
2.532833775
2.536989396
3.106365994
2.692607603
2.735796451
2.643101502
2.396985608
2.540748151
2.591043715
2.52679465
2.630974415
2.542254345
2.578862322
2.883521031
2.346009659
2.505819036
2.618677948
2.560821868
2.728289618
2.861941462
2.879872634
2.712127916
2.567871984
2.522006254
2.557329802
2.570771478
2.664287369
2.727522172
2.489719649
2.533274769
2.305119326
2.589420926
2.528963903
2.551027086
2.488792626
2.534999876
2.633613515
2.567111142
2.519006749
2.467911085
2.508072935
2.531203733
2.676762133
2.404578979
2.395418964
2.543901868
2.754268823
2.049393053
2.07370981
2.50901125
2.694761776
2.71304929
2.550519773
2.550412939
2.632029282
2.712876397
2.333601637
2.536204799
2.535770022
2.200386689
2.52138709
2.215007679
2.498396532
2.579248938
2.35037766
2.190019141
2.249959863
2.523506792
2.580370682
2.535756009
2.556019744
2.585986175
2.540347825
2.629067104
2.571925896
2.546253135
2.926200229
2.453865602
2.676968286
2.485001844
2.426277677
2.536013542
2.566037141
2.679725563
2.623538253
2.68465631
2.121175221
2.758220341
2.535400367
2.333959402
2.41784465
2.685862309
2.639802877
2.549664036
2.561322615
2.571613236
2.584001686
2.554966733
2.536168597
2.543048251
2.544649193
2.532571275
2.468344244
2.107828217
2.605712707
2.593937727
2.382123749
2.337046676
2.294085217
2.336341114
2.354440557
2.35085065
2.437742628
2.422471242
2.54622164
2.485748585
2.531276869
2.596870312
2.539185471
2.808628594
2.856065981
3.018588479
2.962554157
2.617980494
2.477514496
2.841017366
3.034350032
2.914372382
3.050989869
2.60399265
2.512495145
2.510012602
2.569822406
2.521353889
2.811902
2.268242609
2.536058836
2.648626684
2.586363152
2.559179087
2.306397574
2.546323103
2.558288848
2.270918129
2.497895046
2.345265464
2.158637798
2.260974962
2.84476646
2.331198056
2.481676977
2.608559599
2.477881852
2.544255334
2.288993495
2.62799673
2.593907004
2.515414382
2.547399533
2.527937993
2.537619445
2.813204555
2.516552232
2.462046669
2.508869012
2.521033443
2.654627688
2.428233899
2.387525983
2.593041095
2.503176564
2.688037384
2.043159752
2.019197039
2.424461097
2.592631006
2.680391839
2.629851226
2.587587183
2.534782463
2.439998871
2.54319551
2.288105732
2.260000854
2.226297893
2.838226818
2.851702876
3.025977171
2.714852236
2.609662749
2.516289866
2.59920829
2.546612531
2.722044961
2.505358397
2.365519085
2.683310852
2.739563203
0.7279775265
1.085625868
1.133933801
1.014249382
1.41360963
1.672666388
2.196811956
0.8541466184
1.356994275
2.7521064
1.667902307
1.531220356
1.42568349
2.376877238
2.536145461
2.471891456
2.450829637
2.431580392
2.407024392
2.37991078
2.361578941
2.455979128
2.352486734
2.349719117
2.35314293
2.358137675
2.363449884
2.35565425
2.345158391
2.342903373
2.363268496
2.41618537
2.499278328
2.546592193
2.583450692
2.088052583
2.113708505
2.208251739
2.360098993
2.447983518
2.499572061
2.526554841
2.536315015
2.534260081
2.531955444
2.530760271
2.531981055
2.536510114
2.551798424
2.571496344
2.587973455
2.597662718
2.601625646
2.600958127
2.585383519
2.596375989
2.588481634
2.578627803
2.572146589
2.588639853
2.651164666
2.623664183
2.427137481
1.365343362
1.395062644
1.417163771
1.341563401
1.530547927
1.523912362
1.52929694
2.788411126
1.46698948
1.430705802
1.42853161
1.409303404
1.414950165
1.555435376
1.693932957
1.555591655
1.523364995
3.039147545
1.462807418
2.757047213
1.431442997
2.794124846
1.409436975
2.581144413
1.453808212
1.418324921
2.390021365
2.666562829
2.166588426
2.52842322
2.493545643
2.571347045
2.554339493
2.588144748
2.754071941
2.315969788
2.44902273
2.582757778
2.418345881
2.553610115
2.251536218
2.493588427
2.595333568
2.457556608
2.686707489
2.497574051
2.524312213
2.720588339
2.457557406
2.510228065
2.50811378
2.396542614
2.373133241
2.566054089
2.479895315
1.269519615
2.586855228
1.921584887
2.363440383
1.169202976
0.7074564828
0.4616941907
2.150315682
2.523371931
2.516957119
2.612825633
1.916700037
1.968483004
2.437280609
2.488033613
2.531879231
2.504395172
2.53870622
2.551814074
2.268959975
1.984195734
2.562623866
2.229209086
2.030428517
2.625795109
1.667810081
1.680877159
2.580890532
1.093967327
2.532745883
1.659229511
2.697838007
1.448318839
2.538950245
2.5579044
2.350811435
2.455321812
2.597663539
2.66392911
2.516364965
2.544906952
2.085752856
2.350155071
1.053499615
1.443689591
2.579948703
2.586527925
3.252708989
2.544430761
2.520432305
2.564118793
2.61104287
2.508084209
2.522490486
2.509107989
2.391386466
2.486659886
0.3722537023
1.511708688
0.3920773208
0.3839435535
0.3094287085
0.1486821606
0.3270498702
0.1956079521
0.4474509045
0.5234249889
0.9027888138
0.6352254444
0.686315506
2.560384186
2.27034797
2.505936352
2.094996645
2.57477747
2.239633389
1.959504444
0.308917927
0.3259604572
0.3188289859
0.2970009522
0.3070724404
0.3533024061
0.459483482
0.6076863379
2.683358243
2.060315222
2.206422975
2.562121928
2.567167837
1.98461496
2.586150951
2.004330631
2.576867377
2.21346433
2.520755244
2.514957378
2.22792037
2.513832585
2.311689513
2.510494041
2.192729023
2.516739842
2.586277971
2.055390766
2.18239517
2.540086427
2.231828391
2.578084883
1.596936863
1.913962847
2.54319775
2.237422284
2.011811027
2.57733846
2.522326647
2.248068312
1.993745696
2.588394144
2.006996204
1.634878301
2.646824149
0.5713732529
0.3601927523
0.2284486392
0.1437549628
0.1705967109
0.3807344165
0.5252212672
0.4955322507
0.6485046109
0.7331662287
2.444681088
2.441842744
2.461489434
2.552450243
2.61224113
2.533659484
2.518771395
2.501665491
2.349363706
2.366440154
2.118388615
2.207879274
2.368154505
2.358979744
2.362251156
2.355431517
2.347072459
2.561349504
2.597870943
2.363103515
2.388813976
2.375005536
2.429218803
0.9440323394
2.586184199
1.004403812
2.115017383
2.61575658
2.696722057
2.520432076
2.529334474
2.57173492
2.530141997
2.090783758
2.64848878
2.536953451
0.7833147054
0.2305003014
0.3528251313
0.2120886549
0.2827382474
0.2687405272
0.323868528
0.9608507501
0.7105471542
0.7748302548
0.5897538659
0.5337269048
0.8666045958
0.6304900592
1.601785711
0.2953240746
0.1431826884
0.1046547519
0.4983716044
0.320297551
2.027405154
2.213150266
2.602391887
1.584978189
2.20875075
2.545162364
1.587970752
2.196846361
0.3299318878
0.3465254952
0.3366211662
2.539885424
2.604182529
2.660650533
2.354749765
2.386972245
2.093483739
2.353165767
2.496444577
2.542794618
2.601492713
2.61611665
2.3093685
2.53942529
2.406579803
2.360792404
2.362633426
2.354791171
2.374262338
2.325516727
2.531050326
2.552840328
2.373471314
2.208098218
2.605555706
2.142367926
1.412513683
2.249652076
2.44541066
2.651482728
2.553745295
2.25890529
2.548067316
2.56011458
2.628200103
2.618379305
0.4088718723
2.665738347
2.339322335
2.530875857
2.665593001
2.632056925
2.230695379
2.63687721
2.184205907
2.525910572
2.557092873
0.2583451347
0.3578964844
0.3811376107
0.275659789
0.4767069558
0.2934099916
0.7557811642
0.2120366465
0.2566047968
0.526123184
0.5899327788
0.2277359251
0.2594589698
0.3995494951
0.4466647506
0.3610949149
0.6221926218
2.34534793
0.2189789878
0.2599167114
0.7783699906
0.2572785412
0.1462751685
0.1148378829
0.3407319227
0.2276763248
0.3192934914
0.2926244238
0.7071849727
0.8751648145
0.6436688748
0.06533543585
0.2676792226
0.5045461823
0.4614834838
0.3856010019
0.5007843532
0.4645742587
0.1653958594
0.4241601286
0.6464552191
0.2534349065
0.4030696176
0.5000061273
0.3677234838
0.240157259
0.2296405149
0.2843920912
0.4085919848
0.2413709959
0.2250574673
0.4210457491
0.3399399923
0.2964315102
0.2758565212
0.3932707199
0.312948181
0.4147480501
0.3876694579
0.3533099517
0.3015675304
0.3660887989
0.3144718559
0.4768640936
0.4158366423
0.5345482588
0.442350013
0.4920024034
0.5001683224
0.8479998734
0.3929704287
0.2326132478
0.1821662915
0.2351939051
0.3561702568
0.3082860369
0.4121023631
0.1774840161
0.5987865602
0.4347514552
0.5018092439
0.6299144042
0.7453902283
0.770273957
0.6971709981
0.5833826767
0.3588193578
0.04848803206
0.1264845026
0.2658264643
0.08440544338
0.2332259858
0.3092435607
0.3037299355
0.4410987245
0.3992194984
0.3060845047
0.195209208
0.1523247077
0.2255611026
0.2180324907
0.3754797913
0.5751355422
0.7888919463
0.9195077027
0.8735782043
0.3898622348
0.1962205235
0.2953871347
0.4097656026
0.4627388993
0.5067803035
0.5898990742
0.6257808552
0.893263975
0.721250357
0.2356127173
0.1977846944
0.2137931005
0.1984687327
0.3774314567
0.4249711784
0.2947181774
0.4476208569
0.360235524
0.2452138206
0.1860030638
0.1004719284
0.1356857135
0.2922216742
0.4117075733
0.6560062911
0.7739157213
0.8069235351
0.6002199917
0.8275207944
0.6197301141
1.682295613
0.1228948368
0.4053992119
0.4001801845
0.1541118009
0.5956127599
0.6547669971
0.3910674984
0.5274404841
0.2665118094
0.4653798887
0.3630873628
0.2965560548
0.9791328874
0.8757520461
0.7643240834
0.2599911279
0.1341110882
0.3584268863
0.2553907924
0.8025371187
0.5029162285
0.5107736548
0.385007323
0.8305827517
0.6129273575
0.6490001874
0.5099091404
0.5480343358
0.2757185967
0.3189367384
0.2781094341
0.2088684463
0.2737417656
0.1453059174
0.1216718285
0.2139474541
0.3245370964
0.396641049
0.4470869411
0.4291650775
0.1696699396
0.903318598
0.8315006375
0.6452513649
0.6285625491
0.3149575938
0.6659167149
0.3878072814
0.575603274
0.4799236581
0.5391120452
0.4822426767
0.4203737702
0.7809993553
0.9850634756
1.712604288
2.420532693
0.7793395832
1.540730801
0.5159891302
0.3030718295
0.2770474598
0.5795790065
0.8058241223
0.1633345987
1.280131007
0.9793622883
0.5243409814
0.2918849721
0.3857909184
0.3814103505
0.5334995003
0.6148491436
0.503719592
0.4673551861
0.1876940502
0.2155681153
0.1741956875
0.1730946591
0.1191129749
0.4852867519
0.1815148681
0.3317719207
0.170489446
0.2318431743
0.281639334
0.5189691808
0.4931353027
0.3276400095
0.5309842467
0.9137794586
0.5484783216
0.438074517
0.5897624607
0.6218738235
0.05975088441
0.7102840996
0.9051237688
0.7453931259
0.150481326
0.18857699
0.2412911925
2.085473326
0.3009190332
0.5270172693
0.481082893
0.2457118079
0.6373136503
0.2074939322
0.5417794965
0.4991352036
0.4500885002
0.263656565
0.09935012663
0.4039757768
0.2885303724
0.4502952513
1.426186515
1.39586764
0.4972230365
0.4072607006
0.4314699947
0.1604425309
0.628809619
0.1363833037
0.1061625819
0.7309717937
0.8957419714
0.03487300228
1.447618583
2.06019755
0.2408499028
0.2808418669
2.177178165
2.0719969
0.2957110771
1.209621515
1.543302369
0.639920131
0.9349411952
2.030144581
0.5190238316
0.6642206462
1.462422878
2.047165034
1.278890289
0.9390253703
0.3318428489
2.067931598
1.496977825
2.079547173
2.026031871
2.078026418
1.532507059
2.110042561
1.303623379
2.089976229
2.136493434
1.065997485
0.8902478912
2.079314882
0.6278592143
1.418360091
1.33457197
0.9685689143
2.183636583
0.06655339685
1.01378372
2.046802926
1.184685122
2.05698269
0.6601595658
2.056995107
2.091568359
1.332443282
1.510083122
1.095189229
0.5475963864
0.3726681786
2.193205192
0.7624026313
2.02112445
0.9276479725
2.114984833
1.430262318
0.3065237952
0.8841123065
0.8676850244
1.571576999
2.025134876
0.5925964393
0.7029992039
1.456118172
0.6567843244
0.2292403468
</DataArray>
<DataArray type="Float64" Name="total_energy" format="ascii">
518.1921306
531.1475098
530.6717806
500.036055
517.6119437
477.2470021
510.3474254
525.0611885
492.7604165
507.8033486
522.6843099
521.3409306
522.9170409
523.0751965
515.8489483
517.4455329
482.9928838
520.0339361
510.869052
453.0923419
476.9009415
493.4046352
519.2621403
524.230228
526.2607709
523.4097852
512.0747983
530.7976003
505.3616228
519.8106193
470.651077
517.3309767
517.0707268
486.2655756
515.0932917
511.4089359
467.8674374
849.8252706
492.4725212
866.7619515
522.1827116
521.8067141
1120.503477
989.7303113
965.9431145
1041.839736
996.9850665
939.692143
1079.992957
1020.44343
475.393087
1001.627107
1052.025058
955.2051966
1012.436142
920.021268
935.4162151
961.3985772
986.7627329
1013.707694
954.5134242
1024.868989
1048.712794
1069.327279
975.7535301
475.3488068
514.7698352
408.2001616
1017.363211
935.5624742
989.4081705
947.5487029
427.4870899
984.5460083
1057.756647
1076.338803
1023.251328
1060.282354
1010.756186
1013.994357
1091.994643
885.2603076
937.5724286
522.1600508
1018.794309
1006.783139
1039.483666
1095.694637
1046.126254
1015.744312
1024.556216
1064.710382
1072.132424
1066.831035
904.4911376
1075.915898
1008.372842
1051.523248
1008.754882
984.1210191
1103.240254
996.3542283
938.4939355
994.2915789
1073.728562
946.9411909
951.1388405
1045.342813
1039.061479
986.258561
958.6391061
1000.810205
1060.805745
949.127737
1026.115581
1044.018108
1072.259664
1157.543546
1075.404421
970.3252319
983.0016057
926.3864901
918.9005837
1061.461671
1001.948036
1031.943836
1003.369149
952.9830223
884.5180921
931.9408545
1194.84562
1033.063991
944.6879821
1032.318374
961.7314122
1006.665054
1063.349949
947.9545303
1021.297712
934.4300872
477.8123963
1025.196414
994.8843231
511.5170746
989.3413283
476.9676073
506.9757267
663.9107636
465.2846705
517.2735429
503.4530928
1078.07993
888.0468108
504.7392418
465.018038
536.8504314
1323.690759
1020.870221
987.2589767
510.8558512
506.3261853
728.9699432
741.3003819
1026.025497
468.2036245
639.5986962
512.1084393
500.3004909
485.6970954
474.2383305
481.937331
714.6265758
751.5416639
773.4654139
802.0866599
822.7985187
844.4390037
869.9878426
891.2546168
887.5574172
895.8293753
910.8708977
928.6257433
904.7364145
872.5428604
871.2139339
881.7446809
894.7203283
899.8007897
919.7553407
969.397167
995.6842468
924.408242
1077.707971
1135.976477
1295.559256
924.7691668
943.6030215
1015.002791
967.5213388
1025.434779
949.7375781
939.3207393
919.1450988
901.4237526
872.3987176
910.4312186
925.850247
910.6625523
895.2333009
885.4004211
1026.778792
726.4009983
864.1471221
842.0949426
825.0864225
799.4693297
767.0773827
728.8501124
674.3950178
714.1960771
691.2829097
490.8617607
503.8569737
511.6862726
526.3231647
560.4745448
609.287516
656.9840496
699.0553782
738.7009642
776.5601435
803.927844
827.3731975
829.4072227
834.4980543
851.6395903
841.6697905
814.3583322
836.5507891
867.5082746
928.4872271
991.453997
862.1470574
969.0941355
1272.133107
955.2889357
766.4384875
924.8829019
977.2738446
900.8957473
951.8662723
844.9309897
807.4036151
832.7874653
839.8888306
828.1379983
812.8357084
812.2797271
806.122748
784.3455639
760.3205216
1011.629512
534.4294541
652.1848593
609.8332591
571.0534098
549.0634592
531.8263046
498.265413
481.1321126
481.8014077
453.9680389
1204.63239
474.5691171
459.2352663
442.6828516
427.9062738
421.6646306
418.4598423
443.846628
486.4049269
528.7783348
579.7443167
628.2914394
666.505494
696.5227
728.1045568
789.3993474
783.6117159
797.7959811
815.5753215
914.9400757
820.8286556
742.4350055
1551.037849
938.2507679
713.8886721
920.7885822
933.6292889
863.8564118
786.4968788
780.777768
784.8148192
773.7844268
768.1368385
737.9190172
706.8071493
646.8797666
613.834535
572.3373528
884.2652726
490.5327458
497.4983507
495.0139951
500.5278453
504.3044085
504.9170238
502.2796385
500.1196629
465.9153941
443.5162679
946.435534
492.2079428
483.213758
472.2819583
439.8099608
431.219551
431.6683681
424.9266593
442.1654442
479.0339227
597.3663622
671.1975501
703.3353106
732.6275899
746.4544671
793.0627752
847.2371102
759.3797555
686.0004472
1376.418793
953.0588996
900.4614857
835.222004
819.3651302
736.7858792
683.5958885
657.9974238
620.769437
573.0221184
516.9175516
487.4515458
481.8703166
483.1370722
693.6743224
505.6888939
512.2696992
516.9436314
515.6000084
502.3997239
479.2659514
455.1419762
425.9291285
407.6433238
938.7699522
1333.447071
485.8940601
460.566461
459.8543007
462.9732723
757.3386188
772.8647795
539.3723624
700.1920884
771.6595874
761.1937379
681.3132669
951.1737279
824.6859365
797.2256393
769.0700378
596.5123149
513.3044835
677.8497017
508.3795201
521.2791784
519.488962
500.9650887
448.3658308
457.8600585
455.771379
1326.688519
939.1334563
725.7637529
690.7561158
670.332295
491.3860355
460.8441163
448.1537767
466.0705878
429.320649
459.8949739
477.1771948
531.9530249
452.526507
472.9958993
469.8497318
679.543818
659.1369171
702.1627374
688.1515382
700.440038
720.1537365
710.2978974
644.2956167
503.1831223
498.373524
507.3859682
509.979035
502.355252
515.9498924
517.9540763
518.7806308
508.8309439
417.1906138
474.4076225
461.2299662
462.1112848
657.53418
503.9283645
933.6818893
502.8613992
510.3540186
513.7332613
522.6599179
519.789938
511.8801794
476.048747
412.2846813
501.9672902
495.8075596
503.2151476
482.5762456
466.9334749
469.9720971
460.6397321
471.912289
467.404128
483.8310674
469.0302808
613.2670128
598.9948849
466.2987535
676.5988966
808.2155143
778.9788755
643.2784624
567.9749435
501.748369
501.0883815
482.4829432
505.1811095
503.0052005
512.2773319
520.1497332
518.2547185
511.6278409
500.5251463
445.3151921
423.3091991
502.7832769
459.3771563
465.358
462.0762961
460.325129
469.083462
479.0009352
932.0771621
923.8224884
814.6334735
686.6630113
597.6145537
512.3192695
511.9596808
510.169735
511.3195331
511.7735155
518.8303212
409.4753823
495.0436368
479.11286
477.765106
463.4575749
456.7048038
456.4073888
466.3296525
463.7236314
471.7798885
479.1537053
483.6579464
475.8035804
479.0113038
472.4424186
462.9634613
460.0961096
614.2871767
689.6601639
1321.678484
904.7943023
722.8480203
509.4474909
507.1164441
503.070864
518.57235
507.8312453
510.6262233
509.1684344
509.0532263
507.6466877
507.6058333
507.5028516
507.2505919
509.2441304
514.9825289
514.7799267
518.1222469
519.1525252
517.4550278
500.80134
475.206279
443.6079226
420.5329571
466.5705277
658.8697081
554.1062177
897.5061231
1319.230996
629.3286348
511.7939708
409.1803422
493.4274502
477.5760522
458.8419778
465.3053361
456.0610221
456.1252426
459.2058211
465.2549567
476.1283749
475.9464287
481.8277196
469.0734575
460.1501558
467.4464764
530.28184
465.4729434
583.8238467
895.8979558
731.2340624
533.1121796
587.8768806
512.8400411
520.5974769
505.611639
520.6219523
513.4930236
510.1167782
508.8971213
506.935286
505.5810138
508.3193957
506.0657424
507.2929983
508.9342998
511.5022628
514.7989474
518.0482858
519.690166
517.6274362
512.4491544
501.1154086
444.023682
474.928574
443.1624393
419.7409209
409.2574849
469.6560021
472.3798106
1315.64365
630.5622825
879.3507343
492.6363573
502.5662531
477.1674024
458.1657632
459.6170756
456.9521247
456.4168295
459.8183819
473.2043754
475.989699
476.3324976
478.0696255
471.7737378
467.9395832
465.6826882
459.3143775
466.9166853
466.6411574
473.1453799
433.911184
522.240372
892.6794756
557.4525376
488.322691
525.699853
520.8602691
523.8878125
514.3950227
515.3206498
510.4851163
513.1383501
507.1622975
505.770924
506.0926543
506.0539161
507.3394646
509.1541349
511.6382891
514.4058517
518.0085171
517.1602703
518.1471497
513.1247727
501.2295654
474.7202097
442.601016
419.0910843
408.7220928
462.1883797
470.5251012
902.433492
916.7036847
1308.642929
878.7234685
505.968466
492.3162194
503.460764
458.8891306
456.2063537
456.5422158
460.9566345
467.0746177
472.2910103
475.5176269
474.1636648
474.9632002
469.8349501
467.4769474
470.0417872
465.2222944
440.3527709
514.0885411
521.8233471
521.8209732
526.7512823
516.5923311
518.7297051
510.9069676
514.5934188
509.8619657
508.1247673
505.5590665
506.8147278
506.5693041
506.2632276
507.1934254
509.0353329
511.3638156
519.5604475
518.5877815
501.1515113
475.0070895
418.2301755
464.9563383
475.9794806
470.9657161
472.5076048
466.502012
463.5250281
1297.553841
518.6899921
517.6578421
491.9542705
505.784405
476.2792691
464.2626229
457.2506054
459.6412778
468.5360602
473.4429557
476.0046596
474.8417235
473.9242129
466.1366306
465.8054948
463.8282127
467.8212611
465.7995072
470.5939022
466.1950739
522.1268499
527.9156078
525.006906
521.9914129
517.0900894
515.9333094
511.359858
509.2829394
507.6257702
508.6957115
513.8004581
519.7254083
515.8866292
501.3161148
505.3913363
470.0336034
454.5055011
946.7656195
930.3174344
1281.154792
1259.352939
902.2477097
486.1122592
520.7527323
516.4233428
513.8242898
507.1289894
513.6015859
441.9414057
440.9450121
417.4017441
491.2904601
488.5420218
475.1828
463.7774861
459.0032455
456.5616554
457.5297621
463.814489
471.6519438
474.3335412
475.9318541
472.9765006
472.000972
468.1072911
468.7767117
464.3383402
464.2243148
464.3830765
463.9571171
463.9424616
466.6429485
529.9053677
541.7572809
537.6173164
559.3292581
486.6097993
525.7795168
520.5064542
523.0394578
522.2701387
518.7965829
513.0099389
515.7000587
510.6669932
508.4318058
506.3898223
507.0371747
509.9484182
513.1568138
516.5751576
518.802428
519.0928701
514.2566808
502.0504015
475.4398586
439.9814688
416.4195691
407.608825
446.5473535
450.3628027
480.3881656
941.5194568
1230.200009
910.5656911
909.0231532
528.6407705
520.4589171
490.1091779
504.8297106
486.773385
474.0501421
463.6538511
455.100216
457.761516
454.8414023
458.9053101
465.7675048
473.1858521
475.0472447
475.3022472
469.3655538
466.2712397
463.5347536
463.6241513
465.5398871
469.2437349
470.1334148
559.2102691
551.0839711
487.0957092
578.9536594
516.7552094
529.9773658
526.8367622
521.8606461
523.950305
523.3777357
520.8855333
518.61061
517.9305452
512.2190597
509.4428332
507.9723115
506.6531853
508.377807
506.9666624
510.3632562
509.6102949
512.5100997
519.3390799
518.7711916
519.4537401
515.1612625
502.8730826
475.3908034
439.0628396
415.249067
406.9444625
503.3178721
462.5772472
455.3118972
460.8023943
468.0012301
470.3939974
466.4824284
464.2178643
466.4412335
469.4939604
473.933867
474.453335
476.8998676
457.4813514
1193.686999
490.3004417
528.9929251
516.04466
527.6623783
522.9282897
524.5722877
522.2926732
520.4708657
508.8740277
507.4448915
508.1326703
507.004571
511.8730498
518.9494134
515.1194845
516.0909075
503.7439339
475.6536754
413.9180408
406.291329
464.4293046
599.3855593
511.4895378
472.8758226
475.2866093
473.7565213
941.9999455
523.7584032
507.9222905
518.3704828
514.1376221
522.8192161
507.7984364
493.4040517
517.1895677
522.2962796
520.5532577
530.3004776
518.0820716
522.2662798
511.8327481
458.5090686
483.8047405
512.6437746
518.2709519
493.3946297
460.7731436
517.0249173
517.906244
522.043306
526.4435572
521.9041157
524.0357551
516.3217526
510.5705521
506.7189579
501.109276
505.2096173
500.0035463
514.0250916
520.7765438
524.6892569
490.6860166
513.974766
529.2777562
519.4224638
516.2547995
522.136862
522.3820586
524.3975725
518.7239801
518.0894699
509.2597729
510.5223378
513.7987574
464.5490976
455.6035726
494.7982336
501.7942468
521.8875591
524.0933006
525.9911839
515.2112943
524.8360274
528.0170387
524.451619
531.9460564
530.4429025
513.6055746
502.0496044
510.4350412
523.1031937
518.104633
507.9644854
519.8050226
518.1641154
518.7106824
531.5052193
517.7283794
519.9524657
516.8497868
495.4928498
459.2728245
455.8238837
474.1303713
519.9631377
522.2833848
522.6844854
522.8485519
526.6071465
522.8403627
522.200179
520.3872702
526.8929509
528.3030531
522.1846488
507.0369955
523.1979927
523.18261
522.5268307
523.269279
522.264362
522.8706719
521.9673563
517.9245368
536.0071561
528.7272687
518.0621041
514.4490708
519.9966546
516.7566514
515.3685877
491.8879277
490.450067
489.7362114
488.7489675
508.8963909
510.3280183
520.0109824
522.8705646
521.0505109
501.0165278
514.669827
498.6958737
490.9481351
505.2263294
449.0494335
466.9446825
452.7384232
459.8157577
513.195298
524.453889
523.7379459
521.5577369
462.3137838
467.0519281
499.9045967
513.4886155
510.8313449
507.5222024
520.0923401
523.010959
521.4068531
526.5286064
526.582484
520.7362327
522.7317021
515.1082386
497.9205494
493.042052
503.5371148
526.5031987
517.431871
515.0054842
510.2853039
507.003986
507.3690007
506.7032263
500.2592641
405.2162254
437.2646757
519.1232395
524.7760666
531.6634542
517.5660366
530.545376
519.6827534
504.3058504
491.6280272
505.3674933
513.6375539
525.0553598
493.4988022
492.4622792
495.2725555
521.0088889
517.9159053
518.3692764
521.1846686
526.4825856
512.2455089
511.2834101
501.357149
515.066848
521.8695721
522.6098253
518.6832924
482.4299399
520.4077039
525.182115
521.868173
528.6793338
517.403548
499.7966732
526.1839313
501.6741071
517.8664173
521.373975
514.696291
439.8083246
452.5175229
470.2857826
475.9196476
512.5627285
497.3831372
530.8526394
517.6632902
518.0849038
461.7059351
495.3283678
516.4588881
516.9554156
524.9487947
503.0679916
483.7590428
465.1384249
463.049148
483.9236811
473.1971526
447.4308895
460.4058818
500.675996
400.5652576
418.25884
481.8708567
515.7775052
512.5261932
508.0463024
505.5405437
507.6059326
516.9302998
521.4141439
523.0735837
523.1910025
522.9012164
522.4408354
521.7556433
520.6843365
527.9211944
495.7762827
494.1905714
506.8600937
523.5806669
432.7638062
466.4777965
491.1759006
430.5605333
461.7920226
514.5382386
523.2483009
502.4259255
427.2083567
469.3321997
505.7948774
512.8723626
506.7010634
520.2696385
522.398144
526.7047634
520.8950118
513.3497565
510.7412348
507.954426
489.4616579
522.0234351
523.5805335
498.64269
494.7338557
505.5074751
503.3303131
513.4728893
525.7702985
493.710403
499.629774
513.0118612
520.023143
507.1726269
525.111582
513.4438908
488.4116594
488.348122
515.3201803
507.2045866
501.5780735
521.7114734
517.4242555
513.9782003
528.0535537
536.0648438
513.9049559
521.6175685
523.1722076
523.2551978
508.6664419
504.6405507
509.603144
517.9412751
517.3400855
521.7817399
484.7941724
378.7421127
433.9809053
519.6513378
518.0415289
525.2868397
449.2525325
455.5041483
523.3664933
521.3249747
521.8416221
519.577378
521.5452865
521.648079
430.8007597
397.1305528
510.5434328
513.5874091
525.1708963
521.5783749
498.1423879
497.3585405
518.9779795
528.0107993
510.7409186
462.072771
447.6840924
419.6484933
454.2914333
490.2395251
487.5661904
514.7971014
521.7359452
507.8093476
519.0312508
517.7988683
519.0043617
473.3843216
460.2347452
485.6293908
512.7309075
517.7067552
523.7070417
522.3213161
518.909356
512.4624451
506.5631658
505.2167355
510.5680043
508.1162445
517.0363688
519.3012222
520.0802338
519.555757
481.5955194
427.1476627
400.4560162
414.1143445
450.2922228
477.8437027
470.886219
459.0005297
517.2380772
528.3895042
524.2300101
527.3578191
521.8286999
496.2888178
493.7494636
526.3814893
498.3124448
414.3487546
472.2469944
494.0145351
414.992829
516.6696434
522.2977383
522.6618458
520.3116688
502.9123648
415.6139603
471.2020176
510.4986884
511.5920964
505.6515539
520.3275768
521.7970896
522.4860506
520.548876
511.9403396
508.3661702
511.4835254
489.0591133
505.1941777
520.2662534
522.462732
513.8049124
499.9647309
495.6985079
505.6047568
503.3280938
511.8252043
523.1182925
496.4893596
498.7424399
512.0236777
520.1688032
524.7743315
516.0274878
488.3265
485.4386966
514.4278112
517.3967283
512.6145494
527.4358117
537.1926939
519.99102
521.6578885
521.0420523
522.532076
512.628988
504.4410906
510.7383765
507.7476609
509.1824178
526.7269436
495.1464525
370.177063
434.6106457
521.8919871
501.7030708
520.9211391
512.324739
507.060984
504.3421038
517.215363
499.3418845
517.8513162
505.9375378
509.5039547
506.5467196
502.0493472
472.4584078
503.3486509
522.6155763
525.4977604
516.1686279
527.044065
519.7110998
493.8444243
468.4017874
461.5841067
483.2265369
508.7824849
526.4884916
517.3861778
531.586585
531.7777387
523.6820729
517.1024123
523.2387658
496.9124959
521.5861191
513.6072477
501.9843219
487.5360396
472.5972365
461.9739856
459.665217
467.6689619
475.2032683
474.169173
460.7505275
450.3437164
475.3106631
504.2347802
412.6209285
401.7634291
431.119714
481.9500069
514.9861106
520.3937556
517.8553569
514.5775975
511.2951089
505.7402239
509.4201552
514.9892207
519.968925
521.6503272
522.941299
522.9892947
522.5099141
521.8783352
520.9666633
493.7926609
525.6406065
498.5599863
400.3569231
476.7125736
499.4173343
396.3393212
465.5758125
519.5396841
522.2521236
519.6456497
505.2738284
401.2052454
472.5493035
510.3210024
504.4947138
521.4157524
521.1155031
526.3509841
526.2662796
511.3419856
506.5820495
409.6086488
504.1287438
520.1629773
521.8473828
513.8928538
500.4772544
496.4785146
505.8201755
504.1430667
511.4124149
522.6338373
501.4550149
497.296823
511.0778037
520.989604
524.3991131
518.0796786
487.9198084
475.8949438
516.026628
511.1629866
526.7298727
538.6625577
520.4579101
509.9496515
522.2874945
520.4580448
522.2911475
523.8493135
514.8909378
507.1042584
517.8290225
526.1082191
509.4877509
358.7174201
436.4614771
523.5254737
527.7286449
520.1875977
526.6767227
502.6968272
469.9725128
486.3566265
513.6505446
522.0833751
523.0966582
522.8078566
523.702555
516.0184467
528.097931
526.0270393
451.2516522
510.2799567
510.030877
520.4061884
520.0242882
519.0913603
520.8073844
527.5873356
485.2594449
522.0848836
517.4173114
499.2029958
486.7440415
474.0823375
464.1563801
460.2093694
464.8521432
472.9461335
475.2567877
469.4511785
466.6724955
450.9457338
458.3085468
479.7735717
504.9106204
409.4448068
404.7378208
433.6154963
512.4936527
520.2082519
518.5060871
515.3285829
511.8359819
509.692589
506.7151656
507.7586583
511.9477397
516.5770382
520.8866515
522.7156625
523.1082642
523.1966279
522.9992436
522.5822987
521.9506964
506.5495861
533.0943209
529.6133631
520.1131006
522.0176164
521.4863298
517.9593547
504.6512384
527.1728111
497.7087625
498.5066535
523.9384243
531.381436
526.1457242
535.0079855
511.2111716
527.9244687
504.452528
506.393017
506.821499
524.8288501
520.2419233
510.4479953
474.6540079
520.5848967
518.8112388
467.5023722
383.728553
521.468623
530.8735606
517.7341051
509.632688
502.5009247
474.9826152
420.1324092
509.2939162
494.0701996
510.7748468
520.8931228
523.8802099
520.1416347
471.6777935
518.5111219
520.9159476
518.2198018
510.4386634
525.9040497
539.7208886
521.0744888
508.0950947
523.2090732
519.9529049
523.7495706
518.3882407
502.8213045
505.9747843
521.9997077
517.2627218
348.0091942
425.1094404
525.5792837
520.4932094
520.1865518
502.2538689
508.3356436
508.4296608
508.8702246
518.9706052
522.2260338
515.1942595
510.2581282
506.841735
503.2844601
479.5828393
467.459499
503.237117
478.5715434
382.4090567
501.1515298
520.5265357
459.840943
528.0133897
524.9042413
519.1135885
467.801634
486.9290361
517.518716
522.0586221
503.9615246
523.9974845
438.9285413
481.072244
454.2485883
517.5875098
469.348616
527.4034763
524.9270097
523.1913124
519.7050494
519.8424071
520.0717045
522.6192496
528.9761646
522.2278088
491.7911386
512.3151393
533.7747923
474.4182067
492.6180782
528.6515678
518.9341186
518.9557664
498.6748519
530.3890528
516.159283
504.2772977
495.0388506
473.8869839
465.5010439
461.2123605
463.8764043
470.6984135
474.6103474
473.4441677
464.7709056
454.3484602
452.5600277
462.4147354
481.4004437
407.261271
406.9762748
435.5315812
479.5265855
510.4963003
519.3056138
518.9002573
515.9583271
510.1194322
507.6505818
506.8048408
509.5789425
513.7245869
518.3675661
521.4861947
523.1217695
523.5907547
523.5773905
523.3293848
522.8792649
522.6224727
523.2591177
538.0014419
524.5458881
513.1271092
501.8975134
504.0138603
511.2632044
525.7619554
522.164246
514.2670731
522.5284699
521.9636292
514.0007689
488.2882577
509.6723067
522.9571995
505.1055795
503.1356355
518.235847
532.4189363
525.1077564
508.6173069
499.4180551
504.5395441
508.4583723
519.691305
526.4150455
522.579898
522.1622916
485.6417741
524.9878414
519.3248366
519.7725843
507.7753644
525.049772
540.5224543
506.6896425
523.6518027
519.7038416
521.8876166
523.5024759
519.6790998
500.6545905
504.0964226
520.9646673
529.6729331
335.9629653
428.0838476
415.1078761
523.2000317
525.2698926
524.4197093
518.3182434
524.9617121
519.5982421
500.6066438
510.6910664
522.9628029
360.5674827
511.7491966
382.7731219
518.0957106
523.9758004
470.9669768
366.2293862
357.1633746
507.9580292
521.1883949
507.60533
512.2729285
522.3367719
521.5756792
521.8681607
519.6704748
511.3866676
532.2905846
497.6393379
525.7370453
507.3333886
495.9764168
514.7426126
521.7487151
524.4439718
500.4213481
514.7633405
494.6251847
504.6136678
468.5736606
474.417136
493.3288551
507.1330007
519.2223849
523.6772662
523.9277993
524.2510437
519.188232
511.2709476
508.3336526
510.4167197
516.5483155
518.8509601
508.270981
408.8879853
505.1264356
505.1238157
454.211512
453.3862257
456.6293674
470.4304171
473.2885913
462.2864478
484.4287168
481.0393107
509.7464473
497.4752759
509.6277738
524.8614971
513.6648036
533.6148315
538.6245532
541.5655443
532.8515763
483.2186036
433.6458196
483.7350464
492.8788273
504.466742
505.2202576
497.0878529
490.6204068
492.5153245
495.921794
516.576267
508.5795429
493.1933924
509.4102539
521.9422238
523.8999851
524.4484473
497.9526536
506.2842801
503.7823626
486.736226
517.6660865
473.611586
336.2555722
480.0378069
522.2226819
482.2294529
505.0110574
524.2284114
520.6334274
523.1989823
480.5835695
467.6669708
521.9113048
517.7040554
520.7241701
524.3286521
521.6882359
506.8114573
523.934614
518.3301839
521.8979735
523.1338813
522.5218748
493.3549629
499.8523308
521.8715951
516.4565896
527.6677997
314.6740663
408.0368808
500.9256251
528.4746792
501.4589846
522.6742052
520.6225804
524.1415129
514.9576994
523.7634568
492.2271201
485.8863806
330.3072362
505.5114095
509.568839
507.5663634
468.1278216
422.0715525
503.7006356
534.727578
403.3122848
482.2303264
512.6188598
503.5340181
513.0497646
486.4678055
669.311597
583.862186
602.1896274
601.5484318
525.8555409
490.6986057
503.0756723
650.70313
559.9890837
520.7671975
500.1663175
512.4030687
498.0799462
504.924149
502.7632251
496.0339764
489.7341005
483.6308233
477.090697
470.6869194
465.3921817
489.6952995
463.0186928
464.1756463
467.6857668
471.3593664
474.5384379
473.0306881
466.834813
458.1162538
453.3348637
457.1824682
470.265781
484.2048793
504.8541443
405.9306617
410.691091
437.1937115
476.8527829
505.4759655
517.6592646
519.1654087
517.1538986
513.3286095
510.7134637
509.0245325
507.6252423
507.5002403
509.4029261
512.8036573
516.4993304
519.7088583
522.0574515
523.5707707
523.3979201
524.3596574
524.5037373
524.1537832
524.2425385
526.9698556
531.2353528
521.9058487
504.1338939
544.7520531
563.3477031
534.2850111
530.6081939
513.1838962
518.8327544
528.872852
502.5465777
523.9082789
516.36437
521.8022704
525.2429524
531.6981522
525.5861244
495.2513992
508.5292304
519.2989196
500.4547113
521.5502892
496.9432455
518.2791261
490.9320155
513.8951017
490.4275382
513.3281679
506.4029815
501.9500835
525.6867374
334.6886162
513.7538096
516.8414886
524.6223347
508.2424127
513.408124
525.6249191
472.6216905
492.5379094
525.4024583
513.9736956
524.6697187
468.8454669
425.3632743
520.8697591
510.9299022
481.644288
513.6073868
521.3387088
485.8248812
514.5327639
522.2104307
512.2180801
475.2879797
488.8960058
523.5824732
513.6608319
567.3546731
520.9071779
273.1564808
362.0590402
574.6939978
659.4131307
771.6697356
492.5011164
523.4449511
523.8728038
523.9930566
368.338505
283.2665308
510.4870129
517.4008917
523.707875
515.6865787
523.0537077
524.5275626
466.3503745
286.0351788
514.6143512
477.5070513
282.446844
517.4009893
523.1488448
509.2006238
521.692726
597.3838158
519.4906436
515.8623286
462.9730214
528.8605338
504.5491423
514.575592
480.364583
499.2940826
523.44071
505.0838723
524.3612819
482.546248
406.2470855
468.8216635
543.8593435
512.5212628
524.1318597
521.8636369
504.6171417
512.5408924
511.2372457
510.5967555
519.9859342
518.1816981
519.4216525
503.9778124
472.7439743
490.7226729
847.715125
532.0100978
841.4781794
845.4388501
853.5575322
884.3312112
904.7405201
921.9666273
797.2443301
807.6393018
636.7897201
832.4618634
850.3552272
525.2473019
403.1160329
524.9390907
431.6222267
527.6469708
478.410019
405.9515511
860.4902766
856.3423441
855.6076389
856.1223675
848.1122198
824.5239696
782.0344803
731.9901798
527.5074351
416.6807036
422.4941324
526.8615431
527.3311835
403.2447663
491.2038771
337.3126553
524.6665821
471.9787518
523.6698684
523.8574692
441.4119825
522.6016821
393.4997241
524.7896515
445.7502137
523.5730039
525.6237177
396.5565109
429.9834426
525.2344306
458.6672465
529.7655542
277.2333215
278.9826729
506.6761352
477.2523002
421.1522683
524.2055859
524.220489
434.3766048
401.517515
525.0887518
423.551939
208.6017824
525.7889284
751.2558368
795.752246
983.775994
1025.866389
958.4025396
833.061052
751.4624799
919.8071337
1006.591466
890.113828
504.684703
459.4949065
465.0661832
523.5152153
524.2354754
507.1303644
509.3221365
471.1996519
474.3692939
470.5873549
412.4051811
438.005158
478.0218226
463.4974565
456.2121853
467.151279
463.8004149
525.5166437
524.6311552
470.6325014
472.6023607
468.4722128
483.6104025
1151.500759
514.015433
559.4832156
493.9559745
522.108657
531.9546323
507.7163741
507.2407576
515.459411
517.7807013
376.5397618
528.3899657
521.7368461
645.1418236
918.5486539
930.1559248
908.2718792
881.4183524
877.4976122
866.1793732
621.082217
871.4337681
1064.678902
824.8219481
874.2536928
1110.339701
924.6921738
207.8600214
979.9827716
1032.993983
993.6887506
753.3358753
841.3629562
436.6854754
435.3555976
499.9829642
201.0646611
475.7068973
516.7675377
204.7291502
481.2304152
857.783765
842.6216622
848.909302
508.1541712
524.2132264
518.6573372
463.4617946
453.6803549
406.0533055
476.1112131
516.9325702
508.1943884
517.2323162
523.545298
466.4150419
487.3103169
477.4809924
465.0531205
465.8108731
464.5431192
474.3508523
460.925615
485.2113041
503.5738537
474.4130449
436.6847412
522.743795
412.3172931
532.1592661
485.0132524
518.2414824
503.0603828
523.0266263
479.9232074
525.8867497
522.528819
456.6624809
528.0294606
820.0894111
520.7634987
464.1923751
515.1505014
518.8191508
527.4717423
449.0950668
526.5546544
390.8876934
514.2558521
525.3397641
208.1918278
171.759213
191.9753716
199.7786498
179.0078804
174.5405795
171.0663107
162.3065294
169.7091854
176.9848718
168.9455651
168.1511886
170.7075483
139.6858997
143.1429722
167.2623837
193.2681165
287.5829273
185.609155
173.9765408
218.4092354
192.7850561
156.364446
181.0759395
176.1223073
167.4155928
153.2369849
181.9363377
180.2860641
179.3056163
168.7519117
186.8865518
179.7844622
190.6501246
204.6026974
150.9962397
154.8254379
187.4287785
195.9108966
184.6181646
164.9856814
165.669709
208.3099913
193.9639506
176.0560341
190.8042218
203.4889452
210.7208184
167.6967019
184.6939933
197.9643939
166.8193696
197.9217558
198.6633604
188.1388194
169.0822992
177.3979706
164.1909688
164.8482261
172.8245886
186.6008238
176.2916657
165.63923
140.6137843
140.2540264
159.7604132
172.3523367
172.2094016
172.5148505
171.8113386
167.470965
170.7259014
163.9915371
165.4151079
131.682481
136.959039
154.4300452
152.4538151
180.2290436
179.5785243
190.2867425
199.1804739
209.7004854
223.6158929
235.8838808
243.8874335
224.4521237
171.4813081
155.6403111
174.8474198
145.8410112
138.0815735
140.5801382
144.0194166
175.1735565
178.1065814
179.5574842
173.8355246
172.5272062
171.3092813
171.2175928
167.6329759
169.5195617
171.0329549
170.8449275
167.1264274
169.565569
169.7387837
179.4337423
179.0951075
191.7693106
179.5175701
213.0540289
215.5966596
257.2529712
266.6354872
211.9608867
168.0869598
163.7715087
141.4277425
132.9235915
148.1148342
157.2836523
167.3676771
172.1383516
177.694423
179.261592
174.5781743
172.1332706
168.8461029
167.9081272
168.953567
169.3346904
167.9851104
170.0428571
172.8720176
232.5064672
227.8565278
188.6233906
172.6809653
189.0649776
180.9217348
192.5315373
189.0819196
131.2758285
151.4042667
176.9216199
189.9107607
191.7218989
175.3852591
172.316075
165.4190418
168.3782482
157.4889951
184.9376678
158.5508427
144.7801818
147.7628969
150.7450323
158.712155
150.6990766
184.2231659
170.8970335
179.9929164
170.1329564
187.9818614
177.3075474
192.0071825
197.9426949
193.5184281
200.6119977
203.1405957
207.5577054
209.8825443
205.6804517
204.5448019
217.1996005
192.2786518
201.1007908
214.1043384
208.912502
192.6152345
191.9849906
184.2574709
184.3117602
150.6024679
166.6785174
168.2761346
155.0891541
164.1013469
157.0458752
166.5589413
238.0182423
266.4725907
280.255995
203.5605944
277.8782451
182.6282674
181.3466674
175.831485
222.835204
218.6153265
174.3553668
177.2794723
171.2293794
163.6427265
149.4208927
155.0261794
173.3810044
196.7239892
172.8896942
179.4085401
188.6613568
190.2450273
180.4501575
188.9435676
196.3721107
178.7125304
236.9291578
182.5650142
185.4501928
204.9791324
167.7522247
146.448213
220.4887029
258.5150853
188.6698216
205.3368578
223.4911017
167.6747028
152.9627689
133.1048741
179.7166677
132.5867164
160.2894839
132.0906572
150.3501841
182.7040657
252.0018933
202.8150679
268.2972644
198.681318
163.9438261
150.7262714
180.5275646
220.619726
129.3200759
194.9902454
167.853368
181.7358056
137.2732891
138.4600744
152.831008
161.9358021
196.9649357
294.5803061
276.973923
188.913282
177.3362422
231.7692243
132.3216242
185.7991534
195.9353123
149.9667738
146.4188137
206.5661639
218.3725675
326.1850101
414.2329756
186.5207426
193.8390172
420.4505893
418.5418406
183.1747367
251.8293816
226.7641569
152.3613576
247.363736
397.002039
142.8174443
145.8888011
294.7896527
409.9418319
254.3670926
211.1554877
188.0782111
416.0313767
289.6161484
418.6047753
418.0671997
418.6507922
279.9965347
420.7765451
215.9182408
416.5419409
416.797887
202.9189171
210.2710946
420.3032717
194.433873
329.5061802
248.1888979
225.6065577
414.3685564
182.8402838
180.5497584
410.7709487
181.3786862
415.618219
177.1770835
416.8347396
414.5349461
268.3992601
227.6719541
216.5155492
205.6522295
206.0021605
419.9684086
146.0509043
415.4560567
223.3087502
414.9541828
279.1257952
224.3969901
218.4304908
214.1187646
269.0328224
417.2158312
262.6315596
141.9742573
321.3476981
182.4487627
176.7083661
</DataArray>
<DataArray type="Float64" Name="temperature" format="ascii">
72.27348742
74.38498971
74.45289852
74.23472327
72.39902833
71.74542345
74.44557649
72.01095383
70.54375688
73.85786374
74.25831539
71.79143849
74.98490554
73.8872875
72.08970907
72.03884705
75.40684341
72.92627138
74.06889305
72.39025647
75.17534642
74.92065144
73.75852834
71.61307427
72.85271557
70.8755332
73.08649039
72.88922781
72.12399631
73.0334711
74.00144909
72.39344686
72.88885536
98.11537503
72.46131972
72.64069598
87.34156957
331.8942298
77.55694011
342.3251514
74.80306255
72.46816047
447.7618926
373.7068041
374.9855824
360.1204646
293.7267537
333.3931501
415.337893
405.4319389
71.21337687
317.7138146
411.2547688
369.875269
402.9116522
363.5726352
367.7568077
368.3812165
374.7213104
401.9833257
337.7788083
406.120882
343.7703676
414.1304436
342.3053897
75.13806754
71.27019938
72.69431236
381.8789903
368.1570345
364.6082222
257.965464
73.82277234
372.8382345
385.2025665
382.8848534
406.0975897
412.8242539
398.8455118
403.6742755
415.503405
310.2630402
307.4991603
74.11489225
404.6740577
401.5028651
408.7611064
292.3492813
409.9605958
331.0044771
351.2156777
413.4987526
415.4837602
414.6837641
311.3169884
413.4588073
402.3821651
411.6236373
401.0999076
355.9170479
280.089378
367.417901
288.9997752
381.0266556
428.2589832
375.5180927
363.4045247
409.60878
408.4457568
318.1441439
328.9862073
350.3190108
413.6218226
370.8966279
406.360328
385.4816546
413.9727156
453.1337887
415.5618055
350.6204038
341.3821948
366.3204932
366.2119321
323.605146
392.2206505
405.5706706
378.4602358
319.4222489
309.4726508
369.0304232
461.3331373
407.8345517
369.0718169
407.608317
373.1650977
281.7789629
325.580877
269.9560772
304.0356644
371.0398177
75.69859826
381.5602101
363.2996146
74.38652059
307.3492448
68.8424383
73.535592
84.49316431
69.85976432
74.94489619
74.43281979
308.350157
316.6111547
73.65471807
71.23091109
76.98388806
352.0307382
289.5276033
364.3476618
74.72886449
73.93832429
147.7847717
142.6669988
267.5646904
68.11031534
129.2534775
71.45591615
71.2259595
69.92449905
71.41477564
69.92704141
270.9090397
286.1576017
293.6706084
303.0576182
308.672672
313.9513895
318.9343536
321.346166
313.4508152
307.6650054
304.149584
300.9905983
282.7819395
268.0643655
259.3046011
249.1865282
238.5321589
229.6752912
257.1750035
348.4318751
398.0331005
344.4717513
392.8910127
449.7584284
464.2478748
352.3022579
373.7005745
377.8792681
266.3100827
255.3966209
239.2168405
251.2959199
256.5120644
264.7418159
258.8409055
276.989053
295.5669789
298.8882312
302.2672297
307.1667496
383.506557
238.3068151
317.9023089
312.839868
307.2546864
296.9181859
284.1028169
267.7018446
239.0994258
261.393143
250.9763399
135.5346768
146.7737358
153.1672904
161.6563881
178.8833484
200.9408643
219.1885223
232.8007816
241.482745
247.7824141
249.6203275
246.6658567
239.0944835
231.3462507
228.5637784
215.8995987
198.9220138
201.3151381
222.2344521
300.6909666
390.4775049
327.473228
361.2073258
480.3306197
309.0300019
302.9047157
368.7495582
336.9958369
232.6669862
226.2684917
200.6156846
196.3411509
210.3907428
223.3797513
225.8155863
229.2310785
237.7049678
245.0648242
247.0311346
244.7900008
380.8550773
124.9452403
211.1267347
189.1655725
165.4533291
150.2774667
138.2385651
117.83784
100.7869363
113.6304673
102.3129504
420.8623106
84.52046904
80.20334603
75.93003157
74.08460872
78.01914846
85.28342503
101.2132551
119.3555841
134.0739327
150.8696189
164.7244831
173.3455876
179.195966
181.199451
181.1992895
174.9343961
184.3677862
238.2306809
351.2015338
317.2061495
293.3494728
473.9344468
297.9263573
285.0576875
357.9514291
302.7043121
196.6783189
161.8800336
169.7078719
177.3883189
177.9327711
181.1370325
181.6218384
178.5120312
170.0364266
159.9035302
142.6868275
320.3556672
73.85780071
97.01315165
85.97862793
80.2804746
79.82698187
78.60975812
76.84779394
74.30500789
67.48996656
61.69050884
308.2764189
72.69563614
72.31550175
70.49543586
62.45780725
56.7660645
56.3323128
66.64692579
70.02361979
78.94578467
115.2405099
137.6939907
148.0357275
148.0203263
147.3757704
191.5365471
268.5163089
299.3245814
271.1737736
360.228726
305.5666188
331.3048993
239.3827183
200.0946973
138.602985
141.6157981
134.1433335
123.7453377
106.5798551
89.42171207
80.06989201
76.19295805
73.2791461
228.7956318
73.70143364
70.63586181
71.55091348
73.4277143
74.96523729
71.92679847
68.90790323
62.97302618
59.42760204
296.9038241
349.8018183
71.13170307
63.29284225
61.7150399
63.25397474
183.744185
180.0905432
83.87725293
118.4899957
148.1043178
204.0691157
252.1881088
303.370833
264.774582
184.6522741
160.1497814
92.56585292
77.87403215
176.5190422
109.857048
73.27386254
74.04802641
75.03548497
75.36135328
58.72808563
62.10789306
349.8772191
298.6770989
286.8646102
114.3385915
113.9765242
69.37438187
68.70507503
64.50337294
70.70347728
59.33074369
60.04683307
69.4205871
93.91663655
69.52316306
73.30348623
70.23894612
118.7493584
102.9767052
131.3482067
216.4032523
252.3416165
112.9044761
115.5268653
107.8845505
71.72146356
69.55946063
73.62852049
74.89251776
70.64312952
72.10357627
72.22220072
73.41963461
75.31485489
71.74522511
69.75974105
68.05499249
70.58897028
114.3265223
74.47696002
298.8681058
69.55515162
75.2018167
74.98043291
73.74852536
74.75519588
74.52891115
75.6512432
73.81397476
71.87732556
72.44616383
74.77326488
71.88005267
66.51402249
70.67820933
68.69567349
69.34162463
64.50323658
69.9970316
68.47636893
100.7937878
92.42508206
71.13950683
104.1328045
238.9839649
246.6161996
96.75168823
81.92921701
71.00912078
69.85154704
71.52190674
71.55718348
72.83556742
72.53199224
74.6657033
74.77123062
74.90992259
75.05900098
75.47359156
74.61511158
74.5345577
69.75435666
70.00333861
69.82314602
70.56348124
70.96024118
71.18913807
295.7553924
297.4821809
196.4367604
103.8261012
79.84491475
71.56267197
71.64540002
73.5620667
75.44399407
75.46230803
74.7746235
72.90280268
73.36192349
71.91112202
71.71734559
69.53912006
69.96714
70.32519088
70.83735292
70.47834426
71.10126673
71.3102055
70.56386154
71.67357566
71.08160793
71.23463495
70.87548545
70.27218137
83.38737396
195.6406436
355.0190053
286.6312992
111.5214364
74.8277221
72.02247432
73.03986781
71.18678303
70.72350733
71.77140012
72.3886392
72.49562179
70.9812477
74.31173286
75.00624924
75.13453156
75.63458817
75.09175901
74.92281832
74.81732848
74.72456035
74.83283934
75.06998238
75.27240246
74.7704037
73.62997912
70.79874449
105.5887879
71.45127685
288.7392252
359.293253
76.50403712
75.03569739
72.64542919
73.27670617
71.39875488
70.10668061
70.40015278
69.55995633
69.68335411
69.84524383
70.55579583
71.30814936
71.62810287
70.34517059
70.90878394
72.12424606
70.43087023
62.17855929
51.95485861
166.718078
285.6173607
194.9977677
54.03196847
67.80985779
70.5568486
71.31368646
70.4442807
71.11160302
71.54872052
71.95319947
72.32581696
73.80890409
74.42794601
75.3711112
74.82177016
74.89656532
75.2668284
75.18218958
74.81771054
74.71804745
74.66580694
74.8250628
75.02637026
75.10498701
74.80039888
75.30989021
74.77812832
73.54344123
72.60123318
71.24621657
71.01251906
363.7786606
168.501558
284.6524634
73.08629398
74.36966448
70.96295403
69.74778545
69.15705123
69.25818456
69.52267646
69.96495441
71.27661087
71.42490732
71.88354789
71.20193244
71.4600326
71.05285311
71.43872703
71.85333485
70.93286864
70.5001181
62.9824033
57.35339803
149.0088209
295.4954363
146.3358289
57.73446365
62.79314745
70.29243346
70.73667356
71.38365799
71.200314
71.94265116
71.38307043
73.04959517
74.13088091
73.82332651
74.57800673
74.65432947
75.02850433
74.98515294
74.74966289
74.66089566
74.57803007
74.82847573
75.04556895
75.18514415
75.34370908
74.69412782
73.61383856
72.6781873
70.675605
71.05602108
290.6934186
299.6802912
367.4029761
287.1492093
73.70308375
72.96393115
74.24515567
69.39011069
69.32545749
69.65933082
70.29111431
70.88168317
71.35374327
71.68777674
71.62048447
71.95868256
71.77357562
71.61515262
70.33302599
64.5721795
69.62733836
148.8469951
139.5923507
63.5548831
69.72450822
71.13944927
70.83617886
71.75976318
71.14319583
71.93091748
72.58361553
74.17350689
73.27461732
73.45532215
74.27968481
74.36935216
74.85638319
74.86817654
74.621594
74.84074871
75.30961232
75.26821833
73.59403968
69.61039693
72.19149942
72.11500676
71.90637057
70.8495743
71.98789881
370.1791859
70.80082583
74.62562185
72.77703611
74.89664942
70.46006664
69.25543002
69.22045699
68.99321671
71.29444033
71.75143241
72.05350061
72.54292145
72.19964079
72.16621792
71.86065706
71.64694785
70.13114962
71.40854062
70.77056934
67.06596455
63.75800286
68.96986006
70.7659021
71.06771425
70.88060012
70.98222917
71.55566157
72.09471214
72.8676386
74.64926448
74.66193261
74.64028
74.35975049
75.41648177
74.59535529
71.78762202
69.87045897
325.5077506
308.864812
372.1519235
373.3088837
301.9663615
62.59936031
70.82116158
70.95764578
71.16456048
73.05417758
75.12394412
74.5766788
74.47398048
73.52655225
72.47700522
71.27020497
69.89374697
68.97431096
68.96508455
69.94877252
70.32832394
71.15197329
72.35761299
72.22435337
72.49212124
72.858917
72.4672641
71.98600763
72.32073603
72.34711007
71.75487344
72.04984476
72.22237428
71.95067182
71.72694353
156.9866218
163.8124507
147.5237343
157.1273191
75.96715053
70.66177731
70.828201
71.10206489
70.9697587
70.83641348
71.22878171
71.04671517
71.70683422
72.36193574
73.55345873
74.01841421
74.23003372
74.52224761
74.49448095
74.86578887
74.87174196
75.20940438
75.4470169
75.03217358
74.37678817
73.44177004
72.72850682
75.04299848
75.79469009
71.64528884
317.7365235
373.0929347
310.3426384
306.9914736
68.73653533
65.69832065
71.98878772
74.61339276
70.34288796
69.31290932
68.69922306
69.51521826
69.06895472
70.39779833
70.858512
71.74660449
72.97176057
72.73826283
72.94948627
72.71183121
72.51091904
72.50287674
72.25110832
72.24055985
72.10531234
70.28801096
174.5675021
169.5948406
69.52568722
168.3040847
68.07041614
69.48651111
70.89113353
70.94120467
71.33003023
71.35766543
70.89057677
70.91825926
71.12437799
71.35164946
71.90688961
72.53337979
73.12076447
74.36715545
73.59969158
74.52115031
73.85465215
74.31119359
74.58284026
74.89292904
74.80993801
75.27025594
75.45783392
74.94485293
74.25032713
73.34758202
72.77718336
73.4858157
68.59483766
69.32184711
71.54950531
72.45840516
73.0577137
72.85826172
72.63234733
72.46636306
72.54759839
71.22939577
72.52073925
70.14855236
75.48243139
371.3744381
83.0701091
69.04227314
69.64051717
71.48139334
71.14401736
71.83687645
71.20172274
71.11400036
72.12091386
72.62806746
74.0040514
73.14170157
74.01406033
74.51765086
74.15070795
75.3060903
75.49171567
74.823578
73.23634118
72.81948784
72.45519796
181.8265264
71.56733987
68.80447104
73.23272922
73.33387121
330.8387202
71.592027
73.57551007
74.39022296
71.66820904
74.08954549
74.46787539
69.00448726
73.35459768
74.75577406
72.24434351
74.12777746
73.45719229
73.86146766
72.57436145
72.82766006
72.59925856
73.53893492
72.08562574
75.1873086
74.62006225
73.57519662
73.7000464
70.81177321
72.99595844
73.44579796
75.86933372
70.30741305
70.53391053
71.35805895
67.1583366
72.68693348
72.31636323
72.26967722
73.76850119
74.76160338
71.52212323
72.58733624
74.28945234
73.52475479
73.43106543
74.94927628
74.86281937
74.48058777
74.96304285
74.39813632
76.29903322
74.36847585
73.01800256
75.49295992
72.63486319
72.76480503
72.57462792
72.18892131
72.44084223
72.51961893
72.51225257
71.60819964
71.82205418
74.08382309
74.06756541
73.74965005
73.18788241
75.05042072
75.01189715
72.84305468
72.14592167
72.56963159
72.34327145
73.61491762
73.66650214
74.47547759
74.70481735
72.63102373
72.8173643
69.1934798
72.01262566
72.07574992
71.95758165
74.70905945
73.99348374
73.98368539
74.39142062
73.03015465
74.72370916
74.68303223
74.29932374
71.73147727
71.31720543
73.69792922
72.98060763
70.49742187
74.03928454
74.38643718
73.92803184
75.11747407
74.81803249
75.17312064
73.52721837
75.30081677
74.44992634
72.05534495
73.49925861
72.37256761
73.23160915
72.36019016
69.09476638
69.12279139
72.76436564
73.93982452
73.31226065
73.52200918
73.69311755
73.42468998
73.52038018
73.09812659
72.27690332
72.56641274
74.09756263
72.85750026
75.47645629
75.98121247
71.90039631
72.31730805
71.64624734
73.6204156
72.88864897
72.40428752
75.08846889
75.87888088
72.49710066
72.96832183
74.16390242
76.97325737
75.01128988
76.44219471
73.18380213
72.99204313
72.73621963
70.96573754
73.14078037
72.33622887
72.95863615
74.30391973
74.106822
73.68110631
69.79402472
71.1319985
70.66121397
71.6758623
71.84672176
70.60966092
66.81981398
73.72470487
74.5284067
73.84799033
72.92226037
74.51723656
72.54522822
74.04986281
73.43257317
72.7176485
73.25131333
72.95179392
72.37749701
75.35678207
70.82682968
71.82621146
69.22986624
72.06182792
72.23903606
69.50064092
70.9866648
72.91801197
71.60411558
70.46533139
67.39114963
73.22885586
74.58008994
74.72056379
74.0984543
75.7283209
72.59840586
73.79894231
73.6283359
71.45010707
72.14286325
71.90768449
71.80470215
72.77525958
73.33929995
71.8992754
74.48597557
71.75207347
72.56342387
73.00278299
75.60060662
73.67614149
73.7560102
73.59563391
71.97597322
72.44931551
74.4636249
72.76709717
72.52677273
73.88633694
73.20824009
72.14892822
71.87814265
71.9849963
73.16190551
75.02044781
75.22881321
73.99229633
73.43176665
72.49892882
72.19053497
73.59397859
74.81064949
72.5636023
72.90247176
73.24804692
73.76698816
74.1925064
74.5690163
74.20630705
73.98355911
74.1692586
74.51213842
74.70535152
74.63222632
74.36313416
71.36588962
69.23860776
70.98722272
73.00253564
70.12734999
72.35294095
76.05391145
72.2379137
70.87533043
72.65692149
72.54234649
73.24326719
72.93486698
70.84893122
76.02675052
70.97366372
72.96763613
77.61473852
75.17481611
76.80866512
72.98738015
70.79040433
71.89161582
73.35184885
68.92113215
66.6098447
72.94284958
72.55146408
73.31857145
74.30645778
72.95298502
74.0553623
74.64422843
73.22948447
70.04745001
73.72005454
72.69705109
73.43429416
73.0364586
75.82060008
73.99624817
75.28932222
68.9607999
71.5555359
71.94501658
67.60495996
71.85958086
72.94077774
74.2495453
74.46244478
74.6067357
73.16092108
75.49203526
74.38577905
74.33466942
73.66175191
74.96788087
74.81131222
71.05553543
70.43982953
71.83924963
74.5413921
69.92235292
75.18038152
73.98815327
72.02269348
71.52670987
71.66361879
72.2362107
74.04038404
72.78297634
72.83750035
73.37654183
75.1998984
74.61482403
74.35721057
71.52991578
70.81981231
73.06267263
71.48059149
73.87751277
74.36247523
75.53657658
73.55011472
74.00437279
73.95222831
75.46878434
73.44279093
74.00249803
74.8817723
72.64356034
73.79068668
72.65462457
72.5873803
74.46066927
72.80487889
72.44719212
72.87017531
75.32020599
74.60613394
73.10067543
72.11546305
72.88255085
72.97005033
74.74056981
74.14534397
74.15626261
73.69448787
74.40508066
73.78157597
72.56500632
72.64031679
71.90482342
72.73746553
72.15503987
74.66822139
74.25793346
72.07065823
72.71660019
72.98186682
75.61064107
74.00395168
72.01675273
72.05044075
71.33317048
71.65120932
71.50371044
74.70548583
69.27263652
71.14752007
72.59799623
74.9293502
71.04946922
75.99310302
71.58708974
69.97935958
72.48034981
74.38559751
73.59841055
73.41896631
73.11789094
69.5922138
76.5302403
69.75311271
72.9657533
78.40703166
75.29364489
77.08194089
72.6359291
70.50342236
72.3769724
75.12810711
67.29177114
64.53240403
73.1902037
72.87568882
72.28518736
73.19616569
73.70316904
74.26020172
72.9341435
74.11767716
74.88142336
73.24892639
67.90330266
74.27566651
73.21004811
72.92615314
75.99336131
74.47508365
75.74857207
68.53363135
70.86244276
73.35180424
74.82723117
74.48684547
73.94677263
73.47600652
75.20483792
75.94950405
74.69709282
71.57191614
76.03010712
72.69416953
76.85065806
76.07650377
71.29343047
74.81339019
68.98196551
76.27455185
70.31876696
68.06873069
74.52343254
73.05576444
74.2328879
75.39416805
70.17915305
71.9174919
69.70333636
73.07666679
71.59403357
72.08688104
68.51127027
71.07566017
72.47017819
73.59052134
71.44979629
72.1029142
71.60186352
73.45305412
75.14888749
75.41760259
74.78864662
73.46447324
72.18510057
72.92619476
72.68931786
73.39461105
73.25206827
73.613905
73.83057301
73.58421346
69.45292007
71.92409211
72.21785066
72.40072077
72.47349731
72.27645243
72.23950489
72.57725379
73.59885268
74.62543198
75.57640885
74.71700028
73.18990568
71.05113042
69.94802369
72.80916595
72.37906116
74.30404101
74.41414881
73.32901069
73.49909261
72.97605022
72.44486824
72.14013812
73.12089585
73.57226015
73.77986348
73.80263701
73.77604713
73.99241218
74.61125918
74.79920805
74.84162365
74.7287669
71.51844972
72.73600352
74.04356476
68.56224506
76.32421596
70.87052333
68.96465443
73.70462729
72.77922213
73.91911525
74.09141741
73.22867363
67.46714775
77.42727272
72.7951064
79.16584749
75.13825443
77.30728384
72.47770159
73.00421833
72.84621945
75.95744637
72.21986315
74.28179761
73.24241417
73.26631253
73.62348857
74.30770051
74.37320685
72.95840518
74.35657257
75.03504969
73.80027626
65.34927239
74.96641389
73.70637485
72.22594959
76.11149393
74.78832138
76.25024202
67.41751493
70.91748009
75.09475415
74.58314545
73.68085797
73.73905806
72.83206554
75.33054636
76.36891007
75.06275526
74.48350835
70.36452613
77.28441328
70.02729347
71.87580367
69.30614575
67.55869762
77.15157945
71.94493972
72.2226682
74.4957296
73.06005873
71.00808362
71.8153947
72.151826
72.53599341
73.99856856
74.28519744
74.6036678
74.40507101
72.71546461
71.48596614
71.7661834
74.14013763
73.99715152
74.01999206
73.05073542
72.23894934
73.80597691
72.89097203
72.59003492
73.33412544
72.24609016
72.2724561
72.58705883
72.60886261
72.54435013
72.45232772
72.52251674
73.07632609
74.08272323
74.87530652
75.19919015
75.18871944
72.1308572
70.8313773
69.74519468
69.44111692
73.09823443
72.76994907
74.1053223
74.03290332
74.15462448
73.40557296
72.63219233
72.17162296
72.28962308
72.66113871
73.01278738
73.22347024
73.29997084
73.50784612
73.64806709
73.78865677
74.1859926
74.57751571
74.83126224
74.92985872
74.55548067
72.82711683
73.35804823
72.91246629
72.64445579
74.90525502
72.27773184
72.47403665
72.37100176
69.26562708
71.08532602
73.57589681
72.37409985
72.82967275
70.69890964
73.68353305
72.86202728
74.38010302
72.67480389
73.99831483
73.60518298
70.31697744
69.3917619
78.36454422
74.81435898
75.17131891
73.81141143
66.41929812
72.12787908
71.78774671
70.3191754
72.72236884
68.85854941
71.43769038
70.17027442
62.7468164
76.06046596
73.95620063
71.7689007
76.22618508
74.84900016
65.89887334
70.89442141
73.61593629
73.66315445
75.06703684
74.79337268
73.51151436
74.03681782
72.47386142
75.50399586
76.67233301
74.64030599
69.4158908
76.79030212
77.45460912
70.22433227
68.54812172
65.03309878
63.0360074
73.01245031
70.18362922
77.48461031
79.74786397
72.4475861
70.09280171
73.47937219
74.77937403
74.19006432
72.85188057
71.73217338
72.26543374
69.01186005
71.17565598
73.739491
70.75476867
77.46822813
64.13285039
73.55943827
73.54435473
72.73875461
73.00521049
73.25357588
73.55765099
75.97592132
77.09884875
73.57667987
75.47030384
76.57408599
72.94207933
77.64954194
74.29505449
71.91779425
72.59281844
72.44781146
71.82671764
72.50802397
74.24106595
73.20852386
74.16148826
73.96243513
74.19302374
73.34657243
72.12610148
71.39961681
73.82663944
69.50418748
66.75823108
68.60367852
70.87573722
72.96710239
69.02902074
66.78439797
72.25325768
72.75303789
72.67460083
72.72825634
72.65222053
72.59705796
72.54437633
73.03583923
73.80824106
74.62798823
74.90327486
74.38585477
72.77837519
71.10243798
69.94030756
68.82469646
73.27338886
72.83469652
73.90445202
74.31346991
74.59898805
74.67669124
73.8534632
73.01257039
72.35702922
72.50151905
72.64365913
72.7187928
72.7457705
72.88740961
73.01038777
73.41025999
73.72776662
74.10454481
74.39332577
74.61901391
74.75996713
74.69346165
58.13305177
69.24611355
66.30228036
67.91402131
77.28047965
72.84216699
73.02801884
74.92365898
70.01195042
74.39038363
72.94710286
61.7768189
76.86391824
73.91493191
71.6356965
71.23728907
65.25335112
62.94237966
64.10386795
68.65099103
71.47741389
71.83431118
71.28323705
71.3504996
69.58071102
68.29849778
76.41070491
74.67743315
78.08370015
72.98014808
74.43424785
73.66999743
74.28110104
75.024719
73.48903662
71.23389144
75.43484044
76.84050995
75.59972027
74.94779854
69.14728396
76.46616777
77.3554751
74.10586698
67.81812083
61.75780358
77.68948006
60.10310478
68.99445355
68.64078832
74.34774863
73.48670914
71.4301194
67.90546011
79.31046035
72.92842107
74.69733267
61.22529838
73.63112389
64.50093137
75.4209233
73.21403077
73.97008387
62.52498465
59.09755473
73.00701495
72.78334992
72.50426497
72.42381938
72.73743539
74.32651393
71.1147481
72.88135959
72.65683465
62.66773826
74.1083983
69.94614968
74.36001463
74.9121236
73.51412457
73.39081614
69.6782694
68.38162905
68.22425964
87.55095878
64.48369749
66.94121245
75.14737401
74.8354544
67.17260797
70.37448982
74.27466157
73.87316457
73.53537261
72.37136754
72.3206812
72.5931069
72.63685543
73.44984015
74.2303441
75.1334841
72.88480722
69.64554995
70.05917954
70.17928293
71.70144355
73.84070608
74.42408947
74.17882525
72.58897394
72.73909367
72.79808297
72.42495057
72.88734995
72.95870464
72.68930864
73.24232102
66.51995344
65.60608156
60.99869589
61.64617256
66.21541562
63.80283267
59.35424268
55.10045089
59.7320411
56.03610498
68.5965372
70.91076597
71.27455555
69.6246445
74.32690225
63.29745499
80.83219906
72.75090089
70.43130882
72.94125516
74.02676963
80.01001771
71.92934825
71.14174106
79.66290284
75.37762693
74.58228109
58.35944592
78.97429866
63.95956977
76.49410141
74.14525243
72.1758753
76.58706537
74.41036695
77.9201233
63.76300054
72.38867482
74.71429342
73.94054802
75.19057625
74.44543995
63.03716114
75.56976752
76.86741641
75.57061584
75.28268773
70.29820191
74.44143754
77.01652056
72.41474501
74.99959509
69.8168926
58.03491132
76.21145748
75.73020432
73.3461373
66.60233432
71.19658238
72.44023917
74.9031953
77.23381368
74.53065437
79.84478994
79.97704888
55.33264988
62.11074552
62.19907799
56.96862966
61.11891092
58.07867669
72.66100446
73.96857161
57.29140493
62.73592047
74.35967926
78.46904654
68.04274278
62.74053453
233.1311556
175.5972027
177.111257
186.8109883
134.8760978
110.0598897
85.58346171
216.1304294
147.7932377
66.74908474
112.4644375
123.7316466
126.9704725
78.22603283
71.79845857
73.19186994
73.04453399
72.84904242
72.77564845
72.80784823
72.67280547
72.84657131
72.64251098
72.92825444
73.34984952
73.73551132
74.02949371
74.09193512
73.5191746
72.23031595
70.72829129
69.41135228
68.42743179
68.78308594
70.39284812
73.11464792
72.98016304
73.93192619
74.5193428
75.50236361
75.31229915
74.5024338
73.84720844
73.3773987
73.08896769
72.89144606
72.64606388
72.46154184
72.17206949
71.93392277
71.85253276
71.94699765
72.12811264
72.36149857
72.9073533
72.63788511
72.94737506
73.26185698
73.51437697
73.28451583
71.59436767
71.31293794
76.11064636
143.1706707
145.8565858
136.7910681
141.1246559
123.9633356
125.7588507
127.8358594
63.27177821
130.766513
131.2954324
132.8250886
135.0136474
136.2818839
125.331566
109.8462748
121.2543289
125.9074765
55.82010284
130.4572404
63.54028243
131.7328234
61.63620997
132.0877351
68.46090557
128.9934293
129.5760742
77.24042147
70.30350544
57.84582047
73.6559661
75.42445768
73.59734557
71.9151071
71.41633509
67.30636443
75.5638405
73.53069537
73.28354629
77.94710704
74.2669381
77.51317408
62.07337396
72.19232635
75.94411289
63.76963702
74.79886288
74.89953621
63.24921897
76.47960746
75.56361509
74.19746679
72.89255193
75.8892155
73.64812758
75.48378128
156.3746266
72.50658584
53.72081501
56.48262977
166.244281
231.3449201
291.2826246
85.85094096
75.23804763
75.54530767
71.98893007
72.62742468
54.34424385
76.67001186
75.71848295
74.95151508
74.84134903
74.59918409
74.31433524
76.40421739
54.42149446
72.51226112
79.86989427
52.44240933
70.62183561
117.6378487
113.7181284
72.83467589
178.9787947
74.31527917
116.5229736
60.95896344
133.2699914
71.95111758
72.68004062
75.4291609
74.29945329
72.46359453
67.6370437
75.63850573
68.60600689
73.26030095
73.641612
165.9674828
129.4583073
73.20998511
72.65170447
50.94013867
72.88807516
73.59314439
71.89181159
71.5024495
75.06245703
74.69317891
72.96691472
72.69505525
71.86459745
326.4207961
129.7685554
322.7012746
324.770463
332.5088123
351.5564248
351.3728536
364.8775384
301.9694894
300.0389411
207.3882779
299.1821895
300.5085813
74.09436194
65.99657201
76.12444474
77.45843427
73.89356097
79.58683365
78.25179317
335.2383802
332.6408518
332.7715331
334.1947777
330.518481
318.6719012
295.3539383
265.3582536
69.95852593
76.15573384
71.5144893
74.25680446
74.13369665
76.70497407
68.39637619
63.49846305
73.39870867
79.59710394
75.37046936
75.61990724
73.88216519
75.4817737
63.05341733
75.92655725
75.99341784
75.51041145
73.18438869
72.66610541
73.70309893
74.85781655
76.61385031
74.06651207
64.69636673
55.08834475
72.0990756
79.48586765
78.96849055
73.31678445
75.38952715
71.94443609
76.0087742
73.03195852
79.62065896
47.72427072
71.01441497
275.3338297
307.1433423
387.8429041
407.9858122
380.2622939
320.2269116
279.032503
344.2538136
360.2185779
309.4677932
75.51174455
68.85038852
68.98811096
74.14702909
72.04339462
72.51347981
73.37934872
68.48004854
74.5435059
73.29989932
73.10464569
74.08357104
74.39207412
72.4741368
71.21459469
73.1794484
72.96905889
74.0961823
72.62081293
73.43328358
72.76960124
72.64874254
72.93424424
368.6173166
71.57151088
174.501558
87.71601362
71.62448317
70.08055333
73.08631968
72.68858018
72.29774964
74.16857747
67.72342083
71.30629263
74.47751984
220.2219509
362.0336645
359.530586
358.7898483
344.8484408
344.041827
336.5863984
197.4030895
305.4003882
364.5844301
300.6495167
323.8690248
366.9692288
332.8311155
48.38452369
382.6486128
410.8392284
396.2602759
281.7407485
327.1477502
81.2096611
73.43282473
69.0516443
47.21480129
80.42373993
73.46191341
48.00039223
81.86566297
332.96493
326.0849148
329.1214009
72.43087078
72.33284239
69.56854239
72.6270627
69.92234794
72.92791784
74.67037968
75.32643847
72.32989216
71.4662465
71.80857573
74.8272069
69.47604757
72.85183192
72.64935568
72.69859932
72.7949552
73.58857349
73.33017933
69.47120817
71.30859489
73.62824995
73.85178362
72.08027859
72.17406129
136.5688781
80.26493696
77.51116899
67.78645322
74.02929426
79.04059557
74.6483645
73.72092698
62.25626659
72.34135367
313.3672508
69.67376439
73.32401689
73.76434846
69.41866483
71.77065766
75.05932751
71.47297845
66.93822501
73.82203064
74.23086593
81.74902026
66.32493028
73.78882893
78.24662759
67.31961413
68.17292093
58.99156411
64.11548305
66.65476779
65.70170098
61.57773493
66.29771183
67.01974354
53.48368495
54.22787696
64.54835311
69.74704215
45.2853706
73.26003588
68.29868691
74.69275819
75.7108112
62.17329823
72.16390576
68.23090619
66.00817973
59.5936611
71.07053825
63.25654997
59.05710893
60.48419337
74.66537758
70.49938348
71.1860028
77.23546911
57.98444807
57.86678181
70.69901526
77.76868002
70.30559961
59.08101308
65.09716381
79.6984935
72.50977181
67.85336599
75.10874685
80.2112008
82.42179667
64.08309872
72.69179152
78.07843039
63.57213716
76.68736189
77.55712409
73.68550267
64.82562522
69.06526412
62.65847559
63.27657845
66.79522102
72.78688194
67.96617558
64.47050917
52.87863471
53.51074692
59.17010069
65.35995494
64.51127769
64.4886919
57.20613412
64.21191345
67.27116884
64.9927235
65.15685931
50.86622261
53.36354346
58.96797639
60.44836174
65.51444558
68.2209865
71.10150714
71.70557125
72.58773191
76.70357983
83.05088556
89.06739427
86.65683817
68.54739814
61.9784898
68.58201525
58.2202668
54.40403307
54.7656053
56.15719677
66.44932557
68.19921935
69.98705389
68.80012231
68.5654274
67.56124934
67.58740238
64.50673408
62.05991881
58.26076872
55.25660802
55.08093758
65.05751523
67.17135931
70.06181692
68.42127179
72.3688061
66.98970725
77.65529456
77.71710245
84.10960904
93.09438499
83.48665987
66.50632289
64.68081217
55.953972
51.1300009
56.39418462
61.41970511
63.39072198
66.44116777
69.90089337
71.01668405
69.63444861
68.5001917
65.96129461
64.12005684
60.31382816
58.00599511
56.83259939
61.78467937
58.02333276
83.97234255
50.84854026
75.1316336
66.03367579
72.38042594
71.89061236
70.05405608
67.5267519
50.35409547
56.18520663
69.38864706
71.62106245
73.95871549
68.46809472
54.33968411
54.4704359
57.88314662
61.82544586
73.60439395
61.21822253
56.8734024
50.07475582
56.31018607
59.16305286
57.87745138
61.75959944
61.85252273
64.4018478
63.43498539
69.35987988
69.44482961
74.67596848
77.49872225
76.47322875
78.59572903
80.77868545
82.68036137
82.89064287
79.91541037
78.36584615
82.27504689
73.13956931
79.79710308
69.71382368
70.01147122
69.00199256
69.14481974
71.71117325
65.5817687
57.80671982
61.01141708
63.2324965
57.36714074
61.62758235
59.85664623
56.90486332
74.86627787
58.52540902
42.45476397
69.58957971
66.77043359
67.98325463
70.71984384
68.85284428
81.47127547
73.99284702
69.22504302
48.60814182
53.99164117
60.77829423
58.37579581
59.52965112
66.63805522
72.88138101
62.5363403
67.00315295
71.11528522
75.3547019
71.25295576
74.94070397
77.8953573
71.20215363
88.90892798
72.35847408
71.962179
81.32973769
66.10597175
57.30651886
82.01086755
96.813873
73.26574829
76.12509363
72.45630148
61.85934642
58.06500767
48.51691041
64.86306277
52.98172354
56.17978242
42.97763482
52.04359642
72.62117201
99.80696353
79.82472424
48.39033309
77.50735653
60.84561465
56.62125796
71.01060563
79.23653818
51.11187442
72.07266185
62.76311374
68.79226638
53.86095841
55.23138538
58.46102659
63.29882909
74.55325583
75.07515341
71.68224464
70.67300186
67.78641719
88.11457814
52.54988558
66.91170401
77.96805842
59.79800269
50.94558088
67.46895544
87.31929344
82.22627008
75.71306514
73.41584536
75.86029275
72.26629249
76.02636321
71.51878502
71.45658962
54.41581157
54.67548592
79.4901134
73.72312397
53.12022503
51.93930542
73.75131669
75.44544646
69.78727338
67.73800529
72.98102337
75.73241361
71.18219778
75.73594051
77.8036312
75.80496665
67.56665766
74.91665158
58.52071278
74.94996174
73.18377029
61.57556556
68.83349021
76.05254541
70.04240737
84.31102479
66.24098
71.469387
70.98040363
73.04552105
56.08127746
75.61247716
52.08386559
76.09512584
63.16321666
76.31735775
74.52634196
71.7111356
55.58063881
64.83263135
75.88914055
79.31649631
71.58018443
50.24317557
77.51825601
71.98001525
73.68824675
70.98905773
87.45795953
71.68334445
70.73596512
63.61771396
77.68196289
95.64779158
49.88649869
80.65559295
65.11478615
69.65837102
</DataArray>
<DataArray type="Int32" Name="rank" format="ascii">
1
1
1
1
1
1
1
1
1
1
1
1
1
1
1
1
1
1
1
1
1
1
1
1
1
1
1
1
1
1
1
1
1
1
1
1
1
1
1
1
1
1
1
1
1
1
1
1
1
1
1
1
1
1
1
1
1
1
1
1
1
1
1
1
1
1
1
1
1
1
1
1
1
1
1
1
1
1
1
1
1
1
1
1
1
1
1
1
1
1
1
1
1
1
1
1
1
1
1
1
1
1
1
1
1
1
1
1
1
1
1
1
1
1
1
1
1
1
1
1
1
1
1
1
1
1
1
1
1
1
1
1
1
1
1
1
1
1
1
1
1
1
1
1
1
1
1
1
1
1
1
1
1
1
1
1
1
1
1
1
1
1
1
1
1
1
1
1
1
1
1
1
1
1
1
1
1
1
1
1
1
1
1
1
1
1
1
1
1
1
1
1
1
1
1
1
1
1
1
1
1
1
1
1
1
1
1
1
1
1
1
1
1
1
1
1
1
1
1
1
1
1
1
1
1
1
1
1
1
1
1
1
1
1
1
1
1
1
1
1
1
1
1
1
1
1
1
1
1
1
1
1
1
1
1
1
1
1
1
1
1
1
1
1
1
1
1
1
1
1
1
1
1
1
1
1
1
1
1
1
1
1
1
1
1
1
1
1
1
1
1
1
1
1
1
1
1
1
1
1
1
1
1
1
1
1
1
1
1
1
1
1
1
1
1
1
1
1
1
1
1
1
1
1
1
1
1
1
1
1
1
1
1
1
1
1
1
1
1
1
1
1
1
1
1
1
1
1
1
1
1
1
1
1
1
1
1
1
1
1
1
1
1
1
1
1
1
1
1
1
1
1
1
1
1
1
1
1
1
1
1
1
1
1
1
1
1
1
1
1
1
1
1
1
1
1
1
1
1
1
1
1
1
1
1
1
1
1
1
1
1
1
1
1
1
1
1
1
1
1
1
1
1
1
1
1
1
1
1
1
1
1
1
1
1
1
1
1
1
1
1
1
1
1
1
1
1
1
1
1
1
1
1
1
1
1
1
1
1
1
1
1
1
1
1
1
1
1
1
1
1
1
1
1
1
1
1
1
1
1
1
1
1
1
1
1
1
1
1
1
1
1
1
1
1
1
1
1
1
1
1
1
1
1
1
1
1
1
1
1
1
1
1
1
1
1
1
1
1
1
1
1
1
1
1
1
1
1
1
1
1
1
1
1
1
1
1
1
1
1
1
1
1
1
1
1
1
1
1
1
1
1
1
1
1
1
1
1
1
1
1
1
1
1
1
1
1
1
1
1
1
1
1
1
1
1
1
1
1
1
1
1
1
1
1
1
1
1
1
1
1
1
1
1
1
1
1
1
1
1
1
1
1
1
1
1
1
1
1
1
1
1
1
1
1
1
1
1
1
1
1
1
1
1
1
1
1
1
1
1
1
1
1
1
1
1
1
1
1
1
1
1
1
1
1
1
1
1
1
1
1
1
1
1
1
1
1
1
1
1
1
1
1
1
1
1
1
1
1
1
1
1
1
1
1
1
1
1
1
1
1
1
1
1
1
1
1
1
1
1
1
1
1
1
1
1
1
1
1
1
1
1
1
1
1
1
1
1
1
1
1
1
1
1
1
1
1
1
1
1
1
1
1
1
1
1
1
1
1
1
1
1
1
1
1
1
1
1
1
1
1
1
1
1
1
1
1
1
1
1
1
1
1
1
1
1
1
1
1
1
1
1
1
1
1
1
1
1
1
1
1
1
1
1
1
1
1
1
1
1
1
1
1
1
1
1
1
1
1
1
1
1
1
1
1
1
1
1
1
1
1
1
1
1
1
1
1
1
1
1
1
1
1
1
1
1
1
1
1
1
1
1
1
1
1
1
1
1
1
1
1
1
1
1
1
1
1
1
1
1
1
1
1
1
1
1
1
1
1
1
1
1
1
1
1
1
1
1
1
1
1
1
1
1
1
1
1
1
1
1
1
1
1
1
1
1
1
1
1
1
1
1
1
1
1
1
1
1
1
1
1
1
1
1
1
1
1
1
1
1
1
1
1
1
1
1
1
1
1
1
1
1
1
1
1
1
1
1
1
1
1
1
1
1
1
1
1
1
1
1
1
1
1
1
1
1
1
1
1
1
1
1
1
1
1
1
1
1
1
1
1
1
1
1
1
1
1
1
1
1
1
1
1
1
1
1
1
1
1
1
1
1
1
1
1
1
1
1
1
1
1
1
1
1
1
1
1
1
1
1
1
1
1
1
1
1
1
1
1
1
1
1
1
1
1
1
1
1
1
1
1
1
1
1
1
1
1
1
1
1
1
1
1
1
1
1
1
1
1
1
1
1
1
1
1
1
1
1
1
1
1
1
1
1
1
1
1
1
1
1
1
1
1
1
1
1
1
1
1
1
1
1
1
1
1
1
1
1
1
1
1
1
1
1
1
1
1
1
1
1
1
1
1
1
1
1
1
1
1
1
1
1
1
1
1
1
1
1
1
1
1
1
1
1
1
1
1
1
1
1
1
1
1
1
1
1
1
1
1
1
1
1
1
1
1
1
1
1
1
1
1
1
1
1
1
1
1
1
1
1
1
1
1
1
1
1
1
1
1
1
1
1
1
1
1
1
1
1
1
1
1
1
1
1
1
1
1
1
1
1
1
1
1
1
1
1
1
1
1
1
1
1
1
1
1
1
1
1
1
1
1
1
1
1
1
1
1
1
1
1
1
1
1
1
1
1
1
1
1
1
1
1
1
1
1
1
1
1
1
1
1
1
1
1
1
1
1
1
1
1
1
1
1
1
1
1
1
1
1
1
1
1
1
1
1
1
1
1
1
1
1
1
1
1
1
1
1
1
1
1
1
1
1
1
1
1
1
1
1
1
1
1
1
1
1
1
1
1
1
1
1
1
1
1
1
1
1
1
1
1
1
1
1
1
1
1
1
1
1
1
1
1
1
1
1
1
1
1
1
1
1
1
1
1
1
1
1
1
1
1
1
1
1
1
1
1
1
1
1
1
1
1
1
1
1
1
1
1
1
1
1
1
1
1
1
1
1
1
1
1
1
1
1
1
1
1
1
1
1
1
1
1
1
1
1
1
1
1
1
1
1
1
1
1
1
1
1
1
1
1
1
1
1
1
1
1
1
1
1
1
1
1
1
1
1
1
1
1
1
1
1
1
1
1
1
1
1
1
1
1
1
1
1
1
1
1
1
1
1
1
1
1
1
1
1
1
1
1
1
1
1
1
1
1
1
1
1
1
1
1
1
1
1
1
1
1
1
1
1
1
1
1
1
1
1
1
1
1
1
1
1
1
1
1
1
1
1
1
1
1
1
1
1
1
1
1
1
1
1
1
1
1
1
1
1
1
1
1
1
1
1
1
1
1
1
1
1
1
1
1
1
1
1
1
1
1
1
1
1
1
1
1
1
1
1
1
1
1
1
1
1
1
1
1
1
1
1
1
1
1
1
1
1
1
1
1
1
1
1
1
1
1
1
1
1
1
1
1
1
1
1
1
1
1
1
1
1
1
1
1
1
1
1
1
1
1
1
1
1
1
1
1
1
1
1
1
1
1
1
1
1
1
1
1
1
1
1
1
1
1
1
1
1
1
1
1
1
1
1
1
1
1
1
1
1
1
1
1
1
1
1
1
1
1
1
1
1
1
1
1
1
1
1
1
1
1
1
1
1
1
1
1
1
1
1
1
1
1
1
1
1
1
1
1
1
1
1
1
1
1
1
1
1
1
1
1
1
1
1
1
1
1
1
1
1
1
1
1
1
1
1
1
1
1
1
1
1
1
1
1
1
1
1
1
1
1
1
1
1
1
1
1
1
1
1
1
1
1
1
1
1
1
1
1
1
1
1
1
1
1
1
1
1
1
1
1
1
1
1
1
1
1
1
1
1
1
1
1
1
1
1
1
1
1
1
1
1
1
1
1
1
1
1
1
1
1
1
1
1
1
1
1
1
1
1
1
1
1
1
1
1
1
1
1
1
1
1
1
1
1
1
1
1
1
1
1
1
1
1
1
1
1
1
1
1
1
1
1
1
1
1
1
1
1
1
1
1
1
1
1
1
1
1
1
1
1
1
1
1
1
1
1
1
1
1
1
1
1
1
1
1
1
1
1
1
1
1
1
1
1
1
1
1
1
1
1
1
1
1
1
1
1
1
1
1
1
1
1
1
1
1
1
1
1
1
1
1
1
1
1
1
1
1
1
1
1
1
1
1
1
1
1
1
1
1
1
1
1
1
1
1
1
1
1
1
1
1
1
1
1
1
1
1
1
1
1
1
1
1
1
1
1
1
1
1
1
1
1
1
1
1
1
1
1
1
1
1
1
1
1
1
1
1
1
1
1
1
1
1
1
1
1
1
1
1
1
1
1
1
1
1
1
1
1
1
1
1
1
1
1
1
1
1
1
1
1
1
1
1
1
1
1
1
1
1
1
1
1
1
1
1
1
1
1
1
1
1
1
1
1
1
1
1
1
1
1
1
1
1
1
1
1
1
1
1
1
1
1
1
1
1
1
1
1
1
1
1
1
1
1
1
1
1
1
1
1
1
1
1
1
1
1
1
1
1
1
1
1
1
1
1
1
1
1
1
1
1
1
1
1
1
1
1
1
1
1
1
1
1
1
1
1
1
1
1
1
1
1
1
1
1
1
1
1
1
1
1
1
1
1
1
1
1
1
1
1
1
1
1
1
1
1
1
1
1
1
1
1
1
1
1
1
1
1
1
1
1
1
1
1
1
1
1
1
1
1
1
1
1
1
1
1
1
1
1
1
1
1
1
1
1
1
1
1
1
1
1
1
1
1
1
1
1
1
1
1
1
1
1
1
1
1
1
1
1
1
1
1
1
1
1
1
1
1
1
1
1
1
1
1
1
1
1
1
1
1
1
1
1
1
1
1
1
1
1
1
1
1
1
1
1
1
1
1
1
1
1
1
1
1
1
1
1
1
1
1
1
1
1
1
1
1
1
1
1
1
1
1
1
1
1
1
1
1
1
1
1
1
1
1
1
1
1
1
1
1
1
1
1
1
1
1
1
1
1
1
1
1
1
1
1
1
1
1
1
1
1
1
1
1
1
1
1
1
1
1
1
1
1
1
1
1
1
1
1
1
1
1
1
1
1
1
1
1
1
1
1
1
1
1
1
1
1
1
1
1
1
1
1
1
1
1
1
1
1
1
1
1
1
1
1
1
1
1
1
1
1
1
1
1
1
1
1
1
1
1
1
1
1
1
1
1
1
1
1
1
1
1
1
1
1
1
1
1
1
1
1
1
1
1
1
1
1
1
1
1
1
1
1
1
1
1
1
1
1
1
1
1
1
1
1
1
1
1
1
1
1
1
1
1
1
1
1
1
1
1
1
1
1
1
1
1
1
1
1
1
1
1
1
1
1
1
1
1
1
1
1
1
1
1
1
1
1
1
1
1
1
1
1
1
1
1
1
1
1
1
1
1
1
1
1
1
1
1
1
1
1
1
1
1
1
1
1
1
1
1
1
1
1
1
1
1
1
1
1
1
1
1
1
1
1
1
1
1
1
1
1
1
1
1
1
1
1
1
1
1
1
1
1
1
1
1
1
1
1
1
1
1
1
1
1
1
1
1
1
1
1
1
1
1
1
1
1
1
1
1
1
1
1
1
1
1
1
1
1
1
1
1
1
1
1
1
1
1
1
1
1
1
1
1
1
1
1
1
1
1
1
1
1
1
1
1
1
1
1
1
1
1
1
1
1
</DataArray>
</CellData>
</Piece>
</UnstructuredGrid>
</VTKFile>
