<?xml version="1.0"?>
<VTKFile type="UnstructuredGrid" version="0.1">
<UnstructuredGrid>
<Piece NumberOfPoints="2660" NumberOfCells="2552">
<Points><DataArray type="Float64" NumberOfComponents="3" format="ascii">
7.5 -1.000358622 0.0
7.5 -1.099681225 0.0
7.6 -1.099681225 0.0
7.6 -1.000358622 0.0
8.1 1.000358622 0.0
8 1.000358622 0.0
8 0.9003187749 0.0
8.1 0.9003187749 0.0
8 1.099681225 0.0
7.9 1.099681225 0.0
7.9 1.000358622 0.0
8.2 1.000358622 0.0
8.2 0.9003187749 0.0
8.3 0.9003187749 0.0
8.3 1.000358622 0.0
8.3 1.099681225 0.0
8.2 1.099681225 0.0
8.5 1.000358622 0.0
8.5 1.099681225 0.0
8.4 1.099681225 0.0
8.4 1.000358622 0.0
8.6 1.000358622 0.0
8.6 0.9003187749 0.0
8.7 0.9003187749 0.0
8.7 1.000358622 0.0
8 -1.000358622 0.0
8 -1.099681225 0.0
8.1 -1.099681225 0.0
8.1 -1.000358622 0.0
8.2 -1.000358622 0.0
8.2 -1.099681225 0.0
8.1 -0.9003187749 0.0
8 -0.9003187749 0.0
8.3 -1.099681225 0.0
8.3 -1.000358622 0.0
8.3 -0.9003187749 0.0
8.2 -0.9003187749 0.0
8.6 -1.000358622 0.0
8.5 -1.000358622 0.0
8.5 -1.099681225 0.0
8.6 -1.099681225 0.0
8.7 -1.000358622 0.0
8.7 -1.099681225 0.0
8.6 -0.9003187749 0.0
8.5 -0.9003187749 0.0
8.8 -1.099681225 0.0
8.8 -1.000358622 0.0
8.8 -0.9003187749 0.0
8.7 -0.9003187749 0.0
8.9 1.000358622 0.0
8.8 1.000358622 0.0
8.8 0.9003187749 0.0
8.9 0.9003187749 0.0
8.8 1.099681225 0.0
8.7 1.099681225 0.0
9 1.099681225 0.0
8.9 1.099681225 0.0
9 0.9996413783 0.0
9 0.9003187749 0.0
9.1 0.9003187749 0.0
9.099681225 1 0.0
6.9 -1.099681225 0.0
6.9 -1.199721072 0.0
7 -1.199721072 0.0
7 -1.099681225 0.0
7.3 -1.099681225 0.0
7.3 -1.199721072 0.0
7.4 -1.199721072 0.0
7.4 -1.099681225 0.0
7.5 -1.199721072 0.0
7.5 -0.9003187749 0.0
7.4 -0.9003187749 0.0
7.4 -1.000358622 0.0
7.6 -1.199721072 0.0
7.7 -1.199721072 0.0
7.7 -1.099681225 0.0
7.6 -0.9003187749 0.0
7.8 -1.199721072 0.0
7.8 -1.099681225 0.0
7.7 -1.000358622 0.0
7.7 -0.9003187749 0.0
7.9 -1.099681225 0.0
7.9 -1.199721072 0.0
7.8 -1.000358622 0.0
7.8 -0.9003187749 0.0
8 -1.199721072 0.0
7.9 -1.000358622 0.0
7.9 -0.9003187749 0.0
8.1 -1.199721072 0.0
8.2 -1.199721072 0.0
8.3 -1.199721072 0.0
8.4 -1.199721072 0.0
8.4 -1.099681225 0.0
7.8 0.9003187749 0.0
7.7 0.9003187749 0.0
7.7 0.800278928 0.0
7.8 0.800278928 0.0
7.8 1.000358622 0.0
7.8 1.099681225 0.0
7.7 1.099681225 0.0
7.7 1.000358622 0.0
7.9 0.800278928 0.0
7.9 0.9003187749 0.0
8.1 1.099681225 0.0
8.5 0.9003187749 0.0
8.5 0.800278928 0.0
8.6 0.800278928 0.0
8.4 -1.000358622 0.0
8.4 -0.9003187749 0.0
8.6 -1.199721072 0.0
8.7 -1.199721072 0.0
7.1 -1.199721072 0.0
7.2 -1.199721072 0.0
7.2 -1.099681225 0.0
7.1 -1.099681225 0.0
7.6 -0.800278928 0.0
7.7 -0.800278928 0.0
7.8 -0.800278928 0.0
7.9 -0.800278928 0.0
8 -0.800278928 0.0
8.1 -0.800278928 0.0
8.3 -0.800278928 0.0
8.2 -0.800278928 0.0
8.5 -1.199721072 0.0
8.5 -0.800278928 0.0
8.4 -0.800278928 0.0
8.8 -1.199721072 0.0
8.9 -1.099681225 0.0
8.9 -1.199721072 0.0
8.7 0.800278928 0.0
8.6 1.099681225 0.0
7.8 1.199721072 0.0
7.7 1.199721072 0.0
8 0.800278928 0.0
7.9 1.199721072 0.0
8.1 1.199721072 0.0
8 1.199721072 0.0
8.2 1.199721072 0.0
8.3 1.199721072 0.0
8.4 0.9003187749 0.0
8.4 0.800278928 0.0
8.4 1.199721072 0.0
8.6 1.199721072 0.0
8.5 1.199721072 0.0
8.7 1.199721072 0.0
8.8 1.199721072 0.0
8.8 0.800278928 0.0
9 1.199721072 0.0
8.9 1.199721072 0.0
9.1 1.099681225 0.0
8.7 -0.800278928 0.0
8.8 -0.800278928 0.0
8.9 0.800278928 0.0
9 0.800278928 0.0
8.9 -0.9003187749 0.0
8.9 -0.800278928 0.0
9 -1.099681225 0.0
8.999641378 -1 0.0
8.9 -1.000358622 0.0
9 -0.9003187749 0.0
9.099681225 -1 0.0
9.099681225 -1.1 0.0
9.199721072 -1.1 0.0
9.199721072 -1 0.0
9 -1.199721072 0.0
9.1 -1.199721072 0.0
9.099681225 -0.9 0.0
9.1 1.199721072 0.0
9.199721072 0.9 0.0
9.199721072 1 0.0
9 -0.800278928 0.0
9.1 -0.800278928 0.0
9.199721072 -0.9 0.0
9.199721072 -0.8 0.0
7.5 -0.800278928 0.0
7.4 -0.800278928 0.0
8.3 0.800278928 0.0
8.2 0.800278928 0.0
8.1 0.800278928 0.0
9.1 0.800278928 0.0
8.6 -0.800278928 0.0
9.199721072 1.1 0.0
9.299760919 -1 0.0
9.299760919 -0.9 0.0
8.2 -1.299760919 0.0
8.3 -1.299760919 0.0
8.1 -1.299760919 0.0
8 -1.299760919 0.0
7.9 -1.299760919 0.0
7.8 -1.299760919 0.0
7.7 -1.299760919 0.0
7.5 -1.299760919 0.0
7.6 -1.299760919 0.0
7.3 -1.299760919 0.0
7.4 -1.299760919 0.0
7.2 -1.299760919 0.0
7.1 -1.299760919 0.0
7 -1.299760919 0.0
8.4 -1.299760919 0.0
8.5 -1.299760919 0.0
8.6 -1.299760919 0.0
9 -1.299760919 0.0
9.1 -1.299760919 0.0
7.5 -0.7002390812 0.0
7.4 -0.7002390812 0.0
7.6 -0.7002390812 0.0
7.7 -0.7002390812 0.0
7.8 -0.7002390812 0.0
7.9 -0.7002390812 0.0
8 -0.7002390812 0.0
8.1 -0.7002390812 0.0
8.2 -0.7002390812 0.0
8.4 -0.7002390812 0.0
8.3 -0.7002390812 0.0
8.5 -0.7002390812 0.0
8.6 -0.7002390812 0.0
8.7 -0.7002390812 0.0
7.7 0.7002390812 0.0
7.8 0.7002390812 0.0
7.9 0.7002390812 0.0
8 0.7002390812 0.0
8.1 0.7002390812 0.0
8.2 0.7002390812 0.0
7.7 1.299760919 0.0
7.8 1.299760919 0.0
7.9 1.299760919 0.0
8 1.299760919 0.0
8.1 1.299760919 0.0
8.2 1.299760919 0.0
8.3 1.299760919 0.0
8.4 1.299760919 0.0
8.5 1.299760919 0.0
8.6 1.299760919 0.0
8.5 0.7002390812 0.0
8.6 0.7002390812 0.0
8.7 1.299760919 0.0
8.8 1.299760919 0.0
9 0.7002390812 0.0
9.1 0.7002390812 0.0
9.2 0.800278928 0.0
9.2 0.7002390812 0.0
9.299760919 -1.1 0.0
9.199721072 -1.2 0.0
9.299760919 -1.2 0.0
8.9 1.299760919 0.0
9 1.299760919 0.0
8.8 -0.7002390812 0.0
8.9 -0.7002390812 0.0
9 -0.7002390812 0.0
9.1 1.299760919 0.0
9.2 1.199721072 0.0
9.2 1.299760919 0.0
9.299760919 1.1 0.0
9.299760919 1.2 0.0
9.2 -1.299760919 0.0
9.299760919 0.9 0.0
9.299760919 1 0.0
9.299760919 0.8 0.0
9.1 -0.7002390812 0.0
9.2 -0.7002390812 0.0
8.7 -1.299760919 0.0
8.4 0.7002390812 0.0
8.7 0.7002390812 0.0
8.8 0.7002390812 0.0
8.9 0.7002390812 0.0
8.9 -1.299760919 0.0
9.299760919 -0.8 0.0
9.399800766 -1 0.0
9.399800766 -0.9 0.0
8.7 -1.399800766 0.0
8.8 -1.399800766 0.0
8.8 -1.299760919 0.0
8.6 -1.399800766 0.0
8.5 -1.399800766 0.0
8.4 -1.399800766 0.0
8.3 -1.399800766 0.0
8.2 -1.399800766 0.0
8.1 -1.399800766 0.0
8 -1.399800766 0.0
7.9 -1.399800766 0.0
7.8 -1.399800766 0.0
7.7 -1.399800766 0.0
7.6 -1.399800766 0.0
7.5 -1.399800766 0.0
7.4 -1.399800766 0.0
7.3 -1.399800766 0.0
7.2 -1.399800766 0.0
7.1 -1.399800766 0.0
7 -1.399800766 0.0
6.9 -1.299760919 0.0
6.9 -1.399800766 0.0
7.8 -0.6001992343 0.0
7.7 -0.6001992343 0.0
7.9 -0.6001992343 0.0
8 -0.6001992343 0.0
8.1 -0.6001992343 0.0
8.2 -0.6001992343 0.0
9.399800766 1 0.0
9.399800766 1.1 0.0
9.399800766 0.9 0.0
8.9 -1.399800766 0.0
9 -1.399800766 0.0
8.3 -0.6001992343 0.0
8.4 -0.6001992343 0.0
8.5 -0.6001992343 0.0
8.6 -0.6001992343 0.0
8.7 -0.6001992343 0.0
7.8 1.399800766 0.0
7.9 1.399800766 0.0
8 1.399800766 0.0
8.1 1.399800766 0.0
8.2 1.399800766 0.0
8.3 1.399800766 0.0
8.4 1.399800766 0.0
8.6 1.399800766 0.0
8.5 1.399800766 0.0
8.8 1.399800766 0.0
8.7 1.399800766 0.0
8.9 1.399800766 0.0
8.8 -0.6001992343 0.0
8.9 -0.6001992343 0.0
9 -0.6001992343 0.0
9.1 -0.6001992343 0.0
7.9 0.6001992343 0.0
8 0.6001992343 0.0
8.1 0.6001992343 0.0
8.2 0.6001992343 0.0
8.3 0.7002390812 0.0
9.1 0.6001992343 0.0
9.2 0.6001992343 0.0
9.399800766 -1.1 0.0
9 1.399800766 0.0
9.1 1.399800766 0.0
9.2 1.399800766 0.0
9.3 1.299760919 0.0
9.3 1.399800766 0.0
9.3 0.7002390812 0.0
9.399800766 -1.2 0.0
9.1 -1.399800766 0.0
9.2 -1.399800766 0.0
9.299760919 -0.7 0.0
9.299760919 -1.3 0.0
9.399800766 -1.3 0.0
9.399800766 1.2 0.0
9.399800766 1.3 0.0
9.399800766 0.8 0.0
9.399800766 0.7 0.0
9.2 -0.6001992343 0.0
9.3 -0.6001992343 0.0
8.8 0.6001992343 0.0
8.9 0.6001992343 0.0
9 0.6001992343 0.0
9.399800766 -0.8 0.0
9.499840613 -1 0.0
9.499840613 -0.9 0.0
9.399800766 -0.7 0.0
9.499840613 -0.8 0.0
9.499840613 -0.7 0.0
9.399800766 -0.6 0.0
9.499840613 -0.6 0.0
8.2 -1.499840613 0.0
8.3 -1.499840613 0.0
8.1 -1.499840613 0.0
8 -1.499840613 0.0
7.9 -1.499840613 0.0
7.8 -1.499840613 0.0
7.7 -1.499840613 0.0
7.6 -1.499840613 0.0
7.5 -1.499840613 0.0
7.4 -1.499840613 0.0
7.3 -1.499840613 0.0
7.2 -1.499840613 0.0
7.1 -1.499840613 0.0
7 -1.499840613 0.0
6.9 -1.499840613 0.0
7.9 1.499840613 0.0
7.8 1.499840613 0.0
8 1.499840613 0.0
8.1 1.499840613 0.0
8.3 1.499840613 0.0
8.2 1.499840613 0.0
8.4 1.499840613 0.0
8.5 1.499840613 0.0
8.7 1.499840613 0.0
8.6 1.499840613 0.0
8.8 1.499840613 0.0
8.9 1.499840613 0.0
9 1.499840613 0.0
7.7 0.6001992343 0.0
7.8 0.6001992343 0.0
7.7 0.5001593874 0.0
7.8 0.5001593874 0.0
7.9 0.5001593874 0.0
7.7 -0.5001593874 0.0
7.8 -0.5001593874 0.0
7.9 -0.5001593874 0.0
8 -0.5001593874 0.0
8.1 -0.5001593874 0.0
8.2 -0.5001593874 0.0
8.3 -0.5001593874 0.0
9.499840613 -1.1 0.0
9.499840613 -1.2 0.0
8.5 -1.499840613 0.0
8.6 -1.499840613 0.0
8.4 -0.5001593874 0.0
8.5 -0.5001593874 0.0
8.6 -0.5001593874 0.0
8.7 -0.5001593874 0.0
8.9 -0.5001593874 0.0
8.8 -0.5001593874 0.0
9 -0.5001593874 0.0
9.1 -0.5001593874 0.0
8.7 -1.499840613 0.0
8.8 -1.499840613 0.0
8.1 0.5001593874 0.0
8.2 0.5001593874 0.0
8.3 0.6001992343 0.0
8.4 0.6001992343 0.0
9.1 1.499840613 0.0
9.2 1.499840613 0.0
9.3 1.499840613 0.0
8.5 0.6001992343 0.0
8.5 0.5001593874 0.0
8.6 0.5001593874 0.0
8.6 0.6001992343 0.0
8.7 0.6001992343 0.0
8.7 0.5001593874 0.0
9.499840613 -1.3 0.0
9.399800766 -1.4 0.0
9.499840613 -1.4 0.0
9.499840613 0.9 0.0
9.499840613 1 0.0
9.499840613 1.2 0.0
9.499840613 1.3 0.0
8.8 0.5001593874 0.0
8.9 0.5001593874 0.0
9 0.5001593874 0.0
9.1 0.5001593874 0.0
9.2 0.5001593874 0.0
9.3 0.6001992343 0.0
9.2 -0.5001593874 0.0
9.3 -0.5001593874 0.0
9.4 0.6001992343 0.0
9.3 0.5001593874 0.0
9.4 0.5001593874 0.0
9.3 -1.399800766 0.0
9.499840613 0.7 0.0
9.499840613 0.8 0.0
9.499840613 0.6 0.0
9.4 1.399800766 0.0
9.4 1.499840613 0.0
9.4 -0.5001593874 0.0
9.3 -1.499840613 0.0
9.4 -1.499840613 0.0
9 -1.499840613 0.0
9.1 -1.499840613 0.0
8.4 -1.499840613 0.0
9.2 -1.499840613 0.0
9.499840613 1.1 0.0
7.8 -0.4001195406 0.0
7.7 -0.4001195406 0.0
8 -0.4001195406 0.0
7.9 -0.4001195406 0.0
8.1 -0.4001195406 0.0
8.2 -0.4001195406 0.0
8.3 -0.4001195406 0.0
8.4 -0.4001195406 0.0
8.5 -0.4001195406 0.0
8.6 -0.4001195406 0.0
8.7 -0.4001195406 0.0
8.8 -0.4001195406 0.0
8.9 -0.4001195406 0.0
9 -0.4001195406 0.0
9.1 -0.4001195406 0.0
9.2 -0.4001195406 0.0
9.599880459 -0.8 0.0
9.599880459 -0.7 0.0
8.4 1.599880459 0.0
8.3 1.599880459 0.0
8.2 1.599880459 0.0
8.1 1.599880459 0.0
8 1.599880459 0.0
7.9 1.599880459 0.0
7.8 1.599880459 0.0
8.9 -1.499840613 0.0
8.9 -1.599880459 0.0
9 -1.599880459 0.0
8.8 -1.599880459 0.0
8.7 -1.599880459 0.0
8.6 -1.599880459 0.0
8.5 -1.599880459 0.0
8.4 -1.599880459 0.0
8.3 -1.599880459 0.0
8.1 -1.599880459 0.0
8.2 -1.599880459 0.0
8 -1.599880459 0.0
7.9 -1.599880459 0.0
7.8 -1.599880459 0.0
7.7 -1.599880459 0.0
7.5 -1.599880459 0.0
7.6 -1.599880459 0.0
7.4 -1.599880459 0.0
9.1 -1.599880459 0.0
9.2 -1.599880459 0.0
9.3 -1.599880459 0.0
9.4 -1.599880459 0.0
8 0.5001593874 0.0
8 0.4001195406 0.0
8.1 0.4001195406 0.0
8.3 0.5001593874 0.0
8.4 0.5001593874 0.0
8.4 0.4001195406 0.0
8.5 0.4001195406 0.0
8.6 0.4001195406 0.0
9.1 0.4001195406 0.0
9.2 0.4001195406 0.0
9.599880459 -1 0.0
9.599880459 -0.9 0.0
9.599880459 -1.1 0.0
9.599880459 -1.2 0.0
9.599880459 0.7 0.0
9.599880459 0.8 0.0
9.599880459 -1.3 0.0
9.599880459 -1.4 0.0
8.5 1.599880459 0.0
8.6 1.599880459 0.0
9.599880459 1.1 0.0
9.599880459 1.2 0.0
7.3 -1.599880459 0.0
7.2 -1.599880459 0.0
7.1 -1.599880459 0.0
7 -1.599880459 0.0
8.7 1.599880459 0.0
8.8 1.599880459 0.0
8.9 1.599880459 0.0
9.1 1.599880459 0.0
9 1.599880459 0.0
9.2 1.599880459 0.0
9.4 1.599880459 0.0
9.3 1.599880459 0.0
9.5 1.499840613 0.0
9.5 1.599880459 0.0
9.499840613 -0.5 0.0
9.3 -0.4001195406 0.0
9.499840613 -1.5 0.0
9.599880459 -1.5 0.0
9.5 0.5001593874 0.0
9.599880459 0.5 0.0
9.599880459 0.6 0.0
9.499840613 1.4 0.0
9.599880459 1.5 0.0
9.6 1.599880459 0.0
9.5 -1.599880459 0.0
9.5 -0.4001195406 0.0
9.4 -0.4001195406 0.0
9.599880459 1 0.0
8.3 0.4001195406 0.0
8.8 0.4001195406 0.0
8.9 0.4001195406 0.0
9.599880459 0.9 0.0
9.599880459 -0.6 0.0
9.599880459 -0.5 0.0
9.699920306 -1 0.0
9.699920306 -0.9 0.0
9.699920306 -1.1 0.0
9.699920306 -1.2 0.0
9.699920306 -1.3 0.0
9.699920306 -1.4 0.0
7.8 0.4001195406 0.0
7.7 0.4001195406 0.0
7.8 0.3000796937 0.0
7.9 0.3000796937 0.0
7.9 0.4001195406 0.0
8 0.3000796937 0.0
8.4 0.3000796937 0.0
8.5 0.3000796937 0.0
8.7 0.4001195406 0.0
8.8 0.3000796937 0.0
8.9 0.3000796937 0.0
9 0.4001195406 0.0
8.2 -1.699920306 0.0
8.3 -1.699920306 0.0
8.1 -1.699920306 0.0
8 -1.699920306 0.0
7.9 -1.699920306 0.0
7.8 -1.699920306 0.0
7.7 -1.699920306 0.0
7.6 -1.699920306 0.0
7.5 -1.699920306 0.0
7.4 -1.699920306 0.0
7.3 -1.699920306 0.0
7.2 -1.699920306 0.0
7.1 -1.699920306 0.0
7 -1.699920306 0.0
6.9 -1.599880459 0.0
6.9 -1.699920306 0.0
9.699920306 1 0.0
9.699920306 1.1 0.0
9.599880459 1.3 0.0
9.599880459 1.4 0.0
7.8 -0.3000796937 0.0
7.7 -0.3000796937 0.0
7.9 -0.3000796937 0.0
8 -0.3000796937 0.0
8.1 -0.3000796937 0.0
8.2 -0.3000796937 0.0
8.3 -0.3000796937 0.0
8.4 -0.3000796937 0.0
8.5 -0.3000796937 0.0
8.6 -0.3000796937 0.0
8.7 -0.3000796937 0.0
8.8 -0.3000796937 0.0
8.9 -0.3000796937 0.0
9 -0.3000796937 0.0
9.1 -0.3000796937 0.0
9.2 -0.3000796937 0.0
7.9 1.699920306 0.0
7.8 1.699920306 0.0
8 1.699920306 0.0
8.1 1.699920306 0.0
8.2 1.699920306 0.0
8.3 1.699920306 0.0
8.4 1.699920306 0.0
8.5 1.699920306 0.0
8.6 1.699920306 0.0
8.8 1.699920306 0.0
8.7 1.699920306 0.0
8.9 1.699920306 0.0
9 1.699920306 0.0
9.1 1.699920306 0.0
9.2 1.699920306 0.0
9.3 1.699920306 0.0
9.4 1.699920306 0.0
9.699920306 -0.6 0.0
9.699920306 -0.5 0.0
9.2 0.3000796937 0.0
9.3 0.3000796937 0.0
9.3 0.4001195406 0.0
9.4 0.4001195406 0.0
9.4 0.3000796937 0.0
9.5 0.4001195406 0.0
9.5 0.3000796937 0.0
9.6 0.4001195406 0.0
9.6 0.3000796937 0.0
9.4 -1.699920306 0.0
9.5 -1.699920306 0.0
9.699920306 0.7 0.0
9.699920306 0.8 0.0
9.5 1.699920306 0.0
9.6 1.699920306 0.0
9.3 -0.3000796937 0.0
9.4 -0.3000796937 0.0
9.699920306 0.6 0.0
9.599880459 -0.4 0.0
9.699920306 1.5 0.0
9.699920306 1.6 0.0
9.5 -0.3000796937 0.0
9.6 -0.3000796937 0.0
9.599880459 -1.6 0.0
9.699920306 -1.6 0.0
9.699920306 -1.5 0.0
9.699920306 0.5 0.0
9.699920306 0.4 0.0
7.7 0.3000796937 0.0
8.7 0.3000796937 0.0
8.6 0.3000796937 0.0
9 0.3000796937 0.0
9.1 0.3000796937 0.0
9.3 -1.699920306 0.0
9.2 -1.699920306 0.0
9.699920306 1.3 0.0
9.699920306 1.2 0.0
9.699920306 1.4 0.0
9.799960153 -1 0.0
9.799960153 -0.9 0.0
7.9 0.2000398469 0.0
8 0.2000398469 0.0
8.1 0.3000796937 0.0
8.1 0.2000398469 0.0
8.2 0.3000796937 0.0
8.2 0.4001195406 0.0
8.3 0.3000796937 0.0
9.1 0.2000398469 0.0
9.2 0.2000398469 0.0
9.3 0.2000398469 0.0
9.4 0.2000398469 0.0
9.7 0.3000796937 0.0
9.699920306 0.9 0.0
9.799960153 0.9 0.0
9.799960153 1 0.0
9.799960153 0.8 0.0
8.4 -1.699920306 0.0
8.2 -1.799960153 0.0
8.3 -1.799960153 0.0
8.1 -1.799960153 0.0
8 -1.799960153 0.0
7.9 -1.799960153 0.0
7.8 -1.799960153 0.0
7.7 -1.799960153 0.0
7.6 -1.799960153 0.0
7.5 -1.799960153 0.0
7.4 -1.799960153 0.0
7.3 -1.799960153 0.0
7.2 -1.799960153 0.0
7.1 -1.799960153 0.0
7 -1.799960153 0.0
8.5 -1.699920306 0.0
8.4 -1.799960153 0.0
8.5 -1.799960153 0.0
8.6 -1.699920306 0.0
8.7 -1.699920306 0.0
8.8 -1.699920306 0.0
8.9 -1.699920306 0.0
9 -1.699920306 0.0
7.8 -0.2000398469 0.0
7.7 -0.2000398469 0.0
8 -0.2000398469 0.0
7.9 -0.2000398469 0.0
8.1 -0.2000398469 0.0
8.3 -0.2000398469 0.0
8.2 -0.2000398469 0.0
8.4 -0.2000398469 0.0
8.5 -0.2000398469 0.0
8.6 -0.2000398469 0.0
7.9 1.799960153 0.0
7.8 1.799960153 0.0
8 1.799960153 0.0
8.1 1.799960153 0.0
8.2 1.799960153 0.0
8.3 1.799960153 0.0
8.4 1.799960153 0.0
8.5 1.799960153 0.0
8.7 1.799960153 0.0
8.6 1.799960153 0.0
8.8 1.799960153 0.0
8.9 1.799960153 0.0
9 1.799960153 0.0
9.1 1.799960153 0.0
9.2 1.799960153 0.0
9.3 1.799960153 0.0
8.7 -0.2000398469 0.0
8.8 -0.2000398469 0.0
8.9 -0.2000398469 0.0
9.1 -0.2000398469 0.0
9 -0.2000398469 0.0
9.2 -0.2000398469 0.0
9.4 1.799960153 0.0
9.3 -1.799960153 0.0
9.4 -1.799960153 0.0
9.5 -1.799960153 0.0
9.6 -1.699920306 0.0
9.799960153 -1.1 0.0
9.799960153 -1.2 0.0
9.799960153 -1.3 0.0
9.799960153 -1.4 0.0
9.799960153 -1.5 0.0
9.799960153 -1.6 0.0
9.699920306 -1.7 0.0
9.799960153 -1.7 0.0
9.699920306 -0.8 0.0
9.799960153 -0.8 0.0
9.799960153 -0.7 0.0
9.699920306 -0.7 0.0
9.799960153 -0.6 0.0
9.799960153 -0.5 0.0
9.799960153 -0.4 0.0
9.699920306 -0.4 0.0
9.699920306 -0.3 0.0
9.799960153 1.4 0.0
9.799960153 1.5 0.0
9.799960153 0.7 0.0
9.799960153 0.6 0.0
9.4 -0.2000398469 0.0
9.3 -0.2000398469 0.0
9.5 -0.2000398469 0.0
9.799960153 0.5 0.0
9.799960153 1.6 0.0
9.5 1.799960153 0.0
9.6 1.799960153 0.0
9.7 1.699920306 0.0
9.7 1.799960153 0.0
9.6 -0.2000398469 0.0
9.7 -0.2000398469 0.0
9.6 -1.799960153 0.0
9.7 -1.799960153 0.0
9.799960153 1.7 0.0
9.799960153 0.4 0.0
9.799960153 0.3 0.0
8.2 0.2000398469 0.0
8.3 0.2000398469 0.0
8.4 0.2000398469 0.0
8.6 0.2000398469 0.0
8.5 0.2000398469 0.0
8.7 0.2000398469 0.0
8.8 0.2000398469 0.0
8.9 0.2000398469 0.0
6.9 -1.799960153 0.0
8.6 -1.799960153 0.0
8.7 -1.799960153 0.0
8.8 -1.799960153 0.0
8.9 -1.799960153 0.0
9 -1.799960153 0.0
9.1 -1.799960153 0.0
9.1 -1.699920306 0.0
9.2 -1.799960153 0.0
7.7 0.2000398469 0.0
7.8 0.2000398469 0.0
7.8 -0.1 0.0
7.7 -0.1 0.0
7.9 -0.1 0.0
8 -0.1 0.0
8.1 -0.1 0.0
8.2 -0.1 0.0
8.3 -0.1 0.0
8.4 -0.1 0.0
8.5 -0.1 0.0
8.6 -0.1 0.0
8.7 -0.1 0.0
8.8 -0.1 0.0
8.9 -0.1 0.0
9 -0.1 0.0
9.1 -0.1 0.0
9.2 -0.1 0.0
9.3 -0.1 0.0
9.4 -0.1 0.0
9.5 -0.1 0.0
9.6 -0.1 0.0
8.2 -1.9 0.0
8.3 -1.9 0.0
7.7 0.1 0.0
7.8 0.1 0.0
8.2 0.1 0.0
8.3 0.1 0.0
8.4 0.1 0.0
8.5 0.1 0.0
8.7 0.1 0.0
8.8 0.1 0.0
8.9 0.1 0.0
9 0.1 0.0
9 0.2000398469 0.0
9.1 0.1 0.0
9.2 0.1 0.0
9.3 0.1 0.0
9.5 0.2000398469 0.0
9.7 0.2000398469 0.0
9.6 0.2000398469 0.0
9.6 0.1 0.0
9.7 0.1 0.0
8.1 -1.9 0.0
8 -1.9 0.0
7.9 -1.9 0.0
7.8 -1.9 0.0
7.6 -1.9 0.0
7.7 -1.9 0.0
7.5 -1.9 0.0
7.4 -1.9 0.0
7.3 -1.9 0.0
7.2 -1.9 0.0
7.1 -1.9 0.0
7 -1.9 0.0
6.9 -1.9 0.0
9.9 -1 0.0
9.9 -0.9 0.0
7.9 1.9 0.0
7.8 1.9 0.0
8 1.9 0.0
8.1 1.9 0.0
8.2 1.9 0.0
9.799960153 1.1 0.0
8.3 1.9 0.0
8.4 1.9 0.0
8.5 1.9 0.0
8.6 1.9 0.0
8.7 1.9 0.0
8.8 1.9 0.0
8.9 1.9 0.0
9 1.9 0.0
9.1 1.9 0.0
9.2 1.9 0.0
9.3 1.9 0.0
9.5 1.9 0.0
9.4 1.9 0.0
9.6 1.9 0.0
9.8 1.799960153 0.0
9.8 1.9 0.0
9.7 1.9 0.0
9.3 -1.9 0.0
9.4 -1.9 0.0
9.799960153 -0.3 0.0
9.799960153 -0.2 0.0
9.9 -0.3 0.0
9.9 -0.2 0.0
9.7 -0.1 0.0
9.8 -0.1 0.0
9.9 -1.1 0.0
9.9 -1.2 0.0
9.9 -1.3 0.0
9.799960153 1.3 0.0
9.799960153 1.2 0.0
9.9 -1.5 0.0
9.9 -1.4 0.0
9.9 -1.6 0.0
9.9 -1.7 0.0
9.799960153 -1.8 0.0
9.9 -1.8 0.0
9.9 1.7 0.0
9.9 1.8 0.0
9.8 0.2000398469 0.0
9.8 0.1 0.0
9.6 -1.9 0.0
9.7 -1.9 0.0
9.8 -1.9 0.0
9.9 0.3 0.0
9.9 0.4 0.0
9.9 0.2 0.0
9.9 0.5 0.0
9.9 0.6 0.0
9.9 0.7 0.0
7.9 0.1 0.0
8 0.1 0.0
8.1 0.1 0.0
9.9 0.8 0.0
9.9 0.9 0.0
9.9 1 0.0
9.9 1.1 0.0
9.9 1.2 0.0
8.6 -1.9 0.0
8.5 -1.9 0.0
8.7 -1.9 0.0
9.4 0.1 0.0
9.5 0.1 0.0
9.9 1.3 0.0
9.9 1.4 0.0
8.8 -1.9 0.0
8.9 -1.9 0.0
9 -1.9 0.0
9.9 -0.7 0.0
9.9 -0.6 0.0
9.9 -0.5 0.0
9.9 -0.4 0.0
9.1 -1.9 0.0
9.2 -1.9 0.0
9.5 -1.9 0.0
9.9 1.5 0.0
9.9 -0.1 0.0
9.9 1.6 0.0
9.4 2 0.0
9.3 2 0.0
9.2 2 0.0
9.1 2 0.0
9 2 0.0
8.9 2 0.0
9.7 2 0.0
9.6 2 0.0
9.8 2 0.0
8.8 2 0.0
8.6 2 0.0
8.5 2 0.0
8.3 2 0.0
8.2 2 0.0
8.1 2 0.0
8 2 0.0
7.9 2 0.0
7.8 2 0.0
8.7 0 0.0
8.6 0 0.0
8.5 0 0.0
8.4 0 0.0
8.3 0 0.0
8.1 0 0.0
8 0 0.0
7.8 0 0.0
7.9 0 0.0
10 0.3 0.0
10 0.4 0.0
10 0.5 0.0
10 0.6 0.0
10 0.7 0.0
10 0.8 0.0
10 -1.2 0.0
10 -1.1 0.0
9.9 -0.8 0.0
10 -1 0.0
10 -0.9 0.0
7.3 -2 0.0
7.4 -2 0.0
7.6 -2 0.0
7.7 -2 0.0
7.9 -2 0.0
8 -2 0.0
8.1 -2 0.0
8.2 -2 0.0
8.4 -1.9 0.0
8.3 -2 0.0
8.4 -2 0.0
8.8 0 0.0
8.9 0 0.0
8.6 0.1 0.0
9 0 0.0
9.1 0 0.0
10 -1.3 0.0
10 -1.4 0.0
10 -1.5 0.0
9.4 0 0.0
9.5 0 0.0
10 1.3 0.0
10 1.4 0.0
9.2 0 0.0
9.3 0 0.0
10 -0.8 0.0
10 -0.7 0.0
10 1.5 0.0
10 1.6 0.0
9.1 -2 0.0
9.2 -2 0.0
9.6 0 0.0
10 -0.4 0.0
10 -0.3 0.0
10 -1.7 0.0
10 -1.6 0.0
10 -1.8 0.0
9.9 -1.9 0.0
10 -1.9 0.0
9.3 -2 0.0
9.4 -2 0.0
9.5 -2 0.0
9.6 -2 0.0
10 -0.2 0.0
10 -0.1 0.0
9.9 0.1 0.0
9.7 -2 0.0
9.8 -2 0.0
10 1.7 0.0
9.9 -2 0.0
9.8 0 0.0
9.9 0 0.0
9.7 0 0.0
10 1.8 0.0
9.9 1.9 0.0
10 1.9 0.0
8.6 -2 0.0
8.7 -2 0.0
8.5 -2 0.0
7.8 -2 0.0
6.9 -2 0.0
7 -2 0.0
10 1 0.0
10 0.9 0.0
10 1.1 0.0
10 1.2 0.0
8.8 -2 0.0
9.9 2 0.0
10 -0.5 0.0
7.5 -2 0.0
7.1 -2 0.0
7.2 -2 0.0
8.2 0 0.0
9.5 2 0.0
8.9 -2 0.0
9 -2 0.0
8.4 2 0.0
8.7 2 0.0
7.7 0 0.0
10 -2 0.0
10 -0.6 0.0
10 0.1 0.0
10 0.2 0.0
10 2 0.0
10 0 0.0
13.85932647 -5.806705095 0.0
15.30413136 -5.928525695 0.0
14.44905409 -5.033150549 0.0
16.67195861 3.216666589 0.0
16.20982517 2.341171169 0.0
16.99126035 1.7865422 0.0
14.43481002 7.347206172 0.0
13.27177254 8.326561286 0.0
13.14789139 6.915250947 0.0
2.451665544 -10.98129349 0.0
2.705501583 -9.545546868 0.0
1.368833989 -9.685722684 0.0
1.664908122 -12.30655609 0.0
0.5043114286 -10.83198118 0.0
-0.9627463598 -11.67602003 0.0
15.79670374 1.414712326 0.0
14.61338708 -7.143047568 0.0
13.41712213 -6.61698743 0.0
13.05266145 -8.132110062 0.0
17.01375503 -1.040730851 0.0
18.55132456 -0.05723072274 0.0
16.86930965 0.3868183109 0.0
17.64208159 4.066199857 0.0
16.31815769 6.474066881 0.0
16.01971017 4.755340074 0.0
11.09397603 8.979435617 0.0
11.515788 10.27160456 0.0
10.05644834 9.213413728 0.0
14.91104072 -4.361233347 0.0
15.9335935 -4.711670065 0.0
15.62901922 -3.727177083 0.0
12.12747746 8.556356633 0.0
15.8032853 0.572591596 0.0
15.83904055 -0.3461832084 0.0
-4.754709605 10.92661638 0.0
-2.513559288 10.01743365 0.0
-2.388360466 11.85104395 0.0
4.398118456 9.60942665 0.0
3.863696196 8.168077292 0.0
5.015324374 8.195029332 0.0
-2.38402987 16.45231955 0.0
-3.038178651 13.44756297 0.0
-0.5560253847 13.80235413 0.0
9.17271261 -11.63051926 0.0
6.969728829 -11.15286774 0.0
7.249644014 -12.83249287 0.0
17.25337745 -4.242676432 0.0
18.63066114 -1.983611584 0.0
17.10613978 -2.225573562 0.0
13.7467435 4.859968352 0.0
14.7447961 3.964757722 0.0
15.03563433 5.118929909 0.0
13.78515137 3.465083431 0.0
14.48408239 2.849604548 0.0
10.70586624 8.054193937 0.0
10.65266377 6.914528711 0.0
11.82348841 7.489799283 0.0
7.636691415 -8.18105107 0.0
6.469344127 -8.179400107 0.0
7.076508232 -9.672984497 0.0
4.46044073 -8.195707624 0.0
3.344263029 -8.211921255 0.0
3.959864921 -9.625083482 0.0
7.458376536 8.269596429 0.0
7.042420869 6.973522764 0.0
8.007461776 7.040272979 0.0
14.86292115 1.932042186 0.0
14.87644372 1.056269381 0.0
14.3433232 -3.847867688 0.0
13.26099212 -3.83169613 0.0
13.79689814 -4.723715752 0.0
-9.02755874 -18.61329164 0.0
-6.001176139 -19.6503863 0.0
-6.14101612 -15.82921212 0.0
-6.070899188 15.85534897 0.0
-5.906118178 19.674909 0.0
-8.96428146 18.63023814 0.0
15.7130696 -13.09340349 0.0
15.0885574 -10.46459487 0.0
13.41535811 -11.68102074 0.0
13.07030081 -5.361609717 0.0
12.42198449 -4.384035165 0.0
12.00782394 -5.075493627 0.0
12.21747369 6.255332734 0.0
11.40076815 5.788628601 0.0
10.41821508 5.893062309 0.0
5.980507088 -6.142825466 0.0
6.466000512 -7.14587703 0.0
6.648945647 -6.030319659 0.0
6.589700828 6.018825512 0.0
6.012501066 6.938866014 0.0
5.968434214 6.060998865 0.0
14.06734504 -2.837972805 0.0
15.13244429 -3.065934905 0.0
2.848801161 7.089996128 0.0
2.598822516 6.02289932 0.0
3.257615361 6.060279087 0.0
5.410260741 6.059658847 0.0
12.44433705 -3.620317758 0.0
12.25124471 16.19752792 0.0
9.685867364 17.18321401 0.0
9.972948031 13.88781834 0.0
13.49183849 1.530694061 0.0
13.23712945 2.125457664 0.0
12.66685112 1.615175113 0.0
8.013811315 -5.985965234 0.0
7.269029149 -5.951765659 0.0
7.663690607 -7.051074701 0.0
8.46373525 -5.243825587 0.0
8.765471273 -6.052947441 0.0
9.049395185 -5.283206746 0.0
8.932715811 -7.010306703 0.0
8.702405956 -8.415255028 0.0
9.977209524 -7.999291051 0.0
3.411236072 -7.124654421 0.0
3.860751184 -6.002126097 0.0
2.997317298 -6.062070982 0.0
8.555896352 5.282957716 0.0
9.160743982 5.260045807 0.0
8.896231672 6.181186185 0.0
14.06071396 -2.025149694 0.0
13.19045774 -1.737225423 0.0
13.12360015 -2.39938555 0.0
10.35891044 -5.552925165 0.0
9.936224974 -6.567335783 0.0
11.10654217 -6.36972382 0.0
15.52792389 2.792906866 0.0
21.67542799 21.19061769 0.0
17.26203549 19.0803934 0.0
20.1081475 16.72827261 0.0
11.281753 3.69989946 0.0
10.78936099 3.469783668 0.0
11.18842324 3.193912753 0.0
11.80685202 4.218124853 0.0
11.29961834 4.744666996 0.0
11.1678163 4.084003433 0.0
13.27079456 -0.7699295229 0.0
13.21727316 -1.301414078 0.0
14.12429015 -1.188808842 0.0
7.491887602 -5.241098779 0.0
6.982399229 -5.257026738 0.0
6.536950227 -19.60245063 0.0
3.460538119 -19.61874029 0.0
5.453846327 -23.42124223 0.0
4.158728789 -5.268270043 0.0
3.579208275 -5.252247226 0.0
4.246704783 5.245938803 0.0
3.947752935 6.142876038 0.0
3.620194608 5.268539171 0.0
6.312908738 4.58194079 0.0
6.909263763 4.6055571 0.0
6.599655971 5.312927608 0.0
11.99571453 2.699064218 0.0
12.57905865 2.970633698 0.0
12.08638684 3.239192074 0.0
11.78703101 2.234144829 0.0
12.34122903 2.113914823 0.0
10.63889821 -4.028408497 0.0
10.21766906 -3.815376541 0.0
10.10869115 -4.340193677 0.0
10.39867309 5.226488983 0.0
10.0924794 4.55110919 0.0
10.6911141 4.561247461 0.0
4.005526184 4.623829521 0.0
4.456667382 4.65092145 0.0
6.102829695 4.073410562 0.0
6.508860266 4.058593977 0.0
7.711306029 4.095440831 0.0
7.452571861 4.702452054 0.0
7.283778771 4.074807445 0.0
12.08691409 -0.04647254427 0.0
12.10756818 -0.4177602623 0.0
12.67306105 -0.2538363687 0.0
10.6088362 4.009238081 0.0
10.34782066 3.513518164 0.0
-8.111689119 -36.8856258 0.0
-4.276154327 -31.19530635 0.0
-9.266966683 -30.36944289 0.0
-7.985677041 36.89368686 0.0
-9.152431736 30.15482547 0.0
-4.31774307 31.10260805 0.0
8.001530961 37.80215785 0.0
4.837144662 31.59364455 0.0
9.860996321 31.27327489 0.0
12.50628651 -2.076776853 0.0
12.43643717 -2.609964349 0.0
11.51579482 -2.641617953 0.0
11.15961508 -2.847855666 0.0
11.56115473 -3.085839759 0.0
10.32664319 -3.479567498 0.0
10.18524945 -3.169456023 0.0
9.913173764 -3.346159959 0.0
11.43538303 2.329108686 0.0
11.14912563 2.188595507 0.0
11.3337844 1.91380661 0.0
11.53405557 2.816693475 0.0
11.16715015 2.568045168 0.0
13.36864117 0.3952175693 0.0
12.63387462 0.6588238115 0.0
12.6180493 0.2170925312 0.0
12.04022954 1.782796331 0.0
11.66442487 1.934183473 0.0
11.64894622 1.601316068 0.0
16.11109065 -2.376589036 0.0
14.95937173 -2.025398197 0.0
9.753450816 -4.038251156 0.0
9.921995377 -3.676393333 0.0
9.593697579 -3.645790513 0.0
8.18492834 -4.107162961 0.0
7.783209443 -4.097474757 0.0
7.964186952 -4.698148931 0.0
2.609738436 4.72155769 0.0
2.436641009 4.0935156 0.0
2.865519458 4.092561694 0.0
11.06492275 -3.323929619 0.0
10.76106132 -2.978937624 0.0
16.18909391 36.74785746 0.0
22.37283582 42.83160496 0.0
15.14353053 45.33002563 0.0
10.66892365 3.156717551 0.0
10.33673935 3.233181716 0.0
10.43971227 2.897987806 0.0
10.57221562 -3.198469049 0.0
10.82707274 -3.641313418 0.0
8.902003411 -3.636583853 0.0
8.899176905 -3.287676541 0.0
8.702058525 -3.27997675 0.0
7.381965878 -3.68528325 0.0
7.465797829 -3.267096677 0.0
7.233482116 -3.262156397 0.0
7.731011093 3.675004327 0.0
7.650560069 3.265179697 0.0
7.88356327 3.281905299 0.0
8.832945488 3.673913268 0.0
8.719391708 3.268849553 0.0
8.965052774 3.282095594 0.0
11.29231522 -0.609906903 0.0
11.27249178 -0.8309320606 0.0
11.69172712 -0.7788512375 0.0
11.63654848 0.293413535 0.0
11.28963666 0.3043842773 0.0
11.27900401 0.1093499159 0.0
10.71493562 -2.618428886 0.0
10.4467174 -2.746502845 0.0
10.3780094 -3.000031892 0.0
10.10821494 -2.886865762 0.0
10.98185688 2.393939929 0.0
10.88703834 2.111429716 0.0
8.459643101 3.693358939 0.0
8.309679045 3.292226782 0.0
8.53054008 3.272811283 0.0
8.839031908 4.084581051 0.0
9.232223383 4.0783838 0.0
9.069899297 4.663172742 0.0
9.091114617 -3.280279839 0.0
7.794012266 -3.678054729 0.0
7.958493649 -3.291930819 0.0
7.684668521 -3.274190544 0.0
6.814543282 -3.264769361 0.0
6.961822421 -3.685261602 0.0
7.031802178 -3.263829077 0.0
11.28524131 0.5105339505 0.0
11.69148048 -1.14937151 0.0
11.26823895 -1.020107605 0.0
11.28124878 -1.265676296 0.0
10.96298044 -2.221636148 0.0
10.75753987 -1.997347124 0.0
10.67474018 -2.22697558 0.0
10.22056059 2.663075761 0.0
10.20265068 2.921224016 0.0
9.982751125 2.748960059 0.0
-58.74788709 28.47782774 0.0
-59.22188237 17.43155666 0.0
-48.82071596 20.18064714 0.0
9.7986853 3.046358745 0.0
9.724245419 2.718517274 0.0
-70.50796633 13.15931603 0.0
-58.65798714 8.330336391 0.0
-26.26681075 -58.6956862 0.0
-36.70858995 -67.53711784 0.0
-25.4717563 -71.83189628 0.0
9.83828356 -2.735222954 0.0
9.830930271 -3.047367947 0.0
10.73536237 1.840608605 0.0
11.04938969 1.830772821 0.0
-58.72451075 -28.40053509 0.0
-71.01209979 -24.61626199 0.0
-66.90611512 -36.68283906 0.0
-59.19931845 -17.48898432 0.0
-49.01207647 -20.15148073 0.0
10.0405275 -2.542061914 0.0
9.799435973 -2.477396236 0.0
10.54108588 2.045079786 0.0
10.45775501 1.780464731 0.0
10.34966216 2.018021827 0.0
10.39384246 2.201352218 0.0
10.50037003 -0.4390908773 0.0
10.75076725 -0.3637979366 0.0
10.50091365 -0.2533894473 0.0
10.33183326 0.6988377028 0.0
10.51941828 0.7612713922 0.0
10.33430864 0.8092414142 0.0
9.326784635 -2.493400682 0.0
9.400721262 -2.328756822 0.0
9.308356296 -2.342242629 0.0
8.1 2.515241669 0.0
8.100961894 2.352540644 0.0
8.195272228 2.346861479 0.0
10.53291551 -0.8184188791 0.0
10.33737699 -0.7874755687 0.0
10.34894882 -0.8966384888 0.0
10.47834688 1.295541258 0.0
10.3332634 1.299281867 0.0
10.32544299 1.205122186 0.0
10.49309664 1.019254878 0.0
10.3401541 1.007550749 0.0
10.33292784 0.9119446611 0.0
9.206151603 2.474282642 0.0
9.202349691 2.327796688 0.0
9.296791153 2.319748374 0.0
7.921190234 -2.49861657 0.0
7.907885801 -2.340710795 0.0
7.813798995 -2.330941602 0.0
8.395078654 -2.33601107 0.0
8.449448998 -2.526417508 0.0
8.505635456 -2.3376768 0.0
10.33184065 -0.2013114183 0.0
10.33728496 -0.3094627602 0.0
10.5020842 -0.6125309024 0.0
10.34232179 -0.6045548266 0.0
10.33503575 -0.6940607677 0.0
9.577884209 -2.475950188 0.0
9.685106968 -2.319582562 0.0
9.591089277 -2.33281584 0.0
10.49803113 1.549301921 0.0
10.32713152 1.608877413 0.0
10.32318483 1.493304007 0.0
9.488934048 2.471606756 0.0
9.401823479 2.317426536 0.0
9.492275387 2.327635455 0.0
10.25297644 2.174229005 0.0
10.17706192 2.101784473 0.0
10.23243032 2.027770169 0.0
9.782480585 -2.317021497 0.0
9.904457979 -2.32455373 0.0
10.1719126 -2.254504767 0.0
10.10126899 -2.174567909 0.0
10.02878974 -2.229746452 0.0
8.911022544 2.33852191 0.0
9.005005705 2.324325451 0.0
8.931372953 2.494254276 0.0
8.811826061 2.339257322 0.0
8.997302317 -2.350780269 0.0
8.886197639 -2.341609712 0.0
8.912054503 -2.537165832 0.0
8.788215931 -2.33395333 0.0
8.696875473 -2.344975469 0.0
8.689436484 -2.506795212 0.0
8.604185093 -2.332706647 0.0
9.211335047 -2.338536418 0.0
10.47474457 -1.495738594 0.0
10.32705387 -1.494952851 0.0
10.32438677 -1.594594037 0.0
10.3160854 -1.406038562 0.0
10.33796985 -1.211696597 0.0
10.32332872 -1.304944255 0.0
10.49126469 -1.232649729 0.0
10.33981628 -1.113296731 0.0
10.10975759 2.014425608 0.0
10.01458102 -2.109195323 0.0
9.592566076 2.325012607 0.0
9.106784503 2.322203113 0.0
8.004903811 2.346767868 0.0
9.497053277 -2.324766063 0.0
8.292530714 -2.33207805 0.0
8.198040134 -2.342187735 0.0
8.191237114 -2.493302014 0.0
8.104030099 -2.329187027 0.0
10.32076301 1.392026211 0.0
10.32935928 1.101825376 0.0
10.33379208 0.5978876856 0.0
10.34239164 0.5061419572 0.0
10.50630332 0.5159383431 0.0
10.33273521 0.4140555217 0.0
10.53557197 0.2898055752 0.0
10.33954268 0.3161228407 0.0
10.35156354 0.2049038106 0.0
10.33987016 -0.1112154882 0.0
10.53520235 -0.0796092163 0.0
10.3478925 -0.003623943433 0.0
-12.3684648 -113.5735517 0.0
-0.8844640491 -96.01486524 0.0
-17.94692325 -95.05304213 0.0
-67.70710759 -95.1390375 0.0
-47.0785049 -85.68581094 0.0
-59.28377233 -75.66404303 0.0
-91.20069286 -67.22659853 0.0
-69.27124392 -66.08047493 0.0
-78.33953882 -57.53989675 0.0
-112.1886697 0.04362009275 0.0
-93.71407042 -14.49577282 0.0
-95.61109015 0.02654182281 0.0
-67.02060615 36.82439296 0.0
-71.35119524 24.9727767 0.0
-12.49094702 113.7832645 0.0
-17.96790731 95.24722072 0.0
-0.9016647852 96.10077613 0.0
-26.05350389 58.70286932 0.0
-25.32510429 71.85069373 0.0
-36.45815447 66.96330324 0.0
-91.56937843 67.52436321 0.0
-84.77646425 45.99936927 0.0
-78.30075824 57.55261045 0.0
6.999403088 -2.346071609 0.0
6.909410917 -2.334540026 0.0
6.997772294 -2.50718516 0.0
7.501714703 -2.332088025 0.0
7.408505616 -2.344508825 0.0
7.424472119 -2.506347437 0.0
7.095096189 -2.345086378 0.0
8.001617715 -2.331629552 0.0
10.33646177 -0.5132090276 0.0
8.499725339 2.347935779 0.0
8.594787248 2.344215993 0.0
8.499427271 2.513628109 0.0
10.02618072 -2.34375272 0.0
10.19961786 -2.395703272 0.0
8.404594869 2.346659208 0.0
0.5132669759 -148.0477779 0.0
14.61561484 -115.3774189 0.0
-84.69700817 -45.94328876 0.0
140.1918897 0.06085005463 0.0
112.5498461 15.29499995 0.0
116.0301877 0.3333388166 0.0
136.8679007 47.77070249 0.0
102.7564243 49.47239751 0.0
108.9849575 32.47866231 0.0
115.9413768 88.67725178 0.0
82.64386787 79.94866113 0.0
94.4530921 64.8638931 0.0
84.24544422 122.3492904 0.0
54.45694353 104.517089 0.0
70.24537211 92.56129633 0.0
-67.85584337 95.21845499 0.0
-59.38480232 75.83744169 0.0
-47.0548186 85.33406102 0.0
-93.88321945 14.60589675 0.0
-69.26601187 66.15606769 0.0
112.570962 -15.14458694 0.0
136.8808627 -47.73646165 0.0
109.051572 -32.45932443 0.0
102.772383 -49.4621869 0.0
115.9487531 -88.67018341 0.0
94.49404189 -64.98111519 0.0
83.04587184 -79.88298355 0.0
84.28210817 -122.2657512 0.0
69.70024323 -92.7560792 0.0
54.47584315 -104.4283371 0.0
0.3300645092 148.2707125 0.0
14.56872607 115.4685925 0.0
-58.65798714 -8.330336391 0.0
-70.40269945 -13.07358507 0.0
10.03235817 2.132984634 0.0
10.12808145 -2.029550603 0.0
7.601965178 -2.330984872 0.0
7.668000464 -2.518942744 0.0
7.712972598 -2.333100029 0.0
7.309906929 -2.344215993 0.0
10.72028915 -1.725017497 0.0
11.05147732 -1.799332068 0.0
15.78429954 3.698283537 0.0
14.86517572 6.220339026 0.0
15.30828433 8.182756678 0.0
13.63518707 5.900329399 0.0
5.452821853 -11.24623724 0.0
5.601055066 -12.8612375 0.0
5.471977746 -9.733177212 0.0
3.616310098 -12.71950443 0.0
3.813835661 -11.17239969 0.0
16.36427318 -3.453949418 0.0
-0.164088282 11.78626665 0.0
1.09111904 10.8220571 0.0
2.563459983 11.05009125 0.0
2.12110059 12.48129359 0.0
4.418578029 11.12514834 0.0
4.380198609 12.60645772 0.0
6.166398462 11.01002599 0.0
6.67910882 12.32350054 0.0
7.528515681 10.70327511 0.0
6.019425906 9.689462664 0.0
7.441182509 9.609610645 0.0
-1.059151113 -13.71250173 0.0
1.113896559 -14.43425675 0.0
3.496922911 -14.66784887 0.0
5.788270165 -14.75821654 0.0
11.064642 -11.02189723 0.0
11.92839423 -12.8487238 0.0
12.68737647 -10.30779772 0.0
9.945177811 -13.79933713 0.0
7.885904558 -14.56381882 0.0
16.55609446 -6.46355527 0.0
15.49886948 -8.039006733 0.0
14.07520317 -9.302828372 0.0
16.75079322 -9.246595722 0.0
19.34016034 -4.949611507 0.0
20.12055481 -2.524909786 0.0
16.00269407 -1.244639959 0.0
20.40328049 0.01116784376 0.0
18.38324931 2.111542712 0.0
20.10214744 2.551428767 0.0
19.33740014 4.95317638 0.0
18.14356452 7.349813932 0.0
13.78021298 9.466120854 0.0
4.413372745 14.64324567 0.0
1.704832048 14.48235876 0.0
8.899520219 11.37584622 0.0
8.801240562 9.69303254 0.0
-5.393931757 13.10321537 0.0
-9.173391537 8.23824612 0.0
-8.00905007 9.17473432 0.0
-9.350615544 10.6123402 0.0
-10.71888084 8.886298343 0.0
18.23915189 -7.357222671 0.0
10.76237363 -9.031729427 0.0
8.89222178 -9.726756376 0.0
11.58946899 -7.416008358 0.0
12.16747051 -9.157212404 0.0
12.43593312 -6.277822021 0.0
11.66684053 -5.716682581 0.0
5.44817311 -8.349648652 0.0
2.708556267 9.662435056 0.0
1.04785209 9.538514762 0.0
1.714804998 8.103612108 0.0
2.809990459 8.293897928 0.0
9.789295397 8.190876785 0.0
8.741384894 8.363209777 0.0
6.115699809 8.294007568 0.0
7.191292722 14.5558402 0.0
-0.7457147131 9.849512583 0.0
2.37996553 -8.379290951 0.0
1.230789935 -8.421876964 0.0
7.277120982 17.26159261 0.0
4.266421458 17.30792587 0.0
1.021614351 17.05923477 0.0
-7.556815724 12.03626113 0.0
-6.555878487 10.21180951 0.0
-11.15569172 12.38088241 0.0
-12.78009682 10.12393887 0.0
-2.661900913 -16.41186719 0.0
0.5564247841 -16.96427124 0.0
3.429715437 -17.02886487 0.0
6.105544788 -17.03633975 0.0
8.560526241 -16.86522872 0.0
13.28839899 -14.89264012 0.0
18.20758476 -11.04781389 0.0
20.13468007 -8.530118286 0.0
21.46800869 -5.859274637 0.0
22.19302084 -3.06335191 0.0
22.52850395 0.002791951072 0.0
22.19302085 3.06335187 0.0
21.461807 5.845262964 0.0
20.13915299 8.46277997 0.0
16.69253144 9.371396534 0.0
18.38661692 10.88957081 0.0
16.28552152 12.77409795 0.0
14.85874049 11.04701817 0.0
12.57476105 12.44497705 0.0
12.99667091 4.962543772 0.0
12.49076658 4.419577864 0.0
13.25109136 4.043546713 0.0
12.71876148 5.586886106 0.0
11.95205695 5.145382077 0.0
9.77371576 7.108653276 0.0
8.8564442 7.162808689 0.0
10.53109233 -7.297686139 0.0
5.423345768 -7.239321877 0.0
2.326835083 -7.209385513 0.0
1.263424054 -7.234897921 0.0
4.497930755 -7.151182544 0.0
4.935640859 7.142374648 0.0
1.707585476 7.046868723 0.0
3.9371238 7.139817773 0.0
15.04689003 -1.21505674 0.0
-8.926837108 14.21767945 0.0
13.2601672 -3.031657745 0.0
0.4601380572 -19.91596663 0.0
-2.941600944 -19.66319927 0.0
-11.05220625 16.73622479 0.0
-13.41879844 14.44257419 0.0
-15.37995969 11.69191398 0.0
-2.697298457 19.84259885 0.0
0.7915897295 20.04155299 0.0
4.353577755 20.26763045 0.0
7.558089304 20.23701397 0.0
10.91867236 -16.09747948 0.0
9.143001024 -19.6407288 0.0
22.44332339 -9.919922881 0.0
23.94297541 -6.81502357 0.0
24.74313208 -3.526724416 0.0
25.13598618 0.0006979854277 0.0
24.74313208 3.526724407 0.0
23.94161143 6.807416445 0.0
22.4440692 9.903505949 0.0
20.44632871 12.57882207 0.0
14.06195953 14.56526564 0.0
18.04168587 14.82054249 0.0
15.60169137 16.81041021 0.0
13.26208559 18.5405445 0.0
10.44336499 19.78615733 0.0
15.04442356 -0.3959821352 0.0
15.00315403 0.3877962468 0.0
13.79263204 2.41296961 0.0
14.08768409 1.723336269 0.0
13.36163224 2.953479961 0.0
11.88058638 -18.83271196 0.0
12.87684748 2.536209624 0.0
14.18373051 -0.3978426919 0.0
11.03196938 5.25483743 0.0
9.705418031 6.129417068 0.0
8.057387621 6.198561445 0.0
7.271680569 6.16918899 0.0
2.241647587 -6.198724685 0.0
1.35841446 -6.185672233 0.0
14.19319709 0.3402628985 0.0
4.77499161 6.167938344 0.0
4.568861789 -6.173825302 0.0
-16.05584805 -16.9243083 0.0
-13.43209515 -14.43103856 0.0
-15.3817914 -11.6804058 0.0
-18.39945925 -13.6816469 0.0
-16.78123284 -8.377929863 0.0
-20.14869366 -9.671694476 0.0
-18.15321989 0.00480956549 0.0
-21.72962597 4.862429903e-14 0.0
-21.17632304 -5.132616118 0.0
-17.5879823 -4.322190911 0.0
-21.16875147 5.137425688 0.0
-17.57002625 4.352131965 0.0
-16.77549036 8.390968136 0.0
-20.14467585 9.67521756 0.0
-18.39903415 13.68317778 0.0
-16.0510986 16.92546437 0.0
4.518091203 23.69216002 0.0
0.5416399066 23.54147615 0.0
-3.290635511 23.20161386 0.0
-6.896344302 22.69967917 0.0
-13.15339332 19.5816947 0.0
-10.31248309 21.52319348 0.0
22.91294285 14.70166904 0.0
27.85725832 4.08040375 0.0
26.94021822 7.925154947 0.0
27.85725832 -4.080403752 0.0
28.29735734 0.0001744960515 0.0
25.23507625 -11.55645025 0.0
26.94056281 -7.928024505 0.0
20.36788314 -12.97256045 0.0
22.89340273 -15.10614376 0.0
19.779614 -17.90669382 0.0
17.62293697 -15.35809911 0.0
14.78208563 -17.37776774 0.0
16.410806 -20.32762928 0.0
12.94045599 -22.07209912 0.0
9.567584299 -23.09675688 0.0
0.8790114119 -23.52372909 0.0
-3.354195661 -23.16837091 0.0
-6.970660132 -22.69280222 0.0
-10.36518509 -21.53906605 0.0
-11.10376136 -16.69613939 0.0
-13.17244921 -19.57701287 0.0
9.439677478 -6.00885347 0.0
9.617336187 -5.406277186 0.0
14.75204129 21.36808254 0.0
8.158293489 23.6326755 0.0
11.51768548 22.97124075 0.0
12.90250792 3.406796235 0.0
12.32185286 3.697542043 0.0
11.02386652 -5.172651958 0.0
11.44916108 -4.686799304 0.0
11.77297261 -4.159146768 0.0
13.36484949 -0.2524870521 0.0
-15.61618039 23.02231153 0.0
-11.90399637 25.20971888 0.0
8.95985822 27.25157567 0.0
13.05944429 26.52940328 0.0
10.18749982 -5.006089204 0.0
9.651423586 -4.732939355 0.0
10.59204413 -4.719699564 0.0
11.75558175 3.727482048 0.0
25.23506188 11.55257912 0.0
11.63801623 3.250373372 0.0
14.15940943 1.026340248 0.0
13.44611549 1.006750298 0.0
9.733509613 5.3347665 0.0
8.005560417 5.396323121 0.0
7.98340528 -5.292259633 0.0
2.3 -5.359266171 0.0
1.495243468 -5.3128573 0.0
3.015507106 -5.346543639 0.0
5.330735828 -6.2718243 0.0
5.306084044 -5.443092614 0.0
4.661371126 -5.389491151 0.0
2.026936698 6.01102056 0.0
2.600232743 5.37690899 0.0
3.152530419 5.353910823 0.0
7.332367204 5.395222943 0.0
5.943662258 5.363711287 0.0
5.373656285 5.374118248 0.0
4.81748045 5.385341013 0.0
-25.27391946 -6.019261934 0.0
-24.24300189 -11.32996093 0.0
-25.76305053 4.918287999e-14 0.0
12.53927073 -3.109715977 0.0
-22.11994363 -15.95481765 0.0
-19.02369507 -19.91532863 0.0
-15.63762774 -23.04872873 0.0
-24.04975745 11.17549201 0.0
-25.28443079 5.809218897 0.0
-21.90323457 15.88186533 0.0
-19.01754806 19.91002794 0.0
4.760698781 27.57094903 0.0
0.2780574362 27.64577502 0.0
-8.076140427 26.39900033 0.0
5.831480744 -27.64573592 0.0
10.2800416 -27.09847783 0.0
22.38417381 -20.86614023 0.0
25.91455238 -17.59496593 0.0
28.57187907 -13.46920631 0.0
30.52100999 -9.226410934 0.0
31.56211204 -4.726030357 0.0
32.0688482 4.362401286e-05 0.0
31.56211204 4.726030357 0.0
30.52089866 9.22548066 0.0
28.57177834 13.46835477 0.0
25.66819449 17.46381296 0.0
17.31582185 24.42826677 0.0
10.99198126 -4.339904864 0.0
11.90312729 -3.604331226 0.0
11.97484538 -3.098944653 0.0
11.89654234 -2.539626391 0.0
11.25931171 -3.910210874 0.0
-28.66048836 13.05267342 0.0
-26.14659861 18.7587636 0.0
9.017713723 -4.717269418 0.0
11.44712912 -3.481077869 0.0
12.64012041 -1.649421974 0.0
12.68952149 -1.237468147 0.0
12.70118391 -0.7511946411 0.0
12.72174976 1.089167778 0.0
9.607505034 4.655924933 0.0
8.536791765 4.703438375 0.0
8.026150727 4.742567628 0.0
3.6 4.696736226 0.0
3.132311706 4.728296753 0.0
2.030036413 5.377579896 0.0
2.026918632 4.761129718 0.0
8.472264428 -4.708253317 0.0
6.516180292 -5.368603667 0.0
7.44835136 -4.708728712 0.0
5.934475045 -5.422239636 0.0
5.299518263 -4.730380823 0.0
4.664927703 -4.736573735 0.0
5.832902563 4.706800428 0.0
-3.847695556 27.04349452 0.0
-30.15616372 -6.923957889 0.0
-28.82826237 -13.24439921 0.0
-30.53835629 6.414165259e-14 0.0
-30.06204323 6.653982924 0.0
-22.44510448 23.54540322 0.0
-18.34168223 27.10705888 0.0
-13.69365798 29.47276465 0.0
-26.14659718 -18.75876506 0.0
-22.44510158 -23.5454062 0.0
-18.3553363 -27.09922963 0.0
-8.16208364 -26.41338562 0.0
-3.77424532 -27.13466117 0.0
-11.98036304 -25.31895043 0.0
-13.79757893 -29.64838567 0.0
0.9562569237 -27.58933657 0.0
6.087963517 -32.46500224 0.0
11.46868172 -31.79832012 0.0
14.25241964 -25.8530984 0.0
18.45189873 -23.7322585 0.0
20.76019548 -27.88216609 0.0
25.45436682 -24.34683087 0.0
29.51279311 -20.49440851 0.0
32.53892349 -15.69904034 0.0
34.7726262 -10.73950149 0.0
35.95507467 -5.477910904 0.0
36.54214926 1.09060032e-05 0.0
35.95507467 5.477910904 0.0
34.74060464 10.68080504 0.0
32.41094856 15.4651848 0.0
29.2139231 20.37070685 0.0
24.99288658 24.68446551 0.0
19.95225781 28.33778514 0.0
14.72670117 30.79260648 0.0
10.05505086 4.050509408 0.0
12.02109855 -2.036471609 0.0
3.220723992 4.178410008 0.0
11.23723752 2.925707214 0.0
9.59650842 4.116176404 0.0
12.12364917 -1.602552202 0.0
12.16334425 -1.198094194 0.0
12.16595587 -0.7864750837 0.0
8.484817774 4.164776749 0.0
2.460486914 -4.661949459 0.0
3.080442066 -4.718331031 0.0
3.619389676 -4.718544486 0.0
4.153500287 -4.721726756 0.0
5.345367174 4.751806048 0.0
5.300340724 4.172936857 0.0
5.749948339 4.165766575 0.0
4.874569122 4.753368657 0.0
4.863608063 4.165949818 0.0
4.436859744 4.175990637 0.0
4.011341345 4.176106323 0.0
6.984750596 -4.722290732 0.0
8.535034795 -4.174071761 0.0
6.498901248 -4.764828636 0.0
5.948533823 -4.75832222 0.0
8.958085147 -4.172389979 0.0
12.13069273 0.287792767 0.0
12.14951345 0.6521957107 0.0
12.18082429 1.034147921 0.0
12.15126656 1.439070757 0.0
9.942754497 3.54220087 0.0
11.59330126 -2.280009416 0.0
11.32544526 -2.373470867 0.0
11.55791619 -1.926930991 0.0
9.41978042 -4.1637267 0.0
6.268503197 -38.15851107 0.0
12.59749345 -37.39144678 0.0
0.4782254749 -32.33939513 0.0
-0.4810725215 -38.08014983 0.0
-15.34525342 -35.16152868 0.0
-21.54103695 -32.15439792 0.0
-30.99591862 -21.96901478 0.0
-26.69947485 -27.6789234 0.0
-34.2165495 -15.48179498 0.0
-36.17731914 8.038014698e-14 0.0
-35.87647272 -8.068078103 0.0
-35.76489745 7.754039382 0.0
-34.09618925 15.19801123 0.0
-30.99531921 21.96287791 0.0
-26.69947485 27.6789234 0.0
-21.53212514 32.15826809 0.0
-15.26409719 35.16203036 0.0
0.1861091528 32.21681877 0.0
-0.258009671 38.09174346 0.0
16.0723918 -30.24731456 0.0
18.21304081 -35.7550749 0.0
23.72536263 -32.63680564 0.0
29.10479842 -28.42764564 0.0
33.78370559 -23.86931043 0.0
37.23900165 -18.29533659 0.0
39.71805541 -12.48189038 0.0
41.14908057 -6.352813059 0.0
41.83037389 2.726500784e-06 0.0
41.14908057 6.352813059 0.0
39.75129623 12.42513031 0.0
37.06153573 18.050164 0.0
33.47329571 23.71570374 0.0
28.77794769 28.64664359 0.0
22.87252083 33.18143771 0.0
6.889013543 4.113896477 0.0
8.087814185 4.177331934 0.0
20.61552008 -41.78944557 0.0
14.13478514 -43.93583431 0.0
10.07441991 3.190516168 0.0
11.22502078 -2.078521636 0.0
11.67666117 -1.536185261 0.0
11.00161621 2.742302276 0.0
11.72482428 1.340741813 0.0
11.73892992 1.012454677 0.0
11.69760578 -0.3995212647 0.0
11.69112182 -0.06353755961 0.0
11.70296286 0.6727907485 0.0
8.524861264 -3.708480789 0.0
8.185027746 -3.70750602 0.0
6.964835234 -4.185375089 0.0
7.394590479 -4.169215452 0.0
9.556789889 3.67135095 0.0
9.202580977 3.693342342 0.0
8.106815441 3.715783863 0.0
2 4.149073758 0.0
3.617532402 4.174911306 0.0
2.90270291 3.673875835 0.0
3.267532402 3.717870281 0.0
4.820965181 3.629606014 0.0
5.283420107 3.677299376 0.0
5.722873176 3.688924273 0.0
6.1 3.696008843 0.0
6.478211264 3.678743548 0.0
7.299715353 3.675393727 0.0
33.37003414 33.32623549 0.0
27.30643083 38.52877623 0.0
38.55366745 27.61519064 0.0
42.55788087 21.0583518 0.0
45.6702279 14.46720437 0.0
47.27576939 7.370321552 0.0
48.06704373 6.816251791e-07 0.0
47.27576939 -7.370321552 0.0
45.71151323 -14.53991037 0.0
42.79339114 -21.31614326 0.0
38.83977632 -27.79530054 0.0
33.41203377 -33.1762175 0.0
27.1475786 -38.14770222 0.0
-9.063676349 43.62911561 0.0
-17.80587542 41.5096758 0.0
6.869628342 -44.69744546 0.0
-1.044440742 -44.70973102 0.0
-9.720570295 -43.61685297 0.0
-17.96936631 -41.50574678 0.0
-25.52168693 -38.0335189 0.0
-31.69734119 -32.53717419 0.0
-42.62991772 -8.894188404 0.0
-40.69489916 -17.62100995 0.0
-36.92105297 -25.95657569 0.0
10.8665307 2.954251966 0.0
11.34256725 1.602514129 0.0
2.461927658 3.653713629 0.0
10.98596686 -2.491161266 0.0
11.34644046 0.7412570919 0.0
11.37330825 1.02317745 0.0
10.63165088 2.732838491 0.0
9.747265119 3.307070259 0.0
11.30934974 -1.742673427 0.0
10.75298317 -2.392928429 0.0
10.59824247 -2.46064844 0.0
10.37379127 2.720382629 0.0
10.46110095 2.60008432 0.0
9.599331968 -3.330683873 0.0
9.299987296 -3.699411627 0.0
11.32479318 -1.512805852 0.0
11.36015444 1.310125751 0.0
11.33073175 -0.3773570419 0.0
9.500355559 3.332651162 0.0
9.210092184 3.33050947 0.0
6.888353965 3.679586814 0.0
4.415822185 3.710984958 0.0
4.033005675 3.694334065 0.0
3.640882782 3.691958753 0.0
1.994879636 3.6151059 0.0
11.32981222 -0.1168927917 0.0
8.204598465 -3.337264414 0.0
7.262625847 -52.67257908 0.0
16.01325857 -51.6284153 0.0
38.48666984 -38.83048945 0.0
44.81345907 -32.36047153 0.0
49.3446626 -24.82920484 0.0
52.70139572 -16.91853288 0.0
54.48907806 -8.553258638 0.0
55.4086759 1.704062769e-07 0.0
54.48907806 8.553258638 0.0
52.64469996 16.84527313 0.0
49.04082262 24.55719677 0.0
44.43361106 32.07503124 0.0
38.64358458 38.74503238 0.0
31.78913705 44.59792236 0.0
8.385211168 52.74282674 0.0
-1.225938798 52.63777363 0.0
-0.5091181185 44.69194515 0.0
7.851153916 45.03156942 0.0
16.85194234 52.01832505 0.0
-11.28811743 51.36250961 0.0
-21.40333401 49.21404 0.0
-31.69734119 32.53717419 0.0
-25.49239414 38.03351722 0.0
-36.91865379 25.93202975 0.0
-40.6847025 17.51668989 0.0
-42.37416984 8.629136773 0.0
-42.82201607 8.415490527e-14 0.0
-11.75678501 -51.36630828 0.0
-2.040148286 -52.54949979 0.0
-21.65753359 -49.23897901 0.0
-30.48062882 -44.76659678 0.0
-37.55835625 -38.24500799 0.0
-43.82540779 -30.67442594 0.0
10.75473448 2.501497696 0.0
-30.44249788 44.76648194 0.0
-14.29779044 -61.09823038 0.0
-50.22506332 9.245817823 0.0
-50.63865951 8.651412919e-14 0.0
-50.23466021 -9.344001381 0.0
-59.82196472 8.185119249e-14 0.0
-1.491730806 61.75381302 0.0
-13.20257349 61.01179194 0.0
8.1 3.321637038 0.0
8.957929194 3.021941006 0.0
9.210244076 3.033334717 0.0
9.492774647 3.033622093 0.0
9.331755615 -3.337005307 0.0
8.474872467 -3.338251864 0.0
8.198891177 -3.036554085 0.0
7.942405236 -3.02746234 0.0
11.04003234 1.580023006 0.0
11.03752827 1.304455454 0.0
11.04278639 0.7629872939 0.0
11.0222331 0.522391286 0.0
11.03191301 -1.506688425 0.0
24.00762176 -48.82269115 0.0
8.380684089 -61.65880814 0.0
18.80170726 -60.24879382 0.0
36.88462879 51.8988887 0.0
28.64338349 57.35878006 0.0
24.98588398 49.0962467 0.0
44.78726118 45.09810482 0.0
51.49636959 37.38270518 0.0
56.67583509 28.62519076 0.0
60.84995207 19.61085229 0.0
62.96932774 9.928179697 0.0
64.03866824 4.260155273e-08 0.0
62.96932774 -9.928179697 0.0
60.91787824 -19.6749289 0.0
57.06035571 -28.91337757 0.0
51.86073345 -37.66728719 0.0
44.60393821 -45.25285814 0.0
31.39229182 -44.62902278 0.0
36.73757145 -51.93680322 0.0
28.00941657 -57.24388096 0.0
9.566232439 61.50150826 0.0
19.61467283 60.34431019 0.0
10.2971251 2.510394278 0.0
-43.8158109 30.57624238 0.0
-51.94939683 37.05263149 0.0
-44.42252806 44.94923397 0.0
-37.55835625 38.24500799 0.0
-36.35757899 52.26990101 0.0
-51.94595197 -37.05785421 0.0
-36.40633018 -52.15633713 0.0
10.67484123 2.235960575 0.0
10.52561587 2.435392378 0.0
10.53415439 2.288659303 0.0
10.21530005 -2.67079184 0.0
10.41597143 -2.52131245 0.0
10.2738454 -2.529462406 0.0
8.68988407 -3.021392057 0.0
8.455342586 -3.041168596 0.0
11.02083735 -1.257137645 0.0
11.01667945 -1.019374145 0.0
11.01839033 -0.8074489127 0.0
11.02095865 -0.5925489119 0.0
8.512430127 3.01588983 0.0
8.305527293 3.024492158 0.0
8.716850521 3.015326374 0.0
7.889727041 3.024874262 0.0
7.662867581 3.016163224 0.0
8.1 3.024611943 0.0
33.61819432 66.45172833 0.0
42.99267893 60.40726889 0.0
11.44052837 72.03797103 0.0
23.39713303 70.49862737 0.0
-52.45402461 52.82195566 0.0
-60.54044972 44.64129375 0.0
-44.23045798 60.13108792 0.0
-44.42252806 -44.94923397 0.0
-52.45402461 -52.82195566 0.0
-44.45535309 -60.21383158 0.0
10.51089117 -2.297119577 0.0
10.34508044 -2.348636109 0.0
10.5487504 -2.117980281 0.0
10.42550157 -2.152218179 0.0
10.54600943 -1.974747085 0.0
10.35247368 2.351328192 0.0
10.11631242 2.545042093 0.0
10.15436519 2.427088839 0.0
9.966376043 2.543865474 0.0
10.00529755 2.396272657 0.0
10.74301332 -1.487141292 0.0
10.75350817 -1.236811713 0.0
10.76558282 -1.011416942 0.0
10.76868315 -0.8063283142 0.0
10.75407283 -0.6 0.0
11.02605922 -0.3602887446 0.0
11.03032831 -0.1192953841 0.0
10.76759268 -0.1156756342 0.0
11.02666234 0.09849378732 0.0
10.77260472 0.09730141679 0.0
11.02471234 0.3066192007 0.0
10.77001154 0.3048813014 0.0
10.76568902 0.5231004298 0.0
11.04770818 1.028872281 0.0
10.7673502 1.024506239 0.0
10.77075457 0.7574614046 0.0
10.75411019 1.299994498 0.0
10.75182093 1.577285896 0.0
7.011777388 -3.010652475 0.0
7 -2.754072829 0.0
6.797246903 -2.765744869 0.0
6.8 -3.011368953 0.0
7.213363697 -2.767042894 0.0
7.226621807 -3.013436439 0.0
7.447864027 -3.013893989 0.0
7.438147412 -2.759314003 0.0
7.683944779 -3.017755171 0.0
7.670572284 -2.76463644 0.0
7.92829134 -2.763609285 0.0
8.18957384 -2.761886567 0.0
8.445781266 -2.773721732 0.0
8.688759637 -2.765414256 0.0
8.904968094 -2.767470521 0.0
8.898501258 -3.021990601 0.0
9.107817874 -2.76723185 0.0
9.106193056 -3.024378368 0.0
9.336588581 -3.037645888 0.0
9.331295532 -2.761985589 0.0
9.58383327 -3.039167246 0.0
9.577732367 -2.750605983 0.0
9.487109065 2.74302875 0.0
9.199991447 2.754094022 0.0
8.939569406 2.757007341 0.0
8.709892351 2.765973706 0.0
8.502329906 2.764052711 0.0
8.3 2.765240078 0.0
8.1 2.76479163 0.0
7.893635107 2.769245624 0.0
7.674540429 2.759376215 0.0
-1.235009962 72.60441543 0.0
-13.97694184 72.22797583 0.0
-60.38455028 -44.50077292 0.0
-70.60015788 7.460698725e-14 0.0
52.03778844 52.49284062 0.0
59.70892301 43.44705361 0.0
65.65735551 33.35358551 0.0
70.48136234 22.82205478 0.0
72.92790045 11.52595493 0.0
74.16066771 1.065036583e-08 0.0
72.92790045 -11.52595493 0.0
70.54586441 -22.84314453 0.0
66.13050589 -33.65685627 0.0
60.16522917 -43.83481095 0.0
51.8698596 -52.66554978 0.0
42.94463917 -60.621451 0.0
33.07379132 -66.63783113 0.0
10.66656686 -72.08330919 0.0
-2.621993244 -61.44938076 0.0
-2.044289936 -72.04857592 0.0
22.80346979 -70.46407087 0.0
10.27174849 -2.180546344 0.0
10.39528208 -2.012635756 0.0
10.18404669 2.273362948 0.0
10.4848467 -1.76275858 0.0
9.753486575 2.485909423 0.0
10.55218954 0.1018744439 0.0
10.54332252 -1.008869689 0.0
6.788987612 -2.532297615 0.0
7.208902027 -2.536488654 0.0
9.110719683 -2.542551611 0.0
8.710173144 2.534808804 0.0
8.3 2.5414457 0.0
7.9 2.5414457 0.0
7.678481808 2.501226214 0.0
10.35710085 -1.868854214 0.0
9.868332708 2.357356777 0.0
-82.39213754 14.17440533 0.0
-83.19120081 6.039613254e-14 0.0
-80.8274035 28.00052083 0.0
-75.77675238 40.66891769 0.0
-69.05131139 50.96976544 0.0
-60.71231383 59.79869637 0.0
-51.43238764 68.01002574 0.0
-41.12064829 75.7429461 0.0
-29.12630641 81.69819577 0.0
-15.49576278 83.39282354 0.0
-82.25615827 -14.10713084 0.0
-80.62889527 -27.85167979 0.0
-75.30930021 -40.33768648 0.0
-69.0051823 -50.87293831 0.0
-60.67563805 -59.76200387 0.0
-51.4798003 -68.21764741 0.0
-14.91871334 -72.14839857 0.0
-0.9118955689 84.39790184 0.0
13.12876626 84.1705116 0.0
-1.47884344 -84.02872193 0.0
12.85792458 -84.19740622 0.0
39.20569739 -77.80280399 0.0
50.24396197 -70.26777256 0.0
60.43919341 -61.22135422 0.0
69.52127994 -50.50222392 0.0
76.75124149 -39.13974706 0.0
81.74638002 -26.38633418 0.0
84.58264055 -13.37783853 0.0
86.00889411 2.662562432e-09 0.0
84.58264055 13.37783853 0.0
81.7467982 26.54004942 0.0
76.18649321 38.83447099 0.0
69.27981464 50.27450113 0.0
50.18168481 70.21144303 0.0
39.43958182 77.54223698 0.0
27.13942282 82.18202373 0.0
10.25649359 -2.032763841 0.0
10.35377511 -0.4163360223 0.0
7.2 -2.365379124 0.0
8.704196613 2.3611746 0.0
10.36537912 0.1 0.0
6.815424661 -2.336516021 0.0
-41.15415412 -76.01302093 0.0
-92.83704929 -31.6715657 0.0
-92.59523389 31.40572198 0.0
-15.85566636 -83.20233563 0.0
-29.07818543 -81.5791799 0.0
-33.69196126 94.08896592 0.0
14.84700943 98.0641498 0.0
14.80376147 -98.04488308 0.0
26.87326557 -82.26353076 0.0
45.62500384 -90.41278436 0.0
58.82667054 -81.10357981 0.0
70.78540906 -70.54019341 0.0
80.72945569 -57.81298344 0.0
88.69869319 -44.09947574 0.0
94.54169257 -29.98298554 0.0
97.81954355 -14.60551908 0.0
99.58287905 0.08333470481 0.0
97.76363597 14.66988724 0.0
94.33917817 29.92337577 0.0
88.46091185 44.00694726 0.0
80.56155172 57.79754476 0.0
60.20598447 60.63117782 0.0
58.87938445 81.07314502 0.0
45.68098803 90.36674549 0.0
31.92785223 96.58923428 0.0
10.33068846 1.878301224 0.0
10.22025463 1.904345969 0.0
10.23933313 -1.905161753 0.0
10.03211627 2.256779538 0.0
9.904746557 2.239655224 0.0
7.9 2.365379124 0.0
9.1 -2.365379124 0.0
10.30894148 -1.794860767 0.0
10.3364553 -1.713013462 0.0
10.16747255 -2.125646926 0.0
10.12842315 2.168768509 0.0
9.910530507 2.118634656 0.0
10.22451302 -1.800801889 0.0
10.11858864 -1.91056339 0.0
10.32487603 1.724779465 0.0
10.28892699 1.802907952 0.0
10.21121647 1.805643167 0.0
9.910622385 -2.220371253 0.0
9.794262653 2.309513937 0.0
9.800556881 2.225092188 0.0
9.699440529 2.229184349 0.0
9.711909209 2.337104629 0.0
9.595220047 2.222790153 0.0
9.5 2.220143006 0.0
9.4 2.220143006 0.0
9.3 2.220143006 0.0
9.2 2.220143006 0.0
9.1 2.220143006 0.0
9 2.220143006 0.0
8.9 2.220143006 0.0
8.8 2.220143006 0.0
8.7 2.226416284 0.0
8.6 2.220143006 0.0
8.5 2.220143006 0.0
8.401148717 2.225045288 0.0
8.299966774 2.365827394 0.0
8.3 2.228343187 0.0
8.198818057 2.225932136 0.0
8.099944988 2.225912884 0.0
8.0012122 2.226347931 0.0
7.9 2.226416284 0.0
7.791351602 2.343856314 0.0
7.7978379 2.224688682 0.0
6.9 -2.220143006 0.0
6.8 -2.220143006 0.0
7 -2.220143006 0.0
7.1 -2.220143006 0.0
7.2 -2.226416284 0.0
7.4 -2.220143006 0.0
7.302476732 -2.224758931 0.0
7.5 -2.220143006 0.0
7.6 -2.220143006 0.0
9.696022951 -2.217552303 0.0
9.596737026 -2.219696997 0.0
9.5 -2.220143006 0.0
8.6 -2.220143006 0.0
8.5 -2.220143006 0.0
7.7 -2.220143006 0.0
7.8 -2.220143006 0.0
7.9 -2.220143006 0.0
8 -2.220143006 0.0
8.1 -2.220143006 0.0
10.22014301 1.3 0.0
10.22014301 1.2 0.0
10.22014301 1.1 0.0
10.22014301 0.6 0.0
10.22014301 0.5 0.0
10.2229425 0.3043371983 0.0
10.22578964 0.2012259526 0.0
10.22641628 0.1 0.0
10.22014301 -1.5 0.0
10.2213078 -1.595461878 0.0
10.22764623 -1.699840465 0.0
10.22014301 -1.4 0.0
10.22014301 -1.3 0.0
10.22014301 -1.2 0.0
10.22014301 -1.1 0.0
10.36823787 -1.003840688 0.0
10.22834319 -1 0.0
10.22593243 -0.8991596222 0.0
10.22014301 -0.8 0.0
10.22014301 -0.7 0.0
10.22014301 -0.6 0.0
10.22014301 -0.5 0.0
10.22584629 -0.4034351672 0.0
10.22014301 -0.3 0.0
10.22014301 -0.2 0.0
10.22014301 -0.1 0.0
70.57269713 69.86263218 0.0
37.32821585 114.8844354 0.0
31.15756168 -96.4014084 0.0
37.32821585 -114.8844354 0.0
-33.56824958 -94.0684855 0.0
-40.35919974 -111.8349223 0.0
-110.5616239 -36.85293755 0.0
-40.38076047 112.1081934 0.0
-109.9260244 36.50980515 0.0
8.2 -2.226416284 0.0
8.4 -2.220143006 0.0
8.3 -2.220143006 0.0
9.4 -2.220143006 0.0
9.3 -2.220143006 0.0
9.1 -2.226416284 0.0
9.2 -2.220143006 0.0
8.999325579 -2.226006582 0.0
10.22014301 1.4 0.0
10.22014301 1.5 0.0
10.21909976 1.603625355 0.0
10.22014301 0.7 0.0
10.22014301 0.8 0.0
10.22014301 0.4 0.0
10.10668327 1.905669315 0.0
9.802064784 2.115585485 0.0
9.597762566 2.11087004 0.0
9.697594724 2.115397621 0.0
9.5 2.106609424 0.0
9.4 2.106294689 0.0
9.3 2.105035751 0.0
9.2 2.107868362 0.0
9.1 2.106294689 0.0
9 2.105035751 0.0
8.9 2.106294689 0.0
8.8 2.108260441 0.0
8.7 2.106604071 0.0
8.6 2.108260441 0.0
8.5 2.106294689 0.0
8.4 2.105035751 0.0
8.3 2.108344735 0.0
8.2 2.108380873 0.0
8.099986247 2.110147112 0.0
8 2.106294689 0.0
7.9 2.108177743 0.0
7.8 2.108339125 0.0
7 -2.106294689 0.0
6.9 -2.105035751 0.0
7.1 -2.108260441 0.0
7.2 -2.106604071 0.0
7.3 -2.108260441 0.0
7.4 -2.106294689 0.0
7.5 -2.105035751 0.0
7.6 -2.106294689 0.0
7.7 -2.107868362 0.0
7.8 -2.105035751 0.0
7.9 -2.106294689 0.0
8 -2.108281116 0.0
8.1 -2.106686769 0.0
8.2 -2.106604071 0.0
8.3 -2.107945707 0.0
8.4 -2.105035751 0.0
9.799641323 -2.217519296 0.0
9.801542743 -2.108459937 0.0
9.700322171 -2.107772458 0.0
8.5 -2.106294689 0.0
8.6 -2.107868362 0.0
8.7 -2.220143006 0.0
8.7 -2.105035751 0.0
8.8 -2.220143006 0.0
8.8 -2.10797155 0.0
8.896380805 -2.223616686 0.0
8.9 -2.106707444 0.0
9 -2.106686769 0.0
9.1 -2.106604071 0.0
9.2 -2.106686769 0.0
9.3 -2.107966382 0.0
9.4 -2.105035751 0.0
9.499958969 -2.108363899 0.0
9.599835878 -2.108276839 0.0
10.21676866 1.708674871 0.0
10.10804469 1.801884421 0.0
10.11188238 1.700651495 0.0
10.10826178 1.3 0.0
10.10660942 1.2 0.0
10.22014301 1 0.0
10.22014301 0.9 0.0
10.10629469 1.1 0.0
10.10503575 1 0.0
10.10629469 0.6 0.0
10.10660942 0.5 0.0
10.10629469 0.3 0.0
10.10503575 0.2 0.0
10.22575674 -0.0009059858584 0.0
10.11582291 -1.801800213 0.0
10.11219233 -1.698505046 0.0
10.10753042 -1.598129449 0.0
10.10503575 -1.5 0.0
10.10629469 -1.4 0.0
10.1081831 -1.3 0.0
10.10629469 -1.2 0.0
10.10503575 -1.1 0.0
10.10991841 -1 0.0
10.10629469 -0.9 0.0
10.10503575 -0.8 0.0
10.10786836 -0.7 0.0
10.10629469 -0.6 0.0
10.10503575 -0.5 0.0
10.10772051 -0.4008587918 0.0
10.10822482 -0.300214698 0.0
10.10503575 -0.2 0.0
10.10629469 -0.1 0.0
45.66535444 -143.2888162 0.0
-47.35697893 -143.4361529 0.0
-88.18417002 -122.6793024 0.0
45.61484183 143.3510353 0.0
-121.4397108 88.92909088 0.0
-143.3508154 47.06551531 0.0
10.10857518 -3.934041154e-17 0.0
10.10786836 0.9 0.0
10.10629469 0.8 0.0
10.10503575 0.7 0.0
-121.4564988 -89.15465917 0.0
-143.3609699 -47.15845003 0.0
-149.4198329 -0.03304595335 0.0
-46.69087493 142.9779885 0.0
-88.21233817 122.097344 0.0
9.905848801 -2.105924284 0.0
10.10786301 0.1 0.0
10.10826178 0.4 0.0
10.10764002 1.599654102 0.0
10.10503575 1.5 0.0
10.10629469 1.4 0.0
190.2113033 -61.80339887 0.0
200 0 0.0
161.8033989 -117.5570505 0.0
117.5570505 -161.8033989 0.0
61.80339887 -190.2113033 0.0
190.2113033 61.80339887 0.0
161.8033989 117.5570505 0.0
1.224646799e-14 -200 0.0
-61.80339887 -190.2113033 0.0
-117.5570505 -161.8033989 0.0
-161.8033989 -117.5570505 0.0
-161.8033989 117.5570505 0.0
-190.2113033 61.80339887 0.0
-190.2113033 -61.80339887 0.0
117.5570505 161.8033989 0.0
61.80339887 190.2113033 0.0
-200 0 0.0
-117.5570505 161.8033989 0.0
-61.80339887 190.2113033 0.0
1.224646799e-14 200 0.0
7 -1.000358622 0.0
6.9 -1.000358622 0.0
6.8 -1.199721072 0.0
6.8 -1.099681225 0.0
7.3 -1.000358622 0.0
7.3 -0.9003187749 0.0
7.6 0.9003187749 0.0
7.6 0.800278928 0.0
7.6 1.099681225 0.0
7.6 1.000358622 0.0
7.1 -1.000358622 0.0
7.2 -1.000358622 0.0
7.6 1.199721072 0.0
7.3 -0.800278928 0.0
7.5 -0.6001992343 0.0
7.4 -0.6001992343 0.0
7.3 -0.7002390812 0.0
7.6 -0.6001992343 0.0
7.6 0.7002390812 0.0
7.7 1.399800766 0.0
7.6 1.299760919 0.0
6.8 -1.399800766 0.0
6.8 -1.299760919 0.0
6.8 -1.499840613 0.0
7.7 1.499840613 0.0
7.6 0.6001992343 0.0
7.6 0.5001593874 0.0
7.6 -0.5001593874 0.0
7.6 -0.4001195406 0.0
7.7 1.599880459 0.0
7.6 0.4001195406 0.0
6.8 -1.599880459 0.0
6.8 -1.699920306 0.0
7.6 -0.3000796937 0.0
7.7 1.699920306 0.0
7.6 0.3000796937 0.0
7.6 -0.2000398469 0.0
7.7 1.799960153 0.0
6.8 -1.799960153 0.0
7.6 0.2000398469 0.0
7.6 -0.1 0.0
7.6 0.1 0.0
6.8 -1.9 0.0
7.7 1.9 0.0
7.7 2 0.0
6.8 -2 0.0
7.6 0 0.0
-1.107021615 -9.866019807 0.0
0.05295671735 -9.573114201 0.0
-4.767334147 9.205080211 0.0
-3.059758698 8.601802429 0.0
-8.960175014 -14.21523739 0.0
7.441239263 3.264538648 0.0
6.610998199 -3.256810271 0.0
6.497007308 -3.671237735 0.0
-2.92655615 -11.46417237 0.0
-3.38720822 -13.29030965 0.0
-8.060045778 7.016113781 0.0
-7.070902531 7.842016816 0.0
-11.4250005 6.443671259 0.0
-9.607446276 6.485902835 0.0
0.5360834445 7.996956603 0.0
-0.5576332749 8.027079887 0.0
0.125377046 -8.391588201 0.0
-5.970549681 8.632552239 0.0
-13.86585504 7.536660759 0.0
0.1427493012 -7.176699045 0.0
0.6520845115 6.978839954 0.0
-1.892255817 8.324749933 0.0
0.5379657988 -5.994795316 0.0
-11.13321811 -12.26014796 0.0
-12.79546523 -10.12986055 0.0
-13.88063328 -7.56527421 0.0
-15.30726373 0.03953384972 0.0
-14.81166853 -2.359201309 0.0
-14.90264715 2.451500003 0.0
-14.33641349 5.061067842 0.0
0.8212362221 -5.209159798 0.0
1.88285669 -4.597887359 0.0
1.333404141 5.996863574 0.0
-5.445515941 -13.12484234 0.0
-14.2918852 -5.046623215 0.0
1.495291372 4.764049792 0.0
1.466057581 5.361260315 0.0
5.023394631 -4.09073973 0.0
4.573128466 -4.150904424 0.0
2.747600152 -4.070704162 0.0
3.174102095 -4.150128535 0.0
3.664408075 -4.181872932 0.0
4.120585625 -4.175900767 0.0
6.490185948 -4.192628804 0.0
6 -4.149073758 0.0
5.539284796 -4.076446529 0.0
1.508229635 4.190171479 0.0
3.079487298 3.286340379 0.0
3.3 3.321637038 0.0
5.189829479 3.258412901 0.0
4.992196072 3.260189184 0.0
5.420934096 3.264342482 0.0
5.631597026 3.272272863 0.0
6.341506351 3.291800792 0.0
6.1 3.321637038 0.0
2.617483194 3.25891524 0.0
2.83271915 3.272213553 0.0
6.570993649 3.276882668 0.0
6.774158782 3.27041327 0.0
4.61375612 3.276233257 0.0
4.4 3.321637038 0.0
7.205445989 3.267928329 0.0
6.999934505 3.268680621 0.0
4.190139029 3.283986219 0.0
3.776414582 3.272594809 0.0
3.969964578 3.269057944 0.0
3.53211187 3.283917655 0.0
2.187558775 3.252294598 0.0
2.383794565 3.250600672 0.0
1.502041864 3.667201369 0.0
5.875205992 3.287524665 0.0
7.436642785 3.015222724 0.0
6.6 -2.765240078 0.0
6.6 -3.011368953 0.0
7.439217969 2.759652513 0.0
6.6 -2.5414457 0.0
7.426859443 2.503791305 0.0
6.705789039 -2.345720924 0.0
7.7 2.220143006 0.0
7.692752163 2.342730596 0.0
6.8 -2.106294689 0.0
6.70144726 -2.225238436 0.0
7.7 2.105035751 0.0
</DataArray></Points>
<Cells>
<DataArray type="Int32" Name="connectivity" format="ascii">
0 1 2 3 
4 5 6 7 
5 8 9 10 
11 4 7 12 
11 12 13 14 
15 16 11 14 
17 18 19 20 
21 22 23 24 
25 26 27 28 
29 28 27 30 
28 31 32 25 
29 30 33 34 
35 36 29 34 
37 38 39 40 
41 37 40 42 
43 44 38 37 
41 42 45 46 
46 47 48 41 
49 50 51 52 
50 53 54 24 
55 56 49 57 
57 58 59 60 
61 62 63 64 
65 66 67 68 
68 67 69 1 
70 71 72 0 
1 69 73 2 
2 73 74 75 
76 70 0 3 
75 74 77 78 
3 79 80 76 
81 78 77 82 
79 83 84 80 
81 82 85 26 
83 86 87 84 
32 87 86 25 
26 85 88 27 
27 88 89 30 
30 89 90 33 
29 36 31 28 
33 90 91 92 
93 94 95 96 
97 98 99 100 
93 96 101 102 
10 9 98 97 
103 8 5 4 
16 103 4 11 
19 15 14 20 
104 105 106 22 
107 108 35 34 
107 38 44 108 
42 40 109 110 
111 112 113 114 
66 65 113 112 
115 76 80 116 
84 117 116 80 
117 84 87 118 
119 118 87 32 
119 32 31 120 
33 92 107 34 
121 122 36 35 
109 40 39 123 
44 124 125 108 
42 110 126 45 
41 48 43 37 
127 45 126 128 
22 106 129 23 
21 130 18 17 
98 131 132 99 
101 133 6 102 
134 131 98 9 
103 135 136 8 
137 135 103 16 
16 15 138 137 
13 139 20 14 
105 104 139 140 
19 141 138 15 
142 143 18 130 
23 51 50 24 
144 142 130 54 
145 144 54 53 
51 23 129 146 
147 148 56 55 
57 60 149 55 
150 48 47 151 
58 52 152 153 
56 148 145 53 
47 154 155 151 
156 157 158 127 
157 159 154 158 
160 161 162 163 
156 164 165 161 
160 166 159 157 
55 149 167 147 
60 59 168 169 
159 170 155 154 
166 171 170 159 
171 166 172 173 
86 81 26 25 
36 122 120 31 
2 75 79 3 
75 78 83 79 
72 68 1 0 
70 174 175 71 
63 111 114 64 
45 127 158 46 
158 154 47 46 
164 156 127 128 
78 81 86 83 
92 39 38 107 
123 39 92 91 
108 125 121 35 
97 100 94 93 
8 136 134 9 
10 102 6 5 
176 13 12 177 
7 6 133 178 
20 139 104 17 
146 152 52 51 
52 58 57 49 
58 153 179 59 
24 54 130 21 
172 166 160 163 
160 157 156 161 
48 150 180 43 
169 181 149 60 
49 56 53 50 
172 163 182 183 
180 124 44 43 
90 89 184 185 
89 88 186 184 
187 85 82 188 
189 188 82 77 
189 77 74 190 
73 69 191 192 
67 66 193 194 
112 195 193 66 
111 196 195 112 
196 111 63 197 
91 198 199 123 
123 199 200 109 
164 201 202 165 
175 174 203 204 
174 115 205 203 
116 206 205 115 
206 116 117 207 
207 117 118 208 
209 208 118 119 
209 119 120 210 
210 120 122 211 
125 212 213 121 
124 214 212 125 
215 214 124 180 
215 180 150 216 
95 217 218 96 
101 96 218 219 
133 220 221 178 
12 7 178 177 
177 178 221 222 
17 104 22 21 
223 132 131 224 
131 134 225 224 
225 134 136 226 
136 135 227 226 
135 137 228 227 
176 140 139 13 
229 228 137 138 
229 138 141 230 
143 231 230 141 
143 142 232 231 
105 233 234 106 
142 144 235 232 
236 235 144 145 
153 237 238 179 
179 239 168 59 
179 238 240 239 
241 182 163 162 
162 242 243 241 
148 244 236 145 
244 148 147 245 
216 150 151 246 
246 151 155 247 
247 155 170 248 
167 249 245 147 
249 167 250 251 
181 250 167 149 
250 181 252 253 
165 242 162 161 
242 165 202 254 
255 256 169 168 
255 168 239 257 
258 248 170 171 
258 171 173 259 
122 121 213 211 
200 260 110 109 
90 185 198 91 
88 85 187 186 
76 115 174 70 
74 73 192 190 
10 97 93 102 
220 133 101 219 
18 143 141 19 
233 105 140 261 
262 263 146 129 
263 264 152 146 
264 237 153 152 
201 164 128 265 
252 181 169 256 
172 183 266 173 
183 182 267 268 
260 269 270 271 
272 269 260 200 
272 200 199 273 
273 199 198 274 
198 185 275 274 
184 276 275 185 
184 186 277 276 
278 277 186 187 
188 279 278 187 
188 189 280 279 
190 281 280 189 
282 281 190 192 
283 282 192 191 
194 284 283 191 
194 193 285 284 
286 195 196 287 
197 288 287 196 
288 197 289 290 
206 207 291 292 
291 207 208 293 
208 209 294 293 
294 209 210 295 
211 296 295 210 
256 297 298 252 
256 255 299 297 
271 265 128 126 
265 300 301 201 
302 296 211 213 
212 303 302 213 
212 214 304 303 
214 215 305 304 
305 215 216 306 
307 224 225 308 
308 225 226 309 
310 309 226 227 
227 228 311 310 
228 229 312 311 
312 229 230 313 
231 232 314 315 
235 236 316 317 
236 244 318 316 
319 246 247 320 
248 321 320 247 
248 258 322 321 
219 323 324 220 
222 221 325 326 
327 176 177 222 
327 261 140 176 
262 129 106 234 
238 328 329 240 
182 241 330 267 
331 318 244 245 
245 249 332 331 
333 251 334 335 
240 336 257 239 
243 337 330 241 
254 202 338 339 
266 340 259 173 
254 341 243 242 
342 337 243 341 
253 334 251 250 
334 253 343 344 
345 299 255 257 
336 346 345 257 
259 347 322 258 
340 348 347 259 
67 194 191 69 
193 195 286 285 
230 231 315 313 
232 235 317 314 
63 62 289 197 
216 246 319 306 
110 260 271 126 
324 325 221 220 
249 251 333 332 
349 350 264 263 
328 238 237 351 
268 352 266 183 
268 267 353 354 
355 340 266 352 
352 356 357 355 
355 358 348 340 
355 357 359 358 
275 276 360 361 
277 362 360 276 
363 362 277 278 
363 278 279 364 
364 279 280 365 
365 280 281 366 
281 282 367 366 
282 283 368 367 
284 369 368 283 
370 369 284 285 
370 285 286 371 
287 372 371 286 
288 373 372 287 
373 288 290 374 
307 308 375 376 
309 377 375 308 
377 309 310 378 
379 380 311 312 
313 381 379 312 
381 313 315 382 
314 317 383 384 
317 316 385 383 
385 316 318 386 
318 331 387 386 
388 389 218 217 
389 388 390 391 
389 323 219 218 
323 389 391 392 
393 292 291 394 
394 291 293 395 
396 294 295 397 
397 295 296 398 
296 302 399 398 
400 353 267 330 
400 330 337 401 
273 402 403 272 
399 302 303 404 
404 303 304 405 
406 405 304 305 
406 305 306 407 
319 320 408 409 
320 321 410 408 
411 410 321 322 
269 412 413 270 
300 265 271 270 
326 325 414 415 
416 417 261 327 
418 387 331 332 
332 333 419 418 
335 420 419 333 
417 421 233 261 
421 422 423 424 
424 425 262 234 
424 423 426 425 
427 401 337 342 
427 342 428 429 
299 430 431 297 
298 343 253 252 
343 432 433 344 
425 349 263 262 
349 434 435 350 
351 436 437 328 
328 437 438 329 
329 439 336 240 
347 440 411 322 
440 347 348 441 
439 442 346 336 
442 439 443 444 
339 445 341 254 
346 446 447 345 
446 346 442 448 
344 449 335 334 
450 420 335 449 
441 348 358 451 
445 428 342 341 
428 445 452 453 
454 455 338 301 
456 402 273 274 
403 412 269 272 
455 457 339 338 
202 201 301 338 
452 445 339 457 
416 327 222 326 
315 314 384 382 
293 294 396 395 
458 432 343 298 
438 443 439 329 
447 430 299 345 
393 394 459 460 
395 396 461 462 
463 397 398 464 
465 464 398 399 
404 466 465 399 
466 404 405 467 
405 406 468 467 
469 407 409 470 
470 409 408 471 
472 471 408 410 
410 411 473 472 
473 411 440 474 
356 475 476 357 
379 381 477 478 
310 311 380 378 
378 380 479 480 
377 378 480 481 
377 481 482 375 
376 375 482 483 
484 485 486 454 
484 413 487 485 
487 413 412 488 
412 403 489 488 
402 490 489 403 
456 491 490 402 
456 361 492 491 
360 362 493 494 
362 363 495 493 
495 363 364 496 
364 365 497 496 
497 365 366 498 
367 368 499 500 
499 368 369 501 
457 455 502 503 
457 503 504 452 
452 504 505 453 
506 414 325 324 
414 506 507 508 
509 510 417 416 
510 511 512 422 
510 422 421 417 
423 422 512 513 
426 434 349 425 
437 514 515 438 
353 516 517 354 
353 400 518 516 
519 518 400 401 
447 446 520 521 
522 519 401 427 
522 427 429 523 
524 477 381 382 
524 382 384 525 
458 298 297 431 
458 526 527 432 
369 370 528 501 
371 529 528 370 
529 371 372 530 
530 372 373 531 
532 525 384 383 
383 385 533 532 
533 385 386 534 
535 536 387 418 
535 418 419 537 
538 539 420 450 
538 450 540 541 
359 542 451 358 
440 441 543 474 
429 544 545 523 
444 546 448 442 
546 547 548 448 
549 540 450 449 
541 540 550 551 
453 544 429 428 
544 453 505 552 
542 553 554 451 
354 356 352 268 
526 458 431 555 
326 415 509 416 
556 511 510 509 
557 558 435 434 
517 475 356 354 
394 395 462 459 
361 360 494 492 
361 456 274 275 
406 407 469 468 
379 478 479 380 
413 484 300 270 
502 455 454 486 
419 420 539 537 
559 555 431 430 
476 560 359 357 
560 561 542 359 
516 562 563 517 
516 518 564 562 
518 519 565 564 
519 522 566 565 
566 522 523 567 
568 391 390 569 
568 570 571 572 
507 506 392 572 
572 571 573 507 
512 511 574 575 
513 576 426 423 
557 577 578 558 
558 579 436 435 
579 514 437 436 
494 580 581 492 
582 580 494 493 
583 582 493 495 
496 584 583 495 
496 497 585 584 
498 586 585 497 
586 498 500 587 
587 500 499 588 
588 499 501 589 
590 589 501 528 
591 590 528 529 
530 592 591 529 
531 593 592 530 
594 595 593 531 
526 555 596 597 
598 599 549 433 
600 601 460 459 
600 459 462 602 
603 602 462 461 
463 604 603 461 
604 463 464 605 
397 463 461 396 
464 465 606 605 
466 607 606 465 
607 466 467 608 
609 608 467 468 
469 610 609 468 
470 611 610 469 
611 470 471 612 
471 472 613 612 
614 613 472 473 
614 473 474 615 
483 482 616 617 
481 618 616 482 
480 619 618 481 
479 620 619 480 
479 478 621 620 
477 622 621 478 
524 623 622 477 
623 524 525 624 
532 533 625 626 
625 533 534 627 
534 536 628 627 
629 628 536 535 
629 535 537 630 
539 631 630 537 
632 631 539 538 
560 633 634 561 
515 635 636 637 
638 444 443 637 
637 636 639 638 
638 640 546 444 
640 638 639 641 
640 642 547 546 
640 641 643 642 
505 644 645 552 
520 646 647 521 
599 550 540 549 
541 648 632 538 
541 551 649 648 
543 650 615 474 
650 543 554 651 
548 652 646 520 
561 653 553 542 
551 550 654 655 
433 549 449 344 
553 656 651 554 
653 657 656 553 
552 658 545 544 
658 659 660 545 
547 661 652 548 
661 547 642 662 
663 570 568 569 
525 532 626 624 
392 391 568 572 
664 576 513 665 
664 577 557 576 
666 579 558 578 
667 514 579 666 
635 515 514 667 
515 637 443 438 
448 548 520 446 
536 534 386 387 
319 409 407 306 
366 367 500 498 
668 504 503 669 
373 374 594 531 
670 598 527 671 
521 559 430 447 
598 433 432 527 
670 672 599 598 
672 654 550 599 
441 451 554 543 
563 562 673 674 
571 675 676 573 
677 573 676 678 
677 679 680 508 
681 574 511 556 
667 682 683 635 
639 636 684 685 
643 686 662 642 
687 688 689 596 
687 647 690 688 
521 647 687 559 
581 691 491 492 
581 580 692 693 
694 692 580 582 
582 583 695 694 
584 696 695 583 
697 696 584 585 
585 586 698 697 
699 698 586 587 
700 699 587 588 
589 701 700 588 
589 590 702 701 
703 591 592 704 
704 592 593 705 
706 490 491 691 
691 707 708 706 
709 489 490 706 
709 710 488 489 
711 487 488 710 
711 712 485 487 
712 713 486 485 
601 600 714 715 
602 603 716 717 
716 603 604 718 
605 606 719 720 
719 606 607 721 
608 722 721 607 
608 609 723 722 
617 616 724 725 
618 726 724 616 
726 618 619 727 
727 619 620 728 
728 620 621 729 
730 622 623 731 
732 733 624 626 
626 625 734 732 
734 625 627 735 
736 735 627 628 
628 629 737 736 
630 738 737 629 
630 631 739 738 
671 527 526 597 
609 610 740 723 
740 610 611 741 
741 611 612 742 
613 614 743 744 
743 614 615 745 
631 632 746 739 
668 747 748 644 
644 748 749 645 
645 750 658 552 
562 564 751 673 
565 752 751 564 
565 566 753 752 
567 754 753 566 
755 754 567 660 
659 756 755 660 
756 659 757 758 
759 760 761 762 
762 633 560 476 
762 761 763 633 
634 764 765 766 
766 767 657 653 
654 672 768 769 
646 770 690 647 
770 646 652 771 
651 772 773 650 
656 774 772 651 
661 775 771 652 
655 654 769 776 
648 777 746 632 
649 778 777 648 
778 649 779 780 
781 774 656 657 
767 782 781 657 
750 757 659 658 
757 750 783 784 
655 779 649 551 
779 655 776 785 
786 775 661 662 
786 662 686 787 
678 788 679 677 
789 681 679 788 
680 679 681 556 
789 790 574 681 
556 509 415 680 
791 665 575 792 
793 664 665 791 
793 794 577 664 
665 513 512 575 
795 578 577 794 
590 591 703 702 
595 796 705 593 
797 798 710 709 
799 711 710 798 
687 596 555 559 
621 622 730 729 
623 624 733 731 
615 650 773 745 
581 693 707 691 
799 800 712 711 
801 713 712 800 
802 803 713 801 
486 713 803 502 
804 669 803 802 
803 669 503 502 
747 668 669 804 
475 759 762 476 
674 760 759 563 
563 759 475 517 
749 783 750 645 
660 567 523 545 
805 806 570 663 
675 571 570 806 
573 677 508 507 
807 808 715 714 
714 717 809 807 
810 809 717 716 
718 811 810 716 
811 718 720 812 
813 812 720 719 
813 719 721 814 
814 721 722 815 
722 723 816 815 
740 817 816 723 
817 740 741 818 
742 819 818 741 
819 742 744 820 
821 820 744 743 
821 743 745 822 
773 823 822 745 
772 824 823 773 
824 772 774 825 
826 825 774 781 
693 692 827 828 
805 829 830 806 
788 831 832 789 
790 789 832 833 
790 833 834 792 
794 793 835 836 
795 837 838 839 
682 667 666 839 
839 838 840 682 
683 841 842 684 
685 843 641 639 
844 686 643 845 
845 846 847 844 
848 827 692 694 
849 848 694 695 
696 850 849 695 
696 697 851 850 
698 699 852 853 
699 700 854 852 
701 855 854 700 
701 702 856 855 
857 856 702 703 
704 858 857 703 
705 859 858 704 
859 705 796 860 
674 673 861 862 
725 724 863 864 
863 724 726 865 
727 866 865 726 
727 728 867 866 
689 868 597 596 
869 867 728 729 
869 729 730 870 
731 871 870 730 
733 872 871 731 
733 732 873 872 
874 873 732 734 
735 875 874 734 
876 875 735 736 
736 737 877 876 
878 738 739 879 
777 880 881 746 
880 777 778 882 
780 883 884 885 
748 747 886 887 
765 888 767 766 
888 889 782 767 
889 888 890 891 
782 892 826 781 
892 782 889 893 
673 751 894 861 
752 895 894 751 
895 752 753 896 
897 670 671 898 
897 768 672 670 
755 899 900 754 
899 755 756 901 
901 756 758 902 
902 758 903 904 
785 883 780 779 
883 785 905 906 
844 907 787 686 
907 844 847 908 
784 783 909 910 
784 903 758 757 
903 784 910 911 
787 912 913 786 
912 787 907 914 
737 738 878 877 
604 605 720 718 
600 602 717 714 
641 843 845 643 
913 915 775 786 
916 917 770 771 
918 675 806 830 
919 676 675 918 
919 920 678 676 
921 690 770 917 
921 922 688 690 
612 613 744 742 
753 754 900 896 
778 780 885 882 
923 689 688 922 
923 924 868 689 
924 925 898 868 
926 797 708 927 
928 798 797 926 
929 930 843 685 
846 845 843 930 
931 897 898 925 
597 868 898 671 
931 932 768 897 
933 799 798 928 
934 800 799 933 
935 801 800 934 
936 937 763 761 
763 764 634 633 
937 938 764 763 
938 939 765 764 
935 940 802 801 
766 653 561 634 
940 941 804 802 
941 886 747 804 
942 749 748 887 
939 890 888 765 
942 909 783 749 
932 943 769 768 
893 889 891 944 
945 905 785 776 
739 746 881 879 
881 946 947 879 
878 948 949 877 
876 950 951 875 
952 953 882 885 
954 952 885 884 
875 951 955 874 
871 872 956 957 
869 958 959 867 
866 960 961 865 
865 961 962 863 
864 863 962 963 
816 817 964 965 
815 966 967 814 
814 967 968 813 
811 969 970 810 
830 971 972 918 
912 973 974 913 
915 975 976 916 
917 977 978 921 
918 972 970 919 
894 895 979 980 
674 862 981 760 
861 982 983 862 
855 856 984 985 
852 986 987 853 
697 698 853 851 
850 988 989 849 
848 849 989 990 
827 848 990 991 
828 992 707 693 
827 991 993 828 
992 828 993 994 
818 995 964 817 
819 996 995 818 
997 791 792 834 
833 967 966 834 
820 998 996 819 
820 821 999 998 
835 793 791 997 
1000 896 900 1001 
840 841 683 682 
1001 900 899 1002 
842 929 685 684 
929 1003 1004 930 
932 931 1005 1006 
1007 822 823 1008 
981 1009 1010 936 
943 1011 1012 945 
1008 823 824 1003 
940 1013 1014 941 
936 761 760 981 
825 1004 1003 824 
825 826 1015 1004 
890 939 1016 1017 
902 1018 1019 901 
1018 902 904 1020 
1020 904 1021 1022 
886 941 1014 1023 
887 886 1023 1024 
942 1025 1026 909 
891 890 1017 1027 
891 1027 1028 944 
908 1029 914 907 
910 1030 1031 911 
905 945 1012 1032 
911 1021 904 903 
1021 911 1031 1033 
1029 908 1034 1035 
893 1034 1036 892 
1034 893 944 1035 
906 905 1032 1037 
1038 906 1037 1039 
927 708 707 992 
1040 1041 928 926 
994 1042 927 992 
1043 988 850 851 
1044 1045 859 860 
1046 923 922 1047 
1046 1048 924 923 
1048 1049 925 924 
1049 1005 931 925 
1041 1050 933 928 
1025 942 887 1024 
1051 954 884 1038 
906 1038 884 883 
1040 926 927 1042 
1052 1016 939 938 
943 945 776 769 
987 1043 851 853 
1053 986 852 854 
1054 858 859 1045 
1054 1055 857 858 
1055 984 856 857 
1053 854 855 985 
1056 969 811 812 
970 969 920 919 
968 832 831 1056 
953 1057 880 882 
946 881 880 1057 
1050 1058 934 933 
1059 935 934 1058 
999 840 838 998 
999 1007 841 840 
821 822 1007 999 
1007 1008 842 841 
1008 1003 929 842 
826 892 1036 1015 
1015 846 930 1004 
959 960 866 867 
968 1056 812 813 
920 831 788 678 
968 967 833 832 
980 982 861 894 
1060 958 869 870 
1061 956 872 873 
983 1009 981 862 
970 972 809 810 
972 971 807 809 
971 1062 808 807 
1062 971 830 829 
1033 1063 1022 1021 
1064 1052 938 937 
1010 1064 937 936 
949 950 876 877 
964 995 836 835 
995 996 837 836 
965 966 815 816 
1006 1011 943 932 
976 977 917 916 
1015 1036 847 846 
1036 1034 908 847 
1065 1066 914 1029 
1066 973 912 914 
947 948 878 879 
974 975 915 913 
969 1056 831 920 
965 997 834 966 
1026 1030 910 909 
899 901 1019 1002 
1067 1051 1038 1039 
895 896 1000 979 
1068 1065 1029 1035 
668 644 505 504 
964 835 997 965 
508 680 415 414 
683 684 636 635 
1059 1013 940 935 
836 837 795 794 
435 436 351 350 
839 666 578 795 
454 301 300 484 
790 792 575 574 
797 709 706 708 
576 557 434 426 
506 324 323 392 
424 234 233 421 
350 351 237 264 
996 998 838 837 
1060 870 871 957 
916 771 775 915 
978 1047 922 921 
955 1061 873 874 
1028 1068 1035 944 
1069 1070 1071 
1072 1073 1074 
1075 1076 1077 
1078 1079 1080 
1081 1082 1083 
1074 1073 1084 
1085 1086 1087 
1088 1089 1090 
1091 1092 1093 
1094 1095 1096 
1097 1098 1099 
1095 1094 1100 
1090 1101 1102 
1103 1104 1105 
1106 1107 1108 
1109 1110 1111 
1112 1113 1114 
1115 1116 1117 
1118 1119 1120 
1119 1121 1122 
1123 1124 1125 
1126 1127 1128 
1129 1130 1131 
1132 1133 1134 
1084 1135 1136 
1137 1138 1139 
1140 1141 1142 
1143 1144 1145 
1146 1147 1148 
1149 1150 1151 
1125 1152 1077 
1153 1124 1154 
1155 1156 1157 
1158 1159 1160 
1161 1137 1162 
1163 1164 1165 
1166 1160 1159 
1138 1167 1150 
1168 1169 1170 
1171 1172 1173 
1174 1175 1176 
1177 1178 1179 
1180 1181 1182 
1183 1184 1185 
1186 1187 1188 
1189 1190 1191 
1192 1193 1194 
1122 1135 1195 
1196 1197 1198 
1199 1200 1201 
1202 1203 1204 
1205 1206 1207 
1175 1208 1209 
1210 1211 1212 
1184 1213 1214 
1215 1216 1217 
1218 1219 1220 
1221 1222 1223 
1221 1224 1225 
1226 1227 1228 
1229 1230 1231 
1215 1232 1233 
1218 1234 1235 
1236 1237 1238 
1239 1240 1241 
1200 1242 1243 
1244 1245 1246 
1247 1248 1249 
1250 1251 1252 
1191 1253 1254 
1255 1256 1257 
1258 1259 1260 
1261 1262 1263 
1264 1265 1261 
1266 1267 1268 
1269 1270 1271 
1272 1273 1162 
1274 1275 1276 
1277 1278 1279 
1280 1281 1282 
1283 1256 1284 
1285 1286 1287 
1288 1289 1290 
1291 1258 1292 
1293 1294 1295 
1296 1297 1298 
1299 1300 1301 
1302 1303 1304 
1305 1306 1307 
1308 1309 1310 
1284 1311 1312 
1259 1313 1314 
1315 1316 1262 
1317 1318 1319 
1320 1321 1322 
1323 1294 1293 
1324 1325 1326 
1327 1328 1329 
1330 1309 1308 
1331 1332 1333 
1334 1335 1336 
1337 1338 1339 
1340 1341 1342 
1343 1344 1339 
1345 1346 1341 
1347 1348 1349 
1314 1350 1351 
1316 1352 1353 
1354 1355 1356 
1357 1354 1358 
1359 1360 1350 
1361 1362 1352 
1363 1361 1364 
1365 1366 1367 
1368 1369 1370 
1371 1372 1373 
1374 1375 1376 
1377 1378 1379 
1380 1381 1382 
1383 1384 1385 
1386 1387 1388 
1389 1390 1391 
1392 1393 1394 
1395 1396 1367 
1397 1398 1399 
1400 1401 1402 
1403 1404 1405 
1406 1407 1408 
1409 1410 1411 
1412 1360 1413 
1414 1415 1416 
1417 1418 1419 
1419 1420 1417 
1421 1422 1423 
1424 1425 1426 
1427 1426 1425 
1428 1371 1373 
1429 1430 1431 
1429 1432 1430 
1433 1434 1435 
1435 1436 1433 
1411 1410 1437 
1416 1415 1438 
1406 1408 1439 
1440 1387 1386 
1441 1375 1374 
1442 1400 1402 
1443 1444 1445 
1444 1446 1445 
1447 1381 1380 
1448 1384 1383 
1449 1450 1451 
1450 1452 1451 
1453 1454 1455 
1456 1457 1458 
1459 1460 1461 
1462 1463 1464 
1465 1466 1467 
1468 1469 1470 
1471 1472 1340 
1473 1474 1475 
1476 1477 1478 
1479 1480 1481 
1482 1483 1484 
1485 1486 1487 
1488 1482 1484 
1489 1390 1389 
1490 1398 1397 
1491 1492 1493 
1494 1359 1495 
1496 1491 1493 
1497 1498 1459 
1465 1467 1499 
1500 1501 1502 
1503 1504 1505 
1506 1507 1508 
1509 1510 1511 
1512 1513 1514 
1468 1470 1515 
1479 1481 1516 
1500 1502 1517 
1518 1519 1520 
1521 1522 1523 
1524 1525 1526 
1527 1473 1528 
1357 1529 1530 
1531 1067 1437 
1532 1063 1438 
1533 1534 1535 
1486 1536 1487 
1537 1335 1538 
1258 1260 1275 1227 
1261 1263 1270 1224 
1072 1091 1093 1539 
1075 1540 1092 1541 
1120 1540 1542 1118 
1093 1120 1119 1539 
1077 1076 1100 1125 
1114 1113 1543 1544 
1113 1128 1545 1543 
1546 1544 1543 1547 
1547 1131 1079 1078 
1115 1117 1272 1548 
1117 1116 1089 1088 
1549 1550 1551 1552 
1552 1551 1553 1554 
1554 1553 1555 1556 
1557 1555 1558 1559 
1083 1560 1561 1081 
1081 1561 1562 1546 
1546 1562 1563 1544 
1564 1565 1148 1566 
1567 1565 1564 1112 
1567 1112 1114 1568 
1114 1544 1563 1568 
1569 1115 1098 1070 
1570 1571 1147 1572 
1070 1085 1570 1569 
1115 1573 1574 1116 
1088 1575 1272 1117 
1116 1574 1576 1089 
1072 1074 1577 1091 
1577 1578 1579 1091 
1091 1579 1580 1092 
1092 1540 1120 1093 
1077 1542 1540 1075 
1581 1095 1100 1076 
1582 1583 1552 1554 
1558 1555 1553 1106 
1584 1585 1096 1095 
1103 1105 1110 1586 
1587 1588 1589 1590 
1591 1573 1115 1569 
1564 1592 1593 1112 
1594 1592 1595 1087 
1596 1594 1087 1086 
1596 1086 1069 1149 
1594 1596 1597 1194 
1595 1592 1564 1566 
1545 1131 1547 1543 
1128 1127 1598 1545 
1545 1598 1129 1131 
1599 1106 1553 1551 
1599 1600 1601 1602 
1075 1541 1581 1076 
1100 1094 1123 1125 
1603 1096 1585 1604 
1604 1585 1559 1132 
1106 1108 1605 1558 
1554 1556 1606 1582 
1605 1132 1559 1558 
1607 1600 1550 1549 
1549 1552 1583 1111 
1131 1130 1608 1079 
1080 1079 1608 1609 
1080 1082 1081 1078 
1578 1577 1089 1576 
1548 1099 1098 1115 
1099 1548 1272 1162 
1085 1070 1069 1086 
1071 1139 1149 1069 
1071 1097 1137 1139 
1591 1569 1570 1572 
1162 1137 1097 1099 
1582 1606 1610 1611 
1582 1611 1612 1583 
1107 1106 1599 1602 
1586 1613 1614 1103 
1109 1143 1586 1110 
1614 1613 1589 1588 
1590 1589 1615 1616 
1561 1560 1617 1618 
1078 1081 1546 1547 
1561 1618 1619 1562 
1562 1619 1620 1563 
1568 1563 1620 1621 
1113 1112 1593 1128 
1128 1593 1181 1126 
1182 1181 1593 1592 
1565 1622 1146 1148 
1087 1571 1570 1085 
1572 1147 1146 1623 
1573 1591 1624 1625 
1576 1574 1626 1627 
1576 1627 1628 1578 
1579 1629 1630 1580 
1631 1632 1633 1634 
1635 1095 1581 1634 
1584 1095 1635 1170 
1195 1539 1119 1122 
1580 1631 1541 1092 
1630 1632 1631 1580 
1135 1084 1073 1195 
1636 1637 1638 1118 
1119 1118 1638 1121 
1118 1542 1639 1636 
1639 1152 1153 1640 
1639 1640 1637 1636 
1152 1125 1124 1153 
1541 1631 1634 1581 
1641 1124 1123 1603 
1641 1603 1604 1642 
1604 1132 1134 1642 
1571 1087 1595 1566 
1592 1594 1643 1182 
1571 1566 1148 1147 
1643 1193 1180 1182 
1181 1180 1176 1126 
1127 1156 1644 1598 
1645 1646 1609 1608 
1608 1130 1183 1645 
1130 1129 1647 1183 
1132 1605 1159 1133 
1605 1108 1648 1159 
1110 1105 1549 1111 
1601 1649 1163 1602 
1599 1551 1550 1600 
1108 1107 1650 1648 
1084 1101 1090 1074 
1088 1090 1102 1575 
1272 1575 1651 1273 
1615 1589 1613 1652 
1151 1597 1596 1149 
1149 1139 1138 1150 
1071 1070 1098 1097 
1162 1273 1189 1161 
1138 1137 1161 1653 
1618 1654 1211 1619 
1618 1617 1655 1654 
1615 1652 1656 1657 
1615 1657 1658 1616 
1586 1143 1652 1613 
1659 1109 1612 1660 
1612 1611 1661 1660 
1611 1610 1662 1661 
1620 1619 1211 1210 
1663 1567 1568 1621 
1621 1620 1210 1664 
1663 1622 1565 1567 
1624 1591 1572 1623 
1624 1665 1666 1625 
1627 1626 1667 1668 
1628 1629 1579 1578 
1627 1668 1669 1628 
1074 1090 1089 1577 
1629 1628 1669 1670 
1632 1630 1671 1672 
1673 1635 1634 1633 
1633 1674 1675 1673 
1094 1096 1603 1123 
1673 1675 1676 1168 
1610 1169 1677 1662 
1635 1673 1168 1170 
1678 1102 1101 1679 
1135 1122 1680 1681 
1680 1122 1121 1682 
1145 1656 1652 1143 
1143 1109 1659 1144 
1104 1607 1549 1105 
1109 1111 1583 1612 
1683 1663 1621 1664 
1626 1574 1573 1625 
1681 1680 1172 1171 
1680 1682 1684 1172 
1651 1207 1189 1273 
1207 1651 1678 1685 
1156 1127 1126 1176 
1180 1178 1174 1176 
1154 1229 1686 1153 
1641 1687 1154 1124 
1641 1642 1188 1687 
1188 1642 1134 1688 
1676 1677 1169 1168 
1134 1133 1689 1688 
1133 1159 1158 1689 
1156 1176 1175 1157 
1645 1183 1185 1690 
1645 1690 1691 1646 
1678 1679 1692 1685 
1163 1650 1107 1602 
1650 1216 1693 1648 
1183 1647 1694 1184 
1647 1129 1598 1644 
1161 1189 1191 1653 
1695 1696 1697 1698 
1697 1699 1700 1698 
1701 1702 1703 1704 
1705 1702 1701 1706 
1706 1707 1708 1705 
1708 1707 1658 1709 
1710 1709 1658 1657 
1660 1661 1711 1712 
1659 1713 1714 1144 
1715 1710 1657 1656 
1656 1145 1716 1715 
1674 1198 1197 1675 
1198 1674 1672 1717 
1152 1639 1542 1077 
1670 1669 1718 1719 
1136 1679 1101 1084 
1668 1667 1720 1721 
1722 1723 1666 1665 
1722 1665 1724 1725 
1726 1725 1724 1727 
1726 1727 1728 1729 
1727 1146 1622 1728 
1728 1683 1730 1729 
1683 1664 1731 1730 
1664 1210 1212 1731 
1654 1732 1212 1211 
1654 1655 1733 1732 
1734 1733 1655 1141 
1141 1140 1735 1734 
1140 1736 1737 1735 
1738 1193 1192 1739 
1675 1197 1740 1676 
1741 1711 1661 1662 
1662 1677 1742 1741 
1740 1742 1677 1676 
1743 1682 1121 1638 
1539 1195 1073 1072 
1640 1203 1202 1637 
1637 1744 1743 1638 
1745 1192 1194 1597 
1746 1745 1597 1151 
1746 1151 1150 1747 
1180 1193 1738 1178 
1165 1216 1650 1163 
1159 1648 1693 1166 
1170 1606 1556 1584 
1585 1584 1557 1559 
1169 1610 1606 1170 
1102 1678 1651 1575 
1748 1685 1692 1266 
1749 1715 1716 1750 
1751 1741 1742 1752 
1192 1753 1754 1739 
1192 1745 1755 1753 
1756 1202 1204 1199 
1757 1717 1672 1671 
1629 1670 1671 1630 
1756 1199 1201 1758 
1203 1686 1229 1231 
1692 1759 1760 1266 
1668 1721 1718 1669 
1171 1760 1759 1681 
1761 1229 1154 1687 
1188 1187 1761 1687 
1188 1688 1762 1186 
1174 1178 1177 1763 
1174 1763 1208 1175 
1691 1690 1764 1765 
1690 1185 1766 1764 
1155 1767 1644 1156 
1694 1647 1644 1767 
1768 1769 1694 1767 
1163 1649 1770 1164 
1556 1555 1557 1584 
1165 1164 1771 1772 
1688 1689 1773 1762 
1220 1773 1689 1158 
1158 1160 1774 1220 
1166 1775 1774 1160 
1693 1776 1775 1166 
1141 1655 1617 1142 
1207 1206 1190 1189 
1667 1666 1723 1720 
1703 1777 1778 1700 
1777 1703 1702 1779 
1780 1167 1138 1653 
1698 1700 1778 1781 
1695 1782 1783 1737 
1782 1695 1698 1781 
1784 1785 1705 1708 
1784 1708 1709 1786 
1709 1710 1787 1786 
1712 1711 1788 1789 
1713 1659 1660 1712 
1714 1716 1145 1144 
1716 1714 1790 1750 
1731 1212 1791 1792 
1683 1728 1622 1663 
1179 1178 1738 1739 
1726 1793 1794 1725 
1722 1795 1796 1723 
1759 1692 1679 1136 
1721 1720 1797 1798 
1759 1136 1135 1681 
1719 1718 1799 1800 
1717 1757 1801 1802 
1674 1633 1632 1672 
1751 1788 1711 1741 
1742 1740 1803 1752 
1746 1804 1755 1745 
1167 1805 1747 1150 
1806 1805 1167 1780 
1806 1780 1254 1807 
1808 1804 1746 1747 
1737 1736 1696 1695 
1704 1703 1700 1699 
1749 1787 1710 1715 
1809 1784 1786 1810 
1682 1743 1222 1684 
1172 1684 1225 1173 
1744 1223 1222 1743 
1804 1808 1292 1226 
1753 1755 1228 1754 
1754 1811 1179 1739 
1199 1204 1242 1200 
1805 1812 1808 1747 
1808 1812 1283 1292 
1254 1780 1653 1191 
1191 1190 1813 1253 
1206 1814 1813 1190 
1206 1205 1815 1814 
1241 1815 1205 1748 
1748 1266 1268 1241 
1266 1760 1816 1267 
1799 1718 1721 1798 
1686 1203 1640 1153 
1229 1761 1817 1230 
1817 1761 1187 1322 
1187 1186 1818 1322 
1186 1762 1819 1818 
1762 1773 1237 1819 
1215 1217 1820 1232 
1776 1693 1216 1215 
1772 1821 1820 1217 
1280 1821 1772 1771 
1771 1822 1823 1280 
1763 1177 1824 1279 
1175 1209 1825 1157 
1763 1279 1826 1208 
1827 1155 1157 1825 
1827 1768 1767 1155 
1768 1828 1829 1769 
1766 1185 1184 1214 
1213 1184 1694 1769 
1219 1237 1773 1220 
1830 1218 1220 1774 
1785 1779 1702 1705 
1831 1713 1712 1789 
1777 1832 1833 1778 
1779 1834 1832 1777 
1779 1785 1835 1834 
1790 1714 1713 1831 
1836 1810 1786 1787 
1836 1787 1749 1837 
1750 1838 1837 1749 
1781 1839 1840 1782 
1783 1782 1840 1841 
1842 1843 1733 1734 
1842 1844 1845 1246 
1842 1246 1245 1843 
1844 1783 1841 1845 
1842 1734 1735 1844 
1843 1846 1732 1733 
1792 1791 1847 1848 
1849 1730 1731 1792 
1849 1850 1729 1730 
1793 1726 1729 1850 
1850 1851 1852 1793 
1795 1722 1725 1794 
1794 1793 1852 1853 
1795 1854 1855 1796 
1797 1720 1723 1796 
1798 1797 1856 1857 
1801 1757 1719 1800 
1173 1816 1760 1171 
1799 1858 1859 1800 
1802 1801 1860 1861 
1196 1198 1717 1802 
1803 1196 1862 1863 
1252 1251 1788 1751 
1751 1752 1864 1252 
1752 1803 1863 1864 
1756 1744 1637 1202 
1231 1230 1865 1242 
1254 1253 1866 1807 
1257 1812 1805 1806 
1257 1806 1807 1255 
1194 1193 1643 1594 
1732 1846 1791 1212 
1770 1822 1771 1164 
1217 1216 1165 1772 
1867 1821 1280 1282 
1264 1758 1201 1868 
1221 1264 1261 1224 
1869 1865 1230 1817 
1870 1866 1253 1813 
1870 1813 1814 1871 
1814 1815 1872 1871 
1322 1818 1873 1320 
1321 1869 1817 1322 
1874 1764 1766 1875 
1876 1875 1766 1214 
1829 1877 1213 1769 
1876 1214 1213 1877 
1878 1879 1880 1830 
1881 1882 1879 1878 
1881 1233 1883 1882 
1883 1233 1232 1884 
1233 1881 1776 1215 
1885 1209 1208 1826 
1279 1824 1886 1277 
1887 1825 1209 1885 
1888 1827 1825 1887 
1830 1774 1775 1878 
1824 1811 1889 1886 
1241 1268 1890 1239 
1268 1267 1891 1890 
1267 1816 1892 1891 
1816 1173 1893 1892 
1243 1242 1865 1894 
1807 1895 1896 1255 
1895 1807 1866 1897 
1228 1274 1898 1754 
1228 1227 1275 1274 
1225 1269 1893 1173 
1225 1224 1270 1269 
1283 1812 1257 1256 
1848 1847 1899 1900 
1245 1901 1846 1843 
1901 1902 1899 1847 
1244 1902 1901 1245 
1244 1246 1845 1903 
1904 1903 1845 1841 
1839 1905 1906 1840 
1839 1833 1907 1905 
1834 1908 1909 1832 
1834 1835 1910 1908 
1809 1911 1910 1835 
1809 1810 1912 1911 
1913 1912 1810 1836 
1913 1836 1837 1914 
1837 1838 1915 1914 
1248 1790 1831 1249 
1247 1915 1838 1248 
1251 1916 1789 1788 
1916 1917 1247 1249 
1250 1917 1916 1251 
1918 1851 1850 1849 
1851 1918 1919 1920 
1852 1921 1922 1853 
1179 1811 1824 1177 
1665 1624 1623 1724 
1854 1923 1924 1855 
1857 1856 1925 1926 
1800 1859 1860 1801 
1858 1799 1798 1857 
1858 1927 1928 1859 
1862 1196 1802 1861 
1861 1860 1929 1930 
1225 1684 1222 1221 
1862 1931 1932 1863 
1252 1864 1285 1250 
1864 1863 1932 1285 
1796 1855 1856 1797 
1854 1795 1794 1853 
1929 1860 1859 1928 
1880 1234 1218 1830 
1933 1219 1218 1235 
1238 1237 1219 1933 
1819 1237 1236 1934 
1934 1873 1818 1819 
1888 1828 1768 1827 
1758 1223 1744 1756 
1204 1203 1231 1242 
1740 1197 1196 1803 
1223 1758 1264 1221 
1931 1862 1861 1930 
1935 1919 1900 1936 
1289 1288 1200 1243 
1243 1894 1937 1289 
1938 1896 1895 1897 
1866 1870 1939 1897 
1265 1264 1868 1940 
1927 1858 1857 1926 
1893 1941 1942 1892 
1833 1839 1781 1778 
1939 1870 1871 1331 
1871 1872 1307 1331 
1872 1240 1943 1307 
1240 1239 1944 1943 
1239 1890 1308 1944 
1890 1891 1945 1308 
1898 1889 1811 1754 
1277 1886 1946 1947 
1277 1947 1324 1278 
1948 1885 1826 1949 
1948 1949 1296 1328 
1826 1279 1278 1949 
1950 1894 1865 1869 
1950 1869 1321 1951 
1321 1320 1302 1951 
1873 1934 1952 1317 
1317 1302 1320 1873 
1934 1236 1299 1952 
1281 1280 1823 1953 
1820 1821 1867 1954 
1282 1955 1956 1867 
1954 1884 1232 1820 
1882 1957 1958 1879 
1878 1775 1776 1881 
1880 1879 1958 1959 
1235 1234 1960 1961 
1962 1299 1236 1238 
1963 1964 1932 1931 
1963 1931 1930 1965 
1930 1929 1966 1965 
1671 1670 1719 1757 
1928 1967 1966 1929 
1968 1967 1928 1927 
1968 1927 1926 1969 
1970 1969 1926 1925 
1970 1925 1924 1971 
1972 1971 1924 1923 
1972 1923 1922 1973 
1855 1924 1925 1856 
1974 1973 1922 1921 
1974 1921 1920 1975 
1292 1283 1284 1291 
1258 1227 1226 1292 
1249 1831 1789 1916 
1247 1976 1977 1915 
1248 1838 1750 1790 
1935 1975 1920 1919 
1900 1899 1978 1936 
1902 1979 1978 1899 
1980 1979 1902 1244 
1980 1244 1903 1981 
1982 1981 1903 1904 
1904 1906 1983 1982 
1833 1832 1909 1907 
1907 1909 1984 1985 
1905 1986 1983 1906 
1905 1907 1985 1986 
1228 1755 1804 1226 
1940 1868 1201 1987 
1727 1724 1623 1146 
1258 1291 1313 1259 
1988 1271 1270 1263 
1989 1955 1282 1281 
1271 1941 1893 1269 
1942 1945 1891 1892 
1906 1904 1841 1840 
1990 1256 1255 1896 
1667 1626 1625 1666 
1748 1205 1207 1685 
1991 1945 1942 1992 
1987 1288 1290 1993 
1937 1894 1994 1343 
1938 1897 1995 1538 
1990 1996 1997 1311 
1290 1998 1999 1993 
1260 1259 1314 1351 
2000 1276 1275 1260 
1276 2001 1898 1274 
1939 2002 1995 1897 
1939 1331 1333 2002 
1331 1307 1306 1332 
1942 1941 2003 1992 
1307 1943 2004 1305 
1950 2005 1994 1894 
2005 1950 1951 2006 
1951 1302 1304 2006 
1302 1317 1319 1303 
1946 1886 1889 1293 
1296 1324 1326 1297 
2007 1933 1235 1961 
2008 1957 1882 1883 
1962 1238 1933 2007 
1884 2009 2008 1883 
2009 1884 1954 2010 
2010 1954 1867 1956 
1989 1281 1953 2011 
1943 1944 2012 2004 
1944 1308 1310 2012 
1324 1947 2013 1325 
1898 2001 1293 1889 
1936 1978 2014 2015 
1918 1849 1792 1848 
1847 1791 1846 1901 
1921 1852 1851 1920 
1919 1918 1848 1900 
1974 2016 2017 1973 
1311 1284 1256 1990 
1972 2018 2019 1971 
1970 2020 2021 1969 
1967 1968 2022 2023 
1965 1966 2024 2025 
1964 1963 2026 2027 
1286 1285 1932 1964 
2028 2029 2030 2031 
1287 2032 2028 2031 
1976 2033 2034 1977 
2035 1913 1914 2036 
2036 1914 1915 1977 
2037 2038 1911 1912 
1912 1913 2035 2037 
2039 2040 1908 1910 
1984 1909 1908 2040 
2041 2042 1979 1980 
1981 2043 2041 1980 
1981 1982 2044 2043 
2045 2044 1982 1983 
2045 1983 1986 2046 
1986 1985 1358 2046 
1785 1784 1809 1835 
1993 2047 1940 1987 
1315 1262 1261 1265 
1265 1940 2047 1315 
1312 1313 1291 1284 
1960 1234 1880 1959 
2048 2036 1977 2034 
2049 2041 2043 1347 
2050 2051 2040 2039 
2052 1358 1985 1984 
1911 2038 2039 1910 
2051 2053 1529 2052 
2029 2054 2055 2033 
2014 1978 1979 2042 
1301 2056 1952 1299 
1317 1952 2056 1318 
1304 2057 2058 2006 
1289 1937 1338 1290 
2059 1343 1994 2005 
2000 2060 2001 1276 
1323 1293 2001 2060 
1295 2061 1946 1293 
2061 2013 1947 1946 
1325 2013 2062 2063 
1324 1296 1949 1278 
1298 1329 1328 1296 
1988 2064 2065 2003 
1991 1330 1308 1945 
1330 1991 2066 2067 
1815 1241 1240 1872 
1923 1854 1853 1922 
1995 2002 2068 1538 
2069 1935 1936 2015 
2015 2014 2070 2071 
2027 2072 2073 2074 
2075 2072 2027 2026 
2025 2076 2075 2026 
2077 2076 2025 2024 
2023 2078 2077 2024 
2023 2022 2079 2078 
2021 2080 2079 2022 
2021 2020 2081 2080 
2019 2082 2081 2020 
2083 2082 2019 2018 
2083 2018 2017 2084 
2018 1972 1973 2017 
2085 2084 2017 2016 
2086 2087 2085 2016 
2086 2069 2088 2087 
1334 1990 1896 1938 
1971 2019 2020 1970 
2074 2032 1287 1286 
2089 2054 2029 2028 
2089 2028 2032 2090 
1337 1998 1290 1338 
1999 1998 1337 2091 
1341 1346 2050 1342 
1342 2092 2093 1340 
2094 2093 2092 2095 
2048 2096 2094 2095 
2096 2048 2034 1476 
1358 1354 2097 2046 
2043 2044 2098 1347 
2099 1316 1315 2047 
2099 2047 2100 2101 
2102 1312 2103 2104 
2105 2106 2061 1295 
2106 2062 2013 2061 
2107 1333 1332 2108 
2109 2108 1332 1306 
2110 2109 1306 1305 
2111 1319 1318 2112 
2113 1303 1319 2111 
2113 2057 1304 1303 
2058 2059 2005 2006 
2114 1301 1300 2115 
2114 2116 2056 1301 
2073 2090 2032 2074 
2117 2073 2072 2118 
2119 2089 2090 2120 
2121 2122 2093 2094 
2033 1976 2030 2029 
2096 2123 2121 2094 
2098 2124 2125 2126 
2124 2045 2046 2097 
1997 2103 1312 1311 
1997 2127 2128 2103 
1990 1334 1336 1996 
1336 2129 2130 2127 
1538 1335 1334 1938 
1335 2131 2129 1336 
1336 2127 1997 1996 
1999 2100 2047 1993 
2132 2100 1999 2091 
2091 1337 2133 2134 
1339 2135 2133 1337 
2133 2135 2136 2134 
2137 1537 1538 2068 
2068 2107 2138 2137 
2107 2108 2139 2138 
2109 2140 2139 2108 
2110 2141 2140 2109 
1366 2141 2110 2142 
1366 2142 2143 2144 
2143 2145 2146 2144 
2145 2147 2148 2146 
2142 2004 2012 2143 
2147 2067 2149 2148 
1330 2067 2147 1309 
2066 2150 2151 2152 
2150 2065 2153 2151 
2064 2154 2153 2065 
1353 1352 2154 2064 
2155 2156 2157 2158 
2159 2156 2155 2160 
2161 2162 2159 2160 
2161 2163 2164 2162 
2164 2163 2063 2165 
2063 2062 2166 2165 
2163 1326 1325 2063 
2062 2106 2167 2166 
2105 2168 2167 2106 
2169 2168 2105 2170 
2171 2169 2170 2172 
2173 2174 2171 2172 
2175 2176 2174 2173 
2176 2175 1351 1350 
1351 2175 2000 1260 
2177 1344 1343 2059 
2059 2058 2178 2177 
2058 2057 2179 2178 
2113 2180 2179 2057 
2111 2181 2180 2113 
2182 2181 2111 2112 
2116 2183 2182 2112 
2116 2114 2184 2183 
2112 1318 2056 2116 
2114 2115 2185 2184 
2052 1984 2040 2051 
2054 2186 2187 2055 
1478 2123 2096 1476 
1476 2055 2187 1477 
1917 1250 2031 2030 
1356 2188 2097 1354 
1354 1357 1530 1355 
1357 1358 2052 1529 
2053 2189 1530 1529 
1345 2189 2053 1346 
2050 2039 2038 1342 
1340 1472 1345 1341 
2190 2118 2072 2075 
2190 2075 2076 2191 
2074 1286 1964 2027 
2076 2077 2192 2191 
1316 1353 1263 1262 
2078 2193 2192 2077 
2078 2079 2194 2193 
2022 1968 1969 2021 
2080 2195 2194 2079 
2080 2081 2196 2195 
2082 2197 2196 2081 
2198 2197 2082 2083 
2198 2083 2084 2199 
2200 2199 2084 2085 
2087 2201 2200 2085 
2087 2088 2202 2201 
1975 1935 2069 2086 
2124 2098 2044 2045 
2203 2070 2204 2205 
2206 2071 2070 2203 
2070 2014 2042 2204 
1314 2102 1359 1350 
1316 2099 1361 1352 
2024 1966 1967 2023 
2128 1495 2104 2103 
2102 2104 1495 1359 
2128 2127 2130 2207 
2130 2129 2131 2208 
2099 2101 1364 1361 
2132 1364 2101 2100 
2134 2209 2132 2091 
1537 2137 1429 2210 
1344 2211 2135 1339 
1344 2177 1406 2211 
1366 2144 1457 1367 
2144 2146 2212 1457 
2110 1305 2004 2142 
1365 1397 2141 1366 
2210 2131 1335 1537 
2137 2138 1435 1429 
2145 1310 1309 2147 
2138 2139 2213 1435 
2157 2156 1484 2214 
2156 2159 2215 1484 
2159 2162 1487 2215 
2162 2164 1534 1487 
2155 1329 1298 2160 
2164 2165 1389 1534 
2168 1426 1393 2167 
2169 1423 1426 2168 
2216 1423 2169 2171 
1371 2216 2171 2174 
2176 1400 1371 2174 
1400 2176 1350 1360 
2177 2178 1386 1406 
2217 1419 2179 2180 
2181 1493 2217 2180 
2218 1493 2181 2182 
2183 1374 2218 2182 
2183 2184 2219 1374 
2184 2185 2220 2219 
2146 2148 1453 2212 
2148 2149 1451 1453 
2149 2152 1369 1451 
2152 2151 1383 1369 
2154 1403 1380 2153 
1352 1362 1403 2154 
2131 2210 2221 2208 
2135 2211 2222 2136 
2223 2224 2189 1345 
2223 1345 1472 2225 
1472 1471 2226 2225 
1471 2122 2227 2226 
2122 2121 2228 2227 
2228 2121 2123 2229 
2095 2035 2036 2048 
2123 1478 2230 2229 
1478 1477 2231 2230 
1477 2187 2232 2231 
1355 1530 2233 2234 
2188 1356 2235 2236 
2125 2124 2097 2188 
2126 2125 2237 2238 
1348 1347 2098 2126 
2239 2049 1347 1349 
2049 2204 2042 2041 
2186 2240 2232 2187 
2186 2119 2241 2240 
2239 2205 2204 2049 
2205 2242 2243 2203 
2088 2071 2206 2202 
2202 2244 2245 2201 
2016 1974 1975 2086 
2200 2246 2247 2199 
2198 2248 2249 2197 
2195 2196 2250 2251 
2193 2194 2252 2253 
2191 2192 2254 2255 
2026 1963 1965 2025 
2117 2120 2090 2073 
2118 2256 2257 2117 
1976 1247 1917 2030 
2119 2120 2258 2241 
1201 1200 1288 1987 
1494 1413 1360 1359 
2160 1298 1297 2161 
2161 1297 1326 2163 
2145 2143 2012 1310 
2150 1992 2003 2065 
2067 2066 2152 2149 
2066 1991 1992 2150 
1941 1271 1988 2003 
1343 1339 1338 1937 
2128 2207 1414 1495 
2207 2130 2208 2259 
2233 1530 2189 2224 
1397 1365 2260 1490 
2158 1327 1329 2155 
2215 1487 1536 2261 
2217 1493 1492 2262 
2212 1453 1455 2263 
1483 2264 2214 1484 
2151 2153 1380 1383 
1453 1451 1452 1454 
1423 1422 1424 1426 
1535 1534 1389 1391 
2172 2170 1294 1323 
1419 1418 1440 1386 
2165 2166 1445 1389 
1393 1392 1443 1445 
2166 2167 1393 1445 
1445 1446 1489 1389 
2213 2139 2140 1377 
2060 2173 2172 1323 
1353 2064 1988 1263 
2175 2173 2060 2000 
1409 1364 2132 2209 
2236 1467 1466 2237 
2236 2235 1499 1467 
2095 2092 2037 2035 
2227 1481 1480 2226 
1516 1481 2227 2228 
1516 2228 2229 1513 
2229 2230 1514 1513 
2238 1464 1463 2265 
2238 2237 1466 1464 
2126 2238 2265 1348 
2234 2233 1469 2266 
2235 2234 2266 1499 
2092 1342 2038 2037 
1471 1340 2093 2122 
2223 1515 1470 2224 
2225 2267 1515 2223 
2268 2239 1349 2269 
2230 2231 2270 1514 
2231 2232 1474 2270 
1783 1844 1735 1737 
2240 1475 1474 2232 
2240 2241 2271 1475 
2268 2242 2205 2239 
2242 1460 2272 2243 
2244 2202 2206 2273 
2243 2273 2206 2203 
2244 2274 2275 2245 
2246 2200 2201 2245 
2088 2069 2015 2071 
2246 2276 2277 2247 
2248 2198 2199 2247 
2248 2278 2279 2249 
2250 2196 2197 2249 
2251 2250 2280 2281 
2252 2194 2195 2251 
2253 2252 2282 2283 
2254 2192 2193 2253 
2255 2254 2284 2285 
2286 2190 2191 2255 
2257 2258 2120 2117 
2256 2287 2288 2257 
2031 1250 1285 1287 
2241 2258 2289 2271 
2118 2190 2286 2256 
1363 2290 1362 1361 
2290 1363 1411 2291 
1495 1414 1416 1494 
2208 2221 2292 2259 
2136 2293 2209 2134 
2136 2222 2294 2293 
2178 2179 1419 1386 
1441 1374 2219 2295 
1360 1412 1401 1400 
1421 1423 2216 2296 
1429 1435 1434 1432 
2297 2221 2210 2298 
2299 1415 1414 2207 
2209 2293 1531 2300 
2300 1410 1409 2209 
2293 2294 2301 1531 
2221 2297 2302 2292 
2259 1532 2299 2207 
2259 2292 2303 1532 
2304 1362 2290 2305 
2305 2290 2291 2306 
1416 2307 1413 1494 
2308 2309 2294 2222 
2310 2309 2308 2311 
2310 2311 1439 2312 
2312 1439 1408 2313 
1408 1407 2314 2313 
1407 1388 2315 2314 
1388 1407 1406 1386 
1388 1387 2316 2315 
1387 1440 2317 2316 
1440 1418 2318 2317 
1418 1417 2319 2318 
1417 1420 2320 2319 
2320 1420 2262 2321 
2321 2262 1492 2322 
1492 1491 2323 2322 
1491 1496 2324 2323 
1496 2325 2326 2324 
2325 1376 2327 2326 
1376 1375 2328 2327 
1375 1441 2329 2328 
1441 2295 2330 2329 
2331 2332 2330 2295 
2264 1483 2333 2334 
1483 1482 2335 2333 
1482 1488 2336 2335 
1488 2261 2337 2336 
2215 2261 1488 1484 
1536 1486 2338 2339 
2339 2337 2261 1536 
1486 1485 2340 2338 
1485 1533 2341 2340 
1402 1401 2342 2343 
1402 2343 2344 1442 
1400 1442 1372 1371 
2216 1371 1428 2296 
1427 1394 1393 1426 
1394 1427 2345 2346 
2105 1295 1294 2170 
1535 2347 2341 1533 
2348 2347 1535 1391 
1390 2349 2348 1391 
2350 2349 1390 1489 
2350 1489 1446 2351 
2304 1404 1403 1362 
1380 1403 1405 1447 
1448 1383 1380 1382 
1381 2352 2353 1382 
1382 2353 2354 1448 
1385 1370 1369 1383 
1449 1451 1369 1368 
1450 1449 2355 2356 
1458 1457 2212 2263 
1455 1454 2357 2358 
1455 2358 2359 2263 
1431 1430 2360 2361 
2362 2302 2297 2298 
1430 1432 2363 2360 
1434 2364 2363 1432 
1433 2365 2364 1434 
2366 2365 1433 1436 
2367 2368 2366 1436 
2367 1379 2369 2368 
1436 1435 2213 2367 
1379 1378 2370 2369 
1378 1399 2371 2370 
1399 1398 2372 2371 
1397 1377 2140 2141 
1398 1490 2373 2372 
1490 2260 2374 2373 
2260 1396 2375 2374 
1457 1456 1395 1367 
1395 2376 2375 1396 
1456 2377 2376 1395 
2276 1523 1522 2277 
2278 2248 2247 2277 
1507 2378 2285 1508 
2378 2287 2256 2286 
2285 2284 1504 1508 
2283 1505 1504 2284 
2283 2282 1501 1505 
2279 2278 1520 1519 
2282 2252 2251 2281 
2281 1502 1501 2282 
2288 2289 2258 2257 
2289 2288 1510 2379 
1526 1525 2275 2274 
1526 2274 2380 2381 
2274 2244 2273 2380 
2380 2272 1498 2381 
2243 2272 2380 2273 
2378 2286 2255 2285 
1461 1460 2242 2268 
1459 1498 2272 1460 
2382 2383 1459 1461 
2265 2269 1349 1348 
1462 2383 2382 1463 
1465 1462 1464 1466 
2235 1356 1355 2234 
1465 1499 2266 2384 
1470 1469 2233 2224 
1468 2384 2266 1469 
1512 1514 2270 2385 
1479 1516 1513 1512 
1480 2267 2225 2226 
2267 2386 1468 1515 
1479 2386 2267 1480 
2055 1476 2034 2033 
2387 2351 1446 1444 
2388 1392 1394 2346 
2389 1443 1392 2388 
1372 2390 2391 1373 
2392 2296 1428 2393 
2392 2394 1421 2296 
2393 1428 1373 2391 
1442 2344 2390 1372 
2395 1447 1405 2396 
2352 1381 1447 2395 
1404 2397 2396 1405 
1368 2398 2355 1449 
1370 2399 2398 1368 
2357 1454 1452 2400 
1399 1378 1377 1397 
2217 2262 1420 1419 
1493 2218 2325 1496 
1376 2325 2218 1374 
1415 2299 1532 1438 
1437 2401 2291 1411 
1437 1410 2300 1531 
2294 2309 2402 2301 
2403 2404 2310 2312 
2405 2403 2312 2313 
2406 2405 2313 2314 
2406 2314 2315 2407 
2315 2316 2408 2407 
2316 2317 2409 2408 
2317 2318 2410 2409 
2318 2319 2411 2410 
2320 2412 2411 2319 
2413 2412 2320 2321 
2322 2414 2413 2321 
2414 2322 2323 2415 
2323 2324 2416 2415 
2326 2417 2416 2324 
2327 2418 2417 2326 
2328 2419 2418 2327 
2328 2329 2420 2419 
2329 2330 2421 2420 
2332 2422 2421 2330 
2335 2423 2424 2333 
2335 2336 2425 2423 
2336 2337 2426 2425 
2337 2339 2427 2426 
2338 2428 2427 2339 
2429 2428 2338 2340 
2341 2430 2429 2340 
2430 2341 2347 2431 
2431 2347 2348 2432 
2432 2348 2349 2433 
2349 2350 2434 2433 
2351 2435 2434 2350 
2435 2351 2387 2436 
2387 2389 2437 2436 
2437 2389 2388 2438 
2307 2439 1412 1413 
2342 1401 1412 2439 
2342 2439 2440 2441 
2388 2346 2442 2438 
2346 2345 2443 2442 
2444 2445 2443 2345 
2445 2444 2446 2447 
2446 2448 2449 2447 
2448 2394 2450 2449 
2394 2392 2451 2450 
2393 2452 2451 2392 
2452 2393 2391 2453 
2391 2390 2454 2453 
2390 2344 2455 2454 
2343 2456 2455 2344 
2342 2441 2456 2343 
2457 2304 2305 2306 
2457 2397 1404 2304 
2306 2458 2459 2457 
2352 2460 2461 2353 
2462 1384 1448 2354 
2462 2463 1385 1384 
2354 2464 2465 2462 
2399 1370 1385 2463 
2400 1452 1450 2356 
2356 2355 2466 2467 
2358 2357 2468 2469 
2470 1458 2263 2359 
2470 2377 1456 1458 
2292 2302 2471 2303 
2302 2362 2472 2471 
2298 2210 1429 1431 
2362 2361 2473 2472 
2361 2360 2474 2473 
2360 2363 2475 2474 
2364 2476 2475 2363 
2365 2477 2476 2364 
2478 2477 2365 2366 
2478 2366 2368 2479 
2368 2369 2480 2479 
2370 2481 2480 2369 
2482 2481 2370 2371 
2483 2482 2371 2372 
2372 2373 2484 2483 
2373 2374 2485 2484 
2374 2375 2486 2485 
2375 2376 2487 2486 
2377 2488 2487 2376 
2276 2246 2245 2275 
2381 2489 1524 1526 
1497 2489 2381 1498 
1497 1459 2383 2490 
2383 1462 2491 2490 
2237 2125 2188 2236 
1521 1523 1525 1524 
1523 2276 2275 1525 
2280 2250 2249 2279 
1518 1520 1522 1521 
1517 1502 2281 2280 
1520 2278 2277 1522 
1519 1518 1500 1517 
2284 2254 2253 2283 
1507 1511 2287 2378 
1473 1475 2271 1528 
1527 1528 2379 2492 
1528 2271 2289 2379 
1473 2385 2270 1474 
2054 2089 2119 2186 
1479 2493 2494 2386 
2495 2488 2377 2470 
2220 2331 2295 2219 
1411 1363 1364 1409 
2496 2463 2462 2465 
2497 2399 2463 2496 
2497 2498 2398 2399 
1517 2280 2279 1519 
1500 1503 1505 1501 
1503 1506 1508 1504 
1506 1509 1511 1507 
2361 2362 2298 1431 
1509 2492 2379 1510 
1461 2268 2269 2382 
1463 2382 2269 2265 
1346 2053 2051 2050 
1462 1465 2499 2491 
1465 2384 2500 2499 
2384 1468 2501 2500 
1510 2288 2287 1511 
1527 2502 2385 1473 
2503 1512 2385 2502 
2493 1479 1512 2503 
2494 2501 1468 2386 
2401 1437 1067 1039 
1438 1063 1033 2504 
1532 2303 1022 1063 
1018 2472 2473 1019 
1019 2473 2474 1002 
2474 2475 1001 1002 
1001 2475 2476 1000 
2476 2477 979 1000 
2477 2478 980 979 
1379 2367 2213 1377 
2479 2480 983 982 
1009 2481 2482 1010 
1010 2482 2483 1064 
2483 2484 1052 1064 
2484 2485 1016 1052 
2485 2486 1017 1016 
2486 2487 1027 1017 
2505 1065 1068 2495 
2469 1066 1065 2505 
973 1066 2469 2468 
973 2468 2506 974 
2505 2359 2358 2469 
2506 2467 975 974 
2401 2458 2306 2291 
2459 2507 2397 2457 
2507 2508 2396 2397 
2508 1011 1006 2509 
2509 2460 2352 2395 
2467 2466 976 975 
2464 2354 2353 2461 
2498 977 976 2466 
977 2498 2497 978 
978 2497 2496 1047 
2466 2355 2398 2498 
1051 1067 1531 2301 
1051 2301 2402 954 
2311 2308 2222 2211 
2402 2404 952 954 
953 952 2404 2403 
2405 1057 953 2403 
2405 2406 946 1057 
2406 2407 947 946 
2408 948 947 2407 
2408 2409 949 948 
949 2409 2410 950 
950 2410 2411 951 
1061 955 2412 2413 
2414 956 1061 2413 
956 2414 2415 957 
2415 2416 1060 957 
2417 958 1060 2416 
958 2417 2418 959 
959 2418 2419 960 
2419 2420 961 960 
962 2421 2422 963 
1044 2424 2423 1045 
1045 2423 2425 1054 
1054 2425 2426 1055 
2426 2427 984 1055 
2440 2439 2307 2504 
2504 1033 1031 2440 
2456 1026 1025 2455 
2453 2454 1024 1023 
2446 1424 1422 2448 
2446 2444 1425 1424 
2447 2449 1058 1050 
1422 1421 2394 2448 
2345 1427 1425 2444 
2438 2442 1042 994 
2438 994 993 2437 
2436 2437 993 991 
2435 990 989 2434 
2389 2387 1444 1443 
2433 2434 989 988 
2433 988 1043 2432 
985 984 2427 2428 
1053 985 2428 2429 
1053 2429 2430 986 
1534 1533 1485 1487 
2431 987 986 2430 
1500 1518 2510 2511 
2510 1518 1521 2512 
1521 1524 2513 2512 
1524 2489 2514 2513 
1500 2511 2515 1503 
1506 1503 2515 2516 
2489 1497 2517 2514 
1497 2490 2518 2517 
2518 2490 2491 2519 
2519 2491 2499 2520 
2494 2493 2521 2522 
2499 2500 2523 2520 
1509 2524 2525 2492 
1506 2516 2524 1509 
2420 2421 962 961 
1030 1026 2456 2441 
2454 2455 1025 1024 
2440 1031 1030 2441 
2307 1416 1438 2504 
2495 2470 2359 2505 
1068 1028 2488 2495 
2487 2488 1028 1027 
1032 1012 2507 2459 
1012 1011 2508 2507 
2401 1039 1037 2458 
2509 2395 2396 2508 
1049 1048 2464 2461 
1048 1046 2465 2464 
1046 1047 2496 2465 
1023 1014 2452 2453 
1013 2451 2452 1014 
1013 1059 2450 2451 
1059 1058 2449 2450 
1050 1041 2445 2447 
991 990 2435 2436 
1043 987 2431 2432 
1040 2443 2445 1041 
1040 1042 2442 2443 
2478 2479 982 980 
2411 2412 955 951 
2501 2526 2523 2500 
2494 2522 2526 2501 
2503 2527 2521 2493 
2502 2528 2527 2503 
2468 2357 2400 2506 
2356 2467 2506 2400 
1032 2459 2458 1037 
1005 1049 2461 2460 
1006 1005 2460 2509 
1527 2529 2528 2502 
2492 2525 2529 1527 
2402 2309 2310 2404 
2480 2481 1009 983 
2260 1365 1367 1396 
2471 2472 1018 1020 
1313 1312 2102 1314 
2311 2211 1406 1439 
2107 2068 2002 1333 
2303 2471 1020 1022 
</DataArray>
<DataArray type="Int32" Name="offsets" format="ascii">
4
8
12
16
20
24
28
32
36
40
44
48
52
56
60
64
68
72
76
80
84
88
92
96
100
104
108
112
116
120
124
128
132
136
140
144
148
152
156
160
164
168
172
176
180
184
188
192
196
200
204
208
212
216
220
224
228
232
236
240
244
248
252
256
260
264
268
272
276
280
284
288
292
296
300
304
308
312
316
320
324
328
332
336
340
344
348
352
356
360
364
368
372
376
380
384
388
392
396
400
404
408
412
416
420
424
428
432
436
440
444
448
452
456
460
464
468
472
476
480
484
488
492
496
500
504
508
512
516
520
524
528
532
536
540
544
548
552
556
560
564
568
572
576
580
584
588
592
596
600
604
608
612
616
620
624
628
632
636
640
644
648
652
656
660
664
668
672
676
680
684
688
692
696
700
704
708
712
716
720
724
728
732
736
740
744
748
752
756
760
764
768
772
776
780
784
788
792
796
800
804
808
812
816
820
824
828
832
836
840
844
848
852
856
860
864
868
872
876
880
884
888
892
896
900
904
908
912
916
920
924
928
932
936
940
944
948
952
956
960
964
968
972
976
980
984
988
992
996
1000
1004
1008
1012
1016
1020
1024
1028
1032
1036
1040
1044
1048
1052
1056
1060
1064
1068
1072
1076
1080
1084
1088
1092
1096
1100
1104
1108
1112
1116
1120
1124
1128
1132
1136
1140
1144
1148
1152
1156
1160
1164
1168
1172
1176
1180
1184
1188
1192
1196
1200
1204
1208
1212
1216
1220
1224
1228
1232
1236
1240
1244
1248
1252
1256
1260
1264
1268
1272
1276
1280
1284
1288
1292
1296
1300
1304
1308
1312
1316
1320
1324
1328
1332
1336
1340
1344
1348
1352
1356
1360
1364
1368
1372
1376
1380
1384
1388
1392
1396
1400
1404
1408
1412
1416
1420
1424
1428
1432
1436
1440
1444
1448
1452
1456
1460
1464
1468
1472
1476
1480
1484
1488
1492
1496
1500
1504
1508
1512
1516
1520
1524
1528
1532
1536
1540
1544
1548
1552
1556
1560
1564
1568
1572
1576
1580
1584
1588
1592
1596
1600
1604
1608
1612
1616
1620
1624
1628
1632
1636
1640
1644
1648
1652
1656
1660
1664
1668
1672
1676
1680
1684
1688
1692
1696
1700
1704
1708
1712
1716
1720
1724
1728
1732
1736
1740
1744
1748
1752
1756
1760
1764
1768
1772
1776
1780
1784
1788
1792
1796
1800
1804
1808
1812
1816
1820
1824
1828
1832
1836
1840
1844
1848
1852
1856
1860
1864
1868
1872
1876
1880
1884
1888
1892
1896
1900
1904
1908
1912
1916
1920
1924
1928
1932
1936
1940
1944
1948
1952
1956
1960
1964
1968
1972
1976
1980
1984
1988
1992
1996
2000
2004
2008
2012
2016
2020
2024
2028
2032
2036
2040
2044
2048
2052
2056
2060
2064
2068
2072
2076
2080
2084
2088
2092
2096
2100
2104
2108
2112
2116
2120
2124
2128
2132
2136
2140
2144
2148
2152
2156
2160
2164
2168
2172
2176
2180
2184
2188
2192
2196
2200
2204
2208
2212
2216
2220
2224
2228
2232
2236
2240
2244
2248
2252
2256
2260
2264
2268
2272
2276
2280
2284
2288
2292
2296
2300
2304
2308
2312
2316
2320
2324
2328
2332
2336
2340
2344
2348
2352
2356
2360
2364
2368
2372
2376
2380
2384
2388
2392
2396
2400
2404
2408
2412
2416
2420
2424
2428
2432
2436
2440
2444
2448
2452
2456
2460
2464
2468
2472
2476
2480
2484
2488
2492
2496
2500
2504
2508
2512
2516
2520
2524
2528
2532
2536
2540
2544
2548
2552
2556
2560
2564
2568
2572
2576
2580
2584
2588
2592
2596
2600
2604
2608
2612
2616
2620
2624
2628
2632
2636
2640
2644
2648
2652
2656
2660
2664
2668
2672
2676
2680
2684
2688
2692
2696
2700
2704
2708
2712
2716
2720
2724
2728
2732
2736
2740
2744
2748
2752
2756
2760
2764
2768
2772
2776
2780
2784
2788
2792
2796
2800
2804
2808
2812
2816
2820
2824
2828
2832
2836
2840
2844
2848
2852
2856
2860
2864
2868
2872
2876
2880
2884
2888
2892
2896
2900
2904
2908
2912
2916
2920
2924
2928
2932
2936
2940
2944
2948
2952
2956
2960
2964
2968
2972
2976
2980
2984
2988
2992
2996
3000
3004
3008
3012
3016
3020
3024
3028
3032
3036
3040
3044
3048
3052
3056
3060
3064
3068
3072
3076
3080
3084
3088
3092
3096
3100
3104
3108
3112
3116
3120
3124
3128
3132
3136
3140
3144
3148
3152
3156
3160
3164
3168
3172
3176
3180
3184
3188
3192
3196
3200
3204
3208
3212
3216
3220
3224
3228
3232
3236
3240
3244
3248
3252
3256
3260
3264
3268
3272
3276
3280
3284
3288
3292
3296
3300
3304
3308
3312
3316
3320
3324
3328
3332
3336
3340
3344
3348
3352
3356
3360
3364
3368
3372
3376
3380
3384
3388
3392
3396
3400
3404
3408
3412
3416
3420
3424
3428
3432
3436
3440
3444
3448
3452
3456
3460
3464
3468
3472
3476
3480
3484
3488
3492
3496
3500
3504
3508
3512
3516
3520
3524
3528
3532
3536
3540
3544
3548
3552
3556
3560
3564
3568
3572
3576
3580
3584
3588
3592
3596
3600
3604
3608
3612
3616
3620
3624
3628
3632
3636
3640
3644
3648
3652
3656
3660
3664
3668
3672
3676
3680
3684
3688
3692
3696
3700
3704
3708
3712
3716
3720
3724
3728
3732
3736
3740
3744
3748
3752
3756
3760
3764
3768
3772
3776
3780
3784
3788
3792
3796
3800
3804
3808
3812
3816
3820
3824
3828
3832
3836
3840
3844
3848
3852
3856
3860
3864
3868
3872
3876
3880
3884
3888
3892
3896
3900
3904
3908
3912
3916
3920
3924
3928
3932
3936
3940
3944
3948
3952
3956
3960
3964
3968
3972
3976
3980
3984
3988
3991
3994
3997
4000
4003
4006
4009
4012
4015
4018
4021
4024
4027
4030
4033
4036
4039
4042
4045
4048
4051
4054
4057
4060
4063
4066
4069
4072
4075
4078
4081
4084
4087
4090
4093
4096
4099
4102
4105
4108
4111
4114
4117
4120
4123
4126
4129
4132
4135
4138
4141
4144
4147
4150
4153
4156
4159
4162
4165
4168
4171
4174
4177
4180
4183
4186
4189
4192
4195
4198
4201
4204
4207
4210
4213
4216
4219
4222
4225
4228
4231
4234
4237
4240
4243
4246
4249
4252
4255
4258
4261
4264
4267
4270
4273
4276
4279
4282
4285
4288
4291
4294
4297
4300
4303
4306
4309
4312
4315
4318
4321
4324
4327
4330
4333
4336
4339
4342
4345
4348
4351
4354
4357
4360
4363
4366
4369
4372
4375
4378
4381
4384
4387
4390
4393
4396
4399
4402
4405
4408
4411
4414
4417
4420
4423
4426
4429
4432
4435
4438
4441
4444
4447
4450
4453
4456
4459
4462
4465
4468
4471
4474
4477
4480
4483
4486
4489
4492
4495
4498
4501
4504
4507
4510
4513
4516
4519
4522
4525
4528
4531
4534
4537
4540
4543
4546
4549
4552
4555
4558
4561
4565
4569
4573
4577
4581
4585
4589
4593
4597
4601
4605
4609
4613
4617
4621
4625
4629
4633
4637
4641
4645
4649
4653
4657
4661
4665
4669
4673
4677
4681
4685
4689
4693
4697
4701
4705
4709
4713
4717
4721
4725
4729
4733
4737
4741
4745
4749
4753
4757
4761
4765
4769
4773
4777
4781
4785
4789
4793
4797
4801
4805
4809
4813
4817
4821
4825
4829
4833
4837
4841
4845
4849
4853
4857
4861
4865
4869
4873
4877
4881
4885
4889
4893
4897
4901
4905
4909
4913
4917
4921
4925
4929
4933
4937
4941
4945
4949
4953
4957
4961
4965
4969
4973
4977
4981
4985
4989
4993
4997
5001
5005
5009
5013
5017
5021
5025
5029
5033
5037
5041
5045
5049
5053
5057
5061
5065
5069
5073
5077
5081
5085
5089
5093
5097
5101
5105
5109
5113
5117
5121
5125
5129
5133
5137
5141
5145
5149
5153
5157
5161
5165
5169
5173
5177
5181
5185
5189
5193
5197
5201
5205
5209
5213
5217
5221
5225
5229
5233
5237
5241
5245
5249
5253
5257
5261
5265
5269
5273
5277
5281
5285
5289
5293
5297
5301
5305
5309
5313
5317
5321
5325
5329
5333
5337
5341
5345
5349
5353
5357
5361
5365
5369
5373
5377
5381
5385
5389
5393
5397
5401
5405
5409
5413
5417
5421
5425
5429
5433
5437
5441
5445
5449
5453
5457
5461
5465
5469
5473
5477
5481
5485
5489
5493
5497
5501
5505
5509
5513
5517
5521
5525
5529
5533
5537
5541
5545
5549
5553
5557
5561
5565
5569
5573
5577
5581
5585
5589
5593
5597
5601
5605
5609
5613
5617
5621
5625
5629
5633
5637
5641
5645
5649
5653
5657
5661
5665
5669
5673
5677
5681
5685
5689
5693
5697
5701
5705
5709
5713
5717
5721
5725
5729
5733
5737
5741
5745
5749
5753
5757
5761
5765
5769
5773
5777
5781
5785
5789
5793
5797
5801
5805
5809
5813
5817
5821
5825
5829
5833
5837
5841
5845
5849
5853
5857
5861
5865
5869
5873
5877
5881
5885
5889
5893
5897
5901
5905
5909
5913
5917
5921
5925
5929
5933
5937
5941
5945
5949
5953
5957
5961
5965
5969
5973
5977
5981
5985
5989
5993
5997
6001
6005
6009
6013
6017
6021
6025
6029
6033
6037
6041
6045
6049
6053
6057
6061
6065
6069
6073
6077
6081
6085
6089
6093
6097
6101
6105
6109
6113
6117
6121
6125
6129
6133
6137
6141
6145
6149
6153
6157
6161
6165
6169
6173
6177
6181
6185
6189
6193
6197
6201
6205
6209
6213
6217
6221
6225
6229
6233
6237
6241
6245
6249
6253
6257
6261
6265
6269
6273
6277
6281
6285
6289
6293
6297
6301
6305
6309
6313
6317
6321
6325
6329
6333
6337
6341
6345
6349
6353
6357
6361
6365
6369
6373
6377
6381
6385
6389
6393
6397
6401
6405
6409
6413
6417
6421
6425
6429
6433
6437
6441
6445
6449
6453
6457
6461
6465
6469
6473
6477
6481
6485
6489
6493
6497
6501
6505
6509
6513
6517
6521
6525
6529
6533
6537
6541
6545
6549
6553
6557
6561
6565
6569
6573
6577
6581
6585
6589
6593
6597
6601
6605
6609
6613
6617
6621
6625
6629
6633
6637
6641
6645
6649
6653
6657
6661
6665
6669
6673
6677
6681
6685
6689
6693
6697
6701
6705
6709
6713
6717
6721
6725
6729
6733
6737
6741
6745
6749
6753
6757
6761
6765
6769
6773
6777
6781
6785
6789
6793
6797
6801
6805
6809
6813
6817
6821
6825
6829
6833
6837
6841
6845
6849
6853
6857
6861
6865
6869
6873
6877
6881
6885
6889
6893
6897
6901
6905
6909
6913
6917
6921
6925
6929
6933
6937
6941
6945
6949
6953
6957
6961
6965
6969
6973
6977
6981
6985
6989
6993
6997
7001
7005
7009
7013
7017
7021
7025
7029
7033
7037
7041
7045
7049
7053
7057
7061
7065
7069
7073
7077
7081
7085
7089
7093
7097
7101
7105
7109
7113
7117
7121
7125
7129
7133
7137
7141
7145
7149
7153
7157
7161
7165
7169
7173
7177
7181
7185
7189
7193
7197
7201
7205
7209
7213
7217
7221
7225
7229
7233
7237
7241
7245
7249
7253
7257
7261
7265
7269
7273
7277
7281
7285
7289
7293
7297
7301
7305
7309
7313
7317
7321
7325
7329
7333
7337
7341
7345
7349
7353
7357
7361
7365
7369
7373
7377
7381
7385
7389
7393
7397
7401
7405
7409
7413
7417
7421
7425
7429
7433
7437
7441
7445
7449
7453
7457
7461
7465
7469
7473
7477
7481
7485
7489
7493
7497
7501
7505
7509
7513
7517
7521
7525
7529
7533
7537
7541
7545
7549
7553
7557
7561
7565
7569
7573
7577
7581
7585
7589
7593
7597
7601
7605
7609
7613
7617
7621
7625
7629
7633
7637
7641
7645
7649
7653
7657
7661
7665
7669
7673
7677
7681
7685
7689
7693
7697
7701
7705
7709
7713
7717
7721
7725
7729
7733
7737
7741
7745
7749
7753
7757
7761
7765
7769
7773
7777
7781
7785
7789
7793
7797
7801
7805
7809
7813
7817
7821
7825
7829
7833
7837
7841
7845
7849
7853
7857
7861
7865
7869
7873
7877
7881
7885
7889
7893
7897
7901
7905
7909
7913
7917
7921
7925
7929
7933
7937
7941
7945
7949
7953
7957
7961
7965
7969
7973
7977
7981
7985
7989
7993
7997
8001
8005
8009
8013
8017
8021
8025
8029
8033
8037
8041
8045
8049
8053
8057
8061
8065
8069
8073
8077
8081
8085
8089
8093
8097
8101
8105
8109
8113
8117
8121
8125
8129
8133
8137
8141
8145
8149
8153
8157
8161
8165
8169
8173
8177
8181
8185
8189
8193
8197
8201
8205
8209
8213
8217
8221
8225
8229
8233
8237
8241
8245
8249
8253
8257
8261
8265
8269
8273
8277
8281
8285
8289
8293
8297
8301
8305
8309
8313
8317
8321
8325
8329
8333
8337
8341
8345
8349
8353
8357
8361
8365
8369
8373
8377
8381
8385
8389
8393
8397
8401
8405
8409
8413
8417
8421
8425
8429
8433
8437
8441
8445
8449
8453
8457
8461
8465
8469
8473
8477
8481
8485
8489
8493
8497
8501
8505
8509
8513
8517
8521
8525
8529
8533
8537
8541
8545
8549
8553
8557
8561
8565
8569
8573
8577
8581
8585
8589
8593
8597
8601
8605
8609
8613
8617
8621
8625
8629
8633
8637
8641
8645
8649
8653
8657
8661
8665
8669
8673
8677
8681
8685
8689
8693
8697
8701
8705
8709
8713
8717
8721
8725
8729
8733
8737
8741
8745
8749
8753
8757
8761
8765
8769
8773
8777
8781
8785
8789
8793
8797
8801
8805
8809
8813
8817
8821
8825
8829
8833
8837
8841
8845
8849
8853
8857
8861
8865
8869
8873
8877
8881
8885
8889
8893
8897
8901
8905
8909
8913
8917
8921
8925
8929
8933
8937
8941
8945
8949
8953
8957
8961
8965
8969
8973
8977
8981
8985
8989
8993
8997
9001
9005
9009
9013
9017
9021
9025
9029
9033
9037
9041
9045
9049
9053
9057
9061
9065
9069
9073
9077
9081
9085
9089
9093
9097
9101
9105
9109
9113
9117
9121
9125
9129
9133
9137
9141
9145
9149
9153
9157
9161
9165
9169
9173
9177
9181
9185
9189
9193
9197
9201
9205
9209
9213
9217
9221
9225
9229
9233
9237
9241
9245
9249
9253
9257
9261
9265
9269
9273
9277
9281
9285
9289
9293
9297
9301
9305
9309
9313
9317
9321
9325
9329
9333
9337
9341
9345
9349
9353
9357
9361
9365
9369
9373
9377
9381
9385
9389
9393
9397
9401
9405
9409
9413
9417
9421
9425
9429
9433
9437
9441
9445
9449
9453
9457
9461
9465
9469
9473
9477
9481
9485
9489
9493
9497
9501
9505
9509
9513
9517
9521
9525
9529
9533
9537
9541
9545
9549
9553
9557
9561
9565
9569
9573
9577
9581
9585
9589
9593
9597
9601
9605
9609
9613
9617
9621
9625
9629
9633
9637
9641
9645
9649
9653
9657
9661
9665
9669
9673
9677
9681
9685
9689
9693
9697
9701
9705
9709
9713
9717
9721
9725
9729
9733
9737
9741
9745
9749
9753
9757
9761
9765
9769
9773
9777
9781
9785
9789
9793
9797
9801
9805
9809
9813
9817
9821
9825
9829
9833
9837
9841
9845
9849
9853
9857
9861
9865
9869
9873
9877
9881
9885
9889
9893
9897
9901
9905
9909
9913
9917
9921
9925
9929
9933
9937
9941
9945
9949
9953
9957
9961
9965
9969
9973
9977
9981
9985
9989
9993
9997
10001
10005
10009
10013
10017
</DataArray>
<DataArray type="UInt8" Name="types" format="ascii">
9
9
9
9
9
9
9
9
9
9
9
9
9
9
9
9
9
9
9
9
9
9
9
9
9
9
9
9
9
9
9
9
9
9
9
9
9
9
9
9
9
9
9
9
9
9
9
9
9
9
9
9
9
9
9
9
9
9
9
9
9
9
9
9
9
9
9
9
9
9
9
9
9
9
9
9
9
9
9
9
9
9
9
9
9
9
9
9
9
9
9
9
9
9
9
9
9
9
9
9
9
9
9
9
9
9
9
9
9
9
9
9
9
9
9
9
9
9
9
9
9
9
9
9
9
9
9
9
9
9
9
9
9
9
9
9
9
9
9
9
9
9
9
9
9
9
9
9
9
9
9
9
9
9
9
9
9
9
9
9
9
9
9
9
9
9
9
9
9
9
9
9
9
9
9
9
9
9
9
9
9
9
9
9
9
9
9
9
9
9
9
9
9
9
9
9
9
9
9
9
9
9
9
9
9
9
9
9
9
9
9
9
9
9
9
9
9
9
9
9
9
9
9
9
9
9
9
9
9
9
9
9
9
9
9
9
9
9
9
9
9
9
9
9
9
9
9
9
9
9
9
9
9
9
9
9
9
9
9
9
9
9
9
9
9
9
9
9
9
9
9
9
9
9
9
9
9
9
9
9
9
9
9
9
9
9
9
9
9
9
9
9
9
9
9
9
9
9
9
9
9
9
9
9
9
9
9
9
9
9
9
9
9
9
9
9
9
9
9
9
9
9
9
9
9
9
9
9
9
9
9
9
9
9
9
9
9
9
9
9
9
9
9
9
9
9
9
9
9
9
9
9
9
9
9
9
9
9
9
9
9
9
9
9
9
9
9
9
9
9
9
9
9
9
9
9
9
9
9
9
9
9
9
9
9
9
9
9
9
9
9
9
9
9
9
9
9
9
9
9
9
9
9
9
9
9
9
9
9
9
9
9
9
9
9
9
9
9
9
9
9
9
9
9
9
9
9
9
9
9
9
9
9
9
9
9
9
9
9
9
9
9
9
9
9
9
9
9
9
9
9
9
9
9
9
9
9
9
9
9
9
9
9
9
9
9
9
9
9
9
9
9
9
9
9
9
9
9
9
9
9
9
9
9
9
9
9
9
9
9
9
9
9
9
9
9
9
9
9
9
9
9
9
9
9
9
9
9
9
9
9
9
9
9
9
9
9
9
9
9
9
9
9
9
9
9
9
9
9
9
9
9
9
9
9
9
9
9
9
9
9
9
9
9
9
9
9
9
9
9
9
9
9
9
9
9
9
9
9
9
9
9
9
9
9
9
9
9
9
9
9
9
9
9
9
9
9
9
9
9
9
9
9
9
9
9
9
9
9
9
9
9
9
9
9
9
9
9
9
9
9
9
9
9
9
9
9
9
9
9
9
9
9
9
9
9
9
9
9
9
9
9
9
9
9
9
9
9
9
9
9
9
9
9
9
9
9
9
9
9
9
9
9
9
9
9
9
9
9
9
9
9
9
9
9
9
9
9
9
9
9
9
9
9
9
9
9
9
9
9
9
9
9
9
9
9
9
9
9
9
9
9
9
9
9
9
9
9
9
9
9
9
9
9
9
9
9
9
9
9
9
9
9
9
9
9
9
9
9
9
9
9
9
9
9
9
9
9
9
9
9
9
9
9
9
9
9
9
9
9
9
9
9
9
9
9
9
9
9
9
9
9
9
9
9
9
9
9
9
9
9
9
9
9
9
9
9
9
9
9
9
9
9
9
9
9
9
9
9
9
9
9
9
9
9
9
9
9
9
9
9
9
9
9
9
9
9
9
9
9
9
9
9
9
9
9
9
9
9
9
9
9
9
9
9
9
9
9
9
9
9
9
9
9
9
9
9
9
9
9
9
9
9
9
9
9
9
9
9
9
9
9
9
9
9
9
9
9
9
9
9
9
9
9
9
9
9
9
9
9
9
9
9
9
9
9
9
9
9
9
9
9
9
9
9
9
9
9
9
9
9
9
9
9
9
9
9
9
9
9
9
9
9
9
9
9
9
9
9
9
9
9
9
9
9
9
9
9
9
9
9
9
9
9
9
9
9
9
9
9
9
9
9
9
9
9
9
9
9
9
9
9
9
9
9
9
9
9
9
9
9
9
9
9
9
9
9
9
9
9
9
9
9
9
9
9
9
9
9
9
9
9
9
9
9
9
9
9
9
9
9
9
9
9
9
9
9
9
9
9
9
9
9
9
9
9
9
9
9
9
9
9
9
9
9
9
9
9
9
9
9
9
9
9
9
9
9
5
5
5
5
5
5
5
5
5
5
5
5
5
5
5
5
5
5
5
5
5
5
5
5
5
5
5
5
5
5
5
5
5
5
5
5
5
5
5
5
5
5
5
5
5
5
5
5
5
5
5
5
5
5
5
5
5
5
5
5
5
5
5
5
5
5
5
5
5
5
5
5
5
5
5
5
5
5
5
5
5
5
5
5
5
5
5
5
5
5
5
5
5
5
5
5
5
5
5
5
5
5
5
5
5
5
5
5
5
5
5
5
5
5
5
5
5
5
5
5
5
5
5
5
5
5
5
5
5
5
5
5
5
5
5
5
5
5
5
5
5
5
5
5
5
5
5
5
5
5
5
5
5
5
5
5
5
5
5
5
5
5
5
5
5
5
5
5
5
5
5
5
5
5
5
5
5
5
5
5
5
5
5
5
5
5
5
5
5
5
5
9
9
9
9
9
9
9
9
9
9
9
9
9
9
9
9
9
9
9
9
9
9
9
9
9
9
9
9
9
9
9
9
9
9
9
9
9
9
9
9
9
9
9
9
9
9
9
9
9
9
9
9
9
9
9
9
9
9
9
9
9
9
9
9
9
9
9
9
9
9
9
9
9
9
9
9
9
9
9
9
9
9
9
9
9
9
9
9
9
9
9
9
9
9
9
9
9
9
9
9
9
9
9
9
9
9
9
9
9
9
9
9
9
9
9
9
9
9
9
9
9
9
9
9
9
9
9
9
9
9
9
9
9
9
9
9
9
9
9
9
9
9
9
9
9
9
9
9
9
9
9
9
9
9
9
9
9
9
9
9
9
9
9
9
9
9
9
9
9
9
9
9
9
9
9
9
9
9
9
9
9
9
9
9
9
9
9
9
9
9
9
9
9
9
9
9
9
9
9
9
9
9
9
9
9
9
9
9
9
9
9
9
9
9
9
9
9
9
9
9
9
9
9
9
9
9
9
9
9
9
9
9
9
9
9
9
9
9
9
9
9
9
9
9
9
9
9
9
9
9
9
9
9
9
9
9
9
9
9
9
9
9
9
9
9
9
9
9
9
9
9
9
9
9
9
9
9
9
9
9
9
9
9
9
9
9
9
9
9
9
9
9
9
9
9
9
9
9
9
9
9
9
9
9
9
9
9
9
9
9
9
9
9
9
9
9
9
9
9
9
9
9
9
9
9
9
9
9
9
9
9
9
9
9
9
9
9
9
9
9
9
9
9
9
9
9
9
9
9
9
9
9
9
9
9
9
9
9
9
9
9
9
9
9
9
9
9
9
9
9
9
9
9
9
9
9
9
9
9
9
9
9
9
9
9
9
9
9
9
9
9
9
9
9
9
9
9
9
9
9
9
9
9
9
9
9
9
9
9
9
9
9
9
9
9
9
9
9
9
9
9
9
9
9
9
9
9
9
9
9
9
9
9
9
9
9
9
9
9
9
9
9
9
9
9
9
9
9
9
9
9
9
9
9
9
9
9
9
9
9
9
9
9
9
9
9
9
9
9
9
9
9
9
9
9
9
9
9
9
9
9
9
9
9
9
9
9
9
9
9
9
9
9
9
9
9
9
9
9
9
9
9
9
9
9
9
9
9
9
9
9
9
9
9
9
9
9
9
9
9
9
9
9
9
9
9
9
9
9
9
9
9
9
9
9
9
9
9
9
9
9
9
9
9
9
9
9
9
9
9
9
9
9
9
9
9
9
9
9
9
9
9
9
9
9
9
9
9
9
9
9
9
9
9
9
9
9
9
9
9
9
9
9
9
9
9
9
9
9
9
9
9
9
9
9
9
9
9
9
9
9
9
9
9
9
9
9
9
9
9
9
9
9
9
9
9
9
9
9
9
9
9
9
9
9
9
9
9
9
9
9
9
9
9
9
9
9
9
9
9
9
9
9
9
9
9
9
9
9
9
9
9
9
9
9
9
9
9
9
9
9
9
9
9
9
9
9
9
9
9
9
9
9
9
9
9
9
9
9
9
9
9
9
9
9
9
9
9
9
9
9
9
9
9
9
9
9
9
9
9
9
9
9
9
9
9
9
9
9
9
9
9
9
9
9
9
9
9
9
9
9
9
9
9
9
9
9
9
9
9
9
9
9
9
9
9
9
9
9
9
9
9
9
9
9
9
9
9
9
9
9
9
9
9
9
9
9
9
9
9
9
9
9
9
9
9
9
9
9
9
9
9
9
9
9
9
9
9
9
9
9
9
9
9
9
9
9
9
9
9
9
9
9
9
9
9
9
9
9
9
9
9
9
9
9
9
9
9
9
9
9
9
9
9
9
9
9
9
9
9
9
9
9
9
9
9
9
9
9
9
9
9
9
9
9
9
9
9
9
9
9
9
9
9
9
9
9
9
9
9
9
9
9
9
9
9
9
9
9
9
9
9
9
9
9
9
9
9
9
9
9
9
9
9
9
9
9
9
9
9
9
9
9
9
9
9
9
9
9
9
9
9
9
9
9
9
9
9
9
9
9
9
9
9
9
9
9
9
9
9
9
9
9
9
9
9
9
9
9
9
9
9
9
9
9
9
9
9
9
9
9
9
9
9
9
9
9
9
9
9
9
9
9
9
9
9
9
9
9
9
9
9
9
9
9
9
9
9
9
9
9
9
9
9
9
9
9
9
9
9
9
9
9
9
9
9
9
9
9
9
9
9
9
9
9
9
9
9
9
9
9
9
9
9
9
9
9
9
9
9
9
9
9
9
9
9
9
9
9
9
9
9
9
9
9
9
9
9
9
9
9
9
9
9
9
9
9
9
9
9
9
9
9
9
9
9
9
9
9
9
9
9
9
9
9
9
9
9
9
9
9
9
9
9
9
9
9
9
9
9
9
9
9
9
9
9
9
9
9
9
9
9
9
9
9
9
9
9
9
9
9
9
9
9
9
9
9
9
9
9
9
9
9
9
9
9
9
9
9
9
9
9
9
9
9
9
9
9
9
9
9
9
9
9
9
9
9
9
9
9
9
9
9
9
9
9
9
9
9
9
9
9
9
9
9
9
9
9
9
9
9
9
9
9
9
9
9
9
9
9
9
9
9
9
9
9
9
9
9
9
9
9
9
9
9
9
9
9
9
9
9
9
9
9
9
9
9
9
9
9
9
9
9
9
9
9
9
9
9
9
9
9
9
9
9
9
9
9
9
9
9
9
9
9
9
9
9
9
9
9
9
9
9
9
9
9
9
9
9
9
9
9
9
9
9
9
9
9
9
9
9
9
9
9
9
9
9
9
9
9
9
9
9
9
9
9
9
9
9
9
9
9
9
9
9
9
9
9
9
9
9
9
9
9
9
9
9
9
9
9
9
9
9
9
9
9
9
9
9
9
9
9
9
9
9
9
9
9
9
9
9
9
9
9
9
9
9
9
9
9
9
9
9
9
9
9
9
9
9
9
9
9
9
9
9
9
9
9
9
9
9
9
9
9
9
9
9
9
9
9
9
9
9
9
9
9
9
9
9
9
9
9
9
9
9
9
9
9
9
9
9
9
9
9
9
9
9
9
9
9
9
9
9
9
</DataArray>
</Cells>
<CellData>
<DataArray type="Float64" Name="density" format="ascii">
41.95801962
45.31138655
49.62320855
47.36887659
49.71425721
49.90896158
46.46080714
49.99999983
48.26912345
41.24440739
48.0566999
42.08460461
42.44055886
44.25946676
49.86287792
45.84685732
49.99999975
49.99999692
49.99999949
49.99999992
49.99999893
49.99999805
41.29142904
45.6216974
46.73229294
45.95223282
42.0016817
44.01791283
42.26553776
47.65026867
45.52898684
48.81537294
48.14305933
46.33428514
48.20710155
46.40380693
48.05907006
40.37924246
42.12132199
42.6077609
45.35140632
49.70017752
49.43874501
49.38789612
49.79430255
44.74312847
46.66588463
45.79247953
49.99999963
43.55426287
41.10938776
49.86056316
48.75482783
44.74751351
46.27562592
47.91886319
48.33743009
46.54479761
47.58810107
45.02326949
43.18283771
44.84573941
43.40690407
47.52298309
49.99999938
49.99999983
49.99999693
45.43154333
49.4409161
48.75094752
49.32079222
44.51202854
45.86292821
50
45.8524686
46.95139398
45.83809895
46.09547362
49.99999849
45.532403
45.0676413
49.99999935
49.99999776
49.99999849
49.99999841
49.99999744
49.9999998
49.99999924
49.99999979
49.99999826
49.9999979
49.99999821
49.99999861
49.99999966
49.99999945
49.99999991
49.99999707
49.99999898
46.3631339
44.2004876
44.81966314
48.0846656
46.47087208
45.18402777
43.62127252
49.99999917
49.99999778
49.99999981
48.33873853
42.1585453
43.83477023
42.3095181
49.52173381
49.93008199
49.18419413
49.38678012
46.11938902
45.84906082
49.99999961
49.99999993
49.99999897
46.46071179
49.999997
49.99999894
49.99999747
49.99999938
49.99999768
49.99999918
49.99999995
42.64299513
39.85696453
46.34167799
49.35294619
46.71823807
42.28433033
46.24107341
45.35454059
49.15614508
43.34470246
44.71026835
44.94802288
49.99999967
44.59411565
43.85474823
46.85603604
47.56501701
48.45219039
46.76607528
47.16462313
45.24223721
44.37221305
49.99999971
49.99999918
49.99999802
49.79896482
48.93919615
46.87983541
48.13735135
48.53724753
46.62031785
49.42818343
48.35361079
50
44.64362279
45.20059588
45.90474046
49.99999998
46.12849518
47.75514192
46.37309948
49.99999829
47.08841492
43.57861016
49.99999909
49.99999951
46.44835628
49.99999979
49.99999947
45.90936791
49.99999991
49.99999865
49.9999989
49.99999871
49.99999798
49.9999981
49.99999793
49.9999973
49.99999786
49.99999723
49.99999893
48.65668748
49.99999789
49.99999991
43.89726205
50
45.48541906
46.02496362
42.93415467
43.26019019
49.69271952
48.38408545
47.16440694
49.99999969
49.9999998
49.9999982
49.99999969
49.99999964
49.99999809
45.91021329
46.67953977
48.50386021
49.99999986
44.39522973
45.83936894
45.44331133
43.64760761
40.5367861
43.22338661
46.185404
49.78382961
45.45509376
42.93591542
43.51547822
46.64966853
46.85769864
49.24188516
43.09940018
41.40465878
47.05961079
48.35982439
46.95018937
46.78508627
45.05814636
49.99999965
48.16799807
47.97501996
49.84815252
46.81961858
49.99999948
49.99999846
49.99999878
49.99999875
47.20676113
49.99999996
45.89385231
44.49025782
49.99999995
46.77172824
46.06808661
45.75762328
44.65755819
49.99999926
49.99999887
48.54385362
47.90828024
48.29158563
48.85075225
47.05104038
49.99999787
43.41974456
49.99999901
45.91023538
47.60620842
49.99999998
44.97198117
49.99999837
49.99999831
44.81604003
49.99999685
49.99999982
49.99999813
49.99999942
43.51647423
47.23131091
47.77424494
47.41141822
46.84186462
46.74335788
48.38397726
48.45290188
40.90439011
49.99999875
47.38814708
47.11477421
49.99999959
49.99999923
46.19287553
42.72340892
43.82383313
41.22722538
40.05131815
46.33382175
43.94596902
45.11298932
42.0670076
40.91573553
45.7570422
49.99999998
43.99076041
42.86189341
45.51346559
45.65703166
47.23298082
48.09364258
49.11014607
43.01894575
42.89710848
45.91447139
49.99999975
47.4870476
49.99999999
47.40467349
49.11826834
49.14101817
47.97830063
45.28705931
44.05853303
49.75416964
49.47630967
48.1843558
46.65103343
45.81518315
47.71536031
46.54837981
46.83227884
49.99999977
50
49.99999969
43.86076957
49.99999843
49.99999877
49.99999841
49.99999915
49.99999978
46.61542014
44.21976471
49.58808464
47.60173902
48.68654908
49.99999955
43.4794095
48.19764606
49.9999999
49.99999793
49.99999873
49.99999835
49.99999789
49.9999971
49.999998
47.92774536
49.99999763
49.9999997
49.99999846
49.9999994
45.60537275
45.61986643
44.91660728
45.40042151
47.47973062
47.18850117
43.41407446
49.99999906
49.4062611
48.35905573
49.99999872
49.99999988
49.22650652
49.99999833
49.99999645
48.05364283
47.30541349
49.99999993
49.99999971
50
49.99999939
48.99159174
45.50897234
46.79267565
45.0680437
44.79431712
40.87795347
44.82125585
46.41964186
49.99999893
49.99999766
49.99999922
49.99999887
49.9999993
49.99999839
47.93328586
46.18366439
47.19678041
48.20880855
39.61600358
48.08201215
43.79522918
43.55455622
48.73058841
49.99999957
44.89533735
49.99999995
48.78544453
49.97604788
49.99999994
43.52875538
48.80404864
43.94045049
44.17261745
39.98752984
44.76004342
49.99999998
42.55368307
47.57239931
44.37689261
48.26427289
50
49.99999589
46.78783623
47.19156899
49.99999813
49.99999987
49.99999983
49.99999949
50
49.82639048
44.81560558
49.64568066
49.99999995
49.99999989
49.9999993
49.99999829
49.64699033
45.19549605
47.79534678
36.01372145
47.17553874
49.1386853
48.66285317
43.06249664
49.47827434
49.2365891
44.83869488
45.47832596
45.12492763
49.99999601
49.99999653
50
48.50847139
49.99999742
42.44121119
42.19190165
49.99999954
49.99999729
49.99999846
49.99999894
47.1757206
45.28797892
47.71371906
50
49.99999846
49.99999994
48.40374612
47.02731999
46.73337212
44.86454
49.9999991
49.99999992
48.29596807
47.5159714
45.45519972
49.56614606
41.72268098
50
46.14190813
49.9999999
49.99999995
45.23238021
49.99999804
48.6950053
46.62794737
45.84030689
47.81596914
49.99999928
49.99999801
48.36619085
49.23619772
49.35809827
47.75080879
46.86088245
39.90352436
43.7647892
49.99999976
41.4858811
44.0151443
49.2396422
43.86231698
46.8905204
49.85208866
47.80360042
43.97464804
47.74132426
49.08134203
49.99999704
45.45507373
48.22806929
47.79015406
49.99999966
49.99999684
46.43328092
49.99999804
49.99999894
49.99999886
49.99999957
49.99999931
46.9914171
41.44361649
41.33760744
41.60335489
41.92064084
44.36067811
49.99999991
49.53494746
44.34674381
49.9999999
48.88145542
49.94432695
45.15744763
49.82469718
44.11231574
43.56401981
48.60759919
45.99986275
41.28800289
50
49.99999945
45.79233216
50
44.45588967
49.99999998
43.69415641
49.99999991
43.51829023
49.99999857
49.99999965
49.99999918
49.99999691
50
42.39613981
42.94945076
49.79869252
45.63040079
49.99999756
49.99999686
43.71801203
44.79379456
49.99999686
49.99999984
43.43203647
49.99999991
48.69989483
49.81068659
45.33287198
49.99999866
50
48.29516993
48.37225614
47.33901978
49.99999998
49.18266051
43.80215954
49.99999788
42.96925748
49.20782495
45.41650967
49.99999987
39.38998421
49.99999728
49.99999856
49.99999681
48.27633224
47.18922553
49.9999995
49.99999681
49.99999667
49.99999989
48.47356196
49.56857927
44.44384368
49.99999949
41.62495234
38.86786404
43.19885299
48.22015127
49.03363053
42.10873551
43.54812728
49.99999999
41.16171557
45.80561549
50
43.85456287
47.10382693
47.34337829
45.62104816
49.7487503
49.99999998
44.30960295
49.99999989
50
48.9872864
49.99999993
48.75761991
49.99999939
49.99999702
49.99999933
49.99999984
49.99999894
49.9999998
45.41487544
49.99999983
49.99999994
45.83811809
49.99999999
49.99999993
49.99999997
49.99999963
44.67584785
43.31065787
49.99999995
47.42132517
41.17047193
34.6342715
49.99999988
44.58145982
42.00341215
41.02813769
40.53384335
49.99999998
49.33521207
49.99999978
49.99999995
49.99999967
49.99999993
43.51189926
49.99999977
49.99999849
49.99999807
49.99999995
42.02640219
40.75686872
40.59091396
43.76602347
45.88799809
49.99999678
49.9999999
49.99999999
41.8654602
43.66043166
45.38421814
49.99999974
49.99999893
49.99999693
49.99999909
45.96249648
48.17056056
49.99999887
49.99999915
49.99999783
49.99999884
49.99999999
45.98619792
49.99999847
49.99999965
49.99999861
49.99999942
49.99999973
49.9999985
46.44694064
40.86985702
49.99999745
42.77166041
49.9999997
49.37187624
49.81355261
49.99999972
49.99999995
49.6040418
45.96030996
40.77468215
42.82142619
49.21533357
50
48.94150622
48.16412243
47.86267625
47.4223418
49.16080434
39.57557047
49.99999982
49.75134982
49.99999911
49.99999738
49.99999996
49.9999998
49.999999
49.99999874
49.99999679
49.9999956
49.99999959
49.99999919
49.9999997
49.99999763
49.99999804
49.99999999
44.94202463
43.42895788
43.41526175
42.45527285
41.05223452
39.75719344
38.70859337
37.91847033
37.47702925
37.44142017
49.04501769
49.99999649
49.99999859
49.99999806
49.99999879
40.60901433
43.71805544
47.89727126
44.62141906
48.36060513
49.93349007
49.99999998
49.99999969
49.99999979
46.60967935
45.64359399
49.99999907
47.95660686
49.99999983
45.92116094
48.43422583
49.99999937
48.17016424
47.89215717
49.99999999
48.59584966
47.55987753
49.99999985
49.99999993
48.026714
50
49.99999991
49.94712414
49.99999988
48.00004963
49.99999997
49.99999923
47.08780811
45.6305365
49.99999918
44.22218456
49.99999977
49.99999902
49.99999986
48.85410857
47.2447365
49.53605071
49.99999978
38.94573439
42.47537068
49.99999933
49.99999927
46.8567964
49.67245064
49.99999977
49.9999998
49.9999992
49.9999966
49.99999715
49.99999909
49.9999963
49.99999998
49.99999998
49.99999853
49.99999915
49.99999753
48.0869413
49.99999949
48.68481836
49.99999938
49.99999953
49.99999994
49.99999994
49.9999999
49.99999883
49.99999622
49.9999968
49.99999947
46.05421161
41.64394479
49.80999567
49.99999995
49.99999863
49.99999917
45.09139213
47.73360389
48.62213712
50
49.9999998
50
39.08502434
49.53716425
49.9999998
49.63625908
49.99999989
43.80847589
49.99999997
49.99999999
45.53068116
49.59567601
44.42796675
48.70744826
49.66689685
49.99999978
48.82584542
49.99999885
49.99999964
46.66066139
49.99999821
49.99999998
49.99999831
49.99999574
49.99999993
49.99999362
49.99999624
49.99999998
49.99999802
49.99999994
49.99999854
49.99999874
49.99999804
42.78000139
48.46267677
49.99999739
36.20973752
36.23961147
49.99999761
49.99999573
49.99999887
35.57604033
49.99999975
49.99999985
49.99999426
49.99999515
49.99999595
44.08667343
49.99999988
49.99999703
49.99999761
45.23416733
49.99999818
49.99999992
43.64163077
43.8699861
45.43471615
46.94512303
44.01835478
44.43114841
39.75103982
49.9999984
46.32937364
49.99999857
49.5703013
47.22465086
49.99999608
45.64696273
49.99999711
49.99999809
46.16601832
49.99999764
46.69008417
46.69596395
47.37026413
49.99999516
49.99999942
49.99999923
49.99999468
49.99999919
49.99999592
49.99999577
49.9999973
49.99999888
49.99999915
49.99999988
49.99999966
49.9999969
49.99999532
49.07477327
49.27562907
50
49.99999714
49.99999821
49.99999999
49.99999994
49.9999977
49.99999895
49.99999756
49.99999811
49.99999882
49.99999563
49.99999949
49.99999926
49.99999694
49.99999434
49.99999692
49.99999712
49.99999997
49.99999887
49.99999997
49.99999992
49.99999883
49.99999946
49.99999925
49.99999972
42.23017439
36.48849728
49.99999649
49.9999951
49.99999497
49.99999577
49.99999783
46.16412565
46.49059384
45.03310646
46.64990168
46.96332449
48.26292833
47.41406448
49.99999444
49.99999604
49.99999933
49.99999694
49.99999869
49.99999333
49.99999978
49.99999779
35.19304025
35.66621644
37.69538703
38.15550688
49.9999956
49.99999998
49.99999989
49.99999853
43.53019294
44.90922389
42.59810829
49.99999811
49.99999906
47.61282943
48.14456096
49.99999762
49.99999802
49.99999969
49.99999999
41.87526304
41.22896274
49.99999543
49.99999569
49.99999584
49.99999463
49.99999838
50
41.3974518
49.99999907
49.08383233
49.99999611
42.90573039
48.30343634
46.61954469
49.99999999
49.99999903
45.5945427
49.99999801
46.76036975
49.99999964
49.99999862
45.61619769
49.99999726
47.80657341
49.99999953
49.99999739
49.99999856
0.8764694401
0.1957570863
0.5659726469
0.8239686122
0.8208488065
0.3023527856
0.8915847725
1.151839505
0.3190932838
0.6240316443
0.8208173262
0.6267694714
1.813815855
1.222265062
0.5560409248
1.102279216
0.8357263476
0.6892844447
0.2967653298
0.2414952068
0.5684648904
0.8157954093
0.8234163766
0.5223376788
0.6197573557
0.8500622424
0.7211567877
1.060541763
0.8955814824
0.8565163292
0.562037676
0.4861831964
0.7628849976
0.5599490958
0.840715075
0.5580156052
0.588159823
0.8571075092
0.5896503994
0.3541779048
0.8009580525
0.8470692359
0.8519135826
0.8644080098
0.4455071084
0.862980064
0.8650671125
0.1165238312
0.495385026
0.4438011092
0.3685556118
0.9692917446
0.7845412978
0.7846137751
0.8544937758
0.5540542996
0.5154731113
0.3114876387
0.2703775586
0.8774802925
0.3812289687
0.5754697205
0.6290991811
0.4796390551
1.077256962
0.4792908278
0.8295109385
0.9819215904
0.9456291002
0.8807246687
0.8619069897
0.8341997298
0.3776287953
0.3172747077
1.977039471
0.6256600374
0.7542919654
0.8677786945
0.7725947606
0.6240128641
0.8828580519
0.9088001479
0.4872847014
0.8780131012
0.6854624251
0.6771168431
0.3960468549
0.4362194342
0.5718635656
0.5852428135
0.8840877463
0.7365600354
0.298079573
0.4327636165
0.4489463296
0.6805121654
0.5597854201
0.7522618607
0.8471747754
1.854615369
0.6052090571
0.4531821206
0.9760672059
0.4036974474
0.9929119171
0.9853215093
0.5416700781
0.6240832286
1.007496741
1.012466891
0.4146884933
1.052823007
0.6138103641
0.3442985932
0.5801236151
0.2362267023
0.2267041356
0.2050595299
0.7776879351
0.460091419
0.474640025
0.6115778125
0.2061858896
0.2911785557
0.1993375183
0.1881620688
2.808793794
0.3079122391
0.5641966691
0.3208538803
0.454312915
0.4228615663
0.4325828348
0.1238950598
0.1379303807
0.143202216
0.2194285405
2.331150251
1.097921444
0.8185290091
0.496489446
1.080093403
0.3796804539
0.3749619341
0.4917521047
0.2259438419
0.1992399869
0.2902976318
0.2757862424
1.026137537
0.4390477569
0.7692822317
0.7016403973
0.444168313
0.3784835544
0.9380548763
0.9514399676
0.9604974579
0.982246134
0.9696436752
0.9674357104
0.9622781568
0.9730482591
0.7575437235
0.8594583112
0.823995767
0.5845239249
0.2053821974
0.3818059809
0.5566105122
0.3946159008
0.9610949932
0.9703917078
0.7244652284
0.88629026
0.9639901633
0.9594717173
0.9644415818
0.979466039
0.9746675529
0.7156982783
0.942064625
0.9740751556
0.9874590672
0.9758411049
1.005241112
2.403126287
2.135979904
0.9066509624
0.8539229638
1.109313211
0.8620793232
0.328501371
0.2218217911
0.5080621469
0.3764989708
0.2474438751
0.5949346489
0.8257431702
0.8253226344
0.8199828499
0.8217186978
0.6720682225
0.8204886694
0.5949335368
0.5913892696
0.6429175767
0.6221847565
0.8259273628
0.8263653803
0.8228570688
0.865547015
0.8471037777
0.8352657092
0.8286192368
0.833049022
0.9205676621
0.9016972236
0.7567079326
0.6976882633
0.7574907962
0.2021947511
0.1645279417
0.3314479294
0.3532906605
0.5117905049
0.6096989453
0.6415043199
0.6104841734
0.6317482302
1.244553486
1.075315905
0.8951737605
0.8500610867
0.8672474762
0.8781795517
0.8705996868
0.8653626586
0.8639185923
0.8169813138
0.8076345622
0.8067391322
0.5805271669
0.5663441338
0.5640391271
0.6019523037
0.5861445352
0.5883100869
0.5741157372
0.6523586723
0.5823345201
0.6196861181
0.7673759861
0.8343200405
0.8147980707
0.8247679544
0.8482359469
0.7803301353
0.7060109324
0.8819061632
0.863397858
0.8404581419
0.9173099121
0.8349504277
0.6406389536
0.7628844813
0.5419861956
1.211322585
1.24422221
1.153986671
1.073747973
0.8168704579
0.8239234416
0.8235253864
0.8216499388
0.8238336031
0.8387430639
0.8387067284
0.8550363541
0.8796193155
0.8976619918
0.9283182681
0.8971188134
0.7044297542
0.6910379804
0.3761403893
0.5255670705
0.584464093
0.6204347848
0.1721787608
0.5081192962
0.5104200704
0.2513474242
0.3554396735
0.2925311136
0.3981785517
0.4711792279
0.3967279282
0.5357550965
0.5497631793
0.5545367561
0.5465418505
0.5354999488
0.8762474048
0.8612403827
0.8873555447
0.860476411
0.8339621781
0.7897031472
0.802248976
0.8574653053
0.834727753
0.5426898409
0.5675169771
1.108410122
0.5789158858
0.5795542951
0.5590721477
1.506376905
1.284434374
0.6786569238
1.130879355
0.859926448
0.8537060572
0.8491433317
0.825190711
0.8561996776
0.8197638124
0.8138602985
1.048693337
1.038102972
1.185827946
1.030819835
0.8853883437
0.6998579183
0.8133804783
0.8274895265
0.8071920281
0.8511965714
0.9191383742
0.930499183
0.7041936816
0.1822347611
0.6361920045
1.095315646
0.1911059298
0.5212875438
0.531613496
0.4844794983
0.5898275077
0.5138408149
0.5899465258
0.5646450685
2.15509287
0.1699376417
0.2589495099
1.075653259
1.082460223
1.097468911
0.9744931594
0.8179064171
0.765701148
0.1729299191
0.2909987975
0.6519481035
1.429133148
0.8070079686
0.8291884345
0.4225152553
0.4867510259
0.4783948376
0.4777255038
0.5396720719
0.4993386667
0.534331842
0.7810757471
0.8425691622
0.7665047121
2.407266459
0.5334444542
0.5574006096
0.8457218011
0.8018672326
0.8544431598
0.9699755735
0.8903626696
0.9631381508
1.003292552
1.008626548
0.9996065379
0.9788706888
0.9533240115
0.9945180696
0.977604361
0.977763179
0.4430341064
0.462778082
0.5070572037
0.2428704455
1.933221338
0.709999088
0.8865884073
0.8678960847
0.9002568009
0.8668168309
0.8823245598
0.8464197915
0.8013622441
0.7764130978
0.7853654826
0.7995264036
0.7784547367
0.7517613998
0.7857869652
0.8683401473
0.4916182362
0.8065626464
0.660614746
0.5501131384
0.2946432545
0.1300007444
0.3733554326
0.3290428899
0.8624455148
0.8580444193
0.8560956719
0.8565434588
0.537673191
0.578151518
0.6494987459
0.6329168992
0.6186797714
1.287909152
2.466119853
0.9471586623
0.7768167023
0.8698694638
0.8699305271
0.3754106502
0.5557754567
0.4147826854
0.3874687225
0.3839888484
2.1126797
0.6507515594
0.7484551349
0.4111367994
0.4142225392
0.472439329
0.8250704028
0.7990791437
0.7192249853
0.7983679052
0.7711186714
0.7993486294
0.8050490492
0.6238060469
0.6452551291
0.6001733481
0.5080059587
0.5329434184
0.567714288
0.5891572823
0.5976771231
0.7550846117
0.6844693952
0.7768390219
0.9582105765
1.017643239
0.8637025454
0.8968466289
1.090072985
0.9619592582
1.004992012
0.9778149706
0.9515526504
0.9769755745
1.017319794
0.9825672815
0.9549007478
0.7512722079
0.8590484788
0.8597047173
0.8408315452
0.8072404227
2.252150072
0.6631439673
0.5777002263
0.4102051915
0.6379706753
0.4958000342
0.8948375253
0.6494477472
0.8656591231
0.8602936372
0.8693933925
0.8824597851
0.8687089439
1.005070296
0.917584823
0.948562696
0.9640597175
0.282676591
0.3482197295
0.3205133946
0.873795091
0.8778268848
0.8633947722
0.4290580067
0.8614359377
0.8662294135
0.8772847916
0.893227662
0.7532924481
1.122230555
1.654579375
2.127408939
1.620492315
0.6768990067
0.4197246237
0.4026039385
0.4381836102
0.46762418
0.4650548112
0.4827636213
0.5841472005
0.572640575
0.6009319145
0.6176875173
0.6511278485
0.8156917823
0.7718583711
0.7863376068
0.7603496917
0.7666915135
0.8060957084
0.8383399318
0.8483392391
0.5039240341
0.5522167778
1.025031164
0.986561901
0.9944735279
1.039101181
1.015009709
0.9621332492
0.9560349176
0.9531224928
0.9522238906
1.029045454
1.149954168
0.7931469903
0.8427686216
0.8021743738
0.8758531078
0.7956000441
0.7761249403
0.7515553563
0.7783221626
0.8184910308
0.8238950427
0.756448384
0.8092245078
0.7494524513
0.6588237501
0.714369372
0.5512268641
0.5795723231
0.9517106485
0.6283146786
0.774422375
0.5176010204
0.6869877444
0.9220740784
0.8563278151
0.7680722772
0.341921912
0.4234493474
0.8764075118
0.8793599393
0.8706491646
0.8641671756
0.7468305194
0.6523755456
0.5638669311
0.6130628396
0.3576331596
0.295454514
0.4495688564
0.7937994309
1.0694374
1.358032297
0.437849941
0.4492498824
0.7144892211
0.7664700098
0.8353803615
0.8153125495
0.6344031816
0.6171582913
0.6032560224
0.5969296892
0.5829750565
0.7670602219
0.8103500126
0.7546796767
0.745751778
0.5792102767
0.846243311
1.344459734
1.416189536
1.44041388
1.212446698
0.4681401648
0.9209752957
0.8230321695
0.8771163659
0.8775897401
0.5715443223
0.2485818039
0.8772506759
0.7535333898
0.7764076031
0.7735260539
0.8016440336
0.8963354913
0.9959369279
1.065488267
1.065221058
0.9887404503
0.9583647457
0.9497532146
0.9552885819
0.966090724
0.9735855746
0.9730879559
0.9694688065
0.9817700569
0.9604761578
0.9904173727
0.9692184478
0.7646319056
0.694149391
0.6695650716
0.8436403459
0.8923483785
0.5003456306
0.3963597825
0.7087576548
0.6942911373
0.7815989043
0.659727249
0.8441378138
0.2802474936
0.7981320214
0.9187358751
0.857108258
0.578770699
0.705608757
0.8048775103
0.6421207742
0.524864879
0.5045248251
0.4711321038
0.4537427405
0.7629374444
0.3317103498
0.3959588502
0.5440866049
0.3229913075
0.7943932609
0.6800342097
0.4924762857
0.4998777881
0.8173831065
0.880359063
0.3618700146
0.6865189245
1.605259918
0.9633120725
1.510303245
1.501991766
0.8357591711
0.6156129497
0.8126484825
1.028586275
0.8654361649
0.7514650283
0.7109045439
0.7656241336
0.7129829453
0.7718224962
0.4629517616
0.4506714467
0.4353499413
0.454768015
0.4539387743
0.4519458894
0.6310559421
0.601309584
0.6000476272
0.5845852488
0.5871701875
0.5855324872
0.6569600956
0.7022932096
0.4714733779
0.8876757102
0.8902728883
0.9484251305
0.4762136178
0.9218916189
0.8116486618
0.6859927859
0.2794607775
0.2755566076
0.4030331328
0.5793733309
0.3986460368
0.6457350502
0.6634408058
0.8791302354
0.8770661943
0.9728952228
0.9731257664
0.962203707
0.640572875
0.7498176921
0.8190540502
0.895931577
0.986637706
1.098761191
1.182561681
1.012432085
0.9841510682
1.099445079
1.041739358
0.8728171816
0.4099551997
0.9324986368
0.8562575679
0.8019081749
0.5860299026
1.131083144
1.461689595
1.161714583
0.8681294554
0.8122765441
1.705784347
1.364843099
0.4699726332
0.472828997
0.603086026
0.8687453604
0.4557585688
0.6986412301
0.8041581857
0.8592835276
1.116224557
1.924401925
1.300219565
1.777299698
0.4573729462
0.4601021225
0.4445742573
0.4469836993
0.4409636755
0.798368741
0.6230063711
0.5114018438
0.5767351725
0.487582893
0.6000631363
0.6382906077
0.6041145335
0.6067135341
0.4221630214
0.5884069463
0.5823818237
0.831427531
0.768068207
0.7638428846
0.7473945966
0.6937902917
0.7235807973
0.6933170015
0.9010032185
0.4014060261
0.3055881153
0.8380562285
0.985152122
0.9370865635
0.9037354229
0.9486846442
0.9502004516
0.9692203242
0.9739605884
0.976881313
0.9604632448
0.972135367
0.9463965506
0.9603675342
0.9397199755
1.006302175
1.069709936
1.106671518
1.031461698
1.016184531
0.9887781136
0.4196487848
0.2749129656
0.4056559033
0.8657012666
0.7406768918
0.9758903271
0.9734405399
0.9851068782
0.9888634696
0.9559086559
1.000361076
0.9586850201
0.8507243848
0.4138925169
0.4332045246
0.4464526677
0.493759853
0.4521470777
0.7608096054
0.7264119803
0.6730985468
0.6272612883
0.4629687708
0.6962839163
0.722699863
1.996676449
0.9511539257
0.7848575778
1.175452806
0.5990514612
1.739159797
0.6902204278
0.8037416444
0.9359179686
0.940006544
0.9636835726
0.971550006
1.002417507
0.8733813295
0.7289733538
0.4216796576
0.3419041575
0.5062477466
0.7943072913
0.6690874185
0.7777917939
0.720833208
0.6867388852
0.8027513372
0.2342823188
0.9340401202
0.9460371093
0.9438934085
0.4848354121
0.4452253838
0.9957173857
0.9795584555
0.9764704115
0.9719965154
0.969101449
1.024902691
1.018112206
0.4066545804
0.3938134813
0.6995876184
0.5242762605
0.4788809651
1.586249468
0.7889150011
0.4594945553
0.4269230656
0.426312139
0.42978761
0.4637050339
0.3836688062
0.3980804428
0.9348996617
0.9456223575
0.9497750811
0.9667228096
0.9595675918
0.9623206387
1.021913668
1.03049317
0.8517726659
0.8059767466
0.8611324963
0.6803976912
0.7021494111
0.4648867965
0.8219948507
0.4390585647
0.4315426331
0.4256168161
0.4072429822
0.3999383155
2.278287247
2.090854028
1.059507129
0.4819064581
0.37696753
0.3989181418
0.4654276408
0.4734869992
0.5614135943
0.4177557256
0.6886535973
0.7620522887
0.8828528947
1.36043401
2.185661426
1.8635717
0.7551540158
0.7659647479
0.7381809226
0.6442728515
0.5153495671
0.4042249317
0.5027487466
0.3464703157
0.3648732756
0.4376605573
0.5387459823
0.5908973678
0.5124839798
0.4831665309
0.6712718799
0.4688171942
0.4788009994
0.4304942679
0.4134500378
0.4298161697
0.4084750602
0.3913573598
0.3993400084
0.4083753397
0.426804711
0.9874723959
0.9655601693
0.9631383382
0.9657671523
0.9508237444
1.019210905
1.006098437
1.008965929
0.9962446215
0.9889790949
0.9913474864
0.9733364665
0.9478355454
0.9702247358
0.9317501651
0.9863310969
0.4787357703
1.004331257
0.9207488066
0.6942514132
0.7883443001
0.59182573
0.5126649601
0.6672930084
0.9076412111
0.8568691129
0.8013848639
0.7691823936
0.632787947
1.04231583
0.8708814479
0.8574626206
0.8655853177
0.5319034357
0.4752511922
0.9683109455
0.6643225295
0.6212627178
0.7217799052
0.6426214268
0.4315813079
0.3916223543
0.4162594777
3.097344001
0.3691949145
0.4288054674
0.4283561299
0.468096756
0.4249112428
0.3176608976
1.28639483
1.477436779
0.5499394932
0.5169382149
0.7431719587
0.7262817811
0.6980633952
0.6623095203
0.7009050815
0.5555128033
0.1922892991
0.2281662077
0.3177006894
0.3971344232
0.3180328579
0.2712363228
0.4729353599
0.4173661715
0.4023597964
0.3728722633
0.3171795737
0.3391328525
0.488887956
0.5326280195
0.675597409
0.5468255225
0.6804438202
2.01427088
2.674564248
1.567735734
0.3475168213
0.9813550505
0.9750804605
0.9732650242
0.9667855184
0.9639964815
0.9649487794
0.9781859611
0.9628624773
0.964125239
0.9657601455
0.9855659591
0.9972250226
1.022362797
0.9971397657
1.008903243
0.9493043405
0.9144556624
0.9667956125
0.9639984282
0.8981533648
0.8892166758
0.818672279
0.8614863007
0.6720027693
0.9347598353
0.8876711349
0.7234480025
0.9575239957
0.9780211509
0.9490022208
0.9469135186
0.9482634264
0.9719063302
0.9584464263
0.4721032506
0.6196326482
0.6567554922
0.5806964813
0.4843988396
1.683451974
0.5942540553
1.146074383
1.656998799
0.4571933684
0.6166281614
0.8590971117
0.9844660822
0.2411082128
0.7263098241
0.8081118781
0.4267015835
0.3756720195
0.7637758664
0.8622715207
0.6855682344
0.1288191395
0.6948467774
0.6423347009
0.449444621
0.3960461659
0.2520745968
0.2533252148
0.4015682929
0.2304399935
0.6733611312
1.183248817
0.6558418957
0.3331503907
0.9747163777
0.9783413267
0.9854767547
0.9696553602
0.9672371958
0.9624594661
0.962491163
0.9665418043
0.9750177117
0.987919519
0.9797495542
0.9741810011
0.9876339086
0.9661501156
0.9830138261
0.9760910537
0.9484796689
0.9629418604
0.9665187154
0.8173434893
0.9659166579
0.969371673
0.8988195933
0.9156448326
0.8967694049
0.9067823736
0.9346753558
0.9024001794
0.7496280632
0.9819354814
1.02270287
0.9870290305
0.6520995044
0.7639695902
0.8462030107
0.9172613309
1.000897758
0.9853560161
0.9654303528
0.9492231171
0.9504596628
0.9340416502
0.9650670556
0.9487083548
1.154063485
1.793960288
0.6140525831
2.137824696
0.3572101356
0.5262638626
0.4019779364
0.2224872218
0.1809623526
0.1566178379
0.7735979989
2.930127652
0.4245702476
0.2419463528
0.3466394599
1.214866556
2.572236588
0.9216786277
3.813951601
3.012085225
2.994207619
1.12831643
0.2675180907
0.2584260568
0.3382598452
0.3029422742
0.2521255525
0.3843256879
0.4116599412
0.5433582431
0.5599621756
0.5109999512
0.4717365927
0.4574398206
0.4194110297
0.4242646788
0.3786523957
0.3405344978
0.3353867754
0.2880127707
0.2517750488
0.1968291545
0.1989075381
0.2761675808
0.7032355372
0.6478803817
0.6024879094
0.6053686958
0.8278448425
0.579547063
0.5330543101
0.5715653223
0.7113738632
0.2575919698
0.2431155652
0.2162838865
0.2096633048
0.1730294493
0.1831070102
0.592016617
0.6700562888
0.7040220654
0.6604355667
0.6854492313
0.3460322614
3.503455352
1.576010565
0.5610388484
0.6605054212
0.4509417383
0.7049962331
0.5736118559
0.8024681184
0.4112122518
0.42448627
0.3174843823
2.19395799
3.321692754
0.8849525965
0.6639167968
0.7323213047
0.3890313605
0.1994317308
0.2360832624
0.3559158278
0.1744699522
0.2185068446
0.1468226045
0.308026131
0.1827563967
0.1640974683
0.1889008694
0.3688995928
0.2284962616
0.2736210446
0.9916319611
1.039214575
0.9721436364
0.9630689417
0.962167556
0.90678636
0.7946778531
1.003485771
0.8250878411
0.7512174443
0.9629533059
0.9682611229
0.9741618122
0.9740789406
0.9522988737
0.9684954173
0.9453828129
0.9708876001
0.9255893941
0.9551527967
0.9517062436
0.9743886327
0.9511500698
0.9609630678
0.9922841222
0.973992602
0.9852128506
0.9826353621
0.968211092
0.97075128
0.9718263635
0.9812059023
0.9776423912
0.963868605
0.2992988162
0.232490391
0.2602956638
0.1885708877
0.1464577955
0.1431099274
0.1798541977
0.1944113216
1.112476163
0.9323527702
2.463853024
0.5768248347
0.7170444337
0.5904257142
0.2201250212
0.4211478518
0.3294830852
0.2821049019
0.7793774477
3.817066777
0.9511625448
0.6425621774
0.4290161544
0.2539129589
1.015399588
0.4446222107
0.5984697274
0.4539919707
0.5802937534
0.6044217952
0.6426916383
0.9203459501
0.3380564792
0.3902410128
0.2285539625
0.3823427771
0.3529496538
0.3365996026
1.261247625
0.6412077938
0.4248527909
0.2952610464
0.2969267406
0.4670820103
0.2938457996
0.444078003
0.3291287651
0.3544645466
0.3557248514
0.9641861918
0.8157119671
0.8204982474
0.8911857476
0.212623864
0.1900103326
0.3280072133
0.4953076877
0.2921896963
0.7407379012
0.6838299167
0.8117327402
0.2141681956
0.5378634048
0.4018847609
0.3551255973
0.2961099645
0.174755702
0.1699985046
0.1612890527
0.1923386406
0.3723725703
0.6322000637
3.392894626
3.738374328
4.950402975
0.5836314819
0.4340273285
0.6890958267
0.538754852
1.039544109
0.7492478847
0.7986799647
1.364325248
0.3211120456
0.3344639835
4.73088432
4.181112732
3.349530131
2.955242873
1.850520217
1.144642383
0.619205741
0.5680105356
0.8012397793
1.429265363
0.4925100199
0.2547912456
0.953882518
0.2382977883
0.381164066
0.1763589285
0.4720927783
0.2046803203
0.4394507682
0.9593352291
0.9789028073
0.9625875901
0.9559214164
0.9577105741
0.9967488882
0.9958226609
0.9786561454
0.7717802118
0.9704962474
0.7357077018
1.020698419
0.8087696575
0.9754187527
0.9679127331
0.9708445084
0.9769500035
0.9692060948
0.9658723184
0.9581130476
0.9752677282
0.2897562213
0.4179849298
0.569743787
1.089080276
1.142792089
1.030047811
0.8474373943
0.7516956377
0.9594758895
0.9810102089
3.21568239
0.9770560575
0.947105689
0.9570188684
0.9963381751
0.9672307459
0.9721620502
0.974260797
0.9677310588
0.9788506303
0.9769962864
0.9758259237
0.9764406313
6.265968928
8.91829791
5.793711231
9.498641272
9.317879719
8.742208189
9.018759079
8.814948173
9.864563742
0.3033322143
9.060690963
9.11565885
9.777276886
12.10877813
9.79068322
9.081419333
9.174676323
9.046085675
10.04431702
10.1249797
8.909988013
0.9143420426
9.749699998
5.488407421
3.364823472
2.434755161
9.387715513
0.8762892325
8.642656389
0.4040905411
9.992887237
10.10746005
8.588902525
0.8292295292
8.591923176
9.678237217
0.2632953733
9.357284194
9.178892459
9.300543632
8.991268196
10.03616736
9.237381049
8.863963925
10.44161532
9.702073788
10.51825237
9.440538272
8.743101645
9.510478958
9.03473894
9.36248439
8.823658142
10.29401388
8.72697211
9.532494933
8.666179386
9.32145987
10.34073938
1.108736547
10.08796974
9.092671514
8.848531221
0.1170765365
0.1358371153
9.012231373
0.1249445464
0.1227128705
9.984020407
9.688533527
8.759891252
8.986068856
0.2795948041
10.12994377
12.53501082
8.73969931
9.649110775
10.37342597
0.8598007538
8.73561545
0.747641875
0.9748296287
0.9733493001
0.9899349034
0.8477147674
0.9329441311
0.9748206971
0.9721791834
0.9783755922
0.9766067547
0.9855797608
0.9795253383
0.9775692589
0.9890475842
9.650107895
9.391780412
8.923830821
10.00528706
1.407408179
0.5940001741
9.106775669
8.855089573
9.959165372
9.312758052
11.68992479
1.114293994
8.420758357
9.67587901
10.27030539
8.845012361
9.009341697
8.942915401
9.191857895
10.3333515
9.384771721
9.624454428
9.440138241
8.276997592
10.50166206
8.856137945
0.9824930798
0.9825767886
0.9839297887
0.9802479207
0.5237574784
0.831501231
13.62998298
9.324523287
8.883905947
0.9805298274
0.9813956615
0.4589607668
9.598495011
0.2732715474
12.4159258
0.6994698063
0.3343592674
2.135979691
11.23175966
</DataArray>
<DataArray type="Float64" Name="velocity" NumberOfComponents="3" format="ascii">
1.800318467 24.01505947 0.0
1.576720583 -25.26719468 0.0
1.02108887 -25.41419547 0.0
0.9264547112 -25.5540803 0.0
0.878226435 -25.88020292 0.0
0.7608084114 -25.85308581 0.0
1.028612425 -25.79495245 0.0
0.873412312 -24.63465768 0.0
1.106888403 24.04859268 0.0
0.9567708528 26.19631642 0.0
1.219348978 23.92181558 0.0
0.6252413964 25.98674604 0.0
0.4526152876 25.99159581 0.0
1.334572223 25.43530036 0.0
1.120202292 25.98837784 0.0
1.219954298 25.30259117 0.0
0.7746290566 25.03668318 0.0
-3.130545092 22.21003185 0.0
-10.20739325 -18.85859182 0.0
1.053018966 -23.87992531 0.0
-10.5092602 -18.26723646 0.0
-18.01673606 -11.8342187 0.0
1.901732226 25.95564113 0.0
2.056314974 24.96495474 0.0
1.67330433 23.1613352 0.0
1.775139413 23.55878946 0.0
1.710100889 24.1663318 0.0
2.390275219 25.15628449 0.0
1.859565542 24.00648736 0.0
1.17936545 23.50607599 0.0
1.683496027 24.81978114 0.0
1.290534023 22.90740427 0.0
1.296619866 23.66927095 0.0
1.306086837 20.70184961 0.0
1.399659459 23.0543871 0.0
1.253030351 21.15198464 0.0
0.9379064921 24.22019731 0.0
0.5296168327 26.41634588 0.0
0.9429547495 25.9583736 0.0
1.356345712 26.01101104 0.0
0.673755674 22.55128446 0.0
1.059283379 -25.14789801 0.0
1.219822424 -25.10261602 0.0
1.152946011 -25.1753861 0.0
1.261562483 -25.07922982 0.0
1.423942536 -25.29519103 0.0
1.001487344 -25.63970214 0.0
0.8475891646 -25.89471227 0.0
0.3898118003 -24.83163805 0.0
0.7037430564 22.89540646 0.0
0.7470816584 24.31400963 0.0
0.9646462751 25.78838716 0.0
1.486094972 25.77040038 0.0
1.431193515 25.32754254 0.0
1.400951729 24.6452889 0.0
1.347253405 23.70518532 0.0
1.461604882 23.04686317 0.0
1.25019694 21.30939513 0.0
1.289048381 23.78911812 0.0
0.6147806912 22.67864446 0.0
0.5928587137 25.88193894 0.0
1.480619962 25.35407332 0.0
0.8928163423 24.09414991 0.0
1.065076443 25.33776841 0.0
0.1311439183 25.40636192 0.0
0.9561714881 25.33764542 0.0
-4.450832927 -22.17531141 0.0
1.171259006 -25.87363822 0.0
1.311271887 -25.04629405 0.0
1.38183171 -25.38593959 0.0
1.316274795 -25.15235384 0.0
1.242199004 -25.30034084 0.0
1.117382537 -25.71690702 0.0
0.6829012136 -25.83782335 0.0
0.9303756916 -25.90383729 0.0
1.032277224 -25.82621391 0.0
0.7953854985 -25.89313389 0.0
1.103503079 -25.77143663 0.0
-4.264411353 -21.65133854 0.0
1.51887771 -25.60101207 0.0
2.038429937 -24.98664314 0.0
-10.43740662 -18.91150433 0.0
-4.960546291 -21.77548674 0.0
-14.28435144 -14.81434012 0.0
-9.948782148 18.98538728 0.0
-18.20699034 -11.98424798 0.0
1.808956741 -24.15693041 0.0
-14.39912602 17.08467976 0.0
-9.002065872 19.48265133 0.0
-14.02152349 16.56191834 0.0
-16.63936669 12.04836596 0.0
-8.405319023 19.88017398 0.0
-17.54082552 12.86158293 0.0
-9.633334975 -17.49931481 0.0
-21.46078448 -7.099734681 0.0
-17.4625512 13.77665346 0.0
-20.46364913 9.023536245 0.0
-24.01559345 3.427440934 0.0
1.284077031 20.95738739 0.0
1.607885603 25.755609 0.0
2.038737715 24.96974353 0.0
1.217119325 23.56596414 0.0
1.741944406 23.4038515 0.0
1.761569897 23.74219156 0.0
1.318961655 26.18610272 0.0
-3.300591694 23.00771935 0.0
-9.867021952 19.79132615 0.0
-2.852753629 23.30708833 0.0
1.364739352 22.99713932 0.0
0.8408460367 23.87750554 0.0
0.9408133776 23.82735035 0.0
0.8770227588 23.40716222 0.0
1.134691134 -25.14278791 0.0
0.8036136987 -25.41089523 0.0
1.218123976 -25.4065032 0.0
1.035836488 -25.89689935 0.0
1.638918168 -25.21146143 0.0
0.9996331311 -25.91269635 0.0
-14.59549749 -15.93912174 0.0
-14.5729047 -15.41899931 0.0
-21.84200805 -6.71596391 0.0
1.500626749 -25.44029733 0.0
-21.02688684 7.95052086 0.0
-13.28461613 16.2862957 0.0
-4.277658101 22.71870364 0.0
-17.76321245 -10.8833139 0.0
-4.199565294 -21.89686088 0.0
-24.37281111 2.552431175 0.0
-0.2058649064 24.27275055 0.0
1.309781666 25.9407513 0.0
0.2160515419 26.59110975 0.0
1.345847474 20.39581644 0.0
1.14994189 22.87214058 0.0
1.229780512 23.44671141 0.0
1.572517721 24.40191274 0.0
2.264262992 24.84503131 0.0
1.304210323 25.06396805 0.0
1.501323322 25.76857253 0.0
1.517378865 26.20128751 0.0
1.037970668 23.92630496 0.0
1.661633876 25.3738502 0.0
-2.221924247 23.56429927 0.0
1.632254963 23.8816318 0.0
1.706718096 23.83346617 0.0
1.22524947 24.45667714 0.0
1.361076503 23.74718813 0.0
1.526725953 23.03067056 0.0
1.286270349 21.45288407 0.0
1.292197485 23.70569874 0.0
1.813073815 25.53352054 0.0
1.246390169 23.20792157 0.0
-0.4150302777 22.81219976 0.0
-5.156196159 22.41803496 0.0
-10.60523529 19.32119443 0.0
0.9602809909 -25.16569693 0.0
1.132950808 -25.18819078 0.0
1.594745301 -25.16567758 0.0
0.9439123085 -25.45418388 0.0
0.989279645 -25.38829741 0.0
1.132698277 -25.69302572 0.0
1.372989005 -24.96746481 0.0
1.382248805 -25.27908438 0.0
0.6127075144 -25.41116446 0.0
1.016846938 -25.28646092 0.0
1.242484026 -25.76327529 0.0
1.091842378 -25.95398194 0.0
0.6454603625 -25.83104576 0.0
0.7387022636 -25.86342172 0.0
1.259946058 -25.61503975 0.0
1.032969336 -25.71585614 0.0
-5.269876763 -22.48974861 0.0
1.423319208 -25.44616866 0.0
1.882503895 -25.20794157 0.0
-24.22514242 -1.279369802 0.0
-25.38633192 -1.579680138 0.0
-25.47113921 1.013982146 0.0
-20.0836027 6.740591293 0.0
-16.15182933 11.94827148 0.0
2.879596806 -25.04054262 0.0
1.505243278 -22.81094926 0.0
-14.88301495 16.73355533 0.0
-18.06947302 13.95620155 0.0
-21.05836407 9.62527475 0.0
-3.074370596 -21.03810675 0.0
-9.025169292 -18.01835683 0.0
-14.11146342 -14.59416168 0.0
-18.25399319 -10.70321449 0.0
-12.42238162 15.81875905 0.0
-7.345899771 18.96722051 0.0
-24.39638754 -2.560086545 0.0
-26.45639463 0.4350436943 0.0
-24.4184118 4.246474915 0.0
-25.2990689 0.7512357817 0.0
1.061638978 25.79015297 0.0
0.8781155113 25.67143305 0.0
0.7798395358 22.30983166 0.0
0.6963728793 24.65820122 0.0
1.815721088 23.93657145 0.0
2.730786257 25.26898333 0.0
1.20278421 -25.12757633 0.0
1.489792751 -25.37840057 0.0
1.12255785 -25.68892771 0.0
0.185817279 -25.20107973 0.0
-14.4875611 -16.60390649 0.0
-17.8510033 -13.08906069 0.0
-21.09900117 -7.653573743 0.0
0.9756139464 26.36647125 0.0
-21.3641363 -5.329621924 0.0
-26.82278707 0.6073211491 0.0
-26.40264294 0.5529909488 0.0
0.8004187502 24.9709002 0.0
1.14981468 25.62111619 0.0
1.791756101 25.50178415 0.0
1.101420792 23.95012923 0.0
0.9006739714 21.97608601 0.0
1.643381021 25.88225253 0.0
0.1123713091 26.61696297 0.0
0.3008259937 25.21674914 0.0
1.419790516 20.09762473 0.0
1.070087694 22.90216278 0.0
1.41180241 23.28571476 0.0
2.92984961 25.39089143 0.0
1.424563095 24.31989128 0.0
1.445223588 22.39354198 0.0
2.45981801 24.76494551 0.0
1.599854472 25.76531724 0.0
1.715153978 26.23969058 0.0
1.83648053 26.16540186 0.0
1.351939116 23.77596838 0.0
1.574085714 23.01754799 0.0
1.316258317 21.61197531 0.0
1.337776483 23.52388689 0.0
2.002590196 25.4375018 0.0
-24.51725581 -0.4994982357 0.0
-25.38081285 -1.116612684 0.0
1.557925721 25.64861652 0.0
1.321622595 25.99203087 0.0
1.532424907 25.52717389 0.0
-0.4337082114 22.1027419 0.0
-6.10388411 21.30918976 0.0
-11.30031672 19.72746589 0.0
-15.16381023 16.97389778 0.0
1.45156339 -25.43298353 0.0
0.5076756165 -25.39562722 0.0
0.7245081778 -25.12750539 0.0
1.341204749 -25.94003946 0.0
0.6417492923 -25.81943192 0.0
0.6737315219 -25.82281357 0.0
0.9965809757 -25.75482948 0.0
1.622021577 -24.953701 0.0
2.784241905 -25.16378023 0.0
-21.19075696 8.832892812 0.0
-23.99957462 3.039732214 0.0
-22.1843075 -0.9372301633 0.0
1.511985845 -25.4129395 0.0
1.154734059 -25.45097169 0.0
1.283158674 -25.89018397 0.0
1.3394193 -25.88511301 0.0
-10.36450699 -19.27637954 0.0
-26.34166602 -0.4390050498 0.0
-23.87111026 1.682822539 0.0
1.980593807 -22.8370814 0.0
0.891744972 -23.67238012 0.0
-8.48604705 -16.97802848 0.0
-25.7820778 1.229521004 0.0
-19.99875493 6.895774696 0.0
-1.48839024 22.92963202 0.0
-25.81934759 0.6287236962 0.0
-12.1920557 15.94821846 0.0
-16.55662032 11.29928801 0.0
-13.69765407 -13.85447381 0.0
-17.38815846 -10.08790904 0.0
-26.68601809 0.3561461928 0.0
-25.40756533 0.9119218555 0.0
-21.70086651 -1.567063713 0.0
-21.30213315 -1.350593154 0.0
1.573949914 22.80929058 0.0
1.138487528 24.82594832 0.0
1.386789655 -25.53594826 0.0
1.384396676 -25.30579602 0.0
1.851550403 26.03076802 0.0
-18.3370614 13.75304981 0.0
0.9460422791 25.1621301 0.0
1.569605798 -25.22974782 0.0
-1.934962042 -22.01519745 0.0
-20.53036201 -9.082814811 0.0
-26.0985279 -0.3520424507 0.0
-27.21594279 0.1252489344 0.0
-26.97444074 0.2341823212 0.0
-26.06100246 1.446675821 0.0
-26.31982997 1.747862697 0.0
-21.04342313 -1.064329208 0.0
-20.90019227 -0.4628411084 0.0
1.883883741 25.74234278 0.0
0.06585569116 26.46050271 0.0
0.05861390046 25.84193848 0.0
0.9088936081 19.77499605 0.0
1.076640119 23.0015886 0.0
1.723683734 22.95221349 0.0
2.987590449 25.60070761 0.0
1.261621289 24.21002976 0.0
1.333633553 22.10260686 0.0
2.551485485 24.85199727 0.0
1.01886969 24.64160234 0.0
1.795220754 25.73253385 0.0
1.850182597 26.25197397 0.0
1.763577593 25.96970757 0.0
1.517506988 -25.64131016 0.0
0.6603792625 -25.35686171 0.0
0.2617394264 -24.98604402 0.0
0.6482246262 -25.80690272 0.0
0.6501807273 -25.77646757 0.0
1.438360878 -25.43849318 0.0
1.563657493 -25.27750895 0.0
1.280815 -24.63579239 0.0
2.642913954 -25.18958191 0.0
1.243300381 -22.28410568 0.0
0.8679348019 -25.22449741 0.0
0.8828954022 -25.29629151 0.0
1.149557088 -25.1931477 0.0
1.230340655 -25.38207232 0.0
1.387031821 23.94471496 0.0
1.530770718 23.13442176 0.0
1.464439249 23.30757543 0.0
1.86798463 25.33232888 0.0
-1.037818196 24.45353104 0.0
-25.33244549 -0.6082459582 0.0
-23.91868439 1.986152476 0.0
1.853463889 25.69482991 0.0
-7.367421355 21.07168383 0.0
-12.16674464 18.92263935 0.0
-15.32890301 17.44206579 0.0
-17.92310646 14.41463891 0.0
-22.42072843 2.708545404 0.0
-23.33924754 -0.6692408609 0.0
-23.69172378 -1.01310828 0.0
0.7138748598 24.80224854 0.0
1.578321311 25.68491196 0.0
1.421948086 -25.56296899 0.0
0.1133577276 -25.33134876 0.0
1.640750101 -24.4244224 0.0
2.22396751 -25.16398152 0.0
-1.875656394 -21.3145462 0.0
-5.808212121 -22.30513443 0.0
-15.28465458 -17.12195336 0.0
-14.57017099 -16.95203834 0.0
-18.08355381 -13.93441373 0.0
-20.85349994 5.868775285 0.0
-15.09912276 11.10187345 0.0
-25.19238627 -0.841679122 0.0
-21.6341765 -5.60559184 0.0
-20.96727967 -5.442299635 0.0
-17.51470446 -13.83915896 0.0
-24.56255562 -2.610506715 0.0
-26.44888338 0.9281254404 0.0
-26.13366877 0.5000695094 0.0
-25.8043041 -0.713569597 0.0
-23.68545613 -0.888067026 0.0
-23.50733023 -0.7229463451 0.0
-25.41763567 -0.6982770237 0.0
-26.45302066 -0.190434376 0.0
-7.523405427 19.88381001 0.0
-25.14280326 0.3922087276 0.0
-25.30788376 0.000383005469 0.0
-13.11235206 -13.58168738 0.0
-7.751314474 -17.10258923 0.0
-23.33200843 -0.5981107184 0.0
-11.64224078 14.93378958 0.0
-6.613999185 17.960408 0.0
1.266230121 25.97143909 0.0
1.086451233 23.85466246 0.0
1.474849786 25.57180615 0.0
0.9561463481 25.80821208 0.0
0.999752263 25.5976745 0.0
-2.069636725 23.61437743 0.0
1.524732951 -25.85245457 0.0
0.9570283286 -25.83711392 0.0
1.349860859 21.79596907 0.0
-24.96318751 -0.7507850623 0.0
-26.23413173 0.05466495018 0.0
-26.48258128 -0.04235779986 0.0
1.483402638 24.42262598 0.0
1.47598436 22.04532281 0.0
-0.9376639837 24.30961747 0.0
-7.860187583 21.38981108 0.0
-12.89983234 18.67662964 0.0
-15.76807101 17.32431487 0.0
-17.88981691 14.96124897 0.0
-23.0456003 4.488315029 0.0
-23.41042989 0.4038355644 0.0
-23.46909928 -0.1937469141 0.0
-23.22252607 -0.1874697827 0.0
-23.01392551 -0.2871306927 0.0
-26.63370426 1.29793366 0.0
0.7007394266 -25.72223588 0.0
1.526415846 -26.07771126 0.0
1.646366511 -26.14093178 0.0
-0.2531006416 -24.9025178 0.0
1.103653055 -25.25009958 0.0
1.50313761 -25.90256943 0.0
0.9302548119 25.85114814 0.0
1.654896473 25.71822573 0.0
0.6386190781 24.68428518 0.0
1.937034127 25.4843708 0.0
1.894873597 25.82554285 0.0
1.053070556 23.72880855 0.0
1.259289719 21.2277653 0.0
0.2830118107 26.20755336 0.0
-0.05124419255 26.14430557 0.0
0.1113650763 19.47771921 0.0
1.167431409 23.07373666 0.0
2.091576243 22.53462069 0.0
1.137034033 24.07161823 0.0
1.257827835 21.66740428 0.0
1.286878346 26.42721689 0.0
1.201963076 25.73007978 0.0
-0.8420053624 22.53509686 0.0
1.573747147 -25.42548439 0.0
1.550322281 -25.6311242 0.0
-6.014334979 -22.26955967 0.0
-15.82663016 -17.1585696 0.0
-11.75209647 -19.26966048 0.0
-18.52280151 -14.30332399 0.0
-21.09086005 -8.959209441 0.0
-25.57634436 0.01218549719 0.0
-26.61368121 0.261316401 0.0
-25.17610339 -1.053958814 0.0
-25.31593139 0.3780597128 0.0
-25.05802502 -0.1840929673 0.0
-24.37864922 0.4445547897 0.0
-18.41604989 6.056049256 0.0
1.447516192 -25.37434266 0.0
0.8964175069 -25.91099243 0.0
-25.15300859 0.6251934206 0.0
-27.0326886 0.5641683849 0.0
2.566749371 25.14063804 0.0
0.9564610098 24.45367874 0.0
2.120760394 25.73917309 0.0
1.779044656 26.26352174 0.0
1.923150932 -25.22911017 0.0
0.9139269269 -24.48853939 0.0
2.44496975 -25.48680604 0.0
1.359455271 -24.16218118 0.0
2.985932856 -25.73525046 0.0
-1.974430138 -21.27928246 0.0
-6.120985085 -20.14844315 0.0
-23.35908692 -0.4246078615 0.0
-22.74397615 -0.4550342001 0.0
-16.75981821 9.563953368 0.0
-26.61925126 -0.3120000954 0.0
-26.66754033 -0.3946691066 0.0
-11.18725828 -15.01486174 0.0
-10.05034801 -14.98788504 0.0
-11.63514371 14.76780212 0.0
-6.414066866 19.54261522 0.0
-22.15240221 -1.092996566 0.0
-26.3758874 0.1206095928 0.0
-25.28209378 -0.4806148138 0.0
0.06565631096 -25.56320193 0.0
-12.15468855 -19.51099815 0.0
-25.90567968 0.3892441958 0.0
-25.85499102 -0.05118351505 0.0
1.442778285 23.44537747 0.0
1.99943685 25.54178927 0.0
1.052236478 21.64126229 0.0
-20.08826922 10.41360932 0.0
0.7666674881 -25.73195941 0.0
1.613154661 25.68469147 0.0
1.216958394 26.01867858 0.0
2.188143796 -22.36828581 0.0
-24.86031057 -0.3941262738 0.0
-20.60544295 0.3950386591 0.0
-23.35345969 -0.216197938 0.0
-26.41880803 0.2714279616 0.0
-25.02276416 -1.325049172 0.0
-25.24543162 1.290195306 0.0
-26.42143988 -0.6357284315 0.0
-23.04441915 0.8702165065 0.0
1.01978841 -25.4919788 0.0
1.366763592 -25.78277462 0.0
1.454614289 -25.94610092 0.0
1.321394293 -25.68289427 0.0
-18.74157393 -14.78558078 0.0
-21.28186964 -9.440134624 0.0
-25.85632485 1.089797505 0.0
-25.82466368 0.7279231846 0.0
-25.64926925 0.2369152912 0.0
1.980662628 25.56807359 0.0
0.7494515053 25.89407254 0.0
0.2361199953 26.60488443 0.0
-0.8397283188 19.11242105 0.0
1.372268387 22.70898552 0.0
2.606232245 22.01469516 0.0
2.143686937 25.98517789 0.0
1.119527061 23.92804958 0.0
1.328291784 20.87894565 0.0
2.259155204 25.52766223 0.0
0.8937220321 24.21437099 0.0
2.561117827 25.79083033 0.0
1.546001117 26.20512066 0.0
1.502910112 25.40051415 0.0
-25.13122644 -1.704118737 0.0
-21.58818806 -5.978880509 0.0
1.399161298 24.44625684 0.0
1.479741284 23.27235536 0.0
1.549337439 22.03451054 0.0
-1.327007457 24.11260673 0.0
-7.825764965 21.79390483 0.0
1.588065631 23.40729342 0.0
-13.32011779 19.16658097 0.0
-16.28875653 17.20633358 0.0
-18.31748941 15.09978194 0.0
-20.43223187 10.86617253 0.0
-23.24807414 4.585846831 0.0
-25.8751575 0.1918259527 0.0
-26.4023728 -0.5331308644 0.0
-26.01649844 -0.4931025383 0.0
-26.08119847 -0.5642328482 0.0
-26.14886231 -0.8760986092 0.0
1.408658989 -26.04944471 0.0
1.795081321 -25.10428447 0.0
-0.7703860411 -24.80633455 0.0
1.701332118 -26.24423855 0.0
0.9620287495 -25.66198413 0.0
0.8607514447 -25.65821409 0.0
1.39638807 -25.3377019 0.0
0.8039272623 -26.13310585 0.0
0.4469756183 -24.24268594 0.0
2.141146696 -25.93765871 0.0
1.352068199 -21.18763558 0.0
1.44789529 -23.77268662 0.0
2.213923326 -25.74845893 0.0
2.91132931 -22.09320437 0.0
1.713136165 -23.85653494 0.0
-23.04122008 4.578684674e-05 0.0
-26.08048277 0.7326041896 0.0
-25.53381718 -0.0416993005 0.0
-26.28874609 0.6576327639 0.0
-25.49652929 -0.08255378107 0.0
-26.45546923 0.5667301856 0.0
-25.44232089 -0.122611548 0.0
-26.51099135 0.5089650055 0.0
-1.41125559 24.02104575 0.0
-24.94359174 -0.9313871934 0.0
-14.42912782 -10.36052295 0.0
-1.445591202 -24.46580645 0.0
-5.793357793 -18.64067337 0.0
-26.18668889 -1.325352576 0.0
-26.25892463 -1.730100244 0.0
-25.16501928 1.501911981 0.0
-21.82297309 -1.57318673 0.0
-13.59551948 -11.63299472 0.0
-17.12553707 -10.27855347 0.0
-26.22450684 -1.929336004 0.0
-26.08839339 -2.001614735 0.0
-11.11672127 13.68298551 0.0
-14.88115318 9.785903793 0.0
-26.66207693 -0.4572987647 0.0
-25.35654546 -0.1558911787 0.0
1.173232922 -25.78872544 0.0
2.408396094 -25.15944175 0.0
1.329976043 -25.80136216 0.0
-24.46966492 -4.275763052 0.0
-25.67002082 0.3315308212 0.0
-25.75522855 0.8453634115 0.0
-25.74390031 0.7597158617 0.0
-25.87665448 0.7513639688 0.0
-25.54439601 -0.01485900848 0.0
-25.23253781 0.7945263675 0.0
1.000220614 -21.73277704 0.0
-19.89050594 9.47443183 0.0
2.746030701 25.88684914 0.0
1.391751399 25.92178709 0.0
1.663603402 25.67315052 0.0
-26.47998777 1.420906809 0.0
-26.71655895 -0.2220794921 0.0
-24.76050494 -1.010437158 0.0
-25.11410327 -1.888032592 0.0
-17.68546719 -5.202342427 0.0
-22.41421251 -0.6976199537 0.0
-26.44225166 0.2677221531 0.0
-0.9831605305 -23.77086843 0.0
-7.113628602 -22.45577194 0.0
-6.941591284 -22.83388335 0.0
-16.06207186 -17.56109088 0.0
-25.26989025 0.8680496739 0.0
-25.15582326 0.3380357695 0.0
-26.53787604 0.4638694407 0.0
-24.58103584 1.067756207 0.0
-26.91450778 -0.2107807572 0.0
-26.8805049 -0.2342486362 0.0
1.619069099 20.58327689 0.0
1.45575884 25.71868222 0.0
1.205114005 25.53184427 0.0
0.6686604237 26.40139829 0.0
-1.877773301 18.31550385 0.0
1.530353291 21.99843783 0.0
3.352490212 21.33188614 0.0
1.32148539 26.12307395 0.0
1.252340143 24.04092459 0.0
1.889762356 19.86931247 0.0
1.761081186 25.89820917 0.0
3.256991987 25.51392312 0.0
0.9967685207 26.15812132 0.0
1.132648383 23.76356404 0.0
1.247853913 23.97701178 0.0
1.751593951 26.0977247 0.0
2.556245202 25.39230094 0.0
0.5383518338 24.48857669 0.0
1.675325237 25.80462926 0.0
0.848708213 25.80938384 0.0
0.8811595415 22.97678635 0.0
-1.60963933 21.43169183 0.0
-8.073135546 21.20237649 0.0
-16.7266679 17.63085963 0.0
-18.86429591 15.09103184 0.0
-20.96288014 10.86330012 0.0
-23.66412416 5.163546718 0.0
1.252405963 -26.27364408 0.0
2.674982064 -24.92903683 0.0
-1.24204345 -24.53791663 0.0
1.644231468 -26.26710763 0.0
1.136674678 -25.64591334 0.0
1.299041233 -25.21322674 0.0
3.050256405 -25.0934176 0.0
-0.1209397575 -23.89507586 0.0
1.783181001 -26.33975093 0.0
2.067629449 -20.46203075 0.0
1.666266614 -23.85982017 0.0
1.307851629 -25.92760042 0.0
3.104188247 -21.22617952 0.0
-27.20093024 0.4625776085 0.0
-25.45277231 -0.05386531373 0.0
-26.46588241 -0.8565031277 0.0
-26.56794203 -0.1836796229 0.0
-26.67015976 0.2169959349 0.0
-26.75243291 0.2421980388 0.0
2.211708563 -24.08250755 0.0
1.539777485 26.31377129 0.0
0.9724776432 25.84841289 0.0
-6.195652865 17.48199457 0.0
-24.75023247 -1.866617264 0.0
-25.13619366 2.317775395 0.0
-26.91430841 -0.5718010217 0.0
-25.40009734 -0.5704796843 0.0
-24.8204449 0.7074700903 0.0
-18.75617525 5.418389513 0.0
-15.35541832 8.858239633 0.0
-26.78292651 -0.1556186742 0.0
-20.31848721 1.375960963 0.0
-19.88208526 2.420360121 0.0
-20.27539043 -2.791182862 0.0
-26.01792819 -1.653737781 0.0
-21.1244339 -0.3308716485 0.0
-24.75623162 -1.801859048 0.0
-25.10618913 2.234724266 0.0
-26.59795318 0.01506541384 0.0
-26.39707088 -0.2772075919 0.0
-26.57635441 -0.4919104454 0.0
-17.13980952 -7.632918087 0.0
1.189955213 -25.90489114 0.0
-2.116206125 -22.02528973 0.0
-5.10555855 -20.55902085 0.0
-26.1448057 -0.6436937425 0.0
-25.89461332 -1.096689762 0.0
-10.368783 14.67508959 0.0
-5.114152127 20.04011469 0.0
-9.809408018 -15.79875309 0.0
-14.48925521 -10.06591998 0.0
-25.4292403 -0.2180778689 0.0
-26.50540187 0.3936783267 0.0
-12.78963727 -20.5569323 0.0
-16.09490058 -18.34779807 0.0
-12.36467292 -19.90467391 0.0
-18.37306166 -15.59070157 0.0
-6.205316624 -22.3737316 0.0
-23.34949092 -4.423215091 0.0
-26.34329837 -0.563266938 0.0
-26.63929665 0.4125588461 0.0
-21.38592622 -10.16263678 0.0
-25.30187142 0.261263896 0.0
0.7786177217 23.88388335 0.0
1.364235579 25.14128992 0.0
3.171737626 25.75212091 0.0
0.3445239102 24.25952357 0.0
-24.74401077 0.2712241345 0.0
1.044382022 -25.5943101 0.0
0.6478227029 -26.15356047 0.0
-26.72468725 0.180444403 0.0
2.105582057 19.60978317 0.0
1.684224137 25.8868181 0.0
0.8597501678 25.74327639 0.0
1.16495749 25.90229094 0.0
1.208578138 25.97151689 0.0
1.364735711 26.32810835 0.0
1.350030394 26.5206112 0.0
1.390269822 25.9230871 0.0
-27.13580084 0.6071578963 0.0
-25.69785904 -0.6665652239 0.0
-25.74251487 -0.3789452236 0.0
-1.858641358 21.52436519 0.0
-21.75093619 4.5159969 0.0
1.034673972 -25.05720278 0.0
0.8536856102 -24.12580659 0.0
-0.7586999377 -25.68282979 0.0
-0.9753031132 16.5480778 0.0
-2.761469494 14.44338002 0.0
-6.79180265 14.87914759 0.0
-12.3814935 16.3137767 0.0
-16.31730918 16.42072761 0.0
-18.97410693 14.91346468 0.0
-21.37359649 10.96738947 0.0
-23.99347502 4.964372373 0.0
-25.64243495 -0.2462502318 0.0
-26.39862761 -1.164193958 0.0
-26.41331652 -1.190668812 0.0
-26.33279204 -1.170316735 0.0
-26.40410441 -1.190058375 0.0
-26.53490574 -1.195411642 0.0
-26.65189928 -1.072866961 0.0
-26.74486245 -0.8200021727 0.0
-26.82019419 -0.5823669476 0.0
-26.87721857 -0.4212601854 0.0
-27.21049761 -0.333074032 0.0
0.7961153602 25.85528769 0.0
-0.6758401316 -17.53247241 0.0
-17.91043777 -16.13795644 0.0
-19.80303359 -12.15147897 0.0
-22.63282907 -5.56329366 0.0
-25.78134147 -0.2144193525 0.0
-25.65904019 -0.5795702729 0.0
-25.26386641 0.7997862231 0.0
-25.62572634 -0.3787868355 0.0
-25.29306139 0.1804470047 0.0
-25.09898869 -0.1087250881 0.0
-24.96827486 -1.299296872 0.0
-25.00924707 1.57012989 0.0
1.387689129 25.23854094 0.0
1.196303485 25.96558323 0.0
-2.889107033 16.30738157 0.0
1.567984563 20.28510506 0.0
0.6362687237 26.31391869 0.0
1.00555375 23.64334348 0.0
2.597185794 17.59395663 0.0
1.194565415 26.12212177 0.0
0.4750623903 23.49242061 0.0
4.133927148 24.15095549 0.0
0.3676148393 26.10102035 0.0
1.262202247 24.92278525 0.0
-26.48187022 0.3587821959 0.0
0.9717377272 -26.41605629 0.0
3.698313809 -24.50329831 0.0
-1.715158236 -23.96834137 0.0
1.356497174 -26.21080674 0.0
-24.9863431 -2.691651767 0.0
1.233369388 -25.75608268 0.0
1.311479303 -25.54473071 0.0
1.142924818 -24.70588883 0.0
0.3891615426 -26.10306112 0.0
3.907756636 -24.52147582 0.0
-0.5780435926 -23.55852907 0.0
1.222435347 -26.44370526 0.0
2.996007071 -18.29982995 0.0
1.552924808 -23.5096701 0.0
3.703828245 -18.92228344 0.0
1.726375679 -25.98353905 0.0
-0.7172845463 -24.35816189 0.0
-4.891887121 -21.45090069 0.0
1.579729083 25.71880597 0.0
-25.95199494 -1.028784017 0.0
-25.71815775 -1.531385796 0.0
-25.62509815 -1.90384758 0.0
-27.00200268 -0.347601147 0.0
-26.60841085 -0.4278372699 0.0
-24.3227638 -2.594710259 0.0
-24.69541756 3.299812632 0.0
-26.71642526 -0.4342165867 0.0
-26.77396309 2.127895524 0.0
-26.2187298 0.7691831987 0.0
-25.50669222 -0.7945041657 0.0
-23.07833112 1.981126359 0.0
-21.12455777 3.524159666 0.0
-7.704492997 11.3360021 0.0
-7.881784159 -16.1797875 0.0
-7.867196646 -12.43358536 0.0
-24.84655514 -2.09276607 0.0
-24.850407 2.295275578 0.0
-1.67432681 23.53899199 0.0
-8.008119027 15.15118321 0.0
-4.871454358 20.76947791 0.0
-26.45363936 0.2768205298 0.0
-24.41546331 -2.950871918 0.0
0.6222085233 -26.20821916 0.0
-13.44757628 19.48464988 0.0
0.9851966968 21.36530951 0.0
-25.04878225 -0.6188863654 0.0
-25.13044864 -0.265914464 0.0
-24.62786615 3.154607413 0.0
-1.892037448 -16.54994329 0.0
-6.04572521 -16.76172294 0.0
-11.62178287 -17.36922025 0.0
-24.5380353 -2.715897785 0.0
-26.81055063 -0.1791368987 0.0
-26.55170067 0.1591642073 0.0
-26.2412317 -0.6766600068 0.0
-1.813765893 -23.6969533 0.0
-24.32107936 1.763725128 0.0
-24.74768594 -3.6688563 0.0
-26.65495322 0.1879186564 0.0
0.7686102065 26.45035911 0.0
4.084442195 24.55883194 0.0
-25.13536285 0.7461822482 0.0
-25.1034583 1.043478477 0.0
-26.80277263 2.4351493 0.0
-27.06086009 0.3269436403 0.0
-26.43247402 0.7502938333 0.0
0.1594097856 23.67072627 0.0
1.667790309 25.96707711 0.0
0.8827870086 25.41991795 0.0
-17.65603886 3.394620904 0.0
-22.46249541 0.1674028239 0.0
-20.92996577 0.1892065775 0.0
-17.93216648 -3.548269333 0.0
1.135158406 25.85576192 0.0
-21.23891347 -2.119077752 0.0
1.316146558 25.45139965 0.0
1.389504885 25.85228229 0.0
1.462777796 25.85548654 0.0
-26.05158538 -0.2981827546 0.0
0.009372765701 24.53661197 0.0
-23.52000904 2.513696396 0.0
-26.30452522 -0.5146796337 0.0
-20.34521899 -4.309309251 0.0
2.454426248 -23.75943201 0.0
2.686210429 -21.31284475 0.0
0.2271263875 -26.51675746 0.0
3.688698478 -13.80138672 0.0
-0.5642087026 -24.5008192 0.0
-3.291546356 -22.13160903 0.0
0.6999703308 -26.4690992 0.0
0.04320640585 -26.0948419 0.0
1.069525982 -21.00155705 0.0
-2.000462434 -21.17328177 0.0
4.507594956 -21.44121676 0.0
0.583299002 -26.43063706 0.0
-26.56536473 -1.228769821 0.0
-26.18559704 -0.02528743831 0.0
-23.18963903 3.273250434 0.0
-12.83965556 6.139522201 0.0
-6.672085584 -4.053942464 0.0
-26.40667965 0.0002016421234 0.0
-26.41626205 -0.2023110705 0.0
-22.28846399 -3.407982858 0.0
-9.887598014 -5.209369049 0.0
-21.72794277 4.033331632 0.0
-25.34605895 -0.761403344 0.0
-26.48579666 0.5441127192 0.0
0.6814599459 26.40924624 0.0
0.1970153514 26.53402045 0.0
4.102802772 18.90871874 0.0
-3.46901576 12.20500041 0.0
1.698835055 26.1496602 0.0
1.200336144 22.91417707 0.0
2.697203315 17.22669508 0.0
0.3241542974 26.15879366 0.0
3.274029553 12.83987682 0.0
-26.43758335 -1.215817067 0.0
-26.45897051 -1.201470089 0.0
-25.87769987 -0.6878393583 0.0
-25.60052334 -1.440266874 0.0
-26.4699288 -1.151009727 0.0
-26.44049057 -0.9373544173 0.0
-26.71896784 0.4515122241 0.0
-22.10827757 -0.643035805 0.0
-25.47120621 -0.09857606519 0.0
-25.55535193 -1.147724664 0.0
-25.20291102 0.4633828195 0.0
-26.21888904 0.07613530636 0.0
-26.44170255 0.2092768649 0.0
-26.33372981 -0.2937362135 0.0
-26.39827242 -1.523126102 0.0
-22.37382288 -3.600605329 0.0
-26.30012808 0.04979274183 0.0
1.080638966 22.42203604 0.0
-26.25282471 -0.9278941031 0.0
-26.26215531 0.4301701301 0.0
-26.19684398 0.8801794411 0.0
-26.46046975 0.2096254482 0.0
-24.39096324 0.4599539928 0.0
-7.56789006 3.243777601 0.0
-6.960933141 9.902863436 0.0
1.380448985 25.8430416 0.0
1.258036682 23.39065049 0.0
0.1910803607 24.92285339 0.0
-23.83479798 -2.359054418 0.0
-26.11527815 -0.5113338714 0.0
-24.42019104 3.166586399 0.0
-3.037486368 20.89336747 0.0
-24.21892503 -0.5995237204 0.0
-3.892402596 19.48200335 0.0
-1.066090065 23.09870597 0.0
-26.31874888 0.1498628658 0.0
-25.93189809 1.819062411 0.0
-25.82175104 2.203910826 0.0
-9.045206098 -4.711764933 0.0
-7.222785896 -11.75128212 0.0
1.056195297 23.63093567 0.0
4.966230486 19.47268003 0.0
1.397585933 21.1281986 0.0
1.26920803 15.54945084 0.0
1.127916189 22.79836738 0.0
-21.93176395 2.160117655 0.0
-22.13602197 -4.595064999 0.0
-26.39804219 0.1407475184 0.0
-23.93469104 2.618698777 0.0
0.4216266039 20.45784148 0.0
1.600527145 25.8856469 0.0
-1.274080472 -23.53262595 0.0
-3.956475218 -20.22739766 0.0
0.2728544722 26.43522084 0.0
-13.35682519 -4.088015537 0.0
-21.19172625 -4.687847012 0.0
4.627258481 14.22280639 0.0
1.392130284 21.20547527 0.0
-0.1518983995 26.07186633 0.0
4.930067074 19.40162324 0.0
0.6774850484 20.81822666 0.0
3.22852879 13.14834736 0.0
-15.94013433 6.574179678 0.0
-12.75621184 -7.372631478 0.0
-18.5587389 -8.222589613 0.0
-0.9785108494 -23.84264252 0.0
1.831490376 -26.05007835 0.0
1.272265969 26.07645194 0.0
0.7233446225 21.66998716 0.0
-26.16265287 -0.6072658068 0.0
-26.18171905 -0.5719470217 0.0
-26.37713796 -0.6338180676 0.0
-26.17448236 -0.4195161254 0.0
-26.1801835 -0.1742372632 0.0
-26.0788187 1.369180252 0.0
-26.26937022 0.2682312707 0.0
0.7439539797 -26.14453312 0.0
-19.16202565 5.927132175 0.0
-15.64136792 -17.66217167 0.0
-22.54847861 -5.528274777 0.0
-21.33305709 -3.089748288 0.0
1.660867402 -25.45396189 0.0
4.696687843 -20.70226125 0.0
-23.65297415 -0.632816337 0.0
-10.06164273 3.765518204 0.0
-6.956057014 2.845028617 0.0
-3.373375154 4.145802428 0.0
-3.367242745 -4.564396189 0.0
-8.106183429 22.24008368 0.0
-16.35535746 0.08300061974 0.0
-13.33668363 3.964371489 0.0
1.973438917 -21.45946176 0.0
-26.26576958 -0.7957590393 0.0
-26.19592739 -0.723254672 0.0
-26.88659781 -1.146728166 0.0
-21.74681058 3.869300772 0.0
-21.87456733 3.854224805 0.0
-26.3051378 0.3722309962 0.0
-26.2971991 0.3325212493 0.0
-21.83944722 3.848096447 0.0
-21.8130557 -3.595885882 0.0
4.307914859 -14.41835075 0.0
-19.86916666 -0.2830743038 0.0
-15.64414487 -8.349726905 0.0
-26.74403146 -0.1560941554 0.0
-0.4422106434 24.42612509 0.0
-23.87070266 0.9940679855 0.0
-7.011581526 -23.35196325 0.0
-26.50358704 -0.1416808439 0.0
-26.35617918 -0.09403083698 0.0
1.352433702 25.57619631 0.0
-26.49076718 -0.5543555118 0.0
-0.4474580053 -25.37225054 0.0
-25.21235127 0.7023582826 0.0
1.164654255 25.84475006 0.0
-25.56955103 -0.5317476707 0.0
-26.47291649 0.6613313651 0.0
-25.0383556 0.6092908393 0.0
1.125624122 25.87017102 0.0
-20.40737741 -10.9675406 0.0
1.375839658 26.34778755 0.0
-24.29637002 -3.44560135 0.0
1.496978213 -25.58245741 0.0
-11.26800087 -19.58879507 0.0
-24.274551 -3.265519921 0.0
-26.17975779 -0.6438363839 0.0
0.9192610325 -22.32113186 0.0
-26.48069531 -0.4360264008 0.0
-26.72372196 -0.1135656863 0.0
-0.6414154354 -21.05266697 0.0
-23.80942567 2.62998558 0.0
-3.291263175 1.636802063 0.0
25.51189193 14.16626552 0.0
-6.043116357 -0.8307375216 0.0
-3.146190825 -1.930488079 0.0
-3.320407028 -2.802971027 0.0
24.55303794 12.9320665 0.0
-3.36589575 1.155641925 0.0
22.12154019 -1.565888543 0.0
-5.952329088 -0.4338170501 0.0
-4.430696203 1.176585761 0.0
-3.622886667 2.713998819 0.0
-4.617440883 0.7761722501 0.0
21.91100299 1.580483756 0.0
0.6524195842 8.729910749 0.0
-1.942512449 0.8792575003 0.0
3.069104325 9.099686458 0.0
-3.708380145 -0.4174394388 0.0
5.734897792 -0.9995377255 0.0
-6.831605262 -2.605417651 0.0
-5.986316747 -6.882227227 0.0
-5.033710007 0.1951517153 0.0
-4.321722118 -0.31881888 0.0
-3.587112382 -0.9358244225 0.0
-3.489463627 1.523998874 0.0
21.88322533 3.571998495 0.0
-2.753426019 1.807090047 0.0
-3.872907287 -5.579045864 0.0
1.142067089 0.9821881032 0.0
-3.336746148 1.191260536 0.0
-3.072231159 0.9393432698 0.0
-5.518909616 -0.5618764969 0.0
-4.278852387 0.05284450254 0.0
-5.10663424 -0.1170544405 0.0
-2.755183151 1.658930785 0.0
-2.446785201 2.726538061 0.0
-5.383183569 3.081985875 0.0
-3.004226887 1.528973182 0.0
-2.551160449 1.157372151 0.0
0.03056994815 3.230387233 0.0
15.69512802 -5.283976261 0.0
-4.848635389 -0.1936962639 0.0
-4.296684431 -0.2475379736 0.0
-4.01647491 0.02748168938 0.0
-3.529252608 -0.9360557561 0.0
-1.147603488 -0.1872629042 0.0
-0.905175704 2.270980239 0.0
-3.635805035 0.2757668037 0.0
-3.170364325 -2.178471732 0.0
4.601898518 -0.2062948435 0.0
-0.9358851327 -0.7323004381 0.0
-1.504055617 -0.5198756975 0.0
19.41410425 9.616013245 0.0
-5.277309773 0.04457256272 0.0
-2.992860123 -1.745143873 0.0
-3.789410256 -0.7914566707 0.0
-6.674509622 2.064491654 0.0
-3.124014805 3.02838052 0.0
-2.743117761 -3.206725702 0.0
-2.646642285 -0.664054657 0.0
-2.911638257 -0.5714378226 0.0
-1.96055684 -0.5650053093 0.0
-7.400562084 1.992844921 0.0
-3.542033189 4.916377727 0.0
-5.138837606 2.692019168 0.0
13.96280712 6.189280018 0.0
-0.8133766459 -0.8569237241 0.0
-0.2509947345 -3.965456385 0.0
1.728234503 0.9091189456 0.0
4.316493069 1.449624539 0.0
-0.8857547055 1.018733262 0.0
-1.664989149 0.2668594174 0.0
-2.374038816 -1.838873292 0.0
11.80952357 -6.696120633 0.0
-4.649379371 -3.857975105 0.0
18.67617859 -3.122472656 0.0
26.07921252 -8.486019661 0.0
-0.166665382 1.795329977 0.0
-3.322118766 -1.36614233 0.0
-5.903590568 -0.1021381284 0.0
-1.856484991 -0.7103658139 0.0
-1.472649063 -0.0775270016 0.0
3.34911024 -0.04837824075 0.0
-0.8443044131 -0.9199418872 0.0
-1.994449708 -0.5589930085 0.0
-8.954403404 -2.741560859 0.0
-7.78722079 1.818120597 0.0
-2.596173672 2.480504093 0.0
-7.376534294 7.469630424 0.0
18.1531831 9.456161809 0.0
3.922407221 1.092661484 0.0
-1.173431378 0.1916613833 0.0
-1.902814415 -2.823234658 0.0
0.2615056968 -2.216176656 0.0
-5.120094166 5.700040871 0.0
-1.136178523 0.4456249276 0.0
-8.402623135 -3.232805701 0.0
-10.60699509 1.758878315 0.0
-6.252729326 0.4188573315 0.0
8.937412803 -0.228542424 0.0
26.75386807 10.68824429 0.0
0.7636879478 2.126169415 0.0
-1.288999911 -1.542648112 0.0
1.340405506 0.354468071 0.0
-3.828571016 4.105555796 0.0
1.177742362 0.2855240213 0.0
1.91709816 -0.1266603892 0.0
-5.969981632 -7.839175717 0.0
28.12234196 -10.01400801 0.0
0.8792694991 -0.1323821731 0.0
0.6794563598 0.07873367513 0.0
-5.48924143 -15.25663542 0.0
28.91679723 -11.21973804 0.0
12.75282296 -0.4776033846 0.0
0.3017640781 -1.156861328 0.0
16.55406454 0.8201023275 0.0
-7.721043002 -21.86542172 0.0
-3.642552047 -2.796626532 0.0
-3.157890845 -1.283056462 0.0
14.81813035 -1.186150777 0.0
13.14059881 3.868511934 0.0
1.007611268 2.649805319 0.0
-0.5910450932 1.192173416 0.0
3.024637551 -1.141563324 0.0
-0.6639251723 -1.926713364 0.0
10.65201961 -1.970401127 0.0
-14.58814095 -13.87693447 0.0
25.78176903 -4.445567177 0.0
-4.805607578 10.88682626 0.0
20.68430555 -5.771809014 0.0
-8.796040005 -13.13932086 0.0
1.509186268 -7.054384612 0.0
4.031920218 -0.1314393896 0.0
4.214133692 0.3429144119 0.0
5.204640671 -7.046685853 0.0
5.558679882 -6.107290638 0.0
5.971994068 -1.702770079 0.0
-5.807055082 -19.60973408 0.0
26.23456899 4.807583359 0.0
22.15598275 4.540454084 0.0
11.35054039 1.053179158 0.0
9.959193284 1.180904199 0.0
19.45381676 -9.724009292 0.0
8.50843194 -10.1166648 0.0
-7.294346799 14.92400454 0.0
1.111146194 2.179991004 0.0
-4.310275802 0.2794342363 0.0
-14.65653188 -16.57700917 0.0
2.549433593 3.000774419 0.0
2.42297394 3.960232178 0.0
18.46394998 -3.108894629 0.0
8.900507732 3.369874842 0.0
17.39435079 -0.6951139475 0.0
14.67971963 -1.098443023 0.0
6.941672509 1.614745505 0.0
6.896547376 -4.556409808 0.0
1.072996046 -0.2454439672 0.0
1.445749591 0.3180246087 0.0
1.4179512 0.1812062421 0.0
1.2564581 0.07943216115 0.0
1.370078572 0.1833370886 0.0
1.570731912 -0.1184289546 0.0
1.674567285 0.06428255684 0.0
1.37908326 0.07177115609 0.0
-8.012013836 -0.1717914169 0.0
-2.477968504 0.7213252092 0.0
-6.683775342 -1.417511312 0.0
1.134481476 0.8985507999 0.0
11.11958183 -3.336608602 0.0
0.8269689271 -2.385353972 0.0
2.695295956 -10.10110458 0.0
-0.06985576546 -1.505937036 0.0
1.408551748 -0.06468891056 0.0
1.419654154 0.03671526318 0.0
7.252698276 1.073290594 0.0
0.8174487737 -0.1041780062 0.0
1.105608413 -0.6856136119 0.0
1.332175066 -0.4261550559 0.0
1.497999215 0.02523477381 0.0
1.272975809 0.03947200149 0.0
1.374291419 0.04263347883 0.0
9.030961893 1.266257687 0.0
2.48205098 1.141776689 0.0
1.798047819 1.214117115 0.0
2.211919291 0.6868500445 0.0
1.476158708 -0.1459438614 0.0
0.886064119 0.1085113556 0.0
16.48412956 -14.83688882 0.0
21.30360928 11.23984895 0.0
-2.247708797 -1.097752682 0.0
-4.664094379 3.357810118 0.0
24.30754968 11.65296737 0.0
-2.614615667 -1.261548264 0.0
8.833462839 -5.944547522 0.0
-11.4013367 2.765680334 0.0
-7.083159886 -1.678678545 0.0
-5.327649251 -1.577904966 0.0
-9.228330011 -1.670183499 0.0
-5.406541239 -0.2901452884 0.0
-3.663270899 -0.8294556077 0.0
-3.916945513 -0.6294348024 0.0
-3.524146232 -1.318542733 0.0
-3.381132365 -1.536466363 0.0
0.9600819897 0.260927161 0.0
18.29708941 -2.149963262 0.0
1.526706127 5.817970362 0.0
-0.5161732531 3.272112553 0.0
-1.501449968 3.08761006 0.0
-2.530326725 2.411071885 0.0
-3.259713814 -2.946439086 0.0
-3.28225184 -2.220405611 0.0
-3.392931084 -1.495048923 0.0
-3.578077482 0.6154133136 0.0
-3.617345742 0.241229616 0.0
-3.544931277 -0.300811141 0.0
-3.461504099 -0.8819589954 0.0
-4.179790538 2.012064452 0.0
-3.137497032 1.317450518 0.0
-3.230309158 1.415228447 0.0
2.180210914 0.2361451502 0.0
11.58707804 -2.837698777 0.0
20.52755391 -1.329989884 0.0
28.51370389 12.24113877 0.0
27.70273243 9.901184927 0.0
-5.132528734 -1.231096261 0.0
-5.996331094 -1.36916223 0.0
-6.444270089 -1.397898068 0.0
-5.15192409 0.1792945876 0.0
1.852337429 5.476433289 0.0
-1.97203279 2.286214732 0.0
-3.779026876 1.793080856 0.0
0.7916975351 6.458292662 0.0
1.42326348 1.107605145 0.0
-3.84557746 1.815528863 0.0
-3.864333923 0.1667589956 0.0
-3.782608026 0.6511738217 0.0
-3.556224489 0.9234698623 0.0
-3.274222516 1.046978376 0.0
-3.567432604 0.6752559654 0.0
-3.785624161 0.595964703 0.0
-3.724239621 -1.015795044 0.0
-4.208701393 -0.4663966568 0.0
-3.979476212 -0.6893736755 0.0
-0.8401791359 2.128823094 0.0
-0.8828387934 3.128523357 0.0
-6.238262733 -0.9168054613 0.0
-4.901690894 0.3423699504 0.0
-4.285507235 1.32987032 0.0
-3.721878533 1.765045819 0.0
-2.61632644 1.276851373 0.0
-0.444930123 3.864110765 0.0
-3.241205424 1.735186985 0.0
1.628577181 6.673697319 0.0
3.660460961 9.237023388 0.0
-3.29335101 -1.372073061 0.0
-3.101380098 -1.92775956 0.0
-3.166592163 -2.321279839 0.0
24.04289207 4.652010499 0.0
-3.86761486 3.109896195 0.0
-2.292296395 2.950562118 0.0
-3.292710783 1.279768718 0.0
-3.174162336 1.57724135 0.0
-3.218067955 2.131444607 0.0
-3.080933265 1.149095658 0.0
-2.814384916 3.082389007 0.0
2.21992519 5.496942785 0.0
4.252808017 7.963556073 0.0
-1.221996935 1.594443851 0.0
0.4195085908 2.012074524 0.0
0.8972285198 4.393528067 0.0
1.061521889 1.39359616 0.0
1.244657086 0.9527434965 0.0
-3.171653552 -3.182155818 0.0
-3.33638475 -1.907554961 0.0
-3.191811367 -2.482530752 0.0
-3.232039584 -1.691354902 0.0
-3.337775357 -0.911209616 0.0
-3.921019371 -0.2741646947 0.0
-4.119181115 -0.1947883209 0.0
-3.931521499 0.0943258644 0.0
-3.183623081 0.7795580857 0.0
-3.400300783 1.167780829 0.0
-2.919209598 1.52925287 0.0
-3.048727526 2.390793458 0.0
19.42632411 -0.4947071564 0.0
24.56170061 5.285183542 0.0
-5.904441781 -2.269109687 0.0
-6.457978291 -1.056963567 0.0
-4.856701566 0.5342958323 0.0
-2.982543234 2.155755498 0.0
-8.896419467 -4.967318512 0.0
-7.37515966 -1.952058812 0.0
-7.577061603 -2.275751766 0.0
19.24615884 6.981998965 0.0
-2.743658412 -1.613695282 0.0
-4.549929756 -3.924885092 0.0
-4.238419999 -1.357668956 0.0
-4.454867441 -0.7928644974 0.0
-3.331001293 -0.9357419697 0.0
-5.01243538 -0.1895612049 0.0
-6.464475638 -0.9969525891 0.0
-4.749357933 0.5799531045 0.0
-4.315239 1.112979559 0.0
-3.882959982 1.415677918 0.0
-3.681683589 0.8742836209 0.0
-3.844379179 0.3844087149 0.0
-3.566638991 0.9639070896 0.0
-3.918361978 0.1820968742 0.0
-4.273516024 -0.09153537986 0.0
-4.577554367 -0.136526986 0.0
-3.14078642 -1.96015335 0.0
-3.255370752 -1.352482916 0.0
-3.603272647 -0.8245349257 0.0
-3.548017287 1.311147167 0.0
-3.136391192 0.6349215937 0.0
2.852806023 10.48171347 0.0
-2.89823665 3.544583618 0.0
-0.02078994521 3.607474092 0.0
-2.658115002 0.3336092618 0.0
23.19462678 3.920471217 0.0
20.49011425 -1.629963762 0.0
7.200515212 -1.153735735 0.0
1.163842225 1.264094536 0.0
-3.241753747 0.8059597887 0.0
-2.921128052 1.330013835 0.0
-3.70837342 2.12209378 0.0
-2.139261053 3.070083211 0.0
-2.374186128 1.992108918 0.0
-2.945266931 -2.756891116 0.0
-3.089510357 -3.479322792 0.0
1.026946555 1.033436287 0.0
1.155362618 0.8226280635 0.0
0.7429742692 1.4517446 0.0
3.411353044 7.514394885 0.0
5.286736617 8.308642519 0.0
5.326262906 7.277112999 0.0
-3.116855386 -1.840361437 0.0
-3.444201663 -0.2067231778 0.0
-3.294964523 -0.9067986081 0.0
-3.349974305 0.3988972901 0.0
-2.901072089 1.503221834 0.0
-2.897645342 2.978666203 0.0
16.80950772 1.283923214 0.0
23.07305967 6.703629651 0.0
24.24513003 5.649934895 0.0
23.49355791 4.063350525 0.0
21.84198918 5.355536238 0.0
-7.534167715 -2.640436024 0.0
-4.1360532 0.6544929773 0.0
-2.36497532 0.7522021624 0.0
-4.647859845 0.9119202185 0.0
0.4669148451 2.083797595 0.0
4.256746526 5.133245143 0.0
-1.70018408 2.378838391 0.0
20.07657831 2.214354551 0.0
-1.170558048 -2.636200961 0.0
-3.465030568 -7.313016639 0.0
0.986436697 1.187583424 0.0
1.071941727 2.870951961 0.0
2.183646298 11.70086468 0.0
4.198135411 9.378219658 0.0
-3.337955178 -0.158646172 0.0
1.662521953 1.235874539 0.0
5.746271309 -8.072994566 0.0
-3.046774252 -5.87384831 0.0
1.755994895 1.206644881 0.0
18.12664412 1.366254809 0.0
-4.583423877 -0.09440831188 0.0
-4.47390524 -0.1344160658 0.0
-3.469322971 -0.06578053845 0.0
-4.104601394 0.526573047 0.0
-3.766969903 0.8864917943 0.0
-3.119152086 1.193700299 0.0
2.658298946 3.169287029 0.0
-2.502604183 1.46670457 0.0
-2.692407139 1.749575898 0.0
-5.014838032 -0.1180768715 0.0
-3.58248002 -1.154148598 0.0
-3.65894588 -1.797517383 0.0
18.9868213 2.85984434 0.0
-2.645591117 1.443517338 0.0
-3.45995807 0.8082207391 0.0
-3.669981634 -0.6733027698 0.0
-4.210433949 -0.3450319701 0.0
-1.964613369 1.848713014 0.0
-4.305268294 -5.619251256 0.0
0.517697805 -0.7071769685 0.0
1.856956026 0.8278529011 0.0
1.335372824 1.003252854 0.0
1.31376731 0.9144062002 0.0
1.373144715 0.8248063239 0.0
1.32940158 0.6004292067 0.0
4.863836125 6.788851604 0.0
1.172307529 1.471633736 0.0
1.329248383 0.6286691828 0.0
1.263248598 0.7193297194 0.0
0.4781204425 0.5679832656 0.0
-3.895919102 -1.65798185 0.0
-5.530668102 -1.097623483 0.0
21.2655547 4.957350324 0.0
23.14632589 1.95693926 0.0
13.24011059 3.026554529 0.0
-2.651345418 3.328202968 0.0
-3.215521544 2.784663087 0.0
-2.661301986 2.455952469 0.0
-2.965677254 1.661026226 0.0
-3.018176542 1.106068582 0.0
-2.89751005 0.7815423338 0.0
-3.068666511 -0.1599139557 0.0
-3.031948393 -1.052236586 0.0
-2.759630824 -2.569252575 0.0
-2.743635855 -3.592935416 0.0
-2.86477081 -4.205119339 0.0
-3.416735832 -5.088193586 0.0
-5.389148167 -7.364588032 0.0
-3.72247419 0.01790739795 0.0
4.23179346 1.506140954 0.0
6.920329847 6.674469297 0.0
7.700001726 5.270015337 0.0
6.740608896 3.168416203 0.0
-3.234714637 -3.936839188 0.0
1.050746964 6.469295025 0.0
-2.28535864 -0.6872382139 0.0
-1.402660091 -2.011153033 0.0
-3.446305435 0.4023088366 0.0
-3.169884768 0.5160730171 0.0
-2.922406867 0.5817135414 0.0
-4.038055396 -0.0569812465 0.0
-4.423438373 1.940958566 0.0
-3.292360927 0.8459367273 0.0
-1.411910591 3.367650332 0.0
-3.077804865 2.269469153 0.0
0.667291988 3.938812276 0.0
18.68499987 -2.325071948 0.0
17.44467921 2.705350605 0.0
1.399080894 0.5693665451 0.0
8.728033765 3.882610979 0.0
-3.552510284 -0.1638665475 0.0
-3.301098268 0.04163491975 0.0
-1.028661777 -0.7506236856 0.0
-6.383290448 -3.090556462 0.0
-6.543232017 -2.473597058 0.0
-0.8383755955 -0.7714755389 0.0
-2.816250194 -0.4713059073 0.0
24.49584763 -2.582589971 0.0
22.63350746 6.150243067 0.0
25.82611233 -6.844441919 0.0
-3.07960341 0.09469394871 0.0
-2.320433807 0.07263038297 0.0
-1.128866227 0.3505666454 0.0
-4.647571211 -0.2129248948 0.0
-5.012903452 -0.1124974832 0.0
-4.700118646 -1.37813041 0.0
-4.375742445 -0.9571463839 0.0
-4.837829595 -0.08739558244 0.0
-4.325164955 -0.2345813465 0.0
-4.507271707 -0.1736885406 0.0
-4.793552952 3.461206996 0.0
-2.171773008 2.907949127 0.0
-6.523305 2.775535019 0.0
-1.2696602 1.753694484 0.0
-2.207618993 2.591112898 0.0
-2.657029847 2.719582602 0.0
-3.326355262 2.414227932 0.0
-4.142541799 2.136558456 0.0
-3.237085363 -4.227170147 0.0
4.103756026 3.713457584 0.0
-0.09421285636 1.847297708 0.0
1.549325734 1.045777248 0.0
1.366120351 1.051095923 0.0
-2.258718519 1.137178802 0.0
0.6711222136 0.8827563568 0.0
-5.846573947 -7.679984509 0.0
-3.132214619 -4.629894569 0.0
1.210535065 0.7928697112 0.0
1.427384248 0.6257131998 0.0
1.453590284 0.3983928554 0.0
4.337340225 4.316353439 0.0
2.724104409 5.008027694 0.0
1.33906886 0.6886889099 0.0
1.455395384 0.732954816 0.0
-2.432525979 -1.400706537 0.0
-3.102917593 0.5679059105 0.0
-3.959648428 -0.1942141804 0.0
-3.094920812 3.20940652 0.0
-3.014161649 3.942310759 0.0
23.3778318 -0.4213731017 0.0
10.14565726 3.974102798 0.0
23.89315237 -3.235918433 0.0
16.05078714 3.321050633 0.0
-3.704747852 -3.516144302 0.0
-5.739225 -1.180773991 0.0
6.703008824 4.726381899 0.0
9.283660333 2.367566105 0.0
-3.069224167 0.1135196793 0.0
-2.605904619 0.7213684085 0.0
-1.946413814 0.5351424038 0.0
-1.85872611 0.6347205658 0.0
-2.748985437 0.1954966951 0.0
-6.646939011 -8.579489866 0.0
2.292706495 0.350308776 0.0
1.470771212 0.4792715207 0.0
1.398489461 0.458440712 0.0
-4.43559879 -2.590961525 0.0
6.483231407 -3.137728694 0.0
-1.991823244 -1.994421521 0.0
-2.588916452 -0.1514918172 0.0
-3.312119552 -0.3424675908 0.0
-3.92675588 -0.3539787846 0.0
-1.022451648 -0.7297379029 0.0
-2.521417574 0.2440215716 0.0
-2.246330258 -0.09495958396 0.0
-1.673069009 1.321654437 0.0
-0.1184648728 0.1282654954 0.0
12.12180058 6.54212082 0.0
24.78599339 11.80924343 0.0
24.69241704 8.700724082 0.0
15.0487217 1.995967525 0.0
25.94859875 -6.216744164 0.0
20.5934567 6.832866077 0.0
-3.388600017 -0.5282311525 0.0
-1.620650704 -0.6909669058 0.0
-0.6685682016 -1.22547122 0.0
-0.01118976518 -0.5622209126 0.0
-1.117234896 1.400951679 0.0
-2.3728928 2.807102058 0.0
-7.413585886 2.143526007 0.0
-5.494600516 2.013219597 0.0
-7.33275784 2.096658769 0.0
-6.74567061 1.896296923 0.0
-5.214642723 1.196473113 0.0
-5.018463935 -0.3422616476 0.0
-5.36310513 0.02675216732 0.0
-5.37780256 -0.251796941 0.0
-5.373005925 -0.004037007005 0.0
-5.143438072 -0.03676621538 0.0
-4.623906366 -0.3128077443 0.0
-4.010786013 -0.8797898364 0.0
-3.860121236 -0.4966016245 0.0
-3.384581615 3.136805501 0.0
-3.576713401 3.728247306 0.0
1.110531335 1.049729745 0.0
2.115088641 2.678680543 0.0
0.8972763786 1.631802455 0.0
1.101295224 1.213040798 0.0
1.134074139 1.009775177 0.0
1.352829382 1.076791411 0.0
1.474209419 0.4644290009 0.0
1.547355568 0.5973533594 0.0
1.558213475 0.6345382913 0.0
-2.198841667 -2.582579036 0.0
-4.915509749 -6.925117322 0.0
-2.436300635 -4.058604836 0.0
-2.349309911 -4.284073391 0.0
-1.679074562 -3.760374961 0.0
-2.967743964 -6.747934014 0.0
-3.057821714 -4.513135031 0.0
-2.290352883 -3.445543363 0.0
-1.357168986 -1.946065616 0.0
-2.585610948 -0.2789972068 0.0
-2.686142291 1.03602426 0.0
-3.158807261 2.328350023 0.0
-3.643879908 3.127378513 0.0
-3.564506109 3.670212646 0.0
-3.994757284 4.123301993 0.0
-4.182319939 5.017794649 0.0
-0.8372804769 2.887835014 0.0
8.92027935 3.911861275 0.0
-4.794946222 -0.8450022325 0.0
27.16809146 -8.770072027 0.0
10.7537996 1.690821786 0.0
-0.2130025204 -3.245908349 0.0
0.6940463938 -1.572979831 0.0
8.861356237 -0.3191380571 0.0
5.652664513 2.743842693 0.0
7.49579658 2.36510678 0.0
8.986602155 1.281072184 0.0
-1.434492432 -1.33721747 0.0
-0.9371893134 -1.056311336 0.0
-2.262914634 0.2324036941 0.0
-1.934317833 0.3829391687 0.0
-1.888767236 -0.06876321775 0.0
-3.801890133 0.4251697936 0.0
-2.351445572 -2.413983813 0.0
-5.749681507 2.465065242 0.0
-6.560638305 2.39235077 0.0
-3.781224281 1.101999001 0.0
-2.517972537 -1.980966948 0.0
-4.043946861 -1.528123644 0.0
-0.7085461578 -1.661133944 0.0
3.581693259 1.443190298 0.0
20.54222832 8.967736273 0.0
26.30017023 12.14722611 0.0
-2.221449318 1.567206169 0.0
-0.04105511682 -1.586489877 0.0
-5.728126466 -0.9758455251 0.0
-5.044638366 -1.006209122 0.0
-4.136936579 -0.6205699998 0.0
-4.380758829 -0.8836433954 0.0
-6.336345271 5.30088439 0.0
-7.148672652 4.024005027 0.0
-7.18765175 2.475240922 0.0
-7.055488934 1.574531159 0.0
-7.113823145 2.596075071 0.0
-5.548235359 -0.1967419041 0.0
-5.252317628 -0.4899787708 0.0
-5.643135587 -0.1926395831 0.0
-5.582911106 -0.2064549844 0.0
-5.072288755 3.912061832 0.0
-4.633868756 -0.731351109 0.0
9.5109104 0.1712562302 0.0
18.75998664 -6.512883646 0.0
26.81029958 -8.79022824 0.0
28.12298783 -8.949895635 0.0
-0.4662339841 -1.141372765 0.0
-1.629505756 0.9038749933 0.0
-0.7871502578 1.118921003 0.0
-3.470053519 -0.7630717275 0.0
-3.009995614 -0.9020833347 0.0
23.46341589 -8.041170379 0.0
9.759334015 -7.132918068 0.0
-1.861330397 0.3289301027 0.0
0.3670593934 -2.492730982 0.0
-1.572171707 -3.459782536 0.0
0.5248501226 -3.352426574 0.0
0.3533600278 -3.846971816 0.0
-0.2414247469 -4.881944262 0.0
-1.290661891 -6.338188787 0.0
-1.964472383 -0.2927735323 0.0
-0.3616635436 1.248697574 0.0
1.034742979 0.9381030567 0.0
1.514385016 0.6598651861 0.0
1.643092571 0.4651546547 0.0
1.561043372 0.4422610765 0.0
1.500351683 0.4633981971 0.0
1.494171722 0.5905183077 0.0
1.601182411 0.6889383412 0.0
1.630791753 0.9404954858 0.0
1.712944174 0.8996840095 0.0
3.555628392 2.166344222 0.0
2.071924211 0.8472217995 0.0
2.81584767 0.9515792206 0.0
-2.539633267 1.315782842 0.0
-2.329361043 1.471601983 0.0
-5.099592125 4.802598067 0.0
-4.476924666 -0.4221820358 0.0
-3.103590644 1.955249862 0.0
-6.080094679 6.578989129 0.0
9.167022167 3.379905391 0.0
-3.198443585 0.1883538485 0.0
18.92399215 5.996925177 0.0
7.507418763 0.7965132283 0.0
4.970321182 -1.846382638 0.0
2.636500568 -3.395551082 0.0
-4.012449059 -1.45614764 0.0
7.823111168 -0.8374724721 0.0
5.099489092 1.099702546 0.0
6.91456567 0.4390713228 0.0
-1.563037268 4.08244952 0.0
-4.637392221 4.855112147 0.0
-0.5998653322 -0.9445295684 0.0
-5.023874942 5.564594555 0.0
-2.889860395 2.260719783 0.0
-4.416643161 2.199249281 0.0
-5.217572897 3.810620806 0.0
-4.055302664 3.689112946 0.0
-5.315590745 -0.1757385917 0.0
-1.681155707 -1.301829577 0.0
-1.52542299 -0.6359046433 0.0
7.739651689 0.5929188631 0.0
-3.56742145 -2.316108882 0.0
6.382049472 -2.193477439 0.0
1.15593774 -1.155996721 0.0
-0.5723289953 -1.124158093 0.0
-0.364682442 -1.351140658 0.0
-0.3727335715 0.1368898743 0.0
12.62641157 5.132047447 0.0
-2.439533602 -2.615006313 0.0
18.13695327 3.777108549 0.0
28.45700637 -8.974560953 0.0
0.2663328587 1.441866888 0.0
25.56368579 10.71325933 0.0
26.77666951 11.8868468 0.0
24.57134959 11.88887199 0.0
10.4911532 7.310881171 0.0
3.807510963 -2.862202075 0.0
16.83877887 -6.461354446 0.0
-3.978100085 -0.7648943054 0.0
-6.582206553 -0.7758247142 0.0
-7.279927637 -0.04886681027 0.0
-5.674127066 0.2433553197 0.0
-6.407591451 0.3344612036 0.0
-5.707032512 0.1565474868 0.0
-0.3964186525 -1.783439218 0.0
-0.9579959521 -0.2739987387 0.0
-3.980687909 3.280817965 0.0
-6.574982392 5.410140329 0.0
-5.93435266 5.404546712 0.0
-6.522583071 4.240358002 0.0
-1.44275727 -1.64014519 0.0
-5.627275753 1.549296095 0.0
-0.825687512 -0.5500021419 0.0
-6.608130921 1.48799208 0.0
-4.665244272 3.22406004 0.0
-6.309948168 3.341537215 0.0
-5.325847847 5.151852364 0.0
-3.908163148 6.266277312 0.0
-5.437831401 1.958576627 0.0
5.949147517 -1.05568704 0.0
5.696497483 -2.191987504 0.0
4.12992664 -3.023713948 0.0
-6.123861815 -1.960793448 0.0
1.739958268 -2.190617167 0.0
6.686946248 -0.03414704614 0.0
17.59621413 0.7250234164 0.0
10.79529112 1.386486837 0.0
-3.04119722 4.013703003 0.0
-7.303694711 7.196958519 0.0
-6.474356807 5.773535804 0.0
-2.790066027 4.76146853 0.0
-5.535177633 4.726175839 0.0
-4.048367729 3.786820692 0.0
-1.671573187 -0.3138719081 0.0
-2.499252756 -0.5541609311 0.0
2.040284086 1.320627239 0.0
1.852660741 0.6450516184 0.0
1.543113386 0.8371735332 0.0
-1.504854997 1.405630292 0.0
2.839768245 -3.040837331 0.0
3.465576454 -4.07848158 0.0
3.368016253 -4.664286924 0.0
2.356513363 -5.225450549 0.0
0.5620539811 -5.27036903 0.0
-1.473142984 -3.887416877 0.0
0.4965850372 1.459474469 0.0
0.6755205445 0.8157948395 0.0
-1.211388798 0.169052751 0.0
-0.09945901874 0.5439967921 0.0
-2.980085921 -0.2827176984 0.0
-2.063570361 -1.901880813 0.0
-2.658156885 1.939394944 0.0
-1.589402846 -1.0422425 0.0
27.78941471 -9.400686615 0.0
0.2907427162 -1.685496811 0.0
28.80278329 -8.792936142 0.0
25.5955729 -8.753197125 0.0
-3.431937138 -5.964859602 0.0
-1.931925293 0.7698734796 0.0
0.5823699824 1.149923505 0.0
19.79645284 5.795035579 0.0
23.38310483 -7.927791562 0.0
-1.150843301 -1.135759459 0.0
0.2393574848 -0.8082061569 0.0
11.18925112 5.356514988 0.0
-1.104754979 0.6928777919 0.0
-1.911550242 -1.224073987 0.0
-3.494848395 -3.751500549 0.0
-3.738138824 -2.108201866 0.0
-3.727638154 -1.308138434 0.0
23.33408459 9.896596289 0.0
27.52454548 11.1146893 0.0
24.7256946 10.68145287 0.0
28.07185595 -9.154988165 0.0
12.10268426 6.864161573 0.0
-0.775469618 0.2496415881 0.0
-3.72512474 4.094178544 0.0
-6.507850004 6.619075508 0.0
-6.859863092 7.03269634 0.0
-5.608537504 -1.218370791 0.0
-8.845448887 1.748102919 0.0
-2.471138212 1.181449293 0.0
-3.968327102 1.660623406 0.0
-4.068075367 0.1395375427 0.0
-2.742844188 0.8258827433 0.0
-1.428150579 0.6690017984 0.0
-0.9992480974 0.366645592 0.0
0.3792617262 -2.426811912 0.0
1.814666476 2.250821304 0.0
-0.1694409711 -1.321318086 0.0
-10.35369058 0.4999123405 0.0
-4.570016416 -1.338209159 0.0
5.187603336 -3.558120335 0.0
-1.711359365 -0.5779475554 0.0
-1.37509128 -2.82770535 0.0
-4.139774926 3.714843438 0.0
-0.6266224602 -0.7913303914 0.0
-4.748940048 4.125996621 0.0
-1.090268348 0.4650866645 0.0
-6.769199048 5.476873692 0.0
13.32638986 -3.672758171 0.0
6.244370025 -0.5022030724 0.0
3.992087835 -2.379739769 0.0
3.993007107 -0.939025743 0.0
4.703696453 -0.0612372688 0.0
2.17738066 -0.008787434373 0.0
2.221124214 -0.12720096 0.0
1.837570488 0.3798679006 0.0
1.58741778 0.5613176819 0.0
1.678977331 0.6090822697 0.0
1.533596514 0.517532345 0.0
1.556798791 0.5140352839 0.0
1.472695956 0.5649245847 0.0
1.262266322 0.581328372 0.0
5.090906945 -4.411299798 0.0
3.541258412 -4.087373963 0.0
1.653023941 -3.21980112 0.0
-0.09687262693 -1.78332583 0.0
0.04356628676 -0.4416524986 0.0
0.3730773563 0.01025117916 0.0
1.352160895 0.5852196835 0.0
-2.053818934 -0.6347392986 0.0
-3.366702016 -3.829417522 0.0
-2.113099074 -2.898768729 0.0
-1.004915048 -0.4726803631 0.0
-5.395522172 6.68403978 0.0
1.674646507 0.4175084833 0.0
3.23731545 -2.039974215 0.0
1.123771332 0.5397058944 0.0
0.8634947041 0.347928219 0.0
1.521899132 0.4896091172 0.0
0.8330708012 0.2999680191 0.0
1.970390912 0.09664378827 0.0
5.576938595 -4.287766841 0.0
-4.369939677 3.876377377 0.0
-5.521745019 5.209683895 0.0
-7.21935715 8.017731791 0.0
-0.6376984646 -1.277856307 0.0
-3.238352034 4.273918421 0.0
-4.901612974 -2.417417617 0.0
-6.397133471 -2.679814949 0.0
-9.159308453 -2.069091222 0.0
-9.904681746 -0.8580732297 0.0
-13.45020457 2.046655741 0.0
-7.072313234 0.4732025527 0.0
-6.767931252 1.070610246 0.0
29.29906957 -9.564557965 0.0
14.41282563 -3.594009155 0.0
14.2072394 -1.383936198 0.0
26.37770324 11.05574733 0.0
-6.063288417 5.928615301 0.0
27.465092 11.34502921 0.0
3.542862733 -1.803246741 0.0
6.213926009 -3.574165289 0.0
2.273374563 -0.6320946816 0.0
2.556955547 -0.8606214733 0.0
2.979928898 -1.270061087 0.0
3.218276341 -1.583190538 0.0
3.3827262 -1.907362884 0.0
5.343627694 -1.035845235 0.0
12.63773265 -3.447585332 0.0
13.29950418 -6.64042444 0.0
2.949180027 -2.907261919 0.0
-4.763920763 2.04538211 0.0
-4.247968651 3.245887747 0.0
-5.786567164 4.578193983 0.0
-2.980044489 3.545998939 0.0
-0.8495107206 3.244138996 0.0
2.49460797 0.3857754334 0.0
-1.635577914 1.159923203 0.0
-0.6547051518 1.655394924 0.0
2.476666705 -0.373753249 0.0
2.079884973 -0.1113087215 0.0
2.154354427 -0.2798976538 0.0
-1.056387414 -1.770141963 0.0
-2.095496347 -1.712718178 0.0
1.108427414 0.4546237863 0.0
1.366639926 0.3349946284 0.0
1.469864228 0.3531410231 0.0
1.556231373 0.3177288271 0.0
1.66111063 0.2917026318 0.0
0.6616595693 -0.2363824256 0.0
1.833868115 -1.255024806 0.0
0.3883332003 -0.9975960737 0.0
-3.383998945 -0.6535033684 0.0
-0.127935847 -2.655757839 0.0
-12.91785523 -1.537999092 0.0
-13.56779232 0.3887346256 0.0
25.32041158 9.731041074 0.0
17.71704913 7.591205127 0.0
5.818105097 2.588556303 0.0
-1.065960483 2.885961858 0.0
-3.901571045 4.925335722 0.0
-6.302949321 6.954351459 0.0
-5.780947969 7.587639963 0.0
2.655595425 1.627500004 0.0
2.403323969 2.215578578 0.0
2.176929932 -0.4597233953 0.0
2.072418237 -0.757104206 0.0
1.979298348 -0.3375404458 0.0
1.532954942 0.2008831117 0.0
2.079809389 0.2540584137 0.0
1.614261676 0.1384962546 0.0
1.22687792 -0.5264403217 0.0
0.6753690279 -0.4890166033 0.0
-0.4411065725 0.2295913706 0.0
-1.084520435 0.8686397037 0.0
-0.7008020023 2.310040879 0.0
-0.8144891708 -0.2261485498 0.0
7.910073247 3.617260982 0.0
6.67220167 3.341575671 0.0
-0.9603265285 -0.2553495893 0.0
-1.6966593 -0.9960653108 0.0
-2.156021859 -1.682023625 0.0
-1.777054895 -0.9845729882 0.0
-2.51441936 0.55285959 0.0
-3.088337398 2.775651165 0.0
28.40359119 11.1790393 0.0
27.28052854 9.958251054 0.0
21.49706025 7.483418219 0.0
7.909889705 1.67357468 0.0
1.645027824 -3.911539039 0.0
1.489140705 -2.413716756 0.0
2.386718052 -1.041953206 0.0
1.429607004 0.8525183419 0.0
3.502233359 -0.3699656885 0.0
0.02232740111 -0.5124352805 0.0
11.93911218 0.3108080994 0.0
10.93346465 0.2795089002 0.0
16.82915232 -2.785035741 0.0
23.41588142 -8.070010626 0.0
28.79381718 -9.589427454 0.0
31.21302781 -10.58427297 0.0
-6.638796701 0.5399905813 0.0
-6.885899429 1.321435485 0.0
-7.35804719 1.830750716 0.0
-8.870060704 2.285610041 0.0
-11.25957174 2.966230565 0.0
-13.90659824 3.280568214 0.0
-12.18157602 2.604510385 0.0
-15.35952358 2.286406122 0.0
-14.73402229 -0.1619244782 0.0
-13.02506052 -3.414978879 0.0
-11.48690211 -5.991871246 0.0
-10.78443612 -7.449997985 0.0
-10.26638663 -7.369133073 0.0
-8.661719102 -7.642776287 0.0
-5.659043425 -3.77111741 0.0
-5.58181278 7.509003829 0.0
-6.067217632 9.038327205 0.0
-5.778783572 7.185889767 0.0
-3.170817078 3.911867612 0.0
0.08664114404 0.530878823 0.0
2.911813057 -1.082835148 0.0
4.929042607 -0.112480105 0.0
5.32771275 1.929803813 0.0
0.9084101388 2.170456875 0.0
4.454592657 2.760660553 0.0
0.9001559708 0.3720519765 0.0
1.7568291 -0.01678981206 0.0
1.649789878 0.1196434073 0.0
1.69215879 0.03085166213 0.0
2.371932124 0.2532449302 0.0
0.852939445 -0.2466405409 0.0
0.9235123857 -0.03188874172 0.0
0.7885946437 0.1397247113 0.0
0.9849353735 0.1600423598 0.0
1.091588622 0.2722623184 0.0
1.141578307 0.5286504428 0.0
1.301574468 0.2044328864 0.0
2.01989837 -0.9471725112 0.0
2.108785649 -1.086138538 0.0
3.107427675 -0.4823769875 0.0
2.32325211 -1.153251952 0.0
22.5552308 -8.788230027 0.0
3.209238907 -1.599952107 0.0
4.512201896 -1.488091601 0.0
15.78422866 -1.952070792 0.0
9.356274137 -3.389360405 0.0
10.60831343 -6.355591894 0.0
4.62599703 -4.200727212 0.0
-2.11645104 -0.2449766876 0.0
-2.270056494 2.443457364 0.0
-0.8943235671 3.220732077 0.0
1.302600853 3.138986405 0.0
4.152972237 0.3511406369 0.0
0.3500380264 0.6857216247 0.0
0.9555874437 -0.9212518673 0.0
5.185161996 -3.149317229 0.0
5.871822124 -3.260257312 0.0
5.978956366 -3.861848564 0.0
-3.375466453 -8.984604969 0.0
15.6519341 -5.934067734 0.0
3.156595805 -2.160307304 0.0
-0.2529379546 -2.244379987 0.0
0.6989624081 -7.078986104 0.0
-0.8285076921 0.8224167373 0.0
9.615473837 1.344873616 0.0
3.158358178 -0.05147370906 0.0
-3.252945466 -0.7123355508 0.0
-2.626485243 -2.713130283 0.0
29.06266234 10.27996263 0.0
-6.562464811 8.378272742 0.0
-7.318849882 11.59633566 0.0
4.157450431 -2.285733434 0.0
0.9074567572 0.4617283085 0.0
0.07223991397 0.2823309671 0.0
2.454324079 -1.402915367 0.0
25.4597591 12.40355677 0.0
24.80318636 7.97855057 0.0
3.560784091 0.1344327031 0.0
12.86663361 4.115265602 0.0
-4.862072142 0.1690469997 0.0
-4.877351344 -0.2824084272 0.0
-5.38486768 0.4926107197 0.0
-5.767678269 0.5211291859 0.0
-7.331288743 0.5534002275 0.0
-5.709328685 1.35192161 0.0
-8.743532734 -0.3263931285 0.0
-7.957241905 -3.6588154 0.0
-8.606800737 -9.364670711 0.0
-9.889497808 -13.75098361 0.0
-12.39060951 -15.02227962 0.0
-10.72098725 -14.84683365 0.0
-3.753606282 8.476779287 0.0
1.010778485 0.02907845969 0.0
1.658454863 -1.750694822 0.0
2.273940706 -3.272912276 0.0
3.877771461 -1.4447897 0.0
4.354211731 0.6683301691 0.0
2.434811427 2.289718529 0.0
3.130689701 -0.9808439356 0.0
12.19575831 -0.2207426345 0.0
15.8281994 0.216587202 0.0
17.50426958 0.4946059552 0.0
26.41329116 -8.251342607 0.0
31.09880235 -10.88408797 0.0
23.8983168 13.12576029 0.0
-6.225773633 11.44379626 0.0
1.206357389 0.1326265771 0.0
1.310940531 0.1363480325 0.0
1.354432987 0.1355279328 0.0
1.448222186 0.1287197809 0.0
1.498028664 0.1048913023 0.0
1.548690031 0.09208622927 0.0
1.570116009 0.4529078011 0.0
1.609479361 0.06516442637 0.0
1.631580979 0.01719722474 0.0
1.684607029 -0.01441196059 0.0
1.152984676 0.003157988594 0.0
1.171876978 -0.1572700326 0.0
0.9674477302 -0.4231004436 0.0
1.354588342 -0.1583840079 0.0
1.633676287 -0.3871731423 0.0
2.491974738 -0.5422852639 0.0
4.850311809 -3.25080211 0.0
1.736330835 -0.06404314053 0.0
1.79226678 -0.1759938445 0.0
3.798635678 -1.882573047 0.0
3.50102811 -2.317252127 0.0
5.823318053 -2.262632374 0.0
4.434258534 0.9206229544 0.0
-2.899954559 3.52058361 0.0
0.9879803013 2.894063558 0.0
0.3407710071 -0.7737736136 0.0
8.844113281 -4.389975981 0.0
3.670614292 -1.803345161 0.0
1.532053234 -1.145211706 0.0
4.341206558 -1.717382006 0.0
2.037336565 -0.5377270989 0.0
1.935195209 -0.657235471 0.0
2.228757278 0.5820356403 0.0
1.884871859 -0.3072696304 0.0
-0.9834192443 -0.7571154039 0.0
-1.526215581 -13.52931861 0.0
-8.516195992 1.54286268 0.0
-10.2399898 2.312174506 0.0
0.6882920605 -0.5712317667 0.0
26.40691536 -8.993340911 0.0
15.31561632 0.2356098804 0.0
19.76152908 -6.111369185 0.0
29.5417104 -9.283835223 0.0
-0.2402804196 -0.7470176856 0.0
-0.7773402345 -2.446466035 0.0
11.01397574 1.107076049 0.0
1.140887506 0.09683435273 0.0
4.613491346 -2.618322779 0.0
-6.61811523 -0.2094313069 0.0
-4.97839875 1.733723814 0.0
1.939155368 -1.161270806 0.0
2.912533068 0.1534818393 0.0
-7.38816326 0.3649433442 0.0
16.81301802 -4.472537844 0.0
10.93937507 -0.1985175573 0.0
4.498457372 -6.01168874 0.0
-0.5658092902 0.743099676 0.0
-10.31301087 -4.228815781 0.0
2.451984437 0.1346937799 0.0
-6.493691103 2.132039289 0.0
2.552534422 0.7040579543 0.0
-8.650064551 2.120581578 0.0
2.453939955 1.889163805 0.0
1.931497851 -5.118939274 0.0
-8.819382515 -4.228185035 0.0
29.97825116 -9.941979826 0.0
-7.331881524 -3.777629859 0.0
-3.443218682 -2.281456045 0.0
1.37656683 0.04420877892 0.0
1.351589312 0.007410720645 0.0
1.431869841 0.5057274012 0.0
1.411735444 0.07920163577 0.0
1.475919872 0.07648426934 0.0
1.520845957 0.04114358067 0.0
1.556682055 0.03509334247 0.0
1.417697707 0.2495466921 0.0
1.430369922 0.0312319662 0.0
1.448785215 -0.03775060487 0.0
1.268424262 0.01655111336 0.0
1.315739767 0.01807344647 0.0
1.309562154 0.5462244753 0.0
1.467552743 0.2027898479 0.0
1.248331355 0.07497974204 0.0
1.296141613 0.09594285117 0.0
1.593267763 0.1579082883 0.0
1.58302457 -0.01733329511 0.0
1.606361017 -0.09253770566 0.0
-4.342707027 -6.927540725 0.0
1.614266523 -0.1279279264 0.0
1.672918539 -0.2308441155 0.0
2.243952984 -0.8129219889 0.0
1.95013344 -1.424551798 0.0
5.17286496 -1.47264169 0.0
4.651428304 -2.696241001 0.0
4.012135885 1.155891078 0.0
2.779265394 3.005116597 0.0
5.3503661 -2.356756244 0.0
1.781210712 2.333857345 0.0
0.236819704 1.932149669 0.0
1.874134968 -0.2617196418 0.0
5.609253162 -2.896346638 0.0
8.416098735 -1.665210494 0.0
7.008047949 -2.583954369 0.0
3.101832547 -1.618366524 0.0
2.450891305 -1.457927083 0.0
1.202531719 -1.14486281 0.0
1.65844197 -0.9951154009 0.0
1.921384495 -0.4960362649 0.0
1.729423438 -0.6530217554 0.0
3.011168385 0.1397821941 0.0
1.707209625 -0.2996379023 0.0
1.780382538 -0.9076987743 0.0
26.26683962 -13.00100164 0.0
20.21861215 -13.18928856 0.0
3.64421554 -8.44769005 0.0
20.11029811 12.910522 0.0
-2.389908177 1.574113172 0.0
-3.181584728 9.105828597 0.0
-1.698191283 3.536925141 0.0
-1.848099962 1.05792213 0.0
-12.25211835 -16.91811857 0.0
0.8437433257 -9.425239928 0.0
17.03362157 3.419661604 0.0
31.007495 15.18826525 0.0
3.599985459 -4.24467854 0.0
5.999444632 -2.098511872 0.0
11.91636246 -5.923264101 0.0
-3.00188295 4.140633637 0.0
31.25814503 16.60801871 0.0
17.73839541 6.139946859 0.0
17.96905326 13.99486174 0.0
31.60242164 -14.18254447 0.0
24.64391751 -16.54882543 0.0
0.4569142465 -11.3863398 0.0
-12.4797054 15.56728395 0.0
-14.13019632 13.18374417 0.0
-11.22490366 11.64295859 0.0
-4.894189976 12.02397393 0.0
-1.850630141 -3.421190534 0.0
1.172258606 3.870671243 0.0
-0.6458325008 6.398816536 0.0
2.107176905 2.605649822 0.0
2.61335618 -0.01846766456 0.0
2.834556931 -2.360625475 0.0
2.747830115 -1.424328262 0.0
2.626675284 -0.2406962658 0.0
2.629359514 0.5223492952 0.0
1.516010003 1.497926703 0.0
0.7499958069 1.37080721 0.0
-1.775972134 0.7347975756 0.0
-2.818922389 -1.031673212 0.0
-5.079143595 -0.2155255356 0.0
-6.801338826 -0.1486675386 0.0
-6.48884526 5.16840263 0.0
-10.25374887 4.112189928 0.0
-9.559753252 6.179994125 0.0
-7.262918427 2.603796319 0.0
-7.738426005 -0.07262687873 0.0
-8.260626846 -4.560221615 0.0
-9.253432818 -5.157646179 0.0
-5.468771937 0.01785847754 0.0
-5.347807394 -6.516559545 0.0
-7.406848395 -5.390126454 0.0
-1.025889003 -7.607528729 0.0
-1.783819792 -2.51143845 0.0
-12.42177106 -12.90525079 0.0
-11.83689028 -16.49472489 0.0
-12.59530532 -20.41035082 0.0
-4.393218745 -17.56897094 0.0
4.758366267 0.3259648052 0.0
3.791221593 3.171174987 0.0
-11.79170948 -3.139524002 0.0
-2.492663399 -6.987216012 0.0
-4.213956237 -5.793586166 0.0
-2.597917224 -4.01663654 0.0
1.081525704 -2.032832561 0.0
0.7768292158 4.446251439 0.0
31.10912068 -10.76196436 0.0
22.13010903 -5.137739202 0.0
10.82271403 0.2617284518 0.0
10.77780036 -0.3945486995 0.0
8.23608042 -0.4815961817 0.0
18.57577832 1.186668937 0.0
14.63418247 -0.5012754075 0.0
17.59067397 -0.5876908627 0.0
3.608579937 -0.7893982352 0.0
4.905731646 2.164214755 0.0
4.349591384 -1.553048827 0.0
23.77716078 3.75463086 0.0
29.70882492 12.26602174 0.0
16.70127348 3.900169202 0.0
12.53026135 3.682455592 0.0
13.02922095 -0.6621132664 0.0
6.879494522 -5.274417506 0.0
1.941163287 -2.794038175 0.0
-5.85418105 -0.4582320941 0.0
3.747921201 0.7256139824 0.0
-5.958465064 2.842076977 0.0
-6.432009002 1.336168142 0.0
5.857118235 0.9018232481 0.0
3.87173752 -4.349466092 0.0
9.598209434 -1.608571853 0.0
4.240954051 -2.185896795 0.0
-6.120878868 -0.347012915 0.0
5.986978969 -3.33117866 0.0
-4.568160603 -1.556750444 0.0
-0.6239526909 -2.014356652 0.0
1.817946371 1.301027857 0.0
1.548489222 1.575478168 0.0
1.336603899 -0.8480695136 0.0
1.585452001 -0.8672671104 0.0
0.8307196685 -1.053562565 0.0
1.111841216 -0.703836226 0.0
2.95021329 -0.6201651997 0.0
2.768074852 0.5699667498 0.0
5.88940882 -1.244432804 0.0
6.191761487 0.7537289739 0.0
1.768707355 -0.4957123791 0.0
1.549404744 -0.3990343341 0.0
3.033581979 1.09406856 0.0
2.999835901 0.1044438027 0.0
4.120699837 -0.6695829289 0.0
2.235100807 -0.5556591248 0.0
3.101121547 -1.67589285 0.0
1.356851231 -0.8683993778 0.0
1.093066426 -0.2597592906 0.0
1.248714098 -0.4669809513 0.0
1.258822848 0.3289788281 0.0
1.590136157 0.2613864856 0.0
1.346709373 0.3824664391 0.0
1.421733945 0.172674283 0.0
1.135240141 -0.05697833729 0.0
1.315613946 0.06382483879 0.0
1.245529316 0.0756589443 0.0
1.257727932 0.07783626408 0.0
1.492311289 -0.04027453581 0.0
1.401163488 0.05131335787 0.0
1.368786058 0.08805203855 0.0
1.256491746 0.06039476303 0.0
1.308147303 0.06775674629 0.0
1.760552092 0.215999788 0.0
-1.756724841 6.042715829 0.0
3.95192681 -1.315193111 0.0
2.326788769 0.1861925192 0.0
-7.179688018 -20.56040033 0.0
-0.8993636007 -11.91282593 0.0
5.523405511 -8.476863045 0.0
-3.548159408 -14.7261055 0.0
-11.58839854 -19.90080315 0.0
17.43112283 -4.257096681 0.0
19.89746531 -3.034302483 0.0
24.4461999 -2.047612543 0.0
7.16981211 -2.049003404 0.0
9.065254755 0.8738374423 0.0
8.87441446 1.699378104 0.0
4.811110203 -2.423531404 0.0
3.416917967 -0.4906390316 0.0
-1.42549247 -2.833174528 0.0
-1.385129391 -3.063198481 0.0
20.40044712 5.622413913 0.0
16.82052332 -15.82156576 0.0
18.5607577 -11.73393215 0.0
-10.66140191 1.470071254 0.0
-10.32189537 7.472276635 0.0
-0.3448836036 2.900608842 0.0
-0.5101261297 -14.24536385 0.0
0.1699613766 -0.5362634181 0.0
3.541310906 2.90974148 0.0
5.09350287 -0.6886790175 0.0
4.300361478 -0.4198731534 0.0
3.471803429 -0.8490161637 0.0
3.766525778 -0.3864081643 0.0
1.483294219 1.05844558 0.0
0.462948891 1.084670419 0.0
3.524976871 4.585280675 0.0
1.588412718 0.9051276256 0.0
2.923356686 2.60495493 0.0
-1.483848923 -2.658890685 0.0
-1.157944308 -2.551519044 0.0
-0.8262173571 -0.2985288364 0.0
-4.911667992 2.618335054 0.0
-4.872470095 4.150751232 0.0
-3.413970585 0.6949626244 0.0
-1.768224935 -3.075906386 0.0
-4.382639601 -9.127229943 0.0
-4.201876633 -9.093072679 0.0
0.553952591 -12.65132357 0.0
7.362342852 -6.004065045 0.0
6.802989292 -2.882890226 0.0
4.418754705 -2.611000227 0.0
-1.066088607 -5.361719848 0.0
-2.610437843 -2.710454679 0.0
-1.006508552 0.1913798611 0.0
-1.908384501 14.12740793 0.0
0.3140283808 7.015901553 0.0
-0.7657358238 2.030404062 0.0
-0.502298065 -3.195382905 0.0
-6.81292662 -8.991282999 0.0
-11.1608129 -7.372829228 0.0
-8.130349849 0.1136402675 0.0
0.3279870513 0.7820282329 0.0
1.340023477 16.08863125 0.0
3.744737961 4.217697893 0.0
2.665453469 -1.689992852 0.0
5.440944876 -3.051898869 0.0
5.508916798 -3.497869213 0.0
5.092301297 -2.4231134 0.0
3.163145453 -0.5322726137 0.0
-3.471141018 -14.09725001 0.0
-5.684838458 -18.32997819 0.0
-6.452347319 -12.47548181 0.0
-6.279595787 -10.96189598 0.0
-4.761082435 -6.777549751 0.0
31.02212474 -14.03222487 0.0
31.49443773 -8.656691232 0.0
18.66397346 -10.10932237 0.0
10.53458187 -0.49735756 0.0
6.010547074 3.828748807 0.0
7.725373847 2.038061978 0.0
0.7342076917 4.311416453 0.0
19.00785106 0.7375960059 0.0
12.07492368 -0.9723335162 0.0
18.16503742 -0.4434043304 0.0
0.1103080922 0.5347936531 0.0
7.745688822 -4.650836326 0.0
8.359093383 -5.799260359 0.0
18.33839487 12.91322191 0.0
21.9508998 9.699400877 0.0
29.19315743 9.616918837 0.0
29.62275119 7.016695943 0.0
21.90308644 2.110173526 0.0
-0.1228267342 1.490693005 0.0
12.8650135 4.445969428 0.0
5.143817391 -3.930789801 0.0
0.5077469224 -5.368023432 0.0
0.03915261875 -1.316299145 0.0
-11.02895877 0.543516183 0.0
-10.44366304 2.104071351 0.0
-15.80925179 2.864996767 0.0
-6.894601921 2.886923134 0.0
2.674447232 -0.4706117066 0.0
-3.978989122 -2.917785508 0.0
-13.74912428 -1.720041584 0.0
-8.284152835 2.279426058 0.0
-8.880793208 2.579305175 0.0
3.104209924 2.347006109 0.0
2.080338314 0.3263487088 0.0
1.821673507 0.0902641611 0.0
1.253926851 0.2261456379 0.0
1.373798316 0.3317894405 0.0
1.198811319 -0.1795309736 0.0
1.806694819 0.7841015715 0.0
2.346552946 1.637333993 0.0
6.03045099 -1.078834945 0.0
1.598312992 1.102784564 0.0
8.70252489 0.9012501629 0.0
2.207880153 0.8662083646 0.0
5.977216989 0.9140199902 0.0
1.728291381 -1.487248587 0.0
1.474601498 -0.7101587195 0.0
1.590251206 -0.2132693148 0.0
1.446372303 -0.1821032136 0.0
1.60058529 -0.2516213579 0.0
1.567721233 -0.08992244841 0.0
1.88429468 -0.1893470687 0.0
1.313511112 0.00162726155 0.0
1.484045895 -2.564750805 0.0
-3.08484791 3.678608021 0.0
16.14497627 -3.930204702 0.0
3.844519052 -0.9552082459 0.0
18.48140031 0.9713817697 0.0
1.171396466 2.402756942 0.0
6.048000979 0.2794542082 0.0
3.77148449 0.4128771575 0.0
1.255957243 -0.338422823 0.0
1.221253739 -0.7770399598 0.0
29.06823053 7.841586541 0.0
1.503773427 -0.3449229695 0.0
1.197747009 0.4539154597 0.0
1.46336923 0.4285163262 0.0
1.015048873 0.398142471 0.0
1.319112832 0.208546752 0.0
1.334302493 0.1324237327 0.0
1.318094848 0.06569411873 0.0
1.603986908 -0.4378294821 0.0
1.388155354 -0.1014655973 0.0
1.367917373 -0.06838582384 0.0
1.325766486 -0.03262022693 0.0
1.282227985 0.02957009358 0.0
15.17887297 -18.07330949 0.0
-4.800104316 8.768409742 0.0
16.21389272 15.66803994 0.0
-16.1398351 1.244288401 0.0
-17.2511057 0.4615748645 0.0
-20.2627172 -0.7882714945 0.0
-13.74368388 -0.286898495 0.0
-21.72615833 -0.535301125 0.0
-10.97249724 2.806543621 0.0
-2.534590767 -2.520089909 0.0
-22.06600857 0.1774381671 0.0
-21.82083473 -0.1326488874 0.0
-6.23447158 3.633828815 0.0
-4.766792602 -0.02964751364 0.0
-5.939529884 -3.774553089 0.0
-21.73958687 -0.3370605754 0.0
-16.44394369 -2.14093264 0.0
-21.38396727 -0.1965343966 0.0
-11.09881483 2.366297272 0.0
-10.87011361 -1.778616609 0.0
-21.6018328 0.1186898968 0.0
0.3831892351 -2.461982967 0.0
-8.118779701 -0.2963505567 0.0
16.90646106 -14.31971318 0.0
31.7028311 -6.895907325 0.0
17.93613297 -1.152421403 0.0
-11.85528672 2.681849937 0.0
19.76956212 -2.851443922 0.0
-21.50858047 -0.2076726098 0.0
6.079842908 -1.050295779 0.0
-11.45021126 2.379080562 0.0
-11.79859615 -1.879185515 0.0
-21.76359274 -0.06835943206 0.0
3.204846814 -3.780760437 0.0
-3.719415821 -11.89949705 0.0
-3.010349948 -16.68826074 0.0
-10.1283118 15.49894387 0.0
-2.535965804 -15.35190973 0.0
-0.4046412014 -19.1718289 0.0
-0.9382531482 -16.71226015 0.0
0.9551991099 -21.48374512 0.0
1.967595564 -10.29890075 0.0
3.901505814 -7.310144772 0.0
0.9139033552 -21.70483385 0.0
1.517379504 -8.867049941 0.0
3.173032051 -5.920514831 0.0
0.2874743962 -9.271781507 0.0
3.955427211 -10.40903262 0.0
0.4036010877 -21.42285861 0.0
0.7725925151 -12.85398243 0.0
1.472021507 -20.5884675 0.0
0.7478029141 -11.07122717 0.0
0.4300309944 -21.72393658 0.0
-0.590240006 -10.0925999 0.0
0.588396877 -21.84825778 0.0
0.9041553688 13.59385516 0.0
0.3171707269 21.48540442 0.0
4.181916396 9.545686541 0.0
0.9462102387 9.10927454 0.0
-6.522847433 1.756951319 0.0
-3.675902029 15.63555026 0.0
-0.0302972487 19.39721335 0.0
0.9454776712 17.04905356 0.0
7.355544878 -9.125322015 0.0
5.169788367 -7.707000026 0.0
1.265290718 21.30820066 0.0
8.130299491 -8.865112838 0.0
6.316250643 -1.717211189 0.0
0.9544230469 8.905426349 0.0
2.946979188 5.175728617 0.0
0.4140036202 21.75470174 0.0
0.6148953375 21.54666893 0.0
0.7783209799 3.325955804 0.0
-2.865773059 4.761680232 0.0
0.8237821424 3.594085378 0.0
0.6912656838 21.79514039 0.0
2.963787337 5.441160971 0.0
1.086135367 8.38387705 0.0
-2.166227421 0.2231107172 0.0
0.8086056452 21.8843086 0.0
5.392145035 -0.4585504703 0.0
1.66695022 0.6698077593 0.0
1.372790344 0.7276263606 0.0
1.64495591 0.5342520528 0.0
4.181311398 -0.4808210728 0.0
1.823516326 -0.1236256212 0.0
1.48179353 0.2983448484 0.0
1.262510937 0.1679048957 0.0
1.183912564 0.1254663396 0.0
1.203197623 0.1714941252 0.0
1.190028166 -0.02623271548 0.0
1.21023328 0.08721046129 0.0
1.33529171 -0.2529920586 0.0
1.415053059 -0.5743110857 0.0
3.475190762 -11.23895961 0.0
-0.2147357996 18.1186274 0.0
1.379968552 21.60970041 0.0
-2.242303247 12.27389255 0.0
2.702717451 -9.803867012 0.0
5.01421501 -3.483584076 0.0
-17.33444173 2.336998016 0.0
-21.62944656 0.1652150336 0.0
-15.84042908 -1.428827793 0.0
-13.79336217 -1.480370025 0.0
9.014804373 -11.29524004 0.0
16.34061297 -4.313161545 0.0
-21.84315293 0.04881940209 0.0
-12.42890775 -3.42500148 0.0
-10.78350193 0.8072657017 0.0
1.289278359 21.52526515 0.0
0.8676838333 15.31927013 0.0
1.262093139 21.25830542 0.0
0.5863404125 12.94022161 0.0
0.8086191882 8.535535123 0.0
0.9589999259 14.54010116 0.0
3.966728417 6.623826322 0.0
4.240872096 9.47378893 0.0
0.736867409 22.13914737 0.0
-9.866086607 -1.192677844 0.0
0.7928781208 -21.69147909 0.0
1.193141098 0.06646861212 0.0
1.220515582 -0.01004657807 0.0
1.217859115 -0.06488054528 0.0
1.25719451 -0.09904891788 0.0
4.996329403 3.339998165 0.0
7.55356332 -0.3897267127 0.0
1.731489304 -5.845955603 0.0
-16.22194873 2.318925928 0.0
-21.3013274 0.2697287031 0.0
1.280078002 -0.1559196946 0.0
1.312346284 -0.2152860208 0.0
-11.99173398 3.256171964 0.0
-14.53992572 -0.4021848644 0.0
-0.80226734 0.07997011532 0.0
1.521157755 4.875492294 0.0
-1.399039379 -2.990315488 0.0
-9.2872431 13.4350852 0.0
28.01648372 11.11175939 0.0
8.880432871 10.01531215 0.0
</DataArray>
<DataArray type="Float64" Name="pressure" format="ascii">
3029.798521
3375.334351
3770.093236
3467.416522
3495.154865
3516.63452
3323.098171
3488.369061
3540.616263
2849.704459
3514.006005
2895.358057
2929.879637
3210.653919
3406.376373
3103.985854
3447.783231
5682.370298
9379.644076
3555.471361
9111.567916
9375.778517
2944.142589
3172.746821
3248.995015
3199.552013
3015.328435
3148.660772
3052.838836
3328.787717
3313.741727
3562.592573
3418.612152
3155.191508
3471.720127
3214.714107
3523.540694
2763.211379
2888.90817
2978.034973
3119.378107
3670.331534
3671.720082
3721.621498
3779.067553
3322.977557
3391.472525
3161.916691
3542.528263
2984.773077
2876.562635
3583.276467
3289.598087
3045.431441
3398.088323
3426.167297
3476.689551
3242.701913
3464.980325
3112.761245
3018.674754
3266.950307
2833.357266
3379.042282
3467.194533
3501.342073
6121.440205
3242.199168
3695.761228
3687.281798
3728.153946
3304.202802
3304.668801
3526.663412
3165.413237
3230.643308
3167.815747
3329.85969
6024.143745
3303.664149
3125.202161
9518.388582
5934.200197
10192.686
9373.272384
9932.249288
3415.081907
10745.89397
8441.61554
10483.21091
9872.706001
7996.304604
9973.564259
8940.257101
6502.100383
10219.18438
7781.359635
4572.852247
3188.385179
3136.335833
3240.662215
3393.070171
3236.225277
3129.079765
3078.80576
5390.130876
8767.868818
5092.601323
3495.262589
3095.627667
3280.125162
2819.922448
3659.265907
3798.980568
3728.228978
3467.980273
3455.59001
3236.258648
10968.94506
10620.96796
6846.508041
3284.976478
7360.854048
10219.11909
6019.591938
8983.744634
6111.536092
4331.393938
3408.38359
2939.413727
2707.510932
3120.227768
3636.337409
3203.485947
3086.197516
3242.959093
3148.467794
3300.668952
3047.979888
3368.271537
3239.354667
4808.537312
3060.870606
3194.579731
3463.688486
3402.275617
3485.463903
3273.135211
3426.372132
3266.333758
2846.668018
3380.577023
6383.683742
9824.160768
3675.569498
3670.086676
3535.455722
3552.644993
3614.783558
3268.121937
3728.229871
3623.209394
3802.658872
3323.298802
3238.738669
3151.839034
3524.376476
3208.75366
3466.136712
3359.75873
6168.962509
3446.811667
3115.468563
4211.726649
4011.34745
3388.948428
7448.377989
9403.626147
3040.537611
3030.652077
11325.17184
10549.58443
7924.425068
5793.477846
8473.288316
9776.139074
8509.695458
9949.524737
7904.449434
4202.434509
3103.441817
4766.790281
3223.368244
3069.437639
3629.792685
3118.056435
3415.938791
3110.878893
3075.554936
3764.478764
3651.068776
3401.287393
3409.633175
11292.37728
10340.55666
7335.614265
3562.025821
6186.197823
3000.725977
3118.118495
3694.318556
3619.62468
3168.15692
3482.025749
3093.097755
3031.473568
2773.39099
3090.991278
3053.957657
3699.408314
3041.956234
3029.766047
3263.166512
3204.180784
3312.902142
3295.212672
3018.840799
2955.410281
3369.813403
3477.964458
3301.684698
3415.79513
3215.94067
4057.753113
3557.73782
3466.886974
3683.943406
3164.576391
3559.461736
6499.771861
9991.31078
11641.31764
3492.940082
3801.669471
3452.520551
3142.720373
3522.614511
3266.76058
3327.272315
3361.800148
3102.937042
8164.483756
4866.449709
3444.731828
3605.882558
3595.481914
3446.336078
3141.79848
9705.477156
2993.196133
4688.028
2842.001621
3286.795027
8188.05235
3438.144513
6877.36406
4812.338676
3086.418608
9356.579322
8847.258779
9530.613804
8485.302384
2930.174749
3777.479629
3309.682455
3310.222015
3245.163981
3333.322003
3537.716548
3571.822566
2906.850346
10877.52438
3578.844465
3555.314905
5442.465235
7911.296552
3037.378239
3025.908201
2963.036494
2976.149948
2837.291999
3168.87704
2868.909329
3153.692432
2924.740961
2832.601722
2960.132309
3739.648951
2849.280346
2996.474794
3505.153234
3069.411477
3352.73154
3466.642324
3208.59084
3009.620072
3118.507097
3336.318193
3803.029122
3630.11635
3516.935443
3328.136657
3624.286852
3635.282783
3598.328746
3173.019846
2871.439626
3661.824024
3636.22858
3606.288971
3452.147937
3255.32564
3412.003781
3374.970977
3095.211608
3703.255632
3909.910898
4398.157909
3096.770609
6947.66403
10328.30017
11809.34003
11208.7023
4765.535945
3420.148358
3244.523966
3804.087041
3529.848676
3485.512105
3376.20349
3091.824515
3287.686674
5122.565105
6515.491635
12004.0831
11679.79562
11321.1472
6449.83175
8551.788696
3775.408612
6014.834084
6188.577158
10908.62013
4696.481906
3096.217394
3312.637672
3361.672836
3443.468695
3693.988505
3641.190553
3054.355521
7458.081802
4016.706384
3778.49613
9126.03746
7362.19272
3895.047414
9207.808622
7524.149107
3514.575473
3665.473039
3610.012988
3709.781731
3676.687065
4770.166851
3423.317183
3269.58141
3299.978451
3155.721144
3216.414396
2848.387615
3107.277556
3229.747321
3708.753288
7370.218204
10712.82272
12106.68761
11582.66043
5250.520369
3418.108338
3314.324064
3442.254417
3530.853007
2768.807226
3400.394023
3062.663877
3039.105998
3764.05279
3799.308715
3193.400449
3726.080094
3626.889683
3866.391073
3589.240636
3049.793835
3862.046288
2852.871743
3140.868622
2740.12539
2808.736786
3753.930297
2645.383282
3745.077796
2887.813049
3672.77032
3763.675317
4601.88122
3488.684128
3357.891181
6724.510569
12305.28806
10395.62507
11569.14422
8352.853518
3773.137804
3254.772605
3980.089082
3869.769115
4079.369518
3951.309894
6082.588453
3680.156626
3236.743413
3610.255536
2210.711808
3336.971563
3587.999798
3101.716085
3068.193004
3660.688577
3731.128521
3098.918765
3576.089146
3033.069013
4675.638228
6645.048764
3993.063805
3530.145893
7967.569791
2950.998283
2929.153304
8654.519877
8395.129687
8738.882448
7035.330369
3328.660092
3491.444783
3692.561982
3370.281787
10630.36791
3437.05329
3815.78258
3301.518198
3329.898807
3000.2965
8932.403724
3509.937538
3591.781546
3508.289636
2545.203202
4018.121896
2583.495642
4011.369644
3410.569193
4066.758478
3918.939018
3023.154638
3734.30228
3532.824917
3169.009918
3292.800689
3304.974827
11775.6877
8599.280831
3527.97466
3618.112752
3725.572358
3440.941368
3426.901255
2704.464719
2642.073553
3740.45176
2469.42522
3049.675771
3964.811396
2748.558116
3308.756643
3710.081597
2974.375256
3141.733209
3644.255163
3839.971836
6084.581602
3087.670751
3336.102681
3227.344976
3368.094459
7448.297429
2986.229817
11031.45656
12452.50512
11858.80407
9241.665514
5456.413276
2858.839173
2696.984573
2964.215234
2979.546275
2991.097016
3129.524433
3777.93902
3844.037841
3119.41996
3487.902439
3485.169556
3709.94065
3225.6154
3796.561198
3005.388491
2681.509399
3942.653022
3166.335993
2244.774803
3731.033487
3989.142734
3327.453966
3793.544872
3175.006921
3798.781347
3081.013577
3803.866774
3060.785534
4616.547667
4078.644107
8607.314166
4384.275943
6660.1916
3030.318237
3074.300718
3901.083961
3114.460635
8221.222086
8304.299276
3137.600829
3263.747733
8704.040729
8160.573313
3058.251882
3793.047889
3349.922231
3677.156283
3210.945641
5074.896835
3442.121834
3654.225554
3636.030598
3502.214525
3790.247764
3861.046254
2791.186196
8490.187892
2992.572593
3693.64667
3387.043585
3559.730657
2654.221582
4009.943425
4121.030162
6935.999549
3476.342097
3491.11167
4476.038152
7195.089487
6865.242416
12479.23568
3857.671546
3990.855031
3153.30735
4041.411517
2836.657368
2579.3029
2695.041144
3494.503757
3671.921848
2922.542956
2496.336837
3733.189314
2323.519446
3129.420705
4085.489788
2621.62931
3318.166725
2890.293925
3277.875795
3994.825441
4053.241661
3090.438338
3558.047545
3899.270261
3635.94106
3716.778654
3741.552219
4733.319377
7762.621889
12682.14277
12050.255
9405.464126
5693.914286
3197.439082
3731.868238
3920.773239
3266.69188
3259.61171
3756.667993
3663.075485
3806.104863
3012.189958
2564.314404
4102.505991
3271.887712
2285.737458
2212.747818
3434.462383
3065.816092
3064.823594
2936.283894
2881.512857
3640.248831
3663.569122
3732.980955
7043.797864
4078.360949
3913.634657
2961.343599
3331.637773
4070.839478
6102.950796
7979.83467
2993.163436
2420.586099
2299.600825
2700.18485
3390.442598
4885.396515
4052.062769
3882.998906
3026.43698
3212.63689
3259.417286
6640.612144
3677.314289
4722.026897
6012.249079
3454.351142
3690.50671
8181.123409
6154.744922
7895.983024
8028.879059
3487.723575
3310.314729
10643.83589
12474.17655
10728.02228
12057.26336
6892.918367
5365.707851
2854.808631
2797.622462
8831.149712
3508.628093
3793.210248
3845.847111
2956.548343
3920.583464
4060.659743
3564.927468
3310.041312
2911.977834
2527.02295
3655.221014
3721.212541
3664.69132
3579.738074
3607.974819
3575.184143
3687.368673
2737.536623
3970.38407
3945.46903
4751.45596
5692.279827
3541.703838
3838.811798
3379.150951
8851.501358
10694.76085
12289.40936
13754.55753
14185.28666
12520.31408
9371.933626
5529.097991
3369.079809
3073.625467
3133.631114
3155.677407
3051.754645
2906.195503
2773.001206
2672.255714
2597.780593
2555.855743
2535.274703
3571.222726
8406.985729
12608.4674
9833.558166
5797.729676
3140.303993
3341.297919
3792.997423
3439.68724
3861.448616
4037.762657
4035.735495
4051.000906
3820.471384
3343.644079
2432.471486
3553.206011
3298.346924
4113.042206
2610.399027
3435.884793
3785.602537
2985.190633
3491.649931
3946.266179
3618.631915
3373.761453
3757.907327
3907.711713
3495.890772
3901.711162
2704.875097
3613.336022
3930.151811
3510.771075
3550.868151
3775.998464
3242.490821
2600.366197
4102.752333
2386.777507
3677.071078
3931.337574
5761.856348
3601.13571
3540.350047
3829.944367
3869.596094
2700.108622
3066.747091
4022.398304
3924.490776
3388.772573
3542.657681
3656.570536
3758.734371
3989.213992
6010.326866
8059.313565
7695.097239
8085.204538
3997.958571
4043.805868
4508.050047
7860.328895
5815.388427
3537.037431
4022.343327
3368.367961
11210.45878
4265.008411
4043.195621
2873.682003
3970.114919
9814.906449
11400.95972
13188.50098
4030.571243
3255.205333
3033.57295
2821.645341
4508.793508
4028.843265
3858.496269
3264.234409
3353.025693
2955.219055
4045.192652
4049.944316
3578.733479
2658.911933
3620.348324
3913.920411
3687.894565
3584.660095
2364.769834
3970.717831
3803.230745
2615.238612
3737.113086
2907.929448
3632.34207
3737.961416
3743.789963
3685.820102
3852.178602
3891.489728
3503.263315
6246.226186
3773.742075
3764.082628
3494.605314
2609.482407
4209.260563
4268.155956
3554.796814
3699.408034
3207.03625
3871.435457
3711.693083
3602.103855
3098.006201
2988.65561
6000.804208
14285.71356
14285.71273
3759.804664
3764.719755
4139.164609
14285.71286
3908.147313
4105.450759
3750.057016
3584.040102
3510.650686
2402.242386
2338.531305
3662.232402
3990.39381
2505.135802
3648.130198
2454.27145
3165.157571
3159.310242
2857.335103
3096.587604
3176.796276
3224.52873
2605.093668
3017.453176
3635.375239
3761.575463
3992.510913
3466.119946
3685.52304
3349.304997
3749.771698
3663.065783
3400.373885
3363.424868
3427.670362
3454.206115
3519.286582
3778.557928
4774.038969
4905.25498
6453.144325
3774.384133
3502.91954
3783.625991
3969.549992
3861.879662
3994.352807
4165.29233
4811.969655
7619.12926
6972.937709
3671.004739
3679.929964
3669.604871
5671.533206
6845.790312
4037.896141
3343.938636
4031.413141
3239.169142
4200.391809
4080.098769
3837.596588
3768.898505
3753.114067
3870.077335
3747.818725
6818.60067
7491.879706
3566.181685
2549.593927
4596.687543
2562.940652
4116.65195
3691.289406
3294.901711
3789.261919
2542.134445
14285.71385
14285.71288
11912.46165
3882.133576
3679.761154
3712.988954
3420.777187
3403.40095
3427.771049
3287.630531
3436.870601
3455.797742
3601.716666
3491.627619
3714.653493
11415.89813
13848.11075
6459.516239
3959.40176
3699.344969
3465.911257
4512.533656
14285.71408
14285.71417
14285.71409
14285.71243
11326.00063
3381.019995
2473.376025
4131.218626
3195.227343
3292.107313
2756.879619
3569.603946
4007.765165
3516.987991
3573.182516
3997.297324
4040.136867
2542.171477
3526.998413
14285.71215
2619.521661
4181.51915
2916.988076
10155.01819
3739.973823
3764.189258
3641.45601
2960.364473
3515.736527
3927.63102
3786.839165
3327.189948
3038.362599
3793.785314
3734.510036
9323.342002
3172.19843
4957.690653
3495.306777
9945.938285
4417.202365
3351.426034
4052.832144
3518.258294
3634.824503
3796.804971
3541.348407
67.00525707
7.611549101
39.96335123
58.21692714
58.12738492
18.97656958
64.93909451
88.20591344
39.35203956
39.61115409
65.12659867
40.03420809
144.9576945
78.33175228
45.14425857
69.22329744
56.39524889
72.3268649
39.09887574
37.45942977
41.53166265
55.6964162
57.7537078
44.87527378
60.99589443
67.65969911
52.435028
69.53444879
62.33752891
64.82298936
42.43849874
44.86698635
52.39404872
48.16793399
68.94671921
47.30770838
50.68695169
67.36742606
34.42922925
57.36704407
55.78272505
61.22492014
59.56761083
63.65505261
45.19092667
77.89027074
62.54768061
18.56885235
30.19502129
46.46375614
47.04033964
75.82039489
55.08067251
50.64221149
63.62408962
48.7570041
50.92093263
49.08820974
44.93603272
67.11803443
44.28775386
46.9723639
58.17035202
47.64510186
102.4320305
45.41489711
54.21498032
69.65493553
66.16077251
72.56019669
67.66741592
67.20845266
48.72081906
44.85664331
175.9021356
43.14598047
67.90516189
67.89622056
56.57544614
47.2661042
69.7330115
63.37789754
43.90808333
68.42670143
61.22057351
59.5951189
37.6286226
40.66008479
33.18698364
32.16345475
69.80065953
67.15196277
40.49623268
42.1565486
44.80972458
63.7085285
45.90281742
67.52647147
38.4355326
66.56677926
57.95073673
41.55016167
69.07841092
42.40998177
70.75514743
69.96940928
56.805298
32.05071998
72.19578573
72.69910117
35.17912135
50.38801439
59.39993976
21.82582878
19.90553023
13.03657393
20.11131387
16.66805616
28.69238036
21.2826043
37.09941158
42.74493959
19.3199582
20.54698202
14.5272609
6.569443232
141.5466547
26.69138653
33.31013742
23.25070028
47.6684016
35.56209401
36.79143172
7.262253729
10.18003899
12.35497719
14.24533898
67.9938369
46.82322016
41.07117295
26.80479264
96.06148078
32.69143197
28.85541048
37.42546923
19.49587908
7.098427543
28.32707117
27.78083049
19.06537971
17.71059704
34.68757901
27.40171375
17.1933935
21.30217437
65.71130544
66.64950538
67.52494096
69.67701746
68.43193471
68.21945582
67.71705241
68.77140391
78.69668324
86.69827356
89.70133718
43.08710871
15.20076637
34.34721323
55.65715385
36.98167226
67.44866133
68.49838423
65.73271751
65.3668869
67.74284136
67.45801647
67.91140559
69.40114848
68.93067287
65.58245761
67.62734487
68.16811389
70.22899514
69.04710966
71.98634345
246.1989038
147.4673452
67.37513306
89.26213125
77.9895934
67.46709358
51.34149122
32.23698298
37.82499045
39.10078333
33.96757079
41.23850489
55.62973393
56.13458432
55.5845852
57.10375309
60.22169006
70.10754906
46.03748506
45.79862298
46.02413408
44.6031919
57.57165967
56.2244394
55.27403157
59.27271248
57.16415619
55.88671949
55.37199709
64.48850106
66.73652557
67.78736457
79.7048278
65.99239501
58.40220555
3.983420243e-08
2.257403037e-06
36.22630696
37.19570534
40.36985803
39.16182099
48.16643354
45.88589073
40.2195664
82.00507774
71.5510232
72.92158046
58.25330536
61.06664576
63.34752543
64.56120068
62.63062525
59.86956213
55.95692666
55.15025223
55.79135179
46.80563113
49.01250517
37.44532515
40.85427857
40.47674984
42.72123364
44.86085793
45.86728819
44.28972001
48.92190888
52.54327869
59.11514187
59.1362656
57.88151474
61.66376983
63.51542951
58.80473039
65.75061989
66.2205328
66.15858703
68.90401377
67.60393345
44.65881631
52.73837108
45.53368073
76.78241532
82.72560529
74.39795026
72.75636473
55.50567443
56.687871
55.23736425
54.5841046
54.42219973
57.09979686
57.63956052
59.3926953
60.01237977
64.77423855
66.74669779
70.41053135
56.18516536
47.54853113
34.06703467
31.32786647
35.46820946
37.83330865
27.44129248
35.23399838
32.8209571
28.78946188
46.11821092
41.0867716
42.59486451
45.64598515
45.37697082
43.57796245
34.3228714
41.58788618
42.91781003
44.49226749
61.54382126
60.62520604
62.02180568
60.91606723
57.86801245
54.25001204
60.56382224
62.42625616
59.665334
45.05325593
46.52336426
67.57685656
48.40395621
50.43227393
46.87785068
117.9985281
105.1567788
68.30546463
73.50846913
63.66337498
66.16606539
65.95162265
72.08878744
69.5659983
54.2494488
54.5404037
70.84706185
72.28876325
74.71622336
67.32567306
56.86585472
45.86373835
53.35485673
54.67843338
52.57724212
56.9628045
68.09296377
72.88710794
61.30330035
8.487952369
42.79792984
82.99176669
12.95913529
32.31037527
31.07708291
28.06321563
39.92221762
29.54822226
37.96325528
32.88807177
190.2735193
31.4302014
43.46438858
70.70945911
71.36735772
66.04105687
62.53262157
53.49215375
73.75608019
33.22384358
52.45794845
62.75080023
131.2888886
55.47989229
58.29998898
45.82511427
44.80226915
45.50336176
45.13978232
32.66914024
45.83783186
47.12672733
53.80413119
62.44009611
60.07360326
223.5537219
45.97948478
49.36347333
61.58160519
56.02358052
72.30665583
57.07285076
58.25788325
67.96162089
72.03914415
72.49778399
71.44121034
69.1167632
61.19063465
66.83855859
68.30327899
67.60239935
26.22570563
27.39500236
43.56930811
17.61097003
154.492912
68.05036904
68.875703
62.26341658
62.81869192
58.51388792
59.98261721
56.42802168
52.25031802
49.94462999
50.76538216
52.34281783
52.10893172
53.68673896
53.96212198
63.16441124
29.57620127
51.51145771
41.88797572
34.38574562
43.44488786
21.9064928
47.10760693
46.69168893
63.2139569
63.86719357
65.04108808
61.13556151
48.06450954
49.06285555
41.55223351
42.62724364
38.59481771
110.9702393
250.1826737
66.42681811
49.34884915
64.43438569
64.70256859
47.27450272
34.97645621
33.47901254
47.91587469
46.11055675
148.0868319
46.65294378
57.30797911
45.42038014
44.58429229
45.66249069
58.89015927
56.35286083
58.88528734
60.09201084
53.4753886
56.5863757
57.52814317
50.58636041
43.72275071
48.86718431
47.49978569
49.56129856
52.99449495
54.88530928
55.6735989
52.21719383
67.60130306
66.56935495
66.65308242
73.36305723
69.52596551
59.16144322
65.36768034
58.91650219
72.27271098
69.62082916
67.07156439
66.06264376
67.93236366
66.94402919
66.89803467
48.06828543
57.45056011
62.45543335
57.3610704
63.32052559
174.7985888
66.6555863
57.92497036
36.65362492
42.71565255
28.69466921
58.60600761
40.4131629
65.19673415
67.18160873
69.44426951
71.12169056
66.77890517
57.6240553
62.35428055
66.73334189
68.03769842
42.87557861
60.75125287
48.34764904
67.55679519
66.06984723
63.80930383
45.80044996
67.16684713
67.66680498
72.41519985
82.08249954
76.74847348
59.42867305
97.12722659
210.6812731
85.39020124
52.22831852
46.70731659
44.73944197
44.21754207
43.98824687
44.71660589
47.42585162
47.6323151
52.57106112
46.98410765
46.56419574
48.60394865
58.49292807
53.82123672
55.63229607
52.88187654
53.68839802
57.97538168
62.13099338
62.19692824
49.96068807
53.14340466
74.19860123
67.98489908
70.7636886
75.54810333
73.07314659
66.61328707
67.29808512
67.04963163
66.98174032
66.63485997
71.57677229
51.81901093
56.7967572
51.79419121
57.8508444
54.86702099
49.56569073
48.49110178
50.81088148
54.48228798
54.81178985
48.95355157
56.61112777
48.59549715
51.03774682
61.85541155
54.99044494
46.35895302
56.04662321
70.80299244
55.67714301
33.1765997
43.6650246
62.89263832
57.26783611
49.63927455
47.13709203
44.48506073
72.92868695
70.06804617
68.90326392
61.6369559
47.25121359
50.38532683
48.80520915
45.87739698
47.35966484
47.17431045
44.70609363
79.48385455
85.33972041
53.74325304
43.58885978
42.53056149
57.79532846
59.5898459
62.0221678
62.10030279
50.19477526
46.96260285
45.04584894
43.52101515
50.59983209
53.84062475
59.03364213
52.64782649
51.8111169
53.63782284
62.80611755
129.6688479
98.36336456
59.13049282
53.97702011
43.90689404
73.84049485
66.1061215
66.62738556
67.37464898
50.76488667
38.18750713
69.61381278
48.82841439
49.28095383
49.37295378
51.58849287
59.64546647
65.59237936
73.77569101
76.92476364
70.4222913
67.38585597
66.52321577
67.05926016
68.13120711
68.8880024
68.883994
68.33543932
69.72201048
67.03096863
70.36100625
68.41773189
50.48200911
45.21687436
41.07964997
61.46737818
64.8610498
37.11659466
40.2234444
57.15658491
59.12724153
93.12751781
44.55974581
61.82332537
43.64208464
54.00823381
63.8346323
58.41653571
53.09554309
46.60032763
61.32619915
54.87736834
52.74704672
51.6631431
47.42533432
45.3076217
53.57700732
46.65071191
46.62131686
33.23021045
48.28392639
55.31825026
43.95788606
44.61190899
44.92137713
68.78595288
90.04599287
46.18967023
61.95099469
61.52355295
65.07808841
78.30487542
52.47638032
32.4755581
54.27215024
54.66212493
55.19856183
64.89472435
58.15050416
54.51247237
54.81820033
53.60644331
55.67379885
43.64312905
44.02488154
43.87944387
44.29361856
44.58880627
43.65284096
47.60769596
44.05124415
46.88820088
41.78011154
40.23526828
52.66119504
45.30448512
57.34381204
46.4067891
62.70137302
63.76036353
70.12797372
37.75453468
70.9874523
87.08315306
65.1116236
30.5444334
28.43200235
30.01351718
35.88097807
39.37239448
39.081278
41.79050478
69.04632358
67.79029329
68.3658064
68.82031273
67.93187952
41.32365206
47.94782751
52.48520706
58.43995781
66.05496272
75.97962278
85.06357641
72.78021882
69.90874013
80.93817953
75.72234615
66.47108907
46.42691838
65.9409016
68.24821786
44.74420661
44.70481185
49.39448035
64.59782017
75.9434915
67.7050696
71.78922233
145.4196124
68.6357794
45.42226442
43.93927847
67.65440684
66.54496334
43.57460954
67.0514967
67.51746629
67.11109033
77.34893299
72.27440244
55.03515401
68.24545161
35.67917579
45.02010287
45.78018633
44.14836527
42.11310179
62.67468294
52.34051898
49.83851037
39.68542823
48.86642952
42.86648709
48.84225592
47.13875266
45.98706188
33.14373357
35.22059373
47.93542901
65.94394152
47.91737963
50.42034567
47.2159445
43.68792086
47.67139001
43.73073957
70.88211601
33.95333174
30.9242185
74.93719371
70.40085943
66.2033087
63.05376091
66.39313389
66.53847159
68.42629603
68.90150276
69.21314515
67.56283787
68.70496063
66.21363263
67.57972204
62.02621929
69.80249967
77.4109403
81.99500066
74.59791092
73.109756
70.46468008
44.41330932
37.38391766
49.45884001
69.31129389
52.81779297
69.08050775
69.47204
70.00832057
70.36930192
67.13166387
71.51203565
67.38152096
54.03795708
39.42983353
41.56568367
41.98582531
44.07201238
46.81978066
66.60108513
65.80865285
58.72060042
52.93191141
37.65182381
52.36139714
63.41605905
70.34316609
49.67077215
37.78474911
41.84654023
37.42607426
74.80042344
43.92610876
50.49755699
65.2226868
65.82513887
68.34826123
69.01326233
72.2833078
67.58225561
69.54471861
40.50596452
40.51661652
47.79572675
54.18308459
43.43831831
51.69475465
48.81182113
45.55941854
63.89407514
25.12618787
65.22426343
66.14318939
65.89537441
44.37828578
41.90118774
71.045881
69.41701805
69.1179994
68.68231848
68.39697185
73.96378497
73.44733071
51.39513791
42.72755691
70.15362121
46.14232742
40.12694815
60.39894113
48.89814474
33.7089646
41.70013653
41.24941977
40.11506566
45.94970599
35.55179287
36.95021496
64.99373195
66.06512038
66.48329515
68.1435141
67.46513748
67.71464143
73.63600876
74.48154269
68.84196222
66.52942374
68.34545274
69.91400703
80.99259587
60.4878992
65.44540894
46.03870552
43.97975631
40.90270977
40.96932596
43.58384663
76.64914567
64.74479074
48.46331161
35.85053804
25.83478716
25.91587509
29.77182371
28.86643863
32.69248735
28.55971369
28.61948898
32.45673436
44.57648035
68.62352618
78.72159467
56.47498866
80.14703046
80.85264457
75.30861674
62.1706401
45.21185923
31.69640231
41.85049102
26.40770297
29.84146137
38.22751815
48.92172305
53.9822022
46.40572103
47.9056565
65.90305698
46.41968664
45.42774008
40.31309903
38.82440966
40.77708231
37.90949367
34.14642754
33.06673857
39.01937437
36.27728033
70.24491644
68.04980981
67.8002843
68.06247179
66.59113574
73.38851313
72.05958317
72.36271518
71.09203829
70.36925165
70.62384573
68.80172103
66.37207386
68.50246707
65.3144431
70.01238329
35.83435377
71.58547882
66.84860316
67.1827415
69.25116541
57.36828453
60.42957165
62.37375467
63.83972569
59.24398841
56.00623647
52.13143034
41.00772284
75.63918655
59.13022952
56.61980935
56.45725696
56.22208538
54.2365227
71.04331765
67.11007269
67.47823776
65.22081365
75.88001612
44.00277097
40.65174128
43.44519337
76.46603849
37.49170106
38.62218932
25.21518991
26.14856611
29.02015134
22.80317484
81.23563336
56.80608392
32.61718514
37.10367826
80.63709047
76.91369663
70.72977607
65.89667242
66.92185545
54.08390057
16.18139038
19.30829944
24.69792082
28.04625626
16.96007527
16.64792414
44.92069791
37.22514222
36.46156937
32.95408414
24.93244945
23.92514525
35.39256828
29.26698574
27.26520351
22.09317518
26.8544964
82.78063363
72.61550146
117.1948361
33.39496841
69.60106603
68.97258929
68.79356653
68.15114761
67.87434033
67.96605825
69.30355539
67.76051506
67.88875646
68.0528882
70.00931706
71.18157298
73.71038085
71.16161082
72.32505379
67.53559048
62.70074307
68.16345406
67.89334095
63.34649977
62.06395912
53.67451399
60.34463092
43.6874177
66.51100947
73.98246122
70.14259617
67.47280736
68.63211443
67.95992348
66.17878476
66.35319864
68.58450218
67.35051711
45.89868617
59.93748605
60.95322475
51.20760148
31.01428765
72.92969407
25.18420536
62.40023041
59.00730431
42.24573892
70.58013086
97.90937432
69.91042727
20.91443607
70.2751667
86.27580377
39.03888809
17.71402141
80.00404486
47.85146708
26.50949968
8.945823021
54.74630536
62.08083562
36.93625978
37.1075265
22.92794795
21.72723426
35.61810712
16.61849238
67.20030927
46.20853046
65.21455763
35.98819529
68.93140548
69.29326853
70.01875445
68.43704983
68.19529776
67.71464468
67.72246862
68.1223093
68.9637966
70.19657922
69.43005841
68.87223814
70.23676542
68.0833459
69.75594718
69.06847908
67.14059786
67.77475465
68.12411786
55.04686828
68.06965218
68.4191806
63.84515005
64.41637351
62.1582525
62.35427532
66.12534888
64.35897505
47.54817806
70.43787446
74.05173599
74.2582248
75.92171508
72.39899958
67.40828339
66.76387138
70.32541918
68.95941509
67.90270139
66.43876515
66.56598268
65.49699115
67.98679249
66.40387469
70.88005677
161.6445241
66.29076927
205.1552292
42.65894809
55.54729006
37.87172577
16.6929535
6.74971137
9.866827915
41.25079045
44.26704441
46.59783853
29.20610499
36.87368861
148.1613164
27.52504284
81.21352496
399.8989055
86.73289181
217.3625231
122.8208984
17.6440054
15.06477043
27.83907229
27.99308627
22.39271075
32.52206618
36.6433774
39.56420519
39.42035759
39.38556709
38.70654072
38.76337763
36.63089482
37.52695109
34.66550896
30.02136268
30.31818779
25.95775437
21.3466326
14.70815665
10.11304553
10.98497644
73.35000151
64.26655553
57.48085998
59.37490487
90.69199329
57.64570703
54.10572183
46.56896044
53.86669636
11.14931737
14.8473206
8.870053083
11.91282486
15.98482058
15.426998
54.68587825
33.6342656
33.29404254
28.58844026
35.65282598
28.05818006
78.070553
69.26221066
23.71151354
38.9275084
21.51417844
31.62940147
27.0736402
41.68317012
21.13320701
18.47338033
14.86976358
89.47711839
89.9880838
47.5376216
36.48317248
28.84112883
18.84646396
12.06204967
17.03983565
26.55804082
11.99800653
17.00867923
12.40915412
24.38572763
12.64982971
13.59086593
14.51249431
23.0252359
15.17106313
21.04851229
70.79074269
75.69706378
68.34641107
67.79114943
66.70439114
65.45264113
63.56535207
73.11679581
64.79407796
64.58010833
67.77811253
68.3161057
69.01048029
68.75015993
67.43230698
68.45967804
66.63260285
68.29269779
65.14091769
67.20637653
66.710091
68.85225116
66.59821752
67.57753596
70.67988725
68.84876062
69.97472793
69.71184289
68.29993995
68.53610429
68.64906536
69.57127505
69.22003113
67.88769937
28.61068517
20.68908094
24.50978784
12.7773544
7.758856973
6.97013379
14.95095268
12.70334633
45.58727684
15.9065902
117.2160717
36.24349246
41.22120944
22.91303374
18.87940478
37.13424476
29.47410468
25.36201547
56.516567
392.9275151
89.42853968
62.19213877
44.81836548
30.71845464
86.60703608
39.75643514
45.23452843
26.53357153
35.0888856
33.74594353
32.54158593
49.7773148
27.56911039
36.35622087
18.04063614
31.73157085
19.80009518
22.08503462
76.49235025
32.96729669
24.15001488
28.83090185
32.89783724
54.56979092
29.27570632
66.51596969
40.71021463
33.61669415
21.44420572
42.86413672
23.90926942
41.88622593
65.59697911
18.38019376
16.65227258
27.11226557
44.12220591
12.9096069
67.14891163
42.30118593
62.97442239
16.3101506
28.64596028
15.85854041
13.25145675
11.69585716
9.857313634
13.50484621
19.85752663
22.53933044
44.57454527
75.1753019
113.9277862
45.43402973
459.0995313
31.12392257
18.65761415
43.06867356
29.22987658
59.18838166
29.92844792
59.44455204
89.62189001
15.67151799
19.62296174
381.0281879
282.0102229
75.09487844
2.448717714e-06
81.33933654
134.1424163
35.03431589
35.98183944
39.41394228
89.23576589
38.47224688
17.42348983
65.71287761
21.31860087
24.08967376
15.07485381
34.42545083
13.42345613
36.94443486
68.42916257
69.33622992
67.70601071
67.09061001
67.25597119
71.14061218
70.88372385
69.74981319
80.30853936
68.59939941
69.10822986
73.3439201
67.95830427
68.78956942
68.3127327
68.54624688
69.1653964
68.39683406
68.06642765
67.31852692
68.98074782
23.80372225
24.44923719
41.91052746
72.42357154
105.7824873
73.68536182
75.49729137
67.54919296
67.48104526
69.52370322
33.16252052
69.15659694
66.36413756
67.13442445
71.11064635
68.18227445
68.67457014
68.87380409
68.27346533
69.35283209
69.16663509
69.0405603
69.09410131
659.4092008
1794.438068
652.9592751
1054.470073
582.668184
722.3081758
484.8068104
672.1839754
740.7182598
25.47487773
679.2117897
675.5798872
515.1464814
645.6678866
523.8034022
684.9132222
725.9217178
700.2946483
792.2638994
812.291837
683.6796799
55.73061131
657.9263472
484.5799543
1.283389793e-07
213.210451
672.4523288
16.08531339
691.6550557
21.79447068
790.0715454
847.2070398
693.2120015
53.89738357
1573.85182
985.261971
14.03029611
618.7244102
772.7155605
732.3402783
682.0702072
670.2330904
487.6049848
641.8722071
829.1513275
515.7506054
747.9081051
627.5022192
659.0566122
763.0086826
682.8856241
552.4757298
653.47638
740.0915829
639.796603
833.6537721
649.1552713
601.9648763
735.9041126
105.7610761
1066.661122
700.7859762
552.6580552
5.745539932
7.701671286
679.9094018
5.028361473
9.520290427
736.3693492
488.7476748
641.19644
654.515967
27.30293818
498.3720272
638.3481549
661.7316513
513.8938042
808.9449776
77.41690856
628.5279139
64.47943947
71.32899766
68.57533222
70.36353827
73.78071726
65.56958807
68.93877953
68.67716587
69.29026652
69.10708778
69.99675539
69.39962223
69.17438195
69.96038883
685.9056145
838.4531226
671.626232
704.0715712
157.8656045
41.94231729
600.845966
667.7226019
1138.389391
780.6639491
955.4735265
42.57190866
630.7552519
731.6929382
834.5883097
662.9913849
488.2417987
672.7903197
530.5587601
721.1768578
746.8514413
511.9685126
616.3810054
593.8403795
781.1599719
642.9192428
69.69167614
69.69819405
69.83476516
69.4699215
26.68133768
42.75780871
947.0767941
708.497921
707.2542162
69.50822067
69.61062398
42.7025693
932.9836991
21.22525423
745.256079
67.90773405
24.2791471
71.52492525
1011.042774
</DataArray>
<DataArray type="Float64" Name="mach" format="ascii">
2.395174735
2.47903246
2.466203863
2.525951478
2.610122162
2.604125984
2.579808816
2.494187461
2.3756391
2.665313509
2.367387208
2.648646732
2.644237274
2.527412823
2.659871058
2.601956937
2.54938584
1.778186245
1.323213523
2.395671062
1.319418725
1.33039616
2.604838904
2.538651208
2.353770053
2.392913762
2.416558974
2.525142697
2.39444516
2.379861506
2.464423508
2.269839722
2.377461305
2.124448063
2.300231891
2.151559862
2.392418081
2.699404824
2.650842575
2.633069486
2.299123902
2.475420211
2.464711275
2.453642217
2.436107518
2.484622684
2.543815467
2.635126483
2.493579367
2.338563002
2.457712441
2.572777449
2.655922857
2.598850762
2.434609171
2.373168515
2.30132646
2.161400799
2.359661865
2.305994137
2.616942165
2.514851412
2.522169595
2.541807922
2.57857723
2.560819599
1.727587512
2.591176004
2.451687605
2.470643221
2.448367444
2.484794805
2.562897222
2.601037062
2.63661172
2.633438049
2.633654156
2.565006971
1.69911387
2.544593733
2.544354801
1.323135733
1.732582363
1.218167871
1.323066941
1.307065387
2.477287615
1.288089908
1.395967479
1.266596491
1.235592837
1.442477384
1.301585372
1.262545994
1.675299608
1.314922046
1.515160435
2.14387363
2.139871993
2.589135052
2.49006264
2.37414113
2.376807376
2.417870632
2.637637309
1.891987808
1.411408333
1.966383443
2.289712386
2.356473183
2.329776007
2.424877674
2.474526821
2.463318777
2.469112993
2.613953933
2.466779772
2.608645785
1.233207385
1.230270815
1.650423848
2.56146949
1.565845935
1.242481614
1.780680706
1.313488451
1.704400049
2.225262759
2.484742357
2.644021045
2.726803104
2.10529645
2.254838571
2.396328149
2.419009802
2.517763036
2.545855425
2.662257827
2.645133762
2.331954073
2.531498236
2.039816668
2.441902361
2.366112138
2.407083325
2.376946601
2.299964538
2.171122816
2.354094671
2.546129919
2.452363103
2.345117431
1.720586883
1.328901734
2.477471867
2.460719378
2.45406018
2.50587123
2.488258162
2.596039833
2.433335993
2.47180001
2.463361077
2.478962261
2.575287062
2.64954128
2.601101911
2.621896164
2.544151569
2.555442269
1.757546012
2.517589761
2.526713625
2.23389125
2.400020616
2.52220801
1.466932407
1.238146117
2.617628459
2.481645775
1.25759551
1.328432295
1.554390912
1.669345803
1.308336406
1.227017318
1.370850321
1.205050407
1.367216242
2.261383078
2.800108218
2.14533523
2.664170068
2.608836476
2.547910159
2.278723071
2.419982242
2.383437291
2.547578372
2.442741503
2.473366693
2.559067468
2.579277725
1.239248219
1.300885294
1.566059044
2.641931576
1.673032392
2.804740364
2.73083585
2.419436111
2.547558433
2.55764735
2.324908846
2.253143897
2.630056404
2.71967782
2.520382685
2.094028548
2.24783302
2.410111366
2.571532044
2.377626672
2.288374546
2.50144731
2.667059512
2.655436979
2.623893509
2.378462957
2.299259505
2.1821535
2.330526308
2.552611731
2.300594857
2.498352535
2.554684976
2.558615059
2.628911689
2.214412701
1.643094441
1.359253427
1.260687858
2.502914548
2.461951599
2.44948582
2.611956453
2.600573997
2.612283836
2.563158517
2.465654845
2.566936385
1.518413351
2.072403294
2.227709226
2.480034368
2.495422411
2.608318784
2.680785957
1.327642383
2.681733207
2.088694809
2.462330597
2.409524344
1.25355267
2.494917144
1.524429749
1.979488534
2.630263718
1.240253823
1.27355938
1.192635473
1.304185143
2.748770749
2.402661118
2.209256792
2.158952686
2.32155005
2.487249403
2.527648764
2.494708782
2.616329561
1.313404752
2.448801483
2.459389053
1.790262673
1.508375695
2.720379923
2.733185066
2.772627189
2.596329789
2.648689119
2.153294916
2.186723342
2.609065891
2.682023163
2.624911173
2.080099136
2.250290716
2.417101753
2.605287389
2.334729883
2.282416486
2.506094486
2.455077281
2.697126355
2.659181123
2.580137107
2.546692392
2.458096294
2.415375308
2.60142693
2.600803264
2.506863781
2.488585598
2.407468858
2.557319494
2.336529484
2.48645983
2.495343058
2.463728392
2.49665543
2.404808838
2.317221973
2.317959786
2.640681995
2.403596086
2.421808626
2.162793274
2.591148374
1.600459659
1.322887725
1.276978186
1.29831232
1.955063919
2.303793942
2.33971024
2.394254438
2.525607381
2.557345045
2.605369579
2.453422819
2.585071487
1.786604401
1.706469887
1.251906591
1.236064955
1.282244355
1.612044914
1.211131922
2.400264262
1.722104947
1.645605043
1.277250057
2.154007579
2.714581193
2.592423174
2.521853603
2.300142074
2.253465573
2.446421832
2.665495703
1.471163789
2.356993929
2.419754067
1.180990138
1.307817406
2.217552397
1.179298262
1.318631126
2.569651747
2.29271266
2.5477049
2.533976408
2.524783522
2.051125805
2.6183578
2.577983574
2.197742643
2.522419968
2.61655026
2.681278216
2.483590299
2.238671006
2.387305284
1.586326972
1.310588319
1.272333897
1.295001192
1.936386309
2.343341947
2.341498652
2.298234268
2.272918503
2.695700343
2.586023642
2.640048445
2.650089469
2.39482976
2.450452238
2.600056462
2.532536624
2.526109676
2.372629345
2.54943845
2.614593597
2.256619625
2.230458922
2.626875341
2.669260731
2.078121377
2.253465864
2.425901623
2.295473757
2.273878889
2.563407819
2.509165976
1.986623814
2.493280912
2.572737818
1.681084389
1.25757238
1.322935329
1.3002699
1.498377264
2.484007382
2.639466628
2.378477581
2.432320435
2.344676977
2.318100549
1.485492737
2.494879696
2.58924542
2.44671774
2.916672836
2.5394881
2.42045879
2.73399381
2.635671636
2.486118957
2.379167278
2.602926995
2.306516169
2.670761993
1.867751043
1.543769896
2.209507396
2.253729252
1.291932906
2.698180836
2.705266147
1.202834724
1.177010319
1.201893426
1.465469105
2.231563979
2.538846731
2.429322748
2.631507188
1.332399942
2.641021039
2.461097964
2.369366491
2.565145126
2.239241011
1.430751066
2.596789968
2.522119678
2.561933372
2.538442539
2.333877863
2.213502269
2.203659449
2.597206397
2.348227267
2.413159036
2.732201222
2.255233119
2.531441609
2.646892734
2.591376739
2.614305936
1.314655387
1.500386753
2.560922319
2.54709017
2.495239358
2.553200553
2.56019241
2.731363048
2.080944182
2.223044608
2.4284162
2.647333982
2.256130856
2.233649182
2.578405399
2.373857972
2.776927667
2.624781517
2.461388783
2.406800111
1.71620668
2.510927664
2.369641712
2.271730754
2.486736091
1.603476901
2.472506681
1.328056234
1.268883253
1.302748344
1.438619001
1.917093837
2.803788997
2.766668047
2.597051847
2.605279009
2.617767708
2.624994717
2.447083544
2.381057796
2.650175034
2.598567564
2.569607272
2.488406532
2.614513034
2.347565152
2.664839729
2.287047929
2.23499253
2.632609621
2.554221498
2.340079726
2.18015146
2.586802281
2.477505887
2.629868386
2.472191896
2.663274626
2.465301863
2.672153685
2.116422907
2.335740627
1.144233024
2.212016416
1.42942573
2.621145502
2.628809686
2.407252665
2.238263219
1.179341328
1.309843118
2.623293106
2.590648363
1.129288538
1.17824576
2.685729694
2.460509884
2.630640345
2.486124856
2.594447976
2.083849592
2.614991631
2.503740887
2.510636043
2.543696949
2.479607242
2.408050651
2.303371731
1.428929843
2.636340949
2.532301386
2.517801666
2.656161887
2.750779771
2.338690047
2.344550362
1.322829174
2.233446721
2.5983415
2.1251534
1.659574277
1.721342596
1.273156339
2.395439816
2.369648792
2.663122434
2.312937881
2.75555558
2.788907165
2.209242167
2.55741279
2.49632841
2.679216458
2.055221091
2.156856076
2.42905271
2.674500141
2.250808433
2.181704967
2.613885073
2.782158917
2.610020932
2.243791482
2.25373138
2.646997264
2.556858897
2.344216825
2.536765039
2.531336924
2.218399405
1.866878204
1.538865666
1.289679837
1.315166816
1.45490702
1.918254227
2.649397148
2.452727536
2.344922275
2.634855068
2.687090984
2.461635056
2.495990512
2.314699321
2.717288947
2.258928128
2.23161872
2.641421882
2.433227716
2.876534567
2.595539646
2.698694726
2.628716922
2.664513067
2.681733854
2.395416144
2.585161336
2.530079223
1.320689447
2.322678222
2.411397654
2.757889213
2.630492003
2.32576002
1.493484584
1.185950908
2.682237519
2.233371862
2.248953737
2.202184543
2.563336203
1.806381208
2.330315611
2.417307007
2.643908289
2.600931162
2.650868696
1.375971836
2.555613012
1.924304401
1.632675674
2.549597066
2.502547963
1.187212054
1.575492779
1.25067975
1.176673731
2.573352683
2.640568163
1.402428824
1.305943204
1.352008507
1.311444295
1.671282944
1.938834769
2.84050424
2.721559398
1.505751269
2.361136883
2.3187457
2.411047605
2.846423462
2.315643449
2.320699285
2.553723407
2.60540211
2.672758828
2.169821231
2.544047886
2.523391462
2.532403573
2.548820307
2.56628602
2.584781105
2.533363919
2.758169373
2.438078674
2.443358083
1.873057514
1.759625755
2.518357528
2.328499401
2.641493062
1.052962842
0.8497680052
0.8817219505
1.04359731
1.161560204
1.2889455
1.482986761
1.969198608
2.640247391
2.700474533
2.630664685
2.612981237
2.63474809
2.66808575
2.699283917
2.721730193
2.739204325
2.750983926
2.79491526
2.56200584
1.143579619
1.283095964
1.400198296
1.829236906
2.477889248
2.481189675
2.400586854
2.467015154
2.392319419
2.3589669
2.351989623
2.352852217
2.443893211
2.593716762
1.91733154
2.03977195
2.682405863
2.205163093
1.993579391
2.623946333
2.282285766
2.630535478
2.583767255
2.373999442
2.593891913
2.652532944
2.415814947
2.297242401
2.599918362
2.404371302
2.962951627
2.541616336
2.357659179
2.579854835
2.490267963
2.291838122
2.696104376
2.076047274
2.198240812
2.218134901
2.566402351
2.322648773
1.732186371
2.536502519
2.53572012
2.476331887
2.468590445
2.740988867
2.646919056
2.3048815
2.376777528
2.655441676
2.68787541
2.592283318
2.487510328
2.191674379
1.650898991
0.9124181339
1.226096892
0.9778926937
2.356693429
2.345330107
2.100440357
1.155164839
1.671806908
2.606987426
2.317370002
2.663684993
1.336265612
1.957183105
2.354928583
2.801729374
2.354941466
1.00483343
0.9973011796
1.087533185
2.323921362
2.695236575
2.629267892
2.947620553
2.115201484
2.295898074
2.406951566
2.647773627
2.668360535
2.698923472
2.36280469
2.359417961
2.688568568
2.77308058
2.614201618
2.261186686
2.551310047
2.538825602
2.068216676
2.130377333
2.028294017
2.038472959
2.519795301
2.229746631
2.494203473
2.522187537
2.529367206
2.534290553
2.362557563
2.266035811
2.566188888
1.572549106
2.32367804
2.09245042
2.680761923
1.671279544
2.25742733
2.046749251
2.654022246
2.563953374
2.219131192
2.042692161
2.149193697
2.63242633
2.641162413
2.818152091
1.806733427
0.6055699948
0.3323286898
2.573665671
2.572993799
2.09441683
0.4713556681
2.112567383
2.365085634
2.585274662
2.637151475
2.676345565
2.21530375
1.568039775
2.58778759
2.170763015
1.980225604
2.588432628
1.598450967
2.626451084
2.637811898
2.758851593
2.668238152
2.635852943
2.624755627
2.789846024
2.406241656
2.4302018
2.49261673
2.373820114
2.586513103
2.603001507
2.598387793
2.580570681
2.23764383
2.589956666
2.313177497
2.591170101
2.581012741
2.570132629
2.572581243
2.110008278
0.7025693343
0.9005039983
2.517446623
2.365241107
2.421460519
2.271844768
2.511883533
2.328454186
1.955007208
2.08712004
1.360195871
1.65486583
2.57184589
2.542333357
2.556661071
0.8093228704
0.9962867926
2.224629484
2.076831135
1.992979613
1.638178274
2.104799186
2.061842806
2.180981321
2.569754503
2.34875042
1.965681647
2.531741052
1.705608317
1.423044555
2.645606902
1.65322758
1.913105786
1.765568011
1.979387321
2.564551488
2.084130409
2.022168062
1.604744309
0.7923180321
0.6293171302
1.111446916
2.288787901
2.572710372
2.560494989
2.2154352
2.575908718
2.577593249
2.609837382
2.577588792
2.579428799
2.554898696
2.58730671
2.564592998
1.121885575
1.198116782
1.726289496
2.047232809
2.506319774
2.154906031
2.104998935
0.4506568711
0.3173689199
0.232040607
0.2477438708
1.329245522
1.680980779
1.671898604
2.003684683
2.592207415
2.586818792
2.827175283
2.209399537
2.096757386
2.587000975
2.58003863
2.096131164
2.078556277
1.783617883
1.999595155
0.8114179032
2.835701162
2.25776978
2.643596052
1.445932255
2.589986743
2.567263623
2.53644667
2.648133049
2.557639539
2.38298701
2.51243822
2.454549688
2.82190545
2.34648602
2.532294287
1.433905034
2.673299994
2.082794902
2.505052457
1.354179522
2.202384168
2.582127134
2.097132464
2.609180837
2.648988817
2.042774472
2.405575721
0.3553057747
3.95512901
0.6135203479
0.3711416794
0.4364136139
2.960430448
0.352421758
2.141824102
0.4542014422
0.4862947798
0.4294994875
0.4951380338
2.076830692
0.9242064352
0.1999973448
1.024181459
0.3839416718
0.4802962463
0.5383577533
0.6189763216
0.4980953338
0.4432496264
0.3741095743
0.3471970809
1.888938419
0.3119964974
0.6731456406
0.157223744
0.358911275
0.3121041458
0.5395493194
0.3764722132
0.5209227876
0.2930598377
0.3418946266
0.5693712139
0.3068913988
0.267058382
0.3573087577
1.099751831
0.4914244942
0.4278428862
0.405960601
0.3596033461
0.09757439037
0.2174829816
0.3624111076
0.2575353901
0.4986694021
0.09815505012
0.1190482617
2.070285626
0.5323194654
0.3644582569
0.3791604207
0.6294386446
0.369975114
0.2841009872
0.1788859531
0.2867341848
0.159989339
0.7169552669
0.5325702776
0.4919335717
1.32374568
0.1025801907
0.4153830625
0.1959514389
0.4600792764
0.1256973643
0.1608405621
0.2827499259
1.010130077
0.4294285574
1.696612435
2.791153638
0.1606060681
0.3432100202
0.5831483967
0.1930278369
0.1402369504
0.338981511
0.1111726883
0.1982976883
0.8374766538
0.720394509
0.3113346121
0.9189929138
2.270821819
0.4641991098
0.1130911805
0.3013546077
0.1618086685
0.6560991062
0.1032440099
0.7864033173
1.003482428
0.5590174276
1.121785448
4.06420197
0.1951222076
0.1774376148
0.1392897496
0.4628908191
0.1213288941
0.1926908154
0.8132119305
3.520569235
0.08877511528
0.06822127086
1.48780853
3.789238608
1.096404397
0.1269093317
2.391367451
2.638112245
0.412075334
0.3195278174
2.06840572
1.70219461
0.2710034657
0.1345182351
0.2822628573
0.2050329782
1.072448604
2.879854824
3.114734211
1.08024274
2.362034021
1.56982811
0.595216768
0.3717782723
0.3874705368
0.9670516503
0.8124128733
0.5650432587
2.145216654
4.173810529
2.926949266
1.360073895
1.153561423
1.949063291
1.20399503
1.600361465
0.2370447487
0.3929892055
3.13306072
0.3368855597
0.3909453412
3.671227221
1.266425539
2.191021112
1.990832011
0.9681354347
0.9311759171
0.1111483715
0.1494797133
0.1440890388
0.126332623
0.1390631512
0.1585352765
0.1688338909
0.1388279941
0.6645124475
0.2171706242
0.5534452064
0.1424615273
1.140497228
0.224962696
0.8835989216
0.1316144453
0.1422534474
0.1428555457
0.650515544
0.08109687472
0.1311585796
0.1409784894
0.1508953247
0.1278722116
0.1381801591
0.8051350906
0.272525848
0.2191877478
0.2321110714
0.1490383693
0.08915458681
1.851833281
2.450006579
0.245243882
0.4750695706
2.717108451
0.2773439024
0.7198052749
0.822493323
0.7130144376
0.4608069301
0.6764939759
0.549620803
0.3867504159
0.4065522302
0.3862465513
0.3765227508
0.08882777483
1.68441666
0.5778915673
0.31813559
0.3429534158
0.3488783548
0.4447977722
0.4060280318
0.3823349418
0.3707953005
0.3729889426
0.3675867261
0.3693102726
0.4455964178
0.3377754937
0.3437662318
0.1805880466
1.036673264
1.979962083
59085.13285
6712.41018
0.4266876515
0.5066140486
0.6274973767
0.5436189128
0.5638749953
0.2943258482
0.4430583893
0.6774527215
0.1868540928
0.3982137062
0.3948929765
0.3865792594
0.3656134184
0.3373707933
0.3606960047
0.3890657044
0.3942162178
0.4330800908
0.4104550587
0.2154131406
0.2953247721
0.6540269084
0.5040817559
0.4563540734
0.4085352896
0.2783459648
0.3920462465
0.3562865899
0.653427572
1.014816544
0.3582166359
0.3622659658
0.3961072506
2.427431487
0.4649078379
0.3460071794
0.3457802847
0.3420517015
0.3676882323
0.3206536909
0.3920377695
0.6000914119
0.9176838322
0.1852310899
0.2181821079
0.4647833732
0.1843953732
0.1609328297
0.460642136
0.3915867197
0.4172776272
0.378253089
0.359777302
0.4026161742
0.4204134854
0.3987928558
0.3353737712
0.3577002504
0.3284675184
0.3696082489
1.83897321
2.55979642
0.5617396584
0.716343697
0.5300892144
0.3982922522
0.6821268046
0.774305711
0.8338345018
1.616768603
0.2361692278
0.4285132006
0.3636727715
0.3885386057
0.2734218059
0.4700508146
0.6996316429
0.4669460178
0.4250290954
0.3832098944
0.3816066954
0.3891868321
0.3734903841
0.394014824
0.433685412
0.4669760266
0.3601231374
0.3491705663
0.3695109089
0.35085779
0.298704267
1.175809875
0.4231933107
0.3268430119
0.2472598606
2.246304924
1.919939154
0.6143297466
0.1801223961
0.3281145317
0.3081283934
0.4097400461
0.338354517
0.2905892286
0.4191252254
0.4803837699
0.1498077895
0.14364464
0.1736382245
0.8630214743
1.038544673
0.9414980716
0.3777113146
0.3587390369
0.3578736605
0.3485410792
0.3208318404
0.3968256277
1.527067632
2.975450196
2.565229965
2.314927239
2.308101092
0.8570272775
0.4628821382
0.2755859804
0.4865712617
0.2380003468
0.7025781194
0.3237985157
1.816750019
0.179251433
0.5279017797
0.1609284806
0.3189759033
1.296812335
1.08405999
0.3492313401
0.178387513
0.6042074877
0.4165222875
0.1835427975
1.602897989
0.4672929415
0.4511397233
0.281597104
0.3645483254
0.3353546888
0.2903764372
0.4493336607
0.2558758231
0.2889606588
0.5108013177
0.3695166429
0.3891825816
1.683956149
0.2743536062
0.3190982825
0.3695529262
0.4271515401
0.247843717
0.7799549497
0.09157014303
0.2045568404
0.1665893083
0.1595654355
0.1601364597
0.1467150882
0.880991217
0.1939684417
0.1486747754
0.1477560875
0.0815543649
0.4650949188
0.5140914031
2.167202081
2.196095514
1.172469077
0.4080205606
0.4244434084
0.366392145
0.3496560495
0.329492851
0.3106393275
0.3216211062
0.3381853456
0.3963567432
0.4722037842
0.5256081682
0.6129530743
0.9307101198
0.3688768637
0.48944296
1.016791534
0.9903357603
0.7961962535
0.3546374932
0.4267107855
0.1795579678
0.1739637902
0.3425218292
0.3146125612
0.2889226939
0.4039980212
0.431796081
0.311867464
0.385848933
0.3938124861
0.4274785879
1.714371757
1.481283198
0.1524389375
1.012933408
0.3492215659
0.3235269766
0.09590585279
0.7555667619
0.6580501223
0.08658845648
0.2202238399
2.486494083
2.34112898
2.580536921
0.2477443618
0.1891227301
0.101616464
0.4654161795
0.5046282612
0.4574918237
0.4363447986
0.4910673248
0.4350995712
0.450965096
0.5549041706
0.3726374224
0.6639943767
0.1892318946
0.2983314839
0.3325895819
0.3598973812
0.4081594785
0.5411103713
0.4706662756
0.1688749722
0.1894181279
0.1715745091
0.238212382
0.1153901899
1.053434821
0.6036676015
0.1442189549
0.1561001683
0.1517235796
0.6289087788
0.589624206
0.1541789453
0.1645406736
0.2965823674
0.3260037835
0.3931007963
0.4562230386
0.4735554033
2.243057722
0.9185396898
2.035047898
1.465471208
0.5275538153
0.6509446864
0.85653386
1.0264751
0.2991038337
0.2585984007
0.1908906428
0.184904929
0.2656570648
1.211394169
0.2377856172
0.1558680281
0.1480595484
0.3525137033
0.4608664746
0.1939636955
0.2492680148
0.3243799622
0.3876055942
0.1027548344
0.2424594771
0.2149937912
0.1983365729
0.01539365467
1.153345384
3.188659474
2.887932663
1.289243329
3.10662364
2.0876285
0.2747638899
0.1412494114
0.1174481763
0.04900147246
0.1544420776
0.3134227113
0.7222855053
0.5161713967
0.7289624699
0.6820797395
0.5233579867
0.5020255591
0.5428122852
0.5409503272
0.5445110311
0.519482232
0.4618575258
0.4031125252
0.3841508003
0.3916900487
0.4451049266
0.1517993284
0.3474840946
0.1865776655
0.1623940799
0.1512516684
0.1756231128
0.1556963615
0.1671354258
0.1695398438
0.3562366843
0.9097383534
0.4949578334
0.5030112781
0.4331507522
0.7665933508
0.5548074872
0.4375535417
0.249634219
0.2720283599
0.2982350354
0.4066165981
0.5044843637
0.5169786396
0.6025619006
0.6272439803
0.2730913124
0.8241974287
0.4600954094
3.144109641
0.8666896394
0.324231935
0.1814961098
0.9399944442
0.6430054332
0.8123197657
0.9543075348
0.1411621056
0.1164407486
0.2107591161
0.1866960683
0.179557579
0.3828359245
0.3580675477
0.601613508
0.6343759828
0.3847900347
0.2352976983
0.2891463351
0.1530569325
0.3261444777
2.120627357
3.892026429
0.2302828849
0.1378516864
0.5460249881
0.4930593406
0.4103133221
0.4327734314
0.784939932
0.7947915746
0.7435027863
0.7155317547
0.6869708669
0.5600456387
0.5223421613
0.5713476862
0.5664728683
0.5625766316
0.4602238421
0.818624126
2.013833329
3.721747096
3.738287528
0.1075955972
0.1758814272
0.1290116342
0.3445315149
0.3030932541
2.224255519
0.8242699449
0.1793292737
0.2645357936
0.4031366377
0.3589602677
0.4069994023
0.5064140818
0.6736169024
0.2017297349
0.1292921181
0.1398687459
0.166495157
0.1724477765
0.1636643413
0.1580338825
0.1614236682
0.1750962545
0.1895080184
0.1940444239
0.421221202
0.2244534702
0.2989878199
0.2975073125
0.2885207108
0.7558411395
0.4452404491
0.363628182
0.879045294
0.8196858477
0.3015380856
1.818048674
0.5845346378
0.5452581278
0.4245492381
0.2890877207
0.8083458365
0.5289326843
0.7092913205
0.3857310918
0.6982380123
0.1083366992
0.6853800209
0.3093269998
0.4120764192
0.5442502417
0.4636751341
0.5363891403
0.1515324897
0.1287219617
0.8394513535
0.2940083536
0.6834788926
0.171847605
0.1120155112
0.1247703529
0.03658240886
1.138976317
0.2675272524
1.648244447
4.073491989
0.1507691772
3.253361174
4.188939901
3.70087577
1.151006709
0.4908570434
2.080799363
0.395373578
0.6367678308
0.7026362208
0.5672565513
0.6253925496
0.5681237511
0.1590289807
0.08520296169
0.4342543644
0.729171014
0.6844648658
0.6690204015
0.2125516464
0.576328422
0.09485330496
0.6771641911
0.5789835861
0.6363142506
0.7541291399
0.6907316977
0.4923639653
0.6075915066
0.609556298
0.5030780651
0.6103390371
0.2694400873
0.5456151774
1.527756269
0.879867839
0.4189875333
1.004227813
0.9316209958
0.4693216504
0.7907040757
0.5903023911
0.1621966738
0.2460936348
0.2450339429
0.1971535946
0.1765847175
0.2166823591
0.4397340805
0.5650571807
0.6020417214
0.592087514
0.5386860991
0.4142619811
0.1536724459
0.1062107254
0.12048081
0.05482008445
0.2899049452
0.2228730639
0.3307026927
0.1799263255
3.319225391
0.1655059653
3.851479416
3.439034491
0.7193428297
0.1990273331
0.115879263
1.888109338
2.942601663
0.1390026407
0.07389929794
0.9898856261
0.1259276284
0.1961962289
0.4423187237
0.3958423117
0.3777983079
2.573326241
4.093674603
3.498879617
4.027157162
1.331395719
0.06960449353
0.4610049689
0.7893836439
0.8496296232
0.5474623561
0.8313859679
0.2344947692
0.4382850069
0.3436364542
0.2864323856
0.1523704465
0.1018374005
0.2384436994
0.275776976
0.1455210326
0.9656336828
0.4519002234
0.6731011323
0.1879007894
0.3343446294
0.59239871
0.1051012157
0.6694620753
0.1129451372
0.8001537888
1.161353757
0.5599026221
0.4646487664
0.4124533358
0.4759674199
0.2199749518
0.2246937791
0.188741139
0.1691869148
0.1793305426
0.1630996401
0.1648193527
0.1593755495
0.1400124872
0.7007529992
0.5487902416
0.3595811902
0.1753566248
0.04410447464
0.03718753404
0.1475066791
0.1766011366
0.3695477144
0.2745675779
0.1048936076
0.8597125441
0.1733708452
0.3828084481
0.1249823022
0.09326983334
0.1612322437
0.08850737264
0.1988738629
0.7459802897
0.5058116506
0.6549997091
0.9402745801
0.127756317
0.4453536604
0.4936838065
0.6158569519
0.8496704377
0.9146725173
1.275023767
0.6908042506
0.618213135
4.388554861
1.737238301
1.738735801
4.05124815
0.906737194
3.829518075
0.4211591041
0.764342348
0.2388891326
0.272478456
0.3250797829
0.3596556077
0.3865044411
0.5229592714
1.133485604
1.281847878
0.3215152349
0.450947255
0.5470629379
0.773956944
0.4801825678
0.3444228543
0.2619249714
0.1899495354
0.1452785789
0.2533211853
0.2105270233
0.2197464824
0.1820998104
0.2357773148
0.1198684882
0.1412676345
0.1518563477
0.1596937562
0.1696664193
0.0699014395
0.221120167
0.08047856447
0.2796458159
0.2244004902
1.171961248
1.253196212
3.715282115
2.06916979
0.628353571
0.263089463
0.5398660522
0.8210562455
0.8098717766
0.2734578895
0.2867445638
0.2255285643
0.2230948548
0.2028273054
0.1556328789
0.2111902576
0.1632379236
0.1329219661
0.08289111985
0.04674896874
0.1292557731
0.2290097815
0.07047698067
0.6844528985
0.5528943115
0.09412049368
0.1623812799
0.2289304283
0.1751470288
0.2169318229
0.336174198
4.447671946
4.410732068
2.844452698
0.7922267126
0.4332087287
0.2973851803
0.2751953608
0.1801679259
0.3900392473
0.05242894723
1.565757857
1.416366453
2.028880384
2.947271933
4.273856856
5.060015406
0.5464259428
0.5767759701
0.6344547855
0.7880692095
1.050637585
1.363713677
1.153907656
1.503282737
1.377033525
1.217678513
1.149051963
1.159008304
1.122397406
0.9804598249
0.5800560778
0.7946837149
0.9445319983
0.8053526954
0.4391796411
0.04667375913
0.2725430636
0.4460933195
0.5262872433
0.2034357321
0.480419026
0.09760144621
0.1768730008
0.1666219545
0.1703851037
0.2409025267
0.08843211125
0.09228090044
0.07992503026
0.09983324789
0.1127203097
0.1259704728
0.1324429336
0.2253196492
0.2385859789
0.3174335157
0.2601875181
2.364679854
0.358977009
0.4712684178
1.366422349
0.8973432429
1.061556516
0.4864252168
0.1862479613
0.3361019632
0.3397462066
0.3435812332
0.4278649544
0.08082852493
0.1316882363
0.6222413149
0.6985284655
0.7448542779
0.7889846654
1.324289062
0.3774150007
0.1899190845
0.5768588557
0.1037911733
0.7551399842
0.2643907959
0.2762344409
0.3123915955
5.243610475
0.8925595979
1.221162524
0.5226189804
0.1151331245
0.02980329174
0.2819970931
3.011964848
3.55125308
0.3910435498
1.347600625
0.3947271082
0.4012338412
0.4540116385
0.4906833261
0.6359100738
0.5025513889
0.8061111861
0.8046377762
1.219184207
1.703437896
2.253668399
1.975562148
0.8039421758
0.09049238869
0.21409946
0.3582815136
0.394471316
0.4432611588
0.331996056
0.3740512956
1.622764636
2.104764308
2.355813529
3.648153354
5.344197778
2.665224951
1.123183785
0.1217940222
0.1324455396
0.1368354185
0.1463552668
0.1512526644
0.1562330678
0.164080233
0.1622821854
0.1643374478
0.1696140568
0.1156181653
0.1182788097
0.1051006951
0.1364416654
0.1675901873
0.255542425
0.595957235
0.1748860691
0.1813623029
0.4266471396
0.4247246453
0.6520925454
0.4573258508
0.4781006234
0.3063971528
0.0782717874
0.847479633
0.4117517941
0.1929788154
0.4662580343
0.2130187768
0.2064898055
0.2317522236
0.1925425144
0.1063805533
1.169972612
0.7592728221
0.9448027286
0.09447472751
3.582046841
1.98858333
2.369210319
4.385623652
0.06899280265
0.2027828124
0.8763387212
0.114833057
0.4813714263
0.5689153735
0.4311947513
0.199715587
0.3589672817
0.610841646
1.97379969
1.487046574
0.7614916771
0.08892939034
0.9582316243
0.2289389048
0.5967598928
0.2346453358
0.8127662166
0.2779116867
0.544506533
0.827441721
4.2714741
0.6990429507
0.3358735185
0.1384164465
0.1357334647
0.1522589089
0.142244261
0.1487545987
0.1532957086
0.156883842
0.1449142873
0.1437750494
0.1453082187
0.1273565436
0.1322649224
0.14220259
0.1491553235
0.125469175
0.1305810661
0.1608306191
0.1594834884
0.1619769631
0.8420200626
0.1630285889
0.1698880442
0.2393313851
0.2433457915
0.5459843765
0.5479546893
0.4195390812
0.4096413306
0.6204153681
0.2929664826
0.1933400317
0.1843841095
0.4944677163
0.7448303989
0.7072827806
0.3465859162
0.2875309267
0.1677404845
0.194907462
0.2004631506
0.1866899455
0.3042362118
0.174532994
0.201879497
3.160665506
2.149328968
0.7483585826
2.061764069
0.2213203333
0.7934834851
0.34162603
0.2077757699
2.890670486
1.0076123
2.010780765
7.50765148
0.4490026383
0.4889154158
1.090453808
0.3913990352
9.145033052
1.690045758
1.879856077
5.455600417
2.944546866
0.9231001676
2.076352047
2.139206963
1.506665887
1.14137383
0.3488201745
0.3715685721
0.5761135037
0.3319022063
0.2632476463
0.355110318
0.2887753039
0.2421666463
0.2424304895
0.1915180569
0.1380210568
0.1730015718
0.2668307923
0.452573822
0.6244185224
0.8110563214
1.309448958
1.525435257
0.6384888444
0.6566933904
0.8164421782
0.9040528502
0.4415888614
0.7143704569
0.7684569941
0.7187495685
0.2991869727
2.30105101
2.195664356
3.165217118
2.030515403
0.4193885893
0.4551000985
1.073035713
0.8849493087
0.8804448487
0.6144805229
0.2698365995
0.4236311854
5.893517784
2.896345221
1.40739483
1.187317348
1.009475072
2.348633681
1.801336357
2.063926485
0.4354848504
0.6869320187
0.5703609494
3.185681548
5.219008375
1.977685147
1.489001721
1.756949108
1.052613549
0.3697248419
0.5841554108
0.3735016205
0.6728045104
0.6292949259
0.5447950617
0.553113571
0.9886328236
0.4430840156
0.5911429775
0.732930274
0.5005723337
0.2032034773
0.2236165077
0.2187543916
0.1595550826
0.1820428594
0.1361855857
0.1309018254
0.2848814355
0.2798192512
0.5740834884
0.5685619862
0.185041881
0.1609832815
0.3238190863
0.3019651094
0.4192940688
0.2315190928
0.3548580274
0.1623362927
0.1131863894
0.1343243158
0.1313416468
0.1620193701
0.1413991835
0.1443398371
0.1138256514
0.1324050902
0.1251365375
0.1264432559
0.1502202135
0.1410295462
0.1379257377
0.126258849
0.1315674741
0.1786251013
0.5439696499
0.3731520351
0.2033024812
2.235987215
1.387210223
1.22525507
1.404118027
2.407753337
2.369000417
4.118388661
3.005932925
0.7950572064
1.015165953
1.225849368
0.4916175539
0.3106935445
0.283405075
0.2996557516
2.100192494
1.923582713
1.91396055
0.9245490772
1.053674109
0.2244482793
1.304456837
0.05027949486
0.4455628828
0.5682148681
0.4696132581
0.4042619958
0.4497098142
0.2094090774
0.1103713899
0.506422304
0.173911325
0.3632564025
0.3435847628
0.2923536793
0.09533816093
0.6560478926
0.7175099265
0.2979795922
0.2848736089
0.7916763896
0.8481614241
0.8744893694
0.7219344449
0.6412217851
0.5586867509
0.6929358126
0.5874453161
0.1211905731
1.404324171
0.6383884629
0.195905758
0.3006894722
1.010158211
1.700764667
0.7217726626
0.09112584905
1.549104503
0.5462358892
0.3654985102
0.8393251221
0.9028478703
0.7583690235
0.360956448
1.376669617
1.461773036
1.0965533
0.9758723794
0.6419445074
4.965919538
7.918373192
1.862818841
1.220559489
0.9186253863
0.8541316352
0.5018174387
2.130585504
1.619923627
1.780049135
0.05694051785
1.093006981
1.122563347
2.112191636
2.469623324
5.486250103
28264.57728
2.805072527
0.1167737663
1.529379672
0.687434225
0.649741824
0.1408541252
1.055919912
1.088812907
1.636011615
0.6678907573
0.2886903634
0.4510455646
1.371377501
0.896680268
0.8524202093
0.3894295046
0.211465114
0.18380001
0.1285401876
0.1425347897
0.1212654598
0.1972928986
0.2864484748
0.5075659928
0.1952027568
0.7629314924
0.2364644745
0.5575006926
0.2294700162
0.1646536535
0.1613821641
0.1464276063
0.1630069563
0.1580925663
0.1909446769
0.1319982107
0.2763029804
0.5305232716
1.6373923
0.4105589095
1.625723318
0.2671084694
0.5421245522
0.3382565027
0.1310862022
0.1453196716
7.923577623
0.1549870262
0.1293226952
0.1538658181
0.1090772196
0.1344336472
0.1348310782
0.1326575456
0.1672989379
0.1397517429
0.1375738881
0.1332503815
0.1288602958
1.944450282
0.5955963232
1.795000785
1.298480669
1.84440468
1.885434096
1.584611416
2.10337403
1.104625284
0.3296246713
2.15403054
2.142254394
0.8402089818
0.551716797
0.8131519987
2.115916629
1.575587212
2.054151871
1.079917585
1.039317679
2.08422865
0.269728022
0.8358394357
1.99280707
140402.3153
1.623240205
1.213764546
3.940152883
2.032108157
0.7100353531
1.111576868
1.102890366
2.047408564
0.5195766277
0.7785196696
1.420439308
2.143604003
1.617225771
1.766369464
1.594234569
2.086751564
1.084382426
0.9638914537
2.157579438
0.8531977235
0.778638663
0.9297271086
1.154319281
2.085748146
1.215047346
2.006554797
1.22084107
2.133874979
1.007697313
2.157352232
1.231253737
2.09829417
1.096034927
0.9175195989
0.5845659092
1.320139774
1.867363666
1.826040432
1.414035137
1.041636594
2.077005881
1.602520679
0.6280585288
0.8814050517
0.7087135124
2.149421308
2.134605595
0.2921390984
0.6696460152
0.436692948
2.117977153
0.7175522159
0.8090897621
0.1939600965
2.181973825
0.4924911843
0.1774971384
0.1564423843
0.1733787346
0.381289223
0.1842544526
0.1519088976
0.1280693604
0.1195631834
0.122106484
0.1193728736
0.121831344
0.1365436803
0.153462456
1.179299377
1.6207885
2.109503645
1.257053297
0.8115318226
0.6140838437
1.819943903
2.105195821
1.25727013
1.280560671
1.350979823
2.310829267
2.13303292
1.252977369
1.013829377
2.105025694
1.761564788
2.075049006
1.440980077
0.8673744279
1.380513714
0.8946682227
1.085636237
2.210237002
0.9738459637
2.153074496
0.1199153977
0.1224803759
0.1223473796
0.1266052529
0.7116468481
0.891433342
0.6181677156
1.588823442
2.017862956
0.1294442483
0.1334551074
1.088745847
1.246891869
0.07731661051
0.5571379594
0.2831783912
1.619875908
4.401929645
1.192356234
</DataArray>
<DataArray type="Float64" Name="total_energy" format="ascii">
470.5077051
506.6885071
513.3979638
509.9354478
511.0402912
510.6328966
512.0307127
478.2330578
473.1589451
516.3139822
469.6752442
509.8472213
510.4712009
505.7218719
509.1125105
490.1130808
486.1069398
535.6614461
698.9008899
463.4534092
677.6466444
701.1146994
516.9098027
487.6004241
443.4325787
453.1532935
472.944668
498.10441
470.4596531
451.6101049
491.3856481
445.6597137
458.4814295
385.376869
446.7738505
397.680639
477.0409935
520.1306153
508.8266886
513.9416617
426.4631632
501.393091
501.4848192
505.9520021
505.0135876
506.6068655
510.8877242
508.2493163
485.5075151
433.6724136
470.7980371
512.6505887
501.8416401
491.9116516
488.255199
460.6238121
446.4606242
401.9976746
465.8216574
430.1912387
509.8743766
504.6321892
453.8484548
499.3267695
496.1099412
496.5223738
561.849204
513.8197399
501.395807
512.2653931
506.1615013
506.4043605
511.4422705
510.3629054
508.5240419
506.0500884
508.3154959
513.2881389
544.6900287
510.2502344
487.6055212
709.2116619
546.0994442
721.3879998
698.3752323
734.1708383
464.1689017
786.9052629
652.3862251
759.6106937
704.651144
632.7505971
735.2286645
646.5264389
580.5907742
758.3276575
639.1605756
522.890657
392.3550635
510.3609494
494.5834595
454.8292616
449.4869813
456.5271438
520.1767546
539.6310758
682.9208168
530.3093519
446.1346937
468.9917395
471.3871268
440.9567964
501.4539544
513.3947132
512.9905243
511.4132304
506.4695583
512.696196
781.9893316
756.1059444
603.4141526
501.4912898
620.7131006
731.8181918
568.1985392
666.1763563
554.1312513
516.8441135
465.0235794
509.6459333
523.3936123
377.2276143
446.4292153
447.0561936
481.4300523
486.5301597
488.4992813
501.0031989
520.2038231
475.1115384
503.4689062
520.5334409
458.0944011
467.584892
484.6199647
461.7131062
446.2117074
405.9141658
463.4326625
508.1153464
430.466292
429.3132062
583.7615175
734.0978428
501.6375975
505.3462318
506.4654602
508.9088568
508.9582201
505.9593073
501.1977188
507.800151
513.1842885
506.3210829
511.7764746
509.0517141
510.048596
508.6341418
510.3124492
512.3126331
575.2283327
507.7634667
498.2190041
504.8334925
524.0479932
507.3076557
596.8122351
672.0027033
483.2332574
412.8351859
817.0166113
788.1199414
664.2715692
515.7007492
626.7218637
694.8684514
649.3683297
699.7506096
602.0813423
510.9906139
509.5211177
545.4852162
481.4720338
507.9375681
511.3864151
420.5450708
489.8040639
469.2705809
500.7252215
505.808733
511.7916429
510.8794596
488.0461336
807.4084347
762.0187658
618.6532362
526.1726068
551.7254979
523.3172479
515.6986725
502.5068996
509.8630688
505.182074
477.3145785
412.0422172
509.9292809
525.2792904
496.767493
368.2748379
448.6006645
439.4144237
503.0527956
484.2148448
423.4947853
486.4299685
500.5027976
520.8407692
522.4471813
462.5805482
445.9387994
410.2128541
460.107304
503.9712427
503.5603225
507.3688107
510.8003801
523.4244494
495.9695154
422.3327397
570.6580878
758.0005853
841.0930699
509.4527658
512.681282
504.0291908
513.9382244
509.6581791
508.2477313
512.7149659
496.3333944
494.1911913
671.7582817
535.9322678
423.9140386
512.2177336
510.6766602
512.344737
502.852214
724.7747853
519.3787739
520.7323031
417.486126
453.1916716
589.5358404
524.2406609
567.6191679
504.608607
505.6885392
669.3249428
643.2607335
666.3167938
626.3221058
524.4722963
523.1337215
409.885513
402.3502112
434.5683714
487.0897747
509.7977259
505.443465
518.1758305
806.5733325
505.8187259
508.1537251
516.3297623
647.5614783
505.0141904
547.4254467
532.8687591
521.1067252
524.9977712
392.9599986
381.7227552
507.8749338
523.8956873
506.9799369
357.6692471
452.0985636
426.8125263
506.9359532
486.3924719
413.2208394
489.5230455
484.3260633
496.0295116
521.1955065
520.5113911
511.5492104
511.8547252
503.2963194
509.0549838
507.9418359
509.0602654
505.6401064
491.7790946
495.9115238
411.9968102
502.5101267
504.076777
505.1169989
507.8801374
465.2701762
447.5409917
453.9552908
487.8366657
484.688906
516.5469237
507.932029
508.3412217
596.5305907
769.4629986
860.0674839
824.9449046
493.2894392
456.0078379
464.5938566
499.6149054
516.4873393
506.7208196
489.655216
477.3974484
489.6174947
485.042239
591.4017702
863.5951463
833.8205436
826.648786
557.1470977
603.2070029
514.6146833
550.4718449
544.0515809
794.5746199
539.8910402
519.9311871
523.1441751
520.2919881
470.5113074
471.0620599
516.1785618
525.7843831
598.887862
519.4060458
515.5799902
634.4998889
544.4003541
470.1826813
639.6703673
559.3681025
520.9059578
478.8258396
508.5468755
518.978101
511.9545756
519.4694541
510.0261251
513.8480914
414.751689
486.915351
523.6265092
524.8651756
472.6475255
418.0303193
481.3560259
628.164211
793.2522289
879.7163687
851.0752896
538.1483595
452.3799108
454.8280564
451.9956658
447.9636732
530.2472403
507.8640014
516.0171098
517.471903
503.2049664
509.3582268
514.4259901
520.8776219
517.9421191
498.2730908
506.0646602
510.4343242
479.9169753
388.4165769
521.2190401
513.0749137
346.5744348
454.5766247
411.5063829
487.177207
398.2160238
540.2696287
519.9246262
484.3638616
510.8757497
507.5651939
602.2782976
887.7137712
774.4970482
852.2968437
680.1885816
516.3889949
535.7428465
517.8982469
514.0081115
517.9377304
494.8235809
492.0427461
508.2924838
515.1328058
505.3716332
519.0054301
496.1579627
481.993167
492.8485447
524.5932134
505.0676975
489.7108864
500.5590786
489.4116159
503.6467896
462.1350482
553.9655713
472.566807
440.6822587
584.5588654
528.1695264
529.2180819
608.0264084
582.5796035
613.6764101
563.2935577
422.3586689
540.5867276
513.1824848
495.2548911
795.7261629
507.4805401
531.322544
451.394317
506.323186
401.9121246
702.611104
506.8576342
517.0783603
523.8110695
392.5482528
511.7598203
367.1717992
473.2838926
533.8005066
517.285165
515.4451618
516.3384988
452.6163867
506.8155929
503.2191171
517.238015
503.4751742
873.7143897
700.9811172
517.226076
517.433594
517.6717409
508.9756528
518.3554638
523.3755244
333.9195042
445.8131609
394.530808
513.1298447
488.2042463
375.5056487
504.7912724
479.6217219
491.4149696
523.1597148
514.5558013
512.8335207
555.1275361
469.6084806
444.8297426
412.7890196
459.9941001
640.5233376
435.9923501
823.9645317
903.3160212
874.7071335
729.8581821
553.5721388
486.8739745
511.3747462
517.8193448
519.3184682
520.6438103
516.6471029
505.6206592
501.9802192
521.6812403
504.1265868
507.7884214
507.6783251
520.3688075
484.4497539
508.9992548
379.2552575
486.3981775
506.0262883
384.2144943
472.5862218
464.9060502
522.0241421
515.6660229
524.313486
514.9789779
526.3894483
513.856702
527.3791368
520.3285306
515.4573323
588.1357981
519.5465204
523.5284292
522.44031
525.2109642
513.6096575
409.9937141
571.1434824
614.6813305
525.1462097
524.4593764
590.604856
566.6349836
531.5743726
511.1417446
505.1850492
503.9555354
510.8155731
562.2681741
501.6360325
521.1842442
519.5820025
520.0367971
515.7705824
514.9166609
395.9634457
667.2079551
512.9460798
524.5934617
517.3825275
529.5908976
525.369819
507.5489763
523.192939
516.7200578
431.4649033
534.5849695
506.8123052
637.1871998
628.0481029
907.1528177
518.6179352
517.7443304
529.6129558
504.7542911
532.5875857
527.2102304
369.1135063
512.9593746
513.8781449
522.2521481
312.8009378
429.7960898
374.2656709
512.8796241
494.0416948
348.6305918
513.0185127
483.4081148
522.2456201
483.744974
490.8891999
516.4458299
503.5540458
494.9536184
519.8981443
519.2612329
456.199063
467.6201485
645.4892607
929.4214624
894.3132027
749.000033
578.0222089
521.9492099
500.8996157
497.8646744
524.4968142
492.4830358
506.5305553
502.6456099
475.7998831
517.0391814
359.5035678
491.1590311
509.4657839
368.8904781
529.7747088
495.6463794
522.5104102
535.3597971
534.5911659
535.5983154
474.4418539
533.0395078
521.1921295
524.1930179
511.9471824
514.2818903
532.4990949
489.3270855
511.8194796
495.7240791
556.1203744
536.7272469
355.8442832
342.2104612
363.6808662
524.5466462
467.4454333
510.6619888
511.8073078
534.4496469
532.3969569
532.818039
508.0478633
520.1054077
480.8972173
524.9824926
529.8722638
527.4001709
570.4911374
521.6176258
567.7117107
557.074593
497.7330888
531.3080616
825.2729544
921.5525913
810.9417189
893.1828601
614.1908303
550.6671796
500.8029895
526.0411048
721.8760214
525.2054989
475.1835783
511.711555
484.9965467
490.3507646
509.2028031
507.748925
522.2631004
535.6615395
342.0211601
522.1568891
517.7883519
523.3404151
523.799544
535.9704033
541.0584275
524.485328
541.2911281
528.9313384
529.6697319
470.9492246
531.3627327
491.5521727
483.3322519
499.0492367
579.9701264
642.856547
748.2293302
897.4482281
977.2117814
917.2297891
757.1538328
576.6208287
497.2515451
520.098691
529.9288347
529.1075408
529.0005847
529.7466818
530.1084256
530.5680505
531.1050733
531.7759891
539.5438143
516.6028482
574.2714903
921.0320976
761.5872177
561.484085
525.6873205
520.4319448
517.4269551
521.1256946
519.5032256
517.1425692
514.3382357
516.5139201
510.478385
517.164123
270.3706282
384.6323353
518.3579215
485.6615255
300.2594209
519.2440935
465.3398845
455.1084427
522.9654715
508.6824986
536.8686023
526.7189895
494.9399435
484.0971638
526.3996041
510.8667235
467.6922527
507.9846842
502.3512009
523.6130945
485.8300767
466.4691393
522.5332412
314.398448
482.6957018
320.8165813
522.9158921
493.4841564
530.1286682
516.2563471
524.6231965
525.1751507
523.614951
537.9395426
534.5967772
500.284598
506.6007475
537.782713
538.9874507
526.8352452
513.5480116
467.7278171
529.8496849
496.8977792
546.7088914
512.5036708
510.7634146
513.5958024
503.8462661
539.860613
518.3205758
533.8234606
503.5284153
516.5970345
840.7673902
441.973954
516.0720375
459.4891799
506.7474159
629.4855482
728.8011037
877.802916
506.2742028
536.1239415
534.6227591
486.150492
507.8573468
498.7549826
505.8790496
536.2397221
525.7175131
461.8576763
518.4312593
518.1334496
541.0959604
536.2708166
532.3280104
475.8603681
524.2813057
502.7087758
296.5789123
450.8317536
409.2111705
310.6740047
523.2834817
391.4226655
511.1896777
523.28716
522.5124505
528.1098069
493.631642
474.3292352
533.7954455
528.5603614
473.9545126
418.9306766
526.3252869
232.5165065
510.7672915
463.7290117
528.2914262
525.4417293
381.4564549
419.726634
425.6067531
529.5646063
534.6571389
497.0161228
574.2769895
1087.592361
1015.979581
536.6466073
537.1659189
461.1532222
1066.336872
439.5929972
526.7737583
538.3996141
528.1583597
527.5790767
323.4090238
197.4246182
526.4570157
462.7698589
290.4707016
524.6002973
210.5044258
531.5272792
530.7985772
492.2862547
493.6352305
531.4155006
531.4231064
520.891636
395.4673798
520.5661366
515.2754207
519.0567176
527.2090002
533.8798817
530.2110636
537.0829457
439.9294507
529.9879642
420.1289916
528.5689969
529.8735809
529.2575737
539.0281158
536.2672739
279.1602793
395.9178978
523.603429
449.4985846
499.7738819
485.3088765
534.228595
502.9041437
431.1441808
534.0563636
578.3061128
615.9903008
533.3602852
524.5874817
519.2902684
335.5849176
437.4201616
481.6631417
369.1212884
425.7476776
283.6566157
470.5384757
446.8391353
447.4388795
536.8831624
477.5192144
402.8543931
523.705149
618.6339546
586.9946645
527.7567699
225.0380216
465.3669678
239.996904
431.637702
524.4471183
365.1093603
406.3918725
218.7579412
994.3592158
1087.320259
801.6420089
478.8212407
524.9685458
526.4494666
406.0946523
526.7364235
527.2308201
530.5894329
526.8239964
526.6787637
527.5571737
529.1788278
527.7777351
771.9520134
970.7078959
592.4736866
430.2930278
510.2986013
398.6168124
505.558514
1072.518915
1029.588204
961.7281188
952.1050624
846.465847
302.8033032
220.4604873
438.7624175
528.7683272
526.6393951
523.8979586
422.4278336
447.0641344
530.7153989
531.3710797
445.7495264
446.3767485
240.332059
373.7818782
1010.101584
516.473688
507.4915451
431.2487246
804.9891831
538.228811
535.5379803
510.0582479
529.8110023
497.7624876
518.1250662
523.9957356
520.9086402
507.8802902
517.0891711
521.991891
734.5411088
521.9846255
548.9774249
515.2248855
752.6412857
520.8188477
526.5723402
452.1806025
534.6926952
538.8263331
411.6533587
463.9702129
197.878395
522.9764135
195.12979
183.4484054
186.4752581
541.9525222
188.4213326
437.3530286
326.1206152
169.198198
208.6045398
170.6463421
441.091588
198.5369195
205.2450584
203.1122164
175.6644706
279.2699641
356.1048826
429.3869926
195.3364793
180.0707877
182.2193948
222.0304175
491.8648428
204.4080088
204.8366041
165.0470715
180.2906068
194.3658368
204.1577366
239.8659744
184.7427814
220.226511
211.7344201
231.1848222
221.1287559
200.4203943
151.1912281
542.0597158
185.8858963
189.9577139
182.8717337
190.7660474
254.2686546
228.6316557
187.4071816
405.7902059
162.9915943
262.4435669
320.3519914
430.2437535
189.4447086
167.361688
193.6385788
244.4066208
256.427397
402.8858971
419.2162075
195.6258552
292.5090289
233.4308457
249.5236514
265.1656244
354.348527
237.5838576
171.2883319
179.2500718
185.2788191
206.8785004
197.6940856
205.9247083
414.6958245
371.7030697
401.70598
548.470783
226.6880854
202.0549107
200.5010089
191.3390789
198.5511789
179.9544202
226.0487171
196.9790934
267.1307665
252.0058113
243.9728405
288.1297272
354.5611372
145.6832277
198.0873008
233.7199464
342.1327151
272.8839502
250.2719213
274.5738054
262.8028432
244.0474877
153.3874673
504.7352575
241.9350435
231.2340188
177.891635
278.3914634
178.8849154
179.3750408
310.7233256
573.9644453
179.5417698
179.7437534
343.529958
600.6816169
323.3624528
159.195075
223.1362269
406.8223548
232.3239534
209.0192217
202.728133
209.463706
199.4265238
175.617526
239.4799262
178.4887292
240.8682643
289.9759557
468.2166081
287.5210395
378.1769874
306.168722
288.3313961
218.3834957
221.5647685
184.9124548
218.6130418
234.9731659
371.4322142
428.6014967
362.3695216
190.4139968
185.2616463
458.8489812
302.626382
330.3556358
193.2594364
225.0442623
333.8743915
251.7006504
262.6101188
221.7407143
146.1341906
264.2504016
205.9848371
122.1700732
174.8690155
175.7322777
176.2236498
176.7768373
178.1335308
177.3911425
177.52999
177.333151
177.6441407
291.8209755
255.5190303
295.4946089
185.3301342
252.419262
228.0865497
304.6309622
235.4254033
176.4415384
177.4793474
253.7086504
184.7229442
176.5296532
176.7467917
177.1604714
177.9512752
177.750848
270.6664051
183.197895
177.3095198
180.4844694
177.9914439
179.4259973
502.0534585
462.6881583
188.9088671
277.843911
539.0852957
199.8660802
447.4089464
432.1404739
212.6183946
275.0708805
387.1603926
187.9474983
175.4770087
177.9076289
176.547824
180.6290617
224.5112032
383.3181375
211.5462262
199.0926564
184.8597633
185.327955
183.9173078
177.9472689
174.8068471
177.7908388
175.2763931
173.6007915
173.4409727
204.2910572
187.0272082
194.1626941
265.7321232
307.6245123
404.3235663
481.4383944
432.7374578
287.1720461
282.1242446
218.9405034
173.8657513
204.420159
192.4656273
167.9078821
185.8960744
167.9750783
212.6943329
178.8013814
183.4018882
187.0873884
191.3012496
187.5287812
180.5930728
178.6816423
179.6807135
181.0472841
204.1841001
221.6383157
185.8477643
181.7459639
182.7068624
190.0260436
199.5853801
183.3394656
196.8967941
220.9609299
220.539192
183.500061
188.1119512
183.1557003
481.592137
215.8039173
215.2090435
192.6276763
198.0254673
204.242733
193.1945476
211.1299458
191.8467356
213.5778476
212.0493158
160.5803567
176.2735697
162.7104002
170.626588
179.9656907
179.3909956
175.8609848
172.7341592
171.1347708
177.9193222
180.3136304
181.3883473
175.9350837
186.8599523
185.1818539
203.7182659
388.2128629
487.6236668
246.4306432
170.4306834
163.6490366
159.2181812
450.3521583
202.4567083
192.0500906
495.9327421
329.440227
369.1849296
277.3394385
252.4273784
291.9307416
215.9285546
177.4719372
198.9356862
206.2453014
216.2544481
182.7487514
183.4457546
181.5627685
184.6769078
182.6087911
182.2281093
195.5847493
188.2214353
185.5287035
214.6998296
210.0626478
211.4208495
219.5103748
224.0548178
213.211875
472.5120832
415.9260478
278.2092722
163.9791302
190.6630492
198.9122255
203.2987128
225.4013089
207.9269704
173.5798369
178.3615162
169.9549637
175.0944045
158.848893
197.3335926
209.0591119
204.4950443
170.5419373
171.1463623
168.6794823
172.9928673
190.5466323
204.4623745
359.7405081
405.0949201
478.0541311
473.6533562
422.4052981
186.8224606
154.9127481
147.8906201
180.4285095
146.0416681
183.1108804
149.8886647
424.7116102
466.5383314
452.365557
165.5324414
169.5224563
221.2787436
213.2111217
169.0868397
242.9579119
529.4043532
472.5639861
242.8978046
394.8861895
182.3774405
185.7911946
277.1649965
238.6712715
245.2798379
241.7993957
159.89339
233.6998266
225.6487612
184.7929019
192.3500865
204.2430514
416.5045811
220.0253858
227.7126032
188.9996513
183.5894121
215.1994773
172.1543403
163.9631371
178.4735436
180.9016933
180.9753799
179.956243
177.5856016
195.339224
169.7874619
175.7511078
173.9062407
148.2648046
156.9556571
230.7110938
419.679037
469.5778973
331.8445637
203.2688364
188.3985522
181.0037062
174.5379456
175.1226042
171.1699582
167.7258219
165.9684374
168.7062649
173.8865579
180.29231
197.3183965
213.3218175
188.782451
160.4905474
205.883289
202.050469
184.0040335
381.6038346
442.7542189
318.2816332
357.7599165
189.2598729
191.2408381
194.3746468
186.591404
235.1509119
217.9315931
166.6069019
175.6878339
163.9361189
392.6753286
409.4376206
176.4726156
204.4441674
191.5076568
191.391261
315.6293945
182.4807456
226.2527476
309.8086537
304.2843526
478.5939433
454.2777436
548.3381213
280.9342189
271.7790204
242.3301243
189.2624282
188.8765586
216.6783054
198.2030514
185.0756334
186.3575609
188.8207776
220.2117789
175.9874027
228.6830097
236.0997866
238.282281
240.5957738
241.3440935
243.7376622
187.0590849
262.2266334
215.9421904
175.646912
181.7133839
204.4414447
165.529995
196.4981287
168.7392439
180.8313108
179.2155024
177.3519355
187.770576
183.1900936
171.463076
176.471647
163.8958686
172.1677346
189.4771189
180.4880519
208.4153097
467.3855239
310.6501847
541.3474862
357.7144882
180.4329911
161.8551868
197.368162
201.4632743
193.0029066
198.8842712
201.7291857
203.415925
195.9761634
202.2281179
172.5765754
177.0765903
177.5183539
392.3866745
462.0948379
381.0835256
196.6482957
193.7067988
192.5351841
267.6552674
198.1355405
197.8187441
208.6346865
229.7509056
349.5787824
509.2914747
489.4641928
362.803616
487.7238106
428.2847942
284.0829661
279.3649644
253.2518575
235.3269086
241.9889645
252.3508373
233.6320556
246.6334409
224.5461808
213.0117876
200.926483
191.9250513
188.7053567
191.3636168
188.3081429
188.2933429
190.5422135
193.7100514
190.8638356
258.5057028
253.9375794
182.1343023
178.1017922
179.6262806
183.1052659
181.1342832
174.5822916
177.1767825
177.243919
177.2714037
167.6374326
191.6676234
174.5374843
180.4189237
169.897974
192.29819
187.267004
168.2163189
164.117035
166.5880702
170.55512
174.0187296
173.3166601
187.9812276
178.583189
215.0049882
220.9889023
296.8372614
211.8232954
554.7356848
340.969425
185.0282952
161.7201309
198.2130459
190.2601281
198.0805151
202.7710567
346.5710384
263.6321354
210.6204352
201.1459511
199.6363407
185.6307404
163.8507851
212.6517491
240.7688592
194.8387965
336.1953628
408.5116188
250.2360767
257.7829222
450.6984835
518.5629171
252.5756143
237.9347359
219.1078871
207.5949877
194.360239
200.4046382
231.9274583
223.8853363
215.5725687
208.39981
245.6627387
190.8879879
196.0373607
190.3455904
189.2933007
252.0289086
196.5477184
286.3603891
370.818266
500.6577468
546.7992558
235.2352024
202.1771698
201.7363345
196.2164106
196.8678525
529.6475527
457.1152856
200.1726914
165.1723979
165.9035191
165.3281914
168.3454457
178.305045
185.5691555
175.0754453
181.3821123
179.0359757
177.1478196
176.5646433
176.8109961
177.5393381
178.1831508
178.4918922
177.9907743
179.413404
183.1410461
180.1097601
180.8938025
169.1438154
166.6457065
177.9172374
192.2597833
188.4421217
225.5801003
301.4344124
206.7411106
409.9453662
326.3729117
182.9133083
192.3365179
398.4274068
200.1219541
187.3094176
194.3904413
238.900935
187.6455818
191.109006
241.7587397
257.9721492
268.1707311
272.5281932
264.6602806
189.7047943
353.8527469
295.722728
182.8149368
382.7700862
196.8605753
162.9380056
227.2629413
225.6410855
210.4635132
348.5902342
325.4988089
397.2060889
540.9875406
169.9664568
513.7557813
516.4882323
469.6921368
302.1554723
179.5050929
296.8080221
195.6676531
215.4207939
218.2009642
195.1258776
208.5499235
196.6296263
237.3475007
244.7146919
265.2828263
279.7456844
277.7790242
271.7339749
190.9891231
200.1803818
195.844128
201.6149184
187.3896118
250.3338404
199.8550862
231.4005794
262.7762375
194.84204
197.6746924
197.953312
218.8748722
196.4180041
290.5874221
392.3659587
332.4746959
270.6299956
238.7428497
192.4521787
262.1412696
177.7928569
172.8410344
197.7947292
196.5069444
178.6295874
178.7264273
178.041803
163.3963473
168.5204389
174.5227983
179.6199239
183.8031505
186.9219989
188.4701279
180.9046299
178.1473298
184.7912738
181.873862
194.8727803
287.0596388
182.1990428
201.0693439
569.8051639
192.1731709
562.6332012
476.3607524
187.1086255
197.1365221
221.7814207
425.8681849
430.5307421
242.9290533
232.6764365
357.396694
192.3476017
241.5986278
253.0792304
219.1101711
203.0563018
494.4489021
534.4604926
468.5456666
531.917434
291.8181741
244.9520021
272.7577819
290.0059352
287.0143404
212.72863
250.6809523
247.3879091
181.2788632
258.8388249
182.6942085
192.5446017
195.6402032
192.5091118
200.4529164
150.5311518
259.4976123
209.6232225
175.7529262
166.6533658
162.8785247
172.8937052
165.2159497
177.4748094
197.3780303
249.3741107
348.5302845
243.1668301
189.4547565
185.0329834
185.4896437
177.3315537
177.5390886
178.258783
178.2765492
178.7227987
177.1699086
178.0296107
176.1538396
176.8871377
187.7009558
188.0369363
187.4655308
186.8236759
180.9047815
179.9330314
179.2464133
266.8967236
352.9609514
311.2418648
200.7760274
215.1694416
178.4572849
185.7396602
178.4438872
178.3378322
176.8482368
179.1075531
177.6592881
183.5434302
255.2260292
268.6885609
293.309502
224.1647648
273.251379
233.784242
250.5376581
262.1851154
260.3838687
295.8656994
213.1238074
242.8475959
563.0334422
240.877202
222.2358973
498.0072827
192.1448677
549.0442765
167.0035288
182.7640064
177.0050508
178.7049855
182.5564315
184.0173586
187.8128944
208.26369
324.3013313
350.6325653
304.8320382
249.4685953
184.826164
189.5264557
176.8861039
174.9126356
169.0401719
200.994911
269.7031811
177.712432
176.9593111
176.890555
230.9563844
238.9430202
179.0962764
178.154015
178.1013701
177.9140909
177.8664924
180.6634386
182.8208384
316.5361075
277.181603
254.2310452
304.646902
301.6009454
463.0996299
340.7138931
203.6779012
248.922519
261.6374112
277.387468
293.2271503
236.5072567
237.3948155
176.2738677
177.0944851
177.0132494
177.4181437
177.9647096
177.2274782
181.0336246
181.0415564
202.1786196
207.3280868
201.3310607
257.2438209
326.200712
353.1251503
199.5381767
264.0798445
258.5210384
242.3191387
254.8181656
281.0620886
549.9757547
499.1112892
373.4160082
218.6664715
180.3361008
166.4352745
163.3075447
153.7993855
151.7823739
171.0431077
175.2160355
166.2874296
271.7169008
432.8202313
550.5637306
618.9017296
287.5159973
288.4724342
283.794218
283.194437
287.1144123
298.1097615
285.695515
311.1194003
313.0233753
309.0199654
310.9423696
314.2940374
306.2278555
314.5921253
268.5640509
291.3070646
296.4465516
276.6250589
247.4371689
237.3221258
236.8440041
230.2822369
223.063009
241.6376016
226.2257602
178.3145545
177.7359319
177.3559785
177.6197587
177.9331097
180.4072374
179.4839362
179.6199062
178.8979111
178.5164133
178.8919686
177.5841248
177.5507719
179.3251917
180.1910608
180.8203404
480.1158364
184.6214327
192.7932728
368.4013435
269.1233351
318.8009839
314.2065263
235.9517221
181.4014717
178.4366339
180.4920421
178.1230433
162.308475
182.3019129
188.1445286
187.6333129
188.3918216
310.3079436
425.4026067
190.7362358
255.1014027
296.8369419
226.5841037
342.3302024
259.8816439
265.053098
268.0559016
536.8770263
310.5054114
319.1934216
158.4170226
140.1719741
170.7848952
183.4575522
558.8983881
435.5503596
154.6248725
270.6824533
283.0940275
276.685725
267.9268698
265.5070488
265.7250196
260.6083459
248.6561451
249.9119012
275.2360092
319.9997822
322.9181941
321.1288445
280.429532
223.4877771
229.4559914
228.8889233
205.0790921
186.0729182
186.5706283
142.7522997
175.285564
226.2959138
251.9874139
485.6159802
610.6754506
558.5930733
325.1003072
178.0450185
177.7067777
177.6346342
177.2882585
177.1508553
177.2906779
178.4578437
177.2324158
177.3683591
177.5831063
178.2512765
179.1481395
180.8026506
179.3443314
180.6264224
181.1074826
188.462101
177.7707562
177.6938264
185.3111417
183.3039675
183.4224741
185.3728879
172.9290485
182.5584692
208.7185466
291.1350164
184.5275265
177.2655197
189.9276756
176.9423024
177.0219236
179.0705318
177.4998479
243.8244481
334.5125925
269.4770486
275.559459
160.4658905
497.4064734
223.2606234
350.0507547
568.4785044
231.3137452
289.4482603
346.186042
178.1893652
230.9273169
263.8128028
280.8006318
231.2792037
122.1354277
289.229235
290.0772412
156.5244755
201.8003309
197.40875
303.742373
208.4701958
257.5941878
230.8980534
254.0806089
226.5391522
195.2579991
297.3253269
596.3998818
282.6044891
278.5900792
177.7470686
177.9816587
178.7796065
177.4464753
177.3552131
177.0469339
177.1163762
177.2372158
177.8505023
178.6875951
177.9673582
177.609696
178.7971441
177.2691758
178.1852473
177.7453013
178.2507145
177.2106795
177.5045124
201.7962439
177.490007
177.8783658
180.4286307
178.7932579
187.7474262
186.3635559
185.5838155
186.6769509
175.6629242
183.6440743
182.9143168
189.875649
310.9927223
273.7189732
227.0440441
188.0854779
179.7220613
176.3390555
177.7056606
176.9508361
176.7975923
179.8486651
177.6215224
176.9817924
583.0309894
516.6369322
312.2123292
525.4640271
302.6511414
310.3949599
243.2304564
189.8393839
311.4160228
202.2719949
284.2273997
633.842944
289.8709787
321.9814046
354.4792705
317.9702363
653.20101
396.4618014
521.5005007
671.9162257
622.0789943
337.0618508
363.9277839
332.4725712
336.5305949
315.2745913
229.6039712
219.7309172
243.2152439
187.650346
179.4106124
199.4923356
209.9175728
215.3282812
221.9404213
223.4003973
230.0950249
222.2458375
230.4995469
238.2398132
235.1015149
221.222495
188.1321049
164.2318246
290.5238815
277.9319915
283.0313674
301.3150838
288.8336967
284.1993618
295.71076
233.1539267
194.0498251
268.630099
358.7715624
390.1399685
306.0316446
242.3293536
222.8430289
305.3810155
153.0077274
143.8895135
119.6593994
132.6855777
212.8999214
597.508315
367.9385665
164.258785
205.4981766
153.3060813
285.395459
225.2016284
284.7478672
135.303636
123.1734704
127.7559651
391.6838731
584.2623631
281.3661878
222.6625208
183.5574021
158.6849323
156.9926294
197.6837783
193.8339171
193.7111684
216.1792604
228.8545806
214.8734126
220.398793
218.4366958
210.8577367
179.5103268
177.6338707
194.5379249
180.9691044
184.541597
177.0149872
177.6097914
174.2180668
181.3179983
204.5162578
186.1505821
214.4416619
234.3711688
177.6512004
177.6685834
182.3020035
180.9541106
185.7393165
179.3687934
182.4181334
177.1487761
176.5755601
176.7934577
176.0845663
177.953432
176.0265092
176.8323699
178.7197215
177.5853305
178.3409963
178.1533578
177.4703225
177.485686
177.5387376
178.0508318
177.8654634
177.6544116
258.78119
231.1461597
238.1276504
406.5362208
203.8039955
172.9444924
322.544267
428.5230389
263.4289714
245.2098069
419.8404419
184.8841932
185.1903777
137.8406809
228.9269851
226.3927549
228.6684352
230.4078389
405.182427
523.9750971
476.1440685
299.8826415
342.3576725
306.7168769
314.8291864
223.6987699
199.4628726
159.3215846
160.5033351
145.9665689
133.7512149
136.873832
204.5748863
249.633895
199.0056925
215.1470733
144.8830592
167.955999
152.0062823
144.026013
162.592984
250.1827439
283.2800543
343.3351377
299.2435868
454.6424958
354.3535538
264.3907573
163.8791705
126.0830064
80.35777887
128.1492042
285.6288057
240.7723488
221.4513807
211.8752088
286.3305643
199.9168771
259.6861969
155.0076243
324.2704642
206.2955228
138.1273626
118.1100274
114.5787401
114.6473986
146.160024
303.9930654
491.9468304
391.5993647
379.0586402
331.5780947
663.5836415
563.802503
457.1207275
188.932488
132.8609655
188.1682178
145.1999431
323.2633852
173.2362436
351.1538468
164.3729215
162.82272
198.4276312
452.8754742
456.5817033
528.4115997
463.370707
351.9861363
294.0975037
234.0862156
179.3228176
137.5147289
156.9538587
256.2532909
227.707089
301.2950909
251.5899737
161.687759
225.8685558
278.3008395
200.8678459
252.9345637
185.8967069
179.293545
177.5070868
176.272316
176.5631507
179.1663216
179.892159
182.2711149
278.9056874
178.5975398
273.108988
182.4540309
228.3482098
178.9072386
177.7828063
177.7991
178.0557605
177.73749
177.4115555
177.4471343
177.6878144
209.767315
157.7569891
321.9541495
174.0957622
402.6652334
182.4123695
241.0505322
231.8533442
176.673861
178.2213764
479.0081215
178.1416096
175.9964851
176.5363645
179.0244161
177.1224077
177.5016315
177.6043342
177.7573354
178.0968659
177.9259055
177.7566052
177.7254672
541.6128242
552.9844582
535.9423567
408.5530835
305.2375282
412.1572429
228.8740256
426.7937805
251.8581929
216.3460598
430.8762885
423.3632609
157.7570106
144.6673425
158.5131055
424.9095798
335.2992497
422.1916097
261.583605
261.2277113
425.1562072
155.4830994
201.705458
466.1701607
526.311519
380.4403838
252.9478052
245.3735824
431.4012401
153.8703611
266.0421572
280.91904
438.6048097
174.7749512
535.6611925
398.284627
304.6181978
286.3616792
394.3212911
336.9441382
420.8797979
221.923837
166.2951414
417.0017046
238.9843548
155.4573155
220.7886338
228.1689388
418.0013429
283.4814013
401.9870043
209.0894455
421.2061134
230.8428172
422.1276712
311.4399249
418.1284574
215.7502546
219.8509024
261.28927
393.3312332
380.8051913
301.9260866
191.3754613
184.8068853
416.4275855
172.9578615
215.3765212
224.4957511
143.8514039
419.7113468
414.4103708
249.9634033
138.4378933
134.1110776
427.0420176
152.340513
230.6906204
227.4724644
419.6635124
230.252125
184.5405131
177.3393785
179.1930396
226.4443714
177.3763426
177.9409755
177.4173076
177.7630574
177.6446753
178.2606618
177.8617783
177.8275481
178.0038771
246.8893503
387.3533979
422.5969781
253.7630614
332.1292572
195.1637077
317.9169735
422.4439182
412.2446265
305.792575
308.7615432
238.3226853
425.8248659
272.1549582
261.6234659
419.8909502
253.1985522
414.83335
228.1978496
211.2325777
305.1201235
162.7913772
217.102941
424.7070808
235.3421062
417.064193
178.0477602
178.080114
178.1820804
177.9695402
145.4148496
157.1601624
192.2986541
324.2200532
425.9364703
178.0525319
178.2098856
309.8068519
348.7881967
194.5023299
163.1026862
248.161105
314.9120742
537.9117042
314.625328
</DataArray>
<DataArray type="Float64" Name="temperature" format="ascii">
72.21023652
74.49196788
75.97439477
73.2003115
70.30487954
70.46098353
71.52476196
69.76738145
73.3515757
69.09311199
73.12208312
68.7985092
69.03489766
72.54163129
68.31487702
67.70335058
68.95566497
113.647413
187.5928834
71.10942733
182.2313622
187.5155777
71.30154265
69.54469039
69.52355235
69.62778121
71.79065963
71.53135097
72.22997736
69.85873973
72.78312031
72.98095576
71.00944974
68.09625957
72.01677794
69.27694772
73.31687213
68.43148139
68.58541075
69.89419086
68.78238979
73.84946527
74.26806811
75.35493088
75.89357336
74.26788583
72.67562914
69.04882032
70.85056578
68.5299872
69.97337572
71.86594455
67.47225318
68.05811547
73.43149347
71.49934429
71.92541153
69.6684072
72.81190564
69.13672152
69.90450174
72.84862175
65.27434579
71.10332858
69.34389152
70.02684169
122.4288116
71.36449547
74.75106691
75.63507964
75.58990393
74.23168322
72.05533815
70.53326825
69.03473975
68.80825114
69.10879421
72.23832251
120.4828785
72.55633199
69.34470212
190.3677741
118.6840093
203.8537261
187.4654536
198.6449959
68.30163842
214.9178826
168.8323115
209.6642254
197.4541283
159.9260978
199.4712907
178.8051432
130.0420091
204.3836881
155.6272018
91.45704681
68.76983739
70.9570415
72.30447505
70.56449554
69.6398654
69.25189982
70.5803747
107.8026193
175.3573841
101.8520268
72.30769141
73.42823728
74.82929976
66.64983612
73.8921202
76.08600701
75.80136351
70.22082153
74.92705527
70.58505868
219.3789029
212.4193595
136.9301636
70.70439412
147.2170898
204.382386
120.3918449
179.6748949
122.2307275
86.62788017
68.16767187
68.93075213
67.93068575
67.33091901
73.68024991
68.57035023
72.98678949
70.13157035
69.41902075
67.14661914
70.31954807
75.33552494
72.06890225
96.17074687
68.63844167
72.84455755
73.92192722
71.52894777
71.93614727
69.98952106
72.64707962
72.19655701
64.15429437
67.61154085
127.6736769
196.4832231
73.80815067
74.99278624
75.41527592
73.80225321
74.47442412
70.10080771
75.42720797
74.93151669
76.05317745
74.44061646
71.65256578
68.66042596
70.48752955
69.56120393
72.58143464
72.45059673
123.3792544
73.19871932
71.49077384
84.2345345
80.22694978
72.96164384
148.9675604
188.0725249
66.22913252
60.61304165
226.503443
210.9916932
158.4885054
115.8695616
169.4657728
195.5227896
170.1939183
198.9905032
158.0889974
84.04869198
63.78243111
95.33580964
64.467365
69.92321377
72.59585369
68.55068063
74.21926108
72.45697317
71.09434614
75.75513677
75.46011755
72.11555521
68.19266393
225.8475464
206.8111406
146.7122862
71.24051694
123.7239612
65.36075007
66.7983984
76.16545447
72.3924938
71.36255267
75.96146784
68.06497292
69.4533729
68.41664711
71.51201053
66.12387016
74.30943626
66.92222989
70.56484104
74.98863956
68.6860354
70.70134126
66.91889763
70.04368476
71.37868946
71.60733687
71.91846749
70.32313911
73.01034159
71.37312405
81.15506282
73.86102729
72.26441963
73.90330874
67.59081955
71.18923546
129.9954412
199.8262205
232.8263587
73.99236884
76.03338949
75.22838849
70.63839428
70.45229029
69.84476955
72.22510331
73.46972826
69.48290878
163.2896775
97.32899639
70.96123547
75.26637441
74.45358993
70.54827038
66.77426163
194.1095514
68.9362907
93.76056186
61.90344261
69.04131069
163.7610471
76.45081278
137.5472857
96.24677676
68.86861502
187.1315982
176.9451762
190.6122832
169.7060496
67.33483816
79.97829312
69.27754606
69.81908872
69.27913751
71.31113711
73.11752254
73.71741272
71.0645077
217.5504931
75.52193292
75.46072256
108.8493056
158.2259335
65.75425766
70.82553283
67.61244471
72.18894602
70.84141372
68.39230868
65.28265032
69.90652758
69.52576681
69.23013078
64.69238759
74.79297904
64.76997258
69.90999592
77.01354287
67.22757406
70.98284889
72.08109301
65.33458148
69.96034003
72.69737303
72.66376137
76.06058282
76.44434711
70.33870887
70.20693133
73.78694271
73.97654584
74.99908707
70.06460332
65.17329172
73.59833458
73.49433707
74.8435651
73.99938828
71.05342413
71.50745082
72.50458536
66.09141568
74.06511297
78.19821795
87.96315873
70.60456621
138.953285
206.5660084
236.1868082
224.1740499
95.31071932
73.36946333
73.37270985
76.71373212
74.15377566
71.59086383
67.5240704
71.11008522
68.21259838
102.4513023
130.3098381
240.081668
233.5959201
226.4229535
128.9966425
171.0357808
78.77292335
120.2966874
123.7715439
218.1724093
93.92963926
67.89150506
72.61392746
74.84253686
75.84662389
77.80137875
77.16266596
70.35403977
149.1616389
81.29954168
78.13419995
182.5207539
147.2438548
79.12500173
184.1561786
150.4829928
73.13858568
77.48527639
72.20025987
74.19563505
73.53374131
95.40333818
69.87560644
71.84476471
70.52339719
70.02125863
71.80407256
69.6802891
69.32598155
69.57717018
74.17506736
147.404371
214.2564577
242.1337577
231.6532119
105.0104108
71.30970216
71.76399076
72.93409396
73.240827
69.89112924
70.7207097
69.93144994
69.77699378
77.24209603
75.98617495
71.12989093
74.52160194
74.34368423
77.36488251
71.78481281
70.06388783
79.13372754
64.92586468
71.1044263
68.52449752
62.75098439
75.07860597
62.16578899
78.72375264
65.07470169
76.09708176
75.27350635
92.03763196
74.56391253
71.15447213
134.4902164
246.1057619
207.912502
231.3828869
167.0570704
75.72569011
72.62587582
80.16989653
77.39538239
81.58739055
79.02619899
121.6517732
74.12647981
71.61650376
75.53571172
61.38526426
70.73520838
73.01782243
63.7388867
71.24977052
73.9857771
75.77958973
69.1125996
78.63282279
67.21493358
93.51277201
132.9009845
79.86127611
72.77380202
159.3514041
69.53143419
69.42453858
173.0903991
167.9026028
174.7776543
140.7066104
70.55875457
77.09429448
77.38994265
67.40563574
212.6073646
68.74106588
78.83238149
70.20425997
71.25312503
66.87456284
178.6480777
70.19875086
74.37021535
73.83390326
55.99366447
81.06585272
61.92065278
80.22739288
73.91478444
81.33516971
78.37878043
66.83607239
74.68604854
72.55004688
67.96374485
71.83199486
69.11864146
235.5137574
171.9856234
72.94299176
73.48481237
75.48046802
72.06037877
73.12925143
67.77508409
60.36984528
74.80903555
59.52447325
69.2869652
80.52071905
62.66331342
70.5634447
74.42178847
62.22073713
71.44419225
76.33334892
78.23689567
121.6916392
67.92796706
69.17346537
67.53158761
67.36188964
148.965958
64.31227253
220.6291399
249.0501076
237.1760868
184.8333119
109.128267
60.83747522
65.07599484
71.70746974
71.61793281
71.3514144
70.54726316
75.55878053
77.602542
70.34157848
69.75804892
71.2983999
74.28152258
71.43041889
76.19837978
68.13037223
61.55330501
81.11186498
68.83359653
54.36869418
74.62066975
79.78285556
72.66399875
75.87089745
71.41926401
75.97562696
70.51317224
76.07733562
70.33331313
92.33095599
81.57288271
172.1462862
87.6855243
133.203832
71.47627711
71.57951182
78.337076
68.25407144
164.4244498
166.0859959
71.76906457
72.86160426
174.0808255
163.2114668
70.41465542
75.86095792
68.78705267
73.82263796
70.83040411
101.4979394
68.84243668
75.66441031
75.16768677
73.98155986
75.8049553
78.50421701
63.72257043
169.803765
69.64450327
75.06218113
74.57736427
71.19461333
67.38315933
80.19887288
82.42060561
138.7199998
72.00924212
73.98111817
89.52076395
143.9017989
137.3048575
249.5847141
79.58300134
80.51178972
70.95037444
80.82823117
68.14800279
66.36080897
62.38686811
72.46978004
74.88578367
69.40467151
57.32363233
74.6637863
56.44855696
68.31958641
81.70979576
59.78008076
70.44367605
61.04959192
71.85007638
80.30001592
81.06483327
69.74646876
71.16095105
77.98540522
74.22213654
74.33557319
76.73779455
94.6663887
155.252447
253.6428589
241.0051007
188.1092865
113.8782862
70.40510519
74.63736501
78.41546488
71.2658376
65.19223421
75.13335996
73.26150974
76.12209782
67.42322984
59.20746832
82.05011991
68.99612569
55.51885493
63.88896669
68.68924781
68.76885827
72.96606244
71.5675646
71.08906086
72.80497666
74.2587083
74.65961943
140.8759574
81.56721953
78.27269324
68.05824726
66.63275576
81.41679202
122.0590206
159.5966935
71.22102488
59.39087509
56.65309303
61.6959147
73.88517127
97.70793659
81.04125554
77.65997813
72.28959065
73.58234374
71.81829763
132.8122436
73.54628737
94.44054373
120.2449838
75.15586416
76.6133229
163.6224719
123.0949005
157.9196673
160.5775849
69.75447152
71.98496242
212.8767244
249.4835328
214.5604515
241.14527
137.8583681
107.3141602
61.46386806
68.45197575
176.6230033
82.0316083
75.86420541
77.89550254
59.35228846
78.41166973
81.21319494
71.86768133
72.01956024
71.41632209
59.01304966
74.26996321
74.42425082
74.87900563
74.32374749
75.38180274
75.3902909
75.00627222
69.17238565
79.40768168
79.30375847
95.02912089
113.8456025
70.83407681
76.77623627
67.58302038
177.0300316
213.8952307
245.7882088
275.0911529
283.7057377
250.4062831
187.4386814
110.5819642
67.38159618
68.39089898
72.15533751
72.68590076
71.88164014
70.79262645
69.74841446
69.03520593
68.5096358
68.197928
67.71310199
72.81519907
168.1397264
252.1693552
196.671171
115.9545963
77.33021951
76.42832889
79.19026123
77.08601189
79.84698713
80.86281676
80.71470994
81.02001863
76.40942801
71.73711826
53.29272464
71.06412153
68.77773764
82.2608444
56.84523155
70.93919092
75.71205168
61.9717761
72.90650782
78.92532359
74.46380586
70.937135
75.15814677
78.15423436
72.79054677
78.03422324
54.09750204
72.34322465
78.6030364
73.14098844
71.01736306
75.51997044
68.86051722
56.98741231
82.05504802
53.97240166
73.5414219
78.62675303
115.2371273
73.71203396
74.936391
77.31630424
77.39192221
69.33002198
72.2005963
80.44796717
78.48981667
72.32190063
71.32037247
73.13141105
75.17468772
79.78428111
120.2065455
161.1862805
153.9019476
161.7041027
79.95917145
80.87611739
90.16100359
157.2065806
116.3077743
73.55505124
80.44686737
69.18723485
224.2091784
85.30016902
80.86391252
57.47364013
79.40229855
196.2981336
228.0192116
263.7700366
80.61142573
70.68203361
72.84547528
56.6481748
90.17587026
80.5768675
77.16992666
72.39151987
70.24455352
60.77929168
80.90385303
80.99888663
71.57466958
68.02891845
73.08347942
78.27840854
74.29839866
71.69320206
53.97973305
79.41435668
76.06461492
57.4390399
75.35159083
65.45267904
74.57467389
75.26061932
74.87579959
75.48911995
77.04357382
77.82979513
75.07958976
124.9245282
75.47484152
75.2816551
69.89211225
52.18964821
84.18522201
85.36312553
71.0959363
73.98816362
64.14072507
77.4287114
74.23386353
72.04207992
72.41715989
61.66922278
120.0160904
394.5268467
394.2015974
75.19609687
75.29440153
82.78329405
401.5543249
78.16294665
82.10901543
75.00114892
71.68080899
70.2130194
54.48908251
46.77062621
73.24465241
79.80788002
55.38149478
72.96260661
49.08542908
72.52610674
72.01530073
62.88880717
65.96185938
72.16980944
72.57360761
65.53523328
60.34906545
78.46804206
75.23151141
80.54239754
73.39641232
73.71046657
73.37410414
74.99543831
73.26131845
73.65534238
67.26850053
73.41324016
73.97226275
74.29315936
75.57116589
95.48078049
98.10510112
129.0629002
75.48768388
70.05839651
75.67252621
79.39100413
77.23759498
79.88705751
83.3058468
96.23939375
152.3825946
139.4587672
74.80431378
74.68052735
73.39209743
113.4306706
136.9158112
80.75792284
66.8787728
80.62826653
64.7833842
84.00784028
81.60197847
76.75193358
75.37797669
75.06228209
77.40154785
74.95637909
136.3720288
149.8376034
71.32363781
50.99187858
91.93375292
51.25881306
82.33303912
73.82578985
65.89803494
75.78523952
50.84268919
338.2821421
391.5127763
238.2492497
77.64267913
73.59523049
74.25978537
68.41554671
73.72393395
73.73042083
73.00474673
73.67369441
73.58503215
74.62698162
73.64117921
74.29307812
228.3179808
276.9622186
129.1903327
79.18803728
73.98690924
69.31822544
90.2506771
405.9244095
400.5390983
378.97778
374.4076177
226.5200325
67.62039992
49.4675206
82.62437494
73.40255411
73.30581623
64.71835792
71.39208163
80.1553048
73.86639343
74.21778172
79.94595028
80.80274054
50.84342984
70.53996829
341.149192
63.53595839
83.63039064
58.33976654
203.1003806
74.7994845
75.2837876
72.8291202
71.51078977
70.31473186
80.01883376
75.73678918
77.54651694
62.90158277
81.37757111
74.69020074
186.4668437
69.5740815
99.15381701
74.74934
198.9187671
88.34404975
73.47008745
81.05664732
73.59360947
72.69649075
75.9361034
70.82697017
76.44905116
38.88262359
70.61003999
70.65430197
70.81375335
62.76300561
72.83558054
76.57830197
123.3245623
63.4761946
79.34359642
63.87389609
79.91863899
64.08736919
81.1887337
62.80014757
67.48052044
104.93036
131.7501467
155.1145891
73.05932759
68.27252956
70.13912941
85.91238122
98.41899232
79.59381765
72.70960892
65.56502647
69.60564743
75.68214072
75.50828094
92.28411572
68.67882955
86.02198728
82.00961451
84.77846844
86.17887471
78.59857175
58.389224
161.9723966
69.64500184
72.27853113
69.92212831
73.6400541
101.4370496
90.25732342
72.30384753
159.3566926
60.9526322
104.6949978
127.6343058
78.22247049
70.20748642
64.54412744
74.45822477
88.00040742
98.78484738
157.5928019
166.1973462
76.48950639
116.1710088
81.62438826
92.46610673
99.33532593
95.08597684
94.75436306
65.3577642
70.93737036
69.96482288
82.38692439
78.50895367
80.56638028
129.0177541
141.3810878
88.97249558
68.96074208
90.02503673
78.24140071
73.22784081
75.74540033
78.9855304
69.73799211
90.10765823
77.93357678
89.31280734
88.0130505
95.01053254
93.21016351
58.0330443
54.95745357
78.95218526
91.16970722
135.8571212
97.41241405
99.81087186
93.61850051
82.00073772
89.76458199
45.36907107
35.89249846
95.75325428
91.68535073
70.7721871
105.0538765
71.26024596
71.01175466
104.8706589
51.35648342
71.65857992
71.80392938
84.83264406
47.85991004
96.77246139
63.39215207
34.31256668
55.18670753
88.7117203
81.283987
36.89446507
46.25733805
78.16325977
69.89288806
93.70165065
70.56488749
72.87770525
34.91374895
50.39410689
86.68504575
59.03993988
72.4650743
104.9241614
84.0986669
85.05060479
58.61616871
73.80563252
86.27643853
64.92017377
29.16750512
42.64714968
50.17680802
53.9886454
88.93812383
86.10248864
76.95557297
76.10637324
86.28639272
35.62752464
97.57940841
100.7331992
18.57975079
40.33865737
45.09083608
39.05378575
38.70918523
56.28295898
70.05059843
70.05119362
70.30205067
70.93641304
70.57431144
70.51575116
70.37159883
70.67625194
103.8840146
100.8754845
108.8614053
73.71316531
74.01209337
89.95986166
99.99299804
93.71561608
70.17897482
70.58838578
90.73274318
73.75336258
70.27337409
70.30745696
70.41526089
70.85610498
70.72224029
91.63422577
71.78631177
69.98239664
71.12091778
70.75650873
71.61102204
102.449424
69.03966881
74.31209568
104.5318314
70.3043943
78.26088825
156.2900363
145.3282963
74.44953472
103.8536261
137.2738395
69.31602483
67.36929343
68.01532151
67.78749727
69.49306768
89.60651321
85.44609045
77.38256832
77.44243147
71.58636775
71.68801781
69.70547564
68.03823193
67.17330831
68.48006111
67.48188085
66.90891159
66.82441661
77.41261241
72.49497056
75.17752388
105.3310324
94.58722252
77.09955796
1.970090826e-07
1.372048427e-05
109.2971286
105.2835795
78.87965416
64.23140682
75.08356849
75.1631127
63.66391622
65.89116393
66.5395377
81.46081093
68.52837551
70.41432513
72.13504951
74.15716047
72.37500327
69.30000427
68.49229684
68.28614675
69.15662024
80.62608228
86.54191374
66.38781488
67.86962741
69.05591951
72.61686412
78.13904936
70.30992326
76.05546036
78.94627207
68.47136169
70.85427534
72.57781741
70.17915091
72.69648269
81.39558711
83.29152948
74.55512007
76.69758754
78.71728969
75.11530493
80.96760144
69.70980466
69.13021876
84.0126208
63.38725641
66.48780629
64.47037228
67.75925691
67.9491759
68.80235243
67.07427016
66.43231141
66.05969886
68.07781706
68.72433303
69.46218721
68.22540013
72.15882942
71.90066175
78.48517977
79.75978447
68.80740636
90.56999898
59.60774224
60.68501023
60.97870329
159.3767568
69.34198061
64.3018545
114.5405089
129.749756
140.4526551
106.9742816
96.87605575
114.3780601
81.33933348
62.43210292
74.99572522
78.52611835
83.08547479
70.23566737
70.39289756
69.8951013
70.79341915
69.38925286
68.696715
75.49255163
72.80324437
71.47879508
83.01842514
81.9770441
60.9673759
83.61138018
87.01906682
83.84937591
78.33267208
81.87010633
100.6480038
65.00115935
74.03351196
77.50450501
77.66842204
87.36015381
81.24973662
66.17692558
67.01445421
67.55746351
69.63544584
63.00764256
65.31274503
64.22701984
65.53292768
65.59643137
66.07749299
65.13597792
66.92085755
74.08347391
78.33118961
87.05460153
46.57702141
67.27203351
75.76972631
67.81126729
61.98186713
58.45803981
57.92446478
67.68456389
57.50462284
64.35033282
58.24556629
88.29017158
184.9513802
167.848893
65.73629422
65.93069768
60.17578833
64.16937971
65.4013132
96.32489173
192.1231662
180.268609
96.25121983
91.86609995
68.74763874
70.30969868
108.4578928
92.04350225
95.11674916
94.48895226
60.53516929
91.79708065
88.19749006
68.88465222
74.10679017
78.37342983
92.86621393
86.19357538
88.56013517
72.81544015
69.86640461
84.62430181
58.83947217
65.43163279
70.5626922
71.80272994
71.87772732
71.46933081
70.60867589
64.18660803
67.20698259
69.86801789
69.13984982
59.19568099
59.19684495
85.92582413
72.51178704
79.91475622
95.84571332
77.68622106
71.7406354
69.77863633
67.50432828
67.98248621
66.6667087
65.20187145
64.32739238
64.63918173
65.46727862
66.9389359
71.41459907
68.67271203
72.74155345
60.16091165
63.86541448
63.40756996
62.50667948
147.4491175
168.5105181
126.1736212
141.9015282
73.29617444
74.43343507
75.9740882
71.37473397
89.39353933
84.86158734
63.97584872
67.35045896
62.38254342
86.16309551
101.4478973
70.13272512
63.52701866
74.07362642
74.37670777
125.9274416
62.93271102
80.71458553
123.6638518
120.0830622
70.09431287
71.69086744
76.56835586
110.4751027
107.6336705
96.65260254
71.37592025
70.52225211
81.87325043
75.26857035
69.34780674
70.79060828
71.45917783
81.09309082
67.76040785
81.42178332
93.50241837
92.99542287
93.34712208
93.15901021
93.14995797
69.15409614
98.76453723
85.6925992
69.55995274
72.09113607
80.49758089
65.96606523
59.96633368
61.24635912
71.9137168
71.2004124
70.48644588
67.61954493
66.77582021
68.13175083
70.05757909
63.98251516
66.87697089
72.6475406
68.21945576
78.44072695
77.61409459
100.514503
100.2682148
89.35436625
66.95551097
57.87548857
65.49346216
62.22696602
75.3145579
78.09148624
79.87669346
80.59482342
76.87143737
57.33335823
67.95478628
70.3520623
70.57415343
151.6771462
174.462409
150.8443948
77.31423064
75.26523552
73.9051311
106.746522
77.97079758
78.11649423
82.54468851
91.89426507
101.8840341
52.9558501
58.70206534
99.03186418
52.69398716
77.15821415
111.2808588
111.125197
100.9109904
94.06751993
96.15340991
98.23824648
81.54163035
91.80463876
78.18540922
75.38471224
74.64578387
71.70959588
69.72942023
70.74861432
69.54941537
70.02607577
71.92121366
74.11193363
73.31610443
99.14329282
96.23649043
72.38667843
68.91093099
71.15693542
72.70524251
71.99255925
69.23499122
70.39291544
70.34733955
70.34242785
64.75404922
62.24315218
65.33342693
67.39306109
64.56724735
66.05085246
68.96306932
63.8630305
64.52099818
65.28258338
66.56430668
66.52763642
64.7149926
69.95725812
64.84133459
77.46798262
86.58743498
99.7600961
79.98821056
58.89040256
112.6871532
71.89505986
64.09685915
63.56012165
68.20779348
66.87606674
64.62838983
137.8592315
105.0540307
83.21321527
79.68073485
79.14010226
71.32526859
63.26899123
77.23362283
86.55448024
74.83310684
132.425262
159.6669139
99.44214996
100.1309039
79.79870577
39.57435561
99.55205127
94.67016722
80.8904134
77.74582846
74.24422533
76.16748059
79.12125399
76.0949071
74.67119643
72.90810951
86.79587837
70.19087057
72.84956033
69.76181831
69.47501626
92.60509525
74.21756454
96.44680656
69.45635601
41.05104349
44.51908705
93.79005979
80.17641211
80.32021584
75.96185427
76.7723754
88.82055982
153.6214901
79.35452738
64.79927108
63.47304384
63.82843025
64.35336721
66.54368486
65.85997317
69.24120451
72.21483569
71.22424422
70.31337105
70.04263292
70.19790818
70.52257662
70.75700811
70.78907265
70.48750704
71.01663978
69.78931031
71.04177308
70.59062077
66.02132182
65.13997555
61.35273734
72.85969487
72.68579331
74.18191025
101.4821538
80.64334053
85.16202837
119.1500107
67.54267901
73.23842667
155.72694
67.66829593
69.4809401
68.15537613
91.7384781
66.04272859
76.1932075
85.46268949
100.4964303
102.3996056
100.6624977
99.85310542
70.22463993
140.6368898
117.7428332
61.0752225
149.4898633
69.63585038
64.64069813
90.58691815
89.86471934
84.15387145
102.2832577
127.6416071
90.23931093
38.3262251
67.55660005
51.84712122
34.93786153
38.85755517
88.15953314
67.26416908
53.66449383
74.98499252
77.38284813
76.68043881
71.59936308
75.18615089
72.13290507
94.27143963
97.68731047
100.791202
97.39827141
98.22647633
96.58864477
75.44132428
73.25884257
78.14079875
71.4696644
68.52403126
89.93727281
68.96078685
81.65223765
98.42928844
70.63544974
71.6188984
73.94149677
79.28067
77.00194996
107.2916856
94.91590136
109.2977472
103.1802598
74.46910623
61.93066914
98.76529765
60.52215686
62.99055531
78.53935719
77.29210603
70.27047188
70.72088224
70.6003095
64.51046191
63.94598049
64.0802729
65.22814835
66.94956245
69.15026069
71.93161913
71.88651947
71.03456206
73.61730119
72.68837987
76.15694382
113.2487609
70.71420697
79.7052434
55.79716982
76.28418218
43.67007023
44.19393858
65.3719017
77.98960072
88.38027252
85.25087752
50.28840272
96.64874336
92.92847678
112.1803589
76.59892804
95.60897485
95.97414783
83.96042905
78.10121826
69.29513648
37.55681259
42.32758489
38.39839262
78.0089336
97.84806605
102.9753423
98.76951965
95.50242827
78.50342795
84.01281497
97.45469434
68.81048724
100.2217884
71.43662808
76.52040518
78.02949614
75.79699363
78.50932435
59.85754239
82.30928071
79.31411826
62.38688074
66.00879145
63.17405118
62.96992245
65.88260799
63.07466783
78.670214
84.58600403
101.1957499
89.41785904
71.46191726
70.64801832
69.77015542
69.98440873
70.02572086
70.59932022
70.74362513
70.85113025
70.34401185
70.67427332
69.96394121
70.3686033
66.00500245
69.36534712
72.36629082
74.09154329
72.32252162
71.94535421
71.2644011
105.8344762
135.9845564
121.9231364
80.06375475
71.31016717
70.7871631
71.36752287
71.06672598
71.16179744
70.22811589
71.48622369
70.28535916
63.51993436
95.26587682
95.9493295
94.04317266
89.25799072
103.5498911
87.53975326
90.59411827
87.23923221
84.38574546
81.3269192
75.20121594
87.74881843
35.23012761
52.22159191
48.14217277
35.60035759
62.47555793
43.00951735
63.64069649
62.82809575
69.68846521
70.02625598
70.9239663
71.03418444
72.10898381
77.38000955
95.40090629
96.05861651
118.5028483
94.41173233
68.21426062
64.92173833
66.46348683
67.715833
66.34169045
79.59385699
107.2474782
69.83025892
69.91606221
69.81230488
91.53268237
94.1123064
71.35145175
70.8656208
70.78350617
70.6610748
70.57772117
72.16664142
72.14070344
126.3852429
108.4969381
100.2785346
88.0114758
83.79315754
38.07657139
61.98151217
73.36096634
97.67599808
96.75872678
93.33695232
99.09253219
92.66271402
92.82097531
69.51947318
69.8641692
69.99898867
70.48919651
70.3078533
70.36598687
72.05697608
72.27757045
80.8219904
82.54509081
79.36694184
102.7546212
115.3495176
130.1131795
79.61778458
104.857778
101.9128886
96.10219386
100.6016746
108.976422
33.64331946
30.96571539
45.74137377
74.39314713
68.53318947
64.96539608
63.96659997
60.96564145
58.23244695
68.3646254
41.55861393
42.59121695
50.49140193
50.4423777
36.01728691
30.30470394
106.1333566
105.5566131
102.0191859
96.49737677
87.73046901
78.41278413
83.24335227
76.2192366
81.78582364
87.34512972
90.80665965
91.35630845
90.55057888
99.14936868
98.17640057
99.01447134
94.87812294
93.64375331
93.90350975
94.8709825
92.8073642
87.25127222
82.80347042
95.54782225
84.9973756
71.1360811
70.47702667
70.39516715
70.47503286
70.03520488
72.00522752
71.62279606
71.7196816
71.36002218
71.15342681
71.24025299
70.68647215
70.02488372
70.60474191
70.09866544
70.98263809
74.85204991
71.27676084
72.60243259
96.77004644
87.84380809
96.9344211
117.873419
93.47281312
70.3358606
69.14006762
69.88681593
67.77512171
64.80484186
72.5683947
67.89699064
66.0318106
65.22436991
105.6997974
114.1218025
73.36828937
101.0203173
108.6146582
90.36108262
118.0788765
101.9570824
103.803424
104.3704605
24.68761573
101.5498849
90.06925576
58.86501477
55.8614555
68.29697222
71.78464524
63.14984442
38.44907933
59.31049788
71.77584706
108.5039465
105.9006279
101.3228549
99.49528188
95.47919857
97.35851315
84.15127861
84.62383469
77.73958838
70.62156946
53.32805982
61.37793041
94.98274335
89.19060711
90.6193156
88.37901711
78.60673107
70.54800228
72.3940278
54.94826533
40.35717596
40.40260424
39.46614783
41.09707114
27.1504046
74.75420352
96.09597683
70.9234298
70.73527989
70.68328237
70.49252012
70.40932372
70.43488702
70.84905953
70.37403228
70.4148732
70.4656208
71.03463387
71.3796499
72.0980664
71.36573354
71.68680872
71.14219076
68.5661926
70.50451324
70.42889175
70.52971381
69.79621594
65.56288196
70.04711609
65.01077033
71.1530459
83.34444853
96.9559608
70.465918
70.17446849
71.61197517
69.88894283
69.97338165
70.56698784
70.27050783
97.2217118
96.7306778
92.80961556
88.18307521
64.02634588
43.32151745
42.37952629
54.44692888
35.61095177
92.40234406
114.4614133
113.967761
71.01354586
86.74294345
96.75645897
106.7622023
91.48990678
47.15288999
104.748066
55.49466256
38.66792298
69.4448283
78.78903254
96.64873396
82.18200432
93.69495199
90.95699546
85.76814698
88.69750863
72.116355
99.79831943
39.05225157
99.43640084
108.0238724
70.71944932
70.82729375
71.05064033
70.57873615
70.50524738
70.3558405
70.36165237
70.48045827
70.73081419
71.05495729
70.86510845
70.69757885
71.11619479
70.46870336
70.9613083
70.76028288
70.78759836
70.38301837
70.48401316
67.34851258
70.47155841
70.58095724
71.03221884
70.35082951
69.31352939
68.76432222
70.74686251
71.319772
63.4290262
71.73370939
72.40786953
75.2340838
116.4265799
94.7668605
79.65970641
72.7860961
70.2623406
69.98426352
70.33412736
69.99278037
70.03556836
70.12213121
70.44773946
69.99398113
61.41781428
90.10485081
107.9561769
95.96447716
119.4225579
105.5502648
94.21344393
75.02881902
37.29898111
62.99938785
53.32329001
15.10754809
109.7529532
120.7131442
106.3747578
121.9568649
10.70082082
88.11479676
104.8515942
28.79496605
72.59433906
108.8532394
65.95443827
58.2943168
82.30084854
92.40402763
88.81571315
84.62110965
89.01370704
72.8142173
70.39825064
77.07548112
82.05117287
84.73984093
87.33889246
88.45174479
91.54968872
88.15953412
90.39768416
90.12709508
84.7845436
74.72549828
50.84294758
39.77648792
104.3036047
99.19509426
95.40583153
98.0805669
109.5519216
99.46682627
101.5013307
81.47618237
75.72206282
43.28286079
61.0710408
41.01116004
56.81883568
92.38208091
84.25126917
92.37220152
50.19617928
47.29119181
43.28725117
52.01380985
81.08544546
22.28387268
43.94780861
42.26358586
58.9359408
47.7094414
44.86463896
47.19853664
51.94370862
51.39245466
43.51938246
46.83620488
40.78342376
27.09103173
53.71770397
54.95142261
39.38316234
48.44458794
60.48209892
72.17722883
74.61888106
68.76832588
77.84048715
84.51800841
79.16772368
69.21689164
82.8219111
76.82597948
62.41599705
66.39523564
76.92578003
71.38812126
72.84064872
70.3048485
70.39075448
69.32720889
72.18088407
79.98883047
72.86281272
78.52991492
85.96726397
70.38566887
70.55545667
70.84088026
70.57965947
70.81002492
70.68663084
70.48213902
70.34047791
70.37777021
70.36191148
70.09525412
70.66200164
70.01862234
70.32271918
71.22948526
70.68714945
71.024985
70.94375551
70.54240601
70.60109598
70.63922933
70.90384891
70.80301729
70.43252474
95.59237665
88.9889722
94.16133745
67.75889195
52.97674288
48.70475386
83.1281831
65.34262626
40.97820553
17.06069925
47.57429544
62.83275316
57.48766395
38.80764878
85.76673689
88.17389095
89.45559273
89.9027819
72.51501459
102.9396492
94.02024939
96.78773659
104.4677806
120.9802555
85.29355055
89.41621488
75.58365337
58.4450238
60.46745359
55.83177808
50.6332804
54.08543906
81.5517882
93.16350585
78.93381479
82.99246842
56.09892223
65.61218269
60.64816199
51.41437302
56.84325346
97.6454639
110.7944578
116.8312838
99.62948714
149.784428
123.6908437
94.83795906
60.28312512
44.45628561
29.31092149
51.04974455
73.60640505
86.44464182
87.6387739
82.65752848
89.08039792
44.18227974
90.6513782
61.85922099
77.58024196
76.15580155
53.25880144
39.46041739
37.31484539
39.49835725
56.40624896
79.44097064
123.1176344
117.1856594
119.7041587
118.9106206
33.57834498
12.15341904
92.7398302
53.32803924
42.98718749
62.50026759
54.25450271
56.9368641
39.94465455
74.42850036
65.68953416
48.80389322
58.66987989
80.54058442
67.44860542
22.41952618
8.286011742e-07
43.9548489
117.1915511
56.57944294
63.34713388
49.19119507
62.43470821
78.11464808
68.38339283
68.88990664
89.46201731
63.20027491
85.47825699
72.92094353
65.58254408
84.06956485
71.32977138
70.8305558
70.33750633
70.18423152
70.22577906
71.37265265
71.18107133
71.27101129
104.0562302
70.68486827
93.93435694
71.85660203
84.02677282
70.52311556
70.57736752
70.60476347
70.7972733
70.56995867
70.47145503
70.26156996
70.73006296
82.15085821
58.49310691
73.56030626
66.49975499
92.56494533
71.53586567
89.08893079
89.86242512
70.33115266
70.86950022
10.3127475
70.78058256
70.07046661
70.14953067
71.37199811
70.492253
70.64107278
70.69339575
70.55004043
70.85129227
70.7951873
70.7508979
70.76119028
105.2365896
201.2085811
112.7013842
111.0127273
62.53227145
82.62308106
53.75537877
76.25501163
75.0888006
83.98342321
74.96247168
74.11201958
52.68813469
53.32229888
53.50018895
75.41918252
79.12232456
77.41410744
78.87683134
80.22651513
76.73182937
60.95160095
67.48170172
88.291542
3.814137067e-08
87.5695653
71.63109362
18.35616917
80.02806367
53.93462222
79.06339046
83.81997415
80.71019545
64.99694195
183.1780602
101.8018002
53.28728693
66.12222065
84.18396489
78.74166364
75.85917719
66.78177701
52.78606373
72.41367548
79.40833886
53.15880055
71.10573874
66.46890263
75.38018417
80.22820785
75.58443344
59.00952213
74.05957591
71.89533564
73.31255273
87.45389093
74.90674292
64.57839058
71.16552165
95.3888247
105.7359557
77.07151579
62.45760358
49.07507606
56.69784189
75.44295898
40.24474551
77.58184118
73.75479207
50.44599096
73.19684931
72.83674068
97.6518082
49.19790655
50.92521769
75.71560849
53.25815158
77.98243129
90.04052185
71.95004376
86.24375069
73.17073215
70.45295271
71.07895481
87.03483778
70.28243802
70.71944588
70.64249785
70.82174481
70.76245116
71.02089366
70.85025728
70.76161747
70.73510916
71.07750732
89.27520511
75.26209825
70.36995214
112.1676049
70.60994106
65.97790347
75.40551638
114.3057022
83.82736292
81.73478818
38.20527519
74.90480372
75.62030669
81.26226803
74.9565244
54.1928384
75.23165428
57.72051375
69.79118611
79.58120491
53.19454899
65.29364185
71.74586834
74.38441341
72.59589302
70.93350332
70.93409376
70.9753541
70.86974635
50.94216079
51.42242383
69.4848112
75.9822137
79.61072758
70.88843065
70.93023407
93.04187283
97.20104017
77.67092635
60.02420527
97.08458241
72.61394991
33.48577027
90.0164181
</DataArray>
<DataArray type="Int32" Name="rank" format="ascii">
3
3
3
3
3
3
3
3
3
3
3
3
3
3
3
3
3
3
3
3
3
3
3
3
3
3
3
3
3
3
3
3
3
3
3
3
3
3
3
3
3
3
3
3
3
3
3
3
3
3
3
3
3
3
3
3
3
3
3
3
3
3
3
3
3
3
3
3
3
3
3
3
3
3
3
3
3
3
3
3
3
3
3
3
3
3
3
3
3
3
3
3
3
3
3
3
3
3
3
3
3
3
3
3
3
3
3
3
3
3
3
3
3
3
3
3
3
3
3
3
3
3
3
3
3
3
3
3
3
3
3
3
3
3
3
3
3
3
3
3
3
3
3
3
3
3
3
3
3
3
3
3
3
3
3
3
3
3
3
3
3
3
3
3
3
3
3
3
3
3
3
3
3
3
3
3
3
3
3
3
3
3
3
3
3
3
3
3
3
3
3
3
3
3
3
3
3
3
3
3
3
3
3
3
3
3
3
3
3
3
3
3
3
3
3
3
3
3
3
3
3
3
3
3
3
3
3
3
3
3
3
3
3
3
3
3
3
3
3
3
3
3
3
3
3
3
3
3
3
3
3
3
3
3
3
3
3
3
3
3
3
3
3
3
3
3
3
3
3
3
3
3
3
3
3
3
3
3
3
3
3
3
3
3
3
3
3
3
3
3
3
3
3
3
3
3
3
3
3
3
3
3
3
3
3
3
3
3
3
3
3
3
3
3
3
3
3
3
3
3
3
3
3
3
3
3
3
3
3
3
3
3
3
3
3
3
3
3
3
3
3
3
3
3
3
3
3
3
3
3
3
3
3
3
3
3
3
3
3
3
3
3
3
3
3
3
3
3
3
3
3
3
3
3
3
3
3
3
3
3
3
3
3
3
3
3
3
3
3
3
3
3
3
3
3
3
3
3
3
3
3
3
3
3
3
3
3
3
3
3
3
3
3
3
3
3
3
3
3
3
3
3
3
3
3
3
3
3
3
3
3
3
3
3
3
3
3
3
3
3
3
3
3
3
3
3
3
3
3
3
3
3
3
3
3
3
3
3
3
3
3
3
3
3
3
3
3
3
3
3
3
3
3
3
3
3
3
3
3
3
3
3
3
3
3
3
3
3
3
3
3
3
3
3
3
3
3
3
3
3
3
3
3
3
3
3
3
3
3
3
3
3
3
3
3
3
3
3
3
3
3
3
3
3
3
3
3
3
3
3
3
3
3
3
3
3
3
3
3
3
3
3
3
3
3
3
3
3
3
3
3
3
3
3
3
3
3
3
3
3
3
3
3
3
3
3
3
3
3
3
3
3
3
3
3
3
3
3
3
3
3
3
3
3
3
3
3
3
3
3
3
3
3
3
3
3
3
3
3
3
3
3
3
3
3
3
3
3
3
3
3
3
3
3
3
3
3
3
3
3
3
3
3
3
3
3
3
3
3
3
3
3
3
3
3
3
3
3
3
3
3
3
3
3
3
3
3
3
3
3
3
3
3
3
3
3
3
3
3
3
3
3
3
3
3
3
3
3
3
3
3
3
3
3
3
3
3
3
3
3
3
3
3
3
3
3
3
3
3
3
3
3
3
3
3
3
3
3
3
3
3
3
3
3
3
3
3
3
3
3
3
3
3
3
3
3
3
3
3
3
3
3
3
3
3
3
3
3
3
3
3
3
3
3
3
3
3
3
3
3
3
3
3
3
3
3
3
3
3
3
3
3
3
3
3
3
3
3
3
3
3
3
3
3
3
3
3
3
3
3
3
3
3
3
3
3
3
3
3
3
3
3
3
3
3
3
3
3
3
3
3
3
3
3
3
3
3
3
3
3
3
3
3
3
3
3
3
3
3
3
3
3
3
3
3
3
3
3
3
3
3
3
3
3
3
3
3
3
3
3
3
3
3
3
3
3
3
3
3
3
3
3
3
3
3
3
3
3
3
3
3
3
3
3
3
3
3
3
3
3
3
3
3
3
3
3
3
3
3
3
3
3
3
3
3
3
3
3
3
3
3
3
3
3
3
3
3
3
3
3
3
3
3
3
3
3
3
3
3
3
3
3
3
3
3
3
3
3
3
3
3
3
3
3
3
3
3
3
3
3
3
3
3
3
3
3
3
3
3
3
3
3
3
3
3
3
3
3
3
3
3
3
3
3
3
3
3
3
3
3
3
3
3
3
3
3
3
3
3
3
3
3
3
3
3
3
3
3
3
3
3
3
3
3
3
3
3
3
3
3
3
3
3
3
3
3
3
3
3
3
3
3
3
3
3
3
3
3
3
3
3
3
3
3
3
3
3
3
3
3
3
3
3
3
3
3
3
3
3
3
3
3
3
3
3
3
3
3
3
3
3
3
3
3
3
3
3
3
3
3
3
3
3
3
3
3
3
3
3
3
3
3
3
3
3
3
3
3
3
3
3
3
3
3
3
3
3
3
3
3
3
3
3
3
3
3
3
3
3
3
3
3
3
3
3
3
3
3
3
3
3
3
3
3
3
3
3
3
3
3
3
3
3
3
3
3
3
3
3
3
3
3
3
3
3
3
3
3
3
3
3
3
3
3
3
3
3
3
3
3
3
3
3
3
3
3
3
3
3
3
3
3
3
3
3
3
3
3
3
3
3
3
3
3
3
3
3
3
3
3
3
3
3
3
3
3
3
3
3
3
3
3
3
3
3
3
3
3
3
3
3
3
3
3
3
3
3
3
3
3
3
3
3
3
3
3
3
3
3
3
3
3
3
3
3
3
3
3
3
3
3
3
3
3
3
3
3
3
3
3
3
3
3
3
3
3
3
3
3
3
3
3
3
3
3
3
3
3
3
3
3
3
3
3
3
3
3
3
3
3
3
3
3
3
3
3
3
3
3
3
3
3
3
3
3
3
3
3
3
3
3
3
3
3
3
3
3
3
3
3
3
3
3
3
3
3
3
3
3
3
3
3
3
3
3
3
3
3
3
3
3
3
3
3
3
3
3
3
3
3
3
3
3
3
3
3
3
3
3
3
3
3
3
3
3
3
3
3
3
3
3
3
3
3
3
3
3
3
3
3
3
3
3
3
3
3
3
3
3
3
3
3
3
3
3
3
3
3
3
3
3
3
3
3
3
3
3
3
3
3
3
3
3
3
3
3
3
3
3
3
3
3
3
3
3
3
3
3
3
3
3
3
3
3
3
3
3
3
3
3
3
3
3
3
3
3
3
3
3
3
3
3
3
3
3
3
3
3
3
3
3
3
3
3
3
3
3
3
3
3
3
3
3
3
3
3
3
3
3
3
3
3
3
3
3
3
3
3
3
3
3
3
3
3
3
3
3
3
3
3
3
3
3
3
3
3
3
3
3
3
3
3
3
3
3
3
3
3
3
3
3
3
3
3
3
3
3
3
3
3
3
3
3
3
3
3
3
3
3
3
3
3
3
3
3
3
3
3
3
3
3
3
3
3
3
3
3
3
3
3
3
3
3
3
3
3
3
3
3
3
3
3
3
3
3
3
3
3
3
3
3
3
3
3
3
3
3
3
3
3
3
3
3
3
3
3
3
3
3
3
3
3
3
3
3
3
3
3
3
3
3
3
3
3
3
3
3
3
3
3
3
3
3
3
3
3
3
3
3
3
3
3
3
3
3
3
3
3
3
3
3
3
3
3
3
3
3
3
3
3
3
3
3
3
3
3
3
3
3
3
3
3
3
3
3
3
3
3
3
3
3
3
3
3
3
3
3
3
3
3
3
3
3
3
3
3
3
3
3
3
3
3
3
3
3
3
3
3
3
3
3
3
3
3
3
3
3
3
3
3
3
3
3
3
3
3
3
3
3
3
3
3
3
3
3
3
3
3
3
3
3
3
3
3
3
3
3
3
3
3
3
3
3
3
3
3
3
3
3
3
3
3
3
3
3
3
3
3
3
3
3
3
3
3
3
3
3
3
3
3
3
3
3
3
3
3
3
3
3
3
3
3
3
3
3
3
3
3
3
3
3
3
3
3
3
3
3
3
3
3
3
3
3
3
3
3
3
3
3
3
3
3
3
3
3
3
3
3
3
3
3
3
3
3
3
3
3
3
3
3
3
3
3
3
3
3
3
3
3
3
3
3
3
3
3
3
3
3
3
3
3
3
3
3
3
3
3
3
3
3
3
3
3
3
3
3
3
3
3
3
3
3
3
3
3
3
3
3
3
3
3
3
3
3
3
3
3
3
3
3
3
3
3
3
3
3
3
3
3
3
3
3
3
3
3
3
3
3
3
3
3
3
3
3
3
3
3
3
3
3
3
3
3
3
3
3
3
3
3
3
3
3
3
3
3
3
3
3
3
3
3
3
3
3
3
3
3
3
3
3
3
3
3
3
3
3
3
3
3
3
3
3
3
3
3
3
3
3
3
3
3
3
3
3
3
3
3
3
3
3
3
3
3
3
3
3
3
3
3
3
3
3
3
3
3
3
3
3
3
3
3
3
3
3
3
3
3
3
3
3
3
3
3
3
3
3
3
3
3
3
3
3
3
3
3
3
3
3
3
3
3
3
3
3
3
3
3
3
3
3
3
3
3
3
3
3
3
3
3
3
3
3
3
3
3
3
3
3
3
3
3
3
3
3
3
3
3
3
3
3
3
3
3
3
3
3
3
3
3
3
3
3
3
3
3
3
3
3
3
3
3
3
3
3
3
3
3
3
3
3
3
3
3
3
3
3
3
3
3
3
3
3
3
3
3
3
3
3
3
3
3
3
3
3
3
3
3
3
3
3
3
3
3
3
3
3
3
3
3
3
3
3
3
3
3
3
3
3
3
3
3
3
3
3
3
3
3
3
3
3
3
3
3
3
3
3
3
3
3
3
3
3
3
3
3
3
3
3
3
3
3
3
3
3
3
3
3
3
3
3
3
3
3
3
3
3
3
3
3
3
3
3
3
3
3
3
3
3
3
3
3
3
3
3
3
3
3
3
3
3
3
3
3
3
3
3
3
3
3
3
3
3
3
3
3
3
3
3
3
3
3
3
3
3
3
3
3
3
3
3
3
3
3
3
3
3
3
3
3
3
3
3
3
3
3
3
3
3
3
3
3
3
3
3
3
3
3
3
3
3
3
3
3
3
3
3
3
3
3
3
3
3
3
3
3
3
3
3
3
3
3
3
3
3
3
3
3
3
3
3
3
3
3
3
3
3
3
3
3
3
3
3
3
3
3
3
3
3
3
3
3
3
3
3
3
3
3
3
3
3
3
3
3
3
3
3
3
3
3
3
3
3
3
3
3
3
3
3
3
3
3
3
3
3
3
3
3
3
3
3
3
3
3
3
3
3
3
3
3
3
3
3
3
3
3
3
3
3
3
3
3
3
3
3
3
3
3
3
3
3
3
3
3
3
3
3
3
3
3
3
3
3
3
3
3
3
3
3
3
3
3
3
3
3
3
3
3
3
3
3
3
3
3
3
3
3
3
3
3
3
3
3
3
3
3
3
3
3
3
3
3
3
3
3
3
3
3
3
3
3
3
3
3
3
3
3
3
3
3
3
3
3
3
3
3
3
3
3
3
3
3
3
3
3
3
3
3
3
3
3
3
3
3
3
3
3
3
3
3
3
3
3
3
3
3
3
3
3
3
3
3
3
3
3
3
3
3
3
3
3
3
3
3
3
3
3
3
3
3
3
3
3
3
3
3
3
3
3
3
3
3
3
3
3
3
3
3
3
3
3
3
3
3
3
3
3
3
3
3
3
3
3
3
3
3
3
3
3
3
3
3
3
3
3
3
3
3
3
3
3
3
3
3
3
3
3
3
3
3
3
3
3
</DataArray>
</CellData>
</Piece>
</UnstructuredGrid>
</VTKFile>
