<?xml version="1.0"?>
<VTKFile type="UnstructuredGrid" version="0.1">
<UnstructuredGrid>
<Piece NumberOfPoints="2660" NumberOfCells="2552">
<Points><DataArray type="Float64" NumberOfComponents="3" format="ascii">
7.5 -1.000358622 0.0
7.5 -1.099681225 0.0
7.6 -1.099681225 0.0
7.6 -1.000358622 0.0
8.1 1.000358622 0.0
8 1.000358622 0.0
8 0.9003187749 0.0
8.1 0.9003187749 0.0
8 1.099681225 0.0
7.9 1.099681225 0.0
7.9 1.000358622 0.0
8.2 1.000358622 0.0
8.2 0.9003187749 0.0
8.3 0.9003187749 0.0
8.3 1.000358622 0.0
8.3 1.099681225 0.0
8.2 1.099681225 0.0
8.5 1.000358622 0.0
8.5 1.099681225 0.0
8.4 1.099681225 0.0
8.4 1.000358622 0.0
8.6 1.000358622 0.0
8.6 0.9003187749 0.0
8.7 0.9003187749 0.0
8.7 1.000358622 0.0
8 -1.000358622 0.0
8 -1.099681225 0.0
8.1 -1.099681225 0.0
8.1 -1.000358622 0.0
8.2 -1.000358622 0.0
8.2 -1.099681225 0.0
8.1 -0.9003187749 0.0
8 -0.9003187749 0.0
8.3 -1.099681225 0.0
8.3 -1.000358622 0.0
8.3 -0.9003187749 0.0
8.2 -0.9003187749 0.0
8.6 -1.000358622 0.0
8.5 -1.000358622 0.0
8.5 -1.099681225 0.0
8.6 -1.099681225 0.0
8.7 -1.000358622 0.0
8.7 -1.099681225 0.0
8.6 -0.9003187749 0.0
8.5 -0.9003187749 0.0
8.8 -1.099681225 0.0
8.8 -1.000358622 0.0
8.8 -0.9003187749 0.0
8.7 -0.9003187749 0.0
8.9 1.000358622 0.0
8.8 1.000358622 0.0
8.8 0.9003187749 0.0
8.9 0.9003187749 0.0
8.8 1.099681225 0.0
8.7 1.099681225 0.0
9 1.099681225 0.0
8.9 1.099681225 0.0
9 0.9996413783 0.0
9 0.9003187749 0.0
9.1 0.9003187749 0.0
9.099681225 1 0.0
6.9 -1.099681225 0.0
6.9 -1.199721072 0.0
7 -1.199721072 0.0
7 -1.099681225 0.0
7.3 -1.099681225 0.0
7.3 -1.199721072 0.0
7.4 -1.199721072 0.0
7.4 -1.099681225 0.0
7.5 -1.199721072 0.0
7.5 -0.9003187749 0.0
7.4 -0.9003187749 0.0
7.4 -1.000358622 0.0
7.6 -1.199721072 0.0
7.7 -1.199721072 0.0
7.7 -1.099681225 0.0
7.6 -0.9003187749 0.0
7.8 -1.199721072 0.0
7.8 -1.099681225 0.0
7.7 -1.000358622 0.0
7.7 -0.9003187749 0.0
7.9 -1.099681225 0.0
7.9 -1.199721072 0.0
7.8 -1.000358622 0.0
7.8 -0.9003187749 0.0
8 -1.199721072 0.0
7.9 -1.000358622 0.0
7.9 -0.9003187749 0.0
8.1 -1.199721072 0.0
8.2 -1.199721072 0.0
8.3 -1.199721072 0.0
8.4 -1.199721072 0.0
8.4 -1.099681225 0.0
7.8 0.9003187749 0.0
7.7 0.9003187749 0.0
7.7 0.800278928 0.0
7.8 0.800278928 0.0
7.8 1.000358622 0.0
7.8 1.099681225 0.0
7.7 1.099681225 0.0
7.7 1.000358622 0.0
7.9 0.800278928 0.0
7.9 0.9003187749 0.0
8.1 1.099681225 0.0
8.5 0.9003187749 0.0
8.5 0.800278928 0.0
8.6 0.800278928 0.0
8.4 -1.000358622 0.0
8.4 -0.9003187749 0.0
8.6 -1.199721072 0.0
8.7 -1.199721072 0.0
7.1 -1.199721072 0.0
7.2 -1.199721072 0.0
7.2 -1.099681225 0.0
7.1 -1.099681225 0.0
7.6 -0.800278928 0.0
7.7 -0.800278928 0.0
7.8 -0.800278928 0.0
7.9 -0.800278928 0.0
8 -0.800278928 0.0
8.1 -0.800278928 0.0
8.3 -0.800278928 0.0
8.2 -0.800278928 0.0
8.5 -1.199721072 0.0
8.5 -0.800278928 0.0
8.4 -0.800278928 0.0
8.8 -1.199721072 0.0
8.9 -1.099681225 0.0
8.9 -1.199721072 0.0
8.7 0.800278928 0.0
8.6 1.099681225 0.0
7.8 1.199721072 0.0
7.7 1.199721072 0.0
8 0.800278928 0.0
7.9 1.199721072 0.0
8.1 1.199721072 0.0
8 1.199721072 0.0
8.2 1.199721072 0.0
8.3 1.199721072 0.0
8.4 0.9003187749 0.0
8.4 0.800278928 0.0
8.4 1.199721072 0.0
8.6 1.199721072 0.0
8.5 1.199721072 0.0
8.7 1.199721072 0.0
8.8 1.199721072 0.0
8.8 0.800278928 0.0
9 1.199721072 0.0
8.9 1.199721072 0.0
9.1 1.099681225 0.0
8.7 -0.800278928 0.0
8.8 -0.800278928 0.0
8.9 0.800278928 0.0
9 0.800278928 0.0
8.9 -0.9003187749 0.0
8.9 -0.800278928 0.0
9 -1.099681225 0.0
8.999641378 -1 0.0
8.9 -1.000358622 0.0
9 -0.9003187749 0.0
9.099681225 -1 0.0
9.099681225 -1.1 0.0
9.199721072 -1.1 0.0
9.199721072 -1 0.0
9 -1.199721072 0.0
9.1 -1.199721072 0.0
9.099681225 -0.9 0.0
9.1 1.199721072 0.0
9.199721072 0.9 0.0
9.199721072 1 0.0
9 -0.800278928 0.0
9.1 -0.800278928 0.0
9.199721072 -0.9 0.0
9.199721072 -0.8 0.0
7.5 -0.800278928 0.0
7.4 -0.800278928 0.0
8.3 0.800278928 0.0
8.2 0.800278928 0.0
8.1 0.800278928 0.0
9.1 0.800278928 0.0
8.6 -0.800278928 0.0
9.199721072 1.1 0.0
9.299760919 -1 0.0
9.299760919 -0.9 0.0
8.2 -1.299760919 0.0
8.3 -1.299760919 0.0
8.1 -1.299760919 0.0
8 -1.299760919 0.0
7.9 -1.299760919 0.0
7.8 -1.299760919 0.0
7.7 -1.299760919 0.0
7.5 -1.299760919 0.0
7.6 -1.299760919 0.0
7.3 -1.299760919 0.0
7.4 -1.299760919 0.0
7.2 -1.299760919 0.0
7.1 -1.299760919 0.0
7 -1.299760919 0.0
8.4 -1.299760919 0.0
8.5 -1.299760919 0.0
8.6 -1.299760919 0.0
9 -1.299760919 0.0
9.1 -1.299760919 0.0
7.5 -0.7002390812 0.0
7.4 -0.7002390812 0.0
7.6 -0.7002390812 0.0
7.7 -0.7002390812 0.0
7.8 -0.7002390812 0.0
7.9 -0.7002390812 0.0
8 -0.7002390812 0.0
8.1 -0.7002390812 0.0
8.2 -0.7002390812 0.0
8.4 -0.7002390812 0.0
8.3 -0.7002390812 0.0
8.5 -0.7002390812 0.0
8.6 -0.7002390812 0.0
8.7 -0.7002390812 0.0
7.7 0.7002390812 0.0
7.8 0.7002390812 0.0
7.9 0.7002390812 0.0
8 0.7002390812 0.0
8.1 0.7002390812 0.0
8.2 0.7002390812 0.0
7.7 1.299760919 0.0
7.8 1.299760919 0.0
7.9 1.299760919 0.0
8 1.299760919 0.0
8.1 1.299760919 0.0
8.2 1.299760919 0.0
8.3 1.299760919 0.0
8.4 1.299760919 0.0
8.5 1.299760919 0.0
8.6 1.299760919 0.0
8.5 0.7002390812 0.0
8.6 0.7002390812 0.0
8.7 1.299760919 0.0
8.8 1.299760919 0.0
9 0.7002390812 0.0
9.1 0.7002390812 0.0
9.2 0.800278928 0.0
9.2 0.7002390812 0.0
9.299760919 -1.1 0.0
9.199721072 -1.2 0.0
9.299760919 -1.2 0.0
8.9 1.299760919 0.0
9 1.299760919 0.0
8.8 -0.7002390812 0.0
8.9 -0.7002390812 0.0
9 -0.7002390812 0.0
9.1 1.299760919 0.0
9.2 1.199721072 0.0
9.2 1.299760919 0.0
9.299760919 1.1 0.0
9.299760919 1.2 0.0
9.2 -1.299760919 0.0
9.299760919 0.9 0.0
9.299760919 1 0.0
9.299760919 0.8 0.0
9.1 -0.7002390812 0.0
9.2 -0.7002390812 0.0
8.7 -1.299760919 0.0
8.4 0.7002390812 0.0
8.7 0.7002390812 0.0
8.8 0.7002390812 0.0
8.9 0.7002390812 0.0
8.9 -1.299760919 0.0
9.299760919 -0.8 0.0
9.399800766 -1 0.0
9.399800766 -0.9 0.0
8.7 -1.399800766 0.0
8.8 -1.399800766 0.0
8.8 -1.299760919 0.0
8.6 -1.399800766 0.0
8.5 -1.399800766 0.0
8.4 -1.399800766 0.0
8.3 -1.399800766 0.0
8.2 -1.399800766 0.0
8.1 -1.399800766 0.0
8 -1.399800766 0.0
7.9 -1.399800766 0.0
7.8 -1.399800766 0.0
7.7 -1.399800766 0.0
7.6 -1.399800766 0.0
7.5 -1.399800766 0.0
7.4 -1.399800766 0.0
7.3 -1.399800766 0.0
7.2 -1.399800766 0.0
7.1 -1.399800766 0.0
7 -1.399800766 0.0
6.9 -1.299760919 0.0
6.9 -1.399800766 0.0
7.8 -0.6001992343 0.0
7.7 -0.6001992343 0.0
7.9 -0.6001992343 0.0
8 -0.6001992343 0.0
8.1 -0.6001992343 0.0
8.2 -0.6001992343 0.0
9.399800766 1 0.0
9.399800766 1.1 0.0
9.399800766 0.9 0.0
8.9 -1.399800766 0.0
9 -1.399800766 0.0
8.3 -0.6001992343 0.0
8.4 -0.6001992343 0.0
8.5 -0.6001992343 0.0
8.6 -0.6001992343 0.0
8.7 -0.6001992343 0.0
7.8 1.399800766 0.0
7.9 1.399800766 0.0
8 1.399800766 0.0
8.1 1.399800766 0.0
8.2 1.399800766 0.0
8.3 1.399800766 0.0
8.4 1.399800766 0.0
8.6 1.399800766 0.0
8.5 1.399800766 0.0
8.8 1.399800766 0.0
8.7 1.399800766 0.0
8.9 1.399800766 0.0
8.8 -0.6001992343 0.0
8.9 -0.6001992343 0.0
9 -0.6001992343 0.0
9.1 -0.6001992343 0.0
7.9 0.6001992343 0.0
8 0.6001992343 0.0
8.1 0.6001992343 0.0
8.2 0.6001992343 0.0
8.3 0.7002390812 0.0
9.1 0.6001992343 0.0
9.2 0.6001992343 0.0
9.399800766 -1.1 0.0
9 1.399800766 0.0
9.1 1.399800766 0.0
9.2 1.399800766 0.0
9.3 1.299760919 0.0
9.3 1.399800766 0.0
9.3 0.7002390812 0.0
9.399800766 -1.2 0.0
9.1 -1.399800766 0.0
9.2 -1.399800766 0.0
9.299760919 -0.7 0.0
9.299760919 -1.3 0.0
9.399800766 -1.3 0.0
9.399800766 1.2 0.0
9.399800766 1.3 0.0
9.399800766 0.8 0.0
9.399800766 0.7 0.0
9.2 -0.6001992343 0.0
9.3 -0.6001992343 0.0
8.8 0.6001992343 0.0
8.9 0.6001992343 0.0
9 0.6001992343 0.0
9.399800766 -0.8 0.0
9.499840613 -1 0.0
9.499840613 -0.9 0.0
9.399800766 -0.7 0.0
9.499840613 -0.8 0.0
9.499840613 -0.7 0.0
9.399800766 -0.6 0.0
9.499840613 -0.6 0.0
8.2 -1.499840613 0.0
8.3 -1.499840613 0.0
8.1 -1.499840613 0.0
8 -1.499840613 0.0
7.9 -1.499840613 0.0
7.8 -1.499840613 0.0
7.7 -1.499840613 0.0
7.6 -1.499840613 0.0
7.5 -1.499840613 0.0
7.4 -1.499840613 0.0
7.3 -1.499840613 0.0
7.2 -1.499840613 0.0
7.1 -1.499840613 0.0
7 -1.499840613 0.0
6.9 -1.499840613 0.0
7.9 1.499840613 0.0
7.8 1.499840613 0.0
8 1.499840613 0.0
8.1 1.499840613 0.0
8.3 1.499840613 0.0
8.2 1.499840613 0.0
8.4 1.499840613 0.0
8.5 1.499840613 0.0
8.7 1.499840613 0.0
8.6 1.499840613 0.0
8.8 1.499840613 0.0
8.9 1.499840613 0.0
9 1.499840613 0.0
7.7 0.6001992343 0.0
7.8 0.6001992343 0.0
7.7 0.5001593874 0.0
7.8 0.5001593874 0.0
7.9 0.5001593874 0.0
7.7 -0.5001593874 0.0
7.8 -0.5001593874 0.0
7.9 -0.5001593874 0.0
8 -0.5001593874 0.0
8.1 -0.5001593874 0.0
8.2 -0.5001593874 0.0
8.3 -0.5001593874 0.0
9.499840613 -1.1 0.0
9.499840613 -1.2 0.0
8.5 -1.499840613 0.0
8.6 -1.499840613 0.0
8.4 -0.5001593874 0.0
8.5 -0.5001593874 0.0
8.6 -0.5001593874 0.0
8.7 -0.5001593874 0.0
8.9 -0.5001593874 0.0
8.8 -0.5001593874 0.0
9 -0.5001593874 0.0
9.1 -0.5001593874 0.0
8.7 -1.499840613 0.0
8.8 -1.499840613 0.0
8.1 0.5001593874 0.0
8.2 0.5001593874 0.0
8.3 0.6001992343 0.0
8.4 0.6001992343 0.0
9.1 1.499840613 0.0
9.2 1.499840613 0.0
9.3 1.499840613 0.0
8.5 0.6001992343 0.0
8.5 0.5001593874 0.0
8.6 0.5001593874 0.0
8.6 0.6001992343 0.0
8.7 0.6001992343 0.0
8.7 0.5001593874 0.0
9.499840613 -1.3 0.0
9.399800766 -1.4 0.0
9.499840613 -1.4 0.0
9.499840613 0.9 0.0
9.499840613 1 0.0
9.499840613 1.2 0.0
9.499840613 1.3 0.0
8.8 0.5001593874 0.0
8.9 0.5001593874 0.0
9 0.5001593874 0.0
9.1 0.5001593874 0.0
9.2 0.5001593874 0.0
9.3 0.6001992343 0.0
9.2 -0.5001593874 0.0
9.3 -0.5001593874 0.0
9.4 0.6001992343 0.0
9.3 0.5001593874 0.0
9.4 0.5001593874 0.0
9.3 -1.399800766 0.0
9.499840613 0.7 0.0
9.499840613 0.8 0.0
9.499840613 0.6 0.0
9.4 1.399800766 0.0
9.4 1.499840613 0.0
9.4 -0.5001593874 0.0
9.3 -1.499840613 0.0
9.4 -1.499840613 0.0
9 -1.499840613 0.0
9.1 -1.499840613 0.0
8.4 -1.499840613 0.0
9.2 -1.499840613 0.0
9.499840613 1.1 0.0
7.8 -0.4001195406 0.0
7.7 -0.4001195406 0.0
8 -0.4001195406 0.0
7.9 -0.4001195406 0.0
8.1 -0.4001195406 0.0
8.2 -0.4001195406 0.0
8.3 -0.4001195406 0.0
8.4 -0.4001195406 0.0
8.5 -0.4001195406 0.0
8.6 -0.4001195406 0.0
8.7 -0.4001195406 0.0
8.8 -0.4001195406 0.0
8.9 -0.4001195406 0.0
9 -0.4001195406 0.0
9.1 -0.4001195406 0.0
9.2 -0.4001195406 0.0
9.599880459 -0.8 0.0
9.599880459 -0.7 0.0
8.4 1.599880459 0.0
8.3 1.599880459 0.0
8.2 1.599880459 0.0
8.1 1.599880459 0.0
8 1.599880459 0.0
7.9 1.599880459 0.0
7.8 1.599880459 0.0
8.9 -1.499840613 0.0
8.9 -1.599880459 0.0
9 -1.599880459 0.0
8.8 -1.599880459 0.0
8.7 -1.599880459 0.0
8.6 -1.599880459 0.0
8.5 -1.599880459 0.0
8.4 -1.599880459 0.0
8.3 -1.599880459 0.0
8.1 -1.599880459 0.0
8.2 -1.599880459 0.0
8 -1.599880459 0.0
7.9 -1.599880459 0.0
7.8 -1.599880459 0.0
7.7 -1.599880459 0.0
7.5 -1.599880459 0.0
7.6 -1.599880459 0.0
7.4 -1.599880459 0.0
9.1 -1.599880459 0.0
9.2 -1.599880459 0.0
9.3 -1.599880459 0.0
9.4 -1.599880459 0.0
8 0.5001593874 0.0
8 0.4001195406 0.0
8.1 0.4001195406 0.0
8.3 0.5001593874 0.0
8.4 0.5001593874 0.0
8.4 0.4001195406 0.0
8.5 0.4001195406 0.0
8.6 0.4001195406 0.0
9.1 0.4001195406 0.0
9.2 0.4001195406 0.0
9.599880459 -1 0.0
9.599880459 -0.9 0.0
9.599880459 -1.1 0.0
9.599880459 -1.2 0.0
9.599880459 0.7 0.0
9.599880459 0.8 0.0
9.599880459 -1.3 0.0
9.599880459 -1.4 0.0
8.5 1.599880459 0.0
8.6 1.599880459 0.0
9.599880459 1.1 0.0
9.599880459 1.2 0.0
7.3 -1.599880459 0.0
7.2 -1.599880459 0.0
7.1 -1.599880459 0.0
7 -1.599880459 0.0
8.7 1.599880459 0.0
8.8 1.599880459 0.0
8.9 1.599880459 0.0
9.1 1.599880459 0.0
9 1.599880459 0.0
9.2 1.599880459 0.0
9.4 1.599880459 0.0
9.3 1.599880459 0.0
9.5 1.499840613 0.0
9.5 1.599880459 0.0
9.499840613 -0.5 0.0
9.3 -0.4001195406 0.0
9.499840613 -1.5 0.0
9.599880459 -1.5 0.0
9.5 0.5001593874 0.0
9.599880459 0.5 0.0
9.599880459 0.6 0.0
9.499840613 1.4 0.0
9.599880459 1.5 0.0
9.6 1.599880459 0.0
9.5 -1.599880459 0.0
9.5 -0.4001195406 0.0
9.4 -0.4001195406 0.0
9.599880459 1 0.0
8.3 0.4001195406 0.0
8.8 0.4001195406 0.0
8.9 0.4001195406 0.0
9.599880459 0.9 0.0
9.599880459 -0.6 0.0
9.599880459 -0.5 0.0
9.699920306 -1 0.0
9.699920306 -0.9 0.0
9.699920306 -1.1 0.0
9.699920306 -1.2 0.0
9.699920306 -1.3 0.0
9.699920306 -1.4 0.0
7.8 0.4001195406 0.0
7.7 0.4001195406 0.0
7.8 0.3000796937 0.0
7.9 0.3000796937 0.0
7.9 0.4001195406 0.0
8 0.3000796937 0.0
8.4 0.3000796937 0.0
8.5 0.3000796937 0.0
8.7 0.4001195406 0.0
8.8 0.3000796937 0.0
8.9 0.3000796937 0.0
9 0.4001195406 0.0
8.2 -1.699920306 0.0
8.3 -1.699920306 0.0
8.1 -1.699920306 0.0
8 -1.699920306 0.0
7.9 -1.699920306 0.0
7.8 -1.699920306 0.0
7.7 -1.699920306 0.0
7.6 -1.699920306 0.0
7.5 -1.699920306 0.0
7.4 -1.699920306 0.0
7.3 -1.699920306 0.0
7.2 -1.699920306 0.0
7.1 -1.699920306 0.0
7 -1.699920306 0.0
6.9 -1.599880459 0.0
6.9 -1.699920306 0.0
9.699920306 1 0.0
9.699920306 1.1 0.0
9.599880459 1.3 0.0
9.599880459 1.4 0.0
7.8 -0.3000796937 0.0
7.7 -0.3000796937 0.0
7.9 -0.3000796937 0.0
8 -0.3000796937 0.0
8.1 -0.3000796937 0.0
8.2 -0.3000796937 0.0
8.3 -0.3000796937 0.0
8.4 -0.3000796937 0.0
8.5 -0.3000796937 0.0
8.6 -0.3000796937 0.0
8.7 -0.3000796937 0.0
8.8 -0.3000796937 0.0
8.9 -0.3000796937 0.0
9 -0.3000796937 0.0
9.1 -0.3000796937 0.0
9.2 -0.3000796937 0.0
7.9 1.699920306 0.0
7.8 1.699920306 0.0
8 1.699920306 0.0
8.1 1.699920306 0.0
8.2 1.699920306 0.0
8.3 1.699920306 0.0
8.4 1.699920306 0.0
8.5 1.699920306 0.0
8.6 1.699920306 0.0
8.8 1.699920306 0.0
8.7 1.699920306 0.0
8.9 1.699920306 0.0
9 1.699920306 0.0
9.1 1.699920306 0.0
9.2 1.699920306 0.0
9.3 1.699920306 0.0
9.4 1.699920306 0.0
9.699920306 -0.6 0.0
9.699920306 -0.5 0.0
9.2 0.3000796937 0.0
9.3 0.3000796937 0.0
9.3 0.4001195406 0.0
9.4 0.4001195406 0.0
9.4 0.3000796937 0.0
9.5 0.4001195406 0.0
9.5 0.3000796937 0.0
9.6 0.4001195406 0.0
9.6 0.3000796937 0.0
9.4 -1.699920306 0.0
9.5 -1.699920306 0.0
9.699920306 0.7 0.0
9.699920306 0.8 0.0
9.5 1.699920306 0.0
9.6 1.699920306 0.0
9.3 -0.3000796937 0.0
9.4 -0.3000796937 0.0
9.699920306 0.6 0.0
9.599880459 -0.4 0.0
9.699920306 1.5 0.0
9.699920306 1.6 0.0
9.5 -0.3000796937 0.0
9.6 -0.3000796937 0.0
9.599880459 -1.6 0.0
9.699920306 -1.6 0.0
9.699920306 -1.5 0.0
9.699920306 0.5 0.0
9.699920306 0.4 0.0
7.7 0.3000796937 0.0
8.7 0.3000796937 0.0
8.6 0.3000796937 0.0
9 0.3000796937 0.0
9.1 0.3000796937 0.0
9.3 -1.699920306 0.0
9.2 -1.699920306 0.0
9.699920306 1.3 0.0
9.699920306 1.2 0.0
9.699920306 1.4 0.0
9.799960153 -1 0.0
9.799960153 -0.9 0.0
7.9 0.2000398469 0.0
8 0.2000398469 0.0
8.1 0.3000796937 0.0
8.1 0.2000398469 0.0
8.2 0.3000796937 0.0
8.2 0.4001195406 0.0
8.3 0.3000796937 0.0
9.1 0.2000398469 0.0
9.2 0.2000398469 0.0
9.3 0.2000398469 0.0
9.4 0.2000398469 0.0
9.7 0.3000796937 0.0
9.699920306 0.9 0.0
9.799960153 0.9 0.0
9.799960153 1 0.0
9.799960153 0.8 0.0
8.4 -1.699920306 0.0
8.2 -1.799960153 0.0
8.3 -1.799960153 0.0
8.1 -1.799960153 0.0
8 -1.799960153 0.0
7.9 -1.799960153 0.0
7.8 -1.799960153 0.0
7.7 -1.799960153 0.0
7.6 -1.799960153 0.0
7.5 -1.799960153 0.0
7.4 -1.799960153 0.0
7.3 -1.799960153 0.0
7.2 -1.799960153 0.0
7.1 -1.799960153 0.0
7 -1.799960153 0.0
8.5 -1.699920306 0.0
8.4 -1.799960153 0.0
8.5 -1.799960153 0.0
8.6 -1.699920306 0.0
8.7 -1.699920306 0.0
8.8 -1.699920306 0.0
8.9 -1.699920306 0.0
9 -1.699920306 0.0
7.8 -0.2000398469 0.0
7.7 -0.2000398469 0.0
8 -0.2000398469 0.0
7.9 -0.2000398469 0.0
8.1 -0.2000398469 0.0
8.3 -0.2000398469 0.0
8.2 -0.2000398469 0.0
8.4 -0.2000398469 0.0
8.5 -0.2000398469 0.0
8.6 -0.2000398469 0.0
7.9 1.799960153 0.0
7.8 1.799960153 0.0
8 1.799960153 0.0
8.1 1.799960153 0.0
8.2 1.799960153 0.0
8.3 1.799960153 0.0
8.4 1.799960153 0.0
8.5 1.799960153 0.0
8.7 1.799960153 0.0
8.6 1.799960153 0.0
8.8 1.799960153 0.0
8.9 1.799960153 0.0
9 1.799960153 0.0
9.1 1.799960153 0.0
9.2 1.799960153 0.0
9.3 1.799960153 0.0
8.7 -0.2000398469 0.0
8.8 -0.2000398469 0.0
8.9 -0.2000398469 0.0
9.1 -0.2000398469 0.0
9 -0.2000398469 0.0
9.2 -0.2000398469 0.0
9.4 1.799960153 0.0
9.3 -1.799960153 0.0
9.4 -1.799960153 0.0
9.5 -1.799960153 0.0
9.6 -1.699920306 0.0
9.799960153 -1.1 0.0
9.799960153 -1.2 0.0
9.799960153 -1.3 0.0
9.799960153 -1.4 0.0
9.799960153 -1.5 0.0
9.799960153 -1.6 0.0
9.699920306 -1.7 0.0
9.799960153 -1.7 0.0
9.699920306 -0.8 0.0
9.799960153 -0.8 0.0
9.799960153 -0.7 0.0
9.699920306 -0.7 0.0
9.799960153 -0.6 0.0
9.799960153 -0.5 0.0
9.799960153 -0.4 0.0
9.699920306 -0.4 0.0
9.699920306 -0.3 0.0
9.799960153 1.4 0.0
9.799960153 1.5 0.0
9.799960153 0.7 0.0
9.799960153 0.6 0.0
9.4 -0.2000398469 0.0
9.3 -0.2000398469 0.0
9.5 -0.2000398469 0.0
9.799960153 0.5 0.0
9.799960153 1.6 0.0
9.5 1.799960153 0.0
9.6 1.799960153 0.0
9.7 1.699920306 0.0
9.7 1.799960153 0.0
9.6 -0.2000398469 0.0
9.7 -0.2000398469 0.0
9.6 -1.799960153 0.0
9.7 -1.799960153 0.0
9.799960153 1.7 0.0
9.799960153 0.4 0.0
9.799960153 0.3 0.0
8.2 0.2000398469 0.0
8.3 0.2000398469 0.0
8.4 0.2000398469 0.0
8.6 0.2000398469 0.0
8.5 0.2000398469 0.0
8.7 0.2000398469 0.0
8.8 0.2000398469 0.0
8.9 0.2000398469 0.0
6.9 -1.799960153 0.0
8.6 -1.799960153 0.0
8.7 -1.799960153 0.0
8.8 -1.799960153 0.0
8.9 -1.799960153 0.0
9 -1.799960153 0.0
9.1 -1.799960153 0.0
9.1 -1.699920306 0.0
9.2 -1.799960153 0.0
7.7 0.2000398469 0.0
7.8 0.2000398469 0.0
7.8 -0.1 0.0
7.7 -0.1 0.0
7.9 -0.1 0.0
8 -0.1 0.0
8.1 -0.1 0.0
8.2 -0.1 0.0
8.3 -0.1 0.0
8.4 -0.1 0.0
8.5 -0.1 0.0
8.6 -0.1 0.0
8.7 -0.1 0.0
8.8 -0.1 0.0
8.9 -0.1 0.0
9 -0.1 0.0
9.1 -0.1 0.0
9.2 -0.1 0.0
9.3 -0.1 0.0
9.4 -0.1 0.0
9.5 -0.1 0.0
9.6 -0.1 0.0
8.2 -1.9 0.0
8.3 -1.9 0.0
7.7 0.1 0.0
7.8 0.1 0.0
8.2 0.1 0.0
8.3 0.1 0.0
8.4 0.1 0.0
8.5 0.1 0.0
8.7 0.1 0.0
8.8 0.1 0.0
8.9 0.1 0.0
9 0.1 0.0
9 0.2000398469 0.0
9.1 0.1 0.0
9.2 0.1 0.0
9.3 0.1 0.0
9.5 0.2000398469 0.0
9.7 0.2000398469 0.0
9.6 0.2000398469 0.0
9.6 0.1 0.0
9.7 0.1 0.0
8.1 -1.9 0.0
8 -1.9 0.0
7.9 -1.9 0.0
7.8 -1.9 0.0
7.6 -1.9 0.0
7.7 -1.9 0.0
7.5 -1.9 0.0
7.4 -1.9 0.0
7.3 -1.9 0.0
7.2 -1.9 0.0
7.1 -1.9 0.0
7 -1.9 0.0
6.9 -1.9 0.0
9.9 -1 0.0
9.9 -0.9 0.0
7.9 1.9 0.0
7.8 1.9 0.0
8 1.9 0.0
8.1 1.9 0.0
8.2 1.9 0.0
9.799960153 1.1 0.0
8.3 1.9 0.0
8.4 1.9 0.0
8.5 1.9 0.0
8.6 1.9 0.0
8.7 1.9 0.0
8.8 1.9 0.0
8.9 1.9 0.0
9 1.9 0.0
9.1 1.9 0.0
9.2 1.9 0.0
9.3 1.9 0.0
9.5 1.9 0.0
9.4 1.9 0.0
9.6 1.9 0.0
9.8 1.799960153 0.0
9.8 1.9 0.0
9.7 1.9 0.0
9.3 -1.9 0.0
9.4 -1.9 0.0
9.799960153 -0.3 0.0
9.799960153 -0.2 0.0
9.9 -0.3 0.0
9.9 -0.2 0.0
9.7 -0.1 0.0
9.8 -0.1 0.0
9.9 -1.1 0.0
9.9 -1.2 0.0
9.9 -1.3 0.0
9.799960153 1.3 0.0
9.799960153 1.2 0.0
9.9 -1.5 0.0
9.9 -1.4 0.0
9.9 -1.6 0.0
9.9 -1.7 0.0
9.799960153 -1.8 0.0
9.9 -1.8 0.0
9.9 1.7 0.0
9.9 1.8 0.0
9.8 0.2000398469 0.0
9.8 0.1 0.0
9.6 -1.9 0.0
9.7 -1.9 0.0
9.8 -1.9 0.0
9.9 0.3 0.0
9.9 0.4 0.0
9.9 0.2 0.0
9.9 0.5 0.0
9.9 0.6 0.0
9.9 0.7 0.0
7.9 0.1 0.0
8 0.1 0.0
8.1 0.1 0.0
9.9 0.8 0.0
9.9 0.9 0.0
9.9 1 0.0
9.9 1.1 0.0
9.9 1.2 0.0
8.6 -1.9 0.0
8.5 -1.9 0.0
8.7 -1.9 0.0
9.4 0.1 0.0
9.5 0.1 0.0
9.9 1.3 0.0
9.9 1.4 0.0
8.8 -1.9 0.0
8.9 -1.9 0.0
9 -1.9 0.0
9.9 -0.7 0.0
9.9 -0.6 0.0
9.9 -0.5 0.0
9.9 -0.4 0.0
9.1 -1.9 0.0
9.2 -1.9 0.0
9.5 -1.9 0.0
9.9 1.5 0.0
9.9 -0.1 0.0
9.9 1.6 0.0
9.4 2 0.0
9.3 2 0.0
9.2 2 0.0
9.1 2 0.0
9 2 0.0
8.9 2 0.0
9.7 2 0.0
9.6 2 0.0
9.8 2 0.0
8.8 2 0.0
8.6 2 0.0
8.5 2 0.0
8.3 2 0.0
8.2 2 0.0
8.1 2 0.0
8 2 0.0
7.9 2 0.0
7.8 2 0.0
8.7 0 0.0
8.6 0 0.0
8.5 0 0.0
8.4 0 0.0
8.3 0 0.0
8.1 0 0.0
8 0 0.0
7.8 0 0.0
7.9 0 0.0
10 0.3 0.0
10 0.4 0.0
10 0.5 0.0
10 0.6 0.0
10 0.7 0.0
10 0.8 0.0
10 -1.2 0.0
10 -1.1 0.0
9.9 -0.8 0.0
10 -1 0.0
10 -0.9 0.0
7.3 -2 0.0
7.4 -2 0.0
7.6 -2 0.0
7.7 -2 0.0
7.9 -2 0.0
8 -2 0.0
8.1 -2 0.0
8.2 -2 0.0
8.4 -1.9 0.0
8.3 -2 0.0
8.4 -2 0.0
8.8 0 0.0
8.9 0 0.0
8.6 0.1 0.0
9 0 0.0
9.1 0 0.0
10 -1.3 0.0
10 -1.4 0.0
10 -1.5 0.0
9.4 0 0.0
9.5 0 0.0
10 1.3 0.0
10 1.4 0.0
9.2 0 0.0
9.3 0 0.0
10 -0.8 0.0
10 -0.7 0.0
10 1.5 0.0
10 1.6 0.0
9.1 -2 0.0
9.2 -2 0.0
9.6 0 0.0
10 -0.4 0.0
10 -0.3 0.0
10 -1.7 0.0
10 -1.6 0.0
10 -1.8 0.0
9.9 -1.9 0.0
10 -1.9 0.0
9.3 -2 0.0
9.4 -2 0.0
9.5 -2 0.0
9.6 -2 0.0
10 -0.2 0.0
10 -0.1 0.0
9.9 0.1 0.0
9.7 -2 0.0
9.8 -2 0.0
10 1.7 0.0
9.9 -2 0.0
9.8 0 0.0
9.9 0 0.0
9.7 0 0.0
10 1.8 0.0
9.9 1.9 0.0
10 1.9 0.0
8.6 -2 0.0
8.7 -2 0.0
8.5 -2 0.0
7.8 -2 0.0
6.9 -2 0.0
7 -2 0.0
10 1 0.0
10 0.9 0.0
10 1.1 0.0
10 1.2 0.0
8.8 -2 0.0
9.9 2 0.0
10 -0.5 0.0
7.5 -2 0.0
7.1 -2 0.0
7.2 -2 0.0
8.2 0 0.0
9.5 2 0.0
8.9 -2 0.0
9 -2 0.0
8.4 2 0.0
8.7 2 0.0
7.7 0 0.0
10 -2 0.0
10 -0.6 0.0
10 0.1 0.0
10 0.2 0.0
10 2 0.0
10 0 0.0
13.85932647 -5.806705095 0.0
15.30413136 -5.928525695 0.0
14.44905409 -5.033150549 0.0
16.67195861 3.216666589 0.0
16.20982517 2.341171169 0.0
16.99126035 1.7865422 0.0
14.43481002 7.347206172 0.0
13.27177254 8.326561286 0.0
13.14789139 6.915250947 0.0
2.451665544 -10.98129349 0.0
2.705501583 -9.545546868 0.0
1.368833989 -9.685722684 0.0
1.664908122 -12.30655609 0.0
0.5043114286 -10.83198118 0.0
-0.9627463598 -11.67602003 0.0
15.79670374 1.414712326 0.0
14.61338708 -7.143047568 0.0
13.41712213 -6.61698743 0.0
13.05266145 -8.132110062 0.0
17.01375503 -1.040730851 0.0
18.55132456 -0.05723072274 0.0
16.86930965 0.3868183109 0.0
17.64208159 4.066199857 0.0
16.31815769 6.474066881 0.0
16.01971017 4.755340074 0.0
11.09397603 8.979435617 0.0
11.515788 10.27160456 0.0
10.05644834 9.213413728 0.0
14.91104072 -4.361233347 0.0
15.9335935 -4.711670065 0.0
15.62901922 -3.727177083 0.0
12.12747746 8.556356633 0.0
15.8032853 0.572591596 0.0
15.83904055 -0.3461832084 0.0
-4.754709605 10.92661638 0.0
-2.513559288 10.01743365 0.0
-2.388360466 11.85104395 0.0
4.398118456 9.60942665 0.0
3.863696196 8.168077292 0.0
5.015324374 8.195029332 0.0
-2.38402987 16.45231955 0.0
-3.038178651 13.44756297 0.0
-0.5560253847 13.80235413 0.0
9.17271261 -11.63051926 0.0
6.969728829 -11.15286774 0.0
7.249644014 -12.83249287 0.0
17.25337745 -4.242676432 0.0
18.63066114 -1.983611584 0.0
17.10613978 -2.225573562 0.0
13.7467435 4.859968352 0.0
14.7447961 3.964757722 0.0
15.03563433 5.118929909 0.0
13.78515137 3.465083431 0.0
14.48408239 2.849604548 0.0
10.70586624 8.054193937 0.0
10.65266377 6.914528711 0.0
11.82348841 7.489799283 0.0
7.636691415 -8.18105107 0.0
6.469344127 -8.179400107 0.0
7.076508232 -9.672984497 0.0
4.46044073 -8.195707624 0.0
3.344263029 -8.211921255 0.0
3.959864921 -9.625083482 0.0
7.458376536 8.269596429 0.0
7.042420869 6.973522764 0.0
8.007461776 7.040272979 0.0
14.86292115 1.932042186 0.0
14.87644372 1.056269381 0.0
14.3433232 -3.847867688 0.0
13.26099212 -3.83169613 0.0
13.79689814 -4.723715752 0.0
-9.02755874 -18.61329164 0.0
-6.001176139 -19.6503863 0.0
-6.14101612 -15.82921212 0.0
-6.070899188 15.85534897 0.0
-5.906118178 19.674909 0.0
-8.96428146 18.63023814 0.0
15.7130696 -13.09340349 0.0
15.0885574 -10.46459487 0.0
13.41535811 -11.68102074 0.0
13.07030081 -5.361609717 0.0
12.42198449 -4.384035165 0.0
12.00782394 -5.075493627 0.0
12.21747369 6.255332734 0.0
11.40076815 5.788628601 0.0
10.41821508 5.893062309 0.0
5.980507088 -6.142825466 0.0
6.466000512 -7.14587703 0.0
6.648945647 -6.030319659 0.0
6.589700828 6.018825512 0.0
6.012501066 6.938866014 0.0
5.968434214 6.060998865 0.0
14.06734504 -2.837972805 0.0
15.13244429 -3.065934905 0.0
2.848801161 7.089996128 0.0
2.598822516 6.02289932 0.0
3.257615361 6.060279087 0.0
5.410260741 6.059658847 0.0
12.44433705 -3.620317758 0.0
12.25124471 16.19752792 0.0
9.685867364 17.18321401 0.0
9.972948031 13.88781834 0.0
13.49183849 1.530694061 0.0
13.23712945 2.125457664 0.0
12.66685112 1.615175113 0.0
8.013811315 -5.985965234 0.0
7.269029149 -5.951765659 0.0
7.663690607 -7.051074701 0.0
8.46373525 -5.243825587 0.0
8.765471273 -6.052947441 0.0
9.049395185 -5.283206746 0.0
8.932715811 -7.010306703 0.0
8.702405956 -8.415255028 0.0
9.977209524 -7.999291051 0.0
3.411236072 -7.124654421 0.0
3.860751184 -6.002126097 0.0
2.997317298 -6.062070982 0.0
8.555896352 5.282957716 0.0
9.160743982 5.260045807 0.0
8.896231672 6.181186185 0.0
14.06071396 -2.025149694 0.0
13.19045774 -1.737225423 0.0
13.12360015 -2.39938555 0.0
10.35891044 -5.552925165 0.0
9.936224974 -6.567335783 0.0
11.10654217 -6.36972382 0.0
15.52792389 2.792906866 0.0
21.67542799 21.19061769 0.0
17.26203549 19.0803934 0.0
20.1081475 16.72827261 0.0
11.281753 3.69989946 0.0
10.78936099 3.469783668 0.0
11.18842324 3.193912753 0.0
11.80685202 4.218124853 0.0
11.29961834 4.744666996 0.0
11.1678163 4.084003433 0.0
13.27079456 -0.7699295229 0.0
13.21727316 -1.301414078 0.0
14.12429015 -1.188808842 0.0
7.491887602 -5.241098779 0.0
6.982399229 -5.257026738 0.0
6.536950227 -19.60245063 0.0
3.460538119 -19.61874029 0.0
5.453846327 -23.42124223 0.0
4.158728789 -5.268270043 0.0
3.579208275 -5.252247226 0.0
4.246704783 5.245938803 0.0
3.947752935 6.142876038 0.0
3.620194608 5.268539171 0.0
6.312908738 4.58194079 0.0
6.909263763 4.6055571 0.0
6.599655971 5.312927608 0.0
11.99571453 2.699064218 0.0
12.57905865 2.970633698 0.0
12.08638684 3.239192074 0.0
11.78703101 2.234144829 0.0
12.34122903 2.113914823 0.0
10.63889821 -4.028408497 0.0
10.21766906 -3.815376541 0.0
10.10869115 -4.340193677 0.0
10.39867309 5.226488983 0.0
10.0924794 4.55110919 0.0
10.6911141 4.561247461 0.0
4.005526184 4.623829521 0.0
4.456667382 4.65092145 0.0
6.102829695 4.073410562 0.0
6.508860266 4.058593977 0.0
7.711306029 4.095440831 0.0
7.452571861 4.702452054 0.0
7.283778771 4.074807445 0.0
12.08691409 -0.04647254427 0.0
12.10756818 -0.4177602623 0.0
12.67306105 -0.2538363687 0.0
10.6088362 4.009238081 0.0
10.34782066 3.513518164 0.0
-8.111689119 -36.8856258 0.0
-4.276154327 -31.19530635 0.0
-9.266966683 -30.36944289 0.0
-7.985677041 36.89368686 0.0
-9.152431736 30.15482547 0.0
-4.31774307 31.10260805 0.0
8.001530961 37.80215785 0.0
4.837144662 31.59364455 0.0
9.860996321 31.27327489 0.0
12.50628651 -2.076776853 0.0
12.43643717 -2.609964349 0.0
11.51579482 -2.641617953 0.0
11.15961508 -2.847855666 0.0
11.56115473 -3.085839759 0.0
10.32664319 -3.479567498 0.0
10.18524945 -3.169456023 0.0
9.913173764 -3.346159959 0.0
11.43538303 2.329108686 0.0
11.14912563 2.188595507 0.0
11.3337844 1.91380661 0.0
11.53405557 2.816693475 0.0
11.16715015 2.568045168 0.0
13.36864117 0.3952175693 0.0
12.63387462 0.6588238115 0.0
12.6180493 0.2170925312 0.0
12.04022954 1.782796331 0.0
11.66442487 1.934183473 0.0
11.64894622 1.601316068 0.0
16.11109065 -2.376589036 0.0
14.95937173 -2.025398197 0.0
9.753450816 -4.038251156 0.0
9.921995377 -3.676393333 0.0
9.593697579 -3.645790513 0.0
8.18492834 -4.107162961 0.0
7.783209443 -4.097474757 0.0
7.964186952 -4.698148931 0.0
2.609738436 4.72155769 0.0
2.436641009 4.0935156 0.0
2.865519458 4.092561694 0.0
11.06492275 -3.323929619 0.0
10.76106132 -2.978937624 0.0
16.18909391 36.74785746 0.0
22.37283582 42.83160496 0.0
15.14353053 45.33002563 0.0
10.66892365 3.156717551 0.0
10.33673935 3.233181716 0.0
10.43971227 2.897987806 0.0
10.57221562 -3.198469049 0.0
10.82707274 -3.641313418 0.0
8.902003411 -3.636583853 0.0
8.899176905 -3.287676541 0.0
8.702058525 -3.27997675 0.0
7.381965878 -3.68528325 0.0
7.465797829 -3.267096677 0.0
7.233482116 -3.262156397 0.0
7.731011093 3.675004327 0.0
7.650560069 3.265179697 0.0
7.88356327 3.281905299 0.0
8.832945488 3.673913268 0.0
8.719391708 3.268849553 0.0
8.965052774 3.282095594 0.0
11.29231522 -0.609906903 0.0
11.27249178 -0.8309320606 0.0
11.69172712 -0.7788512375 0.0
11.63654848 0.293413535 0.0
11.28963666 0.3043842773 0.0
11.27900401 0.1093499159 0.0
10.71493562 -2.618428886 0.0
10.4467174 -2.746502845 0.0
10.3780094 -3.000031892 0.0
10.10821494 -2.886865762 0.0
10.98185688 2.393939929 0.0
10.88703834 2.111429716 0.0
8.459643101 3.693358939 0.0
8.309679045 3.292226782 0.0
8.53054008 3.272811283 0.0
8.839031908 4.084581051 0.0
9.232223383 4.0783838 0.0
9.069899297 4.663172742 0.0
9.091114617 -3.280279839 0.0
7.794012266 -3.678054729 0.0
7.958493649 -3.291930819 0.0
7.684668521 -3.274190544 0.0
6.814543282 -3.264769361 0.0
6.961822421 -3.685261602 0.0
7.031802178 -3.263829077 0.0
11.28524131 0.5105339505 0.0
11.69148048 -1.14937151 0.0
11.26823895 -1.020107605 0.0
11.28124878 -1.265676296 0.0
10.96298044 -2.221636148 0.0
10.75753987 -1.997347124 0.0
10.67474018 -2.22697558 0.0
10.22056059 2.663075761 0.0
10.20265068 2.921224016 0.0
9.982751125 2.748960059 0.0
-58.74788709 28.47782774 0.0
-59.22188237 17.43155666 0.0
-48.82071596 20.18064714 0.0
9.7986853 3.046358745 0.0
9.724245419 2.718517274 0.0
-70.50796633 13.15931603 0.0
-58.65798714 8.330336391 0.0
-26.26681075 -58.6956862 0.0
-36.70858995 -67.53711784 0.0
-25.4717563 -71.83189628 0.0
9.83828356 -2.735222954 0.0
9.830930271 -3.047367947 0.0
10.73536237 1.840608605 0.0
11.04938969 1.830772821 0.0
-58.72451075 -28.40053509 0.0
-71.01209979 -24.61626199 0.0
-66.90611512 -36.68283906 0.0
-59.19931845 -17.48898432 0.0
-49.01207647 -20.15148073 0.0
10.0405275 -2.542061914 0.0
9.799435973 -2.477396236 0.0
10.54108588 2.045079786 0.0
10.45775501 1.780464731 0.0
10.34966216 2.018021827 0.0
10.39384246 2.201352218 0.0
10.50037003 -0.4390908773 0.0
10.75076725 -0.3637979366 0.0
10.50091365 -0.2533894473 0.0
10.33183326 0.6988377028 0.0
10.51941828 0.7612713922 0.0
10.33430864 0.8092414142 0.0
9.326784635 -2.493400682 0.0
9.400721262 -2.328756822 0.0
9.308356296 -2.342242629 0.0
8.1 2.515241669 0.0
8.100961894 2.352540644 0.0
8.195272228 2.346861479 0.0
10.53291551 -0.8184188791 0.0
10.33737699 -0.7874755687 0.0
10.34894882 -0.8966384888 0.0
10.47834688 1.295541258 0.0
10.3332634 1.299281867 0.0
10.32544299 1.205122186 0.0
10.49309664 1.019254878 0.0
10.3401541 1.007550749 0.0
10.33292784 0.9119446611 0.0
9.206151603 2.474282642 0.0
9.202349691 2.327796688 0.0
9.296791153 2.319748374 0.0
7.921190234 -2.49861657 0.0
7.907885801 -2.340710795 0.0
7.813798995 -2.330941602 0.0
8.395078654 -2.33601107 0.0
8.449448998 -2.526417508 0.0
8.505635456 -2.3376768 0.0
10.33184065 -0.2013114183 0.0
10.33728496 -0.3094627602 0.0
10.5020842 -0.6125309024 0.0
10.34232179 -0.6045548266 0.0
10.33503575 -0.6940607677 0.0
9.577884209 -2.475950188 0.0
9.685106968 -2.319582562 0.0
9.591089277 -2.33281584 0.0
10.49803113 1.549301921 0.0
10.32713152 1.608877413 0.0
10.32318483 1.493304007 0.0
9.488934048 2.471606756 0.0
9.401823479 2.317426536 0.0
9.492275387 2.327635455 0.0
10.25297644 2.174229005 0.0
10.17706192 2.101784473 0.0
10.23243032 2.027770169 0.0
9.782480585 -2.317021497 0.0
9.904457979 -2.32455373 0.0
10.1719126 -2.254504767 0.0
10.10126899 -2.174567909 0.0
10.02878974 -2.229746452 0.0
8.911022544 2.33852191 0.0
9.005005705 2.324325451 0.0
8.931372953 2.494254276 0.0
8.811826061 2.339257322 0.0
8.997302317 -2.350780269 0.0
8.886197639 -2.341609712 0.0
8.912054503 -2.537165832 0.0
8.788215931 -2.33395333 0.0
8.696875473 -2.344975469 0.0
8.689436484 -2.506795212 0.0
8.604185093 -2.332706647 0.0
9.211335047 -2.338536418 0.0
10.47474457 -1.495738594 0.0
10.32705387 -1.494952851 0.0
10.32438677 -1.594594037 0.0
10.3160854 -1.406038562 0.0
10.33796985 -1.211696597 0.0
10.32332872 -1.304944255 0.0
10.49126469 -1.232649729 0.0
10.33981628 -1.113296731 0.0
10.10975759 2.014425608 0.0
10.01458102 -2.109195323 0.0
9.592566076 2.325012607 0.0
9.106784503 2.322203113 0.0
8.004903811 2.346767868 0.0
9.497053277 -2.324766063 0.0
8.292530714 -2.33207805 0.0
8.198040134 -2.342187735 0.0
8.191237114 -2.493302014 0.0
8.104030099 -2.329187027 0.0
10.32076301 1.392026211 0.0
10.32935928 1.101825376 0.0
10.33379208 0.5978876856 0.0
10.34239164 0.5061419572 0.0
10.50630332 0.5159383431 0.0
10.33273521 0.4140555217 0.0
10.53557197 0.2898055752 0.0
10.33954268 0.3161228407 0.0
10.35156354 0.2049038106 0.0
10.33987016 -0.1112154882 0.0
10.53520235 -0.0796092163 0.0
10.3478925 -0.003623943433 0.0
-12.3684648 -113.5735517 0.0
-0.8844640491 -96.01486524 0.0
-17.94692325 -95.05304213 0.0
-67.70710759 -95.1390375 0.0
-47.0785049 -85.68581094 0.0
-59.28377233 -75.66404303 0.0
-91.20069286 -67.22659853 0.0
-69.27124392 -66.08047493 0.0
-78.33953882 -57.53989675 0.0
-112.1886697 0.04362009275 0.0
-93.71407042 -14.49577282 0.0
-95.61109015 0.02654182281 0.0
-67.02060615 36.82439296 0.0
-71.35119524 24.9727767 0.0
-12.49094702 113.7832645 0.0
-17.96790731 95.24722072 0.0
-0.9016647852 96.10077613 0.0
-26.05350389 58.70286932 0.0
-25.32510429 71.85069373 0.0
-36.45815447 66.96330324 0.0
-91.56937843 67.52436321 0.0
-84.77646425 45.99936927 0.0
-78.30075824 57.55261045 0.0
6.999403088 -2.346071609 0.0
6.909410917 -2.334540026 0.0
6.997772294 -2.50718516 0.0
7.501714703 -2.332088025 0.0
7.408505616 -2.344508825 0.0
7.424472119 -2.506347437 0.0
7.095096189 -2.345086378 0.0
8.001617715 -2.331629552 0.0
10.33646177 -0.5132090276 0.0
8.499725339 2.347935779 0.0
8.594787248 2.344215993 0.0
8.499427271 2.513628109 0.0
10.02618072 -2.34375272 0.0
10.19961786 -2.395703272 0.0
8.404594869 2.346659208 0.0
0.5132669759 -148.0477779 0.0
14.61561484 -115.3774189 0.0
-84.69700817 -45.94328876 0.0
140.1918897 0.06085005463 0.0
112.5498461 15.29499995 0.0
116.0301877 0.3333388166 0.0
136.8679007 47.77070249 0.0
102.7564243 49.47239751 0.0
108.9849575 32.47866231 0.0
115.9413768 88.67725178 0.0
82.64386787 79.94866113 0.0
94.4530921 64.8638931 0.0
84.24544422 122.3492904 0.0
54.45694353 104.517089 0.0
70.24537211 92.56129633 0.0
-67.85584337 95.21845499 0.0
-59.38480232 75.83744169 0.0
-47.0548186 85.33406102 0.0
-93.88321945 14.60589675 0.0
-69.26601187 66.15606769 0.0
112.570962 -15.14458694 0.0
136.8808627 -47.73646165 0.0
109.051572 -32.45932443 0.0
102.772383 -49.4621869 0.0
115.9487531 -88.67018341 0.0
94.49404189 -64.98111519 0.0
83.04587184 -79.88298355 0.0
84.28210817 -122.2657512 0.0
69.70024323 -92.7560792 0.0
54.47584315 -104.4283371 0.0
0.3300645092 148.2707125 0.0
14.56872607 115.4685925 0.0
-58.65798714 -8.330336391 0.0
-70.40269945 -13.07358507 0.0
10.03235817 2.132984634 0.0
10.12808145 -2.029550603 0.0
7.601965178 -2.330984872 0.0
7.668000464 -2.518942744 0.0
7.712972598 -2.333100029 0.0
7.309906929 -2.344215993 0.0
10.72028915 -1.725017497 0.0
11.05147732 -1.799332068 0.0
15.78429954 3.698283537 0.0
14.86517572 6.220339026 0.0
15.30828433 8.182756678 0.0
13.63518707 5.900329399 0.0
5.452821853 -11.24623724 0.0
5.601055066 -12.8612375 0.0
5.471977746 -9.733177212 0.0
3.616310098 -12.71950443 0.0
3.813835661 -11.17239969 0.0
16.36427318 -3.453949418 0.0
-0.164088282 11.78626665 0.0
1.09111904 10.8220571 0.0
2.563459983 11.05009125 0.0
2.12110059 12.48129359 0.0
4.418578029 11.12514834 0.0
4.380198609 12.60645772 0.0
6.166398462 11.01002599 0.0
6.67910882 12.32350054 0.0
7.528515681 10.70327511 0.0
6.019425906 9.689462664 0.0
7.441182509 9.609610645 0.0
-1.059151113 -13.71250173 0.0
1.113896559 -14.43425675 0.0
3.496922911 -14.66784887 0.0
5.788270165 -14.75821654 0.0
11.064642 -11.02189723 0.0
11.92839423 -12.8487238 0.0
12.68737647 -10.30779772 0.0
9.945177811 -13.79933713 0.0
7.885904558 -14.56381882 0.0
16.55609446 -6.46355527 0.0
15.49886948 -8.039006733 0.0
14.07520317 -9.302828372 0.0
16.75079322 -9.246595722 0.0
19.34016034 -4.949611507 0.0
20.12055481 -2.524909786 0.0
16.00269407 -1.244639959 0.0
20.40328049 0.01116784376 0.0
18.38324931 2.111542712 0.0
20.10214744 2.551428767 0.0
19.33740014 4.95317638 0.0
18.14356452 7.349813932 0.0
13.78021298 9.466120854 0.0
4.413372745 14.64324567 0.0
1.704832048 14.48235876 0.0
8.899520219 11.37584622 0.0
8.801240562 9.69303254 0.0
-5.393931757 13.10321537 0.0
-9.173391537 8.23824612 0.0
-8.00905007 9.17473432 0.0
-9.350615544 10.6123402 0.0
-10.71888084 8.886298343 0.0
18.23915189 -7.357222671 0.0
10.76237363 -9.031729427 0.0
8.89222178 -9.726756376 0.0
11.58946899 -7.416008358 0.0
12.16747051 -9.157212404 0.0
12.43593312 -6.277822021 0.0
11.66684053 -5.716682581 0.0
5.44817311 -8.349648652 0.0
2.708556267 9.662435056 0.0
1.04785209 9.538514762 0.0
1.714804998 8.103612108 0.0
2.809990459 8.293897928 0.0
9.789295397 8.190876785 0.0
8.741384894 8.363209777 0.0
6.115699809 8.294007568 0.0
7.191292722 14.5558402 0.0
-0.7457147131 9.849512583 0.0
2.37996553 -8.379290951 0.0
1.230789935 -8.421876964 0.0
7.277120982 17.26159261 0.0
4.266421458 17.30792587 0.0
1.021614351 17.05923477 0.0
-7.556815724 12.03626113 0.0
-6.555878487 10.21180951 0.0
-11.15569172 12.38088241 0.0
-12.78009682 10.12393887 0.0
-2.661900913 -16.41186719 0.0
0.5564247841 -16.96427124 0.0
3.429715437 -17.02886487 0.0
6.105544788 -17.03633975 0.0
8.560526241 -16.86522872 0.0
13.28839899 -14.89264012 0.0
18.20758476 -11.04781389 0.0
20.13468007 -8.530118286 0.0
21.46800869 -5.859274637 0.0
22.19302084 -3.06335191 0.0
22.52850395 0.002791951072 0.0
22.19302085 3.06335187 0.0
21.461807 5.845262964 0.0
20.13915299 8.46277997 0.0
16.69253144 9.371396534 0.0
18.38661692 10.88957081 0.0
16.28552152 12.77409795 0.0
14.85874049 11.04701817 0.0
12.57476105 12.44497705 0.0
12.99667091 4.962543772 0.0
12.49076658 4.419577864 0.0
13.25109136 4.043546713 0.0
12.71876148 5.586886106 0.0
11.95205695 5.145382077 0.0
9.77371576 7.108653276 0.0
8.8564442 7.162808689 0.0
10.53109233 -7.297686139 0.0
5.423345768 -7.239321877 0.0
2.326835083 -7.209385513 0.0
1.263424054 -7.234897921 0.0
4.497930755 -7.151182544 0.0
4.935640859 7.142374648 0.0
1.707585476 7.046868723 0.0
3.9371238 7.139817773 0.0
15.04689003 -1.21505674 0.0
-8.926837108 14.21767945 0.0
13.2601672 -3.031657745 0.0
0.4601380572 -19.91596663 0.0
-2.941600944 -19.66319927 0.0
-11.05220625 16.73622479 0.0
-13.41879844 14.44257419 0.0
-15.37995969 11.69191398 0.0
-2.697298457 19.84259885 0.0
0.7915897295 20.04155299 0.0
4.353577755 20.26763045 0.0
7.558089304 20.23701397 0.0
10.91867236 -16.09747948 0.0
9.143001024 -19.6407288 0.0
22.44332339 -9.919922881 0.0
23.94297541 -6.81502357 0.0
24.74313208 -3.526724416 0.0
25.13598618 0.0006979854277 0.0
24.74313208 3.526724407 0.0
23.94161143 6.807416445 0.0
22.4440692 9.903505949 0.0
20.44632871 12.57882207 0.0
14.06195953 14.56526564 0.0
18.04168587 14.82054249 0.0
15.60169137 16.81041021 0.0
13.26208559 18.5405445 0.0
10.44336499 19.78615733 0.0
15.04442356 -0.3959821352 0.0
15.00315403 0.3877962468 0.0
13.79263204 2.41296961 0.0
14.08768409 1.723336269 0.0
13.36163224 2.953479961 0.0
11.88058638 -18.83271196 0.0
12.87684748 2.536209624 0.0
14.18373051 -0.3978426919 0.0
11.03196938 5.25483743 0.0
9.705418031 6.129417068 0.0
8.057387621 6.198561445 0.0
7.271680569 6.16918899 0.0
2.241647587 -6.198724685 0.0
1.35841446 -6.185672233 0.0
14.19319709 0.3402628985 0.0
4.77499161 6.167938344 0.0
4.568861789 -6.173825302 0.0
-16.05584805 -16.9243083 0.0
-13.43209515 -14.43103856 0.0
-15.3817914 -11.6804058 0.0
-18.39945925 -13.6816469 0.0
-16.78123284 -8.377929863 0.0
-20.14869366 -9.671694476 0.0
-18.15321989 0.00480956549 0.0
-21.72962597 4.862429903e-14 0.0
-21.17632304 -5.132616118 0.0
-17.5879823 -4.322190911 0.0
-21.16875147 5.137425688 0.0
-17.57002625 4.352131965 0.0
-16.77549036 8.390968136 0.0
-20.14467585 9.67521756 0.0
-18.39903415 13.68317778 0.0
-16.0510986 16.92546437 0.0
4.518091203 23.69216002 0.0
0.5416399066 23.54147615 0.0
-3.290635511 23.20161386 0.0
-6.896344302 22.69967917 0.0
-13.15339332 19.5816947 0.0
-10.31248309 21.52319348 0.0
22.91294285 14.70166904 0.0
27.85725832 4.08040375 0.0
26.94021822 7.925154947 0.0
27.85725832 -4.080403752 0.0
28.29735734 0.0001744960515 0.0
25.23507625 -11.55645025 0.0
26.94056281 -7.928024505 0.0
20.36788314 -12.97256045 0.0
22.89340273 -15.10614376 0.0
19.779614 -17.90669382 0.0
17.62293697 -15.35809911 0.0
14.78208563 -17.37776774 0.0
16.410806 -20.32762928 0.0
12.94045599 -22.07209912 0.0
9.567584299 -23.09675688 0.0
0.8790114119 -23.52372909 0.0
-3.354195661 -23.16837091 0.0
-6.970660132 -22.69280222 0.0
-10.36518509 -21.53906605 0.0
-11.10376136 -16.69613939 0.0
-13.17244921 -19.57701287 0.0
9.439677478 -6.00885347 0.0
9.617336187 -5.406277186 0.0
14.75204129 21.36808254 0.0
8.158293489 23.6326755 0.0
11.51768548 22.97124075 0.0
12.90250792 3.406796235 0.0
12.32185286 3.697542043 0.0
11.02386652 -5.172651958 0.0
11.44916108 -4.686799304 0.0
11.77297261 -4.159146768 0.0
13.36484949 -0.2524870521 0.0
-15.61618039 23.02231153 0.0
-11.90399637 25.20971888 0.0
8.95985822 27.25157567 0.0
13.05944429 26.52940328 0.0
10.18749982 -5.006089204 0.0
9.651423586 -4.732939355 0.0
10.59204413 -4.719699564 0.0
11.75558175 3.727482048 0.0
25.23506188 11.55257912 0.0
11.63801623 3.250373372 0.0
14.15940943 1.026340248 0.0
13.44611549 1.006750298 0.0
9.733509613 5.3347665 0.0
8.005560417 5.396323121 0.0
7.98340528 -5.292259633 0.0
2.3 -5.359266171 0.0
1.495243468 -5.3128573 0.0
3.015507106 -5.346543639 0.0
5.330735828 -6.2718243 0.0
5.306084044 -5.443092614 0.0
4.661371126 -5.389491151 0.0
2.026936698 6.01102056 0.0
2.600232743 5.37690899 0.0
3.152530419 5.353910823 0.0
7.332367204 5.395222943 0.0
5.943662258 5.363711287 0.0
5.373656285 5.374118248 0.0
4.81748045 5.385341013 0.0
-25.27391946 -6.019261934 0.0
-24.24300189 -11.32996093 0.0
-25.76305053 4.918287999e-14 0.0
12.53927073 -3.109715977 0.0
-22.11994363 -15.95481765 0.0
-19.02369507 -19.91532863 0.0
-15.63762774 -23.04872873 0.0
-24.04975745 11.17549201 0.0
-25.28443079 5.809218897 0.0
-21.90323457 15.88186533 0.0
-19.01754806 19.91002794 0.0
4.760698781 27.57094903 0.0
0.2780574362 27.64577502 0.0
-8.076140427 26.39900033 0.0
5.831480744 -27.64573592 0.0
10.2800416 -27.09847783 0.0
22.38417381 -20.86614023 0.0
25.91455238 -17.59496593 0.0
28.57187907 -13.46920631 0.0
30.52100999 -9.226410934 0.0
31.56211204 -4.726030357 0.0
32.0688482 4.362401286e-05 0.0
31.56211204 4.726030357 0.0
30.52089866 9.22548066 0.0
28.57177834 13.46835477 0.0
25.66819449 17.46381296 0.0
17.31582185 24.42826677 0.0
10.99198126 -4.339904864 0.0
11.90312729 -3.604331226 0.0
11.97484538 -3.098944653 0.0
11.89654234 -2.539626391 0.0
11.25931171 -3.910210874 0.0
-28.66048836 13.05267342 0.0
-26.14659861 18.7587636 0.0
9.017713723 -4.717269418 0.0
11.44712912 -3.481077869 0.0
12.64012041 -1.649421974 0.0
12.68952149 -1.237468147 0.0
12.70118391 -0.7511946411 0.0
12.72174976 1.089167778 0.0
9.607505034 4.655924933 0.0
8.536791765 4.703438375 0.0
8.026150727 4.742567628 0.0
3.6 4.696736226 0.0
3.132311706 4.728296753 0.0
2.030036413 5.377579896 0.0
2.026918632 4.761129718 0.0
8.472264428 -4.708253317 0.0
6.516180292 -5.368603667 0.0
7.44835136 -4.708728712 0.0
5.934475045 -5.422239636 0.0
5.299518263 -4.730380823 0.0
4.664927703 -4.736573735 0.0
5.832902563 4.706800428 0.0
-3.847695556 27.04349452 0.0
-30.15616372 -6.923957889 0.0
-28.82826237 -13.24439921 0.0
-30.53835629 6.414165259e-14 0.0
-30.06204323 6.653982924 0.0
-22.44510448 23.54540322 0.0
-18.34168223 27.10705888 0.0
-13.69365798 29.47276465 0.0
-26.14659718 -18.75876506 0.0
-22.44510158 -23.5454062 0.0
-18.3553363 -27.09922963 0.0
-8.16208364 -26.41338562 0.0
-3.77424532 -27.13466117 0.0
-11.98036304 -25.31895043 0.0
-13.79757893 -29.64838567 0.0
0.9562569237 -27.58933657 0.0
6.087963517 -32.46500224 0.0
11.46868172 -31.79832012 0.0
14.25241964 -25.8530984 0.0
18.45189873 -23.7322585 0.0
20.76019548 -27.88216609 0.0
25.45436682 -24.34683087 0.0
29.51279311 -20.49440851 0.0
32.53892349 -15.69904034 0.0
34.7726262 -10.73950149 0.0
35.95507467 -5.477910904 0.0
36.54214926 1.09060032e-05 0.0
35.95507467 5.477910904 0.0
34.74060464 10.68080504 0.0
32.41094856 15.4651848 0.0
29.2139231 20.37070685 0.0
24.99288658 24.68446551 0.0
19.95225781 28.33778514 0.0
14.72670117 30.79260648 0.0
10.05505086 4.050509408 0.0
12.02109855 -2.036471609 0.0
3.220723992 4.178410008 0.0
11.23723752 2.925707214 0.0
9.59650842 4.116176404 0.0
12.12364917 -1.602552202 0.0
12.16334425 -1.198094194 0.0
12.16595587 -0.7864750837 0.0
8.484817774 4.164776749 0.0
2.460486914 -4.661949459 0.0
3.080442066 -4.718331031 0.0
3.619389676 -4.718544486 0.0
4.153500287 -4.721726756 0.0
5.345367174 4.751806048 0.0
5.300340724 4.172936857 0.0
5.749948339 4.165766575 0.0
4.874569122 4.753368657 0.0
4.863608063 4.165949818 0.0
4.436859744 4.175990637 0.0
4.011341345 4.176106323 0.0
6.984750596 -4.722290732 0.0
8.535034795 -4.174071761 0.0
6.498901248 -4.764828636 0.0
5.948533823 -4.75832222 0.0
8.958085147 -4.172389979 0.0
12.13069273 0.287792767 0.0
12.14951345 0.6521957107 0.0
12.18082429 1.034147921 0.0
12.15126656 1.439070757 0.0
9.942754497 3.54220087 0.0
11.59330126 -2.280009416 0.0
11.32544526 -2.373470867 0.0
11.55791619 -1.926930991 0.0
9.41978042 -4.1637267 0.0
6.268503197 -38.15851107 0.0
12.59749345 -37.39144678 0.0
0.4782254749 -32.33939513 0.0
-0.4810725215 -38.08014983 0.0
-15.34525342 -35.16152868 0.0
-21.54103695 -32.15439792 0.0
-30.99591862 -21.96901478 0.0
-26.69947485 -27.6789234 0.0
-34.2165495 -15.48179498 0.0
-36.17731914 8.038014698e-14 0.0
-35.87647272 -8.068078103 0.0
-35.76489745 7.754039382 0.0
-34.09618925 15.19801123 0.0
-30.99531921 21.96287791 0.0
-26.69947485 27.6789234 0.0
-21.53212514 32.15826809 0.0
-15.26409719 35.16203036 0.0
0.1861091528 32.21681877 0.0
-0.258009671 38.09174346 0.0
16.0723918 -30.24731456 0.0
18.21304081 -35.7550749 0.0
23.72536263 -32.63680564 0.0
29.10479842 -28.42764564 0.0
33.78370559 -23.86931043 0.0
37.23900165 -18.29533659 0.0
39.71805541 -12.48189038 0.0
41.14908057 -6.352813059 0.0
41.83037389 2.726500784e-06 0.0
41.14908057 6.352813059 0.0
39.75129623 12.42513031 0.0
37.06153573 18.050164 0.0
33.47329571 23.71570374 0.0
28.77794769 28.64664359 0.0
22.87252083 33.18143771 0.0
6.889013543 4.113896477 0.0
8.087814185 4.177331934 0.0
20.61552008 -41.78944557 0.0
14.13478514 -43.93583431 0.0
10.07441991 3.190516168 0.0
11.22502078 -2.078521636 0.0
11.67666117 -1.536185261 0.0
11.00161621 2.742302276 0.0
11.72482428 1.340741813 0.0
11.73892992 1.012454677 0.0
11.69760578 -0.3995212647 0.0
11.69112182 -0.06353755961 0.0
11.70296286 0.6727907485 0.0
8.524861264 -3.708480789 0.0
8.185027746 -3.70750602 0.0
6.964835234 -4.185375089 0.0
7.394590479 -4.169215452 0.0
9.556789889 3.67135095 0.0
9.202580977 3.693342342 0.0
8.106815441 3.715783863 0.0
2 4.149073758 0.0
3.617532402 4.174911306 0.0
2.90270291 3.673875835 0.0
3.267532402 3.717870281 0.0
4.820965181 3.629606014 0.0
5.283420107 3.677299376 0.0
5.722873176 3.688924273 0.0
6.1 3.696008843 0.0
6.478211264 3.678743548 0.0
7.299715353 3.675393727 0.0
33.37003414 33.32623549 0.0
27.30643083 38.52877623 0.0
38.55366745 27.61519064 0.0
42.55788087 21.0583518 0.0
45.6702279 14.46720437 0.0
47.27576939 7.370321552 0.0
48.06704373 6.816251791e-07 0.0
47.27576939 -7.370321552 0.0
45.71151323 -14.53991037 0.0
42.79339114 -21.31614326 0.0
38.83977632 -27.79530054 0.0
33.41203377 -33.1762175 0.0
27.1475786 -38.14770222 0.0
-9.063676349 43.62911561 0.0
-17.80587542 41.5096758 0.0
6.869628342 -44.69744546 0.0
-1.044440742 -44.70973102 0.0
-9.720570295 -43.61685297 0.0
-17.96936631 -41.50574678 0.0
-25.52168693 -38.0335189 0.0
-31.69734119 -32.53717419 0.0
-42.62991772 -8.894188404 0.0
-40.69489916 -17.62100995 0.0
-36.92105297 -25.95657569 0.0
10.8665307 2.954251966 0.0
11.34256725 1.602514129 0.0
2.461927658 3.653713629 0.0
10.98596686 -2.491161266 0.0
11.34644046 0.7412570919 0.0
11.37330825 1.02317745 0.0
10.63165088 2.732838491 0.0
9.747265119 3.307070259 0.0
11.30934974 -1.742673427 0.0
10.75298317 -2.392928429 0.0
10.59824247 -2.46064844 0.0
10.37379127 2.720382629 0.0
10.46110095 2.60008432 0.0
9.599331968 -3.330683873 0.0
9.299987296 -3.699411627 0.0
11.32479318 -1.512805852 0.0
11.36015444 1.310125751 0.0
11.33073175 -0.3773570419 0.0
9.500355559 3.332651162 0.0
9.210092184 3.33050947 0.0
6.888353965 3.679586814 0.0
4.415822185 3.710984958 0.0
4.033005675 3.694334065 0.0
3.640882782 3.691958753 0.0
1.994879636 3.6151059 0.0
11.32981222 -0.1168927917 0.0
8.204598465 -3.337264414 0.0
7.262625847 -52.67257908 0.0
16.01325857 -51.6284153 0.0
38.48666984 -38.83048945 0.0
44.81345907 -32.36047153 0.0
49.3446626 -24.82920484 0.0
52.70139572 -16.91853288 0.0
54.48907806 -8.553258638 0.0
55.4086759 1.704062769e-07 0.0
54.48907806 8.553258638 0.0
52.64469996 16.84527313 0.0
49.04082262 24.55719677 0.0
44.43361106 32.07503124 0.0
38.64358458 38.74503238 0.0
31.78913705 44.59792236 0.0
8.385211168 52.74282674 0.0
-1.225938798 52.63777363 0.0
-0.5091181185 44.69194515 0.0
7.851153916 45.03156942 0.0
16.85194234 52.01832505 0.0
-11.28811743 51.36250961 0.0
-21.40333401 49.21404 0.0
-31.69734119 32.53717419 0.0
-25.49239414 38.03351722 0.0
-36.91865379 25.93202975 0.0
-40.6847025 17.51668989 0.0
-42.37416984 8.629136773 0.0
-42.82201607 8.415490527e-14 0.0
-11.75678501 -51.36630828 0.0
-2.040148286 -52.54949979 0.0
-21.65753359 -49.23897901 0.0
-30.48062882 -44.76659678 0.0
-37.55835625 -38.24500799 0.0
-43.82540779 -30.67442594 0.0
10.75473448 2.501497696 0.0
-30.44249788 44.76648194 0.0
-14.29779044 -61.09823038 0.0
-50.22506332 9.245817823 0.0
-50.63865951 8.651412919e-14 0.0
-50.23466021 -9.344001381 0.0
-59.82196472 8.185119249e-14 0.0
-1.491730806 61.75381302 0.0
-13.20257349 61.01179194 0.0
8.1 3.321637038 0.0
8.957929194 3.021941006 0.0
9.210244076 3.033334717 0.0
9.492774647 3.033622093 0.0
9.331755615 -3.337005307 0.0
8.474872467 -3.338251864 0.0
8.198891177 -3.036554085 0.0
7.942405236 -3.02746234 0.0
11.04003234 1.580023006 0.0
11.03752827 1.304455454 0.0
11.04278639 0.7629872939 0.0
11.0222331 0.522391286 0.0
11.03191301 -1.506688425 0.0
24.00762176 -48.82269115 0.0
8.380684089 -61.65880814 0.0
18.80170726 -60.24879382 0.0
36.88462879 51.8988887 0.0
28.64338349 57.35878006 0.0
24.98588398 49.0962467 0.0
44.78726118 45.09810482 0.0
51.49636959 37.38270518 0.0
56.67583509 28.62519076 0.0
60.84995207 19.61085229 0.0
62.96932774 9.928179697 0.0
64.03866824 4.260155273e-08 0.0
62.96932774 -9.928179697 0.0
60.91787824 -19.6749289 0.0
57.06035571 -28.91337757 0.0
51.86073345 -37.66728719 0.0
44.60393821 -45.25285814 0.0
31.39229182 -44.62902278 0.0
36.73757145 -51.93680322 0.0
28.00941657 -57.24388096 0.0
9.566232439 61.50150826 0.0
19.61467283 60.34431019 0.0
10.2971251 2.510394278 0.0
-43.8158109 30.57624238 0.0
-51.94939683 37.05263149 0.0
-44.42252806 44.94923397 0.0
-37.55835625 38.24500799 0.0
-36.35757899 52.26990101 0.0
-51.94595197 -37.05785421 0.0
-36.40633018 -52.15633713 0.0
10.67484123 2.235960575 0.0
10.52561587 2.435392378 0.0
10.53415439 2.288659303 0.0
10.21530005 -2.67079184 0.0
10.41597143 -2.52131245 0.0
10.2738454 -2.529462406 0.0
8.68988407 -3.021392057 0.0
8.455342586 -3.041168596 0.0
11.02083735 -1.257137645 0.0
11.01667945 -1.019374145 0.0
11.01839033 -0.8074489127 0.0
11.02095865 -0.5925489119 0.0
8.512430127 3.01588983 0.0
8.305527293 3.024492158 0.0
8.716850521 3.015326374 0.0
7.889727041 3.024874262 0.0
7.662867581 3.016163224 0.0
8.1 3.024611943 0.0
33.61819432 66.45172833 0.0
42.99267893 60.40726889 0.0
11.44052837 72.03797103 0.0
23.39713303 70.49862737 0.0
-52.45402461 52.82195566 0.0
-60.54044972 44.64129375 0.0
-44.23045798 60.13108792 0.0
-44.42252806 -44.94923397 0.0
-52.45402461 -52.82195566 0.0
-44.45535309 -60.21383158 0.0
10.51089117 -2.297119577 0.0
10.34508044 -2.348636109 0.0
10.5487504 -2.117980281 0.0
10.42550157 -2.152218179 0.0
10.54600943 -1.974747085 0.0
10.35247368 2.351328192 0.0
10.11631242 2.545042093 0.0
10.15436519 2.427088839 0.0
9.966376043 2.543865474 0.0
10.00529755 2.396272657 0.0
10.74301332 -1.487141292 0.0
10.75350817 -1.236811713 0.0
10.76558282 -1.011416942 0.0
10.76868315 -0.8063283142 0.0
10.75407283 -0.6 0.0
11.02605922 -0.3602887446 0.0
11.03032831 -0.1192953841 0.0
10.76759268 -0.1156756342 0.0
11.02666234 0.09849378732 0.0
10.77260472 0.09730141679 0.0
11.02471234 0.3066192007 0.0
10.77001154 0.3048813014 0.0
10.76568902 0.5231004298 0.0
11.04770818 1.028872281 0.0
10.7673502 1.024506239 0.0
10.77075457 0.7574614046 0.0
10.75411019 1.299994498 0.0
10.75182093 1.577285896 0.0
7.011777388 -3.010652475 0.0
7 -2.754072829 0.0
6.797246903 -2.765744869 0.0
6.8 -3.011368953 0.0
7.213363697 -2.767042894 0.0
7.226621807 -3.013436439 0.0
7.447864027 -3.013893989 0.0
7.438147412 -2.759314003 0.0
7.683944779 -3.017755171 0.0
7.670572284 -2.76463644 0.0
7.92829134 -2.763609285 0.0
8.18957384 -2.761886567 0.0
8.445781266 -2.773721732 0.0
8.688759637 -2.765414256 0.0
8.904968094 -2.767470521 0.0
8.898501258 -3.021990601 0.0
9.107817874 -2.76723185 0.0
9.106193056 -3.024378368 0.0
9.336588581 -3.037645888 0.0
9.331295532 -2.761985589 0.0
9.58383327 -3.039167246 0.0
9.577732367 -2.750605983 0.0
9.487109065 2.74302875 0.0
9.199991447 2.754094022 0.0
8.939569406 2.757007341 0.0
8.709892351 2.765973706 0.0
8.502329906 2.764052711 0.0
8.3 2.765240078 0.0
8.1 2.76479163 0.0
7.893635107 2.769245624 0.0
7.674540429 2.759376215 0.0
-1.235009962 72.60441543 0.0
-13.97694184 72.22797583 0.0
-60.38455028 -44.50077292 0.0
-70.60015788 7.460698725e-14 0.0
52.03778844 52.49284062 0.0
59.70892301 43.44705361 0.0
65.65735551 33.35358551 0.0
70.48136234 22.82205478 0.0
72.92790045 11.52595493 0.0
74.16066771 1.065036583e-08 0.0
72.92790045 -11.52595493 0.0
70.54586441 -22.84314453 0.0
66.13050589 -33.65685627 0.0
60.16522917 -43.83481095 0.0
51.8698596 -52.66554978 0.0
42.94463917 -60.621451 0.0
33.07379132 -66.63783113 0.0
10.66656686 -72.08330919 0.0
-2.621993244 -61.44938076 0.0
-2.044289936 -72.04857592 0.0
22.80346979 -70.46407087 0.0
10.27174849 -2.180546344 0.0
10.39528208 -2.012635756 0.0
10.18404669 2.273362948 0.0
10.4848467 -1.76275858 0.0
9.753486575 2.485909423 0.0
10.55218954 0.1018744439 0.0
10.54332252 -1.008869689 0.0
6.788987612 -2.532297615 0.0
7.208902027 -2.536488654 0.0
9.110719683 -2.542551611 0.0
8.710173144 2.534808804 0.0
8.3 2.5414457 0.0
7.9 2.5414457 0.0
7.678481808 2.501226214 0.0
10.35710085 -1.868854214 0.0
9.868332708 2.357356777 0.0
-82.39213754 14.17440533 0.0
-83.19120081 6.039613254e-14 0.0
-80.8274035 28.00052083 0.0
-75.77675238 40.66891769 0.0
-69.05131139 50.96976544 0.0
-60.71231383 59.79869637 0.0
-51.43238764 68.01002574 0.0
-41.12064829 75.7429461 0.0
-29.12630641 81.69819577 0.0
-15.49576278 83.39282354 0.0
-82.25615827 -14.10713084 0.0
-80.62889527 -27.85167979 0.0
-75.30930021 -40.33768648 0.0
-69.0051823 -50.87293831 0.0
-60.67563805 -59.76200387 0.0
-51.4798003 -68.21764741 0.0
-14.91871334 -72.14839857 0.0
-0.9118955689 84.39790184 0.0
13.12876626 84.1705116 0.0
-1.47884344 -84.02872193 0.0
12.85792458 -84.19740622 0.0
39.20569739 -77.80280399 0.0
50.24396197 -70.26777256 0.0
60.43919341 -61.22135422 0.0
69.52127994 -50.50222392 0.0
76.75124149 -39.13974706 0.0
81.74638002 -26.38633418 0.0
84.58264055 -13.37783853 0.0
86.00889411 2.662562432e-09 0.0
84.58264055 13.37783853 0.0
81.7467982 26.54004942 0.0
76.18649321 38.83447099 0.0
69.27981464 50.27450113 0.0
50.18168481 70.21144303 0.0
39.43958182 77.54223698 0.0
27.13942282 82.18202373 0.0
10.25649359 -2.032763841 0.0
10.35377511 -0.4163360223 0.0
7.2 -2.365379124 0.0
8.704196613 2.3611746 0.0
10.36537912 0.1 0.0
6.815424661 -2.336516021 0.0
-41.15415412 -76.01302093 0.0
-92.83704929 -31.6715657 0.0
-92.59523389 31.40572198 0.0
-15.85566636 -83.20233563 0.0
-29.07818543 -81.5791799 0.0
-33.69196126 94.08896592 0.0
14.84700943 98.0641498 0.0
14.80376147 -98.04488308 0.0
26.87326557 -82.26353076 0.0
45.62500384 -90.41278436 0.0
58.82667054 -81.10357981 0.0
70.78540906 -70.54019341 0.0
80.72945569 -57.81298344 0.0
88.69869319 -44.09947574 0.0
94.54169257 -29.98298554 0.0
97.81954355 -14.60551908 0.0
99.58287905 0.08333470481 0.0
97.76363597 14.66988724 0.0
94.33917817 29.92337577 0.0
88.46091185 44.00694726 0.0
80.56155172 57.79754476 0.0
60.20598447 60.63117782 0.0
58.87938445 81.07314502 0.0
45.68098803 90.36674549 0.0
31.92785223 96.58923428 0.0
10.33068846 1.878301224 0.0
10.22025463 1.904345969 0.0
10.23933313 -1.905161753 0.0
10.03211627 2.256779538 0.0
9.904746557 2.239655224 0.0
7.9 2.365379124 0.0
9.1 -2.365379124 0.0
10.30894148 -1.794860767 0.0
10.3364553 -1.713013462 0.0
10.16747255 -2.125646926 0.0
10.12842315 2.168768509 0.0
9.910530507 2.118634656 0.0
10.22451302 -1.800801889 0.0
10.11858864 -1.91056339 0.0
10.32487603 1.724779465 0.0
10.28892699 1.802907952 0.0
10.21121647 1.805643167 0.0
9.910622385 -2.220371253 0.0
9.794262653 2.309513937 0.0
9.800556881 2.225092188 0.0
9.699440529 2.229184349 0.0
9.711909209 2.337104629 0.0
9.595220047 2.222790153 0.0
9.5 2.220143006 0.0
9.4 2.220143006 0.0
9.3 2.220143006 0.0
9.2 2.220143006 0.0
9.1 2.220143006 0.0
9 2.220143006 0.0
8.9 2.220143006 0.0
8.8 2.220143006 0.0
8.7 2.226416284 0.0
8.6 2.220143006 0.0
8.5 2.220143006 0.0
8.401148717 2.225045288 0.0
8.299966774 2.365827394 0.0
8.3 2.228343187 0.0
8.198818057 2.225932136 0.0
8.099944988 2.225912884 0.0
8.0012122 2.226347931 0.0
7.9 2.226416284 0.0
7.791351602 2.343856314 0.0
7.7978379 2.224688682 0.0
6.9 -2.220143006 0.0
6.8 -2.220143006 0.0
7 -2.220143006 0.0
7.1 -2.220143006 0.0
7.2 -2.226416284 0.0
7.4 -2.220143006 0.0
7.302476732 -2.224758931 0.0
7.5 -2.220143006 0.0
7.6 -2.220143006 0.0
9.696022951 -2.217552303 0.0
9.596737026 -2.219696997 0.0
9.5 -2.220143006 0.0
8.6 -2.220143006 0.0
8.5 -2.220143006 0.0
7.7 -2.220143006 0.0
7.8 -2.220143006 0.0
7.9 -2.220143006 0.0
8 -2.220143006 0.0
8.1 -2.220143006 0.0
10.22014301 1.3 0.0
10.22014301 1.2 0.0
10.22014301 1.1 0.0
10.22014301 0.6 0.0
10.22014301 0.5 0.0
10.2229425 0.3043371983 0.0
10.22578964 0.2012259526 0.0
10.22641628 0.1 0.0
10.22014301 -1.5 0.0
10.2213078 -1.595461878 0.0
10.22764623 -1.699840465 0.0
10.22014301 -1.4 0.0
10.22014301 -1.3 0.0
10.22014301 -1.2 0.0
10.22014301 -1.1 0.0
10.36823787 -1.003840688 0.0
10.22834319 -1 0.0
10.22593243 -0.8991596222 0.0
10.22014301 -0.8 0.0
10.22014301 -0.7 0.0
10.22014301 -0.6 0.0
10.22014301 -0.5 0.0
10.22584629 -0.4034351672 0.0
10.22014301 -0.3 0.0
10.22014301 -0.2 0.0
10.22014301 -0.1 0.0
70.57269713 69.86263218 0.0
37.32821585 114.8844354 0.0
31.15756168 -96.4014084 0.0
37.32821585 -114.8844354 0.0
-33.56824958 -94.0684855 0.0
-40.35919974 -111.8349223 0.0
-110.5616239 -36.85293755 0.0
-40.38076047 112.1081934 0.0
-109.9260244 36.50980515 0.0
8.2 -2.226416284 0.0
8.4 -2.220143006 0.0
8.3 -2.220143006 0.0
9.4 -2.220143006 0.0
9.3 -2.220143006 0.0
9.1 -2.226416284 0.0
9.2 -2.220143006 0.0
8.999325579 -2.226006582 0.0
10.22014301 1.4 0.0
10.22014301 1.5 0.0
10.21909976 1.603625355 0.0
10.22014301 0.7 0.0
10.22014301 0.8 0.0
10.22014301 0.4 0.0
10.10668327 1.905669315 0.0
9.802064784 2.115585485 0.0
9.597762566 2.11087004 0.0
9.697594724 2.115397621 0.0
9.5 2.106609424 0.0
9.4 2.106294689 0.0
9.3 2.105035751 0.0
9.2 2.107868362 0.0
9.1 2.106294689 0.0
9 2.105035751 0.0
8.9 2.106294689 0.0
8.8 2.108260441 0.0
8.7 2.106604071 0.0
8.6 2.108260441 0.0
8.5 2.106294689 0.0
8.4 2.105035751 0.0
8.3 2.108344735 0.0
8.2 2.108380873 0.0
8.099986247 2.110147112 0.0
8 2.106294689 0.0
7.9 2.108177743 0.0
7.8 2.108339125 0.0
7 -2.106294689 0.0
6.9 -2.105035751 0.0
7.1 -2.108260441 0.0
7.2 -2.106604071 0.0
7.3 -2.108260441 0.0
7.4 -2.106294689 0.0
7.5 -2.105035751 0.0
7.6 -2.106294689 0.0
7.7 -2.107868362 0.0
7.8 -2.105035751 0.0
7.9 -2.106294689 0.0
8 -2.108281116 0.0
8.1 -2.106686769 0.0
8.2 -2.106604071 0.0
8.3 -2.107945707 0.0
8.4 -2.105035751 0.0
9.799641323 -2.217519296 0.0
9.801542743 -2.108459937 0.0
9.700322171 -2.107772458 0.0
8.5 -2.106294689 0.0
8.6 -2.107868362 0.0
8.7 -2.220143006 0.0
8.7 -2.105035751 0.0
8.8 -2.220143006 0.0
8.8 -2.10797155 0.0
8.896380805 -2.223616686 0.0
8.9 -2.106707444 0.0
9 -2.106686769 0.0
9.1 -2.106604071 0.0
9.2 -2.106686769 0.0
9.3 -2.107966382 0.0
9.4 -2.105035751 0.0
9.499958969 -2.108363899 0.0
9.599835878 -2.108276839 0.0
10.21676866 1.708674871 0.0
10.10804469 1.801884421 0.0
10.11188238 1.700651495 0.0
10.10826178 1.3 0.0
10.10660942 1.2 0.0
10.22014301 1 0.0
10.22014301 0.9 0.0
10.10629469 1.1 0.0
10.10503575 1 0.0
10.10629469 0.6 0.0
10.10660942 0.5 0.0
10.10629469 0.3 0.0
10.10503575 0.2 0.0
10.22575674 -0.0009059858584 0.0
10.11582291 -1.801800213 0.0
10.11219233 -1.698505046 0.0
10.10753042 -1.598129449 0.0
10.10503575 -1.5 0.0
10.10629469 -1.4 0.0
10.1081831 -1.3 0.0
10.10629469 -1.2 0.0
10.10503575 -1.1 0.0
10.10991841 -1 0.0
10.10629469 -0.9 0.0
10.10503575 -0.8 0.0
10.10786836 -0.7 0.0
10.10629469 -0.6 0.0
10.10503575 -0.5 0.0
10.10772051 -0.4008587918 0.0
10.10822482 -0.300214698 0.0
10.10503575 -0.2 0.0
10.10629469 -0.1 0.0
45.66535444 -143.2888162 0.0
-47.35697893 -143.4361529 0.0
-88.18417002 -122.6793024 0.0
45.61484183 143.3510353 0.0
-121.4397108 88.92909088 0.0
-143.3508154 47.06551531 0.0
10.10857518 -3.934041154e-17 0.0
10.10786836 0.9 0.0
10.10629469 0.8 0.0
10.10503575 0.7 0.0
-121.4564988 -89.15465917 0.0
-143.3609699 -47.15845003 0.0
-149.4198329 -0.03304595335 0.0
-46.69087493 142.9779885 0.0
-88.21233817 122.097344 0.0
9.905848801 -2.105924284 0.0
10.10786301 0.1 0.0
10.10826178 0.4 0.0
10.10764002 1.599654102 0.0
10.10503575 1.5 0.0
10.10629469 1.4 0.0
190.2113033 -61.80339887 0.0
200 0 0.0
161.8033989 -117.5570505 0.0
117.5570505 -161.8033989 0.0
61.80339887 -190.2113033 0.0
190.2113033 61.80339887 0.0
161.8033989 117.5570505 0.0
1.224646799e-14 -200 0.0
-61.80339887 -190.2113033 0.0
-117.5570505 -161.8033989 0.0
-161.8033989 -117.5570505 0.0
-161.8033989 117.5570505 0.0
-190.2113033 61.80339887 0.0
-190.2113033 -61.80339887 0.0
117.5570505 161.8033989 0.0
61.80339887 190.2113033 0.0
-200 0 0.0
-117.5570505 161.8033989 0.0
-61.80339887 190.2113033 0.0
1.224646799e-14 200 0.0
7 -1.000358622 0.0
6.9 -1.000358622 0.0
6.8 -1.199721072 0.0
6.8 -1.099681225 0.0
7.3 -1.000358622 0.0
7.3 -0.9003187749 0.0
7.6 0.9003187749 0.0
7.6 0.800278928 0.0
7.6 1.099681225 0.0
7.6 1.000358622 0.0
7.1 -1.000358622 0.0
7.2 -1.000358622 0.0
7.6 1.199721072 0.0
7.3 -0.800278928 0.0
7.5 -0.6001992343 0.0
7.4 -0.6001992343 0.0
7.3 -0.7002390812 0.0
7.6 -0.6001992343 0.0
7.6 0.7002390812 0.0
7.7 1.399800766 0.0
7.6 1.299760919 0.0
6.8 -1.399800766 0.0
6.8 -1.299760919 0.0
6.8 -1.499840613 0.0
7.7 1.499840613 0.0
7.6 0.6001992343 0.0
7.6 0.5001593874 0.0
7.6 -0.5001593874 0.0
7.6 -0.4001195406 0.0
7.7 1.599880459 0.0
7.6 0.4001195406 0.0
6.8 -1.599880459 0.0
6.8 -1.699920306 0.0
7.6 -0.3000796937 0.0
7.7 1.699920306 0.0
7.6 0.3000796937 0.0
7.6 -0.2000398469 0.0
7.7 1.799960153 0.0
6.8 -1.799960153 0.0
7.6 0.2000398469 0.0
7.6 -0.1 0.0
7.6 0.1 0.0
6.8 -1.9 0.0
7.7 1.9 0.0
7.7 2 0.0
6.8 -2 0.0
7.6 0 0.0
-1.107021615 -9.866019807 0.0
0.05295671735 -9.573114201 0.0
-4.767334147 9.205080211 0.0
-3.059758698 8.601802429 0.0
-8.960175014 -14.21523739 0.0
7.441239263 3.264538648 0.0
6.610998199 -3.256810271 0.0
6.497007308 -3.671237735 0.0
-2.92655615 -11.46417237 0.0
-3.38720822 -13.29030965 0.0
-8.060045778 7.016113781 0.0
-7.070902531 7.842016816 0.0
-11.4250005 6.443671259 0.0
-9.607446276 6.485902835 0.0
0.5360834445 7.996956603 0.0
-0.5576332749 8.027079887 0.0
0.125377046 -8.391588201 0.0
-5.970549681 8.632552239 0.0
-13.86585504 7.536660759 0.0
0.1427493012 -7.176699045 0.0
0.6520845115 6.978839954 0.0
-1.892255817 8.324749933 0.0
0.5379657988 -5.994795316 0.0
-11.13321811 -12.26014796 0.0
-12.79546523 -10.12986055 0.0
-13.88063328 -7.56527421 0.0
-15.30726373 0.03953384972 0.0
-14.81166853 -2.359201309 0.0
-14.90264715 2.451500003 0.0
-14.33641349 5.061067842 0.0
0.8212362221 -5.209159798 0.0
1.88285669 -4.597887359 0.0
1.333404141 5.996863574 0.0
-5.445515941 -13.12484234 0.0
-14.2918852 -5.046623215 0.0
1.495291372 4.764049792 0.0
1.466057581 5.361260315 0.0
5.023394631 -4.09073973 0.0
4.573128466 -4.150904424 0.0
2.747600152 -4.070704162 0.0
3.174102095 -4.150128535 0.0
3.664408075 -4.181872932 0.0
4.120585625 -4.175900767 0.0
6.490185948 -4.192628804 0.0
6 -4.149073758 0.0
5.539284796 -4.076446529 0.0
1.508229635 4.190171479 0.0
3.079487298 3.286340379 0.0
3.3 3.321637038 0.0
5.189829479 3.258412901 0.0
4.992196072 3.260189184 0.0
5.420934096 3.264342482 0.0
5.631597026 3.272272863 0.0
6.341506351 3.291800792 0.0
6.1 3.321637038 0.0
2.617483194 3.25891524 0.0
2.83271915 3.272213553 0.0
6.570993649 3.276882668 0.0
6.774158782 3.27041327 0.0
4.61375612 3.276233257 0.0
4.4 3.321637038 0.0
7.205445989 3.267928329 0.0
6.999934505 3.268680621 0.0
4.190139029 3.283986219 0.0
3.776414582 3.272594809 0.0
3.969964578 3.269057944 0.0
3.53211187 3.283917655 0.0
2.187558775 3.252294598 0.0
2.383794565 3.250600672 0.0
1.502041864 3.667201369 0.0
5.875205992 3.287524665 0.0
7.436642785 3.015222724 0.0
6.6 -2.765240078 0.0
6.6 -3.011368953 0.0
7.439217969 2.759652513 0.0
6.6 -2.5414457 0.0
7.426859443 2.503791305 0.0
6.705789039 -2.345720924 0.0
7.7 2.220143006 0.0
7.692752163 2.342730596 0.0
6.8 -2.106294689 0.0
6.70144726 -2.225238436 0.0
7.7 2.105035751 0.0
</DataArray></Points>
<Cells>
<DataArray type="Int32" Name="connectivity" format="ascii">
0 1 2 3 
4 5 6 7 
5 8 9 10 
11 4 7 12 
11 12 13 14 
15 16 11 14 
17 18 19 20 
21 22 23 24 
25 26 27 28 
29 28 27 30 
28 31 32 25 
29 30 33 34 
35 36 29 34 
37 38 39 40 
41 37 40 42 
43 44 38 37 
41 42 45 46 
46 47 48 41 
49 50 51 52 
50 53 54 24 
55 56 49 57 
57 58 59 60 
61 62 63 64 
65 66 67 68 
68 67 69 1 
70 71 72 0 
1 69 73 2 
2 73 74 75 
76 70 0 3 
75 74 77 78 
3 79 80 76 
81 78 77 82 
79 83 84 80 
81 82 85 26 
83 86 87 84 
32 87 86 25 
26 85 88 27 
27 88 89 30 
30 89 90 33 
29 36 31 28 
33 90 91 92 
93 94 95 96 
97 98 99 100 
93 96 101 102 
10 9 98 97 
103 8 5 4 
16 103 4 11 
19 15 14 20 
104 105 106 22 
107 108 35 34 
107 38 44 108 
42 40 109 110 
111 112 113 114 
66 65 113 112 
115 76 80 116 
84 117 116 80 
117 84 87 118 
119 118 87 32 
119 32 31 120 
33 92 107 34 
121 122 36 35 
109 40 39 123 
44 124 125 108 
42 110 126 45 
41 48 43 37 
127 45 126 128 
22 106 129 23 
21 130 18 17 
98 131 132 99 
101 133 6 102 
134 131 98 9 
103 135 136 8 
137 135 103 16 
16 15 138 137 
13 139 20 14 
105 104 139 140 
19 141 138 15 
142 143 18 130 
23 51 50 24 
144 142 130 54 
145 144 54 53 
51 23 129 146 
147 148 56 55 
57 60 149 55 
150 48 47 151 
58 52 152 153 
56 148 145 53 
47 154 155 151 
156 157 158 127 
157 159 154 158 
160 161 162 163 
156 164 165 161 
160 166 159 157 
55 149 167 147 
60 59 168 169 
159 170 155 154 
166 171 170 159 
171 166 172 173 
86 81 26 25 
36 122 120 31 
2 75 79 3 
75 78 83 79 
72 68 1 0 
70 174 175 71 
63 111 114 64 
45 127 158 46 
158 154 47 46 
164 156 127 128 
78 81 86 83 
92 39 38 107 
123 39 92 91 
108 125 121 35 
97 100 94 93 
8 136 134 9 
10 102 6 5 
176 13 12 177 
7 6 133 178 
20 139 104 17 
146 152 52 51 
52 58 57 49 
58 153 179 59 
24 54 130 21 
172 166 160 163 
160 157 156 161 
48 150 180 43 
169 181 149 60 
49 56 53 50 
172 163 182 183 
180 124 44 43 
90 89 184 185 
89 88 186 184 
187 85 82 188 
189 188 82 77 
189 77 74 190 
73 69 191 192 
67 66 193 194 
112 195 193 66 
111 196 195 112 
196 111 63 197 
91 198 199 123 
123 199 200 109 
164 201 202 165 
175 174 203 204 
174 115 205 203 
116 206 205 115 
206 116 117 207 
207 117 118 208 
209 208 118 119 
209 119 120 210 
210 120 122 211 
125 212 213 121 
124 214 212 125 
215 214 124 180 
215 180 150 216 
95 217 218 96 
101 96 218 219 
133 220 221 178 
12 7 178 177 
177 178 221 222 
17 104 22 21 
223 132 131 224 
131 134 225 224 
225 134 136 226 
136 135 227 226 
135 137 228 227 
176 140 139 13 
229 228 137 138 
229 138 141 230 
143 231 230 141 
143 142 232 231 
105 233 234 106 
142 144 235 232 
236 235 144 145 
153 237 238 179 
179 239 168 59 
179 238 240 239 
241 182 163 162 
162 242 243 241 
148 244 236 145 
244 148 147 245 
216 150 151 246 
246 151 155 247 
247 155 170 248 
167 249 245 147 
249 167 250 251 
181 250 167 149 
250 181 252 253 
165 242 162 161 
242 165 202 254 
255 256 169 168 
255 168 239 257 
258 248 170 171 
258 171 173 259 
122 121 213 211 
200 260 110 109 
90 185 198 91 
88 85 187 186 
76 115 174 70 
74 73 192 190 
10 97 93 102 
220 133 101 219 
18 143 141 19 
233 105 140 261 
262 263 146 129 
263 264 152 146 
264 237 153 152 
201 164 128 265 
252 181 169 256 
172 183 266 173 
183 182 267 268 
260 269 270 271 
272 269 260 200 
272 200 199 273 
273 199 198 274 
198 185 275 274 
184 276 275 185 
184 186 277 276 
278 277 186 187 
188 279 278 187 
188 189 280 279 
190 281 280 189 
282 281 190 192 
283 282 192 191 
194 284 283 191 
194 193 285 284 
286 195 196 287 
197 288 287 196 
288 197 289 290 
206 207 291 292 
291 207 208 293 
208 209 294 293 
294 209 210 295 
211 296 295 210 
256 297 298 252 
256 255 299 297 
271 265 128 126 
265 300 301 201 
302 296 211 213 
212 303 302 213 
212 214 304 303 
214 215 305 304 
305 215 216 306 
307 224 225 308 
308 225 226 309 
310 309 226 227 
227 228 311 310 
228 229 312 311 
312 229 230 313 
231 232 314 315 
235 236 316 317 
236 244 318 316 
319 246 247 320 
248 321 320 247 
248 258 322 321 
219 323 324 220 
222 221 325 326 
327 176 177 222 
327 261 140 176 
262 129 106 234 
238 328 329 240 
182 241 330 267 
331 318 244 245 
245 249 332 331 
333 251 334 335 
240 336 257 239 
243 337 330 241 
254 202 338 339 
266 340 259 173 
254 341 243 242 
342 337 243 341 
253 334 251 250 
334 253 343 344 
345 299 255 257 
336 346 345 257 
259 347 322 258 
340 348 347 259 
67 194 191 69 
193 195 286 285 
230 231 315 313 
232 235 317 314 
63 62 289 197 
216 246 319 306 
110 260 271 126 
324 325 221 220 
249 251 333 332 
349 350 264 263 
328 238 237 351 
268 352 266 183 
268 267 353 354 
355 340 266 352 
352 356 357 355 
355 358 348 340 
355 357 359 358 
275 276 360 361 
277 362 360 276 
363 362 277 278 
363 278 279 364 
364 279 280 365 
365 280 281 366 
281 282 367 366 
282 283 368 367 
284 369 368 283 
370 369 284 285 
370 285 286 371 
287 372 371 286 
288 373 372 287 
373 288 290 374 
307 308 375 376 
309 377 375 308 
377 309 310 378 
379 380 311 312 
313 381 379 312 
381 313 315 382 
314 317 383 384 
317 316 385 383 
385 316 318 386 
318 331 387 386 
388 389 218 217 
389 388 390 391 
389 323 219 218 
323 389 391 392 
393 292 291 394 
394 291 293 395 
396 294 295 397 
397 295 296 398 
296 302 399 398 
400 353 267 330 
400 330 337 401 
273 402 403 272 
399 302 303 404 
404 303 304 405 
406 405 304 305 
406 305 306 407 
319 320 408 409 
320 321 410 408 
411 410 321 322 
269 412 413 270 
300 265 271 270 
326 325 414 415 
416 417 261 327 
418 387 331 332 
332 333 419 418 
335 420 419 333 
417 421 233 261 
421 422 423 424 
424 425 262 234 
424 423 426 425 
427 401 337 342 
427 342 428 429 
299 430 431 297 
298 343 253 252 
343 432 433 344 
425 349 263 262 
349 434 435 350 
351 436 437 328 
328 437 438 329 
329 439 336 240 
347 440 411 322 
440 347 348 441 
439 442 346 336 
442 439 443 444 
339 445 341 254 
346 446 447 345 
446 346 442 448 
344 449 335 334 
450 420 335 449 
441 348 358 451 
445 428 342 341 
428 445 452 453 
454 455 338 301 
456 402 273 274 
403 412 269 272 
455 457 339 338 
202 201 301 338 
452 445 339 457 
416 327 222 326 
315 314 384 382 
293 294 396 395 
458 432 343 298 
438 443 439 329 
447 430 299 345 
393 394 459 460 
395 396 461 462 
463 397 398 464 
465 464 398 399 
404 466 465 399 
466 404 405 467 
405 406 468 467 
469 407 409 470 
470 409 408 471 
472 471 408 410 
410 411 473 472 
473 411 440 474 
356 475 476 357 
379 381 477 478 
310 311 380 378 
378 380 479 480 
377 378 480 481 
377 481 482 375 
376 375 482 483 
484 485 486 454 
484 413 487 485 
487 413 412 488 
412 403 489 488 
402 490 489 403 
456 491 490 402 
456 361 492 491 
360 362 493 494 
362 363 495 493 
495 363 364 496 
364 365 497 496 
497 365 366 498 
367 368 499 500 
499 368 369 501 
457 455 502 503 
457 503 504 452 
452 504 505 453 
506 414 325 324 
414 506 507 508 
509 510 417 416 
510 511 512 422 
510 422 421 417 
423 422 512 513 
426 434 349 425 
437 514 515 438 
353 516 517 354 
353 400 518 516 
519 518 400 401 
447 446 520 521 
522 519 401 427 
522 427 429 523 
524 477 381 382 
524 382 384 525 
458 298 297 431 
458 526 527 432 
369 370 528 501 
371 529 528 370 
529 371 372 530 
530 372 373 531 
532 525 384 383 
383 385 533 532 
533 385 386 534 
535 536 387 418 
535 418 419 537 
538 539 420 450 
538 450 540 541 
359 542 451 358 
440 441 543 474 
429 544 545 523 
444 546 448 442 
546 547 548 448 
549 540 450 449 
541 540 550 551 
453 544 429 428 
544 453 505 552 
542 553 554 451 
354 356 352 268 
526 458 431 555 
326 415 509 416 
556 511 510 509 
557 558 435 434 
517 475 356 354 
394 395 462 459 
361 360 494 492 
361 456 274 275 
406 407 469 468 
379 478 479 380 
413 484 300 270 
502 455 454 486 
419 420 539 537 
559 555 431 430 
476 560 359 357 
560 561 542 359 
516 562 563 517 
516 518 564 562 
518 519 565 564 
519 522 566 565 
566 522 523 567 
568 391 390 569 
568 570 571 572 
507 506 392 572 
572 571 573 507 
512 511 574 575 
513 576 426 423 
557 577 578 558 
558 579 436 435 
579 514 437 436 
494 580 581 492 
582 580 494 493 
583 582 493 495 
496 584 583 495 
496 497 585 584 
498 586 585 497 
586 498 500 587 
587 500 499 588 
588 499 501 589 
590 589 501 528 
591 590 528 529 
530 592 591 529 
531 593 592 530 
594 595 593 531 
526 555 596 597 
598 599 549 433 
600 601 460 459 
600 459 462 602 
603 602 462 461 
463 604 603 461 
604 463 464 605 
397 463 461 396 
464 465 606 605 
466 607 606 465 
607 466 467 608 
609 608 467 468 
469 610 609 468 
470 611 610 469 
611 470 471 612 
471 472 613 612 
614 613 472 473 
614 473 474 615 
483 482 616 617 
481 618 616 482 
480 619 618 481 
479 620 619 480 
479 478 621 620 
477 622 621 478 
524 623 622 477 
623 524 525 624 
532 533 625 626 
625 533 534 627 
534 536 628 627 
629 628 536 535 
629 535 537 630 
539 631 630 537 
632 631 539 538 
560 633 634 561 
515 635 636 637 
638 444 443 637 
637 636 639 638 
638 640 546 444 
640 638 639 641 
640 642 547 546 
640 641 643 642 
505 644 645 552 
520 646 647 521 
599 550 540 549 
541 648 632 538 
541 551 649 648 
543 650 615 474 
650 543 554 651 
548 652 646 520 
561 653 553 542 
551 550 654 655 
433 549 449 344 
553 656 651 554 
653 657 656 553 
552 658 545 544 
658 659 660 545 
547 661 652 548 
661 547 642 662 
663 570 568 569 
525 532 626 624 
392 391 568 572 
664 576 513 665 
664 577 557 576 
666 579 558 578 
667 514 579 666 
635 515 514 667 
515 637 443 438 
448 548 520 446 
536 534 386 387 
319 409 407 306 
366 367 500 498 
668 504 503 669 
373 374 594 531 
670 598 527 671 
521 559 430 447 
598 433 432 527 
670 672 599 598 
672 654 550 599 
441 451 554 543 
563 562 673 674 
571 675 676 573 
677 573 676 678 
677 679 680 508 
681 574 511 556 
667 682 683 635 
639 636 684 685 
643 686 662 642 
687 688 689 596 
687 647 690 688 
521 647 687 559 
581 691 491 492 
581 580 692 693 
694 692 580 582 
582 583 695 694 
584 696 695 583 
697 696 584 585 
585 586 698 697 
699 698 586 587 
700 699 587 588 
589 701 700 588 
589 590 702 701 
703 591 592 704 
704 592 593 705 
706 490 491 691 
691 707 708 706 
709 489 490 706 
709 710 488 489 
711 487 488 710 
711 712 485 487 
712 713 486 485 
601 600 714 715 
602 603 716 717 
716 603 604 718 
605 606 719 720 
719 606 607 721 
608 722 721 607 
608 609 723 722 
617 616 724 725 
618 726 724 616 
726 618 619 727 
727 619 620 728 
728 620 621 729 
730 622 623 731 
732 733 624 626 
626 625 734 732 
734 625 627 735 
736 735 627 628 
628 629 737 736 
630 738 737 629 
630 631 739 738 
671 527 526 597 
609 610 740 723 
740 610 611 741 
741 611 612 742 
613 614 743 744 
743 614 615 745 
631 632 746 739 
668 747 748 644 
644 748 749 645 
645 750 658 552 
562 564 751 673 
565 752 751 564 
565 566 753 752 
567 754 753 566 
755 754 567 660 
659 756 755 660 
756 659 757 758 
759 760 761 762 
762 633 560 476 
762 761 763 633 
634 764 765 766 
766 767 657 653 
654 672 768 769 
646 770 690 647 
770 646 652 771 
651 772 773 650 
656 774 772 651 
661 775 771 652 
655 654 769 776 
648 777 746 632 
649 778 777 648 
778 649 779 780 
781 774 656 657 
767 782 781 657 
750 757 659 658 
757 750 783 784 
655 779 649 551 
779 655 776 785 
786 775 661 662 
786 662 686 787 
678 788 679 677 
789 681 679 788 
680 679 681 556 
789 790 574 681 
556 509 415 680 
791 665 575 792 
793 664 665 791 
793 794 577 664 
665 513 512 575 
795 578 577 794 
590 591 703 702 
595 796 705 593 
797 798 710 709 
799 711 710 798 
687 596 555 559 
621 622 730 729 
623 624 733 731 
615 650 773 745 
581 693 707 691 
799 800 712 711 
801 713 712 800 
802 803 713 801 
486 713 803 502 
804 669 803 802 
803 669 503 502 
747 668 669 804 
475 759 762 476 
674 760 759 563 
563 759 475 517 
749 783 750 645 
660 567 523 545 
805 806 570 663 
675 571 570 806 
573 677 508 507 
807 808 715 714 
714 717 809 807 
810 809 717 716 
718 811 810 716 
811 718 720 812 
813 812 720 719 
813 719 721 814 
814 721 722 815 
722 723 816 815 
740 817 816 723 
817 740 741 818 
742 819 818 741 
819 742 744 820 
821 820 744 743 
821 743 745 822 
773 823 822 745 
772 824 823 773 
824 772 774 825 
826 825 774 781 
693 692 827 828 
805 829 830 806 
788 831 832 789 
790 789 832 833 
790 833 834 792 
794 793 835 836 
795 837 838 839 
682 667 666 839 
839 838 840 682 
683 841 842 684 
685 843 641 639 
844 686 643 845 
845 846 847 844 
848 827 692 694 
849 848 694 695 
696 850 849 695 
696 697 851 850 
698 699 852 853 
699 700 854 852 
701 855 854 700 
701 702 856 855 
857 856 702 703 
704 858 857 703 
705 859 858 704 
859 705 796 860 
674 673 861 862 
725 724 863 864 
863 724 726 865 
727 866 865 726 
727 728 867 866 
689 868 597 596 
869 867 728 729 
869 729 730 870 
731 871 870 730 
733 872 871 731 
733 732 873 872 
874 873 732 734 
735 875 874 734 
876 875 735 736 
736 737 877 876 
878 738 739 879 
777 880 881 746 
880 777 778 882 
780 883 884 885 
748 747 886 887 
765 888 767 766 
888 889 782 767 
889 888 890 891 
782 892 826 781 
892 782 889 893 
673 751 894 861 
752 895 894 751 
895 752 753 896 
897 670 671 898 
897 768 672 670 
755 899 900 754 
899 755 756 901 
901 756 758 902 
902 758 903 904 
785 883 780 779 
883 785 905 906 
844 907 787 686 
907 844 847 908 
784 783 909 910 
784 903 758 757 
903 784 910 911 
787 912 913 786 
912 787 907 914 
737 738 878 877 
604 605 720 718 
600 602 717 714 
641 843 845 643 
913 915 775 786 
916 917 770 771 
918 675 806 830 
919 676 675 918 
919 920 678 676 
921 690 770 917 
921 922 688 690 
612 613 744 742 
753 754 900 896 
778 780 885 882 
923 689 688 922 
923 924 868 689 
924 925 898 868 
926 797 708 927 
928 798 797 926 
929 930 843 685 
846 845 843 930 
931 897 898 925 
597 868 898 671 
931 932 768 897 
933 799 798 928 
934 800 799 933 
935 801 800 934 
936 937 763 761 
763 764 634 633 
937 938 764 763 
938 939 765 764 
935 940 802 801 
766 653 561 634 
940 941 804 802 
941 886 747 804 
942 749 748 887 
939 890 888 765 
942 909 783 749 
932 943 769 768 
893 889 891 944 
945 905 785 776 
739 746 881 879 
881 946 947 879 
878 948 949 877 
876 950 951 875 
952 953 882 885 
954 952 885 884 
875 951 955 874 
871 872 956 957 
869 958 959 867 
866 960 961 865 
865 961 962 863 
864 863 962 963 
816 817 964 965 
815 966 967 814 
814 967 968 813 
811 969 970 810 
830 971 972 918 
912 973 974 913 
915 975 976 916 
917 977 978 921 
918 972 970 919 
894 895 979 980 
674 862 981 760 
861 982 983 862 
855 856 984 985 
852 986 987 853 
697 698 853 851 
850 988 989 849 
848 849 989 990 
827 848 990 991 
828 992 707 693 
827 991 993 828 
992 828 993 994 
818 995 964 817 
819 996 995 818 
997 791 792 834 
833 967 966 834 
820 998 996 819 
820 821 999 998 
835 793 791 997 
1000 896 900 1001 
840 841 683 682 
1001 900 899 1002 
842 929 685 684 
929 1003 1004 930 
932 931 1005 1006 
1007 822 823 1008 
981 1009 1010 936 
943 1011 1012 945 
1008 823 824 1003 
940 1013 1014 941 
936 761 760 981 
825 1004 1003 824 
825 826 1015 1004 
890 939 1016 1017 
902 1018 1019 901 
1018 902 904 1020 
1020 904 1021 1022 
886 941 1014 1023 
887 886 1023 1024 
942 1025 1026 909 
891 890 1017 1027 
891 1027 1028 944 
908 1029 914 907 
910 1030 1031 911 
905 945 1012 1032 
911 1021 904 903 
1021 911 1031 1033 
1029 908 1034 1035 
893 1034 1036 892 
1034 893 944 1035 
906 905 1032 1037 
1038 906 1037 1039 
927 708 707 992 
1040 1041 928 926 
994 1042 927 992 
1043 988 850 851 
1044 1045 859 860 
1046 923 922 1047 
1046 1048 924 923 
1048 1049 925 924 
1049 1005 931 925 
1041 1050 933 928 
1025 942 887 1024 
1051 954 884 1038 
906 1038 884 883 
1040 926 927 1042 
1052 1016 939 938 
943 945 776 769 
987 1043 851 853 
1053 986 852 854 
1054 858 859 1045 
1054 1055 857 858 
1055 984 856 857 
1053 854 855 985 
1056 969 811 812 
970 969 920 919 
968 832 831 1056 
953 1057 880 882 
946 881 880 1057 
1050 1058 934 933 
1059 935 934 1058 
999 840 838 998 
999 1007 841 840 
821 822 1007 999 
1007 1008 842 841 
1008 1003 929 842 
826 892 1036 1015 
1015 846 930 1004 
959 960 866 867 
968 1056 812 813 
920 831 788 678 
968 967 833 832 
980 982 861 894 
1060 958 869 870 
1061 956 872 873 
983 1009 981 862 
970 972 809 810 
972 971 807 809 
971 1062 808 807 
1062 971 830 829 
1033 1063 1022 1021 
1064 1052 938 937 
1010 1064 937 936 
949 950 876 877 
964 995 836 835 
995 996 837 836 
965 966 815 816 
1006 1011 943 932 
976 977 917 916 
1015 1036 847 846 
1036 1034 908 847 
1065 1066 914 1029 
1066 973 912 914 
947 948 878 879 
974 975 915 913 
969 1056 831 920 
965 997 834 966 
1026 1030 910 909 
899 901 1019 1002 
1067 1051 1038 1039 
895 896 1000 979 
1068 1065 1029 1035 
668 644 505 504 
964 835 997 965 
508 680 415 414 
683 684 636 635 
1059 1013 940 935 
836 837 795 794 
435 436 351 350 
839 666 578 795 
454 301 300 484 
790 792 575 574 
797 709 706 708 
576 557 434 426 
506 324 323 392 
424 234 233 421 
350 351 237 264 
996 998 838 837 
1060 870 871 957 
916 771 775 915 
978 1047 922 921 
955 1061 873 874 
1028 1068 1035 944 
1069 1070 1071 
1072 1073 1074 
1075 1076 1077 
1078 1079 1080 
1081 1082 1083 
1074 1073 1084 
1085 1086 1087 
1088 1089 1090 
1091 1092 1093 
1094 1095 1096 
1097 1098 1099 
1095 1094 1100 
1090 1101 1102 
1103 1104 1105 
1106 1107 1108 
1109 1110 1111 
1112 1113 1114 
1115 1116 1117 
1118 1119 1120 
1119 1121 1122 
1123 1124 1125 
1126 1127 1128 
1129 1130 1131 
1132 1133 1134 
1084 1135 1136 
1137 1138 1139 
1140 1141 1142 
1143 1144 1145 
1146 1147 1148 
1149 1150 1151 
1125 1152 1077 
1153 1124 1154 
1155 1156 1157 
1158 1159 1160 
1161 1137 1162 
1163 1164 1165 
1166 1160 1159 
1138 1167 1150 
1168 1169 1170 
1171 1172 1173 
1174 1175 1176 
1177 1178 1179 
1180 1181 1182 
1183 1184 1185 
1186 1187 1188 
1189 1190 1191 
1192 1193 1194 
1122 1135 1195 
1196 1197 1198 
1199 1200 1201 
1202 1203 1204 
1205 1206 1207 
1175 1208 1209 
1210 1211 1212 
1184 1213 1214 
1215 1216 1217 
1218 1219 1220 
1221 1222 1223 
1221 1224 1225 
1226 1227 1228 
1229 1230 1231 
1215 1232 1233 
1218 1234 1235 
1236 1237 1238 
1239 1240 1241 
1200 1242 1243 
1244 1245 1246 
1247 1248 1249 
1250 1251 1252 
1191 1253 1254 
1255 1256 1257 
1258 1259 1260 
1261 1262 1263 
1264 1265 1261 
1266 1267 1268 
1269 1270 1271 
1272 1273 1162 
1274 1275 1276 
1277 1278 1279 
1280 1281 1282 
1283 1256 1284 
1285 1286 1287 
1288 1289 1290 
1291 1258 1292 
1293 1294 1295 
1296 1297 1298 
1299 1300 1301 
1302 1303 1304 
1305 1306 1307 
1308 1309 1310 
1284 1311 1312 
1259 1313 1314 
1315 1316 1262 
1317 1318 1319 
1320 1321 1322 
1323 1294 1293 
1324 1325 1326 
1327 1328 1329 
1330 1309 1308 
1331 1332 1333 
1334 1335 1336 
1337 1338 1339 
1340 1341 1342 
1343 1344 1339 
1345 1346 1341 
1347 1348 1349 
1314 1350 1351 
1316 1352 1353 
1354 1355 1356 
1357 1354 1358 
1359 1360 1350 
1361 1362 1352 
1363 1361 1364 
1365 1366 1367 
1368 1369 1370 
1371 1372 1373 
1374 1375 1376 
1377 1378 1379 
1380 1381 1382 
1383 1384 1385 
1386 1387 1388 
1389 1390 1391 
1392 1393 1394 
1395 1396 1367 
1397 1398 1399 
1400 1401 1402 
1403 1404 1405 
1406 1407 1408 
1409 1410 1411 
1412 1360 1413 
1414 1415 1416 
1417 1418 1419 
1419 1420 1417 
1421 1422 1423 
1424 1425 1426 
1427 1426 1425 
1428 1371 1373 
1429 1430 1431 
1429 1432 1430 
1433 1434 1435 
1435 1436 1433 
1411 1410 1437 
1416 1415 1438 
1406 1408 1439 
1440 1387 1386 
1441 1375 1374 
1442 1400 1402 
1443 1444 1445 
1444 1446 1445 
1447 1381 1380 
1448 1384 1383 
1449 1450 1451 
1450 1452 1451 
1453 1454 1455 
1456 1457 1458 
1459 1460 1461 
1462 1463 1464 
1465 1466 1467 
1468 1469 1470 
1471 1472 1340 
1473 1474 1475 
1476 1477 1478 
1479 1480 1481 
1482 1483 1484 
1485 1486 1487 
1488 1482 1484 
1489 1390 1389 
1490 1398 1397 
1491 1492 1493 
1494 1359 1495 
1496 1491 1493 
1497 1498 1459 
1465 1467 1499 
1500 1501 1502 
1503 1504 1505 
1506 1507 1508 
1509 1510 1511 
1512 1513 1514 
1468 1470 1515 
1479 1481 1516 
1500 1502 1517 
1518 1519 1520 
1521 1522 1523 
1524 1525 1526 
1527 1473 1528 
1357 1529 1530 
1531 1067 1437 
1532 1063 1438 
1533 1534 1535 
1486 1536 1487 
1537 1335 1538 
1258 1260 1275 1227 
1261 1263 1270 1224 
1072 1091 1093 1539 
1075 1540 1092 1541 
1120 1540 1542 1118 
1093 1120 1119 1539 
1077 1076 1100 1125 
1114 1113 1543 1544 
1113 1128 1545 1543 
1546 1544 1543 1547 
1547 1131 1079 1078 
1115 1117 1272 1548 
1117 1116 1089 1088 
1549 1550 1551 1552 
1552 1551 1553 1554 
1554 1553 1555 1556 
1557 1555 1558 1559 
1083 1560 1561 1081 
1081 1561 1562 1546 
1546 1562 1563 1544 
1564 1565 1148 1566 
1567 1565 1564 1112 
1567 1112 1114 1568 
1114 1544 1563 1568 
1569 1115 1098 1070 
1570 1571 1147 1572 
1070 1085 1570 1569 
1115 1573 1574 1116 
1088 1575 1272 1117 
1116 1574 1576 1089 
1072 1074 1577 1091 
1577 1578 1579 1091 
1091 1579 1580 1092 
1092 1540 1120 1093 
1077 1542 1540 1075 
1581 1095 1100 1076 
1582 1583 1552 1554 
1558 1555 1553 1106 
1584 1585 1096 1095 
1103 1105 1110 1586 
1587 1588 1589 1590 
1591 1573 1115 1569 
1564 1592 1593 1112 
1594 1592 1595 1087 
1596 1594 1087 1086 
1596 1086 1069 1149 
1594 1596 1597 1194 
1595 1592 1564 1566 
1545 1131 1547 1543 
1128 1127 1598 1545 
1545 1598 1129 1131 
1599 1106 1553 1551 
1599 1600 1601 1602 
1075 1541 1581 1076 
1100 1094 1123 1125 
1603 1096 1585 1604 
1604 1585 1559 1132 
1106 1108 1605 1558 
1554 1556 1606 1582 
1605 1132 1559 1558 
1607 1600 1550 1549 
1549 1552 1583 1111 
1131 1130 1608 1079 
1080 1079 1608 1609 
1080 1082 1081 1078 
1578 1577 1089 1576 
1548 1099 1098 1115 
1099 1548 1272 1162 
1085 1070 1069 1086 
1071 1139 1149 1069 
1071 1097 1137 1139 
1591 1569 1570 1572 
1162 1137 1097 1099 
1582 1606 1610 1611 
1582 1611 1612 1583 
1107 1106 1599 1602 
1586 1613 1614 1103 
1109 1143 1586 1110 
1614 1613 1589 1588 
1590 1589 1615 1616 
1561 1560 1617 1618 
1078 1081 1546 1547 
1561 1618 1619 1562 
1562 1619 1620 1563 
1568 1563 1620 1621 
1113 1112 1593 1128 
1128 1593 1181 1126 
1182 1181 1593 1592 
1565 1622 1146 1148 
1087 1571 1570 1085 
1572 1147 1146 1623 
1573 1591 1624 1625 
1576 1574 1626 1627 
1576 1627 1628 1578 
1579 1629 1630 1580 
1631 1632 1633 1634 
1635 1095 1581 1634 
1584 1095 1635 1170 
1195 1539 1119 1122 
1580 1631 1541 1092 
1630 1632 1631 1580 
1135 1084 1073 1195 
1636 1637 1638 1118 
1119 1118 1638 1121 
1118 1542 1639 1636 
1639 1152 1153 1640 
1639 1640 1637 1636 
1152 1125 1124 1153 
1541 1631 1634 1581 
1641 1124 1123 1603 
1641 1603 1604 1642 
1604 1132 1134 1642 
1571 1087 1595 1566 
1592 1594 1643 1182 
1571 1566 1148 1147 
1643 1193 1180 1182 
1181 1180 1176 1126 
1127 1156 1644 1598 
1645 1646 1609 1608 
1608 1130 1183 1645 
1130 1129 1647 1183 
1132 1605 1159 1133 
1605 1108 1648 1159 
1110 1105 1549 1111 
1601 1649 1163 1602 
1599 1551 1550 1600 
1108 1107 1650 1648 
1084 1101 1090 1074 
1088 1090 1102 1575 
1272 1575 1651 1273 
1615 1589 1613 1652 
1151 1597 1596 1149 
1149 1139 1138 1150 
1071 1070 1098 1097 
1162 1273 1189 1161 
1138 1137 1161 1653 
1618 1654 1211 1619 
1618 1617 1655 1654 
1615 1652 1656 1657 
1615 1657 1658 1616 
1586 1143 1652 1613 
1659 1109 1612 1660 
1612 1611 1661 1660 
1611 1610 1662 1661 
1620 1619 1211 1210 
1663 1567 1568 1621 
1621 1620 1210 1664 
1663 1622 1565 1567 
1624 1591 1572 1623 
1624 1665 1666 1625 
1627 1626 1667 1668 
1628 1629 1579 1578 
1627 1668 1669 1628 
1074 1090 1089 1577 
1629 1628 1669 1670 
1632 1630 1671 1672 
1673 1635 1634 1633 
1633 1674 1675 1673 
1094 1096 1603 1123 
1673 1675 1676 1168 
1610 1169 1677 1662 
1635 1673 1168 1170 
1678 1102 1101 1679 
1135 1122 1680 1681 
1680 1122 1121 1682 
1145 1656 1652 1143 
1143 1109 1659 1144 
1104 1607 1549 1105 
1109 1111 1583 1612 
1683 1663 1621 1664 
1626 1574 1573 1625 
1681 1680 1172 1171 
1680 1682 1684 1172 
1651 1207 1189 1273 
1207 1651 1678 1685 
1156 1127 1126 1176 
1180 1178 1174 1176 
1154 1229 1686 1153 
1641 1687 1154 1124 
1641 1642 1188 1687 
1188 1642 1134 1688 
1676 1677 1169 1168 
1134 1133 1689 1688 
1133 1159 1158 1689 
1156 1176 1175 1157 
1645 1183 1185 1690 
1645 1690 1691 1646 
1678 1679 1692 1685 
1163 1650 1107 1602 
1650 1216 1693 1648 
1183 1647 1694 1184 
1647 1129 1598 1644 
1161 1189 1191 1653 
1695 1696 1697 1698 
1697 1699 1700 1698 
1701 1702 1703 1704 
1705 1702 1701 1706 
1706 1707 1708 1705 
1708 1707 1658 1709 
1710 1709 1658 1657 
1660 1661 1711 1712 
1659 1713 1714 1144 
1715 1710 1657 1656 
1656 1145 1716 1715 
1674 1198 1197 1675 
1198 1674 1672 1717 
1152 1639 1542 1077 
1670 1669 1718 1719 
1136 1679 1101 1084 
1668 1667 1720 1721 
1722 1723 1666 1665 
1722 1665 1724 1725 
1726 1725 1724 1727 
1726 1727 1728 1729 
1727 1146 1622 1728 
1728 1683 1730 1729 
1683 1664 1731 1730 
1664 1210 1212 1731 
1654 1732 1212 1211 
1654 1655 1733 1732 
1734 1733 1655 1141 
1141 1140 1735 1734 
1140 1736 1737 1735 
1738 1193 1192 1739 
1675 1197 1740 1676 
1741 1711 1661 1662 
1662 1677 1742 1741 
1740 1742 1677 1676 
1743 1682 1121 1638 
1539 1195 1073 1072 
1640 1203 1202 1637 
1637 1744 1743 1638 
1745 1192 1194 1597 
1746 1745 1597 1151 
1746 1151 1150 1747 
1180 1193 1738 1178 
1165 1216 1650 1163 
1159 1648 1693 1166 
1170 1606 1556 1584 
1585 1584 1557 1559 
1169 1610 1606 1170 
1102 1678 1651 1575 
1748 1685 1692 1266 
1749 1715 1716 1750 
1751 1741 1742 1752 
1192 1753 1754 1739 
1192 1745 1755 1753 
1756 1202 1204 1199 
1757 1717 1672 1671 
1629 1670 1671 1630 
1756 1199 1201 1758 
1203 1686 1229 1231 
1692 1759 1760 1266 
1668 1721 1718 1669 
1171 1760 1759 1681 
1761 1229 1154 1687 
1188 1187 1761 1687 
1188 1688 1762 1186 
1174 1178 1177 1763 
1174 1763 1208 1175 
1691 1690 1764 1765 
1690 1185 1766 1764 
1155 1767 1644 1156 
1694 1647 1644 1767 
1768 1769 1694 1767 
1163 1649 1770 1164 
1556 1555 1557 1584 
1165 1164 1771 1772 
1688 1689 1773 1762 
1220 1773 1689 1158 
1158 1160 1774 1220 
1166 1775 1774 1160 
1693 1776 1775 1166 
1141 1655 1617 1142 
1207 1206 1190 1189 
1667 1666 1723 1720 
1703 1777 1778 1700 
1777 1703 1702 1779 
1780 1167 1138 1653 
1698 1700 1778 1781 
1695 1782 1783 1737 
1782 1695 1698 1781 
1784 1785 1705 1708 
1784 1708 1709 1786 
1709 1710 1787 1786 
1712 1711 1788 1789 
1713 1659 1660 1712 
1714 1716 1145 1144 
1716 1714 1790 1750 
1731 1212 1791 1792 
1683 1728 1622 1663 
1179 1178 1738 1739 
1726 1793 1794 1725 
1722 1795 1796 1723 
1759 1692 1679 1136 
1721 1720 1797 1798 
1759 1136 1135 1681 
1719 1718 1799 1800 
1717 1757 1801 1802 
1674 1633 1632 1672 
1751 1788 1711 1741 
1742 1740 1803 1752 
1746 1804 1755 1745 
1167 1805 1747 1150 
1806 1805 1167 1780 
1806 1780 1254 1807 
1808 1804 1746 1747 
1737 1736 1696 1695 
1704 1703 1700 1699 
1749 1787 1710 1715 
1809 1784 1786 1810 
1682 1743 1222 1684 
1172 1684 1225 1173 
1744 1223 1222 1743 
1804 1808 1292 1226 
1753 1755 1228 1754 
1754 1811 1179 1739 
1199 1204 1242 1200 
1805 1812 1808 1747 
1808 1812 1283 1292 
1254 1780 1653 1191 
1191 1190 1813 1253 
1206 1814 1813 1190 
1206 1205 1815 1814 
1241 1815 1205 1748 
1748 1266 1268 1241 
1266 1760 1816 1267 
1799 1718 1721 1798 
1686 1203 1640 1153 
1229 1761 1817 1230 
1817 1761 1187 1322 
1187 1186 1818 1322 
1186 1762 1819 1818 
1762 1773 1237 1819 
1215 1217 1820 1232 
1776 1693 1216 1215 
1772 1821 1820 1217 
1280 1821 1772 1771 
1771 1822 1823 1280 
1763 1177 1824 1279 
1175 1209 1825 1157 
1763 1279 1826 1208 
1827 1155 1157 1825 
1827 1768 1767 1155 
1768 1828 1829 1769 
1766 1185 1184 1214 
1213 1184 1694 1769 
1219 1237 1773 1220 
1830 1218 1220 1774 
1785 1779 1702 1705 
1831 1713 1712 1789 
1777 1832 1833 1778 
1779 1834 1832 1777 
1779 1785 1835 1834 
1790 1714 1713 1831 
1836 1810 1786 1787 
1836 1787 1749 1837 
1750 1838 1837 1749 
1781 1839 1840 1782 
1783 1782 1840 1841 
1842 1843 1733 1734 
1842 1844 1845 1246 
1842 1246 1245 1843 
1844 1783 1841 1845 
1842 1734 1735 1844 
1843 1846 1732 1733 
1792 1791 1847 1848 
1849 1730 1731 1792 
1849 1850 1729 1730 
1793 1726 1729 1850 
1850 1851 1852 1793 
1795 1722 1725 1794 
1794 1793 1852 1853 
1795 1854 1855 1796 
1797 1720 1723 1796 
1798 1797 1856 1857 
1801 1757 1719 1800 
1173 1816 1760 1171 
1799 1858 1859 1800 
1802 1801 1860 1861 
1196 1198 1717 1802 
1803 1196 1862 1863 
1252 1251 1788 1751 
1751 1752 1864 1252 
1752 1803 1863 1864 
1756 1744 1637 1202 
1231 1230 1865 1242 
1254 1253 1866 1807 
1257 1812 1805 1806 
1257 1806 1807 1255 
1194 1193 1643 1594 
1732 1846 1791 1212 
1770 1822 1771 1164 
1217 1216 1165 1772 
1867 1821 1280 1282 
1264 1758 1201 1868 
1221 1264 1261 1224 
1869 1865 1230 1817 
1870 1866 1253 1813 
1870 1813 1814 1871 
1814 1815 1872 1871 
1322 1818 1873 1320 
1321 1869 1817 1322 
1874 1764 1766 1875 
1876 1875 1766 1214 
1829 1877 1213 1769 
1876 1214 1213 1877 
1878 1879 1880 1830 
1881 1882 1879 1878 
1881 1233 1883 1882 
1883 1233 1232 1884 
1233 1881 1776 1215 
1885 1209 1208 1826 
1279 1824 1886 1277 
1887 1825 1209 1885 
1888 1827 1825 1887 
1830 1774 1775 1878 
1824 1811 1889 1886 
1241 1268 1890 1239 
1268 1267 1891 1890 
1267 1816 1892 1891 
1816 1173 1893 1892 
1243 1242 1865 1894 
1807 1895 1896 1255 
1895 1807 1866 1897 
1228 1274 1898 1754 
1228 1227 1275 1274 
1225 1269 1893 1173 
1225 1224 1270 1269 
1283 1812 1257 1256 
1848 1847 1899 1900 
1245 1901 1846 1843 
1901 1902 1899 1847 
1244 1902 1901 1245 
1244 1246 1845 1903 
1904 1903 1845 1841 
1839 1905 1906 1840 
1839 1833 1907 1905 
1834 1908 1909 1832 
1834 1835 1910 1908 
1809 1911 1910 1835 
1809 1810 1912 1911 
1913 1912 1810 1836 
1913 1836 1837 1914 
1837 1838 1915 1914 
1248 1790 1831 1249 
1247 1915 1838 1248 
1251 1916 1789 1788 
1916 1917 1247 1249 
1250 1917 1916 1251 
1918 1851 1850 1849 
1851 1918 1919 1920 
1852 1921 1922 1853 
1179 1811 1824 1177 
1665 1624 1623 1724 
1854 1923 1924 1855 
1857 1856 1925 1926 
1800 1859 1860 1801 
1858 1799 1798 1857 
1858 1927 1928 1859 
1862 1196 1802 1861 
1861 1860 1929 1930 
1225 1684 1222 1221 
1862 1931 1932 1863 
1252 1864 1285 1250 
1864 1863 1932 1285 
1796 1855 1856 1797 
1854 1795 1794 1853 
1929 1860 1859 1928 
1880 1234 1218 1830 
1933 1219 1218 1235 
1238 1237 1219 1933 
1819 1237 1236 1934 
1934 1873 1818 1819 
1888 1828 1768 1827 
1758 1223 1744 1756 
1204 1203 1231 1242 
1740 1197 1196 1803 
1223 1758 1264 1221 
1931 1862 1861 1930 
1935 1919 1900 1936 
1289 1288 1200 1243 
1243 1894 1937 1289 
1938 1896 1895 1897 
1866 1870 1939 1897 
1265 1264 1868 1940 
1927 1858 1857 1926 
1893 1941 1942 1892 
1833 1839 1781 1778 
1939 1870 1871 1331 
1871 1872 1307 1331 
1872 1240 1943 1307 
1240 1239 1944 1943 
1239 1890 1308 1944 
1890 1891 1945 1308 
1898 1889 1811 1754 
1277 1886 1946 1947 
1277 1947 1324 1278 
1948 1885 1826 1949 
1948 1949 1296 1328 
1826 1279 1278 1949 
1950 1894 1865 1869 
1950 1869 1321 1951 
1321 1320 1302 1951 
1873 1934 1952 1317 
1317 1302 1320 1873 
1934 1236 1299 1952 
1281 1280 1823 1953 
1820 1821 1867 1954 
1282 1955 1956 1867 
1954 1884 1232 1820 
1882 1957 1958 1879 
1878 1775 1776 1881 
1880 1879 1958 1959 
1235 1234 1960 1961 
1962 1299 1236 1238 
1963 1964 1932 1931 
1963 1931 1930 1965 
1930 1929 1966 1965 
1671 1670 1719 1757 
1928 1967 1966 1929 
1968 1967 1928 1927 
1968 1927 1926 1969 
1970 1969 1926 1925 
1970 1925 1924 1971 
1972 1971 1924 1923 
1972 1923 1922 1973 
1855 1924 1925 1856 
1974 1973 1922 1921 
1974 1921 1920 1975 
1292 1283 1284 1291 
1258 1227 1226 1292 
1249 1831 1789 1916 
1247 1976 1977 1915 
1248 1838 1750 1790 
1935 1975 1920 1919 
1900 1899 1978 1936 
1902 1979 1978 1899 
1980 1979 1902 1244 
1980 1244 1903 1981 
1982 1981 1903 1904 
1904 1906 1983 1982 
1833 1832 1909 1907 
1907 1909 1984 1985 
1905 1986 1983 1906 
1905 1907 1985 1986 
1228 1755 1804 1226 
1940 1868 1201 1987 
1727 1724 1623 1146 
1258 1291 1313 1259 
1988 1271 1270 1263 
1989 1955 1282 1281 
1271 1941 1893 1269 
1942 1945 1891 1892 
1906 1904 1841 1840 
1990 1256 1255 1896 
1667 1626 1625 1666 
1748 1205 1207 1685 
1991 1945 1942 1992 
1987 1288 1290 1993 
1937 1894 1994 1343 
1938 1897 1995 1538 
1990 1996 1997 1311 
1290 1998 1999 1993 
1260 1259 1314 1351 
2000 1276 1275 1260 
1276 2001 1898 1274 
1939 2002 1995 1897 
1939 1331 1333 2002 
1331 1307 1306 1332 
1942 1941 2003 1992 
1307 1943 2004 1305 
1950 2005 1994 1894 
2005 1950 1951 2006 
1951 1302 1304 2006 
1302 1317 1319 1303 
1946 1886 1889 1293 
1296 1324 1326 1297 
2007 1933 1235 1961 
2008 1957 1882 1883 
1962 1238 1933 2007 
1884 2009 2008 1883 
2009 1884 1954 2010 
2010 1954 1867 1956 
1989 1281 1953 2011 
1943 1944 2012 2004 
1944 1308 1310 2012 
1324 1947 2013 1325 
1898 2001 1293 1889 
1936 1978 2014 2015 
1918 1849 1792 1848 
1847 1791 1846 1901 
1921 1852 1851 1920 
1919 1918 1848 1900 
1974 2016 2017 1973 
1311 1284 1256 1990 
1972 2018 2019 1971 
1970 2020 2021 1969 
1967 1968 2022 2023 
1965 1966 2024 2025 
1964 1963 2026 2027 
1286 1285 1932 1964 
2028 2029 2030 2031 
1287 2032 2028 2031 
1976 2033 2034 1977 
2035 1913 1914 2036 
2036 1914 1915 1977 
2037 2038 1911 1912 
1912 1913 2035 2037 
2039 2040 1908 1910 
1984 1909 1908 2040 
2041 2042 1979 1980 
1981 2043 2041 1980 
1981 1982 2044 2043 
2045 2044 1982 1983 
2045 1983 1986 2046 
1986 1985 1358 2046 
1785 1784 1809 1835 
1993 2047 1940 1987 
1315 1262 1261 1265 
1265 1940 2047 1315 
1312 1313 1291 1284 
1960 1234 1880 1959 
2048 2036 1977 2034 
2049 2041 2043 1347 
2050 2051 2040 2039 
2052 1358 1985 1984 
1911 2038 2039 1910 
2051 2053 1529 2052 
2029 2054 2055 2033 
2014 1978 1979 2042 
1301 2056 1952 1299 
1317 1952 2056 1318 
1304 2057 2058 2006 
1289 1937 1338 1290 
2059 1343 1994 2005 
2000 2060 2001 1276 
1323 1293 2001 2060 
1295 2061 1946 1293 
2061 2013 1947 1946 
1325 2013 2062 2063 
1324 1296 1949 1278 
1298 1329 1328 1296 
1988 2064 2065 2003 
1991 1330 1308 1945 
1330 1991 2066 2067 
1815 1241 1240 1872 
1923 1854 1853 1922 
1995 2002 2068 1538 
2069 1935 1936 2015 
2015 2014 2070 2071 
2027 2072 2073 2074 
2075 2072 2027 2026 
2025 2076 2075 2026 
2077 2076 2025 2024 
2023 2078 2077 2024 
2023 2022 2079 2078 
2021 2080 2079 2022 
2021 2020 2081 2080 
2019 2082 2081 2020 
2083 2082 2019 2018 
2083 2018 2017 2084 
2018 1972 1973 2017 
2085 2084 2017 2016 
2086 2087 2085 2016 
2086 2069 2088 2087 
1334 1990 1896 1938 
1971 2019 2020 1970 
2074 2032 1287 1286 
2089 2054 2029 2028 
2089 2028 2032 2090 
1337 1998 1290 1338 
1999 1998 1337 2091 
1341 1346 2050 1342 
1342 2092 2093 1340 
2094 2093 2092 2095 
2048 2096 2094 2095 
2096 2048 2034 1476 
1358 1354 2097 2046 
2043 2044 2098 1347 
2099 1316 1315 2047 
2099 2047 2100 2101 
2102 1312 2103 2104 
2105 2106 2061 1295 
2106 2062 2013 2061 
2107 1333 1332 2108 
2109 2108 1332 1306 
2110 2109 1306 1305 
2111 1319 1318 2112 
2113 1303 1319 2111 
2113 2057 1304 1303 
2058 2059 2005 2006 
2114 1301 1300 2115 
2114 2116 2056 1301 
2073 2090 2032 2074 
2117 2073 2072 2118 
2119 2089 2090 2120 
2121 2122 2093 2094 
2033 1976 2030 2029 
2096 2123 2121 2094 
2098 2124 2125 2126 
2124 2045 2046 2097 
1997 2103 1312 1311 
1997 2127 2128 2103 
1990 1334 1336 1996 
1336 2129 2130 2127 
1538 1335 1334 1938 
1335 2131 2129 1336 
1336 2127 1997 1996 
1999 2100 2047 1993 
2132 2100 1999 2091 
2091 1337 2133 2134 
1339 2135 2133 1337 
2133 2135 2136 2134 
2137 1537 1538 2068 
2068 2107 2138 2137 
2107 2108 2139 2138 
2109 2140 2139 2108 
2110 2141 2140 2109 
1366 2141 2110 2142 
1366 2142 2143 2144 
2143 2145 2146 2144 
2145 2147 2148 2146 
2142 2004 2012 2143 
2147 2067 2149 2148 
1330 2067 2147 1309 
2066 2150 2151 2152 
2150 2065 2153 2151 
2064 2154 2153 2065 
1353 1352 2154 2064 
2155 2156 2157 2158 
2159 2156 2155 2160 
2161 2162 2159 2160 
2161 2163 2164 2162 
2164 2163 2063 2165 
2063 2062 2166 2165 
2163 1326 1325 2063 
2062 2106 2167 2166 
2105 2168 2167 2106 
2169 2168 2105 2170 
2171 2169 2170 2172 
2173 2174 2171 2172 
2175 2176 2174 2173 
2176 2175 1351 1350 
1351 2175 2000 1260 
2177 1344 1343 2059 
2059 2058 2178 2177 
2058 2057 2179 2178 
2113 2180 2179 2057 
2111 2181 2180 2113 
2182 2181 2111 2112 
2116 2183 2182 2112 
2116 2114 2184 2183 
2112 1318 2056 2116 
2114 2115 2185 2184 
2052 1984 2040 2051 
2054 2186 2187 2055 
1478 2123 2096 1476 
1476 2055 2187 1477 
1917 1250 2031 2030 
1356 2188 2097 1354 
1354 1357 1530 1355 
1357 1358 2052 1529 
2053 2189 1530 1529 
1345 2189 2053 1346 
2050 2039 2038 1342 
1340 1472 1345 1341 
2190 2118 2072 2075 
2190 2075 2076 2191 
2074 1286 1964 2027 
2076 2077 2192 2191 
1316 1353 1263 1262 
2078 2193 2192 2077 
2078 2079 2194 2193 
2022 1968 1969 2021 
2080 2195 2194 2079 
2080 2081 2196 2195 
2082 2197 2196 2081 
2198 2197 2082 2083 
2198 2083 2084 2199 
2200 2199 2084 2085 
2087 2201 2200 2085 
2087 2088 2202 2201 
1975 1935 2069 2086 
2124 2098 2044 2045 
2203 2070 2204 2205 
2206 2071 2070 2203 
2070 2014 2042 2204 
1314 2102 1359 1350 
1316 2099 1361 1352 
2024 1966 1967 2023 
2128 1495 2104 2103 
2102 2104 1495 1359 
2128 2127 2130 2207 
2130 2129 2131 2208 
2099 2101 1364 1361 
2132 1364 2101 2100 
2134 2209 2132 2091 
1537 2137 1429 2210 
1344 2211 2135 1339 
1344 2177 1406 2211 
1366 2144 1457 1367 
2144 2146 2212 1457 
2110 1305 2004 2142 
1365 1397 2141 1366 
2210 2131 1335 1537 
2137 2138 1435 1429 
2145 1310 1309 2147 
2138 2139 2213 1435 
2157 2156 1484 2214 
2156 2159 2215 1484 
2159 2162 1487 2215 
2162 2164 1534 1487 
2155 1329 1298 2160 
2164 2165 1389 1534 
2168 1426 1393 2167 
2169 1423 1426 2168 
2216 1423 2169 2171 
1371 2216 2171 2174 
2176 1400 1371 2174 
1400 2176 1350 1360 
2177 2178 1386 1406 
2217 1419 2179 2180 
2181 1493 2217 2180 
2218 1493 2181 2182 
2183 1374 2218 2182 
2183 2184 2219 1374 
2184 2185 2220 2219 
2146 2148 1453 2212 
2148 2149 1451 1453 
2149 2152 1369 1451 
2152 2151 1383 1369 
2154 1403 1380 2153 
1352 1362 1403 2154 
2131 2210 2221 2208 
2135 2211 2222 2136 
2223 2224 2189 1345 
2223 1345 1472 2225 
1472 1471 2226 2225 
1471 2122 2227 2226 
2122 2121 2228 2227 
2228 2121 2123 2229 
2095 2035 2036 2048 
2123 1478 2230 2229 
1478 1477 2231 2230 
1477 2187 2232 2231 
1355 1530 2233 2234 
2188 1356 2235 2236 
2125 2124 2097 2188 
2126 2125 2237 2238 
1348 1347 2098 2126 
2239 2049 1347 1349 
2049 2204 2042 2041 
2186 2240 2232 2187 
2186 2119 2241 2240 
2239 2205 2204 2049 
2205 2242 2243 2203 
2088 2071 2206 2202 
2202 2244 2245 2201 
2016 1974 1975 2086 
2200 2246 2247 2199 
2198 2248 2249 2197 
2195 2196 2250 2251 
2193 2194 2252 2253 
2191 2192 2254 2255 
2026 1963 1965 2025 
2117 2120 2090 2073 
2118 2256 2257 2117 
1976 1247 1917 2030 
2119 2120 2258 2241 
1201 1200 1288 1987 
1494 1413 1360 1359 
2160 1298 1297 2161 
2161 1297 1326 2163 
2145 2143 2012 1310 
2150 1992 2003 2065 
2067 2066 2152 2149 
2066 1991 1992 2150 
1941 1271 1988 2003 
1343 1339 1338 1937 
2128 2207 1414 1495 
2207 2130 2208 2259 
2233 1530 2189 2224 
1397 1365 2260 1490 
2158 1327 1329 2155 
2215 1487 1536 2261 
2217 1493 1492 2262 
2212 1453 1455 2263 
1483 2264 2214 1484 
2151 2153 1380 1383 
1453 1451 1452 1454 
1423 1422 1424 1426 
1535 1534 1389 1391 
2172 2170 1294 1323 
1419 1418 1440 1386 
2165 2166 1445 1389 
1393 1392 1443 1445 
2166 2167 1393 1445 
1445 1446 1489 1389 
2213 2139 2140 1377 
2060 2173 2172 1323 
1353 2064 1988 1263 
2175 2173 2060 2000 
1409 1364 2132 2209 
2236 1467 1466 2237 
2236 2235 1499 1467 
2095 2092 2037 2035 
2227 1481 1480 2226 
1516 1481 2227 2228 
1516 2228 2229 1513 
2229 2230 1514 1513 
2238 1464 1463 2265 
2238 2237 1466 1464 
2126 2238 2265 1348 
2234 2233 1469 2266 
2235 2234 2266 1499 
2092 1342 2038 2037 
1471 1340 2093 2122 
2223 1515 1470 2224 
2225 2267 1515 2223 
2268 2239 1349 2269 
2230 2231 2270 1514 
2231 2232 1474 2270 
1783 1844 1735 1737 
2240 1475 1474 2232 
2240 2241 2271 1475 
2268 2242 2205 2239 
2242 1460 2272 2243 
2244 2202 2206 2273 
2243 2273 2206 2203 
2244 2274 2275 2245 
2246 2200 2201 2245 
2088 2069 2015 2071 
2246 2276 2277 2247 
2248 2198 2199 2247 
2248 2278 2279 2249 
2250 2196 2197 2249 
2251 2250 2280 2281 
2252 2194 2195 2251 
2253 2252 2282 2283 
2254 2192 2193 2253 
2255 2254 2284 2285 
2286 2190 2191 2255 
2257 2258 2120 2117 
2256 2287 2288 2257 
2031 1250 1285 1287 
2241 2258 2289 2271 
2118 2190 2286 2256 
1363 2290 1362 1361 
2290 1363 1411 2291 
1495 1414 1416 1494 
2208 2221 2292 2259 
2136 2293 2209 2134 
2136 2222 2294 2293 
2178 2179 1419 1386 
1441 1374 2219 2295 
1360 1412 1401 1400 
1421 1423 2216 2296 
1429 1435 1434 1432 
2297 2221 2210 2298 
2299 1415 1414 2207 
2209 2293 1531 2300 
2300 1410 1409 2209 
2293 2294 2301 1531 
2221 2297 2302 2292 
2259 1532 2299 2207 
2259 2292 2303 1532 
2304 1362 2290 2305 
2305 2290 2291 2306 
1416 2307 1413 1494 
2308 2309 2294 2222 
2310 2309 2308 2311 
2310 2311 1439 2312 
2312 1439 1408 2313 
1408 1407 2314 2313 
1407 1388 2315 2314 
1388 1407 1406 1386 
1388 1387 2316 2315 
1387 1440 2317 2316 
1440 1418 2318 2317 
1418 1417 2319 2318 
1417 1420 2320 2319 
2320 1420 2262 2321 
2321 2262 1492 2322 
1492 1491 2323 2322 
1491 1496 2324 2323 
1496 2325 2326 2324 
2325 1376 2327 2326 
1376 1375 2328 2327 
1375 1441 2329 2328 
1441 2295 2330 2329 
2331 2332 2330 2295 
2264 1483 2333 2334 
1483 1482 2335 2333 
1482 1488 2336 2335 
1488 2261 2337 2336 
2215 2261 1488 1484 
1536 1486 2338 2339 
2339 2337 2261 1536 
1486 1485 2340 2338 
1485 1533 2341 2340 
1402 1401 2342 2343 
1402 2343 2344 1442 
1400 1442 1372 1371 
2216 1371 1428 2296 
1427 1394 1393 1426 
1394 1427 2345 2346 
2105 1295 1294 2170 
1535 2347 2341 1533 
2348 2347 1535 1391 
1390 2349 2348 1391 
2350 2349 1390 1489 
2350 1489 1446 2351 
2304 1404 1403 1362 
1380 1403 1405 1447 
1448 1383 1380 1382 
1381 2352 2353 1382 
1382 2353 2354 1448 
1385 1370 1369 1383 
1449 1451 1369 1368 
1450 1449 2355 2356 
1458 1457 2212 2263 
1455 1454 2357 2358 
1455 2358 2359 2263 
1431 1430 2360 2361 
2362 2302 2297 2298 
1430 1432 2363 2360 
1434 2364 2363 1432 
1433 2365 2364 1434 
2366 2365 1433 1436 
2367 2368 2366 1436 
2367 1379 2369 2368 
1436 1435 2213 2367 
1379 1378 2370 2369 
1378 1399 2371 2370 
1399 1398 2372 2371 
1397 1377 2140 2141 
1398 1490 2373 2372 
1490 2260 2374 2373 
2260 1396 2375 2374 
1457 1456 1395 1367 
1395 2376 2375 1396 
1456 2377 2376 1395 
2276 1523 1522 2277 
2278 2248 2247 2277 
1507 2378 2285 1508 
2378 2287 2256 2286 
2285 2284 1504 1508 
2283 1505 1504 2284 
2283 2282 1501 1505 
2279 2278 1520 1519 
2282 2252 2251 2281 
2281 1502 1501 2282 
2288 2289 2258 2257 
2289 2288 1510 2379 
1526 1525 2275 2274 
1526 2274 2380 2381 
2274 2244 2273 2380 
2380 2272 1498 2381 
2243 2272 2380 2273 
2378 2286 2255 2285 
1461 1460 2242 2268 
1459 1498 2272 1460 
2382 2383 1459 1461 
2265 2269 1349 1348 
1462 2383 2382 1463 
1465 1462 1464 1466 
2235 1356 1355 2234 
1465 1499 2266 2384 
1470 1469 2233 2224 
1468 2384 2266 1469 
1512 1514 2270 2385 
1479 1516 1513 1512 
1480 2267 2225 2226 
2267 2386 1468 1515 
1479 2386 2267 1480 
2055 1476 2034 2033 
2387 2351 1446 1444 
2388 1392 1394 2346 
2389 1443 1392 2388 
1372 2390 2391 1373 
2392 2296 1428 2393 
2392 2394 1421 2296 
2393 1428 1373 2391 
1442 2344 2390 1372 
2395 1447 1405 2396 
2352 1381 1447 2395 
1404 2397 2396 1405 
1368 2398 2355 1449 
1370 2399 2398 1368 
2357 1454 1452 2400 
1399 1378 1377 1397 
2217 2262 1420 1419 
1493 2218 2325 1496 
1376 2325 2218 1374 
1415 2299 1532 1438 
1437 2401 2291 1411 
1437 1410 2300 1531 
2294 2309 2402 2301 
2403 2404 2310 2312 
2405 2403 2312 2313 
2406 2405 2313 2314 
2406 2314 2315 2407 
2315 2316 2408 2407 
2316 2317 2409 2408 
2317 2318 2410 2409 
2318 2319 2411 2410 
2320 2412 2411 2319 
2413 2412 2320 2321 
2322 2414 2413 2321 
2414 2322 2323 2415 
2323 2324 2416 2415 
2326 2417 2416 2324 
2327 2418 2417 2326 
2328 2419 2418 2327 
2328 2329 2420 2419 
2329 2330 2421 2420 
2332 2422 2421 2330 
2335 2423 2424 2333 
2335 2336 2425 2423 
2336 2337 2426 2425 
2337 2339 2427 2426 
2338 2428 2427 2339 
2429 2428 2338 2340 
2341 2430 2429 2340 
2430 2341 2347 2431 
2431 2347 2348 2432 
2432 2348 2349 2433 
2349 2350 2434 2433 
2351 2435 2434 2350 
2435 2351 2387 2436 
2387 2389 2437 2436 
2437 2389 2388 2438 
2307 2439 1412 1413 
2342 1401 1412 2439 
2342 2439 2440 2441 
2388 2346 2442 2438 
2346 2345 2443 2442 
2444 2445 2443 2345 
2445 2444 2446 2447 
2446 2448 2449 2447 
2448 2394 2450 2449 
2394 2392 2451 2450 
2393 2452 2451 2392 
2452 2393 2391 2453 
2391 2390 2454 2453 
2390 2344 2455 2454 
2343 2456 2455 2344 
2342 2441 2456 2343 
2457 2304 2305 2306 
2457 2397 1404 2304 
2306 2458 2459 2457 
2352 2460 2461 2353 
2462 1384 1448 2354 
2462 2463 1385 1384 
2354 2464 2465 2462 
2399 1370 1385 2463 
2400 1452 1450 2356 
2356 2355 2466 2467 
2358 2357 2468 2469 
2470 1458 2263 2359 
2470 2377 1456 1458 
2292 2302 2471 2303 
2302 2362 2472 2471 
2298 2210 1429 1431 
2362 2361 2473 2472 
2361 2360 2474 2473 
2360 2363 2475 2474 
2364 2476 2475 2363 
2365 2477 2476 2364 
2478 2477 2365 2366 
2478 2366 2368 2479 
2368 2369 2480 2479 
2370 2481 2480 2369 
2482 2481 2370 2371 
2483 2482 2371 2372 
2372 2373 2484 2483 
2373 2374 2485 2484 
2374 2375 2486 2485 
2375 2376 2487 2486 
2377 2488 2487 2376 
2276 2246 2245 2275 
2381 2489 1524 1526 
1497 2489 2381 1498 
1497 1459 2383 2490 
2383 1462 2491 2490 
2237 2125 2188 2236 
1521 1523 1525 1524 
1523 2276 2275 1525 
2280 2250 2249 2279 
1518 1520 1522 1521 
1517 1502 2281 2280 
1520 2278 2277 1522 
1519 1518 1500 1517 
2284 2254 2253 2283 
1507 1511 2287 2378 
1473 1475 2271 1528 
1527 1528 2379 2492 
1528 2271 2289 2379 
1473 2385 2270 1474 
2054 2089 2119 2186 
1479 2493 2494 2386 
2495 2488 2377 2470 
2220 2331 2295 2219 
1411 1363 1364 1409 
2496 2463 2462 2465 
2497 2399 2463 2496 
2497 2498 2398 2399 
1517 2280 2279 1519 
1500 1503 1505 1501 
1503 1506 1508 1504 
1506 1509 1511 1507 
2361 2362 2298 1431 
1509 2492 2379 1510 
1461 2268 2269 2382 
1463 2382 2269 2265 
1346 2053 2051 2050 
1462 1465 2499 2491 
1465 2384 2500 2499 
2384 1468 2501 2500 
1510 2288 2287 1511 
1527 2502 2385 1473 
2503 1512 2385 2502 
2493 1479 1512 2503 
2494 2501 1468 2386 
2401 1437 1067 1039 
1438 1063 1033 2504 
1532 2303 1022 1063 
1018 2472 2473 1019 
1019 2473 2474 1002 
2474 2475 1001 1002 
1001 2475 2476 1000 
2476 2477 979 1000 
2477 2478 980 979 
1379 2367 2213 1377 
2479 2480 983 982 
1009 2481 2482 1010 
1010 2482 2483 1064 
2483 2484 1052 1064 
2484 2485 1016 1052 
2485 2486 1017 1016 
2486 2487 1027 1017 
2505 1065 1068 2495 
2469 1066 1065 2505 
973 1066 2469 2468 
973 2468 2506 974 
2505 2359 2358 2469 
2506 2467 975 974 
2401 2458 2306 2291 
2459 2507 2397 2457 
2507 2508 2396 2397 
2508 1011 1006 2509 
2509 2460 2352 2395 
2467 2466 976 975 
2464 2354 2353 2461 
2498 977 976 2466 
977 2498 2497 978 
978 2497 2496 1047 
2466 2355 2398 2498 
1051 1067 1531 2301 
1051 2301 2402 954 
2311 2308 2222 2211 
2402 2404 952 954 
953 952 2404 2403 
2405 1057 953 2403 
2405 2406 946 1057 
2406 2407 947 946 
2408 948 947 2407 
2408 2409 949 948 
949 2409 2410 950 
950 2410 2411 951 
1061 955 2412 2413 
2414 956 1061 2413 
956 2414 2415 957 
2415 2416 1060 957 
2417 958 1060 2416 
958 2417 2418 959 
959 2418 2419 960 
2419 2420 961 960 
962 2421 2422 963 
1044 2424 2423 1045 
1045 2423 2425 1054 
1054 2425 2426 1055 
2426 2427 984 1055 
2440 2439 2307 2504 
2504 1033 1031 2440 
2456 1026 1025 2455 
2453 2454 1024 1023 
2446 1424 1422 2448 
2446 2444 1425 1424 
2447 2449 1058 1050 
1422 1421 2394 2448 
2345 1427 1425 2444 
2438 2442 1042 994 
2438 994 993 2437 
2436 2437 993 991 
2435 990 989 2434 
2389 2387 1444 1443 
2433 2434 989 988 
2433 988 1043 2432 
985 984 2427 2428 
1053 985 2428 2429 
1053 2429 2430 986 
1534 1533 1485 1487 
2431 987 986 2430 
1500 1518 2510 2511 
2510 1518 1521 2512 
1521 1524 2513 2512 
1524 2489 2514 2513 
1500 2511 2515 1503 
1506 1503 2515 2516 
2489 1497 2517 2514 
1497 2490 2518 2517 
2518 2490 2491 2519 
2519 2491 2499 2520 
2494 2493 2521 2522 
2499 2500 2523 2520 
1509 2524 2525 2492 
1506 2516 2524 1509 
2420 2421 962 961 
1030 1026 2456 2441 
2454 2455 1025 1024 
2440 1031 1030 2441 
2307 1416 1438 2504 
2495 2470 2359 2505 
1068 1028 2488 2495 
2487 2488 1028 1027 
1032 1012 2507 2459 
1012 1011 2508 2507 
2401 1039 1037 2458 
2509 2395 2396 2508 
1049 1048 2464 2461 
1048 1046 2465 2464 
1046 1047 2496 2465 
1023 1014 2452 2453 
1013 2451 2452 1014 
1013 1059 2450 2451 
1059 1058 2449 2450 
1050 1041 2445 2447 
991 990 2435 2436 
1043 987 2431 2432 
1040 2443 2445 1041 
1040 1042 2442 2443 
2478 2479 982 980 
2411 2412 955 951 
2501 2526 2523 2500 
2494 2522 2526 2501 
2503 2527 2521 2493 
2502 2528 2527 2503 
2468 2357 2400 2506 
2356 2467 2506 2400 
1032 2459 2458 1037 
1005 1049 2461 2460 
1006 1005 2460 2509 
1527 2529 2528 2502 
2492 2525 2529 1527 
2402 2309 2310 2404 
2480 2481 1009 983 
2260 1365 1367 1396 
2471 2472 1018 1020 
1313 1312 2102 1314 
2311 2211 1406 1439 
2107 2068 2002 1333 
2303 2471 1020 1022 
</DataArray>
<DataArray type="Int32" Name="offsets" format="ascii">
4
8
12
16
20
24
28
32
36
40
44
48
52
56
60
64
68
72
76
80
84
88
92
96
100
104
108
112
116
120
124
128
132
136
140
144
148
152
156
160
164
168
172
176
180
184
188
192
196
200
204
208
212
216
220
224
228
232
236
240
244
248
252
256
260
264
268
272
276
280
284
288
292
296
300
304
308
312
316
320
324
328
332
336
340
344
348
352
356
360
364
368
372
376
380
384
388
392
396
400
404
408
412
416
420
424
428
432
436
440
444
448
452
456
460
464
468
472
476
480
484
488
492
496
500
504
508
512
516
520
524
528
532
536
540
544
548
552
556
560
564
568
572
576
580
584
588
592
596
600
604
608
612
616
620
624
628
632
636
640
644
648
652
656
660
664
668
672
676
680
684
688
692
696
700
704
708
712
716
720
724
728
732
736
740
744
748
752
756
760
764
768
772
776
780
784
788
792
796
800
804
808
812
816
820
824
828
832
836
840
844
848
852
856
860
864
868
872
876
880
884
888
892
896
900
904
908
912
916
920
924
928
932
936
940
944
948
952
956
960
964
968
972
976
980
984
988
992
996
1000
1004
1008
1012
1016
1020
1024
1028
1032
1036
1040
1044
1048
1052
1056
1060
1064
1068
1072
1076
1080
1084
1088
1092
1096
1100
1104
1108
1112
1116
1120
1124
1128
1132
1136
1140
1144
1148
1152
1156
1160
1164
1168
1172
1176
1180
1184
1188
1192
1196
1200
1204
1208
1212
1216
1220
1224
1228
1232
1236
1240
1244
1248
1252
1256
1260
1264
1268
1272
1276
1280
1284
1288
1292
1296
1300
1304
1308
1312
1316
1320
1324
1328
1332
1336
1340
1344
1348
1352
1356
1360
1364
1368
1372
1376
1380
1384
1388
1392
1396
1400
1404
1408
1412
1416
1420
1424
1428
1432
1436
1440
1444
1448
1452
1456
1460
1464
1468
1472
1476
1480
1484
1488
1492
1496
1500
1504
1508
1512
1516
1520
1524
1528
1532
1536
1540
1544
1548
1552
1556
1560
1564
1568
1572
1576
1580
1584
1588
1592
1596
1600
1604
1608
1612
1616
1620
1624
1628
1632
1636
1640
1644
1648
1652
1656
1660
1664
1668
1672
1676
1680
1684
1688
1692
1696
1700
1704
1708
1712
1716
1720
1724
1728
1732
1736
1740
1744
1748
1752
1756
1760
1764
1768
1772
1776
1780
1784
1788
1792
1796
1800
1804
1808
1812
1816
1820
1824
1828
1832
1836
1840
1844
1848
1852
1856
1860
1864
1868
1872
1876
1880
1884
1888
1892
1896
1900
1904
1908
1912
1916
1920
1924
1928
1932
1936
1940
1944
1948
1952
1956
1960
1964
1968
1972
1976
1980
1984
1988
1992
1996
2000
2004
2008
2012
2016
2020
2024
2028
2032
2036
2040
2044
2048
2052
2056
2060
2064
2068
2072
2076
2080
2084
2088
2092
2096
2100
2104
2108
2112
2116
2120
2124
2128
2132
2136
2140
2144
2148
2152
2156
2160
2164
2168
2172
2176
2180
2184
2188
2192
2196
2200
2204
2208
2212
2216
2220
2224
2228
2232
2236
2240
2244
2248
2252
2256
2260
2264
2268
2272
2276
2280
2284
2288
2292
2296
2300
2304
2308
2312
2316
2320
2324
2328
2332
2336
2340
2344
2348
2352
2356
2360
2364
2368
2372
2376
2380
2384
2388
2392
2396
2400
2404
2408
2412
2416
2420
2424
2428
2432
2436
2440
2444
2448
2452
2456
2460
2464
2468
2472
2476
2480
2484
2488
2492
2496
2500
2504
2508
2512
2516
2520
2524
2528
2532
2536
2540
2544
2548
2552
2556
2560
2564
2568
2572
2576
2580
2584
2588
2592
2596
2600
2604
2608
2612
2616
2620
2624
2628
2632
2636
2640
2644
2648
2652
2656
2660
2664
2668
2672
2676
2680
2684
2688
2692
2696
2700
2704
2708
2712
2716
2720
2724
2728
2732
2736
2740
2744
2748
2752
2756
2760
2764
2768
2772
2776
2780
2784
2788
2792
2796
2800
2804
2808
2812
2816
2820
2824
2828
2832
2836
2840
2844
2848
2852
2856
2860
2864
2868
2872
2876
2880
2884
2888
2892
2896
2900
2904
2908
2912
2916
2920
2924
2928
2932
2936
2940
2944
2948
2952
2956
2960
2964
2968
2972
2976
2980
2984
2988
2992
2996
3000
3004
3008
3012
3016
3020
3024
3028
3032
3036
3040
3044
3048
3052
3056
3060
3064
3068
3072
3076
3080
3084
3088
3092
3096
3100
3104
3108
3112
3116
3120
3124
3128
3132
3136
3140
3144
3148
3152
3156
3160
3164
3168
3172
3176
3180
3184
3188
3192
3196
3200
3204
3208
3212
3216
3220
3224
3228
3232
3236
3240
3244
3248
3252
3256
3260
3264
3268
3272
3276
3280
3284
3288
3292
3296
3300
3304
3308
3312
3316
3320
3324
3328
3332
3336
3340
3344
3348
3352
3356
3360
3364
3368
3372
3376
3380
3384
3388
3392
3396
3400
3404
3408
3412
3416
3420
3424
3428
3432
3436
3440
3444
3448
3452
3456
3460
3464
3468
3472
3476
3480
3484
3488
3492
3496
3500
3504
3508
3512
3516
3520
3524
3528
3532
3536
3540
3544
3548
3552
3556
3560
3564
3568
3572
3576
3580
3584
3588
3592
3596
3600
3604
3608
3612
3616
3620
3624
3628
3632
3636
3640
3644
3648
3652
3656
3660
3664
3668
3672
3676
3680
3684
3688
3692
3696
3700
3704
3708
3712
3716
3720
3724
3728
3732
3736
3740
3744
3748
3752
3756
3760
3764
3768
3772
3776
3780
3784
3788
3792
3796
3800
3804
3808
3812
3816
3820
3824
3828
3832
3836
3840
3844
3848
3852
3856
3860
3864
3868
3872
3876
3880
3884
3888
3892
3896
3900
3904
3908
3912
3916
3920
3924
3928
3932
3936
3940
3944
3948
3952
3956
3960
3964
3968
3972
3976
3980
3984
3988
3991
3994
3997
4000
4003
4006
4009
4012
4015
4018
4021
4024
4027
4030
4033
4036
4039
4042
4045
4048
4051
4054
4057
4060
4063
4066
4069
4072
4075
4078
4081
4084
4087
4090
4093
4096
4099
4102
4105
4108
4111
4114
4117
4120
4123
4126
4129
4132
4135
4138
4141
4144
4147
4150
4153
4156
4159
4162
4165
4168
4171
4174
4177
4180
4183
4186
4189
4192
4195
4198
4201
4204
4207
4210
4213
4216
4219
4222
4225
4228
4231
4234
4237
4240
4243
4246
4249
4252
4255
4258
4261
4264
4267
4270
4273
4276
4279
4282
4285
4288
4291
4294
4297
4300
4303
4306
4309
4312
4315
4318
4321
4324
4327
4330
4333
4336
4339
4342
4345
4348
4351
4354
4357
4360
4363
4366
4369
4372
4375
4378
4381
4384
4387
4390
4393
4396
4399
4402
4405
4408
4411
4414
4417
4420
4423
4426
4429
4432
4435
4438
4441
4444
4447
4450
4453
4456
4459
4462
4465
4468
4471
4474
4477
4480
4483
4486
4489
4492
4495
4498
4501
4504
4507
4510
4513
4516
4519
4522
4525
4528
4531
4534
4537
4540
4543
4546
4549
4552
4555
4558
4561
4565
4569
4573
4577
4581
4585
4589
4593
4597
4601
4605
4609
4613
4617
4621
4625
4629
4633
4637
4641
4645
4649
4653
4657
4661
4665
4669
4673
4677
4681
4685
4689
4693
4697
4701
4705
4709
4713
4717
4721
4725
4729
4733
4737
4741
4745
4749
4753
4757
4761
4765
4769
4773
4777
4781
4785
4789
4793
4797
4801
4805
4809
4813
4817
4821
4825
4829
4833
4837
4841
4845
4849
4853
4857
4861
4865
4869
4873
4877
4881
4885
4889
4893
4897
4901
4905
4909
4913
4917
4921
4925
4929
4933
4937
4941
4945
4949
4953
4957
4961
4965
4969
4973
4977
4981
4985
4989
4993
4997
5001
5005
5009
5013
5017
5021
5025
5029
5033
5037
5041
5045
5049
5053
5057
5061
5065
5069
5073
5077
5081
5085
5089
5093
5097
5101
5105
5109
5113
5117
5121
5125
5129
5133
5137
5141
5145
5149
5153
5157
5161
5165
5169
5173
5177
5181
5185
5189
5193
5197
5201
5205
5209
5213
5217
5221
5225
5229
5233
5237
5241
5245
5249
5253
5257
5261
5265
5269
5273
5277
5281
5285
5289
5293
5297
5301
5305
5309
5313
5317
5321
5325
5329
5333
5337
5341
5345
5349
5353
5357
5361
5365
5369
5373
5377
5381
5385
5389
5393
5397
5401
5405
5409
5413
5417
5421
5425
5429
5433
5437
5441
5445
5449
5453
5457
5461
5465
5469
5473
5477
5481
5485
5489
5493
5497
5501
5505
5509
5513
5517
5521
5525
5529
5533
5537
5541
5545
5549
5553
5557
5561
5565
5569
5573
5577
5581
5585
5589
5593
5597
5601
5605
5609
5613
5617
5621
5625
5629
5633
5637
5641
5645
5649
5653
5657
5661
5665
5669
5673
5677
5681
5685
5689
5693
5697
5701
5705
5709
5713
5717
5721
5725
5729
5733
5737
5741
5745
5749
5753
5757
5761
5765
5769
5773
5777
5781
5785
5789
5793
5797
5801
5805
5809
5813
5817
5821
5825
5829
5833
5837
5841
5845
5849
5853
5857
5861
5865
5869
5873
5877
5881
5885
5889
5893
5897
5901
5905
5909
5913
5917
5921
5925
5929
5933
5937
5941
5945
5949
5953
5957
5961
5965
5969
5973
5977
5981
5985
5989
5993
5997
6001
6005
6009
6013
6017
6021
6025
6029
6033
6037
6041
6045
6049
6053
6057
6061
6065
6069
6073
6077
6081
6085
6089
6093
6097
6101
6105
6109
6113
6117
6121
6125
6129
6133
6137
6141
6145
6149
6153
6157
6161
6165
6169
6173
6177
6181
6185
6189
6193
6197
6201
6205
6209
6213
6217
6221
6225
6229
6233
6237
6241
6245
6249
6253
6257
6261
6265
6269
6273
6277
6281
6285
6289
6293
6297
6301
6305
6309
6313
6317
6321
6325
6329
6333
6337
6341
6345
6349
6353
6357
6361
6365
6369
6373
6377
6381
6385
6389
6393
6397
6401
6405
6409
6413
6417
6421
6425
6429
6433
6437
6441
6445
6449
6453
6457
6461
6465
6469
6473
6477
6481
6485
6489
6493
6497
6501
6505
6509
6513
6517
6521
6525
6529
6533
6537
6541
6545
6549
6553
6557
6561
6565
6569
6573
6577
6581
6585
6589
6593
6597
6601
6605
6609
6613
6617
6621
6625
6629
6633
6637
6641
6645
6649
6653
6657
6661
6665
6669
6673
6677
6681
6685
6689
6693
6697
6701
6705
6709
6713
6717
6721
6725
6729
6733
6737
6741
6745
6749
6753
6757
6761
6765
6769
6773
6777
6781
6785
6789
6793
6797
6801
6805
6809
6813
6817
6821
6825
6829
6833
6837
6841
6845
6849
6853
6857
6861
6865
6869
6873
6877
6881
6885
6889
6893
6897
6901
6905
6909
6913
6917
6921
6925
6929
6933
6937
6941
6945
6949
6953
6957
6961
6965
6969
6973
6977
6981
6985
6989
6993
6997
7001
7005
7009
7013
7017
7021
7025
7029
7033
7037
7041
7045
7049
7053
7057
7061
7065
7069
7073
7077
7081
7085
7089
7093
7097
7101
7105
7109
7113
7117
7121
7125
7129
7133
7137
7141
7145
7149
7153
7157
7161
7165
7169
7173
7177
7181
7185
7189
7193
7197
7201
7205
7209
7213
7217
7221
7225
7229
7233
7237
7241
7245
7249
7253
7257
7261
7265
7269
7273
7277
7281
7285
7289
7293
7297
7301
7305
7309
7313
7317
7321
7325
7329
7333
7337
7341
7345
7349
7353
7357
7361
7365
7369
7373
7377
7381
7385
7389
7393
7397
7401
7405
7409
7413
7417
7421
7425
7429
7433
7437
7441
7445
7449
7453
7457
7461
7465
7469
7473
7477
7481
7485
7489
7493
7497
7501
7505
7509
7513
7517
7521
7525
7529
7533
7537
7541
7545
7549
7553
7557
7561
7565
7569
7573
7577
7581
7585
7589
7593
7597
7601
7605
7609
7613
7617
7621
7625
7629
7633
7637
7641
7645
7649
7653
7657
7661
7665
7669
7673
7677
7681
7685
7689
7693
7697
7701
7705
7709
7713
7717
7721
7725
7729
7733
7737
7741
7745
7749
7753
7757
7761
7765
7769
7773
7777
7781
7785
7789
7793
7797
7801
7805
7809
7813
7817
7821
7825
7829
7833
7837
7841
7845
7849
7853
7857
7861
7865
7869
7873
7877
7881
7885
7889
7893
7897
7901
7905
7909
7913
7917
7921
7925
7929
7933
7937
7941
7945
7949
7953
7957
7961
7965
7969
7973
7977
7981
7985
7989
7993
7997
8001
8005
8009
8013
8017
8021
8025
8029
8033
8037
8041
8045
8049
8053
8057
8061
8065
8069
8073
8077
8081
8085
8089
8093
8097
8101
8105
8109
8113
8117
8121
8125
8129
8133
8137
8141
8145
8149
8153
8157
8161
8165
8169
8173
8177
8181
8185
8189
8193
8197
8201
8205
8209
8213
8217
8221
8225
8229
8233
8237
8241
8245
8249
8253
8257
8261
8265
8269
8273
8277
8281
8285
8289
8293
8297
8301
8305
8309
8313
8317
8321
8325
8329
8333
8337
8341
8345
8349
8353
8357
8361
8365
8369
8373
8377
8381
8385
8389
8393
8397
8401
8405
8409
8413
8417
8421
8425
8429
8433
8437
8441
8445
8449
8453
8457
8461
8465
8469
8473
8477
8481
8485
8489
8493
8497
8501
8505
8509
8513
8517
8521
8525
8529
8533
8537
8541
8545
8549
8553
8557
8561
8565
8569
8573
8577
8581
8585
8589
8593
8597
8601
8605
8609
8613
8617
8621
8625
8629
8633
8637
8641
8645
8649
8653
8657
8661
8665
8669
8673
8677
8681
8685
8689
8693
8697
8701
8705
8709
8713
8717
8721
8725
8729
8733
8737
8741
8745
8749
8753
8757
8761
8765
8769
8773
8777
8781
8785
8789
8793
8797
8801
8805
8809
8813
8817
8821
8825
8829
8833
8837
8841
8845
8849
8853
8857
8861
8865
8869
8873
8877
8881
8885
8889
8893
8897
8901
8905
8909
8913
8917
8921
8925
8929
8933
8937
8941
8945
8949
8953
8957
8961
8965
8969
8973
8977
8981
8985
8989
8993
8997
9001
9005
9009
9013
9017
9021
9025
9029
9033
9037
9041
9045
9049
9053
9057
9061
9065
9069
9073
9077
9081
9085
9089
9093
9097
9101
9105
9109
9113
9117
9121
9125
9129
9133
9137
9141
9145
9149
9153
9157
9161
9165
9169
9173
9177
9181
9185
9189
9193
9197
9201
9205
9209
9213
9217
9221
9225
9229
9233
9237
9241
9245
9249
9253
9257
9261
9265
9269
9273
9277
9281
9285
9289
9293
9297
9301
9305
9309
9313
9317
9321
9325
9329
9333
9337
9341
9345
9349
9353
9357
9361
9365
9369
9373
9377
9381
9385
9389
9393
9397
9401
9405
9409
9413
9417
9421
9425
9429
9433
9437
9441
9445
9449
9453
9457
9461
9465
9469
9473
9477
9481
9485
9489
9493
9497
9501
9505
9509
9513
9517
9521
9525
9529
9533
9537
9541
9545
9549
9553
9557
9561
9565
9569
9573
9577
9581
9585
9589
9593
9597
9601
9605
9609
9613
9617
9621
9625
9629
9633
9637
9641
9645
9649
9653
9657
9661
9665
9669
9673
9677
9681
9685
9689
9693
9697
9701
9705
9709
9713
9717
9721
9725
9729
9733
9737
9741
9745
9749
9753
9757
9761
9765
9769
9773
9777
9781
9785
9789
9793
9797
9801
9805
9809
9813
9817
9821
9825
9829
9833
9837
9841
9845
9849
9853
9857
9861
9865
9869
9873
9877
9881
9885
9889
9893
9897
9901
9905
9909
9913
9917
9921
9925
9929
9933
9937
9941
9945
9949
9953
9957
9961
9965
9969
9973
9977
9981
9985
9989
9993
9997
10001
10005
10009
10013
10017
</DataArray>
<DataArray type="UInt8" Name="types" format="ascii">
9
9
9
9
9
9
9
9
9
9
9
9
9
9
9
9
9
9
9
9
9
9
9
9
9
9
9
9
9
9
9
9
9
9
9
9
9
9
9
9
9
9
9
9
9
9
9
9
9
9
9
9
9
9
9
9
9
9
9
9
9
9
9
9
9
9
9
9
9
9
9
9
9
9
9
9
9
9
9
9
9
9
9
9
9
9
9
9
9
9
9
9
9
9
9
9
9
9
9
9
9
9
9
9
9
9
9
9
9
9
9
9
9
9
9
9
9
9
9
9
9
9
9
9
9
9
9
9
9
9
9
9
9
9
9
9
9
9
9
9
9
9
9
9
9
9
9
9
9
9
9
9
9
9
9
9
9
9
9
9
9
9
9
9
9
9
9
9
9
9
9
9
9
9
9
9
9
9
9
9
9
9
9
9
9
9
9
9
9
9
9
9
9
9
9
9
9
9
9
9
9
9
9
9
9
9
9
9
9
9
9
9
9
9
9
9
9
9
9
9
9
9
9
9
9
9
9
9
9
9
9
9
9
9
9
9
9
9
9
9
9
9
9
9
9
9
9
9
9
9
9
9
9
9
9
9
9
9
9
9
9
9
9
9
9
9
9
9
9
9
9
9
9
9
9
9
9
9
9
9
9
9
9
9
9
9
9
9
9
9
9
9
9
9
9
9
9
9
9
9
9
9
9
9
9
9
9
9
9
9
9
9
9
9
9
9
9
9
9
9
9
9
9
9
9
9
9
9
9
9
9
9
9
9
9
9
9
9
9
9
9
9
9
9
9
9
9
9
9
9
9
9
9
9
9
9
9
9
9
9
9
9
9
9
9
9
9
9
9
9
9
9
9
9
9
9
9
9
9
9
9
9
9
9
9
9
9
9
9
9
9
9
9
9
9
9
9
9
9
9
9
9
9
9
9
9
9
9
9
9
9
9
9
9
9
9
9
9
9
9
9
9
9
9
9
9
9
9
9
9
9
9
9
9
9
9
9
9
9
9
9
9
9
9
9
9
9
9
9
9
9
9
9
9
9
9
9
9
9
9
9
9
9
9
9
9
9
9
9
9
9
9
9
9
9
9
9
9
9
9
9
9
9
9
9
9
9
9
9
9
9
9
9
9
9
9
9
9
9
9
9
9
9
9
9
9
9
9
9
9
9
9
9
9
9
9
9
9
9
9
9
9
9
9
9
9
9
9
9
9
9
9
9
9
9
9
9
9
9
9
9
9
9
9
9
9
9
9
9
9
9
9
9
9
9
9
9
9
9
9
9
9
9
9
9
9
9
9
9
9
9
9
9
9
9
9
9
9
9
9
9
9
9
9
9
9
9
9
9
9
9
9
9
9
9
9
9
9
9
9
9
9
9
9
9
9
9
9
9
9
9
9
9
9
9
9
9
9
9
9
9
9
9
9
9
9
9
9
9
9
9
9
9
9
9
9
9
9
9
9
9
9
9
9
9
9
9
9
9
9
9
9
9
9
9
9
9
9
9
9
9
9
9
9
9
9
9
9
9
9
9
9
9
9
9
9
9
9
9
9
9
9
9
9
9
9
9
9
9
9
9
9
9
9
9
9
9
9
9
9
9
9
9
9
9
9
9
9
9
9
9
9
9
9
9
9
9
9
9
9
9
9
9
9
9
9
9
9
9
9
9
9
9
9
9
9
9
9
9
9
9
9
9
9
9
9
9
9
9
9
9
9
9
9
9
9
9
9
9
9
9
9
9
9
9
9
9
9
9
9
9
9
9
9
9
9
9
9
9
9
9
9
9
9
9
9
9
9
9
9
9
9
9
9
9
9
9
9
9
9
9
9
9
9
9
9
9
9
9
9
9
9
9
9
9
9
9
9
9
9
9
9
9
9
9
9
9
9
9
9
9
9
9
9
9
9
9
9
9
9
9
9
9
9
9
9
9
9
9
9
9
9
9
9
9
9
9
9
9
9
9
9
9
9
9
9
9
9
9
9
9
9
9
9
9
9
9
9
9
9
9
9
9
9
9
9
9
9
9
9
9
9
9
9
9
9
9
9
9
9
9
9
9
9
9
9
9
9
9
9
9
9
9
9
9
9
9
9
9
9
9
9
9
9
9
9
9
9
9
9
9
9
9
9
9
9
9
9
9
9
9
9
9
9
9
9
9
9
9
9
9
9
9
9
9
9
9
9
9
9
9
9
9
9
9
9
9
9
9
9
9
9
9
9
9
9
9
9
9
9
9
9
9
9
9
9
9
9
9
9
9
9
9
9
9
9
9
5
5
5
5
5
5
5
5
5
5
5
5
5
5
5
5
5
5
5
5
5
5
5
5
5
5
5
5
5
5
5
5
5
5
5
5
5
5
5
5
5
5
5
5
5
5
5
5
5
5
5
5
5
5
5
5
5
5
5
5
5
5
5
5
5
5
5
5
5
5
5
5
5
5
5
5
5
5
5
5
5
5
5
5
5
5
5
5
5
5
5
5
5
5
5
5
5
5
5
5
5
5
5
5
5
5
5
5
5
5
5
5
5
5
5
5
5
5
5
5
5
5
5
5
5
5
5
5
5
5
5
5
5
5
5
5
5
5
5
5
5
5
5
5
5
5
5
5
5
5
5
5
5
5
5
5
5
5
5
5
5
5
5
5
5
5
5
5
5
5
5
5
5
5
5
5
5
5
5
5
5
5
5
5
5
5
5
5
5
5
5
9
9
9
9
9
9
9
9
9
9
9
9
9
9
9
9
9
9
9
9
9
9
9
9
9
9
9
9
9
9
9
9
9
9
9
9
9
9
9
9
9
9
9
9
9
9
9
9
9
9
9
9
9
9
9
9
9
9
9
9
9
9
9
9
9
9
9
9
9
9
9
9
9
9
9
9
9
9
9
9
9
9
9
9
9
9
9
9
9
9
9
9
9
9
9
9
9
9
9
9
9
9
9
9
9
9
9
9
9
9
9
9
9
9
9
9
9
9
9
9
9
9
9
9
9
9
9
9
9
9
9
9
9
9
9
9
9
9
9
9
9
9
9
9
9
9
9
9
9
9
9
9
9
9
9
9
9
9
9
9
9
9
9
9
9
9
9
9
9
9
9
9
9
9
9
9
9
9
9
9
9
9
9
9
9
9
9
9
9
9
9
9
9
9
9
9
9
9
9
9
9
9
9
9
9
9
9
9
9
9
9
9
9
9
9
9
9
9
9
9
9
9
9
9
9
9
9
9
9
9
9
9
9
9
9
9
9
9
9
9
9
9
9
9
9
9
9
9
9
9
9
9
9
9
9
9
9
9
9
9
9
9
9
9
9
9
9
9
9
9
9
9
9
9
9
9
9
9
9
9
9
9
9
9
9
9
9
9
9
9
9
9
9
9
9
9
9
9
9
9
9
9
9
9
9
9
9
9
9
9
9
9
9
9
9
9
9
9
9
9
9
9
9
9
9
9
9
9
9
9
9
9
9
9
9
9
9
9
9
9
9
9
9
9
9
9
9
9
9
9
9
9
9
9
9
9
9
9
9
9
9
9
9
9
9
9
9
9
9
9
9
9
9
9
9
9
9
9
9
9
9
9
9
9
9
9
9
9
9
9
9
9
9
9
9
9
9
9
9
9
9
9
9
9
9
9
9
9
9
9
9
9
9
9
9
9
9
9
9
9
9
9
9
9
9
9
9
9
9
9
9
9
9
9
9
9
9
9
9
9
9
9
9
9
9
9
9
9
9
9
9
9
9
9
9
9
9
9
9
9
9
9
9
9
9
9
9
9
9
9
9
9
9
9
9
9
9
9
9
9
9
9
9
9
9
9
9
9
9
9
9
9
9
9
9
9
9
9
9
9
9
9
9
9
9
9
9
9
9
9
9
9
9
9
9
9
9
9
9
9
9
9
9
9
9
9
9
9
9
9
9
9
9
9
9
9
9
9
9
9
9
9
9
9
9
9
9
9
9
9
9
9
9
9
9
9
9
9
9
9
9
9
9
9
9
9
9
9
9
9
9
9
9
9
9
9
9
9
9
9
9
9
9
9
9
9
9
9
9
9
9
9
9
9
9
9
9
9
9
9
9
9
9
9
9
9
9
9
9
9
9
9
9
9
9
9
9
9
9
9
9
9
9
9
9
9
9
9
9
9
9
9
9
9
9
9
9
9
9
9
9
9
9
9
9
9
9
9
9
9
9
9
9
9
9
9
9
9
9
9
9
9
9
9
9
9
9
9
9
9
9
9
9
9
9
9
9
9
9
9
9
9
9
9
9
9
9
9
9
9
9
9
9
9
9
9
9
9
9
9
9
9
9
9
9
9
9
9
9
9
9
9
9
9
9
9
9
9
9
9
9
9
9
9
9
9
9
9
9
9
9
9
9
9
9
9
9
9
9
9
9
9
9
9
9
9
9
9
9
9
9
9
9
9
9
9
9
9
9
9
9
9
9
9
9
9
9
9
9
9
9
9
9
9
9
9
9
9
9
9
9
9
9
9
9
9
9
9
9
9
9
9
9
9
9
9
9
9
9
9
9
9
9
9
9
9
9
9
9
9
9
9
9
9
9
9
9
9
9
9
9
9
9
9
9
9
9
9
9
9
9
9
9
9
9
9
9
9
9
9
9
9
9
9
9
9
9
9
9
9
9
9
9
9
9
9
9
9
9
9
9
9
9
9
9
9
9
9
9
9
9
9
9
9
9
9
9
9
9
9
9
9
9
9
9
9
9
9
9
9
9
9
9
9
9
9
9
9
9
9
9
9
9
9
9
9
9
9
9
9
9
9
9
9
9
9
9
9
9
9
9
9
9
9
9
9
9
9
9
9
9
9
9
9
9
9
9
9
9
9
9
9
9
9
9
9
9
9
9
9
9
9
9
9
9
9
9
9
9
9
9
9
9
9
9
9
9
9
9
9
9
9
9
9
9
9
9
9
9
9
9
9
9
9
9
9
9
9
9
9
9
9
9
9
9
9
9
9
9
9
9
9
9
9
9
9
9
9
9
9
9
9
9
9
9
9
9
9
9
9
9
9
9
9
9
9
9
9
9
9
9
9
9
9
9
9
9
9
9
9
9
9
9
9
9
9
9
9
9
9
9
9
9
9
9
9
9
9
9
9
9
9
9
9
9
9
9
9
9
9
9
9
9
9
9
9
9
9
9
9
9
9
9
9
9
9
9
9
9
9
9
9
9
9
9
9
9
9
9
9
9
9
9
9
9
9
9
9
9
9
9
9
9
9
9
9
9
9
9
9
9
9
9
9
9
9
9
9
9
9
9
9
9
9
9
9
9
9
9
9
9
9
9
9
9
9
9
9
9
9
9
9
9
9
9
9
9
9
9
9
9
9
9
9
9
9
9
9
9
9
9
9
9
9
9
9
9
9
9
9
9
9
9
9
9
9
9
9
9
9
9
9
9
9
9
9
9
9
9
9
9
9
9
9
9
9
9
9
9
9
9
9
9
9
9
9
9
9
9
9
9
9
9
9
9
9
9
9
9
9
9
9
9
9
9
9
9
9
9
9
9
9
9
9
9
9
9
9
9
9
9
9
9
9
9
9
9
9
9
9
9
9
9
9
9
9
9
9
9
9
9
9
9
9
9
9
9
9
9
9
9
9
9
9
9
9
9
9
9
9
9
9
9
9
9
9
9
9
9
9
9
9
9
9
9
9
9
9
9
9
9
9
9
9
9
9
9
9
9
9
9
9
9
9
9
9
9
9
9
9
9
9
9
9
9
9
9
9
9
9
9
9
9
9
9
9
9
9
9
9
9
9
9
9
9
9
9
9
9
9
9
9
9
9
</DataArray>
</Cells>
<CellData>
<DataArray type="Float64" Name="density" format="ascii">
42.01089217
45.3209734
49.65326989
47.36915039
49.71485685
49.90945272
46.44560275
49.99999983
48.25999016
41.2464286
48.04797588
42.08067585
42.43453502
44.25284884
49.86280153
45.84265991
49.99999975
49.99999692
49.99999949
49.99999992
49.99999893
49.99999805
41.30369893
45.48051365
46.67845066
45.93919086
42.02149896
44.04883535
42.32320298
47.64567257
45.51612287
48.81726211
48.14525578
46.33818575
48.19943282
46.39081127
48.05156954
40.38084788
42.12091898
42.61139767
45.35041904
49.67097598
49.4111424
49.44387949
49.88556107
44.7454206
46.6631508
45.78283853
49.99999963
43.56534404
41.1059631
49.8601512
48.8925607
44.89391569
46.26743812
47.91775987
48.32327513
46.51121459
47.56952075
45.02639228
43.17384544
44.83960804
43.41166416
47.52128166
49.99999938
49.99999983
49.99999693
45.42713208
49.42393597
48.7782627
49.38803787
44.51053322
45.85946833
50
45.84305717
46.94148446
45.82842656
46.09282581
49.99999849
45.53014145
45.06878268
49.99999935
49.99999776
49.99999849
49.99999841
49.99999744
49.9999998
49.99999924
49.99999979
49.99999826
49.9999979
49.99999821
49.99999861
49.99999966
49.99999945
49.99999991
49.99999707
49.99999898
46.36186813
44.20457589
44.82325197
48.07880595
46.41164367
45.26087304
43.56935169
49.99999917
49.99999778
49.99999981
48.33742768
42.15107045
43.83489352
42.33252478
49.4825415
49.94367571
49.22352116
49.38643989
46.13764566
45.83682245
49.99999961
49.99999993
49.99999897
46.45823941
49.999997
49.99999894
49.99999747
49.99999938
49.99999768
49.99999918
49.99999995
42.64383654
39.85651014
46.34931771
49.35664258
46.71793384
42.23850865
46.17294559
45.80516952
49.19336819
43.2779427
44.71227511
44.94156792
49.99999967
44.70982647
43.86420106
46.84934025
47.54944092
48.43223827
46.72312897
47.13382286
45.23776522
44.39538609
49.99999971
49.99999918
49.99999802
49.78116373
48.9704755
46.89897993
48.14455404
48.54974337
46.6161636
49.41565832
48.38923252
50
44.63982374
45.19824574
45.89510589
49.99999998
46.11658597
47.743268
46.37296799
49.99999829
47.08759188
43.57896501
49.99999909
49.99999951
46.28654313
49.99999979
49.99999947
45.90858569
49.99999991
49.99999865
49.9999989
49.99999871
49.99999798
49.9999981
49.99999793
49.9999973
49.99999786
49.99999723
49.99999893
48.86884971
49.99999789
49.99999991
43.89112253
50
45.4845309
46.02724218
42.97345131
43.27473204
49.7674058
48.39940841
47.14990932
49.99999969
49.9999998
49.9999982
49.99999969
49.99999964
49.99999809
45.89974399
46.67930902
48.50152507
49.99999986
44.38953017
45.84060947
45.43966939
43.65084336
40.5312963
43.23175702
46.20177014
49.78570446
45.44854847
42.92145245
43.45583933
46.62691527
46.86262819
49.22977807
43.06285058
41.4571751
47.02639639
48.33401043
46.9135983
46.76044457
45.04806244
49.99999965
48.19166559
47.97333447
49.84830601
46.81593886
49.99999948
49.99999846
49.99999878
49.99999875
47.21462636
49.99999996
45.89117591
44.48862998
49.99999995
46.76087018
46.07017745
45.75803402
44.65661157
49.99999926
49.99999887
48.56213702
47.90756676
48.30546131
48.85241627
47.04282975
49.99999787
41.79502691
49.99999901
45.91224798
47.60863596
49.99999998
44.93074049
49.99999837
49.99999831
44.82255669
49.99999685
49.99999982
49.99999813
49.99999942
43.66340868
47.31503467
47.79770546
47.43214515
46.79567146
47.02622819
48.37473966
48.4523533
40.92298786
49.99999875
47.38592002
47.13227003
49.99999959
49.99999923
45.54536242
42.7073463
43.8238751
41.22668281
40.0454567
46.34629288
43.9487901
45.11865971
42.05994126
40.92100067
45.77809021
49.99999998
43.98266714
42.85637965
45.49535731
45.6529608
47.25117427
47.86994002
49.02152612
43.01278904
42.96066895
45.91049664
49.99999975
47.48523017
49.99999999
47.39893131
49.11175539
49.14026505
47.97906058
45.28643803
44.06241981
49.74354584
49.45062923
48.20120989
46.62318409
45.79705155
47.69108841
46.53900221
46.82391994
49.99999977
50
49.99999969
43.8567552
49.99999843
49.99999877
49.99999841
49.99999915
49.99999978
46.62630577
44.23318531
49.58720104
47.60070103
48.6983547
49.99999955
43.48347978
48.19708797
49.9999999
49.99999793
49.99999873
49.99999835
49.99999789
49.9999971
49.999998
47.93612384
49.99999763
49.9999997
49.99999846
49.9999994
45.24769343
45.27103223
44.12564963
45.41096771
47.48585134
47.81260721
43.63016357
49.99999906
49.45194436
48.49020596
49.99999872
49.99999988
49.22769285
49.99999833
49.99999645
48.03695572
47.30499535
49.99999993
49.99999971
50
49.99999939
48.99423963
45.51133359
46.77350503
45.06812564
44.7355014
40.91761756
44.8128375
46.41364316
49.99999893
49.99999766
49.99999922
49.99999887
49.9999993
49.99999839
47.95592829
46.21439446
47.21898319
48.22582288
39.61275047
48.08120442
43.79441936
43.55429851
48.72966698
49.99999957
44.88832494
49.99999995
48.7856379
49.97652072
49.99999994
43.5270798
48.80202877
43.93503234
44.16769434
39.98598206
44.77626511
49.99999998
42.55091892
47.57182637
44.35339327
48.26593093
50
49.99999589
46.80440394
47.20471807
49.99999813
49.99999987
49.99999983
49.99999949
50
49.77412055
44.8163536
49.64542126
49.99999995
49.99999989
49.9999993
49.99999829
49.64235946
45.19638858
47.80013661
36.0137138
47.18083331
49.05352303
48.64707771
43.07336404
49.47771958
49.23684782
44.83933507
45.48091044
45.12379394
49.99999601
49.99999653
50
48.52302141
49.99999742
42.4536066
42.09165197
49.99999954
49.99999729
49.99999846
49.99999894
47.18453158
45.27770518
47.7187437
50
49.99999846
49.99999994
48.40043747
47.01409889
46.73887862
44.8583064
49.9999991
49.99999992
48.29601614
47.50017336
45.45703382
49.56668987
41.71788645
50
46.14252408
49.9999999
49.99999995
45.24221855
49.99999804
48.65845945
46.71252973
45.85448429
47.82796279
49.99999928
49.99999801
48.58100203
48.56270778
48.84680373
47.75252768
46.86101634
39.89927981
43.77264889
49.99999976
41.48525512
44.01641085
49.23906596
43.83640284
46.89964109
49.86995984
47.84414254
43.98972614
47.73730704
49.08347271
49.99999704
45.44024375
48.2214701
47.79584626
49.99999966
49.99999684
46.43494721
49.99999804
49.99999894
49.99999886
49.99999957
49.99999931
47.02565714
41.4610814
41.34680002
41.61057458
41.92591684
44.3538799
49.99999991
49.53451614
44.34678769
49.9999999
48.88336519
49.94272054
45.157391
49.82470756
44.11388379
43.56843314
48.60847991
45.99861275
41.29122261
50
49.99999945
45.52046036
50
44.37250889
49.99999998
43.67634465
49.99999991
43.49866988
49.99999857
49.99999965
49.99999918
49.99999691
50
42.40355232
42.95981954
49.7920975
45.63516219
49.99999756
49.99999686
43.71655449
44.783487
49.99999686
49.99999984
43.39739896
49.99999991
48.67810957
49.81041315
45.39460589
49.99999866
50
48.45243184
48.36348765
46.96486089
49.99999998
49.18140793
43.80741787
49.99999788
42.96747403
49.21354635
45.44647794
49.99999987
39.40506107
49.99999728
49.99999856
49.99999681
48.29094281
47.18953098
49.9999995
49.99999681
49.99999667
49.99999989
48.43407956
49.55429396
44.43970568
49.99999949
41.62893942
38.8773408
43.195016
48.21981788
49.03417692
42.10631055
43.55301107
49.99999999
41.16095181
45.80749927
50
43.84346522
47.10421172
47.36556424
45.62642825
49.7475119
49.99999998
44.30904101
49.99999989
50
48.98741797
49.99999993
48.75835581
49.99999939
49.99999702
49.99999933
49.99999984
49.99999894
49.9999998
45.41012476
49.99999983
49.99999994
45.83840236
49.99999999
49.99999993
49.99999997
49.99999963
44.67577692
43.31354499
49.99999995
47.41992031
41.17330789
34.63462869
49.99999988
44.5103598
41.99270392
41.03650541
40.53391887
49.99999998
49.33382595
49.99999978
49.99999995
49.99999967
49.99999993
43.52419296
49.99999977
49.99999849
49.99999807
49.99999995
42.02547102
40.75083734
40.58621764
43.76883292
45.88341881
49.99999678
49.9999999
49.99999999
41.85963456
43.6551648
45.38580069
49.99999974
49.99999893
49.99999693
49.99999909
45.95896008
48.17011391
49.99999887
49.99999915
49.99999783
49.99999884
49.99999999
45.98857175
49.99999847
49.99999965
49.99999861
49.99999942
49.99999973
49.9999985
47.31025453
42.41882163
49.99999745
42.84777068
49.9999997
49.36577034
49.81698275
49.99999972
49.99999995
49.60747829
45.96011499
40.7699223
42.81895013
49.21552546
50
48.93268165
48.15118669
47.86663479
47.42605449
49.16478221
39.5733762
49.99999982
49.75053942
49.99999911
49.99999738
49.99999996
49.9999998
49.999999
49.99999874
49.99999679
49.9999956
49.99999959
49.99999919
49.9999997
49.99999763
49.99999804
49.99999999
45.01064316
43.45327306
43.524252
42.56729291
41.05344558
39.74243357
38.70624402
37.91700894
37.47513201
37.44012802
49.04479911
49.99999649
49.99999859
49.99999806
49.99999879
40.749336
43.55839485
47.55850166
44.51219277
48.34891216
49.92730301
49.99999998
49.99999969
49.99999979
46.6095801
45.64698826
49.99999907
47.9572549
49.99999983
45.91756465
48.43384464
49.99999937
48.17201598
47.89118298
49.99999999
48.59597872
47.5566469
49.99999985
49.99999993
48.02683028
50
49.99999991
49.94888401
49.99999988
48.00015554
49.99999997
49.99999923
47.08672699
45.63150918
49.99999918
44.22337549
49.99999977
49.99999902
49.99999986
48.85412615
47.24426766
49.53636103
49.99999978
38.94545346
42.47588942
49.99999933
49.99999927
46.86546409
49.67104613
49.99999977
49.9999998
49.9999992
49.9999966
49.99999715
49.99999909
49.9999963
49.99999998
49.99999998
49.99999853
49.99999915
49.99999753
48.08828274
49.99999949
48.68414146
49.99999938
49.99999953
49.99999994
49.99999994
49.9999999
49.99999883
49.99999622
49.9999968
49.99999947
46.05431787
41.66604112
49.80829506
49.99999995
49.99999863
49.99999917
45.09196135
47.73415026
48.62448477
50
49.9999998
50
39.08566922
49.53802378
49.9999998
49.63620562
49.99999989
43.80588295
49.99999997
49.99999999
45.53141778
49.5929018
44.43246025
48.70882611
49.66799113
49.99999978
48.82614793
49.99999885
49.99999964
46.6610347
49.99999821
49.99999998
49.99999831
49.99999574
49.99999993
49.99999362
49.99999624
49.99999998
49.99999802
49.99999994
49.99999854
49.99999874
49.99999804
42.80332814
48.59688984
49.99999739
36.20973752
36.23961147
49.99999761
49.99999573
49.99999887
35.57604033
49.99999975
49.99999985
49.99999426
49.99999515
49.99999595
44.08648489
49.99999988
49.99999703
49.99999761
45.23390636
49.99999818
49.99999992
43.50323569
43.75647637
45.60757442
47.50226512
43.96028306
44.4282876
40.0212676
49.9999984
46.28013431
49.99999857
49.57017338
47.22522237
49.99999608
45.64833153
49.99999711
49.99999809
46.16814231
49.99999764
46.69013302
46.69858509
47.37297295
49.99999516
49.99999942
49.99999923
49.99999468
49.99999919
49.99999592
49.99999577
49.9999973
49.99999888
49.99999915
49.99999988
49.99999966
49.9999969
49.99999532
49.07492537
49.27634555
50
49.99999714
49.99999821
49.99999999
49.99999994
49.9999977
49.99999895
49.99999756
49.99999811
49.99999882
49.99999563
49.99999949
49.99999926
49.99999694
49.99999434
49.99999692
49.99999712
49.99999997
49.99999887
49.99999997
49.99999992
49.99999883
49.99999946
49.99999925
49.99999972
42.23017439
36.48849728
49.99999649
49.9999951
49.99999497
49.99999577
49.99999783
46.11932823
46.47671288
45.0370481
46.65778639
46.96809706
48.2647089
47.41381398
49.99999444
49.99999604
49.99999933
49.99999694
49.99999869
49.99999333
49.99999978
49.99999779
35.19304025
35.66621644
37.69538703
38.15550688
49.9999956
49.99999998
49.99999989
49.99999853
43.8331418
44.95905982
42.98660971
49.99999811
49.99999906
47.61285304
48.1448881
49.99999762
49.99999802
49.99999969
49.99999999
41.87526304
42.01957832
49.99999543
49.99999569
49.99999584
49.99999463
49.99999838
50
42.11738099
49.99999907
49.09115655
49.99999611
42.80438308
48.18374463
45.77799149
49.99999999
49.99999903
45.59432538
49.99999801
46.757787
49.99999964
49.99999862
45.56655342
49.99999726
47.8099152
49.99999953
49.99999739
49.99999856
0.9390143653
0.1764990024
0.5194561658
0.9499060236
0.951220933
0.2877357359
0.9022890695
1.36623685
0.3056555774
0.5266997285
0.9000182334
0.5203702354
2.039306866
0.9490352038
0.5572804754
1.029352342
0.9367023951
0.6819390909
0.3917818939
0.3149825751
0.5013191621
0.9747021832
0.9599379917
0.4792669689
0.6267985763
0.9441040918
0.8569159829
0.9695009226
0.8060728849
0.9423479385
0.493936433
0.4692463676
0.9532016749
0.3632430136
0.908832663
0.7871375889
0.3496645515
0.9565495637
0.5301656561
0.4409680453
0.9716037397
0.9840467125
0.9737715947
0.8851577817
0.4620823614
0.9155155463
0.9530004458
0.1351577293
0.449504542
0.4239960431
0.4605080303
0.9909126017
0.9547512839
0.8054855773
0.8573503017
0.6695500243
0.3632529304
0.3942146707
0.274532804
0.9376310152
0.4429628061
0.5993180326
0.4290155716
0.375987353
0.9046094337
0.3942320202
0.9486753714
0.9696729653
0.9176589539
0.9450546065
0.9565345054
0.9464408541
0.3462453396
0.3108844519
1.81207936
0.6433635998
0.8808522982
0.9294632627
0.9393383907
0.5728702521
0.9591141153
0.9317017433
0.396385421
0.9504892741
0.7035849999
0.8069868411
0.3823108891
0.3637453236
0.561588437
0.6211390943
0.9763064042
0.9154971078
0.2587142329
0.3632525986
0.4164966689
0.7178083079
0.7098429149
0.8682166902
0.8952206689
2.102559578
0.7649512871
0.3953238069
0.9706280688
0.3577389911
0.9812204462
0.9144178359
0.7013191282
0.5984981717
0.9823015985
0.9775319753
0.5469284379
1.041575963
0.5630188513
0.4386270971
0.4841206837
0.1789961415
0.2967775681
0.2491633787
0.8900373039
0.4443549214
0.3641127423
0.369039982
0.262175421
0.3817220183
0.3167209125
0.2089447122
2.876156794
0.2006027561
0.520014452
0.3030350131
0.5772243611
0.3226736053
0.3759772644
0.1972512794
0.2299536238
0.2524255986
0.1892756962
2.282311348
1.176427139
1.267942482
0.7447639827
1.038018351
0.440103629
0.2669303585
0.4270878351
0.2231128491
0.2326824068
0.2945666088
0.2964622886
0.6571045438
0.610933645
0.771303392
0.7414075902
0.3256657309
0.365486613
0.9576791639
0.9612898842
0.9689376483
0.9744501902
0.9863256097
0.977448134
0.9676229965
0.9739721342
1.082948536
0.4624901594
1.006582945
0.3501614242
0.2979069232
0.4199929606
0.6374914736
0.4501276052
0.9789128559
0.9687525348
0.7005012448
0.934584486
0.9501972223
0.97205495
0.9810754145
0.97701386
0.9787818985
0.7343430606
0.8907030989
0.9993044435
0.9592959509
0.9797009741
0.9808196846
2.355984013
2.171421669
0.4193304547
0.5018874062
1.1229358
0.9418567542
0.3137125476
0.2375420712
0.5184213301
0.4443876217
0.3314740649
0.5193893132
0.9478344822
0.9541708394
0.9523670467
0.9540385009
0.7893607142
0.9433520709
0.6973397911
0.6050771986
0.6020956037
0.5516639395
0.9513329916
0.953668983
0.9337742816
0.8328909797
0.8627963919
0.8960029651
0.916742486
0.8547914346
0.7830938878
0.8779474921
0.7278020884
0.8274219197
0.867722766
0.1504458973
0.1656764049
0.3055321788
0.4012620914
0.4988034312
0.5234620203
0.6373301676
0.557141639
0.5421667665
1.006590896
1.194758726
0.768988491
0.92672465
0.9201673491
0.9287744978
0.9442721461
0.9368107817
0.8895625609
0.9559020161
0.9688431107
0.9664315141
0.5809290674
0.6097695434
0.5363846692
0.5146476924
0.5405078801
0.5459088213
0.5084674394
0.6170543888
0.5244473593
0.8887743879
0.8168143905
0.951648327
0.9397513579
0.9470788926
0.898474749
0.8695925967
0.8209156821
0.9296460023
0.9568415157
0.9309235352
0.8037824077
0.9097679234
0.6088483143
0.7269653945
0.5991093039
1.071449192
1.010277016
1.171000924
1.164277403
0.9243455904
0.9590269801
0.909291123
0.8842660823
0.8581469644
0.9476153768
0.9673643879
0.9520124073
0.8047706436
0.8424646903
0.7736162268
0.648827456
0.7352697046
0.7138012983
0.3523842929
0.519127491
0.5259593084
0.5295132782
0.2593427541
0.521963862
0.5186309915
0.2695041201
0.445685231
0.3894118133
0.4531284735
0.4686974424
0.4573181084
0.4812120442
0.5444758779
0.5062599476
0.5178582268
0.5161594658
0.8685057848
0.9432004635
0.8180918791
0.9631615396
0.9851136092
0.9680946744
0.9156144092
0.9340508227
0.9506673446
0.4519585584
0.4413785244
1.061735382
0.6854107647
0.623535181
0.5266401465
1.506885495
1.567617375
0.7879255453
1.149095175
0.9490544561
0.9574581309
0.9135204889
0.8998296251
0.9285317175
0.840449889
0.8511941367
1.033596124
1.070209396
1.060745156
0.9201847241
0.8265569261
0.6828772035
0.8260226816
0.8272025015
0.8071501054
0.8028536265
0.7549539496
0.5705897586
0.6045765291
0.1679068407
0.5724849438
1.133539744
0.2000683422
0.5289715985
0.4987779244
0.4340380265
0.5218910983
0.4585110032
0.5868541381
0.4975819952
2.437729045
0.1600170197
0.321190951
1.001210173
0.9438539551
1.116588962
0.9206994971
0.7938212935
0.6096593637
0.2500470578
0.3468075155
0.6818583829
1.595269712
0.9766196084
0.9843272554
0.4623429001
0.4750136677
0.4829478115
0.4743442393
0.5186029975
0.4473898704
0.4015526739
0.9634052147
0.8741554877
0.8534690593
2.667084922
0.6655336128
0.5042427401
0.9039746297
0.9644369947
0.9229238904
1.145167172
1.045509381
1.001456348
0.9766405201
0.9826734509
0.9803345312
0.9785332953
0.8791620884
0.9321722843
0.9722833936
0.9663863605
0.4017777319
0.4303576485
0.4794653101
0.3291154114
1.947309242
0.4835863934
0.5121687338
0.6954746582
0.7230459176
0.8174252661
0.8150144502
0.7936880714
0.7964085487
0.7940270234
0.8052279299
0.8071268289
0.8056137659
0.8869674367
1.044180877
0.9696777179
0.4549447412
0.7674034412
0.6341569163
0.5231167163
0.3711779598
0.1908074508
0.4626267521
0.4369442636
0.9458025801
0.9479245987
0.945342402
0.9794005593
0.6978631332
0.3860408236
0.5763537603
0.5585572292
0.57877015
1.574369724
2.642028701
0.9628820299
0.7148346285
0.9536863494
0.9439471096
0.4528086063
0.5677389817
0.4239587953
0.4356462972
0.4585899562
2.015657499
0.4847387887
0.8207516359
0.4663391065
0.4666598782
0.4494854039
0.9824323254
0.9691276025
0.8580954839
0.9334446889
0.9537577795
0.9395634488
0.8613254588
0.7519473043
0.5747502028
0.7472475316
0.4172596943
0.3853062427
0.3452805674
0.3321578761
0.3683979603
0.8341348684
0.7428081251
0.4371709426
1.008173171
0.9853093485
0.9476396916
1.044069374
1.186687431
1.095789117
0.9519577178
0.9524989852
0.9575984246
0.9016414026
0.9189734429
0.9575807481
0.9536447629
0.7889069482
0.7814385592
0.9777900076
0.6484401942
0.4452250462
2.251126388
0.3972946626
0.6515459632
0.5266357805
0.650744152
0.4669009031
0.8551610756
0.5823654689
0.9416756225
0.9471847353
0.947220791
0.9735749715
0.9424904174
1.242016918
1.009209967
0.959771651
0.9432306057
0.355772512
0.4061488159
0.4156880691
0.9382941407
0.9445841522
0.9646344862
0.4213534401
0.9407179988
0.9454075271
0.9531602389
0.9228788285
0.8431404595
1.224577187
1.687369577
2.083658616
1.498284623
0.4952333882
0.4632920624
0.4461319105
0.4498584542
0.4494445056
0.4403884279
0.4051026874
0.669205229
0.4975081314
0.7211018516
0.7087574281
0.62231704
0.9680672964
0.9499076782
0.955851063
0.940838706
0.9188885118
0.7494234716
0.8924725854
0.7985747994
0.3711601433
0.3510684679
0.9558002669
0.9157557372
0.9913203253
0.9646042469
0.9479387986
0.9517504555
0.943748117
0.9429759096
0.9497547955
1.07818051
1.131018281
0.8272874542
1.026280877
0.8933995494
1.123563554
0.9658342814
0.8067650338
0.76025955
0.7868422772
0.7813592801
0.7794760088
0.7174344375
0.6277538243
0.6003327749
0.3708392984
0.3677974072
0.3683714114
0.6237566407
1.007167307
0.6914665064
0.7145197566
0.4870824446
0.6064767034
0.8893032259
0.8302876316
0.7080099398
0.4548897139
0.41181939
0.9589050706
0.9501469539
0.9529640259
0.9477258265
0.8026424577
0.6879221242
0.7306711643
0.6160382817
0.3985529497
0.3260232377
0.4138525075
0.8960436096
1.179702143
1.547722567
0.4305631674
0.4202429422
1.256046367
1.166810505
0.7298562651
0.8902555183
0.4359732519
0.4839347979
0.545323802
0.6267521173
0.4948680713
0.945814925
0.9486259125
0.9383443545
0.9090538565
0.3559147625
0.9527849674
1.105306109
1.25559174
1.411861921
1.25461496
0.3816842592
1.003274868
0.9127134635
0.9428223861
0.9413261342
0.6069917644
0.2689605887
0.9495144714
0.7213804789
0.8238527356
0.7821526253
0.8907223489
1.017310957
1.060896116
1.03724271
1.022928462
1.005848051
0.9881098703
0.9757290977
0.959010682
0.943545704
0.9321118424
0.9352199496
0.9649743371
0.9521686748
0.9176956068
0.9633888909
0.9418455309
0.7343309066
0.6765255485
0.6213340139
0.9709306919
0.7289185822
0.3329719555
0.4045041239
0.7334756626
0.5741269129
0.7365777754
0.5899585193
0.7890873035
0.3209462003
0.7535045219
0.91108972
0.8361804889
0.3121376202
0.5677770694
0.8408817512
0.4120316002
0.4036748652
0.3869224133
0.3987296316
0.4209787078
0.8413191066
0.4269199752
0.4330505194
0.4871910329
0.39418784
0.7322167582
0.6430411386
0.3985238551
0.3847167063
0.948080475
0.9980574131
0.3681773876
0.6632354429
1.625496199
1.042004241
1.66165673
1.741146718
0.929703121
0.5093303338
0.6008198677
0.9456465396
0.9490522532
0.8880165855
0.8855175356
0.9371441366
0.9203757412
0.9450525095
0.3834614546
0.3852030334
0.3903048604
0.3757099155
0.3853619642
0.3725388798
0.5454100988
0.6556540541
0.5600879958
0.6585158952
0.5662279314
0.3998380674
0.5513356658
0.4987909047
0.3847177382
0.8830823774
0.8597532339
0.8738854522
0.5040337252
0.8936482329
0.8221298884
0.7297841156
0.5039487302
0.2355354686
0.3765963184
0.6719756731
0.2165445198
0.6864679662
0.6739395572
0.9507181418
0.9443532771
0.9334686303
0.9390486457
0.955144405
0.6240103476
0.6932525902
0.78742652
0.9141561818
0.9804716044
0.999718488
1.015484946
1.011576395
1.015177155
1.021136179
1.012824919
0.937873541
0.3992669034
0.7687255737
0.951713689
0.7914332344
0.5355777025
1.160591192
1.463906136
1.06044121
0.9745557286
0.5155733788
1.764688546
1.348420964
0.3997032013
0.37246827
0.8172523765
0.9947608492
0.3886427041
0.8536008114
0.9068208103
0.927006503
1.268135933
2.134517776
1.486508271
1.776784788
0.4319731471
0.3634763086
0.3763024034
0.3749553627
0.3669512391
0.8962648461
0.7944348887
0.4394505958
0.6194148736
0.4215126946
0.6475528881
0.5955953274
0.5854409504
0.5562061471
0.3629647041
0.5239663897
0.7208965828
0.9079866608
0.7064280031
0.7411806112
0.7960759995
0.6810365147
0.6867819341
0.7656557407
0.9880849229
0.518934895
0.5910362502
0.8873076622
0.9187227944
0.9395930954
0.9221292723
0.9405705755
0.950562652
0.9556211854
0.9605231709
0.949585315
0.9853041394
0.9777091223
1.005203425
1.012201967
0.9040903207
0.9330466216
0.9608380347
0.9833964061
0.9933904176
0.9910107727
0.9461815775
0.3819761907
0.2468082027
0.3803672595
0.9738419776
0.5448204871
0.966842929
0.8991799594
0.9750507583
0.9846905215
0.9969023929
0.972492587
0.9507840816
0.8086497408
0.3746389866
0.3664345537
0.3681293507
0.3933982019
0.3684681588
0.8599327267
0.7983516374
0.721024263
0.7185825155
0.5375798357
0.9003145158
0.8566866152
1.999486769
0.9750629313
0.7983213538
1.24647271
0.5814895501
1.897092168
0.625271183
0.7550702488
0.9569363911
0.9513102433
0.9375372312
0.9253868281
0.9398778182
0.9088924055
0.7765033875
0.655532783
0.5320551455
0.7194454156
0.9267865048
0.7904496506
0.8448581494
0.7428830008
0.6533317218
0.979993263
0.384679789
0.9460858421
0.9418434057
0.9456259153
0.390526508
0.3637922992
0.9722446059
0.9692193646
0.9675095396
0.9637560488
0.9631642736
0.9780582679
0.9340701074
0.4021950616
0.3658021449
0.8523426266
0.5528540584
0.5298865589
1.849310031
0.7720571459
0.3276229391
0.3600190208
0.3446138789
0.3491873279
0.3770656899
0.3961825196
0.3805931589
0.9480178529
0.9733819215
0.9749207628
0.9735927582
0.9487251624
0.9690251253
0.9519903236
0.9705707528
0.9700751926
0.9274269478
0.9756767245
0.8479551714
0.8296565824
0.557714672
0.9659748219
0.3975320958
0.3759022893
0.3524368378
0.3583307961
0.3609839537
2.390882684
2.494230205
1.263961968
0.3947825309
0.3679644351
0.4239305353
0.4719038799
0.4752274687
0.5919954609
0.4054158304
0.743134712
0.8396387031
0.8564271744
1.422729871
2.175084351
1.889837664
0.7934378391
0.7056531081
0.6323258785
0.5701783873
0.4984171486
0.4292833442
0.589531261
0.3993750198
0.433157613
0.5202968143
0.624143822
0.6689173551
0.6397951892
0.6361809861
0.7943827217
0.3805146286
0.3830148697
0.3535158247
0.3311386824
0.3406053801
0.3601020287
0.3762208015
0.382870358
0.3705041465
0.4058725539
0.9777745614
0.9647141328
0.9657846958
0.9650236065
0.9518436516
0.9803488263
0.9852302978
0.976220565
0.9845957363
0.9848199602
0.9752721598
0.985367034
0.9641811864
0.9449296781
0.9515843068
0.932718085
0.4577294795
0.9264082526
0.902020852
0.7596530689
0.7768188043
0.7007174551
0.6683164052
0.8949485018
1.007124827
0.890761868
0.8065698123
0.7375019687
0.6120509318
0.9619725569
0.8647561475
0.8267391842
0.8261638644
0.692544314
0.4662168406
0.9521196861
0.8034042712
0.7342812505
0.8288340393
0.7268395189
0.4105787397
0.3492918899
0.3846275743
3.060660612
0.3211680722
0.3392789038
0.490519751
0.4913079635
0.3386183335
0.4283348247
1.317836585
1.834978331
0.6087524302
0.6000477974
0.8954656403
0.7187714433
0.5769569667
0.4859259952
0.759338395
0.4124543515
0.3214585095
0.395348878
0.5237628972
0.5315944788
0.4130870535
0.3707492638
0.3515788345
0.3290024841
0.3750353914
0.3851654106
0.3673891282
0.3721011035
0.3985034258
0.5218053168
0.6595031623
0.4972597039
0.6654689047
1.913436058
2.672075154
1.589532856
0.3307796777
0.9863245542
0.9864194457
0.9886059175
0.985259438
0.9857245761
0.9801989125
0.9754802025
0.9770081333
0.9745039958
0.9691336889
0.9772945604
0.9799792347
0.962007593
0.9597477151
0.9265528741
0.8804220897
0.8730204341
0.9663681117
0.9647503298
0.8667360334
0.9129702616
0.7549450071
0.8524513513
0.6971307391
0.938272564
1.020850741
0.7309961409
0.8481029679
0.9395154537
0.9235674591
0.9800522484
0.963552739
0.9580242948
0.9653364551
0.4153544786
0.7036872425
0.7124157784
0.6591919087
0.4791916718
1.684874711
0.5531994427
1.110367807
1.672258241
0.3779967507
0.8318569851
0.9152666378
0.9845801027
0.3792267445
0.8193836244
0.6543555291
0.4469665698
0.3215571877
0.9689526721
1.027885857
0.555184427
0.2072658674
0.3713155178
0.6631354168
0.3854109779
0.3487802494
0.2821194169
0.3112173633
0.3332085257
0.3418218892
0.720991727
1.179879263
0.751297435
0.2991762046
0.962462352
0.970949978
0.9800331702
0.9790556115
0.9801644369
0.983775951
0.9823383409
0.9505633319
0.9614698726
0.943233873
0.9649778895
0.9686300693
0.9775244127
0.9802236404
0.9767115892
0.9730827084
0.8938255996
0.9826697511
0.9781831237
1.121148424
0.9732978654
0.9750446714
0.8945712389
0.9488346406
0.8535469576
0.9214110843
0.9364072075
0.9025067846
0.67339123
0.9604628901
1.014440857
1.026211987
0.8319105521
0.7722252845
0.7198360279
0.7758576075
0.9000040426
0.9407726835
0.94686411
0.9662305206
0.9575126029
0.9558501015
0.9713928794
0.9613214287
1.146811909
1.720085331
0.7340854113
2.171811907
0.3355730735
0.5457044665
0.3458330096
0.3262808349
0.2092618787
0.2795394741
1.136354326
2.884091414
0.6447753509
0.2443008819
0.3196281769
1.125848306
2.971912155
0.9163261479
3.831398501
3.011089267
2.926552696
1.226997587
0.28064385
0.2300124389
0.2515241485
0.2381820548
0.1768589672
0.2005534595
0.2713336861
0.3260091699
0.4474461155
0.4574480703
0.3825701313
0.3949128879
0.3272172911
0.3757576351
0.3144996092
0.3095133046
0.3171807516
0.287868673
0.239830457
0.1262485871
0.2900115335
0.3425559046
0.8552112756
0.7575952603
0.7643827719
0.8174376106
0.9085680963
0.5269149609
0.7387671399
0.4775608142
0.4577946123
0.2732613104
0.253803879
0.2396383823
0.2771053059
0.2374956811
0.2246051317
0.6062806771
0.4114400409
0.3720836086
0.3272345281
0.3125747424
0.3290741725
3.519883224
1.362446879
0.8596258437
0.751886104
0.9987748269
0.7126558229
0.5498348074
0.7721460274
0.4113467638
0.3819222617
0.2965115224
2.165982448
3.208282093
0.954985296
0.9852216823
1.238948081
0.7376150805
0.3274759876
0.2123923987
0.4629316534
0.1772605487
0.2231646165
0.2491691498
0.4197622716
0.2258003473
0.2376415534
0.2289578824
0.4068972811
0.2536863402
0.2831343892
0.9900173658
0.982177447
0.9538938721
0.9646916806
0.959314195
0.890686321
0.7279720172
1.014153264
0.6770144971
0.6800143749
0.9753527255
0.9748980204
0.9739702857
0.9743342782
0.939841487
0.978540409
0.9590627291
0.940452379
0.9322538943
0.9622384496
0.9589795773
0.9339198281
0.9598128699
0.9629207997
0.9795107732
0.9704145615
0.9740782712
0.9706192741
0.9796467102
0.9772322536
0.9743107289
0.9723318107
0.9750520151
0.9560410197
0.3041561163
0.2478006624
0.273519686
0.1316402596
0.1361737644
0.1695908435
0.1295921745
0.1692096898
0.9424927129
0.5803569275
2.51333818
0.608469286
0.7488096561
0.508005857
0.3104213161
0.349276862
0.4094274819
0.3911230411
0.7689725863
3.759216579
0.9174932838
0.7127556969
0.4156900617
0.2132476352
0.9608755593
0.2557054209
0.4203928738
0.4102767367
0.4427521193
0.4825948619
0.5129693899
0.9967591335
0.3006732406
0.3628959697
0.2096733721
0.3754453592
0.3567698923
0.3837410959
1.123928567
0.6076205813
0.3648433536
0.4285408652
0.8814497398
0.6024626868
0.3929085656
0.4642661948
0.3040360749
0.2879424876
0.264921608
0.8127285895
0.7481606463
0.5377169011
0.6846042586
0.2209291789
0.1749268335
0.2754786015
0.4623767664
0.2823221229
0.6552252978
0.1805041335
0.2167980271
0.5582667146
0.5031557948
0.3786025824
0.3649621789
0.3285796432
0.1593392102
0.1100186995
0.1382764745
0.1786059248
0.2952591935
0.5749754567
3.407005401
3.733138163
4.84172629
0.6554296945
0.7061953204
0.703727312
0.670001639
1.115827359
0.7258259325
0.8541045526
1.170085495
0.3154309267
0.328964677
5.068682174
4.468222012
3.194138745
2.955242873
1.789296982
0.8913854845
0.8533888075
1.143802912
0.8209974194
1.317077053
0.6086658084
0.2118779165
0.8008041213
0.1722654719
0.2336817748
0.1343453003
0.3218046638
0.2101207928
0.418661752
0.9383889366
0.9571065558
0.9753989574
0.9717016847
0.9720327256
0.966617937
0.9593335648
0.9826541426
0.9335700454
0.968955769
0.7711179217
0.9977971803
0.7258755248
0.8604798218
0.9690190467
0.9781542057
0.9779468258
0.9742745848
0.9806123885
0.9687795331
0.9820370426
0.3012860183
0.3993099096
0.5540684889
0.9602161547
1.174139794
1.11326376
0.8917268597
0.8027223078
1.008781438
0.9897295452
3.164762256
0.9850852572
0.9283690951
0.9403329404
0.9724361101
0.9697674816
0.9713468874
0.9774204516
0.9710098797
0.9744031325
0.976830199
0.97915927
0.9794423001
6.266113237
8.774615061
5.791155894
9.47982594
9.392791589
9.235104597
8.915668138
8.78820303
9.755647141
0.324099175
9.095957826
9.185570429
9.637653048
11.96633104
9.737707172
9.024776953
9.180147446
9.033767695
9.989016625
10.26978686
8.912723527
1.078402457
9.900045911
5.382080202
3.364823466
2.121848794
9.560508162
0.5771970492
8.763417603
0.8930747377
9.973967812
10.20096951
8.5912498
0.9224370317
8.6528177
9.721959343
0.2168447348
9.374420129
9.197409881
9.294594736
8.967731534
9.952194913
9.116592758
8.833643964
10.39300338
9.633141009
10.34971573
9.410069365
8.745965223
9.494602803
9.044644374
9.380028791
8.998734716
10.55094158
8.744496202
9.557157138
8.872810123
9.437816287
10.46727939
0.9182413866
10.10386523
9.074811631
8.869157078
0.1668828478
0.2186694416
9.006463833
0.1460817996
0.2363963482
10.3203187
9.659273536
8.730787731
9.004276278
0.2981640214
10.45393951
12.63258276
8.84319977
9.794409781
10.37401292
0.4386672629
8.685509086
0.7111116812
0.9671118129
0.9605100785
0.9609332634
0.9184881211
0.973289226
0.9871870978
0.9860323919
0.9866102628
0.9814353825
0.9883971171
0.9856156599
0.9817224834
0.9982498522
9.710680858
9.36763912
8.916777529
9.980436307
1.612448881
0.5760034836
9.105947314
8.805709737
9.951932657
9.768165333
11.60714522
0.935586818
8.433347922
9.522224989
10.28155313
8.819064855
8.942040594
9.085495074
9.203231421
10.37974865
9.402195732
9.690681417
9.374894197
8.727267879
10.42170934
8.774799153
0.9858010446
0.9859409171
0.9870365348
0.9828706749
0.4835469105
0.6177177032
13.44973386
9.028985343
8.907973935
0.9775662706
0.9770343265
0.4633172316
9.550086155
0.3608762975
12.57932983
0.8741841814
0.256179397
2.432151064
11.18077068
</DataArray>
<DataArray type="Float64" Name="velocity" NumberOfComponents="3" format="ascii">
1.802096691 24.01750582 0.0
1.581250339 -25.26593576 0.0
1.024108518 -25.40888427 0.0
0.9271283709 -25.5537295 0.0
0.8780069444 -25.87976807 0.0
0.760617306 -25.85288801 0.0
1.028649018 -25.79463783 0.0
0.873412312 -24.63465768 0.0
1.108823998 24.04837668 0.0
0.9557221849 26.19307948 0.0
1.221643246 23.91963824 0.0
0.6294388564 25.98526945 0.0
0.4570883065 25.99091415 0.0
1.334184791 25.43549154 0.0
1.119377373 25.98817909 0.0
1.218573441 25.30256 0.0
0.7746290566 25.03668318 0.0
-3.130545092 22.21003185 0.0
-10.20739325 -18.85859182 0.0
1.053018966 -23.87992531 0.0
-10.5092602 -18.26723646 0.0
-18.01673606 -11.8342187 0.0
1.91127779 25.95115008 0.0
2.051701448 24.97885862 0.0
1.677684593 23.14336813 0.0
1.789427331 23.57847206 0.0
1.712716875 24.16556356 0.0
2.387862707 25.14718648 0.0
1.864958732 24.00212998 0.0
1.180350522 23.50247856 0.0
1.698880198 24.82061779 0.0
1.289552961 22.90725232 0.0
1.295412321 23.67286921 0.0
1.303165353 20.69911381 0.0
1.398176036 23.05703402 0.0
1.249473939 21.14572321 0.0
0.9387130527 24.22043595 0.0
0.5283708221 26.41278211 0.0
0.9453782339 25.95690699 0.0
1.356515268 26.00880562 0.0
0.6734801489 22.5511692 0.0
1.069446978 -25.14160432 0.0
1.230616584 -25.09372233 0.0
1.150509076 -25.16515394 0.0
1.265148424 -25.06030778 0.0
1.427140491 -25.29363503 0.0
1.00188996 -25.63926171 0.0
0.8466579505 -25.89377385 0.0
0.3898118003 -24.83163805 0.0
0.7052719247 22.89724738 0.0
0.7477527386 24.32039872 0.0
0.9642887707 25.78847265 0.0
1.494026373 25.79169379 0.0
1.411281325 25.33387196 0.0
1.412192922 24.64926757 0.0
1.346348203 23.71031025 0.0
1.460462698 23.05022056 0.0
1.246713556 21.30622646 0.0
1.291281994 23.78623802 0.0
0.6153617096 22.68012554 0.0
0.5974376879 25.88237125 0.0
1.480503266 25.35471134 0.0
0.8927107195 24.09847579 0.0
1.065073965 25.33790367 0.0
0.1311439183 25.40636192 0.0
0.9561714881 25.33764542 0.0
-4.450832927 -22.17531141 0.0
1.170771192 -25.87365824 0.0
1.324898118 -25.03732221 0.0
1.394723249 -25.37838513 0.0
1.319068109 -25.13942027 0.0
1.243120879 -25.2992381 0.0
1.117596536 -25.71596575 0.0
0.6829012136 -25.83782335 0.0
0.9302289144 -25.90307229 0.0
1.032688369 -25.8258814 0.0
0.7941788264 -25.89204127 0.0
1.103658621 -25.77108067 0.0
-4.264411353 -21.65133854 0.0
1.519776392 -25.60134013 0.0
2.038455413 -24.98764125 0.0
-10.43740662 -18.91150433 0.0
-4.960546291 -21.77548674 0.0
-14.28435144 -14.81434012 0.0
-9.948782148 18.98538728 0.0
-18.20699034 -11.98424798 0.0
1.808956741 -24.15693041 0.0
-14.39912602 17.08467976 0.0
-9.002065872 19.48265133 0.0
-14.02152349 16.56191834 0.0
-16.63936669 12.04836596 0.0
-8.405319023 19.88017398 0.0
-17.54082552 12.86158293 0.0
-9.633334975 -17.49931481 0.0
-21.46078448 -7.099734681 0.0
-17.4625512 13.77665346 0.0
-20.46364913 9.023536245 0.0
-24.01559345 3.427440934 0.0
1.280719984 20.95227881 0.0
1.6085844 25.75353997 0.0
2.048123889 24.96215685 0.0
1.217188962 23.56581422 0.0
1.756095907 23.40281701 0.0
1.772120231 23.76031611 0.0
1.325987793 26.17724991 0.0
-3.300591694 23.00771935 0.0
-9.867021952 19.79132615 0.0
-2.852753629 23.30708833 0.0
1.362820694 22.99819221 0.0
0.839583171 23.87945569 0.0
0.9401240297 23.82759154 0.0
0.8779282539 23.40965864 0.0
1.140744111 -25.1367628 0.0
0.8045259332 -25.4089642 0.0
1.226670077 -25.39641325 0.0
1.03593622 -25.89667856 0.0
1.643841245 -25.21056987 0.0
0.999706253 -25.91279163 0.0
-14.59549749 -15.93912174 0.0
-14.5729047 -15.41899931 0.0
-21.84200805 -6.71596391 0.0
1.501458216 -25.44084544 0.0
-21.02688684 7.95052086 0.0
-13.28461613 16.2862957 0.0
-4.277658101 22.71870364 0.0
-17.76321245 -10.8833139 0.0
-4.199565294 -21.89686088 0.0
-24.37281111 2.552431175 0.0
-0.2058649064 24.27275055 0.0
1.310794771 25.93925424 0.0
0.2146685532 26.58785422 0.0
1.343150441 20.39435783 0.0
1.149392773 22.87156887 0.0
1.231380253 23.44189057 0.0
1.576281858 24.41071641 0.0
2.257130157 24.85788229 0.0
1.282634452 25.04612836 0.0
1.527741455 25.76994371 0.0
1.52937397 26.19304233 0.0
1.037666223 23.92679776 0.0
1.661084434 25.37449845 0.0
-2.221924247 23.56429927 0.0
1.635986621 23.88997079 0.0
1.717410767 23.83376121 0.0
1.22845077 24.4600081 0.0
1.35929193 23.75520139 0.0
1.524238009 23.03412611 0.0
1.283919595 21.4546472 0.0
1.294598239 23.70669881 0.0
1.812995664 25.53195244 0.0
1.244717779 23.21024738 0.0
-0.4150302777 22.81219976 0.0
-5.156196159 22.41803496 0.0
-10.60523529 19.32119443 0.0
0.971539446 -25.15182591 0.0
1.130047301 -25.18182922 0.0
1.598974147 -25.16529172 0.0
0.94519283 -25.45328548 0.0
0.9917215684 -25.38673051 0.0
1.131917006 -25.69311117 0.0
1.389905969 -24.9622496 0.0
1.382938994 -25.27210258 0.0
0.6127075144 -25.41116446 0.0
1.016736316 -25.28588206 0.0
1.242625794 -25.76220218 0.0
1.092195669 -25.95362064 0.0
0.6454603625 -25.83104576 0.0
0.7374509006 -25.86256654 0.0
1.259938265 -25.61362313 0.0
1.033261213 -25.7150743 0.0
-5.269876763 -22.48974861 0.0
1.42405127 -25.44631647 0.0
1.882682175 -25.20912435 0.0
-24.22514242 -1.279369802 0.0
-25.38633192 -1.579680138 0.0
-25.54297464 1.099016998 0.0
-20.0836027 6.740591293 0.0
-16.15182933 11.94827148 0.0
2.879216337 -25.04078684 0.0
1.505243278 -22.81094926 0.0
-14.88301495 16.73355533 0.0
-18.06947302 13.95620155 0.0
-21.05836407 9.62527475 0.0
-3.074370596 -21.03810675 0.0
-9.025169292 -18.01835683 0.0
-14.11146342 -14.59416168 0.0
-18.25399319 -10.70321449 0.0
-12.42238162 15.81875905 0.0
-7.345899771 18.96722051 0.0
-24.39638754 -2.560086545 0.0
-26.46732543 0.4813972027 0.0
-24.4184118 4.246474915 0.0
-25.2990689 0.7512357817 0.0
1.066563388 25.79210322 0.0
0.8781155113 25.67143305 0.0
0.7800212461 22.30875418 0.0
0.6960298324 24.65777585 0.0
1.825835303 23.9318925 0.0
2.724321584 25.27597024 0.0
1.206435647 -25.10590988 0.0
1.502100296 -25.37640542 0.0
1.122375705 -25.68781207 0.0
0.185817279 -25.20107973 0.0
-14.4875611 -16.60390649 0.0
-17.8510033 -13.08906069 0.0
-21.09900117 -7.653573743 0.0
0.9756139464 26.36647125 0.0
-21.3641363 -5.329621924 0.0
-26.82557026 0.608162753 0.0
-26.40207654 0.554463749 0.0
0.8007108376 24.97144343 0.0
1.14981468 25.62111619 0.0
1.791284629 25.50224542 0.0
1.100865206 23.9505919 0.0
0.9010658472 21.97546881 0.0
1.64375444 25.88078943 0.0
0.111002346 26.61433197 0.0
0.2986788022 25.21518547 0.0
1.417691797 20.09581196 0.0
1.069511424 22.90197759 0.0
1.410663076 23.2853876 0.0
2.929418366 25.39535284 0.0
1.425656438 24.32376066 0.0
1.42684851 22.37544454 0.0
2.433072235 24.78225638 0.0
1.62109737 25.76410955 0.0
1.728315949 26.23223737 0.0
1.839086137 26.14974099 0.0
1.349341864 23.78634569 0.0
1.567810437 23.01976985 0.0
1.316372541 21.61419316 0.0
1.339076587 23.52461754 0.0
2.003615434 25.43784971 0.0
-24.51725581 -0.4994982357 0.0
-25.38077417 -1.112533494 0.0
1.558160303 25.64800783 0.0
1.321892836 25.99198948 0.0
1.534630924 25.52862154 0.0
-0.4337082114 22.1027419 0.0
-6.10388411 21.30918976 0.0
-11.30031672 19.72746589 0.0
-15.16381023 16.97389778 0.0
1.453850549 -25.42831266 0.0
0.5076756165 -25.39562722 0.0
0.7245435766 -25.1275009 0.0
1.341261224 -25.93900276 0.0
0.6417492923 -25.81943192 0.0
0.6725403578 -25.82150711 0.0
0.9970279127 -25.75395657 0.0
1.62216245 -24.95424251 0.0
2.783751968 -25.16418839 0.0
-21.19075696 8.832892812 0.0
-23.99957462 3.039732214 0.0
-22.18390629 -0.9368506699 0.0
1.519506857 -25.41585695 0.0
1.157762155 -25.44974299 0.0
1.283518141 -25.89039309 0.0
1.340464844 -25.88526231 0.0
-10.36450699 -19.27637954 0.0
-26.92331969 -0.3757434996 0.0
-23.87111026 1.682822539 0.0
1.980452135 -22.8374042 0.0
0.8921382001 -23.67224737 0.0
-8.48604705 -16.97802848 0.0
-25.78816145 1.410274351 0.0
-19.99875493 6.895774696 0.0
-1.48839024 22.92963202 0.0
-25.81958385 0.6281528595 0.0
-12.1920557 15.94821846 0.0
-16.55662032 11.29928801 0.0
-13.69765407 -13.85447381 0.0
-17.38815846 -10.08790904 0.0
-26.64328124 0.3879935038 0.0
-25.36745264 0.9633713036 0.0
-21.70048176 -1.56621205 0.0
-21.30328388 -1.350436139 0.0
1.56651701 22.78734543 0.0
1.1504664 24.89620031 0.0
1.387192598 -25.53466322 0.0
1.384725226 -25.30594537 0.0
1.858280231 26.02521285 0.0
-18.3370614 13.75304981 0.0
0.9462989419 25.16237055 0.0
1.572693765 -25.2310046 0.0
-1.934962042 -22.01519745 0.0
-20.53036201 -9.082814811 0.0
-26.62322095 -0.3593679839 0.0
-27.21975609 0.1263661389 0.0
-26.97388261 0.2346845384 0.0
-26.06335205 1.447280391 0.0
-26.32152397 1.749372242 0.0
-21.04691559 -1.06537939 0.0
-20.90527932 -0.4636069436 0.0
1.883694694 25.74117795 0.0
0.0642312508 26.45873365 0.0
0.05605966657 25.84139488 0.0
0.9082299362 19.77333945 0.0
1.076640119 23.0015886 0.0
1.723697168 22.95025191 0.0
2.987170135 25.59998638 0.0
1.25994887 24.20996902 0.0
1.3161849 22.09828832 0.0
2.530364074 24.8761411 0.0
1.068123853 24.6528277 0.0
1.791490865 25.71341705 0.0
1.846018759 26.24679038 0.0
1.763195753 25.9573664 0.0
1.520257632 -25.63905866 0.0
0.6603792625 -25.35686171 0.0
0.2617608849 -24.98606612 0.0
0.6482246262 -25.80690272 0.0
0.648997793 -25.77415077 0.0
1.43920774 -25.43828412 0.0
1.56372581 -25.27758291 0.0
1.281078764 -24.63600728 0.0
2.642077443 -25.18998529 0.0
1.243670109 -22.28475704 0.0
0.8793397837 -25.20644349 0.0
0.891960734 -25.27789651 0.0
1.150792215 -25.17875593 0.0
1.242835859 -25.37271292 0.0
1.380400137 23.95118216 0.0
1.52488612 23.13594686 0.0
1.465807269 23.30675415 0.0
1.869417874 25.33230038 0.0
-1.037818196 24.45353104 0.0
-25.33244549 -0.6082459582 0.0
-23.91868439 1.986152476 0.0
1.853344206 25.69436881 0.0
-7.367421355 21.07168383 0.0
-12.16674464 18.92263935 0.0
-15.32890301 17.44206579 0.0
-17.92310646 14.41463891 0.0
-22.42072843 2.708545404 0.0
-23.34305398 -0.6686378662 0.0
-23.69308219 -1.012301731 0.0
0.7139468871 24.80196839 0.0
1.578686983 25.68425306 0.0
1.424842458 -25.56245133 0.0
0.1133577276 -25.33134876 0.0
1.641220153 -24.42404296 0.0
2.224051758 -25.16384684 0.0
-1.875656394 -21.3145462 0.0
-5.808212121 -22.30513443 0.0
-15.28465458 -17.12195336 0.0
-14.57017099 -16.95203834 0.0
-18.08355381 -13.93441373 0.0
-20.85349994 5.868775285 0.0
-15.09912276 11.10187345 0.0
-25.19151139 -0.8395254448 0.0
-21.6341765 -5.60559184 0.0
-20.96727967 -5.442299635 0.0
-17.51470446 -13.83915896 0.0
-24.56255562 -2.610506715 0.0
-26.51447949 1.118857563 0.0
-26.15257343 0.4214724549 0.0
-25.4513626 -0.6409513171 0.0
-23.68516352 -0.8871275655 0.0
-23.50685394 -0.7221862313 0.0
-25.1599026 -0.6410159673 0.0
-26.33784581 -0.3088228275 0.0
-7.523405427 19.88381001 0.0
-25.13020775 0.3871378258 0.0
-25.30424851 0.001139886273 0.0
-13.11235206 -13.58168738 0.0
-7.751314474 -17.10258923 0.0
-23.33200636 -0.5977131749 0.0
-11.64224078 14.93378958 0.0
-6.613999185 17.960408 0.0
1.266667994 25.96851337 0.0
1.085526828 23.85484341 0.0
1.474849786 25.57180615 0.0
0.9561463481 25.80821208 0.0
0.999752263 25.5976745 0.0
-2.069636725 23.61437743 0.0
1.525909316 -25.85158091 0.0
0.9573264094 -25.83644898 0.0
1.350529799 21.79644685 0.0
-24.96286803 -0.7516202935 0.0
-26.11190692 -0.2210644668 0.0
-26.46259682 -0.03739653986 0.0
1.474007769 24.42007677 0.0
1.477073841 22.04456121 0.0
-0.9376639837 24.30961747 0.0
-7.860187583 21.38981108 0.0
-12.89983234 18.67662964 0.0
-15.76807101 17.32431487 0.0
-17.88981691 14.96124897 0.0
-23.0456003 4.488315029 0.0
-23.40833196 0.400074659 0.0
-23.46659216 -0.1952867875 0.0
-23.22224039 -0.1883092392 0.0
-23.01488808 -0.2887398575 0.0
-26.63472023 1.298771081 0.0
0.699062069 -25.71936265 0.0
1.526470662 -26.07679558 0.0
1.646418416 -26.14023272 0.0
-0.2531343424 -24.90243154 0.0
1.103653055 -25.25009958 0.0
1.506631027 -25.901442 0.0
0.9302548119 25.85114814 0.0
1.655072786 25.71750751 0.0
0.6385766968 24.68415831 0.0
1.937034127 25.4843708 0.0
1.895108056 25.82488756 0.0
1.052381999 23.72898817 0.0
1.259294186 21.2268379 0.0
0.2832856519 26.20637475 0.0
-0.05495433287 26.1446892 0.0
0.1126150768 19.47683838 0.0
1.167431409 23.07373666 0.0
2.091581697 22.53121518 0.0
1.134175117 24.07146935 0.0
1.243846787 21.67570339 0.0
1.290586941 26.42620749 0.0
1.201963076 25.73007978 0.0
-0.8420053624 22.53509686 0.0
1.574849642 -25.42761901 0.0
1.551060491 -25.63164234 0.0
-6.014334979 -22.26955967 0.0
-15.82663016 -17.1585696 0.0
-11.75209647 -19.26966048 0.0
-18.52280151 -14.30332399 0.0
-21.09086005 -8.959209441 0.0
-25.57937128 0.009103629808 0.0
-26.61313556 0.2615655909 0.0
-25.17606786 -1.054042595 0.0
-25.31593139 0.3780597128 0.0
-25.05802502 -0.1840929673 0.0
-24.37864922 0.4445547897 0.0
-18.41604989 6.056049256 0.0
1.448847938 -25.37383846 0.0
0.8963464352 -25.91096557 0.0
-25.15300144 0.6249182482 0.0
-27.0325359 0.5625316336 0.0
2.571221352 25.14221554 0.0
0.9643609216 24.41460835 0.0
2.119898798 25.70442204 0.0
1.770023013 26.26001853 0.0
1.923086339 -25.2292041 0.0
0.9141473277 -24.4885791 0.0
2.444198671 -25.48665741 0.0
1.35997131 -24.16209393 0.0
2.985920009 -25.7350281 0.0
-1.974430138 -21.27928246 0.0
-6.120985085 -20.14844315 0.0
-23.35908692 -0.4246078615 0.0
-22.74491712 -0.4567831952 0.0
-16.75981821 9.563953368 0.0
-26.63450023 -0.3014418496 0.0
-26.70368076 -0.3827907567 0.0
-11.18725828 -15.01486174 0.0
-10.05034801 -14.98788504 0.0
-11.63514371 14.76780212 0.0
-6.414066866 19.54261522 0.0
-22.15470294 -1.09191756 0.0
-26.37743184 0.1214017779 0.0
-25.28195 -0.4812502301 0.0
0.06565631096 -25.56320193 0.0
-12.15468855 -19.51099815 0.0
-25.90567968 0.3892441958 0.0
-25.85574667 -0.05089989831 0.0
1.440339419 23.44272267 0.0
1.99923405 25.54087567 0.0
1.052802349 21.64064479 0.0
-20.08826922 10.41360932 0.0
0.7666674881 -25.73195941 0.0
1.613665777 25.68403823 0.0
1.216667344 26.01640771 0.0
2.188097347 -22.36836078 0.0
-24.86003024 -0.3930930577 0.0
-20.61002785 0.3949066868 0.0
-23.35345969 -0.216197938 0.0
-26.41837342 0.2715317483 0.0
-25.02276416 -1.325049172 0.0
-25.24543162 1.290195306 0.0
-26.42168386 -0.6370264475 0.0
-23.04441915 0.8702165065 0.0
1.033569204 -25.47979187 0.0
1.362590535 -25.79315241 0.0
1.449854151 -25.94964827 0.0
1.319059262 -25.67867074 0.0
-18.74157393 -14.78558078 0.0
-21.28186964 -9.440134624 0.0
-25.85659897 1.009225261 0.0
-25.88500622 0.8346356684 0.0
-25.69594002 0.2859736614 0.0
1.98046315 25.5680745 0.0
0.7499144849 25.89326064 0.0
0.2333032473 26.60536989 0.0
-0.8385676684 19.11204047 0.0
1.372268387 22.70898552 0.0
2.606212917 22.01119024 0.0
2.143965756 25.98394876 0.0
1.117658649 23.9283166 0.0
1.320561829 20.88404376 0.0
2.257177672 25.52682508 0.0
0.8958239033 24.19746973 0.0
2.55849613 25.77034588 0.0
1.541666953 26.2028101 0.0
1.50533966 25.39913402 0.0
-25.13122247 -1.704342605 0.0
-21.58818806 -5.978880509 0.0
1.389184931 24.44768398 0.0
1.47944856 23.26765833 0.0
1.551310135 22.03584987 0.0
-1.327007457 24.11260673 0.0
-7.825764965 21.79390483 0.0
1.590299514 23.40603002 0.0
-13.32011779 19.16658097 0.0
-16.28875653 17.20633358 0.0
-18.31748941 15.09978194 0.0
-20.43223187 10.86617253 0.0
-23.24807414 4.585846831 0.0
-25.87529888 0.1897261676 0.0
-26.39908451 -0.5367566945 0.0
-26.01320648 -0.4962589244 0.0
-26.07986758 -0.5650462006 0.0
-26.14763385 -0.8758429495 0.0
1.413113718 -26.04842868 0.0
1.795081321 -25.10428447 0.0
-0.7704380396 -24.80629501 0.0
1.701386413 -26.24386626 0.0
0.9620287495 -25.66198413 0.0
0.8596767947 -25.65550536 0.0
1.397315141 -25.33674972 0.0
0.8038419539 -26.13300198 0.0
0.447035864 -24.24256792 0.0
2.140862629 -25.9374762 0.0
1.352768968 -21.19011438 0.0
1.448066946 -23.77282297 0.0
2.214307255 -25.74836127 0.0
2.911504416 -22.09392976 0.0
1.713136165 -23.85653494 0.0
-23.04122008 4.578684674e-05 0.0
-26.08897466 0.7445872619 0.0
-25.53381718 -0.0416993005 0.0
-26.29403082 0.671307556 0.0
-25.49652929 -0.08255378107 0.0
-26.46115761 0.5698977428 0.0
-25.44232089 -0.122611548 0.0
-26.51582412 0.5070540419 0.0
-1.41125559 24.02104575 0.0
-24.94359174 -0.9313871934 0.0
-14.42912782 -10.36052295 0.0
-1.445591202 -24.46580645 0.0
-5.793357793 -18.64067337 0.0
-26.18440512 -1.325098385 0.0
-26.25576832 -1.730657841 0.0
-25.16887092 1.499369092 0.0
-21.82521752 -1.572803351 0.0
-13.59551948 -11.63299472 0.0
-17.12553707 -10.27855347 0.0
-26.22724218 -1.931225416 0.0
-26.09220553 -2.002684085 0.0
-11.11672127 13.68298551 0.0
-14.88115318 9.785903793 0.0
-26.67029206 -0.4544035733 0.0
-25.35654546 -0.1558911787 0.0
1.188504082 -25.78199827 0.0
2.408317618 -25.1595094 0.0
1.334494754 -25.82719156 0.0
-24.46966492 -4.275763052 0.0
-25.67002082 0.3315308212 0.0
-25.76531838 0.7691217214 0.0
-25.88062608 0.7043156799 0.0
-25.93455047 0.7417890595 0.0
-25.54439601 -0.01485900848 0.0
-25.24388284 0.786188728 0.0
1.000917306 -21.73418883 0.0
-19.89050594 9.47443183 0.0
2.746353341 25.88553727 0.0
1.39144059 25.92180292 0.0
1.663865106 25.66774301 0.0
-26.47998777 1.420906809 0.0
-26.71066959 -0.2248008317 0.0
-24.76050494 -1.010437158 0.0
-25.11410327 -1.888032592 0.0
-17.68546719 -5.202342427 0.0
-22.41454532 -0.69833914 0.0
-26.44204099 0.2677479977 0.0
-0.9831605305 -23.77086843 0.0
-7.113628602 -22.45577194 0.0
-6.941591284 -22.83388335 0.0
-16.06207186 -17.56109088 0.0
-25.25843358 0.8831874632 0.0
-25.15926416 0.3411091973 0.0
-26.53929293 0.4625928725 0.0
-24.58103584 1.067756207 0.0
-26.91350514 -0.211794769 0.0
-26.87748215 -0.2355590755 0.0
1.618928882 20.5817502 0.0
1.455923301 25.71888818 0.0
1.205306699 25.53160896 0.0
0.6676827306 26.40151752 0.0
-1.877329731 18.31468411 0.0
1.530353291 21.99843783 0.0
3.352319946 21.32849503 0.0
1.321797295 26.12220139 0.0
1.252340143 24.04092459 0.0
1.887125829 19.87385121 0.0
1.758540715 25.8988775 0.0
3.256239423 25.50955332 0.0
0.9969214504 26.15723999 0.0
1.132389623 23.76347814 0.0
1.247853913 23.97701178 0.0
1.75227404 26.09715959 0.0
2.556245202 25.39230094 0.0
0.5383518338 24.48857669 0.0
1.675370375 25.80414707 0.0
0.848708213 25.80938384 0.0
0.8740369567 22.97852411 0.0
-1.60963933 21.43169183 0.0
-8.073135546 21.20237649 0.0
-16.7266679 17.63085963 0.0
-18.86429591 15.09103184 0.0
-20.96288014 10.86330012 0.0
-23.66412416 5.163546718 0.0
1.256846263 -26.27317817 0.0
2.674982064 -24.92903683 0.0
-1.24204345 -24.53791663 0.0
1.644197146 -26.26696795 0.0
1.136674678 -25.64591334 0.0
1.299041233 -25.21322674 0.0
3.050256405 -25.0934176 0.0
-0.1209397575 -23.89507586 0.0
1.783218468 -26.34054523 0.0
2.068075572 -20.46511404 0.0
1.666266614 -23.85982017 0.0
1.308677658 -25.92778333 0.0
3.104364229 -21.22754581 0.0
-27.20086058 0.45948867 0.0
-25.45277231 -0.05386531373 0.0
-26.46037278 -0.8700444612 0.0
-26.55898532 -0.196881777 0.0
-26.66768314 0.2154065595 0.0
-26.75205917 0.2406652212 0.0
2.211708563 -24.08250755 0.0
1.541711108 26.31313249 0.0
0.9724776432 25.84841289 0.0
-6.195652865 17.48199457 0.0
-24.75023247 -1.866617264 0.0
-25.13619366 2.317775395 0.0
-26.91441272 -0.5721976063 0.0
-25.40009734 -0.5704796843 0.0
-24.8204449 0.7074700903 0.0
-18.75617525 5.418389513 0.0
-15.35541832 8.858239633 0.0
-26.78329681 -0.1564601529 0.0
-20.32135628 1.376007844 0.0
-19.88355126 2.420218579 0.0
-20.27892244 -2.791515316 0.0
-26.01933827 -1.654101846 0.0
-21.1244339 -0.3308716485 0.0
-24.75623162 -1.801859048 0.0
-25.10618913 2.234724266 0.0
-26.59824759 0.01478081072 0.0
-26.397303 -0.2772309542 0.0
-26.57527462 -0.4912845965 0.0
-17.13980952 -7.632918087 0.0
1.189955213 -25.90489114 0.0
-2.116206125 -22.02528973 0.0
-5.10555855 -20.55902085 0.0
-26.14514005 -0.6446529461 0.0
-25.89458899 -1.097042016 0.0
-10.368783 14.67508959 0.0
-5.114152127 20.04011469 0.0
-9.809408018 -15.79875309 0.0
-14.48925521 -10.06591998 0.0
-25.4292403 -0.2180778689 0.0
-26.50500633 0.3933923147 0.0
-12.78963727 -20.5569323 0.0
-16.09490058 -18.34779807 0.0
-12.36467292 -19.90467391 0.0
-18.37306166 -15.59070157 0.0
-6.205316624 -22.3737316 0.0
-23.34949092 -4.423215091 0.0
-25.36785609 -0.5094256435 0.0
-26.03712393 0.3728098343 0.0
-21.38592622 -10.16263678 0.0
-25.70289262 0.3707440832 0.0
0.7786177217 23.88388335 0.0
1.36679052 25.14123934 0.0
3.172276719 25.75471182 0.0
0.3445239102 24.25952357 0.0
-24.74401077 0.2712241345 0.0
1.04416664 -25.59248928 0.0
0.6477187824 -26.15353066 0.0
-26.72492811 0.1794822067 0.0
2.10542819 19.60816285 0.0
1.684294254 25.88667325 0.0
0.8597501678 25.74327639 0.0
1.166030551 25.90319314 0.0
1.208874797 25.97177411 0.0
1.367565979 26.32703676 0.0
1.353403809 26.51918699 0.0
1.389102101 25.92272269 0.0
-27.13667106 0.6067092509 0.0
-25.69785904 -0.6665652239 0.0
-25.74274948 -0.3788151996 0.0
-1.858641358 21.52436519 0.0
-21.75093619 4.5159969 0.0
1.034673972 -25.05720278 0.0
0.8536856102 -24.12580659 0.0
-0.7586999377 -25.68282979 0.0
-0.9753031132 16.5480778 0.0
-2.761469494 14.44338002 0.0
-6.79180265 14.87914759 0.0
-12.3814935 16.3137767 0.0
-16.31730918 16.42072761 0.0
-18.97410693 14.91346468 0.0
-21.37359649 10.96738947 0.0
-23.99347502 4.964372373 0.0
-25.64243495 -0.2462502318 0.0
-26.4172576 -1.171571619 0.0
-26.41445194 -1.181168222 0.0
-26.26732616 -1.144479208 0.0
-26.36309896 -1.177731371 0.0
-26.53234329 -1.19311523 0.0
-26.65419969 -1.076498232 0.0
-26.74418934 -0.8223042904 0.0
-26.81916046 -0.5829044657 0.0
-26.87636953 -0.420984229 0.0
-27.21032181 -0.3328199188 0.0
0.7968569608 25.85529755 0.0
-0.6758401316 -17.53247241 0.0
-17.91043777 -16.13795644 0.0
-19.80303359 -12.15147897 0.0
-22.63282907 -5.56329366 0.0
-25.73079192 -0.3292307624 0.0
-25.67856222 -0.5155506238 0.0
-25.3397315 0.8004082553 0.0
-25.64570104 -0.3360260977 0.0
-25.29665091 0.1847708822 0.0
-25.09964774 -0.1076357598 0.0
-24.96827486 -1.299296872 0.0
-25.00924707 1.57012989 0.0
1.387689129 25.23854094 0.0
1.196064077 25.96557207 0.0
-2.889158968 16.3077336 0.0
1.567984563 20.28510506 0.0
0.6365938001 26.31354513 0.0
1.00555375 23.64334348 0.0
2.597141476 17.59816661 0.0
1.191728248 26.12235409 0.0
0.4750623903 23.49242061 0.0
4.133995156 24.15097025 0.0
0.3681796055 26.10104319 0.0
1.262202247 24.92278525 0.0
-26.4818278 0.3587954437 0.0
0.9751363298 -26.41606691 0.0
3.698313809 -24.50329831 0.0
-1.715158236 -23.96834137 0.0
1.355963412 -26.21079215 0.0
-24.9863431 -2.691651767 0.0
1.233369388 -25.75608268 0.0
1.311604285 -25.54449374 0.0
1.142924818 -24.70588883 0.0
0.3891418571 -26.10305913 0.0
3.907756636 -24.52147582 0.0
-0.5780435926 -23.55852907 0.0
1.222382728 -26.44436101 0.0
2.996047923 -18.30289398 0.0
1.552924808 -23.5096701 0.0
3.703892037 -18.92368324 0.0
1.726375679 -25.98353905 0.0
-0.7172845463 -24.35816189 0.0
-4.891887121 -21.45090069 0.0
1.581131123 25.71873585 0.0
-25.95219997 -1.028790106 0.0
-25.71806468 -1.53141818 0.0
-25.62509815 -1.90384758 0.0
-27.00190693 -0.3474301727 0.0
-26.60825919 -0.4275783456 0.0
-24.3227638 -2.594710259 0.0
-24.69541756 3.299812632 0.0
-26.71630786 -0.4351151695 0.0
-26.77385724 2.127583299 0.0
-26.2187298 0.7691831987 0.0
-25.50669222 -0.7945041657 0.0
-23.07833112 1.981126359 0.0
-21.12455777 3.524159666 0.0
-7.704492997 11.3360021 0.0
-7.881784159 -16.1797875 0.0
-7.867196646 -12.43358536 0.0
-24.84655514 -2.09276607 0.0
-24.850407 2.295275578 0.0
-1.67432681 23.53899199 0.0
-8.008119027 15.15118321 0.0
-4.871454358 20.76947791 0.0
-26.45339383 0.276925621 0.0
-24.41546331 -2.950871918 0.0
0.6228515295 -26.20829297 0.0
-13.44757628 19.48464988 0.0
0.9851966968 21.36530951 0.0
-25.04878225 -0.6188863654 0.0
-25.13044864 -0.265914464 0.0
-24.62786615 3.154607413 0.0
-1.892037448 -16.54994329 0.0
-6.04572521 -16.76172294 0.0
-11.62178287 -17.36922025 0.0
-24.5380353 -2.715897785 0.0
-26.81056987 -0.1802458698 0.0
-26.54847914 0.1560876938 0.0
-26.24133101 -0.671752691 0.0
-1.813765893 -23.6969533 0.0
-24.32107936 1.763725128 0.0
-24.74768594 -3.6688563 0.0
-26.6549789 0.1852223099 0.0
0.7698731923 26.45020321 0.0
4.084697435 24.56171623 0.0
-25.13536285 0.7461822482 0.0
-25.1034583 1.043478477 0.0
-26.80277263 2.4351493 0.0
-27.06086881 0.3235343101 0.0
-26.43247343 0.7559355787 0.0
0.1594097856 23.67072627 0.0
1.667376794 25.96709127 0.0
0.8827870086 25.41991795 0.0
-17.65583284 3.394503072 0.0
-22.46249541 0.1674028239 0.0
-20.92996577 0.1892065775 0.0
-17.93527204 -3.548437966 0.0
1.135648181 25.85612968 0.0
-21.24197389 -2.119256361 0.0
1.318010649 25.45156846 0.0
1.389195236 25.85183847 0.0
1.462777796 25.85548654 0.0
-26.0516277 -0.2981721377 0.0
0.009372765701 24.53661197 0.0
-23.52000904 2.513696396 0.0
-26.30447394 -0.5144563151 0.0
-20.34521899 -4.309309251 0.0
2.454426248 -23.75943201 0.0
2.686210429 -21.31284475 0.0
0.2271263875 -26.51675746 0.0
3.688698478 -13.80138672 0.0
-0.5642087026 -24.5008192 0.0
-3.291546356 -22.13160903 0.0
0.6999703308 -26.4690992 0.0
0.04320640585 -26.0948419 0.0
1.069525982 -21.00155705 0.0
-2.000462434 -21.17328177 0.0
4.507594956 -21.44121676 0.0
0.583299002 -26.43063706 0.0
-26.57952341 -1.284513625 0.0
-26.1227073 -0.1179233332 0.0
-23.18963903 3.273250434 0.0
-12.83965556 6.139522201 0.0
-6.672085584 -4.053942464 0.0
-26.40667965 0.0002016421234 0.0
-26.41626205 -0.2023110705 0.0
-22.28846399 -3.407982858 0.0
-9.887598014 -5.209369049 0.0
-21.72794277 4.033331632 0.0
-25.34605895 -0.761403344 0.0
-26.48579666 0.5441127192 0.0
0.6814599459 26.40924624 0.0
0.1970153514 26.53402045 0.0
4.102730559 18.90580109 0.0
-3.46901576 12.20500041 0.0
1.698835055 26.1496602 0.0
1.200336144 22.91417707 0.0
2.697085216 17.22491993 0.0
0.3241542974 26.15879366 0.0
3.274029553 12.83987682 0.0
-26.45717335 -1.240742471 0.0
-26.49416026 -1.200270098 0.0
-25.74851159 -1.030349845 0.0
-25.66744241 -1.486803712 0.0
-26.4885783 -1.140794672 0.0
-26.44005069 -0.9345380631 0.0
-26.57225105 -0.003288101435 0.0
-22.10827757 -0.643035805 0.0
-25.48179078 -0.0862505537 0.0
-25.55535193 -1.147724664 0.0
-25.20276071 0.4633232216 0.0
-26.21823513 0.0767257896 0.0
-26.44170255 0.2092768649 0.0
-26.33172325 -0.2954898691 0.0
-26.39827242 -1.523126102 0.0
-22.37382288 -3.600605329 0.0
-26.29882399 0.04952815803 0.0
1.080638966 22.42203604 0.0
-26.25286259 -0.9282682713 0.0
-26.2611097 0.4301028875 0.0
-26.19597188 0.8804036771 0.0
-26.46046975 0.2096254482 0.0
-24.39096324 0.4599539928 0.0
-7.56789006 3.243777601 0.0
-6.960933141 9.902863436 0.0
1.380448985 25.8430416 0.0
1.258036682 23.39065049 0.0
0.1910803607 24.92285339 0.0
-23.83479798 -2.359054418 0.0
-26.11527815 -0.5113338714 0.0
-24.42019104 3.166586399 0.0
-3.037486368 20.89336747 0.0
-24.21892503 -0.5995237204 0.0
-3.892402596 19.48200335 0.0
-1.066090065 23.09870597 0.0
-26.31872887 0.1498597021 0.0
-25.93174201 1.819140655 0.0
-25.82175104 2.203910826 0.0
-9.045206098 -4.711764933 0.0
-7.222785896 -11.75128212 0.0
1.056195297 23.63093567 0.0
4.966230486 19.47268003 0.0
1.397585933 21.1281986 0.0
1.26920803 15.54945084 0.0
1.127916189 22.79836738 0.0
-21.93176395 2.160117655 0.0
-22.13602197 -4.595064999 0.0
-26.39804219 0.1407475184 0.0
-23.93469104 2.618698777 0.0
0.4216266039 20.45784148 0.0
1.600527145 25.8856469 0.0
-1.274080472 -23.53262595 0.0
-3.956475218 -20.22739766 0.0
0.2728544722 26.43522084 0.0
-13.35682519 -4.088015537 0.0
-21.19172625 -4.687847012 0.0
4.627258481 14.22280639 0.0
1.392130284 21.20547527 0.0
-0.1518983995 26.07186633 0.0
4.930067074 19.40162324 0.0
0.6774850484 20.81822666 0.0
3.22852879 13.14834736 0.0
-15.94013433 6.574179678 0.0
-12.75621184 -7.372631478 0.0
-18.5587389 -8.222589613 0.0
-0.9785108494 -23.84264252 0.0
1.831490376 -26.05007835 0.0
1.272265969 26.07645194 0.0
0.7233446225 21.66998716 0.0
-26.16473401 -0.6011852259 0.0
-26.17885842 -0.5692687109 0.0
-26.37396164 -0.634971532 0.0
-26.1712348 -0.4180795296 0.0
-26.17872307 -0.1740241008 0.0
-26.07825779 1.369366201 0.0
-26.26920141 0.2682583355 0.0
0.7439539797 -26.14453312 0.0
-19.16202565 5.927132175 0.0
-15.64136792 -17.66217167 0.0
-22.54847861 -5.528274777 0.0
-21.33305709 -3.089748288 0.0
1.660867402 -25.45396189 0.0
4.696687843 -20.70226125 0.0
-23.65297415 -0.632816337 0.0
-10.06164273 3.765518204 0.0
-6.956057014 2.845028617 0.0
-3.373375154 4.145802428 0.0
-3.367242745 -4.564396189 0.0
-8.106183429 22.24008368 0.0
-16.35535746 0.08300061974 0.0
-13.33668363 3.964371489 0.0
1.973438917 -21.45946176 0.0
-26.21103039 -0.8148605192 0.0
-26.1723306 -0.7395332938 0.0
-26.82168238 -1.216965693 0.0
-21.74681058 3.869300772 0.0
-21.87456733 3.854224805 0.0
-26.30482281 0.3722082548 0.0
-26.29702665 0.3325287476 0.0
-21.83944722 3.848096447 0.0
-21.8130557 -3.595885882 0.0
4.307914859 -14.41835075 0.0
-19.86916666 -0.2830743038 0.0
-15.64414487 -8.349726905 0.0
-26.675967 -0.2556492788 0.0
-0.4422106434 24.42612509 0.0
-23.87070266 0.9940679855 0.0
-7.011581526 -23.35196325 0.0
-26.50358704 -0.1416808439 0.0
-26.35617918 -0.09403083698 0.0
1.352433702 25.57619631 0.0
-26.38781501 -0.6017047847 0.0
-0.4474580053 -25.37225054 0.0
-25.21237596 0.7060529661 0.0
1.164654255 25.84475006 0.0
-25.56529747 -0.5133207873 0.0
-26.54719148 0.8019406916 0.0
-25.39064334 0.6275786795 0.0
1.125624122 25.87017102 0.0
-20.40737741 -10.9675406 0.0
1.377340404 26.34750408 0.0
-24.29637002 -3.44560135 0.0
1.497840432 -25.58995529 0.0
-11.26800087 -19.58879507 0.0
-24.274551 -3.265519921 0.0
-26.17396786 -0.6422326856 0.0
0.9192610325 -22.32113186 0.0
-26.4799784 -0.4358630752 0.0
-26.72372196 -0.1135656863 0.0
-0.6414154354 -21.05266697 0.0
-23.80942567 2.62998558 0.0
-3.770024388 3.936553506 0.0
24.64232205 11.1243182 0.0
-5.727826527 -0.5238223802 0.0
-2.622742119 -1.837745153 0.0
-2.949838707 -2.478000079 0.0
23.75794706 11.50448576 0.0
-3.754687855 2.902612225 0.0
21.13484512 -1.224944737 0.0
-5.924896565 -1.591885213 0.0
-4.789987341 1.641403876 0.0
-2.187137763 3.229040819 0.0
-5.135920153 1.208823497 0.0
20.79015513 1.187845314 0.0
1.108626974 5.732507723 0.0
-0.1257675172 3.106348111 0.0
3.079425779 8.198710128 0.0
-2.849488071 0.1754031192 0.0
8.990780037 0.3683200547 0.0
-4.171905032 -1.72901827 0.0
-6.537669885 -4.459545295 0.0
-4.909031887 0.8796577047 0.0
-2.626145525 0.008976555258 0.0
-2.477480494 -1.156570084 0.0
-2.481439219 0.04176306331 0.0
18.92471919 3.255622271 0.0
-2.62670265 3.224630832 0.0
-2.437388872 -4.322675401 0.0
1.709444828 0.8622206774 0.0
-4.275856826 3.361665247 0.0
-3.372374646 2.55245009 0.0
-5.106565891 0.1073968653 0.0
-3.976173908 0.4535651598 0.0
-2.55774998 0.4885324464 0.0
-3.494376318 1.217190091 0.0
-1.527998275 3.036078539 0.0
-4.612915265 3.881648226 0.0
-4.588382238 2.223850557 0.0
-2.79890694 2.968396674 0.0
0.5664967507 3.714113054 0.0
13.58684656 -3.471793385 0.0
-2.932787159 0.5772301732 0.0
-3.214679576 0.5942782568 0.0
-2.863332664 0.8588297325 0.0
-1.776353937 -1.078827802 0.0
-2.604261983 -0.5525332064 0.0
-0.7544313739 3.074135603 0.0
-3.138487837 0.9884335905 0.0
-8.589786025 -1.643924674 0.0
4.363835807 -1.098522638 0.0
-0.997157757 -0.0309489012 0.0
-1.092222179 0.4546038593 0.0
19.38506044 10.0933494 0.0
-3.134058334 1.077997335 0.0
-2.440672001 -0.8946659178 0.0
-1.199465275 -1.091073311 0.0
-6.526561104 5.561752403 0.0
-6.790275216 4.696694848 0.0
-3.18020708 -1.235827933 0.0
-3.403282249 0.03858984545 0.0
-3.006366698 0.3307624368 0.0
-1.412367208 0.3662159063 0.0
-7.482554589 6.192994008 0.0
-7.610637012 5.182093049 0.0
-6.643601307 2.423125351 0.0
16.82909652 8.273333261 0.0
-0.4181385223 0.0747532122 0.0
2.698788193 -6.422415427 0.0
1.693756353 0.5846875802 0.0
4.71025498 2.17893677 0.0
-1.16279729 2.252760513 0.0
-1.955845491 1.736465592 0.0
-2.101092313 -0.3091083618 0.0
14.19592962 -6.266979434 0.0
-5.532566048 -1.908318488 0.0
19.61498526 -4.129294202 0.0
27.58196082 -8.469615072 0.0
-0.2054330034 2.483880326 0.0
-3.021026158 -0.3728891358 0.0
-4.003529148 1.35471176 0.0
-0.2477047736 -1.914811174 0.0
-1.867274387 0.9514456321 0.0
3.513014106 0.4060969378 0.0
-1.884902803 0.1125995426 0.0
-2.245683711 0.4278746764 0.0
-7.42783515 -1.642038151 0.0
-5.534029152 3.21739956 0.0
-9.406561439 2.72245186 0.0
-8.494053147 4.125210967 0.0
19.73236438 8.728757808 0.0
3.190690027 0.003441409842 0.0
-1.338102046 0.7611507372 0.0
-1.747315491 -0.11736263 0.0
0.4834479402 -1.324110927 0.0
-9.486223082 2.337087218 0.0
-2.029422709 0.7520307542 0.0
-6.978514767 -1.907489041 0.0
-7.203600512 3.005225248 0.0
-4.628871609 3.42579506 0.0
8.08997723 -0.05523839626 0.0
25.91745224 10.59364691 0.0
-0.3593305613 1.621628472 0.0
-2.941928804 0.3530859515 0.0
1.346177705 0.1593397036 0.0
-4.920364803 4.468840507 0.0
1.266866415 0.1301549536 0.0
1.575988498 0.7151027262 0.0
-4.91474524 -4.445528174 0.0
28.51281117 -9.808048974 0.0
1.303817234 0.1062372577 0.0
1.302368429 0.001028036924 0.0
-6.404789535 -12.97096457 0.0
29.61385538 -11.01823235 0.0
14.94103904 -1.540990759 0.0
1.949021917 -1.458062925 0.0
12.81140885 -0.2274301133 0.0
-14.99146404 -22.47915516 0.0
1.321289035 -1.214771003 0.0
0.0003848769054 -4.635067752 0.0
16.56162592 -2.561675438 0.0
11.87064597 3.321782867 0.0
-2.020957492 9.506450118 0.0
-4.699209215 1.762722908 0.0
-8.843457697 2.070463172 0.0
-0.3275864735 -0.8075094585 0.0
5.372198986 -3.175111867 0.0
-15.22754491 -14.05349107 0.0
26.2804427 -4.131116274 0.0
-8.401253431 11.91228431 0.0
22.25854993 -6.070139747 0.0
-8.846896974 -14.26316114 0.0
-2.874471219 -4.47915975 0.0
0.9007865357 0.3792972777 0.0
-0.2483150444 2.170208781 0.0
-6.983106173 -4.339851937 0.0
-6.583436311 2.41490164 0.0
-6.232602079 2.164992209 0.0
-12.42944337 -22.34528285 0.0
27.1451117 4.83811634 0.0
22.85064527 4.062356483 0.0
14.01788326 -2.59959119 0.0
11.68197531 -2.815895723 0.0
19.57122406 -9.594354162 0.0
6.447377285 -9.154538949 0.0
-9.020337835 14.42196826 0.0
-1.895416747 6.684906189 0.0
0.1951674497 -0.4220087793 0.0
-14.41252108 -16.01035158 0.0
-8.406393616 2.507292788 0.0
-7.708214039 2.504096462 0.0
15.83998778 -5.217337933 0.0
10.76222537 4.572245074 0.0
16.02655986 -0.7481850524 0.0
13.20396677 -0.4942043427 0.0
6.746181848 2.467038747 0.0
5.880524918 -4.25420143 0.0
1.272063285 -0.6996112755 0.0
1.170557246 0.3061788746 0.0
1.268318405 0.1694668075 0.0
1.334348021 0.1092050514 0.0
1.233227794 0.150192237 0.0
1.597473712 0.01343585881 0.0
1.62997713 0.17958286 0.0
1.373701627 0.04888543273 0.0
-0.2004951078 -2.01488878 0.0
-7.371416666 3.410607216 0.0
0.8519353396 1.788430736 0.0
-4.078086602 2.422143225 0.0
2.843518338 -1.128530158 0.0
0.3308876418 3.967473865 0.0
0.6416573898 -7.232625335 0.0
-0.560592363 3.023206765 0.0
1.649263725 -0.2183416352 0.0
1.366805898 0.1922276412 0.0
8.30756705 1.255712049 0.0
1.425530847 0.8983314119 0.0
1.320786789 -0.4226216293 0.0
1.38972298 -0.2701066295 0.0
1.401919227 0.09514742216 0.0
1.322819962 0.0875877068 0.0
1.362602228 0.07687722419 0.0
8.328983675 0.8882895984 0.0
1.67092892 0.8735981654 0.0
1.693471908 0.9764899192 0.0
2.180234954 0.8596897538 0.0
1.498830735 -0.1211966466 0.0
1.275733697 0.0003540452349 0.0
16.40454395 -14.83472734 0.0
21.30988709 11.32297266 0.0
-6.666357641 0.8376802442 0.0
-6.3931781 4.406149386 0.0
22.50269599 11.90666621 0.0
-2.559036043 -0.1455985336 0.0
10.35575939 -5.630561276 0.0
-9.883174488 -2.819519232 0.0
-5.819243065 -1.362556497 0.0
-3.39007591 -0.9144865523 0.0
-5.994766556 -2.545555214 0.0
-5.505473464 0.1086305637 0.0
-2.768120541 -0.4677951743 0.0
-2.658824159 -0.3674391548 0.0
-2.689652134 -1.149101676 0.0
-2.601074588 -1.500469132 0.0
1.231484178 1.050719257 0.0
18.20370623 -2.926092185 0.0
1.621427135 7.283767339 0.0
0.2429870837 3.444730025 0.0
-0.8617049582 2.744463058 0.0
-1.306890337 2.624325629 0.0
-2.918098587 -2.595005158 0.0
-2.755529523 -1.933731187 0.0
-2.739684396 -1.12405171 0.0
-3.943083916 2.508976414 0.0
-3.526705825 1.550954122 0.0
-3.117127328 0.6047124904 0.0
-2.882129132 -0.3091034839 0.0
-2.914706046 3.820649057 0.0
-4.655083276 4.206583848 0.0
-4.692191122 4.803732134 0.0
5.65708742 0.9005800308 0.0
11.2891272 -2.367842315 0.0
20.1555839 -2.249306556 0.0
28.24867869 11.24360344 0.0
25.71997911 9.354240868 0.0
-6.324253401 -1.238243638 0.0
-3.828609265 -1.515167705 0.0
-5.251947842 -1.026333008 0.0
-5.483069472 0.6035442498 0.0
2.350110541 5.54325227 0.0
-0.2091916367 2.516292799 0.0
-3.816231468 2.323628423 0.0
1.272537643 3.656663156 0.0
1.869135179 1.657177174 0.0
-3.028456145 4.080455756 0.0
-3.03937276 1.200989957 0.0
-3.245165667 1.94330043 0.0
-3.278053186 2.145692178 0.0
-3.624748566 2.832264266 0.0
-3.176160006 1.603031655 0.0
-3.393285887 2.001208357 0.0
-2.62599094 -1.019052059 0.0
-2.619189757 -0.3832493331 0.0
-2.545651707 -0.8703711433 0.0
-0.1364111322 3.166585747 0.0
-1.168345079 3.660396036 0.0
-5.851532384 -0.4682939382 0.0
-5.13282515 0.9317918684 0.0
-3.95240284 1.798924401 0.0
-2.870741584 1.744127883 0.0
0.2047974704 2.125727198 0.0
-0.09251027292 3.093888867 0.0
-1.278751236 1.369459857 0.0
1.974016809 9.194718519 0.0
3.339091841 9.505803617 0.0
-2.489550614 -1.446552214 0.0
-2.51086063 -1.807759669 0.0
-2.761210716 -2.118787704 0.0
23.46807056 5.531966523 0.0
-1.816678834 3.579161707 0.0
-1.121381392 2.846525592 0.0
-4.078167579 3.833068508 0.0
-3.568158184 3.649070273 0.0
-2.800726909 3.355131226 0.0
-5.320189009 5.579467835 0.0
-1.745264243 3.313084723 0.0
2.858031058 4.79375373 0.0
4.864265818 7.614226668 0.0
-0.6090796897 3.663383611 0.0
1.836475436 0.2898711639 0.0
1.567688725 2.885856623 0.0
2.165249041 0.8245892456 0.0
1.457331263 1.576533989 0.0
-2.70859241 -2.444147094 0.0
-2.731075987 -1.716305803 0.0
-2.730199194 -1.738370372 0.0
-2.772238976 -0.8971483244 0.0
-3.040785389 0.04113653275 0.0
-2.786787615 0.3593898361 0.0
-2.701056615 0.4103755379 0.0
-2.938048217 1.01306136 0.0
-4.235394918 2.938416872 0.0
-4.154602838 3.501273873 0.0
-4.864114333 4.067442355 0.0
-3.491483467 4.135086332 0.0
20.27717559 -1.939776058 0.0
24.14053865 6.084433276 0.0
-5.522157721 -0.8407412908 0.0
-5.667298539 -0.7447123236 0.0
-4.667839197 1.171214459 0.0
-3.025616839 2.86696281 0.0
-8.813613692 -4.809767049 0.0
-6.526366211 -1.580043883 0.0
-6.847214446 -1.855155511 0.0
13.59088311 6.840292399 0.0
-2.224439192 -0.3750230319 0.0
-3.722215068 -2.590092466 0.0
-2.906642737 -0.3716661954 0.0
-3.518484331 0.1702544202 0.0
-2.507363158 0.06297929845 0.0
-4.591635843 0.4780281196 0.0
-5.787344019 -0.3984538306 0.0
-4.608293027 1.019773379 0.0
-4.140070642 1.03642188 0.0
-3.281777187 0.5712024035 0.0
-3.535481636 2.79221097 0.0
-3.11325475 1.356162237 0.0
-4.022924305 3.258863997 0.0
-3.034351054 0.9906552718 0.0
-2.738643754 0.5103364226 0.0
-2.547973594 -0.2545966165 0.0
-2.364966781 -1.677888329 0.0
-2.284474595 -1.31055343 0.0
-2.322406153 -0.9883478685 0.0
-1.496860801 -0.07494493079 0.0
-0.9344852796 1.662496605 0.0
2.393601689 10.08236586 0.0
-2.682384268 2.958226144 0.0
0.3791385939 4.808555829 0.0
-1.633770256 3.951095721 0.0
22.0123677 5.062713408 0.0
19.54975492 -1.430352808 0.0
6.581546428 -1.16390491 0.0
1.588280205 1.23435843 0.0
-3.35585372 2.145730821 0.0
-3.250046117 3.235347015 0.0
-2.931842809 3.533494778 0.0
-1.574472905 3.415134084 0.0
-1.884973204 3.035959259 0.0
-2.50954707 -1.432509281 0.0
-2.550303474 -1.882977062 0.0
1.351969868 1.396272258 0.0
1.233414004 1.292809266 0.0
1.457347803 0.6117438933 0.0
4.090391049 6.671460801 0.0
5.895635782 7.741785133 0.0
5.66280932 6.816561287 0.0
-2.727564755 -0.6113674017 0.0
-3.475095227 1.017904436 0.0
-3.103108329 0.2304413457 0.0
-3.985687704 1.921359061 0.0
-5.761633857 6.017694604 0.0
-4.633170958 3.72753027 0.0
20.54650711 -1.360335895 0.0
25.79098925 8.313192896 0.0
24.92633696 6.544641547 0.0
22.77419193 5.073552596 0.0
25.44118882 6.582886977 0.0
-6.808582886 -2.448565387 0.0
-3.450483218 1.160132743 0.0
-1.660717249 0.6653552002 0.0
-4.64243724 1.482352201 0.0
1.1969725 2.544601609 0.0
4.416410409 4.98600608 0.0
-1.391003948 3.025034893 0.0
19.65015185 1.390473753 0.0
-8.035262307 -7.910982692 0.0
-4.690236653 -7.035861053 0.0
1.473374558 1.175034489 0.0
1.838036287 2.421131989 0.0
1.709662878 11.07248741 0.0
4.551502623 8.706463569 0.0
-3.51833392 1.013101244 0.0
6.291994176 0.7518286453 0.0
2.557572286 -7.024573366 0.0
-3.154533834 -5.39473284 0.0
2.169233632 2.163287163 0.0
17.86709767 2.346381475 0.0
-2.661063862 0.1333576497 0.0
-2.942084847 0.5661118811 0.0
-2.981698646 0.3463072528 0.0
-4.117375306 0.4813385256 0.0
-3.866686488 0.2439845071 0.0
-3.175192231 -0.182265953 0.0
3.018595848 3.613959096 0.0
-2.374116915 -1.00497798 0.0
-2.394232291 -0.508125734 0.0
-2.817782247 0.4900289306 0.0
-2.153232899 -1.381157373 0.0
-2.467703745 -1.471431524 0.0
18.99875521 1.823905082 0.0
-2.590435035 4.355669412 0.0
-4.494023652 4.656537563 0.0
-1.721220375 -0.6538177305 0.0
-2.404149281 -0.6233902837 0.0
-1.511296696 2.815805762 0.0
-2.3660685 -3.137401376 0.0
-0.5269079577 0.9448363019 0.0
0.9632646024 0.8580342762 0.0
1.138994233 0.7436021851 0.0
1.113498767 0.6551133546 0.0
1.129353224 0.8088257397 0.0
1.241354442 0.8903011956 0.0
5.274653628 6.618770156 0.0
1.847748788 1.323091001 0.0
1.489480275 0.9315676255 0.0
1.691478477 0.8701430305 0.0
1.100291293 0.3178060376 0.0
-2.875286942 -2.12601559 0.0
-4.431568327 -0.4194763035 0.0
19.0903974 2.403864752 0.0
21.67920322 2.754790964 0.0
20.50763191 -0.2260960269 0.0
-6.002229671 3.665050508 0.0
-6.51998759 5.768834053 0.0
-5.468446476 3.9772743 0.0
-3.965034697 3.083757929 0.0
-4.033973473 3.148276412 0.0
-3.72001564 1.730377429 0.0
-3.165430204 0.5873891405 0.0
-2.726148787 -0.3516783205 0.0
-2.169457756 -1.391081944 0.0
-2.002940574 -1.800896221 0.0
-1.587725328 -2.794840886 0.0
-1.309180943 -5.631761357 0.0
-2.460633818 -7.945303347 0.0
-3.13809421 0.7237052839 0.0
4.253288213 1.692777328 0.0
6.787810913 6.812846386 0.0
7.079196597 5.502127389 0.0
6.14973633 3.534832882 0.0
-3.73084278 -2.849998314 0.0
-3.372292327 1.399805511 0.0
-1.664190597 0.2828634407 0.0
-1.679500308 -0.7819377358 0.0
-3.226352578 1.15877009 0.0
-3.227914098 1.53915211 0.0
-3.160132391 1.970862955 0.0
-3.032200557 0.6861735497 0.0
-4.756005935 4.848210157 0.0
-4.03750465 2.778926201 0.0
-1.227440081 3.508150219 0.0
-2.520031953 2.778794425 0.0
1.094455592 3.806836926 0.0
18.11768822 -1.673689765 0.0
17.53063697 2.203660404 0.0
1.551593598 0.7681828967 0.0
8.255599738 4.798143264 0.0
-3.297767718 0.4777270569 0.0
-3.244941463 0.7311816294 0.0
-1.005585123 0.1381402295 0.0
-5.258675028 -3.073241352 0.0
-5.469008693 -1.111207899 0.0
-1.391885356 -0.1118205692 0.0
-1.816768453 0.3840773539 0.0
24.87395642 -3.021955732 0.0
25.59135548 6.454813943 0.0
22.93300422 -7.913536809 0.0
-2.96629904 0.1060350872 0.0
-2.856540287 -0.1717365892 0.0
-2.683301575 -0.8706533242 0.0
-3.163455418 0.67399411 0.0
-3.152164973 0.8252326116 0.0
-3.25096683 -1.241946328 0.0
-2.605056523 -1.867464056 0.0
-2.317167561 0.1438098339 0.0
-2.038804586 -0.2105598039 0.0
-1.555158345 0.6490603476 0.0
-3.532453375 2.165663276 0.0
-1.707898638 3.178206087 0.0
-5.214211296 3.23865041 0.0
-2.33200417 -0.9473674382 0.0
-2.888461756 0.4657719328 0.0
-5.086895344 2.844966941 0.0
-6.988209181 4.328252462 0.0
-7.874022201 5.10314199 0.0
-2.486050975 -2.421681728 0.0
4.772266543 4.22964666 0.0
5.989367976 1.759244007 0.0
0.3497011601 0.8097495185 0.0
0.780317747 0.6025419464 0.0
-2.15368594 2.870859699 0.0
-0.4214414665 0.557112795 0.0
-2.161311257 -5.424277993 0.0
-1.39888099 -0.1967589796 0.0
1.233977796 0.4837169747 0.0
1.278112056 0.6075954154 0.0
1.315454983 0.6814282104 0.0
4.678074425 4.610602946 0.0
3.349061193 4.426291953 0.0
1.867152653 0.7150905628 0.0
1.651718218 0.6129570226 0.0
-2.058758088 -1.150727897 0.0
-3.976528391 1.92933234 0.0
-3.155085681 0.5619804244 0.0
-6.339108164 4.3537232 0.0
-7.438880786 4.457254486 0.0
22.36925912 0.02733213664 0.0
20.08922413 1.225648949 0.0
18.97899283 -3.917395903 0.0
11.12651442 -0.5671585525 0.0
-2.232527564 -3.555089031 0.0
-5.024676905 -1.238291971 0.0
6.820133189 5.694542887 0.0
8.572797432 2.727784812 0.0
-3.177529056 1.043495185 0.0
-2.930725972 2.449428504 0.0
-2.248912197 2.431814638 0.0
-1.893326355 2.323939767 0.0
-2.975431594 1.429495282 0.0
-3.75790329 -7.36307985 0.0
0.491905299 1.173148621 0.0
1.470029192 0.7981567197 0.0
1.468989467 0.5269722612 0.0
-4.033897152 -1.614216143 0.0
7.136051646 -1.286478697 0.0
-2.426771111 -0.5714686914 0.0
-2.849313596 0.8996935926 0.0
-3.337513443 0.4260235675 0.0
-3.39918634 0.3988954216 0.0
-0.5718084516 0.1302596719 0.0
-2.768440134 1.797367066 0.0
-2.559553384 1.213301629 0.0
-1.479405119 2.743885385 0.0
0.6852477831 1.444549316 0.0
12.52830248 6.250402863 0.0
23.8591067 11.34234671 0.0
24.55963919 9.360702352 0.0
16.81856525 2.188495818 0.0
26.8180838 -7.037506728 0.0
24.72563182 4.421651686 0.0
-2.618366742 0.4170893905 0.0
-1.786091727 0.2429914417 0.0
-2.112435651 0.1338204843 0.0
-2.396585994 -0.1995044988 0.0
-2.731094228 -0.5777584227 0.0
-2.804024567 -0.4618754389 0.0
-6.513212795 5.219984966 0.0
-7.396635761 5.658234187 0.0
-5.327371403 3.564543199 0.0
-4.117059007 1.344952687 0.0
-2.351449675 -1.367777919 0.0
-3.516296924 0.7759719945 0.0
-2.892908442 1.063592856 0.0
-3.478962131 1.090918229 0.0
-2.462032794 1.059562837 0.0
-2.037940993 0.8911683303 0.0
-1.129709009 1.464681153 0.0
-1.760304704 -1.697094382 0.0
-1.011134388 -0.2124327597 0.0
-4.38223496 1.902754853 0.0
-7.57612541 5.630128394 0.0
1.142419745 0.5043699478 0.0
2.578281781 2.290703343 0.0
0.6194293524 0.3133584038 0.0
1.03762995 0.3892101605 0.0
1.229543455 0.3984750595 0.0
1.646464344 0.7207788579 0.0
1.560630175 0.5632880436 0.0
1.602524318 0.5809614283 0.0
1.657158915 0.59403808 0.0
-0.3824459666 -0.2737965037 0.0
-0.7960084586 -2.982531774 0.0
0.06038728794 -4.411415802 0.0
1.366996826 -6.792522069 0.0
1.686922133 -6.013240138 0.0
0.1146188003 -5.7269615 0.0
0.140082906 -6.739514362 0.0
-0.9393313069 -2.492565729 0.0
-1.097263006 -1.746744782 0.0
-2.742942743 0.0818028246 0.0
-3.588000519 1.585494568 0.0
-4.349776426 3.187852825 0.0
-4.978884838 3.267385529 0.0
-7.190368569 5.853301198 0.0
-7.01759831 4.403335706 0.0
-8.658392472 5.625803584 0.0
4.076841027 2.40034513 0.0
19.24569486 1.639731863 0.0
-4.465023049 -0.6318040279 0.0
26.57288929 -8.602806765 0.0
5.988456269 -0.5153559054 0.0
1.198969077 -4.203754077 0.0
1.167738869 -2.592274276 0.0
8.458084365 -1.031114534 0.0
6.097576005 3.79223377 0.0
7.957701673 3.409241339 0.0
8.8980111 1.554778373 0.0
-1.506088055 -0.02600520145 0.0
-0.4598924516 0.3814138412 0.0
-2.180307984 1.648548206 0.0
-2.280214807 2.009241422 0.0
-2.072755158 1.769107543 0.0
-3.158163427 1.274020592 0.0
-1.451747585 -1.898728896 0.0
-3.571322655 0.3354814479 0.0
-5.935882088 4.849637279 0.0
-1.495483049 -0.03737747906 0.0
-3.360000033 -0.8269770296 0.0
-3.89908755 0.242733913 0.0
-0.7057324128 0.6571165801 0.0
3.483017312 1.80509251 0.0
19.71298106 8.506413187 0.0
25.09617808 11.59072644 0.0
-2.46784379 0.5549467453 0.0
-1.225665738 0.7208754367 0.0
-3.553627995 -2.730526611 0.0
-2.505365306 -3.173959171 0.0
-0.7302344919 0.3073540932 0.0
-1.555875125 -1.977841602 0.0
-9.010876388 6.476185419 0.0
-9.002349436 6.455848378 0.0
-7.83138152 6.017523416 0.0
-5.76094064 5.460326687 0.0
-8.712871638 6.380372142 0.0
-3.324091081 1.439415343 0.0
-3.918702463 0.8993963728 0.0
-3.006849376 1.673685055 0.0
-2.468641732 1.842004066 0.0
-8.800932862 6.390277029 0.0
-3.839923692 0.4511334815 0.0
12.88648706 0.3058130672 0.0
20.27656262 -7.58615519 0.0
26.91867095 -8.691081989 0.0
28.27598854 -8.456137488 0.0
-0.311142001 0.4457133216 0.0
-1.832939001 2.087551594 0.0
-1.453963541 2.082029041 0.0
-3.393123994 0.07525760995 0.0
-3.035280149 -0.002339124736 0.0
24.14496987 -7.470193412 0.0
10.68676093 -5.690901673 0.0
-2.189299036 1.614055982 0.0
0.1289891645 -2.532495167 0.0
0.8545698483 -3.987885409 0.0
1.60497774 -4.210428897 0.0
2.519695377 -5.768779079 0.0
2.088288876 -6.083242834 0.0
1.012421023 -3.932624717 0.0
0.5084382313 -0.7531202845 0.0
0.4636031964 -0.2601016102 0.0
0.6860103849 0.1382792231 0.0
0.9152599937 0.359216739 0.0
1.106245581 0.3990611953 0.0
1.357687533 0.4250773239 0.0
1.595265819 0.4072273912 0.0
1.701101431 0.3627137444 0.0
1.817174037 0.3785431852 0.0
1.619957029 0.689270279 0.0
1.723936566 0.5588015188 0.0
3.757427273 2.438762782 0.0
1.975225515 0.6182300576 0.0
2.800154747 1.044521707 0.0
-3.550079377 1.556731656 0.0
-3.181299082 1.371978641 0.0
-6.816703014 3.899115734 0.0
-3.489274356 0.5107370394 0.0
-6.120968116 5.96548496 0.0
-8.957939449 5.93980109 0.0
18.1443861 -1.200584687 0.0
-1.860370798 -2.103646282 0.0
21.41659707 1.052161755 0.0
4.25157087 -0.6385847972 0.0
5.283540483 -3.248734208 0.0
3.365580259 -4.736383485 0.0
-4.70369241 1.076151495 0.0
7.685473926 -1.482625191 0.0
5.668434292 1.783150489 0.0
7.265676607 0.6610523316 0.0
2.287302091 3.011457873 0.0
-7.748535668 5.889476679 0.0
0.7687131877 -3.653953604 0.0
-8.254118996 6.021377924 0.0
-7.872150383 4.852665817 0.0
-7.07974554 3.614168622 0.0
-4.592914696 0.7929363435 0.0
-3.369620325 0.2202452877 0.0
-1.902028096 1.837299567 0.0
-1.982864185 -0.1251409063 0.0
-0.8144596923 0.3672240568 0.0
7.05714792 0.3307090724 0.0
-3.813811033 -0.9307124803 0.0
6.313130854 -3.691981192 0.0
0.1696123886 -1.302127927 0.0
-0.9898367337 0.08617138298 0.0
-1.106311869 0.4041275276 0.0
-1.092247899 1.803261048 0.0
11.47064717 4.551387829 0.0
-3.838463559 -1.270342047 0.0
17.31392805 -1.658752887 0.0
28.70652903 -8.63967165 0.0
0.1210542006 0.0639344826 0.0
24.28502274 10.25210607 0.0
25.62444235 11.50519425 0.0
23.85694038 11.39216624 0.0
11.82133209 7.859579617 0.0
5.309677463 -3.245254534 0.0
16.74524731 -6.410697791 0.0
-3.641889048 0.1976384395 0.0
-4.675871491 0.758259577 0.0
-4.683869552 1.576225968 0.0
-3.466686508 1.99840903 0.0
-3.726078818 2.473713959 0.0
-3.726399126 1.625898374 0.0
-0.5166719909 0.7949572221 0.0
-1.472562555 1.665048109 0.0
-3.406777804 1.986235503 0.0
-6.204506243 1.323406441 0.0
-5.16175578 1.668738125 0.0
-7.459170156 1.933522244 0.0
-0.3540763543 -2.59123139 0.0
-2.98584754 2.188223411 0.0
1.440819482 -1.184804023 0.0
-4.040526256 4.262088531 0.0
-7.543588188 5.019278308 0.0
-9.507272533 6.661994029 0.0
-8.622995626 5.715542594 0.0
-6.905890281 4.457977568 0.0
-8.557411333 3.43132178 0.0
5.864060426 -1.493532061 0.0
5.593715556 -3.201965365 0.0
4.377901849 -4.049798374 0.0
-5.09283568 -1.119282811 0.0
2.93435171 -3.545297292 0.0
3.837293334 -1.32847359 0.0
13.03479368 -2.947885719 0.0
15.93563224 -5.329365412 0.0
4.636470322 -0.5012638671 0.0
-7.897267616 3.438487501 0.0
-6.801578452 3.837946369 0.0
-0.3345396746 3.864489197 0.0
-5.981480094 3.477481536 0.0
-4.540701001 2.994124644 0.0
-2.095018086 0.6420470498 0.0
-2.725423153 0.4316254289 0.0
2.077423443 1.10450136 0.0
1.898807977 0.50614483 0.0
1.590598658 0.6581256498 0.0
-2.122531897 1.252611414 0.0
1.901414738 -3.574019541 0.0
3.221652934 -5.611877118 0.0
3.431367267 -6.3352171 0.0
2.543497365 -5.024619107 0.0
1.732194693 -2.504176921 0.0
1.464722802 -1.029448684 0.0
0.5482809902 0.02959864881 0.0
0.7189765172 -0.07493825675 0.0
1.028200874 -0.5880491298 0.0
0.7834439834 -0.3399380251 0.0
-3.108972624 0.6508848722 0.0
-3.248701462 -0.9304922717 0.0
-4.97255179 3.754496204 0.0
-2.040822079 0.1430244104 0.0
29.37855447 -9.473711666 0.0
1.237192819 -2.250805338 0.0
29.53565377 -8.557989856 0.0
25.39104421 -8.302875808 0.0
0.4812775456 -1.626391805 0.0
-1.85041906 1.643680489 0.0
6.625707926 1.129957761 0.0
19.90017924 6.582333861 0.0
23.13181987 -7.566147013 0.0
-2.451384953 -0.3748758141 0.0
-1.634522611 1.442967807 0.0
8.371302153 3.555413848 0.0
-1.287559432 0.9951611484 0.0
-3.317822535 -0.2024942725 0.0
-2.433692973 -1.120417778 0.0
-2.899871452 -0.8044143991 0.0
-3.307803964 -0.3743990357 0.0
21.14509977 8.919201846 0.0
26.25710839 10.75953404 0.0
24.54623847 10.58615162 0.0
28.24257683 -8.844757173 0.0
13.0690327 5.75280706 0.0
-2.115256406 2.180193002 0.0
-3.94287603 3.618209955 0.0
-6.378974191 4.032870289 0.0
-8.73135565 3.221026418 0.0
-4.378220013 0.0915169813 0.0
-5.740635388 2.986221911 0.0
-7.680268661 3.840467204 0.0
-5.006797205 4.366729669 0.0
-8.955138564 4.238928204 0.0
-2.534419637 3.612297323 0.0
-0.4292394721 2.439199773 0.0
0.2130518547 0.4281739368 0.0
0.8492510437 -2.067119366 0.0
0.9595616436 1.470034309 0.0
-0.603924413 -1.694114806 0.0
-7.102412504 1.952559857 0.0
-3.830813493 -0.3045638618 0.0
3.833800356 -4.670153337 0.0
-2.22861764 -0.231668804 0.0
-0.1674965854 -2.790797838 0.0
-5.17086662 3.173797441 0.0
-1.272462202 -0.7441279722 0.0
-4.213798025 3.138174457 0.0
-1.472924248 1.052481073 0.0
-5.43620359 0.4003537586 0.0
13.36728047 -6.472772174 0.0
3.956741169 -1.837989341 0.0
3.930223318 -3.131044541 0.0
3.936026768 -1.533618391 0.0
5.071823575 0.07368077095 0.0
2.12277737 0.03037539434 0.0
2.170622002 -0.02688560368 0.0
1.841728017 0.3422668535 0.0
1.508770422 0.4354168891 0.0
1.77024225 0.4698690051 0.0
1.127959517 0.3589470272 0.0
1.277546127 0.4083538084 0.0
0.8346287362 0.1817288783 0.0
0.7307723613 0.1229751768 0.0
3.692295462 -5.850505197 0.0
2.834684595 -3.678181704 0.0
2.163539754 -1.207386484 0.0
1.844963416 -0.3881112152 0.0
1.434551967 -0.2899184951 0.0
1.235333841 -0.1455323333 0.0
1.379123115 0.4586268113 0.0
-3.362128696 -0.4643749337 0.0
-3.982678442 -2.393339441 0.0
-3.384916073 -2.203979296 0.0
-1.814528056 0.5720909425 0.0
-7.744279696 5.670926362 0.0
1.605511924 0.4203698696 0.0
2.6181802 -2.058676383 0.0
1.18791793 0.1203338527 0.0
1.100345329 -0.03952240172 0.0
0.9772157417 0.2597493672 0.0
1.265588412 0.0472118045 0.0
1.975992457 0.1567037781 0.0
4.343465961 -6.153798952 0.0
-9.488657097 2.364157141 0.0
-9.25358512 2.092654968 0.0
-8.926736411 5.908005767 0.0
-1.938196999 0.3442983825 0.0
-4.425866565 4.55882079 0.0
-3.864201435 -1.33406758 0.0
-5.175870574 -1.466520586 0.0
-7.199289653 -0.7132347826 0.0
-7.326371263 0.6159671728 0.0
-10.9038825 2.707876154 0.0
-4.233438319 2.117485936 0.0
-4.762282694 3.073104392 0.0
29.68494407 -9.260711399 0.0
13.37292529 -3.039536728 0.0
13.1269473 -1.347005615 0.0
25.57284783 11.56489437 0.0
-7.642323357 5.101937466 0.0
25.98966259 11.14869465 0.0
1.923940671 -1.914145806 0.0
4.979448039 -4.853577692 0.0
2.342549376 -0.6670204548 0.0
2.588345375 -1.225593149 0.0
2.842448023 -1.803715619 0.0
3.116063627 -2.172347576 0.0
3.566919562 -2.41320411 0.0
3.944842126 -2.084033186 0.0
7.632871307 -2.587095413 0.0
11.57636423 -5.143849848 0.0
6.127462463 -3.702781653 0.0
-2.677529228 -1.047371475 0.0
-2.999088473 1.914066297 0.0
-5.211821207 2.586010623 0.0
-2.029762502 3.035349046 0.0
-0.5109320301 3.476643955 0.0
1.626610036 1.729200886 0.0
-1.279554972 1.496666947 0.0
6.598545092 -4.183552657 0.0
2.500541885 -0.2958348093 0.0
2.08608227 0.02108427631 0.0
2.180856688 -0.1031950024 0.0
-2.639540903 -0.4441144873 0.0
-3.897199824 -0.634805442 0.0
1.299608449 0.1483317712 0.0
1.378220349 0.1861893236 0.0
1.436732963 0.2006930267 0.0
1.495701164 0.2195756437 0.0
1.62602432 0.2555529326 0.0
1.399693849 -0.007713851039 0.0
2.116314729 0.009728242586 0.0
0.5136963711 0.1028642775 0.0
-3.791226293 -0.1787246343 0.0
-0.8934070403 -0.6635932205 0.0
-11.18631536 -1.083323545 0.0
-11.41306204 0.9393816718 0.0
25.16212983 9.244855254 0.0
20.10091773 7.215098043 0.0
5.773640887 -0.06578352691 0.0
-10.31735704 2.636266217 0.0
-10.62956031 3.765203344 0.0
-10.21824411 5.095311666 0.0
-6.970346419 5.879991237 0.0
-8.648883948 2.115094162 0.0
-9.374217247 1.724340197 0.0
2.227609799 -0.3217781529 0.0
2.014044027 -0.6106913196 0.0
2.028259365 -0.1063976115 0.0
1.408554138 0.1498372185 0.0
2.075838328 0.2874157837 0.0
1.492551292 0.1719888612 0.0
1.725802742 0.2975541144 0.0
1.571978686 0.03459844208 0.0
-0.7179427182 0.8177182072 0.0
-1.800635024 0.681282798 0.0
-1.223872981 2.053817676 0.0
-0.2255357431 -0.06450027935 0.0
5.410903509 2.635331468 0.0
5.995886746 3.227057179 0.0
-1.140665796 0.07457745826 0.0
-3.065604566 -0.456327119 0.0
-2.650860931 -1.124501332 0.0
-2.984217521 0.09565787544 0.0
-3.224571697 1.699784486 0.0
-2.427374514 3.45748519 0.0
27.89887929 11.20087589 0.0
26.86446072 9.262991377 0.0
22.7411616 6.131040691 0.0
9.243948751 -0.358619132 0.0
-0.2094381886 -2.559034497 0.0
-0.1647292159 -3.029063408 0.0
-0.2143720469 -0.9304286642 0.0
-1.84574256 -0.03407722599 0.0
3.020295703 0.05217040879 0.0
-1.664303009 -1.624383518 0.0
11.61012287 -0.08735926061 0.0
10.33160272 0.4521769756 0.0
16.56043955 -2.756945973 0.0
23.06300308 -6.917555964 0.0
29.122001 -9.296183267 0.0
31.71301529 -10.49824857 0.0
-7.467009561 4.004893309 0.0
-8.361551868 4.775729632 0.0
-9.260537114 4.986678803 0.0
-10.29009004 4.764382546 0.0
-11.77439347 4.200802777 0.0
-13.49920932 3.14263021 0.0
-9.671355003 3.684024433 0.0
-14.3396125 1.312990451 0.0
-13.83653258 -0.7952807865 0.0
-12.31532324 -2.671042035 0.0
-10.63155485 -3.96005884 0.0
-9.488711154 -4.461091384 0.0
-9.083449714 -4.765258093 0.0
-7.525020025 -5.423379847 0.0
-4.142432176 -2.216475485 0.0
-7.163673327 6.665423582 0.0
-8.669988917 7.686726761 0.0
-9.970768351 6.706571328 0.0
-10.03886193 5.01249688 0.0
-8.852869214 3.718565375 0.0
-7.651373787 2.670194321 0.0
-7.096289192 1.527993809 0.0
-6.624121787 0.5265633592 0.0
-9.796250731 1.914313294 0.0
-5.242062928 -0.1082602708 0.0
1.135068805 0.06754031513 0.0
1.837622239 0.108641376 0.0
1.575621564 0.1786065913 0.0
1.730471706 0.1516746314 0.0
2.232345899 0.3912465325 0.0
1.369237682 0.1259418645 0.0
1.286536368 0.04063305367 0.0
1.277686056 -0.007108020463 0.0
1.199024664 0.04698291939 0.0
1.17081149 0.09616218351 0.0
1.214098105 0.1949883654 0.0
1.217163642 0.1094960977 0.0
1.906044267 -0.9879282474 0.0
1.918845679 -1.311653448 0.0
3.257632252 -0.6314118343 0.0
2.081441564 -1.593457606 0.0
24.41460944 -8.497062928 0.0
2.811028116 -1.924313308 0.0
3.606451745 -2.118290961 0.0
9.662141697 -3.023161446 0.0
6.330830249 -1.947793015 0.0
10.55767011 -3.107495661 0.0
5.58671263 -2.199524312 0.0
-0.6338922815 -0.8345166765 0.0
-0.3842122444 2.020553109 0.0
0.1082405632 3.217744605 0.0
1.595654135 3.990102818 0.0
3.788936086 2.254072996 0.0
-0.1750390608 1.143955576 0.0
1.905754379 0.1111260459 0.0
4.234437613 -4.937089995 0.0
5.156898492 -3.655852023 0.0
4.766161621 -5.898102419 0.0
-3.979518376 -4.822345234 0.0
16.52726337 -5.737082118 0.0
3.586421854 -3.054905586 0.0
-0.787238308 -1.314062934 0.0
-0.7625420188 -3.569223688 0.0
-0.7757306171 0.6623743818 0.0
9.171621529 1.170993266 0.0
3.81821241 0.1305139544 0.0
-3.414530646 -0.4847402156 0.0
-2.507100277 -2.491700315 0.0
29.67414734 10.51268585 0.0
-7.181887104 8.006128223 0.0
-9.798403025 11.06658355 0.0
2.040289991 -2.174784555 0.0
-0.875961196 0.9755145215 0.0
-1.570006491 -1.431586232 0.0
1.3821886 -1.507752662 0.0
24.87439741 12.55043464 0.0
24.63068082 6.454660994 0.0
3.154903727 -0.4101443986 0.0
13.15209946 0.8382213296 0.0
-6.309048218 1.697102628 0.0
-6.891734211 3.306017556 0.0
-9.037056876 4.933440184 0.0
-10.48374089 4.36618838 0.0
-6.740155034 3.923975688 0.0
-11.43446038 3.147096119 0.0
-13.83790356 0.5936053531 0.0
-12.44126774 -2.224082466 0.0
-10.89159436 -5.634063866 0.0
-10.70971425 -7.48267169 0.0
-12.19838119 -8.993515143 0.0
-11.03619749 -11.47900518 0.0
-8.515667988 9.35417163 0.0
-5.054259782 3.333718237 0.0
-2.930353061 2.616929181 0.0
-2.501635316 2.073178278 0.0
-2.625527989 1.548318416 0.0
-2.138174643 -0.7941856628 0.0
-1.081763713 -2.271994999 0.0
2.542720444 0.6460545539 0.0
12.61666111 -0.3654735905 0.0
14.44531737 -1.401048468 0.0
16.99937886 0.7312905591 0.0
26.8505793 -8.154964058 0.0
31.40845651 -10.80927485 0.0
23.71773471 12.87496421 0.0
-6.183704966 11.07159464 0.0
1.240989857 0.1080985036 0.0
1.225763714 0.07925389382 0.0
1.254490965 0.1008453468 0.0
1.271651486 0.1225481157 0.0
1.310811113 0.1501708523 0.0
1.407172645 0.1774111144 0.0
1.419457222 0.393384559 0.0
1.473684632 0.1758570432 0.0
1.596862664 0.1480657436 0.0
1.698049872 0.0970197736 0.0
1.3028373 0.0806562659 0.0
1.306149964 0.1445867445 0.0
1.54097055 0.187915296 0.0
1.431755742 0.3278251352 0.0
1.763550526 0.6271820046 0.0
1.768898013 -0.655698625 0.0
3.657296805 -4.845195285 0.0
1.802483961 0.05035124463 0.0
1.88140533 -0.0555992576 0.0
2.895419502 -3.575788382 0.0
3.233589652 -3.332105084 0.0
5.168877437 -0.8636711318 0.0
4.123489665 2.632110953 0.0
-2.860870018 3.003610231 0.0
1.797123007 3.305951353 0.0
1.309193387 0.5775162758 0.0
9.965832768 -0.4847154261 0.0
3.318242797 -1.632631203 0.0
1.502103406 -1.204129409 0.0
4.1509303 -2.619913194 0.0
2.048630742 -0.3301974905 0.0
1.741989925 -0.5181940941 0.0
2.153619597 0.5235042106 0.0
1.897100803 -0.194203282 0.0
-1.656121042 -0.1595242342 0.0
-1.911859042 -12.85806515 0.0
-7.45713792 4.05971218 0.0
-8.260367299 4.02801733 0.0
-2.307009957 -0.9903587017 0.0
26.32161805 -8.391763998 0.0
14.2258629 -0.2980321261 0.0
19.4361785 -5.934050548 0.0
30.10361715 -8.965521905 0.0
-2.496931772 1.156988984 0.0
-1.758143951 -1.640533846 0.0
9.790246253 0.3925872147 0.0
1.268412167 0.06437396288 0.0
2.157341116 0.60361917 0.0
-6.005959857 3.834349692 0.0
-3.909896924 4.489186397 0.0
-0.267484162 2.524815953 0.0
3.189306867 0.9587971044 0.0
-3.883678956 -3.350459327 0.0
17.8593093 -2.624724241 0.0
11.9956324 0.1515219482 0.0
-7.490677446 0.4082085049 0.0
-6.460005402 2.259964733 0.0
-9.104322927 -3.235288784 0.0
-1.330397106 3.483233973 0.0
-12.74466688 2.253474816 0.0
-9.09656984 2.183257169 0.0
-13.89698634 1.851335439 0.0
-6.073909332 2.477150037 0.0
0.6713872279 -3.973612774 0.0
-7.566489558 -3.236702674 0.0
30.78948684 -9.849545515 0.0
-5.980258724 -2.903841786 0.0
-2.557873176 -2.517702521 0.0
1.343441137 0.2072103857 0.0
1.34331099 0.195153436 0.0
1.315637315 0.3282926621 0.0
1.327976814 0.1061650436 0.0
1.35485721 0.1026782473 0.0
1.348718616 0.139866397 0.0
1.409338756 0.1587400934 0.0
1.229484313 0.4223371266 0.0
1.30734456 0.2704139707 0.0
1.375492393 0.5834020151 0.0
1.422024737 0.09678048511 0.0
1.356324401 0.1753525297 0.0
1.256068022 0.2621921509 0.0
1.323909361 0.1646643679 0.0
1.344084826 0.1004318128 0.0
1.362713368 0.08525769315 0.0
0.9227884868 -0.245715379 0.0
1.467927096 0.144740972 0.0
1.613340735 0.1060775639 0.0
-1.096668901 -7.268348352 0.0
1.703255049 0.02337864546 0.0
1.730505327 -0.1108783356 0.0
1.818206182 -2.345912273 0.0
2.455886745 -1.776714369 0.0
4.931130395 0.2440576175 0.0
4.551382269 -2.288702919 0.0
3.690499442 2.150582619 0.0
2.94815015 3.700126426 0.0
3.951002505 -1.795069188 0.0
2.028342913 2.394811102 0.0
1.425569397 2.160822608 0.0
2.275759833 1.177378551 0.0
4.893022914 -0.8176675481 0.0
8.964100071 1.715154805 0.0
6.397180888 -0.2746865774 0.0
3.62392734 -0.01547644267 0.0
2.160252399 -1.543426631 0.0
1.107367084 -1.046413235 0.0
1.495983532 -0.8431811013 0.0
1.856636465 -0.4197177045 0.0
1.597822314 -0.4618971127 0.0
3.100174665 0.5849134836 0.0
1.674573333 -0.2171360854 0.0
1.564355813 -0.8147405473 0.0
26.46522329 -12.49736985 0.0
20.02416225 -13.15337162 0.0
1.284922777 -5.732436027 0.0
20.11339727 12.73759437 0.0
-0.6650793342 2.129442898 0.0
-3.412804616 8.816828263 0.0
-6.734664161 6.039601613 0.0
-1.133462421 -2.011594202 0.0
-13.17402071 -14.52234149 0.0
-8.476179232 -10.87966375 0.0
18.49560818 1.524318139 0.0
30.62672329 15.24920625 0.0
-1.356853395 -5.935322919 0.0
8.381381421 -2.146810356 0.0
14.04074383 -6.312056743 0.0
-2.078018453 4.367818499 0.0
26.48901787 15.64841203 0.0
16.21440017 7.078790669 0.0
18.29328927 14.2582756 0.0
31.86317961 -14.20524468 0.0
25.00856273 -16.80556369 0.0
0.506546882 -11.13825047 0.0
-11.55336916 11.79490624 0.0
-15.0479849 9.918830924 0.0
-12.92726788 11.74912222 0.0
-4.752627973 10.97797625 0.0
-3.271310332 -2.264431244 0.0
-4.720852131 10.50438411 0.0
-5.810156539 10.85011017 0.0
-1.759549675 10.98148995 0.0
-1.622434863 6.343869905 0.0
0.2921288659 1.668223672 0.0
1.266446596 1.428733861 0.0
0.8588000193 2.590227788 0.0
1.873586061 3.573897379 0.0
-0.6387665533 3.998427527 0.0
2.51464361 7.581145964 0.0
2.938656066 3.321922797 0.0
2.038460455 -1.831051912 0.0
1.310959263 -1.227651993 0.0
0.3165361277 -2.173569969 0.0
3.427539088 5.546600207 0.0
-0.6382806041 -4.365162138 0.0
-0.9284092311 -4.766487834 0.0
0.08162415743 -9.969285812 0.0
3.720678828 -11.35132105 0.0
1.185703203 -8.397131541 0.0
0.8451869243 -2.67484181 0.0
-1.025122657 1.885584441 0.0
-3.850973876 4.344099931 0.0
-0.8799335439 2.339223151 0.0
-5.368125479 3.09658165 0.0
-4.544037148 0.981353656 0.0
-12.17799885 -12.64367239 0.0
-10.77763382 -15.21477503 0.0
-14.61228396 -17.97670533 0.0
-10.35905708 -17.79857032 0.0
-8.309861939 2.45713797 0.0
-4.079306227 3.551738439 0.0
-10.32865106 -2.558828581 0.0
-5.760644963 -2.919852382 0.0
-7.131087599 -3.656496247 0.0
-4.322604159 -2.468323703 0.0
-2.136184266 2.690279471 0.0
-3.743840581 6.556829258 0.0
31.26954841 -10.67446033 0.0
22.10852198 -5.122305435 0.0
14.51863447 1.271344187 0.0
18.23808161 -3.300120376 0.0
15.48764335 1.82493071 0.0
17.56145909 1.641959888 0.0
12.74351193 -2.122270205 0.0
16.0927367 -0.8879741453 0.0
2.360056 -0.2465086955 0.0
4.152164005 2.258380198 0.0
4.242942324 -1.451751343 0.0
25.05914424 3.567323258 0.0
30.42018203 13.32400486 0.0
15.39210556 2.838196091 0.0
17.16924346 2.324144382 0.0
15.42244344 -3.111118422 0.0
10.00868066 -5.653271337 0.0
9.008696401 -2.568617471 0.0
-9.469945582 -0.3461640981 0.0
6.834301659 -2.72603407 0.0
-5.889894827 -3.184854577 0.0
-2.738997727 -1.217958617 0.0
10.66324289 -4.281801822 0.0
1.102358335 -3.439868513 0.0
11.07946022 -1.809135171 0.0
6.601982155 1.316178994 0.0
-3.499567909 1.185311691 0.0
4.133985812 -2.550745899 0.0
-3.881129717 0.06669535236 0.0
0.5439642865 -1.460219598 0.0
1.99937216 1.510512616 0.0
1.973468885 1.722656205 0.0
1.301092784 -0.3980106412 0.0
1.504083976 -0.7093297636 0.0
0.9663016489 -0.6787741084 0.0
1.565329945 0.4045852272 0.0
4.175884104 0.943913471 0.0
2.341236017 1.623357837 0.0
7.458279029 1.984251041 0.0
7.982120398 2.24964449 0.0
1.69433496 -0.3607450628 0.0
1.5154897 -0.3373721458 0.0
2.473824478 1.249686753 0.0
2.891093111 0.6547537167 0.0
4.184352661 0.6879842992 0.0
2.70096192 -0.1354167917 0.0
3.775832619 -0.93003422 0.0
1.298038572 -0.6966910397 0.0
1.121025133 -1.2362956 0.0
1.953127305 -0.6493796174 0.0
1.07157993 -0.1607084612 0.0
1.088992951 0.6258076882 0.0
1.157169785 0.2145511188 0.0
1.22059758 0.2003098554 0.0
1.306203203 0.1501707655 0.0
1.293909974 0.1424668373 0.0
1.343599977 0.08636916682 0.0
1.315110202 0.1137634977 0.0
1.47691297 0.04370443473 0.0
1.412329016 0.06096981024 0.0
1.360219459 0.06394736803 0.0
1.31716611 0.07176250406 0.0
1.382861408 0.05693765576 0.0
1.774275148 0.2434997881 0.0
-7.648574925 4.776104594 0.0
-5.468991186 2.771712718 0.0
-7.443259091 2.066489823 0.0
-12.61968797 -22.53565157 0.0
-3.076958046 -21.67686451 0.0
0.3446934764 -5.065560937 0.0
-9.659247325 -22.85779253 0.0
-12.29067486 -19.67838071 0.0
15.17041757 -4.095484689 0.0
15.3711388 -5.544506515 0.0
25.66216017 -1.858653243 0.0
6.4262349 -2.454330924 0.0
7.512600697 0.6406518965 0.0
8.825981595 1.61485051 0.0
4.877380651 -5.045126183 0.0
0.5616043907 0.975421985 0.0
-0.329888966 1.417760213 0.0
0.2108104686 0.01614382494 0.0
19.49163042 5.785677586 0.0
16.86272691 -15.80232321 0.0
18.70608773 -11.75790759 0.0
-9.605363399 1.179921962 0.0
-9.181156499 3.769194952 0.0
1.581854868 0.6290817721 0.0
-0.3829593074 -15.67590883 0.0
-1.742227381 0.6291643035 0.0
-1.88267576 8.29452712 0.0
3.082974637 2.013437577 0.0
4.179382728 0.02979686335 0.0
5.30171841 0.2304520407 0.0
4.934117497 0.6724509322 0.0
1.21535179 1.259581639 0.0
-1.494904611 2.201003335 0.0
4.52640715 5.069682727 0.0
4.941533358 1.528611892 0.0
4.589341691 1.230266775 0.0
2.111945139 -3.169949813 0.0
-0.7851226039 -8.515746483 0.0
-0.1212464442 -1.851406429 0.0
-4.533577441 -1.362109602 0.0
-6.529141983 -1.950132009 0.0
6.163903355 -5.842872223 0.0
2.618067121 -8.197244636 0.0
5.441877766 -3.371635301 0.0
5.029716667 0.7576811342 0.0
2.26914801 0.4276927747 0.0
0.6510591688 2.087121355 0.0
3.547554665 -0.07003062449 0.0
3.089134718 0.07156737272 0.0
0.1239127702 -3.204362243 0.0
-1.845734287 -0.5727859939 0.0
-1.488584483 4.261990391 0.0
-3.524023478 13.65741962 0.0
-3.183181843 5.874196043 0.0
-5.609562136 1.215232968 0.0
-0.09327495669 -3.215311215 0.0
-7.015505524 -7.858387839 0.0
-12.04095311 -7.055144656 0.0
-8.581135474 -0.05772043352 0.0
-2.487131904 1.835600024 0.0
0.4483374314 6.697110788 0.0
2.837290946 2.050837515 0.0
3.905974572 -1.397605769 0.0
6.01301855 -0.9898318241 0.0
4.711732344 -0.05212590928 0.0
2.165102505 5.392464241 0.0
4.166696507 -4.712170909 0.0
-3.177670281 -15.1148831 0.0
-6.791905 -15.75915046 0.0
-8.611772572 -14.56347811 0.0
-7.903986032 -11.43565334 0.0
-5.131987646 -7.429674097 0.0
31.65321938 -13.67475175 0.0
31.41367075 -8.801869705 0.0
19.11183492 -10.27417583 0.0
19.98929077 -3.804380559 0.0
10.77291375 5.821680683 0.0
7.265234255 1.579468272 0.0
12.35636326 6.996779008 0.0
18.84871034 1.518912714 0.0
12.1443107 -1.162244722 0.0
14.58218144 -0.9507779526 0.0
0.05744640518 1.742175657 0.0
7.038928987 -4.53112626 0.0
7.635537285 -5.456828012 0.0
17.89218863 12.62929989 0.0
20.1082623 9.371268082 0.0
30.23836575 9.851979061 0.0
29.62275119 7.016695943 0.0
25.07942399 1.887049615 0.0
16.48701487 3.050643955 0.0
14.75081139 3.266002779 0.0
16.2369121 -3.21500746 0.0
8.646822914 -7.730146846 0.0
-2.173726115 -0.6397603643 0.0
-14.34654048 0.2364361066 0.0
-11.1565759 0.8480750671 0.0
-15.37024076 3.44994626 0.0
-1.605551734 0.2094758026 0.0
12.45358264 -2.24129894 0.0
5.165570092 -0.4620039108 0.0
-9.57341532 -2.118554485 0.0
-7.51030761 2.680218947 0.0
-8.641748083 2.936294639 0.0
2.716934048 2.732201178 0.0
2.066506669 0.4098088308 0.0
1.942851564 0.1203937668 0.0
1.246241936 -0.08738875607 0.0
1.245372023 0.1157211931 0.0
1.379636106 0.2269931182 0.0
1.589473393 1.093813376 0.0
2.167491424 1.382184427 0.0
4.718550736 0.4036665008 0.0
1.489727559 0.9230770977 0.0
8.241415626 1.962526762 0.0
1.929747238 1.184780229 0.0
4.753351755 0.6950247111 0.0
1.44670468 -0.7053285057 0.0
1.435209181 -0.5492223027 0.0
1.616574469 -0.06525130732 0.0
1.396804635 -0.137073843 0.0
1.582033551 -0.184525436 0.0
1.53999305 0.02872720485 0.0
1.954986411 0.005039304494 0.0
1.264271254 0.03963559535 0.0
1.396462538 -2.50323101 0.0
1.797157864 -3.320845086 0.0
19.14895529 -4.381315177 0.0
7.496926672 -1.221962241 0.0
18.80427219 1.569662964 0.0
3.714241088 2.692832288 0.0
4.349277246 1.526980857 0.0
5.293751312 0.3667083763 0.0
1.687207091 -0.4082752202 0.0
1.540525104 -0.4328357752 0.0
29.58028909 8.081362578 0.0
1.496209122 -0.2245859401 0.0
0.7713071605 0.05510627679 0.0
1.083088098 0.3915424326 0.0
1.27863947 0.1020524876 0.0
1.213329524 0.157556396 0.0
1.275967052 0.1409025309 0.0
1.262968673 0.08815573406 0.0
1.496384184 -0.3055029341 0.0
1.439371183 -0.101777644 0.0
1.39773086 -0.04064798161 0.0
1.305803632 0.01301323289 0.0
1.240642061 0.05686710286 0.0
15.1935654 -18.11341286 0.0
-4.467025496 9.008205893 0.0
16.30152465 15.69126651 0.0
-16.04621497 1.300877312 0.0
-17.79485423 0.5697447242 0.0
-20.44771171 -0.8371764434 0.0
-13.72414984 -0.3594477493 0.0
-21.03210903 -0.4134979371 0.0
-11.01896587 3.019269654 0.0
0.499144223 -3.660217985 0.0
-22.14030367 0.1379369252 0.0
-21.79605712 -0.1554942525 0.0
-6.358035272 3.708078785 0.0
-4.845823932 0.004268130019 0.0
-5.912322249 -3.794529541 0.0
-21.67249264 -0.321528411 0.0
-16.44120955 -2.123407674 0.0
-21.42353346 -0.1919405998 0.0
-11.16272434 2.335469361 0.0
-10.83060151 -1.797847732 0.0
-21.63979337 0.1116750237 0.0
-0.4860055889 -1.246514271 0.0
-8.081923671 -0.3656457394 0.0
17.0436984 -14.42109879 0.0
31.7028311 -6.895907363 0.0
27.9815736 0.1420040044 0.0
-11.97545612 2.623034352 0.0
14.81592295 -5.045341622 0.0
-21.29120524 -0.2014297222 0.0
17.13040082 1.207903535 0.0
-11.34256823 2.355804196 0.0
-11.35922383 -1.845001575 0.0
-21.68329495 -0.0343705654 0.0
1.908565723 -2.564682326 0.0
-3.745685382 -11.7992321 0.0
-3.034307815 -16.65410252 0.0
-11.59024541 14.70704689 0.0
-2.564093635 -15.38295564 0.0
-0.4306482095 -19.21443331 0.0
-0.9379691599 -16.75277987 0.0
0.9625082606 -21.62711793 0.0
1.929723362 -10.37639895 0.0
3.829095075 -7.377835616 0.0
0.8882748453 -21.74096874 0.0
1.493741955 -8.84683707 0.0
3.208703579 -5.892376632 0.0
0.2804531857 -9.359053492 0.0
3.952271014 -10.39504488 0.0
0.4044720387 -21.40415096 0.0
0.7934448866 -12.86136584 0.0
1.505166805 -20.5835114 0.0
0.8428279524 -11.08549055 0.0
0.4839571088 -21.75625505 0.0
-0.6097345017 -10.02889151 0.0
0.538576288 -21.94101875 0.0
1.128043807 13.68554555 0.0
0.3229315879 20.77480529 0.0
4.37487574 9.46904691 0.0
1.222049191 9.131907371 0.0
-7.132576858 0.38123348 0.0
-3.718541173 15.66005992 0.0
-0.02507942827 19.45707804 0.0
0.9299869704 17.01590938 0.0
0.871148383 -2.345591581 0.0
-0.9176946826 -1.713690847 0.0
1.288112931 21.35176243 0.0
2.213107154 -1.532205702 0.0
-3.661193904 -0.4815553428 0.0
0.9412736983 8.695409234 0.0
2.943698144 5.232065332 0.0
0.3917810806 21.78282527 0.0
0.6519640242 21.51355758 0.0
-8.462855165 2.837624851 0.0
-2.883560743 4.584655555 0.0
0.7474618082 3.659868141 0.0
0.7183200327 21.81496815 0.0
2.866313458 5.253503592 0.0
1.023655406 8.389300961 0.0
-7.555224143 2.60103121 0.0
0.7858258981 22.00938969 0.0
4.792275402 -1.203696398 0.0
1.696903182 0.3517463034 0.0
1.337942309 0.902802999 0.0
1.569252074 0.4878403403 0.0
4.39065895 -0.6233690846 0.0
1.792287838 -0.3235118224 0.0
1.560696158 0.258283812 0.0
1.274280254 0.09031763363 0.0
1.171658218 0.05202703179 0.0
1.160609419 0.1255775356 0.0
1.16559404 0.003404516734 0.0
1.139640561 0.08049359715 0.0
1.413701375 -0.2467257236 0.0
1.432798106 -0.5294435897 0.0
3.425649497 -11.2805373 0.0
-0.2191751356 18.17704322 0.0
1.374514782 21.61974218 0.0
-2.260980334 12.3108557 0.0
0.2487379882 -9.472838364 0.0
4.786690266 -3.700852098 0.0
-17.32423225 2.332078191 0.0
-21.64190747 0.1590052346 0.0
-16.05648666 -1.421834691 0.0
-15.05338835 -1.943745729 0.0
9.031420686 -11.30642895 0.0
16.688808 -3.694630804 0.0
-21.26122022 0.1160769823 0.0
-12.37038 -3.597922208 0.0
-10.63200738 0.831194517 0.0
1.296264711 21.60750028 0.0
0.8551570884 15.3551915 0.0
1.259348972 21.31429866 0.0
0.5866544855 13.00975982 0.0
0.7613746558 8.461121459 0.0
0.9182905658 14.52897096 0.0
3.967408122 6.655015169 0.0
4.197712413 9.558823686 0.0
0.6679396807 21.98004128 0.0
-10.15028814 -1.175848497 0.0
0.7894979283 -21.82490705 0.0
1.152306896 0.07675059362 0.0
1.177135057 0.0205196439 0.0
1.183492939 -0.04401030106 0.0
1.228277749 -0.08272084675 0.0
6.455439118 3.609542343 0.0
14.16821158 -1.438907265 0.0
1.547571466 -5.890056591 0.0
-16.40513001 2.364010975 0.0
-21.57435822 0.2032292056 0.0
1.306742644 -0.1622370844 0.0
1.337506896 -0.2238485643 0.0
-11.42594523 1.535898313 0.0
-14.58048745 -0.4499808898 0.0
0.6827849932 1.266740449 0.0
1.719211619 4.901715385 0.0
-1.487545586 -0.5136328628 0.0
-11.48687779 13.90389439 0.0
26.86689625 10.56336197 0.0
9.041418656 10.11878868 0.0
</DataArray>
<DataArray type="Float64" Name="pressure" format="ascii">
3034.135398
3376.270006
3773.331988
3467.477271
3495.437675
3516.800551
3322.240191
3488.369061
3540.601557
2850.231326
3514.242752
2895.151182
2929.400608
3210.022399
3406.406793
3103.396124
3447.783231
5682.370298
9379.644076
3555.471361
9111.567916
9375.778517
2945.500613
3158.127257
3250.424787
3200.772538
3017.582748
3152.818685
3058.510226
3328.385135
3313.155444
3562.771811
3418.510567
3156.028454
3470.831096
3215.05435
3523.536289
2763.699095
2889.077041
2978.575199
3119.20814
3666.690336
3671.286492
3726.712967
3788.908538
3323.270022
3391.264585
3161.75561
3542.528263
2985.733498
2874.906444
3583.208579
3289.977837
3054.815128
3397.733598
3426.634413
3475.072421
3241.31276
3464.271221
3113.071162
3017.399727
3266.33932
2834.182861
3378.742765
3467.194533
3501.342073
6121.440205
3241.828089
3695.386544
3690.13477
3734.742526
3304.145704
3304.41767
3526.663412
3165.168492
3229.600467
3167.743012
3329.865376
6024.143745
3303.499336
3125.146132
9518.388582
5934.200197
10192.686
9373.272384
9932.249288
3415.081907
10745.89397
8441.61554
10483.21091
9872.706001
7996.304604
9973.564259
8940.257101
6502.100383
10219.18438
7781.359635
4572.852247
3189.407467
3136.998086
3242.736294
3391.953401
3236.137983
3133.489634
3073.400885
5390.130876
8767.868818
5092.601323
3494.973164
3094.846911
3280.491877
2821.524081
3656.571167
3800.456059
3732.49868
3468.11074
3457.398002
3235.120583
10968.94506
10620.96796
6846.508041
3284.896284
7360.854048
10219.11909
6019.591938
8983.744634
6111.536092
4331.393938
3408.38359
2939.79
2707.767393
3120.632947
3636.752939
3203.579561
3082.563504
3232.036965
3173.815974
3307.34937
3042.67317
3368.566436
3238.684402
4808.537312
3063.395397
3196.73493
3463.20071
3399.506952
3483.006274
3271.058157
3424.333512
3266.226008
2848.701054
3380.577023
6383.683742
9824.160768
3676.506585
3673.442838
3537.452446
3553.405836
3616.121966
3267.530058
3725.992941
3626.449143
3802.658872
3323.013646
3238.586395
3151.36975
3524.376476
3208.407769
3465.918613
3360.060303
6168.962509
3446.696374
3115.308518
4211.726649
4011.34745
3370.753553
7448.377989
9403.626147
3040.649138
3030.652077
11325.17184
10549.58443
7924.425068
5793.477846
8473.288316
9776.139074
8509.695458
9949.524737
7904.449434
4202.434509
3110.259286
4766.790281
3223.368244
3067.777458
3629.792685
3117.968962
3417.156257
3115.848955
3074.302245
3773.29961
3652.516636
3400.827299
3409.633175
11292.37728
10340.55666
7335.614265
3562.025821
6186.197823
2998.587072
3118.191635
3693.853273
3619.62468
3167.590164
3482.045212
3092.765179
3032.065576
2773.261078
3092.090926
3054.353471
3699.593066
3040.863435
3027.894489
3258.643255
3201.331741
3306.368556
3284.96979
3016.894287
2961.714435
3363.259064
3474.612619
3300.239594
3414.810721
3215.269485
4057.753113
3560.860237
3466.639879
3683.990251
3163.36426
3559.461736
6499.771861
9991.31078
11641.31764
3493.951444
3801.669471
3452.266216
3142.6692
3522.614511
3266.770395
3327.720201
3361.801145
3102.961932
8164.483756
4866.449709
3444.840051
3605.497414
3597.179885
3446.023326
3140.814579
9705.477156
2688.202848
4688.028
2842.202886
3287.176602
8188.05235
3470.800629
6877.36406
4812.338676
3086.887402
9356.579322
8847.258779
9530.613804
8485.302384
2947.92194
3799.539197
3309.966462
3310.399317
3244.863081
3312.89458
3537.568872
3571.719568
2909.003587
10877.52438
3578.036355
3556.829543
5442.465235
7911.296552
2701.652994
3023.854356
2963.122992
2975.815416
2836.648993
3168.605394
2868.31489
3154.391446
2924.472567
2833.363263
2960.35964
3739.648951
2848.448221
2995.96338
3503.921137
3064.35672
3346.230203
3459.514527
3210.015134
3010.026747
3125.829745
3336.092337
3803.029122
3629.900445
3516.935443
3328.775212
3623.802069
3635.182641
3598.408482
3172.994633
2871.721854
3664.464135
3637.550609
3614.198724
3459.585589
3248.869633
3409.180137
3375.646477
3094.595345
3703.255632
3909.910898
4398.157909
3096.463114
6947.66403
10328.30017
11809.34003
11208.7023
4765.535945
3419.44683
3244.903717
3804.045957
3529.695441
3487.596985
3376.20349
3092.21098
3287.663695
5122.565105
6515.491635
12004.0831
11679.79562
11321.1472
6449.83175
8551.788696
3776.249451
6014.834084
6188.577158
10908.62013
4696.481906
3023.083319
3279.30907
3492.969739
3444.24542
3694.51624
3780.761081
3098.104585
7458.081802
4022.540551
3778.930056
9126.03746
7362.19272
3895.11868
9207.808622
7524.149107
3514.011072
3665.400621
3610.012988
3709.781731
3676.687065
4770.166851
3423.963854
3269.977009
3300.426809
3155.794982
3259.597409
2854.14153
3105.230904
3231.176264
3708.753288
7370.218204
10712.82272
12106.68761
11582.66043
5250.520369
3419.147526
3315.726406
3442.847626
3530.801525
2768.508074
3401.443895
3062.67401
3039.133741
3763.928442
3799.308715
3192.915792
3726.080094
3626.997835
3866.46838
3589.240636
3049.729732
3861.854498
2852.559923
3140.75959
2740.050187
2808.2341
3753.930297
2644.942335
3744.618286
2881.012277
3673.990096
3763.675317
4601.88122
3489.095195
3358.080282
6724.510569
12305.28806
10395.62507
11569.14422
8352.853518
3769.708808
3254.920397
3980.071344
3869.769115
4079.369518
3951.309894
6082.588453
3680.030351
3236.909018
3610.839709
2210.7365
3339.374073
3602.894161
3114.064634
3070.463099
3660.62084
3731.189512
3099.019557
3576.251123
3033.04081
4675.638228
6645.048764
3993.063805
3530.008286
7967.569791
2947.54213
2915.061918
8654.519877
8395.129687
8738.882448
7035.330369
3328.373493
3490.446913
3693.0046
3370.281787
10630.36791
3437.05329
3815.433976
3300.223589
3330.579532
2999.748851
8932.403724
3509.937538
3591.819022
3507.473654
2545.677082
4018.147569
2582.968119
4011.369644
3410.686475
4066.758478
3918.939018
3023.26854
3734.30228
3532.024833
3175.937332
3291.953813
3304.936931
11775.6877
8599.280831
3530.972473
3550.901623
3679.838885
3441.201873
3427.180488
2704.06345
2640.808948
3740.45176
2469.098677
3049.831832
3964.522983
2744.919368
3310.750761
3715.076452
2981.489355
3143.433516
3644.092082
3840.136724
6084.581602
3084.145742
3335.801058
3228.332995
3368.094459
7448.297429
2987.883333
11031.45656
12452.50512
11858.80407
9241.665514
5456.413276
2862.254028
2700.709616
2965.347299
2979.68055
2991.26237
3129.091058
3777.93902
3843.982164
3119.445476
3487.902439
3486.243769
3710.133947
3225.645476
3796.622186
3005.556333
2681.764045
3942.677583
3166.247063
2245.316304
3731.033487
3989.142734
3301.550185
3793.544872
3166.27723
3798.781347
3077.732236
3803.866774
3058.019488
4616.547667
4078.644107
8607.314166
4384.275943
6660.1916
3030.887914
3075.274532
3899.111477
3114.062737
8221.222086
8304.299276
3137.147736
3262.418127
8704.040729
8160.573313
3054.523324
3793.047889
3349.217524
3677.121734
3206.396113
5074.896835
3442.121834
3639.707923
3628.606452
3467.179361
3790.247764
3854.148288
2791.540009
8490.187892
2992.418577
3694.101235
3390.718148
3559.730657
2656.009172
4009.943425
4121.030162
6935.999549
3476.418108
3491.166718
4476.038152
7195.089487
6865.242416
12479.23568
3863.103091
3987.546223
3152.899049
4041.411517
2837.056342
2580.315267
2695.082446
3494.511663
3672.067078
2922.309697
2494.663261
3733.189314
2323.099971
3129.667996
4085.489788
2619.499035
3318.426519
2889.932219
3278.300295
3994.720637
4053.241661
3090.481252
3558.047545
3899.270261
3636.022653
3716.778654
3737.361751
4733.319377
7762.621889
12682.14277
12050.255
9405.464126
5693.914286
3197.046373
3731.868238
3920.773239
3266.728986
3259.61171
3756.667993
3663.075485
3806.104863
3012.09267
2564.451415
4102.505991
3271.718074
2286.439394
2212.797426
3434.462383
3056.137479
3063.191967
2938.423108
2881.565439
3640.248831
3663.749523
3732.980955
7043.797864
4078.360949
3913.634657
2962.013325
3331.637773
4070.839478
6102.950796
7979.83467
2993.060181
2420.873184
2300.893304
2700.149153
3389.828105
4885.396515
4052.062769
3882.998906
3025.847325
3212.106503
3259.855922
6640.612144
3677.314289
4722.026897
6012.249079
3453.993752
3690.480571
8181.123409
6154.744922
7895.983024
8028.879059
3487.723575
3310.642425
10643.83589
12474.17655
10728.02228
12057.26336
6892.918367
5365.707851
3247.01723
3067.142227
8831.149712
3439.721568
3793.210248
3845.305689
2957.380256
3920.583464
4060.659743
3565.755823
3310.020686
2911.471679
2527.385148
3655.269038
3721.212541
3663.699915
3578.430694
3607.189117
3576.2628
3688.173084
2737.308874
3970.38407
3945.367986
4751.45596
5692.279827
3541.703838
3838.811798
3379.150951
8851.501358
10694.76085
12289.40936
13754.55753
14185.28666
12520.31408
9371.933626
5529.097991
3369.079809
3080.052037
3136.007334
3170.600149
3064.842496
2906.318003
2771.499962
2672.098822
2597.693029
2555.714041
2535.14675
3571.216741
8406.985729
12608.4674
9833.558166
5797.729676
3146.242589
3323.310174
3765.444866
3427.656661
3859.6658
4036.884896
4035.735495
4051.000906
3820.471384
3343.561703
2430.143518
3553.206011
3298.440113
4113.042206
2609.03043
3435.887427
3785.602537
2982.527678
3491.487856
3946.266179
3618.642017
3373.407928
3757.907327
3907.711713
3495.913575
3901.711162
2704.875097
3613.553963
3930.151811
3510.780462
3550.868151
3775.998464
3242.310444
2600.496009
4102.752333
2387.676645
3677.071078
3931.337574
5761.856348
3601.157703
3540.242828
3829.986122
3869.596094
2700.073935
3066.795304
4022.398304
3924.490776
3389.606966
3542.56384
3656.570536
3758.734371
3989.213992
6010.326866
8059.313565
7695.097239
8085.204538
3997.958571
4043.805868
4508.050047
7860.328895
5815.388427
3537.185859
4022.343327
3368.281313
11210.45878
4265.008411
4043.195621
2873.682003
3970.114919
9814.906449
11400.95972
13188.50098
4030.571243
3255.206554
3038.734234
2823.9618
4508.793508
4028.843265
3858.496269
3264.293991
3353.053405
2956.450862
4045.192652
4049.944316
3578.733479
2658.982711
3620.353686
3913.920411
3687.906854
3584.660095
2366.58981
3970.717831
3803.230745
2615.217701
3736.80231
2907.84295
3631.202628
3738.218529
3743.789963
3685.820737
3852.178602
3891.489728
3503.299347
6246.226186
3773.742075
3764.082628
3494.605314
2609.482407
4209.260563
4268.155956
3554.796814
3699.408034
3207.03625
3871.435457
3711.693083
3602.103855
3083.589442
3020.578421
6000.804208
14285.71356
14285.71273
3759.804664
3764.719755
4139.164609
14285.71286
3908.147313
4105.450759
3750.057016
3584.040102
3510.650686
2401.743741
2338.531305
3662.232402
3990.39381
2505.653175
3648.130198
2454.27145
3153.816562
3148.735169
2907.93802
3130.53394
3170.677849
3224.348643
2651.707041
3017.453176
3629.555126
3761.575463
3992.79124
3466.080037
3685.52304
3349.586222
3749.771698
3663.065783
3400.612414
3363.424868
3427.731584
3454.494608
3519.575939
3778.557928
4774.038969
4905.25498
6453.144325
3774.384133
3502.91954
3783.625991
3969.549992
3861.879662
3994.352807
4165.29233
4811.969655
7619.12926
6972.937709
3671.017663
3680.008444
3669.604871
5671.533206
6845.790312
4037.896141
3343.938636
4031.413141
3239.169142
4200.391809
4080.098769
3837.596588
3768.898505
3753.114067
3870.077335
3747.818725
6818.60067
7491.879706
3566.181685
2549.593927
4596.687543
2562.940652
4116.65195
3691.289406
3294.901711
3789.261919
2542.134445
14285.71385
14285.71288
11912.46165
3882.133576
3679.761154
3712.988954
3420.777187
3398.9739
3426.993884
3288.217977
3437.955796
3456.429085
3601.908458
3491.691088
3714.653493
11415.89813
13848.11075
6459.516239
3959.40176
3699.344969
3465.911257
4512.533656
14285.71408
14285.71417
14285.71409
14285.71243
11326.00063
3381.019995
2473.376025
4131.218626
3226.896187
3299.110998
2768.468544
3569.603946
4007.765165
3517.086719
3573.235079
3997.297324
4040.136867
2542.171477
3526.998413
14285.71215
2711.675053
4181.51915
2916.988076
10155.01819
3739.973823
3764.189258
3641.45601
3042.618637
3515.736527
3925.818566
3786.839165
3311.249775
2996.821405
3652.431739
3734.510036
9323.342002
3172.199033
4957.690653
3493.174744
9945.938285
4417.202365
3347.290814
4052.832144
3518.645726
3634.824503
3796.804971
3541.348407
74.00217724
11.85644837
33.55362351
67.85571122
67.03586581
21.83312579
68.28805173
106.0305451
33.72897557
32.39668926
75.4182018
31.52905791
167.1249408
62.28607841
45.36571213
66.95139011
65.38515678
61.11750796
40.0712492
37.10314725
33.91646722
70.94944814
69.93802482
36.71083555
75.6391356
76.79808425
57.62385445
68.77759151
54.70067018
74.50206981
34.45658483
34.42412984
71.01413253
35.04942996
76.21271599
52.92079653
34.87973823
77.18104933
30.8459988
66.82645952
73.30586772
76.29330697
72.00362506
70.31542595
35.20713031
81.27308488
73.12170166
21.03499173
26.47635868
38.81904196
38.95823089
76.16905188
72.04078038
51.48576362
68.49516962
45.2025248
35.49620836
41.87866575
33.41522435
74.27166209
36.61612723
35.00293604
38.55506313
36.92747997
68.7970259
37.93708008
60.93823435
68.28169557
64.45478026
79.57267094
77.99367923
76.48608101
38.10871304
36.19137434
134.013216
35.06443268
79.74259814
73.67489197
71.81376618
43.66275778
78.11722067
65.50763782
37.50643967
75.84548419
65.50647306
70.17245278
36.89019872
33.95275525
25.60774206
32.36421989
79.64416852
77.31500604
28.45115052
34.55426974
38.31376
66.963916
64.01155333
70.36828645
38.68666096
74.80341928
76.58651134
37.3682764
68.53204311
36.56303512
69.59046264
63.67162308
77.27535322
29.46260887
69.68183311
69.22433542
54.58784462
46.30238209
42.86461386
30.47464745
25.10742804
8.22080541
34.22851875
23.53571233
20.80296595
23.47444681
26.05784848
37.2293549
21.57585158
27.85403467
28.62807914
5.177502424
132.914514
14.39103116
23.59651965
19.98540412
71.28287895
22.43585885
24.4990186
16.30829317
19.97340111
23.54372996
9.273629544
50.92054543
46.73064776
32.95986605
22.46437051
91.62232786
44.50154926
18.38228086
26.15108037
34.78107701
7.182897333
24.30469203
24.42044227
18.24978031
25.60995671
14.51525051
24.32200228
13.59928174
21.02395296
67.46513578
67.61411727
68.361532
68.9014
70.07953436
69.20709188
68.24624004
68.86141357
157.6798086
44.56656372
146.5332173
36.5369417
26.99384026
25.9621673
73.1150089
29.01890058
69.25221119
68.3374369
69.26239176
68.12485005
66.49121883
68.65564632
69.55593244
69.1542339
69.33373868
67.67615949
68.28113054
70.73534946
67.49325695
69.43873639
69.54595816
244.9714168
151.3336631
41.08425246
49.33928647
93.14772286
74.99195796
43.22878356
34.27033755
35.71025966
37.2730658
38.65213771
33.08553378
66.21110373
67.85367134
66.82898183
68.2344336
73.41076381
75.31000969
52.69294402
48.96575783
44.78735621
40.74225868
66.43596012
66.32802912
64.22897565
56.70514423
58.96611934
61.33868922
62.74308361
69.99853434
54.88836431
66.93802625
71.09886488
78.80363719
62.90631177
1.249819036e-07
4.229941295
33.00687039
35.40966028
35.88172125
31.6121779
48.00492723
44.52029821
34.03596659
67.3633765
69.97043398
64.18692206
65.77339131
67.4614038
70.54803772
73.56484475
71.50636792
62.89600661
68.2400969
70.29977511
70.40215235
49.17894541
55.95666065
33.66792455
32.81942039
35.53649665
38.04533269
42.77796948
44.02732169
41.416542
57.21246699
54.05805061
68.89949654
67.64562237
67.13854249
63.91926635
74.24892156
69.82417048
72.38896091
75.79948669
75.53564373
59.62909592
76.48201681
43.05431662
50.88719897
50.4439549
66.3178483
71.20433991
69.69656027
70.17813103
63.01089714
67.75384839
61.26129949
58.98332264
56.87927248
67.30767903
70.04281671
69.03421706
53.61915413
61.77490089
53.29087231
54.83577157
51.70563643
47.62702837
32.58923287
29.05566882
30.37496113
31.32097912
34.9497718
34.52316932
31.35831476
41.03563397
40.53544427
39.67690882
38.18884094
37.25545769
38.96204675
34.67148267
32.47188806
34.27402251
35.04270803
36.14631962
62.0748345
69.58104897
56.59742555
72.18882268
72.99397708
71.37720758
67.5273812
69.0545146
70.06896514
37.89248068
38.82316193
63.9269298
58.73838303
54.53531511
42.30251342
119.6935768
130.0432437
77.99011962
71.84487992
74.11080938
76.44296303
74.52816473
79.33095998
76.52582086
54.58030246
56.17588207
68.83783182
69.4334495
69.95557549
63.81501004
54.93420363
45.69844758
53.37777485
54.45778857
51.89289219
52.89258535
55.23580382
48.15518883
40.440134
5.519630282
35.11351393
85.432373
8.423747749
30.12718481
27.82826135
24.01242929
33.71370285
25.59616678
38.22910732
28.21090961
216.6027479
23.11652
38.63241783
69.27953574
68.77152245
64.32069091
60.33271497
51.34705292
57.2061058
40.92022654
44.78259796
63.81215686
140.5877063
72.26040606
74.6016973
35.02284487
33.45961209
33.49466261
33.86726826
30.83296769
35.01123905
35.31169983
72.07539065
68.34333277
65.84857847
246.1700975
50.69285315
42.37513005
69.47691297
71.18076494
77.8995089
77.48176956
74.89323714
71.24028009
67.97822968
67.93677057
67.74274748
68.08796522
58.95827886
66.82416337
68.12944262
67.95007175
22.6843642
23.83536277
36.50767367
24.50017409
163.1647582
32.42149024
41.91337144
47.54212327
46.87153211
53.88908905
54.40047333
51.59748295
51.33610638
50.74890465
51.42775841
52.34450778
53.59251093
57.65890816
63.08036828
75.13438163
26.17757482
50.46811861
40.97689327
32.12970465
37.49457663
35.1864729
38.78337004
40.94544669
73.29619144
74.49736673
75.17694912
74.76508951
48.94618241
37.42583021
36.84899916
37.59376498
36.85641585
135.3922834
238.5295682
67.85799463
47.4963248
74.73170122
74.00739303
39.43691974
33.19458591
32.63614722
39.94158517
36.77563147
132.3435275
26.23637003
75.16775567
34.51726502
34.46499469
34.63182451
75.70507739
73.83578072
65.43297807
70.18218538
70.95114152
70.3311162
68.11309578
58.68740764
39.46468635
48.91726585
34.52345917
35.66954092
33.80121298
32.04119312
33.7271949
56.01713286
73.22582855
44.18774693
72.41598432
70.22598566
77.32833888
75.76913515
79.34240359
78.847441
67.14969738
67.22028768
67.69598852
61.90933449
65.45580173
67.55394758
66.7773127
50.60559257
51.0135437
75.88522453
39.87793586
35.00387037
186.4501998
27.7469425
86.59583481
56.9555318
40.79256642
25.14774699
56.57018217
37.27094371
74.50292697
76.32758378
76.9457441
79.85063095
75.31034845
76.14498818
72.61514781
67.75221409
66.0524339
37.54254691
62.88102294
41.5911482
75.023186
74.5223782
75.56181605
38.46896671
75.82242186
76.28552694
79.0495128
86.89181355
87.88968017
69.26489808
89.61487103
186.7865962
66.45545872
28.1327808
36.92519956
36.03037171
36.45893856
36.71780832
36.735573
35.72617389
39.35163453
39.62750973
42.10782231
44.86738991
47.67532841
74.64520679
71.33205918
72.74779386
70.64823345
69.63294289
66.21873232
68.66076373
67.22642441
36.4448371
33.67250966
67.37947489
64.9377939
70.62515305
68.05084747
66.50224961
67.13568525
66.06623684
65.94934802
66.53407406
79.20087439
81.88047027
54.35691055
66.56312347
57.54292261
76.32190076
61.58404922
52.62332346
48.73195113
50.75650963
50.28253278
50.31418324
44.70179544
40.87255488
36.18283671
28.14378463
39.53604662
27.30903121
43.2150339
59.93557306
78.40197577
47.01457361
29.43384134
39.66363818
60.35154791
56.40847009
47.8755098
39.83773731
37.74361169
81.21865758
77.40107232
77.50929096
71.72901534
51.40041624
51.50915187
47.39583285
39.40483399
39.33089876
39.87743019
37.74010865
93.50111216
100.2365781
66.91345509
38.40514618
37.90541381
69.85759004
69.8623987
64.71743228
64.43618769
30.21304406
28.94123777
30.3057498
35.45893292
32.10885765
71.13939231
72.94313918
70.24051425
68.68728631
30.47509821
74.0246798
94.7258194
68.66012765
55.82606841
52.33025747
37.15110451
82.49431808
77.12526826
74.24772074
74.52148484
47.13183901
35.25836293
77.29954621
46.00353788
53.85307856
50.33347832
57.65986342
67.80951546
75.5611588
74.9962899
73.70865314
72.10000897
70.31890852
69.09278571
67.44069483
65.93147292
64.81110323
65.11408563
67.79397929
66.74831241
64.36353234
67.62125895
66.36226812
46.56381043
42.53317015
36.57015299
75.64719426
52.16214848
26.08380056
33.59480928
50.63036136
45.7661175
70.41148094
38.41691698
53.4772288
37.96124012
52.17488695
64.56604079
58.94347625
35.27225465
35.73508727
59.99686151
34.16944198
38.94553112
38.55749314
37.07503846
37.51873475
67.09731693
39.62461243
37.76878182
29.54693902
40.34777043
49.71397934
40.7021313
37.82884458
37.06502133
78.2208771
106.2138473
38.74485474
67.55442145
59.22514435
75.65541043
97.22766402
63.36632857
35.65998951
42.34381556
39.67216939
48.77666321
74.21156667
70.25305791
69.60243621
69.89056574
69.43191868
71.38943461
37.57134495
37.53493626
38.44773791
37.10007143
38.00044409
37.03292156
46.10768825
38.15516308
37.63924394
37.46260563
30.88891488
29.4582709
32.68169297
41.7117648
38.09646778
61.94277948
60.11025549
61.31595983
35.20919274
64.122858
68.47267668
77.18596052
48.42866359
28.22745495
33.39336288
44.72122099
25.23867993
42.11068625
41.70918077
76.79479739
75.2090292
65.42949409
65.47933978
66.94406244
39.04301265
43.97780437
49.88570901
59.21710917
67.27461605
71.46265862
72.79392395
72.65752453
73.03828864
73.37830221
72.73303184
74.47523261
38.81200673
51.74063216
76.45093516
32.50315643
42.09165004
43.08376814
63.73898995
77.29090124
79.11363337
48.63662658
138.2161691
64.03642247
38.28343417
35.89612033
91.30376236
82.11282349
37.12463954
76.04676822
74.51701422
73.50999325
101.7205574
90.95547086
52.38089155
66.16533907
34.26553067
35.56439712
36.74249522
36.02726732
35.41032438
71.70114915
68.97968364
41.54174374
34.59728647
41.15683695
38.27113608
34.75733946
34.93396184
46.90543068
32.11880671
34.77007356
64.07895568
72.80782399
44.97905068
47.46697562
51.36661518
41.59289348
43.71599685
49.52797266
80.69422616
49.69704007
61.00300249
66.98180428
64.20509098
65.84297511
65.20963814
65.52383428
66.48047855
67.09456112
67.58136873
66.51513952
70.02153006
69.2778607
72.00277451
72.72420441
59.72573162
65.04587225
68.13177094
69.71136483
70.71303289
70.55162534
66.36551971
36.967358
27.01230932
39.74619691
79.87390125
37.55852167
68.18657904
63.42794867
68.98776155
69.96018815
71.16715166
68.7306967
66.61848331
51.87246466
37.40012117
35.97629535
32.6985187
37.09114665
35.91846748
73.19464774
70.17151712
66.21755625
64.94350602
51.39647826
69.27669927
70.55462625
67.00551081
48.01907139
32.2327842
41.96199669
37.31975475
99.69828135
39.91609083
48.8036096
67.18617992
66.79598913
65.74061465
64.47277279
65.36418083
64.72310048
66.80088088
66.27425178
69.02900234
66.67636404
64.97225948
54.12484986
57.2718082
49.16653872
42.40517905
81.50077673
49.32877067
66.33309998
65.72235528
66.03932102
36.91730988
33.91321396
68.70733227
68.39321456
68.23146001
67.86901001
67.81045839
69.27336231
65.50188783
43.53253168
34.1795583
84.00951157
52.90915386
50.26738141
57.59111897
34.42369203
24.20361258
32.02022192
29.5301132
30.10264328
34.94349744
37.15718796
36.28313629
66.27800311
68.82319756
68.96765642
68.82492659
66.4020998
68.38127869
66.68169318
68.52033446
81.68237713
80.36742479
82.26977324
91.02136017
96.33857214
75.44641693
81.88109942
38.69355047
35.81951885
33.03305476
35.15788036
37.45000076
87.29153241
70.17617456
40.3529638
28.24249171
27.8139409
29.93059754
31.0164355
27.35434956
29.59374618
29.23660891
26.36804952
32.19599475
40.6914024
72.34075647
75.90570614
49.91776476
81.14354211
73.69049692
66.32376656
59.02894213
49.32200404
39.51907764
57.39130625
35.45023457
39.70791705
50.73883673
63.80829337
69.67475583
68.43416811
70.53900382
74.57078577
35.2532861
32.9409367
29.03682066
26.08029958
27.27704079
29.96756825
32.40553151
33.68726887
34.44854202
36.53192097
69.26860615
67.96563944
68.06491848
67.99266041
66.70062969
69.49958751
69.97567614
69.10058213
69.92764339
69.95338628
69.0081643
69.99155792
67.9895854
66.04649981
66.76085854
64.46172054
28.68936204
63.47519955
62.99071949
74.59911179
61.34611331
70.22715959
81.30036795
71.12339262
72.23121879
61.87618382
55.04474158
49.38819121
38.55130281
67.63876182
58.14512746
55.50354858
53.95096231
78.74548975
48.83142587
67.52563686
80.11146001
85.06653284
80.06641667
89.6189387
35.05635333
31.36298193
39.46156917
61.96291499
30.54575495
26.3847596
31.73601334
26.78495128
25.86829457
30.42883539
86.06081228
60.57197355
32.37317431
36.63531103
111.9405356
85.50455008
63.68324789
50.80579706
70.67590435
40.38439259
28.22730653
37.32657166
51.55261294
50.3608596
31.0825198
31.115486
28.31283819
25.0135328
28.11301174
28.04629973
28.28692378
30.40899772
33.99079661
25.61443377
20.79906334
16.37606662
28.7897628
79.02398953
66.11754897
115.6535031
30.21526348
70.1011134
70.09630614
70.31210072
69.97899646
70.02452995
69.47601697
69.03560465
69.16682643
68.91683483
68.38711892
69.18290583
69.46523727
67.69414461
67.45330233
64.34141111
61.85121392
59.45533357
68.11908338
67.96974623
60.0253262
63.09450069
50.55905035
59.13409146
44.70544134
66.23453702
75.74086077
73.51485791
61.3515271
64.5042154
64.58223767
69.45464469
67.84564306
67.18600353
68.02918095
38.90260503
71.57570702
69.32896391
64.66109961
29.38259812
73.58453843
18.81765753
56.63105787
53.71711452
35.36511904
101.4613666
115.5088756
69.9257783
31.63725497
73.12363137
76.28867804
29.25763816
15.08040637
143.3593454
49.64362649
18.63431703
17.41870131
36.55674087
65.22700132
25.91230646
31.3600475
23.28887431
26.55923724
30.91909754
26.85293545
70.80770449
38.90832926
73.24333761
28.65724021
67.72121208
68.56617178
69.48638393
69.36511206
69.47037939
69.8250424
69.68771891
66.53667328
67.63725988
65.79822993
67.96431493
68.33065846
69.23486571
69.47420442
69.13283456
68.76951857
62.21117484
69.72232568
69.27967078
70.54206353
68.80250309
68.97823075
62.43708748
67.05110761
59.42521338
64.25441174
65.86564336
63.27535585
43.92185046
68.43293011
73.41739534
74.80214714
81.75212278
73.91862545
59.38667447
63.35446542
61.51848871
64.34772199
65.89893564
68.10791063
67.25191868
67.89729521
68.61791152
67.62078068
72.98915297
158.0354544
91.12150393
200.8044422
38.81194277
60.26310341
27.50511206
31.46229499
8.356696055
23.01261556
41.42256427
45.44371388
89.46202529
27.56363859
29.02399235
137.4997394
128.9406365
90.80583558
383.0276184
79.92241435
206.9520724
137.3317735
19.62696468
14.38920887
15.59008216
21.55223323
15.6058316
12.65164207
18.8529118
25.20637789
23.94663572
27.44837695
21.93817421
20.82480041
16.72975757
20.96932523
16.02530094
18.8138131
22.62759908
24.88933686
25.57727614
25.88823537
30.36108454
29.6783356
154.3455227
91.80237591
104.5959925
107.044035
125.6295184
50.17522461
88.95249496
42.49384692
39.07539314
12.23683074
18.59147243
7.445386568
19.74405924
20.46229153
18.12824471
58.9245803
32.66362637
29.11715281
29.16180318
30.45820873
28.05991077
73.14772287
67.55977225
27.07891627
9.782172486
24.57086656
35.57390595
21.55210252
35.90924183
21.86884997
17.89032246
14.14652457
64.94381969
68.06926811
63.15659574
31.9234157
29.01970041
23.72159899
13.24080578
14.6101826
22.8952308
15.34142739
20.5228507
20.14943549
34.097352
18.15695103
19.8654984
17.22419036
27.0802688
17.65706522
21.46995
70.45477191
70.0354534
66.65317632
67.93482636
66.21469664
65.38907384
66.37910599
75.14454159
60.77278699
63.48078059
69.00634555
68.97178516
69.27574512
68.86980753
65.82773308
69.3537752
67.34768946
65.14211939
65.45671359
67.91439333
67.46763654
65.10958289
67.45101671
67.77741726
69.40224871
68.50114175
68.87221175
68.52407404
69.4293275
69.17582189
68.8960601
68.6933597
68.97059718
67.11992298
25.78356843
20.60205001
22.49760652
8.599129683
9.027580005
14.74579803
8.87032223
11.92940888
44.76078365
18.15515427
93.71322703
33.83900389
40.45380232
21.83649056
26.81762941
22.05209261
27.55426164
32.42141327
62.84952132
385.5193762
86.22568108
72.14953259
47.34651922
24.85697863
76.33174702
30.0237863
46.44122496
29.5964733
19.84180069
18.95565018
20.73430087
52.52839283
16.91055562
23.37389192
12.23676741
24.74975175
21.31630339
31.4770568
60.69477844
34.8890722
22.65396786
62.60842057
114.7224965
73.14762721
42.05280589
46.67478542
26.07724957
23.75472963
18.60046091
41.39891655
29.59301645
43.13278899
51.11473938
19.17882191
15.15612549
29.21919474
42.35229355
12.77881451
59.54428336
15.75779502
16.20499153
32.94271239
23.51330838
14.79590434
20.52035668
30.3894899
17.29990731
16.06557993
18.59589276
20.33324892
34.12321585
74.95621809
94.5466888
50.04584244
448.3666421
1.097396632
24.56469243
37.54864594
16.17191421
65.67899982
29.46775077
86.49617836
73.86117288
14.76278688
19.52099148
406.3215142
321.239036
52.27277375
2.448717714e-06
31.09088438
44.66149539
45.29552606
20.55281848
25.65124586
76.21562128
44.82302608
15.87201483
57.84396604
20.1408266
23.10022983
11.98780958
27.2113531
15.33792225
36.13998347
66.20205656
67.14699888
68.94329663
68.65245153
68.68058586
68.14989195
67.29478303
70.32147572
75.98554189
68.83902442
70.79354143
71.13214383
66.53302257
60.76401326
68.38741638
69.283738
69.27094483
68.90851678
69.52481139
68.36890878
69.65561843
25.01892639
32.62880777
30.66416612
55.69848878
74.82552833
72.82075341
69.87353982
76.34561389
72.16535813
70.37627732
24.83466122
69.96312678
64.63987184
65.55658311
68.72468796
68.43622299
68.59566157
69.19185482
68.58677317
68.91269181
69.14918526
69.37236493
69.39488357
657.9334404
1771.511223
649.0500968
1052.485487
557.5921946
737.0958899
479.1363773
714.5339392
735.4430848
28.64304567
677.4874918
680.2445757
500.9881833
636.3358193
519.4764083
685.5041789
727.9167468
697.8762414
786.5898076
820.768657
681.4313478
68.39564588
665.0419938
470.8897301
7.326119885e-07
22.77157104
669.7271726
19.58253135
712.2361948
14.56491836
794.125767
872.9710701
695.2800593
59.668806
1584.25008
990.8685725
10.67933164
618.0195056
770.6156038
728.7696075
672.534587
669.4922591
479.8657683
644.0245508
824.4539698
511.2703951
735.1664701
622.3056598
656.9020753
760.0248105
680.1692048
554.7657559
662.1280276
750.0564723
634.9984084
845.7175977
712.5787569
618.8071744
744.3458928
86.17418393
1064.392748
695.6880769
554.3799266
13.11295826
19.23923497
676.5694803
10.78536803
21.58929275
763.7704973
488.9868689
638.6031193
658.6701521
24.9463918
522.988022
648.0736884
650.6282971
513.9759736
806.437636
44.18329039
621.3325336
63.01299508
69.897378
67.07361641
67.48411665
76.74828488
69.78821512
70.16709779
70.04510887
70.10488495
69.58589038
70.27540598
70.00330242
69.58233908
70.92422737
688.2030569
836.7599514
671.3430259
701.6836135
190.8928577
41.15188902
601.5234744
665.4502505
1135.32428
732.711615
946.3504264
24.84832266
667.499359
726.3343412
842.0967585
658.4914733
490.6572182
682.26924
531.3964576
724.3221705
749.2572537
518.0783002
609.0794676
624.8763611
765.8659594
633.3739788
70.01884562
70.03234599
70.14379251
69.73209305
23.94645381
20.76190914
933.2677856
686.8833835
685.8600874
69.21364478
69.18048819
43.71229032
928.7452386
26.79582202
773.4517177
77.17532582
14.45869509
82.89496996
1011.459304
</DataArray>
<DataArray type="Float64" Name="mach" format="ascii">
2.395225731
2.478855768
2.465389069
2.525904433
2.609987756
2.604056852
2.579688434
2.494187461
2.375406767
2.664799689
2.366889239
2.648477636
2.644204419
2.527489373
2.659833208
2.602074999
2.54938584
1.778186245
1.323213523
2.395671062
1.319418725
1.33039616
2.604246982
2.541947164
2.350113345
2.39421425
2.416167962
2.523435708
2.393465052
2.37953233
2.46447962
2.269806079
2.377904602
2.123957329
2.300597667
2.150488844
2.392259495
2.698853737
2.650611844
2.63272131
2.299148936
2.475345065
2.463349263
2.452348974
2.433355046
2.484442284
2.543776867
2.634817707
2.493579367
2.338676924
2.458965318
2.572798378
2.661755554
2.599630721
2.434975767
2.373485679
2.301851536
2.160742981
2.359169772
2.306111402
2.617276803
2.514977068
2.522392246
2.541888612
2.57857723
2.560819599
1.727587512
2.591198287
2.450585133
2.4697152
2.44663285
2.484670933
2.562805227
2.601037062
2.636364748
2.63355304
2.633291727
2.56489641
1.69911387
2.544631787
2.544511005
1.323135733
1.732582363
1.218167871
1.323066941
1.307065387
2.477287615
1.288089908
1.395967479
1.266596491
1.235592837
1.442477384
1.301585372
1.262545994
1.675299608
1.314922046
1.515160435
2.14387363
2.138959344
2.588778661
2.488690586
2.37437254
2.375326607
2.420137807
2.637529936
1.891987808
1.411408333
1.966383443
2.289869322
2.356749314
2.32966995
2.425110114
2.473893864
2.462991589
2.467748432
2.613873914
2.466567142
2.608766203
1.233207385
1.230270815
1.650423848
2.561492517
1.565845935
1.242481614
1.780680706
1.313488451
1.704400049
2.225262759
2.484742357
2.643730925
2.726323478
2.105165104
2.254735252
2.395802548
2.420016569
2.521382623
2.546312464
2.660875391
2.644640368
2.331950981
2.531639205
2.039816668
2.444936032
2.36567429
2.40742361
2.378314403
2.300629308
2.170978151
2.354138275
2.545889946
2.452363488
2.345117431
1.720586883
1.328901734
2.475392671
2.459748065
2.453856963
2.505706741
2.487973854
2.596164413
2.433342055
2.470928641
2.463361077
2.478906046
2.575174316
2.649425167
2.601101911
2.621608764
2.543774908
2.555247564
1.757546012
2.517628484
2.526908044
2.23389125
2.400020616
2.532053924
1.466932407
1.238146117
2.617578836
2.481645775
1.25759551
1.328432295
1.554390912
1.669345803
1.308336406
1.227017318
1.370850321
1.205050407
1.367216242
2.261383078
2.804372011
2.14533523
2.664170068
2.609577303
2.547910159
2.278623515
2.419568344
2.382238348
2.549152575
2.439633882
2.473144656
2.558735495
2.579277725
1.239248219
1.300885294
1.566059044
2.641931576
1.673032392
2.805713515
2.73074171
2.419583728
2.547558433
2.557754683
2.324976151
2.253113215
2.62975144
2.719287948
2.520019665
2.094060497
2.247798445
2.410329968
2.572334374
2.378028525
2.28687211
2.505518183
2.670898362
2.654503011
2.621217363
2.380959784
2.299932578
2.182004284
2.330327736
2.552635213
2.300594857
2.497848974
2.554672151
2.558600016
2.629474155
2.214412701
1.643094441
1.359253427
1.260687858
2.50231541
2.461951599
2.449504282
2.611826119
2.600573997
2.611841476
2.562959161
2.465719728
2.566934553
1.518413351
2.072403294
2.228051874
2.480475697
2.49508503
2.608504378
2.68099288
1.327642383
2.837515003
2.088694809
2.462330612
2.409433934
1.25355267
2.483486253
1.524429749
1.979488534
2.630277837
1.240253823
1.27355938
1.192635473
1.304185143
2.740757208
2.394197138
2.209659167
2.159481898
2.318238778
2.509565421
2.527335557
2.494747075
2.615448073
1.313404752
2.449044761
2.459462552
1.790262673
1.508375695
2.921752591
2.733982623
2.772531133
2.596695339
2.648975238
2.154038943
2.187553945
2.608821918
2.681741244
2.624671466
2.08032049
2.250290716
2.417027075
2.605264813
2.33466153
2.283643928
2.511207463
2.453204941
2.692075008
2.658259253
2.577799205
2.546461651
2.458096294
2.415403075
2.60142693
2.600159707
2.506849406
2.488608474
2.40748353
2.557343807
2.336587962
2.48356079
2.492461782
2.460063626
2.492368199
2.407330113
2.317705065
2.317421553
2.640717227
2.403596086
2.421808626
2.162793274
2.591111317
1.600459659
1.322887725
1.276978186
1.29831232
1.955063919
2.304673053
2.340058849
2.394219213
2.52557232
2.556854938
2.605369579
2.453349542
2.585052585
1.786604401
1.706469887
1.251906591
1.236064955
1.282244355
1.612044914
1.211131922
2.400116687
1.722104947
1.645605043
1.277250057
2.154007579
2.743965053
2.597322193
2.418426186
2.30011802
2.253402004
2.392034511
2.641748497
1.471163789
2.355185177
2.422545899
1.180990138
1.307817406
2.217557666
1.179298262
1.318631126
2.569125203
2.292738495
2.5477049
2.533976408
2.524783522
2.051125805
2.618100112
2.57782935
2.197195282
2.522363036
2.585439068
2.677850286
2.48385931
2.237961721
2.387305284
1.586326972
1.310588319
1.272333897
1.295001192
1.936386309
2.343322712
2.341533282
2.298549131
2.273433188
2.695842003
2.585309611
2.639927609
2.649999275
2.394838415
2.450452238
2.599958223
2.532536624
2.526007876
2.372604558
2.54943845
2.614506497
2.256643108
2.230346226
2.626656724
2.669285637
2.078590702
2.253465864
2.425661588
2.29557377
2.276742617
2.562946111
2.509165976
1.986623814
2.493790628
2.573080058
1.681084389
1.25757238
1.322935329
1.3002699
1.498377264
2.48412686
2.639374865
2.378473647
2.432320435
2.344676977
2.318100549
1.485492737
2.494764176
2.589201824
2.44664104
2.916636091
2.538920188
2.409537127
2.724459479
2.634618805
2.486136741
2.379158734
2.602880723
2.306523931
2.670717939
1.867751043
1.543769896
2.209507396
2.254207854
1.291932906
2.701690726
2.712225651
1.202834724
1.177010319
1.201893426
1.465469105
2.232094337
2.539070598
2.429292417
2.631507188
1.332399942
2.641021039
2.461198149
2.369215631
2.564941301
2.23922892
1.430751066
2.596789968
2.522047023
2.561580942
2.538265385
2.333855364
2.214093187
2.203659449
2.59713646
2.348227267
2.413159036
2.732475316
2.255233119
2.529625176
2.647441053
2.592437542
2.614207747
1.314655387
1.500386753
2.565216444
2.559717443
2.502252081
2.553148418
2.560012889
2.731467703
2.081582356
2.223044608
2.428176901
2.647182291
2.256216623
2.234959975
2.577778039
2.371040561
2.772578488
2.624265279
2.46122092
2.406801747
1.71620668
2.512040207
2.369108493
2.271669995
2.486736091
1.603476901
2.471749924
1.328056234
1.268883253
1.302748344
1.438619001
1.917093837
2.803150272
2.765005295
2.59652228
2.605315215
2.617736371
2.624897487
2.447083544
2.381061037
2.650128423
2.598567564
2.56898701
2.488213469
2.614488561
2.347535224
2.664791665
2.287326474
2.235019566
2.63260426
2.554098104
2.340079726
2.18015146
2.59008591
2.477505887
2.631583584
2.472191896
2.664730221
2.465301863
2.673242563
2.116422907
2.335740627
1.144233024
2.212016416
1.42942573
2.620898975
2.628399746
2.408054781
2.23874921
1.179341328
1.309843118
2.623724805
2.591262549
1.129288538
1.17824576
2.687119046
2.460509884
2.629715037
2.4861356
2.600672541
2.083849592
2.614991631
2.513560996
2.526157313
2.552058626
2.479607242
2.411231578
2.303516705
1.428929843
2.63622541
2.532292698
2.516740779
2.656161887
2.749776238
2.338690047
2.344550362
1.322829174
2.233795609
2.59830875
2.1251534
1.659574277
1.721342596
1.273156339
2.39174624
2.370618179
2.66331079
2.312937881
2.755391948
2.788387535
2.2089631
2.557422393
2.496270885
2.679255816
2.055929524
2.156856076
2.428869623
2.674361977
2.250808433
2.1827825
2.613843227
2.782505555
2.6099186
2.243783733
2.25373138
2.646909653
2.556858897
2.344216825
2.536693066
2.531336924
2.219800871
1.866878204
1.538865666
1.289679837
1.315166816
1.45490702
1.918254227
2.649395736
2.452727536
2.344922275
2.634834102
2.687090984
2.461635056
2.495990512
2.314699321
2.717412502
2.259284942
2.23161872
2.641474054
2.433094191
2.876504256
2.595539646
2.700291778
2.628204812
2.663565957
2.681673036
2.395416144
2.585009917
2.530079223
1.320689447
2.322678222
2.411397654
2.757978487
2.630492003
2.32576002
1.493484584
1.185950908
2.682291644
2.233388414
2.248353358
2.202651164
2.563581254
1.806381208
2.330315611
2.417307007
2.644011162
2.601011886
2.650627741
1.375971836
2.555613012
1.924304401
1.632675674
2.549665765
2.502544316
1.187212054
1.575492779
1.25067975
1.176673731
2.573352683
2.640465806
1.402428824
1.305943204
1.352008507
1.311444295
1.671282944
1.938834769
2.588467068
2.588128582
1.505751269
2.424742526
2.3187457
2.411076667
2.846410367
2.315643449
2.320699285
2.553332977
2.605401477
2.672858565
2.169423983
2.544022405
2.523391462
2.532610582
2.548970051
2.566581718
2.584370714
2.533148507
2.758295035
2.438078674
2.443391552
1.873057514
1.759625755
2.518357528
2.328499401
2.641493062
1.052962842
0.8497680052
0.8817219505
1.04359731
1.161560204
1.2889455
1.482986761
1.969198608
2.640247391
2.701649241
2.630474342
2.603506146
2.628447523
2.667801372
2.699761076
2.721666247
2.73909337
2.75090323
2.794919187
2.562005516
1.143579619
1.283095964
1.400198296
1.829236906
2.475077762
2.485104712
2.40802214
2.470180402
2.392925055
2.359138684
2.351989623
2.352852217
2.443893211
2.593743739
1.918362203
2.03977195
2.682348837
2.205163093
1.994490356
2.6239453
2.282285766
2.631762932
2.583803993
2.373999442
2.593887599
2.652595457
2.415814947
2.297242401
2.599908855
2.404371302
2.962951627
2.541561586
2.357659179
2.579854006
2.490267963
2.291838122
2.696214887
2.076356847
2.198240812
2.217906494
2.566402351
2.322648773
1.732186371
2.536496805
2.535765961
2.476317401
2.468590445
2.740986645
2.646898916
2.3048815
2.376777528
2.655350172
2.687859974
2.592283318
2.487510328
2.191674379
1.650898991
0.9124181339
1.226096892
0.9778926937
2.356693429
2.345330107
2.100440357
1.155164839
1.671806908
2.606945004
2.317370002
2.663709786
1.336265612
1.957183105
2.354928583
2.801729374
2.354941466
1.00483343
0.9973011796
1.087533185
2.323921362
2.695241861
2.627410281
2.946358055
2.115201484
2.295898074
2.406951566
2.647766851
2.668352767
2.698739225
2.36280469
2.359417961
2.688568568
2.773063244
2.614238188
2.261186686
2.551303209
2.538825602
2.067334258
2.130377333
2.028294017
2.038840983
2.519867465
2.230212554
2.494655989
2.522083789
2.529367206
2.53430229
2.362557563
2.266035811
2.566180529
1.572549106
2.32367804
2.09245042
2.680761923
1.671279544
2.25742733
2.046749251
2.654022246
2.563953374
2.219131192
2.042692161
2.149193697
2.63242633
2.649721476
2.800385185
1.806733427
0.6055699948
0.3323286898
2.573665671
2.572993799
2.09441683
0.4713556681
2.112567383
2.365085634
2.585274662
2.637151475
2.676345565
2.215200727
1.568039775
2.58778759
2.170763015
1.979814214
2.588432628
1.598450967
2.62905111
2.642314186
2.727479281
2.676664396
2.638464192
2.624690925
2.758970022
2.406241656
2.431862537
2.49261673
2.373719464
2.586479306
2.603001507
2.598121645
2.580570681
2.23764383
2.589796937
2.313177497
2.591153354
2.580874559
2.570015733
2.572581243
2.110008278
0.7025693343
0.9005039983
2.517446623
2.365241107
2.421460519
2.271844768
2.511883533
2.328454186
1.955007208
2.08712004
1.360195871
1.65486583
2.571843391
2.54231004
2.556661071
0.8093228704
0.9962867926
2.224629484
2.076831135
1.992979613
1.638178274
2.104799186
2.061842806
2.180981321
2.569754503
2.34875042
1.965681647
2.531741052
1.705608317
1.423044555
2.645606902
1.65322758
1.913105786
1.765568011
1.979387321
2.564551488
2.084130409
2.022168062
1.604744309
0.7923180321
0.6293171302
1.111446916
2.288787901
2.572710372
2.560494989
2.2154352
2.576525756
2.577213397
2.609407114
2.577077769
2.579180244
2.554823956
2.587259764
2.564592998
1.121885575
1.198116782
1.726289496
2.047232809
2.506319774
2.154906031
2.104998935
0.4506568711
0.3173689199
0.232040607
0.2477438708
1.329245522
1.680980779
1.671898604
2.003684683
2.583084712
2.583222599
2.827583058
2.209399537
2.096757386
2.586934303
2.580011512
2.096131164
2.078556277
1.783617883
1.999595155
0.8114179032
2.806616787
2.25776978
2.643596052
1.445932255
2.589986743
2.567263623
2.53644667
2.624576326
2.557639539
2.383726938
2.51243822
2.457098178
2.846246245
2.403143034
2.532294287
1.433905034
2.67327262
2.082794902
2.506484427
1.354179522
2.202384168
2.581740648
2.097132464
2.609057491
2.648988817
2.042774472
2.405575721
0.5189168777
2.78796203
0.6048380962
0.3202387434
0.3878553296
2.561102087
0.4610500056
2.031003955
0.4935904067
0.5456458497
0.360074279
0.5728791005
1.944115541
0.609115428
0.2912157188
0.9177845383
0.2887920961
0.8033179113
0.3773949451
0.6162550233
0.5124442268
0.2601469665
0.2707215772
0.2396584455
1.477369839
0.3897322101
0.5114513186
0.1921147442
0.5580246563
0.4020103948
0.5168450516
0.3948913782
0.2549733669
0.3183691906
0.3136918136
0.6214089582
0.4314709077
0.3838660101
0.4162855424
0.9627613313
0.2908337165
0.3137872248
0.2938091454
0.1970733252
0.257766269
0.283934382
0.3174794367
0.5924869887
0.4955465143
0.08811856728
0.108707399
2.106794251
0.3224631344
0.2747945467
0.1533181245
0.8820145413
0.70588825
0.2797698251
0.260727476
0.2872070079
0.1356314961
1.07414891
0.8208578664
0.6030755764
1.817386201
0.03659584556
0.7346135495
0.1804655555
0.5233613575
0.2335003543
0.2447964437
0.1996578447
1.250096541
0.458426127
1.969949293
3.303107149
0.2213876108
0.2889549771
0.408532223
0.1869124815
0.1962578514
0.3564436263
0.1640606343
0.2162900697
0.6663083251
0.5801719055
0.8425333928
0.8260333156
2.700511571
0.3735792193
0.1440502762
0.1610576464
0.1136041635
0.8466002166
0.1907118833
0.6330370382
0.694671398
0.5406115863
1.04010655
3.967260678
0.1402932025
0.257572008
0.1363449676
0.555665507
0.1278071715
0.1752838382
0.5335705373
3.632087554
0.1312660072
0.1307994945
1.223781535
4.005236205
1.454877715
0.2467999835
1.503754706
3.369603822
0.1412487892
0.4030607442
2.929640893
1.433337997
0.9709601429
0.4223202885
0.8461707793
0.08621768829
0.5547362906
3.518129207
3.307418733
1.45452489
2.89463441
1.746720708
0.4047661201
0.09906319579
0.2287011616
0.7642031849
0.635909255
0.5773935782
3.08732181
4.933546748
3.112238262
2.363294544
1.849177074
1.960754596
0.9410876588
1.732424287
0.7504745754
0.03147286418
3.276810356
0.8162030163
0.7547165426
2.67451512
1.526377479
3.125715033
1.949724472
0.9394578585
0.8087838688
0.1461842196
0.1219291552
0.1287504757
0.1345614031
0.12456355
0.1604562446
0.165025555
0.13816197
0.1418216253
0.6992878474
0.1387626624
0.392438696
0.2716206414
0.4279625291
0.5730180289
0.3236473938
0.1671683775
0.1388906703
0.7141195534
0.1667960267
0.1401071036
0.1423715702
0.1410395849
0.1331765075
0.1370458366
0.7374211634
0.1820047569
0.1963707206
0.236138483
0.1509557383
0.1280426533
1.833149949
2.442989041
0.5736764791
0.6618416565
2.362445217
0.2427723751
0.848666069
0.7231596349
0.6086078454
0.3240272774
0.5097349019
0.5830994242
0.2838810493
0.2690047834
0.2950918393
0.3000876282
0.141870229
1.743996912
0.7255051974
0.3244353073
0.2818803746
0.2883200645
0.3949356475
0.3411493244
0.3017695798
0.4787113409
0.3938686012
0.3243398056
0.2961239837
0.4488079593
0.6333717649
0.6499589956
0.4898225591
0.9989311307
2.013086269
28192.53163
4.577681821
0.5240108309
0.3704461011
0.533239895
0.5999158336
0.5863181022
0.2387242641
0.4765899628
0.3999992342
0.2758720524
0.4700724024
0.3278499909
0.3733566029
0.3799247409
0.4404662222
0.3441652446
0.3959566991
0.2817585084
0.2626351721
0.266400172
0.2911399333
0.3389909063
0.6262127789
0.5521063879
0.4526297543
0.340063735
0.1967755938
0.3096958166
0.1781936558
0.9906261154
1.046698367
0.285991618
0.3082005429
0.3493644832
2.415978051
0.3671185301
0.2803657942
0.5360388731
0.4846247619
0.4100575457
0.7564788416
0.3451707649
0.5609190264
0.9127114636
0.3420487115
0.1997263435
0.3306202862
0.2538197013
0.2337112253
0.3734562346
0.3243356108
0.3332655521
0.3015236639
0.3156932588
0.2817768534
0.2713553492
0.3084452898
0.5337418379
0.5362426608
0.6456621689
0.4975352078
2.052938801
2.575839297
0.4908987666
0.6457303434
0.5352144584
0.4580412236
0.7309884731
0.6978160634
0.7710540771
1.042113948
0.1999121229
0.3796817881
0.2697688256
0.3339264262
0.2296563696
0.4596490421
0.6348596476
0.4847990725
0.4384797013
0.3364229714
0.4503711448
0.3341457851
0.5260650102
0.3116087321
0.2735165678
0.2520387658
0.2853700745
0.2588758053
0.2484682109
0.1383355662
0.1718609449
1.128680028
0.3645694232
0.4359011291
0.4031830642
2.141906171
1.818916419
0.5677716419
0.2150026214
0.3809546958
0.4337600464
0.4296190017
0.3384946517
0.3326815675
0.3030503607
0.3298001291
0.2012770425
0.18748336
0.164488168
0.7941975741
1.008815223
0.9155507677
0.2938807894
0.3771840028
0.327982265
0.4607161856
0.8231784565
0.5470628052
2.127860281
3.994360928
2.7810927
2.271454688
3.422805017
0.8102903305
0.411891709
0.2032838629
0.5124491442
0.3180896971
0.6974674212
0.3737161593
1.766229815
0.7928927872
0.6516280222
0.1914716133
0.3009720038
1.2475812
1.025709072
0.3847457003
0.5528727495
0.4938881487
0.4647930316
0.2676439491
1.622356837
0.2617872386
0.290858107
0.2914846856
0.4174424467
0.3931878555
0.3181098278
0.5161243497
0.2463025682
0.22058751
0.2794629862
0.2445142348
0.2764436348
1.679012849
0.4907539519
0.596625074
0.1775001159
0.2443335495
0.2939839022
0.4037535505
0.1080279385
0.1292644471
0.1377951323
0.1313176825
0.1412308673
0.1547752604
0.8734656005
0.2268515589
0.1773735972
0.1917191979
0.1288170058
0.4060952264
0.4311385792
1.884762027
2.017724375
2.116890716
0.6570379354
0.8899024445
0.709790022
0.5228503038
0.5293466343
0.4300548317
0.3389039199
0.2905853772
0.2725428459
0.28267667
0.333073224
0.6060790718
0.9044302234
0.3092065619
0.5100401184
1.002270462
0.9426741732
0.7649404622
0.3947891191
0.227242916
0.1558174591
0.161744378
0.3291192215
0.3409265631
0.3529701499
0.300724857
0.6853755953
0.4207153946
0.3928467237
0.3864504588
0.4195094593
1.658213357
1.571577216
0.1743030797
0.9900375617
0.3181384661
0.3174926495
0.0919221846
0.6732164868
0.5375779054
0.1232510995
0.1752516347
2.613482149
3.031964762
2.142478887
0.2915821545
0.2814303412
0.2716201625
0.3114055223
0.3154983291
0.3368211248
0.3124144765
0.2274927568
0.2002187307
0.160157746
0.3963886186
0.3679949692
0.641171879
0.2338734988
0.2569987757
0.4978584261
0.7073382466
0.8288007383
0.3579290412
0.5428121366
0.5247612914
0.08795732122
0.09869517043
0.3357759154
0.06930409203
0.6035188308
0.1407474303
0.1333734913
0.1423739812
0.1489156563
0.6699234424
0.5558364903
0.2011864479
0.1779376887
0.2488804917
0.4623261815
0.3074493547
0.8287858465
0.8265866756
2.077334431
2.035423202
1.420668754
0.9054111253
0.4481140087
0.595950413
0.9232521248
0.9504148233
0.3177818572
0.359602887
0.3105981758
0.2797368939
0.3120998965
0.8922906418
0.1267464321
0.1682616535
0.1576181235
0.3574691207
0.4925177489
0.2106529914
0.2824136682
0.3201441784
0.3268218647
0.05187290784
0.3107250722
0.2665041926
0.289299482
0.1392591436
1.158974104
2.968731146
3.048082938
1.513949387
3.5184911
2.816550761
0.2509999972
0.1695193865
0.1987124553
0.224868309
0.2583175761
0.2557527377
0.9199362565
0.8818849425
0.7089316123
0.4600712268
0.2626725652
0.3465762387
0.3006072907
0.3532134722
0.2614174103
0.2159473353
0.1663104672
0.2356059179
0.09517258672
0.407473051
0.814560428
0.1257042884
0.3461439024
0.06950811909
0.1115119356
0.1304184202
0.1808617581
0.1675970253
0.1722657618
0.1777601659
0.04638079572
0.3066247083
0.45999753
0.7271176758
0.6576907165
0.5873830913
0.7134697536
0.2787427197
0.2177534703
0.2887644597
0.413273354
0.5672982611
0.6376248255
0.971112133
0.9018968049
1.001732364
0.3856523199
1.895963509
0.4578832072
3.060039554
0.4770624185
0.4554562717
0.3091102948
0.8904760093
0.7366808067
0.8876831234
0.9283731605
0.136036924
0.05274582914
0.2510142936
0.2845836667
0.2553738636
0.3308301402
0.252427143
0.350348507
0.8043487955
0.1580819125
0.2943895982
0.2985379917
0.08534264327
0.3245698775
1.968525272
3.553193356
0.2263545634
0.1265369416
0.5078759392
0.4416567396
0.0711087713
0.2499882484
1.12658177
1.210679015
1.119681678
0.8918745156
1.133080849
0.3530008069
0.3875083118
0.3361572497
0.2994752757
0.9933772809
0.3707186914
1.176792471
2.474287522
3.801887052
3.862186804
0.04656490539
0.2589245866
0.2334781104
0.3232331441
0.288312984
2.424080209
0.8937296727
0.2547777763
0.2683698884
0.4263316614
0.4747232303
0.66125605
0.6657994827
0.4066684309
0.09031654691
0.05292619578
0.06985757145
0.0985046717
0.1181136041
0.1433813293
0.1664609493
0.1762909582
0.1880079656
0.1775145324
0.1829315719
0.4520576972
0.2087881884
0.3009102274
0.4114207727
0.3692826595
0.8651154059
0.3376541432
0.8539207414
1.026346689
1.68636779
0.2856670615
2.029746676
0.3716356452
0.6496014369
0.5965106944
0.3749727746
0.7949746214
0.5965791757
0.7344027756
0.3006560896
1.03683939
0.3735995489
0.9482142824
0.7957096512
0.6729775339
0.408507906
0.302307307
0.2502691753
0.1742941694
0.08085262411
0.766716716
0.3279431713
0.7501325597
0.1394934747
0.08618956268
0.1014147125
0.196164854
1.011020867
0.333107293
1.456540487
4.197448524
0.01357862065
2.912479454
3.935118502
3.607745825
1.315819985
0.6472278971
2.110012776
0.3485864648
0.4501041925
0.4711106657
0.3916035701
0.4351968308
0.3953466835
0.08095167391
0.1903105025
0.3358036768
0.5395644474
0.4616995659
0.6531900845
0.2403998488
0.4101230248
0.192316215
0.6580737945
1.036809362
1.143066975
1.135615441
0.7596726342
0.7830374218
0.6106433389
0.6514686751
0.6017268991
0.5272790394
0.4591676053
0.3760567841
1.098246284
1.448668877
0.3600303925
0.7730662583
0.8090770512
0.3036613964
0.7465968077
0.5843188317
0.2060518577
0.2613251965
0.23750998
0.1988907471
0.1737761114
0.2633321827
0.4295770834
0.6870935641
0.7565628075
0.5746035281
0.3043742654
0.1787109663
0.05475580039
0.07202654992
0.118092587
0.08517321433
0.3012548447
0.2896778598
0.6418707773
0.1929153483
4.070921969
0.2448583656
4.265511715
3.421609757
0.1679068051
0.232162891
0.5848672228
2.001672693
2.984806696
0.2141561524
0.187706039
0.7272339262
0.151377571
0.2874356483
0.2399002562
0.2805726184
0.3159426036
2.165622434
3.673873798
3.805922833
4.098818269
1.354996834
0.2595431329
0.4577088754
0.650694874
0.8006877721
0.4137933851
0.586905997
0.7464274425
0.7512837012
0.8474113368
0.485113016
0.2740048153
0.0523250306
0.2056722514
0.1577203908
0.1865972466
0.6603005429
0.3626986442
0.6399719501
0.236631028
0.2941588579
0.6561445829
0.1561506299
0.5520969121
0.1693030708
0.4707577
1.235524762
0.4243847529
0.50801321
0.4264821208
0.5097837093
0.214971522
0.2193798824
0.1889442233
0.1582234467
0.1849519249
0.1186712256
0.134661767
0.08529819479
0.07388835967
0.7193729605
0.4700532405
0.2486703238
0.1892513554
0.1466071541
0.1245945389
0.1466667746
0.2915833654
0.3753697248
0.3339532787
0.1775497535
0.9770498087
0.1670230353
0.335153515
0.1199683996
0.1104000691
0.1011433303
0.1273204667
0.200136467
0.7948278188
0.8271591549
0.8092200415
0.9599480125
0.1713409773
0.5438918881
0.3744898322
0.4849582087
0.6380208641
0.6536193543
0.9711075738
0.4560571045
0.5278303395
4.539870839
1.651618384
1.755149858
4.088222239
0.9693898632
3.296970815
0.2870763131
0.7309900169
0.2456714719
0.2888493816
0.3397691216
0.3846154949
0.4364478843
0.4468310733
0.7343765548
1.064779286
0.531217664
0.2524065306
0.3591265441
0.5942339769
0.3748227368
0.3650577115
0.249045523
0.1824861197
0.5831135529
0.2541490808
0.211067996
0.2208041095
0.232667943
0.345634635
0.1315059005
0.1399221489
0.1459968908
0.1522505115
0.1657919192
0.1405642443
0.2135913465
0.04255894846
0.331846796
0.09473980585
0.9709345376
0.9936938298
4.059819554
2.703112845
0.5677550325
0.9543084443
1.029561812
1.039344656
0.800605582
0.7770255856
0.8250397043
0.227500826
0.2115332246
0.2040883068
0.1423864789
0.2117055487
0.1511570911
0.1768483952
0.1581581815
0.1002235013
0.1747889096
0.2200473459
0.01913539073
0.4720373485
0.494784128
0.1049329101
0.2655081333
0.2493055224
0.2606488066
0.3110156897
0.3505328541
4.205008981
4.527737884
3.523010663
0.9243736182
0.2495935924
0.3051232262
0.0995363167
0.2056452517
0.3610849959
0.2314527302
1.647327175
1.411446846
2.058439239
2.853828166
4.373496569
5.493370158
0.7081312686
0.7963792605
0.8679556915
0.9418993752
1.062106586
1.22088198
0.8864935208
1.291716628
1.223386993
1.0784967
0.948307786
0.8682731656
0.8382284538
0.7444907024
0.4098192533
0.8591764715
1.055942365
1.120575019
1.068573006
0.9068406392
0.7507890996
0.6610289853
0.5987218202
0.8748721869
0.4670779833
0.1141765183
0.1853550818
0.1596389577
0.1749042139
0.228815279
0.1380204431
0.129083245
0.128351214
0.1203377209
0.1178031559
0.1235470572
0.1225494583
0.2160716531
0.2349656262
0.3348182025
0.266493244
2.759669103
0.3478204556
0.4230056933
0.8634382684
0.6299448324
0.9291043475
0.4600753826
0.09935206737
0.2052571903
0.3264766888
0.4396404092
0.4553227077
0.1232380439
0.1924081686
0.6703839954
0.6520282183
0.7930821317
0.4955512025
1.444730262
0.4727959106
0.1296482084
0.2865849943
0.08771324152
0.7037407021
0.3494334652
0.3075993344
0.2949319963
5.913303386
0.9320760564
1.416581836
0.3133280516
0.1500712095
0.2054496421
0.2051013733
2.913832509
3.7455421
0.3687135091
1.425457548
0.4938562632
0.5922961827
0.828252646
0.9386697998
0.683230359
1.012951643
1.249203647
1.099291129
1.044618923
1.134440159
1.476603401
1.469036796
1.191348646
0.5868669592
0.3835091957
0.3217930178
0.2935825173
0.2132418084
0.2302755142
0.3164687712
1.899542909
2.137386521
2.186328206
3.690429562
5.643583629
2.673900218
1.121398802
0.1248800546
0.1231492809
0.1261243115
0.128115855
0.1323001238
0.1423795051
0.147978801
0.1490771467
0.161172763
0.1711192399
0.131120368
0.1319162838
0.1564045584
0.1480735992
0.1898343745
0.1902250555
0.6217012775
0.1815154802
0.1895210929
0.4672719015
0.4720446887
0.5412151297
0.4964023533
0.4377801249
0.378507073
0.1403994012
0.8408773248
0.3674773897
0.1963635163
0.4961005537
0.2083256965
0.1830503585
0.2236762861
0.1919914256
0.1452959924
1.089349235
0.727416945
0.784227903
0.2709709892
3.533130711
2.061901781
2.404947108
4.683857887
0.2404555459
0.1840199182
0.7371309179
0.1273684452
0.2072869798
0.6374858421
0.4659724328
0.2652205797
0.4110014363
0.3563876394
2.195238004
1.750071015
0.6916032207
0.5829457169
0.8233680588
0.3843238194
1.153551649
0.870196782
1.282627873
0.5755187464
0.3842712116
0.7018511532
4.757654242
0.5690472517
0.3099318704
0.136958654
0.1365184573
0.1361003708
0.133765163
0.1364026293
0.1360262232
0.142311932
0.1313225669
0.1345234499
0.1511884006
0.1435373188
0.1376164231
0.1288581362
0.1339302013
0.1353981312
0.1372668641
0.09673981864
0.1479991866
0.1623700715
0.7831902151
0.1712290077
0.1742427789
0.3002547075
0.3047480789
0.5000829787
0.5155930176
0.4304357573
0.47752758
0.4541356783
0.3142290163
0.257177347
0.253644168
0.4229439556
0.7883976636
0.5957950521
0.3389392156
0.2714030405
0.1556940448
0.1739691278
0.1916140912
0.1677305649
0.3163633407
0.1698007071
0.1777382893
3.100558999
2.112425662
0.4456387581
2.092538501
0.1753171694
0.7603580428
0.8572852969
0.1987243202
2.622318824
1.284678084
2.597843151
7.284431914
0.4368445359
0.6884058422
1.365337284
0.3699097532
3.947560059
1.502060571
1.960503723
5.722923268
3.028220915
0.8907133374
1.668592255
1.925829995
1.875265102
1.062843673
0.3579599626
1.225451398
1.247901474
1.068959983
0.756477813
0.1847828039
0.2130835935
0.3176007843
0.4769549807
0.4580989232
0.9456790587
0.4807829088
0.2741791178
0.1632455851
0.1797594492
0.3848202045
0.3644006862
0.4409265723
0.6271974395
0.9171353962
0.6127055727
0.207178712
0.1542571234
0.5027872925
0.1924953804
0.5552448192
0.4252657198
2.217088429
1.841184523
3.51259894
2.061929874
0.7890083725
0.5088295644
0.912226607
0.6126044024
0.7656406444
0.4456432667
0.2941156046
0.6910492221
6.125719134
2.723740546
2.194621103
4.342795358
2.657290681
2.109894515
1.743961566
1.997434877
0.2750461563
0.5836644344
0.5487056774
3.906765311
6.093517294
1.626609978
2.572423492
2.747455794
1.713108284
1.245096383
0.9656396398
0.8842534963
0.608294178
0.2641810725
1.079946126
0.3387251844
1.058057639
0.6222790538
0.3600323696
0.5032368132
0.3932308094
0.151235413
0.2510453462
0.2621810294
0.1375652359
0.1674805403
0.1201280152
0.1594755736
0.3789193489
0.2797230044
0.6884451132
0.7254202278
0.1740598706
0.1560041038
0.2777422464
0.2979880592
0.4282322788
0.271490054
0.3921940218
0.1495999964
0.168324862
0.2070593805
0.1091810952
0.1271331006
0.1186510319
0.1246040013
0.1320127581
0.1309442682
0.1353244659
0.1327760919
0.148335198
0.1420031244
0.1368598057
0.1326386251
0.1390798942
0.1806430769
0.8277319735
0.5683046241
0.7198618932
2.700862731
2.272611844
0.4601863436
2.534944001
2.335345091
1.927078897
2.469165353
3.561150607
0.7795966695
0.8669733514
1.156624049
0.6380724858
0.1197176444
0.149962379
0.01962630838
1.900747654
1.928672997
1.926206859
0.8129345251
0.7859518049
0.1332612145
1.486891372
0.1444762588
0.6839305834
0.3664062622
0.527653649
0.7156234085
0.6619767865
0.2037754694
0.2998438587
0.7157077663
0.5722424141
0.494588153
0.4164772562
0.7980292299
0.2133834568
0.5279776287
0.7308513894
0.593857583
0.6374855459
0.491017862
0.4155280419
0.1946352678
0.1995168084
0.3301623235
0.3116636749
0.3797347502
0.2597009664
0.4260061763
1.37958342
0.6060492796
0.5211444611
0.263968118
0.9302536786
1.753123904
0.7607918599
0.2796101418
0.6561418237
0.3851716236
0.5128850266
0.8238639556
0.5310979765
0.5106655899
0.5101948001
1.080232822
1.250633635
1.340167178
1.092871959
0.668397952
5.53192757
7.530422324
1.905668387
13.29049112
1.754739074
0.8602379071
2.442731659
2.083091867
1.618197044
1.227260402
0.1854234226
1.034174047
1.029661305
2.067290959
2.211279419
6.64417283
28264.57728
5.099224453
2.001954719
1.752630024
3.30012383
1.753680453
0.2517465452
1.413126388
1.092558934
1.566477339
0.1265569515
1.075614021
0.4640082355
0.9011682309
0.7888161947
0.8302338119
0.3877090811
0.212576722
0.1956829413
0.1256151172
0.1257550411
0.1407328558
0.1947009493
0.2568279216
0.4436454279
0.1757259637
0.7472715107
0.2266639484
0.4240743313
0.1618713916
0.1545985106
0.1624700089
0.1409402031
0.1600627088
0.1545998506
0.1966818666
0.126933257
0.2658450449
0.3530339787
2.231656609
0.8428994636
1.997723252
0.4794042052
0.4401020259
0.4598642499
0.1734584214
0.1603795374
9.251476921
0.1517290809
0.07832114597
0.1165744844
0.1289546825
0.1230939177
0.1291059474
0.1271736625
0.1535812614
0.1450145297
0.1404620851
0.1311199694
0.1246992773
1.949964823
0.5980784193
1.806323901
1.291288348
1.952953503
1.935990863
1.582769643
1.971702258
1.112117422
0.332103499
2.168211093
2.140649151
0.8627901603
0.5616181084
0.8129103256
2.10186985
1.573424419
2.060106946
1.086166631
1.037914154
2.091650111
0.141983741
0.8342357854
2.017273384
58764.70347
7.218956553
1.237927578
2.271001649
1.996091279
3.593936163
1.097254856
1.051380223
2.037089413
0.3359392627
0.7732252332
1.417154837
2.2550883
1.623296015
1.774542832
1.601484004
2.112750868
1.08755828
0.9683088159
2.153752485
0.8513640186
0.7783545978
0.9389320826
1.155781397
2.087685484
1.21722949
2.011410711
1.221770893
2.144111094
1.007137392
2.176730427
1.233729907
1.95947427
1.088712686
0.9233818158
0.6231487947
1.325357969
1.878129322
1.821697387
0.2385629073
0.1751535007
2.085833001
0.2647589566
0.3265761135
0.8592525943
0.7131012575
2.15293848
2.126855389
0.8247316837
0.6471659594
0.4407667831
2.15062219
0.6982107101
0.8101379155
0.672889963
2.200676541
0.4436253049
0.1722806239
0.1632401019
0.1657322936
0.410016824
0.1817756571
0.1585822336
0.128099003
0.1175880916
0.1171708949
0.1168286091
0.1145721338
0.1440634616
0.1531567825
1.183552212
1.625569056
2.110056871
1.261629664
0.7360611823
0.6049867482
1.817715534
2.104106053
1.275487971
1.481156088
1.354450083
2.803139946
2.019785373
1.246675629
0.9959161027
2.117175226
1.754659679
2.082380908
1.448462338
0.8594936441
1.378274517
0.8955668261
1.094660132
2.196377698
1.007400449
2.172505254
0.1158117223
0.1180604293
0.1187336236
0.1235227852
0.8882480503
2.076063463
0.6178810824
1.606040863
2.078092327
0.1322588982
0.136205244
1.003123097
1.25017294
0.1411411002
0.5598726359
0.1415556084
2.02891239
4.179244235
1.205780724
</DataArray>
<DataArray type="Float64" Name="total_energy" format="ascii">
470.6005417
506.6760698
513.3141623
509.9292563
511.0409464
510.6342205
512.0349884
478.2330578
473.1898381
516.2516585
469.6714706
509.8152514
510.4517963
505.7176619
509.1082084
490.0939452
486.1069398
535.6614461
698.9008899
463.4534092
677.6466444
701.1146994
516.8406878
487.674251
443.3009971
453.7584888
472.9800555
497.9802601
470.4540728
451.5224357
491.4516552
445.6570855
458.5516654
385.347249
446.8153351
397.6106198
477.0759116
520.0592139
508.8025708
513.9013107
426.4547522
501.1709299
501.3566124
505.7357823
504.6898335
506.5788954
510.8763392
508.2517827
485.5075151
433.727177
470.8677506
512.650529
501.94666
492.0113727
488.3823942
460.77258
446.5053476
401.9768994
465.7898612
430.2304062
509.8508593
504.6390309
453.9822495
499.3208013
496.1099412
496.5223738
561.849204
513.8165899
501.2343479
512.1318765
505.9161629
506.3806344
511.4182039
510.3629054
508.526174
506.0227002
508.318743
513.2898198
544.6900287
510.2599587
487.6230146
709.2116619
546.0994442
721.3879998
698.3752323
734.1708383
464.1689017
786.9052629
652.3862251
759.6106937
704.651144
632.7505971
735.2286645
646.5264389
580.5907742
758.3276575
639.1605756
522.890657
392.3035283
510.3298337
494.5144387
454.7892438
449.7049978
456.9259012
519.8544081
539.6310758
682.9208168
530.3093519
446.1462245
469.0234915
471.4126138
441.0200583
501.3195395
513.3684643
512.8101209
511.4154298
506.4790077
512.6837817
781.9893316
756.1059444
603.4141526
501.5115735
620.7131006
731.8181918
568.1985392
666.1763563
554.1312513
516.8441135
465.0235794
509.6270858
523.3247744
377.1883491
446.4227603
446.9512669
481.6337009
486.5007261
487.7005265
501.2910228
519.9707312
475.1310492
503.473035
520.5334409
457.9967613
467.6938187
484.7057455
461.8140135
446.2347295
405.9986644
463.4700268
508.0870548
430.5489569
429.3132062
583.7615175
734.0978428
501.4125367
505.2343145
506.4919774
508.8991039
508.9418577
505.9444937
501.025518
507.6541137
513.1842885
506.3062015
511.749896
509.053194
510.048596
508.6372587
510.3098615
512.3096008
575.2283327
507.7653475
498.2385192
504.8334925
524.0479932
508.8847418
596.8122351
672.0027033
483.2471718
412.8351859
817.0166113
788.1199414
664.2715692
515.7007492
626.7218637
694.8684514
649.3683297
699.7506096
602.0813423
510.9906139
509.4880982
545.4852162
481.4720338
507.9229973
511.3864151
420.5197132
489.8502784
469.3005012
500.752071
505.4278287
511.7744841
510.8816358
488.0461336
807.4084347
762.0187658
618.6532362
526.1726068
551.7254979
523.3131877
515.6892764
502.5058833
509.8630688
505.1839803
477.32097
412.0243475
509.9130621
525.2242656
496.7563954
368.1982892
448.5980882
439.3691803
503.1152553
484.3075784
422.994333
486.4262462
500.0268794
520.7035084
522.1964307
462.6018246
445.9027415
410.3210547
460.1697887
503.9848401
503.5603225
507.4345762
510.7786044
523.4255113
495.9584067
422.3327397
570.6580878
758.0005853
841.0930699
509.3600416
512.681282
504.0262167
513.9149946
509.6581791
508.2542641
512.7090401
496.3455416
494.2051737
671.7582817
535.9322678
423.8435625
512.2859829
510.6833006
512.3286
502.8343281
724.7747853
523.299976
520.7323031
417.4973925
453.2001159
589.5358404
526.6285598
567.6191679
504.608607
505.6953963
669.3249428
643.2607335
666.3167938
626.3221058
523.7942372
522.9753672
409.8056755
402.3075838
434.2112801
486.6916954
509.7927451
505.4444715
518.0945267
806.5733325
505.791258
508.2005966
516.3297623
647.5614783
502.7571455
547.4757446
532.8585942
521.1509243
525.0307783
392.9739546
381.7851528
507.8613607
523.862022
506.9899992
357.57394
452.0985636
426.7500262
506.9088868
486.3978214
412.8404631
489.6573863
485.1239967
495.8989935
521.100417
520.3475324
511.4990882
511.8547252
503.2928249
509.0549838
507.9362943
509.0559513
505.6398225
491.7859112
495.9204855
412.0134256
502.2368346
503.7819182
505.1007712
508.1673936
465.1337784
447.5102496
454.0109643
487.8352151
484.688906
516.5469237
507.932029
508.3277805
596.5305907
769.4629986
860.0674839
824.9449046
493.2894392
456.0158437
464.5910325
499.6093545
516.4669876
506.7753488
489.655216
477.3945305
489.6150756
485.042239
591.4017702
863.5951463
833.8205436
826.648786
557.1470977
603.2070029
514.6002642
550.4718449
544.0515809
794.5746199
539.8910402
519.1644245
523.1604926
521.9903929
470.5022673
471.0530277
514.4022107
524.4095449
598.887862
519.1946446
514.9820498
634.4998889
544.4003541
470.1812474
639.6703673
559.3681025
520.8646755
478.8270374
508.5468755
518.978101
511.9545756
519.4694541
510.0288897
513.8436088
414.8592323
486.9117808
523.0997082
524.518628
472.4897584
418.1145874
481.3560259
628.164211
793.2522289
879.7163687
851.0752896
538.1483595
452.2992895
454.7260819
451.9348611
447.9190213
530.2708565
507.8464843
515.9971264
517.4563391
503.2000988
509.3582268
514.4028319
520.8776219
517.9287454
498.2719693
506.0646602
510.4209066
479.9188759
388.3991701
521.2018724
513.0870697
346.4725181
454.5766247
411.413847
487.1485986
398.0812565
540.3043775
519.9246262
484.3638616
510.887733
507.5400831
602.2782976
887.7137712
774.4970482
852.2968437
680.1885816
516.4929633
535.7336038
517.8975946
514.0081115
517.9377304
494.8235809
492.0427461
508.2925468
515.1376708
505.3829116
519.0021268
496.3165705
482.1221071
492.6391309
524.5720203
505.0685943
489.7141614
500.5565582
489.4079422
503.6436879
462.1350482
553.9655713
472.566807
440.6428135
584.5588654
528.3180414
529.7543184
608.0264084
582.5796035
613.6764101
563.2935577
422.3603351
540.6161961
513.1819721
495.2548911
795.7261629
507.4805401
531.3375333
451.3090767
506.3148704
401.8920684
702.611104
506.8576342
517.0641619
523.7700776
392.5702421
511.7515159
367.25241
473.2838926
533.7929405
517.285165
515.4451618
516.3157299
452.6163867
506.6142647
503.5441366
517.2214536
503.3183153
873.7143897
700.9811172
516.4965389
518.1648982
518.5172622
508.9824345
518.3491623
523.3806614
333.8119311
445.8131609
394.4361711
513.1023836
488.1962579
375.4869579
504.8374271
479.3982123
491.1200791
523.1278874
514.5319192
512.8337102
555.1275361
469.4909473
444.7280385
412.8531629
459.9941001
640.5233376
436.0495821
823.9645317
903.3160212
874.7071335
729.8581821
553.5721388
486.9480328
511.4459524
517.7638592
519.261219
520.5988769
516.6295267
505.6206592
501.9781578
521.6728265
504.1265868
507.7659734
507.6711436
520.3679133
484.4499401
508.9973703
379.3077523
486.3992564
506.0244667
384.2532174
472.5862218
464.9060502
521.916824
515.6660229
524.3051856
514.9789779
526.4258223
513.856702
527.4266367
520.3285306
515.4573323
588.1357981
519.5465204
523.5284292
522.3825212
525.1425317
513.6296791
410.0024924
571.1434824
614.6813305
525.2016647
524.5286785
590.604856
566.6349836
531.7178308
511.1417446
505.0703899
503.9563276
510.9969932
562.2681741
501.6360325
520.0195901
522.7209527
521.138
515.7705824
514.8507589
395.9958952
667.2079551
512.9112719
524.5947148
517.3233424
529.5908976
525.2620581
507.5489763
523.192939
516.7200578
431.4223335
534.5811248
506.8123052
637.1871998
628.0481029
907.1528177
518.7842901
517.7230341
529.6435138
504.7542911
532.5684577
527.1539496
369.0981012
512.9665736
513.8776876
522.250786
312.672956
429.7960898
374.1699079
512.863715
494.0416948
348.632163
513.0437003
483.2036028
522.224798
483.7423701
490.8891999
516.4369061
503.5540458
494.9536184
519.8894429
519.2612329
456.0149874
467.6201485
645.4892607
929.4214624
894.3132027
749.000033
578.0222089
521.9393336
500.8996157
497.8646744
524.4940077
492.4830358
506.5305553
502.6456099
475.7998831
517.0549936
359.5656271
491.1590311
509.4677738
368.9530872
529.7733234
495.6463794
522.1073076
535.0737666
534.6186142
535.5908588
474.4418539
533.0400361
521.1921295
524.1930179
511.9471824
514.2818903
532.4925392
489.3270855
511.8194796
495.7240791
556.1203744
536.7350988
355.9422348
342.3352687
363.7414739
524.5688904
467.4454333
510.6619888
511.8073078
534.4474084
532.3949108
532.8069359
508.0478633
520.1054077
480.8972173
524.9824926
529.8766399
527.4003467
570.4911374
521.6176258
567.7117107
557.074593
497.7330888
531.3059899
825.2729544
921.5525913
810.9417189
893.1828601
614.1908303
550.6671796
493.4748669
519.8008121
721.8760214
531.0823837
475.1835783
511.7104401
485.096513
490.3507646
509.2028031
507.7313982
522.2618952
535.6576105
342.0187415
522.1549731
517.7883519
523.3481431
523.7886217
535.8894364
541.0673229
524.4999908
541.3096713
528.9313384
529.673874
470.9492246
531.3627327
491.5521727
483.3322519
499.0492367
579.9701264
642.856547
748.2293302
897.4482281
977.2117814
917.2297891
757.1538328
576.6208287
497.2515451
520.6955802
529.9833297
527.7579943
528.1998666
529.6781873
530.1439644
530.5522808
531.0784901
531.7522321
539.5362447
516.6042
574.2714903
921.0320976
761.5872177
561.484085
524.1151858
520.565963
519.308849
521.4196814
519.5509033
517.1400927
514.3382357
516.5139201
510.478385
517.1595103
270.2391135
384.6323353
518.350833
485.6615255
300.2700014
519.2483088
465.3398845
454.9649244
522.9615225
508.6824986
536.8675088
526.7160412
494.9399435
484.0971638
526.3992443
510.8667235
467.6922527
507.9833308
502.3512009
523.6131203
485.8300767
466.4691393
522.5448932
314.4587215
482.6957018
320.8905015
522.9158921
493.4841564
530.1286682
516.2578187
524.6247092
525.1737033
523.614951
537.9359214
534.5932643
500.284598
506.6007475
537.7910376
538.9842707
526.8352452
513.5480116
467.7278171
529.8496849
496.8977792
546.7088914
512.5036708
510.7634146
513.5958024
503.8462661
539.860613
518.3205758
533.8195815
503.5284153
516.5973247
840.7673902
441.973954
516.0720375
459.4891799
506.7474159
629.4855482
728.8011037
877.802916
506.2742028
536.1243153
534.7498454
486.2708936
507.8573468
498.7549826
505.8790496
536.2409223
525.7138023
461.9855543
518.4312593
518.1334496
541.0959604
536.2716648
532.3293441
475.8603681
524.2818029
502.7087758
296.6867286
450.8317536
409.2111705
310.726826
523.2884181
391.4666336
511.1326733
523.2840523
522.5124505
528.1097694
493.631642
474.3292352
533.7944105
528.5603614
473.9545126
418.9306766
526.3252869
232.5165065
510.7672915
463.7290117
528.2914262
525.4417293
381.4564549
419.726634
425.6067531
529.5646063
534.1627209
496.5943637
574.2769895
1087.592361
1015.979581
536.6466073
537.1659189
461.1532222
1066.336872
439.5929972
526.7737583
538.3996141
528.1583597
527.5790767
323.3258687
197.4246182
526.4570157
462.7698589
290.4691977
524.6002973
210.5044258
532.001076
531.5916812
491.4236842
495.27118
531.7880096
531.4103892
518.6858874
395.4673798
520.7289728
515.2754207
519.0675593
527.1875676
533.8798817
530.1686433
537.0829457
439.9294507
529.958099
420.1289916
528.5734246
529.8511568
529.2395749
539.0281158
536.2672739
279.1602793
395.9178978
523.603429
449.4985846
499.7738819
485.3088765
534.228595
502.9041437
431.1441808
534.0563636
578.3061128
615.9903008
533.3598369
524.5848435
519.2902684
335.5849176
437.4201616
481.6631417
369.1212884
425.7476776
283.6566157
470.5384757
446.8391353
447.4388795
536.8831624
477.5192144
402.8543931
523.705149
618.6339546
586.9946645
527.7567699
225.0380216
465.3669678
239.996904
431.637702
524.4471183
365.1093603
406.3918725
218.7579412
994.3592158
1087.320259
801.6420089
478.8212407
524.9685458
526.4494666
406.0946523
526.7262487
527.1676474
530.5230232
526.765418
526.6554051
527.5458523
529.1787199
527.7777351
771.9520134
970.7078959
592.4736866
430.2930278
510.2986013
398.6168124
505.558514
1072.518915
1029.588204
961.7281188
952.1050624
846.465847
302.8033032
220.4604873
438.7624175
527.8853688
526.2197437
521.4494373
422.4278336
447.0641344
530.7121969
531.3680158
445.7495264
446.3767485
240.332059
373.7818782
1010.101584
517.1703094
507.4915451
431.2487246
804.9891831
538.228811
535.5379803
510.0582479
528.9429189
497.7624876
518.006144
523.9957356
520.3182835
508.1874754
522.0037064
521.991891
734.5411088
521.9800848
548.9774249
515.3143476
752.6412857
520.8188477
526.3929809
452.1806025
534.681039
538.8263331
411.6533587
463.9702129
211.8756556
533.4365571
178.025577
183.713369
183.6047595
538.0943454
200.4692188
418.1104173
294.6932888
166.5911924
217.095899
165.3936259
421.700352
181.1227148
208.3464315
200.956475
178.5840607
264.542689
265.8958531
325.8000487
181.5722961
185.4256078
185.8798198
194.5743516
486.0604036
212.0112383
180.4272666
179.1858973
184.4436223
206.594067
187.4421451
191.4089926
189.6419684
248.0718767
215.4207987
186.2529699
262.3793806
210.0399587
152.5123085
477.1901311
193.0880121
199.1690858
189.3257135
200.7553916
194.0245538
226.9423018
197.2332477
427.3257497
157.3779172
229.3856374
212.1957437
430.9970806
194.1297582
163.1759393
201.0438188
205.5440354
278.3774162
271.4033657
310.083636
202.6039132
207.719085
193.1824243
267.0596422
270.5412035
365.9623523
240.6660559
184.8531282
177.6484393
189.0628166
213.7110617
207.2647177
204.291151
395.5565908
308.1610603
385.7880823
552.5038097
229.4282063
202.797976
200.0603277
192.4077641
205.8141415
182.0272549
238.3356139
202.1037227
261.6941399
237.8788946
289.1792478
277.938422
346.7756339
135.3518211
205.1274875
212.6619252
275.9218425
285.5367824
232.3184425
259.392625
255.9042914
219.2043147
140.762053
480.9131242
251.6780538
240.7041638
177.4334767
277.6050097
178.1168274
175.5744947
297.4230212
577.6580303
178.1988881
177.8866272
354.1536761
610.3263315
303.1384805
176.6556869
211.7467599
479.8463985
289.9455236
246.8893137
198.8576655
208.0436044
226.141756
264.7989546
246.9854759
182.8032448
245.4433701
276.6376023
469.3952477
285.5891642
379.586474
305.7296972
322.8939764
174.3054544
165.2879944
240.4934336
241.7326621
254.9412044
449.3897465
435.9096165
368.6336588
166.6163736
147.6065909
458.2086668
315.4773031
316.8434716
177.218169
389.8332585
309.2009687
244.7519951
238.7756449
208.4954742
173.1638981
175.7529991
169.307414
130.1946393
170.1473566
177.1700258
176.5741386
177.2013665
177.6661435
178.3994918
178.2856785
177.6689954
177.698788
366.0557629
273.8904828
365.8994035
272.1066283
231.2087336
162.464468
313.0906568
165.8974332
178.2438722
177.3067693
282.4849234
183.6525586
175.902117
177.575614
178.2313175
177.8318145
178.0231981
265.4774601
193.4271142
178.8721502
178.6389324
178.3242916
178.0786402
504.5350656
465.3938885
267.5106098
275.9121409
531.445455
202.3384444
413.9660674
413.4899176
190.0668188
215.8522542
312.7255969
174.4131109
178.5784941
181.3839463
179.7059704
183.3126911
233.8109706
369.549335
216.748135
208.2746309
190.1017776
188.9310286
182.2111787
179.5420507
176.3453386
181.1272188
178.2791303
176.1864099
175.3044551
216.2704519
194.911768
213.1556738
260.6314251
304.6254552
386.8931315
462.2032351
438.3379339
290.8415889
229.0912793
194.1571434
166.190622
206.4301143
202.958751
166.9256119
174.8010153
149.5311731
221.5840537
182.775179
190.4394505
197.5703102
205.3462648
197.1527865
184.5206667
182.4375761
184.9048567
185.7377787
216.6621374
236.7990144
174.1504787
173.0337023
173.7950369
179.8709062
212.6082978
183.1673428
199.184765
205.150589
216.2088184
185.145602
184.7423789
183.2820892
468.5314274
221.5142887
217.3212174
210.3300124
211.0698189
212.4018529
215.1814851
217.1802689
192.3600989
215.8174627
217.3913036
156.4670016
181.5929474
151.4811051
152.994951
177.0754531
181.8235711
173.6694386
171.0029374
170.327797
181.518871
184.7466203
186.1141824
179.8530014
198.0758159
192.3153771
225.9326569
383.2682914
476.7006927
246.8057395
156.2619313
155.9590882
156.5631852
387.3139779
187.8972939
176.3220603
496.4095405
229.9214756
265.0050574
214.9887922
204.9224144
216.1374583
190.78162
165.9230585
180.3892576
178.2785175
180.6215793
188.8308832
190.1938158
186.3576476
192.4689925
189.1228419
187.6024285
188.5814234
188.2935546
187.4477759
210.7246265
221.7157861
204.2163443
222.2183308
230.2866991
209.9533633
453.6654567
399.5093763
269.7896774
158.3306424
203.1557102
210.1138448
214.4993005
227.4765546
212.4249539
166.5293769
170.0162169
168.3894974
163.7922774
166.1227089
203.9953859
213.5006004
206.5675756
165.4572623
171.1404196
165.569946
174.4904959
217.6157056
228.6690436
379.2297754
449.3250787
485.4154581
460.6218248
450.5551227
168.5617813
146.1080936
139.9086665
173.3725822
143.5152254
185.0385553
147.2828681
416.1667335
424.7317513
336.4474853
174.7652615
186.7762825
206.7730303
212.0823786
168.4110007
254.6594673
437.0681589
342.3473804
238.6568065
382.6889932
188.5253449
193.961991
193.8822294
184.6903875
180.8919499
183.5527349
159.7210459
198.9648675
222.8400259
191.1229182
198.7273139
197.0124144
412.8879391
203.2629414
231.0327063
193.8379116
187.5980514
216.1192093
176.870257
179.6683042
178.6737515
174.9354919
173.6711146
173.7189791
175.1209336
203.4697912
181.798609
176.7221581
177.5930407
141.8057801
144.8561343
200.2635577
371.2171698
448.2629993
377.9166505
229.3173885
208.7929573
184.9240872
177.4290359
179.9619521
170.9407987
166.3312671
163.5610869
162.9891545
165.7597251
171.4755716
179.2323267
185.6196375
198.8953657
154.3282769
210.6565768
201.7350429
178.7065573
263.558575
467.6865935
211.0071712
235.9876396
199.6167756
202.8691368
205.7441521
195.6765407
198.4054253
254.3815775
166.7435892
175.298946
167.0463573
380.5203536
381.796505
177.6833752
211.6980379
201.4539466
201.5372729
218.2501806
164.7193396
208.0212352
230.1837195
202.2061842
478.0673265
483.6029461
523.233489
189.4488914
188.7312439
196.5983665
197.8779133
195.7782848
196.6899235
193.1024412
188.6728575
189.2382805
199.1183848
203.7022485
178.169123
182.4965994
210.0142318
235.7163803
261.7224666
274.9437844
272.898596
173.9124109
266.7815583
272.1752022
179.9612784
178.6685587
210.4425792
181.6714378
184.1980444
180.8851429
177.2246649
177.4327605
177.8311443
193.2283282
193.4718541
178.3649976
176.6100882
163.1474943
172.9715003
199.1574889
183.3152189
234.1535892
457.2554796
377.1388361
520.0447088
332.434889
165.5264898
148.0428589
204.849751
200.464917
203.3862868
208.7535011
208.5685802
209.5375849
205.2125535
187.4372134
180.6902941
177.8790557
176.2874996
273.2490687
413.3456751
253.2422605
204.356522
202.8961885
201.6869675
228.4183922
206.9488593
205.7382768
212.1940921
236.6606523
358.6150805
490.3586421
478.1723464
367.9357496
495.253965
457.4717277
202.7693407
203.5288354
204.8535361
207.1316575
212.437089
224.5139774
181.8439348
242.4928774
166.5277365
167.6402759
195.2235394
199.2518792
192.4842639
196.9163292
191.31888
191.9225263
222.6096804
195.3223781
210.9912667
256.8914234
284.333927
177.0181324
183.2266733
178.3497523
176.983943
176.2217333
177.9631034
176.3866781
176.2964716
176.6844011
183.7553608
185.7529508
173.9945829
186.1499758
180.5247446
186.2266712
182.1266943
166.6165409
162.3752958
165.0316802
168.5753714
175.913295
173.5021697
205.7542898
184.9962754
243.0390407
279.9263631
371.8790011
183.3725083
538.8359982
301.5262662
174.0516462
155.1139231
199.8014488
195.4403802
207.3201424
209.8455367
220.0762239
229.3057021
215.4841578
208.2737446
207.0504278
195.012081
162.9538585
193.6245184
191.5422396
161.0312113
252.6973696
313.4176186
228.4453578
268.5669868
442.8995944
490.165283
226.1927901
226.507987
149.0846416
157.8621213
221.9925444
184.1148794
234.8189956
210.8701426
187.7052177
172.941025
220.5208206
194.5980448
200.3162491
193.0606742
193.6413219
273.207804
201.7066557
297.3299912
371.0530748
498.9267317
539.7944275
243.4843646
209.4213734
214.4771134
202.6356911
202.5226875
513.5122666
401.0245789
207.2229795
162.6439136
171.7351605
171.0330873
181.6483975
187.3225032
186.3050166
181.1716278
180.2825609
179.4469055
178.3960449
177.7201229
176.8199896
176.0460778
175.3413196
175.7835953
177.1864187
176.8954908
185.3730024
177.6194382
180.6155002
166.037856
163.1765276
177.9789665
200.9980526
215.4291507
253.6037799
372.9596598
176.5131649
429.1745546
248.2236495
182.030029
186.3077078
307.3392587
203.739755
194.8224628
202.8418527
289.6559498
204.7093412
185.3459955
259.5166816
283.9532424
280.721865
243.319063
228.50803
202.8779845
234.0114098
218.4382199
176.5752097
263.5974652
196.4810915
159.1029279
237.799625
241.5528101
208.4835529
342.196885
271.2592986
405.9014517
540.4421605
181.5235323
493.7152159
485.4743846
445.3583255
308.5990749
184.4373154
289.7007444
202.1398299
209.0001818
208.7137009
194.4513914
198.5981285
197.1152425
245.398095
246.0752978
254.0429861
266.9901158
261.2385613
278.2060225
214.764051
152.336922
169.7458
159.469245
177.4296541
251.5739563
201.7050053
242.8468238
290.0627887
193.6684944
195.5603863
193.1953366
188.2319723
189.9748399
216.4621628
353.711615
381.4192401
310.4834483
258.7737822
196.875264
298.9029012
177.295474
169.5128929
204.3395812
202.9090596
177.9999773
176.2544367
176.7013086
159.456821
166.7867798
179.3182147
187.8993551
187.3944582
183.3426549
180.8123451
179.715839
180.1271409
180.3501686
179.8947915
203.5662016
248.7303742
187.6788215
202.9171131
579.0971582
199.7761786
565.6026673
465.672319
183.6524065
206.0108142
258.4259627
415.4802897
414.8886702
242.5240441
243.3109925
320.6608335
207.6873043
244.3340498
226.3125522
209.9629505
203.7864954
463.865355
509.1309534
445.3860594
531.0334458
300.2554242
249.2266725
258.42104
268.6880523
284.552588
209.5884854
238.0077535
273.195582
161.7051432
293.1835109
157.488923
148.9602389
149.2923526
213.3246502
222.7662933
167.5157714
249.3480307
207.848961
177.4319381
162.6161713
165.2202113
171.0877439
160.219913
175.5196156
205.8068569
254.2747694
368.3245823
198.2390411
187.3379517
184.1122774
189.6553457
176.4133558
177.2012344
177.2805947
177.1302771
176.7935482
178.3653295
178.0427706
179.4399475
179.8933838
189.0849455
185.065782
180.3410802
178.9981764
179.0298117
178.7525713
176.4070681
247.7078281
284.4113063
269.3932513
206.8583142
218.4102003
177.6896418
181.8959362
177.5953024
178.2258968
178.9819215
177.488914
177.1317752
188.7349992
297.3863332
290.4523215
279.3542007
237.6475146
263.8868693
221.1476789
234.2089118
255.7646884
252.9706711
302.1315089
203.5709238
221.9555738
567.2567273
217.1548346
188.004837
478.020147
202.6663846
531.2609996
163.2778671
185.7623811
178.4903802
179.637623
180.9677943
181.3923706
183.13674
187.9798862
247.5464024
332.9852706
349.9789824
235.8266912
181.5912982
188.1090021
176.1383086
171.6326059
165.083114
209.8502104
351.1047823
178.4530984
176.6274786
176.9749513
239.9125784
240.8489795
177.5274219
177.380224
177.3591835
177.1960634
177.3642182
178.0481987
177.5525343
270.7306325
240.7958756
247.0269575
302.4082352
302.7312632
437.1549361
339.5197021
201.3606992
279.0497821
277.8082418
280.706656
273.2604495
274.1085461
283.7574688
177.3133653
178.9777463
178.9170957
177.7324864
177.1730321
177.546358
176.6447351
177.7311067
211.097325
218.494066
213.65984
268.3829737
308.4079584
361.3767917
212.5664707
248.1390983
242.3693849
238.7763225
251.9328392
268.2837396
543.1789672
474.0896396
357.1894799
221.6380115
192.2679267
181.1076776
164.771256
145.6053126
129.5370025
182.9920487
156.1067756
149.3358843
259.7068906
416.9934588
554.4995373
623.9987421
291.568461
307.4335348
317.5337187
323.1105163
325.5347363
326.1980381
296.9304292
325.5849058
325.2181227
323.1983822
319.9393054
315.3696992
320.0149155
320.2165643
245.7177989
279.4888832
282.1380595
277.5403063
259.850555
246.3105074
240.8858783
241.6818999
242.0433744
282.2592629
238.7663599
177.7542857
177.823291
177.4479569
177.6512485
177.756209
178.1771179
178.3901376
177.7757172
178.274134
178.2691472
177.6506603
178.3241169
178.5929085
177.4403949
180.8993912
176.2149711
490.8304896
177.0962401
183.3290408
296.7521284
219.3640115
311.1149457
322.1484253
199.2292452
181.4156885
178.8436442
179.8472088
177.1355913
158.1373439
177.603547
189.2495493
187.8181783
192.0094043
303.8073461
414.8815971
188.4008713
250.4607624
296.2855842
242.0234114
350.993647
220.7548346
230.4224482
262.7391317
546.1481621
295.6095893
303.6569073
166.1931034
137.1535714
193.2413351
179.6914699
551.3860685
406.6906424
138.0096684
239.4751376
333.8625891
326.6111343
328.9481457
325.8727069
263.1027285
315.1065318
315.4452418
315.9014923
321.2532171
322.1828844
302.9531047
336.5974948
281.3349482
208.4006122
195.1200355
187.3187416
197.131468
206.9072777
216.4063907
126.1616674
158.5005374
187.6466242
252.9127618
496.9773222
613.525521
546.0463943
308.7731724
178.4585438
178.4077859
178.5981489
178.3809553
178.46698
178.2045756
178.0120366
178.0876478
178.0857218
177.8594094
177.827518
178.0744594
177.1238969
176.7845133
175.3559957
177.4089061
188.6834344
177.850212
177.9043842
183.7209802
183.5521196
181.1578799
185.3892421
168.9225567
183.5594832
186.5084155
301.1965159
187.6873978
173.4953628
186.8644104
179.3237294
177.6814429
177.78044
177.998328
235.5371294
338.7805876
279.333365
287.4579566
156.4440651
490.8086315
186.2721134
333.9941732
573.6104231
237.6849464
307.8155199
363.5076031
178.3587905
211.0734775
248.4924997
309.1849843
166.8686834
122.7906202
383.0364881
283.6641232
155.8695592
238.2393799
269.5494576
292.5816712
175.0337442
308.5360522
250.1313569
311.626414
253.4944136
204.5158487
279.3859077
604.9443597
265.8207351
245.9086809
176.8300178
177.4653223
178.1745227
178.0098994
178.1137147
178.3607266
178.3573382
175.8377414
176.7605577
175.5114904
177.0931495
177.2941985
177.8900714
178.079603
177.8613668
177.6116592
174.4585112
178.4677311
178.3691797
184.3144578
178.1760099
178.3626266
178.8934525
181.2610464
186.2415376
187.3136047
184.9690864
186.4679388
172.4785036
183.0495153
184.2813953
185.5114407
257.9809466
280.9523766
226.7503902
210.7098847
174.4083514
172.1576196
175.4670508
178.0322874
176.9733583
182.5601363
178.0223739
177.4092281
587.4093221
516.6804295
327.57916
514.5460489
291.6351589
320.7712422
239.748566
243.7332232
292.0619965
300.9146308
263.3359219
624.6589426
365.4074041
319.4946819
345.5059919
317.022746
581.7364897
404.2523348
518.898196
674.882325
630.7158578
341.9712465
311.1387968
318.8085143
307.534181
297.7676813
228.5116812
224.0233631
249.4473688
255.1395751
155.2346887
151.4423127
145.1830581
135.5550167
135.9599438
147.7113564
159.2858914
161.7983139
182.1034391
217.7647076
269.0306075
533.9004603
271.4540998
228.3855081
500.887867
374.288012
378.0518362
331.3113332
347.9831268
254.9119038
304.1398117
241.655337
224.1949883
266.0347853
356.9517172
346.0135318
390.1773469
252.9421256
216.40685
299.5899833
219.3266477
227.747008
235.1785426
249.5078483
241.677323
597.8176118
381.4800967
184.9555735
204.284654
183.1012519
280.3438692
181.4440983
246.1467493
135.72538
128.2774674
129.3297322
395.3021007
604.5001253
287.8200833
231.0979507
182.3225456
146.4662369
144.9594679
216.87143
150.7120786
238.7854075
234.3998521
268.1855221
209.5993179
264.0425252
231.6451986
194.8975724
178.1807809
181.5386954
190.7879149
181.0525386
181.6968468
175.6127134
177.4359175
173.254614
184.8426142
237.1234792
189.2979473
254.1962333
267.7678624
178.3758134
178.0744952
181.6586745
181.103467
184.0943508
180.8435606
183.1169453
174.2521214
176.9260567
178.5671701
176.4709796
175.0799166
176.3804727
176.7332985
177.9993396
177.3211624
177.6688797
177.3669871
178.2710956
177.9679293
177.7086823
177.4901975
177.7960247
177.1189524
252.5830282
226.6451488
235.46684
496.8634251
405.4134668
230.2625059
479.0098127
445.4015359
242.1870691
211.7135776
424.216423
162.6934455
163.4851675
147.7146518
240.5987431
158.4744878
169.308166
207.255177
411.0283858
523.4152803
479.0321343
299.8930473
333.9967516
292.8587849
321.5398481
295.2544151
312.3493467
187.1239056
120.7707986
112.2771613
113.4492336
133.2797726
144.1453362
184.1183863
159.2804385
176.0904281
156.6245582
241.6341953
136.7270662
154.7522698
178.4471385
401.3082639
362.4046893
324.0269027
280.5098061
254.0023112
216.815597
212.5404608
180.3019084
132.4871001
100.7533124
210.7269221
286.1299067
239.343959
233.0786297
270.3410169
284.4781203
210.5379134
264.0097202
223.024637
209.3935275
153.6503615
125.4341338
116.2688417
151.6665229
248.1017687
291.215006
484.3433969
483.4489403
427.7392648
385.54952
366.6791887
663.839246
565.6604032
466.9222278
211.2083193
161.9352145
161.0312046
161.1601306
325.9436286
175.9148539
359.9499544
159.3307253
152.0437233
192.3909301
440.2226823
425.8168211
546.6231697
463.370707
359.7093159
265.8226895
246.8197157
181.908909
145.371366
147.2353032
287.0431607
249.8720417
304.6540978
293.6042732
327.1909838
236.5266015
259.4657867
214.283491
257.4573928
183.7949091
177.6098008
178.5999615
177.4098224
177.4238216
177.2360666
177.2299989
182.2112108
214.6949285
179.1470492
265.40216
180.7867669
240.6861987
177.8362968
177.61539
178.3865345
178.0675216
178.0885013
178.4346545
178.3415136
178.1242916
211.7092603
211.4113762
331.2983018
173.8640466
337.3521355
174.0533413
206.5178385
251.8500753
180.3495757
179.0467176
489.7690716
178.7005596
174.367329
174.9540749
177.5044232
177.1728049
177.3717706
177.7770984
177.7524366
177.8485204
177.9510536
177.9749159
177.8997781
541.9667064
555.2772385
536.1679949
407.1459343
306.9003277
408.9413109
228.5930932
424.5253817
253.7327907
227.7666953
431.3116855
422.6855904
157.0431908
144.6839806
158.0442332
424.7952063
335.6423401
422.6322082
261.8940905
260.0688675
425.2866084
159.4527937
200.6647121
467.95823
526.3115195
418.3241833
250.2744793
207.3008797
429.8624816
188.2266666
266.1514452
280.1611607
437.4053827
166.825229
534.3526616
398.0847427
298.4373776
286.420346
394.1553386
336.7874471
421.8167035
223.8737803
166.1385278
418.9940668
238.5683658
155.193218
221.4165875
227.1684238
416.9235306
283.1423656
400.9765368
209.657453
420.7347373
228.1978595
422.3914918
315.5095657
416.624361
218.3181304
220.2217851
260.1269536
392.8952761
380.9428436
301.4692626
199.5699244
221.8474243
416.5795842
188.2002946
235.1348087
223.2642781
144.5788476
420.1820211
414.506147
249.0026996
139.7365967
135.231059
422.139047
149.0986817
230.054932
283.7275118
421.3570927
233.7372775
182.1874788
175.8806886
176.9194778
218.731652
180.9171536
178.9457686
178.4092999
178.3285206
177.9367967
178.4302488
178.2150035
178.2242361
178.7880427
246.6696271
388.5377912
422.8759478
254.0993643
340.8655701
196.9139042
317.9295765
423.1245061
415.118149
302.7167165
308.5302287
212.4809979
423.9014413
273.6801643
261.6243649
420.9492197
255.4336829
415.6784892
229.1495165
210.5407482
305.1911371
163.6685105
216.9189743
420.7853194
235.9243771
418.9274947
178.2352508
178.2704749
178.3639005
178.1261887
151.1570051
185.4310249
192.0171533
327.5468395
425.2319888
177.8719427
177.9360406
302.3214824
349.521381
186.6656571
167.2060612
221.9450152
303.7326364
501.9148293
318.2290296
</DataArray>
<DataArray type="Float64" Name="temperature" format="ascii">
72.22258897
74.49685548
75.99362532
73.20117086
70.30972021
70.4636168
71.52970345
69.76738145
73.3651529
69.10249984
73.14028713
68.80001623
69.03340892
72.53820902
68.31559176
67.69668535
68.95566497
113.647413
187.5928834
71.10942733
182.2313622
187.5155777
71.31324045
69.43912905
69.63437605
69.67411654
71.81044997
71.57552885
72.26556618
69.85702909
72.79080982
72.98180309
71.00410024
68.10858913
72.00979124
69.30368886
73.32822472
68.44083866
68.59007616
69.90090357
68.78013933
73.81957499
74.30078143
75.37258414
75.95200809
74.27061759
72.67543076
69.05984232
70.85056578
68.53460161
69.93891463
71.86517674
67.28994737
68.04519233
73.43682157
71.51073886
71.91301524
69.68884363
72.82543877
69.13880957
69.88952909
72.844957
65.28620626
71.09957155
69.34389152
70.02684169
122.4288116
71.36325673
74.76916744
75.6512136
75.62038679
74.23289421
72.05529829
70.53326825
69.0435736
68.80056104
69.12179294
72.24259562
120.4828785
72.55631611
69.34170274
190.3677741
118.6840093
203.8537261
187.4654536
198.6449959
68.30163842
214.9178826
168.8323115
209.6642254
197.4541283
159.9260978
199.4712907
178.8051432
130.0420091
204.3836881
155.6272018
91.45704681
68.79376514
70.96546054
72.34495829
70.54986774
69.72685576
69.23175413
70.54043189
107.8026193
175.3573841
101.8520268
72.30366472
73.42273583
74.83745514
66.65144816
73.89618756
76.09484094
75.82754327
70.22394704
74.93659358
70.57907618
219.3789029
212.4193595
136.9301636
70.70643069
147.2170898
204.382386
120.3918449
179.6748949
122.2307275
86.62788017
68.16767187
68.93821566
67.93789479
67.32856277
73.68315081
68.57280059
72.97993237
69.99850072
69.28947119
67.23161052
70.30540225
75.33873926
72.06433936
96.17074687
68.51727326
72.87799282
73.92208067
71.49415191
71.91503838
70.00939853
72.65130015
72.20131217
64.16660165
67.61154085
127.6736769
196.4832231
73.85336761
75.01341984
75.42706582
73.80701528
74.4828235
70.09435797
75.40105846
74.94330772
76.05317745
74.44056378
71.65292241
68.66461442
70.48752955
69.57166713
72.59491773
72.45730538
123.3792544
73.19755027
71.48651917
84.2345345
80.22694978
72.82361838
148.9675604
188.0725249
66.23269029
60.61304165
226.503443
210.9916932
158.4885054
115.8695616
169.4657728
195.5227896
170.1939183
198.9905032
158.0889974
84.04869198
63.64502755
95.33580964
64.467365
69.8951697
72.59585369
68.55009605
74.24203787
72.50636987
71.04150852
75.81869195
75.46614218
72.12797115
68.19266393
225.8475464
206.8111406
146.7122862
71.24051694
123.7239612
65.32905875
66.80029546
76.15952834
72.3924938
71.35894775
75.95983674
68.06310918
69.46178683
68.42270864
71.52360068
66.10901405
74.31034884
66.90782295
70.54501457
74.98746555
68.65845022
70.5544841
66.72729227
70.05793269
71.44033397
71.51853686
71.88752988
70.34718534
73.02776424
71.37420148
81.15506282
73.88954488
72.26180789
73.90402093
67.57024075
71.18923546
129.9954412
199.8262205
232.8263587
74.0014634
76.03338949
75.22723372
70.63982868
70.45229029
69.86119768
72.2315473
73.46909055
69.48493902
163.2896775
97.32899639
70.93674748
75.25945602
74.46735393
70.53946536
66.76500109
194.1095514
64.31872514
93.76056186
61.90511271
69.04580516
163.7610471
77.24779498
137.5472857
96.24677676
68.86906124
187.1315982
176.9451762
190.6122832
169.7060496
67.51470004
80.30299931
69.24948447
69.79231714
69.3410946
70.44780556
73.12843226
73.7161216
71.08482882
217.5504931
75.50842852
75.46484692
108.8493056
158.2259335
59.3178504
70.80407982
67.61435371
72.18178163
70.83572587
68.36804406
65.26493411
69.91323471
69.53106637
69.23983327
64.66760904
74.79297904
64.76297156
69.90705712
77.01711436
67.12284738
70.81792685
72.26903827
65.48174623
69.97980866
72.76026704
72.66513284
76.06058282
76.44272613
70.33870887
70.22890855
73.78685695
73.97564171
74.99956102
70.06500778
65.17394792
73.66712752
73.55923808
74.98149387
74.20311711
70.9405851
71.48463687
72.53370972
66.09005288
74.06511297
78.19821795
87.96315873
70.60401756
138.953285
206.5660084
236.1868082
224.1740499
95.31071932
73.33728833
73.35903335
76.71427057
74.15217348
71.61632065
67.5240704
71.11231657
68.21291147
102.4513023
130.3098381
240.081668
233.5959201
226.4229535
128.9966425
171.0357808
78.77669592
120.2966874
123.7715439
218.1724093
93.92963926
66.8118768
72.4372498
79.15962187
75.8461137
77.80246402
79.07456425
71.00831928
149.1616389
81.3424144
77.93182111
182.5207539
147.2438548
79.1245426
184.1561786
150.4829928
73.1522433
77.48443042
72.20025987
74.19563505
73.53374131
95.40333818
69.88502893
71.84972954
70.5618877
70.0227697
72.86377277
69.75336543
69.29333373
69.61694976
74.17506736
147.404371
214.2564577
242.1337577
231.6532119
105.0104108
71.29770288
71.74661585
72.91236264
73.21391972
69.88931698
70.74373315
69.93297445
69.77804361
77.24100481
75.98617495
71.13020583
74.52160194
74.34560642
77.36569742
71.78481281
70.06511226
79.13307287
64.92677418
71.1098833
68.52526925
62.71702416
75.07860597
62.15946452
78.71504148
64.95584811
76.11973964
75.27350635
92.03763196
74.54630124
71.13865772
134.4902164
246.1057619
207.912502
231.3828869
167.0570704
75.73632173
72.62796134
80.16995813
77.39538239
81.58739055
79.02619899
121.6517732
74.13085097
71.61875362
75.54036379
61.38596293
70.77819189
73.44822427
64.01339568
71.28449722
73.98523761
75.78043024
69.11386067
78.63191587
67.21599726
93.51277201
132.9009845
79.86127611
72.74914429
159.3514041
69.42972261
69.25510835
173.0903991
167.9026028
174.7776543
140.7066104
70.53950482
77.08974868
77.39106928
67.40563574
212.6073646
68.74106588
78.83056798
70.19646589
71.25929483
66.87164745
178.6480777
70.19875086
74.37091731
73.84128111
56.00183003
81.06548125
61.91512415
80.22739288
73.91633949
81.33516971
78.37878043
66.82405587
74.68604854
72.58809411
67.98898176
71.79131691
69.10051649
235.5137574
171.9856234
72.68216639
73.11992649
75.33428196
72.06324022
73.13500123
67.77223707
60.33011516
74.80903555
59.51750015
69.28851701
80.51580397
62.61734973
70.59224089
74.4952766
62.3167058
71.45835613
76.33635638
78.2368588
121.6916392
67.87256158
69.17667692
67.54421667
67.36188964
148.965958
64.34557403
220.6291399
249.0501076
237.1760868
184.8333119
109.128267
60.86579546
65.1384268
71.71890686
71.6087336
71.34637941
70.54830525
75.55878053
77.60209373
70.34208425
69.75804892
71.31758944
74.28778224
71.43117449
76.19958795
68.13175523
61.55291462
81.11090062
68.83353375
54.37756893
74.62066975
79.78285556
72.52892783
75.87089745
71.35673212
75.97562696
70.46679984
76.07733562
70.30144821
92.33095599
81.57288271
172.1462862
87.6855243
133.203832
71.47721708
71.58490341
78.30783745
68.23823094
164.4244498
166.0859959
71.76109307
72.84868478
174.0808255
163.2114668
70.38494004
75.86095792
68.80336056
73.82234961
70.63385725
101.4979394
68.84243668
75.11920012
75.02780772
73.82496819
75.8049553
78.36596085
63.72299819
169.803765
69.64380952
75.06269124
74.60904128
71.19461333
67.4027422
80.19887288
82.42060561
138.7199998
71.98902952
73.98180582
89.52076395
143.9017989
137.3048575
249.5847141
79.76001869
80.46822796
70.94779322
80.82823117
68.15105986
66.37067285
62.39336607
72.47044507
74.88791102
69.40312887
57.2787782
74.6637863
56.43941332
68.32217531
81.70979576
59.74662408
70.44861591
61.01335993
71.85090793
80.29990815
81.06483327
69.74832182
71.16095105
77.98540522
74.2236028
74.33557319
76.65069278
94.6663887
155.252447
253.6428589
241.0051007
188.1092865
113.8782862
70.40382272
74.63736501
78.41546488
71.26620516
65.19223421
75.13335996
73.26150974
76.12209782
67.42115925
59.20668502
82.05011991
68.99459243
55.53207919
63.88974011
68.68924781
68.66126207
72.94581395
71.60510084
71.09022565
72.80497666
74.26445147
74.65961943
140.8759574
81.56721953
78.27269324
68.05441121
66.63275576
81.41679202
122.0590206
159.5966935
71.22014598
59.40671019
56.69149377
61.69113895
73.87915272
97.70793659
81.04125554
77.65997813
72.28556475
73.57907175
71.82545802
132.8122436
73.54628737
94.44054373
120.2449838
75.15387088
76.61349064
163.6224719
123.0949005
157.9196673
160.5775849
69.75447152
71.9883723
212.8767244
249.4835328
214.5604515
241.14527
137.8583681
107.3141602
68.63241939
72.30616291
176.6230033
80.27772539
75.86420541
77.89416963
59.36490113
78.41166973
81.21319494
71.87940097
72.01941698
71.41224497
59.02492099
74.27064942
74.42425082
74.87224881
74.3165629
75.3591543
75.40713302
75.01656506
69.17046604
79.40768168
79.30301925
95.02912089
113.8456025
70.83407681
76.77623627
67.58302038
177.0300316
213.8952307
245.7882088
275.0911529
283.7057377
250.4062831
187.4386814
110.5819642
67.38159618
68.42941626
72.16964599
72.84674644
71.99993906
70.793522
69.73654386
69.03534273
68.50996693
68.19759942
67.71202139
72.81540155
168.1397264
252.1693552
196.671171
115.9545963
77.20966517
76.29551514
79.17501044
77.00489344
79.82942383
80.8552566
80.71470994
81.02001863
76.40942801
71.73550365
53.23776246
71.06412153
68.77875141
82.2608444
56.81987819
70.9398036
75.71205168
61.91411378
72.90460662
78.92532359
74.46381598
70.93452015
75.15814677
78.15423436
72.79084533
78.03422324
54.09750204
72.34503903
78.6030364
73.14102262
71.01736306
75.51997044
68.85826751
56.98904235
82.05504802
53.99127991
73.5414219
78.62675303
115.2371273
73.71245761
74.93486519
77.3166628
77.39192221
69.32963145
72.20084962
80.44796717
78.48981667
72.32632883
71.32049989
73.13141105
75.17468772
79.78428111
120.2065455
161.1862805
153.9019476
161.7041027
79.95917145
80.87611739
90.16100359
157.2065806
116.3077743
73.55608597
80.44686737
69.18641701
224.2091784
85.30016902
80.86391252
57.47364013
79.40229855
196.2981336
228.0192116
263.7700366
80.61142573
70.68189706
72.93071652
56.69661643
90.17587026
80.5768675
77.16992666
72.39192738
70.24433004
60.80169026
80.90385303
80.99888663
71.57466958
68.02960687
73.0823196
78.27840854
74.29872626
71.69320206
54.02447459
79.41435668
76.06461492
57.43765137
75.34953944
65.44411301
74.54917143
75.26413782
74.87579959
75.48866526
77.04357382
77.82979513
75.0797613
124.9245282
75.47484152
75.2816551
69.89211225
52.18964821
84.18522201
85.36312553
71.0959363
73.98816362
64.14072507
77.4287114
74.23386353
72.04207992
72.04088038
62.15579702
120.0160904
394.5268467
394.2015974
75.19609687
75.29440153
82.78329405
401.5543249
78.16294665
82.10901543
75.00114892
71.68080899
70.2130194
54.47800493
46.77062621
73.24465241
79.80788002
55.39325203
72.96260661
49.08542908
72.49613763
71.96043719
63.75997972
65.902835
72.12596526
72.57422731
66.25744758
60.34906545
78.42576906
75.23151141
80.54826053
73.394679
73.71046657
73.37806464
74.99543831
73.26131845
73.65712034
67.26850053
73.41447457
73.97428853
74.29501928
75.57116589
95.48078049
98.10510112
129.0629002
75.48768388
70.05839651
75.67252621
79.39100413
77.23759498
79.88705751
83.3058468
96.23939375
152.3825946
139.4587672
74.80434531
74.68103413
73.39209743
113.4306706
136.9158112
80.75792284
66.8787728
80.62826653
64.7833842
84.00784028
81.60197847
76.75193358
75.37797669
75.06228209
77.40154785
74.95637909
136.3720288
149.8376034
71.32363781
50.99187858
91.93375292
51.25881306
82.33303912
73.82578985
65.89803494
75.78523952
50.84268919
338.2821421
391.5127763
238.2492497
77.64267913
73.59523049
74.25978537
68.41554671
73.69955353
73.73571992
73.01140097
73.68450289
73.59099688
74.62820226
73.64290689
74.29307812
228.3179808
276.9622186
129.1903327
79.18803728
73.98690924
69.31822544
90.2506771
405.9244095
400.5390983
378.97778
374.4076177
226.5200325
67.62039992
49.4675206
82.62437494
73.61772519
73.38033782
64.40304465
71.39208163
80.1553048
73.86843037
74.21836917
79.94595028
80.80274054
50.84342984
70.53996829
341.149192
64.53360935
83.63039064
58.33976654
203.1003806
74.7994845
75.2837876
72.8291202
72.24140165
70.31473186
79.96997509
75.73678918
77.35772685
62.19569334
79.78575775
74.69020074
186.4668437
69.57442635
99.15381701
74.70787152
198.9187671
88.34404975
73.45938111
81.05664732
73.59656906
72.69649075
75.9361034
70.82697017
78.80835477
67.17572454
64.59375346
71.43413089
70.47349725
75.87908996
75.68311978
77.60773332
110.349616
61.50883988
83.79630434
60.58966436
81.95183547
65.63094621
81.4055294
65.04224781
69.80355459
89.62311851
102.2794821
117.7942851
67.65444011
72.79089896
72.85681515
76.59788371
120.6753468
81.34493317
67.2456292
70.94123369
67.86069994
79.06004435
69.7591482
73.36046099
74.50063758
96.49030718
83.85780914
67.23195193
99.75199967
80.68693172
58.18181251
151.5449027
75.44831779
77.53016803
73.9430329
79.43829609
76.19232683
88.77302544
76.7278777
155.6329174
58.90120389
91.55519866
84.59837469
76.86757818
75.45502331
63.91891434
79.89169594
67.51179622
97.71761046
106.2331487
121.7166905
79.21203639
82.66185496
58.40461014
89.86868004
98.21468643
76.05163437
96.23033679
64.23507576
70.4172417
70.23827315
84.19901919
81.53775822
80.81443302
110.0627465
116.4142308
73.95548944
54.50173539
90.52890968
79.26606131
76.45143315
76.21753376
81.44726412
70.3096654
94.62113813
79.79625468
93.1038511
86.95613014
96.49267066
93.34210791
45.59877016
52.1046255
81.57702149
84.45139299
109.9713386
95.12463194
91.99055564
93.28941344
90.17706874
81.04922106
43.21466462
35.57731256
100.119462
94.52574256
70.60587399
102.2058988
70.92235278
69.63077555
110.1857202
49.22756704
70.9373101
70.81541798
99.80802027
44.45415768
76.13353221
69.47734797
51.86191973
45.92727721
115.3339148
94.45895482
23.37313937
52.82814632
71.56532978
100.88163
82.29547798
72.96942105
90.38897659
24.77929386
46.2125411
71.73895033
45.37666127
65.95080851
123.4924992
69.53112522
65.16090445
82.6777561
86.85838813
93.26997776
48.99535298
22.31095484
39.72251763
25.99476435
30.16307317
88.2665781
101.1160698
68.86545602
61.23115253
155.890067
30.86996319
82.51000388
82.37284541
27.77302407
41.91937524
18.81911925
32.80517033
41.75840578
57.52318202
70.44649014
70.33686549
70.55307648
70.70797532
71.05111504
70.80385083
70.52978307
70.70162601
145.6023101
96.36218806
145.5749057
104.3431377
90.61165807
61.81572011
114.691744
64.46816469
70.74400012
70.54168577
98.87547277
72.89319593
69.97622943
70.6293881
70.8976409
70.78122095
70.83676025
92.15877854
76.65981023
70.78458414
70.35707478
70.87748019
70.90595677
103.9783867
69.6933559
97.97583743
98.30748065
82.95017652
79.62140488
137.7974324
144.2706017
68.88269749
83.8751216
116.6068233
63.70083663
69.85513291
71.11270702
70.17145549
71.5216771
93.0002754
79.83234681
75.56279549
80.92481083
74.38578846
73.85340197
69.83460124
69.55036843
68.78426287
68.08231283
68.34302958
68.45813196
68.44133938
81.88960664
70.09167759
76.24376953
97.68983355
95.23996805
72.49586416
8.307431829e-07
25.53134405
108.0307499
88.24571529
71.93559426
60.39058551
75.32191268
79.90840228
62.77767044
66.92229861
58.56448875
83.46928831
70.97403885
73.31427687
75.95819856
77.9064013
76.32957404
70.7044219
71.38817133
72.56053569
72.84753376
84.6556803
91.7668999
62.76824541
63.7706549
65.74649133
69.6917346
84.1311875
71.35079581
78.97178099
64.3723174
66.18156002
72.40016568
71.98246834
70.89012649
71.14197302
85.38357138
85.05644612
77.86723196
79.21843424
81.14054579
74.18561957
84.06761202
70.71435629
69.99947915
84.19824993
61.89546719
70.48001568
59.51879187
60.27612563
68.16811569
70.64853211
67.37259161
66.70313814
66.2815052
71.02847914
72.40582513
72.51398882
66.62662779
73.32639765
68.88541174
84.51518359
70.32200035
66.72309014
92.48208145
55.9701987
57.75154207
59.15050746
134.7628621
66.14091863
60.46363459
152.2634754
90.95083583
101.8893302
84.27817533
79.48722206
85.19681603
72.05032188
59.63880015
67.70044258
67.66853593
70.02936499
71.47313879
73.77122007
69.18223612
74.94986014
74.09701419
73.72957363
73.75089395
73.93014696
73.70502999
83.8406088
87.95888288
60.20985162
85.69807486
87.46148858
80.32527278
79.43110293
82.95598518
98.98158537
62.52300201
78.08910111
79.8394839
81.5834627
88.16220067
82.41594704
64.9417689
65.99655666
66.60031921
64.87837777
65.94946492
69.35021672
66.46148849
66.92044682
64.62022901
65.83368458
64.29150148
65.88073293
73.16446764
84.39546645
66.89001649
32.87317098
61.33526184
75.36777911
42.10435122
56.95425785
55.79288895
55.32333074
64.59911458
55.82454205
65.14243461
56.69600164
88.85431641
144.462883
120.278662
69.19579685
72.86246148
57.60462721
65.52921465
64.68339076
93.8328995
163.6501022
129.1281069
93.58564544
88.12786027
73.99032892
75.7895272
75.75080067
70.43926178
69.35462138
71.39808065
59.4538941
78.25666463
87.93790235
74.81316226
78.18212403
77.15403125
92.29930978
76.16873464
84.03716441
76.85714918
73.80551071
84.40512778
67.65978928
71.63325215
71.1366803
69.60414634
69.13463522
69.1016641
69.58165404
67.06189864
71.68649454
70.07158928
70.31356663
56.45998372
55.38501025
76.14247142
74.44250022
83.78985462
67.04384302
81.83508416
68.35924603
64.82511133
65.92540172
66.74786357
65.00977501
64.45951197
63.91332178
63.8673306
64.85289041
66.52382718
65.00679255
60.41134218
77.48386937
57.54011961
65.76478016
64.61633109
61.41976283
101.0150943
184.4082752
83.83296008
93.70862625
77.49629043
78.58997101
79.52351335
76.33760141
70.1372233
96.94785609
63.93469027
67.30512651
63.68057483
85.9977687
90.28273164
70.47384054
66.443794
78.36087962
78.40205482
87.09401541
58.46804075
76.97952626
91.68351808
80.19284106
65.65774571
54.12475883
91.58404611
74.01752189
73.85463438
77.04771771
77.05882169
76.18788334
76.25372619
75.18622818
74.39115365
74.8551003
79.07939454
78.04723456
68.66406686
65.46326857
82.73854303
92.57452115
97.89491842
96.46374639
91.55098163
67.155966
98.57973556
101.0765873
71.82891431
71.27303295
81.60099198
72.57097759
66.86040614
71.95494074
70.53852931
70.57255569
70.69350448
68.66292332
71.22708739
70.54647633
70.0232574
64.14646579
65.28157984
77.60891801
61.49824797
78.6206227
82.82529172
69.83970616
132.9082516
108.1497572
62.68602845
53.86099455
66.15149332
63.99923364
79.11740008
80.5836295
81.23316637
82.01795782
79.90569141
61.30752896
71.95246793
70.59201428
70.02787388
105.5240235
154.8226179
100.0537453
79.95700149
78.89437699
78.33206995
91.2985704
80.60058588
80.69062785
82.93412752
94.15300348
104.2408524
56.56229661
53.10921343
89.64356962
44.35436212
56.80711655
79.70177468
80.76170044
81.04535597
81.69597771
83.41629949
88.19041442
58.80353713
79.65198401
58.39372373
63.30429584
76.60938935
77.10745634
75.09367575
76.10787567
75.09069621
75.77953364
88.3595655
76.93319084
84.1830026
98.19167751
95.9143664
70.49535058
70.91169758
71.24352366
70.54794512
70.15458141
70.53916798
70.00409925
69.93746855
70.05394906
73.45789845
72.39535525
65.70498595
64.85858304
64.40894519
67.92842338
63.7625423
65.22757092
64.09909765
64.50658677
64.3526404
64.5487259
62.30784738
65.10920889
60.2712999
75.89213105
107.4940873
74.1345022
69.28188188
59.50905341
113.3850664
65.79884345
60.42886922
65.40010187
67.86385807
67.93846849
67.61982722
87.57669406
91.65088532
84.69937231
81.46221171
81.33496004
75.68540747
64.03899489
74.87642868
64.86616027
63.9649112
98.68424958
122.3146867
91.19217105
104.348841
84.96770025
43.23349451
89.19747226
90.19881121
55.61704715
59.8746741
88.67147598
72.37943081
69.30022409
59.80400231
55.57386215
56.57568908
64.88367207
75.21491829
76.89347109
74.85579672
75.55909457
85.62470966
77.69295521
85.70098241
54.68348148
39.54074231
41.7102132
97.33465191
82.22504196
84.50107437
78.7504856
79.16648879
77.64823474
131.0911874
81.4095504
63.77153143
65.36736025
64.35250192
64.73382361
66.65564252
71.22389994
72.3035112
72.0565082
71.68081593
71.16507044
70.81144333
70.32319462
69.87628966
69.53146638
69.62435484
70.25469661
70.10135302
70.13603625
70.19103042
70.45982163
63.409847
62.87001317
58.85747789
77.91204345
71.56100798
78.33632871
83.05183382
69.02800453
79.71428698
95.59273073
65.11799681
67.77099133
118.2791386
69.24296461
70.86683053
70.49133175
113.0022541
62.93858838
71.34993882
82.92917816
96.47747352
99.65174365
92.9829025
89.12264219
79.75251769
92.81508181
87.21564835
60.64754281
102.35671
67.89516735
63.29631008
94.92240954
96.34367504
82.50446999
106.4205785
105.2342052
101.8558676
36.4351171
72.60566458
58.51248472
36.39344572
38.35631903
83.13625313
66.0300558
51.58022704
78.19544859
79.11232635
78.60085591
74.57824577
75.4386666
75.54017782
97.97945661
97.44195399
98.50694114
98.74658587
98.60974257
99.40686348
84.53765038
58.19404737
67.20237574
56.88944777
54.55208613
73.67550342
59.27730599
83.62575262
99.0244639
70.14382924
69.91570735
70.16475635
69.85483508
71.75402539
83.28693269
105.7654707
96.09839391
119.8437548
88.67150646
66.55184523
116.5519218
61.3439932
61.88860755
80.77556744
79.64077747
70.09286865
69.72944382
70.08789676
62.56789299
63.43691317
63.35284339
64.77789063
68.61454808
71.48278187
71.68390255
71.82603798
71.94634775
71.85946767
71.81204815
79.40860826
97.20817428
67.30702598
80.32976309
41.06872825
78.5911173
37.12226013
43.540353
72.88560693
81.17917842
94.33502305
78.32326529
47.4899339
95.77965361
96.37363294
111.7203999
82.54529072
95.52382985
89.08938137
82.17391282
79.29824981
80.21266078
42.61171861
35.2375379
37.23880321
79.32328872
97.84515876
97.64087308
96.08415003
96.49871866
79.999957
86.8286182
94.5310898
55.85478804
97.64080056
59.10117425
58.35730714
59.67119625
84.33101813
88.49016543
66.35935861
88.8878616
80.18600617
63.67110375
64.0423871
64.52476298
61.07292719
63.6533879
64.68699969
81.66729832
95.76738922
103.2136396
75.48881536
69.88516163
70.07605253
70.71637361
69.66392101
69.93802923
70.21041615
70.35891561
70.04651238
71.06590469
70.85733283
71.63005288
71.84752329
66.06168682
69.71342133
70.90869479
70.88836648
71.18352626
71.19158266
70.14036342
96.77922053
109.4465623
104.4942642
82.01936566
68.93742538
70.52498083
70.53977128
70.75299513
71.04789436
71.38828451
70.67477699
70.06688964
64.14701204
99.8297628
98.17932011
88.82344925
94.28397606
97.48051934
85.11671376
87.89550097
91.83818027
90.37724217
95.60715422
76.94722018
82.3575681
33.51135494
49.24715098
40.3757009
33.66459319
64.17957939
52.55320907
63.83804646
64.63452861
70.20966132
70.21472712
70.12053757
69.67115895
69.54540214
71.21095972
86.02780355
101.0998283
129.7403153
92.67744654
70.10488299
68.47349457
67.78866753
66.18342143
64.90604641
83.1646296
128.2333309
70.11319378
69.78055469
69.8366235
94.53214858
93.22136292
70.66877188
70.56525804
70.52277752
70.42135828
70.40383479
70.827439
70.12523718
108.23736
93.43728237
98.56307657
95.70184583
94.86442064
31.14194916
44.58697417
73.87642835
88.94036165
85.69043502
86.20771967
92.67217458
93.78805505
95.3331279
69.91218879
70.70523506
70.74180697
70.69169939
69.99087031
70.56708531
70.04450731
70.59797986
84.20210902
86.65633986
84.32072957
107.3421842
116.1186136
135.2778055
84.76525222
97.33440615
95.28944057
93.72758808
98.11570968
103.7442257
36.51016965
28.13540403
31.92577373
71.53936535
75.5886663
70.60259888
65.72617184
57.56053966
49.98981942
72.1151142
35.48219332
38.34505797
47.51297439
50.84644523
34.89782182
26.41378447
102.268304
104.4287853
104.8885848
103.5271477
98.95727741
92.05825982
97.35074295
88.76427622
91.67082802
97.51902247
102.2333173
104.1604846
106.9626175
110.8788306
93.87261799
92.64633589
86.00432857
82.13725843
78.7594472
80.08399862
83.2196596
86.13434287
87.98609807
92.97748041
90.00835514
70.84312569
70.45158469
70.47628605
70.45699189
70.07519521
70.89271252
71.02468965
70.78378043
71.02168008
71.03164954
70.75785319
71.03095141
70.51536201
69.89567725
70.15758674
69.1116872
62.67754936
68.51752386
69.83288618
98.2015539
78.97094273
100.2217928
121.6495171
79.47205059
71.72022462
69.46433839
68.24547701
66.96686016
62.98708295
70.31256903
67.23875583
67.1355001
65.30297999
113.7046224
104.7397297
70.92137454
99.71500386
115.8500681
96.601265
123.2994855
85.38277785
89.79018077
102.5968282
20.24494802
95.1083174
77.76716826
64.69874714
54.51764122
76.39366214
71.03983528
65.30461613
33.00963969
53.17954016
61.05398801
125.0081863
118.9593032
110.3778125
104.5545979
93.07563639
97.91239309
87.81010828
94.41425977
98.42738616
94.7354828
75.24447822
83.92595492
80.53055365
76.02840103
74.96095672
72.81624715
76.99444978
81.72240673
85.29612147
49.08810421
31.53747325
32.93262351
43.26237124
41.29951937
24.74389572
72.75942911
91.34558594
71.07306931
71.06135878
71.12247608
71.02595901
71.0386366
70.87950832
70.7708926
70.79452471
70.71990995
70.56520654
70.7902291
70.88439715
70.36757829
70.28232656
69.44170475
70.25177429
68.10302629
70.48978805
70.45319824
69.25444874
69.10904259
66.97050762
69.36946182
64.12777235
70.59200019
74.19386372
100.568052
72.33971513
68.65689665
69.92693066
70.8683081
70.41196637
70.12974921
70.47198994
93.66121478
101.7152262
97.31531222
98.09146435
61.31700497
43.67359658
34.0160457
51.00207114
32.1224995
93.55932021
121.9697237
126.2024319
71.0209135
83.42569566
89.24224161
116.585976
65.4582247
46.89805403
147.9528872
48.29682806
33.56419259
84.0403754
98.45196097
98.36151058
67.23292263
89.91348435
82.54970383
85.33983116
92.79203608
78.55826762
98.20876141
32.97653452
97.48913572
95.78716411
70.36245307
70.61761505
70.90207357
70.84900107
70.87624971
70.97656975
70.94064847
69.99709651
70.34776836
69.75812872
70.43095564
70.54360651
70.82673824
70.87587114
70.78121661
70.67181236
69.60102157
70.95194046
70.82484772
62.91946904
70.6900791
70.74366208
69.79554536
70.66679981
69.62149281
69.73479355
70.3386762
70.11067056
65.2248626
71.2499471
72.37227764
72.89151567
98.27032796
95.72158142
82.50028086
81.65733609
68.35356931
68.39879933
69.5970361
70.48826256
70.23606632
71.03341319
70.63868077
70.34148897
63.64526945
91.87652004
124.1292941
92.45940754
115.6586921
110.4317577
79.5329286
96.42703962
39.93415383
82.32331279
36.45215521
15.75668291
138.7491398
112.8266029
90.80548727
122.1298986
43.38642253
99.09772387
99.97070737
26.54269178
70.715307
111.9250559
69.93548828
62.55839439
61.98244682
90.48638549
88.23884844
63.08363916
69.48238559
77.31800274
53.51847941
60.00326318
57.34418977
52.73264318
51.12736408
55.80545349
50.95491526
60.78515146
71.33976121
86.46073433
106.6473227
205.0576245
104.6892314
86.63793325
180.4764824
121.1760167
136.8371924
130.9507093
138.2719897
95.22452071
120.4066751
88.98101699
85.3557296
44.7806926
73.25133289
31.06925733
71.25110497
86.15858376
80.71162297
97.19026603
79.3885454
78.25432815
89.11591131
97.44296195
85.26925875
20.7812925
49.58708725
31.50081686
13.01017858
24.60100705
49.91737217
39.1974139
46.50576517
53.16402582
46.84283753
47.70986456
29.98353922
21.21673411
66.13357923
32.40226669
23.42285431
32.15986172
40.43290587
68.78863223
49.45704324
86.54733104
91.9628345
80.86649373
81.23014932
80.41152835
83.59438033
75.2286411
66.55308369
69.60195493
75.82953828
71.16518795
71.30631396
69.87483437
70.42128353
69.02295096
73.41425629
91.18359555
74.09584358
89.76585767
93.35211568
70.75014377
70.74769229
71.1271649
70.68396244
70.04131441
70.87471765
70.222403
69.26679207
70.21339786
70.579588
70.35356971
69.71645845
70.27517428
70.38732291
70.85399222
70.58956499
70.70500779
70.59830344
70.87180182
70.7874936
70.71261566
70.6480637
70.73530039
70.20611208
84.77083659
83.13960832
82.25223878
65.32294684
66.29456154
86.94925814
68.44797738
70.50074316
47.49191483
31.28273896
37.28635795
55.61333115
54.02414617
42.98472204
86.39106921
63.13642561
67.29949224
82.89313046
81.73181
102.5531166
93.97963189
101.2261746
113.8986076
116.5639122
79.43978414
117.4155253
110.471009
72.13782954
44.81469387
39.27859926
40.42015231
52.69918385
56.24230339
64.40934558
58.36109415
65.92104853
59.74804446
82.02680697
54.00234519
57.41917451
62.09231342
146.0967335
130.1520567
121.4143694
107.0294964
100.5345337
85.7702481
82.49817463
70.21118832
50.93818168
39.55436121
80.21467969
74.66319225
86.80981843
86.64265618
106.0670215
91.59693269
45.26324178
90.87604455
87.29880428
74.74695111
59.00891372
46.73166566
39.08030486
56.22598139
92.4874396
108.5728195
146.0259029
134.4834168
113.8442016
115.5703755
130.3642046
27.75067183
13.40583719
92.60470651
1.674316316
34.7845585
53.35681208
24.13712634
58.86125596
40.59892249
101.2711829
63.1245949
46.80196403
59.34069172
80.163147
71.89415277
16.36521702
8.286011742e-07
17.37603355
50.10345823
53.07724411
17.96884609
31.24400303
57.86724557
73.64143913
74.91113324
72.23235308
116.917374
98.8533652
89.23132819
84.5586039
72.99573759
86.3226299
70.54863285
70.15624172
70.68215124
70.65177782
70.65666006
70.5034423
70.1474289
71.56279373
81.39243785
71.04454777
91.80637544
71.28918105
91.65899703
70.61643018
70.5738619
70.83109964
70.83303815
70.72802458
70.89938105
70.572206
70.92972608
83.0404495
81.7129928
55.34363845
58.0061984
63.72795532
65.41194999
78.35755878
95.10837453
71.53715901
71.10657418
7.847243871
71.02240772
69.6273413
69.71635289
70.67270255
70.56972345
70.61911914
70.79026709
70.6344751
70.72297852
70.78936066
70.84890789
70.85142592
104.9986516
201.8904774
112.0760879
111.0237144
59.36384187
79.81456866
53.74093897
81.30603455
75.38639664
88.37741
74.48225956
74.05577922
51.98238418
53.17718666
53.34689153
75.95801896
79.2924897
77.25195788
78.74546986
79.92070992
76.4560177
63.42311764
67.17564745
87.4921429
2.177267235e-07
10.73194805
70.05142
33.92694293
81.27379375
16.30873402
79.61984457
85.57726491
80.92886081
64.68604788
183.0906573
101.9206661
49.24874771
65.92615833
83.78615434
78.40789493
74.994951
67.27081462
52.63652562
72.90587592
79.32778808
53.07411099
71.03252776
66.13188869
75.10915703
80.04808903
75.20132098
59.14328924
73.58012525
71.08905557
72.61692311
88.49049833
80.31038048
65.56677473
71.11168673
93.84698314
105.3451054
76.66143445
62.50649546
78.57582989
87.98318974
75.12043492
73.83101834
91.3266762
74.00648365
50.62356575
73.14381462
73.15081543
83.66667339
50.02784086
51.30175679
73.57385495
52.4764621
77.73632461
100.7216497
71.5366857
88.61195328
72.27435036
69.83124687
70.22768305
83.55936578
71.70347031
71.07781084
71.03733046
71.05631026
70.90216189
71.10037531
71.02494945
70.87780942
71.04857288
70.87073161
89.32452892
75.28987055
70.30590566
118.3869206
71.44381969
66.05830823
75.57031408
114.0807841
75.01015698
81.53171243
26.55907735
79.1499847
76.27779663
81.90365288
74.66681378
54.87083323
75.09433822
57.74020377
69.78224572
79.6896039
53.46149336
64.96920977
71.60045615
73.48755703
72.18102292
71.02735994
71.03097637
71.06504171
70.94737368
49.522504
33.61067528
69.3893125
76.0753681
76.99394862
70.80199764
70.80660966
94.34635135
97.24993298
74.25209749
61.485924
88.28268398
56.43972644
34.0829857
90.46418473
</DataArray>
<DataArray type="Int32" Name="rank" format="ascii">
3
3
3
3
3
3
3
3
3
3
3
3
3
3
3
3
3
3
3
3
3
3
3
3
3
3
3
3
3
3
3
3
3
3
3
3
3
3
3
3
3
3
3
3
3
3
3
3
3
3
3
3
3
3
3
3
3
3
3
3
3
3
3
3
3
3
3
3
3
3
3
3
3
3
3
3
3
3
3
3
3
3
3
3
3
3
3
3
3
3
3
3
3
3
3
3
3
3
3
3
3
3
3
3
3
3
3
3
3
3
3
3
3
3
3
3
3
3
3
3
3
3
3
3
3
3
3
3
3
3
3
3
3
3
3
3
3
3
3
3
3
3
3
3
3
3
3
3
3
3
3
3
3
3
3
3
3
3
3
3
3
3
3
3
3
3
3
3
3
3
3
3
3
3
3
3
3
3
3
3
3
3
3
3
3
3
3
3
3
3
3
3
3
3
3
3
3
3
3
3
3
3
3
3
3
3
3
3
3
3
3
3
3
3
3
3
3
3
3
3
3
3
3
3
3
3
3
3
3
3
3
3
3
3
3
3
3
3
3
3
3
3
3
3
3
3
3
3
3
3
3
3
3
3
3
3
3
3
3
3
3
3
3
3
3
3
3
3
3
3
3
3
3
3
3
3
3
3
3
3
3
3
3
3
3
3
3
3
3
3
3
3
3
3
3
3
3
3
3
3
3
3
3
3
3
3
3
3
3
3
3
3
3
3
3
3
3
3
3
3
3
3
3
3
3
3
3
3
3
3
3
3
3
3
3
3
3
3
3
3
3
3
3
3
3
3
3
3
3
3
3
3
3
3
3
3
3
3
3
3
3
3
3
3
3
3
3
3
3
3
3
3
3
3
3
3
3
3
3
3
3
3
3
3
3
3
3
3
3
3
3
3
3
3
3
3
3
3
3
3
3
3
3
3
3
3
3
3
3
3
3
3
3
3
3
3
3
3
3
3
3
3
3
3
3
3
3
3
3
3
3
3
3
3
3
3
3
3
3
3
3
3
3
3
3
3
3
3
3
3
3
3
3
3
3
3
3
3
3
3
3
3
3
3
3
3
3
3
3
3
3
3
3
3
3
3
3
3
3
3
3
3
3
3
3
3
3
3
3
3
3
3
3
3
3
3
3
3
3
3
3
3
3
3
3
3
3
3
3
3
3
3
3
3
3
3
3
3
3
3
3
3
3
3
3
3
3
3
3
3
3
3
3
3
3
3
3
3
3
3
3
3
3
3
3
3
3
3
3
3
3
3
3
3
3
3
3
3
3
3
3
3
3
3
3
3
3
3
3
3
3
3
3
3
3
3
3
3
3
3
3
3
3
3
3
3
3
3
3
3
3
3
3
3
3
3
3
3
3
3
3
3
3
3
3
3
3
3
3
3
3
3
3
3
3
3
3
3
3
3
3
3
3
3
3
3
3
3
3
3
3
3
3
3
3
3
3
3
3
3
3
3
3
3
3
3
3
3
3
3
3
3
3
3
3
3
3
3
3
3
3
3
3
3
3
3
3
3
3
3
3
3
3
3
3
3
3
3
3
3
3
3
3
3
3
3
3
3
3
3
3
3
3
3
3
3
3
3
3
3
3
3
3
3
3
3
3
3
3
3
3
3
3
3
3
3
3
3
3
3
3
3
3
3
3
3
3
3
3
3
3
3
3
3
3
3
3
3
3
3
3
3
3
3
3
3
3
3
3
3
3
3
3
3
3
3
3
3
3
3
3
3
3
3
3
3
3
3
3
3
3
3
3
3
3
3
3
3
3
3
3
3
3
3
3
3
3
3
3
3
3
3
3
3
3
3
3
3
3
3
3
3
3
3
3
3
3
3
3
3
3
3
3
3
3
3
3
3
3
3
3
3
3
3
3
3
3
3
3
3
3
3
3
3
3
3
3
3
3
3
3
3
3
3
3
3
3
3
3
3
3
3
3
3
3
3
3
3
3
3
3
3
3
3
3
3
3
3
3
3
3
3
3
3
3
3
3
3
3
3
3
3
3
3
3
3
3
3
3
3
3
3
3
3
3
3
3
3
3
3
3
3
3
3
3
3
3
3
3
3
3
3
3
3
3
3
3
3
3
3
3
3
3
3
3
3
3
3
3
3
3
3
3
3
3
3
3
3
3
3
3
3
3
3
3
3
3
3
3
3
3
3
3
3
3
3
3
3
3
3
3
3
3
3
3
3
3
3
3
3
3
3
3
3
3
3
3
3
3
3
3
3
3
3
3
3
3
3
3
3
3
3
3
3
3
3
3
3
3
3
3
3
3
3
3
3
3
3
3
3
3
3
3
3
3
3
3
3
3
3
3
3
3
3
3
3
3
3
3
3
3
3
3
3
3
3
3
3
3
3
3
3
3
3
3
3
3
3
3
3
3
3
3
3
3
3
3
3
3
3
3
3
3
3
3
3
3
3
3
3
3
3
3
3
3
3
3
3
3
3
3
3
3
3
3
3
3
3
3
3
3
3
3
3
3
3
3
3
3
3
3
3
3
3
3
3
3
3
3
3
3
3
3
3
3
3
3
3
3
3
3
3
3
3
3
3
3
3
3
3
3
3
3
3
3
3
3
3
3
3
3
3
3
3
3
3
3
3
3
3
3
3
3
3
3
3
3
3
3
3
3
3
3
3
3
3
3
3
3
3
3
3
3
3
3
3
3
3
3
3
3
3
3
3
3
3
3
3
3
3
3
3
3
3
3
3
3
3
3
3
3
3
3
3
3
3
3
3
3
3
3
3
3
3
3
3
3
3
3
3
3
3
3
3
3
3
3
3
3
3
3
3
3
3
3
3
3
3
3
3
3
3
3
3
3
3
3
3
3
3
3
3
3
3
3
3
3
3
3
3
3
3
3
3
3
3
3
3
3
3
3
3
3
3
3
3
3
3
3
3
3
3
3
3
3
3
3
3
3
3
3
3
3
3
3
3
3
3
3
3
3
3
3
3
3
3
3
3
3
3
3
3
3
3
3
3
3
3
3
3
3
3
3
3
3
3
3
3
3
3
3
3
3
3
3
3
3
3
3
3
3
3
3
3
3
3
3
3
3
3
3
3
3
3
3
3
3
3
3
3
3
3
3
3
3
3
3
3
3
3
3
3
3
3
3
3
3
3
3
3
3
3
3
3
3
3
3
3
3
3
3
3
3
3
3
3
3
3
3
3
3
3
3
3
3
3
3
3
3
3
3
3
3
3
3
3
3
3
3
3
3
3
3
3
3
3
3
3
3
3
3
3
3
3
3
3
3
3
3
3
3
3
3
3
3
3
3
3
3
3
3
3
3
3
3
3
3
3
3
3
3
3
3
3
3
3
3
3
3
3
3
3
3
3
3
3
3
3
3
3
3
3
3
3
3
3
3
3
3
3
3
3
3
3
3
3
3
3
3
3
3
3
3
3
3
3
3
3
3
3
3
3
3
3
3
3
3
3
3
3
3
3
3
3
3
3
3
3
3
3
3
3
3
3
3
3
3
3
3
3
3
3
3
3
3
3
3
3
3
3
3
3
3
3
3
3
3
3
3
3
3
3
3
3
3
3
3
3
3
3
3
3
3
3
3
3
3
3
3
3
3
3
3
3
3
3
3
3
3
3
3
3
3
3
3
3
3
3
3
3
3
3
3
3
3
3
3
3
3
3
3
3
3
3
3
3
3
3
3
3
3
3
3
3
3
3
3
3
3
3
3
3
3
3
3
3
3
3
3
3
3
3
3
3
3
3
3
3
3
3
3
3
3
3
3
3
3
3
3
3
3
3
3
3
3
3
3
3
3
3
3
3
3
3
3
3
3
3
3
3
3
3
3
3
3
3
3
3
3
3
3
3
3
3
3
3
3
3
3
3
3
3
3
3
3
3
3
3
3
3
3
3
3
3
3
3
3
3
3
3
3
3
3
3
3
3
3
3
3
3
3
3
3
3
3
3
3
3
3
3
3
3
3
3
3
3
3
3
3
3
3
3
3
3
3
3
3
3
3
3
3
3
3
3
3
3
3
3
3
3
3
3
3
3
3
3
3
3
3
3
3
3
3
3
3
3
3
3
3
3
3
3
3
3
3
3
3
3
3
3
3
3
3
3
3
3
3
3
3
3
3
3
3
3
3
3
3
3
3
3
3
3
3
3
3
3
3
3
3
3
3
3
3
3
3
3
3
3
3
3
3
3
3
3
3
3
3
3
3
3
3
3
3
3
3
3
3
3
3
3
3
3
3
3
3
3
3
3
3
3
3
3
3
3
3
3
3
3
3
3
3
3
3
3
3
3
3
3
3
3
3
3
3
3
3
3
3
3
3
3
3
3
3
3
3
3
3
3
3
3
3
3
3
3
3
3
3
3
3
3
3
3
3
3
3
3
3
3
3
3
3
3
3
3
3
3
3
3
3
3
3
3
3
3
3
3
3
3
3
3
3
3
3
3
3
3
3
3
3
3
3
3
3
3
3
3
3
3
3
3
3
3
3
3
3
3
3
3
3
3
3
3
3
3
3
3
3
3
3
3
3
3
3
3
3
3
3
3
3
3
3
3
3
3
3
3
3
3
3
3
3
3
3
3
3
3
3
3
3
3
3
3
3
3
3
3
3
3
3
3
3
3
3
3
3
3
3
3
3
3
3
3
3
3
3
3
3
3
3
3
3
3
3
3
3
3
3
3
3
3
3
3
3
3
3
3
3
3
3
3
3
3
3
3
3
3
3
3
3
3
3
3
3
3
3
3
3
3
3
3
3
3
3
3
3
3
3
3
3
3
3
3
3
3
3
3
3
3
3
3
3
3
3
3
3
3
3
3
3
3
3
3
3
3
3
3
3
3
3
3
3
3
3
3
3
3
3
3
3
3
3
3
3
3
3
3
3
3
3
3
3
3
3
3
3
3
3
3
3
3
3
3
3
3
3
3
3
3
3
3
3
3
3
3
3
3
3
3
3
3
3
3
3
3
3
3
3
3
3
3
3
3
3
3
3
3
3
3
3
3
3
3
3
3
3
3
3
3
3
3
3
3
3
3
3
3
3
3
3
3
3
3
3
3
3
3
3
3
3
3
3
3
3
3
3
3
3
3
3
3
3
3
3
3
3
3
3
3
3
3
3
3
3
3
3
3
3
3
3
3
3
3
3
3
3
3
3
3
3
3
3
3
3
3
3
3
3
3
3
3
3
3
3
3
3
3
3
3
3
3
3
3
3
3
3
3
3
3
3
3
3
3
3
3
3
3
3
3
3
3
3
3
3
3
3
3
3
3
3
3
3
3
3
3
3
3
3
3
3
3
3
3
3
3
3
3
3
3
3
3
3
3
3
3
3
3
3
3
3
3
3
3
3
3
3
3
3
3
3
3
3
3
3
3
3
3
3
3
3
3
3
3
3
3
3
3
3
3
3
3
3
3
3
3
3
3
3
3
3
3
3
3
3
3
3
3
3
3
3
3
3
3
3
3
3
3
3
3
3
3
3
3
3
3
3
3
3
3
3
3
3
3
3
3
3
3
3
3
3
3
3
3
3
3
3
3
3
3
3
3
3
3
3
3
3
3
3
3
3
3
3
3
3
3
3
3
3
3
3
3
3
3
3
3
3
3
3
3
3
3
3
3
3
3
3
3
3
3
3
3
3
3
3
3
3
3
3
3
3
3
3
3
3
3
3
3
3
3
3
3
3
3
3
3
3
3
3
3
3
3
3
3
3
3
3
3
3
3
3
3
3
3
3
3
3
3
3
3
3
3
3
3
3
3
3
3
3
3
3
3
3
3
3
3
3
3
3
3
3
3
3
3
</DataArray>
</CellData>
</Piece>
</UnstructuredGrid>
</VTKFile>
