<?xml version="1.0"?>
<VTKFile type="UnstructuredGrid" version="0.1">
<UnstructuredGrid>
<Piece NumberOfPoints="2746" NumberOfCells="2555">
<Points><DataArray type="Float64" NumberOfComponents="3" format="ascii">
2.6 1.099681225 0.0
2.5 1.099681225 0.0
2.5 1.000358622 0.0
2.6 1.000358622 0.0
2.8 1.000358622 0.0
2.7 1.000358622 0.0
2.7 0.9003187749 0.0
2.8 0.9003187749 0.0
2.7 1.099681225 0.0
2.9 0.9003187749 0.0
2.9 1.000358622 0.0
3 1.099681225 0.0
2.9 1.099681225 0.0
3 1.000358622 0.0
3.1 1.099681225 0.0
3.1 1.000358622 0.0
3.2 1.099681225 0.0
3.2 1.000358622 0.0
3.3 1.099681225 0.0
3.3 1.000358622 0.0
3.4 1.000358622 0.0
3.4 0.9003187749 0.0
3.5 0.9003187749 0.0
3.5 1.000358622 0.0
3.6 0.9003187749 0.0
3.6 1.000358622 0.0
3.7 1.099681225 0.0
3.6 1.099681225 0.0
3.7 1.000358622 0.0
3.8 1.099681225 0.0
3.8 1.000358622 0.0
3.9 1.099681225 0.0
3.9 1.000358622 0.0
4.1 1.000358622 0.0
4 1.000358622 0.0
4 0.9003187749 0.0
4.1 0.9003187749 0.0
4 1.099681225 0.0
4.2 0.9003187749 0.0
4.2 1.000358622 0.0
4.7 -1.099681225 0.0
4.8 -1.099681225 0.0
4.8 -0.9996413783 0.0
4.7 -0.9996413783 0.0
4.7 -0.9003187749 0.0
4.6 -0.9003187749 0.0
4.6 -0.9996413783 0.0
4.5 -0.9003187749 0.0
4.5 -0.9996413783 0.0
4.4 -0.9003187749 0.0
4.4 -0.9996413783 0.0
4.5 -1.099681225 0.0
4.6 -1.099681225 0.0
4.3 -1.099681225 0.0
4.4 -1.099681225 0.0
4.3 -0.9996413783 0.0
4.2 -1.099681225 0.0
4.2 -0.9996413783 0.0
4.1 -1.099681225 0.0
4.1 -0.9996413783 0.0
4.1 -0.9003187749 0.0
4 -0.9003187749 0.0
4 -0.9996413783 0.0
3.9 -0.9003187749 0.0
3.9 -0.9996413783 0.0
4 -1.099681225 0.0
3.9 -1.099681225 0.0
3.8 -0.9996413783 0.0
3.8 -1.099681225 0.0
3.8 -0.9003187749 0.0
3.7 -0.9003187749 0.0
3.7 -0.9996413783 0.0
3.6 -0.9003187749 0.0
3.6 -0.9996413783 0.0
3.7 -1.099681225 0.0
3.5 -0.9003187749 0.0
3.5 -0.9996413783 0.0
3.6 -1.099681225 0.0
3.4 -0.9003187749 0.0
3.4 -0.9996413783 0.0
3.3 -0.9003187749 0.0
3.3 -0.9996413783 0.0
3.3 -1.099681225 0.0
3.4 -1.099681225 0.0
3.2 -0.9996413783 0.0
3.2 -1.099681225 0.0
3.1 -0.9996413783 0.0
3.1 -1.099681225 0.0
3.1 -0.9003187749 0.0
3 -0.9003187749 0.0
3 -0.9996413783 0.0
2.9 -0.9003187749 0.0
2.9 -0.9996413783 0.0
3 -1.099681225 0.0
2.8 -1.099681225 0.0
2.9 -1.099681225 0.0
2.8 -0.9996413783 0.0
2.8 -0.9003187749 0.0
2.7 -0.9003187749 0.0
2.7 -0.9996413783 0.0
2.6 -0.9003187749 0.0
2.6 -0.9996413783 0.0
2.7 -1.099681225 0.0
2.6 -1.099681225 0.0
4.3 1.099681225 0.0
4.2 1.099681225 0.0
4.3 1.000358622 0.0
4.4 1.000358622 0.0
4.4 0.9003187749 0.0
4.5 0.9003187749 0.0
4.5 1.000358622 0.0
4.4 1.099681225 0.0
4.6 1.000358622 0.0
4.6 0.9003187749 0.0
4.7 0.9003187749 0.0
4.7 1.000358622 0.0
4.8 0.9003187749 0.0
4.8 1.000358622 0.0
5 1.000358622 0.0
5 1.099681225 0.0
4.9 1.099681225 0.0
4.9 1.000358622 0.0
5.1 1.099681225 0.0
5.1 1.000358622 0.0
5.2 1.099681225 0.0
5.2 1.000358622 0.0
5.3 1.099681225 0.0
5.3 1.000358622 0.0
5.3 0.9003187749 0.0
5.4 0.9003187749 0.0
5.4 1.000358622 0.0
5.5 0.9003187749 0.0
5.5 1.000358622 0.0
5.2 -1.000358622 0.0
5.2 -1.099681225 0.0
5.3 -1.099681225 0.0
5.3 -1.000358622 0.0
5.4 -1.000358622 0.0
5.4 -1.099681225 0.0
5.3 -0.9003187749 0.0
5.2 -0.9003187749 0.0
5.5 -1.000358622 0.0
5.5 -1.099681225 0.0
7 -1.000358622 0.0
7 -1.099681225 0.0
7.1 -1.099681225 0.0
7.1 -1.000358622 0.0
5.6 1.099681225 0.0
5.5 1.099681225 0.0
5.6 1.000358622 0.0
5.7 1.099681225 0.0
5.7 1.000358622 0.0
5.8 1.099681225 0.0
5.8 1.000358622 0.0
5.9 1.099681225 0.0
5.9 1.000358622 0.0
6 1.099681225 0.0
6 1.000358622 0.0
6 0.9003187749 0.0
6.1 0.9003187749 0.0
6.1 1.000358622 0.0
6.2 0.9003187749 0.0
6.2 1.000358622 0.0
6.3 1.099681225 0.0
6.2 1.099681225 0.0
6.3 1.000358622 0.0
6.4 1.000358622 0.0
6.4 0.9003187749 0.0
6.5 0.9003187749 0.0
6.5 1.000358622 0.0
6.7 1.000358622 0.0
6.6 1.000358622 0.0
6.6 0.9003187749 0.0
6.7 0.9003187749 0.0
6.6 1.099681225 0.0
6.5 1.099681225 0.0
7 1.000358622 0.0
7 0.9003187749 0.0
7.1 0.9003187749 0.0
7.1 1.000358622 0.0
7.2 1.000358622 0.0
7.2 0.9003187749 0.0
7.1 1.099681225 0.0
7 1.099681225 0.0
7.3 0.9003187749 0.0
7.3 1.000358622 0.0
7.4 0.9003187749 0.0
7.4 1.000358622 0.0
7.5 0.9003187749 0.0
7.5 1.000358622 0.0
7.6 1.000358622 0.0
7.6 0.9003187749 0.0
7.7 1.000358622 0.0
7.7 0.9003187749 0.0
2.7 -1.199721072 0.0
2.8 -1.199721072 0.0
2.9 -1.199721072 0.0
3 -1.199721072 0.0
3.1 -1.199721072 0.0
3.2 -1.199721072 0.0
3.2 -0.9003187749 0.0
3.3 -1.199721072 0.0
3.4 -1.199721072 0.0
3.5 -1.099681225 0.0
3.5 -1.199721072 0.0
3.6 -1.199721072 0.0
3.7 -1.199721072 0.0
3.8 -1.199721072 0.0
4 -1.199721072 0.0
4.1 -1.199721072 0.0
4.2 -0.9003187749 0.0
4.3 -1.199721072 0.0
4.4 -1.199721072 0.0
4.3 -0.9003187749 0.0
4.5 -1.199721072 0.0
4.8 -1.199721072 0.0
4.9 -1.199721072 0.0
4.9 -1.099681225 0.0
4.8 -0.9003187749 0.0
4.9 -0.9003187749 0.0
4.9 -1.000358622 0.0
5.1 -1.099681225 0.0
5 -1.099681225 0.0
5 -1.199721072 0.0
5.1 -1.199721072 0.0
5 -1.000358622 0.0
5 -0.9003187749 0.0
5.2 -1.199721072 0.0
5.1 -1.000358622 0.0
5.1 -0.9003187749 0.0
5.3 -1.199721072 0.0
5.4 -1.199721072 0.0
5.5 -1.199721072 0.0
5.4 -0.9003187749 0.0
5.6 -1.199721072 0.0
5.6 -1.099681225 0.0
5.5 -0.9003187749 0.0
5.6 -0.9003187749 0.0
5.6 -1.000358622 0.0
5.7 -1.000358622 0.0
5.7 -0.9003187749 0.0
5.7 -1.099681225 0.0
5.7 -1.199721072 0.0
5.8 -1.199721072 0.0
5.8 -1.099681225 0.0
5.8 -1.000358622 0.0
5.8 -0.9003187749 0.0
5.9 -1.000358622 0.0
5.9 -0.9003187749 0.0
5.9 -1.099681225 0.0
5.9 -1.199721072 0.0
6 -1.199721072 0.0
6 -1.099681225 0.0
6 -1.000358622 0.0
6 -0.9003187749 0.0
6.1 -1.199721072 0.0
6.1 -1.099681225 0.0
6.1 -0.9003187749 0.0
6.1 -1.000358622 0.0
6.2 -1.199721072 0.0
6.2 -1.099681225 0.0
6.3 -1.099681225 0.0
6.3 -1.199721072 0.0
6.2 -1.000358622 0.0
6.2 -0.9003187749 0.0
6.3 -1.000358622 0.0
6.3 -0.9003187749 0.0
6.4 -1.000358622 0.0
6.4 -0.9003187749 0.0
6.4 -1.099681225 0.0
6.4 -1.199721072 0.0
6.5 -1.199721072 0.0
6.5 -1.099681225 0.0
6.6 -1.199721072 0.0
6.6 -1.099681225 0.0
6.5 -0.9003187749 0.0
6.5 -1.000358622 0.0
6.6 -1.000358622 0.0
6.6 -0.9003187749 0.0
6.7 -1.000358622 0.0
6.7 -0.9003187749 0.0
6.7 -1.099681225 0.0
6.7 -1.199721072 0.0
6.8 -1.199721072 0.0
6.8 -1.099681225 0.0
6.8 -1.000358622 0.0
6.8 -0.9003187749 0.0
6.9 -1.000358622 0.0
6.9 -0.9003187749 0.0
7 -0.9003187749 0.0
7.1 -0.9003187749 0.0
7.2 -1.000358622 0.0
7.2 -0.9003187749 0.0
7.3 -0.9003187749 0.0
7.3 -1.000358622 0.0
7.4 -0.9003187749 0.0
7.4 -1.000358622 0.0
2.6 1.199721072 0.0
2.5 1.199721072 0.0
2.8 1.099681225 0.0
2.8 1.199721072 0.0
2.7 1.199721072 0.0
2.9 1.199721072 0.0
3 1.199721072 0.0
3.2 1.199721072 0.0
3.1 1.199721072 0.0
3.4 1.099681225 0.0
3.4 1.199721072 0.0
3.3 1.199721072 0.0
3.5 1.199721072 0.0
3.5 1.099681225 0.0
4.5 1.099681225 0.0
4.6 1.099681225 0.0
4.6 1.199721072 0.0
4.5 1.199721072 0.0
4.8 1.099681225 0.0
5 0.9003187749 0.0
4.9 0.9003187749 0.0
4.9 1.199721072 0.0
4.8 1.199721072 0.0
5 1.199721072 0.0
5.1 1.199721072 0.0
5.2 1.199721072 0.0
5.7 1.199721072 0.0
5.6 1.199721072 0.0
5.9 1.199721072 0.0
5.8 1.199721072 0.0
6 1.199721072 0.0
6.4 1.099681225 0.0
2.9 -0.800278928 0.0
3 -0.800278928 0.0
3.2 -0.800278928 0.0
3.3 -0.800278928 0.0
6.6 1.199721072 0.0
6.5 1.199721072 0.0
6.7 1.099681225 0.0
2.6 0.9003187749 0.0
2.6 0.800278928 0.0
2.7 0.800278928 0.0
3 0.9003187749 0.0
2.9 0.800278928 0.0
3 0.800278928 0.0
3.1 0.9003187749 0.0
3.1 0.800278928 0.0
3.2 0.800278928 0.0
3.2 0.9003187749 0.0
3.3 0.9003187749 0.0
3.3 0.800278928 0.0
3.5 0.800278928 0.0
3.6 0.800278928 0.0
3.7 0.800278928 0.0
3.7 0.9003187749 0.0
3.6 1.199721072 0.0
3.8 0.800278928 0.0
3.8 0.9003187749 0.0
3.7 1.199721072 0.0
3.9 0.800278928 0.0
3.9 0.9003187749 0.0
3.8 1.199721072 0.0
4 0.800278928 0.0
3.9 1.199721072 0.0
4 1.199721072 0.0
4.1 1.099681225 0.0
4.1 0.800278928 0.0
4.2 0.800278928 0.0
4.3 0.9003187749 0.0
4.3 0.800278928 0.0
4.4 0.800278928 0.0
4.3 1.199721072 0.0
4.2 1.199721072 0.0
4.5 0.800278928 0.0
4.4 1.199721072 0.0
4.7 1.099681225 0.0
4.7 0.800278928 0.0
4.8 0.800278928 0.0
5.2 0.9003187749 0.0
5.1 0.9003187749 0.0
5.1 0.800278928 0.0
5.2 0.800278928 0.0
5.3 1.199721072 0.0
5.4 1.099681225 0.0
5.4 0.800278928 0.0
5.5 0.800278928 0.0
5.6 0.9003187749 0.0
5.7 0.9003187749 0.0
5.6 0.800278928 0.0
5.7 0.800278928 0.0
5.5 1.199721072 0.0
5.8 0.9003187749 0.0
5.8 0.800278928 0.0
5.9 0.800278928 0.0
5.9 0.9003187749 0.0
6.1 1.099681225 0.0
6 0.800278928 0.0
6.1 0.800278928 0.0
6.2 1.199721072 0.0
6.1 1.199721072 0.0
6.3 0.9003187749 0.0
6.3 0.800278928 0.0
6.4 0.800278928 0.0
6.3 1.199721072 0.0
6.5 0.800278928 0.0
6.4 1.199721072 0.0
6.6 0.800278928 0.0
6.8 0.9003187749 0.0
6.7 0.800278928 0.0
6.8 0.800278928 0.0
6.8 1.000358622 0.0
6.8 1.099681225 0.0
6.9 0.800278928 0.0
6.9 0.9003187749 0.0
6.9 1.000358622 0.0
6.9 1.099681225 0.0
7.2 1.099681225 0.0
7.3 0.800278928 0.0
7.4 0.800278928 0.0
7.3 1.099681225 0.0
7.4 1.099681225 0.0
7.5 1.099681225 0.0
7.6 0.800278928 0.0
7.7 0.800278928 0.0
7.6 1.099681225 0.0
7.7 1.099681225 0.0
3.6 -0.800278928 0.0
3.5 -0.800278928 0.0
3.7 -0.800278928 0.0
3.8 -0.800278928 0.0
3.9 -0.800278928 0.0
3.9 -1.199721072 0.0
4.2 -0.800278928 0.0
4.1 -0.800278928 0.0
4.3 -0.800278928 0.0
4.6 -1.199721072 0.0
4.5 -0.800278928 0.0
4.4 -0.800278928 0.0
4.8 -0.800278928 0.0
4.7 -0.800278928 0.0
4.9 -0.800278928 0.0
5 -0.800278928 0.0
5.1 -0.800278928 0.0
5.2 -0.800278928 0.0
5.3 -0.800278928 0.0
5.5 -0.800278928 0.0
5.4 -0.800278928 0.0
5.6 -0.800278928 0.0
5.7 -0.800278928 0.0
5.9 -0.800278928 0.0
5.8 -0.800278928 0.0
6 -0.800278928 0.0
6.2 -0.800278928 0.0
6.3 -0.800278928 0.0
6.4 -0.800278928 0.0
6.6 -0.800278928 0.0
6.5 -0.800278928 0.0
6.7 -0.800278928 0.0
6.8 -0.800278928 0.0
6.9 -0.800278928 0.0
6.9 -1.099681225 0.0
7 -0.800278928 0.0
7.1 -0.800278928 0.0
7.2 -0.800278928 0.0
6.7 1.199721072 0.0
6.8 1.199721072 0.0
7 0.800278928 0.0
6.9 1.199721072 0.0
7.1 0.800278928 0.0
7 1.199721072 0.0
7.1 1.199721072 0.0
7.2 1.199721072 0.0
7.3 1.199721072 0.0
7.4 1.199721072 0.0
7.5 1.199721072 0.0
7.6 1.199721072 0.0
7.7 1.199721072 0.0
4.2 -1.199721072 0.0
4.7 -1.199721072 0.0
4.6 -0.800278928 0.0
6.1 -0.800278928 0.0
4 -0.800278928 0.0
3.4 -0.800278928 0.0
3.1 -0.800278928 0.0
2.6 -1.199721072 0.0
2.5 0.9003187749 0.0
2.5 0.800278928 0.0
2.8 0.800278928 0.0
7.4 -0.800278928 0.0
7.3 -0.800278928 0.0
3.4 0.800278928 0.0
7.2 -1.099681225 0.0
7.3 -1.099681225 0.0
4.1 1.199721072 0.0
6.9 -1.199721072 0.0
4.7 1.199721072 0.0
5 0.800278928 0.0
4.9 0.800278928 0.0
5.3 0.800278928 0.0
5.4 1.199721072 0.0
4.6 0.800278928 0.0
7.2 0.800278928 0.0
7.5 0.800278928 0.0
6.2 0.800278928 0.0
6.9 -1.299760919 0.0
6.8 -1.299760919 0.0
6.7 -1.299760919 0.0
6.6 -1.299760919 0.0
6.5 -1.299760919 0.0
6.4 -1.299760919 0.0
6.3 -1.299760919 0.0
6.2 -1.299760919 0.0
2.6 1.299760919 0.0
2.5 1.299760919 0.0
2.7 1.299760919 0.0
2.8 1.299760919 0.0
2.9 1.299760919 0.0
3 1.299760919 0.0
3.1 1.299760919 0.0
3.2 1.299760919 0.0
3.3 1.299760919 0.0
3.4 1.299760919 0.0
3.5 1.299760919 0.0
3.6 1.299760919 0.0
3.8 1.299760919 0.0
3.7 1.299760919 0.0
3.9 1.299760919 0.0
4 1.299760919 0.0
4.1 1.299760919 0.0
4.2 1.299760919 0.0
4.3 1.299760919 0.0
4.4 1.299760919 0.0
4.5 1.299760919 0.0
4.6 1.299760919 0.0
4.7 1.299760919 0.0
4.8 1.299760919 0.0
4.9 1.299760919 0.0
5 1.299760919 0.0
5.1 1.299760919 0.0
5.2 1.299760919 0.0
5.3 1.299760919 0.0
5.4 1.299760919 0.0
5.5 1.299760919 0.0
5.6 1.299760919 0.0
5.7 1.299760919 0.0
5.8 1.299760919 0.0
5.9 1.299760919 0.0
6 1.299760919 0.0
6.2 1.299760919 0.0
6.1 1.299760919 0.0
6.3 1.299760919 0.0
2.9 -0.7002390812 0.0
3 -0.7002390812 0.0
3.1 -0.7002390812 0.0
3.2 -0.7002390812 0.0
3.3 -0.7002390812 0.0
3.4 -0.7002390812 0.0
3.6 -0.7002390812 0.0
3.5 -0.7002390812 0.0
3.7 -0.7002390812 0.0
3.8 -0.7002390812 0.0
3.9 -0.7002390812 0.0
4 -0.7002390812 0.0
4.1 -0.7002390812 0.0
4.2 -0.7002390812 0.0
4.3 -0.7002390812 0.0
4.4 -0.7002390812 0.0
4.5 -0.7002390812 0.0
4.6 -0.7002390812 0.0
4.7 -0.7002390812 0.0
4.8 -0.7002390812 0.0
4.9 -0.7002390812 0.0
5 -0.7002390812 0.0
5.1 -0.7002390812 0.0
5.2 -0.7002390812 0.0
5.3 -0.7002390812 0.0
5.4 -0.7002390812 0.0
5.5 -0.7002390812 0.0
6.4 1.299760919 0.0
6.5 1.299760919 0.0
6.6 1.299760919 0.0
6.7 1.299760919 0.0
6.1 -1.299760919 0.0
6 -1.299760919 0.0
5.9 -1.299760919 0.0
5.8 -1.299760919 0.0
5.7 -1.299760919 0.0
5.6 -1.299760919 0.0
5.5 -1.299760919 0.0
5.4 -1.299760919 0.0
5.3 -1.299760919 0.0
5.2 -1.299760919 0.0
5.1 -1.299760919 0.0
5 -1.299760919 0.0
4.9 -1.299760919 0.0
4.8 -1.299760919 0.0
4.7 -1.299760919 0.0
4.6 -1.299760919 0.0
4.5 -1.299760919 0.0
4.4 -1.299760919 0.0
4.3 -1.299760919 0.0
4.2 -1.299760919 0.0
4.1 -1.299760919 0.0
4 -1.299760919 0.0
3.9 -1.299760919 0.0
3.8 -1.299760919 0.0
3.7 -1.299760919 0.0
3.6 -1.299760919 0.0
3.4 -1.299760919 0.0
3.5 -1.299760919 0.0
3.3 -1.299760919 0.0
3.2 -1.299760919 0.0
3.1 -1.299760919 0.0
3 -1.299760919 0.0
2.9 -1.299760919 0.0
2.8 -1.299760919 0.0
2.7 -1.299760919 0.0
2.6 -1.299760919 0.0
2.5 -1.299760919 0.0
2.5 -1.199721072 0.0
2.5 0.7002390812 0.0
2.6 0.7002390812 0.0
2.7 0.7002390812 0.0
3.2 0.7002390812 0.0
3.3 0.7002390812 0.0
5.6 -0.7002390812 0.0
5.7 -0.7002390812 0.0
5.8 -0.7002390812 0.0
6 -0.7002390812 0.0
5.9 -0.7002390812 0.0
6.1 -0.7002390812 0.0
6.2 -0.7002390812 0.0
6.3 -0.7002390812 0.0
6.4 -0.7002390812 0.0
6.5 -0.7002390812 0.0
6.6 -0.7002390812 0.0
6.7 -0.7002390812 0.0
6.8 -0.7002390812 0.0
6.9 -0.7002390812 0.0
7 -0.7002390812 0.0
6.8 1.299760919 0.0
6.9 1.299760919 0.0
7 1.299760919 0.0
7.1 1.299760919 0.0
7.2 1.299760919 0.0
7.3 1.299760919 0.0
7.5 1.299760919 0.0
7.4 1.299760919 0.0
7.6 1.299760919 0.0
5.2 0.7002390812 0.0
5.3 0.7002390812 0.0
5.4 0.7002390812 0.0
5.6 0.7002390812 0.0
5.7 0.7002390812 0.0
6.1 0.7002390812 0.0
6.2 0.7002390812 0.0
7.1 -0.7002390812 0.0
7.2 -0.7002390812 0.0
7.3 -0.7002390812 0.0
7.1 0.7002390812 0.0
7.2 0.7002390812 0.0
7.3 0.7002390812 0.0
7.4 0.7002390812 0.0
7.7 1.299760919 0.0
7.4 -1.099681225 0.0
2.9 0.7002390812 0.0
2.8 0.7002390812 0.0
3 0.7002390812 0.0
3.1 0.7002390812 0.0
3.9 0.7002390812 0.0
4 0.7002390812 0.0
4.1 0.7002390812 0.0
4.2 0.7002390812 0.0
4.3 0.7002390812 0.0
4.4 0.7002390812 0.0
4.5 0.7002390812 0.0
4.6 0.7002390812 0.0
4.7 0.7002390812 0.0
4.8 0.7002390812 0.0
4.9 0.7002390812 0.0
5 0.7002390812 0.0
5.1 0.7002390812 0.0
5.5 0.7002390812 0.0
5.8 0.7002390812 0.0
5.9 0.7002390812 0.0
6 0.7002390812 0.0
6.7 0.7002390812 0.0
6.8 0.7002390812 0.0
6.9 0.7002390812 0.0
7 0.7002390812 0.0
2.7 1.399800766 0.0
2.6 1.399800766 0.0
2.8 1.399800766 0.0
2.9 1.399800766 0.0
3 1.399800766 0.0
3.1 1.399800766 0.0
3.2 1.399800766 0.0
3.3 1.399800766 0.0
3.4 1.399800766 0.0
3.5 1.399800766 0.0
3.6 1.399800766 0.0
3.7 1.399800766 0.0
3.8 1.399800766 0.0
3.9 1.399800766 0.0
4.1 1.399800766 0.0
4 1.399800766 0.0
4.2 1.399800766 0.0
4.3 1.399800766 0.0
4.4 1.399800766 0.0
4.5 1.399800766 0.0
4.6 1.399800766 0.0
4.7 1.399800766 0.0
4.9 1.399800766 0.0
4.8 1.399800766 0.0
5 1.399800766 0.0
5.1 1.399800766 0.0
5.2 1.399800766 0.0
5.3 1.399800766 0.0
5.4 1.399800766 0.0
5.5 1.399800766 0.0
5.7 1.399800766 0.0
5.6 1.399800766 0.0
5.8 1.399800766 0.0
5.9 1.399800766 0.0
6.8 -1.399800766 0.0
6.9 -1.399800766 0.0
6.7 -1.399800766 0.0
6.6 -1.399800766 0.0
6.5 -1.399800766 0.0
6.4 -1.399800766 0.0
6.3 -1.399800766 0.0
6.2 -1.399800766 0.0
6.1 -1.399800766 0.0
6 1.399800766 0.0
6.1 1.399800766 0.0
6.2 1.399800766 0.0
6.3 1.399800766 0.0
3 -0.6001992343 0.0
2.9 -0.6001992343 0.0
3.1 -0.6001992343 0.0
3.2 -0.6001992343 0.0
3.3 -0.6001992343 0.0
3.4 -0.6001992343 0.0
3.5 -0.6001992343 0.0
3.6 -0.6001992343 0.0
3.7 -0.6001992343 0.0
3.8 -0.6001992343 0.0
3.9 -0.6001992343 0.0
4 -0.6001992343 0.0
4.1 -0.6001992343 0.0
4.2 -0.6001992343 0.0
4.3 -0.6001992343 0.0
4.4 -0.6001992343 0.0
4.5 -0.6001992343 0.0
4.6 -0.6001992343 0.0
4.7 -0.6001992343 0.0
4.8 -0.6001992343 0.0
4.9 -0.6001992343 0.0
5 -0.6001992343 0.0
5.1 -0.6001992343 0.0
5.2 -0.6001992343 0.0
5.3 -0.6001992343 0.0
5.5 -0.6001992343 0.0
5.4 -0.6001992343 0.0
5.6 -0.6001992343 0.0
6 -1.399800766 0.0
5.9 -1.399800766 0.0
5.8 -1.399800766 0.0
5.7 -1.399800766 0.0
5.6 -1.399800766 0.0
5.5 -1.399800766 0.0
5.4 -1.399800766 0.0
5.3 -1.399800766 0.0
5.2 -1.399800766 0.0
5.1 -1.399800766 0.0
4.9 -1.399800766 0.0
5 -1.399800766 0.0
4.8 -1.399800766 0.0
4.7 -1.399800766 0.0
6.4 1.399800766 0.0
6.5 1.399800766 0.0
6.6 1.399800766 0.0
6.7 1.399800766 0.0
5.7 -0.6001992343 0.0
5.9 -0.6001992343 0.0
5.8 -0.6001992343 0.0
6 -0.6001992343 0.0
6.1 -0.6001992343 0.0
6.2 -0.6001992343 0.0
6.3 -0.6001992343 0.0
6.4 -0.6001992343 0.0
6.5 -0.6001992343 0.0
6.6 -0.6001992343 0.0
6.7 -0.6001992343 0.0
6.8 -0.6001992343 0.0
6.9 -0.6001992343 0.0
7 -0.6001992343 0.0
7.1 -0.6001992343 0.0
7.2 -0.6001992343 0.0
7.3 -0.6001992343 0.0
7.4 -0.7002390812 0.0
7.5 -0.7002390812 0.0
7.5 -0.6001992343 0.0
7.4 -0.6001992343 0.0
7.6 -0.7002390812 0.0
7.6 -0.6001992343 0.0
7.7 -0.7002390812 0.0
7.7 -0.6001992343 0.0
6.8 1.399800766 0.0
6.9 1.399800766 0.0
7 1.399800766 0.0
7.1 1.399800766 0.0
7.2 1.399800766 0.0
7.3 1.399800766 0.0
7.4 1.399800766 0.0
7.5 1.399800766 0.0
7.6 1.399800766 0.0
4.6 -1.399800766 0.0
4.5 -1.399800766 0.0
4.4 -1.399800766 0.0
4.3 -1.399800766 0.0
4.2 -1.399800766 0.0
4.1 -1.399800766 0.0
4 -1.399800766 0.0
3.9 -1.399800766 0.0
3.8 -1.399800766 0.0
3.7 -1.399800766 0.0
3.6 -1.399800766 0.0
3.5 -1.399800766 0.0
3.4 -1.399800766 0.0
3.3 -1.399800766 0.0
3.1 -1.399800766 0.0
3.2 -1.399800766 0.0
3 -1.399800766 0.0
2.9 -1.399800766 0.0
2.8 -1.399800766 0.0
2.7 -1.399800766 0.0
2.6 -1.399800766 0.0
2.5 -1.399800766 0.0
3.1 0.6001992343 0.0
3.2 0.6001992343 0.0
3.4 0.7002390812 0.0
3.5 0.7002390812 0.0
3.6 0.7002390812 0.0
3.8 0.7002390812 0.0
3.7 0.7002390812 0.0
4 0.6001992343 0.0
4.1 0.6001992343 0.0
4.5 0.6001992343 0.0
4.6 0.6001992343 0.0
5.1 0.6001992343 0.0
5.2 0.6001992343 0.0
7.7 1.399800766 0.0
7.8 1.299760919 0.0
7.8 1.399800766 0.0
6.1 0.6001992343 0.0
6.2 0.6001992343 0.0
6.3 0.7002390812 0.0
6.3 0.6001992343 0.0
6.4 0.7002390812 0.0
6.5 0.7002390812 0.0
6.6 0.7002390812 0.0
7 0.6001992343 0.0
7.1 0.6001992343 0.0
7.5 0.7002390812 0.0
7.6 0.7002390812 0.0
7.5 0.6001992343 0.0
7.6 0.6001992343 0.0
7.7 0.7002390812 0.0
7.7 0.6001992343 0.0
5.9 0.6001992343 0.0
5.8 0.6001992343 0.0
6 0.6001992343 0.0
6.5 0.6001992343 0.0
6.4 0.6001992343 0.0
6.6 0.6001992343 0.0
2.5 1.399800766 0.0
3.3 0.6001992343 0.0
3.4 0.6001992343 0.0
3.5 0.6001992343 0.0
3.6 0.6001992343 0.0
3.7 0.6001992343 0.0
3.8 0.6001992343 0.0
4.4 0.6001992343 0.0
4.8 0.6001992343 0.0
4.7 0.6001992343 0.0
5.3 0.6001992343 0.0
5.4 0.6001992343 0.0
5.5 0.6001992343 0.0
5.6 0.6001992343 0.0
5.7 0.6001992343 0.0
6.7 -1.499840613 0.0
6.8 -1.499840613 0.0
6.6 -1.499840613 0.0
6.5 -1.499840613 0.0
6.4 -1.499840613 0.0
6.2 -1.499840613 0.0
6.3 -1.499840613 0.0
2.3 1.399800766 0.0
2.4 1.399800766 0.0
2.4 1.499840613 0.0
2.3 1.499840613 0.0
2.5 1.499840613 0.0
2.6 1.499840613 0.0
2.8 1.499840613 0.0
2.7 1.499840613 0.0
2.9 1.499840613 0.0
3 1.499840613 0.0
3.1 1.499840613 0.0
3.3 1.499840613 0.0
3.2 1.499840613 0.0
3.4 1.499840613 0.0
3.5 1.499840613 0.0
3.6 1.499840613 0.0
3.7 1.499840613 0.0
3.8 1.499840613 0.0
3.9 1.499840613 0.0
4 1.499840613 0.0
4.1 1.499840613 0.0
4.2 1.499840613 0.0
4.3 1.499840613 0.0
4.4 1.499840613 0.0
4.5 1.499840613 0.0
4.6 1.499840613 0.0
4.7 1.499840613 0.0
4.8 1.499840613 0.0
4.9 1.499840613 0.0
5 1.499840613 0.0
5.1 1.499840613 0.0
5.2 1.499840613 0.0
2.7 0.6001992343 0.0
2.8 0.6001992343 0.0
2.9 0.6001992343 0.0
3 0.6001992343 0.0
3.3 0.5001593874 0.0
3.4 0.5001593874 0.0
3.5 0.5001593874 0.0
3.6 0.5001593874 0.0
3.7 0.5001593874 0.0
3.8 0.5001593874 0.0
3.9 0.6001992343 0.0
3.9 0.5001593874 0.0
4 0.5001593874 0.0
4.2 0.6001992343 0.0
4.1 0.5001593874 0.0
4.2 0.5001593874 0.0
4.3 0.6001992343 0.0
4.4 0.5001593874 0.0
4.5 0.5001593874 0.0
4.9 0.6001992343 0.0
5 0.6001992343 0.0
5.4 0.5001593874 0.0
5.5 0.5001593874 0.0
5.3 1.499840613 0.0
5.4 1.499840613 0.0
5.5 1.499840613 0.0
5.6 1.499840613 0.0
5.7 1.499840613 0.0
5.8 1.499840613 0.0
5.9 1.499840613 0.0
6 1.499840613 0.0
6.1 1.499840613 0.0
6.2 1.499840613 0.0
6.3 1.499840613 0.0
6.4 1.499840613 0.0
6.5 1.499840613 0.0
6.6 1.499840613 0.0
6.7 1.499840613 0.0
6.8 1.499840613 0.0
6.9 1.499840613 0.0
7 1.499840613 0.0
7.3 1.499840613 0.0
7.2 1.499840613 0.0
7.4 1.499840613 0.0
7.5 1.499840613 0.0
7.7 1.499840613 0.0
7.6 1.499840613 0.0
7.8 1.499840613 0.0
3 -0.5001593874 0.0
2.9 -0.5001593874 0.0
3.1 -0.5001593874 0.0
3.2 -0.5001593874 0.0
3.3 -0.5001593874 0.0
3.4 -0.5001593874 0.0
3.5 -0.5001593874 0.0
3.6 -0.5001593874 0.0
3.7 -0.5001593874 0.0
3.8 -0.5001593874 0.0
3.9 -0.5001593874 0.0
4 -0.5001593874 0.0
4.1 -0.5001593874 0.0
4.3 -0.5001593874 0.0
4.2 -0.5001593874 0.0
4.4 -0.5001593874 0.0
4.5 -0.5001593874 0.0
4.6 -0.5001593874 0.0
4.7 -0.5001593874 0.0
4.8 -0.5001593874 0.0
4.9 -0.5001593874 0.0
5 -0.5001593874 0.0
5.1 -0.5001593874 0.0
5.2 -0.5001593874 0.0
5.3 -0.5001593874 0.0
5.4 -0.5001593874 0.0
5.5 -0.5001593874 0.0
5.6 -0.5001593874 0.0
6 -1.499840613 0.0
6.1 -1.499840613 0.0
5.9 -1.499840613 0.0
5.8 -1.499840613 0.0
5.7 -1.499840613 0.0
5.6 -1.499840613 0.0
5.5 -1.499840613 0.0
5.4 -1.499840613 0.0
5.3 -1.499840613 0.0
5.2 -1.499840613 0.0
5.1 -1.499840613 0.0
5 -1.499840613 0.0
4.9 -1.499840613 0.0
4.8 -1.499840613 0.0
4.7 -1.499840613 0.0
4.6 -1.499840613 0.0
4.5 -1.499840613 0.0
4.4 -1.499840613 0.0
4.3 -1.499840613 0.0
4.2 -1.499840613 0.0
4.1 -1.499840613 0.0
4 -1.499840613 0.0
3.9 -1.499840613 0.0
3.8 -1.499840613 0.0
3.7 -1.499840613 0.0
3.6 -1.499840613 0.0
3.5 -1.499840613 0.0
3.4 -1.499840613 0.0
3.3 -1.499840613 0.0
3.2 -1.499840613 0.0
3.1 -1.499840613 0.0
3 -1.499840613 0.0
2.9 -1.499840613 0.0
2.8 -1.499840613 0.0
2.6 -1.499840613 0.0
2.7 -1.499840613 0.0
2.5 -1.499840613 0.0
6.1 0.5001593874 0.0
6.2 0.5001593874 0.0
6.7 0.6001992343 0.0
6.8 0.6001992343 0.0
6.9 0.6001992343 0.0
6.9 0.5001593874 0.0
7 0.5001593874 0.0
7.2 0.6001992343 0.0
7.3 0.6001992343 0.0
7.4 0.6001992343 0.0
5.7 -0.5001593874 0.0
5.8 -0.5001593874 0.0
6 -0.5001593874 0.0
5.9 -0.5001593874 0.0
6.1 -0.5001593874 0.0
6.2 -0.5001593874 0.0
6.3 -0.5001593874 0.0
6.4 -0.5001593874 0.0
6.5 -0.5001593874 0.0
6.6 -0.5001593874 0.0
6.7 -0.5001593874 0.0
6.8 -0.5001593874 0.0
6.9 -0.5001593874 0.0
7 -0.5001593874 0.0
7.1 -0.5001593874 0.0
7.2 -0.5001593874 0.0
7.3 -0.5001593874 0.0
7.4 -0.5001593874 0.0
7.5 -0.5001593874 0.0
7.6 -0.5001593874 0.0
7.7 -0.5001593874 0.0
2.8 0.5001593874 0.0
2.7 0.5001593874 0.0
2.9 0.5001593874 0.0
3 0.5001593874 0.0
3.1 0.5001593874 0.0
3.2 0.5001593874 0.0
4.3 0.5001593874 0.0
4.9 0.5001593874 0.0
5 0.5001593874 0.0
5.1 0.5001593874 0.0
5.6 0.5001593874 0.0
5.7 0.5001593874 0.0
5.8 0.5001593874 0.0
6.5 0.5001593874 0.0
6.6 0.5001593874 0.0
6.7 0.5001593874 0.0
6.8 0.5001593874 0.0
7.2 0.5001593874 0.0
7.3 0.5001593874 0.0
7.4 0.5001593874 0.0
7.1 0.5001593874 0.0
7.5 0.5001593874 0.0
6.9 -1.499840613 0.0
2.9 -0.4001195406 0.0
3 -0.4001195406 0.0
3.1 -0.4001195406 0.0
3.2 -0.4001195406 0.0
3.3 -0.4001195406 0.0
3.4 -0.4001195406 0.0
3.5 -0.4001195406 0.0
3.6 -0.4001195406 0.0
3.7 -0.4001195406 0.0
3.8 -0.4001195406 0.0
3.9 -0.4001195406 0.0
4 -0.4001195406 0.0
4.1 -0.4001195406 0.0
4.2 -0.4001195406 0.0
4.3 -0.4001195406 0.0
4.4 -0.4001195406 0.0
4.5 -0.4001195406 0.0
4.6 -0.4001195406 0.0
4.7 -0.4001195406 0.0
4.8 -0.4001195406 0.0
4.9 -0.4001195406 0.0
5 -0.4001195406 0.0
5.1 -0.4001195406 0.0
5.2 -0.4001195406 0.0
5.3 -0.4001195406 0.0
5.4 -0.4001195406 0.0
5.6 -0.4001195406 0.0
5.5 -0.4001195406 0.0
5.7 -0.4001195406 0.0
5.8 -0.4001195406 0.0
5.9 -0.4001195406 0.0
6 -0.4001195406 0.0
6.1 -0.4001195406 0.0
6.2 -0.4001195406 0.0
6.3 -0.4001195406 0.0
6.4 -0.4001195406 0.0
6.5 -0.4001195406 0.0
6.6 -0.4001195406 0.0
6.7 -0.4001195406 0.0
6.8 -0.4001195406 0.0
6.9 -0.4001195406 0.0
7 -0.4001195406 0.0
7.1 -0.4001195406 0.0
7.2 -0.4001195406 0.0
7.3 -0.4001195406 0.0
7.4 -0.4001195406 0.0
7.5 -0.4001195406 0.0
7.6 -0.4001195406 0.0
7.7 -0.4001195406 0.0
7.7 1.599880459 0.0
7.6 1.599880459 0.0
7.5 1.599880459 0.0
7.4 1.599880459 0.0
7.3 1.599880459 0.0
7.2 1.599880459 0.0
7.1 1.499840613 0.0
7 1.599880459 0.0
6.9 1.599880459 0.0
6.2 1.599880459 0.0
6.1 1.599880459 0.0
6 1.599880459 0.0
5.9 1.599880459 0.0
5.8 1.599880459 0.0
5.7 1.599880459 0.0
5.6 1.599880459 0.0
5.3 1.599880459 0.0
5.2 1.599880459 0.0
5.1 1.599880459 0.0
5 1.599880459 0.0
4.9 1.599880459 0.0
4.5 1.599880459 0.0
4.4 1.599880459 0.0
4.3 1.599880459 0.0
4.2 1.599880459 0.0
3 1.599880459 0.0
2.9 1.599880459 0.0
2.8 1.599880459 0.0
2.7 1.599880459 0.0
2.6 1.599880459 0.0
2.5 1.599880459 0.0
2.4 1.599880459 0.0
3 0.4001195406 0.0
3.1 0.4001195406 0.0
3.2 0.4001195406 0.0
3.3 0.4001195406 0.0
3.6 0.4001195406 0.0
3.7 0.4001195406 0.0
4.1 0.4001195406 0.0
4.2 0.4001195406 0.0
4.6 0.5001593874 0.0
4.7 0.5001593874 0.0
4.8 0.5001593874 0.0
5 0.4001195406 0.0
5.1 0.4001195406 0.0
5.2 0.5001593874 0.0
5.2 0.4001195406 0.0
5.3 0.5001593874 0.0
5.3 0.4001195406 0.0
5.9 0.5001593874 0.0
6 0.5001593874 0.0
6.3 0.5001593874 0.0
6.4 0.5001593874 0.0
6.4 0.4001195406 0.0
6.5 0.4001195406 0.0
6.9 0.4001195406 0.0
7 0.4001195406 0.0
7.1 0.4001195406 0.0
7.2 0.4001195406 0.0
7.3 0.4001195406 0.0
7.6 0.5001593874 0.0
7.7 0.5001593874 0.0
6.9 -1.599880459 0.0
6.8 -1.599880459 0.0
6.7 -1.599880459 0.0
6.6 -1.599880459 0.0
6.5 -1.599880459 0.0
6.4 -1.599880459 0.0
6.1 -1.599880459 0.0
6.2 -1.599880459 0.0
6 -1.599880459 0.0
5.9 -1.599880459 0.0
5.8 -1.599880459 0.0
5.7 -1.599880459 0.0
5.5 -1.599880459 0.0
5.6 -1.599880459 0.0
5.4 -1.599880459 0.0
5.3 -1.599880459 0.0
5.2 -1.599880459 0.0
5.1 -1.599880459 0.0
4.9 -1.599880459 0.0
5 -1.599880459 0.0
4.8 -1.599880459 0.0
4.7 -1.599880459 0.0
4.6 -1.599880459 0.0
4.5 -1.599880459 0.0
4.4 -1.599880459 0.0
4.3 -1.599880459 0.0
4.2 -1.599880459 0.0
4.1 -1.599880459 0.0
4 -1.599880459 0.0
3.9 -1.599880459 0.0
3.8 -1.599880459 0.0
3.7 -1.599880459 0.0
3.5 -1.599880459 0.0
3.6 -1.599880459 0.0
3.4 -1.599880459 0.0
3.3 -1.599880459 0.0
3.2 -1.599880459 0.0
3.1 -1.599880459 0.0
3 -1.599880459 0.0
2.9 -1.599880459 0.0
2.8 -1.599880459 0.0
2.7 -1.599880459 0.0
2.6 -1.599880459 0.0
2.5 -1.599880459 0.0
3.5 0.4001195406 0.0
3.4 0.4001195406 0.0
3.9 0.4001195406 0.0
3.8 0.4001195406 0.0
4 0.4001195406 0.0
4.8 0.4001195406 0.0
4.9 0.4001195406 0.0
5.5 0.4001195406 0.0
5.4 0.4001195406 0.0
5.7 0.4001195406 0.0
5.8 0.4001195406 0.0
5.9 0.4001195406 0.0
6 0.4001195406 0.0
5.6 0.4001195406 0.0
6.1 0.4001195406 0.0
6.2 0.4001195406 0.0
6.3 0.4001195406 0.0
6.7 0.4001195406 0.0
6.6 0.4001195406 0.0
6.8 0.4001195406 0.0
7.5 0.4001195406 0.0
7.4 0.4001195406 0.0
7.6 0.4001195406 0.0
7.7 0.4001195406 0.0
6.8 1.599880459 0.0
7.1 1.599880459 0.0
7.8 1.599880459 0.0
5.4 1.599880459 0.0
4.8 1.599880459 0.0
4.7 1.599880459 0.0
4.6 1.599880459 0.0
3.7 1.599880459 0.0
3.8 1.599880459 0.0
3.6 1.599880459 0.0
3.5 1.599880459 0.0
3.4 1.599880459 0.0
3.3 1.599880459 0.0
2.9 0.4001195406 0.0
2.8 0.4001195406 0.0
2.8 0.3000796937 0.0
2.9 0.3000796937 0.0
3 0.3000796937 0.0
3.1 0.3000796937 0.0
3.2 0.3000796937 0.0
3.5 0.3000796937 0.0
3.6 0.3000796937 0.0
3.7 0.3000796937 0.0
3.8 0.3000796937 0.0
3.9 0.3000796937 0.0
4 0.3000796937 0.0
4.1 0.3000796937 0.0
4.3 0.4001195406 0.0
4.5 0.4001195406 0.0
4.4 0.4001195406 0.0
4.6 0.4001195406 0.0
4.7 0.4001195406 0.0
4.7 0.3000796937 0.0
4.8 0.3000796937 0.0
5.8 0.3000796937 0.0
5.9 0.3000796937 0.0
6 0.3000796937 0.0
6.1 0.3000796937 0.0
6.2 0.3000796937 0.0
6.3 0.3000796937 0.0
6.4 0.3000796937 0.0
7 0.3000796937 0.0
7.1 0.3000796937 0.0
7.2 0.3000796937 0.0
7.6 0.3000796937 0.0
7.7 0.3000796937 0.0
5.4 1.699920306 0.0
5.3 1.699920306 0.0
5.5 1.599880459 0.0
5.5 1.699920306 0.0
5.6 1.699920306 0.0
5.7 1.699920306 0.0
5.8 1.699920306 0.0
5.9 1.699920306 0.0
6 1.699920306 0.0
6.9 -1.699920306 0.0
6.8 -1.699920306 0.0
6.7 -1.699920306 0.0
6.6 -1.699920306 0.0
6.5 -1.699920306 0.0
6.4 -1.699920306 0.0
6.3 -1.599880459 0.0
6.3 -1.699920306 0.0
6.2 -1.699920306 0.0
5.2 1.699920306 0.0
5.1 1.699920306 0.0
5 1.699920306 0.0
4.9 1.699920306 0.0
4.7 1.699920306 0.0
4.6 1.699920306 0.0
4.5 1.699920306 0.0
4.3 1.699920306 0.0
4.2 1.699920306 0.0
4.1 1.599880459 0.0
4 1.599880459 0.0
3.9 1.599880459 0.0
3.8 1.699920306 0.0
3.7 1.699920306 0.0
3.4 1.699920306 0.0
3.3 1.699920306 0.0
3.2 1.599880459 0.0
3.2 1.699920306 0.0
3.1 1.599880459 0.0
3.1 1.699920306 0.0
2.6 1.699920306 0.0
2.5 1.699920306 0.0
6.1 -1.699920306 0.0
6 -1.699920306 0.0
5.9 -1.699920306 0.0
5.8 -1.699920306 0.0
5.6 -1.699920306 0.0
5.7 -1.699920306 0.0
5.5 -1.699920306 0.0
5.4 -1.699920306 0.0
5.3 -1.699920306 0.0
5.2 -1.699920306 0.0
5.1 -1.699920306 0.0
5 -1.699920306 0.0
4.9 -1.699920306 0.0
4.8 -1.699920306 0.0
4.7 -1.699920306 0.0
4.6 -1.699920306 0.0
4.5 -1.699920306 0.0
4.4 -1.699920306 0.0
4.3 -1.699920306 0.0
4.1 -1.699920306 0.0
4.2 -1.699920306 0.0
4 -1.699920306 0.0
3.9 -1.699920306 0.0
3.8 -1.699920306 0.0
3.6 -1.699920306 0.0
3.7 -1.699920306 0.0
3.5 -1.699920306 0.0
3.4 -1.699920306 0.0
3.3 -1.699920306 0.0
3.2 -1.699920306 0.0
3.1 -1.699920306 0.0
3 -1.699920306 0.0
2.9 -1.699920306 0.0
2.8 -1.699920306 0.0
2.7 -1.699920306 0.0
2.6 -1.699920306 0.0
2.5 -1.699920306 0.0
6.1 1.699920306 0.0
6.2 1.699920306 0.0
6.3 1.699920306 0.0
6.3 1.599880459 0.0
3 -0.3000796937 0.0
2.9 -0.3000796937 0.0
3.1 -0.3000796937 0.0
3.2 -0.3000796937 0.0
3.4 -0.3000796937 0.0
3.3 -0.3000796937 0.0
3.5 -0.3000796937 0.0
3.7 -0.3000796937 0.0
3.6 -0.3000796937 0.0
3.8 -0.3000796937 0.0
3.9 -0.3000796937 0.0
4 -0.3000796937 0.0
4.1 -0.3000796937 0.0
4.2 -0.3000796937 0.0
4.3 -0.3000796937 0.0
4.4 -0.3000796937 0.0
4.5 -0.3000796937 0.0
4.6 -0.3000796937 0.0
4.7 -0.3000796937 0.0
4.8 -0.3000796937 0.0
4.9 -0.3000796937 0.0
5 -0.3000796937 0.0
5.1 -0.3000796937 0.0
5.3 -0.3000796937 0.0
5.2 -0.3000796937 0.0
5.4 -0.3000796937 0.0
5.5 -0.3000796937 0.0
5.6 -0.3000796937 0.0
5.7 -0.3000796937 0.0
5.8 -0.3000796937 0.0
5.9 -0.3000796937 0.0
6 -0.3000796937 0.0
6.1 -0.3000796937 0.0
6.2 -0.3000796937 0.0
6.3 -0.3000796937 0.0
6.4 -0.3000796937 0.0
6.5 -0.3000796937 0.0
6.6 -0.3000796937 0.0
6.7 -0.3000796937 0.0
6.8 -0.3000796937 0.0
6.9 -0.3000796937 0.0
7 -0.3000796937 0.0
7.1 -0.3000796937 0.0
7.2 -0.3000796937 0.0
7.3 -0.3000796937 0.0
7.4 -0.3000796937 0.0
7.5 -0.3000796937 0.0
7.6 -0.3000796937 0.0
7.7 -0.3000796937 0.0
6.4 1.599880459 0.0
6.4 1.699920306 0.0
6.5 1.599880459 0.0
6.5 1.699920306 0.0
6.6 1.699920306 0.0
6.6 1.599880459 0.0
6.7 1.599880459 0.0
6.7 1.699920306 0.0
6.8 1.699920306 0.0
6.9 1.699920306 0.0
7 1.699920306 0.0
7.1 1.699920306 0.0
7.2 1.699920306 0.0
7.3 1.699920306 0.0
7.4 1.699920306 0.0
7.5 1.699920306 0.0
7.6 1.699920306 0.0
7.7 1.699920306 0.0
7.8 1.699920306 0.0
4.4 1.699920306 0.0
4.1 1.699920306 0.0
4 1.699920306 0.0
2.7 0.4001195406 0.0
3.9 1.699920306 0.0
3.3 0.3000796937 0.0
3.4 0.3000796937 0.0
3.5 1.699920306 0.0
3 1.699920306 0.0
2.8 1.699920306 0.0
2.7 1.699920306 0.0
2.3 1.599880459 0.0
4.2 0.3000796937 0.0
4.3 0.3000796937 0.0
4.4 0.3000796937 0.0
4.5 0.3000796937 0.0
4.6 0.3000796937 0.0
5.1 0.3000796937 0.0
5.2 0.3000796937 0.0
5.3 0.3000796937 0.0
5.4 0.3000796937 0.0
5.5 0.3000796937 0.0
5.6 0.3000796937 0.0
6.5 0.3000796937 0.0
6.6 0.3000796937 0.0
2.9 0.2000398469 0.0
3 0.2000398469 0.0
3.1 0.2000398469 0.0
3.2 0.2000398469 0.0
3.3 0.2000398469 0.0
3.4 0.2000398469 0.0
3.5 0.2000398469 0.0
3.6 0.2000398469 0.0
3.7 0.2000398469 0.0
3.8 0.2000398469 0.0
3.9 0.2000398469 0.0
4 0.2000398469 0.0
4.9 0.3000796937 0.0
5.3 0.2000398469 0.0
5.4 0.2000398469 0.0
5.7 0.3000796937 0.0
5.6 0.2000398469 0.0
5.7 0.2000398469 0.0
5.8 0.2000398469 0.0
6 0.2000398469 0.0
6.1 0.2000398469 0.0
6.7 0.3000796937 0.0
6.8 0.3000796937 0.0
6.9 0.3000796937 0.0
6.9 0.2000398469 0.0
7 0.2000398469 0.0
7.3 0.3000796937 0.0
7.4 0.3000796937 0.0
7.5 0.3000796937 0.0
6.8 -1.799960153 0.0
6.7 -1.799960153 0.0
6.6 -1.799960153 0.0
6.5 -1.799960153 0.0
6.4 -1.799960153 0.0
6.3 -1.799960153 0.0
6.2 -1.799960153 0.0
5.7 1.799960153 0.0
5.6 1.799960153 0.0
5.5 1.799960153 0.0
5.4 1.799960153 0.0
5.3 1.799960153 0.0
2.9 -0.2000398469 0.0
3 -0.2000398469 0.0
3.2 -0.2000398469 0.0
3.1 -0.2000398469 0.0
3.3 -0.2000398469 0.0
3.4 -0.2000398469 0.0
3.5 -0.2000398469 0.0
3.6 -0.2000398469 0.0
3.7 -0.2000398469 0.0
3.8 -0.2000398469 0.0
3.9 -0.2000398469 0.0
4 -0.2000398469 0.0
4.1 -0.2000398469 0.0
4.2 -0.2000398469 0.0
4.4 -0.2000398469 0.0
4.3 -0.2000398469 0.0
4.5 -0.2000398469 0.0
4.6 -0.2000398469 0.0
4.7 -0.2000398469 0.0
4.8 -0.2000398469 0.0
4.9 -0.2000398469 0.0
5 -0.2000398469 0.0
5.1 -0.2000398469 0.0
5.2 -0.2000398469 0.0
5.3 -0.2000398469 0.0
5.4 -0.2000398469 0.0
5.5 -0.2000398469 0.0
5.6 -0.2000398469 0.0
5.7 -0.2000398469 0.0
5.8 -0.2000398469 0.0
5.9 -0.2000398469 0.0
6 -0.2000398469 0.0
6.1 -0.2000398469 0.0
6.2 -0.2000398469 0.0
4.8 1.699920306 0.0
4.6 1.799960153 0.0
4.5 1.799960153 0.0
4.1 1.799960153 0.0
4 1.799960153 0.0
3.6 1.699920306 0.0
2.9 1.699920306 0.0
2.8 1.799960153 0.0
2.7 1.799960153 0.0
2.6 1.799960153 0.0
2.5 1.799960153 0.0
2.4 1.799960153 0.0
2.4 1.699920306 0.0
2.3 1.699920306 0.0
6 1.799960153 0.0
5.9 1.799960153 0.0
6.1 1.799960153 0.0
6.3 1.799960153 0.0
6.2 1.799960153 0.0
6.4 1.799960153 0.0
6.6 1.799960153 0.0
6.5 1.799960153 0.0
6.8 1.799960153 0.0
6.7 1.799960153 0.0
6.3 -0.2000398469 0.0
6.4 -0.2000398469 0.0
6.5 -0.2000398469 0.0
6.7 -0.2000398469 0.0
6.6 -0.2000398469 0.0
6.8 -0.2000398469 0.0
6.9 -0.2000398469 0.0
7 -0.2000398469 0.0
7.1 -0.2000398469 0.0
7.2 -0.2000398469 0.0
7.3 -0.2000398469 0.0
7.4 -0.2000398469 0.0
7.5 -0.2000398469 0.0
7.6 -0.2000398469 0.0
7.7 -0.2000398469 0.0
6.9 1.799960153 0.0
7.1 1.799960153 0.0
7 1.799960153 0.0
7.3 1.799960153 0.0
7.4 1.799960153 0.0
7.5 1.799960153 0.0
7.6 1.799960153 0.0
7.7 1.799960153 0.0
7.8 1.799960153 0.0
6.1 -1.799960153 0.0
6 -1.799960153 0.0
5.9 -1.799960153 0.0
5.8 -1.799960153 0.0
5.7 -1.799960153 0.0
5.6 -1.799960153 0.0
5.5 -1.799960153 0.0
5.4 -1.799960153 0.0
5.3 -1.799960153 0.0
5.2 -1.799960153 0.0
5.1 -1.799960153 0.0
5 -1.799960153 0.0
4.9 -1.799960153 0.0
4.8 -1.799960153 0.0
4.7 -1.799960153 0.0
4.6 -1.799960153 0.0
4.4 -1.799960153 0.0
4.5 -1.799960153 0.0
4.3 -1.799960153 0.0
4.2 -1.799960153 0.0
4.1 -1.799960153 0.0
4 -1.799960153 0.0
3.9 -1.799960153 0.0
3.8 -1.799960153 0.0
3.7 -1.799960153 0.0
3.6 -1.799960153 0.0
3.5 -1.799960153 0.0
3.4 -1.799960153 0.0
3.3 -1.799960153 0.0
3.2 -1.799960153 0.0
3.1 -1.799960153 0.0
3 -1.799960153 0.0
2.9 -1.799960153 0.0
2.7 -1.799960153 0.0
2.8 -1.799960153 0.0
2.6 -1.799960153 0.0
2.5 -1.799960153 0.0
6.9 -1.799960153 0.0
5.2 1.799960153 0.0
5.1 1.799960153 0.0
4.9 1.799960153 0.0
5 1.799960153 0.0
4.8 1.799960153 0.0
4.7 1.799960153 0.0
4.4 1.799960153 0.0
4.3 1.799960153 0.0
4.2 1.799960153 0.0
3.7 1.799960153 0.0
3.6 1.799960153 0.0
3.5 1.799960153 0.0
3 1.799960153 0.0
3.1 1.799960153 0.0
2.9 1.799960153 0.0
5.8 1.799960153 0.0
7.2 1.799960153 0.0
2.8 0.2000398469 0.0
2.7 0.3000796937 0.0
2.7 0.2000398469 0.0
4.4 0.2000398469 0.0
4.3 0.2000398469 0.0
4.5 0.2000398469 0.0
4.2 0.2000398469 0.0
4.6 0.2000398469 0.0
4.7 0.2000398469 0.0
4.8 0.2000398469 0.0
4.9 0.2000398469 0.0
5 0.2000398469 0.0
5 0.3000796937 0.0
5.1 0.2000398469 0.0
5.2 0.2000398469 0.0
5.5 0.2000398469 0.0
5.9 0.2000398469 0.0
6.7 0.2000398469 0.0
6.6 0.2000398469 0.0
6.8 0.2000398469 0.0
7.5 0.2000398469 0.0
7.4 0.2000398469 0.0
7.6 0.2000398469 0.0
7.7 0.2000398469 0.0
3 -0.1 0.0
2.9 -0.1 0.0
3.1 -0.1 0.0
3.2 -0.1 0.0
3.3 -0.1 0.0
3.4 -0.1 0.0
3.5 -0.1 0.0
3.6 -0.1 0.0
3.7 -0.1 0.0
3.8 -0.1 0.0
3.9 -0.1 0.0
4 -0.1 0.0
4.1 -0.1 0.0
4.2 -0.1 0.0
4.3 -0.1 0.0
4.4 -0.1 0.0
4.5 -0.1 0.0
4.6 -0.1 0.0
4.8 -0.1 0.0
4.7 -0.1 0.0
4.9 -0.1 0.0
5 -0.1 0.0
5.1 -0.1 0.0
5.2 -0.1 0.0
5.3 -0.1 0.0
5.5 -0.1 0.0
5.4 -0.1 0.0
5.6 -0.1 0.0
5.7 -0.1 0.0
5.8 -0.1 0.0
5.9 -0.1 0.0
6 -0.1 0.0
6.1 -0.1 0.0
6.2 -0.1 0.0
6.3 -0.1 0.0
6.4 -0.1 0.0
6.5 -0.1 0.0
6.6 -0.1 0.0
6.7 -0.1 0.0
6.8 -0.1 0.0
6.9 -0.1 0.0
7 -0.1 0.0
7.1 -0.1 0.0
7.2 -0.1 0.0
7.3 -0.1 0.0
7.4 -0.1 0.0
7.5 -0.1 0.0
7.6 -0.1 0.0
7.7 -0.1 0.0
2.7 0.1 0.0
2.8 0.1 0.0
2.9 0.1 0.0
3.1 0.1 0.0
3.2 0.1 0.0
3.5 0.1 0.0
3.6 0.1 0.0
3.8 0.1 0.0
3.9 0.1 0.0
4 0.1 0.0
4.1 0.1 0.0
4.1 0.2000398469 0.0
4.8 0.1 0.0
4.9 0.1 0.0
5 0.1 0.0
5.1 0.1 0.0
5.2 0.1 0.0
5.3 0.1 0.0
5.6 0.1 0.0
5.7 0.1 0.0
5.8 0.1 0.0
5.9 0.1 0.0
6 0.1 0.0
6.1 0.1 0.0
6.2 0.2000398469 0.0
6.2 0.1 0.0
6.3 0.2000398469 0.0
6.3 0.1 0.0
6.4 0.2000398469 0.0
6.5 0.2000398469 0.0
7.1 0.2000398469 0.0
7.3 0.2000398469 0.0
7.2 0.2000398469 0.0
7.5 0.1 0.0
7.6 0.1 0.0
6.8 -1.9 0.0
6.9 -1.9 0.0
6.7 -1.9 0.0
6.6 -1.9 0.0
6.5 -1.9 0.0
6.3 -1.9 0.0
6.4 -1.9 0.0
6.2 -1.9 0.0
5.1 1.9 0.0
5 1.9 0.0
4.4 1.9 0.0
4.3 1.9 0.0
4.2 1.9 0.0
4.1 1.9 0.0
3.9 1.799960153 0.0
3.8 1.799960153 0.0
3.7 1.9 0.0
3.6 1.9 0.0
3.4 1.799960153 0.0
3.3 1.799960153 0.0
3.2 1.799960153 0.0
3 1.9 0.0
2.9 1.9 0.0
2.4 1.9 0.0
2.3 1.9 0.0
2.3 1.799960153 0.0
5.4 1.9 0.0
5.3 1.9 0.0
5.5 1.9 0.0
5.6 1.9 0.0
5.8 1.9 0.0
5.7 1.9 0.0
5.9 1.9 0.0
6.1 -1.9 0.0
6 -1.9 0.0
5.9 -1.9 0.0
5.6 -1.9 0.0
5.7 -1.9 0.0
5.5 -1.9 0.0
5.4 -1.9 0.0
5.3 -1.9 0.0
5.2 -1.9 0.0
5 -1.9 0.0
5.1 -1.9 0.0
4.9 -1.9 0.0
4.8 -1.9 0.0
4.7 -1.9 0.0
4.6 -1.9 0.0
6 1.9 0.0
6.1 1.9 0.0
6.2 1.9 0.0
6.3 1.9 0.0
6.4 1.9 0.0
6.5 1.9 0.0
6.6 1.9 0.0
6.7 1.9 0.0
6.8 1.9 0.0
6.9 1.9 0.0
7 1.9 0.0
7.1 1.9 0.0
7.2 1.9 0.0
7.3 1.9 0.0
7.4 1.9 0.0
7.6 1.9 0.0
7.5 1.9 0.0
7.7 1.9 0.0
4.5 -1.9 0.0
4.4 -1.9 0.0
4.3 -1.9 0.0
4.2 -1.9 0.0
4 -1.9 0.0
4.1 -1.9 0.0
3.9 -1.9 0.0
3.8 -1.9 0.0
3.6 -1.9 0.0
3.7 -1.9 0.0
3.5 -1.9 0.0
3.4 -1.9 0.0
3.2 -1.9 0.0
3.3 -1.9 0.0
3.1 -1.9 0.0
3 -1.9 0.0
2.8 -1.9 0.0
2.9 -1.9 0.0
2.7 -1.9 0.0
2.6 -1.9 0.0
2.5 -1.9 0.0
5.2 1.9 0.0
4.9 1.9 0.0
4.8 1.9 0.0
4.7 1.9 0.0
4.6 1.9 0.0
4.5 1.9 0.0
4 1.9 0.0
3.9 1.9 0.0
3.8 1.9 0.0
3.5 1.9 0.0
3.4 1.9 0.0
3.3 1.9 0.0
3.2 1.9 0.0
5.8 -1.9 0.0
7 0.1 0.0
7.1 0.1 0.0
7.2 0.1 0.0
6.9 0.1 0.0
7.3 0.1 0.0
2.7 1.9 0.0
2.8 1.9 0.0
2.6 1.9 0.0
2.5 1.9 0.0
6.8 0.1 0.0
4.5 0.1 0.0
4.6 0.1 0.0
4.2 0.1 0.0
4.3 0.1 0.0
6.5 0.1 0.0
6.4 0.1 0.0
3.3 0.1 0.0
3.4 0.1 0.0
3 0.1 0.0
5.4 0.1 0.0
5.5 0.1 0.0
7.8 1.9 0.0
6.1 -2 0.0
6.2 -2 0.0
6.4 -2 0.0
6.5 -2 0.0
7.4 2 0.0
7.3 2 0.0
7.1 2 0.0
7 2 0.0
6.9 2 0.0
6.6 2 0.0
6.5 2 0.0
6.4 2 0.0
6.3 2 0.0
6.2 2 0.0
6.1 2 0.0
5.8 2 0.0
5.7 2 0.0
5.6 2 0.0
5.5 2 0.0
5.4 2 0.0
5.3 2 0.0
5.2 2 0.0
7.7 0 0.0
7.6 0 0.0
7.5 0 0.0
7.1 0 0.0
7 0 0.0
6.9 0 0.0
6.7 0 0.0
6.6 0 0.0
6.5 0 0.0
6.7 0.1 0.0
6.8 0 0.0
7.2 0 0.0
7.3 0 0.0
6.6 0.1 0.0
6.4 0 0.0
6.3 0 0.0
6.2 0 0.0
6.1 0 0.0
6 0 0.0
5.9 0 0.0
5.8 0 0.0
5.7 0 0.0
5.6 0 0.0
5.5 0 0.0
5.4 0 0.0
4.8 0 0.0
4.7 0 0.0
4.6 0 0.0
4.5 0 0.0
4.4 0 0.0
4.2 0 0.0
4.1 0 0.0
3.1 0 0.0
3 0 0.0
2.9 0 0.0
5.1 2 0.0
4.7 2 0.0
4.6 2 0.0
4.5 2 0.0
4.4 2 0.0
4 2 0.0
3.9 2 0.0
3.5 2 0.0
3.4 2 0.0
3.3 2 0.0
3.1 1.9 0.0
5.9 -2 0.0
6 -2 0.0
5.8 -2 0.0
5.7 -2 0.0
5.6 -2 0.0
5.5 -2 0.0
5.4 -2 0.0
5.3 -2 0.0
5.2 -2 0.0
5.1 -2 0.0
5 -2 0.0
4.9 -2 0.0
4.8 -2 0.0
4.7 -2 0.0
4.6 -2 0.0
4.5 -2 0.0
4.4 -2 0.0
4.3 -2 0.0
4.2 -2 0.0
4.1 -2 0.0
4 -2 0.0
3.9 -2 0.0
3.8 -2 0.0
3.7 -2 0.0
3.6 -2 0.0
3.5 -2 0.0
3.4 -2 0.0
3.3 -2 0.0
5.3 0 0.0
5.2 0 0.0
5.1 0 0.0
4.9 0 0.0
5 0 0.0
4.7 0.1 0.0
4.4 0.1 0.0
4.3 0 0.0
4 0 0.0
3.9 0 0.0
3.8 0 0.0
3.7 0.1 0.0
3.7 0 0.0
3.6 0 0.0
3.5 0 0.0
3.4 0 0.0
3.3 0 0.0
3.2 0 0.0
2.8 0 0.0
3.2 -2 0.0
3.1 -2 0.0
3 -2 0.0
2.9 -2 0.0
2.8 -2 0.0
2.7 -2 0.0
2.6 -2 0.0
2.5 -2 0.0
7.4 0.1 0.0
7.4 0 0.0
7.7 0.1 0.0
6.6 -2 0.0
6.7 -2 0.0
6.8 -2 0.0
7.8 2 0.0
7.7 2 0.0
6.7 2 0.0
6.8 2 0.0
3.2 2 0.0
3.1 2 0.0
3 2 0.0
3.6 2 0.0
5 2 0.0
4.9 2 0.0
4.8 2 0.0
7.6 2 0.0
7.5 2 0.0
7.2 2 0.0
5.9 2 0.0
6 2 0.0
2.9 2 0.0
2.8 2 0.0
2.7 2 0.0
2.6 2 0.0
2.5 2 0.0
2.4 2 0.0
2.8 -0.1 0.0
2.7 0 0.0
6.3 -2 0.0
4.3 2 0.0
4.2 2 0.0
3.7 2 0.0
4.1 2 0.0
3.8 2 0.0
2.3 2 0.0
6.9 -2 0.0
5.299518263 -4.730380823 0.0
5.539284796 -4.076446529 0.0
5.023394631 -4.09073973 0.0
6.888353965 3.679586814 0.0
6.774158782 3.27041327 0.0
6.999934505 3.268680621 0.0
3.203958088 -3.629606014 0.0
3.212269522 -3.281481032 0.0
3.017524618 -3.250820151 0.0
4.992196072 3.260189184 0.0
4.820965181 3.629606014 0.0
4.80678514 3.27778554 0.0
4.033005675 3.694334065 0.0
3.969964578 3.269057944 0.0
4.190139029 3.283986219 0.0
3.640882782 3.691958753 0.0
3.53211187 3.283917655 0.0
3.776414582 3.272594809 0.0
4.081756992 -3.686540893 0.0
4.13477301 -3.261363164 0.0
3.911850832 -3.281614401 0.0
6.478211264 3.678743548 0.0
6.341506351 3.291800792 0.0
6.570993649 3.276882668 0.0
6.497007308 -3.671237735 0.0
6.610998199 -3.256810271 0.0
6.391488105 -3.253714094 0.0
5.810988927 -3.247567143 0.0
6.00174959 -3.615282337 0.0
6.000461368 -3.270592424 0.0
2.383794565 3.250600672 0.0
2.617483194 3.25891524 0.0
2.461927658 3.653713629 0.0
2.83271915 3.272213553 0.0
3.079487298 3.286340379 0.0
2.90270291 3.673875835 0.0
4.61375612 3.276233257 0.0
5.189829479 3.258412901 0.0
5.420934096 3.264342482 0.0
5.283420107 3.677299376 0.0
5.722873176 3.688924273 0.0
5.631597026 3.272272863 0.0
5.875205992 3.287524665 0.0
7.205445989 3.267928329 0.0
7.441239263 3.264538648 0.0
7.299715353 3.675393727 0.0
6.190390836 -3.248956692 0.0
5.371835317 -3.252316564 0.0
5.515866685 -3.642015802 0.0
5.60972631 -3.245753636 0.0
5.148630321 -3.250002681 0.0
4.90810099 -3.253526847 0.0
5.017380457 -3.648142867 0.0
4.538961194 -3.617874126 0.0
4.702489933 -3.247240901 0.0
4.514202566 -3.274262297 0.0
4.328859012 -3.254188841 0.0
3.428050561 -3.27761061 0.0
2.8149758 -3.253877162 0.0
2.580629398 -3.260081569 0.0
2.731458784 -3.656602633 0.0
6.788987612 -2.532297615 0.0
6.815424661 -2.336516021 0.0
6.705789039 -2.345720924 0.0
3.806748396 2.533532497 0.0
3.7848734 2.341496038 0.0
3.895096189 2.351563539 0.0
2.500142476 -2.333711174 0.0
2.578935215 -2.501334253 0.0
2.592700986 -2.341893426 0.0
3.889593801 -2.506251698 0.0
3.993758164 -2.344056459 0.0
3.898171566 -2.345961553 0.0
5.299284755 -2.332643864 0.0
5.380342871 -2.505965822 0.0
5.391874142 -2.343581235 0.0
7.013896315 2.537382574 0.0
6.985496825 2.338448681 0.0
7.095368441 2.346978182 0.0
6.488776048 2.341195512 0.0
6.372643767 2.502141893 0.0
6.390092256 2.341348369 0.0
3.585389819 2.507350907 0.0
3.594327355 2.342651257 0.0
3.687010711 2.334662291 0.0
4.286103685 -2.537382574 0.0
4.314503175 -2.338448681 0.0
4.204631559 -2.346978182 0.0
7.678481808 2.501226214 0.0
7.692752163 2.342730596 0.0
7.791351602 2.343856314 0.0
5.423958304 2.503611763 0.0
5.408261157 2.345114121 0.0
5.501241224 2.331793302 0.0
3.421735184 -2.505494224 0.0
3.499772075 -2.334244956 0.0
3.407139755 -2.347358188 0.0
4.908759051 -2.507309586 0.0
4.992413178 -2.335339624 0.0
4.902381511 -2.346303725 0.0
3 -2.515241669 0.0
3 -2.348230344 0.0
2.904903811 -2.345086378 0.0
6.4 -2.515241669 0.0
6.399038106 -2.352540644 0.0
6.304727772 -2.344418264 0.0
4.199427271 2.513628109 0.0
4.104594869 2.344215993 0.0
4.199725339 2.347456536 0.0
6 -2.515241669 0.0
6 -2.348230344 0.0
5.904903811 -2.345086378 0.0
5 2.515241669 0.0
5 2.348230344 0.0
5.095096189 2.345086378 0.0
4.6 2.515241669 0.0
4.599038106 2.352540644 0.0
4.695096189 2.346767868 0.0
3.707887559 -2.338930585 0.0
3.598949609 -2.336277478 0.0
3.659301688 -2.530131393 0.0
3.806066041 -2.335672608 0.0
4.904903811 2.345086378 0.0
4.294787248 2.344215993 0.0
3.348119248 2.535521824 0.0
3.293988256 2.338033617 0.0
3.403961098 2.337904689 0.0
2.508773885 2.343859391 0.0
2.607449631 2.342722711 0.0
2.621943624 2.501188752 0.0
6.8 2.348230344 0.0
6.891162788 2.336975312 0.0
6.8 2.515241669 0.0
6.120425568 2.500735889 0.0
6.008339457 2.342985929 0.0
6.106798898 2.342090009 0.0
2.798782422 2.326574492 0.0
2.890210061 2.337689722 0.0
2.876287419 2.494884196 0.0
2.691421623 -2.343153374 0.0
3.095096189 -2.345086378 0.0
3.308605991 -2.346767868 0.0
5.201037518 -2.331870458 0.0
5.089691134 -2.334772007 0.0
5.14401173 -2.521146951 0.0
5.695652925 -2.349520942 0.0
5.583429548 -2.340693195 0.0
5.606983857 -2.537358777 0.0
6.704903811 2.345086378 0.0
5.69166216 2.342119537 0.0
5.791042661 2.342985929 0.0
5.67486618 2.500220044 0.0
5.599171524 2.329115642 0.0
4.595096189 -2.345086378 0.0
4.5 -2.348230344 0.0
4.5 -2.515241669 0.0
4.408837212 -2.336975312 0.0
5.48497793 -2.334768243 0.0
6.095096189 -2.345086378 0.0
2.700031542 2.329414944 0.0
2.983882781 2.3324147 0.0
3.117217245 2.530219759 0.0
3.083430509 2.333694654 0.0
3.193366295 2.336063718 0.0
3.502447414 2.332455224 0.0
4.504727772 2.344418264 0.0
7.600277157 2.329512279 0.0
6.199470894 2.329202657 0.0
5.309597988 2.345086378 0.0
6.298082829 2.331787034 0.0
7.409038515 2.345162229 0.0
7.502012366 2.332110866 0.0
7.426859443 2.503791305 0.0
4.806942675 -2.341825156 0.0
6.495096189 -2.346767868 0.0
7.309597988 2.345086378 0.0
4.664927703 -4.736573735 0.0
4.573128466 -4.150904424 0.0
3.080442066 -4.718331031 0.0
3.619389676 -4.718544486 0.0
3.664408075 -4.181872932 0.0
3.174102095 -4.150128535 0.0
4.153500287 -4.721726756 0.0
4.120585625 -4.175900767 0.0
5.948533823 -4.75832222 0.0
6 -4.149073758 0.0
6.490185948 -4.192628804 0.0
6.498901248 -4.764828636 0.0
6.984750596 -4.722290732 0.0
6.964835234 -4.185375089 0.0
3.667287641 -3.696354728 0.0
2.747600152 -4.070704162 0.0
2.460486914 -4.661949459 0.0
7.650560069 3.265179697 0.0
7.731011093 3.675004327 0.0
3.267532402 3.717870281 0.0
3.3 3.321637038 0.0
6.961822421 -3.685261602 0.0
6.1 3.696008843 0.0
6.1 3.321637038 0.0
2.187558775 3.252294598 0.0
1.994879636 3.6151059 0.0
2.621030507 3.014258609 0.0
2.860376588 3.017152881 0.0
3.089550766 3.025061734 0.0
3.315094147 3.026057925 0.0
3.560376588 3.017152881 0.0
4.415822185 3.710984958 0.0
4.4 3.321637038 0.0
6.111976662 3.027780084 0.0
6.349090611 3.023646315 0.0
6.789250335 3.012681096 0.0
7 3.011368953 0.0
7.436642785 3.015222724 0.0
7.662867581 3.016163224 0.0
6.814543282 -3.264769361 0.0
5.6 -3.011368953 0.0
5.378493657 -3.01260943 0.0
5.140072142 -3.015787778 0.0
4.913688749 -3.014397734 0.0
4.7 -3.011368953 0.0
4.5 -3.011368953 0.0
3.671416525 -3.320319492 0.0
7.213190446 3.015923218 0.0
4.194468982 3.022680631 0.0
4.4 3.024611943 0.0
3.988100253 3.016573609 0.0
3.783317113 3.017212414 0.0
5.8 -3.011368953 0.0
2.578982108 -3.014908445 0.0
2.8 -3.011368953 0.0
2.793925519 -2.766662943 0.0
2.575702076 -2.759764289 0.0
3 -3.011368953 0.0
3.001399858 -2.765633801 0.0
3.209020186 -3.021392984 0.0
3.211673913 -2.769261642 0.0
3.430472777 -3.017152881 0.0
3.437675467 -2.760135052 0.0
3.670764015 -2.769322171 0.0
3.666983829 -3.031973872 0.0
3.895281998 -3.021100946 0.0
3.890800095 -2.765722201 0.0
4.09913148 -2.767777945 0.0
4.1 -3.011368953 0.0
4.3 -3.011368953 0.0
4.296525921 -2.764224296 0.0
4.499802477 -2.764447825 0.0
4.702683988 -2.766956383 0.0
4.910735951 -2.760938051 0.0
5.142943803 -2.763068753 0.0
5.376004867 -2.761361653 0.0
5.597475295 -2.770415085 0.0
5.8 -2.765240078 0.0
6 -2.764272694 0.0
6 -3.011368953 0.0
6.2 -2.765240078 0.0
6.2 -3.011368953 0.0
6.4 -3.011368953 0.0
6.4 -2.764272694 0.0
6.6 -2.765240078 0.0
6.6 -3.011368953 0.0
6.8 -3.011368953 0.0
6.797246903 -2.765744869 0.0
7.439217969 2.759652513 0.0
7.674540429 2.759376215 0.0
7.210673012 2.769172865 0.0
7.003474079 2.764224296 0.0
6.794611068 2.764944447 0.0
6.585719858 2.767630729 0.0
6.573763614 3.020210202 0.0
6.360036874 2.760135052 0.0
6.121894434 2.762578809 0.0
5.887530059 3.018257588 0.0
5.892557261 2.770086819 0.0
5.659927858 3.015787778 0.0
5.66080455 2.758065177 0.0
5.425449277 2.760378531 0.0
5.420763468 3.014134449 0.0
5.206362319 2.766816503 0.0
5.2 3.011368953 0.0
5 3.011368953 0.0
5.00159058 2.764666801 0.0
4.8 3.011368953 0.0
4.8 2.765240078 0.0
4.6 3.011368953 0.0
4.6 2.765100381 0.0
4.4 2.768550825 0.0
4.199636648 2.765550753 0.0
3.796477281 2.767733014 0.0
3.99911932 2.768655124 0.0
3.572694259 2.763720476 0.0
3.339060072 2.769492811 0.0
3.103245031 2.770695751 0.0
2.860705186 2.760151443 0.0
2.624603349 2.759609244 0.0
2.4 3.011368953 0.0
2.406976766 2.76943625 0.0
2.2 3.011368953 0.0
2.203303716 2.765321102 0.0
2.8 -2.5414457 0.0
3.2 -2.5414457 0.0
4.1 -2.5414457 0.0
4.7 -2.5414457 0.0
5.8 -2.5414457 0.0
6.2 -2.5414457 0.0
6.6 -2.5414457 0.0
7.212857192 2.543931467 0.0
6.589590906 2.537598354 0.0
5.9 2.5414457 0.0
5.2 2.5414457 0.0
4.8 2.5414457 0.0
4.4 2.5414457 0.0
4 2.5414457 0.0
2.410533814 2.544443481 0.0
2.213214866 2.541769797 0.0
5.9 2.365379124 0.0
6.2 -2.365379124 0.0
4.4 2.365379124 0.0
4 2.365379124 0.0
6.6 -2.365379124 0.0
2.4 2.365379124 0.0
2.295096189 2.351563539 0.0
4.1 -2.365379124 0.0
5.8 -2.365379124 0.0
3.2 -2.365379124 0.0
4.8 2.365379124 0.0
7.7 2.220143006 0.0
7.7978379 2.224688682 0.0
7.6 2.220143006 0.0
7.5 2.220143006 0.0
7.4 2.220143006 0.0
7.3 2.220143006 0.0
7.2 2.226416284 0.0
7.2 2.365379124 0.0
7.09884211 2.225056395 0.0
7 2.220143006 0.0
6.9 2.220143006 0.0
6.8 2.220143006 0.0
6.7 2.220143006 0.0
6.6 2.365379124 0.0
6.6 2.226416284 0.0
6.5 2.220143006 0.0
6.4 2.220143006 0.0
6.3 2.220143006 0.0
6.2 2.220143006 0.0
6.1 2.220143006 0.0
6 2.220143006 0.0
5.9 2.226416284 0.0
5.8 2.220143006 0.0
5.7 2.220143006 0.0
5.6 2.220143006 0.0
5.5 2.220143006 0.0
5.4 2.220143006 0.0
5.302399497 2.224897843 0.0
5.2 2.365379124 0.0
5.2 2.226416284 0.0
5.1 2.220143006 0.0
5 2.220143006 0.0
4.9 2.220143006 0.0
4.8 2.226416284 0.0
4.7 2.220143006 0.0
4.6 2.220143006 0.0
4.5 2.220143006 0.0
4.4 2.226416284 0.0
4.3 2.220143006 0.0
4.2 2.220143006 0.0
4.1 2.220143006 0.0
4 2.226416284 0.0
3.898774047 2.225789645 0.0
3.795911862 2.223430844 0.0
3.7 2.220143006 0.0
3.6 2.220143006 0.0
3.5 2.220143006 0.0
3.4 2.220143006 0.0
3.3 2.220143006 0.0
3.2 2.220143006 0.0
3.1 2.220143006 0.0
3 2.220143006 0.0
2.9 2.220143006 0.0
2.8 2.220143006 0.0
2.7 2.220143006 0.0
2.6 2.220143006 0.0
2.5 2.220143006 0.0
2.4 2.226416284 0.0
2.298774047 2.225789645 0.0
2.6 -2.220143006 0.0
2.5 -2.220143006 0.0
2.7 -2.220143006 0.0
2.8 -2.365379124 0.0
2.8 -2.226416284 0.0
3.2 -2.226416284 0.0
3.1 -2.220143006 0.0
3.302151498 -2.224905462 0.0
3 -2.220143006 0.0
3.4 -2.220143006 0.0
3.6 -2.220143006 0.0
3.5 -2.220143006 0.0
3.7 -2.220143006 0.0
3.8 -2.220143006 0.0
3.9 -2.220143006 0.0
4 -2.220143006 0.0
4.1 -2.226416284 0.0
4.20115789 -2.22505606 0.0
4.3 -2.220143006 0.0
4.6 -2.220143006 0.0
4.5 -2.220143006 0.0
4.4 -2.220143006 0.0
4.7 -2.365379124 0.0
4.7 -2.226416284 0.0
4.8 -2.220143006 0.0
4.9 -2.220143006 0.0
5 -2.220143006 0.0
5.1 -2.220143006 0.0
5.2 -2.220143006 0.0
5.3 -2.220143006 0.0
5.4 -2.220143006 0.0
5.495140906 -2.221411508 0.0
5.595585695 -2.222866421 0.0
5.698913231 -2.22559373 0.0
5.8 -2.226416284 0.0
6.1 -2.220143006 0.0
6 -2.220143006 0.0
5.901225953 -2.224996198 0.0
6.2 -2.226416284 0.0
6.3 -2.220143006 0.0
6.4 -2.220143006 0.0
6.5 -2.220143006 0.0
6.6 -2.226416284 0.0
6.70144726 -2.225238436 0.0
6.8 -2.220143006 0.0
2.9 -2.220143006 0.0
2.5 2.106294689 0.0
2.6 2.105035751 0.0
2.7 2.107553627 0.0
2.8 2.105035751 0.0
2.9 2.106294689 0.0
3.1 2.105035751 0.0
3.2 2.106294689 0.0
3.5 2.106294689 0.0
3.6 2.105035751 0.0
4.1 2.106609424 0.0
4.2 2.106294689 0.0
4.6 2.105035751 0.0
4.7 2.106294689 0.0
5.2 2.106604071 0.0
5.3 2.107945707 0.0
7.8 2.108339125 0.0
7.7 2.105035751 0.0
7.6 2.107947045 0.0
7.5 2.106609424 0.0
7.4 2.106294689 0.0
7.3 2.105035751 0.0
7.2 2.109535036 0.0
7.1 2.106688107 0.0
7 2.106609424 0.0
6.9 2.106294689 0.0
6.8 2.105035751 0.0
6.7 2.106294689 0.0
6.6 2.109436681 0.0
6.5 2.105035751 0.0
6.4 2.106294689 0.0
6.3 2.108183096 0.0
6.2 2.106294689 0.0
6.1 2.105035751 0.0
6 2.107945707 0.0
5.9 2.106604071 0.0
5.5 2.106294689 0.0
5.6 2.108286285 0.0
5.7 2.106707444 0.0
5.8 2.106686769 0.0
2.5 -2.106294689 0.0
2.6 -2.105035751 0.0
2.7 -2.108260441 0.0
2.8 -2.107863009 0.0
3 -2.106294689 0.0
2.9 -2.105035751 0.0
3.2 -2.109830099 0.0
3.1 -2.106609424 0.0
3.3 -2.106294689 0.0
3.4 -2.105035751 0.0
3.5 -2.107868362 0.0
3.6 -2.106294689 0.0
3.7 -2.105035751 0.0
3.8 -2.106294689 0.0
3.9 -2.106609424 0.0
4 -2.108339125 0.0
4.1 -2.106604071 0.0
4.3 -2.108281116 0.0
4.2 -2.106686769 0.0
4.4 -2.106294689 0.0
4.5 -2.105035751 0.0
4.6 -2.106294689 0.0
4.7 -2.109436681 0.0
4.8 -2.105035751 0.0
4.9 -2.106294689 0.0
5 -2.106609424 0.0
5.2 -2.107966716 0.0
5.1 -2.106688107 0.0
5.3 -2.105035751 0.0
5.4 -2.106294689 0.0
5.5 -2.107868362 0.0
5.6 -2.105035751 0.0
5.7 -2.106294689 0.0
5.8 -2.108177743 0.0
5.9 -2.108339125 0.0
6 -2.105035751 0.0
6.1 -2.108260441 0.0
6.2 -2.107863009 0.0
6.3 -2.105035751 0.0
6.4 -2.106294689 0.0
6.5 -2.106609424 0.0
6.6 -2.108256427 0.0
6.7 -2.10867353 0.0
6.8 -2.106294689 0.0
6.9 -2.105035751 0.0
6.9 -2.220143006 0.0
3.7 2.107868362 0.0
4.3 2.105035751 0.0
4.4 2.109436681 0.0
4.5 2.106294689 0.0
5.4 2.105035751 0.0
3 2.107868362 0.0
2.4 2.109436681 0.0
2.299693512 2.110799792 0.0
3.3 2.10826178 0.0
3.4 2.106609424 0.0
3.8 2.106294689 0.0
3.899693512 2.110399925 0.0
4 2.109515365 0.0
4.8 2.108177743 0.0
4.9 2.107080187 0.0
5 2.10847749 0.0
5.1 2.106686769 0.0
2.4 1.099681225 0.0
2.4 1.000358622 0.0
2.8 -0.800278928 0.0
2.7 -0.800278928 0.0
2.6 -0.800278928 0.0
2.5 -0.9003187749 0.0
2.5 -0.9996413783 0.0
2.5 -1.099681225 0.0
7 -1.199721072 0.0
7.1 -1.199721072 0.0
7.8 1.000358622 0.0
7.8 0.9003187749 0.0
7.5 -0.9003187749 0.0
7.5 -1.000358622 0.0
2.4 1.199721072 0.0
7.8 0.800278928 0.0
7.8 1.099681225 0.0
7.8 1.199721072 0.0
2.4 0.9003187749 0.0
2.4 0.800278928 0.0
7.5 -0.800278928 0.0
7.3 -1.199721072 0.0
7.2 -1.199721072 0.0
7 -1.299760919 0.0
2.4 1.299760919 0.0
2.8 -0.7002390812 0.0
2.4 -1.199721072 0.0
2.4 -1.299760919 0.0
2.4 0.7002390812 0.0
2.6 0.6001992343 0.0
2.5 0.6001992343 0.0
7.4 -1.199721072 0.0
7.5 -1.099681225 0.0
7 -1.399800766 0.0
2.8 -0.6001992343 0.0
7.6 -0.800278928 0.0
7.8 -0.7002390812 0.0
7.8 -0.6001992343 0.0
7.7 -0.800278928 0.0
2.4 -1.399800766 0.0
7.9 1.299760919 0.0
7.9 1.399800766 0.0
7.8 0.7002390812 0.0
7.8 0.6001992343 0.0
2.2 1.499840613 0.0
2.2 1.399800766 0.0
2.3 1.299760919 0.0
7.9 1.499840613 0.0
2.8 -0.5001593874 0.0
2.4 -1.499840613 0.0
7.8 -0.5001593874 0.0
2.6 0.5001593874 0.0
7 -1.499840613 0.0
2.8 -0.4001195406 0.0
7.8 -0.4001195406 0.0
7.8 0.5001593874 0.0
7 -1.599880459 0.0
2.4 -1.599880459 0.0
7.8 0.4001195406 0.0
7.9 1.599880459 0.0
7.8 0.3000796937 0.0
7 -1.699920306 0.0
2.4 -1.699920306 0.0
2.8 -0.3000796937 0.0
7.8 -0.3000796937 0.0
7.9 1.699920306 0.0
2.6 0.4001195406 0.0
2.2 1.599880459 0.0
2.8 -0.2000398469 0.0
2.2 1.699920306 0.0
7.8 -0.2000398469 0.0
7.9 1.799960153 0.0
2.4 -1.799960153 0.0
7 -1.799960153 0.0
2.6 0.2000398469 0.0
2.6 0.3000796937 0.0
7.8 0.2000398469 0.0
7.8 -0.1 0.0
2.6 0.1 0.0
7 -1.9 0.0
2.2 1.9 0.0
2.2 1.799960153 0.0
2.4 -1.9 0.0
7.9 1.9 0.0
7.8 0 0.0
2.4 -2 0.0
7.8 0.1 0.0
7.9 2 0.0
2.7 -0.1 0.0
2.6 0 0.0
2.2 2 0.0
7 -2 0.0
2.286635488 -3.658724641 0.0
2.371262923 -3.256257268 0.0
6.909410917 -2.334540026 0.0
6.997772294 -2.50718516 0.0
2.401381313 -2.331554056 0.0
2.327101744 -2.50253768 0.0
7.9 2.365379124 0.0
7.9 2.5414457 0.0
5.306084044 -5.443092614 0.0
4.661371126 -5.389491151 0.0
3.015507106 -5.346543639 0.0
3.579208275 -5.252247226 0.0
4.158728789 -5.268270043 0.0
5.934475045 -5.422239636 0.0
6.516180292 -5.368603667 0.0
6.982399229 -5.257026738 0.0
7.44835136 -4.708728712 0.0
7.394590479 -4.169215452 0.0
2.3 -5.359266171 0.0
2.27909154 -4.060963632 0.0
7.711306029 4.095440831 0.0
7.283778771 4.074807445 0.0
7.88356327 3.281905299 0.0
2.865519458 4.092561694 0.0
3.220723992 4.178410008 0.0
7.381965878 -3.68528325 0.0
6.508860266 4.058593977 0.0
6.102829695 4.073410562 0.0
5.749948339 4.165766575 0.0
5.300340724 4.172936857 0.0
1.997770408 3.269530246 0.0
2.436641009 4.0935156 0.0
2 4.149073758 0.0
3.617532402 4.174911306 0.0
4.011341345 4.176106323 0.0
4.436859744 4.175990637 0.0
4.863608063 4.165949818 0.0
6.889013543 4.113896477 0.0
7.889727041 3.024874262 0.0
7.031802178 -3.263829077 0.0
2.339963126 -2.760135052 0.0
2.350886459 -3.014987631 0.0
7.011777388 -3.010652475 0.0
7 -2.754072829 0.0
7.893635107 2.769245624 0.0
2.001494241 2.764309341 0.0
2 3.011368953 0.0
2.002673247 2.515307231 0.0
2.185572405 2.341030403 0.0
7.9 2.226416284 0.0
2.196086613 2.223733974 0.0
2.4 -2.220143006 0.0
7.9 2.108177743 0.0
2.4 -2.108575176 0.0
7 -2.220143006 0.0
7 -2.106294689 0.0
2.2 2.107972842 0.0
</DataArray></Points>
<Cells>
<DataArray type="Int32" Name="connectivity" format="ascii">
0 1 2 3 
4 5 6 7 
8 0 3 5 
4 7 9 10 
11 12 10 13 
14 11 13 15 
16 14 15 17 
18 16 17 19 
20 21 22 23 
23 22 24 25 
26 27 25 28 
29 26 28 30 
31 29 30 32 
33 34 35 36 
37 31 32 34 
33 36 38 39 
40 41 42 43 
43 44 45 46 
46 45 47 48 
48 47 49 50 
48 51 52 46 
53 54 50 55 
56 53 55 57 
58 56 57 59 
59 60 61 62 
62 61 63 64 
62 65 58 59 
64 66 65 62 
67 68 66 64 
67 69 70 71 
71 70 72 73 
71 74 68 67 
73 72 75 76 
77 74 71 73 
76 75 78 79 
79 78 80 81 
81 82 83 79 
84 85 82 81 
86 87 85 84 
86 88 89 90 
90 89 91 92 
93 87 86 90 
94 95 92 96 
96 97 98 99 
99 98 100 101 
102 94 96 99 
101 103 102 99 
104 105 39 106 
107 108 109 110 
111 104 106 107 
112 113 114 115 
115 114 116 117 
118 119 120 121 
122 119 118 123 
124 122 123 125 
126 124 125 127 
127 128 129 130 
130 129 131 132 
133 134 135 136 
137 136 135 138 
139 140 133 136 
141 137 138 142 
143 144 145 146 
147 148 132 149 
150 147 149 151 
152 150 151 153 
154 152 153 155 
156 154 155 157 
157 158 159 160 
160 159 161 162 
163 164 162 165 
166 167 168 169 
170 171 172 173 
174 175 169 171 
176 177 178 179 
180 179 178 181 
179 182 183 176 
180 181 184 185 
185 184 186 187 
187 186 188 189 
190 189 188 191 
192 190 191 193 
102 194 195 94 
94 195 196 95 
95 196 197 93 
91 97 96 92 
85 87 198 199 
200 88 86 84 
80 200 84 81 
82 201 202 83 
77 203 204 205 
77 205 206 74 
74 206 207 68 
63 69 67 64 
65 208 209 58 
210 60 59 57 
54 53 211 212 
210 57 55 213 
54 212 214 51 
49 213 55 50 
41 215 216 217 
218 44 43 42 
219 218 42 220 
221 222 223 224 
220 225 226 219 
221 224 227 134 
225 228 229 226 
133 140 229 228 
138 135 230 231 
142 138 231 232 
233 139 136 137 
142 232 234 235 
236 233 137 141 
237 236 141 238 
239 240 237 238 
241 242 243 244 
245 246 240 239 
245 247 248 246 
249 250 251 252 
253 254 248 247 
252 251 255 256 
257 254 253 258 
256 255 259 260 
261 260 259 262 
263 264 257 258 
263 265 266 264 
265 267 268 266 
269 270 271 272 
272 271 273 274 
275 268 267 276 
277 278 275 276 
279 280 278 277 
281 282 283 284 
285 286 280 279 
285 287 288 286 
289 288 287 143 
143 146 290 289 
291 292 290 146 
293 292 291 294 
295 293 294 296 
0 297 298 1 
299 300 301 8 
12 302 300 299 
303 302 12 11 
304 305 14 16 
306 18 19 20 
306 307 308 18 
309 307 306 310 
311 111 107 110 
109 113 112 110 
312 313 314 311 
120 315 117 121 
316 118 121 317 
120 318 319 315 
320 318 120 119 
122 321 320 119 
322 321 122 124 
323 324 147 150 
325 326 152 154 
156 327 325 154 
328 163 165 166 
329 91 89 330 
198 87 93 197 
331 200 80 332 
333 334 175 174 
335 174 171 170 
6 336 337 338 
0 8 301 297 
10 12 299 4 
9 339 13 10 
339 9 340 341 
11 14 305 303 
342 343 344 345 
345 346 19 17 
346 345 344 347 
16 18 308 304 
23 310 306 20 
25 27 310 23 
24 22 348 349 
24 349 350 351 
27 352 309 310 
351 350 353 354 
27 26 355 352 
354 353 356 357 
26 29 358 355 
35 357 356 359 
29 31 360 358 
31 37 361 360 
39 105 362 33 
36 363 364 38 
38 365 106 39 
365 38 364 366 
108 365 366 367 
105 104 368 369 
108 367 370 109 
104 111 371 368 
111 311 314 371 
115 372 312 112 
117 315 372 115 
114 373 374 116 
116 317 121 117 
375 376 377 378 
124 126 379 322 
132 148 380 130 
129 381 382 131 
383 149 132 131 
384 383 385 386 
147 324 387 148 
150 152 326 323 
388 389 390 391 
391 158 157 155 
160 392 156 157 
159 158 393 394 
162 164 392 160 
164 395 396 392 
397 398 399 167 
164 163 400 395 
167 399 401 168 
163 328 402 400 
168 172 171 169 
172 168 401 403 
404 173 405 406 
407 408 335 170 
404 406 409 410 
411 412 408 407 
176 183 412 411 
413 182 179 180 
184 414 415 186 
416 413 180 185 
417 416 185 187 
418 417 187 189 
193 191 419 420 
421 418 189 190 
422 421 190 192 
76 79 83 203 
72 423 424 75 
423 72 70 425 
426 425 70 69 
426 69 63 427 
208 65 66 428 
429 430 60 210 
213 431 429 210 
432 52 51 214 
433 434 49 47 
43 46 52 40 
435 436 44 218 
219 437 435 218 
219 226 438 437 
438 226 229 439 
230 135 134 227 
140 440 439 229 
441 440 140 139 
442 443 233 236 
236 237 444 442 
234 242 241 235 
241 244 245 239 
240 445 444 237 
248 446 447 246 
446 248 254 448 
449 264 266 450 
269 272 276 267 
451 450 266 268 
275 278 452 453 
273 282 281 274 
281 284 285 279 
280 454 452 278 
455 286 288 456 
457 144 143 287 
458 289 290 459 
292 460 459 290 
335 461 333 174 
461 335 408 462 
463 177 410 409 
412 464 462 408 
463 465 178 177 
466 464 412 183 
467 466 183 182 
468 467 182 413 
416 469 468 413 
469 416 417 470 
417 418 471 470 
421 472 471 418 
473 472 421 422 
209 474 56 58 
474 211 53 56 
50 54 51 48 
41 40 475 215 
41 217 220 42 
44 436 476 45 
432 475 40 52 
222 221 228 225 
228 221 134 133 
397 167 166 165 
175 334 402 328 
243 250 249 244 
253 252 256 258 
477 448 254 257 
264 449 477 257 
260 261 265 263 
244 249 247 245 
238 235 241 239 
141 142 235 238 
217 222 225 220 
430 478 61 60 
49 434 431 213 
428 66 68 207 
76 203 77 73 
424 479 78 75 
202 204 203 83 
479 332 80 78 
88 200 331 480 
199 201 82 85 
92 95 93 90 
103 481 194 102 
336 3 2 482 
337 336 482 483 
4 299 8 5 
340 9 7 484 
336 6 5 3 
295 485 486 293 
346 21 20 19 
348 22 21 487 
354 30 28 351 
24 351 28 25 
347 487 21 346 
35 34 32 357 
354 357 32 30 
33 362 37 34 
291 488 489 294 
146 145 488 291 
108 107 106 365 
105 369 490 362 
362 490 361 37 
443 441 139 233 
458 456 288 289 
284 457 287 285 
277 274 281 279 
283 491 457 284 
261 269 267 265 
270 269 261 262 
276 272 274 277 
247 249 252 253 
173 172 403 405 
411 407 404 410 
411 410 177 176 
319 492 372 315 
493 316 317 494 
376 123 118 316 
493 377 376 316 
376 375 125 123 
128 127 125 375 
381 129 128 495 
130 380 126 127 
374 494 317 116 
385 383 131 382 
380 496 379 126 
383 384 151 149 
293 486 460 292 
338 484 7 6 
341 343 342 339 
339 342 15 13 
345 17 15 342 
161 397 165 162 
169 175 328 166 
407 170 173 404 
112 312 311 110 
373 114 113 497 
181 178 465 498 
191 188 499 419 
188 186 415 499 
181 498 414 184 
384 388 153 151 
387 496 380 148 
390 393 158 391 
394 500 161 159 
501 491 283 502 
283 282 503 502 
503 282 273 504 
504 273 271 505 
270 506 505 271 
262 507 506 270 
508 507 262 259 
297 509 510 298 
511 509 297 301 
300 512 511 301 
302 513 512 300 
513 302 303 514 
514 303 305 515 
305 304 516 515 
304 308 517 516 
307 518 517 308 
519 518 307 309 
519 309 352 520 
355 358 521 522 
521 358 360 523 
361 524 523 360 
361 490 525 524 
490 369 526 525 
526 369 368 527 
368 371 528 527 
528 371 314 529 
529 314 313 530 
313 492 531 530 
492 319 532 531 
318 533 532 319 
534 533 318 320 
321 535 534 320 
321 322 536 535 
537 379 496 538 
539 538 496 387 
539 387 324 540 
541 323 326 542 
543 542 326 325 
543 325 327 544 
545 546 396 395 
547 545 395 400 
548 329 330 549 
330 480 550 549 
480 331 551 550 
551 331 332 552 
332 479 553 552 
424 423 554 555 
425 556 554 423 
425 426 557 556 
558 427 478 559 
559 478 430 560 
430 429 561 560 
562 431 434 563 
434 433 564 563 
564 433 476 565 
565 476 436 566 
567 566 436 435 
437 568 567 435 
437 438 569 568 
439 570 569 438 
570 439 440 571 
572 571 440 441 
573 572 441 443 
443 442 574 573 
575 547 400 402 
334 576 575 402 
334 333 577 576 
333 461 578 577 
579 508 259 255 
251 580 579 255 
581 580 251 250 
582 581 250 243 
583 582 243 242 
584 583 242 234 
584 234 232 585 
586 585 232 231 
587 586 231 230 
230 227 588 587 
227 224 589 588 
589 224 223 590 
216 591 590 223 
215 592 591 216 
215 475 593 592 
594 432 214 595 
596 595 214 212 
212 211 597 596 
211 474 598 597 
474 209 599 598 
600 599 209 208 
600 208 428 601 
602 207 206 603 
206 205 604 603 
204 202 605 606 
202 201 607 605 
607 201 199 608 
609 198 197 610 
611 196 195 612 
613 194 481 614 
615 614 481 616 
337 483 617 618 
338 337 618 619 
347 344 620 621 
622 574 442 444 
622 444 445 623 
445 447 624 623 
625 626 446 448 
627 625 448 477 
449 628 627 477 
450 629 628 449 
450 451 630 629 
631 630 451 453 
632 631 453 452 
633 632 452 454 
454 455 634 633 
456 635 634 455 
636 635 456 458 
462 637 578 461 
637 462 464 638 
639 466 467 640 
640 467 468 641 
641 468 469 642 
643 644 470 471 
471 472 645 643 
378 646 647 495 
495 647 648 381 
389 388 384 386 
385 649 650 386 
500 394 651 652 
459 653 636 458 
654 653 459 460 
654 460 486 655 
500 398 397 161 
465 656 657 498 
414 658 659 415 
472 473 660 645 
426 427 558 557 
61 478 427 63 
45 476 433 47 
286 455 454 280 
294 489 661 296 
470 644 642 469 
475 432 594 593 
428 207 602 601 
88 480 330 89 
199 198 609 608 
197 196 611 610 
195 194 613 612 
352 355 522 520 
363 36 35 359 
370 497 113 109 
662 340 484 663 
372 492 313 312 
662 664 341 340 
664 665 343 341 
620 344 343 665 
495 128 375 378 
322 379 537 536 
666 667 359 356 
668 363 359 667 
669 364 363 668 
669 670 366 364 
670 671 367 366 
672 370 367 671 
672 673 497 370 
673 674 373 497 
675 374 373 674 
675 676 494 374 
676 677 493 494 
678 377 493 677 
678 646 378 377 
679 382 381 648 
324 323 541 540 
391 155 153 388 
680 389 386 650 
681 390 389 680 
681 682 393 390 
651 394 393 682 
683 684 406 405 
684 685 409 406 
686 463 409 685 
656 465 463 686 
479 424 555 553 
509 511 687 688 
687 511 512 689 
689 512 513 690 
691 690 513 514 
514 515 692 691 
693 692 515 516 
516 517 694 693 
695 518 519 696 
520 697 696 519 
697 520 522 698 
698 522 521 699 
699 521 523 700 
525 701 702 524 
526 703 701 525 
527 704 703 526 
705 704 527 528 
529 706 705 528 
530 707 706 529 
530 531 708 707 
532 533 709 710 
533 534 711 709 
535 712 711 534 
535 536 713 712 
714 713 536 537 
538 715 714 537 
538 539 716 715 
540 541 717 718 
717 541 542 719 
542 543 720 719 
721 722 501 502 
502 503 723 721 
503 504 724 723 
724 504 505 725 
505 506 726 725 
726 506 507 727 
507 508 728 727 
728 508 579 729 
544 730 720 543 
544 546 731 730 
731 546 545 732 
547 733 732 545 
549 734 735 548 
550 736 734 549 
737 736 550 551 
737 551 552 738 
738 552 553 739 
553 555 740 739 
741 554 556 742 
556 557 743 742 
743 557 558 744 
559 745 744 558 
745 559 560 746 
747 561 562 748 
748 562 563 749 
750 749 563 564 
750 564 565 751 
752 751 565 566 
753 752 566 567 
753 567 568 754 
755 754 568 569 
570 756 755 569 
757 756 570 571 
571 572 758 757 
573 574 759 760 
574 622 761 759 
729 579 580 762 
580 581 763 762 
763 581 582 764 
765 764 582 583 
583 584 766 765 
585 767 766 584 
586 768 767 585 
586 587 769 768 
770 588 589 771 
772 773 590 591 
592 774 772 591 
593 775 774 592 
776 733 547 575 
576 777 776 575 
778 777 576 577 
779 778 577 578 
761 622 623 780 
624 626 781 782 
781 626 625 783 
783 625 627 784 
784 627 628 785 
785 628 629 786 
629 630 787 786 
788 787 630 631 
631 632 789 788 
632 633 790 789 
791 790 633 634 
791 634 635 792 
635 636 793 792 
793 636 653 794 
795 794 653 654 
795 654 655 796 
486 485 797 655 
798 799 800 797 
799 798 801 802 
803 804 802 801 
805 779 578 637 
806 805 637 638 
638 639 807 806 
808 807 639 640 
640 641 809 808 
641 642 810 809 
810 642 644 811 
644 643 812 811 
643 645 813 812 
594 814 775 593 
595 815 814 594 
815 595 596 816 
817 816 596 597 
597 598 818 817 
819 818 598 599 
819 599 600 820 
601 821 820 600 
821 601 602 822 
603 823 822 602 
603 604 824 823 
825 824 604 606 
606 605 826 825 
826 605 607 827 
828 829 608 609 
610 830 828 609 
611 831 830 610 
832 831 611 612 
833 832 612 613 
833 613 614 834 
614 615 835 834 
619 663 484 338 
665 836 837 620 
621 838 487 347 
839 348 487 838 
839 840 349 348 
841 353 350 842 
667 843 844 668 
673 672 845 846 
646 678 847 848 
649 385 382 679 
849 813 645 660 
850 851 849 660 
652 651 852 853 
854 652 853 855 
854 856 399 398 
857 401 399 856 
857 858 403 401 
858 683 405 403 
656 686 859 860 
657 658 414 498 
861 862 419 499 
862 861 863 864 
862 865 420 419 
865 862 864 866 
555 554 741 740 
429 431 562 561 
572 573 760 758 
587 588 770 769 
589 590 773 771 
607 608 829 827 
867 681 680 868 
867 869 682 681 
852 651 682 869 
870 857 856 871 
870 872 858 857 
510 509 688 873 
626 624 447 446 
246 447 445 240 
453 451 268 275 
517 518 695 694 
531 532 710 708 
837 874 621 620 
874 875 838 621 
876 839 838 875 
877 878 842 840 
350 349 840 842 
879 841 842 878 
876 877 840 839 
666 356 353 841 
845 672 671 880 
881 675 674 882 
883 884 648 647 
885 679 648 884 
886 649 679 885 
886 887 650 649 
888 889 721 723 
888 723 724 890 
725 891 890 724 
725 726 892 891 
727 728 893 894 
895 896 897 898 
873 899 897 896 
899 873 688 900 
689 901 902 687 
690 903 901 689 
904 903 690 691 
904 691 692 905 
906 907 693 694 
906 694 695 908 
695 696 909 908 
909 696 697 910 
911 698 699 912 
913 912 699 700 
914 913 700 702 
701 915 914 702 
703 916 915 701 
917 916 703 704 
918 917 704 705 
706 919 918 705 
919 706 707 920 
921 708 710 922 
923 709 711 924 
712 925 924 711 
712 713 926 925 
927 928 663 619 
929 662 663 928 
929 930 664 662 
930 836 665 664 
875 874 931 932 
876 933 934 877 
878 935 936 879 
937 666 841 879 
937 938 939 843 
940 669 668 844 
844 941 942 940 
940 943 670 669 
880 671 670 943 
880 944 945 845 
881 946 676 675 
946 947 677 676 
947 847 678 677 
883 647 646 848 
884 948 949 885 
887 868 680 650 
714 950 926 713 
714 715 951 950 
715 716 952 951 
716 718 953 952 
954 717 719 955 
719 720 956 955 
956 720 730 957 
958 957 730 731 
732 959 958 731 
960 959 732 733 
776 961 960 733 
777 962 961 776 
777 778 963 962 
964 963 778 779 
964 779 805 965 
966 965 805 806 
806 807 967 966 
809 810 968 969 
811 970 968 810 
811 812 971 970 
813 849 972 973 
851 974 972 849 
734 975 976 735 
736 977 975 734 
736 737 978 977 
738 979 978 737 
739 980 979 738 
739 740 981 980 
740 741 982 981 
742 983 982 741 
984 983 742 743 
744 985 984 743 
745 986 985 744 
745 746 987 986 
560 561 747 746 
748 988 989 747 
749 990 988 748 
991 990 749 750 
751 992 991 750 
751 752 993 992 
994 993 752 753 
994 753 754 995 
754 755 996 995 
996 755 756 997 
756 757 998 997 
999 998 757 758 
999 758 760 1000 
1001 1000 760 759 
759 761 1002 1001 
762 1003 1004 729 
762 763 1005 1003 
1005 763 764 1006 
1006 764 765 1007 
1008 766 767 1009 
1009 767 768 1010 
769 1011 1010 768 
770 1012 1011 769 
771 1013 1012 770 
771 773 1014 1013 
1015 1014 773 772 
1015 772 774 1016 
774 775 1017 1016 
1017 775 814 1018 
815 1019 1018 814 
1019 815 816 1020 
816 817 1021 1020 
817 818 1022 1021 
818 819 1023 1022 
820 1024 1023 819 
820 821 1025 1024 
1026 1025 821 822 
823 1027 1026 822 
823 824 1028 1027 
824 825 1029 1028 
1029 825 826 1030 
827 1031 1030 826 
829 1032 1031 827 
829 828 1033 1032 
828 830 1034 1033 
830 831 1035 1034 
1035 831 832 1036 
834 1037 1038 833 
1039 1037 834 835 
853 852 1040 1041 
871 856 854 855 
872 1042 683 858 
1042 1043 684 683 
1043 1044 685 684 
859 686 685 1044 
1044 1045 1046 859 
1047 1048 658 657 
1048 1049 659 658 
863 861 659 1049 
1002 761 780 1050 
780 782 1051 1050 
781 783 1052 1053 
783 784 1054 1052 
1054 784 785 1055 
1055 785 786 1056 
1057 1056 786 787 
787 788 1058 1057 
789 1059 1058 788 
1059 789 790 1060 
790 791 1061 1060 
1061 791 792 1062 
1062 792 793 1063 
794 1064 1063 793 
794 795 1065 1064 
795 796 1066 1065 
796 800 1067 1066 
1067 800 799 1068 
1068 799 802 1069 
804 1070 1069 802 
692 693 907 905 
1071 928 927 1072 
1073 929 928 1071 
1073 1074 930 929 
222 217 216 223 
1074 1075 836 930 
1076 931 874 837 
935 878 877 934 
936 938 937 879 
942 1077 943 940 
944 880 943 1077 
1078 1079 947 946 
846 882 674 673 
1079 1080 847 947 
1081 1082 887 886 
1082 1083 868 887 
623 624 782 780 
1084 1085 872 870 
1085 1086 1042 872 
1087 1043 1042 1086 
1087 1045 1044 1043 
1088 1089 1048 1047 
1089 1090 1049 1048 
860 1047 657 656 
1091 1088 1047 860 
1092 863 1049 1090 
797 800 796 655 
889 1093 722 721 
765 766 1008 1007 
833 1038 1036 832 
327 396 546 544 
539 540 718 716 
524 702 700 523 
1094 976 975 1095 
977 1096 1095 975 
977 978 1097 1096 
1097 978 979 1098 
1098 979 980 1099 
1100 981 982 1101 
1101 982 983 1102 
983 984 1103 1102 
984 985 1104 1103 
986 1105 1104 985 
1105 986 987 1106 
987 989 1107 1106 
989 988 1108 1107 
1108 988 990 1109 
1110 1109 990 991 
992 1111 1110 991 
993 1112 1111 992 
993 994 1113 1112 
1114 995 996 1115 
1115 996 997 1116 
1116 997 998 1117 
998 999 1118 1117 
1118 999 1000 1119 
1120 1121 1001 1002 
1120 1002 1050 1122 
1123 1122 1050 1051 
1051 1053 1124 1123 
1124 1053 1052 1125 
1126 1054 1055 1127 
1055 1056 1128 1127 
1056 1057 1129 1128 
1057 1058 1130 1129 
1130 1058 1059 1131 
1132 1131 1059 1060 
1133 1132 1060 1061 
1133 1061 1062 1134 
1135 1134 1062 1063 
1136 1135 1063 1064 
1136 1064 1065 1137 
1138 1066 1067 1139 
1068 1140 1139 1067 
1069 1141 1140 1068 
1141 1069 1070 1142 
972 1143 1144 973 
812 813 973 971 
971 973 1144 1145 
970 971 1145 1146 
968 1147 1148 969 
808 809 969 1149 
1149 967 807 808 
967 1150 1151 966 
959 1152 1153 958 
957 958 1153 1154 
957 1154 1155 956 
955 956 1155 1156 
718 717 954 953 
954 1157 1158 953 
926 950 1159 1160 
925 1161 1162 924 
924 1162 1163 923 
710 709 923 922 
707 708 921 920 
919 1164 1165 918 
917 1166 1167 916 
697 698 911 910 
903 904 1168 1169 
901 903 1169 1170 
688 687 902 900 
900 902 1171 1172 
899 1173 1174 897 
1074 1175 1176 1075 
1076 837 836 1075 
1076 1177 1178 931 
933 876 875 932 
934 1179 1180 935 
939 941 844 843 
941 1181 1182 942 
1183 1184 882 846 
1185 881 882 1184 
1079 1186 1187 1080 
1080 1188 848 847 
1188 1080 1187 1189 
1190 883 848 1188 
1188 1189 1191 1190 
1190 948 884 883 
1083 1192 867 868 
1193 869 867 1192 
1041 1194 855 853 
1195 871 855 1194 
1195 1196 1197 1084 
1084 870 871 1195 
1046 1045 1198 1199 
1046 1091 860 859 
1091 1046 1199 1200 
1088 1201 1202 1089 
1092 1203 864 863 
1203 1204 866 864 
1205 1093 889 1206 
1206 889 888 1207 
1207 888 890 1208 
1209 891 892 1210 
726 727 894 892 
1004 1211 1212 893 
1003 1213 1211 1004 
1214 1213 1003 1005 
1006 1215 1214 1005 
1215 1006 1007 1216 
1217 1218 1008 1009 
1217 1009 1010 1219 
1010 1011 1220 1219 
1220 1011 1012 1221 
1221 1012 1013 1222 
1014 1015 1223 1224 
1223 1015 1016 1225 
1016 1017 1226 1225 
1227 1226 1017 1018 
1019 1228 1227 1018 
1020 1229 1228 1019 
1020 1021 1230 1229 
1022 1231 1230 1021 
1232 1231 1022 1023 
1232 1023 1024 1233 
1234 1233 1024 1025 
1025 1026 1235 1234 
1235 1026 1027 1236 
1029 1237 1238 1028 
1030 1239 1237 1029 
1239 1030 1031 1240 
1032 1241 1240 1031 
1032 1033 1242 1241 
1034 1243 1242 1033 
1243 1034 1035 1244 
1244 1035 1036 1245 
1036 1038 1246 1245 
1246 1038 1037 1247 
1037 1039 1248 1247 
1013 1014 1224 1222 
1027 1028 1238 1236 
1249 933 932 1250 
1178 1250 932 931 
1251 938 936 1252 
1251 1253 939 938 
1253 1181 941 939 
1254 1255 1078 1185 
1255 1186 1079 1078 
1185 1078 946 881 
1256 949 948 1257 
1081 886 885 949 
1258 1259 1083 1082 
1259 1260 1192 1083 
1260 1261 1193 1192 
1262 1258 1082 1081 
1263 1040 1193 1261 
869 1193 1040 852 
980 981 1100 1099 
1264 1041 1040 1263 
1265 1196 1195 1194 
989 987 746 747 
994 995 1114 1113 
1266 1086 1085 1267 
1266 1268 1087 1086 
1268 1198 1045 1087 
1121 1119 1000 1001 
1200 1201 1088 1091 
782 781 1053 1051 
1269 1092 1090 1270 
1269 1271 1203 1092 
1272 1204 1203 1271 
1052 1054 1126 1125 
1157 954 955 1156 
1273 965 966 1151 
464 466 639 638 
1274 1150 967 1149 
1147 968 970 1146 
890 891 1209 1208 
1143 972 974 1275 
1159 950 951 1276 
1163 1277 922 923 
1277 1278 921 922 
1278 1279 920 921 
1280 911 912 1281 
1280 1282 910 911 
1282 1283 909 910 
1283 1284 908 909 
1284 1285 906 908 
1286 1073 1071 1287 
1287 1288 1289 1286 
1286 1175 1074 1073 
1175 1286 1289 1290 
1177 1076 1075 1176 
1176 1291 1292 1177 
1249 1293 1294 1179 
1180 1179 1294 1295 
1252 936 935 1180 
1252 1296 1297 1251 
1253 1298 1299 1181 
1182 1300 1077 942 
1301 945 944 1302 
1303 1304 1184 1183 
1304 1305 1306 1254 
1304 1254 1185 1184 
1257 948 1190 1191 
1262 1081 949 1256 
1259 1307 1308 1260 
1261 1260 1308 1309 
1264 1263 1310 1311 
1265 1194 1041 1264 
1265 1312 1313 1196 
1267 1085 1084 1197 
1200 1199 1314 1315 
1201 1200 1315 1316 
1202 1270 1090 1089 
1271 1317 1318 1272 
1159 1276 1319 1320 
1321 1276 951 952 
1322 1319 1276 1321 
1323 1322 1321 1158 
1158 1157 1324 1323 
1156 1325 1324 1157 
1326 1325 1156 1155 
1326 1155 1154 1327 
1328 1205 1206 1329 
1207 1330 1329 1206 
1207 1208 1331 1330 
1209 1332 1331 1208 
1332 1209 1210 1333 
1334 1335 1333 1210 
1336 1335 1334 1212 
1160 1161 925 926 
1161 1160 1337 1338 
1162 1339 1340 1163 
1279 1278 1341 1342 
1164 919 920 1279 
1279 1342 1343 1164 
1166 1344 1345 1167 
1167 1346 915 916 
1346 1347 914 915 
1281 912 913 1348 
1281 1349 1350 1280 
1285 1284 1351 1352 
1285 1353 907 906 
1353 1285 1352 1354 
1353 1355 905 907 
1355 1353 1354 1356 
1168 904 905 1355 
1170 1171 902 901 
1172 1357 1358 1173 
1211 1359 1336 1212 
1359 1211 1213 1360 
1360 1213 1214 1361 
1361 1214 1215 1362 
1218 1363 1364 1216 
1363 1218 1217 1365 
1219 1366 1365 1217 
1367 1366 1219 1220 
1221 1368 1367 1220 
1368 1221 1222 1369 
1224 1370 1369 1222 
1371 1370 1224 1223 
1372 1371 1223 1225 
1373 1372 1225 1226 
1373 1226 1227 1374 
1374 1227 1228 1375 
1376 1229 1230 1377 
1378 1379 1231 1232 
1378 1232 1233 1380 
1380 1233 1234 1381 
1234 1235 1382 1381 
1383 1384 1236 1238 
1383 1238 1237 1385 
1385 1237 1239 1386 
1387 1240 1241 1388 
1389 1242 1243 1390 
1243 1244 1391 1390 
1392 1391 1244 1245 
1246 1393 1392 1245 
1247 1394 1393 1246 
1395 1394 1247 1248 
1396 1327 1154 1153 
1396 1153 1152 1397 
1398 1397 1152 1399 
1095 1400 1401 1094 
1096 1402 1400 1095 
1096 1097 1403 1402 
1099 1404 1405 1098 
1099 1100 1406 1404 
1101 1102 1407 1408 
1409 1407 1102 1103 
1103 1104 1410 1409 
1105 1411 1410 1104 
1105 1106 1412 1411 
1106 1107 1413 1412 
1108 1414 1413 1107 
1415 1414 1108 1109 
1416 1415 1109 1110 
1416 1110 1111 1417 
1111 1112 1418 1417 
1419 1113 1114 1420 
1115 1421 1420 1114 
1115 1116 1422 1421 
1423 1424 1117 1118 
1423 1118 1119 1425 
1426 1425 1119 1121 
1427 1426 1121 1120 
1427 1120 1122 1428 
1122 1123 1429 1428 
1124 1430 1429 1123 
1125 1431 1430 1124 
1432 1431 1125 1126 
1432 1126 1127 1433 
1127 1128 1434 1433 
1128 1129 1435 1434 
1436 1435 1129 1130 
1436 1130 1131 1437 
1437 1131 1132 1438 
1132 1133 1439 1438 
1134 1440 1439 1133 
1441 1440 1134 1135 
1136 1442 1441 1135 
1137 1443 1442 1136 
1443 1137 1138 1444 
1445 1444 1138 1139 
1140 1446 1445 1139 
1447 1446 1140 1141 
1448 1447 1141 1142 
1449 1450 1398 1399 
1450 1449 1451 1452 
1453 1452 1451 1454 
1455 1456 1453 1454 
1456 1455 1273 1457 
1151 1458 1457 1273 
1459 1458 1151 1150 
1150 1274 1460 1459 
1148 1461 1460 1274 
1148 1147 1462 1461 
1462 1147 1146 1463 
1464 1463 1146 1145 
1144 1465 1464 1145 
1144 1143 1466 1465 
1275 1467 1466 1143 
1112 1113 1419 1418 
1468 1165 1164 1343 
1469 1346 1167 1345 
1470 1347 1346 1469 
1287 1071 1072 1471 
1470 1472 1348 1347 
913 914 1347 1348 
1349 1281 1348 1472 
1473 1474 1250 1178 
1475 1351 1284 1283 
1476 1168 1355 1356 
1477 1478 1171 1170 
1179 934 933 1249 
1174 1479 898 897 
1480 1481 1300 1182 
1482 1302 1300 1481 
1480 1182 1181 1299 
1077 1300 1302 944 
1483 1301 1302 1482 
1483 1484 1303 1301 
1183 945 1301 1303 
1484 1305 1304 1303 
1485 1486 1189 1187 
1487 1191 1189 1486 
1488 1257 1191 1487 
1489 1256 1257 1488 
1490 1262 1256 1489 
1399 960 961 1449 
1454 1451 962 963 
1311 1312 1265 1264 
1491 1492 1267 1197 
1065 1066 1138 1137 
1212 1334 894 893 
1008 1218 1216 1007 
1228 1229 1376 1375 
1239 1240 1387 1386 
1097 1098 1405 1403 
1100 1101 1408 1406 
1289 1493 1494 1290 
1291 1176 1175 1290 
1290 1494 1495 1291 
1292 1496 1497 1473 
1293 1249 1250 1474 
1474 1498 1499 1293 
1294 1500 1501 1295 
1296 1252 1180 1295 
1295 1501 1502 1296 
1297 1503 1504 1298 
1306 1505 1255 1254 
1488 1487 1506 1507 
1490 1508 1258 1262 
1508 1490 1509 1510 
1508 1307 1259 1258 
1508 1510 1511 1307 
1310 1263 1261 1309 
1309 1512 1513 1310 
1514 1266 1267 1492 
1515 1268 1266 1514 
1515 1516 1198 1268 
1516 1517 1518 1314 
1314 1199 1198 1516 
1316 1519 1202 1201 
1519 1520 1270 1202 
1521 1269 1270 1520 
1521 1317 1271 1269 
1522 1329 1330 1523 
1330 1331 1524 1523 
1332 1525 1524 1331 
1332 1333 1526 1525 
1526 1333 1335 1527 
1335 1336 1528 1527 
1324 1529 1530 1323 
1323 1530 1531 1322 
1319 1322 1531 1532 
1319 1532 1533 1320 
1320 1337 1160 1159 
1534 1401 1400 1535 
1402 1403 1536 1537 
1405 1538 1536 1403 
1404 1539 1538 1405 
1540 1539 1404 1406 
1540 1406 1408 1541 
1407 1542 1541 1408 
1407 1409 1543 1542 
1544 1410 1411 1545 
1411 1412 1546 1545 
1412 1413 1547 1546 
1414 1415 1548 1549 
1548 1415 1416 1550 
1417 1551 1550 1416 
1418 1552 1551 1417 
1553 1552 1418 1419 
1553 1419 1420 1554 
1421 1555 1554 1420 
1421 1422 1556 1555 
1424 1557 1556 1422 
1424 1423 1558 1557 
1558 1423 1425 1559 
1425 1426 1560 1559 
1561 1427 1428 1562 
1428 1429 1563 1562 
1429 1430 1564 1563 
1430 1431 1565 1564 
1431 1432 1566 1565 
1432 1433 1567 1566 
1340 1568 1277 1163 
1568 1341 1278 1277 
1342 1569 1570 1343 
1468 1344 1166 1165 
1165 1166 917 918 
1469 1571 1572 1470 
1573 1282 1280 1350 
1475 1283 1282 1573 
1476 1574 1169 1168 
1574 1477 1170 1169 
1477 1575 1576 1478 
1478 1357 1172 1171 
1357 1478 1576 1577 
1358 1578 1579 1580 
1580 1581 1479 1174 
1327 1582 1583 1326 
1327 1396 1584 1582 
1397 1398 1585 1586 
1398 1450 1587 1585 
1452 1453 1588 1589 
1456 1457 1590 1591 
1592 1567 1433 1434 
1593 1592 1434 1435 
1435 1436 1594 1593 
1438 1595 1596 1437 
1597 1595 1438 1439 
1597 1439 1440 1598 
1599 1441 1442 1600 
1443 1601 1600 1442 
1601 1443 1444 1602 
1602 1444 1445 1603 
1603 1445 1446 1604 
1604 1446 1447 1605 
1447 1448 1606 1605 
1457 1458 1607 1590 
1459 1460 1608 1609 
1610 1462 1463 1611 
1612 1611 1463 1464 
1464 1465 1613 1612 
1614 1613 1465 1466 
1615 1614 1466 1467 
1359 1616 1528 1336 
1360 1617 1616 1359 
1360 1361 1618 1617 
1362 1619 1618 1361 
1364 1620 1619 1362 
1364 1363 1621 1620 
1621 1363 1365 1622 
1622 1365 1366 1623 
1366 1367 1624 1623 
1624 1367 1368 1625 
1625 1368 1369 1626 
1627 1370 1371 1628 
1628 1371 1372 1629 
1630 1373 1374 1631 
1375 1376 1632 1633 
1376 1377 1634 1632 
1635 1634 1377 1379 
1636 1635 1379 1378 
1378 1380 1637 1636 
1381 1638 1637 1380 
1381 1382 1639 1638 
1236 1384 1382 1235 
1384 1640 1639 1382 
1640 1384 1383 1641 
1383 1385 1642 1641 
1643 1386 1387 1644 
1644 1387 1388 1645 
1388 1389 1646 1645 
1647 1390 1391 1648 
1392 1393 1649 1650 
1649 1393 1394 1651 
1651 1394 1395 1652 
1400 1402 1537 1535 
1328 1329 1522 1653 
1654 1655 1338 1337 
1533 1654 1337 1320 
1656 1340 1339 1657 
1656 1658 1568 1340 
1658 1659 1341 1568 
1413 1414 1549 1547 
1569 1342 1341 1659 
1660 1661 1344 1468 
1662 1345 1344 1661 
1571 1469 1345 1662 
1663 1664 1573 1350 
1665 1475 1573 1664 
1666 1476 1356 1667 
1666 1668 1574 1476 
1575 1477 1574 1668 
1578 1358 1357 1577 
1173 1358 1580 1174 
1158 1321 952 953 
1116 1117 1424 1422 
1426 1427 1561 1560 
1529 1324 1325 1669 
1436 1437 1596 1594 
1369 1370 1627 1626 
1372 1373 1630 1629 
1583 1669 1325 1326 
1396 1397 1586 1584 
1399 1152 959 960 
1450 1452 1589 1587 
1455 964 965 1273 
963 964 1455 1454 
1458 1459 1609 1607 
1670 1608 1460 1461 
1461 1462 1610 1670 
1231 1379 1377 1230 
1389 1388 1241 1242 
1389 1390 1647 1646 
1391 1392 1650 1648 
1671 1288 1672 1673 
1471 1672 1288 1287 
1493 1289 1288 1671 
1503 1297 1296 1502 
1674 1482 1481 1675 
1676 1483 1482 1674 
1677 1675 1481 1480 
1676 1678 1484 1483 
1679 1305 1484 1678 
1680 1306 1305 1679 
1680 1681 1505 1306 
1681 1682 1683 1505 
1186 1255 1505 1683 
1684 1485 1683 1682 
1685 1486 1485 1684 
1485 1187 1186 1683 
1686 1509 1490 1489 
1687 1308 1307 1511 
1491 1197 1196 1313 
1688 1514 1492 1689 
1688 1690 1515 1514 
1690 1517 1516 1515 
1691 1521 1520 1692 
1691 1693 1317 1521 
1694 1318 1317 1693 
1535 1695 1696 1534 
1535 1537 1697 1695 
1698 1697 1537 1536 
1538 1699 1698 1536 
1538 1539 1700 1699 
1539 1540 1701 1700 
1540 1541 1702 1701 
1542 1703 1702 1541 
1543 1704 1703 1542 
1704 1543 1544 1705 
1545 1706 1705 1544 
1546 1707 1706 1545 
1546 1547 1708 1707 
1708 1547 1549 1709 
1549 1548 1710 1709 
1711 1710 1548 1550 
1711 1550 1551 1712 
1552 1553 1713 1714 
1715 1554 1555 1716 
1717 1556 1557 1718 
1557 1558 1719 1718 
1720 1721 1559 1560 
1722 1720 1560 1561 
1562 1723 1722 1561 
1562 1563 1724 1723 
1725 1564 1565 1726 
1727 1726 1565 1566 
1567 1728 1727 1566 
1728 1567 1592 1729 
1593 1730 1729 1592 
1593 1594 1731 1730 
1732 1731 1594 1596 
1733 1732 1596 1595 
1733 1595 1597 1734 
1734 1597 1598 1735 
1736 1735 1598 1599 
1736 1599 1600 1737 
1601 1738 1737 1600 
1738 1601 1602 1739 
1603 1740 1739 1602 
1603 1604 1741 1740 
1605 1742 1741 1604 
1742 1605 1606 1743 
1671 1673 1744 1745 
1671 1745 1746 1493 
1495 1747 1748 1496 
1497 1498 1474 1473 
1500 1294 1293 1499 
1499 1749 1750 1500 
1502 1751 1752 1503 
1504 1753 1754 1755 
1677 1480 1299 1755 
1681 1680 1756 1757 
1682 1681 1757 1758 
1682 1758 1759 1684 
1684 1759 1760 1685 
1506 1487 1486 1685 
1685 1760 1761 1506 
1686 1489 1488 1507 
1509 1762 1763 1510 
1511 1764 1765 1687 
1687 1512 1309 1308 
1512 1687 1765 1766 
1512 1766 1767 1513 
1768 1513 1767 1769 
1768 1770 1312 1311 
1768 1769 1771 1770 
1770 1772 1313 1312 
1773 1491 1313 1772 
1689 1492 1491 1773 
1518 1774 1315 1314 
1775 1519 1316 1776 
1692 1520 1519 1775 
1693 1691 1777 1778 
1779 1780 1653 1522 
1522 1523 1781 1779 
1782 1781 1523 1524 
1782 1524 1525 1783 
1526 1527 1784 1785 
1527 1528 1786 1784 
1657 1339 1338 1655 
1655 1787 1788 1657 
1660 1789 1790 1661 
1662 1791 1792 1571 
1572 1793 1472 1470 
1794 1663 1350 1349 
1663 1795 1796 1664 
1797 1351 1475 1665 
1797 1798 1352 1351 
1798 1799 1354 1352 
1668 1666 1800 1801 
1579 1802 1803 1804 
1532 1805 1806 1533 
1807 1805 1532 1531 
1807 1531 1530 1808 
1529 1669 1809 1810 
1669 1583 1811 1809 
1616 1812 1786 1528 
1617 1813 1812 1616 
1813 1617 1618 1814 
1620 1621 1815 1816 
1815 1621 1622 1817 
1623 1818 1817 1622 
1819 1818 1623 1624 
1819 1624 1625 1820 
1627 1821 1822 1626 
1821 1627 1628 1823 
1823 1628 1629 1824 
1630 1825 1824 1629 
1825 1630 1631 1826 
1827 1582 1584 1828 
1584 1586 1829 1828 
1830 1829 1586 1585 
1587 1831 1830 1585 
1831 1587 1589 1832 
1833 1588 1591 1834 
1834 1591 1590 1835 
1607 1836 1835 1590 
1836 1607 1609 1837 
1838 1837 1609 1608 
1608 1670 1839 1838 
1840 1839 1670 1610 
1840 1610 1611 1841 
1842 1843 1612 1613 
1842 1613 1614 1844 
1631 1633 1845 1826 
1632 1846 1845 1633 
1846 1632 1634 1847 
1634 1635 1848 1847 
1636 1637 1849 1850 
1849 1637 1638 1851 
1638 1639 1852 1851 
1641 1853 1854 1640 
1642 1855 1853 1641 
1855 1642 1643 1856 
1644 1645 1857 1858 
1857 1645 1646 1859 
1646 1647 1860 1859 
1861 1862 1648 1650 
1649 1863 1861 1650 
1863 1649 1651 1864 
1651 1652 1865 1864 
1551 1552 1714 1712 
1409 1410 1544 1543 
1647 1648 1862 1860 
1806 1866 1654 1533 
1866 1787 1655 1654 
1867 1868 1658 1656 
1867 1656 1657 1788 
1868 1869 1659 1658 
1870 1871 1570 1569 
1789 1660 1570 1871 
1570 1660 1468 1343 
1872 1873 1793 1572 
1873 1874 1794 1793 
1349 1472 1793 1794 
1795 1663 1794 1874 
1875 1876 1797 1665 
1877 1798 1797 1876 
1877 1878 1799 1798 
1599 1598 1440 1441 
1619 1620 1816 1879 
1216 1364 1362 1215 
1625 1626 1822 1820 
1374 1375 1633 1631 
1635 1636 1850 1848 
1611 1612 1843 1841 
1385 1386 1643 1642 
1880 1881 1774 1518 
1881 1882 1776 1774 
1880 1518 1517 1883 
1316 1315 1774 1776 
1882 1884 1775 1776 
1885 1576 1575 1886 
1885 1887 1577 1576 
1888 1578 1577 1887 
1802 1579 1578 1888 
1453 1456 1591 1588 
1889 1883 1517 1690 
1890 1891 1678 1676 
1504 1755 1299 1298 
1892 1893 1675 1677 
1894 1773 1772 1895 
1513 1768 1311 1310 
1752 1753 1504 1503 
1895 1772 1770 1771 
1896 1897 1498 1497 
1747 1495 1494 1898 
1748 1896 1497 1496 
1761 1899 1507 1506 
1900 1686 1507 1899 
1762 1509 1686 1900 
1614 1615 1901 1844 
1812 1902 1903 1786 
1785 1904 1905 1783 
1841 1906 1907 1840 
1838 1908 1909 1837 
1836 1837 1909 1910 
1589 1588 1833 1832 
1832 1833 1911 1912 
1832 1912 1913 1831 
1830 1831 1913 1914 
1829 1915 1916 1828 
1583 1582 1827 1811 
1809 1917 1918 1810 
1530 1529 1810 1808 
1808 1919 1920 1807 
1805 1921 1922 1806 
1806 1922 1923 1866 
1743 1924 1925 1742 
1742 1925 1926 1741 
1736 1737 1927 1928 
1735 1736 1928 1929 
1732 1733 1930 1931 
1731 1732 1931 1932 
1563 1564 1725 1724 
1889 1933 1930 1934 
1882 1935 1936 1884 
1559 1721 1719 1558 
1555 1556 1717 1716 
1553 1554 1715 1713 
1933 1937 1931 1930 
1894 1932 1931 1937 
1932 1894 1895 1938 
1771 1939 1938 1895 
1771 1769 1940 1939 
1941 1767 1766 1942 
1943 1942 1766 1765 
1943 1765 1764 1944 
1763 1945 1944 1764 
1763 1762 1946 1945 
1900 1947 1946 1762 
1900 1899 1948 1947 
1713 1949 1950 1714 
1712 1714 1950 1951 
1711 1712 1951 1952 
1710 1711 1952 1953 
1707 1708 1954 1955 
1697 1956 1957 1695 
1695 1957 1958 1696 
1787 1866 1923 1959 
1869 1960 1961 1870 
1870 1961 1962 1871 
1871 1962 1963 1789 
1872 1964 1965 1873 
1796 1875 1665 1664 
1875 1966 1967 1876 
1876 1967 1968 1877 
1878 1969 1667 1799 
1800 1666 1667 1969 
1814 1970 1971 1813 
1970 1814 1879 1972 
1973 1816 1815 1974 
1974 1815 1817 1975 
1975 1817 1818 1976 
1977 1976 1818 1819 
1820 1978 1977 1819 
1822 1979 1978 1820 
1979 1822 1821 1980 
1823 1981 1980 1821 
1823 1824 1982 1981 
1824 1825 1983 1982 
1983 1825 1826 1984 
1985 1845 1846 1986 
1986 1846 1847 1987 
1848 1988 1987 1847 
1848 1850 1989 1988 
1849 1990 1989 1850 
1990 1849 1851 1991 
1852 1992 1991 1851 
1992 1852 1854 1993 
1853 1994 1993 1854 
1853 1855 1995 1994 
1856 1996 1995 1855 
1856 1858 1997 1996 
1998 1761 1760 1999 
1760 1759 2000 1999 
1757 2001 2002 1758 
1949 2001 1757 1756 
2003 1950 1949 1756 
1891 1951 1950 2003 
1891 1890 1952 1951 
2004 1953 1952 1890 
2005 1953 2004 1893 
1893 1892 1954 2005 
1754 1892 1677 1755 
1753 2006 1955 1754 
2007 2006 1753 1752 
1751 2008 2007 1752 
2008 1751 2009 2010 
2009 1750 2011 2010 
2011 1750 1749 2012 
2012 1749 1897 2013 
1897 1896 2014 2013 
2015 1748 1747 1956 
1898 1957 1956 1747 
1958 1957 1898 1746 
1958 1746 1745 2016 
2017 1997 1858 1857 
1859 2018 2017 1857 
1860 2019 2018 1859 
1862 2020 2019 1860 
2021 2020 1862 1861 
2021 1861 1863 2022 
2023 1864 1865 2024 
1884 2025 1692 1775 
1884 1936 2026 2025 
1777 1691 1692 2025 
1777 2025 2026 1926 
1778 2027 1694 1693 
1783 1905 2028 1782 
1781 2029 2030 1779 
2031 2032 1844 1901 
2033 1834 1835 2034 
2035 2036 1969 1878 
2036 2037 1800 1969 
1890 1676 1674 2004 
1893 2004 1674 1675 
1640 1854 1852 1639 
1678 1891 2003 1679 
1933 1889 1690 1688 
1928 1880 1883 1929 
1928 1927 1881 1880 
1756 1680 1679 2003 
1966 1875 1796 2038 
1938 1939 1729 1730 
1927 1935 1882 1881 
1926 2026 1740 1741 
2026 1936 1739 1740 
1936 1935 1738 1739 
1932 1938 1730 1731 
1894 1937 1689 1773 
1937 1933 1688 1689 
1934 1734 1735 1929 
1934 1930 1733 1734 
2039 1788 1787 1959 
2040 1867 1788 2039 
2040 2041 1868 1867 
2041 1960 1869 1868 
2042 2043 1843 1842 
1906 1841 1843 2043 
2044 1908 1838 1839 
1863 1864 2023 2022 
2045 1811 1827 2046 
2045 1917 1809 1811 
1498 1897 1749 1499 
1501 2009 1751 1502 
2011 1702 1703 2010 
2011 2012 1701 1702 
2012 2013 1700 1701 
2014 1699 1700 2013 
2008 2010 1703 1704 
2032 2042 1842 1844 
1998 1999 1718 1719 
1999 2000 1717 1718 
1799 1667 1356 1354 
2047 1801 1800 2037 
2048 1886 1801 2047 
2049 1885 1886 2048 
1643 1644 1858 1856 
1902 1812 1813 1971 
1914 1915 1829 1830 
2033 1911 1833 1834 
1886 1575 1668 1801 
2049 2050 1887 1885 
1941 1727 1728 1940 
1941 1942 1726 1727 
1769 1767 1941 1940 
1942 1943 1725 1726 
1943 1944 1724 1725 
2051 1888 1887 2050 
2051 2052 1802 1888 
1920 1921 1805 1807 
2046 1827 1828 1916 
1918 1919 1808 1810 
2000 2002 1716 1717 
1949 1713 1715 2001 
2002 2001 1715 1716 
1759 1758 2002 2000 
1958 2016 2053 1696 
1744 2054 2016 1745 
2015 1698 1699 2014 
2015 1956 1697 1698 
1896 1748 2015 2014 
2028 2029 1781 1782 
1525 1526 1785 1783 
1904 1785 1784 2055 
1869 1870 1569 1659 
2056 2057 1791 1790 
1953 2005 1709 1710 
1954 1708 1709 2005 
2007 2008 1704 1705 
1826 1845 1985 1984 
1955 2006 1706 1707 
1754 1955 1954 1892 
2058 2038 1796 1795 
2057 2059 1792 1791 
1964 1872 1792 2059 
1965 2060 1874 1873 
1926 1925 1778 1777 
1947 1948 1721 1720 
1947 1720 1722 1946 
1948 1998 1719 1721 
1944 1945 1723 1724 
1946 1722 1723 1945 
1764 1511 1510 1763 
1925 1924 2027 1778 
2052 2061 1803 1802 
1746 1898 1494 1493 
1927 1737 1738 1935 
1963 2056 1790 1789 
1297 1298 1253 1251 
937 843 667 666 
894 1334 1210 892 
854 398 500 652 
258 256 260 263 
1496 1292 1291 1495 
945 1183 846 845 
1879 1814 1618 1619 
1899 1761 1998 1948 
1292 1473 1178 1177 
1750 2009 1501 1500 
1274 1149 969 1148 
1172 1173 899 900 
205 204 606 604 
728 729 1004 893 
1872 1572 1571 1792 
861 499 415 659 
1579 1804 1581 1580 
396 327 156 392 
1339 1162 1161 1338 
1934 1929 1883 1889 
2030 2062 1780 1779 
1940 1728 1729 1939 
2055 1784 1786 1903 
1879 1816 1973 1972 
2007 1705 1706 2006 
1968 2035 1878 1877 
2060 2058 1795 1874 
1791 1662 1661 1790 
1449 961 962 1451 
2034 1835 1836 1910 
1907 2044 1839 1840 
2063 2064 2065 
2066 2067 2068 
2069 2070 2071 
2072 2073 2074 
2075 2076 2077 
2078 2079 2080 
2081 2082 2083 
2084 2085 2086 
2087 2088 2089 
2090 2091 2092 
2093 2094 2095 
2096 2097 2098 
2099 2074 2073 
2100 2101 2102 
2103 2104 2105 
2106 2107 2108 
2109 2092 2091 
2110 2111 2112 
2113 2114 2115 
2116 2117 2118 
2118 2119 2116 
2120 2070 2069 
2121 2122 2123 
2124 2125 2126 
2127 2128 2129 
2130 2131 2132 
2133 2134 2135 
2136 2137 2138 
2139 2140 2141 
2142 2143 2144 
2145 2146 2147 
2148 2149 2150 
2151 2152 2153 
2154 2155 2156 
2157 2158 2159 
2160 2161 2162 
2163 2164 2165 
2166 2167 2168 
2169 2170 2171 
2172 2173 2174 
2175 2176 2177 
2178 2179 2180 
2181 2182 2183 
2184 2133 2135 
2185 2176 2175 
2186 2169 2171 
2187 2188 2189 
2190 2191 2192 
2193 2194 2195 
2196 2197 2198 
2199 2200 2201 
2202 2132 2131 
2203 2164 2163 
2204 2157 2159 
2205 2206 2207 
2208 2209 2210 
2211 2193 2195 
2212 2213 2214 
2214 2215 2212 
2216 2217 2218 
2218 2217 2219 
2220 2138 2137 
2221 2173 2172 
2191 2222 2192 
2200 2223 2201 
2224 2225 2226 
2227 2146 2145 
2228 2179 2178 
2229 2152 2151 
2196 2198 2230 
2231 2155 2154 
2232 2144 2143 
2233 2234 2235 
2160 2162 2236 
2237 2167 2166 
2238 2233 2235 
2239 2063 2065 2240 
2241 2242 2243 2244 
2242 2245 2246 2243 
2247 2248 2064 2063 
2249 2248 2247 2250 
2250 2251 2252 2249 
2249 2087 2091 2248 
2065 2064 2111 2115 
2065 2115 2116 2240 
2240 2246 2245 2239 
2244 2243 2253 2069 
2254 2255 2241 2244 
2108 2107 2256 2257 
2258 2098 2097 2259 
2081 2116 2119 2082 
2116 2115 2114 2117 
2087 2249 2252 2260 
2091 2111 2064 2248 
2085 2084 2261 2262 
2105 2262 2261 2103 
2103 2102 2101 2104 
2069 2123 2254 2244 
2263 2093 2095 2264 
2094 2096 2098 2095 
2096 2094 2265 2266 
2096 2266 2267 2097 
2259 2079 2078 2258 
2079 2259 2268 2269 
2080 2076 2075 2078 
2270 2075 2077 2271 
2099 2073 2270 2271 
2100 2102 2073 2072 
2262 2272 2273 2085 
2086 2067 2066 2084 
2106 2108 2066 2068 
2067 2274 2275 2068 
2107 2276 2277 2256 
2278 2088 2087 2260 
2109 2091 2087 2089 
2112 2111 2091 2090 
2110 2112 2279 2280 
2110 2113 2115 2111 
2110 2280 2281 2113 
2114 2282 2283 2117 
2246 2240 2116 2081 
2117 2283 2284 2118 
2253 2243 2246 2081 
2083 2285 2253 2081 
2120 2069 2253 2285 
2121 2123 2069 2071 
2286 2276 2107 2106 
2077 2287 2288 2271 
2076 2289 2287 2077 
2080 2290 2289 2076 
2079 2269 2290 2080 
2090 2291 2279 2112 
2292 2293 2294 2295 
2293 2296 2297 2294 
2296 2298 2299 2297 
2300 2301 2299 2298 
2302 2301 2300 2303 
2304 2305 2302 2303 
2306 2305 2304 2307 
2308 2309 2306 2307 
2310 2309 2308 2284 
2284 2283 2311 2310 
2283 2282 2312 2311 
2282 2281 2313 2312 
2281 2280 2314 2313 
2280 2279 2315 2314 
2291 2316 2315 2279 
2317 2316 2291 2318 
2319 2317 2318 2320 
2319 2320 2321 2322 
2318 2291 2090 2092 
2323 2322 2321 2324 
2325 2326 2323 2324 
2277 2276 2327 2328 
2329 2327 2276 2286 
2275 2330 2329 2286 
2331 2330 2275 2274 
2332 2331 2274 2333 
2332 2333 2273 2334 
2286 2106 2068 2275 
2273 2272 2335 2334 
2272 2336 2337 2335 
2338 2339 2337 2336 
2340 2339 2338 2341 
2342 2340 2341 2343 
2344 2345 2342 2343 
2344 2346 2347 2345 
2343 2341 2101 2100 
2346 2348 2349 2347 
2348 2288 2350 2349 
2288 2287 2351 2350 
2290 2352 2353 2289 
2269 2354 2352 2290 
2355 2354 2269 2268 
2355 2268 2267 2356 
2288 2348 2099 2271 
2267 2266 2357 2356 
2358 2357 2266 2265 
2359 2360 2358 2265 
2361 2362 2360 2359 
2293 2121 2071 2296 
2293 2292 2122 2121 
2298 2296 2071 2070 
2295 2294 2363 2131 
2297 2163 2363 2294 
2364 2163 2297 2299 
2301 2157 2364 2299 
2183 2157 2301 2302 
2183 2302 2305 2133 
2298 2070 2120 2300 
2305 2306 2365 2133 
2306 2309 2148 2365 
2309 2310 2218 2148 
2304 2083 2082 2307 
2310 2311 2366 2218 
2311 2312 2160 2366 
2312 2313 2207 2160 
2137 2207 2313 2314 
2314 2315 2210 2137 
2316 2367 2210 2315 
2172 2367 2316 2317 
2317 2319 2368 2172 
2322 2166 2368 2319 
2369 2166 2322 2323 
2369 2323 2326 2124 
2330 2139 2370 2329 
2330 2331 2195 2139 
2332 2371 2195 2331 
2371 2332 2334 2143 
2334 2335 2196 2143 
2333 2274 2067 2086 
2335 2337 2372 2196 
2339 2214 2372 2337 
2339 2340 2154 2214 
2340 2342 2373 2154 
2373 2342 2345 2175 
2345 2347 2374 2175 
2374 2347 2349 2178 
2346 2344 2072 2074 
2349 2350 2375 2178 
2350 2351 2169 2375 
2351 2353 2376 2169 
2352 2127 2376 2353 
2354 2145 2127 2352 
2187 2145 2354 2355 
2356 2224 2187 2355 
2356 2357 2201 2224 
2359 2265 2094 2093 
2192 2201 2357 2358 
2360 2377 2192 2358 
2362 2378 2377 2360 
2359 2093 2263 2361 
2328 2327 2235 2151 
2343 2100 2072 2344 
2099 2348 2346 2074 
2287 2289 2353 2351 
2320 2318 2092 2109 
2089 2321 2320 2109 
2268 2259 2097 2267 
2284 2308 2119 2118 
2336 2105 2104 2338 
2336 2272 2262 2105 
2372 2214 2213 2379 
2172 2368 2380 2221 
2187 2224 2226 2188 
2375 2169 2186 2381 
2376 2127 2129 2382 
2369 2124 2126 2383 
2384 2377 2378 2385 
2192 2222 2199 2201 
2303 2285 2083 2304 
2365 2148 2150 2386 
2224 2201 2223 2225 
2307 2082 2119 2308 
2160 2207 2206 2161 
2134 2133 2365 2386 
2148 2218 2219 2149 
2281 2282 2114 2113 
2367 2387 2208 2210 
2194 2140 2139 2195 
2303 2300 2120 2285 
2085 2273 2333 2086 
2197 2196 2372 2379 
2341 2338 2104 2101 
2158 2157 2183 2182 
2184 2181 2183 2133 
2204 2388 2364 2157 
2175 2374 2389 2185 
2228 2178 2375 2381 
2190 2192 2377 2384 
2390 2391 2153 2152 
2392 2390 2152 2229 
2392 2229 2234 2393 
2229 2151 2235 2234 
2234 2233 2394 2393 
2233 2238 2395 2394 
2396 2395 2238 2397 
2396 2397 2141 2398 
2399 2398 2141 2140 
2194 2400 2399 2140 
2194 2193 2401 2400 
2193 2211 2402 2401 
2211 2403 2404 2402 
2403 2142 2405 2404 
2142 2144 2406 2405 
2407 2406 2144 2232 
2230 2408 2407 2232 
2409 2408 2230 2198 
2410 2409 2198 2197 
2197 2379 2411 2410 
2379 2213 2412 2411 
2213 2212 2413 2412 
2212 2215 2414 2413 
2215 2156 2415 2414 
2416 2415 2156 2155 
2155 2231 2417 2416 
2417 2231 2418 2419 
2419 2418 2177 2420 
2420 2177 2176 2421 
2177 2418 2373 2175 
2176 2185 2422 2421 
2423 2422 2185 2389 
2180 2424 2423 2389 
2180 2179 2425 2424 
2179 2228 2426 2425 
2180 2389 2374 2178 
2381 2427 2426 2228 
2186 2428 2427 2381 
2186 2171 2429 2428 
2429 2171 2170 2430 
2170 2382 2431 2430 
2129 2432 2431 2382 
2433 2432 2129 2128 
2434 2433 2128 2147 
2434 2147 2146 2435 
2146 2227 2436 2435 
2147 2128 2127 2145 
2227 2189 2437 2436 
2189 2188 2438 2437 
2189 2227 2145 2187 
2188 2226 2439 2438 
2225 2440 2439 2226 
2223 2441 2440 2225 
2441 2223 2200 2442 
2200 2199 2443 2442 
2443 2199 2222 2444 
2222 2191 2445 2444 
2191 2190 2446 2445 
2447 2446 2190 2384 
2385 2448 2447 2384 
2130 2132 2449 2450 
2132 2202 2451 2449 
2202 2452 2453 2451 
2203 2388 2454 2455 
2388 2204 2456 2454 
2455 2457 2164 2203 
2204 2159 2458 2456 
2182 2459 2460 2158 
2461 2459 2182 2181 
2184 2462 2461 2181 
2462 2184 2135 2463 
2135 2134 2464 2463 
2134 2386 2465 2464 
2386 2150 2466 2465 
2150 2149 2467 2466 
2217 2216 2468 2469 
2469 2470 2219 2217 
2216 2471 2472 2468 
2471 2236 2473 2472 
2236 2162 2474 2473 
2162 2161 2475 2474 
2206 2476 2475 2161 
2477 2476 2206 2205 
2205 2136 2478 2477 
2136 2138 2479 2478 
2138 2220 2480 2479 
2220 2209 2481 2480 
2209 2208 2482 2481 
2483 2482 2208 2387 
2173 2221 2484 2485 
2486 2483 2387 2174 
2221 2380 2487 2484 
2380 2168 2488 2487 
2167 2489 2488 2168 
2237 2490 2489 2167 
2237 2383 2491 2490 
2126 2492 2491 2383 
2492 2126 2125 2493 
2139 2141 2397 2370 
2457 2494 2165 2164 
2494 2453 2452 2165 
2203 2163 2364 2388 
2470 2467 2149 2219 
2218 2366 2471 2216 
2220 2137 2210 2209 
2136 2205 2207 2137 
2174 2387 2367 2172 
2324 2088 2278 2325 
2324 2321 2089 2088 
2445 2446 2495 2496 
2445 2496 2497 2444 
2442 2443 2498 2499 
2440 2500 2501 2439 
2435 2436 2502 2503 
2170 2169 2376 2382 
2430 2504 2505 2429 
2424 2425 2506 2507 
2231 2154 2373 2418 
2419 2508 2509 2417 
2510 2391 2390 2511 
2390 2392 2512 2511 
2393 2513 2512 2392 
2513 2393 2394 2514 
2394 2395 2515 2514 
2395 2396 2516 2515 
2396 2398 2517 2516 
2398 2399 2518 2517 
2400 2519 2518 2399 
2520 2519 2400 2401 
2520 2401 2402 2521 
2402 2404 2522 2521 
2404 2405 2523 2522 
2405 2406 2524 2523 
2525 2524 2406 2407 
2525 2407 2408 2526 
2408 2409 2527 2526 
2409 2410 2528 2527 
2410 2411 2529 2528 
2154 2156 2215 2214 
2415 2530 2531 2414 
2413 2532 2533 2412 
2534 2450 2449 2535 
2449 2451 2536 2535 
2451 2453 2537 2536 
2494 2457 2538 2539 
2539 2537 2453 2494 
2454 2540 2541 2455 
2456 2542 2540 2454 
2456 2458 2543 2542 
2458 2460 2544 2543 
2460 2459 2545 2544 
2546 2545 2459 2461 
2546 2461 2462 2547 
2547 2462 2463 2548 
2463 2464 2549 2548 
2549 2464 2465 2550 
2466 2467 2551 2552 
2467 2470 2553 2551 
2554 2553 2470 2469 
2555 2554 2469 2468 
2555 2468 2472 2556 
2556 2472 2473 2557 
2557 2473 2474 2558 
2236 2471 2366 2160 
2474 2475 2559 2558 
2477 2560 2561 2476 
2562 2560 2477 2478 
2479 2563 2562 2478 
2564 2563 2479 2480 
2480 2481 2565 2564 
2481 2482 2566 2565 
2482 2483 2567 2566 
2486 2568 2567 2483 
2569 2568 2486 2485 
2570 2569 2485 2484 
2570 2484 2487 2571 
2485 2486 2174 2173 
2487 2488 2572 2571 
2488 2489 2573 2572 
2489 2490 2574 2573 
2490 2491 2575 2574 
2491 2492 2576 2575 
2493 2577 2576 2492 
2578 2577 2493 2579 
2503 2580 2434 2435 
2505 2581 2428 2429 
2582 2427 2428 2581 
2583 2506 2425 2426 
2509 2584 2416 2417 
2584 2530 2415 2416 
2371 2143 2142 2403 
2238 2235 2370 2397 
2237 2166 2369 2383 
2585 2441 2442 2499 
2586 2447 2448 2587 
2586 2052 2051 2495 
2498 2443 2444 2497 
2496 2050 2049 2497 
2500 2440 2441 2585 
2500 2585 2037 2036 
2588 2438 2439 2501 
2501 2035 1968 2588 
2588 2589 2437 2438 
2589 2502 2436 2437 
2503 2502 1966 2038 
2580 2590 2433 2434 
2580 2503 2038 2058 
2590 2580 2058 2060 
2591 2432 2433 2590 
2591 1965 1964 2592 
2581 2505 2057 2056 
2581 2056 1963 2582 
2593 2423 2424 2507 
2507 2506 1961 1960 
2582 2583 2426 2427 
2594 2595 2421 2422 
2596 2420 2421 2595 
2596 2595 2039 1959 
2509 1922 1921 2584 
2584 1921 1920 2530 
2530 1920 1919 2531 
2531 2532 2413 2414 
2532 1918 1917 2533 
2533 1917 2045 2529 
2529 2411 2412 2533 
2528 2529 2045 2046 
2528 2046 1916 2527 
2230 2232 2143 2196 
2526 1915 1914 2525 
2523 1912 1911 2522 
2211 2195 2371 2403 
2519 1910 1909 2518 
2517 2518 1909 1908 
2516 2044 1907 2515 
2510 2511 2032 2031 
2514 1906 2043 2513 
2511 2512 2042 2032 
2535 2023 2024 2534 
2023 2535 2536 2022 
2165 2452 2363 2163 
2536 2537 2021 2022 
2537 2539 2020 2021 
2539 2538 2019 2020 
2538 2541 2018 2019 
2540 2017 2018 2541 
2540 2542 1997 2017 
2543 1996 1997 2542 
2544 1995 1996 2543 
1995 2544 2545 1994 
2545 2546 1993 1994 
2547 2548 1991 1992 
1990 2549 2550 1989 
1989 2550 2552 1988 
2551 1987 1988 2552 
2551 2553 1986 1987 
2552 2550 2465 2466 
2553 2554 1985 1986 
2554 2555 1984 1985 
2556 2557 1982 1983 
1982 2557 2558 1981 
1981 2558 2559 1980 
2559 2561 1979 1980 
1978 2560 2562 1977 
1977 2562 2563 1976 
2563 2564 1975 1976 
2564 2565 1974 1975 
2566 1973 1974 2565 
2566 2567 1972 1973 
2567 2568 1970 1972 
1970 2568 2569 1971 
2569 2570 1902 1971 
1903 1902 2570 2571 
1903 2571 2572 2055 
2572 2573 1904 2055 
2573 2574 1905 1904 
2574 2575 2028 1905 
2575 2576 2029 2028 
2577 2030 2029 2576 
2578 2062 2030 2577 
2159 2158 2460 2458 
1993 2546 2547 1992 
1913 1912 2523 2524 
2592 2431 2432 2591 
2060 1965 2591 2590 
2559 2475 2476 2561 
2561 2560 1978 1979 
2044 2516 2517 1908 
2457 2455 2541 2538 
2041 2040 2594 2593 
2040 2039 2595 2594 
2422 2423 2593 2594 
2041 2593 2507 1960 
1907 1906 2514 2515 
2049 2048 2498 2497 
2052 2586 2587 2061 
2586 2495 2446 2447 
2499 2498 2048 2047 
2047 2037 2585 2499 
1968 1967 2589 2588 
2548 2549 1990 1991 
1915 2526 2527 1916 
1914 1913 2524 2525 
1919 1918 2532 2531 
1923 2508 2596 1959 
1964 2059 2504 2592 
2168 2380 2368 2166 
2059 2057 2505 2504 
1963 1962 2583 2582 
1922 2509 2508 1923 
2202 2131 2363 2452 
2051 2050 2496 2495 
2043 2042 2512 2513 
2033 2034 2520 2521 
2508 2419 2420 2596 
1911 2033 2521 2522 
2035 2501 2500 2036 
2592 2504 2430 2431 
1967 1966 2502 2589 
1962 1961 2506 2583 
2034 1910 2519 2520 
2555 2556 1983 1984 
2327 2329 2370 2235 
</DataArray>
<DataArray type="Int32" Name="offsets" format="ascii">
4
8
12
16
20
24
28
32
36
40
44
48
52
56
60
64
68
72
76
80
84
88
92
96
100
104
108
112
116
120
124
128
132
136
140
144
148
152
156
160
164
168
172
176
180
184
188
192
196
200
204
208
212
216
220
224
228
232
236
240
244
248
252
256
260
264
268
272
276
280
284
288
292
296
300
304
308
312
316
320
324
328
332
336
340
344
348
352
356
360
364
368
372
376
380
384
388
392
396
400
404
408
412
416
420
424
428
432
436
440
444
448
452
456
460
464
468
472
476
480
484
488
492
496
500
504
508
512
516
520
524
528
532
536
540
544
548
552
556
560
564
568
572
576
580
584
588
592
596
600
604
608
612
616
620
624
628
632
636
640
644
648
652
656
660
664
668
672
676
680
684
688
692
696
700
704
708
712
716
720
724
728
732
736
740
744
748
752
756
760
764
768
772
776
780
784
788
792
796
800
804
808
812
816
820
824
828
832
836
840
844
848
852
856
860
864
868
872
876
880
884
888
892
896
900
904
908
912
916
920
924
928
932
936
940
944
948
952
956
960
964
968
972
976
980
984
988
992
996
1000
1004
1008
1012
1016
1020
1024
1028
1032
1036
1040
1044
1048
1052
1056
1060
1064
1068
1072
1076
1080
1084
1088
1092
1096
1100
1104
1108
1112
1116
1120
1124
1128
1132
1136
1140
1144
1148
1152
1156
1160
1164
1168
1172
1176
1180
1184
1188
1192
1196
1200
1204
1208
1212
1216
1220
1224
1228
1232
1236
1240
1244
1248
1252
1256
1260
1264
1268
1272
1276
1280
1284
1288
1292
1296
1300
1304
1308
1312
1316
1320
1324
1328
1332
1336
1340
1344
1348
1352
1356
1360
1364
1368
1372
1376
1380
1384
1388
1392
1396
1400
1404
1408
1412
1416
1420
1424
1428
1432
1436
1440
1444
1448
1452
1456
1460
1464
1468
1472
1476
1480
1484
1488
1492
1496
1500
1504
1508
1512
1516
1520
1524
1528
1532
1536
1540
1544
1548
1552
1556
1560
1564
1568
1572
1576
1580
1584
1588
1592
1596
1600
1604
1608
1612
1616
1620
1624
1628
1632
1636
1640
1644
1648
1652
1656
1660
1664
1668
1672
1676
1680
1684
1688
1692
1696
1700
1704
1708
1712
1716
1720
1724
1728
1732
1736
1740
1744
1748
1752
1756
1760
1764
1768
1772
1776
1780
1784
1788
1792
1796
1800
1804
1808
1812
1816
1820
1824
1828
1832
1836
1840
1844
1848
1852
1856
1860
1864
1868
1872
1876
1880
1884
1888
1892
1896
1900
1904
1908
1912
1916
1920
1924
1928
1932
1936
1940
1944
1948
1952
1956
1960
1964
1968
1972
1976
1980
1984
1988
1992
1996
2000
2004
2008
2012
2016
2020
2024
2028
2032
2036
2040
2044
2048
2052
2056
2060
2064
2068
2072
2076
2080
2084
2088
2092
2096
2100
2104
2108
2112
2116
2120
2124
2128
2132
2136
2140
2144
2148
2152
2156
2160
2164
2168
2172
2176
2180
2184
2188
2192
2196
2200
2204
2208
2212
2216
2220
2224
2228
2232
2236
2240
2244
2248
2252
2256
2260
2264
2268
2272
2276
2280
2284
2288
2292
2296
2300
2304
2308
2312
2316
2320
2324
2328
2332
2336
2340
2344
2348
2352
2356
2360
2364
2368
2372
2376
2380
2384
2388
2392
2396
2400
2404
2408
2412
2416
2420
2424
2428
2432
2436
2440
2444
2448
2452
2456
2460
2464
2468
2472
2476
2480
2484
2488
2492
2496
2500
2504
2508
2512
2516
2520
2524
2528
2532
2536
2540
2544
2548
2552
2556
2560
2564
2568
2572
2576
2580
2584
2588
2592
2596
2600
2604
2608
2612
2616
2620
2624
2628
2632
2636
2640
2644
2648
2652
2656
2660
2664
2668
2672
2676
2680
2684
2688
2692
2696
2700
2704
2708
2712
2716
2720
2724
2728
2732
2736
2740
2744
2748
2752
2756
2760
2764
2768
2772
2776
2780
2784
2788
2792
2796
2800
2804
2808
2812
2816
2820
2824
2828
2832
2836
2840
2844
2848
2852
2856
2860
2864
2868
2872
2876
2880
2884
2888
2892
2896
2900
2904
2908
2912
2916
2920
2924
2928
2932
2936
2940
2944
2948
2952
2956
2960
2964
2968
2972
2976
2980
2984
2988
2992
2996
3000
3004
3008
3012
3016
3020
3024
3028
3032
3036
3040
3044
3048
3052
3056
3060
3064
3068
3072
3076
3080
3084
3088
3092
3096
3100
3104
3108
3112
3116
3120
3124
3128
3132
3136
3140
3144
3148
3152
3156
3160
3164
3168
3172
3176
3180
3184
3188
3192
3196
3200
3204
3208
3212
3216
3220
3224
3228
3232
3236
3240
3244
3248
3252
3256
3260
3264
3268
3272
3276
3280
3284
3288
3292
3296
3300
3304
3308
3312
3316
3320
3324
3328
3332
3336
3340
3344
3348
3352
3356
3360
3364
3368
3372
3376
3380
3384
3388
3392
3396
3400
3404
3408
3412
3416
3420
3424
3428
3432
3436
3440
3444
3448
3452
3456
3460
3464
3468
3472
3476
3480
3484
3488
3492
3496
3500
3504
3508
3512
3516
3520
3524
3528
3532
3536
3540
3544
3548
3552
3556
3560
3564
3568
3572
3576
3580
3584
3588
3592
3596
3600
3604
3608
3612
3616
3620
3624
3628
3632
3636
3640
3644
3648
3652
3656
3660
3664
3668
3672
3676
3680
3684
3688
3692
3696
3700
3704
3708
3712
3716
3720
3724
3728
3732
3736
3740
3744
3748
3752
3756
3760
3764
3768
3772
3776
3780
3784
3788
3792
3796
3800
3804
3808
3812
3816
3820
3824
3828
3832
3836
3840
3844
3848
3852
3856
3860
3864
3868
3872
3876
3880
3884
3888
3892
3896
3900
3904
3908
3912
3916
3920
3924
3928
3932
3936
3940
3944
3948
3952
3956
3960
3964
3968
3972
3976
3980
3984
3988
3992
3996
4000
4004
4008
4012
4016
4020
4024
4028
4032
4036
4040
4044
4048
4052
4056
4060
4064
4068
4072
4076
4080
4084
4088
4092
4096
4100
4104
4108
4112
4116
4120
4124
4128
4132
4136
4140
4144
4148
4152
4156
4160
4164
4168
4172
4176
4180
4184
4188
4192
4196
4200
4204
4208
4212
4216
4220
4224
4228
4232
4236
4240
4244
4248
4252
4256
4260
4264
4268
4272
4276
4280
4284
4288
4292
4296
4300
4304
4308
4312
4316
4320
4324
4328
4332
4336
4340
4344
4348
4352
4356
4360
4364
4368
4372
4376
4380
4384
4388
4392
4396
4400
4404
4408
4412
4416
4420
4424
4428
4432
4436
4440
4444
4448
4452
4456
4460
4464
4468
4472
4476
4480
4484
4488
4492
4496
4500
4504
4508
4512
4516
4520
4524
4528
4532
4536
4540
4544
4548
4552
4556
4560
4564
4568
4572
4576
4580
4584
4588
4592
4596
4600
4604
4608
4612
4616
4620
4624
4628
4632
4636
4640
4644
4648
4652
4656
4660
4664
4668
4672
4676
4680
4684
4688
4692
4696
4700
4704
4708
4712
4716
4720
4724
4728
4732
4736
4740
4744
4748
4752
4756
4760
4764
4768
4772
4776
4780
4784
4788
4792
4796
4800
4804
4808
4812
4816
4820
4824
4828
4832
4836
4840
4844
4848
4852
4856
4860
4864
4868
4872
4876
4880
4884
4888
4892
4896
4900
4904
4908
4912
4916
4920
4924
4928
4932
4936
4940
4944
4948
4952
4956
4960
4964
4968
4972
4976
4980
4984
4988
4992
4996
5000
5004
5008
5012
5016
5020
5024
5028
5032
5036
5040
5044
5048
5052
5056
5060
5064
5068
5072
5076
5080
5084
5088
5092
5096
5100
5104
5108
5112
5116
5120
5124
5128
5132
5136
5140
5144
5148
5152
5156
5160
5164
5168
5172
5176
5180
5184
5188
5192
5196
5200
5204
5208
5212
5216
5220
5224
5228
5232
5236
5240
5244
5248
5252
5256
5260
5264
5268
5272
5276
5280
5284
5288
5292
5296
5300
5304
5308
5312
5316
5320
5324
5328
5332
5336
5340
5344
5348
5352
5356
5360
5364
5368
5372
5376
5380
5384
5388
5392
5396
5400
5404
5408
5412
5416
5420
5424
5428
5432
5436
5440
5444
5448
5452
5456
5460
5464
5468
5472
5476
5480
5484
5488
5492
5496
5500
5504
5508
5512
5516
5520
5524
5528
5532
5536
5540
5544
5548
5552
5556
5560
5564
5568
5572
5576
5580
5584
5588
5592
5596
5600
5604
5608
5612
5616
5620
5624
5628
5632
5636
5640
5644
5648
5652
5656
5660
5664
5668
5672
5676
5680
5684
5688
5692
5696
5700
5704
5708
5712
5716
5720
5724
5728
5732
5736
5740
5744
5748
5752
5756
5760
5764
5768
5772
5776
5780
5784
5788
5792
5796
5800
5804
5808
5812
5816
5820
5824
5828
5832
5836
5840
5844
5848
5852
5856
5860
5864
5868
5872
5876
5880
5884
5888
5892
5896
5900
5904
5908
5912
5916
5920
5924
5928
5932
5936
5940
5944
5948
5952
5956
5960
5964
5968
5972
5976
5980
5984
5988
5992
5996
6000
6004
6008
6012
6016
6020
6024
6028
6032
6036
6040
6044
6048
6052
6056
6060
6064
6068
6072
6076
6080
6084
6088
6092
6096
6100
6104
6108
6112
6116
6120
6124
6128
6132
6136
6140
6144
6148
6152
6156
6160
6164
6168
6172
6176
6180
6184
6188
6192
6196
6200
6204
6208
6212
6216
6220
6224
6228
6232
6236
6240
6244
6248
6252
6256
6260
6264
6268
6272
6276
6280
6284
6288
6292
6296
6300
6304
6308
6312
6316
6320
6324
6328
6332
6336
6340
6344
6348
6352
6356
6360
6364
6368
6372
6376
6380
6384
6388
6392
6396
6400
6404
6408
6412
6416
6420
6424
6428
6432
6436
6440
6444
6448
6452
6456
6460
6464
6468
6472
6476
6480
6484
6488
6492
6496
6500
6504
6508
6512
6516
6520
6524
6528
6532
6536
6540
6544
6548
6552
6556
6560
6564
6568
6572
6576
6580
6584
6588
6592
6596
6600
6604
6608
6612
6616
6620
6624
6628
6632
6636
6640
6644
6648
6652
6656
6660
6664
6668
6672
6676
6680
6684
6688
6692
6696
6700
6704
6708
6712
6716
6720
6724
6728
6732
6736
6740
6744
6748
6752
6756
6760
6764
6768
6772
6776
6780
6784
6788
6792
6796
6800
6804
6808
6812
6816
6820
6824
6828
6832
6836
6840
6844
6848
6852
6856
6860
6864
6868
6872
6876
6880
6884
6888
6892
6896
6900
6904
6908
6912
6916
6920
6924
6928
6932
6936
6940
6944
6948
6952
6956
6960
6964
6968
6972
6976
6980
6984
6988
6992
6996
7000
7004
7008
7012
7016
7020
7024
7028
7032
7036
7040
7044
7048
7052
7056
7060
7064
7068
7072
7076
7080
7084
7088
7092
7096
7100
7104
7108
7112
7116
7120
7124
7128
7132
7136
7140
7144
7148
7152
7156
7160
7164
7168
7172
7176
7180
7184
7188
7192
7196
7200
7204
7208
7212
7216
7220
7224
7228
7232
7236
7240
7244
7248
7252
7256
7260
7264
7268
7272
7276
7280
7284
7288
7292
7296
7300
7304
7308
7312
7316
7320
7324
7328
7332
7336
7340
7344
7348
7352
7356
7360
7364
7368
7372
7376
7380
7384
7388
7392
7396
7400
7404
7408
7412
7416
7420
7424
7428
7432
7436
7440
7444
7448
7452
7456
7460
7464
7468
7472
7476
7480
7484
7488
7492
7496
7500
7504
7508
7512
7516
7520
7524
7528
7532
7536
7540
7544
7548
7552
7556
7560
7564
7568
7572
7576
7580
7584
7588
7592
7596
7600
7604
7608
7612
7616
7620
7624
7628
7632
7636
7640
7644
7648
7652
7656
7660
7664
7668
7672
7676
7680
7684
7688
7692
7696
7700
7704
7708
7712
7716
7720
7724
7728
7732
7736
7740
7744
7748
7752
7756
7760
7764
7768
7772
7776
7780
7784
7788
7792
7796
7800
7804
7808
7812
7816
7820
7824
7828
7832
7836
7840
7844
7848
7852
7855
7858
7861
7864
7867
7870
7873
7876
7879
7882
7885
7888
7891
7894
7897
7900
7903
7906
7909
7912
7915
7918
7921
7924
7927
7930
7933
7936
7939
7942
7945
7948
7951
7954
7957
7960
7963
7966
7969
7972
7975
7978
7981
7984
7987
7990
7993
7996
7999
8002
8005
8008
8011
8014
8017
8020
8023
8026
8029
8032
8035
8038
8041
8044
8047
8050
8053
8056
8059
8062
8065
8068
8071
8074
8077
8080
8084
8088
8092
8096
8100
8104
8108
8112
8116
8120
8124
8128
8132
8136
8140
8144
8148
8152
8156
8160
8164
8168
8172
8176
8180
8184
8188
8192
8196
8200
8204
8208
8212
8216
8220
8224
8228
8232
8236
8240
8244
8248
8252
8256
8260
8264
8268
8272
8276
8280
8284
8288
8292
8296
8300
8304
8308
8312
8316
8320
8324
8328
8332
8336
8340
8344
8348
8352
8356
8360
8364
8368
8372
8376
8380
8384
8388
8392
8396
8400
8404
8408
8412
8416
8420
8424
8428
8432
8436
8440
8444
8448
8452
8456
8460
8464
8468
8472
8476
8480
8484
8488
8492
8496
8500
8504
8508
8512
8516
8520
8524
8528
8532
8536
8540
8544
8548
8552
8556
8560
8564
8568
8572
8576
8580
8584
8588
8592
8596
8600
8604
8608
8612
8616
8620
8624
8628
8632
8636
8640
8644
8648
8652
8656
8660
8664
8668
8672
8676
8680
8684
8688
8692
8696
8700
8704
8708
8712
8716
8720
8724
8728
8732
8736
8740
8744
8748
8752
8756
8760
8764
8768
8772
8776
8780
8784
8788
8792
8796
8800
8804
8808
8812
8816
8820
8824
8828
8832
8836
8840
8844
8848
8852
8856
8860
8864
8868
8872
8876
8880
8884
8888
8892
8896
8900
8904
8908
8912
8916
8920
8924
8928
8932
8936
8940
8944
8948
8952
8956
8960
8964
8968
8972
8976
8980
8984
8988
8992
8996
9000
9004
9008
9012
9016
9020
9024
9028
9032
9036
9040
9044
9048
9052
9056
9060
9064
9068
9072
9076
9080
9084
9088
9092
9096
9100
9104
9108
9112
9116
9120
9124
9128
9132
9136
9140
9144
9148
9152
9156
9160
9164
9168
9172
9176
9180
9184
9188
9192
9196
9200
9204
9208
9212
9216
9220
9224
9228
9232
9236
9240
9244
9248
9252
9256
9260
9264
9268
9272
9276
9280
9284
9288
9292
9296
9300
9304
9308
9312
9316
9320
9324
9328
9332
9336
9340
9344
9348
9352
9356
9360
9364
9368
9372
9376
9380
9384
9388
9392
9396
9400
9404
9408
9412
9416
9420
9424
9428
9432
9436
9440
9444
9448
9452
9456
9460
9464
9468
9472
9476
9480
9484
9488
9492
9496
9500
9504
9508
9512
9516
9520
9524
9528
9532
9536
9540
9544
9548
9552
9556
9560
9564
9568
9572
9576
9580
9584
9588
9592
9596
9600
9604
9608
9612
9616
9620
9624
9628
9632
9636
9640
9644
9648
9652
9656
9660
9664
9668
9672
9676
9680
9684
9688
9692
9696
9700
9704
9708
9712
9716
9720
9724
9728
9732
9736
9740
9744
9748
9752
9756
9760
9764
9768
9772
9776
9780
9784
9788
9792
9796
9800
9804
9808
9812
9816
9820
9824
9828
9832
9836
9840
9844
9848
9852
9856
9860
9864
9868
9872
9876
9880
9884
9888
9892
9896
9900
9904
9908
9912
9916
9920
9924
9928
9932
9936
9940
9944
9948
9952
9956
9960
9964
9968
9972
9976
9980
9984
9988
9992
9996
10000
10004
10008
10012
10016
10020
10024
10028
10032
10036
10040
10044
10048
10052
10056
10060
10064
10068
10072
10076
10080
10084
10088
10092
10096
10100
10104
10108
10112
10116
10120
10124
10128
10132
10136
10140
10144
</DataArray>
<DataArray type="UInt8" Name="types" format="ascii">
9
9
9
9
9
9
9
9
9
9
9
9
9
9
9
9
9
9
9
9
9
9
9
9
9
9
9
9
9
9
9
9
9
9
9
9
9
9
9
9
9
9
9
9
9
9
9
9
9
9
9
9
9
9
9
9
9
9
9
9
9
9
9
9
9
9
9
9
9
9
9
9
9
9
9
9
9
9
9
9
9
9
9
9
9
9
9
9
9
9
9
9
9
9
9
9
9
9
9
9
9
9
9
9
9
9
9
9
9
9
9
9
9
9
9
9
9
9
9
9
9
9
9
9
9
9
9
9
9
9
9
9
9
9
9
9
9
9
9
9
9
9
9
9
9
9
9
9
9
9
9
9
9
9
9
9
9
9
9
9
9
9
9
9
9
9
9
9
9
9
9
9
9
9
9
9
9
9
9
9
9
9
9
9
9
9
9
9
9
9
9
9
9
9
9
9
9
9
9
9
9
9
9
9
9
9
9
9
9
9
9
9
9
9
9
9
9
9
9
9
9
9
9
9
9
9
9
9
9
9
9
9
9
9
9
9
9
9
9
9
9
9
9
9
9
9
9
9
9
9
9
9
9
9
9
9
9
9
9
9
9
9
9
9
9
9
9
9
9
9
9
9
9
9
9
9
9
9
9
9
9
9
9
9
9
9
9
9
9
9
9
9
9
9
9
9
9
9
9
9
9
9
9
9
9
9
9
9
9
9
9
9
9
9
9
9
9
9
9
9
9
9
9
9
9
9
9
9
9
9
9
9
9
9
9
9
9
9
9
9
9
9
9
9
9
9
9
9
9
9
9
9
9
9
9
9
9
9
9
9
9
9
9
9
9
9
9
9
9
9
9
9
9
9
9
9
9
9
9
9
9
9
9
9
9
9
9
9
9
9
9
9
9
9
9
9
9
9
9
9
9
9
9
9
9
9
9
9
9
9
9
9
9
9
9
9
9
9
9
9
9
9
9
9
9
9
9
9
9
9
9
9
9
9
9
9
9
9
9
9
9
9
9
9
9
9
9
9
9
9
9
9
9
9
9
9
9
9
9
9
9
9
9
9
9
9
9
9
9
9
9
9
9
9
9
9
9
9
9
9
9
9
9
9
9
9
9
9
9
9
9
9
9
9
9
9
9
9
9
9
9
9
9
9
9
9
9
9
9
9
9
9
9
9
9
9
9
9
9
9
9
9
9
9
9
9
9
9
9
9
9
9
9
9
9
9
9
9
9
9
9
9
9
9
9
9
9
9
9
9
9
9
9
9
9
9
9
9
9
9
9
9
9
9
9
9
9
9
9
9
9
9
9
9
9
9
9
9
9
9
9
9
9
9
9
9
9
9
9
9
9
9
9
9
9
9
9
9
9
9
9
9
9
9
9
9
9
9
9
9
9
9
9
9
9
9
9
9
9
9
9
9
9
9
9
9
9
9
9
9
9
9
9
9
9
9
9
9
9
9
9
9
9
9
9
9
9
9
9
9
9
9
9
9
9
9
9
9
9
9
9
9
9
9
9
9
9
9
9
9
9
9
9
9
9
9
9
9
9
9
9
9
9
9
9
9
9
9
9
9
9
9
9
9
9
9
9
9
9
9
9
9
9
9
9
9
9
9
9
9
9
9
9
9
9
9
9
9
9
9
9
9
9
9
9
9
9
9
9
9
9
9
9
9
9
9
9
9
9
9
9
9
9
9
9
9
9
9
9
9
9
9
9
9
9
9
9
9
9
9
9
9
9
9
9
9
9
9
9
9
9
9
9
9
9
9
9
9
9
9
9
9
9
9
9
9
9
9
9
9
9
9
9
9
9
9
9
9
9
9
9
9
9
9
9
9
9
9
9
9
9
9
9
9
9
9
9
9
9
9
9
9
9
9
9
9
9
9
9
9
9
9
9
9
9
9
9
9
9
9
9
9
9
9
9
9
9
9
9
9
9
9
9
9
9
9
9
9
9
9
9
9
9
9
9
9
9
9
9
9
9
9
9
9
9
9
9
9
9
9
9
9
9
9
9
9
9
9
9
9
9
9
9
9
9
9
9
9
9
9
9
9
9
9
9
9
9
9
9
9
9
9
9
9
9
9
9
9
9
9
9
9
9
9
9
9
9
9
9
9
9
9
9
9
9
9
9
9
9
9
9
9
9
9
9
9
9
9
9
9
9
9
9
9
9
9
9
9
9
9
9
9
9
9
9
9
9
9
9
9
9
9
9
9
9
9
9
9
9
9
9
9
9
9
9
9
9
9
9
9
9
9
9
9
9
9
9
9
9
9
9
9
9
9
9
9
9
9
9
9
9
9
9
9
9
9
9
9
9
9
9
9
9
9
9
9
9
9
9
9
9
9
9
9
9
9
9
9
9
9
9
9
9
9
9
9
9
9
9
9
9
9
9
9
9
9
9
9
9
9
9
9
9
9
9
9
9
9
9
9
9
9
9
9
9
9
9
9
9
9
9
9
9
9
9
9
9
9
9
9
9
9
9
9
9
9
9
9
9
9
9
9
9
9
9
9
9
9
9
9
9
9
9
9
9
9
9
9
9
9
9
9
9
9
9
9
9
9
9
9
9
9
9
9
9
9
9
9
9
9
9
9
9
9
9
9
9
9
9
9
9
9
9
9
9
9
9
9
9
9
9
9
9
9
9
9
9
9
9
9
9
9
9
9
9
9
9
9
9
9
9
9
9
9
9
9
9
9
9
9
9
9
9
9
9
9
9
9
9
9
9
9
9
9
9
9
9
9
9
9
9
9
9
9
9
9
9
9
9
9
9
9
9
9
9
9
9
9
9
9
9
9
9
9
9
9
9
9
9
9
9
9
9
9
9
9
9
9
9
9
9
9
9
9
9
9
9
9
9
9
9
9
9
9
9
9
9
9
9
9
9
9
9
9
9
9
9
9
9
9
9
9
9
9
9
9
9
9
9
9
9
9
9
9
9
9
9
9
9
9
9
9
9
9
9
9
9
9
9
9
9
9
9
9
9
9
9
9
9
9
9
9
9
9
9
9
9
9
9
9
9
9
9
9
9
9
9
9
9
9
9
9
9
9
9
9
9
9
9
9
9
9
9
9
9
9
9
9
9
9
9
9
9
9
9
9
9
9
9
9
9
9
9
9
9
9
9
9
9
9
9
9
9
9
9
9
9
9
9
9
9
9
9
9
9
9
9
9
9
9
9
9
9
9
9
9
9
9
9
9
9
9
9
9
9
9
9
9
9
9
9
9
9
9
9
9
9
9
9
9
9
9
9
9
9
9
9
9
9
9
9
9
9
9
9
9
9
9
9
9
9
9
9
9
9
9
9
9
9
9
9
9
9
9
9
9
9
9
9
9
9
9
9
9
9
9
9
9
9
9
9
9
9
9
9
9
9
9
9
9
9
9
9
9
9
9
9
9
9
9
9
9
9
9
9
9
9
9
9
9
9
9
9
9
9
9
9
9
9
9
9
9
9
9
9
9
9
9
9
9
9
9
9
9
9
9
9
9
9
9
9
9
9
9
9
9
9
9
9
9
9
9
9
9
9
9
9
9
9
9
9
9
9
9
9
9
9
9
9
9
9
9
9
9
9
9
9
9
9
9
9
9
9
9
9
9
9
9
9
9
9
9
9
9
9
9
9
9
9
9
9
9
9
9
9
9
9
9
9
9
9
9
9
9
9
9
9
9
9
9
9
9
9
9
9
9
9
9
9
9
9
9
9
9
9
9
9
9
9
9
9
9
9
9
9
9
9
9
9
9
9
9
9
9
9
9
9
9
9
9
9
9
9
9
9
9
9
9
9
9
9
9
9
9
9
9
9
9
9
9
9
9
9
9
9
9
9
9
9
9
9
9
9
9
9
9
9
9
9
9
9
9
9
9
9
9
9
9
9
9
9
9
9
9
9
9
9
9
9
9
9
9
9
9
9
9
9
9
9
9
9
9
9
9
9
9
9
9
9
9
9
9
9
9
9
9
9
9
9
9
9
9
9
9
9
9
9
9
9
9
9
9
9
9
9
9
9
9
9
9
9
9
9
9
9
9
9
9
9
9
9
9
9
9
9
9
9
9
9
9
9
9
9
9
9
9
9
9
9
9
9
9
9
9
9
9
9
9
9
9
9
9
9
9
9
9
9
9
9
9
9
9
9
9
9
9
9
9
9
9
9
9
9
9
9
9
9
9
9
9
9
9
9
9
9
9
9
9
9
9
9
9
9
9
9
9
9
9
9
9
9
9
9
9
9
9
9
9
9
9
9
9
9
9
9
9
9
9
9
9
9
9
9
9
9
9
9
9
9
9
9
9
9
9
9
9
9
9
9
9
9
9
9
9
9
9
9
9
9
9
9
9
9
9
9
9
9
9
9
9
9
9
9
9
9
9
9
9
9
9
9
9
9
9
9
9
9
9
9
9
9
9
9
9
9
9
9
9
9
9
9
9
9
9
9
9
9
9
9
9
9
9
9
5
5
5
5
5
5
5
5
5
5
5
5
5
5
5
5
5
5
5
5
5
5
5
5
5
5
5
5
5
5
5
5
5
5
5
5
5
5
5
5
5
5
5
5
5
5
5
5
5
5
5
5
5
5
5
5
5
5
5
5
5
5
5
5
5
5
5
5
5
5
5
5
5
5
5
5
9
9
9
9
9
9
9
9
9
9
9
9
9
9
9
9
9
9
9
9
9
9
9
9
9
9
9
9
9
9
9
9
9
9
9
9
9
9
9
9
9
9
9
9
9
9
9
9
9
9
9
9
9
9
9
9
9
9
9
9
9
9
9
9
9
9
9
9
9
9
9
9
9
9
9
9
9
9
9
9
9
9
9
9
9
9
9
9
9
9
9
9
9
9
9
9
9
9
9
9
9
9
9
9
9
9
9
9
9
9
9
9
9
9
9
9
9
9
9
9
9
9
9
9
9
9
9
9
9
9
9
9
9
9
9
9
9
9
9
9
9
9
9
9
9
9
9
9
9
9
9
9
9
9
9
9
9
9
9
9
9
9
9
9
9
9
9
9
9
9
9
9
9
9
9
9
9
9
9
9
9
9
9
9
9
9
9
9
9
9
9
9
9
9
9
9
9
9
9
9
9
9
9
9
9
9
9
9
9
9
9
9
9
9
9
9
9
9
9
9
9
9
9
9
9
9
9
9
9
9
9
9
9
9
9
9
9
9
9
9
9
9
9
9
9
9
9
9
9
9
9
9
9
9
9
9
9
9
9
9
9
9
9
9
9
9
9
9
9
9
9
9
9
9
9
9
9
9
9
9
9
9
9
9
9
9
9
9
9
9
9
9
9
9
9
9
9
9
9
9
9
9
9
9
9
9
9
9
9
9
9
9
9
9
9
9
9
9
9
9
9
9
9
9
9
9
9
9
9
9
9
9
9
9
9
9
9
9
9
9
9
9
9
9
9
9
9
9
9
9
9
9
9
9
9
9
9
9
9
9
9
9
9
9
9
9
9
9
9
9
9
9
9
9
9
9
9
9
9
9
9
9
9
9
9
9
9
9
9
9
9
9
9
9
9
9
9
9
9
9
9
9
9
9
9
9
9
9
9
9
9
9
9
9
9
9
9
9
9
9
9
9
9
9
9
9
9
9
9
9
9
9
9
9
9
9
9
9
9
9
9
9
9
9
9
9
9
9
9
9
9
9
9
9
9
9
9
9
9
9
9
9
9
9
9
9
9
9
9
9
9
9
9
9
9
9
9
9
9
9
9
9
9
9
9
9
9
9
9
9
9
9
9
9
9
9
9
9
9
9
9
9
9
9
9
9
9
9
9
9
9
9
9
9
9
9
</DataArray>
</Cells>
<CellData>
<DataArray type="Float64" Name="density" format="ascii">
46.76216277
48.54014414
48.22938423
44.35733993
43.35422201
45.90244412
43.20812633
46.45130723
47.35447777
47.29749764
46.93856925
48.56298943
46.7432772
43.7774544
43.66574927
46.06256967
46.7947561
49.99999999
44.03167837
43.7165857
43.96401078
47.60753375
45.15202466
42.52612295
45.32414434
44.88831207
45.10053164
45.32736946
48.72804952
49.91771178
48.90622244
50
47.56517455
49.48870097
46.51880421
50
50
48.36737919
45.14904404
47.33808329
48.90025799
47.22514851
48.34435562
45.96822616
45.17757902
46.27858528
45.02573221
49.32607376
49.80984995
47.94017946
45.71752535
48.23454987
46.65706523
47.26054492
45.153206
43.88865824
46.91802527
44.03982503
49.99999996
46.12753299
50
45.12603797
44.14283559
46.89614689
48.72471937
48.10265073
45.20024315
45.43250439
44.47497745
45.59534432
47.67730237
41.66457381
45.96926685
43.10662988
49.44671994
47.94654077
49.94455635
45.25856534
44.65656493
45.05166386
47.62036219
50
46.92418063
49.38428408
48.44188662
47.08591022
45.52268376
45.38903841
49.48577819
49.78353558
48.09690789
49.84619482
49.40086469
48.25215745
44.39595398
43.53739252
47.52039914
45.70212911
47.09377444
47.47805471
38.3579547
46.97525887
37.57256913
44.97007181
40.98966486
48.08303851
42.09898746
48.86097472
46.3767362
46.0624982
46.17137416
47.90787551
44.13344356
44.79269545
44.9797973
44.32277222
45.94511847
47.56844848
49.81303772
50
48.01105672
46.82991204
49.31097877
49.99999996
49.5756644
49.99999987
45.69874181
46.96496653
49.10164979
46.3935728
49.46060018
48.07693953
48.82431749
43.95150252
43.92689908
43.41755713
44.63402011
47.38656185
44.67873528
44.57756084
46.69637967
48.93814568
43.19149681
42.95573613
44.26199535
47.80802924
49.12267531
47.73657908
49.78905717
49.61861653
49.86436966
48.23905631
46.77756788
49.00327167
47.05705788
45.35773439
45.29427513
49.70225407
44.576096
45.39787325
49.10619941
48.25488151
47.23158006
49.73062379
43.4616827
45.89641604
48.78943324
47.72096315
43.77013818
44.06942637
45.09184114
47.2270702
41.9406887
45.9388287
45.31335026
46.98311797
47.57554313
45.4007378
48.99355925
49.94688873
43.37460673
46.70799682
45.90277474
45.50791225
48.69962821
43.60524602
47.48424618
43.80488473
45.94082983
46.16836909
49.41768616
49.40191927
48.06471261
49.2001584
49.69835482
47.91541718
49.15898666
45.75879143
48.04596162
48.1006121
47.46705144
45.91135716
43.70471733
44.8463979
43.5535035
47.00163596
46.01382213
46.69710298
48.27873398
46.77229216
45.7330712
43.90233662
45.40712986
45.33393729
45.46481167
46.45508886
48.15421687
43.16940839
49.73991527
43.37880726
44.07401347
49.44806273
49.99999999
46.45594882
46.6001402
48.12545647
48.23059171
44.69626734
45.87539828
44.80488304
44.56802939
49.99999994
47.17714248
50
46.28642732
47.65987638
48.27362858
49.38966378
47.70772879
46.627759
44.90318159
46.2417614
44.95505229
42.68046002
48.07690021
46.82312786
38.56508945
40.51583341
41.33560183
49.9999999
48.42831646
50
43.33926909
43.43370167
45.57357617
45.11319888
44.40183448
48.07123547
50
49.99999999
46.54778392
46.13407245
49.27557431
47.4141071
47.01193938
47.78661295
43.133783
42.29773174
45.11376894
46.69811959
45.3926881
49.99999994
47.54077933
47.36568317
48.30507127
48.70285635
49.99999999
48.27981051
46.81561438
45.1262211
44.16251409
46.7454976
50
41.97202309
44.42865779
45.31147435
46.57369396
37.20078273
49.99999999
43.75296078
43.24451163
48.8249902
48.05323577
39.43653748
46.46218599
47.15531805
46.9072993
49.25324902
49.99999992
47.01605104
45.41246591
46.34395976
42.03842982
45.5254352
47.07093434
49.14992634
47.69860477
46.90780695
46.30615035
49.91326218
45.91719056
46.40165264
49.07822611
45.09188657
46.981542
47.65660734
48.96332684
44.75347134
48.62281456
44.44469657
46.34181204
46.72578045
47.9204605
48.48701008
44.42324121
43.6098004
45.96204259
43.71715261
44.52246424
48.21981718
47.94497826
45.76509537
43.76696274
46.4353717
44.28786292
44.81502259
47.89427902
45.54492269
45.51586541
45.65828426
49.46466001
49.97937146
45.91987196
46.41571089
47.71777931
47.19607087
47.20822587
48.55322549
49.0868144
45.37347402
44.1336838
46.08346343
47.88478424
47.07274468
47.00544529
48.90666401
47.36609699
44.85063887
47.99695527
43.81147132
44.71714229
42.40502583
46.8850458
40.31825024
49.89139193
49.73374392
45.79670011
47.43268008
48.04697748
45.51498682
45.04595247
47.64985207
45.49496986
46.26559498
46.2647871
46.20534326
49.8472034
47.03512643
48.36317289
47.58194991
46.66591578
49.99999989
46.96246709
47.3497574
46.72103052
42.85214484
42.6318847
48.43561502
45.55087636
47.23008325
49.86397735
48.00861707
41.58730781
48.75081833
48.23696575
44.19945768
44.34327505
45.50553651
49.01622853
48.11694444
47.88938541
50
47.08613526
45.5876932
49.59682612
47.72190601
43.19266907
45.79324954
49.49137771
46.40027665
46.60380581
48.09397321
44.26851994
45.40663897
46.2619268
47.94665759
47.31277452
47.85186839
46.75748851
49.72400158
49.82337001
47.95919568
47.77889646
48.35138619
45.21298008
45.9444485
46.3867235
46.6332978
42.92738941
45.07750684
49.62724739
46.39155986
40.36811491
40.35764274
41.12086147
47.60238343
49.7380855
46.77843487
43.36142448
49.99999991
38.94617038
44.61878605
44.221215
48.40411146
48.59731795
49.75324202
45.98823193
43.80223069
45.57296869
49.19599817
47.04110117
47.21676611
49.99999995
47.17913686
46.61370114
45.21264087
40.87069189
46.36124302
46.37582616
48.80604641
46.59382468
43.64821454
41.92369443
43.40673085
48.01981828
47.96858358
49.96761186
47.17567834
49.52334033
44.11418181
47.5607119
49.88140652
46.10026752
49.47869384
48.69458865
49.11724606
44.37008665
42.62026527
43.99717977
46.92304646
49.99999998
47.19790454
48.84492982
49.83848721
46.83548469
46.88107284
48.89620274
47.16237009
42.23544842
42.74726983
44.7279129
49.99999999
48.28799922
49.99999991
48.20090573
47.92643406
43.95428796
46.36745005
45.46942336
45.47121353
46.7949044
44.82589045
47.35663601
45.57425109
46.34745395
45.12571959
45.82416945
46.7572608
44.97956474
49.99999993
47.16126264
44.94759561
44.42092866
42.30277994
44.93446289
45.4562951
38.56327515
49.66939906
47.50993909
46.58446048
47.34975977
47.89683254
45.39247359
43.91946084
49.49885238
45.22817373
46.09371733
46.16434098
43.38155601
42.06012074
44.62635951
43.69792401
43.66441617
44.18429951
46.25658437
49.36078758
48.34210317
49.46221652
49.3294451
45.98791683
47.82767859
47.07504767
47.94762385
49.04113301
46.52458452
43.55974254
49.99999998
46.01903329
45.89135005
47.11080503
46.94746852
46.57081729
48.83055615
46.5170662
47.50078961
47.2304732
47.30959416
47.23353713
42.83975575
43.27116561
42.60775114
49.16819024
46.94331152
47.27793513
48.01541167
40.91587535
45.22982581
48.19586771
49.12515421
45.5354475
45.10973358
48.70750872
48.74868896
46.55371908
49.99999989
48.37754648
49.89162613
48.51166123
41.21313753
46.54558391
44.01975973
49.81908484
47.07035563
49.99999998
47.60851211
44.50428767
46.86385897
49.99999999
46.85832973
47.91524922
48.08640197
47.98003488
49.99999967
47.23791522
45.33319331
44.01072434
47.45377152
47.05983448
46.39691578
48.0267205
47.65997526
49.66814541
49.75965076
47.81387465
47.48448664
47.23509898
46.78862887
45.66595754
46.76030848
46.99874463
46.42703981
43.83613663
46.01999663
49.095198
46.10370735
42.99906766
40.89165522
41.34262845
46.63731783
49.08135366
43.93590425
42.91849846
49.14788894
49.55871617
45.75935933
43.64601812
45.626972
49.81400593
47.99510204
48.23695736
46.03268924
46.82006411
43.94265904
46.31292886
49.99999996
40.05121352
46.37822623
42.55183564
44.119549
48.84604298
49.99999999
47.87131666
48.38368181
49.67906898
47.53023049
47.58708274
48.34734073
46.4824319
42.38879108
42.73038892
44.81350078
46.01577619
46.3728567
45.52149978
44.47993458
44.60526054
44.93094726
47.04496149
49.99999998
49.06062598
49.80242026
49.99999993
48.16485259
48.90054927
45.89238796
44.28795015
46.09967942
33.69769352
47.88078769
49.6867667
44.80520435
43.13624681
43.16976244
42.78621553
48.99663109
49.92531739
46.32279612
49.99999999
49.18586752
48.41656537
49.25043646
47.34986613
48.21739509
46.00448956
50
48.88096399
47.48711568
49.06186686
47.49784285
42.47405781
43.64022864
46.01675731
49.90042717
45.88299251
44.75142621
49.10513513
46.91499838
46.92248423
49.99999993
49.43672898
48.01237985
43.73849559
44.64071957
44.52600852
45.13261627
45.96068081
46.80672994
45.10828861
48.42646761
48.75637149
49.99999997
49.99999989
48.49581771
46.62754723
47.02441232
49.99999967
47.58189592
41.60047565
47.16082632
47.76844429
47.95532241
45.76639406
46.91316471
47.98853974
48.46858697
46.57666214
46.52078371
49.99999995
43.89954545
43.50003821
43.7978394
45.53882801
49.99999991
49.99999998
45.78617196
49.77724762
45.46930701
49.19712851
47.53769891
45.3743881
43.74430413
46.77787298
44.05411573
48.57904308
46.82940679
47.94094796
48.29674994
49.99999994
39.14579431
45.19943063
49.33484876
40.38014154
44.68375947
43.08341372
49.66151572
47.38876398
50
47.87400097
42.01519663
46.56053111
49.81407376
46.56707308
46.95408734
44.52566822
48.00662344
49.31614449
45.36948882
49.99999993
42.33690558
49.19436312
40.04190451
47.51808496
47.31129768
46.05011682
46.99006057
43.56841505
43.73104729
49.0850133
45.72017452
45.59818267
44.36589333
46.38849098
46.38409814
49.30996665
48.68814176
48.70750228
47.11643
48.68284823
48.96332271
46.46055535
43.73922947
45.21554606
44.4217111
50
48.16494335
47.28021549
47.29131742
45.28378674
45.33080741
44.68734058
48.75880212
45.60742249
48.20409853
42.15824167
48.20662706
40.92241564
49.86436553
49.72895649
50
49.52011692
46.361752
45.21817874
49.92805081
49.63966825
45.54914404
47.816644
48.28012902
49.58213507
49.71748117
48.33228656
48.7168656
47.05836003
46.19076247
46.3516425
45.94699662
47.69915256
47.70173982
47.15944081
46.12072284
44.80493664
46.64130683
47.73111697
45.77244767
44.98431294
42.05899732
41.72822812
45.5646133
47.48229884
46.42662127
44.26769933
43.28983702
49.63430045
49.10211804
45.71148848
44.55215984
49.99999995
48.8458636
49.09251673
49.99999989
44.93168676
48.24550718
48.04579249
46.99066031
46.14524072
30.72446938
48.91082636
50
43.27389682
42.87633874
45.01512029
42.45255207
49.57282456
49.99999999
45.03349253
49.99999997
49.47237648
49.50012082
48.78393532
39.24805474
48.232589
48.91869349
44.84106387
49.99999986
48.8987407
48.71676174
47.93148154
43.46312208
46.39403397
48.41330443
46.69029828
47.43465774
47.20490824
45.41454065
45.8243048
46.82989418
44.26316822
46.58887528
49.99999999
48.61052497
48.01497894
49.05053194
47.96615701
48.05297796
47.42736968
45.71227289
42.44708042
42.5836373
44.35089071
45.89870762
46.43865624
45.68797421
44.83755785
44.63877994
45.32896793
46.74645541
48.20745375
46.96299581
46.62111479
47.02596577
43.55072013
43.80011224
42.71162482
49.80802807
45.71905932
49.18485022
48.90578157
48.89967213
46.23602979
48.85607101
43.46941576
44.45714901
47.07851114
47.83626434
46.80154106
48.01716549
46.62208455
45.39216241
46.48155741
46.21299696
45.39186245
47.37445199
44.67585556
47.549623
45.76709337
49.51826647
43.7047106
46.71858773
45.20675661
44.62007168
47.07398985
48.25964212
48.88041611
49.50980134
48.34881209
45.85090688
44.76846872
44.53556347
45.59612182
48.03110547
48.10856103
46.23785071
44.52382646
44.26375796
45.27156755
43.39944064
43.6715308
42.50289529
41.72839144
43.38688234
44.17862586
43.80210435
42.11585089
42.9943878
44.40196593
47.09464473
49.95412513
46.78138054
47.64475164
47.78617732
47.88023356
45.78454418
43.89619248
42.23412244
42.04448152
42.95693053
44.20397991
45.94962667
44.16004126
43.59321739
43.25995362
45.08912332
48.68517616
45.96528873
45.85962198
46.6204436
49.80345582
48.3256278
49.99999995
49.99999998
49.69524362
46.02344502
45.59156333
46.74370956
49.06255766
46.59119235
44.98617139
39.72909603
49.7658676
49.99999993
49.18888067
44.56226132
47.03454597
45.43098835
43.99158159
46.5788489
47.09758801
45.6865168
43.40167714
42.91072799
42.67813848
40.7113072
44.76790574
48.52881902
45.2472627
45.68293879
46.36056915
47.19940107
48.61351818
47.07948629
46.97495682
47.06491473
46.74856367
45.40083909
46.68439439
48.20069138
43.73653599
43.53854945
45.20562769
46.41784197
45.84440074
46.19339499
42.92718319
43.48597562
48.87330585
49.99999998
48.19739169
45.46727269
47.49000407
48.29982889
49.22267027
44.92939823
50
48.23279198
45.71743922
46.18840104
49.99999997
49.42924688
49.77610159
49.23393126
44.22757647
48.56523682
49.2460976
46.56366179
29.69063153
49.71785259
49.99999994
42.03957183
42.92298249
47.05861033
42.40152071
49.92749629
50
44.47829828
49.51851353
49.99999996
48.63137574
37.37780463
49.33318758
49.47266406
44.37175367
49.99999987
49.81991725
49.81268552
48.41927093
48.91857245
49.9999999
43.05339845
41.81256439
44.65492572
43.51725384
44.61908028
46.39271462
48.77891379
46.86871596
42.26448547
45.82040462
43.10832956
44.57176413
47.74155004
41.44667094
48.7868011
49.07066021
48.53918849
47.10838419
43.56668383
48.49573735
45.18683419
46.16069843
47.03494785
45.07889933
42.2097463
43.13648567
48.7920986
46.89305423
48.47750521
50
48.72231073
47.35946521
50
49.32099856
49.99999992
46.76970163
48.48164684
49.88222668
49.99999996
49.99999994
41.27139358
49.73697426
44.52142477
46.06840838
44.35888633
47.64364889
48.36691199
45.51049396
43.68952822
46.19889787
45.08904634
41.53414146
41.33014455
43.23686485
46.67078593
44.61729003
43.74477636
44.06058099
48.84618179
47.33578041
46.21816861
45.95881802
46.39768444
44.44790813
42.84826876
42.4502698
47.53063115
46.72353949
43.58818915
43.15793621
46.7606908
40.75256967
41.58293421
45.65611754
50
49.99999993
49.41001248
50
49.05288926
44.15911932
47.74463285
48.19491704
46.22106309
48.55312751
42.98115297
48.5465071
49.15318013
48.29258238
49.99999995
50
48.53263159
49.45443531
49.99999989
49.99999995
49.99999995
49.99999997
46.4965722
44.04311992
48.4558373
50
43.23081943
45.52833578
47.79920044
48.60886947
49.38104975
49.99999999
49.94561121
39.28396446
49.99999998
44.43496063
49.99999979
47.45110998
46.09607392
46.72907647
49.9999999
49.74906272
49.99999999
48.00291753
44.05638372
49.60527066
48.46076023
49.99999994
47.69108407
31.84919906
49.99999988
41.11868408
49.06864208
43.03606371
49.99999999
49.99999983
50
49.57168506
49.99999978
36.7987046
49.90437067
44.80770726
49.99999976
49.96206689
49.99999984
48.67128902
47.53767438
49.99999998
43.90801319
44.39781136
46.41302125
48.09079463
49.27339123
48.52465651
44.90112141
43.58841472
43.43234094
45.6391847
48.04198181
47.57842806
45.31518334
43.28505436
42.7699335
43.03103027
40.85818318
44.80139789
42.46967059
41.81047464
41.15798929
41.41693128
40.35445874
40.96706462
41.87992584
42.50582242
45.08733342
49.6435935
48.67857258
45.86409321
46.81749751
47.52517141
47.75253737
44.838174
42.3199319
41.97606256
42.17935086
41.41011194
42.78166299
45.62038993
45.65542665
43.99490568
43.13216941
41.39126397
43.75705515
43.973218
47.36233411
49.99999992
38.82140944
49.60874967
49.99999994
49.99999999
49.99999997
49.15049249
49.95257621
47.38586564
48.25459636
45.79873837
47.65859533
49.9999999
41.65669685
44.38567284
43.90751733
49.5074791
45.28503227
48.62868186
47.73075579
49.99999995
40.43030723
47.5876114
49.99999994
39.09135926
46.40594955
37.9339976
48.38936807
48.68380504
45.01876136
48.73250099
46.52142322
47.84590879
48.19608558
46.27264973
46.96861552
46.61722621
43.7518441
41.54873718
39.7491547
45.11394776
49.41805911
43.06296432
45.11400725
45.38123764
49.99999989
45.98645624
49.9999994
48.96435197
48.36421448
47.76461807
47.0702693
42.21487052
46.4600615
44.65654062
42.07377744
45.81051497
47.40651817
43.17207069
46.44155616
46.84881621
46.21231116
47.36544974
40.21550147
44.1212666
42.57347355
45.94567514
48.09521911
48.70203192
45.02079726
46.43666163
43.71744927
46.21537201
43.95424721
42.13330767
44.60536229
46.07185807
48.32805151
41.99080926
49.36474072
49.75258984
48.72379043
49.99999984
49.99999985
43.11193509
49.62357415
49.99999974
49.99999998
45.57130955
47.25629423
49.20692817
49.33138379
49.58017293
49.3279126
48.60154722
47.27543483
46.62003825
48.46582983
49.08131017
48.40220667
47.45121774
46.49530245
45.89192737
45.28234804
45.67263002
47.40044768
46.41393112
46.07982203
44.81419482
44.72245953
45.06084486
44.95119377
45.9998692
46.19079724
47.39628327
49.63756662
49.84447328
48.19321234
49.99999982
40.97871687
49.99999987
49.99999999
49.81144043
49.99999999
46.84486593
47.1412181
45.18804941
48.45771001
41.58576062
44.08633434
43.48042234
43.64419184
37.60284469
47.28444869
48.70102931
43.87569447
44.43323145
49.99999923
49.8768765
48.6459586
48.86475908
48.78146719
46.22680752
45.5328537
45.62402497
46.49271401
47.62053648
48.36601827
47.62921895
47.83779756
45.70594991
46.8489779
49.99999999
49.99999996
48.28140622
49.48760099
46.59108874
47.49075842
49.99999946
45.76776915
49.99999971
47.18828603
47.07897685
49.40682351
47.71078724
49.99999972
49.88903224
49.9999998
47.292003
45.64847324
48.79036395
49.99999999
36.57334496
49.9999994
40.7315329
45.10284049
49.99999998
45.00902821
49.99999995
49.99999991
44.4448553
45.47216076
49.9999999
49.69989621
49.59415293
40.12531313
49.99999942
45.96556398
50
49.99999995
49.40604559
48.01717518
48.95481421
49.99999997
46.54041772
49.99999989
49.99999977
43.3701121
47.58912299
49.99999934
49.99999984
46.73978082
45.49072722
47.83879085
49.25158367
49.99999995
46.40313641
49.67915838
49.99999998
42.85122258
48.28909544
41.10884905
45.50307434
48.36631663
47.3189114
49.99999997
49.02055702
49.42803795
49.99999974
44.48032346
49.13692508
49.60745958
39.45361052
49.99999997
49.47712057
50
43.47298853
49.99999987
50
49.99999991
47.26844282
44.00013177
46.57544046
47.81194273
49.56077278
48.40859031
48.83278277
48.89779512
48.51849595
48.30208991
48.49667054
49.99999999
49.36206145
49.10979821
48.45403691
48.3620286
44.59039899
46.30041005
43.21269232
47.15600732
48.1979422
46.45570245
48.24325767
49.56568909
49.9999996
49.99999872
49.99999861
49.99999824
49.99999816
49.99999952
49.99999829
49.99999863
49.99999853
49.99999925
49.99999933
49.99999995
49.99999958
49.99999961
49.99999918
49.9999991
49.99999813
49.99999876
49.99999921
49.99999997
49.99999981
49.99999903
49.99999889
49.99999864
49.99999849
49.99999976
49.99999806
49.99999964
49.99999849
49.99999933
49.99999897
49.99999825
49.99999925
49.99999989
49.99999877
49.99999999
49.99999862
49.99999932
49.99999855
49.9999993
49.99999978
49.99999941
49.99999992
49.99999777
49.99999933
49.99999802
49.99999932
45.21900007
45.88872291
49.9999998
49.9999996
49.99999836
47.30971791
49.99999864
49.99999835
49.9999985
49.99999909
48.45046425
49.9999994
46.46967269
49.99999989
49.99999981
49.05727709
49.99999907
49.99999837
49.99999856
46.97703218
49.99999915
46.71743533
46.72080867
47.33089393
44.78281017
46.0528219
47.52332002
49.99999832
49.51679147
44.31706925
49.94970862
49.99999998
49.99999954
49.99999992
44.14697754
47.47063849
49.99999935
47.9722723
49.3296499
42.7773167
48.97342527
48.07350193
44.15471435
49.49399878
48.17881431
45.57873164
49.99999997
49.99999918
50
49.30095543
49.99999998
47.87262577
49.99999867
47.92600865
48.84547239
49.99999994
49.98843007
49.99999945
47.97408473
49.99999983
49.45311224
49.99999992
49.9999999
43.38677209
49.48872391
49.99999959
46.05880647
46.9757128
49.99999955
46.00379576
50
49.99999984
49.99999897
50
49.77198784
49.99999997
49.17010945
48.35429181
48.2558264
49.99999963
49.99999998
43.73646584
47.6853036
47.77082177
49.99999979
49.99999944
49.99999976
49.88719132
49.99999938
45.36236748
49.99999982
49.99999999
49.99999995
50
49.99999948
49.99999992
49.99999888
46.74915465
47.96566526
48.2414111
49.99999998
49.99999914
49.99999985
46.9705926
49.99999958
47.884776
45.72058615
49.81488967
49.99999998
49.99999994
45.06112704
49.11186181
45.84327026
49.99296066
45.5375687
50
48.00522002
48.054048
49.99999977
49.99999943
49.99999995
49.99999953
49.99999931
49.9999986
49.9999987
45.63076755
49.99999813
46.49277538
45.49945387
49.99999999
46.19927626
41.46085321
49.99999834
49.99999991
47.2151924
49.99999901
49.99999975
48.83514679
49.99999921
49.99999858
49.99999989
49.99999943
49.99999954
49.99999862
49.99999992
49.99999823
49.99999897
49.99999412
49.99999565
49.99999447
49.99999679
49.99999903
49.99999979
49.99999851
49.99999959
49.99999583
49.99999263
48.73514564
49.99999853
44.88267977
49.99999328
49.99999986
49.99999751
39.8777283
40.56260542
42.26560807
42.03404446
46.47088514
45.50879643
49.99999887
41.12160633
43.9390079
49.99999956
49.99999987
49.9999985
40.18043697
40.3630384
40.16765987
41.77649833
41.75983728
43.51361951
44.85654212
44.72368633
46.65766481
44.65922472
44.19037122
42.57404061
40.22516802
40.21160097
39.83313264
40.4133303
42.5278346
41.89997129
41.83947689
49.99999582
49.99999662
49.99999802
49.99999889
49.99999922
49.99999985
49.99999492
50
49.99999918
49.99999998
49.99999909
49.99999944
49.99999445
49.99999853
49.99999705
49.99999984
49.99999984
49.99999793
49.99999723
49.99999881
49.99999798
49.99999975
49.9999972
49.99999997
49.99999994
49.99999756
49.99999543
49.9999944
49.99999842
49.99999937
49.99999867
49.99999992
49.99999767
49.99999853
49.99999938
44.22354861
44.65528924
45.76436079
46.0398199
45.45473754
44.19490486
44.56451231
44.08112023
43.15182609
43.23321307
49.99999886
42.96958825
41.80368018
40.84891086
40.5545161
41.70594485
42.50085357
44.22586917
43.59846132
42.03793687
42.41511121
43.16372213
43.84587778
49.99999678
49.99999949
49.99999714
49.9999987
49.99999667
49.99999544
49.99999933
49.99999862
44.24290566
49.99999839
43.79612961
49.99999824
49.99999829
47.68526281
49.99999689
49.99999957
49.9999983
49.99999887
49.99999803
49.99999927
47.857207
49.99999748
49.99999909
43.18997654
43.535255
49.9999983
49.99999927
42.74455597
44.6943941
41.34848538
41.37418655
41.82067425
45.54973831
49.99999999
49.99999961
44.07699289
44.14240778
49.99999756
49.9999992
49.99999815
49.99999491
49.99999884
49.99999711
49.99999784
49.99999785
49.99999916
49.99999631
49.99999963
49.99999974
44.0628991
43.07708102
41.51281088
41.71569563
45.15262459
49.99999919
40.68662337
41.35832462
49.99999979
49.99999469
49.99999795
49.99999604
49.99999963
49.99999698
49.99999999
49.99999542
50
49.99999991
41.32928981
40.84831946
42.9779216
40.11993343
40.64177489
49.99999797
49.99999954
49.99999936
49.99999846
47.69036257
41.98730676
40.53377464
41.32901598
45.04943969
40.57950731
43.82260769
41.63167579
42.12058154
43.09286561
49.99999767
49.49017893
49.99999826
49.99999919
49.99999995
41.51623002
42.06656332
44.33456414
49.99999912
42.78002186
43.23161152
49.999995
49.99999474
49.99999649
49.99999875
43.61657796
41.51361545
41.03687634
40.25385019
40.47278631
41.18590994
49.99999999
40.75004218
49.99999553
49.99999945
41.32638491
49.99999802
42.49938461
44.01958612
49.89834384
44.43472268
49.68572547
46.51816967
48.83101794
48.53407223
43.85302093
38.60147708
49.99999864
48.80064581
50
48.66544064
46.06945803
49.99999996
46.13534529
40.62166485
43.67634245
41.31533435
41.29425767
49.99999508
42.99029163
49.99999898
49.99999679
43.60743915
49.99999787
49.99999977
47.96300473
44.85816579
49.99999874
49.99999921
1.067319721
0.7371894246
0.8548922393
0.8092164749
0.6019523232
0.6451701415
0.4344000938
0.6909057666
0.7042291539
0.9428144526
0.5116583306
0.5888047084
0.7909499242
0.6574577428
0.6025094442
0.7737972035
0.9289505634
0.9621080758
0.8633094418
0.6759376445
0.5954293062
0.7833757212
0.9047840725
0.4105542347
0.3009106362
0.5246836131
0.8536124165
0.8201772263
0.7852869222
0.8360884066
0.3478929065
0.8813030937
0.541044096
0.37548685
0.8069314577
0.6449809618
0.6252480945
0.512400719
0.3877954702
0.6486331744
0.3023103895
0.3697719707
0.8239725283
0.8291372771
0.3247510221
0.3899951365
0.5372077574
0.498885955
0.8440569712
0.3522129205
0.3295894339
0.538247737
0.6446239007
0.7449598986
0.725500342
0.7742436093
0.9431103068
0.3780907921
0.3887084481
0.6996356073
1.005852224
0.7685291759
0.6167808634
0.4027491091
0.4246852747
0.493093134
0.4608200304
0.4429109819
0.5865211953
0.3765313653
0.3899362556
0.6757701028
0.6471173653
0.6047046208
0.4952259442
0.684940201
1.035990941
0.8767170565
0.8627467368
1.097724802
1.072942698
0.9663925887
0.9296283748
0.9990993633
0.9221187845
0.9676975679
0.7236981541
0.9377716501
0.7790011258
0.6261552719
0.5322279005
0.8032406387
0.8014970348
1.022757881
0.6633023879
0.6507305397
0.6264089001
0.8945403976
0.4642185919
0.5490443298
0.5729942639
0.5897832976
0.6333731048
0.6230325356
0.595236884
0.5682242471
0.6721226718
0.7797606809
0.7367480544
0.7164306293
0.7590137976
0.6982744992
0.670762044
0.6472689639
0.8175018733
0.9583846581
0.8602553892
0.9261549551
0.8445527763
0.7166105567
0.760138437
0.5971422338
0.6275584428
0.4628536785
0.6022155475
0.8909352125
0.693087875
0.5492305926
0.5566589089
0.5701796064
0.5933207632
0.8615401231
0.7470835588
0.8041602375
0.7971677115
0.7425916766
0.6437528352
0.5411391167
0.4632310957
0.4315065098
0.4661778274
0.5616408556
0.6601636297
0.7701541994
0.8250537238
0.8188189938
0.7921909097
0.7585341337
0.7047114168
0.6329253639
0.8417224247
0.5477785465
0.4762971333
0.6397986472
0.6729173065
0.7017336057
0.7168471237
0.7582102146
0.9228445644
0.7019878028
0.8467806064
0.61384242
0.4428051069
0.3921373442
0.4678763056
0.5697770607
0.7202782547
0.5568484849
0.7146690266
0.6088461597
0.510854182
0.4535886902
0.4792381352
0.5295959705
0.5564479371
0.6919737291
0.5576901061
0.5783564752
0.5545905361
0.5357213154
0.8198131431
0.8080806884
0.7987268376
0.670893537
0.7319643835
0.807958056
0.7993035724
0.7541910955
0.7240841289
0.7140145264
0.7048489753
0.6007963005
0.550756866
0.3987826463
0.6398925458
0.6308800365
0.7370792081
0.7982894864
0.7896878044
0.7455889534
0.7135232835
0.6430346892
0.586082981
0.5250320877
0.4609667874
0.657241389
0.7114371005
0.8758618624
1.273058969
0.8121166743
0.7120262528
0.4563521935
0.3452664505
0.3403171206
0.3838617618
0.387827226
0.5408697784
0.5391678123
0.8539425022
0.5311443183
0.4642232518
0.4278112952
0.3868398119
0.405550158
0.4928037142
0.4923056354
0.4649572582
0.5364330907
0.5498885179
0.5625155201
0.512582562
0.5098097749
0.5396066631
0.6812802451
0.807593432
0.481697603
0.7881998305
0.7043075771
0.6205308202
0.4969394042
0.5565055666
0.6720778165
0.3566012933
0.5937923068
0.4739316463
0.4415621054
0.3345759699
0.4597453716
0.4613101422
0.4313704824
0.4430933847
0.9208216897
0.3860349474
0.435589129
0.7311681972
0.9731250423
0.8156005053
0.7958698657
0.7429212799
0.8432509108
0.5886379055
0.7210820508
0.3494396038
0.5040764216
0.7843360154
0.837232114
0.7529985184
0.3910927855
0.4422614709
0.566859165
0.5205294261
0.6556733656
0.6196686038
0.6020608849
0.6462325715
0.6414596491
0.6716422618
0.6498363427
0.5985335616
0.6253927148
0.6967635843
0.8513184945
1.281915175
1.600239856
0.7026759441
0.4394693472
0.380608682
0.3764477783
0.3940358557
0.4174850607
0.4153135907
0.4365522221
0.4077970911
0.3689743995
0.3516540368
0.3413909509
0.3627147585
0.3336815909
0.299468003
0.3207644583
0.2573491689
0.3999325827
0.3099421593
0.2782483681
0.3346971507
0.3761422793
0.3789750198
0.345970707
0.3666161923
0.3823034496
0.349935886
0.3497330578
0.3212928315
0.3644892382
0.403559182
0.4931522064
0.3488494982
0.5434952462
0.4932788293
0.4481858226
0.4286936833
0.4393367844
0.4170475325
0.4120443855
0.3773981724
0.3141730092
0.4007738168
0.5293138059
0.4320496189
0.4308056993
0.5018047773
0.4561444618
0.3754442623
0.5330428625
0.7882687175
0.5365476517
0.7742467623
0.887343406
0.8573410509
0.9210655607
0.8316025309
0.7671024418
0.7623609098
0.7560492814
0.9773841192
0.5510858062
1.555545333
0.5825375499
0.4191732821
0.3640231018
0.3874286496
0.4239089935
0.528927161
0.6244008374
0.6412813768
0.6772777177
0.6818581857
0.6959982182
0.6915719316
0.6360016628
0.6646224718
0.5677498769
0.5062622598
0.4929458282
0.4963321942
0.4668003771
0.4464045814
0.3873643182
0.7451600426
0.4600378706
0.3792043918
0.7126632509
1.13023619
0.7471253999
0.8073685037
0.8019242597
0.7148460591
0.5220124249
0.6058289428
0.543874723
0.8647961619
0.2570239733
0.6176415977
0.4298686209
0.3597902066
0.2912681547
0.5338878419
0.3877363112
0.2024592241
0.3512223249
0.6025950303
0.3563755348
0.4934532339
0.4077032163
0.5556355277
0.41151834
0.521982005
0.3754674942
0.4035949112
0.566564597
0.9909741825
1.341178232
0.6088451738
0.4867315948
0.4962121415
0.2978309763
0.3583629687
0.3721662833
0.3780309337
0.5441671065
0.4054133825
0.4504809705
0.3752814791
0.3903790436
0.4645260597
0.243346666
1.021995623
0.6699074439
0.8027962161
0.7971685306
0.8236451634
0.5489665649
1.165795942
0.6984484222
1.277501989
0.5810059091
0.9225926976
0.968160309
2.250227067
0.446732893
0.4446032562
0.2891196518
0.2238097964
0.6674468977
0.1939361159
0.3592061363
0.4783958277
0.3455451706
0.7049874376
0.3846363068
0.3965411499
0.6404665689
0.4358664255
0.4384304294
0.6230013885
0.3377943253
0.674632266
0.5148068227
0.3843704522
0.4815095004
0.3538328862
0.3528978672
0.2759056086
0.2323723691
0.3981112141
0.275085575
0.4418434568
0.2665274863
0.6234746983
0.6705265324
1.467988277
0.6781011254
0.503336488
0.325288684
0.4297649247
9.159808255
1.453283025
10.79313955
0.4853156317
9.481851953
0.5864436842
9.141933981
0.5863398616
0.5367849455
9.413937351
0.3658299558
8.923293644
9.605702827
0.29778852
8.939853889
9.477242051
10.477428
0.5835371487
10.46194729
0.4247255025
1.462989741
0.8197054464
9.021510323
9.502241309
10.49152607
9.120939095
0.4849711169
9.011227449
9.409305573
0.3845600828
8.79977752
8.996946598
0.5337546618
10.86974659
10.30313383
1.235326472
9.017967739
9.308254267
9.244373888
10.47905115
9.181562183
9.38391187
9.291112408
10.32065495
0.5796093236
9.072328364
9.328820124
8.760898611
9.472758077
10.45233272
8.682042108
9.462507298
10.54525793
9.323906378
9.680621171
9.795915356
8.97666284
9.495420703
8.950651616
10.153189
0.4625738492
11.94460366
9.281290642
8.947686844
10.15359459
8.769024595
9.182991578
9.25236843
10.39761913
9.100009417
9.633017579
8.863760391
9.224030959
8.925273857
9.499196213
10.54257916
8.73557903
9.565269937
10.45914895
9.056824493
9.484395819
8.973958387
9.718143147
8.97210278
0.9004284522
9.068142912
9.449927076
0.3339654409
10.12987987
0.4171154794
8.731791504
8.947345792
0.4562806956
9.742918428
10.32391946
0.7418782708
8.786586541
8.870455809
8.752450905
8.536524305
0.2727176747
9.393419954
8.702803681
10.7670081
10.46037077
9.31522242
8.87579801
10.03502415
9.409798659
9.288610493
0.551062987
8.776383005
8.689931438
8.651079035
0.4885199512
12.17205755
8.83463035
9.340485822
0.2461139701
8.574257713
10.48338984
0.2770862823
9.007868527
9.426737665
10.2944987
7.950627825
0.6177740376
</DataArray>
<DataArray type="Float64" Name="velocity" NumberOfComponents="3" format="ascii">
1.074661762 -24.04070449 0.0
0.518773809 -23.47031795 0.0
1.246358119 -20.76299528 0.0
1.318483518 -26.02494796 0.0
0.2803631455 -26.20214275 0.0
0.5424129882 -25.69429974 0.0
1.181705889 -25.47362387 0.0
1.422345914 -24.14342135 0.0
1.947417194 -23.40080257 0.0
1.991410252 -25.22747802 0.0
0.6640064238 -25.559773 0.0
0.9140744614 -22.25368822 0.0
0.7985399653 -23.45896792 0.0
1.606116879 -26.34151544 0.0
1.589595681 -25.80232538 0.0
1.59324755 -26.16922623 0.0
-0.4039286945 25.51129261 0.0
0.9485937732 24.51404211 0.0
1.846767144 24.53533659 0.0
0.9245032805 23.92274151 0.0
2.12038983 24.6202941 0.0
0.6073778378 22.88255996 0.0
1.442575244 25.32557307 0.0
1.301572808 26.07806535 0.0
1.993008886 25.53085553 0.0
1.813120298 25.30387891 0.0
1.982749144 25.54086865 0.0
1.740728243 25.28814646 0.0
1.117416575 25.30930599 0.0
1.368712043 25.54238265 0.0
1.320031034 25.79126761 0.0
1.333587484 25.5295047 0.0
0.9825000285 25.51354719 0.0
1.455717197 25.73671407 0.0
1.286161634 25.06266428 0.0
1.002387931 25.2058347 0.0
0.8714767314 25.2174351 0.0
1.62480979 24.76378529 0.0
2.015240326 25.1848093 0.0
1.744919414 25.59061537 0.0
1.897559199 25.74302501 0.0
1.522355732 25.59662782 0.0
1.71422664 25.94703698 0.0
1.101988685 25.63335359 0.0
1.251651443 25.20064912 0.0
1.183828698 25.63829136 0.0
1.198371349 25.18854981 0.0
1.33288409 -25.27670589 0.0
1.288145039 -25.11864107 0.0
1.318136432 -24.85051594 0.0
1.365202271 -25.30725726 0.0
1.297513144 -25.08630553 0.0
1.774190139 -25.20339065 0.0
0.9706098682 -25.45023705 0.0
0.6742956908 -26.04323793 0.0
0.86215416 -25.90515023 0.0
0.5708786026 -25.60818075 0.0
1.379526415 -25.2552771 0.0
0.966881265 25.19157696 0.0
0.7204837518 24.97449775 0.0
1.094592772 25.22664063 0.0
1.214318361 25.74782309 0.0
1.201418372 26.20192453 0.0
1.358235309 -24.16223326 0.0
1.215807962 -21.19014039 0.0
1.57143081 -23.58409241 0.0
1.683758939 -25.54804933 0.0
1.393078668 -26.23289994 0.0
1.518495613 -26.38700469 0.0
0.8661315141 -25.57751668 0.0
1.097188833 -21.36553101 0.0
1.913827731 -24.61699025 0.0
1.035467443 -25.22727489 0.0
0.9788511577 -25.30844544 0.0
1.343267344 -26.06081065 0.0
1.620307086 -25.98461925 0.0
1.361291119 -26.02396487 0.0
1.813603986 -25.90494928 0.0
2.102065345 -25.95852532 0.0
1.882820356 -25.99474346 0.0
1.605382349 -25.91817961 0.0
1.314015474 -25.7160941 0.0
1.393820224 25.62362548 0.0
1.799045038 25.88007022 0.0
1.880955826 25.70855192 0.0
1.576192122 26.03274231 0.0
2.077934186 25.05553325 0.0
1.854472847 25.14440274 0.0
1.488331439 24.6415448 0.0
0.7284938592 25.23400811 0.0
1.257904924 25.55165897 0.0
1.565712189 25.73501418 0.0
1.266923868 25.50229927 0.0
1.443988921 25.36371784 0.0
1.836556555 25.65485123 0.0
1.351643238 25.95752807 0.0
0.5811819372 22.61777419 0.0
1.176995607 25.32704899 0.0
0.6086841371 23.71791611 0.0
0.6706630647 23.09352311 0.0
0.6240054477 25.48742584 0.0
0.2886922242 25.42579784 0.0
0.7448719796 25.58646847 0.0
1.853812841 26.19221889 0.0
0.3627220496 26.02712432 0.0
1.992151638 25.74907798 0.0
1.406048315 26.50992274 0.0
1.409813575 25.80107144 0.0
0.6489316595 24.93224264 0.0
1.327536865 25.7010849 0.0
0.7929527809 25.01515311 0.0
1.563477317 25.75911811 0.0
1.195009511 25.79327677 0.0
1.561110532 26.0232778 0.0
2.268926128 25.95613965 0.0
1.971762565 26.07564578 0.0
1.968253183 25.92326957 0.0
1.599499499 25.93632986 0.0
1.401502222 25.53439224 0.0
1.421553417 25.59720388 0.0
1.420921652 24.96124217 0.0
1.211894965 25.2708939 0.0
1.791777888 25.09756777 0.0
0.8069192562 25.78976423 0.0
1.568817842 25.14003428 0.0
1.057873158 25.80896291 0.0
1.020407897 25.35442705 0.0
1.388037707 25.80155906 0.0
1.16214143 26.0817358 0.0
1.067986642 25.75937357 0.0
1.113824043 26.11985482 0.0
0.8965759252 24.98143186 0.0
0.9031448713 19.51420511 0.0
1.177304659 20.53520436 0.0
1.722311567 23.11945986 0.0
2.061597312 25.53315636 0.0
1.233566737 26.16299968 0.0
1.618510854 25.9045169 0.0
1.514469448 25.46935425 0.0
1.722516067 25.12022244 0.0
1.085299882 -24.00800075 0.0
0.3316895045 -23.59809448 0.0
0.7502169738 -26.40253177 0.0
0.3664038614 -26.24780953 0.0
1.218118977 -25.35099254 0.0
1.382950327 -21.41820659 0.0
1.374758913 -20.99725694 0.0
1.774597787 -23.90152855 0.0
1.328750768 -25.05470993 0.0
0.9973391507 -25.59295944 0.0
0.792003058 -25.62349327 0.0
0.8076691371 -25.25543436 0.0
1.66144522 -25.20477493 0.0
0.574368749 -25.2036694 0.0
1.806679393 -25.17051242 0.0
0.9200379392 -25.63074688 0.0
0.5737688043 -26.04427563 0.0
1.287621702 -20.78417618 0.0
1.509514296 -25.71801647 0.0
1.31022738 -26.23851796 0.0
1.06061524 -22.87494603 0.0
1.832312833 25.83651759 0.0
1.304590586 25.60004318 0.0
1.412063917 24.70518014 0.0
1.26602754 -25.28541597 0.0
1.298355091 -25.23165678 0.0
0.9278384792 -21.16016948 0.0
1.468991773 -20.54682731 0.0
1.039057951 -26.19462713 0.0
0.3352095541 -26.18638512 0.0
0.4391368166 -26.12994664 0.0
0.6406021585 -25.56057588 0.0
0.9390258434 -25.60974445 0.0
1.2187398 -24.23578478 0.0
1.046863157 -24.2876108 0.0
1.700828947 -24.05032793 0.0
2.003188167 -23.63994023 0.0
2.02972827 -25.52032055 0.0
1.917597311 -24.94070168 0.0
0.8683135651 -25.25781619 0.0
1.957091054 -25.80110122 0.0
1.230957358 -22.6711901 0.0
0.6532346176 -25.71023946 0.0
1.121783144 -23.50281346 0.0
0.9683236792 -22.14098707 0.0
1.522429339 -25.45091866 0.0
0.540457873 -23.5075399 0.0
1.614477981 -25.99119488 0.0
1.798674188 -26.13751969 0.0
1.406467772 -26.19325049 0.0
1.330031316 -25.34156178 0.0
1.323467631 -25.39339518 0.0
1.092434675 -24.92681482 0.0
1.332104264 -25.23133691 0.0
1.232318986 -25.14003452 0.0
1.42943224 -24.84203752 0.0
1.395104162 -25.17029591 0.0
1.408871559 -25.2774886 0.0
1.329051079 -24.97610201 0.0
1.288058948 -25.10767126 0.0
1.0756524 -25.32085933 0.0
1.083026086 -25.91681622 0.0
0.9899612426 -25.93076297 0.0
1.427704806 -25.12805607 0.0
1.283513377 -25.36886553 0.0
1.152288356 -24.15603138 0.0
1.188306347 -21.92210173 0.0
1.647288866 -24.17707489 0.0
1.236959209 -23.75790831 0.0
1.982770056 -25.12579444 0.0
1.514704281 -26.19885403 0.0
1.495953072 -26.4598143 0.0
1.50583546 -26.30852387 0.0
1.082998574 -25.50114638 0.0
1.374771337 -25.3286442 0.0
1.44972973 -22.73394735 0.0
1.351102514 -20.96890931 0.0
1.904488067 -24.36403851 0.0
0.6936731858 -22.91053715 0.0
0.774600966 -25.28503816 0.0
0.7806736826 -25.22804582 0.0
0.7679877755 -25.48219078 0.0
0.7689946426 -25.45388061 0.0
1.06838382 -25.37687549 0.0
0.9799932429 -25.33255547 0.0
1.27124763 -25.7763666 0.0
1.413525978 -25.94819488 0.0
2.080224576 -25.96159334 0.0
1.649796716 -25.85613985 0.0
2.109660021 -25.92768 0.0
1.941561755 -26.04696748 0.0
1.262515879 -25.74785219 0.0
1.726010013 -25.9564029 0.0
1.371506899 -25.67869997 0.0
1.225906883 25.07075466 0.0
0.9129558157 25.47387746 0.0
1.19573371 25.85205404 0.0
1.385480002 25.62190697 0.0
1.753548966 25.42653355 0.0
1.615152337 25.19195279 0.0
1.356167519 25.82103373 0.0
1.000955925 25.37487195 0.0
2.194790329 24.65036031 0.0
1.056322418 23.89054801 0.0
1.181073903 24.62180649 0.0
0.9614650585 25.3606709 0.0
0.889711719 25.53242337 0.0
0.1367544241 26.0262266 0.0
1.129884865 26.40991423 0.0
0.8747278742 25.13157676 0.0
1.021482522 25.82720487 0.0
1.238406706 25.21581616 0.0
1.247015982 25.85423505 0.0
1.552530507 26.12760747 0.0
2.319870791 25.89340436 0.0
1.986464548 25.99221515 0.0
2.128211767 26.02660791 0.0
1.575392833 25.87653241 0.0
1.409225385 25.60562696 0.0
1.216195413 25.78385285 0.0
1.218846264 25.80117504 0.0
1.163624931 25.36145514 0.0
1.015372856 26.14465377 0.0
0.8908902331 24.98149182 0.0
1.001233736 20.02788039 0.0
1.12087698 25.06086456 0.0
1.665541223 22.9877835 0.0
2.030317698 25.80645402 0.0
1.348145314 26.10345008 0.0
1.667299185 25.96619803 0.0
1.564003851 -25.2789514 0.0
0.7836541072 -25.46198195 0.0
0.9552030085 -25.76887697 0.0
0.9353476756 -25.21152855 0.0
1.323150594 -26.14933547 0.0
1.428265502 -25.76769168 0.0
1.35141946 -26.02203176 0.0
1.237355501 -25.93379955 0.0
1.499501897 -25.7745142 0.0
2.059770074 -25.92886395 0.0
1.986479667 -26.0857534 0.0
1.873031076 -25.99696011 0.0
1.455117546 -25.63816014 0.0
1.21873286 26.15819059 0.0
1.802477182 25.39003924 0.0
0.7744481034 23.84791967 0.0
-0.8531417194 25.5548542 0.0
0.711963182 25.60441822 0.0
0.7611301059 24.52849133 0.0
1.258408884 24.98905103 0.0
1.664083771 26.45288594 0.0
1.749709212 25.83570441 0.0
1.330928174 -22.76290598 0.0
1.3658752 -25.0772685 0.0
1.816158537 26.0424592 0.0
1.313150564 25.08078713 0.0
1.128269689 25.3148956 0.0
1.388674327 25.17428557 0.0
0.9178529065 25.81141325 0.0
1.676122241 25.99344569 0.0
2.325909776 25.905605 0.0
1.576097718 25.89182759 0.0
0.6514659862 25.95617254 0.0
1.959430221 25.52728495 0.0
0.8313355899 23.27966639 0.0
0.8561052278 25.26827549 0.0
1.105545166 25.54093785 0.0
1.358614292 25.04376791 0.0
1.189620566 25.05532363 0.0
1.114875123 25.20058066 0.0
1.660985473 25.15427821 0.0
1.810377785 24.94317544 0.0
1.917105689 25.70875548 0.0
1.151013656 25.14950312 0.0
1.065033528 -24.11770062 0.0
1.062344869 -24.20142378 0.0
0.4497100917 -23.49894256 0.0
1.506507137 -25.92400002 0.0
1.071505691 -20.94309308 0.0
1.611526829 25.10780388 0.0
1.375039707 -21.76132504 0.0
1.741741379 -23.27178059 0.0
1.021738867 -22.35859392 0.0
0.7314123339 -25.3956261 0.0
1.3713076 -22.04095846 0.0
1.56399788 -25.62208097 0.0
0.991669943 -23.43863061 0.0
1.626715182 -26.44694957 0.0
1.471664691 25.45140478 0.0
1.535742077 25.8278749 0.0
1.203792378 -24.88104205 0.0
2.018443169 -26.10127748 0.0
1.632665044 -26.5726682 0.0
0.9491437375 25.01680364 0.0
1.996296338 25.27662104 0.0
1.615521107 23.30466924 0.0
0.798841777 24.96157934 0.0
1.220664825 23.5770741 0.0
0.8947149919 25.34229879 0.0
0.7823604223 25.29206201 0.0
1.165489853 26.04484378 0.0
1.367366257 25.58994309 0.0
0.8112306475 -25.24070802 0.0
1.030772281 -25.36548381 0.0
1.089563371 -25.77595346 0.0
1.388207508 -25.07875463 0.0
1.520040112 -25.17648164 0.0
0.9915021205 -25.34016702 0.0
1.004597116 -25.31317332 0.0
0.8722752662 -25.99867641 0.0
0.7581660592 -25.87885525 0.0
0.5885034506 -25.67914904 0.0
0.653332476 -25.51602022 0.0
1.308753783 -25.36199772 0.0
1.015540472 -24.18319259 0.0
0.8438778345 -25.42533879 0.0
1.164493382 -21.58464257 0.0
1.569565284 25.51557237 0.0
0.6190427449 -23.43715128 0.0
0.6235935346 -25.9099696 0.0
0.5461440666 -25.81702458 0.0
1.059551722 -25.57164713 0.0
0.855088003 -21.65138821 0.0
1.659633775 -24.79710958 0.0
0.779325618 -25.44943322 0.0
0.8851582084 -25.6062485 0.0
1.329140797 -25.32656741 0.0
1.795311358 -26.05303576 0.0
1.512553038 -25.88145537 0.0
1.793660213 -25.95339518 0.0
1.9550601 -25.940351 0.0
1.744229609 -23.44740584 0.0
1.38669935 -24.99978866 0.0
1.664533663 -26.12239696 0.0
0.8600396052 -25.55446816 0.0
0.6291301959 23.82532394 0.0
0.8637878038 19.07046459 0.0
1.131575286 24.9923676 0.0
1.088285179 26.16017645 0.0
1.497341449 25.78691765 0.0
0.6625449543 25.15852638 0.0
0.7473265996 25.76038055 0.0
1.076210416 -23.94985039 0.0
1.66207386 -20.22807504 0.0
0.1635578702 -24.439954 0.0
0.5206910302 -26.66147253 0.0
0.5396373633 -26.295814 0.0
0.8470109188 -25.43636069 0.0
1.176283907 -25.20922417 0.0
2.004097818 -24.06624798 0.0
1.361822212 -20.53401146 0.0
1.321698648 -24.18871753 0.0
1.744204024 -26.02059596 0.0
1.050575246 -21.87263932 0.0
0.3072827578 -23.53252772 0.0
1.622286645 -26.14103109 0.0
1.614157629 -26.49740734 0.0
2.240606494 -26.08236212 0.0
1.323262154 -25.19062329 0.0
1.503320757 -24.7338172 0.0
1.496862632 -25.36598685 0.0
0.750027042 -25.64679654 0.0
1.347219181 -24.97190294 0.0
1.500230297 -25.28028597 0.0
0.4450409784 -25.1643666 0.0
1.602924038 -25.11912251 0.0
0.8904062145 -25.86006848 0.0
0.5407058283 -25.998395 0.0
1.087230305 -25.3831187 0.0
1.261407807 -25.02665106 0.0
1.944297875 -24.19939204 0.0
0.7863215146 -24.02022872 0.0
1.411246862 -25.81761927 0.0
1.253619652 -26.24666855 0.0
1.66016498 -25.11050089 0.0
1.533908168 -20.45847634 0.0
1.717366763 25.93280384 0.0
2.013522276 25.62138296 0.0
1.493719405 25.14533747 0.0
1.36736792 24.7709084 0.0
1.207098311 25.19204106 0.0
0.9269665177 25.43898825 0.0
1.127330871 25.87961876 0.0
1.405074882 25.72897603 0.0
1.976647981 25.29716662 0.0
1.884974412 25.47719097 0.0
1.337588668 25.67858361 0.0
1.024669233 23.42564776 0.0
1.161350492 23.80973622 0.0
1.092482236 24.38648286 0.0
0.7457896323 24.53579402 0.0
1.481025895 25.34137224 0.0
1.116461159 25.4185017 0.0
0.1543096761 25.98549154 0.0
0.8604376395 26.3018305 0.0
0.6168938088 25.90074098 0.0
1.309645561 25.19518131 0.0
1.155253659 25.00851434 0.0
1.394305037 25.80408065 0.0
0.293040429 -22.92509404 0.0
1.139343558 -25.32270386 0.0
1.526166823 -25.16713912 0.0
1.774022326 -25.42768427 0.0
1.866252213 25.20698958 0.0
1.547196705 24.88827188 0.0
1.532555816 25.48661889 0.0
1.993828307 26.0826958 0.0
1.921234086 26.15127606 0.0
2.078483847 25.91472964 0.0
1.504456446 25.6422951 0.0
1.447679531 25.67350933 0.0
0.5779658975 24.79782047 0.0
0.8868349631 25.04029809 0.0
2.123240143 25.7542787 0.0
1.969486759 26.00269117 0.0
1.279293106 25.71455808 0.0
0.5600291385 25.20503677 0.0
-0.9908032525 25.5927069 0.0
1.752325515 24.55684965 0.0
0.5070844743 23.57279464 0.0
0.614037235 22.52921043 0.0
2.221141238 25.48395535 0.0
1.178047023 26.17172999 0.0
1.620863117 25.80259785 0.0
1.333539271 25.0627177 0.0
1.192936905 25.59145832 0.0
1.599770759 25.73902031 0.0
1.147205093 24.9149636 0.0
0.6954098797 25.27804394 0.0
1.991773782 25.1595826 0.0
1.216527987 25.58895323 0.0
1.84112449 25.84655123 0.0
1.08914113 25.01336044 0.0
0.7717710181 25.46254956 0.0
1.037676099 -24.22460445 0.0
0.87547294 -21.30370282 0.0
0.9221259444 -24.41620021 0.0
1.542828183 26.16814824 0.0
1.899162114 26.0651325 0.0
1.730150313 25.87154382 0.0
1.399230097 25.61938759 0.0
1.071047964 25.33586714 0.0
1.193698099 25.19237812 0.0
1.321921243 25.7659138 0.0
1.327408053 25.34904832 0.0
0.897705349 25.66563145 0.0
0.9448121821 26.13526846 0.0
1.382177665 25.15147642 0.0
1.514106219 21.64584143 0.0
1.55724498 22.83629544 0.0
1.892705108 25.06803824 0.0
0.8786861855 -25.45079643 0.0
0.9230311559 -25.09351582 0.0
1.255416152 -26.0113713 0.0
1.119338864 -25.92683604 0.0
1.381039988 -25.66414287 0.0
2.013059154 -26.1011907 0.0
2.045984576 -26.03573413 0.0
0.7632785564 -25.80171808 0.0
0.6371516519 -25.71174618 0.0
1.733902866 -23.34553302 0.0
1.255002116 -22.14203829 0.0
0.9510142118 -25.35343692 0.0
1.542150196 26.05356731 0.0
1.716944372 25.9971596 0.0
1.628402698 25.56626007 0.0
0.8077017704 -21.93074709 0.0
1.855804725 -26.1235519 0.0
2.050086712 -25.93251682 0.0
1.591868047 -25.60067747 0.0
1.988061013 25.49559107 0.0
1.885631071 25.30542121 0.0
1.45721307 24.47965811 0.0
1.362843996 21.37081065 0.0
1.872758501 25.05588255 0.0
1.877389053 -25.93325458 0.0
1.306651308 25.51616379 0.0
0.7597216993 25.20677703 0.0
1.925612873 25.60869489 0.0
2.068124213 25.01781081 0.0
1.685125853 25.77753853 0.0
1.62318407 25.59291077 0.0
0.9674820152 -25.76442873 0.0
1.560092984 -26.26225546 0.0
1.11313647 -25.58359586 0.0
1.482719221 -25.82504764 0.0
1.439569734 -25.17382263 0.0
0.5716811491 -26.06756416 0.0
0.7719649443 -25.94835312 0.0
0.7940790184 -25.59989304 0.0
0.7203899049 -25.87168185 0.0
1.121449444 -25.94702936 0.0
1.492761853 -25.28945452 0.0
1.480343437 -26.20383009 0.0
1.246777292 -26.2017499 0.0
1.306483635 -25.42398694 0.0
1.007045282 -24.95201228 0.0
1.156539672 -25.13022546 0.0
1.215251422 -25.57642708 0.0
1.314306922 -25.33863751 0.0
1.290732442 -25.14603202 0.0
1.449438658 -25.27904415 0.0
1.41804448 -25.08893484 0.0
1.016533319 -25.32143803 0.0
1.238120284 -25.82183275 0.0
1.121703276 -25.33288386 0.0
1.357490785 -20.26622383 0.0
1.858532933 -25.3506889 0.0
1.62867407 -23.27003789 0.0
2.022890221 -24.92363048 0.0
1.798953919 -26.03376119 0.0
1.461989698 -26.19924456 0.0
0.7340414593 -25.51427131 0.0
1.053918758 -25.38067452 0.0
0.9560642589 -25.74475365 0.0
1.327522927 -26.22962497 0.0
1.403451348 25.03367164 0.0
1.775290483 -19.78459522 0.0
-0.07330708689 -25.08210243 0.0
0.4619365648 -26.70753525 0.0
0.7315306376 -26.32046076 0.0
1.165813363 -25.36440385 0.0
1.075177152 -25.04726688 0.0
2.260122885 -24.19674179 0.0
0.764074176 -24.45425405 0.0
1.538542383 -26.11600123 0.0
1.408737422 -25.75495413 0.0
1.155647488 -21.66755963 0.0
0.1746298968 -23.48445897 0.0
1.60112252 -26.32190532 0.0
2.416778225 -26.04940968 0.0
1.330326075 -25.15941657 0.0
1.528548919 -24.60365116 0.0
1.579582399 -25.60705204 0.0
0.9298650248 -25.65947401 0.0
1.088195887 -24.84466807 0.0
0.4308569529 -25.13106133 0.0
1.191443436 -25.07906493 0.0
0.894166593 -26.10646334 0.0
0.693281866 -25.90852258 0.0
1.254250474 -26.02713919 0.0
1.319528996 -25.32237901 0.0
1.118485012 -24.9802171 0.0
1.390744918 -19.45071953 0.0
0.2940256772 -24.33788787 0.0
1.387841436 -26.00181116 0.0
-0.01934800928 24.00482151 0.0
0.9028428971 18.41230277 0.0
1.450783727 25.03779785 0.0
0.9471057479 26.21531508 0.0
1.545137207 25.79143943 0.0
0.5489999666 24.97135308 0.0
0.8571997291 25.71408944 0.0
1.927444253 25.37618619 0.0
1.188396083 -26.2763221 0.0
1.382319577 -26.55170797 0.0
1.901620715 -24.88508561 0.0
1.72010373 -19.83060449 0.0
1.542277798 26.00255178 0.0
1.966997453 25.57543998 0.0
1.402314231 25.10941136 0.0
1.347780989 24.80772821 0.0
1.278164466 25.17723865 0.0
1.400025425 25.02214587 0.0
1.149773004 25.86140735 0.0
1.427742307 25.80982184 0.0
2.070834798 25.53321709 0.0
2.037546315 25.2490169 0.0
1.787552602 25.37274875 0.0
1.009563569 25.20614533 0.0
1.205015945 23.49881788 0.0
1.187068375 23.62935978 0.0
0.7767707362 24.22120625 0.0
0.8084706052 24.54500982 0.0
1.778488708 25.26328336 0.0
1.350265123 25.16277528 0.0
0.2721533038 25.91108683 0.0
0.6229975464 26.22034992 0.0
0.2325159389 25.99460642 0.0
1.267296885 25.2662537 0.0
1.607016046 25.62033168 0.0
1.552318415 26.09157213 0.0
1.633429176 24.78681712 0.0
1.692438782 25.44051538 0.0
2.195728836 26.1136837 0.0
1.899112053 26.16795436 0.0
1.743646766 25.94572995 0.0
1.400518191 25.57144493 0.0
1.578167948 25.66367475 0.0
0.548387296 24.67672444 0.0
2.210173894 25.85212707 0.0
1.519504561 25.6174933 0.0
0.6262826923 24.87718924 0.0
-0.6781082294 25.61426862 0.0
-0.1053629544 -22.9728569 0.0
1.038482454 -25.49790482 0.0
1.680339266 -24.94933122 0.0
1.938202494 -25.64074908 0.0
1.658406933 26.011781 0.0
1.668026174 25.79347957 0.0
1.372632798 25.63920556 0.0
1.049248948 25.27193047 0.0
0.9830625948 25.18629135 0.0
1.377937724 25.7294777 0.0
1.437001742 25.30418534 0.0
0.9202227513 25.56933088 0.0
0.9731342883 26.13964977 0.0
1.608159052 25.22206343 0.0
1.665626595 21.92932665 0.0
1.442772665 22.6744302 0.0
1.748265133 24.86401203 0.0
1.742613369 25.94005472 0.0
1.808361022 25.99980635 0.0
1.668016839 25.58521406 0.0
1.551853138 25.08826777 0.0
1.534456929 23.90696655 0.0
1.489280568 23.70530667 0.0
1.192335053 24.3594383 0.0
1.149420617 -25.41959094 0.0
0.9492376412 -24.97381363 0.0
1.597489495 -25.7742741 0.0
1.114159252 -25.9721896 0.0
1.084071596 -25.92921247 0.0
1.28440843 -25.54365416 0.0
1.639736659 -25.93701837 0.0
2.020631511 -26.07698719 0.0
2.218158734 -26.07045083 0.0
1.396043862 26.13927619 0.0
0.9503941956 24.50082587 0.0
0.6311646001 23.53235654 0.0
0.7752058205 22.42934021 0.0
2.587663754 25.54948253 0.0
1.103887098 26.0557735 0.0
1.403531882 25.88250729 0.0
0.9569079478 25.0241458 0.0
0.8767254616 25.1822728 0.0
1.105611297 25.74164672 0.0
1.56200528 25.73474258 0.0
1.508816234 25.57822093 0.0
1.165502774 24.76899911 0.0
0.8777729482 25.30722796 0.0
1.859794751 25.05238776 0.0
1.317421365 25.54532796 0.0
1.458736856 25.88829405 0.0
1.790542987 25.84113028 0.0
1.757828791 25.57535399 0.0
1.105024083 24.81295144 0.0
0.8663690685 25.509317 0.0
0.7330154157 -23.32815709 0.0
0.6816091391 -25.52184255 0.0
1.373682753 -22.45161325 0.0
1.363514853 -23.2211521 0.0
1.854522458 -24.73477302 0.0
1.432921073 -23.05854137 0.0
1.384963263 -26.11513023 0.0
1.301702944 -25.56933292 0.0
1.309874253 -25.74403177 0.0
0.9221743056 -24.1766532 0.0
1.803315618 -25.57412544 0.0
1.409302759 -24.85847687 0.0
1.073006488 -25.1598646 0.0
1.105151846 -22.69385083 0.0
1.41047311 -22.84961426 0.0
1.783560357 -24.13730831 0.0
0.8083100772 -25.17981722 0.0
0.6877002433 -25.26270851 0.0
1.357501062 -26.14657977 0.0
2.065816372 -25.94252668 0.0
1.457925963 -25.84398429 0.0
1.453306647 -25.80473678 0.0
1.21387862 -25.76703863 0.0
1.172434981 -25.77807707 0.0
0.9465241681 25.39544381 0.0
0.9578412568 25.30586442 0.0
1.30953221 24.96446287 0.0
1.079419209 24.92125288 0.0
1.959112673 25.93069449 0.0
2.151948422 25.47627716 0.0
1.949919517 -24.78493308 0.0
1.884521206 -25.93791801 0.0
1.464519369 -26.06521024 0.0
1.565122179 -23.89771652 0.0
0.8401720012 -25.01432771 0.0
1.034237828 -23.70242179 0.0
1.608904396 25.84201133 0.0
1.888444031 25.88805907 0.0
0.9604608311 25.69747088 0.0
1.325639359 -19.89067685 0.0
1.597919196 -25.51636492 0.0
0.8303724731 -24.4990665 0.0
1.334444173 -22.479276 0.0
0.9869140042 -23.1446974 0.0
1.032990539 -25.14438534 0.0
0.871568775 -25.24119424 0.0
1.60847275 -23.18042901 0.0
1.79564507 -24.71634551 0.0
1.226079088 -23.50245021 0.0
1.090067081 -25.1023141 0.0
1.296041579 -25.17699714 0.0
0.7118548552 -25.69462063 0.0
0.9291828945 -25.27455737 0.0
0.8794142523 -24.11171123 0.0
1.352277975 -22.32053222 0.0
0.9910421412 17.82955362 0.0
1.757987569 25.1591139 0.0
0.7768175656 26.16024665 0.0
1.546564067 25.83390307 0.0
1.16295563 25.63070237 0.0
3.496936203 -26.27534187 0.0
1.72574613 -25.91516223 0.0
1.211643725 -23.38131238 0.0
-0.2998826108 -25.64098044 0.0
0.5703798182 -26.57268441 0.0
0.9220687975 -26.44625558 0.0
1.5329631 -25.28408129 0.0
2.410773964 -24.38740436 0.0
1.242394583 -18.84647216 0.0
0.208281314 -24.71937804 0.0
1.422996273 -26.03766423 0.0
1.356908995 -21.47456086 0.0
0.1287491269 -23.51814792 0.0
1.437035656 -26.05990331 0.0
1.581101783 -26.13660963 0.0
2.493627889 -26.10605006 0.0
1.44839056 -25.24053864 0.0
1.53512408 -24.49270025 0.0
1.593451924 -25.87792539 0.0
1.276861027 -25.63943681 0.0
1.659926928 -25.81713692 0.0
0.6711320076 -25.00990908 0.0
0.9376997878 -26.30790858 0.0
0.9485858728 -25.76394148 0.0
0.8438648044 -23.14914424 0.0
1.435096757 -25.60665841 0.0
0.7117530101 -26.02820436 0.0
0.9632978576 -25.89939198 0.0
1.283250787 -22.57982897 0.0
1.651217885 -24.64279123 0.0
1.84069581 -23.26641321 0.0
1.308060115 -23.488752 0.0
1.451413525 -24.8818056 0.0
1.128868165 -26.17739296 0.0
1.057133757 -26.15139248 0.0
1.275575111 -25.45981714 0.0
0.9380130915 -24.9672781 0.0
1.031387339 -25.025428 0.0
1.52449551 -25.21665152 0.0
1.372213479 -24.99203025 0.0
1.033805866 -25.32414161 0.0
0.8522868287 -25.71957932 0.0
0.762138431 -25.22710705 0.0
1.489899483 -23.19466772 0.0
1.342482125 -26.05747253 0.0
1.598493481 -25.24895744 0.0
0.9347365214 -24.78386198 0.0
2.368904579 -24.32665481 0.0
-0.1361916932 -24.6260918 0.0
1.350945991 -25.96618166 0.0
1.1207892 -26.26524236 0.0
1.535080242 -26.5521837 0.0
2.018940022 -24.71590674 0.0
1.895034756 -18.94882471 0.0
-0.261105536 -23.76702398 0.0
1.116829924 -25.44403283 0.0
1.738210258 -24.67324402 0.0
1.985189836 -25.94755094 0.0
1.575525768 -25.471411 0.0
1.009911608 -24.84548236 0.0
1.629014476 -25.81154901 0.0
1.212230643 -25.47643605 0.0
1.398982301 -25.95239179 0.0
2.027062674 -25.9912749 0.0
1.991162558 -25.76209222 0.0
1.430465612 -24.71790877 0.0
1.402821779 26.11167443 0.0
1.827959702 25.60591059 0.0
1.335255107 25.08451588 0.0
1.340338786 24.81197747 0.0
1.336930425 25.15525331 0.0
1.380320178 24.98809599 0.0
0.9787017993 25.32140775 0.0
1.251212594 25.83725327 0.0
1.437300698 25.8579077 0.0
2.060459054 25.48435171 0.0
2.056172413 25.21076436 0.0
1.665898313 25.25208673 0.0
1.312677872 25.546435 0.0
1.16261366 25.14991373 0.0
1.207312635 23.5502844 0.0
1.134800597 23.48399198 0.0
0.5499386135 24.08281572 0.0
0.9033002434 24.35282089 0.0
1.922775741 25.14888614 0.0
1.490647099 24.95623452 0.0
0.5031570839 25.6739878 0.0
0.4544862171 26.19991849 0.0
-0.06942879255 26.08969505 0.0
1.214865826 25.37395284 0.0
1.354623595 24.99701288 0.0
1.748877258 25.35306193 0.0
1.6171505 25.93688928 0.0
1.666239581 24.66543246 0.0
1.90563374 25.43865706 0.0
2.361491216 26.13170975 0.0
1.90564689 26.08864847 0.0
1.275611913 25.5366397 0.0
1.679064721 25.67279337 0.0
0.6119999253 24.54307022 0.0
1.438658285 24.79112128 0.0
2.253564248 25.98433978 0.0
1.808948657 25.90597834 0.0
1.6303708 25.57609368 0.0
0.7932688097 24.56398494 0.0
-0.0413765759 25.59638869 0.0
1.285513515 26.71004684 0.0
-0.01868306744 24.48925865 0.0
0.9278852517 23.56594582 0.0
1.180419045 22.07418463 0.0
2.731105879 25.68789185 0.0
1.056340824 25.82321056 0.0
1.24991748 25.9669792 0.0
0.5390936132 24.95329012 0.0
1.109373392 25.16386719 0.0
1.004717412 25.88322118 0.0
1.438683506 25.71635866 0.0
1.541973272 25.63397493 0.0
1.223573494 24.62644261 0.0
1.246393877 25.33102559 0.0
2.213753622 25.91625799 0.0
1.513593161 24.94322303 0.0
1.546630012 25.51376075 0.0
1.256596412 26.01545612 0.0
1.656018542 25.83298178 0.0
1.211737704 24.61816963 0.0
1.283254395 25.52889006 0.0
1.298955507 -25.21217866 0.0
1.314523416 -22.91342447 0.0
0.7016477677 -25.20351851 0.0
0.7155576794 -25.50607175 0.0
1.020690205 -25.33855799 0.0
0.9643138703 -25.70196386 0.0
0.9612333189 -25.6988937 0.0
2.117297194 -25.8849647 0.0
2.002452053 -25.81966182 0.0
1.539921187 -25.81520152 0.0
1.46849543 25.93902505 0.0
1.327174723 25.81282423 0.0
1.363183061 25.66189038 0.0
1.021914223 25.19272091 0.0
0.874932415 25.18058456 0.0
1.351170816 25.70117857 0.0
1.42365844 25.29940342 0.0
0.9724004339 25.49750002 0.0
1.056136413 26.16899659 0.0
1.721182474 25.26201671 0.0
1.799228109 22.2356074 0.0
1.344077139 22.66922893 0.0
1.569325257 24.64071654 0.0
1.945306104 25.81358302 0.0
1.87397747 26.01335375 0.0
1.715175604 25.63148338 0.0
1.535467159 25.05406355 0.0
1.393787551 23.89959 0.0
1.241818671 23.56355085 0.0
1.275851004 24.35727312 0.0
0.8917822106 -24.86544676 0.0
0.8875210818 -22.9692002 0.0
1.386771024 -25.35398875 0.0
0.8685510176 -26.02714856 0.0
0.9657279001 25.83918825 0.0
1.165724828 -25.84196121 0.0
0.7721151937 -24.54642848 0.0
1.240117796 -25.10112452 0.0
1.34230337 -23.52949798 0.0
1.223276702 -25.50544385 0.0
0.9069128158 -24.99127614 0.0
1.375562113 -25.00635716 0.0
1.319555974 -25.34593428 0.0
1.055954145 -25.34249011 0.0
1.489487933 -22.49684204 0.0
1.305041051 -23.16120346 0.0
1.523337224 25.82814008 0.0
0.8863846956 -24.68436858 0.0
0.7831833178 -25.05576052 0.0
0.7125415416 -25.48986705 0.0
0.9859349832 -25.25114598 0.0
2.065599844 -25.81260438 0.0
1.945041173 -25.70574175 0.0
1.885216527 -26.13019646 0.0
1.923355806 -26.132685 0.0
1.497328116 -25.71977816 0.0
1.539323916 25.06987173 0.0
-0.520978675 24.16669621 0.0
1.410764136 25.97971212 0.0
1.824933388 25.60109665 0.0
1.368797556 -26.45248142 0.0
2.187459143 -24.31525043 0.0
1.560711941 -26.09200204 0.0
1.429865753 26.33305409 0.0
1.585209875 25.77841037 0.0
1.305424501 25.19560437 0.0
1.293750905 24.90293769 0.0
1.388483483 25.16058993 0.0
1.071984151 25.40965379 0.0
1.420934215 25.99663819 0.0
1.468045094 26.07674466 0.0
2.02155597 25.66764722 0.0
1.993176213 25.38548174 0.0
1.545204425 25.25950205 0.0
1.350892349 25.57736418 0.0
1.382032897 25.35989217 0.0
1.261252034 23.94748578 0.0
1.006608267 23.80194502 0.0
0.6007782477 24.34383701 0.0
1.03610034 24.76913168 0.0
1.867386755 25.41923313 0.0
0.7691359405 25.6511821 0.0
0.4032810586 26.31069398 0.0
-0.04919307266 26.46745067 0.0
1.180942407 25.91349978 0.0
1.311052602 25.52770102 0.0
1.647540169 26.24505271 0.0
1.359620596 26.29382533 0.0
1.143795461 26.21660401 0.0
1.559155937 25.99504093 0.0
1.366573275 25.75610455 0.0
0.9143408102 25.36523622 0.0
1.300081075 25.86309317 0.0
1.388040988 25.444427 0.0
1.054853765 25.65239857 0.0
1.209282696 26.38506983 0.0
1.745740163 25.5490757 0.0
1.81868577 22.57801767 0.0
1.379493676 22.94794965 0.0
1.432644129 24.65955686 0.0
1.975394302 26.05419389 0.0
1.951541463 26.15089975 0.0
1.598133978 25.30219397 0.0
1.257090128 24.23669857 0.0
1.010038568 23.96564109 0.0
1.383185547 24.60352209 0.0
2.243102409 -25.86377112 0.0
2.339565261 -26.0975334 0.0
2.363737782 -26.13378305 0.0
2.041142123 -25.86323226 0.0
1.1520345 -25.44055585 0.0
1.075884017 -25.86302318 0.0
0.9581311431 -25.90576816 0.0
1.634927093 -25.86849583 0.0
2.026648773 -24.71824101 0.0
1.814882056 -26.40743078 0.0
1.033321476 -26.22534079 0.0
1.304559249 -25.82384502 0.0
1.34845848 -18.49917913 0.0
1.241336396 -17.45673421 0.0
1.354726203 -26.02933753 0.0
1.037831325 -26.39588903 0.0
0.105460856 -24.93622458 0.0
0.654306004 -25.10055788 0.0
0.8242292698 -24.82314323 0.0
1.535927794 -26.06951754 0.0
1.817506396 -25.29122526 0.0
1.7403798 -25.68639208 0.0
1.014785381 -26.3307602 0.0
0.8057517805 -26.37068575 0.0
1.393523411 -19.29265531 0.0
0.5822424435 -18.81305658 0.0
2.400481023 -26.06651286 0.0
1.390735936 -26.13425891 0.0
0.6881155928 -25.46843944 0.0
0.7879360519 -24.87768637 0.0
0.6229564728 -23.11837357 0.0
1.422825119 -25.25286319 0.0
1.322352645 -25.99494299 0.0
0.9781878818 -26.29302917 0.0
1.320330073 -25.38357171 0.0
1.320497176 -25.16921227 0.0
1.09666657 -25.38623154 0.0
1.318071779 -25.73145744 0.0
1.346684765 -25.79397529 0.0
0.9196202887 -25.72348317 0.0
0.9839554456 -25.84308066 0.0
0.8489695451 -25.65281157 0.0
1.816174797 -24.62504991 0.0
1.868468017 -25.78659819 0.0
1.304838341 -22.86864213 0.0
1.169575871 -22.88531433 0.0
0.8410747285 -23.85185559 0.0
1.192716505 -23.68693316 0.0
0.9702721831 -25.89878717 0.0
1.418208839 -25.872535 0.0
1.579213067 -26.23629127 0.0
1.918668621 -26.24601665 0.0
1.461030871 -25.77566075 0.0
1.164525568 -25.79622623 0.0
-0.705699801 24.33005034 0.0
1.04619068 16.92081036 0.0
1.917860398 25.11118008 0.0
1.469644124 25.94345788 0.0
0.4381453867 24.80800011 0.0
1.629998008 25.94663137 0.0
1.644373371 24.49878701 0.0
2.242336536 25.54616971 0.0
2.41014022 26.13839854 0.0
1.934657721 25.93044544 0.0
1.127451363 25.46979224 0.0
1.722411016 25.68862262 0.0
0.7395971394 24.38349641 0.0
1.878910497 24.59082579 0.0
2.124447971 26.1273456 0.0
1.634808069 25.67700561 0.0
0.9427924981 24.32195199 0.0
0.9614947857 25.46910526 0.0
1.010666783 26.96352592 0.0
-1.001796566 24.46046354 0.0
1.288135222 23.34507684 0.0
1.758172983 21.65785136 0.0
2.731459938 25.88277452 0.0
1.034021859 25.54889576 0.0
1.205655976 26.22605035 0.0
0.06969309936 24.86292201 0.0
1.468726919 25.12095166 0.0
0.9152290717 25.96881415 0.0
1.522427788 25.71072428 0.0
1.251860229 24.53548353 0.0
1.875185311 25.30815979 0.0
2.130920487 26.40593456 0.0
1.00513843 24.73298109 0.0
1.884732971 25.43214379 0.0
1.10905218 26.06522179 0.0
1.487355487 25.77262539 0.0
1.835130197 25.65182701 0.0
1.334416218 24.47679842 0.0
1.916782711 25.5269439 0.0
1.596091135 25.8483357 0.0
1.264389437 25.65243481 0.0
0.3502914927 -23.48012801 0.0
1.176454729 -23.08139328 0.0
1.393628646 -23.80994781 0.0
1.373649749 -25.03081278 0.0
1.264705269 -26.14010164 0.0
1.470412585 -25.36241635 0.0
1.337942621 -25.16378268 0.0
1.500544624 -25.2152724 0.0
0.7047830553 -25.59194841 0.0
0.8540696663 -24.10690864 0.0
1.113219426 -23.42287419 0.0
1.63778273 -24.78696931 0.0
1.789651882 -25.8855976 0.0
1.553201023 -22.99673818 0.0
1.528410558 -26.08180546 0.0
1.475440504 -26.0000954 0.0
1.366482188 25.02856338 0.0
1.559909289 -25.42241738 0.0
1.029307259 -22.9721815 0.0
1.305908928 25.48385014 0.0
1.505192096 25.21506513 0.0
0.8295771672 -25.22690917 0.0
0.7517194698 -25.62935192 0.0
0.9774979614 -25.54375606 0.0
1.770208496 25.69936923 0.0
1.942873322 -26.58756246 0.0
1.657759973 25.73416278 0.0
1.480405584 -25.85926843 0.0
1.465762793 -25.87734998 0.0
1.203901429 -25.8789791 0.0
1.064469358 25.28154617 0.0
-0.3697535607 -24.86743178 0.0
1.029343627 -24.71559721 0.0
1.532492576 -25.76355715 0.0
0.8220154011 -25.83097175 0.0
1.215726835 -26.00488999 0.0
0.6183163651 26.07423773 0.0
1.467561578 -24.48854227 0.0
2.046987091 -25.2055256 0.0
1.041860709 -25.02925505 0.0
1.462413414 -26.1767294 0.0
0.6330020294 -24.66736038 0.0
1.609395305 -21.13994504 0.0
1.848014198 -25.55568898 0.0
1.330429629 -25.83101554 0.0
-0.1602145398 -24.99211796 0.0
1.195480653 -17.98885285 0.0
1.293113296 -25.41294594 0.0
1.093768719 -26.26348583 0.0
1.072591702 -26.19086192 0.0
1.192920648 -26.6756763 0.0
0.760086487 -25.81544861 0.0
1.036339137 -26.71699094 0.0
1.106510644 -26.01730723 0.0
1.618505445 -25.76082862 0.0
2.085181964 -23.68305071 0.0
1.591479711 -24.91223263 0.0
1.045087631 -26.73770135 0.0
1.158867606 -25.59497561 0.0
0.9873658336 -25.17113535 0.0
1.301210694 -25.49951254 0.0
1.383025004 -25.66819145 0.0
1.36190504 -25.28775106 0.0
1.097301651 -25.91647046 0.0
0.8094289775 -24.60135916 0.0
1.550838257 -25.81691484 0.0
1.386510883 -26.14262681 0.0
2.037690089 -25.87359332 0.0
1.46967603 -23.16073112 0.0
1.106647282 -23.61385054 0.0
0.9104127204 -24.86152339 0.0
1.757255852 -27.7989403 0.0
1.879186022 -27.651398 0.0
1.873075884 -25.9022916 0.0
1.252126628 -26.05524093 0.0
2.628627654 -25.14239199 0.0
0.7363103363 -24.5557374 0.0
0.5463606505 -24.41307073 0.0
2.191979766 -24.64966295 0.0
1.045664144 -15.95397609 0.0
-0.4046245672 -25.09822086 0.0
1.262406382 -25.66067535 0.0
0.9157881382 -26.17385612 0.0
-0.4823830646 24.61794897 0.0
1.020469485 15.47023259 0.0
1.913496408 25.16137961 0.0
0.5269892203 25.98402538 0.0
1.398671154 26.09541971 0.0
0.185461767 24.50941407 0.0
2.318681187 25.4071671 0.0
1.241382051 -25.63349587 0.0
1.509579477 -25.51100485 0.0
-0.4992509927 -24.87478369 0.0
0.4182730318 -24.38558727 0.0
1.720395286 -25.59046809 0.0
2.310086881 -25.50191414 0.0
2.391063437 -25.16143174 0.0
2.316343413 -26.17148853 0.0
1.475030886 -25.93618983 0.0
0.3253929625 -23.64794561 0.0
1.969339878 -20.4910096 0.0
1.05507213 -16.86958202 0.0
2.464381785 -24.51694954 0.0
2.256260365 -24.66777673 0.0
0.652319512 -24.67780224 0.0
0.3856303011 -24.52588933 0.0
1.978451115 -25.18497937 0.0
-0.3511048971 -26.06004504 0.0
1.719239864 -23.03295794 0.0
1.411954935 26.10662589 0.0
1.533257454 24.22095725 0.0
2.760871872 25.54559458 0.0
2.103940003 26.14393079 0.0
1.056530212 26.00670163 0.0
0.9994330528 25.38275761 0.0
1.706167109 25.75659807 0.0
0.85096856 24.25663718 0.0
2.356585842 24.53281004 0.0
1.854194818 26.17441159 0.0
1.418203774 25.76570032 0.0
1.543707073 25.87322097 0.0
0.9133156661 24.24102182 0.0
2.288823689 25.30143324 0.0
0.5082580642 26.98703399 0.0
-2.043274296 24.41028195 0.0
2.504691126 21.19646324 0.0
1.063196177 25.28057423 0.0
1.268966065 26.2684949 0.0
-0.5009864747 24.76382177 0.0
1.990193947 25.03047418 0.0
1.116376795 25.54915719 0.0
1.502976343 25.8004697 0.0
1.132780602 24.36395567 0.0
1.892652704 26.64038325 0.0
2.332499651 25.34346337 0.0
1.003692334 26.11985844 0.0
1.326327107 25.67168417 0.0
1.787604521 25.75091844 0.0
1.324690327 24.29957809 0.0
2.867465192 25.42613156 0.0
2.185714697 -26.27456722 0.0
1.643818314 -24.89308506 0.0
1.528991984 -15.8778808 0.0
1.35611223 26.68902117 0.0
1.310485393 26.14173028 0.0
1.247543596 25.41759769 0.0
1.370173844 25.23759227 0.0
1.39125552 25.21891772 0.0
1.691881615 26.44716248 0.0
1.593458956 26.68534141 0.0
1.941493566 26.50077687 0.0
1.704722219 25.81115365 0.0
1.413754686 25.44935018 0.0
1.533962646 25.82623628 0.0
1.764397104 26.02925074 0.0
1.431945821 25.26784163 0.0
0.8515635253 25.06620327 0.0
0.8086137843 25.30707896 0.0
1.257161388 26.49499894 0.0
1.436188441 25.84818419 0.0
0.9795397481 26.34946538 0.0
0.4987010159 26.88645493 0.0
1.134721435 27.08519704 0.0
1.343947958 26.73226927 0.0
1.822029896 27.20614864 0.0
1.540890085 27.39421026 0.0
1.311639809 27.37839158 0.0
0.9957555726 27.37692901 0.0
1.230712993 26.87931686 0.0
1.22122088 26.01186673 0.0
1.241106755 25.66446382 0.0
0.9426284576 26.10281535 0.0
1.125681278 26.17126142 0.0
1.287045455 25.71703899 0.0
1.237963795 25.83252845 0.0
1.604184629 26.7813021 0.0
1.819747837 26.54172099 0.0
1.579442573 23.15188169 0.0
1.561929534 23.17695734 0.0
1.622740086 25.36559257 0.0
1.84253187 26.78057905 0.0
1.904386471 26.39358149 0.0
1.931588428 26.01169516 0.0
1.822848335 25.92533542 0.0
1.402950008 25.22679522 0.0
0.8462242048 25.42975755 0.0
1.152791349 25.19110018 0.0
-0.4292767399 -25.14028559 0.0
2.258942878 -25.03822259 0.0
0.8680607038 -24.34582784 0.0
1.7285517 -26.59905247 0.0
2.862747385 -25.44861009 0.0
0.9627962451 -24.49258842 0.0
1.62162023 -25.91884768 0.0
0.727056423 -25.77790072 0.0
1.089212072 -25.90266846 0.0
1.069009545 -25.41003331 0.0
1.088962602 -25.97885485 0.0
2.027276101 -25.70654144 0.0
2.077218637 -26.28362258 0.0
2.697494785 -25.9111884 0.0
1.437401825 -24.2153274 0.0
1.494239887 26.46048218 0.0
1.463045267 -26.14753228 0.0
1.87219195 -26.21634841 0.0
1.355310821 -25.81165877 0.0
0.8105151942 -23.22709406 0.0
1.332957211 -26.03564875 0.0
1.344142016 -26.07378827 0.0
0.650988486 -23.77239604 0.0
0.8753545434 -24.39872357 0.0
-0.2541705213 -25.20312231 0.0
2.544510053 -25.11396293 0.0
0.1572931222 -26.62443821 0.0
1.378810525 -24.91688187 0.0
3.127750303 -26.55563087 0.0
1.029260808 -25.72801406 0.0
1.016214952 -25.30233995 0.0
0.8234528864 -26.69971576 0.0
0.9175729434 -25.09774668 0.0
0.9884346097 -25.7145187 0.0
1.320641776 -25.76311326 0.0
1.390046748 -25.64339203 0.0
1.367976386 -25.70244188 0.0
1.399870345 -25.94269447 0.0
1.134063433 -26.10332078 0.0
1.442794786 -26.62569306 0.0
0.9481814285 -26.7157419 0.0
0.7148713713 -26.16203081 0.0
-0.4440242427 -24.65148969 0.0
1.448097765 -24.47157519 0.0
1.489607848 -24.1632739 0.0
0.7939702745 -25.69057588 0.0
1.77266239 25.82472746 0.0
1.649430776 25.52325786 0.0
1.190988577 26.01502604 0.0
1.690837895 22.9789402 0.0
2.807001808 25.19178697 0.0
1.271077075 25.21849674 0.0
1.271142123 25.63432722 0.0
1.140760198 -26.16869336 0.0
1.608444875 -26.94478657 0.0
1.399155751 -26.20920162 0.0
0.9480005306 -25.78592747 0.0
0.3660890469 -24.15436252 0.0
0.5570984909 -23.38232858 0.0
1.658584347 -25.34043391 0.0
2.123082617 -24.85910414 0.0
2.132175796 -24.80738293 0.0
1.088086245 -25.85656072 0.0
1.4564632 -25.69011879 0.0
1.318380503 -25.98155437 0.0
1.314355421 -23.83017764 0.0
0.8317580774 -22.7570082 0.0
1.223943568 -23.81231249 0.0
1.537010864 -22.80185581 0.0
1.642730316 -26.33533009 0.0
1.698067389 -25.74174131 0.0
0.837874769 -25.94191034 0.0
0.8358137556 -25.97957509 0.0
0.9523239439 -26.4903854 0.0
1.337003414 -26.18135588 0.0
1.153207772 -26.59055531 0.0
1.797892282 -27.46509441 0.0
1.657621584 -26.68269157 0.0
1.403847933 -26.43745326 0.0
1.432283413 -26.12827183 0.0
0.8571939932 13.46060784 0.0
1.50455863 25.34303453 0.0
0.4849968454 25.84504207 0.0
1.336552173 26.12713535 0.0
-0.04230249423 24.29079213 0.0
3.177303255 25.28633187 0.0
0.7184458984 -13.88238982 0.0
1.773859278 -25.14121687 0.0
0.3289142213 -24.20695334 0.0
3.422223133 -25.07040291 0.0
1.279304674 -26.04433684 0.0
1.148170883 26.3566389 0.0
1.17316591 25.16992232 0.0
1.278259844 25.0585788 0.0
1.366718101 25.11646614 0.0
1.409317475 25.1918336 0.0
1.441547517 25.47414943 0.0
1.857912618 26.0945251 0.0
1.745912476 26.29255816 0.0
1.49374913 25.33695652 0.0
1.437773013 25.15288554 0.0
1.707836577 25.50016308 0.0
1.591961691 25.37566622 0.0
0.6253451322 25.14481788 0.0
0.869347754 25.0266049 0.0
1.491991107 25.75926555 0.0
1.1630548 26.0869758 0.0
1.303894995 25.44897727 0.0
1.177998274 26.08402226 0.0
0.6519680377 26.42564915 0.0
0.3002787666 26.91365249 0.0
1.048815884 26.50169069 0.0
1.351722465 26.1206624 0.0
1.91123102 26.60607193 0.0
1.29559381 26.9602421 0.0
0.975596588 27.10111303 0.0
0.8960612125 26.80802514 0.0
1.026155947 25.94293161 0.0
1.213941019 25.55530181 0.0
0.991745807 26.06690741 0.0
1.634061045 -24.89676613 0.0
1.147654522 -26.34246613 0.0
3.082650547 -25.36321995 0.0
1.312490304 -24.21319873 0.0
1.459267184 -24.38072512 0.0
1.309171717 -25.75462826 0.0
1.603840322 -25.47972489 0.0
1.286191912 -25.57014457 0.0
1.057480702 -26.19126516 0.0
1.097835663 -26.12027051 0.0
0.7953195583 -26.3772396 0.0
-0.505658471 -18.3615366 0.0
-1.702384729 -17.51339408 0.0
4.404361329 -25.5056215 0.0
2.674107172 -26.75179803 0.0
0.7558450751 -26.11342882 0.0
2.586718919 -26.17522885 0.0
0.8639697844 -14.23991028 0.0
-0.07301837182 -25.64125593 0.0
0.1839607137 -24.16711977 0.0
3.777534584 -25.41486902 0.0
0.8891062439 25.69241389 0.0
1.214807876 25.41113955 0.0
1.402312737 25.37321968 0.0
1.993180751 26.3118584 0.0
0.9860708571 22.69041616 0.0
1.839810466 22.02763418 0.0
1.493051549 26.20036016 0.0
1.71525405 25.72890394 0.0
2.074598936 25.22771973 0.0
2.121225505 25.34669229 0.0
1.603414357 24.99611652 0.0
0.5408715737 25.15549628 0.0
0.6658882396 24.28730663 0.0
0.8170338885 -24.24186986 0.0
0.682396329 -25.76478741 0.0
0.9920838165 -25.93580079 0.0
2.09898287 -25.55478734 0.0
1.533231288 -26.25986322 0.0
3.411068089 -25.57872869 0.0
1.13236159 -24.03722691 0.0
1.149365206 26.316712 0.0
1.25884777 24.02543194 0.0
3.495875961 25.23415184 0.0
1.570065263 26.15129188 0.0
2.144442161 25.60053422 0.0
0.9567895878 25.97391783 0.0
0.8759899582 25.37429477 0.0
1.617640918 25.85241185 0.0
0.743017495 24.02757784 0.0
3.158273615 24.14441154 0.0
1.223199829 26.12838228 0.0
1.468297336 25.99144761 0.0
0.748178464 24.0754878 0.0
0.2054772019 26.83151802 0.0
2.011181325 22.45137452 0.0
3.465497965 20.65370008 0.0
1.380174686 25.92045587 0.0
1.182720387 25.1123976 0.0
1.430438658 26.17201211 0.0
-1.190420195 24.57959642 0.0
2.682575253 24.89165214 0.0
0.8498901065 26.21621858 0.0
0.7117651642 26.19991524 0.0
0.9941287084 25.41760977 0.0
1.48380266 25.92138066 0.0
3.807727817 25.05291129 0.0
1.608924866 26.75249558 0.0
-0.3938044554 24.32663245 0.0
0.8545805058 26.13357255 0.0
1.69957333 25.90060006 0.0
1.202251872 24.07586098 0.0
3.959251078 25.28561072 0.0
1.0181992 25.92230168 0.0
0.0774674092 24.94113398 0.0
1.668494243 -25.39938542 0.0
1.080788134 -26.10347263 0.0
-1.203774808 -24.71380151 0.0
2.37347082 -24.71108608 0.0
0.7731232501 -26.45036788 0.0
2.049545757 25.79146423 0.0
0.0009165583205 -24.24119717 0.0
1.007013666 -24.01949176 0.0
3.171720321 -24.66886887 0.0
1.172277342 -26.16074099 0.0
1.104066577 -25.54121211 0.0
1.30133038 -25.24675301 0.0
3.344040493 -25.04471418 0.0
0.9403015434 -26.16333024 0.0
1.418941515 -25.92320286 0.0
1.908102149 -22.48356141 0.0
3.320536473 -26.00247523 0.0
2.433843156 -24.351232 0.0
0.102593536 27.42272431 0.0
1.454032381 26.95006587 0.0
0.0501414195 -25.27866973 0.0
1.973933507 26.12568893 0.0
1.382771569 25.70006613 0.0
3.579424919 25.18348356 0.0
1.227277911 -25.38921549 0.0
1.099085828 -25.01435085 0.0
1.906518738 -17.60314935 0.0
3.179116045 -24.84116936 0.0
2.120199401 -25.47600378 0.0
1.898317792 -26.37958954 0.0
1.585760972 -25.9754527 0.0
1.108938603 -25.89621145 0.0
1.003631887 -25.39250045 0.0
2.190319303 25.99727148 0.0
0.3645364745 24.48664214 0.0
2.946928989 25.09865188 0.0
1.189496809 25.54917005 0.0
1.068461705 -23.97257963 0.0
0.8794779248 -24.20270502 0.0
0.8691497193 -26.09000164 0.0
1.70086849 -24.77769777 0.0
1.114663634 -25.12109084 0.0
0.9868814654 -25.47233485 0.0
0.8659024108 -25.56296448 0.0
1.197325679 -25.22062974 0.0
1.455393073 -25.21793554 0.0
1.471510047 -25.23324837 0.0
1.453104739 -25.39818134 0.0
1.180635037 -24.90046041 0.0
1.233537665 -25.27919391 0.0
1.265864865 -25.32897012 0.0
1.308221284 -25.70596257 0.0
1.196499713 -25.46132388 0.0
0.6995568747 -25.96682091 0.0
1.458487865 -25.61350183 0.0
0.6402650358 -24.93461616 0.0
0.8353326655 -25.84767059 0.0
0.9117960802 -25.58651007 0.0
1.004639975 -26.22032563 0.0
1.202860702 -26.30433188 0.0
1.209666175 -25.84805657 0.0
1.02385886 -25.71978143 0.0
0.7665654697 20.26722186 0.0
0.8128466021 20.22047277 0.0
1.010813842 19.56775681 0.0
1.286327883 19.65473382 0.0
1.241055385 20.02605036 0.0
1.170571275 20.02748928 0.0
1.255628786 20.4185852 0.0
1.486141089 20.36144765 0.0
1.515990653 20.09000435 0.0
1.760898432 19.37760966 0.0
1.747862305 19.21202416 0.0
1.507728006 19.67481785 0.0
1.242057693 20.27949122 0.0
1.286519629 20.25781061 0.0
1.087939632 19.4490454 0.0
0.5731823314 18.62555874 0.0
0.535300753 18.07047964 0.0
1.137648594 18.80897471 0.0
1.270114229 19.75749714 0.0
0.3246568224 20.15914379 0.0
0.9684890133 19.37073921 0.0
1.497699193 18.84754112 0.0
1.485185894 19.7127774 0.0
1.153864676 20.10682465 0.0
0.9862305125 20.57548728 0.0
0.9479545317 20.45010052 0.0
0.9473505786 19.84233756 0.0
1.232215198 19.99409847 0.0
1.066923911 19.7440043 0.0
1.35627585 19.67751386 0.0
1.290080661 20.1333717 0.0
1.383692034 20.25035503 0.0
1.474922064 20.37676719 0.0
1.155408788 19.31038991 0.0
1.124696674 18.96290415 0.0
1.285600677 19.59258538 0.0
1.487833769 19.39101274 0.0
1.645183402 19.1602546 0.0
1.626634335 18.64975247 0.0
1.588772655 18.72210556 0.0
1.05578116 18.80572599 0.0
0.5755456529 18.48730229 0.0
0.4592459944 17.94408077 0.0
0.9324017862 -19.3360678 0.0
1.004637525 -19.90400948 0.0
0.761562009 -18.19327215 0.0
0.5682986205 -23.82747035 0.0
0.9890318991 -25.57432073 0.0
0.9944338068 -20.42767562 0.0
1.305027946 -18.37036785 0.0
0.8510727056 -20.05053308 0.0
0.6962382766 -26.3677517 0.0
1.424678066 -19.79609306 0.0
0.8704284197 -20.21163108 0.0
0.9426260851 -20.41982262 0.0
0.8794741891 -20.63448781 0.0
1.264856525 -25.69779864 0.0
0.8509623114 -20.18402528 0.0
1.345589499 -26.09800242 0.0
1.40952636 -19.20235623 0.0
1.16242716 -19.93763018 0.0
0.8927435249 -25.62039249 0.0
1.373470313 -20.03533696 0.0
1.231201113 -19.62882905 0.0
1.284629958 -19.56825284 0.0
1.613904817 -24.39086643 0.0
1.242691059 -19.0552354 0.0
1.153793614 -23.46131762 0.0
0.7247053108 -24.90624099 0.0
0.6053244182 -25.53172635 0.0
1.922624297 -27.18174507 0.0
1.664678547 -26.9999434 0.0
1.419837898 -26.48775789 0.0
0.4204972402 -20.43898905 0.0
0.8100142125 25.26152251 0.0
0.589598011 11.01795907 0.0
0.9005283118 25.58812072 0.0
0.4691663715 25.5187154 0.0
-0.2824359748 23.67816423 0.0
4.208614241 24.7997883 0.0
1.386932672 -26.26237276 0.0
1.70661328 -26.09660921 0.0
0.7058795101 -23.68053549 0.0
0.6248355012 -26.11638983 0.0
1.374212178 -25.99795091 0.0
2.449186324 -19.5689388 0.0
0.4837210986 -25.72973766 0.0
0.2015685084 -25.32135508 0.0
0.7381438378 -15.12989392 0.0
1.808390001 -25.09577714 0.0
0.6552809834 -26.1564472 0.0
1.128771085 -26.79116236 0.0
4.427750273 -24.58273683 0.0
0.1587969482 -23.69879108 0.0
1.204088695 -25.62918652 0.0
0.7074874848 -25.48338956 0.0
1.149131057 -25.09865125 0.0
0.7609409963 26.47281574 0.0
1.025973327 23.7141561 0.0
4.414916705 23.81729947 0.0
0.9198148519 25.93782569 0.0
0.739094495 25.37545029 0.0
1.432627221 25.95634753 0.0
0.6737048663 23.5331859 0.0
4.127797606 22.6716532 0.0
1.43590415 25.22877018 0.0
1.364383707 26.05959538 0.0
0.622474466 23.61618861 0.0
4.825025214 25.07933177 0.0
0.1409011363 26.65551187 0.0
3.00325754 -25.99706779 0.0
0.7156201553 -24.96770225 0.0
0.2823907794 -12.30600648 0.0
0.4681362538 -25.76754604 0.0
4.217781509 -24.64503267 0.0
1.124961026 -26.63026065 0.0
4.826073255 -24.95465145 0.0
0.6557772909 -23.68001539 0.0
1.539787398 -26.024171 0.0
0.7215234568 -25.72974058 0.0
1.105876781 -25.89023879 0.0
1.001198635 -25.44578426 0.0
0.9475328395 -25.91150169 0.0
0.8663317517 -26.18053148 0.0
4.361851425 -24.16683229 0.0
-4.428057973 24.09039844 0.0
2.078716905 20.91766079 0.0
4.32038329 18.42870113 0.0
0.6424900799 25.82076667 0.0
1.684418264 26.07677086 0.0
-1.795309823 23.98447515 0.0
3.539166209 24.34735676 0.0
0.8965985178 24.96190796 0.0
1.441827101 26.04529201 0.0
0.7235409302 23.67611791 0.0
1.320951515 26.61467753 0.0
-0.9999378376 24.07706499 0.0
3.873791167 24.62027042 0.0
1.069218727 25.13313491 0.0
1.563051889 26.05380569 0.0
1.102806804 23.61840245 0.0
5.118383524 25.14780738 0.0
1.128967368 17.87995657 0.0
1.808024194 26.00200921 0.0
0.6256338336 26.11131183 0.0
0.756243678 -26.13686039 0.0
1.72103608 -25.26803147 0.0
3.22855025 -24.3277092 0.0
-1.805629309 -24.07497656 0.0
0.4235219075 -26.3897707 0.0
4.109378152 -24.87859492 0.0
1.010196456 -26.46716095 0.0
1.295781108 -26.34391427 0.0
1.408420044 -26.00576998 0.0
1.214500694 -23.49609375 0.0
0.9715601205 -23.84181731 0.0
3.006520127 -17.28796269 0.0
0.8518380537 -25.46681435 0.0
0.3622757934 -12.77876886 0.0
1.225327715 -25.57619001 0.0
1.99252386 24.8335861 0.0
2.408058358 25.51098021 0.0
1.991885073 25.76094988 0.0
0.6900887511 26.11384991 0.0
-3.154154619 24.28679102 0.0
1.14328073 24.90229546 0.0
2.296909817 -25.47694422 0.0
0.929132037 24.17399537 0.0
1.52182444 -20.19790108 0.0
1.511813719 -20.37583079 0.0
1.386696523 -19.94042879 0.0
1.765328567 -27.06157282 0.0
1.499748479 -20.21749222 0.0
1.413890934 -25.89897247 0.0
-2.803475785 -15.52057495 0.0
1.998349301 -20.93278047 0.0
5.615918982 -23.75165331 0.0
1.464342043 -26.71242709 0.0
1.042898995 -19.5384625 0.0
1.14721401 -19.77749914 0.0
0.678050953 -26.28065966 0.0
0.726403558 -20.51106398 0.0
0.6714981506 -19.29403741 0.0
2.432639342 -25.47751326 0.0
1.253534998 -18.89890243 0.0
0.902367487 -18.9406454 0.0
1.206788093 -18.54359225 0.0
0.6111473979 -18.92207834 0.0
1.190523958 -17.68977162 0.0
0.51403401 -19.37007358 0.0
0.8344215486 -18.84069679 0.0
1.173835923 -19.04074796 0.0
0.8569487566 -23.73620699 0.0
0.3352538029 26.52990056 0.0
1.162861001 26.15903047 0.0
0.8358306543 -25.88172197 0.0
0.5787170195 -22.30223417 0.0
1.430547751 -26.14958282 0.0
-0.3353872923 -23.9085369 0.0
-0.3545738788 -21.46318943 0.0
5.206438325 -21.63371482 0.0
0.8380555823 -26.14157777 0.0
0.3372219614 -24.98366429 0.0
0.5374870283 -26.05608753 0.0
1.18063855 -25.86839612 0.0
0.3569762176 -11.34630579 0.0
0.5523061789 -26.04468987 0.0
5.208789491 -20.16533912 0.0
0.3504277571 -26.14683265 0.0
-0.3499824544 5.359892521 0.0
0.8869796428 5.368390063 0.0
0.9586251914 6.596195557 0.0
0.7114889104 6.602880606 0.0
0.8430390219 8.901478614 0.0
0.9604831573 8.642623576 0.0
1.004003984 20.67995106 0.0
1.422180339 -6.128106714 0.0
1.15758626 -7.821119751 0.0
1.115770125 18.79572647 0.0
0.7285598748 20.1487421 0.0
1.190388467 18.91018092 0.0
1.115384896 -5.335161398 0.0
0.90323886 -5.535602997 0.0
0.6104119204 -5.261319548 0.0
0.4025709038 -6.48096055 0.0
0.7140567386 -6.317601616 0.0
0.7893924847 -7.291854521 0.0
1.166503753 -8.007488523 0.0
1.183605978 -7.926095041 0.0
1.261397004 -9.237431799 0.0
1.207220539 -8.066179494 0.0
0.9898417194 -7.704410046 0.0
0.7639370371 -6.38644035 0.0
0.7784565949 5.137898779 0.0
0.8263283695 5.000161332 0.0
0.9426552182 4.714496239 0.0
0.9120162738 5.632839505 0.0
1.063080984 6.981339133 0.0
0.9877767543 7.106240302 0.0
1.014506053 7.037009431 0.0
1.508971142 -23.49477447 0.0
-0.3804460154 -21.51678319 0.0
5.004481184 -21.37787531 0.0
0.6287863694 -26.50904672 0.0
1.159133535 -26.06731094 0.0
1.403943353 -25.01026323 0.0
1.199549437 -25.87290227 0.0
0.135143506 -9.329819751 0.0
-0.005637996462 -23.72305384 0.0
4.347034025 -24.5299276 0.0
5.24895264 19.05100978 0.0
0.3794813093 26.20075172 0.0
0.909705407 25.88939956 0.0
0.5108832587 20.77910939 0.0
1.001024938 26.05585158 0.0
1.08303747 20.6518787 0.0
4.966297285 18.00999427 0.0
0.2417245927 26.13245901 0.0
1.700533674 23.03786483 0.0
1.043367988 26.13935152 0.0
1.003301495 20.83022465 0.0
5.995415003 21.8792377 0.0
0.1404997366 26.51759906 0.0
1.596538416 16.0202441 0.0
4.770208207 13.97155856 0.0
0.1201805377 26.05576345 0.0
1.063961867 23.02475224 0.0
1.97545918 26.02577578 0.0
-2.043779088 20.23204973 0.0
4.323927957 21.15026834 0.0
0.1879917436 26.05444304 0.0
0.7080009231 22.47721367 0.0
1.439810468 26.18238186 0.0
1.10604284 20.82662358 0.0
5.973657764 21.10822889 0.0
1.061216212 -7.958690805 0.0
0.9591843097 -8.040596733 0.0
0.4839950533 -8.147522285 0.0
0.6129436939 -8.22126042 0.0
0.9301511275 -8.286546349 0.0
0.9556138783 -7.362457089 0.0
1.158531299 -8.055672057 0.0
1.415383162 -7.862104056 0.0
1.423642205 -7.315373226 0.0
1.301729805 -8.138941733 0.0
0.7581878307 -20.6824241 0.0
1.300435794 -8.12700541 0.0
1.447687893 -6.868480075 0.0
1.607724059 -5.275871462 0.0
1.313324922 -5.610714695 0.0
1.015129608 -6.701196182 0.0
0.6512786834 -7.629577802 0.0
0.528373738 -8.278068232 0.0
0.6548411071 -7.503104845 0.0
0.7343371429 -5.626287995 0.0
0.7690551887 -6.217789092 0.0
0.8403683792 -7.395700012 0.0
0.9553526197 -7.693627624 0.0
0.9943911471 26.49350117 0.0
-1.2047371 21.60745098 0.0
4.748229572 21.51100536 0.0
0.3415225634 26.08394159 0.0
0.8450987444 23.0457373 0.0
1.321985454 26.17039731 0.0
6.155411849 20.89689434 0.0
1.200554808 -20.42433649 0.0
1.050559828 -8.008048788 0.0
0.7557326952 -20.53947559 0.0
0.9711294013 -7.946026271 0.0
-0.2148180406 -19.53846121 0.0
0.4083314071 21.73054847 0.0
0.3913748698 8.248417963 0.0
1.119542419 -21.37827897 0.0
5.688348277 -20.42413442 0.0
0.2110837029 -20.82196506 0.0
5.093861974 -20.12736368 0.0
1.118545888 -19.80743722 0.0
1.068962425 -19.9577056 0.0
0.4741673625 26.09476976 0.0
1.298892621 -19.22482971 0.0
1.019123061 -19.54141467 0.0
1.481286663 -7.90807532 0.0
1.353845077 -8.045527053 0.0
1.579935559 -19.29953746 0.0
1.610783754 -22.58140717 0.0
1.284148048 7.078547244 0.0
1.371926429 -8.57497722 0.0
1.173850894 6.300480005 0.0
1.240295658 6.095772636 0.0
1.319699054 6.154367693 0.0
1.226061494 8.741235584 0.0
0.8630450263 -19.56318174 0.0
1.169009192 -19.38391807 0.0
0.5940328254 7.230014704 0.0
0.750302478 7.398201651 0.0
2.071971945 -26.01328355 0.0
-2.079826041 -19.951162 0.0
4.062170451 -21.44256746 0.0
0.1564642021 -26.32369599 0.0
0.3304292147 -26.17534037 0.0
2.697966436 -23.52974618 0.0
0.7869218342 -25.888286 0.0
1.574349588 21.12624793 0.0
0.2976934284 -26.0229567 0.0
0.9737572532 -22.70662688 0.0
0.7198853275 -19.79152618 0.0
1.414197322 -19.38988523 0.0
1.471645175 8.312834294 0.0
1.394242343 8.084102719 0.0
1.071934016 6.407812116 0.0
0.759646947 6.732307461 0.0
1.530884364 8.663491361 0.0
5.230423725 -19.36341963 0.0
1.003578928 5.526854768 0.0
0.8392360601 6.584360846 0.0
0.1712872461 -24.22553947 0.0
0.2776509297 -26.15126216 0.0
1.31731221 -23.34120389 0.0
1.942581166 -26.13755909 0.0
4.911460677 24.88533814 0.0
1.35507498 21.28296279 0.0
0.05072336483 -9.382461406 0.0
0.8023462208 -26.54671999 0.0
1.52159228 -25.28696911 0.0
-3.353384271 -11.52477099 0.0
1.398109426 6.980037503 0.0
1.477032058 5.89083633 0.0
0.6251479395 -7.043890677 0.0
1.336124713 5.692900608 0.0
1.373613764 6.127240899 0.0
1.651974293 -16.08756156 0.0
6.526554325 -18.87418334 0.0
0.4520156058 -20.90683688 0.0
3.322862968 -23.49843643 0.0
0.1537978568 -8.300178896 0.0
0.8041331927 6.852378642 0.0
0.7993474497 5.308131872 0.0
0.8466470889 6.408571842 0.0
0.668120568 -7.836705323 0.0
0.9959831264 7.120573964 0.0
0.6862702498 -7.413741359 0.0
0.5757991124 6.805599831 0.0
0.665481605 6.837270206 0.0
0.5984034303 -6.755770078 0.0
0.291281841 25.86120678 0.0
1.276570308 26.09786846 0.0
-0.1153061599 20.31030838 0.0
-0.4062903713 -23.92147998 0.0
4.90305527 -18.43350103 0.0
1.042376658 6.700077918 0.0
1.109662683 7.062503368 0.0
1.260901276 7.79891325 0.0
-5.563429767 20.01781848 0.0
1.012941205 6.543462262 0.0
1.18127546 -8.306695992 0.0
0.04353003045 -26.09114514 0.0
0.1738084498 -26.1040534 0.0
1.390751233 -23.16623826 0.0
1.612110549 -21.16879394 0.0
0.5912745353 -7.866568037 0.0
0.7261280175 6.407157181 0.0
0.6661830206 6.021656717 0.0
0.990990395 5.15549587 0.0
1.057429055 5.652715561 0.0
0.783325388 6.341575158 0.0
1.055533852 -20.24181094 0.0
-0.6643300778 -6.097963287 0.0
0.5381153635 -26.6569793 0.0
1.012503244 -19.99088291 0.0
1.138294554 6.057453591 0.0
0.9262430788 -21.04787046 0.0
1.183963043 -26.0689611 0.0
1.477264824 -25.11398001 0.0
0.3329648175 24.70584933 0.0
0.9092464697 -22.30709255 0.0
1.705834171 25.07683827 0.0
1.33364506 -25.83006215 0.0
1.374446659 -25.56919272 0.0
0.9309101348 26.16759767 0.0
0.6625325483 -7.397971565 0.0
0.8105866012 -26.29024362 0.0
1.426031159 -20.27377223 0.0
1.077556547 -25.88675878 0.0
1.416548572 -23.33941962 0.0
1.413199097 25.5565682 0.0
1.826513266 25.61656044 0.0
1.276439395 -25.28985555 0.0
1.670122591 -25.90471612 0.0
1.97458539 -26.90737625 0.0
1.423753008 -26.45666336 0.0
1.180297399 -26.41114649 0.0
1.465644809 -6.11046629 0.0
1.351089975 25.72479943 0.0
1.225694256 7.507265831 0.0
4.913062 20.169741 0.0
2.876429399 23.75365482 0.0
0.9901864607 6.855903795 0.0
0.5917885172 -26.03616804 0.0
3.50096359 -12.95365021 0.0
4.093914222 -23.15901319 0.0
1.548760736 -25.25040724 0.0
1.056747609 -20.6352392 0.0
0.7956101565 -21.4919407 0.0
-1.522957706 -0.5201656787 0.0
-3.335500522 1.857887805 0.0
-10.40469121 -6.664611095 0.0
-1.923408148 2.647980287 0.0
0.124275375 0.9029561497 0.0
1.386555921 1.270973339 0.0
-9.543025906 -6.768948062 0.0
-4.675311653 5.344917423 0.0
-5.236778753 3.735809814 0.0
-3.210058986 2.096395797 0.0
1.127023345 2.542988577 0.0
1.28108054 4.03466789 0.0
-3.118871682 3.150145984 0.0
-9.84735471 7.148543762 0.0
-12.39609209 9.972937923 0.0
-3.451378109 0.6120235904 0.0
-3.06873648 2.083802782 0.0
-2.688332041 0.7597345062 0.0
-2.467696909 -0.3260000955 0.0
-3.34808205 -2.336346988 0.0
-4.643151295 -3.69543614 0.0
-11.3809083 -7.952054021 0.0
-9.4532101 -3.172439772 0.0
4.348578307 3.976893173 0.0
-0.06817402074 1.565520948 0.0
-0.03130005968 1.755927984 0.0
-3.233581405 -1.686142548 0.0
-7.329091813 -0.8035777516 0.0
-8.893516539 2.319376816 0.0
-6.497548308 10.88633979 0.0
1.019594493 2.329655283 0.0
-6.716605046 -6.501339006 0.0
-5.119294826 -2.757285121 0.0
0.243323858 -2.705933428 0.0
0.2398007935 2.333666568 0.0
-13.78988578 -4.772761341 0.0
0.4221977747 -5.200912053 0.0
-0.9299393308 3.724019233 0.0
-0.1739069704 -3.453484706 0.0
-2.093900537 2.956359306 0.0
-4.218817704 6.063959875 0.0
1.514493081 6.619330119 0.0
-2.578749386 -0.8073085545 0.0
-4.510378478 -1.355062009 0.0
-1.619524902 11.37098921 0.0
-0.7445988836 -3.331244556 0.0
-0.2572197239 0.7320341637 0.0
2.901934634 7.979878515 0.0
-7.803566044 -0.6166295264 0.0
-0.3346108114 0.910193706 0.0
-2.325004155 -0.4883123945 0.0
-0.5902864298 0.6636797965 0.0
-0.5246339591 -2.262092327 0.0
0.4559497969 2.83650252 0.0
-10.73033398 -3.846188965 0.0
-4.147333075 1.49068216 0.0
-6.723274855 -0.2026384873 0.0
3.083448317 -0.06050122557 0.0
2.640049764 -0.4874943049 0.0
-6.732879548 -15.5308151 0.0
-4.475482314 -8.00727083 0.0
-6.41683511 1.11147218 0.0
-2.766749309 4.221573516 0.0
3.359313129 10.67728324 0.0
-2.436766419 -0.8677697196 0.0
-2.005316344 -1.858478755 0.0
1.207514372 2.416940334 0.0
2.644536745 4.226878554 0.0
-6.372258579 -4.504561818 0.0
0.04151472636 2.184100272 0.0
-1.415907073 -4.146427448 0.0
-4.455838025 10.38665503 0.0
-5.985992577 -1.870930252 0.0
-14.55078442 -5.237190238 0.0
-0.9317130681 4.402285395 0.0
-7.271564278 -0.7791435115 0.0
-1.247918194 -0.6453766469 0.0
-4.030029224 -3.736461378 0.0
-1.70976604 -2.052435386 0.0
-1.459513274 -0.9433048658 0.0
-1.492228143 -1.078474547 0.0
-1.854849862 -1.073822996 0.0
-2.946384708 -0.01341689754 0.0
-1.951946133 -0.3347921126 0.0
-2.278930988 -0.660770768 0.0
-0.9458434801 -0.6297180869 0.0
-7.916754076 -6.077255135 0.0
-6.099762221 -3.543396328 0.0
-3.356405137 0.3842586745 0.0
0.9935907103 3.184849029 0.0
-6.052472026 -4.004768218 0.0
-2.694667097 -1.034226419 0.0
-4.459988358 0.2201715922 0.0
-2.179670651 -0.1015922194 0.0
-6.732753714 7.123666358 0.0
-10.19458265 9.133431118 0.0
-12.46788248 8.861373148 0.0
-9.231441524 -5.157872565 0.0
1.114139548 1.294670449 0.0
0.6490954677 3.308382268 0.0
2.7742928 4.320426009 0.0
3.120475546 4.393279452 0.0
0.7281570027 2.197079217 0.0
2.599730362 2.580829606 0.0
0.2795678001 0.8056881872 0.0
-1.796595821 0.9465797916 0.0
-3.444689893 2.379272136 0.0
-6.0309788 5.471921801 0.0
-8.902622561 10.63446655 0.0
-3.701606 2.939747931 0.0
-3.423785771 1.370770918 0.0
-3.397341467 1.982395722 0.0
-4.553572518 0.2975476397 0.0
-6.485932655 2.767109021 0.0
-3.832025338 2.607349132 0.0
-3.044267794 1.25370869 0.0
-3.284747461 1.685082807 0.0
-2.581671312 0.1452957232 0.0
-3.279470033 0.8300053973 0.0
-2.801980769 -1.842088707 0.0
-2.737548768 -1.322272869 0.0
-4.376294995 -4.837761045 0.0
-4.633510381 -4.170214383 0.0
-10.01292135 -7.523791643 0.0
-11.23723495 -8.179548846 0.0
-10.45515888 -5.339228031 0.0
-4.078930192 0.5819143504 0.0
0.1736227207 -0.3744725124 0.0
2.066742515 -1.092258443 0.0
2.593524608 0.1267811015 0.0
2.672382678 1.106906055 0.0
-3.325263985 2.515230365 0.0
-3.496044962 -0.3417268269 0.0
-3.961046673 -1.571525478 0.0
-5.099261866 -2.509902399 0.0
-7.377420879 -3.844989353 0.0
-10.07916358 -5.491863858 0.0
-12.30809155 -6.838822667 0.0
-13.75573814 -8.017852705 0.0
-13.98766177 -9.702042395 0.0
-11.55518623 -11.11817587 0.0
-7.181317813 -9.698509644 0.0
-3.500191912 -4.021747572 0.0
-3.345270511 -0.1145426743 0.0
-3.708352731 1.034718604 0.0
-3.642890838 1.801368825 0.0
-3.397516092 2.868612014 0.0
-3.186859345 3.896514521 0.0
-2.978013779 5.037533188 0.0
-2.811203749 6.064364906 0.0
-3.166664321 3.237526125 0.0
-2.62644209 6.911154793 0.0
-2.915163521 6.533784262 0.0
-4.847748691 -1.279501558 0.0
-4.443939881 -0.6584083831 0.0
-3.945457194 0.1620617565 0.0
-3.612519625 1.230553648 0.0
-3.307036554 4.546732769 0.0
-6.418204981 10.367711 0.0
-3.745507557 1.281305688 0.0
-9.256675672 11.04762531 0.0
-10.80743358 10.52371048 0.0
-10.32720027 8.187611959 0.0
-5.961795488 3.503503748 0.0
-0.4120271889 -2.392170465 0.0
2.309262378 0.6507293244 0.0
0.7848630544 6.854577089 0.0
-5.143389437 4.152012454 0.0
0.5350628675 5.828983506 0.0
0.7749513641 0.5767935619 0.0
0.7827131468 -2.210343742 0.0
2.211083427 -0.3290444684 0.0
2.327019208 0.8607586347 0.0
2.075163892 1.493117441 0.0
3.056160751 2.435487905 0.0
-0.1836050721 1.533040613 0.0
3.946633528 4.205503401 0.0
3.221178627 4.84492393 0.0
2.461328044 3.073587554 0.0
3.467132358 2.520970737 0.0
-7.667195517 -3.582679025 0.0
-6.969363917 -1.74522755 0.0
-8.674278243 -5.036053307 0.0
-1.535667685 0.2950114843 0.0
-1.497892069 -1.415720623 0.0
-1.509713114 -0.4229186009 0.0
-3.669713614 -0.4324902664 0.0
-6.575427034 -2.339217341 0.0
-8.680565677 -3.670727291 0.0
-10.22364364 -6.567078953 0.0
-9.489950104 -4.627935897 0.0
-11.13453771 -6.417852019 0.0
-11.88522594 -10.27552463 0.0
-13.47295207 -9.307924318 0.0
-9.613750757 -12.65379835 0.0
-6.907043252 -6.582491815 0.0
-5.958964721 -1.77243732 0.0
-4.507699548 0.4435853843 0.0
-3.994942017 1.345541587 0.0
-3.302559094 2.819397873 0.0
-2.772102479 4.014105246 0.0
-2.360205202 5.452799088 0.0
-1.879610764 6.107860955 0.0
-0.7099847044 6.674840145 0.0
-0.003658831634 6.420757783 0.0
-4.018050121 0.9511216064 0.0
-4.158486889 1.787691263 0.0
-4.353518829 5.604513573 0.0
-6.575644449 11.72569479 0.0
-7.758767776 10.18512378 0.0
-3.387094422 3.863417538 0.0
-7.815560692 6.972370525 0.0
-4.095574454 2.829986851 0.0
-0.5374457646 -1.349136362 0.0
0.8937472453 -5.003165378 0.0
0.2778260687 0.6670241609 0.0
0.9912139928 10.48397861 0.0
1.519471642 6.812402641 0.0
0.5446517731 3.663068963 0.0
1.32230059 0.7137267038 0.0
0.2748463987 -2.617500892 0.0
1.230495512 -3.130073045 0.0
1.15186863 -0.9237497203 0.0
1.265836199 1.18157677 0.0
0.652761322 0.6049403157 0.0
1.1427176 0.03141708944 0.0
2.986934479 3.057503064 0.0
2.618080685 3.189779552 0.0
2.952828785 6.003563869 0.0
1.647705424 3.07929554 0.0
3.009846992 1.434780012 0.0
3.211393297 2.519482894 0.0
-4.68794179 -1.343525177 0.0
0.475327004 0.8185556357 0.0
-0.62194239 4.651743099 0.0
1.721986185 -1.672819478 0.0
-3.204501804 3.962036916 0.0
-3.654436192 4.984432244 0.0
2.883598519 3.693369142 0.0
-7.64611696 -7.469512772 0.0
-12.33452183 10.25166712 0.0
-11.28026987 10.94052204 0.0
2.334529586 0.1253702157 0.0
-2.431453869 5.172708141 0.0
-0.3072250004 -0.962695131 0.0
-0.5209718793 -1.701055789 0.0
-0.6389472892 -1.219907016 0.0
2.012454565 5.146864925 0.0
0.7372130193 -0.710285417 0.0
1.130531409 6.974832649 0.0
-13.88238597 -9.313079739 0.0
-7.074608091 -4.646556203 0.0
-1.617397896 -1.063204787 0.0
-10.92562083 -8.761034023 0.0
-11.63076451 -3.777900705 0.0
-5.348697072 -3.427094217 0.0
-6.961565122 -6.251384632 0.0
-3.011790818 -0.1168127681 0.0
-3.167639481 2.307125043 0.0
-8.146295534 1.197444875 0.0
-12.14638758 -8.346280711 0.0
-5.685152651 8.264706037 0.0
0.9568928169 0.003884553975 0.0
-10.64694329 8.221227372 0.0
-1.596551067 0.9199922595 0.0
-3.945639002 -1.67916816 0.0
0.4829579887 2.390322013 0.0
0.6656423267 12.51077197 0.0
1.554679567 1.029395487 0.0
1.078197978 4.319797976 0.0
-8.699993779 0.06622501512 0.0
-8.874797243 0.9312069482 0.0
-10.20604022 1.501047319 0.0
-5.960655565 -2.836674879 0.0
-10.84115647 0.7948271466 0.0
-10.99226112 2.940717368 0.0
-11.3938691 4.635800765 0.0
-11.20205634 5.587745424 0.0
-11.01856533 5.978048895 0.0
-12.03092944 3.921577164 0.0
-10.31539338 1.694914887 0.0
-9.491529524 5.187202568 0.0
-7.700106271 12.89614009 0.0
-2.720008268 14.25442578 0.0
-1.595978791 10.32977347 0.0
-0.1550123784 5.517700081 0.0
2.99492209 4.618153384 0.0
3.798434545 0.8184356428 0.0
3.258315277 -2.254576965 0.0
3.726808591 -1.449527357 0.0
3.612280677 -0.6699517126 0.0
3.314690072 0.2492471171 0.0
2.959386019 0.7027345141 0.0
1.8154578 1.467942752 0.0
-0.6789682166 1.708866587 0.0
-2.941888614 -0.1858989968 0.0
-3.964085552 -2.295980785 0.0
-4.4781193 -3.598311197 0.0
-2.213036351 -2.767497531 0.0
-2.686419947 -1.240937442 0.0
-0.2471695004 10.47702416 0.0
0.6694004011 9.877423284 0.0
2.079971019 10.40015468 0.0
-0.4728760217 8.132276367 0.0
0.802917322 4.45338874 0.0
1.763672846 9.522537772 0.0
0.8609354733 2.957199865 0.0
0.617793373 1.732483715 0.0
0.4763541721 -3.725134777 0.0
0.01524456073 -4.524402443 0.0
-0.3163264681 -3.234196032 0.0
-1.715297005 -2.14637011 0.0
-1.566406565 -0.7917878633 0.0
0.351279403 -0.7669295796 0.0
1.216500445 -0.4588723776 0.0
1.939444354 0.1747563147 0.0
0.2669084998 1.488005438 0.0
2.302008555 0.4542006933 0.0
2.03262974 -0.02394198558 0.0
0.810229893 1.549262798 0.0
1.282015511 0.5560131209 0.0
-1.593028324 -0.142037005 0.0
-3.235948378 -0.265886336 0.0
-4.806413041 -0.8551747883 0.0
-5.113576881 -2.909627977 0.0
-1.921811603 -3.511584297 0.0
0.6820513005 9.064124167 0.0
0.8193098247 7.846849261 0.0
0.6075978715 7.857354891 0.0
1.992804063 0.1016771177 0.0
1.693140832 2.832414927 0.0
1.476757497 1.905230361 0.0
1.934379627 1.130335883 0.0
-0.7283210239 1.161982519 0.0
-0.4932667663 2.414102747 0.0
-2.037728403 -3.346909271 0.0
-0.137721588 2.76224486 0.0
0.1622845149 3.393723667 0.0
-0.8927743462 0.3703801426 0.0
0.5498193595 -0.6077089343 0.0
-0.768949534 -0.8700393364 0.0
1.061190528 -1.542003958 0.0
-1.699815803 -3.535730569 0.0
-3.13084911 -6.360099727 0.0
-3.561268767 -7.583731267 0.0
-1.594480411 -19.54863093 0.0
-1.102055113 -6.026283174 0.0
-8.706823915 -19.70061021 0.0
-14.22573055 -17.27703767 0.0
-17.05940838 -13.22408265 0.0
-19.98607639 -11.47764831 0.0
-17.76948432 -10.92421603 0.0
-13.62534689 -9.378106616 0.0
-12.77702815 -7.603064293 0.0
-12.62968498 -6.759933403 0.0
-11.46965463 -5.962405213 0.0
-9.118294641 -3.970288423 0.0
-8.131891224 -0.2140362747 0.0
-6.297436765 0.3889044927 0.0
-2.473867727 4.508722159 0.0
-3.889026307 1.388203405 0.0
-1.812063681 5.139067586 0.0
-1.429424902 5.961064907 0.0
-1.39376128 5.037978994 0.0
-1.258452045 4.935549318 0.0
0.8051547739 4.763898703 0.0
2.806028013 4.360858348 0.0
5.706774193 4.363821024 0.0
-7.338494884 1.332058125 0.0
0.7242484472 -8.171195673 0.0
2.900137673 -4.20948119 0.0
1.269731032 0.6188424784 0.0
-4.278667048 -7.619532393 0.0
-9.880820731 -13.48061378 0.0
-4.845787988 0.6572941909 0.0
-7.8030887 -1.41375584 0.0
-2.263421967 3.114190858 0.0
-5.320519036 5.507596045 0.0
-4.251339582 5.762168665 0.0
0.3323900346 7.389037162 0.0
-1.719405311 -1.734558656 0.0
-1.027716888 -6.322485891 0.0
2.093569803 1.348437477 0.0
5.791950784 0.02537666995 0.0
0.1892636696 -3.453607058 0.0
2.967431828 -4.291610128 0.0
1.615128286 2.768682187 0.0
-1.133883733 -3.981525486 0.0
-2.183008842 -2.203279097 0.0
-4.577835408 0.6374165395 0.0
-1.72347116 6.16944739 0.0
-4.596925001 1.861807202 0.0
-5.391529919 4.957964543 0.0
-4.911465851 2.987604994 0.0
-3.629239855 8.625559218 0.0
-4.446508254 5.474411153 0.0
-2.511881403 8.516065457 0.0
-3.505483304 7.217743636 0.0
-9.007046783 7.941828418 0.0
-11.01764457 14.67788155 0.0
-7.350633994 17.85536411 0.0
-0.1840081458 15.1731344 0.0
0.2166491402 12.62544177 0.0
-0.1030815764 2.100862588 0.0
2.43145342 3.195672957 0.0
6.211698672 -0.3277478559 0.0
5.436680262 -1.004481202 0.0
5.031333087 -1.482096929 0.0
2.100463821 -1.524749669 0.0
5.180113974 1.901508779 0.0
5.575254635 0.4087941028 0.0
6.460635114 1.739219635 0.0
5.514428259 1.22929344 0.0
6.056525014 -1.625059837 0.0
3.109997732 -5.612976755 0.0
3.867699512 -1.777266359 0.0
0.3986420677 -0.9439694267 0.0
2.269785518 1.2179164 0.0
1.826143936 0.7348519995 0.0
0.9536966363 2.022708697 0.0
1.262314007 2.007325516 0.0
-1.336001967 1.028127111 0.0
0.5575036094 -3.041722951 0.0
-2.493399534 -0.134195363 0.0
1.583685754 -2.119734151 0.0
-0.5773775132 0.293051179 0.0
-1.692561969 -6.898580674 0.0
-4.287295119 -3.184112658 0.0
-0.9893388415 -5.103571694 0.0
0.72754631 -16.02339278 0.0
-7.646055521 -25.08660463 0.0
-14.87130899 -25.44509537 0.0
-9.922705312 -20.25206618 0.0
-11.97586902 -7.540037345 0.0
-5.773252203 -17.62331285 0.0
-2.540244427 -7.086081413 0.0
-5.829028004 -11.29093354 0.0
-4.621333947 -4.906785382 0.0
-2.235322436 -9.287743809 0.0
-4.269642343 -1.492655073 0.0
-5.961420052 -0.4238168464 0.0
0.1176807521 -5.358834891 0.0
-0.5935299601 1.180449019 0.0
-4.022081437 2.128523945 0.0
0.5930482991 -2.273720119 0.0
1.468550663 3.493396257 0.0
-2.779187023 3.80239754 0.0
0.805232965 1.920023144 0.0
3.642975406 5.555047737 0.0
2.143114177 2.554240897 0.0
2.953751033 2.466535087 0.0
4.437031502 -0.2300260325 0.0
7.177218812 1.234426946 0.0
8.739663722 2.991660384 0.0
5.460203084 -1.36718745 0.0
0.4478265868 -3.203844756 0.0
0.8287862709 0.7068643172 0.0
-0.4529604026 2.106112432 0.0
0.9530453257 1.518127731 0.0
3.804501454 2.131049839 0.0
-6.211830735 12.73288627 0.0
-6.62543736 -0.2414414806 0.0
0.3458034599 5.610814488 0.0
-1.276175856 -0.7539304634 0.0
5.123661071 0.2493067931 0.0
5.55741665 -10.14124364 0.0
-0.6816131241 -17.15378187 0.0
-2.483208535 -4.237679844 0.0
-2.840566119 1.70165683 0.0
4.240116223 -9.760119719 0.0
4.42602012 1.742857174 0.0
0.714876816 -21.02727774 0.0
4.888484527 1.805890426 0.0
5.568214457 1.589452556 0.0
1.647832173 -13.70325887 0.0
3.696758989 -1.642649718 0.0
0.5116370155 -21.25118282 0.0
3.263444105 -5.590383918 0.0
1.445588193 -1.422834698 0.0
0.9535384766 -21.49132791 0.0
4.152212778 -8.778661365 0.0
1.035061226 -8.985697655 0.0
3.368192258 3.783644589 0.0
0.3322033128 -9.550163878 0.0
3.48420228 3.48551213 0.0
-0.30316787 1.504891191 0.0
0.2075122865 -12.03107711 0.0
1.414755957 -21.50956154 0.0
4.376568671 -9.863923399 0.0
0.9887723056 -9.06760528 0.0
0.6979222081 -21.10905101 0.0
5.441024658 1.862603593 0.0
1.044466593 -20.98689492 0.0
0.8080408665 -13.99651366 0.0
5.103907232 -0.6157831634 0.0
0.639444218 -21.49110147 0.0
3.169244769 -17.0480374 0.0
-2.77962717 7.057850951 0.0
0.2635128029 -1.851309963 0.0
0.1377485938 -9.699004113 0.0
-6.926686572 6.476458635 0.0
1.410142755 -21.39913658 0.0
0.3500220869 -13.51191148 0.0
0.5795573904 -12.60963933 0.0
1.200392784 -9.569453501 0.0
2.396962816 -16.00281157 0.0
4.36398932 -9.424686462 0.0
5.289488469 11.08920132 0.0
1.841987597 9.623189844 0.0
-0.0645664975 -2.19973383 0.0
1.266487374 21.44333885 0.0
0.6948775462 14.56115783 0.0
0.6130468821 21.35612874 0.0
3.889367996 11.96717496 0.0
0.01480038807 10.23748756 0.0
1.017917975 21.71902127 0.0
4.988673929 11.22336161 0.0
1.389199308 9.058941183 0.0
1.476913521 21.00867336 0.0
0.47422631 13.07730271 0.0
3.327066773 11.12162592 0.0
1.46725387 21.22098773 0.0
0.8354525568 14.40475413 0.0
0.4045638795 20.51120945 0.0
3.739323621 6.056878895 0.0
-1.557733632 -7.011656676 0.0
-0.7379993056 4.653091857 0.0
-4.792630584 10.12707311 0.0
5.176251881 13.30370417 0.0
1.441453272 9.665897904 0.0
0.8881160032 21.86127041 0.0
1.672873332 15.1090056 0.0
4.28842123 8.865019838 0.0
1.076956217 8.649135729 0.0
0.7950121709 21.1298359 0.0
0.3860548004 10.3351908 0.0
0.5145107589 21.27822824 0.0
2.608163568 16.3275033 0.0
0.621680866 21.42332159 0.0
4.260101787 9.283581869 0.0
1.406509396 9.090921732 0.0
0.7387424013 22.03855861 0.0
4.113894562 9.959124109 0.0
0.5367325116 8.444489671 0.0
1.242556616 21.47159821 0.0
0.4022270289 12.3063937 0.0
0.3509610847 21.28067659 0.0
0.6422236567 1.709630267 0.0
1.072970866 20.99783077 0.0
-0.03136821637 3.133539652 0.0
0.4570841189 20.63600788 0.0
4.247302296 -12.21945525 0.0
2.498122029 0.7034511204 0.0
1.150566783 -9.570416756 0.0
1.666428563 -11.8699246 0.0
0.4776970975 21.48263929 0.0
0.5499061514 -21.32422484 0.0
-2.258924871 -1.511321004 0.0
3.04224039 -11.65453837 0.0
-0.8561085972 -8.595361635 0.0
-0.5265046929 -1.21030691 0.0
0.6581719655 -21.56131056 0.0
0.4044937221 -21.26812484 0.0
0.658175155 -21.72929648 0.0
1.115282256 -22.15438374 0.0
2.562865574 2.777506105 0.0
0.9781337229 -15.13224284 0.0
0.5995072532 -21.60692528 0.0
0.2371520285 -1.991881038 0.0
-0.8103535805 8.590659824 0.0
0.7190003319 -20.12001933 0.0
0.6873506065 -21.1787614 0.0
0.2301869329 -1.380456429 0.0
1.205207872 -15.33159732 0.0
1.427662724 -15.10209398 0.0
-1.774904403 5.539215688 0.0
0.5522167439 -21.5165281 0.0
0.8157851456 -21.92183816 0.0
0.6525784591 -21.72800951 0.0
-1.602473709 1.31962873 0.0
1.984146455 -4.580176914 0.0
0.5096713642 -21.41797738 0.0
4.657338289 -10.34601806 0.0
0.8301830396 -5.121771539 0.0
0.6677029947 -21.27325547 0.0
0.8017481442 -8.892680652 0.0
2.341458066 -1.677125176 0.0
0.9392939832 -20.8330205 0.0
4.085218271 -11.23848987 0.0
1.195500381 -8.776078873 0.0
0.09404310478 22.111055 0.0
-3.448366903 -0.3262809624 0.0
</DataArray>
<DataArray type="Float64" Name="pressure" format="ascii">
3328.225107
3631.376113
3417.918255
3249.123641
3061.431595
3336.372225
3165.792353
3491.115025
3543.036958
3455.882218
3375.449244
3439.221652
3365.137627
3155.624035
3106.147232
3312.109291
3311.539236
3677.470498
3210.164228
3233.001073
3199.517771
3472.528172
3310.816942
3049.431263
3243.00182
3222.340881
3204.270436
3258.301667
3639.283947
3791.742329
3708.042311
3797.147234
3567.415997
3774.709474
3482.367059
3711.928592
3706.782959
3619.787151
3338.336972
3473.796804
3639.209122
3458.534017
3630.874233
3424.680585
3354.173084
3455.310099
3350.074784
3426.858545
3684.940983
3482.54215
3451.044697
3666.159458
3273.352125
3378.947997
3307.797169
3132.711358
3442.84025
3282.967718
3493.733016
3367.302774
3500.628205
3293.583231
3118.632313
3588.052377
3767.16879
3683.864493
3272.167938
3267.977219
3139.057113
3268.058525
3479.891469
2973.48268
3362.211136
3200.116606
3713.007682
3564.364912
3763.66099
3306.29997
3221.094263
3252.773931
3437.157346
3487.165756
3519.032589
3738.53232
3595.326214
3501.864426
3409.350153
3363.453361
3745.898262
3681.665534
3614.496099
3813.670666
3731.085884
3592.388462
3144.055858
3141.696956
3453.068724
3367.541055
3606.027765
3472.237171
2693.13767
3344.067168
2587.377178
3252.111173
2907.612044
3486.104448
2961.256822
3574.046406
3457.437035
3392.358847
3354.775701
3542.282743
3211.627248
3233.34101
3230.961768
3157.631337
3324.83172
3413.901322
3451.958491
3468.201357
3625.342791
3408.925087
3729.025416
3687.647473
3754.145489
3695.657985
3407.727288
3468.252488
3619.613908
3420.600664
3657.276417
3616.206472
3803.633664
3289.12993
3292.311768
3159.88867
3171.975826
3183.649423
3006.280955
3059.736497
3345.184063
3660.237492
3122.150176
3014.591863
3282.63684
3546.662601
3661.741639
3568.563225
3687.778106
3635.926963
3646.124667
3523.762268
3285.056653
3597.863494
3301.428695
3192.083128
3329.627842
3862.817537
3201.710284
3265.983168
3664.131625
3580.892365
3453.598656
3775.191523
3234.800622
3347.471352
3494.255879
3341.149865
3181.41159
3135.793603
3238.843147
3470.194373
3020.928667
3438.497234
3374.006361
3544.639762
3555.849178
3243.683873
3660.676522
3663.17196
3032.885635
3285.935545
3257.029482
3222.978617
3439.583965
3106.916088
3435.922554
3115.205339
3296.636611
3325.842853
3455.858641
3469.276265
3468.325627
3392.825063
3670.698047
3484.854403
3620.110247
3473.582902
3643.512487
3656.732296
3453.975688
3370.963684
3110.517494
3375.896286
3207.501188
3600.45783
3488.925106
3561.654795
3703.888668
3455.390179
3296.620427
3071.597712
3235.434498
3245.203909
3264.673858
3395.789813
3510.286862
3128.566566
3720.624223
3224.373258
3289.495675
3608.718253
3653.402034
3450.778755
3517.826748
3602.123169
3594.308136
3224.29262
3366.667691
3235.91505
3198.73453
3495.393163
3388.623519
3476.390607
3469.662582
3579.615888
3640.297735
3733.926234
3537.064352
3393.508282
3271.52873
3420.595942
3285.842245
3119.767352
3484.230004
3338.484893
2671.948511
2862.70961
2896.126571
3488.768225
3539.208544
3510.921039
3155.340361
3100.881914
3283.247034
3239.572989
3174.121118
3475.286342
3476.661998
3702.502164
3430.646706
3442.050172
3639.081705
3551.572287
3613.311613
3582.065806
3214.765634
3036.052933
3242.406324
3132.318209
3287.927345
3651.39324
3546.845948
3600.693345
3595.022464
3655.834634
3769.646824
3599.933129
3462.41133
3264.407224
3158.067142
3340.590452
3463.735565
3006.728306
3237.380623
3408.605562
3275.440974
2561.331725
3687.031018
3037.044659
3071.887659
3558.321917
3558.442532
2743.348305
3298.058796
3525.158081
3393.383774
3714.627552
3691.003547
3355.582205
3271.900694
3385.389864
3010.42791
3267.010444
3442.506915
3684.881609
3577.559284
3512.052481
3527.685014
3707.203503
3409.825152
3407.100676
3659.803032
3379.685532
3325.561966
3367.52169
3674.039235
3297.986746
3471.458602
3044.697982
3410.445212
3481.53457
3390.639665
3557.803632
3226.700432
3106.344091
3295.406614
3144.701262
3003.014624
3241.445823
3474.879602
3274.853719
3142.386473
3360.625741
3262.185959
3377.538968
3599.432383
3441.758915
3397.533269
3426.74376
3660.238769
3481.775965
3364.560769
3455.510967
3563.219182
3544.651762
3330.108698
3504.644144
3552.528732
3324.971585
3161.189898
3361.32577
3538.783115
3417.798047
3600.133031
3638.272899
3629.512022
3009.176361
3555.775744
3125.943531
3217.085546
3075.965905
3407.893145
2840.752261
3644.665685
3641.447295
3445.972678
3508.55251
3484.570159
3302.417519
3279.979405
3645.07264
3451.176474
3350.388151
3328.662978
3496.866961
3902.621781
3513.535528
3541.278918
3525.382211
3547.050773
3684.505741
3395.461122
3263.068346
3392.598335
3082.27017
2978.531818
3590.929836
3427.235007
3567.310012
3709.888175
3593.404553
2853.76327
3426.59903
3528.389993
3150.580058
3204.661475
3239.89825
3350.16948
3561.012176
3481.651687
3648.565731
3704.341006
3363.439866
3668.041462
3375.309377
2979.577132
3387.179016
3685.72217
3542.947516
3547.495808
3681.439111
3165.681809
3267.029911
3351.641579
3457.172666
3487.374964
3527.103647
3487.807634
3773.55894
3702.310146
3609.220123
3586.521534
3628.969409
3255.542022
3310.817369
3415.736573
3406.360003
3141.122125
3322.600362
3650.893801
3294.237182
2843.234679
2847.642827
2881.163924
3453.858337
3485.937963
3375.441611
3113.631999
3731.340852
2693.533735
3372.628426
3136.54172
3619.599946
3705.654426
3427.034147
3249.420917
3100.179893
3283.124928
3672.894734
3493.835807
3545.485438
3485.337658
3395.707018
3417.386089
3320.135428
2959.357633
3247.367971
3411.047055
3793.532524
3338.668585
3169.595144
3007.492711
3064.433387
3541.204887
3576.942985
3827.286122
3614.231498
3649.90787
3162.042667
3482.385531
3788.317414
3503.721691
3580.859657
3448.989851
3525.512068
3275.671289
3016.656053
3133.835805
3423.953003
3481.733453
3401.381618
3674.296442
3690.323335
3503.806542
3477.920978
3602.857421
3511.186787
3131.16618
3177.853178
3318.179534
3649.104646
3703.875344
3772.715733
3592.417815
3578.289038
3140.063258
3297.656482
3302.616067
3301.949988
3559.346303
3361.801202
3442.029006
3298.475735
3117.404831
3024.930697
3307.949063
3433.785273
3251.175841
3446.828619
3475.968338
3229.349778
3254.142057
3138.735711
3104.072638
3295.099895
2517.445212
3729.343937
3491.206766
3512.691322
3482.309585
3615.013959
3216.647026
3172.575813
3629.003069
3326.986646
3545.365641
3346.609789
3079.967974
3029.609589
3213.902723
3106.890001
3107.35537
3197.25192
3336.554439
3477.250745
3483.64029
3644.457343
3617.333989
3452.546037
3627.326431
3421.426679
3419.130359
3544.05332
3423.964137
3200.472616
3881.925223
3365.884851
3465.320997
3500.244097
3425.213188
3355.492531
3549.838707
3447.442948
3542.174438
3475.518654
3551.697804
3190.340841
3014.962778
3125.623147
2972.613065
3656.993518
3586.572004
3559.406597
3593.034357
2788.419934
3199.838082
3346.036515
3639.222441
3331.408853
3214.677697
3288.831463
3651.870182
3318.903733
3638.433774
3839.508705
3691.332303
3465.352761
2789.191656
3469.714274
3138.092474
3720.294756
3626.823931
3851.242512
3617.114896
3174.62452
3545.94216
3871.427139
3493.483345
3494.593235
3566.824169
3700.453003
3680.932685
3476.530457
3259.300099
3082.303308
3476.056995
3309.083562
3398.208021
3552.985385
3575.0437
3768.155355
3700.686395
3596.884526
3555.810012
3514.881853
3439.165384
3299.361601
3395.23096
3494.457307
3383.536803
3226.99624
3422.366109
3603.256546
3262.669584
3096.050449
2897.806207
2909.382198
3354.29004
3429.68628
3170.202867
3048.182521
3800.941718
3390.67302
3225.809493
3087.668265
3287.623765
3735.17994
3584.750309
3656.989246
3282.24712
3476.424028
3284.818155
3242.998502
3719.798086
2808.78939
3572.857508
2953.810908
3149.253223
3551.241781
3486.468469
3463.471856
3635.620907
3683.150149
3572.037511
3550.705803
3549.146727
3434.900446
3145.512024
3179.541106
3339.114678
3314.981676
3132.628808
3055.633189
3042.632127
3068.084248
3300.093161
3485.828613
3640.527033
3806.854133
3755.378237
3777.556096
3588.807769
3680.009277
3335.667164
3177.500627
3265.13037
2039.332726
3568.905852
3902.508536
3119.305652
3108.241638
3144.100926
2990.925335
3644.730151
3756.394292
3400.062999
3833.906232
3707.582897
3745.732971
3616.703485
3574.391152
3546.074097
3343.614845
3801.229247
3706.691549
3672.289735
3530.812585
3495.564858
3070.710839
3153.871557
3408.268629
3743.147497
3210.833267
3251.81483
3601.472796
3454.483391
3591.182138
3425.287707
3772.332993
3523.586084
3108.319015
3212.616125
3264.786359
3375.36001
3372.149608
3432.422242
3280.97682
3531.204968
3572.889586
3500.899954
3508.175198
3666.024272
3454.722459
3386.123904
3467.383589
3510.259398
2886.473364
3515.339996
3522.843502
3497.778909
3388.595401
3540.89927
3518.035156
3529.843692
3389.284392
3440.42635
3677.669539
3169.518504
3194.483985
3174.397976
3357.895106
3676.767505
3674.310926
3209.206957
3718.796649
3205.403626
3616.706469
3593.51338
3290.27103
3221.469749
3575.942498
3283.451844
3649.406482
3482.210553
3502.695952
3577.369364
3671.361079
2565.592847
2787.690232
3695.847536
2784.676373
3271.435189
3004.28738
3703.995729
3554.394546
3583.354987
3572.619531
2897.160227
3145.369245
3712.185279
3387.457235
3480.176141
3177.027973
3178.479379
3749.576431
3180.036533
3632.11472
2978.03485
3531.647269
2680.192345
3579.442125
3473.771985
3405.634259
3436.855248
3097.000705
3176.979218
3675.72317
3209.191566
3215.240949
3205.533801
3352.029367
3366.045048
3481.151783
3508.222306
3604.782844
3446.588323
3504.956346
3539.780964
3408.759985
3245.739298
3398.954897
3165.324135
3736.672729
3769.294085
3594.726044
3565.140946
3250.459815
3262.199974
3144.090793
3612.879912
3056.411725
3515.224219
3027.159098
3771.0331
2763.287064
3613.156317
3904.991421
3764.492185
3745.971971
3376.710997
3271.973115
3364.433011
3845.520079
3319.221161
3539.807734
3645.19137
3777.132844
3704.977335
3650.239587
3711.004607
3525.081644
3426.063463
3454.418254
3349.335839
3501.612879
3547.591112
3528.294652
3350.095628
3337.651826
3510.088394
3585.480726
3264.739488
3322.836345
3042.94118
2961.18182
3277.457947
3307.758476
3336.862986
3260.757786
3123.800297
3893.60098
3311.097889
3224.454083
3182.410787
3755.37126
3663.353359
3777.847825
3357.586786
3188.855174
3568.112556
3590.228178
3614.654257
3233.789036
1750.553043
3667.618415
3949.63692
2912.780347
3071.910709
3349.010158
2946.873889
3700.108497
3763.43129
3261.184453
3841.569091
3723.932113
3881.146397
3564.017258
2619.736724
3681.150732
3611.121342
3229.788556
3807.039531
3850.166314
3485.567074
3529.053224
3094.805502
3415.228217
3513.328672
3462.457443
3535.965202
3527.414229
3314.664685
3340.990046
3439.298715
3194.576876
3424.552288
3505.362189
3546.598545
3604.660862
3641.624175
3619.621242
3613.166906
3472.162082
3380.191744
3150.856193
3167.049156
3331.013751
3315.008669
3154.665042
3078.169314
3083.79254
3097.332147
3368.225385
3470.560699
3740.403509
3449.382671
3491.202504
3475.750851
3158.924777
3143.914265
3147.831957
3657.752891
3238.889996
3478.019438
3528.284835
3546.353312
3466.491511
3535.231692
3259.230039
3336.788705
3443.7583
3701.065859
3490.898151
3493.401925
3494.5684
3354.846803
3436.532159
3380.519725
3329.978103
3513.95103
3055.546694
3596.098684
3297.006624
3758.511966
3059.788515
3548.084688
3254.903601
3207.308191
3470.562746
3646.24415
3709.318741
3695.10773
3676.937458
3413.954534
3290.916713
3314.465574
3333.76808
3539.529188
3594.893639
3450.034354
3199.495476
3259.72838
3394.658756
3249.846249
3100.86209
3131.83549
2973.261423
3063.41516
2984.865301
3065.861414
3019.36746
3083.973057
3214.276433
3426.434335
3514.812676
3488.634442
3509.907504
3594.643816
3587.977304
3320.000024
3226.898337
3115.556692
3091.917663
3217.71303
3203.213244
3113.047872
3018.84011
3006.928055
3168.675689
3316.144941
3180.532151
3246.534038
3232.532369
3413.407388
3776.575657
3609.491813
3782.213839
3747.078691
3708.325785
3277.386439
3291.980354
3400.197325
3703.00101
3340.162769
3211.760552
2650.048358
3573.902146
3695.316092
3914.132902
3093.865936
3031.02661
3218.334376
3092.879103
3465.476515
3099.010064
2884.352992
2577.049485
3071.40118
3113.960156
2967.655829
3289.806203
3528.76209
3320.809484
3310.094154
3468.79295
3580.534101
3509.995067
3462.952652
3439.690347
3476.713092
3436.496409
3315.639603
3508.714782
3575.265147
3110.991495
3105.075623
3385.578931
3484.037365
3412.96492
3478.730937
3230.652467
3179.517826
3593.018899
3524.063349
3646.90382
3198.091959
3549.792807
3559.439113
3847.970721
3152.200269
3988.607999
3177.314881
3246.238609
3344.652794
3762.484352
3714.568808
3902.366837
3243.974605
3119.309207
3622.552812
3867.984935
3292.290921
1652.720022
3725.966019
3998.11667
2724.05419
3063.289572
3574.021257
2925.345383
3722.989996
3758.562164
3200.20571
3718.644533
3958.394514
3540.567975
2401.122404
3827.554903
3662.067472
3175.287836
3816.992378
3779.712675
3980.23895
3442.770725
3640.936533
3854.567567
3112.521193
2995.691052
3126.773013
3107.44939
3276.739659
3378.665655
3527.806507
3441.561492
3118.973115
3501.983444
3195.815259
3333.70997
3520.508335
3086.34428
3581.741755
3615.698061
3671.638999
3449.499355
3113.599152
3635.726108
3376.406717
3432.051658
3414.97186
3346.631448
3076.410392
3109.122752
3550.446929
3482.835781
3559.140753
3523.538149
3566.726904
3552.599606
3968.369222
3711.428208
3784.279708
3406.263168
3565.402688
3947.241771
3727.437383
3687.581676
2829.372443
4020.390341
2887.448893
3292.440728
3130.475361
3538.938218
3290.002895
3413.426251
2921.889068
3403.09986
3130.656288
3009.559597
2700.615086
2830.44285
3204.105895
3085.757895
2723.518328
3020.682312
3456.743186
3487.291738
3428.638224
3274.233983
3505.59891
3235.965759
3246.969258
2754.86047
3365.273486
3242.309002
3083.022483
2890.801763
3596.866486
2460.644298
2647.887898
3385.699174
3410.699057
3709.422738
3931.752703
4024.643936
3718.495793
2881.232514
3577.847491
3558.308586
3357.528675
3672.940895
2700.525582
3653.858835
3640.866118
3538.937191
3969.874549
3624.350426
3693.959002
3799.650204
3555.243463
4126.55095
3623.493121
3611.644455
2932.130709
3129.382801
3642.240338
3734.264103
2668.391563
2811.039955
3581.158726
3641.286264
3890.139992
3985.560081
3725.542763
2674.898022
3795.595938
3096.439791
4067.834034
3041.412147
3277.482073
3393.566764
3748.989524
3729.833563
3971.309758
3073.744258
3191.987099
3718.304182
3588.006403
3960.320141
3385.8123
1853.807934
3712.54979
2536.490766
3794.084851
2990.64983
3694.218088
3746.383433
3861.340846
3702.374214
3984.605638
2332.862402
3694.415083
3203.701723
3824.094349
3766.008811
4034.820607
3451.603271
3422.739727
3744.549431
2384.162399
3018.155596
3307.666128
3548.166938
3628.62675
3605.324646
3179.515905
2970.621057
2868.061631
3176.413292
3460.028762
3433.561616
3134.30049
2768.627045
2767.805732
2956.500005
2400.649537
3093.32035
2898.187015
2776.241055
2387.197145
2536.757395
2393.455515
2536.404299
2661.823302
2699.147138
2995.05218
3362.033758
3391.450664
3125.741352
3301.011893
3479.186254
3471.295725
3077.181852
2761.355494
2936.21151
3001.161259
2747.891958
2846.893231
3016.335277
2973.329738
2780.878065
2666.313111
2539.584356
2960.422645
3087.510308
3549.403445
3982.889342
2494.812923
3541.782996
3996.956647
3731.449811
3777.142973
3689.254818
3783.727086
3470.98061
3577.424198
3223.480302
3020.242951
4050.50201
2632.630348
3072.414538
3198.524409
3752.823652
3257.460815
3588.692861
3493.612654
3752.884504
2648.728985
3528.363313
3708.698806
2628.332133
3455.205995
2443.161294
3372.620345
3416.084676
3120.222683
3513.053653
3175.662861
3402.243208
3525.212602
3312.739077
3357.608997
3298.325957
2922.475744
2705.84382
2536.07918
3182.381287
3906.83701
2759.139471
3182.522634
3037.736209
3653.584862
3317.269139
3974.965774
3561.819844
3540.000628
3525.327174
3061.573645
2747.715173
2842.513731
2317.689967
2833.740719
3031.796329
2991.214841
2699.131489
2618.68982
2488.527538
3227.938841
2964.941948
2764.777269
3077.66391
2983.366095
3209.738708
3420.770257
3420.867253
3088.628386
3218.84168
2885.741527
2971.966018
3047.038791
2682.922824
3053.578721
3223.557895
3422.847077
2185.192496
3739.459409
3708.110092
3573.652249
3972.127913
3573.727732
2385.162837
3739.92142
4039.231852
3653.347707
3258.523806
3050.003307
3603.140669
3567.465315
3587.051953
3573.893403
3447.911817
3186.074221
2993.15022
3277.098225
3451.787986
3335.200678
2603.845182
2599.194649
2885.965961
2475.149622
2556.266001
2997.660977
2832.227644
2782.76987
2543.485352
2421.569669
2561.21985
2392.153818
2602.903183
2603.341099
2829.068458
3148.822468
3259.492061
3035.294035
3675.642919
2784.901928
3596.332745
3921.4434
3840.00834
3798.672033
3383.432653
3423.215932
3208.053063
3663.263532
2875.291682
2639.902036
2433.872764
2431.11406
2410.479687
3465.660844
3527.203576
1998.43839
3142.654393
3993.961726
3507.898914
3352.593764
3544.472995
3490.84008
2582.744042
3143.643962
3379.415373
2821.18609
3184.533061
3255.564322
2858.062086
2616.092527
2522.515365
3180.158321
4000.841393
3760.541021
3567.275386
3682.468525
3313.381081
2960.387388
4047.566594
3190.985971
4075.425359
2958.444501
3365.789045
3662.922162
3498.3388
3671.28745
3727.622617
3972.519862
2956.496767
3279.898073
3604.873131
3969.815178
2278.918716
3886.710718
2354.014813
3273.501404
3899.086195
3191.794578
3636.876787
3715.604788
3178.613187
3279.473651
3867.395168
3688.869121
3583.220609
2626.611721
3930.629566
3311.595283
3737.223027
4058.649993
3475.894378
3305.283723
3704.041492
3863.612872
3338.423283
3444.347364
3649.504915
2995.492972
2972.755335
4117.120748
3939.2288
2915.798126
3285.417407
3486.058089
3695.881487
3656.139049
3317.556264
3790.081513
3772.068742
2447.747343
3683.071637
2579.315139
2475.348768
3636.387653
3123.641525
3756.025502
3455.590893
3727.439731
3743.764241
2750.032775
3682.612002
3572.747445
2561.920642
3715.626583
3717.810019
3695.505322
3117.981029
3931.280289
3707.201643
3827.551777
2845.289967
2844.134945
2633.150283
2608.926805
3377.705301
3204.093301
3336.785032
3438.235294
3441.994494
3381.705154
3261.676315
3522.41596
3478.385316
3458.185962
3397.786959
3445.278163
2268.627363
2498.328528
2847.864942
2991.004643
3178.330881
2853.478983
3152.441312
3398.6197
3402.268857
6741.305531
6776.483046
6917.789116
6771.330862
6621.39022
6552.487511
6348.511971
6378.365301
6338.752378
6525.184732
6589.200789
6485.729356
6458.706633
6464.363615
6697.839788
6820.607449
6861.37155
6706.945868
6699.190644
6517.186287
6641.800752
6896.788716
6705.037518
6657.690608
6575.266489
6776.102469
6871.025746
6649.465403
6631.425822
6643.141496
6532.180108
6481.644813
6384.854133
6556.132354
6635.117456
6474.349632
6492.656894
6275.276268
6346.270945
6388.800571
6675.549866
7076.163045
7786.609834
6554.680557
6554.43347
6739.249378
2673.626526
2552.589085
6073.982507
6542.855579
6391.054838
3139.836363
6577.097546
6265.776978
6286.582369
6438.705232
3281.091029
6607.722759
2692.158794
6292.651188
6476.007823
3417.938843
6669.007559
6810.106125
6616.879721
2621.752646
6505.207161
2901.612311
2665.849619
2928.638314
2472.21357
2643.690273
2965.128198
6807.176045
3745.526662
1774.269852
3803.123035
3755.404992
3963.627046
3549.014402
3095.224088
3433.840012
3921.549187
3482.059375
3662.778541
2480.807684
3589.197824
3580.579597
2328.016244
3709.948809
3480.858042
3088.936876
3565.062462
4033.644482
3750.902336
3721.411193
3839.256823
3348.116838
4059.916139
3021.501242
3627.046281
3190.432456
3733.975696
3964.931666
2982.167037
3800.756925
3662.20586
3951.533561
3453.581335
2901.614613
3594.886218
3749.803176
1762.094444
3387.951293
3709.288972
3148.363665
3515.99973
3991.695705
3704.197588
3727.072067
3739.23943
3394.269162
3669.195839
3493.113961
3042.624545
3550.28455
3737.797185
2395.82445
3507.869586
3466.863142
3554.728468
3637.82385
3893.797263
3685.057468
3987.965912
3111.14922
3907.01198
3720.319384
3858.04191
3709.497733
4049.03441
3442.515275
6801.937072
2943.100668
3506.791023
3490.603745
3875.257136
3558.346612
3282.083568
3329.012461
3682.521292
3354.307636
3172.744063
3711.91845
3884.32848
3798.168338
2439.96447
3684.135786
1973.501517
3749.116996
2688.122289
3710.120456
3526.712188
3454.185835
3654.7758
3938.505639
3708.538838
4003.444517
6475.756637
6496.248663
6480.101592
2644.567184
6630.494902
3330.163614
2332.014987
3601.720339
2633.358986
2734.723958
6692.844069
6617.794662
3007.400049
6291.183729
6697.23556
3273.634912
6425.541103
6669.626769
6290.685211
6828.350675
6441.150203
6797.12003
6795.243658
6486.709052
4030.667112
3527.296856
3692.805854
3777.50899
3741.449035
3688.220886
3958.01006
3989.120391
3659.097727
3674.224503
3739.413697
3609.823952
3769.951025
1955.515375
3739.098164
3423.504845
3651.479237
14285.71274
14285.71266
14285.71315
14285.71335
14285.71356
14285.71396
6774.77728
14285.7136
14285.71316
6812.705208
6642.034603
6753.481773
14285.71409
14285.71318
14285.71345
14285.71366
14285.71367
14285.71295
14285.71315
14285.71374
14285.71417
14285.71387
14285.71423
14285.71425
14285.71273
14285.71322
14285.71371
14285.7142
14285.71315
14285.71386
14285.71385
4157.336919
4198.576872
3692.694629
3543.889874
3733.442447
3837.54437
3763.839723
1707.899305
4001.490216
3584.289599
3296.784011
3647.915493
3773.870212
3458.351407
3722.913733
3926.149958
3161.837334
3658.102542
3855.313903
3710.333648
3932.354111
3407.273407
3519.193743
3441.97975
2553.769165
3733.547047
4070.3327
3685.143814
3546.446486
3514.435053
3724.959804
4005.213891
3676.679042
3945.451713
3413.333084
14285.71343
14285.71347
14285.7132
14285.71373
14285.71409
14285.71299
14285.71389
14285.71395
14285.71346
14285.7134
6269.916199
14285.71303
14285.71372
14285.713
14285.71344
14285.71306
14285.71356
14285.71366
14285.71409
14285.71337
14285.71425
14285.71379
14285.71385
3553.653941
3940.46216
3650.282972
3707.977423
3986.185039
3695.182268
3329.891211
6605.239131
14285.71311
6645.830739
14285.71296
7266.98555
3756.895492
1473.363926
4034.784845
3373.904465
3968.446812
3433.388322
6592.310759
6468.631626
3514.263633
6820.834506
6794.76966
14285.7135
14285.71397
6668.354874
3963.911923
14285.7137
14285.71359
14285.71428
14285.71277
14285.71364
14285.71429
6640.214542
6740.989329
14285.71385
14285.71403
3687.927811
3357.300273
3497.475897
3615.225193
3654.967093
3830.486796
3780.800133
4012.667826
3735.671843
3952.636213
6216.340012
6415.239323
14285.71383
14285.71314
14285.71299
14285.71423
14285.71389
3319.561897
14285.7126
14285.7129
4013.0691
3649.492947
4121.495007
3651.718751
3551.838658
4070.282016
1672.488532
3520.817062
3864.58785
2212.089339
14285.71286
14285.71275
14285.71326
14285.71248
14285.71287
3324.971508
3006.034563
3999.081201
3522.977475
1563.590276
14285.71387
14285.71288
14285.71317
14285.71339
14285.71291
14285.71287
14285.71415
14285.71425
14285.71297
3801.021797
3651.664704
3889.366346
4120.882625
3238.356513
14285.71409
14285.71351
14285.71394
3369.654667
14285.71345
14285.71334
3671.014578
3684.854069
3959.477916
3865.137067
14285.71273
14285.71357
14285.71258
14285.71364
14285.71229
14285.71419
6111.41568
14285.71259
3491.324546
6609.44618
14285.71265
3919.047049
2588.066942
3139.594921
3937.984397
3175.647591
3771.954052
2891.050632
3585.884697
3494.689356
14285.71423
2335.034478
6412.008516
3655.944408
3799.100346
3665.697872
3324.784684
3837.85334
3365.666551
2664.412514
3053.04932
2808.363864
14285.71253
3772.547841
14285.71363
3456.186398
3874.328457
14285.71418
3739.796917
2417.782915
3009.262538
3304.76449
3931.626641
3413.084547
77.03899191
65.02370826
61.67402645
54.82036565
41.3071758
40.63292776
60.90127565
59.13037311
75.28255023
81.28268945
30.4693334
36.28983776
46.98469023
38.2836866
33.02559092
65.42536901
84.42614697
74.91298453
70.10376861
70.88005697
72.50440332
65.25242014
49.61190645
47.16253403
20.85121322
29.62690498
47.6457759
90.51002567
77.757455
36.05815959
21.7567679
31.47629608
53.67556
23.86023213
49.38789405
96.00966342
43.25789896
59.11279561
23.01660367
71.12579176
16.17112096
17.72274931
49.26272151
45.57343543
12.81718301
22.63392308
31.36372992
22.9138665
82.5281153
18.5230479
19.61264418
32.03684957
44.55810746
44.43653027
91.65861249
83.00696251
93.6379931
22.03559287
22.74364748
89.88741626
81.42308939
81.11277502
67.22377722
14.39688512
26.68236147
29.83126427
26.73040341
23.6819411
59.434842
19.77245418
24.7644126
29.27922834
65.70159574
89.847429
56.20327711
68.45942281
75.05615017
76.96550777
72.99947285
80.65422425
82.66039493
78.425857
81.70049771
73.89487451
71.99361317
73.69802024
72.84669311
78.56780968
62.81892543
39.08916926
66.63573276
70.45911384
79.78012793
79.68291485
55.11910756
45.53809527
33.10956137
71.67912047
26.936713
33.49077018
34.85079991
36.06914207
39.9560761
38.40648861
38.69605621
38.02426248
41.71478931
52.77392089
52.75004875
62.78910019
64.82228749
64.49019501
57.05872779
71.52771733
80.47658179
77.3504725
68.59629871
71.67465258
67.8876679
73.3177213
69.81564499
75.77422119
68.47335508
61.00471127
63.29057243
58.33660948
60.3614803
34.52331283
35.00202398
35.19698578
36.55892008
70.75643425
36.1200306
43.99242224
49.29943423
51.09997821
49.75224277
51.50086981
57.15687836
67.01663314
78.65444201
87.7980854
79.29206293
72.56148291
70.28879448
69.17603523
68.23384628
68.20788917
67.49457988
65.05935466
72.43342213
59.58066291
54.19488431
59.74819575
63.78460949
68.68647807
72.2680258
75.84240183
72.1279507
63.36730043
52.71728051
30.03684679
20.40695439
22.62786179
30.692752
33.89644625
36.31918111
37.38110938
31.94914066
32.30360514
31.29186073
29.67405315
31.44760856
33.29910115
34.49820518
38.61559564
33.50972955
35.00334812
33.7049724
32.04809009
46.77214965
40.51329972
53.47473177
35.11824476
43.46398381
48.41730082
50.60981301
48.35012234
46.81633833
56.62343059
52.56162439
60.54168018
79.78244243
58.63179625
114.8433514
91.10146228
80.70029545
72.9919757
72.12013262
69.80073004
69.68601131
64.66048883
61.9142881
57.97859497
52.44545768
66.75503704
72.90009355
84.23635436
84.04732658
44.5402323
67.59055809
23.39599873
19.6236616
19.87601155
21.73399703
22.93923126
24.15963294
24.98323465
47.92420941
28.60812724
26.76490228
27.70210538
27.26537698
28.48800284
31.20326644
30.37701444
27.82082466
31.71261788
31.52615166
34.14616524
31.26637639
29.58351725
51.97957623
43.10130947
37.89134358
30.94883558
72.95397959
71.35942238
38.23812483
75.84916467
25.96681755
38.27777101
20.99018737
63.56677237
27.10346809
26.40607092
23.08678615
51.92989646
26.28203687
23.73301638
54.04318424
37.95387956
22.32324435
68.65876462
97.01280582
46.28970219
52.17277695
68.46500397
78.0806991
81.25553086
56.47489583
63.20649412
19.85494675
24.96366201
47.92898987
48.3672758
46.35064065
15.39144517
25.36036235
29.3593717
33.67295229
48.28598404
49.16662623
62.16962785
53.70880184
54.12014718
57.05061834
56.47173358
53.63237434
51.13268332
62.06073657
69.8995113
69.34873027
84.48283291
35.64108603
28.79678425
18.80478131
20.33550502
21.96608841
23.40101054
22.76211757
23.65232745
22.1359411
21.34893723
21.28711749
23.04588165
23.85044992
20.99076008
20.95283884
17.38892655
11.34141429
20.24252239
18.52836776
11.47379064
17.3547699
17.77980762
22.0640804
21.49501201
22.38438173
24.06712529
23.52632925
25.06693172
22.99319279
26.00851906
24.98738046
26.0987673
24.06457757
27.73367353
25.13400876
25.42176585
22.75008449
24.99110058
24.94517852
26.03733133
24.27353971
23.97662882
11.50061716
23.36248216
15.50073316
23.01885246
31.32742142
29.14992261
25.40132258
36.31798832
50.84051089
34.33429382
46.98719293
54.18465388
51.52846122
55.63440178
45.87981725
42.80169304
31.36134722
21.12440237
23.22539361
37.02864077
53.709672
85.71128204
68.51786453
61.56724812
53.87726043
59.31639321
71.42941864
77.96358185
64.00076001
67.60304023
71.93179351
77.62513779
78.73212273
76.94186364
79.11253949
67.1524031
56.76637914
55.12007219
55.44289406
52.56964948
53.59185773
47.90652259
73.16222208
28.69976831
24.87886302
48.12343649
23.16526166
142.3570288
85.46077596
93.11581671
77.50716776
58.31329483
65.44432943
24.71992974
49.33505017
18.17096681
27.40159449
17.37868522
22.44771346
18.29548079
29.47436204
22.36904693
12.93126762
25.24926364
61.57815043
31.5988395
50.32974499
41.3503716
68.5987007
46.89079273
61.39854147
40.25116846
30.3293968
18.27126395
22.52376085
57.82667585
22.75866351
34.82971769
24.38649181
13.27237698
17.58863741
17.34703336
22.78533489
22.96313264
17.31538794
22.55069418
20.58460606
24.41182904
36.71344731
15.43708964
58.60814761
36.0178819
46.11820493
46.79262488
48.66117723
29.63850713
74.47018397
34.97412028
71.31835907
33.63880089
28.2144287
27.08698909
79.0126959
37.92284618
43.48123409
24.58544476
38.57270483
115.9877217
47.1229567
70.57252503
81.92324222
50.19778657
116.440323
46.71832566
44.84507175
89.01770193
51.35347882
50.38079573
84.9294895
38.6520792
81.49524522
60.60712496
39.02091369
52.12127695
36.02848755
41.16747064
32.040674
27.32911696
17.92035273
16.54258477
22.01707363
14.64548198
33.21687661
30.95127432
83.20223092
67.7911173
56.79939656
18.63648256
19.82050643
557.658919
95.47756324
521.7077735
21.50201251
615.6087253
22.88595389
699.416405
23.03121545
21.35033272
735.9421219
19.96134274
664.5312373
480.8769661
17.9224581
674.9175809
591.5498941
751.9786095
39.04809954
862.5343497
23.46842041
75.82530478
68.21533525
668.0534278
614.8836543
750.9698837
697.6138586
20.97118276
687.285656
723.0797
17.28600087
652.9949437
589.8740484
25.54351011
352.1926157
805.5202303
108.508528
692.0843683
649.3015334
547.7342264
798.083201
720.9392127
612.2281968
604.2475507
755.682556
41.30378979
688.156406
738.3178463
663.0461301
654.3048562
781.6394355
624.1285924
620.3252219
756.5725301
707.8964917
754.6690947
643.3998708
672.8577456
782.937853
698.1644811
542.1900719
12.78210499
685.6639592
601.0780642
587.7642434
732.7442229
662.629605
704.019158
571.2223269
752.5389543
732.5291423
616.5979173
678.5209613
753.9079161
671.4814524
623.7301271
828.9251712
629.6306264
639.1439948
742.7102727
687.061897
643.610069
692.6866939
327.5855856
686.8960623
56.00171898
704.5303129
674.0175851
24.01112315
694.7127711
77.23767697
664.6210538
691.6448854
28.48125336
642.0403807
651.4042161
45.93366738
654.3340446
678.5177203
630.3978384
601.8585411
12.4524584
798.1216543
636.6876629
371.4198832
690.2282852
696.9804347
664.013359
351.9243375
823.4027855
729.6847529
60.74726555
646.305601
628.0125082
630.1022293
28.93502707
682.0039556
659.8030986
615.3423602
18.0798084
666.304209
746.3589549
19.3426723
688.7792033
679.2399543
740.3499976
571.331024
62.55006365
</DataArray>
<DataArray type="Float64" Name="mach" format="ascii">
2.410780121
2.293907669
2.088247931
2.573250765
2.635427473
2.547711066
2.517879905
2.357784063
2.294341746
2.502063518
2.548229903
2.236797458
2.338053866
2.627030722
2.590459855
2.613075885
2.563341794
2.417609876
2.435419496
2.352833436
2.448162871
2.265210053
2.503627451
2.605974004
2.558655382
2.530556398
2.568636222
2.526760531
2.477539721
2.480435562
2.50660827
2.479284589
2.491702988
2.494559919
2.451383886
2.474374373
2.476751868
2.424491024
2.483246208
2.530620883
2.528857067
2.532363976
2.535927143
2.512240446
2.474864709
2.510348758
2.470775239
2.566549303
2.471409969
2.467647487
2.465347388
2.435153026
2.549357268
2.54566955
2.57247605
2.592856286
2.527167479
2.475851229
2.548890206
2.471453372
2.550444366
2.549988568
2.637383339
2.338284411
2.040096113
2.282704857
2.543240715
2.617806973
2.658901613
2.554809701
2.116384429
2.470189224
2.495129825
2.484363689
2.545105924
2.552011341
2.537123652
2.567791266
2.591649188
2.592305731
2.583263058
2.605888965
2.504406579
2.519950649
2.528798775
2.55591439
2.455309043
2.475358252
2.398042377
2.48098323
2.494108945
2.491191353
2.48313441
2.4883891
2.58310481
2.586046669
2.243192811
2.496323084
2.291514958
2.283237061
2.571523648
2.54703938
2.606968956
2.609590953
2.612000726
2.563417485
2.675175198
2.553418886
2.441278541
2.534480025
2.481486334
2.536455927
2.558170266
2.593318536
2.598195798
2.618435608
2.582907314
2.592404736
2.596291344
2.601537275
2.431648467
2.506157432
2.445376428
2.539253923
2.446383464
2.539277511
2.483481458
2.541213306
2.569922847
2.537592863
2.569520241
2.4359851
1.870553879
2.009527341
2.263238009
2.537747065
2.62587338
2.67622421
2.628790638
2.568586682
2.399754834
2.306348523
2.625602883
2.648303046
2.490782464
2.10602249
2.059797692
2.342795296
2.46388148
2.528720046
2.533734405
2.498669946
2.547461855
2.486581501
2.546275198
2.583838953
2.567896056
1.996349475
2.569095546
2.617742087
2.240500309
2.541173821
2.533495738
2.400350724
2.480157669
2.500270052
2.1152308
2.080628286
2.598774734
2.623868563
2.60609266
2.520934532
2.551999107
2.370539024
2.381025066
2.345984575
2.319296156
2.55978546
2.445757277
2.494099821
2.615229446
2.287787193
2.580422745
2.363005357
2.228731579
2.552816911
2.336205294
2.609855105
2.613907004
2.611992763
2.56466064
2.564473816
2.48240527
2.571480238
2.475253364
2.465961487
2.482738297
2.455793649
2.427409034
2.436923402
2.510975229
2.558465291
2.599652931
2.451681066
2.501613993
2.33524656
2.130853563
2.34511704
2.295519575
2.478275757
2.612303459
2.677795507
2.63838655
2.549633175
2.529906696
2.251844126
2.079971303
2.426182085
2.239828895
2.479815887
2.469187492
2.522133355
2.517818143
2.490696361
2.466017188
2.52111908
2.544135331
2.591644511
2.556064132
2.587001414
2.605667337
2.605766157
2.594135795
2.606443401
2.45022055
2.485810457
2.518729979
2.494115793
2.501649024
2.500842854
2.560182825
2.495420658
2.446469541
2.363957356
2.447201872
2.54017773
2.594028023
2.616838523
2.669029838
2.544295597
2.555344197
2.546282675
2.563834223
2.618013008
2.588606137
2.599871206
2.610293664
2.576871586
2.599153294
2.53515042
2.542851642
2.484100088
2.573155877
2.441033831
1.933144703
2.448794441
2.256337834
2.582308498
2.605752503
2.685063478
2.515107238
2.519355661
2.523141603
2.445528184
2.565059585
2.51745413
2.536277307
2.541156749
2.537267341
2.584626618
2.614635812
2.605800154
2.607557139
2.614853686
2.520145981
2.325043516
2.576835696
2.608926534
2.415251796
2.538129999
2.657844122
2.563589268
2.239422875
2.544886187
2.61873842
2.454978103
2.517948066
2.453650453
2.54059213
2.605793481
2.58976675
2.56503948
2.593119371
2.554277282
2.302122749
2.467802338
2.494817084
2.449716619
2.428842802
2.473750389
2.472374136
2.466623503
2.523113314
2.457710981
2.425079819
2.435573654
2.293123157
2.556577657
2.097531658
2.569066229
2.148164568
2.284922575
2.248811929
2.506667133
2.189934787
2.570545164
2.341540823
2.640388245
2.62351422
2.667070141
2.47294203
2.615553916
2.655417138
2.487107406
2.496854631
2.274215185
2.434754274
2.295286662
2.480573094
2.468578131
2.561444489
2.594892635
2.493433848
2.486644997
2.52323219
2.449471651
2.538053422
2.522694892
2.516737646
2.568257487
2.585396388
2.541838083
2.509360343
2.518885744
2.337475257
2.492746951
2.086996099
2.63767888
2.302140928
2.593175966
2.573031127
2.539715546
2.148000335
2.502313529
2.517686146
2.53063684
2.470988528
2.566243474
2.572903458
2.581226261
2.576523589
2.27199195
2.429615269
2.599623298
2.547645619
2.315435568
1.823410554
2.446397701
2.586005555
2.53620493
2.43970839
2.53726786
2.382883932
2.066319364
2.424019313
2.657381157
2.659378644
2.498104227
2.458918616
2.348464121
2.01639603
2.36647939
2.660713805
2.207480478
2.325644253
2.621842528
2.639164728
2.622079945
2.578753454
2.434389848
2.518660113
2.538508705
2.382921639
2.491800809
2.473430531
2.529443544
2.632998685
2.55539524
2.488183818
2.423637099
2.351729843
2.321572313
2.584127293
2.618111309
2.498742697
2.041950343
2.558442009
2.529972889
2.464947592
2.406833491
2.472734408
2.48000874
2.526892952
2.513725982
2.527257649
2.543442151
2.532503801
2.318704767
2.35521957
2.403042222
2.418784216
2.545942476
2.562225429
2.614536526
2.657059885
2.570593516
2.546971579
2.49083122
2.577362968
2.243030225
2.576062347
2.45098991
2.557920192
2.470329269
2.413470424
2.600060393
2.630110703
2.634222084
2.588719594
2.512463263
2.521726963
2.41923294
2.536356229
2.574341506
2.573986237
2.539240692
2.504019816
2.58636137
2.426126857
2.260280942
2.250197953
2.537041126
2.61417954
2.600507176
2.470089959
2.507406737
2.490371072
2.408281363
2.489474834
2.519424351
2.530256124
2.512949701
2.427203856
2.530770327
2.434922515
2.126979897
2.403358441
2.633344394
2.617097981
2.565408295
2.59859582
2.524603319
2.457620295
2.533976444
2.480331444
2.51995244
2.574901245
2.467317831
2.129883423
2.243656298
2.466778049
2.519346376
2.42316245
2.533742236
2.540528362
2.513856531
2.617673985
2.61725813
2.559795278
2.550843915
2.268550636
2.164355084
2.515134985
2.592780652
2.684870255
2.644458113
2.182989501
2.582850528
2.58595471
2.610962082
2.51751582
2.530157815
2.421502934
2.101093391
2.55493147
2.581016473
2.672557103
2.459680519
2.531932904
2.443231926
2.545825458
2.494742901
2.58852701
2.616106603
2.527622184
2.549005253
2.429877871
2.588163024
2.603858311
2.550497423
2.577557163
2.603132946
2.538043603
2.607583585
2.61032789
2.563452897
2.4862288
2.476920985
2.527111204
2.474883797
2.443560779
2.51015834
2.514991444
2.519440768
2.546820619
2.500239018
1.948239455
2.51193768
2.268756468
2.451794993
2.582079313
2.612634616
2.530115433
2.493853035
2.521386522
2.587527167
2.445674002
2.042731262
2.52687809
2.656230342
2.66423334
2.48827806
2.424058881
2.367116587
2.390352402
2.678316055
2.591754846
2.200910488
2.306089777
2.605650287
2.619156086
2.591313532
2.407109624
2.5680302
2.54387915
2.359225516
2.469635658
2.510650215
2.683596853
2.53703492
2.6082972
2.47992485
2.40756262
1.877861399
2.359998412
2.605625948
2.332318217
1.770577866
2.454844685
2.596048883
2.535477828
2.403730772
2.53427869
2.507170268
2.621743832
2.68508337
2.464514456
2.006184742
2.572373972
2.520487297
2.454058857
2.410668804
2.470589108
2.442041201
2.528270442
2.532570282
2.525275818
2.518670165
2.522799026
2.472542371
2.329444181
2.330516487
2.37500771
2.422738664
2.544372281
2.509830594
2.601526429
2.64238243
2.590616206
2.557723032
2.554110253
2.621230878
2.387286465
2.605180667
2.637877156
2.6363524
2.589107864
2.499548719
2.514452474
2.395845552
2.596935513
2.517009696
2.432553341
2.587902016
2.25102789
2.575423363
2.407835813
2.608385241
2.607346132
2.561985738
2.598688144
2.513218486
2.457485314
2.529099277
2.470896021
2.503361768
2.580244203
2.484762746
2.157695988
2.226055404
2.440432912
2.588793738
2.679979617
2.644866163
2.568580928
2.441251871
2.342322177
2.394563886
2.520292518
2.39782653
2.51335239
2.527687181
2.540940915
2.491722965
2.576328043
2.609716148
2.627541075
2.843833025
2.400248994
2.244946487
2.273248861
2.556807159
2.582682095
2.620167641
2.45393444
2.455097714
2.541712457
2.488390762
2.494223277
2.382611807
2.497412181
2.443637964
2.52088019
2.570512714
2.51079077
2.488041849
2.387064061
2.542844742
2.299370556
2.537729044
2.236229719
2.284326892
2.420442873
2.334112321
2.592857108
2.526625173
2.538857218
2.337327903
2.617883132
2.408946551
2.484408731
2.277863346
2.280745773
2.388838183
2.462053106
2.493541249
2.583980393
2.578976801
2.561918622
2.551696277
2.605415723
2.603631945
2.470288672
2.486467227
2.489803995
2.531610592
2.558806042
2.594066796
2.433720306
2.559400332
2.583472768
2.352259811
2.43478282
2.341857303
2.56421726
2.571686754
2.527242253
1.964475275
2.542951451
2.417571333
2.235516298
2.280023495
2.480247992
2.490013377
2.345680097
2.423134724
2.368956553
2.476692463
2.450608952
2.55114034
2.490844165
2.332263708
2.189092041
1.741244174
2.471842393
2.587743904
2.541440298
2.530547746
2.76723211
2.795084571
2.286162482
2.609737722
2.625289066
2.678232638
2.478875212
2.391487357
1.885592079
2.418496233
2.654009984
2.212578402
2.302538047
2.586250838
2.57048173
2.623880791
2.625967484
2.378633157
2.617297552
2.545584795
2.606961075
2.495591035
2.71939557
2.510523218
2.284762508
2.520497251
2.573148723
2.598010902
2.242562751
2.412135545
2.354379281
2.367747101
2.478163372
2.605055827
2.596629228
2.564138789
2.487605516
2.460619132
2.496359276
2.493089365
2.519297984
2.539113704
2.476168996
2.265632418
2.612356427
2.473378061
2.369458702
2.369052209
2.397123844
2.593761417
2.619110821
2.679819419
2.434761356
1.966034474
2.352352818
2.540174279
2.363526589
2.676500555
2.533786274
2.371573168
2.519097953
2.4784166
2.573809633
2.590192391
2.660276709
2.377445877
2.588919579
2.521620621
2.443318921
2.406088439
2.46626053
2.433821474
2.453815515
2.525950141
2.54143555
2.503050179
2.503864798
2.496304297
2.506912624
2.460015953
2.338414697
2.302272795
2.346836182
2.376352771
2.52405127
2.458467397
2.551498851
2.628958254
2.599871021
2.57229214
2.495601352
2.502542263
2.585518965
2.359003817
2.625484226
2.640307604
2.615768781
2.493443031
2.510790411
2.365294755
2.561141486
2.61657892
2.552121553
2.505632938
2.368282697
2.5841806
2.994108935
2.390133586
2.242661137
2.277193065
2.579347135
2.532388041
2.637127208
2.441629302
2.453736961
2.57253556
2.483445836
2.501593634
2.353402317
2.507739166
2.690711787
2.41749264
2.514336134
2.593727614
2.507219463
2.347611824
2.553985241
2.486585028
2.298705145
2.483628238
2.531473414
2.488806015
2.517686459
2.514313008
2.569267004
2.563297856
2.55040676
2.584634082
2.547909497
2.593911
2.494750991
2.457649586
2.52442606
2.465293833
2.486940085
2.586967529
2.488601933
2.188324559
2.22550578
2.4078603
2.574375411
2.674357878
2.645054376
2.558035873
2.428991388
2.313483067
2.392401951
2.387312344
2.266799075
2.479903321
2.560052084
2.565936994
2.58050758
2.417721745
2.47856909
2.36649032
2.566359371
2.488332846
2.48544677
2.477292289
2.520068077
2.200603208
2.263038159
2.556690771
2.373302213
2.453110531
2.526662018
2.466873843
2.545704569
2.533879376
2.588787181
2.585600479
2.528204283
2.566830574
2.349156205
2.590755605
2.489831176
2.675478564
2.36762515
2.603463805
2.628883229
2.542156353
2.45308206
2.419313905
2.465182804
2.464737398
2.5500344
2.57456678
2.522386073
2.516820351
2.491497135
2.504175855
2.48493163
2.390853129
2.346226262
2.37668667
2.421235592
2.556378623
2.526668667
2.634623548
2.662104736
2.667204413
2.582206195
2.624836604
2.627363637
2.60666273
2.580303694
2.598730221
2.484080429
2.549905886
2.483116643
2.506594722
2.621442226
2.524314287
2.228897543
2.265706762
2.412103332
2.594155911
2.692629901
2.591513115
2.469680506
2.368724337
2.428497363
2.714585389
2.634987788
2.641503934
2.562484339
2.471656111
2.53137474
2.519075903
2.530529503
2.426480881
2.651008392
2.61040327
2.562240408
1.804418814
1.746876991
2.607080536
2.733601139
2.486938399
2.468459834
2.35313973
2.648831244
2.669549541
2.585200215
2.655981166
2.585073733
2.015328288
2.002041402
2.871075322
2.61441723
2.520826661
2.463851043
2.28007486
2.5068222
2.567794218
2.61236461
2.483479726
2.445664224
2.527343949
2.538995772
2.551049461
2.531088456
2.549300393
2.538381739
2.407148649
2.537112032
2.295381828
2.29329625
2.330814846
2.313639866
2.538617154
2.523515476
2.560618143
2.601062106
2.544769516
2.59954527
2.364891462
1.708400314
2.46187313
2.558241636
2.371713176
2.623195442
2.32343741
2.670357872
2.632716478
2.582511823
2.483900064
2.510086123
2.328509665
2.567832284
2.63802908
2.517759292
2.321154064
2.561730168
3.056522565
2.390018889
2.209778203
2.281386937
2.60377067
2.479730577
2.671341732
2.433401746
2.452941617
2.589063991
2.511896866
2.333568909
2.513663988
2.793487956
2.375087759
2.505115469
2.60646518
2.497129185
2.495369769
2.317663812
2.565728986
2.537028098
2.472228733
2.334169163
2.307630627
2.408926735
2.507221064
2.581013621
2.515982118
2.50431294
2.491328787
2.518755058
2.331966495
2.301737932
2.427567856
2.553731426
2.257424134
2.577045483
2.564034989
2.435759961
2.515590356
2.298897665
2.490730341
2.469716265
2.47396755
2.543180009
2.507386064
2.550178223
2.653837994
2.554927066
2.540098112
2.556518322
2.608243098
2.49950057
2.42686257
2.346725952
2.51451462
2.51067158
2.578150544
2.570419855
2.330791569
2.475363749
2.465324032
2.676132169
2.319568373
2.22495961
2.561525866
2.602183482
2.450834499
1.847448798
2.483207523
2.71657348
2.581238388
2.708339316
2.564218126
2.795452535
2.720136184
2.632815415
2.416134613
2.673812674
2.731266834
2.57405105
2.480408909
2.505405923
2.573891996
2.462306746
2.569357088
2.389778094
2.713394306
2.629491441
2.633152911
2.332152385
2.441183136
2.397358668
3.029585898
2.935360457
2.548778065
2.669287096
2.480476338
2.327547219
2.300320736
2.402182516
1.672849211
2.450680621
2.527014864
2.59704493
2.392615121
1.653067181
2.458248512
2.552143975
2.580043202
2.324759092
2.532579985
2.486127407
2.464071923
2.493636112
2.268947642
2.546330083
2.546336668
2.689938079
2.634319626
2.53239887
2.312879446
2.214459799
1.818006457
2.405935279
2.418830516
2.350670079
2.321960064
2.472107805
2.669344319
2.240459997
2.646988518
2.27404524
2.712434325
2.628878069
2.581337229
2.479357009
2.519549904
2.301716242
2.603021244
2.605396073
2.518989021
2.545813706
2.30364092
2.548226555
2.990095336
2.402557532
2.296748379
2.431952816
2.666311026
2.435377245
2.451615883
2.45947658
2.527411301
2.309112077
2.834923925
2.499942399
2.612627691
2.484219105
2.512766644
2.289559742
2.567950399
2.626038557
2.43637854
1.829518671
2.739293134
2.62044114
2.503928499
2.489190199
2.476460118
2.661644236
2.736803048
2.763562821
2.620529094
2.538355031
2.573916382
2.651213325
2.674466416
2.634974992
2.581674663
2.924579087
2.633108143
2.697639538
2.789062093
3.00837316
2.89047655
2.992319012
2.947059489
2.905728751
2.905485578
2.790191697
2.674337266
2.601666162
2.674029624
2.636589703
2.543449672
2.563618772
2.737113241
2.78352251
2.344972405
2.32745691
2.63706765
2.781151492
2.750436092
2.731639809
2.762749155
2.715899597
2.745311001
2.591102326
2.536059324
2.454362362
2.306865618
2.810178528
2.561526308
2.317001089
2.540658049
2.507607102
2.529057619
2.46970029
2.567648122
2.531104457
2.656057729
2.76575534
2.2778267
2.81755612
2.660277668
2.602599786
2.509031357
2.315969609
2.564784764
2.579159564
2.319925924
2.549277846
2.473846322
2.477098067
2.744253819
2.444237761
2.815934103
2.606638146
2.554904087
2.711771205
2.499929288
2.632353983
2.585496162
2.537825786
2.570947403
2.596995695
2.625231738
2.757378039
2.799652501
2.769185509
2.481012199
2.330167533
2.556116131
2.586348702
2.673964301
2.528730139
2.591430126
2.184021017
2.511761508
2.494402438
2.524902653
2.744929927
2.827678365
2.835935434
3.02710097
2.487752292
2.429850466
2.701926446
2.666791042
2.802376706
3.001020919
2.602046874
2.778959703
2.43270534
2.304381737
2.407280802
2.310883661
2.644277422
2.601490168
2.648427573
2.638598746
2.757423096
2.762898758
2.701673509
2.91510555
2.730807096
2.674959132
2.627871347
1.580198897
2.465259335
2.530586671
2.581723202
2.303306361
2.547696962
1.579504135
2.453654235
2.276416955
2.501760708
2.606200915
2.77534757
2.48863733
2.493667209
2.499319217
2.505243072
2.56021773
2.693228581
2.779369357
2.6086569
2.539031966
2.602090292
2.900831498
2.843176874
2.668838722
2.949581927
2.949958479
2.708167769
2.824965055
2.87481918
3.019456867
3.046237443
2.932088953
3.090369755
3.032563841
3.052927683
2.934226864
2.755025723
2.673868079
2.777999355
2.459408523
2.703201407
2.546124756
2.314127437
2.35102685
2.500464784
2.538876772
2.539224725
2.629282092
2.541231744
2.682217686
2.006169925
1.987679612
2.930980423
2.83796173
2.57897936
2.61210513
1.786519403
2.576811645
2.285369925
2.589375341
2.617180644
2.524514537
2.538845524
2.983570378
2.310116654
2.170648097
2.847238492
2.66498324
2.607561375
2.775068583
2.862590597
2.862455179
2.492322255
2.291701001
2.511739845
2.551965352
2.512158163
2.636229279
2.762313524
2.260422953
2.66623753
2.252169395
2.71918165
2.61866835
2.521639276
2.565341912
2.504173498
2.532632348
2.279320983
2.60280634
2.607995554
2.559648702
2.284654551
2.872842945
2.160769026
2.328218054
2.575070254
2.406073408
2.63058986
2.438597806
2.45452494
2.621356162
2.608355565
2.444434138
2.54703898
2.519600747
2.799597235
2.319149868
2.603541535
2.537402135
2.261272055
2.578849027
2.642641417
2.423338344
2.447272965
2.607057693
2.519542242
2.455782621
2.691003474
2.766643425
2.257762438
2.289077715
2.661399545
2.604280611
2.531078692
2.46642977
2.497255516
2.616819841
2.512100995
2.195607222
2.931308662
2.368289556
2.925937697
3.092638525
2.463924934
2.725377048
2.509681842
2.560488549
2.473850395
2.445540094
1.903153084
2.444903456
2.545882923
2.773870269
2.551384208
2.527136252
2.49820746
2.603590718
2.334163825
2.48039828
2.470628323
2.613990883
2.545882304
2.934212784
2.841548085
2.574303465
2.648128655
2.615097186
2.544823125
2.534639228
2.553062554
2.621704657
2.510126816
2.5481409
2.554201223
2.597756506
2.552325596
3.077878034
2.951722506
2.596735801
2.744378683
2.664632452
2.829598338
2.753034598
2.64105979
2.637228625
1.47622861
1.469131691
1.40785211
1.430471554
1.473581155
1.481101893
1.534370572
1.527666877
1.512279594
1.439496423
1.420259321
1.464278763
1.510839379
1.50877553
1.422428016
1.348417275
1.304294484
1.37504419
1.445563832
1.492517083
1.422218717
1.360564347
1.442770652
1.475083502
1.518143267
1.486252278
1.432179483
1.468089828
1.451061857
1.44621749
1.491757248
1.506685073
1.527972338
1.427789474
1.39368315
1.458302376
1.442397247
1.450777847
1.404366345
1.404831244
1.377688096
1.314032079
1.215654523
1.428952234
1.471114496
1.325580757
2.619675603
2.900194615
1.56825672
1.360655809
1.500208114
2.736415873
1.462531069
1.527345303
1.540734748
1.538188335
2.642391546
1.485212136
2.901711328
1.450526113
1.483124897
2.595702
1.469620172
1.424265911
1.440722201
2.765405309
1.414901825
2.519026453
2.787823606
2.743959339
3.099628774
3.017488024
2.83815345
1.480774024
2.45605708
1.473783693
2.479930153
2.488999387
2.247778499
2.523366957
2.654478156
2.598778419
2.260874866
2.591495415
2.553463505
2.188711686
2.540560949
2.479778549
1.763127169
2.456142616
2.601572165
2.752892554
2.500060089
2.230016691
2.503610091
2.479900859
2.42327387
2.676447819
2.226261599
2.578331261
2.545529095
2.685926363
2.542079146
2.234404232
2.470233559
2.449538653
2.562851919
2.245943176
2.597134444
2.754786092
2.595073626
2.437662836
1.681934917
2.564772296
2.453430617
2.72303327
2.561659699
2.24073615
2.559821449
2.519667237
2.526787477
2.612158943
2.536786318
2.604733058
2.613770738
2.456680836
2.054755626
2.161440431
2.545130624
2.592429493
2.410800431
2.437768571
2.392170141
2.565086708
2.241601758
2.719436263
2.303967615
2.441934449
2.420342474
2.561030494
2.220591523
2.61394971
1.298180695
2.776352368
2.581663257
2.597950313
2.431348298
2.458607578
2.518431125
2.649615341
2.483243802
2.674587022
2.675958579
2.549893559
2.255994709
2.313841081
2.015390187
2.486444701
1.646715274
2.498961718
2.740496612
2.514087261
2.547718641
2.604057774
2.420988491
2.373842202
2.510295118
2.284930826
1.504219503
1.5149459
1.483925766
3.010666838
1.487876644
2.590148583
1.86188547
2.093933737
2.732152214
2.783961798
1.429301332
1.455342201
2.783953794
1.546376241
1.409805428
2.641890777
1.412069091
1.387577652
1.400179121
1.369172957
1.320209341
1.404567611
1.367227968
1.415521554
2.235767744
2.66974787
2.575093816
2.517895626
2.179694309
2.577069835
2.271319676
2.031121573
2.198321654
2.578653407
2.441826984
2.559267549
2.520429067
1.453496784
2.545976208
2.127239863
2.586096008
0.2398447304
0.2450418961
0.3064154553
0.3044568996
0.4309994043
0.4148047815
1.503260352
0.2852578348
0.3705822507
1.363277207
1.478434488
1.377880565
0.2443032611
0.2519692907
0.2373675477
0.2967745352
0.2905180585
0.3421099367
0.3832253697
0.3789676716
0.4503078642
0.3854062783
0.3651264363
0.2967572608
0.2330494042
0.2272457046
0.2145630248
0.2565038495
0.3256402035
0.3283880347
0.3251870419
2.182119429
1.984792614
2.159230961
2.661932993
2.552063206
2.416549631
2.522997475
1.349300445
2.241200486
2.486739202
2.056752665
2.592733603
2.520097841
2.112246363
2.553906683
1.972393174
1.985541046
2.582211995
2.223377804
2.566581157
1.987429824
2.322586035
2.671404661
1.63995505
1.745894118
2.548405783
2.159057255
2.569478022
2.040651238
2.176207251
2.551251551
2.123566862
2.584389366
1.984280447
2.243951
0.3775550946
0.3826292217
0.390426424
0.3955431915
0.3975273755
0.3489969882
0.384172957
0.37503869
0.3461729921
0.3832185727
1.562007691
0.3814926108
0.3209161445
0.2492596529
0.2594812541
0.3095017017
0.3529887805
0.3900632811
0.3516489838
0.2601331276
0.2885214611
0.3457876816
0.3629971922
2.65783766
2.060273774
2.178958686
2.560135076
2.182853838
2.576123864
2.256086638
1.50443576
0.3798734346
1.506709295
0.3746039567
1.369810317
2.119111296
1.255544304
2.014086955
2.181326538
1.975398517
2.117519759
1.460231805
1.485071789
2.574053942
1.394291874
1.418663557
0.3738828628
0.3806477864
1.417127502
2.14887965
0.3325837423
0.4105187221
0.2914057843
0.2829353154
0.2878233104
0.4212416545
1.436122941
1.413478077
0.340558024
0.3493503755
2.568018917
2.068907792
2.205347494
2.616422185
2.587653863
2.286901915
2.5172883
1.998615761
2.544612613
2.160375033
1.501135822
1.450580517
0.3962522434
0.380719224
0.2959914263
0.3094182677
0.4180190916
2.08044032
0.253357174
0.3018418798
2.285425017
2.587151299
2.176243003
2.591990973
2.543523415
1.997649536
1.371079202
2.674905069
2.435291732
1.525104832
0.3236037818
0.2744660518
0.3278113729
0.2619040933
0.283063695
1.676080815
2.176798814
1.97619903
2.389484851
1.225326453
0.3161224616
0.2416598603
0.2938536518
0.3732809682
0.3238626108
0.3485172739
0.3116106018
0.3152552797
0.3148180468
2.506958396
2.570833924
1.946278867
2.227288807
2.003135106
0.3089349738
0.3278745951
0.3719576366
2.138954787
0.3062353993
0.3900871119
2.573485071
2.569971994
2.204137698
2.040752663
0.3683998444
0.2937764108
0.2744288452
0.235525418
0.258697685
0.2899643686
1.549491178
0.2768827608
2.696654196
1.471386425
0.280171897
2.011217382
2.826250909
2.517605878
2.350613784
2.231950245
2.438057089
2.772828423
2.525394719
2.607915742
0.3478019816
2.858197488
1.516806534
2.529895477
2.267091702
2.49249033
2.554952104
2.442730846
2.56860243
2.815475316
2.678275356
2.710100678
0.2855294788
2.50641942
0.3526667791
2.110275636
2.297281825
0.323454356
2.544990625
1.630847968
2.509348458
2.490980151
1.969305463
2.199988788
0.1600941751
0.3435803919
1.229487084
0.3360612492
0.09299203947
0.2003122358
0.835122979
0.6487394
0.5258256034
0.3489789168
0.3046351817
0.4557163631
0.4860961625
1.347719791
1.816176558
0.3221751519
0.328846477
0.2675697758
0.2334518843
0.3369544834
0.4544994589
1.285675742
1.138069745
0.4646745564
0.1590960396
0.1975228197
0.4125396375
0.593180006
0.7806224712
1.631584197
0.2717743921
1.321944787
0.4933843015
0.288046048
0.253433311
1.010836198
0.5301945195
0.3020280375
0.3793361354
0.2923903621
0.853629786
0.8289556941
0.2953554621
0.5368725777
1.545161891
0.3786855861
0.08582315958
1.058897974
0.6690609145
0.1130167019
0.2602864981
0.09730062427
0.236054856
0.3143800911
0.8570936596
0.3597246147
0.5705178206
0.3414223291
0.2966269766
1.26215738
0.8616816982
0.5357491883
0.4086114908
1.582253649
0.2758025369
0.2970825281
0.2998134791
0.5762843053
0.6551705424
0.2547752786
0.4646680892
1.451156241
0.5260357436
1.072242851
0.3569851344
0.6182333135
0.1394997994
0.4957212081
0.245436326
0.1713455592
0.1772825086
0.201074973
0.2656270329
0.1946242249
0.226956278
0.1100445979
0.840730801
0.6513500102
0.3179521588
0.3568665508
0.5481700297
0.2604563914
0.378269954
0.2089305214
0.9087605701
1.382849535
1.778157385
0.9984021594
0.1895085375
0.3648334633
0.5564169594
0.5823709389
0.2462919312
0.3943243916
0.08939265487
0.2098034729
0.4491246014
0.8365880453
1.385251172
0.4267381141
0.3372789219
0.3459178365
0.4181543708
0.5669244113
0.3948116025
0.309724871
0.3494076843
0.2484177744
0.3188891063
0.2801824938
0.2681035302
0.4894338173
0.5043758215
0.9220205766
1.145840213
1.226142528
0.3731398728
0.04400068345
0.2491479613
0.2793172377
0.3114336902
0.3888326096
0.4269611824
0.4869353217
0.6108085667
0.8475902893
1.103480636
1.21982968
1.211420607
1.154451754
1.043354135
0.8157401362
0.4111527936
0.291445548
0.3525292112
0.3736793175
0.4049270955
0.4486421802
0.5053679742
0.5571998175
0.4125976534
0.5991417901
0.5668681874
0.438489102
0.3899797824
0.3373260597
0.3212364734
0.4750966731
1.165678565
0.3521361202
1.543835025
1.822530584
1.640733977
0.7693553141
0.2532934888
0.262891839
0.8211589481
0.6818480994
0.73990119
0.1120884965
0.2532103038
0.233582494
0.2588597174
0.2724822892
0.4194633053
0.1746809924
0.6288141605
0.6320533026
0.4268862572
0.4684178194
0.9469376599
0.8575599777
1.036025531
0.182668256
0.2260505987
0.1711706623
0.392465956
0.7366799296
0.9906105535
1.153207033
1.033337418
1.082016017
1.103251299
1.14138668
1.002545492
0.6710491732
0.5021514412
0.4003375036
0.3728032497
0.3792969724
0.4171898853
0.5007755368
0.525481129
0.5398572542
0.5087485887
0.3462664726
0.3779192552
0.6115934378
1.398345981
1.461184632
0.4456868314
1.236267677
0.5580796602
0.1606028649
0.5708468059
0.0794046808
1.331667275
0.866595992
0.4177979336
0.1730407601
0.29294395
0.3532363311
0.1486399329
0.1746130731
0.09452556309
0.122993974
0.4670119475
0.4535997417
0.74677962
0.3788424847
0.3608178492
0.4528596402
0.419934116
0.1005773436
0.5790625987
0.2531316972
0.4476482966
0.5189436004
0.5044836852
0.7312286272
1.984395275
1.759817914
0.2575395944
0.4668800223
0.1129354378
0.1944316741
0.1401101677
0.4394624958
0.1146254921
0.8050999781
1.279288184
1.114230811
0.215117911
0.9427420574
0.8972619753
0.77842882
0.9886986801
0.2746463966
0.3230616567
0.7089081637
1.271620205
0.9055309177
0.107288841
1.615490831
0.1992190685
0.4768112479
0.262693933
1.687851101
0.2081039837
0.5228615338
0.9142175446
0.8788308857
0.9787793673
0.5490241258
1.007737378
1.046980343
1.128002135
1.134930694
1.119227012
1.182738253
0.9361398604
1.008859832
1.725909048
1.687952304
1.240370712
0.5763120326
0.6618205886
0.4468067701
0.4485115806
0.451405167
0.4194139723
0.3816668274
0.3489170561
0.2594022986
0.1997433157
0.3032193369
0.4774522994
0.6121448199
0.3580348593
0.3396760157
1.334204888
1.176077046
1.159347727
1.072121345
0.5311160306
1.190488218
0.3411500458
0.1972189368
0.4061938615
0.4819385587
0.334955315
0.2742854175
0.1753482851
0.08439793917
0.1396460814
0.2262297589
0.1538321306
0.2776068538
0.2406798544
0.1961949013
0.1621202921
0.1792194016
0.3548118707
0.51903718
0.6200104406
0.3872752488
1.434091893
1.003651497
1.111981736
0.2307087273
0.3529726362
0.2548492066
0.2302025232
0.1404140964
0.2593018375
0.4139889998
0.3000455821
0.3674651398
0.1053696469
0.08911864966
0.1321199965
0.2117913106
0.516950586
1.133444297
1.452586729
2.022241013
0.8811379472
1.500727426
1.47942267
1.402722732
1.651770915
1.49030793
1.202963863
1.124542734
1.211887705
1.093524996
0.8183422165
0.6509997122
0.4997687284
0.39517101
0.3198776046
0.4234626238
0.4892630237
0.4177834795
0.4072979978
0.3847799401
0.3999939246
0.545966832
0.6361559535
0.8777653682
0.5333735923
0.1452751076
1.631349715
1.023348352
0.401709246
0.621972265
0.3124740305
0.6123437426
0.5822829383
0.9272324568
0.2732889399
0.6438499963
0.315979087
0.7698824631
0.3700826159
0.556394851
0.364597472
0.4606420259
0.3279978475
0.4607152086
0.5355488293
0.4451482364
0.6129591177
0.4824394081
0.7117948087
0.5583960781
0.6918923432
0.6549719224
1.170735694
2.731372588
3.423035111
1.953090441
1.745526928
0.2101481522
0.484100276
0.7875182451
0.6669666585
0.6492986144
0.2825524564
0.717918809
0.7229327986
0.7992120901
0.6447261166
0.670191025
0.6100408591
0.4516670438
0.1143601892
0.296901803
0.2194965006
0.2466867959
0.2607298631
0.1939048735
0.3270021371
0.2982288887
0.2992998397
0.07191828476
1.085571027
0.8532965697
0.7414561245
1.471333699
2.241312556
2.70114466
1.451865329
0.9072984875
1.00547777
0.4538882859
0.8206581319
0.4726428703
0.628221029
0.3468547437
0.4749711469
0.3842563875
0.1028767537
0.3587734577
0.1700905334
0.2994055724
0.3621636049
0.1621755123
0.5572221425
0.2708484475
0.3223047651
0.3476632188
0.5711523281
0.7198976591
0.7090521714
0.3525667462
0.130416426
0.2456153162
0.2075495766
0.5424500696
1.590441848
0.5604018355
0.4472419162
0.1655034567
0.6383928219
1.252589555
1.790040623
0.5970671542
0.4204380656
1.116162124
0.6435467295
2.032923368
0.7027572302
0.7759959985
1.319292825
0.4628388312
2.08185181
0.7732204416
0.2209698474
2.092503153
1.038844159
0.9023493237
0.5233646826
0.8894621257
0.5603355987
0.180215955
1.114789795
2.117088185
1.13376952
0.9111784975
2.041052439
0.7391389526
2.033502326
1.351649507
0.6480546925
2.109442773
1.809905737
0.926722923
0.2776452156
0.9271571795
0.8551287917
2.068940296
1.367758262
1.385959974
0.9340072927
1.543331203
1.08672546
1.287590064
0.9677264049
0.2203260491
2.084492584
1.384897146
2.075581681
1.279617246
1.000537118
2.167337739
1.282044383
0.9144588833
2.042768755
1.252601295
1.210593696
2.076505178
1.342964428
1.9631802
0.8232461392
1.154801979
0.5255362035
1.176638789
1.488582249
0.9722727922
2.127206682
1.467295338
1.059251295
0.865868671
1.991809322
1.092540136
2.056012444
1.545711452
2.088331002
1.065350825
0.8767914121
2.195158832
1.114081185
0.8486396758
2.086970881
1.263257994
2.047406464
0.2658470427
2.030852018
0.335827968
1.979144542
1.294593751
0.2586807118
0.9837445335
0.7444503615
2.08159192
2.05049691
0.2907378765
1.254031202
0.9190533673
0.1417643582
2.112631351
2.055588054
2.164902123
2.232742262
0.4726852585
1.390343153
2.135809105
0.2886494949
0.8977663308
1.967106275
2.070524811
0.1997323973
1.389456982
1.446481386
0.4682143815
2.119776069
2.180908686
2.152689258
0.2279663092
0.5635776212
2.095194681
1.1814183
0.5116333285
2.040542954
0.8943419852
0.2913385988
2.015580754
1.190589252
0.882700038
2.204480104
0.2909281955
</DataArray>
<DataArray type="Float64" Name="total_energy" format="ascii">
467.4888451
462.5920043
393.4976001
522.6402544
519.8513991
511.9555697
508.3220907
480.3550389
462.7436739
502.8629674
506.651602
425.0806092
455.4601864
528.4358111
511.9799977
523.444846
502.4128916
484.7925703
484.9611163
471.4602585
487.2670647
444.3420491
505.0478142
520.1479131
506.7766047
501.2512066
505.7518514
500.9696386
507.6188117
517.0429886
523.014579
516.6243945
513.454665
522.934201
502.0440305
503.7658718
503.6784003
495.0411126
504.0188288
512.4189425
519.2046883
511.8399754
525.8546717
515.3941939
503.9301666
516.01987
503.9584686
494.0281507
501.2531393
491.2515486
509.8761568
505.5204268
494.5735615
503.0687519
522.4954431
514.3565807
511.5021751
506.2296336
492.4618556
494.6219306
493.8221756
514.6782694
520.613785
484.1056618
418.5384973
470.7979022
508.7507006
524.878799
525.740665
506.6679418
411.3159455
483.2473953
501.5948266
506.330844
528.2128134
524.7639106
527.9418827
519.8117143
519.4577666
520.1382806
517.6104226
505.880354
516.74149
525.7644881
517.7822385
526.0235549
503.2823657
503.0969481
493.951582
503.5266258
515.1105006
523.6431102
514.8030129
508.8274382
507.8184716
518.2123242
437.6131841
505.6337525
472.8830706
449.7140943
500.5258026
501.2468672
499.769756
525.5275595
516.109504
514.7462182
528.2273217
516.7095801
497.3966857
515.2712362
494.8413617
517.8369792
515.2876582
520.2854266
519.0131034
520.0179207
518.8581824
517.046271
500.2304306
502.0288981
501.3177672
502.0277684
505.6057383
517.2639027
506.5551837
518.3937308
508.3675759
518.4426786
525.0956257
516.668098
526.601779
500.4805652
385.5711665
398.6289266
456.1123604
510.0437598
520.6779347
504.7934036
493.7073547
488.5925453
467.8732477
465.4728859
529.5438126
519.9884517
507.4877657
415.7898151
407.7443743
474.1044311
499.9221457
511.1908183
511.3974416
501.8644233
494.5884884
501.3296337
493.8043731
504.8301229
523.094273
411.1178795
511.4118076
524.9415736
448.7352242
520.9612009
511.3334347
495.9519565
506.5495278
501.4994999
403.3546082
387.2007765
525.3303719
520.8089698
521.0527213
510.5740189
508.441865
481.5529842
481.6405626
479.2679626
468.2825579
506.3173296
499.651653
502.7089842
509.5711882
433.6255553
508.1089609
453.8762668
422.1518464
503.1609516
457.346289
516.8630714
522.5983736
524.125414
496.8109078
498.8518828
491.6685051
491.5965245
501.4188439
491.4082841
501.8472157
510.2449799
502.3707658
506.0835586
503.0658525
519.9854225
514.6202639
504.9209365
506.726069
483.9278588
430.5538444
484.3008291
474.781248
502.3106169
524.5470162
526.0906576
525.3377017
504.701743
501.2316239
442.2128855
403.0022423
479.7963298
449.6908962
505.7931087
505.1211706
507.4158572
506.9157972
508.2652884
510.07342
520.1400794
523.9619605
519.5104561
519.0989346
518.9035644
520.536972
507.0425778
517.9261187
504.4578619
502.4245212
512.644801
523.4033791
518.2042602
510.1424702
500.5683833
516.4259682
507.3730396
488.9579925
468.6768424
484.9941916
500.2938017
499.5584297
515.3329984
524.5394373
490.6190612
516.7474369
494.2315699
517.0121944
521.0147427
518.03204
519.2953222
519.6724543
516.7746673
502.6501241
518.2682079
517.8471397
508.8030119
526.9160376
499.6977899
393.2078459
502.0506705
451.9313864
514.4930044
521.2832204
506.2014031
501.818178
507.0329816
518.9896928
508.2956014
528.8274687
520.6671142
527.968577
523.4563659
518.1832255
519.1230111
520.9816419
518.3334971
502.9030895
521.959341
506.118874
472.7267747
502.7095463
500.1754486
485.4646539
486.5517972
528.8504709
517.4703316
445.0908537
489.276555
518.2133562
502.2759255
501.9143149
506.383871
518.0859317
517.6617824
518.3763987
519.0584465
516.1019777
507.1465995
454.1531191
507.0400094
514.2894601
501.696535
505.0466726
503.8383949
503.3990863
496.2854311
518.734724
504.2888661
468.3599806
470.0742956
463.7926509
521.392449
398.3698204
487.762707
421.7061611
458.5795391
427.3642699
506.177466
425.4306975
507.5445937
454.4224995
530.8759045
493.5934643
502.7745008
491.4486941
521.5701276
533.8814927
494.3009394
505.5931097
461.2743149
499.7435511
467.6053316
508.1288937
507.7801462
524.8387445
502.5180908
502.0513579
508.3526592
519.4754096
503.1975427
494.4350168
502.0072948
501.813886
521.5462075
514.2139851
512.2324046
510.502159
503.9887064
484.4033172
509.5604181
425.1933978
494.4871781
460.0500385
514.2324146
513.2660257
508.8603122
416.472251
484.9710712
506.7704859
511.2788466
509.7133147
525.91465
517.3793553
519.7897344
520.3972249
467.6541888
503.1022308
523.6161648
506.7554758
473.2234534
377.9435988
499.7000662
525.8261839
518.8304441
506.7188425
516.3031391
468.1307605
378.2541329
480.2039136
535.3726823
520.5462578
509.2084633
506.5436039
480.426505
397.7505073
480.543366
511.6093682
415.4781071
459.804676
521.1950762
533.0325273
520.6496944
489.0296852
492.0294587
504.5918175
511.5886433
509.3844364
505.1206706
501.6146572
493.5916432
507.2264806
523.021392
508.922407
504.852637
484.9961915
480.1618115
513.0477973
525.1058103
497.7698091
390.712465
522.0022085
514.5267606
503.7435029
497.4590233
503.8197742
512.1408457
523.1752016
519.6124527
501.9383591
506.4734814
514.6796047
457.5196093
467.058419
482.2185562
485.196487
499.7128113
499.755067
514.035259
521.4276908
517.0055108
493.4708902
493.7753771
513.4135751
449.3899476
494.1697824
506.826121
502.1782371
506.384537
501.5405513
498.1597844
518.785339
520.7320856
518.0493012
516.541355
516.292383
495.3568324
488.1683855
513.8324081
523.2916888
515.0220109
498.8233014
503.0963831
486.9354172
472.2836203
433.1080424
508.7248089
522.5168767
510.6959147
499.3207078
514.5940468
524.0165617
502.566192
503.9834526
497.6823726
511.1867189
525.5831835
503.4327111
505.397905
471.026659
406.7507993
483.0658715
520.5257796
519.5692407
518.5889438
503.2421053
501.6925768
506.09967
517.9290277
509.1954765
515.2303475
526.1819328
503.3758519
420.7574239
447.811937
501.4591345
506.7127966
507.0278808
527.7195402
523.0520969
516.9330435
521.2605141
518.8229376
514.7400735
512.2906057
464.1668904
433.4146046
503.5584459
521.522955
507.5541524
495.7261905
421.2746932
526.5383539
519.0520825
501.3057966
511.248491
501.5774665
483.8309577
414.77673
488.3522341
519.2526599
489.5932197
505.6877204
513.465904
503.5959654
517.5215663
517.5034315
509.528414
526.6605247
511.1669576
518.4658919
510.1880075
521.1558469
514.4494203
508.0686775
514.9765293
515.0011374
498.8036182
525.3203647
524.3716973
500.1570283
491.964131
500.6370136
511.1405221
509.5746497
506.5983935
502.2661215
494.0069845
501.7716679
518.136814
505.1895505
400.3775659
505.9086523
460.8521707
498.3850128
522.8925318
524.3974118
507.5011214
507.923087
518.2803343
528.8436742
502.0109978
366.1508692
490.5028273
537.336397
521.0682839
508.2991126
505.2662776
483.512348
486.3743152
512.5815015
509.5165896
408.9738225
460.9767328
530.6050964
520.3650418
486.1881619
491.1184865
507.337882
511.5583169
507.6346289
500.8454688
493.7730104
510.3665967
522.2271795
517.7132318
508.1722575
505.258944
382.6944565
486.150174
517.3426532
477.2777894
363.4853662
500.8834438
526.4018743
519.2311939
504.7470633
515.021229
507.8234018
525.6700637
528.5401965
494.5704182
373.8971035
522.3609356
513.9344702
503.7531291
498.2865488
503.6915983
502.1009139
522.2762214
520.1239283
511.8775144
501.4570151
505.0089884
504.064844
459.0197062
463.9153328
479.5524405
485.0387115
497.6183855
497.5010739
512.8929093
519.8785717
517.694004
494.6887619
509.8798859
519.1463662
501.8692611
496.0853091
519.6105396
521.0427623
518.2465854
515.3864358
517.2822066
494.1532702
514.8649917
514.9092583
496.5143262
503.3343207
449.8715322
500.9356597
505.2398094
504.1442415
518.1315218
515.7998314
503.9499147
500.7597616
505.5115134
517.2995482
509.0657848
513.856016
525.6375084
504.1111937
427.3503937
444.1291014
496.9161508
518.0618503
508.5127234
496.5053674
486.9262136
458.9063382
465.7000357
482.6411592
505.7647373
506.2834477
521.9464313
526.7757968
523.0269503
515.2014069
519.4201821
521.412086
519.3633562
493.9015145
486.9401721
473.4406152
425.8863
509.8769719
522.1386788
510.6969098
499.5301788
505.558427
515.4257442
524.0537298
516.7085268
500.8426024
504.2005185
504.2628318
511.0083413
517.8663053
525.5464914
518.1718043
501.7826666
505.6542635
456.3555656
506.6548932
433.655526
455.705076
495.1549593
441.8216063
523.6189184
511.0978107
516.3175083
484.016374
499.9083053
500.7307089
500.5578532
435.7810609
441.9622706
476.2031978
504.307278
502.7644729
526.0727472
520.4800544
517.3157973
517.1994335
507.7518882
508.3506908
511.8988572
505.8818076
492.48911
484.486176
522.5520296
500.299754
495.3960627
522.5343571
523.1157102
471.8780491
501.9055697
464.7119788
517.2676916
518.7985811
515.5277687
382.5816497
507.3174791
484.0377613
434.7453326
452.6679286
500.4919674
502.6543059
445.1876942
493.8329485
453.1741826
499.4436713
506.7627497
511.6447284
503.9412705
482.1869214
436.3480025
347.2452293
503.9344777
525.1377697
520.0677101
512.710739
515.1596389
491.4752654
461.3607426
501.1787306
536.2491187
524.4570192
507.2794473
487.7911773
357.5342779
492.1091755
512.380078
400.3850101
462.8619617
522.4508534
528.107885
522.2538393
485.1142737
491.2030324
511.3329634
511.1112832
510.4933186
492.447169
513.8293848
520.6602386
451.8568205
513.7676131
521.8371254
513.5622765
437.3680529
492.2089301
447.8371312
452.9974463
491.2359482
523.9149614
523.9287917
501.4080051
492.2598323
498.6898543
501.9779392
493.2315542
501.9268052
514.5338343
504.0103807
458.0368619
518.537668
506.8661531
503.2018747
488.774517
491.6984653
517.4832485
525.4703206
529.581284
492.7185287
348.8637186
464.7792081
503.8347607
501.4612872
507.4207471
506.7867473
505.47272
522.6694845
514.3727958
519.8268498
520.7268865
502.2891295
500.1823483
524.0717459
514.5739923
504.2600771
499.1636422
503.5886167
501.9646975
511.5031389
521.8364017
520.7787327
513.164686
502.1443486
503.7474988
513.097399
503.975654
459.6305875
462.6251964
478.2849138
484.7336873
496.395344
497.1842291
510.5767871
520.7299354
520.163247
496.814143
493.0276142
507.068107
518.0690273
501.6943845
493.9605899
520.569571
520.7023407
514.6421396
518.4513664
493.7525181
476.2140557
517.5602019
522.0895192
515.2101681
494.3163738
502.7846513
499.9792218
487.3266187
475.5892327
412.6073372
512.7779289
519.9706545
511.4624171
498.0782954
505.3970253
516.517466
523.7789112
517.9215711
499.9964203
504.2501539
505.1470486
503.029719
511.2191329
519.2601805
525.3946495
500.6051299
505.5544688
502.7382252
441.3897957
501.8886312
506.9595771
506.9370739
517.1202168
517.4925077
519.7243204
517.604101
518.0039343
517.9256251
517.7961297
505.4635525
500.2574436
505.097857
516.7938646
509.6982614
513.5123384
525.9911326
505.4283543
434.4052835
443.7813504
492.5786073
515.6237536
509.9328726
498.3917129
486.97437
460.0329658
464.157133
483.0578286
503.5171939
447.8082976
509.5853845
523.8617027
515.6341068
514.0296383
485.8107907
499.3947091
454.8278293
502.7951014
493.0545228
494.912657
509.513342
502.5787491
441.6070983
456.7129659
517.5798407
498.4755107
500.6757175
507.0034919
506.6842595
520.0487814
517.1172731
526.0477138
526.7099729
517.3094072
486.4182227
481.2211426
518.5648561
519.1270796
525.8299328
487.8729136
521.6151432
527.4381039
517.8339102
507.1481271
500.6289992
504.0762434
513.5253603
525.0664554
524.8501346
517.5146393
506.9856358
504.4461413
514.8247684
509.0544173
467.1871631
467.8811269
483.9525252
494.4972318
502.322772
513.5004242
524.3394286
526.7815418
505.3609513
501.674872
524.9884641
525.931073
525.2853173
520.9774287
508.5242454
508.5484639
519.465631
512.7315277
516.9203939
530.1010227
511.6815206
440.9590226
448.1037054
492.3370122
522.5225083
513.2118959
492.2809052
466.941342
470.8043667
487.489375
500.3044671
519.8527173
520.4998099
519.5789345
513.8485089
521.7543685
525.1241118
523.2799662
494.1027277
528.3511904
524.9329034
516.1396264
360.7067122
332.3663993
518.1668387
515.6674292
490.4490195
499.9988661
507.3677232
514.5592556
482.5811053
508.510004
522.9347571
534.0316966
351.5736322
334.9689818
491.0545155
521.4081526
506.9670137
491.9978738
451.1381823
501.6526994
522.2240754
527.2851049
510.089624
507.2658195
503.3368088
515.8112249
516.6311534
515.9481227
518.1920009
511.9696443
492.7412726
519.6563132
440.1643662
440.8473782
472.0413712
468.8920637
521.9610837
523.9696241
533.5656897
529.0571805
517.052153
509.6038713
485.3896799
319.5499902
503.9953023
521.848062
503.2513349
513.3397097
500.8776644
493.5038783
522.0287553
519.0986062
513.1149495
519.3090386
493.5469563
468.8420143
519.8972425
517.4693031
492.5830749
501.562785
503.1883323
487.0144751
473.2317863
398.0703036
517.107241
516.7783775
517.1084629
495.5046964
504.5377937
517.4830351
519.4196777
499.6982789
504.0201138
511.5052439
500.3298323
510.2281756
519.2154353
524.0698424
520.3607211
500.2074713
505.4077505
521.4132615
522.551425
456.4556498
446.181667
459.4798736
492.7324891
526.0474007
504.7759005
498.3089423
502.6053543
512.2136404
482.0074159
460.2714428
495.5236197
520.9859402
451.7947815
524.838818
523.2996964
503.255071
507.4281704
443.058886
512.9910431
505.8351271
504.4177743
510.2268529
512.3180438
514.0053268
535.5276261
514.414756
521.126408
519.4388452
511.7623764
503.1578564
496.7967096
504.3786081
521.1808744
523.1713912
520.9425266
523.9773109
498.7492857
506.1262076
498.1536251
515.068138
506.5222553
386.8818824
506.9254849
510.9345782
498.0141341
332.5684219
511.2526286
512.6796991
527.710669
530.0892471
514.6573006
520.7920588
502.7214377
504.7533057
455.5189009
467.2242739
529.3921357
505.1427008
501.4588953
511.4185823
508.4913564
509.5512475
518.4426456
492.3867911
496.6995525
519.6851867
510.2812061
446.1164198
446.8741219
501.7639241
538.884769
543.2587608
522.6098826
510.7566533
504.9959163
500.6982149
499.3804631
495.7199455
290.92789
502.3851213
514.6110034
524.5563638
492.2577385
277.2608754
506.5410541
522.9032272
524.6665435
498.8666147
506.6677325
519.5908028
518.6234326
487.2642311
503.7434571
510.0905647
508.424286
477.0604732
522.7878915
525.3462872
466.3788112
366.1906078
297.2046043
490.8792257
494.0697464
501.6547046
500.1119831
505.5787138
509.8529765
456.5162655
515.9866788
497.8945268
490.3391599
521.718618
520.2878086
510.0911016
520.5890287
493.1197854
463.7872494
525.3997238
520.3359196
521.0018382
492.2466494
500.187269
509.793651
485.6459073
381.9994178
513.4238745
519.5513346
491.4598326
502.5619271
520.0699074
520.6797818
496.6730467
515.1341562
508.9405707
520.3744484
521.6019741
521.5960707
497.8531809
504.6468094
527.5665446
498.4113828
262.9700254
527.0210165
520.7184883
508.2567801
503.51353
504.7117476
528.1861914
527.7023276
518.1181887
508.5568137
504.8864172
515.0896424
513.2341794
480.1637849
476.3044008
492.3166341
498.6718628
507.7085686
518.2302494
527.5666078
512.4497967
511.3334188
520.0241758
531.1916854
534.544495
533.9954979
528.0756543
508.3628369
504.2782699
511.5033951
519.3712431
514.5293706
516.1596148
531.4773167
517.0110324
444.1262945
447.6864412
488.9182709
526.6589365
515.4192629
502.9832588
495.7456277
473.7229165
477.0832429
487.0999607
491.6426851
503.3614083
495.8808987
515.9083467
506.3993415
500.2547646
523.7806493
521.371537
523.718267
512.7722504
521.166573
517.8091715
523.5308386
497.7642588
496.7492035
509.1905604
515.9691281
527.518143
523.5472128
449.9084034
524.3105509
523.8099804
470.419525
461.8156083
502.9924307
504.0277732
522.5317984
497.5163089
518.5061382
505.7389147
496.0425753
530.0499118
495.5907029
501.7626762
510.5119029
512.61572
510.2227658
516.2070781
518.2181583
522.4961689
520.1263922
501.9866757
480.2989564
498.1196615
453.221904
506.6780449
502.3748216
509.7579003
519.4394804
464.1936039
503.1105008
501.7806742
513.8828834
505.6574733
527.0263038
497.3946337
462.6572485
460.1628918
438.9749048
480.1870504
467.5420584
450.9431613
467.6684788
505.6772259
494.882511
456.6750577
433.6732696
459.4513899
435.7920922
525.9364725
508.3622144
508.3535733
511.1105014
516.3460149
504.3926673
527.5011754
537.9744253
528.5010191
525.3749776
519.4321759
221.0608237
511.6456146
520.4282018
525.5695863
493.6285823
503.4333049
234.9306675
506.0282344
495.0039808
502.7857421
518.7316609
509.3496975
500.5112921
495.5740195
497.2236858
499.4366934
502.8612468
510.6726994
507.6811219
491.1380116
493.1872991
498.8524198
460.4147611
456.0822275
470.7586979
469.5338094
480.8647991
482.7782817
493.4346186
500.3455087
504.1080374
487.0863423
484.1559391
488.8096629
505.7291403
508.6125609
508.9607413
495.6350429
490.7566747
497.6880473
495.0417063
517.5206044
506.214468
490.0729819
491.0018373
522.4410053
506.4601622
509.2837814
521.0338068
530.7296984
521.0487886
318.4015579
294.7492698
474.2251575
521.6639046
524.4759404
526.9809786
215.6300753
505.5585883
491.7398492
505.9205842
502.7409164
504.9418492
501.7853411
487.8211596
430.5167212
429.4781876
496.0444788
499.6420557
488.6483638
473.4934203
450.4052043
454.5209858
464.8609874
494.2099691
520.1720187
521.5376875
514.756299
523.7561018
488.7935561
491.9135921
521.2483049
493.1743078
481.2279545
521.908586
515.3379459
521.089562
505.8754702
522.2776772
487.5642797
452.7531169
521.7223163
523.5679739
488.585201
515.7635864
448.3900724
363.7760655
518.3339788
510.9699802
520.7965389
484.6306698
499.1755179
522.8015539
523.7722615
516.891348
522.617007
501.7007482
522.7928729
492.5015446
521.9597996
523.7259678
493.4787455
503.4029503
508.5898449
500.1892234
517.1369701
520.6089432
478.327898
490.6108161
522.78019
490.8679261
499.6738606
485.9364711
465.2655756
523.4335382
508.9636121
507.148164
502.0171102
521.4375701
527.7408657
443.1791308
486.3823289
490.1312731
532.8670428
500.2091152
507.4675783
508.2553675
519.0040033
499.7417866
511.5878479
500.651082
311.3174075
500.9600342
506.8119246
512.0807054
524.4007197
523.7767675
507.6684441
519.6334638
496.4282799
504.6734406
518.4650855
438.3987968
454.8702984
482.0597199
444.8296938
486.5378332
490.3782072
497.9345682
494.5437034
496.3859815
494.4700078
491.7287519
486.8342121
496.4465695
497.623155
506.5637748
502.9536195
464.5751756
463.9870853
475.8311034
492.9695786
492.6086598
497.8165231
510.0441305
506.2126367
501.3911661
542.7392375
543.5882811
537.8488935
532.5481561
532.3609699
528.8596687
526.6732198
527.3168573
519.8908747
515.5555007
515.5384873
518.972321
529.3355699
529.2351978
524.6164852
514.6503734
506.4829767
512.8831857
530.9454742
529.1075558
520.1717983
523.5758981
530.6515699
535.692441
540.9249899
548.357751
540.8592062
533.114444
527.0533118
526.6790996
530.1174989
530.0779867
527.9367254
514.9196898
512.1842111
516.478576
513.7453614
498.6748149
492.543155
495.9607475
511.1624991
524.8639522
550.4309798
515.1104778
526.3111315
502.7500377
431.8510916
466.5761053
512.8385415
496.7295379
520.9268532
513.7907463
525.8123903
517.9226975
523.2579778
535.2130485
500.2896788
534.4456485
486.2923517
499.9911849
523.2305593
502.7817824
535.1009581
533.9087104
523.1273922
438.2826367
507.5835021
431.1569256
453.0708935
480.8073072
509.2831764
509.3980708
507.7914281
549.3233595
508.5041863
160.9610539
518.1290453
513.4827261
478.5489699
493.8216872
521.0974043
522.8129763
476.7104753
522.6902011
524.5185925
339.4547697
514.3483998
506.8092157
246.5394478
503.9280235
522.9163811
528.9488853
490.2110845
482.5111848
516.6976324
513.6607189
507.5942396
525.5395615
484.7027228
450.9904362
522.4472474
481.751492
524.6341955
475.378944
420.9263892
509.3141796
525.6172843
476.6325978
498.8059421
522.4627414
524.0348234
499.4392942
171.4025013
512.3961368
498.0481084
526.3107629
498.8127924
480.1713722
525.0240939
517.6236767
523.5821833
493.9586259
522.708086
523.6853755
459.160671
477.491726
407.8246577
316.0879876
517.4696616
522.8496661
466.975517
484.5509339
506.6402331
524.8875706
479.9393335
526.5039019
485.7030668
496.5979561
509.3109452
526.0968476
481.9742811
501.4307969
500.5805684
497.0746255
523.8721184
522.7461857
514.4805468
479.0478194
455.5365757
525.4856784
502.0418032
525.8894603
521.3259648
525.4274499
470.9871407
474.596508
289.326107
512.1801127
189.3362929
515.3037065
457.9157494
513.8104509
517.4600256
520.9078562
482.6372456
507.6409893
512.602183
492.7948969
528.9234151
533.5424728
523.7769018
512.6120294
537.0228761
515.4468073
252.5080913
401.1733661
440.3398034
522.7469841
526.0617922
527.1225199
504.8054147
525.1748965
521.2171743
495.0967155
500.6469918
513.2625055
487.1948368
520.6268125
479.2301968
527.5880017
517.5962409
506.2994509
483.6043016
528.3388729
527.4638692
524.156543
435.9347449
527.3346223
483.7658145
429.853137
430.5171963
525.7534532
499.1193125
524.7798957
523.7814693
173.3567634
526.2703897
388.0614375
524.4637996
910.0201609
895.276241
867.2106896
871.7034925
808.5038312
822.586354
553.0730716
888.2922518
844.0699189
517.8974017
535.3530349
517.1800823
903.7016218
900.5557948
903.157347
875.9718218
875.4414275
847.6581531
828.9292451
830.6660812
808.9144043
832.9670936
838.3604322
859.5598121
901.3611081
901.000911
908.1549645
900.0057026
864.7206839
878.1073228
878.8769232
485.0075739
441.4872067
425.6639311
528.7569629
527.0962705
505.6193811
523.6150007
128.9268654
481.4661718
489.5215065
360.0854423
525.7074751
524.2378184
388.9337699
526.1004237
410.1440304
332.6038685
524.3870569
459.5832213
527.6938441
414.0701499
427.6866929
527.5610969
301.6975656
236.6681259
526.1359876
469.1522689
524.8789333
384.0787644
408.7368567
525.6826667
453.1238946
527.6290476
414.7583816
411.2876132
839.8186747
832.5628482
813.703287
809.7083893
820.4769705
835.6680814
834.5244087
842.1025789
855.4131847
860.0528508
527.6645748
865.0222188
878.9694071
889.5117502
897.2512132
879.3037957
869.6365255
841.9456397
847.5265907
865.6698815
861.6441387
855.1156809
844.5937467
529.1299174
431.1897747
425.1486769
525.6431992
465.2193649
528.0778007
403.7792067
539.5593922
839.8481146
543.5121423
847.5078469
554.248097
424.0365167
111.3389832
430.8813483
393.4465112
415.2217399
387.1985192
526.408408
523.1579329
524.1616118
526.6823421
531.1912388
859.277328
853.6348821
520.9019262
454.4528861
861.4056884
836.7836922
884.2756555
882.5504214
873.7952535
823.0284611
523.7421905
525.6009002
836.5834381
836.7178812
524.888394
369.0522871
413.0162655
527.2420038
525.3771722
471.9883399
524.4513138
425.031864
525.4250438
455.901379
506.9283747
509.7457694
846.1640902
862.7268406
881.4240922
879.0859572
829.6679237
367.1277737
893.5659188
885.5621622
494.1065068
524.457468
479.3483141
526.0587603
499.2931845
430.9144798
127.641004
528.7269201
514.1024174
182.6372334
889.4775667
892.7563828
855.9950011
907.2851211
898.4728825
297.0179101
349.7170836
418.6041359
457.7578456
116.4240482
874.3980403
895.5069528
885.038796
823.7099164
905.953633
842.6911793
881.1871333
871.5013707
851.7740893
524.4945292
525.8282938
400.729285
492.2452727
343.8347814
883.2375529
874.5497212
836.7694679
384.3151401
856.7570366
861.3133189
523.925622
524.9686295
467.2783018
418.6152267
849.9398135
881.0923665
888.649345
901.007137
898.9627075
887.5627336
510.993315
895.2364237
530.0082997
530.8025938
883.1947083
417.8877487
492.7376871
494.7538554
502.5452841
427.8858126
505.6694738
489.8574785
511.4227794
522.8170452
841.9932532
497.1439961
527.1301371
522.9324596
463.3225764
515.8787963
510.1945493
512.4957127
519.301859
527.9302509
525.7452319
519.4055977
884.6157826
520.4227856
859.6829932
388.2876385
479.971417
842.987191
526.1059837
210.9160463
433.403329
504.1693971
410.0462433
401.9224854
181.7446452
227.8008674
256.6934621
174.7181355
171.9704015
159.2193902
418.9346919
239.1729571
287.9416739
222.8817184
152.7438762
163.042514
158.3325484
219.6107407
263.594794
217.5209264
234.0880847
198.5606072
206.106711
270.4886552
322.0282546
304.6212548
186.79595
304.5511146
174.4620172
142.7077035
146.1911596
303.0662352
289.7818005
188.1832869
159.5801674
132.9791736
264.923317
162.5526101
155.7631806
478.6115631
186.5768066
295.7775244
154.3594762
280.6994355
161.0144671
142.8767623
153.1179714
148.5020671
164.6304329
150.9168687
146.2581896
150.8750162
275.0767553
131.946418
151.5877697
149.1960535
175.5027576
153.2507187
380.8128255
277.7372378
270.8376533
150.4587085
149.8807902
464.4626299
244.4465531
285.062747
285.2166603
152.0110185
160.416811
154.9832058
148.665262
146.1021648
283.7846706
133.6662685
168.3710122
172.1865548
273.4903536
491.0284661
293.8495306
276.6150773
182.1085427
234.5719118
215.100057
185.1949837
194.2969987
205.1797974
224.0534718
186.8648071
198.0003737
191.0408636
301.4513765
234.3348462
207.3074365
161.633438
339.3390491
223.4618327
258.8172194
197.1552718
255.7833191
268.6244325
249.1263832
256.2354587
146.5235507
158.1791065
165.2370137
167.4106396
160.3901341
160.8207271
162.8874126
169.3561471
163.9240363
202.3564126
275.1705105
230.2759101
220.3089255
238.6271832
223.0756
301.1294758
256.8465346
207.192711
206.1631807
196.8167747
206.6793633
261.4017122
234.2361911
338.5148481
292.2068594
407.9362389
359.3307626
232.6037215
226.2147973
157.2291688
159.9291357
157.695339
158.2270922
214.0114963
127.0396699
145.8448919
170.7591412
206.6376988
259.0867959
337.057356
435.2216354
533.1634295
550.3730099
463.6268319
314.4871766
241.1440382
220.3937388
219.4645289
225.2187356
237.4710964
256.5631472
279.3184722
225.3891957
299.2506089
310.053687
246.0337367
247.0615117
252.4992725
259.3165822
265.875131
269.7371118
233.5062309
259.5083509
236.1058118
202.0581142
168.168571
166.9464775
151.6048648
149.8601687
189.6712502
128.8936871
133.1093438
155.8841231
166.0501291
167.127973
160.4589141
162.6288201
140.7044683
166.8477096
168.2298885
159.6888325
158.7439414
178.4412571
151.1469659
217.6773741
132.0863555
150.5737635
151.0428289
165.1203885
184.6255464
206.0530739
272.0819856
242.1671475
334.5060344
485.571606
501.6463216
574.953582
406.5276736
293.041894
238.8467407
237.2035176
243.4735654
256.060455
269.0398207
284.521507
298.6004588
305.0449394
262.4459867
266.416383
265.6203191
255.4154569
219.0791677
250.5168493
183.0170152
154.4819847
147.0654666
154.4635572
148.1312251
167.1184415
140.2004575
147.1601592
135.7822101
147.6015219
167.5384754
177.2959193
177.1125461
158.6906236
154.9123162
158.7231272
156.3084315
165.71073
157.8550444
158.0532292
153.4017721
252.7125302
158.6109057
128.3098525
163.5055589
244.3775854
272.396109
165.03215
438.70992
245.2697569
265.8556893
149.8873265
283.9649369
143.481983
151.0862211
173.456016
297.6541049
142.955487
162.5074724
444.6468796
138.863792
146.4406995
492.1193761
406.4784274
139.0969993
203.6929598
219.6057031
270.4272811
274.7976263
348.4517081
269.4508261
142.5063161
214.2819058
154.4669941
153.6199609
156.8603358
176.8686746
145.0945011
139.3942369
199.5716763
223.9229646
251.5667498
279.9414782
266.8578089
275.6645777
288.0103814
295.6081581
302.5886605
284.4633137
277.3150532
263.7664934
248.0454149
237.2781902
181.4305305
179.0501803
138.6662658
142.5976164
147.2159185
148.1259418
143.7663576
140.9742352
140.330284
147.3759032
153.0262656
173.1092243
174.8812226
173.767091
181.1954613
139.9056123
165.0899177
175.5428857
205.6949539
136.2682346
139.8690715
165.0667231
150.2941413
157.0155147
159.693568
167.6175695
173.3560408
182.9607504
180.4517774
178.7459605
155.6389984
134.2018348
173.5994308
130.3236821
129.4484394
143.3320588
133.6473375
143.4881997
154.8054137
169.8929614
178.1025936
198.8038951
113.0518435
141.4654056
120.7466154
135.5710488
161.5184005
162.6679168
171.6515102
171.2736668
164.276654
167.6549097
155.5435307
158.431612
150.7237157
151.341348
138.6000447
141.2434017
110.5382314
94.9778169
94.50483382
360.3260473
105.0849902
599.7972804
659.0825263
655.7750317
613.2490732
567.3645032
474.4141086
422.6830941
352.1062463
333.0912116
313.1876793
311.913373
304.5173983
315.6679403
306.1103213
310.5421614
299.1097849
293.206169
292.2347097
293.2139565
313.575971
334.9877013
273.2720255
189.6106488
177.0854055
169.8130749
89.42200167
616.0279637
276.5843871
321.7321381
278.4730752
308.5923531
295.6993262
140.9829624
145.602983
197.2589055
114.0128556
117.8434166
161.9594078
170.6447497
143.1546949
152.797595
164.4874155
190.4056605
275.9869201
233.9671538
281.8124145
270.0809553
352.43555
309.7348446
333.4809142
300.19913
259.9700527
249.0373887
243.2451933
222.9197445
173.1744853
181.1080401
130.9253818
130.7549442
137.9845133
130.2828997
154.052733
120.7213538
122.401413
147.5302189
153.0878181
175.9952987
218.1743067
167.6504341
143.8919211
137.7312734
145.5548133
149.2467813
150.5120669
136.3950729
164.4795984
128.3025749
143.0667099
144.9534204
101.6817745
84.2042199
101.2956431
340.8624901
588.3945259
646.8931964
685.1679279
534.5823057
779.4104293
519.5027921
508.845696
385.8948159
458.5457303
313.8815313
300.5855445
361.8375662
295.4211284
297.6331823
343.5685405
293.2424594
313.0898215
296.4871888
275.862476
276.1725018
261.9628619
301.5087842
316.840926
336.6887534
128.3750938
155.572936
125.1683521
139.6935336
134.7990642
124.9069433
242.0509209
271.9073261
297.9148495
144.3288506
128.455563
219.0675238
311.6030275
132.9045782
116.2452588
218.9316261
108.8760562
412.5947145
111.7783468
116.2018422
290.6868374
144.5935091
412.1160709
146.1052594
152.5200623
420.1316316
203.1977248
220.3353027
180.1208898
251.7702808
150.2829826
130.7508203
280.4432554
417.4593203
219.9989903
220.5463387
414.2517448
124.6423389
411.4451509
290.3959048
125.5896925
416.6527829
314.2493571
148.4104822
82.75134374
242.4999786
264.5565926
421.8183948
265.735777
227.7958174
236.9073733
327.2185077
217.040363
238.0620519
231.0503681
180.5750763
420.3409795
304.1144714
417.4361153
251.8508925
239.3565324
416.0942787
239.3156455
221.3603562
411.5796575
280.5120704
231.5810274
413.6324141
310.2331022
405.4405065
158.8365694
94.87636062
154.6071016
224.6692991
266.1134641
228.1686642
428.2639513
307.2041684
202.8344599
218.9239015
424.7950664
213.5046092
417.8888882
341.0274931
417.756869
216.3200758
238.877593
423.3133431
225.1022217
213.3252032
420.9398274
245.4542844
419.4665205
85.93929406
412.4278174
160.3963374
407.2591216
261.9902382
183.1103023
217.9097248
534.7634664
421.1537055
420.7666876
159.7445798
237.2871413
195.0480817
155.6594492
418.8357824
417.4780405
416.3609918
422.2901203
121.2929627
327.3858485
416.5065986
88.25218766
202.1907266
389.7202277
411.5353922
88.65333662
337.0172639
311.4480644
292.507896
415.7365962
421.2887045
418.3538845
150.2296217
152.5331623
416.204071
229.0630773
197.1136789
420.7732168
217.8473575
178.6660816
408.6089368
251.6328692
219.0170206
424.1034554
259.1256368
</DataArray>
<DataArray type="Float64" Name="temperature" format="ascii">
71.17346397
74.81181149
70.86796378
73.24883878
70.61438203
72.68397772
73.26844789
75.15644302
74.81947061
73.06691455
71.91206076
70.81980935
71.99190619
72.083315
71.1346372
71.90457056
70.76731481
73.54940999
72.90578843
73.95364989
72.77583901
72.94072804
73.32599074
71.70724842
71.55130819
71.78574405
71.04728747
71.88375822
74.68560681
75.95985862
75.81943822
75.94294468
75.00058668
76.27416765
74.85934167
74.23857184
74.13565919
74.83943128
73.94036891
73.38270927
74.4210618
73.23500564
75.1044085
74.50103846
74.24419716
74.66326117
74.40356037
69.47357217
73.9801663
72.64349423
75.48625327
76.00691761
70.15769442
71.49617091
73.25719394
71.37860858
73.37990528
74.54543053
69.87466038
72.99984533
70.01256411
72.98631519
70.64866295
76.51060087
77.3153512
76.58339899
72.39270653
71.93037811
70.58029691
71.67526804
72.98843047
71.367169
73.14041242
74.23722558
75.09108159
74.34039775
75.35678089
73.05357438
72.13036354
72.20097224
72.17831171
69.74331511
74.99401251
75.70287572
74.21936809
74.37181123
74.89343489
74.1027675
75.69646066
73.95347661
75.15028009
76.50876219
75.52673233
74.45031791
70.81852233
72.16088915
72.66497728
73.68455518
76.57122002
73.13351804
70.21066925
71.18783906
68.86346176
72.31723326
70.93524804
72.50175023
70.34033361
73.14725967
74.55110725
73.64687065
72.65921281
73.93946622
72.7708284
72.18455995
71.83139903
71.24173825
72.36528778
71.76818733
69.29829316
69.36402715
75.51058107
72.7937538
75.62262013
73.75294952
75.72557089
73.9131599
74.56938972
73.84765165
73.71674726
73.73005477
73.94322761
75.21706887
77.90449226
74.83543774
74.94978787
72.77905251
71.06632605
67.18464683
67.28661714
68.63849074
71.63690389
74.79313818
72.28622313
70.17902926
74.16377897
74.18550101
74.54279752
74.75531959
74.06804458
73.27747563
73.12084143
73.0479105
70.22717943
73.42088336
70.15799209
70.37571808
73.51100845
77.71916201
71.82572211
71.9413253
74.61647753
74.2078781
73.12054036
75.91281258
74.42879386
72.93535403
71.61911192
70.01430072
72.68452242
71.15576175
71.82769799
73.47892552
72.02858991
74.84947552
74.45943285
75.4449665
74.74111578
71.44562027
74.71750527
73.34134424
69.92306936
70.3505988
70.95495862
70.82237917
70.6285467
71.25097027
72.35921028
71.11547852
71.75831658
72.03726098
69.93161577
70.22553609
72.15949995
68.95963699
73.85954847
72.72929274
73.64086392
75.91072214
75.83389662
76.02257303
72.76575188
73.42330727
71.17120724
75.27686602
73.6450786
76.60281939
75.82341447
76.27142944
76.71884415
73.87686211
72.08395021
69.96433331
71.25388697
71.58442667
71.80660688
73.09833855
72.8967698
72.47184252
74.80157944
74.33061123
74.63571878
72.9799724
73.0680407
74.28066466
75.48961726
74.84860265
74.5234095
72.1378498
73.38721443
72.22237466
71.77195343
69.90786335
71.8276551
69.52781214
74.96069114
75.10753615
75.40965621
75.60136977
74.1402796
72.77871282
72.85739259
73.97200796
73.09172336
73.09591674
72.47201854
71.29991193
69.28412586
70.65656483
70.06373301
69.77536463
73.08138714
70.21842078
72.80557397
71.39345242
72.04277806
71.80987094
71.48626077
72.29450852
69.53323996
74.05004329
73.70161192
74.60971877
73.85163453
74.90539217
76.85944595
74.95960866
74.530111
71.77814998
71.87176777
67.0758959
72.43297286
73.02786489
74.6063905
76.01903117
74.42329283
75.06407032
75.3929365
74.56394486
73.95847252
72.33947679
71.51013041
71.46336276
69.27471131
71.63648747
72.86694633
75.22610135
70.32813366
68.85155465
73.74062036
69.41346607
71.03531854
72.87911175
74.05208983
69.56361993
70.98371989
74.75632074
72.34233956
75.4189343
73.82007105
71.37099206
72.04851417
73.04921465
71.61133094
71.76231111
73.13445044
74.97227125
75.00343671
74.87138517
76.18178118
74.27291548
74.26031755
73.42627864
74.57080914
74.95107854
70.78443629
70.66222036
75.03655228
73.69231139
71.3956737
68.50531597
73.59326409
74.50992872
70.75557351
73.37642857
72.63541208
71.23041295
71.69843697
71.93289303
67.44942526
67.22227524
72.47640373
71.55789127
71.79813896
72.37210812
73.65868985
75.3662226
75.15370222
75.56844346
74.64503285
75.05196079
73.99704695
69.66426075
73.27025589
74.4470116
74.67277885
75.10480633
70.54085673
72.18148967
72.37236262
73.28007513
71.62760108
72.93995545
73.90203739
72.60672964
76.58970166
74.39217073
76.62679116
67.09327753
74.08336059
71.34988706
71.943004
72.53776752
72.68614301
70.45822288
73.05199441
73.21884515
75.24499952
73.96909692
72.52423236
72.55670605
72.81407596
76.49704
75.85841875
72.4164069
71.9480881
75.68100818
78.2916897
74.70024627
73.22263423
74.09074698
76.00945389
73.69011498
72.30159172
68.91415131
72.6139449
71.92802556
69.86629465
74.13821079
75.23971613
75.53046207
74.40016566
74.84915776
68.62101494
70.28803101
73.14701367
71.28096639
72.26939082
71.19789148
68.34816918
74.00744617
72.70194967
72.97131462
78.67158741
73.77955826
73.95718132
70.72872102
68.9833992
73.96677567
74.47200586
76.35617224
76.12030276
76.54678674
71.51090241
71.95048972
72.44924307
72.10456035
73.70895069
73.70879687
74.59356234
75.8900897
74.30870584
75.25606031
75.06497219
75.05409244
72.00458841
72.06131485
73.63608195
73.04565973
73.17291286
73.7086098
73.56631676
71.00940757
70.43268396
70.56018722
70.06574817
72.55641605
70.08588948
72.15807071
71.80649705
74.62681716
69.16042603
75.58763303
70.9284383
74.77877057
76.25224154
68.88061978
70.65766135
70.77675826
72.04105903
74.65840457
74.27198173
75.08954403
69.70675323
71.97475928
73.31291027
73.43378675
72.40781833
70.04488576
73.55226499
77.72669172
71.65474414
72.61683385
71.73730159
70.59811524
73.74465405
74.56845123
76.59533804
76.61217867
73.70076102
71.67859716
73.21979407
75.94648344
76.00219868
72.37174992
70.82901709
71.7774784
73.82611881
70.77985165
71.22810647
72.9695376
69.63466909
72.06636929
75.22370193
74.0456531
74.81093801
74.18603643
73.68378768
74.4489045
74.13597575
74.34049452
74.18587899
72.98209293
76.70384782
75.45431479
74.53008945
74.66211722
71.43929304
71.12007407
72.63377944
72.61627153
76.06268992
74.99686384
72.68314002
72.37586259
67.2616199
67.03340633
72.18786728
73.43854654
72.28117614
68.93657248
73.70388628
71.84699723
73.25695691
74.19691368
69.0799987
72.48940741
65.28089748
75.08333114
73.48371379
75.40478705
73.54439816
75.47501092
70.86300373
72.2362195
73.31489306
73.56004835
76.91646166
72.49339464
70.99717618
72.03045393
72.01803504
71.09925863
71.16447767
72.36172024
72.13144864
70.44560906
72.06224103
73.68164226
73.33011718
75.07506918
75.84157413
72.68025947
71.30969346
72.26695434
73.59472786
73.47317566
77.63850449
73.1411464
75.51141977
74.29811685
72.95842132
72.05139885
72.69707713
74.11135804
74.57085382
73.58636106
75.07352085
67.54397478
70.37768366
72.23339384
69.7669552
74.37722439
76.4021942
75.28684549
74.830856
68.15007404
70.74619513
69.42579674
74.08063138
73.16077991
71.26350439
67.52206281
74.9121722
71.29191391
72.76867564
79.36551116
73.98701124
71.43339711
67.67724622
74.54443543
71.28826904
74.67609587
77.0511266
77.02485027
75.97622223
71.33300377
75.66474972
77.4285428
74.55415857
72.93279889
74.17531823
77.1248502
73.61865417
73.5961873
71.89654778
70.03527787
73.25143784
70.31651511
73.24211025
73.97934625
75.01144683
75.86664097
74.37122927
75.22679456
74.88361492
74.41250107
73.50429938
72.24991611
72.60925066
74.35214142
72.87858145
73.61497815
74.36693524
73.39325825
70.76805254
72.00273443
70.8654661
70.3724535
71.92287628
69.87758128
72.15517514
71.02258071
77.33682565
68.41728926
70.49507554
70.74341252
72.05439285
74.98252489
74.68991952
75.81301654
71.30252814
74.2507319
74.75237563
70.02361071
74.39596177
70.12994471
77.03739013
69.41676811
71.37999582
72.70275266
69.72936938
72.349626
75.14146859
74.13887226
75.15296002
74.61490804
73.4093473
73.89674562
74.20622161
74.409365
74.51135528
72.04011213
67.55306943
67.12505527
68.40459986
68.78301372
73.44811009
74.09568427
72.8105407
77.59489523
75.40553688
75.55112202
74.51092604
75.25496813
72.6845412
71.74639189
70.82761555
60.51846619
74.53732539
78.54221146
69.61927073
72.05637644
72.83109167
69.90394682
74.38736235
75.24026863
73.39934727
76.67812466
75.37902824
77.36469826
73.43495297
75.4889389
73.54346063
72.68018573
76.02458493
75.83098299
77.33233914
71.96653553
73.5941813
72.29614962
72.26982202
74.0658149
75.01233375
69.97872394
72.66393734
73.34208094
73.63281488
76.53435654
68.50575424
76.30628221
73.38911537
71.06597913
71.96604706
73.32313109
74.78759906
73.37031456
73.33181033
72.73556416
72.91890453
73.28046525
70.01799912
70.16350412
75.59464806
74.09187625
72.00778782
69.34767224
73.773004
69.38558559
74.53940631
73.74834065
72.93828366
74.04112713
75.47773194
73.30990221
72.82745203
72.76786778
73.95460857
73.55339085
72.19934676
73.43634893
72.47841491
73.73696806
73.53535023
73.48621855
70.09118299
74.70876409
70.49598592
73.51458466
75.5929181
72.51383804
73.64318197
76.44517098
74.53223813
75.12306235
74.3594846
73.06271781
74.07060244
73.42722166
65.53942491
61.67533955
74.91352722
68.96153076
73.21306952
69.73187871
74.58483043
75.00500641
71.66709975
74.6254639
68.95505576
67.55441078
74.52081307
72.74361498
74.11870486
71.35272979
66.2091843
76.03141873
70.09196303
72.64229451
70.34134425
71.78967354
66.93468699
75.32799624
73.42373081
73.95495374
73.1400472
71.08362105
72.64813936
74.88483598
70.19202354
70.51248012
72.25220909
72.25993552
72.56894459
70.59732585
72.0549641
74.00878047
73.15045566
71.99571253
72.29454148
73.36890312
74.20659524
75.17226249
71.25624063
74.73345458
78.25804044
76.03023817
75.38679699
71.77977041
71.96430331
70.35752747
74.09697849
67.0156645
72.92376223
71.80468109
78.22644582
67.52502315
72.45968696
78.525505
75.28984369
75.64545893
72.8339817
72.35968378
67.38562705
77.46869016
72.87120825
74.02877822
75.50086224
76.17931011
74.52061624
75.523834
76.17494603
74.90872275
74.17204825
74.52633969
72.89564248
73.41037923
74.37026668
74.81629534
72.63753518
74.49294824
75.25707647
75.11830759
71.32542947
73.86655766
72.34935148
70.96351686
71.92989713
69.66298087
71.87391404
73.65997862
72.1601307
78.44577128
67.43289335
70.53924934
71.4311225
75.10742528
74.99823095
76.95363931
67.15173587
70.9711877
73.95740588
74.72513184
76.92282324
70.07849533
56.97585924
74.98581986
78.9927384
67.31033166
71.6458261
74.39744994
69.41570636
74.6398562
75.26862582
72.41686731
76.83138185
75.27295793
78.40680656
73.05719054
66.74819279
76.32081978
73.81884274
72.02747386
76.14079083
78.73753513
71.54759367
73.62704242
71.20531967
73.61352149
72.56948712
74.15796365
74.54391727
74.72558173
72.98685921
72.90869027
73.4423764
72.17235017
73.5057944
70.10724379
72.95947838
75.07367372
74.2422973
75.46198127
75.19132132
73.21009167
73.94495023
74.23022177
74.37244342
75.10590424
72.22444467
67.93187611
67.37373165
68.77699607
69.38657713
74.30624475
74.24222154
77.58973391
73.44894871
74.88457795
73.91131249
72.53438676
71.77868056
73.69965367
73.43701473
70.84332101
70.71322618
72.14453428
72.52304888
74.9738143
72.36013086
74.97754414
75.05629081
73.14926103
77.36945828
74.58938471
72.75318919
74.95521563
73.90806309
73.93324042
73.15084386
73.36068456
74.17396681
68.39369175
75.62833219
72.038803
75.90152553
70.01049711
75.94588921
72.00037883
71.88039082
73.72569773
75.55472833
75.8855803
74.63386299
76.050213
74.45773194
73.50970018
74.42289523
73.11516742
73.69243647
74.72461371
74.61493779
71.86029886
73.64328134
74.98434315
74.8822151
71.0041996
73.68522705
71.25272076
70.60694373
67.5635614
69.99347314
71.69194963
71.72966553
72.39040809
72.75634746
70.36080938
74.57314004
73.66829257
75.22350643
74.9365038
72.51355416
73.51203271
73.7687091
73.53920302
74.90556216
72.46436296
67.74914395
68.36135166
68.97697017
73.24732052
73.54644973
65.32855381
70.6301239
70.48754938
73.21696501
75.82959044
74.69104857
75.64427686
74.94157385
74.6213423
71.21123674
72.20591078
72.74128127
75.47509111
71.69086261
71.39439638
66.70296137
71.81432413
73.90632196
79.5735306
69.42793845
64.44256125
70.84006959
70.3061584
74.40021807
65.79976161
63.13357186
59.37672584
71.57653397
72.96382332
72.89512504
73.48581865
72.71477364
73.39249462
72.45799508
74.82205274
75.85973592
72.2020376
73.55544687
73.22391717
73.87059154
73.51020307
73.03035956
75.15819425
74.17456149
71.13026729
71.31784733
74.89286409
75.05815042
74.44671248
75.30797288
75.25889721
73.11593637
73.51700149
70.481267
75.66599958
70.33832842
74.74821019
73.69465264
78.17476582
70.15896927
79.77215999
65.87457933
71.00657133
72.41326217
75.24968708
75.14920908
78.3984023
65.88900221
70.52860355
74.59147838
78.54398873
70.70515494
55.66469748
74.94221542
79.96233349
64.79738187
71.36711837
75.9482958
68.99152044
74.56792896
75.17124328
71.94982348
75.09604525
79.16789033
72.80419114
64.23925716
77.5858016
74.02203907
71.5610174
76.33984777
75.86750207
79.90412299
71.10331607
74.42851151
77.09135149
72.29443679
71.64571454
70.02078634
71.40729519
73.43808162
72.82750498
72.32236704
73.42982245
73.79654762
76.42847052
74.13451858
74.79421188
73.74097263
74.46543258
73.41620428
73.68350143
75.64277677
73.22474362
71.46743517
74.97001401
74.72102832
74.35008081
72.60498875
74.23942237
72.8838873
72.07640362
72.76684199
74.27189032
73.41839761
70.47076299
73.20520826
75.01350765
79.36738445
75.25046768
75.68559427
72.8305516
73.54128665
79.13122637
74.54874772
73.75163362
68.55529213
80.83303017
64.85526705
71.46851484
70.57154991
74.2793279
68.02176859
75.00305872
66.87847608
73.66192739
69.43274569
72.45989662
65.34250281
65.46364681
68.65335201
69.16058536
62.2592811
68.55747799
70.76793024
73.67136884
74.18377506
71.24278046
75.55547119
72.80355579
75.77830684
64.89618281
70.8022049
69.39347998
70.73068515
66.98192769
76.92073032
60.38010164
63.67727407
74.15652833
68.21398114
74.18845487
79.57400749
80.49287872
75.80584649
65.24660271
74.93716628
73.83161554
72.64066315
75.64787447
62.8304593
75.26512313
74.07183236
73.2811752
79.39749107
72.48700852
76.11289314
76.83133332
71.10486942
82.53101908
72.46986249
72.23288913
63.061223
71.05270485
75.16618308
74.68528206
61.72428833
61.7426468
74.92089184
74.90991466
78.77799301
79.71120164
74.59199462
68.09134615
75.91191879
69.68476504
81.35668103
64.09570077
71.1011111
72.62216633
74.97979063
74.97294138
79.42619517
64.03244669
72.45231746
74.95784486
74.03941635
79.20640292
70.99466004
58.20579445
74.25099598
61.68706082
77.3219859
69.49171397
73.88436178
74.92766893
77.22681693
74.68727781
79.6921131
63.39523165
74.02989024
71.49889872
76.48188735
75.37736217
80.69641239
70.91661924
72.00057158
74.89098866
54.29902712
67.97982836
71.26590855
73.78058452
73.64272398
74.29881848
70.81150326
68.15161954
66.03516109
69.59837939
72.0209415
72.16635262
69.16667347
63.96265608
64.71381892
68.70623329
58.75566042
69.04517484
68.24133494
66.40061081
58.00082039
61.2492842
59.31080703
61.91325452
63.55845309
63.50064495
66.42779585
67.72341647
69.67029812
68.15225448
70.50808071
73.2072321
72.69342985
68.62861658
65.24952594
69.94966491
71.15238139
66.35799396
66.54470706
66.11813888
65.12543975
63.20909255
61.81727344
61.35556427
67.65589308
70.21342646
74.94148065
79.65778696
64.26384201
71.39432095
79.93913304
74.62899624
75.54285951
75.06038356
75.74638534
73.24928147
74.13644435
70.3836048
63.37247102
81.01004035
63.19825015
69.22086209
72.84685183
75.8031659
71.93239469
73.79786423
73.19416163
75.05769016
65.51345183
74.14457691
74.17397621
67.23562913
74.45609945
64.40558467
69.69754884
70.16881019
69.30938544
72.08851549
68.26237552
71.10834121
73.14313101
71.59173068
71.48622458
70.75337221
66.79663005
65.12457426
63.80209086
70.54096228
79.05686869
64.07221412
70.54400235
66.93815256
73.07169741
72.13578542
79.49931643
72.74312231
73.19462676
73.80624647
65.04262013
65.08879783
61.18187619
51.9003473
67.35170673
66.1812322
63.09712158
62.5203157
56.38678021
53.11825868
69.85019272
62.59714549
68.74904373
69.75465907
70.07570316
69.85943071
71.12495421
70.24075009
68.60448003
69.31681922
66.00891807
64.30687212
69.32296616
63.67700454
68.45765989
69.96804623
70.82526545
52.03978047
75.75162666
74.53099636
73.34511986
79.44255851
71.47455486
55.32488469
75.36582127
80.78463747
73.06695417
71.50384393
64.54173686
73.22425526
72.3163439
72.34851638
72.45174619
70.94242909
67.3938639
64.20308375
67.61667419
70.32795118
68.90596332
54.87414879
55.90230651
62.88613545
54.6603639
55.96931903
63.24119546
61.02106794
60.39020439
56.75624348
54.14661211
56.83914401
53.21669165
56.5850127
56.36060113
59.68966895
63.43627786
65.39324917
62.98177456
73.51285863
67.95971521
71.92665508
78.42886802
77.09089131
75.97344068
72.22632803
72.61619596
70.99339548
75.59712441
69.14125507
59.88027981
55.97629077
55.70303763
64.10365245
73.29388288
72.4256474
45.5477324
70.72756787
79.87923576
70.33116666
68.91823823
72.53638537
71.56078488
55.8711315
69.04122423
74.07096098
60.68017645
66.87310343
67.31098483
60.00648654
54.68672599
55.19008729
67.88106089
80.01682788
75.21082049
73.88507638
74.41194261
71.11619778
62.33607309
80.95133276
69.72124772
81.50850765
62.69446826
71.4924
74.13798139
73.32385405
73.4257494
74.71827875
79.45039755
62.51578659
71.8512108
73.88494038
79.39630358
62.31091847
77.7342153
57.79342552
72.57860854
77.98172393
70.91454103
72.73753581
74.31209589
71.51813556
72.120471
77.34790352
74.22287373
72.25086825
65.4602174
78.61259223
72.04513545
74.74446054
81.17299994
70.35362446
68.83544713
75.66245632
77.27225748
71.73170004
68.88694743
72.99009865
69.06813994
62.46711743
82.34241604
78.78457626
62.38364995
72.22169456
72.87094901
75.04086592
73.12278105
71.49422476
76.29117797
75.44137487
57.12199549
76.27129073
62.74355033
54.39959395
75.18429986
66.01253986
75.12051008
70.49268925
75.41144429
74.8752852
61.82582681
74.9459189
72.020367
64.93501122
74.3125317
75.14200455
73.91010644
71.72226097
78.62560597
74.14403287
76.55103568
60.1942818
64.63923698
56.53516655
54.56642538
68.15279729
66.1885273
68.3308393
70.31473067
70.94190424
70.0115701
67.25567506
70.44831923
70.46677578
70.41743375
70.12391899
71.23932273
50.87703664
53.95910155
65.90343692
63.42786026
65.94329002
61.42365376
65.34470233
68.56799052
68.04537768
134.8261141
135.5296647
138.3557872
135.4266222
132.4278057
131.0497547
126.9702429
127.5673098
126.7750494
130.5036964
131.7840159
129.7145882
129.1741337
129.2872744
133.9567982
136.4121541
137.2274344
134.1389195
133.983813
130.3437262
132.8360176
137.9357774
134.100754
133.1538162
131.5053304
135.5220546
137.4205159
132.9893121
132.6285182
132.8628327
130.6436067
129.6328982
127.6970829
131.1226503
132.7023491
129.4869962
129.8531396
125.505529
126.9254207
127.776012
133.5109989
141.5232611
155.7322036
131.0936129
131.0886746
134.7849894
59.12617531
55.62562919
121.4796506
130.8571126
127.821101
66.36768304
131.5419545
125.3155437
125.7316511
128.774107
67.72052817
132.1544568
57.93367239
125.853024
129.5201569
69.67241244
133.3801537
136.2021269
132.3375982
55.80924389
130.1041454
62.10983738
57.05914976
61.87582931
55.20452067
57.4056087
62.39311977
136.1435255
75.64154604
40.03581198
76.13904344
75.10809988
79.27254165
70.98028814
70.11180065
72.33608228
78.43098477
72.58483302
74.25105486
57.99353196
73.28868266
74.48135569
52.72406986
74.95754841
72.24872783
67.77145316
71.30124929
80.67289096
75.01804672
75.48355119
76.7851365
69.93802374
81.19832494
63.04512574
74.25552673
63.80864919
74.69679866
79.29863421
62.16204132
76.01513877
74.05410285
79.03067135
69.07162683
66.87786331
72.64051149
74.99606413
38.25749252
72.12133868
74.18578011
68.43704119
70.31999461
79.83391436
74.08395329
74.54144135
75.12738775
67.88538327
74.62248672
72.23999836
63.05196227
71.00569152
74.75594373
54.7786476
73.56290767
72.57281775
71.09456965
72.75647781
77.87594563
73.86780796
79.75931923
68.58436613
78.14023989
74.40638769
77.16083828
74.18995467
80.98068904
68.85030561
136.0387445
62.95516335
73.11044272
72.35699922
77.50514275
71.16693346
65.64167156
70.87439771
73.65042646
70.04956306
69.39421233
74.51423609
77.68656962
75.96336684
54.14787934
75.01519287
43.04888168
74.99289793
59.03086979
74.20240912
73.46518121
71.88126659
73.09551634
78.77011368
74.17077684
80.06889108
129.5151345
129.9249769
129.6020352
57.95579004
132.609903
71.62755045
51.25369183
72.0344068
57.00000518
65.9591819
133.8568858
132.3558935
63.69560085
125.8236771
133.9447119
67.03440304
128.5108241
133.3925391
125.8137045
136.5670151
128.8230052
135.9424044
135.9048734
129.7341856
80.61334389
70.54594541
73.8561235
75.55018816
74.8289855
73.76441915
79.16020154
79.7824102
73.18195514
73.48449619
74.78828496
74.07024038
75.39902272
43.56948794
74.78197333
68.47009708
73.02958838
358.2378773
352.1892274
337.9985242
339.8605472
307.4121252
313.9110476
135.4955487
347.401643
325.1259835
136.2541054
132.8406924
135.0696395
355.5390426
353.9305697
355.6521216
341.9557461
342.0921776
328.3044046
318.4755774
319.4216513
306.181508
319.8827108
323.2766287
335.5498808
355.1436436
355.263478
358.6389711
353.4901501
335.9144261
340.9480583
341.4410244
83.14674533
83.97154312
73.85389552
70.87779907
74.6688501
76.75088763
75.27680212
34.1579861
80.02980563
71.68579201
65.93568143
72.95831068
75.47741263
69.16703017
74.45827905
78.5229994
63.23674688
73.16205388
77.10628234
74.20667473
78.64708538
68.14546849
70.3838788
68.83959504
51.07538335
74.67094459
81.40666143
73.70288454
70.92893195
70.28870194
74.49919806
80.10427794
73.53358426
78.90903657
68.26666252
323.0340821
319.9108932
312.1580407
310.2903912
314.2843819
323.2434381
320.5625541
324.0778336
331.0569854
330.4337657
125.3983268
332.4610175
341.7333991
349.7207808
352.2594969
342.5342146
336.1276859
323.0171374
327.6655564
339.8290791
336.8071861
330.9657528
325.8165778
71.07308339
78.80924401
73.00566361
74.1595504
79.72370609
73.9036521
66.59782512
132.1047863
322.8927416
132.9166191
326.1866536
145.3397161
75.13791242
30.89767865
80.69570191
67.47808987
79.36893894
68.66776798
131.8462204
129.3726344
73.43227598
136.416697
135.8953957
330.7645581
328.1412724
133.367102
79.27823961
334.2113019
319.6309936
345.4954674
345.2808131
341.5945319
313.6288992
132.8042909
134.8197876
324.1081777
323.6278842
73.75855982
67.14600655
69.94952054
72.30451122
73.09934356
76.60974036
75.61600593
80.25335996
74.71343813
79.05273011
124.3268012
128.3047871
324.2118454
331.6314105
344.1278171
342.4541775
316.3872316
66.39123901
351.1157087
345.4132399
80.26138234
72.9898667
82.42990353
73.0343808
71.03677368
81.40564525
33.44977064
70.41634769
77.291757
44.24178686
345.6559
349.7258378
332.3965593
356.0751791
351.5031738
66.49943287
60.12069182
79.98162505
70.45955167
32.78629458
340.2388715
352.439737
345.6581975
317.1118995
352.042542
325.9895662
343.1453066
339.1623224
331.5099325
76.02043947
73.78564359
77.78732963
82.41765383
64.76713032
344.0995025
339.5978274
322.2252032
67.39309452
333.934225
330.4460056
73.4202989
73.69708913
79.18956389
77.30274326
327.5294258
344.1211616
348.1189081
354.8906149
352.9708131
346.8592586
122.2283136
350.5692714
69.82649717
132.1889251
345.6801916
78.38094409
60.89657453
71.32268151
78.9201423
71.46770361
75.91625192
62.14884749
73.43456778
72.00486576
325.7635148
60.49080643
128.2401738
74.9159022
75.98200692
75.3244566
72.16895586
76.75706686
72.95201823
65.59092355
69.90167099
67.97388689
345.9491304
75.45096424
332.3009239
69.12372936
77.48657411
327.5980992
74.79594154
48.35565853
62.74132647
73.67141371
78.6325348
68.26169202
72.17986359
88.20488478
72.14245681
67.74499451
68.62200578
62.98017399
140.1962765
85.58384656
106.9006442
86.21281655
59.55015599
61.63306312
59.40286331
58.22988172
54.81339959
84.55105383
90.88335837
77.86337774
81.20352358
104.8618279
121.7682814
83.29645453
54.83286893
114.8752833
69.29370619
56.46622885
55.81663876
110.3542293
99.01789116
43.12720917
62.53869363
35.71563099
99.20736663
63.54478761
61.20457144
148.8565851
69.1851752
115.3643885
59.35243044
109.6548782
53.49178039
47.92886081
59.78684946
54.96488541
39.46772185
58.03642394
58.38286862
45.93006933
97.77552714
52.59048382
59.50628924
59.5206396
69.12264254
59.64956014
126.3384828
107.2103941
99.28636387
58.28122062
58.51081341
128.477475
80.94935563
105.5428701
108.9913472
35.74653497
62.82855343
60.49823493
58.0061665
53.46885055
101.3345169
52.51210391
63.5088742
43.32720287
101.529644
148.5806887
113.490171
99.9494886
72.44865493
87.7883089
84.61286463
73.47399286
77.04082904
81.15320618
87.88511616
73.96148694
78.07412058
76.15811249
100.6589456
83.78138715
80.64035256
62.42727805
125.2015024
87.71856208
99.53889343
77.90985169
83.09800865
69.97995712
52.85614774
80.12955107
58.02592458
60.99829897
60.82224919
61.15660144
63.08457968
61.64443496
65.00950672
66.91770488
62.06424966
67.67963835
71.59849074
87.64156308
85.40330583
92.35650892
85.06552854
110.5069474
98.4420763
80.70921404
79.73945827
77.38948238
80.38297879
102.3118075
91.84596067
126.8947613
109.1107225
131.8012886
105.0962113
65.47794796
87.09065976
62.85759261
62.87876367
61.72964692
61.61746285
82.12784564
48.34804645
54.70604016
61.84324016
68.81302312
77.28469694
95.17121979
123.3873954
155.3085101
168.7219713
156.3242498
120.1097112
94.21682433
85.19299102
84.4826949
86.13308414
89.92065899
95.77619756
102.7915112
86.05381062
108.7677918
113.7837718
93.38593636
94.78818403
97.88112969
100.8137208
100.0281985
78.15828742
90.26837813
62.25612646
48.93250419
46.08563468
57.70391963
65.60014181
59.49071766
50.42382007
67.1297676
44.70480666
53.05708942
61.25399738
65.42061958
65.62000445
62.87642468
61.99718406
55.80500244
60.08664881
60.52209947
60.77451778
59.82231652
57.05220762
50.13521583
66.94996243
52.34548081
59.37991628
59.92551279
63.31738623
64.10858287
64.6559377
79.30291122
74.57147025
100.7690629
144.859642
147.0269501
179.4728696
144.4037804
109.4865987
91.43547165
91.32739827
93.61824598
97.6646634
100.555211
105.6408224
110.4286697
113.772747
101.5685228
102.4687825
96.1753879
66.01997912
54.84462234
94.92705898
51.26741816
56.83628274
58.40438329
56.61933329
59.14806831
44.66811403
46.33665824
56.12111973
53.8613071
57.65523846
64.75309487
70.48234475
70.24532546
63.31783943
61.70356837
59.83523037
59.11756458
57.33189662
60.70261891
60.99773716
58.02854066
96.32864045
63.26516845
46.91883574
64.24951128
92.55772048
101.3185499
61.62163681
152.6326229
46.66048123
56.95437354
58.86178138
107.0521993
57.18855938
59.80148793
69.00312105
112.9536036
56.9725971
55.01771063
121.967933
41.21740396
57.82700373
157.6227689
132.6819276
47.56809267
63.96854417
86.0253754
105.0995593
96.3598495
95.94165666
87.65506512
56.81939465
49.52356615
61.10772542
57.77044979
61.55475677
39.35497085
57.34246373
51.79306168
64.68981503
73.64335135
79.34341991
103.2613634
83.11063882
84.37030647
84.94197221
86.90147022
89.60629409
81.76091936
89.07000591
82.10735671
54.0977528
52.79385623
50.72193851
65.5262635
49.40712654
54.01945818
55.74642025
56.05233035
54.80706163
54.17983521
54.28175332
57.86021268
60.53426168
67.50583631
65.75538865
62.90655719
69.96687002
54.21088933
44.0701415
50.61483676
59.78008221
41.23578772
51.85215908
47.26883574
58.22040834
62.12957217
61.05671872
62.95293782
67.23039904
71.67447047
71.56459945
71.35606855
61.91751191
52.92233709
68.98269224
51.0283645
50.95294439
56.72148598
53.06839212
56.88369712
59.81375401
63.19059849
64.31811674
76.3166412
28.69602922
44.13729985
35.87720595
53.43209827
62.42950015
63.90502364
67.65670733
68.13333575
64.49642078
63.99113613
60.68761952
61.06390549
60.10264079
60.40221691
55.17036751
55.79658037
41.13713966
27.94050982
23.7628105
67.19215112
34.52787319
147.1343471
163.4595225
169.1300574
139.0636972
139.9271875
135.0458511
124.8614306
99.80137007
99.81583398
105.4937743
111.5306559
113.845168
120.9774567
119.0338017
118.2781465
112.1284039
111.817707
111.7052142
112.6169816
120.0522126
123.6730394
98.18323299
62.38566463
65.60805611
67.52619336
20.49594755
190.5396722
105.8510154
116.1154755
108.4249773
111.7086338
108.0244353
45.45151428
57.04818355
70.69755625
44.36487859
40.42789906
62.39111861
62.81318604
55.20702987
57.69139048
63.87097292
71.88968881
102.1882812
88.66725241
101.9949643
101.422726
123.4598892
113.9458152
117.6257819
107.2028047
75.14811499
32.2492158
22.72890782
43.1163245
37.38005078
71.55836617
49.14529446
44.56345388
49.08051038
46.61097509
60.27373122
42.19867824
42.71044984
50.05914934
54.85111098
62.53365654
79.03420388
63.43661858
57.34676968
53.76546004
57.44696351
58.69853498
59.08026829
53.98963985
63.87926162
50.07402002
55.82641727
57.89751939
30.58167355
27.97779339
35.11321016
84.88930809
97.79783095
85.03553669
172.3459181
173.7782019
242.9818524
196.4680385
171.2457289
145.2712723
165.1665218
121.4610395
113.0905878
138.9888345
117.8193038
114.9117223
136.3231143
114.4248921
120.7995071
117.7278977
101.5190254
108.2455837
101.8234566
116.6554816
116.1291145
117.6091506
45.01343368
60.13614044
49.83003209
54.94923688
53.27702424
46.15965637
56.67772161
99.9719876
112.845776
57.29213304
46.11941387
60.88106906
65.69784524
48.33698026
44.30521314
64.92494593
39.02498144
76.5063942
39.27963449
39.77446257
78.17580407
54.5645386
74.47151958
50.06161181
60.18518815
75.49537042
62.41793667
71.77129824
66.91621884
82.44491449
55.25550096
51.82900647
83.21932658
74.05117369
64.7093285
71.57870825
76.48487194
43.24212727
76.26992659
76.84729701
44.9500654
74.20584693
65.56380456
47.85627543
32.40117998
78.18206033
87.83793638
76.74504815
69.75545734
59.25054883
76.15987268
78.52032131
65.24232167
65.03500595
73.22040704
71.26143095
75.85223753
79.14375415
75.68243391
69.072265
74.78133887
71.88730308
65.55611556
71.74528445
75.922737
77.95668081
65.68042366
74.95633484
82.45425638
78.00152559
53.40096316
27.63257157
57.4036593
64.76233612
65.68896002
72.1659917
75.56480175
76.66555632
61.73795728
72.37608389
80.49762464
64.00880225
76.55001166
81.733021
75.23370859
65.6613584
78.62641187
72.07657606
66.81923239
71.01058377
75.86123565
67.85989126
77.1885342
33.70866025
76.55909424
62.194524
77.69289917
71.32516259
71.89702948
68.58055377
185.1709677
76.11508514
77.3016827
62.42046536
65.89815828
63.09659996
61.91536966
74.46965231
76.49186636
72.02529271
70.50393341
45.66062105
84.96603561
73.15891364
34.49610883
65.98506881
74.82166321
74.81167983
35.06960545
87.50482506
78.55693308
110.2365192
73.64145351
72.26898309
72.83510262
59.22998027
56.03029338
74.68372444
65.87905297
73.46112206
77.70984163
71.19442914
69.8073977
76.46417143
72.05461512
71.91705194
71.85986272
101.250716
</DataArray>
<DataArray type="Int32" Name="rank" format="ascii">
2
2
2
2
2
2
2
2
2
2
2
2
2
2
2
2
2
2
2
2
2
2
2
2
2
2
2
2
2
2
2
2
2
2
2
2
2
2
2
2
2
2
2
2
2
2
2
2
2
2
2
2
2
2
2
2
2
2
2
2
2
2
2
2
2
2
2
2
2
2
2
2
2
2
2
2
2
2
2
2
2
2
2
2
2
2
2
2
2
2
2
2
2
2
2
2
2
2
2
2
2
2
2
2
2
2
2
2
2
2
2
2
2
2
2
2
2
2
2
2
2
2
2
2
2
2
2
2
2
2
2
2
2
2
2
2
2
2
2
2
2
2
2
2
2
2
2
2
2
2
2
2
2
2
2
2
2
2
2
2
2
2
2
2
2
2
2
2
2
2
2
2
2
2
2
2
2
2
2
2
2
2
2
2
2
2
2
2
2
2
2
2
2
2
2
2
2
2
2
2
2
2
2
2
2
2
2
2
2
2
2
2
2
2
2
2
2
2
2
2
2
2
2
2
2
2
2
2
2
2
2
2
2
2
2
2
2
2
2
2
2
2
2
2
2
2
2
2
2
2
2
2
2
2
2
2
2
2
2
2
2
2
2
2
2
2
2
2
2
2
2
2
2
2
2
2
2
2
2
2
2
2
2
2
2
2
2
2
2
2
2
2
2
2
2
2
2
2
2
2
2
2
2
2
2
2
2
2
2
2
2
2
2
2
2
2
2
2
2
2
2
2
2
2
2
2
2
2
2
2
2
2
2
2
2
2
2
2
2
2
2
2
2
2
2
2
2
2
2
2
2
2
2
2
2
2
2
2
2
2
2
2
2
2
2
2
2
2
2
2
2
2
2
2
2
2
2
2
2
2
2
2
2
2
2
2
2
2
2
2
2
2
2
2
2
2
2
2
2
2
2
2
2
2
2
2
2
2
2
2
2
2
2
2
2
2
2
2
2
2
2
2
2
2
2
2
2
2
2
2
2
2
2
2
2
2
2
2
2
2
2
2
2
2
2
2
2
2
2
2
2
2
2
2
2
2
2
2
2
2
2
2
2
2
2
2
2
2
2
2
2
2
2
2
2
2
2
2
2
2
2
2
2
2
2
2
2
2
2
2
2
2
2
2
2
2
2
2
2
2
2
2
2
2
2
2
2
2
2
2
2
2
2
2
2
2
2
2
2
2
2
2
2
2
2
2
2
2
2
2
2
2
2
2
2
2
2
2
2
2
2
2
2
2
2
2
2
2
2
2
2
2
2
2
2
2
2
2
2
2
2
2
2
2
2
2
2
2
2
2
2
2
2
2
2
2
2
2
2
2
2
2
2
2
2
2
2
2
2
2
2
2
2
2
2
2
2
2
2
2
2
2
2
2
2
2
2
2
2
2
2
2
2
2
2
2
2
2
2
2
2
2
2
2
2
2
2
2
2
2
2
2
2
2
2
2
2
2
2
2
2
2
2
2
2
2
2
2
2
2
2
2
2
2
2
2
2
2
2
2
2
2
2
2
2
2
2
2
2
2
2
2
2
2
2
2
2
2
2
2
2
2
2
2
2
2
2
2
2
2
2
2
2
2
2
2
2
2
2
2
2
2
2
2
2
2
2
2
2
2
2
2
2
2
2
2
2
2
2
2
2
2
2
2
2
2
2
2
2
2
2
2
2
2
2
2
2
2
2
2
2
2
2
2
2
2
2
2
2
2
2
2
2
2
2
2
2
2
2
2
2
2
2
2
2
2
2
2
2
2
2
2
2
2
2
2
2
2
2
2
2
2
2
2
2
2
2
2
2
2
2
2
2
2
2
2
2
2
2
2
2
2
2
2
2
2
2
2
2
2
2
2
2
2
2
2
2
2
2
2
2
2
2
2
2
2
2
2
2
2
2
2
2
2
2
2
2
2
2
2
2
2
2
2
2
2
2
2
2
2
2
2
2
2
2
2
2
2
2
2
2
2
2
2
2
2
2
2
2
2
2
2
2
2
2
2
2
2
2
2
2
2
2
2
2
2
2
2
2
2
2
2
2
2
2
2
2
2
2
2
2
2
2
2
2
2
2
2
2
2
2
2
2
2
2
2
2
2
2
2
2
2
2
2
2
2
2
2
2
2
2
2
2
2
2
2
2
2
2
2
2
2
2
2
2
2
2
2
2
2
2
2
2
2
2
2
2
2
2
2
2
2
2
2
2
2
2
2
2
2
2
2
2
2
2
2
2
2
2
2
2
2
2
2
2
2
2
2
2
2
2
2
2
2
2
2
2
2
2
2
2
2
2
2
2
2
2
2
2
2
2
2
2
2
2
2
2
2
2
2
2
2
2
2
2
2
2
2
2
2
2
2
2
2
2
2
2
2
2
2
2
2
2
2
2
2
2
2
2
2
2
2
2
2
2
2
2
2
2
2
2
2
2
2
2
2
2
2
2
2
2
2
2
2
2
2
2
2
2
2
2
2
2
2
2
2
2
2
2
2
2
2
2
2
2
2
2
2
2
2
2
2
2
2
2
2
2
2
2
2
2
2
2
2
2
2
2
2
2
2
2
2
2
2
2
2
2
2
2
2
2
2
2
2
2
2
2
2
2
2
2
2
2
2
2
2
2
2
2
2
2
2
2
2
2
2
2
2
2
2
2
2
2
2
2
2
2
2
2
2
2
2
2
2
2
2
2
2
2
2
2
2
2
2
2
2
2
2
2
2
2
2
2
2
2
2
2
2
2
2
2
2
2
2
2
2
2
2
2
2
2
2
2
2
2
2
2
2
2
2
2
2
2
2
2
2
2
2
2
2
2
2
2
2
2
2
2
2
2
2
2
2
2
2
2
2
2
2
2
2
2
2
2
2
2
2
2
2
2
2
2
2
2
2
2
2
2
2
2
2
2
2
2
2
2
2
2
2
2
2
2
2
2
2
2
2
2
2
2
2
2
2
2
2
2
2
2
2
2
2
2
2
2
2
2
2
2
2
2
2
2
2
2
2
2
2
2
2
2
2
2
2
2
2
2
2
2
2
2
2
2
2
2
2
2
2
2
2
2
2
2
2
2
2
2
2
2
2
2
2
2
2
2
2
2
2
2
2
2
2
2
2
2
2
2
2
2
2
2
2
2
2
2
2
2
2
2
2
2
2
2
2
2
2
2
2
2
2
2
2
2
2
2
2
2
2
2
2
2
2
2
2
2
2
2
2
2
2
2
2
2
2
2
2
2
2
2
2
2
2
2
2
2
2
2
2
2
2
2
2
2
2
2
2
2
2
2
2
2
2
2
2
2
2
2
2
2
2
2
2
2
2
2
2
2
2
2
2
2
2
2
2
2
2
2
2
2
2
2
2
2
2
2
2
2
2
2
2
2
2
2
2
2
2
2
2
2
2
2
2
2
2
2
2
2
2
2
2
2
2
2
2
2
2
2
2
2
2
2
2
2
2
2
2
2
2
2
2
2
2
2
2
2
2
2
2
2
2
2
2
2
2
2
2
2
2
2
2
2
2
2
2
2
2
2
2
2
2
2
2
2
2
2
2
2
2
2
2
2
2
2
2
2
2
2
2
2
2
2
2
2
2
2
2
2
2
2
2
2
2
2
2
2
2
2
2
2
2
2
2
2
2
2
2
2
2
2
2
2
2
2
2
2
2
2
2
2
2
2
2
2
2
2
2
2
2
2
2
2
2
2
2
2
2
2
2
2
2
2
2
2
2
2
2
2
2
2
2
2
2
2
2
2
2
2
2
2
2
2
2
2
2
2
2
2
2
2
2
2
2
2
2
2
2
2
2
2
2
2
2
2
2
2
2
2
2
2
2
2
2
2
2
2
2
2
2
2
2
2
2
2
2
2
2
2
2
2
2
2
2
2
2
2
2
2
2
2
2
2
2
2
2
2
2
2
2
2
2
2
2
2
2
2
2
2
2
2
2
2
2
2
2
2
2
2
2
2
2
2
2
2
2
2
2
2
2
2
2
2
2
2
2
2
2
2
2
2
2
2
2
2
2
2
2
2
2
2
2
2
2
2
2
2
2
2
2
2
2
2
2
2
2
2
2
2
2
2
2
2
2
2
2
2
2
2
2
2
2
2
2
2
2
2
2
2
2
2
2
2
2
2
2
2
2
2
2
2
2
2
2
2
2
2
2
2
2
2
2
2
2
2
2
2
2
2
2
2
2
2
2
2
2
2
2
2
2
2
2
2
2
2
2
2
2
2
2
2
2
2
2
2
2
2
2
2
2
2
2
2
2
2
2
2
2
2
2
2
2
2
2
2
2
2
2
2
2
2
2
2
2
2
2
2
2
2
2
2
2
2
2
2
2
2
2
2
2
2
2
2
2
2
2
2
2
2
2
2
2
2
2
2
2
2
2
2
2
2
2
2
2
2
2
2
2
2
2
2
2
2
2
2
2
2
2
2
2
2
2
2
2
2
2
2
2
2
2
2
2
2
2
2
2
2
2
2
2
2
2
2
2
2
2
2
2
2
2
2
2
2
2
2
2
2
2
2
2
2
2
2
2
2
2
2
2
2
2
2
2
2
2
2
2
2
2
2
2
2
2
2
2
2
2
2
2
2
2
2
2
2
2
2
2
2
2
2
2
2
2
2
2
2
2
2
2
2
2
2
2
2
2
2
2
2
2
2
2
2
2
2
2
2
2
2
2
2
2
2
2
2
2
2
2
2
2
2
2
2
2
2
2
2
2
2
2
2
2
2
2
2
2
2
2
2
2
2
2
2
2
2
2
2
2
2
2
2
2
2
2
2
2
2
2
2
2
2
2
2
2
2
2
2
2
2
2
2
2
2
2
2
2
2
2
2
2
2
2
2
2
2
2
2
2
2
2
2
2
2
2
2
2
2
2
2
2
2
2
2
2
2
2
2
2
2
2
2
2
2
2
2
2
2
2
2
2
2
2
2
2
2
2
2
2
2
2
2
2
2
2
2
2
2
2
2
2
2
2
2
2
2
2
2
2
2
2
2
2
2
2
2
2
2
2
2
2
2
2
2
2
2
2
2
2
2
2
2
2
2
2
2
2
2
2
2
2
2
2
2
2
2
2
2
2
2
2
2
2
2
2
2
2
2
2
2
2
2
2
2
2
2
2
2
2
2
2
2
2
2
2
2
2
2
2
2
2
2
2
2
2
2
2
2
2
2
2
2
2
2
2
2
2
2
2
2
2
2
2
2
2
2
2
2
2
2
2
2
2
2
2
2
2
2
2
2
2
2
2
2
2
2
2
2
2
2
2
2
2
2
2
2
2
2
2
2
2
2
2
2
2
2
2
2
2
2
2
2
2
2
2
2
2
2
2
2
2
2
2
2
2
2
2
2
2
2
2
2
2
2
2
2
2
2
2
2
2
2
2
2
2
2
2
2
2
2
2
2
2
2
2
2
2
2
2
2
2
2
2
2
2
2
2
2
2
2
2
2
2
2
2
2
2
2
2
2
2
2
2
2
2
2
2
2
2
2
2
2
2
2
2
2
2
2
2
2
2
2
2
2
2
2
2
2
2
2
2
2
2
2
2
2
2
2
2
2
2
2
2
2
2
2
2
2
2
2
2
2
2
2
2
2
2
2
2
2
2
2
2
2
2
2
2
2
2
2
2
2
2
2
2
2
2
2
2
2
2
2
2
2
2
2
2
2
2
2
2
2
2
2
2
2
2
2
2
2
2
2
2
2
2
2
2
2
2
2
2
2
2
2
2
2
2
2
2
2
2
2
2
2
2
2
2
2
2
2
2
2
2
2
2
2
2
2
2
2
2
2
2
2
2
2
2
2
2
2
2
2
</DataArray>
</CellData>
</Piece>
</UnstructuredGrid>
</VTKFile>
