<?xml version="1.0"?>
<VTKFile type="UnstructuredGrid" version="0.1">
<UnstructuredGrid>
<Piece NumberOfPoints="1393" NumberOfCells="1266">
<Points><DataArray type="Float64" NumberOfComponents="3" format="ascii">
8.5 1.000358622 0.0
8.5 1.099681225 0.0
8.4 1.099681225 0.0
8.4 1.000358622 0.0
8.6 1.000358622 0.0
8.6 0.9003187749 0.0
8.7 0.9003187749 0.0
8.7 1.000358622 0.0
8.9 1.000358622 0.0
8.8 1.000358622 0.0
8.8 0.9003187749 0.0
8.9 0.9003187749 0.0
8.8 1.099681225 0.0
8.7 1.099681225 0.0
9 1.099681225 0.0
8.9 1.099681225 0.0
9 0.9996413783 0.0
9 0.9003187749 0.0
9.1 0.9003187749 0.0
9.099681225 1 0.0
8.5 0.9003187749 0.0
8.5 0.800278928 0.0
8.6 0.800278928 0.0
8.7 0.800278928 0.0
8.6 1.099681225 0.0
8.4 0.9003187749 0.0
8.4 0.800278928 0.0
8.6 1.199721072 0.0
8.5 1.199721072 0.0
8.7 1.199721072 0.0
8.8 1.199721072 0.0
8.8 0.800278928 0.0
9 1.199721072 0.0
8.9 1.199721072 0.0
9.1 1.099681225 0.0
8.9 0.800278928 0.0
9 0.800278928 0.0
9.1 1.199721072 0.0
9.199721072 0.9 0.0
9.199721072 1 0.0
9.1 0.800278928 0.0
9.199721072 1.1 0.0
8.5 1.299760919 0.0
8.4 1.299760919 0.0
8.4 1.199721072 0.0
8.6 1.299760919 0.0
8.5 0.7002390812 0.0
8.6 0.7002390812 0.0
8.7 1.299760919 0.0
8.8 1.299760919 0.0
9 0.7002390812 0.0
9.1 0.7002390812 0.0
9.2 0.800278928 0.0
9.2 0.7002390812 0.0
8.9 1.299760919 0.0
9 1.299760919 0.0
9.1 1.299760919 0.0
9.2 1.199721072 0.0
9.2 1.299760919 0.0
9.299760919 1.1 0.0
9.299760919 1.2 0.0
9.299760919 0.9 0.0
9.299760919 1 0.0
9.299760919 0.8 0.0
8.4 0.7002390812 0.0
8.7 0.7002390812 0.0
8.8 0.7002390812 0.0
8.9 0.7002390812 0.0
9.399800766 1 0.0
9.399800766 1.1 0.0
9.399800766 0.9 0.0
8.6 1.399800766 0.0
8.5 1.399800766 0.0
8.8 1.399800766 0.0
8.7 1.399800766 0.0
8.9 1.399800766 0.0
9.1 0.6001992343 0.0
9.2 0.6001992343 0.0
9 1.399800766 0.0
9.1 1.399800766 0.0
9.2 1.399800766 0.0
9.3 1.299760919 0.0
9.3 1.399800766 0.0
9.3 0.7002390812 0.0
9.399800766 1.2 0.0
9.399800766 1.3 0.0
9.399800766 0.8 0.0
9.399800766 0.7 0.0
8.4 1.399800766 0.0
8.8 0.6001992343 0.0
8.9 0.6001992343 0.0
9 0.6001992343 0.0
8.4 1.499840613 0.0
8.5 1.499840613 0.0
8.7 1.499840613 0.0
8.6 1.499840613 0.0
8.8 1.499840613 0.0
8.9 1.499840613 0.0
9 1.499840613 0.0
9.1 1.499840613 0.0
9.2 1.499840613 0.0
9.3 1.499840613 0.0
8.4 0.6001992343 0.0
8.5 0.6001992343 0.0
8.5 0.5001593874 0.0
8.6 0.5001593874 0.0
8.6 0.6001992343 0.0
8.7 0.6001992343 0.0
8.7 0.5001593874 0.0
9.499840613 0.9 0.0
9.499840613 1 0.0
9.499840613 1.2 0.0
9.499840613 1.3 0.0
8.8 0.5001593874 0.0
8.9 0.5001593874 0.0
9 0.5001593874 0.0
9.1 0.5001593874 0.0
9.2 0.5001593874 0.0
9.3 0.6001992343 0.0
9.4 0.6001992343 0.0
9.3 0.5001593874 0.0
9.4 0.5001593874 0.0
9.499840613 0.7 0.0
9.499840613 0.8 0.0
9.499840613 0.6 0.0
9.4 1.399800766 0.0
9.4 1.499840613 0.0
9.499840613 1.1 0.0
8.4 0.5001593874 0.0
9.599880459 0.7 0.0
9.599880459 0.8 0.0
8.5 1.599880459 0.0
8.4 1.599880459 0.0
8.6 1.599880459 0.0
9.599880459 1.1 0.0
9.599880459 1.2 0.0
8.7 1.599880459 0.0
8.8 1.599880459 0.0
8.9 1.599880459 0.0
9.1 1.599880459 0.0
9 1.599880459 0.0
9.2 1.599880459 0.0
9.4 1.599880459 0.0
9.3 1.599880459 0.0
9.5 1.499840613 0.0
9.5 1.599880459 0.0
9.5 0.5001593874 0.0
9.599880459 0.5 0.0
9.599880459 0.6 0.0
9.499840613 1.4 0.0
9.599880459 1.5 0.0
9.6 1.599880459 0.0
9.599880459 1 0.0
9.599880459 0.9 0.0
9.699920306 1 0.0
9.699920306 1.1 0.0
9.599880459 1.3 0.0
9.599880459 1.4 0.0
8.5 1.699920306 0.0
8.4 1.699920306 0.0
8.6 1.699920306 0.0
8.8 1.699920306 0.0
8.7 1.699920306 0.0
8.9 1.699920306 0.0
9 1.699920306 0.0
9.1 1.699920306 0.0
9.2 1.699920306 0.0
9.3 1.699920306 0.0
9.4 1.699920306 0.0
9.4 0.4001195406 0.0
9.5 0.4001195406 0.0
9.4 0.3000796937 0.0
9.5 0.3000796937 0.0
9.6 0.4001195406 0.0
9.6 0.3000796937 0.0
9.699920306 0.7 0.0
9.699920306 0.8 0.0
9.5 1.699920306 0.0
9.6 1.699920306 0.0
9.699920306 0.6 0.0
9.699920306 1.5 0.0
9.699920306 1.6 0.0
9.699920306 0.5 0.0
9.699920306 0.4 0.0
9.699920306 1.3 0.0
9.699920306 1.2 0.0
9.699920306 1.4 0.0
9.7 0.3000796937 0.0
9.699920306 0.9 0.0
9.799960153 0.9 0.0
9.799960153 1 0.0
9.799960153 0.8 0.0
8.4 1.799960153 0.0
8.5 1.799960153 0.0
8.7 1.799960153 0.0
8.6 1.799960153 0.0
8.8 1.799960153 0.0
8.9 1.799960153 0.0
9 1.799960153 0.0
9.1 1.799960153 0.0
9.2 1.799960153 0.0
9.3 1.799960153 0.0
9.4 1.799960153 0.0
9.799960153 1.4 0.0
9.799960153 1.5 0.0
9.799960153 0.7 0.0
9.799960153 0.6 0.0
9.799960153 0.5 0.0
9.799960153 1.6 0.0
9.5 1.799960153 0.0
9.6 1.799960153 0.0
9.7 1.699920306 0.0
9.7 1.799960153 0.0
9.799960153 1.7 0.0
9.799960153 0.4 0.0
9.799960153 0.3 0.0
9.7 0.2000398469 0.0
9.6 0.2000398469 0.0
9.799960153 1.1 0.0
8.5 1.9 0.0
8.4 1.9 0.0
8.6 1.9 0.0
8.7 1.9 0.0
8.8 1.9 0.0
8.9 1.9 0.0
9 1.9 0.0
9.1 1.9 0.0
9.2 1.9 0.0
9.3 1.9 0.0
9.5 1.9 0.0
9.4 1.9 0.0
9.6 1.9 0.0
9.8 1.799960153 0.0
9.8 1.9 0.0
9.7 1.9 0.0
9.799960153 1.3 0.0
9.799960153 1.2 0.0
9.9 1.7 0.0
9.9 1.8 0.0
9.8 0.2000398469 0.0
9.9 0.3 0.0
9.9 0.4 0.0
9.9 0.2 0.0
9.5 0.2000398469 0.0
9.9 0.5 0.0
9.9 0.6 0.0
9.9 0.7 0.0
9.9 0.8 0.0
9.9 0.9 0.0
9.9 1 0.0
9.9 1.1 0.0
9.9 1.2 0.0
9.9 1.3 0.0
9.9 1.4 0.0
9.9 1.5 0.0
9.9 1.6 0.0
9.4 2 0.0
9.3 2 0.0
9.2 2 0.0
9.1 2 0.0
9 2 0.0
8.9 2 0.0
9.7 2 0.0
9.6 2 0.0
9.8 2 0.0
8.8 2 0.0
8.6 2 0.0
8.5 2 0.0
10 0.3 0.0
10 0.4 0.0
10 0.5 0.0
10 0.6 0.0
10 0.7 0.0
10 0.8 0.0
10 1.3 0.0
10 1.4 0.0
10 1.5 0.0
10 1.6 0.0
9.8 0.1 0.0
9.9 0.1 0.0
10 1.7 0.0
10 1.8 0.0
9.9 1.9 0.0
10 1.9 0.0
10 1 0.0
10 0.9 0.0
10 1.1 0.0
10 1.2 0.0
9.9 2 0.0
9.5 2 0.0
8.7 2 0.0
10 0.1 0.0
10 0.2 0.0
10 2 0.0
8.4 2 0.0
-8.060045778 7.016113781 0.0
-9.173391537 8.23824612 0.0
-9.607446276 6.485902835 0.0
16.67195861 3.216666589 0.0
16.20982517 2.341171169 0.0
16.99126035 1.7865422 0.0
-4.767334147 9.205080211 0.0
-4.321794141 7.684328444 0.0
-3.059758698 8.601802429 0.0
14.43481002 7.347206172 0.0
13.27177254 8.326561286 0.0
13.14789139 6.915250947 0.0
15.79670374 1.414712326 0.0
17.01375503 -1.040730851 0.0
18.55132456 -0.05723072274 0.0
16.86930965 0.3868183109 0.0
17.64208159 4.066199857 0.0
16.31815769 6.474066881 0.0
16.01971017 4.755340074 0.0
11.09397603 8.979435617 0.0
11.515788 10.27160456 0.0
10.05644834 9.213413728 0.0
12.12747746 8.556356633 0.0
1.04785209 9.538514762 0.0
0.5360834445 7.996956603 0.0
1.714804998 8.103612108 0.0
15.8032853 0.572591596 0.0
15.83904055 -0.3461832084 0.0
-4.754709605 10.92661638 0.0
-2.513559288 10.01743365 0.0
-2.388360466 11.85104395 0.0
4.398118456 9.60942665 0.0
3.863696196 8.168077292 0.0
5.015324374 8.195029332 0.0
-2.38402987 16.45231955 0.0
-3.038178651 13.44756297 0.0
-0.5560253847 13.80235413 0.0
9.17271261 -11.63051926 0.0
6.969728829 -11.15286774 0.0
7.249644014 -12.83249287 0.0
17.25337745 -4.242676432 0.0
18.63066114 -1.983611584 0.0
17.10613978 -2.225573562 0.0
13.7467435 4.859968352 0.0
14.7447961 3.964757722 0.0
15.03563433 5.118929909 0.0
-1.892255817 8.324749933 0.0
-0.5576332749 8.027079887 0.0
-0.7457147131 9.849512583 0.0
13.78515137 3.465083431 0.0
14.48408239 2.849604548 0.0
10.70586624 8.054193937 0.0
10.65266377 6.914528711 0.0
11.82348841 7.489799283 0.0
7.458376536 8.269596429 0.0
7.042420869 6.973522764 0.0
8.007461776 7.040272979 0.0
14.86292115 1.932042186 0.0
14.87644372 1.056269381 0.0
-9.02755874 -18.61329164 0.0
-6.001176139 -19.6503863 0.0
-6.14101612 -15.82921212 0.0
-6.070899188 15.85534897 0.0
-5.906118178 19.674909 0.0
-8.96428146 18.63023814 0.0
15.7130696 -13.09340349 0.0
15.0885574 -10.46459487 0.0
13.41535811 -11.68102074 0.0
-1.090094813 6.913333602 0.0
-0.1741681325 6.883704604 0.0
12.21747369 6.255332734 0.0
11.40076815 5.788628601 0.0
10.41821508 5.893062309 0.0
12.25124471 16.19752792 0.0
9.685867364 17.18321401 0.0
9.972948031 13.88781834 0.0
13.49183849 1.530694061 0.0
13.23712945 2.125457664 0.0
12.66685112 1.615175113 0.0
8.555896352 5.282957716 0.0
9.160743982 5.260045807 0.0
8.896231672 6.181186185 0.0
15.52792389 2.792906866 0.0
21.67542799 21.19061769 0.0
17.26203549 19.0803934 0.0
20.1081475 16.72827261 0.0
-2.831272896 6.034621976 0.0
-1.754597003 5.953348128 0.0
-2.064615469 7.184129079 0.0
11.281753 3.69989946 0.0
10.78936099 3.469783668 0.0
11.18842324 3.193912753 0.0
11.80685202 4.218124853 0.0
11.29961834 4.744666996 0.0
11.1678163 4.084003433 0.0
6.536950227 -19.60245063 0.0
3.460538119 -19.61874029 0.0
5.453846327 -23.42124223 0.0
11.99571453 2.699064218 0.0
12.57905865 2.970633698 0.0
12.08638684 3.239192074 0.0
11.78703101 2.234144829 0.0
12.34122903 2.113914823 0.0
10.39867309 5.226488983 0.0
10.0924794 4.55110919 0.0
10.6911141 4.561247461 0.0
10.6088362 4.009238081 0.0
10.34782066 3.513518164 0.0
-8.111689119 -36.8856258 0.0
-4.276154327 -31.19530635 0.0
-9.266966683 -30.36944289 0.0
-7.985677041 36.89368686 0.0
-9.152431736 30.15482547 0.0
-4.31774307 31.10260805 0.0
8.001530961 37.80215785 0.0
4.837144662 31.59364455 0.0
9.860996321 31.27327489 0.0
11.43538303 2.329108686 0.0
11.14912563 2.188595507 0.0
11.3337844 1.91380661 0.0
11.53405557 2.816693475 0.0
11.16715015 2.568045168 0.0
13.36864117 0.3952175693 0.0
12.63387462 0.6588238115 0.0
12.6180493 0.2170925312 0.0
12.04022954 1.782796331 0.0
11.66442487 1.934183473 0.0
11.64894622 1.601316068 0.0
16.11109065 -2.376589036 0.0
14.95937173 -2.025398197 0.0
15.13244429 -3.065934905 0.0
16.18909391 36.74785746 0.0
22.37283582 42.83160496 0.0
15.14353053 45.33002563 0.0
10.66892365 3.156717551 0.0
10.33673935 3.233181716 0.0
10.43971227 2.897987806 0.0
8.832945488 3.673913268 0.0
8.719391708 3.268849553 0.0
8.965052774 3.282095594 0.0
11.63654848 0.293413535 0.0
11.28963666 0.3043842773 0.0
11.27900401 0.1093499159 0.0
10.98185688 2.393939929 0.0
10.88703834 2.111429716 0.0
8.839031908 4.084581051 0.0
9.232223383 4.0783838 0.0
9.069899297 4.663172742 0.0
11.28524131 0.5105339505 0.0
10.22056059 2.663075761 0.0
10.20265068 2.921224016 0.0
9.982751125 2.748960059 0.0
-58.74788709 28.47782774 0.0
-59.22188237 17.43155666 0.0
-48.82071596 20.18064714 0.0
9.7986853 3.046358745 0.0
9.724245419 2.718517274 0.0
-70.50796633 13.15931603 0.0
-58.65798714 8.330336391 0.0
-26.26681075 -58.6956862 0.0
-36.70858995 -67.53711784 0.0
-25.4717563 -71.83189628 0.0
10.73536237 1.840608605 0.0
11.04938969 1.830772821 0.0
-58.72451075 -28.40053509 0.0
-71.01209979 -24.61626199 0.0
-66.90611512 -36.68283906 0.0
-59.19931845 -17.48898432 0.0
-49.01207647 -20.15148073 0.0
10.54108588 2.045079786 0.0
10.45775501 1.780464731 0.0
10.34966216 2.018021827 0.0
10.39384246 2.201352218 0.0
10.33183326 0.6988377028 0.0
10.51941828 0.7612713922 0.0
10.33430864 0.8092414142 0.0
10.47834688 1.295541258 0.0
10.3332634 1.299281867 0.0
10.32544299 1.205122186 0.0
10.49309664 1.019254878 0.0
10.3401541 1.007550749 0.0
10.33292784 0.9119446611 0.0
9.206151603 2.474282642 0.0
9.202349691 2.327796688 0.0
9.296791153 2.319748374 0.0
10.49803113 1.549301921 0.0
10.32713152 1.608877413 0.0
10.32318483 1.493304007 0.0
9.488934048 2.471606756 0.0
9.401823479 2.317426536 0.0
9.492275387 2.327635455 0.0
10.25297644 2.174229005 0.0
10.17706192 2.101784473 0.0
10.23243032 2.027770169 0.0
8.911022544 2.33852191 0.0
9.005005705 2.324325451 0.0
8.931372953 2.494254276 0.0
8.811826061 2.339257322 0.0
10.10975759 2.014425608 0.0
9.592566076 2.325012607 0.0
9.106784503 2.322203113 0.0
10.32076301 1.392026211 0.0
10.32935928 1.101825376 0.0
10.33379208 0.5978876856 0.0
10.34239164 0.5061419572 0.0
10.50630332 0.5159383431 0.0
10.33273521 0.4140555217 0.0
10.53557197 0.2898055752 0.0
10.33954268 0.3161228407 0.0
10.35156354 0.2049038106 0.0
-12.3684648 -113.5735517 0.0
-0.8844640491 -96.01486524 0.0
-17.94692325 -95.05304213 0.0
-67.70710759 -95.1390375 0.0
-47.0785049 -85.68581094 0.0
-59.28377233 -75.66404303 0.0
-91.20069286 -67.22659853 0.0
-69.27124392 -66.08047493 0.0
-78.33953882 -57.53989675 0.0
-112.1886697 0.04362009275 0.0
-93.71407042 -14.49577282 0.0
-95.61109015 0.02654182281 0.0
-67.02060615 36.82439296 0.0
-71.35119524 24.9727767 0.0
-12.49094702 113.7832645 0.0
-17.96790731 95.24722072 0.0
-0.9016647852 96.10077613 0.0
-26.05350389 58.70286932 0.0
-25.32510429 71.85069373 0.0
-36.45815447 66.96330324 0.0
-91.56937843 67.52436321 0.0
-84.77646425 45.99936927 0.0
-78.30075824 57.55261045 0.0
8.499725339 2.347935779 0.0
8.594787248 2.344215993 0.0
8.499427271 2.513628109 0.0
8.404594869 2.346659208 0.0
0.5132669759 -148.0477779 0.0
14.61561484 -115.3774189 0.0
-84.69700817 -45.94328876 0.0
140.1918897 0.06085005463 0.0
112.5498461 15.29499995 0.0
116.0301877 0.3333388166 0.0
136.8679007 47.77070249 0.0
102.7564243 49.47239751 0.0
108.9849575 32.47866231 0.0
115.9413768 88.67725178 0.0
82.64386787 79.94866113 0.0
94.4530921 64.8638931 0.0
84.24544422 122.3492904 0.0
54.45694353 104.517089 0.0
70.24537211 92.56129633 0.0
-67.85584337 95.21845499 0.0
-59.38480232 75.83744169 0.0
-47.0548186 85.33406102 0.0
-93.88321945 14.60589675 0.0
-69.26601187 66.15606769 0.0
112.570962 -15.14458694 0.0
136.8808627 -47.73646165 0.0
109.051572 -32.45932443 0.0
102.772383 -49.4621869 0.0
115.9487531 -88.67018341 0.0
94.49404189 -64.98111519 0.0
83.04587184 -79.88298355 0.0
84.28210817 -122.2657512 0.0
69.70024323 -92.7560792 0.0
54.47584315 -104.4283371 0.0
0.3300645092 148.2707125 0.0
14.56872607 115.4685925 0.0
-58.65798714 -8.330336391 0.0
-70.40269945 -13.07358507 0.0
10.03235817 2.132984634 0.0
-6.555878487 10.21180951 0.0
-5.970549681 8.632552239 0.0
-4.811259273 6.258971535 0.0
-5.345785851 7.291434936 0.0
-6.394815649 6.63851678 0.0
-5.649567757 5.629885623 0.0
-7.070902531 7.842016816 0.0
-7.513006456 5.790729743 0.0
15.78429954 3.698283537 0.0
14.86517572 6.220339026 0.0
15.30828433 8.182756678 0.0
13.63518707 5.900329399 0.0
5.452821853 -11.24623724 0.0
5.601055066 -12.8612375 0.0
7.076508232 -9.672984497 0.0
5.471977746 -9.733177212 0.0
3.616310098 -12.71950443 0.0
3.813835661 -11.17239969 0.0
3.959864921 -9.625083482 0.0
2.705501583 -9.545546868 0.0
2.451665544 -10.98129349 0.0
16.36427318 -3.453949418 0.0
-0.164088282 11.78626665 0.0
1.09111904 10.8220571 0.0
2.563459983 11.05009125 0.0
2.12110059 12.48129359 0.0
4.418578029 11.12514834 0.0
4.380198609 12.60645772 0.0
6.166398462 11.01002599 0.0
6.67910882 12.32350054 0.0
7.528515681 10.70327511 0.0
6.019425906 9.689462664 0.0
7.441182509 9.609610645 0.0
-8.00905007 9.17473432 0.0
-2.96452682 7.485147721 0.0
1.664908122 -12.30655609 0.0
1.113896559 -14.43425675 0.0
3.496922911 -14.66784887 0.0
5.788270165 -14.75821654 0.0
11.064642 -11.02189723 0.0
11.92839423 -12.8487238 0.0
12.68737647 -10.30779772 0.0
9.945177811 -13.79933713 0.0
7.885904558 -14.56381882 0.0
16.55609446 -6.46355527 0.0
15.9335935 -4.711670065 0.0
15.30413136 -5.928525695 0.0
15.49886948 -8.039006733 0.0
14.07520317 -9.302828372 0.0
16.75079322 -9.246595722 0.0
14.61338708 -7.143047568 0.0
19.34016034 -4.949611507 0.0
20.12055481 -2.524909786 0.0
16.00269407 -1.244639959 0.0
20.40328049 0.01116784376 0.0
18.38324931 2.111542712 0.0
20.10214744 2.551428767 0.0
19.33740014 4.95317638 0.0
18.14356452 7.349813932 0.0
13.78021298 9.466120854 0.0
4.413372745 14.64324567 0.0
1.704832048 14.48235876 0.0
8.899520219 11.37584622 0.0
8.801240562 9.69303254 0.0
-6.309051956 4.9006922 0.0
-5.393931757 13.10321537 0.0
-9.350615544 10.6123402 0.0
-10.71888084 8.886298343 0.0
18.23915189 -7.357222671 0.0
10.76237363 -9.031729427 0.0
8.89222178 -9.726756376 0.0
-3.769206293 6.669511656 0.0
12.16747051 -9.157212404 0.0
2.708556267 9.662435056 0.0
2.809990459 8.293897928 0.0
9.789295397 8.190876785 0.0
8.741384894 8.363209777 0.0
6.115699809 8.294007568 0.0
7.191292722 14.5558402 0.0
15.62901922 -3.727177083 0.0
7.277120982 17.26159261 0.0
4.266421458 17.30792587 0.0
1.021614351 17.05923477 0.0
-7.556815724 12.03626113 0.0
-12.53032489 4.350080231 0.0
-11.4250005 6.443671259 0.0
-13.86585504 7.536660759 0.0
-14.33641349 5.061067842 0.0
-12.78009682 10.12393887 0.0
-11.15569172 12.38088241 0.0
-1.059151113 -13.71250173 0.0
-2.661900913 -16.41186719 0.0
0.5564247841 -16.96427124 0.0
3.429715437 -17.02886487 0.0
6.105544788 -17.03633975 0.0
8.560526241 -16.86522872 0.0
13.28839899 -14.89264012 0.0
13.05266145 -8.132110062 0.0
18.20758476 -11.04781389 0.0
20.13468007 -8.530118286 0.0
21.46800869 -5.859274637 0.0
22.19302084 -3.06335191 0.0
22.52850395 0.002791951072 0.0
22.19302085 3.06335187 0.0
21.461807 5.845262964 0.0
20.13915299 8.46277997 0.0
16.69253144 9.371396534 0.0
18.38661692 10.88957081 0.0
16.28552152 12.77409795 0.0
14.85874049 11.04701817 0.0
12.57476105 12.44497705 0.0
12.99667091 4.962543772 0.0
12.49076658 4.419577864 0.0
13.25109136 4.043546713 0.0
12.71876148 5.586886106 0.0
11.95205695 5.145382077 0.0
9.77371576 7.108653276 0.0
8.8564442 7.162808689 0.0
6.012501066 6.938866014 0.0
4.935640859 7.142374648 0.0
0.6520845115 6.978839954 0.0
1.707585476 7.046868723 0.0
2.848801161 7.089996128 0.0
3.9371238 7.139817773 0.0
-0.9759096239 6.098832519 0.0
15.04689003 -1.21505674 0.0
-8.926837108 14.21767945 0.0
0.4601380572 -19.91596663 0.0
-2.941600944 -19.66319927 0.0
-11.05220625 16.73622479 0.0
-13.41879844 14.44257419 0.0
-15.37995969 11.69191398 0.0
-12.79546523 -10.12986055 0.0
-13.88063328 -7.56527421 0.0
-16.78123284 -8.377929863 0.0
-15.3817914 -11.6804058 0.0
-11.13321811 -12.26014796 0.0
-13.43209515 -14.43103856 0.0
-11.10376136 -16.69613939 0.0
-8.960175014 -14.21523739 0.0
-2.697298457 19.84259885 0.0
0.7915897295 20.04155299 0.0
4.353577755 20.26763045 0.0
7.558089304 20.23701397 0.0
10.91867236 -16.09747948 0.0
9.143001024 -19.6407288 0.0
22.44332339 -9.919922881 0.0
23.94297541 -6.81502357 0.0
24.74313208 -3.526724416 0.0
25.13598618 0.0006979854277 0.0
24.74313208 3.526724407 0.0
23.94161143 6.807416445 0.0
22.4440692 9.903505949 0.0
20.44632871 12.57882207 0.0
14.06195953 14.56526564 0.0
18.04168587 14.82054249 0.0
15.60169137 16.81041021 0.0
13.26208559 18.5405445 0.0
10.44336499 19.78615733 0.0
15.04442356 -0.3959821352 0.0
15.00315403 0.3877962468 0.0
13.79263204 2.41296961 0.0
14.08768409 1.723336269 0.0
13.36163224 2.953479961 0.0
11.88058638 -18.83271196 0.0
12.87684748 2.536209624 0.0
11.03196938 5.25483743 0.0
9.705418031 6.129417068 0.0
8.057387621 6.198561445 0.0
7.271680569 6.16918899 0.0
6.589700828 6.018825512 0.0
0.5808379763 5.944722412 0.0
1.333404141 5.996863574 0.0
-0.2138603002 6.094714943 0.0
-16.77549036 8.390968136 0.0
-16.05584805 -16.9243083 0.0
-18.39945925 -13.6816469 0.0
-20.14869366 -9.671694476 0.0
-14.2918852 -5.046623215 0.0
-17.5879823 -4.322190911 0.0
-18.15321989 0.00480956549 0.0
-21.72962597 4.862429903e-14 0.0
-21.17632304 -5.132616118 0.0
-21.16875147 5.137425688 0.0
-17.57002625 4.352131965 0.0
-20.14467585 9.67521756 0.0
-18.39903415 13.68317778 0.0
-16.0510986 16.92546437 0.0
4.518091203 23.69216002 0.0
0.5416399066 23.54147615 0.0
-3.290635511 23.20161386 0.0
-6.896344302 22.69967917 0.0
-13.15339332 19.5816947 0.0
-10.31248309 21.52319348 0.0
22.91294285 14.70166904 0.0
27.85725832 4.08040375 0.0
26.94021822 7.925154947 0.0
27.85725832 -4.080403752 0.0
28.29735734 0.0001744960515 0.0
25.23507625 -11.55645025 0.0
26.94056281 -7.928024505 0.0
20.36788314 -12.97256045 0.0
22.89340273 -15.10614376 0.0
19.779614 -17.90669382 0.0
17.62293697 -15.35809911 0.0
14.78208563 -17.37776774 0.0
16.410806 -20.32762928 0.0
12.94045599 -22.07209912 0.0
9.567584299 -23.09675688 0.0
0.8790114119 -23.52372909 0.0
-3.354195661 -23.16837091 0.0
-6.970660132 -22.69280222 0.0
-10.36518509 -21.53906605 0.0
-13.17244921 -19.57701287 0.0
14.75204129 21.36808254 0.0
8.158293489 23.6326755 0.0
11.51768548 22.97124075 0.0
12.90250792 3.406796235 0.0
12.32185286 3.697542043 0.0
-15.61618039 23.02231153 0.0
-11.90399637 25.20971888 0.0
8.95985822 27.25157567 0.0
13.05944429 26.52940328 0.0
11.75558175 3.727482048 0.0
25.23506188 11.55257912 0.0
11.63801623 3.250373372 0.0
14.19319709 0.3402628985 0.0
14.15940943 1.026340248 0.0
13.44611549 1.006750298 0.0
9.733509613 5.3347665 0.0
8.005560417 5.396323121 0.0
7.332367204 5.395222943 0.0
6.599655971 5.312927608 0.0
-25.27391946 -6.019261934 0.0
-24.24300189 -11.32996093 0.0
-25.76305053 4.918287999e-14 0.0
-22.11994363 -15.95481765 0.0
-19.02369507 -19.91532863 0.0
-15.63762774 -23.04872873 0.0
-24.04975745 11.17549201 0.0
-25.28443079 5.809218897 0.0
-21.90323457 15.88186533 0.0
-19.01754806 19.91002794 0.0
4.760698781 27.57094903 0.0
0.2780574362 27.64577502 0.0
-8.076140427 26.39900033 0.0
5.831480744 -27.64573592 0.0
10.2800416 -27.09847783 0.0
22.38417381 -20.86614023 0.0
25.91455238 -17.59496593 0.0
28.57187907 -13.46920631 0.0
30.52100999 -9.226410934 0.0
31.56211204 -4.726030357 0.0
32.0688482 4.362401286e-05 0.0
31.56211204 4.726030357 0.0
30.52089866 9.22548066 0.0
28.57177834 13.46835477 0.0
25.66819449 17.46381296 0.0
17.31582185 24.42826677 0.0
-28.66048836 13.05267342 0.0
-26.14659861 18.7587636 0.0
12.72174976 1.089167778 0.0
9.607505034 4.655924933 0.0
8.536791765 4.703438375 0.0
8.026150727 4.742567628 0.0
7.452571861 4.702452054 0.0
6.909263763 4.6055571 0.0
-3.847695556 27.04349452 0.0
-30.15616372 -6.923957889 0.0
-28.82826237 -13.24439921 0.0
-30.53835629 6.414165259e-14 0.0
-30.06204323 6.653982924 0.0
-22.44510448 23.54540322 0.0
-18.34168223 27.10705888 0.0
-13.69365798 29.47276465 0.0
-26.14659718 -18.75876506 0.0
-22.44510158 -23.5454062 0.0
-18.3553363 -27.09922963 0.0
-8.16208364 -26.41338562 0.0
-3.77424532 -27.13466117 0.0
-11.98036304 -25.31895043 0.0
-13.79757893 -29.64838567 0.0
0.9562569237 -27.58933657 0.0
6.087963517 -32.46500224 0.0
11.46868172 -31.79832012 0.0
14.25241964 -25.8530984 0.0
18.45189873 -23.7322585 0.0
20.76019548 -27.88216609 0.0
25.45436682 -24.34683087 0.0
29.51279311 -20.49440851 0.0
32.53892349 -15.69904034 0.0
34.7726262 -10.73950149 0.0
35.95507467 -5.477910904 0.0
36.54214926 1.09060032e-05 0.0
35.95507467 5.477910904 0.0
34.74060464 10.68080504 0.0
32.41094856 15.4651848 0.0
29.2139231 20.37070685 0.0
24.99288658 24.68446551 0.0
19.95225781 28.33778514 0.0
14.72670117 30.79260648 0.0
10.05505086 4.050509408 0.0
11.23723752 2.925707214 0.0
9.59650842 4.116176404 0.0
8.484817774 4.164776749 0.0
12.14951345 0.6521957107 0.0
12.13069273 0.287792767 0.0
12.18082429 1.034147921 0.0
12.15126656 1.439070757 0.0
9.942754497 3.54220087 0.0
6.268503197 -38.15851107 0.0
12.59749345 -37.39144678 0.0
0.4782254749 -32.33939513 0.0
-0.4810725215 -38.08014983 0.0
-15.34525342 -35.16152868 0.0
-21.54103695 -32.15439792 0.0
-30.99591862 -21.96901478 0.0
-26.69947485 -27.6789234 0.0
-34.2165495 -15.48179498 0.0
-36.17731914 8.038014698e-14 0.0
-35.87647272 -8.068078103 0.0
-35.76489745 7.754039382 0.0
-34.09618925 15.19801123 0.0
-30.99531921 21.96287791 0.0
-26.69947485 27.6789234 0.0
-21.53212514 32.15826809 0.0
-15.26409719 35.16203036 0.0
0.1861091528 32.21681877 0.0
-0.258009671 38.09174346 0.0
16.0723918 -30.24731456 0.0
18.21304081 -35.7550749 0.0
23.72536263 -32.63680564 0.0
29.10479842 -28.42764564 0.0
33.78370559 -23.86931043 0.0
37.23900165 -18.29533659 0.0
39.71805541 -12.48189038 0.0
41.14908057 -6.352813059 0.0
41.83037389 2.726500784e-06 0.0
41.14908057 6.352813059 0.0
39.75129623 12.42513031 0.0
37.06153573 18.050164 0.0
33.47329571 23.71570374 0.0
28.77794769 28.64664359 0.0
22.87252083 33.18143771 0.0
7.711306029 4.095440831 0.0
8.087814185 4.177331934 0.0
20.61552008 -41.78944557 0.0
14.13478514 -43.93583431 0.0
10.07441991 3.190516168 0.0
11.00161621 2.742302276 0.0
11.72482428 1.340741813 0.0
11.73892992 1.012454677 0.0
11.70296286 0.6727907485 0.0
9.556789889 3.67135095 0.0
9.202580977 3.693342342 0.0
8.459643101 3.693358939 0.0
33.37003414 33.32623549 0.0
27.30643083 38.52877623 0.0
38.55366745 27.61519064 0.0
42.55788087 21.0583518 0.0
45.6702279 14.46720437 0.0
47.27576939 7.370321552 0.0
48.06704373 6.816251791e-07 0.0
47.27576939 -7.370321552 0.0
45.71151323 -14.53991037 0.0
42.79339114 -21.31614326 0.0
38.83977632 -27.79530054 0.0
33.41203377 -33.1762175 0.0
27.1475786 -38.14770222 0.0
-9.063676349 43.62911561 0.0
-17.80587542 41.5096758 0.0
6.869628342 -44.69744546 0.0
-1.044440742 -44.70973102 0.0
-9.720570295 -43.61685297 0.0
-17.96936631 -41.50574678 0.0
-25.52168693 -38.0335189 0.0
-31.69734119 -32.53717419 0.0
-42.62991772 -8.894188404 0.0
-40.69489916 -17.62100995 0.0
-36.92105297 -25.95657569 0.0
10.8665307 2.954251966 0.0
11.34256725 1.602514129 0.0
11.34644046 0.7412570919 0.0
11.37330825 1.02317745 0.0
10.63165088 2.732838491 0.0
9.747265119 3.307070259 0.0
10.37379127 2.720382629 0.0
10.46110095 2.60008432 0.0
11.36015444 1.310125751 0.0
9.500355559 3.332651162 0.0
9.210092184 3.33050947 0.0
8.53054008 3.272811283 0.0
7.262625847 -52.67257908 0.0
16.01325857 -51.6284153 0.0
38.48666984 -38.83048945 0.0
44.81345907 -32.36047153 0.0
49.3446626 -24.82920484 0.0
52.70139572 -16.91853288 0.0
54.48907806 -8.553258638 0.0
55.4086759 1.704062769e-07 0.0
54.48907806 8.553258638 0.0
52.64469996 16.84527313 0.0
49.04082262 24.55719677 0.0
44.43361106 32.07503124 0.0
38.64358458 38.74503238 0.0
31.78913705 44.59792236 0.0
8.385211168 52.74282674 0.0
-1.225938798 52.63777363 0.0
-0.5091181185 44.69194515 0.0
7.851153916 45.03156942 0.0
16.85194234 52.01832505 0.0
-11.28811743 51.36250961 0.0
-21.40333401 49.21404 0.0
-31.69734119 32.53717419 0.0
-25.49239414 38.03351722 0.0
-36.91865379 25.93202975 0.0
-40.6847025 17.51668989 0.0
-42.37416984 8.629136773 0.0
-42.82201607 8.415490527e-14 0.0
-11.75678501 -51.36630828 0.0
-2.040148286 -52.54949979 0.0
-21.65753359 -49.23897901 0.0
-30.48062882 -44.76659678 0.0
-37.55835625 -38.24500799 0.0
-43.82540779 -30.67442594 0.0
10.75473448 2.501497696 0.0
-30.44249788 44.76648194 0.0
-14.29779044 -61.09823038 0.0
-50.22506332 9.245817823 0.0
-50.63865951 8.651412919e-14 0.0
-50.23466021 -9.344001381 0.0
-59.82196472 8.185119249e-14 0.0
-1.491730806 61.75381302 0.0
-13.20257349 61.01179194 0.0
8.957929194 3.021941006 0.0
9.210244076 3.033334717 0.0
9.492774647 3.033622093 0.0
11.04003234 1.580023006 0.0
11.03752827 1.304455454 0.0
11.04278639 0.7629872939 0.0
11.0222331 0.522391286 0.0
24.00762176 -48.82269115 0.0
8.380684089 -61.65880814 0.0
18.80170726 -60.24879382 0.0
36.88462879 51.8988887 0.0
28.64338349 57.35878006 0.0
24.98588398 49.0962467 0.0
44.78726118 45.09810482 0.0
51.49636959 37.38270518 0.0
56.67583509 28.62519076 0.0
60.84995207 19.61085229 0.0
62.96932774 9.928179697 0.0
64.03866824 4.260155273e-08 0.0
62.96932774 -9.928179697 0.0
60.91787824 -19.6749289 0.0
57.06035571 -28.91337757 0.0
51.86073345 -37.66728719 0.0
44.60393821 -45.25285814 0.0
31.39229182 -44.62902278 0.0
36.73757145 -51.93680322 0.0
28.00941657 -57.24388096 0.0
9.566232439 61.50150826 0.0
19.61467283 60.34431019 0.0
10.2971251 2.510394278 0.0
-43.8158109 30.57624238 0.0
-51.94939683 37.05263149 0.0
-44.42252806 44.94923397 0.0
-37.55835625 38.24500799 0.0
-36.35757899 52.26990101 0.0
-51.94595197 -37.05785421 0.0
-36.40633018 -52.15633713 0.0
10.67484123 2.235960575 0.0
10.52561587 2.435392378 0.0
10.53415439 2.288659303 0.0
8.716850521 3.015326374 0.0
8.512430127 3.01588983 0.0
33.61819432 66.45172833 0.0
42.99267893 60.40726889 0.0
11.44052837 72.03797103 0.0
23.39713303 70.49862737 0.0
-52.45402461 52.82195566 0.0
-60.54044972 44.64129375 0.0
-44.23045798 60.13108792 0.0
-44.42252806 -44.94923397 0.0
-52.45402461 -52.82195566 0.0
-44.45535309 -60.21383158 0.0
10.35247368 2.351328192 0.0
10.11631242 2.545042093 0.0
10.15436519 2.427088839 0.0
9.966376043 2.543865474 0.0
10.00529755 2.396272657 0.0
11.02666234 0.09849378732 0.0
11.02471234 0.3066192007 0.0
10.77001154 0.3048813014 0.0
10.77260472 0.09730141679 0.0
10.76568902 0.5231004298 0.0
11.04770818 1.028872281 0.0
10.7673502 1.024506239 0.0
10.77075457 0.7574614046 0.0
10.75411019 1.299994498 0.0
10.75182093 1.577285896 0.0
9.487109065 2.74302875 0.0
9.199991447 2.754094022 0.0
8.939569406 2.757007341 0.0
8.709892351 2.765973706 0.0
8.502329906 2.764052711 0.0
-1.235009962 72.60441543 0.0
-13.97694184 72.22797583 0.0
-60.38455028 -44.50077292 0.0
-70.60015788 7.460698725e-14 0.0
52.03778844 52.49284062 0.0
59.70892301 43.44705361 0.0
65.65735551 33.35358551 0.0
70.48136234 22.82205478 0.0
72.92790045 11.52595493 0.0
74.16066771 1.065036583e-08 0.0
72.92790045 -11.52595493 0.0
70.54586441 -22.84314453 0.0
66.13050589 -33.65685627 0.0
60.16522917 -43.83481095 0.0
51.8698596 -52.66554978 0.0
42.94463917 -60.621451 0.0
33.07379132 -66.63783113 0.0
10.66656686 -72.08330919 0.0
-2.621993244 -61.44938076 0.0
-2.044289936 -72.04857592 0.0
22.80346979 -70.46407087 0.0
10.18404669 2.273362948 0.0
9.753486575 2.485909423 0.0
8.710173144 2.534808804 0.0
10.55218954 0.1018744439 0.0
9.868332708 2.357356777 0.0
-82.39213754 14.17440533 0.0
-83.19120081 6.039613254e-14 0.0
-80.8274035 28.00052083 0.0
-75.77675238 40.66891769 0.0
-69.05131139 50.96976544 0.0
-60.71231383 59.79869637 0.0
-51.43238764 68.01002574 0.0
-41.12064829 75.7429461 0.0
-29.12630641 81.69819577 0.0
-15.49576278 83.39282354 0.0
-82.25615827 -14.10713084 0.0
-80.62889527 -27.85167979 0.0
-75.30930021 -40.33768648 0.0
-69.0051823 -50.87293831 0.0
-60.67563805 -59.76200387 0.0
-51.4798003 -68.21764741 0.0
-14.91871334 -72.14839857 0.0
-0.9118955689 84.39790184 0.0
13.12876626 84.1705116 0.0
-1.47884344 -84.02872193 0.0
12.85792458 -84.19740622 0.0
39.20569739 -77.80280399 0.0
50.24396197 -70.26777256 0.0
60.43919341 -61.22135422 0.0
69.52127994 -50.50222392 0.0
76.75124149 -39.13974706 0.0
81.74638002 -26.38633418 0.0
84.58264055 -13.37783853 0.0
86.00889411 2.662562432e-09 0.0
84.58264055 13.37783853 0.0
81.7467982 26.54004942 0.0
76.18649321 38.83447099 0.0
69.27981464 50.27450113 0.0
50.18168481 70.21144303 0.0
39.43958182 77.54223698 0.0
27.13942282 82.18202373 0.0
8.704196613 2.3611746 0.0
10.36537912 0.1 0.0
-41.15415412 -76.01302093 0.0
-92.83704929 -31.6715657 0.0
-92.59523389 31.40572198 0.0
-15.85566636 -83.20233563 0.0
-29.07818543 -81.5791799 0.0
-33.69196126 94.08896592 0.0
14.84700943 98.0641498 0.0
14.80376147 -98.04488308 0.0
26.87326557 -82.26353076 0.0
45.62500384 -90.41278436 0.0
58.82667054 -81.10357981 0.0
70.78540906 -70.54019341 0.0
80.72945569 -57.81298344 0.0
88.69869319 -44.09947574 0.0
94.54169257 -29.98298554 0.0
97.81954355 -14.60551908 0.0
99.58287905 0.08333470481 0.0
97.76363597 14.66988724 0.0
94.33917817 29.92337577 0.0
88.46091185 44.00694726 0.0
80.56155172 57.79754476 0.0
60.20598447 60.63117782 0.0
58.87938445 81.07314502 0.0
45.68098803 90.36674549 0.0
31.92785223 96.58923428 0.0
10.33068846 1.878301224 0.0
10.22025463 1.904345969 0.0
10.03211627 2.256779538 0.0
9.904746557 2.239655224 0.0
10.12842315 2.168768509 0.0
9.910530507 2.118634656 0.0
10.32487603 1.724779465 0.0
10.28892699 1.802907952 0.0
10.21121647 1.805643167 0.0
9.794262653 2.309513937 0.0
9.800556881 2.225092188 0.0
9.699440529 2.229184349 0.0
9.711909209 2.337104629 0.0
9.595220047 2.222790153 0.0
9.5 2.220143006 0.0
9.4 2.220143006 0.0
9.3 2.220143006 0.0
9.2 2.220143006 0.0
9.1 2.220143006 0.0
9 2.220143006 0.0
8.9 2.220143006 0.0
8.8 2.220143006 0.0
8.7 2.226416284 0.0
8.6 2.220143006 0.0
8.5 2.220143006 0.0
8.401148717 2.225045288 0.0
10.22014301 1.3 0.0
10.22014301 1.2 0.0
10.22014301 1.1 0.0
10.22014301 0.6 0.0
10.22014301 0.5 0.0
10.2229425 0.3043371983 0.0
10.22578964 0.2012259526 0.0
10.22641628 0.1 0.0
70.57269713 69.86263218 0.0
37.32821585 114.8844354 0.0
31.15756168 -96.4014084 0.0
37.32821585 -114.8844354 0.0
-33.56824958 -94.0684855 0.0
-40.35919974 -111.8349223 0.0
-110.5616239 -36.85293755 0.0
-40.38076047 112.1081934 0.0
-109.9260244 36.50980515 0.0
10.22014301 1.4 0.0
10.22014301 1.5 0.0
10.21909976 1.603625355 0.0
10.22014301 0.7 0.0
10.22014301 0.8 0.0
10.22014301 0.4 0.0
10.10668327 1.905669315 0.0
9.802064784 2.115585485 0.0
9.597762566 2.11087004 0.0
9.697594724 2.115397621 0.0
9.5 2.106609424 0.0
9.4 2.106294689 0.0
9.3 2.105035751 0.0
9.2 2.107868362 0.0
9.1 2.106294689 0.0
9 2.105035751 0.0
8.9 2.106294689 0.0
8.8 2.108260441 0.0
8.7 2.106604071 0.0
8.6 2.108260441 0.0
8.5 2.106294689 0.0
8.4 2.105035751 0.0
10.21676866 1.708674871 0.0
10.10804469 1.801884421 0.0
10.11188238 1.700651495 0.0
10.10826178 1.3 0.0
10.10660942 1.2 0.0
10.22014301 1 0.0
10.22014301 0.9 0.0
10.10629469 1.1 0.0
10.10503575 1 0.0
10.10629469 0.6 0.0
10.10660942 0.5 0.0
10.10629469 0.3 0.0
10.10503575 0.2 0.0
45.66535444 -143.2888162 0.0
-47.35697893 -143.4361529 0.0
-88.18417002 -122.6793024 0.0
45.61484183 143.3510353 0.0
-121.4397108 88.92909088 0.0
-143.3508154 47.06551531 0.0
10.10786836 0.9 0.0
10.10629469 0.8 0.0
10.10503575 0.7 0.0
-121.4564988 -89.15465917 0.0
-143.3609699 -47.15845003 0.0
-149.4198329 -0.03304595335 0.0
-46.69087493 142.9779885 0.0
-88.21233817 122.097344 0.0
10.10786301 0.1 0.0
10.10826178 0.4 0.0
10.10764002 1.599654102 0.0
10.10503575 1.5 0.0
10.10629469 1.4 0.0
190.2113033 -61.80339887 0.0
200 0 0.0
161.8033989 -117.5570505 0.0
117.5570505 -161.8033989 0.0
61.80339887 -190.2113033 0.0
190.2113033 61.80339887 0.0
161.8033989 117.5570505 0.0
1.224646799e-14 -200 0.0
-61.80339887 -190.2113033 0.0
-117.5570505 -161.8033989 0.0
-161.8033989 -117.5570505 0.0
-161.8033989 117.5570505 0.0
-190.2113033 61.80339887 0.0
-190.2113033 -61.80339887 0.0
117.5570505 161.8033989 0.0
61.80339887 190.2113033 0.0
-200 0 0.0
-117.5570505 161.8033989 0.0
-61.80339887 190.2113033 0.0
1.224646799e-14 200 0.0
8.3 1.099681225 0.0
8.3 1.000358622 0.0
8.3 0.800278928 0.0
8.3 0.9003187749 0.0
8.3 1.299760919 0.0
8.3 1.199721072 0.0
8.3 0.7002390812 0.0
8.3 1.399800766 0.0
8.3 1.499840613 0.0
8.3 0.6001992343 0.0
8.5 0.4001195406 0.0
8.6 0.4001195406 0.0
8.7 0.4001195406 0.0
8.8 0.4001195406 0.0
8.9 0.4001195406 0.0
9 0.4001195406 0.0
9.1 0.4001195406 0.0
9.2 0.4001195406 0.0
9.3 0.4001195406 0.0
8.4 0.4001195406 0.0
8.3 0.5001593874 0.0
8.3 1.599880459 0.0
8.3 1.699920306 0.0
9.3 0.3000796937 0.0
9.4 0.2000398469 0.0
8.3 1.799960153 0.0
9.6 0.1 0.0
9.7 0.1 0.0
8.3 1.9 0.0
9.5 0.1 0.0
9.8 0 0.0
9.9 0 0.0
10 0 0.0
8.3 2 0.0
-9.042633011 5.293961487 0.0
-2.598434076 5.365354551 0.0
-2.059490147 5.103228906 0.0
13.36484949 -0.2524870521 0.0
12.67306105 -0.2538363687 0.0
14.06071396 -2.025149694 0.0
14.06734504 -2.837972805 0.0
11.69112182 -0.06353755961 0.0
11.32981222 -0.1168927917 0.0
8.3 2.5414457 0.0
8.299966774 2.365827394 0.0
-5.107730935 4.770869409 0.0
-4.475295812 5.369618712 0.0
6.469344127 -8.179400107 0.0
5.44817311 -8.349648652 0.0
1.368833989 -9.685722684 0.0
3.344263029 -8.211921255 0.0
2.37996553 -8.379290951 0.0
-0.9627463598 -11.67602003 0.0
14.44905409 -5.033150549 0.0
14.91104072 -4.361233347 0.0
13.85932647 -5.806705095 0.0
13.41712213 -6.61698743 0.0
-5.719267095 4.120968509 0.0
-7.437894803 4.20028247 0.0
9.977209524 -7.999291051 0.0
8.702405956 -8.415255028 0.0
11.58946899 -7.416008358 0.0
4.46044073 -8.195707624 0.0
-3.865346286 5.741087733 0.0
14.3433232 -3.847867688 0.0
-13.01567408 2.146460847 0.0
-14.90264715 2.451500003 0.0
-11.17162054 3.81395558 0.0
-10.31103951 4.847521209 0.0
-3.38720822 -13.29030965 0.0
0.5043114286 -10.83198118 0.0
7.636691415 -8.18105107 0.0
-3.190427308 5.452254964 0.0
4.77499161 6.167938344 0.0
5.410260741 6.059658847 0.0
2.026936698 6.01102056 0.0
2.598822516 6.02289932 0.0
3.947752935 6.142876038 0.0
-1.406808991 5.203821276 0.0
-0.8575172531 5.291318721 0.0
14.12429015 -1.188808842 0.0
-10.7141491 -8.904612963 0.0
-11.65394984 -6.70668321 0.0
-9.277991285 -10.63080033 0.0
-7.462704466 -12.07545009 0.0
14.18373051 -0.3978426919 0.0
-5.445515941 -13.12484234 0.0
5.968434214 6.060998865 0.0
1.002220012 5.2473889 0.0
1.466057581 5.361260315 0.0
-0.2656053795 5.343553698 0.0
0.19757846 5.251233071 0.0
3.257615361 6.060279087 0.0
-12.4279685 -4.388805884 0.0
-14.81166853 -2.359201309 0.0
-15.30726373 0.03953384972 0.0
5.943662258 5.363711287 0.0
7.283778771 4.074807445 0.0
6.889013543 4.113896477 0.0
6.312908738 4.58194079 0.0
12.08691409 -0.04647254427 0.0
7.731011093 3.675004327 0.0
8.106815441 3.715783863 0.0
8.309679045 3.292226782 0.0
8.305527293 3.024492158 0.0
11.03032831 -0.1192953841 0.0
10.76759268 -0.1156756342 0.0
8.3 2.765240078 0.0
10.53520235 -0.0796092163 0.0
10.3478925 -0.003623943433 0.0
8.3 2.228343187 0.0
10.22575674 -0.0009059858584 0.0
8.3 2.108344735 0.0
10.10857518 -3.934041154e-17 0.0
</DataArray></Points>
<Cells>
<DataArray type="Int32" Name="connectivity" format="ascii">
0 1 2 3 
4 5 6 7 
8 9 10 11 
9 12 13 7 
14 15 8 16 
16 17 18 19 
20 21 22 5 
5 22 23 6 
4 24 1 0 
21 20 25 26 
27 28 1 24 
6 10 9 7 
29 27 24 13 
30 29 13 12 
10 6 23 31 
32 33 15 14 
16 19 34 14 
17 11 35 36 
15 33 30 12 
14 34 37 32 
19 18 38 39 
3 25 20 0 
31 35 11 10 
11 17 16 8 
17 36 40 18 
7 13 24 4 
39 41 34 19 
8 15 12 9 
0 20 5 4 
28 42 43 44 
28 27 45 42 
21 46 47 22 
27 29 48 45 
49 48 29 30 
36 50 51 40 
40 52 38 18 
40 51 53 52 
33 54 49 30 
54 33 32 55 
37 56 55 32 
56 37 57 58 
41 57 37 34 
57 41 59 60 
61 62 39 38 
61 38 52 63 
1 28 44 2 
46 21 26 64 
65 66 31 23 
66 67 35 31 
67 50 36 35 
59 41 39 62 
62 68 69 59 
62 61 70 68 
42 45 71 72 
48 49 73 74 
49 54 75 73 
65 23 22 47 
51 76 77 53 
78 75 54 55 
55 56 79 78 
80 58 81 82 
53 83 63 52 
60 81 58 57 
81 60 84 85 
86 70 61 63 
83 87 86 63 
43 42 72 88 
45 48 74 71 
56 58 80 79 
89 90 67 66 
76 51 50 91 
92 88 72 93 
71 74 94 95 
74 73 96 94 
96 73 75 97 
75 78 98 97 
99 98 78 79 
79 80 100 99 
82 101 100 80 
102 103 46 64 
103 104 105 106 
106 107 65 47 
106 105 108 107 
70 109 110 68 
69 84 60 59 
84 111 112 85 
107 89 66 65 
89 113 114 90 
91 115 116 76 
76 116 117 77 
77 118 83 53 
118 119 87 83 
119 118 120 121 
87 122 123 86 
122 87 119 124 
85 125 82 81 
126 101 82 125 
72 71 95 93 
127 111 84 69 
117 120 118 77 
123 109 70 86 
128 104 103 102 
108 113 89 107 
123 122 129 130 
131 132 92 93 
131 93 95 133 
127 69 68 110 
127 134 135 111 
136 133 95 94 
94 96 137 136 
137 96 97 138 
139 140 98 99 
139 99 100 141 
142 143 101 126 
142 126 144 145 
121 146 124 119 
146 147 148 124 
149 144 126 125 
145 144 150 151 
134 127 110 152 
100 101 143 141 
153 152 110 109 
134 152 154 155 
156 157 149 112 
131 158 159 132 
158 131 133 160 
136 137 161 162 
161 137 138 163 
138 140 164 163 
165 164 140 139 
165 139 141 166 
143 167 166 141 
168 167 143 142 
169 170 146 121 
170 169 171 172 
170 173 147 146 
170 172 174 173 
129 175 176 130 
157 150 144 149 
145 177 168 142 
145 151 178 177 
148 179 175 129 
151 150 180 181 
112 149 125 85 
147 182 179 148 
182 147 173 183 
133 136 162 160 
124 148 129 122 
140 138 97 98 
184 156 135 185 
130 153 109 123 
156 112 111 135 
184 186 157 156 
186 180 150 157 
174 187 183 173 
188 189 190 154 
188 176 191 189 
130 176 188 153 
192 159 158 193 
194 195 160 162 
162 161 196 194 
196 161 163 197 
198 197 163 164 
164 165 199 198 
166 200 199 165 
166 167 201 200 
185 135 134 155 
167 168 202 201 
180 186 203 204 
175 205 191 176 
205 175 179 206 
182 207 206 179 
181 180 204 208 
177 209 202 168 
178 210 209 177 
210 178 211 212 
181 211 178 151 
211 181 208 213 
214 207 182 183 
214 183 187 215 
188 154 152 153 
158 160 195 193 
216 187 174 217 
190 218 155 154 
193 219 220 192 
195 221 219 193 
195 194 222 221 
223 222 194 196 
197 224 223 196 
225 224 197 198 
198 199 226 225 
227 200 201 228 
209 229 230 202 
229 209 210 231 
212 232 233 234 
235 184 185 236 
235 203 186 184 
213 232 212 211 
232 213 237 238 
216 239 215 187 
215 240 241 214 
240 215 239 242 
199 200 227 226 
172 243 217 174 
241 244 207 214 
245 246 205 206 
247 191 205 246 
247 248 189 191 
210 212 234 231 
249 190 189 248 
249 250 218 190 
250 251 236 218 
252 235 236 251 
155 218 236 185 
252 253 203 235 
253 254 204 203 
255 237 213 208 
201 202 230 228 
230 256 257 228 
227 258 259 226 
225 260 261 224 
262 263 231 234 
264 262 234 233 
224 261 265 223 
219 221 266 267 
240 268 269 241 
244 270 271 245 
246 272 273 247 
253 252 274 275 
254 276 277 255 
278 279 242 239 
237 255 277 280 
238 237 280 281 
282 238 281 283 
284 249 248 285 
284 286 250 249 
286 287 251 250 
287 274 252 251 
288 264 233 282 
238 282 233 232 
254 255 208 204 
263 289 229 231 
256 230 229 289 
290 266 221 222 
259 260 225 226 
275 276 254 253 
271 272 246 245 
291 292 242 279 
292 268 240 242 
257 258 227 228 
269 270 244 241 
293 288 282 283 
114 115 91 90 
106 47 46 103 
90 91 50 67 
294 220 219 267 
245 206 207 244 
273 285 248 247 
265 290 222 223 
295 296 297 
298 299 300 
301 302 303 
304 305 306 
300 299 307 
308 309 310 
311 312 313 
314 315 316 
315 314 317 
318 319 320 
310 321 322 
323 324 325 
326 327 328 
329 330 331 
332 333 334 
335 336 337 
338 339 340 
341 342 343 
339 344 345 
346 347 348 
349 350 351 
307 352 353 
354 355 356 
357 358 359 
360 361 362 
363 364 342 
348 365 306 
366 347 367 
368 369 370 
371 372 373 
374 375 376 
345 352 377 
378 379 380 
381 382 383 
384 385 386 
387 388 389 
390 391 392 
393 394 395 
393 396 397 
398 399 400 
385 401 402 
403 404 405 
406 407 408 
409 410 411 
412 413 414 
415 416 412 
417 418 419 
420 421 422 
423 424 425 
426 427 428 
429 430 431 
432 433 434 
435 436 437 
438 439 413 
440 441 442 
443 436 435 
444 445 446 
447 448 449 
450 451 446 
452 453 448 
454 455 456 
439 457 458 
459 460 461 
462 459 463 
464 465 457 
466 464 467 
468 469 470 
471 472 473 
474 475 476 
477 478 479 
480 481 482 
483 484 485 
486 487 488 
489 490 491 
491 492 489 
488 487 493 
483 485 494 
495 478 477 
496 472 471 
497 475 474 
498 499 500 
499 501 500 
502 503 504 
505 506 507 
508 509 510 
511 512 513 
514 515 516 
517 518 447 
519 520 521 
522 523 524 
525 526 527 
528 529 530 
531 528 530 
532 533 505 
511 513 534 
535 536 537 
538 539 540 
541 542 543 
544 545 546 
547 548 549 
514 516 550 
525 527 551 
535 537 552 
553 554 555 
556 557 558 
559 560 561 
562 519 563 
462 564 565 
566 293 493 
412 414 421 396 
567 568 301 323 
569 570 571 572 
573 295 574 571 
298 311 313 575 
304 576 312 577 
340 576 578 338 
313 340 339 575 
306 305 317 348 
334 333 579 580 
333 581 582 579 
583 580 579 584 
584 585 586 587 
335 337 423 588 
337 336 309 308 
589 590 591 592 
592 591 593 594 
594 593 595 596 
597 595 598 599 
567 600 573 568 
303 601 383 341 
602 603 604 583 
583 604 605 580 
606 607 362 608 
609 607 606 332 
609 332 334 610 
334 580 605 610 
611 335 612 613 
614 615 361 616 
613 617 614 611 
335 618 619 336 
308 620 423 337 
336 619 621 309 
298 300 622 311 
622 623 624 311 
311 624 625 312 
312 576 340 313 
306 578 576 304 
626 315 317 305 
627 628 592 594 
598 595 593 326 
629 630 316 315 
571 574 631 572 
323 325 330 632 
301 303 324 323 
301 568 570 302 
600 296 295 573 
296 600 633 634 
570 568 573 571 
635 618 335 611 
606 636 637 332 
303 302 638 601 
639 636 606 608 
582 585 584 579 
640 326 593 591 
640 318 320 641 
304 577 626 305 
317 314 346 348 
642 316 630 643 
643 630 599 349 
326 328 644 598 
594 596 645 627 
644 349 599 598 
343 318 590 589 
589 592 628 331 
623 622 309 621 
638 302 570 569 
588 646 612 335 
646 588 423 425 
635 611 614 616 
627 645 647 648 
627 648 649 628 
327 326 640 641 
632 650 567 323 
342 319 318 343 
329 357 632 330 
651 652 653 654 
653 652 634 655 
567 650 633 600 
341 343 324 303 
634 633 656 655 
603 657 658 659 
587 602 583 584 
603 659 660 604 
604 660 661 605 
610 605 661 662 
333 332 637 581 
607 663 360 362 
664 615 614 617 
616 361 360 665 
618 635 666 667 
621 619 668 669 
621 669 670 623 
624 671 672 625 
673 674 675 676 
677 315 626 676 
629 315 677 370 
341 383 363 342 
377 575 339 345 
625 673 577 312 
672 674 673 625 
381 383 601 638 
352 307 299 377 
678 679 680 338 
339 338 680 344 
338 578 681 678 
681 365 366 682 
681 682 679 678 
365 348 347 366 
577 673 676 626 
683 347 346 642 
683 642 643 684 
643 349 351 684 
615 664 639 608 
615 608 362 361 
349 644 685 350 
644 328 686 685 
330 325 589 331 
319 687 688 320 
320 688 689 641 
640 591 590 318 
328 327 690 686 
363 383 382 691 
307 321 310 300 
308 310 322 620 
423 620 692 424 
656 633 650 693 
659 694 391 660 
659 658 695 694 
656 693 696 697 
656 697 698 655 
652 297 296 634 
699 700 701 702 
703 704 705 706 
632 357 693 650 
707 329 649 708 
649 648 709 708 
648 647 710 709 
661 660 391 390 
711 609 610 662 
662 661 390 712 
711 663 607 609 
666 635 616 665 
666 713 714 667 
669 668 715 716 
670 671 624 623 
669 716 717 670 
300 310 309 622 
671 670 717 718 
674 672 719 720 
721 677 676 675 
675 722 723 721 
314 316 642 346 
721 723 724 368 
647 369 725 710 
677 721 368 370 
726 322 321 727 
352 345 728 729 
728 345 344 730 
359 696 693 357 
357 329 707 358 
324 343 589 325 
329 331 628 649 
364 687 319 342 
731 711 662 712 
705 354 356 706 
668 619 618 667 
729 728 372 371 
728 730 732 372 
367 398 733 366 
683 734 367 347 
683 684 376 734 
376 684 351 735 
724 725 369 368 
351 350 736 735 
350 685 737 736 
688 687 738 739 
738 687 364 740 
689 690 327 641 
741 653 655 698 
704 703 699 702 
742 704 702 743 
702 701 744 743 
745 746 701 700 
747 748 749 746 
750 748 747 751 
751 741 752 750 
752 741 698 753 
741 751 654 653 
754 753 698 697 
708 709 755 756 
707 757 758 358 
759 754 697 696 
696 359 760 759 
722 380 379 723 
380 722 720 761 
365 681 578 306 
718 717 762 763 
353 727 321 307 
716 715 764 765 
766 767 714 713 
766 713 768 769 
770 769 768 771 
770 771 772 773 
771 360 663 772 
772 731 774 773 
731 712 775 774 
712 390 392 775 
694 776 392 391 
694 695 777 776 
778 777 695 355 
355 354 779 778 
354 705 780 779 
723 379 781 724 
782 755 709 710 
710 725 783 782 
781 783 725 724 
784 730 344 680 
575 377 299 298 
682 388 387 679 
679 785 784 680 
370 645 596 629 
630 629 597 599 
369 647 645 370 
322 726 692 620 
786 759 760 787 
788 782 783 789 
790 387 389 384 
791 761 720 719 
671 718 719 672 
790 384 386 792 
388 733 398 400 
793 794 795 417 
716 765 762 717 
371 795 794 729 
796 398 367 734 
376 375 796 734 
376 735 797 374 
596 595 597 629 
735 736 798 797 
799 798 736 737 
355 695 658 356 
715 714 767 764 
749 800 801 744 
800 749 748 802 
743 744 801 803 
742 804 805 780 
804 742 743 803 
806 807 750 752 
806 752 753 808 
753 754 809 808 
756 755 810 811 
757 707 708 756 
758 760 359 358 
760 758 812 787 
775 392 813 814 
731 772 663 711 
770 815 816 769 
766 817 818 767 
794 793 727 353 
765 764 819 820 
794 353 352 729 
763 762 821 822 
761 791 823 824 
722 675 674 720 
788 810 755 782 
783 781 825 789 
780 705 704 742 
746 749 744 701 
786 809 754 759 
826 806 808 827 
730 784 394 732 
372 732 397 373 
785 395 394 784 
384 389 401 385 
417 795 828 418 
821 762 765 820 
733 388 682 366 
398 796 829 399 
829 796 375 442 
375 374 830 442 
374 797 831 830 
797 798 832 831 
833 832 798 799 
807 802 748 750 
834 757 756 811 
800 835 836 801 
802 837 835 800 
802 807 838 837 
812 758 757 834 
839 827 808 809 
839 809 786 840 
787 841 840 786 
803 842 843 804 
805 804 843 844 
845 846 777 778 
845 847 848 405 
845 405 404 846 
847 805 844 848 
845 778 779 847 
846 849 776 777 
814 813 850 851 
852 774 775 814 
852 853 773 774 
815 770 773 853 
853 854 855 815 
817 766 769 816 
816 815 855 856 
817 857 858 818 
819 764 767 818 
820 819 859 860 
823 791 763 822 
373 828 795 371 
821 861 862 822 
824 823 863 864 
378 380 761 824 
825 378 865 866 
411 410 810 788 
788 789 867 411 
789 825 866 867 
790 785 679 387 
400 399 868 401 
776 849 813 392 
415 792 386 869 
393 415 412 396 
870 868 399 829 
442 830 871 440 
441 870 829 442 
740 364 363 691 
419 418 872 873 
418 828 874 872 
828 373 875 874 
402 401 868 876 
397 420 875 373 
397 396 421 420 
851 850 877 878 
404 879 849 846 
879 880 877 850 
403 880 879 404 
403 405 848 881 
882 881 848 844 
842 883 884 843 
842 836 885 883 
837 886 887 835 
837 838 888 886 
826 889 888 838 
826 827 890 889 
891 890 827 839 
891 839 840 892 
840 841 893 892 
407 812 834 408 
406 893 841 407 
410 894 811 810 
894 895 406 408 
409 895 894 410 
896 854 853 852 
854 896 897 898 
855 899 900 856 
713 666 665 768 
857 901 902 858 
860 859 903 904 
822 862 863 823 
861 821 820 860 
861 905 906 862 
865 378 824 864 
864 863 907 908 
397 732 394 393 
865 909 910 866 
411 867 426 409 
867 866 910 426 
818 858 859 819 
857 817 816 856 
907 863 862 906 
831 832 911 912 
912 871 830 831 
792 395 785 790 
389 388 400 401 
781 379 378 825 
395 792 415 393 
909 865 864 908 
913 897 878 914 
430 429 385 402 
402 876 915 430 
416 415 869 916 
905 861 860 904 
875 917 918 874 
836 842 803 801 
873 872 919 435 
920 876 868 870 
920 870 441 921 
441 440 432 921 
922 432 440 871 
923 924 910 909 
923 909 908 925 
908 907 926 925 
719 718 763 791 
906 927 926 907 
928 927 906 905 
928 905 904 929 
930 929 904 903 
930 903 902 931 
932 931 902 901 
932 901 900 933 
858 902 903 859 
934 933 900 899 
934 899 898 935 
408 834 811 894 
406 936 937 893 
407 841 787 812 
913 935 898 897 
878 877 938 914 
880 939 938 877 
940 939 880 403 
940 403 881 941 
942 941 881 882 
882 884 943 942 
836 835 887 885 
885 887 944 945 
883 946 943 884 
883 885 945 946 
916 869 386 947 
771 768 665 360 
948 422 421 414 
422 917 875 420 
918 919 872 874 
884 882 844 843 
715 668 667 714 
949 919 918 950 
947 429 431 951 
915 876 952 450 
431 953 954 951 
918 917 955 950 
920 956 952 876 
956 920 921 957 
921 432 434 957 
432 922 958 433 
914 938 959 960 
896 852 814 851 
850 813 849 879 
899 855 854 898 
897 896 851 878 
934 961 962 933 
932 963 964 931 
930 965 966 929 
927 928 967 968 
925 926 969 970 
924 923 971 972 
427 426 910 924 
973 974 975 976 
428 977 973 976 
936 978 979 937 
980 891 892 981 
981 892 893 937 
982 983 889 890 
890 891 980 982 
984 985 886 888 
944 887 886 985 
986 987 939 940 
941 988 986 940 
941 942 989 988 
990 989 942 943 
990 943 946 991 
946 945 463 991 
807 806 826 838 
951 992 916 947 
438 413 412 416 
416 916 992 438 
993 981 937 979 
994 986 988 454 
995 996 985 984 
997 463 945 944 
889 983 984 888 
996 998 564 997 
974 999 1000 978 
959 938 939 987 
434 1001 1002 957 
430 915 445 431 
1003 450 952 956 
948 1004 1005 955 
949 443 435 919 
443 949 1006 1007 
901 857 856 900 
1008 913 914 960 
960 959 1009 1010 
972 1011 1012 1013 
1014 1011 972 971 
970 1015 1014 971 
1016 1015 970 969 
968 1017 1016 969 
968 967 1018 1017 
966 1019 1018 967 
966 965 1020 1019 
964 1021 1020 965 
1022 1021 964 963 
1022 963 962 1023 
963 932 933 962 
1024 1023 962 961 
1025 1026 1024 961 
1025 1008 1027 1026 
931 964 965 930 
1013 977 428 427 
1028 999 974 973 
1028 973 977 1029 
444 953 431 445 
954 953 444 1030 
448 453 995 449 
449 1031 1032 447 
1033 1032 1031 1034 
993 1035 1033 1034 
1035 993 979 522 
463 459 1036 991 
988 989 1037 454 
1038 439 438 992 
1038 992 1039 1040 
1041 433 958 1042 
1041 1001 434 433 
1002 1003 956 957 
1012 1029 977 1013 
1043 1012 1011 1044 
1045 1028 1029 1046 
1047 1048 1032 1033 
978 936 975 974 
1035 1049 1047 1033 
1037 1050 1051 1052 
1050 990 991 1036 
954 1039 992 951 
1053 1039 954 1030 
1030 444 1054 1055 
446 1056 1054 444 
1054 1056 1057 1055 
1058 1059 1060 1061 
1059 1007 1062 1060 
443 1007 1059 436 
1006 1063 1064 1065 
1063 1005 1066 1064 
1004 1067 1066 1005 
458 457 1067 1004 
1068 451 450 1003 
1003 1002 1069 1068 
1002 1001 1070 1069 
1041 1071 1070 1001 
1042 1072 1071 1041 
997 944 985 996 
999 1073 1074 1000 
524 1049 1035 522 
522 1000 1074 523 
895 409 976 975 
461 1075 1036 459 
459 462 565 460 
462 463 997 564 
998 1076 565 564 
452 1076 998 453 
995 984 983 449 
447 518 452 448 
1077 1044 1011 1014 
1077 1014 1015 1078 
1013 427 924 972 
1015 1016 1079 1078 
439 458 414 413 
1017 1080 1079 1016 
1017 1018 1081 1080 
967 928 929 966 
1019 1082 1081 1018 
1019 1020 1083 1082 
1021 1084 1083 1020 
1085 1084 1021 1022 
1085 1022 1023 1086 
1087 1086 1023 1024 
1026 1088 1087 1024 
1026 1027 1089 1088 
935 913 1008 1025 
1050 1037 989 990 
1090 1009 1091 1092 
1093 1010 1009 1090 
1009 959 987 1091 
439 1038 464 457 
969 926 927 968 
1038 1040 467 464 
1053 467 1040 1039 
1055 1094 1053 1030 
451 1095 1056 446 
451 1068 483 1095 
1058 437 436 1059 
1068 1069 477 483 
1096 491 1070 1071 
1072 530 1096 1071 
1061 1060 502 1097 
1060 1062 500 502 
1062 1065 469 500 
1065 1064 474 469 
1067 480 471 1066 
457 465 480 1067 
1056 1095 1098 1057 
1099 1100 1076 452 
1099 452 518 1101 
518 517 1102 1101 
517 1048 1103 1102 
1048 1047 1104 1103 
1104 1047 1049 1105 
1034 980 981 993 
1049 524 1106 1105 
524 523 1107 1106 
523 1074 1108 1107 
460 565 1109 1110 
1075 461 1111 1112 
1051 1050 1036 1075 
1052 1051 1113 1114 
455 454 1037 1052 
1115 994 454 456 
994 1091 987 986 
1073 1116 1108 1074 
1073 1045 1117 1116 
1115 1092 1091 994 
1092 1118 1119 1090 
1027 1010 1093 1089 
1089 1120 1121 1088 
961 934 935 1025 
1087 1122 1123 1086 
1085 1124 1125 1084 
1082 1083 1126 1127 
1080 1081 1128 1129 
1078 1079 1130 1131 
971 923 925 970 
1043 1046 1029 1012 
1044 1132 1133 1043 
936 406 895 975 
1045 1046 1134 1117 
386 385 429 947 
1063 950 955 1005 
1007 1006 1065 1062 
1006 949 950 1063 
917 422 948 955 
450 446 445 915 
1109 565 1076 1100 
1096 530 529 1135 
1097 502 504 1136 
1064 1066 471 474 
502 500 501 503 
491 490 495 477 
458 1004 948 414 
486 467 1053 1094 
1112 513 512 1113 
1112 1111 534 513 
1034 1031 982 980 
1103 527 526 1102 
551 527 1103 1104 
551 1104 1105 548 
1105 1106 549 548 
1114 510 509 1137 
1114 1113 512 510 
1052 1114 1137 455 
1110 1109 515 1138 
1111 1110 1138 534 
1031 449 983 982 
517 447 1032 1048 
1099 550 516 1100 
1101 1139 550 1099 
1140 1115 456 1141 
1106 1107 1142 549 
1107 1108 520 1142 
805 847 779 780 
1116 521 520 1108 
1116 1117 1143 521 
1140 1118 1092 1115 
1118 506 1144 1119 
1120 1089 1093 1145 
1119 1145 1093 1090 
1120 1146 1147 1121 
1122 1087 1088 1121 
1027 1008 960 1010 
1122 1148 1149 1123 
1124 1085 1086 1123 
1124 1150 1151 1125 
1126 1083 1084 1125 
1127 1126 1152 1153 
1128 1081 1082 1127 
1129 1128 1154 1155 
1130 1079 1080 1129 
1131 1130 1156 1157 
1158 1077 1078 1131 
1133 1134 1046 1043 
1132 1159 1160 1133 
976 409 426 428 
1117 1134 1161 1143 
1044 1077 1158 1132 
466 1162 465 464 
1162 466 488 1163 
1057 1164 1094 1055 
1057 1098 1165 1164 
1069 1070 491 477 
1094 1164 566 1166 
1166 487 486 1094 
1164 1165 1167 566 
1168 465 1162 1169 
1169 1162 1163 1170 
1171 1172 1165 1098 
1173 1172 1171 1174 
1173 1174 494 1175 
1175 494 485 1176 
485 484 1177 1176 
484 479 1178 1177 
479 484 483 477 
479 478 1179 1178 
478 495 1180 1179 
495 490 1181 1180 
490 489 1182 1181 
489 492 1183 1182 
1183 492 1135 1184 
1184 1135 529 1185 
529 528 1186 1185 
528 531 1187 1186 
1168 481 480 465 
471 480 482 496 
497 474 471 473 
472 1188 1189 473 
473 1189 1190 497 
476 470 469 474 
498 500 469 468 
499 498 1191 1192 
504 503 1193 1194 
504 1194 1195 1136 
1148 558 557 1149 
1150 1124 1123 1149 
542 1196 1157 543 
1196 1159 1132 1158 
1157 1156 539 543 
1155 540 539 1156 
1155 1154 536 540 
1151 1150 555 554 
1154 1128 1127 1153 
1153 537 536 1154 
1160 1161 1134 1133 
1161 1160 545 1197 
561 560 1147 1146 
561 1146 1198 1199 
1146 1120 1145 1198 
1198 1144 533 1199 
1119 1144 1198 1145 
1196 1158 1131 1157 
507 506 1118 1140 
505 533 1144 506 
1200 1201 505 507 
1137 1141 456 455 
508 1201 1200 509 
511 508 510 512 
1111 461 460 1110 
511 534 1138 1202 
516 515 1109 1100 
514 1202 1138 515 
547 549 1142 1203 
525 551 548 547 
526 1139 1101 1102 
1139 1204 514 550 
525 1204 1139 526 
1000 522 979 978 
1205 496 482 1206 
1188 472 496 1205 
481 1207 1206 482 
468 1208 1191 498 
470 1209 1208 468 
1193 503 501 1210 
1096 1135 492 491 
493 1211 1163 488 
493 487 1166 566 
1165 1172 1212 1167 
1213 1214 1173 1175 
1215 1213 1175 1176 
1216 1215 1176 1177 
1216 1177 1178 1217 
1178 1179 1218 1217 
1179 1180 1219 1218 
1180 1181 1220 1219 
1181 1182 1221 1220 
1183 1222 1221 1182 
1223 1222 1183 1184 
1185 1224 1223 1184 
1224 1185 1186 1225 
1186 1187 1226 1225 
1227 1168 1169 1170 
1227 1207 481 1168 
1170 1228 1229 1227 
1188 1230 1231 1189 
1232 475 497 1190 
1232 1233 476 475 
1190 1234 1235 1232 
1209 470 476 1233 
1210 501 499 1192 
1192 1191 1236 1237 
1194 1193 1238 1239 
1148 1122 1121 1147 
1199 1240 559 561 
532 1240 1199 533 
532 505 1201 1241 
1201 508 1242 1241 
1113 1051 1075 1112 
556 558 560 559 
558 1148 1147 560 
1152 1126 1125 1151 
553 555 557 556 
552 537 1153 1152 
555 1150 1149 557 
554 553 535 552 
1156 1130 1129 1155 
542 546 1159 1196 
519 521 1143 563 
562 563 1197 1243 
563 1143 1161 1197 
519 1203 1142 520 
999 1028 1045 1073 
525 1244 1245 1204 
488 466 467 486 
1246 1233 1232 1235 
1247 1209 1233 1246 
1247 1248 1208 1209 
552 1152 1151 554 
535 538 540 536 
538 541 543 539 
541 544 546 542 
544 1243 1197 545 
507 1140 1141 1200 
509 1200 1141 1137 
453 998 996 995 
508 511 1249 1242 
511 1202 1250 1249 
1202 514 1251 1250 
545 1160 1159 546 
562 1252 1203 519 
1253 547 1203 1252 
1244 525 547 1253 
1245 1251 514 1204 
1211 493 293 283 
1239 292 291 1254 
268 292 1239 1238 
268 1238 1255 269 
1254 1195 1194 1239 
1255 1237 270 269 
1211 1228 1170 1163 
1229 1256 1207 1227 
1256 1257 1206 1207 
1257 276 275 1258 
1258 1230 1188 1205 
1237 1236 271 270 
1234 1190 1189 1231 
1248 272 271 1236 
272 1248 1247 273 
273 1247 1246 285 
1236 1191 1208 1248 
288 293 566 1167 
288 1167 1212 264 
1174 1171 1098 1095 
1212 1214 262 264 
263 262 1214 1213 
1215 289 263 1213 
1215 1216 256 289 
1216 1217 257 256 
1218 258 257 1217 
1218 1219 259 258 
259 1219 1220 260 
260 1220 1221 261 
290 265 1222 1223 
1224 266 290 1223 
266 1224 1225 267 
1225 1226 294 267 
535 553 1259 1260 
1259 553 556 1261 
556 559 1262 1261 
559 1240 1263 1262 
535 1260 1264 538 
541 538 1264 1265 
1240 532 1266 1263 
532 1241 1267 1266 
1267 1241 1242 1268 
1268 1242 1249 1269 
1245 1244 1270 1271 
1249 1250 1272 1269 
544 1273 1274 1243 
541 1265 1273 544 
280 277 1256 1229 
277 276 1257 1256 
1211 283 281 1228 
1258 1205 1206 1257 
287 286 1234 1231 
286 284 1235 1234 
284 285 1246 1235 
1221 1222 265 261 
1251 1275 1272 1250 
1245 1271 1275 1251 
1253 1276 1270 1244 
1252 1277 1276 1253 
1238 1193 1210 1255 
1192 1237 1255 1210 
280 1229 1228 281 
274 287 1231 1230 
275 274 1230 1258 
562 1278 1277 1252 
1243 1274 1278 562 
1212 1172 1173 1214 
1174 1095 483 494 
</DataArray>
<DataArray type="Int32" Name="offsets" format="ascii">
4
8
12
16
20
24
28
32
36
40
44
48
52
56
60
64
68
72
76
80
84
88
92
96
100
104
108
112
116
120
124
128
132
136
140
144
148
152
156
160
164
168
172
176
180
184
188
192
196
200
204
208
212
216
220
224
228
232
236
240
244
248
252
256
260
264
268
272
276
280
284
288
292
296
300
304
308
312
316
320
324
328
332
336
340
344
348
352
356
360
364
368
372
376
380
384
388
392
396
400
404
408
412
416
420
424
428
432
436
440
444
448
452
456
460
464
468
472
476
480
484
488
492
496
500
504
508
512
516
520
524
528
532
536
540
544
548
552
556
560
564
568
572
576
580
584
588
592
596
600
604
608
612
616
620
624
628
632
636
640
644
648
652
656
660
664
668
672
676
680
684
688
692
696
700
704
708
712
716
720
724
728
732
736
740
744
748
752
756
760
764
768
772
776
780
784
788
792
796
800
804
808
812
816
820
824
828
832
836
840
844
848
852
856
860
864
868
872
876
880
884
888
892
896
900
904
908
912
916
920
924
928
932
936
940
944
948
952
956
960
964
968
972
976
980
984
988
992
996
1000
1004
1008
1012
1016
1020
1024
1028
1032
1036
1039
1042
1045
1048
1051
1054
1057
1060
1063
1066
1069
1072
1075
1078
1081
1084
1087
1090
1093
1096
1099
1102
1105
1108
1111
1114
1117
1120
1123
1126
1129
1132
1135
1138
1141
1144
1147
1150
1153
1156
1159
1162
1165
1168
1171
1174
1177
1180
1183
1186
1189
1192
1195
1198
1201
1204
1207
1210
1213
1216
1219
1222
1225
1228
1231
1234
1237
1240
1243
1246
1249
1252
1255
1258
1261
1264
1267
1270
1273
1276
1279
1282
1285
1288
1291
1294
1297
1300
1303
1306
1309
1312
1315
1318
1321
1324
1327
1330
1333
1336
1339
1342
1345
1348
1351
1354
1357
1360
1363
1367
1371
1375
1379
1383
1387
1391
1395
1399
1403
1407
1411
1415
1419
1423
1427
1431
1435
1439
1443
1447
1451
1455
1459
1463
1467
1471
1475
1479
1483
1487
1491
1495
1499
1503
1507
1511
1515
1519
1523
1527
1531
1535
1539
1543
1547
1551
1555
1559
1563
1567
1571
1575
1579
1583
1587
1591
1595
1599
1603
1607
1611
1615
1619
1623
1627
1631
1635
1639
1643
1647
1651
1655
1659
1663
1667
1671
1675
1679
1683
1687
1691
1695
1699
1703
1707
1711
1715
1719
1723
1727
1731
1735
1739
1743
1747
1751
1755
1759
1763
1767
1771
1775
1779
1783
1787
1791
1795
1799
1803
1807
1811
1815
1819
1823
1827
1831
1835
1839
1843
1847
1851
1855
1859
1863
1867
1871
1875
1879
1883
1887
1891
1895
1899
1903
1907
1911
1915
1919
1923
1927
1931
1935
1939
1943
1947
1951
1955
1959
1963
1967
1971
1975
1979
1983
1987
1991
1995
1999
2003
2007
2011
2015
2019
2023
2027
2031
2035
2039
2043
2047
2051
2055
2059
2063
2067
2071
2075
2079
2083
2087
2091
2095
2099
2103
2107
2111
2115
2119
2123
2127
2131
2135
2139
2143
2147
2151
2155
2159
2163
2167
2171
2175
2179
2183
2187
2191
2195
2199
2203
2207
2211
2215
2219
2223
2227
2231
2235
2239
2243
2247
2251
2255
2259
2263
2267
2271
2275
2279
2283
2287
2291
2295
2299
2303
2307
2311
2315
2319
2323
2327
2331
2335
2339
2343
2347
2351
2355
2359
2363
2367
2371
2375
2379
2383
2387
2391
2395
2399
2403
2407
2411
2415
2419
2423
2427
2431
2435
2439
2443
2447
2451
2455
2459
2463
2467
2471
2475
2479
2483
2487
2491
2495
2499
2503
2507
2511
2515
2519
2523
2527
2531
2535
2539
2543
2547
2551
2555
2559
2563
2567
2571
2575
2579
2583
2587
2591
2595
2599
2603
2607
2611
2615
2619
2623
2627
2631
2635
2639
2643
2647
2651
2655
2659
2663
2667
2671
2675
2679
2683
2687
2691
2695
2699
2703
2707
2711
2715
2719
2723
2727
2731
2735
2739
2743
2747
2751
2755
2759
2763
2767
2771
2775
2779
2783
2787
2791
2795
2799
2803
2807
2811
2815
2819
2823
2827
2831
2835
2839
2843
2847
2851
2855
2859
2863
2867
2871
2875
2879
2883
2887
2891
2895
2899
2903
2907
2911
2915
2919
2923
2927
2931
2935
2939
2943
2947
2951
2955
2959
2963
2967
2971
2975
2979
2983
2987
2991
2995
2999
3003
3007
3011
3015
3019
3023
3027
3031
3035
3039
3043
3047
3051
3055
3059
3063
3067
3071
3075
3079
3083
3087
3091
3095
3099
3103
3107
3111
3115
3119
3123
3127
3131
3135
3139
3143
3147
3151
3155
3159
3163
3167
3171
3175
3179
3183
3187
3191
3195
3199
3203
3207
3211
3215
3219
3223
3227
3231
3235
3239
3243
3247
3251
3255
3259
3263
3267
3271
3275
3279
3283
3287
3291
3295
3299
3303
3307
3311
3315
3319
3323
3327
3331
3335
3339
3343
3347
3351
3355
3359
3363
3367
3371
3375
3379
3383
3387
3391
3395
3399
3403
3407
3411
3415
3419
3423
3427
3431
3435
3439
3443
3447
3451
3455
3459
3463
3467
3471
3475
3479
3483
3487
3491
3495
3499
3503
3507
3511
3515
3519
3523
3527
3531
3535
3539
3543
3547
3551
3555
3559
3563
3567
3571
3575
3579
3583
3587
3591
3595
3599
3603
3607
3611
3615
3619
3623
3627
3631
3635
3639
3643
3647
3651
3655
3659
3663
3667
3671
3675
3679
3683
3687
3691
3695
3699
3703
3707
3711
3715
3719
3723
3727
3731
3735
3739
3743
3747
3751
3755
3759
3763
3767
3771
3775
3779
3783
3787
3791
3795
3799
3803
3807
3811
3815
3819
3823
3827
3831
3835
3839
3843
3847
3851
3855
3859
3863
3867
3871
3875
3879
3883
3887
3891
3895
3899
3903
3907
3911
3915
3919
3923
3927
3931
3935
3939
3943
3947
3951
3955
3959
3963
3967
3971
3975
3979
3983
3987
3991
3995
3999
4003
4007
4011
4015
4019
4023
4027
4031
4035
4039
4043
4047
4051
4055
4059
4063
4067
4071
4075
4079
4083
4087
4091
4095
4099
4103
4107
4111
4115
4119
4123
4127
4131
4135
4139
4143
4147
4151
4155
4159
4163
4167
4171
4175
4179
4183
4187
4191
4195
4199
4203
4207
4211
4215
4219
4223
4227
4231
4235
4239
4243
4247
4251
4255
4259
4263
4267
4271
4275
4279
4283
4287
4291
4295
4299
4303
4307
4311
4315
4319
4323
4327
4331
4335
4339
4343
4347
4351
4355
4359
4363
4367
4371
4375
4379
4383
4387
4391
4395
4399
4403
4407
4411
4415
4419
4423
4427
4431
4435
4439
4443
4447
4451
4455
4459
4463
4467
4471
4475
4479
4483
4487
4491
4495
4499
4503
4507
4511
4515
4519
4523
4527
4531
4535
4539
4543
4547
4551
4555
4559
4563
4567
4571
4575
4579
4583
4587
4591
4595
4599
4603
4607
4611
4615
4619
4623
4627
4631
4635
4639
4643
4647
4651
4655
4659
4663
4667
4671
4675
4679
4683
4687
4691
4695
4699
4703
4707
4711
4715
4719
4723
4727
4731
4735
4739
4743
4747
4751
4755
4759
4763
4767
4771
4775
4779
4783
4787
4791
4795
4799
4803
4807
4811
4815
4819
4823
4827
4831
4835
4839
4843
4847
4851
4855
4859
4863
4867
4871
4875
4879
4883
4887
4891
4895
4899
4903
4907
4911
4915
4919
4923
4927
4931
4935
4939
4943
4947
4951
4955
</DataArray>
<DataArray type="UInt8" Name="types" format="ascii">
9
9
9
9
9
9
9
9
9
9
9
9
9
9
9
9
9
9
9
9
9
9
9
9
9
9
9
9
9
9
9
9
9
9
9
9
9
9
9
9
9
9
9
9
9
9
9
9
9
9
9
9
9
9
9
9
9
9
9
9
9
9
9
9
9
9
9
9
9
9
9
9
9
9
9
9
9
9
9
9
9
9
9
9
9
9
9
9
9
9
9
9
9
9
9
9
9
9
9
9
9
9
9
9
9
9
9
9
9
9
9
9
9
9
9
9
9
9
9
9
9
9
9
9
9
9
9
9
9
9
9
9
9
9
9
9
9
9
9
9
9
9
9
9
9
9
9
9
9
9
9
9
9
9
9
9
9
9
9
9
9
9
9
9
9
9
9
9
9
9
9
9
9
9
9
9
9
9
9
9
9
9
9
9
9
9
9
9
9
9
9
9
9
9
9
9
9
9
9
9
9
9
9
9
9
9
9
9
9
9
9
9
9
9
9
9
9
9
9
9
9
9
9
9
9
9
9
9
9
9
9
9
9
9
9
9
9
9
9
9
9
9
9
9
9
9
9
9
9
9
9
9
9
9
9
9
9
9
9
5
5
5
5
5
5
5
5
5
5
5
5
5
5
5
5
5
5
5
5
5
5
5
5
5
5
5
5
5
5
5
5
5
5
5
5
5
5
5
5
5
5
5
5
5
5
5
5
5
5
5
5
5
5
5
5
5
5
5
5
5
5
5
5
5
5
5
5
5
5
5
5
5
5
5
5
5
5
5
5
5
5
5
5
5
5
5
5
5
5
5
5
5
5
5
5
5
5
5
5
5
5
5
5
5
5
5
5
5
9
9
9
9
9
9
9
9
9
9
9
9
9
9
9
9
9
9
9
9
9
9
9
9
9
9
9
9
9
9
9
9
9
9
9
9
9
9
9
9
9
9
9
9
9
9
9
9
9
9
9
9
9
9
9
9
9
9
9
9
9
9
9
9
9
9
9
9
9
9
9
9
9
9
9
9
9
9
9
9
9
9
9
9
9
9
9
9
9
9
9
9
9
9
9
9
9
9
9
9
9
9
9
9
9
9
9
9
9
9
9
9
9
9
9
9
9
9
9
9
9
9
9
9
9
9
9
9
9
9
9
9
9
9
9
9
9
9
9
9
9
9
9
9
9
9
9
9
9
9
9
9
9
9
9
9
9
9
9
9
9
9
9
9
9
9
9
9
9
9
9
9
9
9
9
9
9
9
9
9
9
9
9
9
9
9
9
9
9
9
9
9
9
9
9
9
9
9
9
9
9
9
9
9
9
9
9
9
9
9
9
9
9
9
9
9
9
9
9
9
9
9
9
9
9
9
9
9
9
9
9
9
9
9
9
9
9
9
9
9
9
9
9
9
9
9
9
9
9
9
9
9
9
9
9
9
9
9
9
9
9
9
9
9
9
9
9
9
9
9
9
9
9
9
9
9
9
9
9
9
9
9
9
9
9
9
9
9
9
9
9
9
9
9
9
9
9
9
9
9
9
9
9
9
9
9
9
9
9
9
9
9
9
9
9
9
9
9
9
9
9
9
9
9
9
9
9
9
9
9
9
9
9
9
9
9
9
9
9
9
9
9
9
9
9
9
9
9
9
9
9
9
9
9
9
9
9
9
9
9
9
9
9
9
9
9
9
9
9
9
9
9
9
9
9
9
9
9
9
9
9
9
9
9
9
9
9
9
9
9
9
9
9
9
9
9
9
9
9
9
9
9
9
9
9
9
9
9
9
9
9
9
9
9
9
9
9
9
9
9
9
9
9
9
9
9
9
9
9
9
9
9
9
9
9
9
9
9
9
9
9
9
9
9
9
9
9
9
9
9
9
9
9
9
9
9
9
9
9
9
9
9
9
9
9
9
9
9
9
9
9
9
9
9
9
9
9
9
9
9
9
9
9
9
9
9
9
9
9
9
9
9
9
9
9
9
9
9
9
9
9
9
9
9
9
9
9
9
9
9
9
9
9
9
9
9
9
9
9
9
9
9
9
9
9
9
9
9
9
9
9
9
9
9
9
9
9
9
9
9
9
9
9
9
9
9
9
9
9
9
9
9
9
9
9
9
9
9
9
9
9
9
9
9
9
9
9
9
9
9
9
9
9
9
9
9
9
9
9
9
9
9
9
9
9
9
9
9
9
9
9
9
9
9
9
9
9
9
9
9
9
9
9
9
9
9
9
9
9
9
9
9
9
9
9
9
9
9
9
9
9
9
9
9
9
9
9
9
9
9
9
9
9
9
9
9
9
9
9
9
9
9
9
9
9
9
9
9
9
9
9
9
9
9
9
9
9
9
9
9
9
9
9
9
9
9
9
9
9
9
9
9
9
9
9
9
9
9
9
9
9
9
9
9
9
9
9
9
9
9
9
9
9
9
9
9
9
9
9
9
9
9
9
9
9
9
9
9
9
9
9
9
9
9
9
9
9
9
9
9
9
9
9
9
9
9
9
9
9
9
9
9
9
9
9
9
9
9
9
9
9
9
9
9
9
9
9
9
9
9
9
9
9
9
9
9
9
9
9
9
9
9
9
9
9
9
9
9
9
9
9
9
9
9
9
9
9
9
9
9
9
9
9
9
9
9
9
9
9
9
9
9
9
9
9
9
9
9
9
9
9
9
9
9
9
9
9
9
9
9
9
9
9
9
9
9
9
9
9
9
9
9
9
9
9
9
9
9
9
9
9
9
9
9
9
9
9
9
9
9
9
9
9
9
9
9
9
9
9
9
9
9
9
9
9
9
9
9
9
9
9
9
9
9
9
9
9
9
9
9
9
9
9
9
9
9
9
9
9
9
9
9
9
9
9
9
9
9
9
9
9
9
9
9
9
9
9
9
</DataArray>
</Cells>
<CellData>
<DataArray type="Float64" Name="density" format="ascii">
47.88926071
49.99999988
49.99999909
49.99999903
49.99999863
49.99999904
49.99999993
49.99999944
33.84352623
49.99999999
37.52191399
49.99999948
34.47100691
42.70304248
49.99999988
49.99999953
49.9999978
49.99999872
49.99999839
49.99999906
49.99999726
48.14465971
49.99999953
49.999999
49.99999918
39.07302866
49.999999
50
39.26617316
46.7656292
43.43731375
49.99999788
36.93696316
34.51189009
46.36462176
45.18237208
38.61764889
44.54907859
49.99999966
49.99999903
49.99999629
49.99999875
49.99999769
49.99999944
37.71743998
48.06050558
49.99999951
49.99999922
49.99999753
49.9999996
49.99999805
50
45.28690903
47.07753637
30.53342528
35.60883839
50
36.45804702
46.53850479
50
49.99999692
39.855332
49.99999835
49.99999734
37.24314323
43.8173348
44.56327271
41.27108072
49.99999853
49.9999993
37.33913318
43.51807323
44.64105245
28.31813459
35.47913411
47.22578346
48.83789203
40.7698116
49.99999718
49.99999692
49.99999987
49.99999874
49.99999878
43.95463761
49.99999819
49.99999646
49.99999925
49.99999974
45.07457093
45.88661805
38.78553191
41.18633207
46.06089
46.59319818
43.07975868
49.99999909
49.99999615
49.37698086
49.99999975
46.17433615
37.03455071
49.9999993
49.99999765
48.11736114
42.79361336
49.99999965
44.1424758
47.26283686
46.79996584
26.99757044
37.65492541
48.9102192
33.12977263
49.99999878
49.99999721
46.22248506
46.8177694
49.99999741
49.99999743
41.92289653
47.09240791
46.50944027
44.35594193
49.99999893
42.7345701
49.99999887
26.50175522
39.48986463
49.99999943
49.99999989
31.82182426
44.42863794
49.99999996
49.99999997
49.99999977
49.99999997
49.99999987
49.17720658
49.99999937
49.99999864
49.99999757
46.00834779
49.99999793
49.99999736
47.77004564
49.65845886
48.28087162
44.62499841
49.61398535
49.99999959
37.90722921
49.999997
49.99999807
49.99999763
49.82634632
49.84284394
42.76368838
39.78950393
43.73177846
49.37587012
32.50784821
42.23644022
49.99999828
50
36.6657269
45.72588551
43.7867279
49.99999999
49.99999562
49.85910212
47.42834941
48.79158122
49.99999904
49.99999986
49.99999779
49.99999953
49.99999909
49.99999859
49.21287451
48.23319506
48.88374334
49.99999989
49.99999999
47.01269214
46.23651039
49.99999805
50
41.68863476
46.19498516
49.99999739
50
48.39081512
49.99999992
49.99999986
49.99999936
49.46175413
49.99999964
49.99999886
49.99999899
49.99999911
47.59688787
49.99999998
43.67653328
49.99999983
49.4090672
48.87761622
49.99999995
46.63968067
49.99999965
49.99999991
48.83500144
48.26850773
49.50848089
45.61679468
49.95671477
49.99999998
49.99999965
49.86504267
49.99999881
49.99999704
49.99999746
49.99999334
49.99999627
49.99999995
49.99999547
49.99999966
49.99999809
49.99999641
42.54792568
49.99999679
47.1689242
49.99999632
49.99999983
29.42374856
49.9999981
49.99999828
49.99999751
49.99999959
49.99999994
48.77609447
49.99999842
49.99999589
49.99999429
49.99999992
49.99999975
49.99999848
49.99999982
49.99999965
49.99999833
49.99999981
49.99999594
17.68119354
46.33045603
49.99999917
45.50722647
49.99999924
49.63750553
50
49.99999795
1.018456831
1.012133234
0.9103305272
1.032887047
0.998224076
0.5353952754
1.091503478
0.9742253073
0.9937489833
1.07623279
0.6763435952
0.8893818851
0.6607977228
0.7813567398
0.8164339798
0.7858432496
1.011547143
0.7958564856
1.014118472
0.9062130478
0.8755706132
1.015735757
1.382116751
1.181217667
0.9187995422
0.8680151642
0.9572807229
0.8780624492
1.327807941
1.053965857
0.8410318023
1.046432962
1.196792553
0.9168207864
0.8946095074
0.8990119688
1.608662885
0.9930761911
1.038427989
0.8599200386
0.8678192434
1.000301089
1.000908357
1.001479772
1.049414161
0.9825379271
1.499580729
1.139038394
0.8100927406
0.999997809
0.8720544627
0.8508237754
0.7972436632
1.050537046
0.9233424659
1.045258552
0.8474838281
1.000000001
0.8207572084
1
1
0.9541194708
1
1.000000002
0.9726478357
0.9055915749
0.2641969513
2.728940068
0.355517241
0.7544794072
4.900361744
0.8179460184
0.7021291472
0.585836275
0.6624755724
0.6185480202
0.848336269
0.726250207
2.8543765
0.5955299731
0.4439764783
0.4145939462
0.3865770784
1
1
1
1
1
1
1
1
1.538393433
1.90174724
1
1
1
1
1
1
1
1
1
1
1
1
1
1
1
4.216844032
1.134606714
0.9783616518
0.9216026726
0.9161088626
1.079022971
1.106341083
1.015237326
1.048101932
0.9899055731
0.9907054441
0.8060845416
1.097902293
1.302333657
0.8938635654
0.6508560126
0.5428627039
0.7258705078
0.7380566269
0.5325926459
1.009045
0.8979483662
0.9718503202
1.222966493
0.5680133773
0.7011141504
1.015141985
1.143677623
0.9839182796
0.8942176623
0.9807309578
0.8028898569
0.9194823538
0.4485355525
0.9805149228
0.8562912227
1.171055479
1.089255631
1.027225714
1.060195937
0.7190271379
0.5967167384
0.9124276345
0.9247143017
0.8824181067
0.9331711943
0.9393219046
0.9920303295
1.041451521
0.9175922078
0.8866436987
0.446868158
0.9231984494
0.3881387617
1.052042138
0.7648569512
0.9811388643
1.118823673
0.9460537874
0.8409966994
0.8149179463
0.5593927873
1.055489959
0.6897388313
0.4947180395
0.3754602258
0.3514858263
0.9254450251
0.8599972725
0.8247071618
1.035087344
1.328143047
0.9347619991
0.7540684812
1.008680659
0.7976682119
0.9186147635
1.112551026
1.102779505
1.039929596
0.8635686856
1.059040677
0.6249706662
1.113211614
1.083075384
1.381354672
1.291378854
0.5869732605
0.8371132433
0.735750479
1.162389588
0.8817506832
0.4094048586
0.345462689
1.127549666
1.34666407
1.157339107
1.071348215
0.9328630968
1.044587605
1.193414139
1.305474641
0.9173965877
1.031428086
0.9528138938
0.9848894983
0.9684799339
0.9227215256
0.9320458364
0.9098806686
1.183704909
0.8720332837
0.8281695714
0.829581012
0.4660621454
0.6326443546
0.8931655346
0.7958380311
0.513621341
1.161008824
0.9066297423
0.8171733647
0.76840766
0.8373356206
0.837372431
0.7158970436
1.025632171
0.9932285995
1.346025316
1.23171622
1.210201694
1.170728112
1.018605967
1.128770882
1.198792407
0.973448633
1.0889727
1.249511206
1.481625562
1.506246876
1.278744293
1.421839521
1.030035691
1.126335555
1.063969911
0.6134187766
0.7799957414
0.5704738638
0.6477602238
0.8102303482
1.231544151
1.288926459
1.460130527
0.9040667367
1.432116597
1.499079773
1.233184012
0.8146649551
1.065401358
1.03403331
1.114399711
1.103154054
0.6458722505
0.5703208793
0.9936777205
1.409874629
1.247147833
0.9677056686
1.024145301
1.039713124
0.8773357143
0.8568053241
0.8267281577
0.8459130514
1.452395486
0.9556853363
0.9427738633
1.191616985
1.204831417
0.7698113128
1.196756028
1.12406713
1.124201228
1.090319586
1.140033084
1.074238165
1.070316702
1.082863352
1.094335652
1.189917978
1.143871848
1.497992572
1.348733367
1.19850387
1.226393731
1.478003694
1.335151107
0.9601362019
0.9894850723
0.8958580647
1.029666698
1.281307598
1.366332748
1.565594452
1.670806202
1.312289339
1.630371438
1.56017153
1.613670957
1.603600883
1.663845933
1.574909232
1.459838519
1.260178132
1.515900454
1.567475723
1.596623032
1.560567541
0.9974018703
1.069713508
0.9096820628
0.9611750345
0.9941410507
0.7987479128
1.315984101
1.025837081
1.098823388
1.402477641
0.9031913517
1.144605464
0.982410324
0.9189816664
0.8812709755
0.9602426748
0.9788906366
0.9857534197
0.8490433066
0.841273253
0.8964397372
0.6627058267
0.9488618969
0.9391921164
1.268626481
1.522398006
1.010093311
1.001491117
1.012068459
1.040307553
1.025166334
1.003506224
1.005645516
1.017675678
1.458703182
1.377310167
1.319406136
1.175186734
1.631806441
1.346609373
1.582198163
1.494432695
0.8813240203
1.390016842
0.9996861411
1.241660704
1.15222483
1.449370531
1.456822656
1.289976899
1.160075435
1.083583058
1.043670887
0.9998813044
1.009271746
1.049061444
0.9735324421
0.8803225221
1.194725703
1.342072046
0.8958554336
0.8459852574
0.8370141053
0.8504760547
0.905844371
0.9610419312
0.9516406732
0.9987234419
1.378928178
0.9986082183
0.9985091294
0.9985441718
1.299220302
1.000175393
1.000352696
1.003252365
0.9996433022
0.9994616145
1.465786775
1.00265798
1.066607988
1.000811963
1.168900668
1.662814538
1.318293131
1.648212696
1.641331951
1.642453796
1.184859392
1.503147853
1.269786281
1.496000474
1.623378876
1.498764315
1.233876165
1.133248105
1.286813318
1.06173516
1.118323098
1.00301458
1.08785173
1.043610588
1.011737062
0.9226534623
0.8515280352
1.721428893
0.9395918323
1.009266473
0.8358528091
0.911603041
0.8668583093
0.9065185092
1.69442795
1.543774155
1.189426363
0.8683301283
1.067705463
1.092827541
1.009535286
1.194883401
1.00874956
1.001190306
0.999668901
0.9996263801
0.9996893606
0.9995921988
0.999859838
0.9999006188
0.9997304582
0.9998179418
0.9999243694
0.999990915
1.000001617
1.053368797
1.000037905
1.103790278
1.000337838
1.000690997
1.19859809
1.001887436
1.010311895
1.267292456
1.137363333
1.188214406
1.177534488
1.418002913
1.068164913
1.006547659
1.002646022
1.012940586
0.9999930617
1.00023737
1.000040188
1.567646397
1.409003526
1.021613196
0.9506021477
0.9063093511
0.9414530011
0.8747811916
1.203742402
0.9665779443
1.000027791
1.000018656
0.8732616938
0.8874321688
0.948358255
1.149009356
1.457379874
0.9994855304
1.788066251
0.8973489656
0.9507857988
1.010877603
1.07041022
0.9999855586
0.999979088
0.9999902471
1.064667263
1.000144352
1.000553472
1.001779322
1.002993895
1.002138627
1.001285837
1.00048562
1.185815769
1.000049305
0.9999931125
1.08512138
0.9999963482
1.008138739
0.9999976565
0.9999862243
0.9999914822
0.9998886371
0.9999597774
0.9999647783
0.9999790626
0.9996609925
0.9999982664
0.9999817052
0.9999836745
0.9220096793
1.377019702
1.147917667
1.174008188
1.928386017
0.999619908
1.259502411
2.170287474
0.8827465845
0.9089687115
0.8838217335
2.012264856
0.9371577475
0.9403985823
0.9545823316
1.008802874
0.9999848414
1.269069318
1.341591325
1.001970615
1.004470835
0.9999967088
0.9999998801
1.00000864
0.9999933848
0.9999953487
0.9999997543
0.9999895401
0.9999990252
0.9999993037
0.9999993096
0.99999178
0.9999949095
0.9999931539
0.9999884838
0.999999831
0.999999236
0.9999869061
0.9999997219
0.9999997866
0.9999999084
0.9999999723
1.000000008
0.9987553587
0.9150598102
0.9983759963
0.9441639819
0.9999997209
0.9999999999
1.000000077
1.000000064
0.99999874
1.000000007
0.9999999568
0.9999843103
0.6928674913
0.8659806968
0.8524811165
2.194739944
1.686877327
1.348875712
1.064091393
0.9999884167
0.9999997804
0.9999999959
0.9999999979
0.9999999929
0.9999999035
0.9999993276
0.9999991145
0.999999281
0.9999995121
0.9999996899
0.9999994525
0.999999547
0.9999977852
0.9999997203
0.9999998707
0.9999997314
1.000003176
0.9999999758
0.9999999674
0.9999999962
0.8578859346
0.8680210943
1.000000012
1.00000001
1.000000018
1.00000003
1.000000015
1.000000014
1.000000002
0.9843968033
0.9600864133
0.7438854665
0.6889473008
0.7672034113
0.9999999999
1
1
1
0.9999994314
1.000000001
1.000000002
1.000000017
0.9156276201
0.8938362135
0.8611038585
0.8365349749
0.8345975636
0.5969051177
0.4984361269
0.7856803284
1.730444603
2.947536217
3.234341434
1.61104529
0.7942655314
0.6360061449
0.6105144877
0.6530034609
0.6831240898
1.000000077
0.9999999998
1.000000004
1.000000002
0.9999978945
1
1
1.000000012
1
1
1.00000008
1
1
1
0.9999995583
1
1.09686713
0.9999999974
0.9999999956
0.9999966745
0.9999999636
0.9999999166
0.9999999395
0.9999999756
0.9999999971
0.9999999987
0.9999999996
0.999999999
0.999996055
1.000000016
0.9999999996
0.9999999994
0.9999997901
0.9753649157
0.999995184
0.9451695054
0.9126585249
0.8811118806
0.8203687271
0.7453032773
0.5612527196
0.6541601952
0.6907724382
0.8804067135
0.5309844106
0.4349248515
0.4006691928
0.8642849889
3.944718804
2.782142038
0.8403962927
1
1
1
1
1
1
0.9999998907
1
1
1
1
1
1.000000001
1
1.000000002
1.000000001
0.9999999449
1
1
1
1
0.9999999962
1
0.9999958327
1
0.9999999999
0.9999999998
1
1
0.9999989045
1
1
0.9999994525
1
0.8884172796
2.674453608
0.7732324005
2.154068673
1.455978398
0.8536817121
1
1.103222651
0.4333752017
2.563972027
0.4183386245
0.6599765455
1.240515632
0.9107658094
1
1
1.000000096
1
1
1
1
1
1
1
1
1
1.000000054
1
1
1
1
1
1
1.082299897
1
1
1
1
1
1
1
1
0.9999989408
1
1
1
0.9999999997
1
1
1
1
1
1
1
1
0.9999927051
1
1
0.9410173647
0.8623836487
0.8601633016
0.8697511691
0.6559414203
0.8475878456
0.7775212162
0.8367475136
3.24104217
2.91909899
0.8107091877
0.7404055135
0.6245749719
0.6148388278
0.6039987145
0.6752961813
0.7572950559
0.7477385221
0.7442467519
0.5960468067
0.459675374
0.5665155784
0.7779013688
0.8653166466
1.125298012
1.565674205
4.699127153
3.911820277
1.731058817
2.056121954
1.129897615
0.2591876207
0.3400906222
0.4096268339
0.3972387531
0.4790869912
1
1
1
1
1
1
1
1
1
1
1
1
1
1
1
1
1
1
1
1
1
1
1
1
1
1
1
1
1
1
1
1
1
0.9999999929
2.928293563
2.281934133
4.42845772
0.3741008371
0.2395731604
0.4495817972
0.7902740238
1.759947956
0.9719827385
1.266969619
0.3290655189
0.6794501206
0.3791677896
0.7456921847
0.5418633864
0.650872852
1.593067845
0.9534870696
0.526550497
0.8193570034
0.5340740096
1.039529828
1.2700815
5.855565461
6.035592418
6.927042891
1.659953
0.4485672755
0.2543960262
0.3901744823
0.2430630194
0.3957769631
0.4312170562
0.3675608026
1
1
1
1
1
1
1
1
1
1
1
1
1
1
1
1
1
1
1
1
1
0.796087276
0.2306203737
0.2771921039
0.2586090947
1
1
1
1
1
1
1
1.000000004
1
1
1
1
1
1
1
1
7.559448879
9.428436674
11.56390167
9.603277509
0.3473864595
9.191150348
4.042964973
7.143789208
3.558285033
10.8939044
2.03532028
9.166844252
0.8086976403
8.979571227
9.324853503
8.551057783
0.8054005446
5.37010723
8.347270332
0.8026625198
9.183257908
9.372999626
9.559524398
9.130892861
10.42234038
9.477628282
8.388764876
10.23182853
12.37637681
8.030955688
9.525225116
11.80978692
9.284914265
1
1
1
1
1
1
1
1
1
1
1
1
1
1
11.90621617
14.46369762
13.5957252
2.648303978
9.217290608
8.978435979
9.294808877
9.155685055
1
1
1
1
0.3477827816
0.726291562
17.126928
9.016463886
9.662182074
1
1
0.4951003547
0.8625296068
</DataArray>
<DataArray type="Float64" Name="velocity" NumberOfComponents="3" format="ascii">
0.5227464547 -25.16148473 0.0
-0.08259220652 -21.63042168 0.0
-12.82559545 -15.94666313 0.0
-0.01881907988 -23.5583448 0.0
-12.92353781 -14.26338844 0.0
-19.72522953 -9.290864646 0.0
-1.36423092 -20.54493942 0.0
-7.3119641 -18.86234736 0.0
2.065738751 -25.25277031 0.0
1.450914558 -25.13756751 0.0
1.446674792 -24.27456757 0.0
-6.745713665 -19.89986747 0.0
3.956371859 -25.55926695 0.0
3.501326832 -26.16211085 0.0
-12.47978374 -17.35439376 0.0
-6.611637305 -17.9345144 0.0
-16.66302095 -12.48861472 0.0
-20.22181549 -9.838590534 0.0
-2.265684437 -23.97359713 0.0
-10.70088258 -15.04935674 0.0
-22.21212664 -4.986514687 0.0
1.303866619 -25.28718128 0.0
-16.85872305 -13.55002636 0.0
-17.16491726 -12.27224136 0.0
-22.98497187 -4.776027533 0.0
3.306242353 -24.42697673 0.0
-20.05146545 -10.12842673 0.0
-7.598679017 -19.36128989 0.0
1.753696054 -23.84685938 0.0
0.05066584382 -25.43288905 0.0
0.7012073904 -23.62820829 0.0
-8.50100094 -18.51669709 0.0
3.510402737 -25.22799202 0.0
4.699582253 -27.98019097 0.0
-26.32199379 -0.8698832754 0.0
-26.48794447 -0.9707396448 0.0
-27.87073276 0.3864993642 0.0
-0.466070963 -28.12824373 0.0
-0.6612086205 -22.59621789 0.0
-2.933223401 -19.69504169 0.0
-8.628752449 -16.01655272 0.0
-14.85855987 -12.74423718 0.0
-18.70587929 -9.329185876 0.0
-24.83567665 -1.09263658 0.0
-27.37970609 0.3209045507 0.0
0.09137904415 -25.08012349 0.0
-2.334841186 -23.84163376 0.0
-15.98411424 -15.03795906 0.0
-18.65306549 -10.75472852 0.0
-22.07081329 -5.136060702 0.0
-22.5387763 -6.248340726 0.0
-24.91881679 0.2748487093 0.0
-26.19209213 0.2939145151 0.0
0.6825819152 -23.32173145 0.0
4.02540691 -27.93639948 0.0
-0.1252283843 -29.30134688 0.0
-13.01488157 -17.43141215 0.0
-27.23978986 -1.218760152 0.0
0.7091277965 -24.63471939 0.0
1.482060142 -23.70335542 0.0
-7.134951276 -16.81918483 0.0
-27.09722301 0.1279338482 0.0
-13.54415104 -12.6585041 0.0
-17.1270508 -10.46630953 0.0
-26.92813208 0.371038803 0.0
-26.4720675 -0.1133555157 0.0
0.05389387789 -25.5455013 0.0
2.413563276 -25.05182149 0.0
-0.9518828428 -21.31353476 0.0
-22.04809444 -6.434387783 0.0
-27.31708731 -0.2963448172 0.0
0.8996096599 -25.45635031 0.0
0.9397807973 -24.91053147 0.0
3.130744381 -27.69589412 0.0
0.612373079 -28.0163565 0.0
1.535898612 -24.37144954 0.0
1.496857114 -24.20519276 0.0
2.336613124 -25.87161368 0.0
-0.9458337316 -22.8854149 0.0
-8.551422978 -20.70233501 0.0
-16.92347183 -15.39035157 0.0
-16.43767793 -15.60901312 0.0
-19.75207753 -11.83625962 0.0
-26.71481545 0.6825675324 0.0
-22.04278305 -5.078585375 0.0
-20.76220551 -7.100019945 0.0
-18.7316566 -12.20342392 0.0
-26.73635756 -0.706067314 0.0
-27.46529894 -0.4972848916 0.0
-27.20153953 -1.236225869 0.0
-27.10290651 -1.592885478 0.0
-26.85528337 -1.671715298 0.0
-27.18461998 -1.96770378 0.0
-26.20384425 -0.4365929763 0.0
-26.71250745 -1.541356323 0.0
-10.71344799 -14.60493729 0.0
-4.294975357 -19.62792067 0.0
0.9002540905 -22.93347633 0.0
-25.65881014 -0.2126273716 0.0
-27.15305043 -1.675454072 0.0
-26.99964915 0.207402272 0.0
-13.65081006 -18.30772017 0.0
-22.90722741 -6.25897263 0.0
-26.09826868 -0.8554623544 0.0
2.015327715 -25.46958365 0.0
1.189577114 -22.71040328 0.0
-26.58255977 1.783322555 0.0
-27.73873263 2.400958249 0.0
-0.8140311253 -25.01356153 0.0
2.855674525 -28.03723832 0.0
1.947076592 -27.6242524 0.0
0.382318153 -24.31025668 0.0
2.912656152 -27.72097371 0.0
0.2677534157 -24.01924167 0.0
-2.942542448 -23.21542295 0.0
-27.20639069 -2.202086677 0.0
-27.21917195 -2.475247141 0.0
-7.638556701 -18.66043909 0.0
-6.753617276 -18.12312045 0.0
-27.0627044 1.703638357 0.0
1.324557121 -26.28916955 0.0
-26.36284137 0.8645786334 0.0
-26.783627 1.059200837 0.0
-15.54085648 -8.467819856 0.0
3.239609478 -25.3595249 0.0
1.384958426 -22.2770373 0.0
2.169419269 -28.45067414 0.0
3.756587014 -27.43329603 0.0
2.68874506 -23.10061051 0.0
-1.003008944 -24.22729156 0.0
1.795522085 -27.81695389 0.0
2.492862031 -26.73212214 0.0
1.441128852 -25.26224718 0.0
-27.07594325 -1.823239322 0.0
-25.19071909 -0.6609942062 0.0
-26.86194918 -1.874801603 0.0
-24.09443594 -1.367381333 0.0
-26.02092709 -1.263253598 0.0
-9.908882604 -14.70752421 0.0
1.005149023 -25.65492829 0.0
-3.129384489 -21.14855887 0.0
-26.57101181 -0.8487588202 0.0
-9.858150415 -15.31369288 0.0
-12.99245404 -12.88039515 0.0
-27.20503766 -2.783846745 0.0
-26.89860379 -1.626321112 0.0
-2.393500556 -25.20753112 0.0
-26.63352256 -1.25172359 0.0
2.255186891 -23.83130856 0.0
-26.65886768 1.569957874 0.0
-27.00828466 0.03324479061 0.0
-24.29007208 -2.507905035 0.0
-18.76775744 -3.326344964 0.0
-11.55180147 -11.44019693 0.0
-23.59284452 -2.107696026 0.0
-25.90017771 1.531436505 0.0
-26.65134254 -0.1215858867 0.0
-26.87256013 -0.07531251771 0.0
4.565554987 -25.14021583 0.0
-3.926754812 -25.37941266 0.0
1.178576878 -28.39415456 0.0
5.844497029 -27.25279559 0.0
3.227597153 -22.40351949 0.0
-2.547576036 -24.22107253 0.0
0.7494594745 -27.78819602 0.0
3.599612076 -26.20929908 0.0
-27.91293097 3.283720271 0.0
1.70437994 -25.12830506 0.0
-13.26118739 -5.935835032 0.0
-25.94053022 -1.669399304 0.0
-26.51479959 -0.3845742684 0.0
-27.1466892 -3.152505939 0.0
-13.380735 -10.6512597 0.0
2.027041504 -26.14458564 0.0
-0.3678319534 -23.92892082 0.0
-2.524213441 -22.2853771 0.0
-6.725944995 -18.55146991 0.0
-11.3706416 -12.34565593 0.0
-26.96107023 -1.164737747 0.0
-23.21509957 -3.021882505 0.0
-26.00248516 1.124708004 0.0
1.562360038 -21.72426795 0.0
-21.27373915 0.7989201813 0.0
-26.57362204 0.4878370384 0.0
5.909361163 -23.64509573 0.0
1.481944104 -20.52560497 0.0
-5.34965019 -25.48235121 0.0
0.5797458711 -28.08088937 0.0
7.52102418 -26.30823467 0.0
3.489536223 -20.95296128 0.0
-4.351611169 -24.12586909 0.0
4.621413145 -25.42284424 0.0
2.144810953 -26.26138923 0.0
0.3815124989 -25.00680497 0.0
-3.544431832 -22.53281219 0.0
-26.997418 2.49549189 0.0
-20.94681552 2.208586074 0.0
-5.564385902 -17.92796182 0.0
-5.404489484 -16.29700357 0.0
-20.81326251 0.7933018956 0.0
-21.89164671 -4.209587763 0.0
-19.88672682 0.7717916601 0.0
0.2442474249 -27.69042582 0.0
-21.70249666 0.7580715596 0.0
-26.93541882 -0.4047153267 0.0
-26.46642422 0.1198685896 0.0
-25.36659437 -2.115848802 0.0
-26.40381968 -0.1422577815 0.0
-0.3319539082 -24.37181274 0.0
-25.38893172 1.982968666 0.0
-26.49532068 -0.01594818548 0.0
-26.79904515 3.947717221 0.0
-27.06626356 1.360558982 0.0
-27.54769731 3.539371104 0.0
-24.57201239 4.489822552 0.0
-16.95924907 2.302650833 0.0
-17.80832492 -6.278729075 0.0
1.67408148 -23.62627632 0.0
1.139415204 -18.59304004 0.0
0.03143158142 -27.67572306 0.0
2.749027073 -16.38619775 0.0
0.2241524834 -24.76691015 0.0
-3.123528863 -22.85690675 0.0
8.607965634 -21.3869455 0.0
1.079591255 -16.37688354 0.0
-17.1976542 -5.220654817 0.0
-24.24995072 -4.170583512 0.0
-22.8526741 -2.766282304 0.0
-25.06783453 5.086225295 0.0
-20.45848736 -3.171334331 0.0
-21.58421576 4.963534511 0.0
-23.68204344 -1.074276251 0.0
-9.108315091 -8.238097884 0.0
3.040165433 -19.32113103 0.0
-22.52599944 2.61304337 0.0
-26.50193886 -0.4135962136 0.0
-24.2872535 4.434787145 0.0
-27.02977165 0.2890078161 0.0
-1.296785753 -24.24490938 0.0
-0.6824422584 -23.34244883 0.0
-18.74813863 -6.096204254 0.0
0.4143354708 -22.72791864 0.0
2.238645852 -26.39974864 0.0
-6.358593609 -20.12124828 0.0
-5.42455712 -19.4663231 0.0
-19.33543298 7.818539593 0.0
-26.44909273 0.5468823574 0.0
-16.94949357 5.98737101 0.0
-16.66294183 0.656203533 0.0
5.294282808 -19.89324376 0.0
-27.08570218 0.3637081685 0.0
10.1814068 -29.16477504 0.0
-27.60458369 0.3910104142 0.0
-13.58856492 -17.25895998 0.0
-25.66255609 -1.304062881 0.0
6.945512026 -18.91364318 0.0
-27.01483816 -3.647072775 0.0
-26.24896789 -0.1404759219 0.0
0.3197987314 -27.90899158 0.0
0.7867726767 -0.1676047167 0.0
2.883379879 -6.026657259 0.0
2.660271911 -0.9179569053 0.0
2.444763356 -1.628806849 0.0
3.193702893 -6.552743534 0.0
14.39345159 -9.0485517 0.0
2.760356159 -3.384858484 0.0
1.092247345 -0.9617229693 0.0
1.651001731 -0.8315724008 0.0
10.61772418 20.98060369 0.0
11.50133632 -8.128811075 0.0
2.776476038 -2.182821435 0.0
3.517286596 8.497577783 0.0
-1.812608669 -1.801386208 0.0
2.240154497 -6.473845209 0.0
22.33347783 -12.62709609 0.0
2.695710014 -3.580792533 0.0
4.580466375 0.1220303795 0.0
3.025240578 -4.119463294 0.0
1.205653136 -1.259659181 0.0
0.09121972576 -0.169950266 0.0
3.869427276 -5.923393913 0.0
-2.897102781 -1.15024103 0.0
-1.214284184 1.029341935 0.0
4.218520505 0.5397973681 0.0
4.293117674 6.438273906 0.0
2.031664152 -1.652529215 0.0
1.240789612 -1.202107735 0.0
5.758295468 2.837659864 0.0
2.547662961 -3.934256247 0.0
0.482617599 -0.1457136475 0.0
3.588944133 -5.072511069 0.0
2.260049808 1.190877626 0.0
3.589085581 0.5241000681 0.0
3.015548011 -2.934012049 0.0
2.814236931 -2.272224438 0.0
3.004864489 -9.600346516 0.0
2.701940198 -3.36058463 0.0
2.123104876 -3.420537504 0.0
2.175313135 -1.053741767 0.0
3.202132337 -2.52230823 0.0
0.9980937856 -0.002366805204 0.0
0.9976791244 0.008883414619 0.0
1.00191068 0.01472484089 0.0
1.245270312 -3.381333313 0.0
1.94645407 -3.662991171 0.0
22.81035481 -14.53378545 0.0
2.532011361 -2.619568714 0.0
21.33492996 -13.46742288 0.0
0.9999937332 -2.390595325e-05 0.0
2.697569375 -3.696560843 0.0
3.901763776 5.34117074 0.0
18.80738741 -16.30963478 0.0
1.259674002 -4.359118565 0.0
2.880935258 1.397125634 0.0
21.25425429 -18.82992596 0.0
1.313481983 -4.026881315 0.0
0.9999999898 6.335985661e-09 0.0
1.145261365 -3.32540167 0.0
0.999999999 -5.072363858e-11 0.0
1.000000001 -2.15760509e-09 0.0
0.5988175124 -4.811509566 0.0
0.9999999999 6.679591376e-11 0.0
0.9999999783 2.099086122e-09 0.0
6.989100636 -7.771918805 0.0
-2.654804671 -0.5695992197 0.0
-2.976273457 -2.713958906 0.0
18.89582761 -10.31924666 0.0
7.35747315 -8.491711024 0.0
-5.413157004 3.164058989 0.0
25.65632464 -13.95723471 0.0
-3.881043018 0.07994622281 0.0
-2.883152243 -3.672939935 0.0
-5.765096261 1.819724225 0.0
-6.735756182 2.022941207 0.0
-0.02720554187 -11.48681718 0.0
-2.211012455 -0.4015829966 0.0
-5.087624305 3.245607575 0.0
20.71836422 -13.22612067 0.0
10.07409635 -9.278670685 0.0
-6.733361452 2.975711188 0.0
-5.744264166 2.146392722 0.0
-1.758406366 2.346206077 0.0
1 -4.583721555e-15 0.0
1 3.471848357e-15 0.0
1 7.130121187e-15 0.0
1 1.988430824e-16 0.0
1 -2.61999802e-11 0.0
1 6.647157896e-14 0.0
0.9999999993 5.918798592e-09 0.0
1 8.775374829e-16 0.0
-3.127649784 6.687991907 0.0
-2.721028012 9.203641196 0.0
1 2.25055806e-15 0.0
1 3.146075508e-15 0.0
1 -8.755037351e-15 0.0
1 1.719208007e-15 0.0
1 6.933796863e-15 0.0
1 8.356960512e-15 0.0
1 -4.616977256e-14 0.0
1 -1.896795823e-15 0.0
1 -1.988915291e-14 0.0
1 -1.08612822e-14 0.0
1 -6.483466412e-15 0.0
1 4.254057232e-16 0.0
1 1.611321479e-15 0.0
1 -1.632786966e-14 0.0
0.9999999987 9.331947037e-11 0.0
13.10316905 -27.64111836 0.0
1.123787309 -2.892727073 0.0
1.884404531 -0.9999078277 0.0
1.884531754 -0.09384609548 0.0
1.504649568 -0.2873946675 0.0
2.57145477 -4.685260886 0.0
3.107204052 -1.974915722 0.0
2.618694569 -2.860962024 0.0
2.838211826 -4.064349662 0.0
1.96596996 -1.398870024 0.0
0.05864495462 -7.504262159 0.0
-2.377903154 -8.683998013 0.0
2.633714098 -14.10902434 0.0
4.489367551 -18.316634 0.0
21.75405066 -12.48577106 0.0
20.34606902 -11.87978826 0.0
8.851599476 16.53088366 0.0
10.41241436 20.80029141 0.0
8.66800108 15.37959518 0.0
1.766213593 3.392620083 0.0
1.326880064 -0.3049289036 0.0
3.59287665 -0.4481606403 0.0
5.622409675 -19.80519308 0.0
5.084536574 -15.59765122 0.0
6.460619174 -0.7882378764 0.0
5.327642925 -3.625264424 0.0
3.465255945 -5.551218376 0.0
3.910489194 -8.678491336 0.0
4.677590637 -0.6795155453 0.0
2.777479781 3.828810667 0.0
1.030885364 3.824713741 0.0
22.80325581 -11.37022431 0.0
23.54078901 -13.92280901 0.0
17.21815818 -10.36858573 0.0
1.874617967 -5.942140055 0.0
0.2796152207 -4.341616799 0.0
2.646970028 -3.015203287 0.0
3.085435488 -2.863827768 0.0
2.661630254 -2.175528931 0.0
2.207824133 -0.8221577224 0.0
8.084955865 17.95716082 0.0
6.454688072 13.22225557 0.0
0.9419606162 -1.209583531 0.0
1.520161077 -0.1459434037 0.0
0.4205780216 -2.209847397 0.0
3.171415886 -1.576041062 0.0
2.133370606 -0.6443472354 0.0
1.089532925 -0.09961397488 0.0
0.9310614851 -0.05400668966 0.0
1.858833914 -0.5199746192 0.0
7.603586527 -1.642998496 0.0
6.453529235 -4.816810343 0.0
3.036073719 -0.4622024859 0.0
7.081436372 0.5732619487 0.0
-0.8835928982 -9.4200969 0.0
10.14138984 20.48058916 0.0
10.54803849 20.75897845 0.0
2.949112057 -1.237645909 0.0
1.394835387 -1.17314626 0.0
0.2169469216 -1.365052691 0.0
-0.4338079585 -1.208168609 0.0
1.596058579 5.528132746 0.0
8.163277507 12.40371451 0.0
-0.1092233566 0.7540421796 0.0
5.951645084 7.270831745 0.0
4.440839672 9.511946473 0.0
1.801850578 -4.815449263 0.0
2.348678094 -0.1331799287 0.0
11.8807307 -6.315747292 0.0
17.77102245 -10.87204114 0.0
1.102262431 2.931702544 0.0
5.691853198 9.672249566 0.0
2.689126455 12.25207191 0.0
8.164277585 16.25886461 0.0
0.9366461973 -1.307158317 0.0
6.683776424 10.78208397 0.0
-1.067907908 -1.592621963 0.0
-0.2039922102 0.03438599512 0.0
0.06455147721 0.263962569 0.0
0.9453764317 -0.4370589797 0.0
4.706322919 -0.6597091511 0.0
0.2406597709 0.06569923199 0.0
-1.793334216 -7.048378126 0.0
5.877147699 -20.95401118 0.0
2.494389486 -15.34793239 0.0
4.78830976 -13.19733741 0.0
5.495247529 -8.246058008 0.0
3.349701622 -8.7208018 0.0
4.875975342 -1.7567581 0.0
2.026486901 5.249573769 0.0
3.20675997 1.269494762 0.0
7.661534545 -3.87509313 0.0
16.34825114 -6.919973105 0.0
-0.6684866368 0.5070546144 0.0
1.157731663 -1.626443481 0.0
3.87360934 0.2603600816 0.0
2.618665053 -0.5189441028 0.0
3.710090947 -0.1723864918 0.0
3.528911366 0.9621569398 0.0
3.108511056 -4.78956499 0.0
3.448522778 -1.506300097 0.0
3.642638515 -0.6764138212 0.0
2.945757762 0.3003040416 0.0
3.656567398 -5.76921895 0.0
2.739080646 -3.128827368 0.0
2.862922955 -3.729702823 0.0
2.510843433 -2.762568322 0.0
2.05883833 -1.962644608 0.0
2.435134062 -2.584762356 0.0
1.500834954 -1.480288173 0.0
3.122751222 -0.696637548 0.0
0.4102307368 -1.209093939 0.0
0.06902259883 -1.20540741 0.0
-0.2571534008 -0.7945043453 0.0
4.420723924 4.335279345 0.0
5.02708657 2.419922468 0.0
0.2435482843 1.092857626 0.0
-0.4140232815 2.282157798 0.0
-1.357300807 -1.897518293 0.0
11.31178951 22.19103405 0.0
9.447737974 17.96964421 0.0
10.50723264 20.87080949 0.0
0.03706464904 4.074684384 0.0
3.783012854 1.132201946 0.0
4.396183331 -6.55861293 0.0
19.11011858 -11.52597465 0.0
23.90189391 -14.3306324 0.0
0.5225528097 -0.5671992046 0.0
0.1893051866 -11.28397166 0.0
-3.67367774 -4.694002679 0.0
-0.7834739777 0.6153537851 0.0
-0.9110082032 0.2784700372 0.0
0.7952012016 0.2053667509 0.0
-0.2859257782 -0.2829326915 0.0
-0.886340865 -0.3123840128 0.0
-0.1415802402 -0.8307349127 0.0
-2.473020078 2.61901774 0.0
0.3887632681 8.156474328 0.0
3.73215839 8.006548891 0.0
3.938121438 -11.0311672 0.0
4.326186459 -4.915629975 0.0
4.863889763 -7.287473991 0.0
4.475987577 -3.530936022 0.0
1.826861747 0.6459514994 0.0
5.945263628 -5.771604597 0.0
13.62499517 -0.8363834778 0.0
-1.897811658 -1.234286219 0.0
1.274804198 2.762872835 0.0
4.111128039 -6.254038569 0.0
-1.967936284 1.269239007 0.0
2.303640564 0.369190138 0.0
3.736363946 0.4063113775 0.0
4.702472242 1.587749829 0.0
0.6265760467 -1.274778303 0.0
5.083441891 2.13417937 0.0
5.003110409 6.101292958 0.0
4.67878587 0.8304837935 0.0
15.43176339 -9.650024139 0.0
3.220764575 -4.694704716 0.0
2.929874308 -4.101747361 0.0
-1.239060629 0.04301301256 0.0
-1.387926402 0.7071866174 0.0
2.220489155 -1.586459948 0.0
-1.460204169 3.932644365 0.0
8.815679291 16.39260041 0.0
4.328684028 -4.824917246 0.0
-2.420181912 0.001346985882 0.0
20.56646881 -8.505092107 0.0
2.956134163 -4.419409089 0.0
2.868192576 -3.974748588 0.0
1.595360891 -1.166313522 0.0
0.4325328625 -1.028919524 0.0
0.1336368561 -0.8168220156 0.0
0.1169449252 -0.6435128417 0.0
5.347397719 3.682272427 0.0
1.136006613 0.470203271 0.0
1.313132354 0.9789815433 0.0
11.27106864 22.80690021 0.0
11.97010966 22.04549588 0.0
4.851283753 9.619149616 0.0
-0.7874294164 0.3188720602 0.0
-0.3616535861 -0.2099840226 0.0
-0.1225524212 -0.4358813545 0.0
0.06592778964 -0.2110750161 0.0
-0.2149179628 -0.2070513221 0.0
0.2076303511 0.01803579746 0.0
0.3274641609 0.03692729109 0.0
0.1657277106 0.1090692607 0.0
0.03556590322 0.2153513914 0.0
-0.6915433572 0.2801754446 0.0
-0.3280659576 0.380018633 0.0
0.07930360413 6.180867827 0.0
-1.507283394 2.809530903 0.0
-0.8201652034 0.8470070243 0.0
-1.085760212 1.211550007 0.0
4.373192559 2.13024797 0.0
2.854708463 1.493007672 0.0
2.287521957 -2.17613811 0.0
0.4575546051 2.514972772 0.0
6.039215521 -6.041085338 0.0
9.532218006 1.372048855 0.0
4.994663851 -5.131181835 0.0
2.783546929 -3.37991871 0.0
3.737717955 -3.243630198 0.0
4.311337992 -4.328408391 0.0
4.387565553 -3.204288902 0.0
4.402359162 -4.869828481 0.0
4.300143495 -5.737989777 0.0
3.405527624 -7.761914873 0.0
-0.09350655372 -8.987643799 0.0
-2.947459058 -6.080389342 0.0
-3.378848428 -3.716255217 0.0
-2.383004995 -2.424446361 0.0
-1.106835947 -1.29432467 0.0
4.885334574 2.825152005 0.0
2.606942712 6.461533491 0.0
4.139224519 5.581340515 0.0
4.883752756 4.091962655 0.0
2.774638449 -3.55985454 0.0
2.998396994 -5.435108573 0.0
2.637079998 -2.395274614 0.0
2.754354709 -3.185113789 0.0
6.538381849 4.449865575 0.0
0.9616791795 -0.4414845698 0.0
6.209696787 5.516919379 0.0
22.63432155 -13.57463867 0.0
0.2655144542 0.6879890587 0.0
2.889358471 3.658186733 0.0
2.977302526 -2.657266418 0.0
1.139124796 1.543574559 0.0
-0.4556251646 0.2052997742 0.0
2.949848975 -3.000364916 0.0
2.177478039 -1.353172152 0.0
13.66975162 -7.934534522 0.0
3.05034107 3.226694886 0.0
4.712338208 -4.667289531 0.0
1.065727798 -0.7246474997 0.0
0.436682414 -0.3736420733 0.0
0.7484701624 -0.09641417887 0.0
5.140732423 4.528894909 0.0
1.321302305 0.2151527411 0.0
1.611469807 0.4240716757 0.0
-3.471014532 -1.338604848 0.0
11.34657225 -3.747389589 0.0
0.9182364409 0.003033837335 0.0
0.9963477894 0.01070322557 0.0
0.881950652 -0.02837634481 0.0
0.6545616489 -0.2372234422 0.0
0.7732245566 -0.1267144871 0.0
0.9652906878 -0.01056676487 0.0
0.9451082926 0.006972943813 0.0
0.828012411 0.07826870864 0.0
0.5808035716 4.45626725 0.0
-1.582626293 4.088293415 0.0
-1.342487911 2.222833593 0.0
-0.1460330206 1.283835608 0.0
2.623227524 -7.252612925 0.0
4.031584211 -4.130512025 0.0
3.389541952 -4.143210288 0.0
5.432618217 -4.49487191 0.0
9.09967618 -6.745717948 0.0
7.584129895 1.199958683 0.0
4.099138341 -5.195125454 0.0
2.881389525 2.786529324 0.0
1.374925258 1.645812419 0.0
4.041027459 0.9745571767 0.0
1.889019149 4.548620796 0.0
3.006310376 2.226358084 0.0
-0.5569330417 -0.7857781361 0.0
0.05800820866 -0.09881022053 0.0
0.6022829222 0.2229190676 0.0
0.9998933492 -0.003834466784 0.0
2.780828347 -3.495516369 0.0
2.449155945 -3.632158086 0.0
2.83264235 -3.245869052 0.0
3.007567742 -2.389422197 0.0
17.09554689 -9.570293622 0.0
4.826579585 2.639469781 0.0
2.135003421 -1.75328198 0.0
1.691133263 -0.4651154734 0.0
1.235405525 0.1533558122 0.0
0.8683354176 0.5446843265 0.0
1.157030175 0.5338679002 0.0
1.530456657 0.6023387839 0.0
1.399917549 0.5537000297 0.0
1.012049808 -0.00979304757 0.0
-0.2903831542 3.568316537 0.0
1.014145426 0.002781534832 0.0
1.014525067 -0.0004734429814 0.0
1.014406839 -0.001128757067 0.0
-0.621319123 2.560374056 0.0
0.9981015181 0.000726835695 0.0
0.9959829733 0.001455721424 0.0
0.9829919124 0.02340629629 0.0
1.004331883 0.001108186792 0.0
1.004974872 0.004510317673 0.0
-1.758723018 -3.276379609 0.0
0.9602359915 -0.005475309741 0.0
0.6557677854 -0.6085497842 0.0
0.9989630964 0.0007223988984 0.0
-0.2336528515 -1.15178033 0.0
-2.247461549 -5.674577167 0.0
1.692064826 -3.55082697 0.0
3.882288704 -5.686736758 0.0
4.07497431 -4.475405651 0.0
3.82641895 -4.158536295 0.0
1.914166467 -1.536269863 0.0
3.770908563 -4.334212936 0.0
2.120437252 -2.402086631 0.0
4.916733194 -3.537255178 0.0
8.673981249 -2.979019232 0.0
6.255370568 0.4531457971 0.0
2.056395849 2.233623236 0.0
5.947907477 -3.682057249 0.0
3.261031584 1.966920497 0.0
1.272260445 0.5976499651 0.0
1.421096447 0.9814025669 0.0
1.020034666 0.02289143936 0.0
1.180325805 0.9547512759 0.0
1.193188216 0.4578945461 0.0
1.078419919 0.101350538 0.0
2.891501475 -2.886846493 0.0
2.768524966 -1.33607118 0.0
-0.1472549501 -7.474722063 0.0
2.73705678 -3.215691724 0.0
2.209719782 -3.322484145 0.0
2.860256791 -0.3933865207 0.0
1.841951177 1.66007579 0.0
2.765314407 0.5187410103 0.0
6.39099496 11.57280969 0.0
23.11682493 -15.37124462 0.0
20.3464226 -11.64547957 0.0
11.58045187 -5.539652075 0.0
3.546289111 -2.043850578 0.0
2.871905048 -3.399010225 0.0
1.931155594 -3.247150916 0.0
1.012669678 -0.1109506565 0.0
0.01396803464 -1.939364778 0.0
0.9921468673 -0.1051493029 0.0
0.9928111976 -0.01097218247 0.0
1.001352627 0.002908179084 0.0
1.001663444 0.003264706897 0.0
1.002537496 0.00176494396 0.0
1.003741747 0.001617034319 0.0
1.001575028 -0.0001477274798 0.0
1.001056692 7.378046739e-05 0.0
1.002691777 -0.0004014848309 0.0
1.001620312 -0.000873307976 0.0
1.000461426 -0.0005444433347 0.0
1.000017609 -0.0001086861462 0.0
0.99996503 -2.156315334e-06 0.0
0.7819161206 0.5216274173 0.0
0.9998487677 0.000361031761 0.0
0.9970638653 1.114158895 0.0
0.9991859662 0.004352128837 0.0
1.001462406 0.006142567223 0.0
2.120543829 -1.645114588 0.0
1.009984734 -0.01608426192 0.0
1.038539158 -0.1071956953 0.0
1.994572288 -1.805699088 0.0
2.234051694 -0.9277687329 0.0
3.012624666 -0.08374120817 0.0
2.128406275 1.353400298 0.0
5.023327826 1.773316459 0.0
1.632574941 0.3850980121 0.0
1.004390082 0.04530600104 0.0
1.011095661 0.01953876194 0.0
2.540857996 -3.437685306 0.0
0.999890702 -0.0002872743841 0.0
1.000459739 0.002329955519 0.0
1.000233201 0.0001867821711 0.0
6.61722347 -2.020736815 0.0
3.347238332 -3.303885625 0.0
1.167805964 0.142642057 0.0
1.484707026 1.132267604 0.0
1.241196102 1.415666852 0.0
2.920468346 -3.129649608 0.0
2.722172004 -1.877959783 0.0
2.550833595 1.304486983 0.0
2.687984119 -3.272120915 0.0
0.9991439418 0.0006522207825 0.0
0.9998774079 -0.0002000263716 0.0
3.091057576 -3.169467374 0.0
3.482345492 -3.036878783 0.0
2.135045604 -3.384120862 0.0
2.546783414 0.4201095724 0.0
18.25709244 -9.577295599 0.0
1.0045272 0.004236391902 0.0
23.12164822 -16.39726068 0.0
4.040250646 -1.175512219 0.0
4.284775674 0.412787005 0.0
4.070124701 2.409530757 0.0
2.944856105 4.010190556 0.0
0.9999509906 -7.869502767e-05 0.0
0.9998976108 -0.0001428109458 0.0
0.9999025074 2.401355464e-05 0.0
0.5321844354 1.63591742 0.0
1.001157691 0.00101209346 0.0
1.005481174 0.002618656657 0.0
1.019991597 -0.001060084342 0.0
1.029032843 -0.01181768753 0.0
1.021364557 -0.0064941837 0.0
1.011567635 -0.006882863605 0.0
1.003680504 -0.003577316078 0.0
2.995084144 -0.6266208766 0.0
1.000151455 -0.0005609109288 0.0
0.9999505869 5.889465333e-05 0.0
0.8213426257 0.8914567529 0.0
1.000002345 -3.498233295e-05 0.0
0.9344517553 0.07207280678 0.0
1.000017505 8.964893668e-06 0.0
0.9998918223 0.0001974599051 0.0
1.000042261 0.0001917910772 0.0
1.000303537 0.001072673973 0.0
1.00023451 0.0003959385642 0.0
1.000182845 0.000354665368 0.0
1.00016299 0.0001729677699 0.0
1.003484052 0.0002487414501 0.0
1.000020912 -2.376717319e-06 0.0
1.000157072 0.0001153277059 0.0
1.000167187 6.853849093e-05 0.0
2.414501451 -3.370920555 0.0
3.73209286 -1.218332478 0.0
3.438334182 -2.446269081 0.0
8.214959732 -3.571787795 0.0
22.76860748 -14.09084357 0.0
1.00277903 0.002705625068 0.0
15.3431351 -5.489763602 0.0
23.49780843 -15.86264517 0.0
2.389888068 -3.726902635 0.0
3.584176947 -2.919831267 0.0
1.66809043 -3.970611457 0.0
21.78108334 -12.83190562 0.0
4.486082344 -1.673294649 0.0
4.772039208 0.08984524816 0.0
4.584574284 2.720581991 0.0
3.278979723 7.002984487 0.0
0.9999867375 0.0001477354521 0.0
2.265549161 -2.537674913 0.0
0.3405940037 -3.712364308 0.0
1.008528333 -0.01675120738 0.0
1.01878606 -0.04445335434 0.0
0.9999769549 2.242795259e-05 0.0
1.000000568 -5.446814334e-06 0.0
1.00007619 -1.653591631e-05 0.0
0.9999770465 -5.960985803e-05 0.0
0.999963093 -3.348017334e-05 0.0
0.9999967363 -4.245145838e-06 0.0
0.999974176 -6.979192509e-05 0.0
1.000000151 -1.235434716e-05 0.0
0.9999989749 -9.58448018e-06 0.0
1.000002102 -6.878970145e-06 0.0
1.000058745 -6.274973454e-05 0.0
1.000024457 -4.5946333e-05 0.0
1.000066454 -2.31080328e-05 0.0
1.000093287 -6.295868625e-05 0.0
1.000002068 8.423283453e-07 0.0
1.000006829 -2.286615732e-08 0.0
1.000027873 0.0001286669252 0.0
1.000006148 1.214239868e-06 0.0
1.000000901 1.618985173e-06 0.0
1.000000708 4.909145936e-07 0.0
1.000000181 1.884506401e-08 0.0
0.9999998343 -5.105488342e-08 0.0
1.012071073 -0.003972275901 0.0
2.055201128 -3.742868075 0.0
1.840724662 -3.829512321 0.0
1.866402824 -3.737866339 0.0
1.000001848 -2.335435649e-06 0.0
1.000000026 -4.285639435e-09 0.0
0.9999991947 2.282907238e-08 0.0
0.9999993217 -8.462641921e-08 0.0
1.000013362 -9.168289799e-07 0.0
0.9999999278 3.189660177e-09 0.0
1.000000045 -4.219094395e-07 0.0
1.000009478 0.0001597438787 0.0
2.707168461 2.974777855 0.0
2.610916753 -3.738690516 0.0
3.431606772 -2.080075194 0.0
20.01386827 -11.47900994 0.0
22.83747859 -17.78893822 0.0
22.26649915 -18.8930821 0.0
1.465848664 -0.5369884352 0.0
0.9999502353 0.0001067067493 0.0
1.000000076 2.728015033e-06 0.0
0.9999999855 -2.070328094e-08 0.0
0.9999999984 5.11633626e-09 0.0
0.9999999873 -5.102294631e-08 0.0
0.9999995968 -7.901612673e-07 0.0
0.9999943267 -3.920079555e-06 0.0
0.999991715 -4.177955764e-06 0.0
0.9999905372 -1.201323256e-06 0.0
0.9999936141 8.947949474e-07 0.0
0.9999968086 1.070442196e-06 0.0
0.9999949887 2.497586432e-06 0.0
0.9999963886 2.940139849e-06 0.0
0.9999820079 9.943520974e-06 0.0
0.9999981183 2.402309854e-06 0.0
0.9999990645 1.09143826e-06 0.0
0.9999982572 1.893740634e-06 0.0
1.000032312 -1.22579497e-05 0.0
0.9999996948 -2.259533687e-07 0.0
0.999999983 -1.878157875e-07 0.0
0.999999989 -2.528485668e-08 0.0
1.615809817 -4.009358864 0.0
1.161239436 -3.98929015 0.0
0.999999886 1.515230998e-08 0.0
0.9999999078 3.617784628e-08 0.0
0.9999998324 9.797163895e-08 0.0
0.9999997746 2.209550753e-07 0.0
0.9999999496 1.569038312e-07 0.0
0.9999998781 -4.226150348e-08 0.0
1.000000006 -3.717873872e-08 0.0
1.195309511 -3.884934719 0.0
1.147821682 -3.905327116 0.0
2.141305879 8.924639124 0.0
2.153805481 6.057451399 0.0
3.410077558 -0.07756551638 0.0
1.000000003 2.635152619e-09 0.0
0.9999999993 -5.271470415e-11 0.0
1 -5.810624066e-11 0.0
0.9999999989 5.14384835e-10 0.0
1.000001341 -5.549680394e-06 0.0
0.99999999 6.999569304e-09 0.0
0.9999999862 -1.306307361e-08 0.0
0.9999998661 -9.054750842e-08 0.0
1.424045621 -3.779947834 0.0
0.970604389 -3.848704839 0.0
0.4038369467 -3.934482588 0.0
0.3426529259 -4.003054631 0.0
-0.3139139336 -3.833683109 0.0
-1.333611297 0.9197847654 0.0
6.363194363 -9.493282466 0.0
17.99898973 -16.9500102 0.0
22.21707545 -17.49870228 0.0
23.03339235 -15.14579063 0.0
22.76616075 -13.71092031 0.0
14.99627546 -9.699945854 0.0
0.850356821 -2.20276785 0.0
0.2776326111 0.4374241568 0.0
-1.147172041 2.797322041 0.0
-0.3382911851 4.788404871 0.0
0.3715678639 8.4740903 0.0
0.9999991934 5.655777373e-09 0.0
1.000000002 -2.386348611e-09 0.0
0.9999999793 3.063479259e-08 0.0
0.9999999958 2.120417798e-08 0.0
1.00000607 -1.060290131e-05 0.0
0.9999999979 -1.291563039e-09 0.0
1 3.27803284e-11 0.0
0.9999998851 -1.246385999e-08 0.0
0.9999999998 -3.070521773e-11 0.0
0.9999999999 8.864056585e-12 0.0
0.999999199 1.38717726e-07 0.0
1 1.241947763e-12 0.0
0.9999999999 3.095267005e-10 0.0
1.000000002 2.021723312e-09 0.0
0.9999953879 -5.49398071e-06 0.0
1.000000001 -1.353614411e-10 0.0
-0.2122681462 -3.668098418 0.0
0.9999999775 -1.298657683e-08 0.0
0.9999999699 -1.450281825e-08 0.0
1.0000289 -0.0001812774484 0.0
0.9999998608 -1.276780938e-08 0.0
0.9999992003 6.686714505e-08 0.0
0.9999994463 1.823077089e-07 0.0
0.9999997891 1.260778512e-07 0.0
0.9999999796 2.068767209e-08 0.0
0.9999999921 9.515990087e-09 0.0
0.9999999973 3.044708096e-09 0.0
0.9999999936 7.914033898e-09 0.0
0.999973695 2.690213266e-05 0.0
0.9999999008 -1.224487151e-07 0.0
1 4.162610501e-09 0.0
1.000000001 5.674306636e-09 0.0
1.000000099 2.528691793e-06 0.0
0.8875493388 -4.011388291 0.0
0.9999592421 -2.534195947e-05 0.0
0.7103265055 -3.18812538 0.0
0.7126745877 -3.533485942 0.0
0.01188642792 -3.451494428 0.0
-0.09222663711 -3.241721452 0.0
-1.33754399 -0.7690830632 0.0
8.382844141 -7.970989299 0.0
-2.634416518 1.738827556 0.0
-2.960730431 3.233152357 0.0
-1.348611253 6.629226625 0.0
-0.6730784271 2.869051514 0.0
-2.35709339 0.5547649399 0.0
9.301298749 -12.5687315 0.0
17.66048282 -15.75041333 0.0
24.20203271 -14.54905515 0.0
21.94124091 -13.91694519 0.0
-1.141039063 -3.151279448 0.0
1 9.401130177e-15 0.0
1 -2.152804314e-13 0.0
1 -6.792315223e-14 0.0
1 1.251027003e-13 0.0
1 8.424857283e-13 0.0
1 3.038657022e-11 0.0
1.000001068 -5.876471494e-07 0.0
0.9999999999 1.10143845e-10 0.0
0.9999999999 -4.776532636e-12 0.0
0.9999999998 1.732268439e-09 0.0
1 -3.977410239e-14 0.0
1 -2.312830131e-12 0.0
0.9999999935 -4.600272531e-09 0.0
0.9999999999 -5.119598225e-11 0.0
0.9999999907 -1.593704792e-08 0.0
0.999999999 -4.223396096e-09 0.0
1.000000103 5.49410043e-07 0.0
1 1.363449562e-09 0.0
1 1.53646798e-10 0.0
0.9999999999 -4.713633498e-10 0.0
1 -2.358723045e-10 0.0
0.9999999891 3.636794147e-08 0.0
1 -1.545633825e-10 0.0
0.9999761626 3.197923504e-05 0.0
1 -8.637648307e-11 0.0
0.9999999993 4.180644524e-10 0.0
0.999999997 -1.816968594e-11 0.0
1.000000001 3.964824385e-10 0.0
1.000000001 5.458553475e-10 0.0
0.9999932733 -1.329904928e-05 0.0
0.9999999996 -5.846605983e-10 0.0
1 3.764063446e-10 0.0
1.000010463 7.151715222e-06 0.0
1 6.846642916e-11 0.0
2.750012456 -3.214187255 0.0
23.04781296 -14.37424775 0.0
19.14987276 -18.27760402 0.0
23.32616853 -16.90566487 0.0
15.34403243 -7.708054185 0.0
2.181455661 -3.767124245 0.0
1 -1.026880953e-13 0.0
-3.4068504 5.008844343 0.0
0.971958525 2.555454513 0.0
21.17313116 -14.35942166 0.0
-4.65202034 2.216999384 0.0
-5.256022643 3.304440963 0.0
6.833382174 -4.588098964 0.0
-0.9860876505 -3.504745748 0.0
1 -1.688431951e-14 0.0
1 1.396605656e-14 0.0
0.9999991551 5.522933026e-07 0.0
1 -3.886670215e-14 0.0
1 -7.865600054e-14 0.0
1 -2.067850429e-13 0.0
1 -3.535265409e-14 0.0
1 -2.167332934e-13 0.0
1 -3.685007131e-14 0.0
0.9999999997 -2.494358459e-10 0.0
1 2.193459485e-15 0.0
1 1.663418187e-14 0.0
0.9999994496 8.810830828e-08 0.0
0.9999999995 3.10589011e-10 0.0
1 -3.076518489e-15 0.0
1 -1.795077747e-15 0.0
1 -2.18984801e-10 0.0
1 -4.439316773e-13 0.0
1 2.426278821e-12 0.0
0.4861427553 -0.633794564 0.0
1 5.607615583e-11 0.0
1 -5.398624036e-12 0.0
1 -3.465838797e-10 0.0
1 -5.603116958e-12 0.0
1 -2.936068761e-10 0.0
1 -3.157115131e-10 0.0
1 -2.201591577e-11 0.0
1 -1.487767759e-10 0.0
0.999996917 1.04045889e-05 0.0
1 -1.040265146e-11 0.0
1 -4.154535638e-11 0.0
1 -1.058238534e-11 0.0
0.9999999973 6.445413816e-10 0.0
1 -2.746086753e-11 0.0
1 6.617359783e-10 0.0
1 4.25126376e-11 0.0
1.000000001 5.403154049e-10 0.0
1 6.045382129e-12 0.0
1 2.497808873e-10 0.0
1 1.371779817e-11 0.0
1 -3.096827336e-12 0.0
0.9999875297 -4.548590789e-05 0.0
1 -1.157188839e-11 0.0
1 3.440748173e-10 0.0
10.99604942 -12.12890397 0.0
13.08834358 -17.53838922 0.0
-0.8220322247 -3.426944591 0.0
-1.663995519 -3.257030043 0.0
-3.867669083 3.184476576 0.0
-0.1153835335 -2.941450591 0.0
-1.750732725 -3.953182159 0.0
-0.2743887813 -3.864286093 0.0
19.10507634 -15.96638987 0.0
18.43662616 -18.95271719 0.0
-0.4678400065 -3.863359026 0.0
0.9162413424 -4.360270674 0.0
-1.508860479 2.846445033 0.0
-2.198366209 4.034717673 0.0
-5.332493614 3.686473081 0.0
-6.419365301 3.995967761 0.0
-4.826695485 1.444554193 0.0
-5.992169446 3.326046244 0.0
-4.386373544 2.327725882 0.0
-3.831630692 4.305640421 0.0
-6.715195239 2.661428155 0.0
-8.424229946 4.907799685 0.0
-8.281077853 5.724772466 0.0
-4.910008041 7.805500485 0.0
-4.711158364 8.595393868 0.0
-3.179002426 11.87005686 0.0
23.71124713 -14.53552126 0.0
24.58531721 -14.25119897 0.0
16.26091377 -9.976135497 0.0
20.64061631 -6.266735248 0.0
15.64343932 -3.263427554 0.0
3.72716399 -5.567561631 0.0
-6.123808244 -0.3090137592 0.0
-7.150147204 2.720975615 0.0
-2.383215417 -0.8614594486 0.0
0.2856600861 0.5360938499 0.0
1 -3.522311831e-14 0.0
1 -1.000264912e-11 0.0
1 9.967372248e-14 0.0
1 2.942097909e-12 0.0
1 -1.396698199e-14 0.0
1 1.413592707e-13 0.0
1 1.613916964e-13 0.0
1 -1.249110678e-12 0.0
1 2.968849166e-11 0.0
1 9.757270217e-14 0.0
1 -3.989559711e-12 0.0
1 1.029039776e-12 0.0
1 -8.364679132e-14 0.0
1 -6.248250012e-14 0.0
1 -1.954197376e-11 0.0
1 -2.694471823e-14 0.0
1 -6.559387574e-12 0.0
1 -2.067552194e-12 0.0
1 -1.537210746e-12 0.0
1 -1.612188364e-14 0.0
1 2.879328349e-15 0.0
1 -4.638915685e-12 0.0
1 -1.299613005e-14 0.0
1 3.344554183e-17 0.0
1 6.007256202e-13 0.0
1 8.040524302e-17 0.0
1 2.537583691e-15 0.0
1 -1.522002382e-15 0.0
1 1.139041952e-14 0.0
1 -4.694982951e-15 0.0
1 -5.909489106e-15 0.0
1 2.254259468e-15 0.0
1 -2.218933044e-15 0.0
1.000000056 -4.897425675e-08 0.0
23.44544477 -12.70451274 0.0
19.94208157 -11.20552255 0.0
26.04898713 -12.81020572 0.0
-8.467180007 1.385722743 0.0
-6.719394164 -0.09423363407 0.0
-4.051207726 0.639567504 0.0
-5.28608327 1.661778291 0.0
12.44666564 -25.03123265 0.0
4.536465085 -8.070751544 0.0
1.281746599 -8.287678743 0.0
1.79669033 0.9321724723 0.0
0.6692978192 6.153406125 0.0
-1.12011118 1.846744582 0.0
0.9866481109 5.550975683 0.0
-2.741956115 1.245364097 0.0
0.1200914454 -0.4434259227 0.0
-2.060931936 -2.549162485 0.0
-5.20526883 -0.1919818502 0.0
-5.081829519 1.477668994 0.0
-4.049285703 6.83401808 0.0
-1.953166189 5.774615886 0.0
-4.818289545 8.705691831 0.0
-3.624821752 13.99284232 0.0
20.87633023 -14.80797245 0.0
23.98599273 -13.57419913 0.0
20.21165451 -14.10768666 0.0
24.01863935 -4.695839748 0.0
7.609255606 -2.392141286 0.0
2.54263975 -0.7731481377 0.0
8.696771251 2.57350736 0.0
-5.03458129 1.9875572 0.0
-7.079349614 0.580836995 0.0
-8.716286613 1.34754453 0.0
-1.535454607 -3.441712065 0.0
1 -7.566758917e-12 0.0
1 -1.247371774e-15 0.0
1 6.931885002e-17 0.0
1 -9.257752707e-16 0.0
1 3.069297491e-16 0.0
1 -1.537681769e-11 0.0
1 -1.310839209e-15 0.0
1 -2.673764738e-14 0.0
1 -2.907061467e-11 0.0
1 5.564958042e-18 0.0
1 -8.703714271e-13 0.0
1 -5.733734509e-14 0.0
1 -1.092338185e-14 0.0
1 4.172087379e-11 0.0
1 9.591573164e-13 0.0
1 3.731052264e-16 0.0
1 -5.024975963e-15 0.0
1 9.459889294e-13 0.0
1 2.833272494e-14 0.0
0.9999999998 -6.914378858e-10 0.0
1 8.544739482e-17 0.0
-2.982417107 -1.854506974 0.0
-1.462137666 -1.570163358 0.0
-5.430318686 3.543598728 0.0
-9.15960172 3.390068402 0.0
1 -3.92787907e-12 0.0
1 -1.227194937e-15 0.0
1 -3.74466672e-15 0.0
1 2.763068389e-17 0.0
1 2.181218763e-15 0.0
1 3.789973415e-13 0.0
1 5.647875787e-13 0.0
0.999999959 -2.111282573e-09 0.0
1 6.78308304e-17 0.0
1 8.742296355e-16 0.0
1 -5.680430121e-16 0.0
1 6.242622001e-13 0.0
1 -1.281798851e-14 0.0
1 -9.928797345e-16 0.0
1 -7.26430032e-16 0.0
1 8.951997204e-16 0.0
11.75666286 -28.40937131 0.0
-8.492955862 5.034457576 0.0
-7.510505593 0.2840164685 0.0
-8.605321282 -4.379119489 0.0
-0.8489306503 -2.228888145 0.0
-22.44233007 -0.5639714115 0.0
19.52951562 -20.38976554 0.0
20.7826781 -9.949259272 0.0
27.0032711 -11.00122289 0.0
-14.38289135 4.790376168 0.0
14.15402608 -7.858269807 0.0
-17.17979387 -3.652457222 0.0
21.19500906 -2.536299973 0.0
-21.7887957 -0.1456247553 0.0
-14.53352537 -2.395118873 0.0
-21.87009042 0.09666871228 0.0
-14.67335638 -1.305554992 0.0
8.218380057 -23.91694549 0.0
-0.2678390973 -17.89526366 0.0
-0.7542243932 -3.316128557 0.0
-2.5852503 -17.11425531 0.0
0.3735911032 -19.97237887 0.0
0.3009711107 -13.56369526 0.0
2.105503566 -21.49236823 0.0
1.138642381 -6.930602487 0.0
4.362093506 -9.959885121 0.0
-0.03759102089 -23.41675673 0.0
-2.978860517 -9.581532572 0.0
2.188658537 -5.652273885 0.0
0.1119417158 -23.22929745 0.0
-5.071756411 -10.41376239 0.0
0.3319462169 -6.073174074 0.0
5.47419754 -9.891514029 0.0
1 1.731275496e-16 0.0
1 6.868328044e-16 0.0
1 1.384989688e-15 0.0
1 1.469968009e-15 0.0
1 -3.390221104e-16 0.0
1 -3.250334874e-16 0.0
1 9.893145604e-16 0.0
1 1.903321197e-15 0.0
1 1.014876294e-15 0.0
1 1.632607791e-17 0.0
1 -2.315316366e-16 0.0
1 -2.380304187e-16 0.0
1 -1.870517041e-15 0.0
1 -4.690477136e-16 0.0
-8.31285177 -4.73447471 0.0
-16.79765096 -3.337161354 0.0
9.88338054 -19.61381322 0.0
19.53735081 -10.15526544 0.0
-16.99060941 3.697664574 0.0
-21.70500016 0.03762671363 0.0
-14.14798774 2.289292182 0.0
6.856057179 -12.51597352 0.0
1 9.531824455e-17 0.0
1 -7.386121095e-17 0.0
1 -2.50433536e-17 0.0
1 -9.637268164e-16 0.0
-5.775232124 0.0625427411 0.0
-13.80091492 -2.153536845 0.0
9.202641382 -11.23856334 0.0
-21.24725427 0.7291185784 0.0
-22.71387957 4.669514349 0.0
1 -1.502302322e-15 0.0
1 -5.961100219e-16 0.0
-0.02528064746 -3.57939324 0.0
-1.292379599 -0.7941578809 0.0
</DataArray>
<DataArray type="Float64" Name="pressure" format="ascii">
3191.03806
4193.288769
10127.46296
3888.230223
9784.101142
8070.23887
4430.866693
7934.175463
2120.630467
3095.119912
2803.622296
7564.806187
2092.203189
2109.012331
10205.36948
6921.939978
9566.696878
8068.876522
3794.682447
9160.68758
5675.259353
3100.913462
10314.34462
9985.362564
5129.346644
2342.588338
7962.197828
7292.128559
2441.0864
2949.851449
3364.628643
7963.603634
2438.087896
1518.188454
2957.612476
2680.596725
2382.966087
1567.919647
3758.391738
5850.444897
8186.456742
9568.982229
8390.362881
3982.213083
2322.874941
3192.213124
4291.500032
10558.57121
8730.955061
5549.113031
5815.947635
3749.026173
3156.366234
3716.634809
1448.970022
1353.324735
10242.19635
2423.622123
3063.10084
3538.982681
6782.213874
2804.10979
9172.769084
8558.209053
2496.298728
3193.583777
2815.97257
2776.787414
4587.730146
5853.100372
2343.954189
2776.516684
3031.669001
1363.377236
1709.399049
3368.76585
3391.564672
1885.257008
3978.114115
7777.93574
11380.32635
10799.28159
9536.464805
3098.717079
6271.414668
6993.15557
9127.017234
3546.4072
3046.17121
3160.446175
2643.745123
2871.812522
3126.402959
3447.19215
3055.46852
8047.035213
5270.220118
4030.209794
3943.538574
3155.219469
2468.687242
10829.89888
6337.470761
3598.799725
2677.209469
4147.448019
2976.334248
2909.335029
3103.711254
1230.7078
1827.197827
3440.593795
1441.08829
3812.038129
4534.466593
3127.225744
3161.499794
6977.693196
6696.753874
2857.195831
2361.136029
3394.36612
3161.481927
8170.187382
2601.470301
4208.514074
1180.622078
1942.069785
3858.549392
3516.271915
1487.887868
2233.692389
3413.713366
3400.162868
3699.586181
3429.65243
3423.710298
3703.255618
8283.379175
3621.418678
4927.354497
3346.096939
7656.259542
8795.065078
3224.242951
3400.392102
3093.696513
3208.460413
3660.859943
3440.798128
2549.418083
4898.954281
6260.53018
7953.155027
3284.812543
3714.886769
3037.353448
2735.318286
2529.255564
2996.973493
1645.431259
1982.633614
3840.519217
3376.416696
1857.688851
2374.287208
2788.780631
3203.326219
6381.058794
3764.55767
3486.788612
3291.778625
7183.45479
3515.223259
3899.814952
4775.468997
6585.840049
7924.41
3375.243102
3051.687188
3629.438504
4143.246823
4405.810132
3424.438756
2663.963575
3964.079251
2835.868504
2334.06089
2146.830965
3785.971347
3210.225003
2402.793806
3494.638534
3772.247512
4708.077969
3332.597432
3574.870989
6385.471137
7350.065442
4298.270198
2896.279164
4398.230255
2359.876524
4462.073968
3424.019038
3629.108415
3842.832878
3437.722698
3900.25495
3762.055106
3593.865703
3271.134559
3429.27394
3040.795127
2207.558318
4052.542189
6870.119777
3135.614717
3510.917478
2822.176752
3506.405108
3790.513377
3894.315835
2699.300283
3616.27014
2987.991811
3630.415296
3880.163167
1562.686878
2860.984366
2757.754404
4833.179941
7887.951117
3202.412899
3703.066508
3703.045495
3477.07243
3549.750487
5452.508977
5362.722344
4504.160964
3888.673162
3478.157274
3022.791228
3037.793105
2137.441283
3735.607167
2854.809289
3474.903793
3057.449643
3480.629457
579.9867211
2905.729298
10499.80342
3011.830503
3003.742925
3335.750194
3787.179385
2979.212958
73.28856554
70.16092297
62.12940972
76.02870981
65.68718971
40.79509949
81.17150316
70.77437407
73.49509534
75.54550228
53.16953711
58.79838134
48.75185523
61.32297179
101.8071125
36.97361964
73.5088751
55.48368008
73.82565144
64.36795967
61.85672283
70.23827972
112.0815092
90.85111119
96.58217533
70.8862254
68.44438873
60.95072233
106.936005
76.17345194
57.56080303
75.33479285
92.64552932
63.00006489
61.47390916
62.15076759
137.2176879
71.29540621
74.82860883
58.92489195
58.08712409
71.45968201
71.52008591
71.5785876
76.23241534
71.20122324
76.89800367
87.90855643
34.94388179
71.42835246
56.55009914
34.09595474
34.66860279
74.76587773
56.88977053
33.62800554
50.18106419
71.42857153
41.867007
71.42857144
71.42857145
67.63162634
71.42857143
71.42857162
75.70086205
75.04311563
20.39537419
154.6080647
20.5644111
43.81171042
311.0324563
50.73349477
55.37893745
33.61216996
34.44922762
60.4158066
53.3154868
42.74963488
164.7205359
36.02577392
21.40712248
21.57071604
20.45371941
71.42857143
71.42857143
71.42857143
71.42857143
71.42857143
71.42857143
71.42857147
71.42857143
68.7949817
73.40261146
71.42857143
71.42857143
71.42857143
71.42857143
71.42857143
71.42857143
71.42857143
71.42857143
71.42857143
71.42857143
71.42857143
71.42857143
71.42857143
71.42857143
71.42857144
87.93953496
84.4562932
68.56725266
63.79379938
63.16930517
77.91528239
83.35149995
73.7743826
77.01683007
72.17260369
99.905656
109.0852981
110.8893985
120.5078938
42.18743924
38.8515145
50.5418175
51.80053483
55.08937056
37.79503907
72.29551777
58.747019
73.07068599
106.3285178
90.85254731
94.67818686
105.0714613
99.75580585
80.92588751
80.12118353
74.30751615
37.20062513
39.54894415
31.88999498
66.24412929
58.06732106
88.01543037
81.78786229
75.11090911
79.89756519
62.67013772
45.37606716
62.74435211
64.11269278
60.29589072
62.78281439
65.31854401
70.69694003
75.51886348
63.3076141
75.95527051
73.30551717
63.14879739
69.82783881
124.3725655
52.23294131
69.5927614
85.22381077
68.4819898
57.46437754
53.62727804
44.49071055
93.09794508
46.26857275
51.39250361
41.16580307
27.25906353
64.11372952
66.75451298
49.22938616
76.07402933
123.299922
90.05877672
60.52321512
71.30293977
68.45455031
64.73343916
82.98375665
81.97574316
75.32662281
57.38463736
77.52768287
49.69274584
83.31366297
91.89783778
115.1666074
104.2122025
91.04642541
100.7958562
73.96012247
98.82563098
72.34173232
28.80744568
23.73565119
82.74246937
110.1762296
88.98346343
79.63924475
63.6579095
76.36369637
92.66304487
104.842223
62.44938476
72.82152145
67.34576376
70.75793601
68.98091976
64.6932369
65.37414437
63.99029163
92.16525553
61.47359749
57.47814282
57.12555226
70.9339237
83.20723582
62.65498752
55.22019005
40.86074941
78.32132653
72.00327607
59.36670691
53.01092875
58.4986199
53.58859709
46.67938886
40.79257178
70.802593
113.3555028
99.92884004
93.72425775
89.16491042
73.13929727
84.63441871
92.31284765
69.05105963
86.91529186
110.139905
127.1664664
124.2080157
114.4425357
118.319159
113.6860804
83.93151688
83.55169685
46.55660325
48.39878487
40.86297872
41.31444996
52.87585108
96.17042799
104.4475896
123.4135858
64.51617642
121.4271509
127.3719675
98.38920217
61.29369238
76.1636223
75.24924979
83.87604082
83.76153865
47.69085958
49.80673085
84.06046679
122.7464352
97.58444527
60.36576422
73.03996997
74.98392782
60.51674469
59.36386749
56.97687634
59.10753879
123.7410275
70.19316548
68.84999258
77.88988672
81.72452371
64.70473571
91.86725162
84.19314185
84.1976711
80.67954917
85.84654437
79.08344488
78.69582542
79.98541336
81.19256486
91.18195055
86.36156927
129.2925589
109.7270966
92.24211241
95.42447877
124.4634412
107.2865529
68.32302717
71.87836772
63.51926754
79.13065394
102.1229688
112.0958137
134.9768389
150.1386219
127.6133891
147.0843854
140.45294
145.5187158
139.9699819
149.2994905
136.9232233
121.3036797
98.95677245
130.7138105
137.0234054
140.5140191
137.1585939
72.03728158
76.41469582
63.19854167
68.17753889
79.03932156
53.21349424
108.8490845
50.87419186
81.7517638
118.9958714
62.45826399
86.32333492
68.93773426
63.87028645
60.79477389
76.91168542
73.5845613
73.72111048
58.08783607
57.53762376
63.1895102
49.22222016
68.70155282
67.65012789
101.0856026
122.8901366
72.45071195
71.58196608
72.65098019
75.56123835
73.99661146
71.78095628
71.99758937
73.23284822
123.2213582
112.9432378
105.6471238
90.12673861
150.6998752
128.3332976
136.3918244
128.4526428
69.92344283
113.4610731
71.87693709
98.08394313
87.17120923
121.1528592
125.5002952
104.4794348
88.01246784
79.98335343
75.93675851
71.41674956
72.98423607
75.99358129
69.43163175
60.19973294
94.01105556
108.8981828
62.06488254
57.69009677
57.05286531
58.45761925
63.7973435
69.38308108
68.64100111
71.30219189
112.937149
71.2895627
71.27963894
71.28313798
104.0159977
71.44621338
71.46409305
71.75421372
71.39303535
71.37490435
124.1518844
71.69666319
78.65830801
71.50900579
89.6286299
152.4434546
111.2395956
150.0334211
143.7794214
143.5114817
91.44628084
130.0836906
101.4108998
130.1414595
136.502465
127.9001012
96.3590499
90.99943752
102.5684184
77.76055944
83.50230763
71.72342794
81.21381197
76.21541996
72.62727349
64.32875618
58.02739356
162.2893604
66.10651054
72.69880859
56.18315255
58.61587701
57.1208187
83.28245387
82.07457287
108.2665238
105.4084398
55.51076388
80.4759361
80.84910725
72.42313684
94.28961988
72.36381202
71.54908831
71.39550289
71.39123911
71.39751572
71.38780789
71.41455647
71.41863114
71.40162693
71.41036874
71.42101137
71.42767293
71.42876439
77.06930732
71.43242289
82.62992907
71.46258638
71.49820901
92.9979392
71.6167713
72.48554606
98.39805191
87.08886748
92.50700129
90.23515145
118.552016
78.68474019
72.06094917
71.69130036
73.00246794
71.4279353
71.45267323
71.43269072
140.2262917
118.6198189
73.65155252
67.76010192
62.6946498
66.09605954
60.05282669
94.06382391
68.56202727
71.43138814
71.43048481
57.20942656
52.80973823
67.65880785
87.98024314
115.4264577
71.37723458
79.28498123
53.65251311
52.71157494
52.20260735
55.09228949
71.42713047
71.42648203
71.4276124
78.41776041
71.44313876
71.4847969
71.60113832
71.71853482
71.64209822
71.56058853
71.47822785
93.93636433
71.43358617
71.42790898
80.54975223
71.42820741
72.2570875
71.42836769
71.42730772
71.42783453
71.41746311
71.4245499
71.42504901
71.42647679
71.39468347
71.42839732
71.4267412
71.42693838
64.74472383
116.7870591
95.40633651
103.1978614
108.3022216
71.39057673
105.8808255
106.4231918
59.26329629
47.00767822
58.72454002
129.5640935
45.19975662
41.23334356
39.12258916
39.61291574
71.42705758
102.7274726
115.6909033
71.62790419
71.86753972
71.42824348
71.4285797
71.42944549
71.42791963
71.42810677
71.42854667
71.42752762
71.42847404
71.42850183
71.4285024
71.42774927
71.42806274
71.42788665
71.42741964
71.428554
71.42849445
71.42726213
71.42854352
71.42854998
71.42856216
71.42856858
71.42857212
71.30426275
63.50811821
71.83535413
66.74337546
71.42854348
71.42857142
71.42857913
71.42857781
71.42844491
71.42857215
71.4285671
71.42700432
30.52230865
52.46498117
38.68876647
155.8077961
67.10343708
49.73610361
78.48814738
71.42741397
71.4285494
71.42857101
71.42857122
71.42857071
71.42856175
71.42850438
71.42848313
71.42849974
71.42852329
71.4285408
71.42851687
71.42852614
71.42835704
71.42854337
71.42855844
71.42854451
71.42891112
71.428569
71.42856815
71.42857104
53.94591833
56.34765964
71.42857258
71.4285724
71.42857325
71.4285744
71.42857291
71.4285728
71.42857167
69.5856687
67.53321617
27.38240618
29.8895851
33.11009038
71.42857142
71.42857145
71.42857144
71.42857144
71.42851456
71.42857156
71.42857162
71.42857311
62.91619206
60.0971634
55.22717637
50.0491425
51.70294487
37.78207141
40.09636089
39.61838573
86.85179628
167.1709714
190.5007552
117.9476391
38.35732549
30.13331385
29.6917255
33.26164131
30.28736359
71.42857912
71.42857141
71.4285718
71.42857166
71.42838092
71.42857144
71.42857143
71.42857263
71.42857143
71.42857143
71.42857941
71.42857143
71.42857147
71.42857147
71.42852715
71.42857145
80.28038539
71.42857117
71.42857098
71.42825313
71.42856783
71.42856308
71.42856536
71.42856895
71.42857114
71.4285713
71.42857138
71.42857133
71.42817805
71.42857299
71.42857138
71.42857137
71.42855038
70.08734208
71.42809222
68.01200829
63.47103587
59.14315625
45.14321774
39.42353476
44.8013355
34.43478244
38.23000425
46.65247989
30.16145554
26.39542454
29.08660326
50.36059453
230.3322283
133.1956819
50.75774688
71.42857143
71.42857143
71.42857143
71.42857143
71.42857143
71.42857143
71.42856048
71.42857143
71.42857143
71.42857144
71.42857143
71.42857143
71.42857149
71.42857143
71.42857161
71.42857148
71.4285659
71.42857144
71.42857143
71.42857144
71.42857143
71.42857105
71.42857143
71.4281551
71.42857143
71.42857142
71.4285714
71.42857144
71.42857144
71.42846177
71.42857143
71.42857143
71.42852788
71.42857143
60.78372578
153.7208702
36.49657099
104.5222543
125.6929929
46.58349357
71.42857143
59.22165366
26.42733416
158.9360573
22.32451314
39.23569662
109.1026702
64.53262996
71.42857143
71.42857143
71.42858106
71.42857143
71.42857143
71.42857143
71.42857143
71.42857143
71.42857143
71.42857143
71.42857143
71.42857143
71.42857682
71.42857143
71.42857143
71.42857143
71.42857143
71.42857143
71.42857143
79.96141297
71.42857143
71.42857143
71.42857143
71.42857143
71.42857143
71.42857143
71.42857143
71.42857143
71.42846546
71.42857143
71.42857143
71.42857143
71.4285714
71.42857143
71.42857144
71.42857143
71.42857144
71.42857143
71.42857143
71.42857143
71.42857143
71.42784759
71.42857143
71.42857143
56.42551735
42.29982877
56.9797196
57.19461835
35.06972038
60.55218149
58.97620837
60.47695519
123.403333
90.90579575
51.13736145
48.36765493
39.91012013
39.06685041
34.41457388
37.27722807
44.81991941
43.00474302
47.38481673
38.93976413
23.64547774
21.69305211
29.54376445
35.6812769
40.0123293
42.44212897
206.1934168
253.5260695
102.4940947
76.32079081
50.22045242
19.93369656
20.55026428
19.79214246
22.92602165
33.18897242
71.42857143
71.42857143
71.42857143
71.42857143
71.42857143
71.42857143
71.42857143
71.42857143
71.42857143
71.42857143
71.42857143
71.42857143
71.42857143
71.42857143
71.42857143
71.42857143
71.42857143
71.42857143
71.42857143
71.42857143
71.42857143
71.42857143
71.42857143
71.42857143
71.42857143
71.42857143
71.42857143
71.42857143
71.42857143
71.42857143
71.42857143
71.42857143
71.42857143
71.42857071
211.6086674
141.9097591
317.279513
19.06483906
16.03774914
27.97667625
42.99376484
60.90939012
88.36766306
107.3256632
21.09610727
53.34602332
24.0041136
56.01692997
33.16216084
36.7184465
77.83887489
42.57643518
25.06297797
53.02516206
27.99952145
34.96773071
21.72177491
261.7022877
341.8696116
390.6017141
23.64712003
31.33022126
17.25181487
27.53017006
17.90222002
23.75718494
22.07075673
22.24874072
71.42857143
71.42857143
71.42857143
71.42857143
71.42857143
71.42857143
71.42857143
71.42857143
71.42857143
71.42857143
71.42857143
71.42857143
71.42857143
71.42857143
71.42857143
71.42857143
71.42857143
71.42857143
71.42857143
71.42857143
71.42857143
57.12929933
14.93984866
18.44096066
15.48210419
71.42857143
71.42857143
71.42857143
71.42857143
71.42857143
71.42857143
71.42857143
71.42857186
71.42857143
71.42857143
71.42857143
71.42857143
71.42857143
71.42857143
71.42857143
71.42857143
195.7202329
536.8411837
626.9721445
566.4452774
22.37263297
651.3612284
101.2503232
665.2662057
287.7941178
785.8954077
188.5762236
675.6266615
4.791678659
667.0999276
699.4929496
632.5227927
54.67498491
338.384617
840.1275835
48.23126385
532.6227195
703.1538585
750.0574742
665.6063206
660.5362399
592.380703
503.1218928
629.8105897
775.8657509
522.2560901
598.8122557
737.5440456
583.1840387
71.42857143
71.42857143
71.42857143
71.42857143
71.42857143
71.42857143
71.42857143
71.42857143
71.42857143
71.42857143
71.42857143
71.42857143
71.42857143
71.42857143
1687.720128
764.232184
1212.553014
231.5576525
673.2794975
678.2660532
639.3572377
557.3774594
71.42857143
71.42857143
71.42857143
71.42857143
24.46802672
50.98043288
1995.740729
770.2279157
410.987429
71.42857143
71.42857143
32.07623975
53.58254422
</DataArray>
<DataArray type="Float64" Name="mach" format="ascii">
2.605667689
1.996235388
1.215261721
2.257823072
1.16287328
1.450472795
1.848574091
1.357269219
2.705194822
2.704753639
2.37760718
1.443750161
2.805763433
3.174340546
1.264522888
1.372991652
1.272317511
1.496130145
2.336131779
1.152999333
1.805906307
2.666503756
1.272739266
1.261935814
1.95890238
2.690533645
1.504520268
1.455582471
2.563044109
2.70642414
2.269973791
1.364460219
2.649651673
3.615341209
2.786855939
2.908335251
2.998887049
4.007704293
2.203644679
1.555776795
1.201648241
1.195904606
1.363776831
2.354261062
2.948850675
2.600858731
2.185370462
1.276368642
1.377089912
1.817939335
1.832818917
2.432291269
2.651710811
2.219292901
3.462795319
4.017033242
1.284593565
2.826430042
2.567373327
2.385826501
1.325786287
2.730305959
1.156775241
1.296633132
2.780086571
2.620665839
2.715974619
2.593182883
1.882392648
1.794103048
2.914093504
2.69518031
2.556549087
3.39494555
3.412055866
2.443611854
2.459527982
3.228550913
2.170259848
1.517807496
1.281460501
1.303577591
1.409172554
2.689931739
1.70700925
1.568098202
1.398472808
2.683986404
2.824100405
2.772977405
2.779237708
2.723353666
2.796003193
2.575074383
2.685159881
1.206686178
1.654006019
2.147032751
2.441908355
2.781412148
2.794971731
1.311423955
1.782666583
2.551836975
2.729992561
2.110329757
2.742176249
2.999206842
2.59730818
3.527744836
3.359856673
2.449978819
3.571844336
2.325030397
2.076803018
2.804606245
2.810981709
1.442537507
1.412403439
2.776013946
3.141798566
2.609473176
2.683337253
1.170122241
2.769315444
2.05613532
3.61301137
3.337017334
2.237455546
2.443748376
3.445290397
3.200143322
2.588123282
2.781231419
2.475907594
2.747822348
2.464832877
2.537231042
1.164462797
2.549678892
1.820111973
2.634599402
1.243885368
1.165828792
2.813268666
2.752264607
2.673400249
2.657568491
2.355213526
2.720726409
2.783388338
2.084974075
1.439607523
1.089477057
2.465566264
2.539950204
2.672695636
2.739220915
2.839573596
2.785931947
3.375926349
3.438218091
2.182745229
2.504813611
3.300637994
3.102870327
2.976391832
2.659379362
1.086955447
2.528293854
2.61382317
2.812022764
1.20590289
2.643185846
2.290199902
1.939550721
1.453151129
1.126772155
2.754005681
2.487471106
2.552814314
2.022162058
1.916716837
2.631920484
2.713698824
1.953326243
2.922017762
3.17243055
3.39222932
2.06309163
2.585760784
3.099152056
2.663674596
2.433490398
1.986653641
2.79157304
2.105278415
1.403868925
1.196850014
1.898582712
2.415282173
1.793379189
3.183918561
1.942795471
2.734915895
2.595916645
2.453934358
2.599270075
2.332397662
2.481266711
2.610296983
2.780991515
2.752016315
2.875049875
3.175769982
1.606684065
1.361458645
2.524384535
1.878776128
3.113351264
1.676854223
2.404149959
2.209228424
2.651834459
1.631035438
1.964908456
2.440525524
2.208471085
3.567108971
2.31309192
2.448005225
2.037839782
0.8263791968
1.584490685
2.22703375
2.602986895
2.502156702
2.711373013
1.965005154
1.882256391
1.755484271
2.178472421
2.684738539
2.293725658
2.191116025
2.695955899
2.586687593
2.010590948
1.690587945
2.224880692
2.743919213
4.558403088
2.946228722
1.28111588
2.669444022
2.197022228
2.810402951
2.549068445
3.055926155
0.08014487425
0.6781759813
0.2878995955
0.2893849601
0.7594741976
1.646091747
0.4280553109
0.1443051944
0.1816719746
2.372010686
1.342497326
0.3671065221
0.9049172347
0.2437943832
0.5184751443
3.161157011
0.4443626366
0.4638040125
0.5062678895
0.1748547342
0.01939472835
0.7190859069
0.2925438029
0.1534058003
0.3505780363
0.7237152034
0.2617590265
0.1752483407
0.6045669739
0.4659637931
0.05150219251
0.6189403362
0.2453901975
0.3698053672
0.4289611451
0.3676613994
0.9205446017
0.4301134485
0.4008209188
0.2467798735
0.4210851029
0.0998029517
0.09975328959
0.1001708628
0.3573104744
0.4118217175
3.19215055
0.350491722
3.246641113
0.09999941707
0.4802798864
0.8830852893
3.19052249
0.4545737379
0.3447460169
4.231050055
0.4652165742
0.09999999896
0.4161892137
0.09999999989
0.1000000001
0.4867225115
0.09999999999
0.09999999779
1.001323943
0.252087959
0.3874449667
2.417464585
1.248559852
0.6954015243
3.098380825
0.4165733586
0.4443557918
0.6745374203
0.824271137
0.9823094701
0.2395699451
0.6647682966
2.734646711
1.488249442
0.8960009434
0.7185048977
0.3406694285
0.1
0.1
0.1
0.1
0.1
0.1
0.09999999992
0.1
0.9331148356
1.30560674
0.1
0.1
0.1
0.1
0.1
0.1
0.1
0.1
0.1
0.1
0.1
0.1
0.1
0.1
0.09999999987
5.661241228
0.3039996653
0.2153629579
0.1916725393
0.1559096021
0.531557058
0.3584872379
0.3845292401
0.4887494122
0.2388240875
0.6315888841
0.6541286866
1.207000632
1.65692523
3.08568308
2.577252139
1.642452865
2.327155277
1.726997725
0.3837329992
0.1359385635
0.3783237824
2.006660236
1.486986031
0.4349400468
0.4686699539
0.5436266376
0.8613949185
0.4404826978
0.422335452
0.3846113314
3.163746491
3.524478874
2.014573496
0.640671153
0.4465099534
0.3911379341
0.4105875154
0.3397619488
0.2293641937
1.782776232
1.426023329
0.1562489527
0.1550064066
0.2299947651
0.3649017241
0.2258645883
0.1095332868
0.09256260023
0.1963962285
0.7103287965
0.5313875152
0.313825677
0.4476668614
0.7354408893
2.337301983
2.336670431
0.3097087979
0.1810484993
0.1413187823
0.1337396859
0.5452855016
1.33625287
0.07862123811
0.7791364615
0.8472993454
0.4934303577
0.2388671124
1.290719836
2.278892199
0.308771869
0.9844086287
1.08006402
1.716320478
0.1616481598
1.157335686
0.1930534685
0.02024403268
0.02663745295
0.1034260559
0.4927126203
0.02464200631
0.6893335422
2.126071317
1.426670791
1.299469203
0.932285006
0.6339475934
0.3991816255
0.4743402281
0.3161243289
0.8011128861
1.788626594
0.08554916222
0.1969653183
0.3627574005
0.2573097105
0.3640747801
0.3742225493
0.5644067779
0.3609350624
0.3494054236
0.3033140936
0.6870237657
0.4180315358
0.4688211232
0.3738416804
0.287102721
0.3583638616
0.212444938
0.3064487662
0.1285222434
0.1224866982
0.08505116356
0.4241724911
0.4111575221
0.1129829487
0.2353297168
0.2210635696
2.563003036
1.925359799
2.316941096
0.4146303229
0.399281083
0.8341591074
2.335784959
3.734726804
0.07719921144
1.039356142
0.559294902
0.09567584558
0.09225414939
0.08191458966
0.03926093295
0.09051123103
0.08456430833
0.3407622218
0.7350704006
0.8058614423
1.090132041
0.5850028489
0.8117354573
0.4586309312
0.1897114942
0.7902550166
1.324271257
0.2428948044
0.303851456
0.7920304327
0.2449909333
0.2231319751
0.3528603204
0.4562674863
0.1421103191
0.506029951
0.7234443596
0.449619663
1.773387346
0.5690917485
0.4993920556
0.1207790462
0.1510837127
0.2684076284
0.3793864999
1.71030211
0.587132365
0.2312345525
2.38151627
0.5321066161
0.4877999497
0.20110247
0.1133269418
0.08426192717
0.06612872188
0.5944836238
0.1212452626
0.1619852947
2.659379111
2.574230596
0.9931320019
0.08194909261
0.04083871072
0.04421781129
0.02172609879
0.02906528588
0.02052894624
0.03248059702
0.01950988751
0.02141629142
0.07203815163
0.04883153499
0.5623274026
0.2987470483
0.1135828686
0.1558747445
0.4480078533
0.3037347103
0.3163225407
0.2534812449
0.8573647092
0.9284506523
0.6778861187
0.4085573736
0.4504589427
0.5446777726
0.4656371133
0.584136623
0.638711701
0.7543660635
0.8130851464
0.6028717097
0.4552599564
0.3151863783
0.1624259091
0.513631342
0.6298291296
0.626010194
0.5743850058
0.4488492844
0.6207049846
0.3612303929
0.4225599361
0.7496492042
0.1095689953
0.7719037997
3.167473242
0.07225729422
0.4277156015
0.4055795242
0.1866969102
0.05041966795
0.4265531998
0.2608689617
1.492598519
0.4328333035
0.6481862402
0.1316826947
0.05873308355
0.07596650593
0.6718590249
0.1329655158
0.1659362072
0.3522274502
1.124053198
0.09163308234
0.09960789005
0.0880215777
0.06904233067
0.07794488915
0.09646628045
0.09440453529
0.08286214919
0.4132428762
0.4091527078
0.2452626639
0.1246991653
0.67827468
0.4996958383
0.4872747057
0.6427706432
1.074782619
0.7182859243
0.6595864632
0.3811605398
0.2083796659
0.3842611836
0.4484845964
0.3513106843
0.09345282753
0.01127128364
0.06363131234
0.09999241081
0.4439303296
0.4350068356
0.4311376805
0.3925783105
1.866639278
0.5161396358
0.2805161773
0.179505829
0.127436471
0.1044920453
0.1283272506
0.1635960418
0.1498112543
0.1012346957
0.3343374804
0.1014430841
0.101482717
0.1014702325
0.2488603033
0.09980660619
0.09959120571
0.09826308632
0.1004403236
0.1005092076
0.341484344
0.0959727541
0.08804606132
0.09988066254
0.1134301139
0.5387381949
0.361891067
0.6099423731
0.5465526171
0.5109425372
0.2361209686
0.5219348355
0.3030158958
0.5488413116
0.8452904595
0.573795052
0.2903621603
0.6597654761
0.3605100661
0.1388159643
0.1689167476
0.1019725673
0.1484960424
0.1263937184
0.1080481519
0.4135628763
0.3147245475
0.6507509492
0.4254860969
0.397347814
0.2976268073
0.2613488628
0.2929322975
1.165700269
3.371129263
2.365929516
1.152493731
0.4326557521
0.4331850447
0.3712249491
0.1016522458
0.1845175042
0.09955620457
0.09926255167
0.1001422898
0.1001743441
0.1002601302
0.1003824842
0.1001603112
0.100107661
0.1002745862
0.100165715
0.1000476687
0.1000019362
0.0999964488
0.09287221471
0.09998408267
0.1460483282
0.09991263447
0.1001339197
0.2575111734
0.100973626
0.1041746653
0.2580574965
0.2336398128
0.2886747718
0.2435146661
0.4923960822
0.1651738021
0.1004261855
0.1010764294
0.4255707053
0.09998917269
0.1000412417
0.1000224476
0.6182749762
0.4332141796
0.1171048171
0.1869114976
0.1913143357
0.4317733064
0.3373394662
0.2739187217
0.4249397647
0.09991383382
0.09998733627
0.4622790395
0.5062196719
0.400373294
0.2493027015
1.957887153
0.1004638788
3.597659573
0.4599124514
0.4886056365
0.5562745424
0.5861201939
0.09999538597
0.09999017904
0.09999043443
0.1694107365
0.1001128378
0.1005367186
0.1019668208
0.1028554471
0.1020951935
0.1011307075
0.1003581775
0.2905624369
0.1000141161
0.09999517819
0.1189044498
0.1000003067
0.09356226558
0.100001776
0.09998937998
0.1000043179
0.1000326199
0.100024263
0.1000189955
0.10001672
0.100355206
0.1000021264
0.1000160743
0.1000170459
0.4181926404
0.3602883258
0.3911924751
0.8074960399
3.019688613
0.1002858846
1.50210193
3.421704562
0.4566719079
0.5433078496
0.4465399736
2.662634723
0.5826765407
0.6091842284
0.703785091
1.042912131
0.09999897661
0.3195575466
0.3392870075
0.1008254929
0.101890639
0.09999776052
0.1000000451
0.1000074392
0.09999783033
0.09999640205
0.09999967867
0.09999762551
0.1000000345
0.0999999114
0.100000224
0.1000060392
0.1000025474
0.1000067825
0.1000095594
0.1000002105
0.1000006986
0.1000030499
0.1000006204
0.1000000944
0.1000000727
0.1000000187
0.09999998333
0.1012330108
0.4331857201
0.4233443959
0.4199686159
0.1000001904
0.1000000026
0.09999991793
0.09999993092
0.1000013617
0.09999999263
0.1000000053
0.1000012616
0.5121718019
0.4951440726
0.5034246041
2.314303825
3.879060181
4.064393959
0.1536233781
0.09999525515
0.1000000121
0.09999999863
0.09999999988
0.09999999887
0.09999996163
0.09999944599
0.09999918903
0.09999906796
0.0999993707
0.09999968679
0.09999950969
0.09999964792
0.09999824013
0.09999981748
0.09999990908
0.09999983114
0.1000031522
0.09999996997
0.09999999896
0.09999999898
0.4607096479
0.4358331102
0.09999998837
0.09999999059
0.09999998288
0.09999997687
0.09999999467
0.09999998753
0.1000000006
0.4085880735
0.4101866796
1.278491639
0.8249167566
0.4388212363
0.1000000003
0.09999999993
0.1
0.09999999989
0.1000001455
0.09999999898
0.09999999859
0.09999998628
0.4118318028
0.4091114966
0.4173982749
0.4389918591
0.413032465
0.1720960695
1.076913664
2.942563363
3.373781487
3.093659626
2.926653424
1.764107597
0.2871630294
0.06361366715
0.3664067325
0.5684520878
1.076626889
0.09999991781
0.1000000002
0.09999999785
0.09999999953
0.1000006351
0.09999999979
0.1
0.09999998827
0.09999999998
0.09999999999
0.09999991832
0.1
0.09999999998
0.1000000001
0.0999995477
0.1000000001
0.3629737463
0.0999999978
0.09999999708
0.1000029482
0.09999998678
0.0999999217
0.09999994586
0.09999997943
0.09999999802
0.09999999924
0.09999999973
0.09999999938
0.09999744765
0.09999998977
0.1
0.1000000001
0.1000000141
0.4096121678
0.09999601889
0.325427261
0.3653122352
0.35604838
0.369484017
0.1792916099
1.094238477
0.3676961405
0.4980454186
0.7854325753
0.330463051
0.2627017183
1.550995332
2.619996523
3.123261988
3.173689425
0.3644732979
0.1
0.1
0.1
0.1
0.1
0.1
0.100000109
0.09999999999
0.09999999999
0.09999999998
0.1
0.1
0.09999999934
0.09999999999
0.09999999904
0.09999999989
0.1000000114
0.1
0.1
0.09999999999
0.1
0.09999999899
0.1
0.09999769937
0.1
0.09999999993
0.09999999971
0.1000000001
0.1000000001
0.09999934933
0.09999999996
0.1
0.1000010494
0.1
0.4322144664
3.0280463
3.25655514
3.495242394
1.561927987
0.4980492049
0.1
0.6987658042
0.2959023516
2.746214132
0.5962019597
0.6805251197
0.7417550053
0.3655523201
0.1
0.1
0.09999991359
0.1
0.1
0.1
0.1
0.1
0.1
0.09999999997
0.1
0.1
0.09999994389
0.09999999995
0.1
0.1
0.1
0.1
0.1
0.07853987799
0.1
0.1
0.1
0.1
0.1
0.1
0.1
0.1
0.09999971292
0.1
0.1
0.1
0.09999999973
0.1
0.1
0.1
0.1000000001
0.1
0.1
0.1
0.1
0.09999889501
0.1
0.1
1.786830651
2.640822901
0.365949868
0.3811863277
0.5790780475
0.2943465019
0.4195559322
0.3851231226
3.410248655
4.004412568
0.4141194749
0.465896555
0.3406140914
0.4871633996
0.7258378431
0.8601382148
0.5534911663
0.7637598969
0.5259674775
0.6026690433
0.8511915477
1.331579552
1.380624725
1.213667339
1.389248273
1.994723786
3.548449578
2.983284409
2.095355534
2.992325167
2.02580545
0.645686257
0.6666508095
0.9301795382
0.2819205774
0.06168200062
0.1
0.1
0.1
0.1
0.1
0.1
0.1
0.1
0.1
0.1
0.1
0.1
0.1
0.1
0.1
0.1
0.1
0.1
0.1
0.1
0.1
0.1
0.1
0.1
0.1
0.1
0.1
0.1
0.1
0.1
0.1
0.1
0.1
0.1000000057
2.651184331
2.451524106
2.89844534
1.015762289
0.6941545529
0.4394125502
0.6349227275
4.016088597
0.8206366418
0.7700748658
0.2136540837
0.5903821745
0.2294246208
0.5497681406
0.3253458588
0.05169315636
0.396343362
0.6587901333
0.6483127474
0.83454167
0.7115499119
1.449937443
2.954022823
3.235709458
3.094955217
2.774147193
5.480101033
0.8066320886
0.272747911
0.9125292483
0.5330359067
0.7748434593
1.041923672
0.4093906753
0.1
0.1
0.1
0.1
0.1
0.1
0.1
0.1
0.1
0.1
0.1
0.1
0.1
0.1
0.1
0.1
0.1
0.1
0.1
0.09999999998
0.1
0.3503797401
0.2252913146
0.6718837798
1.066832617
0.1
0.1
0.1
0.1
0.1
0.1
0.1
0.09999999581
0.1
0.1
0.1
0.1
0.1
0.1
0.1
0.1
5.106821264
1.105813537
0.8626676966
1.062528257
0.2511814439
2.253798043
4.768220106
2.017957355
2.740165858
1.508463566
1.421455194
1.729060065
7.411502591
2.136541148
1.437325434
2.14912974
1.511086556
2.692548277
1.507725705
0.3707844763
1.920798669
1.949197566
1.29446934
2.137677681
0.745632403
1.162368992
2.555498846
1.080881013
0.6469932171
2.434551457
1.234680579
0.650468869
1.205598352
0.1
0.1
0.1
0.1
0.1
0.1
0.1
0.1
0.1
0.1
0.1
0.1
0.1
0.1
0.6790905726
1.991211233
1.965543892
1.990161992
1.719481273
2.110555284
1.460465908
1.545803773
0.1
0.1
0.1
0.1
0.5819497112
1.409034627
1.13725701
1.944029504
3.004964254
0.1
0.1
0.3758470284
0.1626534174
</DataArray>
<DataArray type="Float64" Name="total_energy" format="ascii">
483.2710091
443.6054208
715.7691389
471.9094968
674.43611
641.2143742
433.5211658
601.3352611
477.6344815
471.7572222
482.4727421
598.9950024
486.2009455
471.8273432
738.7284677
528.7772794
695.1457475
656.3036791
479.6674711
628.5304008
542.8849325
481.5914371
749.6271144
721.8892845
532.0270219
453.6894699
650.4330468
580.9061624
441.2932451
481.1105539
473.0404815
605.7477426
489.4040619
512.464334
506.2777416
499.597707
542.7302105
483.6959908
443.432718
490.771484
574.8155324
670.0453148
637.9899781
508.1130012
528.8412182
480.5622587
501.5124955
768.7446291
668.3482935
534.2056131
564.3164925
497.9627948
517.2987882
469.5522792
516.9611763
524.3055661
748.7304531
537.9383004
468.2327172
458.9719143
506.0069686
543.0309452
630.4793461
629.3502276
530.198656
532.6016692
484.2638571
484.9137098
456.9729364
556.4149298
530.0923771
483.9211886
480.4892106
508.7946129
513.0966285
476.4962472
467.6793524
453.0038133
461.2241251
639.7535659
830.6497293
796.8833664
741.9440563
533.3188043
569.4089018
590.3975337
706.2501258
534.9860342
546.2467275
542.9137956
538.9603582
536.3187364
541.1262989
528.378232
535.2815428
566.3928485
465.3620676
467.4304661
526.3868039
540.8795273
531.1596109
802.2535684
598.8314558
527.9060362
482.7830147
465.9611577
523.470437
541.4922055
478.967116
511.0854856
504.7572207
471.4300996
497.2136869
479.0997423
500.5305517
541.6582936
542.3245224
552.1644456
521.8671315
538.0301473
471.7833398
530.3292112
537.4304766
565.1204745
478.9879822
459.5179588
518.4456841
506.2961949
463.3612499
469.7974378
505.3955056
486.1002557
490.8146609
538.2235958
502.4839307
534.0222191
462.3913029
527.6030035
571.4175754
510.6637738
474.8950315
535.1896291
548.6591526
607.1074977
542.6696331
534.2788698
480.7668956
535.2013556
470.9757053
528.6199046
532.8596217
543.0963235
494.6731661
529.8188817
445.3453825
522.9122479
532.7205739
532.9318786
471.0264817
481.5098144
530.349606
505.7897684
448.1935019
465.3960839
513.0366136
479.7531755
554.1824917
477.334624
424.5995819
526.6088016
535.3836761
542.1058116
505.4194476
519.5852913
481.3550321
490.2782951
523.9896943
537.0738665
535.5893487
432.2099083
524.3129245
444.3547351
446.8956321
535.2995086
441.0455937
409.9522793
480.7779152
534.4060832
490.527626
414.9003019
461.0082897
457.9740417
521.8623162
501.3552995
495.5492127
535.9871773
400.5670171
495.4606668
514.9036954
431.8241257
400.6078607
417.9502959
518.4865831
458.8902161
536.0888074
535.8651976
516.1121072
532.8612396
492.0604737
512.3677649
534.9811504
536.3104957
540.3828568
552.350269
422.444703
349.0862744
521.7854288
437.7067961
349.0455806
524.0821633
313.3525775
496.2507354
460.8131156
400.7142694
315.4974393
310.9068649
484.2477102
458.9566878
418.9522243
357.3527606
391.4212547
522.6556403
469.8113875
463.3685864
442.2776557
536.4141936
478.62264
542.8335664
567.3740913
547.5320978
419.5362594
452.7986539
524.8870153
373.7877343
356.0714335
324.3663323
536.7071524
304.3074375
312.7873122
364.7577715
540.9152601
559.1287348
537.8766567
766.2505778
495.5925962
353.1701663
539.5568416
533.8729937
538.4676951
180.2245626
195.6168611
174.5830641
188.3348431
191.0792248
335.0144336
195.455147
182.6760167
186.6021704
451.9468695
295.7121637
171.5155448
226.7332538
199.4719738
335.2077309
446.7379227
191.7188316
184.7869944
195.0556716
179.0941962
176.6369179
197.9049059
207.5933708
193.5497626
271.8381178
234.1029441
182.1761666
175.0298605
221.9445087
191.6674005
171.2288195
199.285423
196.7918046
178.3675838
180.640761
179.3722235
263.8459796
188.7782141
188.2525927
174.2303981
175.6443168
179.0935304
179.1356691
179.1840812
188.0991336
189.7696964
493.970776
199.5812844
426.1144977
179.0712661
172.5881737
122.0610584
418.574953
188.2173386
159.1580252
483.5845927
157.0000667
179.0714286
133.7105137
179.0714286
179.0714286
188.9641364
179.0714286
179.0714287
249.1993049
210.8522209
201.1059226
373.4070445
207.7298822
164.8287578
585.2040116
162.5981443
208.0836898
161.7105705
154.73323
310.1578331
159.6427092
165.3677148
446.360597
245.0246656
147.6384923
148.8731262
136.5728606
179.0714286
179.0714286
179.0714286
179.0714286
179.0714286
179.0714286
179.0714286
179.0714286
139.0525088
142.5491503
179.0714286
179.0714286
179.0714286
179.0714286
179.0714286
179.0714286
179.0714286
179.0714286
179.0714286
179.0714286
179.0714286
179.0714286
179.0714286
179.0714286
179.0714286
519.9981029
190.9069436
177.4847711
174.8313878
173.5581047
194.8047856
195.1269685
189.1891572
195.9926786
185.1823725
280.2660609
378.8515383
355.5033937
409.157434
432.5584297
426.7783182
408.5664496
448.9435666
342.4358862
184.7253223
180.0454623
170.1138172
399.8965345
351.9274082
421.0502115
358.362205
280.1725178
263.3633449
216.7922635
235.1850824
197.2642874
440.4687638
481.537139
379.7313501
188.3129901
178.9953723
195.9466035
196.5757429
188.7090022
191.1780435
411.8121376
298.3527531
173.0911593
174.4971782
173.3558965
174.4683642
176.3281666
178.7607469
181.7176105
174.3457951
244.422131
442.5319252
175.7211668
474.9984776
340.309823
431.8789714
448.4246336
195.546244
182.6284039
171.7774619
165.3413468
215.3886691
330.754453
167.9934876
303.8495688
329.2013813
207.1021232
175.9640364
284.5746451
366.2381877
188.6431195
295.0656193
319.532512
366.1586193
178.0162594
295.0089149
178.0097805
186.4931969
185.8758467
181.62825
177.4187881
183.0450569
225.2281538
423.9077589
333.0129449
306.9793657
250.8435999
431.4157143
314.4528319
267.1407784
218.4958894
241.9659692
333.4861736
172.1191002
185.4492047
212.0717924
195.7789787
192.7360881
177.2876899
199.0617795
201.1939711
207.6373225
174.5648282
199.833727
185.3483648
190.6623249
185.0329766
179.3237291
181.6566426
178.0424397
199.7726452
177.0514839
174.2384686
172.500502
399.6647819
344.3711239
176.0002181
176.1553714
201.6069913
478.848579
404.6304638
454.6184435
180.772282
182.4535603
191.1612471
412.0324946
487.7665309
178.5106239
274.2193909
220.589182
194.1091334
190.8585612
179.8455776
187.5290816
192.9537548
177.6912494
206.0225981
253.7055859
253.5894597
274.7525356
245.179725
246.4212275
292.1785141
188.1706606
230.6494186
282.9123457
157.6877332
183.7040149
187.4583551
165.8925448
197.9447955
209.6491545
223.6228394
179.4142875
227.1695333
243.5453718
210.7520914
353.7259303
194.9272813
194.6356443
188.9327355
191.0360764
188.322369
227.1266111
384.7050296
238.6635423
198.5438735
403.6088507
192.4298929
192.3121383
174.397395
173.8357028
172.6388142
174.8995138
234.0716155
184.375772
183.9142853
487.0080123
484.2203849
268.1632999
192.269759
187.3385861
187.341385
185.0150481
188.2990324
184.0671359
183.8686432
184.6815157
185.5075081
191.8502893
188.8743701
234.8810766
208.4718399
193.1060066
195.8458826
222.3576537
206.0776255
182.883477
184.87271
213.7415967
238.4997142
224.8932189
214.6894228
227.7819202
243.3113422
257.8712418
247.0861511
250.7679736
261.3691688
258.6052415
247.1582237
229.9645604
213.5130829
197.7652297
231.4952194
242.8152941
244.1597957
240.0231005
190.7479197
197.8522203
180.0288146
186.1943348
230.0387158
167.1127106
241.2810406
472.2738066
186.2703294
222.9825956
180.8448445
190.3839782
175.5549653
182.6047847
175.7495814
325.1497032
197.7865235
208.9612696
171.8695297
171.1489045
176.5082823
209.1555471
181.9064763
181.4636546
206.1227492
273.197378
179.7384625
179.1848814
179.8509462
181.8262565
180.7572235
179.2913378
179.4301582
180.248092
221.2808812
214.6163294
203.5509412
192.5633281
260.6197657
254.9100447
229.837615
239.7438997
262.5021253
233.5436692
201.6448903
205.5189733
191.4362772
217.6147918
227.4956321
209.480437
190.1335194
184.5409958
182.1044576
179.0629692
190.7602236
190.6944446
187.5779615
178.3367127
388.6451251
217.9859123
177.0161692
172.0201123
171.1807979
172.3632777
176.8833466
181.8417687
181.455968
178.9954944
211.163917
178.9865506
178.9797965
178.9821745
203.6215852
179.0823145
179.0932343
179.2874089
179.0506173
179.0383781
218.6634493
179.2275418
184.7657337
179.1264395
192.3848782
247.8208696
218.6895608
251.2754425
237.3154204
234.4081211
195.9596167
232.8546978
204.7944923
235.8255364
252.2697575
233.0100858
199.8453866
225.2167244
206.5198078
184.0857411
188.1598991
179.2901519
187.7904135
183.3929733
180.0484599
182.651008
175.0874541
263.6364754
184.80764
188.0392118
172.2093171
163.8237734
168.6931932
317.0640207
506.4261889
450.1247132
303.9504067
168.1971933
198.3325212
192.0906235
179.8666154
199.1585333
179.8380865
179.1529579
179.049232
179.0464758
179.051796
179.0460796
179.062995
179.065381
179.0548901
179.0600519
179.0664952
179.0708223
179.0715872
183.3532455
179.0741372
188.2681709
179.0953252
179.1235776
197.5738704
179.2147986
179.9093068
197.730216
194.3529746
199.1759485
194.7573542
223.2015296
185.5654901
179.4858959
179.2666087
189.3114248
179.070968
179.0897538
179.0747835
247.5610246
221.5274017
180.925519
179.9462979
174.7117723
184.6780101
177.0908986
199.4612651
186.2978805
179.0726522
179.072758
173.5809576
159.4458779
186.3630706
194.7575974
410.5263901
179.0394837
512.5933563
158.3277786
147.8648748
140.2880727
141.0478752
179.070356
179.069837
179.0706751
185.6165026
179.083227
179.1186346
179.2050997
179.2906691
179.2446375
179.1833868
179.1125273
202.7232408
179.0753124
179.070953
186.3123961
179.071173
179.6235811
179.0713552
179.0706211
179.0711497
179.0638473
179.0687919
179.0690949
179.0700938
179.0507277
179.0713238
179.070277
179.0704284
184.1497263
219.7350895
216.6845012
259.8770282
498.8859467
179.0470916
342.9386488
524.4763798
177.6384796
139.9743632
175.3838259
480.5046889
132.0391281
121.0068829
116.6699095
128.0648776
179.0703376
208.1539869
222.5340445
179.2262819
179.3891053
179.0711734
179.0714712
179.072147
179.0709574
179.0710606
179.0714073
179.0706611
179.0713593
179.0713779
179.0713814
179.0708998
179.0710903
179.0710056
179.0706988
179.0714173
179.0713794
179.0705214
179.0714146
179.071414
179.0714225
179.0714266
179.0714288
178.9949558
182.6245636
188.9072279
185.4536737
179.0714104
179.0714286
179.0714332
179.0714324
179.0713506
179.071429
179.0714255
179.070322
118.2194288
161.8585205
121.5106253
443.6399498
518.4475711
518.553432
185.6203346
179.0705536
179.0714128
179.0714283
179.0714284
179.071428
179.0714212
179.0713753
179.0713577
179.0713683
179.071389
179.0714042
179.0713849
179.0713926
179.0712701
179.0714065
179.0714182
179.0714075
179.071743
179.0714265
179.0714262
179.0714283
166.5488762
170.919159
179.0714293
179.0714292
179.0714297
179.0714305
179.0714296
179.0714294
179.0714287
184.9823348
184.1364586
134.1421272
129.1268697
113.7094732
179.0714286
179.0714286
179.0714286
179.0714286
179.0713893
179.0714287
179.0714287
179.0714296
179.942289
175.9650403
168.1599329
157.6437021
162.2717132
159.5537906
266.4171553
431.6971869
525.3776408
521.7548023
500.3921941
342.5182899
123.5197064
118.5816262
126.1553594
138.8626151
146.815503
179.0714332
179.0714286
179.0714288
179.0714287
179.0713344
179.0714286
179.0714286
179.0714293
179.0714286
179.0714286
179.0714334
179.0714286
179.0714286
179.0714286
179.0713921
179.0714286
189.7265521
179.0714284
179.0714282
179.0712556
179.0714259
179.0714218
179.0714237
179.0714265
179.0714283
179.0714285
179.0714285
179.0714285
179.0711233
179.0714296
179.0714285
179.0714285
179.0714135
188.0833877
179.0710498
185.2280338
180.3597584
173.7647819
142.8285326
133.4301644
266.4639206
136.5810324
147.9692173
155.356927
146.349501
154.65588
303.7312299
425.6553503
544.6817583
457.2377759
156.6097537
179.0714286
179.0714286
179.0714286
179.0714286
179.0714286
179.0714286
179.0714218
179.0714286
179.0714286
179.0714286
179.0714286
179.0714286
179.0714286
179.0714286
179.0714287
179.0714286
179.0714247
179.0714286
179.0714286
179.0714286
179.0714286
179.0714283
179.0714286
179.0711081
179.0714286
179.0714286
179.0714286
179.0714286
179.0714286
179.0713433
179.0714286
179.0714286
179.0714279
179.0714286
179.9917626
512.6040556
468.3942232
536.2637625
363.2489297
145.8943717
179.0714286
152.5490752
156.1881853
482.2177822
146.6899275
167.8978967
253.7465123
183.7661801
179.0714286
179.0714286
179.0714346
179.0714286
179.0714286
179.0714286
179.0714286
179.0714286
179.0714286
179.0714286
179.0714286
179.0714286
179.0714318
179.0714286
179.0714286
179.0714286
179.0714286
179.0714286
179.0714286
185.0215481
179.0714286
179.0714286
179.0714286
179.0714286
179.0714286
179.0714286
179.0714286
179.0714286
179.0713497
179.0714286
179.0714286
179.0714286
179.0714285
179.0714286
179.0714286
179.0714286
179.0714286
179.0714286
179.0714286
179.0714286
179.0714286
179.0709092
179.0714286
179.0714286
283.9173291
362.0746585
171.8171164
171.0879348
146.2116624
182.9342144
198.9752931
188.1945714
405.1527769
427.4116643
165.2655043
173.2404739
164.9385717
169.405845
163.4575174
166.5912582
160.6524204
167.2670311
171.4996751
179.9350767
154.6873079
143.2572398
145.6216478
145.6043494
136.9306441
143.2718859
496.4500308
565.7928846
329.9925572
325.4505198
238.8008401
214.7156635
169.8628787
150.0578939
147.4945563
173.3731529
179.0714286
179.0714286
179.0714286
179.0714286
179.0714286
179.0714286
179.0714286
179.0714286
179.0714286
179.0714286
179.0714286
179.0714286
179.0714286
179.0714286
179.0714286
179.0714286
179.0714286
179.0714286
179.0714286
179.0714286
179.0714286
179.0714286
179.0714286
179.0714286
179.0714286
179.0714286
179.0714286
179.0714286
179.0714286
179.0714286
179.0714286
179.0714286
179.0714286
179.0714281
536.2054487
417.096096
600.439552
164.2110956
189.9371009
163.9812224
151.3611327
477.2626254
270.1453933
246.9405623
162.3213697
215.4399932
160.6009695
203.6951899
157.5351885
141.1409292
127.5253144
125.199329
133.0003282
193.3392039
149.6462603
133.5975556
147.2261401
439.2808927
521.3990215
444.7387632
335.0871146
206.4242778
173.0683799
217.5249161
198.780162
175.2940307
166.8509549
158.4284421
179.0714286
179.0714286
179.0714286
179.0714286
179.0714286
179.0714286
179.0714286
179.0714286
179.0714286
179.0714286
179.0714286
179.0714286
179.0714286
179.0714286
179.0714286
179.0714286
179.0714286
179.0714286
179.0714286
179.0714286
179.0714286
185.5735246
164.2544574
187.3420444
197.3624844
179.0714286
179.0714286
179.0714286
179.0714286
179.0714286
179.0714286
179.0714286
179.0714288
179.0714286
179.0714286
179.0714286
179.0714286
179.0714286
179.0714286
179.0714286
179.0714286
537.3827677
191.0843189
163.7892931
194.0755675
163.8511135
429.158879
461.1812137
498.2665269
627.3017946
295.2597322
362.6740966
338.5011277
242.643562
423.1135229
296.0145452
424.0804065
278.2195759
477.3126184
411.7735596
156.0055173
294.7889284
387.0654573
288.1867019
415.4177252
183.1072763
215.3712182
424.112159
204.2248388
175.0923323
432.3823425
224.2494367
174.6266534
220.9290602
179.0714286
179.0714286
179.0714286
179.0714286
179.0714286
179.0714286
179.0714286
179.0714286
179.0714286
179.0714286
179.0714286
179.0714286
179.0714286
179.0714286
400.1373143
278.7437459
464.157298
461.0092617
333.7899451
424.4139693
274.6694221
254.0219189
179.0714286
179.0714286
179.0714286
179.0714286
192.5644492
273.0334679
396.8131712
439.5502404
375.2015301
179.0714286
179.0714286
168.3747214
156.4568571
</DataArray>
<DataArray type="Float64" Name="temperature" format="ascii">
66.63368806
83.86577558
202.5492628
77.76460598
195.6820282
161.4047805
88.61733398
158.683511
62.65985561
61.90239825
74.7195971
151.2961253
60.69457717
49.38787049
204.1073901
138.4388009
191.333946
161.3775346
75.8936514
183.213755
113.5051933
64.40825381
206.2868943
199.7072553
102.5869346
59.95410181
159.2439597
145.8425712
62.16766757
63.07733905
77.45940879
159.2720794
66.00672302
43.9903016
63.79028587
59.32837523
61.70665888
35.19533281
75.16783527
117.0089002
163.729147
191.3796494
167.8072654
79.64426255
61.58623019
66.42071458
85.83000149
211.1714275
174.6191099
110.9822615
116.3189572
74.98052347
69.69710014
78.94709655
47.45520715
38.00530421
204.8439269
66.47701457
65.81863458
70.77965363
135.6442859
70.35720565
183.4553877
171.1641902
67.02706892
72.88402618
63.19043461
67.28167437
91.75460562
117.0620091
62.77473495
63.80146174
67.91213096
48.14502283
48.18040498
71.33319139
69.44535342
46.24149423
79.56228678
155.5587244
227.6065276
215.9856373
190.7293008
70.49806908
125.4282979
139.8631213
182.5403474
70.92814437
67.58070343
68.87511674
68.16317818
69.72731917
67.87543531
73.98487944
70.9258504
160.9407072
105.4044105
81.62122763
78.87077188
68.33275217
66.65903042
216.5979807
126.7494212
74.79212573
62.56095848
82.94896095
67.42563018
61.55650447
66.31866495
45.58587237
48.52480272
70.34509047
43.49828495
76.24076445
90.68933693
67.65594147
67.52777491
139.5538712
133.9350844
68.15358831
50.13835846
72.98230424
71.27527427
163.4037511
60.87507832
84.17028338
44.54882586
49.17894258
77.17098872
70.32543846
46.75683757
50.27595922
68.27426738
68.0032574
73.99172397
68.59304863
68.47420614
75.30431018
165.6675856
72.42837554
98.54709471
72.72803958
153.1251972
175.9013108
67.49507788
68.47558664
64.07706426
71.89827512
73.78685501
68.81596311
67.25413953
97.97909149
125.2106084
159.0631081
65.92521397
74.5319985
71.02646109
68.74471948
57.83564384
60.69712769
50.61643111
46.94130479
76.81038698
67.52833392
50.66553995
51.9243571
63.69008978
64.06652439
127.6211871
75.50392024
73.51697151
67.466119
143.6690986
70.30446537
77.99630249
95.50938084
131.7168034
158.4882045
68.58455508
63.26943891
74.24632927
82.86493664
88.11620265
72.84072875
57.61601714
79.28158812
56.71737008
55.9879426
46.4732472
75.7194309
64.20450006
49.65392295
69.89277081
75.44495044
94.16156059
67.37725927
71.49742029
127.7094256
147.0013118
85.96540547
60.85017937
87.96460513
54.03076542
89.24147967
69.2994066
74.24888313
76.85665765
73.70810968
78.00509954
75.24110226
73.59200569
67.76953987
69.26639392
66.65955266
44.18942136
81.05084381
137.4023965
62.88202213
70.21835122
56.44353837
70.12810573
75.81027763
77.8863225
53.98600572
72.32540935
59.75983663
72.6083087
77.60326891
36.72768657
57.21969099
58.46549293
96.66360593
157.7590229
108.8376925
74.06133298
74.06091244
69.54145206
70.99501033
109.0501797
109.9457101
90.08322212
77.77346963
69.56315343
60.45582466
60.7558624
42.74882696
74.71214361
57.09618618
69.49807817
61.1489931
69.6125948
32.80246437
62.71747674
209.9960719
66.18356549
60.07485942
67.2022125
75.7435877
59.5842616
71.9604045
69.31984901
68.24928733
73.60796131
65.8040527
76.19622617
74.36669219
72.64682362
73.9574043
70.19438823
78.61320412
66.11151219
73.77727488
78.48268105
124.6972996
47.04961156
72.66974712
69.71568503
72.79785696
71.02961034
70.64732632
69.15014977
81.09409652
76.91309887
105.1177878
81.66473159
71.49876425
69.41501983
80.53574746
72.27316846
68.44069734
71.99199148
77.41151889
68.71579028
68.7159131
69.13230274
85.29921908
71.79248365
72.05950686
68.52368745
66.93458866
71.43817278
71.45517912
71.47282411
72.64283083
72.46664101
51.27966916
77.1778694
43.135656
71.42850896
64.84698096
40.07405026
43.48557962
71.16919678
61.61286048
32.17194967
59.21182508
71.42857146
51.0102215
71.42857143
71.42857143
70.8838132
71.42857143
71.42857148
77.82967202
82.86640215
77.19761371
56.65498722
57.84363944
58.06879551
63.47132569
62.02548045
78.87286501
57.37468196
52.00075151
97.67359142
62.84711469
58.86350801
57.70806194
60.49363684
48.2167942
52.02853598
52.90980906
71.42857143
71.42857143
71.42857143
71.42857143
71.42857143
71.42857143
71.42857144
71.42857143
44.71871774
38.59745918
71.42857143
71.42857143
71.42857143
71.42857143
71.42857143
71.42857143
71.42857143
71.42857143
71.42857143
71.42857143
71.42857143
71.42857143
71.42857143
71.42857143
71.42857143
20.85434849
74.43662388
70.08374923
69.22050171
68.95392867
72.20910442
75.33978559
72.66712988
73.48219454
72.90857396
100.8429464
135.3273664
101.0011539
92.53227322
47.19673211
59.69294859
93.10239428
71.36332757
74.64111635
70.96425262
71.64746645
65.42360476
75.18718106
86.94311611
159.9479008
135.0396177
103.5042023
87.22371042
82.24858628
89.59919594
75.76748298
46.33341025
43.01218396
71.09803181
67.56055186
67.81258469
75.15906117
75.08601284
73.12016052
75.36113127
87.15962781
76.04289312
68.76638731
69.33243344
68.33029634
67.27898886
69.53797595
71.26489778
72.51308575
68.99319062
85.66605799
164.0428298
68.40219178
179.904317
118.2201368
68.29112454
70.93059293
76.17269174
72.38699397
68.32889781
65.80696656
79.53393672
88.20353455
67.08129316
103.8824128
109.640916
77.55380584
69.27880942
77.62177289
59.69317163
73.49527534
92.83632681
96.34407134
80.26222635
70.68930998
85.81832559
70.46853778
74.58871973
74.33557007
72.43434857
66.45057691
73.20557606
79.51212517
74.84081366
84.84897645
83.37222129
80.69839633
155.1117087
120.4088659
100.5233766
85.01937045
82.04329602
70.36420079
68.70684433
73.38254966
81.81418964
76.88624956
74.33553685
68.23928368
73.10415706
77.64533856
80.3096588
68.07239703
70.60261633
70.68092122
71.84352777
71.22596695
70.11133381
70.14048217
70.32822417
77.86168227
70.4945541
69.40383323
68.86072781
152.1984233
131.5229247
70.14935652
69.38621666
79.55422828
67.45971684
79.41861237
72.6488521
68.98802747
69.86281064
63.99613255
65.20405312
39.77310087
71.28529428
84.21498577
81.12975895
77.44515501
76.16192818
71.80332696
74.97927175
77.00486513
70.93446669
79.81402278
88.1463923
85.82901762
82.46192419
89.49602851
83.21555085
110.3710108
74.51732879
78.52825161
75.89693213
62.05006296
71.62988756
63.78046759
65.26026975
78.08930596
81.03456091
84.52229683
71.36218357
84.7885927
84.96677082
79.78468845
75.23791468
71.48819715
72.77255874
75.26566992
75.92914005
73.83946213
87.33106687
84.59530194
87.06195055
78.24609295
62.38029411
71.31797597
72.11982431
68.97786526
69.28512909
68.91851428
69.87424853
85.19788768
73.44798839
73.02916983
65.36486782
67.83067119
84.05272128
76.76355872
74.90045712
74.89555165
73.99623943
75.30180096
73.61816724
73.52573798
73.86473392
74.19347499
76.62876961
75.49933975
86.31054739
81.35566254
76.96438426
77.80900733
84.21050755
80.35536375
71.15972405
72.64219514
70.90327144
76.85074604
79.70214874
82.0413723
86.21443359
89.859986
97.24485697
90.21526133
90.02403727
90.17867935
87.2847997
89.73155961
86.94039026
83.09390258
78.52601944
86.22849221
87.41660455
88.00700995
87.89020033
72.22493132
71.43473019
69.47321956
70.93144999
79.50513814
66.62113714
82.71306953
49.59285721
74.39936638
84.84689371
69.15285877
75.41754572
70.17203767
69.50115414
68.98533548
80.09609179
75.17138131
74.78656326
68.41563395
68.39350182
70.48941225
74.27461504
72.40416444
72.03012751
79.68113873
80.72142509
71.72675153
71.47538788
71.78465005
72.63355742
72.18010286
71.53015556
71.59340764
71.96089067
84.47322235
82.00276195
80.0717239
76.69141935
92.35156291
95.3010577
86.20400878
85.95411703
79.33908666
81.62568225
71.89950339
78.99415907
75.6546873
83.58998379
86.14658394
80.99326033
75.86788341
73.81377262
72.75929552
71.42522742
72.31376125
72.4395904
71.31927889
68.38372463
78.68840133
81.14183068
69.28002021
68.19279209
68.1623702
68.73517359
70.42859187
72.19568556
72.12911664
71.39332962
81.90212575
71.38892049
71.38606633
71.38706529
80.06032354
71.43368438
71.43889687
71.52159937
71.41851018
71.41335226
84.69982571
71.50660008
73.74622065
71.45099026
76.67771297
91.67796597
84.3815332
91.0279489
87.59923388
87.37626721
77.17901503
86.54084849
79.86454205
86.99292665
84.08540175
85.3370339
78.09458729
80.29965997
79.70730248
73.23913004
74.66742644
71.5078618
74.65522161
73.0305162
71.78473166
69.72147053
68.14501832
94.27595936
70.35662536
72.03133222
67.21656245
64.29978223
65.89406606
91.87066014
48.43792435
70.13106386
88.62124056
63.92817901
75.37278665
73.98157919
71.73908418
78.91114716
71.73615224
71.46402428
71.4191497
71.41792227
71.41970149
71.4169318
71.42456748
71.42572951
71.42087785
71.42337196
71.42641339
71.42832186
71.42864886
73.16460061
71.42971535
74.86017107
71.43845179
71.4488381
77.58892655
71.48185388
71.74571184
77.64431285
76.57084149
77.85379541
76.63058056
83.60491712
73.66347575
71.59218796
71.50210425
72.06984199
71.42843089
71.43571651
71.42982011
89.45020508
84.18702776
72.09338409
71.2812422
69.17577284
70.20643565
68.64896876
78.14281836
70.93274544
71.42940307
71.42915224
65.51235096
59.5084786
71.34308949
76.57051938
79.20135294
71.4139749
44.34118769
59.79002057
55.44001079
51.64087836
51.46838892
71.42816199
71.42797573
71.42830903
73.65471181
71.43282726
71.44525398
71.4739631
71.50445798
71.48920946
71.46869141
71.44353344
79.21665976
71.43006431
71.42840095
74.23109865
71.42846825
71.67375351
71.42853508
71.42829169
71.42844295
71.42541725
71.4274229
71.42756481
71.4279723
71.41889501
71.42852115
71.42804796
71.42810448
70.221306
84.81146558
83.11252559
87.90216499
56.16210687
71.41772203
84.06559972
49.03644936
67.1351182
51.71539749
66.44387414
64.38719691
48.23068127
43.84666707
40.98398626
39.26725108
71.42814033
80.94709339
86.2340872
71.48703075
71.54766189
71.42847856
71.42858827
71.42882833
71.42839215
71.428439
71.42856422
71.42827475
71.42854367
71.42855156
71.42855171
71.42833641
71.42842635
71.42837565
71.42824222
71.42856607
71.42854902
71.4281974
71.42856338
71.42856522
71.42856871
71.42857056
71.42857157
71.39312158
69.40324283
71.95220478
70.69044863
71.42856341
71.42857142
71.42857362
71.42857321
71.42853491
71.42857164
71.42857018
71.428125
44.05215865
60.58446957
45.38372255
70.99146145
39.77967811
36.87226567
73.76072008
71.42824134
71.42856509
71.42857131
71.42857137
71.42857122
71.42856865
71.4285524
71.42854638
71.4285511
71.42855815
71.42856295
71.42855598
71.42855849
71.42851524
71.42856335
71.42856767
71.42856369
71.42868426
71.42857073
71.42857048
71.42857132
62.88239049
64.915081
71.42857176
71.42857171
71.42857195
71.42857228
71.42857185
71.42857182
71.4285715
70.68863741
70.34076853
36.80997602
43.38442877
43.15686021
71.42857143
71.42857144
71.42857143
71.42857143
71.42855518
71.42857147
71.42857148
71.42857191
68.71373327
67.23509574
64.13532564
59.82910937
61.94955165
63.29661162
80.44433123
50.42557933
50.1904517
56.71549358
58.89939548
73.21187049
48.29282397
47.37896653
48.63394088
50.93639361
44.3365474
71.42857362
71.42857142
71.42857153
71.42857149
71.42853131
71.42857143
71.42857143
71.42857177
71.42857143
71.42857143
71.42857368
71.42857143
71.42857144
71.42857144
71.4285587
71.42857143
73.19062007
71.42857135
71.4285713
71.42849066
71.42857042
71.42856904
71.42856969
71.42857069
71.42857134
71.42857139
71.42857142
71.4285714
71.42845983
71.42857187
71.42857141
71.42857141
71.42856537
71.8575591
71.42843622
71.95747208
69.54521777
67.12332174
55.02796029
52.89596324
79.82381899
52.63967862
55.34384717
52.98969121
56.80290218
60.68962132
72.59505794
58.26850538
58.39002468
47.87522711
60.39739503
71.42857143
71.42857143
71.42857143
71.42857143
71.42857143
71.42857143
71.42856829
71.42857143
71.42857143
71.42857143
71.42857143
71.42857143
71.42857145
71.42857143
71.42857148
71.42857144
71.42856984
71.42857143
71.42857143
71.42857143
71.42857143
71.42857132
71.42857143
71.42845276
71.42857143
71.42857143
71.42857142
71.42857143
71.42857143
71.42854002
71.42857143
71.42857143
71.42856699
71.42857143
68.41799138
57.47748616
47.20000219
48.52317644
86.3288858
54.56775389
71.42857143
53.68059982
60.98026389
61.98821816
53.3646951
59.45013786
87.9494521
70.85534974
71.42857143
71.42857143
71.42857417
71.42857143
71.42857143
71.42857143
71.42857143
71.42857143
71.42857143
71.42857143
71.42857143
71.42857143
71.42857295
71.42857143
71.42857143
71.42857143
71.42857143
71.42857143
71.42857143
73.88101319
71.42857143
71.42857143
71.42857143
71.42857143
71.42857143
71.42857143
71.42857143
71.42857143
71.42854112
71.42857143
71.42857143
71.42857143
71.42857142
71.42857143
71.42857143
71.42857143
71.42857143
71.42857143
71.42857143
71.42857143
71.42857143
71.42836866
71.42857143
71.42857143
59.9622488
49.04989657
66.24290932
65.75974874
53.46471392
71.44059676
75.85157439
72.27622934
38.0752013
31.14173108
63.07731827
65.32589783
63.89964684
63.53998584
56.97789259
55.20130145
59.18422292
57.51307677
63.66815389
65.33004404
51.43951379
38.29206635
37.97880507
41.23493642
35.55709586
27.1078931
43.87908862
64.81025496
59.20890366
37.11880546
44.44690541
76.90836663
60.42584811
48.3174949
57.71345689
69.27546152
71.42857143
71.42857143
71.42857143
71.42857143
71.42857143
71.42857143
71.42857143
71.42857143
71.42857143
71.42857143
71.42857143
71.42857143
71.42857143
71.42857143
71.42857143
71.42857143
71.42857143
71.42857143
71.42857143
71.42857143
71.42857143
71.42857143
71.42857143
71.42857143
71.42857143
71.42857143
71.42857143
71.42857143
71.42857143
71.42857143
71.42857143
71.42857143
71.42857143
71.42857122
72.26347458
62.18836777
71.64560058
50.96176529
66.94301278
62.22822282
54.40361639
34.60863142
90.91484814
84.71052628
64.10913953
78.51352396
63.30736487
75.12071485
61.2002244
56.41416197
48.86099179
44.65339546
47.59843189
64.71557799
52.42629477
33.63802536
17.10266224
44.6929147
56.64226276
56.38794509
14.24565638
69.84508896
67.81479697
70.55861239
73.65258631
60.02669978
51.18247623
60.53077629
71.42857143
71.42857143
71.42857143
71.42857143
71.42857143
71.42857143
71.42857143
71.42857143
71.42857143
71.42857143
71.42857143
71.42857143
71.42857143
71.42857143
71.42857143
71.42857143
71.42857143
71.42857143
71.42857143
71.42857143
71.42857143
71.76260826
64.78113106
66.52772716
59.86682026
71.42857143
71.42857143
71.42857143
71.42857143
71.42857143
71.42857143
71.42857143
71.42857155
71.42857143
71.42857143
71.42857143
71.42857143
71.42857143
71.42857143
71.42857143
71.42857143
25.89080712
56.93851508
54.2180453
58.98457864
64.40272027
70.86830306
25.0435816
93.12511698
80.88000683
72.14083938
92.65186689
73.70329886
5.925179474
74.29084427
75.01382722
73.97012261
67.88545809
63.01263689
100.646984
60.08909431
57.99932059
75.0190853
78.4617982
72.89608265
63.37695907
62.50305302
59.97568179
61.55406025
62.68924766
65.03037875
62.86594263
62.45193502
62.80984639
71.42857143
71.42857143
71.42857143
71.42857143
71.42857143
71.42857143
71.42857143
71.42857143
71.42857143
71.42857143
71.42857143
71.42857143
71.42857143
71.42857143
141.7511747
52.83795363
89.18634321
87.43620614
73.04527178
75.54389816
68.78648567
60.87774492
71.42857143
71.42857143
71.42857143
71.42857143
70.35433614
70.19279247
116.5264856
85.42461052
42.53567423
71.42857143
71.42857143
64.78734956
62.12255648
</DataArray>
<DataArray type="Int32" Name="rank" format="ascii">
2
2
2
2
2
2
2
2
2
2
2
2
2
2
2
2
2
2
2
2
2
2
2
2
2
2
2
2
2
2
2
2
2
2
2
2
2
2
2
2
2
2
2
2
2
2
2
2
2
2
2
2
2
2
2
2
2
2
2
2
2
2
2
2
2
2
2
2
2
2
2
2
2
2
2
2
2
2
2
2
2
2
2
2
2
2
2
2
2
2
2
2
2
2
2
2
2
2
2
2
2
2
2
2
2
2
2
2
2
2
2
2
2
2
2
2
2
2
2
2
2
2
2
2
2
2
2
2
2
2
2
2
2
2
2
2
2
2
2
2
2
2
2
2
2
2
2
2
2
2
2
2
2
2
2
2
2
2
2
2
2
2
2
2
2
2
2
2
2
2
2
2
2
2
2
2
2
2
2
2
2
2
2
2
2
2
2
2
2
2
2
2
2
2
2
2
2
2
2
2
2
2
2
2
2
2
2
2
2
2
2
2
2
2
2
2
2
2
2
2
2
2
2
2
2
2
2
2
2
2
2
2
2
2
2
2
2
2
2
2
2
2
2
2
2
2
2
2
2
2
2
2
2
2
2
2
2
2
2
2
2
2
2
2
2
2
2
2
2
2
2
2
2
2
2
2
2
2
2
2
2
2
2
2
2
2
2
2
2
2
2
2
2
2
2
2
2
2
2
2
2
2
2
2
2
2
2
2
2
2
2
2
2
2
2
2
2
2
2
2
2
2
2
2
2
2
2
2
2
2
2
2
2
2
2
2
2
2
2
2
2
2
2
2
2
2
2
2
2
2
2
2
2
2
2
2
2
2
2
2
2
2
2
2
2
2
2
2
2
2
2
2
2
2
2
2
2
2
2
2
2
2
2
2
2
2
2
2
2
2
2
2
2
2
2
2
2
2
2
2
2
2
2
2
2
2
2
2
2
2
2
2
2
2
2
2
2
2
2
2
2
2
2
2
2
2
2
2
2
2
2
2
2
2
2
2
2
2
2
2
2
2
2
2
2
2
2
2
2
2
2
2
2
2
2
2
2
2
2
2
2
2
2
2
2
2
2
2
2
2
2
2
2
2
2
2
2
2
2
2
2
2
2
2
2
2
2
2
2
2
2
2
2
2
2
2
2
2
2
2
2
2
2
2
2
2
2
2
2
2
2
2
2
2
2
2
2
2
2
2
2
2
2
2
2
2
2
2
2
2
2
2
2
2
2
2
2
2
2
2
2
2
2
2
2
2
2
2
2
2
2
2
2
2
2
2
2
2
2
2
2
2
2
2
2
2
2
2
2
2
2
2
2
2
2
2
2
2
2
2
2
2
2
2
2
2
2
2
2
2
2
2
2
2
2
2
2
2
2
2
2
2
2
2
2
2
2
2
2
2
2
2
2
2
2
2
2
2
2
2
2
2
2
2
2
2
2
2
2
2
2
2
2
2
2
2
2
2
2
2
2
2
2
2
2
2
2
2
2
2
2
2
2
2
2
2
2
2
2
2
2
2
2
2
2
2
2
2
2
2
2
2
2
2
2
2
2
2
2
2
2
2
2
2
2
2
2
2
2
2
2
2
2
2
2
2
2
2
2
2
2
2
2
2
2
2
2
2
2
2
2
2
2
2
2
2
2
2
2
2
2
2
2
2
2
2
2
2
2
2
2
2
2
2
2
2
2
2
2
2
2
2
2
2
2
2
2
2
2
2
2
2
2
2
2
2
2
2
2
2
2
2
2
2
2
2
2
2
2
2
2
2
2
2
2
2
2
2
2
2
2
2
2
2
2
2
2
2
2
2
2
2
2
2
2
2
2
2
2
2
2
2
2
2
2
2
2
2
2
2
2
2
2
2
2
2
2
2
2
2
2
2
2
2
2
2
2
2
2
2
2
2
2
2
2
2
2
2
2
2
2
2
2
2
2
2
2
2
2
2
2
2
2
2
2
2
2
2
2
2
2
2
2
2
2
2
2
2
2
2
2
2
2
2
2
2
2
2
2
2
2
2
2
2
2
2
2
2
2
2
2
2
2
2
2
2
2
2
2
2
2
2
2
2
2
2
2
2
2
2
2
2
2
2
2
2
2
2
2
2
2
2
2
2
2
2
2
2
2
2
2
2
2
2
2
2
2
2
2
2
2
2
2
2
2
2
2
2
2
2
2
2
2
2
2
2
2
2
2
2
2
2
2
2
2
2
2
2
2
2
2
2
2
2
2
2
2
2
2
2
2
2
2
2
2
2
2
2
2
2
2
2
2
2
2
2
2
2
2
2
2
2
2
2
2
2
2
2
2
2
2
2
2
2
2
2
2
2
2
2
2
2
2
2
2
2
2
2
2
2
2
2
2
2
2
2
2
2
2
2
2
2
2
2
2
2
2
2
2
2
2
2
2
2
2
2
2
2
2
2
2
2
2
2
2
2
2
2
2
2
2
2
2
2
2
2
2
2
2
2
2
2
2
2
2
2
2
2
2
2
2
2
2
2
2
2
2
2
2
2
2
2
2
2
2
2
2
2
2
2
2
2
2
2
2
2
2
2
2
2
2
2
2
2
2
2
2
2
2
2
2
2
2
2
2
2
2
2
2
2
2
2
2
2
2
2
2
2
2
2
2
2
2
2
2
2
2
2
2
2
2
2
2
2
2
2
2
2
2
2
2
2
2
2
2
2
2
2
2
2
2
2
2
2
2
2
2
2
2
2
2
2
2
2
2
2
2
2
2
2
2
2
2
2
2
2
2
2
2
2
2
2
2
2
2
2
2
2
2
2
2
2
2
2
2
2
2
2
2
2
2
2
2
2
2
2
2
2
2
2
2
2
2
2
2
2
2
2
2
2
2
2
2
2
2
2
2
2
2
2
2
2
2
2
2
2
</DataArray>
</CellData>
</Piece>
</UnstructuredGrid>
</VTKFile>
