step,physical_time,inner_iter,cfl,dt,rho,rhou,rhov,rhoE,residual_l2,residual_linf
1,0.000000000000e+00,3,1.000000000000e+00,1.378069815599e-06,8.094051682692e-01,7.014612904132e-01,9.854980408011e-01,3.566441551979e+00,3.851999013561e+00,8.806007098490e+05
2,0.000000000000e+00,3,1.001536235531e+00,1.403116703644e-06,6.932315294600e-01,4.136691973159e-01,5.478065308485e-01,3.110743113080e+00,3.260139087380e+00,8.268245108433e+05
3,0.000000000000e+00,3,1.003074831082e+00,1.416433691343e-06,5.998956747766e-01,3.426135946149e-01,4.896950440667e-01,2.728439707719e+00,2.856824000647e+00,7.655995824248e+05
4,0.000000000000e+00,3,1.004615790278e+00,1.437578179979e-06,5.220647564851e-01,3.010871698777e-01,4.762277496042e-01,2.393896899598e+00,2.514108257261e+00,6.868450898510e+05
5,0.000000000000e+00,3,1.006159116751e+00,1.468253211115e-06,4.579895971569e-01,2.938469413460e-01,4.768289530631e-01,2.097230362387e+00,2.218522377494e+00,5.836297860325e+05
6,0.000000000000e+00,3,1.007704814136e+00,1.506225795785e-06,4.122865489661e-01,3.046345031953e-01,4.708486622513e-01,1.869975546812e+00,1.995316863913e+00,4.576391886889e+05
7,0.000000000000e+00,3,1.009252886077e+00,1.547297033249e-06,3.838931844371e-01,3.162888147913e-01,4.556006737134e-01,1.729654997784e+00,1.856526589270e+00,3.522559894080e+05
8,0.000000000000e+00,3,1.010803336220e+00,1.587555054863e-06,3.659376696819e-01,3.240936163975e-01,4.333753651838e-01,1.651006514245e+00,1.775551679763e+00,3.880857634469e+05
9,0.000000000000e+00,3,1.012356168221e+00,1.624333349714e-06,3.536537739889e-01,3.178032616879e-01,4.059645101712e-01,1.600803959882e+00,1.718560562357e+00,3.800550659869e+05
10,0.000000000000e+00,3,1.013911385737e+00,1.655735644109e-06,3.469318451962e-01,2.942059662398e-01,3.825344234528e-01,1.570940570062e+00,1.679614752131e+00,3.155095915243e+05
11,0.000000000000e+00,3,1.015468992433e+00,1.677748268312e-06,3.457358593031e-01,2.763355353183e-01,3.651948102301e-01,1.575629281411e+00,1.676862992121e+00,3.256385098599e+05
12,0.000000000000e+00,3,1.017028991980e+00,1.671498468040e-06,3.397266040451e-01,2.632207647732e-01,3.479097889253e-01,1.572205064593e+00,1.666604129020e+00,3.720526762452e+05
13,0.000000000000e+00,3,1.018591388054e+00,1.661423407348e-06,3.246994118475e-01,2.443502448402e-01,3.337761352975e-01,1.510417243561e+00,1.599344712170e+00,3.409651159642e+05
14,0.000000000000e+00,3,1.020156184336e+00,1.662236006290e-06,3.085709353349e-01,2.293647693204e-01,3.227089390328e-01,1.425741257041e+00,1.511523539645e+00,2.598045005191e+05
15,0.000000000000e+00,3,1.021723384514e+00,1.671107172830e-06,2.966182127941e-01,2.312873239619e-01,3.106353638325e-01,1.369403652234e+00,1.453697658525e+00,2.786270180573e+05
16,0.000000000000e+00,3,1.023292992281e+00,1.680754986892e-06,2.791490193714e-01,2.350856298535e-01,2.933164974699e-01,1.291778296501e+00,1.374014251520e+00,2.841065947386e+05
17,0.000000000000e+00,3,1.024865011334e+00,1.692800440986e-06,2.625143325154e-01,2.183138611164e-01,2.776605013633e-01,1.206017812586e+00,1.283802568554e+00,2.310704612319e+05
18,0.000000000000e+00,3,1.026439445380e+00,1.707183124041e-06,2.552776259060e-01,2.048241479101e-01,2.658393496484e-01,1.169237311866e+00,1.242942496312e+00,1.908622376111e+05
19,0.000000000000e+00,3,1.028016298126e+00,1.722210758879e-06,2.490126621897e-01,2.018041101589e-01,2.522303903518e-01,1.151551108557e+00,1.221647383758e+00,2.319865013490e+05
20,0.000000000000e+00,3,1.029595573290e+00,1.721827842941e-06,2.349884067583e-01,1.878264076882e-01,2.388576661169e-01,1.089834766539e+00,1.155547971205e+00,2.148243447017e+05
21,0.000000000000e+00,3,1.031177274593e+00,1.719891753606e-06,2.224626348619e-01,1.714588114889e-01,2.286361194879e-01,1.022248814322e+00,1.084506736477e+00,1.553423445743e+05
22,0.000000000000e+00,3,1.032761405761e+00,1.720270394105e-06,2.160452544485e-01,1.684845883337e-01,2.189304556456e-01,9.929306540157e-01,1.053045315534e+00,1.652242744825e+05
23,0.000000000000e+00,3,1.034347970528e+00,1.722723372375e-06,2.064568457913e-01,1.697358128102e-01,2.073846621750e-01,9.555080509781e-01,1.013626513522e+00,1.741799555902e+05
24,0.000000000000e+00,3,1.035936972632e+00,1.727727674570e-06,1.927341332619e-01,1.550909549369e-01,1.971482259374e-01,8.857460919388e-01,9.405387885688e-01,1.395941078690e+05
25,0.000000000000e+00,3,1.037528415818e+00,1.733392134354e-06,1.860534242165e-01,1.448882929830e-01,1.890066596959e-01,8.500397775331e-01,9.021638625572e-01,1.090257525348e+05
26,0.000000000000e+00,3,1.039122303835e+00,1.739537162852e-06,1.815186908737e-01,1.450746656404e-01,1.802382887529e-01,8.356497565012e-01,8.858848965979e-01,1.328401743190e+05
27,0.000000000000e+00,3,1.040718640440e+00,1.741352163825e-06,1.717164957211e-01,1.390034617710e-01,1.711819337040e-01,7.932175080817e-01,8.410147363994e-01,1.267107987045e+05
28,0.000000000000e+00,3,1.042317429393e+00,1.743175482477e-06,1.621400993271e-01,1.260741406144e-01,1.638164953588e-01,7.417198745885e-01,7.868724911017e-01,8.927194302600e+04
29,0.000000000000e+00,3,1.043918674463e+00,1.746078059032e-06,1.581146527525e-01,1.224426937030e-01,1.571042140740e-01,7.229496360590e-01,7.663748214901e-01,9.268556610792e+04
30,0.000000000000e+00,3,1.045522379423e+00,1.749784035205e-06,1.525694929026e-01,1.241883492342e-01,1.498109268763e-01,7.033478718336e-01,7.455479453895e-01,1.004086857934e+05
31,0.000000000000e+00,3,1.047128548051e+00,1.753768920006e-06,1.432675760287e-01,1.148903654529e-01,1.427951847479e-01,6.580705265004e-01,6.979775619966e-01,8.494985005034e+04
32,0.000000000000e+00,3,1.048737184132e+00,1.757520286286e-06,1.376978743941e-01,1.065046513594e-01,1.371155404199e-01,6.277437434315e-01,6.657077618714e-01,6.210207908647e+04
33,0.000000000000e+00,3,1.050348291458e+00,1.760158658396e-06,1.347766267849e-01,1.064203178013e-01,1.314381950833e-01,6.175679774491e-01,6.543364800054e-01,7.524957079238e+04
34,0.000000000000e+00,3,1.051961873823e+00,1.762358554706e-06,1.287054891294e-01,1.050158372488e-01,1.253947861505e-01,5.931660642812e-01,6.286201247285e-01,7.513412165019e+04
35,0.000000000000e+00,3,1.053577935031e+00,1.764950016298e-06,1.213000896527e-01,9.554376867930e-02,1.201279442708e-01,5.544610993057e-01,5.879627174586e-01,5.645364429120e+04
36,0.000000000000e+00,3,1.055196478890e+00,1.767923664584e-06,1.179946486484e-01,9.113447763950e-02,1.154587467001e-01,5.374977630995e-01,5.696163600625e-01,5.100413531605e+04
37,0.000000000000e+00,3,1.056817509214e+00,1.770989392184e-06,1.148877764870e-01,9.273980674271e-02,1.107126682117e-01,5.274318000964e-01,5.587857116966e-01,5.819858258029e+04
38,0.000000000000e+00,3,1.058441029821e+00,1.774004273536e-06,1.088212379808e-01,8.827415293281e-02,1.058253205556e-01,4.999706911565e-01,5.299095001959e-01,5.316461370913e+04
39,0.000000000000e+00,3,1.060067044539e+00,1.776643436566e-06,1.038441983774e-01,8.100161095981e-02,1.017013299379e-01,4.729467489645e-01,5.013648036928e-01,3.680854674830e+04
40,0.000000000000e+00,3,1.061695557199e+00,1.779408116956e-06,1.017593412662e-01,7.952274129623e-02,9.788477762840e-02,4.640068279819e-01,4.914901789694e-01,4.202182948217e+04
41,0.000000000000e+00,3,1.063326571637e+00,1.782243848340e-06,9.829829511502e-02,8.040521700567e-02,9.385986708947e-02,4.516198436663e-01,4.784325569894e-01,4.455723618829e+04
42,0.000000000000e+00,3,1.064960091698e+00,1.785106929546e-06,9.284430103390e-02,7.446671603081e-02,9.000032141489e-02,4.247943549815e-01,4.502395561364e-01,3.719027303131e+04
43,0.000000000000e+00,3,1.066596121230e+00,1.787967420386e-06,8.958425020831e-02,6.934716186317e-02,8.665439054981e-02,4.068790107046e-01,4.311541249918e-01,2.864630289028e+04
44,0.000000000000e+00,3,1.068234664089e+00,1.790812042391e-06,8.788463147925e-02,6.971572643448e-02,8.350882341170e-02,4.010932002338e-01,4.247746106159e-01,3.337813319678e+04
45,0.000000000000e+00,3,1.069875724136e+00,1.793642251609e-06,8.431840650886e-02,6.909809832305e-02,8.014191584325e-02,3.869201686965e-01,4.098952115934e-01,3.298605911202e+04
46,0.000000000000e+00,3,1.071519305238e+00,1.796464708463e-06,7.988077149880e-02,6.334527308539e-02,7.706184322234e-02,3.637963253283e-01,3.855902686540e-01,2.556355475119e+04
47,0.000000000000e+00,3,1.073165411267e+00,1.799288399453e-06,7.782431120956e-02,6.029843729921e-02,7.436869092521e-02,3.528635263591e-01,3.738126474324e-01,2.261491035523e+04
48,0.000000000000e+00,3,1.074814046103e+00,1.802121008236e-06,7.618481494571e-02,6.126051662314e-02,7.173626257837e-02,3.477318341789e-01,3.682668825667e-01,2.591788090328e+04
49,0.000000000000e+00,3,1.076465213630e+00,1.804967913957e-06,7.276672103680e-02,5.938033657788e-02,6.894917417057e-02,3.329771287293e-01,3.527729821545e-01,2.438154195705e+04
50,0.000000000000e+00,3,1.078118917739e+00,1.807831601499e-06,6.931030233615e-02,5.436467947295e-02,6.646744617765e-02,3.142797544343e-01,3.330902607895e-01,1.763240214031e+04
51,0.000000000000e+00,3,1.079775162328e+00,1.810711690095e-06,6.792465764417e-02,5.261893195692e-02,6.428872768435e-02,3.073839175821e-01,3.255770637066e-01,1.791928273084e+04
52,0.000000000000e+00,3,1.081433951298e+00,1.813605679784e-06,6.628543160363e-02,5.365634547912e-02,6.207401153287e-02,3.020893824231e-01,3.199749048498e-01,1.967841639853e+04
53,0.000000000000e+00,3,1.083095288559e+00,1.816510182673e-06,6.320698173023e-02,5.120694830633e-02,5.979235609401e-02,2.881073665307e-01,3.052838917972e-01,1.796663332680e+04
54,0.000000000000e+00,3,1.084759178025e+00,1.819422178209e-06,6.060578718982e-02,4.721537150571e-02,5.778365502542e-02,2.737791594546e-01,2.901660415815e-01,1.320407757091e+04
55,0.000000000000e+00,3,1.086425623617e+00,1.822339880211e-06,5.959159127624e-02,4.614980984819e-02,5.601637063121e-02,2.690096412618e-01,2.849297870886e-01,1.395032330956e+04
56,0.000000000000e+00,3,1.088094629262e+00,1.825263054769e-06,5.812093527907e-02,4.705224495599e-02,5.418013241039e-02,2.641652693832e-01,2.798405495446e-01,1.497605337573e+04
57,0.000000000000e+00,3,1.089766198893e+00,1.828192823962e-06,5.546568633766e-02,4.472064609718e-02,5.231262636786e-02,2.518975888861e-01,2.669557729520e-01,1.377098526399e+04
58,0.000000000000e+00,3,1.091440336449e+00,1.831131166433e-06,5.332372465295e-02,4.133232495461e-02,5.067048979688e-02,2.399685411419e-01,2.543701632878e-01,1.391312969841e+04
59,0.000000000000e+00,3,1.093117045874e+00,1.834080343968e-06,5.251984203012e-02,4.042294944080e-02,4.923152554568e-02,2.361702543471e-01,2.501848932176e-01,1.402907350423e+04
60,0.000000000000e+00,3,1.094796331120e+00,1.837042414065e-06,5.131361048207e-02,4.121958939613e-02,4.771736233371e-02,2.322592699600e-01,2.460761189573e-01,1.411804156392e+04
61,0.000000000000e+00,3,1.096478196143e+00,1.840018898781e-06,4.914133243768e-02,3.950478129040e-02,4.617293726237e-02,2.224277228469e-01,2.357573547630e-01,1.417991923692e+04
62,0.000000000000e+00,3,1.098162644907e+00,1.843010619205e-06,4.723300972704e-02,3.657427057664e-02,4.481380618248e-02,2.118706946678e-01,2.246466179573e-01,1.421524754195e+04
63,0.000000000000e+00,3,1.099849681382e+00,1.846017683832e-06,4.651224340246e-02,3.548661116535e-02,4.362957616678e-02,2.081333237663e-01,2.205577220068e-01,1.422519139942e+04
64,0.000000000000e+00,3,1.101539309541e+00,1.849039615961e-06,4.569663267348e-02,3.611312046510e-02,4.242745274157e-02,2.056933982070e-01,2.179500000448e-01,1.421148075651e+04
65,0.000000000000e+00,3,1.103231533368e+00,1.852075590968e-06,4.405665329384e-02,3.535948185663e-02,4.114057154586e-02,1.988251024692e-01,2.107492577820e-01,1.417631668136e+04
66,0.000000000000e+00,3,1.104926356849e+00,1.855124729447e-06,4.220178700235e-02,3.279176324707e-02,3.997721936218e-02,1.889341410241e-01,2.003760920756e-01,1.412241602681e+04
67,0.000000000000e+00,3,1.106623783978e+00,1.858186372454e-06,4.138716329898e-02,3.128257814753e-02,3.902170498475e-02,1.842278503246e-01,1.953307228180e-01,1.405272436453e+04
68,0.000000000000e+00,3,1.108323818754e+00,1.861260272017e-06,4.096378269547e-02,3.140404872676e-02,3.809711565091e-02,1.830065496457e-01,1.939253289369e-01,1.396958956095e+04
69,0.000000000000e+00,3,1.110026465185e+00,1.864346664892e-06,3.989256678148e-02,3.164942570257e-02,3.710478793476e-02,1.791290577786e-01,1.898870392103e-01,1.387584302522e+04
70,0.000000000000e+00,3,1.111731727282e+00,1.867446244374e-06,3.834392803023e-02,3.005465236413e-02,3.612102236072e-02,1.715858346371e-01,1.819889168329e-01,1.377417019524e+04
71,0.000000000000e+00,3,1.113439609062e+00,1.870560062570e-06,3.729653331356e-02,2.816081934982e-02,3.538589300632e-02,1.654456707045e-01,1.755234870961e-01,1.366701089477e+04
72,0.000000000000e+00,3,1.115150114552e+00,1.873689412031e-06,3.704287801277e-02,2.748491943310e-02,3.485127838308e-02,1.639044270885e-01,1.738012325384e-01,1.355649449991e+04
73,0.000000000000e+00,3,1.116863247781e+00,1.876835712523e-06,3.678782305479e-02,2.785936724934e-02,3.439787734184e-02,1.634673526536e-01,1.733040034675e-01,1.344440310746e+04
74,0.000000000000e+00,3,1.118579012785e+00,1.880000411964e-06,3.607998861471e-02,2.769870515588e-02,3.397149295145e-02,1.606924173278e-01,1.704262279280e-01,1.333215369764e+04
75,0.000000000000e+00,3,1.120297413610e+00,1.883184895354e-06,3.519011562312e-02,2.627540562322e-02,3.369972396053e-02,1.557841029992e-01,1.653272491773e-01,1.322079215647e+04
76,0.000000000000e+00,3,1.122018454302e+00,1.886390394283e-06,3.489579126600e-02,2.490684361433e-02,3.374876271201e-02,1.532214853858e-01,1.626464560798e-01,1.311095455189e+04
77,0.000000000000e+00,3,1.123742138918e+00,1.889617476202e-06,3.514405704305e-02,2.458610945037e-02,3.400686068966e-02,1.540158490910e-01,1.634531427306e-01,1.300297740705e+04
78,0.000000000000e+00,3,1.125468471520e+00,1.892866792348e-06,3.537728565790e-02,2.508698342249e-02,3.433411356580e-02,1.556788483916e-01,1.652139348501e-01,1.289691369126e+04
79,0.000000000000e+00,3,1.127197456176e+00,1.896138712267e-06,3.520645260183e-02,2.532280173812e-02,3.455704424834e-02,1.555010206547e-01,1.650923842111e-01,1.279233448098e+04
80,0.000000000000e+00,3,1.128929096959e+00,1.899433428940e-06,3.477375259336e-02,2.458363525223e-02,3.473850746915e-02,1.534810685428e-01,1.630238365818e-01,1.268851106208e+04
81,0.000000000000e+00,3,1.130663397950e+00,1.902751036799e-06,3.449532489318e-02,2.354741664619e-02,3.491677249539e-02,1.516948564985e-01,1.611673625762e-01,1.258444769069e+04
82,0.000000000000e+00,3,1.132400363236e+00,1.906091645385e-06,3.463572061731e-02,2.288615303727e-02,3.511737111671e-02,1.521990460429e-01,1.616205077149e-01,1.247897197616e+04
83,0.000000000000e+00,3,1.134139996909e+00,1.909455507055e-06,3.484574651869e-02,2.271606644006e-02,3.518114901058e-02,1.535923966096e-01,1.629680436986e-01,1.237076582664e+04
84,0.000000000000e+00,3,1.135882303070e+00,1.912843144252e-06,3.467950454088e-02,2.286573791079e-02,3.505155704340e-02,1.534139869108e-01,1.627574054734e-01,1.225841570679e+04
85,0.000000000000e+00,3,1.137627285823e+00,1.916255440493e-06,3.430577985920e-02,2.272245492688e-02,3.477186721668e-02,1.519523418202e-01,1.612197054458e-01,1.214034857242e+04
86,0.000000000000e+00,3,1.139374949281e+00,1.919693650065e-06,3.383273085351e-02,2.233238231430e-02,3.438814829947e-02,1.494241439155e-01,1.585985766177e-01,1.201386089992e+04
87,0.000000000000e+00,3,1.141125297562e+00,1.923159366188e-06,3.363945181286e-02,2.223424930433e-02,3.407863084437e-02,1.480306725063e-01,1.571636333357e-01,1.187794826212e+04
88,0.000000000000e+00,3,1.142878334790e+00,1.926654373004e-06,3.367521935500e-02,2.278150905945e-02,3.388050479539e-02,1.480011481814e-01,1.571790253877e-01,1.173384607383e+04
89,0.000000000000e+00,3,1.144634065096e+00,1.930180426537e-06,3.383146860058e-02,2.349320818208e-02,3.376979999779e-02,1.488136704398e-01,1.580582392664e-01,1.210541876140e+04
90,0.000000000000e+00,3,1.146392492617e+00,1.933738944192e-06,3.403662368395e-02,2.374229124674e-02,3.374223657770e-02,1.499611772553e-01,1.592139483792e-01,1.248478735296e+04
91,0.000000000000e+00,3,1.148153621497e+00,1.937272522098e-06,3.422188967337e-02,2.340962752732e-02,3.381022243167e-02,1.510039734953e-01,1.602013718607e-01,1.286682737494e+04
92,0.000000000000e+00,3,1.149917455886e+00,1.940829258318e-06,3.428317301868e-02,2.266956135355e-02,3.383435971948e-02,1.515001287469e-01,1.605811255165e-01,1.322982097565e+04
93,0.000000000000e+00,3,1.151683999940e+00,1.944413463544e-06,3.420956782746e-02,2.207935750688e-02,3.369651020436e-02,1.515145562665e-01,1.604677790693e-01,1.355805219812e+04
94,0.000000000000e+00,3,1.153453257821e+00,1.948026124529e-06,3.397548985281e-02,2.190723121291e-02,3.344922410669e-02,1.509069180860e-01,1.597686114658e-01,1.387508256822e+04
95,0.000000000000e+00,3,1.155225233699e+00,1.951667909427e-06,3.355697408286e-02,2.207028120048e-02,3.311014852351e-02,1.494123259494e-01,1.582197614166e-01,1.418805433605e+04
96,0.000000000000e+00,3,1.156999931750e+00,1.955344267482e-06,3.298980040100e-02,2.220552932962e-02,3.268701529652e-02,1.470912670722e-01,1.558386803114e-01,1.449590180365e+04
97,0.000000000000e+00,3,1.158777356155e+00,1.959055032168e-06,3.241315889232e-02,2.223386971113e-02,3.223231165431e-02,1.444774720517e-01,1.531588054169e-01,1.478381825926e+04
98,0.000000000000e+00,3,1.160557511103e+00,1.962796271238e-06,3.197370193611e-02,2.206770139399e-02,3.180551050859e-02,1.423803776615e-01,1.509737179183e-01,1.510684643598e+04
99,0.000000000000e+00,3,1.162340400787e+00,1.966565807599e-06,3.160983241795e-02,2.197011736221e-02,3.135363461641e-02,1.404658621860e-01,1.489817989075e-01,1.541588403237e+04
100,0.000000000000e+00,3,1.164126029410e+00,1.970360347614e-06,3.149646894458e-02,2.213928403212e-02,3.096867526352e-02,1.397582465386e-01,1.482349546380e-01,1.570762242364e+04
101,0.000000000000e+00,3,1.165914401180e+00,1.974178761356e-06,3.166299111632e-02,2.216229975023e-02,3.072579684642e-02,1.406497913046e-01,1.490642509877e-01,1.602445888789e+04
102,0.000000000000e+00,3,1.167705520309e+00,1.978021132610e-06,3.179747655194e-02,2.179580651357e-02,3.053430163032e-02,1.414311385598e-01,1.497372606502e-01,1.632505103601e+04
103,0.000000000000e+00,3,1.169499391020e+00,1.981888408189e-06,3.187276256419e-02,2.106493455792e-02,3.043903051905e-02,1.419155885864e-01,1.500872190567e-01,1.659596844406e+04
104,0.000000000000e+00,3,1.171296017538e+00,1.985769795046e-06,3.190082357830e-02,2.038625230178e-02,3.035703649270e-02,1.423250112523e-01,1.503702773838e-01,1.685557442425e+04
105,0.000000000000e+00,3,1.173095404098e+00,1.989642954429e-06,3.178315564442e-02,2.001871139113e-02,3.022748367347e-02,1.421726023210e-01,1.501255055226e-01,1.710791415501e+04
106,0.000000000000e+00,3,1.174897554940e+00,1.993550413528e-06,3.149971996946e-02,1.998792521911e-02,2.998885107005e-02,1.412307850287e-01,1.491214784698e-01,1.735620720601e+04
107,0.000000000000e+00,3,1.176702474309e+00,1.997497403363e-06,3.110221831043e-02,2.001802125262e-02,2.965224532857e-02,1.396873482596e-01,1.475123048275e-01,1.760195346480e+04
108,0.000000000000e+00,3,1.178510166460e+00,2.001486037457e-06,3.068554037917e-02,2.000470125275e-02,2.925823600839e-02,1.379020057686e-01,1.456530055642e-01,1.784488622788e+04
109,0.000000000000e+00,3,1.180320635652e+00,2.005517720358e-06,3.036100087634e-02,1.992088886004e-02,2.881463795289e-02,1.363655254661e-01,1.440294139514e-01,1.808340630941e+04
110,0.000000000000e+00,3,1.182133886151e+00,2.009593524082e-06,3.013511175744e-02,1.981668678043e-02,2.840172787194e-02,1.351732279313e-01,1.427560357080e-01,1.831498523341e+04
111,0.000000000000e+00,3,1.183949922229e+00,2.013713082421e-06,3.005313671203e-02,1.994298788013e-02,2.808951804187e-02,1.346547955039e-01,1.422035469594e-01,1.853466013658e+04
112,0.000000000000e+00,3,1.185768748167e+00,2.017874731903e-06,3.011478770307e-02,2.012398662687e-02,2.786989606329e-02,1.349774970892e-01,1.425044950280e-01,1.873697266286e+04
113,0.000000000000e+00,3,1.187590368250e+00,2.022074530711e-06,3.012281891052e-02,1.993453083328e-02,2.773393565603e-02,1.350979486240e-01,1.425671653925e-01,1.891700726892e+04
114,0.000000000000e+00,3,1.189414786770e+00,2.026311705701e-06,3.018026539595e-02,1.938798254917e-02,2.768709845211e-02,1.354857048061e-01,1.428625000279e-01,1.907161436435e+04
115,0.000000000000e+00,3,1.191242008027e+00,2.030585397243e-06,3.018164371307e-02,1.874971918089e-02,2.759924260827e-02,1.356380684322e-01,1.429051692108e-01,1.919917446329e+04
116,0.000000000000e+00,3,1.193072036327e+00,2.034894352512e-06,3.010555246238e-02,1.829848034216e-02,2.747301647592e-02,1.354958224252e-01,1.426711715830e-01,1.932608309569e+04
117,0.000000000000e+00,3,1.194904875980e+00,2.039237310271e-06,2.991473651791e-02,1.811364661931e-02,2.727768911266e-02,1.348804246321e-01,1.419851996761e-01,1.945493223325e+04
118,0.000000000000e+00,3,1.196740531307e+00,2.043613796774e-06,2.962071900377e-02,1.807452722704e-02,2.701416661532e-02,1.337791666738e-01,1.408215401230e-01,1.956390689259e+04
119,0.000000000000e+00,3,1.198579006633e+00,2.048023836879e-06,2.920295079088e-02,1.807030783795e-02,2.660331148533e-02,1.320074897686e-01,1.389714427400e-01,1.965496574090e+04
120,0.000000000000e+00,3,1.200420306290e+00,2.052467157278e-06,2.881023523697e-02,1.803645083443e-02,2.614556792279e-02,1.302107724843e-01,1.370904052299e-01,1.972660659627e+04
121,0.000000000000e+00,3,1.202264434617e+00,2.056943448055e-06,2.845677342002e-02,1.789432678692e-02,2.565920431534e-02,1.284443079777e-01,1.352269570115e-01,1.977419364330e+04
122,0.000000000000e+00,3,1.204111395960e+00,2.061452468808e-06,2.815626522999e-02,1.776512883821e-02,2.520346549189e-02,1.267979629866e-01,1.334964912074e-01,1.979269563710e+04
123,0.000000000000e+00,3,1.205961194670e+00,2.065994054572e-06,2.803015743990e-02,1.782878435722e-02,2.489508579637e-02,1.260190490384e-01,1.326805234204e-01,1.977621015928e+04
124,0.000000000000e+00,3,1.207813835107e+00,2.070553669826e-06,2.797162848668e-02,1.788027174217e-02,2.469193926743e-02,1.257584814274e-01,1.323895903517e-01,1.982110548871e+04
125,0.000000000000e+00,3,1.209669321636e+00,2.075115826878e-06,2.783905484776e-02,1.767964290073e-02,2.452159707221e-02,1.251317138579e-01,1.317073926698e-01,1.985481086346e+04
126,0.000000000000e+00,3,1.211527658629e+00,2.079711123349e-06,2.773814179458e-02,1.722352755196e-02,2.440137952484e-02,1.246435538836e-01,1.311392285283e-01,1.982160354967e+04
127,0.000000000000e+00,3,1.213388850465e+00,2.084352150492e-06,2.758936787397e-02,1.668528877274e-02,2.428154793433e-02,1.239332381451e-01,1.303403742834e-01,1.970209679379e+04
128,0.000000000000e+00,3,1.215252901530e+00,2.089029709875e-06,2.738261780403e-02,1.628595540701e-02,2.412514900644e-02,1.230073383541e-01,1.293362602090e-01,1.948521663752e+04
129,0.000000000000e+00,3,1.217119816217e+00,2.093756003879e-06,2.706388125599e-02,1.609858462208e-02,2.387473373928e-02,1.215585064600e-01,1.278205441210e-01,1.924349903905e+04
130,0.000000000000e+00,3,1.218989598925e+00,2.098512507414e-06,2.667778505415e-02,1.603731585593e-02,2.356278751590e-02,1.197628334825e-01,1.259652370876e-01,1.899629021703e+04
131,0.000000000000e+00,3,1.220862254059e+00,2.103287768885e-06,2.625190835724e-02,1.602453482806e-02,2.318075234266e-02,1.176903349090e-01,1.238317835575e-01,1.867006019257e+04
132,0.000000000000e+00,3,1.222737786033e+00,2.108069465487e-06,2.582709955606e-02,1.600001819425e-02,2.278324001326e-02,1.155324911326e-01,1.216136184253e-01,1.833950426969e+04
133,0.000000000000e+00,3,1.224616199265e+00,2.112846213589e-06,2.548091146486e-02,1.592484575327e-02,2.246133301045e-02,1.136893595631e-01,1.197190858628e-01,1.796999490083e+04
134,0.000000000000e+00,3,1.226497498183e+00,2.117611327268e-06,2.518175006165e-02,1.582584001612e-02,2.220708751383e-02,1.120236517055e-01,1.180128426302e-01,1.751511391635e+04
135,0.000000000000e+00,3,1.228381687218e+00,2.122361404824e-06,2.496222074673e-02,1.584392970925e-02,2.200958160569e-02,1.107688554375e-01,1.167403254691e-01,1.697954075083e+04
136,0.000000000000e+00,3,1.230268770812e+00,2.127092497814e-06,2.485194262924e-02,1.590394267495e-02,2.185893159557e-02,1.100571692112e-01,1.160213248948e-01,1.637149068081e+04
137,0.000000000000e+00,3,1.232158753411e+00,2.131797804320e-06,2.472076757646e-02,1.581429669790e-02,2.171556789942e-02,1.092874630249e-01,1.152237987276e-01,1.570289413323e+04
138,0.000000000000e+00,3,1.234051639468e+00,2.136463137010e-06,2.456009266480e-02,1.552809877628e-02,2.153763654675e-02,1.084026972726e-01,1.142774455757e-01,1.498934644243e+04
139,0.000000000000e+00,3,1.235947433445e+00,2.141076573484e-06,2.439685530155e-02,1.516239687749e-02,2.132762079545e-02,1.075351922929e-01,1.133304452384e-01,1.424981119702e+04
140,0.000000000000e+00,3,1.237846139807e+00,2.145584709259e-06,2.422041150378e-02,1.486431831923e-02,2.111655490461e-02,1.066565128587e-01,1.123792548415e-01,1.350606852084e+04
141,0.000000000000e+00,3,1.239747763029e+00,2.149886456454e-06,2.400931085567e-02,1.464340645090e-02,2.091862208831e-02,1.057061389869e-01,1.113654027508e-01,1.278156151454e+04
142,0.000000000000e+00,3,1.241652307592e+00,2.154115369622e-06,2.373591354614e-02,1.455843027728e-02,2.068327697770e-02,1.045035671079e-01,1.101096497534e-01,1.210042564064e+04
143,0.000000000000e+00,3,1.243559777985e+00,2.158309850406e-06,2.342054668345e-02,1.454493494581e-02,2.043889849419e-02,1.031091535978e-01,1.086707102528e-01,1.148596379642e+04
144,0.000000000000e+00,3,1.245470178701e+00,2.162461716610e-06,2.309181080980e-02,1.455839869392e-02,2.016251011052e-02,1.015671484663e-01,1.070868393433e-01,1.099613910068e+04
145,0.000000000000e+00,3,1.247383514243e+00,2.166574979750e-06,2.274225780670e-02,1.454289028607e-02,1.986164061739e-02,9.986701568984e-02,1.053404553760e-01,1.073388444241e+04
146,0.000000000000e+00,3,1.249299789119e+00,2.170657174685e-06,2.244574563329e-02,1.452513027518e-02,1.956939471952e-02,9.840673433023e-02,1.038346641434e-01,1.059407790489e+04
147,0.000000000000e+00,3,1.251219007844e+00,2.174724280518e-06,2.222865467553e-02,1.449796288004e-02,1.930867636925e-02,9.732816911743e-02,1.027127134450e-01,1.069677049168e+04
148,0.000000000000e+00,3,1.253141174941e+00,2.178796171118e-06,2.208049638936e-02,1.445349185244e-02,1.910412545052e-02,9.660644612578e-02,1.019520710423e-01,1.078408942806e+04
149,0.000000000000e+00,3,1.255066294940e+00,2.182891002915e-06,2.202475488843e-02,1.435558415267e-02,1.892681296634e-02,9.634155666840e-02,1.016419815559e-01,1.112465614003e+04
150,0.000000000000e+00,3,1.256994372377e+00,2.187025920043e-06,2.201008376128e-02,1.415316011870e-02,1.877485634033e-02,9.630181624932e-02,1.015445260565e-01,1.151481195640e+04
151,0.000000000000e+00,3,1.258925411794e+00,2.191215699865e-06,2.200175783345e-02,1.386302192335e-02,1.859277174982e-02,9.631707525913e-02,1.014836483007e-01,1.191983794708e+04
152,0.000000000000e+00,3,1.260859417743e+00,2.195471453464e-06,2.194659729375e-02,1.354017538295e-02,1.840046943705e-02,9.614633741713e-02,1.012308498256e-01,1.226765367969e+04
153,0.000000000000e+00,3,1.262796394781e+00,2.199799669610e-06,2.181196649654e-02,1.327454080430e-02,1.818463415957e-02,9.565117963953e-02,1.006568646539e-01,1.253465456119e+04
154,0.000000000000e+00,3,1.264736347471e+00,2.204201725410e-06,2.159450399691e-02,1.310549051195e-02,1.792942372956e-02,9.478529255647e-02,9.971856599812e-02,1.273402152482e+04
155,0.000000000000e+00,3,1.266679280386e+00,2.208675752026e-06,2.130931262350e-02,1.303915035102e-02,1.763231272526e-02,9.358036548850e-02,9.844942612004e-02,1.280681139360e+04
156,0.000000000000e+00,3,1.268625198103e+00,2.213215795344e-06,2.099762104993e-02,1.301534829410e-02,1.731313035409e-02,9.217494702884e-02,9.698589961123e-02,1.280344001979e+04
157,0.000000000000e+00,3,1.270574105209e+00,2.217802612640e-06,2.069853608480e-02,1.297797127220e-02,1.701319530873e-02,9.077172949648e-02,9.552912029738e-02,1.269962994742e+04
158,0.000000000000e+00,3,1.272526006294e+00,2.222447537911e-06,2.045088396726e-02,1.295095264960e-02,1.677009954466e-02,8.957080851570e-02,9.428749549367e-02,1.250459419799e+04
159,0.000000000000e+00,3,1.274480905960e+00,2.227110351929e-06,2.026781738018e-02,1.291038736538e-02,1.657480547857e-02,8.866621878408e-02,9.334819255561e-02,1.220883555363e+04
160,0.000000000000e+00,3,1.276438808811e+00,2.231786025392e-06,2.013944458137e-02,1.282048896684e-02,1.642406738645e-02,8.802206861200e-02,9.266928680876e-02,1.185638637543e+04
161,0.000000000000e+00,3,1.278399719463e+00,2.236462779556e-06,2.004440491601e-02,1.271968073116e-02,1.630813727566e-02,8.756441619436e-02,9.217944874646e-02,1.146135647265e+04
162,0.000000000000e+00,3,1.280363642535e+00,2.241130266183e-06,1.995522082319e-02,1.261696333244e-02,1.620233835481e-02,8.713270387731e-02,9.171707831680e-02,1.122653071652e+04
163,0.000000000000e+00,3,1.282330582656e+00,2.245780044146e-06,1.982100691869e-02,1.248624382532e-02,1.603940936947e-02,8.648058933659e-02,9.102161053872e-02,1.146896616665e+04
164,0.000000000000e+00,3,1.284300544460e+00,2.250406071186e-06,1.967574077760e-02,1.230272925287e-02,1.582383115519e-02,8.576736749682e-02,9.024924865050e-02,1.162610785079e+04
165,0.000000000000e+00,3,1.286273532589e+00,2.255005005806e-06,1.953469882951e-02,1.211266747821e-02,1.558881895235e-02,8.510355934289e-02,8.952065829157e-02,1.170138356917e+04
166,0.000000000000e+00,3,1.288249551693e+00,2.259576343331e-06,1.936528333359e-02,1.198616082415e-02,1.533181510633e-02,8.431965877666e-02,8.867666920087e-02,1.170442962952e+04
167,0.000000000000e+00,3,1.290228606428e+00,2.264122002016e-06,1.916567321360e-02,1.193262619331e-02,1.506044432207e-02,8.339066850083e-02,8.769567363213e-02,1.164261351341e+04
168,0.000000000000e+00,3,1.292210701456e+00,2.268564476600e-06,1.896052415192e-02,1.191599622967e-02,1.481545326701e-02,8.244246181413e-02,8.670495722703e-02,1.152726624195e+04
169,0.000000000000e+00,3,1.294195841450e+00,2.272983392932e-06,1.876811631430e-02,1.190915899240e-02,1.459932966383e-02,8.157428622084e-02,8.579962037775e-02,1.137165029829e+04
170,0.000000000000e+00,3,1.296184031086e+00,2.277409722358e-06,1.857288176322e-02,1.187375307417e-02,1.440245987259e-02,8.067767606740e-02,8.486610757584e-02,1.118897457635e+04
171,0.000000000000e+00,3,1.298175275050e+00,2.281857923105e-06,1.842875767772e-02,1.180020194725e-02,1.422576540371e-02,8.001297375738e-02,8.416241587764e-02,1.106615704775e+04
172,0.000000000000e+00,3,1.300169578033e+00,2.286339021050e-06,1.832913900659e-02,1.171088759339e-02,1.408325147221e-02,7.954026804907e-02,8.365461396896e-02,1.125668424818e+04
173,0.000000000000e+00,3,1.302166944736e+00,2.290862392001e-06,1.824991537849e-02,1.163880778892e-02,1.395017928725e-02,7.918485080181e-02,8.326685629181e-02,1.140993689314e+04
174,0.000000000000e+00,3,1.304167379864e+00,2.295428368878e-06,1.816438063811e-02,1.159164750473e-02,1.381634372328e-02,7.880643411107e-02,8.285925673709e-02,1.152397665171e+04
175,0.000000000000e+00,3,1.306170888132e+00,2.300029945058e-06,1.804780773197e-02,1.156879534359e-02,1.367240286885e-02,7.826476139037e-02,8.229135960313e-02,1.159762083592e+04
176,0.000000000000e+00,3,1.308177474260e+00,2.304655112129e-06,1.792606561243e-02,1.154228255694e-02,1.350430949129e-02,7.768715967575e-02,8.168371482914e-02,1.162948191441e+04
177,0.000000000000e+00,3,1.310187142977e+00,2.309287295045e-06,1.782859693059e-02,1.146955498977e-02,1.332212255277e-02,7.720907084861e-02,8.116729101549e-02,1.161856633052e+04
178,0.000000000000e+00,3,1.312199899019e+00,2.313916092682e-06,1.775602637094e-02,1.138338716092e-02,1.315822153514e-02,7.685327898624e-02,8.077390210115e-02,1.156454421195e+04
179,0.000000000000e+00,3,1.314215747128e+00,2.318528307653e-06,1.766337272947e-02,1.130673216073e-02,1.298494273411e-02,7.642327464777e-02,8.030543302934e-02,1.146780410269e+04
180,0.000000000000e+00,3,1.316234692055e+00,2.323064013549e-06,1.755226737486e-02,1.126931623063e-02,1.283500008579e-02,7.595339838710e-02,7.980435785129e-02,1.181817208597e+04
181,0.000000000000e+00,3,1.318256738556e+00,2.327563714294e-06,1.742325642032e-02,1.124570273528e-02,1.269629805730e-02,7.540425330134e-02,7.922772932876e-02,1.216103639306e+04
182,0.000000000000e+00,3,1.320281891398e+00,2.332042457140e-06,1.730436497090e-02,1.121547850410e-02,1.258201128100e-02,7.490329003192e-02,7.870221007446e-02,1.246119330307e+04
183,0.000000000000e+00,3,1.322310155351e+00,2.336497244871e-06,1.718192018875e-02,1.119077466267e-02,1.246878234729e-02,7.438110029457e-02,7.815670433928e-02,1.271605110219e+04
184,0.000000000000e+00,3,1.324341535195e+00,2.340926362234e-06,1.706797466328e-02,1.116982742550e-02,1.234126065645e-02,7.389776094425e-02,7.764835214598e-02,1.292428536421e+04
185,0.000000000000e+00,3,1.326376035717e+00,2.345329246169e-06,1.695621188655e-02,1.114197803095e-02,1.219852144674e-02,7.341838627054e-02,7.714091109159e-02,1.308583105022e+04
186,0.000000000000e+00,3,1.328413661711e+00,2.349706203121e-06,1.688331961796e-02,1.110254050026e-02,1.205708281900e-02,7.310831305189e-02,7.680176801532e-02,1.320178553018e+04
187,0.000000000000e+00,3,1.330454417978e+00,2.354048210251e-06,1.680856258753e-02,1.104876526414e-02,1.191727830372e-02,7.277936364605e-02,7.644252929497e-02,1.327429790566e+04
188,0.000000000000e+00,3,1.332498309328e+00,2.358288906972e-06,1.673145487250e-02,1.098280966802e-02,1.179173010759e-02,7.241938613816e-02,7.605377096445e-02,1.330637847452e+04
189,0.000000000000e+00,3,1.334545340576e+00,2.362501365502e-06,1.666083996224e-02,1.092839699047e-02,1.169981947609e-02,7.208956455956e-02,7.570207753549e-02,1.330179556934e+04
190,0.000000000000e+00,3,1.336595516546e+00,2.366687516466e-06,1.659700578424e-02,1.083454041370e-02,1.160855524041e-02,7.178552710289e-02,7.537087184840e-02,1.326473267958e+04
191,0.000000000000e+00,3,1.338648842070e+00,2.370777521312e-06,1.655001592275e-02,1.073538183646e-02,1.152001034419e-02,7.157939450128e-02,7.513635475400e-02,1.319886920509e+04
192,0.000000000000e+00,3,1.340705321985e+00,2.374853851925e-06,1.649274789969e-02,1.065151609446e-02,1.141852481362e-02,7.134016525285e-02,7.486833386430e-02,1.310961995711e+04
193,0.000000000000e+00,3,1.342764961138e+00,2.378925488144e-06,1.642087332952e-02,1.055933436632e-02,1.131937108772e-02,7.101931426183e-02,7.451855999149e-02,1.300146503412e+04
194,0.000000000000e+00,3,1.344827764381e+00,2.382958637864e-06,1.632807406681e-02,1.049125787133e-02,1.120289528823e-02,7.060083532368e-02,7.407196032032e-02,1.287735767417e+04
195,0.000000000000e+00,3,1.346893736577e+00,2.386948821716e-06,1.622062761117e-02,1.045692356495e-02,1.107688883409e-02,7.013900727077e-02,7.358419543432e-02,1.274151927489e+04
196,0.000000000000e+00,3,1.348962882592e+00,2.390903724310e-06,1.606610588216e-02,1.042830476144e-02,1.094196283138e-02,6.947431695941e-02,7.289222568967e-02,1.259612541051e+04
197,0.000000000000e+00,3,1.351035207302e+00,2.394834242219e-06,1.590377471833e-02,1.043941019907e-02,1.078293079449e-02,6.874845808209e-02,7.214245227867e-02,1.244234000006e+04
198,0.000000000000e+00,3,1.353110715592e+00,2.398536868637e-06,1.577763841094e-02,1.045994557897e-02,1.062019725606e-02,6.817990769775e-02,7.155160891813e-02,1.228047206754e+04
199,0.000000000000e+00,3,1.355189412351e+00,2.402071992057e-06,1.567758489269e-02,1.047003935171e-02,1.045894491641e-02,6.770867763743e-02,7.105816595064e-02,1.211005589878e+04
200,0.000000000000e+00,3,1.357271302478e+00,2.405607774907e-06,1.559695921965e-02,1.046321380768e-02,1.029605584026e-02,6.732276518255e-02,7.064777036662e-02,1.192995823436e+04
201,0.000000000000e+00,3,1.359356390879e+00,2.409135269885e-06,1.553457631962e-02,1.044146586031e-02,1.014330238794e-02,6.702838569271e-02,7.032807648902e-02,1.173853111762e+04
202,0.000000000000e+00,3,1.361444682466e+00,2.412651555238e-06,1.549808726251e-02,1.040732550660e-02,9.987799538726e-03,6.685853331970e-02,7.013075466787e-02,1.153380450550e+04
203,0.000000000000e+00,3,1.363536182161e+00,2.416186671580e-06,1.547323229329e-02,1.036989152700e-02,9.858780656329e-03,6.675043353079e-02,6.999836784141e-02,1.131370227137e+04
204,0.000000000000e+00,3,1.365630894892e+00,2.419751034826e-06,1.544316094137e-02,1.034007662805e-02,9.770284430012e-03,6.663050194156e-02,6.986050852493e-02,1.107627413964e+04
205,0.000000000000e+00,3,1.367728825596e+00,2.423353421436e-06,1.541591571426e-02,1.030017831740e-02,9.698501106492e-03,6.654009836587e-02,6.975234580235e-02,1.081993057269e+04
206,0.000000000000e+00,3,1.369829979215e+00,2.426998896139e-06,1.534168489544e-02,1.024881674616e-02,9.614413946425e-03,6.625837534449e-02,6.944792868727e-02,1.054364402936e+04
207,0.000000000000e+00,3,1.371934360701e+00,2.430691479640e-06,1.525552254213e-02,1.020846211806e-02,9.503681620437e-03,6.591550701978e-02,6.908051604372e-02,1.024711019784e+04
208,0.000000000000e+00,3,1.374041975013e+00,2.434434066874e-06,1.516433410626e-02,1.019622414089e-02,9.381805684968e-03,6.554833311626e-02,6.869150069586e-02,9.930859587646e+03
209,0.000000000000e+00,3,1.376152827116e+00,2.437817889597e-06,1.507480887290e-02,1.022147318634e-02,9.259962157435e-03,6.518611166541e-02,6.831328150416e-02,9.779046125654e+03
210,0.000000000000e+00,3,1.378266921986e+00,2.441214822440e-06,1.498013156780e-02,1.025584139851e-02,9.146064397152e-03,6.480478142348e-02,6.791830985737e-02,9.717980141366e+03
211,0.000000000000e+00,3,1.380384264603e+00,2.444640125116e-06,1.489243442665e-02,1.027698552863e-02,9.036932691332e-03,6.444196399580e-02,6.754134963718e-02,9.712240344610e+03
212,0.000000000000e+00,3,1.382504859957e+00,2.448103865820e-06,1.483791839691e-02,1.028148840055e-02,8.926937571182e-03,6.421493122517e-02,6.729874020171e-02,9.675474915717e+03
213,0.000000000000e+00,3,1.384628713045e+00,2.451616980217e-06,1.479903017243e-02,1.029253754136e-02,8.830454796346e-03,6.404212826368e-02,6.711422164889e-02,9.605935324316e+03
214,0.000000000000e+00,3,1.386755828872e+00,2.455190134611e-06,1.478673871139e-02,1.030159842679e-02,8.746781175169e-03,6.398668506642e-02,6.704903145148e-02,9.581210884289e+03
215,0.000000000000e+00,3,1.388886212449e+00,2.458833513551e-06,1.479073078366e-02,1.030825355431e-02,8.683349774590e-03,6.400252347193e-02,6.705780627591e-02,9.611008712401e+03
216,0.000000000000e+00,3,1.391019868798e+00,2.462557685441e-06,1.478492040938e-02,1.032190305489e-02,8.632658966760e-03,6.399120985743e-02,6.704128052208e-02,9.588623747827e+03
217,0.000000000000e+00,3,1.393156802945e+00,2.466358999684e-06,1.477459677547e-02,1.034103454756e-02,8.588195547824e-03,6.397890554447e-02,6.702449673684e-02,9.512591204267e+03
218,0.000000000000e+00,3,1.395297019927e+00,2.470202322884e-06,1.474635629572e-02,1.034758995538e-02,8.532306469440e-03,6.389399485147e-02,6.693108749791e-02,9.382327000809e+03
219,0.000000000000e+00,3,1.397440524786e+00,2.474101307311e-06,1.469057799618e-02,1.034431687700e-02,8.456773884386e-03,6.369464373259e-02,6.671838306094e-02,9.199217361431e+03
220,0.000000000000e+00,3,1.399587322573e+00,2.478048894966e-06,1.461156444265e-02,1.036025996386e-02,8.361992288198e-03,6.339138355400e-02,6.640198209315e-02,8.965005913178e+03
221,0.000000000000e+00,3,1.401737418347e+00,2.482048025906e-06,1.454364126313e-02,1.040182753009e-02,8.268340581624e-03,6.312580126433e-02,6.612826746856e-02,8.682112616997e+03
222,0.000000000000e+00,3,1.403890817174e+00,2.486105720923e-06,1.448518784564e-02,1.046164210316e-02,8.183507262776e-03,6.289228628582e-02,6.589139615910e-02,8.573966424684e+03
223,0.000000000000e+00,3,1.406047524130e+00,2.490247126713e-06,1.443408906493e-02,1.051777474290e-02,8.117736356343e-03,6.268157861592e-02,6.567986338301e-02,8.470482790037e+03
224,0.000000000000e+00,3,1.408207544295e+00,2.493899698623e-06,1.440232006230e-02,1.054028974040e-02,8.064011460199e-03,6.256076883499e-02,6.555457733098e-02,8.352214991426e+03
225,0.000000000000e+00,3,1.410370882760e+00,2.497618379280e-06,1.438072775391e-02,1.057093680024e-02,8.014079869236e-03,6.248806695966e-02,6.547926407705e-02,8.219003501261e+03
226,0.000000000000e+00,3,1.412537544623e+00,2.501411526309e-06,1.436609591088e-02,1.060310053765e-02,7.946122852934e-03,6.245102581724e-02,6.543761874298e-02,8.095025186642e+03
227,0.000000000000e+00,3,1.414707534988e+00,2.505280322757e-06,1.435616873383e-02,1.060934185301e-02,7.888278617865e-03,6.243457500183e-02,6.541375092808e-02,8.150722791252e+03
228,0.000000000000e+00,3,1.416880858970e+00,2.509224382487e-06,1.435503849380e-02,1.061090013607e-02,7.836173594771e-03,6.245301571013e-02,6.542509548907e-02,8.215699698320e+03
229,0.000000000000e+00,3,1.419057521689e+00,2.513242348785e-06,1.434678256717e-02,1.062554900545e-02,7.810337887201e-03,6.244702529483e-02,6.541685415688e-02,8.295846765083e+03
230,0.000000000000e+00,3,1.421237528275e+00,2.517332518887e-06,1.432683963419e-02,1.064515735249e-02,7.792764399821e-03,6.239221696175e-02,6.536125475659e-02,8.347026785010e+03
231,0.000000000000e+00,3,1.423420883864e+00,2.521469260987e-06,1.428702005916e-02,1.064101688751e-02,7.769306577931e-03,6.225417727875e-02,6.521728985420e-02,8.369527997003e+03
232,0.000000000000e+00,3,1.425607593602e+00,2.525670356476e-06,1.424057170010e-02,1.062944037642e-02,7.716595851052e-03,6.208131670759e-02,6.503394975502e-02,8.364170100199e+03
233,0.000000000000e+00,3,1.427797662641e+00,2.529935921419e-06,1.421265920885e-02,1.064272037667e-02,7.647115694364e-03,6.197713730903e-02,6.492234674031e-02,8.332052539815e+03
234,0.000000000000e+00,3,1.429991096142e+00,2.534208687456e-06,1.419939004076e-02,1.066217594740e-02,7.565188143455e-03,6.193328138289e-02,6.487116530448e-02,8.274511397976e+03
235,0.000000000000e+00,3,1.432187899274e+00,2.538526927575e-06,1.418344173233e-02,1.069924151713e-02,7.504643964636e-03,6.187795146857e-02,6.481392093832e-02,8.193688524198e+03
236,0.000000000000e+00,3,1.434388077212e+00,2.542892481346e-06,1.415095505552e-02,1.073737729977e-02,7.460963294935e-03,6.174569777390e-02,6.468182099427e-02,8.092269849053e+03
237,0.000000000000e+00,3,1.436591635142e+00,2.547304390991e-06,1.413451198707e-02,1.077895823616e-02,7.426126479848e-03,6.168654594631e-02,6.462466769779e-02,7.973414105990e+03
238,0.000000000000e+00,3,1.438798578256e+00,2.551774811269e-06,1.412311163339e-02,1.079150972999e-02,7.394692010935e-03,6.165785449068e-02,6.459327716405e-02,7.900481951405e+03
239,0.000000000000e+00,3,1.441008911754e+00,2.556305046733e-06,1.411200686573e-02,1.081191924295e-02,7.368387311557e-03,6.163117661031e-02,6.456579123219e-02,7.968426531619e+03
240,0.000000000000e+00,3,1.443222640845e+00,2.560885778203e-06,1.410921001980e-02,1.083841803342e-02,7.342040889249e-03,6.163745577183e-02,6.457261518085e-02,8.021422569631e+03
241,0.000000000000e+00,3,1.445439770746e+00,2.565507902277e-06,1.410119957614e-02,1.086571969281e-02,7.321314039798e-03,6.161773461449e-02,6.455427601809e-02,8.060210240591e+03
242,0.000000000000e+00,3,1.447660306680e+00,2.570172431193e-06,1.409734929151e-02,1.091023162889e-02,7.290430822348e-03,6.161580519885e-02,6.455560582259e-02,8.101615139950e+03
243,0.000000000000e+00,3,1.449884253881e+00,2.574859989648e-06,1.410469678923e-02,1.097275194708e-02,7.248503449786e-03,6.166247586388e-02,6.460762717151e-02,8.123914663028e+03
244,0.000000000000e+00,3,1.452111617588e+00,2.579563481747e-06,1.412101092828e-02,1.102963474948e-02,7.201437487986e-03,6.174552742679e-02,6.469487345570e-02,8.126974534630e+03
245,0.000000000000e+00,3,1.454342403050e+00,2.584278263759e-06,1.414096767348e-02,1.108182819801e-02,7.157207085983e-03,6.184696549431e-02,6.480005121201e-02,8.111606192582e+03
246,0.000000000000e+00,3,1.456576615524e+00,2.588829035573e-06,1.416522639501e-02,1.114458873815e-02,7.116278440483e-03,6.196159900440e-02,6.492100328082e-02,8.078770927296e+03
247,0.000000000000e+00,3,1.458814260275e+00,2.593118884382e-06,1.418652787908e-02,1.120474554380e-02,7.085869369687e-03,6.206635280732e-02,6.503265019582e-02,8.029201813406e+03
248,0.000000000000e+00,3,1.461055342576e+00,2.597420341085e-06,1.420669642453e-02,1.126104057822e-02,7.065507063473e-03,6.217406813517e-02,6.514735141772e-02,7.956860221626e+03
249,0.000000000000e+00,3,1.463299867706e+00,2.601744190845e-06,1.422470327225e-02,1.130523383593e-02,7.055651695737e-03,6.227793543524e-02,6.525698398023e-02,7.886366143903e+03
250,0.000000000000e+00,3,1.465547840956e+00,2.606093367230e-06,1.423417111231e-02,1.134609272366e-02,7.053522200200e-03,6.235353828488e-02,6.533805445084e-02,7.923562407323e+03
251,0.000000000000e+00,3,1.467799267622e+00,2.610470915673e-06,1.424395149553e-02,1.138682211887e-02,7.046234387767e-03,6.243652056634e-02,6.542567073903e-02,7.950634915614e+03
252,0.000000000000e+00,3,1.470054153010e+00,2.614879808610e-06,1.426185907435e-02,1.143588861547e-02,7.035368823919e-03,6.255061556460e-02,6.554583201608e-02,7.962040116287e+03
253,0.000000000000e+00,3,1.472312502433e+00,2.619322743112e-06,1.427598433554e-02,1.149481089065e-02,7.025654614807e-03,6.263696592079e-02,6.564056465851e-02,7.955641628956e+03
254,0.000000000000e+00,3,1.474574321212e+00,2.623803586971e-06,1.429046962497e-02,1.155231411696e-02,7.016576527143e-03,6.271583904054e-02,6.572809366077e-02,7.929515483810e+03
255,0.000000000000e+00,3,1.476839614678e+00,2.628325521106e-06,1.431703132930e-02,1.160249707821e-02,7.008404164189e-03,6.283960131259e-02,6.585991608397e-02,7.882211221372e+03
256,0.000000000000e+00,3,1.479108388168e+00,2.632886558397e-06,1.435829564919e-02,1.164960127137e-02,7.009983357240e-03,6.302139673563e-02,6.605081511163e-02,7.815125760385e+03
257,0.000000000000e+00,3,1.481380647029e+00,2.637486676337e-06,1.440354955458e-02,1.170023884900e-02,7.017956832703e-03,6.321515675319e-02,6.625530612963e-02,7.782567698155e+03
258,0.000000000000e+00,3,1.483656396614e+00,2.642124685941e-06,1.445189999680e-02,1.175441341114e-02,7.032350451044e-03,6.341735782607e-02,6.646983432102e-02,7.729334759012e+03
259,0.000000000000e+00,3,1.485935642287e+00,2.646799097957e-06,1.450214025032e-02,1.179525214106e-02,7.046782580612e-03,6.363499646618e-02,6.669715110033e-02,7.653796206104e+03
260,0.000000000000e+00,3,1.488218389418e+00,2.651509081761e-06,1.453765677177e-02,1.183679190267e-02,7.060234625116e-03,6.379764266306e-02,6.686882105501e-02,7.554961222934e+03
261,0.000000000000e+00,3,1.490504643386e+00,2.656250158838e-06,1.456688169326e-02,1.187432466174e-02,7.069509846402e-03,6.393209272789e-02,6.701107429727e-02,7.457867591208e+03
262,0.000000000000e+00,3,1.492794409579e+00,2.660922703393e-06,1.459312355915e-02,1.191690659290e-02,7.075010319025e-03,6.405200316118e-02,6.713930888780e-02,7.369977956059e+03
263,0.000000000000e+00,3,1.495087693392e+00,2.665577670139e-06,1.461878553787e-02,1.196341425976e-02,7.077470523443e-03,6.416381533350e-02,6.726007700349e-02,7.441981124960e+03
264,0.000000000000e+00,3,1.497384500229e+00,2.670240039628e-06,1.464251031496e-02,1.201096863132e-02,7.079139583223e-03,6.426917682792e-02,6.737438521548e-02,7.518472317093e+03
265,0.000000000000e+00,3,1.499684835502e+00,2.674903908080e-06,1.466307990825e-02,1.206444608685e-02,7.080241962109e-03,6.435163633789e-02,6.746717496223e-02,7.577936520963e+03
266,0.000000000000e+00,3,1.501988704632e+00,2.679566568435e-06,1.468109853335e-02,1.212684743171e-02,7.078750400999e-03,6.441541263568e-02,6.754294319204e-02,7.620326332509e+03
267,0.000000000000e+00,3,1.504296113048e+00,2.684078327100e-06,1.470796388655e-02,1.218884402436e-02,7.074388024916e-03,6.451417786036e-02,6.765366384213e-02,7.645777238544e+03
268,0.000000000000e+00,3,1.506607066187e+00,2.688509894979e-06,1.474005017164e-02,1.225140677522e-02,7.074143666739e-03,6.463024351570e-02,6.778257838524e-02,7.768335042157e+03
269,0.000000000000e+00,3,1.508921569494e+00,2.692942769955e-06,1.477524063563e-02,1.231218648437e-02,7.079660910716e-03,6.475940006246e-02,6.792495246173e-02,7.975353915158e+03
270,0.000000000000e+00,3,1.511239628423e+00,2.697124923766e-06,1.480577614386e-02,1.237650999110e-02,7.092354101803e-03,6.487146710170e-02,6.805143449931e-02,8.165556403448e+03
271,0.000000000000e+00,3,1.513561248436e+00,2.701296093297e-06,1.483303584647e-02,1.243895763910e-02,7.107922766851e-03,6.497456300323e-02,6.816863665272e-02,8.335633389150e+03
272,0.000000000000e+00,3,1.515886435005e+00,2.705484561014e-06,1.485521687269e-02,1.249439224279e-02,7.123497153861e-03,6.506304900100e-02,6.826955297099e-02,8.482400993270e+03
273,0.000000000000e+00,3,1.518215193608e+00,2.709684416072e-06,1.487901408727e-02,1.254997186174e-02,7.137444587394e-03,6.516056068101e-02,6.837929977296e-02,8.602802540203e+03
274,0.000000000000e+00,3,1.520547529732e+00,2.713888742173e-06,1.490283114303e-02,1.260113966355e-02,7.150488816123e-03,6.526498536088e-02,6.849475090372e-02,8.694298976174e+03
275,0.000000000000e+00,3,1.522883448875e+00,2.718090094594e-06,1.492023648685e-02,1.264591858106e-02,7.159684633278e-03,6.534072840559e-02,6.857991386844e-02,8.755678207552e+03
276,0.000000000000e+00,3,1.525222956539e+00,2.722280448078e-06,1.493167714738e-02,1.269504371157e-02,7.168370563926e-03,6.539091901000e-02,6.864019917502e-02,8.786957617508e+03
277,0.000000000000e+00,3,1.527566058238e+00,2.726451876376e-06,1.494895820712e-02,1.274605200824e-02,7.171487865361e-03,6.546261735464e-02,6.872203214689e-02,8.787111886599e+03
278,0.000000000000e+00,3,1.529912759493e+00,2.730593599321e-06,1.497216269413e-02,1.278988163933e-02,7.170837203302e-03,6.555443929366e-02,6.882261361929e-02,8.757108979097e+03
279,0.000000000000e+00,3,1.532263065834e+00,2.734644824122e-06,1.500168034285e-02,1.282628298653e-02,7.170715811707e-03,6.566624329775e-02,6.894228472028e-02,8.698535420189e+03
280,0.000000000000e+00,3,1.534616982799e+00,2.738647271624e-06,1.503451970123e-02,1.286815452105e-02,7.172218412322e-03,6.578665139850e-02,6.907206673183e-02,8.613033465339e+03
281,0.000000000000e+00,3,1.536974515935e+00,2.742594444991e-06,1.506303457834e-02,1.290928176903e-02,7.168667575579e-03,6.588948250247e-02,6.918351151649e-02,8.502308430679e+03
282,0.000000000000e+00,3,1.539335670797e+00,2.746481152546e-06,1.509515175409e-02,1.295539925082e-02,7.164677544340e-03,6.600380861663e-02,6.930758495606e-02,8.366420645754e+03
283,0.000000000000e+00,3,1.541700452950e+00,2.750307317734e-06,1.513344501359e-02,1.299935245506e-02,7.156019022226e-03,6.614266059257e-02,6.945548560582e-02,8.209389974049e+03
284,0.000000000000e+00,3,1.544068867964e+00,2.754079157094e-06,1.517560969403e-02,1.303286004455e-02,7.145001049806e-03,6.630550297188e-02,6.962489019655e-02,8.032414906503e+03
285,0.000000000000e+00,3,1.546440921422e+00,2.757802269108e-06,1.520609344825e-02,1.305790441773e-02,7.129155071008e-03,6.642936436850e-02,6.975255872130e-02,7.836390658253e+03
286,0.000000000000e+00,3,1.548816618912e+00,2.761484627677e-06,1.522348405410e-02,1.308703516655e-02,7.110959494171e-03,6.649994556966e-02,6.982716850834e-02,7.622016437099e+03
287,0.000000000000e+00,3,1.551195966034e+00,2.765137536514e-06,1.523391034072e-02,1.311525753972e-02,7.093472622365e-03,6.653776023742e-02,6.986896947758e-02,7.393365367751e+03
288,0.000000000000e+00,3,1.553578968393e+00,2.768461771009e-06,1.524326480083e-02,1.314362294534e-02,7.077905486314e-03,6.656963134526e-02,6.990511075332e-02,7.549796500868e+03
289,0.000000000000e+00,3,1.555965631605e+00,2.771560501576e-06,1.524806288101e-02,1.317023199572e-02,7.061378494280e-03,6.658238877063e-02,6.992164180772e-02,7.726106319948e+03
290,0.000000000000e+00,3,1.558355961294e+00,2.774663588883e-06,1.525549372062e-02,1.319891622002e-02,7.041956996455e-03,6.660120719867e-02,6.994463122143e-02,7.900116966486e+03
291,0.000000000000e+00,3,1.560749963092e+00,2.777770888267e-06,1.526881474588e-02,1.321808101875e-02,7.020073338235e-03,6.664278793345e-02,6.998854894037e-02,8.071633245877e+03
292,0.000000000000e+00,3,1.563147642641e+00,2.780882170956e-06,1.528315954900e-02,1.324153460346e-02,6.994549441705e-03,6.667826342636e-02,7.002733566189e-02,8.239098696487e+03
293,0.000000000000e+00,3,1.565549005590e+00,2.783997154431e-06,1.530158375128e-02,1.326323222107e-02,6.968751763964e-03,6.672720009143e-02,7.007948720872e-02,8.402367130500e+03
294,0.000000000000e+00,3,1.567954057599e+00,2.787115850285e-06,1.531967981016e-02,1.328293102232e-02,6.945697687183e-03,6.676806933924e-02,7.012379514602e-02,8.561423274525e+03
295,0.000000000000e+00,3,1.570362804334e+00,2.790238242357e-06,1.533984868644e-02,1.330591270782e-02,6.923861688057e-03,6.681315171143e-02,7.017332379901e-02,8.716066850135e+03
296,0.000000000000e+00,3,1.572775251471e+00,2.793364123094e-06,1.536229564607e-02,1.332688214486e-02,6.900431004878e-03,6.687299821719e-02,7.023688314433e-02,8.862919191522e+03
297,0.000000000000e+00,3,1.575191404695e+00,2.796486262954e-06,1.537858394534e-02,1.335282477493e-02,6.875387938535e-03,6.691376080888e-02,7.028172677537e-02,9.002021707914e+03
298,0.000000000000e+00,3,1.577611269699e+00,2.799551851401e-06,1.537983156542e-02,1.337748859116e-02,6.849858702338e-03,6.689476174008e-02,7.026610941621e-02,9.133395860754e+03
299,0.000000000000e+00,3,1.580034852187e+00,2.802617229096e-06,1.537577375598e-02,1.340003664762e-02,6.821517321449e-03,6.685842124712e-02,7.023216493158e-02,9.257110137982e+03
300,0.000000000000e+00,3,1.582462157867e+00,2.805683212342e-06,1.536705728068e-02,1.342325356252e-02,6.792865656353e-03,6.680569864097e-02,7.018172540202e-02,9.372305284671e+03
301,0.000000000000e+00,3,1.584893192461e+00,2.808750711693e-06,1.535541877802e-02,1.345443250469e-02,6.763092726716e-03,6.673371934769e-02,7.011376014077e-02,9.476282157588e+03
302,0.000000000000e+00,3,1.587327961697e+00,2.811820693042e-06,1.534263326397e-02,1.349186862281e-02,6.737384059748e-03,6.665592773447e-02,7.004164447326e-02,9.572033927178e+03
303,0.000000000000e+00,3,1.589766471311e+00,2.814894135732e-06,1.533411364512e-02,1.352993872652e-02,6.711433588134e-03,6.659224988029e-02,6.998403652371e-02,9.661726955856e+03
304,0.000000000000e+00,3,1.592208727051e+00,2.817972062927e-06,1.533167145940e-02,1.356787911040e-02,6.689066925633e-03,6.654838819714e-02,6.994697335316e-02,9.747106717396e+03
305,0.000000000000e+00,3,1.594654734671e+00,2.821055555111e-06,1.533130562623e-02,1.360412847588e-02,6.668609017985e-03,6.650772756590e-02,6.991329927852e-02,9.829687540282e+03
306,0.000000000000e+00,3,1.597104499935e+00,2.824145747132e-06,1.533715426273e-02,1.363965268969e-02,6.649956776247e-03,6.648747389802e-02,6.990046163539e-02,9.905949829232e+03
307,0.000000000000e+00,3,1.599558028615e+00,2.827243810890e-06,1.534964495339e-02,1.367710418108e-02,6.632389684508e-03,6.649123199129e-02,6.991242596007e-02,9.980391351933e+03
308,0.000000000000e+00,3,1.602015326493e+00,2.830350934909e-06,1.537004405192e-02,1.370845857111e-02,6.616430798243e-03,6.653504083362e-02,6.996319679512e-02,1.005634258348e+04
309,0.000000000000e+00,3,1.604476399359e+00,2.833468290563e-06,1.538574163664e-02,1.373983933125e-02,6.600057027431e-03,6.656237271222e-02,6.999724597728e-02,1.013198354851e+04
310,0.000000000000e+00,3,1.606941253013e+00,2.836596056867e-06,1.539314506585e-02,1.377291044160e-02,6.585263693424e-03,6.655794322648e-02,6.999976772463e-02,1.020510775355e+04
311,0.000000000000e+00,3,1.609409893263e+00,2.839736110919e-06,1.539069971910e-02,1.380787155689e-02,6.570005791864e-03,6.651541431451e-02,6.996424995890e-02,1.026252243028e+04
312,0.000000000000e+00,3,1.611882325925e+00,2.842889641260e-06,1.538035879074e-02,1.384340080813e-02,6.552996690992e-03,6.643702443554e-02,6.989288350002e-02,1.029459405450e+04
313,0.000000000000e+00,3,1.614358556826e+00,2.846057746654e-06,1.536750061330e-02,1.388497863359e-02,6.533623214815e-03,6.634925170781e-02,6.981306569156e-02,1.029246970512e+04
314,0.000000000000e+00,3,1.616838591802e+00,2.849241385031e-06,1.535313169856e-02,1.392613887228e-02,6.511243521087e-03,6.625515425530e-02,6.972659287838e-02,1.028536627342e+04
315,0.000000000000e+00,3,1.619322436695e+00,2.852441456640e-06,1.533971354908e-02,1.396795455107e-02,6.483412448323e-03,6.616246994971e-02,6.964135002231e-02,1.043084591044e+04
316,0.000000000000e+00,3,1.621810097359e+00,2.855658777795e-06,1.532683320706e-02,1.400544915715e-02,6.456476170109e-03,6.606932482626e-02,6.955505869298e-02,1.056922970115e+04
317,0.000000000000e+00,3,1.624301579656e+00,2.858894059951e-06,1.531608087366e-02,1.403945659268e-02,6.429138907347e-03,6.598211095359e-02,6.947417842427e-02,1.070179696946e+04
318,0.000000000000e+00,3,1.626796889456e+00,2.862147893350e-06,1.530966609471e-02,1.407064530844e-02,6.402495476581e-03,6.590876676549e-02,6.940696233234e-02,1.082599872230e+04
319,0.000000000000e+00,3,1.629296032640e+00,2.865420735045e-06,1.530876868889e-02,1.409562144197e-02,6.378849734208e-03,6.586023666309e-02,6.936357430132e-02,1.094050119047e+04
320,0.000000000000e+00,3,1.631799015096e+00,2.868712903854e-06,1.531385026731e-02,1.411286470560e-02,6.358138519312e-03,6.584281332743e-02,6.934975812871e-02,1.104146960288e+04
321,0.000000000000e+00,3,1.634305842723e+00,2.872024580132e-06,1.532241562683e-02,1.412329944816e-02,6.338808375574e-03,6.584681936002e-02,6.935580811581e-02,1.113080811103e+04
322,0.000000000000e+00,3,1.636816521428e+00,2.875355831037e-06,1.533065969605e-02,1.412381889108e-02,6.318960776295e-03,6.585894314888e-02,6.936743504530e-02,1.121255451200e+04
323,0.000000000000e+00,3,1.639331057126e+00,2.878706605671e-06,1.533226081854e-02,1.411958560986e-02,6.299753972869e-03,6.585177511277e-02,6.935837444190e-02,1.129017085517e+04
324,0.000000000000e+00,3,1.641849455744e+00,2.882076725386e-06,1.532934225184e-02,1.411308549976e-02,6.278683074752e-03,6.582654503925e-02,6.933054023412e-02,1.136702610243e+04
325,0.000000000000e+00,3,1.644371723215e+00,2.885465889702e-06,1.532354154930e-02,1.411106529802e-02,6.257553868777e-03,6.579178696930e-02,6.929393409594e-02,1.144335301758e+04
326,0.000000000000e+00,3,1.646897865483e+00,2.888873759444e-06,1.531503387960e-02,1.410822681450e-02,6.236341983368e-03,6.575117911007e-02,6.925100607414e-02,1.151666544156e+04
327,0.000000000000e+00,3,1.649427888500e+00,2.892299886277e-06,1.530245923563e-02,1.410242377862e-02,6.214985185958e-03,6.569219158598e-02,6.918911541074e-02,1.159352591123e+04
328,0.000000000000e+00,3,1.651961798229e+00,2.895743806871e-06,1.528726300730e-02,1.409580049108e-02,6.192679262142e-03,6.562330171199e-02,6.911699505740e-02,1.166998833562e+04
329,0.000000000000e+00,3,1.654499600640e+00,2.899204060187e-06,1.527230846062e-02,1.408576249995e-02,6.166468393815e-03,6.555597374729e-02,6.904537013680e-02,1.173935009293e+04
330,0.000000000000e+00,3,1.657041301713e+00,2.902679519545e-06,1.525571749307e-02,1.407691936775e-02,6.137077238110e-03,6.547629599051e-02,6.896162431946e-02,1.180945978276e+04
331,0.000000000000e+00,3,1.659586907438e+00,2.906169927392e-06,1.524120121271e-02,1.406775569305e-02,6.106448595197e-03,6.540043648718e-02,6.888179564882e-02,1.184363461432e+04
332,0.000000000000e+00,3,1.662136423812e+00,2.909674635095e-06,1.522901578099e-02,1.405159689079e-02,6.077144717772e-03,6.533387927822e-02,6.881001210798e-02,1.183030673424e+04
333,0.000000000000e+00,3,1.664689856844e+00,2.913193368746e-06,1.521870863401e-02,1.403353303383e-02,6.046408453422e-03,6.527368304593e-02,6.874417717498e-02,1.176513600664e+04
334,0.000000000000e+00,3,1.667247212551e+00,2.916647475542e-06,1.520894488548e-02,1.401020075419e-02,6.014745470803e-03,6.521818093243e-02,6.868177354230e-02,1.187766496154e+04
335,0.000000000000e+00,3,1.669808496959e+00,2.920092208836e-06,1.519751637953e-02,1.398483124154e-02,5.978601683760e-03,6.515534745653e-02,6.861124535552e-02,1.203759882874e+04
336,0.000000000000e+00,3,1.672373716102e+00,2.923549929247e-06,1.518292453758e-02,1.395810785517e-02,5.941964550995e-03,6.507830499860e-02,6.852621904517e-02,1.219201549348e+04
337,0.000000000000e+00,3,1.674942876026e+00,2.927021155716e-06,1.516750802824e-02,1.393056567953e-02,5.905028591390e-03,6.499884961237e-02,6.843854011837e-02,1.233549255880e+04
338,0.000000000000e+00,3,1.677515982786e+00,2.930506228343e-06,1.514783704333e-02,1.390347379316e-02,5.868248487908e-03,6.490168014410e-02,6.833321283572e-02,1.246876982406e+04
339,0.000000000000e+00,3,1.680093042443e+00,2.934005431608e-06,1.512279485615e-02,1.387923446468e-02,5.833146072107e-03,6.477756632846e-02,6.820183843654e-02,1.259050261686e+04
340,0.000000000000e+00,3,1.682674061070e+00,2.937519045116e-06,1.509465437520e-02,1.385941400966e-02,5.798534818336e-03,6.464286493662e-02,6.806067102704e-02,1.270252701900e+04
341,0.000000000000e+00,3,1.685259044751e+00,2.941047249428e-06,1.506078526059e-02,1.384104477416e-02,5.767822470522e-03,6.448070956076e-02,6.789279383422e-02,1.280604616858e+04
342,0.000000000000e+00,3,1.687847999575e+00,2.944590234664e-06,1.502366970355e-02,1.382329479827e-02,5.740017918944e-03,6.430170225534e-02,6.770857293641e-02,1.290297157096e+04
343,0.000000000000e+00,3,1.690440931643e+00,2.948148153125e-06,1.498784492341e-02,1.379860688404e-02,5.711983250147e-03,6.413120700286e-02,6.753129283290e-02,1.299478769069e+04
344,0.000000000000e+00,3,1.693037847066e+00,2.951721117864e-06,1.495099148502e-02,1.376528352260e-02,5.684869236875e-03,6.395704497766e-02,6.734861926838e-02,1.308384105510e+04
345,0.000000000000e+00,3,1.695638751963e+00,2.955309222397e-06,1.491533122189e-02,1.372535287496e-02,5.656299497483e-03,6.379057135400e-02,6.717204131687e-02,1.318138661110e+04
346,0.000000000000e+00,3,1.698243652462e+00,2.958912560625e-06,1.487736860512e-02,1.368224434423e-02,5.630671269675e-03,6.361267093550e-02,6.698370152062e-02,1.326438375109e+04
347,0.000000000000e+00,3,1.700852554702e+00,2.962531259895e-06,1.483529711209e-02,1.363543816922e-02,5.605939396395e-03,6.342018739719e-02,6.677992168670e-02,1.331531636743e+04
348,0.000000000000e+00,3,1.703465464830e+00,2.966165632203e-06,1.479145404659e-02,1.358726601584e-02,5.580169626968e-03,6.322052532037e-02,6.656856634664e-02,1.333220696214e+04
349,0.000000000000e+00,3,1.706082389003e+00,2.969815884039e-06,1.474566136403e-02,1.353786600374e-02,5.552462561469e-03,6.301235825538e-02,6.634828918969e-02,1.331000489505e+04
350,0.000000000000e+00,3,1.708703333389e+00,2.973482189487e-06,1.469677108287e-02,1.348815154793e-02,5.526211318489e-03,6.278907396407e-02,6.611302544314e-02,1.327475300292e+04
351,0.000000000000e+00,3,1.711328304162e+00,2.977164691204e-06,1.464782077157e-02,1.343985357147e-02,5.500767952269e-03,6.256623669954e-02,6.587853019146e-02,1.344194166984e+04
352,0.000000000000e+00,3,1.713957307508e+00,2.980863615244e-06,1.459827648215e-02,1.339239912197e-02,5.473885479327e-03,6.234407928303e-02,6.564460125845e-02,1.359361223610e+04
353,0.000000000000e+00,3,1.716590349623e+00,2.984579263206e-06,1.454937347015e-02,1.334391915685e-02,5.446832784461e-03,6.212546023993e-02,6.541395297827e-02,1.373279682954e+04
354,0.000000000000e+00,3,1.719227436711e+00,2.988312005058e-06,1.450134654946e-02,1.329630808111e-02,5.421654660380e-03,6.191143513297e-02,6.518819678298e-02,1.386071284291e+04
355,0.000000000000e+00,3,1.721868574986e+00,2.992062268090e-06,1.445595430185e-02,1.324931571507e-02,5.395147470855e-03,6.171080492997e-02,6.497576504384e-02,1.397672907945e+04
356,0.000000000000e+00,3,1.724513770671e+00,2.995830526131e-06,1.441334701140e-02,1.320385056372e-02,5.368803576137e-03,6.152506186638e-02,6.477841871550e-02,1.408035601957e+04
357,0.000000000000e+00,3,1.727163030000e+00,2.999617285687e-06,1.437297957438e-02,1.315871571451e-02,5.343349855467e-03,6.135021450808e-02,6.459206258486e-02,1.417091219114e+04
358,0.000000000000e+00,3,1.729816359215e+00,3.003423073464e-06,1.433333161063e-02,1.311526865608e-02,5.320165447808e-03,6.118041677834e-02,6.441119642225e-02,1.424921637346e+04
359,0.000000000000e+00,3,1.732473764569e+00,3.007248378086e-06,1.429809236942e-02,1.307140623426e-02,5.297222265645e-03,6.103390023378e-02,6.425336293008e-02,1.431537349555e+04
360,0.000000000000e+00,3,1.735135252323e+00,3.011093713154e-06,1.426410937524e-02,1.302932324853e-02,5.276477775610e-03,6.089201677202e-02,6.410075666373e-02,1.436895757179e+04
361,0.000000000000e+00,3,1.737800828749e+00,3.014959657826e-06,1.423106306111e-02,1.298990502506e-02,5.258540292226e-03,6.075441374163e-02,6.395320026006e-02,1.440676605825e+04
362,0.000000000000e+00,3,1.740470500129e+00,3.018846827223e-06,1.419962448525e-02,1.295200916230e-02,5.241677184205e-03,6.062228801705e-02,6.381160443828e-02,1.442228121676e+04
363,0.000000000000e+00,3,1.743144272752e+00,3.022755847631e-06,1.416972699723e-02,1.291632366511e-02,5.226427037568e-03,6.049705856068e-02,6.367748592926e-02,1.440161619698e+04
364,0.000000000000e+00,3,1.745822152921e+00,3.026687358831e-06,1.414028661437e-02,1.288297369648e-02,5.213150494332e-03,6.037210104354e-02,6.354436433932e-02,1.433746452291e+04
365,0.000000000000e+00,3,1.748504146943e+00,3.030641150945e-06,1.411037813451e-02,1.285326187885e-02,5.201945331207e-03,6.024233799616e-02,6.340748090326e-02,1.423609265363e+04
366,0.000000000000e+00,3,1.751190261140e+00,3.034618655060e-06,1.407963002681e-02,1.282678112845e-02,5.192850695862e-03,6.010482975826e-02,6.326388033015e-02,1.425304796266e+04
367,0.000000000000e+00,3,1.753880501842e+00,3.038620797525e-06,1.404883334856e-02,1.280322660059e-02,5.182448730989e-03,5.996319742604e-02,6.311683729596e-02,1.429640679163e+04
368,0.000000000000e+00,3,1.756574875386e+00,3.042648419403e-06,1.402012551865e-02,1.278148043931e-02,5.170424162478e-03,5.982685301480e-02,6.297551738139e-02,1.432724797197e+04
369,0.000000000000e+00,3,1.759273388123e+00,3.046702445868e-06,1.399369424775e-02,1.276188787047e-02,5.157210890985e-03,5.969735421363e-02,6.284154823840e-02,1.434729316053e+04
370,0.000000000000e+00,3,1.761976046412e+00,3.050783892453e-06,1.396833715657e-02,1.274241850692e-02,5.143739717096e-03,5.956950179545e-02,6.270938745324e-02,1.435661126415e+04
371,0.000000000000e+00,3,1.764682856620e+00,3.054893860392e-06,1.394286287631e-02,1.272365861581e-02,5.133272059365e-03,5.943801638757e-02,6.257414152734e-02,1.435471131796e+04
372,0.000000000000e+00,3,1.767393825125e+00,3.059033507298e-06,1.391619865811e-02,1.270477304787e-02,5.122555843226e-03,5.930202652432e-02,6.243430764850e-02,1.434153648170e+04
373,0.000000000000e+00,3,1.770108958317e+00,3.063204014720e-06,1.388662091132e-02,1.268592313182e-02,5.111868629923e-03,5.915411107660e-02,6.228250913534e-02,1.431664552521e+04
374,0.000000000000e+00,3,1.772828262594e+00,3.067406557498e-06,1.385354881533e-02,1.266746150381e-02,5.101502319286e-03,5.899079246224e-02,6.211541126778e-02,1.427977151383e+04
375,0.000000000000e+00,3,1.775551744361e+00,3.071642272640e-06,1.381890111957e-02,1.264689828101e-02,5.089798238147e-03,5.882267146734e-02,6.194286713531e-02,1.422982579762e+04
376,0.000000000000e+00,3,1.778279410039e+00,3.075912226504e-06,1.378240733844e-02,1.262435666648e-02,5.078798604073e-03,5.864655349060e-02,6.176197507263e-02,1.416383420941e+04
377,0.000000000000e+00,3,1.781011266053e+00,3.080217405526e-06,1.374338367282e-02,1.259884567450e-02,5.067691853736e-03,5.845851650221e-02,6.156858906514e-02,1.407773638045e+04
378,0.000000000000e+00,3,1.783747318842e+00,3.084558662543e-06,1.370159960309e-02,1.256947077065e-02,5.055510550276e-03,5.825666095820e-02,6.136059126231e-02,1.401213986980e+04
379,0.000000000000e+00,3,1.786487574852e+00,3.088936649191e-06,1.365749603317e-02,1.253687659262e-02,5.043387435780e-03,5.804296953356e-02,6.114018761581e-02,1.392498750811e+04
380,0.000000000000e+00,3,1.789232040541e+00,3.093350949799e-06,1.361277786312e-02,1.250192203242e-02,5.029913567264e-03,5.782548673920e-02,6.091545553285e-02,1.381508300894e+04
381,0.000000000000e+00,3,1.791980722375e+00,3.097802146486e-06,1.356941842084e-02,1.246363404731e-02,5.014249307210e-03,5.761572294964e-02,6.069749185156e-02,1.370920909949e+04
382,0.000000000000e+00,3,1.794733626833e+00,3.102290217513e-06,1.352626630456e-02,1.242134272328e-02,4.998081670813e-03,5.741029893585e-02,6.048283127866e-02,1.364417349761e+04
383,0.000000000000e+00,3,1.797490760399e+00,3.106814929456e-06,1.348237685567e-02,1.237667522592e-02,4.982201562979e-03,5.720538442169e-02,6.026802564025e-02,1.357612053403e+04
384,0.000000000000e+00,3,1.800252129573e+00,3.111376469395e-06,1.343614572765e-02,1.232946719550e-02,4.965962440663e-03,5.699314859152e-02,6.004519583345e-02,1.350678997942e+04
385,0.000000000000e+00,3,1.803017740860e+00,3.115973931954e-06,1.338797067450e-02,1.228195695986e-02,4.952567201993e-03,5.677625067010e-02,5.981767955705e-02,1.352949108769e+04
386,0.000000000000e+00,3,1.805787600777e+00,3.120606703923e-06,1.333806742787e-02,1.223177799376e-02,4.936933596420e-03,5.655544832422e-02,5.958533782809e-02,1.352034389669e+04
387,0.000000000000e+00,3,1.808561715851e+00,3.125274122873e-06,1.328487457904e-02,1.218078938727e-02,4.922262398172e-03,5.632090126830e-02,5.933912798034e-02,1.348180762792e+04
388,0.000000000000e+00,3,1.811340092620e+00,3.129975439675e-06,1.322970675754e-02,1.213115699553e-02,4.907632993759e-03,5.607704767525e-02,5.908392546636e-02,1.347146770133e+04
389,0.000000000000e+00,3,1.814122737629e+00,3.134709877867e-06,1.317302690848e-02,1.208371955628e-02,4.892699294142e-03,5.582460309352e-02,5.882065736779e-02,1.347640540439e+04
390,0.000000000000e+00,3,1.816909657437e+00,3.139476826526e-06,1.311599779076e-02,1.203704919795e-02,4.875053823771e-03,5.556844248668e-02,5.855371808538e-02,1.343673106427e+04
391,0.000000000000e+00,3,1.819700858610e+00,3.144275639072e-06,1.306016302772e-02,1.199013765871e-02,4.855670968051e-03,5.531882754346e-02,5.829306545996e-02,1.333639980525e+04
392,0.000000000000e+00,3,1.822496347725e+00,3.149106262318e-06,1.300715262719e-02,1.194102567868e-02,4.834091924465e-03,5.508621545881e-02,5.804854599415e-02,1.317704479497e+04
393,0.000000000000e+00,3,1.825296131371e+00,3.153967536210e-06,1.295617333739e-02,1.189135038362e-02,4.810720681968e-03,5.486596148124e-02,5.781594420430e-02,1.297084634078e+04
394,0.000000000000e+00,3,1.828100216143e+00,3.158807558091e-06,1.290644636475e-02,1.184349381183e-02,4.788965795763e-03,5.465425059753e-02,5.759223910570e-02,1.284528472368e+04
395,0.000000000000e+00,3,1.830908608650e+00,3.163663988338e-06,1.285747418993e-02,1.179871986101e-02,4.766516203484e-03,5.444942775919e-02,5.737581627240e-02,1.281305839390e+04
396,0.000000000000e+00,3,1.833721315509e+00,3.168551674126e-06,1.280943022837e-02,1.175728644848e-02,4.745275806220e-03,5.425184547880e-02,5.716726045334e-02,1.291983838664e+04
397,0.000000000000e+00,3,1.836538343348e+00,3.173470502949e-06,1.276396236041e-02,1.171841628722e-02,4.724823519667e-03,5.406932257669e-02,5.697416622130e-02,1.306475160160e+04
398,0.000000000000e+00,3,1.839359698806e+00,3.178420303724e-06,1.272249914871e-02,1.168173075599e-02,4.704611647065e-03,5.390796057100e-02,5.680252108594e-02,1.322716567161e+04
399,0.000000000000e+00,3,1.842185388530e+00,3.183400798762e-06,1.268576925469e-02,1.164693271504e-02,4.684348291768e-03,5.377037870374e-02,5.665488971054e-02,1.338343464690e+04
400,0.000000000000e+00,3,1.845015419179e+00,3.188411603900e-06,1.265435132370e-02,1.161342259346e-02,4.664814052784e-03,5.365932489252e-02,5.653395289404e-02,1.350828152416e+04
401,0.000000000000e+00,3,1.847849797422e+00,3.193452251150e-06,1.262853952205e-02,1.158003363235e-02,4.647414436196e-03,5.357630819067e-02,5.644108831047e-02,1.356925009127e+04
402,0.000000000000e+00,3,1.850688529938e+00,3.198522215035e-06,1.260884552077e-02,1.154488805111e-02,4.632083604941e-03,5.352396677991e-02,5.637852999023e-02,1.359639659515e+04
403,0.000000000000e+00,3,1.853531623415e+00,3.203620935040e-06,1.259509361521e-02,1.150818545798e-02,4.619247060952e-03,5.350126197577e-02,5.634533869027e-02,1.358220442025e+04
404,0.000000000000e+00,3,1.856379084553e+00,3.208747832538e-06,1.258624497576e-02,1.147045274003e-02,4.609735724146e-03,5.350319051174e-02,5.633671899421e-02,1.353897604411e+04
405,0.000000000000e+00,3,1.859230920062e+00,3.213902322928e-06,1.258136257654e-02,1.143178744509e-02,4.603996288628e-03,5.352578528052e-02,5.634876147880e-02,1.346848624648e+04
406,0.000000000000e+00,3,1.862087136663e+00,3.219083824158e-06,1.257969122694e-02,1.139220158595e-02,4.602181552180e-03,5.356508810097e-02,5.637756314922e-02,1.336708110618e+04
407,0.000000000000e+00,3,1.864947741085e+00,3.224291762760e-06,1.258022263897e-02,1.135190215472e-02,4.604827176210e-03,5.361630312434e-02,5.641843739612e-02,1.322944888758e+04
408,0.000000000000e+00,3,1.867812740069e+00,3.229525594702e-06,1.258190683250e-02,1.131034993305e-02,4.611554389634e-03,5.367312801437e-02,5.646502899924e-02,1.309205339771e+04
409,0.000000000000e+00,3,1.870682140366e+00,3.234784791373e-06,1.258371249013e-02,1.126686430379e-02,4.623385653861e-03,5.372972695825e-02,5.651151480173e-02,1.309039182237e+04
410,0.000000000000e+00,3,1.873555948738e+00,3.240068815190e-06,1.258459434666e-02,1.122184909261e-02,4.639623962385e-03,5.378128287941e-02,5.655311141392e-02,1.339134470860e+04
411,0.000000000000e+00,3,1.876434171956e+00,3.245377116700e-06,1.258351695123e-02,1.117526102312e-02,4.660087265779e-03,5.382277079602e-02,5.658478971669e-02,1.369297028855e+04
412,0.000000000000e+00,3,1.879316816803e+00,3.250709137503e-06,1.258028994307e-02,1.112623698097e-02,4.684094388642e-03,5.385283436371e-02,5.660499406992e-02,1.398016165836e+04
413,0.000000000000e+00,3,1.882203890072e+00,3.256064010703e-06,1.257509167337e-02,1.107527929406e-02,4.710062009557e-03,5.387269480433e-02,5.661489796555e-02,1.423835036091e+04
414,0.000000000000e+00,3,1.885095398565e+00,3.261440821702e-06,1.256786440307e-02,1.102293498020e-02,4.738497091042e-03,5.388216117389e-02,5.661445891892e-02,1.444482960272e+04
415,0.000000000000e+00,3,1.887991349096e+00,3.266839162776e-06,1.255816922000e-02,1.096956907789e-02,4.768777353069e-03,5.387878704835e-02,5.660127199239e-02,1.463110356262e+04
416,0.000000000000e+00,3,1.890891748490e+00,3.272258317243e-06,1.254522040227e-02,1.091532933476e-02,4.801504579130e-03,5.385752686143e-02,5.657043941212e-02,1.477412769383e+04
417,0.000000000000e+00,3,1.893796603580e+00,3.277697594293e-06,1.252963142928e-02,1.086058862603e-02,4.833911121479e-03,5.382162599957e-02,5.652502252122e-02,1.486407763410e+04
418,0.000000000000e+00,3,1.896705921211e+00,3.283156310831e-06,1.251241937476e-02,1.080580399798e-02,4.865361355549e-03,5.377665266980e-02,5.647057775640e-02,1.489916442721e+04
419,0.000000000000e+00,3,1.899619708240e+00,3.288633775427e-06,1.249464519510e-02,1.075172906589e-02,4.895353112684e-03,5.372820179872e-02,5.641276439849e-02,1.492170263739e+04
420,0.000000000000e+00,3,1.902537971532e+00,3.294120680276e-06,1.247729371898e-02,1.069936556856e-02,4.924789065721e-03,5.368148178648e-02,5.635702543830e-02,1.488558631393e+04
421,0.000000000000e+00,3,1.905460717963e+00,3.299580917637e-06,1.246111374203e-02,1.064922694985e-02,4.953391388583e-03,5.363999847634e-02,5.630693485808e-02,1.475899482430e+04
422,0.000000000000e+00,3,1.908387954422e+00,3.305057933108e-06,1.244676412163e-02,1.060132574691e-02,4.981730189067e-03,5.360592150439e-02,5.626475362697e-02,1.465396642746e+04
423,0.000000000000e+00,3,1.911319687805e+00,3.310551611395e-06,1.243495082782e-02,1.055625569049e-02,5.011137613607e-03,5.358288218150e-02,5.623432492128e-02,1.510831367050e+04
424,0.000000000000e+00,3,1.914255925021e+00,3.316061364322e-06,1.242629526939e-02,1.051455664992e-02,5.042051237222e-03,5.357379358846e-02,5.621870112164e-02,1.554162558468e+04
425,0.000000000000e+00,3,1.917196672989e+00,3.321586903290e-06,1.242209212144e-02,1.047731368087e-02,5.073053712390e-03,5.358531058199e-02,5.622458411387e-02,1.594341747205e+04
426,0.000000000000e+00,3,1.920141938639e+00,3.327127991631e-06,1.242361460889e-02,1.044545760796e-02,5.103628087777e-03,5.362353613777e-02,5.625819435572e-02,1.627958601473e+04
427,0.000000000000e+00,3,1.923091728910e+00,3.332684453086e-06,1.243117769851e-02,1.041963869969e-02,5.136258691941e-03,5.368950318424e-02,5.632092821612e-02,1.659951486033e+04
428,0.000000000000e+00,3,1.926046050754e+00,3.338256171456e-06,1.244379865857e-02,1.039905796522e-02,5.172730738830e-03,5.377716052933e-02,5.640681403441e-02,1.692526038626e+04
429,0.000000000000e+00,3,1.929004911132e+00,3.343843083960e-06,1.246038806909e-02,1.038271964304e-02,5.211680669496e-03,5.388002802585e-02,5.650912469226e-02,1.717809619198e+04
430,0.000000000000e+00,3,1.931968317017e+00,3.349445169338e-06,1.248096322295e-02,1.037052520546e-02,5.251218833051e-03,5.399844476296e-02,5.662799283093e-02,1.734310337412e+04
431,0.000000000000e+00,3,1.934936275391e+00,3.355062060578e-06,1.250550608834e-02,1.036256854448e-02,5.290924050910e-03,5.413246042717e-02,5.676343592998e-02,1.740435744317e+04
432,0.000000000000e+00,3,1.937908793248e+00,3.360694032175e-06,1.253383556678e-02,1.035934905534e-02,5.331795751116e-03,5.428119143827e-02,5.691475148637e-02,1.734923541753e+04
433,0.000000000000e+00,3,1.940885877593e+00,3.366341101436e-06,1.256588920176e-02,1.036096423785e-02,5.372861136261e-03,5.444404993381e-02,5.708128731338e-02,1.713815734483e+04
434,0.000000000000e+00,3,1.943867535440e+00,3.372003306569e-06,1.260182570732e-02,1.036680186249e-02,5.414955782503e-03,5.462118263257e-02,5.726318128013e-02,1.730220651276e+04
435,0.000000000000e+00,3,1.946853773816e+00,3.377680656087e-06,1.264174298315e-02,1.037738464663e-02,5.458785572861e-03,5.481383486992e-02,5.746180131908e-02,1.786405473602e+04
436,0.000000000000e+00,3,1.949844599758e+00,3.383373147724e-06,1.268628032508e-02,1.039404528151e-02,5.502345480319e-03,5.502621142383e-02,5.768134564351e-02,1.837335495694e+04
437,0.000000000000e+00,3,1.952840020313e+00,3.389080772857e-06,1.273659492018e-02,1.041843485445e-02,5.543812760410e-03,5.526516857984e-02,5.792872649263e-02,1.882114865739e+04
438,0.000000000000e+00,3,1.955840042539e+00,3.394803519993e-06,1.279259437142e-02,1.045108742833e-02,5.585251810792e-03,5.553051411026e-02,5.820402678790e-02,1.918053161455e+04
439,0.000000000000e+00,3,1.958844673506e+00,3.400541383794e-06,1.285281821876e-02,1.049097375747e-02,5.629289270479e-03,5.581434650547e-02,5.849944991252e-02,1.944641180591e+04
440,0.000000000000e+00,3,1.961853920294e+00,3.406294381053e-06,1.291488447650e-02,1.053604419396e-02,5.677001838929e-03,5.610311247953e-02,5.880127590511e-02,1.960891050978e+04
441,0.000000000000e+00,3,1.964867789993e+00,3.412062571594e-06,1.297786884313e-02,1.058487644230e-02,5.725971981168e-03,5.639149723698e-02,5.910374273060e-02,1.964288045617e+04
442,0.000000000000e+00,3,1.967886289707e+00,3.417846079810e-06,1.304134940269e-02,1.063686750643e-02,5.774408643013e-03,5.667787416850e-02,5.940492370190e-02,1.952357038325e+04
443,0.000000000000e+00,3,1.970909426547e+00,3.423644656028e-06,1.310528689935e-02,1.069182429507e-02,5.822745877197e-03,5.696213616694e-02,5.970471487012e-02,1.922543826568e+04
444,0.000000000000e+00,3,1.973937207637e+00,3.429458775271e-06,1.316992828784e-02,1.074982509640e-02,5.871296174295e-03,5.724582752143e-02,6.000468846757e-02,1.959719069129e+04
445,0.000000000000e+00,3,1.976969640112e+00,3.435288806364e-06,1.323595377499e-02,1.081090502412e-02,5.921395069056e-03,5.753235338890e-02,6.030838039446e-02,2.012172770012e+04
446,0.000000000000e+00,3,1.980006731117e+00,3.441135263169e-06,1.330485038792e-02,1.087637082592e-02,5.972241784333e-03,5.783076346467e-02,6.062490710116e-02,2.056391024654e+04
447,0.000000000000e+00,3,1.983048487810e+00,3.446998813074e-06,1.337821870887e-02,1.094813172299e-02,6.020350856052e-03,5.815094914826e-02,6.096405363261e-02,2.091107450809e+04
448,0.000000000000e+00,3,1.986094917357e+00,3.452880251123e-06,1.345649371246e-02,1.102724684547e-02,6.067337794306e-03,5.849569000613e-02,6.132891433270e-02,2.113305124237e+04
449,0.000000000000e+00,3,1.989146026938e+00,3.458780474931e-06,1.353861396405e-02,1.111310021316e-02,6.116189931279e-03,5.885916393208e-02,6.171388840832e-02,2.125242205331e+04
450,0.000000000000e+00,3,1.992201823742e+00,3.464700464268e-06,1.362254595515e-02,1.120337833551e-02,6.168369922042e-03,5.922968392744e-02,6.210711464935e-02,2.124539209893e+04
451,0.000000000000e+00,3,1.995262314969e+00,3.470641829370e-06,1.370647064111e-02,1.129503583211e-02,6.220914616423e-03,5.959645653880e-02,6.249706059112e-02,2.108320481308e+04
452,0.000000000000e+00,3,1.998327507831e+00,3.476605080966e-06,1.379024229849e-02,1.138765522795e-02,6.272149658593e-03,5.995872938317e-02,6.288273662004e-02,2.103103746556e+04
453,0.000000000000e+00,3,2.001397409552e+00,3.482591249651e-06,1.387427930600e-02,1.148140161075e-02,6.321777195391e-03,6.031928571198e-02,6.326688948352e-02,2.160094877916e+04
454,0.000000000000e+00,3,2.004472027365e+00,3.488601522712e-06,1.395942124924e-02,1.157709267551e-02,6.371885065272e-03,6.068303576900e-02,6.365474268158e-02,2.207300611264e+04
455,0.000000000000e+00,3,2.007551368515e+00,3.494637199099e-06,1.404734654084e-02,1.167636898498e-02,6.420594046125e-03,6.105930346255e-02,6.405566411137e-02,2.243239728084e+04
456,0.000000000000e+00,3,2.010635440258e+00,3.500699506358e-06,1.414041373732e-02,1.178157903707e-02,6.464001781880e-03,6.146148961070e-02,6.448298170426e-02,2.267142573688e+04
457,0.000000000000e+00,3,2.013724249862e+00,3.506789708464e-06,1.423854465883e-02,1.189303288301e-02,6.504404823676e-03,6.189023934009e-02,6.493758074368e-02,2.277961128144e+04
458,0.000000000000e+00,3,2.016817804605e+00,3.512909107457e-06,1.433998025360e-02,1.200959571955e-02,6.544700191899e-03,6.233590601266e-02,6.540996638160e-02,2.273253740812e+04
459,0.000000000000e+00,3,2.019916111777e+00,3.519059039243e-06,1.444220906532e-02,1.212877333368e-02,6.585950811425e-03,6.278463316962e-02,6.588603384330e-02,2.255946045344e+04
460,0.000000000000e+00,3,2.023019178678e+00,3.525205985418e-06,1.454339004796e-02,1.224738983530e-02,6.625513262592e-03,6.322611487489e-02,6.635471181484e-02,2.267399862972e+04
461,0.000000000000e+00,3,2.026127012621e+00,3.531379419416e-06,1.464175050111e-02,1.236308951657e-02,6.663221326522e-03,6.365017262081e-02,6.680546260027e-02,2.311575531755e+04
462,0.000000000000e+00,3,2.029239620929e+00,3.537589751448e-06,1.473770235804e-02,1.247601503832e-02,6.698212868854e-03,6.405937704804e-02,6.724076639547e-02,2.342814559981e+04
463,0.000000000000e+00,3,2.032357010936e+00,3.543838324920e-06,1.483309964869e-02,1.258820765036e-02,6.729734016882e-03,6.446473329926e-02,6.767181818393e-02,2.360486505949e+04
464,0.000000000000e+00,3,2.035479189989e+00,3.550126344824e-06,1.492954884881e-02,1.270229815653e-02,6.756342895537e-03,6.487584986705e-02,6.810847137163e-02,2.364724298925e+04
465,0.000000000000e+00,3,2.038606165444e+00,3.556454817298e-06,1.502850603915e-02,1.282031483649e-02,6.775972156487e-03,6.530109940348e-02,6.855919958870e-02,2.355152766107e+04
466,0.000000000000e+00,3,2.041737944670e+00,3.562824617124e-06,1.512894554805e-02,1.294150915207e-02,6.793396883847e-03,6.573501909419e-02,6.901891500932e-02,2.329311875853e+04
467,0.000000000000e+00,3,2.044874535046e+00,3.569236491116e-06,1.522915501433e-02,1.306408047361e-02,6.810021882325e-03,6.616841668452e-02,6.947829247791e-02,2.310865385409e+04
468,0.000000000000e+00,3,2.048015943964e+00,3.575691044070e-06,1.532708510072e-02,1.318580521255e-02,6.826528406175e-03,6.658941495997e-02,6.992522199878e-02,2.326348668515e+04
469,0.000000000000e+00,3,2.051162178826e+00,3.582188737725e-06,1.542192149702e-02,1.330469806408e-02,6.839930167900e-03,6.699318354018e-02,7.035426027460e-02,2.331284783461e+04
470,0.000000000000e+00,3,2.054313247045e+00,3.588729885337e-06,1.551308888060e-02,1.341971257732e-02,6.850564449673e-03,6.737624002440e-02,7.076180159790e-02,2.326813761332e+04
471,0.000000000000e+00,3,2.057469156048e+00,3.595314626121e-06,1.560178348029e-02,1.353216223217e-02,6.856543053742e-03,6.774532967257e-02,7.115459885023e-02,2.309412763069e+04
472,0.000000000000e+00,3,2.060629913270e+00,3.601942941294e-06,1.568981239340e-02,1.364461960193e-02,6.857455965320e-03,6.811109440961e-02,7.154363522364e-02,2.279981842220e+04
473,0.000000000000e+00,3,2.063795526160e+00,3.608614684612e-06,1.577857642016e-02,1.375904891910e-02,6.853437090287e-03,6.848163960761e-02,7.193733011658e-02,2.294442629752e+04
474,0.000000000000e+00,3,2.066966002176e+00,3.615329609837e-06,1.586758286221e-02,1.387563979378e-02,6.847393907946e-03,6.885403161835e-02,7.233310472396e-02,2.298542558044e+04
475,0.000000000000e+00,3,2.070141348791e+00,3.622087389840e-06,1.595619407338e-02,1.399308341791e-02,6.838659271102e-03,6.922425587347e-02,7.272668956243e-02,2.287162818979e+04
476,0.000000000000e+00,3,2.073321573486e+00,3.628887626583e-06,1.604295923152e-02,1.410932203488e-02,6.828801429676e-03,6.958399506423e-02,7.310960543767e-02,2.260705815005e+04
477,0.000000000000e+00,3,2.076506683755e+00,3.635729865050e-06,1.612726100786e-02,1.422285095164e-02,6.817771917611e-03,6.992910986746e-02,7.347748265683e-02,2.236586562597e+04
478,0.000000000000e+00,3,2.079696687104e+00,3.642613666355e-06,1.621025205876e-02,1.433415367759e-02,6.804193820104e-03,7.026584449468e-02,7.383648278157e-02,2.200976725656e+04
479,0.000000000000e+00,3,2.082891591049e+00,3.649538615645e-06,1.629306674733e-02,1.444468257028e-02,6.786384516236e-03,7.060104494043e-02,7.419349998532e-02,2.163864606616e+04
480,0.000000000000e+00,3,2.086091403119e+00,3.656504193544e-06,1.637627437542e-02,1.455572654008e-02,6.764946906075e-03,7.093810673581e-02,7.455220339757e-02,2.146168826252e+04
481,0.000000000000e+00,3,2.089296130854e+00,3.663509841419e-06,1.645979454293e-02,1.466772625447e-02,6.741952220197e-03,7.127672283638e-02,7.491256348507e-02,2.121934458233e+04
482,0.000000000000e+00,3,2.092505781806e+00,3.670554977750e-06,1.654311026791e-02,1.478020966852e-02,6.717524465848e-03,7.161437817088e-02,7.527199606051e-02,2.097953811962e+04
483,0.000000000000e+00,3,2.095720363537e+00,3.677639024821e-06,1.662507561281e-02,1.489200457730e-02,6.692069888863e-03,7.194496814927e-02,7.562424995237e-02,2.062443668439e+04
484,0.000000000000e+00,3,2.098939883624e+00,3.684761402550e-06,1.670484164445e-02,1.500135992356e-02,6.665481810044e-03,7.226392393051e-02,7.596443828211e-02,2.016449712114e+04
485,0.000000000000e+00,3,2.102164349651e+00,3.691921524299e-06,1.678250993426e-02,1.510738940140e-02,6.637375610295e-03,7.257183752203e-02,7.629293683254e-02,1.961499631980e+04
486,0.000000000000e+00,3,2.105393769218e+00,3.699118779607e-06,1.685799392270e-02,1.520976237086e-02,6.607287127681e-03,7.286904012093e-02,7.660993461562e-02,1.903116754481e+04
487,0.000000000000e+00,3,2.108628149933e+00,3.706352508799e-06,1.693102736848e-02,1.530835420954e-02,6.575622585730e-03,7.315463449726e-02,7.691452890823e-02,1.873664293531e+04
488,0.000000000000e+00,3,2.111867499420e+00,3.713621979451e-06,1.700107310453e-02,1.540292290922e-02,6.543628945621e-03,7.342652657106e-02,7.720466569400e-02,1.835121301080e+04
489,0.000000000000e+00,3,2.115111825310e+00,3.720926363437e-06,1.706787061423e-02,1.549331505485e-02,6.510963753715e-03,7.368407627042e-02,7.747961514824e-02,1.788404637975e+04
490,0.000000000000e+00,3,2.118361135249e+00,3.728264705113e-06,1.713091375257e-02,1.557934792997e-02,6.478388853282e-03,7.392502939302e-02,7.773714543778e-02,1.734679450339e+04
491,0.000000000000e+00,3,2.121615436893e+00,3.735635890992e-06,1.718991159385e-02,1.566076137937e-02,6.446593387521e-03,7.414839733616e-02,7.797625216315e-02,1.675400713865e+04
492,0.000000000000e+00,3,2.124874737911e+00,3.743038624265e-06,1.724440185778e-02,1.573715222344e-02,6.414608566915e-03,7.435247602283e-02,7.819504619430e-02,1.612191283600e+04
493,0.000000000000e+00,3,2.128139045983e+00,3.750471405396e-06,1.729417818727e-02,1.580797658704e-02,6.382491713028e-03,7.453653132849e-02,7.839267456784e-02,1.571460610998e+04
494,0.000000000000e+00,3,2.131408368801e+00,3.757932518921e-06,1.733888751086e-02,1.587260679649e-02,6.350126668475e-03,7.469868762271e-02,7.856713503680e-02,1.560377573333e+04
495,0.000000000000e+00,3,2.134682714069e+00,3.765420025042e-06,1.737789356913e-02,1.593027416049e-02,6.318450726628e-03,7.483587793303e-02,7.871528609693e-02,1.582574725311e+04
496,0.000000000000e+00,3,2.137962089502e+00,3.772931753551e-06,1.741044945138e-02,1.598046056967e-02,6.288040539624e-03,7.494464929121e-02,7.883361453928e-02,1.599688767385e+04
497,0.000000000000e+00,3,2.141246502829e+00,3.780465305716e-06,1.743580221280e-02,1.602281966495e-02,6.260042638903e-03,7.502141311021e-02,7.891855616845e-02,1.612386785063e+04
498,0.000000000000e+00,3,2.144535961788e+00,3.788018062023e-06,1.745379792853e-02,1.605732260677e-02,6.234200927698e-03,7.506545471140e-02,7.896936382968e-02,1.621176958204e+04
499,0.000000000000e+00,3,2.147830474131e+00,3.795587195175e-06,1.746438445924e-02,1.608402212024e-02,6.209556613941e-03,7.507706848479e-02,7.898623486226e-02,1.626330049089e+04
500,0.000000000000e+00,3,2.151130047620e+00,3.803169688413e-06,1.746771928025e-02,1.610312802641e-02,6.186576201838e-03,7.505743612618e-02,7.897040199990e-02,1.627829522704e+04
501,0.000000000000e+00,3,2.154434690032e+00,3.810762399751e-06,1.746410385984e-02,1.611486129568e-02,6.165232111708e-03,7.500819784807e-02,7.892352950554e-02,1.625530246846e+04
502,0.000000000000e+00,3,2.157744409153e+00,3.818362007325e-06,1.745380921831e-02,1.611940771871e-02,6.144779947363e-03,7.493051010798e-02,7.884675279981e-02,1.619129541477e+04
503,0.000000000000e+00,3,2.161059212782e+00,3.825965013164e-06,1.743671806627e-02,1.611637851299e-02,6.125348607688e-03,7.482347760842e-02,7.873912299664e-02,1.625520348554e+04
504,0.000000000000e+00,3,2.164379108730e+00,3.833567789075e-06,1.741298654193e-02,1.610616978824e-02,6.106339106098e-03,7.468810400709e-02,7.860166068863e-02,1.634348830738e+04
505,0.000000000000e+00,3,2.167704104820e+00,3.841166624291e-06,1.738204962610e-02,1.608862814337e-02,6.088458126053e-03,7.452149753885e-02,7.843151485548e-02,1.637989416584e+04
506,0.000000000000e+00,3,2.171034208887e+00,3.848757761574e-06,1.734407248211e-02,1.606401078980e-02,6.071622329610e-03,7.432442287443e-02,7.822949396647e-02,1.645232593134e+04
507,0.000000000000e+00,3,2.174369428778e+00,3.856337452253e-06,1.729930176745e-02,1.603256760370e-02,6.055264479976e-03,7.409837421354e-02,7.799707914160e-02,1.650187745190e+04
508,0.000000000000e+00,3,2.177709772353e+00,3.863901907507e-06,1.724789758314e-02,1.599463970755e-02,6.038849112058e-03,7.384446399283e-02,7.773539111241e-02,1.651787496166e+04
509,0.000000000000e+00,3,2.181055247482e+00,3.871447344863e-06,1.718989762330e-02,1.595042030845e-02,6.023421541054e-03,7.356315035549e-02,7.744499458068e-02,1.650373253788e+04
510,0.000000000000e+00,3,2.184405862049e+00,3.878969884788e-06,1.712543455616e-02,1.590000374116e-02,6.008141039402e-03,7.325535140629e-02,7.712674566008e-02,1.646013890205e+04
511,0.000000000000e+00,3,2.187761623950e+00,3.886465753279e-06,1.705441587322e-02,1.584316656892e-02,5.993269123035e-03,7.292050197093e-02,7.678006193134e-02,1.638632039685e+04
512,0.000000000000e+00,3,2.191122541090e+00,3.893931418291e-06,1.697648768080e-02,1.577909804737e-02,5.977488375801e-03,7.255654551235e-02,7.640264218686e-02,1.642516755415e+04
513,0.000000000000e+00,3,2.194488621392e+00,3.901363574203e-06,1.689133604880e-02,1.570735781846e-02,5.960552904821e-03,7.216194220904e-02,7.599284451488e-02,1.655141645591e+04
514,0.000000000000e+00,3,2.197859872785e+00,3.908759094112e-06,1.679867629283e-02,1.562806136878e-02,5.944206181219e-03,7.173530480007e-02,7.554944982739e-02,1.661178550383e+04
515,0.000000000000e+00,3,2.201236303214e+00,3.916115004044e-06,1.669792492276e-02,1.554055149130e-02,5.930552005043e-03,7.127331767307e-02,7.506921270795e-02,1.661803557916e+04
516,0.000000000000e+00,3,2.204617920636e+00,3.923428486286e-06,1.658918874021e-02,1.544460253662e-02,5.916521106045e-03,7.077704488069e-02,7.455288213486e-02,1.658097346954e+04
517,0.000000000000e+00,3,2.208004733019e+00,3.930696908926e-06,1.647313668983e-02,1.534116512000e-02,5.902919818579e-03,7.024962351203e-02,7.400384885671e-02,1.650753569568e+04
518,0.000000000000e+00,3,2.211396748343e+00,3.937917868503e-06,1.634987233783e-02,1.523059079115e-02,5.891198256270e-03,6.969176070462e-02,7.342300013154e-02,1.640141503950e+04
519,0.000000000000e+00,3,2.214793974602e+00,3.945089233825e-06,1.621978682728e-02,1.511292232226e-02,5.879929338604e-03,6.910539271847e-02,7.281216091864e-02,1.626373761181e+04
520,0.000000000000e+00,3,2.218196419800e+00,3.952209183707e-06,1.608305214660e-02,1.498812423770e-02,5.869471320692e-03,6.849102932206e-02,7.217187974339e-02,1.609546197262e+04
521,0.000000000000e+00,3,2.221604091956e+00,3.959276233883e-06,1.594069975139e-02,1.485683183393e-02,5.856110625829e-03,6.785290364447e-02,7.150623696821e-02,1.609496462810e+04
522,0.000000000000e+00,3,2.225016999098e+00,3.966289177640e-06,1.579290160591e-02,1.471927650139e-02,5.840657860048e-03,6.719111297303e-02,7.081547704175e-02,1.609759283487e+04
523,0.000000000000e+00,3,2.228435149270e+00,3.973247258788e-06,1.564068893586e-02,1.457647796345e-02,5.825689168704e-03,6.650994740904e-02,7.010432667711e-02,1.604485039988e+04
524,0.000000000000e+00,3,2.231858550526e+00,3.980150007889e-06,1.548533218602e-02,1.442985114943e-02,5.810173402141e-03,6.581480043936e-02,6.937839857580e-02,1.594874004974e+04
525,0.000000000000e+00,3,2.235287210932e+00,3.986997228856e-06,1.532727453148e-02,1.427993940389e-02,5.793540574723e-03,6.510798115446e-02,6.864004907008e-02,1.581820940520e+04
526,0.000000000000e+00,3,2.238721138568e+00,3.993789027762e-06,1.516808698733e-02,1.412855357420e-02,5.776266969897e-03,6.439666244300e-02,6.789685031619e-02,1.565813189553e+04
527,0.000000000000e+00,3,2.242160341526e+00,4.000525754154e-06,1.500910189029e-02,1.397699232173e-02,5.756528510488e-03,6.368719914466e-02,6.715524111563e-02,1.547139230211e+04
528,0.000000000000e+00,3,2.245604827910e+00,4.007207998852e-06,1.485225399235e-02,1.382711165630e-02,5.735197614902e-03,6.298773103925e-02,6.642383020094e-02,1.529468145221e+04
529,0.000000000000e+00,3,2.249054605836e+00,4.013836573999e-06,1.469870729080e-02,1.367988197801e-02,5.711983930754e-03,6.230300601999e-02,6.570755273563e-02,1.529686251676e+04
530,0.000000000000e+00,3,2.252509683433e+00,4.020412319887e-06,1.454786633707e-02,1.353444188704e-02,5.683748193127e-03,6.163002212456e-02,6.500297033791e-02,1.523362330443e+04
531,0.000000000000e+00,3,2.255970068844e+00,4.026935119524e-06,1.440168229205e-02,1.339293934763e-02,5.655301141302e-03,6.097669615788e-02,6.431888667056e-02,1.512228840205e+04
532,0.000000000000e+00,3,2.259435770221e+00,4.033407643783e-06,1.426142233508e-02,1.325671605951e-02,5.623137211859e-03,6.034966327173e-02,6.366184270673e-02,1.497749208774e+04
533,0.000000000000e+00,3,2.262906795732e+00,4.039831200739e-06,1.412910501239e-02,1.312814721210e-02,5.591350756973e-03,5.975767576558e-02,6.304143775221e-02,1.480902653937e+04
534,0.000000000000e+00,3,2.266383153556e+00,4.046207172279e-06,1.400624851511e-02,1.300894376966e-02,5.560737676067e-03,5.920788830182e-02,6.246521797074e-02,1.462211826030e+04
535,0.000000000000e+00,3,2.269864851884e+00,4.052537014620e-06,1.389445352564e-02,1.290068299697e-02,5.527750008319e-03,5.870805939601e-02,6.194090505283e-02,1.441920195978e+04
536,0.000000000000e+00,3,2.273351898921e+00,4.058822248249e-06,1.379473818134e-02,1.280460543470e-02,5.494024684728e-03,5.826285005132e-02,6.147354492113e-02,1.420122766353e+04
537,0.000000000000e+00,3,2.276844302883e+00,4.065064442356e-06,1.370723010027e-02,1.272066986828e-02,5.458020232154e-03,5.787209247383e-02,6.106285835984e-02,1.400921361899e+04
538,0.000000000000e+00,3,2.280342072000e+00,4.071265199704e-06,1.363186055137e-02,1.264911857891e-02,5.423246859859e-03,5.753450251513e-02,6.070797648647e-02,1.394653877103e+04
539,0.000000000000e+00,3,2.283845214515e+00,4.077426143456e-06,1.356881236906e-02,1.259013657147e-02,5.389888332393e-03,5.725053588063e-02,6.040942776463e-02,1.385003815686e+04
540,0.000000000000e+00,3,2.287353738682e+00,4.083548903539e-06,1.351856029998e-02,1.254410461229e-02,5.357215113432e-03,5.702338234359e-02,6.017035749256e-02,1.373247179844e+04
541,0.000000000000e+00,3,2.290867652768e+00,4.089635138810e-06,1.348115338217e-02,1.251134892824e-02,5.329003639307e-03,5.685373691159e-02,5.999184135462e-02,1.360291434114e+04
542,0.000000000000e+00,3,2.294386965054e+00,4.095686593497e-06,1.345721496568e-02,1.249247866513e-02,5.303460209793e-03,5.674512979085e-02,5.987733380010e-02,1.346662638928e+04
543,0.000000000000e+00,3,2.297911683832e+00,4.101704944814e-06,1.344706067273e-02,1.248795363553e-02,5.277799403275e-03,5.670000553130e-02,5.982907504325e-02,1.332580487934e+04
544,0.000000000000e+00,3,2.301441817409e+00,4.107691750657e-06,1.344994108024e-02,1.249716517127e-02,5.254991381927e-03,5.671438213457e-02,5.984326301022e-02,1.318075282745e+04
545,0.000000000000e+00,3,2.304977374102e+00,4.113648472563e-06,1.346446489837e-02,1.251879259637e-02,5.236659740721e-03,5.678114452791e-02,5.991271119061e-02,1.303097802749e+04
546,0.000000000000e+00,3,2.308518362243e+00,4.119576685489e-06,1.348906202667e-02,1.255120217491e-02,5.220521446378e-03,5.689344592814e-02,6.003003834869e-02,1.287633141023e+04
547,0.000000000000e+00,3,2.312064790176e+00,4.125475953841e-06,1.352290980884e-02,1.259331179243e-02,5.207491893567e-03,5.704765600931e-02,6.019147464199e-02,1.272033299824e+04
548,0.000000000000e+00,3,2.315616666257e+00,4.131348324387e-06,1.356541833477e-02,1.264446165689e-02,5.197563875539e-03,5.724267641064e-02,6.039570893766e-02,1.265553291963e+04
549,0.000000000000e+00,3,2.319173998857e+00,4.137195700431e-06,1.361548674930e-02,1.270351194582e-02,5.190092495576e-03,5.747450610056e-02,6.063840867630e-02,1.260756433299e+04
550,0.000000000000e+00,3,2.322736796357e+00,4.143019254615e-06,1.367185375020e-02,1.276924455611e-02,5.183931186479e-03,5.773849405337e-02,6.091453052924e-02,1.255921276178e+04
551,0.000000000000e+00,3,2.326305067154e+00,4.148821140479e-06,1.373358870729e-02,1.284100178429e-02,5.179344504006e-03,5.802970241827e-02,6.121907184734e-02,1.251185325187e+04
552,0.000000000000e+00,3,2.329878819655e+00,4.154509555003e-06,1.379840095271e-02,1.291615144796e-02,5.177061982522e-03,5.833715039212e-02,6.154062011162e-02,1.246441364470e+04
553,0.000000000000e+00,3,2.333458062281e+00,4.160060909290e-06,1.386374762333e-02,1.299205014558e-02,5.174967021250e-03,5.864918350419e-02,6.186682369839e-02,1.242933268128e+04
554,0.000000000000e+00,3,2.337042803467e+00,4.165586439140e-06,1.392897172393e-02,1.306781981334e-02,5.174433863413e-03,5.896262267779e-02,6.219445157576e-02,1.239336089719e+04
555,0.000000000000e+00,3,2.340633051660e+00,4.171090494730e-06,1.399302061991e-02,1.314255243078e-02,5.175435975399e-03,5.927386587331e-02,6.251965789707e-02,1.235467315533e+04
556,0.000000000000e+00,3,2.344228815320e+00,4.176577233532e-06,1.405504441521e-02,1.321525083470e-02,5.177215711288e-03,5.957960943032e-02,6.283884587203e-02,1.230968515316e+04
557,0.000000000000e+00,3,2.347830102920e+00,4.182051915025e-06,1.411396133960e-02,1.328478250559e-02,5.179484609968e-03,5.987509633601e-02,6.314699971486e-02,1.232791532270e+04
558,0.000000000000e+00,3,2.351436922945e+00,4.187519274874e-06,1.416860058420e-02,1.334994834959e-02,5.182357374796e-03,6.015438184624e-02,6.343797637626e-02,1.238120426484e+04
559,0.000000000000e+00,3,2.355049283896e+00,4.192984319086e-06,1.421742151293e-02,1.340916600015e-02,5.187314667321e-03,6.040887450512e-02,6.370307025355e-02,1.242933969873e+04
560,0.000000000000e+00,3,2.358667194284e+00,4.198452421942e-06,1.425966279745e-02,1.346161809888e-02,5.193286252707e-03,6.063488993589e-02,6.393835503496e-02,1.246924852436e+04
561,0.000000000000e+00,3,2.362290662634e+00,4.203928987874e-06,1.429498183236e-02,1.350668862171e-02,5.200342458510e-03,6.083067659736e-02,6.414196691784e-02,1.249844745054e+04
562,0.000000000000e+00,3,2.365919697486e+00,4.209419711034e-06,1.432355333765e-02,1.354463007580e-02,5.208484487190e-03,6.099712948049e-02,6.431484509520e-02,1.251548988735e+04
563,0.000000000000e+00,3,2.369554307389e+00,4.214930062979e-06,1.434593414095e-02,1.357584273997e-02,5.217447217091e-03,6.113689313583e-02,6.445968344820e-02,1.252134735156e+04
564,0.000000000000e+00,3,2.373194500910e+00,4.220465409172e-06,1.436240518562e-02,1.360079711981e-02,5.228378823860e-03,6.125086212803e-02,6.457758451323e-02,1.251767559599e+04
565,0.000000000000e+00,3,2.376840286625e+00,4.226030936929e-06,1.437259790847e-02,1.361916312154e-02,5.240400828419e-03,6.133634535257e-02,6.466577330258e-02,1.250053214161e+04
566,0.000000000000e+00,3,2.380491673126e+00,4.231631504685e-06,1.437668288494e-02,1.363116974150e-02,5.252227837138e-03,6.139361891143e-02,6.472449412387e-02,1.253196886771e+04
567,0.000000000000e+00,3,2.384148669016e+00,4.237269263812e-06,1.437470684666e-02,1.363677086963e-02,5.265817029538e-03,6.142164176290e-02,6.475291979916e-02,1.260608176545e+04
568,0.000000000000e+00,3,2.387811282913e+00,4.242948490651e-06,1.436702294194e-02,1.363620107655e-02,5.279582738115e-03,6.142187030288e-02,6.475243218140e-02,1.266281192170e+04
569,0.000000000000e+00,3,2.391479523448e+00,4.248674736916e-06,1.435407277665e-02,1.363002351940e-02,5.294632346545e-03,6.139585282244e-02,6.472480839598e-02,1.269980162090e+04
570,0.000000000000e+00,3,2.395153399265e+00,4.254451117530e-06,1.433632656725e-02,1.361860421724e-02,5.309313904844e-03,6.134564331699e-02,6.467204503017e-02,1.271573878325e+04
571,0.000000000000e+00,3,2.398832919019e+00,4.260280190468e-06,1.431478951709e-02,1.360269799897e-02,5.323164169050e-03,6.127566863999e-02,6.459868602238e-02,1.271122510440e+04
572,0.000000000000e+00,3,2.402518091383e+00,4.266163879678e-06,1.429050946442e-02,1.358355643293e-02,5.336041278731e-03,6.119108419994e-02,6.451010609363e-02,1.269068627562e+04
573,0.000000000000e+00,3,2.406208925040e+00,4.272103410594e-06,1.426413642677e-02,1.356197911762e-02,5.348355726332e-03,6.109486975904e-02,6.440947822672e-02,1.265103580930e+04
574,0.000000000000e+00,3,2.409905428687e+00,4.278099261861e-06,1.423610233325e-02,1.353842701074e-02,5.359870571719e-03,6.098932312066e-02,6.429915522641e-02,1.259301039393e+04
575,0.000000000000e+00,3,2.413607611033e+00,4.284151172601e-06,1.420622393921e-02,1.351295599195e-02,5.369681479101e-03,6.087348427705e-02,6.417812201574e-02,1.251912072615e+04
576,0.000000000000e+00,3,2.417315480804e+00,4.290258132249e-06,1.417417731611e-02,1.348516472698e-02,5.378661855976e-03,6.074555867689e-02,6.404459284460e-02,1.246438865100e+04
577,0.000000000000e+00,3,2.421029046736e+00,4.296418399468e-06,1.413977566858e-02,1.345491952246e-02,5.387409837730e-03,6.060456008986e-02,6.389761344338e-02,1.249039910231e+04
578,0.000000000000e+00,3,2.424748317580e+00,4.302629496518e-06,1.410334007054e-02,1.342235067968e-02,5.395441397753e-03,6.045270468642e-02,6.373934413448e-02,1.249735593054e+04
579,0.000000000000e+00,3,2.428473302100e+00,4.308888104392e-06,1.406534752667e-02,1.338788484717e-02,5.402297753875e-03,6.029279583187e-02,6.357260032413e-02,1.248491551000e+04
580,0.000000000000e+00,3,2.432204009074e+00,4.315190304220e-06,1.402638041757e-02,1.335206739138e-02,5.407319546588e-03,6.012796510328e-02,6.340053898337e-02,1.245643233381e+04
581,0.000000000000e+00,3,2.435940447292e+00,4.321531246459e-06,1.398708534955e-02,1.331577339579e-02,5.410252976582e-03,5.996168631766e-02,6.322675890026e-02,1.241218522143e+04
582,0.000000000000e+00,3,2.439682625559e+00,4.327905353796e-06,1.394756926657e-02,1.327924959635e-02,5.412640165518e-03,5.979459979848e-02,6.305207369238e-02,1.235080571706e+04
583,0.000000000000e+00,3,2.443430552694e+00,4.334306362449e-06,1.390736497612e-02,1.324210053494e-02,5.414881797495e-03,5.962421751871e-02,6.287397145684e-02,1.227416510976e+04
584,0.000000000000e+00,3,2.447184237527e+00,4.340727345877e-06,1.386628128195e-02,1.320389329674e-02,5.415439702153e-03,5.944932773018e-02,6.269103691534e-02,1.218488630086e+04
585,0.000000000000e+00,3,2.450943688905e+00,4.347160867248e-06,1.382469831384e-02,1.316500904259e-02,5.413906938863e-03,5.927188375660e-02,6.250525049113e-02,1.216391298684e+04
586,0.000000000000e+00,3,2.454708915685e+00,4.353599108018e-06,1.378293213253e-02,1.312595130398e-02,5.411186592540e-03,5.909380260217e-02,6.231868309045e-02,1.218071497821e+04
587,0.000000000000e+00,3,2.458479926740e+00,4.360033968819e-06,1.374138701099e-02,1.308681573678e-02,5.407235564767e-03,5.891779197812e-02,6.213400736428e-02,1.218035106073e+04
588,0.000000000000e+00,3,2.462256730957e+00,4.366457390550e-06,1.370040300565e-02,1.304821100653e-02,5.402604301431e-03,5.874562136687e-02,6.195315178428e-02,1.216369827737e+04
589,0.000000000000e+00,3,2.466039337234e+00,4.372861518108e-06,1.366010553656e-02,1.301028911958e-02,5.397331904817e-03,5.857783618800e-02,6.177669617586e-02,1.213218906092e+04
590,0.000000000000e+00,3,2.469827754486e+00,4.379235529504e-06,1.362035004338e-02,1.297289065638e-02,5.390875804013e-03,5.841287618730e-02,6.160304760069e-02,1.209142689180e+04
591,0.000000000000e+00,3,2.473621991639e+00,4.385571705682e-06,1.358097153256e-02,1.293610300123e-02,5.382771732583e-03,5.824928192751e-02,6.143076285724e-02,1.203904841422e+04
592,0.000000000000e+00,3,2.477422057633e+00,4.391864419051e-06,1.354151634899e-02,1.289921420232e-02,5.375159135580e-03,5.808489766277e-02,6.125773473035e-02,1.206780299294e+04
593,0.000000000000e+00,3,2.481227961424e+00,4.398105832758e-06,1.350226647425e-02,1.286243474814e-02,5.368062663885e-03,5.792107339221e-02,6.108535231347e-02,1.211111151105e+04
594,0.000000000000e+00,3,2.485039711980e+00,4.404292967126e-06,1.346386815478e-02,1.282642604487e-02,5.359414205099e-03,5.776109876112e-02,6.091683512369e-02,1.213807982495e+04
595,0.000000000000e+00,3,2.488857318282e+00,4.410422619305e-06,1.342688245178e-02,1.279168532228e-02,5.349238455950e-03,5.760764834298e-02,6.075494947266e-02,1.214826545533e+04
596,0.000000000000e+00,3,2.492680789327e+00,4.416273964525e-06,1.339209271475e-02,1.275905267847e-02,5.337099983630e-03,5.746425220287e-02,6.060335378511e-02,1.214495213250e+04
597,0.000000000000e+00,3,2.496510134124e+00,4.421982818404e-06,1.335988204105e-02,1.272913399763e-02,5.322545548144e-03,5.733222871785e-02,6.046347030520e-02,1.212486428820e+04
598,0.000000000000e+00,3,2.500345361696e+00,4.427623577828e-06,1.333004088397e-02,1.270194417960e-02,5.307506232415e-03,5.721019032210e-02,6.033411037720e-02,1.212163350294e+04
599,0.000000000000e+00,3,2.504186481082e+00,4.433195595581e-06,1.330215820140e-02,1.267710681040e-02,5.290043650110e-03,5.709583556129e-02,6.021275155778e-02,1.211940429423e+04
600,0.000000000000e+00,3,2.508033501331e+00,4.438699377040e-06,1.327533606390e-02,1.265396582466e-02,5.269886223197e-03,5.698469952796e-02,6.009480077177e-02,1.218845383230e+04
601,0.000000000000e+00,3,2.511886431510e+00,4.444136662468e-06,1.324876246043e-02,1.263112872691e-02,5.248728126886e-03,5.687260416546e-02,5.997597328230e-02,1.228911257423e+04
602,0.000000000000e+00,3,2.515745280696e+00,4.449510430922e-06,1.322230518147e-02,1.260867438125e-02,5.224445489181e-03,5.675947411083e-02,5.985600016683e-02,1.236889441709e+04
603,0.000000000000e+00,3,2.519610057984e+00,4.454824840994e-06,1.319542862418e-02,1.258615802630e-02,5.198937886873e-03,5.664353424699e-02,5.973315358811e-02,1.242667102707e+04
604,0.000000000000e+00,3,2.523480772481e+00,4.460085040931e-06,1.316796921839e-02,1.256357637815e-02,5.171015936956e-03,5.652449593594e-02,5.960702065510e-02,1.246222112480e+04
605,0.000000000000e+00,3,2.527357433306e+00,4.465298016409e-06,1.313875996447e-02,1.253969682896e-02,5.143199541332e-03,5.639749712511e-02,5.947269283852e-02,1.247819120395e+04
606,0.000000000000e+00,3,2.531240049595e+00,4.470471620400e-06,1.310655623191e-02,1.251319903966e-02,5.115272367907e-03,5.625634710364e-02,5.932372684946e-02,1.247346138290e+04
607,0.000000000000e+00,3,2.535128630498e+00,4.475614763339e-06,1.307072735070e-02,1.248324431544e-02,5.085517949731e-03,5.609744969953e-02,5.915624783338e-02,1.244635003532e+04
608,0.000000000000e+00,3,2.539023185177e+00,4.480737267238e-06,1.303032583272e-02,1.244918110944e-02,5.054509102775e-03,5.591603916380e-02,5.896543902694e-02,1.250096969932e+04
609,0.000000000000e+00,3,2.542923722809e+00,4.485849723105e-06,1.298462949820e-02,1.240988940085e-02,5.024988780538e-03,5.570902059798e-02,5.874820377150e-02,1.253592128307e+04
610,0.000000000000e+00,3,2.546830252585e+00,4.490962892987e-06,1.293407921700e-02,1.236532177536e-02,4.993526618984e-03,5.547817903446e-02,5.850602742345e-02,1.254547343280e+04
611,0.000000000000e+00,3,2.550742783711e+00,4.496088119363e-06,1.287970460833e-02,1.231694235308e-02,4.962633739362e-03,5.522901351543e-02,5.824487554494e-02,1.252997378015e+04
612,0.000000000000e+00,3,2.554661325407e+00,4.501236918592e-06,1.282186141885e-02,1.226467412496e-02,4.929312538388e-03,5.496307797218e-02,5.796602818818e-02,1.249022315276e+04
613,0.000000000000e+00,3,2.558585886906e+00,4.506420755521e-06,1.276155950185e-02,1.221014794362e-02,4.893980665102e-03,5.468526627304e-02,5.767473023628e-02,1.242740457833e+04
614,0.000000000000e+00,3,2.562516477455e+00,4.511651226743e-06,1.269807245779e-02,1.215261146347e-02,4.860075147691e-03,5.439191904708e-02,5.736748380042e-02,1.234381716091e+04
615,0.000000000000e+00,3,2.566453106317e+00,4.516940200084e-06,1.263205322808e-02,1.209253461601e-02,4.825385679393e-03,5.408598255763e-02,5.704713856431e-02,1.223671357256e+04
616,0.000000000000e+00,3,2.570395782769e+00,4.522299979512e-06,1.256356402233e-02,1.203007505250e-02,4.790059324524e-03,5.376776339637e-02,5.671404495971e-02,1.214566392571e+04
617,0.000000000000e+00,3,2.574344516100e+00,4.527743394709e-06,1.249273181052e-02,1.196504863548e-02,4.755350746570e-03,5.343832153492e-02,5.636930287072e-02,1.208343956575e+04
618,0.000000000000e+00,3,2.578299315616e+00,4.533283775437e-06,1.241990955694e-02,1.189776044503e-02,4.719952977493e-03,5.309947950477e-02,5.601467251352e-02,1.199630338457e+04
619,0.000000000000e+00,3,2.582260190635e+00,4.538934784733e-06,1.234583492036e-02,1.182870357118e-02,4.680944461865e-03,5.275475437442e-02,5.565351038538e-02,1.188441417194e+04
620,0.000000000000e+00,3,2.586227150491e+00,4.544705679679e-06,1.226985532229e-02,1.175810068132e-02,4.642507280024e-03,5.240167592907e-02,5.528372993279e-02,1.174804184227e+04
621,0.000000000000e+00,3,2.590200204531e+00,4.550609204711e-06,1.219045677890e-02,1.168398326257e-02,4.605577578282e-03,5.203365166216e-02,5.489840572810e-02,1.159329637073e+04
622,0.000000000000e+00,3,2.594179362119e+00,4.556663303466e-06,1.210696200915e-02,1.160515201281e-02,4.568484345056e-03,5.164788669688e-02,5.449434219987e-02,1.142078606727e+04
623,0.000000000000e+00,3,2.598164632630e+00,4.562879789701e-06,1.202001786141e-02,1.152217100077e-02,4.531059880481e-03,5.124748070795e-02,5.407472641181e-02,1.123255987428e+04
624,0.000000000000e+00,3,2.602156025454e+00,4.569269285952e-06,1.193045190899e-02,1.143589912407e-02,4.494663142114e-03,5.083629791341e-02,5.364370097067e-02,1.103132800254e+04
625,0.000000000000e+00,3,2.606153549999e+00,4.575841471707e-06,1.183965116966e-02,1.134762731451e-02,4.456632438971e-03,5.042081629080e-02,5.320776516275e-02,1.081949058910e+04
626,0.000000000000e+00,3,2.610157215683e+00,4.582604221676e-06,1.174746759374e-02,1.125740989535e-02,4.419324433627e-03,5.000086791489e-02,5.276693560470e-02,1.065040456160e+04
627,0.000000000000e+00,3,2.614167031940e+00,4.589564016118e-06,1.165213608202e-02,1.116337039057e-02,4.383442332413e-03,4.956912475123e-02,5.231353370817e-02,1.048229631281e+04
628,0.000000000000e+00,3,2.618183008219e+00,4.596725843695e-06,1.155336059989e-02,1.106517310040e-02,4.346979315055e-03,4.912432051139e-02,5.184605377233e-02,1.030461784481e+04
629,0.000000000000e+00,3,2.622205153984e+00,4.604093176666e-06,1.145069999000e-02,1.096193029528e-02,4.311750169057e-03,4.866456016695e-02,5.136256469280e-02,1.012204192955e+04
630,0.000000000000e+00,3,2.626233478712e+00,4.611668141256e-06,1.134623894049e-02,1.085544435795e-02,4.276553457591e-03,4.819899677770e-02,5.087248775277e-02,9.936640655753e+03
631,0.000000000000e+00,3,2.630267991895e+00,4.619451569112e-06,1.124162268041e-02,1.074776380082e-02,4.240307748819e-03,4.773525989021e-02,5.038376478388e-02,9.746582256387e+03
632,0.000000000000e+00,3,2.634308703041e+00,4.627442954707e-06,1.113808314410e-02,1.064025550014e-02,4.201568061047e-03,4.727929421511e-02,4.990247257284e-02,9.551891353881e+03
633,0.000000000000e+00,3,2.638355621672e+00,4.635640647160e-06,1.103382855818e-02,1.053143665041e-02,4.166027532472e-03,4.682350063008e-02,4.942117488718e-02,9.353424004397e+03
634,0.000000000000e+00,3,2.642408757322e+00,4.644041977303e-06,1.092797513480e-02,1.042004108762e-02,4.132141998420e-03,4.636384012358e-02,4.893544896406e-02,9.151993898267e+03
635,0.000000000000e+00,3,2.646468119543e+00,4.652643506229e-06,1.082088765790e-02,1.030640114163e-02,4.098825114562e-03,4.590194487193e-02,4.844690314708e-02,8.968201466112e+03
636,0.000000000000e+00,3,2.650533717901e+00,4.661440962042e-06,1.071306035790e-02,1.019044557495e-02,4.066814239183e-03,4.543953559882e-02,4.795732703915e-02,8.827794472938e+03
637,0.000000000000e+00,3,2.654605561976e+00,4.670428736185e-06,1.060589418834e-02,1.007401371790e-02,4.034394867600e-03,4.498314163376e-02,4.747346750674e-02,8.685573134298e+03
638,0.000000000000e+00,3,2.658683661362e+00,4.679599844251e-06,1.050028596600e-02,9.958489506542e-03,4.001808550904e-03,4.453647653041e-02,4.699935884714e-02,8.542088401329e+03
639,0.000000000000e+00,3,2.662768025669e+00,4.688946625604e-06,1.039601762331e-02,9.843929918995e-03,3.971705614305e-03,4.409882409721e-02,4.653451268593e-02,8.399083492049e+03
640,0.000000000000e+00,3,2.666858664521e+00,4.698456420160e-06,1.029279899022e-02,9.729660246708e-03,3.943403545326e-03,4.366873779925e-02,4.607729475642e-02,8.257522521159e+03
641,0.000000000000e+00,3,2.670955587559e+00,4.708126881637e-06,1.019074509823e-02,9.615951786117e-03,3.916909795608e-03,4.324687374928e-02,4.562841314185e-02,8.114770027388e+03
642,0.000000000000e+00,3,2.675058804435e+00,4.717947262533e-06,1.009114394251e-02,9.503949083216e-03,3.891738862762e-03,4.283863916924e-02,4.519348262187e-02,7.971194957739e+03
643,0.000000000000e+00,3,2.679168324819e+00,4.727900577838e-06,9.995577097019e-03,9.395498321450e-03,3.867068288923e-03,4.245065858155e-02,4.477945490255e-02,7.827516803307e+03
644,0.000000000000e+00,3,2.683284158394e+00,4.737970576748e-06,9.904068163032e-03,9.291236817706e-03,3.844129313247e-03,4.208270285302e-02,4.438635891096e-02,7.731964511503e+03
645,0.000000000000e+00,3,2.687406314859e+00,4.747683066203e-06,9.816532918061e-03,9.191380076520e-03,3.822837440775e-03,4.173395155117e-02,4.401343640772e-02,7.652108381454e+03
646,0.000000000000e+00,3,2.691534803927e+00,4.757351554464e-06,9.732981749460e-03,9.097213470538e-03,3.803009931161e-03,4.140440971951e-02,4.366094657038e-02,7.570707031097e+03
647,0.000000000000e+00,3,2.695669635327e+00,4.767108888429e-06,9.653267204325e-03,9.007071922612e-03,3.785762050646e-03,4.109268128363e-02,4.332728195628e-02,7.487541805926e+03
648,0.000000000000e+00,3,2.699810818801e+00,4.776941719950e-06,9.578185930826e-03,8.922057803342e-03,3.770343609558e-03,4.080199777322e-02,4.301584910695e-02,7.403657375081e+03
649,0.000000000000e+00,3,2.703958364109e+00,4.786836265804e-06,9.507856462633e-03,8.842870601054e-03,3.755836121765e-03,4.053296124066e-02,4.272730914640e-02,7.330820422385e+03
650,0.000000000000e+00,3,2.708112281023e+00,4.796778948374e-06,9.442066347663e-03,8.769410669133e-03,3.743300148472e-03,4.028357319263e-02,4.245978974942e-02,7.311023737847e+03
651,0.000000000000e+00,3,2.712272579332e+00,4.806756416839e-06,9.379887428738e-03,8.701404063638e-03,3.733360830772e-03,4.004887864671e-02,4.220838050443e-02,7.286357971885e+03
652,0.000000000000e+00,3,2.716439268839e+00,4.816754834773e-06,9.321526718444e-03,8.638383618621e-03,3.725140734645e-03,3.982964342860e-02,4.197367866947e-02,7.257645325089e+03
653,0.000000000000e+00,3,2.720612359363e+00,4.826760666401e-06,9.267266253525e-03,8.580828920728e-03,3.719007666309e-03,3.962693254782e-02,4.175688745527e-02,7.220790623486e+03
654,0.000000000000e+00,3,2.724791860736e+00,4.836760848592e-06,9.217066273579e-03,8.529201882069e-03,3.714923464501e-03,3.944001004270e-02,4.155738976346e-02,7.174369459953e+03
655,0.000000000000e+00,3,2.728977782808e+00,4.846742878106e-06,9.171921537591e-03,8.484179968363e-03,3.712139761088e-03,3.927321222446e-02,4.137959200452e-02,7.118581833848e+03
656,0.000000000000e+00,3,2.733170135442e+00,4.856694891214e-06,9.132099880605e-03,8.445903143494e-03,3.711532565053e-03,3.912764105859e-02,4.122470493442e-02,7.053948504848e+03
657,0.000000000000e+00,3,2.737368928518e+00,4.866605769936e-06,9.097993829939e-03,8.414120988427e-03,3.713487660833e-03,3.900432154984e-02,4.109377098670e-02,6.980923761731e+03
658,0.000000000000e+00,3,2.741574171928e+00,4.876465246914e-06,9.070126857812e-03,8.390347547673e-03,3.718742208313e-03,3.890563271558e-02,4.098954054145e-02,6.933316925344e+03
659,0.000000000000e+00,3,2.745785875583e+00,4.886263888308e-06,9.048968850564e-03,8.374802105465e-03,3.726444085118e-03,3.883331675044e-02,4.091373880403e-02,6.892887400654e+03
660,0.000000000000e+00,3,2.750004049406e+00,4.895993326236e-06,9.035769778900e-03,8.367405932471e-03,3.736684482614e-03,3.879201610875e-02,4.087104038608e-02,6.844807934969e+03
661,0.000000000000e+00,3,2.754228703338e+00,4.905646478509e-06,9.032105040863e-03,8.369553280536e-03,3.749561680198e-03,3.878938292446e-02,4.086935017882e-02,6.789360617634e+03
662,0.000000000000e+00,3,2.758459847334e+00,4.915217687918e-06,9.038949045224e-03,8.381204234488e-03,3.765927377640e-03,3.882931807144e-02,4.091265495136e-02,6.726918929299e+03
663,0.000000000000e+00,3,2.762697491363e+00,4.924702768282e-06,9.057052050327e-03,8.404378801448e-03,3.785476268938e-03,3.891610682068e-02,4.100557249377e-02,6.659342068286e+03
664,0.000000000000e+00,3,2.766941645412e+00,4.934098991184e-06,9.087299140917e-03,8.439418497325e-03,3.808253843801e-03,3.905313364586e-02,4.115158362870e-02,6.583972343527e+03
665,0.000000000000e+00,3,2.771192319480e+00,4.943405052700e-06,9.130340366769e-03,8.487438095383e-03,3.835477481907e-03,3.924375263803e-02,4.135435562628e-02,6.500571438643e+03
666,0.000000000000e+00,3,2.775449523586e+00,4.952621053052e-06,9.187549925402e-03,8.548888844028e-03,3.866600467646e-03,3.949393577653e-02,4.161990072545e-02,6.452531756869e+03
667,0.000000000000e+00,3,2.779713267759e+00,4.961748490655e-06,9.260419368008e-03,8.624592902214e-03,3.902225197333e-03,3.981073296894e-02,4.195546198787e-02,6.405819519202e+03
668,0.000000000000e+00,3,2.783983562048e+00,4.970790275775e-06,9.349743881506e-03,8.715434855828e-03,3.942903163939e-03,4.019794815949e-02,4.236505679176e-02,6.353364730300e+03
669,0.000000000000e+00,3,2.788260416515e+00,4.979747429255e-06,9.455964085799e-03,8.822680285676e-03,3.987704162312e-03,4.065770468963e-02,4.285097057630e-02,6.294342035800e+03
670,0.000000000000e+00,3,2.792543841237e+00,4.988620561509e-06,9.578855513488e-03,8.945895398208e-03,4.037481158818e-03,4.118951134303e-02,4.341267805848e-02,6.229736828250e+03
671,0.000000000000e+00,3,2.796833846309e+00,4.997425852620e-06,9.718270413887e-03,9.084099622924e-03,4.090955348375e-03,4.179258515310e-02,4.404908325082e-02,6.162933924586e+03
672,0.000000000000e+00,3,2.801130441839e+00,5.006172130027e-06,9.873289569352e-03,9.237965240515e-03,4.147517426234e-03,4.246454777210e-02,4.475781012287e-02,6.150306777688e+03
673,0.000000000000e+00,3,2.805433637952e+00,5.014869424597e-06,1.004402306639e-02,9.406106685028e-03,4.207570288781e-03,4.320559016996e-02,4.553881763944e-02,6.147574365130e+03
674,0.000000000000e+00,3,2.809743444787e+00,5.023528540245e-06,1.022968786668e-02,9.588408686729e-03,4.270216411910e-03,4.401238487919e-02,4.638867174162e-02,6.165487963781e+03
675,0.000000000000e+00,3,2.814059872501e+00,5.032160276279e-06,1.042940205987e-02,9.784171845041e-03,4.335881745425e-03,4.488082734207e-02,4.730318149383e-02,6.173004456433e+03
676,0.000000000000e+00,3,2.818382931264e+00,5.040775138789e-06,1.064178726832e-02,9.992381262634e-03,4.404943691069e-03,4.580476795308e-02,4.827603562554e-02,6.180925865453e+03
677,0.000000000000e+00,3,2.822712631264e+00,5.049383014724e-06,1.086459996800e-02,1.021086370016e-02,4.476515200573e-03,4.677410313017e-02,4.929662444773e-02,6.344624953835e+03
678,0.000000000000e+00,3,2.827048982703e+00,5.057993271035e-06,1.109578797909e-02,1.043704943719e-02,4.549662992502e-03,4.778020442380e-02,5.035569362005e-02,6.474660960318e+03
679,0.000000000000e+00,3,2.831391995799e+00,5.066614808573e-06,1.133250475976e-02,1.066875433468e-02,4.624449041620e-03,4.881079831596e-02,5.144052433990e-02,6.565172481450e+03
680,0.000000000000e+00,3,2.835741680786e+00,5.075247352688e-06,1.157274694232e-02,1.090417266847e-02,4.699767117833e-03,4.985727560519e-02,5.254203265109e-02,6.719664951018e+03
681,0.000000000000e+00,3,2.840098047914e+00,5.083909710025e-06,1.181410477127e-02,1.114067168707e-02,4.775454420064e-03,5.090798966465e-02,5.364807558337e-02,6.860860188308e+03
682,0.000000000000e+00,3,2.844461107448e+00,5.092603761394e-06,1.205453359365e-02,1.137769177797e-02,4.850149271318e-03,5.195543491255e-02,5.475084305525e-02,6.955736870899e+03
683,0.000000000000e+00,3,2.848830869669e+00,5.101188460188e-06,1.229241378841e-02,1.161271967724e-02,4.924069083021e-03,5.299233233980e-02,5.584256833451e-02,7.126030083538e+03
684,0.000000000000e+00,3,2.853207344873e+00,5.109083346892e-06,1.252530726716e-02,1.184368635260e-02,4.997175060651e-03,5.400750030288e-02,5.691166906802e-02,7.270655239625e+03
685,0.000000000000e+00,3,2.857590543375e+00,5.117055591362e-06,1.275166306323e-02,1.206910871213e-02,5.067899379465e-03,5.499430471818e-02,5.795106083188e-02,7.364018081273e+03
686,0.000000000000e+00,3,2.861980475502e+00,5.125115629626e-06,1.297010139965e-02,1.228662533066e-02,5.136539988955e-03,5.594672210219e-02,5.895425726249e-02,7.551531091339e+03
687,0.000000000000e+00,3,2.866377151598e+00,5.133273209278e-06,1.317860228491e-02,1.249510813966e-02,5.201722381274e-03,5.685685831752e-02,5.991296636852e-02,7.714647672537e+03
688,0.000000000000e+00,3,2.870780582025e+00,5.141536986514e-06,1.337572854055e-02,1.269348598277e-02,5.263848669321e-03,5.771800131954e-02,6.082031305017e-02,7.820844469137e+03
689,0.000000000000e+00,3,2.875190777157e+00,5.149913722162e-06,1.355962281732e-02,1.288030662047e-02,5.322834960443e-03,5.852161041432e-02,6.166747219634e-02,8.002924738964e+03
690,0.000000000000e+00,3,2.879607747389e+00,5.158407531319e-06,1.372868875220e-02,1.305318440073e-02,5.377650255794e-03,5.926109499593e-02,6.244724990137e-02,8.165170412005e+03
691,0.000000000000e+00,3,2.884031503127e+00,5.167020016569e-06,1.388153350268e-02,1.321139160049e-02,5.428166618579e-03,5.993062403850e-02,6.315364226148e-02,8.262890013789e+03
692,0.000000000000e+00,3,2.888462054795e+00,5.175750509276e-06,1.401642970675e-02,1.335316206176e-02,5.474707718979e-03,6.052261391084e-02,6.377873045131e-02,8.412851493718e+03
693,0.000000000000e+00,3,2.892899412835e+00,5.184596321312e-06,1.413205668161e-02,1.347651355536e-02,5.517488824014e-03,6.103043549070e-02,6.431553609174e-02,8.538523482645e+03
694,0.000000000000e+00,3,2.897343587701e+00,5.193552743810e-06,1.422742283454e-02,1.357996656053e-02,5.556665778336e-03,6.144849573039e-02,6.475823665294e-02,8.593706547703e+03
695,0.000000000000e+00,3,2.901794589867e+00,5.202614399215e-06,1.430203435886e-02,1.366320263870e-02,5.592177754793e-03,6.177444170607e-02,6.510441915328e-02,8.704989580266e+03
696,0.000000000000e+00,3,2.906252429821e+00,5.211774353922e-06,1.435548802138e-02,1.372609324174e-02,5.624953927192e-03,6.200623429728e-02,6.535211450615e-02,8.825311246320e+03
697,0.000000000000e+00,3,2.910717118067e+00,5.221024623076e-06,1.438845649654e-02,1.376922913475e-02,5.653934809489e-03,6.214702224522e-02,6.550449377024e-02,8.868134026428e+03
698,0.000000000000e+00,3,2.915188665125e+00,5.230356116000e-06,1.440176997250e-02,1.379349216201e-02,5.679838461029e-03,6.220021806186e-02,6.556522779836e-02,8.863571060919e+03
699,0.000000000000e+00,3,2.919667081533e+00,5.239758829059e-06,1.439576653633e-02,1.379745931221e-02,5.704546901656e-03,6.216691306932e-02,6.553529517414e-02,8.978492558783e+03
700,0.000000000000e+00,3,2.924152377843e+00,5.249222029702e-06,1.437109992408e-02,1.378310930961e-02,5.725562183692e-03,6.205031618241e-02,6.541808936315e-02,9.017040828600e+03
701,0.000000000000e+00,3,2.928644564625e+00,5.258734374847e-06,1.432977731816e-02,1.375214177529e-02,5.742407959190e-03,6.185925183872e-02,6.522274303195e-02,8.971968622933e+03
702,0.000000000000e+00,3,2.933143652464e+00,5.268284058163e-06,1.427310640164e-02,1.370586196342e-02,5.756413846454e-03,6.159937752153e-02,6.495530640313e-02,9.071942745624e+03
703,0.000000000000e+00,3,2.937649651962e+00,5.277858226963e-06,1.420334006534e-02,1.364661940279e-02,5.766690871565e-03,6.128103181563e-02,6.462650132982e-02,9.110951123247e+03
704,0.000000000000e+00,3,2.942162573736e+00,5.287438170168e-06,1.412304207339e-02,1.357625280224e-02,5.772337506799e-03,6.091587420004e-02,6.424825731025e-02,9.064540466644e+03
705,0.000000000000e+00,3,2.946682428420e+00,5.297019984973e-06,1.403439302338e-02,1.349719128195e-02,5.774058909018e-03,6.051406238528e-02,6.383126085776e-02,9.009978961340e+03
706,0.000000000000e+00,3,2.951209226666e+00,5.306592294947e-06,1.394045457089e-02,1.341214258953e-02,5.771432802069e-03,6.008995310638e-02,6.339032846894e-02,9.070803387347e+03
707,0.000000000000e+00,3,2.955742979141e+00,5.316143609375e-06,1.384218447031e-02,1.332160737908e-02,5.765719786254e-03,5.964854571714e-02,6.293062708170e-02,9.048332007421e+03
708,0.000000000000e+00,3,2.960283696527e+00,5.325663315078e-06,1.374088717288e-02,1.322766322340e-02,5.756612349172e-03,5.919620640016e-02,6.245888641785e-02,8.938292028083e+03
709,0.000000000000e+00,3,2.964831389524e+00,5.335140868461e-06,1.363871898225e-02,1.313292263469e-02,5.741191246919e-03,5.874340803116e-02,6.198578527739e-02,8.990497573323e+03
710,0.000000000000e+00,3,2.969386068849e+00,5.344566309750e-06,1.353660462025e-02,1.303901204415e-02,5.720563524171e-03,5.829393889170e-02,6.151555622991e-02,9.054208326709e+03
711,0.000000000000e+00,3,2.973947745235e+00,5.353929674059e-06,1.343524606998e-02,1.294576008192e-02,5.695757801712e-03,5.785064873661e-02,6.105110774787e-02,9.036136971870e+03
712,0.000000000000e+00,3,2.978516429429e+00,5.363221365109e-06,1.333609182116e-02,1.285359643232e-02,5.668119018249e-03,5.741940137164e-02,6.059852732031e-02,8.931020172381e+03
713,0.000000000000e+00,3,2.983092132199e+00,5.372432606618e-06,1.323954012699e-02,1.276329939716e-02,5.636400099940e-03,5.700317910583e-02,6.016077350345e-02,9.051666654163e+03
714,0.000000000000e+00,3,2.987674864326e+00,5.381554249880e-06,1.314458134242e-02,1.267396189434e-02,5.601542451321e-03,5.659675950047e-02,5.973256894320e-02,9.126192704401e+03
715,0.000000000000e+00,3,2.992264636608e+00,5.390576127594e-06,1.304972397954e-02,1.258479907790e-02,5.565517625302e-03,5.619316942102e-02,5.930699570701e-02,9.112210095725e+03
716,0.000000000000e+00,3,2.996861459862e+00,5.399494497892e-06,1.295269831826e-02,1.249394564351e-02,5.529130550488e-03,5.578169344642e-02,5.887308111405e-02,9.004576853444e+03
717,0.000000000000e+00,3,3.001465344919e+00,5.408305117991e-06,1.285237703668e-02,1.240038950371e-02,5.492682920324e-03,5.535632760478e-02,5.842470219768e-02,9.107037335194e+03
718,0.000000000000e+00,3,3.006076302628e+00,5.417012652854e-06,1.274920713876e-02,1.230357513908e-02,5.456209389955e-03,5.491898972331e-02,5.796366014156e-02,9.177949774428e+03
719,0.000000000000e+00,3,3.010694343854e+00,5.425618205468e-06,1.264422487725e-02,1.220373861118e-02,5.420320899854e-03,5.447273956061e-02,5.749318996831e-02,9.151174597535e+03
720,0.000000000000e+00,3,3.015319479479e+00,5.433823660301e-06,1.253799906228e-02,1.210076553672e-02,5.384373223777e-03,5.401905773601e-02,5.701473511961e-02,9.020332367481e+03
721,0.000000000000e+00,3,3.019951720402e+00,5.441872842313e-06,1.243124772027e-02,1.199537910925e-02,5.352018980277e-03,5.356158372617e-02,5.653240131357e-02,8.990226461840e+03
722,0.000000000000e+00,3,3.024591077538e+00,5.449876843495e-06,1.232610277882e-02,1.189031915650e-02,5.322554142827e-03,5.310952613096e-02,5.605589931324e-02,9.077481762992e+03
723,0.000000000000e+00,3,3.029237561819e+00,5.457841949971e-06,1.222247304697e-02,1.178637229694e-02,5.296916455233e-03,5.266222300569e-02,5.558484033566e-02,9.066371246457e+03
724,0.000000000000e+00,3,3.033891184194e+00,5.465774533315e-06,1.212253326614e-02,1.168591436258e-02,5.275957046758e-03,5.222891265473e-02,5.512904358986e-02,8.950923692721e+03
725,0.000000000000e+00,3,3.038551955630e+00,5.473680865968e-06,1.202917528565e-02,1.159140054142e-02,5.254694614869e-03,5.182237148214e-02,5.470129455592e-02,8.810283713727e+03
726,0.000000000000e+00,3,3.043219887108e+00,5.481567180865e-06,1.194197444844e-02,1.150211017770e-02,5.235093665255e-03,5.144129490322e-02,5.430029759836e-02,8.986944272923e+03
727,0.000000000000e+00,3,3.047894989628e+00,5.489439685740e-06,1.186162427800e-02,1.141851414251e-02,5.222634297396e-03,5.108923897623e-02,5.393020344770e-02,9.069124512802e+03
728,0.000000000000e+00,3,3.052577274207e+00,5.497304349253e-06,1.179103965667e-02,1.134421030864e-02,5.204457632475e-03,5.078069918260e-02,5.360490194407e-02,9.050429066329e+03
729,0.000000000000e+00,3,3.057266751878e+00,5.505166594108e-06,1.172867735732e-02,1.127947909781e-02,5.194877695746e-03,5.050943043767e-02,5.331958213154e-02,8.924772979879e+03
730,0.000000000000e+00,3,3.061963433691e+00,5.513031097068e-06,1.167473018013e-02,1.122292759920e-02,5.180277309588e-03,5.027433298416e-02,5.307162385572e-02,8.928194690357e+03
731,0.000000000000e+00,3,3.066667330713e+00,5.520901670132e-06,1.163128262522e-02,1.117673219992e-02,5.163594038950e-03,5.008428314644e-02,5.287063646172e-02,9.098319615859e+03
732,0.000000000000e+00,3,3.071378454029e+00,5.528781229732e-06,1.159716043545e-02,1.113987161112e-02,5.152013966295e-03,4.993293615101e-02,5.271083598510e-02,9.161491137761e+03
733,0.000000000000e+00,3,3.076096814741e+00,5.536671836989e-06,1.157162481504e-02,1.111064871026e-02,5.146661645570e-03,4.981682527807e-02,5.258852747989e-02,9.110397539156e+03
734,0.000000000000e+00,3,3.080822423965e+00,5.544574797302e-06,1.155863613272e-02,1.109378201838e-02,5.132352003201e-03,4.975321026188e-02,5.252044399248e-02,8.943177395232e+03
735,0.000000000000e+00,3,3.085555292839e+00,5.552490832896e-06,1.155290524410e-02,1.108469626128e-02,5.134023793059e-03,4.971784165525e-02,5.248392220431e-02,8.931556693580e+03
736,0.000000000000e+00,3,3.090295432514e+00,5.560420318161e-06,1.155528772731e-02,1.108170140067e-02,5.130726006074e-03,4.971418389795e-02,5.248002677574e-02,9.101166415398e+03
737,0.000000000000e+00,3,3.095042854159e+00,5.568363552531e-06,1.156806953512e-02,1.108824318304e-02,5.122091521327e-03,4.975303858195e-02,5.252018696982e-02,9.163438748525e+03
738,0.000000000000e+00,3,3.099797568963e+00,5.576321029843e-06,1.159183677073e-02,1.110676329493e-02,5.112285760481e-03,4.983859575755e-02,5.260942846478e-02,9.111453052327e+03
739,0.000000000000e+00,3,3.104559588128e+00,5.584293728895e-06,1.162548344257e-02,1.113663592127e-02,5.107067011121e-03,4.996457521672e-02,5.274198929658e-02,8.946914782492e+03
740,0.000000000000e+00,3,3.109328922877e+00,5.592283179621e-06,1.166778920761e-02,1.117475934829e-02,5.104032873037e-03,5.012582093685e-02,5.291182880649e-02,9.007505636612e+03
741,0.000000000000e+00,3,3.114105584447e+00,5.600291275132e-06,1.171672556430e-02,1.121943508835e-02,5.103821892918e-03,5.031342721989e-02,5.310976688121e-02,9.161855810568e+03
742,0.000000000000e+00,3,3.118889584094e+00,5.608319057607e-06,1.177055921704e-02,1.126898250609e-02,5.095173408805e-03,5.051938740879e-02,5.332640365925e-02,9.312547799015e+03
743,0.000000000000e+00,3,3.123680933091e+00,5.616369055846e-06,1.182893501873e-02,1.132227212907e-02,5.084629853947e-03,5.074411168657e-02,5.356244842661e-02,9.357148958736e+03
744,0.000000000000e+00,3,3.128479642729e+00,5.624447176395e-06,1.189524710842e-02,1.138414441094e-02,5.064871672173e-03,5.100340381580e-02,5.383396486970e-02,9.298511764288e+03
745,0.000000000000e+00,3,3.133285724316e+00,5.632557105892e-06,1.196482076875e-02,1.145088809936e-02,5.051494239981e-03,5.127757313724e-02,5.412196296509e-02,9.174967647196e+03
746,0.000000000000e+00,3,3.138099189175e+00,5.640702425680e-06,1.203531247902e-02,1.152192477740e-02,5.037313028283e-03,5.155789475356e-02,5.441685888590e-02,9.370089635948e+03
747,0.000000000000e+00,3,3.142920048650e+00,5.648886435810e-06,1.210087798915e-02,1.158997077203e-02,5.023131424640e-03,5.181633811477e-02,5.468933548269e-02,9.613434778982e+03
748,0.000000000000e+00,3,3.147748314101e+00,5.657111574465e-06,1.215528117679e-02,1.164800479985e-02,5.013928051446e-03,5.202504748959e-02,5.491058110331e-02,9.753255576704e+03
749,0.000000000000e+00,3,3.152583996905e+00,5.665379194755e-06,1.219784584461e-02,1.169250608900e-02,5.002724338992e-03,5.217975986743e-02,5.507501005469e-02,9.782078114314e+03
750,0.000000000000e+00,3,3.157427108457e+00,5.673689879157e-06,1.224325537416e-02,1.173643772487e-02,4.959956577107e-03,5.234485779094e-02,5.524695990755e-02,9.702883972955e+03
751,0.000000000000e+00,3,3.162277660168e+00,5.682042645521e-06,1.229236030726e-02,1.178124301292e-02,4.934550674315e-03,5.252473663293e-02,5.543552613234e-02,9.525936126780e+03
752,0.000000000000e+00,3,3.167135663470e+00,5.690432568292e-06,1.234215646602e-02,1.182645464480e-02,4.922910354256e-03,5.270858414472e-02,5.562934247854e-02,9.669066994646e+03
753,0.000000000000e+00,3,3.172001129809e+00,5.698857234072e-06,1.238518163817e-02,1.186607641048e-02,4.916386870045e-03,5.286252831389e-02,5.579260034433e-02,9.892793714978e+03
754,0.000000000000e+00,3,3.176874070650e+00,5.707312259916e-06,1.241651319577e-02,1.189416629947e-02,4.912674011149e-03,5.296590032640e-02,5.590314799030e-02,1.001522097057e+04
755,0.000000000000e+00,3,3.181754497476e+00,5.715794558065e-06,1.243270441350e-02,1.190782627076e-02,4.914557873979e-03,5.300352461278e-02,5.594546421295e-02,1.003282176070e+04
756,0.000000000000e+00,3,3.186642421787e+00,5.724299131720e-06,1.244121688341e-02,1.191223013575e-02,4.897519931651e-03,5.301098784454e-02,5.595387062645e-02,9.946321590241e+03
757,0.000000000000e+00,3,3.191537855101e+00,5.732687490696e-06,1.245297068351e-02,1.191994706313e-02,4.870732699967e-03,5.303621426467e-02,5.597968986512e-02,9.761427418623e+03
758,0.000000000000e+00,3,3.196440808953e+00,5.741012640857e-06,1.247345159934e-02,1.193866809957e-02,4.847868023731e-03,5.310253323460e-02,5.604908251791e-02,9.493778118231e+03
759,0.000000000000e+00,3,3.201351294898e+00,5.749335312551e-06,1.249330817879e-02,1.196016123747e-02,4.848715566753e-03,5.316902496257e-02,5.612114988304e-02,9.731467150666e+03
760,0.000000000000e+00,3,3.206269324505e+00,5.757649389456e-06,1.250148377359e-02,1.196727304166e-02,4.863521432639e-03,5.318515257790e-02,5.614104573354e-02,9.883213132116e+03
761,0.000000000000e+00,3,3.211194909365e+00,5.765948470088e-06,1.249867752080e-02,1.196220058204e-02,4.864754578101e-03,5.315138237561e-02,5.610745465692e-02,9.937189141401e+03
762,0.000000000000e+00,3,3.216128061083e+00,5.774226440880e-06,1.248514095076e-02,1.194348173947e-02,4.869937080665e-03,5.306886030491e-02,5.602272504844e-02,9.895325103645e+03
763,0.000000000000e+00,3,3.221068791283e+00,5.782477439345e-06,1.247235736755e-02,1.192480771779e-02,4.856857774569e-03,5.299450407422e-02,5.594432291954e-02,9.759087809102e+03
764,0.000000000000e+00,3,3.226017111610e+00,5.790695718013e-06,1.247002572283e-02,1.191769347635e-02,4.831104010564e-03,5.297276888643e-02,5.591946681416e-02,9.536781072834e+03
765,0.000000000000e+00,3,3.230973033721e+00,5.798875976919e-06,1.247869005281e-02,1.192404489771e-02,4.807086027416e-03,5.300494344103e-02,5.595116314625e-02,9.245535616374e+03
766,0.000000000000e+00,3,3.235936569296e+00,5.807013539857e-06,1.248910915203e-02,1.193656529759e-02,4.802926754969e-03,5.304590700744e-02,5.599460504522e-02,9.393939098335e+03
767,0.000000000000e+00,3,3.240907730031e+00,5.815104144001e-06,1.249100105134e-02,1.194031308918e-02,4.809074312565e-03,5.304862716822e-02,5.599893056219e-02,9.534395066102e+03
768,0.000000000000e+00,3,3.245886527640e+00,5.823143884793e-06,1.247926205397e-02,1.192845269015e-02,4.814627597470e-03,5.298885997581e-02,5.593764283048e-02,9.604599725866e+03
769,0.000000000000e+00,3,3.250872973854e+00,5.831129631545e-06,1.245758610033e-02,1.189839117185e-02,4.806375332622e-03,5.288295772843e-02,5.582536722558e-02,9.605940731927e+03
770,0.000000000000e+00,3,3.255867080425e+00,5.839059062611e-06,1.243640927661e-02,1.186448292490e-02,4.795833102992e-03,5.278102799942e-02,5.571595070173e-02,9.542242507025e+03
771,0.000000000000e+00,3,3.260868859119e+00,5.846930512951e-06,1.242845609322e-02,1.184424873701e-02,4.770863357924e-03,5.274555194121e-02,5.567411549156e-02,9.416416366183e+03
772,0.000000000000e+00,3,3.265878321723e+00,5.854742674260e-06,1.243176512944e-02,1.184221289805e-02,4.742501549671e-03,5.276849116368e-02,5.569373188426e-02,9.235939218991e+03
773,0.000000000000e+00,3,3.270895480042e+00,5.862494705629e-06,1.243749680222e-02,1.184902035787e-02,4.729271122981e-03,5.280735252318e-02,5.573215495572e-02,9.044252321651e+03
774,0.000000000000e+00,3,3.275920345898e+00,5.870186314264e-06,1.243882965969e-02,1.185427266138e-02,4.714052949596e-03,5.282882118455e-02,5.575262241899e-02,9.273770409168e+03
775,0.000000000000e+00,3,3.280952931131e+00,5.877817990069e-06,1.242772837888e-02,1.184806884328e-02,4.714863432012e-03,5.279410766007e-02,5.571600226846e-02,9.432195985694e+03
776,0.000000000000e+00,3,3.285993247601e+00,5.885391063894e-06,1.239522900437e-02,1.181646114285e-02,4.717065116718e-03,5.266290085313e-02,5.557789385712e-02,9.525264613072e+03
777,0.000000000000e+00,3,3.291041307183e+00,5.892907700574e-06,1.234608801852e-02,1.176379953166e-02,4.714026825617e-03,5.245683599238e-02,5.536022543330e-02,9.558901067508e+03
778,0.000000000000e+00,3,3.296097121775e+00,5.900370936686e-06,1.230116866775e-02,1.171037945118e-02,4.688351856374e-03,5.227022254182e-02,5.515984540573e-02,9.533373330703e+03
779,0.000000000000e+00,3,3.301160703288e+00,5.907783121423e-06,1.227781698015e-02,1.167593100910e-02,4.654013121737e-03,5.218122658121e-02,5.506007991626e-02,9.447537289428e+03
780,0.000000000000e+00,3,3.306232063655e+00,5.915149944428e-06,1.227136303925e-02,1.166514524922e-02,4.639211917017e-03,5.217023688670e-02,5.504468973981e-02,9.301865618553e+03
781,0.000000000000e+00,3,3.311311214826e+00,5.922478699752e-06,1.227031600070e-02,1.166063209420e-02,4.633191849753e-03,5.218373321164e-02,5.505578511122e-02,9.100952267602e+03
782,0.000000000000e+00,3,3.316398168769e+00,5.929775865949e-06,1.226298758087e-02,1.165282012402e-02,4.636517669686e-03,5.217123164883e-02,5.504092830892e-02,8.845727173085e+03
783,0.000000000000e+00,3,3.321492937472e+00,5.937048978289e-06,1.223712365866e-02,1.162787310064e-02,4.638697048600e-03,5.207566647066e-02,5.493948650064e-02,8.889063330340e+03
784,0.000000000000e+00,3,3.326595532940e+00,5.944305670833e-06,1.219226341653e-02,1.158247411390e-02,4.636413774193e-03,5.189150040157e-02,5.474512891964e-02,9.051648011544e+03
785,0.000000000000e+00,3,3.331705967196e+00,5.951549648116e-06,1.213604269714e-02,1.151712107548e-02,4.626901383564e-03,5.165154572106e-02,5.449053130592e-02,9.149336309378e+03
786,0.000000000000e+00,3,3.336824252283e+00,5.958791115218e-06,1.207917151217e-02,1.144642959943e-02,4.616883527768e-03,5.140464494043e-02,5.422803951791e-02,9.193349243237e+03
787,0.000000000000e+00,3,3.341950400261e+00,5.966040010017e-06,1.203111244693e-02,1.138342200715e-02,4.611587822122e-03,5.119717495313e-02,5.400692019294e-02,9.195126115721e+03
788,0.000000000000e+00,3,3.347084423210e+00,5.973305810410e-06,1.200379526338e-02,1.134256172415e-02,4.606521824498e-03,5.108225298633e-02,5.388284904002e-02,9.152190234970e+03
789,0.000000000000e+00,3,3.352226333227e+00,5.980601807685e-06,1.199919555002e-02,1.133202773690e-02,4.609964635334e-03,5.107008900434e-02,5.386837023085e-02,9.060050723974e+03
790,0.000000000000e+00,3,3.357376142430e+00,5.987895246532e-06,1.200794601467e-02,1.133856421890e-02,4.626001397317e-03,5.111671005038e-02,5.391726756188e-02,8.918884604597e+03
791,0.000000000000e+00,3,3.362533862952e+00,5.994944827683e-06,1.202202784227e-02,1.134861332534e-02,4.640307335111e-03,5.118458818204e-02,5.398809773809e-02,8.731977440219e+03
792,0.000000000000e+00,3,3.367699506947e+00,6.002060536459e-06,1.203496970738e-02,1.136030063081e-02,4.657116454544e-03,5.124632506530e-02,5.405341333023e-02,8.493284242871e+03
793,0.000000000000e+00,3,3.372873086589e+00,6.009256727696e-06,1.204533223191e-02,1.136696367274e-02,4.677064345555e-03,5.129455279423e-02,5.410456513980e-02,8.437609638822e+03
794,0.000000000000e+00,3,3.378054614067e+00,6.016547284464e-06,1.204318091090e-02,1.136095255976e-02,4.703078370554e-03,5.128166195961e-02,5.409285765253e-02,8.648002088490e+03
795,0.000000000000e+00,3,3.383244101592e+00,6.023942876815e-06,1.203037613014e-02,1.134361969270e-02,4.725649017831e-03,5.121612770701e-02,5.402620802449e-02,8.820599017738e+03
796,0.000000000000e+00,3,3.388441561392e+00,6.031456377964e-06,1.202145615682e-02,1.132725183287e-02,4.733340470294e-03,5.116293179740e-02,5.397103060280e-02,8.968797745345e+03
797,0.000000000000e+00,3,3.393647005715e+00,6.039099826877e-06,1.203449255690e-02,1.132908256244e-02,4.733534680125e-03,5.119773738791e-02,5.400733086367e-02,9.075402351764e+03
798,0.000000000000e+00,3,3.398860446826e+00,6.046883039898e-06,1.208383391510e-02,1.137383884897e-02,4.749589324268e-03,5.139832189103e-02,5.421927096719e-02,9.153741925595e+03
799,0.000000000000e+00,3,3.404081897010e+00,6.054814778282e-06,1.217018960435e-02,1.145641712239e-02,4.788780598009e-03,5.176773399967e-02,5.460946540083e-02,9.209913441246e+03
800,0.000000000000e+00,3,3.409311368572e+00,6.062902598408e-06,1.228105240766e-02,1.156410969826e-02,4.843670772944e-03,5.224664664699e-02,5.511557052018e-02,9.343407629639e+03
801,0.000000000000e+00,3,3.414548873834e+00,6.071152661558e-06,1.240709570560e-02,1.169067242586e-02,4.902599265935e-03,5.279288413519e-02,5.569319474128e-02,9.439976323413e+03
802,0.000000000000e+00,3,3.419794425137e+00,6.079569561652e-06,1.253670415470e-02,1.182091825330e-02,4.958556675653e-03,5.335403335495e-02,5.628626136954e-02,9.490653906445e+03
803,0.000000000000e+00,3,3.425048034843e+00,6.088156190046e-06,1.265937172684e-02,1.194040479860e-02,5.011260515001e-03,5.387919727349e-02,5.684112586902e-02,9.488454165969e+03
804,0.000000000000e+00,3,3.430309715331e+00,6.096913652473e-06,1.277102180305e-02,1.204426430154e-02,5.055267516610e-03,5.435196013257e-02,5.733981688474e-02,9.424235723775e+03
805,0.000000000000e+00,3,3.435579478999e+00,6.105841512697e-06,1.286966131070e-02,1.213298462385e-02,5.088039855939e-03,5.476636278151e-02,5.777612084613e-02,9.281761829701e+03
806,0.000000000000e+00,3,3.440857338265e+00,6.114937465962e-06,1.295415495263e-02,1.220773714827e-02,5.115269770569e-03,5.511900303450e-02,5.814730825379e-02,9.399404821498e+03
807,0.000000000000e+00,3,3.446143305566e+00,6.124196776830e-06,1.303266805834e-02,1.227720677079e-02,5.132037886072e-03,5.544876218100e-02,5.849344649686e-02,9.748716012029e+03
808,0.000000000000e+00,3,3.451437393359e+00,6.133608103378e-06,1.311921725408e-02,1.235379367450e-02,5.135007870624e-03,5.581476173169e-02,5.887602239035e-02,1.005918076062e+04
809,0.000000000000e+00,3,3.456739614116e+00,6.143165373662e-06,1.323027964739e-02,1.245690666951e-02,5.131832200622e-03,5.629542499559e-02,5.937781909509e-02,1.034095517383e+04
810,0.000000000000e+00,3,3.462049980334e+00,6.152859953269e-06,1.336460659068e-02,1.258613512829e-02,5.150202135933e-03,5.688208822538e-02,5.999266663278e-02,1.057321112856e+04
811,0.000000000000e+00,3,3.467368504525e+00,6.162542386446e-06,1.351267979223e-02,1.273491264964e-02,5.184536482834e-03,5.754208024267e-02,6.068559081493e-02,1.075260995413e+04
812,0.000000000000e+00,3,3.472695199222e+00,6.172025964412e-06,1.365489741204e-02,1.288545073439e-02,5.227052352857e-03,5.818590478835e-02,6.136295834052e-02,1.086881040023e+04
813,0.000000000000e+00,3,3.478030076977e+00,6.181601547073e-06,1.378256215130e-02,1.302603213351e-02,5.261671921659e-03,5.877281375500e-02,6.198036270214e-02,1.090767495401e+04
814,0.000000000000e+00,3,3.483373150360e+00,6.191264348401e-06,1.388797302554e-02,1.313495017575e-02,5.281642153895e-03,5.925745544125e-02,6.248795468001e-02,1.085827522479e+04
815,0.000000000000e+00,3,3.488724431963e+00,6.201009471510e-06,1.396411530135e-02,1.321531719961e-02,5.293561490828e-03,5.961585274950e-02,6.286265041456e-02,1.071202302354e+04
816,0.000000000000e+00,3,3.494083934394e+00,6.210832179911e-06,1.400585623382e-02,1.325853142525e-02,5.294963404558e-03,5.982435514232e-02,6.307886151515e-02,1.045959405216e+04
817,0.000000000000e+00,3,3.499451670284e+00,6.220727446412e-06,1.401900964065e-02,1.326629472572e-02,5.283760392790e-03,5.990181214807e-02,6.315593740548e-02,1.008143248877e+04
818,0.000000000000e+00,3,3.504827652280e+00,6.230689769083e-06,1.401222611206e-02,1.324269729551e-02,5.260028826037e-03,5.988863860820e-02,6.313500178087e-02,9.936571455177e+03
819,0.000000000000e+00,3,3.510211893050e+00,6.240713520238e-06,1.399410209918e-02,1.320212611622e-02,5.226456899089e-03,5.982704244768e-02,6.306125504068e-02,1.018034917243e+04
820,0.000000000000e+00,3,3.515604405283e+00,6.250793019727e-06,1.397992951138e-02,1.316722577213e-02,5.187967654320e-03,5.978850895640e-02,6.301107105334e-02,1.037667433504e+04
821,0.000000000000e+00,3,3.521005201685e+00,6.260922532654e-06,1.398959610850e-02,1.315819153499e-02,5.149704735946e-03,5.986399771821e-02,6.307982629513e-02,1.053835311066e+04
822,0.000000000000e+00,3,3.526414294981e+00,6.271096430897e-06,1.402545148912e-02,1.318308405193e-02,5.123169886383e-03,6.006401926200e-02,6.328064691661e-02,1.067646756040e+04
823,0.000000000000e+00,3,3.531831697920e+00,6.281306945858e-06,1.407379764191e-02,1.322871069988e-02,5.121962311568e-03,6.032444551989e-02,6.354796449966e-02,1.078489854407e+04
824,0.000000000000e+00,3,3.537257423265e+00,6.291544846263e-06,1.412259208565e-02,1.328188054723e-02,5.135226497593e-03,6.059369337008e-02,6.382650065214e-02,1.086018744843e+04
825,0.000000000000e+00,3,3.542691483802e+00,6.301811299450e-06,1.416379062416e-02,1.332653815949e-02,5.160562900145e-03,6.083101215025e-02,6.407224853891e-02,1.086517743706e+04
826,0.000000000000e+00,3,3.548133892336e+00,6.312101272839e-06,1.419174765559e-02,1.335324205456e-02,5.189358555584e-03,6.100392784749e-02,6.425047416111e-02,1.080638006641e+04
827,0.000000000000e+00,3,3.553584661691e+00,6.322409565588e-06,1.420623179012e-02,1.336362894681e-02,5.218462015483e-03,6.111689857565e-02,6.436545065185e-02,1.068971767400e+04
828,0.000000000000e+00,3,3.559043804712e+00,6.332730311331e-06,1.420902521482e-02,1.335937375472e-02,5.228918743485e-03,6.117683943832e-02,6.442295041025e-02,1.050855983455e+04
829,0.000000000000e+00,3,3.564511334262e+00,6.343056624225e-06,1.420071245989e-02,1.334325157852e-02,5.234943728795e-03,6.118295765057e-02,6.442407577740e-02,1.025312057926e+04
830,0.000000000000e+00,3,3.569987263226e+00,6.353380666481e-06,1.417921393649e-02,1.331303591180e-02,5.232868842176e-03,6.112934663194e-02,6.436199941746e-02,9.920876266753e+03
831,0.000000000000e+00,3,3.575471604506e+00,6.363693424167e-06,1.415160988615e-02,1.327587653782e-02,5.223017295627e-03,6.104656131563e-02,6.426880672886e-02,9.517255448671e+03
832,0.000000000000e+00,3,3.580964371026e+00,6.373984174633e-06,1.412462546261e-02,1.323667794152e-02,5.207247062626e-03,6.096563417718e-02,6.417662082086e-02,9.053266281453e+03
833,0.000000000000e+00,3,3.586465575730e+00,6.384240939558e-06,1.410709614820e-02,1.320719622551e-02,5.190510597546e-03,6.091796353000e-02,6.412004269165e-02,9.027443590746e+03
834,0.000000000000e+00,3,3.591975231579e+00,6.394449814732e-06,1.410984900436e-02,1.319969485150e-02,5.183136447672e-03,6.095320293390e-02,6.415198854622e-02,9.327271721280e+03
835,0.000000000000e+00,3,3.597493351557e+00,6.404595506260e-06,1.414159161831e-02,1.322358367640e-02,5.194252546143e-03,6.111313111608e-02,6.431673835846e-02,9.644014393613e+03
836,0.000000000000e+00,3,3.603019948668e+00,6.414655834310e-06,1.420078552213e-02,1.327182322735e-02,5.225075738776e-03,6.139227348091e-02,6.460740097585e-02,9.978520912532e+03
837,0.000000000000e+00,3,3.608555035933e+00,6.424610569377e-06,1.427343814909e-02,1.333977085403e-02,5.279364985986e-03,6.172916153397e-02,6.496184727496e-02,1.032223523697e+04
838,0.000000000000e+00,3,3.614098626396e+00,6.434440398336e-06,1.434993872092e-02,1.341473303849e-02,5.341130333417e-03,6.208036425755e-02,6.533280265974e-02,1.066196251166e+04
839,0.000000000000e+00,3,3.619650733120e+00,6.444129371342e-06,1.441974494149e-02,1.347907700961e-02,5.404965704789e-03,6.239818730591e-02,6.566857691881e-02,1.098731166680e+04
840,0.000000000000e+00,3,3.625211369187e+00,6.453366074239e-06,1.447969708587e-02,1.353325145413e-02,5.460811208703e-03,6.267398247411e-02,6.595952592948e-02,1.128917644560e+04
841,0.000000000000e+00,3,3.630780547701e+00,6.461819392990e-06,1.452694185267e-02,1.357286826285e-02,5.507337375635e-03,6.289101532729e-02,6.618810592802e-02,1.155868768101e+04
842,0.000000000000e+00,3,3.636358281785e+00,6.470078016479e-06,1.456580758183e-02,1.360746728679e-02,5.543596315525e-03,6.307469005816e-02,6.638127674664e-02,1.179203361524e+04
843,0.000000000000e+00,3,3.641944584582e+00,6.478139989270e-06,1.460016987468e-02,1.363288277368e-02,5.568353074311e-03,6.323526091782e-02,6.654866814893e-02,1.198980153012e+04
844,0.000000000000e+00,3,3.647539469256e+00,6.486003062823e-06,1.463446073072e-02,1.365101628724e-02,5.592309339170e-03,6.339117968348e-02,6.671006874499e-02,1.216445897025e+04
845,0.000000000000e+00,3,3.653142948991e+00,6.493666488003e-06,1.466756325797e-02,1.366350296574e-02,5.623902695858e-03,6.354319769930e-02,6.686699470296e-02,1.230170688360e+04
846,0.000000000000e+00,3,3.658755036990e+00,6.501132715256e-06,1.469842727183e-02,1.367827652319e-02,5.658178470893e-03,6.368430631920e-02,6.701376625646e-02,1.240588121537e+04
847,0.000000000000e+00,3,3.664375746478e+00,6.508403335391e-06,1.472781103742e-02,1.369280343433e-02,5.697347832877e-03,6.381800755582e-02,6.715354900948e-02,1.248454138527e+04
848,0.000000000000e+00,3,3.670005090700e+00,6.515480154593e-06,1.475848577518e-02,1.370760615073e-02,5.724498994643e-03,6.395482051259e-02,6.729561890864e-02,1.253600374618e+04
849,0.000000000000e+00,3,3.675643082921e+00,6.522365755774e-06,1.479201404185e-02,1.372376611177e-02,5.750682595071e-03,6.410126460959e-02,6.744766794014e-02,1.255544303666e+04
850,0.000000000000e+00,3,3.681289736425e+00,6.529064346911e-06,1.482591346130e-02,1.373946538489e-02,5.773077738508e-03,6.424742201900e-02,6.759911450372e-02,1.254386447160e+04
851,0.000000000000e+00,3,3.686945064520e+00,6.535582305155e-06,1.486065031784e-02,1.375384125461e-02,5.798858024315e-03,6.439309106291e-02,6.775030633251e-02,1.250305066670e+04
852,0.000000000000e+00,3,3.692609080530e+00,6.541928291894e-06,1.490097326651e-02,1.377114226308e-02,5.824495675999e-03,6.456041734170e-02,6.792389565340e-02,1.242677816685e+04
853,0.000000000000e+00,3,3.698281797803e+00,6.548105377406e-06,1.495522574307e-02,1.379635478101e-02,5.851655841944e-03,6.478184264358e-02,6.815370272157e-02,1.230481995574e+04
854,0.000000000000e+00,3,3.703963229705e+00,6.554126437358e-06,1.502614453605e-02,1.383779262361e-02,5.894697697643e-03,6.507949902572e-02,6.846428396396e-02,1.213103727295e+04
855,0.000000000000e+00,3,3.709653389626e+00,6.560013632558e-06,1.513593196969e-02,1.391773270420e-02,5.943081644745e-03,6.555234823899e-02,6.895817790007e-02,1.193454067560e+04
856,0.000000000000e+00,3,3.715352290972e+00,6.565479078965e-06,1.529187642455e-02,1.405170338517e-02,6.008353690682e-03,6.624174886533e-02,6.968042378902e-02,1.217159340577e+04
857,0.000000000000e+00,3,3.721059947173e+00,6.570937813841e-06,1.549250926374e-02,1.423972942717e-02,6.100162331616e-03,6.714543151826e-02,7.062937555784e-02,1.274173902797e+04
858,0.000000000000e+00,3,3.726776371678e+00,6.576422404756e-06,1.572555515406e-02,1.446326772597e-02,6.202861907394e-03,6.820452379163e-02,7.174128351028e-02,1.330558908362e+04
859,0.000000000000e+00,3,3.732501577957e+00,6.581953050244e-06,1.597552884218e-02,1.470269926370e-02,6.312635928763e-03,6.934946742405e-02,7.294233950042e-02,1.392824845721e+04
860,0.000000000000e+00,3,3.738235579502e+00,6.587548604480e-06,1.622885656551e-02,1.494453037882e-02,6.430674811092e-03,7.051712205140e-02,7.416692561112e-02,1.456019129739e+04
861,0.000000000000e+00,3,3.743978389824e+00,6.593226395039e-06,1.647827142902e-02,1.518053787386e-02,6.548356980484e-03,7.167123677235e-02,7.537658336015e-02,1.518086166932e+04
862,0.000000000000e+00,3,3.749730022455e+00,6.599002519479e-06,1.672458547107e-02,1.541164311063e-02,6.658784774561e-03,7.281695404267e-02,7.657596694313e-02,1.578253631864e+04
863,0.000000000000e+00,3,3.755490490948e+00,6.604515633093e-06,1.697358338582e-02,1.564371061399e-02,6.763309462375e-03,7.398324390730e-02,7.779518589643e-02,1.636357856405e+04
864,0.000000000000e+00,3,3.761259808878e+00,6.610059520634e-06,1.722854311165e-02,1.588088011442e-02,6.870521219655e-03,7.518735904829e-02,7.905294474873e-02,1.692438134112e+04
865,0.000000000000e+00,3,3.767037989839e+00,6.615664508144e-06,1.748539340432e-02,1.612027036115e-02,6.969254216534e-03,7.640587363293e-02,8.032453005755e-02,1.745149290336e+04
866,0.000000000000e+00,3,3.772825047447e+00,6.621347720815e-06,1.774317625978e-02,1.636316425126e-02,7.089826264298e-03,7.762993395415e-02,8.160420167052e-02,1.793121429109e+04
867,0.000000000000e+00,3,3.778620995338e+00,6.627125081007e-06,1.799176466639e-02,1.659915685339e-02,7.219085757792e-03,7.880722948867e-02,8.283676854461e-02,1.836037748152e+04
868,0.000000000000e+00,3,3.784425847171e+00,6.633011847003e-06,1.822500702938e-02,1.682118394217e-02,7.357092492281e-03,7.990841275836e-02,8.399157308884e-02,1.873742316715e+04
869,0.000000000000e+00,3,3.790239616623e+00,6.639021764395e-06,1.845244462146e-02,1.703747400737e-02,7.467878189968e-03,8.096536795109e-02,8.509951965302e-02,1.905606327601e+04
870,0.000000000000e+00,3,3.796062317394e+00,6.645163566028e-06,1.866387988914e-02,1.724211738316e-02,7.596471571409e-03,8.193282481927e-02,8.611808862005e-02,1.930138422823e+04
871,0.000000000000e+00,3,3.801893963206e+00,6.651453760044e-06,1.883727735506e-02,1.740999039900e-02,7.742088999933e-03,8.270811446381e-02,8.693976606874e-02,1.945567663836e+04
872,0.000000000000e+00,3,3.807734567798e+00,6.657907000013e-06,1.898321897330e-02,1.755017144488e-02,7.842415175718e-03,8.333754437999e-02,8.760719661882e-02,1.950202629310e+04
873,0.000000000000e+00,3,3.813584144935e+00,6.664334181832e-06,1.909297657736e-02,1.765036064715e-02,7.928232229163e-03,8.378211963422e-02,8.808165201811e-02,1.942855140862e+04
874,0.000000000000e+00,3,3.819442708400e+00,6.670673149656e-06,1.918381976237e-02,1.772655699552e-02,8.005232161669e-03,8.412973388960e-02,8.845420074755e-02,1.922742889593e+04
875,0.000000000000e+00,3,3.825310271999e+00,6.677250219037e-06,1.925575009737e-02,1.777926324655e-02,8.074233397443e-03,8.437256637728e-02,8.871758177186e-02,1.887338753971e+04
876,0.000000000000e+00,3,3.831186849557e+00,6.684073189020e-06,1.932791544686e-02,1.782284095773e-02,8.146775003591e-03,8.460719870683e-02,8.897173703656e-02,1.830000762993e+04
877,0.000000000000e+00,3,3.837072454923e+00,6.691150441683e-06,1.944579238621e-02,1.791254236305e-02,8.189832461484e-03,8.506808505807e-02,8.945753443187e-02,1.759249321651e+04
878,0.000000000000e+00,3,3.842967101964e+00,6.698491412639e-06,1.960893582260e-02,1.805727980003e-02,8.312037218370e-03,8.576271107050e-02,9.019372644897e-02,1.852881785498e+04
879,0.000000000000e+00,3,3.848870804572e+00,6.706104403877e-06,1.984106404632e-02,1.827890315159e-02,8.359188559245e-03,8.682556398203e-02,9.130356355084e-02,1.947963136348e+04
880,0.000000000000e+00,3,3.854783576658e+00,6.713996566699e-06,2.011645429284e-02,1.855672729585e-02,8.440946614980e-03,8.812819802940e-02,9.266527250763e-02,2.039538761200e+04
881,0.000000000000e+00,3,3.860705432154e+00,6.722173843485e-06,2.038154770513e-02,1.882982078434e-02,8.577230120229e-03,8.940470958661e-02,9.400393933463e-02,2.125451141983e+04
882,0.000000000000e+00,3,3.866636385015e+00,6.730640736306e-06,2.060265848905e-02,1.905159531347e-02,8.687145563514e-03,9.048656403960e-02,9.513525944958e-02,2.202959170918e+04
883,0.000000000000e+00,3,3.872576449216e+00,6.739400431503e-06,2.076296315090e-02,1.920454473708e-02,8.785369832844e-03,9.128527799720e-02,9.596926528577e-02,2.269392586693e+04
884,0.000000000000e+00,3,3.878525638755e+00,6.748454931176e-06,2.088472211357e-02,1.931180198486e-02,8.836233611891e-03,9.192455791972e-02,9.662981261932e-02,2.346496065284e+04
885,0.000000000000e+00,3,3.884483967651e+00,6.757804385923e-06,2.098781736315e-02,1.939582545421e-02,8.841415826150e-03,9.250361207360e-02,9.722024173593e-02,2.418596062564e+04
886,0.000000000000e+00,3,3.890451449943e+00,6.767447799786e-06,2.107225386422e-02,1.946119752871e-02,8.860059835179e-03,9.302805957275e-02,9.775223076904e-02,2.475286254292e+04
887,0.000000000000e+00,3,3.896428099693e+00,6.777383727948e-06,2.113480343625e-02,1.950458811031e-02,8.899078058603e-03,9.346686721377e-02,9.819550769099e-02,2.516733674601e+04
888,0.000000000000e+00,3,3.902413930985e+00,6.787610378180e-06,2.117832205210e-02,1.952699018511e-02,8.911849998599e-03,9.380217798817e-02,9.852966221577e-02,2.540566232918e+04
889,0.000000000000e+00,3,3.908408957924e+00,6.798126310155e-06,2.118280152701e-02,1.951285624679e-02,8.971358849697e-03,9.392625538121e-02,9.865135259584e-02,2.546105168715e+04
890,0.000000000000e+00,3,3.914413194636e+00,6.808930612625e-06,2.114831407923e-02,1.946461670323e-02,9.026232211593e-03,9.382828376488e-02,9.854614246128e-02,2.531601825009e+04
891,0.000000000000e+00,3,3.920426655270e+00,6.820023037793e-06,2.109586456253e-02,1.940506715274e-02,9.031332782207e-03,9.357923023783e-02,9.828646619230e-02,2.494025470449e+04
892,0.000000000000e+00,3,3.926449353996e+00,6.831403544266e-06,2.102062507393e-02,1.932854630455e-02,9.086471267393e-03,9.316455810059e-02,9.786551091634e-02,2.433755346587e+04
893,0.000000000000e+00,3,3.932481305006e+00,6.843071778291e-06,2.092494291148e-02,1.923782964170e-02,9.120352800216e-03,9.259053467561e-02,9.728378730234e-02,2.353293984534e+04
894,0.000000000000e+00,3,3.938522522513e+00,6.855026717643e-06,2.081153642174e-02,1.912856415372e-02,9.143368559903e-03,9.188929459186e-02,9.657259271671e-02,2.259564243717e+04
895,0.000000000000e+00,3,3.944573020753e+00,6.867266619079e-06,2.070588450959e-02,1.902217484301e-02,9.171379101071e-03,9.118717503877e-02,9.586340216814e-02,2.149893307433e+04
896,0.000000000000e+00,3,3.950632813983e+00,6.879788882179e-06,2.069380111633e-02,1.900630215652e-02,9.054370754259e-03,9.093581125059e-02,9.560740726464e-02,2.002508326061e+04
897,0.000000000000e+00,3,3.956701916483e+00,6.892589721779e-06,2.074696994523e-02,1.906736201591e-02,9.170345718915e-03,9.100352679517e-02,9.570652112535e-02,1.982693784140e+04
898,0.000000000000e+00,3,3.962780342554e+00,6.905663597544e-06,2.092290339554e-02,1.924265743088e-02,9.095591554107e-03,9.171100093419e-02,9.644524472244e-02,2.093260796145e+04
899,0.000000000000e+00,3,3.968868106520e+00,6.919003704485e-06,2.116605510306e-02,1.950106970294e-02,9.206900332279e-03,9.279176224491e-02,9.758776440943e-02,2.200314029330e+04
900,0.000000000000e+00,3,3.974965222724e+00,6.932602427884e-06,2.141443025056e-02,1.975937407004e-02,9.328810800633e-03,9.393486486894e-02,9.879168100350e-02,2.300320476382e+04
901,0.000000000000e+00,3,3.981071705535e+00,6.946447294279e-06,2.165775882564e-02,2.000042546786e-02,9.423500960797e-03,9.510286734168e-02,1.000121656760e-01,2.389638913678e+04
902,0.000000000000e+00,3,3.987187569342e+00,6.960526130710e-06,2.190318044407e-02,2.022979984612e-02,9.468294565184e-03,9.634633318264e-02,1.012978708320e-01,2.465179395420e+04
903,0.000000000000e+00,3,3.993312828556e+00,6.974838245728e-06,2.215771451769e-02,2.045642284324e-02,9.489109849193e-03,9.770572920461e-02,1.026931461848e-01,2.525518273223e+04
904,0.000000000000e+00,3,3.999447497611e+00,6.989373605260e-06,2.241187377573e-02,2.067893676887e-02,9.513802837277e-03,9.913033043816e-02,1.041501097898e-01,2.569546432993e+04
905,0.000000000000e+00,3,4.005591590963e+00,7.004121273806e-06,2.263841558516e-02,2.087070744409e-02,9.565046760429e-03,1.004692246543e-01,1.055160628132e-01,2.629376999453e+04
906,0.000000000000e+00,3,4.011745123089e+00,7.019069142966e-06,2.282842592185e-02,2.102152488847e-02,9.630588803748e-03,1.016528981270e-01,1.067197333066e-01,2.682487853090e+04
907,0.000000000000e+00,3,4.017908108489e+00,7.034204242873e-06,2.297034998370e-02,2.112249571342e-02,9.696216090398e-03,1.026087993174e-01,1.076864852587e-01,2.716211717045e+04
908,0.000000000000e+00,3,4.024080561687e+00,7.049511990376e-06,2.306321921543e-02,2.117590985165e-02,9.771230939522e-03,1.033180035847e-01,1.083993452813e-01,2.734545658172e+04
909,0.000000000000e+00,3,4.030262497227e+00,7.064975877947e-06,2.310014828349e-02,2.118059415913e-02,9.862748064785e-03,1.037285077291e-01,1.088076814143e-01,2.736873243970e+04
910,0.000000000000e+00,3,4.036453929676e+00,7.080576436467e-06,2.309517012968e-02,2.114808355061e-02,9.922628382162e-03,1.038759907594e-01,1.089463552921e-01,2.721406843815e+04
911,0.000000000000e+00,3,4.042654873623e+00,7.096288828443e-06,2.305183045633e-02,2.109141710115e-02,1.003394075699e-02,1.037643434878e-01,1.088299302090e-01,2.686546977609e+04
912,0.000000000000e+00,3,4.048865343681e+00,7.112086901787e-06,2.298591934805e-02,2.103006487735e-02,1.012335958355e-02,1.034466655605e-01,1.085094979339e-01,2.632997180367e+04
913,0.000000000000e+00,3,4.055085354484e+00,7.127934868975e-06,2.290868247493e-02,2.096598414601e-02,1.016393615801e-02,1.029733265923e-01,1.080332902936e-01,2.561326211018e+04
914,0.000000000000e+00,3,4.061314920688e+00,7.143811282490e-06,2.281041339857e-02,2.089865379735e-02,1.027819637385e-02,1.022911694002e-01,1.073601105994e-01,2.475752337402e+04
915,0.000000000000e+00,3,4.067554056973e+00,7.159680730833e-06,2.269506114336e-02,2.081113185572e-02,1.034298513857e-02,1.014266647214e-01,1.065012425632e-01,2.386331394188e+04
916,0.000000000000e+00,3,4.073802778041e+00,7.175426578337e-06,2.257968669499e-02,2.071275203342e-02,1.041596192593e-02,1.004938758442e-01,1.055763784805e-01,2.265294901755e+04
917,0.000000000000e+00,3,4.080061098616e+00,7.190443468794e-06,2.257229923929e-02,2.071292056634e-02,1.035527140270e-02,1.000696051474e-01,1.051650668783e-01,2.091171848536e+04
918,0.000000000000e+00,3,4.086329033446e+00,7.205404403459e-06,2.265046758153e-02,2.080011377578e-02,1.049563834613e-02,1.000704365679e-01,1.052137781563e-01,2.081324001476e+04
919,0.000000000000e+00,3,4.092606597300e+00,7.220294487680e-06,2.289719574557e-02,2.104707953193e-02,1.045995170026e-02,1.009514913297e-01,1.061502488038e-01,2.235945269035e+04
920,0.000000000000e+00,3,4.098893804971e+00,7.235097362103e-06,2.325661824459e-02,2.142001160427e-02,1.064152091537e-02,1.024530905647e-01,1.077476910330e-01,2.390588035515e+04
921,0.000000000000e+00,3,4.105190671273e+00,7.249795282621e-06,2.367665805974e-02,2.184041443583e-02,1.081115795492e-02,1.043183818875e-01,1.097123228063e-01,2.540044059603e+04
922,0.000000000000e+00,3,4.111497211045e+00,7.264369807849e-06,2.414317532103e-02,2.229359154675e-02,1.095009110590e-02,1.064981168211e-01,1.119895107602e-01,2.678495410149e+04
923,0.000000000000e+00,3,4.117813439148e+00,7.278802148559e-06,2.465104743759e-02,2.277697070952e-02,1.106639077197e-02,1.089906117971e-01,1.145769741226e-01,2.800589388266e+04
924,0.000000000000e+00,3,4.124139370464e+00,7.293073389687e-06,2.516251481892e-02,2.325084568360e-02,1.117252429291e-02,1.116129489860e-01,1.172861017233e-01,2.902706010020e+04
925,0.000000000000e+00,3,4.130475019902e+00,7.307164402773e-06,2.565500003188e-02,2.369494149141e-02,1.128817566730e-02,1.142390307616e-01,1.199900343286e-01,2.983608663596e+04
926,0.000000000000e+00,3,4.136820402389e+00,7.321056091334e-06,2.608286498360e-02,2.407461604139e-02,1.139445606961e-02,1.166330361759e-01,1.224459135293e-01,3.042020075077e+04
927,0.000000000000e+00,3,4.143175532877e+00,7.334729950135e-06,2.642569664327e-02,2.437141754546e-02,1.148690704663e-02,1.186664417837e-01,1.245229170689e-01,3.078309824877e+04
928,0.000000000000e+00,3,4.149540426344e+00,7.348168652983e-06,2.667296981003e-02,2.457262916629e-02,1.157060378321e-02,1.202489862600e-01,1.261307218369e-01,3.099097215687e+04
929,0.000000000000e+00,3,4.155915097785e+00,7.361355983188e-06,2.679548454311e-02,2.465331428217e-02,1.165110943124e-02,1.212242198707e-01,1.271095737198e-01,3.138226987686e+04
930,0.000000000000e+00,3,4.162299562224e+00,7.374276752599e-06,2.677955102279e-02,2.460372335357e-02,1.172960574965e-02,1.214855054832e-01,1.273530496273e-01,3.155718962034e+04
931,0.000000000000e+00,3,4.168693834703e+00,7.386916860442e-06,2.661220308674e-02,2.441184640857e-02,1.180954346705e-02,1.209529265566e-01,1.267802167442e-01,3.147767046986e+04
932,0.000000000000e+00,3,4.175097930292e+00,7.399263627634e-06,2.631329984879e-02,2.409187220054e-02,1.183074718167e-02,1.196883377696e-01,1.254514760056e-01,3.110701201631e+04
933,0.000000000000e+00,3,4.181511864079e+00,7.411307168665e-06,2.592449317883e-02,2.368624816809e-02,1.188026328217e-02,1.178646522220e-01,1.235570095054e-01,3.043854667023e+04
934,0.000000000000e+00,3,4.187935651179e+00,7.423041619955e-06,2.550852683546e-02,2.326422123544e-02,1.182993939834e-02,1.157531527326e-01,1.213698840928e-01,2.946637788754e+04
935,0.000000000000e+00,3,4.194369306729e+00,7.434456467507e-06,2.508069930147e-02,2.284809127341e-02,1.186876277794e-02,1.134241402089e-01,1.189831074746e-01,2.825819942647e+04
936,0.000000000000e+00,3,4.200812845890e+00,7.445558635134e-06,2.468777279712e-02,2.247831236453e-02,1.187411462677e-02,1.110854029674e-01,1.166006946936e-01,2.697638759548e+04
937,0.000000000000e+00,3,4.207266283844e+00,7.456353142681e-06,2.439856409240e-02,2.220857543840e-02,1.180616825665e-02,1.091548737075e-01,1.146415405330e-01,2.526207124586e+04
938,0.000000000000e+00,3,4.213729635799e+00,7.466847632065e-06,2.431196695421e-02,2.215224440932e-02,1.180387258600e-02,1.081710026094e-01,1.136753750076e-01,2.275652416108e+04
939,0.000000000000e+00,3,4.220202916985e+00,7.477053299992e-06,2.443797405040e-02,2.229473833205e-02,1.184247168765e-02,1.082434781215e-01,1.138031837186e-01,2.304325484420e+04
940,0.000000000000e+00,3,4.226686142656e+00,7.486982945755e-06,2.482752963368e-02,2.271825980577e-02,1.192944047630e-02,1.096953592446e-01,1.153599104811e-01,2.506284711696e+04
941,0.000000000000e+00,3,4.233179328088e+00,7.496649165160e-06,2.538952609515e-02,2.331824784513e-02,1.215819706932e-02,1.120911672874e-01,1.179008916748e-01,2.708227928508e+04
942,0.000000000000e+00,3,4.239682488583e+00,7.506068612782e-06,2.605197317025e-02,2.399972674429e-02,1.239754909497e-02,1.150789169735e-01,1.210435811814e-01,2.901200633442e+04
943,0.000000000000e+00,3,4.246195639463e+00,7.515262556716e-06,2.677293080337e-02,2.471370023907e-02,1.258999696412e-02,1.184775197704e-01,1.245912818692e-01,3.076337815887e+04
944,0.000000000000e+00,3,4.252718796078e+00,7.524256109200e-06,2.750756856176e-02,2.542237272832e-02,1.276921968912e-02,1.221062728229e-01,1.283587090831e-01,3.226356082045e+04
945,0.000000000000e+00,3,4.259251973797e+00,7.533078868719e-06,2.819464467919e-02,2.606106611385e-02,1.291863517359e-02,1.256559453629e-01,1.320243344818e-01,3.346865796915e+04
946,0.000000000000e+00,3,4.265795188016e+00,7.541709023590e-06,2.879095187946e-02,2.660316045619e-02,1.304571122463e-02,1.289114193392e-01,1.353698329533e-01,3.436371976107e+04
947,0.000000000000e+00,3,4.272348454153e+00,7.550093227659e-06,2.925171817692e-02,2.701021685949e-02,1.314306651992e-02,1.316235491320e-01,1.381401958691e-01,3.492355243373e+04
948,0.000000000000e+00,3,4.278911787651e+00,7.558419712658e-06,2.954461199453e-02,2.724980637987e-02,1.322434227148e-02,1.335849139752e-01,1.401258310089e-01,3.534028782947e+04
949,0.000000000000e+00,3,4.285485203974e+00,7.566715166034e-06,2.964025825643e-02,2.730155015211e-02,1.327881985988e-02,1.345982652644e-01,1.411273879134e-01,3.582375518260e+04
950,0.000000000000e+00,3,4.292068718614e+00,7.575006216816e-06,2.952815152455e-02,2.714860981833e-02,1.331046709409e-02,1.345683136983e-01,1.410487799784e-01,3.594601136349e+04
951,0.000000000000e+00,3,4.298662347082e+00,7.583318585802e-06,2.921513462244e-02,2.679663176268e-02,1.332596393087e-02,1.334899027313e-01,1.398882375710e-01,3.570561147738e+04
952,0.000000000000e+00,3,4.305266104917e+00,7.591679058528e-06,2.872680938625e-02,2.627191655919e-02,1.331850517899e-02,1.314537857361e-01,1.377422358674e-01,3.507025414922e+04
953,0.000000000000e+00,3,4.311880007679e+00,7.600113287347e-06,2.812973906406e-02,2.564073261124e-02,1.325372473341e-02,1.287117834700e-01,1.348744372073e-01,3.402942974355e+04
954,0.000000000000e+00,3,4.318504070954e+00,7.608645610603e-06,2.750190932825e-02,2.500193313454e-02,1.318210420331e-02,1.256132693617e-01,1.316583190996e-01,3.258000675112e+04
955,0.000000000000e+00,3,4.325138310350e+00,7.617298087893e-06,2.689870632901e-02,2.440929071336e-02,1.312991713263e-02,1.223873586213e-01,1.283371113494e-01,3.086774940981e+04
956,0.000000000000e+00,3,4.331782741500e+00,7.626089822985e-06,2.635661376268e-02,2.390022827126e-02,1.311630903114e-02,1.192290337576e-01,1.251139163076e-01,2.900244765042e+04
957,0.000000000000e+00,3,4.338437380062e+00,7.635037317912e-06,2.596315290999e-02,2.353274198002e-02,1.297566052710e-02,1.166476958295e-01,1.224864399130e-01,2.665507335625e+04
958,0.000000000000e+00,3,4.345102241716e+00,7.644154535465e-06,2.580218172054e-02,2.343462759925e-02,1.299808851316e-02,1.151787950524e-01,1.210373474881e-01,2.332537489161e+04
959,0.000000000000e+00,3,4.351777342167e+00,7.653453362503e-06,2.596277035700e-02,2.364413496264e-02,1.288807874258e-02,1.153282281945e-01,1.212427868159e-01,2.434640225467e+04
960,0.000000000000e+00,3,4.358462697144e+00,7.662944346360e-06,2.642658224553e-02,2.418584558687e-02,1.305141708508e-02,1.170823334973e-01,1.231337958525e-01,2.653652925224e+04
961,0.000000000000e+00,3,4.365158322402e+00,7.672637654995e-06,2.707500153581e-02,2.488651258842e-02,1.330925060418e-02,1.198484826065e-01,1.260681924663e-01,2.869850316512e+04
962,0.000000000000e+00,3,4.371864233716e+00,7.682543532198e-06,2.783023994925e-02,2.566100519336e-02,1.352939399869e-02,1.232783387839e-01,1.296672771306e-01,3.073478110268e+04
963,0.000000000000e+00,3,4.378580446891e+00,7.692672318258e-06,2.862887704475e-02,2.645480472654e-02,1.373247850328e-02,1.271052905060e-01,1.336555465905e-01,3.255006245163e+04
964,0.000000000000e+00,3,4.385306977750e+00,7.703034754682e-06,2.939946388364e-02,2.720291344331e-02,1.390087246360e-02,1.309871113141e-01,1.376778288691e-01,3.408748127073e+04
965,0.000000000000e+00,3,4.392043842145e+00,7.713641518447e-06,3.009307516458e-02,2.785555241371e-02,1.404216918456e-02,1.346807122072e-01,1.414835740614e-01,3.532250401831e+04
966,0.000000000000e+00,3,4.398791055950e+00,7.724503036405e-06,3.066953174741e-02,2.838029299915e-02,1.415393239945e-02,1.379595467383e-01,1.448420917653e-01,3.625473451775e+04
967,0.000000000000e+00,3,4.405548635066e+00,7.735628772731e-06,3.108113240763e-02,2.873673393259e-02,1.424575626453e-02,1.405426402797e-01,1.474686813435e-01,3.700394018402e+04
968,0.000000000000e+00,3,4.412316595414e+00,7.747026522558e-06,3.130304854161e-02,2.889533116622e-02,1.430660334240e-02,1.422555707114e-01,1.491849433047e-01,3.795509670570e+04
969,0.000000000000e+00,3,4.419094952943e+00,7.758701795049e-06,3.131371704201e-02,2.883571443730e-02,1.433543828739e-02,1.429413661881e-01,1.498325273787e-01,3.852994906329e+04
970,0.000000000000e+00,3,4.425883723626e+00,7.770657216433e-06,3.111376950730e-02,2.857088338373e-02,1.434840651862e-02,1.425740694545e-01,1.493907764245e-01,3.874766912331e+04
971,0.000000000000e+00,3,4.432682923460e+00,7.782892908443e-06,3.070503392608e-02,2.811130135833e-02,1.435081570508e-02,1.411038113966e-01,1.478150055796e-01,3.854417872807e+04
972,0.000000000000e+00,3,4.439492568466e+00,7.795406209613e-06,3.013112671783e-02,2.749536292411e-02,1.433209272453e-02,1.386949817577e-01,1.452776191513e-01,3.783931254712e+04
973,0.000000000000e+00,3,4.446312674691e+00,7.808192839733e-06,2.948372465281e-02,2.680702579717e-02,1.421148737995e-02,1.357046470878e-01,1.421464887581e-01,3.662546866210e+04
974,0.000000000000e+00,3,4.453143258205e+00,7.821246901968e-06,2.885977113758e-02,2.616873620672e-02,1.412485504479e-02,1.325144023665e-01,1.388425997645e-01,3.505560904904e+04
975,0.000000000000e+00,3,4.459984335105e+00,7.834560896518e-06,2.830321747450e-02,2.562785116323e-02,1.416068126323e-02,1.293524959739e-01,1.356114006386e-01,3.308006660028e+04
976,0.000000000000e+00,3,4.466835921510e+00,7.848125970149e-06,2.785503161277e-02,2.523222155187e-02,1.426074025793e-02,1.264107697005e-01,1.326484798239e-01,3.058902379509e+04
977,0.000000000000e+00,3,4.473698033565e+00,7.861930825893e-06,2.768196811629e-02,2.510644576581e-02,1.409229480902e-02,1.246618239855e-01,1.309037360436e-01,2.764228209821e+04
978,0.000000000000e+00,3,4.480570687441e+00,7.875965374552e-06,2.786277635562e-02,2.535669256810e-02,1.419027055761e-02,1.246371713305e-01,1.309774195043e-01,2.500018660747e+04
979,0.000000000000e+00,3,4.487453899331e+00,7.890219155913e-06,2.843822592780e-02,2.601295881914e-02,1.437368079216e-02,1.266792075077e-01,1.331902062268e-01,2.775966676472e+04
980,0.000000000000e+00,3,4.494347685457e+00,7.904680965940e-06,2.929762138606e-02,2.693410721085e-02,1.474174876462e-02,1.302750455729e-01,1.370135154129e-01,3.056343108167e+04
981,0.000000000000e+00,3,4.501252062061e+00,7.919337339484e-06,3.033313832730e-02,2.800769181837e-02,1.515620438962e-02,1.349526253728e-01,1.419381967910e-01,3.330422271230e+04
982,0.000000000000e+00,3,4.508167045415e+00,7.934173262105e-06,3.142713075402e-02,2.911018299061e-02,1.556776456589e-02,1.401683264520e-01,1.473926128919e-01,3.587055166991e+04
983,0.000000000000e+00,3,4.515092651811e+00,7.949172164686e-06,3.248212932243e-02,3.015247953066e-02,1.590807091353e-02,1.454526208658e-01,1.528848991368e-01,3.816740098603e+04
984,0.000000000000e+00,3,4.522028897570e+00,7.964315175539e-06,3.343625397120e-02,3.106683050790e-02,1.618219496424e-02,1.504954739283e-01,1.580945354660e-01,4.012769862077e+04
985,0.000000000000e+00,3,4.528975799036e+00,7.979583732874e-06,3.425102188295e-02,3.181029180687e-02,1.640140061222e-02,1.550678421030e-01,1.627884171598e-01,4.172418898975e+04
986,0.000000000000e+00,3,4.535933372579e+00,7.994956899963e-06,3.488830018989e-02,3.236236691843e-02,1.658110253199e-02,1.589339990669e-01,1.667317165487e-01,4.295168817926e+04
987,0.000000000000e+00,3,4.542901634594e+00,8.010414614093e-06,3.529932790993e-02,3.268497070527e-02,1.670873662078e-02,1.617935568599e-01,1.696192406001e-01,4.375013667102e+04
988,0.000000000000e+00,3,4.549880601500e+00,8.025937058519e-06,3.547297472109e-02,3.277138863954e-02,1.679944044677e-02,1.635234976401e-01,1.713314078874e-01,4.414869448855e+04
989,0.000000000000e+00,3,4.556870289744e+00,8.041504231394e-06,3.538926566884e-02,3.261089878553e-02,1.688940866360e-02,1.639595017886e-01,1.717085938326e-01,4.401547962102e+04
990,0.000000000000e+00,3,4.563870715795e+00,8.057095730616e-06,3.502341162125e-02,3.219106210863e-02,1.697888448323e-02,1.629233867417e-01,1.705731992634e-01,4.376196328515e+04
991,0.000000000000e+00,3,4.570881896149e+00,8.072690663067e-06,3.437585981971e-02,3.152003350105e-02,1.703409027076e-02,1.603271515084e-01,1.678397092240e-01,4.303521310130e+04
992,0.000000000000e+00,3,4.577903847327e+00,8.088267607952e-06,3.355402108821e-02,3.069179875301e-02,1.694264827707e-02,1.565364954012e-01,1.638858949545e-01,4.151178033332e+04
993,0.000000000000e+00,3,4.584936585877e+00,8.103804787510e-06,3.272743744159e-02,2.988827718121e-02,1.680306940541e-02,1.522422284983e-01,1.594504109556e-01,3.933138691238e+04
994,0.000000000000e+00,3,4.591980128369e+00,8.119280530791e-06,3.196971622544e-02,2.918920215360e-02,1.679608209866e-02,1.477966944923e-01,1.549194744202e-01,3.656276513835e+04
995,0.000000000000e+00,3,4.599034491401e+00,8.134673935853e-06,3.129621665407e-02,2.856558946128e-02,1.680843019538e-02,1.433673753993e-01,1.504399339691e-01,3.292236237438e+04
996,0.000000000000e+00,3,4.606099691597e+00,8.149965341178e-06,3.098246894956e-02,2.828861170890e-02,1.652831218020e-02,1.406023389901e-01,1.476562283401e-01,2.798853655061e+04
997,0.000000000000e+00,3,4.613175745604e+00,8.165132056051e-06,3.121902892455e-02,2.860684729405e-02,1.638189245133e-02,1.407575251776e-01,1.478987044348e-01,2.999544174248e+04
998,0.000000000000e+00,3,4.620262670097e+00,8.180158544435e-06,3.181145743216e-02,2.931782597445e-02,1.661203922077e-02,1.429546797493e-01,1.502780890653e-01,3.279710414424e+04
999,0.000000000000e+00,3,4.627360481774e+00,8.195032902468e-06,3.261302973262e-02,3.021496010140e-02,1.682032456323e-02,1.465195916645e-01,1.540372279101e-01,3.537308729981e+04
1000,0.000000000000e+00,3,4.634469197363e+00,8.209741045736e-06,3.348768349253e-02,3.114232936280e-02,1.703755407853e-02,1.507951018432e-01,1.584951438143e-01,3.760372777078e+04
1001,0.000000000000e+00,3,4.641588833613e+00,8.224270080784e-06,3.431845692170e-02,3.197689133404e-02,1.721274360445e-02,1.551590623440e-01,1.630058012303e-01,3.942264509540e+04
1002,0.000000000000e+00,3,4.648719407301e+00,8.238609355857e-06,3.500598140201e-02,3.263097041984e-02,1.734541661200e-02,1.590609916852e-01,1.670073696511e-01,4.081613073578e+04
1003,0.000000000000e+00,3,4.655860935230e+00,8.252749191629e-06,3.552065973652e-02,3.307994233025e-02,1.742307492505e-02,1.622868554515e-01,1.702838419959e-01,4.182844934433e+04
1004,0.000000000000e+00,3,4.663013434227e+00,8.266681916834e-06,3.585607634696e-02,3.333256814991e-02,1.747603802722e-02,1.647218980409e-01,1.727293660898e-01,4.253981606702e+04
1005,0.000000000000e+00,3,4.670176921148e+00,8.280401505075e-06,3.600889747492e-02,3.339711074689e-02,1.749649094967e-02,1.662923038214e-01,1.742735355967e-01,4.322852782190e+04
1006,0.000000000000e+00,3,4.677351412872e+00,8.293895707427e-06,3.596033664813e-02,3.327348961034e-02,1.752647796258e-02,1.668863334098e-01,1.748098871101e-01,4.364510339746e+04
1007,0.000000000000e+00,3,4.684536926305e+00,8.307160233168e-06,3.571254912787e-02,3.297131460382e-02,1.754743522926e-02,1.664698618534e-01,1.743061133195e-01,4.380371981980e+04
1008,0.000000000000e+00,3,4.691733478379e+00,8.320191443880e-06,3.523944358419e-02,3.247246829009e-02,1.758334075257e-02,1.648616041467e-01,1.725827395043e-01,4.355094658731e+04
1009,0.000000000000e+00,3,4.698941086052e+00,8.332995216302e-06,3.453983144312e-02,3.176776970159e-02,1.755126257747e-02,1.619527602246e-01,1.695256160890e-01,4.263872291218e+04
1010,0.000000000000e+00,3,4.706159766308e+00,8.345585044642e-06,3.373724141258e-02,3.096262146219e-02,1.732286740580e-02,1.581640269723e-01,1.655681930480e-01,4.095455864359e+04
1011,0.000000000000e+00,3,4.713389536157e+00,8.357373589549e-06,3.295677152909e-02,3.020653484063e-02,1.718034548716e-02,1.539866232912e-01,1.612626055860e-01,3.862178355708e+04
1012,0.000000000000e+00,3,4.720630412636e+00,8.368903080802e-06,3.226237855523e-02,2.955872545231e-02,1.713385517543e-02,1.497341147771e-01,1.569345514591e-01,3.531457928105e+04
1013,0.000000000000e+00,3,4.727882412806e+00,8.380249444672e-06,3.168687099812e-02,2.901637503604e-02,1.707050906501e-02,1.457092829782e-01,1.528679339811e-01,3.086630646025e+04
1014,0.000000000000e+00,3,4.735145553757e+00,8.391440161919e-06,3.159198490587e-02,2.894050838405e-02,1.659329992798e-02,1.440644682830e-01,1.512134754577e-01,2.762413719264e+04
1015,0.000000000000e+00,3,4.742419852602e+00,8.402504196465e-06,3.200133383791e-02,2.944962591185e-02,1.671697371266e-02,1.451461393543e-01,1.524408895714e-01,3.052619026654e+04
1016,0.000000000000e+00,3,4.749705326485e+00,8.413472364958e-06,3.267803603383e-02,3.022413257475e-02,1.694079765549e-02,1.478174685447e-01,1.553008269814e-01,3.336390293188e+04
1017,0.000000000000e+00,3,4.757001992571e+00,8.424378379352e-06,3.352651001111e-02,3.114374076716e-02,1.720426935356e-02,1.516885610344e-01,1.593717851289e-01,3.598793765585e+04
1018,0.000000000000e+00,3,4.764309868054e+00,8.435257759567e-06,3.442437825273e-02,3.207563583212e-02,1.755752811984e-02,1.561378126608e-01,1.640157540247e-01,3.829083673284e+04
1019,0.000000000000e+00,3,4.771628970156e+00,8.446146175760e-06,3.525028982365e-02,3.289320957564e-02,1.785617329531e-02,1.605060767363e-01,1.685395792177e-01,4.022839593602e+04
1020,0.000000000000e+00,3,4.778959316122e+00,8.457078379641e-06,3.596160600184e-02,3.356765517943e-02,1.809399253648e-02,1.645349348645e-01,1.726822571582e-01,4.180767360107e+04
1021,0.000000000000e+00,3,4.786300923226e+00,8.468079552045e-06,3.653857331906e-02,3.407731200945e-02,1.828609235320e-02,1.680490815930e-01,1.762702627552e-01,4.307839818642e+04
1022,0.000000000000e+00,3,4.793653808768e+00,8.479193694730e-06,3.698203179864e-02,3.443700093031e-02,1.844972373076e-02,1.709826668688e-01,1.792457597388e-01,4.409916556956e+04
1023,0.000000000000e+00,3,4.801017990074e+00,8.490453286085e-06,3.727016024380e-02,3.465041735306e-02,1.859257200807e-02,1.732065678468e-01,1.814825477739e-01,4.483010111428e+04
1024,0.000000000000e+00,3,4.808393484497e+00,8.501888058630e-06,3.739435660966e-02,3.472579544488e-02,1.870576809558e-02,1.746452746281e-01,1.829073439901e-01,4.526588949414e+04
1025,0.000000000000e+00,3,4.815780309417e+00,8.513524688945e-06,3.731181840746e-02,3.462080404832e-02,1.881418976871e-02,1.750168897995e-01,1.832366156574e-01,4.515630063233e+04
1026,0.000000000000e+00,3,4.823178482239e+00,8.525386776406e-06,3.692054490806e-02,3.422687888581e-02,1.895546002189e-02,1.737585118956e-01,1.818953979500e-01,4.475614475711e+04
1027,0.000000000000e+00,3,4.830588020398e+00,8.537491888866e-06,3.624566340166e-02,3.355311104932e-02,1.882181908643e-02,1.708393028895e-01,1.788292136705e-01,4.353251429471e+04
1028,0.000000000000e+00,3,4.838008941352e+00,8.549850213880e-06,3.540775254724e-02,3.272574590215e-02,1.861680585098e-02,1.666544352796e-01,1.744848693834e-01,4.146100369508e+04
1029,0.000000000000e+00,3,4.845441262589e+00,8.562466322730e-06,3.455969636377e-02,3.191695457041e-02,1.851596400780e-02,1.618291470701e-01,1.695422612990e-01,3.821714029289e+04
1030,0.000000000000e+00,3,4.852885001621e+00,8.575331231139e-06,3.375945199322e-02,3.117583153644e-02,1.852727754895e-02,1.567891065475e-01,1.644314964239e-01,3.395793226631e+04
1031,0.000000000000e+00,3,4.860340175990e+00,8.588433698375e-06,3.327618019197e-02,3.070909241677e-02,1.796498189859e-02,1.531419469539e-01,1.607032949777e-01,2.867262645520e+04
1032,0.000000000000e+00,3,4.867806803263e+00,8.601757669368e-06,3.333044481872e-02,3.085445248488e-02,1.783869229278e-02,1.523394577798e-01,1.599638869536e-01,2.985305631703e+04
1033,0.000000000000e+00,3,4.875284901034e+00,8.614972277621e-06,3.371807820355e-02,3.135717502608e-02,1.795308605300e-02,1.534735323874e-01,1.612346726534e-01,3.255286144947e+04
1034,0.000000000000e+00,3,4.882774486924e+00,8.627889459564e-06,3.433379279870e-02,3.205717964117e-02,1.803562790333e-02,1.561160149746e-01,1.640242850919e-01,3.503177449538e+04
1035,0.000000000000e+00,3,4.890275578583e+00,8.640987460554e-06,3.504950157439e-02,3.282131309849e-02,1.828330651210e-02,1.596206231733e-01,1.676864001444e-01,3.719424225017e+04
1036,0.000000000000e+00,3,4.897788193684e+00,8.654259288784e-06,3.571701393919e-02,3.349095217869e-02,1.853401950150e-02,1.631655971409e-01,1.713588951055e-01,3.899548726237e+04
1037,0.000000000000e+00,3,4.905312349933e+00,8.667697748070e-06,3.630540722071e-02,3.404853356157e-02,1.869683890415e-02,1.665666707860e-01,1.748468267739e-01,4.044623866817e+04
1038,0.000000000000e+00,3,4.912848065057e+00,8.681296735834e-06,3.678391898027e-02,3.447624274375e-02,1.881677579472e-02,1.695948101683e-01,1.779273410598e-01,4.159387760418e+04
1039,0.000000000000e+00,3,4.920395356815e+00,8.695050707316e-06,3.715263680691e-02,3.478175695695e-02,1.891184444325e-02,1.721680769397e-01,1.805258807376e-01,4.250846205503e+04
1040,0.000000000000e+00,3,4.927954242990e+00,8.708953406825e-06,3.741227119817e-02,3.497302973113e-02,1.898879103538e-02,1.742435907231e-01,1.826039264031e-01,4.318033545678e+04
1041,0.000000000000e+00,3,4.935524741395e+00,8.722998564756e-06,3.752965337337e-02,3.504064913514e-02,1.905506188828e-02,1.756407964703e-01,1.839812673683e-01,4.359377253866e+04
1042,0.000000000000e+00,3,4.943106869868e+00,8.737180267128e-06,3.744807912124e-02,3.494187840524e-02,1.912614372677e-02,1.760156501083e-01,1.843111823880e-01,4.371974611800e+04
1043,0.000000000000e+00,3,4.950700646277e+00,8.751492804368e-06,3.706282437868e-02,3.456734962455e-02,1.917570047589e-02,1.747963973573e-01,1.830028486905e-01,4.342187734881e+04
1044,0.000000000000e+00,3,4.958306088515e+00,8.765929677817e-06,3.634131041607e-02,3.386123260926e-02,1.901858805059e-02,1.717234092780e-01,1.797718273314e-01,4.242999117538e+04
1045,0.000000000000e+00,3,4.965923214503e+00,8.780482775405e-06,3.536532882170e-02,3.287142886135e-02,1.877443884495e-02,1.669467799976e-01,1.747997260398e-01,4.026720483262e+04
1046,0.000000000000e+00,3,4.973552042191e+00,8.795140804400e-06,3.436388628512e-02,3.187423211062e-02,1.861968319147e-02,1.614714920265e-01,1.691643540840e-01,3.687594044267e+04
1047,0.000000000000e+00,3,4.981192589556e+00,8.809886635912e-06,3.351959447050e-02,3.107991515339e-02,1.846855925006e-02,1.562980780414e-01,1.638892956224e-01,3.277178377494e+04
1048,0.000000000000e+00,3,4.988844874600e+00,8.824716696986e-06,3.292777084898e-02,3.054152104934e-02,1.827330623497e-02,1.520282455036e-01,1.595729417939e-01,2.774116557387e+04
1049,0.000000000000e+00,3,4.996508915357e+00,8.839617898243e-06,3.288987138087e-02,3.056250420289e-02,1.782091502676e-02,1.506055512082e-01,1.581626611110e-01,2.782443211094e+04
1050,0.000000000000e+00,3,5.004184729885e+00,8.854575898277e-06,3.332445765261e-02,3.110757801450e-02,1.794266043446e-02,1.518359008895e-01,1.595439774801e-01,3.075756613550e+04
1051,0.000000000000e+00,3,5.011872336273e+00,8.869578159053e-06,3.401097330780e-02,3.187582823349e-02,1.814658105124e-02,1.546571615123e-01,1.625452267580e-01,3.352416920193e+04
1052,0.000000000000e+00,3,5.019571752634e+00,8.884611928459e-06,3.483264833480e-02,3.275036647378e-02,1.850186895928e-02,1.585242096398e-01,1.666077551950e-01,3.598105871544e+04
1053,0.000000000000e+00,3,5.027282997113e+00,8.899662677496e-06,3.563758671175e-02,3.357527213611e-02,1.885110715273e-02,1.626185885200e-01,1.708727774070e-01,3.806273719800e+04
1054,0.000000000000e+00,3,5.035006087879e+00,8.914716047325e-06,3.635932762111e-02,3.428685997437e-02,1.910023306600e-02,1.665654254117e-01,1.749469900219e-01,3.977608769979e+04
1055,0.000000000000e+00,3,5.042741043132e+00,8.929767681037e-06,3.695912277978e-02,3.484634159875e-02,1.927550400230e-02,1.701006151380e-01,1.785665383109e-01,4.114935680278e+04
1056,0.000000000000e+00,3,5.050487881098e+00,8.944813736281e-06,3.741879455725e-02,3.524104797655e-02,1.939763402679e-02,1.730696703956e-01,1.815804963791e-01,4.221008389257e+04
1057,0.000000000000e+00,3,5.058246620031e+00,8.959860677003e-06,3.773437695718e-02,3.548534545328e-02,1.946960211655e-02,1.754064331285e-01,1.839281792867e-01,4.295110905912e+04
1058,0.000000000000e+00,3,5.066017278215e+00,8.974608888628e-06,3.786748906797e-02,3.555862670176e-02,1.952059087530e-02,1.768989507965e-01,1.853986378651e-01,4.331984088023e+04
1059,0.000000000000e+00,3,5.073799873960e+00,8.989240519240e-06,3.777626014831e-02,3.543094514581e-02,1.957627154445e-02,1.772852465796e-01,1.857301450145e-01,4.338604234239e+04
1060,0.000000000000e+00,3,5.081594425606e+00,9.003933781123e-06,3.738542490388e-02,3.503167932159e-02,1.958667594811e-02,1.761142495951e-01,1.844580042624e-01,4.306611367077e+04
1061,0.000000000000e+00,3,5.089400951518e+00,9.018692270490e-06,3.663834642220e-02,3.429163023244e-02,1.952694428032e-02,1.730106862839e-01,1.811968086195e-01,4.191726590832e+04
1062,0.000000000000e+00,3,5.097219470093e+00,9.033517693936e-06,3.561702247498e-02,3.326950951699e-02,1.925545866508e-02,1.682023621520e-01,1.761767290972e-01,3.980884632415e+04
1063,0.000000000000e+00,3,5.105049999754e+00,9.048409574264e-06,3.455931326330e-02,3.221142973800e-02,1.882546568922e-02,1.626964766749e-01,1.704595671115e-01,3.692488548626e+04
1064,0.000000000000e+00,3,5.112892558953e+00,9.063365997138e-06,3.365179763497e-02,3.135563682566e-02,1.857720881768e-02,1.573213558285e-01,1.649567856500e-01,3.326478526051e+04
1065,0.000000000000e+00,3,5.120747166170e+00,9.078383424793e-06,3.293572006778e-02,3.072000822367e-02,1.845100196377e-02,1.524786382718e-01,1.600582867718e-01,2.860466258802e+04
1066,0.000000000000e+00,3,5.128613839914e+00,9.093456546281e-06,3.267742897703e-02,3.051460832032e-02,1.789394510445e-02,1.498824204853e-01,1.574289964632e-01,2.606410032762e+04
1067,0.000000000000e+00,3,5.136492598721e+00,9.108578623383e-06,3.292786462229e-02,3.088370779265e-02,1.809718345877e-02,1.500300162367e-01,1.577167128010e-01,2.903090763669e+04
1068,0.000000000000e+00,3,5.144383461158e+00,9.123741466033e-06,3.350151355468e-02,3.154287680577e-02,1.823267488380e-02,1.520898078174e-01,1.599407532900e-01,3.186411524633e+04
1069,0.000000000000e+00,3,5.152286445818e+00,9.138936309300e-06,3.429449038430e-02,3.239970342705e-02,1.857168636740e-02,1.556263578872e-01,1.636774989321e-01,3.444134389543e+04
1070,0.000000000000e+00,3,5.160201571323e+00,9.154154635185e-06,3.510869480469e-02,3.324188289583e-02,1.888943768776e-02,1.596050500774e-01,1.678339241504e-01,3.668201164490e+04
1071,0.000000000000e+00,3,5.168128856326e+00,9.169388508134e-06,3.585507161337e-02,3.398701353606e-02,1.913052637491e-02,1.635651702089e-01,1.719309314648e-01,3.856347009276e+04
1072,0.000000000000e+00,3,5.176068319506e+00,9.184630771020e-06,3.647255196672e-02,3.457823791297e-02,1.930239399276e-02,1.671306017087e-01,1.755879324598e-01,4.009290025982e+04
1073,0.000000000000e+00,3,5.184019979571e+00,9.199870814536e-06,3.694317730638e-02,3.499928295915e-02,1.940367081128e-02,1.701425380746e-01,1.786469531242e-01,4.127780925028e+04
1074,0.000000000000e+00,3,5.191983855259e+00,9.215104727277e-06,3.724713909110e-02,3.523750046860e-02,1.948998235454e-02,1.724341309040e-01,1.809486659872e-01,4.212114107632e+04
1075,0.000000000000e+00,3,5.199959965335e+00,9.230325406916e-06,3.734446207796e-02,3.526736280894e-02,1.953545087594e-02,1.737750851858e-01,1.822575370174e-01,4.270790366288e+04
1076,0.000000000000e+00,3,5.207948328595e+00,9.245527423009e-06,3.721298654803e-02,3.508934465468e-02,1.955185477105e-02,1.740175326621e-01,1.824292881500e-01,4.294046027040e+04
1077,0.000000000000e+00,3,5.215948963863e+00,9.260708157446e-06,3.681576726026e-02,3.466359729820e-02,1.949983720207e-02,1.728895553772e-01,1.811850096063e-01,4.264982606437e+04
1078,0.000000000000e+00,3,5.223961889991e+00,9.275866278723e-06,3.611051686206e-02,3.394095239561e-02,1.939639461153e-02,1.700615686833e-01,1.781940373428e-01,4.160356288106e+04
1079,0.000000000000e+00,3,5.231987125861e+00,9.291002485556e-06,3.512326053490e-02,3.294418198221e-02,1.920031871469e-02,1.655603547691e-01,1.734873075101e-01,3.968056264324e+04
1080,0.000000000000e+00,3,5.240024690383e+00,9.306120197549e-06,3.408289903045e-02,3.188574742058e-02,1.869362941353e-02,1.602960753416e-01,1.679959179429e-01,3.705949652888e+04
1081,0.000000000000e+00,3,5.248074602498e+00,9.321225177604e-06,3.319092073700e-02,3.103100831970e-02,1.847420717610e-02,1.551106549897e-01,1.626811984183e-01,3.350416260399e+04
1082,0.000000000000e+00,3,5.256136881173e+00,9.336324049731e-06,3.252189459408e-02,3.044725231689e-02,1.844554501420e-02,1.505406645237e-01,1.580741554074e-01,2.929112828033e+04
1083,0.000000000000e+00,3,5.264211545408e+00,9.351424275806e-06,3.225696174573e-02,3.023533757475e-02,1.795280657749e-02,1.478351222502e-01,1.553454661523e-01,2.513119686700e+04
1084,0.000000000000e+00,3,5.272298614228e+00,9.366533969566e-06,3.258452443748e-02,3.067520414449e-02,1.806960849173e-02,1.482682772826e-01,1.559253416912e-01,2.837116156789e+04
1085,0.000000000000e+00,3,5.280398106691e+00,9.381662027795e-06,3.330380686137e-02,3.149603835278e-02,1.836248951411e-02,1.509408677716e-01,1.588126901988e-01,3.158175955367e+04
1086,0.000000000000e+00,3,5.288510041882e+00,9.396817473874e-06,3.424354139971e-02,3.251437468087e-02,1.887640674553e-02,1.550725865377e-01,1.631981326964e-01,3.460398098161e+04
1087,0.000000000000e+00,3,5.296634438917e+00,9.412010888186e-06,3.521665328556e-02,3.352233518335e-02,1.929646994516e-02,1.597154152702e-01,1.680634619780e-01,3.731142061496e+04
1088,0.000000000000e+00,3,5.304771316938e+00,9.427254050087e-06,3.611590416716e-02,3.442721791820e-02,1.963059121988e-02,1.643435998890e-01,1.728692303550e-01,3.964433543765e+04
1089,0.000000000000e+00,3,5.312920695121e+00,9.442559389008e-06,3.688508041771e-02,3.517527109044e-02,1.987962647035e-02,1.686238905286e-01,1.772766901183e-01,4.158902544442e+04
1090,0.000000000000e+00,3,5.321082592668e+00,9.457939683668e-06,3.749472244598e-02,3.573755386726e-02,2.007944880404e-02,1.723366225783e-01,1.810693864619e-01,4.313571550336e+04
1091,0.000000000000e+00,3,5.329257028812e+00,9.473407710786e-06,3.791359881793e-02,3.609213388112e-02,2.022114946160e-02,1.752594073642e-01,1.840240143531e-01,4.427159702196e+04
1092,0.000000000000e+00,3,5.337444022815e+00,9.488975924375e-06,3.809837193379e-02,3.621089641180e-02,2.030598117236e-02,1.771218811485e-01,1.858687940885e-01,4.491362422162e+04
1093,0.000000000000e+00,3,5.345643593970e+00,9.504656020414e-06,3.804112748084e-02,3.609803010623e-02,2.031919239952e-02,1.778151524859e-01,1.864974348105e-01,4.510142873517e+04
1094,0.000000000000e+00,3,5.353855761597e+00,9.520458575808e-06,3.770615076984e-02,3.572938443749e-02,2.031528338288e-02,1.770483486403e-01,1.856264291887e-01,4.463317944608e+04
1095,0.000000000000e+00,3,5.362080545047e+00,9.536392885415e-06,3.706216485757e-02,3.506989339017e-02,2.026029478408e-02,1.745624366184e-01,1.829918722491e-01,4.341204490236e+04
1096,0.000000000000e+00,3,5.370317963703e+00,9.552465720198e-06,3.618857307811e-02,3.418332663502e-02,1.996175566738e-02,1.705969941371e-01,1.788293005612e-01,4.149539518589e+04
1097,0.000000000000e+00,3,5.378568036973e+00,9.568678627683e-06,3.520412674061e-02,3.318634758457e-02,1.972933310585e-02,1.655091667713e-01,1.735603499527e-01,3.891481214313e+04
1098,0.000000000000e+00,3,5.386830784299e+00,9.585033491962e-06,3.437135632987e-02,3.238933942310e-02,1.958532022407e-02,1.604832410558e-01,1.684307420641e-01,3.529691096513e+04
1099,0.000000000000e+00,3,5.395106225151e+00,9.601529394132e-06,3.380798039182e-02,3.190825455247e-02,1.959265674917e-02,1.563026467008e-01,1.642422168961e-01,3.119175331011e+04
1100,0.000000000000e+00,3,5.403394379030e+00,9.618166832736e-06,3.369641552029e-02,3.185896199011e-02,1.927095085661e-02,1.542259185960e-01,1.621957009038e-01,2.850414818317e+04
1101,0.000000000000e+00,3,5.411695265465e+00,9.634939230859e-06,3.422444521141e-02,3.248805811279e-02,1.928791409886e-02,1.556709693759e-01,1.638055582289e-01,3.189183483878e+04
1102,0.000000000000e+00,3,5.420008904016e+00,9.651474638707e-06,3.512572038175e-02,3.348829293292e-02,1.973959284408e-02,1.594097830473e-01,1.677987260164e-01,3.505772256584e+04
1103,0.000000000000e+00,3,5.428335314275e+00,9.668006803655e-06,3.614528778523e-02,3.457188544136e-02,2.030299116135e-02,1.641601411082e-01,1.728075822145e-01,3.786300304398e+04
1104,0.000000000000e+00,3,5.436674515861e+00,9.684580486199e-06,3.711085287120e-02,3.557148666718e-02,2.070841741926e-02,1.690537837139e-01,1.779060606178e-01,4.021628644112e+04
1105,0.000000000000e+00,3,5.445026528424e+00,9.701187260101e-06,3.794119511948e-02,3.640487087876e-02,2.100382091517e-02,1.736303253791e-01,1.826294042455e-01,4.209693137042e+04
1106,0.000000000000e+00,3,5.453391371646e+00,9.717818136208e-06,3.858508522546e-02,3.701987113253e-02,2.120467508163e-02,1.775424947073e-01,1.866286562474e-01,4.351401806008e+04
1107,0.000000000000e+00,3,5.461769065238e+00,9.734467503391e-06,3.901092458513e-02,3.739736340606e-02,2.133909091819e-02,1.805492948164e-01,1.896676558790e-01,4.447465943697e+04
1108,0.000000000000e+00,3,5.470159628940e+00,9.751129823421e-06,3.919485257827e-02,3.752254297582e-02,2.138328829431e-02,1.824499617195e-01,1.915448021997e-01,4.529313627885e+04
1109,0.000000000000e+00,3,5.478563082524e+00,9.767802040716e-06,3.910527051584e-02,3.737963473730e-02,2.139179467678e-02,1.830238369336e-01,1.920463304533e-01,4.551744716913e+04
1110,0.000000000000e+00,3,5.486979445792e+00,9.784484093145e-06,3.872867722563e-02,3.695996996758e-02,2.134490266896e-02,1.820946367656e-01,1.909974120987e-01,4.520292479055e+04
1111,0.000000000000e+00,3,5.495408738576e+00,9.801177320219e-06,3.802962634323e-02,3.623964980068e-02,2.127796563994e-02,1.793830118874e-01,1.881238461042e-01,4.415497158084e+04
1112,0.000000000000e+00,3,5.503850980740e+00,9.817885098954e-06,3.705251048436e-02,3.525366516620e-02,2.106333675789e-02,1.749320051639e-01,1.834681989525e-01,4.212750923769e+04
1113,0.000000000000e+00,3,5.512306192176e+00,9.834614097130e-06,3.605943528448e-02,3.426226333734e-02,2.058240730223e-02,1.697923602510e-01,1.781214940764e-01,3.916777629324e+04
1114,0.000000000000e+00,3,5.520774392808e+00,9.851373804405e-06,3.522686721483e-02,3.347493779096e-02,2.033727395201e-02,1.647230860217e-01,1.729416185139e-01,3.540631187728e+04
1115,0.000000000000e+00,3,5.529255602590e+00,9.868169961433e-06,3.459266514962e-02,3.289463653381e-02,2.017112670606e-02,1.601607852105e-01,1.683361549599e-01,3.044758676157e+04
1116,0.000000000000e+00,3,5.537749841509e+00,9.885003994483e-06,3.443146156283e-02,3.276839286327e-02,1.977784126000e-02,1.579176560198e-01,1.660976887374e-01,2.959928490258e+04
1117,0.000000000000e+00,3,5.546257129579e+00,9.901900524565e-06,3.483109596244e-02,3.325947624886e-02,1.999546836477e-02,1.588074158704e-01,1.671496697479e-01,3.284534480443e+04
1118,0.000000000000e+00,3,5.554777486848e+00,9.918872380114e-06,3.556459829978e-02,3.406113252359e-02,2.024304000140e-02,1.618233448432e-01,1.703572041499e-01,3.579743625092e+04
1119,0.000000000000e+00,3,5.563310933392e+00,9.935932085342e-06,3.645147468272e-02,3.500320753121e-02,2.066801918125e-02,1.660945493475e-01,1.748384994326e-01,3.833345780631e+04
1120,0.000000000000e+00,3,5.571857489319e+00,9.953091260679e-06,3.727671508754e-02,3.585469070833e-02,2.099341397664e-02,1.704311923795e-01,1.793394187004e-01,4.041192263854e+04
1121,0.000000000000e+00,3,5.580417174770e+00,9.970359646159e-06,3.796405169099e-02,3.653989701607e-02,2.123423597032e-02,1.743654150088e-01,1.833865426447e-01,4.205010315801e+04
1122,0.000000000000e+00,3,5.588990009914e+00,9.987743195505e-06,3.847731964066e-02,3.702600485153e-02,2.139415012775e-02,1.776150210528e-01,1.866982445693e-01,4.326576695499e+04
1123,0.000000000000e+00,3,5.597576014951e+00,1.000524398293e-05,3.880936638191e-02,3.731361641239e-02,2.148985824343e-02,1.800662277298e-01,1.891669454871e-01,4.404689367268e+04
1124,0.000000000000e+00,3,5.606175210115e+00,1.002286332320e-05,3.893137364475e-02,3.738450273387e-02,2.157563251020e-02,1.815193970530e-01,1.905991928714e-01,4.435144726728e+04
1125,0.000000000000e+00,3,5.614787615667e+00,1.004059851635e-05,3.883473825372e-02,3.724636333516e-02,2.161844606382e-02,1.818859896462e-01,1.909065187905e-01,4.422555300910e+04
1126,0.000000000000e+00,3,5.623413251903e+00,1.005844494636e-05,3.847954364623e-02,3.687121153171e-02,2.163505429528e-02,1.808924508005e-01,1.898165320778e-01,4.373706398538e+04
1127,0.000000000000e+00,3,5.632052139148e+00,1.007638902700e-05,3.783617981308e-02,3.622634573993e-02,2.151512091686e-02,1.782840235939e-01,1.870615356652e-01,4.288459434068e+04
1128,0.000000000000e+00,3,5.640704297759e+00,1.009441112371e-05,3.697404729168e-02,3.534945300957e-02,2.118852817038e-02,1.741486726699e-01,1.827385507218e-01,4.126294914851e+04
1129,0.000000000000e+00,3,5.649369748123e+00,1.011249654514e-05,3.611087013784e-02,3.449692050687e-02,2.092357586252e-02,1.693261048064e-01,1.777727714312e-01,3.831008477262e+04
1130,0.000000000000e+00,3,5.658048510660e+00,1.013062797871e-05,3.542014018320e-02,3.384951941755e-02,2.085716067008e-02,1.647176521364e-01,1.731106651017e-01,3.408896774515e+04
1131,0.000000000000e+00,3,5.666740605820e+00,1.014761232780e-05,3.505209350419e-02,3.350852732174e-02,2.048575309981e-02,1.614875423546e-01,1.698510025820e-01,2.892262415560e+04
1132,0.000000000000e+00,3,5.675446054085e+00,1.016453995236e-05,3.520841651907e-02,3.371715841232e-02,2.034883597182e-02,1.610925099724e-01,1.695327439163e-01,3.190107379738e+04
1133,0.000000000000e+00,3,5.684164875970e+00,1.018149034504e-05,3.582418083064e-02,3.441193665639e-02,2.056613288153e-02,1.634251646083e-01,1.720415751078e-01,3.497786798577e+04
1134,0.000000000000e+00,3,5.692897092018e+00,1.019845973433e-05,3.666635412843e-02,3.532103055782e-02,2.100181595356e-02,1.673415442452e-01,1.761711254107e-01,3.768631851246e+04
1135,0.000000000000e+00,3,5.701642722807e+00,1.021544189484e-05,3.751039833683e-02,3.620678230703e-02,2.148330245958e-02,1.716304818745e-01,1.806557933239e-01,3.995163156189e+04
1136,0.000000000000e+00,3,5.710401788945e+00,1.023242918254e-05,3.823506889857e-02,3.694442478081e-02,2.180360923052e-02,1.756196353680e-01,1.847822088794e-01,4.177203361302e+04
1137,0.000000000000e+00,3,5.719174311072e+00,1.024941323226e-05,3.879597227602e-02,3.749501863885e-02,2.202003467790e-02,1.790137623682e-01,1.882599610432e-01,4.316641685867e+04
1138,0.000000000000e+00,3,5.727960309858e+00,1.026638397069e-05,3.917962293161e-02,3.784488125848e-02,2.215916637762e-02,1.816509544325e-01,1.909329091365e-01,4.412817639981e+04
1139,0.000000000000e+00,3,5.736759806008e+00,1.028333245703e-05,3.937181067556e-02,3.799600143466e-02,2.223424327637e-02,1.833904618821e-01,1.926661845895e-01,4.457513310829e+04
1140,0.000000000000e+00,3,5.745572820257e+00,1.030025332890e-05,3.935598383213e-02,3.794332848133e-02,2.227297455028e-02,1.840941685573e-01,1.933270232837e-01,4.456928922670e+04
1141,0.000000000000e+00,3,5.754399373372e+00,1.031714364131e-05,3.907975473462e-02,3.765608727165e-02,2.230266768386e-02,1.834565449444e-01,1.926108018972e-01,4.387727092350e+04
1142,0.000000000000e+00,3,5.763239486150e+00,1.033400477233e-05,3.846514374314e-02,3.704053646933e-02,2.221219886428e-02,1.809952176101e-01,1.900111028367e-01,4.232708200359e+04
1143,0.000000000000e+00,3,5.772093179425e+00,1.035084109447e-05,3.756618121443e-02,3.613695216511e-02,2.186482658433e-02,1.767607810367e-01,1.855789364047e-01,4.061687083310e+04
1144,0.000000000000e+00,3,5.780960474057e+00,1.036765138773e-05,3.660518805106e-02,3.517499049787e-02,2.146764228498e-02,1.715906484798e-01,1.802260526666e-01,3.788005844453e+04
1145,0.000000000000e+00,3,5.789841390943e+00,1.038443375232e-05,3.573904703969e-02,3.434726875589e-02,2.129830410925e-02,1.662963233883e-01,1.748287713298e-01,3.383929941563e+04
1146,0.000000000000e+00,3,5.798735951008e+00,1.040121166891e-05,3.516622538485e-02,3.380086903500e-02,2.082585155292e-02,1.622080202649e-01,1.706584896409e-01,2.866516751609e+04
1147,0.000000000000e+00,3,5.807644175213e+00,1.041799324476e-05,3.510097259242e-02,3.378222743666e-02,2.053588859996e-02,1.607967315776e-01,1.692649661747e-01,3.169560207598e+04
1148,0.000000000000e+00,3,5.816566084548e+00,1.043478813917e-05,3.547468364855e-02,3.422916438118e-02,2.070516773118e-02,1.619625643529e-01,1.705598578117e-01,3.446256139574e+04
1149,0.000000000000e+00,3,5.825501700038e+00,1.045160455237e-05,3.607756257366e-02,3.488820347882e-02,2.100457321396e-02,1.646810727574e-01,1.734353628407e-01,3.682048984711e+04
1150,0.000000000000e+00,3,5.834451042737e+00,1.046844875355e-05,3.675214155013e-02,3.559457123662e-02,2.132706442420e-02,1.681251420877e-01,1.770271179481e-01,3.871315245368e+04
1151,0.000000000000e+00,3,5.843414133735e+00,1.048532878413e-05,3.735133107310e-02,3.620500323649e-02,2.157772558154e-02,1.714665506120e-01,1.804779776381e-01,4.017332593789e+04
1152,0.000000000000e+00,3,5.852390994152e+00,1.050224974818e-05,3.781199906493e-02,3.665759553487e-02,2.175269247560e-02,1.743057557532e-01,1.833826673988e-01,4.124297535935e+04
1153,0.000000000000e+00,3,5.861381645140e+00,1.051921741412e-05,3.809997079624e-02,3.691847313676e-02,2.185631279114e-02,1.764000698847e-01,1.854973436402e-01,4.191637577988e+04
1154,0.000000000000e+00,3,5.870386107886e+00,1.053622507601e-05,3.819442232738e-02,3.697550565625e-02,2.188205343223e-02,1.776016809493e-01,1.866740026193e-01,4.211471518665e+04
1155,0.000000000000e+00,3,5.879404403608e+00,1.055327311918e-05,3.807960045741e-02,3.682668320996e-02,2.186599933582e-02,1.777698293293e-01,1.867792673558e-01,4.186956019253e+04
1156,0.000000000000e+00,3,5.888436553556e+00,1.057035461061e-05,3.771743719455e-02,3.644626626501e-02,2.182454414991e-02,1.766583211706e-01,1.855678004379e-01,4.097363962963e+04
1157,0.000000000000e+00,3,5.897482579014e+00,1.058747921513e-05,3.706218061660e-02,3.578367575983e-02,2.168047161825e-02,1.739516878956e-01,1.827109992700e-01,3.985490540382e+04
1158,0.000000000000e+00,3,5.906542501297e+00,1.060368742341e-05,3.618946908995e-02,3.489770446183e-02,2.129379116951e-02,1.698552652341e-01,1.784145849414e-01,3.840378123753e+04
1159,0.000000000000e+00,3,5.915616341755e+00,1.061979487464e-05,3.527953660288e-02,3.398909832500e-02,2.087617229198e-02,1.650573296717e-01,1.734348325907e-01,3.616011418599e+04
1160,0.000000000000e+00,3,5.924704121769e+00,1.063600850937e-05,3.445369074455e-02,3.319500232743e-02,2.059621508408e-02,1.601730832398e-01,1.684297647560e-01,3.304441805912e+04
1161,0.000000000000e+00,3,5.933805862753e+00,1.065234001318e-05,3.397619781123e-02,3.274603250119e-02,2.005028513686e-02,1.566879383843e-01,1.648629995829e-01,2.893102257533e+04
1162,0.000000000000e+00,3,5.942921586156e+00,1.066879969903e-05,3.391658032489e-02,3.274731563689e-02,2.003188598287e-02,1.553151500486e-01,1.635444691605e-01,2.936220007173e+04
1163,0.000000000000e+00,3,5.952051313456e+00,1.068539284809e-05,3.425663251549e-02,3.315223876481e-02,2.015070968612e-02,1.562040591770e-01,1.645549969179e-01,3.203731395998e+04
1164,0.000000000000e+00,3,5.961195066168e+00,1.070212090116e-05,3.487794735773e-02,3.383156237862e-02,2.051796579252e-02,1.588703546263e-01,1.673971992723e-01,3.435966476911e+04
1165,0.000000000000e+00,3,5.970352865838e+00,1.071898400684e-05,3.558976151634e-02,3.458246309062e-02,2.092761668191e-02,1.623305832522e-01,1.710314628283e-01,3.630462196640e+04
1166,0.000000000000e+00,3,5.979524734046e+00,1.073598166490e-05,3.625477914516e-02,3.526464375454e-02,2.123768536307e-02,1.658354837230e-01,1.746724106756e-01,3.789633614423e+04
1167,0.000000000000e+00,3,5.988710692402e+00,1.075311270019e-05,3.680215855472e-02,3.581163430205e-02,2.147654252287e-02,1.689687615629e-01,1.779004111533e-01,3.913663312380e+04
1168,0.000000000000e+00,3,5.997910762555e+00,1.077037401406e-05,3.718349366430e-02,3.617621906809e-02,2.162411576592e-02,1.714243735507e-01,1.804030189799e-01,3.997195556062e+04
1169,0.000000000000e+00,3,6.007124966182e+00,1.078776060057e-05,3.734807536898e-02,3.631181402149e-02,2.168670813508e-02,1.729142208682e-01,1.818875137537e-01,4.026833723323e+04
1170,0.000000000000e+00,3,6.016353324997e+00,1.080526709830e-05,3.726930367646e-02,3.620274261785e-02,2.166050196645e-02,1.732504034273e-01,1.821661856733e-01,4.009145371250e+04
1171,0.000000000000e+00,3,6.025595860744e+00,1.082288906669e-05,3.691580215340e-02,3.582612908369e-02,2.154794240743e-02,1.722089603711e-01,1.810152695986e-01,3.958095267636e+04
1172,0.000000000000e+00,3,6.034852595202e+00,1.084062383175e-05,3.627224154277e-02,3.516639923166e-02,2.130664837235e-02,1.696329593999e-01,1.782741297022e-01,3.898361904626e+04
1173,0.000000000000e+00,3,6.044123550186e+00,1.085846973655e-05,3.532799884656e-02,3.420483229423e-02,2.095662497906e-02,1.653385849902e-01,1.737643975959e-01,3.784589099982e+04
1174,0.000000000000e+00,3,6.053408747539e+00,1.087640916868e-05,3.422394750820e-02,3.308355887785e-02,2.051254698132e-02,1.598617788948e-01,1.680546142959e-01,3.573691259594e+04
1175,0.000000000000e+00,3,6.062708209143e+00,1.089446087688e-05,3.320664005470e-02,3.207205716623e-02,2.012617624780e-02,1.542630795504e-01,1.622758715193e-01,3.236607754560e+04
1176,0.000000000000e+00,3,6.072021956910e+00,1.091262656077e-05,3.247835252015e-02,3.136202553821e-02,1.969584456554e-02,1.496669132707e-01,1.575643717641e-01,2.817644160819e+04
1177,0.000000000000e+00,3,6.081350012787e+00,1.093090901084e-05,3.220504343938e-02,3.113992145259e-02,1.953079706741e-02,1.472493292725e-01,1.551472736992e-01,2.628741885569e+04
1178,0.000000000000e+00,3,6.090692398755e+00,1.094931222582e-05,3.242600543193e-02,3.140803690836e-02,1.924143907511e-02,1.474684272485e-01,1.554190484578e-01,2.907287880843e+04
1179,0.000000000000e+00,3,6.100049136829e+00,1.096784026123e-05,3.303933330001e-02,3.209469705241e-02,1.960687810460e-02,1.499686198855e-01,1.581033957358e-01,3.155505725138e+04
1180,0.000000000000e+00,3,6.109420249056e+00,1.098649435868e-05,3.371770802645e-02,3.282904285240e-02,2.007078350087e-02,1.530617529126e-01,1.613857690262e-01,3.367678443887e+04
1181,0.000000000000e+00,3,6.118805757518e+00,1.100527597526e-05,3.437679720816e-02,3.351818220177e-02,2.040413350717e-02,1.563462919146e-01,1.648202790436e-01,3.541465398900e+04
1182,0.000000000000e+00,3,6.128205684332e+00,1.102418288428e-05,3.491802801733e-02,3.406192016064e-02,2.064573300762e-02,1.592905683833e-01,1.678666570613e-01,3.676149266008e+04
1183,0.000000000000e+00,3,6.137620051648e+00,1.104321095247e-05,3.529885829484e-02,3.442763112964e-02,2.078816157608e-02,1.616340245372e-01,1.702614951536e-01,3.768560632770e+04
1184,0.000000000000e+00,3,6.147048881649e+00,1.106233879522e-05,3.546970813152e-02,3.457278343179e-02,2.083824777450e-02,1.630735302362e-01,1.716991158486e-01,3.809116100780e+04
1185,0.000000000000e+00,3,6.156492196554e+00,1.108155905199e-05,3.538838890154e-02,3.445901501072e-02,2.078780693982e-02,1.633575330051e-01,1.719231755507e-01,3.791087613708e+04
1186,0.000000000000e+00,3,6.165950018615e+00,1.110086364757e-05,3.501976692773e-02,3.405484871285e-02,2.064025048433e-02,1.622558639908e-01,1.707017930075e-01,3.719893297842e+04
1187,0.000000000000e+00,3,6.175422370118e+00,1.111971847052e-05,3.437054944695e-02,3.337124894275e-02,2.039328237612e-02,1.597191906131e-01,1.679913115058e-01,3.678221757715e+04
1188,0.000000000000e+00,3,6.184909273384e+00,1.113816263075e-05,3.349282061695e-02,3.246158987189e-02,2.005905219605e-02,1.558920527822e-01,1.639518878987e-01,3.578492986255e+04
1189,0.000000000000e+00,3,6.194410750768e+00,1.115663616203e-05,3.250463531047e-02,3.145163738973e-02,1.958243725300e-02,1.512306947111e-01,1.590595853217e-01,3.412259316192e+04
1190,0.000000000000e+00,3,6.203926824659e+00,1.117513320820e-05,3.152063382488e-02,3.047242970658e-02,1.912922049364e-02,1.461899197078e-01,1.538165759267e-01,3.170164636644e+04
1191,0.000000000000e+00,3,6.213457517481e+00,1.119364646675e-05,3.068360190691e-02,2.966226013984e-02,1.875563009313e-02,1.414151460374e-01,1.489004710925e-01,2.878640682511e+04
1192,0.000000000000e+00,3,6.223002851692e+00,1.121217044544e-05,3.022164239178e-02,2.923319044027e-02,1.823039650275e-02,1.381737898888e-01,1.455756527069e-01,2.527604081266e+04
1193,0.000000000000e+00,3,6.232562849784e+00,1.123069943999e-05,3.014203592857e-02,2.922875623323e-02,1.834535450242e-02,1.367844236680e-01,1.442546120956e-01,2.498260690465e+04
1194,0.000000000000e+00,3,6.242137534285e+00,1.124922662357e-05,3.041816220153e-02,2.955638800218e-02,1.832901904933e-02,1.373463551495e-01,1.449096921383e-01,2.752847767659e+04
1195,0.000000000000e+00,3,6.251726927757e+00,1.126774647476e-05,3.097720395286e-02,3.017770702768e-02,1.869255258258e-02,1.396129237865e-01,1.473480952590e-01,2.973504585377e+04
1196,0.000000000000e+00,3,6.261331052796e+00,1.128625590595e-05,3.162597872884e-02,3.086778176309e-02,1.904925483880e-02,1.426239188507e-01,1.505240140967e-01,3.157311452065e+04
1197,0.000000000000e+00,3,6.270949932032e+00,1.130475478251e-05,3.222532426829e-02,3.148789420781e-02,1.930666284115e-02,1.456548325828e-01,1.536816075223e-01,3.304301765394e+04
1198,0.000000000000e+00,3,6.280583588133e+00,1.132324381525e-05,3.268403715979e-02,3.194993905472e-02,1.950118897884e-02,1.482146170002e-01,1.563231075522e-01,3.412945499178e+04
1199,0.000000000000e+00,3,6.290232043799e+00,1.134172348359e-05,3.294967844156e-02,3.219963422727e-02,1.959309674858e-02,1.499955827115e-01,1.581298897329e-01,3.477562041672e+04
1200,0.000000000000e+00,3,6.299895321765e+00,1.136018729684e-05,3.297173041602e-02,3.219361678435e-02,1.958941074110e-02,1.506949358794e-01,1.587963245203e-01,3.487745678520e+04
1201,0.000000000000e+00,3,6.309573444802e+00,1.137863237770e-05,3.273080954871e-02,3.191442705656e-02,1.946820148545e-02,1.501730366663e-01,1.581796079105e-01,3.442721380787e+04
1202,0.000000000000e+00,3,6.319266435715e+00,1.139706827932e-05,3.222764612057e-02,3.136895939943e-02,1.922836547821e-02,1.483731652076e-01,1.562272670854e-01,3.406587686487e+04
1203,0.000000000000e+00,3,6.328974317346e+00,1.141549102544e-05,3.151387688152e-02,3.061722805971e-02,1.889057807225e-02,1.454522607133e-01,1.531135303514e-01,3.344814893925e+04
1204,0.000000000000e+00,3,6.338697112569e+00,1.143389082630e-05,3.064322104256e-02,2.971466987039e-02,1.847881081777e-02,1.415931262492e-01,1.490370707295e-01,3.232310948538e+04
1205,0.000000000000e+00,3,6.348434844296e+00,1.145225803622e-05,2.965636807447e-02,2.871310104827e-02,1.804596083867e-02,1.369315737712e-01,1.441521936609e-01,3.064043685969e+04
1206,0.000000000000e+00,3,6.358187535472e+00,1.147057809328e-05,2.866776462075e-02,2.772029345169e-02,1.754444103156e-02,1.319410624123e-01,1.389478562591e-01,2.854755349580e+04
1207,0.000000000000e+00,3,6.367955209079e+00,1.148882252929e-05,2.786513169895e-02,2.694199857865e-02,1.715121241405e-02,1.274736621880e-01,1.343355332401e-01,2.568046736177e+04
1208,0.000000000000e+00,3,6.377737888133e+00,1.150697723831e-05,2.738083465063e-02,2.649799467990e-02,1.679006573273e-02,1.242851251958e-01,1.310746065432e-01,2.221617473118e+04
1209,0.000000000000e+00,3,6.387535595687e+00,1.152502367284e-05,2.731414657573e-02,2.649751046510e-02,1.677782751055e-02,1.230872669144e-01,1.299236369428e-01,2.220559363098e+04
1210,0.000000000000e+00,3,6.397348354826e+00,1.154296844581e-05,2.763455161365e-02,2.687295444687e-02,1.676750075691e-02,1.239268493094e-01,1.308619011974e-01,2.467847664899e+04
1211,0.000000000000e+00,3,6.407176188676e+00,1.156002022076e-05,2.818935524875e-02,2.749090532521e-02,1.716965123329e-02,1.261464876344e-01,1.332596071243e-01,2.688859449546e+04
1212,0.000000000000e+00,3,6.417019120392e+00,1.157687378254e-05,2.879262455551e-02,2.813083313070e-02,1.753660750463e-02,1.288465316982e-01,1.361224461096e-01,2.876131851722e+04
1213,0.000000000000e+00,3,6.426877173170e+00,1.159371789564e-05,2.934589516061e-02,2.870167863460e-02,1.780438947592e-02,1.315409144511e-01,1.389423491182e-01,3.026133295693e+04
1214,0.000000000000e+00,3,6.436750370239e+00,1.161056907128e-05,2.977275937905e-02,2.912616315131e-02,1.798783348191e-02,1.338298038958e-01,1.413107538198e-01,3.135668127701e+04
1215,0.000000000000e+00,3,6.446638734864e+00,1.162744263227e-05,3.001461227841e-02,2.935681711758e-02,1.808292037673e-02,1.353954937336e-01,1.429042735338e-01,3.199775440442e+04
1216,0.000000000000e+00,3,6.456542290347e+00,1.164435050030e-05,3.002510809763e-02,2.934093747658e-02,1.805903607882e-02,1.359633845086e-01,1.434383785443e-01,3.211887511499e+04
1217,0.000000000000e+00,3,6.466461060023e+00,1.166130049724e-05,2.978093676809e-02,2.905700648036e-02,1.792276834476e-02,1.353684227797e-01,1.427482025505e-01,3.163845247672e+04
1218,0.000000000000e+00,3,6.476395067265e+00,1.167829806431e-05,2.931265689989e-02,2.854796862862e-02,1.767023986526e-02,1.336815229460e-01,1.409155964448e-01,3.068599394833e+04
1219,0.000000000000e+00,3,6.486344335482e+00,1.169534737322e-05,2.865962408224e-02,2.785372609826e-02,1.733658976455e-02,1.310335597436e-01,1.380853186760e-01,2.957253526683e+04
1220,0.000000000000e+00,3,6.496308888119e+00,1.171245158566e-05,2.786419174318e-02,2.702939111650e-02,1.694144600813e-02,1.275636267389e-01,1.344116536065e-01,2.868117012552e+04
1221,0.000000000000e+00,3,6.506288748656e+00,1.172961146901e-05,2.697445606667e-02,2.611703624994e-02,1.650321234197e-02,1.234832659389e-01,1.301160783574e-01,2.745931277100e+04
1222,0.000000000000e+00,3,6.516283940608e+00,1.174682690332e-05,2.604265952202e-02,2.518056596131e-02,1.601617017066e-02,1.190086966128e-01,1.254267459258e-01,2.591153467926e+04
1223,0.000000000000e+00,3,6.526294487530e+00,1.176409798136e-05,2.518323189450e-02,2.433580048825e-02,1.557809527428e-02,1.146437817034e-01,1.208813471537e-01,2.412140889718e+04
1224,0.000000000000e+00,3,6.536320413010e+00,1.178142671612e-05,2.451335731121e-02,2.370088927633e-02,1.525102128339e-02,1.109538123077e-01,1.170725371510e-01,2.206292323069e+04
1225,0.000000000000e+00,3,6.546361740673e+00,1.179881185978e-05,2.412181993171e-02,2.334751121133e-02,1.490459985602e-02,1.084385348010e-01,1.144903113946e-01,1.953953409208e+04
1226,0.000000000000e+00,3,6.556418494180e+00,1.181625339131e-05,2.410483314610e-02,2.339522653329e-02,1.494698434425e-02,1.076772045966e-01,1.137812477356e-01,1.962924719856e+04
1227,0.000000000000e+00,3,6.566490697229e+00,1.183375212308e-05,2.435995444521e-02,2.370402866955e-02,1.504426141372e-02,1.083212777697e-01,1.145212529397e-01,2.171837865156e+04
1228,0.000000000000e+00,3,6.576578373554e+00,1.185130580122e-05,2.481356892968e-02,2.420260632346e-02,1.532021071444e-02,1.100965144289e-01,1.164363804899e-01,2.353032573351e+04
1229,0.000000000000e+00,3,6.586681546926e+00,1.186891891787e-05,2.533877351861e-02,2.476083510035e-02,1.561070212511e-02,1.124241168188e-01,1.189034417568e-01,2.503792033581e+04
1230,0.000000000000e+00,3,6.596800241152e+00,1.188659660391e-05,2.583600307061e-02,2.527325615586e-02,1.584148974662e-02,1.148033535870e-01,1.213960432782e-01,2.622726669491e+04
1231,0.000000000000e+00,3,6.606934480076e+00,1.190434379913e-05,2.620596821895e-02,2.564481520739e-02,1.601596231215e-02,1.167323382071e-01,1.233991861780e-01,2.707586503162e+04
1232,0.000000000000e+00,3,6.617084287578e+00,1.192216340442e-05,2.640910980340e-02,2.583563142233e-02,1.606444576719e-02,1.180079079800e-01,1.246950427853e-01,2.754128709607e+04
1233,0.000000000000e+00,3,6.627249687574e+00,1.194005596333e-05,2.640889782388e-02,2.580401578578e-02,1.606191273278e-02,1.184016572057e-01,1.250608435308e-01,2.757615213392e+04
1234,0.000000000000e+00,3,6.637430704019e+00,1.195801958781e-05,2.618183685315e-02,2.553785434587e-02,1.592256166857e-02,1.177726196184e-01,1.243446359416e-01,2.712915687412e+04
1235,0.000000000000e+00,3,6.647627360903e+00,1.197604976070e-05,2.575534621633e-02,2.507031407320e-02,1.569617672464e-02,1.161969766653e-01,1.226375385287e-01,2.660733274558e+04
1236,0.000000000000e+00,3,6.657839682254e+00,1.199413759684e-05,2.515827614199e-02,2.443215283251e-02,1.537271625785e-02,1.137662397689e-01,1.200372719899e-01,2.609715082307e+04
1237,0.000000000000e+00,3,6.668067692136e+00,1.201227493882e-05,2.443657248372e-02,2.367667508810e-02,1.498118266874e-02,1.106632514562e-01,1.167412612361e-01,2.521630784468e+04
1238,0.000000000000e+00,3,6.678311414650e+00,1.203044984195e-05,2.365140493149e-02,2.286845460014e-02,1.455953189728e-02,1.071459544510e-01,1.130247348827e-01,2.409782104644e+04
1239,0.000000000000e+00,3,6.688570873935e+00,1.204864825145e-05,2.284536294970e-02,2.205336330972e-02,1.416542444806e-02,1.034215247778e-01,1.091097267833e-01,2.284726343577e+04
1240,0.000000000000e+00,3,6.698846094165e+00,1.206685439890e-05,2.207406855535e-02,2.128512341723e-02,1.374509237116e-02,9.974701964469e-02,1.052554819179e-01,2.149812247972e+04
1241,0.000000000000e+00,3,6.709137099554e+00,1.208504997534e-05,2.141183027019e-02,2.064499636735e-02,1.334652156454e-02,9.645404210792e-02,1.018145089236e-01,2.002227868945e+04
1242,0.000000000000e+00,3,6.719443914351e+00,1.210321550712e-05,2.091161421552e-02,2.019329421719e-02,1.314306137593e-02,9.375890277257e-02,9.903805658376e-02,1.847937576192e+04
1243,0.000000000000e+00,3,6.729766562843e+00,1.212133171159e-05,2.061845203117e-02,1.994228966016e-02,1.284138638447e-02,9.193415743717e-02,9.715763474380e-02,1.666439122148e+04
1244,0.000000000000e+00,3,6.740105069355e+00,1.213938009926e-05,2.061679381223e-02,2.000749983387e-02,1.293059964127e-02,9.143543145642e-02,9.671086169300e-02,1.615343230452e+04
1245,0.000000000000e+00,3,6.750459458247e+00,1.215734326895e-05,2.081123193161e-02,2.025027298533e-02,1.303094052283e-02,9.189636391323e-02,9.725187937451e-02,1.787358122158e+04
1246,0.000000000000e+00,3,6.760829753920e+00,1.217520479387e-05,2.118524835636e-02,2.066867783009e-02,1.321601897080e-02,9.333513114836e-02,9.880343544170e-02,1.939541011337e+04
1247,0.000000000000e+00,3,6.771215980809e+00,1.219287489243e-05,2.162442993900e-02,2.113687993695e-02,1.345369027790e-02,9.521493516289e-02,1.008031215976e-01,2.067198278366e+04
1248,0.000000000000e+00,3,6.781618163389e+00,1.221020001747e-05,2.204930569325e-02,2.157684866435e-02,1.365080106122e-02,9.716248049005e-02,1.028524392731e-01,2.167734218753e+04
1249,0.000000000000e+00,3,6.792036326172e+00,1.222736826663e-05,2.235779018292e-02,2.188576643147e-02,1.378805013672e-02,9.867025416216e-02,1.044259878438e-01,2.238113485027e+04
1250,0.000000000000e+00,3,6.802470493706e+00,1.224438196465e-05,2.251745967524e-02,2.203573428481e-02,1.384822258435e-02,9.958293484293e-02,1.053619654162e-01,2.274737295211e+04
1251,0.000000000000e+00,3,6.812920690580e+00,1.226124549074e-05,2.249954315810e-02,2.199713951944e-02,1.383225516237e-02,9.973898065250e-02,1.054954934290e-01,2.275135496888e+04
1252,0.000000000000e+00,3,6.823386941417e+00,1.227796315381e-05,2.230086013989e-02,2.176510790908e-02,1.371758787472e-02,9.909049195308e-02,1.047766486288e-01,2.239974903912e+04
1253,0.000000000000e+00,3,6.833869270880e+00,1.229454103491e-05,2.192297346172e-02,2.135433069499e-02,1.350361995121e-02,9.761640834733e-02,1.031888324154e-01,2.208306585540e+04
1254,0.000000000000e+00,3,6.844367703671e+00,1.231098692620e-05,2.139920315912e-02,2.079825388558e-02,1.320320190686e-02,9.544956498294e-02,1.008733723862e-01,2.172257208812e+04
1255,0.000000000000e+00,3,6.854882264527e+00,1.232730891701e-05,2.077658482959e-02,2.014127441368e-02,1.284167987035e-02,9.278097998097e-02,9.803344531490e-02,2.104293490908e+04
1256,0.000000000000e+00,3,6.865412978225e+00,1.234351509856e-05,2.010567408723e-02,1.944214485175e-02,1.245338878169e-02,8.984652432637e-02,9.491954462920e-02,2.013694882569e+04
1257,0.000000000000e+00,3,6.875959869579e+00,1.235961299688e-05,1.943562369312e-02,1.875271681697e-02,1.206969188299e-02,8.686203119803e-02,9.176109078665e-02,1.914159677758e+04
1258,0.000000000000e+00,3,6.886522963443e+00,1.237560729229e-05,1.880533992507e-02,1.811853427219e-02,1.170152458581e-02,8.402003635260e-02,8.875930531609e-02,1.816590432253e+04
1259,0.000000000000e+00,3,6.897102284707e+00,1.239150620183e-05,1.821427638863e-02,1.753059440125e-02,1.137497057285e-02,8.131000664537e-02,8.590569678796e-02,1.726534469077e+04
1260,0.000000000000e+00,3,6.907697858300e+00,1.240731855384e-05,1.769063386598e-02,1.701944385497e-02,1.109264165091e-02,7.888218185908e-02,8.335505569165e-02,1.641611956765e+04
1261,0.000000000000e+00,3,6.918309709189e+00,1.242305135026e-05,1.724762878515e-02,1.660217876251e-02,1.088954933894e-02,7.674925484998e-02,8.113041010130e-02,1.550417214513e+04
1262,0.000000000000e+00,3,6.928937862381e+00,1.243870844293e-05,1.692930756479e-02,1.632358384016e-02,1.079990620399e-02,7.509171475668e-02,7.942584241369e-02,1.426822851008e+04
1263,0.000000000000e+00,3,6.939582342920e+00,1.245429594533e-05,1.675338768583e-02,1.618524848265e-02,1.070716663336e-02,7.402778971707e-02,7.834153007892e-02,1.273085377500e+04
1264,0.000000000000e+00,3,6.950243175888e+00,1.246981847163e-05,1.681526122243e-02,1.629261582326e-02,1.072894419395e-02,7.402767642960e-02,7.837990470411e-02,1.280635851302e+04
1265,0.000000000000e+00,3,6.960920386406e+00,1.248528013168e-05,1.703822794431e-02,1.655938439834e-02,1.087062140835e-02,7.477119974986e-02,7.920490606630e-02,1.414415402275e+04
1266,0.000000000000e+00,3,6.971613999635e+00,1.250068313507e-05,1.737791227320e-02,1.692398844019e-02,1.092887437580e-02,7.611465159486e-02,8.063060028444e-02,1.532142340780e+04
1267,0.000000000000e+00,3,6.982324040772e+00,1.251602993090e-05,1.774976136239e-02,1.732091084724e-02,1.111722804636e-02,7.768706025354e-02,8.230394930543e-02,1.627827522587e+04
1268,0.000000000000e+00,3,6.993050535054e+00,1.253131773260e-05,1.805410265512e-02,1.763761454895e-02,1.129071484535e-02,7.901788025023e-02,8.371583906656e-02,1.695484559150e+04
1269,0.000000000000e+00,3,7.003793507759e+00,1.254654398726e-05,1.823014125032e-02,1.781002988083e-02,1.137903763966e-02,7.980221805856e-02,8.454236641491e-02,1.734031294904e+04
1270,0.000000000000e+00,3,7.014552984200e+00,1.256170590631e-05,1.826810931142e-02,1.784143371900e-02,1.137749964541e-02,8.000474295125e-02,8.474813843289e-02,1.743703848104e+04
1271,0.000000000000e+00,3,7.025328989731e+00,1.257680162120e-05,1.815434554939e-02,1.771395551024e-02,1.129622996055e-02,7.955067127069e-02,8.425721686054e-02,1.725790454904e+04
1272,0.000000000000e+00,3,7.036121549744e+00,1.259164952638e-05,1.788407525749e-02,1.742277192344e-02,1.113165827821e-02,7.840232869659e-02,8.303151263456e-02,1.683464013949e+04
1273,0.000000000000e+00,3,7.046930689671e+00,1.260641215206e-05,1.747268410947e-02,1.698936688431e-02,1.088686274335e-02,7.662126028725e-02,8.113738093825e-02,1.625114463011e+04
1274,0.000000000000e+00,3,7.057756434984e+00,1.262116013627e-05,1.694950914905e-02,1.644338012286e-02,1.057524431259e-02,7.432673849967e-02,7.870178180021e-02,1.589586481693e+04
1275,0.000000000000e+00,3,7.068598811191e+00,1.263590700796e-05,1.635033857067e-02,1.582302854575e-02,1.021377102161e-02,7.168500739303e-02,7.589969174611e-02,1.533391897601e+04
1276,0.000000000000e+00,3,7.079457843841e+00,1.265066625798e-05,1.572290829446e-02,1.517125668983e-02,9.827485945183e-03,6.891073116442e-02,7.295646115597e-02,1.463554552483e+04
1277,0.000000000000e+00,3,7.090333558524e+00,1.266545023920e-05,1.510454690705e-02,1.453354752984e-02,9.447449916548e-03,6.617776496356e-02,7.005799188221e-02,1.387368529265e+04
1278,0.000000000000e+00,3,7.101225980865e+00,1.268026922435e-05,1.451977451741e-02,1.393474301136e-02,9.093958033540e-03,6.360491165854e-02,6.732967974553e-02,1.312257540167e+04
1279,0.000000000000e+00,3,7.112135136533e+00,1.269512909081e-05,1.400607558599e-02,1.341177161572e-02,8.777405687562e-03,6.136349078602e-02,6.495049363356e-02,1.245129450539e+04
1280,0.000000000000e+00,3,7.123061051234e+00,1.271003414006e-05,1.359073846271e-02,1.299598165875e-02,8.525149226538e-03,5.958220565019e-02,6.305807728367e-02,1.190295288423e+04
1281,0.000000000000e+00,3,7.134003750713e+00,1.272498513588e-05,1.326313733999e-02,1.267667784544e-02,8.366125380861e-03,5.819599514630e-02,6.159037975409e-02,1.141577352735e+04
1282,0.000000000000e+00,3,7.144963260755e+00,1.273970594421e-05,1.302790240738e-02,1.245837106774e-02,8.246651932105e-03,5.722564627090e-02,6.056169672334e-02,1.103466223323e+04
1283,0.000000000000e+00,3,7.155939607186e+00,1.275440389518e-05,1.286960080859e-02,1.232619210667e-02,8.194051226864e-03,5.658921808290e-02,5.989193364356e-02,1.065977523118e+04
1284,0.000000000000e+00,3,7.166932815871e+00,1.276910147471e-05,1.277329860531e-02,1.225640905988e-02,8.180934385432e-03,5.618758593445e-02,5.947561870938e-02,1.019967834527e+04
1285,0.000000000000e+00,3,7.177942912714e+00,1.278379778722e-05,1.276130273642e-02,1.227546072410e-02,8.164733558799e-03,5.609009772957e-02,5.938265505110e-02,1.018143743715e+04
1286,0.000000000000e+00,5,7.188969923658e+00,1.279848827155e-05,1.282340329716e-02,1.237273007642e-02,8.194921297344e-03,5.627589808551e-02,5.959578476760e-02,1.083890075516e+04
1287,0.000000000000e+00,5,7.200013874689e+00,1.281324178310e-05,1.294626022245e-02,1.252895946096e-02,8.229628267748e-03,5.671742600417e-02,6.007639863445e-02,1.136839268768e+04
1288,0.000000000000e+00,5,7.211074791829e+00,1.282793711722e-05,1.310780568779e-02,1.272274743962e-02,8.332749321498e-03,5.730430517061e-02,6.071985651088e-02,1.178758454025e+04
1289,0.000000000000e+00,5,7.222152701143e+00,1.284256573140e-05,1.329023623009e-02,1.292599466236e-02,8.444518880648e-03,5.795548857973e-02,6.143175296785e-02,1.223178518563e+04
1290,0.000000000000e+00,5,7.233247628736e+00,1.285709744507e-05,1.345116078407e-02,1.310230253543e-02,8.475926091690e-03,5.851594896200e-02,6.203677670708e-02,1.239126686911e+04
1291,0.000000000000e+00,5,7.244359600750e+00,1.287151498253e-05,1.358373853249e-02,1.324898463044e-02,8.548238926315e-03,5.897573933892e-02,6.254009726224e-02,1.232897383323e+04
1292,0.000000000000e+00,5,7.255488643370e+00,1.288581795163e-05,1.365056512592e-02,1.332240675009e-02,8.597135291796e-03,5.916948928503e-02,6.275957016542e-02,1.207436262184e+04
1293,0.000000000000e+00,5,7.266634782822e+00,1.290001474553e-05,1.362419061189e-02,1.329704180528e-02,8.575550092867e-03,5.895700867560e-02,6.254517425006e-02,1.164371415964e+04
1294,0.000000000000e+00,5,7.277798045368e+00,1.291411429365e-05,1.348912630139e-02,1.316162983953e-02,8.486387818651e-03,5.828094261173e-02,6.183746500568e-02,1.148325916113e+04
1295,0.000000000000e+00,5,7.288978457315e+00,1.292811991479e-05,1.324988351402e-02,1.291854029461e-02,8.330904300402e-03,5.716140162375e-02,6.065705151532e-02,1.124625714145e+04
1296,0.000000000000e+00,5,7.300176045009e+00,1.294203251308e-05,1.292106108866e-02,1.258364619027e-02,8.118109668928e-03,5.566158589617e-02,5.907129438375e-02,1.083768047965e+04
1297,0.000000000000e+00,5,7.311390834834e+00,1.295585260821e-05,1.252144904226e-02,1.217720140226e-02,7.863001236313e-03,5.386630531186e-02,5.717059171027e-02,1.027933977177e+04
1298,0.000000000000e+00,5,7.322622853218e+00,1.296958489999e-05,1.207514119369e-02,1.172362409432e-02,7.579004413077e-03,5.188463523263e-02,5.507003793234e-02,9.620920565168e+03
1299,0.000000000000e+00,5,7.333872126628e+00,1.298324148083e-05,1.161245981725e-02,1.125428981155e-02,7.279572030347e-03,4.984897984057e-02,5.290955700307e-02,9.032831928326e+03
1300,0.000000000000e+00,5,7.345138681571e+00,1.299683784926e-05,1.117169133866e-02,1.080889468232e-02,6.982282203891e-03,4.793338080198e-02,5.087239085695e-02,8.526597722834e+03
1301,0.000000000000e+00,5,7.356422544596e+00,1.301039326399e-05,1.077902498225e-02,1.041224374787e-02,6.714923455746e-03,4.624798629191e-02,4.907717017623e-02,8.019167871977e+03
1302,0.000000000000e+00,5,7.367723742293e+00,1.302393150284e-05,1.044905110953e-02,1.008082807797e-02,6.491984813496e-03,4.485401684403e-02,4.759027692387e-02,7.540968103241e+03
1303,0.000000000000e+00,5,7.379042301291e+00,1.303747790762e-05,1.019044183851e-02,9.827087361514e-03,6.329537283372e-03,4.378817802213e-02,4.645303356718e-02,7.105246168836e+03
1304,0.000000000000e+00,5,7.390378248262e+00,1.305105821700e-05,1.000829903575e-02,9.651908302173e-03,6.206300448452e-03,4.307098126193e-02,4.568318044516e-02,6.712898614867e+03
1305,0.000000000000e+00,5,7.401731609917e+00,1.306459922273e-05,9.891695719943e-03,9.546561705066e-03,6.155781596810e-03,4.264260021505e-02,4.522463360573e-02,6.405701361783e+03
1306,0.000000000000e+00,5,7.413102413009e+00,1.307811834541e-05,9.816196032951e-03,9.482550528045e-03,6.090420823970e-03,4.238828174110e-02,4.494592444094e-02,6.248573597542e+03
1307,0.000000000000e+00,5,7.424490684334e+00,1.309179861296e-05,9.796523212774e-03,9.477030811406e-03,6.083418541583e-03,4.238744407145e-02,4.493872913336e-02,6.319908911830e+03
1308,0.000000000000e+00,5,7.435896450725e+00,1.310567287055e-05,9.818733506717e-03,9.509565850174e-03,6.095019738959e-03,4.256220673059e-02,4.511684915561e-02,6.436652745393e+03
1309,0.000000000000e+00,5,7.447319739060e+00,1.311976848304e-05,9.874652001915e-03,9.580273454656e-03,6.136569043322e-03,4.287997705186e-02,4.544931576181e-02,6.707973828718e+03
1310,0.000000000000e+00,5,7.458760576256e+00,1.313410693744e-05,9.939051051773e-03,9.660830744551e-03,6.203541362863e-03,4.322848626172e-02,4.581814418333e-02,7.220450229434e+03
1311,0.000000000000e+00,5,7.470218989273e+00,1.314870403473e-05,9.982973183139e-03,9.719427817526e-03,6.236001852379e-03,4.347093374708e-02,4.607316822861e-02,7.651258345540e+03
1312,0.000000000000e+00,5,7.481695005112e+00,1.316357077708e-05,1.000579956497e-02,9.757235280904e-03,6.246492817363e-03,4.360702881810e-02,4.621592041841e-02,7.947218449001e+03
1313,0.000000000000e+00,5,7.493188650813e+00,1.317871580197e-05,1.000745073148e-02,9.773633963329e-03,6.260528930892e-03,4.363518874983e-02,4.624820981098e-02,8.095755588446e+03
1314,0.000000000000e+00,5,7.504699953461e+00,1.319414517577e-05,9.978745464644e-03,9.760079696586e-03,6.251267982215e-03,4.351464769041e-02,4.612415236877e-02,8.115821822240e+03
1315,0.000000000000e+00,3,7.516228940182e+00,1.320979356584e-05,9.927291551319e-03,9.723765473576e-03,6.212776408037e-03,4.328392589726e-02,4.588245377381e-02,8.076416868449e+03
1316,0.000000000000e+00,3,7.527775638142e+00,1.322557493488e-05,9.833181620961e-03,9.642181401657e-03,6.157430918972e-03,4.285377188899e-02,4.543151817416e-02,7.945942742099e+03
1317,0.000000000000e+00,3,7.539340074549e+00,1.324170620207e-05,9.709840489983e-03,9.532562637607e-03,6.074339949169e-03,4.229190010150e-02,4.484030745651e-02,7.774334678699e+03
1318,0.000000000000e+00,3,7.550922276654e+00,1.325819955432e-05,9.570867273933e-03,9.407444578578e-03,5.970030248847e-03,4.165322691141e-02,4.416711545007e-02,7.610834136012e+03
1319,0.000000000000e+00,3,7.562522271750e+00,1.327508084675e-05,9.426111238837e-03,9.274604895945e-03,5.868040604523e-03,4.098571151562e-02,4.346414980235e-02,7.517107674416e+03
1320,0.000000000000e+00,3,7.574140087171e+00,1.329236216489e-05,9.257815711243e-03,9.117013175329e-03,5.757572149498e-03,4.020543699600e-02,4.264333338376e-02,7.353102654236e+03
1321,0.000000000000e+00,3,7.585775750292e+00,1.331004010283e-05,9.061457593173e-03,8.932441209592e-03,5.634372775477e-03,3.930372443685e-02,4.169445323849e-02,7.072568785509e+03
1322,0.000000000000e+00,3,7.597429288532e+00,1.332810419829e-05,8.835933641296e-03,8.717730152210e-03,5.498557812950e-03,3.827453448554e-02,4.061091811850e-02,6.778452661624e+03
1323,0.000000000000e+00,3,7.609100729352e+00,1.334653921120e-05,8.590795363147e-03,8.481838476372e-03,5.343826097610e-03,3.716276496113e-02,3.943819120888e-02,6.556928642269e+03
1324,0.000000000000e+00,3,7.620790100254e+00,1.336532998802e-05,8.343045828877e-03,8.243180247828e-03,5.191735229084e-03,3.605234672577e-02,3.826594116738e-02,6.347534806903e+03
1325,0.000000000000e+00,3,7.632497428783e+00,1.338446231277e-05,8.125645463731e-03,8.032885179335e-03,5.050759498054e-03,3.508773162295e-02,3.724530091780e-02,6.203045081502e+03
1326,0.000000000000e+00,3,7.644222742526e+00,1.340391983574e-05,7.948861212222e-03,7.862736858122e-03,4.929912327923e-03,3.430431230757e-02,3.641561346356e-02,6.057975744190e+03
1327,0.000000000000e+00,3,7.655966069113e+00,1.342347948290e-05,7.793155594729e-03,7.715016390903e-03,4.836789036997e-03,3.362114121977e-02,3.569356268494e-02,5.840601525866e+03
1328,0.000000000000e+00,3,7.667727436215e+00,1.344325734270e-05,7.652360169789e-03,7.582178669574e-03,4.736674556830e-03,3.300963323463e-02,3.504454339391e-02,5.540290686587e+03
1329,0.000000000000e+00,3,7.679506871547e+00,1.346330066754e-05,7.509594004043e-03,7.447786826923e-03,4.658574933557e-03,3.239141647578e-02,3.439141916880e-02,5.138097356324e+03
1330,0.000000000000e+00,3,7.691304402866e+00,1.348358641112e-05,7.357528874541e-03,7.303610313850e-03,4.588665184658e-03,3.173264063274e-02,3.369706640733e-02,4.649265182738e+03
1331,0.000000000000e+00,3,7.703120057972e+00,1.350409194341e-05,7.216590911127e-03,7.167667227939e-03,4.497051806077e-03,3.112370646981e-02,3.305091855357e-02,4.304556418230e+03
1332,0.000000000000e+00,3,7.714953864707e+00,1.352479746306e-05,7.114624561506e-03,7.070310992675e-03,4.423451121679e-03,3.068739098679e-02,3.258665471610e-02,4.514186653698e+03
1333,0.000000000000e+00,3,7.726805850957e+00,1.354568827682e-05,7.052739958896e-03,7.012826282917e-03,4.365290953696e-03,3.042662313097e-02,3.230721333799e-02,4.707137060142e+03
1334,0.000000000000e+00,3,7.738676044649e+00,1.356675458756e-05,7.005645810254e-03,6.969800011897e-03,4.347429113883e-03,3.022679768087e-02,3.209698776155e-02,4.796475405376e+03
1335,0.000000000000e+00,3,7.750564473754e+00,1.358799786167e-05,6.950136508132e-03,6.917382043354e-03,4.333987435407e-03,2.998539387672e-02,3.184433803438e-02,4.784828772204e+03
1336,0.000000000000e+00,3,7.762471166287e+00,1.360942862784e-05,6.883784705425e-03,6.851959391095e-03,4.299628233109e-03,2.969304798694e-02,3.153568995702e-02,4.700572301093e+03
1337,0.000000000000e+00,3,7.774396150304e+00,1.363106259010e-05,6.812814156742e-03,6.781787857598e-03,4.263334004854e-03,2.937891807076e-02,3.120422931472e-02,4.570372251980e+03
1338,0.000000000000e+00,3,7.786339453904e+00,1.365292014149e-05,6.734778281069e-03,6.704418578460e-03,4.227053778891e-03,2.903267010889e-02,3.083942905230e-02,4.413585126707e+03
1339,0.000000000000e+00,3,7.798301105233e+00,1.367502455914e-05,6.653084656648e-03,6.623101686818e-03,4.184366158909e-03,2.867084634970e-02,3.045743524925e-02,4.242322593528e+03
1340,0.000000000000e+00,3,7.810281132475e+00,1.369739870695e-05,6.579084677472e-03,6.548762722310e-03,4.122610538789e-03,2.834312733311e-02,3.010812901961e-02,4.105666845909e+03
1341,0.000000000000e+00,5,7.822279563860e+00,1.372006259963e-05,6.513604254439e-03,6.484322543020e-03,4.076657026694e-03,2.805334198628e-02,2.980071489643e-02,4.172645022746e+03
1342,0.000000000000e+00,5,7.834296427662e+00,1.374280649685e-05,6.453540983808e-03,6.427417893919e-03,4.048640135450e-03,2.778988641592e-02,2.952336644031e-02,4.234505623053e+03
1343,0.000000000000e+00,5,7.846331752197e+00,1.376639565761e-05,6.387063932042e-03,6.363284041550e-03,4.018203221554e-03,2.750143450838e-02,2.921918593345e-02,4.179820534953e+03
1344,0.000000000000e+00,5,7.858385565826e+00,1.379036808630e-05,6.331071592761e-03,6.308706960320e-03,3.981830664211e-03,2.726325487298e-02,2.896588152864e-02,4.059934443840e+03
1345,0.000000000000e+00,5,7.870457896951e+00,1.381465639275e-05,6.294076084253e-03,6.273878154922e-03,3.956261079703e-03,2.711110188076e-02,2.880348568797e-02,3.928806041737e+03
1346,0.000000000000e+00,5,7.882548774020e+00,1.383927789581e-05,6.279717671466e-03,6.261388093995e-03,3.939948771938e-03,2.705711672718e-02,2.874457508488e-02,3.838128325504e+03
1347,0.000000000000e+00,5,7.894658225524e+00,1.386425488615e-05,6.275655957486e-03,6.260583124977e-03,3.945005963888e-03,2.705137992569e-02,2.873880628524e-02,3.742561834247e+03
1348,0.000000000000e+00,5,7.906786279998e+00,1.388960780790e-05,6.274802604439e-03,6.263270408439e-03,3.946556573383e-03,2.706284967734e-02,2.875021470145e-02,3.585613083108e+03
1349,0.000000000000e+00,5,7.918932966020e+00,1.391535445134e-05,6.277963564179e-03,6.269405422134e-03,3.951111319287e-03,2.709302272906e-02,2.878126877181e-02,3.397301907576e+03
1350,0.000000000000e+00,5,7.931098312213e+00,1.394150963529e-05,6.284819203541e-03,6.278354250325e-03,3.952802175525e-03,2.713888078206e-02,2.882811439646e-02,3.406593359405e+03
1351,0.000000000000e+00,5,7.943282347243e+00,1.396808285429e-05,6.297032989310e-03,6.292061653514e-03,3.949382747521e-03,2.720742435360e-02,2.889782393820e-02,3.442435313901e+03
1352,0.000000000000e+00,5,7.955485099820e+00,1.399507297346e-05,6.311088542153e-03,6.307658195352e-03,3.958678729789e-03,2.728230005855e-02,2.897604914868e-02,3.451784880245e+03
1353,0.000000000000e+00,5,7.967706598700e+00,1.402247020977e-05,6.319774656654e-03,6.317001338891e-03,3.970909091646e-03,2.733239324335e-02,2.902881149909e-02,3.433009484022e+03
1354,0.000000000000e+00,5,7.979946872680e+00,1.405025573456e-05,6.327405200576e-03,6.323664462333e-03,3.970305653898e-03,2.737574756351e-02,2.907266190859e-02,3.391583052938e+03
1355,0.000000000000e+00,5,7.992205950604e+00,1.407840402764e-05,6.341735268697e-03,6.336582188238e-03,3.970932356433e-03,2.744513131417e-02,2.914401167783e-02,3.337129416284e+03
1356,0.000000000000e+00,5,8.004483861359e+00,1.410688269321e-05,6.361020154867e-03,6.354108048459e-03,3.977763416324e-03,2.753338250919e-02,2.923605685956e-02,3.279742261837e+03
1357,0.000000000000e+00,5,8.016780633877e+00,1.413565448242e-05,6.380473747497e-03,6.371748538348e-03,3.988819849106e-03,2.761766279447e-02,2.932499968792e-02,3.226996181643e+03
1358,0.000000000000e+00,5,8.029096297134e+00,1.416467916782e-05,6.396792029144e-03,6.387247591689e-03,4.000926585460e-03,2.768768025454e-02,2.939950563329e-02,3.201370764312e+03
1359,0.000000000000e+00,5,8.041430880150e+00,1.419374344743e-05,6.407245630889e-03,6.396295859375e-03,4.008255902463e-03,2.773206804262e-02,2.944654666672e-02,3.181856965681e+03
1360,0.000000000000e+00,5,8.053784411991e+00,1.422279416082e-05,6.413628400907e-03,6.400534388382e-03,4.010907151195e-03,2.775622215451e-02,2.947196488509e-02,3.135529476432e+03
1361,0.000000000000e+00,5,8.066156921766e+00,1.425200498658e-05,6.416927168218e-03,6.401740295336e-03,4.011653310907e-03,2.776539764194e-02,2.948168756352e-02,3.067099538690e+03
1362,0.000000000000e+00,5,8.078548438631e+00,1.428135531387e-05,6.419918165157e-03,6.403186132140e-03,4.013883487649e-03,2.777141001814e-02,2.948861843048e-02,3.053409358827e+03
1363,0.000000000000e+00,5,8.090958991784e+00,1.431082664328e-05,6.421467003714e-03,6.404214410219e-03,4.015854968804e-03,2.777051176492e-02,2.948860145052e-02,3.051823104752e+03
1364,0.000000000000e+00,5,8.103388610470e+00,1.434040100493e-05,6.424632915370e-03,6.407239748038e-03,4.016587563083e-03,2.777634217677e-02,2.949553847040e-02,3.058805467065e+03
1365,0.000000000000e+00,5,8.115837323977e+00,1.437005963551e-05,6.428706041365e-03,6.410395650592e-03,4.022394812132e-03,2.778529248384e-02,2.950633105286e-02,3.051134480513e+03
1366,0.000000000000e+00,5,8.128305161641e+00,1.439978165178e-05,6.431913695757e-03,6.413165405172e-03,4.030194749163e-03,2.778886298677e-02,2.951205821554e-02,3.030050470253e+03
1367,0.000000000000e+00,5,8.140792152840e+00,1.442954316764e-05,6.440359864411e-03,6.424110382179e-03,4.033925642277e-03,2.781493467194e-02,2.954133673816e-02,2.997072487578e+03
1368,0.000000000000e+00,5,8.153298326998e+00,1.445931733729e-05,6.451344849609e-03,6.432491182138e-03,4.044368807663e-03,2.785006552989e-02,2.958005852341e-02,2.953593422377e+03
1369,0.000000000000e+00,5,8.165823713586e+00,1.448907529006e-05,6.461265746495e-03,6.442297957780e-03,4.056922164025e-03,2.788139907634e-02,2.961557343566e-02,2.958342802858e+03
1370,0.000000000000e+00,5,8.178368342117e+00,1.451878748766e-05,6.472284409324e-03,6.454246765689e-03,4.067358642255e-03,2.791763439734e-02,2.965612050583e-02,2.994690993738e+03
1371,0.000000000000e+00,5,8.190932242153e+00,1.454842489408e-05,6.485916276756e-03,6.465121612943e-03,4.075509044151e-03,2.796420244290e-02,2.970641849257e-02,3.024671519446e+03
1372,0.000000000000e+00,5,8.203515443298e+00,1.457795977620e-05,6.501963359874e-03,6.480266576364e-03,4.084865955849e-03,2.802396544904e-02,2.977076001382e-02,3.057428790869e+03
1373,0.000000000000e+00,5,8.216117975204e+00,1.460736626583e-05,6.517833877108e-03,6.496748286925e-03,4.100263645944e-03,2.808558393673e-02,2.983793028658e-02,3.078988531162e+03
1374,0.000000000000e+00,5,8.228739867567e+00,1.463662064700e-05,6.534781782938e-03,6.512609160628e-03,4.115170709261e-03,2.814959823114e-02,2.990738974854e-02,3.091755960492e+03
1375,0.000000000000e+00,5,8.241381150130e+00,1.466570132752e-05,6.552923550516e-03,6.529504424653e-03,4.134885926013e-03,2.821919395475e-02,2.998325239475e-02,3.100471680623e+03
1376,0.000000000000e+00,5,8.254041852680e+00,1.469453245306e-05,6.576943445130e-03,6.556529566999e-03,4.149713098080e-03,2.831160059589e-02,3.008340260244e-02,3.106348550356e+03
1377,0.000000000000e+00,5,8.266722005051e+00,1.472303591159e-05,6.606220179109e-03,6.579608297819e-03,4.176689314401e-03,2.842756213743e-02,3.020768798028e-02,3.134151160584e+03
1378,0.000000000000e+00,5,8.279421637123e+00,1.475135203541e-05,6.638167159558e-03,6.608151639292e-03,4.197391805922e-03,2.855438995233e-02,3.034310819360e-02,3.237891116576e+03
1379,0.000000000000e+00,5,8.292140778821e+00,1.477946992244e-05,6.676586061204e-03,6.651882377432e-03,4.215930363163e-03,2.871379799144e-02,3.051361342935e-02,3.404905077843e+03
1380,0.000000000000e+00,5,8.304879460117e+00,1.480738000650e-05,6.723551773114e-03,6.691105951632e-03,4.248878345289e-03,2.890602062304e-02,3.071787822677e-02,3.556291725338e+03
1381,0.000000000000e+00,5,8.317637711027e+00,1.483507531923e-05,6.765014205344e-03,6.734000776361e-03,4.285643478763e-03,2.907773335808e-02,3.090296912798e-02,3.684580884581e+03
1382,0.000000000000e+00,5,8.330415561615e+00,1.486255234137e-05,6.812742119681e-03,6.782326282051e-03,4.317016243204e-03,2.927998697855e-02,3.111860651915e-02,3.805768499943e+03
1383,0.000000000000e+00,5,8.343213041992e+00,1.488981142451e-05,6.859620178743e-03,6.827229634656e-03,4.351151729382e-03,2.948049929528e-02,3.133205728247e-02,3.924512751508e+03
1384,0.000000000000e+00,5,8.356030182312e+00,1.491685675308e-05,6.909522279565e-03,6.872873803997e-03,4.388130237787e-03,2.968869777153e-02,3.155395941575e-02,4.028468134294e+03
1385,0.000000000000e+00,5,8.368867012780e+00,1.494361341458e-05,6.966341564345e-03,6.928218069762e-03,4.428864195710e-03,2.993108214872e-02,3.181217749653e-02,4.114935377748e+03
1386,0.000000000000e+00,5,8.381723563642e+00,1.497004019211e-05,7.026454518326e-03,6.987935892310e-03,4.473557123504e-03,3.018875350290e-02,3.208700457396e-02,4.190392868966e+03
1387,0.000000000000e+00,5,8.394599865194e+00,1.499627261954e-05,7.088631592619e-03,7.050316442122e-03,4.520293427731e-03,3.046036138384e-02,3.237626179930e-02,4.250299666428e+03
1388,0.000000000000e+00,5,8.407495947778e+00,1.502233790289e-05,7.152827102724e-03,7.115777876128e-03,4.561065591861e-03,3.074288966681e-02,3.267607404115e-02,4.293490538637e+03
1389,0.000000000000e+00,5,8.420411841783e+00,1.504826433709e-05,7.216407139340e-03,7.180888868918e-03,4.604131469653e-03,3.102342220469e-02,3.297411786279e-02,4.318482358000e+03
1390,0.000000000000e+00,3,8.433347577643e+00,1.507407973945e-05,7.277847837473e-03,7.241774388517e-03,4.655829198370e-03,3.129090568849e-02,3.325970369336e-02,4.327928095148e+03
1391,0.000000000000e+00,3,8.446303185840e+00,1.509985732861e-05,7.328449879817e-03,7.286985416446e-03,4.671102964831e-03,3.150726728129e-02,3.348631703462e-02,4.330374154470e+03
1392,0.000000000000e+00,3,8.459278696902e+00,1.512553794662e-05,7.387070585069e-03,7.347448346777e-03,4.708826377100e-03,3.175891817985e-02,3.375434399957e-02,4.355372265789e+03
1393,0.000000000000e+00,3,8.472274141406e+00,1.515113815976e-05,7.432881732321e-03,7.397078959353e-03,4.744178329036e-03,3.195779881259e-02,3.396722892644e-02,4.547088057010e+03
1394,0.000000000000e+00,3,8.485289549973e+00,1.517666457139e-05,7.460405300231e-03,7.423774911596e-03,4.772724214442e-03,3.206948196559e-02,3.408813064911e-02,4.710877439743e+03
1395,0.000000000000e+00,3,8.498324953274e+00,1.520213032496e-05,7.469210277557e-03,7.423224298059e-03,4.785300281271e-03,3.209770858004e-02,3.411825546567e-02,4.863419468085e+03
1396,0.000000000000e+00,3,8.511380382024e+00,1.522755418698e-05,7.467492929394e-03,7.416498945549e-03,4.782695909779e-03,3.208651711384e-02,3.410552254286e-02,5.011288032936e+03
1397,0.000000000000e+00,3,8.524455866987e+00,1.525295362492e-05,7.459701562794e-03,7.410491481465e-03,4.789819891246e-03,3.204780694639e-02,3.406709315551e-02,5.148674734267e+03
1398,0.000000000000e+00,3,8.537551438976e+00,1.527834004045e-05,7.455674470262e-03,7.402141373192e-03,4.795279264026e-03,3.202738367269e-02,3.404595110806e-02,5.279413599418e+03
1399,0.000000000000e+00,3,8.550667128847e+00,1.530371999341e-05,7.458865414750e-03,7.402773856664e-03,4.810966447997e-03,3.204335771025e-02,3.406402656115e-02,5.401216028012e+03
1400,0.000000000000e+00,3,8.563802967507e+00,1.532909620145e-05,7.473686715868e-03,7.414462546663e-03,4.835198799333e-03,3.210892117316e-02,3.413491195706e-02,5.506964439132e+03
1401,0.000000000000e+00,3,8.576958985909e+00,1.535447224239e-05,7.510276534364e-03,7.448153449518e-03,4.844525577425e-03,3.227388720814e-02,3.430674083944e-02,5.593644921253e+03
1402,0.000000000000e+00,3,8.590135215054e+00,1.537984919081e-05,7.556495926046e-03,7.503496409180e-03,4.891770407229e-03,3.248564151244e-02,3.453475656834e-02,5.655629402180e+03
1403,0.000000000000e+00,3,8.603331685990e+00,1.540522604489e-05,7.600780780448e-03,7.543313978152e-03,4.928156809574e-03,3.268856475099e-02,3.474913594990e-02,5.692518390406e+03
1404,0.000000000000e+00,3,8.616548429814e+00,1.543048053748e-05,7.660459579242e-03,7.600101258666e-03,4.955381766110e-03,3.295524797064e-02,3.502925002568e-02,5.705613675865e+03
1405,0.000000000000e+00,3,8.629785477670e+00,1.545569015527e-05,7.730836667330e-03,7.671317265977e-03,5.004673712546e-03,3.326317614418e-02,3.535676159294e-02,5.699670991469e+03
1406,0.000000000000e+00,3,8.643042860748e+00,1.548091351380e-05,7.802755649150e-03,7.747163731596e-03,5.060316559735e-03,3.358864468113e-02,3.570301663452e-02,5.686178594935e+03
1407,0.000000000000e+00,3,8.656320610290e+00,1.550615081702e-05,7.877177734219e-03,7.828726677956e-03,5.118240761513e-03,3.392226971567e-02,3.605905796898e-02,5.942985390913e+03
1408,0.000000000000e+00,3,8.669618757582e+00,1.553139808135e-05,7.960464126706e-03,7.908257849531e-03,5.172967916305e-03,3.429526128542e-02,3.645317647374e-02,6.224715110089e+03
1409,0.000000000000e+00,3,8.682937333961e+00,1.555664735242e-05,8.055395040147e-03,7.999740364811e-03,5.241282518968e-03,3.471730111814e-02,3.690050507145e-02,6.506711856765e+03
1410,0.000000000000e+00,3,8.696276370810e+00,1.558188714805e-05,8.161133818918e-03,8.108475753433e-03,5.330335855827e-03,3.519481197600e-02,3.740907315901e-02,6.802244327758e+03
1411,0.000000000000e+00,3,8.709635899561e+00,1.560710300337e-05,8.285719960976e-03,8.228672587807e-03,5.422742947483e-03,3.575829276936e-02,3.800560288540e-02,7.090722849442e+03
1412,0.000000000000e+00,3,8.723015951695e+00,1.563227570689e-05,8.406629818191e-03,8.355554339647e-03,5.536362611701e-03,3.630689614766e-02,3.859182208795e-02,7.359688071869e+03
1413,0.000000000000e+00,3,8.736416558740e+00,1.565712902927e-05,8.553628894298e-03,8.495648834720e-03,5.606187767670e-03,3.698247433826e-02,3.929978836903e-02,7.594832418078e+03
1414,0.000000000000e+00,3,8.749837752274e+00,1.568186451424e-05,8.700257649956e-03,8.644957479424e-03,5.732741838084e-03,3.765960525011e-02,4.001924499004e-02,7.777500566974e+03
1415,0.000000000000e+00,3,8.763279563923e+00,1.570647358047e-05,8.831857358867e-03,8.776929928837e-03,5.829859551655e-03,3.826669025060e-02,4.066156721660e-02,7.896156702049e+03
1416,0.000000000000e+00,3,8.776742025360e+00,1.573094916085e-05,8.977642304279e-03,8.921501072727e-03,5.911965771943e-03,3.893123627253e-02,4.136162158004e-02,7.944408399536e+03
1417,0.000000000000e+00,3,8.790225168309e+00,1.575528658018e-05,9.126470264422e-03,9.072789225889e-03,6.016711960235e-03,3.960245082301e-02,4.207330386154e-02,7.920058815883e+03
1418,0.000000000000e+00,3,8.803729024541e+00,1.577947854236e-05,9.242605686730e-03,9.190059404390e-03,6.113834646811e-03,4.013063029856e-02,4.263483803164e-02,7.833922168917e+03
1419,0.000000000000e+00,3,8.817253625877e+00,1.580352025541e-05,9.342178432401e-03,9.287969347871e-03,6.187269271814e-03,4.058423623543e-02,4.311502295401e-02,7.846392946154e+03
1420,0.000000000000e+00,3,8.830799004186e+00,1.582740806090e-05,9.452054072995e-03,9.395464123280e-03,6.257235057324e-03,4.108117811182e-02,4.363980130464e-02,8.184475573547e+03
1421,0.000000000000e+00,3,8.844365191386e+00,1.585114005668e-05,9.579928748579e-03,9.522299959358e-03,6.356816856142e-03,4.165433817423e-02,4.424864111608e-02,8.548665589311e+03
1422,0.000000000000e+00,3,8.857952219445e+00,1.587471546368e-05,9.728396725447e-03,9.675782378056e-03,6.484559008938e-03,4.232180445257e-02,4.496050605962e-02,8.924073101080e+03
1423,0.000000000000e+00,3,8.871560120380e+00,1.589813804767e-05,9.881244498350e-03,9.830232796418e-03,6.629245302784e-03,4.301336454538e-02,4.569867495307e-02,9.264446985814e+03
1424,0.000000000000e+00,3,8.885188926255e+00,1.592141406180e-05,1.006123158105e-02,1.000711563694e-02,6.709970224935e-03,4.383828511604e-02,4.656382379738e-02,9.544162982862e+03
1425,0.000000000000e+00,3,8.898838669186e+00,1.594455259172e-05,1.023420943875e-02,1.019610085449e-02,6.861301578103e-03,4.464301260153e-02,4.742125629881e-02,9.750768479132e+03
1426,0.000000000000e+00,3,8.912509381337e+00,1.596756307526e-05,1.037059741574e-02,1.031665814789e-02,6.960968926153e-03,4.526524661863e-02,4.807681734408e-02,9.857558952314e+03
1427,0.000000000000e+00,3,8.926201094922e+00,1.599045658315e-05,1.050720567642e-02,1.045361917789e-02,7.046147229719e-03,4.589439437633e-02,4.874036469904e-02,9.838976495245e+03
1428,0.000000000000e+00,3,8.939913842204e+00,1.601324552464e-05,1.063640543068e-02,1.057975642101e-02,7.151050828563e-03,4.648606627981e-02,4.936756275671e-02,9.692052630771e+03
1429,0.000000000000e+00,3,8.953647655496e+00,1.603594335245e-05,1.071951708804e-02,1.065868288159e-02,7.227147052062e-03,4.687310454227e-02,4.977785804264e-02,9.466423300421e+03
1430,0.000000000000e+00,3,8.967402567159e+00,1.605856374566e-05,1.077963042447e-02,1.071067579117e-02,7.278994965484e-03,4.715032743047e-02,5.007051180585e-02,9.723706410751e+03
1431,0.000000000000e+00,3,8.981178609607e+00,1.608111973297e-05,1.086116148950e-02,1.078374841850e-02,7.347658312663e-03,4.751759075808e-02,5.045952410583e-02,1.005078255967e+04
1432,0.000000000000e+00,3,8.994975815300e+00,1.610362998573e-05,1.098171401790e-02,1.089921910571e-02,7.481857544254e-03,4.805737103883e-02,5.103802624868e-02,1.041787322988e+04
1433,0.000000000000e+00,3,9.008794216751e+00,1.612611171232e-05,1.114057638222e-02,1.105363363806e-02,7.609015812641e-03,4.878121915355e-02,5.180540244488e-02,1.077958167321e+04
1434,0.000000000000e+00,3,9.022633846522e+00,1.614858443823e-05,1.134786116745e-02,1.125569521020e-02,7.691063909096e-03,4.974046995361e-02,5.280844102036e-02,1.106582550640e+04
1435,0.000000000000e+00,3,9.036494737223e+00,1.617106755295e-05,1.155172285110e-02,1.146291194254e-02,7.854281031118e-03,5.068312768661e-02,5.380808316270e-02,1.124886481727e+04
1436,0.000000000000e+00,3,9.050376921517e+00,1.619358190732e-05,1.171209807137e-02,1.161840435127e-02,7.949600065643e-03,5.141413837203e-02,5.457811215721e-02,1.128527548339e+04
1437,0.000000000000e+00,3,9.064280432116e+00,1.621614808025e-05,1.184375519076e-02,1.175067216726e-02,8.081089850558e-03,5.202000720785e-02,5.522443296656e-02,1.114862532967e+04
1438,0.000000000000e+00,3,9.078205301782e+00,1.623878502079e-05,1.194033184945e-02,1.183877205194e-02,8.162493392087e-03,5.247267185308e-02,5.570220496668e-02,1.088113326928e+04
1439,0.000000000000e+00,3,9.092151563327e+00,1.626150855852e-05,1.201919197751e-02,1.190585126605e-02,8.238670578702e-03,5.283932594539e-02,5.608993073118e-02,1.126810044050e+04
1440,0.000000000000e+00,3,9.106119249615e+00,1.628433030580e-05,1.212372159634e-02,1.200135109404e-02,8.356008484589e-03,5.331627336416e-02,5.659916021165e-02,1.167067063056e+04
1441,0.000000000000e+00,3,9.120108393559e+00,1.630725702591e-05,1.228733002707e-02,1.216028584867e-02,8.474716516580e-03,5.406967519205e-02,5.739513591347e-02,1.213652612436e+04
1442,0.000000000000e+00,3,9.134119028123e+00,1.633029047415e-05,1.250461008919e-02,1.237507725673e-02,8.579638643047e-03,5.508356174377e-02,5.845782055652e-02,1.257619138100e+04
1443,0.000000000000e+00,3,9.148151186321e+00,1.635342754143e-05,1.271070103476e-02,1.258572948042e-02,8.759426795365e-03,5.604257101734e-02,5.947654858317e-02,1.289166647154e+04
1444,0.000000000000e+00,3,9.162204901220e+00,1.637666183488e-05,1.287559652380e-02,1.275105404711e-02,8.875133402419e-03,5.679410900616e-02,6.027196011306e-02,1.307790225603e+04
1445,0.000000000000e+00,3,9.176280205935e+00,1.639998189956e-05,1.301960095210e-02,1.289511146378e-02,8.964732081453e-03,5.743864345609e-02,6.095373730940e-02,1.308740572562e+04
1446,0.000000000000e+00,3,9.190377133633e+00,1.642337380141e-05,1.315843961851e-02,1.303706596787e-02,9.072437524152e-03,5.806387377244e-02,6.161844027835e-02,1.286650857002e+04
1447,0.000000000000e+00,3,9.204495717532e+00,1.644682155741e-05,1.325418433672e-02,1.313055664674e-02,9.174744945286e-03,5.850154519152e-02,6.208616315163e-02,1.247606225585e+04
1448,0.000000000000e+00,3,9.218635990901e+00,1.647030822535e-05,1.335108487045e-02,1.321860710156e-02,9.254554487080e-03,5.894679161610e-02,6.255680667609e-02,1.307129516697e+04
1449,0.000000000000e+00,3,9.232797987061e+00,1.649381700558e-05,1.352341626660e-02,1.338621171720e-02,9.349298169369e-03,5.976264800238e-02,6.341180429678e-02,1.363185278623e+04
1450,0.000000000000e+00,3,9.246981739382e+00,1.651733204204e-05,1.376562477981e-02,1.363089403745e-02,9.481797904595e-03,6.093031611037e-02,6.463514222659e-02,1.414234874154e+04
1451,0.000000000000e+00,3,9.261187281288e+00,1.654084047838e-05,1.396723575855e-02,1.384081450587e-02,9.685328182979e-03,6.190998715320e-02,6.567574828079e-02,1.464237156051e+04
1452,0.000000000000e+00,3,9.275414646252e+00,1.656433368955e-05,1.411364543776e-02,1.398998593776e-02,9.826862669017e-03,6.261661237115e-02,6.642531195889e-02,1.501826615427e+04
1453,0.000000000000e+00,3,9.289663867799e+00,1.658780686771e-05,1.424881549664e-02,1.413173916454e-02,1.000282982655e-02,6.326259742233e-02,6.711890666594e-02,1.529653255948e+04
1454,0.000000000000e+00,3,9.303934979507e+00,1.661125782481e-05,1.442054747213e-02,1.431052456131e-02,1.014574174049e-02,6.405477558619e-02,6.796097154601e-02,1.544500674600e+04
1455,0.000000000000e+00,3,9.318228015004e+00,1.663468593159e-05,1.464146761899e-02,1.454611229473e-02,1.026882277146e-02,6.502810460301e-02,6.899322478548e-02,1.532656233279e+04
1456,0.000000000000e+00,3,9.332543007970e+00,1.665809196185e-05,1.481496605688e-02,1.473952412381e-02,1.038549218857e-02,6.576825603401e-02,6.978580615294e-02,1.497784441097e+04
1457,0.000000000000e+00,3,9.346879992137e+00,1.668147851367e-05,1.488274308739e-02,1.481485755460e-02,1.044391307031e-02,6.602966602416e-02,7.007116497998e-02,1.411346653460e+04
1458,0.000000000000e+00,3,9.361239001288e+00,1.670484921535e-05,1.504654355879e-02,1.497136936116e-02,1.041107685650e-02,6.677978006347e-02,7.084115978901e-02,1.490146253135e+04
1459,0.000000000000e+00,3,9.375620069259e+00,1.672821353169e-05,1.536850254896e-02,1.530878875215e-02,1.064126899612e-02,6.832293340022e-02,7.246937089498e-02,1.572382273189e+04
1460,0.000000000000e+00,3,9.390023229938e+00,1.675158007252e-05,1.565076724247e-02,1.560522124944e-02,1.090324734021e-02,6.969693406517e-02,7.392572533408e-02,1.652133949774e+04
1461,0.000000000000e+00,3,9.404448517264e+00,1.677495850466e-05,1.586994675811e-02,1.583348359568e-02,1.112494216029e-02,7.079121470723e-02,7.508471769058e-02,1.718381380495e+04
1462,0.000000000000e+00,3,9.418895965228e+00,1.679835874512e-05,1.604953311091e-02,1.601937565951e-02,1.132691518906e-02,7.172072865485e-02,7.606819201270e-02,1.768750081906e+04
1463,0.000000000000e+00,3,9.433365607876e+00,1.682179146662e-05,1.627044250625e-02,1.625019527992e-02,1.156191403273e-02,7.284252536228e-02,7.725611628369e-02,1.805642439997e+04
1464,0.000000000000e+00,3,9.447857479303e+00,1.684526769430e-05,1.645914730057e-02,1.645326677455e-02,1.181780110858e-02,7.378393297835e-02,7.826456865154e-02,1.825085628415e+04
1465,0.000000000000e+00,3,9.462371613658e+00,1.686877304995e-05,1.655037365413e-02,1.655357916395e-02,1.193273434726e-02,7.423544792574e-02,7.874787444094e-02,1.811204375786e+04
1466,0.000000000000e+00,3,9.476908045142e+00,1.689211105907e-05,1.663973768255e-02,1.664349597483e-02,1.180972738325e-02,7.458283642552e-02,7.909460145011e-02,1.747785312461e+04
1467,0.000000000000e+00,3,9.491466808008e+00,1.691553883688e-05,1.669986795039e-02,1.672500352924e-02,1.190363243051e-02,7.473161613673e-02,7.927876290698e-02,1.624314383102e+04
1468,0.000000000000e+00,3,9.506047936563e+00,1.693906694819e-05,1.666557571674e-02,1.669489013075e-02,1.190631242200e-02,7.445603476617e-02,7.900583623404e-02,1.615302407037e+04
1469,0.000000000000e+00,3,9.520651465166e+00,1.696270694708e-05,1.684195630998e-02,1.684681477973e-02,1.169272703913e-02,7.526646518563e-02,7.980743892471e-02,1.715838714436e+04
1470,0.000000000000e+00,3,9.535277428228e+00,1.698646956108e-05,1.721044152354e-02,1.724768734451e-02,1.216463662387e-02,7.706789726083e-02,8.173812567319e-02,1.805711940529e+04
1471,0.000000000000e+00,3,9.549925860214e+00,1.701036262152e-05,1.748995845596e-02,1.753532326602e-02,1.244841157757e-02,7.845200632057e-02,8.320496653062e-02,1.882956183204e+04
1472,0.000000000000e+00,3,9.564596795643e+00,1.703438758870e-05,1.778148662213e-02,1.783134769300e-02,1.271405849400e-02,7.992271070972e-02,8.475508950865e-02,1.945939272501e+04
1473,0.000000000000e+00,3,9.579290269083e+00,1.705854085055e-05,1.809541482118e-02,1.815570636776e-02,1.302917108998e-02,8.151973358766e-02,8.644246626952e-02,1.989231683802e+04
1474,0.000000000000e+00,3,9.594006315159e+00,1.708281935621e-05,1.834673125712e-02,1.841247293259e-02,1.331558061546e-02,8.278848181147e-02,8.778871860945e-02,2.009755085865e+04
1475,0.000000000000e+00,3,9.608744968549e+00,1.710722511154e-05,1.845214648515e-02,1.852046279420e-02,1.351950783325e-02,8.332652852386e-02,8.837180941857e-02,1.985347875706e+04
1476,0.000000000000e+00,3,9.623506263981e+00,1.713176545184e-05,1.851220205360e-02,1.856919037569e-02,1.342366922511e-02,8.356135176887e-02,8.860141568276e-02,1.902327779406e+04
1477,0.000000000000e+00,3,9.638290236240e+00,1.715644976598e-05,1.861735926429e-02,1.868288126138e-02,1.336949036167e-02,8.391389865117e-02,8.897157848196e-02,1.766680036407e+04
1478,0.000000000000e+00,3,9.653096920162e+00,1.718128446097e-05,1.855740721004e-02,1.862876706647e-02,1.339257215209e-02,8.349250240246e-02,8.855375356838e-02,1.765964255937e+04
1479,0.000000000000e+00,3,9.667926350638e+00,1.720626796676e-05,1.857689180159e-02,1.861248917088e-02,1.309274365873e-02,8.353001936389e-02,8.854495882651e-02,1.859667137846e+04
1480,0.000000000000e+00,3,9.682778562612e+00,1.723138862151e-05,1.883448876676e-02,1.889317825304e-02,1.347482478398e-02,8.480567145329e-02,8.991809031117e-02,1.938351452541e+04
1481,0.000000000000e+00,3,9.697653591082e+00,1.725662613058e-05,1.906791707181e-02,1.913565519722e-02,1.373989913230e-02,8.598463193329e-02,9.116962497539e-02,2.007581960053e+04
1482,0.000000000000e+00,3,9.712551471100e+00,1.728195581296e-05,1.932346649448e-02,1.939893616851e-02,1.402025739595e-02,8.729168867772e-02,9.255334468019e-02,2.063752776116e+04
1483,0.000000000000e+00,3,9.727472237770e+00,1.730735355135e-05,1.963587689065e-02,1.972339507216e-02,1.439741350031e-02,8.888100490404e-02,9.424276376830e-02,2.099311190083e+04
1484,0.000000000000e+00,3,9.742415926251e+00,1.733276429903e-05,1.983936942292e-02,1.993252308160e-02,1.467088157072e-02,8.991160989161e-02,9.534274180482e-02,2.105383430606e+04
1485,0.000000000000e+00,3,9.757382571758e+00,1.735805876652e-05,1.994324808896e-02,2.003140539315e-02,1.469222962219e-02,9.041346711960e-02,9.586160333637e-02,2.057057668917e+04
1486,0.000000000000e+00,3,9.772372209558e+00,1.738339387627e-05,2.004077593833e-02,2.012882518707e-02,1.456795316038e-02,9.076621158949e-02,9.621607313341e-02,1.941784318688e+04
1487,0.000000000000e+00,3,9.787384874972e+00,1.740877776148e-05,1.997480469889e-02,2.006806910139e-02,1.455082822669e-02,9.031441312640e-02,9.576084816179e-02,1.816433514288e+04
1488,0.000000000000e+00,3,9.802420603376e+00,1.743422293850e-05,1.984355953534e-02,1.990131522775e-02,1.425396535536e-02,8.960435432494e-02,9.498391992947e-02,1.915544321148e+04
1489,0.000000000000e+00,3,9.817479430200e+00,1.745974078364e-05,1.995006954793e-02,2.000938945149e-02,1.437883766751e-02,9.014020838101e-02,9.555306944745e-02,1.994094170321e+04
1490,0.000000000000e+00,3,9.832561390929e+00,1.748534026577e-05,2.010736028748e-02,2.017906371228e-02,1.464444554101e-02,9.096428333459e-02,9.643889867587e-02,2.066482052903e+04
1491,0.000000000000e+00,3,9.847666521102e+00,1.751102655626e-05,2.026409637251e-02,2.034220028539e-02,1.490033404295e-02,9.181289647136e-02,9.734509041188e-02,2.127163422507e+04
1492,0.000000000000e+00,3,9.862794856312e+00,1.753680021230e-05,2.056430094442e-02,2.064841828321e-02,1.513114320820e-02,9.338032685003e-02,9.898527460353e-02,2.169504759144e+04
1493,0.000000000000e+00,3,9.877946432209e+00,1.756265695572e-05,2.079012475526e-02,2.089011762551e-02,1.549995578880e-02,9.453685253341e-02,1.002301921485e-01,2.172701731804e+04
1494,0.000000000000e+00,3,9.893121284495e+00,1.758858796702e-05,2.087280783520e-02,2.097393231741e-02,1.554442754965e-02,9.493790216630e-02,1.006499599571e-01,2.124907494319e+04
1495,0.000000000000e+00,3,9.908319448928e+00,1.761458047154e-05,2.086499205962e-02,2.096102497999e-02,1.537664587894e-02,9.476717337642e-02,1.004588017553e-01,1.988499877219e+04
1496,0.000000000000e+00,3,9.923540961321e+00,1.764061892472e-05,2.072449069911e-02,2.082171084843e-02,1.534711195795e-02,9.391140154376e-02,9.958882137447e-02,1.863944708700e+04
1497,0.000000000000e+00,3,9.938785857543e+00,1.766668742041e-05,2.056210767222e-02,2.061721049819e-02,1.497813136510e-02,9.302404655905e-02,9.861889929452e-02,1.984143793408e+04
1498,0.000000000000e+00,3,9.954054173515e+00,1.769276991854e-05,2.064044640272e-02,2.069177264465e-02,1.510802739344e-02,9.342508538940e-02,9.904885943119e-02,2.072767327373e+04
1499,0.000000000000e+00,3,9.969345945218e+00,1.771871618104e-05,2.081090082479e-02,2.086334602310e-02,1.534038225508e-02,9.431342566954e-02,9.999361174432e-02,2.148004797514e+04
1500,0.000000000000e+00,3,9.984661208683e+00,1.774463473849e-05,2.105009407546e-02,2.110693041310e-02,1.561795460209e-02,9.555877678994e-02,1.013114470314e-01,2.205466281736e+04
1501,0.000000000000e+00,3,1.000000000000e+01,1.777054563354e-05,2.140525855503e-02,2.146903837735e-02,1.593348050227e-02,9.736810894144e-02,1.032159345373e-01,2.241117013673e+04
1502,0.000000000000e+00,3,1.001536235531e+01,1.779644955178e-05,2.163504047538e-02,2.171670576688e-02,1.631905009018e-02,9.850025777130e-02,1.044428191050e-01,2.228863873189e+04
1503,0.000000000000e+00,3,1.003074831082e+01,1.782235036017e-05,2.169035172120e-02,2.176792311264e-02,1.633114365437e-02,9.867610812967e-02,1.046326641308e-01,2.140879765319e+04
1504,0.000000000000e+00,3,1.004615790278e+01,1.784825407199e-05,2.172454262487e-02,2.180057240707e-02,1.613639401823e-02,9.858880567162e-02,1.045339969828e-01,1.994852908484e+04
1505,0.000000000000e+00,3,1.006159116751e+01,1.787416661209e-05,2.153880865936e-02,2.160817651998e-02,1.603918251099e-02,9.746250482558e-02,1.033780866213e-01,1.938606293177e+04
1506,0.000000000000e+00,3,1.007704814136e+01,1.790009868589e-05,2.138294018499e-02,2.139693723002e-02,1.555608038021e-02,9.660655980232e-02,1.024201058749e-01,2.060205845171e+04
1507,0.000000000000e+00,3,1.009252886077e+01,1.792606334967e-05,2.148113752754e-02,2.149899233047e-02,1.583049260572e-02,9.713420028729e-02,1.030014723307e-01,2.147087504486e+04
1508,0.000000000000e+00,3,1.010803336220e+01,1.795207215467e-05,2.153532945270e-02,2.154112986011e-02,1.605451532180e-02,9.746281523439e-02,1.033660413575e-01,2.215847270599e+04
1509,0.000000000000e+00,3,1.012356168221e+01,1.797813668568e-05,2.171635733120e-02,2.170516851789e-02,1.622970635214e-02,9.841808495530e-02,1.043658820241e-01,2.271603830140e+04
1510,0.000000000000e+00,3,1.013911385737e+01,1.800427021588e-05,2.207975437531e-02,2.207043234917e-02,1.661340564069e-02,1.002270759144e-01,1.062830726442e-01,2.316046051570e+04
1511,0.000000000000e+00,3,1.015468992433e+01,1.803048785759e-05,2.233317455059e-02,2.233018839936e-02,1.693348718240e-02,1.014057922318e-01,1.075513165227e-01,2.325066245380e+04
1512,0.000000000000e+00,3,1.017028991980e+01,1.805680624716e-05,2.238905520276e-02,2.237921471708e-02,1.696568832341e-02,1.015579307298e-01,1.077216176941e-01,2.277748965271e+04
1513,0.000000000000e+00,3,1.018591388054e+01,1.808324275086e-05,2.231633767760e-02,2.228345400789e-02,1.666593860165e-02,1.009095776138e-01,1.070283495786e-01,2.131292608481e+04
1514,0.000000000000e+00,3,1.020156184336e+01,1.810981443903e-05,2.212053129851e-02,2.207812477278e-02,1.660360171768e-02,9.958361648801e-02,1.056850876957e-01,1.905859571750e+04
1515,0.000000000000e+00,3,1.021723384514e+01,1.813653793220e-05,2.201368543530e-02,2.190961648262e-02,1.605677730266e-02,9.884094401659e-02,1.048426723825e-01,2.099680593723e+04
1516,0.000000000000e+00,3,1.023292992281e+01,1.816342504294e-05,2.211816892553e-02,2.201821365594e-02,1.646860102312e-02,9.935282512439e-02,1.054334567823e-01,2.248393733266e+04
1517,0.000000000000e+00,3,1.024865011334e+01,1.819048472576e-05,2.215168296195e-02,2.201138476661e-02,1.655874068607e-02,9.960322989793e-02,1.056891357548e-01,2.359602010302e+04
1518,0.000000000000e+00,3,1.026439445380e+01,1.821772229380e-05,2.241724297286e-02,2.224687885749e-02,1.670727096938e-02,1.010606411252e-01,1.071906828474e-01,2.449478842544e+04
1519,0.000000000000e+00,3,1.028016298126e+01,1.824514074902e-05,2.283995780046e-02,2.266216257724e-02,1.712749819272e-02,1.032873897279e-01,1.095302394599e-01,2.512057065496e+04
1520,0.000000000000e+00,3,1.029595573290e+01,1.827274120519e-05,2.307535014840e-02,2.289469099247e-02,1.740068228349e-02,1.044901077988e-01,1.108043547513e-01,2.541153425225e+04
1521,0.000000000000e+00,3,1.031177274593e+01,1.830052276470e-05,2.297786784970e-02,2.279040117892e-02,1.746771701896e-02,1.040530586426e-01,1.103609756551e-01,2.516758349016e+04
1522,0.000000000000e+00,3,1.032761405761e+01,1.832845270846e-05,2.252550459428e-02,2.231874850181e-02,1.724073982867e-02,1.018992415182e-01,1.081028372604e-01,2.422209141804e+04
1523,0.000000000000e+00,3,1.034347970528e+01,1.835643027697e-05,2.188231482406e-02,2.163919922271e-02,1.670578469392e-02,9.874226775089e-02,1.047674058469e-01,2.265968634167e+04
1524,0.000000000000e+00,3,1.035936972632e+01,1.838456371500e-05,2.131356555807e-02,2.102123046005e-02,1.607558798241e-02,9.567654825347e-02,1.015312100860e-01,2.017684927289e+04
1525,0.000000000000e+00,3,1.037528415818e+01,1.841284707609e-05,2.110767909074e-02,2.078043486697e-02,1.565755575170e-02,9.423361288071e-02,1.000124664156e-01,1.845868707233e+04
1526,0.000000000000e+00,3,1.039122303835e+01,1.844127373356e-05,2.134517471993e-02,2.100673779752e-02,1.582114160127e-02,9.515149309669e-02,1.010000726575e-01,2.075450287866e+04
1527,0.000000000000e+00,3,1.040718640440e+01,1.846983652187e-05,2.182690663097e-02,2.148250195937e-02,1.637619299793e-02,9.741163166047e-02,1.034172008100e-01,2.272090622385e+04
1528,0.000000000000e+00,3,1.042317429393e+01,1.849852794542e-05,2.240754285205e-02,2.203464596677e-02,1.692839745050e-02,1.002614823835e-01,1.064263082585e-01,2.429717130310e+04
1529,0.000000000000e+00,3,1.043918674463e+01,1.852734032895e-05,2.309440194783e-02,2.269604371081e-02,1.752183194718e-02,1.037235541135e-01,1.100638545308e-01,2.563431382631e+04
1530,0.000000000000e+00,3,1.045522379423e+01,1.855626582959e-05,2.348308636592e-02,2.305602964594e-02,1.788770703749e-02,1.057341215391e-01,1.121726810279e-01,2.655287656055e+04
1531,0.000000000000e+00,3,1.047128548051e+01,1.858529635290e-05,2.348648761324e-02,2.302281892187e-02,1.794262678292e-02,1.058928551227e-01,1.123249745757e-01,2.685228260842e+04
1532,0.000000000000e+00,3,1.048737184132e+01,1.861442352464e-05,2.311622608059e-02,2.261615243514e-02,1.770309323298e-02,1.042595161721e-01,1.105861495922e-01,2.656290985302e+04
1533,0.000000000000e+00,3,1.050348291458e+01,1.864363875883e-05,2.248049073380e-02,2.194208856491e-02,1.723664616232e-02,1.013371815990e-01,1.074855993125e-01,2.572701133790e+04
1534,0.000000000000e+00,3,1.051961873823e+01,1.867293356483e-05,2.169043689527e-02,2.112874768619e-02,1.669978933220e-02,9.767554172816e-02,1.036160868163e-01,2.436479219723e+04
1535,0.000000000000e+00,3,1.053577935031e+01,1.870230011389e-05,2.087562706068e-02,2.029927015121e-02,1.610033684907e-02,9.385957039523e-02,9.958258871549e-02,2.255775843601e+04
1536,0.000000000000e+00,3,1.055196478890e+01,1.873173177691e-05,2.023303483126e-02,1.965048982568e-02,1.552850587996e-02,9.053700679102e-02,9.609163096968e-02,1.979088551427e+04
1537,0.000000000000e+00,3,1.056817509214e+01,1.876122357833e-05,2.029309537735e-02,1.972076537153e-02,1.503896149675e-02,9.028205790009e-02,9.580051486505e-02,1.741733723530e+04
1538,0.000000000000e+00,3,1.058441029821e+01,1.879077241859e-05,2.091460951169e-02,2.039107277003e-02,1.549738655628e-02,9.282955228754e-02,9.854294245515e-02,1.903294483167e+04
1539,0.000000000000e+00,3,1.060067044539e+01,1.882037632748e-05,2.154782105326e-02,2.104952580005e-02,1.638935229241e-02,9.555963417640e-02,1.015265762303e-01,2.119497542739e+04
1540,0.000000000000e+00,3,1.061695557199e+01,1.885003385580e-05,2.216039075934e-02,2.163723282095e-02,1.697017703979e-02,9.835317697785e-02,1.045016128735e-01,2.300172070635e+04
1541,0.000000000000e+00,3,1.063326571637e+01,1.887974373732e-05,2.279984408121e-02,2.224072731356e-02,1.745183088453e-02,1.014584394477e-01,1.077630000416e-01,2.445482801919e+04
1542,0.000000000000e+00,3,1.064960091698e+01,1.890950470873e-05,2.304166991074e-02,2.243938370281e-02,1.768728476138e-02,1.027593133884e-01,1.091181058465e-01,2.535320409604e+04
1543,0.000000000000e+00,3,1.066596121230e+01,1.893931542855e-05,2.285086821316e-02,2.220419765158e-02,1.759342201980e-02,1.020936600961e-01,1.083874185578e-01,2.558270249564e+04
1544,0.000000000000e+00,3,1.068234664089e+01,1.896917434198e-05,2.226781294086e-02,2.158068594015e-02,1.717582526123e-02,9.961105996143e-02,1.057305714487e-01,2.514285880515e+04
1545,0.000000000000e+00,3,1.069875724136e+01,1.899907943773e-05,2.146728969029e-02,2.075413755822e-02,1.657699443634e-02,9.610835206777e-02,1.019960334236e-01,2.425299529173e+04
1546,0.000000000000e+00,3,1.071519305238e+01,1.902902771550e-05,2.067877632300e-02,1.994762309810e-02,1.588977311937e-02,9.262604502838e-02,9.827303070967e-02,2.322973622048e+04
1547,0.000000000000e+00,3,1.073165411267e+01,1.905901444438e-05,2.000071170298e-02,1.926740027156e-02,1.526091390909e-02,8.959056240659e-02,9.502960353237e-02,2.195263071416e+04
1548,0.000000000000e+00,3,1.074814046103e+01,1.908903286434e-05,1.929643759403e-02,1.858949848039e-02,1.493472178422e-02,8.633572998065e-02,9.162328385097e-02,2.008989708927e+04
1549,0.000000000000e+00,3,1.076465213630e+01,1.911898956509e-05,1.865458508714e-02,1.797741442985e-02,1.456498307272e-02,8.329707473240e-02,8.844050183733e-02,1.795838720376e+04
1550,0.000000000000e+00,3,1.078118917739e+01,1.914894022292e-05,1.839997136529e-02,1.776742954190e-02,1.428636646198e-02,8.176359958563e-02,8.685405564886e-02,1.542502535705e+04
1551,0.000000000000e+00,3,1.079775162328e+01,1.917894045838e-05,1.877146134550e-02,1.817454411422e-02,1.403962787681e-02,8.300138791446e-02,8.814206351936e-02,1.510255294955e+04
1552,0.000000000000e+00,3,1.081433951298e+01,1.920898501005e-05,1.942282925373e-02,1.887922012881e-02,1.478385764033e-02,8.570721054376e-02,9.109313714443e-02,1.743159245130e+04
1553,0.000000000000e+00,3,1.083095288559e+01,1.923906716887e-05,2.003476646246e-02,1.950176556665e-02,1.529848127797e-02,8.832119780596e-02,9.389562417234e-02,1.939571319221e+04
1554,0.000000000000e+00,3,1.084759178025e+01,1.926917964974e-05,2.073221453333e-02,2.018595112301e-02,1.592294346881e-02,9.153308793066e-02,9.730952500670e-02,2.096472788348e+04
1555,0.000000000000e+00,3,1.086425623617e+01,1.929930606263e-05,2.104266926635e-02,2.046338629848e-02,1.628360217787e-02,9.302966301035e-02,9.890004048715e-02,2.196487695623e+04
1556,0.000000000000e+00,3,1.088094629262e+01,1.932929658742e-05,2.095073417153e-02,2.033314879390e-02,1.618715088380e-02,9.275229771097e-02,9.857678624605e-02,2.232405494257e+04
1557,0.000000000000e+00,3,1.089766198893e+01,1.935928022233e-05,2.046761919606e-02,1.982211191266e-02,1.582683091274e-02,9.070341212984e-02,9.638172599081e-02,2.204713485813e+04
1558,0.000000000000e+00,3,1.091440336449e+01,1.938926729958e-05,1.966124814811e-02,1.899169937677e-02,1.522336585792e-02,8.716310679350e-02,9.260889470185e-02,2.124820822902e+04
1559,0.000000000000e+00,3,1.093117045874e+01,1.941926823847e-05,1.869800548875e-02,1.801091681913e-02,1.447575509857e-02,8.290609113640e-02,8.807369622715e-02,2.013484724032e+04
1560,0.000000000000e+00,3,1.094796331120e+01,1.944929943736e-05,1.778601838085e-02,1.709819905994e-02,1.375624116247e-02,7.888647608599e-02,8.379141448337e-02,1.902667755262e+04
1561,0.000000000000e+00,3,1.096478196143e+01,1.947937627619e-05,1.702129873765e-02,1.633079217252e-02,1.315827236065e-02,7.552935203930e-02,8.021373033772e-02,1.794887832242e+04
1562,0.000000000000e+00,3,1.098162644907e+01,1.950951410254e-05,1.641640170254e-02,1.574098385533e-02,1.258208392296e-02,7.287552961158e-02,7.737201347778e-02,1.693789012383e+04
1563,0.000000000000e+00,3,1.099849681382e+01,1.953972697290e-05,1.588512824659e-02,1.524280617468e-02,1.228413755789e-02,7.053779917912e-02,7.490768710930e-02,1.573644376086e+04
1564,0.000000000000e+00,3,1.101539309541e+01,1.957002626214e-05,1.538691954586e-02,1.478817475608e-02,1.214694105379e-02,6.826824260379e-02,7.255031723502e-02,1.405032184038e+04
1565,0.000000000000e+00,3,1.103231533368e+01,1.960041969214e-05,1.518600960586e-02,1.462043175989e-02,1.184597014599e-02,6.713608502294e-02,7.135792060803e-02,1.203310213559e+04
1566,0.000000000000e+00,3,1.104926356849e+01,1.963091085206e-05,1.556348765229e-02,1.503641400764e-02,1.172014994404e-02,6.855282333247e-02,7.283658006576e-02,1.276932277972e+04
1567,0.000000000000e+00,3,1.106623783978e+01,1.966149936690e-05,1.615525293170e-02,1.569635069501e-02,1.235719281837e-02,7.098241251814e-02,7.548887814555e-02,1.420150040236e+04
1568,0.000000000000e+00,3,1.108323818754e+01,1.969218276162e-05,1.667444328734e-02,1.625559965920e-02,1.289389560076e-02,7.312904482904e-02,7.782282005038e-02,1.553072004552e+04
1569,0.000000000000e+00,3,1.110026465185e+01,1.972295952423e-05,1.717451694290e-02,1.674190030891e-02,1.329238280645e-02,7.531203983567e-02,8.014889920054e-02,1.656134428924e+04
1570,0.000000000000e+00,3,1.111731727282e+01,1.975367999185e-05,1.736543434094e-02,1.692768730677e-02,1.346533928139e-02,7.611494152921e-02,8.101175589606e-02,1.667052933815e+04
1571,0.000000000000e+00,3,1.113439609062e+01,1.978425591765e-05,1.718448916818e-02,1.674204555673e-02,1.333240078331e-02,7.526012962933e-02,8.010894319528e-02,1.672334714334e+04
1572,0.000000000000e+00,3,1.115150114552e+01,1.981491050595e-05,1.664895666935e-02,1.620308246206e-02,1.293145125783e-02,7.282280162460e-02,7.752490249939e-02,1.641379554102e+04
1573,0.000000000000e+00,3,1.116863247781e+01,1.984566594039e-05,1.583950964239e-02,1.539304603661e-02,1.231895242549e-02,6.917927552533e-02,7.365707490165e-02,1.575776148350e+04
1574,0.000000000000e+00,3,1.118579012785e+01,1.987654537147e-05,1.489108497002e-02,1.443911765774e-02,1.158334232563e-02,6.495359256783e-02,6.916195151396e-02,1.493745343159e+04
1575,0.000000000000e+00,3,1.120297413610e+01,1.990757631119e-05,1.394443108693e-02,1.348243016386e-02,1.083004422452e-02,6.077558971415e-02,6.470846346861e-02,1.412710569989e+04
1576,0.000000000000e+00,3,1.122018454302e+01,1.993877898014e-05,1.310987239356e-02,1.264650112396e-02,1.016862242506e-02,5.714741269929e-02,6.083609459112e-02,1.334643129808e+04
1577,0.000000000000e+00,3,1.123742138918e+01,1.997017922671e-05,1.246335947818e-02,1.200287018855e-02,9.651104039911e-03,5.439555508136e-02,5.789148852849e-02,1.269324620145e+04
1578,0.000000000000e+00,3,1.125468471520e+01,2.000179018697e-05,1.203375292996e-02,1.157417343931e-02,9.255827400449e-03,5.265346026406e-02,5.600740950115e-02,1.215206322613e+04
1579,0.000000000000e+00,3,1.127197456176e+01,2.003360901314e-05,1.175785585297e-02,1.130220612131e-02,9.034987818153e-03,5.159233306072e-02,5.485787885974e-02,1.166193299797e+04
1580,0.000000000000e+00,3,1.128929096959e+01,2.006561942157e-05,1.162643237412e-02,1.118614021153e-02,8.948889687513e-03,5.116729425593e-02,5.439189545047e-02,1.100588621484e+04
1581,0.000000000000e+00,3,1.130663397950e+01,2.009779844988e-05,1.157804001081e-02,1.115361135303e-02,8.980670450201e-03,5.104851346357e-02,5.426838145073e-02,1.016580413141e+04
1582,0.000000000000e+00,3,1.132400363236e+01,2.013011650416e-05,1.154716042636e-02,1.113821554240e-02,9.105401381810e-03,5.092407490391e-02,5.416240853696e-02,1.000016334694e+04
1583,0.000000000000e+00,3,1.134139996909e+01,2.016253961501e-05,1.154281953305e-02,1.115288279212e-02,9.160465932147e-03,5.081435808620e-02,5.407066303601e-02,1.069061547971e+04
1584,0.000000000000e+00,3,1.135882303070e+01,2.019502937501e-05,1.168414609841e-02,1.131957884376e-02,9.151770044022e-03,5.121922974027e-02,5.451436989799e-02,1.130185866799e+04
1585,0.000000000000e+00,3,1.137627285823e+01,2.022719025926e-05,1.201193966938e-02,1.167745638627e-02,9.219716406606e-03,5.244956682067e-02,5.582660577689e-02,1.189437904193e+04
1586,0.000000000000e+00,3,1.139374949281e+01,2.025902470716e-05,1.231207641442e-02,1.201219178640e-02,9.522641246561e-03,5.363629743318e-02,5.712629058323e-02,1.242800599255e+04
1587,0.000000000000e+00,3,1.141125297562e+01,2.029084806979e-05,1.250657928632e-02,1.221647834509e-02,9.745994699855e-03,5.435946567426e-02,5.792747870987e-02,1.293251511189e+04
1588,0.000000000000e+00,3,1.142878334790e+01,2.032266451244e-05,1.243041110095e-02,1.214425927368e-02,9.682231249914e-03,5.383877634274e-02,5.739649460991e-02,1.255106633327e+04
1589,0.000000000000e+00,3,1.144634065096e+01,2.035448310490e-05,1.206827778212e-02,1.178754046047e-02,9.392984245719e-03,5.203191546921e-02,5.549898935269e-02,1.191350394566e+04
1590,0.000000000000e+00,3,1.146392492617e+01,2.038631705542e-05,1.147328352904e-02,1.120152902210e-02,8.944270845102e-03,4.922353480146e-02,5.253633834473e-02,1.082247236556e+04
1591,0.000000000000e+00,3,1.148153621497e+01,2.041818368497e-05,1.075366138677e-02,1.048868792340e-02,8.375182702088e-03,4.593963262208e-02,4.905351504552e-02,9.559898069862e+03
1592,0.000000000000e+00,3,1.149917455886e+01,2.045009532737e-05,1.003369522174e-02,9.771158033816e-03,7.777862716234e-03,4.274643142679e-02,4.564978770249e-02,8.698860960217e+03
1593,0.000000000000e+00,3,1.151683999940e+01,2.048207122518e-05,9.387418900348e-03,9.125937106768e-03,7.239548095721e-03,3.995802553018e-02,4.266686328508e-02,8.191088138294e+03
1594,0.000000000000e+00,3,1.153453257821e+01,2.051413237150e-05,8.838189633217e-03,8.580651948357e-03,6.805195776764e-03,3.764325865620e-02,4.018789364559e-02,7.700167011155e+03
1595,0.000000000000e+00,3,1.155225233699e+01,2.054629010256e-05,8.398568620454e-03,8.149829724999e-03,6.465847265023e-03,3.583075981950e-02,3.824403495339e-02,7.257047905621e+03
1596,0.000000000000e+00,3,1.156999931750e+01,2.057854817414e-05,8.072381063873e-03,7.827737810817e-03,6.188980171804e-03,3.451163610974e-02,3.682109881322e-02,6.878452303170e+03
1597,0.000000000000e+00,3,1.158777356155e+01,2.061090105057e-05,7.836657119880e-03,7.596081676750e-03,6.018634925797e-03,3.357752520904e-02,3.581602737865e-02,6.529690673617e+03
1598,0.000000000000e+00,3,1.160557511103e+01,2.064333418022e-05,7.654154083720e-03,7.416401562568e-03,5.912423633758e-03,3.284687653682e-02,3.503517001992e-02,6.215718281721e+03
1599,0.000000000000e+00,3,1.162340400787e+01,2.067582659512e-05,7.538282183715e-03,7.301876870197e-03,5.821656333424e-03,3.240387911638e-02,3.455497313503e-02,5.969682656930e+03
1600,0.000000000000e+00,3,1.164126029410e+01,2.070802476091e-05,7.505214041317e-03,7.275945381565e-03,5.795445521715e-03,3.231993451444e-02,3.445914936290e-02,5.911712928733e+03
1601,0.000000000000e+00,3,1.165914401180e+01,2.073982937652e-05,7.540768022720e-03,7.323525254020e-03,5.828698113333e-03,3.253016502413e-02,3.467971399409e-02,5.977702612698e+03
1602,0.000000000000e+00,3,1.167705520309e+01,2.077161235704e-05,7.616797395447e-03,7.412917909681e-03,5.942379581838e-03,3.291754017534e-02,3.509762500211e-02,6.055583328780e+03
1603,0.000000000000e+00,3,1.169499391020e+01,2.080338230243e-05,7.623416264890e-03,7.420044882908e-03,5.872359174290e-03,3.296248183190e-02,3.513094579430e-02,6.057777731218e+03
1604,0.000000000000e+00,3,1.171296017538e+01,2.083514746589e-05,7.657434009192e-03,7.463237346430e-03,5.922132497340e-03,3.315638346772e-02,3.533770826283e-02,5.968707418824e+03
1605,0.000000000000e+00,3,1.173095404098e+01,2.086693088220e-05,7.630000562343e-03,7.449615796472e-03,5.939809974424e-03,3.307966150447e-02,3.525987850063e-02,5.898030400026e+03
1606,0.000000000000e+00,3,1.174897554940e+01,2.089876007294e-05,7.543904302756e-03,7.380073771597e-03,5.884781142149e-03,3.274091818987e-02,3.489948930873e-02,6.216537267004e+03
1607,0.000000000000e+00,3,1.176702474309e+01,2.093069499548e-05,7.427167944599e-03,7.279065909945e-03,5.759406159570e-03,3.226468435008e-02,3.438500021404e-02,6.501283154897e+03
1608,0.000000000000e+00,5,1.178510166460e+01,2.096277950184e-05,7.264488518330e-03,7.139653473526e-03,5.667116956307e-03,3.158508957761e-02,3.366721763641e-02,6.749274913209e+03
1609,0.000000000000e+00,5,1.180320635652e+01,2.099499730217e-05,7.068004131053e-03,6.963033960911e-03,5.526861650733e-03,3.075011863442e-02,3.278042891840e-02,6.953228359479e+03
1610,0.000000000000e+00,5,1.182133886151e+01,2.102766241893e-05,6.903597391649e-03,6.818164297411e-03,5.408591199399e-03,3.002855360994e-02,3.201740014429e-02,7.010534133770e+03
1611,0.000000000000e+00,5,1.183949922229e+01,2.106058956463e-05,6.811664831206e-03,6.744553351875e-03,5.309858547417e-03,2.959818955081e-02,3.156160959407e-02,6.977974349439e+03
1612,0.000000000000e+00,5,1.185768748167e+01,2.109381734016e-05,6.796409164290e-03,6.746512157462e-03,5.262871483901e-03,2.948208375733e-02,3.144197326425e-02,6.899653515004e+03
1613,0.000000000000e+00,5,1.187590368250e+01,2.112739561699e-05,6.824073487548e-03,6.792021644587e-03,5.273173185199e-03,2.955349557769e-02,3.152641738741e-02,6.808356242276e+03
1614,0.000000000000e+00,3,1.189414786770e+01,2.116132536276e-05,6.852570088269e-03,6.837626045607e-03,5.298669056716e-03,2.963791992371e-02,3.162582865209e-02,6.752119268577e+03
1615,0.000000000000e+00,3,1.191242008027e+01,2.119584443180e-05,6.794607099269e-03,6.792307650898e-03,5.280791572277e-03,2.933511471177e-02,3.131673424290e-02,6.501311780540e+03
1616,0.000000000000e+00,3,1.193072036327e+01,2.122973612452e-05,6.579824100812e-03,6.590719550939e-03,5.127918059103e-03,2.834921196961e-02,3.027713712218e-02,5.977048459657e+03
1617,0.000000000000e+00,3,1.194904875980e+01,2.126275845304e-05,6.243756737411e-03,6.270094073928e-03,4.869864935372e-03,2.684466407197e-02,2.868187845169e-02,5.307084585228e+03
1618,0.000000000000e+00,3,1.196740531307e+01,2.129589908843e-05,5.873538563658e-03,5.916654316933e-03,4.579438150472e-03,2.521597168641e-02,2.695035687016e-02,4.529422948781e+03
1619,0.000000000000e+00,3,1.198579006633e+01,2.132914917001e-05,5.583800530503e-03,5.641085118727e-03,4.326441791238e-03,2.397152158262e-02,2.561937968101e-02,3.829345030358e+03
1620,0.000000000000e+00,3,1.200420306290e+01,2.136248839829e-05,5.415890932862e-03,5.482497476234e-03,4.161217033684e-03,2.327962376789e-02,2.487260065111e-02,3.538614129746e+03
1621,0.000000000000e+00,5,1.202264434617e+01,2.139593158548e-05,5.338822362547e-03,5.410104491188e-03,4.079657478977e-03,2.298244596688e-02,2.454808918411e-02,3.624932588080e+03
1622,0.000000000000e+00,5,1.204111395960e+01,2.142950806793e-05,5.335895178664e-03,5.415141162963e-03,4.138136306406e-03,2.299767863412e-02,2.457260518995e-02,3.821641757187e+03
1623,0.000000000000e+00,5,1.205961194670e+01,2.146324139230e-05,5.366032957648e-03,5.446789227201e-03,4.177523312454e-03,2.314185831907e-02,2.472769965189e-02,4.008150085656e+03
1624,0.000000000000e+00,5,1.207813835107e+01,2.149712929381e-05,5.466798610589e-03,5.547704371752e-03,4.239973332615e-03,2.358544983792e-02,2.519749449376e-02,4.327667231428e+03
1625,0.000000000000e+00,5,1.209669321636e+01,2.153116592170e-05,5.621722044624e-03,5.705447287965e-03,4.337111852319e-03,2.425825326241e-02,2.591195241709e-02,4.630385095516e+03
1626,0.000000000000e+00,5,1.211527658629e+01,2.156542161645e-05,5.774292473918e-03,5.863836210086e-03,4.457651879419e-03,2.491749850714e-02,2.661727673532e-02,4.728126608209e+03
1627,0.000000000000e+00,5,1.213388850465e+01,2.159990685587e-05,5.880309480110e-03,5.976789374147e-03,4.546191736167e-03,2.537468997628e-02,2.710798409139e-02,4.660748948549e+03
1628,0.000000000000e+00,5,1.215252901530e+01,2.163460090558e-05,5.938867425752e-03,6.041813337535e-03,4.593491480544e-03,2.562767966895e-02,2.737976961011e-02,4.496449327110e+03
1629,0.000000000000e+00,5,1.217119816217e+01,2.166946827909e-05,5.965305570809e-03,6.074736000461e-03,4.613185092869e-03,2.574264241991e-02,2.750367981723e-02,4.280273108820e+03
1630,0.000000000000e+00,3,1.218989598925e+01,2.170447083755e-05,5.978495753804e-03,6.093477527180e-03,4.604382989398e-03,2.579873805986e-02,2.756171453387e-02,4.115150202523e+03
1631,0.000000000000e+00,3,1.220862254059e+01,2.173946624257e-05,5.955044431938e-03,6.072908542808e-03,4.569846440341e-03,2.568992856062e-02,2.744446571340e-02,3.947056604080e+03
1632,0.000000000000e+00,3,1.222737786033e+01,2.177443459342e-05,5.911087196324e-03,6.034254358891e-03,4.560807745930e-03,2.549234980681e-02,2.723993471869e-02,3.676465900759e+03
1633,0.000000000000e+00,3,1.224616199265e+01,2.180929505845e-05,5.822713365789e-03,5.948258891192e-03,4.505430362452e-03,2.510486709220e-02,2.682981604940e-02,3.370784290697e+03
1634,0.000000000000e+00,3,1.226497498183e+01,2.184204026098e-05,5.708409344842e-03,5.833248327652e-03,4.423670383765e-03,2.460539560130e-02,2.629842344440e-02,3.308776024052e+03
1635,0.000000000000e+00,3,1.228381687218e+01,2.187430999610e-05,5.594352374282e-03,5.716180039873e-03,4.332477054631e-03,2.410359069375e-02,2.576285959471e-02,3.397907432361e+03
1636,0.000000000000e+00,3,1.230268770812e+01,2.190656137500e-05,5.499012128668e-03,5.617939373351e-03,4.256087470619e-03,2.367915310889e-02,2.531041188337e-02,3.462457120262e+03
1637,0.000000000000e+00,3,1.232158753411e+01,2.193889269063e-05,5.424478808620e-03,5.541448768063e-03,4.197426559124e-03,2.333741436636e-02,2.494766369464e-02,3.471375961860e+03
1638,0.000000000000e+00,3,1.234051639468e+01,2.197137131961e-05,5.372040225453e-03,5.486960609297e-03,4.154223503475e-03,2.308880002034e-02,2.468432320742e-02,3.420205774779e+03
1639,0.000000000000e+00,3,1.235947433445e+01,2.200406544458e-05,5.335002090751e-03,5.449938971106e-03,4.125802484156e-03,2.291008742337e-02,2.449609017745e-02,3.331378142181e+03
1640,0.000000000000e+00,3,1.237846139807e+01,2.203703410518e-05,5.312912417379e-03,5.428100079069e-03,4.111134480936e-03,2.279879874953e-02,2.437986792345e-02,3.232208586310e+03
1641,0.000000000000e+00,3,1.239747763029e+01,2.207032176586e-05,5.303984001006e-03,5.419796109866e-03,4.106656703450e-03,2.274651446746e-02,2.432642566951e-02,3.146805471737e+03
1642,0.000000000000e+00,3,1.241652307592e+01,2.210395640347e-05,5.310669641410e-03,5.427589902167e-03,4.114244524225e-03,2.276415604784e-02,2.434739724820e-02,3.086549187312e+03
1643,0.000000000000e+00,3,1.243559777985e+01,2.213790777938e-05,5.329841437863e-03,5.450337303618e-03,4.129806545378e-03,2.283606392364e-02,2.442651231966e-02,3.051161959700e+03
1644,0.000000000000e+00,3,1.245470178701e+01,2.217218815334e-05,5.359811777671e-03,5.482758810611e-03,4.153134691494e-03,2.295538553743e-02,2.455578301348e-02,3.037146190252e+03
1645,0.000000000000e+00,3,1.247383514243e+01,2.220675333789e-05,5.394760233537e-03,5.522455996430e-03,4.178683092635e-03,2.309867716909e-02,2.471054911491e-02,3.043781508096e+03
1646,0.000000000000e+00,3,1.249299789119e+01,2.224155103807e-05,5.432440904573e-03,5.562503839441e-03,4.214534080838e-03,2.325941423291e-02,2.488404129401e-02,3.084004415905e+03
1647,0.000000000000e+00,3,1.251219007844e+01,2.227651740100e-05,5.469327320701e-03,5.586062524851e-03,4.241884685628e-03,2.340809289186e-02,2.504096712175e-02,3.138229726482e+03
1648,0.000000000000e+00,3,1.253141174941e+01,2.231154541055e-05,5.499942228244e-03,5.614788798398e-03,4.268197762741e-03,2.353183922950e-02,2.517419685768e-02,3.184493981746e+03
1649,0.000000000000e+00,3,1.255066294940e+01,2.234653122487e-05,5.520777741440e-03,5.631284625941e-03,4.287642588148e-03,2.361497675315e-02,2.526343918441e-02,3.215335941699e+03
1650,0.000000000000e+00,3,1.256994372377e+01,2.238121458268e-05,5.536330706260e-03,5.643062030989e-03,4.300274969702e-03,2.367658626691e-02,2.532919676666e-02,3.260820297847e+03
1651,0.000000000000e+00,3,1.258925411794e+01,2.241430949785e-05,5.548410743730e-03,5.648907392072e-03,4.308979101374e-03,2.372437635167e-02,2.537928979852e-02,3.345069683083e+03
1652,0.000000000000e+00,3,1.260859417743e+01,2.244753205447e-05,5.556348795438e-03,5.651625022689e-03,4.312542786206e-03,2.375872487541e-02,2.541434457786e-02,3.420143905994e+03
1653,0.000000000000e+00,3,1.262796394781e+01,2.248093805742e-05,5.560773491403e-03,5.653419393231e-03,4.317418971336e-03,2.377149602279e-02,2.542847778366e-02,3.482579952938e+03
1654,0.000000000000e+00,3,1.264736347471e+01,2.251455349604e-05,5.568778042817e-03,5.655817682919e-03,4.324859841035e-03,2.379232655910e-02,2.545149854708e-02,3.531343835762e+03
1655,0.000000000000e+00,3,1.266679280386e+01,2.254841946350e-05,5.583107923024e-03,5.665475625830e-03,4.338166817409e-03,2.384115310564e-02,2.550468546933e-02,3.564673100158e+03
1656,0.000000000000e+00,3,1.268625198103e+01,2.258254963546e-05,5.611062159202e-03,5.690966322078e-03,4.357942977365e-03,2.394928336351e-02,2.562090858758e-02,3.581971688410e+03
1657,0.000000000000e+00,3,1.270574105209e+01,2.261694310371e-05,5.649483940527e-03,5.725074628542e-03,4.392062200314e-03,2.410339948654e-02,2.578676454067e-02,3.582842628164e+03
1658,0.000000000000e+00,3,1.272526006294e+01,2.265158286423e-05,5.689939129294e-03,5.761145158582e-03,4.428516340156e-03,2.426108749718e-02,2.595724030697e-02,3.561393462048e+03
1659,0.000000000000e+00,3,1.274480905960e+01,2.268643555971e-05,5.734127118724e-03,5.802448248549e-03,4.466490784802e-03,2.443632696524e-02,2.614636179229e-02,3.599025834558e+03
1660,0.000000000000e+00,3,1.276438808811e+01,2.272145529909e-05,5.781794040011e-03,5.850847074162e-03,4.510530690042e-03,2.462796208354e-02,2.635418291847e-02,3.680635346039e+03
1661,0.000000000000e+00,3,1.278399719463e+01,2.275659944419e-05,5.833464238976e-03,5.903272768636e-03,4.547825155274e-03,2.483967174822e-02,2.658138334645e-02,3.750023823756e+03
1662,0.000000000000e+00,3,1.280363642535e+01,2.279180047588e-05,5.894190117101e-03,5.964657112912e-03,4.587028587648e-03,2.509582363184e-02,2.685441875438e-02,3.809568924234e+03
1663,0.000000000000e+00,3,1.282330582656e+01,2.282701437160e-05,5.957328033085e-03,6.030348422038e-03,4.647614212378e-03,2.536155677666e-02,2.714155005499e-02,3.867318664066e+03
1664,0.000000000000e+00,3,1.284300544460e+01,2.286220104448e-05,6.021575306277e-03,6.089993369940e-03,4.702841654475e-03,2.562680206348e-02,2.742621176982e-02,3.895951937130e+03
1665,0.000000000000e+00,3,1.286273532589e+01,2.289732806386e-05,6.083908065160e-03,6.155120221843e-03,4.744519302907e-03,2.588599307081e-02,2.770369186531e-02,3.884284081510e+03
1666,0.000000000000e+00,3,1.288249551693e+01,2.293239913821e-05,6.138249426361e-03,6.211556071962e-03,4.796950007998e-03,2.611276643387e-02,2.794903996677e-02,3.893199969298e+03
1667,0.000000000000e+00,3,1.290228606428e+01,2.296743157289e-05,6.176604971181e-03,6.241438183264e-03,4.831072741898e-03,2.626607738764e-02,2.811320125380e-02,3.863078954599e+03
1668,0.000000000000e+00,3,1.292210701456e+01,2.300244411991e-05,6.197886670730e-03,6.265145892779e-03,4.857963256938e-03,2.635329193274e-02,2.820924768474e-02,3.832138718713e+03
1669,0.000000000000e+00,3,1.294195841450e+01,2.303696526145e-05,6.205464881480e-03,6.273724873215e-03,4.875360094752e-03,2.638736025860e-02,2.824764301054e-02,3.868969264460e+03
1670,0.000000000000e+00,3,1.296184031086e+01,2.307135546631e-05,6.213158878885e-03,6.277817365772e-03,4.874069820092e-03,2.643002790397e-02,2.828987921056e-02,3.933866348786e+03
1671,0.000000000000e+00,3,1.298175275050e+01,2.310592275179e-05,6.209599063185e-03,6.274783074010e-03,4.879064069410e-03,2.642463178320e-02,2.828424392170e-02,3.994469347241e+03
1672,0.000000000000e+00,3,1.300169578033e+01,2.314069142305e-05,6.188835401412e-03,6.254113510761e-03,4.870510184563e-03,2.634170117279e-02,2.819614706951e-02,3.990308352619e+03
1673,0.000000000000e+00,3,1.302166944736e+01,2.317566974862e-05,6.160678672278e-03,6.225141326790e-03,4.853164037447e-03,2.622102396710e-02,2.806780442605e-02,4.044270959746e+03
1674,0.000000000000e+00,3,1.304167379864e+01,2.321084797116e-05,6.149175995451e-03,6.217809842124e-03,4.826447176504e-03,2.617616395229e-02,2.801713183501e-02,4.157911285684e+03
1675,0.000000000000e+00,3,1.306170888132e+01,2.324619942629e-05,6.150470978365e-03,6.216973605015e-03,4.832552728490e-03,2.618443914052e-02,2.802601421962e-02,4.171478803966e+03
1676,0.000000000000e+00,3,1.308177474260e+01,2.328168442318e-05,6.158642265688e-03,6.228435444663e-03,4.835672052206e-03,2.622853938523e-02,2.807209085772e-02,4.192459548740e+03
1677,0.000000000000e+00,3,1.310187142977e+01,2.331725540956e-05,6.176233365314e-03,6.247648261277e-03,4.844856638730e-03,2.631285560519e-02,2.816057480466e-02,4.123780106749e+03
1678,0.000000000000e+00,3,1.312199899019e+01,2.335286217517e-05,6.185344408196e-03,6.263566235461e-03,4.863179695734e-03,2.636256815152e-02,2.821570952024e-02,3.995436967290e+03
1679,0.000000000000e+00,3,1.314215747128e+01,2.338846032950e-05,6.181082969873e-03,6.252857775111e-03,4.878165352180e-03,2.635352850273e-02,2.820654141832e-02,3.845407461579e+03
1680,0.000000000000e+00,3,1.316234692055e+01,2.342401727848e-05,6.167766250847e-03,6.243146849638e-03,4.869917008556e-03,2.629884377395e-02,2.814895199876e-02,3.921764320505e+03
1681,0.000000000000e+00,3,1.318256738556e+01,2.345934727400e-05,6.164369104001e-03,6.239656729244e-03,4.859146781197e-03,2.628819851571e-02,2.813562601386e-02,4.078217040737e+03
1682,0.000000000000e+00,3,1.320281891398e+01,2.349447829148e-05,6.160386559244e-03,6.234406642298e-03,4.868477624924e-03,2.627525434141e-02,2.812310889341e-02,4.142889377296e+03
1683,0.000000000000e+00,3,1.322310155351e+01,2.352964152966e-05,6.150812849632e-03,6.222286260336e-03,4.853482431940e-03,2.623476567959e-02,2.807790175560e-02,4.200861052279e+03
1684,0.000000000000e+00,3,1.324341535195e+01,2.356487077511e-05,6.150618353447e-03,6.220729853315e-03,4.837457501375e-03,2.625521442677e-02,2.809385814926e-02,4.202081776650e+03
1685,0.000000000000e+00,3,1.326376035717e+01,2.360020564912e-05,6.147989646968e-03,6.219517209571e-03,4.846731108091e-03,2.626362535590e-02,2.810247302799e-02,4.157894880936e+03
1686,0.000000000000e+00,3,1.328413661711e+01,2.363568819926e-05,6.144349833708e-03,6.217088558392e-03,4.856678718891e-03,2.626444387007e-02,2.810362191968e-02,4.063038395143e+03
1687,0.000000000000e+00,3,1.330454417978e+01,2.367135598253e-05,6.139010183256e-03,6.215712723499e-03,4.864759885881e-03,2.626098391273e-02,2.810031486484e-02,3.931667276555e+03
1688,0.000000000000e+00,3,1.332498309328e+01,2.370723581223e-05,6.111860738810e-03,6.188659331399e-03,4.862957257958e-03,2.616117674202e-02,2.799481858899e-02,3.783834823053e+03
1689,0.000000000000e+00,3,1.334545340576e+01,2.374334005203e-05,6.046777601762e-03,6.123977439296e-03,4.828361975542e-03,2.589347379106e-02,2.771013683434e-02,3.787524602293e+03
1690,0.000000000000e+00,3,1.336595516546e+01,2.377961316230e-05,5.971446905751e-03,6.054675033231e-03,4.779790813375e-03,2.557699741892e-02,2.737419341448e-02,3.789549856243e+03
1691,0.000000000000e+00,3,1.338648842070e+01,2.381592238685e-05,5.911709611173e-03,5.987924643391e-03,4.726717617929e-03,2.532474746874e-02,2.710144361205e-02,3.768987246154e+03
1692,0.000000000000e+00,3,1.340705321985e+01,2.385244905100e-05,5.880427922094e-03,5.957402491386e-03,4.689095257816e-03,2.520741986493e-02,2.697168343977e-02,3.854870760141e+03
1693,0.000000000000e+00,3,1.342764961138e+01,2.388916423221e-05,5.866701254040e-03,5.946226120456e-03,4.669244303932e-03,2.517802625281e-02,2.693530465832e-02,3.845553608691e+03
1694,0.000000000000e+00,3,1.344827764381e+01,2.392601924586e-05,5.866228183062e-03,5.950013112764e-03,4.670972382168e-03,2.521020944224e-02,2.696642231098e-02,3.848684943326e+03
1695,0.000000000000e+00,3,1.346893736577e+01,2.396295268526e-05,5.858840767151e-03,5.940633663385e-03,4.681522447441e-03,2.520894622853e-02,2.696339677852e-02,3.740326127076e+03
1696,0.000000000000e+00,3,1.348962882592e+01,2.399990044927e-05,5.825461504923e-03,5.910435780589e-03,4.684433022443e-03,2.509520615177e-02,2.684366847887e-02,3.587071320957e+03
1697,0.000000000000e+00,5,1.351035207302e+01,2.403680311793e-05,5.762275205814e-03,5.854201486881e-03,4.663082353594e-03,2.483990833993e-02,2.657519283033e-02,3.470337837958e+03
1698,0.000000000000e+00,5,1.353110715592e+01,2.407391012150e-05,5.716864511862e-03,5.808312183208e-03,4.638743537908e-03,2.464929453289e-02,2.637280214244e-02,3.497238315743e+03
1699,0.000000000000e+00,5,1.355189412351e+01,2.411044595982e-05,5.675541849690e-03,5.759988654917e-03,4.599507791074e-03,2.446588015873e-02,2.617487360913e-02,3.494947858019e+03
1700,0.000000000000e+00,5,1.357271302478e+01,2.414666290951e-05,5.684838985129e-03,5.766447927287e-03,4.583106680732e-03,2.450903957366e-02,2.621578157628e-02,3.591883388731e+03
1701,0.000000000000e+00,5,1.359356390879e+01,2.418263005168e-05,5.749962664811e-03,5.828841258025e-03,4.624941903343e-03,2.479890537310e-02,2.652193915179e-02,3.720386696003e+03
1702,0.000000000000e+00,3,1.361444682466e+01,2.421838265866e-05,5.841351216933e-03,5.928828962600e-03,4.698993033584e-03,2.521017737666e-02,2.696119388677e-02,3.727784877358e+03
1703,0.000000000000e+00,3,1.363536182161e+01,2.425358531436e-05,5.886302954086e-03,5.972952571514e-03,4.737468589931e-03,2.542210756266e-02,2.718550875847e-02,3.643633144229e+03
1704,0.000000000000e+00,3,1.365630894892e+01,2.428945057597e-05,5.884292239933e-03,5.976037082105e-03,4.735477347198e-03,2.543702411584e-02,2.719935396194e-02,3.499891956671e+03
1705,0.000000000000e+00,3,1.367728825596e+01,2.432535765918e-05,5.817375519669e-03,5.905779102980e-03,4.688223736896e-03,2.515403133010e-02,2.689655774840e-02,3.470095725775e+03
1706,0.000000000000e+00,3,1.369829979215e+01,2.436125239347e-05,5.666578188263e-03,5.759771239269e-03,4.590377685355e-03,2.449333272650e-02,2.619694616625e-02,3.508837508387e+03
1707,0.000000000000e+00,3,1.371934360701e+01,2.439723741608e-05,5.473030064025e-03,5.552183200178e-03,4.446467687760e-03,2.363671117382e-02,2.528331438682e-02,3.512163904358e+03
1708,0.000000000000e+00,3,1.374041975013e+01,2.443341196963e-05,5.301880726725e-03,5.374196918431e-03,4.305366494477e-03,2.288102210346e-02,2.447589191244e-02,3.531483134486e+03
1709,0.000000000000e+00,3,1.376152827116e+01,2.446986725076e-05,5.175223257242e-03,5.247270956488e-03,4.206385470489e-03,2.232880584299e-02,2.388694282141e-02,3.537848892741e+03
1710,0.000000000000e+00,3,1.378266921986e+01,2.450667385532e-05,5.104644621404e-03,5.173891631572e-03,4.158669696181e-03,2.202765257026e-02,2.356562247691e-02,3.522614665953e+03
1711,0.000000000000e+00,3,1.380384264603e+01,2.454386404467e-05,5.083975580981e-03,5.160808633216e-03,4.147220206772e-03,2.195558359612e-02,2.348888758427e-02,3.495532638503e+03
1712,0.000000000000e+00,3,1.382504859957e+01,2.458144351735e-05,5.075623518227e-03,5.160046495682e-03,4.149160502398e-03,2.193840540504e-02,2.347119934146e-02,3.468578240283e+03
1713,0.000000000000e+00,3,1.384628713045e+01,2.461938096572e-05,5.076181384521e-03,5.163064731690e-03,4.147064208386e-03,2.195548520533e-02,2.348757814297e-02,3.441206905502e+03
1714,0.000000000000e+00,3,1.386755828872e+01,2.465761962594e-05,5.070182608464e-03,5.165714579020e-03,4.137651156361e-03,2.194045682431e-02,2.347115594823e-02,3.491063714120e+03
1715,0.000000000000e+00,3,1.388886212449e+01,2.469609008148e-05,5.047247545381e-03,5.139920595702e-03,4.121500178017e-03,2.183771835953e-02,2.336163946264e-02,3.551797308486e+03
1716,0.000000000000e+00,3,1.391019868798e+01,2.473471950022e-05,4.996858260942e-03,5.087265757872e-03,4.089499730427e-03,2.160628238081e-02,2.311718650130e-02,3.598548564935e+03
1717,0.000000000000e+00,3,1.393156802945e+01,2.477343907609e-05,4.938989317244e-03,5.025835859941e-03,4.052070579100e-03,2.134026344140e-02,2.283590946937e-02,3.610943522401e+03
1718,0.000000000000e+00,3,1.395297019927e+01,2.481218824995e-05,4.886866692879e-03,4.972725219997e-03,4.025827525402e-03,2.110333044374e-02,2.258688347846e-02,3.583513727571e+03
1719,0.000000000000e+00,3,1.397440524786e+01,2.485091803339e-05,4.843160023389e-03,4.926315924265e-03,4.006409167227e-03,2.090532883421e-02,2.237875947589e-02,3.522937756417e+03
1720,0.000000000000e+00,3,1.399587322573e+01,2.488959209540e-05,4.827421053473e-03,4.906421230280e-03,3.965447925615e-03,2.083304043296e-02,2.229612778597e-02,3.523266697077e+03
1721,0.000000000000e+00,3,1.401737418347e+01,2.492818613978e-05,4.838667103374e-03,4.917072818783e-03,3.970477385351e-03,2.087770501021e-02,2.234353511876e-02,3.502917888380e+03
1722,0.000000000000e+00,3,1.403890817174e+01,2.496659901895e-05,4.837444887573e-03,4.912572257810e-03,3.989725701000e-03,2.086861589571e-02,2.233721736923e-02,3.450070174811e+03
1723,0.000000000000e+00,3,1.406047524130e+01,2.500474019334e-05,4.827441694274e-03,4.898007310898e-03,3.991323182858e-03,2.081219574185e-02,2.227942596380e-02,3.561809274324e+03
1724,0.000000000000e+00,3,1.408207544295e+01,2.504282262742e-05,4.815742419845e-03,4.877845951232e-03,3.982555925908e-03,2.074705385662e-02,2.221003718166e-02,3.673268511803e+03
1725,0.000000000000e+00,3,1.410370882760e+01,2.508086714762e-05,4.807959067938e-03,4.862214350653e-03,3.967295991662e-03,2.069258083767e-02,2.215129653089e-02,3.763182825382e+03
1726,0.000000000000e+00,3,1.412537544623e+01,2.511890501067e-05,4.797381855377e-03,4.842903308875e-03,3.974783104806e-03,2.061501303148e-02,2.207365506987e-02,3.833738207354e+03
1727,0.000000000000e+00,3,1.414707534988e+01,2.515697730726e-05,4.793922307786e-03,4.829577699681e-03,3.967178983978e-03,2.056744999887e-02,2.202419170815e-02,3.930587802428e+03
1728,0.000000000000e+00,3,1.416880858970e+01,2.519513240536e-05,4.814897454698e-03,4.843194010403e-03,3.970363896531e-03,2.063166209415e-02,2.209228453464e-02,4.082815693385e+03
1729,0.000000000000e+00,3,1.419057521689e+01,2.523342188441e-05,4.857972169805e-03,4.876890803457e-03,3.996858082716e-03,2.079810822863e-02,2.226926442285e-02,4.223968308976e+03
1730,0.000000000000e+00,3,1.421237528275e+01,2.527189576752e-05,4.914173696193e-03,4.932031443318e-03,4.024801675976e-03,2.102165474688e-02,2.250739954109e-02,4.311395375905e+03
1731,0.000000000000e+00,3,1.423420883864e+01,2.531059716889e-05,4.966809095277e-03,4.982178563650e-03,4.068450720005e-03,2.122817033891e-02,2.273056979109e-02,4.380949709037e+03
1732,0.000000000000e+00,3,1.425607593602e+01,2.534955679051e-05,4.998385885367e-03,5.001606612874e-03,4.105775717169e-03,2.133745930850e-02,2.285048126737e-02,4.446361117004e+03
1733,0.000000000000e+00,3,1.427797662641e+01,2.538878946439e-05,5.022946291704e-03,5.018428265499e-03,4.129053378238e-03,2.140765824586e-02,2.292927223174e-02,4.497890172476e+03
1734,0.000000000000e+00,3,1.429991096142e+01,2.542829231399e-05,5.041985413299e-03,5.039170468051e-03,4.156281432253e-03,2.146306646820e-02,2.299462444739e-02,4.534795615023e+03
1735,0.000000000000e+00,3,1.432187899274e+01,2.546804474170e-05,5.053700999037e-03,5.033429708273e-03,4.173825132372e-03,2.149021814161e-02,2.302445657177e-02,4.558766171837e+03
1736,0.000000000000e+00,3,1.434388077212e+01,2.550801040868e-05,5.064500423037e-03,5.040853498913e-03,4.196592528545e-03,2.149649820869e-02,2.303845030855e-02,4.527051230033e+03
1737,0.000000000000e+00,3,1.436591635142e+01,2.554814096277e-05,5.091888127153e-03,5.056163137499e-03,4.203725666496e-03,2.157942541535e-02,2.312650040772e-02,4.479024669113e+03
1738,0.000000000000e+00,5,1.438798578256e+01,2.558837381848e-05,5.130454412516e-03,5.091621983823e-03,4.205284005172e-03,2.171080335914e-02,2.326563072363e-02,4.383580600368e+03
1739,0.000000000000e+00,5,1.441008911754e+01,2.562874641870e-05,5.186018464200e-03,5.147519893277e-03,4.250920080956e-03,2.192120694005e-02,2.349470969826e-02,4.264690237352e+03
1740,0.000000000000e+00,5,1.443222640845e+01,2.566907589720e-05,5.240551719226e-03,5.202992100941e-03,4.299300730141e-03,2.212681418334e-02,2.371949413028e-02,4.378579029432e+03
1741,0.000000000000e+00,5,1.445439770746e+01,2.570926374462e-05,5.371758390758e-03,5.328706651118e-03,4.341438565577e-03,2.265593161158e-02,2.427736041644e-02,4.535730748634e+03
1742,0.000000000000e+00,5,1.447660306680e+01,2.574929896931e-05,5.548407793622e-03,5.502009686326e-03,4.489060031021e-03,2.339366923437e-02,2.506935100560e-02,4.781189279427e+03
1743,0.000000000000e+00,3,1.449884253881e+01,2.578920356473e-05,5.644454264091e-03,5.601749564461e-03,4.639176182151e-03,2.378865003563e-02,2.550806320145e-02,4.996949799240e+03
1744,0.000000000000e+00,3,1.452111617588e+01,2.582890353198e-05,5.637872058110e-03,5.589034046662e-03,4.642073874221e-03,2.373590601718e-02,2.545515639765e-02,5.206763564842e+03
1745,0.000000000000e+00,3,1.454342403050e+01,2.586864832727e-05,5.572259669866e-03,5.517928544954e-03,4.602119506823e-03,2.343616056144e-02,2.513823261633e-02,5.337026687460e+03
1746,0.000000000000e+00,3,1.456576615524e+01,2.590849120192e-05,5.459268897539e-03,5.400498920923e-03,4.523310642352e-03,2.293988799884e-02,2.461031909702e-02,5.358763537430e+03
1747,0.000000000000e+00,3,1.458814260275e+01,2.594829530202e-05,5.312180071215e-03,5.248069411139e-03,4.424030363126e-03,2.230485023384e-02,2.393407358268e-02,5.298509946807e+03
1748,0.000000000000e+00,5,1.461055342576e+01,2.598792192756e-05,5.161733713768e-03,5.090415120435e-03,4.305957089056e-03,2.166809111940e-02,2.325087654781e-02,5.250070203374e+03
1749,0.000000000000e+00,5,1.463299867706e+01,2.602775900266e-05,5.071330244076e-03,4.996816207269e-03,4.232673116453e-03,2.129344290720e-02,2.284759933137e-02,5.285847069035e+03
1750,0.000000000000e+00,5,1.465547840956e+01,2.606746343466e-05,5.054400842114e-03,4.973610093357e-03,4.211086910472e-03,2.123687470869e-02,2.278205139125e-02,5.335259113169e+03
1751,0.000000000000e+00,5,1.467799267622e+01,2.610729510855e-05,5.128295892145e-03,5.041387001433e-03,4.264708330841e-03,2.157785611855e-02,2.314101582635e-02,5.409018321281e+03
1752,0.000000000000e+00,5,1.470054153010e+01,2.614736543587e-05,5.267929672925e-03,5.175860291516e-03,4.376647882521e-03,2.220373040531e-02,2.380548893418e-02,5.512776571019e+03
1753,0.000000000000e+00,5,1.472312502433e+01,2.618772070502e-05,5.419960301392e-03,5.325757862354e-03,4.518431211346e-03,2.288925607573e-02,2.453719484353e-02,5.740723478740e+03
1754,0.000000000000e+00,5,1.474574321212e+01,2.622837614145e-05,5.541921740573e-03,5.448198846900e-03,4.637738650218e-03,2.345103049821e-02,2.513673046499e-02,5.902312065686e+03
1755,0.000000000000e+00,5,1.476839614678e+01,2.626933074650e-05,5.611231537152e-03,5.515470240148e-03,4.713661060930e-03,2.377995462092e-02,2.548747091619e-02,5.965103907357e+03
1756,0.000000000000e+00,5,1.479108388168e+01,2.631057844439e-05,5.633155105518e-03,5.526365855966e-03,4.740533452322e-03,2.389715911262e-02,2.560898332780e-02,5.921766822090e+03
1757,0.000000000000e+00,5,1.481380647029e+01,2.635211597845e-05,5.623972161919e-03,5.500749251953e-03,4.722650218713e-03,2.388436790628e-02,2.558620254320e-02,5.973939364704e+03
1758,0.000000000000e+00,5,1.483656396614e+01,2.639394394490e-05,5.585572705134e-03,5.456798642628e-03,4.706429870318e-03,2.375479483972e-02,2.544437135934e-02,5.988630558070e+03
1759,0.000000000000e+00,5,1.485935642287e+01,2.643606250382e-05,5.525045301524e-03,5.392703675486e-03,4.669101062839e-03,2.353196167137e-02,2.520240272976e-02,5.938248490156e+03
1760,0.000000000000e+00,5,1.488218389418e+01,2.647846522131e-05,5.455792568182e-03,5.324130186777e-03,4.621198952654e-03,2.326190432334e-02,2.491151756319e-02,5.810771613859e+03
1761,0.000000000000e+00,5,1.490504643386e+01,2.652113466957e-05,5.402201486845e-03,5.268098016083e-03,4.565562678975e-03,2.305995337520e-02,2.468891350088e-02,5.671693760047e+03
1762,0.000000000000e+00,5,1.492794409579e+01,2.656404040216e-05,5.369034685756e-03,5.229516805485e-03,4.524506222111e-03,2.294067642980e-02,2.455443281948e-02,5.530742462997e+03
1763,0.000000000000e+00,5,1.495087693392e+01,2.660713782290e-05,5.363474305268e-03,5.225447103759e-03,4.531190864615e-03,2.294376641848e-02,2.455647088193e-02,5.336463587481e+03
1764,0.000000000000e+00,5,1.497384500229e+01,2.665006691054e-05,5.364566876944e-03,5.227692559800e-03,4.544488540673e-03,2.296390840546e-02,2.457846237313e-02,5.122259329235e+03
1765,0.000000000000e+00,5,1.499684835502e+01,2.669314528922e-05,5.376577866498e-03,5.242228492954e-03,4.562812780216e-03,2.302282884611e-02,2.464261466792e-02,4.918793597548e+03
1766,0.000000000000e+00,3,1.501988704632e+01,2.673634342551e-05,5.409934699053e-03,5.281584798496e-03,4.604216262293e-03,2.316932883443e-02,2.480280503208e-02,4.711990417294e+03
1767,0.000000000000e+00,3,1.504296113048e+01,2.677961801180e-05,5.445172613879e-03,5.317005335374e-03,4.578874375851e-03,2.330666975941e-02,2.494167990243e-02,4.482829379402e+03
1768,0.000000000000e+00,3,1.506607066187e+01,2.682286025996e-05,5.516919728729e-03,5.389691342068e-03,4.582643402014e-03,2.359611476238e-02,2.524405729049e-02,4.224101037298e+03
1769,0.000000000000e+00,3,1.508921569494e+01,2.686581527068e-05,5.508939266566e-03,5.391434528830e-03,4.674947788872e-03,2.353438250529e-02,2.520194982249e-02,4.179102293528e+03
1770,0.000000000000e+00,3,1.511239628423e+01,2.690853765363e-05,5.360049704594e-03,5.248889326178e-03,4.557865573360e-03,2.285140218833e-02,2.447941364804e-02,4.029324556880e+03
1771,0.000000000000e+00,3,1.513561248436e+01,2.695113861214e-05,5.145411445896e-03,5.046697239116e-03,4.398559191011e-03,2.187576814614e-02,2.344868795714e-02,4.150186041860e+03
1772,0.000000000000e+00,3,1.515886435005e+01,2.699357858899e-05,4.977985704184e-03,4.885974950444e-03,4.192515189611e-03,2.110594758575e-02,2.262059459861e-02,4.328312302500e+03
1773,0.000000000000e+00,3,1.518215193608e+01,2.703585601349e-05,4.760038514116e-03,4.684267470118e-03,4.032686977755e-03,2.011974799754e-02,2.157932232793e-02,4.023647689434e+03
1774,0.000000000000e+00,3,1.520547529732e+01,2.707799329889e-05,4.494896117591e-03,4.434702741818e-03,3.787671987596e-03,1.892521212529e-02,2.030716111595e-02,3.397539362400e+03
1775,0.000000000000e+00,3,1.522883448875e+01,2.712002916170e-05,4.262725310172e-03,4.220434086099e-03,3.635372552617e-03,1.788211226515e-02,1.920855964420e-02,3.236618176927e+03
1776,0.000000000000e+00,3,1.525222956539e+01,2.716200822501e-05,4.134318438415e-03,4.101160057936e-03,3.499843801518e-03,1.732081645632e-02,1.860568977812e-02,3.219289911514e+03
1777,0.000000000000e+00,5,1.527566058238e+01,2.720397192853e-05,4.079180590275e-03,4.048127106293e-03,3.426768508006e-03,1.709776080700e-02,1.836037075817e-02,3.179169370732e+03
1778,0.000000000000e+00,5,1.529912759493e+01,2.724612025442e-05,4.097484407792e-03,4.067120085702e-03,3.429897057962e-03,1.720546911083e-02,1.846952098500e-02,3.236050154463e+03
1779,0.000000000000e+00,5,1.532263065834e+01,2.728810624538e-05,4.137384942133e-03,4.107240215768e-03,3.475285999449e-03,1.740643240971e-02,1.868284984581e-02,3.220630857256e+03
1780,0.000000000000e+00,5,1.534616982799e+01,2.733008635025e-05,4.188455360494e-03,4.158306394738e-03,3.506392197877e-03,1.765535830600e-02,1.894310253201e-02,3.352935381201e+03
1781,0.000000000000e+00,5,1.536974515935e+01,2.737218148061e-05,4.228954876287e-03,4.203283672476e-03,3.552969861033e-03,1.785710819369e-02,1.915858974067e-02,3.452999290118e+03
1782,0.000000000000e+00,5,1.539335670797e+01,2.741444058507e-05,4.222662840703e-03,4.200454408755e-03,3.555378713011e-03,1.785130557344e-02,1.915161944002e-02,3.433323506125e+03
1783,0.000000000000e+00,5,1.541700452950e+01,2.745687308748e-05,4.172664861512e-03,4.154726927255e-03,3.517463016444e-03,1.765575049632e-02,1.894125021077e-02,3.327845914365e+03
1784,0.000000000000e+00,5,1.544068867964e+01,2.749947211588e-05,4.081764800159e-03,4.068251748402e-03,3.455114402736e-03,1.728545330255e-02,1.854551664373e-02,3.170676378624e+03
1785,0.000000000000e+00,5,1.546440921422e+01,2.754222724883e-05,3.980930224327e-03,3.970709637555e-03,3.354237777977e-03,1.687729697290e-02,1.810271815666e-02,3.072988353813e+03
1786,0.000000000000e+00,5,1.548816618912e+01,2.758512832807e-05,3.887522903684e-03,3.883749171719e-03,3.285963571752e-03,1.650343165158e-02,1.770189692741e-02,2.991307480379e+03
1787,0.000000000000e+00,5,1.551195966034e+01,2.762816418057e-05,3.796593610686e-03,3.799984566591e-03,3.217278551818e-03,1.614135417277e-02,1.731323775502e-02,2.814429276550e+03
1788,0.000000000000e+00,5,1.553578968393e+01,2.767106966654e-05,3.720388225533e-03,3.732260123513e-03,3.154597025496e-03,1.584477035042e-02,1.699350711386e-02,2.630712455817e+03
1789,0.000000000000e+00,5,1.555965631605e+01,2.771376183342e-05,3.668576448713e-03,3.690274581776e-03,3.111556862085e-03,1.565244590099e-02,1.678563160678e-02,2.506097552970e+03
1790,0.000000000000e+00,5,1.558355961294e+01,2.775651120014e-05,3.638634566372e-03,3.670418922327e-03,3.087434732476e-03,1.555206570542e-02,1.667664946882e-02,2.456054606226e+03
1791,0.000000000000e+00,5,1.560749963092e+01,2.779932413684e-05,3.624901471689e-03,3.666490631820e-03,3.075683097226e-03,1.551840104167e-02,1.663922058383e-02,2.497150716425e+03
1792,0.000000000000e+00,5,1.563147642641e+01,2.784222026240e-05,3.617167308999e-03,3.664739854835e-03,3.072399057263e-03,1.549998775768e-02,1.661937044537e-02,2.513074195741e+03
1793,0.000000000000e+00,5,1.565549005590e+01,2.788523085742e-05,3.611448242899e-03,3.664934545860e-03,3.071282868333e-03,1.548953445306e-02,1.660821362057e-02,2.525314902884e+03
1794,0.000000000000e+00,5,1.567954057599e+01,2.792839466820e-05,3.605286071796e-03,3.665156919907e-03,3.069717417702e-03,1.547431078310e-02,1.659243569051e-02,2.554503907660e+03
1795,0.000000000000e+00,5,1.570362804334e+01,2.797175258085e-05,3.597859027179e-03,3.663908957629e-03,3.065656058683e-03,1.545122405266e-02,1.656826455079e-02,2.551847207165e+03
1796,0.000000000000e+00,5,1.572775251471e+01,2.801532964261e-05,3.590888937178e-03,3.663239824436e-03,3.061221336030e-03,1.542910599689e-02,1.654515630939e-02,2.527497278587e+03
1797,0.000000000000e+00,5,1.575191404695e+01,2.805915196380e-05,3.581389920916e-03,3.659779322802e-03,3.056304126967e-03,1.539458547750e-02,1.650922758332e-02,2.536643416136e+03
1798,0.000000000000e+00,5,1.577611269699e+01,2.810323424849e-05,3.574054299830e-03,3.658171013335e-03,3.053216330874e-03,1.536891770886e-02,1.648277406281e-02,2.560170492816e+03
1799,0.000000000000e+00,5,1.580034852187e+01,2.814756694001e-05,3.572265438658e-03,3.661310221331e-03,3.052625656359e-03,1.536662303503e-02,1.648083431747e-02,2.588802814019e+03
1800,0.000000000000e+00,5,1.582462157867e+01,2.819212618191e-05,3.577307142182e-03,3.670592058334e-03,3.056008767898e-03,1.539360559072e-02,1.650977453270e-02,2.616743614582e+03
1801,0.000000000000e+00,5,1.584893192461e+01,2.823687887628e-05,3.584237574537e-03,3.681564100402e-03,3.063066952809e-03,1.542783709952e-02,1.654693959446e-02,2.636840829892e+03
1802,0.000000000000e+00,5,1.587327961697e+01,2.828178700083e-05,3.592372156816e-03,3.693734978489e-03,3.071522586703e-03,1.546598522706e-02,1.658854321057e-02,2.644683738121e+03
1803,0.000000000000e+00,5,1.589766471311e+01,2.832680942425e-05,3.606482192789e-03,3.712348589311e-03,3.081332070864e-03,1.552791796875e-02,1.665530214768e-02,2.642454059538e+03
1804,0.000000000000e+00,5,1.592208727051e+01,2.837190226678e-05,3.621518540626e-03,3.731556767631e-03,3.094584325998e-03,1.559137266389e-02,1.672445114631e-02,2.629467619607e+03
1805,0.000000000000e+00,5,1.594654734671e+01,2.841693033673e-05,3.638306396638e-03,3.752109731764e-03,3.110793249425e-03,1.566092971501e-02,1.680051651153e-02,2.619962484912e+03
1806,0.000000000000e+00,3,1.597104499935e+01,2.846142594669e-05,3.660249475422e-03,3.777455459956e-03,3.131228506012e-03,1.575072088742e-02,1.689841402039e-02,2.606460284474e+03
1807,0.000000000000e+00,3,1.599558028615e+01,2.850580320841e-05,3.645457107213e-03,3.765732809487e-03,3.121033366320e-03,1.567927337049e-02,1.682410662750e-02,2.590925703590e+03
1808,0.000000000000e+00,3,1.602015326493e+01,2.855012510569e-05,3.616716619744e-03,3.735977402094e-03,3.098151794390e-03,1.554737530602e-02,1.668405195700e-02,2.571329536488e+03
1809,0.000000000000e+00,3,1.604476399359e+01,2.859453534347e-05,3.559097174056e-03,3.678136264497e-03,3.050474755141e-03,1.529118014885e-02,1.641101598472e-02,2.509476959146e+03
1810,0.000000000000e+00,3,1.606941253013e+01,2.863898097372e-05,3.495061952247e-03,3.612974296026e-03,2.988825116828e-03,1.500633782129e-02,1.610566023793e-02,2.419662506798e+03
1811,0.000000000000e+00,3,1.609409893263e+01,2.868339371058e-05,3.446886687151e-03,3.562378594293e-03,2.937349650058e-03,1.478662139778e-02,1.586958614493e-02,2.362548833642e+03
1812,0.000000000000e+00,3,1.611882325925e+01,2.872774155343e-05,3.430412776232e-03,3.545784152256e-03,2.912080471083e-03,1.470435104113e-02,1.578095273678e-02,2.330330806461e+03
1813,0.000000000000e+00,3,1.614358556826e+01,2.877202502492e-05,3.442394341184e-03,3.559111235207e-03,2.920480195452e-03,1.474498982935e-02,1.582596857145e-02,2.356839975107e+03
1814,0.000000000000e+00,3,1.616838591802e+01,2.881626873367e-05,3.463799497112e-03,3.583112856639e-03,2.948094204432e-03,1.482618647208e-02,1.591677321075e-02,2.392071288092e+03
1815,0.000000000000e+00,3,1.619322436695e+01,2.886051176907e-05,3.485986003055e-03,3.606217485845e-03,2.975200485992e-03,1.491114364295e-02,1.601096267066e-02,2.422878443916e+03
1816,0.000000000000e+00,3,1.621810097359e+01,2.890479829076e-05,3.508135295690e-03,3.627651177260e-03,2.997246679750e-03,1.499555442376e-02,1.610332283884e-02,2.450799756086e+03
1817,0.000000000000e+00,3,1.624301579656e+01,2.894917171905e-05,3.532693907747e-03,3.647081442354e-03,3.021098198188e-03,1.508958788468e-02,1.620505557367e-02,2.473535459213e+03
1818,0.000000000000e+00,3,1.626796889456e+01,2.899367064664e-05,3.559928862567e-03,3.672533373282e-03,3.040134101450e-03,1.519579596359e-02,1.631916741768e-02,2.477957730948e+03
1819,0.000000000000e+00,3,1.629296032640e+01,2.903832500136e-05,3.584848964505e-03,3.696732117252e-03,3.052912465799e-03,1.529434085475e-02,1.642419273968e-02,2.459084188327e+03
1820,0.000000000000e+00,3,1.631799015096e+01,2.908315379970e-05,3.599598172092e-03,3.706839284494e-03,3.067461750744e-03,1.534839226164e-02,1.648272523252e-02,2.454877846860e+03
1821,0.000000000000e+00,3,1.634305842723e+01,2.912816430288e-05,3.598323958787e-03,3.697528708702e-03,3.068182367159e-03,1.533321790936e-02,1.646635868545e-02,2.475258450889e+03
1822,0.000000000000e+00,3,1.636816521428e+01,2.917335218925e-05,3.583343057512e-03,3.680464417302e-03,3.063923759620e-03,1.525687507750e-02,1.638737415604e-02,2.479810758226e+03
1823,0.000000000000e+00,3,1.639331057126e+01,2.921870488267e-05,3.565088198299e-03,3.660079157112e-03,3.054226439387e-03,1.516596741720e-02,1.629235710818e-02,2.467296347293e+03
1824,0.000000000000e+00,3,1.641849455744e+01,2.926420682365e-05,3.557143408973e-03,3.647008155905e-03,3.040262037440e-03,1.511881201877e-02,1.624117014985e-02,2.484000699378e+03
1825,0.000000000000e+00,3,1.644371723215e+01,2.930984251155e-05,3.562749381666e-03,3.648657180728e-03,3.055569722789e-03,1.513282378063e-02,1.625868212019e-02,2.506995592194e+03
1826,0.000000000000e+00,3,1.646897865483e+01,2.935559839158e-05,3.587046922637e-03,3.669690715795e-03,3.065639797686e-03,1.523068625239e-02,1.636170793844e-02,2.513491025763e+03
1827,0.000000000000e+00,3,1.649427888500e+01,2.940146433552e-05,3.627691563260e-03,3.708694474881e-03,3.088864761482e-03,1.540257358074e-02,1.654372748842e-02,2.514980193662e+03
1828,0.000000000000e+00,3,1.651961798229e+01,2.944743133867e-05,3.670396257514e-03,3.750700212102e-03,3.134814525692e-03,1.558433072900e-02,1.674031024651e-02,2.515299948914e+03
1829,0.000000000000e+00,3,1.654499600640e+01,2.949348844026e-05,3.698172363988e-03,3.776945835693e-03,3.161354350556e-03,1.569315705706e-02,1.685856276279e-02,2.444374150261e+03
1830,0.000000000000e+00,3,1.657041301713e+01,2.953962180092e-05,3.720687328258e-03,3.802664070734e-03,3.179527321123e-03,1.577850080398e-02,1.695211638223e-02,2.437153099839e+03
1831,0.000000000000e+00,3,1.659586907438e+01,2.958581461015e-05,3.727710826048e-03,3.809896692070e-03,3.189622298272e-03,1.579701063610e-02,1.697440356094e-02,2.467473001405e+03
1832,0.000000000000e+00,3,1.662136423812e+01,2.963204830444e-05,3.719015105760e-03,3.798101522802e-03,3.190645341204e-03,1.574541499487e-02,1.692202587128e-02,2.490500279944e+03
1833,0.000000000000e+00,3,1.664689856844e+01,2.967830443219e-05,3.709784887523e-03,3.779781283518e-03,3.181102872047e-03,1.569377137577e-02,1.686603468336e-02,2.501601823441e+03
1834,0.000000000000e+00,3,1.667247212551e+01,2.972456669053e-05,3.703420560914e-03,3.768049345907e-03,3.175666069280e-03,1.565926877167e-02,1.682887617078e-02,2.498076383317e+03
1835,0.000000000000e+00,3,1.669808496959e+01,2.977082260291e-05,3.701935405698e-03,3.769204279920e-03,3.180905140238e-03,1.565577683574e-02,1.682654844267e-02,2.476236751870e+03
1836,0.000000000000e+00,3,1.672373716102e+01,2.981706394126e-05,3.697105589623e-03,3.760208377540e-03,3.173348660043e-03,1.564081662092e-02,1.680812431745e-02,2.425117083880e+03
1837,0.000000000000e+00,5,1.674942876026e+01,2.986328619324e-05,3.687413963633e-03,3.746049195576e-03,3.170757793505e-03,1.559957419482e-02,1.676395914931e-02,2.361360878596e+03
1838,0.000000000000e+00,5,1.677515982786e+01,2.990968987672e-05,3.724631682033e-03,3.780654557445e-03,3.194726325872e-03,1.576266998415e-02,1.693618231408e-02,2.381324367361e+03
1839,0.000000000000e+00,5,1.680093042443e+01,2.995587824457e-05,3.781107377316e-03,3.836404836785e-03,3.239530500504e-03,1.600752916204e-02,1.719739290729e-02,2.396761336314e+03
1840,0.000000000000e+00,5,1.682674061070e+01,3.000194077749e-05,3.853380023272e-03,3.908046230270e-03,3.307165656590e-03,1.632378774263e-02,1.753638371752e-02,2.494719538231e+03
1841,0.000000000000e+00,5,1.685259044751e+01,3.004800125311e-05,3.923411963626e-03,3.977862675114e-03,3.369509814208e-03,1.662629745722e-02,1.786068073794e-02,2.580127686083e+03
1842,0.000000000000e+00,5,1.687847999575e+01,3.009412539128e-05,3.965872321157e-03,4.022868276343e-03,3.417614380419e-03,1.682026897733e-02,1.806967484377e-02,2.634530457622e+03
1843,0.000000000000e+00,5,1.690440931643e+01,3.014033539872e-05,3.969946376885e-03,4.028595866578e-03,3.433362635563e-03,1.685380839404e-02,1.810604582071e-02,2.648488365537e+03
1844,0.000000000000e+00,5,1.693037847066e+01,3.018663781899e-05,3.960416070579e-03,4.017396555761e-03,3.420417063984e-03,1.682926759728e-02,1.807616860097e-02,2.624198982817e+03
1845,0.000000000000e+00,5,1.695638751963e+01,3.023304025454e-05,3.948513983609e-03,3.999140069814e-03,3.411180546091e-03,1.679219329125e-02,1.803324131224e-02,2.589303972684e+03
1846,0.000000000000e+00,5,1.698243652462e+01,3.027955379209e-05,3.930173728838e-03,3.977103171166e-03,3.405791749396e-03,1.672880729040e-02,1.796429864961e-02,2.646693481431e+03
1847,0.000000000000e+00,5,1.700852554702e+01,3.032618747617e-05,3.904078272800e-03,3.948239254718e-03,3.392108627114e-03,1.663124571011e-02,1.785875570080e-02,2.683876395481e+03
1848,0.000000000000e+00,5,1.703465464830e+01,3.037294344511e-05,3.878245018771e-03,3.919260621712e-03,3.371719235349e-03,1.653338226408e-02,1.775169310062e-02,2.695261486651e+03
1849,0.000000000000e+00,5,1.706082389003e+01,3.041981814590e-05,3.846666495404e-03,3.888969412848e-03,3.354734784863e-03,1.641246388461e-02,1.762226269414e-02,2.669280361971e+03
1850,0.000000000000e+00,5,1.708703333389e+01,3.046680302740e-05,3.810633145536e-03,3.848090702782e-03,3.326421678015e-03,1.627037302568e-02,1.746765143348e-02,2.671455002152e+03
1851,0.000000000000e+00,5,1.711328304162e+01,3.051388421935e-05,3.790908468068e-03,3.827342751900e-03,3.310899885884e-03,1.620423062029e-02,1.739421419909e-02,2.723696796649e+03
1852,0.000000000000e+00,5,1.713957307508e+01,3.056104306057e-05,3.779475619399e-03,3.816684267575e-03,3.302241221975e-03,1.617244181145e-02,1.735811585366e-02,2.755501569220e+03
1853,0.000000000000e+00,5,1.716590349623e+01,3.060825861361e-05,3.768193061861e-03,3.802099838002e-03,3.299835656440e-03,1.613791865015e-02,1.731983186546e-02,2.758735993426e+03
1854,0.000000000000e+00,5,1.719227436711e+01,3.065551254677e-05,3.743231188207e-03,3.775726146679e-03,3.290406761896e-03,1.604738950698e-02,1.722246713774e-02,2.815528907508e+03
1855,0.000000000000e+00,5,1.721868574986e+01,3.070279202054e-05,3.715904675152e-03,3.745875623320e-03,3.269073561046e-03,1.593832510722e-02,1.710428545457e-02,2.874452467045e+03
1856,0.000000000000e+00,5,1.724513770671e+01,3.075009065254e-05,3.676739203338e-03,3.702533804603e-03,3.241133709502e-03,1.577615768471e-02,1.692983363059e-02,2.911272534077e+03
1857,0.000000000000e+00,5,1.727163030000e+01,3.079740989745e-05,3.636242903489e-03,3.658431705324e-03,3.206185471727e-03,1.560693643170e-02,1.674701391466e-02,2.923664008768e+03
1858,0.000000000000e+00,5,1.729816359215e+01,3.084475809779e-05,3.605697588400e-03,3.625156934875e-03,3.185226132771e-03,1.548044405655e-02,1.661122005171e-02,2.908257965186e+03
1859,0.000000000000e+00,5,1.732473764569e+01,3.089214956506e-05,3.579353419101e-03,3.595727077254e-03,3.165155057116e-03,1.537081000416e-02,1.649306008091e-02,2.861359195702e+03
1860,0.000000000000e+00,5,1.735135252323e+01,3.093960091529e-05,3.555924354334e-03,3.568802590059e-03,3.151448261163e-03,1.527075460874e-02,1.638622965797e-02,2.789986515953e+03
1861,0.000000000000e+00,5,1.737800828749e+01,3.098711423558e-05,3.529679746930e-03,3.538498082013e-03,3.136552197046e-03,1.515696345816e-02,1.626502716718e-02,2.851788068687e+03
1862,0.000000000000e+00,5,1.740470500129e+01,3.103467482946e-05,3.508674912166e-03,3.513370791144e-03,3.119203272560e-03,1.506249178425e-02,1.616362155464e-02,2.965971107652e+03
1863,0.000000000000e+00,5,1.743144272752e+01,3.108221532363e-05,3.505155096254e-03,3.507556471786e-03,3.113494625204e-03,1.504383301713e-02,1.614310457378e-02,3.071534379954e+03
1864,0.000000000000e+00,5,1.745822152921e+01,3.112962868030e-05,3.523479539700e-03,3.520352400713e-03,3.130408772470e-03,1.512453990244e-02,1.622833803675e-02,3.177871416194e+03
1865,0.000000000000e+00,5,1.748504146943e+01,3.117717810337e-05,3.547322443566e-03,3.539939734252e-03,3.153690187740e-03,1.523005766454e-02,1.634059632039e-02,3.282394598709e+03
1866,0.000000000000e+00,5,1.751190261140e+01,3.122491290104e-05,3.563054058639e-03,3.552580893843e-03,3.174966173320e-03,1.529559061136e-02,1.641193735011e-02,3.351298183059e+03
1867,0.000000000000e+00,5,1.753880501842e+01,3.127287532223e-05,3.566280924825e-03,3.551177162966e-03,3.187315808302e-03,1.530458147502e-02,1.642310613328e-02,3.385768748737e+03
1868,0.000000000000e+00,5,1.756574875386e+01,3.132109090795e-05,3.544852507505e-03,3.524077081565e-03,3.177593054652e-03,1.519971271058e-02,1.631298448114e-02,3.370867217349e+03
1869,0.000000000000e+00,5,1.759273388123e+01,3.136956545097e-05,3.501941706755e-03,3.474410117489e-03,3.143297720791e-03,1.499523694813e-02,1.609573151721e-02,3.291847370842e+03
1870,0.000000000000e+00,5,1.761976046412e+01,3.141826389324e-05,3.463849077754e-03,3.432328884021e-03,3.101120082619e-03,1.480908765420e-02,1.589670264294e-02,3.188544195692e+03
1871,0.000000000000e+00,5,1.764682856619e+01,3.146692472913e-05,3.436890501939e-03,3.399737280725e-03,3.083541844693e-03,1.467227857431e-02,1.575291778594e-02,3.081622235822e+03
1872,0.000000000000e+00,5,1.767393825125e+01,3.151570542364e-05,3.432115369940e-03,3.383014806081e-03,3.065224606892e-03,1.462893711685e-02,1.570431813707e-02,3.022219674489e+03
1873,0.000000000000e+00,5,1.770108958317e+01,3.156458525095e-05,3.447765407608e-03,3.388865577153e-03,3.074876907172e-03,1.467569431544e-02,1.575443962318e-02,2.962297180240e+03
1874,0.000000000000e+00,5,1.772828262594e+01,3.161355596574e-05,3.479787575671e-03,3.412381372049e-03,3.095819017200e-03,1.480276720313e-02,1.588896725585e-02,2.914999152434e+03
1875,0.000000000000e+00,5,1.775551744361e+01,3.166261721714e-05,3.515276432216e-03,3.442986942616e-03,3.125471263685e-03,1.495187006442e-02,1.604800039025e-02,2.982869552140e+03
1876,0.000000000000e+00,5,1.778279410039e+01,3.171177139786e-05,3.544278321122e-03,3.468073721452e-03,3.150966713911e-03,1.507391468616e-02,1.617840966698e-02,2.995736789615e+03
1877,0.000000000000e+00,5,1.781011266053e+01,3.176101949386e-05,3.573140242810e-03,3.492301620325e-03,3.183714150097e-03,1.519017456923e-02,1.630462943569e-02,2.971426744271e+03
1878,0.000000000000e+00,5,1.783747318842e+01,3.181035876532e-05,3.570977010661e-03,3.486257579210e-03,3.196853741790e-03,1.516831956930e-02,1.628507479633e-02,2.939631793973e+03
1879,0.000000000000e+00,5,1.786487574852e+01,3.185977955218e-05,3.526614537525e-03,3.440134928153e-03,3.179515738224e-03,1.496269169307e-02,1.607056319647e-02,3.103114924660e+03
1880,0.000000000000e+00,5,1.789232040541e+01,3.190927097834e-05,3.474820811953e-03,3.387017055486e-03,3.127667692774e-03,1.473114933145e-02,1.582198881403e-02,3.204410141693e+03
1881,0.000000000000e+00,5,1.791980722375e+01,3.195882541430e-05,3.441309101764e-03,3.352402272367e-03,3.089249090749e-03,1.458594229027e-02,1.566443046425e-02,3.236821796116e+03
1882,0.000000000000e+00,5,1.794733626833e+01,3.200844017482e-05,3.380201898749e-03,3.288049377040e-03,3.028427853239e-03,1.432578824408e-02,1.538299768116e-02,3.165505950129e+03
1883,0.000000000000e+00,5,1.797490760399e+01,3.205811760093e-05,3.284589265676e-03,3.190928962339e-03,2.952617164756e-03,1.390762988950e-02,1.493688962106e-02,3.032392303460e+03
1884,0.000000000000e+00,5,1.800252129573e+01,3.210786297152e-05,3.191994219476e-03,3.097971289181e-03,2.880692086878e-03,1.350134285343e-02,1.450416833021e-02,2.921105901322e+03
1885,0.000000000000e+00,5,1.803017740860e+01,3.215768287178e-05,3.137805947878e-03,3.040806486450e-03,2.821572986845e-03,1.326868554276e-02,1.425172341884e-02,2.859425459554e+03
1886,0.000000000000e+00,5,1.805787600777e+01,3.220758493808e-05,3.116126088363e-03,3.019091968246e-03,2.806046761036e-03,1.317726458584e-02,1.415412867334e-02,2.863485655737e+03
1887,0.000000000000e+00,5,1.808561715851e+01,3.225757646265e-05,3.113308297793e-03,3.012321569703e-03,2.800276368871e-03,1.316160682574e-02,1.413634364940e-02,2.912375507482e+03
1888,0.000000000000e+00,5,1.811340092620e+01,3.230766442533e-05,3.123924971520e-03,3.018803266737e-03,2.799738511024e-03,1.320936767020e-02,1.418442844698e-02,2.965259228974e+03
1889,0.000000000000e+00,5,1.814122737629e+01,3.235785816813e-05,3.130815637936e-03,3.023219458429e-03,2.802425570217e-03,1.324395073827e-02,1.421962315559e-02,2.998635094707e+03
1890,0.000000000000e+00,5,1.816909657437e+01,3.240816862980e-05,3.118885924595e-03,3.011226206658e-03,2.798436249005e-03,1.319893027958e-02,1.417173026286e-02,2.993840103936e+03
1891,0.000000000000e+00,5,1.819700858610e+01,3.245860403116e-05,3.086651678067e-03,2.979758621285e-03,2.766524546803e-03,1.306559781236e-02,1.402746891942e-02,2.950442641240e+03
1892,0.000000000000e+00,5,1.822496347725e+01,3.250917107129e-05,3.066433314584e-03,2.964508421088e-03,2.754758621970e-03,1.298837447867e-02,1.394553298067e-02,2.874712842484e+03
1893,0.000000000000e+00,5,1.825296131371e+01,3.255988511805e-05,3.051039464791e-03,2.955400577225e-03,2.747427426280e-03,1.293198689897e-02,1.388624776552e-02,2.774877205278e+03
1894,0.000000000000e+00,5,1.828100216143e+01,3.261075152541e-05,3.042048344512e-03,2.953285750892e-03,2.740297318882e-03,1.290181007922e-02,1.385430935026e-02,2.655204010974e+03
1895,0.000000000000e+00,5,1.830908608650e+01,3.266176417347e-05,3.049674231378e-03,2.967577022235e-03,2.731065406623e-03,1.293616832173e-02,1.388921147523e-02,2.519631523568e+03
1896,0.000000000000e+00,5,1.833721315509e+01,3.271290253347e-05,3.071857234585e-03,2.996233789021e-03,2.747455850836e-03,1.303203481973e-02,1.399271842721e-02,2.435684151638e+03
1897,0.000000000000e+00,5,1.836538343348e+01,3.276413579000e-05,3.091642794383e-03,3.023559672590e-03,2.776975220103e-03,1.312319190104e-02,1.409361292595e-02,2.507713460243e+03
1898,0.000000000000e+00,5,1.839359698806e+01,3.281538791032e-05,3.058836693761e-03,2.996646457780e-03,2.743611046199e-03,1.298618918082e-02,1.394650074122e-02,2.537571068344e+03
1899,0.000000000000e+00,5,1.842185388530e+01,3.286671559605e-05,2.981299602663e-03,2.931183163542e-03,2.680352438071e-03,1.264904996924e-02,1.358906679562e-02,2.562698239144e+03
1900,0.000000000000e+00,5,1.845015419179e+01,3.291818655689e-05,2.884898321811e-03,2.848949183388e-03,2.602122502360e-03,1.223431597487e-02,1.314871395486e-02,2.521839333419e+03
1901,0.000000000000e+00,5,1.847849797422e+01,3.296980512661e-05,2.792775357090e-03,2.763215721878e-03,2.525844674707e-03,1.183732436737e-02,1.272545067257e-02,2.627990451405e+03
1902,0.000000000000e+00,5,1.850688529938e+01,3.302156725205e-05,2.718700657121e-03,2.691244088914e-03,2.459306262425e-03,1.152396551981e-02,1.238886986788e-02,2.647546392021e+03
1903,0.000000000000e+00,5,1.853531623415e+01,3.307334791018e-05,2.676929379757e-03,2.652091945025e-03,2.412397534658e-03,1.135065274317e-02,1.220067711852e-02,2.593863663330e+03
1904,0.000000000000e+00,5,1.856379084553e+01,3.312520441221e-05,2.657134735671e-03,2.636087120256e-03,2.383892914825e-03,1.127156269901e-02,1.211364484440e-02,2.528357124616e+03
1905,0.000000000000e+00,5,1.859230920062e+01,3.317711678970e-05,2.639029424691e-03,2.624324568588e-03,2.369497425958e-03,1.120317046341e-02,1.204064376308e-02,2.490349846553e+03
1906,0.000000000000e+00,5,1.862087136663e+01,3.322906923645e-05,2.611354944830e-03,2.605365020096e-03,2.351124882742e-03,1.109269030489e-02,1.192403740141e-02,2.485484571590e+03
1907,0.000000000000e+00,5,1.864947741085e+01,3.328105036144e-05,2.547763210728e-03,2.554512306466e-03,2.304405921735e-03,1.082593439885e-02,1.164163960798e-02,2.405205507252e+03
1908,0.000000000000e+00,5,1.867812740069e+01,3.333305242935e-05,2.437466336468e-03,2.461123523665e-03,2.195676001208e-03,1.035843489480e-02,1.114076019454e-02,2.322319575491e+03
1909,0.000000000000e+00,5,1.870682140366e+01,3.338507053295e-05,2.350338546546e-03,2.388176119284e-03,2.116046878752e-03,9.993286075432e-03,1.075039057144e-02,2.217611495573e+03
1910,0.000000000000e+00,5,1.873555948738e+01,3.343710185596e-05,2.311584561424e-03,2.355418058496e-03,2.067575268452e-03,9.839034460359e-03,1.058172405697e-02,2.103821564098e+03
1911,0.000000000000e+00,5,1.876434171956e+01,3.348914568768e-05,2.309782467268e-03,2.354139038105e-03,2.056321887592e-03,9.841763273061e-03,1.058139072548e-02,1.995291449092e+03
1912,0.000000000000e+00,5,1.879316816803e+01,3.354120593085e-05,2.321155177583e-03,2.364194056540e-03,2.073599192017e-03,9.898700336367e-03,1.064242720688e-02,2.127468051087e+03
1913,0.000000000000e+00,5,1.882203890072e+01,3.359328967122e-05,2.323216915755e-03,2.364909586666e-03,2.086045998321e-03,9.913404180936e-03,1.065914183002e-02,2.340550885984e+03
1914,0.000000000000e+00,5,1.885095398565e+01,3.364540612304e-05,2.299427709681e-03,2.341848603971e-03,2.073133589407e-03,9.817018416323e-03,1.055667353582e-02,2.380270474444e+03
1915,0.000000000000e+00,5,1.887991349096e+01,3.369756564193e-05,2.257331265127e-03,2.302467713390e-03,2.039380798136e-03,9.642151126635e-03,1.036952527363e-02,2.292993528600e+03
1916,0.000000000000e+00,5,1.890891748490e+01,3.374978383774e-05,2.200142207255e-03,2.248766893552e-03,1.991693567212e-03,9.401835997286e-03,1.011231633501e-02,2.140579775456e+03
1917,0.000000000000e+00,5,1.893796603580e+01,3.380207706278e-05,2.138938304862e-03,2.192087542074e-03,1.938386543305e-03,9.145764678457e-03,9.837817786944e-03,1.969129851170e+03
1918,0.000000000000e+00,5,1.896705921211e+01,3.385446015567e-05,2.085846617047e-03,2.142180842638e-03,1.889087780212e-03,8.925495747276e-03,9.600667781379e-03,1.823898430894e+03
1919,0.000000000000e+00,5,1.899619708240e+01,3.390694712250e-05,2.053667265907e-03,2.111868003318e-03,1.855387373853e-03,8.790410349692e-03,9.454697886528e-03,1.728844850358e+03
1920,0.000000000000e+00,5,1.902537971532e+01,3.395954950392e-05,2.038956848802e-03,2.098878333064e-03,1.838406338264e-03,8.728470304470e-03,9.387681663161e-03,1.674724799905e+03
1921,0.000000000000e+00,5,1.905460717963e+01,3.401227800245e-05,2.036907828244e-03,2.098263391428e-03,1.833487351509e-03,8.719972839461e-03,9.378235705593e-03,1.634318954077e+03
1922,0.000000000000e+00,5,1.908387954422e+01,3.406514432664e-05,2.046425395968e-03,2.107239158422e-03,1.839129396242e-03,8.755786344493e-03,9.416714141280e-03,1.597055169717e+03
1923,0.000000000000e+00,5,1.911319687805e+01,3.411815709352e-05,2.052177440729e-03,2.113388003154e-03,1.847270992034e-03,8.776899342999e-03,9.440562128139e-03,1.604449777663e+03
1924,0.000000000000e+00,5,1.914255925021e+01,3.417132000083e-05,2.054764308292e-03,2.116301810823e-03,1.851843665450e-03,8.784256643564e-03,9.449512128062e-03,1.604361145530e+03
1925,0.000000000000e+00,5,1.917196672989e+01,3.422463431728e-05,2.057153386616e-03,2.118941346068e-03,1.853526005488e-03,8.789226040520e-03,9.455572194665e-03,1.596294064888e+03
1926,0.000000000000e+00,5,1.920141938639e+01,3.427808768937e-05,2.062045284654e-03,2.124400162295e-03,1.855374901868e-03,8.803841132151e-03,9.471807721452e-03,1.577564572249e+03
1927,0.000000000000e+00,5,1.923091728910e+01,3.433166552860e-05,2.069274645747e-03,2.131669939028e-03,1.860224446092e-03,8.829494142161e-03,9.499806107747e-03,1.546418471573e+03
1928,0.000000000000e+00,5,1.926046050754e+01,3.438535387025e-05,2.079500292232e-03,2.140511762178e-03,1.870168509601e-03,8.866261056731e-03,9.540137706020e-03,1.505530518098e+03
1929,0.000000000000e+00,5,1.929004911132e+01,3.443913865812e-05,2.087639912067e-03,2.147342485390e-03,1.879429464931e-03,8.890923571206e-03,9.568181499882e-03,1.501334465295e+03
1930,0.000000000000e+00,5,1.931968317017e+01,3.449300774794e-05,2.084984115265e-03,2.143387381881e-03,1.881111913274e-03,8.869495674731e-03,9.547135894291e-03,1.500493875610e+03
1931,0.000000000000e+00,5,1.934936275391e+01,3.454695131050e-05,2.076052163466e-03,2.131705788502e-03,1.874311137872e-03,8.820544525155e-03,9.495746948816e-03,1.493695177641e+03
1932,0.000000000000e+00,5,1.937908793248e+01,3.460094750661e-05,2.070592662375e-03,2.123500557979e-03,1.869342304776e-03,8.786446342032e-03,9.460057535081e-03,1.488923395884e+03
1933,0.000000000000e+00,5,1.940885877593e+01,3.465486263085e-05,2.073724298461e-03,2.123528286674e-03,1.868397792621e-03,8.791766556499e-03,9.465504442225e-03,1.485115219094e+03
1934,0.000000000000e+00,5,1.943867535440e+01,3.470874654866e-05,2.082936811815e-03,2.131035283947e-03,1.873308865242e-03,8.826371599207e-03,9.502318604179e-03,1.478572651032e+03
1935,0.000000000000e+00,5,1.946853773816e+01,3.476268533537e-05,2.098431127960e-03,2.142669381260e-03,1.887563539495e-03,8.888775350883e-03,9.569099677100e-03,1.471269438185e+03
1936,0.000000000000e+00,5,1.949844599758e+01,3.481668655532e-05,2.083777392643e-03,2.129790944524e-03,1.885835307336e-03,8.826319741997e-03,9.504653212182e-03,1.515153094763e+03
1937,0.000000000000e+00,5,1.952840020313e+01,3.487076277130e-05,2.053300915191e-03,2.099184017866e-03,1.864545254549e-03,8.691097822950e-03,9.361320877073e-03,1.569567346863e+03
1938,0.000000000000e+00,5,1.955840042539e+01,3.492492793477e-05,2.023069553501e-03,2.064951588655e-03,1.835821278512e-03,8.555513981970e-03,9.215416146009e-03,1.589630156204e+03
1939,0.000000000000e+00,5,1.958844673506e+01,3.497919385272e-05,2.000961724994e-03,2.037719387202e-03,1.812095297752e-03,8.453309742799e-03,9.104849427733e-03,1.592360264037e+03
1940,0.000000000000e+00,5,1.961853920294e+01,3.503356780636e-05,1.990829751769e-03,2.021050891062e-03,1.799647491334e-03,8.401787433610e-03,9.048580716191e-03,1.597380657956e+03
1941,0.000000000000e+00,5,1.964867789993e+01,3.508790387681e-05,1.983239570576e-03,2.008244936963e-03,1.791830065655e-03,8.365228810965e-03,9.008551213438e-03,1.603126977853e+03
1942,0.000000000000e+00,5,1.967886289707e+01,3.514228250922e-05,1.977527166889e-03,1.999962645331e-03,1.787067922000e-03,8.339480890980e-03,8.980591159126e-03,1.593568684017e+03
1943,0.000000000000e+00,5,1.970909426547e+01,3.519675030914e-05,1.970021467508e-03,1.993822651083e-03,1.782018872883e-03,8.307967133194e-03,8.947302526234e-03,1.566697519426e+03
1944,0.000000000000e+00,5,1.973937207637e+01,3.525130921092e-05,1.957133554769e-03,1.982307816931e-03,1.771355898608e-03,8.254704247022e-03,8.890318327125e-03,1.534969142501e+03
1945,0.000000000000e+00,5,1.976969640112e+01,3.530596281631e-05,1.941095221175e-03,1.968610985057e-03,1.757761258846e-03,8.191189064734e-03,8.822050940993e-03,1.590640690846e+03
1946,0.000000000000e+00,5,1.980006731117e+01,3.536071922394e-05,1.911463876718e-03,1.935362101317e-03,1.736156705371e-03,8.065446524947e-03,8.687058671818e-03,1.607574279288e+03
1947,0.000000000000e+00,5,1.983048487810e+01,3.541558675144e-05,1.879196020868e-03,1.898168035401e-03,1.708155794590e-03,7.928396375631e-03,8.538833929944e-03,1.606408294987e+03
1948,0.000000000000e+00,5,1.986094917357e+01,3.547056871186e-05,1.854108787143e-03,1.867417596400e-03,1.684275368441e-03,7.823250090563e-03,8.424072255753e-03,1.607710035114e+03
1949,0.000000000000e+00,5,1.989146026938e+01,3.552566541546e-05,1.838460192817e-03,1.845753032915e-03,1.666456451247e-03,7.754266155083e-03,8.348201054530e-03,1.607637716716e+03
1950,0.000000000000e+00,5,1.992201823742e+01,3.558087161197e-05,1.830461790531e-03,1.834326513462e-03,1.657451138279e-03,7.721248777131e-03,8.311448193830e-03,1.595901239691e+03
1951,0.000000000000e+00,5,1.995262314969e+01,3.563617671480e-05,1.824622130767e-03,1.825933615898e-03,1.653459182942e-03,7.705236288594e-03,8.292639689657e-03,1.580165819184e+03
1952,0.000000000000e+00,5,1.998327507831e+01,3.569157811291e-05,1.810889792367e-03,1.812918086177e-03,1.648246956465e-03,7.649184811793e-03,8.233634685954e-03,1.590420777692e+03
1953,0.000000000000e+00,5,2.001397409552e+01,3.574706113544e-05,1.802519638332e-03,1.804482820364e-03,1.641851050243e-03,7.621567047356e-03,8.202999111550e-03,1.619054216352e+03
1954,0.000000000000e+00,5,2.004472027365e+01,3.580260644728e-05,1.799822219446e-03,1.802177493835e-03,1.638421263217e-03,7.609130898968e-03,8.189658174448e-03,1.636917593420e+03
1955,0.000000000000e+00,5,2.007551368515e+01,3.585822050479e-05,1.784586583414e-03,1.787009876141e-03,1.630491615141e-03,7.547458400622e-03,8.124086704812e-03,1.612044514607e+03
1956,0.000000000000e+00,5,2.010635440258e+01,3.591390504564e-05,1.761013588058e-03,1.762979641405e-03,1.614274615401e-03,7.452333866364e-03,8.021996550923e-03,1.555745993951e+03
1957,0.000000000000e+00,5,2.013724249862e+01,3.596964258131e-05,1.742386420379e-03,1.743749950974e-03,1.599083101485e-03,7.378854219530e-03,7.942363041814e-03,1.503301806734e+03
1958,0.000000000000e+00,5,2.016817804605e+01,3.602541053910e-05,1.737070285579e-03,1.737402466717e-03,1.593040014977e-03,7.362784011130e-03,7.923657324258e-03,1.470305528517e+03
1959,0.000000000000e+00,5,2.019916111777e+01,3.608120082492e-05,1.740973049910e-03,1.740244528885e-03,1.595634824528e-03,7.386119476456e-03,7.947342297558e-03,1.445169313770e+03
1960,0.000000000000e+00,5,2.023019178678e+01,3.613702026389e-05,1.737738137314e-03,1.736237802746e-03,1.597530702133e-03,7.378018883084e-03,7.938609609053e-03,1.479009736534e+03
1961,0.000000000000e+00,5,2.026127012621e+01,3.619287973731e-05,1.726240248891e-03,1.724166020275e-03,1.593224634863e-03,7.334163523448e-03,7.891829520978e-03,1.578920563214e+03
1962,0.000000000000e+00,5,2.029239620929e+01,3.624878373742e-05,1.709511600405e-03,1.707125522661e-03,1.582549217330e-03,7.265806537227e-03,7.818766790468e-03,1.627002964525e+03
1963,0.000000000000e+00,5,2.032357010936e+01,3.630473534654e-05,1.676495879820e-03,1.675395270106e-03,1.558201515810e-03,7.128882798553e-03,7.672453953301e-03,1.624447521060e+03
1964,0.000000000000e+00,5,2.035479189989e+01,3.636074377683e-05,1.626909300348e-03,1.628447068032e-03,1.518379996273e-03,6.920843924867e-03,7.449982024837e-03,1.582699444509e+03
1965,0.000000000000e+00,7,2.038606165444e+01,3.641682475973e-05,1.571988739968e-03,1.576273646804e-03,1.469882211822e-03,6.690460963845e-03,7.202680669970e-03,1.535889223695e+03
1966,0.000000000000e+00,7,2.041737944670e+01,3.647311283700e-05,1.537310246482e-03,1.544747643292e-03,1.433589953269e-03,6.544525637476e-03,7.045251170050e-03,1.497864513429e+03
1967,0.000000000000e+00,7,2.044874535046e+01,3.652923753901e-05,1.510325930740e-03,1.519713786249e-03,1.407171958245e-03,6.429371831854e-03,6.921529417801e-03,1.456614215017e+03
1968,0.000000000000e+00,7,2.048015943964e+01,3.658551333894e-05,1.481636128190e-03,1.492866592342e-03,1.384399110316e-03,6.314127940027e-03,6.797695846282e-03,1.406357269365e+03
1969,0.000000000000e+00,7,2.051162178826e+01,3.664198039477e-05,1.463019026651e-03,1.476054848311e-03,1.366547065242e-03,6.235311527866e-03,6.713100872073e-03,1.363914437184e+03
1970,0.000000000000e+00,7,2.054313247045e+01,3.669860283875e-05,1.457800539876e-03,1.470945248309e-03,1.357695050520e-03,6.214861592514e-03,6.690045052307e-03,1.342083025665e+03
1971,0.000000000000e+00,7,2.057469156048e+01,3.675533937978e-05,1.463168728424e-03,1.475983841511e-03,1.359678733879e-03,6.239840739101e-03,6.715931040217e-03,1.332372504545e+03
1972,0.000000000000e+00,7,2.060629913270e+01,3.681216734619e-05,1.468521508114e-03,1.480579805937e-03,1.361753149627e-03,6.265468651187e-03,6.742339433837e-03,1.313626372496e+03
1973,0.000000000000e+00,7,2.063795526160e+01,3.686908000178e-05,1.472036228516e-03,1.485555190764e-03,1.366252310171e-03,6.283008746200e-03,6.761405856976e-03,1.267309068743e+03
1974,0.000000000000e+00,7,2.066966002176e+01,3.692607856384e-05,1.465918541377e-03,1.480891874509e-03,1.363857445358e-03,6.257170216732e-03,6.734555973957e-03,1.193056063384e+03
1975,0.000000000000e+00,7,2.070141348791e+01,3.698316493989e-05,1.452356139547e-03,1.468692500860e-03,1.354241623587e-03,6.198845083221e-03,6.672784033595e-03,1.186537004282e+03
1976,0.000000000000e+00,7,2.073321573486e+01,3.704033796876e-05,1.439885191707e-03,1.456401435515e-03,1.343944818289e-03,6.145025741389e-03,6.615278039781e-03,1.200871257537e+03
1977,0.000000000000e+00,7,2.076506683755e+01,3.709759567589e-05,1.427440431404e-03,1.443315544816e-03,1.330376579644e-03,6.090101876080e-03,6.555912495741e-03,1.211554987305e+03
1978,0.000000000000e+00,7,2.079696687104e+01,3.715493867385e-05,1.422605099937e-03,1.440945472879e-03,1.323319619730e-03,6.070021938399e-03,6.534253612677e-03,1.221503672308e+03
1979,0.000000000000e+00,7,2.082891591049e+01,3.721236902235e-05,1.412983534282e-03,1.433287670520e-03,1.317321462268e-03,6.027960296522e-03,6.490183139636e-03,1.206121281715e+03
1980,0.000000000000e+00,7,2.086091403119e+01,3.726988937407e-05,1.391029665878e-03,1.413899405345e-03,1.301055266521e-03,5.931426375659e-03,6.388163955018e-03,1.168987687569e+03
1981,0.000000000000e+00,7,2.089296130854e+01,3.732750223160e-05,1.363173046596e-03,1.388343476677e-03,1.274985496348e-03,5.806582125329e-03,6.255215612454e-03,1.127802164672e+03
1982,0.000000000000e+00,7,2.092505781806e+01,3.738520980669e-05,1.342890653127e-03,1.369322749456e-03,1.251561289786e-03,5.716067830728e-03,6.157778593455e-03,1.088566396277e+03
1983,0.000000000000e+00,7,2.095720363537e+01,3.744301329885e-05,1.333059507173e-03,1.360891802385e-03,1.238626744269e-03,5.675121908487e-03,6.113123508917e-03,1.053044465598e+03
1984,0.000000000000e+00,7,2.098939883624e+01,3.750091092476e-05,1.324351001635e-03,1.354084272739e-03,1.232346603226e-03,5.639041533149e-03,6.074941757439e-03,1.033635022337e+03
1985,0.000000000000e+00,7,2.102164349651e+01,3.755889977851e-05,1.292760768282e-03,1.325625281172e-03,1.212699814002e-03,5.502731137606e-03,5.931205914631e-03,1.021091750479e+03
1986,0.000000000000e+00,7,2.105393769218e+01,3.761698129073e-05,1.263297953319e-03,1.299501381045e-03,1.183940031203e-03,5.375225308221e-03,5.794772357032e-03,9.918722502464e+02
1987,0.000000000000e+00,7,2.108628149933e+01,3.767516361248e-05,1.252679789265e-03,1.290029703093e-03,1.163710541364e-03,5.330584288732e-03,5.744800638199e-03,1.026209961319e+03
1988,0.000000000000e+00,7,2.111867499420e+01,3.773345635354e-05,1.261327796651e-03,1.297822364787e-03,1.164630893179e-03,5.370072531665e-03,5.785268776283e-03,1.032009276986e+03
1989,0.000000000000e+00,7,2.115111825310e+01,3.779186329476e-05,1.277544045646e-03,1.312791604765e-03,1.181081796091e-03,5.442155224974e-03,5.862384181191e-03,1.019831690292e+03
1990,0.000000000000e+00,7,2.118361135249e+01,3.785038560402e-05,1.286144423013e-03,1.319243521237e-03,1.190423439703e-03,5.480939349637e-03,5.903590015013e-03,1.090992734682e+03
1991,0.000000000000e+00,7,2.121615436893e+01,3.790902672894e-05,1.283671076471e-03,1.316174905845e-03,1.195004332579e-03,5.473196099295e-03,5.896103689010e-03,1.105783719525e+03
1992,0.000000000000e+00,7,2.124874737911e+01,3.796779640115e-05,1.265766982583e-03,1.299018162414e-03,1.185026665880e-03,5.399768149437e-03,5.818195468270e-03,1.080578342649e+03
1993,0.000000000000e+00,7,2.128139045983e+01,3.802670645445e-05,1.239471984333e-03,1.275697648311e-03,1.163120931291e-03,5.289886752429e-03,5.700828662939e-03,1.046896799354e+03
1994,0.000000000000e+00,7,2.131408368801e+01,3.808576224144e-05,1.206444490897e-03,1.247572677594e-03,1.134411933470e-03,5.151435026637e-03,5.553027927533e-03,1.013888776021e+03
1995,0.000000000000e+00,7,2.134682714069e+01,3.814496498018e-05,1.173990028572e-03,1.220427529774e-03,1.102150749760e-03,5.014605051858e-03,5.406357003004e-03,9.765088538260e+02
1996,0.000000000000e+00,7,2.137962089502e+01,3.820431711884e-05,1.148419988426e-03,1.199988570342e-03,1.074186691435e-03,4.907589039796e-03,5.291233152144e-03,9.309455857782e+02
1997,0.000000000000e+00,7,2.141246502829e+01,3.826382222392e-05,1.133056749791e-03,1.189054158048e-03,1.055984359066e-03,4.843707549651e-03,5.222477686133e-03,8.872791829107e+02
1998,0.000000000000e+00,7,2.144535961788e+01,3.832348089427e-05,1.118497792265e-03,1.177909119244e-03,1.042165753159e-03,4.782956545207e-03,5.157643839478e-03,8.440219517435e+02
1999,0.000000000000e+00,7,2.147830474131e+01,3.838329408542e-05,1.105168478743e-03,1.167163803067e-03,1.030154433108e-03,4.727875896489e-03,5.098793715994e-03,8.009496209523e+02
2000,0.000000000000e+00,7,2.151130047620e+01,3.844325247506e-05,1.095224343039e-03,1.158782088804e-03,1.019490276435e-03,4.687405184696e-03,5.055039078007e-03,7.653634649461e+02
2001,0.000000000000e+00,7,2.154434690032e+01,3.850333551514e-05,1.088193077249e-03,1.153257613771e-03,1.012381417490e-03,4.660060329580e-03,5.025459750799e-03,7.408402542530e+02
2002,0.000000000000e+00,7,2.157744409153e+01,3.856351925059e-05,1.084751020403e-03,1.151289404780e-03,1.008127649620e-03,4.648138896459e-03,5.012351606634e-03,7.433679658813e+02
2003,0.000000000000e+00,7,2.161059212782e+01,3.862377945409e-05,1.079818426395e-03,1.148704021804e-03,1.004045143754e-03,4.629792707777e-03,4.992856490164e-03,7.537605656559e+02
2004,0.000000000000e+00,7,2.164379108730e+01,3.868408936059e-05,1.067509127568e-03,1.138742370702e-03,9.953171578061e-04,4.579833377893e-03,4.939821852877e-03,7.601415153944e+02
2005,0.000000000000e+00,7,2.167704104820e+01,3.874443030489e-05,1.055777260798e-03,1.129595322215e-03,9.832227085989e-04,4.532994970576e-03,4.889317080570e-03,7.643365117818e+02
2006,0.000000000000e+00,7,2.171034208887e+01,3.880480069656e-05,1.046480760769e-03,1.122586390293e-03,9.752914369831e-04,4.495297506070e-03,4.849145825964e-03,7.673874236817e+02
2007,0.000000000000e+00,7,2.174369428778e+01,3.886520419770e-05,1.030443604069e-03,1.108739884156e-03,9.634606752534e-04,4.427787110919e-03,4.777517485501e-03,7.674585981940e+02
2008,0.000000000000e+00,7,2.177709772353e+01,3.892564268176e-05,1.009627950694e-03,1.090312702790e-03,9.459506795664e-04,4.340906052735e-03,4.684700463801e-03,7.620745756339e+02
2009,0.000000000000e+00,7,2.181055247482e+01,3.898611343379e-05,9.900585716728e-04,1.072577696167e-03,9.269632945070e-04,4.259408194861e-03,4.597005330590e-03,7.511526546022e+02
2010,0.000000000000e+00,7,2.184405862049e+01,3.904649172201e-05,9.790766876096e-04,1.062824776636e-03,9.134592725682e-04,4.214286989161e-03,4.547835785922e-03,7.346682795378e+02
2011,0.000000000000e+00,7,2.187761623950e+01,3.910689065416e-05,9.766701291228e-04,1.061340259371e-03,9.099397433337e-04,4.203817726958e-03,4.536562741247e-03,7.099105735319e+02
2012,0.000000000000e+00,7,2.191122541090e+01,3.916738232333e-05,9.612217819890e-04,1.047752045449e-03,9.014140134952e-04,4.138151715024e-03,4.467502490564e-03,7.202748480486e+02
2013,0.000000000000e+00,7,2.194488621392e+01,3.922797867541e-05,9.392279205104e-04,1.026976253126e-03,8.825440674940e-04,4.044201782484e-03,4.367067826319e-03,7.196739532623e+02
2014,0.000000000000e+00,7,2.197859872785e+01,3.928868994670e-05,9.213987018085e-04,1.009988968911e-03,8.628746046271e-04,3.967104426187e-03,4.283867808021e-03,6.880849642580e+02
2015,0.000000000000e+00,7,2.201236303214e+01,3.934952260051e-05,9.140834081203e-04,1.001956282847e-03,8.518817920708e-04,3.934420413585e-03,4.247920838273e-03,6.696634508319e+02
2016,0.000000000000e+00,7,2.204617920636e+01,3.941047896230e-05,9.021423249066e-04,9.898081345819e-04,8.433173605409e-04,3.882314128955e-03,4.192508566973e-03,6.652251995914e+02
2017,0.000000000000e+00,7,2.208004733019e+01,3.947155904545e-05,8.882172162738e-04,9.760402730010e-04,8.323698534958e-04,3.821899636770e-03,4.128115895219e-03,6.405066643162e+02
2018,0.000000000000e+00,7,2.211396748343e+01,3.953276118293e-05,8.785170022757e-04,9.662040609718e-04,8.218427254384e-04,3.779881295637e-03,4.082679326764e-03,6.335250309411e+02
2019,0.000000000000e+00,7,2.214793974602e+01,3.959400002662e-05,8.728975572728e-04,9.601233229996e-04,8.153456149987e-04,3.755566514522e-03,4.056211934521e-03,6.193563842159e+02
2020,0.000000000000e+00,7,2.218196419800e+01,3.965530908711e-05,8.720878011710e-04,9.583826298642e-04,8.138078009536e-04,3.751129154830e-03,4.051208149587e-03,6.186135150923e+02
2021,0.000000000000e+00,7,2.221604091956e+01,3.971674256018e-05,8.658145125284e-04,9.526837783201e-04,8.101109004149e-04,3.723876071937e-03,4.022533259240e-03,6.135319467346e+02
2022,0.000000000000e+00,7,2.225016999098e+01,3.977830197217e-05,8.539077194973e-04,9.405164970808e-04,8.011153010445e-04,3.671807581290e-03,3.967075284676e-03,6.100096742837e+02
2023,0.000000000000e+00,7,2.228435149270e+01,3.983998495712e-05,8.371543535515e-04,9.235912473259e-04,7.875095592947e-04,3.599089108071e-03,3.889403799765e-03,6.213370932643e+02
2024,0.000000000000e+00,7,2.231858550526e+01,3.990178675831e-05,8.241514732513e-04,9.100255282421e-04,7.746326070890e-04,3.542378091992e-03,3.828298621516e-03,6.274381322450e+02
2025,0.000000000000e+00,7,2.235287210932e+01,3.996371215124e-05,8.180441498969e-04,9.028287670946e-04,7.671412387355e-04,3.514980985878e-03,3.798406642939e-03,6.290920902558e+02
2026,0.000000000000e+00,7,2.238721138568e+01,4.002575552713e-05,8.107881933310e-04,8.948062970546e-04,7.612636234207e-04,3.483030808696e-03,3.764184071265e-03,6.438257532196e+02
2027,0.000000000000e+00,7,2.242160341526e+01,4.008789701651e-05,8.050895556462e-04,8.886187602189e-04,7.559751394403e-04,3.458115719745e-03,3.737362069190e-03,6.530856779319e+02
2028,0.000000000000e+00,7,2.245604827910e+01,4.015012035777e-05,8.012347751986e-04,8.844251517836e-04,7.518408731059e-04,3.441302527447e-03,3.719141406021e-03,6.430395693454e+02
2029,0.000000000000e+00,7,2.249054605836e+01,4.021242875030e-05,7.985315584841e-04,8.814761116004e-04,7.485472455209e-04,3.430099144147e-03,3.706825582985e-03,6.223166008817e+02
2030,0.000000000000e+00,7,2.252509683433e+01,4.027483330401e-05,7.959375209819e-04,8.788620328420e-04,7.462936486429e-04,3.419172366733e-03,3.695079010457e-03,6.039608251357e+02
2031,0.000000000000e+00,7,2.255970068844e+01,4.033734166796e-05,7.901964222088e-04,8.732347856753e-04,7.431057606911e-04,3.395050916930e-03,3.669540335887e-03,5.898617239118e+02
2032,0.000000000000e+00,7,2.259435770221e+01,4.039995875470e-05,7.852652652920e-04,8.677952155451e-04,7.393293385485e-04,3.374068453870e-03,3.647006426542e-03,6.014215126748e+02
2033,0.000000000000e+00,7,2.262906795732e+01,4.046268703002e-05,7.793957033968e-04,8.627914253799e-04,7.354444235029e-04,3.349665181393e-03,3.621187931284e-03,6.230621915631e+02
2034,0.000000000000e+00,7,2.266383153556e+01,4.052552965452e-05,7.665021928386e-04,8.519695672483e-04,7.245133276915e-04,3.295434251625e-03,3.563451167608e-03,6.273035864321e+02
2035,0.000000000000e+00,7,2.269864851884e+01,4.058848925793e-05,7.566702038669e-04,8.423480545640e-04,7.139106393906e-04,3.253110409707e-03,3.517740152602e-03,6.166654340185e+02
2036,0.000000000000e+00,7,2.273351898921e+01,4.065156480766e-05,7.519643946856e-04,8.376459487116e-04,7.072686455646e-04,3.233045436664e-03,3.495699203135e-03,6.035075674862e+02
2037,0.000000000000e+00,7,2.276844302883e+01,4.071475165010e-05,7.504864623381e-04,8.366329278695e-04,7.049804108820e-04,3.227128715558e-03,3.489203592893e-03,5.960687857756e+02
2038,0.000000000000e+00,7,2.280342072000e+01,4.077804336878e-05,7.460379811834e-04,8.333186148051e-04,7.023863066659e-04,3.209360407022e-03,3.470494680748e-03,5.971890669687e+02
2039,0.000000000000e+00,7,2.283845214515e+01,4.084143258881e-05,7.314172650197e-04,8.198771187982e-04,6.937152695149e-04,3.146860664270e-03,3.404576716861e-03,5.979486966105e+02
2040,0.000000000000e+00,7,2.287353738682e+01,4.090491248128e-05,7.175959706205e-04,8.072571462394e-04,6.798056071731e-04,3.088352812901e-03,3.341656301552e-03,5.803026739338e+02
2041,0.000000000000e+00,7,2.290867652768e+01,4.096847760509e-05,7.087580493840e-04,7.994825208898e-04,6.700617130668e-04,3.051544088144e-03,3.301880418031e-03,5.648250764715e+02
2042,0.000000000000e+00,7,2.294386965054e+01,4.103212399663e-05,7.021216445708e-04,7.938020405408e-04,6.631305937219e-04,3.024040998534e-03,3.272256504078e-03,5.505694720422e+02
2043,0.000000000000e+00,7,2.297911683832e+01,4.109584982781e-05,6.987802756051e-04,7.913225084115e-04,6.587972942330e-04,3.011009631133e-03,3.258017504489e-03,5.362401709742e+02
2044,0.000000000000e+00,7,2.301441817409e+01,4.115965431790e-05,6.975442796111e-04,7.909822220190e-04,6.577427825708e-04,3.007054258494e-03,3.253801127777e-03,5.376716800412e+02
2045,0.000000000000e+00,7,2.304977374102e+01,4.122353689355e-05,6.952853249722e-04,7.900047967387e-04,6.568725665137e-04,2.998279396412e-03,3.244794318532e-03,5.517569686765e+02
2046,0.000000000000e+00,7,2.308518362243e+01,4.128749678933e-05,6.860518803502e-04,7.822847264359e-04,6.499714820431e-04,2.958941070016e-03,3.203190871466e-03,5.571558649924e+02
2047,0.000000000000e+00,7,2.312064790176e+01,4.135153367262e-05,6.793297956255e-04,7.774616173802e-04,6.424610747987e-04,2.931361874466e-03,3.173574358579e-03,5.508746181581e+02
2048,0.000000000000e+00,7,2.315616666257e+01,4.141564787952e-05,6.733572325168e-04,7.732339810556e-04,6.358443841120e-04,2.907065551608e-03,3.147479778203e-03,5.303070560858e+02
2049,0.000000000000e+00,7,2.319173998857e+01,4.147984082920e-05,6.691128476757e-04,7.703724544809e-04,6.312893231011e-04,2.890239253227e-03,3.129408070531e-03,5.099001670905e+02
2050,0.000000000000e+00,7,2.322736796357e+01,4.154411542745e-05,6.655803712946e-04,7.681173696614e-04,6.280617152799e-04,2.876395827336e-03,3.114661457999e-03,5.112664143088e+02
2051,0.000000000000e+00,7,2.326305067154e+01,4.160847566294e-05,6.600473072369e-04,7.641762760296e-04,6.247500556592e-04,2.854718732208e-03,3.091821388875e-03,5.069234578447e+02
2052,0.000000000000e+00,7,2.329878819655e+01,4.167292577965e-05,6.527501175005e-04,7.582864118001e-04,6.176400864218e-04,2.825114220336e-03,3.060037684820e-03,4.949341249530e+02
2053,0.000000000000e+00,7,2.333458062281e+01,4.173746967106e-05,6.508464049235e-04,7.576657540843e-04,6.145881801334e-04,2.817991169062e-03,3.052286241129e-03,4.886720501532e+02
2054,0.000000000000e+00,7,2.337042803467e+01,4.180210861525e-05,6.472789479451e-04,7.556632631859e-04,6.121204184303e-04,2.803155793180e-03,3.036835657601e-03,5.075931209863e+02
2055,0.000000000000e+00,7,2.340633051660e+01,4.186684513917e-05,6.368912524831e-04,7.473692834629e-04,6.046096920282e-04,2.758728813314e-03,2.990038270400e-03,5.235901351437e+02
2056,0.000000000000e+00,7,2.344228815320e+01,4.193167783192e-05,6.275545880759e-04,7.399366125339e-04,5.943555325805e-04,2.718868329668e-03,2.947343625158e-03,5.271997720185e+02
2057,0.000000000000e+00,7,2.347830102920e+01,4.199660891696e-05,6.233852811342e-04,7.369226647603e-04,5.882123621773e-04,2.701629328101e-03,2.928559207536e-03,5.217079138985e+02
2058,0.000000000000e+00,7,2.351436922945e+01,4.206164109428e-05,6.191137135904e-04,7.335859626698e-04,5.833570454987e-04,2.683692699841e-03,2.909288934550e-03,5.153293672591e+02
2059,0.000000000000e+00,7,2.355049283896e+01,4.212677360300e-05,6.175445090678e-04,7.330807213705e-04,5.818739151314e-04,2.677587320630e-03,2.902898495889e-03,5.119452768070e+02
2060,0.000000000000e+00,7,2.358667194284e+01,4.219200487749e-05,6.148106878033e-04,7.312119542125e-04,5.798182300881e-04,2.666484035731e-03,2.891191691426e-03,5.072768225502e+02
2061,0.000000000000e+00,7,2.362290662634e+01,4.225733470564e-05,6.082178717817e-04,7.258455261456e-04,5.750829119535e-04,2.638664519520e-03,2.861826603687e-03,4.958987483686e+02
2062,0.000000000000e+00,7,2.365919697486e+01,4.232276401673e-05,6.026680750236e-04,7.212577366329e-04,5.690949532203e-04,2.615320768050e-03,2.836757535794e-03,4.982961829410e+02
2063,0.000000000000e+00,7,2.369554307389e+01,4.238829379147e-05,5.997465989522e-04,7.189417158890e-04,5.658704493772e-04,2.603055468752e-03,2.823593510525e-03,5.018721948013e+02
2064,0.000000000000e+00,7,2.373194500910e+01,4.245391649879e-05,5.960590633481e-04,7.156350098628e-04,5.622987066642e-04,2.586434355600e-03,2.805929861149e-03,5.057430002881e+02
2065,0.000000000000e+00,7,2.376840286625e+01,4.251963888089e-05,5.890121824402e-04,7.095806215994e-04,5.578431035983e-04,2.555497198403e-03,2.773480641521e-03,5.157906698873e+02
2066,0.000000000000e+00,9,2.380491673126e+01,4.258546446040e-05,5.807508124647e-04,7.021490927582e-04,5.494229588894e-04,2.519510514989e-03,2.734974163961e-03,5.180290068043e+02
2067,0.000000000000e+00,9,2.384148669016e+01,4.265142531008e-05,5.782720927729e-04,6.996536198770e-04,5.445547213941e-04,2.508172897698e-03,2.722385889330e-03,5.086141890387e+02
2068,0.000000000000e+00,9,2.387811282913e+01,4.271742304901e-05,5.775032723958e-04,6.986916339846e-04,5.427656032025e-04,2.504174738315e-03,2.717934077395e-03,4.928129906937e+02
2069,0.000000000000e+00,9,2.391479523448e+01,4.278358255576e-05,5.792204543309e-04,7.000425879258e-04,5.440021575397e-04,2.510952784943e-03,2.725138197459e-03,4.758139069769e+02
2070,0.000000000000e+00,9,2.395153399265e+01,4.284987983863e-05,5.777410523456e-04,6.985308361343e-04,5.433844723422e-04,2.503523198126e-03,2.717466677060e-03,4.606847558733e+02
2071,0.000000000000e+00,9,2.398832919019e+01,4.291628135715e-05,5.786912867162e-04,6.986458336644e-04,5.432660689522e-04,2.505755920008e-03,2.719731670321e-03,4.694681532106e+02
2072,0.000000000000e+00,9,2.402518091383e+01,4.298277010645e-05,5.711873633553e-04,6.915575559466e-04,5.398498233298e-04,2.471954798186e-03,2.684493474245e-03,4.742096335429e+02
2073,0.000000000000e+00,9,2.406208925040e+01,4.304934215962e-05,5.643422425374e-04,6.848030159250e-04,5.335453346655e-04,2.441225680136e-03,2.651733542955e-03,4.678679658581e+02
2074,0.000000000000e+00,9,2.409905428687e+01,4.311600276889e-05,5.565995776654e-04,6.767290338555e-04,5.266785603682e-04,2.406833678021e-03,2.614957730964e-03,4.575578602729e+02
2075,0.000000000000e+00,9,2.413607611033e+01,4.318275853760e-05,5.531152578855e-04,6.723045054725e-04,5.230434837041e-04,2.390819393310e-03,2.597599217327e-03,4.489869719485e+02
2076,0.000000000000e+00,9,2.417315480804e+01,4.324961834247e-05,5.525019272450e-04,6.699492743573e-04,5.210460723024e-04,2.386981402195e-03,2.592924918641e-03,4.419412200578e+02
2077,0.000000000000e+00,9,2.421029046736e+01,4.331658909716e-05,5.493343205407e-04,6.666552793705e-04,5.207723378707e-04,2.372599916451e-03,2.578106213613e-03,4.391944389065e+02
2078,0.000000000000e+00,9,2.424748317580e+01,4.338367292570e-05,5.445157009649e-04,6.605009573639e-04,5.151392959167e-04,2.350070704330e-03,2.553616978488e-03,4.312324124158e+02
2079,0.000000000000e+00,9,2.428473302100e+01,4.345086706428e-05,5.438822318902e-04,6.583569876205e-04,5.144192739334e-04,2.345822122537e-03,2.548872383093e-03,4.147236030016e+02
2080,0.000000000000e+00,9,2.432204009074e+01,4.351816968734e-05,5.368368547920e-04,6.509954397527e-04,5.103960284017e-04,2.314422568087e-03,2.515759289105e-03,4.035770516587e+02
2081,0.000000000000e+00,9,2.435940447292e+01,4.358558039410e-05,5.311114881376e-04,6.436100223897e-04,5.046330771953e-04,2.287828015256e-03,2.486991122570e-03,4.039357233161e+02
2082,0.000000000000e+00,9,2.439682625559e+01,4.365309850260e-05,5.294145796959e-04,6.402800576469e-04,5.025147634539e-04,2.279221416753e-03,2.477419969140e-03,4.005704511388e+02
2083,0.000000000000e+00,9,2.443430552694e+01,4.372072286830e-05,5.239472373076e-04,6.337436751813e-04,5.005892385274e-04,2.254559067078e-03,2.451484841069e-03,4.059940595742e+02
2084,0.000000000000e+00,9,2.447184237527e+01,4.378845234432e-05,5.186315909101e-04,6.273011670901e-04,4.957878322291e-04,2.230770895178e-03,2.425825600220e-03,4.112949766685e+02
2085,0.000000000000e+00,9,2.450943688905e+01,4.385628599206e-05,5.147238317789e-04,6.220714994500e-04,4.928159501949e-04,2.212335390455e-03,2.406077516219e-03,4.082855451563e+02
2086,0.000000000000e+00,9,2.454708915685e+01,4.392422324039e-05,5.122241531421e-04,6.177249399639e-04,4.903189447831e-04,2.199724289441e-03,2.392312124637e-03,3.991952181418e+02
2087,0.000000000000e+00,9,2.458479926740e+01,4.399226428686e-05,5.077209666382e-04,6.126880803635e-04,4.879139464047e-04,2.179452411012e-03,2.370915454998e-03,4.016638097007e+02
2088,0.000000000000e+00,9,2.462256730957e+01,4.406040980956e-05,4.992031985031e-04,6.034290923050e-04,4.810766593254e-04,2.140871723211e-03,2.329827673934e-03,4.160053583766e+02
2089,0.000000000000e+00,9,2.466039337234e+01,4.412866122233e-05,4.946142732038e-04,5.973231721437e-04,4.758583669182e-04,2.119383900282e-03,2.306440450863e-03,4.193430934940e+02
2090,0.000000000000e+00,9,2.469827754486e+01,4.419702011691e-05,4.933291282636e-04,5.943420433192e-04,4.737691849860e-04,2.112504310673e-03,2.298640423490e-03,4.195656550004e+02
2091,0.000000000000e+00,9,2.473621991639e+01,4.426548787587e-05,4.871976637508e-04,5.874717378814e-04,4.710096145408e-04,2.085356179747e-03,2.270031951267e-03,4.253750800443e+02
2092,0.000000000000e+00,9,2.477422057633e+01,4.433406580684e-05,4.815527884028e-04,5.810651594906e-04,4.664510731187e-04,2.061264924532e-03,2.244085448532e-03,4.253205809881e+02
2093,0.000000000000e+00,9,2.481227961424e+01,4.440275482757e-05,4.800250469464e-04,5.784684158344e-04,4.638969527752e-04,2.055152238821e-03,2.236940066551e-03,4.178562006570e+02
2094,0.000000000000e+00,9,2.485039711980e+01,4.447155428665e-05,4.772078377104e-04,5.759566049087e-04,4.615948391813e-04,2.044228450783e-03,2.225172596825e-03,4.073290186503e+02
2095,0.000000000000e+00,9,2.488857318282e+01,4.454046521652e-05,4.725194739472e-04,5.707735093667e-04,4.584507006770e-04,2.023816175362e-03,2.203421432423e-03,3.974556473435e+02
2096,0.000000000000e+00,9,2.492680789327e+01,4.460948810780e-05,4.730647939679e-04,5.697693033738e-04,4.573981638895e-04,2.025109140359e-03,2.204247597040e-03,4.118966665876e+02
2097,0.000000000000e+00,9,2.496510134124e+01,4.467857869585e-05,4.688019454824e-04,5.657010995928e-04,4.558880960626e-04,2.007064225479e-03,2.185390985499e-03,4.176454960398e+02
2098,0.000000000000e+00,9,2.500345361696e+01,4.474778219534e-05,4.621568024137e-04,5.598039246315e-04,4.506615674571e-04,1.978924273674e-03,2.155506082889e-03,4.146280414080e+02
2099,0.000000000000e+00,9,2.504186481082e+01,4.481710160398e-05,4.591164270165e-04,5.570488227944e-04,4.464504871517e-04,1.966272704332e-03,2.141643684139e-03,4.096147175101e+02
2100,0.000000000000e+00,9,2.508033501331e+01,4.488653601982e-05,4.586412185111e-04,5.565621632161e-04,4.453568780201e-04,1.964877205437e-03,2.139906163850e-03,4.050223181058e+02
2101,0.000000000000e+00,9,2.511886431510e+01,4.495608490155e-05,4.539818439530e-04,5.524950637277e-04,4.433620737233e-04,1.945540140203e-03,2.119680795696e-03,4.081078998750e+02
2102,0.000000000000e+00,9,2.515745280696e+01,4.502574767433e-05,4.487918306725e-04,5.478652264045e-04,4.390605814858e-04,1.924313479299e-03,2.096980442066e-03,4.113436431542e+02
2103,0.000000000000e+00,9,2.519610057984e+01,4.509552430315e-05,4.462226816882e-04,5.462409062696e-04,4.364957500554e-04,1.914771218944e-03,2.086713006153e-03,4.047538552768e+02
2104,0.000000000000e+00,9,2.523480772481e+01,4.516541466583e-05,4.419681863417e-04,5.431271878789e-04,4.328949861967e-04,1.897595911541e-03,2.068475605977e-03,3.875192721881e+02
2105,0.000000000000e+00,9,2.527357433306e+01,4.523541869825e-05,4.410189961173e-04,5.430741871524e-04,4.312763362470e-04,1.894817871256e-03,2.065371969192e-03,3.699320332387e+02
2106,0.000000000000e+00,9,2.531240049595e+01,4.530553645476e-05,4.392372882176e-04,5.422563480693e-04,4.299087607404e-04,1.888484661558e-03,2.058680937368e-03,3.798059910794e+02
2107,0.000000000000e+00,9,2.535128630498e+01,4.537576828891e-05,4.372159270589e-04,5.416246489183e-04,4.278071310785e-04,1.881179899615e-03,2.050944119987e-03,3.791796339476e+02
2108,0.000000000000e+00,9,2.539023185177e+01,4.544611466839e-05,4.340187972306e-04,5.401863181764e-04,4.259191233091e-04,1.868954052346e-03,2.038276213881e-03,3.745715073958e+02
2109,0.000000000000e+00,9,2.542923722809e+01,4.551657584230e-05,4.321929116269e-04,5.398601974870e-04,4.234550515196e-04,1.862883780909e-03,2.031720922647e-03,3.708221411144e+02
2110,0.000000000000e+00,9,2.546830252585e+01,4.558715202931e-05,4.279781394590e-04,5.370422005153e-04,4.205668652261e-04,1.845911034851e-03,2.013912522852e-03,3.702549901799e+02
2111,0.000000000000e+00,9,2.550742783711e+01,4.565784330865e-05,4.232965002799e-04,5.346120559817e-04,4.163718753527e-04,1.827814853601e-03,1.994808926985e-03,3.652281529445e+02
2112,0.000000000000e+00,9,2.554661325407e+01,4.572864918104e-05,4.206669224647e-04,5.340214481778e-04,4.132241924602e-04,1.818538038297e-03,1.984936874749e-03,3.517132184028e+02
2113,0.000000000000e+00,9,2.558585886906e+01,4.579956843572e-05,4.171352593088e-04,5.325327887444e-04,4.100687400675e-04,1.804780141519e-03,1.970528032393e-03,3.311276154929e+02
2114,0.000000000000e+00,9,2.562516477455e+01,4.587060105012e-05,4.141602706738e-04,5.318133455301e-04,4.067100182546e-04,1.793263927007e-03,1.958459270739e-03,3.169210151167e+02
2115,0.000000000000e+00,9,2.566453106317e+01,4.594174768146e-05,4.126732248705e-04,5.321854892166e-04,4.042616732758e-04,1.788119131358e-03,1.953027934738e-03,3.142148307462e+02
2116,0.000000000000e+00,9,2.570395782769e+01,4.601300858994e-05,4.112802782054e-04,5.328163079339e-04,4.027209525998e-04,1.784252755512e-03,1.949047651151e-03,3.164090352282e+02
2117,0.000000000000e+00,9,2.574344516100e+01,4.608438352123e-05,4.094523770598e-04,5.330947156655e-04,4.009929879206e-04,1.778072365011e-03,1.942724359380e-03,3.186557870455e+02
2118,0.000000000000e+00,9,2.578299315616e+01,4.615587171306e-05,4.067783377522e-04,5.325720074833e-04,3.981849851768e-04,1.767535478407e-03,1.931795669595e-03,3.167538472023e+02
2119,0.000000000000e+00,9,2.582260190635e+01,4.622747230061e-05,4.029582179313e-04,5.310608484086e-04,3.941358821007e-04,1.752380412597e-03,1.915876080054e-03,3.085658295171e+02
2120,0.000000000000e+00,9,2.586227150491e+01,4.629918479094e-05,4.000703695048e-04,5.303400336356e-04,3.905172489088e-04,1.741366811148e-03,1.904252857289e-03,2.958145804505e+02
2121,0.000000000000e+00,9,2.590200204531e+01,4.637100924641e-05,3.962042874826e-04,5.289458405714e-04,3.871556062029e-04,1.726016141188e-03,1.888328023076e-03,2.808280929906e+02
2122,0.000000000000e+00,9,2.594179362119e+01,4.644294709924e-05,3.920923913352e-04,5.288356482178e-04,3.824134703767e-04,1.709836995000e-03,1.871680046900e-03,2.779613443644e+02
2123,0.000000000000e+00,9,2.598164632630e+01,4.651499774754e-05,3.889287839906e-04,5.277145255212e-04,3.788126954191e-04,1.696441332511e-03,1.857729924484e-03,2.743915282855e+02
2124,0.000000000000e+00,9,2.602156025454e+01,4.658715861510e-05,3.858375759859e-04,5.270202186715e-04,3.752966963143e-04,1.683293184970e-03,1.844164987945e-03,2.829158217456e+02
2125,0.000000000000e+00,9,2.606153549999e+01,4.665942750012e-05,3.815230457883e-04,5.254554159113e-04,3.705005977074e-04,1.665902836246e-03,1.825969928912e-03,2.945733384665e+02
2126,0.000000000000e+00,9,2.610157215683e+01,4.673180526198e-05,3.779006992742e-04,5.242694475681e-04,3.657335793953e-04,1.651134558485e-03,1.810434691859e-03,3.030786375452e+02
2127,0.000000000000e+00,9,2.614167031940e+01,4.680429555013e-05,3.740325737250e-04,5.228476381760e-04,3.617359700844e-04,1.635249870726e-03,1.793924488577e-03,3.034858615996e+02
2128,0.000000000000e+00,9,2.618183008219e+01,4.687690283892e-05,3.695089805022e-04,5.207098194378e-04,3.564840345950e-04,1.616413024217e-03,1.774132896519e-03,2.971674662142e+02
2129,0.000000000000e+00,9,2.622205153984e+01,4.694963016866e-05,3.659841823332e-04,5.192172168498e-04,3.518424829408e-04,1.601937556347e-03,1.758842803445e-03,2.897363477684e+02
2130,0.000000000000e+00,9,2.626233478712e+01,4.702247798320e-05,3.624264858921e-04,5.176828342476e-04,3.475573964540e-04,1.587851272767e-03,1.743965677073e-03,2.821948069633e+02
2131,0.000000000000e+00,9,2.630267991895e+01,4.709544447100e-05,3.592419940658e-04,5.166387216556e-04,3.449064602045e-04,1.575419478649e-03,1.731149149846e-03,2.724551932166e+02
2132,0.000000000000e+00,9,2.634308703041e+01,4.716852691454e-05,3.531388638851e-04,5.130543695557e-04,3.401963265145e-04,1.549655083688e-03,1.704434293917e-03,2.735641197861e+02
2133,0.000000000000e+00,9,2.638355621672e+01,4.724172307068e-05,3.500935100552e-04,5.115464148470e-04,3.339140385231e-04,1.536660588951e-03,1.690286825093e-03,2.798659946502e+02
2134,0.000000000000e+00,9,2.642408757322e+01,4.731503191122e-05,3.483095683642e-04,5.112490740435e-04,3.318959350909e-04,1.529282442842e-03,1.682722458648e-03,2.864550703783e+02
2135,0.000000000000e+00,9,2.646468119543e+01,4.738845353933e-05,3.442731136644e-04,5.088622962705e-04,3.285602148167e-04,1.511489462418e-03,1.664336811802e-03,2.889614500817e+02
2136,0.000000000000e+00,9,2.650533717901e+01,4.746198892957e-05,3.417452559691e-04,5.072671414364e-04,3.248577271003e-04,1.500176114300e-03,1.652322816381e-03,2.864185516216e+02
2137,0.000000000000e+00,9,2.654605561976e+01,4.753563830717e-05,3.376227333788e-04,5.047286038099e-04,3.219155225451e-04,1.482994968800e-03,1.634516367229e-03,2.804040730643e+02
2138,0.000000000000e+00,9,2.658683661362e+01,4.760940195457e-05,3.334648636021e-04,5.011746271376e-04,3.172627864306e-04,1.464535047622e-03,1.614897335285e-03,2.720854250584e+02
2139,0.000000000000e+00,9,2.662768025669e+01,4.768328030731e-05,3.314667096452e-04,4.992139740954e-04,3.137643662406e-04,1.454738469976e-03,1.604305726813e-03,2.614990860334e+02
2140,0.000000000000e+00,9,2.666858664521e+01,4.775727386909e-05,3.300254607054e-04,4.980756396062e-04,3.130059959599e-04,1.447417111762e-03,1.596867307077e-03,2.483867463958e+02
2141,0.000000000000e+00,9,2.670955587559e+01,4.783138304869e-05,3.262868354167e-04,4.946114767805e-04,3.095160544104e-04,1.429764548312e-03,1.578331544219e-03,2.490892362787e+02
2142,0.000000000000e+00,11,2.675058804435e+01,4.790560791407e-05,3.240157680702e-04,4.917095188057e-04,3.069471482951e-04,1.417545453019e-03,1.565380507117e-03,2.504516002361e+02
2143,0.000000000000e+00,11,2.679168324819e+01,4.797994875117e-05,3.235436967582e-04,4.902961243270e-04,3.064654182979e-04,1.413189109518e-03,1.560799578779e-03,2.527447683358e+02
2144,0.000000000000e+00,11,2.683284158394e+01,4.805440951497e-05,3.237462978880e-04,4.893568130585e-04,3.078567062226e-04,1.412187136576e-03,1.559913464318e-03,2.543234734429e+02
2145,0.000000000000e+00,11,2.687406314859e+01,4.812899957129e-05,3.219635845389e-04,4.867257662747e-04,3.069177035619e-04,1.402598051693e-03,1.549852345450e-03,2.522040666063e+02
2146,0.000000000000e+00,11,2.691534803927e+01,4.820371003904e-05,3.179095960032e-04,4.825400075298e-04,3.030128111185e-04,1.383255681084e-03,1.529419632753e-03,2.455382477055e+02
2147,0.000000000000e+00,11,2.695669635327e+01,4.827853204845e-05,3.179904324850e-04,4.796282559268e-04,3.016446778541e-04,1.380213836400e-03,1.525496943591e-03,2.351401268303e+02
2148,0.000000000000e+00,11,2.699810818801e+01,4.835346257213e-05,3.185722354865e-04,4.780674765514e-04,3.029612775500e-04,1.380592863860e-03,1.525732274285e-03,2.216230965272e+02
2149,0.000000000000e+00,11,2.703958364109e+01,4.842850288739e-05,3.166138415081e-04,4.747096023429e-04,3.022427038818e-04,1.369922675297e-03,1.514474271665e-03,2.143484418522e+02
2150,0.000000000000e+00,11,2.708112281023e+01,4.850365575697e-05,3.132053613178e-04,4.696806647679e-04,3.015310751193e-04,1.352164191815e-03,1.495983461173e-03,2.141743073368e+02
2151,0.000000000000e+00,11,2.712272579332e+01,4.857892379403e-05,3.117911177294e-04,4.665549814063e-04,2.998606300074e-04,1.343620071901e-03,1.486646745805e-03,2.174428944432e+02
2152,0.000000000000e+00,11,2.716439268839e+01,4.865430666890e-05,3.105927148567e-04,4.630852345756e-04,2.986854690663e-04,1.335469758895e-03,1.477703710275e-03,2.174170369112e+02
2153,0.000000000000e+00,11,2.720612359363e+01,4.872980466651e-05,3.094464133777e-04,4.599661592642e-04,2.985578813125e-04,1.328075409138e-03,1.469777891816e-03,2.129308996815e+02
2154,0.000000000000e+00,11,2.724791860736e+01,4.880542048861e-05,3.077810659631e-04,4.566975212638e-04,2.981153407640e-04,1.318576542223e-03,1.459732394856e-03,2.133837820376e+02
2155,0.000000000000e+00,11,2.728977782808e+01,4.888115729611e-05,3.048309178899e-04,4.524398680618e-04,2.970256053717e-04,1.304049862339e-03,1.444435521727e-03,2.112440553203e+02
2156,0.000000000000e+00,11,2.733170135442e+01,4.895701695800e-05,3.033478954570e-04,4.493181662324e-04,2.960607537660e-04,1.296051309642e-03,1.435725505565e-03,2.108125929837e+02
2157,0.000000000000e+00,11,2.737368928518e+01,4.903299831217e-05,3.000722877819e-04,4.448044078179e-04,2.926422785244e-04,1.280738816280e-03,1.419093287214e-03,2.199304665061e+02
2158,0.000000000000e+00,11,2.741574171928e+01,4.910910158760e-05,2.972250013999e-04,4.417322647048e-04,2.916693957676e-04,1.267731372481e-03,1.405590254782e-03,2.296161437608e+02
2159,0.000000000000e+00,11,2.745785875583e+01,4.918532846374e-05,2.968276398061e-04,4.395195548226e-04,2.905253024883e-04,1.264440123390e-03,1.401605459411e-03,2.317293901318e+02
2160,0.000000000000e+00,11,2.750004049406e+01,4.926167959446e-05,2.948371625008e-04,4.362885926924e-04,2.896617651112e-04,1.255147184425e-03,1.391608810422e-03,2.289011291645e+02
2161,0.000000000000e+00,11,2.754228703338e+01,4.933815315738e-05,2.902207020812e-04,4.315380245817e-04,2.883483024445e-04,1.234885995377e-03,1.370598879205e-03,2.263246009275e+02
2162,0.000000000000e+00,11,2.758459847334e+01,4.941473955399e-05,2.852409269399e-04,4.264237771243e-04,2.827916693970e-04,1.212726682918e-03,1.346802420491e-03,2.252257592754e+02
2163,0.000000000000e+00,11,2.762697491363e+01,4.949143395907e-05,2.838743868368e-04,4.254652102527e-04,2.819906578448e-04,1.208137437554e-03,1.341909129475e-03,2.221668138752e+02
2164,0.000000000000e+00,11,2.766941645412e+01,4.956824023779e-05,2.809710468723e-04,4.227562339174e-04,2.801288658228e-04,1.196171573916e-03,1.329272800523e-03,2.286726936347e+02
2165,0.000000000000e+00,11,2.771192319480e+01,4.964516552788e-05,2.775918989467e-04,4.194423856695e-04,2.778227403302e-04,1.181820413775e-03,1.314105833910e-03,2.334920122134e+02
2166,0.000000000000e+00,11,2.775449523586e+01,4.972221623830e-05,2.742104755937e-04,4.163575719615e-04,2.758339732664e-04,1.167724200383e-03,1.299311048835e-03,2.332642870673e+02
2167,0.000000000000e+00,11,2.779713267759e+01,4.979939617825e-05,2.717264648478e-04,4.141642457676e-04,2.723600956768e-04,1.157776726407e-03,1.288407646708e-03,2.337016043549e+02
2168,0.000000000000e+00,11,2.783983562048e+01,4.987670705049e-05,2.697184377340e-04,4.128031174380e-04,2.716735930083e-04,1.150843272940e-03,1.281171818855e-03,2.355804168729e+02
2169,0.000000000000e+00,11,2.788260416515e+01,4.995414780278e-05,2.661616293443e-04,4.105101344090e-04,2.690583820961e-04,1.137613849531e-03,1.267248305190e-03,2.356583851205e+02
2170,0.000000000000e+00,11,2.792543841237e+01,5.003171705772e-05,2.639064443534e-04,4.085191491183e-04,2.674278693882e-04,1.129032229177e-03,1.258080262310e-03,2.322058599135e+02
2171,0.000000000000e+00,11,2.796833846309e+01,5.010941228421e-05,2.582890111415e-04,4.062428168355e-04,2.627549067218e-04,1.107226466664e-03,1.235612005848e-03,2.254726044695e+02
2172,0.000000000000e+00,11,2.801130441839e+01,5.018722982590e-05,2.569895793238e-04,4.058122529988e-04,2.606943094538e-04,1.103745477313e-03,1.231642330482e-03,2.163241995318e+02
2173,0.000000000000e+00,11,2.805433637952e+01,5.026516751651e-05,2.554115040615e-04,4.040058724677e-04,2.603185817529e-04,1.097737606339e-03,1.225254829728e-03,2.208611335368e+02
2174,0.000000000000e+00,11,2.809743444787e+01,5.034322494974e-05,2.513021511373e-04,4.024603794863e-04,2.578951433439e-04,1.082206527732e-03,1.209465998633e-03,2.239249506569e+02
2175,0.000000000000e+00,11,2.814059872501e+01,5.042140350301e-05,2.489672931939e-04,4.021384932456e-04,2.552182158634e-04,1.074230007544e-03,1.201168817297e-03,2.246522383220e+02
2176,0.000000000000e+00,11,2.818382931264e+01,5.049970477468e-05,2.482523680161e-04,4.023961557776e-04,2.552988777713e-04,1.073261056010e-03,1.200257770543e-03,2.226477913478e+02
2177,0.000000000000e+00,11,2.822712631264e+01,5.057812958867e-05,2.448524311685e-04,4.029822744640e-04,2.520783801844e-04,1.062538891933e-03,1.189487214394e-03,2.185162395974e+02
2178,0.000000000000e+00,11,2.827048982703e+01,5.065667787753e-05,2.429145528289e-04,4.021056514674e-04,2.506362921393e-04,1.055398379207e-03,1.182108592596e-03,2.134112095347e+02
2179,0.000000000000e+00,11,2.831391995799e+01,5.073534825259e-05,2.419981020479e-04,4.022201341268e-04,2.493442511312e-04,1.053297913159e-03,1.179810648845e-03,2.083701566620e+02
2180,0.000000000000e+00,11,2.835741680786e+01,5.081414041464e-05,2.408848299344e-04,4.029833861891e-04,2.480008976267e-04,1.050488809848e-03,1.177052375927e-03,2.081691776937e+02
2181,0.000000000000e+00,11,2.840098047914e+01,5.089305526924e-05,2.389032335530e-04,4.034527766217e-04,2.461121228252e-04,1.043918958908e-03,1.170549814291e-03,2.106417884704e+02
2182,0.000000000000e+00,11,2.844461107448e+01,5.097209404886e-05,2.371531225694e-04,4.041567009474e-04,2.444362746876e-04,1.038018006559e-03,1.164823899475e-03,2.110678208899e+02
2183,0.000000000000e+00,11,2.848830869669e+01,5.105125741567e-05,2.363795294506e-04,4.049247885717e-04,2.423869011396e-04,1.035692551837e-03,1.162432724126e-03,2.092261805297e+02
2184,0.000000000000e+00,11,2.853207344873e+01,5.113054610940e-05,2.351736347366e-04,4.057026153913e-04,2.410730207957e-04,1.031901215962e-03,1.158808686311e-03,2.056447541887e+02
2185,0.000000000000e+00,11,2.857590543375e+01,5.120996043958e-05,2.335812728575e-04,4.066483534180e-04,2.392125379200e-04,1.027063794906e-03,1.154125544069e-03,2.008277722878e+02
2186,0.000000000000e+00,11,2.861980475502e+01,5.128950015007e-05,2.319493532553e-04,4.075297365008e-04,2.370731423839e-04,1.021708524688e-03,1.148900767198e-03,1.947593179625e+02
2187,0.000000000000e+00,11,2.866377151598e+01,5.136916462111e-05,2.303075989859e-04,4.082729399464e-04,2.347874429009e-04,1.016067041300e-03,1.143348485547e-03,1.922617321077e+02
2188,0.000000000000e+00,11,2.870780582025e+01,5.144895310265e-05,2.288355123381e-04,4.089230867849e-04,2.328165468433e-04,1.012160996363e-03,1.139410904658e-03,1.937520545293e+02
2189,0.000000000000e+00,11,2.875190777157e+01,5.152886493466e-05,2.265734318120e-04,4.098679744081e-04,2.304252460820e-04,1.005019546029e-03,1.132469583865e-03,1.938303058791e+02
2190,0.000000000000e+00,11,2.879607747389e+01,5.160889983624e-05,2.249362452764e-04,4.104543466566e-04,2.279386817875e-04,9.999630482309e-04,1.127364726081e-03,1.927632188063e+02
2191,0.000000000000e+00,11,2.884031503127e+01,5.168905780471e-05,2.232531302653e-04,4.109158297980e-04,2.254655606506e-04,9.941284013560e-04,1.121525646953e-03,1.903145051499e+02
2192,0.000000000000e+00,11,2.888462054795e+01,5.176933916258e-05,2.213543265391e-04,4.114354756470e-04,2.229263095134e-04,9.874507189498e-04,1.114913427279e-03,1.863269195222e+02
2193,0.000000000000e+00,11,2.892899412835e+01,5.184974412368e-05,2.193165653880e-04,4.119786888440e-04,2.200841488659e-04,9.802011032185e-04,1.107726243820e-03,1.808186811426e+02
2194,0.000000000000e+00,11,2.897343587701e+01,5.193027233373e-05,2.170267623138e-04,4.123023451782e-04,2.170697441260e-04,9.715995518171e-04,1.099190066506e-03,1.755954943122e+02
2195,0.000000000000e+00,11,2.901794589867e+01,5.201092305118e-05,2.147037219310e-04,4.123777478290e-04,2.138344541373e-04,9.624995762366e-04,1.090084264242e-03,1.775628178534e+02
2196,0.000000000000e+00,11,2.906252429821e+01,5.209169579708e-05,2.121496148363e-04,4.123259514337e-04,2.104913842532e-04,9.524188325387e-04,1.080013150253e-03,1.780561082336e+02
2197,0.000000000000e+00,11,2.910717118067e+01,5.217259063016e-05,2.091910511400e-04,4.120033094094e-04,2.067718461575e-04,9.405801963964e-04,1.068154167271e-03,1.774064943842e+02
2198,0.000000000000e+00,11,2.915188665125e+01,5.225360763897e-05,2.062258308967e-04,4.115939554552e-04,2.028964158950e-04,9.284416731625e-04,1.055987487399e-03,1.754125393274e+02
2199,0.000000000000e+00,11,2.919667081533e+01,5.233474683892e-05,2.037211432359e-04,4.112581564278e-04,1.992489525798e-04,9.178128599077e-04,1.045330649290e-03,1.718021626401e+02
2200,0.000000000000e+00,11,2.924152377843e+01,5.241600837404e-05,2.015121341166e-04,4.110462687248e-04,1.960427683303e-04,9.081378922742e-04,1.035718771495e-03,1.666337428987e+02
2201,0.000000000000e+00,11,2.928644564625e+01,5.249739239039e-05,1.990169791190e-04,4.104357415933e-04,1.931889010322e-04,8.974228394695e-04,1.025063393278e-03,1.601973478617e+02
2202,0.000000000000e+00,11,2.933143652464e+01,5.257889899941e-05,1.965554476716e-04,4.100093930606e-04,1.898026970003e-04,8.872638484498e-04,1.014891101036e-03,1.569352007100e+02
2203,0.000000000000e+00,11,2.937649651962e+01,5.266052823271e-05,1.946190952146e-04,4.095530209618e-04,1.866426025077e-04,8.792665137192e-04,1.006754852196e-03,1.589338451638e+02
2204,0.000000000000e+00,11,2.942162573736e+01,5.274227966529e-05,1.926329979380e-04,4.084473980114e-04,1.844728289580e-04,8.701840978891e-04,9.975907666371e-04,1.599293876193e+02
2205,0.000000000000e+00,11,2.946682428420e+01,5.282415271338e-05,1.900738084812e-04,4.073247124582e-04,1.818964756945e-04,8.591782121541e-04,9.865672821253e-04,1.599545316496e+02
2206,0.000000000000e+00,11,2.951209226666e+01,5.290614702419e-05,1.877627640473e-04,4.061974377523e-04,1.790760760698e-04,8.489763042973e-04,9.762582753954e-04,1.589687498227e+02
2207,0.000000000000e+00,11,2.955742979141e+01,5.298826269924e-05,1.861948046897e-04,4.051878705978e-04,1.763839019546e-04,8.416807738799e-04,9.687019777830e-04,1.569321924622e+02
2208,0.000000000000e+00,11,2.960283696527e+01,5.307050013935e-05,1.848556653025e-04,4.041227082174e-04,1.748297443592e-04,8.349762530391e-04,9.618926982482e-04,1.537858623321e+02
2209,0.000000000000e+00,11,2.964831389524e+01,5.315285965853e-05,1.830166242714e-04,4.022733362240e-04,1.728950249527e-04,8.252118973194e-04,9.519381738997e-04,1.495246845389e+02
2210,0.000000000000e+00,11,2.969386068849e+01,5.323534137381e-05,1.823414223293e-04,4.013898006512e-04,1.724563791527e-04,8.209320849205e-04,9.476459555796e-04,1.441410635756e+02
2211,0.000000000000e+00,11,2.973947745235e+01,5.331794525073e-05,1.819261221728e-04,4.007707322605e-04,1.733739668622e-04,8.183149352337e-04,9.452048240342e-04,1.376538644550e+02
2212,0.000000000000e+00,11,2.978516429429e+01,5.340067145141e-05,1.803985958990e-04,3.989492891265e-04,1.726262083014e-04,8.102197795624e-04,9.369952442161e-04,1.301077495239e+02
2213,0.000000000000e+00,11,2.983092132199e+01,5.348352024520e-05,1.792990939367e-04,3.971366466390e-04,1.720624328179e-04,8.037909366603e-04,9.303499512735e-04,1.267486730155e+02
2214,0.000000000000e+00,11,2.987674864326e+01,5.356649164792e-05,1.786141072492e-04,3.955642449268e-04,1.720062061764e-04,7.991240536919e-04,9.255049753109e-04,1.307570847137e+02
2215,0.000000000000e+00,11,2.992264636608e+01,5.364958602258e-05,1.778227422510e-04,3.939848338431e-04,1.712867868915e-04,7.941951229315e-04,9.202880166621e-04,1.314092002355e+02
2216,0.000000000000e+00,11,2.996861459862e+01,5.373280464330e-05,1.769996206361e-04,3.923985510077e-04,1.692076689526e-04,7.893484613226e-04,9.148812585047e-04,1.301446061750e+02
2217,0.000000000000e+00,11,3.001465344919e+01,5.381614895902e-05,1.766508443339e-04,3.910662933496e-04,1.702755054101e-04,7.864657795904e-04,9.119542405228e-04,1.332428999725e+02
2218,0.000000000000e+00,11,3.006076302628e+01,5.389961979520e-05,1.759264543192e-04,3.889363221456e-04,1.697942612957e-04,7.811668988217e-04,9.062413558193e-04,1.352331635825e+02
2219,0.000000000000e+00,11,3.010694343854e+01,5.398321736852e-05,1.745191612660e-04,3.865289538657e-04,1.699830313491e-04,7.730882508568e-04,8.980096014993e-04,1.361766348222e+02
2220,0.000000000000e+00,11,3.015319479479e+01,5.406694192052e-05,1.732532042025e-04,3.844978104130e-04,1.698334090409e-04,7.659764713038e-04,8.907404674743e-04,1.362218569656e+02
2221,0.000000000000e+00,11,3.019951720402e+01,5.415079406136e-05,1.721914901332e-04,3.824932382609e-04,1.688417968295e-04,7.597784660843e-04,8.841503585203e-04,1.354520934731e+02
2222,0.000000000000e+00,11,3.024591077538e+01,5.423477483153e-05,1.718343660037e-04,3.809475476064e-04,1.689022630284e-04,7.567186043935e-04,8.807945867559e-04,1.338728316626e+02
2223,0.000000000000e+00,11,3.029237561819e+01,5.431888523073e-05,1.710011784935e-04,3.791883285788e-04,1.698759899578e-04,7.516688316406e-04,8.757220312409e-04,1.314748801246e+02
2224,0.000000000000e+00,11,3.033891184194e+01,5.440312598981e-05,1.693424489266e-04,3.770869362468e-04,1.694486206231e-04,7.430884433362e-04,8.670436506585e-04,1.282156179090e+02
2225,0.000000000000e+00,11,3.038551955630e+01,5.448749763411e-05,1.675829271555e-04,3.748199862043e-04,1.683852580856e-04,7.343041596944e-04,8.579803340504e-04,1.240693035674e+02
2226,0.000000000000e+00,11,3.043219887108e+01,5.457200062227e-05,1.657821960826e-04,3.728500189682e-04,1.675009941111e-04,7.254386376785e-04,8.490104082092e-04,1.191633033452e+02
2227,0.000000000000e+00,11,3.047894989628e+01,5.465663575222e-05,1.651255137197e-04,3.715500880330e-04,1.675800775825e-04,7.213996527671e-04,8.448765854334e-04,1.174282491476e+02
2228,0.000000000000e+00,13,3.052577274207e+01,5.474140306426e-05,1.639550657586e-04,3.704298045911e-04,1.665345066442e-04,7.159554188521e-04,8.393005465292e-04,1.196257802209e+02
2229,0.000000000000e+00,13,3.057266751878e+01,5.482629982813e-05,1.622714142503e-04,3.684217707327e-04,1.654673090962e-04,7.078052717905e-04,8.309237908416e-04,1.237513555714e+02
2230,0.000000000000e+00,13,3.061963433691e+01,5.491133783000e-05,1.605425685713e-04,3.666723702301e-04,1.647278096745e-04,6.998318412077e-04,8.228744744261e-04,1.256716565895e+02
2231,0.000000000000e+00,13,3.066667330713e+01,5.499651253240e-05,1.587267226020e-04,3.655158807003e-04,1.639937428702e-04,6.924432695952e-04,8.155781144809e-04,1.267148084905e+02
2232,0.000000000000e+00,13,3.071378454029e+01,5.508181780680e-05,1.563852290107e-04,3.642538310311e-04,1.630345022654e-04,6.830465714754e-04,8.063932421634e-04,1.271103231162e+02
2233,0.000000000000e+00,13,3.076096814741e+01,5.516725156340e-05,1.537901516786e-04,3.626471836271e-04,1.610937182790e-04,6.722085702335e-04,7.956003635685e-04,1.264623442909e+02
2234,0.000000000000e+00,13,3.080822423965e+01,5.525281488732e-05,1.516926784328e-04,3.614918749226e-04,1.594374243495e-04,6.637370092347e-04,7.871811443602e-04,1.245566820318e+02
2235,0.000000000000e+00,13,3.085555292839e+01,5.533850960564e-05,1.499177033841e-04,3.608796877476e-04,1.581014965838e-04,6.570265121576e-04,7.806339652595e-04,1.214501437379e+02
2236,0.000000000000e+00,13,3.090295432514e+01,5.542433701138e-05,1.477250364616e-04,3.601443462594e-04,1.563906743248e-04,6.483580816650e-04,7.722388760068e-04,1.226720892635e+02
2237,0.000000000000e+00,13,3.095042854159e+01,5.551029789076e-05,1.454540137545e-04,3.594184498732e-04,1.544601163386e-04,6.393080011478e-04,7.634861754462e-04,1.248105913246e+02
2238,0.000000000000e+00,13,3.099797568963e+01,5.559639258828e-05,1.435114962751e-04,3.589368689267e-04,1.526883910903e-04,6.318248260662e-04,7.562721606971e-04,1.262128034019e+02
2239,0.000000000000e+00,13,3.104559588128e+01,5.568262160724e-05,1.419714418888e-04,3.588500502165e-04,1.522964840483e-04,6.262273113394e-04,7.511884672791e-04,1.271069575999e+02
2240,0.000000000000e+00,13,3.109328922877e+01,5.576898547897e-05,1.390715474087e-04,3.579624441447e-04,1.487139183423e-04,6.143404674677e-04,7.395999230624e-04,1.268228092078e+02
2241,0.000000000000e+00,13,3.114105584447e+01,5.585548440520e-05,1.379199464296e-04,3.582501779499e-04,1.480710012666e-04,6.113560214834e-04,7.369167578800e-04,1.249533044667e+02
2242,0.000000000000e+00,13,3.118889584094e+01,5.594211839604e-05,1.367498372052e-04,3.585695054418e-04,1.469314390865e-04,6.086764937229e-04,7.344035198794e-04,1.216252150189e+02
2243,0.000000000000e+00,13,3.123680933091e+01,5.602888760097e-05,1.351412235983e-04,3.587138425738e-04,1.455926900113e-04,6.039583755057e-04,7.300011793812e-04,1.204153705513e+02
2244,0.000000000000e+00,13,3.128479642729e+01,5.611579213047e-05,1.335133104526e-04,3.588785279251e-04,1.441052658563e-04,5.990432584533e-04,7.254231558336e-04,1.230105861134e+02
2245,0.000000000000e+00,13,3.133285724316e+01,5.620283222482e-05,1.319292382417e-04,3.591487186054e-04,1.426198624177e-04,5.949288070017e-04,7.215773254028e-04,1.244028320756e+02
2246,0.000000000000e+00,13,3.138099189175e+01,5.629000763459e-05,1.306661007645e-04,3.596668190615e-04,1.413213023919e-04,5.921818563161e-04,7.190861645745e-04,1.245522964944e+02
2247,0.000000000000e+00,13,3.142920048650e+01,5.637731807598e-05,1.296134241151e-04,3.603199280563e-04,1.401389627343e-04,5.900937097237e-04,7.172723369802e-04,1.233430985832e+02
2248,0.000000000000e+00,13,3.147748314101e+01,5.646476360052e-05,1.287270411229e-04,3.611253897783e-04,1.390308324655e-04,5.885934161521e-04,7.160684186392e-04,1.210005655597e+02
2249,0.000000000000e+00,13,3.152583996905e+01,5.655234450761e-05,1.280254130246e-04,3.620241596626e-04,1.379294499461e-04,5.876937628793e-04,7.154442610359e-04,1.176760421314e+02
2250,0.000000000000e+00,13,3.157427108457e+01,5.664006124798e-05,1.272992241912e-04,3.629233584363e-04,1.368620986402e-04,5.865239728193e-04,7.146048287791e-04,1.180024596237e+02
2251,0.000000000000e+00,13,3.162277660168e+01,5.672791425447e-05,1.266804734017e-04,3.639155762098e-04,1.357664562077e-04,5.857261583957e-04,7.141359479886e-04,1.203982011651e+02
2252,0.000000000000e+00,13,3.167135663470e+01,5.681590375410e-05,1.262318384428e-04,3.649998131070e-04,1.345692929553e-04,5.855172634218e-04,7.142119440168e-04,1.218225922638e+02
2253,0.000000000000e+00,13,3.172001129809e+01,5.690402974717e-05,1.257388189849e-04,3.659160470811e-04,1.334526034091e-04,5.847828445049e-04,7.137824435324e-04,1.222068397920e+02
2254,0.000000000000e+00,13,3.176874070650e+01,5.699229233642e-05,1.249706903149e-04,3.667762427059e-04,1.322541626655e-04,5.834132368789e-04,7.127444522121e-04,1.213339778367e+02
2255,0.000000000000e+00,13,3.181754497476e+01,5.708069160680e-05,1.240225968349e-04,3.677559710037e-04,1.309830725681e-04,5.819322401955e-04,7.116373769082e-04,1.192537148108e+02
2256,0.000000000000e+00,13,3.186642421787e+01,5.716922737872e-05,1.230048036616e-04,3.684181239518e-04,1.294621801885e-04,5.792756166898e-04,7.093537847721e-04,1.161364512387e+02
2257,0.000000000000e+00,13,3.191537855101e+01,5.725789932534e-05,1.220726927262e-04,3.691899435304e-04,1.278773832682e-04,5.768813360629e-04,7.073525696304e-04,1.124911990115e+02
2258,0.000000000000e+00,13,3.196440808953e+01,5.734670730751e-05,1.211009176518e-04,3.699379300018e-04,1.262717366293e-04,5.741722079758e-04,7.050799814158e-04,1.157001431474e+02
2259,0.000000000000e+00,13,3.201351294898e+01,5.743565128890e-05,1.201811734246e-04,3.706243529623e-04,1.246151548232e-04,5.714243288439e-04,7.027521795489e-04,1.177629355251e+02
2260,0.000000000000e+00,13,3.206269324505e+01,5.752473120344e-05,1.192085588626e-04,3.712191032660e-04,1.228449192007e-04,5.682248550449e-04,6.999890450571e-04,1.186894380392e+02
2261,0.000000000000e+00,13,3.211194909365e+01,5.761394696833e-05,1.181998535939e-04,3.717058421883e-04,1.211874537780e-04,5.647755659833e-04,6.969894385078e-04,1.187151023457e+02
2262,0.000000000000e+00,13,3.216128061083e+01,5.770329776340e-05,1.165655024000e-04,3.721108702599e-04,1.192715036588e-04,5.596452966876e-04,6.924467963713e-04,1.180612007897e+02
2263,0.000000000000e+00,13,3.221068791283e+01,5.779278446524e-05,1.150818161125e-04,3.723752568986e-04,1.172434554845e-04,5.553063384334e-04,6.884898791619e-04,1.166101483555e+02
2264,0.000000000000e+00,13,3.226017111610e+01,5.788240832009e-05,1.138807810054e-04,3.725743355285e-04,1.153968895739e-04,5.515927291740e-04,6.850922921606e-04,1.141508743400e+02
2265,0.000000000000e+00,13,3.230973033721e+01,5.797216969828e-05,1.125391151728e-04,3.726325819445e-04,1.136371400611e-04,5.470269919282e-04,6.809346687236e-04,1.105965062487e+02
2266,0.000000000000e+00,13,3.235936569296e+01,5.806206883851e-05,1.109516947000e-04,3.726314277232e-04,1.118026413374e-04,5.414438923542e-04,6.758888804098e-04,1.061375363916e+02
2267,0.000000000000e+00,13,3.240907730031e+01,5.815210535363e-05,1.094282236431e-04,3.726248556167e-04,1.097281390239e-04,5.359806759224e-04,6.709242644360e-04,1.065861948812e+02
2268,0.000000000000e+00,13,3.245886527640e+01,5.824227734488e-05,1.078919932588e-04,3.725313117736e-04,1.078441908398e-04,5.301399227608e-04,6.656567941994e-04,1.082163547198e+02
2269,0.000000000000e+00,13,3.250872973854e+01,5.833258520165e-05,1.065908939483e-04,3.724329149147e-04,1.061688254894e-04,5.249644788337e-04,6.610048549954e-04,1.091978629708e+02
2270,0.000000000000e+00,13,3.255867080425e+01,5.842303086585e-05,1.051926811385e-04,3.722712745185e-04,1.044048803527e-04,5.193594810385e-04,6.559619284553e-04,1.093914991178e+02
2271,0.000000000000e+00,13,3.260868859119e+01,5.851361555004e-05,1.038175430121e-04,3.720500357117e-04,1.021855509688e-04,5.139109870037e-04,6.509575260338e-04,1.088075779946e+02
2272,0.000000000000e+00,13,3.265878321723e+01,5.860433854992e-05,1.029323595529e-04,3.717875404507e-04,1.000038390885e-04,5.100323496661e-04,6.472671870378e-04,1.075318979125e+02
2273,0.000000000000e+00,13,3.270895480042e+01,5.869519818271e-05,1.019991802368e-04,3.714009811369e-04,9.905242663919e-05,5.056635937697e-04,6.433114135826e-04,1.056347864498e+02
2274,0.000000000000e+00,13,3.275920345898e+01,5.878619323103e-05,1.009565790350e-04,3.709429167314e-04,9.812989168382e-05,5.009109893712e-04,6.390087426932e-04,1.031434997826e+02
2275,0.000000000000e+00,13,3.280952931131e+01,5.887732325588e-05,9.979360982652e-05,3.704410478239e-04,9.708205828219e-05,4.958018205704e-04,6.343734750101e-04,1.000760883049e+02
2276,0.000000000000e+00,13,3.285993247601e+01,5.896858871916e-05,9.875357742947e-05,3.699194036857e-04,9.620265046250e-05,4.912176759527e-04,6.301923431800e-04,9.647187518923e+01
2277,0.000000000000e+00,13,3.291041307183e+01,5.905999030718e-05,9.797220397530e-05,3.693936423880e-04,9.547141990707e-05,4.875179120732e-04,6.267684759142e-04,9.240021894548e+01
2278,0.000000000000e+00,13,3.296097121775e+01,5.915152862741e-05,9.715794232371e-05,3.687576157835e-04,9.507584453696e-05,4.834086693958e-04,6.230130037298e-04,8.791276921486e+01
2279,0.000000000000e+00,13,3.301160703288e+01,5.924320359565e-05,9.648893775741e-05,3.680841146965e-04,9.478804619898e-05,4.797813354178e-04,6.196538825175e-04,8.305741068146e+01
2280,0.000000000000e+00,13,3.306232063655e+01,5.933501719253e-05,9.576095476760e-05,3.674018458456e-04,9.466906644273e-05,4.759974754891e-04,6.161899914814e-04,7.788996433722e+01
2281,0.000000000000e+00,13,3.311311214826e+01,5.942697166966e-05,9.495946033585e-05,3.667017428508e-04,9.468517426710e-05,4.720271410129e-04,6.125866235855e-04,7.248312263885e+01
2282,0.000000000000e+00,13,3.316398168769e+01,5.951906777197e-05,9.427265613343e-05,3.659922731294e-04,9.462898230641e-05,4.684422110677e-04,6.092868184092e-04,7.412848364412e+01
2283,0.000000000000e+00,13,3.321492937472e+01,5.961130498561e-05,9.334623205923e-05,3.652847823906e-04,9.409020299297e-05,4.640031361482e-04,6.052258817503e-04,7.547997074965e+01
2284,0.000000000000e+00,13,3.326595532940e+01,5.970368277837e-05,9.284423167101e-05,3.645949811048e-04,9.357723474275e-05,4.609403877755e-04,6.023058123131e-04,7.608629780632e+01
2285,0.000000000000e+00,13,3.331705967196e+01,5.979620128219e-05,9.230454809342e-05,3.639066677303e-04,9.329873507346e-05,4.577824866954e-04,5.993476883318e-04,7.598537290116e+01
2286,0.000000000000e+00,13,3.336824252283e+01,5.988886119114e-05,9.161428590622e-05,3.631423106422e-04,9.364341274381e-05,4.539557141460e-04,5.959113980423e-04,7.501132519015e+01
2287,0.000000000000e+00,13,3.341950400261e+01,5.998166330037e-05,9.116807580220e-05,3.625162179034e-04,9.375119667004e-05,4.512731500130e-04,5.934360699251e-04,7.324200858517e+01
2288,0.000000000000e+00,13,3.347084423210e+01,6.007460833758e-05,9.046525874342e-05,3.619631440406e-04,9.372120252274e-05,4.477323175350e-04,5.902958348582e-04,7.545410022800e+01
2289,0.000000000000e+00,13,3.352226333227e+01,6.016769702170e-05,8.957311479166e-05,3.612641066413e-04,9.370304300615e-05,4.432640932733e-04,5.863432563736e-04,7.627155387445e+01
2290,0.000000000000e+00,13,3.357376142430e+01,6.026093010076e-05,8.871877484615e-05,3.607463095831e-04,9.328800322257e-05,4.393561768293e-04,5.828768502449e-04,7.674744797951e+01
2291,0.000000000000e+00,13,3.362533862952e+01,6.035430813698e-05,8.789029701856e-05,3.602254805790e-04,9.290417411254e-05,4.355368215561e-04,5.794916821380e-04,7.709786968718e+01
2292,0.000000000000e+00,13,3.367699506947e+01,6.044783139979e-05,8.697966263415e-05,3.597223786093e-04,9.253915923662e-05,4.314750015547e-04,5.759338715019e-04,7.688913805784e+01
2293,0.000000000000e+00,13,3.372873086589e+01,6.054150010467e-05,8.598388783001e-05,3.592577404729e-04,9.209350700265e-05,4.272037278502e-04,5.722268712471e-04,7.586129267062e+01
2294,0.000000000000e+00,13,3.378054614067e+01,6.063531473188e-05,8.494511682171e-05,3.588585328339e-04,9.157080495606e-05,4.229977520575e-04,5.686012926696e-04,7.403459434072e+01
2295,0.000000000000e+00,13,3.383244101592e+01,6.072927606335e-05,8.389775545502e-05,3.585211753293e-04,9.099555380040e-05,4.190211170804e-04,5.651859463050e-04,7.155523444780e+01
2296,0.000000000000e+00,13,3.388441561392e+01,6.082338479483e-05,8.281258513726e-05,3.582502013903e-04,9.039992763005e-05,4.151177421578e-04,5.618683278341e-04,7.074680068298e+01
2297,0.000000000000e+00,13,3.393647005715e+01,6.091764125795e-05,8.177199591818e-05,3.580516754076e-04,8.975751132748e-05,4.115536682243e-04,5.588564164857e-04,7.191410513762e+01
2298,0.000000000000e+00,13,3.398860446826e+01,6.101204568970e-05,8.067832753554e-05,3.578965707238e-04,8.906433547386e-05,4.079205215107e-04,5.558152171295e-04,7.239738911006e+01
2299,0.000000000000e+00,13,3.404081897010e+01,6.110659833648e-05,7.953819118053e-05,3.577989936792e-04,8.830080599545e-05,4.042775674818e-04,5.527963708660e-04,7.211615363471e+01
2300,0.000000000000e+00,13,3.409311368572e+01,6.120129946940e-05,7.841133450868e-05,3.577936500117e-04,8.745687044555e-05,4.009250116449e-04,5.500492728099e-04,7.114000011974e+01
2301,0.000000000000e+00,13,3.414548873834e+01,6.129614934179e-05,7.723963600637e-05,3.578477103129e-04,8.655056716056e-05,3.975733330655e-04,5.473358210342e-04,6.950482974377e+01
2302,0.000000000000e+00,13,3.419794425137e+01,6.139114812515e-05,7.611948174638e-05,3.579837303643e-04,8.555861800770e-05,3.945085673180e-04,5.448888083908e-04,6.717200287738e+01
2303,0.000000000000e+00,13,3.425048034843e+01,6.148629587460e-05,7.506240241323e-05,3.581759912151e-04,8.461536263557e-05,3.916391277550e-04,5.426466354099e-04,6.572234764300e+01
2304,0.000000000000e+00,13,3.430309715331e+01,6.158159265555e-05,7.404110820776e-05,3.583817405443e-04,8.371445693357e-05,3.888774543503e-04,5.405121112999e-04,6.672355100646e+01
2305,0.000000000000e+00,13,3.435579478999e+01,6.167703866290e-05,7.308758175774e-05,3.586476373566e-04,8.281324257282e-05,3.866023972003e-04,5.387850861476e-04,6.705570244189e+01
2306,0.000000000000e+00,13,3.440857338265e+01,6.177263417786e-05,7.212902655927e-05,3.589830163421e-04,8.193197600011e-05,3.846511513519e-04,5.373460332245e-04,6.678258080913e+01
2307,0.000000000000e+00,13,3.446143305566e+01,6.186837949470e-05,7.125915899021e-05,3.593770313330e-04,8.104573560267e-05,3.830954515119e-04,5.362464495157e-04,6.589024073661e+01
2308,0.000000000000e+00,13,3.451437393359e+01,6.196427495168e-05,7.040829070176e-05,3.597637993164e-04,8.014641348202e-05,3.815230209959e-04,5.351360404999e-04,6.433184175146e+01
2309,0.000000000000e+00,13,3.456739614116e+01,6.206032073353e-05,6.964722634229e-05,3.601747241037e-04,7.922697839132e-05,3.802471832860e-04,5.342671639941e-04,6.216918468393e+01
2310,0.000000000000e+00,13,3.462049980334e+01,6.215651687718e-05,6.901486188407e-05,3.606341228263e-04,7.843995957110e-05,3.794726318660e-04,5.338279941146e-04,6.186587543267e+01
2311,0.000000000000e+00,13,3.467368504525e+01,6.225286346551e-05,6.842631407277e-05,3.611342777819e-04,7.769170634038e-05,3.788571277251e-04,5.335436734784e-04,6.252305891796e+01
2312,0.000000000000e+00,13,3.472695199222e+01,6.234936075741e-05,6.787056226614e-05,3.616331799857e-04,7.692140716776e-05,3.783066611588e-04,5.333083562506e-04,6.318448584301e+01
2313,0.000000000000e+00,13,3.478030076977e+01,6.244600902470e-05,6.729910058279e-05,3.620959785151e-04,7.615118994657e-05,3.776330130565e-04,5.329618775077e-04,6.334800419141e+01
2314,0.000000000000e+00,15,3.483373150360e+01,6.254280834388e-05,6.678706870202e-05,3.625547308426e-04,7.541753529501e-05,3.771029332682e-04,5.327296427941e-04,6.296248130439e+01
2315,0.000000000000e+00,15,3.488724431963e+01,6.263975695905e-05,6.640106590093e-05,3.630191857262e-04,7.476562513229e-05,3.768624851502e-04,5.327356400440e-04,6.235425390098e+01
2316,0.000000000000e+00,15,3.494083934394e+01,6.273686366919e-05,6.591878578200e-05,3.635302100322e-04,7.400791856813e-05,3.764960855387e-04,5.326593417577e-04,6.260288108926e+01
2317,0.000000000000e+00,15,3.499451670284e+01,6.283412474307e-05,6.539449499589e-05,3.639745738710e-04,7.314273095206e-05,3.758694725753e-04,5.323360310044e-04,6.289901471896e+01
2318,0.000000000000e+00,15,3.504827652280e+01,6.293153551246e-05,6.500644340865e-05,3.642612587311e-04,7.237277860042e-05,3.754218435122e-04,5.320634191198e-04,6.323702501784e+01
2319,0.000000000000e+00,15,3.510211893050e+01,6.302909387671e-05,6.467688751630e-05,3.646131986274e-04,7.187251891382e-05,3.752798753845e-04,5.320963523984e-04,6.361828294438e+01
2320,0.000000000000e+00,15,3.515604405283e+01,6.312680014525e-05,6.414913566897e-05,3.650302045356e-04,7.124020332147e-05,3.747543964805e-04,5.318629391875e-04,6.415402374341e+01
2321,0.000000000000e+00,15,3.521005201685e+01,6.322465562615e-05,6.364280929354e-05,3.654101896520e-04,7.044968435027e-05,3.741321860825e-04,5.315195806028e-04,6.466164238344e+01
2322,0.000000000000e+00,15,3.526414294981e+01,6.332266159710e-05,6.324023502593e-05,3.657366139862e-04,6.972611740102e-05,3.735759795110e-04,5.312093203735e-04,6.511193614216e+01
2323,0.000000000000e+00,15,3.531831697920e+01,6.342081904124e-05,6.285976722154e-05,3.660382020071e-04,6.908614164169e-05,3.729642906822e-04,5.308583358625e-04,6.554077068541e+01
2324,0.000000000000e+00,15,3.537257423265e+01,6.351912860001e-05,6.249554336640e-05,3.663363124649e-04,6.846386141261e-05,3.723719322122e-04,5.305244037648e-04,6.608927365471e+01
2325,0.000000000000e+00,15,3.542691483802e+01,6.361759062400e-05,6.215206163788e-05,3.666124001794e-04,6.785845332182e-05,3.717310989171e-04,5.301474420578e-04,6.665351686849e+01
2326,0.000000000000e+00,15,3.548133892336e+01,6.371620521087e-05,6.184757198906e-05,3.668431834774e-04,6.738941460141e-05,3.710500582450e-04,5.297343884898e-04,6.723097655198e+01
2327,0.000000000000e+00,15,3.553584661691e+01,6.381497226023e-05,6.154212551880e-05,3.670647595164e-04,6.685105707797e-05,3.703348849843e-04,5.292834417974e-04,6.781741049043e+01
2328,0.000000000000e+00,15,3.559043804712e+01,6.391389159853e-05,6.119123574122e-05,3.672606358262e-04,6.641418243441e-05,3.694485832460e-04,5.287039258885e-04,6.840684521173e+01
2329,0.000000000000e+00,15,3.564511334262e+01,6.401296305857e-05,6.081253577116e-05,3.674273657652e-04,6.609782704205e-05,3.684201472885e-04,5.280183342346e-04,6.899341554806e+01
2330,0.000000000000e+00,15,3.569987263226e+01,6.411218656312e-05,6.033008620087e-05,3.675680471344e-04,6.556738020151e-05,3.670611832802e-04,5.270474193018e-04,6.952822721486e+01
2331,0.000000000000e+00,15,3.575471604506e+01,6.421156221031e-05,5.994162179150e-05,3.676601671741e-04,6.503816514176e-05,3.658118065398e-04,5.261323381797e-04,7.001370295380e+01
2332,0.000000000000e+00,15,3.580964371026e+01,6.431109027421e-05,5.958644210785e-05,3.677107200042e-04,6.463449898301e-05,3.645434899827e-04,5.251964320487e-04,7.049237476376e+01
2333,0.000000000000e+00,15,3.586465575730e+01,6.441077098420e-05,5.918754680742e-05,3.677452404294e-04,6.428054341214e-05,3.631427666768e-04,5.241606478997e-04,7.098406416327e+01
2334,0.000000000000e+00,15,3.591975231579e+01,6.451060451884e-05,5.875382433082e-05,3.677794760739e-04,6.389556669333e-05,3.616566246820e-04,5.230601423490e-04,7.147475744383e+01
2335,0.000000000000e+00,15,3.597493351557e+01,6.461059099661e-05,5.831149554977e-05,3.677860974781e-04,6.357018054159e-05,3.600631580000e-04,5.218749750797e-04,7.194414236674e+01
2336,0.000000000000e+00,15,3.603019948668e+01,6.471073063425e-05,5.790110639450e-05,3.677487515785e-04,6.340312032897e-05,3.584305151405e-04,5.206573463043e-04,7.238318854448e+01
2337,0.000000000000e+00,15,3.608555035933e+01,6.481102375951e-05,5.744250480156e-05,3.677053993449e-04,6.314475472966e-05,3.566595671345e-04,5.193266880719e-04,7.279203164101e+01
2338,0.000000000000e+00,15,3.614098626396e+01,6.491147045263e-05,5.702254124977e-05,3.676430395093e-04,6.293191428736e-05,3.549508769061e-04,5.180381506824e-04,7.317244428845e+01
2339,0.000000000000e+00,15,3.619650733120e+01,6.501207158262e-05,5.659290676444e-05,3.675782653192e-04,6.290565658209e-05,3.532195392361e-04,5.167569087678e-04,7.352429268741e+01
2340,0.000000000000e+00,15,3.625211369187e+01,6.511282809872e-05,5.607866070213e-05,3.675443732572e-04,6.253781442464e-05,3.513030684140e-04,5.153236911004e-04,7.384625520633e+01
2341,0.000000000000e+00,15,3.630780547701e+01,6.521374036323e-05,5.565572665785e-05,3.674909081668e-04,6.216964922607e-05,3.496034098675e-04,5.140376804972e-04,7.413721829549e+01
2342,0.000000000000e+00,15,3.636358281785e+01,6.531480845175e-05,5.527136838746e-05,3.674068978814e-04,6.206114965697e-05,3.479768893411e-04,5.128179546257e-04,7.439677547696e+01
2343,0.000000000000e+00,15,3.641944584582e+01,6.541603235550e-05,5.478589552705e-05,3.672354335354e-04,6.201652006515e-05,3.458415975923e-04,5.111905881164e-04,7.462501988337e+01
2344,0.000000000000e+00,15,3.647539469256e+01,6.551741232142e-05,5.442315024636e-05,3.671626595290e-04,6.178668771426e-05,3.442815795895e-04,5.100173513308e-04,7.482235617934e+01
2345,0.000000000000e+00,15,3.653142948991e+01,6.561894902790e-05,5.405755777970e-05,3.671627213337e-04,6.150075384123e-05,3.428346739257e-04,5.089682110496e-04,7.498925835180e+01
2346,0.000000000000e+00,15,3.658755036990e+01,6.572064258864e-05,5.367412235321e-05,3.671289478498e-04,6.126743578051e-05,3.412697318595e-04,5.078221187880e-04,7.512460273815e+01
2347,0.000000000000e+00,15,3.664375746478e+01,6.582249349620e-05,5.313742828985e-05,3.670547120068e-04,6.104709695846e-05,3.392594232220e-04,5.063363034423e-04,7.523177971049e+01
2348,0.000000000000e+00,15,3.670005090700e+01,6.592450323618e-05,5.262959398890e-05,3.669966658572e-04,6.075901029677e-05,3.374143375207e-04,5.049718006092e-04,7.531729460003e+01
2349,0.000000000000e+00,15,3.675643082921e+01,6.602667211804e-05,5.214939055481e-05,3.669641177320e-04,6.053747251594e-05,3.356564678914e-04,5.036985930634e-04,7.538473048661e+01
2350,0.000000000000e+00,15,3.681289736425e+01,6.612899999611e-05,5.173920960469e-05,3.669492024328e-04,6.032972896444e-05,3.341237184554e-04,5.026002371746e-04,7.543336551280e+01
2351,0.000000000000e+00,15,3.686945064520e+01,6.623148895294e-05,5.127228784844e-05,3.669445551687e-04,6.012981857343e-05,3.325266959464e-04,5.014646075924e-04,7.546324610196e+01
2352,0.000000000000e+00,15,3.692609080530e+01,6.633414018813e-05,5.075197680092e-05,3.669657067120e-04,5.990633266822e-05,3.309207423455e-04,5.003367860352e-04,7.547646991558e+01
2353,0.000000000000e+00,15,3.698281797803e+01,6.643695288211e-05,5.032156699776e-05,3.670210444307e-04,5.961202414276e-05,3.296580370597e-04,4.994644351509e-04,7.547601876581e+01
2354,0.000000000000e+00,15,3.703963229705e+01,6.653992522281e-05,4.983116107126e-05,3.670692082008e-04,5.937817185222e-05,3.281585865023e-04,4.984343220631e-04,7.546470602672e+01
2355,0.000000000000e+00,15,3.709653389626e+01,6.664305639728e-05,4.943036468383e-05,3.671334648130e-04,5.911132602361e-05,3.269860846154e-04,4.976388151408e-04,7.544516213717e+01
2356,0.000000000000e+00,15,3.715352290972e+01,6.674634714762e-05,4.896839388072e-05,3.672141907133e-04,5.889043812201e-05,3.257812137824e-04,4.968356352117e-04,7.541997892071e+01
2357,0.000000000000e+00,15,3.721059947173e+01,6.684979822408e-05,4.851305859434e-05,3.673318144598e-04,5.864434690181e-05,3.247318866352e-04,4.961614015516e-04,7.539928640559e+01
2358,0.000000000000e+00,15,3.726776371678e+01,6.695341016529e-05,4.814404267154e-05,3.675082678345e-04,5.837417547835e-05,3.240192149975e-04,4.957581787745e-04,7.546231443056e+01
2359,0.000000000000e+00,15,3.732501577957e+01,6.705718328348e-05,4.770989657864e-05,3.676987403190e-04,5.809943528936e-05,3.231219922667e-04,4.952392998652e-04,7.554909990842e+01
2360,0.000000000000e+00,15,3.738235579502e+01,6.716111962950e-05,4.731605746413e-05,3.678552879292e-04,5.779101141283e-05,3.222865803080e-04,4.947370645081e-04,7.557341390832e+01
2361,0.000000000000e+00,15,3.743978389824e+01,6.726522117718e-05,4.692032035777e-05,3.679814718291e-04,5.745479550132e-05,3.214047163611e-04,4.941800535202e-04,7.552792279205e+01
2362,0.000000000000e+00,15,3.749730022455e+01,6.736948675774e-05,4.655678358923e-05,3.681164617386e-04,5.726078111739e-05,3.206186906777e-04,4.937128774573e-04,7.541033718572e+01
2363,0.000000000000e+00,15,3.755490490948e+01,6.747391545843e-05,4.624897575154e-05,3.682817059626e-04,5.701777533424e-05,3.200665459245e-04,4.934207162543e-04,7.532964153383e+01
2364,0.000000000000e+00,15,3.761259808878e+01,6.757850791194e-05,4.583960662972e-05,3.684631813214e-04,5.691208832140e-05,3.194022579788e-04,4.930752211626e-04,7.533774547545e+01
2365,0.000000000000e+00,15,3.767037989839e+01,6.768326455355e-05,4.559651960487e-05,3.686457961313e-04,5.672987600559e-05,3.192232517242e-04,4.930522577560e-04,7.539702096316e+01
2366,0.000000000000e+00,15,3.772825047447e+01,6.778818684901e-05,4.529723735094e-05,3.688033115622e-04,5.652714308967e-05,3.188420629195e-04,4.928725000682e-04,7.546666659064e+01
2367,0.000000000000e+00,15,3.778620995338e+01,6.789327670318e-05,4.498661233597e-05,3.689743835175e-04,5.634380278325e-05,3.184066955925e-04,4.926696041890e-04,7.554078541701e+01
2368,0.000000000000e+00,15,3.784425847171e+01,6.799853483488e-05,4.488270486854e-05,3.691241810825e-04,5.614332803241e-05,3.184599423598e-04,4.927838536584e-04,7.562967207965e+01
2369,0.000000000000e+00,15,3.790239616623e+01,6.810395995405e-05,4.458895102325e-05,3.692923102454e-04,5.603751239497e-05,3.180099781649e-04,4.925804847612e-04,7.573964117324e+01
2370,0.000000000000e+00,15,3.796062317394e+01,6.820955041899e-05,4.445509078337e-05,3.694923499389e-04,5.584588094813e-05,3.181361501512e-04,4.927780679087e-04,7.586964171640e+01
2371,0.000000000000e+00,15,3.801893963206e+01,6.831530543087e-05,4.430480666602e-05,3.696983269244e-04,5.560628647013e-05,3.182125916286e-04,4.929412555167e-04,7.601762152513e+01
2372,0.000000000000e+00,15,3.807734567798e+01,6.842122508093e-05,4.398342618073e-05,3.698572701269e-04,5.551730118359e-05,3.176693767316e-04,4.926712348900e-04,7.618219083744e+01
2373,0.000000000000e+00,15,3.813584144935e+01,6.852730982925e-05,4.403704453795e-05,3.700271854048e-04,5.515737290189e-05,3.180932967536e-04,4.930365711134e-04,7.636058116190e+01
2374,0.000000000000e+00,15,3.819442708400e+01,6.863356249348e-05,4.364405474540e-05,3.701877677758e-04,5.511689857701e-05,3.173989546726e-04,4.926700273626e-04,7.654714628360e+01
2375,0.000000000000e+00,15,3.825310271999e+01,6.873998456390e-05,4.368365452271e-05,3.704394648874e-04,5.489434599154e-05,3.181194649893e-04,4.933021812697e-04,7.674413096981e+01
2376,0.000000000000e+00,15,3.831186849557e+01,6.884657606899e-05,4.363292352444e-05,3.706837048671e-04,5.453354526906e-05,3.185031784363e-04,4.936885893992e-04,8.080224910794e+01
2377,0.000000000000e+00,15,3.837072454923e+01,6.895333642793e-05,4.325469239990e-05,3.708050727503e-04,5.460540932372e-05,3.176080890336e-04,4.931774724568e-04,7.717638885509e+01
2378,0.000000000000e+00,15,3.842967101964e+01,6.906026415222e-05,4.350825886778e-05,3.709879260512e-04,5.405332906224e-05,3.185437352063e-04,4.938794220125e-04,8.302345855826e+01
2379,0.000000000000e+00,15,3.848870804572e+01,6.916735684019e-05,4.289880536904e-05,3.711528949348e-04,5.402654883883e-05,3.173724601925e-04,4.931925844826e-04,7.765077329570e+01
2380,0.000000000000e+00,15,3.854783576658e+01,6.927461319877e-05,4.307536373375e-05,3.714266240496e-04,5.372408043989e-05,3.184259040602e-04,4.940592648755e-04,7.788708169143e+01
2381,0.000000000000e+00,15,3.860705432154e+01,6.938203368348e-05,4.293241671830e-05,3.716849885467e-04,5.326122830362e-05,3.184166617894e-04,4.941850382820e-04,9.928659544642e+01
2382,0.000000000000e+00,15,3.866636385015e+01,6.948961945157e-05,4.251923792156e-05,3.718576900205e-04,5.356514603814e-05,3.175429299242e-04,4.937496981627e-04,7.836390838173e+01
2383,0.000000000000e+00,13,3.872576449216e+01,6.959737113458e-05,4.287206656864e-05,3.720970288579e-04,5.282832108655e-05,3.187885529416e-04,4.946829145748e-04,8.298983278264e+01
2384,0.000000000000e+00,15,3.878525638755e+01,6.970528831251e-05,4.194498244390e-05,3.722408785913e-04,5.279111683381e-05,3.168356681486e-04,4.934515131949e-04,8.122887798598e+01
2385,0.000000000000e+00,13,3.884483967651e+01,6.981336529266e-05,4.244125468517e-05,3.724812471290e-04,5.239227681517e-05,3.184316302569e-04,4.946586635045e-04,7.994671645717e+01
2386,0.000000000000e+00,15,3.890451449943e+01,6.992161375526e-05,4.175363432748e-05,3.726036662332e-04,5.223308753451e-05,3.167548072480e-04,4.935977729063e-04,7.933916952146e+01
2387,0.000000000000e+00,15,3.896428099693e+01,7.003002956077e-05,4.176403892462e-05,3.727676007268e-04,5.204278993325e-05,3.168847716636e-04,4.937857122227e-04,8.892444864606e+01
2388,0.000000000000e+00,13,3.902413930985e+01,7.013861768296e-05,4.185018492391e-05,3.729656079764e-04,5.160323042078e-05,3.172860975841e-04,4.941539677281e-04,8.056482277812e+01
2389,0.000000000000e+00,15,3.908408957924e+01,7.024737688910e-05,4.089614181920e-05,3.730998157675e-04,5.168213866999e-05,3.152764960267e-04,4.928958098278e-04,8.005385814509e+01
2390,0.000000000000e+00,13,3.914413194636e+01,7.035629711511e-05,4.172711555542e-05,3.733505308728e-04,5.081562142226e-05,3.176256718621e-04,4.945705873603e-04,9.869018814979e+01
2391,0.000000000000e+00,15,3.920426655270e+01,7.046538763519e-05,4.042386719876e-05,3.733933971053e-04,5.139985787634e-05,3.142538071386e-04,4.923963025166e-04,8.051144695328e+01
2392,0.000000000000e+00,13,3.926449353996e+01,7.057464242099e-05,4.115474018686e-05,3.736348704468e-04,5.052098200536e-05,3.163556079588e-04,4.938926698822e-04,9.450609756430e+01
2393,0.000000000000e+00,15,3.932481305006e+01,7.068406819867e-05,4.049385898182e-05,3.737748520227e-04,5.043132222283e-05,3.148849634442e-04,4.929941694222e-04,9.908886902171e+01
2394,0.000000000000e+00,15,3.938522522513e+01,7.079365707513e-05,4.005368986158e-05,3.739105594991e-04,5.061588368644e-05,3.139472519941e-04,4.924817248310e-04,8.121104553572e+01
2395,0.000000000000e+00,13,3.944573020753e+01,7.090341791349e-05,4.078178507405e-05,3.741555237105e-04,4.959428575826e-05,3.159100179655e-04,4.938767483368e-04,1.076871936434e+02
2396,0.000000000000e+00,15,3.950632813983e+01,7.101335247082e-05,3.933070379160e-05,3.742636856365e-04,5.044872954590e-05,3.125294253056e-04,4.917722304498e-04,8.184658986613e+01
2397,0.000000000000e+00,13,3.956701916483e+01,7.112344837396e-05,4.030479314448e-05,3.745706604751e-04,4.940796904132e-05,3.153660118479e-04,4.937859099577e-04,8.706732618224e+01
2398,0.000000000000e+00,15,3.962780342554e+01,7.123371331431e-05,3.931774205529e-05,3.747290895453e-04,4.928003268710e-05,3.132688597329e-04,4.924770811843e-04,1.024968634659e+02
2399,0.000000000000e+00,15,3.968868106520e+01,7.134414033976e-05,3.932319167983e-05,3.748968982140e-04,4.938657130309e-05,3.134236442800e-04,4.927143309396e-04,8.257217436932e+01
2400,0.000000000000e+00,15,3.974965222724e+01,7.145474129816e-05,3.961450903295e-05,3.750816710015e-04,4.852303950926e-05,3.141707522210e-04,4.932679962875e-04,1.020262522344e+02
2401,0.000000000000e+00,15,3.981071705535e+01,7.156551697675e-05,3.850935017300e-05,3.751153659813e-04,4.905441525079e-05,3.113634565507e-04,4.914753763688e-04,8.307359202434e+01
2402,0.000000000000e+00,15,3.987187569342e+01,7.167646309775e-05,3.931560461376e-05,3.753490295855e-04,4.817376813321e-05,3.135882203047e-04,4.930424876489e-04,8.332503544306e+01
2403,0.000000000000e+00,15,3.993312828556e+01,7.178757531869e-05,3.816938004422e-05,3.754807206083e-04,4.835194013136e-05,3.111242733743e-04,4.915067616205e-04,8.357516272465e+01
2404,0.000000000000e+00,15,3.999447497611e+01,7.189885398751e-05,3.868232333179e-05,3.756674271518e-04,4.804646570094e-05,3.125175273789e-04,4.925423897966e-04,8.382734917712e+01
2405,0.000000000000e+00,15,4.005591590963e+01,7.201030205082e-05,3.823197967945e-05,3.757614953008e-04,4.790311850841e-05,3.114247948032e-04,4.918724399699e-04,8.408255080663e+01
2406,0.000000000000e+00,15,4.011745123089e+01,7.212192033158e-05,3.790734474674e-05,3.758536038757e-04,4.801125757324e-05,3.107200806223e-04,4.914823981465e-04,8.428938453412e+01
2407,0.000000000000e+00,15,4.017908108489e+01,7.223370811396e-05,3.838974809486e-05,3.760638200830e-04,4.751228118122e-05,3.121938560011e-04,4.925649095521e-04,8.671248336692e+01
2408,0.000000000000e+00,15,4.024080561687e+01,7.234566441199e-05,3.740200004918e-05,3.761818631956e-04,4.783868484920e-05,3.101952640894e-04,4.913464617116e-04,8.470962145985e+01
2409,0.000000000000e+00,15,4.030262497227e+01,7.245779074782e-05,3.824354990870e-05,3.763665539006e-04,4.726291921272e-05,3.123917296187e-04,4.928861209968e-04,9.264094171314e+01
2410,0.000000000000e+00,15,4.036453929676e+01,7.257008937222e-05,3.738835522645e-05,3.763982175435e-04,4.764032629252e-05,3.102933391957e-04,4.915537247494e-04,8.523908109981e+01
2411,0.000000000000e+00,15,4.042654873623e+01,7.268255973942e-05,3.772606273574e-05,3.765510614781e-04,4.735867937464e-05,3.113622376512e-04,4.923446407316e-04,8.550344109619e+01
2412,0.000000000000e+00,15,4.048865343681e+01,7.279520053005e-05,3.775947198490e-05,3.767249251957e-04,4.711947088983e-05,3.118053547749e-04,4.927375272815e-04,9.844865453421e+01
2413,0.000000000000e+00,15,4.055085354484e+01,7.290801183918e-05,3.700240909266e-05,3.768255905019e-04,4.756627445613e-05,3.103534579530e-04,4.918826315950e-04,8.603134580954e+01
2414,0.000000000000e+00,15,4.061314920688e+01,7.302099603262e-05,3.798990139598e-05,3.770210003427e-04,4.676052341065e-05,3.128722360372e-04,4.936229836019e-04,9.605300184036e+01
2415,0.000000000000e+00,15,4.067554056973e+01,7.313415479540e-05,3.685106761269e-05,3.770154560954e-04,4.742248733015e-05,3.100762545762e-04,4.918280505172e-04,8.656514453497e+01
2416,0.000000000000e+00,15,4.073802778041e+01,7.324748666099e-05,3.756708701683e-05,3.771915697796e-04,4.708645924740e-05,3.120693419285e-04,4.932435252042e-04,8.683110749306e+01
2417,0.000000000000e+00,15,4.080061098616e+01,7.336098939974e-05,3.733973825788e-05,3.773536250121e-04,4.700932147507e-05,3.119396277318e-04,4.932608052724e-04,1.058428084542e+02
2418,0.000000000000e+00,15,4.086329033446e+01,7.347466378246e-05,3.681727223220e-05,3.774405272879e-04,4.749820808292e-05,3.109566281007e-04,4.927138799596e-04,8.735745446064e+01
2419,0.000000000000e+00,15,4.092606597300e+01,7.358851313765e-05,3.768298166383e-05,3.776032970611e-04,4.667115083663e-05,3.130650496994e-04,4.941580503464e-04,8.761540527966e+01
2420,0.000000000000e+00,15,4.098893804971e+01,7.370253907345e-05,3.651379077265e-05,3.775762707971e-04,4.733049197156e-05,3.101711554323e-04,4.922838798073e-04,8.786751546990e+01
2421,0.000000000000e+00,15,4.105190671273e+01,7.381674013545e-05,3.740858785056e-05,3.777486297402e-04,4.703555542909e-05,3.125005329706e-04,4.939254562148e-04,8.811258833378e+01
2422,0.000000000000e+00,15,4.111497211045e+01,7.393111390498e-05,3.693470532723e-05,3.778807788247e-04,4.717178040643e-05,3.117490489827e-04,4.935288257752e-04,1.031557413668e+02
2423,0.000000000000e+00,15,4.117813439148e+01,7.404566114936e-05,3.675999189330e-05,3.779860191714e-04,4.743722116801e-05,3.115622734918e-04,4.935038681799e-04,8.857827943017e+01
2424,0.000000000000e+00,15,4.124139370464e+01,7.416038538579e-05,3.725489441410e-05,3.780928359823e-04,4.682568607797e-05,3.127200895918e-04,4.942960844372e-04,8.879493982519e+01
2425,0.000000000000e+00,15,4.130475019902e+01,7.427528763059e-05,3.618734675813e-05,3.780556301141e-04,4.736487383932e-05,3.101249149375e-04,4.926017434654e-04,8.899874872976e+01
2426,0.000000000000e+00,15,4.136820402389e+01,7.439036627601e-05,3.706981650140e-05,3.782091455945e-04,4.696341037313e-05,3.123662876124e-04,4.941604887660e-04,8.918924161118e+01
2427,0.000000000000e+00,15,4.143175532877e+01,7.450561951413e-05,3.633727799454e-05,3.782893474082e-04,4.727539561459e-05,3.109167827555e-04,4.932823095998e-04,8.936574648059e+01
2428,0.000000000000e+00,15,4.149540426344e+01,7.462104861167e-05,3.645420062393e-05,3.783687517836e-04,4.725963796936e-05,3.112740594950e-04,4.935755611504e-04,8.952721970174e+01
2429,0.000000000000e+00,15,4.155915097785e+01,7.473665671612e-05,3.656467186546e-05,3.784205272516e-04,4.692651716371e-05,3.114190090219e-04,4.936830641892e-04,8.967261286591e+01
2430,0.000000000000e+00,15,4.162299562224e+01,7.485244391091e-05,3.576643617284e-05,3.784051005592e-04,4.717699033888e-05,3.095348981463e-04,4.924501798899e-04,8.980133243817e+01
2431,0.000000000000e+00,15,4.168693834703e+01,7.496840817081e-05,3.634434688429e-05,3.785326631786e-04,4.674349146785e-05,3.110752410974e-04,4.935186402376e-04,8.991283277504e+01
2432,0.000000000000e+00,15,4.175097930292e+01,7.508455022348e-05,3.552394726433e-05,3.785583703391e-04,4.697889796347e-05,3.093157624970e-04,4.923937939962e-04,9.000679349826e+01
2433,0.000000000000e+00,15,4.181511864079e+01,7.520087057690e-05,3.571398268810e-05,3.786036198444e-04,4.672896261605e-05,3.096535356246e-04,4.926307923697e-04,9.008290034705e+01
2434,0.000000000000e+00,15,4.187935651179e+01,7.531736571473e-05,3.559573591933e-05,3.786189671384e-04,4.656406125599e-05,3.091804174501e-04,4.923211563887e-04,9.014095781814e+01
2435,0.000000000000e+00,15,4.194369306729e+01,7.543403619792e-05,3.493300265044e-05,3.786717384219e-04,4.671327908291e-05,3.078483120670e-04,4.914929438342e-04,9.018006829793e+01
2436,0.000000000000e+00,15,4.200812845890e+01,7.555088306858e-05,3.524141887082e-05,3.788364509151e-04,4.621437242503e-05,3.089847840549e-04,4.923071999698e-04,9.152872764751e+01
2437,0.000000000000e+00,15,4.207266283844e+01,7.566790818012e-05,3.447714815592e-05,3.788665841415e-04,4.623926114961e-05,3.073533353560e-04,4.912562512072e-04,9.020749897560e+01
2438,0.000000000000e+00,15,4.213729635799e+01,7.578511458997e-05,3.453309078667e-05,3.788767651533e-04,4.592781730105e-05,3.072542011210e-04,4.911767971320e-04,9.019716616702e+01
2439,0.000000000000e+00,15,4.220202916985e+01,7.590250379034e-05,3.433283377927e-05,3.788804507725e-04,4.569223805057e-05,3.066055818992e-04,4.907381205110e-04,9.017079662267e+01
2440,0.000000000000e+00,15,4.226686142656e+01,7.602007359213e-05,3.372014123982e-05,3.789156227681e-04,4.583176353750e-05,3.053946363368e-04,4.899801338373e-04,9.013060763678e+01
2441,0.000000000000e+00,15,4.233179328088e+01,7.613782093978e-05,3.400757160737e-05,3.790569639454e-04,4.529230316268e-05,3.063490699820e-04,4.906545039503e-04,9.007715452190e+01
2442,0.000000000000e+00,15,4.239682488583e+01,7.625574622894e-05,3.332913907487e-05,3.790724184872e-04,4.526338569293e-05,3.048250443122e-04,4.896670416655e-04,9.001138003329e+01
2443,0.000000000000e+00,15,4.246195639463e+01,7.637385267011e-05,3.324658833949e-05,3.790709595193e-04,4.498639933899e-05,3.044116775372e-04,4.893775368094e-04,8.993457593280e+01
2444,0.000000000000e+00,15,4.252718796078e+01,7.649214204916e-05,3.309589063534e-05,3.791011188150e-04,4.480602333939e-05,3.040440192812e-04,4.891455219583e-04,8.984804525072e+01
2445,0.000000000000e+00,15,4.259251973797e+01,7.661061321111e-05,3.259707578664e-05,3.791596071653e-04,4.479777108497e-05,3.032085111201e-04,4.886377170925e-04,8.974973121368e+01
2446,0.000000000000e+00,15,4.265795188016e+01,7.672926473052e-05,3.272260792624e-05,3.792615138791e-04,4.440517406587e-05,3.036893880354e-04,4.889878616781e-04,8.964700338639e+01
2447,0.000000000000e+00,15,4.272348454153e+01,7.684809770645e-05,3.233117099123e-05,3.792712260705e-04,4.431742887671e-05,3.027391813058e-04,4.883717988814e-04,8.954273821350e+01
2448,0.000000000000e+00,15,4.278911787651e+01,7.696711460185e-05,3.217045211274e-05,3.792646589352e-04,4.419000375836e-05,3.022609527950e-04,4.880482143427e-04,8.943336946402e+01
2449,0.000000000000e+00,15,4.285485203974e+01,7.708631643182e-05,3.211838970193e-05,3.793092569863e-04,4.406918217246e-05,3.022482161952e-04,4.880606318923e-04,8.931909931905e+01
2450,0.000000000000e+00,15,4.292068718614e+01,7.720570222891e-05,3.184922010640e-05,3.793702955061e-04,4.399441941491e-05,3.019277654960e-04,4.878853128050e-04,8.920356029856e+01
2451,0.000000000000e+00,15,4.298662347082e+01,7.732527075453e-05,3.183360174085e-05,3.794133776538e-04,4.384222956121e-05,3.019739762338e-04,4.879326928561e-04,8.908949461452e+01
2452,0.000000000000e+00,15,4.305266104917e+01,7.744502195430e-05,3.183619011291e-05,3.794197161049e-04,4.366496832168e-05,3.018465251193e-04,4.878430261418e-04,8.897604801797e+01
2453,0.000000000000e+00,15,4.311880007679e+01,7.756495680483e-05,3.157810393208e-05,3.794182957679e-04,4.376414825213e-05,3.012578269894e-04,4.874699978521e-04,8.886038224128e+01
2454,0.000000000000e+00,15,4.318504070954e+01,7.768507646311e-05,3.183844837157e-05,3.794881596661e-04,4.359330012822e-05,3.019690643388e-04,4.879658202735e-04,8.875425346994e+01
2455,0.000000000000e+00,15,4.325138310350e+01,7.780538122839e-05,3.161662430831e-05,3.795311756747e-04,4.359213838486e-05,3.016457324049e-04,4.877847339234e-04,8.865775709830e+01
2456,0.000000000000e+00,15,4.331782741500e+01,7.792587049867e-05,3.167197800697e-05,3.795546938901e-04,4.358013223152e-05,3.017503813952e-04,4.878702700948e-04,8.856786314267e+01
2457,0.000000000000e+00,15,4.338437380062e+01,7.804654351103e-05,3.186065508630e-05,3.795731615100e-04,4.340361555039e-05,3.020725596591e-04,4.880805173566e-04,8.848472302465e+01
2458,0.000000000000e+00,15,4.345102241716e+01,7.816740041344e-05,3.151185218739e-05,3.795708116251e-04,4.367848824512e-05,3.013680710852e-04,4.876448733156e-04,8.841021620178e+01
2459,0.000000000000e+00,15,4.351777342167e+01,7.828844211164e-05,3.200552875026e-05,3.796482240802e-04,4.338545472541e-05,3.025965842350e-04,4.884712052826e-04,8.834567253494e+01
2460,0.000000000000e+00,15,4.358462697144e+01,7.840966932611e-05,3.161164932639e-05,3.796492050509e-04,4.354715153338e-05,3.018329928935e-04,4.879880380446e-04,8.829165368107e+01
2461,0.000000000000e+00,15,4.365158322402e+01,7.853108161936e-05,3.180859187640e-05,3.796488626152e-04,4.350390730164e-05,3.022498587319e-04,4.882546594311e-04,8.824837397828e+01
2462,0.000000000000e+00,15,4.371864233716e+01,7.865267851917e-05,3.193415502449e-05,3.796378286755e-04,4.336060736592e-05,3.025147497434e-04,4.884055561744e-04,8.821595594971e+01
2463,0.000000000000e+00,15,4.378580446891e+01,7.877446066741e-05,3.151198406819e-05,3.795892091528e-04,4.363014415866e-05,3.016877217274e-04,4.878524815613e-04,8.819438858157e+01
2464,0.000000000000e+00,15,4.385306977750e+01,7.889642989474e-05,3.205129228594e-05,3.796187434462e-04,4.320262358597e-05,3.029259206047e-04,4.886391877160e-04,8.818346074858e+01
2465,0.000000000000e+00,15,4.392043842145e+01,7.901858742471e-05,3.146118752994e-05,3.795578042323e-04,4.346413700920e-05,3.017007297728e-04,4.878179933395e-04,8.818275202249e+01
2466,0.000000000000e+00,15,4.398791055950e+01,7.914093244671e-05,3.181348661813e-05,3.795476299351e-04,4.323421305495e-05,3.024891098007e-04,4.883004813090e-04,8.819171960831e+01
2467,0.000000000000e+00,15,4.405548635066e+01,7.926346387862e-05,3.164830520508e-05,3.795154800955e-04,4.315977750408e-05,3.022321755793e-04,4.880990362663e-04,8.820970918879e+01
2468,0.000000000000e+00,15,4.412316595414e+01,7.938618261192e-05,3.131781725325e-05,3.794394557341e-04,4.323023947660e-05,3.015297921119e-04,4.875901715391e-04,8.820695455444e+01
2469,0.000000000000e+00,15,4.419094952943e+01,7.950909060310e-05,3.172286852083e-05,3.793580938980e-04,4.273625731696e-05,3.021292015529e-04,4.878804627300e-04,8.814928675559e+01
2470,0.000000000000e+00,15,4.425883723626e+01,7.963218820813e-05,3.096623097040e-05,3.792043265553e-04,4.313428092719e-05,3.003604304054e-04,4.866536582450e-04,8.811137610248e+01
2471,0.000000000000e+00,15,4.432682923460e+01,7.975547362702e-05,3.153066645297e-05,3.792571283315e-04,4.291830605803e-05,3.020024135308e-04,4.877269636698e-04,8.815713777356e+01
2472,0.000000000000e+00,15,4.439492568466e+01,7.987894601673e-05,3.104764138516e-05,3.791883216553e-04,4.294193031617e-05,3.011368107801e-04,4.871089482872e-04,8.822456898683e+01
2473,0.000000000000e+00,15,4.446312674691e+01,8.000260732708e-05,3.093301766036e-05,3.790830790701e-04,4.284793378010e-05,3.008648869352e-04,4.868433608859e-04,8.827785616091e+01
2474,0.000000000000e+00,15,4.453143258205e+01,8.012645988545e-05,3.103827214408e-05,3.790047865043e-04,4.253078824753e-05,3.010531233373e-04,4.868776576830e-04,8.832196174790e+01
2475,0.000000000000e+00,15,4.459984335105e+01,8.025050318695e-05,3.040699203778e-05,3.788756648037e-04,4.277891421882e-05,2.998127875341e-04,4.859928987300e-04,8.836675628971e+01
2476,0.000000000000e+00,15,4.466835921510e+01,8.037473486099e-05,3.075491822659e-05,3.788285527409e-04,4.231926890358e-05,3.006734129226e-04,4.864692787073e-04,8.841266571275e+01
2477,0.000000000000e+00,15,4.473698033565e+01,8.049915458529e-05,3.015090966265e-05,3.787011399996e-04,4.246014589955e-05,2.994730762096e-04,4.856033547606e-04,8.845622550564e+01
2478,0.000000000000e+00,15,4.480570687441e+01,8.062376481049e-05,3.021278933488e-05,3.785869554538e-04,4.223107368112e-05,2.995491273412e-04,4.855450944602e-04,8.849528045407e+01
2479,0.000000000000e+00,15,4.487453899331e+01,8.074856755065e-05,3.008226286126e-05,3.784717323511e-04,4.210810000852e-05,2.992810218377e-04,4.852710756333e-04,8.852908707270e+01
2480,0.000000000000e+00,15,4.494347685457e+01,8.087356191568e-05,2.967461120774e-05,3.783464721777e-04,4.218024650553e-05,2.985499718630e-04,4.847039245295e-04,8.855677508071e+01
2481,0.000000000000e+00,15,4.501252062061e+01,8.099874595486e-05,2.989515787292e-05,3.782650212233e-04,4.183817278678e-05,2.990752995216e-04,4.849480531267e-04,8.857721390649e+01
2482,0.000000000000e+00,15,4.508167045415e+01,8.112412021432e-05,2.935258426085e-05,3.781113895275e-04,4.195318804107e-05,2.979646977291e-04,4.841206752172e-04,8.858943401446e+01
2483,0.000000000000e+00,15,4.515092651811e+01,8.124968740309e-05,2.954664854974e-05,3.779849956696e-04,4.171611643508e-05,2.982780046161e-04,4.842062203236e-04,8.859266854903e+01
2484,0.000000000000e+00,15,4.522028897570e+01,8.137544902750e-05,2.924801462565e-05,3.778384740442e-04,4.175467839767e-05,2.976490291349e-04,4.836897316883e-04,8.858353903616e+01
2485,0.000000000000e+00,15,4.528975799036e+01,8.150140393979e-05,2.917512409915e-05,3.777214117731e-04,4.168629983099e-05,2.975647840660e-04,4.835361424836e-04,8.856144603638e+01
2486,0.000000000000e+00,15,4.535933372579e+01,8.162755086346e-05,2.911083541106e-05,3.775969212484e-04,4.153982272466e-05,2.974585673824e-04,4.833570438669e-04,8.853129634475e+01
2487,0.000000000000e+00,15,4.542901634594e+01,8.175389081880e-05,2.887149388527e-05,3.774332341197e-04,4.157339597969e-05,2.968690257367e-04,4.828550249012e-04,8.849426510935e+01
2488,0.000000000000e+00,15,4.549880601500e+01,8.188042576643e-05,2.894102110808e-05,3.772802480097e-04,4.141340434009e-05,2.968728595776e-04,4.827282186219e-04,8.844778935494e+01
2489,0.000000000000e+00,15,4.556870289744e+01,8.200715594089e-05,2.876365913117e-05,3.771381301835e-04,4.147570812383e-05,2.965224632522e-04,4.823964374894e-04,8.839007728483e+01
2490,0.000000000000e+00,15,4.563870715795e+01,8.213408001671e-05,2.877065708179e-05,3.770151111508e-04,4.134770706101e-05,2.965928392473e-04,4.823329658202e-04,8.832118495625e+01
2491,0.000000000000e+00,15,4.570881896149e+01,8.226119780054e-05,2.871622384731e-05,3.768770558033e-04,4.129115066038e-05,2.964473597228e-04,4.821275069030e-04,8.824197822980e+01
2492,0.000000000000e+00,15,4.577903847327e+01,8.238851081584e-05,2.861602585251e-05,3.767079346967e-04,4.126312290207e-05,2.961130427763e-04,4.817814072927e-04,8.815342368416e+01
2493,0.000000000000e+00,15,4.584936585877e+01,8.251602043578e-05,2.866635951525e-05,3.765620589082e-04,4.121800014510e-05,2.961581266316e-04,4.816942016289e-04,8.805574786891e+01
2494,0.000000000000e+00,15,4.591980128369e+01,8.264372641167e-05,2.854130433554e-05,3.764186309570e-04,4.123328607015e-05,2.959561391381e-04,4.814517753196e-04,8.794947256590e+01
2495,0.000000000000e+00,15,4.599034491401e+01,8.277162804661e-05,2.864665956218e-05,3.762923663547e-04,4.113135632056e-05,2.961922250246e-04,4.814957930436e-04,8.783563627952e+01
2496,0.000000000000e+00,15,4.606099691597e+01,8.289972579636e-05,2.853817374726e-05,3.761185748479e-04,4.110580822709e-05,2.958733590271e-04,4.811552158695e-04,8.771511487317e+01
2497,0.000000000000e+00,15,4.613175745604e+01,8.302802078802e-05,2.859207312348e-05,3.759382421005e-04,4.105117226543e-05,2.958096714033e-04,4.809736260536e-04,8.758852897713e+01
2498,0.000000000000e+00,15,4.620262670097e+01,8.315651345352e-05,2.852641511708e-05,3.757571136410e-04,4.104870112294e-05,2.955919972757e-04,4.806940706194e-04,8.745657007156e+01
2499,0.000000000000e+00,15,4.627360481774e+01,8.328520340794e-05,2.855025754211e-05,3.756078644392e-04,4.100987215896e-05,2.956688367246e-04,4.806227789638e-04,8.732011004592e+01
2500,0.000000000000e+00,15,4.634469197363e+01,8.341409048007e-05,2.851604315425e-05,3.754459195268e-04,4.093286620706e-05,2.955911422984e-04,4.804398257302e-04,8.718006899168e+01
2501,0.000000000000e+00,15,4.641588833613e+01,8.354317604146e-05,2.851442104603e-05,3.752656052128e-04,4.089075560409e-05,2.954704893475e-04,4.802210018652e-04,8.703730034417e+01
2502,0.000000000000e+00,15,4.648719407301e+01,8.367246179207e-05,2.846124599945e-05,3.750656517434e-04,4.084065582696e-05,2.952521478019e-04,4.799229892300e-04,8.689254616783e+01
2503,0.000000000000e+00,15,4.655860935230e+01,8.380194819649e-05,2.845208905150e-05,3.748902608273e-04,4.082267475221e-05,2.952432934603e-04,4.797784094160e-04,8.674646571684e+01
2504,0.000000000000e+00,15,4.663013434227e+01,8.393163500779e-05,2.840695057195e-05,3.747135117594e-04,4.074564587857e-05,2.951778928185e-04,4.795908326925e-04,8.659970586816e+01
2505,0.000000000000e+00,15,4.670176921148e+01,8.406152234837e-05,2.841787250464e-05,3.745252757477e-04,4.066874045729e-05,2.951297397430e-04,4.794082470951e-04,8.645285995038e+01
2506,0.000000000000e+00,15,4.677351412872e+01,8.419161013778e-05,2.833344191455e-05,3.742815596087e-04,4.063624874937e-05,2.946770366811e-04,4.789314465071e-04,8.630651660394e+01
2507,0.000000000000e+00,15,4.684536926305e+01,8.432189827670e-05,2.837323545350e-05,3.740468327723e-04,4.061635459762e-05,2.944981308320e-04,4.786386015789e-04,8.616115778384e+01
2508,0.000000000000e+00,15,4.691733478379e+01,8.445238661995e-05,2.826514452826e-05,3.738206258292e-04,4.060148433255e-05,2.942046832971e-04,4.782736192751e-04,8.601708530129e+01
2509,0.000000000000e+00,15,4.698941086052e+01,8.458307517110e-05,2.828612797272e-05,3.736275597279e-04,4.052734562193e-05,2.942925331192e-04,4.781717465690e-04,8.587216933759e+01
2510,0.000000000000e+00,15,4.706159766308e+01,8.471396407171e-05,2.816362626319e-05,3.734074368102e-04,4.045900093356e-05,2.940168265783e-04,4.778170452979e-04,8.572645069671e+01
2511,0.000000000000e+00,15,4.713389536157e+01,8.484505374609e-05,2.817636368821e-05,3.731786636317e-04,4.038683083400e-05,2.939363098164e-04,4.775833673757e-04,8.558427011850e+01
2512,0.000000000000e+00,15,4.720630412636e+01,8.497634429105e-05,2.807307339010e-05,3.729253453625e-04,4.035495160907e-05,2.935948760265e-04,4.771665160210e-04,8.542603425692e+01
2513,0.000000000000e+00,15,4.727882412806e+01,8.510783563154e-05,2.799720181872e-05,3.726788656539e-04,4.033927471088e-05,2.934592512372e-04,4.768846500315e-04,8.525457624170e+01
2514,0.000000000000e+00,15,4.735145553757e+01,8.523952854730e-05,2.787158062440e-05,3.723970827481e-04,4.030699435967e-05,2.931164628087e-04,4.764434140689e-04,8.509319280103e+01
2515,0.000000000000e+00,15,4.742419852602e+01,8.537142461093e-05,2.787271061849e-05,3.721246983173e-04,4.026386338902e-05,2.929792125635e-04,4.761424963016e-04,8.494534597456e+01
2516,0.000000000000e+00,15,4.749705326485e+01,8.550352491800e-05,2.774853601550e-05,3.718363387561e-04,4.023315299217e-05,2.926034668801e-04,4.756760867444e-04,8.480259636422e+01
2517,0.000000000000e+00,15,4.757001992571e+01,8.563582971621e-05,2.777413134167e-05,3.715722413569e-04,4.018740581326e-05,2.925986792584e-04,4.754643494611e-04,8.465978453879e+01
2518,0.000000000000e+00,15,4.764309868054e+01,8.576833904550e-05,2.762529666772e-05,3.712770631864e-04,4.014302966627e-05,2.922313857810e-04,4.749952213766e-04,8.451577921683e+01
2519,0.000000000000e+00,15,4.771628970156e+01,8.590105331783e-05,2.763793274342e-05,3.709896644390e-04,4.008138089366e-05,2.921293740113e-04,4.747033544241e-04,8.437210688065e+01
2520,0.000000000000e+00,15,4.778959316122e+01,8.603397312871e-05,2.749197142149e-05,3.706740656004e-04,4.005771910878e-05,2.916916366590e-04,4.741768690672e-04,8.422953800620e+01
2521,0.000000000000e+00,15,4.786300923226e+01,8.616709867547e-05,2.752882068389e-05,3.703838501013e-04,4.002315455043e-05,2.916675700450e-04,4.739344434626e-04,8.408723997250e+01
2522,0.000000000000e+00,15,4.793653808768e+01,8.630043005711e-05,2.737611060163e-05,3.700686672086e-04,4.001579040523e-05,2.912900335357e-04,4.734463190269e-04,8.394373802036e+01
2523,0.000000000000e+00,15,4.801017990074e+01,8.643396762336e-05,2.742668163232e-05,3.697849087310e-04,3.997258535332e-05,2.913487664764e-04,4.732599844669e-04,8.379779020794e+01
2524,0.000000000000e+00,15,4.808393484497e+01,8.656771179678e-05,2.728827334914e-05,3.694601986860e-04,3.995629559866e-05,2.909606561965e-04,4.727579690368e-04,8.364838556558e+01
2525,0.000000000000e+00,15,4.815780309417e+01,8.670166259886e-05,2.733873605473e-05,3.691550310031e-04,3.993004787123e-05,2.909375367717e-04,4.725059813693e-04,8.349452691562e+01
2526,0.000000000000e+00,15,4.823178482239e+01,8.683581947369e-05,2.721074734997e-05,3.688148398488e-04,3.991897123081e-05,2.905517406088e-04,4.719943316386e-04,8.341392630307e+01
2527,0.000000000000e+00,15,4.830588020398e+01,8.697018273797e-05,2.720999004944e-05,3.684894737302e-04,3.992947227764e-05,2.904184445019e-04,4.716588931333e-04,8.338909843053e+01
2528,0.000000000000e+00,15,4.838008941352e+01,8.710475375619e-05,2.710828767188e-05,3.681137162770e-04,3.993684868502e-05,2.899888692407e-04,4.710955991496e-04,8.334225749576e+01
2529,0.000000000000e+00,15,4.845441262589e+01,8.723953192431e-05,2.715812437118e-05,3.677769137585e-04,3.992384655784e-05,2.899085043324e-04,4.707847453150e-04,8.331246461959e+01
2530,0.000000000000e+00,15,4.852885001621e+01,8.737451580693e-05,2.708940727619e-05,3.674200407637e-04,3.991129149020e-05,2.896360750191e-04,4.703331685967e-04,8.325921332001e+01
2531,0.000000000000e+00,15,4.860340175990e+01,8.750970483393e-05,2.713999799110e-05,3.670938519016e-04,3.990897689825e-05,2.896531728015e-04,4.700916533464e-04,8.322920037888e+01
2532,0.000000000000e+00,15,4.867806803263e+01,8.764510028000e-05,2.706409391590e-05,3.667188690932e-04,3.991596969468e-05,2.893548281109e-04,4.696112171959e-04,8.317625359198e+01
2533,0.000000000000e+00,15,4.875284901034e+01,8.778070407436e-05,2.714349399575e-05,3.663828415442e-04,3.989736862967e-05,2.894096441139e-04,4.693856601708e-04,8.314763884721e+01
2534,0.000000000000e+00,15,4.882774486924e+01,8.791651741996e-05,2.707621295469e-05,3.660028519442e-04,3.990320808229e-05,2.891404106583e-04,4.689196647936e-04,8.309218836222e+01
2535,0.000000000000e+00,15,4.890275578583e+01,8.805254169012e-05,2.718395369050e-05,3.656700977476e-04,3.986902445100e-05,2.892811733317e-04,4.687501723518e-04,8.306308615073e+01
2536,0.000000000000e+00,15,4.897788193684e+01,8.818877604439e-05,2.713538330016e-05,3.652809410276e-04,3.985976416652e-05,2.890335816459e-04,4.682901953098e-04,8.300499006794e+01
2537,0.000000000000e+00,15,4.905312349933e+01,8.832521900123e-05,2.724608764529e-05,3.649411765810e-04,3.981266252540e-05,2.891816130380e-04,4.681190714689e-04,8.297582905967e+01
2538,0.000000000000e+00,15,4.912848065057e+01,8.846187049333e-05,2.720750655176e-05,3.645470424321e-04,3.979639390305e-05,2.889838128012e-04,4.676859967836e-04,8.291486523454e+01
2539,0.000000000000e+00,15,4.920395356815e+01,8.859873153931e-05,2.730071030971e-05,3.642070132502e-04,3.974666764556e-05,2.891373377236e-04,4.675171386579e-04,8.288570175684e+01
2540,0.000000000000e+00,15,4.927954242990e+01,8.873580385348e-05,2.728037149389e-05,3.638150412060e-04,3.969912856134e-05,2.890046154458e-04,4.671244924365e-04,8.282150531870e+01
2541,0.000000000000e+00,15,4.935524741395e+01,8.887308922421e-05,2.737790476240e-05,3.634844277291e-04,3.964447363471e-05,2.892147990561e-04,4.669982474845e-04,8.279084908325e+01
2542,0.000000000000e+00,15,4.943106869868e+01,8.901058932536e-05,2.739944429247e-05,3.630891689871e-04,3.959478790441e-05,2.891374537794e-04,4.666397846203e-04,8.272179990336e+01
2543,0.000000000000e+00,15,4.950700646277e+01,8.914830282353e-05,2.748261322236e-05,3.627317604697e-04,3.951417693503e-05,2.892257660696e-04,4.664145559697e-04,8.266674646637e+01
2544,0.000000000000e+00,15,4.958306088515e+01,8.928622947123e-05,2.748040450288e-05,3.622777084886e-04,3.941856884679e-05,2.888541948110e-04,4.658227990655e-04,8.251425165036e+01
2545,0.000000000000e+00,15,4.965923214503e+01,8.942437066126e-05,2.760456227139e-05,3.618899829780e-04,3.940053057705e-05,2.889188379258e-04,4.655672543856e-04,8.241270829266e+01
2546,0.000000000000e+00,15,4.973552042191e+01,8.956272851937e-05,2.760486119180e-05,3.614725649560e-04,3.938714826995e-05,2.887933198987e-04,4.651638126986e-04,8.232874902967e+01
2547,0.000000000000e+00,15,4.981192589556e+01,8.970130410629e-05,2.779431697260e-05,3.611285867994e-04,3.929914948977e-05,2.892224017053e-04,4.651670678998e-04,8.230879677458e+01
2548,0.000000000000e+00,15,4.988844874600e+01,8.984009642325e-05,2.783426831829e-05,3.607177778527e-04,3.927528309614e-05,2.891828607245e-04,4.648239844833e-04,8.222834265375e+01
2549,0.000000000000e+00,15,4.996508915357e+01,8.997910362970e-05,2.808893153342e-05,3.603991551703e-04,3.918314128548e-05,2.898225830142e-04,4.649827817330e-04,8.218861878899e+01
2550,0.000000000000e+00,15,5.004184729885e+01,9.011832486173e-05,2.813829932190e-05,3.599977880824e-04,3.913825466146e-05,2.898521312742e-04,4.646893933534e-04,8.208897930748e+01
2551,0.000000000000e+00,15,5.011872336273e+01,9.025776051992e-05,2.845475421136e-05,3.596667914214e-04,3.907364182674e-05,2.905976565406e-04,4.649124878524e-04,8.204408059789e+01
2552,0.000000000000e+00,15,5.019571752634e+01,9.039741110183e-05,2.852578956524e-05,3.592627394120e-04,3.904662535407e-05,2.907038156076e-04,4.646684667163e-04,8.193657910662e+01
2553,0.000000000000e+00,15,5.027282997113e+01,9.053727652765e-05,2.889218286766e-05,3.589736124393e-04,3.899138556631e-05,2.917993922430e-04,4.651494664303e-04,8.188870244470e+01
2554,0.000000000000e+00,15,5.035006087879e+01,9.067735701034e-05,2.899126385978e-05,3.585955458605e-04,3.892141706102e-05,2.920882994469e-04,4.650394717344e-04,8.177074186098e+01
2555,0.000000000000e+00,15,5.042741043132e+01,9.081765383486e-05,2.938996917883e-05,3.582905947369e-04,3.883987121337e-05,2.931821493513e-04,4.655107183077e-04,8.171627407216e+01
2556,0.000000000000e+00,15,5.050487881098e+01,9.095816863285e-05,2.944255012467e-05,3.578958949543e-04,3.880406967085e-05,2.933762745624e-04,4.653296999785e-04,8.158488259092e+01
2557,0.000000000000e+00,15,5.058246620031e+01,9.109890151890e-05,2.992139532007e-05,3.576237307697e-04,3.874262154170e-05,2.948845728271e-04,4.660986212412e-04,8.152627371394e+01
2558,0.000000000000e+00,15,5.066017278215e+01,9.123985154925e-05,2.996454945558e-05,3.572665507731e-04,3.870558719778e-05,2.952765004715e-04,4.660725230437e-04,8.138215919422e+01
2559,0.000000000000e+00,15,5.073799873960e+01,9.138101882005e-05,3.055265411558e-05,3.570334240194e-04,3.859994720420e-05,2.971538140767e-04,4.671152702332e-04,8.131783436902e+01
2560,0.000000000000e+00,15,5.081594425606e+01,9.152240518504e-05,3.057251437168e-05,3.566821438680e-04,3.856934659459e-05,2.975265070763e-04,4.670829126601e-04,8.115991807066e+01
2561,0.000000000000e+00,15,5.089400951518e+01,9.166401187817e-05,3.126557072340e-05,3.564681989695e-04,3.848321468285e-05,2.997325883949e-04,4.683670517313e-04,8.108950460601e+01
2562,0.000000000000e+00,15,5.097219470093e+01,9.180583874518e-05,3.129990168554e-05,3.561555828961e-04,3.846763315056e-05,3.003223772166e-04,4.685080278190e-04,8.091553791188e+01
2563,0.000000000000e+00,15,5.105049999754e+01,9.194788544309e-05,3.212133621682e-05,3.560054487845e-04,3.838289143106e-05,3.030463096719e-04,4.701935473452e-04,8.083912153972e+01
2564,0.000000000000e+00,15,5.112892558953e+01,9.209015202214e-05,3.217506057402e-05,3.557324027148e-04,3.835815995551e-05,3.038416949183e-04,4.705017543752e-04,8.064930211555e+01
2565,0.000000000000e+00,15,5.120747166170e+01,9.223263890760e-05,3.311498817269e-05,3.556133314233e-04,3.827842444958e-05,3.069543612041e-04,4.724866787204e-04,8.056999053406e+01
2566,0.000000000000e+00,17,5.128613839914e+01,9.237534732402e-05,3.321051802158e-05,3.553705477536e-04,3.827675413998e-05,3.079375255274e-04,4.729500970011e-04,8.036611127727e+01
2567,0.000000000000e+00,17,5.136492598721e+01,9.251827755148e-05,3.437059523603e-05,3.553386078850e-04,3.820318304740e-05,3.117927901587e-04,4.755219145954e-04,8.028821667057e+01
2568,0.000000000000e+00,17,5.144383461158e+01,9.266143619649e-05,3.452737854547e-05,3.551595447969e-04,3.821170974654e-05,3.131172910600e-04,4.762698970668e-04,8.006189206409e+01
2569,0.000000000000e+00,17,5.152286445818e+01,9.280482188902e-05,3.580921258704e-05,3.551762268529e-04,3.813262987687e-05,3.174762143857e-04,4.792470093694e-04,7.996238745067e+01
2570,0.000000000000e+00,17,5.160201571323e+01,9.294843058714e-05,3.595469196590e-05,3.550705283227e-04,3.816565508399e-05,3.191137625208e-04,4.802687066798e-04,7.972040291916e+01
2571,0.000000000000e+00,17,5.168128856326e+01,9.309226034342e-05,3.740167237983e-05,3.552118083732e-04,3.807849676591e-05,3.242933819993e-04,4.839323128590e-04,7.962493210388e+01
2572,0.000000000000e+00,17,5.176068319506e+01,9.323631084853e-05,3.764089132693e-05,3.552122765488e-04,3.810286654732e-05,3.265028261614e-04,4.854364243043e-04,7.936807499073e+01
2573,0.000000000000e+00,17,5.184019979571e+01,9.338058201757e-05,3.926350927481e-05,3.554910801548e-04,3.801226120116e-05,3.325385688199e-04,4.898391194919e-04,7.927044894492e+01
2574,0.000000000000e+00,17,5.191983855259e+01,9.352507502810e-05,3.959036140469e-05,3.555989968777e-04,3.804528099780e-05,3.352617822409e-04,4.917986878125e-04,7.899377628427e+01
2575,0.000000000000e+00,17,5.199959965335e+01,9.366979184190e-05,4.137662065965e-05,3.560178733120e-04,3.798416996849e-05,3.421182914780e-04,4.969391043043e-04,7.889464125501e+01
2576,0.000000000000e+00,17,5.207948328595e+01,9.381473443046e-05,4.180586272301e-05,3.562609549273e-04,3.802803026533e-05,3.455118234541e-04,4.994938932521e-04,7.859751726619e+01
2577,0.000000000000e+00,17,5.215948963863e+01,9.395990326749e-05,4.379140626509e-05,3.568642762362e-04,3.796391110313e-05,3.534081844617e-04,5.055772960755e-04,7.849791901771e+01
2578,0.000000000000e+00,17,5.223961889991e+01,9.410529935020e-05,4.434464211590e-05,3.572752641465e-04,3.804653468983e-05,3.575933022177e-04,5.088541738536e-04,7.817990634971e+01
2579,0.000000000000e+00,17,5.231987125861e+01,9.425092234237e-05,4.653643945351e-05,3.580940743636e-04,3.798328429972e-05,3.666088155318e-04,5.159862011752e-04,7.808130777634e+01
2580,0.000000000000e+00,17,5.240024690383e+01,9.439677183311e-05,4.722153326878e-05,3.587045873243e-04,3.809259475001e-05,3.716888867129e-04,5.200985757070e-04,7.774113851085e+01
2581,0.000000000000e+00,17,5.248074602498e+01,9.454284671395e-05,4.964002587794e-05,3.597765975365e-04,3.801911678133e-05,3.819428485850e-04,5.284213518870e-04,7.764496730786e+01
2582,0.000000000000e+00,17,5.256136881173e+01,9.468914730539e-05,5.050867463499e-05,3.606193914086e-04,3.816436620430e-05,3.880986135957e-04,5.335489896870e-04,7.728222798748e+01
2583,0.000000000000e+00,17,5.264211545408e+01,9.483567395302e-05,5.314961008243e-05,3.619904538417e-04,3.811907229655e-05,3.997038284948e-04,5.432109939154e-04,7.719108894569e+01
2584,0.000000000000e+00,17,5.272298614228e+01,9.498242707711e-05,5.425609372278e-05,3.631288495406e-04,3.827661479640e-05,4.071784493937e-04,5.496050163214e-04,7.680489704296e+01
2585,0.000000000000e+00,17,5.280398106691e+01,9.512940757674e-05,5.710087750213e-05,3.648569848282e-04,3.823049928793e-05,4.201322476372e-04,5.606726372581e-04,7.672109176320e+01
2586,0.000000000000e+00,17,5.288510041882e+01,9.527661684720e-05,5.846115420691e-05,3.663571065086e-04,3.840974476801e-05,4.290885403931e-04,5.685310194091e-04,7.631022278389e+01
2587,0.000000000000e+00,17,5.296634438917e+01,9.542405516036e-05,6.153913568571e-05,3.684979130141e-04,3.838480232163e-05,4.435573514498e-04,5.812007348508e-04,7.623220093542e+01
2588,0.000000000000e+00,17,5.304771316938e+01,9.557172208310e-05,6.317471166431e-05,3.704030706804e-04,3.862046733062e-05,4.541146284943e-04,5.906785210863e-04,7.579305250985e+01
2589,0.000000000000e+00,17,5.312920695121e+01,9.571961661961e-05,6.650685574548e-05,3.730384185620e-04,3.859179910836e-05,4.702638045612e-04,6.051596454021e-04,7.572562826208e+01
2590,0.000000000000e+00,17,5.321082592668e+01,9.586773916759e-05,6.845129777990e-05,3.754591048947e-04,3.886328731416e-05,4.826880335037e-04,6.165656594432e-04,7.525991047327e+01
2591,0.000000000000e+00,17,5.329257028812e+01,9.601609078786e-05,7.204474043127e-05,3.786759300732e-04,3.883753719576e-05,5.006487634897e-04,6.330430027414e-04,7.520679505246e+01
2592,0.000000000000e+00,17,5.337444022815e+01,9.616467284364e-05,7.432332525724e-05,3.816762483119e-04,3.916003342830e-05,5.150837602892e-04,6.465643846783e-04,7.471256832645e+01
2593,0.000000000000e+00,17,5.345643593970e+01,9.631348544490e-05,7.817939648505e-05,3.855599750043e-04,3.918048812999e-05,5.349697410678e-04,6.652039137501e-04,7.467490745026e+01
2594,0.000000000000e+00,17,5.353855761597e+01,9.646252831955e-05,8.083748331217e-05,3.892801085846e-04,3.956670626356e-05,5.517625229423e-04,6.812349870757e-04,7.414902365932e+01
2595,0.000000000000e+00,17,5.362080545047e+01,9.661180251995e-05,8.497818503762e-05,3.939438263056e-04,3.962588798330e-05,5.737530986357e-04,7.022648071839e-04,7.413007114123e+01
2596,0.000000000000e+00,17,5.370317963703e+01,9.676131047310e-05,8.805450797299e-05,3.984811063286e-04,4.006925016953e-05,5.930889753846e-04,7.210415147598e-04,7.357176115306e+01
2597,0.000000000000e+00,17,5.378568036973e+01,9.691105225414e-05,9.251643723588e-05,4.040021538904e-04,4.016406220839e-05,6.173067661560e-04,7.446192496451e-04,7.357583390394e+01
2598,0.000000000000e+00,17,5.386830784299e+01,9.706102698359e-05,9.605143672054e-05,4.094710795074e-04,4.068545395607e-05,6.393845220003e-04,7.663943610089e-04,7.298270134420e+01
2599,0.000000000000e+00,17,5.395106225151e+01,9.721123268179e-05,1.008762370643e-04,4.160081009735e-04,4.081783419449e-05,6.661079618786e-04,7.928459293874e-04,7.301170294217e+01
2600,0.000000000000e+00,17,5.403394379030e+01,9.736166966105e-05,1.049060169057e-04,4.225895328145e-04,4.143253696365e-05,6.912667232849e-04,8.180180459303e-04,7.237431358089e+01
2601,0.000000000000e+00,17,5.411695265465e+01,9.751233834781e-05,1.101276659124e-04,4.302539228908e-04,4.160525757334e-05,7.206899669340e-04,8.475680308148e-04,7.243329699386e+01
2602,0.000000000000e+00,17,5.420008904016e+01,9.766324225993e-05,1.147088127892e-04,4.380917271387e-04,4.229327166392e-05,7.491890901885e-04,8.764447996334e-04,7.176306070708e+01
2603,0.000000000000e+00,17,5.428335314275e+01,9.781438290816e-05,1.203425834826e-04,4.470199966516e-04,4.255953852345e-05,7.814555299593e-04,9.092817354533e-04,7.185854513944e+01
2604,0.000000000000e+00,17,5.436674515861e+01,9.796576050468e-05,1.255144260444e-04,4.562849516272e-04,4.335927356619e-05,8.136000385210e-04,9.422180626120e-04,7.114228112122e+01
2605,0.000000000000e+00,17,5.445026528424e+01,9.811737363902e-05,1.316231278440e-04,4.666359451006e-04,4.370586148231e-05,8.490648668439e-04,9.787211571637e-04,7.127589342501e+01
2606,0.000000000000e+00,17,5.453391371646e+01,9.826922306028e-05,1.374240036208e-04,4.775201993564e-04,4.464296852966e-05,8.851875535770e-04,1.016100830238e-03,7.051272053893e+01
2607,0.000000000000e+00,17,5.461769065238e+01,9.842130953317e-05,1.440532879870e-04,4.894295324195e-04,4.506941017220e-05,9.240860471822e-04,1.056531538249e-03,7.069129158834e+01
2608,0.000000000000e+00,17,5.470159628940e+01,9.857363505100e-05,1.505408374798e-04,5.021104423411e-04,4.615420225972e-05,9.644964645348e-04,1.098708824277e-03,6.987515433767e+01
2609,0.000000000000e+00,17,5.478563082524e+01,9.872619672725e-05,1.577498074335e-04,5.157407083510e-04,4.669745861057e-05,1.007161399838e-03,1.143428274077e-03,7.010260552984e+01
2610,0.000000000000e+00,17,5.486979445792e+01,9.887899279720e-05,1.649832702461e-04,5.304336157200e-04,4.792819897093e-05,1.052290028163e-03,1.190878128011e-03,6.922873954249e+01
2611,0.000000000000e+00,17,5.495408738576e+01,9.903202291389e-05,1.728132644942e-04,5.459314944192e-04,4.861881904314e-05,1.098984167769e-03,1.240175637382e-03,6.951189905731e+01
2612,0.000000000000e+00,17,5.503850980740e+01,9.918529100474e-05,1.808632826710e-04,5.628277279063e-04,4.995674831207e-05,1.149239222737e-03,1.293341813326e-03,6.857362054052e+01
2613,0.000000000000e+00,17,5.512306192176e+01,9.933879924329e-05,1.893392144561e-04,5.802573091657e-04,5.082634764515e-05,1.200071072212e-03,1.347331354547e-03,6.888771042580e+01
2614,0.000000000000e+00,17,5.520774392808e+01,9.949254898863e-05,1.982310082119e-04,5.995092909934e-04,5.236767761147e-05,1.255705408894e-03,1.406501109203e-03,6.786463162726e+01
2615,0.000000000000e+00,17,5.529255602590e+01,9.964653741296e-05,2.074115209285e-04,6.189910119172e-04,5.338590562941e-05,1.310972995982e-03,1.465492976088e-03,6.827964564594e+01
2616,0.000000000000e+00,17,5.537749841509e+01,9.980076353471e-05,2.171765341649e-04,6.408009321912e-04,5.514004196201e-05,1.372323725996e-03,1.531046803611e-03,6.720133832427e+01
2617,0.000000000000e+00,17,5.546257129579e+01,9.995522616958e-05,2.271420035359e-04,6.624683061276e-04,5.624111959414e-05,1.432385477364e-03,1.595414982283e-03,6.768964859005e+01
2618,0.000000000000e+00,17,5.554777486848e+01,1.001099287818e-04,2.378306792700e-04,6.870099125437e-04,5.824794696420e-05,1.499808803226e-03,1.667742582504e-03,6.652005471061e+01
2619,0.000000000000e+00,17,5.563310933392e+01,1.002648723088e-04,2.486378597353e-04,7.109522028949e-04,5.952548768751e-05,1.564917122982e-03,1.737752199130e-03,6.708812689395e+01
2620,0.000000000000e+00,17,5.571857489319e+01,1.004200582612e-04,2.603392071273e-04,7.384686792189e-04,6.172167013098e-05,1.639023071290e-03,1.817503421108e-03,6.582788280683e+01
2621,0.000000000000e+00,17,5.580417174770e+01,1.005754838945e-04,2.720134673342e-04,7.647772162953e-04,6.324502874376e-05,1.709358933994e-03,1.893352427801e-03,6.648836691960e+01
2622,0.000000000000e+00,17,5.588990009914e+01,1.007311499552e-04,2.847674896034e-04,7.953891594588e-04,6.550746066459e-05,1.790419285438e-03,1.980815206724e-03,6.512882851789e+01
2623,0.000000000000e+00,17,5.597576014951e+01,1.008870563372e-04,2.973249690197e-04,8.240463324660e-04,6.731128101346e-05,1.865956315620e-03,2.062468975671e-03,6.588742783414e+01
2624,0.000000000000e+00,17,5.606175210115e+01,1.010432055532e-04,3.111768570839e-04,8.578730079519e-04,6.979568883438e-05,1.954295021702e-03,2.157989250248e-03,6.441865844792e+01
2625,0.000000000000e+00,17,5.614787615667e+01,1.011995947832e-04,3.246502708825e-04,8.889436440938e-04,7.187652585656e-05,2.035221709562e-03,2.245642946419e-03,6.528585127038e+01
2626,0.000000000000e+00,17,5.623413251903e+01,1.013562265005e-04,3.396043928589e-04,9.259953461680e-04,7.454475845623e-05,2.130697814822e-03,2.349091020772e-03,6.369934303937e+01
2627,0.000000000000e+00,17,5.632052139148e+01,1.015131008941e-04,3.539865439719e-04,9.592298126773e-04,7.672197151577e-05,2.216090353298e-03,2.441796679033e-03,6.468180856542e+01
2628,0.000000000000e+00,17,5.640704297759e+01,1.016702221698e-04,3.699917602338e-04,9.994076263074e-04,7.967646124518e-05,2.318396608735e-03,2.552845604425e-03,6.296839769156e+01
2629,0.000000000000e+00,17,5.649369748123e+01,1.018275873961e-04,3.853080318322e-04,1.034776077771e-03,8.197542941021e-05,2.408232690600e-03,2.650571348525e-03,6.407908244378e+01
2630,0.000000000000e+00,17,5.658048510660e+01,1.019851941081e-04,4.025009338616e-04,1.078571812820e-03,8.525668869994e-05,2.518678108907e-03,2.770619475212e-03,6.222650415338e+01
2631,0.000000000000e+00,17,5.666740605820e+01,1.021430404528e-04,4.188122850464e-04,1.116332509148e-03,8.762177876211e-05,2.613969093191e-03,2.874389325989e-03,6.348105797980e+01
2632,0.000000000000e+00,17,5.675446054085e+01,1.023011316216e-04,4.373324586859e-04,1.164058785357e-03,9.119285172182e-05,2.733485138974e-03,3.004421687511e-03,6.147459486100e+01
2633,0.000000000000e+00,17,5.684164875970e+01,1.024594679451e-04,4.546131637600e-04,1.203979994396e-03,9.373151770126e-05,2.833320456554e-03,3.113315172370e-03,6.288259936531e+01
2634,0.000000000000e+00,17,5.692897092018e+01,1.026180506602e-04,4.744267124104e-04,1.255523293213e-03,9.754060995918e-05,2.961674465491e-03,3.253067668429e-03,6.071059336657e+01
2635,0.000000000000e+00,17,5.701642722807e+01,1.027768743081e-04,4.914189711231e-04,1.295976945829e-03,1.003158378892e-04,3.064881806647e-03,3.365206175756e-03,6.228410106505e+01
2636,0.000000000000e+00,17,5.710401788945e+01,1.029359448910e-04,5.117006881950e-04,1.350452457949e-03,1.041637685643e-04,3.202749419912e-03,3.514827644837e-03,5.992530284252e+01
2637,0.000000000000e+00,17,5.719174311072e+01,1.030952621542e-04,5.304332925385e-04,1.394095057343e-03,1.073391005907e-04,3.310827326225e-03,3.632899637113e-03,6.167427032090e+01
2638,0.000000000000e+00,17,5.727960309858e+01,1.032548298876e-04,5.502308635853e-04,1.449031932861e-03,1.111931677609e-04,3.453741601433e-03,3.787234151161e-03,5.912091273676e+01
2639,0.000000000000e+00,17,5.736759806008e+01,1.034146413134e-04,5.680860888606e-04,1.488786195976e-03,1.124710324021e-04,3.545678376011e-03,3.888919004162e-03,6.106260821067e+01
2640,0.000000000000e+00,17,5.745572820257e+01,1.035747023234e-04,5.848632532955e-04,1.535986650768e-03,1.163234792574e-04,3.668903137182e-03,4.021902708699e-03,6.198379960194e+01
2641,0.000000000000e+00,17,5.754399373372e+01,1.037350099795e-04,5.969905112693e-04,1.561521369787e-03,1.156663714170e-04,3.725531201097e-03,4.085059130377e-03,6.044471934472e+01
2642,0.000000000000e+00,17,5.763239486150e+01,1.038955674925e-04,6.101310867667e-04,1.598757086850e-03,1.191192066037e-04,3.819979916795e-03,4.187447923962e-03,5.763195913015e+01
2643,0.000000000000e+00,17,5.772093179425e+01,1.040563701252e-04,6.166290721571e-04,1.610906169368e-03,1.183599164926e-04,3.848223307265e-03,4.218777286317e-03,5.980042940825e+01
2644,0.000000000000e+00,17,5.780960474057e+01,1.042174213528e-04,6.271944991302e-04,1.641691355820e-03,1.210594110330e-04,3.924243659979e-03,4.301495917864e-03,5.689319732079e+01
2645,0.000000000000e+00,17,5.789841390943e+01,1.043787217224e-04,6.307327926802e-04,1.646070410644e-03,1.201921739812e-04,3.935010332471e-03,4.313481671214e-03,5.912775270136e+01
2646,0.000000000000e+00,17,5.798735951008e+01,1.045402746612e-04,6.390677359499e-04,1.671613055441e-03,1.224794148772e-04,3.997502451008e-03,4.381520835411e-03,5.614830468165e+01
2647,0.000000000000e+00,17,5.807644175213e+01,1.047020734024e-04,6.407279418556e-04,1.670811396953e-03,1.215331450306e-04,3.995949926714e-03,4.380014742191e-03,5.843994249201e+01
2648,0.000000000000e+00,17,5.816566084548e+01,1.048641228718e-04,6.469470241420e-04,1.691273589290e-03,1.234922567020e-04,4.045946272894e-03,4.434397184115e-03,5.540290607108e+01
2649,0.000000000000e+00,17,5.825501700038e+01,1.050264223334e-04,6.470986899161e-04,1.686585104110e-03,1.224152798591e-04,4.034683133032e-03,4.422325125159e-03,5.773630710890e+01
2650,0.000000000000e+00,17,5.834451042737e+01,1.051889774438e-04,6.521327109283e-04,1.703991152052e-03,1.240650607303e-04,4.077538606375e-03,4.468845057138e-03,5.465530123698e+01
2651,0.000000000000e+00,17,5.843414133735e+01,1.053517763964e-04,6.512333086792e-04,1.696803095810e-03,1.230268214218e-04,4.059896048160e-03,4.449846861290e-03,5.702673460683e+01
2652,0.000000000000e+00,17,5.852390994152e+01,1.055148196062e-04,6.556012515614e-04,1.712363282310e-03,1.245082150719e-04,4.098509001005e-03,4.491690031446e-03,5.785918626885e+01
2653,0.000000000000e+00,17,5.861381645140e+01,1.056781064980e-04,6.539699371200e-04,1.703554485458e-03,1.234366342018e-04,4.076718530329e-03,4.468181413257e-03,5.631271293128e+01
2654,0.000000000000e+00,17,5.870386107886e+01,1.058416528120e-04,6.579664899097e-04,1.717974599469e-03,1.247581036417e-04,4.112747100913e-03,4.507173163609e-03,5.429503260120e+01
2655,0.000000000000e+00,17,5.879404403608e+01,1.060054529286e-04,6.558358336184e-04,1.708085367110e-03,1.236517492931e-04,4.088187073396e-03,4.480651689674e-03,5.559364657701e+01
2656,0.000000000000e+00,17,5.888436553556e+01,1.061695049000e-04,6.596034143432e-04,1.721811257432e-03,1.250339747898e-04,4.122681004104e-03,4.517946749010e-03,5.240789928711e+01
2657,0.000000000000e+00,17,5.897482579014e+01,1.063338030961e-04,6.571620968843e-04,1.711287961152e-03,1.238220817785e-04,4.096396075914e-03,4.489561362346e-03,6.570758171656e+01
2658,0.000000000000e+00,17,5.906542501297e+01,1.064983629691e-04,6.607852350840e-04,1.724553993445e-03,1.251662608079e-04,4.129917389946e-03,4.525771519181e-03,5.164893424738e+01
2659,0.000000000000e+00,17,5.915616341755e+01,1.066631879494e-04,6.581443110094e-04,1.713584940623e-03,1.239069238889e-04,4.102401255315e-03,4.496062306980e-03,5.413317573058e+01
2660,0.000000000000e+00,17,5.924704121769e+01,1.068282748278e-04,6.616847749550e-04,1.726564184930e-03,1.252530291145e-04,4.135377942014e-03,4.531654187015e-03,5.088392650849e+01
2661,0.000000000000e+00,17,5.933805862753e+01,1.069936090324e-04,6.589080767598e-04,1.715360023164e-03,1.240484181880e-04,4.107111776173e-03,4.501152631796e-03,5.750717680042e+01
2662,0.000000000000e+00,17,5.942921586156e+01,1.071591973976e-04,6.624219318778e-04,1.728196440569e-03,1.252731605489e-04,4.139865978998e-03,4.536479851366e-03,5.861646897186e+01
2663,0.000000000000e+00,17,5.952051313456e+01,1.073250465014e-04,6.595367110220e-04,1.716784953892e-03,1.240986004600e-04,4.110969057119e-03,4.505308680027e-03,5.264999654341e+01
2664,0.000000000000e+00,17,5.961195066168e+01,1.074911639344e-04,6.630574427225e-04,1.729533724566e-03,1.252801601847e-04,4.143635722459e-03,4.540522458455e-03,4.934285161396e+01
2665,0.000000000000e+00,17,5.970352865838e+01,1.076575329581e-04,6.600939392100e-04,1.718019035208e-03,1.242192278877e-04,4.114382050989e-03,4.508978098416e-03,5.190283200682e+01
2666,0.000000000000e+00,17,5.979524734046e+01,1.078241530717e-04,6.636362457113e-04,1.730796498693e-03,1.253219356323e-04,4.147152911620e-03,4.544298894925e-03,7.092902924636e+01
2667,0.000000000000e+00,17,5.988710692402e+01,1.079910300083e-04,6.606270153627e-04,1.719195879611e-03,1.241716382726e-04,4.117649828003e-03,4.512485039056e-03,5.115316824671e+01
2668,0.000000000000e+00,17,5.997910762555e+01,1.081581788978e-04,6.641740353676e-04,1.731959544305e-03,1.253688538513e-04,4.150396298670e-03,4.547781634808e-03,4.778889450097e+01
2669,0.000000000000e+00,17,6.007124966182e+01,1.083255864283e-04,6.611572691845e-04,1.720306991288e-03,1.241771936275e-04,4.120809187959e-03,4.515869065623e-03,5.040307075422e+01
2670,0.000000000000e+00,17,6.016353324997e+01,1.084932449637e-04,6.647096395080e-04,1.733146471888e-03,1.254941085769e-04,4.153679267636e-03,4.551311440403e-03,4.701104834348e+01
2671,0.000000000000e+00,17,6.025595860744e+01,1.086611505689e-04,6.616959649021e-04,1.721492066493e-03,1.241547770672e-04,4.124098076270e-03,4.519399942064e-03,6.227310034519e+01
2672,0.000000000000e+00,17,6.034852595202e+01,1.088293228002e-04,6.652602310877e-04,1.734361621575e-03,1.254969893595e-04,4.157032199164e-03,4.554914665357e-03,4.623416402207e+01
2673,0.000000000000e+00,17,6.044123550186e+01,1.089977607528e-04,6.622314871664e-04,1.722658863944e-03,1.241980939038e-04,4.127334496908e-03,4.522877327545e-03,4.890628327386e+01
2674,0.000000000000e+00,17,6.053408747539e+01,1.091664608300e-04,6.658344256710e-04,1.735597226994e-03,1.255502550844e-04,4.160483801905e-03,4.558620575264e-03,4.545997077017e+01
2675,0.000000000000e+00,17,6.062708209143e+01,1.093354067239e-04,6.627820371792e-04,1.723907863333e-03,1.242876358216e-04,4.130734123271e-03,4.526538430594e-03,4.816282801037e+01
2676,0.000000000000e+00,17,6.072021956910e+01,1.095046090416e-04,6.664291515181e-04,1.736911801689e-03,1.255479784920e-04,4.164103299987e-03,4.562511261214e-03,4.748255569039e+01
2677,0.000000000000e+00,17,6.081350012787e+01,1.096740739964e-04,6.633471234263e-04,1.725183883449e-03,1.243292677960e-04,4.134196863410e-03,4.530268238210e-03,4.742445745160e+01
2678,0.000000000000e+00,17,6.090692398755e+01,1.098438098485e-04,6.670294094444e-04,1.738221727641e-03,1.256095322419e-04,4.167720713388e-03,4.566400848250e-03,4.392533219938e+01
2679,0.000000000000e+00,17,6.100049136829e+01,1.100138023220e-04,6.639304054215e-04,1.726492417689e-03,1.244083609688e-04,4.137756014512e-03,4.534102108190e-03,4.669245734766e+01
2680,0.000000000000e+00,17,6.109420249056e+01,1.101840543514e-04,6.676399434852e-04,1.739591353475e-03,1.256928430069e-04,4.171453776683e-03,4.570420820122e-03,4.316749289009e+01
2681,0.000000000000e+00,17,6.118805757518e+01,1.103545646518e-04,6.645236558037e-04,1.727843405929e-03,1.244453052826e-04,4.141398943324e-03,4.538028907610e-03,4.596877294858e+01
2682,0.000000000000e+00,17,6.128205684332e+01,1.105253445948e-04,6.682546367939e-04,1.740960879644e-03,1.257536887660e-04,4.175186304441e-03,4.574440262051e-03,4.242022817411e+01
2683,0.000000000000e+00,17,6.137620051648e+01,1.106963860471e-04,6.651159196611e-04,1.729182342863e-03,1.245259315453e-04,4.145016288682e-03,4.541928830632e-03,4.525691639970e+01
2684,0.000000000000e+00,17,6.147048881649e+01,1.108676893166e-04,6.688749351668e-04,1.742341379171e-03,1.258397450823e-04,4.178947704519e-03,4.578491751550e-03,4.168152337778e+01
2685,0.000000000000e+00,17,6.156492196554e+01,1.110392470405e-04,6.657091893849e-04,1.730538077104e-03,1.246169216776e-04,4.148659454571e-03,4.545859149634e-03,4.455261654171e+01
2686,0.000000000000e+00,17,6.165950018615e+01,1.112110714757e-04,6.694935487044e-04,1.743726310601e-03,1.258886435303e-04,4.182699873810e-03,4.582535241870e-03,4.095168769623e+01
2687,0.000000000000e+00,17,6.175422370118e+01,1.113831621426e-04,6.662990360192e-04,1.731873793601e-03,1.246836578909e-04,4.152254596151e-03,4.549736859222e-03,4.385861124910e+01
2688,0.000000000000e+00,17,6.184909273384e+01,1.115555251399e-04,6.700999771583e-04,1.745082535758e-03,1.259514802970e-04,4.186366150515e-03,4.586488019996e-03,4.023230083722e+01
2689,0.000000000000e+00,17,6.194410750768e+01,1.117281479253e-04,6.668848203944e-04,1.733192384148e-03,1.247652577240e-04,4.155811369730e-03,4.553572851558e-03,4.317467528645e+01
2690,0.000000000000e+00,17,6.203926824659e+01,1.119010349133e-04,6.706949089658e-04,1.746434813637e-03,1.260222594038e-04,4.189985576171e-03,4.590395076416e-03,3.952261353435e+01
2691,0.000000000000e+00,17,6.213457517481e+01,1.120741838460e-04,6.674673941333e-04,1.734501666106e-03,1.248240665065e-04,4.159337296580e-03,4.557376059341e-03,4.250093734619e+01
2692,0.000000000000e+00,17,6.223002851692e+01,1.122476072349e-04,6.712774314012e-04,1.747765072533e-03,1.260733924397e-04,4.193521532768e-03,4.594215219681e-03,3.882274458572e+01
2693,0.000000000000e+00,17,6.232562849784e+01,1.124212985781e-04,6.680412123788e-04,1.735775668372e-03,1.248854738831e-04,4.162775175005e-03,4.561084275869e-03,4.183716949490e+01
2694,0.000000000000e+00,19,6.242137534285e+01,1.125952601863e-04,6.718459201232e-04,1.749069326300e-03,1.261291336218e-04,4.196965777184e-03,4.597939836687e-03,3.813259157826e+01
2695,0.000000000000e+00,17,6.251726927757e+01,1.127694803905e-04,6.685897365197e-04,1.737014611187e-03,1.249598831253e-04,4.166045048699e-03,4.564622472389e-03,4.107034715063e+01
2696,0.000000000000e+00,17,6.261331052796e+01,1.129439759743e-04,6.724264554845e-04,1.750359971137e-03,1.262518830913e-04,4.200434435335e-03,4.601685164168e-03,3.735328500720e+01
2697,0.000000000000e+00,17,6.270949932032e+01,1.131187357430e-04,6.691918169478e-04,1.738343039629e-03,1.250125895239e-04,4.169670823096e-03,4.568526801039e-03,4.049769715777e+01
2698,0.000000000000e+00,19,6.280583588133e+01,1.132937470159e-04,6.729794458138e-04,1.751715327947e-03,1.261685059369e-04,4.203847064799e-03,4.605394289392e-03,3.676217543631e+01
2699,0.000000000000e+00,17,6.290232043799e+01,1.134690057749e-04,6.697279592306e-04,1.739541060367e-03,1.250429791406e-04,4.172814389685e-03,4.571931136563e-03,3.976749412168e+01
2700,0.000000000000e+00,19,6.299895321765e+01,1.136445426815e-04,6.735359094541e-04,1.752942441028e-03,1.263359261410e-04,4.207161482576e-03,4.608972372404e-03,3.599391733549e+01
2701,0.000000000000e+00,17,6.309573444802e+01,1.138203309317e-04,6.703020160028e-04,1.740818853152e-03,1.251026431938e-04,4.176233320347e-03,4.575623508273e-03,3.909933422346e+01
2702,0.000000000000e+00,19,6.319266435715e+01,1.139964093352e-04,6.740923363131e-04,1.754278902753e-03,1.263248291766e-04,4.210559620765e-03,4.612663572059e-03,3.532364806053e+01
2703,0.000000000000e+00,17,6.328974317346e+01,1.141727367081e-04,6.708764392959e-04,1.742088517456e-03,1.251221956802e-04,4.179620080139e-03,4.579282386751e-03,3.846406657501e+01
2704,0.000000000000e+00,19,6.338697112569e+01,1.143493459868e-04,6.746440115885e-04,1.755572143640e-03,1.263675346548e-04,4.213901317153e-03,4.616287594855e-03,3.465669829556e+01
2705,0.000000000000e+00,17,6.348434844296e+01,1.145262009630e-04,6.714454744368e-04,1.743349121524e-03,1.251711801619e-04,4.182975155356e-03,4.582908918943e-03,3.783369258628e+01
2706,0.000000000000e+00,19,6.358187535472e+01,1.147033472950e-04,6.751891049645e-04,1.756864056323e-03,1.263896513592e-04,4.217218350506e-03,4.619887076507e-03,3.399994280581e+01
2707,0.000000000000e+00,17,6.367955209079e+01,1.148807513140e-04,6.720154579596e-04,1.744596532477e-03,1.252074612916e-04,4.186302021815e-03,4.586504481965e-03,3.721396707091e+01
2708,0.000000000000e+00,19,6.377737888133e+01,1.150584493742e-04,6.757271384372e-04,1.758139567789e-03,1.264272056512e-04,4.220478137242e-03,4.623427457062e-03,3.335209727635e+01
2709,0.000000000000e+00,17,6.387535595687e+01,1.152363979933e-04,6.725806545273e-04,1.745841070719e-03,1.252593600342e-04,4.189603967652e-03,4.590075935548e-03,3.660263244603e+01
2710,0.000000000000e+00,19,6.397348354826e+01,1.154146381330e-04,6.762567274341e-04,1.759413565214e-03,1.264434074961e-04,4.223703539817e-03,4.626934058577e-03,3.271258875054e+01
2711,0.000000000000e+00,17,6.407176188676e+01,1.155931345167e-04,6.731426175113e-04,1.747067650313e-03,1.252851476937e-04,4.192860015234e-03,4.593597482787e-03,3.600043293455e+01
2712,0.000000000000e+00,19,6.417019120392e+01,1.157719270729e-04,6.767759655917e-04,1.760658438211e-03,1.264655432070e-04,4.226846058192e-03,4.630352575876e-03,3.208232781145e+01
2713,0.000000000000e+00,19,6.426877173170e+01,1.159509708944e-04,6.737001031280e-04,1.748275860020e-03,1.253270017050e-04,4.196068748253e-03,4.597068643071e-03,3.540766178699e+01
2714,0.000000000000e+00,19,6.436750370239e+01,1.161303033994e-04,6.772773384346e-04,1.761965697327e-03,1.263831510334e-04,4.229947321198e-03,4.633751693033e-03,3.197165304914e+01
2715,0.000000000000e+00,19,6.446638734864e+01,1.163099087042e-04,6.742696506028e-04,1.749465883226e-03,1.253339961712e-04,4.199259509319e-03,4.600517305206e-03,3.491288638953e+01
2716,0.000000000000e+00,19,6.456542290347e+01,1.164897906091e-04,6.777390638331e-04,1.763096236693e-03,1.263903167407e-04,4.232743760710e-03,4.636802005098e-03,3.199941334109e+01
2717,0.000000000000e+00,19,6.466461060023e+01,1.166699449896e-04,6.747836848076e-04,1.750531410269e-03,1.253704046352e-04,4.202111377502e-03,4.603601960087e-03,3.434513873193e+01
2718,0.000000000000e+00,19,6.476395067265e+01,1.168503748013e-04,6.781800509632e-04,1.764197250490e-03,1.264223696856e-04,4.235408212258e-03,4.639718252241e-03,3.202671152262e+01
2719,0.000000000000e+00,19,6.486344335482e+01,1.170310770723e-04,6.753024828353e-04,1.751597619147e-03,1.253628731486e-04,4.204956338686e-03,4.606680076036e-03,3.375283941426e+01
2720,0.000000000000e+00,19,6.496308888119e+01,1.172120619537e-04,6.785988316516e-04,1.765269702170e-03,1.263919382371e-04,4.237933612617e-03,4.642491757959e-03,3.205373750116e+01
2721,0.000000000000e+00,19,6.506288748656e+01,1.173933246998e-04,6.758029063312e-04,1.752609265481e-03,1.253434634079e-04,4.207653425008e-03,4.609599454883e-03,3.383664592669e+01
2722,0.000000000000e+00,19,6.516283940608e+01,1.175748645390e-04,6.789998943993e-04,1.766298049166e-03,1.263790870293e-04,4.240338044386e-03,4.645135957041e-03,3.208057231011e+01
2723,0.000000000000e+00,19,6.526294487530e+01,1.177566755277e-04,6.762964501296e-04,1.753608078085e-03,1.253249761223e-04,4.210298146837e-03,4.612465177633e-03,3.399754863279e+01
2724,0.000000000000e+00,19,6.536320413010e+01,1.179387692168e-04,6.793881038985e-04,1.767310326629e-03,1.263321792843e-04,4.242671550750e-03,4.647706498199e-03,3.318336148063e+01
2725,0.000000000000e+00,19,6.546361740673e+01,1.181211460400e-04,6.767815118795e-04,1.754574419631e-03,1.252836724720e-04,4.212854839080e-03,4.615236343091e-03,3.411738108489e+01
2726,0.000000000000e+00,19,6.556418494180e+01,1.183038062603e-04,6.797692111731e-04,1.768285436455e-03,1.263041210988e-04,4.244924806065e-03,4.650189125765e-03,3.213395284455e+01
2727,0.000000000000e+00,19,6.566490697229e+01,1.184867383731e-04,6.772577098206e-04,1.755532411670e-03,1.252749062364e-04,4.215367043014e-03,4.617963313345e-03,3.419918351896e+01
2728,0.000000000000e+00,19,6.576578373554e+01,1.186699497614e-04,6.801456272842e-04,1.769263892178e-03,1.262631061870e-04,4.247175457073e-03,4.652669613204e-03,3.687806567722e+01
2729,0.000000000000e+00,19,6.586681546926e+01,1.188534450708e-04,6.777306278646e-04,1.756486580566e-03,1.252241277940e-04,4.217853799116e-03,4.620663985247e-03,3.423888719033e+01
2730,0.000000000000e+00,19,6.596800241152e+01,1.190372319355e-04,6.805226339360e-04,1.770216054537e-03,1.262225675375e-04,4.249389385278e-03,4.655106681840e-03,3.218711173590e+01
2731,0.000000000000e+00,19,6.606934480076e+01,1.192212990958e-04,6.782004864809e-04,1.757432815238e-03,1.251982790135e-04,4.220315901747e-03,4.623339368848e-03,3.425043316646e+01
2732,0.000000000000e+00,19,6.617084287578e+01,1.194056468785e-04,6.809028562249e-04,1.771181026629e-03,1.262073008745e-04,4.251643121578e-03,4.657586117804e-03,3.221355160314e+01
2733,0.000000000000e+00,19,6.627249687574e+01,1.195902765217e-04,6.786687496436e-04,1.758400428555e-03,1.251486006873e-04,4.222805425347e-03,4.626047035156e-03,3.835592770652e+01
2734,0.000000000000e+00,19,6.637430704019e+01,1.197752004597e-04,6.812856270646e-04,1.772139662194e-03,1.261763956889e-04,4.253903175475e-03,4.660068861842e-03,3.223979867668e+01
2735,0.000000000000e+00,19,6.647627360903e+01,1.199604121968e-04,6.791267056264e-04,1.759354656936e-03,1.251253363614e-04,4.225249082252e-03,4.628706952060e-03,3.415078358389e+01
2736,0.000000000000e+00,19,6.657839682254e+01,1.201459076065e-04,6.816769006661e-04,1.773098361049e-03,1.261846614660e-04,4.256205648618e-03,4.662592657200e-03,3.226574061832e+01
2737,0.000000000000e+00,19,6.668067692136e+01,1.203316789089e-04,6.795804213667e-04,1.760327872988e-03,1.251247575555e-04,4.227720307473e-03,4.631399245660e-03,3.404668023744e+01
2738,0.000000000000e+00,19,6.678311414650e+01,1.205177375776e-04,6.820795985672e-04,1.774067441997e-03,1.261306629447e-04,4.258564452064e-03,4.665171808632e-03,3.436423574501e+01
2739,0.000000000000e+00,19,6.688570873935e+01,1.207040868981e-04,6.799848875667e-04,1.761239958226e-03,1.251068689556e-04,4.230099695000e-03,4.633976779838e-03,3.391673387386e+01
2740,0.000000000000e+00,19,6.698846094165e+01,1.208907301081e-04,6.824682640816e-04,1.774997157191e-03,1.261193061545e-04,4.260906591160e-03,4.667719882073e-03,3.287830861117e+01
2741,0.000000000000e+00,19,6.709137099554e+01,1.210776543128e-04,6.803894885004e-04,1.762158760063e-03,1.251283517751e-04,4.232508254588e-03,4.636584581489e-03,3.375710000821e+01
2742,0.000000000000e+00,19,6.719443914351e+01,1.212648608394e-04,6.828553807699e-04,1.775938188278e-03,1.261133664883e-04,4.263315191744e-03,4.670332849487e-03,4.019229623185e+01
2743,0.000000000000e+00,19,6.729766562843e+01,1.214523535372e-04,6.807952087089e-04,1.763091642353e-03,1.251013057336e-04,4.234925776691e-03,4.639204773053e-03,4.281727986053e+01
2744,0.000000000000e+00,19,6.740105069355e+01,1.216401432872e-04,6.832294226020e-04,1.776836877581e-03,1.261145988902e-04,4.265652446986e-03,4.672862872370e-03,3.300702554867e+01
2745,0.000000000000e+00,19,6.750459458247e+01,1.218282234615e-04,6.811891615424e-04,1.763982407572e-03,1.251018728129e-04,4.237254915047e-03,4.641727297214e-03,3.651595129276e+01
2746,0.000000000000e+00,19,6.760829753920e+01,1.220165888590e-04,6.835980806687e-04,1.777712964579e-03,1.261516881916e-04,4.267950023919e-03,4.675348262475e-03,3.238740156427e+01
2747,0.000000000000e+00,19,6.771215980809e+01,1.222052333205e-04,6.815632915628e-04,1.764862022070e-03,1.251197299317e-04,4.239531342558e-03,4.644195024835e-03,5.651200429385e+01
2748,0.000000000000e+00,19,6.781618163389e+01,1.223941711155e-04,6.839640443716e-04,1.778571661176e-03,1.261323641505e-04,4.270214313207e-03,4.677794739184e-03,4.592149656400e+01
2749,0.000000000000e+00,19,6.792036326172e+01,1.225834076344e-04,6.819132938202e-04,1.765687488220e-03,1.251414127893e-04,4.241670427120e-03,4.646513362925e-03,4.426353722174e+01
2750,0.000000000000e+00,19,6.802470493706e+01,1.227729445690e-04,6.843226530107e-04,1.779378858930e-03,1.261211301427e-04,4.272387917372e-03,4.680137997218e-03,3.793739878302e+01
2751,0.000000000000e+00,19,6.812920690580e+01,1.229627657439e-04,6.822434025013e-04,1.766480974263e-03,1.252084253204e-04,4.243723938669e-03,4.648739733529e-03,3.625531520707e+01
2752,0.000000000000e+00,19,6.823386941417e+01,1.231528718085e-04,6.846700614319e-04,1.780174621691e-03,1.261063001710e-04,4.274523335049e-03,4.682440316497e-03,7.317859692987e+01
2753,0.000000000000e+00,19,6.833869270880e+01,1.233432723871e-04,6.825573682761e-04,1.767243855091e-03,1.252211162570e-04,4.245695772223e-03,4.650876081189e-03,3.253940258801e+01
2754,0.000000000000e+00,19,6.844367703671e+01,1.235339818546e-04,6.849995671574e-04,1.780917287517e-03,1.261160635330e-04,4.276531588903e-03,4.684604410658e-03,4.883803831323e+01
2755,0.000000000000e+00,19,6.854882264527e+01,1.237249872681e-04,6.828638045502e-04,1.767963507889e-03,1.252313616361e-04,4.247588627731e-03,4.652922735783e-03,3.230315334630e+01
2756,0.000000000000e+00,19,6.865412978225e+01,1.239162781947e-04,6.853146923095e-04,1.781645529766e-03,1.261748826799e-04,4.278485404171e-03,4.686712544626e-03,5.150281116643e+01
2757,0.000000000000e+00,19,6.875959869579e+01,1.241078543258e-04,6.831645530611e-04,1.768682333878e-03,1.252013711719e-04,4.249469126484e-03,4.654955880028e-03,7.662568260541e+01
2758,0.000000000000e+00,19,6.886522963443e+01,1.242997375314e-04,6.856162580147e-04,1.782349649828e-03,1.262038340350e-04,4.280362240062e-03,4.688738448812e-03,4.433775182478e+01
2759,0.000000000000e+00,19,6.897102284707e+01,1.244919273253e-04,6.834515153958e-04,1.769356075788e-03,1.251850574710e-04,4.251247452314e-03,4.656876968124e-03,5.649414665137e+01
2760,0.000000000000e+00,19,6.907697858300e+01,1.246844112179e-04,6.859176854534e-04,1.783031521021e-03,1.262660525212e-04,4.282210374844e-03,4.690730570669e-03,3.441391759228e+01
2761,0.000000000000e+00,19,6.918309709189e+01,1.248771709919e-04,6.837305282790e-04,1.770038417390e-03,1.252045671506e-04,4.253020684437e-03,4.658796471217e-03,7.844109556814e+01
2762,0.000000000000e+00,19,6.928937862381e+01,1.250702222359e-04,6.862256985924e-04,1.783727038327e-03,1.262465857794e-04,4.284094417157e-03,4.692759426201e-03,5.963814982816e+01
2763,0.000000000000e+00,19,6.939582342920e+01,1.252635824453e-04,6.839959181297e-04,1.770700768619e-03,1.252426996706e-04,4.254719996367e-03,4.660639399194e-03,5.189516147389e+01
2764,0.000000000000e+00,19,6.950243175888e+01,1.254572530750e-04,6.865411239439e-04,1.784402861812e-03,1.262306422918e-04,4.285967697021e-03,4.694772152412e-03,5.273785058087e+01
2765,0.000000000000e+00,19,6.960920386406e+01,1.256512066838e-04,6.842623985404e-04,1.771374176888e-03,1.253381069232e-04,4.256442255715e-03,4.662509176600e-03,3.515970912291e+01
2766,0.000000000000e+00,19,6.971613999635e+01,1.258454420346e-04,6.868624664042e-04,1.785116400102e-03,1.262192703300e-04,4.287921839688e-03,4.696874026109e-03,8.798604124370e+01
2767,0.000000000000e+00,19,6.982324040772e+01,1.260399773996e-04,6.845306402278e-04,1.772068686445e-03,1.253327174450e-04,4.258197972140e-03,4.664415063744e-03,3.231515304277e+01
2768,0.000000000000e+00,19,6.993050535054e+01,1.262348312622e-04,6.871802605239e-04,1.785819522460e-03,1.262149026015e-04,4.289844290418e-03,4.698942680531e-03,5.302557623199e+01
2769,0.000000000000e+00,19,7.003793507759e+01,1.264299878679e-04,6.848132221565e-04,1.772770326064e-03,1.253419967342e-04,4.259999857182e-03,4.666368307104e-03,3.233145752448e+01
2770,0.000000000000e+00,19,7.014552984200e+01,1.266254320454e-04,6.875055999851e-04,1.786561166536e-03,1.262930151689e-04,4.291850629969e-03,4.701105881325e-03,6.113601569948e+01
2771,0.000000000000e+00,19,7.025328989731e+01,1.268211659127e-04,6.851106404013e-04,1.773521544240e-03,1.253058375823e-04,4.261921907022e-03,4.668451044185e-03,7.577176524525e+01
2772,0.000000000000e+00,19,7.036121549744e+01,1.270172136525e-04,6.878381107008e-04,1.787323312220e-03,1.263283217944e-04,4.293902014128e-03,4.703317897055e-03,3.840075534675e+01
2773,0.000000000000e+00,19,7.046930689671e+01,1.272135746879e-04,6.854142894236e-04,1.774277213980e-03,1.252941783614e-04,4.263860325848e-03,4.670551989826e-03,5.347124594948e+01
2774,0.000000000000e+00,19,7.057756434984e+01,1.274102371383e-04,6.881921920021e-04,1.788113649620e-03,1.263951275844e-04,4.296053587245e-03,4.705636096199e-03,3.264737690892e+01
2775,0.000000000000e+00,19,7.068598811191e+01,1.276071843922e-04,6.857260591413e-04,1.775080889674e-03,1.253448456274e-04,4.265895190260e-03,4.672762084430e-03,7.121976477293e+01
2776,0.000000000000e+00,19,7.079457843841e+01,1.278044324784e-04,6.885665430198e-04,1.788950256885e-03,1.263874842442e-04,4.298328853163e-03,4.708085771508e-03,5.122914207002e+01
2777,0.000000000000e+00,19,7.090333558524e+01,1.280019939483e-04,6.860363086488e-04,1.775898042079e-03,1.253997780742e-04,4.267937478501e-03,4.674983967607e-03,4.129349663769e+01
2778,0.000000000000e+00,19,7.101225980865e+01,1.281998682919e-04,6.889493367173e-04,1.789792725116e-03,1.263782923321e-04,4.300627844286e-03,4.710560530899e-03,3.769390905040e+01
2779,0.000000000000e+00,19,7.112135136533e+01,1.283980360827e-04,6.863448769066e-04,1.776731390463e-03,1.254994300641e-04,4.269995649890e-03,4.677227456618e-03,3.241432741541e+01
2780,0.000000000000e+00,19,7.123061051234e+01,1.285964992611e-04,6.893294526867e-04,1.790654570435e-03,1.263827163946e-04,4.302950158609e-03,4.713063923123e-03,6.496220651495e+01
2781,0.000000000000e+00,19,7.134003750713e+01,1.287952665660e-04,6.866597929135e-04,1.777577669296e-03,1.255504883982e-04,4.272101954092e-03,4.679519427557e-03,3.243078865761e+01
2782,0.000000000000e+00,19,7.144963260755e+01,1.289943574547e-04,6.897073420176e-04,1.791518074996e-03,1.263996471404e-04,4.305248036857e-03,4.715545648207e-03,4.132273909050e+01
2783,0.000000000000e+00,19,7.155939607186e+01,1.291937634166e-04,6.869841035066e-04,1.778415945750e-03,1.255987354195e-04,4.274225068365e-03,4.681825008684e-03,3.244731576744e+01
2784,0.000000000000e+00,19,7.166932815871e+01,1.293934542152e-04,6.900839393351e-04,1.792394374436e-03,1.264479929594e-04,4.307553645258e-03,4.718039946688e-03,3.490274565297e+01
2785,0.000000000000e+00,19,7.177942912714e+01,1.295934278804e-04,6.873178105297e-04,1.779271127473e-03,1.256254380538e-04,4.276389233794e-03,4.684175289988e-03,5.181332753226e+01
2786,0.000000000000e+00,19,7.188969923658e+01,1.297937052029e-04,6.904571615216e-04,1.793280213270e-03,1.264743043307e-04,4.309854709849e-03,4.720532637834e-03,3.275667289897e+01
2787,0.000000000000e+00,19,7.200013874689e+01,1.299942967559e-04,6.876545145780e-04,1.780118319856e-03,1.256759062675e-04,4.278539926430e-03,4.686511314355e-03,3.682219133916e+01
2788,0.000000000000e+00,19,7.211074791829e+01,1.301952060113e-04,6.908273337455e-04,1.794160654584e-03,1.265046188161e-04,4.312129594187e-03,4.722999038233e-03,3.277491938280e+01
2789,0.000000000000e+00,19,7.222152701143e+01,1.303964251869e-04,6.879964285097e-04,1.780969587736e-03,1.257425441835e-04,4.280702790617e-03,4.688861197252e-03,3.558889305188e+01
2790,0.000000000000e+00,19,7.233247628736e+01,1.305979603929e-04,6.911939821222e-04,1.795047662664e-03,1.265087406603e-04,4.314389986334e-03,4.725453485942e-03,3.896376829214e+01
2791,0.000000000000e+00,19,7.244359600750e+01,1.307998161814e-04,6.883360604708e-04,1.781807737172e-03,1.257959380294e-04,4.282830455760e-03,4.691173272776e-03,3.370466842964e+01
2792,0.000000000000e+00,19,7.255488643370e+01,1.310019940660e-04,6.915457993787e-04,1.795913954409e-03,1.265081672325e-04,4.316566452286e-03,4.727821144847e-03,3.281175579279e+01
2793,0.000000000000e+00,19,7.266634782822e+01,1.312044809917e-04,6.886737727441e-04,1.782629325819e-03,1.258586323427e-04,4.284923026765e-03,4.693446986936e-03,3.253485531101e+01
2794,0.000000000000e+00,19,7.277798045368e+01,1.314072718998e-04,6.918837951080e-04,1.796774491635e-03,1.265190749242e-04,4.318681792464e-03,4.730129095553e-03,3.343816285377e+01
2795,0.000000000000e+00,19,7.288978457315e+01,1.316103672846e-04,6.890190243526e-04,1.783448102874e-03,1.258893931836e-04,4.287021039921e-03,4.695724852204e-03,3.284974923142e+01
2796,0.000000000000e+00,19,7.300176045009e+01,1.318137770594e-04,6.922128102196e-04,1.797625487885e-03,1.265176218739e-04,4.320741683953e-03,4.732381153016e-03,3.284930153757e+01
2797,0.000000000000e+00,19,7.311390834834e+01,1.320174996735e-04,6.893661039699e-04,1.784252976194e-03,1.259046253008e-04,4.289092673605e-03,4.697973206160e-03,3.312709403327e+01
2798,0.000000000000e+00,19,7.322622853218e+01,1.322215317461e-04,6.925326410798e-04,1.798462850611e-03,1.265280086909e-04,4.322743365408e-03,4.734573858770e-03,3.286846116746e+01
2799,0.000000000000e+00,19,7.333872126628e+01,1.324258683297e-04,6.897148136225e-04,1.785051534238e-03,1.259352391360e-04,4.291150061989e-03,4.700206808533e-03,3.323531855357e+01
2800,0.000000000000e+00,19,7.345138681571e+01,1.326305176805e-04,6.928437406071e-04,1.799298937756e-03,1.265199100225e-04,4.324705877997e-03,4.736728547756e-03,3.288795082163e+01
2801,0.000000000000e+00,19,7.356422544596e+01,1.328354852723e-04,6.900618523068e-04,1.785845316774e-03,1.259500148791e-04,4.293182081251e-03,4.702414767380e-03,3.332912032525e+01
2802,0.000000000000e+00,19,7.367723742293e+01,1.330407734181e-04,6.931496029838e-04,1.800124096084e-03,1.265076657692e-04,4.326626144154e-03,4.738839637949e-03,3.290781822117e+01
2803,0.000000000000e+00,19,7.379042301291e+01,1.332463741469e-04,6.904126123365e-04,1.786636611771e-03,1.259783533430e-04,4.295212024972e-03,4.704620796915e-03,3.338989764155e+01
2804,0.000000000000e+00,19,7.390378248262e+01,1.334522871526e-04,6.934499218719e-04,1.800953194229e-03,1.265003233471e-04,4.328534781992e-03,4.740940929042e-03,3.297038225921e+01
2805,0.000000000000e+00,19,7.401731609917e+01,1.336585170513e-04,6.907642617949e-04,1.787433713243e-03,1.259846737856e-04,4.297247578076e-03,4.706833694738e-03,3.339778279088e+01
2806,0.000000000000e+00,19,7.413102413009e+01,1.338650716975e-04,6.937449856260e-04,1.801775274498e-03,1.264801907282e-04,4.330413547141e-03,4.743011171480e-03,3.294877899080e+01
2807,0.000000000000e+00,19,7.424490684334e+01,1.340719473216e-04,6.911176947365e-04,1.788226687852e-03,1.259950238169e-04,4.299273639369e-03,4.709036730301e-03,3.327663288090e+01
2808,0.000000000000e+00,19,7.435896450725e+01,1.342791385576e-04,6.940426748772e-04,1.802602166970e-03,1.264937539961e-04,4.332311607189e-03,4.745102142052e-03,3.296985436553e+01
2809,0.000000000000e+00,19,7.447319739060e+01,1.344866436929e-04,6.914783918241e-04,1.789041839254e-03,1.260173653480e-04,4.301353213695e-03,4.711298431886e-03,3.508320984751e+01
2810,0.000000000000e+00,19,7.458760576256e+01,1.346944717156e-04,6.943407899549e-04,1.803440721503e-03,1.264685912079e-04,4.334226183660e-03,4.747211653619e-03,3.299125929421e+01
2811,0.000000000000e+00,19,7.470218989273e+01,1.349026263035e-04,6.918363687236e-04,1.789855450227e-03,1.260015176597e-04,4.303410347880e-03,4.713537641569e-03,3.311061678309e+01
2812,0.000000000000e+00,19,7.481695005112e+01,1.351111026118e-04,6.946422405667e-04,1.804273620265e-03,1.264642736382e-04,4.336144392385e-03,4.749323377418e-03,3.301290566540e+01
2813,0.000000000000e+00,19,7.493188650813e+01,1.353198916521e-04,6.921945079908e-04,1.790682592468e-03,1.260147275435e-04,4.305489090700e-03,4.715802519779e-03,3.296605929846e+01
2814,0.000000000000e+00,19,7.504699953461e+01,1.355289966250e-04,6.949522462890e-04,1.805125820556e-03,1.264578899297e-04,4.338124673799e-03,4.751500303695e-03,3.699178769277e+01
2815,0.000000000000e+00,19,7.516228940182e+01,1.357384270470e-04,6.925502410049e-04,1.791518008716e-03,1.260042909331e-04,4.307572709134e-03,4.718074007228e-03,3.282998015215e+01
2816,0.000000000000e+00,19,7.527775638142e+01,1.359481856270e-04,6.952614225732e-04,1.805965133434e-03,1.264543215845e-04,4.340091394212e-03,4.753659907320e-03,3.305650570626e+01
2817,0.000000000000e+00,19,7.539340074549e+01,1.361582631515e-04,6.929045433440e-04,1.792351365680e-03,1.260227736431e-04,4.309654114865e-03,4.720343255897e-03,3.279166433409e+01
2818,0.000000000000e+00,19,7.550922276654e+01,1.363686535939e-04,6.955773996460e-04,1.806817019106e-03,1.264698680308e-04,4.342110269084e-03,4.755873408306e-03,3.325712605829e+01
2819,0.000000000000e+00,19,7.562522271750e+01,1.365793644209e-04,6.932554730722e-04,1.793197156585e-03,1.260325129769e-04,4.311751786771e-03,4.722631348981e-03,3.495836583391e+01
2820,0.000000000000e+00,19,7.574140087171e+01,1.367904067447e-04,6.958890155959e-04,1.807656784688e-03,1.264705395845e-04,4.344112801275e-03,4.758066351033e-03,3.309972403359e+01
2821,0.000000000000e+00,19,7.585775750292e+01,1.370017794228e-04,6.936014591423e-04,1.794028191140e-03,1.260277154147e-04,4.313807512620e-03,4.724874429625e-03,3.283541096106e+01
2822,0.000000000000e+00,19,7.597429288532e+01,1.372134713120e-04,6.962020798641e-04,1.808488945675e-03,1.264969779196e-04,4.346128377499e-03,4.760269211059e-03,3.312087641797e+01
2823,0.000000000000e+00,19,7.609100729352e+01,1.374254809749e-04,6.939408369948e-04,1.794869305260e-03,1.260285638818e-04,4.315866401460e-03,4.727123406722e-03,3.901809497445e+01
2824,0.000000000000e+00,19,7.620790100254e+01,1.376378197305e-04,6.965173950816e-04,1.809318323732e-03,1.264997580603e-04,4.348157012756e-03,4.762482637723e-03,3.314157265870e+01
2825,0.000000000000e+00,19,7.632497428783e+01,1.378504969461e-04,6.942650584895e-04,1.795681598782e-03,1.260304745607e-04,4.317854362095e-03,4.729294487386e-03,3.287677305890e+01
2826,0.000000000000e+00,19,7.644222742526e+01,1.380635048893e-04,6.968322761475e-04,1.810120241967e-03,1.265193810053e-04,4.350150196818e-03,4.764653649543e-03,3.316173157475e+01
2827,0.000000000000e+00,19,7.655966069113e+01,1.382768335692e-04,6.945781464220e-04,1.796482765946e-03,1.260527655978e-04,4.319811584384e-03,4.731432188473e-03,3.289630755975e+01
2828,0.000000000000e+00,19,7.667727436215e+01,1.384904844992e-04,6.971482509456e-04,1.810924302354e-03,1.265333815626e-04,4.352160140049e-03,4.766840787558e-03,4.012684842055e+01
2829,0.000000000000e+00,19,7.679506871547e+01,1.387044714846e-04,6.948822435777e-04,1.797270271478e-03,1.260532146135e-04,4.321733493991e-03,4.733530560499e-03,3.291503401625e+01
2830,0.000000000000e+00,19,7.691304402866e+01,1.389187967186e-04,6.974589212324e-04,1.811696397232e-03,1.265586171913e-04,4.354114408608e-03,4.768964473487e-03,3.320023610722e+01
2831,0.000000000000e+00,21,7.703120057972e+01,1.391334515908e-04,6.951766672921e-04,1.798031313769e-03,1.260719797628e-04,4.323600688297e-03,4.735567997608e-03,3.293295750275e+01
2832,0.000000000000e+00,21,7.714953864707e+01,1.393484204091e-04,6.977372096759e-04,1.812510077065e-03,1.264881802301e-04,4.355994802802e-03,4.771029236444e-03,3.321872836700e+01
2833,0.000000000000e+00,21,7.726805850957e+01,1.395637464297e-04,6.954416644864e-04,1.798759830454e-03,1.260233413263e-04,4.325306129208e-03,4.737439290406e-03,3.583913887824e+01
2834,0.000000000000e+00,21,7.738676044649e+01,1.397793934121e-04,6.980466517565e-04,1.813194542064e-03,1.266189271967e-04,4.357858736960e-03,4.773039775596e-03,3.323622438590e+01
2835,0.000000000000e+00,21,7.750564473754e+01,1.399953962783e-04,6.957071182316e-04,1.799469451492e-03,1.260495108365e-04,4.327047282146e-03,4.739338072170e-03,3.296686072614e+01
2836,0.000000000000e+00,21,7.762471166287e+01,1.402116996420e-04,6.983369862323e-04,1.813934075106e-03,1.266169839862e-04,4.359717671990e-03,4.775060357238e-03,3.325340570574e+01
2837,0.000000000000e+00,21,7.774396150304e+01,1.404283466901e-04,6.959731620794e-04,1.800184801662e-03,1.260545876527e-04,4.328798713754e-03,4.741247939703e-03,3.298271065037e+01
2838,0.000000000000e+00,21,7.786339453904e+01,1.406453048050e-04,6.986344083422e-04,1.814640756737e-03,1.266318750450e-04,4.361567910697e-03,4.777062003359e-03,3.327004316952e+01
2839,0.000000000000e+00,21,7.798301105233e+01,1.408626294827e-04,6.962223634302e-04,1.800864540409e-03,1.260706893207e-04,4.330457649073e-03,4.743057657394e-03,3.299802988255e+01
2840,0.000000000000e+00,21,7.810281132475e+01,1.410802709737e-04,6.989234267116e-04,1.815328841960e-03,1.266680641752e-04,4.363376668917e-03,4.779018049159e-03,3.328628096213e+01
2841,0.000000000000e+00,21,7.822279563860e+01,1.412982649050e-04,6.964738131586e-04,1.801545404274e-03,1.261069865841e-04,4.332129877958e-03,4.744880806473e-03,3.301289385505e+01
2842,0.000000000000e+00,21,7.834296427662e+01,1.415165658860e-04,6.992193916709e-04,1.816023539404e-03,1.267048352059e-04,4.365218881245e-03,4.781008183407e-03,3.330222001359e+01
2843,0.000000000000e+00,21,7.846331752197e+01,1.417352297127e-04,6.967233518117e-04,1.802225104303e-03,1.261263381869e-04,4.333797965311e-03,4.746699001713e-03,3.302741252218e+01
2844,0.000000000000e+00,21,7.858385565826e+01,1.419542125652e-04,6.995154101690e-04,1.816710635657e-03,1.267465592620e-04,4.367049890098e-03,4.782985341360e-03,3.331795879622e+01
2845,0.000000000000e+00,21,7.870457896951e+01,1.421735561781e-04,6.969720493336e-04,1.802901308174e-03,1.261561006590e-04,4.335462816930e-03,4.748513068665e-03,3.304168615480e+01
2846,0.000000000000e+00,21,7.882548774020e+01,1.423932076493e-04,6.998149951316e-04,1.817409602443e-03,1.267906754873e-04,4.368910469554e-03,4.784994593187e-03,3.333358188776e+01
2847,0.000000000000e+00,21,7.894658225524e+01,1.426132221115e-04,6.972235691710e-04,1.803593760719e-03,1.261809499335e-04,4.337158435641e-03,4.750361679608e-03,3.305580046598e+01
2848,0.000000000000e+00,21,7.906786279998e+01,1.428335599264e-04,7.001209523567e-04,1.818117685178e-03,1.268325010523e-04,4.370799290140e-03,4.787033965108e-03,3.334915420823e+01
2849,0.000000000000e+00,21,7.918932966020e+01,1.430542713328e-04,6.974765652867e-04,1.804287968389e-03,1.262161102651e-04,4.338859257140e-03,4.752216197918e-03,3.306983026254e+01
2850,0.000000000000e+00,21,7.931098312213e+01,1.432752982028e-04,7.004323895184e-04,1.818835878515e-03,1.268800435907e-04,4.372715658100e-03,4.789103283216e-03,3.336472609818e+01
2851,0.000000000000e+00,21,7.943282347243e+01,1.434966920703e-04,6.977343662437e-04,1.804998011244e-03,1.262610248917e-04,4.340597831047e-03,4.754112161459e-03,3.308384101003e+01
2852,0.000000000000e+00,21,7.955485099820e+01,1.437183984341e-04,7.007520891649e-04,1.819570548355e-03,1.269225063058e-04,4.374677239273e-03,4.791221216071e-03,3.338033729600e+01
2853,0.000000000000e+00,21,7.967706598700e+01,1.439404587832e-04,6.979970472545e-04,1.805717158489e-03,1.263042500217e-04,4.342360929508e-03,4.756034644546e-03,3.309788928374e+01
2854,0.000000000000e+00,21,7.979946872680e+01,1.441628253290e-04,7.010777932676e-04,1.820314044186e-03,1.269717452919e-04,4.376663309517e-03,4.793365919753e-03,3.339601997096e+01
2855,0.000000000000e+00,21,7.992205950604e+01,1.443855572171e-04,6.982658000150e-04,1.806447939808e-03,1.263523006715e-04,4.344156047272e-03,4.757991798400e-03,3.311202595610e+01
2856,0.000000000000e+00,21,8.004483861359e+01,1.446086048085e-04,7.014076150063e-04,1.821074480089e-03,1.270256377661e-04,4.378682952011e-03,4.795548436968e-03,3.341180121839e+01
2857,0.000000000000e+00,21,8.016780633877e+01,1.448320264098e-04,6.985398791087e-04,1.807194714045e-03,1.264054808408e-04,4.345989690043e-03,4.759991116454e-03,3.312629832062e+01
2858,0.000000000000e+00,21,8.029096297134e+01,1.450557769895e-04,7.017423876177e-04,1.821847797805e-03,1.270818253502e-04,4.380730784106e-03,4.797762371157e-03,3.342770599162e+01
2859,0.000000000000e+00,21,8.041430880150e+01,1.452799025324e-04,6.988211089350e-04,1.807947333079e-03,1.264524033558e-04,4.347846734788e-03,4.762014903484e-03,3.314075134701e+01
2860,0.000000000000e+00,21,8.053784411991e+01,1.455043320138e-04,7.020815171307e-04,1.822630356864e-03,1.271431374148e-04,4.382797456794e-03,4.799997791576e-03,3.344375980990e+01
2861,0.000000000000e+00,21,8.066156921766e+01,1.457291194605e-04,6.991085917476e-04,1.808714910871e-03,1.265079410562e-04,4.349741268285e-03,4.764079744508e-03,3.315542911248e+01
2862,0.000000000000e+00,21,8.078548438631e+01,1.459542227555e-04,7.024261484283e-04,1.823431710529e-03,1.271962941355e-04,4.384900966187e-03,4.802274573311e-03,3.345999146708e+01
2863,0.000000000000e+00,21,8.090958991784e+01,1.461797096862e-04,6.994030669560e-04,1.809493693298e-03,1.265582977480e-04,4.351666746033e-03,4.766177981088e-03,3.317037551882e+01
2864,0.000000000000e+00,21,8.103388610470e+01,1.464055212513e-04,7.027748670076e-04,1.824239983175e-03,1.272497295126e-04,4.387018699882e-03,4.804567576452e-03,3.347643576967e+01
2865,0.000000000000e+00,21,8.115837323977e+01,1.466317056943e-04,6.997026336038e-04,1.810280117682e-03,1.266157305740e-04,4.353612635596e-03,4.768298690727e-03,3.318563578734e+01
2866,0.000000000000e+00,21,8.128305161641e+01,1.468582041042e-04,7.031269477307e-04,1.825063349049e-03,1.272951659082e-04,4.389162250958e-03,4.806890164874e-03,3.349313240759e+01
2867,0.000000000000e+00,21,8.140792152840e+01,1.470850826306e-04,7.000096359094e-04,1.811082911305e-03,1.266693754398e-04,4.355596741319e-03,4.770461498183e-03,3.321936293883e+01
2868,0.000000000000e+00,21,8.153298326998e+01,1.473122874169e-04,7.034823494561e-04,1.825900528371e-03,1.273402123200e-04,4.391321867113e-03,4.809233143211e-03,3.351011071597e+01
2869,0.000000000000e+00,21,8.165823713586e+01,1.475398708436e-04,7.003262191894e-04,1.811897977571e-03,1.267149357772e-04,4.357616313285e-03,4.772662538161e-03,3.340434118510e+01
2870,0.000000000000e+00,21,8.178368342117e+01,1.477677654588e-04,7.038399243818e-04,1.826755207995e-03,1.273956844592e-04,4.393507599093e-03,4.811607206828e-03,3.352739033074e+01
2871,0.000000000000e+00,21,8.190932242153e+01,1.479960365527e-04,7.006518705507e-04,1.812734729617e-03,1.267515012676e-04,4.359690032137e-03,4.774922341049e-03,3.391912351692e+01
2872,0.000000000000e+00,21,8.203515443298e+01,1.482246343245e-04,7.042010581398e-04,1.827625754088e-03,1.274428663939e-04,4.395718061415e-03,4.814010177277e-03,3.354498830209e+01
2873,0.000000000000e+00,21,8.216117975204e+01,1.484536230420e-04,7.009823119726e-04,1.813576325600e-03,1.267858137064e-04,4.361776278576e-03,4.777196064364e-03,3.398125707187e+01
2874,0.000000000000e+00,21,8.228739867567e+01,1.486829317542e-04,7.045656291425e-04,1.828501046413e-03,1.274977970451e-04,4.397941053205e-03,4.816427098817e-03,3.356292295029e+01
2875,0.000000000000e+00,21,8.241381150130e+01,1.489126161614e-04,7.013197115380e-04,1.814432015042e-03,1.268403499352e-04,4.363901307506e-03,4.779512105961e-03,3.410685787197e+01
2876,0.000000000000e+00,21,8.254041852680e+01,1.491426172066e-04,7.049343890617e-04,1.829399241628e-03,1.275291125316e-04,4.400204318117e-03,4.818889477242e-03,3.572561112094e+01
2877,0.000000000000e+00,21,8.266722005051e+01,1.493730097347e-04,7.016648436612e-04,1.815303221931e-03,1.268829874537e-04,4.366062182449e-03,4.781867586404e-03,3.428657878737e+01
2878,0.000000000000e+00,21,8.279421637123e+01,1.496037314953e-04,7.053063444185e-04,1.830299573367e-03,1.275669253941e-04,4.402469412127e-03,4.821354976862e-03,3.359986106478e+01
2879,0.000000000000e+00,21,8.292140778821e+01,1.498348390714e-04,7.020168897101e-04,1.816180995336e-03,1.269354656883e-04,4.368246883629e-03,4.784248589909e-03,3.441316936952e+01
2880,0.000000000000e+00,21,8.304879460117e+01,1.500662592659e-04,7.056808959738e-04,1.831221232554e-03,1.276266603532e-04,4.404771467573e-03,4.823863283249e-03,3.361888927570e+01
2881,0.000000000000e+00,21,8.317637711027e+01,1.502980638963e-04,7.023793122632e-04,1.817086718471e-03,1.269634422776e-04,4.370495525041e-03,4.786699456914e-03,3.456330864641e+01
2882,0.000000000000e+00,21,8.330415561615e+01,1.505301960765e-04,7.060620700454e-04,1.832157086269e-03,1.276833257298e-04,4.407099175017e-03,4.826401289329e-03,3.363828274885e+01
2883,0.000000000000e+00,21,8.343213041992e+01,1.507627211590e-04,7.027484498287e-04,1.817993470320e-03,1.269722132983e-04,4.372750261297e-03,4.789156755889e-03,3.456949866293e+01
2884,0.000000000000e+00,21,8.356030182312e+01,1.509955606045e-04,7.064458945220e-04,1.833091810430e-03,1.277584316495e-04,4.409438622958e-03,4.828950462973e-03,3.365802911721e+01
2885,0.000000000000e+00,21,8.368867012780e+01,1.512287832843e-04,7.031191502990e-04,1.818915512337e-03,1.270322764342e-04,4.375040848031e-03,4.791654182194e-03,3.669756789236e+01
2886,0.000000000000e+00,21,8.381723563642e+01,1.514623285666e-04,7.068371138731e-04,1.834056748295e-03,1.278193413485e-04,4.411834107391e-03,4.831562980721e-03,3.367810962282e+01
2887,0.000000000000e+00,21,8.394599865194e+01,1.516962723594e-04,7.035009813881e-04,1.819855958121e-03,1.270430076252e-04,4.377368876559e-03,4.794193106914e-03,3.457121082232e+01
2888,0.000000000000e+00,21,8.407495947778e+01,1.519305400266e-04,7.072321861046e-04,1.835014799469e-03,1.278847041072e-04,4.414229498860e-03,4.834173481112e-03,3.369848276120e+01
2889,0.000000000000e+00,21,8.420411841783e+01,1.521651943056e-04,7.038796222977e-04,1.820792043893e-03,1.271285722455e-04,4.379698658987e-03,4.796733493452e-03,3.431009463986e+01
2890,0.000000000000e+00,21,8.433347577643e+01,1.524001664431e-04,7.076259531950e-04,1.835991793613e-03,1.279376763674e-04,4.416656926577e-03,4.836819906919e-03,3.760660581330e+01
2891,0.000000000000e+00,21,8.446303185840e+01,1.526355440420e-04,7.042668840533e-04,1.821750009188e-03,1.271871800296e-04,4.382083130205e-03,4.799332670147e-03,3.450199533374e+01
2892,0.000000000000e+00,21,8.459278696902e+01,1.528712602989e-04,7.080190781156e-04,1.836971991037e-03,1.279730865153e-04,4.419081992152e-03,4.839464833539e-03,3.373989616462e+01
2893,0.000000000000e+00,21,8.472274141406e+01,1.531073793645e-04,7.046581068506e-04,1.822705754488e-03,1.272496615511e-04,4.384470085052e-03,4.801933956030e-03,3.460758858503e+01
2894,0.000000000000e+00,21,8.485289549973e+01,1.533438119337e-04,7.084136790306e-04,1.837958551522e-03,1.280255534998e-04,4.421522104089e-03,4.842126582097e-03,3.376079247287e+01
2895,0.000000000000e+00,21,8.498324953274e+01,1.535806385801e-04,7.050500365362e-04,1.823673225275e-03,1.272974432292e-04,4.386877454905e-03,4.804558047314e-03,3.477013877788e+01
2896,0.000000000000e+00,21,8.511380382024e+01,1.538177966705e-04,7.088057844818e-04,1.838947808384e-03,1.280553977456e-04,4.423958200769e-03,4.844784724744e-03,3.378176281804e+01
2897,0.000000000000e+00,21,8.524455866987e+01,1.540553650601e-04,7.054427232214e-04,1.824633721308e-03,1.273369163117e-04,4.389274045359e-03,4.807169540197e-03,3.524753131541e+01
2898,0.000000000000e+00,23,8.537551438976e+01,1.542932558492e-04,7.091987474607e-04,1.839934137684e-03,1.281083663917e-04,4.426391540374e-03,4.847439975559e-03,3.380280764064e+01
2899,0.000000000000e+00,21,8.550667128847e+01,1.545315382552e-04,7.057949575945e-04,1.825596401376e-03,1.272989304901e-04,4.391531895624e-03,4.809647196091e-03,3.407006458326e+01
2900,0.000000000000e+00,23,8.563802967507e+01,1.547701899881e-04,7.096229845236e-04,1.840948160119e-03,1.282193650163e-04,4.428964504093e-03,4.850239343835e-03,3.382429417996e+01
2901,0.000000000000e+00,21,8.576958985909e+01,1.550092345770e-04,7.062152333260e-04,1.826635548041e-03,1.273397230996e-04,4.394116367949e-03,4.812464175586e-03,3.447764358904e+01
2902,0.000000000000e+00,23,8.590135215054e+01,1.552486376099e-04,7.100462785007e-04,1.842012132800e-03,1.282096648647e-04,4.431596309205e-03,4.853108074309e-03,3.384634900894e+01
2903,0.000000000000e+00,21,8.603331685990e+01,1.554884168650e-04,7.066267162846e-04,1.827680482751e-03,1.274194464264e-04,4.396690035972e-03,4.815273227028e-03,3.469595811065e+01
2904,0.000000000000e+00,23,8.616548429814e+01,1.557285423704e-04,7.104936262213e-04,1.843090015356e-03,1.282713866493e-04,4.434338036083e-03,4.856087866224e-03,3.656498680838e+01
2905,0.000000000000e+00,21,8.629785477670e+01,1.559690575372e-04,7.070461176826e-04,1.828752860711e-03,1.274931633362e-04,4.399326978482e-03,4.818151472130e-03,3.487533647943e+01
2906,0.000000000000e+00,23,8.643042860748e+01,1.562099395037e-04,7.109479243125e-04,1.844186388840e-03,1.283317430970e-04,4.437128878023e-03,4.859120507287e-03,3.389091272031e+01
2907,0.000000000000e+00,21,8.656320610290e+01,1.564512086859e-04,7.074735207327e-04,1.829837607598e-03,1.275846428886e-04,4.402008918014e-03,4.821077141894e-03,3.509519388006e+01
2908,0.000000000000e+00,23,8.669618757582e+01,1.566928237613e-04,7.114122331459e-04,1.845301428001e-03,1.284119331075e-04,4.439979583134e-03,4.862216886243e-03,3.391323669641e+01
2909,0.000000000000e+00,21,8.682937333961e+01,1.569348234708e-04,7.079040221421e-04,1.830941596564e-03,1.276587133976e-04,4.404731661156e-03,4.824047365905e-03,3.772264662197e+01
2910,0.000000000000e+00,23,8.696276370810e+01,1.571771915228e-04,7.118797185095e-04,1.846423580846e-03,1.284707511503e-04,4.442849982816e-03,4.865333850543e-03,3.393541486246e+01
2911,0.000000000000e+00,21,8.709635899561e+01,1.574199624196e-04,7.083336121384e-04,1.832035001772e-03,1.277463818116e-04,4.407438957938e-03,4.826999695444e-03,3.547587441898e+01
2912,0.000000000000e+00,23,8.723015951695e+01,1.576630895297e-04,7.123489789644e-04,1.847540049086e-03,1.285501006209e-04,4.445717154499e-03,4.868446512697e-03,3.395731687899e+01
2913,0.000000000000e+00,21,8.736416558740e+01,1.579065990277e-04,7.087581391544e-04,1.833128876656e-03,1.278532883399e-04,4.410138929199e-03,4.829945280893e-03,3.565587748837e+01
2914,0.000000000000e+00,23,8.749837752274e+01,1.581504687486e-04,7.128149837452e-04,1.848654567139e-03,1.286047282149e-04,4.448571550411e-03,4.871545640236e-03,3.656382294919e+01
2915,0.000000000000e+00,23,8.763279563923e+01,1.583947452118e-04,7.091752228422e-04,1.834196052462e-03,1.279435208185e-04,4.412779948504e-03,4.832825371767e-03,3.582009872873e+01
2916,0.000000000000e+00,23,8.776742025360e+01,1.586393806238e-04,7.132283958668e-04,1.849761905552e-03,1.285425761017e-04,4.451222485236e-03,4.874445471933e-03,3.400003643938e+01
2917,0.000000000000e+00,23,8.790225168309e+01,1.588844298919e-04,7.095995845118e-04,1.835213288434e-03,1.281033682186e-04,4.415370717148e-03,4.835643538060e-03,3.634499664975e+01
2918,0.000000000000e+00,23,8.803729024541e+01,1.591297868016e-04,7.136512817622e-04,1.850763666737e-03,1.286643203717e-04,4.453791160001e-03,4.877236359488e-03,3.402009755401e+01
2919,0.000000000000e+00,23,8.817253625877e+01,1.593755742118e-04,7.099688887510e-04,1.836153314246e-03,1.281579159518e-04,4.417704688039e-03,4.838187054937e-03,3.613819943572e+01
2920,0.000000000000e+00,23,8.830799004186e+01,1.596216925045e-04,7.140378408982e-04,1.851725494117e-03,1.287386440292e-04,4.456173418193e-03,4.879835295917e-03,3.403954123134e+01
2921,0.000000000000e+00,23,8.844365191386e+01,1.598682402162e-04,7.103446679307e-04,1.837057848648e-03,1.282176682904e-04,4.419991731544e-03,4.840675341718e-03,3.618066994915e+01
2922,0.000000000000e+00,23,8.857952219445e+01,1.601150956406e-04,7.144057797424e-04,1.852651409455e-03,1.288048508197e-04,4.458439897037e-03,4.882311938843e-03,3.405865738062e+01
2923,0.000000000000e+00,23,8.871560120380e+01,1.603623728953e-04,7.107011629101e-04,1.837936102964e-03,1.282632080105e-04,4.422183349074e-03,4.843063316218e-03,3.608407465674e+01
2924,0.000000000000e+00,23,8.885188926255e+01,1.606099806178e-04,7.147621118423e-04,1.853552079485e-03,1.288432622474e-04,4.460632980584e-03,4.884709547311e-03,3.407771823357e+01
2925,0.000000000000e+00,23,8.898838669186e+01,1.608580415593e-04,7.110548352124e-04,1.838785043820e-03,1.282927895554e-04,4.424312556496e-03,4.845382343374e-03,3.595589160902e+01
2926,0.000000000000e+00,23,8.912509381337e+01,1.611064340722e-04,7.151136696223e-04,1.854429220787e-03,1.289047020658e-04,4.462773954782e-03,4.887050551108e-03,3.409700758707e+01
2927,0.000000000000e+00,23,8.926201094922e+01,1.613552574623e-04,7.114094627320e-04,1.839644040002e-03,1.283351971324e-04,4.426452568506e-03,4.847715532252e-03,3.577646795505e+01
2928,0.000000000000e+00,23,8.939913842204e+01,1.616043995785e-04,7.154727572506e-04,1.855334014975e-03,1.289709894492e-04,4.464977958962e-03,4.889460835678e-03,3.411682761210e+01
2929,0.000000000000e+00,23,8.953647655496e+01,1.618539894473e-04,7.117750369243e-04,1.840537539892e-03,1.283470712676e-04,4.428663725606e-03,4.850127576069e-03,3.558639578910e+01
2930,0.000000000000e+00,23,8.967402567159e+01,1.621039169920e-04,7.158510864814e-04,1.856262459777e-03,1.290368327985e-04,4.467272774903e-03,4.891965826455e-03,3.413754543927e+01
2931,0.000000000000e+00,23,8.981178609607e+01,1.623542877391e-04,7.121597194519e-04,1.841474800724e-03,1.283722965730e-04,4.430982504669e-03,4.852657654412e-03,3.540905046666e+01
2932,0.000000000000e+00,23,8.994975815300e+01,1.626049741209e-04,7.162539003186e-04,1.857241469684e-03,1.291240364286e-04,4.469708954239e-03,4.894623241765e-03,3.415898766920e+01
2933,0.000000000000e+00,23,9.008794216751e+01,1.628560948035e-04,7.125600719996e-04,1.842474109313e-03,1.284038374377e-04,4.433438224044e-03,4.855338786489e-03,3.527052258406e+01
2934,0.000000000000e+00,23,9.022633846522e+01,1.631075451875e-04,7.166889202171e-04,1.858286623391e-03,1.291904600640e-04,4.472337018617e-03,4.897485147104e-03,3.418123920457e+01
2935,0.000000000000e+00,23,9.036494737223e+01,1.633594504678e-04,7.129781830835e-04,1.843529565665e-03,1.284504197514e-04,4.436017218761e-03,4.858156792912e-03,3.520495627888e+01
2936,0.000000000000e+00,23,9.050376921517e+01,1.636116791090e-04,7.171553448941e-04,1.859385124154e-03,1.292802087226e-04,4.475142427182e-03,4.900534454992e-03,3.420417574754e+01
2937,0.000000000000e+00,23,9.064280432116e+01,1.638643433655e-04,7.134174597584e-04,1.844654316252e-03,1.285373851853e-04,4.438756785564e-03,4.861151888095e-03,3.522975530962e+01
2938,0.000000000000e+00,23,9.078205301782e+01,1.641173302408e-04,7.176494598767e-04,1.860553663541e-03,1.293700652851e-04,4.478139034896e-03,4.903788995443e-03,3.572597494853e+01
2939,0.000000000000e+00,23,9.092151563327e+01,1.643707768771e-04,7.138763202964e-04,1.845831634813e-03,1.285996201182e-04,4.441628287403e-03,4.864289622392e-03,3.537475010963e+01
2940,0.000000000000e+00,23,9.106119249615e+01,1.646245569590e-04,7.181605928471e-04,1.861751750884e-03,1.294772924594e-04,4.481231476320e-03,4.907145212103e-03,3.425123900006e+01
2941,0.000000000000e+00,23,9.120108393559e+01,1.648787809970e-04,7.143498142804e-04,1.847037871908e-03,1.286967296693e-04,4.444588786510e-03,4.867522664233e-03,3.563738510552e+01
2942,0.000000000000e+00,23,9.134119028123e+01,1.651333246291e-04,7.186872341720e-04,1.862989139288e-03,1.295966732622e-04,4.484431502337e-03,4.910617178171e-03,3.556779176637e+01
2943,0.000000000000e+00,23,9.148151186321e+01,1.653883323439e-04,7.148249793851e-04,1.848267704113e-03,1.288067909224e-04,4.447597272064e-03,4.870809064322e-03,4.144144227042e+01
2944,0.000000000000e+00,23,9.162204901220e+01,1.656436879008e-04,7.192231799983e-04,1.864230186874e-03,1.296735314841e-04,4.487662542524e-03,4.914119096302e-03,3.441107890260e+01
2945,0.000000000000e+00,23,9.176280205935e+01,1.658995037563e-04,7.152931757491e-04,1.849475171604e-03,1.289729944756e-04,4.450562646366e-03,4.874048075285e-03,3.628113867478e+01
2946,0.000000000000e+00,23,9.190377133633e+01,1.661556361741e-04,7.197558918861e-04,1.865462318950e-03,1.297647025003e-04,4.490873666427e-03,4.917599350613e-03,5.474247598653e+01
2947,0.000000000000e+00,23,9.204495717532e+01,1.664122274789e-04,7.157560858267e-04,1.850670391458e-03,1.291144133807e-04,4.453504029118e-03,4.877259101312e-03,3.732749569230e+01
2948,0.000000000000e+00,23,9.218635990901e+01,1.666691635658e-04,7.202667478918e-04,1.866663596872e-03,1.298542979720e-04,4.493970550940e-03,4.920960335486e-03,4.930464229888e+01
2949,0.000000000000e+00,23,9.232797987061e+01,1.669265641037e-04,7.162164308743e-04,1.851809626237e-03,1.292308676082e-04,4.456361475854e-03,4.880371203945e-03,3.715375642616e+01
2950,0.000000000000e+00,23,9.246981739382e+01,1.671842664577e-04,7.207496021216e-04,1.867818647944e-03,1.300124965485e-04,4.496914132952e-03,4.924161498059e-03,3.908313960297e+01
2951,0.000000000000e+00,23,9.261187281288e+01,1.674424066344e-04,7.166702912360e-04,1.852919688541e-03,1.293474691366e-04,4.459164385043e-03,4.883421491038e-03,7.614513992976e+01
2952,0.000000000000e+00,23,9.275414646252e+01,1.677008883373e-04,7.212119109267e-04,1.868939640539e-03,1.301114707903e-04,4.499735305161e-03,4.927233383126e-03,5.079227147821e+01
2953,0.000000000000e+00,23,9.289663867799e+01,1.679598610236e-04,7.171039555380e-04,1.853957432155e-03,1.294882764039e-04,4.461802830640e-03,4.886291841113e-03,5.185485016601e+01
2954,0.000000000000e+00,23,9.303934979507e+01,1.682191605001e-04,7.216573421399e-04,1.869996369879e-03,1.302315587002e-04,4.502403595107e-03,4.930139362629e-03,5.800836118911e+01
2955,0.000000000000e+00,23,9.318228015004e+01,1.684788977600e-04,7.175263419525e-04,1.854956261155e-03,1.296938528735e-04,4.464353011719e-03,4.889066893684e-03,6.379923103412e+01
2956,0.000000000000e+00,23,9.332543007970e+01,1.687389679834e-04,7.220859122605e-04,1.871032509183e-03,1.303242404237e-04,4.504978227455e-03,4.932948809038e-03,8.034728249178e+01
2957,0.000000000000e+00,21,9.346879992137e+01,1.689995443404e-04,7.179472131835e-04,1.855912907242e-03,1.298924280000e-04,4.466823771728e-03,4.891753016119e-03,7.683465484865e+01
2958,0.000000000000e+00,23,9.361239001288e+01,1.692604809473e-04,7.225655174918e-04,1.871994574431e-03,1.306591679375e-04,4.507609214760e-03,4.935795504771e-03,7.075944461020e+01
2959,0.000000000000e+00,21,9.375620069259e+01,1.695218243354e-04,7.183516182216e-04,1.856878966553e-03,1.301606955045e-04,4.469253756364e-03,4.894404916765e-03,8.092106518625e+01
2960,0.000000000000e+00,21,9.390023229938e+01,1.697835268760e-04,7.230086323903e-04,1.873057891205e-03,1.307571931807e-04,4.510229635871e-03,4.938659348262e-03,9.663181960378e+01
2961,0.000000000000e+00,21,9.404448517264e+01,1.700456826501e-04,7.188916480903e-04,1.857911471528e-03,1.306557441241e-04,4.472159039903e-03,4.897541999758e-03,8.235813558707e+01
2962,0.000000000000e+00,19,9.418895965228e+01,1.703081789488e-04,7.234487538057e-04,1.874091678876e-03,1.311156841702e-04,4.512795768833e-03,4.941468880206e-03,1.324637888543e+02
2963,0.000000000000e+00,19,9.433365607876e+01,1.705711824336e-04,7.194655047818e-04,1.858903466374e-03,1.311205981274e-04,4.475121457734e-03,4.900720088170e-03,1.474193882634e+02
2964,0.000000000000e+00,19,9.447857479303e+01,1.708344752382e-04,7.239146629423e-04,1.875039661814e-03,1.320526467125e-04,4.515357816383e-03,4.944261348682e-03,1.373308740144e+02
2965,0.000000000000e+00,19,9.462371613658e+01,1.710982314458e-04,7.199737988825e-04,1.859857272981e-03,1.311591812634e-04,4.477794970408e-03,4.903598869685e-03,1.866805066013e+02
2966,0.000000000000e+00,19,9.476908045142e+01,1.713623951896e-04,7.242910292273e-04,1.876051220895e-03,1.326688156936e-04,4.517694607262e-03,4.946850640315e-03,1.190213223579e+02
2967,0.000000000000e+00,19,9.491466808008e+01,1.716269887872e-04,7.205453550223e-04,1.860923823563e-03,1.317412894092e-04,4.480782511632e-03,4.906831031290e-03,2.035018166740e+02
2968,0.000000000000e+00,19,9.506047936563e+01,1.718919649567e-04,7.245619593518e-04,1.876502764770e-03,1.326237123216e-04,4.519000150162e-03,4.948252627480e-03,2.095008346118e+02
2969,0.000000000000e+00,19,9.520651465166e+01,1.721573580224e-04,7.204326333700e-04,1.860638645265e-03,1.325322749634e-04,4.480094883495e-03,4.906099705112e-03,1.826728897963e+02
2970,0.000000000000e+00,19,9.535277428228e+01,1.724231347366e-04,7.245094271968e-04,1.876037984529e-03,1.324300970514e-04,4.518216974323e-03,4.947348258124e-03,2.229036166291e+02
2971,0.000000000000e+00,19,9.549925860214e+01,1.726893512231e-04,7.201344807924e-04,1.859964872338e-03,1.328559367625e-04,4.478345905125e-03,4.904212040955e-03,1.437077537948e+02
2972,0.000000000000e+00,17,9.564596795642e+01,1.729560032086e-04,7.243098215034e-04,1.875333506464e-03,1.322804420866e-04,4.516722211025e-03,4.945682776414e-03,2.256813242912e+02
2973,0.000000000000e+00,19,9.579290269083e+01,1.732230765951e-04,7.200200106122e-04,1.859291176013e-03,1.332752402698e-04,4.477181977509e-03,4.902888255129e-03,1.693790498831e+02
2974,0.000000000000e+00,17,9.594006315159e+01,1.734904440309e-04,7.239358560395e-04,1.874477228104e-03,1.323171185479e-04,4.514522927162e-03,4.943295771251e-03,2.023307252132e+02
2975,0.000000000000e+00,19,9.608744968549e+01,1.737583069311e-04,7.196555808066e-04,1.858255822039e-03,1.331035531218e-04,4.474781547867e-03,4.900245433865e-03,1.782647174226e+02
2976,0.000000000000e+00,19,9.623506263981e+01,1.740265095016e-04,7.234386962343e-04,1.873344399094e-03,1.328005905723e-04,4.511635240172e-03,4.940169159254e-03,1.779377761659e+02
2977,0.000000000000e+00,19,9.638290236240e+01,1.742952581027e-04,7.192425487303e-04,1.857136735620e-03,1.320810796516e-04,4.472074504481e-03,4.897260712268e-03,1.977018762307e+02
2978,0.000000000000e+00,19,9.653096920162e+01,1.745643976392e-04,7.229279149990e-04,1.872267453792e-03,1.333298812037e-04,4.508763438645e-03,4.937077555771e-03,1.617574988870e+02
2979,0.000000000000e+00,19,9.667926350638e+01,1.748339499135e-04,7.190905155792e-04,1.856311591260e-03,1.317612729549e-04,4.470581410849e-03,4.895553398496e-03,2.061086903149e+02
2980,0.000000000000e+00,19,9.682778562612e+01,1.751038554147e-04,7.225344178177e-04,1.871430925667e-03,1.331739379270e-04,4.506528191285e-03,4.934657164491e-03,1.379663197273e+02
2981,0.000000000000e+00,19,9.697653591082e+01,1.753742205080e-04,7.187890999056e-04,1.855502309510e-03,1.319831516046e-04,4.468680845018e-03,4.893472656272e-03,2.050444203381e+02
2982,0.000000000000e+00,19,9.712551471100e+01,1.756449922312e-04,7.223605302130e-04,1.870717137920e-03,1.328969056488e-04,4.505123966366e-03,4.933071141346e-03,2.159952925692e+02
2983,0.000000000000e+00,19,9.727472237770e+01,1.759161957211e-04,7.184886699124e-04,1.854860031268e-03,1.326106819773e-04,4.466999090097e-03,4.891666195510e-03,1.960304787327e+02
2984,0.000000000000e+00,17,9.742415926251e+01,1.761877892038e-04,7.223377120308e-04,1.870252008193e-03,1.327950584250e-04,4.504495711006e-03,4.932314921250e-03,2.315111409073e+02
2985,0.000000000000e+00,19,9.757382571758e+01,1.764598231090e-04,7.184043686745e-04,1.854517434458e-03,1.334101103700e-04,4.466392059122e-03,4.890991314138e-03,1.721270078718e+02
2986,0.000000000000e+00,17,9.772372209558e+01,1.767322241371e-04,7.222832723096e-04,1.869892799218e-03,1.323651596972e-04,4.503922064591e-03,4.931635297286e-03,2.340939661321e+02
2987,0.000000000000e+00,19,9.787384874972e+01,1.770051314808e-04,7.181107315731e-04,1.854029223426e-03,1.333281661359e-04,4.464939211757e-03,4.889434113340e-03,1.848734866552e+02
2988,0.000000000000e+00,17,9.802420603376e+01,1.772783734894e-04,7.221566522765e-04,1.869462195509e-03,1.324100819325e-04,4.503081116625e-03,4.930686676678e-03,2.235848924166e+02
2989,0.000000000000e+00,19,9.817479430200e+01,1.775521163912e-04,7.180846452699e-04,1.853733033464e-03,1.331905678589e-04,4.464500668630e-03,4.888913750997e-03,2.011239298738e+02
2990,0.000000000000e+00,19,9.832561390929e+01,1.778261707261e-04,7.219075918442e-04,1.869136095321e-03,1.330114583324e-04,4.501990974812e-03,4.929547149519e-03,1.850120284490e+02
2991,0.000000000000e+00,19,9.847666521102e+01,1.781007616828e-04,7.179852079907e-04,1.853435879273e-03,1.319052859189e-04,4.463796639164e-03,4.888108709689e-03,2.078001164865e+02
2992,0.000000000000e+00,19,9.862794856312e+01,1.783757226645e-04,7.217312837843e-04,1.868905140038e-03,1.337454984697e-04,4.501228206564e-03,4.928757013121e-03,1.451000849420e+02
2993,0.000000000000e+00,17,9.877946432209e+01,1.786510915922e-04,7.182043038899e-04,1.853525192352e-03,1.317751906112e-04,4.464587515689e-03,4.888893478786e-03,2.050213657270e+02
2994,0.000000000000e+00,19,9.893121284495e+01,1.789268505742e-04,7.219457113699e-04,1.869063300944e-03,1.341947749910e-04,4.502111142342e-03,4.929666947040e-03,1.494943277120e+02
2995,0.000000000000e+00,17,9.908319448928e+01,1.792029990538e-04,7.182704890296e-04,1.853852799969e-03,1.324237984747e-04,4.465264767413e-03,4.889663404046e-03,1.909871790766e+02
2996,0.000000000000e+00,19,9.923540961321e+01,1.794797443153e-04,7.223503357643e-04,1.869671103241e-03,1.338166802050e-04,4.504111937646e-03,4.931773645720e-03,2.174674528879e+02
2997,0.000000000000e+00,19,9.938785857543e+01,1.797567502178e-04,7.184031655195e-04,1.854551333898e-03,1.337354472681e-04,4.466594632012e-03,4.891197862985e-03,1.784867232623e+02
2998,0.000000000000e+00,17,9.954054173515e+01,1.800342404626e-04,7.228747570538e-04,1.870646750896e-03,1.326733037959e-04,4.506928831918e-03,4.934762089760e-03,2.290403788081e+02
2999,0.000000000000e+00,19,9.969345945218e+01,1.803121732761e-04,7.187246564869e-04,1.855408242627e-03,1.347326604934e-04,4.468716844575e-03,4.893535327904e-03,1.158650291390e+02
3000,0.000000000000e+00,17,9.984661208683e+01,1.805904780333e-04,7.233738205127e-04,1.871414202549e-03,1.325931827407e-04,4.509468961430e-03,4.937443879976e-03,2.208172972626e+02
3001,0.000000000000e+00,19,1.000000000000e+02,1.808693036257e-04,7.189324419186e-04,1.856013927009e-03,1.345210566214e-04,4.470149776964e-03,4.895098211115e-03,2.083633662673e+02
3002,0.000000000000e+00,17,1.000000000000e+02,1.808705744553e-04,7.235219310715e-04,1.872021247876e-03,1.340184342976e-04,4.510795499301e-03,4.938945688554e-03,1.924045879943e+02
3003,0.000000000000e+00,17,1.000000000000e+02,1.808719938006e-04,7.195010333819e-04,1.856650044228e-03,1.334949835094e-04,4.472648559480e-03,4.897676711565e-03,2.265578160639e+02
3004,0.000000000000e+00,19,1.000000000000e+02,1.808733242328e-04,7.235103449544e-04,1.872281226539e-03,1.356202011769e-04,4.511159681057e-03,4.939418864347e-03,1.348403260667e+02
3005,0.000000000000e+00,17,1.000000000000e+02,1.808746473551e-04,7.196122205898e-04,1.856942503172e-03,1.322216337052e-04,4.473368430897e-03,4.898426776739e-03,2.229826163302e+02
3006,0.000000000000e+00,19,1.000000000000e+02,1.808760143782e-04,7.234694678641e-04,1.872672305954e-03,1.349637196782e-04,4.511580951398e-03,4.939927886423e-03,1.482163711774e+02
3007,0.000000000000e+00,17,1.000000000000e+02,1.808773281233e-04,7.197834516497e-04,1.857475823625e-03,1.324899370031e-04,4.474616819669e-03,4.899801416271e-03,1.938713276516e+02
3008,0.000000000000e+00,19,1.000000000000e+02,1.808787265320e-04,7.238889109960e-04,1.873295171933e-03,1.340899966632e-04,4.513586481957e-03,4.942033287419e-03,1.778988847409e+02
3009,0.000000000000e+00,19,1.000000000000e+02,1.808799620500e-04,7.195972147344e-04,1.857872678393e-03,1.336775688829e-04,4.474660125441e-03,4.899996323591e-03,1.696546979061e+02
3010,0.000000000000e+00,17,1.000000000000e+02,1.808813307400e-04,7.242290828969e-04,1.873887631328e-03,1.325716405597e-04,4.515353510621e-03,4.943880579577e-03,2.062098745968e+02
3011,0.000000000000e+00,21,1.000000000000e+02,1.808826560645e-04,7.196835255532e-04,1.858253746638e-03,1.344245228972e-04,4.475485143808e-03,4.900927319258e-03,9.563850747941e+01
3012,0.000000000000e+00,17,1.000000000000e+02,1.808839359357e-04,7.242484632026e-04,1.874038886447e-03,1.312882717285e-04,4.515641744381e-03,4.944169754191e-03,2.088167955854e+02
3013,0.000000000000e+00,21,1.000000000000e+02,1.808853815318e-04,7.195216189692e-04,1.857963513433e-03,1.336032893170e-04,4.474691747479e-03,4.900046515217e-03,1.208425298796e+02
3014,0.000000000000e+00,19,1.000000000000e+02,1.808865806347e-04,7.239380741579e-04,1.873530154472e-03,1.327420992113e-04,4.514141847400e-03,4.942600394355e-03,1.707617083845e+02
3015,0.000000000000e+00,19,1.000000000000e+02,1.808879800160e-04,7.194386873408e-04,1.857405094884e-03,1.324867629348e-04,4.473698813777e-03,4.898885539598e-03,2.146962976504e+02
3016,0.000000000000e+00,19,1.000000000000e+02,1.808892208406e-04,7.234957990575e-04,1.872777562413e-03,1.337613802700e-04,4.511884021716e-03,4.940215734338e-03,1.339962617430e+02
3017,0.000000000000e+00,19,1.000000000000e+02,1.808905910001e-04,7.193283994662e-04,1.856790897351e-03,1.314421710083e-04,4.472625189582e-03,4.897627886392e-03,1.918488609520e+02
3018,0.000000000000e+00,21,1.000000000000e+02,1.808918378043e-04,7.229884327456e-04,1.872009121975e-03,1.326156811383e-04,4.509352756860e-03,4.937507431015e-03,1.048345728722e+02
3019,0.000000000000e+00,19,1.000000000000e+02,1.808930882270e-04,7.187860937231e-04,1.855814712888e-03,1.310614389307e-04,4.469778412930e-03,4.894568199399e-03,1.730391976512e+02
3020,0.000000000000e+00,19,1.000000000000e+02,1.808943140903e-04,7.227961412898e-04,1.871147575579e-03,1.324481569384e-04,4.507661167950e-03,4.935603228662e-03,1.346302728198e+02
3021,0.000000000000e+00,19,1.000000000000e+02,1.808955547174e-04,7.185304643677e-04,1.855051254399e-03,1.319920688836e-04,4.468097321173e-03,4.892731012676e-03,1.736369256804e+02
3022,0.000000000000e+00,19,1.000000000000e+02,1.808968259520e-04,7.225089948183e-04,1.870350803431e-03,1.319870301037e-04,4.505787926091e-03,4.933535931409e-03,1.693199589213e+02
3023,0.000000000000e+00,19,1.000000000000e+02,1.808981288277e-04,7.180576007038e-04,1.854104871343e-03,1.318430120674e-04,4.465531782280e-03,4.889955855655e-03,1.199846530508e+02
3024,0.000000000000e+00,19,1.000000000000e+02,1.808994319106e-04,7.222043908006e-04,1.869475735587e-03,1.314265550973e-04,4.503809893093e-03,4.931338074047e-03,2.012116725720e+02
3025,0.000000000000e+00,21,1.000000000000e+02,1.809007051291e-04,7.177262104160e-04,1.853348691733e-03,1.318207814387e-04,4.463618191569e-03,4.887872376074e-03,1.138622775362e+02
3026,0.000000000000e+00,19,1.000000000000e+02,1.809019207548e-04,7.218602487405e-04,1.868829666387e-03,1.310023982038e-04,4.501986794499e-03,4.929366416372e-03,1.739769503015e+02
3027,0.000000000000e+00,21,1.000000000000e+02,1.809032766738e-04,7.174656866799e-04,1.852635531707e-03,1.319385330460e-04,4.461950379896e-03,4.886043838737e-03,1.048014882230e+02
3028,0.000000000000e+00,19,1.000000000000e+02,1.809045078793e-04,7.216387744159e-04,1.868074985415e-03,1.312445398893e-04,4.500408705308e-03,4.927613044460e-03,1.624355423022e+02
3029,0.000000000000e+00,19,1.000000000000e+02,1.809058375851e-04,7.173023936057e-04,1.851957457219e-03,1.319758408272e-04,4.460626618552e-03,4.884554902948e-03,1.457012353600e+02
3030,0.000000000000e+00,19,1.000000000000e+02,1.809070229506e-04,7.214500773492e-04,1.867401855076e-03,1.323633546417e-04,4.499044598796e-03,4.926114316788e-03,1.425711079361e+02
3031,0.000000000000e+00,19,1.000000000000e+02,1.809083356912e-04,7.173217332625e-04,1.851470506639e-03,1.316370068090e-04,4.460065334998e-03,4.883851410514e-03,2.044419784849e+02
3032,0.000000000000e+00,19,1.000000000000e+02,1.809095839235e-04,7.211765195301e-04,1.866918081388e-03,1.331109069661e-04,4.497642366019e-03,4.924630347660e-03,1.143950583872e+02
3033,0.000000000000e+00,19,1.000000000000e+02,1.809108463788e-04,7.172911383320e-04,1.851093367537e-03,1.318523487853e-04,4.459513826322e-03,4.883206102706e-03,2.052899766769e+02
3034,0.000000000000e+00,19,1.000000000000e+02,1.809120613415e-04,7.211059095181e-04,1.866539192070e-03,1.325645396055e-04,4.496962488125e-03,4.923840702647e-03,2.169587975670e+02
3035,0.000000000000e+00,19,1.000000000000e+02,1.809133068841e-04,7.170809569952e-04,1.850687778836e-03,1.326127856149e-04,4.458417575986e-03,4.882040944767e-03,1.680796123131e+02
3036,0.000000000000e+00,19,1.000000000000e+02,1.809145094274e-04,7.211028630300e-04,1.866257048354e-03,1.324694830274e-04,4.496626022823e-03,4.923423449457e-03,2.255665544789e+02
3037,0.000000000000e+00,19,1.000000000000e+02,1.809157396794e-04,7.168969725306e-04,1.850411899639e-03,1.326677799140e-04,4.457569381291e-03,4.881136240303e-03,1.442330823144e+02
3038,0.000000000000e+00,17,1.000000000000e+02,1.809170506412e-04,7.210694657850e-04,1.866014427052e-03,1.322783387113e-04,4.496251906393e-03,4.922979766472e-03,1.999139258060e+02
3039,0.000000000000e+00,19,1.000000000000e+02,1.809183638150e-04,7.169252395044e-04,1.850204781304e-03,1.332159441411e-04,4.457466039628e-03,4.880982433282e-03,1.644059868177e+02
3040,0.000000000000e+00,17,1.000000000000e+02,1.809195218831e-04,7.209720482301e-04,1.865674485900e-03,1.319485977875e-04,4.495563760350e-03,4.922199298840e-03,1.891055236474e+02
3041,0.000000000000e+00,19,1.000000000000e+02,1.809207772831e-04,7.166258161483e-04,1.849628958940e-03,1.336359640513e-04,4.455898174557e-03,4.879299843115e-03,1.790471386427e+02
3042,0.000000000000e+00,17,1.000000000000e+02,1.809219650957e-04,7.207853969671e-04,1.865053621122e-03,1.323266151226e-04,4.494262974895e-03,4.920758744210e-03,1.876972483937e+02
3043,0.000000000000e+00,19,1.000000000000e+02,1.809233651875e-04,7.164942443088e-04,1.848960536295e-03,1.330810865720e-04,4.454667877999e-03,4.877888431051e-03,2.084003364582e+02
3044,0.000000000000e+00,19,1.000000000000e+02,1.809246181079e-04,7.203084953417e-04,1.864203238710e-03,1.329502507761e-04,4.491780898174e-03,4.918116453487e-03,1.813645906203e+02
3045,0.000000000000e+00,17,1.000000000000e+02,1.809259125612e-04,7.162218780700e-04,1.848077157016e-03,1.318648218269e-04,4.452678677717e-03,4.875663923523e-03,2.216338960952e+02
3046,0.000000000000e+00,19,1.000000000000e+02,1.809271553638e-04,7.200717570137e-04,1.863314585194e-03,1.341446469019e-04,4.489966644267e-03,4.916120404502e-03,1.455580387642e+02
3047,0.000000000000e+00,17,1.000000000000e+02,1.809284197995e-04,7.161236521918e-04,1.847531810618e-03,1.317632239586e-04,4.451722284009e-03,4.874566618439e-03,2.216176361870e+02
3048,0.000000000000e+00,19,1.000000000000e+02,1.809297780542e-04,7.198302829293e-04,1.862876662711e-03,1.334223289597e-04,4.488693908610e-03,4.914736983782e-03,2.174954330376e+02
3049,0.000000000000e+00,19,1.000000000000e+02,1.809309840556e-04,7.158494031824e-04,1.847095305852e-03,1.322997744925e-04,4.450402129105e-03,4.873169787521e-03,2.093003938575e+02
3050,0.000000000000e+00,17,1.000000000000e+02,1.809322602801e-04,7.198145563730e-04,1.862620162579e-03,1.325255947180e-04,4.488313017583e-03,4.914265320745e-03,2.291521785744e+02
3051,0.000000000000e+00,19,1.000000000000e+02,1.809335191800e-04,7.157414512739e-04,1.846777022172e-03,1.340083092975e-04,4.449750177115e-03,4.872484588010e-03,1.762233409780e+02
3052,0.000000000000e+00,17,1.000000000000e+02,1.809347794467e-04,7.198863528402e-04,1.862248688084e-03,1.319671539820e-04,4.488110513945e-03,4.913935067987e-03,2.380806815117e+02
3053,0.000000000000e+00,19,1.000000000000e+02,1.809361208961e-04,7.153493048913e-04,1.846200829364e-03,1.339173981552e-04,4.447913839398e-03,4.870529080355e-03,1.560906321740e+02
3054,0.000000000000e+00,17,1.000000000000e+02,1.809373360712e-04,7.197200894106e-04,1.861742841580e-03,1.325306613691e-04,4.487051426387e-03,4.912766867512e-03,2.334223487633e+02
3055,0.000000000000e+00,19,1.000000000000e+02,1.809386304136e-04,7.153561080130e-04,1.845838406624e-03,1.336237122723e-04,4.447481994444e-03,4.869990264058e-03,1.787374846190e+02
3056,0.000000000000e+00,17,1.000000000000e+02,1.809398348610e-04,7.193511031290e-04,1.861262723320e-03,1.335371970547e-04,4.485393039311e-03,4.911043456832e-03,2.021617423153e+02
3057,0.000000000000e+00,17,1.000000000000e+02,1.809412320953e-04,7.153285858614e-04,1.845373314624e-03,1.325677468393e-04,4.446827102071e-03,4.869183005320e-03,2.053237000740e+02
3058,0.000000000000e+00,19,1.000000000000e+02,1.809424804480e-04,7.191638608620e-04,1.860662284133e-03,1.339436035924e-04,4.484120908740e-03,4.909637665603e-03,1.833951024218e+02
3059,0.000000000000e+00,17,1.000000000000e+02,1.809436691994e-04,7.150739236209e-04,1.844923056535e-03,1.320801850890e-04,4.445496533340e-03,4.867746542704e-03,2.147174072897e+02
3060,0.000000000000e+00,19,1.000000000000e+02,1.809449427354e-04,7.190521684336e-04,1.860478087704e-03,1.339801334587e-04,4.483587215898e-03,4.909065057063e-03,1.810843570266e+02
3061,0.000000000000e+00,17,1.000000000000e+02,1.809461996825e-04,7.151609102586e-04,1.844993776178e-03,1.328194851750e-04,4.445864968115e-03,4.868142714841e-03,2.238051480741e+02
3062,0.000000000000e+00,17,1.000000000000e+02,1.809475945289e-04,7.192610596644e-04,1.860652196409e-03,1.335122477554e-04,4.484416465595e-03,4.909906274579e-03,2.224784810396e+02
3063,0.000000000000e+00,19,1.000000000000e+02,1.809488103905e-04,7.152517484018e-04,1.845170906049e-03,1.334553191508e-04,4.446447515183e-03,4.868772593130e-03,2.275367705290e+02
3064,0.000000000000e+00,17,1.000000000000e+02,1.809500155752e-04,7.192860929277e-04,1.860860141032e-03,1.327472711778e-04,4.484799112360e-03,4.910317491181e-03,2.346469227834e+02
3065,0.000000000000e+00,19,1.000000000000e+02,1.809512497344e-04,7.150920865306e-04,1.845124176174e-03,1.339136415829e-04,4.445969246703e-03,4.868307233911e-03,1.997207329572e+02
3066,0.000000000000e+00,17,1.000000000000e+02,1.809525409825e-04,7.194313092152e-04,1.860804509247e-03,1.326495371468e-04,4.485239654092e-03,4.910717410385e-03,2.282211183463e+02
3067,0.000000000000e+00,19,1.000000000000e+02,1.809539584642e-04,7.150136185750e-04,1.845043636735e-03,1.337791549303e-04,4.445683066147e-03,4.868000131792e-03,1.731167612374e+02
3068,0.000000000000e+00,17,1.000000000000e+02,1.809551955958e-04,7.193252279711e-04,1.860711215053e-03,1.329426200716e-04,4.484859536953e-03,4.910327261584e-03,2.091380568289e+02
3069,0.000000000000e+00,19,1.000000000000e+02,1.809564578365e-04,7.150994446510e-04,1.844966155948e-03,1.336329117691e-04,4.445867605590e-03,4.868147887429e-03,1.812026538697e+02
3070,0.000000000000e+00,17,1.000000000000e+02,1.809575866791e-04,7.191608332177e-04,1.860494868271e-03,1.338923141320e-04,4.484117138202e-03,4.909568934214e-03,2.067649822595e+02
3071,0.000000000000e+00,17,1.000000000000e+02,1.809588995818e-04,7.151084359153e-04,1.844678087864e-03,1.330349131740e-04,4.445555400828e-03,4.867738533746e-03,2.187829939568e+02
3072,0.000000000000e+00,17,1.000000000000e+02,1.809600739376e-04,7.191483497701e-04,1.860082949878e-03,1.340329647408e-04,4.483581710562e-03,4.908925821433e-03,2.158748193141e+02
3073,0.000000000000e+00,17,1.000000000000e+02,1.809612073124e-04,7.149829961611e-04,1.844331658175e-03,1.330261244555e-04,4.444784091993e-03,4.866884170017e-03,2.346776525469e+02
3074,0.000000000000e+00,17,1.000000000000e+02,1.809623606869e-04,7.189872819884e-04,1.859809226262e-03,1.335122783910e-04,4.482763697721e-03,4.908037180772e-03,2.019202166920e+02
3075,0.000000000000e+00,17,1.000000000000e+02,1.809635847148e-04,7.148413805030e-04,1.844025582249e-03,1.332940669040e-04,4.443992949488e-03,4.866032181423e-03,2.395942795725e+02
3076,0.000000000000e+00,17,1.000000000000e+02,1.809649271018e-04,7.189317606483e-04,1.859488254475e-03,1.334624968733e-04,4.482189911271e-03,4.907381998965e-03,1.978462059591e+02
3077,0.000000000000e+00,19,1.000000000000e+02,1.809661499622e-04,7.146309640340e-04,1.843651353611e-03,1.327025353076e-04,4.442930639055e-03,4.864873107776e-03,2.344488704900e+02
3078,0.000000000000e+00,17,1.000000000000e+02,1.809673892746e-04,7.185772686751e-04,1.859136595025e-03,1.330296462501e-04,4.480729117096e-03,4.905850841352e-03,1.903936515987e+02
3079,0.000000000000e+00,19,1.000000000000e+02,1.809686347624e-04,7.144511011875e-04,1.843243309558e-03,1.328167653137e-04,4.441908909928e-03,4.863762055391e-03,2.053559095685e+02
3080,0.000000000000e+00,17,1.000000000000e+02,1.809698949505e-04,7.184760130446e-04,1.858672559385e-03,1.323095658358e-04,4.479879158257e-03,4.904864377139e-03,2.066366866666e+02
3081,0.000000000000e+00,19,1.000000000000e+02,1.809712389133e-04,7.141032754644e-04,1.842703297720e-03,1.327552092772e-04,4.440253892194e-03,4.861993161677e-03,1.776657233152e+02
3082,0.000000000000e+00,17,1.000000000000e+02,1.809724046927e-04,7.183690523233e-04,1.858230926118e-03,1.318206699193e-04,4.479036131546e-03,4.903898207226e-03,2.166827177939e+02
3083,0.000000000000e+00,19,1.000000000000e+02,1.809735766409e-04,7.138665392795e-04,1.842275690194e-03,1.326814095375e-04,4.439050633617e-03,4.860695427491e-03,1.462549680824e+02
3084,0.000000000000e+00,17,1.000000000000e+02,1.809746869913e-04,7.182524728972e-04,1.857846101847e-03,1.321712151976e-04,4.478215549111e-03,4.902995256718e-03,2.169097109402e+02
3085,0.000000000000e+00,19,1.000000000000e+02,1.809759613555e-04,7.137441734538e-04,1.841901885313e-03,1.318780014912e-04,4.438196370056e-03,4.859733750600e-03,2.233096547062e+02
3086,0.000000000000e+00,19,1.000000000000e+02,1.809770815399e-04,7.179665100461e-04,1.857392642068e-03,1.323020264671e-04,4.476834192463e-03,4.901523390678e-03,1.985356050281e+02
3087,0.000000000000e+00,19,1.000000000000e+02,1.809782477455e-04,7.136166673763e-04,1.841555785157e-03,1.309211274791e-04,4.437293363416e-03,4.858733290935e-03,2.301063720562e+02
3088,0.000000000000e+00,19,1.000000000000e+02,1.809793030608e-04,7.177810224695e-04,1.857192236282e-03,1.330909793115e-04,4.476072642365e-03,4.900746076591e-03,1.311824504072e+02
3089,0.000000000000e+00,17,1.000000000000e+02,1.809805025653e-04,7.138168275599e-04,1.841705994991e-03,1.304070331805e-04,4.438073735012e-03,4.859518485097e-03,2.288099641959e+02
3090,0.000000000000e+00,19,1.000000000000e+02,1.809817262935e-04,7.180061875306e-04,1.857449836270e-03,1.332644454561e-04,4.477136868446e-03,4.901853397524e-03,1.736437256364e+02
3091,0.000000000000e+00,19,1.000000000000e+02,1.809827829554e-04,7.138251572387e-04,1.842197590025e-03,1.303986422760e-04,4.438822871191e-03,4.860389964140e-03,1.939165320533e+02
3092,0.000000000000e+00,19,1.000000000000e+02,1.809839070358e-04,7.183361697047e-04,1.858336323018e-03,1.318466483302e-04,4.479279463305e-03,4.904156277202e-03,1.855138275085e+02
3093,0.000000000000e+00,19,1.000000000000e+02,1.809849985731e-04,7.139425134068e-04,1.843067873463e-03,1.318328238931e-04,4.440324206756e-03,4.862146856400e-03,1.416315664783e+02
3094,0.000000000000e+00,17,1.000000000000e+02,1.809861797758e-04,7.190527426943e-04,1.859413437832e-03,1.308778110282e-04,4.482861071876e-03,4.907914788454e-03,2.043255814655e+02
3095,0.000000000000e+00,21,1.000000000000e+02,1.809874108271e-04,7.143215981873e-04,1.844179699239e-03,1.320579360796e-04,4.442965966804e-03,4.865042650315e-03,9.459611816309e+01
3096,0.000000000000e+00,17,1.000000000000e+02,1.809884325097e-04,7.193269653716e-04,1.860521280156e-03,1.307333497221e-04,4.485185115287e-03,4.910493604939e-03,1.831641666552e+02
3097,0.000000000000e+00,19,1.000000000000e+02,1.809896313550e-04,7.148518792676e-04,1.845146237690e-03,1.318099708604e-04,4.445784787465e-03,4.868054446350e-03,1.539921975930e+02
3098,0.000000000000e+00,19,1.000000000000e+02,1.809906216719e-04,7.196472693134e-04,1.861304011123e-03,1.329452169744e-04,4.487239834831e-03,4.912773206658e-03,1.585590065228e+02
3099,0.000000000000e+00,19,1.000000000000e+02,1.809918706568e-04,7.152537036261e-04,1.846026334665e-03,1.301677947292e-04,4.448096686600e-03,4.870514231265e-03,2.120195907911e+02
3100,0.000000000000e+00,21,1.000000000000e+02,1.809930281301e-04,7.197162857992e-04,1.862167560286e-03,1.328884502668e-04,4.488598956906e-03,4.914350363047e-03,8.517900215040e+01
3101,0.000000000000e+00,19,1.000000000000e+02,1.809941460861e-04,7.156508770046e-04,1.846997775990e-03,1.297588376799e-04,4.450521201855e-03,4.873144086356e-03,1.918526113535e+02
3102,0.000000000000e+00,21,1.000000000000e+02,1.809951944448e-04,7.202203765299e-04,1.863198521902e-03,1.322454967063e-04,4.491375090861e-03,4.917333139111e-03,1.183079675470e+02
3103,0.000000000000e+00,19,1.000000000000e+02,1.809962527736e-04,7.158685247038e-04,1.847931446194e-03,1.314050085878e-04,4.452420074782e-03,4.875308213139e-03,1.424545510489e+02
3104,0.000000000000e+00,19,1.000000000000e+02,1.809973871296e-04,7.208984573715e-04,1.864274516919e-03,1.314953918271e-04,4.494746668191e-03,4.920899583365e-03,2.126074802518e+02
3105,0.000000000000e+00,21,1.000000000000e+02,1.809984302063e-04,7.160916635706e-04,1.848817932439e-03,1.320113623655e-04,4.454292857058e-03,4.877403702194e-03,1.101906940809e+02
3106,0.000000000000e+00,17,1.000000000000e+02,1.809994022281e-04,7.212148392620e-04,1.865121768682e-03,1.308633593339e-04,4.496774260814e-03,4.923102073685e-03,1.910054906751e+02
3107,0.000000000000e+00,21,1.000000000000e+02,1.810004737481e-04,7.164152205879e-04,1.849377744971e-03,1.320309802461e-04,4.456050664470e-03,4.879269260448e-03,1.021479451320e+02
3108,0.000000000000e+00,19,1.000000000000e+02,1.810013871032e-04,7.212595051694e-04,1.865358090195e-03,1.314055194189e-04,4.497255253790e-03,4.923651927861e-03,1.550890210885e+02
3109,0.000000000000e+00,19,1.000000000000e+02,1.810025890803e-04,7.163227597213e-04,1.849296877747e-03,1.312775292507e-04,4.455664281136e-03,4.878851833579e-03,1.822824056051e+02
3110,0.000000000000e+00,19,1.000000000000e+02,1.810035540806e-04,7.212154218210e-04,1.865205817752e-03,1.322898315054e-04,4.496966991528e-03,4.923348164578e-03,1.589590249437e+02
3111,0.000000000000e+00,19,1.000000000000e+02,1.810045841456e-04,7.165468201708e-04,1.849335892627e-03,1.309586439554e-04,4.456390125829e-03,4.879553843259e-03,1.717650975160e+02
3112,0.000000000000e+00,21,1.000000000000e+02,1.810055146494e-04,7.209399312440e-04,1.865105987591e-03,1.321717832525e-04,4.495986731882e-03,4.922371461294e-03,1.212225227329e+02
3113,0.000000000000e+00,19,1.000000000000e+02,1.810065624169e-04,7.163693893487e-04,1.849044386229e-03,1.300001425302e-04,4.455486489831e-03,4.878566402373e-03,1.893009248590e+02
3114,0.000000000000e+00,21,1.000000000000e+02,1.810076418724e-04,7.208803614008e-04,1.864811118141e-03,1.320904102355e-04,4.495413669086e-03,4.921725402181e-03,1.378546612614e+02
3115,0.000000000000e+00,19,1.000000000000e+02,1.810085713834e-04,7.162623730805e-04,1.848807657854e-03,1.302697530192e-04,4.454878022766e-03,4.877912458122e-03,1.794908589152e+02
3116,0.000000000000e+00,19,1.000000000000e+02,1.810094940784e-04,7.209440125154e-04,1.864691520480e-03,1.315870858548e-04,4.495439941907e-03,4.921699926671e-03,1.454679640452e+02
3117,0.000000000000e+00,19,1.000000000000e+02,1.810104149567e-04,7.162307292655e-04,1.848683564796e-03,1.315989249156e-04,4.454677458382e-03,4.877713287550e-03,1.406458394086e+02
3118,0.000000000000e+00,19,1.000000000000e+02,1.810113541765e-04,7.210415627804e-04,1.864604179445e-03,1.311704788798e-04,4.495626065119e-03,4.921840010927e-03,2.080902924859e+02
3119,0.000000000000e+00,21,1.000000000000e+02,1.810123544638e-04,7.160644797616e-04,1.848480381824e-03,1.315353615471e-04,4.453956936999e-03,4.876952122909e-03,1.346408412193e+02
3120,0.000000000000e+00,19,1.000000000000e+02,1.810132400446e-04,7.208830601195e-04,1.864465421170e-03,1.310492262538e-04,4.495016810386e-03,4.921204498744e-03,1.968631200521e+02
3121,0.000000000000e+00,19,1.000000000000e+02,1.810142444652e-04,7.161565925721e-04,1.848365409447e-03,1.311833172764e-04,4.454077679681e-03,4.877022861469e-03,1.454701678527e+02
3122,0.000000000000e+00,19,1.000000000000e+02,1.810151229952e-04,7.209190595443e-04,1.864287376370e-03,1.323616162234e-04,4.494948682879e-03,4.921115216216e-03,1.586172128808e+02
3123,0.000000000000e+00,19,1.000000000000e+02,1.810161232567e-04,7.162559094429e-04,1.848337860651e-03,1.311746746077e-04,4.454355254874e-03,4.877280277656e-03,2.020190870734e+02
3124,0.000000000000e+00,19,1.000000000000e+02,1.810170818450e-04,7.208231049218e-04,1.864298542062e-03,1.326127177655e-04,4.494702561865e-03,4.920887344278e-03,1.528486609233e+02
3125,0.000000000000e+00,19,1.000000000000e+02,1.810180085621e-04,7.163727034553e-04,1.848414222268e-03,1.313317979946e-04,4.454782752585e-03,4.877721025360e-03,2.033005805710e+02
3126,0.000000000000e+00,19,1.000000000000e+02,1.810188725667e-04,7.209008985330e-04,1.864373139346e-03,1.323950207594e-04,4.495036161212e-03,4.921225847321e-03,1.622622175703e+02
3127,0.000000000000e+00,19,1.000000000000e+02,1.810197860287e-04,7.163314527309e-04,1.848459945983e-03,1.315796381541e-04,4.454755766970e-03,4.877714328105e-03,1.755485392732e+02
3128,0.000000000000e+00,19,1.000000000000e+02,1.810207356801e-04,7.210421931672e-04,1.864497538781e-03,1.323030817053e-04,4.495637225799e-03,4.921840213565e-03,1.657383077678e+02
3129,0.000000000000e+00,19,1.000000000000e+02,1.810216981637e-04,7.163350122912e-04,1.848570439774e-03,1.320421873527e-04,4.454929742953e-03,4.877928112891e-03,1.437089279609e+02
3130,0.000000000000e+00,19,1.000000000000e+02,1.810225625035e-04,7.212244093771e-04,1.864678308975e-03,1.324412387095e-04,4.496424262833e-03,4.922657989110e-03,1.793657470747e+02
3131,0.000000000000e+00,19,1.000000000000e+02,1.810234562399e-04,7.163869916007e-04,1.848746790625e-03,1.325601286479e-04,4.455334184708e-03,4.878385993617e-03,1.680117337362e+02
3132,0.000000000000e+00,17,1.000000000000e+02,1.810243301580e-04,7.213319974072e-04,1.864889334939e-03,1.324295577562e-04,4.497045405828e-03,4.923320734210e-03,1.781815588131e+02
3133,0.000000000000e+00,19,1.000000000000e+02,1.810253580099e-04,7.166755177654e-04,1.848975659669e-03,1.325493875637e-04,4.456530738490e-03,4.879607602161e-03,1.909494726759e+02
3134,0.000000000000e+00,19,1.000000000000e+02,1.810262067252e-04,7.212678672967e-04,1.864908511851e-03,1.327243391549e-04,4.496909021192e-03,4.923201965088e-03,1.733347758990e+02
3135,0.000000000000e+00,19,1.000000000000e+02,1.810271318611e-04,7.165654080261e-04,1.848797160524e-03,1.321473141140e-04,4.455944828009e-03,4.878977776915e-03,1.964774366300e+02
3136,0.000000000000e+00,19,1.000000000000e+02,1.810280070282e-04,7.212306391929e-04,1.864790546311e-03,1.338733953366e-04,4.496686077117e-03,4.922979299026e-03,1.571015474199e+02
3137,0.000000000000e+00,17,1.000000000000e+02,1.810289742600e-04,7.167753175478e-04,1.848883146348e-03,1.321225623383e-04,4.456680025295e-03,4.879711975520e-03,2.064739771432e+02
3138,0.000000000000e+00,19,1.000000000000e+02,1.810299511192e-04,7.213309831655e-04,1.864821044385e-03,1.338351980525e-04,4.497029285402e-03,4.923318004035e-03,2.114458965720e+02
3139,0.000000000000e+00,17,1.000000000000e+02,1.810307724445e-04,7.167390209881e-04,1.848956105970e-03,1.320300935457e-04,4.456711963394e-03,4.879760954829e-03,1.985230857334e+02
3140,0.000000000000e+00,19,1.000000000000e+02,1.810316973337e-04,7.214599157740e-04,1.865063619693e-03,1.335371200352e-04,4.497726669243e-03,4.924057683376e-03,2.066149878711e+02
3141,0.000000000000e+00,19,1.000000000000e+02,1.810324432312e-04,7.167743707485e-04,1.849245118433e-03,1.328230752161e-04,4.457203853984e-03,4.880346419250e-03,1.637987064020e+02
3142,0.000000000000e+00,17,1.000000000000e+02,1.810333945988e-04,7.215695462255e-04,1.865432505676e-03,1.327112444581e-04,4.498509239016e-03,4.924905957599e-03,2.120006714666e+02
3143,0.000000000000e+00,19,1.000000000000e+02,1.810343774077e-04,7.169039298200e-04,1.849437126316e-03,1.336624231716e-04,4.457878342569e-03,4.881077123884e-03,1.477875929284e+02
3144,0.000000000000e+00,17,1.000000000000e+02,1.810351656646e-04,7.216879701592e-04,1.865446131444e-03,1.323743747795e-04,4.498917733987e-03,4.925292534244e-03,1.963763393543e+02
3145,0.000000000000e+00,19,1.000000000000e+02,1.810360801525e-04,7.167335102737e-04,1.849228251447e-03,1.337173967687e-04,4.457154015222e-03,4.880312931392e-03,1.741687263621e+02
3146,0.000000000000e+00,17,1.000000000000e+02,1.810368790494e-04,7.215544463298e-04,1.865213299818e-03,1.330434569742e-04,4.498277880568e-03,4.924618353242e-03,1.898502819840e+02
3147,0.000000000000e+00,19,1.000000000000e+02,1.810379240445e-04,7.167872550908e-04,1.848974575844e-03,1.328490151291e-04,4.456983511586e-03,4.880045269723e-03,2.113155920479e+02
3148,0.000000000000e+00,19,1.000000000000e+02,1.810387849042e-04,7.211736442525e-04,1.864691519661e-03,1.332378387520e-04,4.496473696717e-03,4.922722205813e-03,1.658817294751e+02
3149,0.000000000000e+00,19,1.000000000000e+02,1.810396941773e-04,7.165591533686e-04,1.848331819870e-03,1.324528099914e-04,4.455449671488e-03,4.878356594045e-03,2.113246220638e+02
3150,0.000000000000e+00,19,1.000000000000e+02,1.810404742108e-04,7.208100635673e-04,1.864006819409e-03,1.335473235764e-04,4.494504821092e-03,4.920619579382e-03,1.433176158197e+02
3151,0.000000000000e+00,17,1.000000000000e+02,1.810414034166e-04,7.164619127487e-04,1.847710577309e-03,1.318880188477e-04,4.454371286865e-03,4.877106730499e-03,1.944950586863e+02
3152,0.000000000000e+00,19,1.000000000000e+02,1.810423461609e-04,7.206166520160e-04,1.863283100449e-03,1.341062630982e-04,4.492985562281e-03,4.918944604714e-03,1.594520905744e+02
3153,0.000000000000e+00,17,1.000000000000e+02,1.810431075711e-04,7.162058889324e-04,1.847027556068e-03,1.318972890084e-04,4.452762181140e-03,4.875340973189e-03,1.901493829466e+02
3154,0.000000000000e+00,19,1.000000000000e+02,1.810440045992e-04,7.204684649237e-04,1.862717756866e-03,1.339356227922e-04,4.491793195240e-03,4.917614981935e-03,1.785203401123e+02
3155,0.000000000000e+00,17,1.000000000000e+02,1.810447321811e-04,7.159736444368e-04,1.846491911805e-03,1.334456729014e-04,4.451390415864e-03,4.873893209946e-03,1.724518696925e+02
3156,0.000000000000e+00,17,1.000000000000e+02,1.810456922627e-04,7.205059328826e-04,1.862300276015e-03,1.330685099083e-04,4.491355734728e-03,4.917039219039e-03,2.081091047693e+02
3157,0.000000000000e+00,19,1.000000000000e+02,1.810465195055e-04,7.158602318124e-04,1.846048003235e-03,1.341408168142e-04,4.450530575377e-03,4.872942156731e-03,1.775255285608e+02
3158,0.000000000000e+00,17,1.000000000000e+02,1.810473170375e-04,7.202012043750e-04,1.861807732568e-03,1.331480878545e-04,4.489825332217e-03,4.915412265004e-03,1.870295860091e+02
3159,0.000000000000e+00,19,1.000000000000e+02,1.810481211142e-04,7.155980879547e-04,1.845328094909e-03,1.339077247980e-04,4.448835182742e-03,4.871076078580e-03,2.040382074436e+02
3160,0.000000000000e+00,17,1.000000000000e+02,1.810489520182e-04,7.198868707785e-04,1.860937284092e-03,1.334518393723e-04,4.487845684399e-03,4.913236505853e-03,1.839931344129e+02
3161,0.000000000000e+00,17,1.000000000000e+02,1.810499529168e-04,7.153957839181e-04,1.844497540855e-03,1.338357931870e-04,4.447184007469e-03,4.869221695681e-03,2.154185671663e+02
3162,0.000000000000e+00,17,1.000000000000e+02,1.810507922872e-04,7.196584319763e-04,1.860051518310e-03,1.336605140059e-04,4.486067576157e-03,4.911249061118e-03,2.221432847458e+02
3163,0.000000000000e+00,17,1.000000000000e+02,1.810515842994e-04,7.151938966123e-04,1.843727276462e-03,1.335346047510e-04,4.445631503238e-03,4.867474040298e-03,1.971827914115e+02
3164,0.000000000000e+00,17,1.000000000000e+02,1.810524584497e-04,7.192973730160e-04,1.859294222842e-03,1.345097337185e-04,4.484006988106e-03,4.909050341539e-03,2.347494623069e+02
3165,0.000000000000e+00,17,1.000000000000e+02,1.810533145231e-04,7.149065258297e-04,1.842934401565e-03,1.335200015416e-04,4.443775281724e-03,4.865435735308e-03,2.037032784512e+02
3166,0.000000000000e+00,17,1.000000000000e+02,1.810541891859e-04,7.189556055921e-04,1.858391628115e-03,1.333874375170e-04,4.481830121752e-03,4.906639385057e-03,2.347681343013e+02
3167,0.000000000000e+00,17,1.000000000000e+02,1.810550119096e-04,7.144609213312e-04,1.841948462821e-03,1.337973578471e-04,4.441218995939e-03,4.862669683482e-03,1.878109866710e+02
3168,0.000000000000e+00,17,1.000000000000e+02,1.810557925462e-04,7.185089732785e-04,1.857431666575e-03,1.330621200987e-04,4.479319877405e-03,4.903908607692e-03,2.151604835370e+02
3169,0.000000000000e+00,17,1.000000000000e+02,1.810566602537e-04,7.141483446296e-04,1.841018257949e-03,1.326773143427e-04,4.439117255533e-03,4.860321117205e-03,1.917985383610e+02
3170,0.000000000000e+00,19,1.000000000000e+02,1.810576084734e-04,7.179327243169e-04,1.856395034815e-03,1.335907463395e-04,4.476325246654e-03,4.900710573302e-03,1.770948497169e+02
3171,0.000000000000e+00,17,1.000000000000e+02,1.810583947825e-04,7.138000445179e-04,1.840066981402e-03,1.315764515753e-04,4.436838152129e-03,4.857798076331e-03,2.038779321190e+02
3172,0.000000000000e+00,19,1.000000000000e+02,1.810592707775e-04,7.175444945255e-04,1.855547319690e-03,1.339935107758e-04,4.474126188741e-03,4.898334959039e-03,1.502073358008e+02
3173,0.000000000000e+00,17,1.000000000000e+02,1.810600157862e-04,7.136605074971e-04,1.839512509387e-03,1.323445769107e-04,4.435737622719e-03,4.856583257476e-03,2.045334814031e+02
3174,0.000000000000e+00,17,1.000000000000e+02,1.810609698983e-04,7.174122501689e-04,1.855092362508e-03,1.328553393214e-04,4.473148664576e-03,4.897219366816e-03,2.128437422710e+02
3175,0.000000000000e+00,17,1.000000000000e+02,1.810617465130e-04,7.134300136382e-04,1.839026535843e-03,1.330317870901e-04,4.434515073009e-03,4.855267487277e-03,1.901691746418e+02
3176,0.000000000000e+00,17,1.000000000000e+02,1.810625484051e-04,7.174432334993e-04,1.854664308689e-03,1.323874621791e-04,4.472711965282e-03,4.896650207615e-03,2.236930788044e+02
3177,0.000000000000e+00,19,1.000000000000e+02,1.810632185433e-04,7.129097649444e-04,1.838432211044e-03,1.331667390396e-04,4.432284577088e-03,4.852932441343e-03,1.656291336160e+02
3178,0.000000000000e+00,17,1.000000000000e+02,1.810640599376e-04,7.171801433768e-04,1.854146472078e-03,1.313416422672e-04,4.471309707808e-03,4.895106498137e-03,2.265801484826e+02
3179,0.000000000000e+00,19,1.000000000000e+02,1.810650415766e-04,7.126448120619e-04,1.837790229219e-03,1.332347178023e-04,4.430687889706e-03,4.851193896433e-03,1.821450818308e+02
3180,0.000000000000e+00,17,1.000000000000e+02,1.810657726135e-04,7.167876836613e-04,1.853317629055e-03,1.314112657722e-04,4.469140786691e-03,4.892755778664e-03,2.131237841154e+02
3181,0.000000000000e+00,19,1.000000000000e+02,1.810666183714e-04,7.124988344837e-04,1.836963180774e-03,1.324251549347e-04,4.429209080043e-03,4.849486345279e-03,2.072455756546e+02
3182,0.000000000000e+00,19,1.000000000000e+02,1.810672853611e-04,7.160624616350e-04,1.852264539635e-03,1.325720889663e-04,4.465703182927e-03,4.889142015787e-03,1.645704288986e+02
3183,0.000000000000e+00,17,1.000000000000e+02,1.810681873114e-04,7.121846960996e-04,1.835910545031e-03,1.303904516569e-04,4.426905219737e-03,4.846882097301e-03,2.218611091100e+02
3184,0.000000000000e+00,19,1.000000000000e+02,1.810690743143e-04,7.155709335256e-04,1.851103576293e-03,1.332582987472e-04,4.462802300579e-03,4.885999218104e-03,1.214153356158e+02
3185,0.000000000000e+00,17,1.000000000000e+02,1.810697678192e-04,7.119090711218e-04,1.835040045503e-03,1.302116778361e-04,4.425039987941e-03,4.844803450096e-03,2.044553564014e+02
3186,0.000000000000e+00,19,1.000000000000e+02,1.810705582018e-04,7.152066157818e-04,1.850329070026e-03,1.321465593999e-04,4.460711892681e-03,4.883712877854e-03,1.670218695450e+02
3187,0.000000000000e+00,19,1.000000000000e+02,1.810712150265e-04,7.113467583096e-04,1.834172292782e-03,1.315568153122e-04,4.422327319257e-03,4.841950880014e-03,1.736968759851e+02
3188,0.000000000000e+00,17,1.000000000000e+02,1.810720902929e-04,7.150126880100e-04,1.849580544250e-03,1.303102188989e-04,4.459134799775e-03,4.881911024322e-03,2.024500681461e+02
3189,0.000000000000e+00,19,1.000000000000e+02,1.810729078692e-04,7.108417751219e-04,1.833192873352e-03,1.323185267554e-04,4.419651584385e-03,4.839082605210e-03,1.207789460802e+02
3190,0.000000000000e+00,17,1.000000000000e+02,1.810735741734e-04,7.147546889950e-04,1.848504456581e-03,1.294314788405e-04,4.457049870342e-03,4.879537790188e-03,2.074571958860e+02
3191,0.000000000000e+00,21,1.000000000000e+02,1.810743435269e-04,7.101632776449e-04,1.831907574931e-03,1.315276277969e-04,4.416066983435e-03,4.835200550449e-03,1.170969417637e+02
3192,0.000000000000e+00,17,1.000000000000e+02,1.810750629390e-04,7.139838734816e-04,1.847148451323e-03,1.300640033931e-04,4.453104401434e-03,4.875324176695e-03,1.896637176062e+02
3193,0.000000000000e+00,19,1.000000000000e+02,1.810760779388e-04,7.098964890380e-04,1.830567334758e-03,1.307675328234e-04,4.413555112591e-03,4.832338840742e-03,2.080163883666e+02
3194,0.000000000000e+00,19,1.000000000000e+02,1.810767389378e-04,7.131821743847e-04,1.845489278617e-03,1.309432253843e-04,4.448667149973e-03,4.870548740222e-03,1.415740644863e+02
3195,0.000000000000e+00,19,1.000000000000e+02,1.810775245616e-04,7.092734853573e-04,1.828997856523e-03,1.295556053162e-04,4.409712637792e-03,4.828110628286e-03,2.087343042152e+02
3196,0.000000000000e+00,21,1.000000000000e+02,1.810782164182e-04,7.123367455381e-04,1.843957676835e-03,1.305845159960e-04,4.444242132440e-03,4.865793255017e-03,9.368542318776e+01
3197,0.000000000000e+00,19,1.000000000000e+02,1.810790317520e-04,7.086826457534e-04,1.827661217586e-03,1.285286917429e-04,4.406261424968e-03,4.824337880831e-03,1.842275603455e+02
3198,0.000000000000e+00,21,1.000000000000e+02,1.810798870767e-04,7.118682546619e-04,1.842739320980e-03,1.302395723735e-04,4.441284883051e-03,4.862552660456e-03,1.516985991404e+02
3199,0.000000000000e+00,19,1.000000000000e+02,1.810805672364e-04,7.081155343140e-04,1.826574270937e-03,1.289125783341e-04,4.403240514948e-03,4.821093927992e-03,1.608420576375e+02
3200,0.000000000000e+00,19,1.000000000000e+02,1.810812866964e-04,7.117338883666e-04,1.841916869437e-03,1.297181571962e-04,4.439866012977e-03,4.860911426395e-03,1.781451490332e+02
3201,0.000000000000e+00,21,1.000000000000e+02,1.810819802010e-04,7.077320961033e-04,1.825896565815e-03,1.298708405486e-04,4.401312158777e-03,4.819045355994e-03,9.433950053689e+01
3202,0.000000000000e+00,19,1.000000000000e+02,1.810827285231e-04,7.114636568664e-04,1.841381533744e-03,1.278664561736e-04,4.438442565227e-03,4.859319779896e-03,1.846121431984e+02
3203,0.000000000000e+00,23,1.000000000000e+02,1.810836055213e-04,7.073460672589e-04,1.825305758145e-03,1.293355947009e-04,4.399460170151e-03,4.817058963142e-03,9.193433244253e+01
3204,0.000000000000e+00,19,1.000000000000e+02,1.810842325166e-04,7.112579934181e-04,1.840893602842e-03,1.281868748237e-04,4.437304851267e-03,4.858074043090e-03,1.590376457565e+02
3205,0.000000000000e+00,21,1.000000000000e+02,1.810850327518e-04,7.073154706326e-04,1.824995300259e-03,1.291817046103e-04,4.399006188779e-03,4.816518076649e-03,1.296890224214e+02
3206,0.000000000000e+00,21,1.000000000000e+02,1.810856354879e-04,7.111058687121e-04,1.840600640548e-03,1.293170491992e-04,4.436586366465e-03,4.857314459742e-03,1.526614149882e+02
3207,0.000000000000e+00,19,1.000000000000e+02,1.810865009376e-04,7.072158975093e-04,1.824880087242e-03,1.279884852229e-04,4.398571426272e-03,4.816030866063e-03,1.838872759066e+02
3208,0.000000000000e+00,23,1.000000000000e+02,1.810872479848e-04,7.111539397436e-04,1.840618355374e-03,1.293630472049e-04,4.436823365717e-03,4.857545906392e-03,1.267536872915e+02
3209,0.000000000000e+00,19,1.000000000000e+02,1.810879061399e-04,7.072877308779e-04,1.825242719905e-03,1.280535990451e-04,4.399256463576e-03,4.816806211315e-03,1.525510108300e+02
3210,0.000000000000e+00,21,1.000000000000e+02,1.810885932958e-04,7.115043828302e-04,1.841320160859e-03,1.292629692186e-04,4.438799251543e-03,4.859665228417e-03,1.469855787484e+02
3211,0.000000000000e+00,21,1.000000000000e+02,1.810893036256e-04,7.075985541299e-04,1.826143963001e-03,1.288440706583e-04,4.401372271934e-03,4.819146828859e-03,1.194953218769e+02
3212,0.000000000000e+00,19,1.000000000000e+02,1.810900249101e-04,7.119377634980e-04,1.842359710488e-03,1.283989495564e-04,4.441449165190e-03,4.862520093443e-03,1.721976820388e+02
3213,0.000000000000e+00,21,1.000000000000e+02,1.810908185844e-04,7.079841832041e-04,1.827132315317e-03,1.292775190218e-04,4.403845685914e-03,4.821848567055e-03,1.512696501425e+02
3214,0.000000000000e+00,19,1.000000000000e+02,1.810913687365e-04,7.124290036308e-04,1.843405466249e-03,1.289216502770e-04,4.444347636047e-03,4.865649545555e-03,1.344333009140e+02
3215,0.000000000000e+00,21,1.000000000000e+02,1.810921684014e-04,7.083732027300e-04,1.828193955346e-03,1.286636504214e-04,4.406408283643e-03,4.824632009781e-03,1.973988145768e+02
3216,0.000000000000e+00,21,1.000000000000e+02,1.810928346361e-04,7.127411799723e-04,1.844448803309e-03,1.292944871433e-04,4.446693016322e-03,4.868242724379e-03,1.166030368179e+02
3217,0.000000000000e+00,19,1.000000000000e+02,1.810936467053e-04,7.087573989882e-04,1.829271264123e-03,1.280950776514e-04,4.408929795599e-03,4.827384457427e-03,1.799156091314e+02
3218,0.000000000000e+00,23,1.000000000000e+02,1.810942748705e-04,7.132591906288e-04,1.845587820786e-03,1.294221752015e-04,4.449736526282e-03,4.871533468017e-03,8.825999604717e+01
3219,0.000000000000e+00,19,1.000000000000e+02,1.810949236653e-04,7.091196403435e-04,1.830551800005e-03,1.277147551391e-04,4.411670441258e-03,4.830415892837e-03,1.451211049021e+02
3220,0.000000000000e+00,23,1.000000000000e+02,1.810956937468e-04,7.138605019657e-04,1.847057344587e-03,1.292661368896e-04,4.453407380637e-03,4.875527118427e-03,1.307830828132e+02
3221,0.000000000000e+00,21,1.000000000000e+02,1.810963503597e-04,7.095920052326e-04,1.832039726606e-03,1.280032568737e-04,4.414990896800e-03,4.834089348197e-03,1.143719217449e+02
3222,0.000000000000e+00,21,1.000000000000e+02,1.810970602551e-04,7.145281609531e-04,1.848647459999e-03,1.285433378275e-04,4.457417884366e-03,4.879871464467e-03,1.584758352549e+02
3223,0.000000000000e+00,23,1.000000000000e+02,1.810977523507e-04,7.101101250944e-04,1.833498126800e-03,1.285855620386e-04,4.418442731598e-03,4.837886128250e-03,4.875077036961e+01
3224,0.000000000000e+00,21,1.000000000000e+02,1.810983828863e-04,7.150938714363e-04,1.850082664318e-03,1.280348378356e-04,4.460968726100e-03,4.883728084641e-03,1.626325717528e+02
3225,0.000000000000e+00,23,1.000000000000e+02,1.810992003608e-04,7.105407539532e-04,1.834742522479e-03,1.285147549806e-04,4.421355515589e-03,4.841079313985e-03,7.529159276827e+01
3226,0.000000000000e+00,23,1.000000000000e+02,1.810998216713e-04,7.155718322096e-04,1.851268584552e-03,1.284787294008e-04,4.463934298823e-03,4.886967835716e-03,1.029037606834e+02
3227,0.000000000000e+00,23,1.000000000000e+02,1.811005512114e-04,7.109479362641e-04,1.835842028776e-03,1.280193313921e-04,4.423974701269e-03,4.843934767250e-03,1.267272120360e+02
3228,0.000000000000e+00,23,1.000000000000e+02,1.811011545085e-04,7.159418547905e-04,1.852320801842e-03,1.290307355430e-04,4.466375750292e-03,4.889665261128e-03,5.244482325824e+01
3229,0.000000000000e+00,21,1.000000000000e+02,1.811018752653e-04,7.113612805268e-04,1.836822429264e-03,1.278266601154e-04,4.426467668483e-03,4.846638751057e-03,1.503061506822e+02
3230,0.000000000000e+00,23,1.000000000000e+02,1.811025468649e-04,7.163596306962e-04,1.853211786859e-03,1.289188753613e-04,4.468742709253e-03,4.892223065782e-03,4.433719246454e+01
3231,0.000000000000e+00,23,1.000000000000e+02,1.811032660406e-04,7.115955876372e-04,1.837596326388e-03,1.278694119757e-04,4.428168262514e-03,4.848520731806e-03,9.437835294466e+01
3232,0.000000000000e+00,23,1.000000000000e+02,1.811038857990e-04,7.166104500833e-04,1.853997135064e-03,1.285975056436e-04,4.470461592054e-03,4.894118927701e-03,7.843393975283e+01
3233,0.000000000000e+00,23,1.000000000000e+02,1.811045643879e-04,7.118649327666e-04,1.838246947561e-03,1.281596670196e-04,4.429793417794e-03,4.850298768870e-03,6.514042754448e+01
3234,0.000000000000e+00,23,1.000000000000e+02,1.811052146786e-04,7.169016160090e-04,1.854584899942e-03,1.286583675771e-04,4.472063349520e-03,4.895848920851e-03,7.604209417282e+01
3235,0.000000000000e+00,23,1.000000000000e+02,1.811059612668e-04,7.120303589908e-04,1.838743534342e-03,1.280709411186e-04,4.430932903250e-03,4.851549605669e-03,6.649418688733e+01
3236,0.000000000000e+00,23,1.000000000000e+02,1.811065919261e-04,7.171352695852e-04,1.855100307026e-03,1.287989294096e-04,4.473401909250e-03,4.897304763838e-03,7.538961670208e+01
3237,0.000000000000e+00,23,1.000000000000e+02,1.811072595456e-04,7.122365550483e-04,1.839230846598e-03,1.283005376527e-04,4.432167724577e-03,4.852898390052e-03,6.157424367666e+01
3238,0.000000000000e+00,23,1.000000000000e+02,1.811078619222e-04,7.173828851893e-04,1.855612705884e-03,1.289676231301e-04,4.474778971003e-03,4.898797424404e-03,9.519846686684e+01
3239,0.000000000000e+00,23,1.000000000000e+02,1.811086167037e-04,7.124514712023e-04,1.839704945121e-03,1.284301316932e-04,4.433404049284e-03,4.854242180491e-03,9.342325827795e+01
3240,0.000000000000e+00,23,1.000000000000e+02,1.811092604631e-04,7.176312081746e-04,1.856117013468e-03,1.293543057137e-04,4.476154951763e-03,4.900291890003e-03,8.689100786372e+01
3241,0.000000000000e+00,21,1.000000000000e+02,1.811099358467e-04,7.127365644386e-04,1.840247668744e-03,1.286828620253e-04,4.434932140075e-03,4.855892014723e-03,1.136828735800e+02
3242,0.000000000000e+00,23,1.000000000000e+02,1.811105526684e-04,7.180071311567e-04,1.856746595886e-03,1.300083769003e-04,4.478088780831e-03,4.902369168963e-03,1.113966289463e+02
3243,0.000000000000e+00,21,1.000000000000e+02,1.811112429863e-04,7.130619901924e-04,1.840988418493e-03,1.289276136236e-04,4.436832215316e-03,4.857962350133e-03,1.199138110997e+02
3244,0.000000000000e+00,21,1.000000000000e+02,1.811119008507e-04,7.184405837597e-04,1.857644226669e-03,1.303855652110e-04,4.480521396744e-03,4.905004722482e-03,1.364974479586e+02
3245,0.000000000000e+00,19,1.000000000000e+02,1.811125182957e-04,7.135601685950e-04,1.841987972880e-03,1.297093760494e-04,4.439597206800e-03,4.860960366770e-03,1.314523703440e+02
3246,0.000000000000e+00,19,1.000000000000e+02,1.811130871185e-04,7.191310257818e-04,1.858786375964e-03,1.306917501095e-04,4.484054613171e-03,4.908774015084e-03,1.682327972874e+02
3247,0.000000000000e+00,19,1.000000000000e+02,1.811137589961e-04,7.140619213617e-04,1.843213873436e-03,1.305651853313e-04,4.442697650638e-03,4.864353142338e-03,1.134643604917e+02
3248,0.000000000000e+00,19,1.000000000000e+02,1.811143849964e-04,7.197401679505e-04,1.860149561510e-03,1.306425139422e-04,4.487629029597e-03,4.912643287913e-03,1.896072975775e+02
3249,0.000000000000e+00,19,1.000000000000e+02,1.811150441891e-04,7.145872394100e-04,1.844549896808e-03,1.309559894450e-04,4.445957051183e-03,4.867923871290e-03,1.517191249946e+02
3250,0.000000000000e+00,19,1.000000000000e+02,1.811156265154e-04,7.204114184766e-04,1.861587571375e-03,1.316008302002e-04,4.491485353425e-03,4.916834383656e-03,1.705623495949e+02
3251,0.000000000000e+00,19,1.000000000000e+02,1.811163183906e-04,7.152583642238e-04,1.846053188634e-03,1.307751593622e-04,4.449861229887e-03,4.872152913283e-03,2.046356922879e+02
3252,0.000000000000e+00,19,1.000000000000e+02,1.811169615672e-04,7.209415273686e-04,1.863100308518e-03,1.321005481378e-04,4.495024302069e-03,4.920730990055e-03,1.308871248934e+02
3253,0.000000000000e+00,19,1.000000000000e+02,1.811176823637e-04,7.159566380465e-04,1.847589376583e-03,1.306591878021e-04,4.453888225519e-03,4.876512335758e-03,2.163667819384e+02
3254,0.000000000000e+00,19,1.000000000000e+02,1.811182901749e-04,7.214619300144e-04,1.864596036406e-03,1.319038468324e-04,4.498497701114e-03,4.924541185448e-03,1.071427221440e+02
3255,0.000000000000e+00,19,1.000000000000e+02,1.811190052388e-04,7.165558914481e-04,1.849045820444e-03,1.306103359162e-04,4.457543394679e-03,4.880489213897e-03,1.911942083522e+02
3256,0.000000000000e+00,19,1.000000000000e+02,1.811197028407e-04,7.220382582845e-04,1.866051701382e-03,1.322726750145e-04,4.502060084638e-03,4.928440855372e-03,1.629044208656e+02
3257,0.000000000000e+00,19,1.000000000000e+02,1.811203884246e-04,7.170642846715e-04,1.850397199999e-03,1.306256990757e-04,4.460791787780e-03,4.884043144087e-03,1.656823355964e+02
3258,0.000000000000e+00,19,1.000000000000e+02,1.811210713474e-04,7.226474613282e-04,1.867377947874e-03,1.322225679714e-04,4.505535112518e-03,4.932205309107e-03,1.825100307548e+02
3259,0.000000000000e+00,19,1.000000000000e+02,1.811217081425e-04,7.174249235066e-04,1.851562097849e-03,1.312221916041e-04,4.463371041636e-03,4.886909150162e-03,1.444790879593e+02
3260,0.000000000000e+00,19,1.000000000000e+02,1.811223990753e-04,7.232457333555e-04,1.868549115134e-03,1.312733054387e-04,4.508770598735e-03,4.935666639798e-03,1.903518944047e+02
3261,0.000000000000e+00,19,1.000000000000e+02,1.811231155249e-04,7.176743893985e-04,1.852522696826e-03,1.319058671787e-04,4.465352888234e-03,4.889138210944e-03,9.028050446759e+01
3262,0.000000000000e+00,19,1.000000000000e+02,1.811237784614e-04,7.237214900901e-04,1.869513138257e-03,1.309437218929e-04,4.511379982955e-03,4.938476260775e-03,1.984313299955e+02
3263,0.000000000000e+00,21,1.000000000000e+02,1.811244451027e-04,7.179755922946e-04,1.853317311333e-03,1.314091727154e-04,4.467255647830e-03,4.891207969547e-03,1.306710855779e+02
3264,0.000000000000e+00,19,1.000000000000e+02,1.811250743092e-04,7.238308652969e-04,1.870192416391e-03,1.315676366718e-04,4.512543089991e-03,4.939828537300e-03,1.591886376877e+02
3265,0.000000000000e+00,19,1.000000000000e+02,1.811258630170e-04,7.183629980447e-04,1.853843967576e-03,1.312142550320e-04,4.469037404750e-03,4.893086485937e-03,2.045975259766e+02
3266,0.000000000000e+00,19,1.000000000000e+02,1.811264832348e-04,7.239790222372e-04,1.870523045973e-03,1.324949961870e-04,4.513394387768e-03,4.940777865246e-03,1.306991988795e+02
3267,0.000000000000e+00,19,1.000000000000e+02,1.811272141763e-04,7.185764710862e-04,1.854171295552e-03,1.307296763929e-04,4.470076554431e-03,4.894177968649e-03,1.896272300630e+02
3268,0.000000000000e+00,21,1.000000000000e+02,1.811278206413e-04,7.238712384776e-04,1.870784435352e-03,1.318789868778e-04,4.513398293327e-03,4.940848125053e-03,9.959942324390e+01
3269,0.000000000000e+00,19,1.000000000000e+02,1.811285149760e-04,7.186261427486e-04,1.854405077446e-03,1.300564045454e-04,4.470472843994e-03,4.894617844281e-03,1.740781122331e+02
3270,0.000000000000e+00,21,1.000000000000e+02,1.811292412987e-04,7.240390143960e-04,1.871096908177e-03,1.322851729446e-04,4.514244717406e-03,4.941775072761e-03,1.388032415513e+02
3271,0.000000000000e+00,19,1.000000000000e+02,1.811298828507e-04,7.187624722635e-04,1.854806776350e-03,1.303640854341e-04,4.471379354510e-03,4.895626190370e-03,1.648754945439e+02
3272,0.000000000000e+00,19,1.000000000000e+02,1.811305727600e-04,7.243301849211e-04,1.871629447355e-03,1.318344619275e-04,4.515762739061e-03,4.943394020897e-03,1.748680815181e+02
3273,0.000000000000e+00,19,1.000000000000e+02,1.811312259427e-04,7.189310235515e-04,1.855345163783e-03,1.310168183750e-04,4.472603589334e-03,4.896990480634e-03,9.630197354140e+01
3274,0.000000000000e+00,19,1.000000000000e+02,1.811319184099e-04,7.246681566153e-04,1.872251602800e-03,1.305855926265e-04,4.517562175819e-03,4.945289739823e-03,1.894443026081e+02
3275,0.000000000000e+00,23,1.000000000000e+02,1.811326421541e-04,7.189772516766e-04,1.855884806125e-03,1.312404733208e-04,4.473447783748e-03,4.897978750239e-03,5.561387223980e+01
3276,0.000000000000e+00,19,1.000000000000e+02,1.811332605733e-04,7.247752411519e-04,1.872875829359e-03,1.302018456503e-04,4.518681740537e-03,4.946554378075e-03,1.630159321519e+02
3277,0.000000000000e+00,21,1.000000000000e+02,1.811340216981e-04,7.192944182568e-04,1.856417117511e-03,1.309421971794e-04,4.475044702769e-03,4.899677532767e-03,1.154421979724e+02
3278,0.000000000000e+00,19,1.000000000000e+02,1.811345764365e-04,7.249485355693e-04,1.873286518532e-03,1.313586535283e-04,4.519751710052e-03,4.947743260933e-03,1.201504417027e+02
3279,0.000000000000e+00,19,1.000000000000e+02,1.811353273774e-04,7.195632586005e-04,1.856889923209e-03,1.302142052087e-04,4.476444498573e-03,4.901155226891e-03,1.799301033617e+02
3280,0.000000000000e+00,23,1.000000000000e+02,1.811359063174e-04,7.250282875626e-04,1.873729391195e-03,1.317414993285e-04,4.520577031183e-03,4.948686731517e-03,7.810908653757e+01
3281,0.000000000000e+00,19,1.000000000000e+02,1.811365295656e-04,7.196838871684e-04,1.857447171490e-03,1.293675439620e-04,4.477433299894e-03,4.902264763225e-03,1.637025343910e+02
3282,0.000000000000e+00,23,1.000000000000e+02,1.811371388824e-04,7.252975974425e-04,1.874471288633e-03,1.316639560936e-04,4.522303531587e-03,4.950582172422e-03,9.190951863751e+01
3283,0.000000000000e+00,19,1.000000000000e+02,1.811377163035e-04,7.200389137403e-04,1.858398719942e-03,1.297015080275e-04,4.479695780701e-03,4.904752655170e-03,1.413269144958e+02
3284,0.000000000000e+00,23,1.000000000000e+02,1.811383643523e-04,7.258014638341e-04,1.875588827452e-03,1.311047587827e-04,4.525214730555e-03,4.953723652968e-03,1.079994976642e+02
3285,0.000000000000e+00,23,1.000000000000e+02,1.811389531149e-04,7.203227904608e-04,1.859542681571e-03,1.300020342654e-04,4.482014026327e-03,4.907353071478e-03,8.662837451219e+01
3286,0.000000000000e+00,21,1.000000000000e+02,1.811395524122e-04,7.262666571198e-04,1.876930328593e-03,1.301646165450e-04,4.528320535336e-03,4.957112104217e-03,1.323480775436e+02
3287,0.000000000000e+00,23,1.000000000000e+02,1.811401995467e-04,7.208772141749e-04,1.860839567264e-03,1.304785435794e-04,4.485338975497e-03,4.910975282819e-03,4.415845440078e+01
3288,0.000000000000e+00,21,1.000000000000e+02,1.811407112135e-04,7.268113436380e-04,1.878196890730e-03,1.304289998099e-04,4.531605448688e-03,4.960679182950e-03,1.130475428137e+02
3289,0.000000000000e+00,23,1.000000000000e+02,1.811414017691e-04,7.213333848167e-04,1.862051534860e-03,1.302276246820e-04,4.488272193594e-03,4.914173815459e-03,8.990309555495e+01
3290,0.000000000000e+00,23,1.000000000000e+02,1.811419242582e-04,7.272118541284e-04,1.879410024040e-03,1.309273822646e-04,4.534375210973e-03,4.963740490050e-03,1.040368755263e+02
3291,0.000000000000e+00,21,1.000000000000e+02,1.811425859475e-04,7.218153771557e-04,1.863244266836e-03,1.297759132849e-04,4.491194452097e-03,4.917353559671e-03,1.059145461659e+02
3292,0.000000000000e+00,23,1.000000000000e+02,1.811431599158e-04,7.276622378578e-04,1.880438864776e-03,1.311670479817e-04,4.537026144953e-03,4.966623973186e-03,5.561989555167e+01
3293,0.000000000000e+00,21,1.000000000000e+02,1.811438110664e-04,7.221710785104e-04,1.864146610596e-03,1.298530671592e-04,4.493418233300e-03,4.919780776706e-03,1.024777483715e+02
3294,0.000000000000e+00,23,1.000000000000e+02,1.811444408040e-04,7.279958600755e-04,1.881275464626e-03,1.309751304581e-04,4.539070061133e-03,4.968851663187e-03,9.420330204448e+01
3295,0.000000000000e+00,23,1.000000000000e+02,1.811450998378e-04,7.224050523051e-04,1.864820864823e-03,1.302032597163e-04,4.494980634345e-03,4.921506853541e-03,1.062129555668e+02
3296,0.000000000000e+00,23,1.000000000000e+02,1.811457190564e-04,7.282443450937e-04,1.881906850631e-03,1.307151366825e-04,4.540592264335e-03,4.970510816657e-03,1.031111587126e+02
3297,0.000000000000e+00,23,1.000000000000e+02,1.811463905599e-04,7.226054762086e-04,1.865305601499e-03,1.303596401769e-04,4.496204379511e-03,4.922841772731e-03,7.222441618133e+01
3298,0.000000000000e+00,23,1.000000000000e+02,1.811469826550e-04,7.284397384051e-04,1.882345189653e-03,1.309513229904e-04,4.541727858721e-03,4.971748993782e-03,9.195516937285e+01
3299,0.000000000000e+00,23,1.000000000000e+02,1.811477046489e-04,7.227820806627e-04,1.865672219939e-03,1.303261374187e-04,4.497202575551e-03,4.923917411575e-03,1.285525963092e+02
3300,0.000000000000e+00,23,1.000000000000e+02,1.811482939591e-04,7.285208255065e-04,1.882691926846e-03,1.309604364817e-04,4.542388383399e-03,4.972495786441e-03,9.686423799752e+01
3301,0.000000000000e+00,21,1.000000000000e+02,1.811489443668e-04,7.229761333501e-04,1.865981805782e-03,1.302414154314e-04,4.498166182576e-03,4.924941057643e-03,1.313716382590e+02
3302,0.000000000000e+00,23,1.000000000000e+02,1.811494610898e-04,7.286905229743e-04,1.882996056395e-03,1.313987652210e-04,4.543256782359e-03,4.973440645330e-03,8.285261625240e+01
3303,0.000000000000e+00,21,1.000000000000e+02,1.811500632557e-04,7.230889545143e-04,1.866291923408e-03,1.302891720619e-04,4.498893481598e-03,4.925740655641e-03,1.319633600103e+02
3304,0.000000000000e+00,23,1.000000000000e+02,1.811507161474e-04,7.287925640108e-04,1.883342369395e-03,1.311807199100e-04,4.543964373246e-03,4.974227345861e-03,1.103710959971e+02
3305,0.000000000000e+00,23,1.000000000000e+02,1.811513880603e-04,7.232052990411e-04,1.866604345076e-03,1.301603759418e-04,4.499612842000e-03,4.926529725575e-03,7.457277684266e+01
3306,0.000000000000e+00,23,1.000000000000e+02,1.811519643607e-04,7.288640079866e-04,1.883691575845e-03,1.306651730692e-04,4.544585562739e-03,4.974923920982e-03,1.188512103467e+02
3307,0.000000000000e+00,23,1.000000000000e+02,1.811525884488e-04,7.233347618423e-04,1.866921571246e-03,1.304899908892e-04,4.500387937592e-03,4.927385570201e-03,5.961955266670e+01
3308,0.000000000000e+00,23,1.000000000000e+02,1.811531665541e-04,7.290062975924e-04,1.884025155127e-03,1.306720304278e-04,4.545408703930e-03,4.975823191431e-03,1.320419655968e+02
3309,0.000000000000e+00,23,1.000000000000e+02,1.811538987473e-04,7.234686881609e-04,1.867223255719e-03,1.303180338595e-04,4.501146895111e-03,4.928208172426e-03,6.736304542330e+01
3310,0.000000000000e+00,23,1.000000000000e+02,1.811545036590e-04,7.290792003007e-04,1.884339742549e-03,1.306780436438e-04,4.545995681591e-03,4.976489348305e-03,7.768401903384e+01
3311,0.000000000000e+00,23,1.000000000000e+02,1.811551318803e-04,7.236397886165e-04,1.867555721020e-03,1.302130920588e-04,4.502056741822e-03,4.929187485855e-03,8.512948139382e+01
3312,0.000000000000e+00,23,1.000000000000e+02,1.811556664783e-04,7.291638578637e-04,1.884691390061e-03,1.307536602387e-04,4.546663736173e-03,4.977247152481e-03,6.938905439288e+01
3313,0.000000000000e+00,23,1.000000000000e+02,1.811563698954e-04,7.238067423833e-04,1.867894067665e-03,1.301008106921e-04,4.502949478822e-03,4.930152601908e-03,7.982456958044e+01
3314,0.000000000000e+00,23,1.000000000000e+02,1.811569918765e-04,7.292258949937e-04,1.884922181286e-03,1.306016612465e-04,4.547101672862e-03,4.977739693144e-03,5.735184076864e+01
3315,0.000000000000e+00,23,1.000000000000e+02,1.811576581479e-04,7.238854537463e-04,1.868016311892e-03,1.301606870062e-04,4.503314165094e-03,4.930545138787e-03,6.075504694888e+01
3316,0.000000000000e+00,23,1.000000000000e+02,1.811581774725e-04,7.292021592084e-04,1.884909275695e-03,1.306126582703e-04,4.546987823429e-03,4.977627617601e-03,5.418187323609e+01
3317,0.000000000000e+00,23,1.000000000000e+02,1.811588283956e-04,7.238466102457e-04,1.867846910592e-03,1.301851592356e-04,4.502966033095e-03,4.930157935347e-03,7.941677627897e+01
3318,0.000000000000e+00,23,1.000000000000e+02,1.811594543578e-04,7.290927722084e-04,1.884657991029e-03,1.305444338992e-04,4.546307992679e-03,4.976893632293e-03,6.259657962676e+01
3319,0.000000000000e+00,23,1.000000000000e+02,1.811601327517e-04,7.237680923441e-04,1.867542562511e-03,1.301962950652e-04,4.502321401338e-03,4.929442620670e-03,6.241376041862e+01
3320,0.000000000000e+00,23,1.000000000000e+02,1.811606534738e-04,7.289379867979e-04,1.884319615617e-03,1.305600892502e-04,4.545396815229e-03,4.975910886179e-03,7.251258002772e+01
3321,0.000000000000e+00,23,1.000000000000e+02,1.811612775170e-04,7.236659231257e-04,1.867181952008e-03,1.301926833208e-04,4.501540487866e-03,4.928577655762e-03,8.174764545173e+01
3322,0.000000000000e+00,23,1.000000000000e+02,1.811618864318e-04,7.287463406952e-04,1.883900387588e-03,1.305352574192e-04,4.544265306634e-03,4.974689792333e-03,6.520228333860e+01
3323,0.000000000000e+00,23,1.000000000000e+02,1.811625863226e-04,7.235363373506e-04,1.866726213941e-03,1.301263476178e-04,4.500551266871e-03,4.927480711414e-03,8.582304745227e+01
3324,0.000000000000e+00,23,1.000000000000e+02,1.811631510726e-04,7.285451460449e-04,1.883409519142e-03,1.305234037680e-04,4.543019784545e-03,4.973336361872e-03,8.122204064045e+01
3325,0.000000000000e+00,23,1.000000000000e+02,1.811637633360e-04,7.233646328411e-04,1.866228549878e-03,1.302928142025e-04,4.499396942744e-03,4.926217053504e-03,7.541626263711e+01
3326,0.000000000000e+00,23,1.000000000000e+02,1.811643328133e-04,7.283509227037e-04,1.882897166385e-03,1.303816123375e-04,4.541767738713e-03,4.971966448302e-03,1.235609814907e+02
3327,0.000000000000e+00,23,1.000000000000e+02,1.811650469637e-04,7.231588620527e-04,1.865678698905e-03,1.303022316185e-04,4.498067915154e-03,4.924764906898e-03,5.893797118825e+01
3328,0.000000000000e+00,23,1.000000000000e+02,1.811656448480e-04,7.281441746776e-04,1.882334046489e-03,1.303582904357e-04,4.540417141572e-03,4.970488557984e-03,1.057004653208e+02
3329,0.000000000000e+00,23,1.000000000000e+02,1.811662791127e-04,7.229730625058e-04,1.865128308188e-03,1.303174726400e-04,4.496804688695e-03,4.923375743030e-03,9.187857982231e+01
3330,0.000000000000e+00,23,1.000000000000e+02,1.811668219209e-04,7.278984405719e-04,1.881781402870e-03,1.305488397513e-04,4.538982784537e-03,4.968938025963e-03,1.034322421400e+02
3331,0.000000000000e+00,23,1.000000000000e+02,1.811675372750e-04,7.228153682267e-04,1.864595597067e-03,1.301087071749e-04,4.495642823422e-03,4.922084057451e-03,1.302608740968e+02
3332,0.000000000000e+00,23,1.000000000000e+02,1.811681534911e-04,7.276167737918e-04,1.881211538624e-03,1.304155912269e-04,4.537423701476e-03,4.967253274770e-03,8.097984686888e+01
3333,0.000000000000e+00,21,1.000000000000e+02,1.811688445141e-04,7.226830173615e-04,1.864073334665e-03,1.299534853242e-04,4.494573827902e-03,4.920886296532e-03,1.388003697291e+02
3334,0.000000000000e+00,23,1.000000000000e+02,1.811693944285e-04,7.274773657466e-04,1.880732175833e-03,1.308918015736e-04,4.536417331527e-03,4.966144551298e-03,7.946364162101e+01
3335,0.000000000000e+00,21,1.000000000000e+02,1.811700224389e-04,7.225500691304e-04,1.863722315887e-03,1.299134588164e-04,4.493735397671e-03,4.919966951535e-03,1.485981333230e+02
3336,0.000000000000e+00,23,1.000000000000e+02,1.811706866873e-04,7.273393095491e-04,1.880450737794e-03,1.306435461281e-04,4.535660201324e-03,4.965319591577e-03,1.026348377676e+02
3337,0.000000000000e+00,23,1.000000000000e+02,1.811713619129e-04,7.224473834373e-04,1.863506417647e-03,1.298844730046e-04,4.493155164513e-03,4.919339355967e-03,9.873155740542e+01
3338,0.000000000000e+00,23,1.000000000000e+02,1.811719561409e-04,7.272552179172e-04,1.880301600507e-03,1.300693872238e-04,4.535232930810e-03,4.964845419855e-03,1.324171738800e+02
3339,0.000000000000e+00,23,1.000000000000e+02,1.811726051029e-04,7.223628137437e-04,1.863372694329e-03,1.303783027737e-04,4.492750143634e-03,4.918919412595e-03,6.433578145118e+01
3340,0.000000000000e+00,21,1.000000000000e+02,1.811732124071e-04,7.272819710499e-04,1.880220085850e-03,1.299252476827e-04,4.535235783357e-03,4.964817299486e-03,1.616627174580e+02
3341,0.000000000000e+00,23,1.000000000000e+02,1.811739709821e-04,7.223883148332e-04,1.863290869510e-03,1.303916581839e-04,4.492759916142e-03,4.918901441422e-03,5.675513446018e+01
3342,0.000000000000e+00,23,1.000000000000e+02,1.811745507619e-04,7.271729494327e-04,1.880075301237e-03,1.299423769753e-04,4.534752191602e-03,4.964305197838e-03,1.136726280993e+02
3343,0.000000000000e+00,23,1.000000000000e+02,1.811752164613e-04,7.222649694436e-04,1.863098572743e-03,1.299852766972e-04,4.492140348257e-03,4.918233835275e-03,1.000480639783e+02
3344,0.000000000000e+00,23,1.000000000000e+02,1.811757905783e-04,7.270776934578e-04,1.879885912026e-03,1.304096046116e-04,4.534242711266e-03,4.963766376875e-03,8.915841551604e+01
3345,0.000000000000e+00,23,1.000000000000e+02,1.811765138479e-04,7.222811927780e-04,1.862955751716e-03,1.297146934226e-04,4.492004166709e-03,4.918050588365e-03,1.391057514292e+02
3346,0.000000000000e+00,25,1.000000000000e+02,1.811771331232e-04,7.268947452523e-04,1.879639627013e-03,1.300304021201e-04,4.533387640462e-03,4.962855277185e-03,5.346410099374e+01
3347,0.000000000000e+00,23,1.000000000000e+02,1.811778138619e-04,7.221306934256e-04,1.862666415498e-03,1.295407385771e-04,4.491182115055e-03,4.917163461524e-03,1.214734401112e+02
3348,0.000000000000e+00,23,1.000000000000e+02,1.811784012993e-04,7.268181554323e-04,1.879375915261e-03,1.301430746298e-04,4.532822103793e-03,4.962230537413e-03,8.908953905797e+01
3349,0.000000000000e+00,23,1.000000000000e+02,1.811790521120e-04,7.220934114268e-04,1.862415653046e-03,1.298700521788e-04,4.490775133193e-03,4.916699959006e-03,1.140002342630e+02
3350,0.000000000000e+00,23,1.000000000000e+02,1.811796929080e-04,7.266856275762e-04,1.879058162329e-03,1.298109620843e-04,4.532020244072e-03,4.961349610469e-03,1.003834948793e+02
3351,0.000000000000e+00,23,1.000000000000e+02,1.811803986665e-04,7.218693309904e-04,1.862003075690e-03,1.296945379746e-04,4.489613332695e-03,4.915444978351e-03,6.085316217177e+01
3352,0.000000000000e+00,23,1.000000000000e+02,1.811809943129e-04,7.265616063142e-04,1.878652681879e-03,1.296393026020e-04,4.531140783106e-03,4.960370027730e-03,1.007387503625e+02
3353,0.000000000000e+00,25,1.000000000000e+02,1.811816530461e-04,7.216999619608e-04,1.861588687273e-03,1.297794424494e-04,4.488594809448e-03,4.914335086537e-03,4.928882071671e+01
3354,0.000000000000e+00,23,1.000000000000e+02,1.811822395248e-04,7.263107163186e-04,1.878192919564e-03,1.294646712933e-04,4.529808260956e-03,4.958937374264e-03,1.116401431647e+02
3355,0.000000000000e+00,23,1.000000000000e+02,1.811829738873e-04,7.215404277874e-04,1.861057768520e-03,1.296838863068e-04,4.487448862970e-03,4.913061348573e-03,6.309839488795e+01
3356,0.000000000000e+00,23,1.000000000000e+02,1.811835562460e-04,7.261233598201e-04,1.877604516089e-03,1.296645320290e-04,4.528511782154e-03,4.957508013558e-03,5.752953819388e+01
3357,0.000000000000e+00,23,1.000000000000e+02,1.811842084839e-04,7.213166522375e-04,1.860496095169e-03,1.293632163389e-04,4.486085496770e-03,4.911562008059e-03,8.353063759547e+01
3358,0.000000000000e+00,25,1.000000000000e+02,1.811847803245e-04,7.258388660228e-04,1.877034890695e-03,1.296457400746e-04,4.526952733640e-03,4.955825976651e-03,4.303833182287e+01
3359,0.000000000000e+00,23,1.000000000000e+02,1.811854776551e-04,7.210855462667e-04,1.859955735443e-03,1.290939922423e-04,4.484690115453e-03,4.910041791402e-03,8.962854386702e+01
3360,0.000000000000e+00,25,1.000000000000e+02,1.811861389211e-04,7.256655514776e-04,1.876533468506e-03,1.295615545784e-04,4.525802649331e-03,4.954557918538e-03,4.360720841731e+01
3361,0.000000000000e+00,23,1.000000000000e+02,1.811867821340e-04,7.209246541634e-04,1.859552320197e-03,1.291260105190e-04,4.483708112056e-03,4.908969255276e-03,5.828456242455e+01
3362,0.000000000000e+00,25,1.000000000000e+02,1.811873485723e-04,7.255414171631e-04,1.876217056398e-03,1.294555328750e-04,4.525062842986e-03,4.953741339503e-03,7.806364225390e+01
3363,0.000000000000e+00,25,1.000000000000e+02,1.811879959004e-04,7.208223454310e-04,1.859336011157e-03,1.291195858275e-04,4.483146001451e-03,4.908358706719e-03,5.591495847355e+01
3364,0.000000000000e+00,25,1.000000000000e+02,1.811886649010e-04,7.254546976597e-04,1.876073825660e-03,1.292434183944e-04,4.524650371786e-03,4.953292073539e-03,6.263446199796e+01
3365,0.000000000000e+00,25,1.000000000000e+02,1.811893759575e-04,7.208050270330e-04,1.859256256545e-03,1.291431937098e-04,4.483011491413e-03,4.908203715324e-03,3.498005482488e+01
3366,0.000000000000e+00,25,1.000000000000e+02,1.811899765718e-04,7.254839835382e-04,1.876073794473e-03,1.293344346186e-04,4.524787082616e-03,4.953423607130e-03,5.846327106720e+01
3367,0.000000000000e+00,25,1.000000000000e+02,1.811906130913e-04,7.208213465694e-04,1.859353531630e-03,1.291251105489e-04,4.483220372963e-03,4.908433271012e-03,5.414164724213e+01
3368,0.000000000000e+00,25,1.000000000000e+02,1.811912365033e-04,7.255567668866e-04,1.876240231916e-03,1.293390684762e-04,4.525259106305e-03,4.953928603005e-03,6.086957243758e+01
3369,0.000000000000e+00,25,1.000000000000e+02,1.811919561950e-04,7.209122275425e-04,1.859566316375e-03,1.291071524082e-04,4.483781987242e-03,4.909039711668e-03,5.140783078391e+01
3370,0.000000000000e+00,25,1.000000000000e+02,1.811925770107e-04,7.256657754236e-04,1.876489736686e-03,1.293668801738e-04,4.525940080108e-03,4.954661839916e-03,4.350203291588e+01
3371,0.000000000000e+00,25,1.000000000000e+02,1.811932014018e-04,7.210209512818e-04,1.859856364493e-03,1.291323805479e-04,4.484507213111e-03,4.909828614614e-03,6.518978981618e+01
3372,0.000000000000e+00,25,1.000000000000e+02,1.811937761814e-04,7.257962119820e-04,1.876805182554e-03,1.293851752179e-04,4.526767763428e-03,4.955556955799e-03,4.348173990047e+01
3373,0.000000000000e+00,25,1.000000000000e+02,1.811944621629e-04,7.211448573554e-04,1.860168692699e-03,1.291440152618e-04,4.485296872642e-03,4.910686681412e-03,5.959593488671e+01
3374,0.000000000000e+00,25,1.000000000000e+02,1.811951055529e-04,7.259326769670e-04,1.877106538151e-03,1.293831517524e-04,4.527579197468e-03,4.956432244706e-03,4.345622677766e+01
3375,0.000000000000e+00,25,1.000000000000e+02,1.811957522551e-04,7.212518712742e-04,1.860450023629e-03,1.292124778261e-04,4.486001415845e-03,4.911454277465e-03,4.201633817747e+01
3376,0.000000000000e+00,25,1.000000000000e+02,1.811962981782e-04,7.260578608973e-04,1.877386720841e-03,1.293974821837e-04,4.528332130519e-03,4.957244850685e-03,6.475827197235e+01
3377,0.000000000000e+00,25,1.000000000000e+02,1.811969298578e-04,7.213353271403e-04,1.860689551327e-03,1.292295038475e-04,4.486582608682e-03,4.912088560866e-03,3.969278744659e+01
3378,0.000000000000e+00,25,1.000000000000e+02,1.811975570122e-04,7.261563725948e-04,1.877591050280e-03,1.293743790101e-04,4.528895019192e-03,4.957850245253e-03,5.440058541802e+01
3379,0.000000000000e+00,25,1.000000000000e+02,1.811982411229e-04,7.213939122418e-04,1.860833343752e-03,1.292309512251e-04,4.486958462052e-03,4.912494965776e-03,3.428902815619e+01
3380,0.000000000000e+00,25,1.000000000000e+02,1.811988128085e-04,7.262118666022e-04,1.877709207812e-03,1.294222329854e-04,4.529223595366e-03,4.958204517314e-03,4.594688529732e+01
3381,0.000000000000e+00,25,1.000000000000e+02,1.811994193522e-04,7.214282669422e-04,1.860914611640e-03,1.292060694740e-04,4.487188082125e-03,4.912739869860e-03,5.715792946220e+01
3382,0.000000000000e+00,25,1.000000000000e+02,1.812000112758e-04,7.262293686769e-04,1.877756884472e-03,1.294246981673e-04,4.529346517977e-03,4.958337488062e-03,4.341646996483e+01
3383,0.000000000000e+00,25,1.000000000000e+02,1.812007061737e-04,7.214388499120e-04,1.860913281942e-03,1.291452744764e-04,4.487230007610e-03,4.912777615584e-03,4.537096972297e+01
3384,0.000000000000e+00,25,1.000000000000e+02,1.812013217240e-04,7.262251726270e-04,1.877728185387e-03,1.294346113982e-04,4.529303782313e-03,4.958287225510e-03,4.347544114884e+01
3385,0.000000000000e+00,25,1.000000000000e+02,1.812019361548e-04,7.214218995625e-04,1.860867302123e-03,1.291506375533e-04,4.487140783535e-03,4.912676355279e-03,5.113900543649e+01
3386,0.000000000000e+00,25,1.000000000000e+02,1.812024842097e-04,7.262132669459e-04,1.877685164365e-03,1.294043291856e-04,4.529227855356e-03,4.958199041155e-03,4.362357187354e+01
3387,0.000000000000e+00,25,1.000000000000e+02,1.812031371882e-04,7.213945223496e-04,1.860807327590e-03,1.291156194236e-04,4.486997646523e-03,4.912517958274e-03,3.865338773098e+01
3388,0.000000000000e+00,25,1.000000000000e+02,1.812037607470e-04,7.262035203111e-04,1.877625050753e-03,1.293642943238e-04,4.529130874722e-03,4.958085213582e-03,4.368047555339e+01
3389,0.000000000000e+00,25,1.000000000000e+02,1.812044071679e-04,7.213739954653e-04,1.860752766388e-03,1.291087377655e-04,4.486881408669e-03,4.912387926516e-03,3.428944904644e+01
3390,0.000000000000e+00,25,1.000000000000e+02,1.812049497424e-04,7.262003626504e-04,1.877604541157e-03,1.293785168634e-04,4.529116661841e-03,4.958064371999e-03,4.388070768419e+01
3391,0.000000000000e+00,25,1.000000000000e+02,1.812055583956e-04,7.213761189463e-04,1.860760405740e-03,1.290659702453e-04,4.486914836668e-03,4.912420540706e-03,3.428939339567e+01
3392,0.000000000000e+00,25,1.000000000000e+02,1.812061500288e-04,7.262190794091e-04,1.877638316227e-03,1.293634756693e-04,4.529234538920e-03,4.958187190420e-03,4.394422945214e+01
3393,0.000000000000e+00,25,1.000000000000e+02,1.812068064089e-04,7.214045191467e-04,1.860820732006e-03,1.290456861286e-04,4.487088398239e-03,4.912605557098e-03,3.429035008628e+01
3394,0.000000000000e+00,25,1.000000000000e+02,1.812073689040e-04,7.262705722885e-04,1.877743599767e-03,1.293840820507e-04,4.529546169389e-03,4.958519810584e-03,4.407128133611e+01
3395,0.000000000000e+00,25,1.000000000000e+02,1.812079626944e-04,7.214607238701e-04,1.860971746237e-03,1.290630368971e-04,4.487467931316e-03,4.913018127227e-03,3.429256304061e+01
3396,0.000000000000e+00,25,1.000000000000e+02,1.812085175179e-04,7.263588640022e-04,1.877941326169e-03,1.293755978826e-04,4.530087788981e-03,4.959102161183e-03,4.418234947911e+01
3397,0.000000000000e+00,25,1.000000000000e+02,1.812091615798e-04,7.215472448212e-04,1.861198158614e-03,1.290737158963e-04,4.488029784996e-03,4.913630062112e-03,3.429609883248e+01
3398,0.000000000000e+00,25,1.000000000000e+02,1.812097528213e-04,7.264798401747e-04,1.878207509736e-03,1.293919149796e-04,4.530811157986e-03,4.959881896255e-03,4.426779186237e+01
3399,0.000000000000e+00,25,1.000000000000e+02,1.812103868084e-04,7.216630635663e-04,1.861496010785e-03,1.291110003044e-04,4.488772829950e-03,4.914439555512e-03,3.430084987021e+01
3400,0.000000000000e+00,25,1.000000000000e+02,1.812109561839e-04,7.266252346546e-04,1.878546910322e-03,1.294257213974e-04,4.531704058623e-03,4.960848255915e-03,4.432402089614e+01
3401,0.000000000000e+00,25,1.000000000000e+02,1.812115924038e-04,7.218009668613e-04,1.861852906311e-03,1.291471525157e-04,4.489658921921e-03,4.915405283666e-03,3.430656223587e+01
3402,0.000000000000e+00,25,1.000000000000e+02,1.812121820585e-04,7.267887405312e-04,1.878925372541e-03,1.294389647949e-04,4.532696929622e-03,4.961922846070e-03,4.435079077294e+01
3403,0.000000000000e+00,25,1.000000000000e+02,1.812128292111e-04,7.219513365485e-04,1.862233617020e-03,1.291851300198e-04,4.490610189325e-03,4.916441441428e-03,3.431288060702e+01
3404,0.000000000000e+00,25,1.000000000000e+02,1.812134086811e-04,7.269609133884e-04,1.879323001867e-03,1.294739269923e-04,4.533737589617e-03,4.963050185543e-03,4.435171109585e+01
3405,0.000000000000e+00,25,1.000000000000e+02,1.812140321609e-04,7.221030331739e-04,1.862624389256e-03,1.292348050904e-04,4.491581175136e-03,4.917499923096e-03,3.431940112059e+01
3406,0.000000000000e+00,25,1.000000000000e+02,1.812145917749e-04,7.271305424677e-04,1.879719311084e-03,1.294987663348e-04,4.534766646293e-03,4.964165789039e-03,4.434182441549e+01
3407,0.000000000000e+00,25,1.000000000000e+02,1.812152147724e-04,7.222490102669e-04,1.862995025468e-03,1.292637341401e-04,4.492506062722e-03,4.918507287207e-03,3.432572718031e+01
3408,0.000000000000e+00,25,1.000000000000e+02,1.812157863423e-04,7.272866636510e-04,1.880080226852e-03,1.295233622685e-04,4.535703653798e-03,4.965181918820e-03,4.431767419936e+01
3409,0.000000000000e+00,25,1.000000000000e+02,1.812164060058e-04,7.223822441007e-04,1.863321833072e-03,1.292899720228e-04,4.493335812210e-03,4.919409210297e-03,3.433151824439e+01
3410,0.000000000000e+00,25,1.000000000000e+02,1.812169461920e-04,7.274211587426e-04,1.880397821074e-03,1.295567805375e-04,4.536521206325e-03,4.966069584944e-03,4.429560266569e+01
3411,0.000000000000e+00,25,1.000000000000e+02,1.812175377260e-04,7.224975940652e-04,1.863606080226e-03,1.293057925014e-04,4.494058625009e-03,4.920194438097e-03,3.828407225065e+01
3412,0.000000000000e+00,25,1.000000000000e+02,1.812180893682e-04,7.275315026195e-04,1.880659199979e-03,1.295641797799e-04,4.537189612217e-03,4.966795502903e-03,4.427570152480e+01
3413,0.000000000000e+00,25,1.000000000000e+02,1.812187131612e-04,7.225907393432e-04,1.863823242870e-03,1.293168987496e-04,4.494624962970e-03,4.920807949443e-03,3.434060723227e+01
3414,0.000000000000e+00,25,1.000000000000e+02,1.812192671394e-04,7.276166800734e-04,1.880858178936e-03,1.295873031916e-04,4.537703152780e-03,4.967353047075e-03,4.426257636768e+01
3415,0.000000000000e+00,25,1.000000000000e+02,1.812198597539e-04,7.226609943410e-04,1.863988856522e-03,1.293352810909e-04,4.495060350050e-03,4.921279156429e-03,3.508453455499e+01
3416,0.000000000000e+00,25,1.000000000000e+02,1.812204034311e-04,7.276786586726e-04,1.881005416046e-03,1.295802964295e-04,4.538080699259e-03,4.967762584071e-03,4.426933238737e+01
3417,0.000000000000e+00,25,1.000000000000e+02,1.812210317960e-04,7.227114232611e-04,1.864096992479e-03,1.293287318043e-04,4.495357717164e-03,4.921598960177e-03,3.665152806371e+01
3418,0.000000000000e+00,25,1.000000000000e+02,1.812216095216e-04,7.277211687082e-04,1.881096878276e-03,1.295832510739e-04,4.538327074951e-03,4.968028585167e-03,4.428886732455e+01
3419,0.000000000000e+00,25,1.000000000000e+02,1.812222227658e-04,7.227457831021e-04,1.864166129820e-03,1.293450824134e-04,4.495560248543e-03,4.921815612676e-03,3.434758452376e+01
3420,0.000000000000e+00,25,1.000000000000e+02,1.812227647931e-04,7.277490665862e-04,1.881161959182e-03,1.295807209735e-04,4.538500781840e-03,4.968215930352e-03,4.432584395516e+01
3421,0.000000000000e+00,25,1.000000000000e+02,1.812233825095e-04,7.227695255969e-04,1.864210332728e-03,1.293300868517e-04,4.495696958904e-03,4.921960317744e-03,3.434867388194e+01
3422,0.000000000000e+00,25,1.000000000000e+02,1.812239622183e-04,7.277698413428e-04,1.881199006658e-03,1.295706687881e-04,4.538614291357e-03,4.968336430691e-03,4.438301636916e+01
3423,0.000000000000e+00,25,1.000000000000e+02,1.812245882140e-04,7.227888858693e-04,1.864237379733e-03,1.293353244783e-04,4.495798245144e-03,4.922066056925e-03,3.434952428818e+01
3424,0.000000000000e+00,25,1.000000000000e+02,1.812251289539e-04,7.277868183283e-04,1.881236049257e-03,1.295820532053e-04,4.538722991855e-03,4.968452538896e-03,4.443704699444e+01
3425,0.000000000000e+00,25,1.000000000000e+02,1.812257253813e-04,7.228108825845e-04,1.864275944208e-03,1.293233969005e-04,4.495923788053e-03,4.922198250487e-03,3.435037058503e+01
3426,0.000000000000e+00,25,1.000000000000e+02,1.812262869264e-04,7.278059920033e-04,1.881279606305e-03,1.295735752602e-04,4.538845386194e-03,4.968583426921e-03,4.449979259284e+01
3427,0.000000000000e+00,25,1.000000000000e+02,1.812269170612e-04,7.228392100862e-04,1.864321150153e-03,1.293143431354e-04,4.496073339314e-03,4.922355893916e-03,3.435141440592e+01
3428,0.000000000000e+00,25,1.000000000000e+02,1.812274686391e-04,7.278335400111e-04,1.881339960444e-03,1.295885260482e-04,4.539017109158e-03,4.968767574765e-03,4.456191944571e+01
3429,0.000000000000e+00,25,1.000000000000e+02,1.812280543358e-04,7.228744491563e-04,1.864396291039e-03,1.293251193399e-04,4.496286287641e-03,4.922584317836e-03,3.435280704923e+01
3430,0.000000000000e+00,25,1.000000000000e+02,1.812285888274e-04,7.278746537324e-04,1.881432842063e-03,1.295804616632e-04,4.539272429021e-03,4.969041792102e-03,4.461450932810e+01
3431,0.000000000000e+00,25,1.000000000000e+02,1.812292027284e-04,7.229177953914e-04,1.864495500272e-03,1.293280877156e-04,4.496551415282e-03,4.922870503474e-03,3.435464199007e+01
3432,0.000000000000e+00,25,1.000000000000e+02,1.812297625763e-04,7.279300244673e-04,1.881548874739e-03,1.295812614034e-04,4.539598329645e-03,4.969391571045e-03,4.467540041344e+01
3433,0.000000000000e+00,25,1.000000000000e+02,1.812303600392e-04,7.229714021707e-04,1.864624200075e-03,1.293517230753e-04,4.496886999517e-03,4.923234263221e-03,3.435695579306e+01
3434,0.000000000000e+00,25,1.000000000000e+02,1.812308844297e-04,7.279968733663e-04,1.881700771765e-03,1.295956104636e-04,4.540008055522e-03,4.969833539320e-03,4.472680932950e+01
3435,0.000000000000e+00,25,1.000000000000e+02,1.812314762349e-04,7.230358829163e-04,1.864783607227e-03,1.293500982646e-04,4.497293935150e-03,4.923675758701e-03,3.435973603757e+01
3436,0.000000000000e+00,25,1.000000000000e+02,1.812320284171e-04,7.280713902546e-04,1.881874913230e-03,1.296051053036e-04,4.540465754870e-03,4.970328750980e-03,4.477998106765e+01
3437,0.000000000000e+00,25,1.000000000000e+02,1.812326395537e-04,7.231131115331e-04,1.864966851580e-03,1.293578011089e-04,4.497766161512e-03,4.924188036003e-03,3.436293429064e+01
3438,0.000000000000e+00,25,1.000000000000e+02,1.812331757283e-04,7.281573261260e-04,1.882075863634e-03,1.296339669582e-04,4.540992159637e-03,4.970899054229e-03,4.483273662383e+01
3439,0.000000000000e+00,25,1.000000000000e+02,1.812337563029e-04,7.231970456287e-04,1.865175733126e-03,1.293765155824e-04,4.498293806307e-03,4.924761916366e-03,3.436648219811e+01
3440,0.000000000000e+00,25,1.000000000000e+02,1.812342858792e-04,7.282534056801e-04,1.882299113003e-03,1.296475516836e-04,4.541576479820e-03,4.971531794468e-03,4.489255360633e+01
3441,0.000000000000e+00,25,1.000000000000e+02,1.812348878067e-04,7.232852384927e-04,1.865397865398e-03,1.293922859722e-04,4.498848869106e-03,4.925366406998e-03,3.437030776628e+01
3442,0.000000000000e+00,25,1.000000000000e+02,1.812354342242e-04,7.283573462210e-04,1.882533921656e-03,1.296638448994e-04,4.542196659648e-03,4.972202891835e-03,4.494522463233e+01
3443,0.000000000000e+00,25,1.000000000000e+02,1.812360232854e-04,7.233778337999e-04,1.865633051347e-03,1.294186606571e-04,4.499434658837e-03,4.926004832679e-03,3.437434952448e+01
3444,0.000000000000e+00,25,1.000000000000e+02,1.812365410728e-04,7.284654328731e-04,1.882784512071e-03,1.296911628441e-04,4.542851386431e-03,4.972912418563e-03,4.501718993963e+01
3445,0.000000000000e+00,25,1.000000000000e+02,1.812371226475e-04,7.234762456622e-04,1.865882226004e-03,1.294309908400e-04,4.500055483788e-03,4.926681042844e-03,3.437856658399e+01
3446,0.000000000000e+00,25,1.000000000000e+02,1.812376627721e-04,7.285765439881e-04,1.883043714957e-03,1.297148808402e-04,4.543523995912e-03,4.973641891474e-03,4.509847176728e+01
3447,0.000000000000e+00,25,1.000000000000e+02,1.812382662100e-04,7.235798699843e-04,1.866138238203e-03,1.294423389181e-04,4.500698403318e-03,4.927380763556e-03,3.438294395229e+01
3448,0.000000000000e+00,25,1.000000000000e+02,1.812387986929e-04,7.286915875911e-04,1.883313161013e-03,1.297494607374e-04,4.544222004506e-03,4.974399304546e-03,4.519104268140e+01
3449,0.000000000000e+00,25,1.000000000000e+02,1.812393757545e-04,7.236871234509e-04,1.866409166268e-03,1.294646433049e-04,4.501373278400e-03,4.928116142497e-03,3.438749148641e+01
3450,0.000000000000e+00,25,1.000000000000e+02,1.812399011088e-04,7.288129477810e-04,1.883598501936e-03,1.297715872819e-04,4.544959313562e-03,4.975199237834e-03,4.530887481140e+01
3451,0.000000000000e+00,25,1.000000000000e+02,1.812405001565e-04,7.237983553213e-04,1.866691325200e-03,1.294805611914e-04,4.502072213659e-03,4.928878168049e-03,3.439223900110e+01
3452,0.000000000000e+00,25,1.000000000000e+02,1.812410460616e-04,7.289413310080e-04,1.883894868987e-03,1.297945527354e-04,4.545729976715e-03,4.976034866093e-03,4.542079327939e+01
3453,0.000000000000e+00,25,1.000000000000e+02,1.812416366589e-04,7.239153041493e-04,1.866988792495e-03,1.295105970367e-04,4.502808581159e-03,4.929681392564e-03,3.439722837324e+01
3454,0.000000000000e+00,25,1.000000000000e+02,1.812421558242e-04,7.290764421376e-04,1.884212700300e-03,1.298264194715e-04,4.546550543537e-03,4.976925426665e-03,4.553039791057e+01
3455,0.000000000000e+00,25,1.000000000000e+02,1.812427386474e-04,7.240419757493e-04,1.867307146997e-03,1.295225924760e-04,4.503601073739e-03,4.930544746498e-03,3.440250338419e+01
3456,0.000000000000e+00,25,1.000000000000e+02,1.812432779838e-04,7.292133065324e-04,1.884543237469e-03,1.298530897791e-04,4.547395371982e-03,4.977843082537e-03,4.552428885882e+01
3457,0.000000000000e+00,25,1.000000000000e+02,1.812438765536e-04,7.241784776100e-04,1.867641236068e-03,1.295530543433e-04,4.504442675252e-03,4.931460844680e-03,3.440810030481e+01
3458,0.000000000000e+00,25,1.000000000000e+02,1.812444011713e-04,7.293636041574e-04,1.884897850011e-03,1.298908125734e-04,4.548309912875e-03,4.978835793516e-03,4.562082230044e+01
3459,0.000000000000e+00,25,1.000000000000e+02,1.812449720219e-04,7.243199722956e-04,1.868002621031e-03,1.295800254634e-04,4.505336429715e-03,4.932435558865e-03,3.441405426521e+01
3460,0.000000000000e+00,25,1.000000000000e+02,1.812454941423e-04,7.295232800217e-04,1.885276222915e-03,1.299184377032e-04,4.549282583232e-03,4.979891713214e-03,4.572498113942e+01
3461,0.000000000000e+00,25,1.000000000000e+02,1.812460883728e-04,7.244689498563e-04,1.868380861532e-03,1.296013188304e-04,4.506272548630e-03,4.933456302373e-03,3.442037384903e+01
3462,0.000000000000e+00,25,1.000000000000e+02,1.812466216254e-04,7.296927505318e-04,1.885674829679e-03,1.299513860408e-04,4.550308597561e-03,4.981005598193e-03,4.581069318603e+01
3463,0.000000000000e+00,25,1.000000000000e+02,1.812471966566e-04,7.246268197482e-04,1.868782731332e-03,1.296395630276e-04,4.507265518618e-03,4.934539674220e-03,3.442703476027e+01
3464,0.000000000000e+00,25,1.000000000000e+02,1.812477051400e-04,7.298701525248e-04,1.886096798248e-03,1.299873704565e-04,4.551388455154e-03,4.982178756137e-03,4.588690015428e+01
3465,0.000000000000e+00,25,1.000000000000e+02,1.812482800639e-04,7.247914254128e-04,1.869202504062e-03,1.296681498421e-04,4.508300261543e-03,4.935668717495e-03,3.443399197195e+01
3466,0.000000000000e+00,25,1.000000000000e+02,1.812488065026e-04,7.300529764183e-04,1.886530667551e-03,1.300207042369e-04,4.552496823888e-03,4.983383190467e-03,4.595478973573e+01
3467,0.000000000000e+00,25,1.000000000000e+02,1.812493876007e-04,7.249613909394e-04,1.869631582357e-03,1.297027272884e-04,4.509361297060e-03,4.936826245372e-03,3.444117592064e+01
3468,0.000000000000e+00,25,1.000000000000e+02,1.812498992335e-04,7.302390786058e-04,1.886975098865e-03,1.300629730414e-04,4.553628231972e-03,4.984613383968e-03,4.602664735434e+01
3469,0.000000000000e+00,25,1.000000000000e+02,1.812504657595e-04,7.251341128464e-04,1.870069794099e-03,1.297374897264e-04,4.510442699893e-03,4.938006245609e-03,3.444849749722e+01
3470,0.000000000000e+00,25,1.000000000000e+02,1.812509829380e-04,7.304266104832e-04,1.887424101908e-03,1.300972409200e-04,4.554767683716e-03,4.985852657117e-03,4.606869332017e+01
3471,0.000000000000e+00,25,1.000000000000e+02,1.812515642831e-04,7.253075476496e-04,1.870506978605e-03,1.297710646196e-04,4.511523127300e-03,4.939185039363e-03,3.445587003708e+01
3472,0.000000000000e+00,25,1.000000000000e+02,1.812520833126e-04,7.306065806113e-04,1.887851244860e-03,1.301356683442e-04,4.555856111459e-03,4.987036043468e-03,4.611088863773e+01
3473,0.000000000000e+00,25,1.000000000000e+02,1.812526457605e-04,7.254646704885e-04,1.870902797290e-03,1.298076391717e-04,4.512504547627e-03,4.940255416532e-03,3.446247933808e+01
3474,0.000000000000e+00,25,1.000000000000e+02,1.812531410513e-04,7.307574454907e-04,1.888204759676e-03,1.301684246736e-04,4.556766099268e-03,4.988024133945e-03,4.614620011831e+01
3475,0.000000000000e+00,25,1.000000000000e+02,1.812536985081e-04,7.255813129087e-04,1.871193883581e-03,1.298347145222e-04,4.513235132249e-03,4.941050819781e-03,3.446713503008e+01
3476,0.000000000000e+00,25,1.000000000000e+02,1.812542045531e-04,7.308715976218e-04,1.888465685834e-03,1.301944167206e-04,4.557449734971e-03,4.988764838285e-03,4.617660233128e+01
3477,0.000000000000e+00,25,1.000000000000e+02,1.812547704080e-04,7.256716158970e-04,1.871414618404e-03,1.298598017069e-04,4.513798021449e-03,4.941662484896e-03,3.447048434477e+01
3478,0.000000000000e+00,25,1.000000000000e+02,1.812552758243e-04,7.309627590582e-04,1.888670671863e-03,1.302200807298e-04,4.557994898041e-03,4.989354489498e-03,4.620539820152e+01
3479,0.000000000000e+00,25,1.000000000000e+02,1.812558400036e-04,7.257458803062e-04,1.871593831203e-03,1.298811256885e-04,4.514261278037e-03,4.942164965374e-03,3.447306103663e+01
3480,0.000000000000e+00,25,1.000000000000e+02,1.812563485162e-04,7.310400936664e-04,1.888842646788e-03,1.302405607083e-04,4.558456085760e-03,4.989852768602e-03,4.623320391112e+01
3481,0.000000000000e+00,25,1.000000000000e+02,1.812569175345e-04,7.258109856077e-04,1.871747510803e-03,1.298988419097e-04,4.514663956648e-03,4.942601003683e-03,3.447520358107e+01
3482,0.000000000000e+00,25,1.000000000000e+02,1.812574272990e-04,7.311093430954e-04,1.888995151037e-03,1.302607489716e-04,4.558867529319e-03,4.990297041740e-03,4.625915870355e+01
3483,0.000000000000e+00,25,1.000000000000e+02,1.812579923027e-04,7.258711879845e-04,1.871888196567e-03,1.299182192889e-04,4.515035691502e-03,4.943003180378e-03,3.447713048755e+01
3484,0.000000000000e+00,25,1.000000000000e+02,1.812584978095e-04,7.311741177115e-04,1.889139070463e-03,1.302794820740e-04,4.559254694045e-03,4.990715191891e-03,4.627656717230e+01
3485,0.000000000000e+00,25,1.000000000000e+02,1.812590638510e-04,7.259295223283e-04,1.872023251236e-03,1.299337571681e-04,4.515393804111e-03,4.943390406594e-03,3.447897975062e+01
3486,0.000000000000e+00,25,1.000000000000e+02,1.812595736011e-04,7.312368682740e-04,1.889278607642e-03,1.302962108027e-04,4.559629494604e-03,4.991120039172e-03,4.629804666542e+01
3487,0.000000000000e+00,25,1.000000000000e+02,1.812601398040e-04,7.259877913009e-04,1.872156470876e-03,1.299516169227e-04,4.515748602014e-03,4.943773961651e-03,3.448083514525e+01
3488,0.000000000000e+00,25,1.000000000000e+02,1.812606428142e-04,7.312993157582e-04,1.889418607103e-03,1.303155485981e-04,4.560004155255e-03,4.991524957390e-03,4.631840589693e+01
3489,0.000000000000e+00,25,1.000000000000e+02,1.812612013345e-04,7.260470199332e-04,1.872292528949e-03,1.299691985687e-04,4.516109663135e-03,4.944164446209e-03,3.448274397428e+01
3490,0.000000000000e+00,25,1.000000000000e+02,1.812617027665e-04,7.313624214582e-04,1.889561209201e-03,1.303315922967e-04,4.560383751323e-03,4.991935380003e-03,4.633645160489e+01
3491,0.000000000000e+00,25,1.000000000000e+02,1.812622615928e-04,7.261077192741e-04,1.872431089599e-03,1.299860212289e-04,4.516477296852e-03,4.944562078079e-03,3.448472847794e+01
3492,0.000000000000e+00,25,1.000000000000e+02,1.812627500936e-04,7.314266348859e-04,1.889706455420e-03,1.303499304180e-04,4.560769951512e-03,4.992353058914e-03,4.635228802014e+01
3493,0.000000000000e+00,25,1.000000000000e+02,1.812632918864e-04,7.261696961031e-04,1.872573816492e-03,1.300064910668e-04,4.516854422129e-03,4.944970240979e-03,3.448679405656e+01
3494,0.000000000000e+00,25,1.000000000000e+02,1.812637735970e-04,7.314924451566e-04,1.889856405874e-03,1.303672767946e-04,4.561166949834e-03,4.992782591227e-03,4.636538936112e+01
3495,0.000000000000e+00,25,1.000000000000e+02,1.812643153047e-04,7.262332289163e-04,1.872720234300e-03,1.300236094961e-04,4.517240083514e-03,4.945387739083e-03,3.448893544970e+01
3496,0.000000000000e+00,25,1.000000000000e+02,1.812648003255e-04,7.315611292601e-04,1.890008805639e-03,1.303751456149e-04,4.561574701561e-03,4.993223048067e-03,4.651861294821e+01
3497,0.000000000000e+00,25,1.000000000000e+02,1.812653438904e-04,7.262964921217e-04,1.872868680210e-03,1.300584947980e-04,4.517629437211e-03,4.945809805462e-03,3.449114154554e+01
3498,0.000000000000e+00,25,1.000000000000e+02,1.812658199285e-04,7.316288049218e-04,1.890162198065e-03,1.303893317043e-04,4.561983259224e-03,4.993664634159e-03,4.656151376372e+01
3499,0.000000000000e+00,25,1.000000000000e+02,1.812663462031e-04,7.263619921515e-04,1.873019755096e-03,1.300734438962e-04,4.518029185775e-03,4.946242166630e-03,3.449339908482e+01
3500,0.000000000000e+00,25,1.000000000000e+02,1.812668139017e-04,7.316967075653e-04,1.890317114303e-03,1.304037671964e-04,4.562394286890e-03,4.994109093325e-03,4.654528291120e+01
3501,0.000000000000e+00,25,1.000000000000e+02,1.812673435466e-04,7.264282320456e-04,1.873170375633e-03,1.300895585002e-04,4.518429512274e-03,4.946675022991e-03,3.449569548206e+01
3502,0.000000000000e+00,25,1.000000000000e+02,1.812678149345e-04,7.317653473172e-04,1.890471890307e-03,1.304209905213e-04,4.562806256706e-03,4.994554540956e-03,4.652519207253e+01
3503,0.000000000000e+00,25,1.000000000000e+02,1.812683445131e-04,7.264951376801e-04,1.873322320826e-03,1.301057983642e-04,4.518833510301e-03,4.947111835745e-03,3.449802104394e+01
3504,0.000000000000e+00,25,1.000000000000e+02,1.812688149989e-04,7.318334816043e-04,1.890627260310e-03,1.304370273069e-04,4.563217634672e-03,4.994999567738e-03,4.650247526641e+01
3505,0.000000000000e+00,25,1.000000000000e+02,1.812693366422e-04,7.265619960206e-04,1.873474047194e-03,1.301213890137e-04,4.519236424171e-03,4.947547551364e-03,3.450036906364e+01
3506,0.000000000000e+00,25,1.000000000000e+02,1.812697870626e-04,7.319023186923e-04,1.890782545342e-03,1.304536002821e-04,4.563629649216e-03,4.995445260926e-03,4.647799011352e+01
3507,0.000000000000e+00,25,1.000000000000e+02,1.812702824082e-04,7.266286464396e-04,1.873625781970e-03,1.301392035951e-04,4.519638704742e-03,4.947982719695e-03,3.450273539137e+01
3508,0.000000000000e+00,25,1.000000000000e+02,1.812707144360e-04,7.319704730690e-04,1.890938250125e-03,1.304706188035e-04,4.564040372495e-03,4.995889844999e-03,4.645332565057e+01
3509,0.000000000000e+00,25,1.000000000000e+02,1.812712095340e-04,7.266955125625e-04,1.873777635458e-03,1.301547599019e-04,4.520041184582e-03,4.948418087325e-03,3.450511908427e+01
3510,0.000000000000e+00,25,1.000000000000e+02,1.812716561140e-04,7.320384534405e-04,1.891093323823e-03,1.304859032595e-04,4.564448729078e-03,4.996331957351e-03,4.642951743637e+01
3511,0.000000000000e+00,25,1.000000000000e+02,1.812721689955e-04,7.267624528339e-04,1.873928893284e-03,1.301717393863e-04,4.520442590595e-03,4.948852296900e-03,3.450752141367e+01
3512,0.000000000000e+00,25,1.000000000000e+02,1.812726293008e-04,7.321068135404e-04,1.891248797674e-03,1.304928586106e-04,4.564858528997e-03,4.996775377886e-03,4.640592937041e+01
3513,0.000000000000e+00,25,1.000000000000e+02,1.812731535348e-04,7.268305627969e-04,1.874080865010e-03,1.301785586477e-04,4.520847685566e-03,4.949290050990e-03,3.450994496994e+01
3514,0.000000000000e+00,25,1.000000000000e+02,1.812736255454e-04,7.321776745762e-04,1.891405365605e-03,1.304834774710e-04,4.565275615993e-03,4.997225809593e-03,4.638169986705e+01
3515,0.000000000000e+00,25,1.000000000000e+02,1.812741583439e-04,7.268989664460e-04,1.874232422152e-03,1.301884667601e-04,4.521252419569e-03,4.949727442800e-03,3.451239250793e+01
3516,0.000000000000e+00,25,1.000000000000e+02,1.812746302594e-04,7.322463808046e-04,1.891561414751e-03,1.304930950069e-04,4.565685825446e-03,4.997669942333e-03,4.634917064889e+01
3517,0.000000000000e+00,25,1.000000000000e+02,1.812751547816e-04,7.269667662548e-04,1.874384943289e-03,1.302051145813e-04,4.521656771680e-03,4.950164939435e-03,3.451486607791e+01
3518,0.000000000000e+00,25,1.000000000000e+02,1.812756162285e-04,7.323135479308e-04,1.891718503148e-03,1.305071698888e-04,4.566093220080e-03,4.998111787814e-03,4.631634431164e+01
3519,0.000000000000e+00,25,1.000000000000e+02,1.812761333905e-04,7.270348908868e-04,1.874539980772e-03,1.302217919496e-04,4.522065133534e-03,4.950607100054e-03,3.451736641829e+01
3520,0.000000000000e+00,25,1.000000000000e+02,1.812765896037e-04,7.323805099019e-04,1.891877449704e-03,1.305189048394e-04,4.566501829818e-03,4.998555355524e-03,4.628199720106e+01
3521,0.000000000000e+00,25,1.000000000000e+02,1.812771001157e-04,7.271031675840e-04,1.874693352763e-03,1.302376238949e-04,4.522471113726e-03,4.951046454677e-03,3.451989311493e+01
3522,0.000000000000e+00,25,1.000000000000e+02,1.812775492217e-04,7.324469809624e-04,1.892033234433e-03,1.305324426317e-04,4.566904451379e-03,4.998992231113e-03,4.624565353342e+01
3523,0.000000000000e+00,25,1.000000000000e+02,1.812780565664e-04,7.271715895001e-04,1.874845701959e-03,1.302543098986e-04,4.522875950474e-03,4.951484421398e-03,3.452244441683e+01
3524,0.000000000000e+00,25,1.000000000000e+02,1.812785082853e-04,7.325129870107e-04,1.892188986458e-03,1.305445498061e-04,4.567305224140e-03,4.999427299857e-03,4.620702859686e+01
3525,0.000000000000e+00,25,1.000000000000e+02,1.812790208262e-04,7.272400042187e-04,1.874997613939e-03,1.302703637302e-04,4.523279718654e-03,4.951921228864e-03,3.452501744795e+01
3526,0.000000000000e+00,25,1.000000000000e+02,1.812794757880e-04,7.325784588797e-04,1.892343757636e-03,1.305559899845e-04,4.567702586152e-03,4.999858785759e-03,4.616822818547e+01
3527,0.000000000000e+00,25,1.000000000000e+02,1.812799684606e-04,7.273082012533e-04,1.875148411568e-03,1.302871263156e-04,4.523681183038e-03,4.952355496738e-03,3.452760856365e+01
3528,0.000000000000e+00,25,1.000000000000e+02,1.812803716650e-04,7.326432124997e-04,1.892497648170e-03,1.305668437298e-04,4.568096212032e-03,5.000286404619e-03,4.612855043256e+01
3529,0.000000000000e+00,25,1.000000000000e+02,1.812808065750e-04,7.273759030017e-04,1.875297788901e-03,1.303021808500e-04,4.524078910162e-03,4.952785695448e-03,3.453021374340e+01
3530,0.000000000000e+00,25,1.000000000000e+02,1.812812082114e-04,7.327070705950e-04,1.892649484919e-03,1.305767948715e-04,4.568484007530e-03,5.000707764955e-03,4.608680494681e+01
3531,0.000000000000e+00,25,1.000000000000e+02,1.812816404196e-04,7.274431855017e-04,1.875445467902e-03,1.303177407493e-04,4.524472808101e-03,4.953211705147e-03,3.453282896971e+01
3532,0.000000000000e+00,25,1.000000000000e+02,1.812820394256e-04,7.327703359026e-04,1.892800181176e-03,1.305878822342e-04,4.568867887949e-03,5.001125059780e-03,4.604471071776e+01
3533,0.000000000000e+00,25,1.000000000000e+02,1.812824712729e-04,7.275097959981e-04,1.875592015290e-03,1.303324161085e-04,4.524863012425e-03,4.953633790562e-03,3.453545027954e+01
3534,0.000000000000e+00,25,1.000000000000e+02,1.812828716506e-04,7.328323486867e-04,1.892948861831e-03,1.305979153211e-04,4.569245133649e-03,5.001535319444e-03,4.600384330629e+01
3535,0.000000000000e+00,25,1.000000000000e+02,1.812833039971e-04,7.275756461080e-04,1.875736144651e-03,1.303459842655e-04,4.525247087887e-03,4.954049221314e-03,3.453807386467e+01
3536,0.000000000000e+00,25,1.000000000000e+02,1.812837032797e-04,7.328957398876e-04,1.893096204050e-03,1.306054761132e-04,4.569624706385e-03,5.001947335881e-03,4.596449143845e+01
3537,0.000000000000e+00,25,1.000000000000e+02,1.812841346235e-04,7.276427902510e-04,1.875881953122e-03,1.303599920126e-04,4.525636178533e-03,4.954470070574e-03,3.454081065072e+01
3538,0.000000000000e+00,25,1.000000000000e+02,1.812845350766e-04,7.329589605823e-04,1.893241925494e-03,1.306122446970e-04,4.569998077462e-03,5.002353027608e-03,4.592571323347e+01
3539,0.000000000000e+00,25,1.000000000000e+02,1.812849695438e-04,7.277089272271e-04,1.876023993520e-03,1.303718479081e-04,4.526019331042e-03,4.954883864504e-03,3.454353571439e+01
3540,0.000000000000e+00,25,1.000000000000e+02,1.812853724244e-04,7.330213697491e-04,1.893385883739e-03,1.306202441027e-04,4.570364599128e-03,5.002751707849e-03,4.588676533148e+01
3541,0.000000000000e+00,25,1.000000000000e+02,1.812858065818e-04,7.277740288539e-04,1.876163527982e-03,1.303834604145e-04,4.526395809033e-03,4.955290454412e-03,3.454623566525e+01
3542,0.000000000000e+00,25,1.000000000000e+02,1.812862073457e-04,7.330830477948e-04,1.893529366354e-03,1.306288299680e-04,4.570729480662e-03,5.003148617902e-03,4.585004385408e+01
3543,0.000000000000e+00,25,1.000000000000e+02,1.812866400428e-04,7.278394352156e-04,1.876303106355e-03,1.303942474025e-04,4.526771431490e-03,4.955696302547e-03,3.454894165317e+01
3544,0.000000000000e+00,25,1.000000000000e+02,1.812870408362e-04,7.331436950886e-04,1.893671658869e-03,1.306361173127e-04,4.571091012492e-03,5.003541832431e-03,4.581423982283e+01
3545,0.000000000000e+00,25,1.000000000000e+02,1.812874736943e-04,7.279048592697e-04,1.876442119023e-03,1.304051002654e-04,4.527145268539e-03,4.956100310005e-03,3.455165260963e+01
3546,0.000000000000e+00,25,1.000000000000e+02,1.812878737573e-04,7.332036841580e-04,1.893812998995e-03,1.306436636393e-04,4.571450071286e-03,5.003932337545e-03,4.577836509342e+01
3547,0.000000000000e+00,25,1.000000000000e+02,1.812883060658e-04,7.279700041241e-04,1.876580671047e-03,1.304163957214e-04,4.527517484710e-03,4.956502633155e-03,3.455435767903e+01
3548,0.000000000000e+00,25,1.000000000000e+02,1.812887075285e-04,7.332628796285e-04,1.893953323021e-03,1.306502181931e-04,4.571805974816e-03,5.004319433379e-03,4.574238111954e+01
3549,0.000000000000e+00,25,1.000000000000e+02,1.812891431251e-04,7.280346653101e-04,1.876717879043e-03,1.304271702432e-04,4.527886338386e-03,4.956901291280e-03,3.455704644702e+01
3550,0.000000000000e+00,25,1.000000000000e+02,1.812895478109e-04,7.333212550067e-04,1.894091787721e-03,1.306566421716e-04,4.572157232837e-03,5.004701457958e-03,4.570480665364e+01
3551,0.000000000000e+00,25,1.000000000000e+02,1.812899851229e-04,7.280985251385e-04,1.876852962157e-03,1.304393482736e-04,4.528250186511e-03,4.957294491865e-03,3.455971050828e+01
3552,0.000000000000e+00,25,1.000000000000e+02,1.812903906713e-04,7.333784981163e-04,1.894228142569e-03,1.306625109856e-04,4.572502614871e-03,5.005077135507e-03,4.566458770205e+01
3553,0.000000000000e+00,25,1.000000000000e+02,1.812908293160e-04,7.281615492724e-04,1.876986075591e-03,1.304501464757e-04,4.528609158378e-03,4.957682333497e-03,3.456234302228e+01
3554,0.000000000000e+00,25,1.000000000000e+02,1.812912364708e-04,7.334343806990e-04,1.894361958320e-03,1.306674838776e-04,4.572840847527e-03,5.005445097898e-03,4.562057444621e+01
3555,0.000000000000e+00,25,1.000000000000e+02,1.812916755021e-04,7.282234360696e-04,1.877116018454e-03,1.304618918518e-04,4.528960874684e-03,4.958062205058e-03,3.456493826041e+01
3556,0.000000000000e+00,25,1.000000000000e+02,1.812920811839e-04,7.334885198856e-04,1.894492223453e-03,1.306721069900e-04,4.573169167928e-03,5.005802396376e-03,4.557212974983e+01
3557,0.000000000000e+00,25,1.000000000000e+02,1.812925180922e-04,7.282839565684e-04,1.877242300405e-03,1.304737429794e-04,4.529303920494e-03,4.958432572662e-03,3.456749154598e+01
3558,0.000000000000e+00,25,1.000000000000e+02,1.812929226140e-04,7.335309859828e-04,1.894616588563e-03,1.306935555325e-04,4.573459366124e-03,5.006121363301e-03,4.551893351557e+01
3559,0.000000000000e+00,25,1.000000000000e+02,1.812933594101e-04,7.283501409092e-04,1.877363847115e-03,1.304595453529e-04,4.529654194705e-03,4.958807896944e-03,3.456999994556e+01
3560,0.000000000000e+00,25,1.000000000000e+02,1.812937637079e-04,7.335788833085e-04,1.894740020170e-03,1.306997123041e-04,4.573759935108e-03,5.006449848033e-03,4.546393777303e+01
3561,0.000000000000e+00,25,1.000000000000e+02,1.812941997074e-04,7.284075674331e-04,1.877480762315e-03,1.304701718274e-04,4.529973757076e-03,4.959152780737e-03,3.457246235477e+01
3562,0.000000000000e+00,25,1.000000000000e+02,1.812946036618e-04,7.336256159501e-04,1.894858661427e-03,1.307006939574e-04,4.574049898727e-03,5.006766525274e-03,4.540456813291e+01
3563,0.000000000000e+00,25,1.000000000000e+02,1.812950410055e-04,7.284631787746e-04,1.877592577384e-03,1.304812713214e-04,4.530280989938e-03,4.959484217077e-03,3.457487899946e+01
3564,0.000000000000e+00,25,1.000000000000e+02,1.812954471445e-04,7.336710470821e-04,1.894973358246e-03,1.307045718391e-04,4.574329300487e-03,5.007071945576e-03,4.543834021486e+01
3565,0.000000000000e+00,25,1.000000000000e+02,1.812958864989e-04,7.285170567625e-04,1.877700088720e-03,1.304836646368e-04,4.530576022336e-03,4.959802395870e-03,3.457725133720e+01
3566,0.000000000000e+00,25,1.000000000000e+02,1.812962948301e-04,7.337137546107e-04,1.895081809552e-03,1.307073919877e-04,4.574592760017e-03,5.007360011115e-03,4.543108269502e+01
3567,0.000000000000e+00,25,1.000000000000e+02,1.812967363110e-04,7.285685461410e-04,1.877800865464e-03,1.304947106212e-04,4.530856280510e-03,4.960104406250e-03,3.457958159925e+01
3568,0.000000000000e+00,25,1.000000000000e+02,1.812971473343e-04,7.337537660134e-04,1.895184990231e-03,1.307054131516e-04,4.574840862253e-03,5.007631531603e-03,4.529907644152e+01
3569,0.000000000000e+00,25,1.000000000000e+02,1.812975930991e-04,7.286185029991e-04,1.877897003755e-03,1.305062866059e-04,4.531125923856e-03,4.960394753275e-03,3.458187212324e+01
3570,0.000000000000e+00,25,1.000000000000e+02,1.812980088739e-04,7.337913301929e-04,1.895283591211e-03,1.307035643961e-04,4.575075132757e-03,5.007888327379e-03,4.519801568404e+01
3571,0.000000000000e+00,25,1.000000000000e+02,1.812984588024e-04,7.286667825601e-04,1.877990047949e-03,1.305181247740e-04,4.531385915919e-03,4.960674873451e-03,3.458412243147e+01
3572,0.000000000000e+00,25,1.000000000000e+02,1.812988779346e-04,7.338273084910e-04,1.895380667798e-03,1.307021956210e-04,4.575301494823e-03,5.008137101460e-03,4.511569262759e+01
3573,0.000000000000e+00,25,1.000000000000e+02,1.812993302396e-04,7.287131576284e-04,1.878078582800e-03,1.305226734163e-04,4.531633418704e-03,4.960941406534e-03,3.458633290148e+01
3574,0.000000000000e+00,25,1.000000000000e+02,1.812997510077e-04,7.338600619520e-04,1.895468611166e-03,1.307002698515e-04,4.575507858532e-03,5.008363661963e-03,4.503704209681e+01
3575,0.000000000000e+00,25,1.000000000000e+02,1.813002039405e-04,7.287573311119e-04,1.878160727521e-03,1.305290419409e-04,4.531866994382e-03,4.961192523135e-03,3.458850390809e+01
3576,0.000000000000e+00,25,1.000000000000e+02,1.813006238227e-04,7.338912349537e-04,1.895552740382e-03,1.306970151103e-04,4.575704522876e-03,5.008579651632e-03,4.496478972743e+01
3577,0.000000000000e+00,25,1.000000000000e+02,1.813010750544e-04,7.287998665406e-04,1.878239582627e-03,1.305343043338e-04,4.532091144914e-03,4.961433515188e-03,3.459063512236e+01
3578,0.000000000000e+00,25,1.000000000000e+02,1.813014932541e-04,7.339210350897e-04,1.895633243832e-03,1.306943615111e-04,4.575892722871e-03,5.008786350826e-03,4.489727070319e+01
3579,0.000000000000e+00,25,1.000000000000e+02,1.813019427715e-04,7.288409386415e-04,1.878315403327e-03,1.305386224175e-04,4.532307226160e-03,4.961665747757e-03,3.459272456025e+01
3580,0.000000000000e+00,25,1.000000000000e+02,1.813023587814e-04,7.339496216083e-04,1.895710609715e-03,1.306916594001e-04,4.576073955377e-03,5.008985318182e-03,4.483382346130e+01
3581,0.000000000000e+00,25,1.000000000000e+02,1.813028058893e-04,7.288805168118e-04,1.878388433265e-03,1.305426588007e-04,4.532515684127e-03,4.961889733422e-03,3.459476645177e+01
3582,0.000000000000e+00,25,1.000000000000e+02,1.813032201580e-04,7.339772241049e-04,1.895784603792e-03,1.306885854071e-04,4.576248781180e-03,5.009177002571e-03,4.477441780504e+01
3583,0.000000000000e+00,25,1.000000000000e+02,1.813036665352e-04,7.289187031875e-04,1.878458803875e-03,1.305470568778e-04,4.532717091987e-03,4.962106077439e-03,3.459675062556e+01
3584,0.000000000000e+00,25,1.000000000000e+02,1.813040806373e-04,7.340040725456e-04,1.895856292853e-03,1.306860536942e-04,4.576419296043e-03,5.009363779911e-03,4.471831391212e+01
3585,0.000000000000e+00,25,1.000000000000e+02,1.813045269673e-04,7.289553856875e-04,1.878526863435e-03,1.305511064670e-04,4.532911705735e-03,4.962315110345e-03,3.459866353616e+01
3586,0.000000000000e+00,25,1.000000000000e+02,1.813049414042e-04,7.340299780602e-04,1.895924664047e-03,1.306832718585e-04,4.576583836079e-03,5.009543698445e-03,4.466557590396e+01
3587,0.000000000000e+00,25,1.000000000000e+02,1.813053889478e-04,7.289903327992e-04,1.878591549684e-03,1.305550105068e-04,4.533097631298e-03,4.962514671163e-03,3.460048983288e+01
3588,0.000000000000e+00,25,1.000000000000e+02,1.813058055542e-04,7.340548314386e-04,1.895989388631e-03,1.306807244434e-04,4.576741602722e-03,5.009715900846e-03,4.461563809496e+01
3589,0.000000000000e+00,25,1.000000000000e+02,1.813062557006e-04,7.290232393132e-04,1.878652447983e-03,1.305587189939e-04,4.533273521480e-03,4.962703326155e-03,3.460221391836e+01
3590,0.000000000000e+00,25,1.000000000000e+02,1.813066749361e-04,7.340783094021e-04,1.896049680868e-03,1.306784216205e-04,4.576890630686e-03,5.009878247203e-03,4.456812365749e+01
3591,0.000000000000e+00,25,1.000000000000e+02,1.813071278480e-04,7.290538768249e-04,1.878708705875e-03,1.305626057289e-04,4.533437706651e-03,4.962879203743e-03,3.460382147339e+01
3592,0.000000000000e+00,25,1.000000000000e+02,1.813075502870e-04,7.341001974456e-04,1.896105114865e-03,1.306763995172e-04,4.577029660183e-03,5.010029394933e-03,4.452284057096e+01
3593,0.000000000000e+00,25,1.000000000000e+02,1.813080067277e-04,7.290819816080e-04,1.878759766851e-03,1.305665183868e-04,4.533588687961e-03,4.963040681354e-03,3.460530087685e+01
3594,0.000000000000e+00,25,1.000000000000e+02,1.813084325911e-04,7.341200493207e-04,1.896154854149e-03,1.306740258559e-04,4.577156199296e-03,5.010166669035e-03,4.447971669464e+01
3595,0.000000000000e+00,25,1.000000000000e+02,1.813088920670e-04,7.291077165943e-04,1.878804889620e-03,1.305696974832e-04,4.533725810016e-03,4.963186883643e-03,3.460664433369e+01
3596,0.000000000000e+00,25,1.000000000000e+02,1.813093207794e-04,7.341375919193e-04,1.896198148708e-03,1.306717680324e-04,4.577268388702e-03,5.010288059204e-03,4.443899691088e+01
3597,0.000000000000e+00,25,1.000000000000e+02,1.813097831100e-04,7.291301864509e-04,1.878843745079e-03,1.305722762028e-04,4.533846058994e-03,4.963314804964e-03,3.460784852005e+01
3598,0.000000000000e+00,25,1.000000000000e+02,1.813102145099e-04,7.341533887897e-04,1.896235641380e-03,1.306695275922e-04,4.577368086628e-03,5.010395586362e-03,4.440113218996e+01
3599,0.000000000000e+00,25,1.000000000000e+02,1.813106790568e-04,7.291499262962e-04,1.878876646014e-03,1.305748004788e-04,4.533951185933e-03,4.963426256217e-03,3.460891507863e+01
3600,0.000000000000e+00,25,1.000000000000e+02,1.813111121985e-04,7.341668005569e-04,1.896267154624e-03,1.306671617509e-04,4.577453472570e-03,5.010487422741e-03,4.436579719155e+01
3601,0.000000000000e+00,25,1.000000000000e+02,1.813115783807e-04,7.291669718159e-04,1.878903337962e-03,1.305765260427e-04,4.534040792177e-03,4.963520762571e-03,3.460984973070e+01
3602,0.000000000000e+00,25,1.000000000000e+02,1.813120131160e-04,7.341780418430e-04,1.896292452252e-03,1.306647953419e-04,4.577524827060e-03,5.010563769944e-03,4.433357250572e+01
3603,0.000000000000e+00,25,1.000000000000e+02,1.813124805369e-04,7.291814761780e-04,1.878924166626e-03,1.305778375836e-04,4.534115829624e-03,4.963599357044e-03,3.461066136293e+01
3604,0.000000000000e+00,25,1.000000000000e+02,1.813129161315e-04,7.341872258175e-04,1.896312274785e-03,1.306624739640e-04,4.577583466797e-03,5.010626128903e-03,4.430476663706e+01
3605,0.000000000000e+00,25,1.000000000000e+02,1.813133841879e-04,7.291936940074e-04,1.878939731671e-03,1.305787682948e-04,4.534177796291e-03,4.963663673310e-03,3.461136149524e+01
3606,0.000000000000e+00,25,1.000000000000e+02,1.813138202678e-04,7.341945720560e-04,1.896327077205e-03,1.306597190547e-04,4.577630467453e-03,5.010675674210e-03,4.427933403386e+01
3607,0.000000000000e+00,25,1.000000000000e+02,1.813142883356e-04,7.292038493422e-04,1.878950587581e-03,1.305791792653e-04,4.534228081632e-03,4.963715219751e-03,3.461196311987e+01
3608,0.000000000000e+00,25,1.000000000000e+02,1.813147248467e-04,7.342004182257e-04,1.896337529366e-03,1.306567403891e-04,4.577667700983e-03,5.010714424494e-03,4.425854904863e+01
3609,0.000000000000e+00,25,1.000000000000e+02,1.813151941976e-04,7.292122629334e-04,1.878957134426e-03,1.305791431832e-04,4.534268124743e-03,4.963755511417e-03,3.461247934258e+01
3610,0.000000000000e+00,25,1.000000000000e+02,1.813156312003e-04,7.342048539822e-04,1.896344081005e-03,1.306535406896e-04,4.577696301490e-03,5.010743599262e-03,4.424089148231e+01
3611,0.000000000000e+00,25,1.000000000000e+02,1.813160998787e-04,7.292193443261e-04,1.878960768815e-03,1.305791359804e-04,4.534300816596e-03,4.963787790490e-03,3.461292235269e+01
3612,0.000000000000e+00,25,1.000000000000e+02,1.813165361419e-04,7.342087484300e-04,1.896348610840e-03,1.306504801826e-04,4.577720531573e-03,5.010767940473e-03,4.422825224135e+01
3613,0.000000000000e+00,25,1.000000000000e+02,1.813170047421e-04,7.292253945224e-04,1.878961839730e-03,1.305792800163e-04,4.534327354992e-03,4.963813330674e-03,3.461330282175e+01
3614,0.000000000000e+00,25,1.000000000000e+02,1.813174416011e-04,7.342118061058e-04,1.896350471787e-03,1.306480953487e-04,4.577739373071e-03,5.010786243760e-03,4.421771742707e+01
3615,0.000000000000e+00,25,1.000000000000e+02,1.813179111703e-04,7.292304231303e-04,1.878960361463e-03,1.305799773431e-04,4.534348190937e-03,4.963832561348e-03,3.461362954912e+01
3616,0.000000000000e+00,25,1.000000000000e+02,1.813183492434e-04,7.342145407651e-04,1.896350858090e-03,1.306445066136e-04,4.577755153084e-03,5.010801113349e-03,4.420753723351e+01
3617,0.000000000000e+00,25,1.000000000000e+02,1.813188203825e-04,7.292353596339e-04,1.878959435641e-03,1.305769950231e-04,4.534368057067e-03,4.963851004926e-03,3.461390942075e+01
3618,0.000000000000e+00,25,1.000000000000e+02,1.813192604516e-04,7.342171044291e-04,1.896350728007e-03,1.306379764649e-04,4.577769012203e-03,5.010813930893e-03,4.419797200502e+01
3619,0.000000000000e+00,25,1.000000000000e+02,1.813197339542e-04,7.292389879012e-04,1.878955149750e-03,1.305758785232e-04,4.534381473337e-03,4.963862141724e-03,3.461414739155e+01
3620,0.000000000000e+00,25,1.000000000000e+02,1.813201765798e-04,7.342181761064e-04,1.896346487046e-03,1.306355872141e-04,4.577776160185e-03,5.010818950876e-03,4.418909633893e+01
3621,0.000000000000e+00,25,1.000000000000e+02,1.813206526841e-04,7.292413099892e-04,1.878948041394e-03,1.305773914223e-04,4.534389296800e-03,4.963866978530e-03,3.461434681284e+01
3622,0.000000000000e+00,25,1.000000000000e+02,1.813210980397e-04,7.342187723381e-04,1.896340466779e-03,1.306340929844e-04,4.577779770217e-03,5.010820018964e-03,4.418040017672e+01
3623,0.000000000000e+00,25,1.000000000000e+02,1.813215770295e-04,7.292432146237e-04,1.878939256408e-03,1.305795113102e-04,4.534393142906e-03,4.963867502115e-03,3.461450997843e+01
3624,0.000000000000e+00,25,1.000000000000e+02,1.813220251854e-04,7.342190202982e-04,1.896332624457e-03,1.306331272115e-04,4.577779479176e-03,5.010816796316e-03,4.417052430655e+01
3625,0.000000000000e+00,25,1.000000000000e+02,1.813225066020e-04,7.292447580740e-04,1.878928387331e-03,1.305821283967e-04,4.534393030639e-03,4.963863580968e-03,3.461463859187e+01
3626,0.000000000000e+00,25,1.000000000000e+02,1.813229568988e-04,7.342183157112e-04,1.896322132115e-03,1.306329157967e-04,4.577773089957e-03,5.010806879705e-03,4.415962966079e+01
3627,0.000000000000e+00,25,1.000000000000e+02,1.813234401964e-04,7.292453217166e-04,1.878915561904e-03,1.305856716205e-04,4.534387855686e-03,4.963854175078e-03,3.461473425067e+01
3628,0.000000000000e+00,25,1.000000000000e+02,1.813238918679e-04,7.342176631217e-04,1.896310647769e-03,1.306339389432e-04,4.577765572727e-03,5.010795596962e-03,4.414858213482e+01
3629,0.000000000000e+00,25,1.000000000000e+02,1.813243761154e-04,7.292448593026e-04,1.878901091125e-03,1.305892609292e-04,4.534378153894e-03,4.963839861703e-03,3.461479897774e+01
3630,0.000000000000e+00,25,1.000000000000e+02,1.813248287054e-04,7.342159855588e-04,1.896297067527e-03,1.306350305039e-04,4.577752780397e-03,5.010778553418e-03,4.413770470806e+01
3631,0.000000000000e+00,25,1.000000000000e+02,1.813253141210e-04,7.292437602440e-04,1.878884931398e-03,1.305930493966e-04,4.534364783075e-03,4.963821469174e-03,3.461483543651e+01
3632,0.000000000000e+00,25,1.000000000000e+02,1.813257682003e-04,7.342138056128e-04,1.896282380874e-03,1.306360327859e-04,4.577737227693e-03,5.010758493405e-03,4.412693893659e+01
3633,0.000000000000e+00,25,1.000000000000e+02,1.813262553787e-04,7.292419797259e-04,1.878867820370e-03,1.305960010802e-04,4.534348441725e-03,4.963799880927e-03,3.461484687913e+01
3634,0.000000000000e+00,25,1.000000000000e+02,1.813267113382e-04,7.342110617653e-04,1.896266880286e-03,1.306361946987e-04,4.577718926024e-03,5.010735509437e-03,4.411632990484e+01
3635,0.000000000000e+00,25,1.000000000000e+02,1.813272002735e-04,7.292399640874e-04,1.878849772068e-03,1.305966075419e-04,4.534329315506e-03,4.963775297753e-03,3.461483697240e+01
3636,0.000000000000e+00,25,1.000000000000e+02,1.813276577049e-04,7.342073219636e-04,1.896249677006e-03,1.306330647378e-04,4.577693812625e-03,5.010705426276e-03,4.410585422334e+01
3637,0.000000000000e+00,25,1.000000000000e+02,1.813281478268e-04,7.292387461543e-04,1.878831610218e-03,1.305984066134e-04,4.534309895774e-03,4.963750552070e-03,3.461480958937e+01
3638,0.000000000000e+00,25,1.000000000000e+02,1.813286062139e-04,7.342034440716e-04,1.896233477399e-03,1.306309130935e-04,4.577669571609e-03,5.010676525219e-03,4.409277699041e+01
3639,0.000000000000e+00,25,1.000000000000e+02,1.813290971391e-04,7.292356472356e-04,1.878815184569e-03,1.305981964576e-04,4.534289114259e-03,4.963724890400e-03,3.461476847456e+01
3640,0.000000000000e+00,25,1.000000000000e+02,1.813295564697e-04,7.342001326505e-04,1.896218756591e-03,1.306282645161e-04,4.577648220602e-03,5.010650894116e-03,4.408510524143e+01
3641,0.000000000000e+00,25,1.000000000000e+02,1.813300482752e-04,7.292327925931e-04,1.878798003585e-03,1.305975414688e-04,4.534267599477e-03,4.963698297195e-03,3.461472051359e+01
3642,0.000000000000e+00,25,1.000000000000e+02,1.813305082528e-04,7.341960897601e-04,1.896202950112e-03,1.306249627086e-04,4.577623352758e-03,5.010621515025e-03,4.407559656528e+01
3643,0.000000000000e+00,29,1.000000000000e+02,1.813310004916e-04,7.292298039208e-04,1.878780639300e-03,1.305971801266e-04,4.534245325092e-03,4.963670928769e-03,3.461466547228e+01
3644,0.000000000000e+00,25,1.000000000000e+02,1.813314601713e-04,7.341066974267e-04,1.896173399022e-03,1.304028174317e-04,4.577317463045e-03,5.010311991749e-03,4.258911649861e+01
3645,0.000000000000e+00,29,1.000000000000e+02,1.813319513744e-04,7.292428136630e-04,1.878713880819e-03,1.307286553090e-04,4.534205443048e-03,4.963614601109e-03,3.461493687043e+01
3646,0.000000000000e+00,25,1.000000000000e+02,1.813324183240e-04,7.340927644322e-04,1.896100904400e-03,1.304572663428e-04,4.577170317789e-03,5.010149503043e-03,4.239984976078e+01
3647,0.000000000000e+00,29,1.000000000000e+02,1.813329185245e-04,7.291980506536e-04,1.878612002255e-03,1.306786258514e-04,4.533946324017e-03,4.963331444143e-03,3.461484303245e+01
3648,0.000000000000e+00,25,1.000000000000e+02,1.813333970693e-04,7.340338568217e-04,1.895997594718e-03,1.304349549272e-04,4.576841231075e-03,5.009800546336e-03,4.215019620632e+01
3649,0.000000000000e+00,29,1.000000000000e+02,1.813338953989e-04,7.291730735869e-04,1.878486302710e-03,1.306584707168e-04,4.533701444956e-03,4.963055972753e-03,3.461486419877e+01
3650,0.000000000000e+00,25,1.000000000000e+02,1.813343571528e-04,7.339522571083e-04,1.895864384482e-03,1.304271296946e-04,4.576401896004e-03,5.009336605777e-03,4.191727934269e+01
3651,0.000000000000e+00,29,1.000000000000e+02,1.813348359459e-04,7.291274096434e-04,1.878341454386e-03,1.306339363978e-04,4.533364932918e-03,4.962686393387e-03,3.461505984780e+01
3652,0.000000000000e+00,25,1.000000000000e+02,1.813352913258e-04,7.338615495317e-04,1.895712989451e-03,1.304402545671e-04,4.575906501600e-03,5.008813780094e-03,4.178977471868e+01
3653,0.000000000000e+00,29,1.000000000000e+02,1.813357801948e-04,7.290873535522e-04,1.878186638431e-03,1.305848702466e-04,4.533020355805e-03,4.962305852361e-03,3.461547140191e+01
3654,0.000000000000e+00,25,1.000000000000e+02,1.813362540775e-04,7.337819745173e-04,1.895561272254e-03,1.304247118506e-04,4.575436434533e-03,5.008314855809e-03,4.176907965253e+01
3655,0.000000000000e+00,29,1.000000000000e+02,1.813367595536e-04,7.290458354762e-04,1.878042185143e-03,1.305265324584e-04,4.532682202010e-03,4.961934642808e-03,3.461612112533e+01
3656,0.000000000000e+00,25,1.000000000000e+02,1.813372429079e-04,7.336138949357e-04,1.895156236250e-03,1.304055172967e-04,4.574395554453e-03,5.007185516253e-03,4.185818484289e+01
3657,0.000000000000e+00,29,1.000000000000e+02,1.813377493526e-04,7.287979473160e-04,1.877382278598e-03,1.304451373491e-04,4.531100853182e-03,4.960201764402e-03,3.460679601601e+01
3658,0.000000000000e+00,25,1.000000000000e+02,1.813382290481e-04,7.333011109855e-04,1.894382722734e-03,1.303597908174e-04,4.572478485471e-03,5.005094364218e-03,4.203696842291e+01
3659,0.000000000000e+00,29,1.000000000000e+02,1.813387307859e-04,7.284866898427e-04,1.876571572287e-03,1.303492969770e-04,4.529139194836e-03,4.958054710127e-03,3.459384187984e+01
3660,0.000000000000e+00,25,1.000000000000e+02,1.813392094361e-04,7.329824192781e-04,1.893584115287e-03,1.303246289486e-04,4.570532229248e-03,5.002966459626e-03,4.230127334892e+01
3661,0.000000000000e+00,29,1.000000000000e+02,1.813397142105e-04,7.282065823846e-04,1.875856273764e-03,1.302606682860e-04,4.527396398868e-03,4.956148462328e-03,3.458186301233e+01
3662,0.000000000000e+00,25,1.000000000000e+02,1.813401990300e-04,7.327270101858e-04,1.892931689818e-03,1.302986585369e-04,4.568971041725e-03,5.001255179884e-03,4.263039149765e+01
3663,0.000000000000e+00,29,1.000000000000e+02,1.813407100639e-04,7.279889403313e-04,1.875318756205e-03,1.301827825616e-04,4.526072956220e-03,4.954702039126e-03,3.457238456589e+01
3664,0.000000000000e+00,25,1.000000000000e+02,1.813412001960e-04,7.325621912585e-04,1.892489072003e-03,1.302962235145e-04,4.567956625581e-03,5.000136707207e-03,4.315121805752e+01
3665,0.000000000000e+00,29,1.000000000000e+02,1.813417154748e-04,7.278564435092e-04,1.875013203110e-03,1.301333855421e-04,4.525305183796e-03,4.953864271326e-03,3.456638441620e+01
3666,0.000000000000e+00,25,1.000000000000e+02,1.813422093156e-04,7.325038700180e-04,1.892302983698e-03,1.303085248008e-04,4.567597201381e-03,4.999729693434e-03,4.354662060557e+01
3667,0.000000000000e+00,29,1.000000000000e+02,1.813427275650e-04,7.278236246772e-04,1.874975400600e-03,1.301201382869e-04,4.525181832748e-03,4.953732113398e-03,3.456452976320e+01
3668,0.000000000000e+00,25,1.000000000000e+02,1.813432233262e-04,7.325602316389e-04,1.892392877924e-03,1.303328812930e-04,4.567936498882e-03,5.000082580834e-03,4.382489579036e+01
3669,0.000000000000e+00,29,1.000000000000e+02,1.813437429157e-04,7.278936019573e-04,1.875208412232e-03,1.301396665610e-04,4.525714093298e-03,4.954317316459e-03,3.456705115620e+01
3670,0.000000000000e+00,25,1.000000000000e+02,1.813442408147e-04,7.327280576446e-04,1.892754356159e-03,1.303800621768e-04,4.568956373584e-03,5.001176937836e-03,4.409514783409e+01
3671,0.000000000000e+00,29,1.000000000000e+02,1.813447634887e-04,7.280603620594e-04,1.875696903821e-03,1.301847644853e-04,4.526863708006e-03,4.955578056046e-03,3.457372291670e+01
3672,0.000000000000e+00,25,1.000000000000e+02,1.813452638667e-04,7.329931138834e-04,1.893354315223e-03,1.304352348265e-04,4.570567157220e-03,5.002915845497e-03,4.431859608377e+01
3673,0.000000000000e+00,29,1.000000000000e+02,1.813457880719e-04,7.283062295611e-04,1.876389111787e-03,1.302512915342e-04,4.528509719628e-03,4.957381540951e-03,3.458392622265e+01
3674,0.000000000000e+00,25,1.000000000000e+02,1.813462900891e-04,7.332886262784e-04,1.894014666749e-03,1.305012286311e-04,4.572344134679e-03,5.004834185455e-03,4.447373880410e+01
3675,0.000000000000e+00,29,1.000000000000e+02,1.813468169756e-04,7.285157967252e-04,1.876986617761e-03,1.303299647536e-04,4.529940502389e-03,4.958947558125e-03,3.459216897052e+01
3676,0.000000000000e+00,25,1.000000000000e+02,1.813473218076e-04,7.335138410748e-04,1.894495789712e-03,1.305499055478e-04,4.573685118972e-03,5.006275631408e-03,4.455425512933e+01
3677,0.000000000000e+00,29,1.000000000000e+02,1.813478504637e-04,7.286281820480e-04,1.877329526946e-03,1.303945003638e-04,4.530767632205e-03,4.959851131151e-03,3.459557246970e+01
3678,0.000000000000e+00,25,1.000000000000e+02,1.813483559907e-04,7.336467776083e-04,1.894746599698e-03,1.305858728524e-04,4.574456373140e-03,5.007095570420e-03,4.456406858293e+01
3679,0.000000000000e+00,29,1.000000000000e+02,1.813488858816e-04,7.286715806764e-04,1.877483595210e-03,1.304479910696e-04,4.531150424778e-03,4.960266905430e-03,3.459558511760e+01
3680,0.000000000000e+00,25,1.000000000000e+02,1.813493932309e-04,7.337127840654e-04,1.894843273043e-03,1.306106671693e-04,4.574824457891e-03,5.007478751407e-03,4.451529036969e+01
3681,0.000000000000e+00,29,1.000000000000e+02,1.813499247321e-04,7.286687151221e-04,1.877507910202e-03,1.304843090206e-04,4.531228599350e-03,4.960348054697e-03,3.459350198522e+01
3682,0.000000000000e+00,25,1.000000000000e+02,1.813504327232e-04,7.337305090792e-04,1.894831454394e-03,1.306194828628e-04,4.574896639085e-03,5.007543051051e-03,4.442179042266e+01
3683,0.000000000000e+00,29,1.000000000000e+02,1.813509650363e-04,7.286348703101e-04,1.877437803254e-03,1.305082785923e-04,4.531088800283e-03,4.960189472808e-03,3.459026532197e+01
3684,0.000000000000e+00,25,1.000000000000e+02,1.813514743545e-04,7.337128224711e-04,1.894747817922e-03,1.306222494361e-04,4.574757930793e-03,5.007382160049e-03,4.429833364206e+01
3685,0.000000000000e+00,29,1.000000000000e+02,1.813520080862e-04,7.285847821915e-04,1.877312760267e-03,1.305215733404e-04,4.530822526365e-03,4.959891897131e-03,3.458659277875e+01
3686,0.000000000000e+00,25,1.000000000000e+02,1.813525180342e-04,7.336712271685e-04,1.894623344959e-03,1.306097599545e-04,4.574482579099e-03,5.007077077968e-03,4.415824524612e+01
3687,0.000000000000e+00,29,1.000000000000e+02,1.813530522713e-04,7.285277112200e-04,1.877156340477e-03,1.305223468928e-04,4.530484644739e-03,4.959515677147e-03,3.458302891194e+01
3688,0.000000000000e+00,25,1.000000000000e+02,1.813535632547e-04,7.336161649076e-04,1.894479236284e-03,1.305952965301e-04,4.574130189131e-03,5.006692158773e-03,4.401278672181e+01
3689,0.000000000000e+00,29,1.000000000000e+02,1.813540989137e-04,7.284733801466e-04,1.876994929920e-03,1.305181425596e-04,4.530137618259e-03,4.959129485951e-03,3.457997305100e+01
3690,0.000000000000e+00,25,1.000000000000e+02,1.813546107339e-04,7.335559061333e-04,1.894339719865e-03,1.305734302299e-04,4.573759658475e-03,5.006291449352e-03,4.387062087430e+01
3691,0.000000000000e+00,29,1.000000000000e+02,1.813551466830e-04,7.284277242126e-04,1.876846962244e-03,1.305058486552e-04,4.529822572005e-03,4.958778658043e-03,3.457769523851e+01
3692,0.000000000000e+00,25,1.000000000000e+02,1.813556591311e-04,7.334988062696e-04,1.894216906116e-03,1.305501826212e-04,4.573412896311e-03,5.005919201959e-03,4.373752588151e+01
3693,0.000000000000e+00,29,1.000000000000e+02,1.813561963088e-04,7.283950198063e-04,1.876725796629e-03,1.304949478734e-04,4.529571374685e-03,4.958498239427e-03,3.457634648497e+01
3694,0.000000000000e+00,25,1.000000000000e+02,1.813567099095e-04,7.334502259480e-04,1.894124934396e-03,1.305289700295e-04,4.573127912388e-03,5.005616367254e-03,4.361660622255e+01
3695,0.000000000000e+00,29,1.000000000000e+02,1.813572475817e-04,7.283777912120e-04,1.876640760496e-03,1.304816230729e-04,4.529404613743e-03,4.958310837335e-03,3.457596927593e+01
3696,0.000000000000e+00,25,1.000000000000e+02,1.813577617416e-04,7.334142930146e-04,1.894067003270e-03,1.305052590673e-04,4.572921953933e-03,5.005400399317e-03,4.350899770753e+01
3697,0.000000000000e+00,29,1.000000000000e+02,1.813583005245e-04,7.283756962982e-04,1.876593094956e-03,1.304716567501e-04,4.529325198854e-03,4.958219681416e-03,3.457651228321e+01
3698,0.000000000000e+00,25,1.000000000000e+02,1.813588162824e-04,7.333912750106e-04,1.894044660138e-03,1.304953660851e-04,4.572801808134e-03,5.005278549082e-03,4.341453730768e+01
3699,0.000000000000e+00,29,1.000000000000e+02,1.813593561796e-04,7.283874380419e-04,1.876584678746e-03,1.304716929237e-04,4.529334647714e-03,4.958226853427e-03,3.457784942173e+01
3700,0.000000000000e+00,25,1.000000000000e+02,1.813598728632e-04,7.333825439167e-04,1.894056467049e-03,1.304818206049e-04,4.572770472098e-03,5.005252756064e-03,4.333320644356e+01
3701,0.000000000000e+00,29,1.000000000000e+02,1.813604137625e-04,7.284109452415e-04,1.876607948499e-03,1.304685025738e-04,4.529418092537e-03,4.958315256686e-03,3.457980202402e+01
3702,0.000000000000e+00,25,1.000000000000e+02,1.813609320741e-04,7.333873183095e-04,1.894094588263e-03,1.304728651899e-04,4.572815651157e-03,5.005308923130e-03,4.326448329327e+01
3703,0.000000000000e+00,29,1.000000000000e+02,1.813614743620e-04,7.284433412957e-04,1.876656417001e-03,1.304711093416e-04,4.529560459363e-03,4.958468480725e-03,3.458216246393e+01
3704,0.000000000000e+00,25,1.000000000000e+02,1.813619940307e-04,7.334017168266e-04,1.894153028830e-03,1.304683884164e-04,4.572919695633e-03,5.005428085384e-03,4.320714522950e+01
3705,0.000000000000e+00,29,1.000000000000e+02,1.813625375213e-04,7.284801475841e-04,1.876721458823e-03,1.304742411468e-04,4.529738621701e-03,4.958661338301e-03,3.458471612758e+01
3706,0.000000000000e+00,25,1.000000000000e+02,1.813630589057e-04,7.334224816847e-04,1.894220608405e-03,1.304679519788e-04,4.573058464049e-03,5.005583467693e-03,4.316180962772e+01
3707,0.000000000000e+00,29,1.000000000000e+02,1.813636037424e-04,7.285173580446e-04,1.876792291917e-03,1.304797262295e-04,4.529927996550e-03,4.958866751674e-03,3.458726103586e+01
3708,0.000000000000e+00,25,1.000000000000e+02,1.813641266794e-04,7.334460429546e-04,1.894290445518e-03,1.304722254887e-04,4.573213097359e-03,5.005754730846e-03,4.313080018964e+01
3709,0.000000000000e+00,29,1.000000000000e+02,1.813646732317e-04,7.285519581103e-04,1.876862577339e-03,1.304843982922e-04,4.530111956763e-03,4.959066606620e-03,3.458962280918e+01
3710,0.000000000000e+00,25,1.000000000000e+02,1.813651984627e-04,7.334699414283e-04,1.894354389741e-03,1.304783629675e-04,4.573364905953e-03,5.005921281354e-03,4.311826412077e+01
3711,0.000000000000e+00,29,1.000000000000e+02,1.813657462546e-04,7.285809921079e-04,1.876923280258e-03,1.304887477245e-04,4.530270458046e-03,4.959238751902e-03,3.459166472856e+01
3712,0.000000000000e+00,25,1.000000000000e+02,1.813662724157e-04,7.334914088010e-04,1.894406638563e-03,1.304893653083e-04,4.573498747834e-03,5.006066762431e-03,4.313353559781e+01
3713,0.000000000000e+00,29,1.000000000000e+02,1.813668217132e-04,7.286034493967e-04,1.876971908980e-03,1.304920635388e-04,4.530397653910e-03,4.959376736524e-03,3.459329246719e+01
3714,0.000000000000e+00,25,1.000000000000e+02,1.813673512250e-04,7.335092910507e-04,1.894444891515e-03,1.305007262135e-04,4.573607444128e-03,5.006183458442e-03,4.316421837517e+01
3715,0.000000000000e+00,29,1.000000000000e+02,1.813679030093e-04,7.286179401339e-04,1.877004456100e-03,1.304921460280e-04,4.530483598075e-03,4.959469695794e-03,3.459445401293e+01
3716,0.000000000000e+00,25,1.000000000000e+02,1.813684326908e-04,7.335229491421e-04,1.894466919302e-03,1.305162129893e-04,4.573686509263e-03,5.006266432394e-03,4.321998952603e+01
3717,0.000000000000e+00,29,1.000000000000e+02,1.813689844124e-04,7.286247661288e-04,1.877022514637e-03,1.304927279590e-04,4.530532141229e-03,4.959521892786e-03,3.459513499969e+01
3718,0.000000000000e+00,25,1.000000000000e+02,1.813695172068e-04,7.335328193105e-04,1.894475326775e-03,1.305314444061e-04,4.573740307503e-03,5.006320606915e-03,4.330032326688e+01
3719,0.000000000000e+00,29,1.000000000000e+02,1.813700725327e-04,7.286247320877e-04,1.877026762496e-03,1.304896037643e-04,4.530545372103e-03,4.959535499692e-03,3.459535154523e+01
3720,0.000000000000e+00,25,1.000000000000e+02,1.813706060554e-04,7.335400077009e-04,1.894470616495e-03,1.305508965583e-04,4.573772566542e-03,5.006349856603e-03,4.340533628403e+01
3721,0.000000000000e+00,29,1.000000000000e+02,1.813711602128e-04,7.286187071480e-04,1.877020271900e-03,1.304873421441e-04,4.530530993709e-03,4.959518963866e-03,3.459514211176e+01
3722,0.000000000000e+00,25,1.000000000000e+02,1.813716962251e-04,7.335455110990e-04,1.894457918746e-03,1.305697060306e-04,4.573793267470e-03,5.006365260790e-03,4.353228751221e+01
3723,0.000000000000e+00,29,1.000000000000e+02,1.813722560208e-04,7.286088098457e-04,1.877007040611e-03,1.304837397237e-04,4.530499266813e-03,4.959483424835e-03,3.459455912264e+01
3724,0.000000000000e+00,25,1.000000000000e+02,1.813727953161e-04,7.335509615003e-04,1.894439295533e-03,1.305896328384e-04,4.573809105820e-03,5.006374001837e-03,4.367639992221e+01
3725,0.000000000000e+00,29,1.000000000000e+02,1.813733535130e-04,7.285958363253e-04,1.876989720608e-03,1.304845372345e-04,4.530456970300e-03,4.959436346822e-03,3.459366151191e+01
3726,0.000000000000e+00,25,1.000000000000e+02,1.813738923144e-04,7.335576147826e-04,1.894419813900e-03,1.306119597926e-04,4.573831216722e-03,5.006388387711e-03,4.383220063865e+01
3727,0.000000000000e+00,29,1.000000000000e+02,1.813744555566e-04,7.285818807244e-04,1.876972528249e-03,1.304858740975e-04,4.530414979825e-03,4.959389466606e-03,3.459250919834e+01
3728,0.000000000000e+00,25,1.000000000000e+02,1.813750004843e-04,7.335663859039e-04,1.894400889871e-03,1.306331081690e-04,4.573862457607e-03,5.006411605545e-03,4.399249551610e+01
3729,0.000000000000e+00,29,1.000000000000e+02,1.813755639504e-04,7.285676490323e-04,1.876956166924e-03,1.304930569013e-04,4.530376287337e-03,4.959346026901e-03,3.459115942296e+01
3730,0.000000000000e+00,25,1.000000000000e+02,1.813761056892e-04,7.335779461605e-04,1.894385787453e-03,1.306574123221e-04,4.573909496154e-03,5.006451193530e-03,4.414923615849e+01
3731,0.000000000000e+00,29,1.000000000000e+02,1.813766702297e-04,7.285545009411e-04,1.876944304046e-03,1.305022593463e-04,4.530349552958e-03,4.959315425844e-03,3.458966510766e+01
3732,0.000000000000e+00,25,1.000000000000e+02,1.813772182407e-04,7.335921889869e-04,1.894375556821e-03,1.306786341045e-04,4.573971739860e-03,5.006506829364e-03,4.429470232718e+01
3733,0.000000000000e+00,29,1.000000000000e+02,1.813777864039e-04,7.285429159419e-04,1.876935482710e-03,1.305163096478e-04,4.530333337108e-03,4.959295941867e-03,3.458807501382e+01
3734,0.000000000000e+00,25,1.000000000000e+02,1.813783313885e-04,7.336090004503e-04,1.894370032727e-03,1.307017932118e-04,4.574048137100e-03,5.006577604082e-03,4.442151040909e+01
3735,0.000000000000e+00,29,1.000000000000e+02,1.813788969938e-04,7.285331383797e-04,1.876930990081e-03,1.305346270724e-04,4.530330235760e-03,4.959290454203e-03,3.458643529856e+01
3736,0.000000000000e+00,25,1.000000000000e+02,1.813794468034e-04,7.336275215990e-04,1.894369758313e-03,1.307210991728e-04,4.574135574662e-03,5.006660601919e-03,4.452347261369e+01
3737,0.000000000000e+00,29,1.000000000000e+02,1.813800198355e-04,7.285254517455e-04,1.876928888569e-03,1.305554294168e-04,4.530336791544e-03,4.959295065990e-03,3.458479158429e+01
3738,0.000000000000e+00,25,1.000000000000e+02,1.813805707371e-04,7.336468277371e-04,1.894372545747e-03,1.307397844765e-04,4.574227253568e-03,5.006748732307e-03,4.459583701538e+01
3739,0.000000000000e+00,29,1.000000000000e+02,1.813811391918e-04,7.285195957783e-04,1.876928674398e-03,1.305807458041e-04,4.530351713377e-03,4.959308422379e-03,3.458319065317e+01
3740,0.000000000000e+00,25,1.000000000000e+02,1.813816880797e-04,7.336658965669e-04,1.894378833893e-03,1.307553983138e-04,4.574319970238e-03,5.006839020619e-03,4.463591634004e+01
3741,0.000000000000e+00,29,1.000000000000e+02,1.813822602267e-04,7.285158934751e-04,1.876929291109e-03,1.306056786610e-04,4.530372747727e-03,4.959327983458e-03,3.458168204347e+01
3742,0.000000000000e+00,25,1.000000000000e+02,1.813828128110e-04,7.336836585242e-04,1.894386140617e-03,1.307677701809e-04,4.574405677489e-03,5.006923014438e-03,4.464175285394e+01
3743,0.000000000000e+00,29,1.000000000000e+02,1.813833837697e-04,7.285141464710e-04,1.876929361167e-03,1.306329038276e-04,4.530396890729e-03,4.959350525170e-03,3.458031842930e+01
3744,0.000000000000e+00,25,1.000000000000e+02,1.813839329096e-04,7.336993512830e-04,1.894394714770e-03,1.307782798828e-04,4.574482257708e-03,5.006998797483e-03,4.461494841500e+01
3745,0.000000000000e+00,29,1.000000000000e+02,1.813845042328e-04,7.285146165178e-04,1.876929499818e-03,1.306582843174e-04,4.530424665534e-03,4.959376687761e-03,3.457915469099e+01
3746,0.000000000000e+00,25,1.000000000000e+02,1.813850571162e-04,7.337119595236e-04,1.894403493046e-03,1.307842007259e-04,4.574544588260e-03,5.007061067249e-03,4.455967297650e+01
3747,0.000000000000e+00,29,1.000000000000e+02,1.813856300958e-04,7.285175529640e-04,1.876929173846e-03,1.306842273676e-04,4.530455031908e-03,4.959405419204e-03,3.457824562567e+01
3748,0.000000000000e+00,25,1.000000000000e+02,1.813861803896e-04,7.337222774420e-04,1.894413430287e-03,1.307889685911e-04,4.574595635265e-03,5.007113100955e-03,4.447820200371e+01
3749,0.000000000000e+00,29,1.000000000000e+02,1.813867501765e-04,7.285230009263e-04,1.876929919083e-03,1.307080927361e-04,4.530490026794e-03,4.959439098569e-03,3.457764320941e+01
3750,0.000000000000e+00,25,1.000000000000e+02,1.813872997364e-04,7.337304332330e-04,1.894425524121e-03,1.307905986370e-04,4.574636974004e-03,5.007156682161e-03,4.437825518273e+01
3751,0.000000000000e+00,29,1.000000000000e+02,1.813878698859e-04,7.285322659722e-04,1.876932916672e-03,1.307287143797e-04,4.530533336991e-03,4.959481701812e-03,3.457739237536e+01
3752,0.000000000000e+00,25,1.000000000000e+02,1.813884177061e-04,7.337367444425e-04,1.894440245278e-03,1.307895832071e-04,4.574670796238e-03,5.007194050774e-03,4.426358132443e+01
3753,0.000000000000e+00,29,1.000000000000e+02,1.813889847043e-04,7.285446367474e-04,1.876939708695e-03,1.307464055147e-04,4.530586238516e-03,4.959534881922e-03,3.457752623927e+01
3754,0.000000000000e+00,25,1.000000000000e+02,1.813895312008e-04,7.337422102350e-04,1.894459806723e-03,1.307882963054e-04,4.574703330914e-03,5.007231943369e-03,4.414631715949e+01
3755,0.000000000000e+00,29,1.000000000000e+02,1.813900990286e-04,7.285611082452e-04,1.876952576631e-03,1.307611630419e-04,4.530653676014e-03,4.959604165365e-03,3.457806438427e+01
3756,0.000000000000e+00,25,1.000000000000e+02,1.813906466017e-04,7.337480240302e-04,1.894485445777e-03,1.307858712140e-04,4.574740408403e-03,5.007276307077e-03,4.402673162355e+01
3757,0.000000000000e+00,29,1.000000000000e+02,1.813912143431e-04,7.285817710166e-04,1.876972900766e-03,1.307739722693e-04,4.530738382821e-03,4.959692610703e-03,3.457900805320e+01
3758,0.000000000000e+00,25,1.000000000000e+02,1.813917613519e-04,7.337549399385e-04,1.894518318489e-03,1.307841707664e-04,4.574787236683e-03,5.007332496571e-03,4.391257446940e+01
3759,0.000000000000e+00,29,1.000000000000e+02,1.813923298587e-04,7.286068215339e-04,1.877002277427e-03,1.307846570555e-04,4.530843712499e-03,4.959803909780e-03,3.458034000500e+01
3760,0.000000000000e+00,25,1.000000000000e+02,1.813928791701e-04,7.337639487374e-04,1.894559527847e-03,1.307831216865e-04,4.574849308726e-03,5.007406090931e-03,4.380887103295e+01
3761,0.000000000000e+00,29,1.000000000000e+02,1.813934499879e-04,7.286360391023e-04,1.877041365869e-03,1.307935324697e-04,4.530970536453e-03,4.959939084001e-03,3.458202435372e+01
3762,0.000000000000e+00,25,1.000000000000e+02,1.813940005482e-04,7.337758862169e-04,1.894609216725e-03,1.307839452119e-04,4.574930319393e-03,5.007500674280e-03,4.371939989413e+01
3763,0.000000000000e+00,29,1.000000000000e+02,1.813945721010e-04,7.286690757691e-04,1.877090557447e-03,1.308016728414e-04,4.531119341774e-03,4.960098703641e-03,3.458400791177e+01
3764,0.000000000000e+00,25,1.000000000000e+02,1.813951236161e-04,7.337913130484e-04,1.894667679583e-03,1.307869657279e-04,4.575033583870e-03,5.007619477467e-03,4.364672285809e+01
3765,0.000000000000e+00,29,1.000000000000e+02,1.813956952930e-04,7.287053765730e-04,1.877149579507e-03,1.308090888955e-04,4.531289040387e-03,4.960281590289e-03,3.458622289378e+01
3766,0.000000000000e+00,25,1.000000000000e+02,1.813962453557e-04,7.338104313153e-04,1.894733965377e-03,1.307925261163e-04,4.575159434068e-03,5.007762482456e-03,4.359278593931e+01
3767,0.000000000000e+00,29,1.000000000000e+02,1.813968144246e-04,7.287439958388e-04,1.877217050407e-03,1.308167116373e-04,4.531476140345e-03,4.960483916754e-03,3.458859080226e+01
3768,0.000000000000e+00,25,1.000000000000e+02,1.813973624219e-04,7.338332665059e-04,1.894807255926e-03,1.308030261845e-04,4.575308679320e-03,5.007930185501e-03,4.355830786962e+01
3769,0.000000000000e+00,29,1.000000000000e+02,1.813979306813e-04,7.287841619675e-04,1.877291542617e-03,1.308266584204e-04,4.531679037265e-03,4.960703619655e-03,3.459102706397e+01
3770,0.000000000000e+00,25,1.000000000000e+02,1.813984787696e-04,7.338593481999e-04,1.894883431959e-03,1.308143804786e-04,4.575474943416e-03,5.008115026995e-03,4.354306013692e+01
3771,0.000000000000e+00,29,1.000000000000e+02,1.813990469682e-04,7.288246013263e-04,1.877368962905e-03,1.308356602587e-04,4.531887651784e-03,4.960929669000e-03,3.459344604540e+01
3772,0.000000000000e+00,25,1.000000000000e+02,1.813995951604e-04,7.338881570361e-04,1.894961981884e-03,1.308285966524e-04,4.575655895530e-03,5.008314660225e-03,4.354593268326e+01
3773,0.000000000000e+00,29,1.000000000000e+02,1.814001642015e-04,7.288642750813e-04,1.877448831687e-03,1.308459623741e-04,4.532099370850e-03,4.961159402824e-03,3.459576615889e+01
3774,0.000000000000e+00,25,1.000000000000e+02,1.814007140334e-04,7.339188300804e-04,1.895040934778e-03,1.308451630351e-04,4.575846829551e-03,5.008523900096e-03,4.356529726150e+01
3775,0.000000000000e+00,29,1.000000000000e+02,1.814012847595e-04,7.289022112009e-04,1.877528562115e-03,1.308571450699e-04,4.532308398943e-03,4.961386394003e-03,3.459791437563e+01
3776,0.000000000000e+00,29,1.000000000000e+02,1.814018363079e-04,7.339506308553e-04,1.895117945328e-03,1.308637975162e-04,4.576042469114e-03,5.008736923405e-03,4.359869731751e+01
3777,0.000000000000e+00,29,1.000000000000e+02,1.814024018985e-04,7.288769104966e-04,1.877640227159e-03,1.306149273382e-04,4.532338060203e-03,4.961445648650e-03,3.459972949898e+01
3778,0.000000000000e+00,29,1.000000000000e+02,1.814029760047e-04,7.340327453617e-04,1.895241630190e-03,1.309781484901e-04,4.576454373034e-03,5.009175063013e-03,4.437215620928e+01
3779,0.000000000000e+00,29,1.000000000000e+02,1.814035405049e-04,7.289474250891e-04,1.877788077516e-03,1.306387446670e-04,4.532739675628e-03,4.961879468631e-03,3.460137287347e+01
3780,0.000000000000e+00,29,1.000000000000e+02,1.814040990105e-04,7.340887056251e-04,1.895377761113e-03,1.309591805228e-04,4.576831251029e-03,5.009578594294e-03,4.457819010062e+01
3781,0.000000000000e+00,29,1.000000000000e+02,1.814046455548e-04,7.289963216731e-04,1.877944989932e-03,1.306830847419e-04,4.533107439394e-03,4.962283158784e-03,3.460266587669e+01
3782,0.000000000000e+00,25,1.000000000000e+02,1.814052032443e-04,7.341859024996e-04,1.895538725995e-03,1.310170320007e-04,4.577371938636e-03,5.010149232155e-03,4.490070373314e+01
3783,0.000000000000e+00,29,1.000000000000e+02,1.814057743634e-04,7.291190842375e-04,1.878086400639e-03,1.310184367739e-04,4.533715393469e-03,4.962918926097e-03,3.460357278242e+01
3784,0.000000000000e+00,25,1.000000000000e+02,1.814063280788e-04,7.342325714968e-04,1.895659105260e-03,1.309795725329e-04,4.577722335202e-03,5.010520765253e-03,4.440514819305e+01
3785,0.000000000000e+00,29,1.000000000000e+02,1.814069059619e-04,7.291292065861e-04,1.878187892914e-03,1.310576964963e-04,4.533919745587e-03,4.963146536243e-03,3.460382300209e+01
3786,0.000000000000e+00,25,1.000000000000e+02,1.814074664336e-04,7.343091318908e-04,1.895765753343e-03,1.310528852168e-04,4.578125933986e-03,5.010942986992e-03,4.438031949160e+01
3787,0.000000000000e+00,29,1.000000000000e+02,1.814080455530e-04,7.291610642267e-04,1.878266858818e-03,1.311124418266e-04,4.534149423645e-03,4.963392359955e-03,3.460356625697e+01
3788,0.000000000000e+00,29,1.000000000000e+02,1.814085967806e-04,7.343359383606e-04,1.895824966394e-03,1.310510047987e-04,4.578314349809e-03,5.011141409409e-03,4.413589782355e+01
3789,0.000000000000e+00,29,1.000000000000e+02,1.814091484213e-04,7.291140886704e-04,1.878328109148e-03,1.308991853416e-04,4.534086760770e-03,4.963345765794e-03,3.460284525547e+01
3790,0.000000000000e+00,29,1.000000000000e+02,1.814097021760e-04,7.343998468738e-04,1.895888883409e-03,1.311541819116e-04,4.578599992962e-03,5.011438626613e-03,4.460692694940e+01
3791,0.000000000000e+00,29,1.000000000000e+02,1.814102513434e-04,7.291487815679e-04,1.878374356164e-03,1.309455586810e-04,4.534271946895e-03,4.963538757308e-03,3.460197034397e+01
3792,0.000000000000e+00,29,1.000000000000e+02,1.814108049311e-04,7.344072507267e-04,1.895913328730e-03,1.311121884890e-04,4.578664412566e-03,5.011506716432e-03,4.452502903302e+01
3793,0.000000000000e+00,29,1.000000000000e+02,1.814113556941e-04,7.291483408942e-04,1.878370430610e-03,1.309925054895e-04,4.534268813804e-03,4.963535583629e-03,3.460058218382e+01
3794,0.000000000000e+00,29,1.000000000000e+02,1.814119209958e-04,7.344242705113e-04,1.895894993269e-03,1.311507078500e-04,4.578697523806e-03,5.011533533490e-03,4.459762607600e+01
3795,0.000000000000e+00,29,1.000000000000e+02,1.814124910719e-04,7.291358129069e-04,1.878336163525e-03,1.310206763863e-04,4.534199125265e-03,4.963457857388e-03,3.459869272897e+01
3796,0.000000000000e+00,29,1.000000000000e+02,1.814130686403e-04,7.344252473340e-04,1.895865631401e-03,1.311728670415e-04,4.578667927651e-03,5.011496108848e-03,4.464092243810e+01
3797,0.000000000000e+00,29,1.000000000000e+02,1.814136342746e-04,7.291241535734e-04,1.878301141451e-03,1.310514850206e-04,4.534137302191e-03,4.963387228108e-03,3.459680853096e+01
3798,0.000000000000e+00,29,1.000000000000e+02,1.814141943587e-04,7.344306878396e-04,1.895843989032e-03,1.311925309992e-04,4.578659175797e-03,5.011481237547e-03,4.465591206145e+01
3799,0.000000000000e+00,29,1.000000000000e+02,1.814147406648e-04,7.291155466992e-04,1.878272811862e-03,1.310776748172e-04,4.534091180487e-03,4.963333801592e-03,3.459520038665e+01
3800,0.000000000000e+00,29,1.000000000000e+02,1.814152888794e-04,7.344357379447e-04,1.895830538348e-03,1.312121631844e-04,4.578661901213e-03,5.011479893274e-03,4.464372526670e+01
3801,0.000000000000e+00,29,1.000000000000e+02,1.814158340271e-04,7.291164177170e-04,1.878260441223e-03,1.311141118559e-04,4.534090316528e-03,4.963329421307e-03,3.459397408184e+01
3802,0.000000000000e+00,29,1.000000000000e+02,1.814163892936e-04,7.344491035402e-04,1.895834927522e-03,1.312041864760e-04,4.578708225823e-03,5.011525627379e-03,4.460645228225e+01
3803,0.000000000000e+00,29,1.000000000000e+02,1.814169442473e-04,7.291232040991e-04,1.878261251315e-03,1.311006091986e-04,4.534120507958e-03,4.963357948543e-03,3.459317311358e+01
3804,0.000000000000e+00,29,1.000000000000e+02,1.814175065543e-04,7.344647043780e-04,1.895851521092e-03,1.311703446404e-04,4.578775082406e-03,5.011594387675e-03,4.455016626694e+01
3805,0.000000000000e+00,29,1.000000000000e+02,1.814180638784e-04,7.291390745063e-04,1.878278912538e-03,1.310746900795e-04,4.534197470374e-03,4.963436585470e-03,3.459282058102e+01
3806,0.000000000000e+00,29,1.000000000000e+02,1.814186252152e-04,7.344818149537e-04,1.895885179030e-03,1.311227048725e-04,4.578867075799e-03,5.011692429722e-03,4.447384569002e+01
3807,0.000000000000e+00,29,1.000000000000e+02,1.814191795766e-04,7.291611832399e-04,1.878309704739e-03,1.310434872589e-04,4.534307273724e-03,4.963550969433e-03,3.459293524444e+01
3808,0.000000000000e+00,29,1.000000000000e+02,1.814197370023e-04,7.345032065956e-04,1.895929179917e-03,1.310805105457e-04,4.578980179339e-03,5.011814441775e-03,4.437963912715e+01
3809,0.000000000000e+00,29,1.000000000000e+02,1.814202881463e-04,7.291873865876e-04,1.878353264422e-03,1.310419993251e-04,4.534444720952e-03,4.963696824312e-03,3.459353603628e+01
3810,0.000000000000e+00,29,1.000000000000e+02,1.814208444491e-04,7.345274536632e-04,1.895990704306e-03,1.310730730807e-04,4.579121443184e-03,5.011970138869e-03,4.427462542613e+01
3811,0.000000000000e+00,29,1.000000000000e+02,1.814213961257e-04,7.292208520272e-04,1.878411688726e-03,1.310617403249e-04,4.534620820652e-03,4.963885241445e-03,3.459464177471e+01
3812,0.000000000000e+00,29,1.000000000000e+02,1.814219529202e-04,7.345545992914e-04,1.896061870090e-03,1.310846875711e-04,4.579279257682e-03,5.012145527586e-03,4.415754399322e+01
3813,0.000000000000e+00,29,1.000000000000e+02,1.814225044402e-04,7.292609332161e-04,1.878478483445e-03,1.310970084850e-04,4.534825313960e-03,4.964104146293e-03,3.459626205893e+01
3814,0.000000000000e+00,29,1.000000000000e+02,1.814230613268e-04,7.345846978477e-04,1.896148260693e-03,1.311035934933e-04,4.579464545149e-03,5.012352399557e-03,4.404589911788e+01
3815,0.000000000000e+00,29,1.000000000000e+02,1.814236135838e-04,7.293099613180e-04,1.878563880393e-03,1.311073379523e-04,4.535077076486e-03,4.964373927912e-03,3.459838967662e+01
3816,0.000000000000e+00,29,1.000000000000e+02,1.814241708868e-04,7.346163018263e-04,1.896248106327e-03,1.311310812356e-04,4.579669516281e-03,5.012582790386e-03,4.395121746008e+01
3817,0.000000000000e+00,29,1.000000000000e+02,1.814247224538e-04,7.293618634278e-04,1.878658543416e-03,1.311293854544e-04,4.535345016594e-03,4.964662726293e-03,3.460099330879e+01
3818,0.000000000000e+00,29,1.000000000000e+02,1.814252788397e-04,7.346548448604e-04,1.896361108907e-03,1.311503812353e-04,4.579910088081e-03,5.012851487313e-03,4.389233627827e+01
3819,0.000000000000e+00,29,1.000000000000e+02,1.814258305559e-04,7.294197630786e-04,1.878771921839e-03,1.311548969270e-04,4.535652709546e-03,4.964995894627e-03,3.460401209893e+01
3820,0.000000000000e+00,29,1.000000000000e+02,1.814263878014e-04,7.346992521185e-04,1.896490407433e-03,1.311502561881e-04,4.580188301832e-03,5.013161091217e-03,4.400464096381e+01
3821,0.000000000000e+00,29,1.000000000000e+02,1.814269395184e-04,7.294815148741e-04,1.878895161986e-03,1.311473240168e-04,4.535980152974e-03,4.965350529323e-03,3.460735572319e+01
3822,0.000000000000e+00,29,1.000000000000e+02,1.814274956159e-04,7.347455429370e-04,1.896624229023e-03,1.311493353855e-04,4.580479704812e-03,5.013484711590e-03,4.395047800276e+01
3823,0.000000000000e+00,29,1.000000000000e+02,1.814280465455e-04,7.295479416745e-04,1.879030654368e-03,1.311475825749e-04,4.536335223386e-03,4.965735932025e-03,3.461090867432e+01
3824,0.000000000000e+00,29,1.000000000000e+02,1.814286031139e-04,7.347951070452e-04,1.896769996611e-03,1.311472534898e-04,4.580798211926e-03,5.013838063785e-03,4.392800888387e+01
3825,0.000000000000e+00,29,1.000000000000e+02,1.814291544830e-04,7.296167600321e-04,1.879174572783e-03,1.311379999453e-04,4.536704979731e-03,4.966138030669e-03,3.461453881914e+01
3826,0.000000000000e+00,29,1.000000000000e+02,1.814297103573e-04,7.348466896724e-04,1.896915370913e-03,1.311458784632e-04,4.581123254423e-03,5.014197552489e-03,4.392099492866e+01
3827,0.000000000000e+00,29,1.000000000000e+02,1.814302607365e-04,7.296852484496e-04,1.879318786489e-03,1.311360497470e-04,4.537073497549e-03,4.966539262782e-03,3.461810905476e+01
3828,0.000000000000e+00,29,1.000000000000e+02,1.814308168865e-04,7.348996534920e-04,1.897062920510e-03,1.311512917245e-04,4.581458102974e-03,5.014567203230e-03,4.400431949422e+01
3829,0.000000000000e+00,29,1.000000000000e+02,1.814313686343e-04,7.297524315412e-04,1.879465125227e-03,1.311259014035e-04,4.537439939823e-03,4.966938994774e-03,3.462149001516e+01
3830,0.000000000000e+00,29,1.000000000000e+02,1.814319256546e-04,7.349520318956e-04,1.897202762284e-03,1.311487469982e-04,4.581784502038e-03,5.014925924414e-03,4.406865761035e+01
3831,0.000000000000e+00,29,1.000000000000e+02,1.814324769527e-04,7.298140738140e-04,1.879598214962e-03,1.311270650495e-04,4.537775907520e-03,4.967305358651e-03,3.462456978029e+01
3832,0.000000000000e+00,29,1.000000000000e+02,1.814330332025e-04,7.350019096064e-04,1.897329574122e-03,1.311480521272e-04,4.582091082533e-03,5.015261291316e-03,4.402667573055e+01
3833,0.000000000000e+00,29,1.000000000000e+02,1.814335844540e-04,7.298712220221e-04,1.879722079184e-03,1.311335641897e-04,4.538089781389e-03,4.967647528893e-03,3.462726534233e+01
3834,0.000000000000e+00,29,1.000000000000e+02,1.814341409630e-04,7.350482444825e-04,1.897446038113e-03,1.311410196717e-04,4.582375341517e-03,5.015571665010e-03,4.399535402379e+01
3835,0.000000000000e+00,29,1.000000000000e+02,1.814346917946e-04,7.299212083282e-04,1.879829765257e-03,1.311345064399e-04,4.538363639259e-03,4.967945822737e-03,3.462953088597e+01
3836,0.000000000000e+00,29,1.000000000000e+02,1.814352473512e-04,7.350895908846e-04,1.897543900797e-03,1.311397219539e-04,4.582622473301e-03,5.015840500012e-03,4.397931364728e+01
3837,0.000000000000e+00,29,1.000000000000e+02,1.814357975645e-04,7.299640890628e-04,1.879920701316e-03,1.311411935614e-04,4.538598660576e-03,4.968201407853e-03,3.463136083255e+01
3838,0.000000000000e+00,29,1.000000000000e+02,1.814363529962e-04,7.351251398069e-04,1.897627235430e-03,1.311373795334e-04,4.582835613392e-03,5.016071906134e-03,4.395935129360e+01
3839,0.000000000000e+00,29,1.000000000000e+02,1.814369032368e-04,7.299992824040e-04,1.879994739256e-03,1.311427323064e-04,4.538792486770e-03,4.968411700547e-03,3.463278578063e+01
3840,0.000000000000e+00,29,1.000000000000e+02,1.814374585921e-04,7.351541483989e-04,1.897692016464e-03,1.311330076410e-04,4.583006230764e-03,5.016256431661e-03,4.393416072364e+01
3841,0.000000000000e+00,29,1.000000000000e+02,1.814380086201e-04,7.300271197703e-04,1.880050707353e-03,1.311474270272e-04,4.538944577038e-03,4.968576031305e-03,3.463386523869e+01
3842,0.000000000000e+00,29,1.000000000000e+02,1.814385639876e-04,7.351779941733e-04,1.897743663084e-03,1.311256751138e-04,4.583145294808e-03,5.016406326235e-03,4.390434092445e+01
3843,0.000000000000e+00,29,1.000000000000e+02,1.814391143409e-04,7.300502110236e-04,1.880094852535e-03,1.311433019849e-04,4.539069705874e-03,4.968710328202e-03,3.463467715027e+01
3844,0.000000000000e+00,29,1.000000000000e+02,1.814396701284e-04,7.351979112652e-04,1.897784221019e-03,1.311115932888e-04,4.583257697697e-03,5.016526915274e-03,4.387171699224e+01
3845,0.000000000000e+00,29,1.000000000000e+02,1.814402206866e-04,7.300688854465e-04,1.880126310577e-03,1.311367704971e-04,4.539166810470e-03,4.968813510997e-03,3.463530601190e+01
3846,0.000000000000e+00,29,1.000000000000e+02,1.814407764504e-04,7.352144703540e-04,1.897815762104e-03,1.311017845686e-04,4.583348508934e-03,5.016623985966e-03,4.383737650004e+01
3847,0.000000000000e+00,29,1.000000000000e+02,1.814413272415e-04,7.300845650249e-04,1.880151439916e-03,1.311349669838e-04,4.539249085384e-03,4.968900436498e-03,3.463583254344e+01
3848,0.000000000000e+00,29,1.000000000000e+02,1.814418836127e-04,7.352276006844e-04,1.897842593581e-03,1.310939865289e-04,4.583423793243e-03,5.016704639162e-03,4.380319292149e+01
3849,0.000000000000e+00,29,1.000000000000e+02,1.814424345595e-04,7.300980033871e-04,1.880171814295e-03,1.311316647397e-04,4.539319336143e-03,4.968974209512e-03,3.463632586285e+01
3850,0.000000000000e+00,29,1.000000000000e+02,1.814429899727e-04,7.352389071319e-04,1.897865430265e-03,1.310902188141e-04,4.583488426881e-03,5.016773888345e-03,4.377126604601e+01
3851,0.000000000000e+00,29,1.000000000000e+02,1.814435397155e-04,7.301112627058e-04,1.880191274774e-03,1.311305596057e-04,4.539388088022e-03,4.969046299141e-03,3.463683806516e+01
3852,0.000000000000e+00,29,1.000000000000e+02,1.814440950782e-04,7.352498304724e-04,1.897889750052e-03,1.310858772317e-04,4.583553902051e-03,5.016844396309e-03,4.374324737371e+01
3853,0.000000000000e+00,29,1.000000000000e+02,1.814446456613e-04,7.301252055982e-04,1.880212493345e-03,1.311260027326e-04,4.539460314256e-03,4.969122237304e-03,3.463740181888e+01
3854,0.000000000000e+00,29,1.000000000000e+02,1.814452011762e-04,7.352612160410e-04,1.897914659543e-03,1.310813742814e-04,4.583620923126e-03,5.016916603286e-03,4.371963540700e+01
3855,0.000000000000e+00,29,1.000000000000e+02,1.814457509950e-04,7.301399502518e-04,1.880235026407e-03,1.311235663472e-04,4.539535787035e-03,4.969201812455e-03,3.463803063863e+01
3856,0.000000000000e+00,29,1.000000000000e+02,1.814463064703e-04,7.352734165403e-04,1.897942712359e-03,1.310775938513e-04,4.583694636237e-03,5.016996251777e-03,4.370051415654e+01
3857,0.000000000000e+00,29,1.000000000000e+02,1.814468576412e-04,7.301560689388e-04,1.880261870689e-03,1.311203387615e-04,4.539620064021e-03,4.969291242851e-03,3.463872132188e+01
3858,0.000000000000e+00,29,1.000000000000e+02,1.814474141661e-04,7.352867351386e-04,1.897973314395e-03,1.310718689059e-04,4.583774718782e-03,5.017082797043e-03,4.368526920267e+01
3859,0.000000000000e+00,29,1.000000000000e+02,1.814479646932e-04,7.301729099805e-04,1.880290271531e-03,1.311172904820e-04,4.539707483893e-03,4.969384244236e-03,3.463945811236e+01
3860,0.000000000000e+00,29,1.000000000000e+02,1.814485201649e-04,7.353010217178e-04,1.898005637708e-03,1.310679960307e-04,4.583860036131e-03,5.017174966426e-03,4.367261021339e+01
3861,0.000000000000e+00,29,1.000000000000e+02,1.814490710549e-04,7.301907104298e-04,1.880321619195e-03,1.311171691031e-04,4.539801088949e-03,4.969484229220e-03,3.464021771694e+01
3862,0.000000000000e+00,29,1.000000000000e+02,1.814496275729e-04,7.353160181313e-04,1.898039950235e-03,1.310619332574e-04,4.583950170716e-03,5.017272336356e-03,4.366210405042e+01
3863,0.000000000000e+00,29,1.000000000000e+02,1.814501781197e-04,7.302087595849e-04,1.880353709179e-03,1.311151031234e-04,4.539895800188e-03,4.969585490866e-03,3.464097441985e+01
3864,0.000000000000e+00,29,1.000000000000e+02,1.814507330376e-04,7.353314504648e-04,1.898073786837e-03,1.310584222012e-04,4.584041051930e-03,5.017370338946e-03,4.365103346290e+01
3865,0.000000000000e+00,29,1.000000000000e+02,1.814512828574e-04,7.302265945670e-04,1.880385523460e-03,1.311151668828e-04,4.539989706275e-03,4.969685937393e-03,3.464170456572e+01
3866,0.000000000000e+00,29,1.000000000000e+02,1.814518385033e-04,7.353467136243e-04,1.898107478846e-03,1.310542312086e-04,4.584131642195e-03,5.017467978471e-03,4.363927360181e+01
3867,0.000000000000e+00,29,1.000000000000e+02,1.814523886045e-04,7.302438260022e-04,1.880416432705e-03,1.311140548367e-04,4.540080714894e-03,4.969783274845e-03,3.464238997842e+01
3868,0.000000000000e+00,29,1.000000000000e+02,1.814529429443e-04,7.353613906536e-04,1.898138941110e-03,1.310490867707e-04,4.584217703764e-03,5.017560526120e-03,4.362658809784e+01
3869,0.000000000000e+00,29,1.000000000000e+02,1.814534915656e-04,7.302597950299e-04,1.880444501408e-03,1.311139964465e-04,4.540164918427e-03,4.969873163140e-03,3.464302019519e+01
3870,0.000000000000e+00,29,1.000000000000e+02,1.814540460136e-04,7.353751646273e-04,1.898168147574e-03,1.310447142509e-04,4.584298485537e-03,5.017647284420e-03,4.361079226528e+01
3871,0.000000000000e+00,29,1.000000000000e+02,1.814545954180e-04,7.302747844029e-04,1.880470529357e-03,1.311140278801e-04,4.540244105389e-03,4.969957554883e-03,3.464359314115e+01
3872,0.000000000000e+00,29,1.000000000000e+02,1.814551493891e-04,7.353878748183e-04,1.898194865517e-03,1.310390527090e-04,4.584372903042e-03,5.017727097141e-03,4.359208669470e+01
3873,0.000000000000e+00,29,1.000000000000e+02,1.814556975435e-04,7.302883800873e-04,1.880493101085e-03,1.311135371351e-04,4.540315287182e-03,4.970033107331e-03,3.464411453415e+01
3874,0.000000000000e+00,29,1.000000000000e+02,1.814562512855e-04,7.353993712953e-04,1.898218434883e-03,1.310341973358e-04,4.584439694942e-03,5.017798594928e-03,4.357053275126e+01
3875,0.000000000000e+00,29,1.000000000000e+02,1.814568003771e-04,7.303010165865e-04,1.880513176302e-03,1.311136312873e-04,4.540381030761e-03,4.970102621664e-03,3.464459631774e+01
3876,0.000000000000e+00,29,1.000000000000e+02,1.814573545432e-04,7.354098344181e-04,1.898240228973e-03,1.310281134782e-04,4.584501078517e-03,5.017864296381e-03,4.354702940072e+01
3877,0.000000000000e+00,29,1.000000000000e+02,1.814579026525e-04,7.303126757578e-04,1.880531038561e-03,1.311128357788e-04,4.540441567584e-03,4.970166375054e-03,3.464505434822e+01
3878,0.000000000000e+00,29,1.000000000000e+02,1.814584554846e-04,7.354192735287e-04,1.898259656247e-03,1.310228615111e-04,4.584556302886e-03,5.017923346862e-03,4.352261594140e+01
3879,0.000000000000e+00,29,1.000000000000e+02,1.814590030522e-04,7.303237322986e-04,1.880546731672e-03,1.311118561931e-04,4.540497742717e-03,4.970225229747e-03,3.464550583243e+01
3880,0.000000000000e+00,29,1.000000000000e+02,1.814595557678e-04,7.354278980696e-04,1.898277955646e-03,1.310179693924e-04,4.584607589263e-03,5.017978262805e-03,4.349811353756e+01
3881,0.000000000000e+00,29,1.000000000000e+02,1.814601026309e-04,7.303345868325e-04,1.880562104922e-03,1.311095572139e-04,4.540553021362e-03,4.970283079964e-03,3.464596666537e+01
3882,0.000000000000e+00,29,1.000000000000e+02,1.814606541545e-04,7.354360611849e-04,1.898295887175e-03,1.310123899403e-04,4.584657009804e-03,5.018031249327e-03,4.347461895226e+01
3883,0.000000000000e+00,29,1.000000000000e+02,1.814612004394e-04,7.303452457892e-04,1.880576833398e-03,1.311070183057e-04,4.540606789920e-03,4.970339271647e-03,3.464644923065e+01
3884,0.000000000000e+00,29,1.000000000000e+02,1.814617525173e-04,7.354440466050e-04,1.898313766370e-03,1.310076308226e-04,4.584705712789e-03,5.018083555849e-03,4.345346317779e+01
3885,0.000000000000e+00,29,1.000000000000e+02,1.814622993480e-04,7.303562216691e-04,1.880592474814e-03,1.311040727929e-04,4.540662405906e-03,4.970397532307e-03,3.464696077773e+01
3886,0.000000000000e+00,29,1.000000000000e+02,1.814628513514e-04,7.354525715546e-04,1.898332806254e-03,1.310016908931e-04,4.584757275529e-03,5.018138962488e-03,4.343536060087e+01
3887,0.000000000000e+00,29,1.000000000000e+02,1.814633981425e-04,7.303673669611e-04,1.880608748332e-03,1.311002869838e-04,4.540718931302e-03,4.970456865657e-03,3.464750252172e+01
3888,0.000000000000e+00,29,1.000000000000e+02,1.814639507956e-04,7.354615669210e-04,1.898352372207e-03,1.309952765592e-04,4.584810618191e-03,5.018196250909e-03,4.342075908069e+01
3889,0.000000000000e+00,29,1.000000000000e+02,1.814644985615e-04,7.303796532793e-04,1.880626228005e-03,1.310950831836e-04,4.540779399887e-03,4.970520387913e-03,3.464806947553e+01
3890,0.000000000000e+00,29,1.000000000000e+02,1.814650516341e-04,7.354708953413e-04,1.898374022062e-03,1.309900394111e-04,4.584867905535e-03,5.018258011219e-03,4.341004071600e+01
3891,0.000000000000e+00,29,1.000000000000e+02,1.814655988090e-04,7.303921562778e-04,1.880646846985e-03,1.310894891897e-04,4.540844071968e-03,4.970588959583e-03,3.464865131529e+01
3892,0.000000000000e+00,29,1.000000000000e+02,1.814661505598e-04,7.354807240598e-04,1.898396688963e-03,1.309831710481e-04,4.584927544215e-03,5.018322335296e-03,4.340316687483e+01
3893,0.000000000000e+00,29,1.000000000000e+02,1.814666961332e-04,7.304047159725e-04,1.880666341609e-03,1.310838176736e-04,4.540906605980e-03,4.970655158936e-03,3.464923365232e+01
3894,0.000000000000e+00,29,1.000000000000e+02,1.814672461356e-04,7.354906636337e-04,1.898418216240e-03,1.309779342891e-04,4.584986370240e-03,5.018385544635e-03,4.339945562461e+01
3895,0.000000000000e+00,29,1.000000000000e+02,1.814677898341e-04,7.304173624073e-04,1.880685581825e-03,1.310783337049e-04,4.540968720666e-03,4.970720896673e-03,3.464979963075e+01
3896,0.000000000000e+00,29,1.000000000000e+02,1.814683380888e-04,7.355008106398e-04,1.898438098859e-03,1.309717547307e-04,4.585043867163e-03,5.018446923301e-03,4.339814158121e+01
3897,0.000000000000e+00,29,1.000000000000e+02,1.814688805479e-04,7.304285639551e-04,1.880703181031e-03,1.310748469140e-04,4.541025624625e-03,4.970781093669e-03,3.465033183311e+01
3898,0.000000000000e+00,29,1.000000000000e+02,1.814694282743e-04,7.355104495252e-04,1.898457655770e-03,1.309685803430e-04,4.585100666389e-03,5.018507545283e-03,4.340083694071e+01
3899,0.000000000000e+00,29,1.000000000000e+02,1.814699707899e-04,7.304392917817e-04,1.880721338654e-03,1.310714172516e-04,4.541082122392e-03,4.970841062775e-03,3.465081509494e+01
3900,0.000000000000e+00,29,1.000000000000e+02,1.814705189006e-04,7.355197741352e-04,1.898476248073e-03,1.309644228518e-04,4.585155535905e-03,5.018565967598e-03,4.340471405189e+01
3901,0.000000000000e+00,29,1.000000000000e+02,1.814710619659e-04,7.304490825563e-04,1.880737431752e-03,1.310678913295e-04,4.541133226034e-03,4.970895182774e-03,3.465123571438e+01
3902,0.000000000000e+00,29,1.000000000000e+02,1.814716107586e-04,7.355286005354e-04,1.898492467354e-03,1.309609542215e-04,4.585206171660e-03,5.018619569062e-03,4.340941369195e+01
3903,0.000000000000e+00,29,1.000000000000e+02,1.814721545531e-04,7.304578218770e-04,1.880751470922e-03,1.310651871674e-04,4.541178950501e-03,4.970943478725e-03,3.465158510634e+01
3904,0.000000000000e+00,29,1.000000000000e+02,1.814727039106e-04,7.355367891839e-04,1.898506781834e-03,1.309573964598e-04,4.585252738799e-03,5.018668636925e-03,4.341468749921e+01
3905,0.000000000000e+00,29,1.000000000000e+02,1.814732479855e-04,7.304653971391e-04,1.880763153264e-03,1.310620903115e-04,4.541218622156e-03,4.970985172058e-03,3.465185959111e+01
3906,0.000000000000e+00,29,1.000000000000e+02,1.814737971322e-04,7.355441478948e-04,1.898518265344e-03,1.309535882030e-04,4.585293424489e-03,5.018711132180e-03,4.342003900342e+01
3907,0.000000000000e+00,29,1.000000000000e+02,1.814743404813e-04,7.304716873811e-04,1.880771814893e-03,1.310592213539e-04,4.541251041757e-03,4.971018914621e-03,3.465206058181e+01
3908,0.000000000000e+00,29,1.000000000000e+02,1.814748887578e-04,7.355506080313e-04,1.898527261191e-03,1.309500558165e-04,4.585328422271e-03,5.018747365196e-03,4.342522769377e+01
3909,0.000000000000e+00,29,1.000000000000e+02,1.814754312599e-04,7.304768691065e-04,1.880778132708e-03,1.310564003092e-04,4.541277645705e-03,4.971046295923e-03,3.465219413238e+01
3910,0.000000000000e+00,29,1.000000000000e+02,1.814759787099e-04,7.355562332807e-04,1.898533860593e-03,1.309461661608e-04,4.585357969191e-03,5.018777579868e-03,4.343013202866e+01
3911,0.000000000000e+00,29,1.000000000000e+02,1.814765204720e-04,7.304809655304e-04,1.880781789536e-03,1.310534328340e-04,4.541298055938e-03,4.971066848874e-03,3.465226989832e+01
3912,0.000000000000e+00,29,1.000000000000e+02,1.814770673679e-04,7.355610418965e-04,1.898538278860e-03,1.309425587320e-04,4.585382364313e-03,5.018802150244e-03,4.343477264027e+01
3913,0.000000000000e+00,29,1.000000000000e+02,1.814776087407e-04,7.304842840124e-04,1.880783656374e-03,1.310505727971e-04,4.541314211502e-03,4.971082726277e-03,3.465229995954e+01
3914,0.000000000000e+00,29,1.000000000000e+02,1.814781552599e-04,7.355651706761e-04,1.898541200728e-03,1.309385944892e-04,4.585402790886e-03,5.018822419788e-03,4.343916961919e+01
3915,0.000000000000e+00,29,1.000000000000e+02,1.814786961791e-04,7.304869546909e-04,1.880783881153e-03,1.310472426462e-04,4.541326464168e-03,4.971094309358e-03,3.465229751417e+01
3916,0.000000000000e+00,29,1.000000000000e+02,1.814792422560e-04,7.355687916650e-04,1.898542776614e-03,1.309347302490e-04,4.585419853372e-03,5.018839034795e-03,4.344351067955e+01
3917,0.000000000000e+00,29,1.000000000000e+02,1.814797828973e-04,7.304892294847e-04,1.880783085363e-03,1.310442941728e-04,4.541336445258e-03,4.971103383017e-03,3.465227559084e+01
3918,0.000000000000e+00,29,1.000000000000e+02,1.814803288833e-04,7.355720671008e-04,1.898543911466e-03,1.309309332919e-04,4.585435333503e-03,5.018853988382e-03,4.344801399398e+01
3919,0.000000000000e+00,29,1.000000000000e+02,1.814808695335e-04,7.304913109269e-04,1.880781921144e-03,1.310409798783e-04,4.541345382724e-03,4.971111325834e-03,3.465224588648e+01
3920,0.000000000000e+00,29,1.000000000000e+02,1.814814155779e-04,7.355752151624e-04,1.898544664787e-03,1.309270031365e-04,4.585449702774e-03,5.018867760578e-03,4.345286478904e+01
3921,0.000000000000e+00,29,1.000000000000e+02,1.814819564614e-04,7.304933909850e-04,1.880780563425e-03,1.310374517583e-04,4.541353923168e-03,4.971118826911e-03,3.465221789178e+01
3922,0.000000000000e+00,29,1.000000000000e+02,1.814825028340e-04,7.355819420570e-04,1.898547251680e-03,1.309032739272e-04,4.585474835049e-03,5.018892068010e-03,4.345823686389e+01
3923,0.000000000000e+00,29,1.000000000000e+02,1.814830438363e-04,7.304982837232e-04,1.880779493601e-03,1.310088319547e-04,4.541370814998e-03,4.971133818299e-03,3.465219835349e+01
3924,0.000000000000e+00,29,1.000000000000e+02,1.814835902174e-04,7.355894263483e-04,1.898550545540e-03,1.308749997962e-04,4.585502679225e-03,5.018919113203e-03,4.346547410370e+01
3925,0.000000000000e+00,29,1.000000000000e+02,1.814841313784e-04,7.305035784882e-04,1.880778997742e-03,1.309787015240e-04,4.541389252756e-03,4.971150458579e-03,3.465219106093e+01
3926,0.000000000000e+00,29,1.000000000000e+02,1.814846780159e-04,7.355967717721e-04,1.898554279927e-03,1.308505768567e-04,4.585530779340e-03,5.018946639108e-03,4.347303070198e+01
3927,0.000000000000e+00,29,1.000000000000e+02,1.814852193909e-04,7.305061112202e-04,1.880779735396e-03,1.309737816059e-04,4.541401214484e-03,4.971161907843e-03,3.465219703780e+01
3928,0.000000000000e+00,29,1.000000000000e+02,1.814857661639e-04,7.356004731907e-04,1.898557375975e-03,1.308473163745e-04,4.585549403779e-03,5.018965283874e-03,4.348096108001e+01
3929,0.000000000000e+00,29,1.000000000000e+02,1.814863076426e-04,7.305091832721e-04,1.880780995310e-03,1.309705423352e-04,4.541415232983e-03,4.971175557199e-03,3.465221480943e+01
3930,0.000000000000e+00,29,1.000000000000e+02,1.814868545660e-04,7.356046556002e-04,1.898560906763e-03,1.308449389558e-04,4.585569927769e-03,5.018985922130e-03,4.348938207338e+01
3931,0.000000000000e+00,29,1.000000000000e+02,1.814873962882e-04,7.305123742361e-04,1.880782780294e-03,1.309679122264e-04,4.541430226955e-03,4.971190329881e-03,3.465224122093e+01
3932,0.000000000000e+00,29,1.000000000000e+02,1.814879435035e-04,7.356090391911e-04,1.898565146498e-03,1.308422154545e-04,4.585591970609e-03,5.019008236723e-03,4.349878180977e+01
3933,0.000000000000e+00,29,1.000000000000e+02,1.814884854548e-04,7.305159825527e-04,1.880785425849e-03,1.309643316587e-04,4.541447276600e-03,4.971207342403e-03,3.465227194380e+01
3934,0.000000000000e+00,29,1.000000000000e+02,1.814890327574e-04,7.356131686579e-04,1.898569763080e-03,1.308423235147e-04,4.585613900094e-03,5.019030626878e-03,4.350864337863e+01
3935,0.000000000000e+00,29,1.000000000000e+02,1.814895747003e-04,7.305204590478e-04,1.880788551957e-03,1.309586992767e-04,4.541467181935e-03,4.971227219085e-03,3.465230230716e+01
3936,0.000000000000e+00,29,1.000000000000e+02,1.814901219862e-04,7.356177791406e-04,1.898574857777e-03,1.308412995965e-04,4.585637855435e-03,5.019055089800e-03,4.351903810623e+01
3937,0.000000000000e+00,29,1.000000000000e+02,1.814906639380e-04,7.305241114914e-04,1.880791989011e-03,1.309584795063e-04,4.541485251011e-03,4.971245557393e-03,3.465232783498e+01
3938,0.000000000000e+00,29,1.000000000000e+02,1.814912112253e-04,7.356228615126e-04,1.898580306305e-03,1.308377830178e-04,4.585663347141e-03,5.019081094448e-03,4.352997472806e+01
3939,0.000000000000e+00,29,1.000000000000e+02,1.814917531347e-04,7.305277789926e-04,1.880794737348e-03,1.309548465999e-04,4.541502227951e-03,4.971262549719e-03,3.465234485185e+01
3940,0.000000000000e+00,29,1.000000000000e+02,1.814923003381e-04,7.356279088959e-04,1.898584506716e-03,1.308354557185e-04,4.585687061749e-03,5.019105029211e-03,4.354045385554e+01
3941,0.000000000000e+00,29,1.000000000000e+02,1.814928421577e-04,7.305313940733e-04,1.880797647941e-03,1.309536426974e-04,4.541519375573e-03,4.971279815648e-03,3.465235099124e+01
3942,0.000000000000e+00,29,1.000000000000e+02,1.814933892763e-04,7.356331948673e-04,1.898590413111e-03,1.308332701727e-04,4.585713615212e-03,5.019132241680e-03,4.355075983868e+01
3943,0.000000000000e+00,29,1.000000000000e+02,1.814939310151e-04,7.305350678870e-04,1.880801488051e-03,1.309511096728e-04,4.541537688536e-03,4.971298471464e-03,3.465234508257e+01
3944,0.000000000000e+00,29,1.000000000000e+02,1.814944780864e-04,7.356384193557e-04,1.898595722713e-03,1.308306955973e-04,4.585738994291e-03,5.019158136282e-03,4.356079320374e+01
3945,0.000000000000e+00,29,1.000000000000e+02,1.814950198172e-04,7.305385438016e-04,1.880804496713e-03,1.309494064160e-04,4.541554334097e-03,4.971315282240e-03,3.465232727518e+01
3946,0.000000000000e+00,29,1.000000000000e+02,1.814955668639e-04,7.356436104745e-04,1.898600985618e-03,1.308287832409e-04,4.585764141732e-03,5.019183813962e-03,4.357033572616e+01
3947,0.000000000000e+00,29,1.000000000000e+02,1.814961085269e-04,7.305419474824e-04,1.880807729927e-03,1.309476585499e-04,4.541571012815e-03,4.971332196474e-03,3.465229898797e+01
3948,0.000000000000e+00,29,1.000000000000e+02,1.814966554827e-04,7.356487306637e-04,1.898606232761e-03,1.308265440499e-04,4.585788923754e-03,5.019209132907e-03,4.357987223027e+01
3949,0.000000000000e+00,29,1.000000000000e+02,1.814971971459e-04,7.305463660831e-04,1.880810676312e-03,1.309427504475e-04,4.541590914504e-03,4.971352012454e-03,3.465226256502e+01
3950,0.000000000000e+00,29,1.000000000000e+02,1.814977442381e-04,7.356538063136e-04,1.898610422849e-03,1.308304039202e-04,4.585814438281e-03,5.019234873706e-03,4.351845310328e+01
3951,0.000000000000e+00,29,1.000000000000e+02,1.814982860589e-04,7.305506368454e-04,1.880810504921e-03,1.309304852977e-04,4.541608471370e-03,4.971368291287e-03,3.465222091968e+01
3952,0.000000000000e+00,29,1.000000000000e+02,1.814988332247e-04,7.356586754483e-04,1.898611959890e-03,1.308280753158e-04,4.585837131145e-03,5.019256841374e-03,4.352691243908e+01
3953,0.000000000000e+00,29,1.000000000000e+02,1.814993750468e-04,7.305538092454e-04,1.880810586392e-03,1.309287448943e-04,4.541623613255e-03,4.971382575381e-03,3.465217722667e+01
3954,0.000000000000e+00,29,1.000000000000e+02,1.814999222151e-04,7.356640319279e-04,1.898614617296e-03,1.308256317573e-04,4.585861996281e-03,5.019281285975e-03,4.353774478242e+01
3955,0.000000000000e+00,29,1.000000000000e+02,1.815004642946e-04,7.305572007121e-04,1.880810793740e-03,1.309269053376e-04,4.541639294924e-03,4.971397429808e-03,3.465213449023e+01
3956,0.000000000000e+00,29,1.000000000000e+02,1.815010113150e-04,7.356692645255e-04,1.898617081089e-03,1.308236874839e-04,4.585886385477e-03,5.019305217366e-03,4.354905549089e+01
3957,0.000000000000e+00,29,1.000000000000e+02,1.815015533123e-04,7.305607116373e-04,1.880811391678e-03,1.309250369083e-04,4.541655835360e-03,4.971413233338e-03,3.465209526761e+01
3958,0.000000000000e+00,29,1.000000000000e+02,1.815021003042e-04,7.356747658502e-04,1.898620298913e-03,1.308219558224e-04,4.585912309047e-03,5.019330880800e-03,4.356050112848e+01
3959,0.000000000000e+00,29,1.000000000000e+02,1.815026406143e-04,7.305644264314e-04,1.880812595383e-03,1.309229736544e-04,4.541673483868e-03,4.971430303164e-03,3.465206146226e+01
3960,0.000000000000e+00,29,1.000000000000e+02,1.815031846372e-04,7.356804193892e-04,1.898623943516e-03,1.308202137346e-04,4.585939095903e-03,5.019357516457e-03,4.357227106763e+01
3961,0.000000000000e+00,29,1.000000000000e+02,1.815037221995e-04,7.305683621888e-04,1.880814322707e-03,1.309211556781e-04,4.541692339616e-03,4.971448712906e-03,3.465203421651e+01
3962,0.000000000000e+00,29,1.000000000000e+02,1.815042649076e-04,7.356862923895e-04,1.898628261895e-03,1.308182898026e-04,4.585967299180e-03,5.019385728531e-03,4.358436987178e+01
3963,0.000000000000e+00,29,1.000000000000e+02,1.815048031722e-04,7.305725281676e-04,1.880816809476e-03,1.309193046998e-04,4.541712682465e-03,4.971468801484e-03,3.465201381453e+01
3964,0.000000000000e+00,29,1.000000000000e+02,1.815053483358e-04,7.356924567532e-04,1.898633209279e-03,1.308168647255e-04,4.585997036313e-03,5.019415635656e-03,4.359664005746e+01
3965,0.000000000000e+00,29,1.000000000000e+02,1.815058899409e-04,7.305769322876e-04,1.880819778347e-03,1.309178248473e-04,4.541734113542e-03,4.971490111384e-03,3.465199981473e+01
3966,0.000000000000e+00,29,1.000000000000e+02,1.815064383435e-04,7.356988654081e-04,1.898638677084e-03,1.308150608781e-04,4.586027980710e-03,5.019446868599e-03,4.360897129636e+01
3967,0.000000000000e+00,29,1.000000000000e+02,1.815069824043e-04,7.305816609440e-04,1.880823385912e-03,1.309160432330e-04,4.541757174774e-03,4.971513191905e-03,3.465199130673e+01
3968,0.000000000000e+00,29,1.000000000000e+02,1.815075321632e-04,7.357053185972e-04,1.898644593715e-03,1.308136431497e-04,4.586059726376e-03,5.019479019996e-03,4.362115917674e+01
3969,0.000000000000e+00,29,1.000000000000e+02,1.815080764615e-04,7.305866046070e-04,1.880827627464e-03,1.309145156311e-04,4.541781612994e-03,4.971537808525e-03,3.465198715560e+01
3970,0.000000000000e+00,29,1.000000000000e+02,1.815086255285e-04,7.357121927879e-04,1.898651241745e-03,1.308121132661e-04,4.586093465734e-03,5.019513328384e-03,4.363300063176e+01
3971,0.000000000000e+00,29,1.000000000000e+02,1.815091684844e-04,7.305916164560e-04,1.880832383970e-03,1.309133189115e-04,4.541806797297e-03,4.971563320292e-03,3.465198638836e+01
3972,0.000000000000e+00,29,1.000000000000e+02,1.815097158611e-04,7.357193214364e-04,1.898658312012e-03,1.308107499156e-04,4.586128299655e-03,5.019548838182e-03,4.364419108794e+01
3973,0.000000000000e+00,29,1.000000000000e+02,1.815102570971e-04,7.305968918348e-04,1.880837535025e-03,1.309123011787e-04,4.541833123742e-03,4.971590068181e-03,3.465198863335e+01
3974,0.000000000000e+00,29,1.000000000000e+02,1.815108033919e-04,7.357266013109e-04,1.898665889478e-03,1.308094323615e-04,4.586164158076e-03,5.019585499237e-03,4.365438292287e+01
3975,0.000000000000e+00,29,1.000000000000e+02,1.815113433701e-04,7.306023199310e-04,1.880843198524e-03,1.309113890391e-04,4.541860510546e-03,4.971618003866e-03,3.465199418457e+01
3976,0.000000000000e+00,29,1.000000000000e+02,1.815118869255e-04,7.357340110675e-04,1.898673933710e-03,1.308079111739e-04,4.586200867692e-03,5.019623128288e-03,4.366348339241e+01
3977,0.000000000000e+00,29,1.000000000000e+02,1.815124242960e-04,7.306079108614e-04,1.880849216959e-03,1.309105477860e-04,4.541888750316e-03,4.971646878863e-03,3.465200412367e+01
3978,0.000000000000e+00,29,1.000000000000e+02,1.815129671570e-04,7.357414979052e-04,1.898682256069e-03,1.308062216587e-04,4.586238089304e-03,5.019661337248e-03,4.367133680115e+01
3979,0.000000000000e+00,29,1.000000000000e+02,1.815135059712e-04,7.306136959988e-04,1.880855367728e-03,1.309100441973e-04,4.541917801161e-03,4.971676582328e-03,3.465202095958e+01
3980,0.000000000000e+00,29,1.000000000000e+02,1.815140515647e-04,7.357491207599e-04,1.898691001148e-03,1.308049287496e-04,4.586276147480e-03,5.019700500714e-03,4.367776699654e+01
3981,0.000000000000e+00,29,1.000000000000e+02,1.815145928817e-04,7.306197631626e-04,1.880862238056e-03,1.309095653583e-04,4.541948444971e-03,4.971708055381e-03,3.465204720913e+01
3982,0.000000000000e+00,29,1.000000000000e+02,1.815151396174e-04,7.357568786655e-04,1.898700403504e-03,1.308032463573e-04,4.586315204180e-03,5.019740834756e-03,4.368273244447e+01
3983,0.000000000000e+00,29,1.000000000000e+02,1.815156805386e-04,7.306260431769e-04,1.880869503730e-03,1.309091279285e-04,4.541980191137e-03,4.971740717444e-03,3.465208554381e+01
3984,0.000000000000e+00,29,1.000000000000e+02,1.815162258417e-04,7.357647479718e-04,1.898710367853e-03,1.308015200842e-04,4.586355177452e-03,5.019782233997e-03,4.368632286522e+01
3985,0.000000000000e+00,29,1.000000000000e+02,1.815167650170e-04,7.306326475580e-04,1.880877366789e-03,1.309088131218e-04,4.542013535433e-03,4.971775116393e-03,3.465213983057e+01
3986,0.000000000000e+00,29,1.000000000000e+02,1.815173088938e-04,7.357727727648e-04,1.898720898324e-03,1.307997137499e-04,4.586396048128e-03,5.019824688002e-03,4.368860921059e+01
3987,0.000000000000e+00,29,1.000000000000e+02,1.815178474193e-04,7.306395756037e-04,1.880885778635e-03,1.309084944342e-04,4.542048405281e-03,4.971811164108e-03,3.465221412402e+01
3988,0.000000000000e+00,29,1.000000000000e+02,1.815183916165e-04,7.357809254786e-04,1.898732161034e-03,1.307982204397e-04,4.586438129881e-03,5.019868552396e-03,4.368985400298e+01
3989,0.000000000000e+00,29,1.000000000000e+02,1.815189313308e-04,7.306468746647e-04,1.880894996085e-03,1.309082544262e-04,4.542085286375e-03,4.971849410585e-03,3.465231212256e+01
3990,0.000000000000e+00,29,1.000000000000e+02,1.815194772637e-04,7.357892968421e-04,1.898744333329e-03,1.307966006823e-04,4.586481800043e-03,5.019914240858e-03,4.369058003780e+01
3991,0.000000000000e+00,31,1.000000000000e+02,1.815200188922e-04,7.306545563712e-04,1.880905094410e-03,1.309078374988e-04,4.542124215081e-03,4.971889912505e-03,3.465243652926e+01
3992,0.000000000000e+00,29,1.000000000000e+02,1.815205671195e-04,7.357680154333e-04,1.898746734716e-03,1.307170778535e-04,4.586425008106e-03,5.019858070160e-03,4.317998263807e+01
3993,0.000000000000e+00,31,1.000000000000e+02,1.815211083923e-04,7.306684226391e-04,1.880902495580e-03,1.309635273618e-04,4.542170630298e-03,4.971934836857e-03,3.465276336195e+01
3994,0.000000000000e+00,29,1.000000000000e+02,1.815216573384e-04,7.357777598234e-04,1.898755195831e-03,1.307334213835e-04,4.586462415235e-03,5.019897301676e-03,4.310949454864e+01
3995,0.000000000000e+00,31,1.000000000000e+02,1.815222062802e-04,7.306689395862e-04,1.880901283300e-03,1.309448005466e-04,4.542178728318e-03,4.971941359023e-03,3.465320310050e+01
3996,0.000000000000e+00,29,1.000000000000e+02,1.815227605438e-04,7.357759900537e-04,1.898762158084e-03,1.307279098237e-04,4.586464313440e-03,5.019901266496e-03,4.302617021182e+01
3997,0.000000000000e+00,31,1.000000000000e+02,1.815233048139e-04,7.306800608141e-04,1.880905662611e-03,1.309400172804e-04,4.542224588664e-03,4.971986420426e-03,3.465397156983e+01
3998,0.000000000000e+00,29,1.000000000000e+02,1.815238489194e-04,7.357760588043e-04,1.898776424370e-03,1.307218310540e-04,4.586478621776e-03,5.019919587362e-03,4.294719065172e+01
3999,0.000000000000e+00,31,1.000000000000e+02,1.815243856603e-04,7.306916203805e-04,1.880917197673e-03,1.309268732815e-04,4.542278842470e-03,4.972041701102e-03,3.465510831362e+01
4000,0.000000000000e+00,29,1.000000000000e+02,1.815249285710e-04,7.357793694693e-04,1.898799123269e-03,1.307195374589e-04,4.586511982692e-03,5.019959079107e-03,4.290850876372e+01
4001,0.000000000000e+00,31,1.000000000000e+02,1.815254690791e-04,7.307087367277e-04,1.880940813204e-03,1.309124508432e-04,4.542361339832e-03,4.972128137135e-03,3.465660219947e+01
4002,0.000000000000e+00,29,1.000000000000e+02,1.815260169616e-04,7.357873184249e-04,1.898834087873e-03,1.307190712131e-04,4.586574695301e-03,5.020030755123e-03,4.290909944173e+01
4003,0.000000000000e+00,31,1.000000000000e+02,1.815265604905e-04,7.307301319219e-04,1.880978685685e-03,1.308938755290e-04,4.542471473265e-03,4.972245733447e-03,3.465839014921e+01
4004,0.000000000000e+00,29,1.000000000000e+02,1.815271083469e-04,7.358011607368e-04,1.898881780648e-03,1.307206860140e-04,4.586672141795e-03,5.020139898358e-03,4.294820842542e+01
4005,0.000000000000e+00,31,1.000000000000e+02,1.815276493384e-04,7.307561344344e-04,1.881030835299e-03,1.308749739449e-04,4.542609811516e-03,4.972395166301e-03,3.466035853634e+01
4006,0.000000000000e+00,29,1.000000000000e+02,1.815281938693e-04,7.358205636100e-04,1.898939681188e-03,1.307229823050e-04,4.586801683314e-03,5.020283059228e-03,4.302214524755e+01
4007,0.000000000000e+00,31,1.000000000000e+02,1.815287321171e-04,7.307853855608e-04,1.881093604841e-03,1.308566267043e-04,4.542767824297e-03,4.972567082720e-03,3.466234619859e+01
4008,0.000000000000e+00,29,1.000000000000e+02,1.815292753643e-04,7.358446915751e-04,1.899003250346e-03,1.307274266606e-04,4.586955651585e-03,5.020451430363e-03,4.312401853492e+01
4009,0.000000000000e+00,31,1.000000000000e+02,1.815298136888e-04,7.308150280067e-04,1.881162590786e-03,1.308427539243e-04,4.542932876259e-03,4.972747956873e-03,3.466416494439e+01
4010,0.000000000000e+00,29,1.000000000000e+02,1.815303578798e-04,7.358725319411e-04,1.899068386462e-03,1.307317963388e-04,4.587125852557e-03,5.020635767460e-03,4.324387513462e+01
4011,0.000000000000e+00,31,1.000000000000e+02,1.815308973289e-04,7.308426144178e-04,1.881230564399e-03,1.308314317507e-04,4.543089553300e-03,4.972920562035e-03,3.466562603238e+01
4012,0.000000000000e+00,29,1.000000000000e+02,1.815314424092e-04,7.358981936009e-04,1.899123477502e-03,1.307418069869e-04,4.587282139549e-03,5.020803419978e-03,4.337034512319e+01
4013,0.000000000000e+00,31,1.000000000000e+02,1.815319824610e-04,7.308633163112e-04,1.881290097381e-03,1.308393535784e-04,4.543218417320e-03,4.973064059668e-03,3.466656604190e+01
4014,0.000000000000e+00,29,1.000000000000e+02,1.815325280243e-04,7.359202558452e-04,1.899165100837e-03,1.307596608097e-04,4.587415127901e-03,5.020944368124e-03,4.349302696620e+01
4015,0.000000000000e+00,31,1.000000000000e+02,1.815330685092e-04,7.308751780865e-04,1.881335706409e-03,1.308610731730e-04,4.543307700605e-03,4.973165194220e-03,3.466686901513e+01
4016,0.000000000000e+00,29,1.000000000000e+02,1.815336143534e-04,7.359384017565e-04,1.899188680494e-03,1.307762886734e-04,4.587515010212e-03,5.021047637883e-03,4.360272631644e+01
4017,0.000000000000e+00,31,1.000000000000e+02,1.815341550018e-04,7.308811067201e-04,1.881358524595e-03,1.308729997330e-04,4.543350990104e-03,4.973214559172e-03,3.466648195225e+01
4018,0.000000000000e+00,29,1.000000000000e+02,1.815347012097e-04,7.359532707484e-04,1.899194946312e-03,1.307847073366e-04,4.587583339848e-03,5.021114836423e-03,4.369098878559e+01
4019,0.000000000000e+00,31,1.000000000000e+02,1.815352425816e-04,7.308770613380e-04,1.881358112681e-03,1.308818328017e-04,4.543339956202e-03,4.973203961102e-03,3.466542154250e+01
4020,0.000000000000e+00,29,1.000000000000e+02,1.815357895017e-04,7.359608978700e-04,1.899177560238e-03,1.307842320534e-04,4.587598962633e-03,5.021123639766e-03,4.375412050162e+01
4021,0.000000000000e+00,31,1.000000000000e+02,1.815363310968e-04,7.308627374016e-04,1.881330819560e-03,1.308897557481e-04,4.543268969691e-03,4.973126888857e-03,3.466377251325e+01
4022,0.000000000000e+00,29,1.000000000000e+02,1.815368779267e-04,7.359600784088e-04,1.899137972884e-03,1.307862308456e-04,4.587561551307e-03,5.021074417121e-03,4.379089395296e+01
4023,0.000000000000e+00,31,1.000000000000e+02,1.815374196896e-04,7.308400047214e-04,1.881282752960e-03,1.309014609417e-04,4.543152432533e-03,4.972999208404e-03,3.466167594615e+01
4024,0.000000000000e+00,29,1.000000000000e+02,1.815379669964e-04,7.359517825301e-04,1.899082288189e-03,1.307850985528e-04,4.587480378702e-03,5.020977945629e-03,4.380467818928e+01
4025,0.000000000000e+00,31,1.000000000000e+02,1.815385090066e-04,7.308109020329e-04,1.881216457514e-03,1.309067556994e-04,4.542997361551e-03,4.972828324032e-03,3.465931065159e+01
4026,0.000000000000e+00,29,1.000000000000e+02,1.815390561522e-04,7.359369906010e-04,1.899012428454e-03,1.307846246602e-04,4.587359840605e-03,5.020839211008e-03,4.380053686807e+01
4027,0.000000000000e+00,31,1.000000000000e+02,1.815395980060e-04,7.307785327635e-04,1.881138808811e-03,1.309137865266e-04,4.542821231644e-03,4.972633471727e-03,3.465687328189e+01
4028,0.000000000000e+00,29,1.000000000000e+02,1.815401454217e-04,7.359183053982e-04,1.898939002812e-03,1.307846685362e-04,4.587221384010e-03,5.020682199071e-03,4.378407274945e+01
4029,0.000000000000e+00,31,1.000000000000e+02,1.815406878995e-04,7.307461012297e-04,1.881058950175e-03,1.309137871233e-04,4.542643122081e-03,4.972435780656e-03,3.465455526903e+01
4030,0.000000000000e+00,29,1.000000000000e+02,1.815412357644e-04,7.358980477303e-04,1.898866149991e-03,1.307824816358e-04,4.587076047945e-03,5.020518829700e-03,4.376206887864e+01
4031,0.000000000000e+00,31,1.000000000000e+02,1.815417784086e-04,7.307164818429e-04,1.880981577230e-03,1.309134905138e-04,4.542475808778e-03,4.972249298461e-03,3.465252224499e+01
4032,0.000000000000e+00,29,1.000000000000e+02,1.815423266102e-04,7.358790430353e-04,1.898802130899e-03,1.307826350924e-04,4.586943549248e-03,5.020370775143e-03,4.374056747722e+01
4033,0.000000000000e+00,31,1.000000000000e+02,1.815428699670e-04,7.306925199015e-04,1.880916929087e-03,1.309101940415e-04,4.542339661268e-03,4.972096854447e-03,3.465089815385e+01
4034,0.000000000000e+00,29,1.000000000000e+02,1.815434186958e-04,7.358635517008e-04,1.898752363571e-03,1.307799582384e-04,4.586837169348e-03,5.020252416013e-03,4.372452566098e+01
4035,0.000000000000e+00,31,1.000000000000e+02,1.815439618575e-04,7.306759798121e-04,1.880867034307e-03,1.309052361156e-04,4.542240647382e-03,4.971984962546e-03,3.464975612940e+01
4036,0.000000000000e+00,29,1.000000000000e+02,1.815445100520e-04,7.358534597104e-04,1.898719887595e-03,1.307797180889e-04,4.586767020611e-03,5.020174554908e-03,4.371706980283e+01
4037,0.000000000000e+00,31,1.000000000000e+02,1.815450531315e-04,7.306681427382e-04,1.880838984547e-03,1.309009845100e-04,4.542191630320e-03,4.971928307498e-03,3.464911606324e+01
4038,0.000000000000e+00,29,1.000000000000e+02,1.815456017253e-04,7.358500409883e-04,1.898708341022e-03,1.307776104592e-04,4.586741772037e-03,5.020146562984e-03,4.371977438928e+01
4039,0.000000000000e+00,31,1.000000000000e+02,1.815461451157e-04,7.306688444124e-04,1.880829762199e-03,1.308943347270e-04,4.542187054632e-03,4.971920566611e-03,3.464894829239e+01
4040,0.000000000000e+00,29,1.000000000000e+02,1.815466936687e-04,7.358533490401e-04,1.898713189369e-03,1.307771230029e-04,4.586756170830e-03,5.020162024609e-03,4.372781264962e+01
4041,0.000000000000e+00,31,1.000000000000e+02,1.815472369595e-04,7.306777011188e-04,1.880839821865e-03,1.308909824169e-04,4.542227443189e-03,4.971962483101e-03,3.464918296047e+01
4042,0.000000000000e+00,29,1.000000000000e+02,1.815477857376e-04,7.358635678293e-04,1.898736837043e-03,1.307780971547e-04,4.586814785053e-03,5.020226045695e-03,4.374944370833e+01
4043,0.000000000000e+00,31,1.000000000000e+02,1.815483294207e-04,7.306929380984e-04,1.880865964739e-03,1.308848146323e-04,4.542304654474e-03,4.972044987312e-03,3.464972286603e+01
4044,0.000000000000e+00,29,1.000000000000e+02,1.815488783813e-04,7.358781481746e-04,1.898766512183e-03,1.307735969024e-04,4.586897177780e-03,5.020314568822e-03,4.377322527013e+01
4045,0.000000000000e+00,31,1.000000000000e+02,1.815494219527e-04,7.307116091167e-04,1.880895410075e-03,1.308849659536e-04,4.542398422131e-03,4.972144537223e-03,3.465045824414e+01
4046,0.000000000000e+00,29,1.000000000000e+02,1.815499709051e-04,7.358980628089e-04,1.898806984956e-03,1.307789171395e-04,4.587010889344e-03,5.020436828513e-03,4.379832180668e+01
4047,0.000000000000e+00,31,1.000000000000e+02,1.815505148183e-04,7.307352938071e-04,1.880942101490e-03,1.308867473719e-04,4.542525823713e-03,4.972282117752e-03,3.465128121386e+01
4048,0.000000000000e+00,29,1.000000000000e+02,1.815510641980e-04,7.359215320533e-04,1.898856100301e-03,1.307770043249e-04,4.587144985770e-03,5.020581314581e-03,4.382066970039e+01
4049,0.000000000000e+00,31,1.000000000000e+02,1.815516081886e-04,7.307593190295e-04,1.880988533843e-03,1.308891035302e-04,4.542653498422e-03,4.972419914986e-03,3.465209804939e+01
4050,0.000000000000e+00,29,1.000000000000e+02,1.815521574140e-04,7.359455622370e-04,1.898903404674e-03,1.307792006552e-04,4.587279494741e-03,5.020725681916e-03,4.383742362550e+01
4051,0.000000000000e+00,31,1.000000000000e+02,1.815527013961e-04,7.307828324479e-04,1.881035514994e-03,1.308964876987e-04,4.542781215804e-03,4.972558015953e-03,3.465283817808e+01
4052,0.000000000000e+00,29,1.000000000000e+02,1.815532508759e-04,7.359700496862e-04,1.898950453530e-03,1.307757910888e-04,4.587415023438e-03,5.020870805328e-03,4.384656672180e+01
4053,0.000000000000e+00,31,1.000000000000e+02,1.815537950520e-04,7.308045878486e-04,1.881078602293e-03,1.309011089518e-04,4.542899630914e-03,4.972685814578e-03,3.465345905627e+01
4054,0.000000000000e+00,29,1.000000000000e+02,1.815543444580e-04,7.359921799519e-04,1.898991285101e-03,1.307784028380e-04,4.587536018857e-03,5.021000110018e-03,4.384705513805e+01
4055,0.000000000000e+00,31,1.000000000000e+02,1.815548884736e-04,7.308238752410e-04,1.881115273869e-03,1.309074544809e-04,4.543004114469e-03,4.972798141482e-03,3.465394689590e+01
4056,0.000000000000e+00,29,1.000000000000e+02,1.815554379606e-04,7.360123907287e-04,1.899027297600e-03,1.307803640162e-04,4.587645403223e-03,5.021116685127e-03,4.383927332088e+01
4057,0.000000000000e+00,31,1.000000000000e+02,1.815559822450e-04,7.308407765580e-04,1.881146447266e-03,1.309126351368e-04,4.543096075436e-03,4.972896566934e-03,3.465431351824e+01
4058,0.000000000000e+00,29,1.000000000000e+02,1.815565318302e-04,7.360299645154e-04,1.899057261001e-03,1.307803410382e-04,4.587739016080e-03,5.021216124256e-03,4.382516404788e+01
4059,0.000000000000e+00,31,1.000000000000e+02,1.815570759790e-04,7.308551580297e-04,1.881170498421e-03,1.309175582385e-04,4.543172825550e-03,4.972978024888e-03,3.465459044831e+01
4060,0.000000000000e+00,29,1.000000000000e+02,1.815576255219e-04,7.360451998757e-04,1.899082105859e-03,1.307820488305e-04,4.587819098098e-03,5.021300967103e-03,4.381773391232e+01
4061,0.000000000000e+00,31,1.000000000000e+02,1.815581699254e-04,7.308679507240e-04,1.881190738921e-03,1.309220353962e-04,4.543241230761e-03,4.973050172463e-03,3.465482146984e+01
4062,0.000000000000e+00,29,1.000000000000e+02,1.815587198530e-04,7.360585346993e-04,1.899104316807e-03,1.307819087479e-04,4.587889831200e-03,5.021375945247e-03,4.380342201765e+01
4063,0.000000000000e+00,31,1.000000000000e+02,1.815592643636e-04,7.308798624492e-04,1.881207732534e-03,1.309239476405e-04,4.543303252256e-03,4.973115062846e-03,3.465505435333e+01
4064,0.000000000000e+00,29,1.000000000000e+02,1.815598140930e-04,7.360705635552e-04,1.899124345002e-03,1.307827256074e-04,4.587953489534e-03,5.021443467347e-03,4.378587841628e+01
4065,0.000000000000e+00,31,1.000000000000e+02,1.815603583920e-04,7.308918340340e-04,1.881224296840e-03,1.309262384763e-04,4.543365098399e-03,4.973179649415e-03,3.465533336506e+01
4066,0.000000000000e+00,29,1.000000000000e+02,1.815609081348e-04,7.360821767393e-04,1.899145824354e-03,1.307830517148e-04,4.588017532820e-03,5.021511816292e-03,4.376936095671e+01
4067,0.000000000000e+00,31,1.000000000000e+02,1.815614525434e-04,7.309046180887e-04,1.881242623984e-03,1.309255540138e-04,4.543431051369e-03,4.973248695800e-03,3.465569302733e+01
4068,0.000000000000e+00,29,1.000000000000e+02,1.815620023078e-04,7.360940106700e-04,1.899168800721e-03,1.307829666577e-04,4.588083592715e-03,5.021582595585e-03,4.375496177882e+01
4069,0.000000000000e+00,31,1.000000000000e+02,1.815625467014e-04,7.309187369940e-04,1.881263341597e-03,1.309257184554e-04,4.543503154782e-03,4.973324483863e-03,3.465615409078e+01
4070,0.000000000000e+00,29,1.000000000000e+02,1.815630966128e-04,7.361068463968e-04,1.899195654574e-03,1.307838823884e-04,4.588157452197e-03,5.021662140538e-03,4.374434761407e+01
4071,0.000000000000e+00,31,1.000000000000e+02,1.815636413001e-04,7.309346299930e-04,1.881289063613e-03,1.309247459863e-04,4.543585913440e-03,4.973412130129e-03,3.465672190299e+01
4072,0.000000000000e+00,29,1.000000000000e+02,1.815641914170e-04,7.361209110199e-04,1.899226465859e-03,1.307830995455e-04,4.588239758517e-03,5.021751035747e-03,4.373815413681e+01
4073,0.000000000000e+00,31,1.000000000000e+02,1.815647360482e-04,7.309525452886e-04,1.881318378684e-03,1.309240891301e-04,4.543677902124e-03,4.973509873399e-03,3.465738713319e+01
4074,0.000000000000e+00,29,1.000000000000e+02,1.815652860574e-04,7.361361172451e-04,1.899260638967e-03,1.307828613578e-04,4.588330087124e-03,5.021848713679e-03,4.373626074751e+01
4075,0.000000000000e+00,31,1.000000000000e+02,1.815658307467e-04,7.309708857128e-04,1.881352910502e-03,1.309221789811e-04,4.543777750065e-03,4.973616799528e-03,3.465812842608e+01
4076,0.000000000000e+00,29,1.000000000000e+02,1.815663809129e-04,7.361531825301e-04,1.899300584858e-03,1.307836069810e-04,4.588433199374e-03,5.021960553087e-03,4.373789620232e+01
4077,0.000000000000e+00,31,1.000000000000e+02,1.815669255679e-04,7.309914022298e-04,1.881391497644e-03,1.309225797161e-04,4.543886319032e-03,4.973733607634e-03,3.465891631321e+01
4078,0.000000000000e+00,29,1.000000000000e+02,1.815674755054e-04,7.361716936412e-04,1.899341296739e-03,1.307838817852e-04,4.588539760735e-03,5.022076033235e-03,4.374193539380e+01
4079,0.000000000000e+00,31,1.000000000000e+02,1.815680199862e-04,7.310124299339e-04,1.881431482720e-03,1.309235023509e-04,4.543997590856e-03,4.973853502674e-03,3.465971760971e+01
4080,0.000000000000e+00,29,1.000000000000e+02,1.815685699993e-04,7.361910927564e-04,1.899384542097e-03,1.307854696824e-04,4.588653308056e-03,5.022199018799e-03,4.374711967300e+01
4081,0.000000000000e+00,31,1.000000000000e+02,1.815691146393e-04,7.310336286368e-04,1.881473422513e-03,1.309240218776e-04,4.544111718258e-03,4.973976760433e-03,3.466049994444e+01
4082,0.000000000000e+00,29,1.000000000000e+02,1.815696646936e-04,7.362108202944e-04,1.899427302890e-03,1.307858971529e-04,4.588766936588e-03,5.022321913229e-03,4.375217887607e+01
4083,0.000000000000e+00,31,1.000000000000e+02,1.815702092440e-04,7.310542932077e-04,1.881513793060e-03,1.309262758120e-04,4.544222072707e-03,4.974095944879e-03,3.466123576037e+01
4084,0.000000000000e+00,29,1.000000000000e+02,1.815707592945e-04,7.362304404901e-04,1.899468859317e-03,1.307877582233e-04,4.588879076090e-03,5.022443013285e-03,4.375579234735e+01
4085,0.000000000000e+00,31,1.000000000000e+02,1.815713039846e-04,7.310740724768e-04,1.881553234864e-03,1.309285509073e-04,4.544329054021e-03,4.974211566845e-03,3.466190521646e+01
4086,0.000000000000e+00,29,1.000000000000e+02,1.815718541629e-04,7.362495311534e-04,1.899508514092e-03,1.307881664163e-04,4.588987265630e-03,5.022559669712e-03,4.375723825946e+01
4087,0.000000000000e+00,31,1.000000000000e+02,1.815723987967e-04,7.310925427928e-04,1.881589380518e-03,1.309310415565e-04,4.544428302898e-03,4.974318691120e-03,3.466249783726e+01
4088,0.000000000000e+00,29,1.000000000000e+02,1.815729488843e-04,7.362676353633e-04,1.899544882262e-03,1.307900529474e-04,4.589088485520e-03,5.022668609065e-03,4.375622124661e+01
4089,0.000000000000e+00,31,1.000000000000e+02,1.815734935958e-04,7.311096773524e-04,1.881622735994e-03,1.309343958333e-04,4.544520757699e-03,4.974418379479e-03,3.466301282119e+01
4090,0.000000000000e+00,29,1.000000000000e+02,1.815740438966e-04,7.362846461129e-04,1.899578843527e-03,1.307907846294e-04,4.589183444338e-03,5.022770727199e-03,4.375268550127e+01
4091,0.000000000000e+00,31,1.000000000000e+02,1.815745886474e-04,7.311254581914e-04,1.881652712948e-03,1.309364243571e-04,4.544605362188e-03,4.974509384152e-03,3.466345809152e+01
4092,0.000000000000e+00,29,1.000000000000e+02,1.815751387338e-04,7.363003638578e-04,1.899609253641e-03,1.307918452203e-04,4.589269970006e-03,5.022863616177e-03,4.374692668888e+01
4093,0.000000000000e+00,31,1.000000000000e+02,1.815756832525e-04,7.311399184142e-04,1.881679706383e-03,1.309397855139e-04,4.544683035397e-03,4.974592768998e-03,3.466384835114e+01
4094,0.000000000000e+00,29,1.000000000000e+02,1.815762332539e-04,7.363151895595e-04,1.899637918679e-03,1.307931093350e-04,4.589351646110e-03,5.022951288791e-03,4.373954698922e+01
4095,0.000000000000e+00,31,1.000000000000e+02,1.815767777249e-04,7.311536425246e-04,1.881704386540e-03,1.309414214671e-04,4.544755785937e-03,4.974670627988e-03,3.466420255382e+01
4096,0.000000000000e+00,29,1.000000000000e+02,1.815773275920e-04,7.363287926218e-04,1.899663950944e-03,1.307932420702e-04,4.589426031920e-03,5.023031096061e-03,4.373121169328e+01
4097,0.000000000000e+00,31,1.000000000000e+02,1.815778718693e-04,7.311667336223e-04,1.881727053265e-03,1.309434548253e-04,4.544824382407e-03,4.974743847740e-03,3.466454124252e+01
4098,0.000000000000e+00,29,1.000000000000e+02,1.815784216768e-04,7.363418671206e-04,1.899689443889e-03,1.307948042724e-04,4.589498248376e-03,5.023108677022e-03,4.372255005471e+01
4099,0.000000000000e+00,31,1.000000000000e+02,1.815789661087e-04,7.311796290727e-04,1.881749646541e-03,1.309451088495e-04,4.544892488423e-03,4.974816552908e-03,3.466488361261e+01
4100,0.000000000000e+00,29,1.000000000000e+02,1.815795161803e-04,7.363545889002e-04,1.899714804838e-03,1.307949299233e-04,4.589568947504e-03,5.023184732607e-03,4.371461367674e+01
4101,0.000000000000e+00,31,1.000000000000e+02,1.815800606931e-04,7.311925867895e-04,1.881771766612e-03,1.309459226084e-04,4.544959868864e-03,4.974888403253e-03,3.466524536414e+01
4102,0.000000000000e+00,29,1.000000000000e+02,1.815806105511e-04,7.363672419629e-04,1.899740273852e-03,1.307961381488e-04,4.589639436285e-03,5.023260654992e-03,4.370806764148e+01
4103,0.000000000000e+00,31,1.000000000000e+02,1.815811547557e-04,7.312059302770e-04,1.881795012669e-03,1.309474271818e-04,4.545029711029e-03,4.974963003380e-03,3.466563743085e+01
4104,0.000000000000e+00,29,1.000000000000e+02,1.815817044283e-04,7.363801711252e-04,1.899767376827e-03,1.307968226883e-04,4.589712727247e-03,5.023339782452e-03,4.370347375132e+01
4105,0.000000000000e+00,31,1.000000000000e+02,1.815822485895e-04,7.312198238544e-04,1.881819516078e-03,1.309475707635e-04,4.545102261331e-03,4.975040598240e-03,3.466606483103e+01
4106,0.000000000000e+00,29,1.000000000000e+02,1.815827982905e-04,7.363934762999e-04,1.899795270731e-03,1.307978159711e-04,4.589787926668e-03,5.023421015909e-03,4.370098981171e+01
4107,0.000000000000e+00,31,1.000000000000e+02,1.815833425913e-04,7.312343016726e-04,1.881845346202e-03,1.309488332330e-04,4.545177842550e-03,4.975121579248e-03,3.466652673403e+01
4108,0.000000000000e+00,29,1.000000000000e+02,1.815838926309e-04,7.364073685115e-04,1.899825106044e-03,1.307993941231e-04,4.589867375691e-03,5.023506967636e-03,4.370065174739e+01
4109,0.000000000000e+00,31,1.000000000000e+02,1.815844372762e-04,7.312493813856e-04,1.881873188032e-03,1.309492323328e-04,4.545257305121e-03,4.975206932864e-03,3.466701725314e+01
4110,0.000000000000e+00,29,1.000000000000e+02,1.815849872328e-04,7.364218442968e-04,1.899856062890e-03,1.308001590063e-04,4.589949822428e-03,5.023596146832e-03,4.370243731852e+01
4111,0.000000000000e+00,31,1.000000000000e+02,1.815855315855e-04,7.312647864544e-04,1.881901834331e-03,1.309501893700e-04,4.545338326456e-03,4.975294077340e-03,3.466752671567e+01
4112,0.000000000000e+00,29,1.000000000000e+02,1.815860816208e-04,7.364368411700e-04,1.899888033045e-03,1.308024594902e-04,4.590035200455e-03,5.023688503875e-03,4.370583731369e+01
4113,0.000000000000e+00,31,1.000000000000e+02,1.815866263614e-04,7.312807712767e-04,1.881932313356e-03,1.309524808681e-04,4.545423921158e-03,4.975386213529e-03,3.466804310353e+01
4114,0.000000000000e+00,29,1.000000000000e+02,1.815871768207e-04,7.364548531856e-04,1.899921309357e-03,1.308043672084e-04,4.590132783702e-03,5.023792938311e-03,4.371057029857e+01
4115,0.000000000000e+00,31,1.000000000000e+02,1.815877217410e-04,7.312912694212e-04,1.881960202185e-03,1.309682698540e-04,4.545495155839e-03,4.975463799768e-03,3.466855373423e+01
4116,0.000000000000e+00,29,1.000000000000e+02,1.815882721477e-04,7.364761733041e-04,1.899950106527e-03,1.308002162663e-04,4.590234637675e-03,5.023899908101e-03,4.371715317352e+01
4117,0.000000000000e+00,31,1.000000000000e+02,1.815888169490e-04,7.313075048535e-04,1.881986278274e-03,1.309676341734e-04,4.545580204263e-03,4.975553731280e-03,3.466904640325e+01
4118,0.000000000000e+00,29,1.000000000000e+02,1.815893673871e-04,7.364899896980e-04,1.899975771998e-03,1.308009690265e-04,4.590314507868e-03,5.023984635103e-03,4.372873457471e+01
4119,0.000000000000e+00,31,1.000000000000e+02,1.815899121504e-04,7.313225862101e-04,1.882012016695e-03,1.309681811344e-04,4.545661421455e-03,4.975639896442e-03,3.466951017721e+01
4120,0.000000000000e+00,29,1.000000000000e+02,1.815904621058e-04,7.365064340665e-04,1.900001904147e-03,1.308041848584e-04,4.590401085180e-03,5.024076116141e-03,4.373284416837e+01
4121,0.000000000000e+00,31,1.000000000000e+02,1.815910061255e-04,7.313373406619e-04,1.882037334267e-03,1.309704095891e-04,4.545741216384e-03,4.975724599286e-03,3.466993865128e+01
4122,0.000000000000e+00,29,1.000000000000e+02,1.815915555747e-04,7.365216592565e-04,1.900027402662e-03,1.308063543103e-04,4.590483887626e-03,5.024163702578e-03,4.373926957085e+01
4123,0.000000000000e+00,31,1.000000000000e+02,1.815920993659e-04,7.313517245472e-04,1.882061885673e-03,1.309721181935e-04,4.545818985714e-03,4.975807093640e-03,3.467032805176e+01
4124,0.000000000000e+00,29,1.000000000000e+02,1.815926485717e-04,7.365368377518e-04,1.900051599359e-03,1.308082916508e-04,4.590564545550e-03,5.024248824413e-03,4.374654521769e+01
4125,0.000000000000e+00,31,1.000000000000e+02,1.815931918624e-04,7.313653468753e-04,1.882084614824e-03,1.309737382969e-04,4.545892259851e-03,4.975884677750e-03,3.467067876366e+01
4126,0.000000000000e+00,29,1.000000000000e+02,1.815937404659e-04,7.365515191317e-04,1.900074491452e-03,1.308108108464e-04,4.590642061904e-03,5.024330524772e-03,4.375102093149e+01
4127,0.000000000000e+00,31,1.000000000000e+02,1.815942833111e-04,7.313785051844e-04,1.882106503722e-03,1.309758446528e-04,4.545963320510e-03,4.975959866448e-03,3.467099471800e+01
4128,0.000000000000e+00,29,1.000000000000e+02,1.815948316571e-04,7.365657449335e-04,1.900096597715e-03,1.308124117042e-04,4.590717088614e-03,5.024409562526e-03,4.375469946102e+01
4129,0.000000000000e+00,31,1.000000000000e+02,1.815953742533e-04,7.313911149433e-04,1.882126914666e-03,1.309772046531e-04,4.546030869876e-03,4.976031187998e-03,3.467128301586e+01
4130,0.000000000000e+00,29,1.000000000000e+02,1.815959224069e-04,7.365794557091e-04,1.900117322195e-03,1.308144257458e-04,4.590788652317e-03,5.024484848908e-03,4.375696341764e+01
4131,0.000000000000e+00,31,1.000000000000e+02,1.815964650739e-04,7.314033384229e-04,1.882146516046e-03,1.309796995776e-04,4.546096478853e-03,4.976100403736e-03,3.467155301970e+01
4132,0.000000000000e+00,29,1.000000000000e+02,1.815970136632e-04,7.365928278592e-04,1.900137872797e-03,1.308164025897e-04,4.590858962619e-03,5.024558873726e-03,4.375801181797e+01
4133,0.000000000000e+00,31,1.000000000000e+02,1.815975569515e-04,7.314154035614e-04,1.882165808498e-03,1.309808200286e-04,4.546161313061e-03,4.976168735366e-03,3.467181522501e+01
4134,0.000000000000e+00,29,1.000000000000e+02,1.815981059220e-04,7.366058916253e-04,1.900157978715e-03,1.308180951063e-04,4.590927625503e-03,5.024631172561e-03,4.375835947814e+01
4135,0.000000000000e+00,31,1.000000000000e+02,1.815986499133e-04,7.314273433289e-04,1.882184438977e-03,1.309827025469e-04,4.546224819114e-03,4.976235604872e-03,3.467207999228e+01
4136,0.000000000000e+00,29,1.000000000000e+02,1.815992004558e-04,7.366188553108e-04,1.900178100685e-03,1.308201208177e-04,4.590995697826e-03,5.024702931895e-03,4.375812194081e+01
4137,0.000000000000e+00,31,1.000000000000e+02,1.815997459948e-04,7.314394619736e-04,1.882203626852e-03,1.309838242299e-04,4.546289376356e-03,4.976303651833e-03,3.467235666205e+01
4138,0.000000000000e+00,29,1.000000000000e+02,1.816002974760e-04,7.366318582520e-04,1.900198721541e-03,1.308215238210e-04,4.591064263869e-03,5.024775320550e-03,4.375802826738e+01
4139,0.000000000000e+00,31,1.000000000000e+02,1.816008433270e-04,7.314517998273e-04,1.882223119555e-03,1.309850399061e-04,4.546354763546e-03,4.976372607025e-03,3.467265258933e+01
4140,0.000000000000e+00,29,1.000000000000e+02,1.816013948157e-04,7.366450023991e-04,1.900220011356e-03,1.308237605188e-04,4.591133973147e-03,5.024849049157e-03,4.375849514712e+01
4141,0.000000000000e+00,31,1.000000000000e+02,1.816019407036e-04,7.314645283261e-04,1.882243765522e-03,1.309864590250e-04,4.546422548629e-03,4.976444251891e-03,3.467297242057e+01
4142,0.000000000000e+00,29,1.000000000000e+02,1.816024922967e-04,7.366584583081e-04,1.900242566898e-03,1.308251957534e-04,4.591205939116e-03,5.024925343174e-03,4.375973242426e+01
4143,0.000000000000e+00,31,1.000000000000e+02,1.816030381466e-04,7.314776721546e-04,1.882265311835e-03,1.309869720401e-04,4.546492284675e-03,4.976518056880e-03,3.467331822502e+01
4144,0.000000000000e+00,29,1.000000000000e+02,1.816035895311e-04,7.366722528354e-04,1.900265810564e-03,1.308271297465e-04,4.591279413934e-03,5.025003338664e-03,4.376159048369e+01
4145,0.000000000000e+00,31,1.000000000000e+02,1.816041351901e-04,7.314912976501e-04,1.882288024967e-03,1.309884434883e-04,4.546564685967e-03,4.976594834169e-03,3.467368940339e+01
4146,0.000000000000e+00,29,1.000000000000e+02,1.816046865444e-04,7.366865058955e-04,1.900290622930e-03,1.308291519031e-04,4.591356152309e-03,5.025084978774e-03,4.376420625283e+01
4147,0.000000000000e+00,31,1.000000000000e+02,1.816052322445e-04,7.315052936927e-04,1.882312072680e-03,1.309889861470e-04,4.546639751367e-03,4.976674580164e-03,3.467408277058e+01
4148,0.000000000000e+00,29,1.000000000000e+02,1.816057835904e-04,7.367010778376e-04,1.900316142805e-03,1.308309486431e-04,4.591434518446e-03,5.025168414590e-03,4.376756286342e+01
4149,0.000000000000e+00,31,1.000000000000e+02,1.816063292436e-04,7.315196386319e-04,1.882336765434e-03,1.309903467186e-04,4.546716364918e-03,4.976756057328e-03,3.467449350270e+01
4150,0.000000000000e+00,29,1.000000000000e+02,1.816068806241e-04,7.367159998260e-04,1.900342668707e-03,1.308333596337e-04,4.591515191688e-03,5.025254406137e-03,4.377139963114e+01
4151,0.000000000000e+00,31,1.000000000000e+02,1.816074263519e-04,7.315342963089e-04,1.882362705013e-03,1.309915372157e-04,4.546795304253e-03,4.976840172388e-03,3.467491591711e+01
4152,0.000000000000e+00,29,1.000000000000e+02,1.816079776863e-04,7.367312080458e-04,1.900369958722e-03,1.308350778244e-04,4.591597549946e-03,5.025342250154e-03,4.377550795987e+01
4153,0.000000000000e+00,31,1.000000000000e+02,1.816085231046e-04,7.315491318406e-04,1.882388918304e-03,1.309927529072e-04,4.546874831606e-03,4.976924954996e-03,3.467534414019e+01
4154,0.000000000000e+00,29,1.000000000000e+02,1.816090739622e-04,7.367466410930e-04,1.900397490113e-03,1.308375189184e-04,4.591680778381e-03,5.025431032310e-03,4.377964664553e+01
4155,0.000000000000e+00,31,1.000000000000e+02,1.816096189195e-04,7.315640855020e-04,1.882415648522e-03,1.309945956220e-04,4.546955288001e-03,4.977010815757e-03,3.467577281357e+01
4156,0.000000000000e+00,29,1.000000000000e+02,1.816101692353e-04,7.367621306566e-04,1.900425467199e-03,1.308394300833e-04,4.591764720979e-03,5.025520630029e-03,4.378358309182e+01
4157,0.000000000000e+00,31,1.000000000000e+02,1.816107137149e-04,7.315789888194e-04,1.882442404304e-03,1.309957212697e-04,4.547035510184e-03,4.977096445948e-03,3.467619768277e+01
4158,0.000000000000e+00,29,1.000000000000e+02,1.816112639728e-04,7.367775738916e-04,1.900453153006e-03,1.308416414540e-04,4.591848110938e-03,5.025609613691e-03,4.378701658847e+01
4159,0.000000000000e+00,31,1.000000000000e+02,1.816118084141e-04,7.315938156613e-04,1.882468998561e-03,1.309979605868e-04,4.547115349140e-03,4.977181683013e-03,3.467661598616e+01
4160,0.000000000000e+00,29,1.000000000000e+02,1.816123582620e-04,7.367930017797e-04,1.900481010843e-03,1.308440953219e-04,4.591931679200e-03,5.025698829394e-03,4.378986639571e+01
4161,0.000000000000e+00,31,1.000000000000e+02,1.816129021281e-04,7.316085445962e-04,1.882495612224e-03,1.309992968992e-04,4.547194894139e-03,4.977266620711e-03,3.467702663606e+01
4162,0.000000000000e+00,29,1.000000000000e+02,1.816134515487e-04,7.368082618456e-04,1.900508435051e-03,1.308459875329e-04,4.592014048265e-03,5.025786746206e-03,4.379200190785e+01
4163,0.000000000000e+00,31,1.000000000000e+02,1.816139952065e-04,7.316230947737e-04,1.882521562389e-03,1.310013746578e-04,4.547273116319e-03,4.977350092190e-03,3.467743033340e+01
4164,0.000000000000e+00,29,1.000000000000e+02,1.816145446244e-04,7.368233711947e-04,1.900535614330e-03,1.308484640228e-04,4.592095654828e-03,5.025873866832e-03,4.379331953195e+01
4165,0.000000000000e+00,31,1.000000000000e+02,1.816150883612e-04,7.316375559906e-04,1.882547554666e-03,1.310032836361e-04,4.547351233841e-03,4.977433466472e-03,3.467782918311e+01
4166,0.000000000000e+00,29,1.000000000000e+02,1.816156377299e-04,7.368383587001e-04,1.900562722148e-03,1.308502027119e-04,4.592176634717e-03,5.025960350785e-03,4.379392945096e+01
4167,0.000000000000e+00,31,1.000000000000e+02,1.816161811085e-04,7.316518932583e-04,1.882573019264e-03,1.310050004937e-04,4.547428237137e-03,4.977515599959e-03,3.467822628698e+01
4168,0.000000000000e+00,29,1.000000000000e+02,1.816167299022e-04,7.368531782723e-04,1.900589408265e-03,1.308524387098e-04,4.592256472306e-03,5.026045619898e-03,4.379394231020e+01
4169,0.000000000000e+00,31,1.000000000000e+02,1.816172726846e-04,7.316662167127e-04,1.882598531535e-03,1.310071189909e-04,4.547505298174e-03,4.977597812777e-03,3.467862528519e+01
4170,0.000000000000e+00,29,1.000000000000e+02,1.816178209631e-04,7.368679610019e-04,1.900616487023e-03,1.308544981679e-04,4.592336655340e-03,5.026131343128e-03,4.379353465978e+01
4171,0.000000000000e+00,31,1.000000000000e+02,1.816183632425e-04,7.316805616202e-04,1.882624106579e-03,1.310085662617e-04,4.547582418795e-03,4.977680089268e-03,3.467902978130e+01
4172,0.000000000000e+00,29,1.000000000000e+02,1.816189110162e-04,7.368826537984e-04,1.900643324800e-03,1.308564414364e-04,4.592416085452e-03,5.026216271089e-03,4.379298451389e+01
4173,0.000000000000e+00,31,1.000000000000e+02,1.816194528830e-04,7.316949466100e-04,1.882649637928e-03,1.310105762759e-04,4.547659530587e-03,4.977762361877e-03,3.467944281739e+01
4174,0.000000000000e+00,29,1.000000000000e+02,1.816200004591e-04,7.368973884738e-04,1.900670640779e-03,1.308587839800e-04,4.592496209907e-03,5.026302030839e-03,4.379257895731e+01
4175,0.000000000000e+00,31,1.000000000000e+02,1.816205422838e-04,7.317094649533e-04,1.882675744900e-03,1.310118867001e-04,4.547737634459e-03,4.977845759750e-03,3.467986642893e+01
4176,0.000000000000e+00,29,1.000000000000e+02,1.816210898501e-04,7.369134450739e-04,1.900699741907e-03,1.308557866211e-04,4.592581471895e-03,5.026393214553e-03,4.379245004602e+01
4177,0.000000000000e+00,31,1.000000000000e+02,1.816216316094e-04,7.317239112482e-04,1.882702143007e-03,1.309992123690e-04,4.547815797810e-03,4.977928943449e-03,3.468030153636e+01
4178,0.000000000000e+00,29,1.000000000000e+02,1.816221791336e-04,7.369283100775e-04,1.900727323724e-03,1.308477169872e-04,4.592662421013e-03,5.026479576381e-03,4.378677123955e+01
4179,0.000000000000e+00,31,1.000000000000e+02,1.816227209292e-04,7.317385328872e-04,1.882729200746e-03,1.309850000890e-04,4.547895135504e-03,4.978013434860e-03,3.468074713433e+01
4180,0.000000000000e+00,29,1.000000000000e+02,1.816232685202e-04,7.369430518960e-04,1.900755113345e-03,1.308387267980e-04,4.592743396886e-03,5.026565999240e-03,4.377987249825e+01
4181,0.000000000000e+00,31,1.000000000000e+02,1.816238102835e-04,7.317522290167e-04,1.882756812406e-03,1.309779919360e-04,4.547973436963e-03,4.978097242625e-03,3.468120133536e+01
4182,0.000000000000e+00,29,1.000000000000e+02,1.816243577723e-04,7.369582971415e-04,1.900783576756e-03,1.308401283451e-04,4.592826135815e-03,5.026654632099e-03,4.377675244454e+01
4183,0.000000000000e+00,31,1.000000000000e+02,1.816248994358e-04,7.317671955257e-04,1.882784166833e-03,1.309762177753e-04,4.548053724354e-03,4.978183091908e-03,3.468166181492e+01
4184,0.000000000000e+00,29,1.000000000000e+02,1.816254468585e-04,7.369735423039e-04,1.900812626921e-03,1.308403878378e-04,4.592909683412e-03,5.026744195976e-03,4.377964088944e+01
4185,0.000000000000e+00,31,1.000000000000e+02,1.816259883741e-04,7.317822337390e-04,1.882812202197e-03,1.309741413525e-04,4.548134832200e-03,4.978269950890e-03,3.468212382714e+01
4186,0.000000000000e+00,29,1.000000000000e+02,1.816265355299e-04,7.369889783784e-04,1.900841708739e-03,1.308409621822e-04,4.592993779559e-03