step,inner_iterations,linear_residual_ratio,converged,min_dtau,max_dtau
1,3,3.801853939e-08,1,0,0
2,3,5.274331151e-08,1,3.401799994e-06,1.323790555
3,3,6.855902956e-08,1,3.402652083e-06,1.325824209
4,3,8.528971573e-08,1,3.403530259e-06,1.327860987
5,3,1.028057619e-07,1,3.40444433e-06,1.329900895
6,3,1.209849408e-07,1,3.405402184e-06,1.331943936
7,3,1.39705185e-07,1,3.406409918e-06,1.333990115
8,3,1.58845504e-07,1,3.407471895e-06,1.336039438
9,3,1.782893725e-07,1,3.408590896e-06,1.338091909
10,3,1.979286192e-07,1,3.409768337e-06,1.340147534
11,3,2.176667883e-07,1,3.411004512e-06,1.342206316
12,3,2.37421493e-07,1,3.412298848e-06,1.344268261
13,3,2.571256251e-07,1,3.413650135e-06,1.346333374
14,3,2.76727508e-07,1,3.415056725e-06,1.348401659
15,3,2.961901916e-07,1,3.4165167e-06,1.350473121
16,3,3.154901208e-07,1,3.418028007e-06,1.352547766
17,3,3.346153989e-07,1,3.419588554e-06,1.354625598
18,3,3.535642199e-07,1,3.421196285e-06,1.356706622
19,3,3.723428152e-07,1,3.422849229e-06,1.358790843
20,3,3.909647387e-07,1,3.424545527e-06,1.360878266
21,3,4.094490139e-07,1,3.426283456e-06,1.362968895
22,3,4.278162632e-07,1,3.428061433e-06,1.365062737
23,3,4.460890944e-07,1,3.429878015e-06,1.367159795
24,3,4.642921405e-07,1,3.431731896e-06,1.369260074
25,3,4.824532661e-07,1,3.4336219e-06,1.37136358
26,3,5.005938889e-07,1,3.435545385e-06,1.373470317
27,3,5.187394182e-07,1,3.437500106e-06,1.375580291
28,3,5.369168258e-07,1,3.439488225e-06,1.377693507
29,3,5.551523374e-07,1,3.441508979e-06,1.379809968
30,3,5.734646602e-07,1,3.443561685e-06,1.381929681
31,3,5.918759303e-07,1,3.445645736e-06,1.384052651
32,3,6.104072045e-07,1,3.447760525e-06,1.386178882
33,3,6.290784536e-07,1,3.449905536e-06,1.388308379
34,3,6.479085112e-07,1,3.452080438e-06,1.390441148
35,3,6.669151799e-07,1,3.45428484e-06,1.392577193
36,3,6.861153751e-07,1,3.45651839e-06,1.394716519
37,3,7.05528062e-07,1,3.458780771e-06,1.396859132
38,3,7.251660161e-07,1,3.461071695e-06,1.399005037
39,3,7.45041984e-07,1,3.463390904e-06,1.401154238
40,3,7.651693548e-07,1,3.465738162e-06,1.403306741
41,3,7.85562298e-07,1,3.468113253e-06,1.405462551
42,3,8.062324116e-07,1,3.47051598e-06,1.407621672
43,3,8.271911113e-07,1,3.472946147e-06,1.409784111
44,3,8.484489005e-07,1,3.475403593e-06,1.411949871
45,3,8.700157674e-07,1,3.477888169e-06,1.414118959
46,3,8.919019525e-07,1,3.480399738e-06,1.416291379
47,3,9.141163291e-07,1,3.482938173e-06,1.418467136
48,3,9.366684322e-07,1,3.485503353e-06,1.420646235
49,3,9.595668159e-07,1,3.488095165e-06,1.422828683
50,3,9.828197414e-07,1,3.490713505e-06,1.425014483
51,3,1.006436075e-06,1,3.493358271e-06,1.42720364
52,3,1.030422759e-06,1,3.496029369e-06,1.429396161
53,3,1.054788489e-06,1,3.498726709e-06,1.431592051
54,3,1.07954014e-06,1,3.501450205e-06,1.433791313
55,3,1.104685361e-06,1,3.504199774e-06,1.435993954
56,3,1.13023182e-06,1,3.506975337e-06,1.438199979
57,3,1.156186004e-06,1,3.509776819e-06,1.440409393
58,3,1.182555816e-06,1,3.512604147e-06,1.442622201
59,3,1.20934776e-06,1,3.515457249e-06,1.444838409
60,3,1.23656878e-06,1,3.518336057e-06,1.447058021
61,3,1.264226289e-06,1,3.521240504e-06,1.449281043
62,3,1.292326587e-06,1,3.524170526e-06,1.45150748
63,3,1.320877693e-06,1,3.527126059e-06,1.453737337
64,3,1.349886494e-06,1,3.530107042e-06,1.45597062
65,3,1.379358731e-06,1,3.533113414e-06,1.458207334
66,3,1.409301699e-06,1,3.536145116e-06,1.460447484
67,3,1.439722011e-06,1,3.539202091e-06,1.462691075
68,3,1.470626304e-06,1,3.54228428e-06,1.464938113
69,3,1.502021858e-06,1,3.545391629e-06,1.467188603
70,3,1.533915496e-06,1,3.548524082e-06,1.46944255
71,3,1.566314217e-06,1,3.551681585e-06,1.47169996
72,3,1.599225258e-06,1,3.554864083e-06,1.473960838
73,3,1.632655526e-06,1,3.558071524e-06,1.476225189
74,3,1.666612167e-06,1,3.561303856e-06,1.478493019
75,3,1.70110253e-06,1,3.564561027e-06,1.480764332
76,3,1.736133762e-06,1,3.567842986e-06,1.483039135
77,3,1.771713212e-06,1,3.571149681e-06,1.485317432
78,3,1.80785014e-06,1,3.574481062e-06,1.48759923
79,3,1.844550186e-06,1,3.57783708e-06,1.489884533
80,3,1.881820872e-06,1,3.581217685e-06,1.492173346
81,3,1.919670362e-06,1,3.584622828e-06,1.494465676
82,3,1.958105913e-06,1,3.58805246e-06,1.496761527
83,3,1.997135295e-06,1,3.591506532e-06,1.499060905
84,3,2.036766411e-06,1,3.594984997e-06,1.501363816
85,3,2.077007215e-06,1,3.598487806e-06,1.503670264
86,3,2.117865749e-06,1,3.602014912e-06,1.505980256
87,3,2.159350153e-06,1,3.605566267e-06,1.508293796
88,3,2.201468665e-06,1,3.609141825e-06,1.510610891
89,3,2.2442296e-06,1,3.612741537e-06,1.512931545
90,3,2.287641359e-06,1,3.616365358e-06,1.515255764
91,3,2.331712488e-06,1,3.620013241e-06,1.517583554
92,3,2.376451569e-06,1,3.623685138e-06,1.51991492
93,3,2.421867269e-06,1,3.627381006e-06,1.522249867
94,3,2.46796798e-06,1,3.631100796e-06,1.524588401
95,3,2.514762452e-06,1,3.634844463e-06,1.526930528
96,3,2.562259991e-06,1,3.638611961e-06,1.529276253
97,3,2.610469867e-06,1,3.642403246e-06,1.531625582
98,3,2.659401399e-06,1,3.64621827e-06,1.533978519
99,3,2.709066883e-06,1,3.650056989e-06,1.536335072
100,3,2.759472561e-06,1,3.653919357e-06,1.538695244
101,3,2.810626492e-06,1,3.657805329e-06,1.541059043
102,3,2.862539337e-06,1,3.661714861e-06,1.543426472
103,3,2.915220679e-06,1,3.665647907e-06,1.545797539
104,3,2.968679919e-06,1,3.669604421e-06,1.548172248
105,3,3.022926806e-06,1,3.673584353e-06,1.550550605
106,3,3.077971248e-06,1,3.677587652e-06,1.552932616
107,3,3.133823402e-06,1,3.681614265e-06,1.555318286
108,3,3.190493199e-06,1,3.685664149e-06,1.557707622
109,3,3.247990111e-06,1,3.689737257e-06,1.560100627
110,3,3.306322466e-06,1,3.693833546e-06,1.562497309
111,3,3.365501575e-06,1,3.697952972e-06,1.564897673
112,3,3.425538437e-06,1,3.702095489e-06,1.567301725
113,3,3.486443383e-06,1,3.706261055e-06,1.569709469
114,3,3.548226498e-06,1,3.710449625e-06,1.572120913
115,3,3.610898318e-06,1,3.714661155e-06,1.574536061
116,3,3.674469088e-06,1,3.718895602e-06,1.576954919
117,3,3.738949692e-06,1,3.723152922e-06,1.579377493
118,3,3.804353066e-06,1,3.727433071e-06,1.581803789
119,3,3.870688704e-06,1,3.731736006e-06,1.584233812
120,3,3.937965698e-06,1,3.736061683e-06,1.586667568
121,3,4.006196102e-06,1,3.74041006e-06,1.589105064
122,3,4.075390032e-06,1,3.744781092e-06,1.591546303
123,3,4.145556645e-06,1,3.749174738e-06,1.593991293
124,3,4.216706109e-06,1,3.753590953e-06,1.596440039
125,3,4.288848823e-06,1,3.758029694e-06,1.598892547
126,3,4.361995161e-06,1,3.76249092e-06,1.601348823
127,3,4.436153676e-06,1,3.766974586e-06,1.603808872
128,3,4.511335613e-06,1,3.771480651e-06,1.6062727
129,3,4.587551392e-06,1,3.776009071e-06,1.608740313
130,3,4.664810836e-06,1,3.780559804e-06,1.611211717
131,3,4.743124208e-06,1,3.785132807e-06,1.613686918
132,3,4.822499462e-06,1,3.789728038e-06,1.616165921
133,3,4.902946377e-06,1,3.794345455e-06,1.618648732
134,3,4.984475448e-06,1,3.798985015e-06,1.621135358
135,3,5.06709414e-06,1,3.803646676e-06,1.623625804
136,3,5.150815179e-06,1,3.808330397e-06,1.626120075
137,3,5.235649333e-06,1,3.813036135e-06,1.628618179
138,3,5.321603192e-06,1,3.817763848e-06,1.63112012
139,3,5.408686268e-06,1,3.822513496e-06,1.633625905
140,3,5.496906059e-06,1,3.827285036e-06,1.636135539
141,3,5.586268903e-06,1,3.832078427e-06,1.638649028
142,3,5.676788735e-06,1,3.836893628e-06,1.641166379
143,3,5.768471017e-06,1,3.841730598e-06,1.643687597
144,3,5.861324289e-06,1,3.846589296e-06,1.646212689
145,3,5.955360164e-06,1,3.851469681e-06,1.648741659
146,3,6.050582929e-06,1,3.856371714e-06,1.651274515
147,3,6.146999867e-06,1,3.861295353e-06,1.653811261
148,3,6.24461784e-06,1,3.866240559e-06,1.656351905
149,3,6.343440582e-06,1,3.871207292e-06,1.658896451
150,3,6.443477794e-06,1,3.876195512e-06,1.661444907
151,3,6.544735026e-06,1,3.88120518e-06,1.663997278
152,3,6.647219789e-06,1,3.886236258e-06,1.66655357
153,3,6.75093737e-06,1,3.891288706e-06,1.669113788
154,3,6.855894104e-06,1,3.896362486e-06,1.67167794
155,3,6.962100551e-06,1,3.90145756e-06,1.674246031
156,3,7.06956186e-06,1,3.906573887e-06,1.676818068
157,3,7.178282397e-06,1,3.911711414e-06,1.679394055
158,3,7.288260466e-06,1,3.916870123e-06,1.681974
159,3,7.399492869e-06,1,3.922049978e-06,1.684557908
160,3,7.511999427e-06,1,3.927250943e-06,1.687145786
161,3,7.625784746e-06,1,3.932472982e-06,1.689737639
162,3,7.740854188e-06,1,3.93771606e-06,1.692333474
163,3,7.857213678e-06,1,3.942980142e-06,1.694933297
164,3,7.974862782e-06,1,3.948265195e-06,1.697537114
165,3,8.093794982e-06,1,3.953571185e-06,1.700144931
166,3,8.21401861e-06,1,3.958898079e-06,1.702756754
167,3,8.335515486e-06,1,3.964245845e-06,1.705372589
168,3,8.458315324e-06,1,3.969614452e-06,1.707992443
169,3,8.582418341e-06,1,3.975003868e-06,1.710616322
170,3,8.707824573e-06,1,3.980414063e-06,1.713244231
171,3,8.834531115e-06,1,3.985845008e-06,1.715876178
172,3,8.962528885e-06,1,3.991296674e-06,1.718512168
173,3,9.091824941e-06,1,3.996769034e-06,1.721152207
174,3,9.222381037e-06,1,4.00226206e-06,1.723796302
175,3,9.354240812e-06,1,4.007775727e-06,1.72644446
176,3,9.48739834e-06,1,4.01331001e-06,1.729096685
177,3,9.621853345e-06,1,4.018864883e-06,1.731752985
178,3,9.757620149e-06,1,4.024440325e-06,1.734413365
179,3,9.894685689e-06,1,4.030036312e-06,1.737077833
180,3,1.003300814e-05,1,4.035652825e-06,1.739746393
181,3,1.01726318e-05,1,4.041289843e-06,1.742419054
182,3,1.031354544e-05,1,4.046947347e-06,1.74509582
183,3,1.045576001e-05,1,4.05262532e-06,1.747776698
184,3,1.059928438e-05,1,4.058323746e-06,1.750461694
185,3,1.074411368e-05,1,4.06404261e-06,1.753150816
186,3,1.089021751e-05,1,4.069781897e-06,1.755844068
187,3,1.103764252e-05,1,4.075541596e-06,1.758541459
188,3,1.118639471e-05,1,4.081321696e-06,1.761242992
189,3,1.13364869e-05,1,4.087122187e-06,1.763948676
190,3,1.148791863e-05,1,4.092943062e-06,1.766658517
191,3,1.164061955e-05,1,4.098784313e-06,1.769372521
192,3,1.179468904e-05,1,4.104645935e-06,1.772090694
193,3,1.195014132e-05,1,4.110527925e-06,1.774813042
194,3,1.210698735e-05,1,4.116430282e-06,1.777539573
195,3,1.226524908e-05,1,4.122353003e-06,1.780270293
196,3,1.24249236e-05,1,4.128296092e-06,1.783005207
197,3,1.258606825e-05,1,4.134259551e-06,1.785744323
198,3,1.274867881e-05,1,4.140243383e-06,1.788487647
199,3,1.291274861e-05,1,4.146247596e-06,1.791235185
200,3,1.307832239e-05,1,4.152272197e-06,1.793986944
201,3,1.324548361e-05,1,4.158317196e-06,1.796742931
202,3,1.341425677e-05,1,4.164382603e-06,1.799503151
203,3,1.358467764e-05,1,4.170468432e-06,1.802267612
204,3,1.375674736e-05,1,4.176574696e-06,1.805036319
205,3,1.39305323e-05,1,4.182701413e-06,1.80780928
206,3,1.410607141e-05,1,4.188848598e-06,1.810586501
207,3,1.428343123e-05,1,4.195016272e-06,1.813367988
208,3,1.446268268e-05,1,4.201204455e-06,1.816153749
209,3,1.464391462e-05,1,4.207413169e-06,1.818943789
210,3,1.482715241e-05,1,4.213642438e-06,1.821738115
211,3,1.501242079e-05,1,4.219892287e-06,1.824536734
212,3,1.51997079e-05,1,4.226162743e-06,1.827339652
213,3,1.5389123e-05,1,4.232453823e-06,1.830146876
214,3,1.55807424e-05,1,4.238765535e-06,1.832958413
215,3,1.577464095e-05,1,4.245097941e-06,1.835774268
216,3,1.597083001e-05,1,4.251451071e-06,1.83859445
217,3,1.616941292e-05,1,4.257824966e-06,1.841418964
218,3,1.637040629e-05,1,4.264219673e-06,1.844247817
219,3,1.6573938e-05,1,4.270635227e-06,1.847081016
220,3,1.678004538e-05,1,4.277071662e-06,1.849918568
221,3,1.698875247e-05,1,4.283529015e-06,1.852760479
222,3,1.72001679e-05,1,4.290007321e-06,1.855606755
223,3,1.741428684e-05,1,4.296506617e-06,1.858457404
224,3,1.763115328e-05,1,4.303026941e-06,1.861312432
225,3,1.785086365e-05,1,4.30956833e-06,1.864171847
226,3,1.807351849e-05,1,4.316130823e-06,1.867035654
227,3,1.829902927e-05,1,4.322714457e-06,1.86990386
228,3,1.852744893e-05,1,4.329319272e-06,1.872776473
229,3,1.875882375e-05,1,4.335945305e-06,1.875653499
230,3,1.899308519e-05,1,4.342592596e-06,1.878534944
231,3,1.923027452e-05,1,4.349261182e-06,1.881420816
232,3,1.947029568e-05,1,4.355951103e-06,1.884311122
233,3,1.971326376e-05,1,4.362662397e-06,1.887205868
234,3,1.995916201e-05,1,4.369395102e-06,1.89010506
235,3,2.020768777e-05,1,4.376149256e-06,1.893008707
236,3,2.045895088e-05,1,4.382924895e-06,1.895916814
237,3,2.071282209e-05,1,4.389722058e-06,1.898829389
238,3,2.096921314e-05,1,4.396540781e-06,1.901746438
239,3,2.122776917e-05,1,4.4033811e-06,1.904667968
240,3,2.148851596e-05,1,4.410243052e-06,1.907593987
241,3,2.175138725e-05,1,4.417122729e-06,1.9105245
242,3,2.201599896e-05,1,4.424007363e-06,1.913459516
243,3,2.228221391e-05,1,4.430913817e-06,1.91639904
244,3,2.255008e-05,1,4.437842124e-06,1.91934308
245,3,2.281922068e-05,1,4.444792316e-06,1.922291643
246,3,2.308921348e-05,1,4.451764424e-06,1.925244736
247,3,2.336001208e-05,1,4.458758481e-06,1.928202365
248,3,2.363120696e-05,1,4.465774518e-06,1.931164538
249,3,2.390260917e-05,1,4.472812565e-06,1.934131261
250,3,2.417385528e-05,1,4.479872653e-06,1.937102542
251,3,2.444441261e-05,1,4.48695481e-06,1.940078387
252,3,2.471439408e-05,1,4.494059064e-06,1.943058804
253,3,2.498292898e-05,1,4.501185446e-06,1.946043799
254,3,2.525003348e-05,1,4.508333984e-06,1.94903338
255,3,2.551519974e-05,1,4.515504707e-06,1.952027554
256,3,2.577777391e-05,1,4.522697644e-06,1.955026327
257,3,2.603801716e-05,1,4.529912822e-06,1.958029707
258,3,2.629515347e-05,1,4.537150269e-06,1.961037701
259,3,2.654879795e-05,1,4.544410015e-06,1.964050315
260,3,2.679830302e-05,1,4.551692086e-06,1.967067558
261,3,2.704366193e-05,1,4.558996513e-06,1.970089435
262,3,2.728449404e-05,1,4.566323324e-06,1.973115955
263,3,2.751977353e-05,1,4.573672548e-06,1.976147124
264,3,2.774895276e-05,1,4.581044214e-06,1.979182949
265,3,2.797175982e-05,1,4.588438353e-06,1.982223438
266,3,2.818843843e-05,1,4.595854993e-06,1.985268598
267,3,2.839835603e-05,1,4.603294167e-06,1.988318435
268,3,2.86010127e-05,1,4.610755904e-06,1.991372958
269,3,2.879630744e-05,1,4.618240237e-06,1.994432172
270,3,2.898515506e-05,1,4.625747192e-06,1.997496086
271,3,2.91667402e-05,1,4.633276798e-06,2.000564707
272,3,2.934099639e-05,1,4.6408291e-06,2.003638041
273,3,2.950796451e-05,1,4.648404132e-06,2.006716097
274,3,2.966729363e-05,1,4.656001932e-06,2.00979888
275,3,2.981928174e-05,1,4.663622536e-06,2.0128864
276,3,2.996355352e-05,1,4.671265982e-06,2.015978662
277,3,3.010002261e-05,1,4.67893231e-06,2.019075674
278,3,3.022871855e-05,1,4.68662156e-06,2.022177443
279,3,3.034986468e-05,1,4.694333775e-06,2.025283976
280,3,3.046348865e-05,1,4.702068998e-06,2.028395282
281,3,3.056985287e-05,1,4.709827273e-06,2.031511367
282,3,3.066897718e-05,1,4.717608648e-06,2.034632238
283,3,3.076094677e-05,1,4.725413171e-06,2.037757902
284,3,3.084609613e-05,1,4.733240891e-06,2.040888368
285,3,3.09245653e-05,1,4.741091861e-06,2.044023642
286,3,3.099657541e-05,1,4.748966133e-06,2.047163731
287,3,3.106228053e-05,1,4.756863764e-06,2.050308643
288,3,3.112245989e-05,1,4.764784811e-06,2.053458386
289,3,3.117747049e-05,1,4.772729333e-06,2.056612965
290,3,3.122731491e-05,1,4.780697392e-06,2.05977239
291,3,3.127217456e-05,1,4.788689053e-06,2.062936666
292,3,3.131237046e-05,1,4.796704381e-06,2.066105801
293,3,3.134816978e-05,1,4.804743446e-06,2.069279802
294,3,3.138004117e-05,1,4.812806319e-06,2.072458677
295,3,3.140869808e-05,1,4.820893073e-06,2.075642433
296,3,3.143426496e-05,1,4.829003785e-06,2.078831076
297,3,3.145712338e-05,1,4.837138533e-06,2.082024615
298,3,3.147745453e-05,1,4.845297401e-06,2.085223055
299,3,3.149505168e-05,1,4.853480472e-06,2.088426405
300,3,3.151113022e-05,1,4.861687834e-06,2.09163467
301,3,3.152651645e-05,1,4.869919771e-06,2.094847858
302,3,3.154160458e-05,1,4.878176438e-06,2.098065977
303,3,3.155638673e-05,1,4.886457918e-06,2.101289032
304,3,3.157115715e-05,1,4.894764221e-06,2.10451703
305,3,3.158599898e-05,1,4.903095524e-06,2.107749979
306,3,3.160134049e-05,1,4.911451926e-06,2.110987885
307,3,3.161749342e-05,1,4.919833529e-06,2.114230755
308,3,3.163459766e-05,1,4.928240438e-06,2.117478596
309,3,3.165301072e-05,1,4.936672762e-06,2.120731413
310,3,3.167270094e-05,1,4.945130614e-06,2.123989214
311,3,3.169377834e-05,1,4.953614111e-06,2.127252004
312,3,3.171640267e-05,1,4.962123371e-06,2.130519791
313,3,3.174068107e-05,1,4.970658518e-06,2.13379258
314,3,3.176680165e-05,1,4.979219679e-06,2.137070379
315,3,3.179470187e-05,1,4.987806985e-06,2.140353192
316,3,3.182453949e-05,1,4.996420569e-06,2.143641027
317,3,3.185623364e-05,1,5.005060568e-06,2.146933889
318,3,3.18897711e-05,1,5.013727126e-06,2.150231784
319,3,3.192515789e-05,1,5.022420387e-06,2.153534719
320,3,3.196231032e-05,1,5.031140499e-06,2.1568427
321,3,3.200128114e-05,1,5.039887616e-06,2.160155732
322,3,3.204202608e-05,1,5.048661894e-06,2.163473821
323,3,3.20844876e-05,1,5.057463494e-06,2.166796974
324,3,3.212869543e-05,1,5.066292579e-06,2.170125197
325,3,3.217438569e-05,1,5.075149317e-06,2.173458495
326,3,3.222156053e-05,1,5.084033881e-06,2.176796874
327,3,3.227009216e-05,1,5.092946445e-06,2.18014034
328,3,3.231992877e-05,1,5.10188719e-06,2.1834889
329,3,3.237100184e-05,1,5.110856299e-06,2.186842559
330,3,3.242313651e-05,1,5.119853959e-06,2.190201324
331,3,3.247620358e-05,1,5.128880362e-06,2.193565201
332,3,3.253009881e-05,1,5.137935702e-06,2.196934195
333,3,3.258481975e-05,1,5.147020179e-06,2.200308314
334,3,3.264012204e-05,1,5.156133996e-06,2.203687563
335,3,3.269585161e-05,1,5.16527736e-06,2.207071949
336,3,3.275187505e-05,1,5.17445048e-06,2.210461479
337,3,3.280806711e-05,1,5.183653573e-06,2.21385616
338,3,3.28642891e-05,1,5.192886856e-06,2.217255999
339,3,3.292041299e-05,1,5.202150552e-06,2.220661001
340,3,3.297625869e-05,1,5.211444887e-06,2.224071176
341,3,3.30317039e-05,1,5.220770091e-06,2.22748653
342,3,3.308676813e-05,1,5.230126397e-06,2.23090707
343,3,3.314126409e-05,1,5.239514043e-06,2.234332805
344,3,3.319501954e-05,1,5.24893327e-06,2.237763742
345,3,3.324791875e-05,1,5.258384323e-06,2.24119989
346,3,3.329985226e-05,1,5.26786745e-06,2.244641256
347,3,3.335060072e-05,1,5.277382904e-06,2.24808785
348,3,3.34001759e-05,1,5.28693094e-06,2.25153968
349,3,3.344848439e-05,1,5.296511816e-06,2.254996755
350,3,3.349540805e-05,1,5.306125797e-06,2.258459085
351,3,3.354082706e-05,1,5.315773148e-06,2.261926678
352,3,3.358464798e-05,1,5.325454162e-06,2.265399545
353,3,3.362680549e-05,1,5.33516912e-06,2.268877696
354,3,1.094113536e-06,1,5.344918313e-06,2.27236114
355,3,1.218785002e-06,1,2.677351016e-06,1.137924944
356,3,1.357083787e-06,1,2.735554722e-06,1.162465968
357,3,1.510442674e-06,1,2.795034608e-06,1.187536237
358,3,1.680436446e-06,1,2.855819174e-06,1.213147163
359,3,1.8687951e-06,1,2.917937577e-06,1.239310407
360,3,2.07741719e-06,1,2.981419654e-06,1.266037878
361,3,2.308386749e-06,1,3.046295935e-06,1.293341743
362,3,2.563990097e-06,1,3.112597664e-06,1.321234434
363,3,2.846725183e-06,1,3.180356816e-06,1.349728647
364,3,3.159331463e-06,1,3.249606115e-06,1.378837354
365,3,3.504799861e-06,1,3.320379055e-06,1.408573807
366,3,3.886411677e-06,1,3.392709919e-06,1.438951542
367,3,4.307746951e-06,1,3.466633799e-06,1.469984388
368,3,4.772711463e-06,1,3.542186618e-06,1.501686473
369,3,5.285566884e-06,1,3.619405153e-06,1.534072228
370,3,5.850960126e-06,1,3.698327056e-06,1.567156396
371,3,6.473959926e-06,1,3.778990878e-06,1.600954039
372,3,7.160063215e-06,1,3.861436091e-06,1.635480543
373,3,7.915256828e-06,1,3.945703119e-06,1.670751625
374,3,8.746043234e-06,1,4.031833357e-06,1.706783344
375,3,9.659481571e-06,1,4.1198692e-06,1.743592102
376,3,1.066322996e-05,1,4.209854072e-06,1.781194657
377,3,1.176558618e-05,1,4.301832453e-06,1.819608128
378,3,1.297554118e-05,1,4.395849909e-06,1.858850004
379,3,1.430281386e-05,1,4.491953121e-06,1.898938151
380,3,1.57578864e-05,1,4.59018992e-06,1.93989082
381,3,1.735207735e-05,1,4.690609314e-06,1.981726658
382,3,1.909758442e-05,1,4.793261529e-06,2.024464712
383,3,2.100759712e-05,1,4.898198038e-06,2.068124443
384,3,2.309628969e-05,1,5.005471599e-06,2.112725729
385,3,2.537893108e-05,1,5.115136295e-06,2.15828888
386,3,2.787185169e-05,1,5.22724757e-06,2.204834643
387,3,3.059263297e-05,1,5.341862284e-06,2.252384215
388,3,3.356007882e-05,1,5.459038706e-06,2.300959249
389,3,3.679434718e-05,1,5.578836617e-06,2.350581867
390,3,3.678346706e-05,1,5.701317332e-06,2.401274668
391,3,3.676301478e-05,1,5.712613261e-06,2.405094328
392,3,3.674219538e-05,1,5.723638348e-06,2.408787106
393,3,3.672084956e-05,1,5.734707635e-06,2.412485631
394,3,3.669891573e-05,1,5.745821483e-06,2.416189915
395,3,3.667637705e-05,1,5.756980271e-06,2.41989997
396,3,3.665321879e-05,1,5.768184372e-06,2.423615811
397,3,3.662945691e-05,1,5.77943416e-06,2.42733745
398,3,3.660514151e-05,1,5.790730007e-06,2.431064898
399,3,3.658032192e-05,1,5.802072287e-06,2.434798169
400,3,3.655507038e-05,1,5.813461359e-06,2.438537275
401,3,3.652947394e-05,1,5.824897565e-06,2.442282228
402,3,3.650363859e-05,1,5.836381293e-06,2.446033038
403,3,3.647764305e-05,1,5.847912909e-06,2.449789718
404,3,3.64515785e-05,1,5.859492777e-06,2.453552279
405,3,3.642554654e-05,1,5.871121259e-06,2.457320732
406,3,3.639963766e-05,1,5.882798716e-06,2.461095087
407,3,3.637397052e-05,1,5.894525505e-06,2.464875356
408,3,3.634865314e-05,1,5.906301983e-06,2.468661547
409,3,3.632381471e-05,1,5.918128505e-06,2.472453672
410,3,3.629955005e-05,1,5.930005423e-06,2.47625174
411,3,3.627591571e-05,1,5.941933087e-06,2.48005576
412,3,3.62529686e-05,1,5.953911843e-06,2.483865741
413,3,3.623087152e-05,1,5.965942037e-06,2.487681693
414,3,3.620978323e-05,1,5.978024009e-06,2.491503623
415,3,3.618981348e-05,1,5.990158098e-06,2.495331541
416,3,3.617106413e-05,1,6.002344639e-06,2.499165453
417,3,3.615362924e-05,1,6.014583964e-06,2.503005369
418,3,3.613760509e-05,1,6.0268764e-06,2.506851296
419,3,3.612307065e-05,1,6.039222272e-06,2.510703241
420,3,3.611011648e-05,1,6.051621901e-06,2.514561211
421,3,3.609883089e-05,1,6.064075602e-06,2.518425214
422,3,3.608931935e-05,1,6.076583688e-06,2.522295256
423,3,3.608165549e-05,1,6.089146466e-06,2.526171344
424,3,3.607591067e-05,1,6.101764239e-06,2.530053485
425,3,3.607215359e-05,1,6.114437305e-06,2.533941685
426,3,3.607042989e-05,1,6.127165957e-06,2.53783595
427,3,3.607080585e-05,1,6.139950482e-06,2.541736287
428,3,3.60733511e-05,1,6.152791163e-06,2.545642702
429,3,3.607812587e-05,1,6.165688276e-06,2.5495552
430,3,3.608516323e-05,1,6.178642092e-06,2.553473789
431,3,3.609448214e-05,1,6.191652877e-06,2.557398473
432,3,3.610611762e-05,1,6.204720888e-06,2.561329259
433,3,3.612008884e-05,1,6.217846377e-06,2.565266153
434,3,3.613642453e-05,1,6.23102959e-06,2.56920916
435,3,3.61551383e-05,1,6.244270765e-06,2.573158286
436,3,3.617622658e-05,1,6.257570134e-06,2.577113538
437,3,3.619962487e-05,1,6.270927922e-06,2.581074921
438,3,3.622540206e-05,1,6.284344343e-06,2.585042441
439,3,3.625354261e-05,1,6.297819609e-06,2.589016104
440,3,3.628400886e-05,1,6.311353918e-06,2.592995916
441,3,3.631681209e-05,1,6.324947465e-06,2.596981883
442,3,3.635192782e-05,1,6.338600433e-06,2.600974011
443,3,3.638931282e-05,1,6.352312998e-06,2.604972306
444,3,3.642893785e-05,1,6.366085328e-06,2.608976775
445,3,3.647075675e-05,1,6.379917579e-06,2.612987424
446,3,3.651474643e-05,1,6.393809901e-06,2.617004259
447,3,3.656084025e-05,1,6.407762432e-06,2.621027288
448,3,3.660898923e-05,1,6.421775301e-06,2.625056516
449,3,3.665914787e-05,1,6.435848627e-06,2.62909195
450,3,3.671124902e-05,1,6.44998252e-06,2.633133597
451,3,3.676524782e-05,1,6.464177078e-06,2.637181465
452,3,3.682107901e-05,1,6.478432387e-06,2.64123556
453,3,3.687868225e-05,1,6.492748526e-06,2.64529589
454,3,3.693799633e-05,1,6.507125558e-06,2.649362461
455,3,3.699895615e-05,1,6.521563539e-06,2.653435282
456,3,3.706150345e-05,1,6.53606251e-06,2.65751436
457,3,3.712557098e-05,1,6.550622502e-06,2.661599703
458,3,3.719109982e-05,1,6.565243532e-06,2.665691319
459,3,3.725802533e-05,1,6.579925606e-06,2.669789215
460,3,3.732628545e-05,1,6.594668717e-06,2.673893399
461,3,3.739584197e-05,1,6.609472846e-06,2.678003881
462,3,3.746662073e-05,1,6.624337957e-06,2.682120668
463,3,1.245399079e-06,1,6.639264004e-06,2.686243768
464,3,1.389743998e-06,1,3.327114729e-06,1.345186595
465,3,1.550061175e-06,1,3.400270325e-06,1.374198882
466,3,1.728044462e-06,1,3.475063301e-06,1.403836901
467,3,1.925555425e-06,1,3.551531476e-06,1.434114149
468,3,2.14463907e-06,1,3.629713584e-06,1.465044413
469,3,2.387541594e-06,1,3.709649296e-06,1.49664178
470,3,2.656726988e-06,1,3.791379253e-06,1.528920636
471,3,2.954897634e-06,1,3.874945077e-06,1.56189568
472,3,3.285012222e-06,1,3.96038941e-06,1.595581929
473,3,3.650312537e-06,1,4.047755929e-06,1.629994722
474,3,4.054342339e-06,1,4.137089377e-06,1.665149729
475,3,4.500978828e-06,1,4.228435591e-06,1.701062959
476,3,4.994451724e-06,1,4.321841532e-06,1.737750765
477,3,5.539377311e-06,1,4.417355307e-06,1.775229855
478,3,6.140792482e-06,1,4.515026207e-06,1.813517294
479,3,6.804176216e-06,1,4.614904733e-06,1.852630517
480,3,7.535491069e-06,1,4.717042625e-06,1.892587337
481,3,8.341221413e-06,1,4.821493381e-06,1.933405946
482,3,9.228411854e-06,1,4.928220806e-06,1.975104934
483,3,1.020471104e-05,1,5.037309558e-06,2.017703289
484,3,1.127839113e-05,1,5.148779927e-06,2.061220407
485,3,1.245841487e-05,1,5.262746358e-06,2.105676106
486,3,1.375447566e-05,1,5.379204502e-06,2.151090629
487,3,1.517701462e-05,1,5.498257521e-06,2.197484655
488,3,1.673731735e-05,1,5.619900094e-06,2.244879311
489,3,1.844756085e-05,1,5.744277084e-06,2.293296179
490,3,2.032082497e-05,1,5.871305107e-06,2.342757305
491,3,2.237116446e-05,1,6.001201937e-06,2.393285212
492,3,2.461364858e-05,1,6.13381851e-06,2.444902908
493,3,2.706444455e-05,1,6.26942685e-06,2.497633897
494,3,2.974082539e-05,1,6.407889298e-06,2.551502191
495,3,3.266124038e-05,1,6.549421168e-06,2.606532319
496,3,3.584536375e-05,1,6.694083759e-06,2.662749338
497,3,3.931413641e-05,1,6.841620402e-06,2.720178846
498,3,4.308981165e-05,1,6.991241195e-06,2.778846995
499,3,4.318051177e-05,1,7.143833625e-06,2.838780496
500,3,4.326317934e-05,1,7.15697941e-06,2.843300783
501,3,4.334805993e-05,1,7.169640517e-06,2.847670968
502,3,4.343473598e-05,1,7.182018757e-06,2.852047837
503,3,4.35228886e-05,1,7.194417222e-06,2.856431398
504,3,4.361230044e-05,1,7.206557556e-06,2.86082166
505,3,4.370279108e-05,1,7.218570927e-06,2.865218634
506,3,4.379422487e-05,1,7.230354074e-06,2.869622327
507,3,4.388651037e-05,1,7.241730278e-06,2.874032748
508,3,4.397955915e-05,1,7.252503049e-06,2.878449907
509,3,4.407333121e-05,1,7.263237401e-06,2.882873813
510,3,4.416778559e-05,1,7.273619592e-06,2.887304473
511,3,4.426290242e-05,1,7.28400825e-06,2.891741896
512,3,4.435867018e-05,1,7.294403454e-06,2.896186091
513,3,4.445508234e-05,1,7.304805207e-06,2.900637066
514,3,4.455215327e-05,1,7.315196894e-06,2.90509483
515,3,4.46498784e-05,1,7.325238449e-06,2.909559389
516,3,4.474828999e-05,1,7.335285251e-06,2.914030753
517,3,4.484740372e-05,1,7.34533773e-06,2.918508928
518,3,4.49472516e-05,1,7.355395965e-06,2.922993922
519,3,4.504786856e-05,1,7.365460045e-06,2.927485743
520,3,4.514929379e-05,1,7.375530061e-06,2.931984397
521,3,4.525159686e-05,1,7.385606115e-06,2.936489892
522,3,4.535480722e-05,1,7.395411457e-06,2.941002235
523,3,4.545894374e-05,1,7.40514589e-06,2.945521432
524,3,4.556402179e-05,1,7.414885756e-06,2.95004749
525,3,4.567007402e-05,1,7.424631228e-06,2.954580416
526,3,4.577715245e-05,1,7.434382487e-06,2.959120216
527,3,4.588528909e-05,1,7.443938835e-06,2.963666896
528,3,4.599452447e-05,1,7.4533608e-06,2.968220464
529,3,4.610488191e-05,1,7.462788485e-06,2.972780924
530,3,4.621639101e-05,1,7.472222153e-06,2.977348284
531,3,4.632913709e-05,1,7.481662077e-06,2.98192255
532,3,4.644313458e-05,1,7.49104688e-06,2.986503729
533,3,4.655845835e-05,1,7.500172965e-06,2.991091826
534,3,4.667517208e-05,1,7.509305271e-06,2.995686848
535,3,4.67933484e-05,1,7.51844465e-06,3.000288803
536,3,4.691310912e-05,1,7.527591474e-06,3.004897697
537,3,4.703460498e-05,1,7.536682216e-06,3.009513537
538,3,4.715790292e-05,1,7.54553133e-06,3.014136331
539,3,4.728321968e-05,1,7.554388741e-06,3.018766087
540,3,4.74107778e-05,1,7.563255078e-06,3.023402812
541,3,4.754075284e-05,1,7.57213082e-06,3.028046516
542,3,4.767337708e-05,1,7.580827643e-06,3.032697207
543,3,4.780901359e-05,1,7.589424497e-06,3.037354894
544,3,4.794796399e-05,1,7.598032352e-06,3.042019587
545,3,4.809064984e-05,1,7.606651785e-06,3.046691296
546,3,4.823744489e-05,1,7.615130839e-06,3.051370032
547,3,4.83888975e-05,1,7.62349258e-06,3.056055806
548,3,4.854563032e-05,1,7.631867987e-06,3.06074863
549,3,4.870813547e-05,1,7.640257733e-06,3.065448516
550,3,4.887720319e-05,1,7.648487319e-06,3.070155476
551,3,4.905354707e-05,1,7.656644641e-06,3.074869524
552,3,4.923797662e-05,1,7.664818871e-06,3.079590675
553,3,4.943152507e-05,1,7.673010772e-06,3.084318941
554,3,4.963508297e-05,1,7.681190834e-06,3.089054339
555,3,4.984980056e-05,1,7.689180589e-06,3.093796884
556,3,5.007688503e-05,1,7.697190945e-06,3.098546592
557,3,5.031756512e-05,1,7.705222744e-06,3.103303479
558,3,5.057328828e-05,1,7.713276839e-06,3.108067564
559,3,5.084536034e-05,1,7.7213541e-06,3.112838863
560,3,5.113545528e-05,1,7.729449421e-06,3.117617395
561,3,5.144517351e-05,1,7.737412244e-06,3.122403178
562,3,5.177625704e-05,1,7.745351584e-06,3.127196232
563,3,5.213060476e-05,1,7.75331829e-06,3.131996577
564,3,5.251007851e-05,1,7.761313307e-06,3.136804231
565,3,5.291664001e-05,1,7.769337592e-06,3.141619216
566,3,5.335227574e-05,1,7.777392111e-06,3.146441552
567,3,5.381908241e-05,1,7.785477839e-06,3.151271259
568,3,5.431905061e-05,1,7.793595761e-06,3.15610836
569,3,5.485452958e-05,1,7.801739363e-06,3.160952874
570,3,5.542758935e-05,1,7.809782242e-06,3.165804823
571,3,5.60394273e-05,1,7.817817361e-06,3.17066423
572,3,5.669349529e-05,1,7.825889282e-06,3.175531115
573,3,5.739226679e-05,1,7.833999046e-06,3.180405499
574,3,5.813756199e-05,1,7.842147697e-06,3.185287405
575,3,5.89311656e-05,1,7.850336291e-06,3.190176854
576,3,5.977634005e-05,1,7.858565887e-06,3.195073867
577,3,6.067519956e-05,1,7.866836235e-06,3.199978465
578,3,6.162975578e-05,1,7.87514887e-06,3.20489067
579,3,6.264098977e-05,1,7.883505725e-06,3.209810502
580,3,6.371239459e-05,1,7.891907665e-06,3.214737981
581,3,6.484592795e-05,1,7.900351767e-06,3.219673129
582,3,6.604338906e-05,1,7.908750135e-06,3.224615965
583,3,6.730663496e-05,1,7.917137483e-06,3.229566508
584,3,6.863618907e-05,1,7.925574813e-06,3.234524779
585,3,7.003499939e-05,1,7.934062387e-06,3.239490796
586,3,7.150481205e-05,1,7.942602383e-06,3.244464577
587,3,7.304643193e-05,1,7.951195653e-06,3.24944614
588,3,7.465986393e-05,1,7.9598433e-06,3.254435504
589,3,7.634523267e-05,1,7.968546421e-06,3.259432686
590,3,7.810210388e-05,1,7.977306107e-06,3.264437701
591,3,7.993006136e-05,1,7.986123022e-06,3.269450568
592,3,8.182967189e-05,1,7.994997826e-06,3.274471301
593,3,8.380893827e-05,1,8.00393158e-06,3.279499916
594,3,8.58684069e-05,1,8.012925338e-06,3.284536428
595,3,8.800985759e-05,1,8.021980152e-06,3.289580852
596,3,9.02343043e-05,1,8.031094282e-06,3.294633201
597,3,9.254267992e-05,1,8.04016953e-06,3.299693489
598,3,9.493533734e-05,1,8.049279989e-06,3.304761729
599,3,9.741384472e-05,1,8.058456125e-06,3.309837935
600,3,9.998046733e-05,1,8.067698984e-06,3.314922117
601,3,0.0001026365645,1,8.077009584e-06,3.320014288
602,3,0.0001053840515,1,8.086388957e-06,3.32511446
603,3,0.0001082245598,1,8.095838136e-06,3.330222644
604,3,0.000111160018,1,8.105358146e-06,3.33533885
605,3,0.0001141921534,1,8.114950009e-06,3.340463088
606,3,0.0001173226922,1,8.124614739e-06,3.345595369
607,3,0.0001205532463,1,8.134353347e-06,3.350735702
608,3,0.0001238868233,1,8.144166836e-06,3.355884097
609,3,0.0001273253026,1,8.154056206e-06,3.361040563
610,3,0.0001308713239,1,8.163968756e-06,3.366205109
611,3,0.0001345272245,1,8.173902902e-06,3.371377743
612,3,0.000138294634,1,8.183916467e-06,3.376558474
613,3,0.0001421736572,1,8.19401044e-06,3.381747311
614,3,0.0001461670644,1,8.204185808e-06,3.386944261
615,3,0.0001502753276,1,8.21444355e-06,3.392149333
616,3,0.0001544978719,1,8.22478464e-06,3.397362534
617,3,0.0001588330049,1,8.235203879e-06,3.402583872
618,3,0.0001632752681,1,8.245653669e-06,3.407813356
619,3,0.0001678200974,1,8.256166018e-06,3.413050992
620,3,0.0001724591401,1,8.266766071e-06,3.41829679
621,3,0.0001771813342,1,8.277454797e-06,3.423550755
622,3,0.0001819698078,1,8.288233163e-06,3.428812896
623,3,0.0001868052049,1,8.299102134e-06,3.434083222
624,3,0.0001916624057,1,8.310062673e-06,3.439361738
625,3,0.0001965092455,1,8.321115744e-06,3.444648454
626,3,0.000201306859,1,8.332262305e-06,3.449943378
627,3,0.0002060128761,1,8.343503316e-06,3.455246516
628,3,0.0002105738292,1,8.354839725e-06,3.460557878
629,3,0.000214930935,1,8.366265774e-06,3.465877471
630,3,0.0002190214192,1,8.37777284e-06,3.471205304
631,3,0.0002227793266,1,8.389337709e-06,3.476541386
632,3,0.0002261381094,1,8.401002323e-06,3.481885724
633,3,0.0002290349326,1,8.412767644e-06,3.487238327
634,3,0.0002314129478,1,8.42463462e-06,3.492599204
635,3,0.0002332261572,1,8.43660419e-06,3.497968365
636,3,0.0002344418283,1,8.448677287e-06,3.503345817
637,3,0.0002350440529,1,8.460854829e-06,3.508731571
638,3,0.0002350342184,1,8.473137719e-06,3.514125636
639,3,0.0002344341394,1,8.485526838e-06,3.51952802
640,3,0.0002332794384,1,8.498023048e-06,3.524938735
641,3,0.0002316210218,1,8.510627183e-06,3.530357789
642,3,0.0002295202162,1,8.523340047e-06,3.535785193
643,3,0.000227045539,1,8.536162414e-06,3.541220956
644,3,0.0002242765349,1,8.549095017e-06,3.546665089
645,3,0.0002212810283,1,8.562134727e-06,3.552117602
646,3,0.0002181273576,1,8.575285593e-06,3.557578506
647,3,0.0002148802594,1,8.588548965e-06,3.563047811
648,3,0.0002115932084,1,8.601903738e-06,3.568525528
649,3,0.0002083153995,1,8.615330239e-06,3.574011667
650,3,0.0002050849984,1,8.628842433e-06,3.57950624
651,3,0.0002019333665,1,8.642470001e-06,3.585009257
652,3,0.0001988843875,1,8.65620956e-06,3.590520729
653,3,0.0001959542211,1,8.670021255e-06,3.596040667
654,3,0.0001931533438,1,8.683949481e-06,3.601569083
655,3,0.0001904887139,1,8.697994595e-06,3.607105987
656,3,0.0001879632798,1,8.712156925e-06,3.612651391
657,3,0.0001855770454,1,8.726436776e-06,3.618205305
658,3,0.0001833274409,1,8.74083441e-06,3.623767741
659,3,0.0001812232462,1,8.755350077e-06,3.62933871
660,3,0.0001792728969,1,8.769983993e-06,3.634918223
661,3,0.0001774636011,1,8.784736345e-06,3.640506291
662,3,0.0001757825361,1,8.799606885e-06,3.646102925
663,3,0.0001742206337,1,8.814595336e-06,3.651708135
664,3,0.0001727725942,1,8.829701581e-06,3.657321934
665,3,0.000171430785,1,8.844925465e-06,3.662944331
666,3,0.0001701881042,1,8.860266786e-06,3.668575337
667,3,0.0001690390172,1,8.875725296e-06,3.674214963
668,3,0.0001679755261,1,8.89130071e-06,3.679863219
669,3,0.0001669878443,1,8.906992703e-06,3.685520116
670,3,0.0001660732768,1,8.92280092e-06,3.691185665
671,3,0.000165229766,1,8.938724966e-06,3.696859875
672,3,0.0001644514091,1,8.954764419e-06,3.702542756
673,3,7.552635647e-06,1,8.970918824e-06,3.708234319
674,3,8.33463684e-06,1,4.493593848e-06,1.856967287
675,3,9.189185402e-06,1,4.591301777e-06,1.897017337
676,3,1.012312934e-05,1,4.691161493e-06,1.937931173
677,3,1.114386076e-05,1,4.793221777e-06,1.979727425
678,3,1.225933439e-05,1,4.897532562e-06,2.022425123
679,3,1.347813841e-05,1,5.004144965e-06,2.06604371
680,3,1.48095027e-05,1,5.11311132e-06,2.110603047
681,3,1.626332115e-05,1,5.224485204e-06,2.156123421
682,3,1.785012351e-05,1,5.338321477e-06,2.202625561
683,3,1.958064492e-05,1,5.454676311e-06,2.250130641
684,3,2.146780475e-05,1,5.573607611e-06,2.298660291
685,3,2.352617064e-05,1,5.695174412e-06,2.348236609
686,3,2.577043536e-05,1,5.819437065e-06,2.398882167
687,3,2.821649651e-05,1,5.946457376e-06,2.450620025
688,3,3.088161412e-05,1,6.076298638e-06,2.503473741
689,3,3.37845376e-05,1,6.209025668e-06,2.557467379
690,3,3.694518292e-05,1,6.344704851e-06,2.612625522
691,3,4.038524785e-05,1,6.483404176e-06,2.668973282
692,3,4.412823076e-05,1,6.62519328e-06,2.726536315
693,3,4.819963529e-05,1,6.770143483e-06,2.785340827
694,3,5.262687669e-05,1,6.918327838e-06,2.84541359
695,3,5.743963816e-05,1,7.069821167e-06,2.906781954
696,3,6.266990317e-05,1,7.224700111e-06,2.969473856
697,3,6.835226248e-05,1,7.383043172e-06,3.033517838
698,3,7.452411915e-05,1,7.54493076e-06,3.098943055
699,3,8.122566279e-05,1,7.710445243e-06,3.165779289
700,3,8.850038445e-05,1,7.879670995e-06,3.234056966
701,3,9.639566662e-05,1,8.052694445e-06,3.303807166
702,3,0.0001049619593,1,8.22960413e-06,3.375061639
703,3,0.0001142532589,1,8.410490748e-06,3.447852816
704,3,0.0001243284976,1,8.595447214e-06,3.522213829
705,3,0.0001352512194,1,8.784568713e-06,3.598178523
706,3,0.0001470896636,1,8.977952762e-06,3.675781472
707,3,0.0001599164679,1,9.175699264e-06,3.755057993
708,3,0.0001738096052,1,9.377910576e-06,3.836044165
709,3,0.000174159469,1,9.584691568e-06,3.918776845
710,3,0.0001745248822,1,9.604598725e-06,3.925014481
711,3,0.0001749400616,1,9.624071293e-06,3.931044778
712,3,0.0001754005328,1,9.643637675e-06,3.937084167
713,3,0.000175903385,1,9.663297117e-06,3.943132663
714,3,0.0001764465695,1,9.683048874e-06,3.949190277
715,3,0.0001770289946,1,9.702892211e-06,3.955257022
716,3,0.0001776486723,1,9.722826397e-06,3.961332912
717,3,0.0001783041037,1,9.742850712e-06,3.96741796
718,3,0.0001789947733,1,9.762964445e-06,3.97351218
719,3,0.0001797191049,1,9.783148114e-06,3.979615588
720,3,0.0001804757423,1,9.80339625e-06,3.985728198
721,3,0.0001812643108,1,9.823730604e-06,3.991850028
722,3,0.000182083158,1,9.844150532e-06,3.997981093
723,3,0.000182931334,1,9.864655404e-06,4.004121412
724,3,0.0001838078389,1,9.885244604e-06,4.010271002
725,3,0.0001847110798,1,9.905917533e-06,4.016429882
726,3,0.0001856400178,1,9.926673622e-06,4.022598071
727,3,0.0001865931311,1,9.947512319e-06,4.028775589
728,3,0.0001875690262,1,9.968433082e-06,4.034962456
729,3,0.0001885690392,1,9.989435379e-06,4.041158692
730,3,0.000189589189,1,1.001051855e-05,4.047364319
731,3,0.0001906270481,1,1.003168183e-05,4.053579359
732,3,0.0001916808722,1,1.005292484e-05,4.059803833
733,3,0.0001927487761,1,1.007424717e-05,4.066037763
734,3,0.0001938290659,1,1.009564845e-05,4.072281174
735,3,0.0001949200201,1,1.011712831e-05,4.078534088
736,3,0.0001960190771,1,1.013868639e-05,4.084796529
737,3,0.0001971246095,1,1.016031238e-05,4.091068521
738,3,0.0001982350402,1,1.01819579e-05,4.097350088
739,3,0.0001993486854,1,1.020367969e-05,4.103641256
740,3,0.0002004637835,1,1.022547742e-05,4.109942047
741,3,0.000201578679,1,1.024735076e-05,4.116252488
742,3,0.0002026915914,1,1.026929942e-05,4.122572602
743,3,0.0002038009265,1,1.029132313e-05,4.128902415
744,3,0.0002049049483,1,1.031342157e-05,4.135241951
745,3,0.00020600252,1,1.03355946e-05,4.141591235
746,3,0.0002070923412,1,1.035784215e-05,4.147950291
747,3,0.0002081729734,1,1.038016368e-05,4.154319144
748,3,0.0002092430367,1,1.040255892e-05,4.160697818
749,3,0.0002103012291,1,1.042502756e-05,4.167086338
750,3,0.0002113463085,1,1.044756934e-05,4.173484726
751,3,0.0002123771466,1,1.047018397e-05,4.179893008
752,3,0.0002133926392,1,1.049281767e-05,4.186311205
753,3,0.0002143917909,1,1.051548684e-05,4.192739342
754,3,0.0002153737708,1,1.053822686e-05,4.199177441
755,3,0.0002163377504,1,1.056103742e-05,4.205625524
756,3,0.0002172830871,1,1.058391818e-05,4.212083613
757,3,0.0002182092159,1,1.060686881e-05,4.21855173
758,3,0.0002191157084,1,1.062988897e-05,4.225029896
759,3,0.0002200021799,1,1.065298009e-05,4.23151813
760,3,0.0002208684586,1,1.067614026e-05,4.238016454
761,3,0.0002217145094,1,1.069936907e-05,4.244524885
762,3,0.0002225402777,1,1.072266615e-05,4.251043444
763,3,0.0002233459564,1,1.074603107e-05,4.257572149
764,3,0.0002241317583,1,1.076946342e-05,4.264111016
765,3,0.0002248979354,1,1.079284825e-05,4.270660064
766,3,0.0002256447044,1,1.081629807e-05,4.277219309
767,3,0.0002263730504,1,1.083981245e-05,4.283788767
768,3,0.0002270835532,1,1.086339086e-05,4.290368453
769,3,0.0002277768984,1,1.088703274e-05,4.296958383
770,3,0.0002284540058,1,1.091073995e-05,4.303558571
771,3,0.0002291159084,1,1.093451097e-05,4.310169032
772,3,0.0002297638058,1,1.095834398e-05,4.316789778
773,3,0.0002303988085,1,1.098223834e-05,4.323420824
774,3,0.0002310221611,1,1.100619339e-05,4.330062182
775,3,0.0002316351871,1,1.10301194e-05,4.336713864
776,3,0.0002322393145,1,1.105404588e-05,4.343375883
777,3,0.000232835813,1,1.107802906e-05,4.350048251
778,3,0.0002334259738,1,1.110206815e-05,4.356730978
779,3,0.0002340112705,1,1.112616746e-05,4.363424078
780,3,0.0002345933331,1,1.115032214e-05,4.370127559
781,3,0.0002351737028,1,1.117453055e-05,4.376841435
782,3,0.0002357539389,1,1.119879177e-05,4.383565714
783,3,0.0002363356002,1,1.122293641e-05,4.390300408
784,3,0.0002369202827,1,1.124711569e-05,4.397045527
785,3,0.0002375094101,1,1.127134546e-05,4.403801081
786,3,0.0002381046632,1,1.129035579e-05,4.410567081
787,3,0.000238707603,1,1.130096146e-05,4.417343536
788,3,0.0002393198005,1,1.131159476e-05,4.424130458
789,3,0.0002399427847,1,1.132225717e-05,4.430927855
790,3,0.0002405779238,1,1.133295018e-05,4.437735737
791,3,0.000241227015,1,1.134367529e-05,4.444554116
792,3,0.0002418915746,1,1.135443404e-05,4.451383
793,3,0.0002425727667,1,1.136522795e-05,4.4582224
794,3,0.0002432721698,1,1.137605857e-05,4.465072327
795,3,0.0002439915128,1,1.138688693e-05,4.471932789
796,3,0.0002447320292,1,1.139775461e-05,4.478803799
797,3,0.000245495034,1,1.140866404e-05,4.485685365
798,3,0.0002462821355,1,1.141961682e-05,4.492577499
799,3,0.0002470946102,1,1.143061453e-05,4.499480212
800,3,0.0002479341522,1,1.144165879e-05,4.506393514
801,3,0.0002488017809,1,1.145275119e-05,4.513317416
802,3,0.0002496992432,1,1.146389335e-05,4.520251929
803,3,0.0002506277509,1,1.147508688e-05,4.527197065
804,3,0.0002515896892,1,1.148633339e-05,4.534152835
805,3,0.0002525866841,1,1.149763449e-05,4.541119252
806,3,0.0002536200123,1,1.150899179e-05,4.548096326
807,3,0.0002546911969,1,1.15204069e-05,4.555084071
808,3,0.0002558026533,1,1.153188142e-05,4.562082498
809,3,0.0002569566217,1,1.154341694e-05,4.56909162
810,3,0.0002581550348,1,1.155501507e-05,4.57611145
811,3,0.0002593999644,1,1.156667737e-05,4.583142001
812,3,0.0002606935206,1,1.157840544e-05,4.590183286
813,3,0.0002620378485,1,1.159020082e-05,4.597235319
814,3,0.0002634353323,1,1.160206509e-05,4.604298114
815,3,0.0002648882701,1,1.161399979e-05,4.611371685
816,3,0.00026639925,1,1.162600645e-05,4.618456045
817,3,0.0002679707794,1,1.16380866e-05,4.62555121
818,3,0.00026960525,1,1.165024174e-05,4.632657194
819,3,0.0002713055576,1,1.166247337e-05,4.639774012
820,3,0.0002730748701,1,1.167478298e-05,4.64690168
821,3,0.0002749164149,1,1.168717204e-05,4.654040212
822,3,0.0002768332823,1,1.1699642e-05,4.661189626
823,3,0.0002788289665,1,1.17121943e-05,4.668349936
824,3,0.0002809070302,1,1.172483038e-05,4.675521158
825,3,0.0002830712868,1,1.173755165e-05,4.68270331
826,3,0.0002853258275,1,1.17503595e-05,4.689896409
827,3,0.0002876741916,1,1.176325533e-05,4.69710047
828,3,0.000290121661,1,1.177624051e-05,4.704315511
829,3,0.0002926735617,1,1.17893164e-05,4.71154155
830,3,0.0002953355126,1,1.180248436e-05,4.718778605
831,3,0.000298113672,1,1.181574572e-05,4.726026693
832,3,0.0003010145058,1,1.182910181e-05,4.733285831
833,3,0.0003040443118,1,1.184255395e-05,4.74055604
834,3,0.0003072107227,1,1.185610346e-05,4.747837336
835,3,0.0003105242753,1,1.186975117e-05,4.75512974
836,3,0.0003139949295,1,1.188349828e-05,4.762433269
837,3,0.0003176327364,1,1.18973461e-05,4.769747942
838,3,0.0003214514345,1,1.19112959e-05,4.77707378
839,3,0.0003254644466,1,1.192534898e-05,4.7844108
840,3,0.0003296859248,1,1.193950663e-05,4.791759023
841,3,0.0003341331235,1,1.195377013e-05,4.799118468
842,3,0.0003388265416,1,1.196814079e-05,4.806489155
843,3,0.0003437870209,1,1.198261992e-05,4.813871102
844,3,0.0003490332503,1,1.199720884e-05,4.821264331
845,3,0.00035459109,1,1.201190888e-05,4.828668861
846,3,0.0003604889919,1,1.202672139e-05,4.836084711
847,3,0.0003667577607,1,1.204164773e-05,4.843511901
848,3,0.0003734323119,1,1.20566893e-05,4.850950451
849,3,0.0003805460801,1,1.20718475e-05,4.858400381
850,3,0.0003881395791,1,1.208712377e-05,4.86586171
851,3,0.0003962557628,1,1.210251955e-05,4.873334457
852,3,0.0004049414774,1,1.211803636e-05,4.880818643
853,3,0.0004142437879,1,1.213367571e-05,4.888314287
854,3,0.0004242100859,1,1.214943916e-05,4.895821409
855,3,0.0004348746637,1,1.216532831e-05,4.903340026
856,3,0.000446326408,1,1.218134479e-05,4.91087016
857,3,0.0004586258441,1,1.219749028e-05,4.918411829
858,3,0.000471844101,1,1.221376651e-05,4.925965052
859,3,0.0004860481261,1,1.223017524e-05,4.933529848
860,3,0.0005013010149,1,1.224671829e-05,4.941106236
861,3,0.0005176633478,1,1.226339752e-05,4.948694235
862,3,0.0005351888124,1,1.228021484e-05,4.956293864
863,3,0.0005539221496,1,1.229717222e-05,4.963905142
864,3,0.0005738947551,1,1.231427167e-05,4.971528087
865,3,0.0005951170317,1,1.233151525e-05,4.979162718
866,3,0.0006175698934,1,1.234890508e-05,4.986809054
867,3,0.0006411999243,1,1.236644331e-05,4.994467114
868,3,0.0006659066166,1,1.238413213e-05,5.002136915
869,3,0.0006915274279,1,1.240197379e-05,5.009818477
870,3,0.0007178303006,1,1.241997056e-05,5.017511818
871,3,0.0007444987573,1,1.243812474e-05,5.025216957
872,3,0.0007711231991,1,1.245643849e-05,5.032933912
873,3,0.0007972017554,1,1.247491408e-05,5.040662703
874,3,0.000822149888,1,1.24935539e-05,5.048403348
875,3,0.0008453211957,1,1.251236028e-05,5.056155866
876,3,0.0008660454324,1,1.253133561e-05,5.063920275
877,3,0.0008836710999,1,1.255048222e-05,5.071696595
878,3,0.0008976371905,1,1.256980236e-05,5.079484845
879,3,0.0009075224902,1,1.258929823e-05,5.087285043
880,3,0.0009130802817,1,1.260890659e-05,5.095097209
881,3,0.000914281372,1,1.262868706e-05,5.102921363
882,3,0.0009112884962,1,1.264862244e-05,5.110757523
883,3,0.0009044560052,1,1.266870893e-05,5.118605709
884,3,0.0008942668203,1,1.268897884e-05,5.126465941
885,3,0.0008812871273,1,1.270943362e-05,5.134338239
886,3,0.0008661406252,1,1.273007477e-05,5.142222621
887,3,0.0008493969895,1,1.275090358e-05,5.150119109
888,3,0.0008315915424,1,1.277192088e-05,5.158027723
889,3,0.0008131947174,1,1.279312749e-05,5.165948482
890,3,0.0007946111151,1,1.281452407e-05,5.173881408
891,3,0.0007761641297,1,1.283611113e-05,5.18182652
892,3,0.00075810824,1,1.285788897e-05,5.189783838
893,3,0.0007406249414,1,1.287985777e-05,5.197753385
894,3,0.0007238624182,1,1.290201749e-05,5.20573518
895,3,0.0007079124194,1,1.292436799e-05,5.213729245
896,3,0.0006928382864,1,1.294690891e-05,5.2217356
897,3,0.0006786781282,1,1.296963978e-05,5.229754266
898,3,0.0006654570796,1,1.299255996e-05,5.237785264
899,3,0.0006531756669,1,1.301566866e-05,5.245828616
900,3,0.0006418226584,1,1.303896495e-05,5.253884343
901,3,0.000631381219,1,1.306244776e-05,5.261952466
902,3,0.000621825696,1,1.308611589e-05,5.270033005
903,3,0.0006131322983,1,1.310996797e-05,5.278125983
904,3,0.0006052668792,1,1.313400252e-05,5.286231421
905,3,0.0005981702816,1,1.315821789e-05,5.294349339
906,3,0.0005918234701,1,1.318261241e-05,5.30247976
907,3,3.380047452e-05,1,1.320718526e-05,5.310622704
908,3,3.702280274e-05,1,6.615967161e-06,2.659389096
909,3,4.050481653e-05,1,6.76012918e-06,2.716743289
910,3,4.427443462e-05,1,6.90747761e-06,2.77533441
911,3,4.836072885e-05,1,7.058084801e-06,2.835189136
912,3,5.279456504e-05,1,7.212024767e-06,2.896334721
913,3,5.760852536e-05,1,7.369373231e-06,2.958799004
914,3,6.283741293e-05,1,7.530207669e-06,3.022610425
915,3,6.851909591e-05,1,7.69460735e-06,3.087798038
916,3,7.469448928e-05,1,7.862653377e-06,3.154391522
917,3,8.14069227e-05,1,8.034428733e-06,3.222421197
918,3,8.870379829e-05,1,8.210018317e-06,3.291918037
919,3,9.663608268e-05,1,8.389508988e-06,3.362913683
920,3,0.0001052593337,1,8.572989607e-06,3.435440459
921,3,0.0001146373582,1,8.760551079e-06,3.509531388
922,3,0.0001248364471,1,8.952286393e-06,3.585220203
923,3,0.0001359270206,1,9.148290666e-06,3.662541365
924,3,0.0001479863174,1,9.348661182e-06,3.741530078
925,3,0.0001610966387,1,9.55349744e-06,3.822222307
926,3,0.0001753473013,1,9.762901188e-06,3.90465479
927,3,0.0001908336003,1,9.976976472e-06,3.988865059
928,3,0.0002076577313,1,1.019582968e-05,4.074891457
929,3,0.0002259293537,1,1.041956956e-05,4.162773151
930,3,0.0002457653042,1,1.064830731e-05,4.252550155
931,3,0.0002672889845,1,1.088215658e-05,4.344263347
932,3,0.0002906327843,1,1.112123352e-05,4.437954485
933,3,0.0003159348928,1,1.136565682e-05,4.533666229
934,3,0.0003433433932,1,1.161554778e-05,4.631442161
935,3,0.0003730113799,1,1.187103031e-05,4.7313268
936,3,0.0004051008078,1,1.213223102e-05,4.833365628
937,3,0.0004397791287,1,1.23992792e-05,4.937605107
938,3,0.0004772208124,1,1.267230691e-05,5.0440927
939,3,0.0005176070634,1,1.295144903e-05,5.152876897
940,3,0.0005611201751,1,1.323684324e-05,5.264007229
941,3,0.0006079507761,1,1.352863015e-05,5.377534299
942,3,0.0006582872425,1,1.382695326e-05,5.493509799
943,3,0.0006620895396,1,1.413195906e-05,5.611986536
944,3,0.0006658620228,1,1.41613673e-05,5.620916739
945,3,0.0006696913342,1,1.419007185e-05,5.62955031
946,3,0.0006735373094,1,1.421882698e-05,5.638197199
947,3,0.0006773729493,1,1.424762496e-05,5.646857425
948,3,0.0006811745744,1,1.427648882e-05,5.655531008
949,3,0.0006849230827,1,1.430541519e-05,5.664217966
950,3,0.0006886015752,1,1.433440074e-05,5.67291832
951,3,0.0006921949234,1,1.43634422e-05,5.681632088
952,3,0.0006956899918,1,1.439253638e-05,5.69035929
953,3,0.0006990746732,1,1.442168016e-05,5.699099947
954,3,0.000702339093,1,1.445087047e-05,5.707854076
955,3,0.0007054724549,1,1.448010437e-05,5.7166217
956,3,0.0007084676511,1,1.450937898e-05,5.725402836
957,3,0.0007113161847,1,1.453869152e-05,5.734197506
958,3,0.0007140124696,1,1.456803933e-05,5.743005731
959,3,0.0007165494198,1,1.459741984e-05,5.75182753
960,3,0.0007189220976,1,1.462683058e-05,5.760662924
961,3,0.0007211264239,1,1.465626926e-05,5.769511936
962,3,0.0007231588832,1,1.468318791e-05,5.778374586
963,3,0.0007250167152,1,1.470847209e-05,5.787250897
964,3,0.0007266977303,1,1.473287419e-05,5.79614089
965,3,0.000728200276,1,1.47565817e-05,5.805044588
966,3,0.00072952316,1,1.477991107e-05,5.813962012
967,3,0.000730665561,1,1.480284981e-05,5.822893185
968,3,0.0007316273304,1,1.482500944e-05,5.83183813
969,3,0.000732410174,1,1.484714013e-05,5.840796868
970,3,0.0007330143978,1,1.486890339e-05,5.849769421
971,3,0.0007334417343,1,1.489025585e-05,5.858755813
972,3,0.0007336942412,1,1.49116088e-05,5.867756064
973,3,0.0007337744577,1,1.493296283e-05,5.876770199
974,3,0.0007336849743,1,1.495368938e-05,5.885798238
975,3,0.0007334289809,1,1.497429376e-05,5.894840206
976,3,0.0007330099903,1,1.499490226e-05,5.903896124
977,3,0.0007324319218,1,1.501551608e-05,5.912966015
978,3,0.0007316987273,1,1.503613658e-05,5.922049902
979,3,0.0007308150195,1,1.505616361e-05,5.931147808
980,3,0.0007297857105,1,1.507609286e-05,5.940259756
981,3,0.0007286159578,1,1.509603398e-05,5.949385769
982,3,0.0007273110773,1,1.511598883e-05,5.95852587
983,3,0.0007258768041,1,1.513595936e-05,5.967680082
984,3,0.0007243193581,1,1.515594761e-05,5.976848427
985,3,0.0007226452402,1,1.517554535e-05,5.98603093
986,3,0.0007208610006,1,1.519491414e-05,5.995227612
987,3,0.0007189736441,1,1.521430737e-05,6.004438498
988,3,0.0007169906617,1,1.523372747e-05,6.013663609
989,3,0.0007149197358,1,1.525317695e-05,6.02290297
990,3,0.0007127688675,1,1.527265843e-05,6.032156602
991,3,0.0007105468318,1,1.529207888e-05,6.04142453
992,3,0.0007082626348,1,1.531101554e-05,6.050706777
993,3,0.0007059259385,1,1.532999132e-05,6.060003365
994,3,0.0007035468304,1,1.534900953e-05,6.069314319
995,3,0.0007011351395,1,1.536807309e-05,6.078639661
996,3,0.000698701382,1,1.538718498e-05,6.087979415
997,3,0.0006962572132,1,1.540634816e-05,6.097333605
998,3,0.0006938137143,1,1.542556552e-05,6.106702253
999,3,0.0006913826726,1,1.544428883e-05,6.116085383
1000,3,0.0006889769622,1,1.546304642e-05,6.125483019
1001,3,0.0006866104824,1,1.548186676e-05,6.134895184
1002,3,0.0006842969796,1,1.550075304e-05,6.144321902
1003,3,0.0006820513497,1,1.551970847e-05,6.153763195
1004,3,0.0006798878333,1,1.553873613e-05,6.163219087
1005,3,0.0006778245762,1,1.555783914e-05,6.172689602
1006,3,0.0006758791477,1,1.557676548e-05,6.182174762
1007,3,0.0006740698063,1,1.559548582e-05,6.191674591
1008,3,0.0006724158897,1,1.561429054e-05,6.201189113
1009,3,0.0006709373748,1,1.563318293e-05,6.210718349
1010,3,0.000669656513,1,1.565216618e-05,6.220262324
1011,3,0.000668592333,1,1.567124341e-05,6.229821059
1012,3,0.0006677658256,1,1.569041777e-05,6.239394578
1013,3,0.0006672005098,1,1.570968241e-05,6.248982904
1014,3,0.0006669210215,1,1.572855154e-05,6.258586058
1015,3,0.000666952223,1,1.57475258e-05,6.268204063
1016,3,0.0006673202586,1,1.576660969e-05,6.277836942
1017,3,0.0006680534549,1,1.578580633e-05,6.287484716
1018,3,0.0006691807857,1,1.580511866e-05,6.297147407
1019,3,0.0006707308769,1,1.582454975e-05,6.306825037
1020,3,0.0006727304682,1,1.584410264e-05,6.316517626
1021,3,0.0006752142133,1,1.586346113e-05,6.326225196
1022,3,0.0006782155511,1,1.58827908e-05,6.335947768
1023,3,0.0006817709107,1,1.590225169e-05,6.345685363
1024,3,0.0006859174882,1,1.592184654e-05,6.355438
1025,3,0.0006906932173,1,1.594157807e-05,6.3652057
1026,3,0.0006961381067,1,1.596144913e-05,6.374988482
1027,3,0.0007022943324,1,1.59814625e-05,6.384786366
1028,3,0.0007092038866,1,1.600148135e-05,6.394599372
1029,3,0.0007169089261,1,1.602134982e-05,6.404427518
1030,3,0.0007254553941,1,1.604136954e-05,6.414270824
1031,3,0.0007349012809,1,1.606154296e-05,6.424129309
1032,3,0.0007452998075,1,1.608187248e-05,6.43400299
1033,3,0.0007567098829,1,1.610236061e-05,6.443891887
1034,3,0.0007691897237,1,1.612300982e-05,6.453796018
1035,3,0.0007827994665,1,1.614382249e-05,6.4637154
1036,3,0.0007976103235,1,1.616450937e-05,6.473650054
1037,3,0.0008136814561,1,1.618526143e-05,6.483599996
1038,3,0.0008310936957,1,1.62061855e-05,6.493565246
1039,3,0.0008499318121,1,1.622728359e-05,6.503545821
1040,3,0.000870271571,1,1.624855788e-05,6.513541741
1041,3,0.0008922000664,1,1.627001049e-05,6.523553023
1042,3,0.0009157947881,1,1.629164349e-05,6.533579686
1043,3,0.0009411399191,1,1.631345889e-05,6.54362175
1044,3,0.0009683169334,1,1.633526271e-05,6.553679232
1045,3,0.0009974059666,1,1.635710168e-05,6.563752153
1046,3,0.001028481814,1,1.637913105e-05,6.573840532
1047,3,0.001061592241,1,1.640135257e-05,6.583944387
1048,3,0.001096777026,1,1.642376802e-05,6.594063739
1049,3,0.001134009996,1,1.644637918e-05,6.604198607
1050,3,0.001173279366,1,1.646918779e-05,6.614349011
1051,3,0.001214482925,1,1.649219553e-05,6.624514971
1052,3,0.001257450236,1,1.651540405e-05,6.634696507
1053,3,0.001301908773,1,1.653875365e-05,6.644893639
1054,3,0.001347513925,1,1.65620731e-05,6.655106388
1055,3,0.001393860242,1,1.658560057e-05,6.665334774
1056,3,0.001440376569,1,1.660933766e-05,6.675578817
1057,3,0.001486357246,1,1.663328568e-05,6.685838538
1058,3,0.001530987131,1,1.665744599e-05,6.696113958
1059,3,0.001573379959,1,1.668181994e-05,6.706405098
1060,3,0.001612602674,1,1.670640885e-05,6.716711977
1061,3,0.001647737395,1,1.673121394e-05,6.727034618
1062,3,0.001677971526,1,1.675623639e-05,6.737373041
1063,3,0.001702651803,1,1.678147728e-05,6.747727266
1064,3,0.00172133288,1,1.680693762e-05,6.758097317
1065,3,0.001733840948,1,1.683246951e-05,6.768483212
1066,3,0.001740268339,1,1.685813681e-05,6.778884975
1067,3,0.001740944542,1,1.688402954e-05,6.789302626
1068,3,0.001736411923,1,1.691014856e-05,6.799736188
1069,3,0.001727352684,1,1.69364244e-05,6.810185681
1070,3,0.001714517453,1,1.696291553e-05,6.820651129
1071,3,0.00169868742,1,1.698957871e-05,6.831132554
1072,3,0.001680605436,1,1.701647048e-05,6.841629978
1073,3,0.001660959064,1,1.704359121e-05,6.852143424
1074,3,0.001640356593,1,1.70709412e-05,6.862672915
1075,3,0.001619261673,1,1.709852061e-05,6.873218475
1076,3,0.001598125542,1,1.712632953e-05,6.883780127
1077,3,0.001577312551,1,1.715436789e-05,6.894357895
1078,3,0.001557072496,1,1.718263553e-05,6.904951803
1079,3,0.001537584348,1,1.721113217e-05,6.915561876
1080,3,0.001518969148,1,1.72398574e-05,6.92618814
1081,3,0.001501308425,1,1.726880873e-05,6.936830618
1082,3,0.001484644114,1,1.729786855e-05,6.947489337
1083,3,0.001468994868,1,1.732712476e-05,6.958164323
1084,3,0.001454396378,1,1.735661225e-05,6.968855601
1085,3,0.001440847653,1,1.738633032e-05,6.979563199
1086,3,0.001428294006,1,1.741627831e-05,6.990287142
1087,3,0.001416693158,1,1.744645538e-05,7.001027457
1088,3,0.001405990105,1,1.747686056e-05,7.011784173
1089,3,0.001396144933,1,1.750749283e-05,7.022557316
1090,3,0.001387104741,1,1.753835108e-05,7.033346913
1091,3,0.001378817845,1,1.756943398e-05,7.044152994
1092,3,0.001371230586,1,1.760074027e-05,7.054975585
1093,3,0.00136428919,1,1.763226864e-05,7.065814714
1094,3,0.001357947665,1,1.766401771e-05,7.076670411
1095,3,9.265951125e-05,1,1.769598604e-05,7.087542703
1096,3,0.0001016492462,1,8.864086083e-06,3.54921581
1097,3,0.0001113067329,1,9.056993076e-06,3.625761769
1098,3,0.0001217108584,1,9.254151416e-06,3.703958589
1099,3,0.0001329385255,1,9.455656959e-06,3.783841874
1100,3,0.0001450667284,1,9.661607746e-06,3.865447999
1101,3,0.0001581742034,1,9.872104072e-06,3.948814118
1102,3,0.0001723421796,1,1.008724855e-05,4.033978189
1103,3,0.000187654689,1,1.030714616e-05,4.120978986
1104,3,0.000204200085,1,1.053190435e-05,4.20985612
1105,3,0.0002220692975,1,1.076163303e-05,4.300650057
1106,3,0.0002413616643,1,1.099644471e-05,4.393402135
1107,3,0.0002621828919,1,1.12364545e-05,4.488154585
1108,3,0.0002846400169,1,1.14817802e-05,4.584950549
1109,3,0.0003088449295,1,1.173254237e-05,4.683834097
1110,3,0.000334914701,1,1.198886441e-05,4.784850253
1111,3,0.0003629697279,1,1.225086484e-05,4.88804501
1112,3,0.0003931352315,1,1.251867786e-05,4.993465354
1113,3,0.0004255396539,1,1.279243803e-05,5.101159283
1114,3,0.0004603165577,1,1.307228068e-05,5.211175831
1115,3,0.0004976014692,1,1.335834434e-05,5.32356509
1116,3,0.0005375329957,1,1.365077078e-05,5.438378231
1117,3,0.0005802522449,1,1.394970508e-05,5.55566753
1118,3,0.000625901164,1,1.425529574e-05,5.675486388
1119,3,0.0006746215457,1,1.456769471e-05,5.79788936
1120,3,0.0007265555617,1,1.488705751e-05,5.922932177
1121,3,0.0007818438009,1,1.521354328e-05,6.050671771
1122,3,0.0008406249871,1,1.554731489e-05,6.181166303
1123,3,0.0009030396098,1,1.588853898e-05,6.31447519
1124,3,0.0009692134637,1,1.623738607e-05,6.450659129
1125,3,0.001039266828,1,1.659403061e-05,6.589780129
1126,3,0.00111331366,1,1.695865102e-05,6.731901534
1127,3,0.001191460348,1,1.733142996e-05,6.877088056
1128,3,0.001273803578,1,1.771255426e-05,7.025405805
1129,3,0.001360429117,1,1.810221502e-05,7.176922315
1130,3,0.001451408304,1,1.850060769e-05,7.331706576
1131,3,0.001449374137,1,1.890793214e-05,7.489829068
1132,3,0.001447273183,1,1.894652939e-05,7.501749362
1133,3,0.001445260863,1,1.898422947e-05,7.513273708
1134,3,0.00144327623,1,1.90220739e-05,7.524815775
1135,3,0.001441285133,1,1.906006008e-05,7.536375592
1136,3,0.001439273134,1,1.909818542e-05,7.547953184
1137,3,0.001437234037,1,1.913644707e-05,7.55954858
1138,3,0.001435168359,1,1.917484211e-05,7.571161804
1139,3,0.001433081465,1,1.92133675e-05,7.582792882
1140,3,0.001430980225,1,1.925202012e-05,7.594441841
1141,3,0.001428874139,1,1.92907967e-05,7.606108705
1142,3,0.001426775154,1,1.93296939e-05,7.6177935
1143,3,0.001424695263,1,1.936870824e-05,7.629496253
1144,3,0.001422646727,1,1.940783617e-05,7.64121699
1145,3,0.001420642257,1,1.944707401e-05,7.652955736
1146,3,0.001418694724,1,1.948629464e-05,7.664712519
1147,3,0.001416816838,1,1.952558381e-05,7.676487365
1148,3,0.001415021003,1,1.956496647e-05,7.688280301
1149,3,0.00141331937,1,1.960443858e-05,7.700091354
1150,3,0.001411723484,1,1.964138612e-05,7.711920549
1151,3,0.001410244975,1,1.966731164e-05,7.723767913
1152,3,0.001408895052,1,1.969336906e-05,7.735633473
1153,3,0.001407684727,1,1.971956038e-05,7.747517254
1154,3,0.001406624313,1,1.974588757e-05,7.75941928
1155,3,0.001405724505,1,1.97723526e-05,7.771339579
1156,3,0.001404994988,1,1.979895743e-05,7.783278174
1157,3,0.001404445596,1,1.9825704e-05,7.79523509
1158,3,0.001404085019,1,1.985259426e-05,7.807210353
1159,3,0.001403922508,1,1.987963011e-05,7.819203985
1160,3,0.001403969396,1,1.99068134e-05,7.831216012
1161,3,0.001404236506,1,1.993414604e-05,7.843246459
1162,3,0.001404734069,1,1.996162992e-05,7.855295349
1163,3,0.001405472766,1,1.998926693e-05,7.867362706
1164,3,0.001406464644,1,2.001705892e-05,7.879448555
1165,3,0.00140772175,1,2.004500773e-05,7.89155292
1166,3,0.001409256426,1,2.00731152e-05,7.903675825
1167,3,0.001411084395,1,2.010138311e-05,7.915817295
1168,3,0.001413219929,1,2.012981325e-05,7.927977353
1169,3,0.001415676349,1,2.015840737e-05,7.940156025
1170,3,0.001418474676,1,2.018716717e-05,7.952353333
1171,3,0.001421629478,1,2.021609434e-05,7.964569304
1172,3,0.001425159368,1,2.024519054e-05,7.976803962
1173,3,0.001429095254,1,2.027445737e-05,7.989057331
1174,3,0.001433465394,1,2.030389641e-05,8.001329437
1175,3,0.001438299261,1,2.033350916e-05,8.013620305
1176,3,0.001443629474,1,2.036329711e-05,8.02592996
1177,3,0.001449492465,1,2.039326167e-05,8.038258429
1178,3,0.001455928619,1,2.042340101e-05,8.050605737
1179,3,0.001462982676,1,2.045369768e-05,8.06297191
1180,3,0.0014706934,1,2.048417608e-05,8.075356977
1181,3,0.001479126793,1,2.051483742e-05,8.087760963
1182,3,0.001488343976,1,2.054568283e-05,8.100183897
1183,3,0.001498412878,1,2.057671336e-05,8.112625806
1184,3,0.001509409383,1,2.060792998e-05,8.125086719
1185,3,0.001521417044,1,2.063933357e-05,8.137566665
1186,3,0.001534515419,1,2.067092497e-05,8.150065674
1187,3,0.001548811663,1,2.07027049e-05,8.162583776
1188,3,0.00156442041,1,2.073465554e-05,8.175121002
1189,3,0.001581461622,1,2.076676213e-05,8.187677382
1190,3,0.001600068066,1,2.079902067e-05,8.200252948
1191,3,0.001620375787,1,2.083146606e-05,8.212847733
1192,3,0.001642544743,1,2.086410219e-05,8.22546177
1193,3,0.00166674946,1,2.089692924e-05,8.238095091
1194,3,0.001693171255,1,2.092994726e-05,8.250747729
1195,3,0.00172199683,1,2.096315622e-05,8.263419719
1196,3,0.001753427073,1,2.099655596e-05,8.276111095
1197,3,0.001787683955,1,2.103014622e-05,8.288821889
1198,3,0.001824974673,1,2.106392664e-05,8.301552138
1199,3,0.001865505998,1,2.109789671e-05,8.314301873
1200,3,0.001909504912,1,2.113205585e-05,8.327071131
1201,3,0.001957175588,1,2.116640319e-05,8.339859943
1202,3,0.002008686724,1,2.120093696e-05,8.352668345
1203,3,0.002064155662,1,2.123565731e-05,8.36549637
1204,3,0.002123640982,1,2.127056317e-05,8.37834405
1205,3,0.002187101647,1,2.130565339e-05,8.391211418
1206,3,0.002254386807,1,2.13409267e-05,8.404098508
1207,3,0.002325192719,1,2.137638171e-05,8.417005352
1208,3,0.002399024093,1,2.141201694e-05,8.42993198
1209,3,0.002475173734,1,2.14478308e-05,8.442878427
1210,3,0.002552688032,1,2.148382158e-05,8.455844722
1211,3,0.002630343324,1,2.151998748e-05,8.468830897
1212,3,0.002706719072,1,2.155632661e-05,8.481836984
1213,3,0.002780235851,1,2.159283694e-05,8.494863013
1214,3,0.002849147739,1,2.162951648e-05,8.507909016
1215,3,0.002911697382,1,2.166636307e-05,8.520975023
1216,3,0.002966251573,1,2.170337099e-05,8.534061066
1217,3,0.003011445931,1,2.174051754e-05,8.547167176
1218,3,0.003046306316,1,2.177782265e-05,8.560293384
1219,3,0.003070340765,1,2.181528377e-05,8.573439722
1220,3,0.003083555754,1,2.185289826e-05,8.586606221
1221,3,0.003086445074,1,2.18906634e-05,8.599792913
1222,3,0.003079877856,1,2.19285764e-05,8.612999831
1223,3,0.003065035039,1,2.196663438e-05,8.626227006
1224,3,0.003043241602,1,2.200483437e-05,8.639474471
1225,3,0.003015890402,1,2.204317336e-05,8.65274226
1226,3,0.002984321157,1,2.208164824e-05,8.666030405
1227,3,0.002949759601,1,2.212025584e-05,8.679338941
1228,3,0.002913311499,1,2.215899293e-05,8.692667901
1229,3,0.002875882991,1,2.219785621e-05,8.706017319
1230,3,0.00283824743,1,2.223684231e-05,8.719387231
1231,3,0.002801013559,1,2.22759478e-05,8.73277767
1232,3,0.002764618902,1,2.23151692e-05,8.746188673
1233,3,0.002729409353,1,2.235450298e-05,8.759620275
1234,3,0.002695636883,1,2.239394551e-05,8.773072511
1235,3,0.002663473659,1,2.243349318e-05,8.786545417
1236,3,0.002633036079,1,2.247314228e-05,8.800039031
1237,3,0.002604380028,1,2.251288909e-05,8.813553388
1238,3,0.002577526636,1,2.255272983e-05,8.827088525
1239,3,0.002552476981,1,2.259266067e-05,8.84064448
1240,3,0.00252919305,1,2.263267774e-05,8.854221289
1241,3,0.002507636748,1,2.267277715e-05,8.867818991
1242,3,0.002487753495,1,2.271295496e-05,8.881437624
1243,3,0.002469483237,1,2.275320719e-05,8.895077225
1244,3,0.002452757637,1,2.279352985e-05,8.908737833
1245,3,0.002437506512,1,2.28339034e-05,8.922419487
1246,3,0.00242366043,1,2.287424972e-05,8.936122225
1247,3,0.002411155599,1,2.291390366e-05,8.949846087
1248,3,0.002399919594,1,2.295122084e-05,8.963591112
1249,3,0.002389886967,1,2.298739494e-05,8.977357339
1250,3,0.0002070958414,1,2.302266194e-05,8.991144808
1251,3,0.0002264071705,1,1.152857651e-05,4.50247678
1252,3,0.0002469436924,1,1.177687131e-05,4.599580536
1253,3,0.000268892455,1,1.203025689e-05,4.698778473
1254,3,0.0002924214219,1,1.228908151e-05,4.800115783
1255,3,0.0003176934603,1,1.255346155e-05,4.903638619
1256,3,0.0003448639777,1,1.28232806e-05,5.009394119
1257,3,0.0003740890374,1,1.309881476e-05,5.117430433
1258,3,0.0004055272946,1,1.338025232e-05,5.22779675
1259,3,0.0004393417039,1,1.366771944e-05,5.340543319
1260,3,0.0004756998357,1,1.396116988e-05,5.455721473
1261,3,0.0005147751592,1,1.426074297e-05,5.573383654
1262,3,0.0005567468006,1,1.456672311e-05,5.693583436
1263,3,0.0006017993931,1,1.487924715e-05,5.816375546
1264,3,0.0006501217794,1,1.519845487e-05,5.941815894
1265,3,0.0007019080604,1,1.552440009e-05,6.0699616
1266,3,0.0007573566082,1,1.58570322e-05,6.200871012
1267,3,0.0008166675194,1,1.619676676e-05,6.334603743
1268,3,0.0008800451976,1,1.654375547e-05,6.471220692
1269,3,0.0009476933865,1,1.689815331e-05,6.610784072
1270,3,0.001019817145,1,1.726011865e-05,6.75335744
1271,3,0.001096619235,1,1.762981325e-05,6.899005724
1272,3,0.001178300152,1,1.800699507e-05,7.047795251
1273,3,0.001265055169,1,1.839221125e-05,7.199793778
1274,3,0.001357073078,1,1.878564219e-05,7.355070523
1275,3,0.001454534222,1,1.918746368e-05,7.513696195
1276,3,0.001557607777,1,1.959785538e-05,7.675743026
1277,3,0.001666450561,1,2.00170009e-05,7.841284807
1278,3,0.001781201383,1,2.044508791e-05,8.01039692
1279,3,0.001901982909,1,2.088184198e-05,8.183156374
1280,3,0.002028896612,1,2.13278932e-05,8.359641837
1281,3,0.00216201904,1,2.178345023e-05,8.539933676
1282,3,0.002301400895,1,2.224871734e-05,8.724113994
1283,3,0.002447063156,1,2.27239034e-05,8.912266663
1284,3,0.002598994321,1,2.320922197e-05,9.104477367
1285,3,0.002757145801,1,2.370489144e-05,9.300833637
1286,3,0.002757735667,1,2.421094923e-05,9.501424894
1287,3,0.002758135318,1,2.424392191e-05,9.516547588
1288,3,0.00275853126,1,2.427564456e-05,9.531168146
1289,3,0.002758784813,1,2.43074569e-05,9.545811329
1290,3,0.002758812863,1,2.433936142e-05,9.560477173
1291,3,0.002758570484,1,2.437136068e-05,9.575165714
1292,3,0.002758032786,1,2.440345722e-05,9.589876988
1293,3,0.002757186076,1,2.443565364e-05,9.604611032
1294,3,0.002756025453,1,2.446786002e-05,9.619367879
1295,3,0.002754550521,1,2.449975618e-05,9.634147564
1296,3,0.002752765427,1,2.453176111e-05,9.648950119
1297,3,0.002750674109,1,2.45638779e-05,9.663775575
1298,3,0.002748284961,1,2.459610956e-05,9.678623965
1299,3,0.002745606791,1,2.462845911e-05,9.693495318
1300,3,0.00274264905,1,2.466092959e-05,9.708389663
1301,3,0.002739423088,1,2.469352405e-05,9.723307031
1302,3,0.002735944961,1,2.472624557e-05,9.73824745
1303,3,0.002732234675,1,2.475889964e-05,9.753210949
1304,3,0.00272831197,1,2.479141128e-05,9.768197558
1305,3,0.002724201371,1,2.482406114e-05,9.783207307
1306,3,0.0027199339,1,2.485685268e-05,9.798240227
1307,3,0.002715541069,1,2.488978937e-05,9.813296348
1308,3,0.002711063718,1,2.492287469e-05,9.828375701
1309,3,0.002706550541,1,2.495611212e-05,9.84347832
1310,3,0.002702051353,1,2.498950514e-05,9.858604236
1311,3,0.002697634094,1,2.502305723e-05,9.873753482
1312,3,0.002693376306,1,2.505669978e-05,9.888926092
1313,3,0.002689367019,1,2.509014208e-05,9.904122097
1314,3,0.002685700059,1,2.512375653e-05,9.919341531
1315,3,0.002682488334,1,2.515754706e-05,9.934584428
1316,3,0.002679857579,1,2.519151748e-05,9.949850818
1317,3,0.002677947174,1,2.522567157e-05,9.965140735
1318,3,0.002676915888,1,2.526001309e-05,9.980454211
1319,3,0.002676941453,1,2.529454577e-05,9.995791278
1320,3,0.002678209376,1,2.532927327e-05,10.01115197
1321,3,0.002680925275,1,2.53641993e-05,10.02653631
1322,3,0.002685312649,1,2.539918289e-05,10.04194434
1323,3,0.00269163762,1,2.543411926e-05,10.05737609
1324,3,0.002700175183,1,2.54692689e-05,10.07283158
1325,3,0.002711231348,1,2.550463556e-05,10.08831085
1326,3,0.002725130731,1,2.554022295e-05,10.10381392
1327,3,0.002742217249,1,2.55760348e-05,10.11934083
1328,3,0.002762860521,1,2.561207477e-05,10.1348916
1329,3,0.002787443529,1,2.564834641e-05,10.15046626
1330,3,0.002816370192,1,2.568485322e-05,10.16606483
1331,3,0.002850068979,1,2.572159861e-05,10.18168735
1332,3,0.002888961238,1,2.575858592e-05,10.19733384
1333,3,0.002933454874,1,2.579557256e-05,10.21300433
1334,3,0.002983936817,1,2.583270806e-05,10.22869885
1335,3,0.003040761784,1,2.587010012e-05,10.24441742
1336,3,0.003104207607,1,2.590775193e-05,10.26016007
1337,3,0.003174497059,1,2.594566653e-05,10.27592683
1338,3,0.00325172781,1,2.598384685e-05,10.29171773
1339,3,0.00333585207,1,2.602229561e-05,10.30753281
1340,3,0.00342664024,1,2.606101536e-05,10.32337209
1341,3,0.0035236301,1,2.610000859e-05,10.33923561
1342,3,0.003626127239,1,2.613927762e-05,10.35512341
1343,3,0.003733141982,1,2.617882458e-05,10.37103551
1344,3,0.003843369986,1,2.621865143e-05,10.38697195
1345,3,0.003955181897,1,2.625864699e-05,10.40293278
1346,3,0.004066683693,1,2.629876419e-05,10.41891803
1347,3,0.00417573299,1,2.633917315e-05,10.43492774
1348,3,0.004280031573,1,2.637984243e-05,10.45096194
1349,3,0.004377254056,1,2.642076279e-05,10.46702069
1350,3,0.004465175713,1,2.646192232e-05,10.48310401
1351,3,0.004541821866,1,2.650337288e-05,10.49921195
1352,3,0.004605564152,1,2.654511991e-05,10.51534456
1353,3,0.004655345466,1,2.658716378e-05,10.53150186
1354,3,0.004690645755,1,2.662950457e-05,10.54768391
1355,3,0.004711500314,1,2.667214215e-05,10.56389074
1356,3,0.004718459807,1,2.671507614e-05,10.5801224
1357,3,0.004712511599,1,2.675830588e-05,10.59637892
1358,3,0.004694946899,1,2.680183047e-05,10.61266036
1359,3,0.004667246441,1,2.684564873e-05,10.62896674
1360,3,0.004630996162,1,2.688975925e-05,10.64529812
1361,3,0.004587772005,1,2.693416034e-05,10.66165453
1362,3,0.0045390752,1,2.697884989e-05,10.67803601
1363,3,0.004486278767,1,2.702372993e-05,10.6944426
1364,3,0.004430610496,1,2.706885365e-05,10.71087435
1365,3,0.004373151386,1,2.711426878e-05,10.72733129
1366,3,0.004314859442,1,2.715997252e-05,10.74381347
1367,3,0.004256531252,1,2.720596167e-05,10.76032093
1368,3,0.004198803948,1,2.725220923e-05,10.7768537
1369,3,0.004142184114,1,2.729873543e-05,10.79341183
1370,3,0.004087074413,1,2.734553651e-05,10.80999535
1371,3,0.004033778135,1,2.739260846e-05,10.82660431
1372,3,0.003982524439,1,2.743994705e-05,10.84323875
1373,3,0.003933486065,1,2.748754783e-05,10.85989871
1374,3,0.003886770122,1,2.753540631e-05,10.87658422
1375,3,0.00384245547,1,2.758351758e-05,10.89329532
1376,3,0.00380056266,1,2.763187653e-05,10.91003206
1377,3,0.00376112286,1,2.768047785e-05,10.92679447
1378,3,0.003724119635,1,2.772931607e-05,10.94358259
1379,3,0.003689523765,1,2.777838552e-05,10.96039646
1380,3,0.003657290574,1,2.782768041e-05,10.97723612
1381,3,0.00362736818,1,2.787719474e-05,10.99410161
1382,3,0.003599688402,1,2.792692243e-05,11.01099296
1383,3,0.003574175322,1,2.79768572e-05,11.02791021
1384,3,0.003550741523,1,2.80269927e-05,11.0448534
1385,3,0.003529344127,1,2.807732242e-05,11.06182257
1386,3,0.003509897611,1,2.812783978e-05,11.07881775
1387,3,0.003492314262,1,2.817853809e-05,11.09583899
1388,3,0.003476526901,1,2.822941057e-05,11.11288632
1389,3,0.003462434447,1,2.828045036e-05,11.12995979
1390,3,0.003449940099,1,2.833165054e-05,11.14705943
1391,3,0.003438951801,1,2.838293901e-05,11.16418528
1392,3,0.003429384433,1,2.843429228e-05,11.18133738
1393,3,0.0003659783607,1,2.848577629e-05,11.19851577
1394,3,0.000400077336,1,1.426869207e-05,5.607860247
1395,3,0.0004360386282,1,1.457925411e-05,5.728804988
1396,3,0.0004742313277,1,1.489661043e-05,5.852358107
1397,3,0.0005149607653,1,1.522090914e-05,5.978575892
1398,3,0.0005584983564,1,1.555230144e-05,6.107515822
1399,3,0.0006050970305,1,1.589094173e-05,6.239236607
1400,3,0.0006550006423,1,1.623537802e-05,6.373798218
1401,3,0.0007084487403,1,1.658539437e-05,6.51126192
1402,3,0.0007656794969,1,1.694300236e-05,6.651690301
1403,3,0.0008269308887,1,1.730831269e-05,6.795147301
1404,3,0.0008924408548,1,1.768155356e-05,6.941698237
1405,3,0.0009624470633,1,1.806286051e-05,7.091409836
1406,3,0.001037186455,1,1.845243967e-05,7.244350264
1407,3,0.001116893465,1,1.885047595e-05,7.400589154
1408,3,0.001201799408,1,1.925714798e-05,7.560197643
1409,3,0.001292129629,1,1.967262861e-05,7.723248401
1410,3,0.001388103902,1,2.009712944e-05,7.889815664
1411,3,0.001489933252,1,2.053086772e-05,8.059975269
1412,3,0.001597817337,1,2.097404801e-05,8.23380469
1413,3,0.001711942516,1,2.142687948e-05,8.411383069
1414,3,0.001832481228,1,2.188957603e-05,8.59279126
1415,3,0.001959586437,1,2.236235633e-05,8.778111857
1416,3,0.002093392392,1,2.284544401e-05,8.967429236
1417,3,0.002234013203,1,2.333906765e-05,9.160829594
1418,3,0.002381535979,1,2.384346102e-05,9.358400986
1419,3,0.002536023975,1,2.435886313e-05,9.560233364
1420,3,0.002697513895,1,2.488551834e-05,9.76641862
1421,3,0.002866014881,1,2.542367638e-05,9.977050623
1422,3,0.003041506237,1,2.597359268e-05,10.19222527
1423,3,0.003223939928,1,2.65355283e-05,10.41204052
1424,3,0.003413242618,1,2.710975013e-05,10.63659645
1425,3,0.003609316079,1,2.769653097e-05,10.86599528
1426,3,0.003812038565,1,2.829614966e-05,11.10034146
1427,3,0.00402127138,1,2.890889125e-05,11.33974167
1428,3,0.004236875642,1,2.953504703e-05,11.5843049
1429,3,0.004238239685,1,3.017491478e-05,11.8341425
1430,3,0.004240622144,1,3.022598171e-05,11.85297632
1431,3,0.004244332317,1,3.027558727e-05,11.87118441
1432,3,0.004249303493,1,3.03253951e-05,11.88942034
1433,3,0.004255591278,1,3.037540239e-05,11.90768418
1434,3,0.004263312594,1,3.042560627e-05,11.92597595
1435,3,0.004272621986,1,3.047600375e-05,11.94429571
1436,3,0.004283716967,1,3.052659177e-05,11.96264347
1437,3,0.004296813839,1,3.05773672e-05,11.98101929
1438,3,0.004312145609,1,3.062832683e-05,11.9994232
1439,3,0.004329957672,1,3.067946737e-05,12.01785522
1440,3,0.004350531434,1,3.073078548e-05,12.0363154
1441,3,0.004374162713,1,3.078227775e-05,12.05480378
1442,3,0.00440117072,1,3.08339407e-05,12.07332039
1443,3,0.00443190325,1,3.088577078e-05,12.09186527
1444,3,0.004466715742,1,3.093776438e-05,12.11043846
1445,3,0.004505996142,1,3.098991783e-05,12.12904001
1446,3,0.004550145522,1,3.104222737e-05,12.14766995
1447,3,0.004599590438,1,3.109468921e-05,12.16632832
1448,3,0.004654739071,1,3.114729945e-05,12.18501517
1449,3,0.004716002309,1,3.120005411e-05,12.20373054
1450,3,0.004783767551,1,3.125294917e-05,12.22247446
1451,3,0.004858376846,1,3.130598048e-05,12.24124699
1452,3,0.004940079471,1,3.135914383e-05,12.26004816
1453,3,0.005029023334,1,3.141239391e-05,12.27887801
1454,3,0.005125211762,1,3.146575049e-05,12.29773661
1455,3,0.005228426312,1,3.151922383e-05,12.31662399
1456,3,0.005338217595,1,3.157280939e-05,12.33554022
1457,3,0.005453852347,1,3.162650252e-05,12.35448535
1458,3,0.005574236832,1,3.168006897e-05,12.37345943
1459,3,0.005697942278,1,3.173372005e-05,12.39246254
1460,3,0.005823196384,1,3.178716278e-05,12.41149473
1461,3,0.005947895525,1,3.184028053e-05,12.43055608
1462,3,0.006069700846,1,3.189297423e-05,12.44964665
1463,3,0.006186136367,1,3.194503406e-05,12.46876651
1464,3,0.006294751792,1,3.19965216e-05,12.48791573
1465,3,0.006393273649,1,3.204753167e-05,12.50709437
1466,3,0.006479769954,1,3.209817417e-05,12.52630252
1467,3,0.006552792008,1,3.214843964e-05,12.54554023
1468,3,0.006611463155,1,3.219838925e-05,12.56480756
1469,3,0.006655507996,1,3.224814902e-05,12.58410459
1470,3,0.006685203167,1,3.229750728e-05,12.60343137
1471,3,0.006701331053,1,3.234670879e-05,12.62278796
1472,3,0.006705009836,1,3.239577261e-05,12.64217442
1473,3,0.006697642627,1,3.244447298e-05,12.66159081
1474,3,0.006680713447,1,3.249315468e-05,12.68103718
1475,3,0.006655735555,1,3.254181878e-05,12.70051359
1476,3,0.006624098666,1,3.259020751e-05,12.72002008
1477,3,0.00658714865,1,3.263838685e-05,12.73955672
1478,3,0.006546012833,1,3.268654715e-05,12.75912354
1479,3,0.006501704224,1,3.273469023e-05,12.7787206
1480,3,0.006455020803,1,3.278280399e-05,12.79834794
1481,3,0.0064066555,1,3.28305747e-05,12.81800561
1482,3,0.006357140828,1,3.28782329e-05,12.83769367
1483,3,0.006306905227,1,3.292587794e-05,12.85741215
1484,3,0.006256277571,1,3.297351235e-05,12.8771611
1485,3,0.00620549311,1,3.302113862e-05,12.89694058
1486,3,0.006154748755,1,3.306875926e-05,12.91675062
1487,3,0.006104194284,1,3.311610276e-05,12.93659127
1488,3,0.006053925347,1,3.316331817e-05,12.95646258
1489,3,0.00600401305,1,3.321053412e-05,12.9763646
1490,3,0.005954546277,1,3.325775388e-05,12.99629737
1491,3,0.005905566531,1,3.330498081e-05,13.01626094
1492,3,0.005857142168,1,3.335221829e-05,13.03625535
1493,3,0.005809311071,1,3.339946978e-05,13.05628066
1494,3,0.005762123458,1,3.344669204e-05,13.07633692
1495,3,0.005715615529,1,3.349360722e-05,13.09642416
1496,3,0.005669847521,1,3.354054665e-05,13.11654244
1497,3,0.005624908004,1,3.358751451e-05,13.1366918
1498,3,0.005580841353,1,3.363451507e-05,13.1568723
1499,3,0.005537712032,1,3.368155264e-05,13.17708398
1500,3,0.005495571094,1,3.372863161e-05,13.19732689
1501,3,0.005454473536,1,3.377575642e-05,13.21760109
1502,3,0.005414473414,1,3.382293158e-05,13.23790661
1503,3,0.00537562032,1,3.387016167e-05,13.2582435
1504,3,0.005337956183,1,3.391712213e-05,13.27861182
1505,3,0.005301519662,1,3.39641312e-05,13.2990116
1506,3,0.00526634495,1,3.401121093e-05,13.3194429
1507,3,0.005232455569,1,3.405836653e-05,13.33990576
1508,3,0.005199875015,1,3.41056032e-05,13.36040022
1509,3,0.005168617724,1,3.415292619e-05,13.38092633
1510,3,0.005138689944,1,3.420034076e-05,13.40148413
1511,3,0.005110093472,1,3.42478522e-05,13.42207366
1512,3,0.005082824234,1,3.429546578e-05,13.44269497
1513,3,0.005056874695,1,3.434318679e-05,13.46334808
1514,3,0.00503222975,1,3.43910205e-05,13.48403305
1515,3,0.005008873207,1,3.443866443e-05,13.50474991
1516,3,0.004986786398,1,3.448643384e-05,13.5254987
1517,3,0.004965950034,1,3.453433529e-05,13.54627945
1518,3,0.00494634584,1,3.458237426e-05,13.56709221
1519,3,0.004927954306,1,3.463055617e-05,13.58793701
1520,3,0.00491076117,1,3.467888638e-05,13.60881389
1521,3,0.0048947543,1,3.472737019e-05,13.62972289
1522,3,0.004879930777,1,3.477601281e-05,13.65066406
1523,3,0.004866291773,1,3.482481936e-05,13.67163742
1524,3,0.004853851101,1,3.487379488e-05,13.69264302
1525,3,0.004842631715,1,3.492294431e-05,13.7136809
1526,3,0.004832663907,1,3.497227248e-05,13.73475111
1527,3,0.004824011516,1,3.502178412e-05,13.75585368
1528,3,0.004816752747,1,3.507128225e-05,13.77698867
1529,3,0.004810986764,1,3.51209237e-05,13.79815611
1530,3,0.004806834356,1,3.517076762e-05,13.81935606
1531,3,0.004804453479,1,3.522081848e-05,13.84058857
1532,3,0.004804029743,1,3.527108065e-05,13.86185367
1533,3,0.004805787866,1,3.532155834e-05,13.88315142
1534,3,0.004809998889,1,3.53722556e-05,13.90448187
1535,3,0.004816983583,1,3.542317636e-05,13.92584506
1536,3,0.00482712017,1,3.547432435e-05,13.94724106
1537,3,0.004840843641,1,3.552570319e-05,13.96866991
1538,3,0.004858661184,1,3.557731629e-05,13.99013167
1539,3,0.004881170466,1,3.562916691e-05,14.01162638
1540,3,0.00490904603,1,3.568125814e-05,14.0331541
1541,3,0.004943051941,1,3.573359291e-05,14.05471488
1542,3,0.004984053306,1,3.578617397e-05,14.07630878
1543,3,0.005033021053,1,3.583900386e-05,14.09793585
1544,3,0.005091028645,1,3.589208497e-05,14.11959614
1545,3,0.005159252168,1,3.594537269e-05,14.14128971
1546,3,0.005238961692,1,3.599880389e-05,14.16301661
1547,3,0.005331521802,1,3.605250002e-05,14.1847769
1548,3,0.005438338487,1,3.610646284e-05,14.20657064
1549,3,0.005560833089,1,3.616069396e-05,14.22839787
1550,3,0.005700367591,1,3.621519476e-05,14.25025865
1551,3,0.005858170651,1,3.626996642e-05,14.27215304
1552,3,0.006035218439,1,3.632500991e-05,14.29408108
1553,3,0.006232092396,1,3.638032597e-05,14.31604285
1554,3,0.006448788103,1,3.643591513e-05,14.33803838
1555,3,0.006684500301,1,3.64917777e-05,14.36006774
1556,3,0.006937387095,1,3.654791335e-05,14.38213098
1557,3,0.007204343233,1,3.660426886e-05,14.40422814
1558,3,0.00748080775,1,3.666085603e-05,14.4263593
1559,3,0.007760700929,1,3.671769409e-05,14.44852449
1560,3,0.008036505946,1,3.677480413e-05,14.47072377
1561,3,0.008299592741,1,3.683218522e-05,14.49295719
1562,3,0.008540845327,1,3.688983621e-05,14.51522481
1563,3,0.00875150065,1,3.694775571e-05,14.53752668
1564,3,0.008924130589,1,3.70059421e-05,14.55986284
1565,3,0.009053464403,1,3.706439354e-05,14.58223335
1566,3,0.00913699197,1,3.712310795e-05,14.60463825
1567,3,0.009175066235,1,3.718208303e-05,14.62707761
1568,3,0.009170620705,1,3.724131623e-05,14.64955145
1569,3,0.009128527544,1,3.730080481e-05,14.67205985
1570,3,0.009054844833,1,3.736054578e-05,14.69460283
1571,3,0.008956064825,1,3.742053595e-05,14.71718046
1572,3,0.008838501847,1,3.748077191e-05,14.73979278
1573,3,0.008707895515,1,3.754125004e-05,14.76243984
1574,3,0.008569191208,1,3.76019665e-05,14.78512167
1575,3,0.008426461296,1,3.766291727e-05,14.80783835
1576,3,0.008282931261,1,3.772409814e-05,14.83058989
1577,3,0.008141065702,1,3.778550469e-05,14.85337637
1578,3,0.008002680679,1,3.784713234e-05,14.87619782
1579,3,0.007869079709,1,3.790897632e-05,14.89905429
1580,3,0.007741139665,1,3.797103172e-05,14.92194582
1581,3,0.007619419729,1,3.803329347e-05,14.94487247
1582,3,0.007504255502,1,3.809575633e-05,14.96783428
1583,3,0.007395754972,1,3.815841494e-05,14.9908313
1584,3,0.007293934956,1,3.82212638e-05,15.01386358
1585,3,0.007198700618,1,3.828419793e-05,15.03693116
1586,3,0.007109875293,1,3.834725098e-05,15.06003409
1587,3,0.007027274035,1,3.84104716e-05,15.08317242
1588,3,0.006950652734,1,3.847385413e-05,15.10634619
1589,3,0.006879755351,1,3.853739285e-05,15.12955546
1590,3,0.006814330272,1,3.860108198e-05,15.15280028
1591,3,0.006754135661,1,3.866491567e-05,15.17608069
1592,3,0.006698917894,1,3.872888806e-05,15.19939674
1593,3,0.006648436254,1,3.879299325e-05,15.22274848
1594,3,0.006602450595,1,3.885722531e-05,15.24613597
1595,3,0.006560740648,1,3.89214436e-05,15.26955924
1596,3,0.006523090793,1,3.898569339e-05,15.29301836
1597,3,0.006489301522,1,3.905005103e-05,15.31651337
1598,3,0.0009594551133,1,3.911451096e-05,15.34004432
1599,3,0.001041204618,1,1.958953381e-05,7.681805637
1600,3,0.001125437841,1,2.001370399e-05,7.847478988
1601,3,0.001213484834,1,2.044706066e-05,8.016725326
1602,3,0.001306257556,1,2.088972954e-05,8.189621787
1603,3,0.001404445316,1,2.134199003e-05,8.36624711
1604,3,0.001508610456,1,2.180404858e-05,8.546681707
1605,3,0.001619237069,1,2.227611597e-05,8.731007719
1606,3,0.001736756467,1,2.275840744e-05,8.919309063
1607,3,0.001861560785,1,2.325111966e-05,9.111671468
1608,3,0.001994007975,1,2.375442647e-05,9.308182515
1609,3,0.002134425314,1,2.426862769e-05,9.508931671
1610,3,0.002283109033,1,2.47939573e-05,9.714010331
1611,3,0.002440320966,1,2.53306542e-05,9.923511865
1612,3,0.002606289285,1,2.587893021e-05,10.13753166
1613,3,0.00278120244,1,2.643901063e-05,10.35616714
1614,3,0.002965205787,1,2.701120463e-05,10.57951787
1615,3,0.003158394181,1,2.759577201e-05,10.80768552
1616,3,0.003360807386,1,2.819297808e-05,11.04077398
1617,3,0.003572428983,1,2.880309334e-05,11.27888937
1618,3,0.003793181512,1,2.94263341e-05,11.52214011
1619,3,0.004022916113,1,3.006304534e-05,11.77063695
1620,3,0.004261414817,1,3.071351573e-05,12.02449301
1621,3,0.004508386335,1,3.137804002e-05,12.28382387
1622,3,0.004763459032,1,3.205691915e-05,12.5487476
1623,3,0.005026187523,1,3.27504604e-05,12.81938482
1624,3,0.005296050187,1,3.345897749e-05,13.09585873
1625,3,0.005572444102,1,3.418279073e-05,13.37829521
1626,3,0.005854687312,1,3.492222715e-05,13.66682286
1627,3,0.00614203242,1,3.567762065e-05,13.96157303
1628,3,0.006433669348,1,3.644931212e-05,14.26267993
1629,3,0.006728742815,1,3.723764957e-05,14.57028065
1630,3,0.007026368267,1,3.80429883e-05,14.88451526
1631,3,0.007325672879,1,3.886569105e-05,15.20552683
1632,3,0.007625804944,1,3.970612809e-05,15.5334615
1633,3,0.007926004935,1,4.056467743e-05,15.8684686
1634,3,0.007891832716,1,4.144172495e-05,16.21070063
1635,3,0.007860190923,1,4.150980655e-05,16.23649802
1636,3,0.007831897058,1,4.157561611e-05,16.26143833
1637,3,0.007807591881,1,4.164144122e-05,16.28641688
1638,3,0.007788358324,1,4.17072808e-05,16.31143371
1639,3,0.00777568408,1,4.177313375e-05,16.33648891
1640,3,0.007771427124,1,4.183899897e-05,16.36158252
1641,3,0.007777843092,1,4.190479886e-05,16.3867146
1642,3,0.007797587513,1,4.197057553e-05,16.41188523
1643,3,0.007833744275,1,4.203635318e-05,16.43709445
1644,3,0.007889853914,1,4.210213092e-05,16.46234234
1645,3,0.007969894216,1,4.216790791e-05,16.48762896
1646,3,0.008078210361,1,4.223368333e-05,16.51295436
1647,3,0.008219387578,1,4.229945639e-05,16.53831862
1648,3,0.008398085575,1,4.236522637e-05,16.56372179
1649,3,0.008618749789,1,4.243099255e-05,16.58916393
1650,3,0.00888518684,1,4.249675423e-05,16.61464512
1651,3,0.009200082255,1,4.256251082e-05,16.64016541
1652,3,0.009564376082,1,4.262826173e-05,16.6657249
1653,3,0.009976526073,1,4.269400649e-05,16.69132364
1654,4,0.004337979865,1,4.275974357e-05,16.71696172
1655,4,0.004580380868,1,4.282527584e-05,16.74263921
1656,4,0.004829004873,1,4.289077585e-05,16.76835615
1657,4,0.005074580528,1,4.295626096e-05,16.7941127
1658,4,0.005306588983,1,4.302173129e-05,16.81990888
1659,4,0.005514088893,1,4.308718706e-05,16.84574474
1660,4,0.005686913205,1,4.315262858e-05,16.87162034
1661,4,0.005817039663,1,4.32180563e-05,16.8975358
1662,4,0.005899680585,1,4.32834708e-05,16.9234912
1663,4,0.005933802647,1,4.334887274e-05,16.94948665
1664,4,0.005921884086,1,4.341426293e-05,16.97552223
1665,4,0.005869086913,1,4.347964232e-05,17.00159801
1666,4,0.005782191301,1,4.354501203e-05,17.02771405
1667,4,0.005668459971,1,4.361037332e-05,17.05387039
1668,4,0.005534882769,1,4.367572761e-05,17.08006707
1669,4,0.00538765889,1,4.374093053e-05,17.10630416
1670,4,0.005231921802,1,4.380609041e-05,17.1325817
1671,4,0.005071791873,1,4.387124726e-05,17.15889976
1672,4,0.004910438208,1,4.39364036e-05,17.18525839
1673,4,0.004750203076,1,4.400156213e-05,17.21165767
1674,4,0.004592810011,1,4.406672578e-05,17.23809764
1675,4,0.004439479553,1,4.413189769e-05,17.26457837
1676,4,0.00429102988,1,4.419708119e-05,17.29109993
1677,4,0.004148015389,1,4.426227986e-05,17.31766238
1678,4,0.004010800821,1,4.432749668e-05,17.34426576
1679,4,0.003879565313,1,4.439272603e-05,17.37091014
1680,3,0.009755490481,1,4.445798309e-05,17.39759557
1681,3,0.00949845132,1,4.452327232e-05,17.42432211
1682,3,0.001577565226,1,4.458860713e-05,17.45108954
1683,3,0.001681554875,1,2.232699256e-05,8.738949114
1684,3,0.001783885034,1,2.280730564e-05,8.92742158
1685,3,0.00188730765,1,2.329793003e-05,9.119958725
1686,3,0.001993459962,1,2.379908755e-05,9.316648351
1687,3,0.002103400217,1,2.431099431e-05,9.517580052
1688,3,0.002217879078,1,2.483383229e-05,9.722845307
1689,3,0.002337463913,1,2.536789594e-05,9.932537561
1690,3,0.002462604029,1,2.591342729e-05,10.14675228
1691,3,0.002593666681,1,2.647067366e-05,10.36558699
1692,3,0.002730957544,1,2.703988784e-05,10.58914134
1693,3,0.002874731373,1,2.762132821e-05,10.81751711
1694,3,0.003025200557,1,2.821525885e-05,11.05081828
1695,3,0.003182537279,1,2.882194966e-05,11.2891511
1696,3,0.003346877376,1,2.944167654e-05,11.53262408
1697,3,0.003518324129,1,3.007472151e-05,11.7813481
1698,3,0.003696949259,1,3.072137284e-05,12.03543639
1699,3,0.003882791319,1,3.13819252e-05,12.29500465
1700,3,0.004075859222,1,3.205667982e-05,12.56017107
1701,3,0.004276130798,1,3.274594465e-05,12.83105637
1702,3,0.004483549981,1,3.345003449e-05,13.1077839
1703,3,0.004698029296,1,3.416927117e-05,13.39047963
1704,3,0.004919448421,1,3.490398371e-05,13.67927229
1705,3,0.005147655679,1,3.565450848e-05,13.97429335
1706,3,0.005382470312,1,3.642118938e-05,14.27567714
1707,3,0.005623677174,1,3.7204378e-05,14.58356088
1708,3,0.005871029949,1,3.800443383e-05,14.89808476
1709,3,0.006124256729,1,3.882172438e-05,15.21939197
1710,3,0.006383061885,1,3.965662543e-05,15.54762884
1711,3,0.006647130967,1,4.050952119e-05,15.8829448
1712,3,0.006916141405,1,4.138080448e-05,16.22549255
1713,3,0.007189775045,1,4.227087697e-05,16.57542807
1714,3,0.007467748743,1,4.318014933e-05,16.93291069
1715,3,0.007749825404,1,4.410904146e-05,17.29810317
1716,3,0.008035858259,1,4.505798271e-05,17.67117181
1717,3,0.008325856205,1,4.602741207e-05,18.05228645
1718,3,0.008297850221,1,4.70177784e-05,18.44162063
1719,3,0.008279127503,1,4.709038545e-05,18.47097259
1720,3,0.008270208201,1,4.716060338e-05,18.49934961
1721,3,0.008271582516,1,4.723103164e-05,18.52777021
1722,3,0.008284265879,1,4.730167286e-05,18.55623449
1723,3,0.008309671982,1,4.737252955e-05,18.58474253
1724,3,0.00834958359,1,4.74436041e-05,18.61329441
1725,3,0.008406201679,1,4.751489491e-05,18.64189023
1726,3,0.008482169483,1,4.758639998e-05,18.67053006
1727,3,0.00858062027,1,4.76581288e-05,18.69921398
1728,3,0.008705267053,1,4.773008312e-05,18.72794207
1729,3,0.00886039739,1,4.780226452e-05,18.75671441
1730,3,0.009050961913,1,4.787467438e-05,18.78553106
1731,3,0.00928254076,1,4.794731392e-05,18.8143921
1732,3,0.009561290848,1,4.802018415e-05,18.84329759
1733,3,0.009893788548,1,4.80932859e-05,18.8722476
1734,4,0.004349398232,1,4.816661981e-05,18.90124219
1735,4,0.004603012145,1,4.824018634e-05,18.93028141
1736,4,0.004897739647,1,4.831398915e-05,18.95936585
1737,4,0.005233553141,1,4.838802796e-05,18.98849495
1738,4,0.005607961055,1,4.846230277e-05,19.01766877
1739,4,0.006014689507,1,4.85368108e-05,19.04688748
1740,4,0.006442346894,1,4.861152555e-05,19.07615115
1741,4,0.006873491785,1,4.86864526e-05,19.10545982
1742,4,0.007284836984,1,4.876161199e-05,19.13481355
1743,4,0.007649334001,1,4.883700564e-05,19.16421236
1744,4,0.00794047985,1,4.891263273e-05,19.19365631
1745,4,0.008137842565,1,4.89884923e-05,19.22314545
1746,4,0.008231741963,1,4.906458323e-05,19.25267983
1747,4,0.008224840522,1,4.914090425e-05,19.2822595
1748,4,0.008130085419,1,4.921745395e-05,19.31188452
1749,4,0.007966304741,1,4.929423077e-05,19.34155494
1750,4,0.007753645551,1,4.937123299e-05,19.37127081
1751,4,0.007510308447,1,4.944845876e-05,19.40103222
1752,4,0.007250973298,1,4.952590605e-05,19.43083921
1753,4,0.006986513585,1,4.960357269e-05,19.46069186
1754,4,0.006724441587,1,4.968145634e-05,19.49059025
1755,4,0.006469626735,1,4.975955449e-05,19.52053443
1756,4,0.006224996179,1,4.983786449e-05,19.55052448
1757,4,0.005992132187,1,4.991638348e-05,19.58056044
1758,4,0.005771733341,1,4.999510847e-05,19.61064239
1759,4,0.005563916611,1,5.007403628e-05,19.64077038
1760,4,0.005368473543,1,5.015316355e-05,19.67094447
1761,4,0.005185003612,1,5.023248677e-05,19.70116473
1762,3,0.002289650326,1,5.031200224e-05,19.7314312
1763,3,0.002425896281,1,2.519581301e-05,9.880871984
1764,3,0.00255704371,1,2.574012556e-05,10.09397223
1765,3,0.00268806244,1,2.629621888e-05,10.31166827
1766,3,0.002821770125,1,2.68643477e-05,10.53405937
1767,3,0.002959919387,1,2.744477214e-05,10.76124681
1768,3,0.003103689656,1,2.803775786e-05,10.99333399
1769,3,0.003253926642,1,2.864357618e-05,11.23042655
1770,3,0.003411262399,1,2.926250421e-05,11.47263245
1771,3,0.003576183655,1,2.989482498e-05,11.72006195
1772,3,0.00374906625,1,3.054082751e-05,11.97282771
1773,3,0.003930195905,1,3.120080701e-05,12.23104482
1774,3,0.004119785728,1,3.187506493e-05,12.49483084
1775,3,0.004317979977,1,3.256390916e-05,12.76430587
1776,3,0.004524856742,1,3.326765411e-05,13.03959261
1777,3,0.004740428487,1,3.398662085e-05,13.3208164
1778,3,0.004964641207,1,3.472113728e-05,13.60810527
1779,3,0.005197373805,1,3.547153822e-05,13.90159004
1780,3,0.005438437553,1,3.623816558e-05,14.20140432
1781,3,0.005687579047,1,3.702136853e-05,14.50768463
1782,3,0.005944477933,1,3.782150358e-05,14.8205704
1783,3,0.006208746961,1,3.863893479e-05,15.14020411
1784,3,0.00647993186,1,3.94740339e-05,15.46673127
1785,3,0.006757510247,1,4.032718048e-05,15.80030057
1786,3,0.007040891846,1,4.11987621e-05,16.14106388
1787,3,0.007329415763,1,4.208917451e-05,16.48917635
1788,3,0.007622350689,1,4.299882174e-05,16.8447965
1789,3,0.007918895695,1,4.392811638e-05,17.20808624
1790,3,0.008218183893,1,4.487747963e-05,17.579211
1791,3,0.008519290072,1,4.584734156e-05,17.95833975
1792,3,0.008821243621,1,4.683814128e-05,18.34564511
1793,3,0.009123049016,1,4.785032707e-05,18.74130343
1794,3,0.009423709635,1,4.888435664e-05,19.14549484
1795,3,0.009722272778,1,4.994069726e-05,19.55840338
1796,4,0.003970786296,1,5.101982599e-05,19.98021705
1797,4,0.004107608071,1,5.212222987e-05,20.41112789
1798,4,0.004057787141,1,5.324841065e-05,20.85133224
1799,4,0.004014199547,1,5.333517099e-05,20.88451643
1800,3,0.00989324134,1,5.341905318e-05,20.91659817
1801,3,0.009857817866,1,5.350299555e-05,20.9487291
1802,3,0.009829379461,1,5.358699242e-05,20.98090915
1803,3,0.009811491635,1,5.367104682e-05,21.01313858
1804,3,0.00980757518,1,5.375515649e-05,21.04541751
1805,3,0.009821265741,1,5.383931927e-05,21.07774603
1806,3,0.009856697678,1,5.392353313e-05,21.11012419
1807,3,0.009918787299,1,5.400779612e-05,21.14255204
1808,4,0.004261204288,1,5.409210645e-05,21.17502964
1809,4,0.004355207906,1,5.417646244e-05,21.20755702
1810,4,0.004485881578,1,5.426086303e-05,21.24013437
1811,4,0.004658258236,1,5.434530367e-05,21.27276162
1812,4,0.004878141662,1,5.442978299e-05,21.3054388
1813,4,0.005151904002,1,5.451429973e-05,21.33816603
1814,4,0.00548621704,1,5.459885272e-05,21.37094344
1815,4,0.005887716343,1,5.46834409e-05,21.40377116
1816,4,0.006362478027,1,5.476806335e-05,21.43664928
1817,4,0.006915074496,1,5.485271924e-05,21.46957791
1818,4,0.007546881275,1,5.49374079e-05,21.50255713
1819,4,0.008253228186,1,5.502212879e-05,21.53558698
1820,4,0.009019161637,1,5.510688152e-05,21.56866755
1821,4,0.009814228424,1,5.519166584e-05,21.6017989
1822,5,0.005592121542,1,5.52764727e-05,21.63498114
1823,5,0.005930361828,1,5.536129544e-05,21.66821435
1824,5,0.00617422408,1,5.544613103e-05,21.70149873
1825,5,0.006291641875,1,5.553099408e-05,21.73483428
1826,5,0.0062715633,1,5.561588878e-05,21.76822104
1827,5,0.006127560069,1,5.570081597e-05,21.80165912
1828,5,0.005890475549,1,5.57857767e-05,21.83514861
1829,5,0.005596147012,1,5.587077224e-05,21.86868962
1830,5,0.005275821555,1,5.595580412e-05,21.90228222
1831,4,0.009845751537,1,5.604087411e-05,21.93592652
1832,4,0.009270823744,1,5.612598426e-05,21.96962257
1833,4,0.008725138487,1,5.621114013e-05,22.00337033
1834,4,0.008217097506,1,5.629634219e-05,22.03717004
1835,4,0.007749773927,1,5.638159329e-05,22.07102183
1836,4,0.007323210341,1,5.646689659e-05,22.10492578
1837,4,0.00693588737,1,5.655225545e-05,22.13888195
1838,4,0.006585521983,1,5.663761199e-05,22.17289041
1839,3,0.003045075183,1,5.672301899e-05,22.20695124
1840,3,0.00318187882,1,2.840424756e-05,11.12053226
1841,3,0.00330770162,1,2.901616254e-05,11.36036745
1842,3,0.003430817751,1,2.964124109e-05,11.60537503
1843,3,0.003555806332,1,3.027976674e-05,11.85566674
1844,3,0.003685475297,1,3.093202926e-05,12.11135657
1845,3,0.003821709713,1,3.159832472e-05,12.3725609
1846,3,0.003965869099,1,3.227895568e-05,12.63939865
1847,3,0.004118989487,1,3.297423131e-05,12.91199131
1848,3,0.004281894473,1,3.368446754e-05,13.19046298
1849,3,0.004455261861,1,3.440998563e-05,13.47494047
1850,3,0.004639667276,1,3.515111527e-05,13.76555331
1851,3,0.004835611159,1,3.590819541e-05,14.0624338
1852,3,0.005043531852,1,3.668157054e-05,14.36571713
1853,3,0.005263805657,1,3.747159274e-05,14.67554138
1854,3,0.005496738294,1,3.827862174e-05,14.99204761
1855,3,0.005742548911,1,3.91030252e-05,15.31537992
1856,3,0.006001352638,1,3.99451788e-05,15.64568552
1857,3,0.006273149467,1,4.080546648e-05,15.9831148
1858,3,0.00655780729,1,4.168428055e-05,16.32782139
1859,3,0.006855053174,1,4.258202194e-05,16.67996223
1860,3,0.007164466498,1,4.349910036e-05,17.03969765
1861,3,0.007485472671,1,4.443593449e-05,17.40719146
1862,3,0.007817334839,1,4.539295216e-05,17.78261098
1863,3,0.008159144481,1,4.637059059e-05,18.16612716
1864,3,0.008509807548,1,4.736929658e-05,18.55791461
1865,3,0.008868031603,1,4.838952667e-05,18.95815174
1866,3,0.009232319852,1,4.943174746e-05,19.36702077
1867,3,0.009600980164,1,5.049643571e-05,19.78470787
1868,3,0.009972150609,1,5.158407866e-05,20.21140322
1869,4,0.004340418902,1,5.26951742e-05,20.64730058
1870,4,0.004514438193,1,5.383023115e-05,21.09259849
1871,4,0.004688394974,1,5.498976657e-05,21.54750041
1872,4,0.004861297609,1,5.617431546e-05,22.01221305
1873,4,0.005032814035,1,5.738442093e-05,22.48694796
1874,4,0.005203375409,1,5.862063808e-05,22.9719214
1875,4,0.005164209644,1,5.988353421e-05,23.46735422
1876,4,0.005135379496,1,5.997751722e-05,23.50470194
1877,4,0.005119930691,1,6.006839093e-05,23.54080906
1878,4,0.005121397917,1,6.015946452e-05,23.57697168
1879,4,0.00514419929,1,6.025073715e-05,23.6131899
1880,4,0.005193587653,1,6.034220954e-05,23.64946379
1881,4,0.005275631329,1,6.043388722e-05,23.68579343
1882,4,0.005397202621,1,6.052577204e-05,23.72217893
1883,4,0.00556596565,1,6.061786578e-05,23.75862035
1884,4,0.005790366436,1,6.071017019e-05,23.79511779
1885,4,0.006079632069,1,6.080268693e-05,23.83167135
1886,4,0.006443772647,1,6.089541758e-05,23.86828112
1887,4,0.006893578024,1,6.098836366e-05,23.90494717
1888,4,0.007440540666,1,6.108152659e-05,23.94166959
1889,4,0.008096547675,1,6.11749077e-05,23.97844845
1890,4,0.008873013036,1,6.126850824e-05,24.01528382
1891,4,0.009778844953,1,6.136232932e-05,24.05217578
1892,5,0.006191272599,1,6.145637196e-05,24.0891244
1893,5,0.006840896954,1,6.155063702e-05,24.12612977
1894,5,0.00752921549,1,6.164512753e-05,24.16319219
1895,5,0.008207515552,1,6.173984322e-05,24.20031145
1896,5,0.008799338554,1,6.183477636e-05,24.23748762
1897,5,0.009212077513,1,6.19299193e-05,24.27472084
1898,5,0.009370039325,1,6.202527794e-05,24.31201121
1899,5,0.009252430379,1,6.212086276e-05,24.34935881
1900,5,0.008903308957,1,6.221667161e-05,24.38676371
1901,5,0.008404293233,1,6.231265032e-05,24.42422599
1902,5,0.007837027905,1,6.240885453e-05,24.46174573
1903,5,0.007261685145,1,6.250528352e-05,24.49932301
1904,5,0.006713988636,1,6.260193632e-05,24.53695791
1905,5,0.006211129533,1,6.26988117e-05,24.57465051
1906,5,0.005758839162,1,6.279590819e-05,24.61240091
1907,5,0.005356686856,1,6.289322405e-05,24.65020918
1908,4,0.009414877928,1,6.299075732e-05,24.68807543
1909,3,0.004474003398,1,6.30885058e-05,24.72599974
1910,3,0.004617934439,1,3.159323204e-05,12.38199101
1911,3,0.004739956531,1,3.227503805e-05,12.64903151
1912,3,0.004854947857,1,3.297157624e-05,12.92183116
1913,3,0.004970769696,1,3.368316486e-05,13.20051434
1914,3,0.005091996459,1,3.441012894e-05,13.4852079
1915,3,0.005221512992,1,3.515280044e-05,13.77604141
1916,3,0.00536126333,1,3.591151841e-05,14.07314729
1917,3,0.005512633634,1,3.668662915e-05,14.3766608
1918,3,0.005676666851,1,3.747848638e-05,14.68672016
1919,3,0.005854183534,1,3.828745136e-05,15.00346653
1920,3,0.006045842041,1,3.911389307e-05,15.32704413
1921,3,0.006252161824,1,3.995818839e-05,15.65760028
1922,3,0.006473521305,1,4.082072223e-05,15.99528548
1923,3,0.006710142247,1,4.170188773e-05,16.3402535
1924,3,0.006962076215,1,4.260208644e-05,16.69266138
1925,3,0.007229198573,1,4.352172844e-05,17.05266959
1926,3,0.007511210148,1,4.446123262e-05,17.42044204
1927,3,0.007807641791,1,4.542102678e-05,17.79614618
1928,3,0.008117858792,1,4.640154785e-05,18.17995306
1929,3,0.008441065169,1,4.740324209e-05,18.57203743
1930,3,0.008776302371,1,4.84265653e-05,18.97257782
1931,3,0.009122447679,1,4.947198299e-05,19.38175658
1932,3,0.009478213004,1,5.053997061e-05,19.79976004
1933,3,0.009842144675,1,5.163101376e-05,20.22677851
1934,4,0.00445315981,1,5.274560839e-05,20.66300641
1935,4,0.004637120127,1,5.388426105e-05,21.10864238
1936,4,0.004824246661,1,5.504749195e-05,21.56388949
1937,4,0.00501305208,1,5.623582664e-05,22.02895477
1938,4,0.00520230332,1,5.744980479e-05,22.50404993
1939,4,0.005390934542,1,5.868997752e-05,22.98939134
1940,4,0.005578048789,1,5.995690766e-05,23.48519996
1941,4,0.005763011975,1,6.125117002e-05,23.99170157
1942,4,0.005945622037,1,6.25733516e-05,24.50912677
1943,4,0.006126339419,1,6.392405186e-05,25.03771114
1944,4,0.006306553499,1,6.5303883e-05,25.57769535
1945,4,0.006260779752,1,6.671347017e-05,26.12932522
1946,4,0.006231032628,1,6.682079969e-05,26.1709079
1947,4,0.00622101884,1,6.692456636e-05,26.2111091
1948,4,0.006234920554,1,6.70284529e-05,26.25137193
1949,4,0.006277693958,1,6.713245772e-05,26.2916965
1950,4,0.006354990267,1,6.723657924e-05,26.33208292
1951,4,0.006473184098,1,6.734081594e-05,26.37253128
1952,4,0.006639453471,1,6.744516637e-05,26.41304169
1953,4,0.006861893243,1,6.754962912e-05,26.45361425
1954,4,0.007149668517,1,6.765420286e-05,26.49424906
1955,4,0.007513221389,1,6.775888635e-05,26.53494622
1956,4,0.007964553763,1,6.78636784e-05,26.57570582
1957,4,0.008517591778,1,6.796857796e-05,26.61652798
1958,4,0.009188585874,1,6.807358404e-05,26.6574128
1959,4,0.009996416719,1,6.817869578e-05,26.69836038
1960,5,0.00673757297,1,6.828391241e-05,26.73937083
1961,5,0.007450547254,1,6.83892333e-05,26.78044426
1962,5,0.008286146216,1,6.849465675e-05,26.82158092
1963,5,0.009246625717,1,6.860018238e-05,26.86278069
1964,6,0.006482342409,1,6.870580992e-05,26.90404366
1965,6,0.007155906132,1,6.881153922e-05,26.94536997
1966,6,0.007774330256,1,6.891736934e-05,26.98675984
1967,6,0.008219706152,1,6.902329996e-05,27.02821327
1968,6,0.008378989005,1,6.912931868e-05,27.06973033
1969,6,0.008213641961,1,6.923543664e-05,27.11131117
1970,6,0.00778691112,1,6.934164876e-05,27.15295591
1971,6,0.00721552695,1,6.944796481e-05,27.19466467
1972,6,0.006604484682,1,6.955438594e-05,27.23643756
1973,5,0.00983883222,1,6.966091353e-05,27.27827468
1974,5,0.008995501208,1,6.976753212e-05,27.32017615
1975,5,0.008249250787,1,6.98742494e-05,27.36214194
1976,5,0.007599340363,1,6.998108038e-05,27.40417234
1977,5,0.007037501035,1,7.008802729e-05,27.44626745
1978,3,0.006006985328,1,7.019509252e-05,27.48842733
1979,3,0.006131227688,1,3.515113931e-05,13.76532603
1980,3,0.006226153639,1,3.590896492e-05,14.06220031
1981,3,0.00631341968,1,3.668311599e-05,14.36547715
1982,3,0.006404096395,1,3.747394439e-05,14.67529488
1983,3,0.006504322659,1,3.828180961e-05,14.99179451
1984,3,0.006617655918,1,3.910707899e-05,15.3151201
1985,3,0.006746199677,1,3.995012782e-05,15.64541884
1986,3,0.00689122541,1,4.081133953e-05,15.98284113
1987,3,0.007053556606,1,4.169110589e-05,16.32754061
1988,3,0.007233802758,1,4.258982717e-05,16.67967422
1989,3,0.007432460743,1,4.350791232e-05,17.03940228
1990,3,0.00764990359,1,4.444577916e-05,17.40688857
1991,3,0.007886305888,1,4.540385461e-05,17.78230041
1992,3,0.00814156133,1,4.638257481e-05,18.16580872
1993,3,0.008415233833,1,4.73823854e-05,18.55758812
1994,3,0.008706554631,1,4.840374169e-05,18.95781698
1995,3,0.009014459572,1,4.944710887e-05,19.36667752
1996,3,0.009337652326,1,5.051296222e-05,19.78435589
1997,3,0.009674677984,1,5.160178734e-05,20.21104228
1998,4,0.004711162985,1,5.271408038e-05,20.64693095
1999,4,0.004893332006,1,5.385034825e-05,21.09222037
2000,4,0.005082245083,1,5.501110739e-05,21.54711353
2001,4,0.005276618435,1,5.619688831e-05,22.01181723
2002,4,0.005475406916,1,5.740823168e-05,22.48654304
2003,4,0.005677717864,1,5.86456899e-05,22.97150714
2004,4,0.005882797338,1,5.99098274e-05,23.46693037
2005,4,0.006090128779,1,6.120122089e-05,23.9730383
2006,4,0.006299615566,1,6.252045965e-05,24.49006137
2007,4,0.006511796166,1,6.386814578e-05,25.01823498
2008,4,0.006728031747,1,6.524489452e-05,25.55779961
2009,4,0.006950638499,1,6.665133449e-05,26.10900093
2010,4,0.007182999148,1,6.808810806e-05,26.6720899
2011,4,0.007429721994,1,6.955587156e-05,27.24732291
2012,4,0.007696897196,1,7.105529567e-05,27.83496186
2013,4,0.007992459176,1,7.258706569e-05,28.43527435
2014,4,0.008078776522,1,7.415188185e-05,29.0485337
2015,4,0.008215246699,1,7.426925796e-05,29.09476276
2016,4,0.008409486214,1,7.438274388e-05,29.13945616
2017,4,0.008670141837,1,7.449643643e-05,29.18421824
2018,4,0.009007339923,1,7.461033054e-05,29.22904913
2019,4,0.009432799332,1,7.472441464e-05,29.27394893
2020,4,0.009960207379,1,7.483870956e-05,29.31891773
2021,5,0.006854912132,1,7.495321679e-05,29.36395564
2022,5,0.007386736828,1,7.506793774e-05,29.40906278
2023,5,0.008028436391,1,7.518287468e-05,29.45423954
2024,5,0.00879851886,1,7.529802891e-05,29.49948564
2025,5,0.009719047893,1,7.541340162e-05,29.54480118
2026,6,0.007197664999,1,7.552899391e-05,29.59018633
2027,6,0.008035403397,1,7.564480677e-05,29.63564122
2028,6,0.009004838101,1,7.576084197e-05,29.68116611
2029,7,0.006747129203,1,7.587709995e-05,29.72676087
2030,7,0.007455591702,1,7.599358133e-05,29.7724256
2031,7,0.008049033929,1,7.611028723e-05,29.81816052
2032,7,0.008363150877,1,7.622721772e-05,29.8639656
2033,7,0.008288088379,1,7.634437304e-05,29.90984095
2034,7,0.00786029859,1,7.646174643e-05,29.95578668
2035,7,0.007228053077,1,7.657933428e-05,30.0018029
2036,6,0.009884372155,1,7.669714514e-05,30.0478897
2037,6,0.008919902369,1,7.681518036e-05,30.09404719
2038,6,0.008059779303,1,7.693343888e-05,30.14027537
2039,6,0.007317726147,1,7.70519204e-05,30.18657449
2040,6,0.006686735795,1,7.717062412e-05,30.23294465
2041,3,0.008602105683,1,7.728954913e-05,30.27938595
2042,3,0.008699799338,1,3.870434719e-05,15.16294925
2043,3,0.008749343176,1,3.953926134e-05,15.48996593
2044,3,0.008787011698,1,4.039219675e-05,15.82403528
2045,3,0.008830563914,1,4.126354236e-05,16.16530962
2046,3,0.008889064181,1,4.215369548e-05,16.51394427
2047,3,0.008967059827,1,4.306306193e-05,16.87009792
2048,3,0.009066728928,1,4.399205623e-05,17.2339327
2049,3,0.009189131783,1,4.494110182e-05,17.60561429
2050,3,0.009334930755,1,4.591063123e-05,17.98531192
2051,3,0.00950467595,1,4.690108628e-05,18.37319845
2052,3,0.009698766964,1,4.791291828e-05,18.7694505
2053,3,0.009917280645,1,4.894658824e-05,19.17424848
2054,4,0.004977638542,1,5.000256708e-05,19.58777669
2055,4,0.005121655512,1,5.108133582e-05,20.01022342
2056,4,0.005278032086,1,5.21833868e-05,20.44178118
2057,4,0.005445520989,1,5.330922123e-05,20.88264624
2058,4,0.0056231475,1,5.445935182e-05,21.33301931
2059,4,0.005809983985,1,5.563430233e-05,21.79310549
2060,4,0.006005005264,1,5.683460773e-05,22.26311428
2061,4,0.006207040992,1,5.806081448e-05,22.74325969
2062,4,0.006414804668,1,5.931348079e-05,23.23376033
2063,4,0.006627009282,1,6.059317682e-05,23.73483953
2064,4,0.006842543918,1,6.190048497e-05,24.24672544
2065,4,0.007060638137,1,6.323600012e-05,24.76965113
2066,4,0.007280957776,1,6.460032992e-05,25.30385467
2067,4,0.007503633508,1,6.599409503e-05,25.84957929
2068,4,0.007729264456,1,6.741792941e-05,26.40707347
2069,4,0.007958943872,1,6.887248058e-05,26.97659103
2070,4,0.008194333817,1,7.035840995e-05,27.55839129
2071,4,0.008437790355,1,7.187639308e-05,28.15273915
2072,4,0.00869252281,1,7.342711998e-05,28.75990522
2073,4,0.008962764751,1,7.501129546e-05,29.38016593
2074,4,0.00925394119,1,7.662963939e-05,30.01380369
2075,4,0.009572832616,1,7.828288706e-05,30.66110698
2076,4,0.009927755699,1,7.997178949e-05,31.32237051
2077,5,0.006445561091,1,8.169711379e-05,31.99789535
2078,5,0.006596921477,1,8.182769873e-05,32.04881794
2079,5,0.00679946108,1,8.195394616e-05,32.09804907
2080,5,0.00705727637,1,8.208036601e-05,32.14735564
2081,5,0.007375930329,1,8.220695745e-05,32.19673777
2082,5,0.007762314114,1,8.233371967e-05,32.24619564
2083,5,0.008225211458,1,8.246065192e-05,32.29572942
2084,5,0.008776406978,1,8.25877535e-05,32.34533921
2085,5,0.009431757898,1,8.27150238e-05,32.39502515
2086,6,0.007131401764,1,8.284246227e-05,32.44478736
2087,6,0.007777790762,1,8.297006846e-05,32.49462594
2088,6,0.008558578138,1,8.309784163e-05,32.54454118
2089,6,0.00950303714,1,8.322578147e-05,32.594533
2090,7,0.007485940438,1,8.335388777e-05,32.64460153
2091,7,0.00843729474,1,8.348216045e-05,32.69474693
2092,7,0.009563500825,1,8.361059918e-05,32.74496946
2093,8,0.007635533281,1,8.373920413e-05,32.79526909
2094,8,0.008529259098,1,8.38679755e-05,32.84564596
2095,8,0.009238047596,1,8.399691334e-05,32.89610027
2096,8,0.009512743258,1,8.412601774e-05,32.94663208
2097,8,0.009241113015,1,8.425528294e-05,32.99724153
2098,8,0.008560566938,1,8.438471627e-05,33.04792876
2099,8,0.007716165615,1,8.451431491e-05,33.0986939
2100,7,0.009778167958,1,8.464408111e-05,33.14953706
2101,7,0.008741653463,1,8.47740181e-05,33.20045836
2102,7,0.007858270184,1,8.490412722e-05,33.25145786
2103,7,0.007119575532,1,8.503440953e-05,33.30253576
2104,4,0.00599561908,1,8.516486633e-05,33.35369217
2105,4,0.006040743996,1,4.26477495e-05,16.70246359
2106,4,0.006059178326,1,4.356744096e-05,17.0626828
2107,4,0.006073545665,1,4.450695838e-05,17.43067075
2108,4,0.006094192855,1,4.546672918e-05,17.80659523
2109,4,0.006125729229,1,4.644719007e-05,18.19062733
2110,4,0.006169900354,1,4.744878718e-05,18.58294186
2111,4,0.006227319443,1,4.84719763e-05,18.98371741
2112,4,0.006298487085,1,4.95172231e-05,19.39313649
2113,4,0.006384127467,1,5.05850033e-05,19.81138549
2114,4,0.006485019425,1,5.167580291e-05,20.23865485
2115,4,0.006601662171,1,5.279011848e-05,20.67513909
2116,4,0.006734079749,1,5.392845728e-05,21.12103694
2117,4,0.00688187909,1,5.509133755e-05,21.57655143
2118,4,0.007044494653,1,5.627928876e-05,22.04188995
2119,4,0.007221471722,1,5.749285183e-05,22.51726437
2120,4,0.007412650644,1,5.873257938e-05,23.00289113
2121,4,0.007618181389,1,5.9999036e-05,23.49899134
2122,4,0.007838396499,1,6.129279848e-05,24.00579087
2123,4,0.008073651332,1,6.261445611e-05,24.52352049
2124,4,0.008324251541,1,6.396461093e-05,25.05241591
2125,4,0.008590528153,1,6.5343878e-05,25.59271795
2126,4,0.008873042175,1,6.675288572e-05,26.14467261
2127,4,0.009172851418,1,6.819227608e-05,26.7085312
2128,4,0.009491765363,1,6.966270497e-05,27.28455045
2129,4,0.009832538854,1,7.11648425e-05,27.87299264
2130,5,0.006590467494,1,7.269937326e-05,28.47412567
2131,5,0.006889242676,1,7.426699671e-05,29.08822326
2132,5,0.007223056911,1,7.586842722e-05,29.7155652
2133,5,0.00759810893,1,7.750439519e-05,30.35643687
2134,5,0.008021718038,1,7.917564656e-05,31.01113007
2135,5,0.008501851144,1,8.088294342e-05,31.67994294
2136,5,0.00904751527,1,8.262706436e-05,32.36318002
2137,5,0.009669906311,1,8.440880483e-05,33.06115239
2138,6,0.007417758438,1,8.622897753e-05,33.77417787
2139,6,0.00805022691,1,8.808841273e-05,34.50258109
2140,6,0.008501973621,1,8.998795887e-05,35.24669389
2141,6,0.009042202774,1,9.013094072e-05,35.30278763
2142,6,0.0096853571,1,9.026918156e-05,35.35701795
2143,7,0.007592337379,1,9.040765213e-05,35.4113316
2144,7,0.008248070149,1,9.054635338e-05,35.46572871
2145,7,0.009043168013,1,9.068528646e-05,35.52020953
2146,8,0.007288706992,1,9.082445212e-05,35.57477401
2147,8,0.0081380539,1,9.096385112e-05,35.62942226
2148,8,0.00917145238,1,9.110348436e-05,35.68415451
2149,9,0.007584890779,1,9.124335239e-05,35.73897079
2150,9,0.008604504404,1,9.138345577e-05,35.79387123
2151,9,0.009647379381,1,9.152379515e-05,35.84885599
2152,10,0.007638055037,1,9.166437091e-05,35.90392514
2153,10,0.007847590728,1,9.180518343e-05,35.95907881
2154,10,0.007569538995,1,9.194623313e-05,36.01431715
2155,9,0.009521565095,1,9.208752024e-05,36.06964025
2156,9,0.00849850444,1,9.222904499e-05,36.12504824
2157,9,0.007516491701,1,9.237080567e-05,36.18054124
2158,8,0.009155384875,1,9.251279769e-05,36.2361194
2159,8,0.008177783007,1,9.265502772e-05,36.29178287
2160,8,0.007366914955,1,9.27974956e-05,36.34753174
2161,4,0.008475114328,1,9.294020134e-05,36.40336621
2162,4,0.00852141271,1,4.654157239e-05,18.22964322
2163,4,0.008519617504,1,4.754540671e-05,18.62279908
2164,4,0.008507606222,1,4.857089771e-05,19.02443405
2165,4,0.008501750872,1,4.961851263e-05,19.43473123
2166,4,0.008508840251,1,5.068872875e-05,19.85387734
2167,4,0.008531464224,1,5.17820336e-05,20.28206316
2168,4,0.008570931077,1,5.289892522e-05,20.71948366
2169,4,0.008628525448,1,5.403991237e-05,21.16633799
2170,4,0.008705572612,1,5.520551477e-05,21.62282961
2171,4,0.008802966021,1,5.63962633e-05,22.08916638
2172,4,0.008920782051,1,5.761270029e-05,22.5655606
2173,4,0.009058295163,1,5.885537974e-05,23.05222919
2174,4,0.00921435858,1,6.012486755e-05,23.54939373
2175,4,0.009387924576,1,6.142174184e-05,24.05728057
2176,4,0.009578449522,1,6.274659314e-05,24.57612098
2177,4,0.009786024006,1,6.410002469e-05,25.10615117
2178,5,0.006280827276,1,6.548265272e-05,25.64761248
2179,5,0.006460701683,1,6.68951067e-05,26.20075144
2180,5,0.006658195102,1,6.833802998e-05,26.76582002
2181,5,0.006874243001,1,6.981207915e-05,27.34307535
2182,5,0.007109914528,1,7.131792522e-05,27.93278024
2183,5,0.007365996688,1,7.285625358e-05,28.53520323
2184,5,0.007643137939,1,7.442776441e-05,29.15061862
2185,5,0.00794237592,1,7.603317293e-05,29.7793066
2186,5,0.008265589731,1,7.767320973e-05,30.42155344
2187,5,0.008615619207,1,7.934862115e-05,31.07765153
2188,5,0.008996167731,1,8.106016955e-05,31.7478996
2189,5,0.009411723107,1,8.280863372e-05,32.43260282
2190,5,0.009867613682,1,8.45948092e-05,33.13207293
2191,6,0.007364688171,1,8.641950865e-05,33.84662842
2192,6,0.007798254987,1,8.828356221e-05,34.57659461
2193,6,0.00828858823,1,9.018781807e-05,35.322304
2194,6,0.008844509653,1,9.213314229e-05,36.08409592
2195,6,0.009475649544,1,9.412041978e-05,36.86231723
2196,7,0.007570891581,1,9.615055453e-05,37.65732228
2197,7,0.007927594199,1,9.822447e-05,38.46947305
2198,7,0.008352484169,1,9.838103056e-05,38.53069586
2199,7,0.00885359093,1,9.853238849e-05,38.58988482
2200,7,0.009441804043,1,9.868396838e-05,38.6491646
2201,8,0.007578684993,1,9.88357702e-05,38.7085354
2202,8,0.008183837125,1,9.898779397e-05,38.76799738
2203,8,0.008908852714,1,9.914003967e-05,38.82755075
2204,8,0.00977954454,1,9.929250733e-05,38.88719556
2205,9,0.00810756302,1,9.944519703e-05,38.94693196
2206,9,0.009057286965,1,9.959810887e-05,39.00676013
2207,10,0.007647104548,1,9.975124291e-05,39.06668025
2208,10,0.008691034393,1,9.990459934e-05,39.12669242
2209,10,0.009909356277,1,0.0001000581783,39.18679679
2210,11,0.008397560148,1,0.00010021198,39.2469935
2211,11,0.009249569111,1,0.0001003660043,39.30728268
2212,11,0.00968637327,1,0.0001005202496,39.3676645
2213,11,0.009512278787,1,0.0001006747188,39.42813907
2214,11,0.008836690224,1,0.0001008294122,39.48870653
2215,11,0.007946941588,1,0.0001009843304,39.54936701
2216,10,0.009409398512,1,0.0001011394721,39.61012067
2217,10,0.008379994826,1,0.0001012948396,39.67096764
2218,10,0.007519228776,1,0.000101450434,39.73190803
2219,9,0.009057829203,1,0.0001016062562,39.79294203
2220,9,0.008295311838,1,0.000101762307,39.85406976
2221,5,0.007266897165,1,0.0001019185875,39.91529134
2222,5,0.007361965151,1,5.103754923e-05,19.98830348
2223,5,0.007438076091,1,5.213824526e-05,20.41938845
2224,5,0.00751628756,1,5.326267657e-05,20.85977056
2225,5,0.007606045353,1,5.441135506e-05,21.30965053
2226,5,0.007712123651,1,5.558480367e-05,21.7692331
2227,5,0.007837590702,1,5.678355665e-05,22.23872747
2228,5,0.007985075038,1,5.80081598e-05,22.71834742
2229,5,0.008156923719,1,5.925917069e-05,23.20831132
2230,5,0.008354929306,1,6.053715895e-05,23.70884226
2231,5,0.008580266656,1,6.184270651e-05,24.22016813
2232,5,0.008833859456,1,6.317640787e-05,24.74252174
2233,5,0.009116948524,1,6.453887038e-05,25.27614092
2234,5,0.009431485023,1,6.593071449e-05,25.82126862
2235,5,0.009780139779,1,6.735257407e-05,26.37815305
2236,6,0.006855808892,1,6.880509666e-05,26.94704776
2237,6,0.007182247236,1,7.028894379e-05,27.52821178
2238,6,0.007544422125,1,7.180479127e-05,28.12190979
2239,6,0.00794554645,1,7.33533295e-05,28.72841201
2240,6,0.008388788701,1,7.493526379e-05,29.34799461
2241,6,0.008877488431,1,7.655131466e-05,29.98093969
2242,6,0.009415906346,1,7.820221819e-05,30.62753545
2243,7,0.007097718592,1,7.988872634e-05,31.2880763
2244,7,0.007602730243,1,8.161160732e-05,31.96286298
2245,7,0.008169569923,1,8.337164591e-05,32.6522028
2246,7,0.008807688052,1,8.516964382e-05,33.35640953
2247,7,0.00952818811,1,8.700642008e-05,34.07580382
2248,8,0.007575183426,1,8.888281138e-05,34.81071322
2249,8,0.008298617245,1,9.079967247e-05,35.56147236
2250,8,0.009136366315,1,9.275787658e-05,36.32842311
2251,9,0.007532910315,1,9.475831575e-05,37.1119146
2252,9,0.008426905127,1,9.680190131e-05,37.91230357
2253,9,0.009491484865,1,9.888956428e-05,38.72995449
2254,10,0.00814652807,1,0.0001010222558,39.56523959
2255,10,0.009365634083,1,0.0001032009474,40.41853919
2256,11,0.008297716149,1,0.0001054266319,41.29024184
2257,11,0.009274315529,1,0.0001077003234,42.18074438
2258,12,0.0079878068,1,0.0001078717002,42.24787455
2259,12,0.009055110095,1,0.0001080373905,42.31277471
2260,13,0.007804790054,1,0.0001082033431,42.37777452
2261,13,0.008597295112,1,0.0001083695586,42.44287413
2262,13,0.009011017505,1,0.0001085360375,42.50807371
2263,13,0.008827558728,1,0.0001087027804,42.5733734
2264,13,0.008136117462,1,0.0001088697879,42.63877335
2265,12,0.009449917471,1,0.0001090370605,42.70427373
2266,12,0.008290993574,1,0.0001092045985,42.76987469
2267,11,0.009516288205,1,0.0001093724025,42.83557639
2268,11,0.008429854138,1,0.0001095404727,42.90137898
2269,10,0.009852616108,1,0.0001097088095,42.96728263
2270,6,0.006754711976,1,0.0001098774117,43.03328751
2271,6,0.006855307988,1,5.502314034e-05,21.54969688
2272,6,0.006904603715,1,5.620985407e-05,22.01445668
2273,6,0.00694019951,1,5.742216475e-05,22.48923989
2274,6,0.006978719113,1,5.866062438e-05,22.97426287
2275,6,0.007028550126,1,5.992579661e-05,23.46974638
2276,6,0.007094256911,1,6.121825805e-05,23.97591596
2277,6,0.007178209092,1,6.253859728e-05,24.49300209
2278,6,0.007281284845,1,6.388741556e-05,25.02124022
2279,6,0.007403503153,1,6.526532709e-05,25.56087085
2280,6,0.007544754098,1,6.667295931e-05,26.11213968
2281,6,0.007705378358,1,6.811095321e-05,26.67529769
2282,6,0.007886348046,1,6.957996354e-05,27.2506013
2283,6,0.008089063771,1,7.108065919e-05,27.83831245
2284,6,0.008315005059,1,7.261372347e-05,28.43869872
2285,6,0.008565483374,1,7.41798544e-05,29.05203349
2286,6,0.008841603445,1,7.577976502e-05,29.678596
2287,6,0.009144388522,1,7.741418378e-05,30.31867155
2288,6,0.009474957883,1,7.90838548e-05,30.97255157
2289,6,0.009834663652,1,8.078953824e-05,31.64053377
2290,7,0.007298685327,1,8.253201064e-05,32.32292231
2291,7,0.007634855575,1,8.43120653e-05,33.02002787
2292,7,0.008003386452,1,8.613051265e-05,33.7321679
2293,7,0.00840617218,1,8.798818051e-05,34.45966658
2294,7,0.008844848728,1,8.988591459e-05,35.20285516
2295,7,0.009321492223,1,9.182457883e-05,35.96207201
2296,7,0.00983920102,1,9.380505579e-05,36.73766282
2297,8,0.007755126467,1,9.582824707e-05,37.52998072
2298,8,0.008248790842,1,9.789507369e-05,38.33938647
2299,8,0.00879539778,1,0.0001000064766,39.16624862
2300,8,0.009400553984,1,0.0001021634168,40.01094362
2301,9,0.007680071711,1,0.0001043668763,40.87385605
2302,9,0.00828646609,1,0.0001066178582,41.75537883
2303,9,0.008970792377,1,0.0001089173869,42.65591335
2304,9,0.009744463934,1,0.0001112665094,43.5758696
2305,10,0.008261368265,1,0.0001136662949,44.51566644
2306,10,0.008689532469,1,0.0001161178356,45.47573178
2307,10,0.009192289685,1,0.0001163027436,45.54810629
2308,10,0.009780423035,1,0.0001164815093,45.61807662
2309,11,0.008146831867,1,0.0001166605455,45.68815441
2310,11,0.00877401825,1,0.0001168398521,45.75833985
2311,11,0.009513626909,1,0.0001170194291,45.82863312
2312,12,0.008086647281,1,0.0001171992773,45.89903436
2313,12,0.008881580272,1,0.0001173793971,45.96954374
2314,12,0.009807034844,1,0.0001175597887,46.04016144
2315,13,0.008466616495,1,0.0001177404525,46.11088762
2316,13,0.009367807122,1,0.0001179213888,46.18172243
2317,14,0.008024818779,1,0.0001181025982,46.25266606
2318,14,0.008670437204,1,0.000118284081,46.32371866
2319,14,0.009124363066,1,0.0001184658377,46.3948804
2320,14,0.009287170394,1,0.0001186478688,46.46615145
2321,14,0.009141477818,1,0.0001188301745,46.53753196
2322,14,0.008760409351,1,0.0001190127553,46.60902212
2323,14,0.008254914649,1,0.0001191956123,46.68062209
2324,13,0.009872737217,1,0.0001193787462,46.75233204
2325,13,0.009220498776,1,0.0001195621575,46.82415215
2326,13,0.008636239537,1,0.0001197458469,46.89608257
2327,13,0.008131585253,1,0.0001199298151,46.96812349
2328,12,0.009841023299,1,0.0001201140628,47.04027509
2329,12,0.009387265755,1,0.0001202985908,47.11253754
2330,12,0.009012720753,1,0.0001204833996,47.18491099
2331,12,0.008708696107,1,0.0001206684901,47.25739563
2332,12,0.00846719416,1,0.0001208538629,47.32999165
2333,12,0.00828125889,1,0.0001210395186,47.4026992
2334,12,0.008145060285,1,0.000121225458,47.47551846
2335,12,0.008053942779,1,0.0001214116818,47.54844961
2336,12,0.008004465066,1,0.0001215981906,47.62149281
2337,12,0.007994391242,1,0.0001217849852,47.69464824
2338,12,0.008022624744,1,0.0001219720661,47.76791607
2339,12,0.008089117122,1,0.000122159434,47.84129647
2340,12,0.008194793545,1,0.0001223470896,47.91478963
2341,12,0.008341523543,1,0.0001225350335,47.98839571
2342,12,0.008532146978,1,0.0001227232664,48.06211488
2343,12,0.008770551831,1,0.0001229117889,48.13594732
2344,12,0.009061793598,1,0.0001231006016,48.20989321
2345,12,0.009412242129,1,0.0001232897053,48.28395272
2346,12,0.009829734495,1,0.0001234791006,48.35812602
2347,13,0.008134113852,1,0.000123668788,48.43241328
2348,13,0.0085934391,1,0.0001238587682,48.50681469
2349,13,0.009134200021,1,0.0001240490418,48.58133043
2350,13,0.009765161381,1,0.0001242396094,48.65596066
2351,14,0.008278292008,1,0.0001244304717,48.73070555
2352,14,0.00893483156,1,0.0001246216291,48.80556528
2353,14,0.009667113893,1,0.0001248130823,48.88054004
2354,15,0.008249615804,1,0.0001250048318,48.95562998
2355,15,0.008867346462,1,0.0001251968783,49.0308353
2356,15,0.009411445196,1,0.0001253892221,49.10615616
2357,15,0.009785933619,1,0.0001255818638,49.18159275
2358,15,0.00990458195,1,0.0001257748039,49.25714523
2359,15,0.009735902675,1,0.000125968043,49.33281379
2360,15,0.009322653273,1,0.0001261615815,49.4085986
2361,15,0.008755165437,1,0.0001263554198,49.48449984
2362,15,0.008126136833,1,0.0001265495585,49.56051769
2363,14,0.00947767505,1,0.0001267439979,49.63665233
2364,14,0.00874389687,1,0.0001269387385,49.71290394
2365,14,0.008084503823,1,0.0001271337808,49.78927268
2366,13,0.009469803588,1,0.0001273291251,49.86575876
2367,13,0.008833745238,1,0.0001275247718,49.94236235
2368,13,0.008282532684,1,0.0001277207214,50.01908362
2369,12,0.00984244946,1,0.0001279169741,50.09592276
2370,7,0.007530683161,1,0.0001281135305,50.17287996
2371,7,0.007892411166,1,6.415519541e-05,25.12497769
2372,7,0.008178602979,1,6.553884891e-05,25.66684597
2373,7,0.008437967781,1,6.695234468e-05,26.22040071
2374,7,0.008693465471,1,6.839632634e-05,26.78589404
2375,7,0.00895755547,1,6.987145125e-05,27.36358339
2376,7,0.009236825762,1,7.137839118e-05,27.95373174
2377,7,0.009534480988,1,7.291783227e-05,28.55660782
2378,7,0.009852465232,1,7.449047547e-05,29.17248612
2379,8,0.007131011127,1,7.609703682e-05,29.80164706
2380,8,0.007428301174,1,7.77382478e-05,30.4443771
2381,8,0.007752432571,1,7.941485569e-05,31.10096887
2382,8,0.008105507473,1,8.112762386e-05,31.77172133
2383,8,0.008488754213,1,8.287733214e-05,32.45693987
2384,8,0.008903035868,1,8.466477719e-05,33.15693649
2385,8,0.009349400225,1,8.649077283e-05,33.8720299
2386,8,0.009829412588,1,8.835615044e-05,34.6025457
2387,9,0.007606317315,1,9.026175932e-05,35.34881649
2388,9,0.008053963561,1,9.22084671e-05,36.11118207
2389,9,0.008539653896,1,9.419716012e-05,36.88998956
2390,9,0.009066061615,1,9.622874381e-05,37.68559355
2391,9,0.009636336861,1,9.830414316e-05,38.49835628
2392,10,0.007747397279,1,0.0001004243031,39.32864782
2393,10,0.008292122066,1,0.0001025901889,40.17684621
2394,10,0.008887216404,1,0.0001048027866,41.04333765
2395,10,0.009537254302,1,0.0001070631038,41.92851666
2396,11,0.00789815658,1,0.0001093721694,42.83278626
2397,11,0.008536226529,1,0.0001117310347,43.75655818
2398,11,0.009241922582,1,0.0001141407737,44.70025304
2399,12,0.007833738315,1,0.0001166024835,45.66430051
2400,12,0.008548397191,1,0.0001191172849,46.64913953
2401,12,0.009348853838,1,0.0001216863228,47.65521851
2402,13,0.008116045384,1,0.000124310767,48.68299553
2403,13,0.008952113883,1,0.0001269918122,49.73293855
2404,13,0.009898642569,1,0.000129730679,50.80552563
2405,14,0.008799218093,1,0.0001325286145,51.90124512
2406,14,0.009297071394,1,0.0001353868924,53.02059592
2407,14,0.009851668651,1,0.0001356024041,53.1049794
2408,15,0.008393896108,1,0.000135810757,53.18655985
2409,15,0.008913382173,1,0.0001360194285,53.26826561
2410,15,0.009454865468,1,0.0001362284191,53.35009689
2411,16,0.008032801544,1,0.0001364377293,53.43205387
2412,16,0.008459631739,1,0.0001366473596,53.51413675
2413,16,0.008852972479,1,0.0001368573106,53.59634573
2414,16,0.009190529894,1,0.0001370675828,53.67868099
2415,16,0.009453513363,1,0.0001372781768,53.76114274
2416,16,0.009630286238,1,0.0001374890932,53.84373116
2417,16,0.009718664945,1,0.0001377003325,53.92644646
2418,16,0.009725868645,1,0.0001379118953,54.00928883
2419,16,0.009666182456,1,0.0001381237821,54.09225847
2420,16,0.00955743552,1,0.0001383359936,54.17535557
2421,16,0.009417652817,1,0.0001385485303,54.25858033
2422,16,0.00926274805,1,0.0001387613929,54.34193295
2423,16,0.009105434731,1,0.0001389745818,54.42541362
2424,16,0.008955082358,1,0.0001391880977,54.50902254
2425,16,0.008818116534,1,0.0001394019412,54.59275991
2426,16,0.008698630096,1,0.0001396161128,54.67662593
2427,16,0.008598997427,1,0.0001398306132,54.76062079
2428,16,0.008520391153,1,0.0001400454428,54.8447447
2429,16,0.008463169203,1,0.0001402606024,54.92899784
2430,16,0.008427136253,1,0.0001404760923,55.01338043
2431,16,0.008411698528,1,0.0001406919134,55.09789266
2432,16,0.008415934454,1,0.000140908066,55.18253473
2433,16,0.008438602098,1,0.0001411245508,55.26730684
2434,16,0.008478101332,1,0.0001413413683,55.35220918
2435,16,0.008532406251,1,0.0001415585191,55.43724197
2436,16,0.00859898259,1,0.0001417760038,55.52240539
2437,16,0.0086747061,1,0.0001419938229,55.60769966
2438,16,0.00875580091,1,0.000142211977,55.69312496
2439,16,0.008837821055,1,0.0001424304667,55.77868151
2440,16,0.008915701589,1,0.0001426492924,55.8643695
2441,16,0.008983905123,1,0.0001428684549,55.95018914
2442,16,0.009036682371,1,0.0001430879545,56.03614063
2443,16,0.009068446488,1,0.0001433077919,56.12222417
2444,16,0.009074233609,1,0.0001435279676,56.20843996
2445,16,0.009050189343,1,0.0001437484822,56.2947882
2446,16,0.008993995358,1,0.0001439693361,56.38126911
2447,16,0.008905146214,1,0.0001441905299,56.46788288
2448,16,0.008785009226,1,0.0001444120642,56.55462972
2449,16,0.008636649366,1,0.0001446339394,56.64150982
2450,16,0.008464456964,1,0.0001448561561,56.72852341
2451,16,0.00827365883,1,0.0001450787149,56.81567067
2452,15,0.009928052536,1,0.0001453016161,56.90295182
2453,15,0.009665421209,1,0.0001455248605,56.99036706
2454,15,0.009398529807,1,0.0001457484483,57.07791659
2455,15,0.009134482524,1,0.0001459723803,57.16560063
2456,15,0.0088780606,1,0.0001461966568,57.25341938
2457,15,0.008632335453,1,0.0001464212784,57.34137305
2458,15,0.008399339179,1,0.0001466462456,57.42946185
2459,15,0.008180518848,1,0.0001468715589,57.51768598
2460,14,0.009789334562,1,0.0001470972188,57.60604564
2461,14,0.009557664702,1,0.0001473232258,57.69454106
2462,14,0.009344149039,1,0.0001475495804,57.78317242
2463,14,0.00915133164,1,0.000147776283,57.87193995
2464,14,0.008979838849,1,0.0001480033343,57.96084386
2465,14,0.008829036113,1,0.0001482307346,58.04988436
2466,14,0.008697813732,1,0.0001484584845,58.13906165
2467,14,0.008585127126,1,0.0001486865845,58.22837595
2468,14,0.008490208948,1,0.000148915035,58.31782746
2469,14,0.008412543364,1,0.0001491438366,58.4074164
2470,14,0.008351749271,1,0.0001493729898,58.49714297
2471,14,0.0083074811,1,0.0001496024951,58.5870074
2472,14,0.008279384867,1,0.0001498323529,58.67700988
2473,14,0.008267097184,1,0.0001500625638,58.76715064
2474,14,0.008270260817,1,0.0001502931282,58.85742988
2475,14,0.008288538682,1,0.0001505240467,58.94784782
2476,14,0.008321620272,1,0.0001507553198,59.03840467
2477,14,0.008369221512,1,0.000150986948,59.12910064
2478,14,0.008431080018,1,0.0001512189319,59.21993596
2479,14,0.008506946212,1,0.0001514512718,59.31091082
2480,14,0.008596569494,1,0.0001516839683,59.40202545
2481,14,0.008699678755,1,0.0001519170221,59.49328007
2482,14,0.008815957629,1,0.0001521504335,59.58467488
2483,14,0.008945015955,1,0.0001523842031,59.6762101
2484,14,0.009086359385,1,0.0001526183314,59.76788595
2485,14,0.009239358989,1,0.000152852819,59.85970264
2486,14,0.009403222212,1,0.0001530876664,59.95166039
2487,14,0.00957696626,1,0.0001533228742,60.04375942
2488,14,0.009759394968,1,0.0001535584428,60.13599994
2489,14,0.009949080707,1,0.0001537943728,60.22838217
2490,15,0.008333020595,1,0.0001540306648,60.32090634
2491,15,0.008498396874,1,0.0001542673193,60.41357264
2492,15,0.0086670465,1,0.0001545043369,60.50638132
2493,15,0.008834678895,1,0.0001547417181,60.59933259
2494,15,0.008998450261,1,0.0001549794635,60.69242665
2495,15,0.009156476293,1,0.0001552175737,60.78566373
2496,15,0.009307177704,1,0.0001554560491,60.87904405
2497,15,0.00944888628,1,0.0001556948905,60.97256784
2498,15,0.009579800132,1,0.0001559340983,61.06623531
2499,15,0.009698170957,1,0.0001561736731,61.16004668
2500,15,0.00980254684,1,0.0001564136155,61.25400217
2501,15,0.00989194641,1,0.0001566539261,61.34810201
2502,15,0.009965926778,1,0.0001568946055,61.44234642
2503,16,0.008260117475,1,0.0001571356542,61.53673562
2504,16,0.008298942298,1,0.0001573770729,61.63126982
2505,16,0.008327443186,1,0.0001576188621,61.72594927
2506,16,0.008344744098,1,0.0001578610224,61.82077417
2507,16,0.008351613041,1,0.0001581035544,61.91574475
2508,16,0.008349682213,1,0.0001583464587,62.01086123
2509,16,0.008340720793,1,0.0001585897359,62.10612383
2510,16,0.008326252914,1,0.0001588333866,62.20153279
2511,16,0.008307484745,1,0.0001590774114,62.29708833
2512,16,0.008285384467,1,0.0001593218109,62.39279067
2513,16,0.008260775663,1,0.0001595665856,62.48864003
2514,15,0.009965787529,1,0.0001598117362,62.58463665
2515,15,0.00992950468,1,0.0001600572633,62.68078075
2516,15,0.009890789836,1,0.0001603031675,62.77707255
2517,15,0.009852530692,1,0.0001605494494,62.87351228
2518,15,0.009815506436,1,0.0001607961096,62.97010018
2519,15,0.009779305011,1,0.0001610431487,63.06683646
2520,15,0.009743199318,1,0.0001612905672,63.16372136
2521,15,0.009706601509,1,0.0001615383659,63.2607551
2522,15,0.009669134713,1,0.0001617865453,63.35793792
2523,15,0.009630516652,1,0.0001620351059,63.45527003
2524,15,0.009590434251,1,0.0001622840484,63.55275168
2525,15,0.009548493331,1,0.0001625333735,63.65038308
2526,15,0.00950423994,1,0.0001627830816,63.74816448
2527,15,0.009457213492,1,0.0001630331735,63.8460961
2528,15,0.009406997918,1,0.0001632836496,63.94417816
2529,15,0.009353257456,1,0.0001635345107,64.04241091
2530,15,0.009295757991,1,0.0001637857572,64.14079457
2531,15,0.009234378707,1,0.0001640373899,64.23932938
2532,15,0.009169116874,1,0.0001642894092,64.33801557
2533,15,0.009100086161,1,0.0001645418158,64.43685337
2534,15,0.009027508528,1,0.0001647946104,64.535843
2535,15,0.008951700864,1,0.0001650477934,64.63498472
2536,15,0.008873058616,1,0.0001653013656,64.73427874
2537,15,0.008792038878,1,0.0001655553274,64.83372531
2538,15,0.008709144728,1,0.0001658096795,64.93332465
2539,15,0.008624911419,1,0.0001660644225,65.033077
2540,15,0.008539894216,1,0.000166319557,65.13298261
2541,15,0.008454657233,1,0.0001665750835,65.23304169
2542,15,0.008369762639,1,0.0001668310027,65.33325449
2543,14,0.009956317689,1,0.0001670873152,65.43362124
2544,14,0.009855844391,1,0.0001673440216,65.53414219
2545,14,0.009754969852,1,0.0001676011225,65.63481755
2546,14,0.009657807928,1,0.0001678586184,65.73564758
2547,14,0.009565758507,1,0.0001681165099,65.83663252
2548,14,0.00947868493,1,0.0001683747977,65.93777259
2549,14,0.009396117783,1,0.0001686334824,66.03906804
2550,14,0.009317861254,1,0.0001688925645,66.14051911
2551,14,0.009244054087,1,0.0001691520447,66.24212604
2552,14,0.009174976182,1,0.0001694119236,66.34388905
2553,14,0.009110854012,1,0.0001696722017,66.44580841
2554,14,0.009051772021,1,0.0001699328796,66.54788433
2555,14,0.008997677634,1,0.000170193958,66.65011708
2556,14,0.008948425439,1,0.0001704554374,66.75250688
2557,14,0.008903819335,1,0.0001707173186,66.85505397
2558,14,0.008863638177,1,0.0001709796019,66.95775861
2559,14,0.008827646974,1,0.0001712422882,67.06062102
2560,14,0.008795599658,1,0.0001715053779,67.16364146
2561,14,0.008767237417,1,0.0001717688718,67.26682017
2562,14,0.008742284641,1,0.0001720327703,67.37015738
2563,14,0.008720444072,1,0.0001722970741,67.47365335
2564,14,0.008701393017,1,0.0001725617839,67.57730831
2565,14,0.008684782338,1,0.0001728269002,67.68112252
2566,14,0.008670239086,1,0.0001730924236,67.78509621
2567,14,0.008657372488,1,0.0001733583548,67.88922963
2568,14,0.008645782196,1,0.0001736246945,67.99352303
2569,14,0.008635067397,1,0.0001738914431,68.09797665
2570,14,0.008624835506,1,0.0001741586014,68.20259073
2571,14,0.0086147097,1,0.0001744261699,68.30736553
2572,14,0.008604334899,1,0.0001746941493,68.41230129
2573,14,0.00859338227,1,0.0001749625402,68.51739826
2574,14,0.008581552442,1,0.0001752313432,68.62265669
2575,14,0.008568577804,1,0.0001755005591,68.72807682
2576,14,0.008554224187,1,0.0001757701883,68.8336589
2577,14,0.008538292141,1,0.0001760402316,68.93940319
2578,14,0.008520617961,1,0.0001763106895,69.04530992
2579,14,0.00850107443,1,0.0001765815628,69.15137936
2580,14,0.008479571148,1,0.000176852852,69.25761174
2581,14,0.008456054342,1,0.0001771245578,69.36400732
2582,14,0.008430505947,1,0.0001773966808,69.47056636
2583,14,0.008402941857,1,0.0001776692217,69.5772891
2584,13,0.00996986075,1,0.0001779421812,69.68417579
2585,13,0.009932269917,1,0.0001782155598,69.79122669
2586,13,0.009888442788,1,0.0001784893582,69.89844204
2587,13,0.009843359113,1,0.0001787635771,70.0058221
2588,13,0.00979858667,1,0.0001790382171,70.11336713
2589,13,0.00975367339,1,0.0001793132788,70.22107737
2590,13,0.009707770936,1,0.000179588763,70.32895309
2591,13,0.009660463974,1,0.0001798646703,70.43699454
2592,13,0.009611841859,1,0.0001801410013,70.54520196
2593,13,0.009562232648,1,0.0001804177567,70.65357562
2594,13,0.009511953518,1,0.0001806949372,70.76211577
2595,13,0.009461210059,1,0.0001809725434,70.87082266
2596,13,0.009410110625,1,0.0001812505759,70.97969656
2597,13,0.009358716341,1,0.0001815290355,71.08873771
2598,13,0.009307076754,1,0.0001818079228,71.19794639
2599,13,0.009255241477,1,0.0001820872384,71.30732283
2600,13,0.009203258081,1,0.000182366983,71.41686731
2601,13,0.00915116741,1,0.0001826471574,71.52658008
2602,13,0.009099000987,1,0.0001829277621,71.63646139
2603,13,0.00904678036,1,0.0001832087978,71.74651151
2604,13,0.008994517042,1,0.0001834902652,71.8567307
2605,13,0.008942212494,1,0.000183772165,71.96711921
2606,13,0.008889858478,1,0.0001840544979,72.07767731
2607,13,0.0088374382,1,0.0001843372644,72.18840525
2608,13,0.008784928423,1,0.0001846204653,72.2993033
2609,13,0.008732302172,1,0.0001849041013,72.41037172
2610,13,0.008679531677,1,0.0001851881729,72.52161077
2611,13,0.008626591075,1,0.000185472681,72.63302071
2612,13,0.008573458642,1,0.0001857576262,72.74460181
2613,13,0.008520118399,1,0.0001860430091,72.85635432
2614,13,0.00846656113,1,0.0001863288304,72.96827852
2615,12,0.009961560356,1,0.0001866150909,73.08037466
2616,12,0.009899720845,1,0.0001869017911,73.19264301
2617,12,0.009832436644,1,0.0001871889317,73.30508383
2618,12,0.009765360887,1,0.0001874765136,73.41769739
2619,12,0.009700462774,1,0.0001877645372,73.53048395
2620,12,0.009637220133,1,0.0001880530033,73.64344379
2621,12,0.00957448751,1,0.0001883419126,73.75657716
2622,12,0.009511583002,1,0.0001886312658,73.86988433
2623,12,0.009448439426,1,0.0001889210635,73.98336558
2624,12,0.009385294969,1,0.0001892113064,74.09702116
2625,12,0.009322385997,1,0.0001895019952,74.21085135
2626,12,0.009259826089,1,0.0001897931306,74.32485641
2627,12,0.009197630264,1,0.0001900847133,74.43903661
2628,12,0.009135781067,1,0.000190376744,74.55339223
2629,12,0.009074273091,1,0.0001906692233,74.66792352
2630,12,0.009013125203,1,0.0001909621519,74.78263077
2631,12,0.008952374462,1,0.0001912555306,74.89751423
2632,12,0.008892065937,1,0.00019154936,75.01257419
2633,12,0.00883224448,1,0.0001918436408,75.12781091
2634,12,0.00877294902,1,0.0001921383737,75.24322466
2635,12,0.008714208704,1,0.0001924335593,75.35881572
2636,12,0.008656040858,1,0.0001927291985,75.47458436
2637,12,0.008598450967,1,0.0001930252918,75.59053085
2638,12,0.008541434419,1,0.00019332184,75.70665546
2639,12,0.008484979191,1,0.0001936188438,75.82295847
2640,11,0.009958701639,1,0.0001939163038,75.93944016
2641,11,0.009897929368,1,0.0001942142208,76.05610079
2642,11,0.009831807729,1,0.0001945125955,76.17294063
2643,11,0.009766151286,1,0.0001948114285,76.28995997
2644,11,0.009703352961,1,0.0001951107206,76.40715909
2645,11,0.009643079226,1,0.0001954104724,76.52453826
2646,11,0.009584055136,1,0.0001957106848,76.64209775
2647,11,0.009525377404,1,0.0001960113583,76.75983784
2648,11,0.009466824024,1,0.0001963124937,76.87775881
2649,11,0.009408554571,1,0.0001966140916,76.99586094
2650,11,0.009350753061,1,0.0001969161529,77.11414451
2651,11,0.009293473555,1,0.0001972186782,77.23260979
2652,11,0.009236659108,1,0.0001975216682,77.35125706
2653,11,0.009180214002,1,0.0001978251236,77.47008661
2654,11,0.009124054881,1,0.0001981290452,77.58909871
2655,11,0.009068128164,1,0.0001984334336,77.70829364
2656,11,0.009012408064,1,0.0001987382896,77.82767169
2657,11,0.008956888901,1,0.0001990436139,77.94723313
2658,11,0.008901577161,1,0.0001993494072,78.06697825
2659,11,0.008846484341,1,0.0001996556702,78.18690733
2660,11,0.008791621282,1,0.0001999624037,78.30702065
2661,11,0.008736995047,1,0.0002002696084,78.42731849
2662,11,0.008682608804,1,0.0002005772849,78.54780114
2663,11,0.008628463707,1,0.0002008854341,78.66846889
2664,11,0.008574561184,1,0.0002011940567,78.78932201
2665,11,0.008520904344,1,0.0002015031533,78.91036079
2666,11,0.008467498192,1,0.0002018127247,79.03158552
2667,10,0.009953238048,1,0.0002021227717,79.15299648
2668,10,0.009898023756,1,0.0002024332949,79.27459396
2669,10,0.009836939772,1,0.0002027442951,79.39637824
2670,10,0.009775850248,1,0.0002030557731,79.51834961
2671,10,0.009717401754,1,0.0002033677295,79.64050836
2672,10,0.009661550285,1,0.0002036801652,79.76285478
2673,10,0.009607001185,1,0.0002039930808,79.88538915
2674,10,0.009552683848,1,0.000204306477,80.00811177
2675,10,0.009498279233,1,0.0002046203547,80.13102292
2676,10,0.009443967887,1,0.0002049347146,80.25412289
2677,10,0.009390018562,1,0.0002052495574,80.37741198
2678,10,0.009336579623,1,0.0002055648838,80.50089047
2679,10,0.009283671432,1,0.0002058806946,80.62455865
2680,10,0.009231248177,1,0.0002061969906,80.74841681
2681,10,0.009179249292,1,0.0002065137724,80.87246526
2682,10,0.009127627726,1,0.0002068310409,80.99670427
2683,10,0.009076363173,1,0.0002071487967,81.12113414
2684,10,0.009025464416,1,0.0002074670407,81.24575517
2685,10,0.008974961489,1,0.0002077857736,81.37056765
2686,10,0.008924891032,1,0.0002081049961,81.49557187
2687,10,0.008875281618,1,0.0002084247089,81.62076813
2688,10,0.008826145428,1,0.000208744913,81.74615672
2689,10,0.008777478235,1,0.0002090656089,81.87173794
2690,10,0.008729265043,1,0.0002093867975,81.99751208
2691,10,0.008681486862,1,0.0002097084795,82.12347944
2692,10,0.008634125192,1,0.0002100306557,82.24964032
2693,10,0.008587163306,1,0.0002103533268,82.37599501
2694,10,0.008540585372,1,0.0002106764936,82.50254381
2695,10,0.008494375114,1,0.0002110001569,82.62928702
2696,10,0.008448515235,1,0.0002113243174,82.75622494
2697,10,0.008402988087,1,0.0002116489759,82.88335787
2698,9,0.009973397771,1,0.0002119741332,83.01068611
2699,9,0.009933093947,1,0.0002122997899,83.13820995
2700,9,0.009886259871,1,0.0002126259469,83.26592969
2701,9,0.00983924493,1,0.000212952605,83.39384565
2702,9,0.009794694661,1,0.0002132797649,83.52195811
2703,9,0.009752830345,1,0.0002136074274,83.65026739
2704,9,0.00971234431,1,0.0002139355933,83.77877378
2705,9,0.009671889176,1,0.0002142642633,83.90747759
2706,9,0.009630905372,1,0.0002145934383,84.03637912
2707,9,0.009589494583,1,0.0002149231189,84.16547867
2708,9,0.009547967892,1,0.000215253306,84.29477655
2709,9,0.009506573903,1,0.0002155840003,84.42427307
2710,9,0.009465452351,1,0.0002159152026,84.55396852
2711,9,0.009424660928,1,0.0002162469138,84.68386321
2712,9,0.009384195879,1,0.0002165791345,84.81395745
2713,9,0.009344016956,1,0.0002169118656,84.94425155
2714,9,0.009304087981,1,0.0002172451078,85.07474582
2715,9,0.009264413699,1,0.000217578862,85.20544055
2716,9,0.009225049397,1,0.0002179131289,85.33633606
2717,9,0.009186080063,1,0.0002182479093,85.46743266
2718,9,0.009147586134,1,0.0002185832039,85.59873066
2719,9,0.009109617456,1,0.0002189190137,85.73023036
2720,9,0.009072186768,1,0.0002192553393,85.86193207
2721,9,0.009035280105,1,0.0002195921816,85.99383611
2722,9,0.008998873486,1,0.0002199295414,86.12594279
2723,9,0.008962945821,1,0.0002202674194,86.25825241
2724,9,0.008927483628,1,0.0002206058164,86.39076529
2725,9,0.00889247867,1,0.0002209447333,86.52348174
2726,9,0.008857922466,1,0.0002212841708,86.65640208
2727,9,0.008823801589,1,0.0002216241298,86.78952662
2728,9,0.008790096024,1,0.000221964611,86.92285566
2729,9,0.008756780856,1,0.0002223056152,87.05638953
2730,9,0.008723830312,1,0.0002226471433,87.19012854
2731,9,0.008691222474,1,0.000222989196,87.324073
2732,9,0.008658943063,1,0.0002233317742,87.45822324
2733,9,0.00862698719,1,0.0002236748787,87.59257956
2734,9,0.008595358711,1,0.0002240185102,87.72714228
2735,9,0.008564067601,1,0.0002243626696,87.86191173
2736,9,0.008533126283,1,0.0002247073577,87.99688821
2737,9,0.008502546018,1,0.0002250525753,88.13207204
2738,9,0.008472334323,1,0.0002253983232,88.26746356
2739,9,0.008442493862,1,0.0002257446023,88.40306306
2740,9,0.00841302274,1,0.0002260914133,88.53887088
2741,9,0.008383915866,1,0.0002264387571,88.67488733
2742,9,0.008355166701,1,0.0002267866344,88.81111274
2743,9,0.008326768968,1,0.0002271350462,88.94754742
2744,9,0.008298717914,1,0.0002274839931,89.08419169
2745,9,0.008271011074,1,0.0002278334762,89.22104589
2746,9,0.008243648513,1,0.0002281834961,89.35811032
2747,9,0.008216632725,1,0.0002285340537,89.49538532
2748,9,0.008189968265,1,0.0002288851498,89.63287121
2749,9,0.00816366124,1,0.0002292367853,89.7705683
2750,8,0.009982097902,1,0.0002295889609,89.90847693
2751,8,0.009971705782,1,0.0002299416776,90.04659743
2752,8,0.009956686202,1,0.0002302949361,90.1849301
2753,8,0.009942483445,1,0.0002306487373,90.32347529
2754,8,0.009930899729,1,0.0002310030819,90.46223332
2755,8,0.009921778485,1,0.0002313579709,90.60120451
2756,8,0.009913505442,1,0.0002317134051,90.7403892
2757,8,0.009904322705,1,0.0002320693854,90.87978771
2758,8,0.00989336718,1,0.0002324259124,91.01940037
2759,8,0.009880646256,1,0.0002327829872,91.15922751
2760,8,0.00986652226,1,0.0002331406105,91.29926945
2761,8,0.009851394742,1,0.0002334987832,91.43952653
2762,8,0.009835669251,1,0.0002338575061,91.57999909
2763,8,0.009819760997,1,0.0002342167801,91.72068744
2764,8,0.009804009724,1,0.000234576606,91.86159192
2765,8,0.009788593921,1,0.0002349369847,92.00271286
2766,8,0.009773544948,1,0.000235297917,92.14405061
2767,8,0.00975884463,1,0.0002356594038,92.28560547
2768,8,0.009744517565,1,0.0002360214459,92.42737781
2769,8,0.00973065485,1,0.0002363840442,92.56936794
2770,8,0.009717373415,1,0.0002367471995,92.71157619
2771,8,0.009704758328,1,0.0002371109126,92.85400292
2772,8,0.009692831637,1,0.0002374751845,92.99664845
2773,8,0.009681559562,1,0.000237840016,93.13951311
2774,8,0.009670882204,1,0.000238205408,93.28259725
2775,8,0.009660742598,1,0.0002385713613,93.4259012
2776,8,0.009651101003,1,0.0002389378768,93.5694253
2777,8,0.009641933149,1,0.0002393049553,93.71316989
2778,8,0.009633219124,1,0.0002396725977,93.8571353
2779,8,0.009624931118,1,0.000240040805,94.00132188
2780,8,0.009617025879,1,0.0002404095778,94.14572996
2781,8,0.009609444238,1,0.0002407789172,94.29035989
2782,8,0.009602117158,1,0.000241148824,94.43521201
2783,8,0.009594975841,1,0.000241519299,94.58028665
2784,8,0.009587962427,1,0.0002418903432,94.72558416
2785,8,0.009581038019,1,0.0002422619574,94.87110489
2786,8,0.009574185722,1,0.0002426341424,95.01684917
2787,8,0.009567408112,1,0.0002430068993,95.16281734
2788,8,0.009560720362,1,0.0002433802288,95.30900976
2789,8,0.00955414147,1,0.0002437541318,95.45542677
2790,8,0.009547686311,1,0.0002441286092,95.60206871
2791,8,0.009541360594,1,0.0002445036619,95.74893592
2792,8,0.009535159482,1,0.0002448792907,95.89602876
2793,8,0.009529069334,1,0.0002452554967,96.04334757
2794,8,0.009523071271,1,0.0002456322805,96.1908927
2795,8,0.009517145042,1,0.0002460096432,96.33866449
2796,8,0.009511272148,1,0.0002463875857,96.48666329
2797,8,0.009505437744,1,0.0002467661087,96.63488946
2798,8,0.009499631421,1,0.0002471452133,96.78334333
2799,8,0.009493847276,1,0.0002475249002,96.93202527
2800,8,0.009488083615,1,0.0002479051705,97.08093562
2801,8,0.009482342588,1,0.0002482860249,97.23007473
2802,8,0.009476629747,1,0.0002486674645,97.37944296
