step,physical_time,cl,cd,cmz,pressure_drag,viscous_drag,pressure_lift,viscous_lift
1,0,0.0046931722255796884,49.392288834933623,-0.0073785515854695935,16.402273561790398,32.990015273143221,0.0069847361487851865,-0.0022915639232054981
2,0,0.0077074656047330294,23.570687863034223,-0.014624231386925245,21.667352447415354,1.9033354156188698,0.014338834723536245,-0.0066313691188032153
3,0,0.026292545272444543,26.947533686043862,-0.012976949117947164,25.393641073562225,1.5538926124816375,0.047842095287535268,-0.021549550015090724
4,0,0.017059524397657504,29.722934719099559,-0.033453254802178659,27.892154953358826,1.8307797657407319,0.068134900166173698,-0.051075375768516194
5,0,0.027955802432808471,28.60648964885425,-0.001783813121047393,28.379422711934119,0.22706693692013324,0.051921305446362767,-0.023965503013554296
6,0,-0.0081061410053117761,24.690148668115178,0.0043259394816595534,26.64190333806037,-1.9517546699451902,0.038296640395949724,-0.0464027814012615
7,0,-0.034548251139992561,17.847514444362808,0.0026267765012999915,22.400885146950841,-4.5533707025880341,0.022749906722597805,-0.057298157862590363
8,0,-0.023863210715898329,8.7761039638851344,0.00038559784919063741,15.563998781692511,-6.787894817807377,0.011207452032629886,-0.035070662748528214
9,0,0.025095641323439648,-1.2105408131488451,-0.026720848027121803,6.4660749945306764,-7.6766158076795215,-0.0028353795605319337,0.027931020883971581
10,0,0.032495475590835765,-10.854699142349173,-0.0079773918323089495,-3.7236382044024503,-7.1310609379467218,-0.029651347570348749,0.062146823161184514
11,0,-0.030456364385160365,-18.651995398500318,0.0030812381098318424,-13.283876496400069,-5.3681189021002487,-0.039754878005254998,0.0092985136200946332
12,0,0.08303329333837442,-22.543514574864687,-0.034666556699198769,-20.170358451074659,-2.3731561237900305,-0.031788299936276375,0.1148215932746508
13,0,0.025815679595713008,-22.007877411174736,-0.023402109168173178,-23.07763440042083,1.0697569892460941,-0.033445669475369914,0.059261349071082922
14,0,-0.013781131461342758,-17.214325246005615,0.0040998560914453563,-21.601719122970554,4.3873938769649392,-0.056060988650193148,0.042279857188850391
15,0,-0.035919350276731522,-9.3232473950166224,0.0090431666709673807,-16.483639979230652,7.160392584214029,-0.019477110485325331,-0.016442239791406191
16,0,-0.018684680069934796,-0.70822316697756094,0.0096354538318427496,-9.0243677079054727,8.3161445409279118,0.00076422197738593883,-0.019448902047320735
17,0,-0.014528868786901253,7.9777789766370493,0.0028810322722162703,-0.22310997670181223,8.2008889533388611,0.039895903108996211,-0.054424771895897464
18,0,0.016570570017804154,15.311821606235766,0.015864874935522532,8.4110873094468133,6.9007342967889524,0.052107673589198475,-0.035537103571394321
19,0,0.027131674627575084,19.708522491821114,-0.029444799558215544,15.030810564492253,4.6777119273288612,0.131558891479572,-0.10442721685199692
20,0,0.076121546448915223,19.258689708123512,-0.0076828985763503438,17.677434080814383,1.5812556273091289,0.12994304508055726,-0.053821498631642047
21,0,0.083370358209677642,16.01493989307259,0.0027432326422129382,17.029350586797893,-1.014410693725303,0.11536356655485909,-0.031993208345181455
22,0,0.057154877982314632,10.580183143447599,0.0024803994746633788,13.706958106132115,-3.1267749626845172,0.080213460217753246,-0.023058582235438614
23,0,0.04835707819281191,3.933893972147426,-0.0050294268020176979,8.1492454802245646,-4.2153515080771387,0.039169035684922637,0.009188042507889271
24,0,0.076640145556278558,-2.7415277123088204,-0.018546813886128485,1.3193411535704271,-4.0608688658792476,-0.0024472949300874507,0.079087440486366012
25,0,0.0021406046884350771,-8.2770325328425081,-0.015009807471232466,-5.2469125770307112,-3.0301199558117973,-0.085727341763619361,0.087867946452054438
26,0,-0.046308955638527632,-11.341525003821861,-0.0071899865198372338,-9.9446431902386063,-1.396881813583255,-0.11502077736663736,0.068711821728109732
27,0,-0.079360309151645034,-11.787365695818506,-0.03692772100972834,-12.095579178713606,0.30821348289510003,-0.14560836656031673,0.066248057408671693
28,0,-0.12487892924477452,-9.5626274100748851,0.00071224693885780935,-11.495072088736629,1.9324446786617442,-0.15718045797309579,0.032301528728321274
29,0,-0.087363630416707125,-4.9221119477671564,0.005953608254637581,-8.5428719626397669,3.62076001487261,-0.11824461259644971,0.030880982179742587
30,0,-0.047352272976815372,1.4216056259898435,0.0045409400962053443,-3.4952205324130201,4.9168261584028636,-0.039865461322947764,-0.0074868116538676097
31,0,0.030775888443968356,7.4105999503551381,-0.0023771088362079715,2.6840862928671623,4.7265136574879758,0.039529882549881226,-0.0087539941059128681
32,0,0.079360368435960213,11.205413828023971,-0.016410183054032943,8.0927321147212421,3.1126817133027282,0.099156700865071695,-0.019796332429111486
33,0,0.10591129081099354,11.856855243947855,0.01919757179354032,10.935063331439213,0.92179191250864101,0.11914012113277009,-0.013228830321776552
34,0,0.16711844803350767,9.7018154872911939,0.0059957255787244307,10.456266403578519,-0.75445091628732552,0.16691120885312402,0.00020723918038364805
35,0,0.085413988376540351,6.222209327618466,0.027602320589692982,7.7615293855309728,-1.5393200579125066,0.15995695056865394,-0.074542962192113593
36,0,0.021900603706792754,2.3249733146306855,0.0071337656065758532,4.067690322238084,-1.7427170076073986,0.1103217452634129,-0.088421141556620148
37,0,-0.02745532091784986,-1.9523346200871159,0.0036749306434783195,-0.083830226339843134,-1.8685043937472727,0.027615957812980107,-0.055071278730829967
38,0,-0.11875958872423065,-5.3175147878207412,0.0064484658616600719,-3.8456685763015814,-1.4718462115191595,-0.028246182501564267,-0.090513406222666376
39,0,-0.12957868775718234,-6.9547491677433593,-0.00093560070395681187,-6.5867494591801448,-0.36799970856321484,-0.071084260920565204,-0.058494426836617125
40,0,-0.12306900644114788,-6.2444144902891585,0.0071526273712785044,-7.3610980387013818,1.1166835484122231,-0.099100480991765758,-0.023968525449382123
41,0,-0.051066101357367007,-3.1052708720143287,-0.003324896136095489,-5.6350284747815786,2.5297576027672499,-0.085552481709155762,0.034486380351788755
42,0,0.02005989000179358,1.3466244017006754,-0.0057813968928915639,-1.8234688166409525,3.1700932183416279,-0.024240320251863522,0.044300210253657102
43,0,0.068477942105576811,5.2541479218772515,0.006216070765201644,2.4961819666040612,2.7579659552731908,0.052227920754568571,0.01625002135100824
44,0,0.11282537249993838,7.4626144287318814,-0.016939958349086726,5.8175872595889357,1.6450271691429459,0.079146771196411239,0.033678601303527129
45,0,0.10308038705154651,7.7619702978829439,-0.0034938158168929838,7.3191264989993625,0.44284379888358161,0.085645043589536771,0.017435343462009745
46,0,0.076030006745179193,6.5120978528475,-0.0093545853951256461,6.8252829827552599,-0.31318512990776032,0.09227415744775147,-0.016244150702572277
47,0,0.03191319803172224,3.7091915881829629,0.00016994602905096232,4.5873795583362904,-0.8781879701533275,0.066461897955851779,-0.034548699924129539
48,0,0.003559028981754286,0.31272509527593084,-0.0066690253997058156,1.4998934336927254,-1.1871683384167946,0.019057688921917965,-0.015498659940163679
49,0,-0.0618675624707389,-2.5337143152635755,0.0070348357382080517,-1.5898612958936207,-0.9438530193699548,-0.044967105038145411,-0.016900457432593489
50,0,-0.10894903162391185,-4.022098919399677,0.007352757912334462,-3.7864035363435389,-0.23569538305613791,-0.094816048172347456,-0.014132983451564395
51,0,-0.088650686897206635,-3.9078240192228479,0.020776205455006667,-4.6132146814409039,0.70539066221805613,-0.083638818921387956,-0.0050118679758186842
52,0,-0.058278840668006551,-2.1835682242369048,0.015496703247154195,-3.7500644083007413,1.5664961840638367,-0.029386097465949366,-0.028892743202057185
53,0,0.0025193734205710278,0.6558751699752019,0.012393900478974198,-1.3961442470036687,2.0520194169788706,0.012984548117857935,-0.010465174697286908
54,0,0.049435520401358943,3.635218682562253,0.014132401187527023,1.6157603982056512,2.019458284356602,0.04843440193390057,0.001001118467458372
55,0,0.071901516304665819,5.8153390537201428,0.013251589789765065,4.2128351691367802,1.6025038845833621,0.06905466502080615,0.0028468512838596641
56,0,0.079873727280619075,6.4321900456915584,0.012215273124862593,5.5801455325780749,0.8520445131134835,0.092623212395632065,-0.012749485115012995
57,0,0.089720641406179746,5.3611826763489665,-0.019135226518756123,5.4668440830970129,-0.10566140674804679,0.087743324448953913,0.001977316957225827
58,0,0.056836511484167615,3.0374532078819589,-0.036707264632171929,3.8495053772262584,-0.81205216934429958,0.067434628717413431,-0.010598117233245814
59,0,-0.017722941679332666,0.30216706559325224,-0.0001350402223666966,1.2745856755543492,-0.97241860996109697,0.035963046221399786,-0.053685987900732451
60,0,-0.0449573716694441,-2.0157900115331735,0.0024148546974781439,-1.3431793441220707,-0.67261066741110287,-0.0014416377547361377,-0.043515733914707963
61,0,-0.065162277157907691,-3.0250079239585852,-0.0025196134565914092,-3.0314395668409886,0.0064316428824036011,-0.048454296475597916,-0.016707980682309779
62,0,-0.039470421427779762,-2.7526610186012865,-0.0043701478432795786,-3.4596470479392578,0.7069860293379715,-0.056984267897554994,0.017513846469775236
63,0,-0.015454607975545234,-1.2080939354292994,0.0037452616913130239,-2.5332434441924465,1.3251495087631471,-0.037563457338310242,0.022108849362765009
64,0,0.032954504375700487,1.2539887583322353,-0.011089754201846469,-0.4958704722282955,1.7498592305605307,0.010774824185283695,0.022179680190416794
65,0,0.060526444595288248,3.8328947307942567,-0.002346990632585443,2.094032899080418,1.7388618317138385,0.05133160211825756,0.0091948424770306892
66,0,0.04149757679096517,5.6165682626757159,0.012491435061705795,4.3040377742313831,1.312530488444333,0.057334854964489361,-0.015837278173524191
67,0,0.071691164647444544,5.7486155138998996,-0.014446667302866026,5.2863373566391214,0.46227815726077831,0.04130997369980563,0.030381190947638918
68,0,0.047421937620641431,4.4881286234420354,-0.0063575600486596396,4.8188379710070075,-0.33070934756497172,0.028594529942973894,0.018827407677667538
69,0,0.033300180964476164,2.2435661434215213,-0.022142261088885538,3.0581283453464239,-0.81456220192490258,0.013814206645377976,0.019485974319098189
70,0,-0.0026240973634770602,-0.21593997314096258,-0.0014103878160369385,0.5545014819486882,-0.77044145508965078,-0.0018852325364145956,-0.00073886482706246462
71,0,-0.0078025094972408405,-2.1388434437523696,-0.010269863224288757,-1.7999655115191209,-0.33887793223324858,-0.012727292746490062,0.0049247832492492214
72,0,-0.017662428845299064,-2.7936380045505005,-0.0037577037253336857,-3.0925721625157712,0.29893415796527073,-0.020645325750154271,0.0029828969048552073
73,0,0.025575055003278873,-1.8155569571763897,-0.0134675665454096,-2.8045562598328679,0.98899930265647817,-0.0089208655558550252,0.034495920559133898
74,0,0.042410979478641184,0.29503415222205231,-0.0086644232871701914,-1.1786122086898176,1.47364636091187,0.018998002809924964,0.02341297666871622
75,0,0.038175250889980347,2.8814526813865888,0.0032680304960002716,1.1885285833312094,1.6929240980553795,0.036509705701097274,0.0016655451888830755
76,0,0.014127474056628293,4.9061383860582852,0.0056247951919391193,3.4981773810649579,1.4079610049933275,0.045842997566370058,-0.031715523509741765
77,0,0.0040830220895697773,5.5136264082818514,-0.006177912607763545,4.8638206854684904,0.64980572281336124,0.022168324863569601,-0.018085302773999824
78,0,-0.013761218541975559,4.6589830928506162,-0.013900521187110789,4.7629468544522338,-0.1039637616016179,-0.019747270755852135,0.0059860522138765766
79,0,-0.042316452139882901,2.5995465412776193,0.00010813165784237343,3.2673691944450387,-0.6678226531674194,-0.038049275045860316,-0.0042671770940225845
80,0,-0.062738682648398644,0.31748193189822704,0.023480552028918092,1.0166550913293799,-0.69917315943115288,-0.035099576312930501,-0.027639106335468139
81,0,-0.012548005862139262,-1.4509835395867372,0.005039311673549313,-1.1511109320253334,-0.29987260756140371,-0.0055303257088281663,-0.0070176801533110957
82,0,0.04238338948813989,-2.0024405511758334,0.0038925634375742871,-2.3595661880483521,0.35712563687251864,0.028146526759341824,0.014236862728798066
83,0,0.067925369892887361,-1.2521052442418825,-0.0069360823089722788,-2.1507287169282265,0.89862347268634413,0.0600356829719721,0.0078896869209152606
84,0,0.078357948858705437,0.61049331633346349,-0.0080673439952459181,-0.68370495925302632,1.2941982755864898,0.083779222783223334,-0.0054212739245178944
85,0,0.02770630402729015,2.755752840608428,0.01753904992559643,1.3843159875004307,1.3714368531079972,0.077813030456872781,-0.050106726429582631
86,0,-0.030182486549063397,4.3425631428909348,0.00032600136213788389,3.2272876435458238,1.1152754993451108,0.022926122103261563,-0.05310860865232496
87,0,-0.088458145543458405,4.5952964910144667,0.026454615845492746,4.1273749508327464,0.46792154018172011,-0.031409090280697514,-0.057049055262760891
88,0,-0.085078404806364,3.7118130635597986,0.020438450442158695,3.749902314142902,-0.038089250583103341,-0.07909663998667231,-0.0059817648196916883
89,0,-0.068036944038076363,2.1045233864145767,0.017809717489510962,2.3744798637047286,-0.26995647729015204,-0.082878582232452452,0.014841638194376089
90,0,-0.020609402563997972,0.5189815253681227,0.015016035577031468,0.64550357537696457,-0.12652205000884184,-0.05190073220043432,0.031291329636436348
91,0,0.054204924739467988,-0.45195201589203532,0.0079514450077885126,-0.71535495630136114,0.26340294040932583,0.0043047408502930561,0.049900183889174936
92,0,0.095978944814337219,-0.61930656845218135,0.010029538387028015,-1.2258559488866272,0.60654938043444584,0.05830178513638086,0.037677159677956366
93,0,0.10676589820876985,0.14639050377989549,0.022729697381207951,-0.76570667092447686,0.91209717470437235,0.081777805477681237,0.02498809273108861
94,0,0.097494621457749051,1.5339590057056989,0.02021699466095887,0.42184446065872871,1.1121145450469703,0.082510317381817855,0.014984304075931201
95,0,0.030104261704526198,3.0108235662968328,0.022468219986593204,1.8335441926805625,1.1772793736162706,0.050391774736448368,-0.02028751303192217
96,0,-0.024980125533146713,3.8235268119788297,0.024967603032571967,2.8726848581613127,0.95084195381751702,-0.011767684022445475,-0.013212441510701237
97,0,-0.047533264325194745,3.7067848632729419,0.0052841132556744712,3.1506601613156509,0.55612470195729125,-0.049390863177180333,0.0018575988519855863
98,0,-0.074150487670583881,2.8497049305211934,0.036210799127267206,2.6010126480424725,0.24869228247872116,-0.070351450267433502,-0.0037990374031503819
99,0,-0.037860487536463011,1.7497165664695193,0.020785385206900674,1.5257314164123488,0.22398515005717057,-0.054353731380438274,0.016493243843975259
100,0,0.0021457540677529037,0.89461814228862124,0.029948885219669381,0.43878981829777236,0.45582832399084894,-0.011403591561812922,0.013549345629565826
101,0,0.099259878757697734,0.47079892724355071,0.012392062822011923,-0.20773664717857204,0.67853557442212276,0.03076397486216086,0.068495903895536878
102,0,0.10969256841275929,0.74124083725627044,0.014176948562016543,-0.16035076912514112,0.90159160638141156,0.071433634821132394,0.038258933591626902
103,0,0.096594397270376178,1.5115209260134388,0.0039683410554691373,0.50784856798338385,1.0036723580300548,0.083990904552408804,0.012603492717967377
104,0,0.068135750959782942,2.3816978850188768,0.0063578199981888612,1.4378304059248233,0.94386747909405355,0.069582040505762457,-0.0014462895459795161
105,0,-0.0046762815831508583,3.0584646032075358,0.02821046347700033,2.2224802521873999,0.83598435102013602,0.026944593833174386,-0.031620875416325245
106,0,-0.030675124467472802,3.0851715724081323,0.0040830715661866156,2.5354279086518861,0.54974366375624628,-0.031266921851174863,0.00059179738370206169
107,0,-0.039655681447869254,2.6168206053639085,0.0034611942195566887,2.2179635979755186,0.39885700738838997,-0.063562967281279276,0.023907285833410025
108,0,-0.023953735372295663,1.7772017307736605,-0.01241444327742379,1.4618896289960863,0.31531210177757429,-0.060166825379750738,0.036213090007455075
109,0,-0.011202526700064292,1.1646446819314829,0.0051778732807744509,0.67572495986859815,0.48891972206288459,-0.026969590990984019,0.015767064290919727
110,0,0.01382745103900888,0.99300661581397764,-0.0048083439399630454,0.24599979314796031,0.74700682266601737,0.0090734676099444682,0.0047539834290644132
111,0,0.06433491325559812,1.2159926986039911,-0.035589057244333429,0.35118676509079055,0.86480593351320056,0.035124390953898903,0.029210522301699213
112,0,0.073377082750669509,1.9157717536152643,-0.028379900931860293,0.92587856577274319,0.98989318784252112,0.044619476765659326,0.028757605985010187
113,0,0.014084475651046643,2.6326665789790824,-0.015188199250073789,1.6758847075246568,0.95678187145442561,0.031545995274767667,-0.017461519623721024
114,0,-0.0070594820019231055,2.900132218191616,0.017411200886166732,2.2197550054192998,0.68037721277231633,0.0058255121193127391,-0.012884994121235845
115,0,-0.022851881576135491,2.7288011904207732,-0.0035499581644042725,2.2881031633404465,0.44069802708032657,-0.012792186541872919,-0.010059695034262572
116,0,-0.051648857576397859,2.1546782650177687,-0.020294211813500489,1.8192830273555898,0.33539523766217877,-0.032806190845226769,-0.01884266673117109
117,0,-0.04144080102778349,1.4597287550679106,-0.011088376407325575,1.086868511548936,0.3728602435189744,-0.040389843851677022,-0.0010509571761064696
118,0,-0.02959392352911961,1.0957417373943878,0.010864460986734695,0.46121895664249463,0.63452278075189328,-0.02412126293781354,-0.0054726605913060699
119,0,0.013113956873511306,1.0985406642510296,-0.040610656795900819,0.290179670867589,0.8083609933834407,0.0071639921090296248,0.0059499647644816814
120,0,-0.023813032867357371,1.5668113702061748,0.0098197411773772083,0.62243155984249388,0.9443798103636809,0.031673737446161962,-0.055486770313519333
121,0,-0.067067897984063402,2.3190687921461892,0.040445808386252495,1.2667574616883517,1.0523113304578373,0.029743437520576989,-0.096811335504640383
122,0,-0.045740011485931195,3.0019892582339134,0.040058254329808571,1.9648663083165776,1.0371229499173358,0.0069344523952269872,-0.052674463881158186
123,0,-0.079090718133722857,3.1713703725927909,0.03731713910169239,2.3560260194544851,0.815344353138306,-0.012491413034893688,-0.066599305098829165
124,0,0.024863614279166838,2.6597489987870779,-0.021433093091882287,2.204837151372002,0.4549118474150759,-0.024216004472617427,0.049079618751784265
125,0,0.015100607008127053,1.8926070130366086,-0.036914372660039108,1.5934592394507916,0.2991477735858169,-0.023672674755250884,0.038773281763377937
126,0,0.050684261663129351,1.2556239575684083,-0.030211243066656443,0.83028147642776429,0.42534248114064405,0.0019223722736874151,0.04876188938944194
127,0,0.075100498858437198,1.0151198373202504,-0.029061246020172616,0.33013905442804581,0.68498078289220454,0.033550381445249015,0.04155011741318819
128,0,0.10742414090106453,1.2413792443399103,-0.048697037330313372,0.31872802597439848,0.92265121836551178,0.037273978465530037,0.070150162435534499
129,0,0.065930995553162869,1.8224636201751609,-0.031841618332124566,0.80143413650080197,1.021029483674359,0.019206383484760902,0.04672461206840197
130,0,0.015683624948282897,2.4764419306313705,-0.034209632059679189,1.4998015195122523,0.97664041111911848,0.0061708958995244628,0.0095127290487584323
131,0,-0.024497000588734264,3.0059578265899498,-0.02422529047591393,2.0735853300656455,0.9323724965243041,-0.022298374663174237,-0.0021986259255600258
132,0,-0.04052401546480279,2.8840553184290911,-0.016186601774534886,2.2585586261048669,0.62549669232422433,-0.056841809273293027,0.016317793808490237
133,0,-0.0053675619346610082,2.4420640706697414,-0.051947366795807227,1.9691840084078653,0.47288006226187618,-0.061374189513265044,0.056006627578604036
134,0,-0.010891502732766109,1.8145991150081531,0.020954055324811916,1.3873275376737817,0.42727157733437127,-0.045762822190922814,0.034871319458156705
135,0,-0.0012911026273581504,1.2976000910427186,0.019813500563483587,0.80251959925121774,0.49508049179150088,-0.010922557082908173,0.0096314544555500224
136,0,0.029000552820223978,1.2153102645718303,0.022247324234205005,0.52270157965959019,0.69260868491224026,0.033023530566007375,-0.0040229777457833973
137,0,0.010602658588274694,1.5150125794012823,0.053149870701662848,0.65237723833086914,0.86263534107041318,0.043001174809964592,-0.032398516221689898
138,0,0.068538871886079447,1.9774350878421612,-0.0027280292922768857,1.0973227179181906,0.88011236992397057,0.036233358466180185,0.032305513419899262
139,0,0.060467036808335484,2.4600520462732431,-0.006038147618331647,1.6404273480875244,0.81962469818571859,0.020385834139686965,0.040081202668648515
140,0,0.020598562233804275,2.6141871490126798,-0.00072510780899320186,1.978463521604866,0.63572362740781396,-0.0068474209686422384,0.027445983202446515
141,0,-0.028412899083518982,2.4551027533026213,0.0097986328517244373,1.9513102042678632,0.50379254903475812,-0.030218005314025607,0.0018051062305066256
142,0,-0.043710219158170749,2.0545832100071673,-0.0059024313542608026,1.6214886587204715,0.43309455128669594,-0.041631737697187719,-0.0020784814609830292
143,0,-0.025889821328792723,1.6548974225263933,-0.00023360544267217055,1.172809482749676,0.48208793977671727,-0.03432295098781725,0.0084331296590245252
144,0,0.030739210974324062,1.5008319014243887,-0.02012142178123643,0.86041404218316775,0.64041785924122108,-0.012051090085327051,0.042790301059651113
145,0,0.035037057648090265,1.5529605791429921,-0.020050899367807372,0.83108766852181548,0.72187291062117664,0.019938251564484737,0.01509880608360553
146,0,0.022967576538803394,1.8320726057746743,-0.023743645019516476,1.0781429245431366,0.7539296812315377,0.040761918464047392,-0.017794341925243998
147,0,0.031623412509140497,2.2156981089541095,-0.0072181637644378859,1.4247182773442213,0.79097983160988827,0.023231940724262212,0.0083914717848782849
148,0,0.026275389238620189,2.4036661843428027,-0.013173483364412892,1.6715465387615116,0.73211964558129095,-0.012951610663721679,0.039226999902341866
149,0,-0.037322974309153351,2.3665348500250012,0.01321395878003633,1.7090341663674296,0.65750068365757142,-0.039000113548018342,0.0016771392388649923
150,0,-0.075942430851940093,2.1120074830003972,0.018889925911311303,1.5565805619155482,0.55542692108484926,-0.039441161101252523,-0.036501269750687571
151,0,-0.090818528213718885,1.9069382786710647,0.0023882843379806921,1.3096836486780856,0.59725462999297907,-0.041413051017944111,-0.049405477195774775
152,0,-0.044410587267679019,1.7374989645913348,-0.024388896952022447,1.1240051164329119,0.61349384815842301,-0.041953904697877395,-0.0024566825698016229
153,0,0.0053512106263341047,1.8194954179494154,-0.002575268547331176,1.0884899471155984,0.73100547083381684,-0.023300311194877289,0.028651521821211393
154,0,-0.019475745932742129,1.8930092064088297,0.01107026194857684,1.210281486206443,0.68272772020238659,0.0078518285088617946,-0.027327574441603924
155,0,-0.020573999523540696,2.0426476619877176,0.032912629432537997,1.3870922020478231,0.65555545993989428,0.019583593257434907,-0.040157592780975603
156,0,-0.020099797476742415,2.1084153460606485,0.010363855559527841,1.500621110392349,0.60779423566829949,0.014138604009622562,-0.034238401486364978
157,0,-0.033161477336765464,2.0577079026890841,0.031563511462410855,1.4837662213132568,0.57394168137582746,-0.0072821902675345865,-0.025879287069230879
158,0,-0.027961607888858802,2.0550384458638975,0.031044171450582941,1.3638843294227005,0.69115411644119695,-0.016656948949190887,-0.011304658939667915
159,0,-0.0087873968526352379,1.9252660799179109,0.0018226717575273194,1.2319709115690789,0.69329516834883198,-0.013943509011538374,0.0051561121589031363
160,0,0.0011692753400741485,1.9713582401431755,-0.021136685512589688,1.1846326019585254,0.78672563818465002,-0.0098944044323246924,0.011063679772398841
161,0,-0.00044283912047527862,2.0544788077400007,0.016028992937187337,1.236206325944323,0.81827248179567769,0.0031979273282151839,-0.0036407664486904625
162,0,-0.021407807285803604,2.2086933839655702,0.027573581718063182,1.3895188820427742,0.81917450192279595,0.01532870196005494,-0.036736509245858542
163,0,-0.028881982873996039,2.2883737246749183,0.011301664590675392,1.5154007863460419,0.77297293832887637,0.0097542428891665041,-0.038636225763162543
164,0,-0.026552842348014121,2.2387593967968966,0.034295818973522359,1.5597296548750963,0.6790297419218001,-0.0033231526128579417,-0.02322968973515618
165,0,-0.07067450224513333,2.0664801264754717,0.068426318772178404,1.4944427813677665,0.57203734510770521,-0.0029769511668865413,-0.067697551078246793
166,0,-0.055294797006697302,1.9401018012685314,0.034511002903021469,1.3418102739841984,0.59829152728433299,-0.011532879133934878,-0.043761917872762422
167,0,-0.08672115602497607,1.7798544711352617,0.064202279704484305,1.1682798924578652,0.6115745786773964,-0.019441593740226176,-0.067279562284749891
168,0,-0.071857464837866508,1.8037640751098989,0.061734324260030546,1.0823342226969732,0.72142985241292557,-0.019591506689876761,-0.052265958147989747
169,0,-0.018589782106981454,1.8347504520662938,0.036016379391116779,1.1340006164205207,0.70074983564577309,-0.012291807596582403,-0.0062979745103990516
170,0,-0.001625846397049399,2.084413831480004,0.037677278189088483,1.3056582621479851,0.77875556933201906,-0.00010337703866897519,-0.0015224693583804239
171,0,0.020347116485642032,2.1225402990993589,0.018175913698855857,1.4653386014424097,0.65720169765694936,0.017969588958581174,0.0023775275270608567
172,0,0.018107707700220532,2.1149156697235898,0.0009592287380376501,1.5473371216116178,0.56757854811197184,0.027294448665737384,-0.0091867409655168528
173,0,0.0046080978468781668,2.1861353759202582,-0.012573128926250668,1.5152110236409786,0.67092435227927949,0.030715613575707665,-0.026107515728829498
174,0,-0.061094068896335271,2.0125240039933536,0.064680081481210294,1.3993088351150564,0.61321516887829719,0.017675943106200551,-0.078770012002535819
175,0,-0.037442971090121291,1.7889382103830664,0.031492049293899566,1.2639446382055903,0.52499357217747611,0.00038952745049242263,-0.037832498540613713
176,0,0.020905224649919407,1.8009785250526673,0.0015954384785550819,1.1626811406447686,0.63829738440789885,0.0058478045648384753,0.015057420085080932
177,0,0.05918883292826474,1.8848213144977219,-0.043724003378374829,1.1469432134707382,0.7378781010269837,0.013927582055288096,0.045261250872976645
178,0,0.046474338298611306,2.0358100238539163,-0.028276375088662278,1.245864898135655,0.78994512571826137,0.025090224827048608,0.021384113471562702
179,0,0.054425403143887857,2.1882646012683109,-0.032235995082313805,1.4039825187417025,0.78428208252660814,0.027262499877108947,0.027162903266778914
180,0,0.096251722171087295,2.3666021836207642,-0.063936236569310842,1.5316595858561792,0.83494259776458501,0.017367570688623553,0.078884151482463735
181,0,0.039955270962565896,2.2754561557362862,-0.015597124444347415,1.5821546964902111,0.693301459246075,0.012944411549077862,0.027010859413488034
182,0,0.12702542285549134,2.2389196769000641,-0.051417287289644502,1.5156311158517184,0.72328856104834571,0.010711384467607173,0.11631403838788416
183,0,0.075306284158438042,1.984314608201698,-0.048687447223651641,1.3455069690200894,0.63880763918160866,0.021509478083976144,0.053796806074461904
184,0,0.056152660476634586,1.7857944265365306,-0.042271446520303513,1.1692406065241014,0.61655382001242931,0.020554909136849698,0.035597751339784885
185,0,-0.0067658488633452543,1.680657717566572,-0.0022291272952975694,1.089421926118207,0.59123579144836491,0.010593547288933976,-0.01735939615227923
186,0,0.014031994780167062,1.8164728462734736,-0.035247356400726022,1.1192110355388984,0.69726181073457527,-0.015452766454394886,0.029484761234561948
187,0,-0.012008964539962391,1.9803736164471752,-0.0098670385240329471,1.2559486765524275,0.72442493989474765,-0.025376328621491837,0.013367364081529446
188,0,0.015289428605818677,2.1846763239746414,-0.017736686441589489,1.4347199986730301,0.74995632530161127,-0.017014256544106574,0.032303685149925251
189,0,0.031464397492413247,2.26632994968341,0.0067607056633534075,1.531893064959216,0.73443688472419399,-0.0002030347556567706,0.031667432248070018
190,0,-0.004196698753236746,2.1401614475121322,0.014684251777419393,1.5067128557969536,0.63344859171517864,0.016370201868964547,-0.020566900622201293
191,0,-0.0074680733802510377,2.0219035617098977,0.024069801560666699,1.3740161668996735,0.64788739481022428,0.019593632869423377,-0.027061706249674414
192,0,-0.011061138295946672,1.8690491512810337,0.024796829665542433,1.2356530520241766,0.63339609925685703,0.0096670746780124737,-0.020728212973959145
193,0,-0.0032515560270101182,1.7688086756156292,-0.0041695918805659121,1.1429978286327733,0.62581084698285594,-0.002443442208897069,-0.00080811381811304915
194,0,0.019248057609590589,1.897116083899739,-0.035362727271658234,1.1793974740189548,0.71771860988078418,-0.0077083272822970486,0.026956384891887637
195,0,-0.0053356844005251524,2.0103259333068868,0.003691834085191728,1.3033887079473434,0.70693722535954329,-0.010879983421182678,0.005544299020657526
196,0,-0.021994226373598685,2.1566478929946973,-0.0027249481442394468,1.4267729416898756,0.7298749513048215,-0.00049224066641301409,-0.021501985707185672
197,0,-0.030495932958126408,2.1669049282500836,0.0052322951063916373,1.4952055111106,0.67169941713948367,0.0056093352523546866,-0.036105268210481094
198,0,0.016323748524169873,2.1132415034583678,0.014062314929750293,1.4738625137929706,0.63937898966539697,0.0048722560923635588,0.011451492431806314
199,0,0.008434823019563116,2.040447342547667,0.017878587778263837,1.3790261654855189,0.66142117706214809,0.010637197114737139,-0.002202374095174024
200,0,0.029034002416743282,1.868029370114948,0.0075153393817407382,1.2821725148504377,0.58585685526451015,0.023052814692351233,0.0059811877243920505
201,0,0.017118550448783135,1.7730844516970405,0.019637500606545746,1.2140943419123966,0.55899010978464392,0.024751204888820228,-0.0076326544400370936
202,0,0.0035968515688222964,1.8857394415062632,0.0094949604476160642,1.2319592054515256,0.65378023605473745,0.021648463379133901,-0.018051611810311605
203,0,0.011165919648886783,1.9468165956514056,0.0053358264890127323,1.3305187692369358,0.61629782641446984,0.011426532394591257,-0.00026061274570447475
204,0,0.046583561729147113,2.0461024834740811,-0.047668917678698818,1.4203120757676888,0.62579040770639238,0.00027579231981768239,0.04630776940932943
205,0,0.05768879598765049,2.0374315838477908,-0.029210959713747587,1.4394016096234616,0.59802997422432902,0.002646281868873241,0.055042514118777246
206,0,0.033696480072053912,2.0291332710827681,-0.014304036930777265,1.4005637349066991,0.62856953617606892,0.0096723695363859236,0.024024110535667987
207,0,0.089956294724062219,1.9560072951714997,-0.0058220329360094657,1.3211001151585471,0.63490718001295254,0.024383189777301237,0.065573104946760982
208,0,0.08422116275954987,1.8565985446481723,-0.015939470593398192,1.2419043644556986,0.61469418019247368,0.024476049619712614,0.059745113139837255
209,0,0.073548053132274679,1.8225704394182485,-0.0025445559170342029,1.1918348600355537,0.63073557938269476,0.024345737908259793,0.049202315224014886
210,0,0.040628512682222631,1.9114954588455164,0.02082745424451582,1.223486140509517,0.68800931833599943,0.018509499206022378,0.022119013476200253
211,0,-0.028077272079981615,2.014387997274742,-0.043295135719105697,1.3213908481248844,0.69299714914985777,-0.0076735941493791876,-0.020403677930602427
212,0,-0.037369355244610651,2.0802257372498101,-0.011622014359275705,1.4176210822731907,0.66260465497661936,-0.036660625924412105,-0.0007087293201985471
213,0,-0.052356160476592403,2.1210103125345774,-0.013741833611812778,1.4614720246255977,0.65953828790897984,-0.034732137457353068,-0.017624023019239335
214,0,0.025902503394412912,2.0347673845661678,-0.044730111937450287,1.4306877120632049,0.60407967250296268,-0.0084426124150941261,0.03434511580950704
215,0,0.044609346685218265,1.9082625786197327,0.0026117532041397295,1.3346607054570363,0.57360187316269651,0.026822665035998505,0.017786681649219756
216,0,0.076588964706774496,1.8709849961471767,-0.013646498093746339,1.2429652795146207,0.62801971663255596,0.061517634411247232,0.015071330295527258
217,0,0.03195820804359268,1.8872245698454098,0.018960324686886201,1.2144751078078233,0.67274946203758645,0.058410793855260101,-0.026452585811667421
218,0,-0.059783585191152865,2.0392297901069836,0.050998402324320888,1.267834711441759,0.77139507866522472,0.021225039259341168,-0.081008624450494032
219,0,-0.12241894172666434,2.1679780261617871,0.035761124890437729,1.3784219307038783,0.78955609545790861,-0.034624083468496443,-0.087794858258167893
220,0,-0.072514493023104615,2.1875505115879408,-0.017587966419021751,1.4906490409295372,0.69690147065840358,-0.073773423010432035,0.0012589299873274197
221,0,0.02585177962687548,2.1594488511540342,-0.0098560172158074413,1.515766073022897,0.64368277813113706,-0.047150156335063399,0.07300193596193888
222,0,0.11973407893990129,1.9681439123493076,-0.032469189119559545,1.3811446220146617,0.58699929033464604,0.025723080361478586,0.094010998578422711
223,0,0.16144892605239242,1.9012888117081812,-0.020892000125117584,1.2110507665428183,0.69023804516536302,0.086694044456596384,0.074754881595796033
224,0,0.066174598623105096,1.8393034712570913,0.027573574387883184,1.1338331618476962,0.70547030940939504,0.1011729894155763,-0.034998390792471204
225,0,0.031414754030588465,2.030909948367253,-0.006278272694179788,1.200922159132648,0.82998778923460492,0.04952367544512605,-0.018108921414537585
226,0,-0.043061704561550861,2.1571021871092135,0.03196975294113201,1.3609853574673678,0.7961168296418456,-0.017796011008559098,-0.025265693552991762
227,0,-0.057811017051179331,2.2085152039047271,-0.009996265860358693,1.474025104532956,0.7344900993717709,-0.063911865706627519,0.0061008486554481895
228,0,-0.061121027835127226,2.1364575649547253,0.010163334088898046,1.4758279008273274,0.66062966412739799,-0.063161132378261431,0.0020401045431342074
229,0,-0.015864137409621806,1.9842632922564367,0.016312667502851048,1.379654163829674,0.60460912842676284,-0.022199108498353,0.0063349710887311934
230,0,0.015042231484625228,1.871892508631092,0.010549978500658941,1.2516133813152155,0.62027912731587653,0.023513737342714707,-0.0084715058580894786
231,0,0.020679035716308889,1.7363361729026492,0.018442236419292789,1.1636762808849088,0.57265989201774026,0.042511190614201874,-0.021832154897892985
232,0,-0.01974435237204198,1.7469164691908747,0.020492191592417441,1.1664978939846165,0.58041857520625817,0.018893813255191488,-0.038638165627233469
233,0,-0.073912266829696038,1.8810539183891195,0.026739406354999405,1.2551593941206007,0.62589452426851866,-0.029011210552056171,-0.044901056277639871
234,0,-0.10832561619466979,2.0176971572885414,0.014333735108268842,1.3899913158763064,0.62770584141223507,-0.080035707200419165,-0.028289908994250622
235,0,-0.068470845606799169,2.1484128995059808,0.017321807545390467,1.4875996084742507,0.66081329103173003,-0.092866823566960785,0.024395977960161613
236,0,-0.030154748800892417,2.1034729625957262,0.026449654540804467,1.4843116939044085,0.6191612686913176,-0.044790549205234002,0.014635800404341585
237,0,0.023590296555002697,1.978621048595806,0.015581852944959829,1.415739117434373,0.56288193116143304,0.018878445338048288,0.0047118512169544097
238,0,0.0042378433891267497,1.8174155355132384,0.017166364669724359,1.2837492690878263,0.53366626642541215,0.054107600780156064,-0.049869757391029314
239,0,-0.010809184030615454,1.7790685109593412,0.03345883340377654,1.1970309347710992,0.58203757618824181,0.038659273110012674,-0.049468457140628128
240,0,-0.040010907069930324,1.7802689821079229,0.025385345715794875,1.1942593000847854,0.58600968202313741,0.0079041919832855377,-0.047915099053215858
241,0,-0.065437219569140156,1.9606404558242276,0.017444959993308463,1.2858732817136833,0.67476717411054432,-0.027843112413438356,-0.0375941071557018
242,0,-0.092904044526126911,2.0738341221084222,0.021672116748190161,1.397749065620336,0.67608505648808637,-0.03713428489818929,-0.055769759627937628
243,0,-0.048629638815268723,2.0661690295828374,-0.0047669424435795357,1.4420177418163789,0.62415128776645856,-0.021857122316433702,-0.026772516498835022
244,0,0.031617067048108363,2.0979825819345517,0.011323312894647638,1.4232738043373316,0.67470877759722003,0.0078953124331548954,0.023721754614953468
245,0,0.037082440644155418,1.9648165475314321,0.0092913981937162524,1.3649621544347961,0.59985439309663591,0.035959738974750195,0.0011227016694052214
246,0,0.084178894950840272,1.9697653963918957,0.00074147843589895512,1.2872275570571285,0.68253783933476719,0.046358433634026301,0.037820461316813971
247,0,0.071823004027591369,2.0072155016081137,-0.026962266250850544,1.2861960390298548,0.72101946257825911,0.038751220986781153,0.033071783040810224
248,0,0.015362262439487415,2.0763286301442814,0.0057765910977034653,1.3573545028980447,0.71897412724623666,-4.7999336719850488e-05,0.015410261776207265
249,0,0.020331129119003241,2.0793897782319402,-0.0059608052535795623,1.4307151566806253,0.64867462155131483,-0.02088045171730743,0.041211580836310671
250,0,0.071010298228125629,2.1160281093631141,-0.054487399798485214,1.4398830108216891,0.67614509854142479,-0.025146882183698226,0.096157180411823848
251,0,0.037691889576327103,2.0101306577351075,-0.064740631791424794,1.3799516846220956,0.63017897311301208,-0.024644558721107143,0.062336448297434247
252,0,0.0154194081391127,1.9805621272257965,-0.0436157713167208,1.3056471108625756,0.67491501636322093,-0.01993324176867602,0.035352649907788719
253,0,0.002387445685747989,1.9406301961575623,-0.0045616546666731907,1.271035640903011,0.66959455525455136,-0.0016311915987222171,0.0040186372844702063
254,0,-0.0088947265951484882,2.0067949971562173,0.0022776532237066402,1.2919030063358805,0.71489199082033672,3.5654931037550524e-05,-0.0089303815261860386
255,0,-0.013933330841027085,2.0390164142584255,-0.016923650038513961,1.3409657451551256,0.69805066910330005,-0.016885445274882199,0.0029521144338551129
256,0,-0.0040559699095586051,2.0744366709580602,-0.012778326629828342,1.3581225630000056,0.71631410795805484,-0.02198107105890932,0.017925101149350715
257,0,-0.014186292430372149,2.1162720481595887,-0.0097364146805062578,1.3834041401057044,0.73286790805388413,-0.011407984164611432,-0.002778308265760717
258,0,-0.022740968293882426,2.0702423695990895,-0.0065156305352372179,1.3749511544861415,0.69529121511294789,-0.0031235269204288986,-0.019617441373453528
259,0,-0.04769599988293674,1.979891084903922,0.013187973041972461,1.3148234007240505,0.66506768417987139,-0.015462116232407425,-0.032233883650529316
260,0,-0.011652482190973746,1.9690411844134845,-0.026998372073227236,1.2678636898077791,0.70117749460570544,-0.027938166488220856,0.016285684297247111
261,0,0.037886759863056341,1.9792268424725727,-0.030781447035635481,1.2873788631464291,0.69184797932614361,-0.017230803429791341,0.055117563292847678
262,0,0.079204741663782621,2.0033034410575636,-0.084550928092630373,1.3154430452294319,0.68786039582813163,0.017170764106910392,0.062033977556872233
263,0,0.07768517741303671,1.9722638712776921,-0.020530743523951605,1.3677431070687174,0.60452076420897483,0.032426336694293026,0.045258840718743691
264,0,0.067154012854492032,2.0035139332925609,-0.00016135179537681406,1.3840008341025418,0.61951309919001918,0.044566376448322884,0.022587636406169148
265,0,0.045816629683472505,1.9546664335911248,0.0085105862126947426,1.3512049694206547,0.6034614641704702,0.027468316796076572,0.018348312887395933
266,0,0.058150151268293274,1.8988429431974305,-0.037126941774940164,1.3076672091888857,0.59117573400854495,0.0089600091293248266,0.049190142138968447
267,0,0.058035982422869004,1.8838073084364817,-0.065242052804373452,1.2699467725562237,0.61386053588025813,-0.0054665757613834975,0.063502558184252503
268,0,0.10999481468223488,1.9090155082483387,-0.092382855697628635,1.2846532730008855,0.62436223524745327,-0.0044813013523802066,0.11447611603461508
269,0,0.12168535342394265,1.9462100318843656,-0.078890295443361569,1.3421738217119465,0.60403621017241904,0.0073115562970005182,0.11437379712694214
270,0,0.063104985903142688,2.0330850406697212,0.0090881806297565485,1.4064948449653389,0.62659019570438224,0.03455738083630111,0.028547605066841574
271,0,-0.0026680017304081677,2.0043447017977827,0.021990712317610375,1.405393029497257,0.59895167230052582,0.036529057995473922,-0.03919705972588209
272,0,-0.11572227887688223,2.0807081325413463,0.069109261207048966,1.367355425141163,0.71335270740018308,-0.0035236202829322474,-0.11219865859394998
273,0,-0.12911226918496596,1.965695451338652,0.052471584595573523,1.3252792348817377,0.64041621645691416,-0.04852813307080809,-0.080584136114157878
274,0,-0.11576659995979291,1.9791124217630152,0.012848674870423332,1.3158454571638152,0.66326696459919998,-0.07551031925664177,-0.040256280703151133
275,0,-0.012638296187022342,2.0507762487682157,-0.0082494378002578445,1.3408550618186519,0.70992118694956363,-0.051105307692640295,0.038467011505617953
276,0,-0.0048331490518835132,2.0509226500741291,0.035341336164175848,1.3511913479898734,0.6997313020842556,-0.0025084555766189801,-0.0023246934752645327
277,0,-0.00046189460680565869,2.0618899829576529,0.047095524172989428,1.3652141568641414,0.69667582609351164,0.037588844336578955,-0.038050738943384614
278,0,-0.016419117170289106,2.1210134926335904,0.030992050361743621,1.3542963103259398,0.76671718230765085,0.028179887424676336,-0.044599004594965443
279,0,0.0072218771056237882,2.0514736503093234,0.019238055759751595,1.3393773269279867,0.71209632338133677,0.00017621448299516288,0.0070456626226286252
280,0,-0.0065305550759635518,2.0738299503486313,-0.005689596586380549,1.3249431319876057,0.74888681836102544,-0.0033421574118000265,-0.0031883976641635249
281,0,-0.083764383290220609,2.153941229380453,0.017679504070747188,1.3474059068508331,0.80653532252962012,-0.016947412550472208,-0.066816970739748405
282,0,-0.028019106402031702,2.0721918751255926,-0.016190571895653479,1.3647087423973725,0.70748313272821994,-0.016839355449100275,-0.011179750952931427
283,0,0.092502972278499657,2.0905013357707798,-0.070062973643516102,1.352297135864865,0.73820419990591502,-0.0039939946113100484,0.096496966889809702
284,0,0.053257385778715707,1.9989268398512161,-0.034834352164554966,1.3190896997974411,0.67983714005377505,0.021003277744204372,0.032254108034511335
285,0,0.10005737121495373,1.9847292486637582,-0.052241010464449046,1.297616145074171,0.6871131035895871,0.029402271135281759,0.070655100079671962
286,0,0.061927294642777797,1.9458483449288893,-0.037320724625216892,1.2885207013552895,0.65732764357359974,0.020766152663435147,0.041161141979342647
287,0,-0.0067592610034847341,1.850163190940628,-0.022902095694894133,1.263715466499175,0.5864477244414531,-0.0017692710179217301,-0.0049899899855630038
288,0,-0.029068351698036409,1.8752327297495968,0.002363381014822712,1.2485538510717935,0.62667887867780336,-0.035360885144233668,0.00629253344619726
289,0,-0.045059387741057152,1.9238256535258449,-0.012818636482803226,1.2688786872957885,0.65494696623005644,-0.039340607284417121,-0.0057187804566400319
290,0,-0.033682786743367818,1.9079818178061534,0.014221659539410333,1.2999076165593595,0.6080742012467939,-0.026732970851840235,-0.0069498158915275851
291,0,-0.040451536166460605,1.9918084309769333,0.01242770115214099,1.3277879977539044,0.66402043322302884,-0.0066681147679285386,-0.033783421398532069
292,0,-0.089188594504249999,1.9990139577143764,0.058810114579144923,1.364013079315149,0.63500087839922748,-0.0027393665367424339,-0.086449227967507564
293,0,-0.094692479154824247,1.96164622588056,0.051971970527362077,1.3404649876362631,0.62118123824429683,-0.019083997845685579,-0.075608481309138664
294,0,-0.14302042275239268,1.922506474097192,0.084503921201287649,1.3113486640007701,0.61115781009642178,-0.033390817843268847,-0.10962960490912385
295,0,-0.092337742449383337,1.8884081272326623,0.045066357996498656,1.2860636574156765,0.60234446981698586,-0.034808934497287558,-0.057528807952095785
296,0,-0.032665172868510145,1.8502554357299048,0.0473415811488372,1.2810507150135249,0.56920472071638006,-0.017277143624428625,-0.015388029244081516
297,0,-0.053800579544542454,1.929588367410159,0.05532578242186393,1.2961589699149987,0.63342939749516036,0.010830154026878033,-0.06463073357142049
298,0,-0.042269438040567861,1.9251132542071168,0.081049376479746568,1.3187620298297491,0.60635122437736755,0.014607428187093588,-0.05687686622766145
299,0,-0.06377863493294729,1.9259086732705617,0.021692614083533963,1.3389840572974476,0.58692461597311396,0.0018899774403573976,-0.065668612373304694
300,0,-0.10916019832171139,1.9179880559013833,0.055467297035062854,1.3132901734686713,0.60469788243271216,-0.021683352861292065,-0.087476845460419325
301,0,-0.083078630588424934,1.90450180003144,0.038268187794515268,1.2816528186683813,0.62284898136305877,-0.029416579732181571,-0.053662050856243371
302,0,-0.063804235186001507,1.9560930310034768,0.0097632156640132858,1.2778349081877689,0.67825812281570796,-0.017255879986497219,-0.046548355199504295
303,0,-0.028205926878495258,1.9822569297161374,0.045064030964641198,1.3248122556338446,0.65744467408229268,0.017025577915096925,-0.045231504793592184
304,0,0.023769784550474633,1.9803011240466719,0.031718916996107099,1.3779281780415391,0.6023729460051328,0.050593520934403946,-0.026823736383929313
305,0,0.043046852961837384,2.0324318445261986,-0.020491567421231791,1.4084658886019374,0.6239659559242613,0.049983951401476594,-0.006937098439639207
306,0,0.023855589074201312,1.9549755383416849,-0.016758362710608939,1.4080449806004545,0.54693055774123045,0.029296052675661689,-0.0054404636014603776
307,0,-0.0056741173730976927,1.9022893114355126,-0.013586775766157765,1.3423154128488928,0.55997389858661994,0.0097259575379295936,-0.015400074911027286
308,0,0.060563298512498365,1.9353278452432958,-0.043045977294895142,1.2844249220943871,0.65090292314890874,0.0023291091777666618,0.058234189334731706
309,0,0.080607932935966645,1.9746324564538131,-0.064896709737966921,1.2843628504279454,0.69026960602586773,0.01118653621895469,0.06942139671701196
310,0,0.064746541074078456,2.0794062294826885,-0.029704426829636813,1.3647695832526521,0.7146366462300362,0.02154571716202177,0.043200823912056679
311,0,0.092022395907098806,2.0449492707502572,-0.050489131033150683,1.4470351757600988,0.59791409499015835,0.034752754045285043,0.057269641861813762
312,0,0.12468990309987306,2.1024841370762717,-0.069700477254030335,1.4446649871039168,0.65781914997235469,0.026163009144714134,0.098526893955158928
313,0,0.052578732282558563,1.9995010368166692,-0.06859737278947603,1.3852455507429724,0.61425548607369684,0.0074871698745863687,0.045091562407972192
314,0,0.0079764385170495514,1.9492824373523483,-0.049709770642449275,1.3134323940672139,0.63585004328513439,-0.0069102721261668195,0.01488671064321637
315,0,-0.015568592038821404,1.9026540670891654,0.0011431070989544934,1.2942637211731385,0.60839034591602703,-0.026471886134973224,0.01090329409615182
316,0,0.063601045105947773,1.9067964186649244,-0.018343670080104003,1.2759697954689835,0.63082662319594085,-0.027642203000376363,0.091243248106324129
317,0,0.043720265340673893,1.9579819836336743,-0.0094857182482591725,1.2895246810580443,0.66845730257562996,0.0068522734760112485,0.036867991864662643
318,0,-0.029924148850201952,1.9868884804439868,0.014544116383043757,1.3325979311553702,0.65429054928861674,0.022571160081804934,-0.052495308932006886
319,0,-0.060521821769018512,1.9794292007603973,0.020930594737243114,1.3446248997772867,0.63480430098311047,-8.8521094185699768e-05,-0.06043330067483281
320,0,-0.090688593246105328,2.0606298962444689,0.040377753101836271,1.354977189639023,0.70565270660544599,-0.033953417518639221,-0.056735175727466107
321,0,-0.14932679384657346,2.0710525106475819,0.073399090549471926,1.3853493748170229,0.68570313583055886,-0.052893524116241909,-0.096433269730331547
322,0,-0.10354234972292368,1.9928092572519978,0.040219981714308461,1.390288247692639,0.60252100955935872,-0.047318612708826639,-0.056223737014097046
323,0,-0.0096490025623726192,1.9734349837772225,-0.010606443938989664,1.3460122529939609,0.62742273078326172,-0.017333068952170932,0.0076840663897983132
324,0,-0.014848548340085484,1.8640843741663347,0.015719363898851403,1.2795489780282943,0.5845353961380404,0.023538449662792116,-0.0383869980028776
325,0,0.013914934041411822,1.8889190077655167,-0.0088329823919305033,1.24559704690933,0.64332196085618665,0.047399267246756041,-0.033484333205344219
326,0,0.008839560901260415,1.9838983331851634,-0.01877242484672053,1.275499661242264,0.7083986719428994,0.023497212677386661,-0.014657651776126246
327,0,0.0095074858388829071,2.0967095218907454,-0.022546886669952439,1.35930795985994,0.7374015620308052,-0.00058363199420019877,0.010091117833083106
328,0,0.02987097675930853,2.1145784052817844,-0.01555574784524235,1.4431764542031218,0.67140195107866263,-0.019515074886860013,0.049386051646168543
329,0,0.019279219344697941,1.9740787071013197,0.0031959270042646402,1.4281873616927587,0.54589134540856099,-0.014689535742269142,0.033968755086967083
330,0,0.0081959653468012747,1.912929105126012,-0.00035695248028123276,1.3096905134784542,0.60323859164755778,0.0073693347034434744,0.00082663064335780113
331,0,-0.04978203786102766,1.8729772629124963,0.037574891342591746,1.2074555335458872,0.66552172936660914,0.0087886115163355594,-0.058570649377363219
332,0,-0.067816250730791672,1.868511442726164,0.040875442378967466,1.2052297415710798,0.66328170115508411,-0.015195725693596689,-0.052620525037194985
333,0,-0.058199749021054258,1.9908382887431046,0.043538377683880143,1.2793688724415193,0.71146941630158544,-0.036726657455750572,-0.021473091565303686
334,0,0.011278467904294199,2.0307120651467945,-0.0079466903186959561,1.3995276409950552,0.63118442415173936,-0.018240553612433385,0.029519021516727584
335,0,0.066711297397963581,2.1233239364133443,-0.031021958002983678,1.4462832101976084,0.67704072621573574,0.0094944185312952553,0.057216878866668319
336,0,0.078568561123398911,2.0485051789265523,-0.015760822588342195,1.4155826863677641,0.6329224925587883,0.026776058407857118,0.05179250271554179
337,0,0.11174501175679907,1.9645690022879836,-0.040338854341046455,1.3381894938580223,0.62637950842996115,0.025636104747455979,0.086108907009343094
338,0,0.054687463156282867,1.9784080960525037,-0.059610533241133287,1.2820447733935829,0.69636332265892076,0.0079176775258267308,0.046769785630456133
339,0,-0.0016584788639670139,1.955790641518159,-0.033177415579613456,1.2915627960743197,0.66422784544383917,-0.025903224252790603,0.024244745388823589
340,0,-0.14189395111940062,2.2063221577707535,0.016524364108951802,1.3648798413668193,0.84144231640393419,-0.050346001479905096,-0.091547949639495516
341,0,-0.045504452653121953,2.1653166123419725,-0.031685490509549954,1.4689668616883036,0.69634975065366911,-0.068047039461974768,0.022542586808852814
342,0,0.015979858397622896,2.1025447820641299,-0.022171601010304506,1.4641114342870045,0.63843334777712513,-0.020255367116705811,0.036235225514328707
343,0,-0.0095745091312985087,1.9752973623986056,0.029350365544803927,1.3615117801183076,0.61378558228029811,0.033535882109106442,-0.043110391240404951
344,0,-0.0065106262148928867,1.899060088196717,0.02582891694570718,1.2733836919165609,0.62567639628015626,0.059518549719810909,-0.066029175934703796
345,0,0.018937175516010662,1.9765538528220619,0.027689143692809729,1.2671099095037224,0.7094439433183396,0.031101935602048641,-0.012164760086037979
346,0,-0.045784192750308907,2.0769475125342125,0.012813858813393812,1.3380871151955021,0.73886039733871056,-0.0088885012661687884,-0.036895691484140118
347,0,-0.074129713245926612,2.1201415085443269,0.025627885800421028,1.4279373212673141,0.69220418727701261,-0.03650732587713678,-0.037622387368789832
348,0,-0.075422399626080827,2.112165652713371,0.0069442811685981034,1.4561974550361778,0.65596819767719317,-0.033424078778084662,-0.041998320847996158
349,0,-0.035789479727831516,2.1115197133377741,0.023421166397259687,1.3925727018795242,0.7189470114582498,-0.012630860067376043,-0.02315861966045547
350,0,0.0019964702913399246,1.9981125240670874,0.01806845149727003,1.3249241783045573,0.67318834576253017,0.023289413371430354,-0.021292943080090429
351,0,0.062693043338373458,1.9646565017759112,-0.0011581454497266044,1.2450669418496734,0.71958955992623774,0.044228756407612368,0.018464286930761093
352,0,0.12081667424157247,1.9006026268228005,-0.059243728952781724,1.2154531275520841,0.68514949927071644,0.048794555398139754,0.072022118843432723
353,0,0.060717088897298474,1.9408607478544686,-0.036286239062928202,1.2665568339456632,0.6743039139088054,0.033162569958132819,0.027554518939165655
354,0,-0.0080088829451114476,1.9523509936074295,0.0021472034070880012,1.3347391655360161,0.61761182807141335,-0.0092273176634645026,0.0012184347183530557
355,0,0.0038712401406155172,1.9990733195635437,-0.020762030127650228,1.3725789804343829,0.62649433912916086,-0.035670910819630787,0.039542150960246304
356,0,-0.019713176689625907,1.9316113361394418,-0.021652785200272983,1.3619415053929407,0.56966983074650102,-0.029924179638926456,0.010211002949300548
357,0,-0.028760359501320318,1.9125398552603019,-0.017139380955766035,1.3102431462956583,0.60229670896464349,-0.011052634703140534,-0.017707724798179784
358,0,-0.021941492884969653,1.8459573649432932,-0.01569812540847491,1.2654266776276977,0.58053068731559543,-0.0040402620299057569,-0.017901230855063895
359,0,0.013398734744666782,1.968372370076402,0.0051012971585573568,1.2853467453552485,0.68302562472115347,-0.0047435833353537968,0.018142318080020578
360,0,0.026478262637613641,2.0138201824789741,0.0063707138468619843,1.33048493206318,0.6833352504157939,-0.00059683098190459378,0.027075093619518237
361,0,-0.022796096280692093,2.0949041524820897,0.023470283046148,1.3736408105052562,0.72126334197683339,0.001931229733728824,-0.024727326014420917
362,0,0.0055922435994883429,2.0710701483877449,-0.011242018653155536,1.404278647889176,0.66679150049856906,-0.012075101974965757,0.0176673455744541
363,0,0.036572658250000965,2.0742626535278212,-0.046296622697925123,1.3952551637205868,0.67900748980723469,-0.020955842926112085,0.05752850117611305
364,0,0.055814000154857296,1.9729133100693566,-0.045398568976339169,1.3430703863447488,0.62984292372460771,-0.018173704248374733,0.073987704403232032
365,0,0.011185856004495499,1.8692844457663231,-0.0068991684968346123,1.2667505400996049,0.60253390566671827,0.012941606269388659,-0.0017557502648931601
366,0,-0.0036407596490076605,1.8897428334932447,-0.0070292136616525881,1.2339647615848648,0.65577807190837978,0.028131490339073077,-0.031772249988080738
367,0,-0.040876269281475898,1.9347320005875743,0.010190715281159919,1.2824729640666361,0.65225903652093808,0.0032027585100678773,-0.044079027791543775
368,0,-0.067928642664039862,1.9951293704260915,0.0031531352788228897,1.3624147450688116,0.63271462535727996,-0.028270553540588349,-0.039658089123451506
369,0,-0.12502899109023913,2.1123017543499172,0.073960099021775014,1.4486297967866459,0.66367195756327102,-0.041936255007986249,-0.083092736082252872
370,0,-0.052190774165263826,2.039973749721959,0.015052273276900006,1.4599855811176419,0.5799881686043169,-0.0295049339162014,-0.022685840249062426
371,0,0.024787085921859454,1.9595107001450811,0.012032718891362204,1.3815161815257788,0.57799451861930229,-0.0044621467398569146,0.029249232661716369
372,0,0.0036270741335692018,1.8968625485339805,0.035804526724164336,1.2666634242602173,0.63019912427376323,0.020646082762342664,-0.017019008628773463
373,0,0.0073608671937523337,1.8319118586564127,0.013522395047273627,1.2103817341811591,0.62153012447525358,0.025555393275204053,-0.018194526081451719
374,0,0.012660459853526655,1.8478617180698444,0.012537356317459739,1.2426395683058362,0.60522214976400834,0.010005632479538076,0.0026548273739885777
375,0,-0.019378600337687568,1.9589184890964666,-0.0023242905598218951,1.3075751173936734,0.65134337170279333,-0.0071525736517251189,-0.012226026685962448
376,0,0.03333521941994564,2.0494705921742611,-0.012221885241084982,1.3904204621694334,0.65905013000482748,-0.012694038078328725,0.046029257498274363
377,0,0.012461752156847999,2.0346571459803764,0.014292934208714058,1.4139662564150441,0.62069088956533203,0.0027355637625645656,0.0097261883942834342
378,0,0.048673988722950576,1.9901422112686804,-0.016434720116280353,1.3597793832415703,0.63036282802711019,0.020002027755917046,0.028671960967033529
379,0,0.034289771730853222,1.8858428450797231,0.022090211514818405,1.275392750476291,0.61045009460343214,0.014425069951557106,0.019864701779296119
380,0,0.020416132887847604,1.8564975224430431,-0.010824216770637314,1.2316403945626297,0.62485712788041325,0.0051590932785408414,0.015257039609306761
381,0,0.059575223033103718,1.9286414678764681,-0.051917186881342711,1.2366791506095784,0.69196231726688961,0.0017106988060748085,0.05786452422702891
382,0,0.026488789592721829,2.0969639321458997,-0.0080738173104613637,1.3231847810824828,0.77377915106341666,-0.002586066024939492,0.029074855617661322
383,0,0.03896143196420257,2.111149281492128,-0.031403412475047167,1.404428389665451,0.70672089182667686,-0.0024253291350385332,0.041386761099241103
384,0,0.026296231527467601,2.0993672454047987,-0.0087398245031036822,1.4302533567221287,0.66911388868267008,0.0054610970811223829,0.020835134446345216
385,0,0.050288627129949803,1.9649608380706809,0.0082575576842601611,1.3657577353577668,0.5992031027129141,0.025495891452546101,0.024792735677403702
386,0,0.049240387441683985,1.9390703262497857,-0.022533156843898474,1.2645244937864069,0.67454583246337885,0.041866437241960625,0.0073739501997233592
387,0,-0.006573502453705922,1.8619188465617698,-0.0042383871910897661,1.1944717553791637,0.66744709118260592,0.02425301075304185,-0.030826513206747772
388,0,0.004633267403305474,1.8716941691982369,-0.00026984007777907141,1.2012214353651194,0.67047273383311756,0.0034378095793439391,0.0011954578239615344
389,0,-0.023710536675550051,1.9248605591188035,0.0097794559691475134,1.2828787719958095,0.64198178712299392,-0.014225417871020917,-0.009485118804529135
390,0,-0.034160919610606084,1.9665674629219172,0.033242297732730061,1.3486563202165807,0.61791114270533642,-0.017775463494443353,-0.016385456116162732
391,0,-0.057775293448159348,2.0372124910505782,0.027015779937322001,1.3698369952176961,0.66737549583288236,-0.017711021686735998,-0.040064271761423353
392,0,-0.053492698466453679,1.9303906274930687,0.043047616196059992,1.3195734110130464,0.61081721648002241,-0.0089312406810776197,-0.044561457785376062
393,0,-0.036309768596811662,1.8553467009270723,0.020635022166107356,1.2460064847632881,0.6093402161637842,0.0037721664410118507,-0.040081935037823514
394,0,-0.10254702197624176,1.8679871825278829,0.04273924396641314,1.2012380752537395,0.66674910727414349,-0.013116967714160589,-0.089430054262081171
395,0,-0.082676137229919067,1.9403868293227919,0.028736314945271679,1.2243866668069294,0.71600016251586263,-0.035346529235265774,-0.0473296079946533
396,0,-0.11388134922714506,2.0061929392160343,0.05559681387175517,1.325824767911143,0.68036817130489124,-0.032081572844522566,-0.081799776382622494
397,0,-0.091905362368187013,2.0811610139311676,0.007538798822194913,1.4323423797613519,0.64881863416981578,-0.027015447563856095,-0.064889914804330914
398,0,-0.024703331526215819,1.9880536984601092,-0.013718582579179512,1.4365088578515051,0.5515448406086042,-0.014571754044739196,-0.010131577481476623
399,0,-0.039673574705381902,1.846527423219309,0.012977728614136878,1.3466116544872537,0.49991576873205529,0.0035341670683364948,-0.043207741773718396
400,0,0.012430874688028309,1.8351554881863588,0.011358749758820886,1.2541723932303517,0.5809830949560072,0.004872371190439798,0.0075585034975885106
401,0,0.087970271546743251,1.8824977716800269,-0.018423613171482799,1.2318491783056695,0.65064859337435743,0.015147014450217933,0.072823257096525318
402,0,0.041612721945885861,2.0192042899969822,-0.013103616121961256,1.314124961388756,0.70507932860822631,0.025164857571221267,0.016447864374664597
403,0,0.13750397432754596,2.0618055976343643,-0.075976679934742081,1.3938592356111339,0.66794636202323032,0.02170430085552141,0.11579967347202456
404,0,0.083417140906652629,1.964879020392917,-0.058918352598652884,1.3938252917666405,0.57105372862627657,0.024769923863862672,0.058647217042789954
405,0,0.085728136700759433,1.9470248042060363,-0.054581313780585033,1.3311670909159397,0.61585771329009675,0.017117308197307897,0.068610828503451529
406,0,0.088007967321138192,1.9047687986204294,-0.064690956152118465,1.2917536649067318,0.61301513371369754,0.0028678739598543635,0.085140093361283822
407,0,0.040591813141827714,1.9048624962020608,-0.039266724529255254,1.2812281897443005,0.62363430645776041,-0.0066537524940297266,0.047245565635857439
408,0,0.048151508238740363,1.9558556250575543,-0.052186684550201076,1.2879051468041545,0.66795047825339982,-0.014344895849151154,0.062496404087891519
409,0,0.034468266044945545,1.9579955746977877,-0.025127558506830867,1.3262988448468458,0.63169672985094194,-0.0062379318573097774,0.040706197902255326
410,0,-0.036144024634278557,2.0077273978075865,0.025708386035853393,1.362908357904032,0.64481903990355449,-0.011050144464334289,-0.025093880169944266
411,0,-0.017899965389131779,2.004209688633122,-0.0070852013730114656,1.3801799108656858,0.62402977776743607,-0.011252381158042384,-0.0066475842310893957
412,0,-0.035428379162246844,2.0590246624228721,0.016193062293326139,1.358821768867726,0.7002028935551462,-0.014990530674414755,-0.020437848487832089
413,0,-0.066449735469153365,2.0331513514584287,0.049286769809106783,1.3305376687125336,0.70261368274589509,-0.021534317057901296,-0.044915418411252073
414,0,-0.062226827639455001,1.9773134166607176,0.043533645351747474,1.3181006207468633,0.6592127959138544,-0.016120591895025547,-0.046106235744429458
415,0,-0.054935324378978023,2.0138695585259194,-0.0014524261041137523,1.2976483868658284,0.71622117166009081,-0.02499077940175011,-0.029944544977227913
416,0,-0.06651457767317509,2.0012166326219791,0.017450138252561035,1.3139043979456786,0.68731223467630043,-0.026864315387207256,-0.039650262285967838
417,0,-0.014167250518442216,2.068354188079498,0.01593948766780192,1.3737412990563065,0.69461288902319129,-0.017412316121358556,0.0032450656029163411
418,0,0.0024157307988444104,2.1229410858272248,0.025253101223478968,1.4080707629195361,0.71487032290768882,0.01244690289507625,-0.01003117209623184
419,0,-0.05793959379518196,2.0733732580261508,0.039970833899182968,1.4032676816108738,0.67010557641527679,0.031889200485248709,-0.089828794280430668
420,0,-0.030865205763930946,2.0624883966480776,0.021272996947096532,1.361371795148292,0.7011166014997855,0.012784139792971709,-0.043649345556902655
421,0,-0.034274483834220347,1.9282077169809595,0.037926221154580442,1.3093015290931105,0.6189061878878489,-0.022367202953593034,-0.011907280880627312
422,0,-0.014790588498824746,2.024400169259208,0.038523114410559778,1.2971505928340719,0.72724957642513599,-0.025345187565002179,0.010554599066177433
423,0,0.0068325751888830555,2.033761166521896,0.00870472976404826,1.3548513832052438,0.6789097833166523,-0.0019234725473213673,0.0087560477362044233
424,0,0.021157562993594406,2.0281285001683163,0.0047907243708546722,1.4137950533106605,0.61433344685765567,0.027758805293495347,-0.0066012422999009428
425,0,-0.0066269935051065099,2.0077632901665012,0.050415246432946322,1.376602491483141,0.63116079868336006,0.042919039383873904,-0.049546032888980414
426,0,-0.018932714146209458,1.8711865603696032,0.038866505782842758,1.2825318944836344,0.58865466588596882,0.042179072614039609,-0.061111786760249066
427,0,-0.052019652819529118,1.8239412351758182,0.030836517764998777,1.2076823254187288,0.61625890975708941,0.020275725844969249,-0.072295378664498366
428,0,-0.059735731986371908,1.8792037933006944,0.039445777004177375,1.2278114222212129,0.65139237107948145,-0.0091398970796802651,-0.050595834906691645
429,0,-0.050094265438128477,1.9546150901755697,0.024162385236294458,1.3166072207504211,0.63800786942514853,-0.013019766717090129,-0.037074498721038344
430,0,-0.029314469800697841,2.0240649933686852,0.01716079245932086,1.3596451115708701,0.66441988179781519,0.0036045830211675583,-0.032919052821865399
431,0,0.0036095540220051209,2.0102503391504816,0.013955444879548673,1.3641069185567483,0.64614342059373342,0.037566913564228865,-0.033957359542223745
432,0,-0.0072888209466544784,1.949559868719009,0.0034463073298777154,1.3392017571627601,0.61035811155624875,0.042697347997573742,-0.049986168944228221
433,0,0.014110697477161028,1.8728697856068002,0.0056578105386890631,1.2831216050204188,0.58974818058638145,0.031992567707883786,-0.017881870230722758
434,0,0.043791842092017752,1.8294418086306754,-0.046650177692061229,1.2535247586000327,0.57591705003064286,0.015890608761588099,0.027901233330429653
435,0,0.059112403466166155,1.8090950499703031,-0.027317081248876017,1.2305301392308525,0.57856491073945071,0.0099419148522756906,0.049170488613890465
436,0,0.10042659980767901,1.9326920381860262,-0.040376742451891726,1.2650573971183707,0.66763464106765558,0.038829502682611761,0.061597097125067245
437,0,0.086817926365392484,2.0027430748572606,-0.055943077839663125,1.3251339156225301,0.67760915923473031,0.049460028978749924,0.037357897386642552
438,0,0.080999376026388875,2.0383666178617985,-0.024907239061002201,1.3897261497394118,0.64864046812238685,0.039154654502898643,0.041844721523490239
439,0,0.1025566093823474,1.9964824345922976,-0.056222313960299232,1.4077844885208446,0.58869794607145309,0.031999802862163147,0.070556806520184256
440,0,0.049836006361545608,1.9407839002862377,-0.060026991067235143,1.3368842830085323,0.60389961727770525,-0.0040426348588360533,0.053878641220381662
441,0,0.073071793195173748,1.8242375873812837,-0.033106229333485893,1.2612805341000184,0.56295705328126544,-0.011521756926293017,0.084593550121466771
442,0,0.077901012397268321,1.923292874448717,-0.030768710294817727,1.2367092557129082,0.68658361873580886,0.0038287458014337654,0.07407226659583456
443,0,0.070675980827618723,1.9789177567612284,-0.040560335108574319,1.2980655293125007,0.68085222744872764,0.0079289297937741414,0.062747051033844578
444,0,0.050894390458342452,2.1249355940160752,-0.03874157208488669,1.3864860411751374,0.73844955284093783,-0.0062795218311264903,0.057173912289468942
445,0,0.0058522067470701059,2.106141908762627,-0.084616576330155735,1.4203937832165323,0.68574812554609477,-0.033097420122482304,0.03894962686955241
446,0,-0.021497284094238928,2.0297136304457508,-0.02311327074007747,1.3541594255294296,0.67555420491632134,-0.054824089178413672,0.033326805084174745
447,0,-0.018998501373308642,1.8733839814397948,0.0015317873701079291,1.2660064010018806,0.60737758043791434,-0.028968310084857837,0.0099698087115491964
448,0,0.013038688539391042,1.8271417061548738,-0.010905227827274367,1.2234801824278034,0.60366152372707038,-0.0058996070400908728,0.018938295579481915
449,0,0.028917533444181402,1.9252255636767082,-0.023542833312560952,1.2559747375490733,0.66925082612763476,-0.0035713646577452181,0.032488898101926622
450,0,0.0032990322874019047,2.0709266685421954,-0.029605127189984658,1.3604635011529871,0.71046316738920823,-0.021589673420550442,0.024888705707952347
451,0,-0.0031612681492524733,2.0745629389713258,-0.048244430289091499,1.4220760957108094,0.65248684326051631,-0.052282701791875094,0.049121433642622621
452,0,0.010414138871212467,2.0510518778149738,-0.019920253520618807,1.4337538681705309,0.61729800964444281,-0.054315652923475691,0.064729791794688157
453,0,-0.017850518178843283,1.9114648720966652,0.0071036346686608586,1.3507613045913012,0.56070356750536399,-0.031856526243055891,0.01400600806421261
454,0,-0.031014120876434667,1.8794449477248907,0.014145544811459751,1.2135601646276006,0.66588478309729005,-0.005283164897519942,-0.025730955978914723
455,0,-0.050243254570076792,1.9107400943539146,0.036243369754303867,1.1841649887474575,0.72657510560645711,-7.3418237712554943e-05,-0.050169836332364236
456,0,-0.012176061865175673,2.0222163527874715,-0.016256557327803713,1.2899748305425331,0.73224152224493844,-0.016283856002480963,0.0041077941373052901
457,0,-0.072667262772006747,2.0922198303351403,-0.0056636771193814385,1.4243651906359101,0.66785463969923042,-0.049993997448124418,-0.022673265323882329
458,0,-0.087726847024221358,2.0772185110308889,0.025390673606957556,1.4647604977717936,0.6124580132590951,-0.062377193964778511,-0.025349653059442846
459,0,-0.11738804444801113,2.1083571909289116,0.052681752159085944,1.397804200543028,0.7105529903858836,-0.055234614329303156,-0.062153430118707963
460,0,-0.11478414296640897,2.0237403419935762,0.070736240981145157,1.3063382904588263,0.71740205153475001,-0.027612353868018372,-0.087171789098390601
461,0,-0.031177912443266651,1.9415043386246293,0.014183633102529802,1.2603078910527878,0.68119644757184161,-0.017141761316645666,-0.014036151126620985
462,0,0.029850608328775376,1.9661558592949686,-0.0007111359416963472,1.2791467411352477,0.68700911815972099,-0.0042072006024909949,0.034057808931266371
463,0,0.028119277526994932,2.0253700033525992,0.031697950738884817,1.3542387997915593,0.67113120356103995,0.011177865753465336,0.016941411773529595
464,0,0.038007175020516579,2.0434265831512795,0.02064490661406124,1.3945754118137192,0.64885117133756021,0.014833197464421948,0.023173977556094627
465,0,-0.02535803980483322,2.1317655588105464,0.030376583036736775,1.3965360844748116,0.73522947433573482,-0.0028130641304312757,-0.022544975674401942
466,0,-0.082208934908607784,1.9858673276530487,0.039207714872916938,1.3667884543806461,0.61907887327240263,-0.030370075067663375,-0.051838859840944405
467,0,-0.069270565882593005,1.9075397725880201,0.022009109757717728,1.274039610373457,0.63350016221456296,-0.041336725859483621,-0.027933840023109391
468,0,-0.033457340475289615,1.9121565041769824,0.00028680735539783424,1.2264633305935484,0.68569317358343385,-0.023564433535095949,-0.0098929069401936676
469,0,0.0044208349660479788,1.8525744552234547,0.015297325368217124,1.2380718648602038,0.61450259036325094,0.010528733796617049,-0.0061078988305690697
470,0,0.053585692217748553,1.9321982872309278,0.023183520427115051,1.2941602383922521,0.63803804883867565,0.04187158827184663,0.011714103945901921
471,0,0.054134775737574255,1.9925089982441255,-0.0015513678488103589,1.3516038053550496,0.64090519288907577,0.050348525482770419,0.003786250254803834
472,0,0.0014522100799297666,2.1187487987632716,0.02360220415144676,1.4144413174954911,0.70430748126778053,0.021394753003855946,-0.019942542923926179
473,0,-0.0233950344894737,2.0486264039455624,-0.012265809258234858,1.4189149534370571,0.62971145050850541,-0.023223555827060084,-0.00017147866241361615
474,0,0.0056306301532714417,1.966389881479494,-0.032889109499706033,1.3379166711294219,0.62847321035007209,-0.040228391646518959,0.0458590217997904
475,0,-0.025165213681132254,1.8627117217185329,-0.0043921505271419291,1.232541922355114,0.63016979936341888,-0.025926111632854801,0.00076089795172254785
476,0,0.0018451235101381684,1.9399607330664872,-0.018703841986376538,1.2430496577311712,0.69691107533531615,-0.012954050414442968,0.014799173924581136
477,0,-0.039240106733902186,2.0259873948345151,0.048601784651082176,1.3626956682737752,0.66329172656074009,-0.0013032035488469186,-0.037936903185055264
478,0,0.0048797044047897576,2.0769883563771891,0.01098219028852577,1.4554289854828131,0.62155937089437596,0.0061713351199722145,-0.0012916307151824571
479,0,-0.0062125901620483336,2.0373090561367273,-0.002688483073882838,1.4545955412177043,0.58271351491902312,0.00019756454996980706,-0.006410154712018141
480,0,-0.012632395794920169,1.9536721059626176,-0.014184152514261368,1.3467450824220957,0.60692702354052197,-0.02134392943182398,0.0087115336369038114
481,0,-0.017899325348259418,1.9288101881939941,0.0077564701470059678,1.2456403428192908,0.68316984537470316,-0.025657136830240613,0.0077578114819811944
482,0,-0.048302188099320936,1.93086840127101,0.0046994314139706872,1.2205244359686995,0.71034396530231048,-0.031053949326775687,-0.017248238772545249
483,0,0.0079748779058277722,2.0405376831020701,-0.023636876019325154,1.276531614444127,0.76400606865794318,-0.028068776616007811,0.036043654521835583
484,0,-0.041476607919613689,2.0976628470032841,-0.0015954180545696202,1.3745784647255785,0.72308438227770533,-0.0036659870805320939,-0.037810620839081599
485,0,-0.017733537810425023,2.0671432361235045,-0.015174606944302393,1.425387664137385,0.64175557198611966,-0.0018789847218570624,-0.015854553088567959
486,0,-0.036553742241601836,2.0257009874458074,-0.0071215320598847255,1.3717046140403153,0.65399637340549199,-0.018133153274614615,-0.018420588966987225
487,0,-0.020320882355125573,1.8652416121035358,0.0040020183989255328,1.268056976436281,0.59718463566725477,-0.020231848763261385,-8.9033591864188179e-05
488,0,-0.028397896611304988,1.9403200366512365,-0.0013292785954560633,1.2294614560146435,0.71085858063659302,-0.0010009936747353563,-0.027396902936569632
489,0,0.0086590271603332047,1.969167817488173,0.025677248570406753,1.2611835952218489,0.70798422226632418,0.014402350767227805,-0.0057433236068945995
490,0,0.024168390536285458,2.0896872325057481,-0.0019001449111276979,1.3628302811045581,0.72685695140119011,0.023846584145427532,0.00032180639085792676
491,0,-0.038299278736198025,2.0527043943808536,-0.0034037605230783706,1.4190717384621248,0.63363265591872875,0.0091353644775360194,-0.047434643213734043
492,0,-0.029011144026089185,1.9796150942604809,-0.0044615688359742993,1.3930608251342298,0.58655426912625108,-0.038673501670047059,0.009662357643957873
493,0,0.012047311641510162,1.9529537254434044,-0.035402249813533682,1.314717600993349,0.63823612445005529,-0.045261511705521909,0.057308823347032072
494,0,0.033885647052587217,1.8300053316516731,-0.030632601733985288,1.2312521558070932,0.59875317584457988,-0.00680144402118731,0.04068709107377453
495,0,0.041233283361300721,1.9164075660002453,-0.0061286622592096277,1.2423849017180841,0.67402266428216107,0.035258181784132224,0.0059751015771684953
496,0,0.027274317347885449,1.9479190889454143,0.0058093194535062702,1.2979645653607363,0.64995452358467809,0.045408482065257535,-0.018134164717372087
497,0,-0.012912624874371911,2.0069425409817261,0.011597340191839703,1.3690930394867933,0.6378495014949328,0.013691256941736193,-0.026603881816108104
498,0,-0.080014722208118338,1.9635433280493797,0.029246683347265681,1.3708463927391561,0.59269693531022349,-0.04411765046671174,-0.035897071741406592
499,0,-0.13606232929500708,1.9491233683973594,0.037371540805906454,1.3336348366934749,0.61548853170388451,-0.082862039866636233,-0.053200289428370857
500,0,-0.11058552707924192,1.9623897505287191,0.018515929450125746,1.3031358742079675,0.65925387632075161,-0.071680988836177337,-0.038904538243064585
501,0,-0.074767107207364847,2.0578896726395444,0.061602508607010532,1.333467073473309,0.72442259916623553,-0.018091242114577501,-0.056675865092787346
502,0,-0.034727120515499976,2.1057871183927919,0.04299374646565278,1.3931090676045392,0.71267805078825275,0.016785357090882864,-0.051512477606382841
503,0,-0.036244295932404816,2.1209319303024641,0.034048393375929797,1.4219961089023905,0.69893582140007382,0.015092005751750166,-0.051336301684154984
504,0,-0.053545499212885442,2.0894712818029921,0.029054631427631972,1.4059032559439804,0.68356802585901189,-0.0043469262410374583,-0.04919857297184798
505,0,-0.064169148205646259,2.0447280260174292,0.026155633931644971,1.3660902359658349,0.6786377900515943,-0.020895346491287443,-0.043273801714358823
506,0,-0.055324769151763611,2.0272042352878681,0.024481902765134657,1.3426818037504775,0.68452243153739056,-0.019206579246859978,-0.036118189904903633
507,0,-0.037312788145025338,2.0396083242830838,0.023432384651995944,1.3488802825680253,0.69072804171505864,-0.0045649787236256394,-0.032747809421399696
508,0,-0.026589943069268075,2.0574213400047183,0.022641940078523732,1.3670688758790781,0.69035246412564044,0.0075424726814713513,-0.034132415750739428
509,0,-0.02786890394542943,2.062746460644771,0.021974435991002784,1.3770076891172989,0.68573877152747198,0.0087612594585060183,-0.036630163403935448
510,0,-0.034495373835811916,2.0573905119769722,0.021427102099686408,1.3751917518141934,0.68219876016277881,0.0029076167312606974,-0.037402990567072615
511,0,-0.038328918475689644,2.0504358975081098,0.021020206228619515,1.3692163802296644,0.68121951727844521,-0.0022035269911797406,-0.036125391484509904
512,0,-0.036504515740176706,2.044134138220421,0.020740586819042558,1.3633951331128957,0.68073900510752527,-0.0021883938851741001,-0.034316121855002608
513,0,-0.031949517986772369,2.040511155586521,0.020543374508504041,1.3594472116877985,0.68106394389872271,0.0015175325747496379,-0.033467050561522008
514,0,-0.028805438920566188,2.0413633471800181,0.020382758407192916,1.3594113358672542,0.68195201131276395,0.0049392090231918668,-0.033744647943758053
515,0,-0.02833514654525892,2.0445847083169455,0.020236586878233005,1.362200946406102,0.68238376191084338,0.0059594865917912557,-0.034294633137050175
516,0,-0.029577523970271784,2.0473083571196922,0.020102556383232904,1.3652981062744978,0.68201025084519462,0.0049873595019257659,-0.03456488347219755
517,0,-0.030657818746011926,2.0472775564072743,0.019986825843730776,1.3663373353587056,0.68094022104856888,0.0036579817017388344,-0.034315800447750761
518,0,-0.030272731585735353,2.0448106072372894,0.019896277834703189,1.3648283220799022,0.67998228515738712,0.0034969933857458418,-0.033769724971481195
519,0,-0.028973068140747273,2.0421306303812004,0.019827295491627348,1.3624267161426324,0.6797039142385678,0.004464022229286325,-0.033437090370033597
520,0,-0.027890357310492619,2.040999145160201,0.019769685082066887,1.3610079765457008,0.67999116861450026,0.0055248131074634825,-0.033415170417956101
521,0,-0.027456302973939736,2.0416074835809628,0.01971711628935674,1.3612185995724235,0.68038888400853925,0.0060417470911084733,-0.033498050065048211
522,0,-0.027556279370942821,2.0427926646806385,0.019668293250236221,1.3623102251955606,0.68048243948507792,0.005985037803940752,-0.033541317174883574
523,0,-0.027755533387644804,2.0432314799890152,0.019624793846016089,1.3630359916377826,0.68019548835123278,0.0057054939117282535,-0.033461027299373058
524,0,-0.027652932936916501,2.042546604226648,0.0195886261650303,1.3627677669196516,0.67977883730699629,0.005633040048069379,-0.033285972984985882
525,0,-0.027260043951977425,2.0414624805526631,0.019559450533849363,1.361904473483738,0.67955800706892511,0.0058759761780351255,-0.033136020130012551
526,0,-0.026848204554673336,2.0409891202478296,0.019534938670483906,1.361357665931775,0.67963145431605476,0.0062237726404726764,-0.033071977195146013
527,0,-0.026612046693948684,2.0413559772533927,0.019513032250176917,1.3615713067852369,0.67978467046815572,0.0064518433915763864,-0.033063890085525072
528,0,-0.02655849672988499,2.0418811506693957,0.019493082089955215,1.3621169604675198,0.67976419020187573,0.0065005476995284341,-0.033059044429413424
529,0,-0.026576222440172475,2.0418208678722785,0.019475505874516016,1.3622658684150502,0.67955499945722808,0.0064511045446503691,-0.033027326984822844
530,0,-0.026547472050167373,2.0411636047991006,0.019460912061959046,1.3618033832322987,0.67936022156680187,0.0064224298928867449,-0.032969901943054117
531,0,-0.026439285671895935,2.0405372634967875,0.019449344837985751,1.3611928275651553,0.67934443593163252,0.006471880198389195,-0.032911165870285128
532,0,-0.026304612741415531,2.0404486524443151,0.019440130774488897,1.3609911189930388,0.67945753345127624,0.006568179778299009,-0.03287279251971454
533,0,-0.026209816702780751,2.0408135856571485,0.019432383278407687,1.3612804227937516,0.67953316286339704,0.0066465397188053025,-0.032856356421586054
534,0,-0.0261753967515049,2.04117079298392,0.019425568481430722,1.361693126459752,0.67947766652416786,0.0066731861180209196,-0.032848582869525821
535,0,-0.026173532815359286,2.0411624388176488,0.0194196586721543,1.361829800915255,0.67933263790239373,0.0066633590247915661,-0.032836891840150852
536,0,-0.02616886561334384,2.0408061567973053,0.01941484677955449,1.3615977285411833,0.67920842825612182,0.0066511124907118954,-0.032819978104055736
537,0,-0.026148720646533959,2.04040541078871,0.019411208966796094,1.3612245156384721,0.67918089515023783,0.006654707922200161,-0.032803428568734118
538,0,-0.026121110860648809,2.0402415899213935,0.019408613751975987,1.3610070552247258,0.67923453469666772,0.0066704995851776354,-0.032791610445826444
539,0,-0.026101189563605555,2.0403425796374135,0.019406791424845353,1.3610515348058079,0.67929104483160541,0.0066843469599669044,-0.03278553652357246
540,0,-0.026096811741854416,2.0405177391189158,0.019405463443800147,1.3612294659064927,0.6792882732124228,0.0066860190185684277,-0.032782830760422842
541,0,-0.026102470819918018,2.040574931085454,0.019404465382535981,1.3613449982553871,0.67922993283006672,0.0066776778367287019,-0.032780148656646718
542,0,-0.026108335069248045,2.0404815290330975,0.01940375772851782,1.3613161397109588,0.67916538932213877,0.0066684379349536234,-0.032776773004201669
543,0,-0.026110591248358808,2.0403393763285305,0.019403346529134478,1.3612052110125756,0.67913416531595483,0.0066636512052391239,-0.032774242453597932
544,0,-0.026111799887875767,2.040250526055694,0.01940321854892528,1.3611151145386964,0.67913541151699752,0.0066619127316569797,-0.032773712619532748
545,0,-0.026115915517052581,2.0402306001226291,0.019403326772205118,1.3610872262409976,0.67914337388163171,0.0066590524057402777,-0.032774967922792858
546,0,-0.026124267085868461,2.0402327915019551,0.019403607690393957,1.3610932553835671,0.67913953611838784,0.0066526535461378629,-0.032776920632006323
547,0,-0.026134688481778232,2.0402183744399887,0.019404004478213409,1.3610930952506957,0.67912527918929277,0.0066438278404123141,-0.032778516322190546
548,0,-0.026143994199631974,2.0401894999544132,0.019404474458578059,1.3610783824810668,0.6791111174733464,0.0066355692913970523,-0.032779563491029028
549,0,-0.026150995863442852,2.0401685163692047,0.019404982517813568,1.361066229887131,0.67910228648207394,0.0066296946576431849,-0.032780690521086037
550,0,-0.026156859012680028,2.040163846104694,0.019405498709859217,1.3610683767250555,0.67909546937963838,0.00662564815441667,-0.0327825071670967
551,0,-0.02616327586315503,2.040160879266856,0.019406003932764988,1.3610753595093734,0.67908551975748277,0.0066217616090376193,-0.032785037472192649
552,0,-0.026170869930398893,2.0401409277269575,0.019406493324294765,1.3610685080988285,0.67907241962812892,0.0066169775224455855,-0.032787847452844479
553,0,-0.026178997811934529,2.040103082157386,0.019406971586586465,1.3610417848136038,0.67906129734378207,0.0066114678485744167,-0.032790465660508944
554,0,-0.026186552091674614,2.0400655836798736,0.019407443118426609,1.3610089814779172,0.67905660220195652,0.0066061227229693084,-0.032792674814643923
555,0,-0.026192853351833245,2.040047360533932,0.019407903600368853,1.3609901476446091,0.67905721288932297,0.0066016958449908649,-0.032794549196824112
556,0,-0.026197986642176086,2.040050331507302,0.019408338803287198,1.3609927744706023,0.67905755703669957,0.0065983177688376136,-0.032796304411013701
557,0,-0.026202473057881349,2.040059726624976,0.019408731797091017,1.3610066200098185,0.67905310661515739,0.0065956220055719706,-0.032798095063453318
558,0,-0.026206725061206467,2.0400593347485283,0.019409073018475314,1.3610150818383329,0.67904425291019532,0.0065932002216885525,-0.032799925282895021
559,0,-0.02621082962804187,2.0400447632901932,0.019409364796675405,1.3610097093786071,0.67903505391158603,0.0065908827613657718,-0.032801712389407642
560,0,-0.026214681777233302,2.0400235408773479,0.01940961747663001,1.36099446292158,0.67902907795576806,0.0065886925215138054,-0.032803374298747107
561,0,-0.026218153506028102,2.0400058078549468,0.019409841746090388,1.360979026364997,0.67902678148994966,0.0065867047994968061,-0.03280485830552491
562,0,-0.02622116136196256,2.03999624306058,0.019410043126795413,1.3609700797032109,0.67902616335736887,0.0065849827116961322,-0.032806144073658693
563,0,-0.026223676179991499,2.0399930467058045,0.019410221166140881,1.3609680098211825,0.67902503688462224,0.0065835681210538689,-0.032807244301045368
564,0,-0.026225716473447395,2.0399919010565872,0.019410372352519124,1.3609693459560748,0.67902255510051268,0.0065824797638880227,-0.03280819623733542
565,0,-0.026227346986554434,2.0399897828471913,0.019410494010203849,1.3609706322922932,0.67901915055489803,0.0065816999824786443,-0.032809046969033077
566,0,-0.026228674578801577,2.0399858712216412,0.019410586699058045,1.3609702431930268,0.67901562802861437,0.0065811603609254466,-0.032809834939727021
567,0,-0.026229811738597765,2.0399804358152345,0.019410654290627202,1.3609679475386827,0.67901248827655203,0.0065807600825042245,-0.032810571821101989
568,0,-0.026230822021475839,2.0399738988940421,0.019410702386777289,1.3609640137519641,0.67900988514207805,0.0065804183444255647,-0.032811240365901405
569,0,-0.026231698389882627,2.0399669500519457,0.019410736294407344,1.360959076595917,0.67900787345602887,0.0065801143761880206,-0.032811812766070647
570,0,-0.026232392490256447,2.0399608488943475,0.019410759580473634,1.3609543726447859,0.67900647624956179,0.0065798809711525566,-0.032812273461409004
571,0,-0.026232866426030222,2.0399568975797031,0.019410773686441247,1.3609513718387929,0.67900552574091033,0.006579763749133413,-0.032812630175163636
572,0,-0.026233128053535521,2.0399553612738579,0.019410778534698782,1.360950754880256,0.67900460639360216,0.0065797811937903542,-0.032812909247325876
573,0,-0.026233229417736766,2.0399550455397026,0.019410773706298012,1.3609517441403403,0.6790033013993626,0.0065799115562734291,-0.032813140974010196
574,0,-0.026233236690055603,2.0399541354521462,0.019410759577116962,1.3609526042379001,0.67900153121424589,0.006580108690843591,-0.032813345380899195
575,0,-0.02623319865201228,2.0399515653581362,0.019410737815717713,1.3609519409053152,0.67899962445282092,0.0065803284235033573,-0.032813527075515637
576,0,-0.026233134502551356,2.0399476901560822,0.019410711007222057,1.3609496485911718,0.6789980415649105,0.0065805453824421857,-0.032813679884993542
577,0,-0.026233040613153163,2.0399437892240639,0.019410681723091922,1.3609467714550538,0.67899701776901034,0.0065807547830398798,-0.032813795396193043
578,0,-0.026232904193290756,2.0399409971217031,0.019410651674684112,1.3609445659236983,0.67899643119800457,0.0065809656245190799,-0.032813869817809836
579,0,-0.026232715545934475,2.0399395863452008,0.019410621434688823,1.3609436293469563,0.67899595699824444,0.0065811914878548131,-0.032813907033789287
580,0,-0.026232476171507077,2.0399390244118267,0.019410590779241302,1.3609436974734259,0.67899532693840103,0.0065814413574568206,-0.032813917528963898
581,0,-0.026232200828854385,2.0399385363506513,0.019410559338540374,1.3609440556740915,0.67899448067655965,0.0065817131666478425,-0.032813913995502229
582,0,-0.026231912652990439,2.0399376282610189,0.019410527136824857,1.3609440924776099,0.67899353578340893,0.0065819934365062317,-0.032813906089496671
583,0,-0.026231633652827047,2.0399362475991412,0.019410494751553684,1.3609435913793346,0.67899265621980676,0.0065822636280143329,-0.03281389728084138
584,0,-0.026231375704067975,2.0399346333406001,0.019410463093241258,1.3609426905322175,0.6789919428083826,0.0065825095954869352,-0.03281388529955491
585,0,-0.026231137358221156,2.0399330922745542,0.019410433016595854,1.3609416865218795,0.6789914057526748,0.0065827281966258488,-0.032813865554847006
586,0,-0.026230908475827576,2.0399318579839005,0.019410405012085612,1.3609408621562977,0.67899099582760292,0.0065829267798048468,-0.032813835255632424
587,0,-0.026230679336083893,2.0399310336830898,0.019410379121746497,1.3609403898044221,0.67899064387866781,0.0065831163598662305,-0.032813795695950124
588,0,-0.026230447843010825,2.0399305711499687,0.019410355074787708,1.360940284735292,0.67899028641467662,0.0065833037595452934,-0.032813751602556118
589,0,-0.026230220441922886,2.0399302883527488,0.019410332532816706,1.3609404042146971,0.67898988413805161,0.0065834880278100704,-0.032813708469732958
590,0,-0.026230007309661352,2.0399299544557961,0.019410311304450596,1.3609405169650663,0.67898943749072971,0.0065836625681492209,-0.032813669877810571
591,0,-0.026229816079929632,2.039929418374157,0.019410291429003423,1.3609404311003963,0.67898898727376056,0.0065838203013806225,-0.032813636381310254
592,0,-0.026229648373647461,2.0399286958525167,0.019410273109928527,1.3609401052020449,0.67898859065047201,0.0065839578838233007,-0.032813606257470762
593,0,-0.026229500523415997,2.039927945709135,0.01941025655956562,1.3609396614273128,0.67898828428182234,0.00658407671644243,-0.032813577239858428
594,0,-0.026229366879083973,2.0399273519597303,0.019410241855601088,1.3609392907791993,0.67898806118053101,0.0065841811564434959,-0.032813548035527468
595,0,-0.026229243090802525,2.0399270018657281,0.019410228888338873,1.3609391234707429,0.6789878783949852,0.0065842758116407048,-0.032813518902443231
596,0,-0.026229127708919005,2.039926845246141,0.019410217414161397,1.3609391572531675,0.67898768799297371,0.0065843635588842004,-0.032813491267803203
597,0,-0.026229021899671377,2.0399267498338816,0.019410207168556008,1.360939282877085,0.67898746695679646,0.00658444492344646,-0.032813466823117837
598,0,-0.026228927986078465,2.0399265971181801,0.01941019796670666,1.3609393714134703,0.67898722570470971,0.0065845186585538661,-0.03281344664463233
599,0,-0.026228847756032986,2.0399263471636986,0.019410189739560567,1.3609393535115506,0.6789869936521481,0.006584582999213549,-0.032813430755246537
600,0,-0.026228781308759372,2.0399260395062768,0.019410182498871678,1.3609392430384799,0.6789867964677968,0.0065846369601001769,-0.03281341826885955
601,0,-0.026228726865462324,2.0399257481315805,0.019410176265506271,1.360939106472741,0.67898664165883948,0.0065846810941796834,-0.032813407959642008
602,0,-0.026228681532868198,2.0399255314082807,0.01941017100846559,1.360939012508855,0.67898651889942585,0.0065847173749924784,-0.032813398907860676
603,0,-0.02622864256708678,2.0399254061056196,0.019410166625835664,1.3609389959789966,0.67898641012662309,0.0065847483075759479,-0.032813390874662729
604,0,-0.026228608424831146,2.039925349839808,0.019410162969306501,1.3609390494281832,0.67898630041162455,0.0065847758147626924,-0.032813384239593839
605,0,-0.026228579023508863,2.039925320485537,0.019410159890328259,1.3609391366529136,0.67898618383262366,0.0065848005736881769,-0.032813379597197039
606,0,-0.026228555140665712,2.039925279036408,0.01941015727945505,1.3609392154739492,0.67898606356245861,0.0065848221544966513,-0.032813377295162365
607,0,-0.026228537422513264,2.0399252065110178,0.019410155079826959,1.3609392583972169,0.67898594811380097,0.0065848397682799001,-0.032813377190793164
608,0,-0.026228525659721894,2.0399251094951132,0.019410153272969365,1.3609392633641111,0.6789858461310021,0.0065848530709362203,-0.032813378730658115
609,0,-0.026228518719347602,2.0399250128730708,0.019410151849647939,1.3609392509735825,0.67898576189948856,0.0065848625281585494,-0.03281338124750615
610,0,-0.026228515048115481,2.0399249437850542,0.019410150783869876,1.3609392503610587,0.67898569342399551,0.0065848692155930965,-0.032813384263708577
611,0,-0.026228513332966302,2.0399249157991761,0.019410150023280271,1.3609392818587165,0.67898563394045963,0.0065848742972962077,-0.032813387630262508
612,0,-0.02622851290596892,2.0399249224397895,0.01941014949795147,1.3609393464935517,0.67898557594623776,0.0065848785560346009,-0.032813391462003523
613,0,-0.026228513727529511,2.0399249432450688,0.019410149139518076,1.3609394279531426,0.67898551529192597,0.0065848822226538392,-0.032813395950183351
614,0,-0.026228516059800113,2.0399249573434073,0.019410148898310522,1.3609395044822044,0.67898545286120293,0.0065848851207247735,-0.032813401180524886
615,0,-0.026228520079536279,2.0399249551877228,0.0194101487494103,1.3609395621419089,0.67898539304581385,0.006584886971687443,-0.032813407051223722
616,0,-0.02622852564435733,2.0399249415340286,0.019410148686166181,1.3609396011558921,0.6789853403781364,0.0065848876668382168,-0.032813413311195548
617,0,-0.026228532292626994,2.0399249294696618,0.019410148706960569,1.3609396327780947,0.67898529669156704,0.006584887381043669,-0.032813419673670664
618,0,-0.026228539422429739,2.0399249309282319,0.019410148803523541,1.3609396704821206,0.67898526044611129,0.0065848865085119798,-0.03281342593094172
619,0,-0.02622854652308293,2.0399249500470029,0.019410148956784917,1.3609397218780044,0.67898522816899853,0.0065848854882140841,-0.032813432011297015
620,0,-0.026228553332862801,2.0399249824518808,0.01941014914086767,1.3609397857772398,0.67898519667464097,0.0065848846257773597,-0.032813437958640161
621,0,-0.026228559854147238,2.0399250193347731,0.019410149331316025,1.3609398547330331,0.67898516460174019,0.0065848840046949398,-0.032813443858842176
622,0,-0.026228566239547939,2.0399250528789223,0.019410149512090937,1.3609399202836514,0.67898513259527105,0.0065848835213224103,-0.032813449760870347
623,0,-0.026228572627479813,2.0399250798841519,0.019410149677734211,1.3609399774856021,0.67898510239855003,0.0065848830080735441,-0.032813455635553358
624,0,-0.026228579023230336,2.0399251022428646,0.019410149830369473,1.3609400266316856,0.67898507561117905,0.006584882364815429,-0.032813461388045764
625,0,-0.026228585283264851,2.039925124788367,0.019410149974033616,1.3609400719721036,0.6789850528162632,0.0065848816242039428,-0.032813466907468794
626,0,-0.026228591193626687,2.0399251521188511,0.019410150109824238,1.3609401187090928,0.67898503340975802,0.0065848809257683738,-0.03281347211939506
627,0,-0.026228596581261324,2.0399251861324559,0.019410150234174431,1.3609401700719308,0.67898501606052497,0.0065848804299169306,-0.032813477011178253
628,0,-0.026228601388052716,2.0399252253761899,0.019410150340468748,1.3609402259180745,0.67898499945811519,0.006584880232719287,-0.032813481620772002
629,0,-0.026228605672460902,2.0399252662720508,0.019410150422475313,1.3609402833413082,0.67898498293074272,0.0065848803299408936,-0.032813486002401797
630,0,-0.026228609550962911,2.0399253053079396,0.019410150477248384,1.3609403386723353,0.67898496663560415,0.0065848806409475645,-0.032813490191910474
631,0,-0.026228613123316827,2.0399253408638178,0.019410150506072647,1.3609403895847658,0.67898495127905201,0.0065848810672894525,-0.032813494190606279
632,0,-0.02622861642592612,2.0399253737046688,0.019410150513162586,1.3609404361219815,0.6789849375826873,0.0065848815465882728,-0.032813497972514392
633,0,-0.026228619431506433,2.0399254060606276,0.019410150503239222,1.3609404802313967,0.67898492582923098,0.006584882074509895,-0.032813501506016328
634,0,-0.026228622084789453,2.0399254400488664,0.01941015047945949,1.3609405243143782,0.67898491573448827,0.0065848826899706702,-0.032813504774760124
635,0,-0.026228624347494636,2.0399254764580173,0.019410150442661603,1.3609405697918913,0.67898490666612599,0.0065848834400108061,-0.032813507787505442
636,0,-0.026228626225759121,2.0399255145202075,0.019410150392153616,1.3609406164980409,0.67898489802216677,0.0065848843469394373,-0.032813510572698559
637,0,-0.026228627769909377,2.0399255526027007,0.019410150327187247,1.3609406630807832,0.67898488952191749,0.006584885394632283,-0.032813513164541661
638,0,-0.026228629050961405,2.0399255892397856,0.019410150248217548,1.3609407079778328,0.67898488126195289,0.0065848865376843266,-0.032813515588645731
639,0,-0.026228630130819323,2.0399256238586121,0.019410150157301694,1.3609407503047828,0.67898487355382953,0.0065848877245004702,-0.032813517855319795
640,0,-0.026228631043107603,2.0399256568703263,0.019410150057483609,1.3609407901888304,0.67898486668149605,0.0065848889194768676,-0.03281351996258447
641,0,-0.026228631792095732,2.0399256892197135,0.019410149951797451,1.3609408284916402,0.67898486072807307,0.0065848901130955203,-0.032813521905191254
642,0,-0.026228632367541589,2.0399257217505253,0.019410149842403919,1.3609408662010836,0.67898485554944177,0.0065848913160793127,-0.0328135236836209
643,0,-0.026228632764263474,2.0399257547595191,0.019410149730330423,1.360940903883777,0.67898485087574234,0.0065848925442941412,-0.032813525308557613
644,0,-0.026228632994826251,2.0399257879308594,0.01941014961583036,1.360940941471336,0.67898484645952328,0.0065848938035817633,-0.032813526798408016
645,0,-0.026228633089422665,2.0399258206077455,0.019410149499032723,1.3609409784242543,0.67898484218349098,0.0065848950837258243,-0.03281352817314849
646,0,-0.026228633085608574,2.0399258521947701,0.019410149380475167,1.3609410141143523,0.67898483808041787,0.006584896362731023,-0.032813529448339596
647,0,-0.026228633014967181,2.0399258824558486,0.019410149261268661,1.3609410481845317,0.67898483427131684,0.0065848976172128149,-0.032813530632179996
648,0,-0.026228632895277222,2.0399259115683934,0.019410149142848342,1.3609410806988256,0.67898483086956807,0.0065848988319699483,-0.032813531727247172
649,0,-0.026228632730725163,2.0399259399458645,0.019410149026562084,1.3609411120385546,0.67898482790730963,0.0065849000037105912,-0.032813532734435755
650,0,-0.026228632518982792,2.0399259679651509,0.019410148913298526,1.3609411426452058,0.67898482531994497,0.0065849011379624485,-0.03281353365694524
651,0,-0.026228632259759285,2.0399259957641629,0.019410148803431129,1.360941172777111,0.67898482298705165,0.0065849022421420331,-0.032813534501901317
652,0,-0.026228631959741521,2.039926023208805,0.019410148696957993,1.3609412024112817,0.67898482079752331,0.006584903319469833,-0.032813535279211353
653,0,-0.026228631632350185,2.0399260500175167,0.019410148593800296,1.360941231318789,0.67898481869872773,0.0065849043666850486,-0.032813535999035234
654,0,-0.026228631293306878,2.039926075945008,0.019410148494034531,1.3609412592399248,0.67898481670508293,0.0065849053759658967,-0.032813536669272773
655,0,-0.026228630955055954,2.03992610091113,0.019410148397952107,1.3609412860426868,0.67898481486844331,0.0065849063393590484,-0.032813537294415003
656,0,-0.02622863062411615,2.039926125014901,0.019410148305980441,1.3609413117803131,0.6789848132345877,0.0065849072523844277,-0.032813537876500577
657,0,-0.026228630300920812,2.0399261484478317,0.019410148218465872,1.360941336635932,0.67898481181189962,0.006584908115814996,-0.032813538416735809
658,0,-0.026228629983246626,2.0399261713749386,0.019410148135571972,1.3609413608075187,0.67898481056741966,0.0065849089339110609,-0.032813538917157686
659,0,-0.026228629669504965,2.0399261938551456,0.019410148057220557,1.3609413844079827,0.67898480944716277,0.0065849097118156714,-0.032813539381320637
660,0,-0.026228629361207543,2.03992621583502,0.01941014798318505,1.360941407431429,0.67898480840359088,0.0065849104526828454,-0.032813539813890388
661,0,-0.026228629062528951,2.0399262372050679,0.019410147913230043,1.3609414297900169,0.67898480741505107,0.006584911156912919,-0.03281354021944187
662,0,-0.026228628778495692,2.0399262578753881,0.019410147847175891,1.3609414513879643,0.67898480648742399,0.0065849118229638444,-0.032813540601459537
663,0,-0.02622862851287075,2.0399262778256064,0.019410147784954035,1.3609414721844095,0.6789848056411969,0.0065849124490654368,-0.032813540961936186
664,0,-0.02622862826666876,2.0399262971087628,0.019410147726552644,1.3609414922153726,0.67898480489339008,0.0065849130351662358,-0.032813541301834996
665,0,-0.026228628038358983,2.0399263158146783,0.019410147671933546,1.3609415115691628,0.67898480424551555,0.0065849135832672266,-0.03281354162162621
666,0,-0.02622862782552135,2.0399263340207701,0.019410147620990241,1.3609415303386116,0.6789848036821583,0.00658491409675558,-0.03281354192227693
667,0,-0.026228627626194569,2.0399263517590449,0.019410147573515973,1.3609415485796164,0.67898480317942855,0.0065849145791427336,-0.032813542205337304
668,0,-0.026228627439703046,2.0399263690136418,0.019410147529268798,1.36094156629715,0.67898480271649164,0.00658491503305188,-0.032813542472754927
669,0,-0.026228627266744336,2.0399263857457486,0.019410147488003918,1.3609415834618894,0.67898480228385938,0.0065849154597080089,-0.032813542726452344
670,0,-0.026228627108298555,2.0399264019252561,0.019410147449517114,1.3609416000416694,0.67898480188358667,0.0065849158595561869,-0.032813542967854742
671,0,-0.026228626964765113,2.039926417553001,0.019410147413667291,1.3609416160289678,0.67898480152403329,0.0065849162329617997,-0.032813543197726912
672,0,-0.026228626835589505,2.0399264326610145,0.019410147380336352,1.3609416314492699,0.67898480121174443,0.0065849165808024353,-0.032813543416391942
673,0,-0.026228626719256326,2.0399264472957022,0.019410147349406361,1.360941646349336,0.67898480094636593,0.0065849169048259751,-0.0328135436240823
674,0,-0.026228626613826869,2.0399264614966897,0.019410147320748694,1.3609416607763103,0.67898480072037948,0.0065849172073239124,-0.03281354382115078
675,0,-0.026228626517853491,2.0399264752830226,0.019410147294186823,1.360941674760102,0.67898480052292065,0.0065849174904293907,-0.032813544008282881
676,0,-0.026228626430453709,2.0399264886534665,0.019410147269546825,1.3609416883085357,0.67898480034493081,0.0065849177558348938,-0.032813544186288603
677,0,-0.026228626351342633,2.0399265015978498,0.019410147246651761,1.3609417014154199,0.67898480018242968,0.0065849180046648123,-0.032813544356007446
678,0,-0.026228626280451625,2.0399265141106238,0.019410147225370628,1.3609417140744144,0.67898480003620931,0.0065849182375382117,-0.032813544517989839
679,0,-0.026228626217519403,2.0399265261997113,0.019410147205595037,1.3609417262900811,0.67898479990963012,0.006584918455086645,-0.032813544672606047
680,0,-0.026228626161906361,2.039926537885516,0.019410147187214982,1.3609417380805069,0.67898479980500936,0.0065849186581226913,-0.032813544820029052
681,0,-0.026228626112590352,2.039926549193769,0.01941014717015347,1.3609417494721807,0.67898479972158854,0.006584918847727798,-0.032813544960318151
682,0,-0.026228626068528268,2.0399265601464229,0.019410147154313169,1.3609417604906329,0.67898479965579006,0.006584919025207716,-0.032813545093735984
683,0,-0.026228626028822883,2.0399265707566552,0.019410147139593097,1.360941771153775,0.67898479960288005,0.0065849191917888607,-0.032813545220611744
684,0,-0.02622862599296551,2.0399265810289524,0.01941014712589343,1.3609417814700571,0.67898479955889512,0.0065849193483787953,-0.032813545341344307
685,0,-0.026228625960705972,2.0399265909642903,0.019410147113113851,1.3609417914421917,0.67898479952209834,0.0065849194956594517,-0.032813545456365424
686,0,-0.026228625931887541,2.0399266005657335,0.019410147101184532,1.3609418010729599,0.67898479949277357,0.0065849196340615297,-0.032813545565949072
687,0,-0.026228625906292817,2.0399266098420048,0.019410147090035589,1.3609418103697328,0.67898479947227208,0.0065849197640203633,-0.032813545670313179
688,0,-0.026228625883544656,2.0399266188067164,0.019410147079614623,1.3609418193454286,0.67898479946128787,0.0065849198860558943,-0.032813545769600549
689,0,-0.026228625863174607,2.0399266274756123,0.01941014706986835,1.3609418280162022,0.67898479945941015,0.0065849200007483113,-0.032813545863922919
690,0,-0.026228625844679457,2.0399266358625026,0.019410147060758921,1.3609418363975527,0.67898479946494972,0.0065849201087742285,-0.032813545953453684
691,0,-0.026228625827726365,2.0399266439768762,0.019410147052221837,1.3609418445012171,0.67898479947565893,0.0065849202107259855,-0.032813546038452351
692,0,-0.026228625811983246,2.0399266518246919,0.019410147044213552,1.3609418523347669,0.67898479948992485,0.0065849203070933822,-0.032813546119076629
693,0,-0.026228625797477204,2.0399266594105141,0.019410147036680394,1.3609418599034644,0.67898479950704982,0.0065849203982099071,-0.032813546195687111
694,0,-0.02622862578406851,2.03992666673969,0.019410147029596338,1.3609418672126146,0.67898479952707536,0.0065849204843385096,-0.032813546268407018
695,0,-0.026228625771707589,2.0399266738199162,0.019410147022922052,1.3609418742693804,0.67898479955053581,0.0065849205657187116,-0.032813546337426301
696,0,-0.026228625760253668,2.0399266806610479,0.019410147016632046,1.3609418810833238,0.67898479957772429,0.0065849206426247002,-0.032813546402878369
697,0,-0.026228625749509515,2.0399266872732493,0.01941014701070402,1.3609418876649724,0.67898479960827696,0.0065849207153751916,-0.032813546464884706
698,0,-0.02622862573933846,2.0399266936656866,0.019410147005116205,1.3609418940242515,0.6789847996414351,0.006584920784249969,-0.032813546523588429
699,0,-0.026228625729596149,2.0399266998458021,0.019410146999837258,1.3609419001695195,0.67898479967628234,0.0065849208495584073,-0.032813546579154557
700,0,-0.026228625720171955,2.039926705819163,0.019410146994847596,1.3609419061071175,0.67898479971204551,0.0065849209115616519,-0.032813546631733609
701,0,-0.026228625711116876,2.0399267115908448,0.019410146990130477,1.3609419118423751,0.6789847997484697,0.0065849209704450127,-0.032813546681561889
702,0,-0.026228625702378331,2.0399267171664173,0.019410146985663373,1.3609419173807491,0.67898479978566839,0.0065849210263114214,-0.032813546728689753
703,0,-0.026228625694025259,2.0399267225520772,0.019410146981430523,1.3609419227283737,0.67898479982370363,0.0065849210793053831,-0.032813546773330642
704,0,-0.026228625685935102,2.0399267277548114,0.019410146977420335,1.3609419278921084,0.6789847998627031,0.0065849211296172246,-0.032813546815552326
705,0,-0.026228625678111666,2.0399267327818942,0.019410146973620961,1.3609419328792531,0.67898479990264082,0.006584921177331257,-0.032813546855442924
706,0,-0.026228625670505407,2.039926737639723,0.019410146970026684,1.3609419376967096,0.67898479994301364,0.0065849212226551813,-0.032813546893160586
707,0,-0.026228625663056695,2.0399267423340173,0.019410146966616335,1.3609419423505427,0.67898479998347472,0.006584921265747533,-0.032813546928804227
708,0,-0.02622862565572634,2.0399267468696838,0.019410146963380448,1.3609419468459398,0.67898480002374373,0.0065849213067502846,-0.032813546962476625
709,0,-0.026228625648629572,2.0399267512511101,0.019410146960316628,1.3609419511874969,0.67898480006361306,0.0065849213456728095,-0.032813546994302382
710,0,-0.026228625641713826,2.0399267554830751,0.019410146957402813,1.360941955379801,0.678984800103274,0.0065849213826942397,-0.032813547024408064
711,0,-0.026228625634982985,2.0399267595704886,0.019410146954642722,1.3609419594277872,0.67898480014270157,0.0065849214178684045,-0.032813547052851388
712,0,-0.026228625628454474,2.0399267635186682,0.019410146952024154,1.3609419633366608,0.67898480018200724,0.006584921451276933,-0.032813547079731407
713,0,-0.026228625622112138,2.0399267673327248,0.019410146949543093,1.3609419671116443,0.67898480022108043,0.0065849214830111195,-0.032813547105123256
714,0,-0.026228625615930177,2.039926771017329,0.019410146947188206,1.360941970757612,0.67898480025971708,0.0065849215131702603,-0.032813547129100437
715,0,-0.026228625609886473,2.0399267745769203,0.019410146944959138,1.3609419742790674,0.67898480029785302,0.006584921541861237,-0.03281354715174771
716,0,-0.026228625604032593,2.0399267780153121,0.019410146942843588,1.3609419776800449,0.6789848003352672,0.0065849215691080399,-0.032813547173140632
717,0,-0.026228625598361949,2.0399267813364155,0.019410146940837696,1.360941980964345,0.67898480037207032,0.0065849215950120185,-0.032813547193373968
718,0,-0.026228625592876365,2.0399267845438556,0.019410146938938586,1.3609419841356865,0.678984800408169,0.0065849216196119465,-0.03281354721248831
719,0,-0.026228625587593375,2.0399267876416776,0.019410146937133551,1.360941987197968,0.67898480044370946,0.0065849216430020913,-0.032813547230595465
720,0,-0.026228625582445216,2.03992679063365,0.019410146935432273,1.3609419901550239,0.67898480047862608,0.0065849216652037867,-0.032813547247649004
721,0,-0.026228625577479476,2.0399267935235215,0.019410146933812329,1.360941993010585,0.6789848005129363,0.0065849216863147807,-0.032813547263794256
722,0,-0.026228625572753378,2.03992679631483,0.019410146932283566,1.3609419957682622,0.67898480054656762,0.0065849217063137459,-0.032813547279067122
723,0,-0.026228625568147645,2.0399267990108987,0.019410146930840134,1.3609419984314455,0.6789848005794531,0.0065849217253343964,-0.032813547293482043
724,0,-0.026228625563750649,2.0399268016148961,0.019410146929468769,1.3609420010033055,0.67898480061159072,0.0065849217433773203,-0.032813547307127967
725,0,-0.026228625559476401,2.0399268041298249,0.019410146928169288,1.3609420034868309,0.67898480064299394,0.0065849217605398937,-0.032813547320016297
726,0,-0.026228625555389452,2.0399268065587028,0.019410146926943813,1.3609420058850139,0.67898480067368872,0.0065849217768240943,-0.032813547332213547
727,0,-0.026228625551463488,2.0399268089043292,0.019410146925787335,1.3609420082007071,0.67898480070362199,0.0065849217922838111,-0.0328135473437473
728,0,-0.026228625547746874,2.0399268111695412,0.019410146924688926,1.3609420104366801,0.67898480073286116,0.0065849218069529416,-0.032813547354699817
729,0,-0.026228625544161232,2.0399268133572881,0.019410146923649348,1.3609420125958509,0.67898480076143708,0.0065849218208662548,-0.032813547365027486
730,0,-0.026228625540706874,2.0399268154702921,0.019410146922671026,1.3609420146809601,0.6789848007893321,0.006584921834079425,-0.032813547374786298
731,0,-0.026228625537471704,2.0399268175110183,0.019410146921746509,1.3609420166945294,0.67898480081648893,0.0065849218465854672,-0.032813547384057173
732,0,-0.026228625534285593,2.0399268194819071,0.019410146920874977,1.3609420186389634,0.67898480084294366,0.0065849218585209406,-0.032813547392806536
733,0,-0.026228625531290309,2.0399268213851984,0.019410146920048228,1.3609420205165423,0.67898480086865598,0.0065849218698234308,-0.032813547401113738
734,0,-0.026228625528429597,2.0399268232231926,0.019410146919268154,1.3609420223294768,0.67898480089371593,0.0065849218805406904,-0.032813547408970287
735,0,-0.026228625525740568,2.0399268249982034,0.019410146918533339,1.3609420240800891,0.6789848009181142,0.0065849218906880299,-0.032813547416428598
736,0,-0.026228625523107899,2.0399268267123882,0.019410146917838014,1.3609420257705227,0.67898480094186542,0.0065849219003460734,-0.032813547423453972
737,0,-0.026228625520617371,2.0399268283678413,0.01941014691718141,1.3609420274028696,0.67898480096497182,0.0065849219095230034,-0.032813547430140373
738,0,-0.026228625518291984,2.0399268299665101,0.019410146916564196,1.3609420289790737,0.6789848009874363,0.0065849219181950761,-0.03281354743648706
739,0,-0.026228625516024943,2.0399268315104178,0.019410146915979688,1.3609420305011186,0.67898480100929903,0.0065849219264646694,-0.032813547442489613
740,0,-0.02622862551387433,2.0399268330014566,0.019410146915431539,1.3609420319708863,0.67898480103057057,0.0065849219342911675,-0.032813547448165496
741,0,-0.026228625511844496,2.0399268344413723,0.019410146914909884,1.3609420333901583,0.67898480105121417,0.0065849219417201468,-0.032813547453564643
742,0,-0.026228625509883672,2.0399268358318698,0.019410146914417354,1.3609420347606174,0.67898480107125259,0.0065849219487820699,-0.032813547458665743
743,0,-0.026228625508058517,2.0399268371745425,0.019410146913953458,1.3609420360838487,0.67898480109069392,0.0065849219554874458,-0.032813547463545964
744,0,-0.026228625506280443,2.0399268384711791,0.019410146913521109,1.3609420373615575,0.67898480110962178,0.0065849219618489378,-0.032813547468129381
745,0,-0.026228625504605065,2.0399268397233974,0.019410146913107745,1.3609420385954047,0.67898480112799264,0.0065849219678859681,-0.032813547472491031
746,0,-0.026228625503003679,2.039926840932706,0.019410146912720531,1.3609420397868264,0.67898480114587956,0.0065849219736232104,-0.032813547476626889
747,0,-0.02622862550148939,2.0399268421004959,0.019410146912352454,1.3609420409373021,0.67898480116319382,0.0065849219790649529,-0.032813547480554345
748,0,-0.026228625500077169,2.0399268432282156,0.019410146912008652,1.3609420420481968,0.67898480118001869,0.0065849219842084063,-0.032813547484285575
749,0,-0.026228625498654862,2.0399268443171703,0.019410146911679173,1.3609420431208683,0.67898480119630222,0.0065849219891533388,-0.032813547487808202
750,0,-0.026228625497384753,2.0399268453688086,0.019410146911372394,1.3609420441566482,0.67898480121216032,0.0065849219937996924,-0.032813547491184446
751,0,-0.026228625496119984,2.039926846384339,0.019410146911083611,1.3609420451568015,0.67898480122753746,0.0065849219982241922,-0.032813547494344175
752,0,-0.026228625494935161,2.0399268473649492,0.019410146910809441,1.3609420461225341,0.678984801242415,0.0065849220024564326,-0.032813547497391592
753,0,-0.026228625493812437,2.039926848311941,0.01941014691055086,1.3609420470550111,0.67898480125693006,0.0065849220064461188,-0.032813547500258555
754,0,-0.026228625492712959,2.0399268492264708,0.019410146910306743,1.360942047955517,0.67898480127095373,0.0065849220102557468,-0.032813547502968707
755,0,-0.026228625491703902,2.0399268501095897,0.019410146910076812,1.3609420488250252,0.67898480128456462,0.0065849220138683119,-0.032813547505572215
756,0,-0.026228625490727533,2.0399268509623996,0.019410146909858116,1.3609420496646609,0.67898480129773842,0.0065849220173090309,-0.032813547508036563
757,0,-0.026228625489787483,2.0399268517858298,0.019410146909652756,1.3609420504753198,0.6789848013105102,0.0065849220205711385,-0.032813547510358622
758,0,-0.026228625488868409,2.0399268525810799,0.019410146909459837,1.360942051258121,0.67898480132295913,0.006584922023709151,-0.032813547512577562
759,0,-0.026228625488015644,2.0399268533489781,0.019410146909278496,1.3609420520139919,0.67898480133498629,0.0065849220266603588,-0.032813547514676002
760,0,-0.026228625487203745,2.0399268540904618,0.019410146909106578,1.3609420527438019,0.67898480134665984,0.006584922029472179,-0.032813547516675923
761,0,-0.026228625486448207,2.0399268548066232,0.019410146908945596,1.3609420534486127,0.6789848013580102,0.0065849220321307347,-0.032813547518578942
762,0,-0.026228625485704864,2.0399268554980861,0.019410146908790855,1.3609420541291313,0.67898480136895467,0.006584922034681708,-0.032813547520386573
763,0,-0.026228625484985536,2.0399268561658226,0.019410146908646873,1.3609420547861895,0.67898480137963313,0.0065849220371192122,-0.032813547522104747
764,0,-0.026228625484294645,2.0399268568106668,0.01941014690850729,1.3609420554207423,0.67898480138992434,0.0065849220394427321,-0.032813547523737378
765,0,-0.026228625483652044,2.0399268574333016,0.019410146908379829,1.3609420560334029,0.67898480139989892,0.0065849220416366412,-0.032813547525288686
766,0,-0.026228625483020004,2.0399268580345447,0.019410146908255942,1.3609420566249311,0.67898480140961348,0.0065849220437204101,-0.032813547526740414
767,0,-0.02622862548245132,2.0399268586151309,0.019410146908142092,1.3609420571961375,0.67898480141899353,0.0065849220457077015,-0.032813547528159022
768,0,-0.026228625481884989,2.0399268591758157,0.0194101469080349,1.3609420577477036,0.67898480142811202,0.0065849220476166736,-0.032813547529501663
769,0,-0.026228625481328378,2.0399268597173039,0.019410146907930973,1.3609420582803606,0.67898480143694329,0.0065849220494263875,-0.032813547530754765
770,0,-0.026228625480780973,2.0399268602400875,0.01941014690783216,1.3609420587946315,0.67898480144545625,0.006584922051165623,-0.032813547531946596
771,0,-0.026228625480295018,2.0399268607449188,0.019410146907740469,1.3609420592911678,0.67898480145375084,0.0065849220528068023,-0.032813547533101818
772,0,-0.026228625479835489,2.0399268612323875,0.019410146907652304,1.3609420597705952,0.6789848014617923,0.0065849220543582948,-0.032813547534193785
773,0,-0.026228625479362902,2.0399268617030781,0.019410146907572586,1.3609420602335118,0.67898480146956608,0.0065849220558728697,-0.032813547535235771
774,0,-0.026228625478940108,2.0399268621577487,0.019410146907495329,1.3609420606806157,0.67898480147713303,0.0065849220572780851,-0.032813547536218193
775,0,-0.026228625478484938,2.0399268625967237,0.019410146907421929,1.3609420611123058,0.67898480148441798,0.0065849220586662646,-0.032813547537151204
776,0,-0.026228625478124368,2.0399268630206118,0.019410146907350153,1.3609420615291281,0.67898480149148377,0.006584922059929871,-0.032813547538054239
777,0,-0.026228625477720587,2.0399268634299128,0.019410146907285722,1.3609420619315664,0.6789848014983465,0.0065849220611679006,-0.032813547538888488
778,0,-0.026228625477349984,2.0399268638251384,0.019410146907224871,1.3609420623201816,0.67898480150495699,0.0065849220623492091,-0.032813547539699194
779,0,-0.026228625477013098,2.039926864206723,0.01941014690716529,1.3609420626953117,0.67898480151141116,0.0065849220634524334,-0.032813547540465532
780,0,-0.026228625476638602,2.0399268645753814,0.019410146907110151,1.3609420630576667,0.67898480151771468,0.0065849220645485592,-0.032813547541187163
781,0,-0.026228625476331584,2.0399268649312465,0.01941014690705865,1.3609420634075191,0.67898480152372742,0.0065849220655673901,-0.032813547541898976
782,0,-0.026228625476018442,2.039926865274841,0.019410146907010553,1.360942063745272,0.67898480152956908,0.0065849220665404077,-0.03281354754255885
783,0,-0.02622862547570548,2.0399268656067311,0.019410146906961936,1.3609420640714771,0.67898480153525409,0.0065849220674778003,-0.032813547543183282
784,0,-0.026228625475453921,2.0399268659270602,0.01941014690691981,1.3609420643863432,0.67898480154071705,0.0065849220683515163,-0.032813547543805437
785,0,-0.026228625475140606,2.0399268662365064,0.019410146906875592,1.3609420646904302,0.67898480154607621,0.006584922069213496,-0.032813547544354102
786,0,-0.026228625474874277,2.0399268665353247,0.019410146906837955,1.3609420649840811,0.67898480155124363,0.0065849220700374975,-0.032813547544911774
787,0,-0.02622862547464162,2.0399268668238575,0.019410146906798459,1.3609420652676263,0.67898480155623142,0.0065849220708012711,-0.032813547545442891
788,0,-0.026228625474373692,2.0399268671024497,0.019410146906763025,1.3609420655413798,0.67898480156107022,0.006584922071554521,-0.032813547545928211
789,0,-0.026228625474166375,2.0399268673713777,0.019410146906731634,1.3609420658056415,0.67898480156573637,0.0065849220722381556,-0.032813547546404531
790,0,-0.026228625473922716,2.039926867631098,0.019410146906697758,1.3609420660608,0.67898480157029817,0.0065849220729369525,-0.032813547546859667
791,0,-0.026228625473698659,2.0399268678819729,0.019410146906668355,1.3609420663072553,0.67898480157471741,0.0065849220735944942,-0.032813547547293154
792,0,-0.026228625473498742,2.0399268681242138,0.019410146906641002,1.3609420665452436,0.67898480157897023,0.0065849220742009553,-0.032813547547699697
793,0,-0.026228625473290433,2.0399268683580933,0.01941014690661666,1.3609420667749828,0.67898480158311036,0.006584922074778515,-0.03281354754806895
794,0,-0.026228625473118713,2.0399268685839278,0.019410146906588668,1.3609420669968171,0.67898480158711094,0.0065849220753484749,-0.032813547548467187
795,0,-0.026228625472922439,2.0399268688019685,0.019410146906567002,1.3609420672109867,0.67898480159098162,0.006584922075895709,-0.032813547548818149
796,0,-0.026228625472755819,2.0399268690124703,0.019410146906541598,1.3609420674177422,0.67898480159472818,0.0065849220764006358,-0.032813547549156455
797,0,-0.026228625472594119,2.0399268692157926,0.019410146906521247,1.3609420676174291,0.67898480159836361,0.006584922076895215,-0.032813547549489334
798,0,-0.026228625472412261,2.0399268694121533,0.019410146906501849,1.3609420678102406,0.67898480160191277,0.0065849220773651846,-0.032813547549777444
799,0,-0.026228625472268088,2.0399268696017989,0.019410146906482111,1.3609420679964743,0.67898480160532482,0.0065849220777972296,-0.032813547550065318
800,0,-0.026228625472126212,2.0399268697848871,0.019410146906464337,1.3609420681762563,0.67898480160863095,0.0065849220782348344,-0.032813547550361047
801,0,-0.026228625471978469,2.0399268699615671,0.019410146906447639,1.3609420683497788,0.67898480161178854,0.0065849220786553236,-0.032813547550633794
802,0,-0.026228625471828804,2.0399268701322368,0.019410146906431561,1.3609420685173101,0.67898480161492658,0.0065849220790524521,-0.032813547550881256
803,0,-0.026228625471672179,2.0399268702970743,0.019410146906416133,1.360942068679138,0.6789848016179364,0.006584922079444876,-0.032813547551117053
804,0,-0.026228625471568182,2.0399268704561893,0.019410146906401624,1.3609420688353731,0.67898480162081609,0.0065849220798036871,-0.03281354755137187
805,0,-0.026228625471421477,2.0399268706098255,0.019410146906386923,1.36094206898618,0.67898480162364561,0.0065849220801594902,-0.032813547551580967
806,0,-0.026228625471332728,2.0399268707582432,0.01941014690637792,1.3609420691318637,0.67898480162637964,0.0065849220804665718,-0.032813547551799299
807,0,-0.026228625471206763,2.0399268709014997,0.019410146906365413,1.3609420692724792,0.67898480162902064,0.00658492208079194,-0.032813547551998702
808,0,-0.02622862547109376,2.0399268710397713,0.019410146906352448,1.3609420694082195,0.67898480163155173,0.0065849220810964837,-0.032813547552190243
809,0,-0.026228625470967146,2.0399268711733902,0.019410146906340939,1.3609420695393291,0.67898480163406105,0.0065849220814024117,-0.032813547552369558
810,0,-0.026228625470869477,2.0399268713023861,0.019410146906330191,1.3609420696659336,0.67898480163645258,0.0065849220816892829,-0.032813547552558761
811,0,-0.026228625470789545,2.0399268714269798,0.019410146906319727,1.3609420697881696,0.67898480163881025,0.0065849220819437513,-0.032813547552733295
812,0,-0.026228625470708117,2.0399268715472183,0.019410146906311394,1.3609420699061938,0.67898480164102459,0.0065849220821786727,-0.03281354755288679
813,0,-0.026228625470597455,2.0399268716632748,0.0194101469063022,1.3609420700200618,0.67898480164321284,0.0065849220824393383,-0.032813547553036795
814,0,-0.026228625470487731,2.0399268717753714,0.019410146906296073,1.3609420701300294,0.67898480164534181,0.0065849220826844366,-0.032813547553172166
815,0,-0.026228625470429368,2.0399268718836643,0.019410146906286171,1.3609420702362718,0.67898480164739272,0.0065849220829050708,-0.032813547553334439
816,0,-0.026228625470332886,2.0399268719881691,0.019410146906280096,1.3609420703387995,0.67898480164936958,0.0065849220831456128,-0.032813547553478498
817,0,-0.026228625470258806,2.039926872089163,0.019410146906272539,1.3609420704378534,0.67898480165130948,0.0065849220833376675,-0.032813547553596473
818,0,-0.026228625470203576,2.0399268721866264,0.019410146906265302,1.3609420705334796,0.67898480165314701,0.0065849220835096723,-0.032813547553713247
819,0,-0.02622862547012619,2.0399268722806885,0.019410146906257138,1.3609420706257433,0.67898480165494501,0.0065849220837193266,-0.032813547553845517
820,0,-0.026228625470033094,2.0399268723715323,0.019410146906251907,1.3609420707148308,0.6789848016567015,0.0065849220839106614,-0.032813547553943757
821,0,-0.026228625469992651,2.0399268724592359,0.019410146906246064,1.3609420708008508,0.67898480165838515,0.0065849220840730098,-0.03281354755406566
822,0,-0.026228625469955455,2.0399268725439845,0.019410146906241377,1.3609420708839484,0.67898480166003605,0.0065849220842272294,-0.032813547554182684
823,0,-0.026228625469873774,2.0399268726258066,0.019410146906238802,1.360942070964192,0.67898480166161468,0.00658492208440618,-0.032813547554279954
824,0,-0.026228625469804284,2.0399268727047128,0.019410146906233501,1.3609420710415836,0.67898480166312936,0.0065849220845663279,-0.03281354755437061
825,0,-0.026228625469743583,2.0399268727810251,0.01941014690623042,1.3609420711163764,0.6789848016646487,0.0065849220847236361,-0.032813547554467221
826,0,-0.026228625469685678,2.0399268728546698,0.019410146906224172,1.3609420711886018,0.67898480166606789,0.0065849220848470322,-0.03281354755453271
827,0,-0.026228625469631128,2.039926872925713,0.019410146906220699,1.3609420712582532,0.67898480166745967,0.0065849220850075461,-0.032813547554638674
828,0,-0.026228625469602265,2.0399268729943767,0.019410146906216327,1.3609420713255509,0.67898480166882602,0.0065849220851176967,-0.032813547554719963
829,0,-0.026228625469550453,2.0399268730606117,0.019410146906212025,1.3609420713905147,0.67898480167009678,0.0065849220852382947,-0.032813547554788748
830,0,-0.02622862546947206,2.0399268731245703,0.019410146906208868,1.3609420714532099,0.67898480167136022,0.0065849220853817806,-0.032813547554853842
831,0,-0.026228625469457978,2.039926873186368,0.019410146906203029,1.3609420715137932,0.67898480167257469,0.0065849220854793129,-0.032813547554937289
832,0,-0.026228625469397866,2.0399268732460385,0.019410146906202557,1.3609420715722564,0.67898480167378206,0.0065849220856010401,-0.032813547554998906
833,0,-0.026228625469325501,2.0399268733037128,0.019410146906198272,1.3609420716287879,0.67898480167492503,0.0065849220857180854,-0.032813547555043586
834,0,-0.026228625469342133,2.0399268733593043,0.019410146906194171,1.3609420716832801,0.67898480167602415,0.0065849220857931573,-0.03281354755513529
835,0,-0.026228625469247962,2.0399268734129423,0.019410146906194123,1.3609420717358685,0.67898480167707387,0.0065849220859132878,-0.032813547555161249
836,0,-0.026228625469265972,2.0399268734647649,0.019410146906191091,1.3609420717866494,0.67898480167811537,0.0065849220859962995,-0.032813547555262272
837,0,-0.026228625469211363,2.0399268735148417,0.01941014690619166,1.3609420718356822,0.67898480167915964,0.0065849220860706237,-0.032813547555281986
838,0,-0.026228625469187236,2.0399268735632434,0.019410146906190476,1.3609420718831038,0.67898480168013942,0.0065849220861642155,-0.032813547555351451
839,0,-0.026228625469138601,2.0399268736099279,0.019410146906180509,1.3609420719288434,0.67898480168108455,0.0065849220862579808,-0.032813547555396581
840,0,-0.02622862546910433,2.0399268736549319,0.01941014690618257,1.3609420719729777,0.67898480168195419,0.0065849220863363599,-0.032813547555440692
841,0,-0.026228625469072397,2.0399268736984126,0.019410146906181019,1.3609420720155536,0.67898480168285913,0.0065849220864153462,-0.032813547555487745
842,0,-0.026228625469042418,2.0399268737403951,0.019410146906177206,1.3609420720566623,0.67898480168373254,0.006584922086496278,-0.032813547555538697
843,0,-0.02622862546901969,2.0399268737810212,0.019410146906177175,1.3609420720964533,0.67898480168456776,0.0065849220865551398,-0.032813547555574828
844,0,-0.026228625469000781,2.0399268738201761,0.01941014690617341,1.3609420721347993,0.67898480168537667,0.0065849220866416851,-0.032813547555642468
845,0,-0.02622862546894798,2.0399268738579779,0.01941014690617391,1.3609420721718459,0.67898480168613184,0.006584922086718608,-0.032813547555666588
846,0,-0.026228625468922847,2.0399268738944163,0.019410146906173004,1.3609420722075352,0.67898480168688102,0.0065849220867872137,-0.03281354755571006
847,0,-0.026228625468885713,2.0399268739296503,0.019410146906170333,1.3609420722420245,0.67898480168762587,0.0065849220868466349,-0.032813547555732347
848,0,-0.026228625468885557,2.0399268739637386,0.019410146906167373,1.3609420722753953,0.67898480168834319,0.0065849220868884088,-0.032813547555773967
849,0,-0.026228625468849853,2.039926873996571,0.019410146906170128,1.3609420723075649,0.6789848016890061,0.0065849220869693961,-0.03281354755581925
850,0,-0.026228625468844562,2.0399268740282759,0.019410146906165909,1.3609420723386063,0.67898480168966979,0.0065849220869980849,-0.032813547555842648
851,0,-0.026228625468818132,2.0399268740589358,0.019410146906163203,1.3609420723686083,0.67898480169032727,0.0065849220870557541,-0.032813547555873887
852,0,-0.026228625468789506,2.0399268740884708,0.019410146906165188,1.3609420723975287,0.678984801690942,0.0065849220871073274,-0.032813547555896834
853,0,-0.026228625468795029,2.0399268741169898,0.019410146906160563,1.3609420724254564,0.67898480169153319,0.0065849220871461228,-0.032813547555941153
854,0,-0.026228625468741981,2.0399268741445957,0.019410146906161985,1.3609420724524546,0.67898480169214104,0.0065849220872192128,-0.032813547555961192
855,0,-0.026228625468705621,2.0399268741712002,0.019410146906160879,1.3609420724785202,0.67898480169268005,0.006584922087281302,-0.032813547555986922
856,0,-0.026228625468695709,2.0399268741969152,0.019410146906164303,1.3609420725036514,0.67898480169326358,0.0065849220873008428,-0.032813547555996553
857,0,-0.02622862546869251,2.0399268742217429,0.019410146906161135,1.3609420725279766,0.67898480169376629,0.0065849220873586802,-0.03281354755605119
858,0,-0.026228625468670247,2.0399268742456096,0.01941014690615897,1.3609420725513581,0.67898480169425146,0.0065849220873837322,-0.032813547556053979
859,0,-0.026228625468675874,2.0399268742687369,0.019410146906160781,1.3609420725739607,0.67898480169477637,0.0065849220874066583,-0.032813547556082533
860,0,-0.026228625468670181,2.039926874291087,0.01941014690615547,1.3609420725958397,0.67898480169524711,0.0065849220874323218,-0.032813547556102503
861,0,-0.026228625468596101,2.0399268743126386,0.019410146906159345,1.3609420726169423,0.67898480169569653,0.0065849220874989282,-0.03281354755609503
862,0,-0.026228625468599366,2.0399268743334669,0.019410146906157191,1.3609420726373063,0.6789848016961606,0.0065849220875447423,-0.032813547556144108
863,0,-0.026228625468614201,2.0399268743535521,0.019410146906153749,1.3609420726569812,0.67898480169657105,0.0065849220875497799,-0.032813547556163981
864,0,-0.026228625468606447,2.0399268743728736,0.019410146906153978,1.360942072675871,0.6789848016970027,0.0065849220875717459,-0.032813547556178192
865,0,-0.02622862546858333,2.0399268743916523,0.019410146906154738,1.3609420726942241,0.67898480169742825,0.0065849220876000114,-0.032813547556183341
866,0,-0.026228625468577002,2.0399268744097325,0.019410146906152493,1.3609420727119366,0.67898480169779618,0.0065849220876447812,-0.032813547556221782
867,0,-0.026228625468580027,2.0399268744272048,0.01941014690615539,1.3609420727290038,0.67898480169820097,0.0065849220876558479,-0.032813547556235875
868,0,-0.026228625468518417,2.0399268744440802,0.019410146906152812,1.3609420727455273,0.67898480169855313,0.0065849220877167288,-0.032813547556235147
869,0,-0.026228625468530116,2.0399268744602441,0.019410146906153183,1.3609420727613515,0.67898480169889242,0.0065849220877496817,-0.032813547556279798
870,0,-0.026228625468548365,2.0399268744759174,0.019410146906149266,1.3609420727766679,0.67898480169924935,0.0065849220877467387,-0.032813547556295106
871,0,-0.026228625468536135,2.0399268744912007,0.01941014690615072,1.3609420727915853,0.67898480169961517,0.0065849220877655908,-0.032813547556301725
872,0,-0.026228625468498561,2.0399268745058321,0.019410146906148396,1.3609420728059238,0.67898480169990838,0.0065849220878080568,-0.032813547556306617
873,0,-0.026228625468497975,2.0399268745199537,0.019410146906151966,1.3609420728197301,0.67898480170022379,0.0065849220878194618,-0.032813547556317435
874,0,-0.026228625468480361,2.0399268745335717,0.019410146906153065,1.3609420728330495,0.67898480170052233,0.0065849220878518048,-0.032813547556332166
875,0,-0.026228625468460588,2.0399268745466959,0.019410146906152972,1.360942072845891,0.67898480170080477,0.0065849220878770893,-0.032813547556337676
876,0,-0.026228625468465029,2.0399268745594581,0.019410146906151213,1.3609420728583443,0.67898480170111364,0.0065849220878899861,-0.032813547556355016
877,0,-0.026228625468449535,2.0399268745717243,0.019410146906151622,1.3609420728703456,0.67898480170137854,0.0065849220879304693,-0.032813547556380003
878,0,-0.026228625468464356,2.0399268745835548,0.019410146906150852,1.3609420728819035,0.67898480170165132,0.0065849220879172412,-0.032813547556381599
879,0,-0.026228625468420311,2.0399268745950119,0.019410146906149658,1.3609420728930879,0.67898480170192399,0.0065849220879493665,-0.032813547556369678
880,0,-0.026228625468443047,2.0399268746060741,0.019410146906145873,1.3609420729039252,0.67898480170214892,0.0065849220879557763,-0.032813547556398821
881,0,-0.026228625468419437,2.0399268746167771,0.019410146906146657,1.3609420729143609,0.67898480170241626,0.0065849220879937408,-0.032813547556413178
882,0,-0.026228625468411641,2.0399268746270871,0.019410146906149197,1.3609420729244652,0.67898480170262188,0.0065849220880077894,-0.03281354755641943
883,0,-0.026228625468420638,2.0399268746369392,0.019410146906148205,1.3609420729341077,0.6789848017028316,0.0065849220880156338,-0.032813547556436271
884,0,-0.026228625468397077,2.0399268746465085,0.019410146906150446,1.3609420729434298,0.67898480170307873,0.0065849220880368608,-0.032813547556433939
885,0,-0.026228625468413619,2.0399268746558232,0.019410146906149804,1.3609420729525201,0.678984801703303,0.0065849220880194789,-0.032813547556433099
886,0,-0.026228625468393801,2.0399268746647685,0.019410146906147667,1.3609420729612758,0.67898480170349262,0.0065849220880665133,-0.032813547556460314
887,0,-0.026228625468389773,2.0399268746734269,0.019410146906148531,1.3609420729697437,0.67898480170368336,0.0065849220880705066,-0.032813547556460279
888,0,-0.026228625468367867,2.0399268746817256,0.019410146906149048,1.3609420729778752,0.67898480170385045,0.0065849220881002745,-0.032813547556468141
889,0,-0.026228625468377405,2.0399268746897636,0.019410146906148305,1.3609420729857105,0.6789848017040534,0.0065849220881065438,-0.032813547556483948
890,0,-0.02622862546836853,2.0399268746975219,0.019410146906147049,1.3609420729932953,0.67898480170422681,0.0065849220881221771,-0.032813547556490706
891,0,-0.026228625468365081,2.0399268747049932,0.019410146906146501,1.3609420730006043,0.6789848017043888,0.0065849220881262858,-0.032813547556491365
892,0,-0.02622862546837805,2.0399268747123185,0.019410146906146467,1.3609420730077391,0.67898480170457931,0.0065849220881153197,-0.032813547556493371
893,0,-0.026228625468330623,2.0399268747193195,0.019410146906146106,1.3609420730145856,0.67898480170473385,0.0065849220881487929,-0.032813547556479417
894,0,-0.026228625468336212,2.0399268747260768,0.019410146906149044,1.3609420730211554,0.67898480170492159,0.0065849220881711891,-0.032813547556507401
895,0,-0.026228625468344608,2.0399268747325556,0.019410146906146515,1.3609420730275326,0.67898480170502307,0.0065849220881674083,-0.032813547556512015
896,0,-0.026228625468343338,2.0399268747387733,0.019410146906146772,1.3609420730336008,0.67898480170517239,0.0065849220881552088,-0.032813547556498547
897,0,-0.026228625468326994,2.0399268747448436,0.019410146906148455,1.3609420730395121,0.6789848017053316,0.0065849220881985526,-0.032813547556525546
898,0,-0.026228625468341794,2.039926874750801,0.019410146906143323,1.3609420730453103,0.6789848017054908,0.0065849220881881772,-0.032813547556529973
899,0,-0.026228625468325342,2.0399268747565027,0.019410146906144038,1.3609420730508719,0.6789848017056308,0.0065849220881924724,-0.032813547556517816
900,0,-0.026228625468366219,2.0399268747618979,0.019410146906146692,1.3609420730562034,0.67898480170569442,0.0065849220881874695,-0.03281354755655369
901,0,-0.026228625468340323,2.0399268747670982,0.019410146906144274,1.3609420730612394,0.67898480170585906,0.0065849220882015832,-0.032813547556541908
902,0,-0.026228625468327976,2.0399268747722248,0.019410146906146633,1.3609420730662443,0.67898480170598041,0.0065849220882281513,-0.032813547556556126
903,0,-0.026228625468309168,2.0399268747771244,0.019410146906147108,1.3609420730710122,0.67898480170611208,0.0065849220882329895,-0.032813547556542158
904,0,-0.026228625468325467,2.0399268747819148,0.019410146906145669,1.3609420730756969,0.67898480170621767,0.0065849220882231657,-0.032813547556548632
905,0,-0.026228625468318587,2.0399268747864916,0.019410146906144815,1.360942073080168,0.67898480170632369,0.0065849220882297872,-0.032813547556548375
906,0,-0.026228625468282335,2.0399268747908348,0.019410146906147476,1.3609420730844277,0.67898480170640729,0.0065849220882688627,-0.032813547556551199
907,0,-0.02622862546830354,2.0399268747950945,0.019410146906144728,1.3609420730885817,0.67898480170651299,0.0065849220882581985,-0.03281354755656174
908,0,-0.026228625468319708,2.0399268747992529,0.019410146906147677,1.3609420730926127,0.67898480170664044,0.0065849220882502266,-0.032813547556569934
909,0,-0.026228625468311631,2.0399268748032862,0.019410146906144531,1.3609420730965649,0.67898480170672149,0.0065849220882782441,-0.032813547556589877
910,0,-0.026228625468298728,2.039926874807088,0.019410146906146897,1.3609420731002655,0.67898480170682252,0.00658492208828362,-0.032813547556582348
911,0,-0.026228625468295214,2.0399268748107855,0.019410146906145783,1.3609420731038853,0.67898480170690012,0.0065849220882792372,-0.032813547556574452
912,0,-0.026228625468288781,2.0399268748142991,0.019410146906146234,1.3609420731073341,0.67898480170696496,0.0065849220882926241,-0.032813547556581404
913,0,-0.026228625468317376,2.0399268748178381,0.01941014690614597,1.3609420731107196,0.67898480170711861,0.0065849220882904912,-0.032813547556607869
914,0,-0.026228625468290523,2.0399268748211754,0.019410146906142702,1.3609420731140043,0.67898480170717113,0.0065849220882937039,-0.032813547556584229
915,0,-0.026228625468282803,2.0399268748243564,0.019410146906145016,1.3609420731171695,0.67898480170718678,0.0065849220883000296,-0.032813547556582834
916,0,-0.026228625468271222,2.0399268748274704,0.019410146906145016,1.3609420731201334,0.67898480170733688,0.0065849220883063666,-0.032813547556577588
917,0,-0.026228625468268013,2.0399268748304906,0.019410146906144475,1.3609420731230668,0.6789848017074237,0.0065849220883104969,-0.032813547556578511
918,0,-0.026228625468282397,2.0399268748333794,0.019410146906145318,1.360942073125933,0.67898480170744635,0.0065849220883212947,-0.032813547556603692
919,0,-0.02622862546828621,2.0399268748361621,0.019410146906146931,1.3609420731286648,0.67898480170749742,0.006584922088332109,-0.032813547556618319
920,0,-0.026228625468281638,2.0399268748388923,0.019410146906142321,1.3609420731312583,0.6789848017076342,0.0065849220883114025,-0.032813547556593041
921,0,-0.026228625468284344,2.0399268748414907,0.019410146906147493,1.3609420731338224,0.67898480170766828,0.0065849220883169128,-0.032813547556601257
922,0,-0.026228625468291678,2.0399268748440216,0.019410146906145068,1.3609420731363182,0.67898480170770348,0.0065849220883313101,-0.032813547556622989
923,0,-0.026228625468244591,2.0399268748464001,0.019410146906141873,1.3609420731386459,0.67898480170775433,0.006584922088354153,-0.032813547556598745
924,0,-0.026228625468262427,2.0399268748487982,0.019410146906145346,1.3609420731409068,0.67898480170789155,0.0065849220883432511,-0.032813547556605677
925,0,-0.026228625468268596,2.0399268748510644,0.01941014690614767,1.3609420731431383,0.67898480170792608,0.0065849220883394555,-0.03281354755660805
926,0,-0.026228625468283116,2.039926874853252,0.019410146906141984,1.3609420731453028,0.67898480170794928,0.0065849220883365854,-0.0328135475566197
927,0,-0.026228625468283678,2.0399268748553583,0.01941014690614494,1.3609420731473791,0.67898480170797926,0.0065849220883314697,-0.032813547556615148
928,0,-0.026228625468235733,2.0399268748573083,0.01941014690614707,1.3609420731492463,0.67898480170806186,0.006584922088355245,-0.03281354755659098
929,0,-0.026228625468262406,2.039926874859296,0.019410146906145224,1.3609420731511437,0.67898480170815223,0.0065849220883714915,-0.032813547556633897
930,0,-0.026228625468283966,2.0399268748611692,0.019410146906146262,1.3609420731529986,0.67898480170817055,0.0065849220883344309,-0.032813547556618396
931,0,-0.02622862546824906,2.0399268748630512,0.019410146906144714,1.3609420731548434,0.67898480170820785,0.0065849220883657834,-0.032813547556614843
932,0,-0.026228625468268776,2.0399268748648325,0.019410146906142591,1.3609420731566026,0.67898480170822961,0.0065849220883726902,-0.032813547556641467
933,0,-0.026228625468282408,2.0399268748665587,0.019410146906144683,1.3609420731582962,0.67898480170826236,0.0065849220883449806,-0.032813547556627388
934,0,-0.026228625468246912,2.0399268748681467,0.01941014690614425,1.3609420731597706,0.67898480170837627,0.0065849220883692364,-0.032813547556616147
935,0,-0.026228625468250596,2.0399268748697001,0.019410146906144472,1.3609420731612687,0.67898480170843156,0.0065849220883677376,-0.032813547556618333
936,0,-0.026228625468229867,2.039926874871302,0.019410146906145953,1.3609420731628421,0.67898480170845998,0.0065849220883973407,-0.032813547556627208
937,0,-0.026228625468277623,2.039926874872791,0.019410146906144801,1.3609420731643269,0.67898480170846398,0.0065849220883865273,-0.032813547556664151
938,0,-0.026228625468268037,2.0399268748741863,0.019410146906144597,1.3609420731657276,0.67898480170845887,0.0065849220883646316,-0.032813547556632669
939,0,-0.026228625468255155,2.0399268748756119,0.019410146906146186,1.3609420731671087,0.67898480170850306,0.0065849220883849088,-0.032813547556640066
940,0,-0.026228625468234588,2.0399268748768042,0.019410146906143441,1.3609420731683024,0.67898480170850195,0.0065849220883896636,-0.032813547556624252
941,0,-0.026228625468258875,2.0399268748781099,0.019410146906143688,1.3609420731694721,0.67898480170863751,0.0065849220883815512,-0.032813547556640427
942,0,-0.026228625468259777,2.0399268748793782,0.019410146906143521,1.3609420731707209,0.67898480170865727,0.0065849220883849513,-0.032813547556644729
943,0,-0.026228625468259111,2.0399268748805683,0.019410146906143799,1.3609420731718964,0.67898480170867193,0.0065849220883866157,-0.032813547556645728
944,0,-0.026228625468225176,2.0399268748817727,0.019410146906145058,1.3609420731730599,0.678984801708713,0.0065849220884024911,-0.032813547556627666
945,0,-0.026228625468259444,2.039926874882839,0.019410146906143413,1.3609420731741488,0.67898480170869013,0.0065849220883703952,-0.032813547556629838
946,0,-0.026228625468223073,2.039926874883931,0.019410146906143406,1.3609420731752053,0.67898480170872577,0.0065849220884222374,-0.032813547556645312
947,0,-0.026228625468245712,2.0399268748849604,0.019410146906146047,1.3609420731762643,0.67898480170869613,0.006584922088393722,-0.032813547556639434
948,0,-0.026228625468231355,2.0399268748859045,0.019410146906143653,1.3609420731771924,0.67898480170871212,0.0065849220884184861,-0.032813547556649843
949,0,-0.026228625468267978,2.0399268748869135,0.019410146906146709,1.3609420731781279,0.67898480170878572,0.0065849220883908519,-0.032813547556658829
950,0,-0.026228625468222924,2.0399268748877954,0.019410146906141332,1.3609420731789443,0.67898480170885123,0.0065849220884076354,-0.03281354755663056
951,0,-0.026228625468227858,2.0399268748886432,0.019410146906144274,1.3609420731797461,0.67898480170889719,0.0065849220884093233,-0.032813547556637179
952,0,-0.026228625468258139,2.0399268748896251,0.019410146906142071,1.3609420731806416,0.67898480170898345,0.0065849220883812468,-0.032813547556639386
953,0,-0.026228625468247016,2.039926874890444,0.019410146906142411,1.3609420731814967,0.67898480170894704,0.0065849220883918234,-0.032813547556638838
954,0,-0.026228625468203589,2.0399268748911998,0.019410146906143844,1.3609420731822206,0.67898480170897935,0.0065849220884361499,-0.03281354755663974
955,0,-0.026228625468245489,2.0399268748920436,0.019410146906144014,1.3609420731830548,0.67898480170898889,0.0065849220883992176,-0.032813547556644708
956,0,-0.026228625468256946,2.039926874892783,0.019410146906146043,1.3609420731838282,0.67898480170895481,0.0065849220884000303,-0.032813547556656976
957,0,-0.026228625468224336,2.0399268748934682,0.019410146906144267,1.3609420731845121,0.67898480170895592,0.0065849220884154867,-0.032813547556639823
958,0,-0.026228625468218861,2.0399268748942037,0.019410146906143615,1.3609420731852342,0.67898480170896947,0.0065849220884265204,-0.032813547556645381
959,0,-0.026228625468228389,2.0399268748948058,0.019410146906146598,1.3609420731858681,0.67898480170893782,0.006584922088411803,-0.032813547556640191
960,0,-0.026228625468228822,2.0399268748955222,0.019410146906145159,1.3609420731865163,0.67898480170900577,0.006584922088404192,-0.032813547556633016
961,0,-0.026228625468239581,2.0399268748961532,0.019410146906145037,1.3609420731871524,0.67898480170900066,0.0065849220884028024,-0.032813547556642383
962,0,-0.026228625468234346,2.0399268748966133,0.019410146906144562,1.3609420731876234,0.67898480170898978,0.006584922088419147,-0.032813547556653493
963,0,-0.026228625468225852,2.0399268748971742,0.019410146906143792,1.3609420731880868,0.67898480170908726,0.0065849220884195408,-0.032813547556645395
964,0,-0.026228625468232972,2.0399268748977768,0.019410146906141502,1.3609420731885946,0.67898480170918207,0.0065849220884212512,-0.032813547556654221
965,0,-0.026228625468240757,2.0399268748984234,0.019410146906146303,1.3609420731892168,0.67898480170920672,0.0065849220884092244,-0.032813547556649982
966,0,-0.026228625468239092,2.0399268748991379,0.019410146906142713,1.3609420731898862,0.67898480170925168,0.0065849220884229703,-0.032813547556662062
967,0,-0.026228625468230723,2.0399268748992432,0.019410146906143913,1.3609420731900534,0.67898480170918996,0.0065849220884206675,-0.03281354755665139
968,0,-0.02622862546822817,2.0399268748998534,0.019410146906143486,1.3609420731905497,0.67898480170930375,0.0065849220884352721,-0.032813547556663443
969,0,-0.026228625468238995,2.0399268749004089,0.019410146906146269,1.360942073191169,0.67898480170923992,0.0065849220884227899,-0.032813547556661785
970,0,-0.026228625468216873,2.0399268749008272,0.019410146906141339,1.3609420731915625,0.6789848017092649,0.0065849220884387155,-0.032813547556655588
971,0,-0.026228625468227847,2.0399268749014956,0.019410146906144812,1.3609420731921986,0.67898480170929698,0.0065849220884080274,-0.032813547556635875
972,0,-0.026228625468207659,2.0399268749016355,0.019410146906144912,1.3609420731925113,0.67898480170912412,0.0065849220884373078,-0.032813547556644965
973,0,-0.026228625468241465,2.0399268749020063,0.01941014690614443,1.3609420731927775,0.67898480170922892,0.006584922088419945,-0.03281354755666141
974,0,-0.026228625468239945,2.0399268749025641,0.019410146906144472,1.360942073193329,0.67898480170923481,0.0065849220884048095,-0.032813547556644757
975,0,-0.026228625468243741,2.0399268749027488,0.019410146906142411,1.360942073193611,0.678984801709138,0.0065849220884096693,-0.032813547556653409
976,0,-0.026228625468264946,2.03992687490316,0.019410146906147625,1.3609420731939748,0.67898480170918518,0.0065849220884100518,-0.032813547556674996
977,0,-0.02622862546825358,2.0399268749036255,0.019410146906143969,1.3609420731944262,0.67898480170919917,0.006584922088402452,-0.032813547556656032
978,0,-0.026228625468235803,2.0399268749039474,0.019410146906144305,1.3609420731947868,0.67898480170916076,0.0065849220884188694,-0.032813547556654672
979,0,-0.026228625468245094,2.0399268749042623,0.019410146906144714,1.3609420731950819,0.6789848017091803,0.0065849220884170567,-0.032813547556662152
980,0,-0.026228625468232687,2.039926874904519,0.019410146906142487,1.3609420731953754,0.67898480170914366,0.0065849220884272386,-0.032813547556659925
981,0,-0.026228625468206909,2.0399268749047792,0.019410146906141876,1.3609420731956068,0.67898480170917264,0.0065849220884321167,-0.032813547556639025
982,0,-0.026228625468252373,2.039926874904995,0.01941014690614376,1.3609420731958239,0.67898480170917119,0.0065849220884316639,-0.032813547556684038
983,0,-0.026228625468224961,2.0399268749053916,0.019410146906140808,1.360942073196135,0.67898480170925657,0.0065849220884276168,-0.032813547556652577
984,0,-0.026228625468231917,2.0399268749056163,0.019410146906145547,1.3609420731964443,0.67898480170917208,0.0065849220884271198,-0.032813547556659037
985,0,-0.026228625468209886,2.0399268749060564,0.01941014690614597,1.3609420731967776,0.67898480170927855,0.0065849220884475184,-0.032813547556657406
986,0,-0.02622862546824669,2.039926874906369,0.019410146906142723,1.3609420731970587,0.67898480170931053,0.0065849220884226451,-0.032813547556669334
987,0,-0.026228625468249493,2.0399268749064139,0.019410146906145048,1.3609420731971364,0.67898480170927733,0.0065849220884328591,-0.032813547556682351
988,0,-0.026228625468240466,2.0399268749063064,0.019410146906145571,1.3609420731969655,0.67898480170934106,0.0065849220884416975,-0.032813547556682164
989,0,-0.026228625468250822,2.0399268749067887,0.019410146906145037,1.3609420731972846,0.67898480170950415,0.0065849220884336875,-0.032813547556684509
990,0,-0.026228625468222459,2.0399268749070423,0.019410146906145016,1.3609420731975888,0.67898480170945352,0.0065849220884332251,-0.032813547556655685
991,0,-0.02622862546821815,2.0399268749074979,0.019410146906144937,1.3609420731979678,0.67898480170953024,0.0065849220884198686,-0.032813547556638019
992,0,-0.026228625468220797,2.0399268749077293,0.019410146906142584,1.36094207319826,0.6789848017094694,0.0065849220884433594,-0.032813547556664158
993,0,-0.026228625468213328,2.0399268749075463,0.019410146906142872,1.3609420731981929,0.67898480170935338,0.0065849220884553273,-0.032813547556668654
994,0,-0.026228625468236667,2.039926874907779,0.019410146906145304,1.3609420731983073,0.67898480170947162,0.0065849220884193309,-0.032813547556655998
995,0,-0.026228625468228538,2.0399268749080184,0.019410146906146071,1.3609420731985775,0.67898480170944087,0.0065849220884335712,-0.032813547556662111
996,0,-0.02622862546822511,2.0399268749082742,0.01941014690614631,1.3609420731987691,0.67898480170950493,0.0065849220884366547,-0.032813547556661764
997,0,-0.026228625468291161,2.0399268749086144,0.019410146906143916,1.3609420731991033,0.67898480170951081,0.0065849220883842383,-0.032813547556675399
998,0,-0.026228625468217508,2.0399268749086295,0.019410146906144933,1.3609420731992516,0.67898480170937769,0.0065849220884437419,-0.03281354755666125
999,0,-0.026228625468214729,2.039926874908645,0.019410146906143264,1.3609420731992246,0.67898480170942055,0.0065849220884499297,-0.032813547556664657
