step,physical_time,inner_iter,cfl,dt,rho,rhou,rhov,rhoE,residual_l2,residual_linf
1,0,80,1,0,1.80259,129.564,221.313,451.549,451.549,50.1
2,0,80,1,0,9315.62,2.01617e+06,774871,1.33805e+08,1.33805e+08,5.19106e+07
3,0,80,1,0,54432,2.96686e+06,5.17978e+06,2.74717e+08,2.74717e+08,1.17149e+08
4,0,80,1,0,50696.8,2.75235e+06,4.81666e+06,2.61947e+08,2.61947e+08,1.11288e+08
5,0,80,1,0,47892.3,2.59894e+06,4.5573e+06,2.4979e+08,2.4979e+08,1.06073e+08
6,0,80,1,0,45329.5,2.46476e+06,4.32433e+06,2.3796e+08,2.3796e+08,1.00878e+08
7,0,4,1,0,43028.7,2.33638e+06,4.10716e+06,2.26541e+08,2.26541e+08,9.56897e+07
8,0,4,1.02,0,40863,2.21929e+06,3.90629e+06,2.15913e+08,2.15913e+08,9.11655e+07
9,0,4,1.0404,0,38844.8,2.10882e+06,3.71594e+06,2.05713e+08,2.05713e+08,8.68256e+07
10,0,4,1.06121,0,36927.9,2.00401e+06,3.53505e+06,1.95912e+08,1.95912e+08,8.26513e+07
11,0,4,1.08243,0,35079.4,1.90427e+06,3.36284e+06,1.86498e+08,1.86498e+08,7.86352e+07
12,0,4,1.10408,0,33344.7,1.80964e+06,3.19894e+06,1.77473e+08,1.77473e+08,7.47749e+07
13,0,4,1.12616,0,31702.7,1.71964e+06,3.04267e+06,1.6882e+08,1.6882e+08,7.10693e+07
14,0,4,1.14869,0,30141,1.63397e+06,2.8936e+06,1.60526e+08,1.60526e+08,6.75163e+07
15,0,4,1.17166,0,28660.8,1.55238e+06,2.75148e+06,1.5259e+08,1.5259e+08,6.4128e+07
16,0,4,1.19509,0,27249.1,1.47455e+06,2.61587e+06,1.44995e+08,1.44995e+08,6.0883e+07
17,0,4,1.21899,0,25905.3,1.40052e+06,2.48643e+06,1.37723e+08,1.37723e+08,5.77771e+07
18,0,4,1.24337,0,24628.5,1.33008e+06,2.36299e+06,1.30768e+08,1.30768e+08,5.48068e+07
19,0,4,1.26824,0,23405.8,1.26314e+06,2.24514e+06,1.24119e+08,1.24119e+08,5.19683e+07
20,0,4,1.29361,0,22248.6,1.19939e+06,2.13277e+06,1.17768e+08,1.17768e+08,4.92575e+07
21,0,4,1.31948,0,21116,1.13869e+06,2.02563e+06,1.11703e+08,1.11703e+08,4.66702e+07
22,0,4,1.34587,0,20064.8,1.08094e+06,1.92362e+06,1.05922e+08,1.05922e+08,4.42022e+07
23,0,4,1.37279,0,19067.1,1.02601e+06,1.8266e+06,1.00417e+08,1.00417e+08,4.18493e+07
24,0,4,1.40024,0,18117.6,973740,1.73414e+06,9.51679e+07,9.51679e+07,3.96074e+07
25,0,4,1.42825,0,17214.4,924013,1.64605e+06,9.01667e+07,9.01667e+07,3.74724e+07
26,0,4,1.45681,0,16355.5,876723,1.56216e+06,8.54042e+07,8.54042e+07,3.54403e+07
27,0,4,1.48595,0,15539.8,831776,1.48234e+06,8.08735e+07,8.08735e+07,3.3507e+07
28,0,4,1.51567,0,14765.1,789060,1.40639e+06,7.65643e+07,7.65643e+07,3.16686e+07
29,0,4,1.54598,0,14003.2,748471,1.33417e+06,7.24674e+07,7.24674e+07,2.99213e+07
30,0,4,1.5769,0,13304.3,709942,1.26565e+06,6.85778e+07,6.85778e+07,2.82614e+07
31,0,4,1.60844,0,12641.9,673375,1.20058e+06,6.4886e+07,6.4886e+07,2.66851e+07
32,0,4,1.56018,0,12013.2,638677,1.13878e+06,6.1383e+07,6.1383e+07,2.51889e+07
33,0,4,1.51338,0,11432.1,606598,1.08157e+06,5.8145e+07,5.8145e+07,2.38052e+07
34,0,4,1.46798,0,10894.9,576920,1.02858e+06,5.51503e+07,5.51503e+07,2.25244e+07
35,0,4,1.42394,0,10372.6,549164,979214,5.23724e+07,5.23724e+07,2.13381e+07
36,0,4,1.38122,0,9912.51,523706,933663,4.98058e+07,4.98058e+07,2.02382e+07
37,0,4,1.33978,0,9486.33,500101,891391,4.74276e+07,4.74276e+07,1.92177e+07
38,0,4,1.29959,0,9091.39,478200,852141,4.52226e+07,4.52226e+07,1.827e+07
39,0,4,1.2606,0,8725.21,457866,815676,4.31769e+07,4.31769e+07,1.73893e+07
40,0,4,1.22278,0,8385.55,438973,781777,4.12779e+07,4.12779e+07,1.657e+07
41,0,4,1.1861,0,8070.3,421407,750246,3.9514e+07,3.9514e+07,1.58073e+07
42,0,4,1.15052,0,7777.56,405065,720899,3.78746e+07,3.78746e+07,1.50968e+07
43,0,4,1.116,0,7505.59,389850,693572,3.635e+07,3.635e+07,1.44342e+07
44,0,4,1.08252,0,7252.79,375676,668108,3.49313e+07,3.49313e+07,1.38158e+07
45,0,4,1.05005,0,7017.65,362460,644366,3.36102e+07,3.36102e+07,1.32382e+07
46,0,4,1.01854,0,6798.83,350132,622216,3.23793e+07,3.23793e+07,1.26983e+07
47,0,4,1,0,6595.07,338621,601540,3.12318e+07,3.12318e+07,1.21932e+07
48,0,4,1,0,6403.69,327771,582080,3.01527e+07,3.01527e+07,1.17166e+07
49,0,4,1,0,6221.61,317425,563530,2.91254e+07,2.91254e+07,1.12613e+07
50,0,4,1,0,6048.39,307558,545847,2.81474e+07,2.81474e+07,1.08264e+07
51,0,4,1,0,5883.62,298145,528990,2.72162e+07,2.72162e+07,1.04108e+07
52,0,4,1,0,5726.87,289164,512918,2.63295e+07,2.63295e+07,1.00136e+07
53,0,4,1,0,5577.61,280594,497587,2.54852e+07,2.54852e+07,9.63384e+06
54,0,4,1,0,5435.16,272412,482956,2.4681e+07,2.4681e+07,9.27077e+06
55,0,4,1,0,5299.64,264602,469001,2.39151e+07,2.39151e+07,8.92365e+06
56,0,4,1,0,5170.71,257146,455692,2.31856e+07,2.31856e+07,8.59173e+06
57,0,4,1,0,5048.03,250026,442996,2.24907e+07,2.24907e+07,8.27429e+06
58,0,4,1,0,4931.3,243227,430885,2.18287e+07,2.18287e+07,7.97063e+06
59,0,4,1,0,4820.21,236731,419330,2.1198e+07,2.1198e+07,7.6801e+06
60,0,4,1,0,4714.48,230525,408303,2.05971e+07,2.05971e+07,7.40208e+06
61,0,4,1,0,4613.86,224595,397783,2.00246e+07,2.00246e+07,7.13597e+06
62,0,4,1,0,4518.01,218927,387743,1.94791e+07,1.94791e+07,6.88121e+06
63,0,4,1,0,4426.7,213507,378157,1.89591e+07,1.89591e+07,6.63727e+06
64,0,4,1,0,4339.72,208322,369002,1.84633e+07,1.84633e+07,6.40363e+06
65,0,4,1,0,4256.9,203361,360262,1.79906e+07,1.79906e+07,6.17981e+06
66,0,4,1,0,4177.98,198614,351913,1.75398e+07,1.75398e+07,5.96514e+06
67,0,4,1,0,4102.35,194049,343913,1.71089e+07,1.71089e+07,5.7558e+06
68,0,4,1,0,4030.3,189679,336270,1.66979e+07,1.66979e+07,5.55497e+06
69,0,4,1,0,3961.63,185493,328968,1.63058e+07,1.63058e+07,5.36228e+06
70,0,4,1,0,3896.18,181483,321990,1.59315e+07,1.59315e+07,5.17735e+06
71,0,4,1,0,3833.8,177642,315321,1.55744e+07,1.55744e+07,4.99985e+06
72,0,4,1,0,3774.27,173960,308944,1.52335e+07,1.52335e+07,4.82945e+06
73,0,4,1,0,3717.5,170432,302850,1.49081e+07,1.49081e+07,4.66583e+06
74,0,4,1,0,3663.31,167048,297019,1.45973e+07,1.45973e+07,4.50868e+06
75,0,4,1,0,3611.59,163802,291441,1.43004e+07,1.43004e+07,4.35774e+06
76,0,4,1,0,3562.2,160687,286102,1.40166e+07,1.40166e+07,4.21271e+06
77,0,4,1,0,3515.04,157696,280992,1.37453e+07,1.37453e+07,4.07335e+06
78,0,4,1,0,3470,154825,276099,1.34859e+07,1.34859e+07,3.9394e+06
79,0,4,1,0,3426.95,152068,271413,1.32378e+07,1.32378e+07,3.81064e+06
80,0,4,1,0,3385.79,149418,266924,1.30005e+07,1.30005e+07,3.68683e+06
81,0,4,1,0,3346.42,146871,262622,1.27733e+07,1.27733e+07,3.56777e+06
82,0,4,1,0,3308.68,144421,258496,1.25558e+07,1.25558e+07,3.45325e+06
83,0,4,1,0,3272.54,142063,254538,1.23474e+07,1.23474e+07,3.34308e+06
84,0,4,1,0,3237.92,139795,250741,1.21477e+07,1.21477e+07,3.23709e+06
85,0,4,1,0,3204.74,137611,247097,1.19563e+07,1.19563e+07,3.13509e+06
86,0,4,1,0,3172.92,135507,243598,1.17726e+07,1.17726e+07,3.03693e+06
87,0,4,1,0,3142.37,133479,240234,1.15964e+07,1.15964e+07,2.94243e+06
88,0,4,1,0,3113.02,131524,237002,1.14271e+07,1.14271e+07,2.85145e+06
89,0,4,1,0,3084.84,129638,233894,1.12646e+07,1.12646e+07,2.76384e+06
90,0,4,1,0,3057.77,127820,230905,1.11085e+07,1.11085e+07,2.67946e+06
91,0,4,1,0,3031.71,126064,228030,1.09584e+07,1.09584e+07,2.59816e+06
92,0,4,1,0,3006.65,124370,225263,1.08142e+07,1.08142e+07,2.51984e+06
93,0,4,1,0,2982.54,122734,222599,1.06754e+07,1.06754e+07,2.44979e+06
94,0,4,1,0,2959.31,121153,220033,1.05418e+07,1.05418e+07,2.41985e+06
95,0,4,1,0,2936.83,119622,217556,1.0413e+07,1.0413e+07,2.39034e+06
96,0,4,1,0,2915.15,118142,215169,1.02891e+07,1.02891e+07,2.36125e+06
97,0,4,1,0,2894.24,116711,212866,1.01696e+07,1.01696e+07,2.33257e+06
98,0,4,1,0,2874.05,115326,210645,1.00544e+07,1.00544e+07,2.3043e+06
99,0,5,1,0,2854.51,113985,208500,9.94326e+06,9.94326e+06,2.27641e+06
100,0,5,1,0,2835.52,112685,206428,9.83608e+06,9.83608e+06,2.24898e+06
101,0,5,1,0,2817.16,111425,204426,9.73265e+06,9.73265e+06,2.22192e+06
102,0,4,1,0,2799.38,110205,202492,9.63274e+06,9.63274e+06,2.19523e+06
103,0,4,1,0,2782.23,109023,200623,9.53617e+06,9.53617e+06,2.16882e+06
104,0,4,1,0,2765.62,107877,198815,9.4428e+06,9.4428e+06,2.14276e+06
105,0,5,1,0,2749.5,106764,197065,9.35246e+06,9.35246e+06,2.11705e+06
106,0,5,1,0,2733.75,105682,195367,9.26493e+06,9.26493e+06,2.09174e+06
107,0,5,1,0,2718.44,104631,193721,9.18013e+06,9.18013e+06,2.06675e+06
108,0,5,1,0,2703.57,103610,192126,9.09796e+06,9.09796e+06,2.04209e+06
109,0,5,1,0,2689.1,102618,190579,9.01831e+06,9.01831e+06,2.01775e+06
110,0,5,1,0,2683.82,101639,189067,8.94121e+06,8.94121e+06,1.99371e+06
111,0,5,1,0,2669.74,100701,187610,8.86612e+06,8.86612e+06,1.98492e+06
112,0,5,1,0,2656.02,99788.6,186195,8.79321e+06,8.79321e+06,1.97684e+06
113,0,5,1,0,2642.66,98900.7,184821,8.72242e+06,8.72242e+06,1.96849e+06
114,0,5,1,0,2629.63,98036.5,183487,8.65365e+06,8.65365e+06,1.95988e+06
115,0,5,1,0,2616.92,97195.2,182190,8.58683e+06,8.58683e+06,1.95102e+06
116,0,5,1,0,2604.52,96375.9,180930,8.52187e+06,8.52187e+06,1.94191e+06
117,0,5,1,0,2592.42,95577.9,179705,8.45871e+06,8.45871e+06,1.93257e+06
118,0,5,1,0,2580.6,94800.4,178514,8.39727e+06,8.39727e+06,1.92299e+06
119,0,5,1,0,2569.05,94042.3,177355,8.33746e+06,8.33746e+06,1.91319e+06
120,0,5,1,0,2557.76,93303.2,176226,8.27922e+06,8.27922e+06,1.90318e+06
121,0,5,1,0,2546.7,92582.6,175128,8.22252e+06,8.22252e+06,1.89298e+06
122,0,5,1,0,2535.87,91879.4,174057,8.16725e+06,8.16725e+06,1.88261e+06
123,0,5,1,0,2525.26,91193.1,173015,8.11339e+06,8.11339e+06,1.87209e+06
124,0,5,1,0,2514.77,90523.4,171999,8.06087e+06,8.06087e+06,1.8614e+06
125,0,5,1,0,2504.58,89869.3,171009,8.00966e+06,8.00966e+06,1.85055e+06
126,0,5,1,0,2494.58,89230.4,170043,7.95969e+06,7.95969e+06,1.83956e+06
127,0,5,1,0,2484.69,88606.4,169102,7.91091e+06,7.91091e+06,1.82842e+06
128,0,5,1,0,2475.01,87996.7,168183,7.8633e+06,7.8633e+06,1.81715e+06
129,0,5,1,0,2465.51,87400.7,167286,7.81678e+06,7.81678e+06,1.80551e+06
130,0,5,1,0,2456.19,86817.5,166409,7.77123e+06,7.77123e+06,1.79289e+06
131,0,5,1,0,2447.02,86246.9,165553,7.7267e+06,7.7267e+06,1.78013e+06
132,0,5,1,0,2438.02,85688.3,164716,7.68317e+06,7.68317e+06,1.76726e+06
133,0,5,1,0,2429.16,85141.8,163897,7.6406e+06,7.6406e+06,1.75427e+06
134,0,5,1,0,2420.43,84606.9,163098,7.59897e+06,7.59897e+06,1.74117e+06
135,0,5,1,0,2411.88,84083.6,162317,7.55831e+06,7.55831e+06,1.72796e+06
136,0,5,1,0,2403.48,83571.3,161553,7.51853e+06,7.51853e+06,1.71465e+06
137,0,5,1,0,2395.17,83069.6,160806,7.47958e+06,7.47958e+06,1.70124e+06
138,0,5,1,0,2387,82578.1,160075,7.44144e+06,7.44144e+06,1.68773e+06
139,0,5,1,0,2378.96,82096.7,159360,7.4041e+06,7.4041e+06,1.67651e+06
140,0,5,1,0,2371.04,81625.1,158660,7.36752e+06,7.36752e+06,1.67383e+06
141,0,5,1,0,2363.26,81162.9,157975,7.3317e+06,7.3317e+06,1.67092e+06
142,0,5,1,0,2355.58,80709.8,157305,7.29659e+06,7.29659e+06,1.66776e+06
143,0,5,1,0,2348,80265.5,156647,7.26216e+06,7.26216e+06,1.66437e+06
144,0,5,1,0,2340.53,79829.7,156003,7.22839e+06,7.22839e+06,1.66076e+06
145,0,5,1,0,2333.13,79402.4,155372,7.19529e+06,7.19529e+06,1.65692e+06
146,0,5,1,0,2335.05,78983.7,154724,7.16308e+06,7.16308e+06,1.65285e+06
147,0,5,1,0,2327.29,78572.2,154118,7.13119e+06,7.13119e+06,1.64858e+06
148,0,5,1,0,2319.64,78168.3,153524,7.0999e+06,7.0999e+06,1.64409e+06
149,0,5,1,0,2312.1,77771.8,152941,7.06917e+06,7.06917e+06,1.6394e+06
150,0,5,1,0,2304.73,77381.9,152367,7.03895e+06,7.03895e+06,1.6345e+06
151,0,5,1,0,2297.38,76998,151804,7.00925e+06,7.00925e+06,1.62941e+06
152,0,5,1,0,2290.14,76620.9,151250,6.98007e+06,6.98007e+06,1.62412e+06
153,0,5,1,0,2282.99,76250.3,150706,6.95138e+06,6.95138e+06,1.61864e+06
154,0,5,1,0,2275.94,75886.2,150172,6.9232e+06,6.9232e+06,1.61298e+06
155,0,5,1,0,2268.99,75527.9,149647,6.8955e+06,6.8955e+06,1.60713e+06
156,0,5,1,0,2262.12,75175.7,149131,6.86828e+06,6.86828e+06,1.6011e+06
157,0,5,1,0,2255.34,74829.2,148624,6.84151e+06,6.84151e+06,1.5949e+06
158,0,5,1,0,2248.64,74488.3,148126,6.81517e+06,6.81517e+06,1.58853e+06
159,0,5,1,0,2242.01,74152.8,147635,6.78925e+06,6.78925e+06,1.58199e+06
160,0,5,1,0,2241.62,73792.2,147145,6.76392e+06,6.76392e+06,1.57529e+06
161,0,5,1,0,2234.81,73467.9,146670,6.73881e+06,6.73881e+06,1.56843e+06
162,0,5,1,0,2228.09,73148.6,146202,6.71408e+06,6.71408e+06,1.56141e+06
163,0,5,1,0,2221.45,72834.4,145742,6.68975e+06,6.68975e+06,1.55424e+06
164,0,5,1,0,2214.89,72525,145290,6.66581e+06,6.66581e+06,1.54692e+06
165,0,5,1,0,2208.4,72220.2,144843,6.6422e+06,6.6422e+06,1.53945e+06
166,0,5,1,0,2210.12,71914.2,144381,6.6192e+06,6.6192e+06,1.53185e+06
167,0,5,1,0,2203.31,71618.6,143949,6.5963e+06,6.5963e+06,1.5241e+06
168,0,5,1,0,2196.51,71327.8,143523,6.57376e+06,6.57376e+06,1.51622e+06
169,0,5,1,0,2189.81,71041.4,143104,6.55157e+06,6.55157e+06,1.5082e+06
170,0,5,1,0,2183.27,70758.7,142691,6.52968e+06,6.52968e+06,1.50006e+06
171,0,5,1,0,2176.8,70480.1,142284,6.50812e+06,6.50812e+06,1.4918e+06
172,0,5,1,0,2170.42,70205.6,141883,6.48688e+06,6.48688e+06,1.48341e+06
173,0,5,1,0,2164.09,69934.6,141487,6.46593e+06,6.46593e+06,1.4749e+06
174,0,5,1,0,2157.83,69667.2,141096,6.44526e+06,6.44526e+06,1.46627e+06
175,0,5,1,0,2151.64,69403.3,140710,6.42486e+06,6.42486e+06,1.45753e+06
176,0,5,1,0,2145.5,69143,140329,6.40474e+06,6.40474e+06,1.44868e+06
177,0,5,1,0,2139.43,68886.3,139954,6.38489e+06,6.38489e+06,1.43973e+06
178,0,5,1,0,2133.42,68633.1,139583,6.36533e+06,6.36533e+06,1.43067e+06
179,0,5,1,0,2127.48,68383.3,139218,6.34604e+06,6.34604e+06,1.42151e+06
180,0,5,1,0,2121.59,68136.9,138857,6.32702e+06,6.32702e+06,1.41225e+06
181,0,5,1,0,2115.76,67893.6,138501,6.30825e+06,6.30825e+06,1.4029e+06
182,0,5,1,0,2109.96,67653,138148,6.28971e+06,6.28971e+06,1.39345e+06
183,0,5,1,0,2104.21,67415.3,137800,6.27139e+06,6.27139e+06,1.38391e+06
184,0,5,1,0,2098.51,67180.5,137455,6.25329e+06,6.25329e+06,1.37429e+06
185,0,5,1,0,2092.85,66948.6,137114,6.23544e+06,6.23544e+06,1.36458e+06
186,0,5,1,0,2087.24,66719.5,136778,6.2178e+06,6.2178e+06,1.35479e+06
187,0,5,1,0,2081.68,66493.1,136445,6.20038e+06,6.20038e+06,1.34492e+06
188,0,5,1,0,2076.16,66269.5,136116,6.18319e+06,6.18319e+06,1.33497e+06
189,0,5,1,0,2078.06,66005.4,135786,6.16634e+06,6.16634e+06,1.32495e+06
190,0,5,1,0,2072.34,65787.6,135464,6.14956e+06,6.14956e+06,1.31486e+06
191,0,5,1,0,2066.66,65572.2,135145,6.13297e+06,6.13297e+06,1.3047e+06
192,0,5,1,0,2061.03,65358.9,134830,6.11655e+06,6.11655e+06,1.29447e+06
193,0,5,1,0,2055.44,65148,134517,6.10033e+06,6.10033e+06,1.28418e+06
194,0,5,1,0,2049.9,64939.5,134208,6.0843e+06,6.0843e+06,1.27382e+06
195,0,5,1,0,2044.41,64733.4,133902,6.06846e+06,6.06846e+06,1.26341e+06
196,0,5,1,0,2038.97,64529.7,133599,6.05281e+06,6.05281e+06,1.25294e+06
197,0,5,1,0,2033.57,64328,133299,6.03733e+06,6.03733e+06,1.24241e+06
198,0,5,1,0,2028.2,64128.4,133001,6.02201e+06,6.02201e+06,1.23183e+06
199,0,5,1,0,2022.88,63930.8,132706,6.00686e+06,6.00686e+06,1.2212e+06
200,0,5,1,0,2017.59,63735,132414,5.99186e+06,5.99186e+06,1.21053e+06
201,0,5,1,0,2012.34,63541.2,132124,5.97704e+06,5.97704e+06,1.1998e+06
202,0,5,1,0,2007.12,63349.3,131837,5.96236e+06,5.96236e+06,1.18903e+06
203,0,5,1,0,2001.93,63158.9,131552,5.94783e+06,5.94783e+06,1.17822e+06
204,0,5,1,0,1996.77,62970.1,131268,5.93344e+06,5.93344e+06,1.16737e+06
205,0,5,1,0,1991.64,62782.9,130988,5.91919e+06,5.91919e+06,1.15648e+06
206,0,5,1,0,1986.54,62597.3,130709,5.90508e+06,5.90508e+06,1.14556e+06
207,0,5,1,0,1981.47,62413.4,130432,5.89111e+06,5.89111e+06,1.13567e+06
208,0,5,1,0,1976.44,62231.1,130157,5.87728e+06,5.87728e+06,1.14085e+06
209,0,5,1,0,1971.43,62050.3,129885,5.86357e+06,5.86357e+06,1.14595e+06
210,0,5,1,0,1966.47,61871.3,129614,5.85e+06,5.85e+06,1.15096e+06
211,0,5,1,0,1961.53,61693.7,129345,5.83656e+06,5.83656e+06,1.15589e+06
212,0,5,1,0,1956.62,61517.8,129079,5.82325e+06,5.82325e+06,1.16072e+06
213,0,5,1,0,1951.75,61343.3,128814,5.81005e+06,5.81005e+06,1.16548e+06
214,0,5,1,0,1946.9,61170.3,128550,5.79699e+06,5.79699e+06,1.17014e+06
215,0,5,1,0,1942.09,60998.9,128289,5.78404e+06,5.78404e+06,1.17471e+06
216,0,5,1,0,1937.3,60828.7,128029,5.77119e+06,5.77119e+06,1.1792e+06
217,0,5,1,0,1932.54,60660.1,127770,5.75846e+06,5.75846e+06,1.18359e+06
218,0,5,1,0,1927.81,60492.8,127513,5.74584e+06,5.74584e+06,1.1879e+06
219,0,5,1,0,1923.12,60327,127258,5.73334e+06,5.73334e+06,1.19211e+06
220,0,5,1,0,1918.45,60162.5,127004,5.72094e+06,5.72094e+06,1.19623e+06
221,0,5,1,0,1913.81,59999.4,126752,5.70864e+06,5.70864e+06,1.20026e+06
222,0,5,1,0,1909.19,59837.6,126500,5.69644e+06,5.69644e+06,1.20419e+06
223,0,5,1,0,1904.61,59677.2,126251,5.68434e+06,5.68434e+06,1.20803e+06
224,0,5,1,0,1900.06,59518,126002,5.67234e+06,5.67234e+06,1.21178e+06
225,0,5,1,0,1895.54,59360.4,125756,5.6605e+06,5.6605e+06,1.21543e+06
226,0,5,1,0,1891.05,59204.2,125512,5.64878e+06,5.64878e+06,1.21899e+06
227,0,5,1,0,1886.58,59049.1,125269,5.63716e+06,5.63716e+06,1.22245e+06
228,0,5,1,0,1882.15,58895.2,125027,5.62562e+06,5.62562e+06,1.22581e+06
229,0,5,1,0,1877.73,58742.5,124786,5.61416e+06,5.61416e+06,1.22908e+06
230,0,5,1,0,1873.34,58590.8,124546,5.60278e+06,5.60278e+06,1.23225e+06
231,0,5,1,0,1868.98,58440.3,124306,5.59149e+06,5.59149e+06,1.23532e+06
232,0,5,1,0,1864.64,58290.8,124068,5.58027e+06,5.58027e+06,1.23829e+06
233,0,5,1,0,1860.32,58142.2,123831,5.56912e+06,5.56912e+06,1.24117e+06
234,0,5,1,0,1856.02,57994.6,123594,5.55804e+06,5.55804e+06,1.24395e+06
235,0,5,1,0,1851.74,57847.9,123358,5.54704e+06,5.54704e+06,1.24663e+06
236,0,5,1,0,1847.49,57702.2,123123,5.5361e+06,5.5361e+06,1.24921e+06
237,0,5,1,0,1843.24,57556.8,122888,5.52519e+06,5.52519e+06,1.25169e+06
238,0,5,1,0,1839.02,57412.3,122653,5.51434e+06,5.51434e+06,1.25407e+06
239,0,5,1,0,1834.82,57268.7,122419,5.50355e+06,5.50355e+06,1.25635e+06
240,0,5,1,0,1830.64,57126,122185,5.49283e+06,5.49283e+06,1.25853e+06
241,0,5,1,0,1826.48,56984.3,121952,5.48217e+06,5.48217e+06,1.26062e+06
242,0,5,1,0,1822.35,56843.4,121720,5.47157e+06,5.47157e+06,1.2626e+06
243,0,5,1,0,1818.24,56703.4,121489,5.46102e+06,5.46102e+06,1.26449e+06
244,0,5,1,0,1814.15,56564.2,121258,5.45053e+06,5.45053e+06,1.26627e+06
245,0,5,1,0,1810.09,56426,121027,5.4401e+06,5.4401e+06,1.26796e+06
246,0,5,1,0,1806.05,56288.5,120797,5.42972e+06,5.42972e+06,1.26955e+06
247,0,5,1,0,1802.03,56151.9,120568,5.41939e+06,5.41939e+06,1.27103e+06
248,0,5,1,0,1798.04,56016.2,120339,5.40911e+06,5.40911e+06,1.27242e+06
249,0,5,1,0,1794.07,55881.1,120110,5.39887e+06,5.39887e+06,1.27371e+06
250,0,5,1,0,1790.12,55746.9,119882,5.38868e+06,5.38868e+06,1.27491e+06
251,0,5,1,0,1786.19,55613.4,119654,5.37854e+06,5.37854e+06,1.276e+06
252,0,5,1,0,1782.28,55480.7,119427,5.36844e+06,5.36844e+06,1.27699e+06
253,0,5,1,0,1778.52,55350.5,119200,5.35837e+06,5.35837e+06,1.27789e+06
254,0,5,1,0,1774.86,55222.1,118975,5.34834e+06,5.34834e+06,1.27869e+06
255,0,5,1,0,1771.26,55094.9,118750,5.33836e+06,5.33836e+06,1.27939e+06
256,0,5,1,0,1767.7,54968.7,118525,5.32841e+06,5.32841e+06,1.28e+06
257,0,5,1,0,1764.18,54843.5,118301,5.31851e+06,5.31851e+06,1.2805e+06
258,0,5,1,0,1740.44,54679.9,117836,5.30719e+06,5.30719e+06,1.28091e+06
259,0,5,1,0,1736.12,54538.9,117609,5.29725e+06,5.29725e+06,1.28123e+06
260,0,5,1,0,1731.88,54399.5,117383,5.28735e+06,5.28735e+06,1.28144e+06
261,0,5,1,0,1727.71,54261.5,117158,5.27749e+06,5.27749e+06,1.28156e+06
262,0,5,1,0,1723.6,54124.7,116933,5.26766e+06,5.26766e+06,1.28159e+06
263,0,5,1,0,1719.56,53989.4,116708,5.25786e+06,5.25786e+06,1.28152e+06
264,0,5,1,0,1715.57,53855.2,116483,5.2481e+06,5.2481e+06,1.28136e+06
265,0,5,1,0,1711.65,53722.3,116259,5.23836e+06,5.23836e+06,1.2811e+06
266,0,5,1,0,1707.77,53590.5,116035,5.22865e+06,5.22865e+06,1.28075e+06
267,0,5,1,0,1703.94,53459.7,115811,5.21897e+06,5.21897e+06,1.2803e+06
268,0,5,1,0,1700.16,53330.1,115587,5.20931e+06,5.20931e+06,1.27976e+06
269,0,5,1,0,1696.44,53201.5,115364,5.19968e+06,5.19968e+06,1.27913e+06
270,0,5,1,0,1692.75,53073.9,115141,5.19006e+06,5.19006e+06,1.2784e+06
271,0,5,1,0,1689.11,52947.2,114918,5.18047e+06,5.18047e+06,1.27759e+06
272,0,5,1,0,1685.47,52821.9,114694,5.1709e+06,5.1709e+06,1.27668e+06
273,0,5,1,0,1681.87,52697.3,114471,5.16134e+06,5.16134e+06,1.27568e+06
274,0,5,1,0,1678.3,52573.5,114247,5.1518e+06,5.1518e+06,1.27459e+06
275,0,5,1,0,1673.89,52436.9,114048,5.14229e+06,5.14229e+06,1.27341e+06
276,0,5,1,0,1670.4,52314.5,113825,5.13279e+06,5.13279e+06,1.27214e+06
277,0,5,1,0,1666.95,52192.8,113602,5.1233e+06,5.1233e+06,1.2729e+06
278,0,5,1,0,1663.53,52071.8,113379,5.11382e+06,5.11382e+06,1.27449e+06
279,0,5,1,0,1660.14,51951.5,113155,5.10436e+06,5.10436e+06,1.27601e+06
280,0,5,1,0,1656.78,51831.9,112932,5.09491e+06,5.09491e+06,1.27744e+06
281,0,5,1,0,1653.45,51712.9,112709,5.08547e+06,5.08547e+06,1.2788e+06
282,0,5,1,0,1650.15,51594.4,112486,5.07604e+06,5.07604e+06,1.28007e+06
283,0,5,1,0,1646.88,51476.6,112263,5.06662e+06,5.06662e+06,1.28127e+06
284,0,5,1,0,1643.62,51359.3,112040,5.05721e+06,5.05721e+06,1.28238e+06
285,0,5,1,0,1640.37,51242.7,111818,5.04781e+06,5.04781e+06,1.28342e+06
286,0,5,1,0,1637.14,51126.7,111595,5.03842e+06,5.03842e+06,1.28437e+06
287,0,5,1,0,1633.94,51011.2,111372,5.02903e+06,5.02903e+06,1.28525e+06
288,0,5,1,0,1630.76,50896.1,111149,5.01965e+06,5.01965e+06,1.28605e+06
289,0,5,1,0,1627.61,50781.6,110926,5.01027e+06,5.01027e+06,1.28676e+06
290,0,5,1,0,1624.49,50667.9,110704,5.00091e+06,5.00091e+06,1.2874e+06
291,0,5,1,0,1621.4,50554.8,110481,4.99155e+06,4.99155e+06,1.28795e+06
292,0,5,1,0,1618.33,50442,110259,4.9822e+06,4.9822e+06,1.28843e+06
293,0,5,1,0,1615.28,50329.8,110037,4.97287e+06,4.97287e+06,1.28883e+06
294,0,5,1,0,1612.26,50218.1,109814,4.96354e+06,4.96354e+06,1.28914e+06
295,0,5,1,0,1609.26,50106.7,109592,4.95421e+06,4.95421e+06,1.28938e+06
296,0,5,1,0,1606.28,49995.8,109369,4.94488e+06,4.94488e+06,1.28954e+06
297,0,5,1,0,1603.31,49885.2,109146,4.93554e+06,4.93554e+06,1.28962e+06
298,0,5,1,0,1600.36,49774.8,108923,4.92621e+06,4.92621e+06,1.28962e+06
299,0,5,1,0,1597.43,49664.8,108700,4.91687e+06,4.91687e+06,1.28954e+06
300,0,5,1,0,1594.53,49555.3,108477,4.90754e+06,4.90754e+06,1.28938e+06
301,0,5,1,0,1591.64,49446.3,108254,4.89823e+06,4.89823e+06,1.28915e+06
302,0,5,1,0,1588.77,49337.5,108032,4.88891e+06,4.88891e+06,1.28883e+06
303,0,5,1,0,1585.92,49229.2,107809,4.87959e+06,4.87959e+06,1.28844e+06
304,0,5,1,0,1583.09,49121.3,107586,4.87027e+06,4.87027e+06,1.28797e+06
305,0,5,1,0,1580.28,49013.9,107363,4.86095e+06,4.86095e+06,1.28742e+06
306,0,5,1,0,1577.49,48906.8,107140,4.85162e+06,4.85162e+06,1.2868e+06
307,0,5,1,0,1574.73,48800.1,106917,4.84229e+06,4.84229e+06,1.28609e+06
308,0,5,1,0,1571.98,48693.8,106693,4.83295e+06,4.83295e+06,1.28532e+06
309,0,5,1,0,1569.24,48587.7,106470,4.82361e+06,4.82361e+06,1.28446e+06
310,0,5,1,0,1566.53,48481.9,106247,4.81427e+06,4.81427e+06,1.28353e+06
311,0,5,1,0,1563.83,48376.4,106024,4.80491e+06,4.80491e+06,1.28252e+06
312,0,5,1,0,1561.15,48271.3,105800,4.79555e+06,4.79555e+06,1.28143e+06
313,0,5,1,0,1558.48,48166.4,105577,4.78619e+06,4.78619e+06,1.28028e+06
314,0,5,1,0,1555.83,48062,105354,4.77682e+06,4.77682e+06,1.28086e+06
315,0,5,1,0,1553.2,47958,105131,4.76745e+06,4.76745e+06,1.2815e+06
316,0,5,1,0,1550.59,47854.4,104908,4.75807e+06,4.75807e+06,1.28207e+06
317,0,5,1,0,1548.01,47751.2,104685,4.74869e+06,4.74869e+06,1.28257e+06
318,0,5,1,0,1545.44,47648.4,104463,4.73931e+06,4.73931e+06,1.28299e+06
319,0,5,1,0,1542.89,47546,104240,4.72992e+06,4.72992e+06,1.28334e+06
320,0,5,1,0,1540.35,47443.8,104017,4.72053e+06,4.72053e+06,1.28362e+06
321,0,5,1,0,1537.84,47342,103794,4.71113e+06,4.71113e+06,1.28382e+06
322,0,5,1,0,1535.34,47240.6,103572,4.70172e+06,4.70172e+06,1.28395e+06
323,0,5,1,0,1532.87,47139.5,103349,4.69231e+06,4.69231e+06,1.28401e+06
324,0,5,1,0,1530.41,47038.8,103127,4.68289e+06,4.68289e+06,1.284e+06
325,0,5,1,0,1527.97,46938.3,102904,4.67346e+06,4.67346e+06,1.28392e+06
326,0,5,1,0,1525.55,46838.3,102682,4.66402e+06,4.66402e+06,1.28376e+06
327,0,5,1,0,1523.14,46738.5,102459,4.65458e+06,4.65458e+06,1.28353e+06
328,0,5,1,0,1520.76,46639,102237,4.64513e+06,4.64513e+06,1.28323e+06
329,0,5,1,0,1518.39,46539.9,102015,4.63568e+06,4.63568e+06,1.28286e+06
330,0,5,1,0,1516.04,46441.2,101793,4.62622e+06,4.62622e+06,1.28241e+06
331,0,5,1,0,1513.71,46342.9,101572,4.61677e+06,4.61677e+06,1.28189e+06
332,0,5,1,0,1511.4,46244.9,101350,4.60731e+06,4.60731e+06,1.28131e+06
333,0,5,1,0,1509.1,46147.3,101129,4.59787e+06,4.59787e+06,1.28065e+06
334,0,5,1,0,1506.82,46050.2,100908,4.58842e+06,4.58842e+06,1.27992e+06
335,0,5,1,0,1504.57,45953.3,100688,4.57897e+06,4.57897e+06,1.27911e+06
336,0,5,1,0,1502.33,45856.8,100467,4.56951e+06,4.56951e+06,1.27824e+06
337,0,5,1,0,1500.1,45760.7,100247,4.56004e+06,4.56004e+06,1.2773e+06
338,0,5,1,0,1497.9,45664.9,100027,4.55058e+06,4.55058e+06,1.27628e+06
339,0,5,1,0,1495.71,45569.4,99807.1,4.54111e+06,4.54111e+06,1.2752e+06
340,0,5,1,0,1493.54,45474.3,99587.6,4.53163e+06,4.53163e+06,1.27405e+06
341,0,5,1,0,1491.39,45379.5,99368.2,4.52215e+06,4.52215e+06,1.27282e+06
342,0,5,1,0,1489.26,45285,99149.2,4.51266e+06,4.51266e+06,1.27153e+06
343,0,5,1,0,1487.15,45190.9,98930.4,4.50317e+06,4.50317e+06,1.27017e+06
344,0,5,1,0,1485.05,45097.2,98711.9,4.49367e+06,4.49367e+06,1.26873e+06
345,0,5,1,0,1482.98,45003.8,98493.6,4.48417e+06,4.48417e+06,1.26723e+06
346,0,5,1,0,1480.92,44910.7,98275.7,4.47466e+06,4.47466e+06,1.26566e+06
347,0,5,1,0,1478.88,44818,98058.1,4.46515e+06,4.46515e+06,1.26403e+06
348,0,5,1,0,1476.86,44725.7,97840.9,4.45563e+06,4.45563e+06,1.26232e+06
349,0,5,1,0,1474.86,44633.8,97624,4.44612e+06,4.44612e+06,1.26055e+06
350,0,5,1,0,1472.87,44542.2,97407.4,4.4366e+06,4.4366e+06,1.2587e+06
351,0,5,1,0,1470.91,44451,97191.3,4.42707e+06,4.42707e+06,1.2568e+06
352,0,5,1,0,1468.97,44360.1,96975.6,4.41755e+06,4.41755e+06,1.25482e+06
353,0,5,1,0,1467.04,44269.6,96760.2,4.40802e+06,4.40802e+06,1.25278e+06
354,0,5,1,0,1465.13,44179.5,96545.2,4.39849e+06,4.39849e+06,1.25067e+06
355,0,5,1,0,1463.24,44089.8,96330.7,4.38896e+06,4.38896e+06,1.24849e+06
356,0,5,1,0,1461.37,44000.4,96116.6,4.37942e+06,4.37942e+06,1.24624e+06
357,0,5,1,0,1459.52,43911.4,95902.9,4.36989e+06,4.36989e+06,1.24393e+06
358,0,5,1,0,1457.69,43822.8,95689.7,4.36035e+06,4.36035e+06,1.24155e+06
359,0,5,1,0,1455.88,43734.6,95477.1,4.35082e+06,4.35082e+06,1.2391e+06
360,0,5,1,0,1454.08,43646.8,95264.9,4.34128e+06,4.34128e+06,1.23659e+06
361,0,5,1,0,1452.31,43559.4,95053.3,4.33175e+06,4.33175e+06,1.23401e+06
362,0,5,1,0,1450.56,43472.2,94842.1,4.3222e+06,4.3222e+06,1.23136e+06
363,0,5,1,0,1448.83,43385.5,94631.4,4.31264e+06,4.31264e+06,1.22866e+06
364,0,5,1,0,1447.12,43299.2,94421.4,4.30309e+06,4.30309e+06,1.22588e+06
365,0,5,1,0,1445.43,43213.3,94211.9,4.29355e+06,4.29355e+06,1.22305e+06
366,0,5,1,0,1443.76,43127.8,94003.1,4.284e+06,4.284e+06,1.22015e+06
367,0,5,1,0,1442.11,43042.8,93794.9,4.27447e+06,4.27447e+06,1.21718e+06
368,0,5,1,0,1440.47,42958.2,93587.4,4.26494e+06,4.26494e+06,1.21416e+06
369,0,5,1,0,1438.86,42874,93380.5,4.25541e+06,4.25541e+06,1.21107e+06
370,0,5,1,0,1437.26,42790.3,93174.2,4.24589e+06,4.24589e+06,1.20792e+06
371,0,5,1,0,1435.69,42707,92968.7,4.23638e+06,4.23638e+06,1.20471e+06
372,0,5,1,0,1434.13,42624.1,92763.8,4.22687e+06,4.22687e+06,1.20144e+06
373,0,5,1,0,1432.59,42541.7,92559.6,4.21738e+06,4.21738e+06,1.19811e+06
374,0,5,1,0,1431.07,42459.7,92356.2,4.20789e+06,4.20789e+06,1.19471e+06
375,0,5,1,0,1429.57,42378.2,92153.5,4.19841e+06,4.19841e+06,1.19127e+06
376,0,5,1,0,1428.09,42297.2,91951.6,4.18894e+06,4.18894e+06,1.18776e+06
377,0,5,1,0,1426.63,42216.6,91750.5,4.17948e+06,4.17948e+06,1.18419e+06
378,0,5,1,0,1425.19,42136.5,91550.1,4.17003e+06,4.17003e+06,1.18057e+06
379,0,5,1,0,1423.76,42056.9,91350.6,4.16059e+06,4.16059e+06,1.17689e+06
380,0,5,1,0,1422.36,41977.7,91151.8,4.15116e+06,4.15116e+06,1.17315e+06
381,0,5,1,0,1420.97,41899.1,90953.9,4.14175e+06,4.14175e+06,1.16936e+06
382,0,5,1,0,1419.61,41820.9,90756.8,4.13235e+06,4.13235e+06,1.16551e+06
383,0,5,1,0,1418.26,41743.2,90560.5,4.12296e+06,4.12296e+06,1.16161e+06
384,0,5,1,0,1416.93,41666,90365.1,4.11358e+06,4.11358e+06,1.15766e+06
385,0,5,1,0,1415.62,41589.2,90170.6,4.10422e+06,4.10422e+06,1.15365e+06
386,0,5,1,0,1414.33,41513,89976.9,4.09488e+06,4.09488e+06,1.14959e+06
387,0,5,1,0,1413.06,41437.3,89784.2,4.08555e+06,4.08555e+06,1.14547e+06
388,0,5,1,0,1411.8,41362,89592.3,4.07623e+06,4.07623e+06,1.14131e+06
389,0,5,1,0,1410.57,41287.3,89401.4,4.06693e+06,4.06693e+06,1.13709e+06
390,0,5,1,0,1409.35,41213.1,89211.5,4.05765e+06,4.05765e+06,1.13283e+06
391,0,5,1,0,1408.15,41139.4,89022.5,4.04839e+06,4.04839e+06,1.12851e+06
392,0,5,1,0,1406.97,41066.2,88834.4,4.03914e+06,4.03914e+06,1.12414e+06
393,0,5,1,0,1405.81,40993.5,88647.4,4.02991e+06,4.02991e+06,1.11973e+06
394,0,5,1,0,1404.67,40921.4,88461.3,4.02071e+06,4.02071e+06,1.11527e+06
395,0,5,1,0,1403.55,40849.8,88276.3,4.01152e+06,4.01152e+06,1.11076e+06
396,0,5,1,0,1402.44,40778.7,88092.2,4.00235e+06,4.00235e+06,1.1062e+06
397,0,5,1,0,1401.36,40708.2,87909.2,3.9932e+06,3.9932e+06,1.1016e+06
398,0,5,1,0,1400.29,40638.2,87727.2,3.98407e+06,3.98407e+06,1.09695e+06
399,0,5,1,0,1399.24,40568.7,87546.3,3.97497e+06,3.97497e+06,1.09225e+06
400,0,5,1,0,1398.21,40499.7,87366.4,3.96589e+06,3.96589e+06,1.08752e+06
401,0,5,1,0,1397.2,40431.3,87187.6,3.95683e+06,3.95683e+06,1.08273e+06
402,0,5,1,0,1396.2,40363.5,87009.9,3.94779e+06,3.94779e+06,1.07791e+06
403,0,5,1,0,1395.22,40296.2,86833.2,3.93878e+06,3.93878e+06,1.07304e+06
404,0,5,1,0,1394.26,40229.5,86657.7,3.92979e+06,3.92979e+06,1.06813e+06
405,0,5,1,0,1393.32,40163.3,86483.2,3.92083e+06,3.92083e+06,1.06318e+06
406,0,5,1,0,1392.4,40097.7,86309.9,3.91189e+06,3.91189e+06,1.05819e+06
407,0,5,1,0,1391.49,40032.6,86137.8,3.90298e+06,3.90298e+06,1.05316e+06
408,0,5,1,0,1390.61,39968.1,85966.7,3.8941e+06,3.8941e+06,1.04809e+06
409,0,5,1,0,1389.74,39904.1,85796.8,3.88524e+06,3.88524e+06,1.04298e+06
410,0,5,1,0,1388.88,39840.8,85628.1,3.87641e+06,3.87641e+06,1.03783e+06
411,0,5,1,0,1388.05,39778,85460.5,3.86761e+06,3.86761e+06,1.03264e+06
412,0,5,1,0,1387.23,39715.7,85294.1,3.85883e+06,3.85883e+06,1.02742e+06
413,0,5,1,0,1386.43,39654,85128.9,3.85009e+06,3.85009e+06,1.02216e+06
414,0,5,1,0,1385.64,39592.9,84964.9,3.84138e+06,3.84138e+06,1.01687e+06
415,0,5,1,0,1384.87,39532.4,84802,3.83269e+06,3.83269e+06,1.01154e+06
416,0,5,1,0,1384.12,39472.5,84640.4,3.82404e+06,3.82404e+06,1.00617e+06
417,0,5,1,0,1383.39,39413.1,84480,3.81542e+06,3.81542e+06,1.00077e+06
418,0,5,1,0,1382.67,39354.3,84320.8,3.80683e+06,3.80683e+06,995339
419,0,5,1,0,1381.97,39296.1,84162.8,3.79827e+06,3.79827e+06,989874
420,0,5,1,0,1381.28,39238.5,84006.1,3.78974e+06,3.78974e+06,984376
421,0,5,1,0,1380.62,39181.5,83850.6,3.78125e+06,3.78125e+06,978847
422,0,5,1,0,1379.96,39125,83696.4,3.77279e+06,3.77279e+06,973287
423,0,5,1,0,1379.33,39069.2,83543.4,3.76437e+06,3.76437e+06,967697
424,0,5,1,0,1378.71,39013.9,83391.7,3.75598e+06,3.75598e+06,962076
425,0,5,1,0,1378.1,38959.3,83241.2,3.74762e+06,3.74762e+06,956427
426,0,5,1,0,1377.52,38905.2,83092,3.7393e+06,3.7393e+06,950749
427,0,5,1,0,1376.94,38851.7,82944.1,3.73102e+06,3.73102e+06,945043
428,0,5,1,0,1376.39,38798.8,82797.5,3.72277e+06,3.72277e+06,939309
429,0,5,1,0,1375.85,38746.6,82652.1,3.71456e+06,3.71456e+06,933549
430,0,5,1,0,1375.32,38694.9,82508.1,3.70638e+06,3.70638e+06,927763
431,0,5,1,0,1374.81,38643.8,82365.3,3.69825e+06,3.69825e+06,921951
432,0,5,1,0,1374.31,38593.3,82223.8,3.69015e+06,3.69015e+06,916113
433,0,5,1,0,1373.83,38543.4,82083.7,3.68209e+06,3.68209e+06,910252
434,0,5,1,0,1373.37,38494.1,81944.8,3.67406e+06,3.67406e+06,904366
435,0,5,1,0,1372.92,38445.5,81807.3,3.66608e+06,3.66608e+06,898457
436,0,5,1,0,1372.48,38397.4,81671.1,3.65814e+06,3.65814e+06,892525
437,0,5,1,0,1372.06,38349.9,81536.2,3.65024e+06,3.65024e+06,886571
438,0,5,1,0,1371.66,38303.1,81402.7,3.64238e+06,3.64238e+06,880596
439,0,5,1,0,1371.26,38256.8,81270.5,3.63456e+06,3.63456e+06,874599
440,0,5,1,0,1370.89,38211.2,81139.6,3.62678e+06,3.62678e+06,868582
441,0,5,1,0,1370.52,38166.2,81010,3.61904e+06,3.61904e+06,862545
442,0,5,1,0,1370.17,38121.7,80881.8,3.61135e+06,3.61135e+06,856489
443,0,5,1,0,1369.84,38077.9,80755,3.6037e+06,3.6037e+06,850414
444,0,5,1,0,1369.51,38034.7,80629.4,3.59609e+06,3.59609e+06,844320
445,0,5,1,0,1369.21,37992.1,80505.3,3.58852e+06,3.58852e+06,838209
446,0,5,1,0,1368.91,37950,80382.4,3.581e+06,3.581e+06,832080
447,0,5,1,0,1368.63,37908.6,80260.9,3.57352e+06,3.57352e+06,825935
448,0,5,1,0,1368.36,37867.8,80140.8,3.56609e+06,3.56609e+06,819774
449,0,5,1,0,1368.11,37827.6,80022,3.5587e+06,3.5587e+06,813598
450,0,5,1,0,1367.86,37788,79904.5,3.55136e+06,3.55136e+06,807406
451,0,5,1,0,1367.63,37749,79788.4,3.54406e+06,3.54406e+06,801200
452,0,5,1,0,1367.41,37710.6,79673.6,3.5368e+06,3.5368e+06,794980
453,0,5,1,0,1367.21,37672.7,79560.1,3.52959e+06,3.52959e+06,788746
454,0,5,1,0,1367.02,37635.5,79448,3.52243e+06,3.52243e+06,782500
455,0,5,1,0,1366.83,37598.8,79337.2,3.51531e+06,3.51531e+06,776241
456,0,5,1,0,1366.67,37562.8,79227.7,3.50824e+06,3.50824e+06,769970
457,0,5,1,0,1366.51,37527.3,79119.6,3.50121e+06,3.50121e+06,763688
458,0,5,1,0,1366.36,37492.4,79012.9,3.49424e+06,3.49424e+06,757395
459,0,5,1,0,1366.23,37458.2,78907.4,3.48731e+06,3.48731e+06,751092
460,0,5,1,0,1366.11,37424.5,78803.3,3.48042e+06,3.48042e+06,744779
461,0,5,1,0,1365.99,37391.3,78700.6,3.47359e+06,3.47359e+06,738456
462,0,5,1,0,1365.89,37358.8,78599.2,3.4668e+06,3.4668e+06,732125
463,0,5,1,0,1365.81,37326.9,78499.1,3.46006e+06,3.46006e+06,725785
464,0,5,1,0,1365.73,37295.5,78400.3,3.45337e+06,3.45337e+06,719437
465,0,5,1,0,1365.66,37264.7,78302.9,3.44673e+06,3.44673e+06,713082
466,0,5,1,0,1365.6,37234.5,78206.8,3.44014e+06,3.44014e+06,706720
467,0,5,1,0,1365.56,37204.8,78112,3.43359e+06,3.43359e+06,700352
468,0,5,1,0,1365.52,37175.7,78018.5,3.4271e+06,3.4271e+06,693977
469,0,5,1,0,1365.49,37147.2,77926.3,3.42065e+06,3.42065e+06,687597
470,0,5,1,0,1365.48,37119.3,77835.4,3.41426e+06,3.41426e+06,681212
471,0,5,1,0,1365.47,37091.9,77745.9,3.40791e+06,3.40791e+06,674822
472,0,5,1,0,1365.48,37065,77657.6,3.40162e+06,3.40162e+06,668429
473,0,5,1,0,1365.49,37038.8,77570.6,3.39537e+06,3.39537e+06,662031
474,0,5,1,0,1365.51,37013,77485,3.38917e+06,3.38917e+06,655631
475,0,5,1,0,1365.54,36987.9,77400.6,3.38303e+06,3.38303e+06,649227
476,0,5,1,0,1365.58,36963.3,77317.4,3.37693e+06,3.37693e+06,642821
477,0,5,1,0,1365.63,36939.2,77235.6,3.37089e+06,3.37089e+06,636414
478,0,5,1,0,1365.69,36915.6,77155,3.36489e+06,3.36489e+06,630005
479,0,5,1,0,1365.76,36892.6,77075.7,3.35895e+06,3.35895e+06,623594
480,0,5,1,0,1365.83,36870.2,76997.6,3.35305e+06,3.35305e+06,617184
481,0,5,1,0,1365.92,36848.2,76920.8,3.34721e+06,3.34721e+06,610773
482,0,5,1,0,1366.33,36875.3,76844.5,3.34146e+06,3.34146e+06,604362
483,0,5,1,0,1366.37,36852.8,76769.4,3.33572e+06,3.33572e+06,597952
484,0,5,1,0,1366.43,36831,76695.6,3.33003e+06,3.33003e+06,591543
485,0,5,1,0,1366.49,36809.9,76623,3.3244e+06,3.3244e+06,585136
486,0,5,1,0,1366.55,36789.4,76551.7,3.31881e+06,3.31881e+06,578730
487,0,5,1,0,1366.62,36769.5,76481.5,3.31327e+06,3.31327e+06,572327
488,0,5,1,0,1366.69,36750.2,76412.6,3.30779e+06,3.30779e+06,565926
489,0,5,1,0,1366.77,36731.5,76345,3.30236e+06,3.30236e+06,559529
490,0,5,1,0,1366.85,36713.4,76278.5,3.29697e+06,3.29697e+06,554028
491,0,5,1,0,1366.93,36695.8,76213.2,3.29164e+06,3.29164e+06,551195
492,0,5,1,0,1367.02,36678.8,76149.1,3.28636e+06,3.28636e+06,548346
493,0,5,1,0,1367.11,36662.3,76086.2,3.28113e+06,3.28113e+06,545481
494,0,5,1,0,1367.21,36646.4,76024.5,3.27595e+06,3.27595e+06,542601
495,0,5,1,0,1367.33,36631.1,75963.9,3.27082e+06,3.27082e+06,539705
496,0,5,1,0,1367.45,36616.3,75904.5,3.26574e+06,3.26574e+06,536795
497,0,5,1,0,1367.61,36602.2,75846.2,3.26072e+06,3.26072e+06,533869
498,0,5,1,0,1367.77,36588.5,75789.1,3.25575e+06,3.25575e+06,530929
499,0,5,1,0,1367.93,36575.4,75733.1,3.25082e+06,3.25082e+06,527974
500,0,5,1,0,1368.1,36562.7,75678.2,3.24595e+06,3.24595e+06,525005
501,0,5,1,0,1368.27,36550.4,75624.5,3.24113e+06,3.24113e+06,522022
502,0,5,1,0,1368.45,36538.6,75571.8,3.23635e+06,3.23635e+06,519025
503,0,5,1,0,1368.62,36527.3,75520.3,3.23163e+06,3.23163e+06,516015
504,0,5,1,0,1368.8,36516.3,75469.8,3.22696e+06,3.22696e+06,512991
505,0,5,1,0,1368.99,36505.8,75420.4,3.22234e+06,3.22234e+06,509953
506,0,5,1,0,1369.17,36495.7,75372.1,3.21777e+06,3.21777e+06,506903
507,0,5,1,0,1369.36,36486,75324.9,3.21325e+06,3.21325e+06,503840
508,0,5,1,0,1369.55,36476.8,75278.6,3.20878e+06,3.20878e+06,500764
509,0,5,1,0,1369.75,36468,75233.5,3.20436e+06,3.20436e+06,497676
510,0,5,1,0,1369.94,36459.6,75189.3,3.19998e+06,3.19998e+06,494575
511,0,5,1,0,1370.14,36451.6,75146.2,3.19566e+06,3.19566e+06,491462
512,0,5,1,0,1370.34,36444,75104.1,3.19139e+06,3.19139e+06,488338
513,0,5,1,0,1370.55,36436.8,75063,3.18717e+06,3.18717e+06,485202
514,0,5,1,0,1370.75,36430,75022.8,3.18299e+06,3.18299e+06,482054
515,0,5,1,0,1370.96,36423.5,74983.7,3.17886e+06,3.17886e+06,478895
516,0,5,1,0,1371.17,36417.5,74945.5,3.17479e+06,3.17479e+06,475725
517,0,5,1,0,1371.39,36411.8,74908.3,3.17076e+06,3.17076e+06,472544
518,0,5,1,0,1371.6,36406.5,74872,3.16678e+06,3.16678e+06,469353
519,0,5,1,0,1371.82,36401.6,74836.7,3.16284e+06,3.16284e+06,466151
520,0,5,1,0,1372.04,36397,74802.3,3.15896e+06,3.15896e+06,462938
521,0,5,1,0,1372.27,36392.8,74768.8,3.15512e+06,3.15512e+06,459716
522,0,5,1,0,1372.49,36389,74736.3,3.15133e+06,3.15133e+06,457141
523,0,5,1,0,1372.72,36385.5,74704.6,3.14759e+06,3.14759e+06,454609
524,0,5,1,0,1372.95,36382.3,74673.8,3.14389e+06,3.14389e+06,452066
525,0,5,1,0,1373.19,36379.4,74643.9,3.14025e+06,3.14025e+06,449510
526,0,5,1,0,1373.42,36376.9,74614.9,3.13664e+06,3.13664e+06,448017
527,0,5,1,0,1373.66,36374.8,74586.8,3.13309e+06,3.13309e+06,447015
528,0,5,1,0,1373.9,36372.9,74559.5,3.12958e+06,3.12958e+06,446004
529,0,5,1,0,1374.14,36371.4,74533,3.12612e+06,3.12612e+06,444983
530,0,5,1,0,1374.38,36370.2,74507.4,3.1227e+06,3.1227e+06,443952
531,0,5,1,0,1374.63,36369.2,74482.6,3.11933e+06,3.11933e+06,442912
532,0,5,1,0,1374.88,36368.6,74458.6,3.116e+06,3.116e+06,441862
533,0,5,1,0,1375.13,36368.3,74435.4,3.11272e+06,3.11272e+06,440804
534,0,5,1,0,1375.38,36368.3,74413.1,3.10949e+06,3.10949e+06,439738
535,0,5,1,0,1375.63,36368.6,74391.5,3.1063e+06,3.1063e+06,438663
536,0,5,1,0,1375.88,36369.2,74370.6,3.10315e+06,3.10315e+06,437579
537,0,5,1,0,1376.14,36370,74350.6,3.10004e+06,3.10004e+06,436488
538,0,5,1,0,1376.4,36371.1,74331.3,3.09699e+06,3.09699e+06,435388
539,0,5,1,0,1376.66,36372.5,74312.7,3.09397e+06,3.09397e+06,434282
540,0,5,1,0,1376.92,36374.2,74294.9,3.091e+06,3.091e+06,433167
541,0,5,1,0,1377.18,36376.1,74277.8,3.08807e+06,3.08807e+06,432046
542,0,5,1,0,1377.34,36377.8,74259.9,3.08516e+06,3.08516e+06,430917
543,0,5,1,0,1377.5,36379.6,74242.7,3.08228e+06,3.08228e+06,429782
544,0,5,1,0,1377.66,36381.6,74226.3,3.07945e+06,3.07945e+06,428640
545,0,5,1,0,1377.84,36383.9,74210.7,3.07666e+06,3.07666e+06,427491
546,0,5,1,0,1378.03,36386.4,74195.9,3.07392e+06,3.07392e+06,426337
547,0,5,1,0,1378.23,36389.1,74181.8,3.07121e+06,3.07121e+06,425336
548,0,5,1,0,1378.44,36392.1,74168.5,3.06855e+06,3.06855e+06,425192
549,0,5,1,0,1378.65,36395.3,74155.9,3.06593e+06,3.06593e+06,425048
550,0,5,1,0,1378.87,36398.7,74143.9,3.06335e+06,3.06335e+06,424904
551,0,5,1,0,1379.09,36402.3,74132.7,3.0608e+06,3.0608e+06,424760
552,0,5,1,0,1379.32,36406.2,74122.1,3.0583e+06,3.0583e+06,424617
553,0,5,1,0,1379.55,36410.3,74112.2,3.05584e+06,3.05584e+06,424474
554,0,5,1,0,1379.79,36414.6,74102.9,3.05342e+06,3.05342e+06,424330
555,0,5,1,0,1385.22,36419.3,74101.4,3.05318e+06,3.05318e+06,424187
556,0,5,1,0,1385.09,36424.3,74089.7,3.05079e+06,3.05079e+06,424045
557,0,5,1,0,1384.98,36429.4,74078.8,3.04845e+06,3.04845e+06,423902
558,0,5,1,0,1384.89,36434.7,74068.7,3.04614e+06,3.04614e+06,423760
559,0,5,1,0,1384.81,36440.2,74059.3,3.04388e+06,3.04388e+06,423618
560,0,5,1,0,1384.75,36445.9,74050.7,3.04165e+06,3.04165e+06,423476
561,0,5,1,0,1384.7,36451.7,74042.7,3.03946e+06,3.03946e+06,423334
562,0,5,1,0,1384.67,36457.8,74035.4,3.03731e+06,3.03731e+06,423193
563,0,5,1,0,1384.65,36463.9,74028.8,3.03519e+06,3.03519e+06,423052
564,0,5,1,0,1384.65,36470.3,74022.8,3.03311e+06,3.03311e+06,422911
565,0,5,1,0,1384.65,36476.8,74017.4,3.03107e+06,3.03107e+06,422770
566,0,5,1,0,1384.67,36483.4,74012.7,3.02907e+06,3.02907e+06,422629
567,0,5,1,0,1384.69,36490.2,74008.5,3.0271e+06,3.0271e+06,422489
568,0,5,1,0,1384.73,36497.2,74004.9,3.02517e+06,3.02517e+06,422349
569,0,5,1,0,1384.77,36504.3,74001.9,3.02327e+06,3.02327e+06,422209
570,0,5,1,0,1384.82,36511.5,73999.4,3.02141e+06,3.02141e+06,422069
571,0,5,1,0,1384.88,36518.8,73997.5,3.01958e+06,3.01958e+06,421930
572,0,5,1,0,1384.95,36526.3,73996,3.01778e+06,3.01778e+06,421791
573,0,5,1,0,1385.02,36534,73995.1,3.01602e+06,3.01602e+06,421652
574,0,5,1,0,1385.11,36541.7,73994.7,3.0143e+06,3.0143e+06,421513
575,0,5,1,0,1385.19,36549.5,73994.8,3.0126e+06,3.0126e+06,421375
576,0,5,1,0,1385.28,36557.5,73995.3,3.01094e+06,3.01094e+06,421236
577,0,5,1,0,1385.38,36565.6,73996.3,3.00931e+06,3.00931e+06,421098
578,0,5,1,0,1385.48,36573.8,73997.7,3.00771e+06,3.00771e+06,420961
579,0,5,1,0,1385.59,36582,73999.5,3.00614e+06,3.00614e+06,420823
580,0,5,1,0,1385.7,36590.4,74001.8,3.0046e+06,3.0046e+06,420686
581,0,5,1,0,1385.81,36598.9,74004.5,3.00309e+06,3.00309e+06,420549
582,0,5,1,0,1385.93,36607.5,74007.5,3.00162e+06,3.00162e+06,420412
583,0,5,1,0,1386.05,36616.1,74011,3.00017e+06,3.00017e+06,420276
584,0,5,1,0,1386.17,36624.9,74014.8,2.99875e+06,2.99875e+06,420140
585,0,5,1,0,1386.29,36633.7,74019,2.99737e+06,2.99737e+06,420004
586,0,5,1,0,1386.42,36642.6,74023.6,2.99601e+06,2.99601e+06,419868
587,0,5,1,0,1386.55,36651.6,74028.5,2.99467e+06,2.99467e+06,419733
588,0,5,1,0,1386.68,36660.7,74033.8,2.99337e+06,2.99337e+06,419598
589,0,5,1,0,1386.82,36669.8,74039.3,2.9921e+06,2.9921e+06,419463
590,0,5,1,0,1386.95,36679,74045.2,2.99085e+06,2.99085e+06,419329
591,0,5,1,0,1387.09,36688.3,74051.4,2.98963e+06,2.98963e+06,419194
592,0,5,1,0,1387.22,36697.6,74057.9,2.98843e+06,2.98843e+06,419060
593,0,5,1,0,1387.36,36706.9,74064.7,2.98726e+06,2.98726e+06,418927
594,0,5,1,0,1387.5,36716.4,74071.8,2.98612e+06,2.98612e+06,418793
595,0,5,1,0,1387.64,36725.8,74079.1,2.985e+06,2.985e+06,418660
596,0,5,1,0,1387.78,36735.3,74086.6,2.9839e+06,2.9839e+06,418527
597,0,5,1,0,1387.91,36744.8,74094.3,2.98283e+06,2.98283e+06,418395
598,0,5,1,0,1388.05,36754.3,74102.3,2.98179e+06,2.98179e+06,418262
599,0,5,1,0,1388.19,36763.9,74110.6,2.98076e+06,2.98076e+06,418130
600,0,5,1,0,1388.33,36773.5,74119.1,2.97977e+06,2.97977e+06,417999
601,0,5,1,0,1388.46,36783.2,74127.8,2.97879e+06,2.97879e+06,417867
602,0,5,1,0,1388.6,36792.9,74136.7,2.97784e+06,2.97784e+06,417736
603,0,5,1,0,1388.73,36802.6,74145.8,2.97691e+06,2.97691e+06,417605
604,0,5,1,0,1388.87,36812.3,74155.2,2.976e+06,2.976e+06,417475
605,0,5,1,0,1389,36822.1,74164.7,2.97512e+06,2.97512e+06,417344
606,0,5,1,0,1389.14,36831.8,74174.4,2.97426e+06,2.97426e+06,417214
607,0,5,1,0,1389.27,36841.6,74184.3,2.97342e+06,2.97342e+06,417085
608,0,5,1,0,1389.4,36851.4,74194.4,2.9726e+06,2.9726e+06,416955
609,0,5,1,0,1389.53,36861.2,74204.6,2.9718e+06,2.9718e+06,416826
610,0,5,1,0,1389.65,36871,74215,2.97102e+06,2.97102e+06,416698
611,0,5,1,0,1389.78,36880.8,74225.5,2.97026e+06,2.97026e+06,416569
612,0,5,1,0,1389.9,36890.6,74236.2,2.96952e+06,2.96952e+06,416441
613,0,5,1,0,1390.02,36900.4,74247,2.9688e+06,2.9688e+06,416313
614,0,5,1,0,1390.14,36910.2,74257.9,2.9681e+06,2.9681e+06,416186
615,0,5,1,0,1390.26,36919.9,74269,2.96742e+06,2.96742e+06,416058
616,0,5,1,0,1390.38,36929.7,74280.2,2.96676e+06,2.96676e+06,415932
617,0,5,1,0,1390.49,36939.5,74291.4,2.96611e+06,2.96611e+06,415805
618,0,5,1,0,1390.6,36949.2,74302.8,2.96549e+06,2.96549e+06,415679
619,0,5,1,0,1390.71,36958.9,74314.3,2.96488e+06,2.96488e+06,415553
620,0,5,1,0,1390.82,36968.6,74325.9,2.96429e+06,2.96429e+06,415427
621,0,5,1,0,1390.92,36978.3,74337.6,2.96371e+06,2.96371e+06,415302
622,0,5,1,0,1391.02,36988,74349.4,2.96316e+06,2.96316e+06,415177
623,0,5,1,0,1391.12,36997.6,74361.2,2.96262e+06,2.96262e+06,415052
624,0,5,1,0,1391.22,37007.2,74373.1,2.96209e+06,2.96209e+06,414928
625,0,5,1,0,1391.31,37016.8,74385.1,2.96158e+06,2.96158e+06,414804
626,0,5,1,0,1391.4,37026.3,74397.1,2.96109e+06,2.96109e+06,414680
627,0,5,1,0,1391.49,37035.8,74409.1,2.96061e+06,2.96061e+06,414556
628,0,5,1,0,1391.57,37045.3,74421.3,2.96015e+06,2.96015e+06,414433
629,0,5,1,0,1391.65,37054.7,74433.4,2.9597e+06,2.9597e+06,414311
630,0,5,1,0,1391.73,37064.1,74445.6,2.95926e+06,2.95926e+06,414188
631,0,5,1,0,1391.81,37073.4,74457.8,2.95884e+06,2.95884e+06,414066
632,0,5,1,0,1391.88,37082.7,74470,2.95844e+06,2.95844e+06,413944
633,0,5,1,0,1391.95,37091.9,74482.2,2.95804e+06,2.95804e+06,413823
634,0,5,1,0,1392.01,37101.1,74494.5,2.95766e+06,2.95766e+06,413702
635,0,5,1,0,1392.07,37110.2,74506.8,2.9573e+06,2.9573e+06,413581
636,0,5,1,0,1392.13,37119.3,74519,2.95694e+06,2.95694e+06,413460
637,0,5,1,0,1392.19,37128.3,74531.3,2.9566e+06,2.9566e+06,413340
638,0,5,1,0,1392.24,37137.2,74543.6,2.95627e+06,2.95627e+06,413220
639,0,5,1,0,1392.29,37146.1,74555.8,2.95595e+06,2.95595e+06,413101
640,0,5,1,0,1392.33,37155,74568.1,2.95565e+06,2.95565e+06,412982
641,0,5,1,0,1392.37,37163.7,74580.3,2.95535e+06,2.95535e+06,412863
642,0,5,1,0,1392.41,37172.4,74592.5,2.95507e+06,2.95507e+06,412744
643,0,5,1,0,1392.44,37181.1,74604.7,2.9548e+06,2.9548e+06,412626
644,0,5,1,0,1392.47,37189.6,74616.8,2.95454e+06,2.95454e+06,412508
645,0,5,1,0,1392.5,37198.1,74628.9,2.95429e+06,2.95429e+06,412391
646,0,5,1,0,1392.52,37206.6,74641,2.95405e+06,2.95405e+06,412274
647,0,5,1,0,1392.54,37214.9,74653,2.95382e+06,2.95382e+06,412157
648,0,5,1,0,1392.55,37223.2,74665,2.9536e+06,2.9536e+06,412040
649,0,5,1,0,1392.56,37231.4,74676.9,2.95339e+06,2.95339e+06,411924
650,0,5,1,0,1392.57,37239.5,74688.8,2.95318e+06,2.95318e+06,411808
651,0,5,1,0,1392.57,37247.6,74700.6,2.95299e+06,2.95299e+06,411693
652,0,5,1,0,1392.57,37255.6,74712.4,2.95281e+06,2.95281e+06,411578
653,0,5,1,0,1392.57,37263.4,74724,2.95263e+06,2.95263e+06,411463
654,0,5,1,0,1392.56,37271.2,74735.6,2.95246e+06,2.95246e+06,411348
655,0,5,1,0,1392.54,37278.9,74747.2,2.9523e+06,2.9523e+06,411234
656,0,5,1,0,1392.53,37286.6,74758.6,2.95215e+06,2.95215e+06,411121
657,0,5,1,0,1392.5,37294.1,74770,2.95201e+06,2.95201e+06,411007
658,0,5,1,0,1392.48,37301.5,74781.3,2.95187e+06,2.95187e+06,410894
659,0,5,1,0,1392.45,37308.9,74792.4,2.95174e+06,2.95174e+06,410781
660,0,5,1,0,1392.41,37316.2,74803.5,2.95162e+06,2.95162e+06,410669
661,0,5,1,0,1392.38,37323.3,74814.5,2.95151e+06,2.95151e+06,410557
662,0,5,1,0,1392.33,37330.4,74825.4,2.9514e+06,2.9514e+06,410445
663,0,5,1,0,1392.29,37337.4,74836.2,2.9513e+06,2.9513e+06,410334
664,0,5,1,0,1392.23,37344.3,74846.9,2.9512e+06,2.9512e+06,410223
665,0,5,1,0,1392.18,37351,74857.5,2.95111e+06,2.95111e+06,410112
666,0,5,1,0,1392.12,37357.7,74868,2.95103e+06,2.95103e+06,410002
667,0,5,1,0,1392.05,37364.3,74878.4,2.95095e+06,2.95095e+06,409892
668,0,5,1,0,1391.98,37370.8,74888.6,2.95087e+06,2.95087e+06,409782
669,0,5,1,0,1391.91,37377.2,74898.7,2.9508e+06,2.9508e+06,409672
670,0,5,1,0,1391.83,37383.4,74908.7,2.95074e+06,2.95074e+06,409564
671,0,5,1,0,1391.75,37389.6,74918.6,2.95068e+06,2.95068e+06,409455
672,0,5,1,0,1391.66,37395.7,74928.3,2.95063e+06,2.95063e+06,409347
673,0,5,1,0,1391.57,37401.6,74937.9,2.95058e+06,2.95058e+06,409239
674,0,5,1,0,1391.48,37407.5,74947.4,2.95053e+06,2.95053e+06,409131
675,0,5,1,0,1391.38,37413.2,74956.7,2.95049e+06,2.95049e+06,409024
676,0,5,1,0,1391.27,37418.9,74965.9,2.95045e+06,2.95045e+06,408917
677,0,5,1,0,1391.16,37424.4,74974.9,2.95042e+06,2.95042e+06,408810
678,0,5,1,0,1391.05,37429.8,74983.8,2.95039e+06,2.95039e+06,408704
679,0,5,1,0,1390.93,37435.1,74992.6,2.95036e+06,2.95036e+06,408598
680,0,5,1,0,1390.81,37440.3,75001.2,2.95034e+06,2.95034e+06,408493
681,0,5,1,0,1390.68,37445.4,75009.6,2.95032e+06,2.95032e+06,408387
682,0,5,1,0,1390.55,37450.3,75017.9,2.9503e+06,2.9503e+06,408282
683,0,5,1,0,1390.41,37455.2,75026.1,2.95028e+06,2.95028e+06,408178
684,0,5,1,0,1390.27,37459.9,75034,2.95027e+06,2.95027e+06,408074
685,0,5,1,0,1390.12,37464.5,75041.9,2.95026e+06,2.95026e+06,407970
686,0,5,1,0,1389.97,37469,75049.5,2.95025e+06,2.95025e+06,407866
687,0,5,1,0,1389.82,37473.3,75057,2.95025e+06,2.95025e+06,407763
688,0,5,1,0,1389.66,37477.6,75064.3,2.95024e+06,2.95024e+06,407661
689,0,5,1,0,1389.49,37481.7,75071.5,2.95024e+06,2.95024e+06,407558
690,0,5,1,0,1389.32,37485.8,75078.5,2.95024e+06,2.95024e+06,407456
691,0,5,1,0,1389.15,37489.7,75085.3,2.95024e+06,2.95024e+06,407354
692,0,5,1,0,1388.97,37493.4,75092,2.95024e+06,2.95024e+06,407253
693,0,5,1,0,1388.79,37497.1,75098.4,2.95024e+06,2.95024e+06,407152
694,0,5,1,0,1388.6,37500.6,75104.7,2.95025e+06,2.95025e+06,407158
695,0,5,1,0,1388.41,37504,75110.8,2.95025e+06,2.95025e+06,407687
696,0,5,1,0,1388.21,37507.3,75116.8,2.95026e+06,2.95026e+06,408207
697,0,5,1,0,1388.01,37510.5,75122.5,2.95027e+06,2.95027e+06,408716
698,0,5,1,0,1387.8,37513.5,75128.1,2.95027e+06,2.95027e+06,409215
699,0,5,1,0,1387.59,37516.4,75133.5,2.95028e+06,2.95028e+06,409705
700,0,5,1,0,1387.38,37519.2,75138.7,2.95029e+06,2.95029e+06,410185
701,0,5,1,0,1387.16,37521.9,75143.7,2.9503e+06,2.9503e+06,410655
702,0,5,1,0,1386.93,37524.4,75148.5,2.9503e+06,2.9503e+06,411115
703,0,5,1,0,1386.7,37526.8,75153.2,2.95031e+06,2.95031e+06,411567
704,0,5,1,0,1386.47,37529.1,75157.6,2.95032e+06,2.95032e+06,412009
705,0,5,1,0,1386.23,37531.3,75161.9,2.95033e+06,2.95033e+06,412442
706,0,5,1,0,1385.99,37533.3,75165.9,2.95033e+06,2.95033e+06,412865
707,0,5,1,0,1385.74,37535.2,75169.8,2.95034e+06,2.95034e+06,413280
708,0,5,1,0,1385.49,37537,75173.4,2.95034e+06,2.95034e+06,415373
709,0,5,1,0,1385.23,37538.6,75176.9,2.95035e+06,2.95035e+06,417481
710,0,5,1,0,1384.97,37540.2,75180.2,2.95035e+06,2.95035e+06,419571
711,0,5,1,0,1384.7,37541.6,75183.2,2.95035e+06,2.95035e+06,421643
712,0,5,1,0,1384.43,37542.8,75186.1,2.95035e+06,2.95035e+06,423698
713,0,5,1,0,1384.15,37543.9,75188.7,2.95035e+06,2.95035e+06,425735
714,0,5,1,0,1383.87,37544.9,75191.2,2.95035e+06,2.95035e+06,427755
715,0,5,1,0,1383.59,37545.8,75193.4,2.95035e+06,2.95035e+06,429757
716,0,5,1,0,1383.3,37546.5,75195.4,2.95034e+06,2.95034e+06,431743
717,0,5,1,0,1383,37547.1,75197.3,2.95034e+06,2.95034e+06,433711
718,0,5,1,0,1382.7,37547.6,75198.9,2.95033e+06,2.95033e+06,435663
719,0,5,1,0,1382.4,37547.9,75200.3,2.95032e+06,2.95032e+06,437597
720,0,5,1,0,1382.09,37548.2,75201.5,2.9503e+06,2.9503e+06,439515
721,0,5,1,0,1381.78,37548.3,75202.6,2.95029e+06,2.95029e+06,441416
722,0,5,1,0,1381.46,37548.2,75203.4,2.95028e+06,2.95028e+06,443300
723,0,5,1,0,1381.14,37548.1,75204,2.95026e+06,2.95026e+06,445168
724,0,5,1,0,1380.82,37547.8,75204.4,2.95024e+06,2.95024e+06,447019
725,0,5,1,0,1380.49,37547.4,75204.6,2.95021e+06,2.95021e+06,448854
726,0,5,1,0,1380.15,37546.8,75204.6,2.95019e+06,2.95019e+06,450672
727,0,5,1,0,1379.81,37546.1,75204.4,2.95016e+06,2.95016e+06,452474
728,0,5,1,0,1379.47,37545.3,75203.9,2.95013e+06,2.95013e+06,454260
729,0,5,1,0,1379.12,37544.4,75203.3,2.9501e+06,2.9501e+06,456030
730,0,5,1,0,1378.77,37543.3,75202.4,2.95006e+06,2.95006e+06,457784
731,0,5,1,0,1378.41,37542.1,75201.3,2.95002e+06,2.95002e+06,459523
732,0,5,1,0,1378.05,37540.7,75200,2.94998e+06,2.94998e+06,461245
733,0,5,1,0,1377.68,37539.2,75198.4,2.94994e+06,2.94994e+06,462952
734,0,5,1,0,1377.31,37537.6,75196.6,2.94989e+06,2.94989e+06,464643
735,0,5,1,0,1376.94,37535.9,75194.7,2.94983e+06,2.94983e+06,466319
736,0,5,1,0,1376.56,37534,75192.4,2.94978e+06,2.94978e+06,467979
737,0,5,1,0,1376.17,37532,75190,2.94972e+06,2.94972e+06,469624
738,0,5,1,0,1375.78,37529.9,75187.4,2.94966e+06,2.94966e+06,471254
739,0,5,1,0,1375.39,37527.6,75184.5,2.94959e+06,2.94959e+06,472868
740,0,5,1,0,1374.99,37525.2,75181.4,2.94952e+06,2.94952e+06,474468
741,0,5,1,0,1374.59,37522.7,75178.1,2.94945e+06,2.94945e+06,476052
742,0,5,1,0,1374.18,37520,75174.5,2.94937e+06,2.94937e+06,477622
743,0,5,1,0,1373.77,37517.2,75170.8,2.94929e+06,2.94929e+06,479177
744,0,5,1,0,1373.36,37514.3,75166.8,2.94921e+06,2.94921e+06,480717
745,0,5,1,0,1372.94,37511.3,75162.6,2.94912e+06,2.94912e+06,482242
746,0,5,1,0,1372.51,37508.1,75158.1,2.94903e+06,2.94903e+06,483753
747,0,5,1,0,1372.09,37504.7,75153.5,2.94893e+06,2.94893e+06,485250
748,0,5,1,0,1371.65,37501.3,75148.6,2.94883e+06,2.94883e+06,486732
749,0,5,1,0,1371.22,37497.7,75143.5,2.94873e+06,2.94873e+06,488201
750,0,5,1,0,1370.77,37494,75138.2,2.94862e+06,2.94862e+06,489654
751,0,5,1,0,1370.33,37490.1,75132.6,2.94851e+06,2.94851e+06,491094
752,0,5,1,0,1369.88,37486.2,75126.8,2.94839e+06,2.94839e+06,492520
753,0,5,1,0,1369.42,37482,75120.8,2.94826e+06,2.94826e+06,493932
754,0,5,1,0,1368.96,37477.8,75114.6,2.94814e+06,2.94814e+06,495330
755,0,5,1,0,1368.5,37473.4,75108.1,2.94801e+06,2.94801e+06,496715
756,0,5,1,0,1368.03,37468.9,75101.4,2.94787e+06,2.94787e+06,498086
757,0,5,1,0,1367.56,37464.3,75094.5,2.94773e+06,2.94773e+06,499443
758,0,5,1,0,1367.09,37459.5,75087.4,2.94759e+06,2.94759e+06,500787
759,0,5,1,0,1366.61,37454.6,75080,2.94744e+06,2.94744e+06,502117
760,0,5,1,0,1366.12,37449.6,75072.5,2.94728e+06,2.94728e+06,503434
761,0,5,1,0,1365.63,37444.4,75064.7,2.94712e+06,2.94712e+06,504739
762,0,5,1,0,1365.14,37439.2,75056.6,2.94696e+06,2.94696e+06,506029
763,0,5,1,0,1364.64,37433.7,75048.4,2.94679e+06,2.94679e+06,507307
764,0,5,1,0,1364.14,37428.2,75039.9,2.94662e+06,2.94662e+06,508572
765,0,5,1,0,1363.64,37422.6,75031.2,2.94644e+06,2.94644e+06,509825
766,0,5,1,0,1363.13,37416.8,75022.3,2.94626e+06,2.94626e+06,511064
767,0,5,1,0,1362.62,37410.9,75013.2,2.94607e+06,2.94607e+06,512291
768,0,5,1,0,1362.1,37404.8,75003.8,2.94588e+06,2.94588e+06,513505
769,0,5,1,0,1361.58,37398.6,74994.2,2.94568e+06,2.94568e+06,514706
770,0,5,1,0,1361.05,37392.4,74984.4,2.94548e+06,2.94548e+06,515896
771,0,5,1,0,1360.52,37385.9,74974.4,2.94527e+06,2.94527e+06,517073
772,0,5,1,0,1359.99,37379.4,74964.2,2.94506e+06,2.94506e+06,518237
773,0,5,1,0,1359.45,37372.7,74953.7,2.94484e+06,2.94484e+06,519390
774,0,5,1,0,1358.91,37365.9,74943,2.94462e+06,2.94462e+06,520530
775,0,5,1,0,1358.37,37359,74932.1,2.94439e+06,2.94439e+06,521659
776,0,5,1,0,1357.82,37351.9,74921,2.94416e+06,2.94416e+06,522775
777,0,5,1,0,1357.26,37344.7,74909.6,2.94392e+06,2.94392e+06,523880
778,0,5,1,0,1356.71,37337.5,74898,2.94367e+06,2.94367e+06,524973
779,0,5,1,0,1356.15,37330,74886.2,2.94342e+06,2.94342e+06,526054
780,0,5,1,0,1355.58,37322.5,74874.2,2.94317e+06,2.94317e+06,527124
781,0,5,1,0,1355.01,37314.8,74862,2.94291e+06,2.94291e+06,528182
782,0,5,1,0,1354.44,37307,74849.5,2.94264e+06,2.94264e+06,529229
783,0,5,1,0,1353.87,37299.1,74836.8,2.94237e+06,2.94237e+06,530264
784,0,5,1,0,1353.29,37291.1,74823.9,2.94209e+06,2.94209e+06,531289
785,0,5,1,0,1352.7,37282.9,74810.8,2.94181e+06,2.94181e+06,532302
786,0,5,1,0,1352.11,37274.6,74797.5,2.94152e+06,2.94152e+06,533304
787,0,5,1,0,1351.52,37266.2,74783.9,2.94123e+06,2.94123e+06,534295
788,0,5,1,0,1350.93,37257.7,74770.2,2.94093e+06,2.94093e+06,535275
789,0,5,1,0,1350.33,37249.1,74756.2,2.94063e+06,2.94063e+06,536244
790,0,5,1,0,1349.73,37240.3,74742,2.94032e+06,2.94032e+06,537202
791,0,5,1,0,1349.12,37231.5,74727.6,2.94e+06,2.94e+06,538150
792,0,5,1,0,1348.51,37222.4,74713,2.93968e+06,2.93968e+06,539087
793,0,5,1,0,1347.9,37213.3,74698.1,2.93935e+06,2.93935e+06,540013
794,0,5,1,0,1347.28,37204.1,74683.1,2.93902e+06,2.93902e+06,540929
795,0,5,1,0,1346.66,37194.7,74667.8,2.93868e+06,2.93868e+06,541835
796,0,5,1,0,1346.04,37185.3,74652.4,2.93834e+06,2.93834e+06,542730
797,0,5,1,0,1345.41,37175.7,74636.7,2.93799e+06,2.93799e+06,543615
798,0,5,1,0,1344.78,37166,74620.8,2.93763e+06,2.93763e+06,544490
799,0,5,1,0,1344.14,37156.2,74604.7,2.93727e+06,2.93727e+06,545355
800,0,5,1,0,1343.5,37146.2,74588.4,2.93691e+06,2.93691e+06,546210
801,0,5,1,0,1342.86,37136.2,74571.8,2.93654e+06,2.93654e+06,547055
802,0,5,1,0,1342.22,37126,74555.1,2.93616e+06,2.93616e+06,547890
803,0,5,1,0,1341.57,37115.7,74538.2,2.93578e+06,2.93578e+06,548715
804,0,5,1,0,1340.92,37105.4,74521,2.93539e+06,2.93539e+06,549530
805,0,5,1,0,1340.26,37094.9,74503.6,2.93499e+06,2.93499e+06,550336
806,0,5,1,0,1339.6,37084.2,74486.1,2.93459e+06,2.93459e+06,551133
807,0,5,1,0,1338.94,37073.5,74468.3,2.93419e+06,2.93419e+06,551919
808,0,5,1,0,1338.27,37062.7,74450.3,2.93377e+06,2.93377e+06,552697
809,0,5,1,0,1337.61,37051.7,74432.2,2.93336e+06,2.93336e+06,553464
810,0,5,1,0,1336.93,37040.6,74413.8,2.93293e+06,2.93293e+06,554223
811,0,5,1,0,1336.26,37029.5,74395.2,2.9325e+06,2.9325e+06,554973
812,0,5,1,0,1335.58,37018.2,74376.4,2.93207e+06,2.93207e+06,555713
813,0,5,1,0,1334.9,37006.8,74357.4,2.93163e+06,2.93163e+06,556444
814,0,5,1,0,1334.21,36995.3,74338.2,2.93118e+06,2.93118e+06,557166
815,0,5,1,0,1333.52,36983.6,74318.8,2.93073e+06,2.93073e+06,557879
816,0,5,1,0,1332.83,36971.9,74299.2,2.93027e+06,2.93027e+06,558584
817,0,5,1,0,1332.14,36960.1,74279.4,2.9298e+06,2.9298e+06,559279
818,0,5,1,0,1331.44,36948.1,74259.4,2.92933e+06,2.92933e+06,559966
819,0,5,1,0,1330.74,36936.1,74239.2,2.92886e+06,2.92886e+06,560644
820,0,5,1,0,1330.03,36923.9,74218.9,2.92838e+06,2.92838e+06,561313
821,0,5,1,0,1329.32,36911.6,74198.3,2.92789e+06,2.92789e+06,561974
822,0,5,1,0,1328.61,36899.3,74177.5,2.9274e+06,2.9274e+06,562627
823,0,5,1,0,1327.9,36886.8,74156.5,2.9269e+06,2.9269e+06,563271
824,0,5,1,0,1327.18,36874.2,74135.3,2.92639e+06,2.92639e+06,563906
825,0,5,1,0,1326.46,36861.5,74113.9,2.92588e+06,2.92588e+06,564534
826,0,5,1,0,1325.74,36848.7,74092.3,2.92536e+06,2.92536e+06,565153
827,0,5,1,0,1325.01,36835.8,74070.5,2.92484e+06,2.92484e+06,565764
828,0,5,1,0,1324.28,36822.8,74048.6,2.92431e+06,2.92431e+06,566367
829,0,5,1,0,1323.55,36809.7,74026.4,2.92378e+06,2.92378e+06,566961
830,0,5,1,0,1322.81,36796.5,74004.1,2.92324e+06,2.92324e+06,567548
831,0,5,1,0,1322.07,36783.2,73981.5,2.92269e+06,2.92269e+06,568127
832,0,5,1,0,1321.33,36769.7,73958.8,2.92214e+06,2.92214e+06,568698
833,0,5,1,0,1320.59,36756.2,73935.9,2.92158e+06,2.92158e+06,569261
834,0,5,1,0,1319.84,36742.6,73912.8,2.92102e+06,2.92102e+06,569817
835,0,5,1,0,1319.09,36728.9,73889.5,2.92045e+06,2.92045e+06,570365
836,0,5,1,0,1318.34,36715,73866,2.91988e+06,2.91988e+06,570905
837,0,5,1,0,1317.58,36701.1,73842.3,2.9193e+06,2.9193e+06,571437
838,0,5,1,0,1316.82,36687.1,73818.5,2.91871e+06,2.91871e+06,571963
839,0,5,1,0,1316.06,36673,73794.5,2.91812e+06,2.91812e+06,572480
840,0,5,1,0,1315.3,36658.7,73770.3,2.91752e+06,2.91752e+06,572990
841,0,5,1,0,1314.53,36644.4,73745.9,2.91692e+06,2.91692e+06,573493
842,0,5,1,0,1313.76,36630,73721.3,2.91631e+06,2.91631e+06,573989
843,0,5,1,0,1312.99,36615.5,73696.5,2.91569e+06,2.91569e+06,574478
844,0,5,1,0,1312.21,36600.9,73671.6,2.91507e+06,2.91507e+06,574959
845,0,5,1,0,1311.43,36586.2,73646.5,2.91445e+06,2.91445e+06,575433
846,0,5,1,0,1310.65,36571.4,73621.2,2.91382e+06,2.91382e+06,575900
847,0,5,1,0,1309.87,36556.5,73595.7,2.91318e+06,2.91318e+06,576360
848,0,5,1,0,1309.08,36541.5,73570.1,2.91253e+06,2.91253e+06,576813
849,0,5,1,0,1308.29,36526.4,73544.2,2.91189e+06,2.91189e+06,577260
850,0,5,1,0,1307.5,36511.3,73518.3,2.91123e+06,2.91123e+06,577699
851,0,5,1,0,1306.71,36496,73492.1,2.91057e+06,2.91057e+06,578132
852,0,5,1,0,1305.91,36480.6,73465.7,2.90991e+06,2.90991e+06,578557
853,0,5,1,0,1305.11,36465.2,73439.2,2.90924e+06,2.90924e+06,578977
854,0,5,1,0,1304.31,36449.7,73412.5,2.90856e+06,2.90856e+06,579389
855,0,5,1,0,1303.51,36434,73385.7,2.90788e+06,2.90788e+06,579795
856,0,5,1,0,1302.7,36418.3,73358.6,2.90719e+06,2.90719e+06,580194
857,0,5,1,0,1301.89,36402.5,73331.4,2.9065e+06,2.9065e+06,580587
858,0,5,1,0,1301.08,36386.6,73304.1,2.9058e+06,2.9058e+06,580974
859,0,5,1,0,1300.27,36370.6,73276.5,2.90509e+06,2.90509e+06,581354
860,0,5,1,0,1299.45,36354.5,73248.8,2.90438e+06,2.90438e+06,581728
861,0,5,1,0,1298.63,36338.3,73220.9,2.90367e+06,2.90367e+06,582095
862,0,5,1,0,1297.81,36322,73192.9,2.90295e+06,2.90295e+06,582456
863,0,5,1,0,1296.98,36305.7,73164.7,2.90222e+06,2.90222e+06,582811
864,0,5,1,0,1296.16,36289.2,73136.3,2.90149e+06,2.90149e+06,583160
865,0,5,1,0,1295.33,36272.7,73107.8,2.90075e+06,2.90075e+06,583503
866,0,5,1,0,1294.5,36256.1,73079.1,2.90001e+06,2.90001e+06,583839
867,0,5,1,0,1293.67,36239.4,73050.3,2.89926e+06,2.89926e+06,584170
868,0,5,1,0,1292.83,36222.6,73021.3,2.89851e+06,2.89851e+06,584495
869,0,5,1,0,1291.99,36205.8,72992.1,2.89775e+06,2.89775e+06,584814
870,0,5,1,0,1291.15,36188.8,72962.8,2.89699e+06,2.89699e+06,585126
871,0,5,1,0,1290.31,36171.8,72933.3,2.89622e+06,2.89622e+06,585433
872,0,5,1,0,1289.47,36154.7,72903.7,2.89544e+06,2.89544e+06,585735
873,0,5,1,0,1288.62,36137.5,72873.9,2.89466e+06,2.89466e+06,586030
874,0,5,1,0,1287.78,36120.3,72843.9,2.89388e+06,2.89388e+06,586320
875,0,5,1,0,1286.93,36102.9,72813.8,2.89309e+06,2.89309e+06,586604
876,0,5,1,0,1286.07,36085.5,72783.6,2.89229e+06,2.89229e+06,586882
877,0,5,1,0,1285.22,36068,72753.2,2.89149e+06,2.89149e+06,587155
878,0,5,1,0,1284.36,36050.4,72722.6,2.89069e+06,2.89069e+06,587423
879,0,5,1,0,1283.5,36032.8,72691.9,2.88987e+06,2.88987e+06,587684
880,0,5,1,0,1282.64,36015,72661,2.88906e+06,2.88906e+06,587941
881,0,5,1,0,1281.78,35997.2,72630,2.88824e+06,2.88824e+06,588192
882,0,5,1,0,1280.91,35979.3,72598.9,2.88741e+06,2.88741e+06,588437
883,0,5,1,0,1280.05,35961.3,72567.6,2.88658e+06,2.88658e+06,588677
884,0,5,1,0,1279.18,35943.3,72536.1,2.88574e+06,2.88574e+06,588912
885,0,5,1,0,1278.31,35925.1,72504.5,2.8849e+06,2.8849e+06,589142
886,0,5,1,0,1277.43,35906.9,72472.8,2.88405e+06,2.88405e+06,589366
887,0,5,1,0,1276.56,35888.6,72440.9,2.8832e+06,2.8832e+06,589585
888,0,5,1,0,1275.68,35870.3,72408.9,2.88234e+06,2.88234e+06,589799
889,0,5,1,0,1274.8,35851.8,72376.7,2.88148e+06,2.88148e+06,590008
890,0,5,1,0,1273.92,35833.3,72344.4,2.88061e+06,2.88061e+06,590212
891,0,5,1,0,1273.04,35814.7,72311.9,2.87974e+06,2.87974e+06,590411
892,0,5,1,0,1272.16,35796.1,72279.3,2.87886e+06,2.87886e+06,590605
893,0,5,1,0,1271.27,35777.3,72246.6,2.87798e+06,2.87798e+06,590793
894,0,5,1,0,1270.38,35758.5,72213.7,2.8771e+06,2.8771e+06,590977
895,0,5,1,0,1269.49,35739.7,72180.7,2.8762e+06,2.8762e+06,591156
896,0,5,1,0,1268.6,35720.7,72147.6,2.87531e+06,2.87531e+06,591330
897,0,5,1,0,1267.71,35701.7,72114.3,2.87441e+06,2.87441e+06,591499
898,0,5,1,0,1266.81,35682.6,72080.9,2.8735e+06,2.8735e+06,591663
899,0,5,1,0,1265.92,35663.5,72047.4,2.87259e+06,2.87259e+06,591823
900,0,5,1,0,1265.02,35644.2,72013.7,2.87167e+06,2.87167e+06,591978
901,0,5,1,0,1264.12,35625,71979.9,2.87075e+06,2.87075e+06,592128
902,0,5,1,0,1263.22,35605.6,71945.9,2.86983e+06,2.86983e+06,592273
903,0,5,1,0,1262.31,35586.2,71911.9,2.8689e+06,2.8689e+06,592414
904,0,5,1,0,1261.41,35566.7,71877.7,2.86796e+06,2.86796e+06,592550
905,0,5,1,0,1260.5,35547.1,71843.3,2.86702e+06,2.86702e+06,592682
906,0,5,1,0,1259.59,35527.5,71808.8,2.86608e+06,2.86608e+06,592809
907,0,5,1,0,1258.68,35507.8,71774.2,2.86513e+06,2.86513e+06,592931
908,0,5,1,0,1257.77,35488,71739.5,2.86418e+06,2.86418e+06,593049
909,0,5,1,0,1256.86,35468.2,71704.7,2.86322e+06,2.86322e+06,593163
910,0,5,1,0,1255.94,35448.3,71669.7,2.86226e+06,2.86226e+06,593272
911,0,5,1,0,1255.03,35428.3,71634.6,2.86129e+06,2.86129e+06,593377
912,0,5,1,0,1254.11,35408.3,71599.4,2.86032e+06,2.86032e+06,593477
913,0,5,1,0,1253.19,35388.2,71564,2.85934e+06,2.85934e+06,593573
914,0,5,1,0,1252.27,35368,71528.6,2.85836e+06,2.85836e+06,593665
915,0,5,1,0,1251.34,35347.8,71493,2.85738e+06,2.85738e+06,593752
916,0,5,1,0,1250.42,35327.5,71457.3,2.85639e+06,2.85639e+06,593835
917,0,5,1,0,1249.49,35307.2,71421.5,2.85539e+06,2.85539e+06,593914
918,0,5,1,0,1248.57,35286.8,71385.5,2.85439e+06,2.85439e+06,593988
919,0,5,1,0,1247.64,35266.3,71349.5,2.85339e+06,2.85339e+06,594059
920,0,5,1,0,1246.71,35245.8,71313.3,2.85238e+06,2.85238e+06,594125
921,0,5,1,0,1245.78,35225.2,71277,2.85137e+06,2.85137e+06,594187
922,0,5,1,0,1244.84,35204.5,71240.6,2.85036e+06,2.85036e+06,594245
923,0,5,1,0,1243.91,35183.8,71204.1,2.84934e+06,2.84934e+06,594299
924,0,5,1,0,1242.98,35163.1,71167.5,2.84831e+06,2.84831e+06,594349
925,0,5,1,0,1242.04,35142.3,71130.7,2.84728e+06,2.84728e+06,594395
926,0,5,1,0,1241.1,35121.4,71093.9,2.84625e+06,2.84625e+06,594436
927,0,5,1,0,1240.16,35100.5,71056.9,2.84521e+06,2.84521e+06,594474
928,0,5,1,0,1239.22,35079.5,71019.8,2.84417e+06,2.84417e+06,594508
929,0,5,1,0,1238.28,35058.4,70982.6,2.84313e+06,2.84313e+06,594538
930,0,5,1,0,1237.34,35037.3,70945.4,2.84208e+06,2.84208e+06,594564
931,0,5,1,0,1236.39,35016.2,70908,2.84102e+06,2.84102e+06,594586
932,0,5,1,0,1235.45,34995,70870.5,2.83997e+06,2.83997e+06,594604
933,0,5,1,0,1234.5,34973.7,70832.9,2.83891e+06,2.83891e+06,594618
934,0,5,1,0,1233.55,34952.4,70795.1,2.83784e+06,2.83784e+06,594629
935,0,5,1,0,1232.6,34931,70757.3,2.83677e+06,2.83677e+06,594635
936,0,5,1,0,1231.65,34909.6,70719.4,2.8357e+06,2.8357e+06,594638
937,0,5,1,0,1230.7,34888.1,70681.4,2.83462e+06,2.83462e+06,594637
938,0,5,1,0,1229.75,34866.6,70643.3,2.83354e+06,2.83354e+06,594633
939,0,5,1,0,1228.8,34845,70605,2.83245e+06,2.83245e+06,594624
940,0,5,1,0,1227.84,34823.4,70566.7,2.83136e+06,2.83136e+06,594612
941,0,5,1,0,1226.89,34801.7,70528.3,2.83027e+06,2.83027e+06,594597
942,0,5,1,0,1225.93,34780,70489.8,2.82917e+06,2.82917e+06,594577
943,0,5,1,0,1224.97,34758.2,70451.2,2.82807e+06,2.82807e+06,594554
944,0,5,1,0,1224.01,34736.4,70412.5,2.82697e+06,2.82697e+06,594528
945,0,5,1,0,1223.05,34714.5,70373.7,2.82586e+06,2.82586e+06,594498
946,0,5,1,0,1222.09,34692.6,70334.8,2.82475e+06,2.82475e+06,594464
947,0,5,1,0,1221.13,34670.6,70295.8,2.82364e+06,2.82364e+06,594427
948,0,5,1,0,1220.17,34648.6,70256.8,2.82252e+06,2.82252e+06,594386
949,0,5,1,0,1219.2,34626.6,70217.8,2.8214e+06,2.8214e+06,594342
950,0,5,1,0,1218.24,34604.5,70178.6,2.82028e+06,2.82028e+06,594294
951,0,5,1,0,1217.28,34582.4,70139.4,2.81916e+06,2.81916e+06,594243
952,0,5,1,0,1216.31,34560.2,70100.1,2.81803e+06,2.81803e+06,594188
953,0,5,1,0,1215.35,34538,70060.6,2.81689e+06,2.81689e+06,594130
954,0,5,1,0,1214.38,34515.7,70021.1,2.81576e+06,2.81576e+06,594069
955,0,5,1,0,1213.41,34493.4,69981.6,2.81462e+06,2.81462e+06,594004
956,0,5,1,0,1212.44,34471.1,69941.9,2.81348e+06,2.81348e+06,593936
957,0,5,1,0,1211.47,34448.7,69902.1,2.81233e+06,2.81233e+06,593864
958,0,5,1,0,1210.5,34426.3,69862.3,2.81118e+06,2.81118e+06,593790
959,0,5,1,0,1209.53,34403.8,69822.4,2.81003e+06,2.81003e+06,593711
960,0,5,1,0,1208.56,34381.3,69782.4,2.80887e+06,2.80887e+06,593630
961,0,5,1,0,1207.59,34358.7,69742.3,2.80771e+06,2.80771e+06,593545
962,0,5,1,0,1206.62,34336.1,69702.1,2.80655e+06,2.80655e+06,593457
963,0,5,1,0,1205.64,34313.5,69661.9,2.80538e+06,2.80538e+06,593366
964,0,5,1,0,1204.67,34290.8,69621.6,2.80421e+06,2.80421e+06,593271
965,0,5,1,0,1203.69,34268.1,69581.2,2.80304e+06,2.80304e+06,593173
966,0,5,1,0,1202.72,34245.3,69540.7,2.80186e+06,2.80186e+06,593072
967,0,5,1,0,1201.74,34222.5,69500.2,2.80069e+06,2.80069e+06,592968
968,0,5,1,0,1200.76,34199.7,69459.5,2.7995e+06,2.7995e+06,592860
969,0,5,1,0,1199.78,34176.8,69418.8,2.79832e+06,2.79832e+06,592750
970,0,5,1,0,1198.8,34153.9,69378,2.79713e+06,2.79713e+06,592636
971,0,5,1,0,1197.83,34131,69337.2,2.79594e+06,2.79594e+06,592519
972,0,5,1,0,1196.85,34108,69296.3,2.79474e+06,2.79474e+06,592399
973,0,5,1,0,1195.86,34084.9,69255.3,2.79355e+06,2.79355e+06,592276
974,0,5,1,0,1194.88,34061.9,69214.2,2.79235e+06,2.79235e+06,592150
975,0,5,1,0,1193.9,34038.8,69173.1,2.79114e+06,2.79114e+06,592020
976,0,5,1,0,1192.92,34015.6,69131.8,2.78994e+06,2.78994e+06,591888
977,0,5,1,0,1191.94,33992.5,69090.6,2.78873e+06,2.78873e+06,591752
978,0,5,1,0,1190.95,33969.2,69049.2,2.78751e+06,2.78751e+06,591614
979,0,5,1,0,1189.97,33946,69007.8,2.7863e+06,2.7863e+06,591472
980,0,5,1,0,1188.98,33922.7,68966.3,2.78508e+06,2.78508e+06,591327
981,0,5,1,0,1188,33899.4,68924.7,2.78386e+06,2.78386e+06,591179
982,0,5,1,0,1187.01,33876.1,68883.1,2.78264e+06,2.78264e+06,591029
983,0,5,1,0,1186.02,33852.7,68841.4,2.78141e+06,2.78141e+06,590875
984,0,5,1,0,1185.04,33829.3,68799.7,2.78018e+06,2.78018e+06,590718
985,0,5,1,0,1184.05,33805.8,68757.9,2.77895e+06,2.77895e+06,590559
986,0,5,1,0,1183.06,33782.4,68716,2.77771e+06,2.77771e+06,590396
987,0,5,1,0,1182.07,33758.8,68674,2.77647e+06,2.77647e+06,590230
988,0,5,1,0,1181.09,33735.3,68632,2.77523e+06,2.77523e+06,590062
989,0,5,1,0,1180.1,33711.7,68590,2.77399e+06,2.77399e+06,589890
990,0,5,1,0,1179.11,33688.1,68547.8,2.77274e+06,2.77274e+06,589716
991,0,5,1,0,1178.12,33664.5,68505.7,2.7715e+06,2.7715e+06,589538
992,0,5,1,0,1177.12,33640.8,68463.4,2.77025e+06,2.77025e+06,589358
993,0,5,1,0,1176.13,33617.1,68421.1,2.76899e+06,2.76899e+06,589175
994,0,5,1,0,1175.14,33593.4,68378.7,2.76774e+06,2.76774e+06,588989
995,0,5,1,0,1174.15,33569.6,68336.3,2.76648e+06,2.76648e+06,588800
996,0,5,1,0,1173.16,33545.8,68293.8,2.76522e+06,2.76522e+06,588608
997,0,5,1,0,1172.16,33522,68251.3,2.76395e+06,2.76395e+06,588413
998,0,5,1,0,1171.17,33498.1,68208.7,2.76269e+06,2.76269e+06,588215
999,0,5,1,0,1170.18,33474.2,68166.1,2.76142e+06,2.76142e+06,588015
1000,0,5,1,0,1169.18,33450.3,68123.4,2.76015e+06,2.76015e+06,587812
1001,0,5,1,0,1168.19,33426.4,68080.7,2.75887e+06,2.75887e+06,587606
1002,0,5,1,0,1167.2,33402.4,68037.9,2.7576e+06,2.7576e+06,587397
1003,0,5,1,0,1166.2,33378.5,67995,2.75632e+06,2.75632e+06,587185
1004,0,5,1,0,1165.21,33354.5,67952.1,2.75504e+06,2.75504e+06,586970
1005,0,5,1,0,1164.21,33330.4,67909.2,2.75376e+06,2.75376e+06,586753
1006,0,5,1,0,1163.22,33306.4,67866.2,2.75247e+06,2.75247e+06,586533
1007,0,5,1,0,1162.22,33282.3,67823.1,2.75119e+06,2.75119e+06,586310
1008,0,5,1,0,1161.23,33258.2,67780.1,2.7499e+06,2.7499e+06,586084
1009,0,5,1,0,1160.23,33234,67736.9,2.74861e+06,2.74861e+06,585856
1010,0,5,1,0,1159.23,33209.9,67693.7,2.74731e+06,2.74731e+06,585625
1011,0,5,1,0,1158.24,33185.7,67650.5,2.74602e+06,2.74602e+06,585391
1012,0,5,1,0,1157.24,33161.5,67607.2,2.74472e+06,2.74472e+06,585154
1013,0,5,1,0,1156.24,33137.3,67563.9,2.74342e+06,2.74342e+06,584915
1014,0,5,1,0,1155.25,33113,67520.6,2.74212e+06,2.74212e+06,584672
1015,0,5,1,0,1154.25,33088.8,67477.2,2.74082e+06,2.74082e+06,584427
1016,0,5,1,0,1153.25,33064.5,67433.7,2.73951e+06,2.73951e+06,584180
1017,0,5,1,0,1152.26,33040.2,67390.2,2.7382e+06,2.7382e+06,583930
1018,0,5,1,0,1151.26,33015.8,67346.7,2.73689e+06,2.73689e+06,583677
1019,0,5,1,0,1150.26,32991.5,67303.1,2.73558e+06,2.73558e+06,583421
1020,0,5,1,0,1149.26,32967.1,67259.5,2.73427e+06,2.73427e+06,583162
1021,0,5,1,0,1148.27,32942.7,67215.9,2.73295e+06,2.73295e+06,582901
1022,0,5,1,0,1147.27,32918.3,67172.2,2.73164e+06,2.73164e+06,582637
1023,0,5,1,0,1146.27,32893.9,67128.5,2.73032e+06,2.73032e+06,582371
1024,0,5,1,0,1145.27,32869.4,67084.7,2.729e+06,2.729e+06,582102
1025,0,5,1,0,1144.28,32844.9,67040.9,2.72767e+06,2.72767e+06,581830
1026,0,5,1,0,1143.28,32820.5,66997.1,2.72635e+06,2.72635e+06,581556
1027,0,5,1,0,1142.28,32796,66953.2,2.72502e+06,2.72502e+06,581279
1028,0,5,1,0,1141.28,32771.4,66909.3,2.7237e+06,2.7237e+06,580999
1029,0,5,1,0,1140.28,32746.9,66865.4,2.72237e+06,2.72237e+06,580717
1030,0,5,1,0,1139.29,32722.3,66821.4,2.72103e+06,2.72103e+06,580432
1031,0,5,1,0,1138.29,32697.8,66777.4,2.7197e+06,2.7197e+06,580144
1032,0,5,1,0,1137.29,32673.2,66733.4,2.71837e+06,2.71837e+06,579854
1033,0,5,1,0,1136.29,32648.6,66689.3,2.71703e+06,2.71703e+06,579561
1034,0,5,1,0,1135.3,32624,66645.3,2.71569e+06,2.71569e+06,579266
1035,0,5,1,0,1134.3,32599.3,66601.2,2.71435e+06,2.71435e+06,578968
1036,0,5,1,0,1133.3,32574.7,66557,2.71301e+06,2.71301e+06,578667
1037,0,5,1,0,1132.3,32550,66512.8,2.71167e+06,2.71167e+06,578364
1038,0,5,1,0,1131.31,32525.4,66468.6,2.71033e+06,2.71033e+06,578058
1039,0,5,1,0,1130.31,32500.7,66424.4,2.70898e+06,2.70898e+06,577750
1040,0,5,1,0,1129.31,32476,66380.2,2.70764e+06,2.70764e+06,577439
1041,0,5,1,0,1128.32,32451.3,66335.9,2.70629e+06,2.70629e+06,577126
1042,0,5,1,0,1127.32,32426.6,66291.6,2.70494e+06,2.70494e+06,576810
1043,0,5,1,0,1126.32,32401.8,66247.3,2.70359e+06,2.70359e+06,576491
1044,0,5,1,0,1125.33,32377.1,66202.9,2.70224e+06,2.70224e+06,576170
1045,0,5,1,0,1124.33,32352.3,66158.6,2.70088e+06,2.70088e+06,575846
1046,0,5,1,0,1123.33,32327.6,66114.2,2.69953e+06,2.69953e+06,575520
1047,0,5,1,0,1122.34,32302.8,66069.8,2.69817e+06,2.69817e+06,575191
1048,0,5,1,0,1121.34,32278,66025.3,2.69682e+06,2.69682e+06,574860
1049,0,5,1,0,1120.35,32253.2,65980.9,2.69546e+06,2.69546e+06,574527
1050,0,5,1,0,1119.35,32228.4,65936.4,2.6941e+06,2.6941e+06,574190
1051,0,5,1,0,1118.36,32203.5,65891.9,2.69274e+06,2.69274e+06,573851
1052,0,5,1,0,1117.36,32178.7,65847.4,2.69138e+06,2.69138e+06,573510
1053,0,5,1,0,1116.37,32153.8,65802.9,2.69001e+06,2.69001e+06,573166
1054,0,5,1,0,1115.37,32129,65758.3,2.68865e+06,2.68865e+06,572820
1055,0,5,1,0,1114.38,32104.1,65713.8,2.68729e+06,2.68729e+06,572471
1056,0,5,1,0,1113.39,32079.3,65669.2,2.68592e+06,2.68592e+06,572120
1057,0,5,1,0,1112.39,32054.4,65624.6,2.68455e+06,2.68455e+06,571767
1058,0,5,1,0,1111.4,32029.5,65580,2.68319e+06,2.68319e+06,571410
1059,0,5,1,0,1110.41,32004.6,65535.4,2.68182e+06,2.68182e+06,571052
1060,0,5,1,0,1109.42,31979.7,65490.8,2.68045e+06,2.68045e+06,570691
1061,0,5,1,0,1108.42,31954.9,65446.2,2.67908e+06,2.67908e+06,570327
1062,0,5,1,0,1107.43,31930,65401.5,2.67771e+06,2.67771e+06,569961
1063,0,5,1,0,1106.44,31905.1,65356.9,2.67633e+06,2.67633e+06,569593
1064,0,5,1,0,1105.45,31880.1,65312.2,2.67496e+06,2.67496e+06,569222
1065,0,5,1,0,1104.46,31855.2,65267.5,2.67359e+06,2.67359e+06,568848
1066,0,5,1,0,1103.47,31830.3,65222.9,2.67221e+06,2.67221e+06,568473
1067,0,5,1,0,1102.48,31805.4,65178.2,2.67084e+06,2.67084e+06,568095
1068,0,5,1,0,1101.49,31780.5,65133.5,2.66946e+06,2.66946e+06,567714
1069,0,5,1,0,1100.5,31755.5,65088.8,2.66808e+06,2.66808e+06,567331
1070,0,5,1,0,1099.51,31730.6,65044.1,2.66671e+06,2.66671e+06,566946
1071,0,5,1,0,1098.53,31705.7,64999.4,2.66533e+06,2.66533e+06,566558
1072,0,5,1,0,1097.54,31680.8,64954.6,2.66395e+06,2.66395e+06,566167
1073,0,5,1,0,1096.55,31655.8,64909.9,2.66257e+06,2.66257e+06,565775
1074,0,5,1,0,1095.57,31630.9,64865.2,2.66119e+06,2.66119e+06,565380
1075,0,5,1,0,1094.58,31606,64820.5,2.65981e+06,2.65981e+06,564982
1076,0,5,1,0,1093.6,31581,64775.8,2.65843e+06,2.65843e+06,564583
1077,0,5,1,0,1092.61,31556.1,64731,2.65705e+06,2.65705e+06,564180
1078,0,5,1,0,1091.63,31531.2,64686.3,2.65567e+06,2.65567e+06,563776
1079,0,5,1,0,1090.64,31506.2,64641.6,2.65428e+06,2.65428e+06,563369
1080,0,5,1,0,1089.66,31481.3,64596.8,2.6529e+06,2.6529e+06,562960
1081,0,5,1,0,1088.68,31456.4,64552.1,2.65152e+06,2.65152e+06,562548
1082,0,5,1,0,1087.7,31431.4,64507.4,2.65013e+06,2.65013e+06,562134
1083,0,5,1,0,1086.71,31406.5,64462.7,2.64875e+06,2.64875e+06,561718
1084,0,5,1,0,1085.73,31381.6,64417.9,2.64736e+06,2.64736e+06,561299
1085,0,5,1,0,1084.75,31356.7,64373.2,2.64598e+06,2.64598e+06,560878
1086,0,5,1,0,1083.77,31331.7,64328.5,2.64459e+06,2.64459e+06,560455
1087,0,5,1,0,1082.79,31306.8,64283.8,2.64321e+06,2.64321e+06,560029
1088,0,5,1,0,1081.82,31281.9,64239.1,2.64182e+06,2.64182e+06,559601
1089,0,5,1,0,1080.84,31257,64194.4,2.64044e+06,2.64044e+06,559171
1090,0,5,1,0,1079.86,31232.1,64149.7,2.63905e+06,2.63905e+06,558739
1091,0,5,1,0,1078.88,31207.2,64105,2.63767e+06,2.63767e+06,558304
1092,0,5,1,0,1077.91,31182.3,64060.3,2.63628e+06,2.63628e+06,557867
1093,0,5,1,0,1076.93,31157.4,64015.7,2.63489e+06,2.63489e+06,557427
1094,0,5,1,0,1075.96,31132.5,63971,2.63351e+06,2.63351e+06,556985
1095,0,5,1,0,1074.98,31107.6,63926.4,2.63212e+06,2.63212e+06,556541
1096,0,5,1,0,1074.01,31082.8,63881.7,2.63073e+06,2.63073e+06,556095
1097,0,5,1,0,1073.04,31057.9,63837.1,2.62935e+06,2.62935e+06,555646
1098,0,5,1,0,1072.07,31033,63792.5,2.62796e+06,2.62796e+06,555196
1099,0,5,1,0,1071.1,31008.2,63747.9,2.62657e+06,2.62657e+06,554742
1100,0,5,1,0,1070.13,30983.3,63703.3,2.62519e+06,2.62519e+06,554287
1101,0,5,1,0,1069.16,30958.5,63658.7,2.6238e+06,2.6238e+06,553829
1102,0,5,1,0,1068.19,30933.7,63614.2,2.62241e+06,2.62241e+06,553370
1103,0,5,1,0,1067.22,30908.9,63569.6,2.62103e+06,2.62103e+06,552908
1104,0,5,1,0,1066.25,30884.1,63525.1,2.61964e+06,2.61964e+06,552443
1105,0,5,1,0,1065.29,30859.3,63480.6,2.61825e+06,2.61825e+06,551977
1106,0,5,1,0,1064.32,30834.5,63436.1,2.61687e+06,2.61687e+06,551508
1107,0,5,1,0,1063.36,30809.7,63391.6,2.61548e+06,2.61548e+06,551037
1108,0,5,1,0,1062.39,30784.9,63347.2,2.6141e+06,2.6141e+06,550564
1109,0,5,1,0,1061.43,30760.1,63302.7,2.61271e+06,2.61271e+06,550088
1110,0,5,1,0,1060.47,30735.4,63258.3,2.61132e+06,2.61132e+06,549610
1111,0,5,1,0,1059.51,30710.6,63213.9,2.60994e+06,2.60994e+06,549131
1112,0,5,1,0,1058.55,30685.9,63169.5,2.60855e+06,2.60855e+06,548649
1113,0,5,1,0,1057.59,30661.1,63125.1,2.60717e+06,2.60717e+06,548164
1114,0,5,1,0,1056.63,30636.4,63080.8,2.60578e+06,2.60578e+06,547678
1115,0,5,1,0,1055.67,30611.7,63036.4,2.6044e+06,2.6044e+06,547189
1116,0,5,1,0,1054.71,30587,62992.1,2.60301e+06,2.60301e+06,546699
1117,0,5,1,0,1053.76,30562.3,62947.8,2.60163e+06,2.60163e+06,546206
1118,0,5,1,0,1052.8,30537.6,62903.6,2.60024e+06,2.60024e+06,545711
1119,0,5,1,0,1051.85,30513,62859.3,2.59886e+06,2.59886e+06,545213
1120,0,5,1,0,1050.89,30488.3,62815.1,2.59748e+06,2.59748e+06,544714
1121,0,5,1,0,1049.94,30463.7,62771,2.5961e+06,2.5961e+06,544212
1122,0,5,1,0,1048.99,30439.1,62726.8,2.59472e+06,2.59472e+06,543709
1123,0,5,1,0,1048.04,30414.4,62682.7,2.59334e+06,2.59334e+06,543203
1124,0,5,1,0,1047.09,30389.9,62638.6,2.59195e+06,2.59195e+06,542695
1125,0,5,1,0,1046.14,30365.3,62594.5,2.59058e+06,2.59058e+06,542185
1126,0,5,1,0,1046.32,30401.6,62550.2,2.58925e+06,2.58925e+06,541673
1127,0,5,1,0,1045.37,30373.8,62506,2.58788e+06,2.58788e+06,541158
1128,0,5,1,0,1044.41,30346.3,62461.7,2.58651e+06,2.58651e+06,540641
1129,0,5,1,0,1043.45,30319.1,62417.5,2.58514e+06,2.58514e+06,540122
1130,0,5,1,0,1042.48,30292.2,62373.3,2.58377e+06,2.58377e+06,539601
1131,0,5,1,0,1041.5,30265.6,62329.1,2.5824e+06,2.5824e+06,539078
1132,0,5,1,0,1040.52,30239.1,62284.9,2.58103e+06,2.58103e+06,538553
1133,0,5,1,0,1039.53,30212.9,62240.8,2.57966e+06,2.57966e+06,538025
1134,0,5,1,0,1038.54,30186.8,62196.7,2.57829e+06,2.57829e+06,537496
1135,0,5,1,0,1037.58,30161,62152.6,2.57692e+06,2.57692e+06,536964
1136,0,5,1,0,1036.73,30135.5,62108.5,2.57556e+06,2.57556e+06,536431
1137,0,5,1,0,1035.87,30110.1,62064.5,2.5742e+06,2.5742e+06,535895
1138,0,5,1,0,1035.01,30084.8,62020.4,2.57283e+06,2.57283e+06,535357
1139,0,5,1,0,1034.14,30059.7,61976.4,2.57147e+06,2.57147e+06,534817
1140,0,5,1,0,1033.26,30034.6,61932.4,2.57011e+06,2.57011e+06,534275
1141,0,5,1,0,1032.37,30009.6,61888.5,2.56875e+06,2.56875e+06,533731
1142,0,5,1,0,1031.48,29984.7,61844.6,2.56739e+06,2.56739e+06,533184
1143,0,5,1,0,1030.58,29959.8,61800.7,2.56603e+06,2.56603e+06,532636
1144,0,5,1,0,1029.66,29934.9,61756.8,2.56467e+06,2.56467e+06,532086
1145,0,5,1,0,1028.74,29910.1,61712.9,2.56331e+06,2.56331e+06,531533
1146,0,5,1,0,1027.8,29885.3,61669.1,2.56195e+06,2.56195e+06,530979
1147,0,5,1,0,1026.86,29860.5,61625.3,2.56059e+06,2.56059e+06,530422
1148,0,5,1,0,1025.92,29835.8,61581.5,2.55923e+06,2.55923e+06,529863
1149,0,5,1,0,1024.97,29811.1,61537.8,2.55787e+06,2.55787e+06,529303
1150,0,5,1,0,1024.01,29786.5,61494,2.55651e+06,2.55651e+06,528740
1151,0,5,1,0,1023.06,29761.9,61450.3,2.55515e+06,2.55515e+06,528175
1152,0,5,1,0,1022.09,29737.4,61406.7,2.5538e+06,2.5538e+06,527609
1153,0,5,1,0,1021.13,29712.9,61363,2.55244e+06,2.55244e+06,527040
1154,0,5,1,0,1020.16,29688.4,61319.4,2.55109e+06,2.55109e+06,526469
1155,0,5,1,0,1019.19,29664,61275.9,2.54973e+06,2.54973e+06,525896
1156,0,5,1,0,1018.22,29639.6,61232.3,2.54838e+06,2.54838e+06,525321
1157,0,5,1,0,1017.25,29615.2,61188.8,2.54703e+06,2.54703e+06,524744
1158,0,5,1,0,1016.27,29590.9,61145.4,2.54567e+06,2.54567e+06,524165
1159,0,5,1,0,1015.29,29566.5,61101.9,2.54432e+06,2.54432e+06,523584
1160,0,5,1,0,1014.32,29542.2,61058.5,2.54297e+06,2.54297e+06,523001
1161,0,6,1,0,1013.34,29518,61015.2,2.54163e+06,2.54163e+06,522417
1162,0,6,1,0,1012.35,29493.5,60971.3,2.54025e+06,2.54025e+06,521798
1163,0,6,1,0,1011.36,29469,60927.5,2.53889e+06,2.53889e+06,521179
1164,0,6,1,0,1010.37,29444.5,60883.7,2.53752e+06,2.53752e+06,520558
1165,0,6,1,0,1009.39,29420.1,60840,2.53615e+06,2.53615e+06,519937
1166,0,6,1,0,1008.4,29395.8,60796.3,2.53479e+06,2.53479e+06,519314
1167,0,6,1,0,1007.42,29371.4,60752.7,2.53343e+06,2.53343e+06,518691
1168,0,6,1,0,1006.43,29347.1,60709.1,2.53207e+06,2.53207e+06,518066
1169,0,6,1,0,1005.45,29322.8,60665.6,2.53071e+06,2.53071e+06,517440
1170,0,6,1,0,1004.47,29298.6,60622.2,2.52935e+06,2.52935e+06,516813
1171,0,6,1,0,1003.49,29274.3,60578.8,2.528e+06,2.528e+06,516184
1172,0,6,1,0,1002.51,29250.2,60535.4,2.52664e+06,2.52664e+06,515555
1173,0,6,1,0,1001.53,29226,60492.2,2.52529e+06,2.52529e+06,514924
1174,0,6,1,0,1000.56,29201.9,60449,2.52394e+06,2.52394e+06,514292
1175,0,6,1,0,999.585,29177.8,60405.8,2.52259e+06,2.52259e+06,513658
1176,0,6,1,0,998.615,29153.7,60362.7,2.52124e+06,2.52124e+06,513023
1177,0,6,1,0,997.646,29129.7,60319.7,2.5199e+06,2.5199e+06,512387
1178,0,6,1,0,996.679,29105.7,60276.7,2.51855e+06,2.51855e+06,511750
1179,0,6,1,0,995.714,29081.7,60233.7,2.51721e+06,2.51721e+06,511112
1180,0,6,1,0,994.681,29057.6,60190.1,2.51586e+06,2.51586e+06,510471
1181,0,6,1,0,993.653,29033.6,60146.5,2.51452e+06,2.51452e+06,509828
1182,0,6,1,0,992.633,29009.6,60103,2.51317e+06,2.51317e+06,509183
1183,0,6,1,0,991.62,28985.6,60059.6,2.51183e+06,2.51183e+06,508537
1184,0,6,1,0,990.615,28961.6,60016.3,2.51049e+06,2.51049e+06,507888
1185,0,6,1,0,989.615,28937.7,59973.2,2.50915e+06,2.50915e+06,507238
1186,0,6,1,0,988.622,28913.9,59930.1,2.50781e+06,2.50781e+06,506587
1187,0,6,1,0,987.635,28890,59887,2.50648e+06,2.50648e+06,505933
1188,0,6,1,0,986.652,28866.2,59844.1,2.50515e+06,2.50515e+06,505278
1189,0,6,1,0,985.675,28842.4,59801.2,2.50382e+06,2.50382e+06,504622
1190,0,6,1,0,984.703,28818.6,59758.5,2.50249e+06,2.50249e+06,503964
1191,0,6,1,0,983.735,28794.9,59715.7,2.50116e+06,2.50116e+06,503304
1192,0,6,1,0,982.772,28771.2,59673.1,2.49983e+06,2.49983e+06,502642
1193,0,6,1,0,981.813,28747.5,59630.6,2.49851e+06,2.49851e+06,501979
1194,0,6,1,0,980.858,28723.9,59588.1,2.49719e+06,2.49719e+06,501314
1195,0,6,1,0,987.877,28729.6,59552.9,2.4972e+06,2.4972e+06,500647
1196,0,6,1,0,986.658,28705.5,59509.7,2.49586e+06,2.49586e+06,499979
1197,0,6,1,0,985.453,28681.5,59466.5,2.49452e+06,2.49452e+06,499309
1198,0,6,1,0,984.262,28657.5,59423.5,2.49318e+06,2.49318e+06,498637
1199,0,6,1,0,983.084,28633.6,59380.7,2.49185e+06,2.49185e+06,497963
1200,0,6,1,0,981.919,28609.7,59337.9,2.49052e+06,2.49052e+06,497288
1201,0,6,1,0,980.766,28585.9,59295.2,2.48919e+06,2.48919e+06,496611
1202,0,6,1,0,979.624,28562,59252.7,2.48786e+06,2.48786e+06,495932
1203,0,6,1,0,978.494,28538.3,59210.2,2.48653e+06,2.48653e+06,495252
1204,0,6,1,0,977.374,28514.5,59167.9,2.48521e+06,2.48521e+06,494570
1205,0,6,1,0,976.265,28490.8,59125.7,2.48389e+06,2.48389e+06,493886
1206,0,6,1,0,975.165,28467.2,59083.6,2.48257e+06,2.48257e+06,493201
1207,0,6,1,0,974.075,28443.6,59041.5,2.48126e+06,2.48126e+06,492513
1208,0,6,1,0,972.994,28420,58999.6,2.47994e+06,2.47994e+06,491825
1209,0,6,1,0,971.922,28396.5,58957.8,2.47863e+06,2.47863e+06,491134
1210,0,6,1,0,970.859,28373,58916.1,2.47733e+06,2.47733e+06,490442
1211,0,6,1,0,969.805,28349.5,58874.5,2.47602e+06,2.47602e+06,489748
1212,0,6,1,0,968.758,28326.1,58833,2.47472e+06,2.47472e+06,489053
1213,0,6,1,0,967.72,28302.8,58791.6,2.47342e+06,2.47342e+06,488355
1214,0,6,1,0,966.689,28279.5,58750.3,2.47212e+06,2.47212e+06,487656
1215,0,6,1,0,965.665,28256.2,58709.1,2.47082e+06,2.47082e+06,486956
1216,0,6,1,0,964.649,28233,58667.9,2.46953e+06,2.46953e+06,486254
1217,0,6,1,0,963.64,28209.8,58626.9,2.46824e+06,2.46824e+06,485550
1218,0,6,1,0,962.637,28186.7,58586,2.46695e+06,2.46695e+06,484845
1219,0,6,1,0,961.641,28163.6,58545.2,2.46566e+06,2.46566e+06,484137
1220,0,6,1,0,960.652,28140.6,58504.4,2.46438e+06,2.46438e+06,483429
1221,0,6,1,0,959.669,28117.6,58463.8,2.4631e+06,2.4631e+06,482718
1222,0,6,1,0,958.692,28094.6,58423.2,2.46182e+06,2.46182e+06,482007
1223,0,6,1,0,957.721,28071.7,58382.7,2.46054e+06,2.46054e+06,481293
1224,0,6,1,0,956.755,28048.8,58342.4,2.45927e+06,2.45927e+06,480578
1225,0,6,1,0,955.796,28026,58302.1,2.458e+06,2.458e+06,479861
1226,0,6,1,0,955.119,28024,58274.8,2.45674e+06,2.45674e+06,479143
1227,0,6,1,0,954.113,27999.6,58234,2.45547e+06,2.45547e+06,478422
1228,0,6,1,0,953.19,27975,58193.4,2.45421e+06,2.45421e+06,477700
1229,0,6,1,0,952.287,27950.6,58153,2.45295e+06,2.45295e+06,476977
1230,0,6,1,0,951.387,27926.3,58112.8,2.4517e+06,2.4517e+06,476252
1231,0,6,1,0,950.488,27902.3,58072.6,2.45044e+06,2.45044e+06,475525
1232,0,6,1,0,949.59,27878.4,58032.6,2.44919e+06,2.44919e+06,474797
1233,0,6,1,0,948.692,27854.6,57992.7,2.44794e+06,2.44794e+06,474067
1234,0,6,1,0,947.794,27831,57952.9,2.4467e+06,2.4467e+06,473336
1235,0,6,1,0,946.922,27807.5,57913.3,2.44546e+06,2.44546e+06,472603
1236,0,6,1,0,946.088,27784,57873.8,2.44422e+06,2.44422e+06,471869
1237,0,6,1,0,945.255,27760.7,57834.4,2.44298e+06,2.44298e+06,471133
1238,0,6,1,0,944.422,27737.5,57795.1,2.44174e+06,2.44174e+06,470396
1239,0,6,1,0,943.559,27714,57755.6,2.44051e+06,2.44051e+06,469657
1240,0,6,1,0,942.688,27690.4,57716.2,2.43928e+06,2.43928e+06,468916
1241,0,6,1,0,941.816,27667,57676.7,2.43805e+06,2.43805e+06,468173
1242,0,6,1,0,940.943,27643.7,57637.4,2.43682e+06,2.43682e+06,467429
1243,0,6,1,0,940.07,27620.5,57598.2,2.43559e+06,2.43559e+06,466682
1244,0,6,1,0,939.197,27597.4,57559,2.43437e+06,2.43437e+06,465934
1245,0,6,1,0,938.324,27574.4,57519.9,2.43314e+06,2.43314e+06,465185
1246,0,6,1,0,937.45,27551.5,57480.9,2.43192e+06,2.43192e+06,464434
1247,0,6,1,0,936.575,27528.7,57442,2.4307e+06,2.4307e+06,463681
1248,0,6,1,0,935.7,27506,57403.2,2.42949e+06,2.42949e+06,462927
1249,0,6,1,0,934.825,27483.4,57364.5,2.42827e+06,2.42827e+06,462171
1250,0,6,1,0,933.949,27460.9,57325.8,2.42706e+06,2.42706e+06,461414
1251,0,6,1,0,933.073,27438.4,57287.3,2.42585e+06,2.42585e+06,460655
1252,0,6,1,0,935.485,27441.2,57244.9,2.42515e+06,2.42515e+06,459895
1253,0,6,1,0,934.525,27417.8,57206.6,2.42394e+06,2.42394e+06,459133
1254,0,6,1,0,933.568,27394.6,57168.3,2.42273e+06,2.42273e+06,458370
1255,0,6,1,0,932.615,27371.5,57130.2,2.42153e+06,2.42153e+06,457606
1256,0,6,1,0,931.666,27348.5,57092.1,2.42032e+06,2.42032e+06,456839
1257,0,6,1,0,930.721,27325.6,57054.2,2.41912e+06,2.41912e+06,456072
1258,0,6,1,0,929.78,27302.8,57016.3,2.41792e+06,2.41792e+06,455303
1259,0,6,1,0,928.843,27280.1,56978.5,2.41672e+06,2.41672e+06,454533
1260,0,6,1,0,927.91,27257.5,56940.8,2.41553e+06,2.41553e+06,453761
1261,0,6,1,0,926.981,27235.1,56903.1,2.41434e+06,2.41434e+06,452988
1262,0,6,1,0,926.056,27212.7,56865.6,2.41315e+06,2.41315e+06,452213
1263,0,6,1,0,925.134,27190.4,56828.1,2.41196e+06,2.41196e+06,451438
1264,0,6,1,0,924.217,27168.2,56790.7,2.41078e+06,2.41078e+06,450661
1265,0,6,1,0,923.304,27146.1,56753.4,2.4096e+06,2.4096e+06,449882
1266,0,6,1,0,922.396,27124,56716.2,2.40842e+06,2.40842e+06,449102
1267,0,6,1,0,921.491,27102.1,56679.1,2.40724e+06,2.40724e+06,448321
1268,0,6,1,0,920.591,27080.3,56642.1,2.40607e+06,2.40607e+06,447539
1269,0,6,1,0,919.695,27058.5,56605.2,2.4049e+06,2.4049e+06,446756
1270,0,6,1,0,918.803,27036.9,56568.4,2.40373e+06,2.40373e+06,445971
1271,0,6,1,0,917.916,27015.3,56531.6,2.40257e+06,2.40257e+06,445185
1272,0,6,1,0,917.033,26993.8,56495,2.40141e+06,2.40141e+06,444398
1273,0,6,1,0,916.155,26972.4,56458.4,2.40025e+06,2.40025e+06,443609
1274,0,6,1,0,915.281,26951.1,56421.9,2.39909e+06,2.39909e+06,442819
1275,0,6,1,0,914.411,26929.8,56385.6,2.39794e+06,2.39794e+06,442029
1276,0,6,1,0,913.545,26908.6,56349.3,2.39679e+06,2.39679e+06,441237
1277,0,6,1,0,912.684,26887.5,56313.1,2.39564e+06,2.39564e+06,440444
1278,0,6,1,0,911.827,26866.5,56277,2.3945e+06,2.3945e+06,439649
1279,0,6,1,0,910.975,26845.6,56241,2.39335e+06,2.39335e+06,438854
1280,0,6,1,0,910.127,26824.7,56205.1,2.39221e+06,2.39221e+06,438058
1281,0,6,1,0,909.283,26803.9,56169.3,2.39108e+06,2.39108e+06,437260
1282,0,6,1,0,908.444,26783.2,56133.6,2.38994e+06,2.38994e+06,436461
1283,0,6,1,0,907.608,26762.6,56097.9,2.38881e+06,2.38881e+06,435662
1284,0,6,1,0,906.777,26742,56062.4,2.38769e+06,2.38769e+06,434861
1285,0,6,1,0,905.95,26721.5,56027,2.38656e+06,2.38656e+06,434059
1286,0,6,1,0,905.128,26701.1,55991.6,2.38544e+06,2.38544e+06,433256
1287,0,6,1,0,904.309,26680.8,55956.4,2.38432e+06,2.38432e+06,432453
1288,0,6,1,0,903.495,26660.5,55921.2,2.3832e+06,2.3832e+06,431648
1289,0,6,1,0,902.684,26640.3,55886.1,2.38209e+06,2.38209e+06,430842
1290,0,6,1,0,901.877,26620.1,55851.1,2.38098e+06,2.38098e+06,430036
1291,0,6,1,0,901.075,26600,55816.2,2.37987e+06,2.37987e+06,429228
1292,0,6,1,0,900.276,26580,55781.4,2.37877e+06,2.37877e+06,428420
1293,0,6,1,0,899.482,26560.1,55746.7,2.37766e+06,2.37766e+06,427610
1294,0,6,1,0,898.691,26540.2,55712.1,2.37656e+06,2.37656e+06,426800
1295,0,6,1,0,897.905,26520.4,55677.6,2.37547e+06,2.37547e+06,425989
1296,0,6,1,0,897.122,26500.6,55643.2,2.37438e+06,2.37438e+06,425177
1297,0,6,1,0,896.343,26481,55608.9,2.37329e+06,2.37329e+06,424364
1298,0,6,1,0,895.568,26461.4,55574.7,2.3722e+06,2.3722e+06,423550
1299,0,6,1,0,894.797,26441.8,55540.5,2.37112e+06,2.37112e+06,422736
1300,0,6,1,0,894.03,26422.3,55506.5,2.37004e+06,2.37004e+06,421920
1301,0,6,1,0,893.267,26402.9,55472.6,2.36896e+06,2.36896e+06,421104
1302,0,6,1,0,892.507,26383.6,55438.8,2.36789e+06,2.36789e+06,420287
1303,0,6,1,0,891.751,26364.3,55405.1,2.36681e+06,2.36681e+06,419470
1304,0,6,1,0,890.999,26345.1,55371.5,2.36575e+06,2.36575e+06,418651
1305,0,6,1,0,890.251,26326,55338,2.36468e+06,2.36468e+06,417832
1306,0,6,1,0,889.506,26306.9,55304.6,2.36362e+06,2.36362e+06,417013
1307,0,6,1,0,888.765,26287.9,55271.2,2.36256e+06,2.36256e+06,416192
1308,0,6,1,0,888.028,26269,55238,2.36151e+06,2.36151e+06,415371
1309,0,6,1,0,887.294,26250.1,55204.9,2.36046e+06,2.36046e+06,414549
1310,0,6,1,0,886.564,26231.3,55171.9,2.35941e+06,2.35941e+06,413727
1311,0,6,1,0,885.837,26212.5,55139,2.35836e+06,2.35836e+06,412904
1312,0,6,1,0,885.114,26193.9,55106.2,2.35732e+06,2.35732e+06,412080
1313,0,6,1,0,884.394,26175.2,55073.5,2.35628e+06,2.35628e+06,411256
1314,0,6,1,0,883.678,26156.7,55040.9,2.35525e+06,2.35525e+06,410431
1315,0,6,1,0,882.965,26138.2,55008.4,2.35421e+06,2.35421e+06,409605
1316,0,6,1,0,882.256,26119.8,54976,2.35319e+06,2.35319e+06,408779
1317,0,6,1,0,881.549,26101.4,54943.7,2.35216e+06,2.35216e+06,407953
1318,0,6,1,0,880.847,26083.1,54911.5,2.35114e+06,2.35114e+06,407126
1319,0,6,1,0,880.147,26064.9,54879.4,2.35012e+06,2.35012e+06,406298
1320,0,6,1,0,879.451,26046.7,54847.4,2.3491e+06,2.3491e+06,405470
1321,0,6,1,0,878.758,26028.6,54815.5,2.34809e+06,2.34809e+06,404642
1322,0,6,1,0,878.068,26010.5,54783.7,2.34708e+06,2.34708e+06,403813
1323,0,6,1,0,877.381,25992.5,54752.1,2.34608e+06,2.34608e+06,402983
1324,0,6,1,0,876.698,25974.6,54720.5,2.34507e+06,2.34507e+06,402154
1325,0,6,1,0,876.017,25956.7,54689,2.34407e+06,2.34407e+06,401323
1326,0,6,1,0,875.34,25938.9,54657.6,2.34308e+06,2.34308e+06,400493
1327,0,6,1,0,874.666,25921.2,54626.3,2.34208e+06,2.34208e+06,399662
1328,0,6,1,0,873.995,25903.5,54595.1,2.34109e+06,2.34109e+06,398830
1329,0,6,1,0,873.327,25885.9,54564,2.34011e+06,2.34011e+06,397998
1330,0,6,1,0,872.662,25868.3,54533,2.33912e+06,2.33912e+06,397166
1331,0,6,1,0,872,25850.8,54502.2,2.33814e+06,2.33814e+06,396334
1332,0,6,1,0,871.342,25833.4,54471.4,2.33717e+06,2.33717e+06,395501
1333,0,6,1,0,870.686,25816,54440.7,2.33619e+06,2.33619e+06,394668
1334,0,6,1,0,870.033,25798.7,54410.1,2.33522e+06,2.33522e+06,393835
1335,0,6,1,0,869.383,25781.4,54379.6,2.33426e+06,2.33426e+06,393001
1336,0,6,1,0,868.735,25764.2,54349.2,2.33329e+06,2.33329e+06,392167
1337,0,6,1,0,868.091,25747,54318.9,2.33233e+06,2.33233e+06,391333
1338,0,6,1,0,867.449,25730,54288.7,2.33137e+06,2.33137e+06,390498
1339,0,6,1,0,866.81,25712.9,54258.6,2.33042e+06,2.33042e+06,389664
1340,0,6,1,0,866.174,25696,54228.6,2.32947e+06,2.32947e+06,388829
1341,0,6,1,0,865.541,25679.1,54198.7,2.32852e+06,2.32852e+06,387994
1342,0,6,1,0,864.911,25662.2,54168.9,2.32758e+06,2.32758e+06,387159
1343,0,6,1,0,864.283,25645.4,54139.2,2.32664e+06,2.32664e+06,386324
1344,0,6,1,0,863.659,25628.7,54109.6,2.3257e+06,2.3257e+06,385488
1345,0,6,1,0,863.037,25612,54080.1,2.32476e+06,2.32476e+06,384703
1346,0,6,1,0,862.418,25595.4,54050.8,2.32383e+06,2.32383e+06,384694
1347,0,6,1,0,861.801,25578.9,54021.5,2.32291e+06,2.32291e+06,384686
1348,0,6,1,0,861.188,25562.4,53992.3,2.32198e+06,2.32198e+06,384678
1349,0,6,1,0,860.577,25546,53963.2,2.32106e+06,2.32106e+06,384670
1350,0,6,1,0,859.969,25529.6,53934.3,2.32015e+06,2.32015e+06,384662
1351,0,6,1,0,859.363,25513.3,53905.4,2.31923e+06,2.31923e+06,384653
1352,0,6,1,0,858.76,25497.1,53876.6,2.31832e+06,2.31832e+06,384645
1353,0,6,1,0,858.161,25480.9,53848,2.31742e+06,2.31742e+06,384637
1354,0,6,1,0,857.566,25464.8,53819.6,2.31652e+06,2.31652e+06,384629
1355,0,6,1,0,856.973,25448.8,53791.2,2.31562e+06,2.31562e+06,384621
1356,0,6,1,0,856.383,25432.8,53763,2.31473e+06,2.31473e+06,384613
1357,0,6,1,0,855.796,25416.9,53734.8,2.31384e+06,2.31384e+06,384605
1358,0,6,1,0,855.211,25401.1,53706.8,2.31296e+06,2.31296e+06,384597
1359,0,6,1,0,854.628,25385.3,53678.8,2.31207e+06,2.31207e+06,384589
1360,0,6,1,0,854.049,25369.6,53651,2.3112e+06,2.3112e+06,384581
1361,0,6,1,0,853.471,25353.9,53623.3,2.31032e+06,2.31032e+06,384573
1362,0,6,1,0,852.896,25338.3,53595.6,2.30945e+06,2.30945e+06,384565
1363,0,6,1,0,852.324,25322.8,53568.1,2.30858e+06,2.30858e+06,384557
1364,0,6,1,0,851.754,25307.3,53540.7,2.30772e+06,2.30772e+06,384549
1365,0,6,1,0,851.187,25291.8,53513.3,2.30685e+06,2.30685e+06,384541
1366,0,6,1,0,850.622,25276.5,53486.1,2.306e+06,2.306e+06,384534
1367,0,6,1,0,850.06,25261.2,53459,2.30514e+06,2.30514e+06,384526
1368,0,6,1,0,849.5,25245.9,53431.9,2.30429e+06,2.30429e+06,384518
1369,0,6,1,0,848.942,25230.7,53405,2.30344e+06,2.30344e+06,384510
1370,0,6,1,0,848.387,25215.5,53378.2,2.3026e+06,2.3026e+06,384503
1371,0,6,1,0,847.834,25200.5,53351.4,2.30176e+06,2.30176e+06,384495
1372,0,6,1,0,847.284,25185.4,53324.8,2.30092e+06,2.30092e+06,384487
1373,0,6,1,0,846.736,25170.5,53298.3,2.30008e+06,2.30008e+06,384480
1374,0,6,1,0,846.19,25155.5,53271.8,2.29925e+06,2.29925e+06,384472
1375,0,6,1,0,845.647,25140.7,53245.5,2.29843e+06,2.29843e+06,384464
1376,0,6,1,0,845.106,25125.9,53219.3,2.2976e+06,2.2976e+06,384457
1377,0,6,1,0,844.567,25111.1,53193.1,2.29678e+06,2.29678e+06,384449
1378,0,6,1,0,844.03,25096.4,53167.1,2.29596e+06,2.29596e+06,384442
1379,0,6,1,0,843.496,25081.8,53141.1,2.29515e+06,2.29515e+06,384434
1380,0,6,1,0,842.964,25067.2,53115.3,2.29434e+06,2.29434e+06,384427
1381,0,6,1,0,842.435,25052.7,53089.6,2.29353e+06,2.29353e+06,384419
1382,0,6,1,0,841.908,25038.2,53063.9,2.29273e+06,2.29273e+06,384412
1383,0,6,1,0,841.382,25023.8,53038.4,2.29193e+06,2.29193e+06,384404
1384,0,6,1,0,840.86,25009.5,53012.9,2.29113e+06,2.29113e+06,384397
1385,0,6,1,0,840.339,24995.2,52987.5,2.29033e+06,2.29033e+06,384389
1386,0,6,1,0,839.821,24980.9,52962.3,2.28954e+06,2.28954e+06,384382
1387,0,6,1,0,839.304,24966.8,52937.1,2.28875e+06,2.28875e+06,384375
1388,0,6,1,0,838.79,24952.6,52912,2.28797e+06,2.28797e+06,384367
1389,0,6,1,0,838.278,24938.5,52887.1,2.28719e+06,2.28719e+06,384360
1390,0,6,1,0,837.769,24924.5,52862.2,2.28641e+06,2.28641e+06,384353
1391,0,6,1,0,837.261,24910.6,52837.4,2.28564e+06,2.28564e+06,384345
1392,0,6,1,0,836.756,24896.6,52812.7,2.28486e+06,2.28486e+06,384338
1393,0,6,1,0,836.252,24882.8,52788.1,2.2841e+06,2.2841e+06,384331
1394,0,6,1,0,835.751,24869,52763.6,2.28333e+06,2.28333e+06,384324
1395,0,6,1,0,835.252,24855.2,52739.2,2.28257e+06,2.28257e+06,384316
1396,0,6,1,0,834.754,24841.5,52714.8,2.28181e+06,2.28181e+06,384309
1397,0,6,1,0,834.259,24827.8,52690.6,2.28105e+06,2.28105e+06,384302
1398,0,6,1,0,833.765,24814.2,52666.4,2.2803e+06,2.2803e+06,384295
1399,0,6,1,0,833.274,24800.6,52642.3,2.27954e+06,2.27954e+06,384288
1400,0,6,1,0,832.784,24787.1,52618.3,2.2788e+06,2.2788e+06,384281
1401,0,6,1,0,832.297,24773.7,52594.4,2.27805e+06,2.27805e+06,384274
1402,0,6,1,0,831.812,24760.3,52570.6,2.27731e+06,2.27731e+06,384267
1403,0,6,1,0,831.329,24746.9,52546.9,2.27657e+06,2.27657e+06,384260
1404,0,6,1,0,830.847,24733.6,52523.3,2.27584e+06,2.27584e+06,384253
1405,0,6,1,0,830.368,24720.4,52499.8,2.27511e+06,2.27511e+06,384246
1406,0,6,1,0,829.891,24707.2,52476.4,2.27438e+06,2.27438e+06,384239
1407,0,6,1,0,829.416,24694.1,52453,2.27365e+06,2.27365e+06,384232
1408,0,6,1,0,828.942,24681,52429.8,2.27293e+06,2.27293e+06,384225
1409,0,6,1,0,828.471,24667.9,52406.6,2.27221e+06,2.27221e+06,384218
1410,0,6,1,0,828.002,24655,52383.5,2.27149e+06,2.27149e+06,384211
1411,0,6,1,0,827.535,24642,52360.6,2.27078e+06,2.27078e+06,384204
1412,0,6,1,0,827.07,24629.2,52337.7,2.27007e+06,2.27007e+06,384197
1413,0,6,1,0,826.606,24616.3,52314.9,2.26936e+06,2.26936e+06,384190
1414,0,6,1,0,826.145,24603.6,52292.2,2.26866e+06,2.26866e+06,384183
1415,0,6,1,0,825.686,24590.8,52269.6,2.26796e+06,2.26796e+06,384177
1416,0,6,1,0,825.229,24578.2,52247.1,2.26726e+06,2.26726e+06,384170
1417,0,6,1,0,824.773,24565.5,52224.6,2.26657e+06,2.26657e+06,384163
1418,0,6,1,0,824.32,24553,52202.3,2.26588e+06,2.26588e+06,384156
1419,0,6,1,0,823.868,24540.5,52180,2.26519e+06,2.26519e+06,384150
1420,0,6,1,0,823.419,24528,52157.9,2.2645e+06,2.2645e+06,384143
1421,0,6,1,0,822.971,24515.6,52135.8,2.26382e+06,2.26382e+06,384136
1422,0,6,1,0,822.525,24503.2,52113.8,2.26314e+06,2.26314e+06,384130
1423,0,6,1,0,822.081,24490.9,52091.9,2.26247e+06,2.26247e+06,384123
1424,0,6,1,0,821.639,24478.7,52070.1,2.26179e+06,2.26179e+06,384116
1425,0,6,1,0,821.199,24466.5,52048.4,2.26112e+06,2.26112e+06,384110
1426,0,6,1,0,820.761,24454.3,52026.8,2.26046e+06,2.26046e+06,384103
1427,0,6,1,0,820.325,24442.2,52005.3,2.25979e+06,2.25979e+06,384096
1428,0,6,1,0,819.89,24430.1,51983.8,2.25913e+06,2.25913e+06,384090
1429,0,6,1,0,819.457,24418.1,51962.5,2.25848e+06,2.25848e+06,384083
1430,0,6,1,0,819.027,24406.2,51941.2,2.25782e+06,2.25782e+06,384077
1431,0,6,1,0,818.598,24394.3,51920,2.25717e+06,2.25717e+06,384070
1432,0,6,1,0,818.17,24382.4,51898.9,2.25652e+06,2.25652e+06,384064
1433,0,6,1,0,817.745,24370.6,51877.9,2.25588e+06,2.25588e+06,384057
1434,0,6,1,0,817.322,24358.8,51857,2.25524e+06,2.25524e+06,384051
1435,0,6,1,0,816.9,24347.1,51836.1,2.2546e+06,2.2546e+06,384044
1436,0,6,1,0,816.48,24335.5,51815.4,2.25396e+06,2.25396e+06,384038
1437,0,6,1,0,816.062,24323.8,51794.7,2.25333e+06,2.25333e+06,384031
1438,0,6,1,0,815.646,24312.3,51774.2,2.2527e+06,2.2527e+06,384025
1439,0,6,1,0,815.231,24300.8,51753.7,2.25207e+06,2.25207e+06,384019
1440,0,6,1,0,814.819,24289.3,51733.3,2.25144e+06,2.25144e+06,384012
1441,0,6,1,0,814.408,24277.9,51712.9,2.25082e+06,2.25082e+06,384006
1442,0,6,1,0,813.999,24266.5,51692.7,2.2502e+06,2.2502e+06,383999
1443,0,6,1,0,813.592,24255.2,51672.6,2.24959e+06,2.24959e+06,383993
1444,0,6,1,0,813.186,24243.9,51652.5,2.24898e+06,2.24898e+06,383987
1445,0,6,1,0,812.782,24232.7,51632.5,2.24837e+06,2.24837e+06,383981
1446,0,6,1,0,812.38,24221.5,51612.6,2.24776e+06,2.24776e+06,383974
1447,0,6,1,0,811.979,24210.4,51592.8,2.24715e+06,2.24715e+06,383968
1448,0,6,1,0,811.58,24199.3,51573,2.24655e+06,2.24655e+06,383962
1449,0,6,1,0,811.182,24188.2,51553.3,2.24595e+06,2.24595e+06,383956
1450,0,6,1,0,810.785,24177.2,51533.6,2.24535e+06,2.24535e+06,383949
1451,0,6,1,0,810.39,24166.2,51514.1,2.24476e+06,2.24476e+06,383943
1452,0,6,1,0,809.997,24155.3,51494.6,2.24416e+06,2.24416e+06,383937
1453,0,6,1,0,809.606,24144.4,51475.2,2.24357e+06,2.24357e+06,383931
1454,0,6,1,0,809.216,24133.6,51455.9,2.24299e+06,2.24299e+06,383925
1455,0,6,1,0,808.828,24122.8,51436.7,2.2424e+06,2.2424e+06,383919
1456,0,6,1,0,808.442,24112.1,51417.5,2.24182e+06,2.24182e+06,383912
1457,0,6,1,0,808.057,24101.4,51398.5,2.24124e+06,2.24124e+06,383906
1458,0,6,1,0,807.674,24090.7,51379.5,2.24067e+06,2.24067e+06,383900
1459,0,6,1,0,807.293,24080.1,51360.6,2.24009e+06,2.24009e+06,383894
1460,0,6,1,0,806.913,24069.6,51341.8,2.23952e+06,2.23952e+06,383888
1461,0,6,1,0,806.535,24059.1,51323,2.23896e+06,2.23896e+06,383882
1462,0,6,1,0,806.159,24048.6,51304.4,2.23839e+06,2.23839e+06,383876
1463,0,6,1,0,805.784,24038.2,51285.8,2.23783e+06,2.23783e+06,383870
1464,0,6,1,0,805.411,24027.8,51267.3,2.23727e+06,2.23727e+06,383864
1465,0,6,1,0,805.039,24017.5,51248.8,2.23671e+06,2.23671e+06,383858
1466,0,6,1,0,804.67,24007.2,51230.5,2.23616e+06,2.23616e+06,383852
1467,0,6,1,0,804.301,23996.9,51212.2,2.23561e+06,2.23561e+06,383846
1468,0,6,1,0,803.935,23986.7,51194,2.23506e+06,2.23506e+06,383840
1469,0,6,1,0,803.57,23976.6,51175.9,2.23451e+06,2.23451e+06,383834
1470,0,6,1,0,803.206,23966.5,51157.9,2.23397e+06,2.23397e+06,383828
1471,0,6,1,0,802.845,23956.4,51140,2.23343e+06,2.23343e+06,383822
1472,0,6,1,0,802.484,23946.4,51122.1,2.23289e+06,2.23289e+06,383817
1473,0,6,1,0,802.126,23936.4,51104.3,2.23236e+06,2.23236e+06,383811
1474,0,6,1,0,801.769,23926.5,51086.6,2.23183e+06,2.23183e+06,383805
1475,0,6,1,0,801.413,23916.6,51069,2.2313e+06,2.2313e+06,383799
1476,0,6,1,0,801.059,23906.8,51051.4,2.23077e+06,2.23077e+06,383793
1477,0,6,1,0,800.707,23897,51033.9,2.23024e+06,2.23024e+06,383787
1478,0,6,1,0,800.355,23887.2,51016.4,2.22972e+06,2.22972e+06,383782
1479,0,6,1,0,800.005,23877.5,50999.1,2.2292e+06,2.2292e+06,383776
1480,0,6,1,0,799.657,23867.8,50981.8,2.22868e+06,2.22868e+06,383770
1481,0,6,1,0,799.31,23858.2,50964.6,2.22817e+06,2.22817e+06,383764
1482,0,6,1,0,798.965,23848.6,50947.4,2.22765e+06,2.22765e+06,383759
1483,0,6,1,0,798.622,23839,50930.3,2.22714e+06,2.22714e+06,383753
1484,0,6,1,0,798.28,23829.5,50913.4,2.22664e+06,2.22664e+06,383747
1485,0,6,1,0,797.939,23820.1,50896.4,2.22613e+06,2.22613e+06,383742
1486,0,6,1,0,797.6,23810.6,50879.6,2.22563e+06,2.22563e+06,383736
1487,0,6,1,0,797.262,23801.3,50862.8,2.22513e+06,2.22513e+06,383730
1488,0,6,1,0,796.926,23791.9,50846.2,2.22463e+06,2.22463e+06,383725
1489,0,6,1,0,796.592,23782.6,50829.5,2.22414e+06,2.22414e+06,383719
1490,0,6,1,0,796.259,23773.4,50813,2.22364e+06,2.22364e+06,383713
1491,0,6,1,0,795.927,23764.2,50796.5,2.22316e+06,2.22316e+06,383708
1492,0,6,1,0,795.597,23755,50780.2,2.22267e+06,2.22267e+06,383702
1493,0,6,1,0,795.269,23745.9,50763.8,2.22218e+06,2.22218e+06,383696
1494,0,6,1,0,794.942,23736.8,50747.6,2.2217e+06,2.2217e+06,383691
1495,0,6,1,0,794.616,23727.8,50731.4,2.22122e+06,2.22122e+06,383685
1496,0,6,1,0,794.292,23718.8,50715.3,2.22074e+06,2.22074e+06,383680
1497,0,6,1,0,793.969,23709.8,50699.3,2.22027e+06,2.22027e+06,383674
1498,0,6,1,0,793.648,23700.9,50683.4,2.2198e+06,2.2198e+06,383669
1499,0,6,1,0,793.328,23692,50667.5,2.21933e+06,2.21933e+06,383663
1500,0,6,1,0,793.01,23683.2,50651.7,2.21886e+06,2.21886e+06,383658
1501,0,6,1,0,792.693,23674.4,50635.9,2.2184e+06,2.2184e+06,383652
1502,0,6,1,0,792.378,23665.6,50620.3,2.21793e+06,2.21793e+06,383647
1503,0,6,1,0,792.064,23656.9,50604.7,2.21747e+06,2.21747e+06,383641
1504,0,6,1,0,791.751,23648.2,50589.2,2.21702e+06,2.21702e+06,383636
1505,0,6,1,0,791.44,23639.6,50573.7,2.21656e+06,2.21656e+06,383631
1506,0,6,1,0,791.13,23631,50558.3,2.21611e+06,2.21611e+06,383625
1507,0,6,1,0,790.822,23622.4,50543,2.21566e+06,2.21566e+06,383620
1508,0,6,1,0,790.515,23613.9,50527.8,2.21521e+06,2.21521e+06,383614
1509,0,6,1,0,790.209,23605.4,50512.6,2.21476e+06,2.21476e+06,383609
1510,0,6,1,0,789.905,23597,50497.5,2.21432e+06,2.21432e+06,383604
1511,0,6,1,0,789.603,23588.6,50482.5,2.21388e+06,2.21388e+06,383598
1512,0,6,1,0,789.301,23580.2,50467.5,2.21344e+06,2.21344e+06,383593
1513,0,6,1,0,789.001,23571.9,50452.6,2.213e+06,2.213e+06,383588
1514,0,6,1,0,788.703,23563.6,50437.8,2.21257e+06,2.21257e+06,383582
1515,0,6,1,0,788.405,23555.4,50423,2.21214e+06,2.21214e+06,383577
1516,0,6,1,0,788.11,23547.2,50408.3,2.21171e+06,2.21171e+06,383572
1517,0,6,1,0,787.815,23539,50393.7,2.21128e+06,2.21128e+06,383567
1518,0,6,1,0,787.522,23530.9,50379.2,2.21086e+06,2.21086e+06,383561
1519,0,6,1,0,787.23,23522.8,50364.7,2.21044e+06,2.21044e+06,383556
1520,0,6,1,0,786.94,23514.8,50350.3,2.21001e+06,2.21001e+06,383551
1521,0,6,1,0,786.651,23506.7,50335.9,2.2096e+06,2.2096e+06,383546
1522,0,6,1,0,786.363,23498.8,50321.6,2.20918e+06,2.20918e+06,383540
1523,0,6,1,0,786.077,23490.8,50307.4,2.20877e+06,2.20877e+06,383535
1524,0,6,1,0,785.792,23482.9,50293.3,2.20836e+06,2.20836e+06,383530
1525,0,6,1,0,785.508,23475.1,50279.2,2.20795e+06,2.20795e+06,383525
1526,0,6,1,0,785.226,23467.3,50265.1,2.20754e+06,2.20754e+06,383520
1527,0,6,1,0,784.945,23459.5,50251.2,2.20714e+06,2.20714e+06,383515
1528,0,6,1,0,784.665,23451.7,50237.3,2.20673e+06,2.20673e+06,383510
1529,0,6,1,0,784.387,23444,50223.5,2.20633e+06,2.20633e+06,383504
1530,0,6,1,0,784.109,23436.3,50209.7,2.20594e+06,2.20594e+06,383499
1531,0,6,1,0,783.833,23428.7,50196,2.20554e+06,2.20554e+06,383494
1532,0,6,1,0,783.558,23421.1,50182.4,2.20515e+06,2.20515e+06,383489
1533,0,6,1,0,783.285,23413.5,50168.8,2.20475e+06,2.20475e+06,383484
1534,0,6,1,0,783.013,23406,50155.3,2.20436e+06,2.20436e+06,383479
1535,0,6,1,0,782.742,23398.5,50141.9,2.20398e+06,2.20398e+06,383474
1536,0,6,1,0,782.472,23391,50128.5,2.20359e+06,2.20359e+06,383469
1537,0,6,1,0,782.204,23383.6,50115.2,2.20321e+06,2.20321e+06,383464
1538,0,6,1,0,781.937,23376.2,50101.9,2.20283e+06,2.20283e+06,383459
1539,0,6,1,0,781.671,23368.9,50088.7,2.20245e+06,2.20245e+06,383454
1540,0,6,1,0,781.407,23361.5,50075.6,2.20207e+06,2.20207e+06,383449
1541,0,6,1,0,781.144,23354.3,50062.6,2.2017e+06,2.2017e+06,383444
1542,0,6,1,0,780.882,23347,50049.6,2.20132e+06,2.20132e+06,383439
1543,0,6,1,0,780.621,23339.8,50036.6,2.20095e+06,2.20095e+06,383434
1544,0,6,1,0,780.361,23332.6,50023.7,2.20058e+06,2.20058e+06,383429
1545,0,6,1,0,780.103,23325.5,50010.9,2.20022e+06,2.20022e+06,383424
1546,0,6,1,0,779.846,23318.4,49998.2,2.19985e+06,2.19985e+06,383419
1547,0,6,1,0,779.59,23311.3,49985.5,2.19949e+06,2.19949e+06,383414
1548,0,6,1,0,779.335,23304.3,49972.8,2.19913e+06,2.19913e+06,383410
1549,0,6,1,0,779.082,23297.3,49960.3,2.19877e+06,2.19877e+06,383405
1550,0,6,1,0,778.83,23290.3,49947.8,2.19842e+06,2.19842e+06,383400
1551,0,6,1,0,778.579,23283.4,49935.3,2.19806e+06,2.19806e+06,383395
1552,0,6,1,0,778.329,23276.5,49922.9,2.19771e+06,2.19771e+06,383390
1553,0,6,1,0,778.08,23269.6,49910.6,2.19736e+06,2.19736e+06,383385
1554,0,6,1,0,777.833,23262.8,49898.3,2.19701e+06,2.19701e+06,383380
1555,0,6,1,0,777.587,23256,49886.1,2.19666e+06,2.19666e+06,383376
1556,0,6,1,0,777.342,23249.2,49873.9,2.19632e+06,2.19632e+06,383371
1557,0,6,1,0,777.098,23242.5,49861.8,2.19598e+06,2.19598e+06,383366
1558,0,6,1,0,776.855,23235.8,49849.8,2.19563e+06,2.19563e+06,383361
1559,0,6,1,0,776.614,23229.1,49837.8,2.1953e+06,2.1953e+06,383356
1560,0,6,1,0,776.373,23222.4,49825.9,2.19496e+06,2.19496e+06,383352
1561,0,6,1,0,776.134,23215.8,49814,2.19462e+06,2.19462e+06,383347
1562,0,6,1,0,775.896,23209.3,49802.2,2.19429e+06,2.19429e+06,383342
1563,0,6,1,0,775.659,23202.7,49790.5,2.19396e+06,2.19396e+06,383338
1564,0,6,1,0,775.423,23196.2,49778.8,2.19363e+06,2.19363e+06,383333
1565,0,6,1,0,775.188,23189.8,49767.1,2.1933e+06,2.1933e+06,383328
1566,0,6,1,0,774.954,23183.3,49755.6,2.19298e+06,2.19298e+06,383323
1567,0,6,1,0,774.722,23176.9,49744,2.19265e+06,2.19265e+06,383319
1568,0,6,1,0,774.491,23170.5,49732.6,2.19233e+06,2.19233e+06,383314
1569,0,6,1,0,774.26,23164.2,49721.1,2.19201e+06,2.19201e+06,383309
1570,0,6,1,0,774.031,23157.9,49709.8,2.19169e+06,2.19169e+06,383305
1571,0,6,1,0,773.803,23151.6,49698.5,2.19138e+06,2.19138e+06,383300
1572,0,6,1,0,773.576,23145.3,49687.2,2.19106e+06,2.19106e+06,383296
1573,0,6,1,0,773.35,23139.1,49676,2.19075e+06,2.19075e+06,383291
1574,0,6,1,0,773.125,23132.9,49664.9,2.19044e+06,2.19044e+06,383286
1575,0,6,1,0,772.901,23126.7,49653.8,2.19013e+06,2.19013e+06,383282
1576,0,6,1,0,772.679,23120.6,49642.8,2.18982e+06,2.18982e+06,383277
1577,0,6,1,0,772.457,23114.5,49631.8,2.18951e+06,2.18951e+06,383273
1578,0,6,1,0,772.237,23108.4,49620.9,2.18921e+06,2.18921e+06,383268
1579,0,6,1,0,772.017,23102.4,49610,2.18891e+06,2.18891e+06,383263
1580,0,6,1,0,771.799,23096.4,49599.2,2.18861e+06,2.18861e+06,383259
1581,0,6,1,0,771.582,23090.4,49588.4,2.18831e+06,2.18831e+06,383254
1582,0,6,1,0,771.366,23084.4,49577.7,2.18801e+06,2.18801e+06,383250
1583,0,6,1,0,771.15,23078.5,49567,2.18771e+06,2.18771e+06,383245
1584,0,6,1,0,770.936,23072.6,49556.4,2.18742e+06,2.18742e+06,383241
1585,0,6,1,0,770.723,23066.8,49545.9,2.18713e+06,2.18713e+06,383236
1586,0,6,1,0,770.511,23060.9,49535.4,2.18684e+06,2.18684e+06,383232
1587,0,6,1,0,770.3,23055.1,49524.9,2.18655e+06,2.18655e+06,383227
1588,0,6,1,0,770.09,23049.3,49514.5,2.18626e+06,2.18626e+06,383223
1589,0,6,1,0,769.881,23043.6,49504.1,2.18597e+06,2.18597e+06,383219
1590,0,6,1,0,769.673,23037.9,49493.8,2.18569e+06,2.18569e+06,383214
1591,0,6,1,0,769.466,23032.2,49483.6,2.18541e+06,2.18541e+06,383210
1592,0,6,1,0,769.26,23026.5,49473.4,2.18513e+06,2.18513e+06,383205
1593,0,6,1,0,769.055,23020.9,49463.2,2.18485e+06,2.18485e+06,383201
1594,0,6,1,0,768.851,23015.3,49453.2,2.18457e+06,2.18457e+06,383196
1595,0,6,1,0,768.648,23009.7,49443.1,2.1843e+06,2.1843e+06,383192
1596,0,6,1,0,768.446,23004.2,49433.1,2.18402e+06,2.18402e+06,383188
1597,0,6,1,0,768.245,22998.6,49423.2,2.18375e+06,2.18375e+06,383183
1598,0,6,1,0,768.046,22993.1,49413.3,2.18348e+06,2.18348e+06,383179
1599,0,6,1,0,767.847,22987.7,49403.4,2.18321e+06,2.18321e+06,383175
1600,0,6,1,0,767.649,22982.2,49393.6,2.18294e+06,2.18294e+06,383170
1601,0,6,1,0,767.451,22976.8,49383.9,2.18267e+06,2.18267e+06,383166
1602,0,6,1,0,767.255,22971.5,49374.2,2.18241e+06,2.18241e+06,383162
1603,0,6,1,0,767.06,22966.1,49364.5,2.18215e+06,2.18215e+06,383157
1604,0,6,1,0,766.866,22960.8,49354.9,2.18189e+06,2.18189e+06,383153
1605,0,6,1,0,766.673,22955.5,49345.3,2.18163e+06,2.18163e+06,383149
1606,0,6,1,0,766.481,22950.2,49335.8,2.18137e+06,2.18137e+06,383144
1607,0,6,1,0,766.29,22945,49326.4,2.18111e+06,2.18111e+06,383140
1608,0,6,1,0,766.1,22939.7,49317,2.18085e+06,2.18085e+06,383136
1609,0,6,1,0,765.91,22934.5,49307.6,2.1806e+06,2.1806e+06,383132
1610,0,6,1,0,765.722,22929.4,49298.3,2.18035e+06,2.18035e+06,383128
1611,0,6,1,0,765.535,22924.2,49289,2.1801e+06,2.1801e+06,383123
1612,0,6,1,0,765.348,22919.1,49279.8,2.17985e+06,2.17985e+06,383119
1613,0,6,1,0,765.163,22914,49270.6,2.1796e+06,2.1796e+06,383115
1614,0,6,1,0,764.978,22909,49261.5,2.17935e+06,2.17935e+06,383111
1615,0,6,1,0,764.794,22903.9,49252.4,2.17911e+06,2.17911e+06,383107
1616,0,6,1,0,764.611,22898.9,49243.3,2.17887e+06,2.17887e+06,383102
1617,0,6,1,0,764.429,22893.9,49234.3,2.17862e+06,2.17862e+06,383098
1618,0,6,1,0,764.248,22889,49225.4,2.17838e+06,2.17838e+06,383094
1619,0,6,1,0,764.068,22884,49216.5,2.17814e+06,2.17814e+06,383090
1620,0,6,1,0,763.889,22879.1,49207.6,2.17791e+06,2.17791e+06,383086
1621,0,6,1,0,763.711,22874.3,49198.8,2.17767e+06,2.17767e+06,383082
1622,0,6,1,0,763.533,22869.4,49190,2.17744e+06,2.17744e+06,383078
1623,0,6,1,0,763.357,22864.6,49181.3,2.1772e+06,2.1772e+06,383074
1624,0,6,1,0,763.181,22859.7,49172.6,2.17697e+06,2.17697e+06,383070
1625,0,6,1,0,763.006,22855,49164,2.17674e+06,2.17674e+06,383066
1626,0,6,1,0,762.832,22850.2,49155.4,2.17651e+06,2.17651e+06,383062
1627,0,6,1,0,762.659,22845.5,49146.8,2.17628e+06,2.17628e+06,383058
1628,0,6,1,0,762.487,22840.7,49138.3,2.17606e+06,2.17606e+06,383054
1629,0,6,1,0,762.315,22836.1,49129.9,2.17583e+06,2.17583e+06,383050
1630,0,6,1,0,762.145,22831.4,49121.4,2.17561e+06,2.17561e+06,383046
1631,0,6,1,0,761.975,22826.7,49113.1,2.17538e+06,2.17538e+06,383042
1632,0,6,1,0,761.806,22822.1,49104.7,2.17516e+06,2.17516e+06,383038
1633,0,6,1,0,761.638,22817.5,49096.4,2.17494e+06,2.17494e+06,383034
1634,0,6,1,0,761.471,22813,49088.2,2.17473e+06,2.17473e+06,383030
1635,0,6,1,0,761.305,22808.4,49080,2.17451e+06,2.17451e+06,383026
1636,0,6,1,0,761.14,22803.9,49071.8,2.17429e+06,2.17429e+06,383022
1637,0,6,1,0,760.975,22799.4,49063.7,2.17408e+06,2.17408e+06,383018
1638,0,6,1,0,760.811,22794.9,49055.6,2.17386e+06,2.17386e+06,383014
1639,0,6,1,0,760.649,22790.5,49047.5,2.17365e+06,2.17365e+06,383011
1640,0,6,1,0,760.487,22786,49039.5,2.17344e+06,2.17344e+06,383007
1641,0,6,1,0,760.325,22781.6,49031.6,2.17323e+06,2.17323e+06,383003
1642,0,6,1,0,760.165,22777.3,49023.6,2.17302e+06,2.17302e+06,382999
1643,0,6,1,0,760.005,22772.9,49015.8,2.17282e+06,2.17282e+06,382995
1644,0,6,1,0,759.846,22768.6,49007.9,2.17261e+06,2.17261e+06,382991
1645,0,6,1,0,759.688,22764.2,49000.1,2.17241e+06,2.17241e+06,382988
1646,0,6,1,0,759.531,22760,48992.3,2.1722e+06,2.1722e+06,382984
1647,0,6,1,0,759.375,22755.7,48984.6,2.172e+06,2.172e+06,382980
1648,0,6,1,0,759.219,22751.4,48976.9,2.1718e+06,2.1718e+06,382976
1649,0,6,1,0,759.065,22747.2,48969.3,2.1716e+06,2.1716e+06,382973
1650,0,6,1,0,758.911,22743,48961.7,2.1714e+06,2.1714e+06,382969
1651,0,6,1,0,758.757,22738.8,48954.1,2.17121e+06,2.17121e+06,382965
1652,0,6,1,0,758.605,22734.7,48946.6,2.17101e+06,2.17101e+06,382961
1653,0,6,1,0,758.453,22730.5,48939.1,2.17082e+06,2.17082e+06,382958
1654,0,6,1,0,758.302,22726.4,48931.6,2.17062e+06,2.17062e+06,382954
1655,0,6,1,0,758.152,22722.3,48924.2,2.17043e+06,2.17043e+06,382950
1656,0,6,1,0,758.003,22718.2,48916.8,2.17024e+06,2.17024e+06,382947
1657,0,6,1,0,757.854,22714.2,48909.4,2.17005e+06,2.17005e+06,382943
1658,0,6,1,0,757.705,22710.1,48902.1,2.16986e+06,2.16986e+06,382939
1659,0,6,1,0,757.558,22706.1,48894.8,2.16967e+06,2.16967e+06,382936
1660,0,6,1,0,757.411,22702.1,48887.5,2.16948e+06,2.16948e+06,382932
1661,0,6,1,0,757.265,22698.1,48880.3,2.16929e+06,2.16929e+06,382928
1662,0,6,1,0,757.12,22694.1,48873.1,2.1691e+06,2.1691e+06,382925
1663,0,6,1,0,756.975,22690.2,48865.9,2.16892e+06,2.16892e+06,382921
1664,0,6,1,0,756.831,22686.2,48858.8,2.16873e+06,2.16873e+06,382918
1665,0,6,1,0,756.688,22682.3,48851.7,2.16855e+06,2.16855e+06,382914
1666,0,6,1,0,756.545,22678.4,48844.6,2.16837e+06,2.16837e+06,382910
1667,0,6,1,0,756.403,22674.5,48837.6,2.16819e+06,2.16819e+06,382907
1668,0,6,1,0,756.262,22670.7,48830.6,2.16801e+06,2.16801e+06,382903
1669,0,6,1,0,756.121,22666.9,48823.6,2.16783e+06,2.16783e+06,382900
1670,0,6,1,0,755.981,22663,48816.7,2.16765e+06,2.16765e+06,382896
1671,0,6,1,0,755.842,22659.2,48809.8,2.16747e+06,2.16747e+06,382893
1672,0,6,1,0,755.704,22655.5,48802.9,2.1673e+06,2.1673e+06,382889
1673,0,6,1,0,755.566,22651.7,48796.1,2.16712e+06,2.16712e+06,382886
1674,0,6,1,0,755.428,22648,48789.3,2.16695e+06,2.16695e+06,382882
1675,0,6,1,0,755.292,22644.2,48782.6,2.16677e+06,2.16677e+06,382879
1676,0,6,1,0,755.156,22640.5,48775.8,2.1666e+06,2.1666e+06,382875
1677,0,6,1,0,755.021,22636.9,48769.2,2.16643e+06,2.16643e+06,382872
1678,0,6,1,0,754.887,22633.2,48762.5,2.16626e+06,2.16626e+06,382868
1679,0,6,1,0,754.753,22629.6,48755.9,2.16609e+06,2.16609e+06,382865
1680,0,6,1,0,754.62,22625.9,48749.3,2.16593e+06,2.16593e+06,382861
1681,0,6,1,0,754.488,22622.3,48742.8,2.16576e+06,2.16576e+06,382858
1682,0,6,1,0,754.356,22618.7,48736.2,2.16559e+06,2.16559e+06,382855
1683,0,6,1,0,754.225,22615.2,48729.8,2.16543e+06,2.16543e+06,382851
1684,0,6,1,0,754.095,22611.6,48723.3,2.16527e+06,2.16527e+06,382848
1685,0,6,1,0,753.965,22608.1,48716.9,2.1651e+06,2.1651e+06,382845
1686,0,6,1,0,753.837,22604.6,48710.5,2.16494e+06,2.16494e+06,382841
1687,0,6,1,0,753.708,22601.1,48704.2,2.16478e+06,2.16478e+06,382838
1688,0,6,1,0,753.581,22597.6,48697.8,2.16462e+06,2.16462e+06,382835
1689,0,6,1,0,753.454,22594.2,48691.6,2.16446e+06,2.16446e+06,382831
1690,0,6,1,0,753.327,22590.7,48685.3,2.16431e+06,2.16431e+06,382828
1691,0,6,1,0,753.202,22587.3,48679.1,2.16415e+06,2.16415e+06,382825
1692,0,6,1,0,753.077,22583.9,48672.9,2.16399e+06,2.16399e+06,382821
1693,0,6,1,0,752.952,22580.5,48666.7,2.16384e+06,2.16384e+06,382818
1694,0,6,1,0,752.829,22577.1,48660.6,2.16368e+06,2.16368e+06,382815
1695,0,6,1,0,752.706,22573.8,48654.5,2.16353e+06,2.16353e+06,382812
1696,0,6,1,0,752.583,22570.4,48648.4,2.16338e+06,2.16338e+06,382809
1697,0,6,1,0,752.461,22567.1,48642.4,2.16323e+06,2.16323e+06,382805
1698,0,6,1,0,752.34,22563.8,48636.4,2.16308e+06,2.16308e+06,382802
1699,0,6,1,0,752.219,22560.5,48630.4,2.16293e+06,2.16293e+06,382799
1700,0,6,1,0,752.099,22557.3,48624.4,2.16278e+06,2.16278e+06,382796
1701,0,6,1,0,751.979,22554,48618.5,2.16263e+06,2.16263e+06,382794
1702,0,6,1,0,751.86,22550.8,48612.6,2.16248e+06,2.16248e+06,382791
1703,0,6,1,0,751.742,22547.6,48606.7,2.16234e+06,2.16234e+06,382788
1704,0,6,1,0,751.624,22544.3,48600.9,2.16219e+06,2.16219e+06,382785
1705,0,6,1,0,751.506,22541.1,48595.1,2.16205e+06,2.16205e+06,382783
1706,0,6,1,0,751.389,22538,48589.2,2.1619e+06,2.1619e+06,382780
1707,0,6,1,0,751.272,22534.8,48583.5,2.16176e+06,2.16176e+06,382777
1708,0,6,1,0,751.156,22531.7,48577.7,2.16162e+06,2.16162e+06,382775
1709,0,6,1,0,751.041,22528.5,48572,2.16148e+06,2.16148e+06,382772
1710,0,6,1,0,750.926,22525.4,48566.3,2.16133e+06,2.16133e+06,382770
1711,0,6,1,0,750.812,22522.3,48560.7,2.1612e+06,2.1612e+06,382767
1712,0,6,1,0,750.699,22519.2,48555.1,2.16106e+06,2.16106e+06,382765
1713,0,6,1,0,750.586,22516.2,48549.5,2.16092e+06,2.16092e+06,382763
1714,0,6,1,0,750.473,22513.1,48543.9,2.16078e+06,2.16078e+06,382761
1715,0,6,1,0,750.361,22510.1,48538.4,2.16064e+06,2.16064e+06,382758
1716,0,6,1,0,750.25,22507,48532.8,2.16051e+06,2.16051e+06,382756
1717,0,6,1,0,750.14,22504,48527.4,2.16037e+06,2.16037e+06,382754
1718,0,6,1,0,750.029,22501.1,48521.9,2.16024e+06,2.16024e+06,382752
1719,0,6,1,0,749.92,22498.1,48516.5,2.16011e+06,2.16011e+06,382750
1720,0,6,1,0,749.811,22495.1,48511.1,2.15997e+06,2.15997e+06,382748
1721,0,6,1,0,749.703,22492.2,48505.7,2.15984e+06,2.15984e+06,382746
1722,0,6,1,0,749.595,22489.3,48500.4,2.15971e+06,2.15971e+06,382744
1723,0,6,1,0,749.488,22486.3,48495.1,2.15958e+06,2.15958e+06,382742
1724,0,6,1,0,749.381,22483.4,48489.8,2.15945e+06,2.15945e+06,382740
1725,0,6,1,0,749.275,22480.6,48484.5,2.15933e+06,2.15933e+06,382738
1726,0,6,1,0,749.169,22477.7,48479.2,2.1592e+06,2.1592e+06,382736
1727,0,6,1,0,749.064,22474.8,48474,2.15907e+06,2.15907e+06,382734
1728,0,6,1,0,748.959,22472,48468.8,2.15894e+06,2.15894e+06,382733
1729,0,6,1,0,748.854,22469.1,48463.6,2.15881e+06,2.15881e+06,382731
1730,0,6,1,0,748.751,22466.3,48458.5,2.15869e+06,2.15869e+06,382729
1731,0,6,1,0,748.647,22463.5,48453.3,2.15856e+06,2.15856e+06,382727
1732,0,6,1,0,748.545,22460.7,48448.2,2.15844e+06,2.15844e+06,382726
1733,0,6,1,0,748.442,22457.9,48443.1,2.15832e+06,2.15832e+06,382724
1734,0,6,1,0,748.341,22455.2,48438.1,2.15819e+06,2.15819e+06,382722
1735,0,6,1,0,748.24,22452.4,48433.1,2.15807e+06,2.15807e+06,382721
1736,0,6,1,0,748.139,22449.7,48428.1,2.15795e+06,2.15795e+06,382719
1737,0,6,1,0,748.039,22447,48423.1,2.15783e+06,2.15783e+06,382718
1738,0,6,1,0,747.94,22444.3,48418.1,2.15771e+06,2.15771e+06,382716
1739,0,6,1,0,747.841,22441.6,48413.2,2.15759e+06,2.15759e+06,382714
1740,0,6,1,0,747.742,22438.9,48408.3,2.15747e+06,2.15747e+06,382713
1741,0,6,1,0,747.644,22436.2,48403.4,2.15735e+06,2.15735e+06,382711
1742,0,6,1,0,747.547,22433.6,48398.6,2.15724e+06,2.15724e+06,382710
1743,0,6,1,0,747.45,22430.9,48393.7,2.15712e+06,2.15712e+06,382709
1744,0,6,1,0,747.353,22428.3,48388.9,2.15701e+06,2.15701e+06,382707
1745,0,6,1,0,747.257,22425.7,48384.2,2.15689e+06,2.15689e+06,382706
1746,0,6,1,0,747.161,22423.1,48379.4,2.15678e+06,2.15678e+06,382704
1747,0,6,1,0,747.066,22420.5,48374.6,2.15666e+06,2.15666e+06,382703
1748,0,6,1,0,746.971,22417.9,48369.9,2.15655e+06,2.15655e+06,382702
1749,0,6,1,0,746.877,22415.4,48365.2,2.15644e+06,2.15644e+06,382700
1750,0,6,1,0,746.783,22412.8,48360.6,2.15632e+06,2.15632e+06,382699
1751,0,6,1,0,746.69,22410.3,48355.9,2.15621e+06,2.15621e+06,382698
1752,0,6,1,0,746.597,22407.7,48351.3,2.1561e+06,2.1561e+06,382696
1753,0,6,1,0,746.505,22405.2,48346.7,2.15599e+06,2.15599e+06,382695
1754,0,6,1,0,746.413,22402.7,48342.1,2.15588e+06,2.15588e+06,382694
1755,0,6,1,0,746.321,22400.3,48337.5,2.15577e+06,2.15577e+06,382693
1756,0,6,1,0,746.23,22397.8,48333,2.15567e+06,2.15567e+06,382691
1757,0,6,1,0,746.14,22395.3,48328.5,2.15556e+06,2.15556e+06,382690
1758,0,6,1,0,746.05,22392.9,48324,2.15545e+06,2.15545e+06,382689
1759,0,6,1,0,745.96,22390.4,48319.5,2.15535e+06,2.15535e+06,382688
1760,0,6,1,0,745.871,22388,48315.1,2.15524e+06,2.15524e+06,382687
1761,0,6,1,0,745.782,22385.6,48310.7,2.15514e+06,2.15514e+06,382686
1762,0,6,1,0,745.694,22383.2,48306.3,2.15503e+06,2.15503e+06,382684
1763,0,6,1,0,745.607,22380.8,48301.9,2.15493e+06,2.15493e+06,382683
1764,0,6,1,0,745.519,22378.4,48297.6,2.15483e+06,2.15483e+06,382682
1765,0,6,1,0,745.433,22376.1,48293.2,2.15472e+06,2.15472e+06,382681
1766,0,6,1,0,745.346,22373.7,48288.9,2.15462e+06,2.15462e+06,382680
1767,0,6,1,0,745.26,22371.4,48284.6,2.15452e+06,2.15452e+06,382679
1768,0,6,1,0,745.175,22369.1,48280.4,2.15442e+06,2.15442e+06,382678
1769,0,6,1,0,745.09,22366.8,48276.1,2.15432e+06,2.15432e+06,382677
1770,0,6,1,0,745.005,22364.4,48271.9,2.15422e+06,2.15422e+06,382676
1771,0,6,1,0,744.921,22362.2,48267.7,2.15412e+06,2.15412e+06,382675
1772,0,6,1,0,744.837,22359.9,48263.5,2.15403e+06,2.15403e+06,382674
1773,0,6,1,0,744.754,22357.6,48259.4,2.15393e+06,2.15393e+06,382673
1774,0,6,1,0,744.671,22355.4,48255.2,2.15383e+06,2.15383e+06,382672
1775,0,6,1,0,744.589,22353.1,48251.1,2.15374e+06,2.15374e+06,382671
1776,0,6,1,0,744.507,22350.9,48247,2.15364e+06,2.15364e+06,382670
1777,0,6,1,0,744.425,22348.7,48242.9,2.15354e+06,2.15354e+06,382669
1778,0,6,1,0,744.344,22346.4,48238.9,2.15345e+06,2.15345e+06,382668
1779,0,6,1,0,744.263,22344.2,48234.9,2.15336e+06,2.15336e+06,382667
1780,0,6,1,0,744.183,22342.1,48230.8,2.15326e+06,2.15326e+06,382666
1781,0,6,1,0,744.103,22339.9,48226.8,2.15317e+06,2.15317e+06,382665
1782,0,6,1,0,744.024,22337.7,48222.9,2.15308e+06,2.15308e+06,382664
1783,0,6,1,0,743.945,22335.6,48218.9,2.15299e+06,2.15299e+06,382663
1784,0,6,1,0,743.866,22333.4,48215,2.1529e+06,2.1529e+06,382662
1785,0,6,1,0,743.788,22331.3,48211.1,2.1528e+06,2.1528e+06,382662
1786,0,6,1,0,743.71,22329.2,48207.2,2.15271e+06,2.15271e+06,382661
1787,0,6,1,0,743.633,22327,48203.3,2.15263e+06,2.15263e+06,382660
1788,0,6,1,0,743.556,22324.9,48199.5,2.15254e+06,2.15254e+06,382659
1789,0,6,1,0,743.479,22322.9,48195.6,2.15245e+06,2.15245e+06,382658
1790,0,6,1,0,743.403,22320.8,48191.8,2.15236e+06,2.15236e+06,382657
1791,0,6,1,0,743.327,22318.7,48188,2.15227e+06,2.15227e+06,382656
1792,0,6,1,0,743.252,22316.7,48184.2,2.15219e+06,2.15219e+06,382656
1793,0,6,1,0,743.177,22314.6,48180.5,2.1521e+06,2.1521e+06,382655
1794,0,6,1,0,743.102,22312.6,48176.7,2.15201e+06,2.15201e+06,382654
1795,0,6,1,0,743.028,22310.5,48173,2.15193e+06,2.15193e+06,382653
1796,0,6,1,0,742.954,22308.5,48169.3,2.15184e+06,2.15184e+06,382652
1797,0,6,1,0,742.88,22306.5,48165.6,2.15176e+06,2.15176e+06,382652
1798,0,6,1,0,742.807,22304.5,48162,2.15168e+06,2.15168e+06,382651
1799,0,6,1,0,742.735,22302.5,48158.3,2.15159e+06,2.15159e+06,382650
1800,0,6,1,0,742.662,22300.6,48154.7,2.15151e+06,2.15151e+06,382649
1801,0,6,1,0,744.329,22365.2,48152.3,2.15148e+06,2.15148e+06,382649
1802,0,6,1,0,744.297,22358.8,48148.6,2.15141e+06,2.15141e+06,382648
1803,0,6,1,0,744.253,22352.9,48144.9,2.15134e+06,2.15134e+06,382647
1804,0,6,1,0,744.2,22347.3,48141.2,2.15127e+06,2.15127e+06,382646
1805,0,6,1,0,744.138,22342,48137.5,2.1512e+06,2.1512e+06,382646
1806,0,6,1,0,744.067,22337.1,48133.8,2.15113e+06,2.15113e+06,382645
1807,0,6,1,0,743.99,22332.4,48130.2,2.15106e+06,2.15106e+06,382644
1808,0,6,1,0,743.903,22328,48126.5,2.151e+06,2.151e+06,382643
1809,0,6,1,0,743.811,22323.7,48122.9,2.15093e+06,2.15093e+06,382643
1810,0,6,1,0,743.784,22319.7,48119.3,2.15086e+06,2.15086e+06,382642
1811,0,6,1,0,743.868,22316,48115.8,2.1508e+06,2.1508e+06,382641
1812,0,6,1,0,743.941,22312.4,48112.2,2.15074e+06,2.15074e+06,382641
1813,0,6,1,0,744.001,22308.9,48108.7,2.15067e+06,2.15067e+06,382640
1814,0,6,1,0,744.05,22305.6,48105.1,2.15061e+06,2.15061e+06,382639
1815,0,6,1,0,744.086,22302.4,48101.6,2.15055e+06,2.15055e+06,382638
1816,0,6,1,0,744.112,22299.4,48098.1,2.15049e+06,2.15049e+06,382638
1817,0,6,1,0,744.126,22296.4,48094.6,2.15042e+06,2.15042e+06,382637
1818,0,6,1,0,744.129,22293.5,48091.1,2.15036e+06,2.15036e+06,382636
1819,0,6,1,0,744.123,22290.7,48087.6,2.1503e+06,2.1503e+06,382636
1820,0,6,1,0,744.107,22288,48084.1,2.15024e+06,2.15024e+06,382635
1821,0,6,1,0,744.082,22285.4,48080.6,2.15018e+06,2.15018e+06,382634
1822,0,6,1,0,744.049,22282.8,48077.2,2.15012e+06,2.15012e+06,382634
1823,0,6,1,0,744.009,22280.3,48073.7,2.15006e+06,2.15006e+06,382633
1824,0,6,1,0,743.962,22277.9,48070.3,2.15e+06,2.15e+06,382633
1825,0,6,1,0,743.907,22275.5,48066.9,2.14994e+06,2.14994e+06,382632
1826,0,6,1,0,743.847,22273.1,48063.5,2.14988e+06,2.14988e+06,382631
1827,0,6,1,0,743.782,22270.8,48060.1,2.14982e+06,2.14982e+06,382631
1828,0,6,1,0,743.712,22268.5,48056.7,2.14977e+06,2.14977e+06,382630
1829,0,6,1,0,743.637,22266.3,48053.3,2.14971e+06,2.14971e+06,382629
1830,0,6,1,0,743.559,22264.1,48049.9,2.14965e+06,2.14965e+06,382629
1831,0,6,1,0,743.477,22261.9,48046.6,2.14959e+06,2.14959e+06,382628
1832,0,6,1,0,743.391,22259.8,48043.2,2.14953e+06,2.14953e+06,382628
1833,0,6,1,0,743.303,22257.7,48039.9,2.14948e+06,2.14948e+06,382627
1834,0,6,1,0,743.213,22255.6,48036.6,2.14942e+06,2.14942e+06,382626
1835,0,6,1,0,743.12,22253.5,48033.3,2.14936e+06,2.14936e+06,382626
1836,0,6,1,0,743.026,22251.5,48030,2.14931e+06,2.14931e+06,382625
1837,0,6,1,0,742.93,22249.5,48026.7,2.14925e+06,2.14925e+06,382625
1838,0,6,1,0,742.833,22247.5,48023.4,2.1492e+06,2.1492e+06,382624
1839,0,6,1,0,742.734,22245.5,48020.2,2.14914e+06,2.14914e+06,382624
1840,0,6,1,0,742.635,22243.5,48016.9,2.14908e+06,2.14908e+06,382623
1841,0,6,1,0,742.536,22241.6,48013.7,2.14903e+06,2.14903e+06,382622
1842,0,6,1,0,742.437,22239.6,48010.5,2.14898e+06,2.14898e+06,382622
1843,0,6,1,0,742.337,22237.7,48007.3,2.14892e+06,2.14892e+06,382621
1844,0,6,1,0,742.237,22235.8,48004.1,2.14887e+06,2.14887e+06,382621
1845,0,6,1,0,742.137,22234,48000.9,2.14881e+06,2.14881e+06,382620
1846,0,6,1,0,742.037,22232.1,47997.8,2.14876e+06,2.14876e+06,382620
1847,0,6,1,0,741.936,22230.2,47994.6,2.14871e+06,2.14871e+06,382619
1848,0,6,1,0,741.836,22228.4,47991.5,2.14865e+06,2.14865e+06,382619
1849,0,6,1,0,741.736,22226.6,47988.4,2.1486e+06,2.1486e+06,382618
1850,0,6,1,0,741.636,22224.7,47985.3,2.14855e+06,2.14855e+06,382617
1851,0,6,1,0,741.537,22222.9,47982.2,2.1485e+06,2.1485e+06,382617
1852,0,6,1,0,741.438,22221.1,47979.1,2.14844e+06,2.14844e+06,382616
1853,0,6,1,0,741.339,22219.4,47976,2.14839e+06,2.14839e+06,382616
1854,0,6,1,0,741.241,22217.6,47973,2.14834e+06,2.14834e+06,382615
1855,0,6,1,0,741.144,22215.8,47969.9,2.14829e+06,2.14829e+06,382615
1856,0,6,1,0,741.047,22214.1,47966.9,2.14824e+06,2.14824e+06,382614
1857,0,6,1,0,740.951,22212.3,47963.9,2.14819e+06,2.14819e+06,382614
1858,0,6,1,0,740.855,22210.6,47960.9,2.14814e+06,2.14814e+06,382613
1859,0,6,1,0,740.761,22208.8,47957.9,2.14809e+06,2.14809e+06,382613
1860,0,6,1,0,740.667,22207.1,47954.9,2.14804e+06,2.14804e+06,382612
1861,0,6,1,0,740.573,22205.4,47952,2.14799e+06,2.14799e+06,382612
1862,0,6,1,0,740.481,22203.7,47949,2.14794e+06,2.14794e+06,382611
1863,0,6,1,0,740.389,22202,47946.1,2.14789e+06,2.14789e+06,382611
1864,0,6,1,0,740.299,22200.3,47943.2,2.14784e+06,2.14784e+06,382610
1865,0,6,1,0,740.209,22198.7,47940.3,2.14779e+06,2.14779e+06,382610
1866,0,6,1,0,740.119,22197,47937.4,2.14774e+06,2.14774e+06,382609
1867,0,6,1,0,740.031,22195.4,47934.5,2.14769e+06,2.14769e+06,382609
1868,0,6,1,0,739.944,22193.7,47931.7,2.14764e+06,2.14764e+06,382608
1869,0,6,1,0,739.857,22192.1,47928.8,2.14759e+06,2.14759e+06,382608
1870,0,6,1,0,739.771,22190.4,47926,2.14755e+06,2.14755e+06,382607
1871,0,6,1,0,739.686,22188.8,47923.2,2.1475e+06,2.1475e+06,382607
1872,0,6,1,0,739.602,22187.2,47920.4,2.14745e+06,2.14745e+06,382606
1873,0,6,1,0,739.519,22185.6,47917.6,2.1474e+06,2.1474e+06,382606
1874,0,6,1,0,739.436,22184,47914.8,2.14736e+06,2.14736e+06,382606
1875,0,6,1,0,739.355,22182.4,47912,2.14731e+06,2.14731e+06,382605
1876,0,6,1,0,739.274,22180.8,47909.3,2.14726e+06,2.14726e+06,382605
1877,0,6,1,0,739.165,22179.3,47906.3,2.14722e+06,2.14722e+06,382604
1878,0,6,1,0,739.057,22177.7,47903.3,2.14718e+06,2.14718e+06,382604
1879,0,6,1,0,738.954,22176.2,47900.3,2.14714e+06,2.14714e+06,382603
1880,0,6,1,0,738.858,22174.6,47897.4,2.1471e+06,2.1471e+06,382603
1881,0,6,1,0,738.768,22173,47894.4,2.14706e+06,2.14706e+06,382602
1882,0,6,1,0,738.682,22171.5,47891.5,2.14702e+06,2.14702e+06,382602
1883,0,6,1,0,738.602,22170,47888.6,2.14698e+06,2.14698e+06,382601
1884,0,6,1,0,738.526,22168.5,47885.8,2.14694e+06,2.14694e+06,382601
1885,0,6,1,0,738.455,22167,47882.9,2.1469e+06,2.1469e+06,382601
1886,0,6,1,0,738.387,22165.5,47880.1,2.14686e+06,2.14686e+06,382600
1887,0,6,1,0,738.322,22164,47877.2,2.14682e+06,2.14682e+06,382600
1888,0,6,1,0,738.26,22162.5,47874.4,2.14678e+06,2.14678e+06,382599
1889,0,6,1,0,738.201,22161,47871.6,2.14674e+06,2.14674e+06,382599
1890,0,6,1,0,738.145,22159.5,47868.9,2.1467e+06,2.1467e+06,382598
1891,0,6,1,0,738.09,22158.1,47866.1,2.14666e+06,2.14666e+06,382598
1892,0,6,1,0,738.038,22156.6,47863.4,2.14663e+06,2.14663e+06,382598
1893,0,6,1,0,737.988,22155.2,47860.6,2.14659e+06,2.14659e+06,382597
1894,0,6,1,0,751.274,22197,47868.4,2.14814e+06,2.14814e+06,382597
1895,0,6,1,0,750.862,22194.6,47865.3,2.14808e+06,2.14808e+06,382596
1896,0,6,1,0,750.465,22192.3,47862.2,2.14802e+06,2.14802e+06,382596
1897,0,6,1,0,750.081,22190,47859.1,2.14797e+06,2.14797e+06,382595
1898,0,6,1,0,749.71,22187.7,47856,2.14791e+06,2.14791e+06,382595
1899,0,6,1,0,749.352,22185.5,47853,2.14786e+06,2.14786e+06,382595
1900,0,6,1,0,749.004,22183.2,47850.1,2.14781e+06,2.14781e+06,382594
1901,0,6,1,0,748.668,22181.1,47847.1,2.14775e+06,2.14775e+06,382594
1902,0,6,1,0,748.343,22178.9,47844.2,2.1477e+06,2.1477e+06,382593
1903,0,6,1,0,748.027,22176.8,47841.3,2.14765e+06,2.14765e+06,382593
1904,0,6,1,0,747.721,22174.7,47838.5,2.1476e+06,2.1476e+06,382593
1905,0,6,1,0,747.424,22172.6,47835.7,2.14755e+06,2.14755e+06,382592
1906,0,6,1,0,747.136,22170.6,47832.9,2.1475e+06,2.1475e+06,382592
1907,0,6,1,0,746.857,22168.6,47830.1,2.14745e+06,2.14745e+06,382591
1908,0,6,1,0,746.585,22166.6,47827.4,2.1474e+06,2.1474e+06,382591
1909,0,6,1,0,746.322,22164.6,47824.7,2.14735e+06,2.14735e+06,382591
1910,0,6,1,0,746.065,22162.6,47822,2.1473e+06,2.1473e+06,382590
1911,0,6,1,0,745.816,22160.7,47819.3,2.14725e+06,2.14725e+06,382590
1912,0,6,1,0,745.573,22158.8,47816.7,2.1472e+06,2.1472e+06,382589
1913,0,6,1,0,745.337,22156.9,47814.1,2.14716e+06,2.14716e+06,382589
1914,0,6,1,0,745.108,22155.1,47811.5,2.14711e+06,2.14711e+06,382589
1915,0,6,1,0,744.884,22153.2,47809,2.14706e+06,2.14706e+06,382588
1916,0,6,1,0,744.666,22151.4,47806.4,2.14702e+06,2.14702e+06,382588
1917,0,6,1,0,744.453,22149.6,47803.9,2.14697e+06,2.14697e+06,382588
1918,0,6,1,0,744.246,22147.8,47801.4,2.14692e+06,2.14692e+06,382587
1919,0,6,1,0,744.044,22146.1,47799,2.14688e+06,2.14688e+06,382587
1920,0,6,1,0,743.847,22144.3,47796.5,2.14683e+06,2.14683e+06,382586
1921,0,6,1,0,743.655,22142.6,47794.1,2.14679e+06,2.14679e+06,382586
1922,0,6,1,0,743.467,22140.9,47791.7,2.14674e+06,2.14674e+06,382586
1923,0,6,1,0,743.284,22139.2,47789.3,2.1467e+06,2.1467e+06,382585
1924,0,6,1,0,743.105,22137.5,47787,2.14666e+06,2.14666e+06,382585
1925,0,6,1,0,742.93,22135.9,47784.6,2.14661e+06,2.14661e+06,382585
1926,0,6,1,0,742.758,22134.2,47782.3,2.14657e+06,2.14657e+06,382584
1927,0,6,1,0,742.591,22132.6,47780,2.14653e+06,2.14653e+06,382584
1928,0,6,1,0,742.427,22131,47777.7,2.14648e+06,2.14648e+06,382583
1929,0,6,1,0,742.267,22129.4,47775.4,2.14644e+06,2.14644e+06,382583
1930,0,6,1,0,742.111,22127.8,47773.2,2.1464e+06,2.1464e+06,382583
1931,0,6,1,0,741.957,22126.2,47770.9,2.14635e+06,2.14635e+06,382582
1932,0,6,1,0,741.807,22124.7,47768.7,2.14631e+06,2.14631e+06,382582
1933,0,6,1,0,741.66,22123.1,47766.5,2.14627e+06,2.14627e+06,382582
1934,0,6,1,0,741.516,22121.6,47764.3,2.14623e+06,2.14623e+06,382581
1935,0,6,1,0,741.374,22120.1,47762.2,2.14619e+06,2.14619e+06,382581
1936,0,6,1,0,741.236,22118.6,47760,2.14615e+06,2.14615e+06,382581
1937,0,6,1,0,741.1,22117.1,47757.9,2.14611e+06,2.14611e+06,382580
1938,0,6,1,0,740.967,22115.6,47755.8,2.14607e+06,2.14607e+06,382580
1939,0,6,1,0,740.837,22114.2,47753.7,2.14603e+06,2.14603e+06,382580
1940,0,6,1,0,740.709,22112.7,47751.6,2.14599e+06,2.14599e+06,382579
1941,0,6,1,0,740.583,22111.3,47749.5,2.14595e+06,2.14595e+06,382579
1942,0,6,1,0,740.46,22109.9,47747.5,2.14591e+06,2.14591e+06,382578
1943,0,6,1,0,740.34,22108.5,47745.5,2.14587e+06,2.14587e+06,382578
1944,0,6,1,0,740.221,22107.1,47743.5,2.14583e+06,2.14583e+06,382578
1945,0,6,1,0,740.105,22105.7,47741.5,2.14579e+06,2.14579e+06,382577
1946,0,6,1,0,739.991,22104.3,47739.5,2.14576e+06,2.14576e+06,382577
1947,0,6,1,0,739.878,22102.9,47737.5,2.14572e+06,2.14572e+06,382577
1948,0,6,1,0,739.768,22101.6,47735.5,2.14568e+06,2.14568e+06,382576
1949,0,6,1,0,739.66,22100.2,47733.6,2.14564e+06,2.14564e+06,382576
1950,0,6,1,0,739.553,22098.9,47731.7,2.14561e+06,2.14561e+06,382576
1951,0,6,1,0,739.449,22097.6,47729.8,2.14557e+06,2.14557e+06,382575
1952,0,6,1,0,739.346,22096.3,47727.9,2.14553e+06,2.14553e+06,382575
1953,0,6,1,0,739.244,22095,47726,2.1455e+06,2.1455e+06,382575
1954,0,6,1,0,739.145,22093.7,47724.1,2.14546e+06,2.14546e+06,382574
1955,0,6,1,0,739.047,22092.4,47722.2,2.14542e+06,2.14542e+06,382574
1956,0,6,1,0,738.951,22091.1,47720.4,2.14539e+06,2.14539e+06,382574
1957,0,6,1,0,738.856,22089.9,47718.6,2.14535e+06,2.14535e+06,382573
1958,0,6,1,0,738.762,22088.6,47716.7,2.14532e+06,2.14532e+06,382573
1959,0,6,1,0,738.671,22087.4,47714.9,2.14528e+06,2.14528e+06,382573
1960,0,6,1,0,738.58,22086.2,47713.1,2.14525e+06,2.14525e+06,382572
1961,0,6,1,0,738.491,22084.9,47711.3,2.14521e+06,2.14521e+06,382572
1962,0,6,1,0,738.404,22083.7,47709.6,2.14518e+06,2.14518e+06,382572
1963,0,6,1,0,738.317,22082.5,47707.8,2.14514e+06,2.14514e+06,382571
1964,0,6,1,0,738.232,22081.3,47706.1,2.14511e+06,2.14511e+06,382571
1965,0,6,1,0,738.148,22080.2,47704.3,2.14507e+06,2.14507e+06,382571
1966,0,6,1,0,738.066,22079,47702.6,2.14504e+06,2.14504e+06,382570
1967,0,6,1,0,737.985,22077.8,47700.9,2.145e+06,2.145e+06,382570
1968,0,6,1,0,737.905,22076.7,47699.2,2.14497e+06,2.14497e+06,382570
1969,0,6,1,0,737.826,22075.5,47697.5,2.14493e+06,2.14493e+06,382570
1970,0,6,1,0,737.748,22074.4,47695.8,2.1449e+06,2.1449e+06,382569
1971,0,6,1,0,737.671,22073.3,47694.2,2.14487e+06,2.14487e+06,382569
1972,0,6,1,0,737.595,22072.2,47692.5,2.14483e+06,2.14483e+06,382569
1973,0,6,1,0,737.52,22071,47690.9,2.1448e+06,2.1448e+06,382568
1974,0,6,1,0,737.447,22069.9,47689.3,2.14477e+06,2.14477e+06,382568
1975,0,6,1,0,737.374,22068.8,47687.6,2.14473e+06,2.14473e+06,382568
1976,0,6,1,0,737.302,22067.8,47686,2.1447e+06,2.1447e+06,382567
1977,0,6,1,0,737.232,22066.7,47684.4,2.14467e+06,2.14467e+06,382567
1978,0,6,1,0,737.162,22065.6,47682.8,2.14463e+06,2.14463e+06,382567
1979,0,6,1,0,737.093,22064.5,47681.3,2.1446e+06,2.1446e+06,382566
1980,0,6,1,0,737.025,22063.5,47679.7,2.14457e+06,2.14457e+06,382566
1981,0,6,1,0,736.958,22062.4,47678.1,2.14454e+06,2.14454e+06,382566
1982,0,6,1,0,736.892,22061.4,47676.6,2.1445e+06,2.1445e+06,382565
1983,0,6,1,0,736.827,22060.4,47675,2.14447e+06,2.14447e+06,382565
1984,0,6,1,0,736.762,22059.3,47673.5,2.14444e+06,2.14444e+06,382565
1985,0,6,1,0,736.699,22058.3,47671.9,2.1444e+06,2.1444e+06,382565
1986,0,6,1,0,736.636,22057.3,47670.4,2.14437e+06,2.14437e+06,382564
1987,0,6,1,0,736.573,22056.3,47668.9,2.14434e+06,2.14434e+06,382564
1988,0,6,1,0,736.512,22055.3,47667.4,2.1443e+06,2.1443e+06,382564
1989,0,6,1,0,736.451,22054.3,47665.9,2.14427e+06,2.14427e+06,382563
1990,0,6,1,0,736.391,22053.3,47664.4,2.14424e+06,2.14424e+06,382563
1991,0,6,1,0,736.332,22052.3,47662.9,2.14421e+06,2.14421e+06,382563
1992,0,6,1,0,736.273,22051.3,47661.4,2.14417e+06,2.14417e+06,382562
1993,0,6,1,0,736.216,22050.4,47660,2.14414e+06,2.14414e+06,382562
1994,0,6,1,0,736.158,22049.4,47658.5,2.14411e+06,2.14411e+06,382562
1995,0,6,1,0,736.102,22048.4,47657.1,2.14408e+06,2.14408e+06,382562
1996,0,6,1,0,736.046,22047.5,47655.7,2.14405e+06,2.14405e+06,382561
1997,0,6,1,0,735.991,22046.5,47654.2,2.14401e+06,2.14401e+06,382561
1998,0,6,1,0,735.937,22045.6,47652.8,2.14398e+06,2.14398e+06,382561
1999,0,6,1,0,735.883,22044.7,47651.4,2.14395e+06,2.14395e+06,382560
2000,0,6,1,0,735.83,22043.8,47650,2.14392e+06,2.14392e+06,382560
2001,0,6,1,0,736.107,22040.2,47649.4,2.14371e+06,2.14371e+06,382142
2002,0,6,1.02,0,736.381,22036.6,47648.5,2.14348e+06,2.14348e+06,381721
2003,0,6,1.0404,0,736.666,22033.2,47648.2,2.14327e+06,2.14327e+06,381638
2004,0,6,1.06121,0,736.963,22030.1,47648.5,2.14308e+06,2.14308e+06,381859
2005,0,6,1.08243,0,737.271,22027.3,47649.3,2.14292e+06,2.14292e+06,382083
2006,0,6,1.10408,0,737.589,22024.7,47650.7,2.14277e+06,2.14277e+06,382309
2007,0,6,1.12616,0,737.92,22022.5,47652.7,2.14265e+06,2.14265e+06,382537
2008,0,6,1.14869,0,738.261,22020.5,47655.3,2.14255e+06,2.14255e+06,382769
2009,0,6,1.17166,0,738.614,22018.8,47658.5,2.14247e+06,2.14247e+06,383003
2010,0,6,1.19509,0,738.978,22017.3,47662.3,2.14241e+06,2.14241e+06,383240
2011,0,6,1.21899,0,739.352,22016.2,47666.6,2.14237e+06,2.14237e+06,383481
2012,0,6,1.24337,0,739.739,22015.3,47671.6,2.14236e+06,2.14236e+06,383724
2013,0,6,1.26824,0,740.137,22014.8,47677.2,2.14237e+06,2.14237e+06,383971
2014,0,6,1.26824,0,740.548,22014.6,47683.5,2.14241e+06,2.14241e+06,384221
2015,0,6,1.26824,0,740.949,22014,47689.1,2.14241e+06,2.14241e+06,384464
2016,0,6,1.26824,0,741.339,22013.2,47693.9,2.14238e+06,2.14238e+06,384700
2017,0,6,1.29361,0,741.719,22012,47698,2.1423e+06,2.1423e+06,384929
2018,0,6,1.31948,0,742.111,22011.1,47702.8,2.14226e+06,2.14226e+06,385363
2019,0,7,1.34587,0,742.515,22010.6,47708.2,2.14224e+06,2.14224e+06,385981
2020,0,7,1.37279,0,742.929,22010.2,47714,2.14223e+06,2.14223e+06,386600
2021,0,7,1.40024,0,743.354,22010.2,47720.5,2.14224e+06,2.14224e+06,387222
2022,0,7,1.40024,0,743.791,22010.4,47727.6,2.14228e+06,2.14228e+06,387848
2023,0,7,1.40024,0,744.212,22010.2,47733.7,2.14227e+06,2.14227e+06,388467
2024,0,7,1.42825,0,744.62,22009.5,47738.8,2.14221e+06,2.14221e+06,389077
2025,0,7,1.45681,0,745.04,22009.2,47744.6,2.14218e+06,2.14218e+06,389691
2026,0,7,1.48595,0,745.472,22009.2,47751.1,2.14217e+06,2.14217e+06,390309
2027,0,7,1.51567,0,745.918,22009.6,47758.3,2.14219e+06,2.14219e+06,390931
2028,0,7,1.51567,0,746.377,22010.3,47766.3,2.14223e+06,2.14223e+06,391558
2029,0,7,1.51567,0,746.819,22010.5,47773.2,2.14223e+06,2.14223e+06,392175
2030,0,7,1.54598,0,747.245,22010.3,47779,2.14217e+06,2.14217e+06,392783
2031,0,7,1.5769,0,747.686,22010.4,47785.7,2.14215e+06,2.14215e+06,393396
2032,0,7,1.60844,0,748.142,22010.9,47793.2,2.14216e+06,2.14216e+06,394013
2033,0,7,1.60844,0,748.612,22011.8,47801.6,2.1422e+06,2.1422e+06,394635
2034,0,7,1.60844,0,749.064,22012.2,47808.8,2.14219e+06,2.14219e+06,395246
2035,0,7,1.64061,0,749.498,22012,47814.8,2.14212e+06,2.14212e+06,395848
2036,0,7,1.67342,0,749.947,22012.3,47821.7,2.14208e+06,2.14208e+06,396455
2037,0,8,1.70689,0,750.413,22013,47829.6,2.14208e+06,2.14208e+06,397067
2038,0,7,1.70689,0,750.895,22014.1,47838.3,2.14212e+06,2.14212e+06,397683
2039,0,7,1.70689,0,751.356,22014.6,47845.7,2.14209e+06,2.14209e+06,398290
2040,0,8,1.74102,0,751.796,22014.4,47851.7,2.142e+06,2.142e+06,398885
2041,0,8,1.77584,0,752.252,22014.7,47858.7,2.14195e+06,2.14195e+06,399486
2042,0,8,1.81136,0,752.727,22015.5,47866.7,2.14193e+06,2.14193e+06,400092
2043,0,8,1.84759,0,753.22,22016.8,47875.8,2.14196e+06,2.14196e+06,400704
2044,0,8,1.84759,0,753.732,22018.6,47886,2.14204e+06,2.14204e+06,401322
2045,0,8,1.84759,0,754.22,22019.7,47894.7,2.14204e+06,2.14204e+06,401928
2046,0,8,1.84759,0,754.684,22020.1,47901.8,2.14198e+06,2.14198e+06,402522
2047,0,8,1.88454,0,755.126,22019.8,47907.5,2.14184e+06,2.14184e+06,403105
2048,0,8,1.92223,0,755.588,22020,47914.4,2.14176e+06,2.14176e+06,403694
2049,0,8,1.96068,0,756.07,22020.9,47922.5,2.14172e+06,2.14172e+06,404290
2050,0,8,1.99989,0,756.572,22022.2,47931.8,2.14173e+06,2.14173e+06,404894
2051,0,8,1.99989,0,757.411,22034,47964,2.1418e+06,2.1418e+06,405505
2052,0,8,1.99989,0,757.945,22034.1,47970.6,2.1418e+06,2.1418e+06,406102
2053,0,8,2.03989,0,758.554,22033.1,47975.8,2.14171e+06,2.14171e+06,406686
2054,0,9,2.08069,0,759.183,22033,47982.6,2.14168e+06,2.14168e+06,407279
2055,0,9,2.1223,0,759.823,22033.7,47990.9,2.14171e+06,2.14171e+06,407879
2056,0,9,2.1223,0,760.51,22035.1,48000.8,2.1418e+06,2.1418e+06,408488
2057,0,9,2.1223,0,761.257,22035.5,48009,2.1418e+06,2.1418e+06,409083
2058,0,9,2.1223,0,761.959,22035.2,48015.5,2.14171e+06,2.14171e+06,409663
2059,0,9,2.16474,0,769.497,22066.6,48021.3,2.1422e+06,2.1422e+06,410229
2060,0,9,2.16474,0,769.844,22064.9,48027.6,2.14209e+06,2.14209e+06,410806
2061,0,9,2.20804,0,770.147,22062.5,48032.2,2.14189e+06,2.14189e+06,411368
2062,0,9,2.2522,0,770.463,22061.1,48038.5,2.14176e+06,2.14176e+06,411940
2063,0,9,2.29724,0,770.792,22060.5,48046.5,2.1417e+06,2.1417e+06,412523
2064,0,9,2.34319,0,771.136,22060.8,48056.3,2.14171e+06,2.14171e+06,413116
2065,0,9,2.34319,0,771.496,22062.1,48067.9,2.1418e+06,2.1418e+06,413718
2066,0,9,2.34319,0,771.816,22062.3,48077.3,2.14178e+06,2.14178e+06,414304
2067,0,9,2.39005,0,772.095,22061.7,48084.5,2.14167e+06,2.14167e+06,414873
2068,0,10,2.43785,0,772.399,22062.1,48093.7,2.14163e+06,2.14163e+06,415453
2069,0,10,2.48661,0,772.726,22063.5,48105.1,2.1417e+06,2.1417e+06,416045
2070,0,10,2.48661,0,773.077,22065.9,48118.5,2.14184e+06,2.14184e+06,416647
2071,0,10,2.48661,0,773.389,22067.2,48129.4,2.14187e+06,2.14187e+06,417232
2072,0,10,2.48661,0,773.667,22067.4,48137.9,2.1418e+06,2.1418e+06,417798
2073,0,10,2.53634,0,773.918,22066.7,48144.1,2.14162e+06,2.14162e+06,418348
2074,0,10,2.58707,0,774.239,22067,48152.5,2.14154e+06,2.14154e+06,418911
2075,0,10,2.63881,0,774.601,22068.4,48163.2,2.14155e+06,2.14155e+06,419486
2076,0,10,2.63881,0,775.003,22070.9,48176.3,2.14166e+06,2.14166e+06,420075
2077,0,10,2.63881,0,775.368,22072.2,48186.6,2.14166e+06,2.14166e+06,420644
2078,0,10,2.69159,0,775.698,22072.4,48194.4,2.14153e+06,2.14153e+06,421195
2079,0,10,2.74542,0,776.072,22073.7,48204.7,2.14152e+06,2.14152e+06,421761
2080,0,11,2.80033,0,776.491,22076.2,48217.5,2.14161e+06,2.14161e+06,422340
2081,0,11,2.80033,0,776.965,22080.2,48233.3,2.14182e+06,2.14182e+06,422935
2082,0,11,2.80033,0,777.398,22082.8,48246.2,2.14191e+06,2.14191e+06,423509
2083,0,11,2.80033,0,777.791,22084.2,48256.2,2.14187e+06,2.14187e+06,424063
2084,0,11,2.85633,0,778.144,22084.3,48263.4,2.14171e+06,2.14171e+06,424598
2085,0,11,2.91346,0,778.549,22085.7,48273.6,2.14167e+06,2.14167e+06,425149
2086,0,11,2.97173,0,779.009,22088.5,48286.8,2.14176e+06,2.14176e+06,425717
2087,0,11,2.97173,0,779.522,22092.7,48303,2.14199e+06,2.14199e+06,426302
2088,0,11,2.97173,0,779.991,22095.5,48316.1,2.14207e+06,2.14207e+06,426864
2089,0,11,2.97173,0,780.418,22096.9,48326.1,2.14202e+06,2.14202e+06,427406
2090,0,11,3.03117,0,780.803,22097,48333.3,2.14184e+06,2.14184e+06,427926
2091,0,12,3.09179,0,781.248,22098.7,48343.8,2.1418e+06,2.1418e+06,428466
2092,0,12,3.15362,0,781.762,22102.3,48358.3,2.14194e+06,2.14194e+06,429027
2093,0,12,3.15362,0,782.338,22107.5,48376.3,2.14224e+06,2.14224e+06,429606
2094,0,12,3.15362,0,782.86,22111.2,48390.8,2.14238e+06,2.14238e+06,430162
2095,0,12,3.15362,0,783.331,22113.3,48402,2.14237e+06,2.14237e+06,430695
2096,0,12,3.2167,0,783.755,22113.9,48410.1,2.14223e+06,2.14223e+06,431207
2097,0,12,3.28103,0,784.245,22116.4,48422,2.14226e+06,2.14226e+06,431740
2098,0,12,3.28103,0,784.803,22120.7,48437.9,2.14246e+06,2.14246e+06,432295
2099,0,12,3.28103,0,785.307,22123.4,48450.3,2.1425e+06,2.1425e+06,432827
2100,0,12,3.28103,0,785.76,22124.6,48459.4,2.14239e+06,2.14239e+06,433336
2101,0,13,3.34665,0,786.164,22124.3,48465.2,2.14213e+06,2.14213e+06,433824
2102,0,13,3.41358,0,786.656,22126.4,48476,2.14211e+06,2.14211e+06,434342
2103,0,13,3.48186,0,787.225,22130.6,48491.4,2.14228e+06,2.14228e+06,434888
2104,0,13,3.48186,0,787.87,22136.9,48511.6,2.14267e+06,2.14267e+06,435462
2105,0,13,3.48186,0,788.453,22141.4,48527.8,2.14288e+06,2.14288e+06,436011
2106,0,13,3.48186,0,788.972,22144.1,48540,2.14293e+06,2.14293e+06,436538
2107,0,13,3.48186,0,789.433,22145.1,48548.7,2.14281e+06,2.14281e+06,437043
2108,0,13,3.55149,0,789.837,22144.5,48554,2.14255e+06,2.14255e+06,437527
2109,0,14,3.62252,0,790.323,22146.2,48564.4,2.14253e+06,2.14253e+06,438043
2110,0,14,3.69497,0,790.907,22150.7,48581,2.14278e+06,2.14278e+06,438594
2111,0,14,3.69497,0,791.576,22157.7,48602.9,2.14328e+06,2.14328e+06,439178
2112,0,14,3.69497,0,792.179,22162.8,48620.7,2.14359e+06,2.14359e+06,439737
2113,0,14,3.69497,0,792.719,22166.2,48634.6,2.14374e+06,2.14374e+06,440271
2114,0,14,3.69497,0,793.196,22167.7,48644.8,2.14371e+06,2.14371e+06,440782
2115,0,14,3.76887,0,793.616,22167.7,48651.4,2.14354e+06,2.14354e+06,441272
2116,0,15,3.84425,0,794.129,22170.4,48664,2.14364e+06,2.14364e+06,441798
2117,0,15,3.84425,0,794.752,22176.7,48683.7,2.14407e+06,2.14407e+06,442365
2118,0,15,3.84425,0,795.307,22181.2,48699.3,2.14432e+06,2.14432e+06,442906
2119,0,15,3.84425,0,796.013,22214.9,48799.2,2.14991e+06,2.14991e+06,443424
2120,0,15,3.84425,0,796.43,22215.3,48806.5,2.14984e+06,2.14984e+06,443919
2121,0,15,3.92114,0,796.996,22233.6,48864.4,2.15195e+06,2.15195e+06,444393
2122,0,15,3.92114,0,797.465,22235.6,48875.4,2.15202e+06,2.15202e+06,444909
2123,0,15,3.92114,0,798.09,22261.2,48953.3,2.15549e+06,2.15549e+06,445403
2124,0,15,3.92114,0,798.439,22260.1,48957.4,2.15528e+06,2.15528e+06,445876
2125,0,16,3.99956,0,798.732,22257.4,48958,2.15491e+06,2.15491e+06,446329
2126,0,16,4.07955,0,799.148,22258.5,48966.2,2.15488e+06,2.15488e+06,446829
2127,0,18,4.16114,0,799.675,22262.9,48981.3,2.15516e+06,2.15516e+06,447375
2128,0,18,4.16114,0,800.56,22304.7,49081.3,2.16019e+06,2.16019e+06,447972
2129,0,17,4.16114,0,801.154,22311.4,49100.3,2.16065e+06,2.16065e+06,448540
2130,0,17,4.16114,0,801.669,22315.8,49114.5,2.1609e+06,2.1609e+06,449081
2131,0,18,4.16114,0,802.116,22318.3,49124.5,2.16097e+06,2.16097e+06,449598
2132,0,18,4.16114,0,802.491,22318.8,49130.1,2.16085e+06,2.16085e+06,450092
2133,0,18,4.24436,0,802.804,22317.6,49131.8,2.16057e+06,2.16057e+06,450565
2134,0,20,4.32925,0,803.238,22319.9,49141.3,2.16062e+06,2.16062e+06,451090
2135,0,22,4.32925,0,803.809,22326.2,49158.9,2.16103e+06,2.16103e+06,451670
2136,0,21,4.32925,0,804.321,22330.7,49172.4,2.16125e+06,2.16125e+06,452227
2137,0,22,4.32925,0,804.759,22333.3,49181.5,2.16129e+06,2.16129e+06,452758
2138,0,80,4.32925,0,805.133,22334,49186.5,2.16115e+06,2.16115e+06,453268
2139,0,9,2.16463,0,805.49,22334.5,49188.7,2.16085e+06,2.16085e+06,453766
2140,0,9,2.20792,0,802.977,22256.1,49032,2.15309e+06,2.15309e+06,453043
2141,0,9,2.25208,0,800.395,22172.4,48855.8,2.14491e+06,2.14491e+06,452370
2142,0,9,2.29712,0,797.935,22092.1,48687.1,2.137e+06,2.137e+06,451745
2143,0,9,2.34306,0,795.821,22043.4,48590.4,2.13262e+06,2.13262e+06,451169
2144,0,10,2.38992,0,793.594,21969.8,48436.1,2.12534e+06,2.12534e+06,450640
2145,0,10,2.43772,0,791.663,21929.3,48342.4,2.12097e+06,2.12097e+06,450159
2146,0,10,2.48647,0,789.661,21862.6,48202,2.11433e+06,2.11433e+06,449723
2147,0,10,2.5362,0,788.127,21820.4,48136.2,2.11038e+06,2.11038e+06,449334
2148,0,10,2.58693,0,788.282,21828.4,48013.8,2.10441e+06,2.10441e+06,448988
2149,0,11,2.63867,0,787.19,21762.3,47891.8,2.09867e+06,2.09867e+06,448687
2150,0,11,2.69144,0,786.352,21714.8,47812.7,2.09463e+06,2.09463e+06,448430
2151,0,13,2.74527,0,785.661,21656.7,47703.3,2.08949e+06,2.08949e+06,448216
2152,0,13,2.80017,0,785.2,21603.2,47601.1,2.08461e+06,2.08461e+06,448045
2153,0,15,2.85618,0,784.549,21553.2,47505.3,2.07997e+06,2.07997e+06,447915
2154,0,16,2.9133,0,783.811,21506.5,47415.5,2.07561e+06,2.07561e+06,447827
2155,0,17,2.97157,0,783.034,21463.1,47331.2,2.07152e+06,2.07152e+06,447778
2156,0,18,3.031,0,782.188,21422.9,47253.6,2.06772e+06,2.06772e+06,447770
2157,0,17,3.09162,0,781.275,21385.4,47180.8,2.06414e+06,2.06414e+06,447801
2158,0,16,3.15345,0,780.368,21351.1,47114.7,2.06084e+06,2.06084e+06,447871
2159,0,20,3.21652,0,779.493,21319.7,47054.1,2.0578e+06,2.0578e+06,447980
2160,0,25,3.28085,0,778.655,21291.4,46999.1,2.05503e+06,2.05503e+06,448129
2161,0,32,3.34647,0,777.847,21266.3,46949.9,2.05253e+06,2.05253e+06,448318
2162,0,26,3.4134,0,777.13,21244.2,46907.9,2.05034e+06,2.05034e+06,448539
2163,0,29,3.48166,0,776.499,21225.5,46872,2.04842e+06,2.04842e+06,448798
2164,0,80,3.5513,0,775.95,21209,46841.9,2.04676e+06,2.04676e+06,449098
2165,0,9,1.77565,0,775.574,21198,46822.2,2.04561e+06,2.04561e+06,449445
2166,0,9,1.81116,0,773.631,21136.9,46693.1,2.03937e+06,2.03937e+06,449079
2167,0,9,1.84738,0,771.756,21076.9,46566.9,2.03332e+06,2.03332e+06,448741
2168,0,9,1.88433,0,769.972,21017.2,46442.4,2.02734e+06,2.02734e+06,448091
2169,0,9,1.92202,0,768.253,20959.3,46321.5,2.02151e+06,2.02151e+06,447308
2170,0,9,1.96046,0,766.607,20903.1,46204.9,2.01579e+06,2.01579e+06,446567
2171,0,9,1.99967,0,765.028,20848.5,46092,2.01013e+06,2.01013e+06,445869
2172,0,9,2.03966,0,763.509,20795.6,45982.8,2.00464e+06,2.00464e+06,445214
2173,0,9,2.08046,0,762.055,20744.2,45877.5,1.99929e+06,1.99929e+06,444602
2174,0,9,2.12206,0,760.669,20694.9,45775.4,1.99406e+06,1.99406e+06,444032
2175,0,9,2.16451,0,759.35,20647.1,45677.2,1.98892e+06,1.98892e+06,443505
2176,0,80,2.2078,0,758.095,20600.8,45582,1.98393e+06,1.98393e+06,443019
2177,0,6,1.1039,0,756.945,20557.5,45493.4,1.97922e+06,1.97922e+06,442572
2178,0,6,1.12598,0,755.688,20510.6,45395.5,1.97429e+06,1.97429e+06,441961
2179,0,6,1.1485,0,754.441,20463.9,45297.6,1.96928e+06,1.96928e+06,441368
2180,0,6,1.17147,0,753.211,20417.3,45201,1.96435e+06,1.96435e+06,440793
2181,0,7,1.19489,0,751.996,20371.1,45104.4,1.9594e+06,1.9594e+06,440210
2182,0,7,1.21879,0,750.8,20325.1,45007.5,1.95451e+06,1.95451e+06,439630
2183,0,7,1.24317,0,749.623,20279.7,44911.6,1.94965e+06,1.94965e+06,439070
2184,0,7,1.26803,0,748.461,20234.5,44814.6,1.94475e+06,1.94475e+06,438530
2185,0,7,1.29339,0,747.321,20189.9,44716,1.93995e+06,1.93995e+06,438013
2186,0,7,1.31926,0,746.206,20145.4,44619,1.93519e+06,1.93519e+06,437516
2187,0,7,1.34565,0,745.119,20101.4,44523.5,1.93053e+06,1.93053e+06,437041
2188,0,7,1.37256,0,744.046,20057.7,44429,1.92588e+06,1.92588e+06,436588
2189,0,7,1.40001,0,742.996,20014.9,44335.9,1.92133e+06,1.92133e+06,436155
2190,0,7,1.42801,0,741.961,19972.8,44242.4,1.91684e+06,1.91684e+06,435740
2191,0,7,1.45657,0,740.95,19931.8,44150.3,1.91247e+06,1.91247e+06,435345
2192,0,7,1.4857,0,739.941,19890.6,44058.5,1.90816e+06,1.90816e+06,434968
2193,0,7,1.51542,0,738.943,19850,43967.7,1.90393e+06,1.90393e+06,434609
2194,0,7,1.54572,0,737.938,19809.7,43878.4,1.89977e+06,1.89977e+06,434268
2195,0,8,1.57664,0,736.953,19769.8,43790.5,1.89569e+06,1.89569e+06,433945
2196,0,10,1.60817,0,736.142,19748.2,43737.8,1.89293e+06,1.89293e+06,433636
2197,0,19,1.64033,0,735.483,19794.6,43795.6,1.89657e+06,1.89657e+06,433341
2198,0,80,1.64033,0,734.541,19757.2,43711.7,1.89269e+06,1.89269e+06,433072
2199,0,6,1,0,733.654,19721,43631.3,1.88891e+06,1.88891e+06,432811
2200,0,6,1.02,0,732.744,19684.5,43550.7,1.88525e+06,1.88525e+06,432468
2201,0,6,1.0404,0,731.828,19648.5,43471.1,1.88161e+06,1.88161e+06,432136
2202,0,6,1.06121,0,730.902,19613,43392.8,1.87802e+06,1.87802e+06,431817
2203,0,6,1.08243,0,730.169,19598.1,43364.8,1.87651e+06,1.87651e+06,431569
2204,0,7,1.10408,0,729.211,19563.1,43287.3,1.87302e+06,1.87302e+06,431332
2205,0,7,1.12616,0,728.247,19528.5,43210.1,1.86955e+06,1.86955e+06,431109
2206,0,7,1.14869,0,727.286,19494.3,43133.4,1.86612e+06,1.86612e+06,430898
2207,0,7,1.17166,0,726.331,19460.2,43057.2,1.86271e+06,1.86271e+06,430697
2208,0,8,1.19509,0,725.378,19426.2,42981.4,1.85933e+06,1.85933e+06,430509
2209,0,8,1.21899,0,724.427,19391.9,42906.2,1.85599e+06,1.85599e+06,430334
2210,0,8,1.24337,0,723.48,19357.9,42832,1.85268e+06,1.85268e+06,430172
2211,0,8,1.26824,0,722.536,19324.5,42758.9,1.84941e+06,1.84941e+06,430023
2212,0,9,1.29361,0,721.601,19291.8,42687,1.8462e+06,1.8462e+06,429882
2213,0,9,1.31948,0,720.665,19259.3,42615.4,1.84299e+06,1.84299e+06,429749
2214,0,14,1.34587,0,719.743,19227.4,42544.9,1.83983e+06,1.83983e+06,429624
2215,0,14,1.37279,0,718.837,19196.1,42475.7,1.83671e+06,1.83671e+06,429507
2216,0,80,1.40024,0,717.955,19165.3,42407.6,1.83363e+06,1.83363e+06,429397
2217,0,80,1,0,717.326,19143.5,42361.7,1.83112e+06,1.83112e+06,429295
2218,0,80,1,0,716.463,19113.1,42296.1,1.82821e+06,1.82821e+06,429140
2219,0,80,1,0,715.607,19083.3,42231.8,1.82536e+06,1.82536e+06,428993
2220,0,80,1,0,714.758,19053.9,42168.3,1.82254e+06,1.82254e+06,428852
2221,0,80,1,0,714.249,19069.2,42215,1.82676e+06,1.82676e+06,428717
2222,0,80,1,0,713.423,19040.7,42153.3,1.82403e+06,1.82403e+06,428589
2223,0,80,1,0,712.605,19012.5,42092.4,1.82133e+06,1.82133e+06,428466
2224,0,80,1,0,711.796,18984.8,42032.1,1.81866e+06,1.81866e+06,428350
2225,0,80,1,0,710.995,18957.2,41972.3,1.816e+06,1.816e+06,428238
2226,0,80,1,0,710.203,18929.9,41913.1,1.81337e+06,1.81337e+06,428132
2227,0,80,1,0,709.497,18903.3,41854,1.81071e+06,1.81071e+06,428031
2228,0,80,1,0,708.725,18876.6,41796.1,1.80815e+06,1.80815e+06,427935
2229,0,80,1,0,707.963,18850.1,41738.8,1.80561e+06,1.80561e+06,427844
2230,0,80,1,0,707.21,18824.1,41682.2,1.80312e+06,1.80312e+06,427757
2231,0,80,1,0,706.697,18813.7,41651.3,1.8017e+06,1.8017e+06,427674
2232,0,80,1,0,705.963,18788.3,41595.8,1.79926e+06,1.79926e+06,427595
2233,0,80,1,0,705.237,18763.2,41541,1.79685e+06,1.79685e+06,427520
2234,0,80,1,0,704.441,18726.5,41476.9,1.79424e+06,1.79424e+06,427449
2235,0,80,1,0,703.611,18733.8,41451.6,1.79348e+06,1.79348e+06,427381
2236,0,80,1,0,702.822,18699.2,41389.2,1.79096e+06,1.79096e+06,427317
2237,0,80,1,0,702.046,18665.5,41327.9,1.78848e+06,1.78848e+06,427256
2238,0,80,1,0,701.284,18632.7,41268.1,1.78608e+06,1.78608e+06,427198
2239,0,9,1,0,700.535,18600.9,41209.4,1.78372e+06,1.78372e+06,427143
2240,0,80,1.02,0,699.798,18569.9,41151.8,1.78141e+06,1.78141e+06,427090
2241,0,8,1,0,699.067,18539.5,41094.9,1.77912e+06,1.77912e+06,427045
2242,0,7,1.02,0,698.352,18510.1,41039.3,1.77688e+06,1.77688e+06,426996
2243,0,10,1.0404,0,697.65,18481.2,40984.5,1.77466e+06,1.77466e+06,426951
2244,0,80,1.06121,0,696.953,18453,40930.2,1.77247e+06,1.77247e+06,426916
2245,0,7,1,0,696.263,18425.2,40876.3,1.77029e+06,1.77029e+06,426889
2246,0,7,1.02,0,695.669,18408.5,40835.8,1.76889e+06,1.76889e+06,426845
2247,0,7,1.0404,0,695.003,18382.1,40783.9,1.76678e+06,1.76678e+06,426807
2248,0,7,1.06121,0,694.42,18372.1,40749.5,1.76548e+06,1.76548e+06,426776
2249,0,7,1.08243,0,693.768,18346.9,40698.8,1.76342e+06,1.76342e+06,426750
2250,0,80,1.10408,0,693.123,18322.5,40648.6,1.76139e+06,1.76139e+06,426731
2251,0,9,1,0,693.143,18300.9,40641,1.75943e+06,1.75943e+06,426723
2252,0,80,1.02,0,692.486,18277.5,40589.3,1.75746e+06,1.75746e+06,426690
2253,0,9,1,0,692.042,18252.5,40537.2,1.75551e+06,1.75551e+06,426665
2254,0,12,1.02,0,691.584,18224.5,40483.3,1.75342e+06,1.75342e+06,426635
2255,0,16,1.0404,0,691.133,18197,40430.2,1.75137e+06,1.75137e+06,426612
2256,0,36,1.06121,0,690.689,18170.2,40377.8,1.74933e+06,1.74933e+06,426595
2257,0,80,1.08243,0,690.25,18144,40326.1,1.74733e+06,1.74733e+06,426585
2258,0,80,1,0,689.814,18118.3,40275,1.74536e+06,1.74536e+06,426579
2259,0,80,1,0,689.503,18093.3,40225.2,1.74343e+06,1.74343e+06,426554
2260,0,80,1,0,689.212,18068.9,40176,1.74153e+06,1.74153e+06,426530
2261,0,80,1,0,688.963,18045.4,40129,1.73968e+06,1.73968e+06,426507
2262,0,80,1,0,688.712,18022.4,40082.3,1.73785e+06,1.73785e+06,426485
2263,0,80,1,0,688.464,18000,40036.3,1.73606e+06,1.73606e+06,426465
2264,0,80,1,0,688.218,17978,39990.9,1.73429e+06,1.73429e+06,426445
2265,0,80,1,0,688.014,17965.6,39954.9,1.73299e+06,1.73299e+06,426426
2266,0,80,1,0,687.738,17944,39908.9,1.73124e+06,1.73124e+06,426407
2267,0,80,1,0,687.215,17921.1,39863.7,1.7295e+06,1.7295e+06,426390
2268,0,80,1,0,686.688,17898.5,39818.9,1.72777e+06,1.72777e+06,426373
2269,0,80,1,0,686.2,17876.8,39776.5,1.72611e+06,1.72611e+06,426358
2270,0,80,1,0,685.709,17855.4,39734.4,1.72447e+06,1.72447e+06,426342
2271,0,80,1,0,685.216,17834.4,39693.2,1.72285e+06,1.72285e+06,426328
2272,0,80,1,0,684.71,17809.8,39649.6,1.72131e+06,1.72131e+06,426313
2273,0,80,1,0,684.152,17787.8,39605.6,1.71964e+06,1.71964e+06,426300
2274,0,80,1,0,683.593,17765.7,39561.9,1.71799e+06,1.71799e+06,426286
2275,0,80,1,0,683.03,17743.8,39518.6,1.71635e+06,1.71635e+06,426274
2276,0,80,1,0,682.461,17722.2,39475.5,1.71472e+06,1.71472e+06,426261
2277,0,80,1,0,681.943,17701.4,39435.2,1.71317e+06,1.71317e+06,426249
2278,0,80,1,0,681.597,17691.8,39414.1,1.71309e+06,1.71309e+06,426237
2279,0,80,1,0,681.068,17671.6,39374.9,1.71162e+06,1.71162e+06,426225
2280,0,80,1,0,680.558,17650,39336.3,1.71109e+06,1.71109e+06,426214
2281,0,80,1,0,680.03,17630.6,39298.4,1.7097e+06,1.7097e+06,426203
2282,0,80,1,0,679.555,17616.7,39265.7,1.70858e+06,1.70858e+06,426191
2283,0,80,1,0,678.975,17596.2,39224.7,1.7071e+06,1.7071e+06,426180
2284,0,80,1,0,678.398,17576.2,39184.2,1.70566e+06,1.70566e+06,426168
2285,0,80,1,0,677.815,17556.1,39143.5,1.7042e+06,1.7042e+06,426155
2286,0,80,1,0,677.382,17543.8,39118.8,1.70322e+06,1.70322e+06,426141
2287,0,80,1,0,677.202,17544.2,39122.9,1.70424e+06,1.70424e+06,426127
2288,0,80,1,0,676.627,17524.3,39083,1.70282e+06,1.70282e+06,426111
2289,0,80,1,0,676.039,17504.6,39043.3,1.70142e+06,1.70142e+06,426095
2290,0,80,1,0,675.863,17499.5,39117.1,1.70281e+06,1.70281e+06,426077
2291,0,80,1,0,675.233,17458.8,39061.9,1.70056e+06,1.70056e+06,426058
2292,0,80,1,0,674.742,17413.9,39011.8,1.69846e+06,1.69846e+06,426039
2293,0,80,1,0,674.321,17403.8,38988.1,1.69793e+06,1.69793e+06,426018
2294,0,80,1,0,673.745,17383.3,38948.6,1.69655e+06,1.69655e+06,425997
2295,0,80,1,0,673.172,17362.9,38909.3,1.69518e+06,1.69518e+06,425974
2296,0,80,1,0,672.605,17342.8,38870.3,1.69382e+06,1.69382e+06,425951
2297,0,80,1,0,672.064,17325.4,38833.9,1.69261e+06,1.69261e+06,425926
2298,0,80,1,0,671.505,17305.9,38795.6,1.69129e+06,1.69129e+06,425901
2299,0,80,1,0,671.001,17288,38760.7,1.69008e+06,1.69008e+06,425875
2300,0,80,1,0,670.501,17270.4,38725.7,1.68884e+06,1.68884e+06,425849
2301,0,80,1,0,669.584,17243.6,38669.5,1.68646e+06,1.68646e+06,425351
2302,0,80,1,0,668.69,17217.6,38614.7,1.68415e+06,1.68415e+06,424862
2303,0,80,1,0,667.824,17193.3,38562.2,1.68192e+06,1.68192e+06,424383
2304,0,80,1,0,667.082,17166.4,38502,1.6795e+06,1.6795e+06,423913
2305,0,80,1,0,666.253,17142.9,38451.4,1.67736e+06,1.67736e+06,423451
2306,0,80,1,0,665.578,17126.7,38412.6,1.67566e+06,1.67566e+06,422999
2307,0,80,1,0,664.971,17110.8,38383.2,1.6745e+06,1.6745e+06,422555
2308,0,80,1,0,664.489,17131.4,38388.7,1.6751e+06,1.6751e+06,422119
2309,0,80,1,0,663.76,17112.4,38344.7,1.67325e+06,1.67325e+06,421692
2310,0,80,1,0,662.94,17088,38293.5,1.6711e+06,1.6711e+06,421273
2311,0,80,1,0,662.154,17066.2,38245.3,1.6691e+06,1.6691e+06,420863
2312,0,80,1,0,661.405,17046.9,38200.1,1.66724e+06,1.66724e+06,420460
2313,0,80,1,0,660.658,17024.3,38153.3,1.66521e+06,1.66521e+06,420066
2314,0,80,1,0,659.923,17004.1,38108.5,1.66334e+06,1.66334e+06,419679
2315,0,80,1,0,659.22,16985.9,38066.2,1.6616e+06,1.6616e+06,419300
2316,0,80,1,0,658.519,16966.7,38023.6,1.65981e+06,1.65981e+06,418929
2317,0,80,1,0,657.833,16947.9,37981.9,1.65807e+06,1.65807e+06,418565
2318,0,80,1,0,657.165,16929.7,37941.2,1.65636e+06,1.65636e+06,418208
2319,0,80,1,0,656.538,16910,37900.9,1.65456e+06,1.65456e+06,417858
2320,0,80,1,0,655.887,16891.9,37860.9,1.65289e+06,1.65289e+06,417516
2321,0,80,1,0,655.246,16874.3,37822,1.65125e+06,1.65125e+06,417180
2322,0,80,1,0,654.632,16858.4,37785.6,1.64973e+06,1.64973e+06,416852
2323,0,80,1,0,654.012,16841.5,37748.7,1.64818e+06,1.64818e+06,416530
2324,0,80,1,0,653.408,16824,37711.8,1.64663e+06,1.64663e+06,416215
2325,0,80,1,0,652.972,16819.5,37694,1.64592e+06,1.64592e+06,415907
2326,0,80,1,0,652.393,16803.1,37659.1,1.64445e+06,1.64445e+06,415605
2327,0,80,1,0,651.734,16783.4,37618.3,1.64282e+06,1.64282e+06,415309
2328,0,80,1,0,651.183,16767.9,37585.4,1.64142e+06,1.64142e+06,415019
2329,0,80,1,0,650.681,16755.3,37556.4,1.64022e+06,1.64022e+06,414736
2330,0,80,1,0,650.156,16740.8,37525.4,1.63889e+06,1.63889e+06,414459
2331,0,80,1,0,649.315,16712.7,37459.3,1.63593e+06,1.63593e+06,414187
2332,0,80,1,0,648.821,16699.4,37430.6,1.6347e+06,1.6347e+06,413922
2333,0,80,1,0,648.332,16686.2,37402.2,1.63348e+06,1.63348e+06,413662
2334,0,80,1,0,647.779,16670.2,37366.9,1.63179e+06,1.63179e+06,413407
2335,0,80,1,0,647.31,16657.4,37339.7,1.63061e+06,1.63061e+06,413158
2336,0,80,1,0,646.854,16645.2,37313.5,1.62948e+06,1.62948e+06,412915
2337,0,80,1,0,646.408,16633.4,37288,1.62836e+06,1.62836e+06,412676
2338,0,80,1,0,645.972,16621.9,37263.1,1.62727e+06,1.62727e+06,412443
2339,0,80,1,0,645.546,16610.7,37238.9,1.62621e+06,1.62621e+06,412215
2340,0,80,1,0,645.089,16596.2,37211.7,1.62501e+06,1.62501e+06,411992
2341,0,80,1,0,644.57,16577.4,37177.9,1.62343e+06,1.62343e+06,411774
2342,0,80,1,0,644.133,16563.3,37151.9,1.62225e+06,1.62225e+06,411560
2343,0,80,1,0,643.7,16549.5,37126.3,1.62111e+06,1.62111e+06,411352
2344,0,80,1,0,643.172,16528.2,37086.9,1.61912e+06,1.61912e+06,411147
2345,0,80,1,0,642.654,16512.7,37050.9,1.61743e+06,1.61743e+06,410948
2346,0,80,1,0,642.207,16499.6,37025.4,1.61632e+06,1.61632e+06,410752
2347,0,80,1,0,641.815,16487.8,37003.2,1.61532e+06,1.61532e+06,410561
2348,0,80,1,0,641.471,16479.4,36984.9,1.61448e+06,1.61448e+06,410375
2349,0,80,1,0,641.058,16467.4,36961.5,1.61345e+06,1.61345e+06,410192
2350,0,80,1,0,640.698,16456.7,36941.4,1.61252e+06,1.61252e+06,410013
2351,0,80,1,0,640.345,16445,36921.2,1.61156e+06,1.61156e+06,409839
2352,0,80,1,0,640.003,16437.6,36903.4,1.61077e+06,1.61077e+06,409668
2353,0,80,1,0,639.663,16428,36885,1.60991e+06,1.60991e+06,409501
2354,0,80,1,0,639.325,16418.2,36866.7,1.60904e+06,1.60904e+06,409338
2355,0,80,1,0,639.032,16411.7,36852.2,1.60836e+06,1.60836e+06,409179
2356,0,80,1,0,638.677,16402.2,36833.3,1.6075e+06,1.6075e+06,409023
2357,0,80,1,0,638.377,16394.2,36817.7,1.60674e+06,1.60674e+06,408870
2358,0,80,1,0,638.005,16383.4,36797.4,1.60579e+06,1.60579e+06,408722
2359,0,80,1,0,637.777,16380,36787.5,1.60534e+06,1.60534e+06,408576
2360,0,80,1,0,637.457,16370.4,36770.4,1.6045e+06,1.6045e+06,408433
2361,0,80,1,0,637.142,16362.5,36754,1.60375e+06,1.60375e+06,408294
2362,0,80,1,0,636.874,16355.8,36740.4,1.60309e+06,1.60309e+06,408158
2363,0,80,1,0,636.619,16340,36720,1.60209e+06,1.60209e+06,408025
2364,0,80,1,0,636.371,16333.7,36707.6,1.60145e+06,1.60145e+06,407895
2365,0,80,1,0,636.121,16327.5,36695.2,1.60083e+06,1.60083e+06,407767
2366,0,80,1,0,636.004,16324.3,36692,1.60046e+06,1.60046e+06,407643
2367,0,80,1,0,635.83,16311,36678.6,1.5996e+06,1.5996e+06,407522
2368,0,80,1,0,635.59,16306.3,36666.9,1.59903e+06,1.59903e+06,407403
2369,0,80,1,0,635.345,16298.5,36654.1,1.59833e+06,1.59833e+06,407287
2370,0,80,1,0,635.117,16294.3,36643.3,1.5978e+06,1.5978e+06,407173
2371,0,80,1,0,634.932,16290.1,36635.2,1.59733e+06,1.59733e+06,407061
2372,0,80,1,0,634.706,16284.4,36624.4,1.59679e+06,1.59679e+06,406952
2373,0,80,1,0,634.52,16279.6,36615.9,1.59631e+06,1.59631e+06,406846
2374,0,80,1,0,634.219,16272.4,36599.5,1.59556e+06,1.59556e+06,406741
2375,0,80,1,0,634.058,16269.3,36593.1,1.59519e+06,1.59519e+06,406639
2376,0,80,1,0,633.746,16256.7,36571.3,1.5938e+06,1.5938e+06,406539
2377,0,80,1,0,633.543,16251.4,36561.5,1.5933e+06,1.5933e+06,406441
2378,0,80,1,0,633.381,16247.1,36554.2,1.59287e+06,1.59287e+06,406346
2379,0,80,1,0,633.164,16242.6,36543.8,1.59237e+06,1.59237e+06,406252
2380,0,80,1,0,632.975,16237.7,36534.3,1.59186e+06,1.59186e+06,406161
2381,0,80,1,0,632.756,16232.3,36523.2,1.59131e+06,1.59131e+06,406072
2382,0,80,1,0,632.579,16227.9,36514.7,1.59083e+06,1.59083e+06,405984
2383,0,80,1,0,632.386,16223.9,36505.8,1.59037e+06,1.59037e+06,405899
2384,0,80,1,0,632.219,16219.7,36497.8,1.58991e+06,1.58991e+06,405815
2385,0,80,1,0,631.98,16214,36485,1.58928e+06,1.58928e+06,405734
2386,0,80,1,0,631.824,16210.3,36477.9,1.58886e+06,1.58886e+06,405654
2387,0,80,1,0,631.66,16207.4,36471.1,1.5885e+06,1.5885e+06,405576
2388,0,80,1,0,631.49,16174.6,36436.8,1.58707e+06,1.58707e+06,405500
2389,0,80,1,0,631.327,16162.2,36425.2,1.58644e+06,1.58644e+06,405426
2390,0,80,1,0,631.121,16157,36413.3,1.58579e+06,1.58579e+06,405353
2391,0,80,1,0,630.994,16154.6,36408.6,1.58549e+06,1.58549e+06,405282
2392,0,80,1,0,630.895,16156.2,36406.4,1.58536e+06,1.58536e+06,405213
2393,0,80,1,0,630.76,16153,36400.7,1.585e+06,1.585e+06,405146
2394,0,80,1,0,630.589,16148.8,36392.5,1.58454e+06,1.58454e+06,405080
2395,0,80,1,0,630.537,16148.9,36394.3,1.58453e+06,1.58453e+06,405015
2396,0,80,1,0,630.415,16146.1,36389.8,1.58422e+06,1.58422e+06,404952
2397,0,80,1,0,630.272,16142.4,36394.9,1.5839e+06,1.5839e+06,404891
2398,0,80,1,0,630.155,16140.2,36390.5,1.5836e+06,1.5836e+06,404831
2399,0,80,1,0,630.021,16138,36385.6,1.58331e+06,1.58331e+06,404773
2400,0,80,1,0,629.987,16138.4,36388.3,1.58337e+06,1.58337e+06,404716
2401,0,80,1,0,629.979,16140.1,36409.5,1.58377e+06,1.58377e+06,404660
2402,0,80,1,0,629.817,16136.4,36401.5,1.58336e+06,1.58336e+06,404606
2403,0,80,1,0,629.715,16134.7,36398.2,1.58311e+06,1.58311e+06,404553
2404,0,80,1,0,629.584,16131.7,36392.6,1.58275e+06,1.58275e+06,404501
2405,0,80,1,0,629.556,16131.7,36395.1,1.58274e+06,1.58274e+06,404450
2406,0,80,1,0,629.405,16128,36387.8,1.58235e+06,1.58235e+06,404401
2407,0,80,1,0,629.119,16120.3,36369.6,1.58163e+06,1.58163e+06,404353
2408,0,80,1,0,628.952,16116.6,36361.2,1.58119e+06,1.58119e+06,404306
2409,0,80,1,0,628.829,16114.3,36356.2,1.5809e+06,1.5809e+06,404261
2410,0,80,1,0,628.71,16112.8,36350.9,1.5806e+06,1.5806e+06,404216
2411,0,80,1,0,628.608,16110.7,36334.7,1.58025e+06,1.58025e+06,404173
2412,0,80,1,0,628.495,16108.7,36330.3,1.57999e+06,1.57999e+06,404130
2413,0,80,1,0,628.36,16103.5,36320.9,1.57932e+06,1.57932e+06,404089
2414,0,80,1,0,628.282,16101,36317.8,1.57908e+06,1.57908e+06,404048
2415,0,80,1,0,628.142,16097.6,36310.7,1.5787e+06,1.5787e+06,404009
2416,0,80,1,0,628.071,16096,36308.4,1.5785e+06,1.5785e+06,403971
2417,0,80,1,0,627.983,16094.9,36305.5,1.57833e+06,1.57833e+06,403933
2418,0,80,1,0,627.875,16092.6,36300.6,1.57802e+06,1.57802e+06,403897
2419,0,80,1,0,627.808,16092.5,36299.1,1.57791e+06,1.57791e+06,403861
2420,0,80,1,0,627.701,16089.8,36293.9,1.5776e+06,1.5776e+06,403827
2421,0,80,1,0,627.609,16088.5,36290.1,1.57736e+06,1.57736e+06,403793
2422,0,80,1,0,627.543,16086.8,36288,1.57718e+06,1.57718e+06,403760
2423,0,80,1,0,627.46,16085.4,36285.4,1.577e+06,1.577e+06,403728
2424,0,80,1,0,627.404,16085.3,36284.6,1.5769e+06,1.5769e+06,403696
2425,0,80,1,0,627.331,16084.2,36282.5,1.57676e+06,1.57676e+06,403666
2426,0,80,1,0,627.274,16083.3,36281.2,1.57662e+06,1.57662e+06,403636
2427,0,80,1,0,627.24,16084,36281.5,1.57658e+06,1.57658e+06,403607
2428,0,80,1,0,627.19,16083.1,36280.4,1.57645e+06,1.57645e+06,403578
2429,0,80,1,0,627.115,16082.1,36278.3,1.5763e+06,1.5763e+06,403551
2430,0,80,1,0,627.09,16081.4,36278.3,1.57618e+06,1.57618e+06,403524
2431,0,80,1,0,627.068,16081,36278.6,1.57608e+06,1.57608e+06,403497
2432,0,80,1,0,626.995,16079.5,36275.9,1.57593e+06,1.57593e+06,403472
2433,0,80,1,0,626.9,16076.8,36271.7,1.5757e+06,1.5757e+06,403447
2434,0,80,1,0,626.86,16076.9,36271.4,1.57564e+06,1.57564e+06,403422
2435,0,80,1,0,626.779,16075.2,36268.6,1.57549e+06,1.57549e+06,403398
2436,0,80,1,0,626.814,16076.2,36274.2,1.57563e+06,1.57563e+06,403375
2437,0,80,1,0,626.707,16071.5,36268.7,1.57539e+06,1.57539e+06,403353
2438,0,80,1,0,626.633,16070.9,36266.5,1.57529e+06,1.57529e+06,403331
2439,0,80,1,0,626.598,16070.8,36267.5,1.5753e+06,1.5753e+06,403309
2440,0,80,1,0,626.608,16070.8,36270.8,1.57538e+06,1.57538e+06,403288
2441,0,80,1,0,626.634,16072.6,36274.6,1.57547e+06,1.57547e+06,403268
2442,0,80,1,0,626.508,16070.6,36270.4,1.57533e+06,1.57533e+06,403248
2443,0,80,1,0,626.369,16070,36265.6,1.57522e+06,1.57522e+06,403228
2444,0,80,1,0,626.313,16065.6,36261.9,1.57494e+06,1.57494e+06,403209
2445,0,80,1,0,626.32,16065.6,36263.6,1.57492e+06,1.57492e+06,403191
2446,0,80,1,0,626.274,16064.7,36262.5,1.57483e+06,1.57483e+06,403173
2447,0,80,1,0,626.247,16063.9,36261.4,1.5747e+06,1.5747e+06,403156
2448,0,80,1,0,626.201,16062.1,36260,1.57457e+06,1.57457e+06,403138
2449,0,80,1,0,626.142,16060.9,36257.5,1.57442e+06,1.57442e+06,403122
2450,0,80,1,0,626.224,16065.8,36270.9,1.57507e+06,1.57507e+06,403106
2451,0,80,1,0,626.105,16064.1,36264.9,1.57485e+06,1.57485e+06,403090
2452,0,80,1,0,626.069,16062.8,36264.5,1.57478e+06,1.57478e+06,403074
2453,0,80,1,0,626.044,16062.3,36263.4,1.57468e+06,1.57468e+06,403059
2454,0,80,1,0,625.995,16060.3,36260.1,1.57448e+06,1.57448e+06,403045
2455,0,80,1,0,625.899,16059.3,36257.8,1.57442e+06,1.57442e+06,403031
2456,0,80,1,0,625.756,16056.2,36257.4,1.57416e+06,1.57416e+06,403017
2457,0,80,1,0,625.742,16055.7,36256.9,1.57407e+06,1.57407e+06,403003
2458,0,80,1,0,625.695,16055.2,36254.8,1.57396e+06,1.57396e+06,402990
2459,0,80,1,0,625.687,16054.7,36254.5,1.57388e+06,1.57388e+06,402977
2460,0,80,1,0,625.614,16053.2,36251.7,1.57379e+06,1.57379e+06,402965
2461,0,80,1,0,625.609,16053.3,36252.8,1.57379e+06,1.57379e+06,402952
2462,0,80,1,0,625.655,16055.4,36256.8,1.57392e+06,1.57392e+06,402940
2463,0,80,1,0,625.624,16054.8,36255.3,1.57385e+06,1.57385e+06,402929
2464,0,80,1,0,625.499,16051.2,36247.5,1.57351e+06,1.57351e+06,402917
2465,0,80,1,0,625.483,16051.5,36249.6,1.57366e+06,1.57366e+06,402906
2466,0,80,1,0,625.494,16052.7,36251.9,1.57374e+06,1.57374e+06,402895
2467,0,80,1,0,625.46,16051.5,36249.9,1.57363e+06,1.57363e+06,402884
2468,0,80,1,0,625.44,16050.7,36249.4,1.57359e+06,1.57359e+06,402874
2469,0,80,1,0,625.435,16050,36239.7,1.57348e+06,1.57348e+06,402864
2470,0,80,1,0,625.382,16050.2,36238.8,1.57352e+06,1.57352e+06,402854
2471,0,80,1,0,625.311,16049,36235.1,1.5734e+06,1.5734e+06,402844
2472,0,80,1,0,625.351,16049.3,36236.6,1.57338e+06,1.57338e+06,402835
2473,0,80,1,0,625.267,16046.7,36230.3,1.57311e+06,1.57311e+06,402825
2474,0,80,1,0,625.231,16045.2,36226,1.57287e+06,1.57287e+06,402816
2475,0,80,1,0,625.095,16041.8,36217.9,1.57258e+06,1.57258e+06,402807
2476,0,80,1,0,625.063,16040.9,36217.4,1.57255e+06,1.57255e+06,402799
2477,0,80,1,0,625.102,16041.5,36220.2,1.57262e+06,1.57262e+06,402790
2478,0,80,1,0,625.229,16047.1,36230,1.57299e+06,1.57299e+06,402782
2479,0,80,1,0,625.243,16047,36230.3,1.57297e+06,1.57297e+06,402773
2480,0,80,1,0,625.178,16044.7,36224.2,1.57267e+06,1.57267e+06,402765
2481,0,80,1,0,625.1,16034.1,36210.3,1.57173e+06,1.57173e+06,402758
2482,0,80,1,0,624.99,16031.6,36202.3,1.57139e+06,1.57139e+06,402750
2483,0,80,1,0,624.972,16030.6,36199.8,1.57126e+06,1.57126e+06,402742
2484,0,80,1,0,624.929,16028.6,36194.4,1.57097e+06,1.57097e+06,402735
2485,0,80,1,0,624.837,16026.6,36189.7,1.57082e+06,1.57082e+06,402728
2486,0,80,1,0,624.747,16023.5,36183.1,1.57057e+06,1.57057e+06,402721
2487,0,80,1,0,624.706,16022.3,36179.1,1.57036e+06,1.57036e+06,402714
2488,0,80,1,0,624.669,16020.4,36174.8,1.57017e+06,1.57017e+06,402707
2489,0,80,1,0,624.619,16019.3,36172.8,1.57011e+06,1.57011e+06,402700
2490,0,80,1,0,624.526,16016.5,36166.3,1.5699e+06,1.5699e+06,402694
2491,0,80,1,0,624.507,16015.9,36163.5,1.56974e+06,1.56974e+06,402687
2492,0,80,1,0,624.497,16013.4,36161.3,1.56962e+06,1.56962e+06,402681
2493,0,80,1,0,624.455,16011.5,36156.3,1.56938e+06,1.56938e+06,402675
2494,0,80,1,0,624.448,16010.9,36157.7,1.56949e+06,1.56949e+06,402669
2495,0,80,1,0,624.352,16007.8,36150.2,1.56921e+06,1.56921e+06,402664
2496,0,80,1,0,624.583,16023.4,36161.8,1.57019e+06,1.57019e+06,402658
2497,0,80,1,0,624.496,16021.2,36155.4,1.56996e+06,1.56996e+06,402652
2498,0,80,1,0,624.507,16021.1,36154.6,1.56988e+06,1.56988e+06,402647
2499,0,80,1,0,624.617,16028.5,36161.1,1.57036e+06,1.57036e+06,402642
2500,0,80,1,0,624.717,16030.3,36170.4,1.57066e+06,1.57066e+06,402637
2501,0,80,1,0,624.682,16028.8,36167.6,1.57054e+06,1.57054e+06,402632
2502,0,80,1,0,624.761,16030.3,36173.7,1.57082e+06,1.57082e+06,402627
2503,0,80,1,0,624.728,16029.1,36170.1,1.57072e+06,1.57072e+06,402622
2504,0,80,1,0,624.787,16029.1,36172.6,1.57074e+06,1.57074e+06,402617
2505,0,80,1,0,624.688,16023.4,36165.5,1.57044e+06,1.57044e+06,402612
2506,0,80,1,0,624.591,16020.3,36158.1,1.57016e+06,1.57016e+06,402608
2507,0,80,1,0,624.617,16020.4,36158.8,1.57021e+06,1.57021e+06,402603
2508,0,80,1,0,624.983,16040.3,36189.2,1.57183e+06,1.57183e+06,402598
2509,0,80,1,0,624.973,16039.2,36186.2,1.5717e+06,1.5717e+06,402594
2510,0,80,1,0,624.715,16023.4,36166.6,1.5707e+06,1.5707e+06,402590
2511,0,80,1,0,624.666,16021.7,36162.9,1.57064e+06,1.57064e+06,402585
2512,0,80,1,0,624.692,16035.9,36175.2,1.57142e+06,1.57142e+06,402581
2513,0,80,1,0,624.564,16015.7,36154.2,1.5703e+06,1.5703e+06,402577
2514,0,80,1,0,624.635,16030.2,36168.1,1.57112e+06,1.57112e+06,402572
2515,0,80,1,0,624.65,16016.9,36157.1,1.57042e+06,1.57042e+06,402568
2516,0,80,1,0,624.589,16028.4,36164.3,1.57109e+06,1.57109e+06,402564
2517,0,80,1,0,624.764,16036.8,36179.9,1.5719e+06,1.5719e+06,402560
2518,0,80,1,0,624.655,16036.2,36173.7,1.57136e+06,1.57136e+06,402556
2519,0,80,1,0,624.633,16017.8,36159.1,1.57041e+06,1.57041e+06,402552
2520,0,80,1,0,624.704,16032,36173.6,1.57132e+06,1.57132e+06,402548
2521,0,80,1,0,624.733,16031.2,36173.3,1.5713e+06,1.5713e+06,402544
2522,0,80,1,0,624.757,16035.2,36176.5,1.57161e+06,1.57161e+06,402539
2523,0,80,1,0,624.771,16034.8,36177.1,1.5717e+06,1.5717e+06,402535
2524,0,80,1,0,624.769,16033.5,36173.9,1.57157e+06,1.57157e+06,402531
2525,0,80,1,0,624.687,16031.6,36166.5,1.57141e+06,1.57141e+06,402527
2526,0,80,1,0,624.645,16030.3,36164.2,1.57141e+06,1.57141e+06,402523
2527,0,80,1,0,624.677,16030.5,36166,1.57154e+06,1.57154e+06,402519
2528,0,80,1,0,624.729,16030.4,36166.3,1.57157e+06,1.57157e+06,402515
2529,0,80,1,0,624.709,16029.5,36164.9,1.5716e+06,1.5716e+06,402511
2530,0,80,1,0,624.626,16026.7,36157.7,1.57139e+06,1.57139e+06,402507
2531,0,80,1,0,624.621,16025.3,36154.7,1.57129e+06,1.57129e+06,402503
2532,0,80,1,0,624.636,16025.1,36154.7,1.57133e+06,1.57133e+06,402499
2533,0,80,1,0,624.609,16023.8,36151,1.57122e+06,1.57122e+06,402494
2534,0,80,1,0,624.619,16023.1,36150,1.57123e+06,1.57123e+06,402490
2535,0,80,1,0,624.666,16023.2,36150.3,1.57127e+06,1.57127e+06,402486
2536,0,80,1,0,624.645,16022.7,36149.2,1.57133e+06,1.57133e+06,402482
2537,0,80,1,0,624.673,16023.4,36151.1,1.5715e+06,1.5715e+06,402478
2538,0,80,1,0,624.714,16024.2,36152.3,1.5716e+06,1.5716e+06,402473
2539,0,80,1,0,624.686,16023.3,36148.6,1.5715e+06,1.5715e+06,402469
2540,0,80,1,0,624.716,16024.1,36147.9,1.57148e+06,1.57148e+06,402465
2541,0,80,1,0,624.612,16022.2,36141.6,1.57137e+06,1.57137e+06,402461
2542,0,80,1,0,624.614,16022.1,36139.7,1.57136e+06,1.57136e+06,402456
2543,0,80,1,0,624.691,16024.1,36143.3,1.57156e+06,1.57156e+06,402452
2544,0,80,1,0,624.682,16024.6,36142.3,1.57164e+06,1.57164e+06,402447
2545,0,80,1,0,624.822,16028.3,36150.1,1.572e+06,1.572e+06,402443
2546,0,80,1,0,624.764,16028.1,36148.1,1.5721e+06,1.5721e+06,402438
2547,0,80,1,0,624.799,16029.4,36149.4,1.57225e+06,1.57225e+06,402434
2548,0,80,1,0,624.888,16034.6,36155.1,1.57262e+06,1.57262e+06,402429
2549,0,80,1,0,624.873,16034.9,36153.7,1.57271e+06,1.57271e+06,402425
2550,0,80,1,0,624.964,16037.7,36158.4,1.57295e+06,1.57295e+06,402420
2551,0,80,1,0,624.967,16037.9,36156.4,1.57292e+06,1.57292e+06,402415
2552,0,80,1,0,625.066,16041.8,36165.2,1.57343e+06,1.57343e+06,402411
2553,0,80,1,0,625.064,16042.6,36166.6,1.57364e+06,1.57364e+06,402406
2554,0,80,1,0,625.065,16042.1,36164.3,1.57361e+06,1.57361e+06,402401
2555,0,80,1,0,625.107,16043.3,36165.7,1.57373e+06,1.57373e+06,402396
2556,0,80,1,0,625.168,16044.8,36168,1.57389e+06,1.57389e+06,402391
2557,0,80,1,0,625.114,16043,36164.5,1.57383e+06,1.57383e+06,402387
2558,0,80,1,0,625.194,16046.6,36170.3,1.57423e+06,1.57423e+06,402382
2559,0,80,1,0,625.179,16046.9,36168.8,1.57431e+06,1.57431e+06,402377
2560,0,80,1,0,625.055,16038.2,36156.6,1.57373e+06,1.57373e+06,402372
2561,0,80,1,0,625.239,16043.7,36167.3,1.57424e+06,1.57424e+06,402367
2562,0,80,1,0,625.309,16052.4,36174.4,1.57486e+06,1.57486e+06,402362
2563,0,80,1,0,625.171,16044.7,36163.6,1.57434e+06,1.57434e+06,402357
2564,0,80,1,0,625.232,16046.7,36166.4,1.5746e+06,1.5746e+06,402352
2565,0,80,1,0,625.231,16047.2,36165.6,1.57467e+06,1.57467e+06,402347
2566,0,80,1,0,625.351,16049.9,36170.9,1.57486e+06,1.57486e+06,402342
2567,0,80,1,0,625.234,16046.5,36163.8,1.57465e+06,1.57465e+06,402336
2568,0,80,1,0,625.191,16035.8,36154.3,1.57281e+06,1.57281e+06,402331
2569,0,80,1,0,625.218,16034.9,36153.1,1.57282e+06,1.57282e+06,402326
2570,0,80,1,0,625.118,16030.2,36144.7,1.57242e+06,1.57242e+06,402321
2571,0,80,1,0,625.179,16027.5,36144.1,1.57234e+06,1.57234e+06,402316
2572,0,80,1,0,625.092,16024.5,36137.9,1.57224e+06,1.57224e+06,402310
2573,0,80,1,0,625.215,16030.8,36145.3,1.5727e+06,1.5727e+06,402305
2574,0,80,1,0,625.997,16053.9,36241,1.57542e+06,1.57542e+06,402300
2575,0,80,1,0,625.986,16049.7,36237.3,1.57527e+06,1.57527e+06,402294
2576,0,80,1,0,626.084,16052.4,36241.2,1.57553e+06,1.57553e+06,402289
2577,0,80,1,0,626.086,16054.7,36241.9,1.5757e+06,1.5757e+06,402284
2578,0,80,1,0,626.164,16053.7,36242.7,1.57561e+06,1.57561e+06,402278
2579,0,80,1,0,626.127,16054.2,36241.2,1.57579e+06,1.57579e+06,402273
2580,0,80,1,0,626.075,16049.1,36234.7,1.57552e+06,1.57552e+06,402267
2581,0,80,1,0,626.201,16054.2,36242.1,1.57589e+06,1.57589e+06,402262
2582,0,80,1,0,626.093,16049.1,36233.3,1.57553e+06,1.57553e+06,402256
2583,0,80,1,0,626.359,16055.6,36248.2,1.5762e+06,1.5762e+06,402251
2584,0,80,1,0,626.231,16049.7,36239.8,1.576e+06,1.576e+06,402245
2585,0,80,1,0,626.28,16050.9,36241.1,1.57603e+06,1.57603e+06,402240
2586,0,80,1,0,626.343,16052.8,36244.6,1.5763e+06,1.5763e+06,402234
2587,0,80,1,0,626.512,16063.3,36255.9,1.57699e+06,1.57699e+06,402229
2588,0,80,1,0,626.597,16063.9,36258.5,1.57709e+06,1.57709e+06,402223
2589,0,80,1,0,626.596,16066,36259.5,1.57727e+06,1.57727e+06,402217
2590,0,80,1,0,626.697,16067.5,36263.4,1.57742e+06,1.57742e+06,402212
2591,0,80,1,0,626.719,16068.1,36266.2,1.57764e+06,1.57764e+06,402206
2592,0,80,1,0,626.66,16065.3,36260.6,1.57747e+06,1.57747e+06,402200
2593,0,80,1,0,626.783,16067.5,36266,1.57768e+06,1.57768e+06,402195
2594,0,80,1,0,626.776,16067,36266.9,1.57786e+06,1.57786e+06,402189
2595,0,80,1,0,626.848,16067.2,36268,1.57786e+06,1.57786e+06,402183
2596,0,80,1,0,626.761,16062,36259.9,1.57771e+06,1.57771e+06,402177
2597,0,80,1,0,626.809,16064.8,36259.1,1.57783e+06,1.57783e+06,402172
2598,0,80,1,0,626.745,16062.7,36250.4,1.57766e+06,1.57766e+06,402166
2599,0,80,1,0,626.823,16062.1,36250.6,1.57767e+06,1.57767e+06,402160
2600,0,80,1,0,626.772,16059.9,36243.9,1.57756e+06,1.57756e+06,402154
2601,0,80,1,0,626.819,16064.9,36247.1,1.57803e+06,1.57803e+06,402148
2602,0,80,1,0,626.789,16062.7,36240.4,1.57786e+06,1.57786e+06,402142
2603,0,80,1,0,626.873,16063.8,36242.6,1.57804e+06,1.57804e+06,402136
2604,0,80,1,0,626.944,16063.4,36238.8,1.57811e+06,1.57811e+06,402130
2605,0,80,1,0,626.884,16061.6,36232.3,1.57804e+06,1.57804e+06,402124
2606,0,80,1,0,626.851,16059.9,36226,1.57794e+06,1.57794e+06,402118
2607,0,80,1,0,626.883,16059.5,36223.3,1.57794e+06,1.57794e+06,402112
2608,0,80,1,0,626.87,16058.6,36217.6,1.57781e+06,1.57781e+06,402106
2609,0,80,1,0,626.802,16019,36015.8,1.57643e+06,1.57643e+06,402100
2610,0,80,1,0,626.822,16018.6,36013.2,1.57644e+06,1.57644e+06,402094
2611,0,80,1,0,626.814,16002.9,36001.5,1.57596e+06,1.57596e+06,402088
2612,0,80,1,0,626.797,16005.2,35998.9,1.57607e+06,1.57607e+06,402082
2613,0,80,1,0,626.733,16002.4,35992.4,1.57597e+06,1.57597e+06,402076
2614,0,80,1,0,626.708,16000.5,35986.6,1.57583e+06,1.57583e+06,402070
2615,0,80,1,0,626.802,16002.6,35990.3,1.57606e+06,1.57606e+06,402064
2616,0,80,1,0,626.794,15998.1,35984.5,1.57585e+06,1.57585e+06,402058
2617,0,80,1,0,626.884,16002.6,35989.5,1.57616e+06,1.57616e+06,402052
2618,0,80,1,0,626.774,15999.3,35980.2,1.57593e+06,1.57593e+06,402045
2619,0,80,1,0,626.773,15998,35976.1,1.57581e+06,1.57581e+06,402039
2620,0,80,1,0,626.752,15997.5,35972.6,1.5758e+06,1.5758e+06,402033
2621,0,80,1,0,626.823,15995.3,35972.1,1.57575e+06,1.57575e+06,402027
2622,0,80,1,0,626.829,15998.7,35973,1.57595e+06,1.57595e+06,402021
2623,0,80,1,0,626.813,15997.4,35971,1.57592e+06,1.57592e+06,402014
2624,0,80,1,0,626.866,15998,35972.5,1.57606e+06,1.57606e+06,402008
2625,0,80,1,0,626.801,15992.6,35965.5,1.57576e+06,1.57576e+06,402002
2626,0,80,1,0,626.933,15995.2,35970.9,1.57599e+06,1.57599e+06,401996
2627,0,80,1,0,626.9,15997.9,35970.7,1.57613e+06,1.57613e+06,401989
2628,0,80,1,0,626.884,15996,35965.4,1.57596e+06,1.57596e+06,401983
2629,0,80,1,0,626.964,15997.5,35968.9,1.57614e+06,1.57614e+06,401977
2630,0,80,1,0,626.952,15997.4,35968,1.57616e+06,1.57616e+06,401970
2631,0,80,1,0,627.291,16013.9,35994.7,1.57763e+06,1.57763e+06,401964
2632,0,80,1,0,627.322,16021.9,35997.7,1.578e+06,1.578e+06,401958
2633,0,80,1,0,627.087,16004.5,35977.7,1.57697e+06,1.57697e+06,401951
2634,0,80,1,0,627.282,16012,35990.6,1.57769e+06,1.57769e+06,401945
2635,0,80,1,0,627.224,16009.5,35983.8,1.57743e+06,1.57743e+06,401939
2636,0,80,1,0,627.372,16011.4,35994,1.57785e+06,1.57785e+06,401932
2637,0,80,1,0,627.519,16020.6,36002.9,1.57836e+06,1.57836e+06,401926
2638,0,80,1,0,627.646,16022,36008.8,1.57861e+06,1.57861e+06,401920
2639,0,80,1,0,627.529,16019.5,36002.2,1.57842e+06,1.57842e+06,401913
2640,0,80,1,0,627.538,16018.4,35999.8,1.57842e+06,1.57842e+06,401907
2641,0,80,1,0,627.544,16019.6,35998,1.57835e+06,1.57835e+06,401901
2642,0,80,1,0,627.502,16017.7,35995.1,1.5783e+06,1.5783e+06,401894
2643,0,80,1,0,627.58,16020.6,36000.4,1.57866e+06,1.57866e+06,401888
2644,0,80,1,0,627.568,16024.7,35999.2,1.5788e+06,1.5788e+06,401881
2645,0,80,1,0,627.735,16030.1,36013.7,1.57946e+06,1.57946e+06,401875
2646,0,80,1,0,627.738,16029.7,36011,1.57939e+06,1.57939e+06,401869
2647,0,80,1,0,627.745,16029.1,36010.4,1.57942e+06,1.57942e+06,401862
2648,0,80,1,0,627.86,16034.1,36020.6,1.57987e+06,1.57987e+06,401856
2649,0,80,1,0,627.916,16034.4,36025.7,1.58027e+06,1.58027e+06,401849
2650,0,80,1,0,627.939,16035.2,36026.4,1.58039e+06,1.58039e+06,401843
2651,0,80,1,0,628.089,16040.3,36039.4,1.58098e+06,1.58098e+06,401836
2652,0,80,1,0,628.04,16040,36036,1.58101e+06,1.58101e+06,401830
2653,0,80,1,0,628.115,16038.6,36039,1.58115e+06,1.58115e+06,401823
2654,0,80,1,0,628.091,16038.7,36039.9,1.58125e+06,1.58125e+06,401817
2655,0,80,1,0,628.001,16030.5,36030,1.58049e+06,1.58049e+06,401810
2656,0,80,1,0,628.174,16034.6,36040.6,1.58103e+06,1.58103e+06,401804
2657,0,80,1,0,628.228,16039.3,36041.4,1.58132e+06,1.58132e+06,401797
2658,0,80,1,0,628.348,16038.8,36046.8,1.58134e+06,1.58134e+06,401791
2659,0,80,1,0,688.501,16183.9,36079.2,1.58645e+06,1.58645e+06,401784
2660,0,80,1,0,688.562,16179.7,36080.7,1.58614e+06,1.58614e+06,401778
2661,0,80,1,0,688.71,16180.3,36085.5,1.58651e+06,1.58651e+06,401771
2662,0,80,1,0,688.847,16182.6,36093.9,1.58681e+06,1.58681e+06,401765
2663,0,80,1,0,688.876,16175.8,36088.9,1.58653e+06,1.58653e+06,401758
2664,0,80,1,0,688.902,16169.7,36087.3,1.58636e+06,1.58636e+06,401752
2665,0,80,1,0,688.995,16169.9,36086.4,1.58644e+06,1.58644e+06,401745
2666,0,80,1,0,689.033,16152.7,36069.2,1.58557e+06,1.58557e+06,401739
2667,0,80,1,0,689.377,16219.3,36123.6,1.58678e+06,1.58678e+06,401732
2668,0,80,1,0,689.281,16219.8,36126.7,1.58704e+06,1.58704e+06,401725
2669,0,80,1,0,687.087,16216.1,36127.5,1.58709e+06,1.58709e+06,401719
2670,0,80,1,0,685.499,16226,36151.8,1.58811e+06,1.58811e+06,401712
2671,0,80,1,0,683.595,16212,36138.1,1.58748e+06,1.58748e+06,401706
2672,0,80,1,0,681.842,16201.8,36133.8,1.58713e+06,1.58713e+06,401699
2673,0,80,1,0,680.302,16198.2,36139.8,1.58724e+06,1.58724e+06,401693
2674,0,80,1,0,678.765,16194.5,36141.9,1.58725e+06,1.58725e+06,401686
2675,0,80,1,0,677.411,16195.7,36151.2,1.58766e+06,1.58766e+06,401679
2676,0,80,1,0,676.075,16187,36154.9,1.58758e+06,1.58758e+06,401673
2677,0,80,1,0,674.836,16191,36162.5,1.58794e+06,1.58794e+06,401666
2678,0,80,1,0,673.66,16181.3,36168,1.58809e+06,1.58809e+06,401660
2679,0,80,1,0,672.368,16179.9,36168.3,1.58814e+06,1.58814e+06,401653
2680,0,80,1,0,671.168,16176.5,36174,1.58822e+06,1.58822e+06,401646
2681,0,80,1,0,669.95,16175.8,36174.5,1.58828e+06,1.58828e+06,401640
2682,0,80,1,0,668.91,16180.1,36189.4,1.58886e+06,1.58886e+06,401633
2683,0,80,1,0,667.628,16181.4,36185.1,1.58848e+06,1.58848e+06,401626
2684,0,80,1,0,666.535,16175.8,36188.3,1.58851e+06,1.58851e+06,401620
2685,0,80,1,0,665.536,16182.5,36193.3,1.58882e+06,1.58882e+06,401613
2686,0,80,1,0,664.383,16179.1,36183.9,1.58846e+06,1.58846e+06,401607
2687,0,80,1,0,663.406,16175.4,36189.5,1.58851e+06,1.58851e+06,401600
2688,0,80,1,0,662.999,16179.6,36189.1,1.5886e+06,1.5886e+06,401593
2689,0,80,1,0,662.579,16177.7,36190.9,1.58873e+06,1.58873e+06,401587
2690,0,80,1,0,662.172,16179,36188.3,1.58862e+06,1.58862e+06,401580
2691,0,80,1,0,661.799,16177.5,36193,1.58882e+06,1.58882e+06,401573
2692,0,80,1,0,661.437,16175.6,36193.1,1.5887e+06,1.5887e+06,401566
2693,0,80,1,0,661.105,16175,36199.4,1.58895e+06,1.58895e+06,401560
2694,0,80,1,0,660.826,16186.3,36207.2,1.58952e+06,1.58952e+06,401553
2695,0,80,1,0,660.523,16184.6,36212.3,1.58966e+06,1.58966e+06,401546
2696,0,80,1,0,660.107,16185.3,36209.4,1.58951e+06,1.58951e+06,401540
2697,0,80,1,0,659.697,16180.1,36202.4,1.5891e+06,1.5891e+06,401533
2698,0,80,1,0,659.342,16177.7,36199.3,1.5889e+06,1.5889e+06,401526
2699,0,80,1,0,658.923,16172.5,36196.4,1.58874e+06,1.58874e+06,401520
2700,0,80,1,0,658.597,16174.5,36195,1.58869e+06,1.58869e+06,401513
2701,0,80,1,0,658.262,16173,36198.2,1.58886e+06,1.58886e+06,401506
2702,0,80,1,0,658.01,16178.8,36202.6,1.58911e+06,1.58911e+06,401499
2703,0,80,1,0,657.825,16181.7,36217.6,1.58967e+06,1.58967e+06,401493
2704,0,80,1,0,657.471,16126.2,36167.6,1.58887e+06,1.58887e+06,401486
2705,0,80,1,0,657.239,16129.9,36178.5,1.58933e+06,1.58933e+06,401479
2706,0,80,1,0,656.981,16130.8,36185.2,1.58979e+06,1.58979e+06,401472
2707,0,80,1,0,656.792,16133,36195.9,1.59035e+06,1.59035e+06,401466
2708,0,80,1,0,656.424,16127.2,36186.4,1.58966e+06,1.58966e+06,401459
2709,0,80,1,0,656.178,16127,36190.4,1.59002e+06,1.59002e+06,401452
2710,0,80,1,0,655.974,16128.3,36197.2,1.59047e+06,1.59047e+06,401445
2711,0,80,1,0,655.595,16126,36188.9,1.58993e+06,1.58993e+06,401439
2712,0,80,1,0,655.416,16127.6,36197,1.59044e+06,1.59044e+06,401432
2713,0,80,1,0,655.092,16126.9,36189.7,1.58997e+06,1.58997e+06,401425
2714,0,80,1,0,654.882,16130.4,36195.8,1.59051e+06,1.59051e+06,401418
2715,0,80,1,0,654.529,16125.8,36184.3,1.58975e+06,1.58975e+06,401412
2716,0,80,1,0,654.317,16129.1,36190.9,1.59031e+06,1.59031e+06,401405
2717,0,80,1,0,654.152,16131.5,36195.2,1.59025e+06,1.59025e+06,401398
2718,0,80,1,0,654.002,16133.8,36204.5,1.59081e+06,1.59081e+06,401391
2719,0,80,1,0,653.797,16134.4,36208.8,1.59119e+06,1.59119e+06,401384
2720,0,80,1,0,653.461,16129.8,36197.8,1.59045e+06,1.59045e+06,401378
2721,0,80,1,0,653.377,16135.7,36211.3,1.59123e+06,1.59123e+06,401371
2722,0,80,1,0,653.128,16136.3,36207.2,1.59084e+06,1.59084e+06,401364
2723,0,80,1,0,653.012,16140.7,36215.6,1.59139e+06,1.59139e+06,401357
2724,0,80,1,0,652.883,16145,36221.9,1.59144e+06,1.59144e+06,401350
2725,0,80,1,0,652.764,16146.8,36230.9,1.59196e+06,1.59196e+06,401344
2726,0,80,1,0,652.578,16147,36234.7,1.59231e+06,1.59231e+06,401337
2727,0,80,1,0,652.323,16147.1,36229,1.59184e+06,1.59184e+06,401330
2728,0,80,1,0,652.191,16148.7,36237.1,1.59236e+06,1.59236e+06,401323
2729,0,80,1,0,651.996,16150.7,36236.3,1.5921e+06,1.5921e+06,401316
2730,0,80,1,0,651.774,16147.6,36235.1,1.59225e+06,1.59225e+06,401309
2731,0,80,1,0,651.515,16147.8,36229.6,1.5918e+06,1.5918e+06,401303
2732,0,80,1,0,651.395,16149.3,36238.1,1.5923e+06,1.5923e+06,401296
2733,0,80,1,0,651.13,16149.5,36232.3,1.59188e+06,1.59188e+06,401289
2734,0,80,1,0,650.976,16150.2,36237.4,1.59227e+06,1.59227e+06,401282
2735,0,80,1,0,651.059,16164,36262.1,1.59352e+06,1.59352e+06,401275
2736,0,80,1,0,651.039,16172.1,36274.3,1.5939e+06,1.5939e+06,401268
2737,0,80,1,0,650.556,16155.5,36254.3,1.59308e+06,1.59308e+06,401261
2738,0,80,1,0,650.313,16154.6,36247.6,1.59258e+06,1.59258e+06,401255
2739,0,80,1,0,650.336,16167.7,36266.5,1.59367e+06,1.59367e+06,401248
2740,0,80,1,0,649.937,16155.7,36247.5,1.59259e+06,1.59259e+06,401241
2741,0,80,1,0,649.827,16157.7,36255.9,1.59309e+06,1.59309e+06,401234
2742,0,80,1,0,649.718,16166.7,36258.4,1.59305e+06,1.59305e+06,401227
2743,0,80,1,0,649.686,16171.1,36273.1,1.59382e+06,1.59382e+06,401220
2744,0,80,1,0,649.439,16169.4,36265.6,1.59324e+06,1.59324e+06,401213
2745,0,80,1,0,649.319,16170.4,36272.8,1.5937e+06,1.5937e+06,401206
2746,0,80,1,0,649.157,16171.8,36271.1,1.59343e+06,1.59343e+06,401199
2747,0,80,1,0,648.989,16171.6,36273,1.59368e+06,1.59368e+06,401192
2748,0,80,1,0,648.803,16172.8,36270.2,1.59341e+06,1.59341e+06,401185
2749,0,80,1,0,648.678,16174.4,36276.1,1.59381e+06,1.59381e+06,401178
2750,0,80,1,0,648.538,16175.3,36280.3,1.59416e+06,1.59416e+06,401171
2751,0,80,1,0,648.357,16176.6,36277.3,1.59388e+06,1.59388e+06,401164
2752,0,80,1,0,648.056,16164.6,36267.6,1.59347e+06,1.59347e+06,401158
2753,0,80,1,0,647.904,16168,36265.3,1.59321e+06,1.59321e+06,401151
2754,0,80,1,0,647.758,16167.3,36269.8,1.59364e+06,1.59364e+06,401144
2755,0,80,1,0,647.415,16159,36252.9,1.59259e+06,1.59259e+06,401137
2756,0,80,1,0,647.345,16161.4,36262.2,1.59315e+06,1.59315e+06,401130
2757,0,80,1,0,647.121,16172.9,36263.5,1.59239e+06,1.59239e+06,401123
2758,0,80,1,0,647.038,16172,36269.2,1.59277e+06,1.59277e+06,401116
2759,0,80,1,0,646.813,16169.4,36260.1,1.59222e+06,1.59222e+06,401109
2760,0,80,1,0,646.558,16137.6,36222.9,1.59054e+06,1.59054e+06,401102
2761,0,80,1,0,646.44,16138.3,36222.2,1.59031e+06,1.59031e+06,401095
2762,0,80,1,0,646.373,16138.1,36228.7,1.59073e+06,1.59073e+06,401088
2763,0,80,1,0,646.301,16141.8,36234.7,1.59121e+06,1.59121e+06,401081
2764,0,80,1,0,646.099,16136.2,36226.9,1.59062e+06,1.59062e+06,401074
2765,0,80,1,0,645.962,16134.6,36226.2,1.59079e+06,1.59079e+06,401067
2766,0,80,1,0,645.958,16144.1,36233.7,1.591e+06,1.591e+06,401060
2767,0,80,1,0,645.979,16147.4,36247.6,1.59174e+06,1.59174e+06,401053
2768,0,80,1,0,645.71,16140.7,36233.7,1.59091e+06,1.59091e+06,401046
2769,0,80,1,0,645.808,16148.8,36253.5,1.59194e+06,1.59194e+06,401039
2770,0,80,1,0,645.596,16142.9,36248.1,1.59188e+06,1.59188e+06,401032
2771,0,80,1,0,645.428,16141.8,36241.1,1.59139e+06,1.59139e+06,401025
2772,0,80,1,0,645.505,16150.8,36260.5,1.59251e+06,1.59251e+06,401018
2773,0,80,1,0,645.452,16150.3,36264.8,1.59278e+06,1.59278e+06,401011
2774,0,80,1,0,645.338,16151.2,36263.8,1.59253e+06,1.59253e+06,401004
2775,0,80,1,0,645.224,16148,36266,1.59276e+06,1.59276e+06,400997
2776,0,80,1,0,645.202,16150.2,36275.1,1.59333e+06,1.59333e+06,400990
2777,0,80,1,0,645.327,16156.9,36287.4,1.59347e+06,1.59347e+06,400983
2778,0,80,1,0,645.357,16164.6,36301.5,1.59438e+06,1.59438e+06,400976
2779,0,80,1,0,645.354,16169.4,36313.2,1.59512e+06,1.59512e+06,400969
2780,0,80,1,0,645.284,16169,36307.7,1.59473e+06,1.59473e+06,400962
2781,0,80,1,0,645.252,16170.5,36316,1.59524e+06,1.59524e+06,400955
2782,0,80,1,0,645.16,16167.3,36318.1,1.5954e+06,1.5954e+06,400948
2783,0,80,1,0,645.125,16173.5,36320.9,1.59542e+06,1.59542e+06,400941
2784,0,80,1,0,645.168,16179.5,36334,1.59619e+06,1.59619e+06,400934
2785,0,80,1,0,645.071,16179.6,36335.3,1.59637e+06,1.59637e+06,400927
2786,0,80,1,0,644.954,16177.3,36335.4,1.59645e+06,1.59645e+06,400920
2787,0,80,1,0,644.747,16172.8,36324.6,1.59586e+06,1.59586e+06,400913
2788,0,80,1,0,644.725,16173.9,36329,1.59575e+06,1.59575e+06,400906
2789,0,80,1,0,644.777,16181.8,36341.3,1.59641e+06,1.59641e+06,400899
2790,0,80,1,0,644.687,16181.6,36342.7,1.5966e+06,1.5966e+06,400892
2791,0,80,1,0,644.478,16175.2,36330.9,1.59591e+06,1.59591e+06,400885
2792,0,80,1,0,644.387,16174.4,36331.5,1.59603e+06,1.59603e+06,400878
2793,0,80,1,0,644.314,16175.7,36333.5,1.59625e+06,1.59625e+06,400871
2794,0,80,1,0,644.185,16175,36327.5,1.59588e+06,1.59588e+06,400864
2795,0,80,1,0,644.222,16179.5,36339.7,1.59651e+06,1.59651e+06,400857
2796,0,80,1,0,644.137,16177.7,36341.2,1.59664e+06,1.59664e+06,400850
2797,0,80,1,0,644.016,16174.7,36335.6,1.59622e+06,1.59622e+06,400843
2798,0,80,1,0,643.993,16177.7,36342.2,1.59665e+06,1.59665e+06,400836
2799,0,80,1,0,644.002,16183.5,36350,1.59715e+06,1.59715e+06,400829
2800,0,80,1,0,643.882,16179.9,36343.7,1.59668e+06,1.59668e+06,400822
2801,0,80,1,0,643.887,16181.2,36352.9,1.59715e+06,1.59715e+06,400815
2802,0,80,1,0,643.869,16184.4,36359.6,1.59757e+06,1.59757e+06,400808
2803,0,80,1,0,643.741,16180.3,36352.5,1.59707e+06,1.59707e+06,400801
2804,0,80,1,0,643.743,16183.6,36360,1.5975e+06,1.5975e+06,400794
2805,0,80,1,0,643.701,16185,36359.7,1.59735e+06,1.59735e+06,400787
2806,0,80,1,0,643.625,16186.3,36361,1.59756e+06,1.59756e+06,400780
2807,0,80,1,0,643.543,16184.3,36361.4,1.59765e+06,1.59765e+06,400773
2808,0,80,1,0,643.432,16181.3,36355.6,1.59721e+06,1.59721e+06,400766
2809,0,80,1,0,643.383,16182.9,36358.1,1.59743e+06,1.59743e+06,400759
2810,0,80,1,0,643.34,16185.5,36358.8,1.59731e+06,1.59731e+06,400752
2811,0,80,1,0,643.291,16187,36361,1.59753e+06,1.59753e+06,400745
2812,0,80,1,0,643.29,16191.1,36368.3,1.59799e+06,1.59799e+06,400738
2813,0,80,1,0,643.267,16190.7,36369.6,1.59786e+06,1.59786e+06,400731
2814,0,80,1,0,643.193,16191.3,36370.2,1.59802e+06,1.59802e+06,400724
2815,0,80,1,0,643.274,16198.6,36382.3,1.59869e+06,1.59869e+06,400717
2816,0,80,1,0,643.176,16195.9,36376.9,1.59828e+06,1.59828e+06,400710
2817,0,80,1,0,643.057,16192.7,36373.4,1.59821e+06,1.59821e+06,400703
2818,0,80,1,0,643.049,16195.1,36379.1,1.59859e+06,1.59859e+06,400696
2819,0,80,1,0,642.942,16191.4,36372.4,1.59811e+06,1.59811e+06,400689
2820,0,80,1,0,642.969,16197,36380.2,1.5986e+06,1.5986e+06,400682
2821,0,80,1,0,642.998,16200.6,36388.2,1.59904e+06,1.59904e+06,400675
2822,0,80,1,0,642.758,16187.5,36371,1.59798e+06,1.59798e+06,400669
2823,0,80,1,0,642.763,16190.4,36377.4,1.59839e+06,1.59839e+06,400662
2824,0,80,1,0,642.792,16197.3,36385.4,1.5989e+06,1.5989e+06,400655
2825,0,80,1,0,642.777,16198.7,36384.7,1.59871e+06,1.59871e+06,400648
2826,0,80,1,0,642.748,16200.5,36387.5,1.59897e+06,1.59897e+06,400641
2827,0,80,1,0,642.623,16197.1,36383.5,1.59891e+06,1.59891e+06,400634
2828,0,80,1,0,642.48,16192.4,36372.5,1.59828e+06,1.59828e+06,400627
2829,0,80,1,0,642.589,16198.1,36387,1.59899e+06,1.59899e+06,400620
2830,0,80,1,0,642.629,16208.6,36393.1,1.59945e+06,1.59945e+06,400613
2831,0,80,1,0,642.63,16206.1,36400.5,1.59986e+06,1.59986e+06,400606
2832,0,80,1,0,642.518,16201.5,36390.9,1.5992e+06,1.5992e+06,400599
2833,0,80,1,0,642.575,16204.1,36402.8,1.59984e+06,1.59984e+06,400592
2834,0,80,1,0,643.577,16549.4,36926.5,1.61419e+06,1.61419e+06,400586
2835,0,80,1,0,642.787,16522.8,36811.1,1.60916e+06,1.60916e+06,400579
2836,0,80,1,0,642.7,16522.8,36802.8,1.6085e+06,1.6085e+06,400572
2837,0,80,1,0,642.743,16527.2,36815.6,1.60915e+06,1.60915e+06,400565
2838,0,80,1,0,642.562,16522.8,36800.9,1.60816e+06,1.60816e+06,400558
2839,0,80,1,0,642.519,16526.7,36800,1.60785e+06,1.60785e+06,400551
2840,0,80,1,0,642.481,16530.6,36798.8,1.6076e+06,1.6076e+06,400544
2841,0,80,1,0,642.361,16532.2,36791.7,1.60711e+06,1.60711e+06,400537
2842,0,80,1,0,642.332,16536.4,36791.3,1.60689e+06,1.60689e+06,400531
2843,0,80,1,0,642.254,16539.4,36787.4,1.60652e+06,1.60652e+06,400524
2844,0,80,1,0,642.094,16534.8,36775.7,1.60574e+06,1.60574e+06,400517
2845,0,80,1,0,642.076,16541.9,36777.2,1.60566e+06,1.60566e+06,400510
2846,0,80,1,0,642.804,16576.9,36888.9,1.61032e+06,1.61032e+06,400503
2847,0,80,1,0,642.877,16584.5,36898.3,1.6105e+06,1.6105e+06,400496
2848,0,80,1,0,642.903,16590,36901.1,1.61044e+06,1.61044e+06,400489
2849,0,80,1,0,641.848,16177.2,36306.9,1.61279e+06,1.61279e+06,400482
2850,0,80,1,0,641.989,16186.6,36321.9,1.61369e+06,1.61369e+06,400476
2851,0,80,1,0,642.054,16191,36331.1,1.61429e+06,1.61429e+06,400469
2852,0,80,1,0,642.205,16203.9,36347.9,1.61535e+06,1.61535e+06,400462
2853,0,80,1,0,642.232,16207.2,36354.4,1.6159e+06,1.6159e+06,400455
2854,0,80,1,0,642.142,16199.6,36350.2,1.61584e+06,1.61584e+06,400448
2855,0,80,1,0,642.237,16211,36362.3,1.61673e+06,1.61673e+06,400441
2856,0,80,1,0,642.268,16211.9,36363.6,1.61674e+06,1.61674e+06,400435
2857,0,80,1,0,642.403,16224.7,36380.4,1.61782e+06,1.61782e+06,400428
2858,0,80,1,0,643.177,16258,36498.4,1.62289e+06,1.62289e+06,400421
2859,0,80,1,0,642.467,16230.7,36393.7,1.61855e+06,1.61855e+06,400414
2860,0,80,1,0,642.434,16233.5,36396.4,1.61901e+06,1.61901e+06,400407
2861,0,80,1,0,642.643,16249,36417.4,1.62019e+06,1.62019e+06,400401
2862,0,80,1,0,642.72,16255.2,36430,1.62107e+06,1.62107e+06,400394
2863,0,80,1,0,642.68,16254.4,36430.5,1.62136e+06,1.62136e+06,400387
2864,0,80,1,0,642.705,16259.9,36436.6,1.62192e+06,1.62192e+06,400380
2865,0,80,1,0,642.814,16269.9,36450.4,1.6228e+06,1.6228e+06,400373
2866,0,80,1,0,643.331,16371.4,36578.3,1.62737e+06,1.62737e+06,400367
2867,0,80,1,0,643.344,16377.2,36585.5,1.62791e+06,1.62791e+06,400360
2868,0,80,1,0,643.855,16380.8,36666,1.63104e+06,1.63104e+06,400353
2869,0,80,1,0,643.954,16396.4,36680.9,1.63205e+06,1.63205e+06,400346
2870,0,80,1,0,644.015,16403.5,36691.6,1.63272e+06,1.63272e+06,400339
2871,0,80,1,0,643.767,16382.2,36658.5,1.63106e+06,1.63106e+06,400333
2872,0,80,1,0,643.808,16391.2,36668.6,1.63176e+06,1.63176e+06,400326
2873,0,80,1,0,643.167,16368.2,36574,1.62779e+06,1.62779e+06,400319
2874,0,80,1,0,643.935,16409,36692.1,1.63333e+06,1.63333e+06,400312
2875,0,80,1,0,643.63,16393.5,36662.9,1.63119e+06,1.63119e+06,400305
2876,0,80,1,0,642.991,16374.4,36568.2,1.62729e+06,1.62729e+06,400299
2877,0,80,1,0,643.833,16416,36690.5,1.63296e+06,1.63296e+06,400292
2878,0,80,1,0,642.823,16358.9,36549.3,1.62643e+06,1.62643e+06,400285
2879,0,80,1,0,643.025,16373.3,36573.4,1.6276e+06,1.6276e+06,400278
2880,0,80,1,0,643.053,16380.6,36582.3,1.62827e+06,1.62827e+06,400272
2881,0,80,1,0,642.815,16354.8,36551.6,1.62663e+06,1.62663e+06,400265
2882,0,80,1,0,642.91,16368,36565.6,1.62758e+06,1.62758e+06,400258
2883,0,80,1,0,642.657,16365.9,36557.7,1.62762e+06,1.62762e+06,400251
2884,0,80,1,0,642.69,16373.9,36567.6,1.62826e+06,1.62826e+06,400245
2885,0,80,1,0,642.467,16350.7,36536.9,1.62662e+06,1.62662e+06,400238
2886,0,80,1,0,642.563,16360.3,36551.8,1.62749e+06,1.62749e+06,400231
2887,0,80,1,0,642.678,16373.1,36567.7,1.62846e+06,1.62846e+06,400225
2888,0,80,1,0,642.36,16347.6,36529.6,1.62662e+06,1.62662e+06,400218
2889,0,80,1,0,642.458,16357.3,36544.7,1.6275e+06,1.6275e+06,400211
2890,0,80,1,0,642.564,16367.6,36560.5,1.62841e+06,1.62841e+06,400204
2891,0,80,1,0,642.34,16343.1,36531.1,1.62685e+06,1.62685e+06,400198
2892,0,80,1,0,642.419,16355,36545.7,1.62773e+06,1.62773e+06,400191
2893,0,80,1,0,642.462,16363.6,36556.6,1.62846e+06,1.62846e+06,400184
2894,0,80,1,0,642.588,16375,36575.2,1.62941e+06,1.62941e+06,400177
2895,0,80,1,0,642.411,16353.1,36548.4,1.62799e+06,1.62799e+06,400171
2896,0,80,1,0,642.427,16361.1,36557.5,1.62869e+06,1.62869e+06,400164
2897,0,80,1,0,642.483,16368.4,36570.7,1.6294e+06,1.6294e+06,400157
2898,0,80,1,0,642.198,16343.3,36507,1.62705e+06,1.62705e+06,400151
2899,0,80,1,0,642.282,16352.7,36521.4,1.6279e+06,1.6279e+06,400144
2900,0,80,1,0,642.364,16362.9,36536.2,1.6288e+06,1.6288e+06,400137
2901,0,80,1,0,642.13,16339.6,36504.6,1.62719e+06,1.62719e+06,400131
2902,0,80,1,0,642.3,16351.3,36526.4,1.62835e+06,1.62835e+06,400124
2903,0,80,1,0,642.331,16359,36536.3,1.62902e+06,1.62902e+06,400117
2904,0,80,1,0,642.044,16335.1,36501.6,1.62728e+06,1.62728e+06,400110
2905,0,80,1,0,642.234,16347.4,36523.8,1.62849e+06,1.62849e+06,400104
2906,0,80,1,0,642.243,16355.6,36534.4,1.62915e+06,1.62915e+06,400097
2907,0,80,1,0,642.375,16367.4,36552.8,1.63011e+06,1.63011e+06,400090
2908,0,80,1,0,642.069,16341.9,36515.8,1.62827e+06,1.62827e+06,400084
2909,0,80,1,0,642.168,16351.1,36530.3,1.62913e+06,1.62913e+06,400077
2910,0,80,1,0,642.224,16362.8,36543.9,1.63005e+06,1.63005e+06,400070
2911,0,80,1,0,641.951,16338.5,36508.1,1.6283e+06,1.6283e+06,400064
2912,0,80,1,0,642.015,16345.1,36521.5,1.62904e+06,1.62904e+06,400057
2913,0,80,1,0,642.198,16357.3,36545,1.63017e+06,1.63017e+06,400050
2914,0,80,1,0,641.896,16332.7,36508,1.62838e+06,1.62838e+06,400044
2915,0,80,1,0,641.999,16344.3,36525.1,1.62932e+06,1.62932e+06,400037
2916,0,80,1,0,642.133,16357.5,36543.6,1.6304e+06,1.6304e+06,400030
2917,0,80,1,0,641.911,16334.8,36512.8,1.62881e+06,1.62881e+06,400024
2918,0,80,1,0,641.946,16343.8,36523.7,1.62958e+06,1.62958e+06,400017
2919,0,80,1,0,642.028,16352.5,36538.1,1.63043e+06,1.63043e+06,400010
2920,0,80,1,0,641.882,16332.6,36514.5,1.62913e+06,1.62913e+06,400004
2921,0,80,1,0,641.921,16340.8,36525.7,1.62988e+06,1.62988e+06,399997
2922,0,80,1,0,641.949,16349.8,36536.3,1.63064e+06,1.63064e+06,399991
2923,0,80,1,0,642.029,16358,36551.1,1.63142e+06,1.63142e+06,399984
2924,0,80,1,0,641.887,16338.3,36528.1,1.63008e+06,1.63008e+06,399977
2925,0,80,1,0,641.917,16346.5,36538.1,1.63076e+06,1.63076e+06,399971
2926,0,80,1,0,642.104,16359.8,36561.6,1.63202e+06,1.63202e+06,399964
2927,0,80,1,0,641.797,16335.6,36524.7,1.63022e+06,1.63022e+06,399957
2928,0,80,1,0,641.876,16344.7,36539.5,1.63111e+06,1.63111e+06,399951
2929,0,80,1,0,641.911,16353.2,36550.3,1.63187e+06,1.63187e+06,399944
2930,0,80,1,0,641.707,16331.9,36521.9,1.6303e+06,1.6303e+06,399938
2931,0,80,1,0,641.743,16340.3,36532.7,1.63103e+06,1.63103e+06,399931
2932,0,80,1,0,641.808,16349.4,36546.9,1.63192e+06,1.63192e+06,399924
2933,0,80,1,0,641.525,16326.1,36512.4,1.63013e+06,1.63013e+06,399918
2934,0,80,1,0,641.618,16335.8,36527.8,1.63104e+06,1.63104e+06,399911
2935,0,80,1,0,641.799,16348.5,36551.6,1.63221e+06,1.63221e+06,399904
2936,0,80,1,0,641.48,16324.1,36513.7,1.63035e+06,1.63035e+06,399898
2937,0,80,1,0,641.637,16337.2,36533.7,1.6318e+06,1.6318e+06,399891
2938,0,80,1,0,641.675,16346.1,36544.3,1.63257e+06,1.63257e+06,399885
2939,0,80,1,0,641.505,16329.8,36518.9,1.63115e+06,1.63115e+06,399878
2940,0,80,1,0,641.463,16332.2,36523,1.63161e+06,1.63161e+06,399871
2941,0,80,1,0,641.57,16343,36539.6,1.6326e+06,1.6326e+06,399865
2942,0,80,1,0,641.324,16324.6,36507.6,1.63102e+06,1.63102e+06,399858
2943,0,80,1,0,641.374,16329.9,36519.2,1.63177e+06,1.63177e+06,399852
2944,0,80,1,0,641.426,16338.4,36531.1,1.63246e+06,1.63246e+06,399845
2945,0,80,1,0,641.211,16314.5,36498.8,1.6307e+06,1.6307e+06,399839
2946,0,80,1,0,641.33,16322.4,36515.2,1.63168e+06,1.63168e+06,399832
2947,0,80,1,0,641.347,16329.2,36523.8,1.6323e+06,1.6323e+06,399825
2948,0,80,1,0,641.213,16311,36503.2,1.63098e+06,1.63098e+06,399819
2949,0,80,1,0,641.247,16319.5,36513.2,1.63175e+06,1.63175e+06,399812
2950,0,80,1,0,641.322,16328.8,36527,1.63261e+06,1.63261e+06,399806
2951,0,80,1,0,641.071,16310.3,36495.7,1.63097e+06,1.63097e+06,399799
2952,0,80,1,0,641.2,16322.2,36514.3,1.63202e+06,1.63202e+06,399792
2953,0,80,1,0,641.188,16324.6,36519.3,1.6325e+06,1.6325e+06,399786
2954,0,80,1,0,640.995,16308.4,36494.2,1.6311e+06,1.6311e+06,399779
2955,0,80,1,0,641.102,16319.4,36510.1,1.63211e+06,1.63211e+06,399773
2956,0,80,1,0,641.292,16332.3,36533.1,1.6333e+06,1.6333e+06,399766
2957,0,80,1,0,641.002,16308.8,36499.1,1.63146e+06,1.63146e+06,399760
2958,0,80,1,0,641.022,16317,36508,1.63222e+06,1.63222e+06,399753
2959,0,80,1,0,641.115,16326.5,36521.8,1.63308e+06,1.63308e+06,399746
2960,0,80,1,0,640.991,16308.8,36501.8,1.63178e+06,1.63178e+06,399740
2961,0,80,1,0,641.065,16319.9,36515.6,1.63266e+06,1.63266e+06,399733
2962,0,80,1,0,640.865,16300.3,36488.7,1.63109e+06,1.63109e+06,399727
2963,0,80,1,0,640.923,16310.4,36500.4,1.63192e+06,1.63192e+06,399720
2964,0,80,1,0,640.758,16296,36479.3,1.63072e+06,1.63072e+06,399714
2965,0,80,1,0,640.842,16307.4,36493.4,1.63161e+06,1.63161e+06,399707
2966,0,80,1,0,640.989,16320.9,36513.1,1.63272e+06,1.63272e+06,399701
2967,0,80,1,0,641.112,16332.6,36529,1.63367e+06,1.63367e+06,399694
2968,0,80,1,0,640.914,16314.8,36504,1.63212e+06,1.63212e+06,399688
2969,0,80,1,0,640.972,16326,36515.3,1.63298e+06,1.63298e+06,399681
2970,0,80,1,0,640.785,16308.1,36489.8,1.6315e+06,1.6315e+06,399674
2971,0,80,1,0,640.936,16322,36511.1,1.6326e+06,1.6326e+06,399668
2972,0,80,1,0,640.981,16332.3,36521.5,1.6334e+06,1.6334e+06,399661
2973,0,80,1,0,640.74,16313.2,36491.8,1.63176e+06,1.63176e+06,399655
2974,0,80,1,0,640.808,16325,36496.4,1.63306e+06,1.63306e+06,399648
2975,0,80,1,0,641.039,16341.4,36522.9,1.63443e+06,1.63443e+06,399642
2976,0,80,1,0,640.776,16321.9,36492.7,1.63276e+06,1.63276e+06,399635
2977,0,80,1,0,640.961,16336.7,36514.9,1.63406e+06,1.63406e+06,399629
2978,0,80,1,0,641.105,16350.8,36534,1.63514e+06,1.63514e+06,399622
2979,0,80,1,0,640.961,16339.5,36508.2,1.63346e+06,1.63346e+06,399616
2980,0,80,1,0,640.946,16346.4,36521,1.63443e+06,1.63443e+06,399609
2981,0,80,1,0,640.767,16327.5,36497.5,1.63303e+06,1.63303e+06,399603
2982,0,80,1,0,640.798,16336.6,36508.9,1.63381e+06,1.63381e+06,399596
2983,0,80,1,0,640.896,16346.9,36524.9,1.63476e+06,1.63476e+06,399590
2984,0,80,1,0,640.692,16326.8,36497.1,1.63335e+06,1.63335e+06,399583
2985,0,80,1,0,640.828,16339.4,36516.1,1.6345e+06,1.6345e+06,399577
2986,0,80,1,0,640.903,16349.1,36529.2,1.63542e+06,1.63542e+06,399570
2987,0,80,1,0,640.694,16328.9,36502.1,1.63391e+06,1.63391e+06,399564
2988,0,80,1,0,640.765,16339.4,36515.7,1.6348e+06,1.6348e+06,399557
2989,0,80,1,0,640.554,16319.5,36489.1,1.63331e+06,1.63331e+06,399551
2990,0,80,1,0,640.748,16346.9,36516.3,1.63516e+06,1.63516e+06,399544
2991,0,80,1,0,640.839,16357.6,36531.1,1.63614e+06,1.63614e+06,399538
2992,0,80,1,0,640.61,16338.7,36504.6,1.63463e+06,1.63463e+06,399531
2993,0,80,1,0,640.726,16350.8,36522.1,1.63573e+06,1.63573e+06,399525
2994,0,80,1,0,640.607,16335.1,36504.3,1.63463e+06,1.63463e+06,399518
2995,0,80,1,0,640.663,16346.4,36517.6,1.63558e+06,1.63558e+06,399512
2996,0,80,1,0,640.741,16409.8,36607.8,1.63858e+06,1.63858e+06,399505
2997,0,80,1,0,640.529,16431.9,36622.9,1.63857e+06,1.63857e+06,399499
2998,0,80,1,0,640.383,16427.2,36611.3,1.63755e+06,1.63755e+06,399493
2999,0,80,1,0,640.42,16432.4,36620.7,1.63826e+06,1.63826e+06,399486
3000,0,80,1,0,640.586,16444.3,36640.3,1.6395e+06,1.6395e+06,399480
3001,0,80,1,0,640.482,16431.7,36626.7,1.63848e+06,1.63848e+06,399473
3002,0,80,1,0,640.567,16426.1,36623.9,1.63797e+06,1.63797e+06,399467
3003,0,80,1,0,640.381,16413.3,36603.3,1.63684e+06,1.63684e+06,399460
3004,0,80,1,0,640.512,16424,36621.8,1.63788e+06,1.63788e+06,399454
3005,0,80,1,0,640.423,16413.9,36610.2,1.63711e+06,1.63711e+06,399447
3006,0,80,1,0,640.459,16421.2,36619.5,1.63784e+06,1.63784e+06,399441
3007,0,80,1,0,640.585,16432.2,36636.2,1.63887e+06,1.63887e+06,399434
3008,0,80,1,0,640.37,16415.9,36613,1.63741e+06,1.63741e+06,399428
3009,0,80,1,0,640.401,16423.9,36622.5,1.63819e+06,1.63819e+06,399422
3010,0,80,1,0,640.297,16413.7,36610.5,1.63733e+06,1.63733e+06,399415
3011,0,80,1,0,640.486,16426.2,36632.8,1.6386e+06,1.6386e+06,399409
3012,0,80,1,0,640.295,16413.2,36612.5,1.63749e+06,1.63749e+06,399402
3013,0,80,1,0,640.323,16416.6,36621,1.63804e+06,1.63804e+06,399396
3014,0,80,1,0,640.404,16425.2,36634.3,1.63896e+06,1.63896e+06,399389
3015,0,80,1,0,640.231,16409.4,36612.5,1.63763e+06,1.63763e+06,399383
3016,0,80,1,0,640.302,16418.6,36626.2,1.6385e+06,1.6385e+06,399377
3017,0,80,1,0,640.132,16402.4,36607.5,1.63741e+06,1.63741e+06,399370
3018,0,80,1,0,640.304,16413.9,36628.9,1.63865e+06,1.63865e+06,399364
3019,0,80,1,0,640.134,16401.6,36611.7,1.63761e+06,1.63761e+06,399357
3020,0,80,1,0,640.159,16409,36621,1.63838e+06,1.63838e+06,399351
3021,0,80,1,0,640.264,16418.6,36636.4,1.63936e+06,1.63936e+06,399345
3022,0,80,1,0,640.207,16407.4,36626,1.6384e+06,1.6384e+06,399338
3023,0,80,1,0,640.216,16411.7,36632.6,1.639e+06,1.639e+06,399332
3024,0,80,1,0,640.081,16402.2,36617.8,1.63818e+06,1.63818e+06,399326
3025,0,80,1,0,640.132,16408.8,36629.4,1.63893e+06,1.63893e+06,399319
3026,0,80,1,0,640.25,16417.4,36645,1.63993e+06,1.63993e+06,399313
3027,0,80,1,0,640.084,16400.5,36624.2,1.63854e+06,1.63854e+06,399306
3028,0,80,1,0,640.193,16412.5,36640.1,1.63963e+06,1.63963e+06,399300
3029,0,80,1,0,639.971,16396.7,36616.8,1.6384e+06,1.6384e+06,399294
3030,0,80,1,0,640.148,16409.6,36637.8,1.63965e+06,1.63965e+06,399287
3031,0,80,1,0,639.966,16396,36620.1,1.63854e+06,1.63854e+06,399281
3032,0,80,1,0,640.1,16408.3,36636.9,1.6396e+06,1.6396e+06,399275
3033,0,80,1,0,640.178,16415.6,36650.9,1.64044e+06,1.64044e+06,399268
3034,0,80,1,0,639.947,16399.1,36622.9,1.63889e+06,1.63889e+06,399262
3035,0,80,1,0,640.046,16408.3,36636.6,1.6398e+06,1.6398e+06,399256
3036,0,80,1,0,639.862,16394.3,36617.4,1.6387e+06,1.6387e+06,399249
3037,0,80,1,0,639.984,16406.1,36632.7,1.63973e+06,1.63973e+06,399243
3038,0,80,1,0,640.076,16414.4,36647.5,1.64063e+06,1.64063e+06,399237
3039,0,80,1,0,639.861,16399,36620.4,1.63915e+06,1.63915e+06,399230
3040,0,80,1,0,640.007,16407,36637.8,1.64019e+06,1.64019e+06,399224
3041,0,80,1,0,639.839,16396.4,36619.1,1.63919e+06,1.63919e+06,399218
3042,0,80,1,0,640.007,16405.8,36639.6,1.64026e+06,1.64026e+06,399211
3043,0,80,1,0,639.827,16394.1,36621.4,1.63922e+06,1.63922e+06,399205
3044,0,80,1,0,639.949,16405.5,36636.6,1.64019e+06,1.64019e+06,399199
3045,0,80,1,0,639.98,16411,36643.9,1.64079e+06,1.64079e+06,399192
3046,0,80,1,0,639.849,16397.2,36623.8,1.63943e+06,1.63943e+06,399186
3047,0,80,1,0,639.868,16401.8,36630.1,1.63998e+06,1.63998e+06,399180
3048,0,80,1,0,639.773,16394.5,36618.9,1.63925e+06,1.63925e+06,399173
3049,0,80,1,0,639.888,16402,36633.1,1.64011e+06,1.64011e+06,399167
3050,0,80,1,0,640.009,16413,36647.9,1.64105e+06,1.64105e+06,399161
3051,0,80,1,0,639.835,16395,36625,1.63952e+06,1.63952e+06,399155
3052,0,80,1,0,639.872,16401.8,36632.7,1.64016e+06,1.64016e+06,399148
3053,0,80,1,0,639.742,16386,36617,1.63904e+06,1.63904e+06,399142
3054,0,80,1,0,639.799,16393.4,36624,1.63972e+06,1.63972e+06,399136
3055,0,80,1,0,639.722,16385.9,36619.1,1.63898e+06,1.63898e+06,399129
3056,0,80,1,0,639.842,16396.3,36630.8,1.63989e+06,1.63989e+06,399123
3057,0,80,1,0,639.949,16402.7,36642.4,1.64069e+06,1.64069e+06,399117
3058,0,80,1,0,639.886,16396.2,36636.5,1.63996e+06,1.63996e+06,399111
3059,0,80,1,0,639.958,16403.1,36644.7,1.64071e+06,1.64071e+06,399104
3060,0,80,1,0,640.096,16409.8,36657,1.64139e+06,1.64139e+06,399098
3061,0,80,1,0,639.926,16397.8,36640,1.64026e+06,1.64026e+06,399092
3062,0,80,1,0,640.022,16405.1,36649.1,1.64103e+06,1.64103e+06,399086
3063,0,80,1,0,640.088,16413.5,36659.7,1.64179e+06,1.64179e+06,399079
3064,0,80,1,0,639.938,16399.5,36644.3,1.64067e+06,1.64067e+06,399073
3065,0,80,1,0,640.119,16413.1,36661.7,1.64177e+06,1.64177e+06,399067
3066,0,80,1,0,640.135,16416.4,36666.2,1.64224e+06,1.64224e+06,399061
3067,0,80,1,0,640.364,16431.2,36690.5,1.6435e+06,1.6435e+06,399054
3068,0,80,1,0,640.151,16415,36668.1,1.64216e+06,1.64216e+06,399048
3069,0,80,1,0,640.296,16426.1,36681.4,1.64303e+06,1.64303e+06,399042
3070,0,80,1,0,640.47,16435,36699.5,1.64403e+06,1.64403e+06,399036
3071,0,80,1,0,640.334,16425.1,36683.3,1.64297e+06,1.64297e+06,399030
3072,0,80,1,0,640.402,16430.6,36690.8,1.6436e+06,1.6436e+06,399023
3073,0,80,1,0,640.57,16441.9,36709,1.64456e+06,1.64456e+06,399017
3074,0,80,1,0,640.331,16425.2,36683.8,1.64312e+06,1.64312e+06,399011
3075,0,80,1,0,640.448,16433.4,36693.9,1.64391e+06,1.64391e+06,399005
3076,0,80,1,0,640.636,16445,36713,1.6449e+06,1.6449e+06,398998
3077,0,80,1,0,640.756,16453.9,36725.7,1.64569e+06,1.64569e+06,398992
3078,0,80,1,0,640.61,16439.7,36707.5,1.64452e+06,1.64452e+06,398986
3079,0,80,1,0,640.68,16447.3,36715,1.64516e+06,1.64516e+06,398980
3080,0,80,1,0,640.829,16457.7,36729.5,1.64603e+06,1.64603e+06,398974
3081,0,80,1,0,640.94,16467.7,36742.5,1.64681e+06,1.64681e+06,398968
3082,0,80,1,0,640.816,16457.2,36724.5,1.64579e+06,1.64579e+06,398961
3083,0,80,1,0,640.994,16469.1,36743.4,1.64684e+06,1.64684e+06,398955
3084,0,80,1,0,641.156,16480.1,36758.3,1.64773e+06,1.64773e+06,398949
3085,0,80,1,0,640.995,16464.4,36736.4,1.64642e+06,1.64642e+06,398943
3086,0,80,1,0,641.171,16475.5,36752.8,1.64736e+06,1.64736e+06,398937
3087,0,80,1,0,641.252,16483.4,36760.9,1.648e+06,1.648e+06,398931
3088,0,80,1,0,641.447,16495.6,36779.3,1.64898e+06,1.64898e+06,398924
3089,0,80,1,0,641.225,16476.5,36751.9,1.64744e+06,1.64744e+06,398918
3090,0,80,1,0,641.295,16484.1,36758.8,1.64806e+06,1.64806e+06,398912
3091,0,80,1,0,641.517,16432.5,36691.3,1.64718e+06,1.64718e+06,398906
3092,0,80,1,0,641.413,16419.1,36673.4,1.64603e+06,1.64603e+06,398900
3093,0,80,1,0,641.591,16430.3,36688.3,1.64695e+06,1.64695e+06,398894
3094,0,80,1,0,641.503,16415.4,36677,1.64591e+06,1.64591e+06,398887
3095,0,80,1,0,641.591,16423.2,36682.3,1.64653e+06,1.64653e+06,398881
3096,0,80,1,0,641.866,16437.8,36704.5,1.64777e+06,1.64777e+06,398875
3097,0,80,1,0,641.94,16445.3,36710.1,1.64832e+06,1.64832e+06,398869
3098,0,80,1,0,641.771,16428,36691.4,1.64693e+06,1.64693e+06,398863
3099,0,80,1,0,641.952,16437.6,36706.1,1.64792e+06,1.64792e+06,398857
3100,0,80,1,0,642.101,16448.6,36717.3,1.64871e+06,1.64871e+06,398851
3101,0,80,1,0,641.997,16428.4,36683.7,1.64685e+06,1.64685e+06,398844
3102,0,80,1,0,641.888,16413.7,36666.6,1.64558e+06,1.64558e+06,398838
3103,0,80,1,0,642.003,16421.9,36675.5,1.64626e+06,1.64626e+06,398832
3104,0,80,1,0,642.154,16431.7,36684.9,1.64703e+06,1.64703e+06,398826
3105,0,80,1,0,642.39,16443.8,36703.9,1.64808e+06,1.64808e+06,398820
3106,0,80,1,0,642.21,16424.6,36682.5,1.64656e+06,1.64656e+06,398814
3107,0,80,1,0,642.32,16432.7,36689.2,1.64716e+06,1.64716e+06,398808
3108,0,80,1,0,642.523,16444.2,36703.5,1.64806e+06,1.64806e+06,398802
3109,0,80,1,0,642.643,16453.2,36709.8,1.64863e+06,1.64863e+06,398796
3110,0,80,1,0,642.815,16463.8,36724.6,1.64948e+06,1.64948e+06,398789
3111,0,80,1,0,642.681,16444.5,36702.1,1.64801e+06,1.64801e+06,398783
3112,0,80,1,0,642.912,16420.8,36720.7,1.64874e+06,1.64874e+06,398777
3113,0,80,1,0,643.006,16423.4,36724.9,1.64924e+06,1.64924e+06,398771
3114,0,80,1,0,643.154,16431.8,36735.6,1.64995e+06,1.64995e+06,398765
3115,0,80,1,0,642.972,16412.8,36710.8,1.6483e+06,1.6483e+06,398759
3116,0,80,1,0,643.127,16421.1,36719,1.64899e+06,1.64899e+06,398753
3117,0,80,1,0,643.36,16431.7,36734.6,1.64999e+06,1.64999e+06,398747
3118,0,80,1,0,643.462,16437.9,36742.1,1.65052e+06,1.65052e+06,398741
3119,0,80,1,0,643.601,16447,36752.9,1.6512e+06,1.6512e+06,398735
3120,0,80,1,0,643.446,16427.2,36726.5,1.64951e+06,1.64951e+06,398728
3121,0,80,1,0,643.67,16437.3,36740.5,1.65046e+06,1.65046e+06,398722
3122,0,80,1,0,643.802,16445.8,36748.5,1.65111e+06,1.65111e+06,398716
3123,0,80,1,0,643.897,16452.3,36754.4,1.65159e+06,1.65159e+06,398710
3124,0,80,1,0,644.095,16462.6,36770.4,1.65241e+06,1.65241e+06,398704
3125,0,80,1,0,644.034,16445.1,36748.7,1.65097e+06,1.65097e+06,398698
3126,0,80,1,0,644.135,16451.1,36753,1.65147e+06,1.65147e+06,398692
3127,0,80,1,0,644.361,16463.6,36769,1.65239e+06,1.65239e+06,398686
3128,0,80,1,0,644.453,16469.1,36777.2,1.65287e+06,1.65287e+06,398680
3129,0,80,1,0,644.59,16474.6,36785.4,1.6534e+06,1.6534e+06,398674
3130,0,80,1,0,644.736,16483.7,36796.1,1.65403e+06,1.65403e+06,398668
3131,0,80,1,0,644.53,16461,36759.8,1.65205e+06,1.65205e+06,398662
3132,0,80,1,0,644.778,16472.7,36778,1.65308e+06,1.65308e+06,398656
3133,0,80,1,0,644.93,16480.2,36785.5,1.65368e+06,1.65368e+06,398650
3134,0,80,1,0,645.135,16490.5,36800.6,1.65447e+06,1.65447e+06,398643
3135,0,80,1,0,645.346,16501.2,36817.8,1.65528e+06,1.65528e+06,398637
3136,0,80,1,0,645.539,16511.9,36831.3,1.656e+06,1.656e+06,398631
3137,0,80,1,0,645.584,16514.8,36830.8,1.6562e+06,1.6562e+06,398625
3138,0,80,1,0,645.778,16524.2,36844.3,1.6569e+06,1.6569e+06,398619
3139,0,80,1,0,646.001,16533.8,36858.3,1.65768e+06,1.65768e+06,398613
3140,0,80,1,0,645.811,16510.8,36819.8,1.65572e+06,1.65572e+06,398607
3141,0,80,1,0,646.007,16528.3,36833.1,1.65673e+06,1.65673e+06,398601
3142,0,80,1,0,645.919,16509.7,36809.1,1.65513e+06,1.65513e+06,398595
3143,0,80,1,0,646.15,16527.7,36821.7,1.65627e+06,1.65627e+06,398589
3144,0,80,1,0,646.397,16547.4,36840.7,1.65748e+06,1.65748e+06,398583
3145,0,80,1,0,646.206,16523.7,36806.5,1.6555e+06,1.6555e+06,398577
3146,0,80,1,0,646.506,16544.3,36826.3,1.65687e+06,1.65687e+06,398571
3147,0,80,1,0,646.809,16565,36848.9,1.65823e+06,1.65823e+06,398565
3148,0,80,1,0,646.687,16542.6,36823.5,1.65648e+06,1.65648e+06,398559
3149,0,80,1,0,647.038,16564.8,36848,1.65808e+06,1.65808e+06,398553
3150,0,80,1,0,647.253,16581.7,36861.5,1.65912e+06,1.65912e+06,398547
3151,0,80,1,0,647.456,16591.1,36874.4,1.65984e+06,1.65984e+06,398541
3152,0,80,1,0,647.821,16614.6,36900.8,1.66142e+06,1.66142e+06,398535
3153,0,80,1,0,648.086,16635.3,36921,1.6627e+06,1.6627e+06,398529
3154,0,80,1,0,648.273,16652.7,36933.4,1.66371e+06,1.66371e+06,398523
3155,0,80,1,0,648.598,16675.1,36958.9,1.66516e+06,1.66516e+06,398517
3156,0,80,1,0,649.006,16699.5,36990.1,1.66686e+06,1.66686e+06,398511
3157,0,80,1,0,649.219,16717,37002.2,1.66782e+06,1.66782e+06,398505
3158,0,80,1,0,649.494,16737,37021.5,1.66904e+06,1.66904e+06,398499
3159,0,80,1,0,649.772,16755.5,37039.4,1.67019e+06,1.67019e+06,398493
3160,0,80,1,0,650.11,16776.6,37063.4,1.67156e+06,1.67156e+06,398487
3161,0,80,1,0,650.332,16793.4,37078.1,1.67259e+06,1.67259e+06,398481
3162,0,80,1,0,650.667,16813.7,37101.4,1.67393e+06,1.67393e+06,398475
3163,0,80,1,0,650.274,16763.3,37029.7,1.6701e+06,1.6701e+06,398469
3164,0,80,1,0,650.561,16782.6,37049.3,1.67133e+06,1.67133e+06,398463
3165,0,80,1,0,650.97,16804.8,37079,1.67294e+06,1.67294e+06,398457
3166,0,80,1,0,651.185,16820.1,37090.4,1.67384e+06,1.67384e+06,398451
3167,0,80,1,0,651.355,16829.5,37099.9,1.6746e+06,1.6746e+06,398445
3168,0,80,1,0,650.975,16778.2,37028.9,1.67076e+06,1.67076e+06,398439
3169,0,80,1,0,651.59,16815.6,37148.3,1.67484e+06,1.67484e+06,398433
3170,0,80,1,0,651.845,16832.3,37165.1,1.67592e+06,1.67592e+06,398427
3171,0,80,1,0,652.231,16853.8,37192.1,1.6774e+06,1.6774e+06,398421
3172,0,80,1,0,652.549,16870.5,37213.7,1.67867e+06,1.67867e+06,398416
3173,0,80,1,0,652.133,16818.2,37138.8,1.6747e+06,1.6747e+06,398410
3174,0,80,1,0,652.477,16838.2,37164.1,1.67612e+06,1.67612e+06,398404
3175,0,80,1,0,652.763,16851.8,37180.6,1.6766e+06,1.6766e+06,398398
3176,0,80,1,0,653.111,16870.5,37204.1,1.67792e+06,1.67792e+06,398392
3177,0,80,1,0,653.435,16887.3,37222,1.6791e+06,1.6791e+06,398386
3178,0,80,1,0,653.039,16834.3,37151.1,1.67522e+06,1.67522e+06,398380
3179,0,80,1,0,653.378,16852.8,37174.8,1.67653e+06,1.67653e+06,398374
3180,0,80,1,0,653.604,16867.1,37187,1.67745e+06,1.67745e+06,398368
3181,0,80,1,0,653.889,16883.8,37205.7,1.67859e+06,1.67859e+06,398362
3182,0,80,1,0,654.163,16898.7,37218.2,1.67954e+06,1.67954e+06,398356
3183,0,80,1,0,653.843,16846.7,37153.6,1.67584e+06,1.67584e+06,398350
3184,0,80,1,0,654.156,16861.9,37173.5,1.67688e+06,1.67688e+06,398344
3185,0,80,1,0,654.495,16879.5,37195.6,1.67821e+06,1.67821e+06,398338
3186,0,80,1,0,654.746,16893.9,37209.5,1.67916e+06,1.67916e+06,398333
3187,0,80,1,0,655.156,16913.6,37238.6,1.68068e+06,1.68068e+06,398327
3188,0,80,1,0,654.773,16859.1,37168.2,1.67675e+06,1.67675e+06,398321
3189,0,80,1,0,655.117,16877.2,37191.6,1.67805e+06,1.67805e+06,398315
3190,0,80,1,0,655.389,16893.9,37206.8,1.67913e+06,1.67913e+06,398309
3191,0,80,1,0,655.624,16906.4,37216.7,1.67995e+06,1.67995e+06,398303
3192,0,80,1,0,656.039,16925.9,37246.3,1.68148e+06,1.68148e+06,398297
3193,0,80,1,0,655.667,16870.9,37175.4,1.67751e+06,1.67751e+06,398291
3194,0,80,1,0,655.845,16873.9,37179.2,1.67801e+06,1.67801e+06,398285
3195,0,80,1,0,656.204,16892.2,37204.2,1.67936e+06,1.67936e+06,398280
3196,0,80,1,0,656.621,16911.9,37233.7,1.68089e+06,1.68089e+06,398274
3197,0,80,1,0,656.896,16927.4,37251.8,1.68199e+06,1.68199e+06,398268
3198,0,80,1,0,656.483,16867.2,37173.4,1.67768e+06,1.67768e+06,398262
3199,0,80,1,0,656.774,16883.3,37192.4,1.67882e+06,1.67882e+06,398256
3200,0,80,1,0,657.126,16900.9,37216,1.68011e+06,1.68011e+06,398250
3201,0,80,1,0,657.358,16913.9,37227.1,1.68097e+06,1.68097e+06,398244
3202,0,80,1,0,657.626,16928.6,37241,1.68193e+06,1.68193e+06,398238
3203,0,80,1,0,657.31,16873.5,37176.5,1.67817e+06,1.67817e+06,398233
3204,0,80,1,0,657.613,16889.9,37196.5,1.67934e+06,1.67934e+06,398227
3205,0,80,1,0,657.938,16906,37216.7,1.68053e+06,1.68053e+06,398221
3206,0,80,1,0,658.367,16925.4,37247,1.68208e+06,1.68208e+06,398215
3207,0,80,1,0,658.637,16939.7,37260.6,1.68303e+06,1.68303e+06,398209
3208,0,80,1,0,659.018,16956.2,37284.4,1.68434e+06,1.68434e+06,398203
3209,0,80,1,0,658.679,16900.5,37214.6,1.68036e+06,1.68036e+06,398197
3210,0,80,1,0,658.954,16914.6,37231.7,1.68138e+06,1.68138e+06,398192
3211,0,80,1,0,659.278,16930.2,37251.3,1.68253e+06,1.68253e+06,398186
3212,0,80,1,0,659.533,16954.3,37278.2,1.68401e+06,1.68401e+06,398180
3213,0,80,1,0,660.66,17136,37836.2,1.69154e+06,1.69154e+06,398174
3214,0,80,1,0,660.057,17069.9,37758,1.68704e+06,1.68704e+06,398168
3215,0,80,1,0,660.173,17084.1,37771.9,1.68801e+06,1.68801e+06,398162
3216,0,80,1,0,660.352,17100,37792.3,1.68917e+06,1.68917e+06,398156
3217,0,80,1,0,660.613,17117.6,37817.4,1.69057e+06,1.69057e+06,398151
3218,0,80,1,0,660.854,17135.3,37842.8,1.69191e+06,1.69191e+06,398145
3219,0,80,1,0,661.318,17169,37885.2,1.69417e+06,1.69417e+06,398139
3220,0,80,1,0,660.848,17111.4,37817.3,1.69012e+06,1.69012e+06,398133
3221,0,80,1,0,661.136,17136.6,37844.9,1.69172e+06,1.69172e+06,398127
3222,0,80,1,0,661.316,17152.2,37864.8,1.69285e+06,1.69285e+06,398122
3223,0,80,1,0,661.524,17168.1,37884.9,1.69404e+06,1.69404e+06,398116
3224,0,80,1,0,661.624,17180.1,37895.6,1.69484e+06,1.69484e+06,398110
3225,0,80,1,0,661.865,17197.6,37918.7,1.69616e+06,1.69616e+06,398104
3226,0,80,1,0,661.431,17139.8,37853.8,1.69218e+06,1.69218e+06,398098
3227,0,80,1,0,661.49,17145.8,37863.7,1.69287e+06,1.69287e+06,398092
3228,0,80,1,0,661.683,17161.7,37883.6,1.69409e+06,1.69409e+06,398087
3229,0,80,1,0,661.847,17197,37913.5,1.69522e+06,1.69522e+06,398081
3230,0,80,1,0,662.078,17213.1,37936.8,1.69646e+06,1.69646e+06,398075
3231,0,80,1,0,662.455,17239.1,37973,1.69828e+06,1.69828e+06,398069
3232,0,80,1,0,661.841,17175.4,37887,1.69356e+06,1.69356e+06,398063
3233,0,80,1,0,662.003,17190.2,37905.6,1.69464e+06,1.69464e+06,398058
3234,0,80,1,0,662.167,17204.8,37922.7,1.69571e+06,1.69571e+06,398052
3235,0,80,1,0,662.366,17220.4,37945.1,1.69695e+06,1.69695e+06,398046
3236,0,80,1,0,662.535,17234.4,37963.1,1.69798e+06,1.69798e+06,398040
3237,0,80,1,0,662.682,17246.9,37976.9,1.69887e+06,1.69887e+06,398034
3238,0,80,1,0,662.272,17189.2,37910.9,1.69489e+06,1.69489e+06,398029
3239,0,80,1,0,662.438,17222.5,37945.1,1.69627e+06,1.69627e+06,398023
3240,0,80,1,0,662.563,17233,37961.9,1.69741e+06,1.69741e+06,398017
3241,0,80,1,0,662.793,17249.1,37986.2,1.69868e+06,1.69868e+06,398011
3242,0,80,1,0,663.074,17266.3,38014.3,1.70012e+06,1.70012e+06,398006
3243,0,80,1,0,663.322,17288,38039.4,1.70147e+06,1.70147e+06,398000
3244,0,80,1,0,662.781,17226,37961.4,1.697e+06,1.697e+06,397994
3245,0,80,1,0,663.005,17242.3,37985.5,1.69828e+06,1.69828e+06,397988
3246,0,80,1,0,663.228,17258.4,38009,1.69955e+06,1.69955e+06,397982
3247,0,80,1,0,663.351,17270.8,38021.9,1.70038e+06,1.70038e+06,397977
3248,0,80,1,0,663.27,17270.1,38020.1,1.70049e+06,1.70049e+06,397971
3249,0,80,1,0,663.519,17285.8,38042.4,1.70177e+06,1.70177e+06,397965
3250,0,80,1,0,662.984,17223.3,37966,1.69727e+06,1.69727e+06,397959
3251,0,80,1,0,663.142,17237.6,37982.7,1.69834e+06,1.69834e+06,397954
3252,0,80,1,0,663.592,17266.3,38019.6,1.70034e+06,1.70034e+06,397948
3253,0,80,1,0,663.294,17253.1,37998.9,1.69963e+06,1.69963e+06,397942
3254,0,80,1,0,663.526,17268.8,38023.2,1.70091e+06,1.70091e+06,397936
3255,0,80,1,0,663.814,17285.4,38051.6,1.70233e+06,1.70233e+06,397931
3256,0,80,1,0,663.655,17246.4,38002.2,1.69921e+06,1.69921e+06,397925
3257,0,80,1,0,663.808,17259.8,38016.1,1.70016e+06,1.70016e+06,397919
3258,0,80,1,0,663.717,17259.3,38013.2,1.70026e+06,1.70026e+06,397913
3259,0,80,1,0,663.854,17271.9,38026.8,1.70109e+06,1.70109e+06,397908
3260,0,80,1,0,664.314,17301.3,38064,1.70323e+06,1.70323e+06,397902
3261,0,80,1,0,664.611,17318.2,38093.3,1.70469e+06,1.70469e+06,397896
3262,0,80,1,0,664.079,17255.1,38016.1,1.70015e+06,1.70015e+06,397890
3263,0,80,1,0,664.157,17260.9,38027.2,1.70088e+06,1.70088e+06,397885
3264,0,80,1,0,664.08,17260.5,38025.7,1.70103e+06,1.70103e+06,397879
3265,0,80,1,0,664.291,17275.1,38044,1.70214e+06,1.70214e+06,397873
3266,0,80,1,0,664.844,17312.3,38092.1,1.70461e+06,1.70461e+06,397867
3267,0,80,1,0,664.344,17231.9,38000.7,1.69992e+06,1.69992e+06,397862
3268,0,80,1,0,664.391,17262,38038.1,1.70155e+06,1.70155e+06,397856
3269,0,80,1,0,664.56,17276.2,38056.4,1.70263e+06,1.70263e+06,397850
3270,0,80,1,0,665.037,17306.3,38098.1,1.7048e+06,1.7048e+06,397844
3271,0,80,1,0,665.246,17320.9,38118.2,1.70601e+06,1.70601e+06,397839
3272,0,80,1,0,665.3,17324.5,38122.5,1.70652e+06,1.70652e+06,397833
3273,0,80,1,0,664.958,17273.3,38060.1,1.7026e+06,1.7026e+06,397827
3274,0,80,1,0,665.231,17290.7,38086.4,1.7041e+06,1.7041e+06,397822
3275,0,80,1,0,665.388,17304.1,38102.6,1.70517e+06,1.70517e+06,397816
3276,0,80,1,0,665.568,17318.4,38120.7,1.70623e+06,1.70623e+06,397810
3277,0,80,1,0,665.792,17333.4,38142.9,1.70745e+06,1.70745e+06,397804
3278,0,80,1,0,665.885,17340.5,38155.4,1.70833e+06,1.70833e+06,397799
3279,0,80,1,0,665.422,17279.3,38082.4,1.70395e+06,1.70395e+06,397793
3280,0,80,1,0,665.749,17298.5,38113.7,1.70555e+06,1.70555e+06,397787
3281,0,80,1,0,665.971,17319.2,38135,1.70689e+06,1.70689e+06,397782
3282,0,80,1,0,666.123,17330.9,38146.6,1.70774e+06,1.70774e+06,397776
3283,0,80,1,0,666.368,17346.7,38170.2,1.70901e+06,1.70901e+06,397770
3284,0,80,1,0,666.532,17359.2,38187.1,1.71001e+06,1.71001e+06,397765
3285,0,80,1,0,666.058,17297.3,38111,1.70556e+06,1.70556e+06,397759
3286,0,80,1,0,666.288,17307.8,38133.7,1.70678e+06,1.70678e+06,397753
3287,0,80,1,0,666.422,17319.9,38147.3,1.70775e+06,1.70775e+06,397748
3288,0,80,1,0,666.623,17331.8,38165.4,1.70872e+06,1.70872e+06,397742
3289,0,80,1,0,666.889,17353.5,38186.5,1.71001e+06,1.71001e+06,397736
3290,0,80,1,0,667.106,17367.1,38207.3,1.71117e+06,1.71117e+06,397731
3291,0,80,1,0,666.586,17303.4,38127.9,1.70653e+06,1.70653e+06,397725
3292,0,80,1,0,666.831,17320,38150,1.70786e+06,1.70786e+06,397719
3293,0,80,1,0,667.134,17337.4,38177.3,1.70938e+06,1.70938e+06,397714
3294,0,80,1,0,667.276,17349.8,38192.3,1.71037e+06,1.71037e+06,397708
3295,0,80,1,0,667.505,17364.6,38213.7,1.71157e+06,1.71157e+06,397702
3296,0,80,1,0,666.041,17257,37972.7,1.70301e+06,1.70301e+06,397697
3297,0,80,1,0,666.26,17271.7,37993.4,1.70422e+06,1.70422e+06,397691
3298,0,80,1,0,666.433,17285.5,38011.1,1.70532e+06,1.70532e+06,397685
3299,0,80,1,0,666.668,17300.9,38034.2,1.70663e+06,1.70663e+06,397680
3300,0,80,1,0,667.008,17304,38058.6,1.70846e+06,1.70846e+06,397674
3301,0,80,1,0,667.143,17315.6,38070.6,1.70937e+06,1.70937e+06,397668
3302,0,80,1,0,666.602,17250.8,37984.7,1.70458e+06,1.70458e+06,397663
3303,0,80,1,0,666.84,17266.5,38005.3,1.70584e+06,1.70584e+06,397657
3304,0,80,1,0,667.082,17282.4,38028.3,1.70712e+06,1.70712e+06,397651
3305,0,80,1,0,667.234,17292.6,38041.5,1.70789e+06,1.70789e+06,397646
3306,0,80,1,0,667.502,17310.9,38065.9,1.70937e+06,1.70937e+06,397640
3307,0,80,1,0,667.562,17311.7,38070.5,1.70972e+06,1.70972e+06,397635
3308,0,80,1,0,667.306,17262.2,38025.7,1.70578e+06,1.70578e+06,397629
3309,0,80,1,0,667.463,17272.8,38038.8,1.70657e+06,1.70657e+06,397623
3310,0,80,1,0,667.73,17291,38065.6,1.70812e+06,1.70812e+06,397618
3311,0,80,1,0,667.882,17301,38078,1.70887e+06,1.70887e+06,397612
3312,0,80,1,0,668.139,17318.6,38101.6,1.71035e+06,1.71035e+06,397607
3313,0,80,1,0,667.607,17251.6,38017,1.70539e+06,1.70539e+06,397601
3314,0,80,1,0,667.777,17261.6,38034.5,1.70657e+06,1.70657e+06,397595
3315,0,80,1,0,668.067,17275.7,38058.7,1.70782e+06,1.70782e+06,397590
3316,0,80,1,0,668.266,17291.3,38074.5,1.70903e+06,1.70903e+06,397584
3317,0,80,1,0,660.916,16374.2,37057.4,1.63114e+06,1.63114e+06,397579
3318,0,80,1,0,660.98,16372.3,37053.8,1.63125e+06,1.63125e+06,397573
3319,0,80,1,0,661.044,16367.1,37044.5,1.63106e+06,1.63106e+06,397567
3320,0,80,1,0,661.128,16368.4,37042.7,1.63142e+06,1.63142e+06,397562
3321,0,80,1,0,661.199,16363.9,37037.1,1.6313e+06,1.6313e+06,397556
3322,0,80,1,0,661.406,16369.3,37048.7,1.6321e+06,1.6321e+06,397551
3323,0,80,1,0,661.434,16363.8,37038.7,1.63187e+06,1.63187e+06,397545
3324,0,80,1,0,661.434,16356.4,37030.2,1.63187e+06,1.63187e+06,397539
3325,0,80,1,0,661.549,16356.1,37030.5,1.63208e+06,1.63208e+06,397534
3326,0,80,1,0,661.669,16356,37031,1.63237e+06,1.63237e+06,397528
3327,0,80,1,0,661.731,16354.2,37026.8,1.6324e+06,1.6324e+06,397523
3328,0,80,1,0,661.949,16363.2,37036.1,1.63309e+06,1.63309e+06,397517
3329,0,80,1,0,662.137,16365.3,37043.3,1.63358e+06,1.63358e+06,397512
3330,0,80,1,0,662.187,16363.5,37038.7,1.63367e+06,1.63367e+06,397506
3331,0,80,1,0,662.251,16361.7,37034.4,1.63368e+06,1.63368e+06,397500
3332,0,80,1,0,662.386,16362.5,37036.8,1.63402e+06,1.63402e+06,397495
3333,0,80,1,0,662.522,16363.7,37038.4,1.63426e+06,1.63426e+06,397489
3334,0,80,1,0,662.605,16363.1,37036.4,1.63441e+06,1.63441e+06,397484
3335,0,80,1,0,662.728,16363.2,37037.2,1.63461e+06,1.63461e+06,397478
3336,0,80,1,0,662.795,16362.3,37034.5,1.63475e+06,1.63475e+06,397473
3337,0,80,1,0,662.936,16360.6,37035.6,1.635e+06,1.635e+06,397467
3338,0,80,1,0,663.132,16365.6,37045.7,1.63557e+06,1.63557e+06,397462
3339,0,80,1,0,663.202,16364.1,37042.2,1.63559e+06,1.63559e+06,397456
3340,0,80,1,0,663.292,16363.5,37040.5,1.63575e+06,1.63575e+06,397450
3341,0,80,1,0,663.323,16354.3,37033.7,1.63559e+06,1.63559e+06,397445
3342,0,80,1,0,663.237,16344.9,37017.9,1.63509e+06,1.63509e+06,397439
3343,0,80,1,0,663.359,16347.2,37020.5,1.63527e+06,1.63527e+06,397434
3344,0,80,1,0,663.432,16346.4,37018.5,1.63542e+06,1.63542e+06,397428
3345,0,80,1,0,663.59,16348.3,37023.6,1.63575e+06,1.63575e+06,397423
3346,0,80,1,0,663.806,16348.7,37032.1,1.63628e+06,1.63628e+06,397417
3347,0,80,1,0,663.833,16347.9,37022.9,1.63606e+06,1.63606e+06,397412
3348,0,80,1,0,664.203,16363,37042.7,1.63719e+06,1.63719e+06,397406
3349,0,80,1,0,664.322,16360.5,37038.5,1.63706e+06,1.63706e+06,397401
3350,0,80,1,0,664.223,16344.1,37017.9,1.63633e+06,1.63633e+06,397395
3351,0,80,1,0,664.272,16344,37011.2,1.63618e+06,1.63618e+06,397389
3352,0,80,1,0,664.418,16345,37015.5,1.63646e+06,1.63646e+06,397384
3353,0,80,1,0,664.483,16342.9,37008.2,1.63635e+06,1.63635e+06,397378
3354,0,80,1,0,664.664,16342.8,37012.6,1.6367e+06,1.6367e+06,397373
3355,0,80,1,0,664.725,16343.1,37011.3,1.63668e+06,1.63668e+06,397367
3356,0,80,1,0,664.886,16344.3,37016.1,1.63695e+06,1.63695e+06,397362
3357,0,80,1,0,665.387,16357.5,37044.6,1.63843e+06,1.63843e+06,397356
3358,0,80,1,0,665.426,16357.9,37040.2,1.63841e+06,1.63841e+06,397351
3359,0,80,1,0,665.22,16340.6,37014.5,1.63737e+06,1.63737e+06,397345
3360,0,80,1,0,665.368,16341.7,37016.8,1.63761e+06,1.63761e+06,397340
3361,0,80,1,0,665.517,16345.5,37018.7,1.63791e+06,1.63791e+06,397334
3362,0,80,1,0,665.566,16342.3,37013.8,1.63773e+06,1.63773e+06,397329
3363,0,80,1,0,665.713,16343.1,37016.5,1.63801e+06,1.63801e+06,397323
3364,0,80,1,0,665.933,16343.6,37023.9,1.63847e+06,1.63847e+06,397318
3365,0,80,1,0,666.003,16345.3,37022.3,1.63857e+06,1.63857e+06,397312
3366,0,80,1,0,666.466,16363.7,37048.6,1.63997e+06,1.63997e+06,397307
3367,0,80,1,0,666.258,16349.1,37025.2,1.63896e+06,1.63896e+06,397301
3368,0,80,1,0,666.405,16349.8,37027.5,1.63914e+06,1.63914e+06,397296
3369,0,80,1,0,666.619,16348.3,37033.6,1.63965e+06,1.63965e+06,397290
3370,0,80,1,0,666.686,16349.1,37031.1,1.63956e+06,1.63956e+06,397285
3371,0,80,1,0,666.764,16347.9,37028.1,1.63953e+06,1.63953e+06,397279
3372,0,80,1,0,666.9,16348,37025.8,1.63958e+06,1.63958e+06,397274
3373,0,80,1,0,667.01,16347.8,37022.7,1.63961e+06,1.63961e+06,397268
3374,0,80,1,0,667.106,16347.1,37021.8,1.63963e+06,1.63963e+06,397263
3375,0,80,1,0,667.277,16349.2,37027.1,1.63995e+06,1.63995e+06,397257
3376,0,80,1,0,667.469,16350.7,37030.3,1.64018e+06,1.64018e+06,397252
3377,0,80,1,0,667.573,16350.4,37029.6,1.64022e+06,1.64022e+06,397246
3378,0,80,1,0,667.669,16349.7,37028.7,1.64024e+06,1.64024e+06,397241
3379,0,80,1,0,667.829,16351.5,37033.3,1.64052e+06,1.64052e+06,397235
3380,0,80,1,0,667.906,16350.5,37031.5,1.64053e+06,1.64053e+06,397230
3381,0,80,1,0,668.056,16351.3,37032.6,1.64075e+06,1.64075e+06,397224
3382,0,80,1,0,668.388,16358.6,37045.8,1.64143e+06,1.64143e+06,397219
3383,0,80,1,0,668.482,16358,37043.8,1.64145e+06,1.64145e+06,397213
3384,0,80,1,0,668.698,16360.6,37051.4,1.64189e+06,1.64189e+06,397208
3385,0,80,1,0,668.503,16343.1,37025.8,1.64075e+06,1.64075e+06,397202
3386,0,80,1,0,668.648,16344,37028,1.64098e+06,1.64098e+06,397197
3387,0,80,1,0,668.721,16343.1,37024.8,1.64096e+06,1.64096e+06,397192
3388,0,80,1,0,668.88,16344.2,37027.3,1.64121e+06,1.64121e+06,397186
3389,0,80,1,0,668.988,16343.9,37025.6,1.64129e+06,1.64129e+06,397181
3390,0,80,1,0,669.208,16346.7,37034,1.64168e+06,1.64168e+06,397175
3391,0,80,1,0,669.291,16345,37026.6,1.64149e+06,1.64149e+06,397170
3392,0,80,1,0,669.507,16348.1,37034.7,1.64208e+06,1.64208e+06,397164
3393,0,80,1,0,669.547,16347.3,37028.9,1.64173e+06,1.64173e+06,397159
3394,0,80,1,0,669.691,16347.7,37029.7,1.64186e+06,1.64186e+06,397154
3395,0,80,1,0,669.846,16352.3,37034.9,1.64217e+06,1.64217e+06,397148
3396,0,80,1,0,669.936,16347.6,37029.7,1.64204e+06,1.64204e+06,397143
3397,0,80,1,0,670.367,16368.2,37056.9,1.64334e+06,1.64334e+06,397137
3398,0,80,1,0,670.587,16367.1,37058.6,1.64354e+06,1.64354e+06,397132
3399,0,80,1,0,670.387,16346.8,37031.8,1.64243e+06,1.64243e+06,397126
3400,0,80,1,0,670.479,16348.8,37030.8,1.6424e+06,1.6424e+06,397121
3401,0,80,1,0,670.925,16366.2,37056.1,1.64373e+06,1.64373e+06,397116
3402,0,80,1,0,670.909,16355.2,37043.4,1.64326e+06,1.64326e+06,397110
3403,0,80,1,0,670.75,16335.9,37020.5,1.64218e+06,1.64218e+06,397105
3404,0,80,1,0,670.954,16338.1,37024.7,1.64244e+06,1.64244e+06,397100
3405,0,80,1,0,671.323,16350.1,37041.5,1.64339e+06,1.64339e+06,397094
3406,0,80,1,0,671.213,16338.5,37025.3,1.64256e+06,1.64256e+06,397089
3407,0,80,1,0,671.912,16423.9,37320.2,1.64626e+06,1.64626e+06,397083
3408,0,80,1,0,672.068,16425.2,37324.9,1.64645e+06,1.64645e+06,397078
3409,0,80,1,0,672.445,16440.8,37345.8,1.64753e+06,1.64753e+06,397073
3410,0,80,1,0,672.617,16442.5,37350.8,1.64776e+06,1.64776e+06,397067
3411,0,80,1,0,672.931,16452.5,37368.7,1.64856e+06,1.64856e+06,397062
3412,0,80,1,0,672.667,16432.1,37335.1,1.64706e+06,1.64706e+06,397057
3413,0,80,1,0,672.833,16433.7,37339.9,1.64728e+06,1.64728e+06,397051
3414,0,80,1,0,672.907,16429.3,37336.1,1.64713e+06,1.64713e+06,397046
3415,0,80,1,0,673.346,16447,37363.2,1.64843e+06,1.64843e+06,397041
3416,0,80,1,0,673.464,16450.2,37365.5,1.64857e+06,1.64857e+06,397035
3417,0,80,1,0,673.309,16429,37342.8,1.64752e+06,1.64752e+06,397030
3418,0,80,1,0,673.516,16438.7,37351.6,1.64795e+06,1.64795e+06,397025
3419,0,80,1,0,673.85,16445.9,37365,1.64876e+06,1.64876e+06,397019
3420,0,80,1,0,674.058,16448.4,37371.3,1.64912e+06,1.64912e+06,397014
3421,0,80,1,0,673.84,16432.7,37347,1.64788e+06,1.64788e+06,397009
3422,0,80,1,0,673.928,16431.5,37342.8,1.64783e+06,1.64783e+06,397003
3423,0,80,1,0,674.082,16432.3,37344.6,1.648e+06,1.648e+06,396998
3424,0,80,1,0,674.568,16457.9,37376.8,1.64956e+06,1.64956e+06,396993
3425,0,80,1,0,674.579,16447.8,37365.5,1.64918e+06,1.64918e+06,396987
3426,0,80,1,0,674.736,16448.6,37368.6,1.64932e+06,1.64932e+06,396982
3427,0,80,1,0,674.956,16451.5,37376.4,1.64974e+06,1.64974e+06,396977
3428,0,80,1,0,675.042,16450.2,37373.3,1.64964e+06,1.64964e+06,396971
3429,0,80,1,0,675.129,16448.9,37370.3,1.64955e+06,1.64955e+06,396966
3430,0,80,1,0,675.224,16447.9,37367.9,1.64949e+06,1.64949e+06,396961
3431,0,80,1,0,675.33,16447.3,37364.2,1.64942e+06,1.64942e+06,396956
3432,0,80,1,0,675.635,16459.4,37379.9,1.65018e+06,1.65018e+06,396950
3433,0,80,1,0,675.722,16458.1,37376.8,1.65007e+06,1.65007e+06,396945
3434,0,80,1,0,675.726,16447.7,37364.8,1.64964e+06,1.64964e+06,396940
3435,0,80,1,0,675.866,16448,37362.7,1.64962e+06,1.64962e+06,396934
3436,0,80,1,0,675.959,16447.1,37360.5,1.64954e+06,1.64954e+06,396929
3437,0,80,1,0,676.11,16447.8,37362.9,1.64962e+06,1.64962e+06,396924
3438,0,80,1,0,676.311,16450.7,37369.7,1.64994e+06,1.64994e+06,396919
3439,0,80,1,0,676.405,16449.8,37368.4,1.64988e+06,1.64988e+06,396913
3440,0,80,1,0,676.564,16451.2,37372.9,1.65006e+06,1.65006e+06,396908
3441,0,80,1,0,676.679,16451.5,37373.1,1.65006e+06,1.65006e+06,396903
3442,0,80,1,0,676.813,16451.9,37376.6,1.65018e+06,1.65018e+06,396898
3443,0,80,1,0,676.919,16451.5,37376.2,1.65016e+06,1.65016e+06,396892
3444,0,80,1,0,677.099,16449.8,37379.4,1.65027e+06,1.65027e+06,396887
3445,0,80,1,0,677.315,16452.6,37388.9,1.65066e+06,1.65066e+06,396882
3446,0,80,1,0,677.393,16451.6,37386.6,1.65059e+06,1.65059e+06,396877
3447,0,80,1,0,677.506,16452,37386.6,1.65059e+06,1.65059e+06,396871
3448,0,80,1,0,677.601,16451,37385.3,1.65054e+06,1.65054e+06,396866
3449,0,80,1,0,677.733,16450.9,37382,1.65047e+06,1.65047e+06,396861
3450,0,80,1,0,677.97,16455.2,37393.2,1.65092e+06,1.65092e+06,396856
3451,0,80,1,0,678.056,16453.9,37391.3,1.65085e+06,1.65085e+06,396850
3452,0,80,1,0,678.21,16455.3,37395.3,1.65101e+06,1.65101e+06,396845
3453,0,80,1,0,678.285,16454.8,37393.8,1.65096e+06,1.65096e+06,396840
3454,0,80,1,0,678.43,16455.5,37397,1.6511e+06,1.6511e+06,396835
3455,0,80,1,0,678.504,16451.9,37393.4,1.65097e+06,1.65097e+06,396830
3456,0,80,1,0,678.632,16451.8,37391.3,1.65098e+06,1.65098e+06,396824
3457,0,80,1,0,678.833,16454.4,37397.8,1.65128e+06,1.65128e+06,396819
3458,0,80,1,0,678.927,16453.5,37396.2,1.65121e+06,1.65121e+06,396814
3459,0,80,1,0,679.023,16452.9,37394.9,1.65116e+06,1.65116e+06,396809
3460,0,80,1,0,679.215,16455.9,37404,1.65153e+06,1.65153e+06,396804
3461,0,80,1,0,679.309,16455.2,37401.8,1.65146e+06,1.65146e+06,396798
3462,0,80,1,0,679.429,16455.2,37399.2,1.65146e+06,1.65146e+06,396793
3463,0,80,1,0,679.504,16453.6,37393.1,1.65131e+06,1.65131e+06,396788
3464,0,80,1,0,679.647,16454.4,37395.3,1.65141e+06,1.65141e+06,396783
3465,0,80,1,0,679.719,16452.9,37388.9,1.65126e+06,1.65126e+06,396778
3466,0,80,1,0,679.852,16453.3,37388.4,1.65133e+06,1.65133e+06,396772
3467,0,80,1,0,679.972,16456.8,37389,1.65139e+06,1.65139e+06,396767
3468,0,80,1,0,680.076,16456.8,37388,1.65144e+06,1.65144e+06,396762
3469,0,80,1,0,680.286,16459.8,37396.1,1.65178e+06,1.65178e+06,396757
3470,0,80,1,0,680.353,16458.6,37393,1.65166e+06,1.65166e+06,396752
3471,0,80,1,0,680.436,16457.6,37388.2,1.65156e+06,1.65156e+06,396747
3472,0,80,1,0,680.576,16458.4,37390.3,1.65165e+06,1.65165e+06,396741
3473,0,80,1,0,680.439,16443.3,37370.4,1.65068e+06,1.65068e+06,396736
3474,0,80,1,0,680.512,16441.5,37361.9,1.65039e+06,1.65039e+06,396731
3475,0,80,1,0,680.639,16442,37362.3,1.65044e+06,1.65044e+06,396726
3476,0,80,1,0,680.862,16445.6,37372.7,1.65086e+06,1.65086e+06,396721
3477,0,80,1,0,680.96,16445.3,37371.8,1.65081e+06,1.65081e+06,396716
3478,0,80,1,0,681.07,16445.6,37371.9,1.65079e+06,1.65079e+06,396710
3479,0,80,1,0,681.279,16448.7,37380.3,1.65111e+06,1.65111e+06,396705
3480,0,80,1,0,681.624,16462.8,37396,1.65198e+06,1.65198e+06,396700
3481,0,80,1,0,681.493,16447.9,37372.5,1.65086e+06,1.65086e+06,396695
3482,0,80,1,0,681.952,16468.4,37405.3,1.65277e+06,1.65277e+06,396690
3483,0,80,1,0,682.101,16469.5,37407.9,1.65285e+06,1.65285e+06,396685
3484,0,80,1,0,682.181,16469,37403.9,1.65275e+06,1.65275e+06,396680
3485,0,80,1,0,682.433,16468.6,37430.1,1.65455e+06,1.65455e+06,396674
3486,0,80,1,0,682.503,16467.2,37424,1.65438e+06,1.65438e+06,396669
3487,0,80,1,0,682.709,16474.1,37432.4,1.65495e+06,1.65495e+06,396664
3488,0,80,1,0,682.891,16476,37437.7,1.65516e+06,1.65516e+06,396659
3489,0,80,1,0,682.966,16474.9,37433.1,1.65504e+06,1.65504e+06,396654
3490,0,80,1,0,682.981,16468.6,37423.7,1.65464e+06,1.65464e+06,396649
3491,0,80,1,0,683.453,16489.1,37453.1,1.656e+06,1.656e+06,396644
3492,0,80,1,0,683.58,16489.7,37454.2,1.65602e+06,1.65602e+06,396638
3493,0,80,1,0,683.667,16489.1,37451.1,1.65596e+06,1.65596e+06,396633
3494,0,80,1,0,683.812,16490.2,37454.2,1.65607e+06,1.65607e+06,396628
3495,0,80,1,0,684.039,16493.8,37464.7,1.65656e+06,1.65656e+06,396623
3496,0,80,1,0,684.122,16493.1,37461.8,1.6565e+06,1.6565e+06,396618
3497,0,80,1,0,684.36,16502.3,37476,1.65736e+06,1.65736e+06,396613
3498,0,80,1,0,684.483,16502.9,37477.8,1.65744e+06,1.65744e+06,396608
3499,0,80,1,0,684.591,16502.7,37477.9,1.6575e+06,1.6575e+06,396603
3500,0,80,1,0,684.72,16503,37478.1,1.65746e+06,1.65746e+06,396597
3501,0,80,1,0,684.954,16508.6,37490.4,1.658e+06,1.658e+06,396592
3502,0,80,1,0,684.553,16479.1,37446.1,1.65602e+06,1.65602e+06,396587
3503,0,80,1,0,684.64,16478.5,37443.9,1.65598e+06,1.65598e+06,396582
3504,0,80,1,0,684.782,16479.6,37447.7,1.65609e+06,1.65609e+06,396577
3505,0,80,1,0,684.888,16483.4,37448.5,1.65615e+06,1.65615e+06,396572
3506,0,80,1,0,685.042,16485,37451.9,1.65633e+06,1.65633e+06,396567
3507,0,80,1,0,685.264,16488.9,37462,1.65671e+06,1.65671e+06,396562
3508,0,80,1,0,685.36,16488.3,37462,1.65677e+06,1.65677e+06,396557
3509,0,80,1,0,685.435,16485.3,37455.4,1.65653e+06,1.65653e+06,396551
3510,0,80,1,0,685.463,16478.8,37446.6,1.6562e+06,1.6562e+06,396546
3511,0,80,1,0,685.632,16480.6,37452.8,1.65648e+06,1.65648e+06,396541
3512,0,80,1,0,685.815,16482.7,37456.9,1.65669e+06,1.65669e+06,396536
3513,0,80,1,0,685.884,16481.6,37451.7,1.65646e+06,1.65646e+06,396531
3514,0,80,1,0,686.047,16483.5,37457.8,1.65676e+06,1.65676e+06,396526
3515,0,80,1,0,686.115,16481.4,37451.1,1.65651e+06,1.65651e+06,396521
3516,0,80,1,0,686.267,16486.4,37454.2,1.65662e+06,1.65662e+06,396516
3517,0,80,1,0,686.388,16487.1,37456.3,1.65676e+06,1.65676e+06,396511
3518,0,80,1,0,686.563,16491.7,37459.9,1.65692e+06,1.65692e+06,396506
3519,0,80,1,0,686.697,16489.1,37459.5,1.65695e+06,1.65695e+06,396501
3520,0,80,1,0,686.764,16487.9,37454.7,1.65672e+06,1.65672e+06,396495
3521,0,80,1,0,686.843,16486.5,37452.7,1.65662e+06,1.65662e+06,396490
3522,0,80,1,0,687.087,16497.4,37466.5,1.65721e+06,1.65721e+06,396485
3523,0,80,1,0,687.556,16514.9,37493.2,1.65854e+06,1.65854e+06,396480
3524,0,80,1,0,687.19,16483.4,37455.5,1.65675e+06,1.65675e+06,396475
3525,0,80,1,0,687.395,16486.1,37461.3,1.657e+06,1.657e+06,396470
3526,0,80,1,0,687.467,16484.9,37458.1,1.65681e+06,1.65681e+06,396465
3527,0,80,1,0,688.079,16513.9,37500.4,1.6588e+06,1.6588e+06,396460
3528,0,80,1,0,688.186,16513.9,37501.5,1.6589e+06,1.6589e+06,396455
3529,0,80,1,0,687.825,16486.1,37463,1.6571e+06,1.6571e+06,396450
3530,0,80,1,0,687.9,16483.4,37456.8,1.65688e+06,1.65688e+06,396445
3531,0,80,1,0,688.061,16485.2,37463.2,1.65709e+06,1.65709e+06,396439
3532,0,80,1,0,688.259,16488,37471.4,1.65737e+06,1.65737e+06,396434
3533,0,80,1,0,688.359,16487.8,37471.6,1.65744e+06,1.65744e+06,396429
3534,0,80,1,0,688.499,16489.2,37476.6,1.65772e+06,1.65772e+06,396424
3535,0,80,1,0,688.582,16488.4,37475.1,1.65763e+06,1.65763e+06,396419
3536,0,80,1,0,688.683,16487.8,37470.1,1.65745e+06,1.65745e+06,396414
3537,0,80,1,0,688.789,16487.9,37471.6,1.65746e+06,1.65746e+06,396409
3538,0,80,1,0,688.956,16490.4,37478.2,1.6578e+06,1.6578e+06,396404
3539,0,80,1,0,689.032,16489.5,37475.2,1.65774e+06,1.65774e+06,396399
3540,0,80,1,0,689.166,16489.8,37478.3,1.65782e+06,1.65782e+06,396394
3541,0,80,1,0,689.368,16494.8,37484.9,1.65816e+06,1.65816e+06,396389
3542,0,80,1,0,689.416,16490.9,37479.1,1.65797e+06,1.65797e+06,396384
3543,0,80,1,0,689.525,16491.2,37480.9,1.65811e+06,1.65811e+06,396379
3544,0,80,1,0,689.663,16492.2,37484.4,1.65822e+06,1.65822e+06,396373
3545,0,80,1,0,689.762,16491.6,37479.4,1.65804e+06,1.65804e+06,396368
3546,0,80,1,0,689.841,16490.3,37474.2,1.65786e+06,1.65786e+06,396363
3547,0,80,1,0,689.992,16491.6,37478.6,1.658e+06,1.658e+06,396358
3548,0,80,1,0,690.182,16494.4,37485.9,1.65837e+06,1.65837e+06,396353
3549,0,80,1,0,690.266,16494,37485.9,1.65847e+06,1.65847e+06,396348
3550,0,80,1,0,690.343,16492.8,37480.6,1.65828e+06,1.65828e+06,396343
3551,0,80,1,0,690.574,16497,37493.5,1.65876e+06,1.65876e+06,396338
3552,0,80,1,0,690.705,16503.2,37497.4,1.65892e+06,1.65892e+06,396333
3553,0,80,1,0,690.862,16505.1,37503.4,1.65924e+06,1.65924e+06,396328
3554,0,80,1,0,690.972,16505.8,37505.3,1.65939e+06,1.65939e+06,396323
3555,0,80,1,0,691.068,16505,37503.4,1.6593e+06,1.6593e+06,396318
3556,0,80,1,0,691.13,16503.8,37497.3,1.65912e+06,1.65912e+06,396313
3557,0,80,1,0,691.29,16505.7,37503.7,1.65933e+06,1.65933e+06,396308
3558,0,80,1,0,691.372,16505.4,37501.3,1.65932e+06,1.65932e+06,396303
3559,0,80,1,0,691.498,16505.3,37500.3,1.6593e+06,1.6593e+06,396297
3560,0,80,1,0,691.739,16514.5,37516,1.65988e+06,1.65988e+06,396292
3561,0,80,1,0,691.804,16513.2,37511.8,1.65979e+06,1.65979e+06,396287
3562,0,80,1,0,691.965,16515.3,37518.5,1.66014e+06,1.66014e+06,396282
3563,0,80,1,0,692.026,16514,37515.6,1.66002e+06,1.66002e+06,396277
3564,0,80,1,0,692.122,16513.3,37510.3,1.65985e+06,1.65985e+06,396272
3565,0,80,1,0,692.22,16513.4,37510,1.65982e+06,1.65982e+06,396267
3566,0,80,1,0,692.35,16509.5,37512,1.66001e+06,1.66001e+06,396262
3567,0,80,1,0,692.555,16513.1,37520.7,1.66044e+06,1.66044e+06,396257
3568,0,80,1,0,692.596,16510.7,37514.1,1.66021e+06,1.66021e+06,396252
3569,0,80,1,0,692.698,16510.7,37515.2,1.66021e+06,1.66021e+06,396247
3570,0,80,1,0,692.835,16511.7,37518.6,1.66033e+06,1.66033e+06,396242
3571,0,80,1,0,692.566,16504,37513.2,1.66023e+06,1.66023e+06,396237
3572,0,80,1,0,692.747,16506.9,37521.5,1.66063e+06,1.66063e+06,396232
3573,0,80,1,0,693.237,16514.9,37526.7,1.66088e+06,1.66088e+06,396227
3574,0,80,1,0,693.301,16513.5,37522.5,1.66067e+06,1.66067e+06,396222
3575,0,80,1,0,693.101,16507.7,37523.6,1.66079e+06,1.66079e+06,396217
3576,0,80,1,0,693.24,16508.9,37523.9,1.66084e+06,1.66084e+06,396212
3577,0,80,1,0,693.296,16507,37519.3,1.66063e+06,1.66063e+06,396207
3578,0,80,1,0,693.879,16535.2,37559.3,1.66246e+06,1.66246e+06,396201
3579,0,80,1,0,694.102,16539.1,37571.4,1.66304e+06,1.66304e+06,396196
3580,0,80,1,0,694.459,16543.9,37568.1,1.66301e+06,1.66301e+06,396191
3581,0,80,1,0,693.778,16509.1,37524.6,1.66108e+06,1.66108e+06,396186
3582,0,80,1,0,693.934,16511,37530.9,1.6613e+06,1.6613e+06,396181
3583,0,80,1,0,694.101,16513.7,37538.1,1.66168e+06,1.66168e+06,396176
3584,0,80,1,0,694.22,16518.8,37540.3,1.66186e+06,1.66186e+06,396171
3585,0,80,1,0,694.338,16519.2,37544.2,1.6621e+06,1.6621e+06,396166
3586,0,80,1,0,694.529,16521.5,37549.4,1.66236e+06,1.66236e+06,396161
3587,0,80,1,0,694.651,16528.3,37549.9,1.66238e+06,1.66238e+06,396156
3588,0,80,1,0,694.677,16519.6,37543.7,1.66221e+06,1.66221e+06,396151
3589,0,80,1,0,694.809,16520.3,37546.2,1.66231e+06,1.66231e+06,396146
3590,0,80,1,0,694.933,16521.4,37548.3,1.66247e+06,1.66247e+06,396141
3591,0,80,1,0,695.091,16529.5,37554.6,1.66271e+06,1.66271e+06,396136
3592,0,80,1,0,695,16510.8,37530.3,1.66146e+06,1.66146e+06,396131
3593,0,80,1,0,695.063,16509,37526.6,1.66144e+06,1.66144e+06,396126
3594,0,80,1,0,695.23,16511.4,37534.3,1.6618e+06,1.6618e+06,396121
3595,0,80,1,0,695.42,16513.5,37542.4,1.66212e+06,1.66212e+06,396116
3596,0,80,1,0,695.452,16510.7,37531.3,1.66173e+06,1.66173e+06,396111
3597,0,80,1,0,695.541,16510.5,37530.4,1.66168e+06,1.66168e+06,396106
3598,0,80,1,0,695.694,16512,37536.4,1.66203e+06,1.66203e+06,396101
3599,0,80,1,0,695.803,16512.7,37539.1,1.66222e+06,1.66222e+06,396096
3600,0,80,1,0,695.875,16511.3,37532,1.662e+06,1.662e+06,396091
3601,0,80,1,0,696.069,16513.8,37537.7,1.66228e+06,1.66228e+06,396086
3602,0,80,1,0,696.159,16513.6,37536.4,1.66222e+06,1.66222e+06,396081
3603,0,80,1,0,696.279,16514.4,37538,1.66239e+06,1.66239e+06,396076
3604,0,80,1,0,696.376,16514.3,37539.5,1.66254e+06,1.66254e+06,396071
3605,0,80,1,0,696.504,16514.6,37538.8,1.66257e+06,1.66257e+06,396066
3606,0,80,1,0,696.564,16513,37534.4,1.66234e+06,1.66234e+06,396061
3607,0,80,1,0,696.689,16513.7,37537.2,1.66247e+06,1.66247e+06,396056
3608,0,80,1,0,696.915,16518.1,37550.2,1.6631e+06,1.6631e+06,396051
3609,0,80,1,0,697.022,16518.6,37552.1,1.66327e+06,1.66327e+06,396046
3610,0,80,1,0,697.063,16516.4,37541.8,1.66291e+06,1.66291e+06,396041
3611,0,80,1,0,697.271,16519.2,37552.7,1.66331e+06,1.66331e+06,396036
3612,0,80,1,0,697.346,16518.3,37550.6,1.66323e+06,1.66323e+06,396031
3613,0,80,1,0,697.48,16519.8,37552.9,1.66343e+06,1.66343e+06,396026
3614,0,80,1,0,697.556,16519.3,37553.1,1.66356e+06,1.66356e+06,396021
3615,0,80,1,0,697.677,16519.2,37551.7,1.66355e+06,1.66355e+06,396016
3616,0,80,1,0,697.786,16519.7,37553.5,1.66359e+06,1.66359e+06,396011
3617,0,80,1,0,697.901,16520,37554.3,1.66373e+06,1.66373e+06,396006
3618,0,80,1,0,697.974,16518.7,37548.7,1.66357e+06,1.66357e+06,396002
3619,0,80,1,0,698.248,16526.6,37567.3,1.66462e+06,1.66462e+06,395997
3620,0,80,1,0,698.42,16528.3,37573.2,1.66484e+06,1.66484e+06,395992
3621,0,80,1,0,698.522,16528.6,37574.5,1.66501e+06,1.66501e+06,395987
3622,0,80,1,0,698.572,16526.8,37567.3,1.66481e+06,1.66481e+06,395982
3623,0,80,1,0,698.755,16529,37573,1.66509e+06,1.66509e+06,395977
3624,0,80,1,0,698.882,16530.4,37575,1.66528e+06,1.66528e+06,395972
3625,0,80,1,0,698.955,16529,37569,1.6651e+06,1.6651e+06,395967
3626,0,80,1,0,699.045,16528,37569,1.66507e+06,1.66507e+06,395962
3627,0,80,1,0,699.161,16528.5,37569.9,1.6652e+06,1.6652e+06,395957
3628,0,80,1,0,699.371,16535.8,37581.3,1.66561e+06,1.66561e+06,395952
3629,0,80,1,0,699.443,16534.2,37578.1,1.66559e+06,1.66559e+06,395947
3630,0,80,1,0,699.601,16536.5,37585.3,1.66597e+06,1.66597e+06,395942
3631,0,80,1,0,699.738,16537.2,37588.5,1.6661e+06,1.6661e+06,395937
3632,0,80,1,0,700.014,16549,37605.3,1.66675e+06,1.66675e+06,395932
3633,0,80,1,0,699.864,16528.9,37577.8,1.66544e+06,1.66544e+06,395928
3634,0,80,1,0,699.967,16529.5,37579.7,1.66562e+06,1.66562e+06,395923
3635,0,80,1,0,700.151,16531.4,37583.8,1.66585e+06,1.66585e+06,395918
3636,0,80,1,0,700.2,16530.3,37579.6,1.6658e+06,1.6658e+06,395913
3637,0,80,1,0,700.337,16531.2,37579.2,1.66586e+06,1.66586e+06,395908
3638,0,80,1,0,700.395,16528.8,37571.9,1.66563e+06,1.66563e+06,395903
3639,0,80,1,0,700.523,16530.5,37574.2,1.66582e+06,1.66582e+06,395898
3640,0,80,1,0,700.593,16528.9,37568.2,1.66565e+06,1.66565e+06,395893
3641,0,80,1,0,700.752,16530.5,37574,1.66585e+06,1.66585e+06,395888
3642,0,80,1,0,700.94,16533.6,37581.8,1.66626e+06,1.66626e+06,395883
3643,0,80,1,0,701.021,16533.3,37582.4,1.66641e+06,1.66641e+06,395879
3644,0,80,1,0,701.093,16532.4,37579.6,1.66638e+06,1.66638e+06,395874
3645,0,80,1,0,701.241,16533.8,37582.6,1.66653e+06,1.66653e+06,395869
3646,0,80,1,0,701.313,16531.9,37579.1,1.6664e+06,1.6664e+06,395864
3647,0,80,1,0,701.445,16533.1,37581.1,1.66657e+06,1.66657e+06,395859
3648,0,80,1,0,701.678,16537.8,37595.1,1.66723e+06,1.66723e+06,395854
3649,0,80,1,0,701.757,16536.4,37591.6,1.66711e+06,1.66711e+06,395849
3650,0,80,1,0,701.849,16536.7,37590.8,1.66716e+06,1.66716e+06,395845
3651,0,80,1,0,702.022,16539,37597.9,1.66754e+06,1.66754e+06,395840
3652,0,80,1,0,702.074,16537.1,37590.7,1.66727e+06,1.66727e+06,395835
3653,0,80,1,0,702.239,16539,37598.4,1.66766e+06,1.66766e+06,395830
3654,0,80,1,0,702.285,16536.5,37590.3,1.66736e+06,1.66736e+06,395825
3655,0,80,1,0,702.474,16539.5,37600.2,1.6679e+06,1.6679e+06,395820
3656,0,80,1,0,702.566,16539.2,37623.2,1.66721e+06,1.66721e+06,395815
3657,0,80,1,0,703.326,16552,37680.5,1.66892e+06,1.66892e+06,395811
3658,0,80,1,0,703.492,16553.5,37682.8,1.66917e+06,1.66917e+06,395806
3659,0,80,1,0,703.551,16551.5,37675.4,1.66902e+06,1.66902e+06,395801
3660,0,80,1,0,703.653,16551.3,37676.9,1.66924e+06,1.66924e+06,395796
3661,0,80,1,0,703.767,16550.8,37674.3,1.66928e+06,1.66928e+06,395791
3662,0,80,1,0,703.714,16547.4,37659,1.6689e+06,1.6689e+06,395786
3663,0,80,1,0,703.823,16542.1,37654.4,1.66886e+06,1.66886e+06,395782
3664,0,80,1,0,703.979,16543.7,37660.6,1.66926e+06,1.66926e+06,395777
3665,0,80,1,0,704.033,16541.5,37652.9,1.66912e+06,1.66912e+06,395772
3666,0,80,1,0,704.195,16538.1,37653.2,1.66927e+06,1.66927e+06,395767
3667,0,80,1,0,704.432,16542.6,37666.3,1.66997e+06,1.66997e+06,395762
3668,0,80,1,0,704.493,16535.4,37653.1,1.66969e+06,1.66969e+06,395758
3669,0,80,1,0,704.664,16532.2,37654.7,1.66981e+06,1.66981e+06,395753
3670,0,80,1,0,704.921,16537.4,37666.4,1.67079e+06,1.67079e+06,395748
3671,0,80,1,0,705.085,16539.3,37669.4,1.67096e+06,1.67096e+06,395743
3672,0,80,1,0,705.115,16532.1,37656.8,1.67076e+06,1.67076e+06,395739
3673,0,80,1,0,704.763,16520.5,37606,1.66703e+06,1.66703e+06,395734
3674,0,80,1,0,704.84,16515.1,37598.4,1.66687e+06,1.66687e+06,395729
3675,0,80,1,0,704.988,16512.8,37597.7,1.66698e+06,1.66698e+06,395724
3676,0,80,1,0,705.016,16509.5,37585.2,1.66658e+06,1.66658e+06,395719
3677,0,80,1,0,705.159,16506.8,37583.1,1.66665e+06,1.66665e+06,395715
3678,0,80,1,0,705.348,16509.2,37590.5,1.66697e+06,1.66697e+06,395710
3679,0,80,1,0,705.456,16512.8,37590.9,1.667e+06,1.667e+06,395705
3680,0,80,1,0,705.602,16514.2,37593.8,1.66715e+06,1.66715e+06,395700
3681,0,80,1,0,705.626,16507.5,37584.3,1.66691e+06,1.66691e+06,395696
3682,0,80,1,0,705.766,16508.6,37586.2,1.66712e+06,1.66712e+06,395691
3683,0,80,1,0,705.908,16513.6,37588.6,1.66743e+06,1.66743e+06,395686
3684,0,80,1,0,705.975,16507.1,37582.6,1.66733e+06,1.66733e+06,395681
3685,0,80,1,0,706.074,16506.1,37580.6,1.66726e+06,1.66726e+06,395677
3686,0,80,1,0,706.165,16503.2,37576.4,1.66723e+06,1.66723e+06,395672
3687,0,80,1,0,706.379,16504.9,37584.7,1.66758e+06,1.66758e+06,395667
3688,0,80,1,0,706.496,16508.5,37585.6,1.66771e+06,1.66771e+06,395663
3689,0,80,1,0,706.565,16507,37576.7,1.66745e+06,1.66745e+06,395658
3690,0,80,1,0,706.692,16501,37574.3,1.66756e+06,1.66756e+06,395653
3691,0,80,1,0,706.838,16500.3,37576.6,1.66764e+06,1.66764e+06,395648
3692,0,80,1,0,706.985,16505.1,37580,1.66788e+06,1.66788e+06,395644
3693,0,80,1,0,707.135,16505.7,37560.8,1.66888e+06,1.66888e+06,395639
3694,0,80,1,0,707.306,16506.5,37561.5,1.66897e+06,1.66897e+06,395634
3695,0,80,1,0,707.397,16503.7,37558.2,1.66895e+06,1.66895e+06,395630
3696,0,80,1,0,707.571,16512.9,37566.9,1.66916e+06,1.66916e+06,395625
3697,0,80,1,0,707.603,16498.9,37556.6,1.66834e+06,1.66834e+06,395620
3698,0,80,1,0,707.831,16508.5,37571.3,1.66931e+06,1.66931e+06,395616
3699,0,80,1,0,707.849,16494.6,37554.1,1.66841e+06,1.66841e+06,395611
3700,0,80,1,0,707.941,16492.3,37549.9,1.66839e+06,1.66839e+06,395606
3701,0,80,1,0,708.205,16500.4,37564.5,1.66933e+06,1.66933e+06,395602
3702,0,80,1,0,708.182,16489.8,37548.1,1.66834e+06,1.66834e+06,395597
3703,0,80,1,0,708.349,16492.1,37552.7,1.6686e+06,1.6686e+06,395592
3704,0,80,1,0,708.578,16494,37561.6,1.66894e+06,1.66894e+06,395588
3705,0,80,1,0,708.644,16484.1,37550.9,1.66869e+06,1.66869e+06,395583
3706,0,80,1,0,708.887,16496.1,37564.8,1.66967e+06,1.66967e+06,395578
3707,0,80,1,0,709.031,16495.7,37566.7,1.66973e+06,1.66973e+06,395574
3708,0,80,1,0,709.19,16495.3,37567.3,1.6699e+06,1.6699e+06,395569
3709,0,80,1,0,709.294,16494,37565.1,1.66972e+06,1.66972e+06,395564
3710,0,80,1,0,709.427,16490.4,37565,1.66965e+06,1.66965e+06,395560
3711,0,80,1,0,709.518,16483.1,37537.3,1.66927e+06,1.66927e+06,395555
3712,0,80,1,0,709.709,16486.3,37545.4,1.66945e+06,1.66945e+06,395551
3713,0,80,1,0,709.953,16491.1,37558.4,1.66985e+06,1.66985e+06,395546
3714,0,80,1,0,710.035,16489.3,37554.1,1.6698e+06,1.6698e+06,395541
3715,0,80,1,0,710.147,16489.3,37555,1.66972e+06,1.66972e+06,395537
3716,0,80,1,0,710.381,16492.4,37565.3,1.67009e+06,1.67009e+06,395532
3717,0,80,1,0,710.492,16492.5,37564.7,1.67011e+06,1.67011e+06,395528
3718,0,80,1,0,710.672,16494,37567.7,1.67023e+06,1.67023e+06,395523
3719,0,80,1,0,710.749,16492.1,37558.2,1.6699e+06,1.6699e+06,395518
3720,0,80,1,0,710.893,16492,37553.2,1.66979e+06,1.66979e+06,395514
3721,0,80,1,0,710.999,16488,37529.8,1.66946e+06,1.66946e+06,395509
3722,0,80,1,0,711.17,16489,37534.5,1.6696e+06,1.6696e+06,395505
3723,0,80,1,0,711.294,16489.5,37536.5,1.6696e+06,1.6696e+06,395500
3724,0,80,1,0,711.425,16489.3,37537.2,1.66958e+06,1.66958e+06,395496
3725,0,80,1,0,711.647,16497.2,37547.8,1.67002e+06,1.67002e+06,395491
3726,0,80,1,0,711.747,16491.6,37543.1,1.66991e+06,1.66991e+06,395486
3727,0,80,1,0,711.942,16487.9,37543,1.6701e+06,1.6701e+06,395482
3728,0,80,1,0,712.022,16487,37536.8,1.66995e+06,1.66995e+06,395477
3729,0,80,1,0,712.144,16487.5,37536.7,1.66995e+06,1.66995e+06,395473
3730,0,80,1,0,712.288,16487.3,37531.3,1.66984e+06,1.66984e+06,395468
3731,0,80,1,0,712.427,16487.4,37527.5,1.66986e+06,1.66986e+06,395464
3732,0,80,1,0,712.548,16482.5,37503.5,1.66954e+06,1.66954e+06,395459
3733,0,80,1,0,712.661,16473.2,37473.9,1.6692e+06,1.6692e+06,395455
3734,0,80,1,0,712.811,16474.4,37475.2,1.66924e+06,1.66924e+06,395450
3735,0,80,1,0,713.047,16479.4,37490.8,1.66977e+06,1.66977e+06,395446
