step,physical_time,cl,cd,cmz,pressure_drag,viscous_drag,pressure_lift,viscous_lift
0,0,1.330612435e-10,156.9524196,-8.135214724e-11,0,156.9524196,0,1.330631161e-10
1,0,1.346352302e-10,146.8000886,-6.013345377e-11,0.5145364782,146.2855521,-7.056568871e-12,1.416915474e-10
2,0,1.36033303e-10,137.6150402,-2.157607426e-11,1.019565518,136.5954747,-1.336809049e-11,1.494027124e-10
3,0,1.369754079e-10,129.2968142,3.262445869e-11,1.51453659,127.7822776,-1.874766314e-11,1.557236562e-10
4,0,1.374153888e-10,121.75601,1.004261119e-10,1.999074996,119.756935,-2.305088932e-11,1.604663069e-10
5,0,1.374241033e-10,114.9130004,1.796485183e-10,2.472966812,112.4400336,-2.628225762e-11,1.637079361e-10
6,0,1.371098568e-10,108.6968773,2.681053157e-10,2.936181611,105.7606956,-2.849038713e-11,1.656004223e-10
7,0,1.365257323e-10,103.0444997,3.63714503e-10,3.388869209,99.6556305,-2.982370254e-11,1.663502669e-10
8,0,1.357808091e-10,97.89962127,4.645692164e-10,3.831329271,94.068292,-3.046159852e-11,1.662404658e-10
9,0,1.349435714e-10,93.21209808,5.689211324e-10,4.263969255,88.94812883,-3.055980469e-11,1.655029447e-10
10,0,1.340836253e-10,88.93718304,6.752790549e-10,4.687263622,84.24991942,-3.031431356e-11,1.643982728e-10
11,0,1.332630607e-10,85.03490046,7.823085513e-10,5.101718262,79.9331822,-2.986391689e-11,1.631275115e-10
12,0,1.325520683e-10,81.46949708,8.888957903e-10,5.507844213,75.96165287,-2.933761567e-11,1.618892798e-10
13,0,1.319980599e-10,78.20895993,9.940899215e-10,5.906138674,72.30282126,-2.88345528e-11,1.608331246e-10
14,0,1.316565281e-10,75.22459393,1.097096136e-09,6.297073124,68.92752081,-2.845151892e-11,1.601089261e-10
15,0,1.316245136e-10,72.49065109,1.197259569e-09,6.681086483,65.8095646,-2.82087409e-11,1.598327026e-10
16,0,1.319354776e-10,69.98400462,1.294037932e-09,7.058582015,62.92542261,-2.81606613e-11,1.600967137e-10
17,0,1.32676752e-10,67.68386213,1.386987525e-09,7.429926834,60.25393529,-2.830963935e-11,1.609854472e-10
18,0,1.338863004e-10,65.57151237,1.47576662e-09,7.795452871,57.77605949,-2.867888566e-11,1.625660162e-10
19,0,1.356328702e-10,63.63010184,1.560081897e-09,8.155459006,55.47464284,-2.926081599e-11,1.648944314e-10
20,0,1.37969814e-10,61.84443897,1.639731795e-09,8.510212965,53.334226,-3.005076743e-11,1.680207085e-10
21,0,1.409608044e-10,60.20081563,1.71453407e-09,8.859953568,51.34086206,-3.103219071e-11,1.719945297e-10
22,0,1.446585351e-10,58.68684994,1.784373538e-09,9.204895426,49.48195451,-3.21911664e-11,1.768498126e-10
23,0,1.490103075e-10,57.29134926,1.849209647e-09,9.545231876,47.74611738,-3.349681643e-11,1.825062879e-10
24,0,1.541443791e-10,56.00418824,1.9089193e-09,9.881136963,46.12305128,-3.497703516e-11,1.891212187e-10
25,0,1.601547936e-10,54.81619862,1.963479851e-09,10.21276593,44.60343269,-3.657436853e-11,1.967305208e-10
26,0,1.670655348e-10,53.71907206,2.012867428e-09,10.54026178,43.17881028,-3.828944106e-11,2.053558434e-10
27,0,1.74925099e-10,52.70527319,2.057081477e-09,10.86375389,41.8415193,-4.010280996e-11,2.150288281e-10
28,0,1.837662984e-10,51.76796165,2.096145424e-09,11.18335839,40.58460326,-4.200563508e-11,2.257724563e-10
29,0,1.936498648e-10,50.90092206,2.130078891e-09,11.49917997,39.40174208,-4.397475439e-11,2.376255304e-10
30,0,2.045898098e-10,50.09850278,2.158906415e-09,11.81131657,38.28718621,-4.601935499e-11,2.506106433e-10
31,0,2.166520395e-10,49.35555969,2.182674569e-09,12.11985749,37.2357022,-4.810614407e-11,2.647589925e-10
32,0,2.298558113e-10,48.66740597,2.201417604e-09,12.42488398,36.24252199,-5.023885474e-11,2.800956689e-10
33,0,2.442531182e-10,48.02977043,2.215186395e-09,12.72647301,35.30329742,-5.240051448e-11,2.966553669e-10
34,0,2.598727582e-10,47.43875418,2.2240218e-09,13.02469459,34.41405959,-5.459427355e-11,3.144679517e-10
35,0,2.767535493e-10,46.89079591,2.227982882e-09,13.31961358,33.57118233,-5.680854398e-11,3.335620669e-10
36,0,2.949378663e-10,46.38263973,2.227108137e-09,13.61129024,32.77134948,-5.903301459e-11,3.539714077e-10
37,0,3.144477834e-10,45.91130547,2.221446554e-09,13.89977955,32.01152592,-6.12749157e-11,3.757237854e-10
38,0,3.353299971e-10,45.47406478,2.211051342e-09,14.1851338,31.28893099,-6.351714987e-11,3.988476216e-10
39,0,3.576117326e-10,45.06841624,2.195960663e-09,14.46740253,30.60101371,-6.576814093e-11,4.233807749e-10
40,0,3.813258755e-10,44.69206471,2.176224562e-09,14.74663234,29.94543237,-6.800897345e-11,4.493352912e-10
41,0,4.066025479e-10,44.34290341,2.151877065e-09,15.02286812,29.32003529,-7.01493863e-11,4.767524986e-10
42,0,4.33221904e-10,44.0189953,2.122991422e-09,15.29615174,28.72284355,-7.248485145e-11,5.057082531e-10
43,0,4.613966058e-10,43.71855963,2.089599271e-09,15.56652423,28.1520354,-7.475667307e-11,5.361524003e-10
44,0,4.912591619e-10,43.43995611,2.051725206e-09,15.83402396,27.60593215,-7.679760994e-11,5.680565185e-10
45,0,5.226782658e-10,43.18167236,2.009402977e-09,16.09868684,27.08298552,-7.879837061e-11,6.014763965e-10
46,0,5.554112553e-10,42.94231314,1.962717253e-09,16.360547,26.58176613,-8.105195681e-11,6.364630767e-10
47,0,5.898099925e-10,42.72058987,1.911603917e-09,16.61963671,26.10095315,-8.327916134e-11,6.730896118e-10
48,0,6.262419303e-10,42.515312,1.85610588e-09,16.8759871,25.6393249,-8.500741777e-11,7.11249809e-10
49,0,6.643694903e-10,42.32537803,1.796186352e-09,17.12962771,25.19575031,-8.677125685e-11,7.511405942e-10
50,0,7.03518403e-10,42.14976817,1.731725013e-09,17.38058685,24.76918132,-8.96807073e-11,7.932001445e-10
51,0,7.445935122e-10,41.98753795,1.662888632e-09,17.62889213,24.35864581,-9.245304522e-11,8.370463489e-10
52,0,7.878170954e-10,41.83781056,1.589660084e-09,17.87456927,23.96324129,-9.48872092e-11,8.827052145e-10
53,0,8.332065833e-10,41.69977345,1.512016415e-09,18.11764424,23.58212922,-9.70583891e-11,9.302651982e-10
54,0,8.805399579e-10,41.57267053,1.429997495e-09,18.35814092,23.21452961,-9.918862953e-11,9.797287981e-10
55,0,9.298812211e-10,41.45579961,1.343605546e-09,18.59608314,22.85971646,-1.012497031e-10,1.031130736e-09
56,0,9.812448862e-10,41.34850717,1.252842344e-09,18.83149384,22.51701333,-1.032726682e-10,1.084518808e-09
57,0,1.034690526e-09,41.25018406,1.157718296e-09,19.06439471,22.18578935,-1.052321286e-10,1.139924627e-09
58,0,1.090239005e-09,41.1602636,1.058239801e-09,19.29480779,21.86545581,-1.071443767e-10,1.197383803e-09
59,0,1.147936107e-09,41.07821617,9.544218332e-10,19.52275355,21.55546262,-1.08995063e-10,1.256931836e-09
60,0,1.207831251e-09,41.00354779,8.462722884e-10,19.74825224,21.25529554,-1.107698655e-10,1.3186017e-09
61,0,1.269949117e-09,40.93579727,7.338047392e-10,19.97132389,20.96447338,-1.124801086e-10,1.382428783e-09
62,0,1.334323925e-09,40.87453262,6.170342709e-10,20.19198727,20.68254535,-1.141162442e-10,1.448441256e-09
63,0,1.400996321e-09,40.81935037,4.959772454e-10,20.41026131,20.40908906,-1.156716112e-10,1.516668818e-09
64,0,1.470002138e-09,40.7698722,3.706473878e-10,20.62616405,20.14370815,-1.171327479e-10,1.587135284e-09
65,0,1.541368543e-09,40.72574361,2.410657368e-10,20.83971313,19.88603048,-1.185070653e-10,1.659875404e-09
66,0,1.615133482e-09,40.68663288,1.072487099e-10,21.05092637,19.63570651,-1.197739408e-10,1.734907579e-09
67,0,1.691329705e-09,40.65222806,-3.078629018e-11,21.25982068,19.39240738,-1.209336797e-10,1.812263617e-09
68,0,1.769986235e-09,40.6222364,-1.73018988e-10,21.46641272,19.15582369,-1.219802592e-10,1.891966445e-09
69,0,1.851142398e-09,40.59638324,-3.194251946e-10,21.67071918,18.92566406,-1.228944724e-10,1.974037628e-09
70,0,1.934821488e-09,40.57440968,-4.699886452e-10,21.87275594,18.70165374,-1.236841463e-10,2.058505144e-09
71,0,2.021076575e-09,40.55607239,-6.2468547e-10,22.07253877,18.48353362,-1.243107561e-10,2.145387867e-09
72,0,2.10987525e-09,40.54114255,-7.834765892e-10,22.27008338,18.27105917,-1.248097181e-10,2.234684576e-09
73,0,2.201317393e-09,40.52940408,-9.463565903e-10,22.46540481,18.06399928,-1.251256321e-10,2.326443455e-09
74,0,2.295406899e-09,40.52065357,-1.113296774e-09,22.65851805,17.86213552,-1.252772053e-10,2.42068493e-09
75,0,2.392199808e-09,40.5146993,-1.284273868e-09,22.849438,17.6652613,-1.252270232e-10,2.517427877e-09
76,0,2.491699988e-09,40.51136001,-1.459258533e-09,23.03817903,17.47318098,-1.249912673e-10,2.616691502e-09
77,0,2.59398486e-09,40.51045836,-1.638221725e-09,23.22474912,17.28570924,-1.245052395e-10,2.718489683e-09
78,0,2.699015702e-09,40.51183898,-1.821137074e-09,23.40916835,17.10267063,-1.238281977e-10,2.822844097e-09
79,0,2.806854933e-09,40.51534915,-2.00797011e-09,23.5914507,16.92389844,-1.22912458e-10,2.929768123e-09
80,0,2.917436252e-09,40.52083902,-2.198691312e-09,23.77160452,16.7492345,-1.218402046e-10,3.039276719e-09
81,0,3.030991666e-09,40.52817713,-2.393266779e-09,23.94964854,16.57852859,-1.203931677e-10,3.15138482e-09
82,0,3.147444188e-09,40.53723418,-2.591662093e-09,24.12559629,16.4116379,-1.186582221e-10,3.266103388e-09
83,0,3.266830135e-09,40.54788758,-2.793840423e-09,24.29946095,16.24842663,-1.166187147e-10,3.383449521e-09
84,0,3.389177354e-09,40.56002122,-2.999762827e-09,24.47125563,16.08876559,-1.142513306e-10,3.503428617e-09
85,0,3.514507222e-09,40.57352497,-3.209393931e-09,24.64099324,15.93253173,-1.115492976e-10,3.626056844e-09
86,0,3.642860963e-09,40.58829438,-3.422691158e-09,24.80868654,15.77960784,-1.084810852e-10,3.751341987e-09
87,0,3.774265999e-09,40.60423037,-3.639613444e-09,24.97434816,15.6298822,-1.050253495e-10,3.879291915e-09
88,0,3.908741219e-09,40.62123884,-3.860116088e-09,25.13799061,15.48324823,-1.011718764e-10,4.009913415e-09
89,0,4.046322945e-09,40.63923049,-4.084152308e-09,25.29962625,15.33960424,-9.688985725e-11,4.143212745e-09
90,0,4.18703541e-09,40.65812043,-4.311674379e-09,25.45926732,15.19885311,-9.21594745e-11,4.279195359e-09
91,0,4.330917104e-09,40.67782801,-4.542636878e-09,25.61692594,15.06090207,-8.694631126e-11,4.4178637e-09
92,0,4.477975593e-09,40.69827657,-4.776982893e-09,25.77261414,14.92566244,-8.12444001e-11,4.559220682e-09
93,0,4.628260225e-09,40.71939319,-5.01466331e-09,25.92634378,14.7930494,-7.500958188e-11,4.703270315e-09
94,0,4.7817991e-09,40.74110854,-5.255619578e-09,26.07812672,14.66298182,-6.820782827e-11,4.850006979e-09
95,0,4.93859669e-09,40.76335664,-5.499795522e-09,26.22797466,14.53538198,-6.083328286e-11,4.999430078e-09
96,0,5.098695867e-09,40.78607467,-5.747130279e-09,26.37589919,14.41017548,-5.284095383e-11,5.151536572e-09
97,0,5.262148497e-09,40.80920281,-5.997575242e-09,26.52191178,14.28729102,-4.419900557e-11,5.306348333e-09
98,0,5.428943729e-09,40.83268407,-6.25104913e-09,26.66602383,14.16666024,-3.488287437e-11,5.463827182e-09
99,0,5.599102491e-09,40.85646371,-6.507486661e-09,26.80824616,14.04821755,-2.486458262e-11,5.623967278e-09
100,0,5.772662121e-09,40.88049003,-6.766819327e-09,26.94859002,13.93190001,-1.409591888e-11,5.786758156e-09
101,0,5.949649963e-09,40.90471391,-7.02897366e-09,27.08706666,13.81764726,-2.537248189e-12,5.952187909e-09
102,0,6.130065333e-09,40.92908838,-7.293875885e-09,27.22368712,13.70540126,9.820338986e-12,6.120245366e-09
103,0,6.313961731e-09,40.95356869,-7.561447142e-09,27.35846241,13.59510628,2.304637037e-11,6.29091558e-09
104,0,6.501361388e-09,40.97811218,-7.831602915e-09,27.49140344,13.48670874,3.717132158e-11,6.464190766e-09
105,0,6.69227548e-09,41.00267819,-8.104258563e-09,27.62252107,13.38015712,5.222219879e-11,6.640053521e-09
106,0,6.886724606e-09,41.02722791,-8.379324852e-09,27.75182608,13.27540182,6.823297483e-11,6.818491605e-09
107,0,7.084740807e-09,41.05172433,-8.656711105e-09,27.87932918,13.17239516,8.525749551e-11,6.999484062e-09
108,0,7.286354906e-09,41.07613217,-8.936321683e-09,28.00504099,13.07109118,1.033466646e-10,7.183008091e-09
109,0,7.491564716e-09,41.10041774,-9.218060856e-09,28.12897211,12.97144564,1.225333446e-10,7.36903194e-09
110,0,7.700345798e-09,41.12454908,-9.501816625e-09,28.25113316,12.87341591,1.428412943e-10,7.557504941e-09
111,0,7.912563745e-09,41.14848747,-9.787476683e-09,28.37152656,12.77696091,1.641891068e-10,7.748374733e-09
112,0,8.128499604e-09,41.17220722,-1.007492687e-08,28.49016623,12.68204099,1.869027988e-10,7.941596963e-09
113,0,8.348035292e-09,41.19568505,-1.036404715e-08,28.60706712,12.58861793,2.109279695e-10,8.137107113e-09
114,0,8.571176732e-09,41.21889441,-1.065472628e-08,28.72223956,12.49665485,2.363120255e-10,8.334864868e-09
115,0,8.797847188e-09,41.24180994,-1.09468391e-08,28.8356938,12.40611614,2.63040173e-10,8.534807028e-09
116,0,9.028087147e-09,41.26440748,-1.124026101e-08,28.94744005,12.31696742,2.912080577e-10,8.736879192e-09
117,0,9.261979046e-09,41.28665753,-1.153487054e-08,29.05748202,12.2291755,3.209546795e-10,8.94102499e-09
118,0,9.499261279e-09,41.30854,-1.183054101e-08,29.16583164,12.14270836,3.520635727e-10,9.14719829e-09
119,0,9.740023801e-09,41.33003826,-1.212715445e-08,29.27250323,12.05753503,3.846621077e-10,9.355361541e-09
120,0,9.984236558e-09,41.35113233,-1.242457789e-08,29.37750683,11.97362551,4.187758196e-10,9.565461145e-09
121,0,1.023188319e-08,41.37180274,-1.272267174e-08,29.48085199,11.89095074,4.544623289e-10,9.777420831e-09
122,0,1.048296702e-08,41.3920311,-1.302129653e-08,29.58254844,11.80948266,4.917900531e-10,9.991177038e-09
123,0,1.073743516e-08,41.41180019,-1.332031224e-08,29.6826061,11.72919409,5.307705109e-10,1.0206665e-08
124,0,1.099524852e-08,41.43109362,-1.361957319e-08,29.78103487,11.65005874,5.714288487e-10,1.042381971e-08
125,0,1.125635455e-08,41.44989577,-1.391892992e-08,29.87784462,11.57205115,6.137877429e-10,1.064256698e-08
126,0,1.152070661e-08,41.46819183,-1.421823045e-08,29.97304517,11.49514666,6.578679268e-10,1.086283871e-08
127,0,1.17882367e-08,41.48596767,-1.451731617e-08,30.0666463,11.41932137,7.036791982e-10,1.10845577e-08
128,0,1.205885097e-08,41.50320992,-1.481602297e-08,30.1586578,11.34455213,7.512109546e-10,1.130764003e-08
129,0,1.233245823e-08,41.5199059,-1.511418597e-08,30.2490894,11.27081649,8.004499841e-10,1.153200839e-08
130,0,1.260895537e-08,41.53604355,-1.541163344e-08,30.33795085,11.19809271,8.513866279e-10,1.175756868e-08
131,0,1.288820761e-08,41.5516115,-1.570818403e-08,30.42525185,11.12635966,9.039761162e-10,1.198423169e-08
132,0,1.317007364e-08,41.56659907,-1.600365848e-08,30.51100219,11.05559688,9.581718752e-10,1.221190206e-08
133,0,1.345441199e-08,41.58099617,-1.629786169e-08,30.59521166,10.98578451,1.01393613e-09,1.244047601e-08
134,0,1.37410406e-08,41.59479323,-1.659060189e-08,30.67788998,10.91690325,1.071190608e-09,1.266985035e-08
135,0,1.402988712e-08,41.60797753,-1.688167814e-08,30.75904315,10.84893438,1.12997503e-09,1.289991253e-08
136,0,1.432049506e-08,41.62052856,-1.71708798e-08,30.83866887,10.78185969,1.189949528e-09,1.313054572e-08
137,0,1.461276534e-08,41.63245335,-1.745799506e-08,30.91679183,10.71566151,1.251137277e-09,1.336162794e-08
138,0,1.490643796e-08,41.64374426,-1.774280428e-08,30.99342158,10.65032268,1.313406051e-09,1.359303214e-08
139,0,1.520125684e-08,41.6543943,-1.802507826e-08,31.0685678,10.5858265,1.37663278e-09,1.382462425e-08
140,0,1.549692311e-08,41.66439695,-1.830458328e-08,31.14224017,10.52215677,1.440661368e-09,1.405626178e-08
141,0,1.579313631e-08,41.67374607,-1.858107804e-08,31.21444834,10.45929773,1.50533791e-09,1.428779847e-08
142,0,1.608957848e-08,41.68243563,-1.885431493e-08,31.2852015,10.39723413,1.570494151e-09,1.45190845e-08
143,0,1.638590858e-08,41.69046034,-1.912403833e-08,31.35450929,10.33595105,1.635945296e-09,1.47499632e-08
144,0,1.668193419e-08,41.69779965,-1.938998798e-08,31.42236569,10.27543396,1.701661673e-09,1.498027251e-08
145,0,1.697698891e-08,41.70446448,-1.965189209e-08,31.48879574,10.21566874,1.767139268e-09,1.520984977e-08
146,0,1.727085217e-08,41.71045118,-1.990947654e-08,31.55380956,10.15664162,1.832325652e-09,1.543852661e-08
147,0,1.756318462e-08,41.71575597,-2.016245627e-08,31.61741675,10.09833922,1.897055124e-09,1.566612988e-08
148,0,1.785361617e-08,41.72037543,-2.041053934e-08,31.67962694,10.04074849,1.961131701e-09,1.589248476e-08
149,0,1.814179952e-08,41.72430552,-2.065342171e-08,31.74044881,9.983856713,2.024389323e-09,1.611741046e-08
150,0,1.842741832e-08,41.72754335,-2.089079421e-08,31.79989183,9.927651526,2.086693623e-09,1.634072477e-08
151,0,1.87101947e-08,41.73008652,-2.112233845e-08,31.85796564,9.872120879,2.147951789e-09,1.656224304e-08
152,0,1.898985814e-08,41.7319329,-2.134772269e-08,31.91467986,9.817253032,2.208077526e-09,1.678178077e-08
153,0,1.926624983e-08,41.73308064,-2.156660768e-08,31.97004406,9.763036576,2.267093929e-09,1.699915596e-08
154,0,1.953925524e-08,41.73351373,-2.177864566e-08,32.02405336,9.709460363,2.325073772e-09,1.721418151e-08
155,0,1.980884586e-08,41.73323338,-2.198347528e-08,32.07671988,9.656513498,2.382168657e-09,1.742667724e-08
156,0,2.007507358e-08,41.73225079,-2.218072577e-08,32.12806544,9.604185357,2.438610258e-09,1.763646348e-08
157,0,2.03382019e-08,41.73056517,-2.23700107e-08,32.17809959,9.552465583,2.494830287e-09,1.784337157e-08
158,0,2.059860435e-08,41.72817586,-2.255093282e-08,32.22683172,9.501344139,2.551368061e-09,1.804723629e-08
159,0,2.08568672e-08,41.72508102,-2.272308101e-08,32.27426982,9.450811204,2.608960131e-09,1.824790716e-08
160,0,2.111380711e-08,41.72128054,-2.288602612e-08,32.32042341,9.40085713,2.66856276e-09,1.844524451e-08
161,0,2.137056357e-08,41.71677447,-2.303932324e-08,32.36530195,9.351472521,2.73143777e-09,1.863912591e-08
162,0,2.162855608e-08,41.71156309,-2.318251086e-08,32.40891485,9.302648234,2.799103643e-09,1.882945259e-08
163,0,2.188961104e-08,41.70564675,-2.331510808e-08,32.45127147,9.254375278,2.873466159e-09,1.901614496e-08
164,0,2.215608378e-08,41.69902321,-2.343661402e-08,32.49237826,9.206644943,2.956928508e-09,1.919915542e-08
165,0,2.243064082e-08,41.69167758,-2.354651021e-08,32.53222891,9.159448668,3.052181952e-09,1.937845895e-08
166,0,2.271653653e-08,41.68362928,-2.364424598e-08,32.57085115,9.112778122,3.162453466e-09,1.955408312e-08
167,0,2.301787708e-08,41.67487801,-2.372925026e-08,32.60825286,9.066625149,3.291777434e-09,1.972609975e-08
168,0,2.333942311e-08,41.66542487,-2.380092604e-08,32.64444313,9.020981743,3.444799196e-09,1.989462396e-08
169,0,2.368646631e-08,41.65526074,-2.385864406e-08,32.6794206,8.97584014,3.626627748e-09,2.005983854e-08
170,0,2.406617537e-08,41.64437405,-2.390174351e-08,32.71318136,8.931192689,3.844185553e-09,2.022198979e-08
171,0,2.448600313e-08,41.63278954,-2.392952249e-08,32.74575761,8.88703193,4.104593554e-09,2.03814095e-08
172,0,2.495451775e-08,41.62050794,-2.394125351e-08,32.77715735,8.843350594,4.416016497e-09,2.053850125e-08
173,0,2.548153792e-08,41.60753051,-2.393616655e-08,32.80738895,8.800141559,4.787755997e-09,2.069378187e-08
174,0,2.607894082e-08,41.59385739,-2.391343935e-08,32.83645956,8.757397827,5.231080263e-09,2.084786065e-08
175,0,2.675995002e-08,41.57949019,-2.387220586e-08,32.8643776,8.715112588,5.758464788e-09,2.100148529e-08
176,0,2.753952472e-08,41.56443053,-2.381154204e-08,32.89115141,8.673279128,6.383990503e-09,2.115553416e-08
177,0,2.843460358e-08,41.54868013,-2.373048148e-08,32.91678923,8.631890903,7.123535456e-09,2.131106812e-08
178,0,2.946437657e-08,41.53224105,-2.362798492e-08,32.94129953,8.590941515,7.995119011e-09,2.146925758e-08
179,0,3.065054384e-08,41.51511515,-2.350301764e-08,32.96469047,8.550424686,9.019061803e-09,2.163148212e-08
180,0,3.201606783e-08,41.49730311,-2.335439395e-08,32.98696887,8.510334238,1.0216617e-08,2.17994508e-08
181,0,3.358866853e-08,41.47880671,-2.318088629e-08,33.0081426,8.470664114,1.16136149e-08,2.197505355e-08
182,0,3.540729381e-08,41.45959493,-2.298104125e-08,33.02818653,8.431408396,1.324703452e-08,2.216025938e-08
183,0,3.749039139e-08,41.43966941,-2.275355766e-08,33.04710811,8.392561302,1.513278375e-08,2.235760782e-08
184,0,3.988194897e-08,41.41906675,-2.249683818e-08,33.06494965,8.354117104,1.731228505e-08,2.256966397e-08
185,0,4.262294125e-08,41.39778904,-2.220920466e-08,33.08171879,8.316070252,1.982355108e-08,2.27993902e-08
186,0,4.575957412e-08,41.37583774,-2.18889868e-08,33.09742248,8.278415262,2.27092376e-08,2.30503365e-08
187,0,4.934239396e-08,41.35321534,-2.153430277e-08,33.11206856,8.241146784,2.60161685e-08,2.332622547e-08
188,0,5.342658786e-08,41.32992449,-2.114309793e-08,33.12566491,8.204259579,2.979535912e-08,2.36312287e-08
189,0,5.80739418e-08,41.30596779,-2.071333012e-08,33.13821932,8.167748467,3.410376759e-08,2.397017418e-08
190,0,6.33523268e-08,41.28134773,-2.024260896e-08,33.14973929,8.131608436,3.900400014e-08,2.434832675e-08
191,0,6.933620188e-08,41.25606553,-1.97284601e-08,33.16023099,8.095834542,4.456467956e-08,2.477152238e-08
192,0,7.610549938e-08,41.23012399,-1.916862559e-08,33.16970202,8.06042197,5.085985078e-08,2.524564861e-08
193,0,8.373559783e-08,41.20350489,-1.85599521e-08,33.17813892,8.025365968,5.795736435e-08,2.577823351e-08
194,0,9.23401046e-08,41.17620898,-1.789958963e-08,33.18554709,7.990661885,6.596328667e-08,2.63768179e-08
195,0,1.020159534e-07,41.14826433,-1.718410524e-08,33.19195916,7.956305176,7.496574117e-08,2.705021224e-08
196,0,1.128752899e-07,41.11967375,-1.641020138e-08,33.19738237,7.922291373,8.506777222e-08,2.780751771e-08
197,0,1.252119505e-07,41.09042978,-1.557395939e-08,33.20181369,7.888616093,9.655265848e-08,2.865929211e-08
198,0,1.388358417e-07,41.06052723,-1.467134157e-08,33.20525219,7.855275038,1.092191826e-07,2.961665917e-08
199,0,1.540463131e-07,41.02998888,-1.369817101e-08,33.20772488,7.822264001,1.233544907e-07,3.069182229e-08
200,0,1.71000472e-07,40.9988178,-1.26492149e-08,33.20923895,7.789578847,1.39101272e-07,3.189920009e-08
201,0,1.898663987e-07,40.96701773,-1.152035103e-08,33.20980222,7.757215513,1.566144351e-07,3.325196351e-08
202,0,2.108266734e-07,40.93459237,-1.030418714e-08,33.20942237,7.72517,1.76057119e-07,3.47695544e-08
203,0,2.340348317e-07,40.90150529,-8.997486256e-09,33.20806692,7.693438372,1.975699609e-07,3.646487087e-08
204,0,2.597836127e-07,40.86779236,-7.590620021e-09,33.20577559,7.662016765,2.214206651e-07,3.836294762e-08
205,0,2.882440384e-07,40.83346717,-6.081602902e-09,33.20256576,7.630901406,2.477682021e-07,4.047583639e-08
206,0,3.196754864e-07,40.79853353,-4.458354949e-09,33.19844494,7.600088584,2.768407766e-07,4.283470979e-08
207,0,3.543325196e-07,40.76299563,-2.72003943e-09,33.19342098,7.569574653,3.088815119e-07,4.545100763e-08
208,0,3.924893466e-07,40.72685783,-8.540235186e-10,33.18750181,7.539356022,3.441306723e-07,4.835867433e-08
209,0,4.344048676e-07,40.69012496,1.142593783e-09,33.18069578,7.509429173,3.828304726e-07,5.157439505e-08
210,0,4.816101194e-07,40.6527997,3.280333935e-09,33.17300905,7.479790647,4.26479821e-07,5.51302984e-08
211,0,5.320162009e-07,40.61484332,5.566698449e-09,33.16440628,7.450437045,4.729624833e-07,5.90537176e-08
212,0,5.873168377e-07,40.57626826,8.009377384e-09,33.15490324,7.421365028,5.239434918e-07,6.337334595e-08
213,0,6.477756345e-07,40.53711913,1.061807715e-08,33.14454783,7.392571297,5.796528461e-07,6.812278842e-08
214,0,7.138014388e-07,40.49740055,1.340829102e-08,33.13334794,7.364052608,6.404529326e-07,7.334850621e-08
215,0,7.858140061e-07,40.45711729,1.638933574e-08,33.12131152,7.335805769,7.067285162e-07,7.90854899e-08
216,0,8.642771519e-07,40.41627391,1.95764113e-08,33.10844625,7.30782766,7.788951979e-07,8.538195401e-08
217,0,9.496151914e-07,40.37487526,2.298176248e-08,33.09476005,7.280115207,8.573336392e-07,9.228155217e-08
218,0,1.042373723e-06,40.33292608,2.662013891e-08,33.08026069,7.252665384,9.425398638e-07,9.98338592e-08
219,0,1.142794203e-06,40.29040009,3.050549761e-08,33.0649249,7.225475193,1.034705837e-06,1.080883656e-07
220,0,1.251988891e-06,40.24731302,3.465222122e-08,33.04877133,7.198541687,1.134891301e-06,1.170975899e-07
221,0,1.370287365e-06,40.20369377,3.907625633e-08,33.0318318,7.171861967,1.24336941e-06,1.269179551e-07
222,0,1.502565502e-06,40.1595465,4.37941553e-08,33.01411331,7.145433192,1.364957589e-06,1.376079134e-07
223,0,1.641131758e-06,40.11484432,4.882568491e-08,32.99559176,7.119252553,1.491897084e-06,1.492346747e-07
224,0,1.790754581e-06,40.06962755,5.418712686e-08,32.97631027,7.093317277,1.628893149e-06,1.61861432e-07
225,0,1.952143151e-06,40.02390185,5.989814982e-08,32.95627721,7.067624633,1.776584632e-06,1.755585195e-07
226,0,2.125546222e-06,39.97765929,6.597835685e-08,32.93548734,7.042171943,1.935147435e-06,1.90398787e-07
227,0,2.312486326e-06,39.93087955,7.244601098e-08,32.913923,7.016956551,2.106029683e-06,2.064566433e-07
228,0,2.51352463e-06,39.88361145,7.932621882e-08,32.89163561,6.991975832,2.289708417e-06,2.238162135e-07
229,0,2.729575688e-06,39.8358609,8.664252937e-08,32.86863368,6.967227216,2.48701302e-06,2.425626684e-07
230,0,2.961468579e-06,39.78763359,9.441875409e-08,32.84492542,6.942708169,2.698683493e-06,2.627850867e-07
231,0,3.210156599e-06,39.73893548,1.02680212e-07,32.8205193,6.918416185,2.925579559e-06,2.845770405e-07
232,0,3.47656452e-06,39.68977223,1.114538256e-07,32.79542346,6.894348778,3.168526818e-06,3.080377025e-07
233,0,3.768899987e-06,39.64014333,1.207677693e-07,32.76963982,6.870503504,3.43563044e-06,3.332695475e-07
234,0,4.074095793e-06,39.58997998,1.306515997e-07,32.74310201,6.846877965,3.713714688e-06,3.603811043e-07
235,0,4.400150393e-06,39.53937461,1.411364295e-07,32.71590482,6.823469793,4.010664631e-06,3.894857616e-07
236,0,4.748131031e-06,39.48833337,1.522511623e-07,32.68805674,6.800276633,4.327434819e-06,4.206962115e-07
237,0,5.119404248e-06,39.43686227,1.640323726e-07,32.65956611,6.777296163,4.665264462e-06,4.54139786e-07
238,0,5.51523138e-06,39.38496745,1.765104474e-07,32.63044134,6.754526107,5.025293866e-06,4.899375142e-07
239,0,5.936814875e-06,39.33265419,1.897233768e-07,32.60069001,6.73196418,5.408588371e-06,5.282265041e-07
240,0,6.384750065e-06,39.27991736,2.037081612e-07,32.57030921,6.709608144,5.815606552e-06,5.691435134e-07
241,0,6.861891667e-06,39.22673593,2.18502257e-07,32.53928013,6.687455801,6.249062503e-06,6.128291638e-07
242,0,7.369166066e-06,39.17315705,2.341406805e-07,32.50765207,6.665504975,6.709746109e-06,6.594199573e-07
243,0,7.907596902e-06,39.11918623,2.506595726e-07,32.47543271,6.643753516,7.198532166e-06,7.090647361e-07
244,0,8.478939692e-06,39.06479615,2.681070587e-07,32.44259687,6.622199279,7.717006425e-06,7.619332672e-07
245,0,9.083090604e-06,39.01002515,2.86515186e-07,32.40918499,6.600840156,8.264924961e-06,8.181656439e-07
246,0,9.72319614e-06,38.95488087,3.059253836e-07,32.37520682,6.579674045,8.845273051e-06,8.779230885e-07
247,0,1.040045429e-05,38.89934355,3.263813028e-07,32.34064466,6.558698885,9.459081198e-06,9.413730887e-07
248,0,1.111731945e-05,38.84342641,3.479281551e-07,32.30551378,6.537912629,1.010863024e-05,1.008689208e-06
249,0,1.187502748e-05,38.78715586,3.706112896e-07,32.2698426,6.517313263,1.079497825e-05,1.080049229e-06
250,0,1.267535302e-05,38.73053696,3.944788872e-07,32.23363817,6.496898786,1.151971591e-05,1.155637113e-06
251,0,1.352005662e-05,38.67357417,4.195828946e-07,32.19690696,6.476667206,1.228440959e-05,1.235647023e-06
252,0,1.441117954e-05,38.61627291,4.459725412e-07,32.15965635,6.456616567,1.30909064e-05,1.32027314e-06
253,0,1.531744311e-05,38.55862809,4.737077968e-07,32.12188315,6.436744943,1.390772041e-05,1.4097227e-06
254,0,1.630584577e-05,38.50059178,5.028265978e-07,32.08354136,6.417050419,1.480166509e-05,1.504180678e-06
255,0,1.73459533e-05,38.44223434,5.333852035e-07,32.04470326,6.397531086,1.574209501e-05,1.603858292e-06
256,0,1.844021512e-05,38.3835608,5.654381622e-07,32.00537576,6.378185044,1.673124651e-05,1.708968611e-06
257,0,1.959072942e-05,38.32457601,5.990433969e-07,31.96556557,6.359010437,1.777100038e-05,1.819729037e-06
258,0,2.079957499e-05,38.26528381,6.342532353e-07,31.9252784,6.340005408,1.886321672e-05,1.936358276e-06
259,0,2.206910112e-05,38.20568795,6.711265466e-07,31.88451983,6.32116812,2.001001997e-05,2.059081157e-06
260,0,2.340043254e-05,38.14578429,7.097051673e-07,31.84328755,6.302496747,2.121232592e-05,2.188106622e-06
261,0,2.479678759e-05,38.08556027,7.500664834e-07,31.80157079,6.283989474,2.247309841e-05,2.323689177e-06
262,0,2.626076832e-05,38.02504555,7.922771051e-07,31.75940103,6.265644521,2.37946962e-05,2.466072125e-06
263,0,2.768018402e-05,37.96422012,8.364001919e-07,31.71676002,6.247460107,2.506468404e-05,2.615499975e-06
264,0,2.928432551e-05,37.90309742,8.824859361e-07,31.67366295,6.229434465,2.651212345e-05,2.772202059e-06
265,0,3.096366867e-05,37.84169005,9.306050001e-07,31.63012421,6.211565838,2.802723303e-05,2.936435641e-06
266,0,3.272077084e-05,37.78000005,9.80821205e-07,31.58614756,6.193852493,2.961232038e-05,3.108450458e-06
267,0,3.455844457e-05,37.71802696,1.033191245e-06,31.54173425,6.176292709,3.126995904e-05,3.28848553e-06
268,0,3.647889751e-05,37.65575157,1.08779076e-06,31.4968668,6.158884775,3.300207921e-05,3.476818298e-06
269,0,3.848507881e-05,37.59319827,1.144685985e-06,31.45157127,6.141626994,3.481136943e-05,3.673709383e-06
270,0,4.058371012e-05,37.53036975,1.203974248e-06,31.40585207,6.124517687,3.670423495e-05,3.879475168e-06
271,0,4.277426976e-05,37.46726735,1.265698231e-06,31.35971216,6.107555186,3.867993587e-05,4.094333884e-06
272,0,4.483252791e-05,37.40388788,1.329913759e-06,31.31315006,6.090737824,4.051399592e-05,4.318531987e-06
273,0,4.721218147e-05,37.34021259,1.396677501e-06,31.26614866,6.074063939,4.265986385e-05,4.552317624e-06
274,0,4.969398091e-05,37.27626865,1.466073439e-06,31.21873675,6.057531898,4.489801006e-05,4.795970851e-06
275,0,5.227964361e-05,37.21205375,1.538172403e-06,31.17091368,6.04114007,4.722987257e-05,5.049771042e-06
276,0,5.49720301e-05,37.14755994,1.613054447e-06,31.12267311,6.024886829,4.965802783e-05,5.314002271e-06
277,0,5.777389507e-05,37.08280048,1.690785819e-06,31.07402993,6.008770557,5.218496166e-05,5.588933415e-06
278,0,6.068874454e-05,37.01777485,1.771439106e-06,31.02498521,5.992789642,5.481390948e-05,5.874835053e-06
279,0,6.371997046e-05,36.95248257,1.855085182e-06,30.97554007,5.976942496,5.754798872e-05,6.171981737e-06
280,0,6.687048458e-05,36.88692272,1.941794939e-06,30.92569519,5.96122753,6.038984803e-05,6.480636547e-06
281,0,7.014353707e-05,36.82109437,2.031635026e-06,30.87545121,5.945643154,6.334247646e-05,6.801060614e-06
282,0,7.322904668e-05,36.75497847,2.12466779e-06,30.82479068,5.930187794,6.609554137e-05,7.133505313e-06
283,0,7.675920006e-05,36.68858431,2.220907806e-06,30.77372443,5.914859886,6.928106788e-05,7.478132183e-06
284,0,8.042209855e-05,36.62191272,2.320497743e-06,30.72225484,5.899657877,7.258676262e-05,7.835335926e-06
285,0,8.422098241e-05,36.55496317,2.423504178e-06,30.67038296,5.884580212,7.601561363e-05,8.20536878e-06
286,0,8.817080441e-05,36.48773731,2.530069657e-06,30.61811197,5.869625345,7.958217702e-05,8.588627394e-06
287,0,9.226347914e-05,36.42023167,2.640188002e-06,30.56543993,5.85479174,8.327825255e-05,8.985226597e-06
288,0,9.65040937e-05,36.35244337,2.753937569e-06,30.51236552,5.840077855,8.710866718e-05,9.395426518e-06
289,0,0.0001008945215,36.28436949,2.871371852e-06,30.45888732,5.825482163,9.107507164e-05,9.819449843e-06
290,0,0.0001054392195,36.21600615,2.99256345e-06,30.405003,5.811003144,9.518167008e-05,1.025754946e-05
291,0,0.0001098135586,36.14734813,3.117578989e-06,30.35070884,5.796639285,9.910360523e-05,1.070995335e-05
292,0,0.0001146803231,36.07837175,3.246462484e-06,30.29598267,5.782389078,0.0001035034646,1.117685852e-05
293,0,0.000119722616,36.00909224,3.379259275e-06,30.24084122,5.768251021,0.0001080641682,1.165844776e-05
294,0,0.0001249393494,35.93949993,3.516125945e-06,30.18527631,5.754223619,0.000112784245,1.215510446e-05
295,0,0.000130334389,35.86959413,3.657147075e-06,30.12928875,5.74030538,0.0001176673088,1.266708017e-05
296,0,0.0001359113301,35.79936931,3.802366801e-06,30.0728745,5.726494815,0.0001227167812,1.319454893e-05
297,0,0.0001416725637,35.72881919,3.951834713e-06,30.01602875,5.712790439,0.0001279348778,1.373768593e-05
298,0,0.0001476250069,35.65793676,4.105617701e-06,29.95874598,5.699190772,0.0001333282997,1.429670727e-05
299,0,0.0001537642325,35.58671357,4.263564159e-06,29.90101924,5.685694335,0.0001388928066,1.487142588e-05
300,0,0.0001600878219,35.51514261,4.425797628e-06,29.84284295,5.672299658,0.0001446257198,1.546210209e-05
301,0,0.00016660613,35.44321796,4.592431297e-06,29.78421269,5.659005269,0.0001505371453,1.60689847e-05
302,0,0.0001730732021,35.37092261,4.763418699e-06,29.72511291,5.645809698,0.0001563811443,1.669205779e-05
303,0,0.0001799827198,35.29825756,4.938767503e-06,29.66554608,5.63271148,0.0001626513139,1.733140592e-05
304,0,0.0001871145667,35.22521959,5.118615091e-06,29.60551043,5.619709159,0.0001691272711,1.798729556e-05
305,0,0.0001944390065,35.1517993,5.302893869e-06,29.54499801,5.606801285,0.0001757793303,1.86596762e-05
306,0,0.000201966727,35.07799042,5.491732362e-06,29.48400401,5.593986406,0.0001826179441,1.934878296e-05
307,0,0.000209700436,35.00378548,5.6851492e-06,29.4225224,5.581263078,0.0001896457756,2.005466044e-05
308,0,0.000217649713,34.92917638,5.883249056e-06,29.36054652,5.568629857,0.0001968722101,2.077750293e-05
309,0,0.000225814535,34.85415508,6.085996694e-06,29.29806978,5.556085302,0.0002042972886,2.151724635e-05
310,0,0.0002341934425,34.77871284,6.293376284e-06,29.23508487,5.543627975,0.0002119195781,2.227386434e-05
311,0,0.000242787493,34.70284066,6.505433844e-06,29.17158421,5.531256447,0.0002197400655,2.304742751e-05
312,0,0.0002515995284,34.62652938,6.722136547e-06,29.10756009,5.518969287,0.0002277616839,2.38378445e-05
313,0,0.0002605512775,34.54976618,6.943514368e-06,29.0430011,5.506765073,0.0002359061462,2.464513124e-05
314,0,0.0002698104979,34.4725394,7.169578229e-06,28.97789702,5.494642381,0.0002443412332,2.546926474e-05
315,0,0.0002792940691,34.39484596,7.400355283e-06,28.91224616,5.482599795,0.0002529838286,2.631024042e-05
316,0,0.0002890038022,34.31667608,7.635890913e-06,28.84604019,5.470635897,0.0002618357205,2.716808168e-05
317,0,0.0002989425512,34.23801961,7.87603227e-06,28.77927033,5.458749276,0.0002709001097,2.804244147e-05
318,0,0.0003091079034,34.15886618,8.120918581e-06,28.71192766,5.44693852,0.000280174428,2.893347542e-05
319,0,0.0003195040996,34.07920515,8.370461389e-06,28.64400293,5.435202225,0.0002896631742,2.984092538e-05
320,0,0.0003301322803,33.99902561,8.62464977e-06,28.57548662,5.42353899,0.0002993675507,3.076472959e-05
321,0,0.0003409961374,33.91831653,8.883405853e-06,28.50636911,5.411947418,0.000309291543,3.170459445e-05
322,0,0.000352091501,33.83706662,9.146877147e-06,28.43664051,5.400426115,0.0003194308537,3.266064734e-05
323,0,0.0003634212913,33.75526446,9.415120229e-06,28.36629076,5.388973692,0.0003297884459,3.363284541e-05
324,0,0.0003749997154,33.67289874,9.68815445e-06,28.29530997,5.377588767,0.0003403786479,3.462106748e-05
325,0,0.0003868388269,33.58995739,9.96584463e-06,28.22368743,5.366269958,0.0003512139286,3.562489821e-05
326,0,0.0003989750747,33.5064237,1.024796665e-05,28.15140782,5.35501588,0.0003623312214,3.664385338e-05
327,0,0.0004112762134,33.42228992,1.053457307e-05,28.07846477,5.343825149,0.0003735983663,3.767784717e-05
328,0,0.0004238099793,33.33754482,1.082550887e-05,28.00484844,5.332696383,0.0003850835548,3.872642449e-05
329,0,0.000436577249,33.25217631,1.112076078e-05,27.93054811,5.321628208,0.0003967878793,3.978936978e-05
330,0,0.0004495645007,33.166172,1.14202422e-05,27.85555274,5.310619258,0.0004086982944,4.08662063e-05
331,0,0.0004627849279,33.07951936,1.172392183e-05,27.7798512,5.299668166,0.0004208281127,4.195681523e-05
332,0,0.0004762427025,32.99220591,1.203162363e-05,27.70343235,5.288773566,0.0004331820237,4.306067879e-05
333,0,0.0004899418763,32.90421938,1.234352524e-05,27.62628528,5.277934093,0.000445764025,4.417785127e-05
334,0,0.0005038691132,32.81554697,1.265942576e-05,27.54839858,5.267148389,0.0004585613672,4.530774593e-05
335,0,0.0005180243648,32.72617583,1.29792807e-05,27.46976073,5.256415103,0.0004715743362,4.645002863e-05
336,0,0.0005324061956,32.63609261,1.33030146e-05,27.39035972,5.245732883,0.0004848018835,4.760431205e-05
337,0,0.0005470136719,32.54528453,1.363052793e-05,27.31018414,5.235100387,0.0004982435136,4.877015824e-05
338,0,0.0005618422519,32.45373858,1.39617938e-05,27.22922232,5.224516269,0.0005118950259,4.9947226e-05
339,0,0.0005769903225,32.36144112,1.429679433e-05,27.14746193,5.213979194,0.0005258550968,5.113522563e-05
340,0,0.0005922550739,32.2683769,1.46352942e-05,27.06488906,5.203487838,0.0005399214496,5.233362428e-05
341,0,0.0006077359654,32.17453521,1.49772317e-05,26.98149433,5.193040878,0.0005541941021,5.35418633e-05
342,0,0.000623436535,32.07990258,1.532255286e-05,26.89726559,5.182636989,0.0005686769599,5.475957517e-05
343,0,0.0006393470378,31.98446538,1.56711031e-05,26.81219053,5.17227485,0.0005833608638,5.598617402e-05
344,0,0.0006554652791,31.88820959,1.602277739e-05,26.72625645,5.161953147,0.0005982441005,5.722117858e-05
345,0,0.0006717872678,31.79112242,1.637744109e-05,26.63945185,5.151670571,0.0006133232139,5.846405397e-05
346,0,0.0006883148225,31.69319031,1.673503128e-05,26.55176449,5.141425815,0.0006286004507,5.971437186e-05
347,0,0.0007050601392,31.59439903,1.709552901e-05,26.46318145,5.131217584,0.000644088396,6.097174317e-05
348,0,0.0007220011651,31.49473498,1.745868951e-05,26.37369039,5.121044584,0.0006597656828,6.22354823e-05
349,0,0.0007391336936,31.39418563,1.782445765e-05,26.28328011,5.110905523,0.0006756285465,6.35051471e-05
350,0,0.0007564560922,31.29273635,1.819263608e-05,26.19193723,5.100799119,0.0006916759949,6.478009732e-05
351,0,0.0007739586763,31.19037345,1.856316058e-05,26.09964936,5.090724093,0.0007078988086,6.60598677e-05
352,0,0.0007916401058,31.08708226,1.893591954e-05,26.00640309,5.080679172,0.0007242961638,6.734394207e-05
353,0,0.0008094977439,30.98284995,1.931079081e-05,25.91218686,5.070663091,0.000740865964,6.86317799e-05
354,0,0.0008198080379,30.92294422,1.948676597e-05,25.85727238,5.065671844,0.0007505391096,6.926892835e-05
355,0,0.0008302765646,30.86182121,1.966746242e-05,25.80124121,5.060579996,0.00076035453,6.992203465e-05
356,0,0.0008409627162,30.79943629,1.985293897e-05,25.74405031,5.055385986,0.0007703714757,7.059124055e-05
357,0,0.000851875441,30.73574631,2.004324904e-05,25.68565811,5.050088204,0.0007805987687,7.127667226e-05
358,0,0.0008630191294,30.67070775,2.023846902e-05,25.62602275,5.044684993,0.0007910406346,7.197849485e-05
359,0,0.00087440167,30.60427631,2.043867548e-05,25.56510167,5.039174644,0.0008017047975,7.26968725e-05
360,0,0.0008860263958,30.53640673,2.06439517e-05,25.50285133,5.033555399,0.0008125944315,7.343196439e-05
361,0,0.0008978974434,30.46705692,2.085432392e-05,25.43923147,5.027825444,0.0008237136252,7.418381821e-05
362,0,0.0009100255636,30.39618383,2.10699314e-05,25.37420091,5.021982915,0.0008350728687,7.495269486e-05
363,0,0.0009224153307,30.32374307,2.129089829e-05,25.30771718,5.016025888,0.0008466765388,7.573879188e-05
364,0,0.0009350740603,30.24968953,2.151721868e-05,25.23973714,5.009952384,0.0008585319403,7.654212006e-05
365,0,0.0009480124384,30.17397743,2.174896032e-05,25.17021706,5.003760373,0.000870649451,7.736298746e-05
366,0,0.0009612263776,30.09656136,2.198629685e-05,25.09911361,4.997447754,0.0008830249945,7.820138309e-05
367,0,0.0009747246508,30.01739111,2.22293003e-05,25.02637875,4.991012362,0.0008956672179,7.905743296e-05
368,0,0.0009885055909,29.93641647,2.247805725e-05,24.9519645,4.984451967,0.0009085743594,7.993123147e-05
369,0,0.001002596224,29.85358509,2.273265618e-05,24.87582082,4.977764272,0.0009217733624,8.082286204e-05
370,0,0.001016966711,29.76884702,2.299312104e-05,24.79790011,4.970946913,0.0009352344611,8.173225014e-05
371,0,0.00103164087,29.68214914,2.32595924e-05,24.71815169,4.963997451,0.0009489813024,8.265956749e-05
372,0,0.001046622806,29.59343671,2.353219983e-05,24.63652334,4.956913367,0.0009630179071,8.360489927e-05
373,0,0.001061916997,29.50265214,2.381101739e-05,24.55296007,4.949692066,0.0009773487548,8.456824177e-05
374,0,0.001077532324,29.40973681,2.409619136e-05,24.46740595,4.942330865,0.0009919826631,8.554966115e-05
375,0,0.001093461848,29.31463228,2.438774992e-05,24.37980528,4.934826999,0.00100691285,8.654899745e-05
376,0,0.001109715211,29.21727312,2.468579558e-05,24.29009551,4.927177609,0.001022149021,8.756619026e-05
377,0,0.001126297212,29.11759439,2.499039141e-05,24.19821465,4.919379744,0.001037696117,8.860109517e-05
378,0,0.001143194723,29.01552706,2.53016131e-05,24.10409671,4.911430353,0.001053541207,8.965351557e-05
379,0,0.001160432628,28.91100284,2.561964048e-05,24.00767656,4.90332628,0.001069709195,9.072343336e-05
380,0,0.001178007753,28.8039511,2.594451126e-05,23.90888684,4.895064265,0.001086197197,9.181055588e-05
381,0,0.001195928665,28.6942975,2.627651887e-05,23.80765657,4.886640932,0.001103013784,9.29148812e-05
382,0,0.001214189657,28.58196484,2.661575767e-05,23.70391205,4.878052793,0.001120153541,9.403611618e-05
383,0,0.001232790361,28.46687365,2.696242063e-05,23.59757742,4.86929623,0.001137616309,9.517405181e-05
384,0,0.001251733331,28.34894178,2.731658294e-05,23.48857428,4.860367498,0.001155405089,9.632824186e-05
385,0,0.001271027227,28.22808471,2.767842664e-05,23.376822,4.85126271,0.001173528936,9.749829017e-05
386,0,0.001290656923,28.10421647,2.804815456e-05,23.26223863,4.841977837,0.001191973045,9.868387817e-05
387,0,0.001310629799,27.97724358,2.842607266e-05,23.14473488,4.832508706,0.001210745107,9.988469225e-05
388,0,0.001330948375,27.84707178,2.881226549e-05,23.0242208,4.822850981,0.001229848369,0.0001011000059
389,0,0.001351610813,27.71360353,2.920712434e-05,22.90060336,4.813000163,0.001249281316,0.0001023294968
390,0,0.001372315383,27.5787667,2.960083124e-05,22.7756179,4.8031488,0.001268766187,0.0001035491964
391,0,0.001393034281,27.44256651,2.999353281e-05,22.64927058,4.793295925,0.001288275644,0.0001047586366
392,0,0.001413791876,27.30500288,3.038521415e-05,22.52156279,4.783440091,0.001307834154,0.000105957722
393,0,0.001434566808,27.16607267,3.077580726e-05,22.39249275,4.773579917,0.001327420282,0.0001071465256
394,0,0.001455354175,27.0257706,3.116526269e-05,22.26205651,4.763714089,0.001347029154,0.0001083250213
395,0,0.00147615073,26.88409065,3.155351847e-05,22.1302493,4.753841347,0.001366657623,0.0001094931073
396,0,0.001496947703,26.74102626,3.19406193e-05,21.99706579,4.743960468,0.00138629688,0.0001106508228
397,0,0.00151773976,26.59656991,3.232650972e-05,21.86249964,4.73407027,0.001405941655,0.0001117981048
398,0,0.001538532411,26.45071454,3.271114698e-05,21.72654494,4.724169603,0.001425597515,0.0001129348956
399,0,0.001559316869,26.30345415,3.30946105e-05,21.5891968,4.71425735,0.001445255605,0.0001140612641
400,0,0.001580085551,26.15478204,3.347688385e-05,21.45044962,4.704332417,0.001464908304,0.0001151772469
401,0,0.001600832204,26.00468875,3.385799195e-05,21.310295,4.694393744,0.001484549293,0.0001162829115
402,0,0.001621561313,25.85316712,3.423795065e-05,21.16872683,4.684440291,0.001504182918,0.0001173783946
403,0,0.001642283186,25.70020949,3.461684733e-05,21.02573845,4.67447104,0.001523819386,0.0001184637999
404,0,0.001662960084,25.54580662,3.499467872e-05,20.88132163,4.664484992,0.001543420883,0.0001195392019
405,0,0.001683698876,25.38995366,3.537162102e-05,20.7354725,4.654481168,0.001563093962,0.0001206049141
406,0,0.001704310497,25.23264638,3.574781838e-05,20.58818777,4.644458607,0.001582649304,0.0001216611935
407,0,0.001725015095,25.07387584,3.612327418e-05,20.43945947,4.63441637,0.001602306906,0.0001227081893
408,0,0.001745842435,24.91363993,3.649809797e-05,20.2892864,4.624353531,0.001622096254,0.0001237461802
409,0,0.001766231598,24.75192924,3.687239293e-05,20.13766006,4.614269186,0.001641456085,0.0001247755125
410,0,0.001787314954,24.58874404,3.72461134e-05,19.98458159,4.604162445,0.00166151891,0.0001257960446
411,0,0.001807938353,24.42407377,3.761899233e-05,19.8300413,4.594032466,0.001681128949,0.0001268094041
412,0,0.001828423862,24.25791412,3.799183087e-05,19.67403571,4.58387841,0.001700608949,0.0001278149137
413,0,0.001847465274,24.09026691,3.83647689e-05,19.51656749,4.573699421,0.001718652224,0.0001288130501
414,0,0.00186799317,23.92112906,3.873791431e-05,19.3576344,4.563494652,0.001738189154,0.0001298040159
415,0,0.001888687837,23.75048585,3.911142086e-05,19.19722257,4.55326328,0.001757899278,0.0001307885592
416,0,0.001908360317,23.57834451,3.948548163e-05,19.03534,4.543004506,0.00177659314,0.0001317671763
417,0,0.001928611153,23.40470175,3.986022804e-05,18.87198421,4.532717539,0.001795870902,0.0001327402515
418,0,0.001948838676,23.22955624,4.023589382e-05,18.70715463,4.522401604,0.001815130272,0.0001337084049
419,0,0.001969493699,23.05289879,4.061269562e-05,18.54084285,4.512055941,0.001834821496,0.0001346722031
420,0,0.001989098392,22.87472739,4.099085372e-05,18.37304759,4.501679805,0.001853466069,0.0001356323239
421,0,0.002009201087,22.69504862,4.137054677e-05,18.20377616,4.491272465,0.001872611779,0.0001365893085
422,0,0.002029277907,22.51385753,4.175195255e-05,18.03302432,4.480833208,0.001891734045,0.0001375438625
423,0,0.002049391332,22.33115638,4.213537419e-05,17.86079505,4.470361332,0.001910894694,0.0001384966379
424,0,0.002069436298,22.1469476,4.252104335e-05,17.68709145,4.459856152,0.001929987955,0.0001394483431
425,0,0.002089851031,21.96122159,4.290920031e-05,17.51190459,4.449316995,0.001949451321,0.0001403997103
426,0,0.00210944521,21.77398055,4.330016995e-05,17.33523735,4.438743201,0.001968093693,0.0001413515179
427,0,0.002129387245,21.5852354,4.36941376e-05,17.15710127,4.428134122,0.001987082766,0.0001423044794
428,0,0.002149492318,21.39498459,4.409135288e-05,16.97749546,4.417489128,0.002006232772,0.0001432595459
429,0,0.002169539317,21.2032317,4.449209911e-05,16.79642409,4.406807608,0.002025321913,0.0001442174044
430,0,0.002189246033,21.00997258,4.489670646e-05,16.61388362,4.39608896,0.002044067028,0.0001451790045
431,0,0.002209558252,20.8152123,4.530535071e-05,16.4298797,4.385332601,0.002063413045,0.000146145207
432,0,0.002229740052,20.618955,4.571850744e-05,16.24441704,4.374537957,0.002082623042,0.0001471170101
433,0,0.00224968092,20.42121022,4.61363553e-05,16.05750575,4.363704467,0.00210158583,0.0001480950906
434,0,0.002269384678,20.22197827,4.655924784e-05,15.86914668,4.352831585,0.002120304172,0.0001490805069
435,0,0.002289667157,20.02126462,4.698736803e-05,15.67934584,4.341918785,0.002139593027,0.0001500741296
436,0,0.002309963931,19.81907764,4.741938813e-05,15.48811208,4.330965567,0.002158884845,0.000151079086
437,0,0.002329796732,19.61541926,4.7857409e-05,15.29544775,4.3199715,0.002177703168,0.0001520935638
438,0,0.002350269855,19.41029613,4.830158817e-05,15.10136005,4.308936083,0.002197151465,0.0001531183901
439,0,0.002370801175,19.20370036,4.875223292e-05,14.90584155,4.297858816,0.002216646695,0.0001541544795
440,0,0.002390672601,18.9956646,4.920944449e-05,14.70892537,4.286739231,0.002235469844,0.0001552027576
441,0,0.002411294084,18.78618614,4.967331066e-05,14.51060927,4.275576873,0.00225502999,0.0001562640945
442,0,0.002431423369,18.5752698,5.014402762e-05,14.3108985,4.264371307,0.002274083891,0.0001573394778
443,0,0.002451615196,18.36293003,5.062177804e-05,14.10980792,4.25312211,0.002293185465,0.0001584297304
444,0,0.002472045045,18.14917116,5.110672792e-05,13.90734228,4.241828877,0.002312509329,0.0001595357157
445,0,0.002493044734,17.93401433,5.159897573e-05,13.70352311,4.230491212,0.002332386458,0.000160658276
446,0,0.002514190843,17.71745366,5.209872466e-05,13.49834492,4.219108737,0.002352392624,0.0001617982191
447,0,0.002535016975,17.49950588,5.260600872e-05,13.29182479,4.207681087,0.002372060747,0.0001629562275
448,0,0.002556345135,17.28018265,5.312079594e-05,13.08397475,4.196207906,0.002392212208,0.000164132927
449,0,0.00257781496,17.05948617,5.364337434e-05,12.87479731,4.18468886,0.002412485627,0.0001653293336
450,0,0.002599419023,16.837435,5.417377507e-05,12.66431137,4.173123631,0.00243287293,0.0001665460927
451,0,0.002620922257,16.61403995,5.471207292e-05,12.45252804,4.161511911,0.002453138459,0.0001677837984
452,0,0.002642788333,16.38931462,5.525817339e-05,12.23946121,4.149853408,0.002473745335,0.0001690429978
453,0,0.002664845787,16.16327017,5.581136068e-05,12.02512232,4.138147848,0.002494522924,0.0001703228634
454,0,0.002686994264,15.93591721,5.637200315e-05,11.80952223,4.126394974,0.002515369489,0.0001716247748
455,0,0.002709268126,15.7072747,5.694041113e-05,11.59268016,4.114594542,0.002536318231,0.0001729498946
456,0,0.002731542555,15.47735525,5.751638867e-05,11.37460893,4.10274632,0.002557244114,0.0001742984416
457,0,0.002754062372,15.24617368,5.809968973e-05,11.15532359,4.090850093,0.002578391819,0.0001756705534
458,0,0.002776700078,15.01374248,5.869007419e-05,10.93483682,4.078905661,0.00259963376,0.000177066318
459,0,0.002799444918,14.78007577,5.928723901e-05,10.71316294,4.066912837,0.002620959171,0.000178485747
460,0,0.002822355951,14.54519794,5.989076509e-05,10.49032649,4.054871452,0.002642427074,0.0001799288769
461,0,0.002845219314,14.30911976,6.050027187e-05,10.26633841,4.042781357,0.002663823765,0.0001813955492
462,0,0.002868247932,14.07186072,6.111537366e-05,10.04121831,4.030642416,0.002685362433,0.0001828854994
463,0,0.00288140171,13.93343937,6.139183077e-05,9.90884605,4.024593318,0.002697774686,0.0001836270241
464,0,0.002894768334,13.7926967,6.167631315e-05,9.774300666,4.018396037,0.002710376081,0.0001843922532
465,0,0.002908423025,13.64954131,6.196903256e-05,9.637493378,4.012047933,0.002723241332,0.0001851816926
466,0,0.002922106229,13.50388222,6.227014674e-05,9.498335992,4.005546232,0.002736110415,0.0001859958143
467,0,0.00293519156,13.35563087,6.257966797e-05,9.356742839,3.99888803,0.002748356804,0.000186834757
468,0,0.002948036991,13.20471302,6.289780512e-05,9.212642726,3.99207029,0.002760337956,0.0001876990347
469,0,0.002960395548,13.05105424,6.322463688e-05,9.065964394,3.985089849,0.002771806477,0.0001885890719
470,0,0.002974700383,12.89458675,6.356026274e-05,8.916643334,3.977943412,0.002785195102,0.0001895052803
471,0,0.002989383948,12.73523252,6.390497857e-05,8.764604965,3.97062756,0.0027989354,0.0001904485481
472,0,0.003004558512,12.57293677,6.425900647e-05,8.609798029,3.963138744,0.00281313889,0.0001914196226
473,0,0.003020733188,12.40762602,6.462263258e-05,8.452152729,3.955473289,0.002828313775,0.0001924194128
474,0,0.00303622283,12.23925336,6.49959928e-05,8.291625967,3.947627393,0.002842774274,0.0001934485561
475,0,0.003053892793,12.06774516,6.537904799e-05,8.128148032,3.939597125,0.002859385402,0.0001945073911
476,0,0.003069891643,11.89303776,6.577193752e-05,7.961659333,3.931378428,0.002874295029,0.0001955966143
477,0,0.003086760564,11.71508599,6.617458879e-05,7.792118877,3.922967114,0.002890043995,0.0001967165693
478,0,0.003104988063,11.53381243,6.658701235e-05,7.619453561,3.914358867,0.002907120298,0.0001978677652
479,0,0.003121655212,11.34916628,6.700931749e-05,7.443617037,3.90554924,0.002922604579,0.0001990506327
480,0,0.00314115776,11.16108578,6.743889086e-05,7.264552098,3.896533685,0.002940889329,0.000200268431
481,0,0.003158251185,10.96950817,6.787843129e-05,7.082200645,3.887307521,0.002956732963,0.0002015182228
482,0,0.003175330924,10.77439794,6.832753177e-05,6.896532035,3.877865906,0.002972530939,0.000202799985
483,0,0.003195302235,10.57567257,6.878587518e-05,6.707468703,3.868203867,0.00299118838,0.0002041138547
484,0,0.003212758458,10.3732777,6.925320416e-05,6.514961396,3.8583163,0.003007298417,0.0002054600409
485,0,0.003232723507,10.16716069,6.972895648e-05,6.318962722,3.848197965,0.003025885304,0.0002068382028
486,0,0.003255079588,9.957211115,7.021267963e-05,6.119367623,3.837843493,0.003046831402,0.0002082481862
487,0,0.003273356658,9.743378515,7.070390828e-05,5.916131135,3.82724738,0.003063666994,0.0002096896637
488,0,0.003291475928,9.525639694,7.120169143e-05,5.709235702,3.816403992,0.003080314352,0.0002111615764
489,0,0.003308953232,9.303936851,7.170525021e-05,5.498629292,3.805307559,0.003096290202,0.0002126630308
490,0,0.003326240416,9.078219684,7.221357534e-05,5.284267509,3.793952175,0.00311204771,0.0002141927063
491,0,0.003343428256,8.848422354,7.272566067e-05,5.066090554,3.7823318,0.003127679092,0.0002157491644
492,0,0.003360139669,8.614503187,7.324029697e-05,4.84406292,3.770440267,0.003142809119,0.0002173305499
493,0,0.003376590737,8.376404599,7.375607114e-05,4.618133327,3.758271272,0.003157656192,0.0002189345451
494,0,0.003392220845,8.134067112,7.427151844e-05,4.388248729,3.745818384,0.003171662247,0.0002205585978
495,0,0.003407481198,7.887450044,7.478497459e-05,4.154375005,3.733075038,0.003185281622,0.0002221995763
496,0,0.003422095388,7.636496925,7.529454985e-05,3.916462374,3.720034551,0.00319824141,0.0002238539777
497,0,0.003435709829,7.381160908,7.579820963e-05,3.674470793,3.706690115,0.003210192113,0.0002255177158
498,0,0.003448591625,7.121396159,7.629369598e-05,3.428361352,3.693034807,0.003221405421,0.0002271862043
499,0,0.003460045988,6.860929641,7.676542488e-05,3.181591548,3.679338094,0.003231223073,0.000228822915
500,0,0.003470141685,6.599831667,7.721185596e-05,2.934231503,3.665600165,0.003239717268,0.0002304244166
501,0,0.003479215255,6.338152932,7.76313966e-05,2.686332284,3.651820649,0.003247228297,0.0002319869585
502,0,0.003486888764,6.07593979,7.802267066e-05,2.437940449,3.637999341,0.003253381824,0.0002335069395
503,0,0.003493084621,5.813235588,7.838429385e-05,2.189099405,3.624136183,0.00325810396,0.0002349806613
504,0,0.003497725117,5.550081418,7.871497362e-05,1.939850182,3.610231236,0.003261320694,0.0002364044232
505,0,0.0035007427,5.286516952,7.901347953e-05,1.690232285,3.596284667,0.003262968189,0.0002377745112
506,0,0.003502066336,5.022581011,7.927861133e-05,1.440284276,3.582296735,0.003262979139,0.0002390871969
507,0,0.003501647006,4.758311982,7.950924846e-05,1.190044198,3.568267784,0.003261308203,0.0002403388025
508,0,0.003499371616,4.493748102,7.970436102e-05,0.9395498753,3.554198227,0.003257846002,0.0002415256143
509,0,0.003495195244,4.228926796,7.986296782e-05,0.6888382595,3.540088537,0.003252551247,0.0002426439966
510,0,0.003489052361,3.963885941,7.998384392e-05,0.4379466927,3.525939248,0.003245362483,0.0002436898785
511,0,0.003480881656,3.698663434,8.006644551e-05,0.1869124834,3.511750951,0.003236221361,0.0002446602952
512,0,0.003470628434,3.433298023,8.011005103e-05,-0.06422626019,3.497524283,0.003225076545,0.0002455518885
513,0,0.003458273999,3.16782869,8.011402455e-05,-0.3154312386,3.483259929,0.003211912539,0.0002463614596
514,0,0.003443679343,2.902293493,8.007780406e-05,-0.5666651244,3.468958617,0.003196593437,0.0002470859053
515,0,0.003426836586,2.636731271,8.000090675e-05,-0.8178898481,3.454621119,0.003179114319,0.0002477222675
516,0,0.003407670491,2.371183006,7.988298526e-05,-1.069065239,3.440248246,0.003159402727,0.0002482677637
517,0,0.003386194223,2.105688255,7.972371665e-05,-1.320152597,3.425840852,0.003137474484,0.000248719739
518,0,0.003362483527,1.840286209,7.952301475e-05,-1.571113616,3.411399824,0.003113407649,0.0002490758779
519,0,0.003336079398,1.575017148,7.928086484e-05,-1.821908936,3.396926084,0.003086745441,0.0002493339577
520,0,0.003307384919,1.30992644,7.899726673e-05,-2.072494149,3.382420589,0.003057892832,0.0002494920865
521,0,0.003276223128,1.045051038,7.867243195e-05,-2.322833291,3.367884329,0.003026674644,0.0002495484831
522,0,0.003242572022,0.7804327172,7.830664931e-05,-2.572885614,3.353318332,0.002993070277,0.0002495017449
523,0,0.003206572704,0.5161131812,7.790036637e-05,-2.822610474,3.338723655,0.002957222117,0.0002493505875
524,0,0.003167728058,0.2521378604,7.745415995e-05,-3.071963527,3.324101387,0.002918633936,0.0002490941217
525,0,0.003126592716,-0.01144912408,7.696867715e-05,-3.320901773,3.309452649,0.002877861016,0.0002487317002
526,0,0.003082988293,-0.2746090974,7.644473776e-05,-3.569387687,3.29477859,0.00283472528,0.0002482630124
527,0,0.003036858236,-0.5372986446,7.588323168e-05,-3.817379039,3.280080394,0.002789170202,0.0002476880345
528,0,0.002988479808,-0.7994754318,7.528549304e-05,-4.064834703,3.265359271,0.002741472329,0.0002470074786
529,0,0.002937455389,-1.061095456,7.465240483e-05,-4.311711916,3.25061646,0.00269123388,0.0002462215089
530,0,0.002884013796,-1.322113504,7.39852416e-05,-4.557966733,3.235853229,0.002638682666,0.00024533113
531,0,0.002827837711,-1.582480355,7.328543119e-05,-4.803551229,3.221070874,0.002583500029,0.0002443376817
532,0,0.002770139576,-1.842148436,7.255452338e-05,-5.048419153,3.206270717,0.002526896682,0.0002432428942
533,0,0.002709563281,-2.101086474,7.17941539e-05,-5.29254058,3.191454106,0.00246751454,0.0002420487415
534,0,0.002646916641,-2.35924409,7.100610137e-05,-5.535866502,3.176622412,0.002406158984,0.0002407576575
535,0,0.002582100035,-2.616575666,7.019231258e-05,-5.778352702,3.161777035,0.002342727563,0.0002393724713
536,0,0.002515626694,-2.873036044,6.935465725e-05,-6.019955442,3.146919398,0.002277730437,0.0002378962574
537,0,0.002446743856,-3.12858713,6.849525514e-05,-6.260638073,3.132050944,0.00221041146,0.0002363323956
538,0,0.002375930529,-3.383176192,6.761623639e-05,-6.500349333,3.117173141,0.002141245926,0.0002346846037
539,0,0.002303267661,-3.636757609,6.671982599e-05,-6.739045084,3.102287475,0.002070310685,0.000232956976
540,0,0.002229085808,-3.889277576,6.580829421e-05,-6.976673031,3.087395455,0.00199793196,0.0002311538479
541,0,0.002153064703,-4.140703814,6.488412501e-05,-7.213202421,3.072498607,0.001923784664,0.000229280039
542,0,0.002075595828,-4.390985602,6.394973215e-05,-7.448584076,3.057598474,0.001848255309,0.0002273405186
543,0,0.001996586976,-4.640077193,6.300763697e-05,-7.682773809,3.042696616,0.001771246385,0.000225340591
544,0,0.001917106851,-4.887934847,6.206022814e-05,-7.915729459,3.027794612,0.001693820923,0.0002232859285
545,0,0.001835634384,-5.134525221,6.111027994e-05,-8.147419271,3.01289405,0.001614452114,0.0002211822697
546,0,0.001753306005,-5.379785897,6.016049856e-05,-8.377782433,2.997996536,0.001534270155,0.0002190358493
547,0,0.001669561907,-5.623674363,5.921343278e-05,-8.606778051,2.983103688,0.001452709026,0.0002168528814
548,0,0.001585257854,-5.866150029,5.827167465e-05,-8.834367165,2.968217136,0.001370618031,0.0002146398235
549,0,0.001500280372,-6.107164014,5.733798557e-05,-9.060502534,2.953338521,0.001287876822,0.000212403551
550,0,0.00141551176,-6.346675106,5.641494711e-05,-9.285144596,2.93846949,0.001205360943,0.0002101508167
551,0,0.001329674929,-6.584636075,5.550538957e-05,-9.508247773,2.923611698,0.00112178596,0.0002078889696
552,0,0.001243594416,-6.821002358,5.4611721e-05,-9.729769161,2.908766803,0.001037969591,0.0002056248258
553,0,0.001157418776,-7.055730049,5.37363539e-05,-9.949666522,2.893936474,0.0009540533077,0.0002033654679
554,0,0.001071304443,-7.28877546,5.288215087e-05,-10.16789784,2.87912238,0.0008701857744,0.0002011186684
555,0,0.0009853967897,-7.520095337,5.205154568e-05,-10.38442153,2.864326192,0.000786505083,0.0001988917067
556,0,0.0008998439018,-7.749646815,5.124702515e-05,-10.5991964,2.849549582,0.000703151743,0.0001966921588
557,0,0.0008147996727,-7.977387394,5.047090872e-05,-10.81218162,2.834794222,0.0006202722577,0.000194527415
558,0,0.0007318732372,-8.203296742,4.972540201e-05,-11.02335852,2.820061783,0.0005394686437,0.0001924045935
559,0,0.0006483528855,-8.427315062,4.901279505e-05,-11.23266899,2.80535393,0.000458021452,0.0001903314335
560,0,0.0005657922912,-8.649398346,4.833529139e-05,-11.44007067,2.790672326,0.0003774770638,0.0001883152274
561,0,0.0004844845996,-8.869501635,4.769495657e-05,-11.64552026,2.776018625,0.0002981213562,0.0001863632435
562,0,0.0004038859453,-9.087576546,4.709370198e-05,-11.84897102,2.761394473,0.0002194033416,0.0001844826037
563,0,0.0003250890629,-9.303595465,4.65333265e-05,-12.05039697,2.746801509,0.0001424088064,0.0001826802565
564,0,0.0002478371553,-9.517519827,4.601555412e-05,-12.24976119,2.732241363,6.68741243e-05,0.000180963031
565,0,0.0001722694616,-9.729311259,4.554198281e-05,-12.44702691,2.717715653,-7.068040276e-06,0.0001793375019
566,0,9.853286873e-05,-9.938932092,4.511411699e-05,-12.64215807,2.703225982,-7.927717352e-05,0.0001778100422
567,0,2.677678453e-05,-10.14634525,4.473061493e-05,-12.83511919,2.688773944,-0.0001496136132,0.0001763903977
568,0,-4.116951669e-05,-10.35152807,4.439639611e-05,-13.02588934,2.674361265,-0.0002162489788,0.0001750794622
569,0,-0.0001085999424,-10.55444652,4.411229506e-05,-13.21443598,2.65998946,-0.0002824830396,0.0001738830972
570,0,-0.0001737181966,-10.7550519,4.387898069e-05,-13.40071194,2.645660033,-0.0003465250491,0.0001728068526
571,0,-0.0002364289534,-10.95331449,4.369722444e-05,-13.58468897,2.631374478,-0.000408284894,0.0001718559406
572,0,-0.0002966051067,-11.14920093,4.356726476e-05,-13.7663352,2.617134273,-0.0004676401957,0.000171035089
573,0,-0.0003543871417,-11.34267107,4.348943983e-05,-13.94561195,2.602940877,-0.0005247358272,0.0001703486854
574,0,-0.0004091835037,-11.53369264,4.346403651e-05,-14.12248837,2.588795725,-0.0005789842845,0.0001698007808
575,0,-0.0004611592725,-11.72224498,4.349112278e-05,-14.29694521,2.574700235,-0.0006305542026,0.00016939493
576,0,-0.0005102315263,-11.9082972,4.357064738e-05,-14.468953,2.5606558,-0.0006793657702,0.0001691342439
577,0,-0.0005563069808,-12.09181936,4.370252211e-05,-14.63848315,2.546663788,-0.0007253283309,0.0001690213501
578,0,-0.0005997724809,-12.27277613,4.388644895e-05,-14.80550167,2.532725544,-0.0007688313519,0.000169058871
579,0,-0.000639204698,-12.45114999,4.412183899e-05,-14.96999238,2.518842384,-0.0008084529815,0.0001692482835
580,0,-0.0006759350546,-12.62691877,4.440808422e-05,-15.13193437,2.5050156,-0.0008455260836,0.0001695910289
581,0,-0.0007075690949,-12.80006805,4.474442365e-05,-15.29131451,2.491246455,-0.0008776570514,0.0001700879565
582,0,-0.0007378209104,-12.97056512,4.512998827e-05,-15.44810129,2.477536174,-0.0009085604142,0.0001707395038
583,0,-0.0007647837592,-13.13837406,4.556381502e-05,-15.60226001,2.463885958,-0.0009363295701,0.0001715458109
584,0,-0.0007884275579,-13.30347424,4.604476272e-05,-15.75377121,2.450296972,-0.0009609338443,0.0001725062865
585,0,-0.0008087825411,-13.46584223,4.657136666e-05,-15.90261258,2.436770348,-0.000982402418,0.0001736198769
586,0,-0.0008258240853,-13.62545534,4.714183676e-05,-16.04876252,2.423307186,-0.001000710041,0.0001748859556
587,0,-0.0008396420571,-13.78228325,4.775725941e-05,-16.19219196,2.409908708,-0.001015940751,0.000176298694
588,0,-0.0008501425464,-13.93631369,4.841330536e-05,-16.33288962,2.396575929,-0.001028002151,0.0001778596042
589,0,-0.0008574323098,-14.08753654,4.910794419e-05,-16.47084632,2.383309784,-0.001036998555,0.0001795662447
590,0,-0.0008614853393,-14.23594122,4.983947901e-05,-16.6060524,2.370111181,-0.001042900808,0.0001814154683
591,0,-0.0008624815384,-14.38151914,5.060517487e-05,-16.73850011,2.356980975,-0.001045886095,0.0001834045563
592,0,-0.0008588746661,-14.52426999,5.140408943e-05,-16.86818998,2.34391999,-0.001044402703,0.0001855280368
593,0,-0.0008536094424,-14.66419026,5.223382575e-05,-16.99511934,2.330929081,-0.001041390904,0.000187781462
594,0,-0.0008452690569,-14.80124289,5.309239046e-05,-17.11925196,2.318009065,-0.001035428861,0.000190159804
595,0,-0.0008339210967,-14.93541214,5.397748739e-05,-17.24057287,2.305160729,-0.00102657896,0.0001926578631
596,0,-0.0008196788597,-15.06668331,5.488665965e-05,-17.35906813,2.292384827,-0.001014949105,0.0001952702454
597,0,-0.0008025438,-15.1950428,5.581770853e-05,-17.47472487,2.279682072,-0.001000534654,0.0001979908541
598,0,-0.0007812202228,-15.32050047,5.677098725e-05,-17.58755368,2.267053213,-0.00098202949,0.0002008092672
599,0,-0.0007586064672,-15.44302951,5.774039341e-05,-17.69752851,2.254498992,-0.000962330666,0.0002037241988
600,0,-0.00073420565,-15.56261312,5.872328572e-05,-17.80463309,2.242019967,-0.0009409344082,0.0002067287582
601,0,-0.0007065654761,-15.67924009,5.971735632e-05,-17.90885676,2.229616673,-0.0009163808706,0.0002098153944
602,0,-0.0006764939997,-15.79290013,6.072029607e-05,-18.01018976,2.217289629,-0.0008894706502,0.0002129766504
603,0,-0.0006441626096,-15.90358312,6.172940936e-05,-18.10862244,2.205039322,-0.0008603673168,0.0002162047073
604,0,-0.0006096124308,-16.01127953,6.274243931e-05,-18.20414574,2.192866215,-0.00082910401,0.0002194915792
605,0,-0.0005730276812,-16.11598054,6.375665219e-05,-18.29675128,2.180770742,-0.0007958571708,0.0002228294896
606,0,-0.0005345143262,-16.21767824,6.477208635e-05,-18.38643158,2.168753341,-0.0007607209094,0.0002262065832
607,0,-0.0004930882922,-16.31638413,6.578317334e-05,-18.47319862,2.156814491,-0.0007227074123,0.0002296191201
608,0,-0.000450986238,-16.41207639,6.678769613e-05,-18.55703088,2.144954492,-0.0006840445371,0.0002330582991
609,0,-0.0004070214739,-16.5047352,6.778322154e-05,-18.63790884,2.133173634,-0.0006435369185,0.0002365154446
610,0,-0.0003618203771,-16.59435581,6.876746728e-05,-18.71582799,2.121472183,-0.0006018021037,0.0002399817266
611,0,-0.0003153498104,-16.68093904,6.973806904e-05,-18.79078942,2.109850388,-0.0005587984442,0.0002434486338
612,0,-0.0002676799775,-16.76447862,7.069281324e-05,-18.86278709,2.098308468,-0.000514587138,0.0002469071605
613,0,-0.0002190301451,-16.84497042,7.163069037e-05,-18.93181714,2.086846712,-0.0004693763243,0.0002503461792
614,0,-0.0001694531935,-16.92240849,7.254780701e-05,-18.99787376,2.075465266,-0.0004232134326,0.000253760239
615,0,-0.0001191185228,-16.99678705,7.344212568e-05,-19.0609513,2.064164254,-0.0003762589481,0.0002571404253
616,0,-6.815087235e-05,-17.06810038,7.431173776e-05,-19.12104417,2.052943788,-0.0003286290386,0.0002604781663
617,0,-1.669880992e-05,-17.13634283,7.515502857e-05,-19.1781468,2.041803966,-0.0002804638665,0.0002637650565
618,0,3.507248141e-05,-17.20151078,7.597067761e-05,-19.2322557,2.030744922,-0.0002319186053,0.0002669910867
619,0,8.752980126e-05,-17.26361541,7.67554383e-05,-19.2833821,2.019766693,-0.0001826204961,0.0002701502974
620,0,0.0001394771597,-17.32263702,7.750799589e-05,-19.33150631,2.008869288,-0.000133757262,0.0002732344217
621,0,0.0001912889041,-17.37856831,7.822690923e-05,-19.37662103,1.998052714,-8.494678018e-05,0.0002762356843
622,0,0.0002428431821,-17.43140572,7.8911055e-05,-19.4187227,1.987316986,-3.630222269e-05,0.0002791454048
623,0,0.0002940083001,-17.48114443,7.955828412e-05,-19.45780651,1.976662079,1.205069438e-05,0.0002819576057
624,0,0.0003446448468,-17.52777888,8.016756509e-05,-19.49386682,1.966087937,5.997960586e-05,0.000284665241
625,0,0.0003945885155,-17.57130441,8.073778183e-05,-19.5268989,1.955594499,0.0001073278043,0.0002872607112
626,0,0.0004437621243,-17.61171831,8.126748497e-05,-19.55690001,1.945181697,0.0001540235153,0.0002897386091
627,0,0.0004919313872,-17.64901698,8.175581302e-05,-19.58386641,1.934849426,0.000199838833,0.0002920925542
628,0,0.0005389759857,-17.68319544,8.220169607e-05,-19.60779302,1.924597576,0.0002446594887,0.000294316497
629,0,0.0005847542472,-17.7142488,8.260418256e-05,-19.62867481,1.914426013,0.0002883489132,0.000296405334
630,0,0.0006296729908,-17.7421514,8.296308136e-05,-19.64648601,1.904334602,0.0003313191721,0.0002983538187
631,0,0.0006725968507,-17.76691646,8.327739715e-05,-19.66123965,1.894323187,0.0003724392707,0.00030015758
632,0,0.0007138766101,-17.78854289,8.354707054e-05,-19.6729345,1.884391607,0.000412064363,0.0003018122471
633,0,0.0007533978067,-17.80702734,8.377154556e-05,-19.68156702,1.874539676,0.0004500834104,0.0003033143963
634,0,0.0007910696153,-17.82236766,8.39507789e-05,-19.68713487,1.86476721,0.0004864092497,0.0003046603656
635,0,0.0008267114058,-17.83457342,8.408463534e-05,-19.68964742,1.855074002,0.0005208641318,0.000305847274
636,0,0.0008602469232,-17.84363008,8.417298748e-05,-19.68908991,1.845459836,0.0005533743246,0.0003068725986
637,0,0.0008914859081,-17.84953301,8.421578476e-05,-19.6854575,1.835924488,0.0005837514356,0.0003077344725
638,0,0.0009205621305,-17.85228037,8.421353039e-05,-19.67874809,1.826467724,0.0006121307538,0.0003084313767
639,0,0.0009472513327,-17.85187235,8.416684321e-05,-19.66896165,1.817089303,0.0006382890327,0.0003089623
640,0,0.0009714674909,-17.84830914,8.407600681e-05,-19.65609811,1.80778897,0.000662140489,0.000309327002
641,0,0.000993134648,-17.8415919,8.394167969e-05,-19.64015836,1.798566457,0.0006836091502,0.0003095254978
642,0,0.001012168827,-17.83172287,8.376458947e-05,-19.62114435,1.789421479,0.0007026105266,0.0003095583005
643,0,0.001028526742,-17.81870596,8.354586507e-05,-19.59905971,1.78035375,0.0007191004012,0.0003094263407
644,0,0.00104215974,-17.80254849,8.328641343e-05,-19.57391147,1.771362975,0.0007330285994,0.0003091311409
645,0,0.001053400747,-17.78323536,8.298728282e-05,-19.54568421,1.762448848,0.000744726073,0.0003086746742
646,0,0.001061477196,-17.76079827,8.264959518e-05,-19.51440931,1.753611039,0.0007534177684,0.0003080594274
647,0,0.00106672839,-17.73525122,8.227475962e-05,-19.48010042,1.744849205,0.0007594402626,0.0003072881277
648,0,0.001069127286,-17.70660782,8.186420955e-05,-19.44277083,1.736163006,0.000762763424,0.0003063638618
649,0,0.001068655912,-17.67488467,8.141939201e-05,-19.40243678,1.727552108,0.0007633657599,0.000305290152
650,0,0.001065337978,-17.64010028,8.094187584e-05,-19.35911645,1.719016176,0.0007612668822,0.0003040710955
651,0,0.001059191219,-17.60227493,8.043330812e-05,-19.3128298,1.710554876,0.0007564800617,0.0003027111578
652,0,0.001050175447,-17.56143032,7.989535185e-05,-19.26359819,1.702167874,0.000748960235,0.0003012152117
653,0,0.001038783857,-17.51758736,7.932977839e-05,-19.2114422,1.69385484,0.0007391953358,0.0002995885209
654,0,0.001024383078,-17.47076814,7.873829482e-05,-19.15638359,1.685615448,0.0007265463127,0.0002978367653
655,0,0.001007355771,-17.42099893,7.812283646e-05,-19.09844831,1.67744938,0.0007113896133,0.0002959661572
656,0,0.0009876467233,-17.36830217,7.748513078e-05,-19.03765849,1.669356322,0.0006936637957,0.0002939829276
657,0,0.0009655107044,-17.31268299,7.682706109e-05,-18.97401896,1.66133597,0.0006736169006,0.0002918938038
658,0,0.0009409700247,-17.25418736,7.615066267e-05,-18.90757539,1.65338803,0.0006512640673,0.0002897059574
659,0,0.0009140738787,-17.1928465,7.545768382e-05,-18.83835872,1.64551222,0.0006266471351,0.0002874267436
660,0,0.0008848482087,-17.12869894,7.474993984e-05,-18.76640719,1.637708243,0.0005997844141,0.0002850637946
661,0,0.0008534603094,-17.06177913,7.402943238e-05,-18.69175494,1.629975809,0.0005708354459,0.0002826248635
662,0,0.0008200400635,-16.99211957,7.329806487e-05,-18.61443422,1.622314652,0.0005399221569,0.0002801179066
663,0,0.0007846973029,-16.91975255,7.255773478e-05,-18.53447709,1.614724534,0.0005071460912,0.0002775512117
664,0,0.0007475641013,-16.84471072,7.181031904e-05,-18.45191594,1.607205224,0.0004726308677,0.0002749332337
665,0,0.0007090680647,-16.76702354,7.105780143e-05,-18.36678006,1.599756518,0.000436795303,0.0002722727618
666,0,0.0006687637115,-16.68672443,7.030195382e-05,-18.27910266,1.592378227,0.0003991853706,0.000269578341
667,0,0.0006266902596,-16.60383489,6.954449316e-05,-18.18890507,1.585070183,0.0003598315928,0.0002668586668
668,0,0.0005837888884,-16.51839884,6.878720096e-05,-18.09623108,1.577832241,0.0003196661876,0.0002641227008
669,0,0.0005398050218,-16.43044669,6.803174234e-05,-18.00111096,1.570664273,0.0002784258025,0.0002613792193
670,0,0.0004948901163,-16.34000832,6.727976291e-05,-17.9035745,1.563566179,0.0002362530003,0.000258637116
671,0,0.0004492095172,-16.24711459,6.653292862e-05,-17.80365246,1.556537869,0.0001933040107,0.0002559055065
672,0,0.0004029153306,-16.15179566,6.579263946e-05,-17.70137495,1.549579285,0.000149722417,0.0002531929135
673,0,0.0003746977964,-16.09070091,6.546125871e-05,-17.63687277,1.546171858,0.0001228747561,0.0002518230403
674,0,0.0003459501462,-16.02813841,6.512559583e-05,-17.57084658,1.542708165,9.552129739e-05,0.0002504288488
675,0,0.0003168751251,-15.96402964,6.478563579e-05,-17.50321764,1.539187998,6.786328375e-05,0.0002490118414
676,0,0.0002869050586,-15.89830172,6.444144159e-05,-17.4339129,1.535611178,3.93313921e-05,0.0002475736665
677,0,0.0002563480706,-15.83088692,6.409308597e-05,-17.36286448,1.531977555,1.023191665e-05,0.000246116154
678,0,0.0002255705602,-15.76173219,6.374069133e-05,-17.2900192,1.52828701,-1.907069522e-05,0.0002446412554
679,0,0.0001942944823,-15.6907814,6.338443005e-05,-17.21532086,1.524539458,-4.885662203e-05,0.0002431511043
680,0,0.0001625417546,-15.61797916,6.302449177e-05,-17.13871401,1.520734846,-7.910629175e-05,0.0002416480463
681,0,0.0001303617316,-15.54327103,6.266119955e-05,-17.06014419,1.51687316,-0.0001097728808,0.0002401346125
682,0,9.779102636e-05,-15.46660238,6.229487787e-05,-16.97955681,1.512954428,-0.0001408225488,0.0002386135752
683,0,6.487422798e-05,-15.38791471,6.192586181e-05,-16.89689344,1.508978723,-0.0001722136919,0.0002370879199
684,0,3.16538891e-05,-15.30715244,6.155452012e-05,-16.81209859,1.50494615,-0.0002039070252,0.0002355609143
685,0,-1.810343872e-06,-15.22426503,6.118129472e-05,-16.72512189,1.500856862,-0.000235846401,0.0002340360571
686,0,-3.571199969e-05,-15.13919671,6.080673087e-05,-16.63590778,1.496711063,-0.0002682292064,0.0002325172068
687,0,-6.946480154e-05,-15.05189685,6.043115387e-05,-16.54440586,1.492509014,-0.0003004729714,0.0002310081698
688,0,-0.0001032645687,-14.96231907,6.005515836e-05,-16.45057011,1.488251038,-0.0003327779671,0.0002295133983
689,0,-0.0001370042157,-14.87041166,5.967929197e-05,-16.35434918,1.483937519,-0.0003650417244,0.0002280375088
690,0,-0.0001706082746,-14.77612176,5.930410865e-05,-16.25569067,1.479568913,-0.0003971936845,0.0002265854099
691,0,-0.0002039711077,-14.67939596,5.893020211e-05,-16.15454172,1.475145756,-0.0004291334005,0.0002251622929
692,0,-0.0002369975387,-14.58018016,5.855809492e-05,-16.05084882,1.470668662,-0.0004607712135,0.0002237736748
693,0,-0.0002695664765,-14.47841994,5.818831943e-05,-15.94455828,1.466138333,-0.0004919918606,0.0002224253842
694,0,-0.0003015760497,-14.37406009,5.782141225e-05,-15.83561565,1.461555564,-0.0005226995976,0.0002211235479
695,0,-0.0003330060732,-14.26703974,5.745783199e-05,-15.72396099,1.45692125,-0.0005528806578,0.0002198745845
696,0,-0.000363518016,-14.15730593,5.709805544e-05,-15.60954233,1.452236396,-0.0005822032079,0.0002186851919
697,0,-0.00039305514,-14.04480267,5.674248836e-05,-15.4923048,1.447502123,-0.0006106174042,0.0002175622641
698,0,-0.0004215240538,-13.92947147,5.639148052e-05,-15.37219115,1.442719678,-0.0006380371233,0.0002165130695
699,0,-0.0004487189515,-13.81125247,5.604527055e-05,-15.24914291,1.437890443,-0.0006642640173,0.0002155450659
700,0,-0.0004745110118,-13.69008509,5.570399736e-05,-15.12310103,1.433015942,-0.0006891769425,0.0002146659307
701,0,-0.0004987239164,-13.56590811,5.536777327e-05,-14.99400596,1.428097852,-0.0007126074488,0.0002138835324
702,0,-0.0005212342803,-13.43865857,5.503635486e-05,-14.86179659,1.423138016,-0.0007344401481,0.0002132058678
703,0,-0.0005418355521,-13.3082704,5.470953662e-05,-14.72640885,1.418138455,-0.0007544765433,0.0002126409912
704,0,-0.0005603570715,-13.17468169,5.438677673e-05,-14.58778306,1.413101373,-0.0007725542646,0.000212197193
705,0,-0.0005766198028,-13.03782709,5.406736371e-05,-14.44585627,1.408029175,-0.0007885024635,0.0002118826607
706,0,-0.0005904695623,-12.89763965,5.375040358e-05,-14.30056413,1.402924474,-0.0008021752861,0.0002117057238
707,0,-0.0006017202785,-12.75405086,5.343473116e-05,-14.15184097,1.397790115,-0.0008133947016,0.0002116744232
708,0,-0.0006102018761,-12.60699078,5.311882751e-05,-13.99961996,1.392629183,-0.0008219987395,0.0002117968634
709,0,-0.0006157865906,-12.4581993,5.281676827e-05,-13.84574655,1.387547254,-0.0008278566489,0.0002120700583
710,0,-0.0006184076693,-12.30772552,5.252797148e-05,-13.6902708,1.382545281,-0.0008309000944,0.0002124924251
711,0,-0.0006180770569,-12.15560585,5.225178343e-05,-13.53322976,1.37762391,-0.0008311388617,0.0002130618047
712,0,-0.0006147867961,-12.00187078,5.19872555e-05,-13.37465457,1.372783786,-0.0008285626387,0.0002137758426
713,0,-0.0006085332976,-11.84654775,5.173344551e-05,-13.2145733,1.368025556,-0.000823165001,0.0002146317034
714,0,-0.0005993346594,-11.68966167,5.148934195e-05,-13.05301154,1.363349871,-0.0008149608055,0.0002156261461
715,0,-0.0005871807973,-11.53123575,5.125391933e-05,-12.88999314,1.358757387,-0.0008039363301,0.0002167555328
716,0,-0.0005721168113,-11.37129352,5.10259833e-05,-12.7255423,1.354248777,-0.0007901330051,0.0002180161938
717,0,-0.000554169531,-11.20985596,5.080444859e-05,-12.55968068,1.349824723,-0.0007735734133,0.0002194038822
718,0,-0.0005333825999,-11.04694377,5.058811423e-05,-12.39242969,1.345485913,-0.0007542969277,0.0002209143278
719,0,-0.0005097846371,-10.88257655,5.03758082e-05,-12.2238096,1.341233043,-0.0007323275217,0.0002225428846
720,0,-0.0004834769858,-10.71677311,5.016645453e-05,-12.05383993,1.337066822,-0.0007077615228,0.000224284537
721,0,-0.0004544168929,-10.54955353,4.995891147e-05,-11.8825415,1.332987966,-0.0006805511781,0.0002261342851
722,0,-0.0004227956467,-10.38093537,4.975198015e-05,-11.70993257,1.328997201,-0.0006508826703,0.0002280870236
723,0,-0.0003885626363,-10.21093698,4.954461995e-05,-11.53603224,1.325095256,-0.0006186999378,0.0002301373015
724,0,-0.0003518786065,-10.03957654,4.933583344e-05,-11.36085941,1.321282868,-0.000584158197,0.0002322795904
725,0,-0.0003128391221,-9.86687064,4.912460552e-05,-11.18443142,1.317560778,-0.0005473474246,0.0002345083025
726,0,-0.0002713786436,-9.692838279,4.890990195e-05,-11.00676801,1.313929731,-0.0005081965369,0.0002368178933
727,0,-0.0002278596547,-9.517494131,4.869083753e-05,-10.8278846,1.31039047,-0.0004670622722,0.0002392026175
728,0,-0.000181958408,-9.340855818,4.846653582e-05,-10.64779956,1.306943743,-0.0004236152128,0.0002416568048
729,0,-0.0001344076647,-9.162943301,4.823615058e-05,-10.46653359,1.303590287,-0.0003785825655,0.0002441749008
730,0,-8.445058376e-05,-8.983768833,4.799894031e-05,-10.28409968,1.300330844,-0.0003312016941,0.0002467511103
731,0,-3.286377863e-05,-8.803353975,4.775417591e-05,-10.10052013,1.297166157,-0.0002822437058,0.0002493799272
732,0,2.015206898e-05,-8.621709762,4.750121436e-05,-9.915806722,1.29409696,-0.0002319037935,0.0002520558625
733,0,7.541206245e-05,-8.438853647,4.723942351e-05,-9.729977624,1.291123976,-0.000179361432,0.0002547734945
734,0,0.0001319009609,-8.254801522,4.696827641e-05,-9.543049446,1.288247924,-0.0001256266131,0.000257527574
735,0,0.0001895506491,-8.069566421,4.668725983e-05,-9.355035928,1.285469508,-7.076232018e-05,0.0002603129693
736,0,0.000249202668,-7.883163665,4.639592257e-05,-9.165953084,1.282789419,-1.392199597e-05,0.0002631246639
737,0,0.0003097376581,-7.695611946,4.609388278e-05,-8.975820277,1.280208331,4.377975191e-05,0.0002659579062
738,0,0.0003714014975,-7.506922369,4.578081513e-05,-8.784649272,1.277726903,0.0001025935233,0.0002688079741
739,0,0.0004342561752,-7.317106844,4.545645605e-05,-8.59245262,1.275345776,0.0001625857794,0.0002716703958
740,0,0.0004979134419,-7.126189283,4.512056711e-05,-8.39925485,1.273065567,0.0002233725709,0.0002745408709
741,0,0.0005623882201,-6.934178769,4.477297764e-05,-8.20506564,1.270886871,0.0002849729377,0.0002774152824
742,0,0.0006275069937,-6.741094609,4.441340205e-05,-8.009904872,1.268810263,0.0003472174103,0.0002802895834
743,0,0.0006935198051,-6.546949673,4.404190075e-05,-7.813785961,1.266836288,0.0004103594164,0.0002831603887
744,0,0.0007606201361,-6.351758395,4.365841804e-05,-7.616723857,1.264965462,0.0004745958594,0.0002860242766
745,0,0.0008275542861,-6.155541491,4.326293836e-05,-7.418739763,1.263198272,0.0005386763366,0.0002888779496
746,0,0.0008948490824,-5.958313574,4.285546487e-05,-7.21984875,1.261535176,0.0006031307714,0.000291718311
747,0,0.0009626044674,-5.760091146,4.243601985e-05,-7.02006774,1.259976594,0.0006680618408,0.0002945426267
748,0,0.001030162905,-5.560891913,4.200465592e-05,-6.819414828,1.258522915,0.0007328146178,0.0002973482877
749,0,0.001098184656,-5.360733347,4.156145746e-05,-6.617907836,1.257174488,0.0007980517569,0.0003001328993
750,0,0.001166078463,-5.159634956,4.110654231e-05,-6.415566582,1.255931626,0.000863184149,0.0003028943144
751,0,0.001233968568,-4.957616605,4.064003746e-05,-6.212411208,1.254794603,0.0009283380787,0.0003056304894
752,0,0.001301576392,-4.754694767,4.016208503e-05,-6.008458415,1.253763648,0.0009932366192,0.0003083397733
753,0,0.001368977454,-4.550890527,3.967284957e-05,-5.803729478,1.252838951,0.001057956851,0.0003110206032
754,0,0.001436157738,-4.346223714,3.917249832e-05,-5.59824437,1.252020656,0.001122486065,0.0003136716729
755,0,0.001502822057,-4.140717145,3.866121019e-05,-5.392026007,1.251308862,0.001186530302,0.0003162917549
756,0,0.001569071846,-3.934390431,3.813917783e-05,-5.185094051,1.25070362,0.001250191966,0.0003188798793
757,0,0.001634785178,-3.727265157,3.760659917e-05,-4.977470091,1.250204934,0.001313349928,0.0003214352507
758,0,0.001699965776,-3.519365374,3.706367944e-05,-4.76917813,1.249812757,0.001376008535,0.000323957241
759,0,0.001764461028,-3.310713836,3.651060809e-05,-4.560240829,1.249526993,0.001438015537,0.0003264454913
760,0,0.001828183666,-3.101335584,3.594759035e-05,-4.350683079,1.249347495,0.001499283913,0.0003288997538
761,0,0.001891170311,-2.891254178,3.537482616e-05,-4.140528241,1.249274063,0.001559850365,0.0003313199456
762,0,0.001953352843,-2.680497764,3.479251895e-05,-3.92980421,1.249306446,0.001619646691,0.0003337061522
763,0,0.002014591954,-2.469091146,3.420085155e-05,-3.718535483,1.249444338,0.001678533292,0.0003360586618
764,0,0.002074079122,-2.257049548,3.360003069e-05,-3.506736928,1.24968738,0.001735701273,0.0003383778489
765,0,0.002133585542,-2.044376025,3.299032074e-05,-3.294411187,1.250035161,0.001792921356,0.0003406641851
766,0,0.002191682917,-1.831107113,3.237178842e-05,-3.081594328,1.250487215,0.001848764586,0.0003429183307
767,0,0.002248509526,-1.617282882,3.174465173e-05,-2.868325902,1.25104302,0.001903368272,0.0003451412542
768,0,0.002304204828,-1.40293496,3.110913273e-05,-2.654636961,1.251702001,0.001956870887,0.0003473339411
769,0,0.002358845205,-1.188095117,3.046542537e-05,-2.440558648,1.252463531,0.002009347647,0.0003494975582
770,0,0.002412402821,-0.9727992471,2.981369618e-05,-2.226126174,1.253326927,0.00206076948,0.0003516333415
771,0,0.00246489473,-0.7570838704,2.91541347e-05,-2.011375327,1.254291457,0.002111152051,0.0003537426784
772,0,0.002516227709,-0.5409841124,2.848687368e-05,-1.796340445,1.255356333,0.002160400677,0.0003558270322
773,0,0.002566363358,-0.3245347344,2.781208191e-05,-1.581055452,1.256520718,0.002208475335,0.0003578880228
774,0,0.002615271775,-0.1077710724,2.712992593e-05,-1.365554797,1.257783725,0.002255344412,0.0003599273635
775,0,0.002662981304,0.1092703387,2.644057131e-05,-1.149874079,1.259144418,0.002301034414,0.0003619468898
776,0,0.002709432135,0.3265521717,2.574417826e-05,-0.9340496406,1.260601812,0.002345483605,0.0003639485294
777,0,0.002754690856,0.5440396631,2.504090722e-05,-0.7181152135,1.262154877,0.002388756568,0.0003659342881
778,0,0.002798734551,0.7616946698,2.433086832e-05,-0.5021078656,1.263802535,0.002430828163,0.0003679063887
779,0,0.002841523883,0.9794734863,2.361430048e-05,-0.2860701826,1.265543669,0.002471657004,0.0003698668786
780,0,0.00288306779,1.197338005,2.289137517e-05,-0.07003910977,1.267377115,0.002511249799,0.000371817991
781,0,0.002923400015,1.415247542,2.216224969e-05,0.1459458698,1.269301672,0.002549637903,0.0003737621115
782,0,0.002962620391,1.633156917,2.142710319e-05,0.3618408183,1.271316099,0.002586918835,0.0003757015559
783,0,0.00300061214,1.851027719,2.068616016e-05,0.577608602,1.273419117,0.002622973497,0.000377638643
784,0,0.003037505424,2.068824129,1.993954799e-05,0.7932147149,1.275609414,0.002657929521,0.0003795759027
785,0,0.003073270095,2.286495264,1.918746261e-05,1.008609622,1.277885642,0.002691754325,0.00038151577
786,0,0.003108038628,2.503995811,1.843011107e-05,1.223749387,1.280246424,0.002724577924,0.0003834607037
787,0,0.003141604819,2.721283669,1.76676908e-05,1.438593317,1.282690351,0.002756191689,0.0003854131303
788,0,0.003174234213,2.938314808,1.690042146e-05,1.653098821,1.285215988,0.002786858772,0.000387375442
789,0,0.003205800862,3.155047424,1.612851046e-05,1.867225552,1.287821872,0.002816450781,0.0003893500814
790,0,0.003236393977,3.371432856,1.535223189e-05,2.080926337,1.290506519,0.002845054526,0.000391339451
791,0,0.003266044834,3.587425125,1.457183409e-05,2.294156703,1.293268422,0.002872698967,0.0003933458671
792,0,0.003294925542,3.80298044,1.378746577e-05,2.506874388,1.296106052,0.002899554053,0.0003953714889
793,0,0.003322864611,4.018053677,1.299943349e-05,2.719035814,1.299017863,0.002925446197,0.0003974184144
794,0,0.003350200716,4.232593685,1.220792816e-05,2.930591392,1.302002293,0.00295071189,0.0003994888262
795,0,0.003376658558,4.446556321,1.141251374e-05,3.141498559,1.305057762,0.002975075114,0.0004015834436
796,0,0.003402326993,4.659893768,1.06143367e-05,3.351711088,1.30818268,0.002998621355,0.0004037056379
797,0,0.003427396761,4.872558003,9.81370149e-06,3.56118256,1.311375443,0.003021539519,0.0004058572416
798,0,0.003451802769,5.084507989,9.010845158e-06,3.769873552,1.314634437,0.003043762983,0.0004080397857
799,0,0.003475682523,5.295689276,8.20602218e-06,3.977731238,1.317958038,0.003065427858,0.0004102546656
800,0,0.003498995645,5.50606065,7.399499199e-06,4.184716036,1.321344614,0.003086492479,0.0004125031668
801,0,0.003522069279,5.715576444,6.591554778e-06,4.390783917,1.324792527,0.003107282874,0.0004147864053
802,0,0.003544465779,5.924189223,5.782486533e-06,4.595889091,1.328300133,0.003127360423,0.0004171053557
803,0,0.003566384582,6.131843737,4.972581809e-06,4.799977954,1.331865783,0.003146923769,0.0004194608133
804,0,0.003587902178,6.338492395,4.162138075e-06,5.003004574,1.335487821,0.003166048769,0.0004218534091
805,0,0.003609252857,6.544085998,3.351468094e-06,5.204921411,1.339164588,0.003184969235,0.0004242836221
806,0,0.003630065036,6.748577301,2.540826825e-06,5.405682882,1.342894418,0.003203313236,0.0004267518004
807,0,0.003650578356,6.951921109,1.730592132e-06,5.605245459,1.34667565,0.003221320463,0.0004292578934
808,0,0.00367081358,7.154070478,9.210575881e-07,5.803563865,1.350506613,0.003239011757,0.0004318018231
809,0,0.003690803591,7.354978479,1.125545972e-07,6.000592845,1.354385634,0.003256420316,0.0004343832744
810,0,0.003710598615,7.554600857,-6.946394941e-07,6.196289819,1.358311038,0.003273596759,0.0004370018557
811,0,0.00373014997,7.752889284,-1.50021089e-06,6.390608139,1.362281145,0.003290493032,0.0004396569373
812,0,0.003749519401,7.949797441,-2.303838156e-06,6.583503167,1.366294274,0.003307171676,0.0004423477245
813,0,0.003768724741,8.145279464,-3.105215549e-06,6.774930722,1.370348742,0.003323651473,0.000445073268
814,0,0.003787780799,8.339289766,-3.904002231e-06,6.964846907,1.37444286,0.003339948378,0.0004478324208
815,0,0.003806700849,8.531783018,-4.699934233e-06,7.153208082,1.378574936,0.003356076822,0.0004506240273
816,0,0.003825494797,8.722714181,-5.492653935e-06,7.339970905,1.382743276,0.003372048124,0.0004534466731
817,0,0.003844175287,8.912038514,-6.281841219e-06,7.525092338,1.386946176,0.003387876409,0.0004562988776
818,0,0.003862741134,9.099711705,-7.067199161e-06,7.708529774,1.391181931,0.003403561991,0.0004591791429
819,0,0.003881219442,9.285690189,-7.848401367e-06,7.890241363,1.395448826,0.003419133804,0.0004620856387
820,0,0.003899564639,9.469931271,-8.625048695e-06,8.070186129,1.399745142,0.003434547947,0.0004650166916
821,0,0.0039178073,9.652389603,-9.396793266e-06,8.248320453,1.40406915,0.003449836824,0.0004679704761
822,0,0.003935974455,9.833020422,-1.016331112e-05,8.424601308,1.408419114,0.003465029272,0.0004709451838
823,0,0.003953998955,10.01177989,-1.09242392e-05,8.598986599,1.412793287,0.003480059978,0.0004739389771
824,0,0.00397191534,10.18862726,-1.167921965e-05,8.771437342,1.417189915,0.003494965332,0.0004769500085
825,0,0.003989722151,10.36351999,-1.242787093e-05,8.941912758,1.421607231,0.003509745779,0.0004799763721
826,0,0.004007416891,10.53641577,-1.316982524e-05,9.110372315,1.426043455,0.003524400584,0.0004830163077
827,0,0.004024988789,10.70727296,-1.390470305e-05,9.276776171,1.430496793,0.003538920686,0.0004860681031
828,0,0.004042439623,10.87604982,-1.463206521e-05,9.441084378,1.434965441,0.003553309633,0.0004891299902
829,0,0.004059765125,11.04270469,-1.535148315e-05,9.603257106,1.439447579,0.003567564774,0.0004922003503
830,0,0.004076939016,11.20719753,-1.606253369e-05,9.763256162,1.443941371,0.003581661345,0.0004952776706
831,0,0.004093993018,11.36948604,-1.676474975e-05,9.921041076,1.448444967,0.003595632479,0.0004983605391
832,0,0.004110915449,11.52952878,-1.745766253e-05,10.07657228,1.452956499,0.003609467799,0.00050144765
833,0,0.004127700391,11.68728553,-1.814079203e-05,10.22981144,1.457474086,0.003623162564,0.0005045378264
834,0,0.004144344043,11.84271637,-1.881366629e-05,10.38072054,1.461995826,0.003636713974,0.0005076300692
835,0,0.004160855358,11.9957806,-1.94757672e-05,10.5292608,1.466519803,0.003650131949,0.0005107234094
836,0,0.004177230689,12.14643771,-2.012632565e-05,10.67539363,1.471044081,0.003663413142,0.0005138175469
837,0,0.004193466967,12.29464806,-2.076517676e-05,10.81908136,1.475566707,0.003676555807,0.00051691116
838,0,0.004209572674,12.44037128,-2.139174515e-05,10.96028557,1.480085706,0.003689568868,0.0005200038059
839,0,0.004225551753,12.58356721,-2.200547204e-05,11.09896813,1.484599085,0.00370245657,0.0005230951834
840,0,0.004241356301,12.72419627,-2.260578026e-05,11.23509143,1.489104837,0.003715171239,0.0005261850622
841,0,0.004257095871,12.8622198,-2.319210924e-05,11.36861887,1.493600934,0.003727822525,0.0005292733452
842,0,0.004272730995,12.99759654,-2.376390612e-05,11.49951121,1.498085328,0.003740370948,0.0005323600464
843,0,0.004288269409,13.13028622,-2.432027324e-05,11.62773026,1.502555956,0.003752823492,0.0005354459171
844,0,0.004303723627,13.26025003,-2.486115548e-05,11.75323929,1.50701074,0.003765193443,0.0005385301845
845,0,0.004319106639,13.38744899,-2.538598141e-05,11.8760014,1.511447584,0.003777493432,0.0005416132068
846,0,0.004334423818,13.51184391,-2.589421687e-05,11.99597953,1.515864377,0.00378972848,0.0005446953384
847,0,0.004349686781,13.63339532,-2.638504797e-05,12.11313633,1.520258992,0.00380190936,0.0005477774216
848,0,0.004364909693,13.75206332,-2.685840814e-05,12.22743403,1.524629291,0.003814050654,0.0005508590389
849,0,0.004380103669,13.86780881,-2.731381526e-05,12.33883569,1.528973123,0.003826163066,0.0005539406028
850,0,0.004395266337,13.98059234,-2.775087678e-05,12.44730402,1.533288325,0.003838243833,0.0005570225048
851,0,0.004410307884,14.090375,-2.816895208e-05,12.55280228,1.537572725,0.003850202632,0.0005601052519
852,0,0.004425453056,14.19711676,-2.856799581e-05,12.65529262,1.541824144,0.003862264647,0.0005631884093
853,0,0.004440595972,14.30077827,-2.89475615e-05,12.75473787,1.546040399,0.003874323641,0.0005662723307
854,0,0.004455825995,14.40132099,-2.930730615e-05,12.85110168,1.550219311,0.003886470037,0.000569355958
855,0,0.004471047332,14.49871003,-2.964748048e-05,12.94435129,1.554358731,0.003898607733,0.0005724395989
856,0,0.004486228504,14.59290501,-2.996799035e-05,13.03444853,1.558456471,0.00391070545,0.0005755230533
857,0,0.004501366704,14.68386583,-3.026900317e-05,13.12135548,1.562510346,0.003922761396,0.0005786053082
858,0,0.004516442623,14.77155022,-3.055047621e-05,13.20503206,1.566518159,0.003934757145,0.0005816854783
859,0,0.004531448607,14.85591525,-3.081269627e-05,13.28543753,1.570477716,0.003946686598,0.0005847620083
860,0,0.004546215079,14.93691788,-3.105593197e-05,13.36253105,1.574386829,0.003958381817,0.0005878332622
861,0,0.004560989687,15.0145152,-3.128051524e-05,13.43627188,1.578243321,0.00397009247,0.0005908972176
862,0,0.004575381653,15.08866464,-3.148688224e-05,13.5066196,1.582045033,0.003981430157,0.0005939514956
863,0,0.004589761385,15.15932361,-3.16756523e-05,13.57353378,1.585789824,0.003992768082,0.0005969933032
864,0,0.004603885669,15.22645082,-3.184746309e-05,13.63697524,1.589475583,0.004003866211,0.0006000194577
865,0,0.004617708125,15.29000411,-3.200313132e-05,13.69690389,1.59310022,0.004014681807,0.0006030263188
866,0,0.004631136345,15.34994184,-3.214359696e-05,13.75328017,1.596661674,0.004025126558,0.0006060097865
867,0,0.004644115473,15.40622266,-3.226985569e-05,13.80606474,1.600157925,0.004035150087,0.0006089653863
868,0,0.004656415868,15.45880544,-3.238308699e-05,13.85521846,1.603586984,0.004044527717,0.0006118881518
869,0,0.00466821282,15.50764989,-3.24845763e-05,13.90070299,1.606946904,0.004053440173,0.0006147726471
870,0,0.004679276619,15.55271822,-3.257569238e-05,13.94248244,1.610235785,0.004061663606,0.0006176130131
871,0,0.004689500781,15.59397254,-3.265791743e-05,13.98052076,1.613451775,0.004069097893,0.0006204028883
872,0,0.004698771513,15.63137517,-3.273280762e-05,14.0147821,1.616593076,0.004075635949,0.0006231355647
873,0,0.004706959867,15.6648895,-3.280207754e-05,14.04523156,1.619657941,0.004081156067,0.0006258038005
874,0,0.00471393422,15.69448055,-3.286752637e-05,14.07183586,1.62264469,0.004085534273,0.0006283999464
875,0,0.004719430794,15.72011464,-3.29311019e-05,14.09456295,1.625551698,0.004088514931,0.0006309158627
876,0,0.004723518172,15.74175965,-3.299475132e-05,14.11338223,1.628377416,0.004090175003,0.000633343169
877,0,0.004725931532,15.75938804,-3.306052209e-05,14.12826768,1.631120356,0.004090258439,0.0006356730933
878,0,0.004726509769,15.77297285,-3.313057052e-05,14.13919374,1.633779111,0.004088613342,0.0006378964264
879,0,0.004725075342,15.78248964,-3.320706733e-05,14.14613729,1.63635235,0.004085071557,0.0006400037852
880,0,0.004721447272,15.78791693,-3.329224974e-05,14.14907811,1.638838825,0.004079461769,0.0006419855029
881,0,0.004715397119,15.78923569,-3.33883728e-05,14.14799832,1.641237367,0.004071565422,0.0006438316973
882,0,0.004706825553,15.78642812,-3.349776211e-05,14.14288123,1.643546892,0.00406129332,0.0006455322338
883,0,0.00469547908,15.77948498,-3.362274218e-05,14.13371858,1.645766403,0.004048402256,0.0006470768249
884,0,0.004681181155,15.76839633,-3.376563123e-05,14.12050133,1.647894995,0.004032725942,0.0006484552129
885,0,0.004663728576,15.75315611,-3.392872963e-05,14.10322426,1.649931849,0.004014071602,0.0006496569748
886,0,0.004642919112,15.73376326,-3.411438351e-05,14.08188702,1.651876238,0.003992247387,0.0006506717242
887,0,0.004618593771,15.71021464,-3.432485058e-05,14.05648711,1.653727528,0.003967104558,0.0006514892128
888,0,0.004590495846,15.68251923,-3.456232246e-05,14.02703406,1.655485177,0.003938396577,0.0006520992683
889,0,0.004558442266,15.65068677,-3.48288824e-05,13.99353803,1.657148738,0.003905950395,0.0006524918709
890,0,0.004522252733,15.61473087,-3.512656222e-05,13.95601301,1.658717857,0.003869595523,0.00065265721
891,0,0.004481845888,15.57466869,-3.54572883e-05,13.91447642,1.660192269,0.003829260129,0.0006525857587
892,0,0.004436836549,15.53051919,-3.582289021e-05,13.86894738,1.661571806,0.003784568094,0.0006522684547
893,0,0.004387152805,15.48231419,-3.622503783e-05,13.81945782,1.662856374,0.003735456052,0.0006516967539
894,0,0.00433262622,15.43008482,-3.666526095e-05,13.76603885,1.664045971,0.003681763737,0.0006508624828
895,0,0.00427310592,15.37386568,-3.714491967e-05,13.70872501,1.665140675,0.003623347909,0.000649758011
896,0,0.004208614701,15.31368927,-3.766522662e-05,13.64754863,1.666140634,0.003560238387,0.0006483763143
897,0,0.004138673146,15.24960433,-3.822728197e-05,13.58255826,1.667046068,0.00349196204,0.0006467111057
898,0,0.004063344154,15.18165915,-3.883183042e-05,13.51380189,1.667857263,0.003418587551,0.0006447566033
899,0,0.003982733482,15.10990408,-3.947954738e-05,13.44132951,1.668574567,0.003340225655,0.0006425078268
900,0,0.003896308221,15.03438716,-4.017069814e-05,13.36518878,1.66919838,0.00325634767,0.0006399605515
901,0,0.003804212748,14.9551738,-4.090570999e-05,13.28544464,1.669729163,0.003167100894,0.0006371118536
902,0,0.003706396292,14.87232494,-4.168434261e-05,13.20215752,1.67016742,0.003072437501,0.0006339587909
903,0,0.003603045784,14.78589995,-4.250628898e-05,13.11538625,1.670513703,0.002972545966,0.0006304998174
904,0,0.003493625172,14.69596763,-4.337111152e-05,13.02519903,1.670768597,0.002866890869,0.0006267343026
905,0,0.003378393681,14.60259625,-4.427791535e-05,12.93166353,1.670932724,0.002755731334,0.0006226623462
906,0,0.003257628128,14.50585115,-4.522587431e-05,12.83484442,1.671006731,0.002639342843,0.0006182852849
907,0,0.003178650935,14.44094272,-4.578518671e-05,12.76995066,1.670992054,0.002562622865,0.0006160280701
908,0,0.003097162139,14.37434352,-4.638361308e-05,12.70339133,1.670952188,0.002483510299,0.0006136518399
909,0,0.003013111674,14.30593737,-4.701908574e-05,12.63505118,1.670886191,0.002401959903,0.0006111517704
910,0,0.002925944374,14.23562604,-4.769010087e-05,12.56483304,1.670792992,0.002317421688,0.0006085226861
911,0,0.002835657207,14.16334041,-4.839511127e-05,12.492669,1.670671406,0.002229897747,0.00060575946
912,0,0.002742110221,14.08901353,-4.913292931e-05,12.41849339,1.67052014,0.002139253568,0.0006028566534
913,0,0.002645316353,14.01257906,-4.990252494e-05,12.34224126,1.6703378,0.002045507686,0.0005998086668
914,0,0.002544796088,13.93399019,-5.07031415e-05,12.26386729,1.670122899,0.001948186326,0.0005966097614
915,0,0.002440791245,13.85319688,-5.153409702e-05,12.18332302,1.66987386,0.001847537079,0.0005932541653
916,0,0.002332822578,13.7701457,-5.239484946e-05,12.10055667,1.669589025,0.001743086568,0.0005897360097
917,0,0.002220984335,13.68479891,-5.328482966e-05,12.01553226,1.669266647,0.001634934982,0.0005860493528
918,0,0.002105267894,13.59711003,-5.420297331e-05,11.92820513,1.668904901,0.001523080343,0.0005821875508
919,0,0.001985401877,13.50703436,-5.514929009e-05,11.83853247,1.668501888,0.00140725654,0.0005781453376
920,0,0.001861412527,13.41453679,-5.612318456e-05,11.74648117,1.668055623,0.001287495748,0.0005739167787
921,0,0.001733310192,13.31957793,-5.712404445e-05,11.65201388,1.667564045,0.00116381413,0.0005694960617
922,0,0.001600862946,13.22212453,-5.815111492e-05,11.55509952,1.667025007,0.001035985517,0.0005648774289
923,0,0.001464119579,13.12214632,-5.920354481e-05,11.45571005,1.666436274,0.0009040642188,0.0005600553607
924,0,0.001323076632,13.01960567,-6.028040955e-05,11.35381014,1.665795525,0.000768052046,0.0005550245859
925,0,0.00117756051,12.91447732,-6.138054582e-05,11.24937697,1.665100343,0.0006277805147,0.0005497799955
926,0,0.001027646754,12.80673256,-6.250265647e-05,11.14238434,1.664348219,0.000483329998,0.0005443167562
927,0,0.0008733056729,12.69633978,-6.364509683e-05,11.03280324,1.663536539,0.0003346753459,0.000538630327
928,0,0.0007145771526,12.58327655,-6.480609564e-05,10.92061397,1.662662583,0.0001818604989,0.0005327166537
929,0,0.0005514189317,12.46751631,-6.598352035e-05,10.80579279,1.661723517,2.484678611e-05,0.0005265721456
930,0,0.0003839131986,12.34903444,-6.717496133e-05,10.68831805,1.660716391,-0.0001362804216,0.0005201936202
931,0,0.0002121473785,12.22781124,-6.837760017e-05,10.56817312,1.659638122,-0.0003014311735,0.000513578552
932,0,3.610435429e-05,12.10382404,-6.958677035e-05,10.44533854,1.658485501,-0.000470618569,0.0005067229233
933,0,-0.0001440281804,11.97705267,-7.080064481e-05,10.3197975,1.657255173,-0.0006436563826,0.0004996282022
934,0,-0.000328100017,11.84748118,-7.201499794e-05,10.19153756,1.65594362,-0.0008203937259,0.0004922937089
935,0,-0.0005160126039,11.71509163,-7.322521726e-05,10.06054447,1.654547159,-0.001000732426,0.0004847198217
936,0,-0.0007075513181,11.57986777,-7.442622481e-05,9.926805841,1.653061932,-0.001184458982,0.0004769076636
937,0,-0.0009024959718,11.44179692,-7.561204634e-05,9.790313024,1.651483894,-0.001371355712,0.0004688597399
938,0,-0.001100611535,11.30086599,-7.677628394e-05,9.651057196,1.649808794,-0.001561191035,0.0004605794994
939,0,-0.001301624909,11.15706181,-7.791189479e-05,9.509029649,1.648032164,-0.001753696577,0.0004520716679
940,0,-0.001505217102,11.01037511,-7.901108628e-05,9.364225807,1.646149303,-0.001948559103,0.0004433420018
941,0,-0.001711051515,10.86079636,-8.00653583e-05,9.216641096,1.644155265,-0.002145449284,0.0004343977684
942,0,-0.001918742379,10.70831576,-8.106533e-05,9.066270921,1.642044836,-0.00234398974,0.0004252473609
943,0,-0.00212555201,10.55461651,-8.201486846e-05,8.914758779,1.639857735,-0.002541661543,0.0004161095336
944,0,-0.002331031669,10.39979032,-8.291176417e-05,8.762197229,1.63759309,-0.002738035436,0.0004070037671
945,0,-0.002534789239,10.24391193,-8.375329875e-05,8.608661889,1.635250045,-0.002932737516,0.0003979482769
946,0,-0.002736499408,10.08704781,-8.453424678e-05,8.45421997,1.632827844,-0.003125457013,0.0003889576054
947,0,-0.002935705049,9.929260019,-8.525468399e-05,8.298934229,1.63032579,-0.003315758013,0.0003800529641
948,0,-0.003132002408,9.770605637,-8.591147564e-05,8.142862438,1.627743199,-0.003503252768,0.0003712503602
949,0,-0.00332506838,9.611139285,-8.650171964e-05,7.986059879,1.625079405,-0.003687633628,0.0003625652474
950,0,-0.003514535327,9.45091172,-8.702262228e-05,7.828577969,1.622333752,-0.00386854778,0.0003540124523
951,0,-0.003700029237,9.28997218,-8.747171238e-05,7.670466601,1.619505579,-0.004045635228,0.0003456059907
952,0,-0.003881276329,9.12836748,-8.784686767e-05,7.511773255,1.616594226,-0.004218635264,0.000337358935
953,0,-0.004057907487,8.966141168,-8.814635534e-05,7.352542146,1.613599022,-0.004387190828,0.0003292833413
954,0,-0.004229658206,8.803336404,-8.836865312e-05,7.192817112,1.610519292,-0.004551048808,0.0003213906018
955,0,-0.004396213884,8.639992745,-8.851251285e-05,7.032638393,1.607354352,-0.004709904855,0.0003136909714
956,0,-0.004557337995,8.476148749,-8.857707764e-05,6.872045232,1.604103517,-0.004863531758,0.0003061937626
957,0,-0.004712455545,8.311839849,-8.856184493e-05,6.711073748,1.600766101,-0.00501136272,0.0002989071746
958,0,-0.004861754225,8.147086271,-8.846669551e-05,6.549744849,1.597341422,-0.005153592498,0.0002918382729
959,0,-0.005004826908,7.981923463,-8.829178467e-05,6.388094661,1.593828802,-0.005289820207,0.0002849932987
960,0,-0.005141737319,7.81638585,-8.803760923e-05,6.22615827,1.59022758,-0.005420114518,0.0002783771995
961,0,-0.005272238845,7.650504996,-8.770502023e-05,6.06396789,1.586537106,-0.005544232624,0.0002719937796
962,0,-0.005396172591,7.484309591,-8.729522512e-05,5.901552836,1.582756755,-0.005662018212,0.0002658456212
963,0,-0.005513388492,7.317826121,-8.680970547e-05,5.738940196,1.578885925,-0.005773322947,0.000259934454
964,0,-0.005623735195,7.151079661,-8.625027195e-05,5.576155614,1.574924047,-0.005877996004,0.0002542608091
965,0,-0.005727283977,6.984094205,-8.561901705e-05,5.413223615,1.57087059,-0.005976108117,0.0002488241393
966,0,-0.005824371313,6.816890882,-8.491825729e-05,5.250165818,1.566725064,-0.006067994162,0.0002436228487
967,0,-0.00591367956,6.649498215,-8.414869503e-05,5.087011181,1.562487034,-0.006152332002,0.0002386524421
968,0,-0.005996223482,6.481942793,-8.331581403e-05,4.923786661,1.558156132,-0.006230135479,0.0002339119973
969,0,-0.006072001334,6.314238964,-8.242231451e-05,4.760506943,1.553732021,-0.006301398335,0.0002293970006
970,0,-0.006140903886,6.146407514,-8.147169043e-05,4.597193083,1.549214431,-0.006366005558,0.0002251016719
971,0,-0.006202927587,5.978469212,-8.046732869e-05,4.433866049,1.544603163,-0.006423947255,0.0002210196679
972,0,-0.006258154142,5.810442951,-7.94126979e-05,4.270544858,1.539898092,-0.006475298079,0.0002171439367
973,0,-0.006306726332,5.64234888,-7.831181253e-05,4.107249701,1.535099179,-0.006520192687,0.0002134663547
974,0,-0.006348747798,5.474205744,-7.716860919e-05,3.943999279,1.530206465,-0.00655872606,0.0002099782628
975,0,-0.006384162483,5.306032583,-7.598728064e-05,3.7808125,1.525220083,-0.006590832709,0.0002066702268
976,0,-0.006413492986,5.13785053,-7.477208619e-05,3.617710271,1.520140259,-0.006617025203,0.0002035322172
977,0,-0.006436676452,4.969677975,-7.352734725e-05,3.45471066,1.514967315,-0.006637230107,0.0002005536551
978,0,-0.006454120612,4.801536074,-7.225749598e-05,3.291834398,1.509701676,-0.006651844004,0.0001977233924
979,0,-0.006465437724,4.63344428,-7.096703008e-05,3.129100405,1.504343874,-0.006660467499,0.0001950297749
980,0,-0.006471392509,4.465424045,-6.966044694e-05,2.966529495,1.49889455,-0.00666385325,0.0001924607414
981,0,-0.0064720694,4.297497508,-6.834220566e-05,2.804143051,1.493354456,-0.006662073252,0.0001900038524
982,0,-0.006467460184,4.129686231,-6.701702781e-05,2.641961768,1.487724463,-0.006655106384,0.0001876461997
983,0,-0.006458303767,3.962013387,-6.568941423e-05,2.480007835,1.482005552,-0.006643678478,0.0001853747102
984,0,-0.006444694217,3.794506452,-6.436385591e-05,2.318307626,1.476198826,-0.00662787028,0.0001831760633
985,0,-0.006426282169,3.627187625,-6.304476125e-05,2.156882115,1.47030551,-0.00660731901,0.0001810368409
986,0,-0.006404029455,3.460083145,-6.173648332e-05,1.995756196,1.46432695,-0.00658297287,0.0001789434156
987,0,-0.006377833485,3.293222496,-6.044333016e-05,1.834957879,1.458264616,-0.006554715644,0.0001768821594
988,0,-0.006348283957,3.126634443,-5.916946315e-05,1.674514339,1.452120104,-0.006523123493,0.0001748395364
989,0,-0.006315297655,2.960348525,-5.791897185e-05,1.514453393,1.445895132,-0.006488099493,0.0001728018377
990,0,-0.006279793433,2.794400412,-5.669580569e-05,1.354808869,1.439591543,-0.006450549075,0.0001707556422
991,0,-0.006240863276,2.628821708,-5.550376238e-05,1.195610404,1.433211303,-0.006409550874,0.0001686875978
992,0,-0.00619935623,2.463649804,-5.434646956e-05,1.036893301,1.426756503,-0.006365940891,0.0001665846608
993,0,-0.006155649415,2.29892333,-5.322743139e-05,0.8786939803,1.42022935,-0.006320083406,0.0001644339912
994,0,-0.00611054282,2.134681014,-5.214993574e-05,0.7210488406,1.413632173,-0.006272765882,0.0001622230626
995,0,-0.006063646226,1.970964637,-5.111711933e-05,0.5639972208,1.406967416,-0.006223585934,0.0001599397081
996,0,-0.006015989662,1.807816494,-5.013192863e-05,0.407578858,1.400237636,-0.006173561806,0.0001575721441
997,0,-0.005967665735,1.645275637,-4.919716814e-05,0.2518301362,1.393445501,-0.006122774886,0.0001551091502
998,0,-0.005918657315,1.483381814,-4.83154405e-05,0.09678803065,1.386593783,-0.006071197272,0.0001525399573
999,0,-0.00586924777,1.322181547,-4.748885545e-05,-0.05750381243,1.37968536,-0.006019102283,0.0001498545128
1000,0,-0.005819729428,1.161722889,-4.671988743e-05,-0.2110003162,1.372723205,-0.005966772186,0.0001470427579
1001,0,-0.005770517593,1.002056046,-4.601044778e-05,-0.3636543375,1.365710383,-0.005914613268,0.0001440956753
1002,0,-0.005721604058,0.8432319249,-4.536219968e-05,-0.51541812,1.358650045,-0.005862608948,0.0001410048896
1003,0,-0.00567332893,0.68530267,-4.477761161e-05,-0.6662427583,1.351545428,-0.005811092844,0.0001377639144
1004,0,-0.005625991131,0.5283222761,-4.4256532e-05,-0.8160776018,1.344399878,-0.005760355135,0.0001343640035
1005,0,-0.005579820813,0.3723504442,-4.38001045e-05,-0.9648663162,1.33721676,-0.005710619862,0.0001307990484
1006,0,-0.005534842241,0.2174402051,-4.340917597e-05,-1.112559306,1.329999511,-0.005661905855,0.000127063614
1007,0,-0.005491376934,0.0636497142,-4.308432418e-05,-1.259101908,1.322751623,-0.005614529988,0.0001231530539
1008,0,-0.005449848723,-0.08896073284,-4.282589967e-05,-1.404437374,1.315476641,-0.005568912265,0.0001190635425
1009,0,-0.005410003474,-0.2403304606,-4.263400654e-05,-1.548508616,1.308178155,-0.005524795591,0.000114792117
1010,0,-0.005372193507,-0.3903973972,-4.250844927e-05,-1.691257189,1.300859792,-0.005482530174,0.0001103366663
1011,0,-0.00533657887,-0.5390986092,-4.244885818e-05,-1.832623814,1.293525204,-0.00544227498,0.0001056961104
1012,0,-0.005303318953,-0.6863701977,-4.245446744e-05,-1.972548267,1.286178069,-0.005404189238,0.0001008702845
1013,0,-0.005272487207,-0.8321475845,-4.252453808e-05,-2.110969656,1.278822071,-0.005368346923,9.585971626e-05
1014,0,-0.005244187664,-0.9763655928,-4.265791378e-05,-2.247826492,1.271460899,-0.005334853898,9.066623411e-05
1015,0,-0.005218856915,-1.118958489,-4.285318666e-05,-2.383056727,1.264098238,-0.005304149469,8.529255402e-05
1016,0,-0.005195875349,-1.259860416,-4.310873431e-05,-2.516598178,1.256737762,-0.005275617697,7.974234771e-05
1017,0,-0.005175608084,-1.399002108,-4.342270639e-05,-2.64838524,1.249383132,-0.005249628569,7.402048442e-05
1018,0,-0.005158018301,-1.536319405,-4.379305084e-05,-2.778357387,1.242037982,-0.005226150951,6.81326502e-05
1019,0,-0.005143136798,-1.671745783,-4.421856383e-05,-2.906451707,1.234705924,-0.005205223846,6.208704814e-05
1020,0,-0.005130966496,-1.805215212,-4.46951568e-05,-3.032605782,1.22739057,-0.00518685591,5.588941344e-05
1021,0,-0.005121990374,-1.936661523,-4.522033567e-05,-3.156756934,1.220095411,-0.005171538983,4.954860891e-05
1022,0,-0.005115150583,-2.066019106,-4.579141645e-05,-3.278842995,1.212823889,-0.00515822502,4.307443674e-05
1023,0,-0.005110831878,-2.193221447,-4.640531767e-05,-3.398800841,1.205579394,-0.005147309582,3.647770426e-05
1024,0,-0.005108934178,-2.318203412,-4.705892343e-05,-3.516568667,1.198365255,-0.00513870419,2.977001212e-05
1025,0,-0.005109330482,-2.440900693,-4.774888282e-05,-3.632085427,1.191184735,-0.005132294328,2.296384628e-05
1026,0,-0.005111881219,-2.561249785,-4.847171841e-05,-3.745290805,1.18404102,-0.005127953806,1.607258724e-05
1027,0,-0.005116423034,-2.679187892,-4.92238074e-05,-3.856125109,1.176937218,-0.005125533371,9.11033625e-06
1028,0,-0.005123492028,-2.79465379,-5.000141568e-05,-3.96453014,1.169876351,-0.005125583945,2.091917388e-06
1029,0,-0.005131461651,-2.907588134,-5.080145352e-05,-4.070449506,1.162861372,-0.005126495505,-4.966146425e-06
1030,0,-0.005140813692,-3.017931148,-5.161904408e-05,-4.173826295,1.155895147,-0.00512876449,-1.204920281e-05
1031,0,-0.005151318091,-3.125624816,-5.245039274e-05,-4.274605211,1.148980395,-0.005132177673,-1.914041753e-05
1032,0,-0.00516271628,-3.23061257,-5.329158963e-05,-4.37273231,1.14211974,-0.005136493679,-2.622260137e-05
1033,0,-0.005174742417,-3.33283932,-5.413869743e-05,-4.468155035,1.135315715,-0.005141464347,-3.327806907e-05
1034,0,-0.005186755128,-3.432252497,-5.498774278e-05,-4.560823247,1.12857075,-0.005146466319,-4.028880914e-05
1035,0,-0.005199155443,-3.528800464,-5.583481456e-05,-4.650687633,1.121887169,-0.005151918761,-4.723668171e-05
1036,0,-0.005212228287,-3.622435648,-5.667604935e-05,-4.737702842,1.115267193,-0.005158125034,-5.410325223e-05
1037,0,-0.005223836414,-3.713108673,-5.75078581e-05,-4.82182164,1.108712967,-0.005162966663,-6.086975134e-05
1038,0,-0.005234542325,-3.800773471,-5.832609139e-05,-4.902999966,1.102226495,-0.00516702418,-6.751814435e-05
1039,0,-0.00524401318,-3.885385863,-5.91271462e-05,-4.981195525,1.095809662,-0.005169983265,-7.402991491e-05
1040,0,-0.005251916524,-3.966904313,-5.990752508e-05,-5.056368561,1.089464249,-0.005171529867,-8.038665715e-05
1041,0,-0.005257900489,-4.045289172,-6.066377133e-05,-5.128481111,1.08319194,-0.005171330281,-8.657020778e-05
1042,0,-0.005261604469,-4.12050342,-6.139263786e-05,-5.197497734,1.076994314,-0.005169041754,-9.256271462e-05
1043,0,-0.005262691941,-4.192512471,-6.209083933e-05,-5.263385332,1.070872861,-0.005164344969,-9.834697227e-05
1044,0,-0.005261905104,-4.261287238,-6.275561673e-05,-5.326116215,1.064828977,-0.005157999534,-0.0001039055699
1045,0,-0.005256754974,-4.326796332,-6.338424946e-05,-5.385660262,1.05886393,-0.005147533022,-0.0001092219517
1046,0,-0.005247938957,-4.389010267,-6.397409517e-05,-5.441989169,1.052978902,-0.005133658816,-0.0001142801417
1047,0,-0.005235129413,-4.447903717,-6.452278199e-05,-5.495078702,1.047174986,-0.005116064616,-0.0001190647972
1048,0,-0.005217637989,-4.503454005,-6.502811921e-05,-5.544907197,1.041453191,-0.005094076727,-0.0001235612617
1049,0,-0.005195834144,-4.555642048,-6.548789992e-05,-5.591456506,1.035814458,-0.005068078081,-0.0001277560629
1050,0,-0.005169039712,-4.604449102,-6.59007954e-05,-5.63470873,1.030259627,-0.005037404149,-0.000131635563
1051,0,-0.005137060672,-4.649859378,-6.626526811e-05,-5.674648841,1.024789463,-0.005001872948,-0.0001351877246
1052,0,-0.005099381065,-4.691860685,-6.658016483e-05,-5.711265342,1.019404657,-0.004960979828,-0.000138401236
1053,0,-0.005055840531,-4.730445133,-6.684411851e-05,-5.744550971,1.014105838,-0.004914574125,-0.0001412664058
1054,0,-0.005007262233,-4.76560914,-6.705682928e-05,-5.774502718,1.008893578,-0.004863488952,-0.0001437732807
1055,0,-0.004951194469,-4.797343777,-6.7217731e-05,-5.801112167,1.003768391,-0.004805280643,-0.0001459138258
1056,0,-0.004888481328,-4.825643954,-6.732650913e-05,-5.82437469,0.9987307366,-0.004740800284,-0.0001476810443
1057,0,-0.004818929956,-4.850508232,-6.738289746e-05,-5.844289261,0.9937810293,-0.004669860487,-0.0001490694691
1058,0,-0.004742339291,-4.871938092,-6.738752217e-05,-5.860857733,0.9889196411,-0.004592265558,-0.0001500737328
1059,0,-0.004658305276,-4.889936628,-6.734074e-05,-5.874083525,0.9841468969,-0.00450761494,-0.0001506903355
1060,0,-0.004567124587,-4.904509794,-6.724327406e-05,-5.883972883,0.9794630888,-0.004416207681,-0.0001509169054
1061,0,-0.004468453086,-4.915665317,-6.709598547e-05,-5.890533798,0.9748684816,-0.004317700783,-0.0001507523029
1062,0,-0.00436219054,-4.923413572,-6.690014482e-05,-5.893776878,0.9703633063,-0.004211994108,-0.0001501964327
1063,0,-0.004248264496,-4.92776692,-6.665702676e-05,-5.893714697,0.9659477768,-0.004099013888,-0.0001492506084
1064,0,-0.004126627241,-4.928740314,-6.636812223e-05,-5.8903624,0.9616220853,-0.003978709939,-0.0001479173028
1065,0,-0.003997260719,-4.926350624,-6.603530444e-05,-5.883737034,0.9573864098,-0.003851060706,-0.0001462000136
1066,0,-0.00386066877,-4.920617011,-6.566046848e-05,-5.873857928,0.9532409172,-0.003716565187,-0.0001441035834
1067,0,-0.003716302346,-4.911563614,-6.524578638e-05,-5.860749379,0.9491857656,-0.003574668416,-0.0001416339299
1068,0,-0.003563932742,-4.899210549,-6.479351688e-05,-5.844431655,0.945221106,-0.003425134602,-0.0001387981396
1069,0,-0.003403914824,-4.883583167,-6.430609314e-05,-5.824930254,0.9413470868,-0.003268310439,-0.0001356043847
1070,0,-0.003236648233,-4.864708779,-6.378604613e-05,-5.802272634,0.9375638551,-0.003104586241,-0.0001320619918
1071,0,-0.003062218287,-4.842615368,-6.323594334e-05,-5.776486928,0.9338715593,-0.002934036876,-0.0001281814109
1072,0,-0.00288067869,-4.817335079,-6.265868583e-05,-5.74760543,0.9302703512,-0.002756704973,-0.0001239737176
1073,0,-0.002692303123,-4.788900991,-6.205699641e-05,-5.715661379,0.9267603874,-0.00257285173,-0.0001194513924
1074,0,-0.002497357661,-4.757347971,-6.143393426e-05,-5.680689797,0.9233418267,-0.002382730331,-0.0001146273295
1075,0,-0.002296103937,-4.722711738,-6.079251706e-05,-5.642726572,0.9200148344,-0.002186588591,-0.0001095153459
1076,0,-0.002088812791,-4.685030548,-6.01356808e-05,-5.601810129,0.9167795811,-0.001984682557,-0.0001041302339
1077,0,-0.001875799805,-4.644345151,-5.946646938e-05,-5.557981395,0.9136362436,-0.001777312463,-9.848734134e-05
1078,0,-0.001657295366,-4.600697891,-5.878793422e-05,-5.511282898,0.9105850075,-0.001564692764,-9.260260263e-05
1079,0,-0.001433863401,-4.554132386,-5.810311323e-05,-5.461758453,0.9076260666,-0.001347370914,-8.649248636e-05
1080,0,-0.001205723054,-4.50469384,-5.741502959e-05,-5.409453461,0.9047596214,-0.001125549221,-8.017383284e-05
1081,0,-0.0009732855891,-4.452429137,-5.672662567e-05,-5.354415018,0.9019858805,-0.0008996216882,-7.366390087e-05
1082,0,-0.0007369648818,-4.397385333,-5.604079518e-05,-5.296690394,0.8993050604,-0.0006699846578,-6.698022394e-05
1083,0,-0.0004971388425,-4.339610193,-5.536033587e-05,-5.236327578,0.8967173842,-0.0004369983189,-6.014052362e-05
1084,0,-0.0002543706427,-4.279156291,-5.468826427e-05,-5.173379365,0.8942230741,-0.000201208447,-5.31621957e-05
1085,0,-9.475385333e-06,-4.216077642,-5.402720496e-05,-5.107899993,0.8918223514,3.658759498e-05,-4.606298031e-05
1086,0,0.0002380364271,-4.150426994,-5.337964743e-05,-5.03994244,0.8895154455,0.0002768969601,-3.886053299e-05
1087,0,0.0004871547808,-4.082258104,-5.274794866e-05,-4.969560693,0.8873025888,0.0005187270411,-3.157226034e-05
1088,0,0.0007374934798,-4.011625346,-5.2134432e-05,-4.896809363,0.8851840166,0.0007617086729,-2.421519306e-05
1089,0,0.00098862523,-3.938583633,-5.154117432e-05,-4.821743595,0.8831599623,0.00100543126,-1.680603027e-05
1090,0,0.001240074924,-3.863188664,-5.097021283e-05,-4.744419321,0.881230657,0.00124943581,-9.360885992e-06
1091,0,0.0014914306,-3.785496596,-5.042329947e-05,-4.664892923,0.8793963277,0.001493326111,-1.895511009e-06
1092,0,0.00174229428,-3.705563683,-4.990197766e-05,-4.583220879,0.8776571951,0.001736719325,5.574954807e-06
1093,0,0.001992285331,-3.623446158,-4.940776456e-05,-4.499459631,0.8760134725,0.001979248838,1.303649284e-05
1094,0,0.002240813881,-3.539200744,-4.894199703e-05,-4.413666107,0.8744653627,0.002220338327,2.047555423e-05
1095,0,0.002406893021,-3.480399665,-4.844607673e-05,-4.354149034,0.8737493683,0.002382779474,2.411354733e-05
1096,0,0.002573395469,-3.420528547,-4.791994568e-05,-4.293572357,0.8730438096,0.002545611075,2.778439389e-05
1097,0,0.002740487368,-3.359471614,-4.737105183e-05,-4.231821236,0.8723496215,0.002708999032,3.148833592e-05
1098,0,0.002908230831,-3.297146256,-4.680566587e-05,-4.168814158,0.8716679012,0.002873005303,3.522552818e-05
1099,0,0.00307662508,-3.233490984,-4.6229034e-05,-4.104490872,0.8709998884,0.003037629136,3.89959447e-05
1100,0,0.003245689046,-3.168457835,-4.56456034e-05,-4.038804787,0.8703469516,0.003202889602,4.279944396e-05
1101,0,0.003415219464,-3.102008108,-4.505920953e-05,-3.971718686,0.8697105779,0.003368583889,4.663557568e-05
1102,0,0.003585164581,-3.034109383,-4.447318345e-05,-3.90320175,0.8690923666,0.003534660737,5.050384364e-05
1103,0,0.003755451065,-2.964733028,-4.389036897e-05,-3.833227053,0.8684940249,0.003701047605,5.44034603e-05
1104,0,0.00392589688,-2.893853863,-4.331343e-05,-3.761771227,0.8679173644,0.003867563075,5.833380515e-05
1105,0,0.004096341338,-2.821446574,-4.274480569e-05,-3.688810873,0.8673642993,0.004034047224,6.229411339e-05
1106,0,0.004266667277,-2.747490373,-4.218668831e-05,-3.614327217,0.8668368441,0.004200383759,6.628351853e-05
1107,0,0.004436638438,-2.671965522,-4.164117121e-05,-3.538302638,0.8663371163,0.004366337311,7.03011266e-05
1108,0,0.00460609177,-2.59485483,-4.111023425e-05,-3.460722169,0.8658673388,0.00453174572,7.43460499e-05
1109,0,0.004774862609,-2.516140448,-4.059581537e-05,-3.381570289,0.8654298409,0.004696445101,7.841750865e-05
1110,0,0.004942774937,-2.435806616,-4.009985876e-05,-3.300833676,0.8650270598,0.004860260046,8.251489152e-05
1111,0,0.005109600836,-2.35383747,-3.962423913e-05,-3.218499014,0.8646615441,0.005022963106,8.663773049e-05
1112,0,0.005275188421,-2.270216757,-3.917089587e-05,-3.134552712,0.8643359549,0.005184402574,9.078584693e-05
1113,0,0.00543930366,-2.184930815,-3.874173243e-05,-3.048983883,0.864053068,0.00534434443,9.495923083e-05
1114,0,0.005601829153,-2.097962956,-3.833877265e-05,-2.961778731,0.8638157756,0.005502670574,9.915857887e-05
1115,0,0.005762409754,-2.009299475,-3.796402576e-05,-2.872926564,0.8636270892,0.00565902496,0.000103384794
1116,0,0.005920879494,-1.918928554,-3.76195584e-05,-2.782418695,0.8634901415,0.00581324016,0.0001076393347
1117,0,0.00607707464,-1.826838987,-3.730752534e-05,-2.690247172,0.8634081859,0.005965150353,0.0001119242876
1118,0,0.006230785139,-1.733018566,-3.702998937e-05,-2.596403165,0.8633845987,0.006114542877,0.0001162422617
1119,0,0.006381813128,-1.637455917,-3.678912485e-05,-2.500878796,0.8634228793,0.006261216452,0.0001205966759
1120,0,0.006529981077,-1.540140908,-3.658709554e-05,-2.403667557,0.8635266498,0.006404989406,0.0001249916702
1121,0,0.006675108373,-1.441063405,-3.642612518e-05,-2.304763059,0.8636996541,0.006545676106,0.0001294322664
1122,0,0.006816982591,-1.340214277,-3.630840644e-05,-2.204160033,0.863945756,0.006683057959,0.0001339246311
1123,0,0.006955460942,-1.237586258,-3.623603208e-05,-2.101855192,0.8642689337,0.006816985485,0.0001384754567
1124,0,0.007090382514,-1.133171701,-3.621101013e-05,-1.997844984,0.8646732826,0.006947289799,0.0001430927148
1125,0,0.007221632418,-1.02696484,-3.623529084e-05,-1.892127849,0.8651630093,0.007073846954,0.0001477854645
1126,0,0.007349056381,-0.918961197,-3.631068714e-05,-1.784703622,0.8657424248,0.007196492493,0.000152563888
1127,0,0.007472744356,-0.8091572723,-3.643888987e-05,-1.675573208,0.8664159358,0.007315304855,0.0001574395012
1128,0,0.007591895963,-0.697551659,-3.662135673e-05,-1.564739696,0.8671880367,0.007429470833,0.0001624251304
1129,0,0.007707122543,-0.5841446739,-3.685933193e-05,-1.452207974,0.8680633,0.007539587551,0.0001675349918
1130,0,0.00781812703,-0.4689384758,-3.715367332e-05,-1.33798484,0.8690463642,0.007645342375,0.0001727846547
1131,0,0.007923398124,-0.3530755687,-3.743846996e-05,-1.22319451,0.870118941,0.007745385107,0.0001780130168
1132,0,0.008023479563,-0.2366243986,-3.771096692e-05,-1.107905256,0.8712808575,0.007840253359,0.000183226204
1133,0,0.008118405433,-0.1196484874,-3.796953773e-05,-0.9921801989,0.8725317115,0.007929973503,0.0001884319302
1134,0,0.008208371301,-0.002203274352,-3.821314808e-05,-0.8760741525,0.8738708782,0.008014732671,0.0001936386297
1135,0,0.00829335938,0.1156586432,-3.844109211e-05,-0.7596389112,0.8752975544,0.008094504313,0.0001988550669
1136,0,0.008373902519,0.2338860791,-3.865298145e-05,-0.642924711,0.87681079,0.008169812093,0.000204090426
1137,0,0.008449635033,0.3524293656,-3.884848095e-05,-0.5259801459,0.8784095115,0.008240281326,0.0002093537068
1138,0,0.008521090418,0.4712385669,-3.902741894e-05,-0.4088539704,0.8800925373,0.008306436506,0.0002146539122
1139,0,0.008588265949,0.5902637962,-3.918963644e-05,-0.2915947947,0.8818585909,0.00836826628,0.0002199996686
1140,0,0.008651315034,0.7094542619,-3.933503638e-05,-0.1742520489,0.8837063108,0.008425915768,0.0002253992668
1141,0,0.008710447888,0.8287608659,-3.946358573e-05,-0.05687339061,0.8856342565,0.008479587361,0.0002308605264
1142,0,0.008765868314,0.9481334224,-3.95752432e-05,0.0604925075,0.8876409149,0.008529477671,0.0002363906432
1143,0,0.008817867819,1.067521326,-3.967007666e-05,0.1777966203,0.8897247059,0.008575871639,0.0002419961807
1144,0,0.00886642657,1.186873652,-3.974817664e-05,0.2949896657,0.8918839859,0.008618743595,0.0002476829743
1145,0,0.008911738373,1.306139634,-3.98097025e-05,0.4120225827,0.8941170517,0.008658282317,0.0002534560556
1146,0,0.00895400368,1.425267257,-3.985486254e-05,0.5288451137,0.8964221434,0.008694684081,0.0002593195985
1147,0,0.008993249551,1.544203845,-3.988393049e-05,0.6454063978,0.8987974476,0.008727972695,0.0002652768562
1148,0,0.009029758423,1.662897275,-3.989728072e-05,0.7616561744,0.9012411003,0.008758428203,0.0002713302206
1149,0,0.009063579125,1.781297109,-3.989532976e-05,0.8775459194,0.9037511894,0.00878609809,0.0002774810345
1150,0,0.009094823005,1.899351134,-3.987859573e-05,0.9930253768,0.9063257575,0.008811093287,0.0002837297185
1151,0,0.009123582975,2.01700704,-3.984766969e-05,1.108044236,0.9089628041,0.008833507334,0.0002900756409
1152,0,0.009150024358,2.134211066,-3.980325185e-05,1.222550777,0.9116602884,0.008853507132,0.0002965172259
1153,0,0.009174120331,2.250909904,-3.974608813e-05,1.336493772,0.9144161311,0.008871068446,0.0003030518851
1154,0,0.009195873055,2.367051613,-3.967701969e-05,1.449823396,0.917228217,0.008886197,0.0003096760545
1155,0,0.009215378287,2.482583305,-3.959695643e-05,1.562488908,0.9200943967,0.008898993082,0.0003163852041
1156,0,0.009232669252,2.597452006,-3.950689321e-05,1.674439516,0.9230124893,0.008909495355,0.0003231738971
1157,0,0.009247846611,2.711603878,-3.940787873e-05,1.785623594,0.9259802841,0.008917810838,0.0003300357727
1158,0,0.009260707119,2.824986709,-3.93010544e-05,1.895991166,0.9289955424,0.008923743412,0.0003369637073
1159,0,0.009271384818,2.937548536,-3.918755751e-05,2.005492536,0.9320560002,0.008927435193,0.0003439496254
1160,0,0.009279754835,3.049236006,-3.906863282e-05,2.114076637,0.9351593691,0.008928770093,0.0003509847425
1161,0,0.009285984671,3.159995305,-3.894554468e-05,2.221691966,0.9383033388,0.008927925051,0.0003580596199
1162,0,0.009289685646,3.269774137,-3.881959675e-05,2.328288558,0.9414855787,0.008924521451,0.0003651641956
1163,0,0.009290941405,3.378521204,-3.869207813e-05,2.433817465,0.9447037392,0.008918653591,0.0003722878141
1164,0,0.009289764025,3.486185146,-3.856431618e-05,2.538229692,0.9479554535,0.008910344696,0.0003794193294
1165,0,0.009286046599,3.592713445,-3.843761798e-05,2.641475106,0.9512383389,0.008899499405,0.0003865471936
1166,0,0.009279483396,3.698054953,-3.831331434e-05,2.743504954,0.9545499993,0.008885823914,0.0003936594812
1167,0,0.009270365109,3.802158874,-3.81927026e-05,2.844270849,0.9578880252,0.008869621126,0.0004007439833
1168,0,0.009258080609,3.904974951,-3.807702927e-05,2.943724955,0.9612499959,0.008850292334,0.000407788275
1169,0,0.009243018973,4.006453218,-3.796752772e-05,3.041819737,0.9646334811,0.008828239154,0.0004147798195
1170,0,0.009224786499,4.106544554,-3.786535261e-05,3.138508513,0.9680360409,0.008803080476,0.0004217060228
1171,0,0.009203059395,4.205199298,-3.777165174e-05,3.233744069,0.9714552289,0.008774505091,0.0004285543041
1172,0,0.00917784268,4.302367976,-3.768747129e-05,3.327479384,0.9748885927,0.008742530559,0.0004353121202
1173,0,0.009149031944,4.398003431,-3.761381558e-05,3.419669758,0.9783336739,0.008707064824,0.0004419671199
1174,0,0.009116497331,4.492058274,-3.75515758e-05,3.510270265,0.9817880097,0.008667990182,0.000448507149
1175,0,0.009080103606,4.584485739,-3.750156046e-05,3.599236605,0.9852491341,0.008625183227,0.0004549203791
1176,0,0.009039720475,4.675239692,-3.746452789e-05,3.686525113,0.9887145789,0.008578525202,0.0004611952722
1177,0,0.008995216876,4.764274723,-3.74411145e-05,3.772092848,0.9921818753,0.008527896192,0.0004673206838
1178,0,0.008946467868,4.851546156,-3.743184786e-05,3.855897601,0.9956485551,0.008473181952,0.0004732859168
1179,0,0.008893358284,4.937010041,-3.743716248e-05,3.93789789,0.9991121507,0.008414277579,0.0004790807048
1180,0,0.008835779096,5.020623675,-3.745735165e-05,4.018053477,1.002570198,0.008351083746,0.0004846953506
1181,0,0.008773619497,5.102344629,-3.749263879e-05,4.096324393,1.006020236,0.008283498721,0.0004901207762
1182,0,0.008706781799,5.182131309,-3.754314311e-05,4.172671501,1.009459808,0.008211433321,0.0004953484782
1183,0,0.008635092348,5.259943159,-3.760882956e-05,4.247056698,1.012886461,0.008134721764,0.0005003705838
1184,0,0.008558665154,5.335740147,-3.768958934e-05,4.319442397,1.01629775,0.008053485252,0.0005051799026
1185,0,0.008477296035,5.409482722,-3.778515122e-05,4.389791484,1.019691238,0.007967526139,0.000509769896
1186,0,0.008390970324,5.481133601,-3.789514176e-05,4.458069103,1.023064498,0.00787683562,0.0005141347034
1187,0,0.008299628715,5.550655714,-3.801912926e-05,4.524240599,1.026415114,0.007781359459,0.0005182692562
1188,0,0.008203238222,5.618012812,-3.815655013e-05,4.58827213,1.029740682,0.007681069089,0.0005221691329
1189,0,0.008101778206,5.683169602,-3.830675041e-05,4.650130794,1.033038809,0.007575947584,0.0005258306228
1190,0,0.007995240704,5.74609173,-3.846897763e-05,4.709784611,1.036307119,0.007465990021,0.0005292506828
1191,0,0.007883648018,5.806746172,-3.864237497e-05,4.767202918,1.039543253,0.007351221152,0.0005324268656
1192,0,0.007766999763,5.865100815,-3.882607076e-05,4.822355943,1.042744872,0.007231642315,0.000535357448
1193,0,0.007645326031,5.921124376,-3.901911017e-05,4.875214725,1.045909652,0.007107284825,0.0005380412062
1194,0,0.007518678821,5.97478667,-3.922047738e-05,4.925751377,1.049035293,0.006978201363,0.000540477458
1195,0,0.007387141904,6.026058718,-3.942908748e-05,4.973939197,1.05211952,0.006844475975,0.0005426659286
1196,0,0.007250618237,6.07491295,-3.964393645e-05,5.019752867,1.055160084,0.006706011409,0.000544606828
1197,0,0.0071094844,6.121322746,-3.986396392e-05,5.063167986,1.058154759,0.006563183804,0.0005463005961
1198,0,0.006963726931,6.165261967,-4.008810792e-05,5.104160614,1.061101353,0.006415978905,0.0005477480265
1199,0,0.006813476662,6.2067068,-4.03152568e-05,5.142709095,1.063997705,0.006264526602,0.0005489500599
1200,0,0.00665869053,6.245634287,-4.05446577e-05,5.178792603,1.066841684,0.006108782785,0.0005499077448
1201,0,0.006499468946,6.282022515,-4.077549024e-05,5.212391322,1.069631193,0.005948846989,0.0005506219562
1202,0,0.00633594618,6.315850856,-4.100686757e-05,5.24348669,1.072364167,0.005784852605,0.0005510935754
1203,0,0.006168228158,6.347100135,-4.123809191e-05,5.272061553,1.075038582,0.005616904699,0.000551323459
1204,0,0.005996461721,6.375752523,-4.14684458e-05,5.298100068,1.077652455,0.005445149551,0.0005513121697
1205,0,0.005820782648,6.401791827,-4.169732729e-05,5.321587981,1.080203846,0.005269722605,0.0005510600429
1206,0,0.005641140103,6.425203567,-4.192436902e-05,5.342512708,1.08269086,0.005090572875,0.0005505672283
1207,0,0.005458004289,6.445974417,-4.214915859e-05,5.360862768,1.085111649,0.004908170767,0.0005498335222
1208,0,0.005271362995,6.464092597,-4.237137077e-05,5.376628183,1.087464414,0.004722504782,0.0005488582129
1209,0,0.005081357852,6.479548164,-4.259077879e-05,5.389800754,1.089747409,0.004533717513,0.0005476403384
1210,0,0.004888112898,6.492333012,-4.280730482e-05,5.400374072,1.09195894,0.00434193435,0.0005461785482
1211,0,0.004691823255,6.502441393,-4.302073956e-05,5.408344021,1.094097371,0.004147352516,0.0005444707383
1212,0,0.004492508584,6.50986857,-4.323163231e-05,5.41370745,1.09616112,0.003949992935,0.0005425156486
1213,0,0.004290122283,6.514611604,-4.344015396e-05,5.416462945,1.098148659,0.003749811267,0.000540311016
1214,0,0.004085161277,6.516668996,-4.364665068e-05,5.416610471,1.100058525,0.003547307067,0.0005378542102
1215,0,0.003877564141,6.516041514,-4.385127652e-05,5.414152199,1.101889315,0.003342421721,0.0005351424205
1216,0,0.003667456614,6.512731912,-4.405438988e-05,5.409092223,1.103639689,0.003135284108,0.0005321725065
1217,0,0.003454957982,6.506745227,-4.425639414e-05,5.401436855,1.105308372,0.002926016686,0.0005289412955
1218,0,0.003239983344,6.49808879,-4.445772704e-05,5.391194632,1.106894158,0.002714537737,0.0005254456067
1219,0,0.003023049628,6.48677182,-4.465880908e-05,5.378375915,1.108395905,0.002501367513,0.000521682115
1220,0,0.002804041978,6.472805789,-4.486014759e-05,5.362993248,1.109812541,0.002286394215,0.0005176477627
1221,0,0.002583096788,6.456204577,-4.506216752e-05,5.345061513,1.111143064,0.002069757328,0.0005133394594
1222,0,0.002360118933,6.436983992,-4.526515984e-05,5.32459745,1.112386541,0.001851364712,0.0005087542215
1223,0,0.002135584738,6.415162176,-4.546988948e-05,5.301620064,1.113542112,0.00163169491,0.0005038898277
1224,0,0.001909316672,6.390759714,-4.567652288e-05,5.276150728,1.114608987,0.001410572922,0.0004987437496
1225,0,0.001681604193,6.363799456,-4.588568683e-05,5.248213005,1.115586451,0.001188289882,0.0004933143116
1226,0,0.001452579848,6.334306734,-4.609745086e-05,5.217832868,1.116473866,0.0009649802028,0.0004875996448
1227,0,0.001222295057,6.302309284,-4.63122419e-05,5.185038618,1.117270665,0.0007406960903,0.0004815989666
1228,0,0.0009906463911,6.267837212,-4.653037385e-05,5.149860851,1.117976361,0.0005153347438,0.0004753116473
1229,0,0.0007582215331,6.230923482,-4.67520051e-05,5.112332945,1.118590537,0.0002894839904,0.0004687375427
1230,0,0.0005246802094,6.191602826,-4.697755728e-05,5.072489971,1.119112855,6.280276798e-05,0.0004618774414
1231,0,0.00029058405,6.149913235,-4.720701931e-05,5.030370185,1.11954305,-0.0001641481248,0.0004547321748
1232,0,5.568477074e-05,6.10589479,-4.744061123e-05,4.986013862,1.119880929,-0.0003916187426,0.0004473035133
1233,0,-0.0001795348305,6.059589528,-4.76786706e-05,4.939463152,1.120126376,-0.0006191289084,0.0004395940778
1234,0,-0.0004152643991,6.011041972,-4.792084716e-05,4.890762623,1.120279349,-0.000846870524,0.0004316061249
1235,0,-0.0006511765735,5.960299603,-4.816738086e-05,4.839959731,1.120339873,-0.001074519798,0.0004233432242
1236,0,-0.000886999449,5.907411536,-4.841864774e-05,4.78710349,1.120308046,-0.001301809493,0.0004148100441
1237,0,-0.001122975685,5.852428955,-4.867419122e-05,4.732244919,1.120184036,-0.001528986035,0.0004060103501
1238,0,-0.001358394919,5.795405478,-4.893400174e-05,4.675437403,1.119968076,-0.001755344357,0.0003969494381
1239,0,-0.001593526659,5.736396696,-4.919836596e-05,4.616736225,1.119660471,-0.001981160423,0.0003876337637
1240,0,-0.001828066691,5.67545976,-4.946663457e-05,4.556198168,1.119261592,-0.002206135319,0.0003780686279
1241,0,-0.002061833496,5.612653786,-4.973872781e-05,4.493881913,1.118771874,-0.002430094466,0.0003682609698
1242,0,-0.002294697447,5.548039607,-5.001466841e-05,4.42984779,1.118191817,-0.00265291587,0.0003582184227
1243,0,-0.00252641407,5.481679301,-5.029408522e-05,4.364157315,1.117521986,-0.002874362676,0.0003479486052
1244,0,-0.002756941021,5.413636173,-5.057649513e-05,4.296873164,1.116763008,-0.003094400313,0.0003374592923
1245,0,-0.002986187753,5.343975564,-5.086149276e-05,4.228059991,1.115915573,-0.003312946756,0.0003267590022
1246,0,-0.003213477034,5.272763256,-5.114883811e-05,4.157782828,1.114980428,-0.003529334041,0.0003158570069
1247,0,-0.003439143891,5.200062593,-5.143796107e-05,4.086104211,1.113958383,-0.00374390622,0.0003047623292
1248,0,-0.003662907625,5.125943414,-5.172854614e-05,4.013093111,1.112850303,-0.003956392219,0.0002934845943
1249,0,-0.003884438676,5.050473802,-5.202001938e-05,3.938816689,1.111657113,-0.004166472204,0.0002820335278
1250,0,-0.004034454874,4.996868153,-5.260387369e-05,3.885829139,1.111039014,-0.004311221564,0.0002767666897
1251,0,-0.004183889834,4.94260651,-5.322284429e-05,3.832230778,1.110375732,-0.004455270805,0.0002713809712
1252,0,-0.004333012253,4.887575325,-5.38646611e-05,3.777907523,1.109667802,-0.004598879974,0.0002658677218
1253,0,-0.004481988539,4.831705101,-5.451980132e-05,3.72278982,1.10891528,-0.004742207588,0.0002602190493
1254,0,-0.004630952678,4.774952899,-5.518086484e-05,3.666835051,1.108117848,-0.004885380411,0.0002544277326
1255,0,-0.004779814245,4.717291806,-5.58421056e-05,3.61001693,1.107274876,-0.005028301416,0.0002484871719
1256,0,-0.004928617117,4.658706925,-5.64990184e-05,3.552321438,1.106385487,-0.005171008334,0.0002423912175
1257,0,-0.005077337911,4.599188108,-5.714807948e-05,3.493739511,1.105448596,-0.005313472051,0.0002361341399
1258,0,-0.005225884213,4.538731504,-5.778641291e-05,3.434268556,1.104462949,-0.005455594704,0.0002297104911
1259,0,-0.005374238312,4.477336395,-5.84115145e-05,3.37390925,1.103427146,-0.005597353107,0.0002231147951
1260,0,-0.005522267819,4.415003515,-5.902150879e-05,3.312663848,1.102339667,-0.005738609943,0.0002163421246
1261,0,-0.005669908244,4.351737356,-5.961493188e-05,3.250538467,1.101198889,-0.005879296226,0.0002093879816
1262,0,-0.005817053026,4.287543577,-6.019028125e-05,3.18754048,1.100003097,-0.006019300682,0.0002022476564
1263,0,-0.005963572585,4.222428998,-6.07461248e-05,3.123678501,1.098750497,-0.006158488993,0.0001949164081
1264,0,-0.006109384689,4.156402972,-6.128112328e-05,3.058963746,1.097439227,-0.006296774297,0.0001873896082
1265,0,-0.006254330293,4.08947598,-6.179399493e-05,2.993408616,1.096067364,-0.006433993006,0.0001796627129
1266,0,-0.006398278653,4.021659409,-6.228341357e-05,2.927026478,1.094632932,-0.006570009803,0.0001717311501
1267,0,-0.006541056654,3.952966383,-6.274808642e-05,2.859832475,1.093133907,-0.006704647095,0.000163590441
1268,0,-0.006682577133,3.883411544,-6.318667845e-05,2.791843317,1.091568227,-0.006837813232,0.0001552360997
1269,0,-0.006822651922,3.813010891,-6.359781991e-05,2.723077099,1.089933792,-0.006969315601,0.0001466636791
1270,0,-0.006961133137,3.74178191,-6.39801399e-05,2.653553435,1.088228475,-0.007099001952,0.0001378688154
1271,0,-0.007097773726,3.669743667,-6.433224075e-05,2.583293539,1.086450129,-0.007226620933,0.0001288472069
1272,0,-0.007232504276,3.596916855,-6.465274702e-05,2.512320268,1.084596587,-0.007352098959,0.0001195946823
1273,0,-0.007365041786,3.523323509,-6.494029137e-05,2.44065783,1.082665679,-0.007475148976,0.00011010719
1274,0,-0.007495211376,3.448987473,-6.519355782e-05,2.368332243,1.08065523,-0.007595592249,0.0001003808732
1275,0,-0.007622746179,3.373934408,-6.541132875e-05,2.295371333,1.078563075,-0.007713158192,9.041201308e-05
1276,0,-0.007747521667,3.298191905,-6.559248654e-05,2.221804841,1.076387064,-0.007827718787,8.019711984e-05
1277,0,-0.007869304764,3.221789748,-6.573607409e-05,2.147664674,1.074125074,-0.007939037698,6.973293408e-05
1278,0,-0.007987782795,3.144759344,-6.584135929e-05,2.072984325,1.071775018,-0.008046799254,5.901645811e-05
1279,0,-0.008102676808,3.067134473,-6.590785501e-05,1.997799615,1.069334858,-0.008150721748,4.804493977e-05
1280,0,-0.008213875469,2.988951082,-6.593539217e-05,1.922148466,1.066802616,-0.008250691364,3.681589466e-05
1281,0,-0.008321013099,2.91024818,-6.592419186e-05,1.846071793,1.064176387,-0.008346340255,2.532715642e-05
1282,0,-0.008423842487,2.831066137,-6.587491406e-05,1.769611782,1.061454355,-0.00843741936,1.357687292e-05
1283,0,-0.008522023112,2.751448482,-6.578872198e-05,1.692813676,1.058634806,-0.008523586709,1.563597323e-06
1284,0,-0.008615457589,2.671441891,-6.566735729e-05,1.615725742,1.055716149,-0.008604743953,-1.071363667e-05
1285,0,-0.008703798892,2.59109519,-6.551320545e-05,1.538398264,1.052696926,-0.008680543688,-2.325520421e-05
1286,0,-0.008785765596,2.511190227,-6.538808913e-05,1.461552283,1.049637944,-0.008750090876,-3.567471984e-05
1287,0,-0.008861008411,2.431796176,-6.528993666e-05,1.385256221,1.046539955,-0.008813043847,-4.796456443e-05
1288,0,-0.008929914096,2.352976461,-6.521614595e-05,1.309572471,1.04340399,-0.008869795069,-6.011902621e-05
1289,0,-0.008992248432,2.274781616,-6.516408985e-05,1.234550213,1.040231403,-0.008920115634,-7.213279803e-05
1290,0,-0.00904796252,2.197262843,-6.513125209e-05,1.160239058,1.037023785,-0.008963961838,-8.400068151e-05
1291,0,-0.009096901352,2.120469831,-6.511531142e-05,1.08668693,1.033782901,-0.009001183952,-9.571739998e-05
1292,0,-0.009139181374,2.044450537,-6.511415514e-05,1.013939885,1.030510651,-0.009031903886,-0.0001072774879
1293,0,-0.009174717128,1.969251225,-6.512590932e-05,0.9420421919,1.027209033,-0.009056041941,-0.0001186751875
1294,0,-0.00920348997,1.8949176,-6.514890392e-05,0.8710374769,1.023880123,-0.009073585541,-0.0001299044287
1295,0,-0.009225358274,1.821494803,-6.518164872e-05,0.8009687418,1.020526061,-0.00908439949,-0.0001409587841
1296,0,-0.009240544998,1.749026815,-6.522277862e-05,0.7318777813,1.017149033,-0.009088713629,-0.0001518313688
1297,0,-0.009248926075,1.677556855,-6.527113994e-05,0.6638055872,1.013751268,-0.009086411076,-0.0001625149985
1298,0,-0.009250360796,1.607127893,-6.532561067e-05,0.5967928694,1.010335024,-0.009077358791,-0.0001730020043
1299,0,-0.009245162994,1.537781435,-6.538516356e-05,0.5308788486,1.006902586,-0.00906187868,-0.0001832843142
1300,0,-0.00923307127,1.469558235,-6.544882525e-05,0.4661019745,1.003456261,-0.009039717827,-0.0001933534432
1301,0,-0.009213987203,1.402498021,-6.551565935e-05,0.4024996511,0.99999837,-0.009010786738,-0.0002032004649
1302,0,-0.009188224075,1.336640532,-6.558474002e-05,0.3401092821,0.9965312495,-0.00897540797,-0.0002128161053
1303,0,-0.009155584686,1.272023417,-6.565517287e-05,0.2789661715,0.9930572452,-0.00893339398,-0.0002221907064
1304,0,-0.009115903462,1.208683843,-6.57260677e-05,0.2191051341,0.9895787094,-0.008884589202,-0.0002313142607
1305,0,-0.00906951311,1.146658141,-6.579653222e-05,0.160560143,0.9860979981,-0.008829336662,-0.0002401764482
1306,0,-0.009016255635,1.085980968,-6.586572445e-05,0.1033634986,0.9826174695,-0.00876748893,-0.0002487667048
1307,0,-0.008955982692,1.026686894,-6.593278857e-05,0.04754741432,0.9791394799,-0.008698908433,-0.0002570742592
1308,0,-0.008889121241,0.9688094838,-6.599684814e-05,-0.006856898899,0.9756663827,-0.008624033066,-0.0002650881747
1309,0,-0.008815097365,0.9123799713,-6.60571433e-05,-0.05982055443,0.9722005257,-0.008542299882,-0.0002727974831
1310,0,-0.008734262894,0.8574295332,-6.611284467e-05,-0.1113147181,0.9687442512,-0.008454071725,-0.000280191169
1311,0,-0.008646619732,0.8039872076,-6.616320442e-05,-0.1613126823,0.9652998899,-0.008359361498,-0.0002872582336
1312,0,-0.008551886834,0.7520829455,-6.620748222e-05,-0.2097868128,0.9618697582,-0.008257899097,-0.0002939877363
1313,0,-0.008450438299,0.7017432189,-6.624498537e-05,-0.2567129409,0.9584561597,-0.008150069434,-0.0003003688649
1314,0,-0.008341924648,0.6529948285,-6.627500639e-05,-0.302066554,0.9550613825,-0.008035533682,-0.000306390966
1315,0,-0.008226607789,0.605862946,-6.629690476e-05,-0.3458247508,0.9516876968,-0.007914564136,-0.0003120436531
1316,0,-0.008104524679,0.5603714787,-6.631003283e-05,-0.3879658746,0.9483373534,-0.007787208017,-0.0003173166623
1317,0,-0.007975669199,0.5165435043,-6.63136915e-05,-0.4284690768,0.945012581,-0.007653469247,-0.0003221999512
1318,0,-0.007839798376,0.4744007829,-6.63072078e-05,-0.4673148024,0.9417155854,-0.007513114703,-0.0003266836729
1319,0,-0.007697161922,0.433964489,-6.628986845e-05,-0.5044840576,0.9384485466,-0.0073664038,-0.0003307581218
1320,0,-0.007547743621,0.3952516675,-6.62610008e-05,-0.5399619495,0.935213617,-0.007213329828,-0.0003344137931
1321,0,-0.007391564046,0.3582797224,-6.621966476e-05,-0.5737331977,0.9320129201,-0.007053922482,-0.0003376415646
1322,0,-0.007228625413,0.3230652018,-6.616530387e-05,-0.6057833478,0.9288485497,-0.006888193654,-0.0003404317588
1323,0,-0.007058953521,0.2896236497,-6.60970726e-05,-0.6360989121,0.9257225618,-0.006716178259,-0.0003427752622
1324,0,-0.006882543234,0.2579690933,-6.601400226e-05,-0.6646678855,0.9226369789,-0.006537880106,-0.0003446631283
1325,0,-0.006699403786,0.2281145779,-6.591512159e-05,-0.6914792095,0.9195937874,-0.006353317258,-0.0003460865278
1326,0,-0.006509794981,0.2000718752,-6.57994291e-05,-0.7165230609,0.9165949361,-0.006162758176,-0.0003470368054
1327,0,-0.006313263764,0.1738516938,-6.566593108e-05,-0.7397906391,0.9136423329,-0.005965758239,-0.0003475055245
1328,0,-0.006110052026,0.1494636589,-6.551356606e-05,-0.7612741857,0.9107378446,-0.00576256744,-0.0003474845855
1329,0,-0.005900171303,0.1269161466,-6.534110843e-05,-0.7809671483,0.9078832949,-0.005553204707,-0.0003469665959
1330,0,-0.005683640997,0.1062161503,-6.514786502e-05,-0.7988643123,0.9050804626,-0.005337697068,-0.0003459439282
1331,0,-0.005460461608,0.08736940138,-6.493276942e-05,-0.814961675,0.9023310764,-0.005116051495,-0.0003444101125
1332,0,-0.005230675998,0.07038067596,-6.469487697e-05,-0.829256142,0.899636818,-0.004888316517,-0.0003423594811
1333,0,-0.004994309159,0.05525359104,-6.443332484e-05,-0.8417457283,0.8969993193,-0.004654521899,-0.0003397872602
1334,0,-0.004751425129,0.0419905754,-6.414741121e-05,-0.852429585,0.8944201604,-0.004414735412,-0.0003366897168
1335,0,-0.004502070006,0.03059291419,-6.383645161e-05,-0.8613079545,0.8919008686,-0.004169005618,-0.0003330643887
1336,0,-0.004246638425,0.02106041873,-6.349993749e-05,-0.8683824989,0.8894429176,-0.003917728204,-0.000328910221
1337,0,-0.00398467287,0.01339178839,-6.313779506e-05,-0.8736559333,0.8870477217,-0.003660445587,-0.0003242272834
1338,0,-0.003716480074,0.00758494641,-6.27497673e-05,-0.8771316919,0.8847166383,-0.003397462503,-0.0003190175711
1339,0,-0.003442329927,0.003636374997,-6.23358059e-05,-0.8788145926,0.8824509676,-0.003129045241,-0.0003132846859
1340,0,-0.003162356524,0.001541470215,-6.189632367e-05,-0.8787104779,0.8802519481,-0.002855322495,-0.0003070340294
1341,0,-0.00287675237,0.001294028274,-6.143164914e-05,-0.8768267284,0.8781207567,-0.002576479487,-0.0003002728831
1342,0,-0.002585731473,0.00288677313,-6.094229675e-05,-0.8731717344,0.8760585075,-0.002292721345,-0.0002930101275
1343,0,-0.002289586439,0.006311239338,-6.042908372e-05,-0.8677550103,0.8740662497,-0.002004329896,-0.0002852565431
1344,0,-0.001988579654,0.011557624,-5.989293805e-05,-0.8605873429,0.8721449669,-0.001711554872,-0.0002770247826
1345,0,-0.001683036085,0.01861457479,-5.933506116e-05,-0.8516810008,0.8702955756,-0.001414707011,-0.0002683290744
1346,0,-0.001373340234,0.02746952337,-5.875690041e-05,-0.8410493986,0.8685189219,-0.001114155165,-0.0002591850692
1347,0,-0.001059837575,0.03810856916,-5.815959064e-05,-0.8287072121,0.8668157813,-0.0008102274779,-0.0002496100975
1348,0,-0.0007430025859,0.05051626146,-5.754462685e-05,-0.8146705946,0.8651868561,-0.0005033800409,-0.000239622545
1349,0,-0.000423374888,0.06467541671,-5.691345137e-05,-0.7989573578,0.8636327745,-0.000194132926,-0.000229241962
1350,0,-0.0001009875561,0.08056787717,-5.62674936e-05,-0.7815862121,0.8621540892,0.0001175013803,-0.0002184889364
1351,0,0.000223553235,0.09817411833,-5.560815117e-05,-0.762577159,0.8607512774,0.0004309377744,-0.0002073845394
1352,0,0.0005496336469,0.1174730057,-5.49372218e-05,-0.7419517327,0.8594247384,0.0007455831806,-0.0001959495336
1353,0,0.0008768050345,0.1384408881,-5.425621265e-05,-0.7197338963,0.8581747845,0.00106101064,-0.000184205606
1354,0,0.001204501197,0.161052469,-5.35661748e-05,-0.6959491771,0.8570016461,0.001376675952,-0.0001721747547
1355,0,0.001532138039,0.1852806614,-5.28685346e-05,-0.6706248076,0.855905469,0.001692015974,-0.0001598779346
1356,0,0.001859418122,0.2110967747,-5.216417453e-05,-0.6437895397,0.8548863144,0.002006754207,-0.0001473360851
1357,0,0.002185751386,0.2384706395,-5.145429802e-05,-0.6154735164,0.8539441559,0.002320320333,-0.0001345689475
1358,0,0.002510679146,0.267370191,-5.073966941e-05,-0.5857086885,0.8530788795,0.002632274942,-0.0001215957968
1359,0,0.002833736729,0.297761758,-5.00210468e-05,-0.5545285254,0.8522902835,0.002942171487,-0.0001084347588
1360,0,0.003154504952,0.3296100633,-4.92990399e-05,-0.5219680133,0.8515780766,0.003249607848,-9.510289599e-05
1361,0,0.003472411782,0.3628780805,-4.857416576e-05,-0.4880637994,0.8509418798,0.003554027846,-8.161606401e-05
1362,0,0.003787097637,0.397527207,-4.78468299e-05,-0.4528540199,0.8503812269,0.003855086641,-6.798900414e-05
1363,0,0.004098158734,0.4335173354,-4.711726067e-05,-0.4163782306,0.849895566,0.004152393911,-5.423517642e-05
1364,0,0.004405219181,0.4708068474,-4.638565502e-05,-0.3786774143,0.8494842617,0.004445585895,-4.036671483e-05
1365,0,0.004707901443,0.5093523225,-4.565224393e-05,-0.3397942738,0.8491465963,0.004734295865,-2.639442201e-05
1366,0,0.005005829506,0.5491083058,-4.491726892e-05,-0.2997734648,0.8488817706,0.005018157488,-1.232798206e-05
1367,0,0.005298791593,0.5900273443,-4.41810171e-05,-0.2586615622,0.8486889065,0.005296967377,1.824216177e-06
1368,0,0.005586208861,0.6320606862,-4.344376963e-05,-0.2165063643,0.8485670505,0.005570154063,1.60547982e-05
1369,0,0.005867853709,0.6751581342,-4.270596842e-05,-0.1733570438,0.848515178,0.005837496144,3.035756493e-05
1370,0,0.006143641782,0.719268448,-4.196805983e-05,-0.1292637492,0.8485321972,0.006098914741,4.472704153e-05
1371,0,0.006413292805,0.7643391672,-4.123054945e-05,-0.08427778673,0.8486169539,0.006354134101,5.915870448e-05
1372,0,0.006676585069,0.8103167415,-4.049408899e-05,-0.03845149469,0.8487682361,0.006602936499,7.364856944e-05
1373,0,0.006933350282,0.857146792,-3.975948556e-05,0.008162012609,0.8489847794,0.006845156878,8.819340333e-05
1374,0,0.007183374473,0.9047755724,-3.902766507e-05,0.05551030128,0.8492652712,0.007080584128,0.0001027903456
1375,0,0.007426511789,0.9531472293,-3.829963214e-05,0.1035388729,0.8496083564,0.007309075082,0.000117436707
1376,0,0.007662639197,1.002204532,-3.757656108e-05,0.1521918884,0.8500126431,0.007530509014,0.0001321301828
1377,0,0.007891635634,1.051890361,-3.685982143e-05,0.2014136542,0.8504767067,0.007744766915,0.0001468687192
1378,0,0.008113432678,1.102147154,-3.615076627e-05,0.2511480572,0.8509990964,0.007951782665,0.0001616500131
1379,0,0.008327866522,1.152917727,-3.545088181e-05,0.3013393875,0.8515783397,0.008151394759,0.000176471763
1380,0,0.008534831089,1.20414531,-3.476179961e-05,0.3519323623,0.8522129477,0.008343499472,0.0001913316174
1381,0,0.00873434058,1.25577306,-3.408515326e-05,0.4028716406,0.8529014196,0.008528113769,0.0002062268113
1382,0,0.008926351958,1.307744104,-3.342266778e-05,0.4541018569,0.8536422467,0.008705197711,0.0002211542462
1383,0,0.009110782159,1.360001471,-3.27760716e-05,0.505567554,0.8544339169,0.008874671703,0.0002361104557
1384,0,0.009287656912,1.412489364,-3.214710841e-05,0.5572144462,0.8552749181,0.009036565438,0.0002510914739
1385,0,0.009456808121,1.465152569,-3.15375173e-05,0.6089888277,0.8561637409,0.009190715278,0.000266092843
1386,0,0.009618252262,1.517935503,-3.094902118e-05,0.6608366211,0.8570988822,0.009337142759,0.0002811095032
1387,0,0.009772011315,1.570784286,-3.038329623e-05,0.7127054388,0.8580788468,0.009475875517,0.000296135798
1388,0,0.009917983506,1.623645799,-2.984200045e-05,0.7645436503,0.8591021482,0.009606817975,0.0003111655305
1389,0,0.01005617273,1.676467543,-2.932662078e-05,0.8163002322,0.8601673111,0.00972998112,0.0003261916137
1390,0,0.01018655693,1.729198632,-2.883858265e-05,0.8679257609,0.8612728713,0.009845350591,0.000341206335
1391,0,0.01030912195,1.781789227,-2.837922579e-05,0.9193718508,0.8624173757,0.00995292062,0.0003562013249
1392,0,0.01038745558,1.819584597,-2.775629148e-05,0.9565941607,0.862990436,0.01002514976,0.0003623058239
1393,0,0.01046260124,1.857332237,-2.714748978e-05,0.9937336974,0.8635985392,0.01009403433,0.0003685669081
1394,0,0.01053466951,1.895111262,-2.656218643e-05,1.030871942,0.8642393204,0.01015967164,0.0003749978703
1395,0,0.01060368139,1.932960317,-2.600686057e-05,1.0680492,0.8649111171,0.01022207327,0.0003816081221
1396,0,0.01066967479,1.970895532,-2.548589751e-05,1.105282732,0.8656127993,0.01028127064,0.0003884041496
1397,0,0.01073248464,2.008919977,-2.500224605e-05,1.142576335,0.8663436426,0.01033709439,0.0003953902495
1398,0,0.01079213387,2.047028964,-2.455782947e-05,1.179925731,0.8671032325,0.01038956473,0.0004025691474
1399,0,0.01084854639,2.085212413,-2.415387729e-05,1.217321021,0.8678913916,0.01043860399,0.0004099424022
1400,0,0.01090147354,2.123457009,-2.379118081e-05,1.254748885,0.868708124,0.01048396284,0.0004175106971
1401,0,0.0109509252,2.161746841,-2.347025958e-05,1.292193268,0.8695535728,0.01052565107,0.0004252741287
1402,0,0.01099680607,2.200063868,-2.319149058e-05,1.329635882,0.8704279861,0.01056357378,0.0004332322946
1403,0,0.01103896878,2.238388717,-2.295518182e-05,1.367057026,0.8713316912,0.01059758436,0.000441384419
1404,0,0.01107720343,2.276700674,-2.276162476e-05,1.404435601,0.8722650731,0.01062747403,0.0004497294011
1405,0,0.01111142246,2.314977899,-2.261113911e-05,1.441749341,0.8732285581,0.01065315661,0.0004582658444
1406,0,0.01114155416,2.353197865,-2.250408313e-05,1.478975266,0.874222599,0.01067456213,0.0004669920336
1407,0,0.01116733128,2.391336925,-2.244085124e-05,1.516089262,0.875247663,0.01069142538,0.0004759058953
1408,0,0.01118869551,2.429370532,-2.242188488e-05,1.553066311,0.8763042211,0.01070369055,0.0004850049624
1409,0,0.01120545025,2.467273847,-2.24476184e-05,1.589881108,0.8773927386,0.01071116401,0.0004942862436
1410,0,0.01121741635,2.5050208,-2.251846781e-05,1.626507135,0.878513665,0.01071367017,0.0005037461755
1411,0,0.01122445662,2.542584527,-2.263482418e-05,1.662917101,0.8796674259,0.01071107606,0.0005133805568
1412,0,0.01122638996,2.579938241,-2.279699367e-05,1.699083828,0.8808544136,0.01070320555,0.0005231844079
1413,0,0.01122296449,2.617053493,-2.30051587e-05,1.734978515,0.882074978,0.01068981262,0.0005331518685
1414,0,0.01121410478,2.653901527,-2.325933339e-05,1.77057211,0.8833294175,0.01067082868,0.0005432761019
1415,0,0.01119950448,2.690452938,-2.355928702e-05,1.805834969,0.884617969,0.01064595531,0.0005535491667
1416,0,0.01117900521,2.726677082,-2.39045131e-05,1.840736284,0.8859407973,0.01061504326,0.0005639619533
1417,0,0.01115230695,2.762542934,-2.429413204e-05,1.875244949,0.8872979844,0.01057780293,0.000574504017
1418,0,0.01111926283,2.798018406,-2.472686095e-05,1.909328888,0.8886895178,0.01053409921,0.0005851636185
1419,0,0.01107965445,2.833070328,-2.52009199e-05,1.942955051,0.8901152779,0.01048372695,0.0005959275034
1420,0,0.01103312209,2.867664563,-2.571395722e-05,1.976089538,0.8915750249,0.01042634127,0.0006067808258
1421,0,0.01097969204,2.90176603,-2.626299765e-05,2.008697645,0.8930683848,0.01036198496,0.0006177070795
1422,0,0.01091911687,2.935339188,-2.684434338e-05,2.040744354,0.8945948343,0.01029042897,0.0006286878987
1423,0,0.0108510927,2.968346775,-2.745354924e-05,2.072193088,0.8961536864,0.01021138972,0.0006397029792
1424,0,0.01077538963,3.000750196,-2.808535173e-05,2.103006123,0.8977440731,0.01012465974,0.0006507298854
1425,0,0.01069179402,3.032509375,-2.873362041e-05,2.133144446,0.8993649291,0.01003005017,0.000661743853
1426,0,0.01060008717,3.063582754,-2.939134556e-05,2.162567779,0.9010149745,0.009927369596,0.0006727175726
1427,0,0.01050005857,3.09392717,-3.00505831e-05,2.191234473,0.902692697,0.00981643769,0.0006836208769
1428,0,0.01039208229,3.123248974,-3.067594534e-05,2.218886038,0.9043629359,0.009698020628,0.0006940616625
1429,0,0.01027626459,3.151522584,-3.127049546e-05,2.245497875,0.9060247089,0.009572222402,0.0007040421833
1430,0,0.01015269734,3.178727161,-3.183699409e-05,2.271050407,0.9076767543,0.009439132923,0.000713564417
1431,0,0.01002148154,3.204843865,-3.237782275e-05,2.295526318,0.9093175472,0.009298852724,0.0007226288194
1432,0,0.009882713133,3.229855013,-3.289510233e-05,2.318909636,0.9109453772,0.009151478671,0.0007312344617
1433,0,0.009736488312,3.253743743,-3.339076132e-05,2.34118534,0.9125584028,0.008997109175,0.0007393791372
1434,0,0.009582910993,3.276493759,-3.386660273e-05,2.362339069,0.9141546898,0.008835851533,0.0007470594599
1435,0,0.009422070561,3.298089366,-3.432440038e-05,2.382357127,0.9157322397,0.008667799519,0.0007542710418
1436,0,0.009254068012,3.31851523,-3.476592403e-05,2.401226219,0.9172890105,0.008493059403,0.0007610086085
1437,0,0.009078999551,3.337756453,-3.519299757e-05,2.41893352,0.9188229335,0.008311733399,0.0007672661517
1438,0,0.008896966498,3.355798626,-3.56075154e-05,2.435466699,0.9203319269,0.008123929524,0.0007730369741
1439,0,0.008708083292,3.372627846,-3.601144627e-05,2.450813939,0.9218139073,0.007929769414,0.0007783138787
1440,0,0.008512437604,3.388230857,-3.640688757e-05,2.464964058,0.9232667991,0.007729348345,0.0007830892587
1441,0,0.008310148343,3.402594896,-3.67959925e-05,2.477906352,0.9246885437,0.007522793205,0.0007873551381
1442,0,0.008101302358,3.415707857,-3.718103469e-05,2.489630749,0.9260771076,0.007310199002,0.0007911033568
1443,0,0.007886029698,3.427558433,-3.756430049e-05,2.500127943,0.9274304897,0.007091704245,0.0007943254529
1444,0,0.007664441667,3.438136067,-3.794814844e-05,2.509389338,0.9287467284,0.006867428708,0.000797012959
1445,0,0.007436643453,3.447431177,-3.83349231e-05,2.517407268,0.9300239086,0.006637486088,0.0007991573645
1446,0,0.007202763794,3.455435063,-3.872696627e-05,2.524174896,0.9312601679,0.006402013535,0.0008007502585
1447,0,0.006962930781,3.462140017,-3.912656765e-05,2.529686315,0.9324537025,0.006161147333,0.0008017834475
1448,0,0.006717283271,3.467539543,-3.953591006e-05,2.53393677,0.9336027731,0.005915034308,0.0008022489628
1449,0,0.006465980445,3.47162836,-3.995706264e-05,2.53692265,0.9347057098,0.005663841128,0.0008021393173
1450,0,0.006209156291,3.474402389,-4.039195578e-05,2.538641472,0.9357609172,0.0054077086,0.0008014476914
1451,0,0.005946987567,3.475858892,-4.084229448e-05,2.539092014,0.9367668786,0.005146819663,0.0008001679045
1452,0,0.005679664294,3.475996702,-4.130956785e-05,2.538274542,0.9377221598,0.00488136951,0.000798294784
1453,0,0.00540736762,3.474816151,-4.179499978e-05,2.536190738,0.9386254132,0.004611543394,0.0007958242267
1454,0,0.005130302798,3.472318712,-4.22994909e-05,2.532843331,0.9394753805,0.004337549319,0.0007927534796
1455,0,0.004848710242,3.468507758,-4.28236974e-05,2.528236862,0.9402708955,0.004059629199,0.0007890810427
1456,0,0.004562844993,3.463388302,-4.336791533e-05,2.522377416,0.9410108858,0.003778037987,0.0007848070058
1457,0,0.004272961851,3.456966927,-4.393212784e-05,2.515272552,0.9416943751,0.003493028723,0.000779933128
1458,0,0.003979365948,3.449252083,-4.451607113e-05,2.5069316,0.9423204833,0.003204903309,0.0007744626387
1459,0,0.003682356851,3.440253984,-4.511915222e-05,2.497365556,0.9428884276,0.002913956295,0.0007684005568
1460,0,0.003382278207,3.429984489,-4.574045111e-05,2.486586967,0.9433975226,0.002620524818,0.0007617533885
1461,0,0.003079467677,3.418457406,-4.637889393e-05,2.474610225,0.9438471807,0.002324938498,0.000754529179
1462,0,0.002774253885,3.405688167,-4.703323424e-05,2.461451257,0.9442369103,0.002027516452,0.0007467374333
1463,0,0.00246703555,3.391693964,-4.770201079e-05,2.447127648,0.9445663159,0.001728646909,0.0007383886409
1464,0,0.002158203317,3.376493721,-4.838367815e-05,2.431658624,0.944835097,0.001428708951,0.0007294943666
1465,0,0.001848042632,3.36010588,-4.907663597e-05,2.415062834,0.9450430459,0.001127975884,0.0007200667485
1466,0,0.001537065617,3.34255377,-4.9779529e-05,2.397363723,0.9451900467,0.0008269467868,0.0007101188303
1467,0,0.00122558055,3.323862493,-5.04909287e-05,2.37858642,0.945276073,0.0005259167443,0.0006996638059
1468,0,0.0009139475458,3.304058506,-5.120944105e-05,2.35875732,0.9453011864,0.0002252326645,0.0006887148813
1469,0,0.0006027620739,3.283169937,-5.193395002e-05,2.337904402,0.9452655347,-7.452343995e-05,0.0006772855138
1470,0,0.0002923530083,3.261226417,-5.266347279e-05,2.316057068,0.9451693493,-0.0003730359243,0.0006653889326
1471,0,-1.695674071e-05,3.238259391,-5.339729977e-05,2.293246448,0.9450129428,-0.0006699951213,0.0006530383806
1472,0,-0.0003248137435,3.214301338,-5.413491765e-05,2.269504631,0.9447967065,-0.0009650607268,0.0006402469832
1473,0,-0.0006308985842,3.189386491,-5.487583698e-05,2.244865382,0.9445211093,-0.00125792617,0.0006270275863
1474,0,-0.0009348974768,3.163550954,-5.561997207e-05,2.219364259,0.9441866951,-0.001548290864,0.0006133933876
1475,0,-0.001236454895,3.136831925,-5.636712787e-05,2.193037844,0.9437940814,-0.001835812374,0.0005993574794
1476,0,-0.001535320802,3.109267277,-5.711743062e-05,2.16592332,0.9433439569,-0.002120254443,0.0005849336408
1477,0,-0.001831156893,3.080897459,-5.787076089e-05,2.138060377,0.9428370819,-0.002401292694,0.0005701358014
1478,0,-0.002123715182,3.05176347,-5.862736029e-05,2.109489185,0.9422742846,-0.002678694428,0.000554979246
1479,0,-0.002412677095,3.021907506,-5.938700898e-05,2.080251044,0.9416564623,-0.002952156832,0.0005394797366
1480,0,-0.002697817697,2.99137231,-6.014986281e-05,2.050387732,0.940984578,-0.003221472668,0.0005236549705
1481,0,-0.002978783476,2.960202649,-6.09154112e-05,2.019942988,0.9402596613,-0.003486306819,0.0005075233431
1482,0,-0.003255341553,2.92844387,-6.168356434e-05,1.988961064,0.9394828064,-0.003746447276,0.0004911057227
1483,0,-0.003527113017,2.896142016,-6.24534542e-05,1.957486845,0.9386551712,-0.004001536812,0.0004744237956
1484,0,-0.003793858409,2.863343658,-6.32245572e-05,1.925565682,0.937777976,-0.004251360436,0.0004575020269
1485,0,-0.004055589541,2.830096026,-6.399546622e-05,1.893243524,0.9368525019,-0.004495955204,0.0004403656632
1486,0,-0.004310954449,2.796447398,-6.476520441e-05,1.860567308,0.9358800902,-0.004733997344,0.0004230428948
1487,0,-0.004560404839,2.762447319,-6.553169759e-05,1.82758518,0.9348621393,-0.004965967161,0.000405562322
1488,0,-0.004803560219,2.728144404,-6.629347e-05,1.7943443,0.9338001043,-0.005191515493,0.0003879552737
1489,0,-0.005039927643,2.693587361,-6.704799632e-05,1.76089187,0.9326954912,-0.00541018094,0.0003702532962
1490,0,-0.00526916979,2.65882621,-6.779318137e-05,1.727276352,0.931549858,-0.00562166007,0.0003524902797
1491,0,-0.005490824985,2.623910361,-6.852599096e-05,1.693545554,0.9303648075,-0.005825524747,0.0003346997618
1492,0,-0.005704546571,2.588889319,-6.92438213e-05,1.659747332,0.9291419868,-0.006021463571,0.0003169169998
1493,0,-0.005909961822,2.553812426,-6.994330436e-05,1.625929346,0.9278830801,-0.006209138331,0.0002991765093
1494,0,-0.006106669607,2.518728478,-7.062144414e-05,1.592138671,0.9265898068,-0.006388183419,0.0002815138119
1495,0,-0.006294276349,2.483686321,-7.127467797e-05,1.558422407,0.9252639143,-0.006558239601,0.0002639632527
1496,0,-0.006472405646,2.448733903,-7.1899725e-05,1.524826729,0.9239071747,-0.006718964927,0.0002465592806
1497,0,-0.006640662956,2.413918768,-7.249294404e-05,1.49139739,0.9225213785,-0.006869997774,0.0002293348177
1498,0,-0.006798728523,2.379287611,-7.305092302e-05,1.458179282,0.9211083292,-0.007011050579,0.0002123220552
1499,0,-0.006946251067,2.344886168,-7.357025243e-05,1.425216329,0.9196698381,-0.007141802749,0.0001955516819
1500,0,-0.007082926801,2.310759416,-7.404760394e-05,1.392551697,0.9182077188,-0.007261979557,0.0001790527553
1501,0,-0.007208468998,2.276951091,-7.447980637e-05,1.360227309,0.9167237821,-0.007371321501,0.0001628525028
1502,0,-0.00732258418,2.24350357,-7.486390129e-05,1.328283739,0.9152198314,-0.007469560451,0.0001469762716
1503,0,-0.00742504587,2.210457929,-7.519720217e-05,1.296760271,0.9136976579,-0.007556493156,0.0001314472855
1504,0,-0.007515659049,2.177853801,-7.547730064e-05,1.265694765,0.9121590362,-0.007631945673,0.0001162866243
1505,0,-0.007594246141,2.145729453,-7.570211925e-05,1.235123732,0.9106057209,-0.007695759293,0.0001015131521
1506,0,-0.007660665759,2.114121565,-7.586993987e-05,1.205082121,0.9090394435,-0.007747809271,8.714351208e-05
1507,0,-0.007714807009,2.083065188,-7.597941559e-05,1.175603278,0.9074619097,-0.00778799917,7.319216099e-05
1508,0,-0.007756622696,2.052593815,-7.602960162e-05,1.146719018,0.9058747972,-0.007816294108,5.967141225e-05
1509,0,-0.00778606314,2.022739056,-7.601996485e-05,1.118459301,0.9042797544,-0.00783265463,4.659149044e-05
1510,0,-0.007803141132,1.993530907,-7.595038592e-05,1.090852508,0.9026783993,-0.0078371018,3.396066765e-05
1511,0,-0.007807877777,1.964997661,-7.582113572e-05,1.063925342,0.9010723191,-0.007829663162,2.178538445e-05
1512,0,-0.007800382211,1.937165894,-7.563287535e-05,1.037702824,0.89946307,-0.007810452646,1.007043509e-05
1513,0,-0.007780741803,1.910060454,-7.538662594e-05,1.012208276,0.8978521779,-0.007779560936,-1.180867394e-06
1514,0,-0.007749104202,1.883704555,-7.508375281e-05,0.9874634159,0.8962411388,-0.007737137737,-1.196646533e-05
1515,0,-0.007705623028,1.858119628,-7.47259145e-05,0.9634882074,0.8946314203,-0.007683337662,-2.228536559e-05
1516,0,-0.007650472885,1.833325559,-7.431503228e-05,0.940301097,0.8930244621,-0.007618335459,-3.213742606e-05
1517,0,-0.007583922924,1.809340444,-7.385323166e-05,0.9179187653,0.8914216782,-0.007542399795,-4.152312878e-05
1518,0,-0.007506191318,1.786181146,-7.334281143e-05,0.8963566877,0.889824458,-0.007455747968,-5.044335018e-05
1519,0,-0.007417543851,1.763862683,-7.278620198e-05,0.8756285157,0.8882341678,-0.007358644722,-5.889912885e-05
1520,0,-0.007318236234,1.742398918,-7.218589136e-05,0.8557467655,0.8866521524,-0.007251344755,-6.689147914e-05
1521,0,-0.007208569603,1.721802078,-7.154440634e-05,0.8367223415,0.8850797365,-0.007134148418,-7.442118415e-05
1522,0,-0.007088857818,1.702082923,-7.086422859e-05,0.8185646969,0.8835182259,-0.007007369194,-8.148862454e-05
1523,0,-0.006959428104,1.683251259,-7.014781505e-05,0.8012823498,0.8819689088,-0.006871334486,-8.809361808e-05
1524,0,-0.006820542148,1.665315338,-6.939748819e-05,0.7848822812,0.8804330567,-0.006726306853,-9.423529524e-05
1525,0,-0.006672478355,1.648282243,-6.861545681e-05,0.7693703178,0.8789119248,-0.006572566378,-9.99119767e-05
1526,0,-0.006515628757,1.632158107,-6.780375786e-05,0.7547513539,0.877406753,-0.006410507669,-0.0001051210877
1527,0,-0.006350280114,1.616947464,-6.696426793e-05,0.7410286983,0.8759187653,-0.006240420989,-0.0001098591245
1528,0,-0.006176742666,1.602654071,-6.60986574e-05,0.7282049,0.8744491706,-0.006062621034,-0.0001141216328
1529,0,-0.00599522623,1.589280711,-6.520840604e-05,0.7162815486,0.8729991621,-0.005877323008,-0.0001179032214
1530,0,-0.005806130891,1.576830008,-6.429477593e-05,0.7052600904,0.8715699171,-0.005684933303,-0.0001211975884
1531,0,-0.005609623863,1.565302118,-6.33588338e-05,0.6951395217,0.870162596,-0.005485626268,-0.0001239975957
1532,0,-0.005406086518,1.554696813,-6.240143982e-05,0.6859184719,0.8687783411,-0.005279791202,-0.0001262953164
1533,0,-0.005195728041,1.545013055,-6.142326354e-05,0.6775947792,0.8674182761,-0.005067645819,-0.0001280822223
1534,0,-0.004978794021,1.536248936,-6.042480816e-05,0.6701654312,0.8660835045,-0.004849444777,-0.0001293492436
1535,0,-0.004755523347,1.528401739,-5.940641392e-05,0.6636266308,0.8647751079,-0.004625436404,-0.0001300869433
1536,0,-0.004526158131,1.521467947,-5.836829953e-05,0.6579738022,0.8634941445,-0.00439587247,-0.0001302856615
1537,0,-0.004290892316,1.515443243,-5.731055318e-05,0.6532015959,0.8622416473,-0.004160956619,-0.000129935697
1538,0,-0.004049993163,1.510322616,-5.623317097e-05,0.6493039936,0.8610186222,-0.003920965699,-0.0001290274642
1539,0,-0.003803642815,1.506100089,-5.513604205e-05,0.6462740436,0.8598260457,-0.003676091107,-0.0001275517082
1540,0,-0.003552058091,1.502769003,-5.401905133e-05,0.6441041397,0.8586648634,-0.003426558471,-0.0001254996202
1541,0,-0.003295452934,1.50032196,-5.288201298e-05,0.6427859732,0.8575359872,-0.003172589916,-0.0001228630181
1542,0,-0.003034021838,1.498750879,-5.17247354e-05,0.642310585,0.8564402937,-0.002914387307,-0.0001196345304
1543,0,-0.002767965911,1.498046885,-5.054698914e-05,0.6426682639,0.8553786213,-0.002652158114,-0.0001158077965
1544,0,-0.002497504354,1.498200471,-4.934860498e-05,0.6438487021,0.854351769,-0.002386126819,-0.0001113775351
1545,0,-0.00222283431,1.499200984,-4.81294375e-05,0.6458404908,0.8533604931,-0.002116494572,-0.0001063397375
1546,0,-0.001944211111,1.50103738,-4.688940514e-05,0.6486318744,0.8524055061,-0.001843519324,-0.0001006917869
1547,0,-0.001661854065,1.503697824,-4.56284638e-05,0.6522103503,0.851487474,-0.001567421421,-9.443264422e-05
1548,0,-0.001375989454,1.507169723,-4.434670724e-05,0.6565627081,0.8506070148,-0.001288426614,-8.756284026e-05
1549,0,-0.001086868167,1.511439814,-4.304433695e-05,0.6616751168,0.8497646967,-0.001006783517,-8.008465059e-05
1550,0,-0.000794740704,1.516493939,-4.17216415e-05,0.6675329027,0.8489610363,-0.0007227384599,-7.20022441e-05
1551,0,-0.0004998823689,1.522317213,-4.037908918e-05,0.6741207156,0.8481964974,-0.0004365607382,-6.33216307e-05
1552,0,-0.0002025831698,1.528893974,-3.901731891e-05,0.6814224846,0.8474714894,-0.0001485323635,-5.405080622e-05
1553,0,9.685747439e-05,1.536207871,-3.763701632e-05,0.6894215047,0.8467863667,0.0001410571965,-4.419972209e-05
1554,0,0.0003981320581,1.544241745,-3.623920192e-05,0.6981003152,0.8461414294,0.0004319124333,-3.378037524e-05
1555,0,0.0007008913305,1.552977702,-3.482517558e-05,0.7074407827,0.8455369198,0.0007236981506,-2.280682005e-05
1556,0,0.00100478945,1.562397093,-3.339617794e-05,0.7174240686,0.8449730245,0.001016084472,-1.12950224e-05
1557,0,0.001309439113,1.572480569,-3.195391962e-05,0.7280306951,0.8444498741,0.001308702141,7.369722465e-07
1558,0,0.001614428897,1.583208023,-3.05001874e-05,0.7392404809,0.8439675419,0.001601159679,1.326921792e-05
1559,0,0.001919343476,1.594558604,-2.903723602e-05,0.7510325592,0.8435260452,0.001893063285,2.628019032e-05
1560,0,0.002223759709,1.60651082,-2.75673272e-05,0.7633854745,0.8431253454,0.002184013061,3.974664858e-05
1561,0,0.002527246302,1.619042568,-2.609287285e-05,0.7762772181,0.8427653495,0.002473602509,5.364379341e-05
1562,0,0.002829331221,1.632131129,-2.461677478e-05,0.7896852186,0.84244591,0.002761385283,6.794593885e-05
1563,0,0.00312955677,1.645753207,-2.314194885e-05,0.803586382,0.8421668254,0.003046930499,8.262627019e-05
1564,0,0.003427444315,1.659884959,-2.167150638e-05,0.8179571177,0.8419278411,0.003329787143,9.765717223e-05
1565,0,0.003722501507,1.674502035,-2.020873686e-05,0.8327733847,0.8417286502,0.003609490795,0.0001130107126
1566,0,0.004014225315,1.689579745,-1.875698062e-05,0.848010851,0.8415688942,0.003885566623,0.0001286586916
1567,0,0.004302142251,1.705092776,-1.731953788e-05,0.8636446117,0.8414481646,0.004157569522,0.0001445727288
1568,0,0.004585753102,1.721015462,-1.589963532e-05,0.8796494573,0.841366005,0.004425028396,0.0001607247066
1569,0,0.00486457716,1.737321847,-1.450038226e-05,0.8959999344,0.8413219123,0.00468749037,0.0001770867901
1570,0,0.00513813378,1.753985679,-1.312477709e-05,0.9126703397,0.841315339,0.004944501869,0.0001936319115
1571,0,0.005405958905,1.770980443,-1.177564574e-05,0.9296347487,0.8413456938,0.005195624943,0.0002103339621
1572,0,0.005667607561,1.788279391,-1.045568112e-05,0.946867048,0.841412343,0.005440439613,0.0002271679475
1573,0,0.005922656045,1.805855593,-9.167371547e-06,0.9643409814,0.8415146112,0.005678545808,0.0002441102373
1574,0,0.006170702077,1.823681889,-7.912946651e-06,0.9820301067,0.8416517824,0.005909563436,0.0002611386406
1575,0,0.006411367691,1.841730942,-6.69440868e-06,0.9999078407,0.8418231008,0.006133135198,0.0002782324934
1576,0,0.00664430215,1.859975373,-5.513496009e-06,1.017947601,0.8420277722,0.00634892941,0.0002953727408
1577,0,0.006869181219,1.878387713,-4.371675624e-06,1.036122749,0.8422649649,0.00655663928,0.0003125419396
1578,0,0.007085720933,1.896940406,-3.270152366e-06,1.054406596,0.8425338105,0.006755996718,0.0003297242141
1579,0,0.007293664834,1.915605957,-2.209847558e-06,1.072772551,0.8428334055,0.006946759678,0.0003469051554
1580,0,0.007492771582,1.934357028,-1.191492859e-06,1.091194216,0.8431628121,0.007128699745,0.0003640718371
1581,0,0.007682857945,1.95316635,-2.155471544e-07,1.10964529,0.8435210596,0.007301645432,0.000381212513
1582,0,0.007863741532,1.972006597,7.176712829e-07,1.128099452,0.8439071455,0.007465424922,0.0003983166096
1583,0,0.008035299577,1.990850823,1.608077278e-06,1.146530786,0.8443200373,0.007619925258,0.0004153743186
1584,0,0.008197399148,2.00967254,2.455648737e-06,1.164913867,0.8447586734,0.007765022493,0.000432376655
1585,0,0.00834996798,2.028444675,3.26052827e-06,1.18322271,0.8452219654,0.007900653067,0.0004493149134
1586,0,0.008492918655,2.04714173,4.022901152e-06,1.201432931,0.8457087993,0.008026737977,0.0004661806778
1587,0,0.008626258287,2.065737196,4.742939044e-06,1.219519159,0.8462180373,0.008143292708,0.0004829655794
1588,0,0.008749942641,2.084206051,5.420896415e-06,1.237457531,0.8467485196,0.008250281786,0.0004996608544
1589,0,0.008863974877,2.102522931,6.056965801e-06,1.255223865,0.8472990663,0.008347717518,0.0005162573592
1590,0,0.008968343207,2.12066331,6.651270473e-06,1.272794832,0.8478684788,0.00843559789,0.000532745317
1591,0,0.009063053226,2.138603133,7.203861269e-06,1.290147592,0.8484555415,0.008513939117,0.0005491141096
1592,0,0.009148124013,2.156318475,7.714720427e-06,1.307259452,0.8490590235,0.008582771904,0.0005653521089
1593,0,0.009223568747,2.173786508,8.183706717e-06,1.324108827,0.8496776808,0.008642122092,0.0005814466549
1594,0,0.009289394777,2.190984518,8.610567173e-06,1.340674261,0.8503102577,0.008692010852,0.0005973839248
1595,0,0.009345620035,2.207890582,8.994934692e-06,1.356935094,0.8509554883,0.008732471132,0.0006131489029
1596,0,0.00939225423,2.224483419,9.336332562e-06,1.372871321,0.8516120981,0.008763528853,0.0006287253765
1597,0,0.009415183049,2.236716898,9.675185294e-06,1.384779398,0.8519374991,0.008780590155,0.0006345928941
1598,0,0.009433888002,2.248777434,9.975817021e-06,1.396495868,0.8522815665,0.008793192074,0.0006406959284
1599,0,0.009448346703,2.260690987,1.023440457e-05,1.408048975,0.8526420119,0.00880131759,0.0006470291132
1600,0,0.009458493978,2.272466121,1.044873832e-05,1.419448967,0.8530171542,0.0088049099,0.0006535840786
1601,0,0.009464244371,2.2841026,1.061763208e-05,1.430696853,0.8534057476,0.008803893715,0.0006603506559
1602,0,0.009465541425,2.295595523,1.074052086e-05,1.441788666,0.8538068568,0.008798223754,0.0006673176713
1603,0,0.009462225554,2.306937226,1.081718995e-05,1.452717459,0.8542197669,0.008787752106,0.0006744734479
1604,0,0.009454269236,2.318118381,1.084759656e-05,1.463474464,0.8546439169,0.008772463151,0.0006818060845
1605,0,0.009441488758,2.329128552,1.083175793e-05,1.474049701,0.8550788507,0.00875218518,0.0006893035779
1606,0,0.00942381916,2.3399564,1.076967866e-05,1.484432219,0.8555241801,0.008726865315,0.0006969538447
1607,0,0.009401177115,2.350590107,1.066131656e-05,1.49461055,0.8559795575,0.008696432472,0.0007047446434
1608,0,0.009373322597,2.361017252,1.050656494e-05,1.504572598,0.8564446541,0.008660659148,0.0007126634497
1609,0,0.00934023943,2.371224988,1.030524109e-05,1.514305845,0.8569191437,0.008619542134,0.0007206972959
1610,0,0.009301796614,2.381200274,1.005710262e-05,1.523797584,0.8574026895,0.008572964057,0.0007288325577
1611,0,0.009257717616,2.390929475,9.761856619e-06,1.533034542,0.8578949336,0.008520662872,0.0007370547442
1612,0,0.009208028532,2.400398863,9.419173552e-06,1.542003374,0.8583954883,0.008462680241,0.0007453482906
1613,0,0.009152512238,2.409594543,9.028732627e-06,1.550690614,0.8589039286,0.00839881594,0.0007536962982
1614,0,0.009090920741,2.418502094,8.590210798e-06,1.559082308,0.859419786,0.008328840302,0.0007620804393
1615,0,0.009023240584,2.427107112,8.103345441e-06,1.567164569,0.8599425428,0.008252759881,0.0007704807024
1616,0,0.00894919053,2.435395024,7.567969247e-06,1.574923396,0.8604716274,0.008170315252,0.000778875278
1617,0,0.008868568563,2.443350804,6.984035729e-06,1.582344394,0.8610064092,0.008081328056,0.0007872405069
1618,0,0.008781311757,2.45095951,6.351662489e-06,1.589413315,0.8615461948,0.00798576094,0.0007955508162
1619,0,0.008687115173,2.458206021,5.671177255e-06,1.596115796,0.8620902242,0.007883336486,0.0008037786876
1620,0,0.008585805677,2.465074879,4.943136702e-06,1.602437213,0.8626376665,0.007773910946,0.000811894731
1621,0,0.008477301885,2.471550782,4.168366367e-06,1.608363165,0.8631876168,0.007657434204,0.0008198676812
1622,0,0.008361299547,2.477618271,3.347988383e-06,1.613879178,0.8637390928,0.007533635112,0.000827664435
1623,0,0.008237686046,2.483261677,2.483407727e-06,1.618970646,0.8642910316,0.007402435874,0.0008352501721
1624,0,0.008106374531,2.488465439,1.576344751e-06,1.623623152,0.8648422867,0.007263786228,0.0008425883037
1625,0,0.007967085152,2.493213903,6.287936461e-07,1.627822277,0.8653916255,0.007117444579,0.0008496405725
1626,0,0.007819814625,2.497491413,-3.569936425e-07,1.631553686,0.8659377271,0.006963447586,0.0008563670383
1627,0,0.00766442316,2.501282442,-1.378541556e-06,1.634803262,0.8664791806,0.00680169712,0.0008627260399
1628,0,0.00750083346,2.504571516,-2.433211154e-06,1.637557032,0.8670144838,0.006632159264,0.0008686741959
1629,0,0.007328986013,2.507343296,-3.518275376e-06,1.639801253,0.8675420429,0.006454819648,0.0008741663649
1630,0,0.007148851125,2.509582642,-4.630971944e-06,1.641522469,0.868060173,0.006269695589,0.0008791555356
1631,0,0.006960413677,2.511274635,-5.768607851e-06,1.642707535,0.8685670996,0.006076820888,0.0008835927887
1632,0,0.006763698967,2.512404732,-6.928628124e-06,1.64334377,0.8690609614,0.005876271806,0.0008874271605
1633,0,0.006559964491,2.512951052,-8.102612295e-06,1.643420254,0.8695307979,0.005669512108,0.0008904523834
1634,0,0.00634959232,2.512916053,-9.293369821e-06,1.642939855,0.8699761976,0.005456901952,0.0008926903679
1635,0,0.006132926254,2.512303207,-1.050316055e-05,1.641906556,0.8703966507,0.005238766303,0.000894159951
1636,0,0.005910300323,2.511116904,-1.173383709e-05,1.640325322,0.8707915823,0.005015423383,0.0008948769403
1637,0,0.005682074025,2.509362414,-1.298692257e-05,1.638202021,0.8711603936,0.004787219427,0.0008948545984
1638,0,0.005448580322,2.507046015,-1.426369435e-05,1.635543526,0.8715024897,0.004554476189,0.0008941041337
1639,0,0.005210157817,2.504174927,-1.556522035e-05,1.632357629,0.871817298,0.004317522727,0.0008926350895
1640,0,0.004967130312,2.50075732,-1.689237414e-05,1.628653039,0.8721042814,0.004076674582,0.0008904557302
1641,0,0.004719856029,2.496802298,-1.824583943e-05,1.624439351,0.872362947,0.003832282577,0.0008875734517
1642,0,0.00446866198,2.492319953,-1.962606806e-05,1.6197271,0.8725928521,0.003584666813,0.0008839951662
1643,0,0.004213882191,2.487321366,-2.103326746e-05,1.614527757,0.8727936088,0.00333415437,0.0008797278208
1644,0,0.003955855708,2.481818572,-2.246733545e-05,1.608853686,0.8729648863,0.003081076803,0.0008747789044
1645,0,0.003694923593,2.475824518,-2.392781979e-05,1.602718105,0.8731064129,0.002825766624,0.0008691569683
1646,0,0.003431439884,2.46935305,-2.541383071e-05,1.596135073,0.8732179766,0.002568567795,0.0008628720889
1647,0,0.003165776666,2.462418949,-2.692397592e-05,1.589119524,0.8732994253,0.002309840287,0.0008559363798
1648,0,0.00289833493,2.455037863,-2.845634995e-05,1.581687197,0.8733506664,0.002049970596,0.0008483643349
1649,0,0.002629510568,2.44722622,-3.000836602e-05,1.573854554,0.8733716661,0.001789337491,0.0008401730772
1650,0,0.00235975034,2.439001205,-3.157677966e-05,1.565638756,0.873362449,0.001528367962,0.0008313823787
1651,0,0.002089478696,2.43038081,-3.31581123e-05,1.557057715,0.873323095,0.001267464059,0.0008220146372
1652,0,0.00181920553,2.421383753,-3.474822241e-05,1.548130016,0.8732537375,0.001007110836,0.0008120946944
1653,0,0.001549562279,2.412011909,-3.676943986e-05,1.538864646,0.8731472633,0.0007475794646,0.0008019828144
1654,0,0.001281067413,2.402288486,-3.875627126e-05,1.529280162,0.8730083244,0.0004893782843,0.0007916891282
1655,0,0.001014212433,2.392234803,-4.070721387e-05,1.519397492,0.8728373117,0.0002330277885,0.0007811846444
1656,0,0.0007495000037,2.381872241,-4.262086907e-05,1.509237608,0.8726346337,-2.095257019e-05,0.0007704525739
1657,0,0.0004874180287,2.371222684,-4.449577179e-05,1.49882196,0.8724007239,-0.0002720669522,0.0007594849808
1658,0,0.000228396277,2.360308114,-4.633040411e-05,1.488172069,0.8721360451,-0.0005198839147,0.0007482801916
1659,0,-2.708346889e-05,2.349150981,-4.812312038e-05,1.477309889,0.8718410922,-0.0007639242695,0.0007368408006
1660,0,-0.000278660357,2.337773846,-4.987233898e-05,1.466257453,0.8715163929,-0.001003832778,0.0007251724211
1661,0,-0.0005258711357,2.326199546,-5.157640426e-05,1.455037037,0.871162509,-0.001239153629,0.0007132824932
1662,0,-0.0007684598359,2.314451039,-5.323382404e-05,1.443671002,0.8707800369,-0.00146963983,0.0007011799942
1663,0,-0.001005977227,2.302551383,-5.484318516e-05,1.432181775,0.8703696075,-0.001694852193,0.0006888749653
1664,0,-0.001238239492,2.290523715,-5.640320318e-05,1.420591827,0.8699318881,-0.001914617997,0.0006763785052
1665,0,-0.001464862419,2.278391119,-5.791271887e-05,1.408923536,0.8694675829,-0.002128565301,0.0006637028827
1666,0,-0.001685608844,2.266176675,-5.937067486e-05,1.39719924,0.8689774345,-0.002336470649,0.0006508618048
1667,0,-0.001900212552,2.253903305,-6.077610892e-05,1.385441079,0.8684622262,-0.002538083272,0.0006378707205
1668,0,-0.002108378999,2.241593872,-6.212800445e-05,1.373671088,0.867922784,-0.002733126076,0.0006247470772
1669,0,-0.002309928731,2.229271091,-6.34253976e-05,1.361911111,0.8673599796,-0.00292143948,0.0006115107484
1670,0,-0.002504530055,2.216957468,-6.466719315e-05,1.350182735,0.8667747322,-0.003102714206,0.000598184151
1671,0,-0.002691883602,2.20467538,-6.585208442e-05,1.338507368,0.8661680118,-0.003276675958,0.000584792356
1672,0,-0.002871769642,2.192447009,-6.697870858e-05,1.326906169,0.8655408404,-0.003443132949,0.000571363307
1673,0,-0.003043837823,2.180294274,-6.804542234e-05,1.315399981,0.8648942926,-0.003601765338,0.0005579275152
1674,0,-0.003207753344,2.168238972,-6.905024379e-05,1.304009476,0.8642294959,-0.003752271109,0.000544517765
1675,0,-0.003363238029,2.156302617,-6.999110761e-05,1.292754988,0.8635476289,-0.003894407127,0.0005311690984
1676,0,-0.003509925239,2.14450639,-7.086560249e-05,1.281656472,0.8628499178,-0.004027843154,0.0005179179151
1677,0,-0.003647436973,2.132871161,-7.167100386e-05,1.270733528,0.8621376327,-0.004152238489,0.0005048015158
1678,0,-0.003775442486,2.121417442,-7.240455519e-05,1.26000536,0.8614120821,-0.00426730023,0.0004918577439
1679,0,-0.003895763384,2.110198068,-7.287464258e-05,1.249495112,0.8607029564,-0.00437281144,0.000477048056
1680,0,-0.004005726914,2.099205738,-7.335082834e-05,1.239220177,0.8599855606,-0.004468457401,0.0004627304867
1681,0,-0.004105123246,2.088456342,-7.381617757e-05,1.22919578,0.8592605623,-0.004554025304,0.0004489020586
1682,0,-0.00417010138,2.080467794,-7.414523326e-05,1.221571892,0.8588959015,-0.00461401343,0.0004439120505
1683,0,-0.004230103963,2.072619396,-7.44491993e-05,1.214106214,0.8585131821,-0.004668874482,0.0004387705195
1684,0,-0.004285140535,2.064894971,-7.472288074e-05,1.206780417,0.8581145533,-0.004718629244,0.0004334887088
1685,0,-0.004335118292,2.057290741,-7.496251358e-05,1.199589153,0.8577015882,-0.004763197958,0.0004280796662
1686,0,-0.004379913502,2.049808851,-7.516547934e-05,1.192533398,0.8572754536,-0.004802471221,0.0004225577191
1687,0,-0.004419364478,2.04245441,-7.532973318e-05,1.18561738,0.8568370296,-0.004836302048,0.00041693757
1688,0,-0.004453296812,2.035234194,-7.545359715e-05,1.178847199,0.8563869957,-0.004864530764,0.0004112339523
1689,0,-0.004481528582,2.028155963,-7.553563636e-05,1.17223007,0.8559258929,-0.004886990016,0.0004054614336
1690,0,-0.004503876822,2.021228091,-7.557455471e-05,1.165773923,0.8554541683,-0.00490351107,0.0003996342476
1691,0,-0.004520157271,2.01445929,-7.556912732e-05,1.159487082,0.854972208,-0.004913923466,0.0003937661951
1692,0,-0.004530195278,2.007858523,-7.5518179e-05,1.153378162,0.8544803603,-0.004918065912,0.0003878706335
1693,0,-0.004533819859,2.001434907,-7.542054836e-05,1.147455954,0.8539789537,-0.004915780304,0.0003819604457
1694,0,-0.004530864221,1.995197645,-7.527506001e-05,1.141729335,0.8534683094,-0.004906912252,0.0003760480308
1695,0,-0.004521186719,1.989155894,-7.508064379e-05,1.136207143,0.8529487508,-0.004891332245,0.0003701455262
1696,0,-0.004504654274,1.98331879,-7.483624672e-05,1.13089818,0.8524206104,-0.004868918983,0.0003642647097
1697,0,-0.004481145549,1.977695377,-7.454083666e-05,1.125811142,0.851884235,-0.004839562606,0.0003584170569
1698,0,-0.004450555462,1.972294559,-7.419346406e-05,1.12095457,0.8513399896,-0.004803169348,0.0003526138864
1699,0,-0.004412796464,1.967125051,-7.379329087e-05,1.11633679,0.8507882603,-0.004759662917,0.0003468664525
1700,0,-0.004367797393,1.962195338,-7.33396249e-05,1.111965881,0.8502294568,-0.004708983425,0.0003411860325
1701,0,-0.004315501036,1.957513636,-7.283195502e-05,1.107849622,0.8496640137,-0.004651085061,0.0003355840249
1702,0,-0.00425588174,1.953087871,-7.226998504e-05,1.103995478,0.8490923929,-0.004585953782,0.0003300720424
1703,0,-0.004188920695,1.948925642,-7.165367958e-05,1.100410558,0.8485150844,-0.004513582733,0.0003246620384
1704,0,-0.00411462201,1.945034196,-7.098328174e-05,1.097101587,0.8479326089,-0.004433988403,0.0003193663926
1705,0,-0.004033013496,1.941420382,-7.025937809e-05,1.094074864,0.8473455186,-0.004347211584,0.0003141980885
1706,0,-0.003944134658,1.938090638,-6.948283867e-05,1.091336237,0.8467544004,-0.004253305379,0.0003091707218
1707,0,-0.003848049355,1.935051022,-6.86549151e-05,1.088891144,0.8461598776,-0.004152348136,0.0003042987818
1708,0,-0.003744835928,1.932307197,-6.777724749e-05,1.086744584,0.8455626133,-0.00404443375,0.000299597822
1709,0,-0.003634592415,1.929864414,-6.685185405e-05,1.0849011,0.8449633135,-0.003929677052,0.0002950846376
1710,0,-0.003517431271,1.927727504,-6.588113151e-05,1.083364772,0.8443627312,-0.003808208764,0.000290777493
1711,0,-0.003393479217,1.92590091,-6.486783998e-05,1.08213924,0.8437616701,-0.003680175597,0.0002866963799
1712,0,-0.003262887119,1.924388711,-6.381507825e-05,1.081227722,0.8431609894,-0.003545750427,0.000282863308
1713,0,-0.003125800918,1.923194665,-6.272623711e-05,1.080633058,0.8425616079,-0.003405103541,0.0002793026224
1714,0,-0.002982380618,1.922322304,-6.160492505e-05,1.080357796,0.8419645086,-0.003258421969,0.0002760413514
1715,0,-0.00283279184,1.921774833,-6.04548876e-05,1.08040409,0.8413707424,-0.003105901417,0.0002731095775
1716,0,-0.002677197269,1.921555232,-5.927989105e-05,1.0807738,0.8407814317,-0.002947738069,0.0002705408006
1717,0,-0.002515755018,1.921666265,-5.808360418e-05,1.081468492,0.840197773,-0.002784127294,0.0002683722757
1718,0,-0.002349509796,1.922114591,-5.688187198e-05,1.082483063,0.8396315274,-0.002616255057,0.0002667452602
1719,0,-0.002178817218,1.922893798,-5.567418357e-05,1.083810968,0.8390828307,-0.002444462855,0.0002656456375
1720,0,-0.002003984556,1.923997388,-5.445991806e-05,1.08544544,0.8385519482,-0.002269049633,0.0002650650772
1721,0,-0.001825301839,1.925418685,-5.323830085e-05,1.087379441,0.8380392441,-0.002090301954,0.0002650001153
1722,0,-0.001643003419,1.927151085,-5.20083442e-05,1.089605945,0.8375451404,-0.001908454362,0.0002654509436
1723,0,-0.001457331054,1.929187823,-5.076891233e-05,1.092117737,0.8370700869,-0.001723751591,0.0002664205363
1724,0,-0.001268500121,1.931521955,-4.95186661e-05,1.094907414,0.8366145412,-0.00153641387,0.0002679137498
1725,0,-0.001076703097,1.934146362,-4.825611935e-05,1.097967409,0.8361789526,-0.00134663985,0.0002699367522
1726,0,-0.0008821310043,1.937053704,-4.697972899e-05,1.101289954,0.8357637503,-0.001154627602,0.0002724965974
1727,0,-0.0006849469542,1.94023639,-4.568785037e-05,1.104867056,0.8353693341,-0.0009605477457,0.0002756007915
1728,0,-0.0004853176552,1.943686581,-4.437882819e-05,1.108690514,0.834996067,-0.0007645747387,0.0002792570835
1729,0,-0.0002833835984,1.947396036,-4.305097514e-05,1.112751767,0.8346442684,-0.0005668568136,0.0002834732152
1730,0,-7.92744755e-05,1.951356215,-4.170259575e-05,1.117042005,0.8343142104,-0.0003675311896,0.0002882567141
1731,0,0.0001268829352,1.955558211,-4.033203516e-05,1.121552097,0.8340061135,-0.0001667316929,0.0002936146281
1732,0,0.0003349842624,1.959992714,-3.893768848e-05,1.126272569,0.8337201451,3.543111295e-05,0.0002995531495
1733,0,0.0005452465067,1.964651318,-3.719064813e-05,1.131201349,0.8334499694,0.000239115299,0.0003061312077
1734,0,0.000757239832,1.969532013,-3.542324062e-05,1.136328758,0.8332032544,0.0004442128664,0.0003130269656
1735,0,0.0009708965678,1.974624276,-3.363467713e-05,1.141643939,0.8329803367,0.0006505934635,0.0003203031043
1736,0,0.001186126144,1.979917147,-3.182443343e-05,1.147135764,0.8327813834,0.0008581226118,0.000328003532
1737,0,0.001402800595,1.985399207,-2.999301481e-05,1.152792776,0.832606431,0.001066644686,0.000336155909
1738,0,0.001620742715,1.991058563,-2.814205756e-05,1.158603155,0.8324554074,0.001275969346,0.0003447733682
1739,0,0.00183970882,1.996882863,-2.627414073e-05,1.164554711,0.8323281512,0.001485853123,0.0003538556976
1740,0,0.002059385127,2.002859302,-2.439325692e-05,1.17063488,0.8322244226,0.001695994663,0.0003633904644
1741,0,0.002279374525,2.008974667,-2.250454347e-05,1.176830755,0.8321439121,0.001906020249,0.0003733542763
1742,0,0.002499199124,2.01521533,-2.061427799e-05,1.183129085,0.8320862449,0.002115484769,0.0003837143543
1743,0,0.00271830332,2.021567305,-1.872947546e-05,1.189516318,0.8320509866,0.002323873482,0.0003944298373
1744,0,0.002936063441,2.028016269,-1.685770559e-05,1.195978623,0.8320376461,0.002530609906,0.0004054535341
1745,0,0.00315179335,2.034547629,-1.500674232e-05,1.20250195,0.8320456783,0.002735059847,0.0004167335036
1746,0,0.003364767958,2.041146487,-1.318424166e-05,1.209072,0.832074487,0.002936553426,0.0004282145328
1747,0,0.003574227473,2.047797708,-1.139758522e-05,1.21567428,0.8321234271,0.003134387594,0.0004398398791
1748,0,0.003779401983,2.054485953,-9.653796876e-06,1.222294148,0.8321918058,0.003327849071,0.000451552912
1749,0,0.003979520398,2.061195709,-7.95940379e-06,1.228916825,0.8322788832,0.003516221958,0.0004632984396
1750,0,0.004173829307,2.067911297,-6.320342877e-06,1.235527424,0.8323838731,0.003698805452,0.0004750238555
1751,0,0.004361607477,2.07461689,-4.741900953e-06,1.242110945,0.8325059446,0.003874927414,0.0004866800624
1752,0,0.004542167369,2.081296595,-3.228710661e-06,1.248652372,0.8326442237,0.004043945168,0.0004982222018
1753,0,0.004714879344,2.087934482,-1.784738798e-06,1.255136686,0.8327977956,0.004205269144,0.0005096101998
1754,0,0.004879168156,2.094514593,-4.133167319e-07,1.261548884,0.832965709,0.004358359059,0.000520809097
1755,0,0.005034519199,2.101021022,8.828136603e-07,1.267874042,0.8331469799,0.004502729971,0.0005317892273
1756,0,0.005180491633,2.107438006,2.101467032e-06,1.274097409,0.8333405972,0.004637965412,0.0005425262208
1757,0,0.005316703914,2.11374989,3.240959083e-06,1.280204362,0.8335455283,0.004763703027,0.0005530008873
1758,0,0.005442852173,2.119941306,4.300070602e-06,1.28618058,0.8337607261,0.004879653226,0.000563198947
1759,0,0.005558701049,2.125997222,5.277999429e-06,1.292012087,0.833985135,0.00498559035,0.0005731106985
1760,0,0.005664076479,2.131903044,6.174299044e-06,1.297685345,0.8342176986,0.005081345919,0.0005827305597
1761,0,0.005758872014,2.137644708,6.988845231e-06,1.303187343,0.8344573655,0.005166815484,0.0005920565298
1762,0,0.005824770893,2.142006417,7.361050608e-06,1.307432658,0.8345737589,0.005228708965,0.0005960619286
1763,0,0.005885398923,2.146267145,7.724061043e-06,1.311569156,0.8346979887,0.005285262341,0.0006001365819
1764,0,0.005940806472,2.150434249,8.072433232e-06,1.315605298,0.8348289511,0.005336534108,0.0006042723638
1765,0,0.005990972285,2.154508046,8.402169961e-06,1.319542214,0.834965832,0.005382509136,0.0006084631486
1766,0,0.006035839091,2.158485668,8.710272528e-06,1.323377652,0.8351080159,0.005423134773,0.0006127043183
1767,0,0.006075341956,2.162362589,8.994455255e-06,1.327107566,0.8352550238,0.005458349562,0.0006169923933
1768,0,0.006109415502,2.166133413,9.252928671e-06,1.330726944,0.835406469,0.005488090742,0.0006213247607
1769,0,0.006137997463,2.169792236,9.484248974e-06,1.33423021,0.8355620263,0.005512298016,0.0006256994473
1770,0,0.006161032635,2.173332885,9.687210571e-06,1.337611474,0.8357214106,0.005530917728,0.0006301149076
1771,0,0.006178468719,2.17674904,9.860757091e-06,1.340864679,0.835884361,0.005543898891,0.0006345698274
1772,0,0.006190271616,2.180034319,1.000395627e-05,1.343983689,0.8360506298,0.00555120875,0.0006390628659
1773,0,0.006196409605,2.18318235,1.01159325e-05,1.346962375,0.8362199747,0.005552817116,0.000643592489
1774,0,0.00619685937,2.186186808,1.019584901e-05,1.349794656,0.8363921524,0.005548702631,0.000648156739
1775,0,0.006191604384,2.189041467,1.024289294e-05,1.352474552,0.8365669149,0.005538851357,0.0006527530273
1776,0,0.006180632751,2.191740237,1.025626751e-05,1.354996231,0.8367440062,0.005523254815,0.0006573779359
1777,0,0.006163938381,2.194277201,1.023519209e-05,1.357354041,0.8369231596,0.005501911353,0.0006620270276
1778,0,0.006141521187,2.196646645,1.017890632e-05,1.359542549,0.8371040962,0.005474826526,0.0006666946607
1779,0,0.006113380704,2.19884309,1.008667669e-05,1.361556567,0.8372865232,0.005442006901,0.000671373803
1780,0,0.006079519466,2.200861323,9.957802683e-06,1.36339119,0.8374701321,0.005403463629,0.0006760558373
1781,0,0.00603994144,2.202696418,9.79162255e-06,1.36504182,0.8376545978,0.005359211085,0.0006807303551
1782,0,0.00599465062,2.204343761,9.587514056e-06,1.366504185,0.8378395764,0.005309265689,0.0006853849309
1783,0,0.005943640721,2.205799061,9.344891336e-06,1.367774357,0.8380247042,0.005253635841,0.0006900048801
1784,0,0.005886906108,2.207058365,9.063199391e-06,1.36884877,0.8382095951,0.005192333098,0.0006945730109
1785,0,0.005824428847,2.208118063,8.741903059e-06,1.369724225,0.8383938387,0.005125359466,0.0006990693815
1786,0,0.005756188499,2.208974895,8.380475472e-06,1.370397897,0.8385769978,0.005052717419,0.00070347108
1787,0,0.005682147555,2.209625944,7.978385509e-06,1.370867338,0.838758606,0.004974395501,0.000707752054
1788,0,0.005602258788,2.210068633,7.535086011e-06,1.371130468,0.8389381647,0.004890375779,0.0007118830093
1789,0,0.005516456717,2.210300715,7.050004636e-06,1.371185574,0.8391151406,0.004800625317,0.0007158313999
1790,0,0.005424673681,2.210320263,6.52253841e-06,1.3710313,0.8392889629,0.004705112156,0.0007195615247
1791,0,0.00532683064,2.210125659,5.952053515e-06,1.370666638,0.8394590209,0.004603795905,0.000723034735
1792,0,0.005222844498,2.20971558,5.337887814e-06,1.370090918,0.8396246622,0.004496634745,0.0007262097532
1793,0,0.005112627399,2.209088992,4.679360226e-06,1.3693038,0.8397851911,0.004383584317,0.0007290430816
1794,0,0.004996108762,2.208245146,3.975781673e-06,1.368305278,0.8399398675,0.004264619274,0.0007314894877
1795,0,0.004873219856,2.207183566,3.226470892e-06,1.367095658,0.8400879079,0.004139717324,0.0007335025317
1796,0,0.004742621432,2.205907264,2.264481592e-06,1.365670707,0.8402365562,0.00400860005,0.000734021382
1797,0,0.004605577569,2.204405677,1.230313971e-06,1.364029926,0.8403757509,0.0038712557,0.0007343218686
1798,0,0.004462817208,2.202686561,1.40630456e-07,1.362184795,0.840501766,0.003728558203,0.0007342590054
1799,0,0.004314544663,2.200755936,-1.002308372e-06,1.360141635,0.8406143013,0.003580763234,0.0007337814284
1800,0,0.004162114064,2.198620398,-1.988269343e-06,1.357912652,0.8407077455,0.003428439759,0.0007336743057
1801,0,0.004004617578,2.196294253,-3.01444094e-06,1.355505355,0.8407888974,0.003271856038,0.0007327615404
1802,0,0.003842409887,2.193784078,-4.080369973e-06,1.352926638,0.8408574398,0.003111299904,0.0007311099829
1803,0,0.003675864381,2.191096763,-5.184838932e-06,1.350183697,0.8409130659,0.002947090614,0.0007287737667
1804,0,0.00350537617,2.188239519,-6.326015724e-06,1.347284024,0.840955495,0.002779577997,0.000725798173
1805,0,0.003331365257,2.18521989,-7.501521131e-06,1.344235408,0.8409844819,0.002609142823,0.000722222434
1806,0,0.003154269548,2.182045763,-8.708488132e-06,1.341045941,0.8409998222,0.002436187863,0.0007180816847
1807,0,0.002973878079,2.178718509,-1.017578101e-05,1.337717711,0.8410007979,0.002260879273,0.0007129988056
1808,0,0.002791394246,2.175244576,-1.165667421e-05,1.334258968,0.8409856082,0.002083695538,0.0007076987085
1809,0,0.002607269447,2.171633474,-1.314796872e-05,1.33067919,0.840954284,0.00190512615,0.0007021432967
1810,0,0.002421952683,2.167894867,-1.464639302e-05,1.326987988,0.840906879,0.001725643444,0.0006963092391
1811,0,0.002235880151,2.16403865,-1.614866287e-05,1.323195173,0.8408434768,0.001545697058,0.0006901830928
1812,0,0.002049468326,2.160075001,-1.76516081e-05,1.319310807,0.8407641938,0.001365710676,0.0006837576502
1813,0,0.001863103025,2.156014372,-1.91522448e-05,1.31534519,0.8406691814,0.001186073727,0.0006770292975
1814,0,0.001677135913,2.151867466,-2.064783398e-05,1.311308841,0.8405586252,0.001007139694,0.000669996219
1815,0,0.001491882328,2.147645198,-2.213594778e-05,1.307212454,0.8404327441,0.0008292250342,0.0006626572939
1816,0,0.001307616053,2.14335864,-2.361444107e-05,1.303066853,0.8402917867,0.0006526044518,0.0006550116015
1817,0,0.001124577663,2.139018977,-2.50813738e-05,1.298882948,0.8401360293,0.0004775192582,0.0006470584044
1818,0,0.0009429820028,2.134637438,-2.653470396e-05,1.294671665,0.8399657739,0.0003041845356,0.0006387974672
1819,0,0.000763023075,2.130225243,-2.797295812e-05,1.290443896,0.8397813463,0.0001327931283,0.0006302299467
1820,0,0.0005848856503,2.125793551,-2.939468764e-05,1.286210458,0.839583093,-3.647359416e-05,0.0006213592444
1821,0,0.000409119034,2.121345049,-3.089684939e-05,1.281980477,0.8393645725,-0.0002035110627,0.0006126300967
1822,0,0.0002355410105,2.116896338,-3.236718496e-05,1.277764606,0.839131732,-0.0003681222013,0.0006036632118
1823,0,6.437454845e-05,2.112458828,-3.380398855e-05,1.273573664,0.8388851638,-0.0005300880584,0.0005944626069
1824,0,-0.0001041187179,2.108043623,-3.520500441e-05,1.269418179,0.8386254435,-0.0006891593037,0.0005850405858
1825,0,-0.0002696453718,2.103661567,-3.656705268e-05,1.265308419,0.8383531484,-0.0008450624464,0.0005754170746
1826,0,-0.0004318580208,2.099323272,-3.788624995e-05,1.261254402,0.8380688694,-0.0009974775454,0.0005656195247
1827,0,-0.0005903630636,2.09503911,-3.915797971e-05,1.257265893,0.8377732177,-0.00114604489,0.0005556818265
1828,0,-0.0007447192381,2.090819209,-4.037712316e-05,1.253352381,0.8374668279,-0.001290362379,0.0005456431412
1829,0,-0.0008944425937,2.086673424,-4.153829533e-05,1.249523064,0.8371503592,-0.001429988942,0.0005355463484
1830,0,-0.001039028337,2.08261131,-4.263608995e-05,1.245786816,0.8368244934,-0.001564464573,0.0005254362366
1831,0,-0.001178578025,2.078652152,-4.362274423e-05,1.242152605,0.8364995465,-0.001693323524,0.000514745499
1832,0,-0.001311944556,2.074796031,-4.455568925e-05,1.238628413,0.8361676172,-0.001816111028,0.0005041664722
1833,0,-0.001438658176,2.071050607,-4.542846884e-05,1.235221426,0.8358291809,-0.00193239321,0.000493735034
1834,0,-0.001558270058,2.067423301,-4.623559996e-05,1.231938507,0.8354847945,-0.002041753705,0.0004834836467
1835,0,-0.001670364348,2.063921181,-4.697269805e-05,1.228786114,0.8351350663,-0.002143804858,0.0004734405096
1836,0,-0.001774577066,2.060550904,-4.76364776e-05,1.225770267,0.8347806371,-0.002238205953,0.000463628887
1837,0,-0.00187060852,2.057318683,-4.822472092e-05,1.222896516,0.8344221665,-0.002324675336,0.0004540668157
1838,0,-0.001939501826,2.054924613,-4.847982032e-05,1.220677973,0.83424664,-0.002389297204,0.0004497953777
1839,0,-0.002004048026,2.052612898,-4.87265306e-05,1.218550147,0.8340627511,-0.002449476268,0.0004454282424
1840,0,-0.002064328226,2.050378498,-4.895927001e-05,1.216506916,0.8338715815,-0.002505309715,0.0004409814893
1841,0,-0.002120315341,2.048220691,-4.917384607e-05,1.214546783,0.8336739085,-0.002556783004,0.0004364676633
1842,0,-0.002171926962,2.046140638,-4.936704688e-05,1.212670336,0.8334703025,-0.002603823627,0.0004318966654
1843,0,-0.002219075701,2.044140369,-4.953638082e-05,1.210879176,0.8332611927,-0.002646352062,0.0004272763603
1844,0,-0.002261666619,2.04222233,-4.967986019e-05,1.209175416,0.833046914,-0.002684279594,0.0004226129745
1845,0,-0.00229960609,2.040389173,-4.979587091e-05,1.207561435,0.8328277384,-0.00271751749,0.0004179113991
1846,0,-0.002332810044,2.038643644,-4.988307694e-05,1.206039746,0.8326038979,-0.002745985461,0.0004131754165
1847,0,-0.002361205491,2.03698851,-4.99403543e-05,1.20461291,0.8323756001,-0.002769613371,0.0004084078801
1848,0,-0.002384731254,2.035426519,-4.996674791e-05,1.203283479,0.8321430401,-0.002788342119,0.0004036108656
1849,0,-0.002403340714,2.033960354,-4.996144645e-05,1.202053946,0.8319064076,-0.002802126514,0.0003987858001
1850,0,-0.002417002147,2.032592627,-4.992377038e-05,1.200926733,0.8316658939,-0.002810935722,0.0003939335752
1851,0,-0.002425698944,2.031325848,-4.985317121e-05,1.199904153,0.831421695,-0.002814753599,0.0003890546548
1852,0,-0.002429431026,2.030162409,-4.974923846e-05,1.198988393,0.8311740156,-0.002813580206,0.00038414918
1853,0,-0.002428214357,2.029104563,-4.961171208e-05,1.198181492,0.8309230709,-0.002807431447,0.0003792170902
1854,0,-0.002422080313,2.028154419,-4.944049576e-05,1.19748533,0.830669089,-0.002796338588,0.0003742582754
1855,0,-0.002411075169,2.027313932,-4.923566599e-05,1.19690162,0.8304123123,-0.002780347936,0.0003692727663
1856,0,-0.002395258229,2.026584899,-4.899747447e-05,1.1964319,0.830152999,-0.002759519217,0.000364260988
1857,0,-0.002374699695,2.025968948,-4.872633956e-05,1.196077523,0.8298914247,-0.002733923781,0.0003592240865
1858,0,-0.002349477204,2.025467546,-4.842282185e-05,1.195839662,0.8296278841,-0.002703641542,0.0003541643377
1859,0,-0.002319671869,2.025082004,-4.808758253e-05,1.195719312,0.8293626922,-0.002668757505,0.0003490856365
1860,0,-0.002285363946,2.02481348,-4.772132266e-05,1.195717294,0.8290961863,-0.002629357999,0.0003439940526
1861,0,-0.002246626977,2.02466299,-4.732470372e-05,1.195834263,0.8288287273,-0.002585525405,0.0003388984284
1862,0,-0.002203522597,2.024631414,-4.689825208e-05,1.196070713,0.828560701,-0.002537333578,0.0003338109805
1863,0,-0.002156095467,2.024719504,-4.644225277e-05,1.196426984,0.8282925193,-0.002484843322,0.0003287478546
1864,0,-0.002104368505,2.024927889,-4.59566394e-05,1.196903268,0.8280246209,-0.002428098084,0.0003237295783
1865,0,-0.002048340003,2.025257078,-4.544089196e-05,1.197499607,0.8277574713,-0.002367121351,0.000318781348
1866,0,-0.001987982371,2.025707453,-4.489395435e-05,1.198215891,0.8274915623,-0.00230191547,0.0003139330995
1867,0,-0.001922520707,2.026269209,-4.422004296e-05,1.19905473,0.8272144796,-0.002232310701,0.0003097899937
1868,0,-0.001852611467,2.026955148,-4.348981042e-05,1.200016245,0.8269389028,-0.002158228223,0.0003056167565
1869,0,-0.001778093204,2.027766068,-4.270166928e-05,1.201100313,0.8266657549,-0.002079596058,0.0003015028539
1870,0,-0.001698813957,2.028702423,-4.185340849e-05,1.202306527,0.826395896,-0.001996342393,0.0002975284365
1871,0,-0.001614638473,2.029764321,-4.094254187e-05,1.203634172,0.8261301489,-0.001908404061,0.0002937655886
1872,0,-0.001525460099,2.03095148,-3.996663489e-05,1.205082169,0.8258693113,-0.001815739193,0.0002902790933
1873,0,-0.001431211066,2.03226316,-3.892357981e-05,1.206649,0.8256141597,-0.001718338062,0.0002871269963
1874,0,-0.001332352586,2.033693705,-3.782794278e-05,1.208323664,0.8253700408,-0.001616780023,0.0002844274367
1875,0,-0.001229079147,2.035237812,-3.668087588e-05,1.210100833,0.8251369782,-0.001511265185,0.000282186038
1876,0,-0.001121604634,2.036889917,-3.548427326e-05,1.211974915,0.8249150019,-0.001402008572,0.0002804039384
1877,0,-0.001010163449,2.038644069,-3.424060389e-05,1.213939933,0.8247041361,-0.001289242627,0.0002790791773
1878,0,-0.0008950056755,2.04049389,-3.295272762e-05,1.215989506,0.8245043848,-0.001173213306,0.0002782076307
1879,0,-0.0007763886643,2.042432574,-3.16237644e-05,1.21811685,0.8243157239,-0.001054172337,0.0002777836724
1880,0,-0.0006545752287,2.044452916,-3.025702959e-05,1.220314817,0.8241380989,-0.0009323757244,0.0002778004956
1881,0,-0.0005298305699,2.046547353,-2.885602187e-05,1.222575928,0.8239714255,-0.0008080806613,0.0002782500914
1882,0,-0.000402424081,2.048708016,-2.742446033e-05,1.224892424,0.8238155924,-0.0006815470404,0.0002791229594
1883,0,-0.0002726365746,2.050926787,-2.596633173e-05,1.227256322,0.8236704646,-0.0005530441951,0.0002804076205
1884,0,-0.0001407617632,2.053195367,-2.448595662e-05,1.229659479,0.8235358881,-0.0004228518734,0.0002820901102
1885,0,-7.1136027e-06,2.055505345,-2.298800148e-05,1.232093651,0.8234116935,-0.0002912670808,0.0002841534781
1886,0,0.0001279689231,2.057848255,-2.147747692e-05,1.234550556,0.8232976995,-0.0001586085489,0.000286577472
1887,0,0.0002641188709,2.060215643,-1.995967578e-05,1.237021927,0.8231937159,-2.521953696e-05,0.0002893384079
1888,0,0.0004009390699,2.062599118,-1.844009646e-05,1.239499573,0.8230995452,0.0001085297488,0.000292409321
1889,0,0.0005380053993,2.0649904,-1.692432769e-05,1.241975417,0.8230149833,0.0002422450462,0.0002957603531
1890,0,0.0006748692033,2.067381361,-1.54179178e-05,1.244441541,0.8229398201,0.0003755098478,0.0002993593555
1891,0,0.0008107839869,2.069764705,-1.385947905e-05,1.246890978,0.8228737266,0.0005079496932,0.0003028342937
1892,0,0.0009455257077,2.072132852,-1.2328608e-05,1.249315862,0.8228169895,0.0006391005903,0.0003064251174
1893,0,0.001078611421,2.07447793,-1.082940718e-05,1.251708525,0.8227694049,0.000768500514,0.0003101109066
1894,0,0.001209568275,2.076792311,-9.365390057e-06,1.254061582,0.8227307283,0.0008956994591,0.0003138688164
1895,0,0.001337938858,2.079068589,-7.939905294e-06,1.256367908,0.8227006804,0.001020263371,0.0003176754873
1896,0,0.001463287185,2.081299578,-6.556314142e-06,1.258620629,0.8226789493,0.001141778727,0.0003215084583
1897,0,0.001585202552,2.083478313,-5.217483924e-06,1.260813121,0.8226651919,0.001259855986,0.0003253465653
1898,0,0.001703304681,2.085598067,-3.925841051e-06,1.26293903,0.822659037,0.001374134078,0.0003291706029
1899,0,0.001817245812,2.087652372,-2.683240485e-06,1.264992283,0.8226600887,0.001484282446,0.0003329633659
1900,0,0.001926711765,2.089635038,-1.491224427e-06,1.266967109,0.822667929,0.001590001684,0.0003367100815
1901,0,0.002031421799,2.091540182,-3.510554333e-07,1.268858061,0.8226821208,0.001691023638,0.0003403981606
1902,0,0.002131125831,2.093362251,7.361860315e-07,1.270660041,0.8227022102,0.001787109043,0.0003440167876
1903,0,0.002225600474,2.095096046,1.769535671e-06,1.272368317,0.8227277291,0.0018780441,0.0003475563739
1904,0,0.002314644189,2.096736734,2.748060425e-06,1.273978536,0.8227581988,0.001963636178,0.0003510080106
1905,0,0.002398074224,2.098279868,3.670805612e-06,1.275486736,0.8227931323,0.002043711226,0.0003543629975
1906,0,0.002475721221,2.099721395,4.536785208e-06,1.276889358,0.8228320368,0.002118108698,0.0003576125235
1907,0,0.002547988593,2.101055458,5.343451418e-06,1.278184077,0.8228713812,0.002186717509,0.0003612710843
1908,0,0.002614159554,2.102282099,6.100329979e-06,1.279368383,0.8229137162,0.002249406391,0.0003647531622
1909,0,0.002663084577,2.103202654,6.439384006e-06,1.280269081,0.8229335729,0.002296965521,0.0003661190559
1910,0,0.002708562715,2.104062644,6.778732111e-06,1.281106791,0.8229558528,0.002341053705,0.0003675090099
1911,0,0.002750680472,2.104862337,7.113843428e-06,1.281882213,0.8229801243,0.00238176458,0.0003689158927
1912,0,0.002789433961,2.105600941,7.44131295e-06,1.282594871,0.8230060698,0.002419099927,0.0003703340345
1913,0,0.002824781374,2.106277252,7.758505738e-06,1.283243806,0.8230334464,0.002453022725,0.0003717586492
1914,0,0.00285666377,2.106889916,8.063314068e-06,1.283827856,0.8230620598,0.002483478293,0.0003731854763
1915,0,0.002885013408,2.107437539,8.353990328e-06,1.284345792,0.8230917469,0.002510402857,0.0003746105512
1916,0,0.002909760772,2.107918743,8.629033294e-06,1.28479638,0.8231223631,0.00253373072,0.0003760300522
1917,0,0.002930835807,2.108332195,8.887107699e-06,1.285178421,0.8231537744,0.00255339562,0.0003774401875
1918,0,0.002948170278,2.108676622,9.126990576e-06,1.285490771,0.8231858515,0.002569333165,0.0003788371137
1919,0,0.002961698858,2.108950828,9.347536389e-06,1.285732362,0.8232184651,0.00258148198,0.0003802168782
1920,0,0.002971360978,2.109153702,9.547657402e-06,1.285902219,0.8232514837,0.002589785592,0.000381575386
1921,0,0.002977101187,2.109284232,9.726315661e-06,1.285999462,0.8232847705,0.002594192793,0.0003829083943
1922,0,0.002978871822,2.109341504,9.882526348e-06,1.286023321,0.8233181827,0.002594660292,0.00038421153
1923,0,0.002976632635,2.109324711,1.001536895e-05,1.285973141,0.82335157,0.002591152307,0.0003854803282
1924,0,0.002970353713,2.109233163,1.012400412e-05,1.285848389,0.8233847738,0.002583643435,0.0003867102776
1925,0,0.002960016769,2.109066291,1.020769303e-05,1.285648664,0.823417627,0.002572119907,0.0003878968615
1926,0,0.002945616713,2.108823648,1.026581652e-05,1.285373694,0.8234499532,0.002556581137,0.0003890355766
1927,0,0.002927162426,2.108504921,1.029789085e-05,1.285023353,0.8234815671,0.002537040513,0.0003901219138
1928,0,0.002904678022,2.108109935,1.030357722e-05,1.284597661,0.8235122737,0.002513526735,0.0003911512877
1929,0,0.002878202306,2.107638658,1.02826831e-05,1.284096789,0.8235418692,0.002486083398,0.0003921189072
1930,0,0.002847788791,2.107091206,1.023515158e-05,1.283521066,0.82357014,0.002454769206,0.0003930195843
1931,0,0.002813504016,2.106467844,1.016103952e-05,1.28287098,0.8235968635,0.002419656531,0.0003938474848
1932,0,0.002775425659,2.105768998,1.006048234e-05,1.28214719,0.8236218079,0.002380829826,0.0003945958327
1933,0,0.002733639858,2.104995254,9.93364759e-06,1.281350522,0.8236447325,0.002338383274,0.0003952565835
1934,0,0.002687631775,2.104147668,9.725708748e-06,1.280479747,0.8236679215,0.002292317621,0.0003953141542
1935,0,0.002638094513,2.103223544,9.486677512e-06,1.279535468,0.8236880761,0.002242720112,0.000395374401
1936,0,0.002585084304,2.102223864,9.216170851e-06,1.278518956,0.8237049071,0.002189687559,0.0003953967453
1937,0,0.002528653991,2.101149749,8.913545863e-06,1.277431646,0.8237181029,0.002133309982,0.0003953440087
1938,0,0.00246884633,2.100002489,8.577903775e-06,1.276275158,0.8237273314,0.002073665881,0.0003951804489
1939,0,0.002405689233,2.098783563,8.208094667e-06,1.27505132,0.8237322431,0.002010819012,0.0003948702211
1940,0,0.002339192493,2.097494666,7.802739812e-06,1.273762192,0.8237324744,0.001944816151,0.0003943763415
1941,0,0.002269347246,2.096137733,7.360281451e-06,1.272410082,0.8237276511,0.001875687032,0.0003936602136
1942,0,0.002196128742,2.094714959,6.879058208e-06,1.270997566,0.8237173927,0.001803446998,0.0003926817434
1943,0,0.002119502253,2.093228814,6.357415521e-06,1.269527498,0.8237013159,0.001728102244,0.0003914000084
1944,0,0.002039432376,2.091682067,5.793835481e-06,1.268003028,0.8236790392,0.001649657974,0.0003897744025
1945,0,0.001956324591,2.090085735,5.195189862e-06,1.266435143,0.8236505917,0.001568531311,0.0003877932809
1946,0,0.001870295977,2.088444891,4.562315331e-06,1.264828957,0.8236159335,0.001484844537,0.0003854514399
1947,0,0.001781481205,2.086764482,3.896666461e-06,1.263189453,0.8235750294,0.001398733076,0.0003827481288
1948,0,0.001690044349,2.085049488,3.20032356e-06,1.261521631,0.8235278574,0.001310357001,0.0003796873478
1949,0,0.00159618327,2.083304965,2.475969062e-06,1.259830552,0.8234744134,0.001219905577,0.0003762776931
1950,0,0.001500128419,2.081536062,1.726819598e-06,1.258121348,0.8234147141,0.001127596596,0.0003725318229
1951,0,0.001402138979,2.07974801,9.56526401e-07,1.256399213,0.8233487974,0.001033673347,0.0003684656321
1952,0,0.001302497299,2.077946117,1.690606922e-07,1.254669394,0.8232767228,0.0009384000497,0.0003640972497
1953,0,0.001201500551,2.076135738,-6.314291846e-07,1.252937169,0.8231985694,0.0008420545291,0.000359446022
1954,0,0.001099453268,2.074322259,-1.440764328e-06,1.251207825,0.8231144344,0.0007449216609,0.0003545316072
1955,0,0.0009966605291,2.072511058,-2.254887106e-06,1.249486627,0.8230244303,0.0006472872389,0.0003493732902
1956,0,0.0008934223582,2.070707473,-3.069951231e-06,1.247778791,0.8229286826,0.0005494327696,0.0003439895886
1957,0,0.0007900314172,2.068916773,-3.882373501e-06,1.246089446,0.8228273275,0.0004516332623,0.0003383981548
1958,0,0.0006867716237,2.067144118,-4.688873196e-06,1.244423608,0.82272051,0.0003541556357,0.000332615988
1959,0,0.0005839387584,2.06538931,-5.53209051e-06,1.242785599,0.8226037108,0.000257194,0.0003267447584
1960,0,0.0004817661066,2.063661118,-6.356137739e-06,1.241180223,0.8224808953,0.0001610205309,0.0003207455757
1961,0,0.0003805323539,2.061964776,-7.159049017e-06,1.239612398,0.8223523783,6.590271232e-05,0.0003146296415
1962,0,0.0002805151676,2.060305191,-7.938527431e-06,1.238086745,0.8222184454,-2.789539599e-05,0.0003084105636
1963,0,0.0001821146585,2.058683714,-8.708238597e-06,1.236607616,0.8220760976,-0.0001201248143,0.0003022394727
1964,0,8.550194495e-05,2.057107517,-9.44442824e-06,1.235179127,0.8219283898,-0.0002105089802,0.0002960109251
1965,0,-9.02644574e-06,2.055581012,-1.014472799e-05,1.233805322,0.8217756892,-0.0002987687842,0.0002897423384
1966,0,-0.0001011756038,2.054108311,-1.080667716e-05,1.232489965,0.8216183456,-0.0003846270905,0.0002834514867
1967,0,-0.0001906565782,2.052693255,-1.142803028e-05,1.231236551,0.8214567036,-0.0004678124768,0.0002771558986
1968,0,-0.0002771916387,2.051339423,-1.20068843e-05,1.230048314,0.8212911093,-0.0005480638696,0.0002708722309
1969,0,-0.0003605194038,2.050050141,-1.254157429e-05,1.228928227,0.8211219145,-0.000625134853,0.0002646154492
1970,0,-0.0004403989964,2.048828481,-1.303086919e-05,1.227879002,0.8209494784,-0.0006987978819,0.0002583988855
1971,0,-0.0005166127937,2.047677264,-1.347383653e-05,1.226903096,0.8207741681,-0.0007688468029,0.0002522340092
1972,0,-0.0005889677641,2.046599058,-1.386984555e-05,1.2260027,0.8205963576,-0.0008350984102,0.0002461306461
1973,0,-0.0006574679792,2.045599775,-1.422375843e-05,1.225179352,0.8204204221,-0.0008974036003,0.0002399356211
1974,0,-0.0007217896086,2.044677836,-1.453496186e-05,1.22443475,0.8202430869,-0.0009556255875,0.0002338359789
1975,0,-0.000781815132,2.043834732,-1.480294465e-05,1.223770111,0.8200646213,-0.001009649967,0.0002278348348
1976,0,-0.0008374423499,2.043071733,-1.502734799e-05,1.223186409,0.8198853232,-0.001059378063,0.0002219357132
1977,0,-0.0008885844699,2.042389855,-1.520790663e-05,1.222684351,0.819705504,-0.00110472691,0.0002161424403
1978,0,-0.0009261064298,2.041940248,-1.527145455e-05,1.222320159,0.8196200886,-0.001139476886,0.000213370456
1979,0,-0.0009610447738,2.041536686,-1.532990031e-05,1.222005444,0.8195312422,-0.001171582829,0.0002105380552
1980,0,-0.0009934838943,2.041177767,-1.538033586e-05,1.221738274,0.819439493,-0.001201139444,0.0002076555498
1981,0,-0.001023437197,2.040863154,-1.542059934e-05,1.221517935,0.8193452184,-0.001228167009,0.0002047298124
1982,0,-0.00105088981,2.040592908,-1.544903137e-05,1.221344212,0.8192486964,-0.001252655396,0.0002017655861
1983,0,-0.001075815366,2.040367243,-1.546430754e-05,1.221217104,0.8191501393,-0.001274581699,0.0001987663332
1984,0,-0.001098182611,2.040186413,-1.546532487e-05,1.221136696,0.8190497164,-0.001293917412,0.000195734801
1985,0,-0.001117958963,2.040050659,-1.54511208e-05,1.22110309,0.818947569,-0.00131063237,0.0001926734068
1986,0,-0.001135112024,2.039960187,-1.542081876e-05,1.221116366,0.8188438206,-0.00132469654,0.0001895845162
1987,0,-0.001149610427,2.039915143,-1.537358945e-05,1.221176559,0.8187385841,-0.001336081076,0.0001864706484
1988,0,-0.001161424168,2.039915603,-1.530862751e-05,1.221283637,0.8186319662,-0.001344758808,0.00018333464
1989,0,-0.001170524605,2.039961557,-1.522513743e-05,1.221437486,0.8185240707,-0.001350704383,0.0001801797778
1990,0,-0.001176884464,2.040052904,-1.512232909e-05,1.221637904,0.8184150004,-0.001353894378,0.0001770099134
1991,0,-0.001180477598,2.04018944,-1.499941705e-05,1.221884581,0.818304859,-0.001354307156,0.0001738295578
1992,0,-0.001181278475,2.040370855,-1.485562342e-05,1.222177103,0.8181937517,-0.001351922442,0.0001706439674
1993,0,-0.001179261985,2.040596724,-1.469018314e-05,1.222514937,0.8180817865,-0.001346721205,0.0001674592197
1994,0,-0.001174403109,2.040866509,-1.450234935e-05,1.222897434,0.8179690744,-0.001338685393,0.0001642822831
1995,0,-0.001166676797,2.041179556,-1.4291398e-05,1.223323826,0.8178557304,-0.001327797874,0.000161121077
1996,0,-0.001156057905,2.041535096,-1.405663076e-05,1.223793222,0.8177418738,-0.001314042426,0.0001579845219
1997,0,-0.001142521373,2.041932247,-1.379737587e-05,1.224304618,0.8176276292,-0.001297403946,0.0001548825732
1998,0,-0.001125787702,2.042365237,-1.347490756e-05,1.224858081,0.817507156,-0.001277791361,0.0001520036583
1999,0,-0.001106069529,2.042838339,-1.312095228e-05,1.225452351,0.8173859886,-0.001255174699,0.0001491051704
2000,0,-0.001083313169,2.043350595,-1.273491423e-05,1.22608618,0.8172644143,-0.001229533359,0.0001462201904
2001,0,-0.001057476105,2.04390089,-1.231608688e-05,1.226758202,0.8171426878,-0.001200853575,0.0001433774702
2002,0,-0.001028527989,2.044487976,-1.186372761e-05,1.22746693,0.8170210458,-0.001169130417,0.0001406024281
2003,0,-0.000996453291,2.045110475,-1.13771313e-05,1.228210759,0.8168997168,-0.001134371054,0.0001379177634
2004,0,-0.0009612539072,2.045766881,-1.085570659e-05,1.228987955,0.8167789255,-0.001096597703,0.0001353437955
2005,0,-0.0009229521463,2.046455549,-1.029905213e-05,1.229796653,0.8166588964,-0.001055850775,0.0001328986291
2006,0,-0.000881593046,2.047174692,-9.707026651e-06,1.230634838,0.8165398542,-0.001012191295,0.0001305982491
2007,0,-0.0008372455475,2.047922365,-9.079802063e-06,1.231500341,0.8164220239,-0.0009657021883,0.0001284566409
2008,0,-0.0007900019591,2.048696453,-8.417888314e-06,1.232390824,0.8163056289,-0.0009164879888,0.0001264860297
2009,0,-0.0007399752502,2.04949466,-7.72212512e-06,1.233303771,0.8161908889,-0.0008646725604,0.0001246973101
2010,0,-0.0006872941235,2.050314489,-6.993627089e-06,1.234236471,0.8160780173,-0.0008103947927,0.0001231006692
2011,0,-0.0006320961444,2.051153237,-6.233700985e-06,1.235186018,0.8159672182,-0.0007538025145,0.0001217063701
2012,0,-0.0005745198714,2.052007984,-5.443732819e-06,1.2361493,0.8158586842,-0.0006950454176,0.0001205255462
2013,0,-0.0005146973079,2.052875594,-4.625079023e-06,1.237123,0.8157525944,-0.0006342681449,0.000119570837
2014,0,-0.0004530196062,2.053750435,-3.792755066e-06,1.238099512,0.8156509233,-0.0005718868585,0.0001188672523
2015,0,-0.0003896609649,2.054628579,-2.948220975e-06,1.239075022,0.8155535575,-0.0005080708032,0.0001184098383
2016,0,-0.0003247702975,2.055506216,-2.092826286e-06,1.240045817,0.8154603991,-0.0004429657586,0.0001181954611
2017,0,-0.0002584830632,2.056379613,-1.227914478e-06,1.241008252,0.815371361,-0.0003767046833,0.0001182216201
2018,0,-0.0001909309678,2.057245112,-3.549425305e-07,1.241958751,0.8152863614,-0.0003094162163,0.0001184852485
2019,0,-0.0001222452856,2.058096642,5.700310421e-07,1.242894104,0.8152025372,-0.0002411437273,0.0001188984417
2020,0,-5.254483264e-05,2.058933246,1.497996159e-06,1.243810556,0.8151226898,-0.0001720426715,0.0001194978389
2021,0,1.800367915e-05,2.059751428,2.426309196e-06,1.244704623,0.8150468049,-0.0001022820766,0.0001202857557
2022,0,8.920822478e-05,2.060547825,3.351902319e-06,1.245572992,0.8149748335,-3.204958101e-05,0.0001212578058
2023,0,0.0001608506237,2.061319215,4.271334906e-06,1.246412512,0.8149067034,3.844644576e-05,0.0001224041779
2024,0,0.0002326897085,2.062062532,5.180956055e-06,1.247220205,0.814842327,0.0001089786551,0.0001237110534
2025,0,0.0003043657746,2.062773931,6.094352911e-06,1.247993099,0.8147808323,0.000179331041,0.0001250347336
2026,0,0.0003757132899,2.063451364,6.989009087e-06,1.248728437,0.8147229265,0.0002492434473,0.0001264698426
2027,0,0.0004464541629,2.064092213,7.861540476e-06,1.249423692,0.8146685209,0.0003184527883,0.0001280013746
2028,0,0.000516209397,2.064693673,8.714501704e-06,1.250076379,0.8146172945,0.0003867016414,0.0001295077555
2029,0,0.0005847912198,2.065253674,9.538069724e-06,1.250684334,0.8145693403,0.0004537227313,0.0001310684885
2030,0,0.0006519157113,2.065770112,1.032912836e-05,1.251245594,0.8145245175,0.000519248701,0.0001326670104
2031,0,0.0007172978428,2.066241061,1.108501056e-05,1.2517584,0.8144826609,0.00058301236,0.0001342854829
2032,0,0.0007806539162,2.066664761,1.18028352e-05,1.252221178,0.8144435833,0.0006447477428,0.0001359061734
2033,0,0.0008417040252,2.067039613,1.248033841e-05,1.252632535,0.8144070773,0.0007041928916,0.0001375111337
2034,0,0.0009001775059,2.067364163,1.311557162e-05,1.252991245,0.8143729177,0.000761094045,0.0001390834609
2035,0,0.0009558197917,2.0676371,1.370693757e-05,1.253296237,0.8143408636,0.000815211624,0.0001406081677
2036,0,0.00100852119,2.067857533,1.425805579e-05,1.253546893,0.8143106405,0.0008663368584,0.0001421843314
2037,0,0.001057967582,2.068024541,1.47651393e-05,1.253742495,0.8142820463,0.0009142769052,0.0001436906765
2038,0,0.001103995968,2.068137295,1.522771721e-05,1.253882484,0.8142548107,0.0009588741693,0.0001451217988
2039,0,0.001146484184,2.068195122,1.564577927e-05,1.253966456,0.8142286661,0.001000007737,0.0001464764472
2040,0,0.001185353685,2.06819752,1.601974946e-05,1.253994171,0.8142033495,0.001037596472,0.0001477572136
2041,0,0.001215425433,2.068175424,1.618915245e-05,1.253985709,0.8141897142,0.001066992566,0.0001484328667
2042,0,0.001243319026,2.068125622,1.635566733e-05,1.253949321,0.8141763006,0.001094213109,0.0001491059172
2043,0,0.001269112011,2.068046613,1.651669866e-05,1.253883626,0.8141629871,0.001119337104,0.000149774907
2044,0,0.001292826888,2.067937582,1.667039294e-05,1.253787906,0.8141496755,0.001142386709,0.0001504401788
2045,0,0.001314467479,2.067798031,1.68153938e-05,1.253661749,0.8141362823,0.001163364312,0.0001511031669
2046,0,0.001334032892,2.067627646,1.695067537e-05,1.253504913,0.814122733,0.001182266941,0.0001517659505
2047,0,0.001351523262,2.067426231,1.707543266e-05,1.253317272,0.8141089592,0.0011990923,0.0001524309623
2048,0,0.001366942314,2.067193683,1.718900907e-05,1.253098787,0.8140948961,0.001213841525,0.0001531007884
2049,0,0.00138029852,2.066929988,1.729084839e-05,1.252849506,0.8140804819,0.0012265205,0.0001537780202
2050,0,0.001391605442,2.066635213,1.738046348e-05,1.252569557,0.814065656,0.001237140311,0.0001544651314
2051,0,0.001400881688,2.06630951,1.745741482e-05,1.25225915,0.8140503592,0.001245717323,0.000155164365
2052,0,0.001408150501,2.065953115,1.75212944e-05,1.251918582,0.8140345331,0.001252272882,0.0001558776189
2053,0,0.001413269642,2.065565534,1.755501026e-05,1.251547413,0.8140181208,0.00125681493,0.0001564547124
2054,0,0.00141644569,2.065146685,1.757461205e-05,1.251145846,0.8140008392,0.001259368187,0.0001570775023
2055,0,0.00141769818,2.064697112,1.757941201e-05,1.250714455,0.8139826576,0.001259958459,0.0001577397214
2056,0,0.001417049962,2.064217425,1.75687058e-05,1.250253891,0.8139635338,0.001258614154,0.0001584358085
2057,0,0.00141452426,2.06370831,1.75417601e-05,1.249764894,0.8139434161,0.001255363918,0.0001591603421
2058,0,0.00141014213,2.063170543,1.749779569e-05,1.249248298,0.8139222458,0.0012502346,0.0001599075305
2059,0,0.001403920394,2.062604991,1.743597219e-05,1.248705034,0.8138999575,0.001243249608,0.0001606707864
2060,0,0.001395870011,2.062012616,1.735537853e-05,1.248136135,0.8138764811,0.001234427598,0.0001614424126
2061,0,0.001385995093,2.061394476,1.725503041e-05,1.247542735,0.8138517412,0.001223781681,0.0001622134124
2062,0,0.001374292623,2.060751729,1.713387417e-05,1.24692607,0.8138256587,0.001211319193,0.0001629734296
2063,0,0.001360752871,2.060085631,1.699079618e-05,1.24628748,0.8137981507,0.001197042062,0.0001637108085
2064,0,0.001345360467,2.059397541,1.682463861e-05,1.24562841,0.813769131,0.001180947706,0.000164412761
2065,0,0.001328096062,2.058688922,1.663422341e-05,1.244950411,0.8137385108,0.001163030441,0.000165065621
2066,0,0.001308938551,2.057961343,1.641838761e-05,1.244255143,0.8137061996,0.001143283376,0.000165655175
2067,0,0.001287867833,2.057216479,1.617603505e-05,1.243544373,0.8136721058,0.001121700782,0.0001661670511
2068,0,0.001264868107,2.056456114,1.590620183e-05,1.242819976,0.8136361375,0.001098280955,0.0001665871519
2069,0,0.001239931562,2.055682135,1.560813324e-05,1.242083932,0.8135982036,0.001073029456,0.0001669021063
2070,0,0.001213062213,2.054896529,1.528136316e-05,1.241338316,0.8135582139,0.001045962509,0.0001670997034
2071,0,0.001184279483,2.054101374,1.492578066e-05,1.240585295,0.8135160794,0.001017110218,0.0001671692655
2072,0,0.00115362102,2.053298827,1.45416719e-05,1.239827115,0.8134717126,0.0009865191102,0.0001671019095
2073,0,0.001121144273,2.052491114,1.412972813e-05,1.239066086,0.8134250273,0.0009542536091,0.0001668906639
2074,0,0.001086926592,2.051680514,1.369101157e-05,1.238304576,0.8133759388,0.0009203961579,0.0001665304344
2075,0,0.001050947651,2.050866662,1.319268293e-05,1.237544411,0.8133222512,0.0008849821591,0.0001659654922
2076,0,0.001013412758,2.050053347,1.267055632e-05,1.236787987,0.81326536,0.0008481303251,0.0001652824328
2077,0,0.0009746188393,2.049247168,1.213584271e-05,1.236040915,0.8132062532,0.0008101309176,0.0001644879217
2078,0,0.0009347303512,2.048450897,1.159065257e-05,1.235305915,0.813144982,0.0007711454669,0.0001635848842
2079,0,0.0008939060607,2.047667011,1.103711232e-05,1.234585425,0.8130815859,0.0007313284836,0.0001625775771
2080,0,0.0008523021205,2.046897802,1.047735774e-05,1.233881701,0.8130161011,0.0006908309464,0.0001614711741
2081,0,0.0008100734188,2.046145414,9.913522429e-06,1.23319685,0.8129485639,0.0006498019396,0.0001602714792
2082,0,0.0007673742218,2.045411859,9.347698245e-06,1.232532845,0.8128790136,0.0006083895201,0.0001589847017
2083,0,0.0007243581312,2.04469902,8.7818675e-06,1.231891526,0.812807494,0.0005667408918,0.0001576172393
2084,0,0.0006811770294,2.044008662,8.217839813e-06,1.231274607,0.8127340551,0.0005250015595,0.0001561754699
2085,0,0.0006380089716,2.04334019,7.641397172e-06,1.230683719,0.812656471,0.0004832944595,0.0001547145121
2086,0,0.0005949612016,2.042697061,7.070935798e-06,1.230120294,0.8125767669,0.0004417602487,0.0001532009529
2087,0,0.0005521690583,2.042080933,6.507882406e-06,1.229585845,0.8124950874,0.0004005315605,0.0001516374977
2088,0,0.0005097594943,2.041493313,5.953553804e-06,1.229081746,0.8124115666,0.0003597326189,0.0001500268754
2089,0,0.0004678981618,2.040934077,5.402515266e-06,1.228609347,0.8123247299,0.0003194735135,0.0001484246483
2090,0,0.0004266541612,2.040405837,4.863706291e-06,1.228169727,0.8122361099,0.0002798682579,0.0001467859033
2091,0,0.0003861833508,2.039908847,4.336076859e-06,1.227764021,0.8121448265,0.0002410265787,0.0001451567721
2092,0,0.0003465652934,2.039445062,3.824504102e-06,1.227393097,0.8120519654,0.0002030625486,0.0001435027448
2093,0,0.0003079249266,2.039015433,3.330729462e-06,1.227057725,0.811957708,0.0001660949386,0.000141829988
2094,0,0.000270395765,2.03862073,2.856509409e-06,1.226758506,0.8118622244,0.0001302491312,0.0001401466338
2095,0,0.0002341537305,2.038260924,2.403732744e-06,1.226495943,0.8117649809,9.565890343e-05,0.0001384948271
2096,0,0.0001993192041,2.03793707,1.974384459e-06,1.226270305,0.8116667649,6.246356284e-05,0.0001368556412
2097,0,0.0001660127781,2.037650154,1.568874884e-06,1.226081688,0.8115684658,3.08038352e-05,0.0001352089429
2098,0,0.0001344176102,2.037399772,1.188818122e-06,1.225930145,0.8114696266,8.21396391e-07,0.0001335962138
2099,0,0.0001046793558,2.037185977,8.351711568e-07,1.225815571,0.8113704057,-2.734882477e-05,0.0001320281806
2100,0,7.688388501e-05,2.037009722,5.063481619e-07,1.225737627,0.8112720951,-5.358869221e-05,0.0001304725772
2101,0,5.118927145e-05,2.036869852,2.040338793e-07,1.225696029,0.8111738232,-7.778915548e-05,0.0001289784269
2102,0,2.769073349e-05,2.036766041,-7.161873344e-08,1.225690321,0.81107572,-9.986044396e-05,0.0001275511775
2103,0,6.462779515e-06,2.036697853,-3.206280754e-07,1.225719934,0.810977919,-0.0001197318631,0.0001261946426
2104,0,-9.69455701e-06,2.036699183,-4.313874279e-07,1.225767332,0.8109318509,-0.0001352437758,0.0001255492188
2105,0,-2.447981228e-05,2.036720766,-5.401095299e-07,1.225836618,0.8108841482,-0.0001493798992,0.0001249000869
2106,0,-3.79258726e-05,2.036761666,-6.452233772e-07,1.225926593,0.8108350732,-0.0001621769915,0.0001242511189
2107,0,-5.003399672e-05,2.036821315,-7.455886772e-07,1.226036506,0.8107848088,-0.0001736388068,0.0001236048101
2108,0,-6.079487447e-05,2.036899271,-8.403482843e-07,1.226165785,0.8107334861,-0.0001837576936,0.0001229628191
2109,0,-7.019617997e-05,2.036995126,-9.288230264e-07,1.226313923,0.8106812032,-0.000192522496,0.000122326316
2110,0,-7.822546184e-05,2.037108471,-1.010443917e-06,1.226480435,0.8106280368,-0.0001999216993,0.0001216962374
2111,0,-8.487119142e-05,2.037238877,-1.084703407e-06,1.226664828,0.8105740498,-0.0002059446658,0.0001210734744
2112,0,-9.012301034e-05,2.037385882,-1.151125034e-06,1.226866586,0.8105192959,-0.0002105820375,0.0001204590271
2113,0,-9.397157728e-05,2.037548981,-1.20924173e-06,1.227085158,0.8104638232,-0.0002138257059,0.0001198541287
2114,0,-9.640820739e-05,2.037727623,-1.258588224e-06,1.227319947,0.8104076758,-0.0002156685651,0.0001192603577
2115,0,-9.74244344e-05,2.037921201,-1.298692955e-06,1.227570306,0.8103508953,-0.0002161041589,0.0001186797245
2116,0,-9.701155956e-05,2.038129052,-1.329079254e-06,1.22783553,0.810293522,-0.0002151263091,0.0001181147495
2117,0,-9.516026193e-05,2.038350451,-1.349266578e-06,1.228114856,0.8102355953,-0.0002127287852,0.0001175685232
2118,0,-9.186032486e-05,2.038584618,-1.358772455e-06,1.228407463,0.8101771546,-0.0002089050713,0.0001170447465
2119,0,-8.710052484e-05,2.03883071,-1.357115519e-06,1.228712471,0.8101182399,-0.0002036482761,0.0001165477513
2120,0,-8.086874739e-05,2.039087834,-1.343818367e-06,1.229028942,0.8100588924,-0.0001969512417,0.0001160824943
2121,0,-7.315236903e-05,2.039355045,-1.318410894e-06,1.229355889,0.8099991553,-0.000188806889,0.0001156545199
2122,0,-6.393895317e-05,2.039631351,-1.280435221e-06,1.229692277,0.8099390738,-0.0001792088426,0.0001152698894
2123,0,-5.321728376e-05,2.039915723,-1.229453578e-06,1.230037027,0.8098786958,-0.000168152358,0.0001149350743
2124,0,-4.097873514e-05,2.040207098,-1.165059033e-06,1.230389026,0.8098180725,-0.0001556355474,0.0001146568122
2125,0,-2.721892558e-05,2.040504384,-1.086889556e-06,1.230747126,0.8097572584,-0.000141660856,0.0001144419304
2126,0,-1.193953077e-05,2.040806466,-9.946439652e-07,1.231110155,0.8096963115,-0.0001262366746,0.0001142971439
2127,0,4.849955004e-06,2.041112208,-8.880977673e-07,1.231476915,0.8096352932,-0.0001093788948,0.0001142288498
2128,0,2.321398975e-05,2.04141834,-7.56977667e-07,1.231846401,0.8095719386,-9.107480329e-05,0.000114288793
2129,0,4.306386787e-05,2.041725599,-6.107529675e-07,1.232217188,0.8095084115,-7.135854393e-05,0.0001144224118
2130,0,6.436473757e-05,2.042032803,-4.493507323e-07,1.232587964,0.8094448391,-5.027311844e-05,0.000114637856
2131,0,8.707076729e-05,2.042338698,-2.728441024e-07,1.232957371,0.8093813276,-2.787089672e-05,0.000114941664
2132,0,0.0001111270974,2.042641961,-8.146502682e-08,1.233323995,0.8093179664,-4.212035206e-06,0.0001153391326
2133,0,0.0001364725987,2.042941192,1.243948464e-07,1.233686361,0.8092548311,2.063783645e-05,0.0001158347622
2134,0,0.0001630429761,2.043234921,3.441927121e-07,1.234042935,0.8091919864,4.661027662e-05,0.0001164326995
2135,0,0.0001907735139,2.04352162,5.772448597e-07,1.234392132,0.8091294874,7.363642545e-05,0.0001171370884
2136,0,0.0002196351491,2.043798015,8.299545033e-07,1.234732298,0.809065717,0.0001016759067,0.0001179592425
2137,0,0.0002495507965,2.044063871,1.094596795e-06,1.23506164,0.8090022313,0.0001306612322,0.0001188895643
2138,0,0.0002804611504,2.044317588,1.370235896e-06,1.235378476,0.8089391122,0.000160526043,0.0001199351074
2139,0,0.0003123012808,2.044557589,1.655685816e-06,1.235681162,0.8088764274,0.0001911996993,0.0001211015815
2140,0,0.0003448427443,2.044782626,1.94358648e-06,1.235967253,0.8088153734,0.0002224775292,0.0001223652151
2141,0,0.0003779766926,2.044990378,2.236013483e-06,1.236235485,0.8087548932,0.0002542656779,0.0001237110147
2142,0,0.00041158856,2.045180673,2.527523856e-06,1.236484764,0.8086959093,0.0002864474595,0.0001251411005
2143,0,0.0004455477548,2.045352586,2.816222055e-06,1.236714176,0.8086384104,0.0003188990954,0.0001266486594
2144,0,0.0004797139671,2.045505303,3.100168536e-06,1.236922926,0.808582377,0.0003514885411,0.000128225426
2145,0,0.0005139283389,2.045637481,3.378102921e-06,1.237110228,0.8085272538,0.0003840822243,0.0001298461147
2146,0,0.0005480540069,2.045748947,3.647426851e-06,1.237275446,0.808473501,0.0004165374569,0.0001315165501
2147,0,0.000581941229,2.045839132,3.906646349e-06,1.237418048,0.8084210846,0.0004487129491,0.00013322828
2148,0,0.0006154320663,2.04590715,4.153769058e-06,1.237537488,0.8083696628,0.0004804737336,0.0001349583328
2149,0,0.0006484049347,2.045952755,4.388206574e-06,1.237633321,0.8083194339,0.0005116901952,0.0001367147395
2150,0,0.0006807211526,2.045975248,4.607862731e-06,1.237705096,0.8082701522,0.0005422418367,0.0001384793158
2151,0,0.0007122746233,2.045974312,4.812789188e-06,1.237752436,0.8082218756,0.0005720156935,0.0001402589298
2152,0,0.0007429555005,2.045949508,5.002068661e-06,1.237775006,0.8081745027,0.0006009063963,0.0001420491041
2153,0,0.0007726613377,2.045900439,5.174795838e-06,1.237772516,0.808127923,0.0006288155705,0.0001438457672
2154,0,0.0008012965827,2.045826768,5.330241712e-06,1.237744746,0.808082022,0.0006556515997,0.0001456449831
2155,0,0.0008287859364,2.04572847,5.469983366e-06,1.237691624,0.8080368462,0.0006813303303,0.000147455606
2156,0,0.0008550385441,2.045605289,5.591489094e-06,1.237613135,0.8079921532,0.0007057760375,0.0001492625066
2157,0,0.0008800029564,2.045457591,5.697663713e-06,1.237509495,0.8079480958,0.0007289244056,0.0001510785508
2158,0,0.0009036092129,2.045285346,5.78509445e-06,1.237380977,0.8079043691,0.0007507222209,0.0001528869921
2159,0,0.0009258186858,2.045088892,5.853719607e-06,1.237228001,0.8078608911,0.000771130378,0.0001546883078
2160,0,0.0009432363003,2.044924037,5.880592193e-06,1.237084616,0.8078394211,0.0007876653067,0.0001555709937
2161,0,0.0009597177108,2.044749147,5.90528248e-06,1.236931672,0.8078174753,0.0008032370878,0.000156480623
2162,0,0.000975313457,2.044562637,5.926518787e-06,1.236767558,0.8077950791,0.0008178992803,0.0001574141767
2163,0,0.0009900373367,2.044363919,5.943357323e-06,1.236591674,0.8077722449,0.0008316671659,0.0001583701708
2164,0,0.001003890442,2.044152835,5.955071804e-06,1.236403858,0.8077489767,0.0008445423719,0.0001593480703
2165,0,0.001016869848,2.043929447,5.961080278e-06,1.236204174,0.8077252731,0.0008565219179,0.0001603479305
2166,0,0.001028972175,2.043693948,5.960905442e-06,1.235992819,0.8077011298,0.0008676020044,0.0001613701708
2167,0,0.001040195234,2.043446627,5.954145245e-06,1.235770087,0.8076765399,0.0008777798049,0.000162415429
2168,0,0.001050538827,2.043187845,5.940455245e-06,1.23553635,0.8076514956,0.0008870543671,0.0001634844596
2169,0,0.001060005101,2.042918027,5.919534377e-06,1.235292039,0.8076259882,0.0008954270464,0.0001645780542
2170,0,0.001068598638,2.042637653,5.891111905e-06,1.235037645,0.8076000078,0.0009029016628,0.0001656969748
2171,0,0.001076326378,2.042347254,5.854938619e-06,1.23477371,0.8075735441,0.0009094844841,0.0001668418942
2172,0,0.001083197442,2.042047406,5.810779222e-06,1.234500821,0.8075465857,0.0009151841029,0.000168013339
2173,0,0.001089222882,2.041738729,5.758406315e-06,1.234219609,0.8075191203,0.0009200112471,0.0001692116347
2174,0,0.001094415394,2.041421879,5.69759587e-06,1.233930744,0.8074911342,0.0009239785433,0.0001704368509
2175,0,0.001098783458,2.041096671,5.621624152e-06,1.2336347,0.8074619707,0.000927097359,0.0001716860991
2176,0,0.0011023555,2.040764192,5.536694523e-06,1.233332104,0.8074320881,0.0009293807011,0.0001729747988
2177,0,0.001105142281,2.040425259,5.44242101e-06,1.23302377,0.8074014888,0.0009308423419,0.0001742999386
2178,0,0.001107154272,2.040080688,5.338393737e-06,1.232710523,0.8073701651,0.0009314957835,0.0001756584887
2179,0,0.001108399923,2.039731303,5.224160599e-06,1.232393201,0.8073381014,0.0009313528136,0.0001770471091
2180,0,0.001108884241,2.039377943,5.099217323e-06,1.232072666,0.8073052776,0.0009304223016,0.0001784619396
2181,0,0.001108607878,2.039021465,4.96301123e-06,1.231749795,0.8072716703,0.0009287093979,0.0001798984803
2182,0,0.001107566887,2.038662746,4.814959841e-06,1.231425491,0.8072372549,0.0009262153158,0.0001813515714
2183,0,0.001105753319,2.038302683,4.654482527e-06,1.231100676,0.8072020069,0.000922937837,0.0001828154819
2184,0,0.001103156708,2.037942196,4.48104166e-06,1.230776294,0.8071659019,0.0009188725924,0.0001842841152
2185,0,0.001099766365,2.037582217,4.294188543e-06,1.230453301,0.8071289159,0.0009140150454,0.00018575132
2186,0,0.001095574215,2.037223687,4.093608155e-06,1.230132662,0.8070910252,0.0009083629493,0.0001872112652
2187,0,0.001090577706,2.036867547,3.879155932e-06,1.229815342,0.807052205,0.0009019188974,0.0001886588087
2188,0,0.001084782274,2.036514723,3.65087972e-06,1.229502293,0.8070124297,0.0008946925021,0.0001900897718
2189,0,0.001078224089,2.036164929,3.399576178e-06,1.229194368,0.8069705607,0.0008866889369,0.0001915351518
2190,0,0.001070905745,2.03581984,3.134452412e-06,1.228892384,0.8069274559,0.0008779335988,0.0001929721463
2191,0,0.001062855351,2.035480386,2.856136083e-06,1.228597276,0.8068831102,0.0008684587191,0.0001943966319
2192,0,0.00105410612,2.035147427,2.565249983e-06,1.22830992,0.8068375073,0.0008583010431,0.0001958050765
2193,0,0.001044694412,2.034821759,2.262374124e-06,1.228031134,0.806790625,0.0008475002384,0.0001971941739
2194,0,0.001034690188,2.03450305,1.940027562e-06,1.227761672,0.8067413781,0.0008360898464,0.0001986003412
2195,0,0.001024105962,2.034192794,1.60614579e-06,1.22750219,0.8066906046,0.000824114969,0.000199990993
2196,0,0.001013010624,2.033893459,1.267980593e-06,1.227254208,0.8066392517,0.0008116716436,0.0002013389803
2197,0,0.001001469843,2.033605727,9.264152697e-07,1.22701839,0.8065873366,0.0007988242288,0.0002026456139
2198,0,0.0009895521832,2.033330161,5.823889506e-07,1.226795277,0.8065348836,0.0007856391646,0.0002039130186
2199,0,0.000977362109,2.033066478,2.322677973e-07,1.226585376,0.806481102,0.0007721825532,0.0002051795558
2200,0,0.0009649435379,2.032815862,-1.179261452e-07,1.226389098,0.8064267639,0.0007585257011,0.0002064178368
2201,0,0.0009523693999,2.032578835,-4.670545623e-07,1.226206897,0.8063719384,0.0007447396218,0.0002076297781
2202,0,0.000939711496,2.03235588,-8.140870547e-07,1.226039189,0.8063166914,0.0007308940389,0.0002088174571
2203,0,0.000927068316,2.032146876,-1.160158357e-06,1.225886376,0.8062604996,0.0007170561094,0.0002100122066
2204,0,0.000914483657,2.031952684,-1.502069491e-06,1.225748741,0.8062039433,0.0007032924814,0.0002111911756
2205,0,0.0009020261617,2.031773628,-1.83890669e-06,1.225626537,0.8061470916,0.0006896694419,0.0002123567197
2206,0,0.0008897881046,2.031609555,-2.170689847e-06,1.225519956,0.8060895988,0.000676253826,0.0002135342786
2207,0,0.0008778207978,2.031460945,-2.495537198e-06,1.22542906,0.8060318852,0.0006631131479,0.00021470765
2208,0,0.0008662126382,2.031327599,-2.812969456e-06,1.225353864,0.8059737351,0.000650315835,0.0002158968033
2209,0,0.0008550195359,2.031209728,-3.12186658e-06,1.225294271,0.8059154572,0.0006379290546,0.0002170904813
2210,0,0.0008443212725,2.031107056,-3.421697338e-06,1.225250133,0.8058569237,0.0006260178135,0.000218303459
2211,0,0.0008341697585,2.031019571,-3.71192809e-06,1.225221207,0.8057983642,0.0006146423585,0.0002195274
2212,0,0.0008246212256,2.030947032,-3.992236077e-06,1.225207194,0.8057398389,0.0006038573211,0.0002207639045
2213,0,0.0008157136266,2.030889306,-4.262446202e-06,1.225207712,0.8056815934,0.0005937107343,0.0002220028923
2214,0,0.0008075008672,2.030845839,-4.522486432e-06,1.225222333,0.805623506,0.0005842450211,0.0002232558462
2215,0,0.0008000205746,2.030816159,-4.772285328e-06,1.225250543,0.8055656166,0.0005754966631,0.0002245239116
2216,0,0.0007932897058,2.030799978,-5.011614434e-06,1.22529174,0.8055082381,0.0005674961926,0.0002257935132
2217,0,0.0007873507361,2.03079642,-5.240605463e-06,1.225345273,0.8054511462,0.0005602712761,0.00022707946
2218,0,0.0007822081003,2.030805148,-5.458743316e-06,1.225410382,0.8053947659,0.0005538440564,0.0002283640439
2219,0,0.0007779033171,2.030825009,-5.666482259e-06,1.225486273,0.8053387356,0.0005482361826,0.0002296671346
2220,0,0.0007741511151,2.030871496,-5.764275529e-06,1.225559145,0.8053123504,0.000543858518,0.0002302925971
2221,0,0.0007709521756,2.030925143,-5.862361469e-06,1.225640057,0.8052850856,0.0005400094964,0.0002309426792
2222,0,0.0007682940726,2.030984794,-5.960140257e-06,1.225727721,0.805257073,0.0005366784375,0.000231615635
2223,0,0.000766174622,2.031049693,-6.057202852e-06,1.225821295,0.8052283984,0.0005338642145,0.0002323104075
2224,0,0.0007645951977,2.03111923,-6.153257868e-06,1.225920111,0.8051991194,0.0005315687801,0.0002330264176
2225,0,0.0007635582878,2.031192857,-6.248084763e-06,1.226023581,0.8051692758,0.0005297948675,0.0002337634203
2226,0,0.0007630664466,2.031270054,-6.34150502e-06,1.226131157,0.8051388965,0.0005285450378,0.0002345214088
2227,0,0.0007631217756,2.031350315,-6.43336582e-06,1.226242311,0.8051080037,0.0005278212253,0.0002353005503
2228,0,0.0007637256431,2.031433141,-6.52353244e-06,1.226356525,0.8050766159,0.0005276244989,0.0002361011441
2229,0,0.0007648785287,2.031518038,-6.611885191e-06,1.226473288,0.8050447498,0.0005279549356,0.0002369235931
2230,0,0.0007665799473,2.031604512,-6.698320653e-06,1.226592091,0.8050124213,0.0005288115592,0.0002377683881
2231,0,0.0007688284231,2.031692075,-6.782752765e-06,1.226712429,0.8049796463,0.0005301923245,0.0002386360987
2232,0,0.0007716215011,2.031780242,-6.865113687e-06,1.2268338,0.8049464416,0.0005320941303,0.0002395273709
2233,0,0.0007749810284,2.031867964,-6.946553543e-06,1.226955718,0.8049122458,0.0005345167937,0.0002404642347
2234,0,0.0007788834575,2.031955201,-7.025939292e-06,1.227077642,0.8048775593,0.0005374553892,0.0002414280683
2235,0,0.0007833238253,2.032041512,-7.103160922e-06,1.227199095,0.8048424162,0.0005409040857,0.0002424197395
2236,0,0.0007882954449,2.032126458,-7.178147617e-06,1.227319611,0.8048068477,0.0005448552655,0.0002434401795
2237,0,0.0007937893919,2.032209617,-7.250867223e-06,1.227438733,0.8047708839,0.0005492991031,0.0002444902888
2238,0,0.0007997940066,2.032290578,-7.321324291e-06,1.227556022,0.8047345558,0.0005542231396,0.000245570867
2239,0,0.0008062945259,2.032368952,-7.389555399e-06,1.227671056,0.8046978959,0.0005596119616,0.0002466825643
2240,0,0.0008132729806,2.032444369,-7.455621115e-06,1.22778343,0.8046609384,0.0005654471129,0.0002478258677
2241,0,0.0008207293746,2.032515943,-7.520482818e-06,1.227892753,0.8046231899,0.00057171053,0.0002490188446
2242,0,0.0008286238416,2.032583739,-7.583414331e-06,1.227998603,0.8045851362,0.0005783783739,0.0002502454677
2243,0,0.0008369308042,2.032647432,-7.644451804e-06,1.228100608,0.8045468238,0.0005854250772,0.000251505727
2244,0,0.0008456234173,2.032706681,-7.703648335e-06,1.228198389,0.8045082921,0.0005928236884,0.0002527997289
2245,0,0.0008546742146,2.03276113,-7.761070995e-06,1.228291557,0.8044695726,0.0006005464871,0.0002541277275
2246,0,0.0008640700445,2.032809946,-7.817886906e-06,1.228379682,0.8044302641,0.0006085676897,0.0002555023548
2247,0,0.0008737714563,2.032853035,-7.873366148e-06,1.22846229,0.8043907447,0.0006168585325,0.0002569129238
2248,0,0.0008837485808,2.032889945,-7.927708101e-06,1.228538913,0.8043510319,0.0006253890605,0.0002583595203
2249,0,0.0008939692647,2.032920194,-7.981215362e-06,1.22860906,0.8043111339,0.0006341272449,0.0002598420198
2250,0,0.0009044078142,2.032942898,-8.03574853e-06,1.228672187,0.8042707112,0.0006430399504,0.0002613678638
2251,0,0.00091501846,2.032957784,-8.090577751e-06,1.228727735,0.8042300492,0.0006520894168,0.0002629290432
2252,0,0.0009257638872,2.032964031,-8.147598789e-06,1.228775135,0.8041888964,0.0006612355434,0.0002645283439
2253,0,0.0009365928178,2.032961287,-8.206247296e-06,1.228813826,0.8041474609,0.0006704334897,0.0002661593281
2254,0,0.0009474556508,2.032948806,-8.268401574e-06,1.228843255,0.8041055516,0.0006796349006,0.0002678207502
2255,0,0.0009582927404,2.032926228,-8.33370535e-06,1.228862903,0.8040633252,0.0006887863912,0.0002695063492
2256,0,0.0009689803147,2.032893864,-8.402775102e-06,1.228872383,0.8040214807,0.0006978031657,0.000271177149
2257,0,0.0009794533572,2.03285166,-8.475256887e-06,1.228871555,0.8039801052,0.0007066256827,0.0002728276745
2258,0,0.0009896469888,2.032799361,-8.552525256e-06,1.228860286,0.8039390755,0.0007151946894,0.0002744522994
2259,0,0.0009994977028,2.032736933,-8.634372504e-06,1.228838491,0.8038984423,0.0007234514961,0.0002760462068
2260,0,0.001008943782,2.032664307,-8.721224384e-06,1.228806131,0.8038581769,0.000731339189,0.0002776045928
2261,0,0.001017925846,2.03258139,-8.814098104e-06,1.228763201,0.8038181883,0.0007388035873,0.000279122259
2262,0,0.001026392613,2.032488333,-8.911995035e-06,1.228709769,0.8037785648,0.0007457953388,0.0002805972738
2263,0,0.001034296796,2.032385179,-9.015639385e-06,1.228645951,0.803739228,0.000752270604,0.0002820261924
2264,0,0.001041599357,2.032272086,-9.125053987e-06,1.22857193,0.8037001561,0.0007581921323,0.0002834072248
2265,0,0.001048270362,2.032149396,-9.239312381e-06,1.228487974,0.8036614225,0.0007635300964,0.0002847402659
2266,0,0.00105428598,2.032017358,-9.359070322e-06,1.22839442,0.8036229378,0.0007682616209,0.0002860243589
2267,0,0.001059631773,2.031876524,-9.482987383e-06,1.228291699,0.8035848253,0.0007723712576,0.0002872605154
2268,0,0.001064298407,2.031727273,-9.611911885e-06,1.228180304,0.8035469682,0.0007758494213,0.0002884489854
2269,0,0.001067546259,2.031608013,-9.674323706e-06,1.228079461,0.8035285521,0.000778538536,0.0002890077229
2270,0,0.00107040448,2.031486985,-9.740329443e-06,1.227977365,0.8035096194,0.0007808296605,0.0002895748197
2271,0,0.001072873902,2.031362834,-9.809902331e-06,1.227872598,0.8034902359,0.000782726904,0.0002901469978
2272,0,0.00107495245,2.031235094,-9.883046762e-06,1.22776465,0.8034704439,0.0007842303802,0.00029072207
2273,0,0.00107663773,2.031103659,-9.959782744e-06,1.227653388,0.8034502709,0.000785339225,0.0002912985052
2274,0,0.001077927735,2.030968592,-1.004013645e-05,1.227538857,0.8034297348,0.0007860525786,0.0002918751562
2275,0,0.001078821027,2.030830048,-1.012413452e-05,1.227421201,0.8034088473,0.0007863699432,0.0002924510834
2276,0,0.001079316751,2.030688243,-1.021180153e-05,1.227300627,0.803387616,0.0007862913131,0.000293025438
2277,0,0.001079414583,2.030543429,-1.030316009e-05,1.227177384,0.8033660451,0.000785817204,0.0002935973786
2278,0,0.001079114632,2.030395883,-1.039823373e-05,1.227051747,0.8033441361,0.0007849486229,0.000294166009
2279,0,0.001078417338,2.030245901,-1.049704842e-05,1.226924012,0.8033218886,0.0007836870091,0.0002947303292
2280,0,0.001077323373,2.030093788,-1.059963522e-05,1.226794488,0.8032992996,0.0007820341698,0.0002952892034
2281,0,0.001075833588,2.029939854,-1.0706031e-05,1.22666349,0.8032763642,0.0007799922421,0.0002958413462
2282,0,0.001073949041,2.029784413,-1.081627737e-05,1.226531338,0.8032530755,0.0007775637073,0.0002963853332
2283,0,0.001071671099,2.029627778,-1.093041655e-05,1.226398353,0.8032294249,0.0007747514671,0.0002969196318
2284,0,0.001069001604,2.02947026,-1.104848521e-05,1.226264857,0.8032054026,0.0007715589635,0.0002974426403
2285,0,0.001065943012,2.029312173,-1.117050565e-05,1.226131174,0.8031809985,0.0007679902961,0.0002979527159
2286,0,0.001062498458,2.029153832,-1.129647749e-05,1.225997629,0.8031562027,0.0007640502826,0.0002984481757
2287,0,0.00105867068,2.028995191,-1.142909596e-05,1.225864523,0.8031306675,0.0007597411559,0.0002989295236
2288,0,0.001054461765,2.028836802,-1.156568868e-05,1.225732143,0.8031046595,0.0007550682947,0.0002993934699
2289,0,0.001049873512,2.028679011,-1.170613534e-05,1.225600831,0.8030781795,0.0007500363497,0.0002998371619
2290,0,0.001044906284,2.028522152,-1.185032888e-05,1.225470925,0.8030512267,0.000744648967,0.0003002573168
2291,0,0.001039558745,2.028366551,-1.199817172e-05,1.225342753,0.8030237978,0.0007389085397,0.0003006502053
2292,0,0.001033828091,2.028212523,-1.214956792e-05,1.225216634,0.8029958884,0.0007328163529,0.0003010117379
2293,0,0.001027710727,2.028060366,-1.23044112e-05,1.225092874,0.8029674923,0.0007263731029,0.0003013376244
2294,0,0.001021199705,2.02791,-1.246512608e-05,1.224971753,0.8029382475,0.0007195757342,0.0003016239712
2295,0,0.00101429134,2.027761946,-1.262908566e-05,1.224853511,0.8029084351,0.0007124251888,0.0003018661507
2296,0,0.001006982173,2.027616479,-1.279604422e-05,1.224738426,0.802878053,0.0007049226687,0.000302059504
2297,0,0.0009992697413,2.027473854,-1.296574794e-05,1.224626756,0.8028470974,0.0006970703249,0.0003021994164
2298,0,0.0009911531868,2.027334319,-1.313791923e-05,1.224518754,0.8028155651,0.0006888717824,0.0003022814044
2299,0,0.0009826298231,2.02719777,-1.331429336e-05,1.224414661,0.802783109,0.0006803292802,0.0003023005429
2300,0,0.0009737037729,2.027064706,-1.349235342e-05,1.224314691,0.802750015,0.0006714506356,0.0003022531372
2301,0,0.0009643814245,2.026935393,-1.367157181e-05,1.224219099,0.8027162942,0.0006622461163,0.0003021353083
2302,0,0.0009546736104,2.026810101,-1.385131493e-05,1.224128141,0.8026819603,0.0006527297558,0.0003019438546
2303,0,0.0009445929924,2.026688789,-1.403204568e-05,1.224042085,0.8026467048,0.0006429176153,0.0003016753771
2304,0,0.000934161186,2.026571983,-1.421137265e-05,1.223961167,0.8026108163,0.000632832393,0.000301328793
2305,0,0.0009234502044,2.026460855,-1.438487809e-05,1.223885843,0.8025750121,0.0006225376132,0.0003009125912
2306,0,0.0009124980912,2.026355672,-1.455206071e-05,1.223816372,0.8025393006,0.0006120684208,0.0003004296703
2307,0,0.0009013384987,2.026256356,-1.471297115e-05,1.22375292,0.8025034359,0.0006014568209,0.0002998816778
2308,0,0.0008900048597,2.026163216,-1.486663799e-05,1.223695563,0.8024676528,0.000590733817,0.0002992710427
2309,0,0.0008785265171,2.026076297,-1.501287743e-05,1.223644336,0.8024319613,0.0005799274317,0.0002985990854
2310,0,0.0008669268892,2.025995408,-1.515175475e-05,1.223599221,0.8023961863,0.0005690614944,0.0002978653948
2311,0,0.0008552284984,2.025920633,-1.528290244e-05,1.223560135,0.8023604984,0.0005581576706,0.0002970708278
2312,0,0.0008434509621,2.025851868,-1.540625006e-05,1.223526962,0.8023249067,0.0005472353702,0.0002962155918
2313,0,0.0008316102239,2.02578884,-1.552169843e-05,1.223499551,0.8022892883,0.0005363117997,0.0002952984242
2314,0,0.0008197246043,2.02573148,-1.562904102e-05,1.22347771,0.8022537695,0.00052540409,0.0002943205143
2315,0,0.0008078091977,2.025679492,-1.572807553e-05,1.223461225,0.8022182668,0.0005145282997,0.0002932808981
2316,0,0.0007958820097,2.025632724,-1.581870376e-05,1.22344985,0.8021828739,0.0005037009349,0.0002921810747
2317,0,0.0007839606659,2.025590923,-1.59007919e-05,1.223443322,0.8021476011,0.0004929387101,0.0002910219559
2318,0,0.000772060987,2.02555374,-1.597410645e-05,1.22344135,0.8021123891,0.0004822579288,0.0002898030582
2319,0,0.0007602019373,2.025520929,-1.603861212e-05,1.223443623,0.8020773055,0.0004716753122,0.000288526625
2320,0,0.0007484015281,2.025492168,-1.609419819e-05,1.22344981,0.8020423576,0.0004612074852,0.0002871940429
2321,0,0.0007366810161,2.025467188,-1.614087219e-05,1.223459569,0.8020076192,0.0004508718841,0.000285809132
2322,0,0.0007250583278,2.025445586,-1.617838344e-05,1.223472549,0.8019730362,0.0004406860217,0.0002843723061
2323,0,0.0007135533589,2.025427006,-1.620659143e-05,1.223488392,0.8019386139,0.0004306676864,0.0002828856725
2324,0,0.0007021857947,2.025411097,-1.622538255e-05,1.223506738,0.8019043588,0.0004208344327,0.000281351362
2325,0,0.0006909793524,2.025397605,-1.623492557e-05,1.223527233,0.8018703711,0.0004112038848,0.0002797754677
2326,0,0.0006799499047,2.025386113,-1.623493621e-05,1.223549536,0.8018365762,0.0004017928316,0.0002781570731
2327,0,0.0006691152911,2.025376294,-1.622533746e-05,1.223573311,0.8018029824,0.0003926170402,0.000276498251
2328,0,0.0006584915845,2.025367835,-1.620609499e-05,1.223598236,0.8017695995,0.0003836906959,0.0002748008886
2329,0,0.0006480925467,2.025360439,-1.617722152e-05,1.223624001,0.8017364383,0.0003750259307,0.000273066616
2330,0,0.0006379370138,2.025353953,-1.613925157e-05,1.223650316,0.8017036364,0.0003666332936,0.0002713037202
2331,0,0.0006280295577,2.025348001,-1.609186489e-05,1.223676911,0.8016710902,0.0003585215873,0.0002695079704
2332,0,0.0006183787281,2.025342328,-1.603508747e-05,1.22370352,0.8016388084,0.0003506980043,0.0002676807238
2333,0,0.0006089912308,2.025336689,-1.596898243e-05,1.22372989,0.8016067993,0.0003431679952,0.0002658232356
2334,0,0.0005998716866,2.025330846,-1.58936577e-05,1.223755777,0.8015750699,0.000335935091,0.0002639365956
2335,0,0.0005910225004,2.025324566,-1.58092641e-05,1.223780941,0.8015436256,0.0003290007833,0.0002620217171
2336,0,0.0005824439465,2.025317617,-1.571598492e-05,1.223805148,0.8015124699,0.0003223645654,0.000260079381
2337,0,0.0005741344669,2.025309772,-1.561402133e-05,1.223828167,0.8014816046,0.0003160241556,0.0002581103113
2338,0,0.0005660911065,2.025300803,-1.550358008e-05,1.223849773,0.80145103,0.0003099758544,0.0002561152521
2339,0,0.0005583099546,2.025290492,-1.538486738e-05,1.223869747,0.8014207454,0.0003042149325,0.000254095022
2340,0,0.00055078649,2.025278625,-1.525808915e-05,1.223887876,0.8013907495,0.0002987359534,0.0002520505367
2341,0,0.0005435157877,2.025265,-1.512345443e-05,1.223903959,0.8013610406,0.0002935329831,0.0002499828046
2342,0,0.0005364926098,2.025249426,-1.49811787e-05,1.22391781,0.8013316166,0.0002885996974,0.0002478929123
2343,0,0.0005297005351,2.025231604,-1.483071682e-05,1.223929245,0.8013023592,0.0002839287144,0.0002457718207
2344,0,0.0005231404969,2.025211467,-1.467301465e-05,1.223938096,0.8012733712,0.0002795114134,0.0002436290836
2345,0,0.0005168036461,2.025188867,-1.45084112e-05,1.223944215,0.8012446515,0.000275338046,0.0002414656001
2346,0,0.0005106805204,2.025163674,-1.433722083e-05,1.223947476,0.8012161987,0.0002713982018,0.0002392823185
2347,0,0.0005047618242,2.02513578,-1.415972044e-05,1.223947769,0.8011880112,0.0002676814438,0.0002370803804
2348,0,0.0004990301105,2.025105006,-1.397549653e-05,1.223944999,0.8011600069,0.0002641771911,0.0002348529194
2349,0,0.0004934834943,2.025071352,-1.378540574e-05,1.223939095,0.8011322573,0.0002608751187,0.0002326083756
2350,0,0.0004881135757,2.02503477,-1.35897354e-05,1.223930007,0.8011047624,0.0002577652697,0.000230348306
2351,0,0.0004829056204,2.024995168,-1.338824086e-05,1.223917704,0.8010774638,0.0002548376064,0.0002280680141
2352,0,0.0004778570349,2.024952585,-1.318168832e-05,1.223902173,0.801050412,0.000252082492,0.0002257745428
2353,0,0.000472960498,2.02490703,-1.297035334e-05,1.223883424,0.8010236063,0.0002494908001,0.0002234696979
2354,0,0.0004682097825,2.024858531,-1.275447654e-05,1.223861485,0.8009970456,0.0002470543255,0.0002211554571
2355,0,0.0004635944982,2.024807087,-1.253387374e-05,1.2238364,0.8009706872,0.0002447654045,0.0002188290938
2356,0,0.0004591143229,2.024752792,-1.230917027e-05,1.223808226,0.8009445657,0.0002426174223,0.0002164969006
2357,0,0.0004547657476,2.024695722,-1.20805995e-05,1.223777043,0.8009186791,0.0002406046158,0.0002141611318
2358,0,0.0004505462256,2.024635965,-1.184838197e-05,1.22374294,0.8008930251,0.0002387221378,0.0002118240878
2359,0,0.0004464541494,2.024573625,-1.161272918e-05,1.223706024,0.8008676004,0.0002369660385,0.0002094881109
2360,0,0.0004424943189,2.024508859,-1.13742958e-05,1.223666417,0.8008424421,0.0002353338502,0.0002071604687
2361,0,0.000438663703,2.024441764,-1.113280401e-05,1.223624253,0.8008175108,0.0002338241928,0.0002048395102
2362,0,0.000434964479,2.024372477,-1.088841435e-05,1.223579675,0.8007928018,0.0002324367292,0.0002025277498
2363,0,0.0004314063448,2.024301203,-1.064199059e-05,1.223532838,0.8007683648,0.0002311722935,0.0002002340513
2364,0,0.0004279876839,2.024228054,-1.039304803e-05,1.223483909,0.800744146,0.0002300324535,0.0001979552304
2365,0,0.0004247126269,2.024153193,-1.01417552e-05,1.223433054,0.8007201392,0.0002290190704,0.0001956935565
2366,0,0.0004215936991,2.024076865,-9.889300254e-06,1.223380453,0.800696412,0.0002281342061,0.000193459493
2367,0,0.0004186275782,2.023999185,-9.634962272e-06,1.223326293,0.8006728919,0.0002273801128,0.0001912474654
2368,0,0.0004158179308,2.023920329,-9.378923482e-06,1.223270758,0.8006495717,0.0002267587103,0.0001890592205
2369,0,0.0004143490715,2.023859798,-9.256162427e-06,1.223221447,0.8006383513,0.0002263235991,0.0001880254723
2370,0,0.0004129312556,2.023801239,-9.12917251e-06,1.223174442,0.8006267974,0.0002259705888,0.0001869606668
2371,0,0.000411566389,2.023743389,-8.998291522e-06,1.223128433,0.8006149559,0.0002256959962,0.0001858703928
2372,0,0.0004102571876,2.02368573,-8.863702671e-06,1.223082875,0.8006028553,0.0002254988683,0.0001847583193
2373,0,0.0004090063171,2.02362803,-8.725496242e-06,1.223037516,0.8005905133,0.0002253793745,0.0001836269425
2374,0,0.0004078162971,2.023570186,-8.583708791e-06,1.222992245,0.8005779412,0.0002253382487,0.0001824780484
2375,0,0.0004066895308,2.023512167,-8.438347727e-06,1.222947021,0.8005651458,0.0002253765374,0.0001813129934
2376,0,0.0004056197253,2.02345389,-8.288410354e-06,1.22290184,0.8005520496,0.0002254956562,0.000180124069
2377,0,0.0004046161759,2.023395434,-8.134606023e-06,1.222856714,0.8005387192,0.0002256967101,0.0001789194658
2378,0,0.0004036805538,2.023336846,-7.97695465e-06,1.222811689,0.8005251568,0.0002259804753,0.0001777000785
2379,0,0.0004028137822,2.023278181,-7.815485373e-06,1.222766818,0.8005113628,0.000226347179,0.0001764666033
2380,0,0.0004020159651,2.0232195,-7.65024387e-06,1.222722163,0.8004973366,0.0002267963675,0.0001752195976
2381,0,0.0004012864542,2.023160868,-7.481294235e-06,1.222677791,0.8004830768,0.0002273269025,0.0001739595516
2382,0,0.0004006241074,2.023102355,-7.308713629e-06,1.222633773,0.8004685824,0.0002279371315,0.0001726869758
2383,0,0.0004000277527,2.023044041,-7.132579598e-06,1.222590187,0.8004538535,0.000228625252,0.0001714025007
2384,0,0.0003994877574,2.022985911,-6.951600651e-06,1.222547117,0.8004387939,0.0002293900705,0.0001700976869
2385,0,0.0003990123596,2.022928126,-6.76682352e-06,1.22250464,0.8004234856,0.0002302308326,0.000168781527
2386,0,0.000398603439,2.022870795,-6.578276913e-06,1.22246286,0.8004079351,0.0002311479011,0.0001674555379
2387,0,0.000398264375,2.02281403,-6.385967804e-06,1.222421881,0.8003921492,0.0002321429398,0.0001661214352
2388,0,0.000398000043,2.022757944,-6.189901382e-06,1.22238181,0.800376134,0.0002332189099,0.0001647811331
2389,0,0.0003978165519,2.022702643,-5.990103579e-06,1.222342748,0.8003598943,0.000234379839,0.0001634367128
2390,0,0.0003977125432,2.022648119,-5.785095207e-06,1.222304788,0.8003433305,0.0002356307872,0.000162081756
2391,0,0.000397702037,2.022594523,-5.576291141e-06,1.222267995,0.8003265272,0.0002369760374,0.0001607259996
2392,0,0.0003977907942,2.022541922,-5.363936639e-06,1.222232438,0.8003094845,0.0002384191222,0.000159371672
2393,0,0.0003979833005,2.022490369,-5.148331025e-06,1.222198168,0.8002922008,0.0002399624607,0.0001580208397
2394,0,0.0003982760958,2.022439799,-4.928451168e-06,1.222165224,0.8002745757,0.0002416075876,0.0001566685082
2395,0,0.0003986769899,2.022390305,-4.705863801e-06,1.222133619,0.8002566858,0.0002433542404,0.0001553227495
2396,0,0.0003991869039,2.022341908,-4.48102474e-06,1.222103377,0.8002385308,0.0002452013579,0.0001539855461
2397,0,0.0003998014859,2.02229454,-4.253186666e-06,1.222074517,0.8002200235,0.0002471477913,0.0001526536946
2398,0,0.0004005265796,2.022248287,-4.023795738e-06,1.222047048,0.8002012385,0.0002491922196,0.00015133436
2399,0,0.0004013648495,2.022203176,-3.793262638e-06,1.222020995,0.8001821812,0.0002513344432,0.0001500304063
2400,0,0.0004023174568,2.022159153,-3.560870669e-06,1.221996378,0.8001627758,0.0002535761422,0.0001487413146
2401,0,0.0004033951415,2.022116299,-3.327904191e-06,1.221973205,0.8001430944,0.0002559205405,0.000147474601
2402,0,0.0004046076299,2.022074624,-3.094724256e-06,1.221951482,0.800123142,0.0002583729479,0.000146234682
2403,0,0.0004059640317,2.022034041,-2.860777848e-06,1.221931197,0.8001028444,0.0002609404904,0.0001450235413
2404,0,0.0004074794731,2.021994574,-2.62736112e-06,1.221912308,0.8000822666,0.0002636308394,0.0001438486337
2405,0,0.000409175275,2.021956563,-2.39879774e-06,1.221894804,0.8000617589,0.0002664406588,0.0001427346162
2406,0,0.0004110564975,2.021920057,-2.175935214e-06,1.221878687,0.8000413693,0.0002693726745,0.000141683823
2407,0,0.0004131257225,2.021885003,-1.958932081e-06,1.22186391,0.8000210927,0.0002724290198,0.0001406967028
2408,0,0.0004153850493,2.021851331,-1.747924511e-06,1.221850404,0.8000009268,0.0002756113149,0.0001397737344
2409,0,0.0004178356173,2.021818914,-1.542599795e-06,1.221838089,0.7999808249,0.0002789208339,0.0001389147834
2410,0,0.0004204798613,2.02178771,-1.343494854e-06,1.22182688,0.7999608304,0.0002823587188,0.0001381211425
2411,0,0.0004233198795,2.021757638,-1.150674508e-06,1.221816691,0.7999409463,0.0002859264166,0.0001373934629
2412,0,0.0004263583426,2.021728613,-9.641777655e-07,1.221807437,0.7999211756,0.0002896258481,0.0001367324945
2413,0,0.0004295981747,2.021700513,-7.837943817e-07,1.221799027,0.7999014859,0.000293459164,0.0001361390107
2414,0,0.00043304234,2.021673277,-6.098364167e-07,1.221791366,0.7998819111,0.0002974285621,0.0001356137779
2415,0,0.0004366935631,2.021646814,-4.423367144e-07,1.22178436,0.7998624539,0.0003015361584,0.0001351574047
2416,0,0.0004405542658,2.021621029,-2.813253567e-07,1.221777912,0.7998431168,0.0003057838458,0.00013477042
2417,0,0.0004446264154,2.021595831,-1.268311975e-07,1.221771928,0.7998239027,0.0003101731605,0.0001344532549
2418,0,0.000448911397,2.021571127,2.111697766e-08,1.221766313,0.7998048143,0.0003147051705,0.0001342062265
2419,0,0.0004534099111,2.021546831,1.624895033e-07,1.221760976,0.799785855,0.0003193803844,0.0001340295267
2420,0,0.0004581219024,2.021522858,2.972559921e-07,1.22175583,0.799767028,0.0003241986839,0.0001339232185
2421,0,0.000463046524,2.02149913,4.253866512e-07,1.221750793,0.7997483371,0.0003291592852,0.0001338872389
2422,0,0.0004681821351,2.021475574,5.468525915e-07,1.221745788,0.7997297859,0.0003342607266,0.0001339214085
2423,0,0.0004735263218,2.021452121,6.616263223e-07,1.221740743,0.7997113779,0.00033950088,0.0001340254418
2424,0,0.0004790747461,2.021428744,7.695876608e-07,1.221735593,0.7996931507,0.0003448770523,0.0001341976938
2425,0,0.0004848250698,2.021405357,8.708666794e-07,1.22173028,0.799675077,0.0003503862204,0.0001344388495
2426,0,0.0004907732792,2.021381907,9.654448324e-07,1.221724748,0.7996571595,0.0003560248134,0.0001347484658
2427,0,0.0004969145802,2.021358342,1.053297555e-06,1.221718942,0.7996393999,0.0003617886192,0.000135125961
2428,0,0.0005032433152,2.021334613,1.134394604e-06,1.221712813,0.7996217995,0.0003676727045,0.0001355706106
2429,0,0.0005097529496,2.021310671,1.208702528e-06,1.221706312,0.7996043589,0.0003736713871,0.0001360815624
2430,0,0.0005164361344,2.021286468,1.276187722e-06,1.22169939,0.7995870781,0.0003797782732,0.0001366578612
2431,0,0.0005232848181,2.02126196,1.336818955e-06,1.221692003,0.7995699565,0.0003859863437,0.0001372984745
2432,0,0.000530290373,2.021237102,1.39056875e-06,1.221684109,0.7995529937,0.0003922880604,0.0001380023126
2433,0,0.000537443709,2.021211856,1.437413895e-06,1.221675668,0.7995361885,0.0003986754676,0.0001387682415
2434,0,0.0005447353652,2.021186185,1.477335601e-06,1.221666645,0.7995195402,0.0004051402756,0.0001395950895
2435,0,0.000552155577,2.021160058,1.510319747e-06,1.22165701,0.7995030476,0.0004116739252,0.0001404816519
2436,0,0.0005596943285,2.021133447,1.536357152e-06,1.221646737,0.7994867096,0.0004182676363,0.0001414266923
2437,0,0.000567341389,2.021106331,1.555443653e-06,1.221635805,0.7994705253,0.0004249124454,0.0001424289436
2438,0,0.0005750863373,2.021078693,1.567579777e-06,1.221624199,0.7994544935,0.0004315992316,0.0001434871056
2439,0,0.0005829185716,2.021050522,1.572770141e-06,1.221611909,0.7994386134,0.0004383187314,0.0001445998402
2440,0,0.0005908273078,2.021021813,1.571022648e-06,1.221598929,0.7994228838,0.0004450615433,0.0001457657646
2441,0,0.0005988047537,2.020992529,1.562185407e-06,1.221585256,0.7994072725,0.0004518181674,0.0001469865863
2442,0,0.0006068366425,2.0209627,1.546373873e-06,1.221570893,0.7993918065,0.0004585786918,0.0001482579506
2443,0,0.0006149112514,2.020932331,1.523609717e-06,1.221555847,0.7993764849,0.0004653330642,0.0001495781872
2444,0,0.0006230133182,2.020901471,1.494123828e-06,1.221540133,0.7993613379,0.0004720711319,0.0001509421864
2445,0,0.0006311344739,2.020870113,1.457799867e-06,1.221523776,0.799346337,0.0004787830414,0.0001523514325
2446,0,0.0006392634243,2.02083828,1.414666344e-06,1.221506799,0.799331481,0.0004854590428,0.0001538043815
2447,0,0.0006473888427,2.020805998,1.364755458e-06,1.221489229,0.7993167687,0.0004920894431,0.0001552993996
2448,0,0.0006554992958,2.020773295,1.30810236e-06,1.221471097,0.7993021982,0.0004986645396,0.0001568347562
2449,0,0.0006635832115,2.020740204,1.244745809e-06,1.221452436,0.7992877678,0.0005051745801,0.0001584086314
2450,0,0.0006716289005,2.020706755,1.174729567e-06,1.22143328,0.7992734752,0.0005116097672,0.0001600191333
2451,0,0.000679624614,2.020672984,1.098103187e-06,1.221413666,0.7992593184,0.0005179602991,0.0001616643148
2452,0,0.0006875586131,2.020638926,1.014922333e-06,1.22139363,0.7992452953,0.0005242164271,0.000163342186
2453,0,0.0006954192333,2.020604619,9.252488435e-07,1.221373216,0.7992314038,0.0005303685123,0.000165050721
2454,0,0.0007031892578,2.020570148,8.295789056e-07,1.221352467,0.7992176809,0.0005364069847,0.0001667822732
2455,0,0.0007108627261,2.020535524,7.276297904e-07,1.221331434,0.7992040896,0.0005423228089,0.0001685399172
2456,0,0.0007184289568,2.020500792,6.194725347e-07,1.221310165,0.7991906273,0.0005481072091,0.0001703217478
2457,0,0.000725877403,2.020465997,5.051875869e-07,1.221288705,0.7991772914,0.0005537516415,0.0001721257614
2458,0,0.0007331976452,2.020431182,3.848644257e-07,1.221267103,0.7991640789,0.00055924777,0.0001739498752
2459,0,0.000740379427,2.02039639,2.586019122e-07,1.221245403,0.799150987,0.0005645874735,0.0001757919536
2460,0,0.000747412719,2.020361663,1.265085852e-07,1.22122365,0.7991380129,0.0005697628856,0.0001776498334
2461,0,0.0007542877902,2.020327043,-1.12972021e-08,1.221201889,0.7991251538,0.0005747664485,0.0001795213417
2462,0,0.000760995268,2.02029257,-1.546876584e-07,1.221180163,0.7991124074,0.000579590963,0.000181404305
2463,0,0.0007675180706,2.02025834,-3.027826042e-07,1.22115852,0.7990998208,0.0005842295775,0.0001832884932
2464,0,0.0007738554981,2.020224358,-4.560999278e-07,1.22113701,0.7990873473,0.0005886762144,0.0001851792837
2465,0,0.0007800001026,2.020190663,-6.145013565e-07,1.221115679,0.7990749841,0.0005929252881,0.0001870748146
2466,0,0.000785944754,2.020157296,-7.778377438e-07,1.221094567,0.7990627288,0.0005969716313,0.0001889731227
2467,0,0.0007916826003,2.020124293,-9.459504929e-07,1.221073714,0.7990505784,0.0006008104333,0.000190872167
2468,0,0.0007972070829,2.020091687,-1.118671645e-06,1.221053157,0.7990385302,0.0006044372207,0.0001927698622
2469,0,0.0008025119898,2.020059509,-1.295823403e-06,1.221032927,0.7990265815,0.0006078478787,0.000194664111
2470,0,0.0008075915164,2.020027787,-1.477218024e-06,1.221013057,0.7990147299,0.0006110386919,0.0001965528245
2471,0,0.0008124403121,2.019996548,-1.662658412e-06,1.220993575,0.7990029735,0.0006140063803,0.0001984339319
2472,0,0.0008170535051,2.019965817,-1.851939146e-06,1.220974507,0.7989913103,0.0006167481219,0.0002003053832
2473,0,0.0008214267142,2.019935617,-2.044847472e-06,1.220955879,0.7989797386,0.0006192615633,0.0002021651509
2474,0,0.0008255560574,2.019905968,-2.241163813e-06,1.220937712,0.7989682566,0.0006215448244,0.0002040112329
2475,0,0.000829438161,2.019876889,-2.440661959e-06,1.220920026,0.7989568626,0.0006235965039,0.0002058416571
2476,0,0.0008330701673,2.019848392,-2.643109138e-06,1.220902837,0.798945555,0.0006254156827,0.0002076544846
2477,0,0.0008364497333,2.01982049,-2.848266138e-06,1.220886158,0.798934332,0.0006270019209,0.0002094478124
2478,0,0.0008395750181,2.019793192,-3.055887826e-06,1.22087,0.7989231922,0.0006283552458,0.0002112197723
2479,0,0.0008424446584,2.019766504,-3.265723639e-06,1.22085437,0.7989121346,0.0006294761292,0.0002129685293
2480,0,0.0008450577406,2.019740432,-3.477518295e-06,1.220839274,0.798901158,0.0006303654606,0.00021469228
2481,0,0.0008474137733,2.019714978,-3.69101235e-06,1.220824716,0.7988902618,0.0006310245201,0.0002163892532
2482,0,0.0008495126671,2.019690142,-3.90594292e-06,1.220810697,0.7988794453,0.0006314549563,0.0002180577109
2483,0,0.0008513616594,2.019665875,-4.123029346e-06,1.220797214,0.7988686603,0.0006316584183,0.000219703241
2484,0,0.0008529537237,2.019642205,-4.341070435e-06,1.220784256,0.7988579493,0.0006316368128,0.0002213169109
2485,0,0.0008542889676,2.019619127,-4.559784503e-06,1.220771814,0.7988473122,0.000631392211,0.0002228967566
2486,0,0.0008553679754,2.01959663,-4.778889216e-06,1.220759881,0.7988367491,0.000630927007,0.0002244409683
2487,0,0.0008561918921,2.019574704,-4.998101315e-06,1.220748444,0.7988262599,0.0006302440148,0.0002259478773
2488,0,0.0008567624367,2.019553336,-5.217137879e-06,1.220737491,0.7988158447,0.000629346507,0.0002274159296
2489,0,0.0008570818593,2.019532512,-5.435717144e-06,1.220727008,0.7988055037,0.0006282381982,0.0002288436611
2490,0,0.0008571528766,2.019512216,-5.653558603e-06,1.220716979,0.798795237,0.0006269231953,0.0002302296814
2491,0,0.0008569786077,2.019492431,-5.870382812e-06,1.220707386,0.7987850448,0.0006254059422,0.0002315726655
2492,0,0.0008565625181,2.019473139,-6.085911768e-06,1.220698212,0.7987749271,0.000623691168,0.0002328713501
2493,0,0.0008559083679,2.019454319,-6.299869978e-06,1.220689435,0.7987648842,0.0006217838386,0.0002341245293
2494,0,0.0008550236618,2.019435914,-6.512681368e-06,1.220681033,0.7987548805,0.0006196886282,0.0002353350336
2495,0,0.0008539077558,2.019417927,-6.723411494e-06,1.220672978,0.7987449488,0.0006174103316,0.0002364974242
2496,0,0.0008525640255,2.019400337,-6.931797582e-06,1.220665247,0.7987350901,0.0006149536664,0.0002376103591
2497,0,0.0008509960745,2.019383121,-7.137579771e-06,1.220657816,0.7987253049,0.0006123234433,0.0002386726312
2498,0,0.0008492078533,2.019366256,-7.340501215e-06,1.220650662,0.7987155941,0.0006095246842,0.0002396831691
2499,0,0.0008472037201,2.019349719,-7.540309199e-06,1.220643761,0.7987059583,0.0006065626926,0.0002406410274
2500,0,0.0008449884483,2.019333485,-7.736755377e-06,1.220637087,0.7986963979,0.0006034430742,0.0002415453741
2501,0,0.0008425671989,2.019317531,-7.929595774e-06,1.220630618,0.7986869134,0.0006001717192,0.0002423954796
2502,0,0.0008399454698,2.019301832,-8.118591163e-06,1.220624327,0.7986775049,0.000596754762,0.0002431907078
2503,0,0.0008371290306,2.019286364,-8.303508234e-06,1.220618191,0.7986681729,0.0005931985265,0.0002439305041
2504,0,0.0008341238454,2.019271102,-8.484121616e-06,1.220612184,0.7986589179,0.0005895094621,0.0002446143833
2505,0,0.0008309359943,2.019256025,-8.660215677e-06,1.220606285,0.7986497405,0.000585694077,0.0002452419173
2506,0,0.0008275716083,2.019241112,-8.831585652e-06,1.22060047,0.7986406412,0.0005817588811,0.0002458127272
2507,0,0.0008240368303,2.019226341,-8.998037715e-06,1.22059472,0.7986316206,0.0005777103475,0.0002463264828
2508,0,0.0008203378077,2.019211693,-9.159388053e-06,1.220589013,0.7986226792,0.0005735549001,0.0002467829076
2509,0,0.0008164807116,2.019197148,-9.315461723e-06,1.220583331,0.7986138172,0.0005692989235,0.000247181788
2510,0,0.00081247177,2.01918269,-9.466091751e-06,1.220577655,0.7986050349,0.0005649487872,0.0002475229828
2511,0,0.0008083172988,2.019168298,-9.611118742e-06,1.220571966,0.7985963322,0.0005605108699,0.0002478064289
2512,0,0.0008040237191,2.019153957,-9.75039111e-06,1.220566247,0.7985877091,0.0005559915754,0.0002480321437
2513,0,0.0007995975567,2.019139648,-9.883765723e-06,1.220560483,0.7985791656,0.0005513973335,0.0002482002233
2514,0,0.0007950454263,2.019125358,-1.001110868e-05,1.220554656,0.7985707017,0.0005467345881,0.0002483108382
2515,0,0.0007903740065,2.019111072,-1.013229596e-05,1.220548755,0.7985623173,0.0005420097772,0.0002483642292
2516,0,0.0007855900156,2.019096778,-1.024721383e-05,1.220542766,0.7985540125,0.0005372293119,0.0002483607037
2517,0,0.0007807001926,2.019082465,-1.035575884e-05,1.220536677,0.7985457872,0.0005323995584,0.0002483006342
2518,0,0.0007757112859,2.019068123,-1.04578378e-05,1.220530481,0.7985376414,0.0005275268277,0.0002481844583
2519,0,0.0007706300498,2.019053744,-1.055336749e-05,1.220524169,0.798529575,0.0005226173705,0.0002480126793
2520,0,0.0007654632442,2.019039322,-1.064227445e-05,1.220517734,0.7985215878,0.0005176773772,0.0002477858671
2521,0,0.0007602176363,2.019024851,-1.072449497e-05,1.220511172,0.7985136796,0.000512712978,0.0002475046583
2522,0,0.0007548999985,2.019010327,-1.079997503e-05,1.220504477,0.7985058502,0.0005077302431,0.0002471697555
2523,0,0.0007495171054,2.018995748,-1.08686704e-05,1.220497649,0.7984980992,0.0005027351794,0.0002467819259
2524,0,0.0007440757261,2.018981111,-1.093054674e-05,1.220490685,0.7984904263,0.0004977337267,0.0002463419994
2525,0,0.0007385826171,2.018966416,-1.098557962e-05,1.220483585,0.7984828311,0.0004927317508,0.0002458508663
2526,0,0.0007330445134,2.018951664,-1.103375451e-05,1.220476351,0.7984753131,0.000487735038,0.0002453094754
2527,0,0.0007274681216,2.018936857,-1.10750667e-05,1.220468985,0.7984678719,0.0004827492893,0.0002447188323
2528,0,0.0007218601136,2.018921998,-1.110952112e-05,1.220461491,0.7984605069,0.000477780116,0.0002440799977
2529,0,0.0007162271229,2.01890709,-1.113713222e-05,1.220453872,0.7984532175,0.0004728330366,0.0002433940863
2530,0,0.0007105757402,2.018892138,-1.115792373e-05,1.220446135,0.7984460032,0.0004679134749,0.0002426622653
2531,0,0.0007049125104,2.018877148,-1.117192855e-05,1.220438285,0.7984388632,0.0004630267577,0.0002418857526
2532,0,0.0006992493155,2.018862159,-1.117942328e-05,1.220430333,0.7984318265,0.0004581788499,0.0002410704656
2533,0,0.0006935900113,2.018847158,-1.118023166e-05,1.220422293,0.7984248653,0.0004533758189,0.0002402141924
2534,0,0.0006879423998,2.018832153,-1.117436997e-05,1.220414175,0.7984179785,0.0004486239057,0.0002393184941
2535,0,0.0006823140806,2.018817153,-1.116188919e-05,1.220405988,0.798411165,0.0004439291866,0.000238384894
2536,0,0.0006767121905,2.018802166,-1.11428677e-05,1.220397742,0.7984044235,0.0004392973377,0.0002374148528
2537,0,0.0006711432892,2.0187872,-1.111740167e-05,1.220389448,0.7983977528,0.000434733514,0.0002364097753
2538,0,0.0006656133612,2.018772267,-1.108559927e-05,1.220381115,0.7983911519,0.0004302423334,0.0002353710278
2539,0,0.0006601278905,2.018757375,-1.104757821e-05,1.220372755,0.7983846196,0.0004258279316,0.0002342999588
2540,0,0.0006546919814,2.018742534,-1.100346396e-05,1.220364379,0.798378155,0.0004214940579,0.0002331979234
2541,0,0.0006493105087,2.018727756,-1.0953387e-05,1.220355998,0.7983717571,0.0004172441965,0.0002320663123
2542,0,0.0006439882755,2.018713048,-1.089747947e-05,1.220347624,0.7983654247,0.0004130816951,0.0002309065804
2543,0,0.0006387301441,2.018698423,-1.083587289e-05,1.220339266,0.7983591565,0.0004090098779,0.0002297202662
2544,0,0.0006335411105,2.018683887,-1.076869823e-05,1.220330936,0.7983529514,0.0004050321164,0.0002285089941
2545,0,0.0006284263033,2.018669451,-1.069608816e-05,1.220322643,0.7983468083,0.0004011518427,0.0002272744606
2546,0,0.0006233909188,2.018655124,-1.061818024e-05,1.220314398,0.7983407261,0.0003973725094,0.0002260184094
2547,0,0.0006184401211,2.018640915,-1.053511965e-05,1.220306211,0.7983347039,0.0003936975154,0.0002247426057
2548,0,0.0006135789453,2.018626833,-1.044706038e-05,1.220298092,0.7983287408,0.0003901301283,0.000223448817
2549,0,0.0006088122329,2.018612888,-1.035416479e-05,1.220290051,0.7983228361,0.0003866734288,0.0002221388041
2550,0,0.0006041446099,2.018599088,-1.025660195e-05,1.220282099,0.798316989,0.0003833302877,0.0002208143221
2551,0,0.0005995898703,2.018585479,-1.015543505e-05,1.220274246,0.7983112324,0.0003801039608,0.0002194859095
2552,0,0.0005951456459,2.018572046,-1.00499721e-05,1.220266512,0.7983055343,0.0003769979729,0.0002181476729
2553,0,0.0005908174919,2.018558797,-9.940323558e-06,1.220258904,0.7982998935,0.0003740159716,0.0002168015203
2554,0,0.0005866106605,2.018545738,-9.826641503e-06,1.220251429,0.7982943086,0.0003711613736,0.0002154492869
2555,0,0.0005825297925,2.018532872,-9.709111022e-06,1.220244094,0.7982887782,0.0003684370957,0.0002140926968
2556,0,0.0005785787951,2.018520206,-9.587935525e-06,1.220236904,0.7982833012,0.0003658454259,0.0002127333692
2557,0,0.0005747608572,2.018507741,-9.463326652e-06,1.220229865,0.7982778765,0.0003633880181,0.000211372839
2558,0,0.0005710785487,2.018495482,-9.335500183e-06,1.220222979,0.7982725033,0.000361065968,0.0002100125807
2559,0,0.0005675339738,2.018483432,-9.204674084e-06,1.220216252,0.7982671807,0.0003588799362,0.0002086540376
2560,0,0.0005641289607,2.018471593,-9.071065419e-06,1.220209685,0.7982619078,0.0003568303023,0.0002072986585
2561,0,0.0005608652594,2.018459966,-8.934886297e-06,1.220203282,0.7982566839,0.0003549173265,0.0002059479329
2562,0,0.0005577447015,2.018448551,-8.796341102e-06,1.220197043,0.798251508,0.0003531412876,0.0002046034138
2563,0,0.0005547692784,2.018437348,-8.655626776e-06,1.220190969,0.7982463791,0.0003515025615,0.0002032667169
2564,0,0.0005519411218,2.018426355,-8.512936067e-06,1.220185059,0.7982412966,0.0003500016233,0.0002019394985
2565,0,0.0005492624031,2.018415572,-8.368461953e-06,1.220179312,0.7982362597,0.0003486389816,0.0002006234215
2566,0,0.0005467352002,2.018404995,-8.222401104e-06,1.220173727,0.798231268,0.0003474150775,0.0001993201227
2567,0,0.0005443613811,2.018394623,-8.074955143e-06,1.220168302,0.798226321,0.0003463301896,0.0001980311915
2568,0,0.0005421425381,2.018384454,-7.926329612e-06,1.220163035,0.7982214185,0.0003453843746,0.0001967581635
2569,0,0.0005400799817,2.018374485,-7.776731622e-06,1.220157925,0.79821656,0.0003445774553,0.0001955025264
2570,0,0.0005381747767,2.018364713,-7.626367343e-06,1.220152968,0.7982117453,0.0003439090457,0.000194265731
2571,0,0.0005364277951,2.018355135,-7.475440295e-06,1.220148161,0.7982069738,0.0003433785945,0.0001930492006
2572,0,0.0005348397598,2.018345746,-7.324150774e-06,1.2201435,0.7982022453,0.0003429854242,0.0001918543356
2573,0,0.0005334112664,2.01833654,-7.172696138e-06,1.220138981,0.7981975592,0.000342728755,0.0001906825114
2574,0,0.0005321427807,2.018327513,-7.021271489e-06,1.220134597,0.7981929153,0.0003426077083,0.0001895350724
2575,0,0.0005310346206,2.018318657,-6.870070392e-06,1.220130344,0.7981883131,0.0003426212958,0.0001884133248
2576,0,0.0005300869347,2.018309968,-6.719285118e-06,1.220126215,0.7981837524,0.0003427684044,0.0001873185303
2577,0,0.0005292996851,2.018301438,-6.56910643e-06,1.220122205,0.7981792329,0.0003430477823,0.0001862519027
2578,0,0.0005286726407,2.018293061,-6.419723041e-06,1.220118307,0.7981747544,0.0003434580334,0.0001852146073
2579,0,0.0005282053802,2.01828483,-6.271320963e-06,1.220114514,0.7981703165,0.0003439976192,0.000184207761
2580,0,0.0005278972998,2.018276739,-6.124082947e-06,1.22011082,0.7981659192,0.0003446648658,0.000183232434
2581,0,0.0005277476229,2.01826878,-5.978188103e-06,1.220107218,0.7981615623,0.0003454579722,0.0001822896507
2582,0,0.0005277554065,2.018260948,-5.833811725e-06,1.220103702,0.7981572455,0.0003463750177,0.0001813803887
2583,0,0.0005279195449,2.018253234,-5.691125249e-06,1.220100265,0.7981529689,0.0003474139665,0.0001805055784
2584,0,0.0005282387695,2.018245633,-5.550296254e-06,1.220096901,0.7981487322,0.0003485726685,0.0001796661009
2585,0,0.0005287116468,2.018238138,-5.411488435e-06,1.220093602,0.7981445353,0.0003498488603,0.0001788627865
2586,0,0.0005293365772,2.018230742,-5.274861504e-06,1.220090363,0.7981403781,0.000351240164,0.0001780964133
2587,0,0.0005301117938,2.018223438,-5.140571049e-06,1.220087178,0.7981362605,0.0003527440879,0.000177367706
2588,0,0.0005310353634,2.018216222,-5.008768351e-06,1.220084039,0.7981321824,0.0003543580279,0.0001766773355
2589,0,0.0005321051884,2.018209086,-4.879600198e-06,1.220080942,0.7981281436,0.0003560792699,0.0001760259186
2590,0,0.0005333190099,2.018202024,-4.753208719e-06,1.22007788,0.798124144,0.0003579049927,0.0001754140172
2591,0,0.0005346744099,2.018195031,-4.629731255e-06,1.220074847,0.7981201836,0.0003598322712,0.0001748421387
2592,0,0.0005361688147,2.018188101,-4.509300232e-06,1.220071839,0.7981162621,0.0003618580795,0.0001743107352
2593,0,0.0005377994966,2.01818123,-4.392043119e-06,1.22006885,0.7981123795,0.0003639792936,0.000173820203
2594,0,0.0005395635769,2.018174411,-4.278082221e-06,1.220065875,0.7981085357,0.000366192694,0.0001733708829
2595,0,0.0005414580276,2.018167641,-4.167534664e-06,1.220062911,0.7981047304,0.0003684949684,0.0001729630592
2596,0,0.0005434796745,2.018160915,-4.06051231e-06,1.220059952,0.7981009636,0.0003708827141,0.0001725969604
2597,0,0.0005456251997,2.01815423,-3.957121666e-06,1.220056995,0.7980972352,0.0003733524415,0.0001722727582
2598,0,0.0005478911447,2.018147581,-3.857463804e-06,1.220054036,0.7980935449,0.0003759005766,0.0001719905682
2599,0,0.0005502739142,2.018140966,-3.761634297e-06,1.220051074,0.7980898927,0.0003785234646,0.0001717504496
2600,0,0.0005527697788,2.018134382,-3.669723158e-06,1.220048104,0.7980862784,0.0003812173733,0.0001715524055
2601,0,0.0005553748795,2.018127827,-3.581814763e-06,1.220045125,0.7980827018,0.0003839784966,0.0001713963829
2602,0,0.000558085231,2.018121298,-3.497987819e-06,1.220042135,0.7980791627,0.0003868029582,0.0001712822728
2603,0,0.0005608967262,2.018114793,-3.41831533e-06,1.220039132,0.798075661,0.0003896868153,0.0001712099109
2604,0,0.0005638035042,2.018108345,-3.343421412e-06,1.220036117,0.7980722278,0.0003926253993,0.0001711781049
2605,0,0.0005668015927,2.018101937,-3.272726954e-06,1.220033103,0.7980688336,0.0003956147835,0.0001711868092
2606,0,0.0005698865215,2.018095567,-3.206281968e-06,1.220030089,0.7980654777,0.0003986508183,0.0001712357032
2607,0,0.0005730535276,2.018089232,-3.144136623e-06,1.220027072,0.7980621597,0.0004017291733,0.0001713243543
2608,0,0.0005762975444,2.018082932,-3.086344753e-06,1.220024053,0.7980588789,0.0004048453129,0.0001714522316
2609,0,0.0005796132642,2.018076664,-3.032959778e-06,1.220021029,0.7980556346,0.0004079945286,0.0001716187356
2610,0,0.0005829952466,2.018070429,-2.984027542e-06,1.220018002,0.7980524265,0.0004111720173,0.0001718232294
2611,0,0.0005864380288,2.018064225,-2.939582064e-06,1.220014971,0.798049254,0.00041437297,0.0001720650587
2612,0,0.000589936203,2.018058054,-2.899645698e-06,1.220011937,0.7980461168,0.0004175926433,0.0001723435597
2613,0,0.0005934844537,2.018051914,-2.864231612e-06,1.2200089,0.7980430144,0.0004208263973,0.0001726580564
2614,0,0.0005970775587,2.018045807,-2.833346295e-06,1.220005861,0.7980399462,0.0004240697048,0.0001730078539
2615,0,0.0006007103658,2.018039732,-2.806991023e-06,1.22000282,0.7980369118,0.0004273181377,0.0001733922282
2616,0,0.0006043777601,2.01803369,-2.785162251e-06,1.219999779,0.7980339105,0.000430567343,0.0001738104171
2617,0,0.000608074632,2.018027681,-2.767851313e-06,1.219996739,0.7980309419,0.0004338130176,0.0001742616144
2618,0,0.0006117958608,2.018021706,-2.755043767e-06,1.219993701,0.7980280057,0.0004370508923,0.0001747449686
2619,0,0.0006155363142,2.018015767,-2.746718753e-06,1.219990666,0.7980251016,0.0004402767283,0.0001752595859
2620,0,0.000619290862,2.018009866,-2.742848663e-06,1.219987637,0.7980222291,0.000443486326,0.000175804536
2621,0,0.0006230543937,2.018004004,-2.743399267e-06,1.219984616,0.7980193881,0.0004466755384,0.0001763788553
2622,0,0.0006268218332,2.017998184,-2.748330244e-06,1.219981606,0.7980165782,0.0004498402834,0.0001769815498
2623,0,0.000630588145,2.017992408,-2.7575958e-06,1.219978609,0.7980137989,0.0004529765509,0.0001776115941
2624,0,0.0006343483342,2.017986677,-2.771145146e-06,1.219975627,0.7980110498,0.0004560804039,0.0001782679303
2625,0,0.000638097445,2.017980993,-2.788922645e-06,1.219972663,0.7980083304,0.0004591479774,0.0001789494676
2626,0,0.0006418305619,2.017975358,-2.810867695e-06,1.219969718,0.7980056403,0.0004621754787,0.0001796550832
2627,0,0.0006455428147,2.017969774,-2.836914506e-06,1.219966795,0.7980029791,0.0004651591902,0.0001803836246
2628,0,0.0006492293887,2.017964242,-2.866991926e-06,1.219963895,0.7980003464,0.0004680954758,0.0001811339129
2629,0,0.0006528855343,2.017958763,-2.901023447e-06,1.219961021,0.7979977417,0.0004709807882,0.0001819047461
2630,0,0.0006565065778,2.017953339,-2.938927355e-06,1.219958175,0.7979951646,0.000473811676,0.0001826949018
2631,0,0.0006600757296,2.017948006,-2.979833409e-06,1.21995536,0.7979926465,0.0004765841341,0.0001834915955
2632,0,0.0006635987635,2.017942755,-3.024335876e-06,1.219952598,0.7979901571,0.0004792947273,0.0001843040362
2633,0,0.0006670710174,2.017937584,-3.072383048e-06,1.219949888,0.7979876958,0.0004819399194,0.000185131098
2634,0,0.0006704878417,2.017932491,-3.123899394e-06,1.219947229,0.7979852618,0.0004845162658,0.0001859715759
2635,0,0.0006738447353,2.017927476,-3.178792823e-06,1.219944621,0.7979828544,0.0004870205001,0.0001868242352
2636,0,0.0006771374212,2.017922538,-3.236963432e-06,1.219942065,0.7979804731,0.0004894495802,0.0001876878411
2637,0,0.0006803618945,2.017917677,-3.29830501e-06,1.219939559,0.7979781173,0.0004918007185,0.000188561176
2638,0,0.0006835144499,2.017912892,-3.362702576e-06,1.219937105,0.7979757867,0.0004940714021,0.0001894430478
2639,0,0.0006865916769,2.017908183,-3.430032061e-06,1.219934703,0.7979734807,0.0004962593913,0.0001903322856
2640,0,0.00068959041,2.017903551,-3.500163991e-06,1.219932352,0.7979711991,0.000498362685,0.000191227725
2641,0,0.0006925076481,2.017898993,-3.572968729e-06,1.219930051,0.7979689411,0.0005003794606,0.0001921281875
2642,0,0.0006953404783,2.017894508,-3.648319736e-06,1.219927802,0.7979667064,0.0005023080119,0.0001930324664
2643,0,0.0006980860347,2.017890095,-3.726093207e-06,1.219925601,0.7979644943,0.0005041467102,0.0001939393245
2644,0,0.0007007415091,2.017885753,-3.806164906e-06,1.219923449,0.7979623046,0.0005058940027,0.0001948475064
2645,0,0.0007033042005,2.017881481,-3.88840643e-06,1.219921344,0.7979601368,0.0005075484434,0.0001957557571
2646,0,0.0007057715773,2.017877277,-3.972683034e-06,1.219919286,0.7979579908,0.0005091087374,0.0001966628399
2647,0,0.000708141321,2.01787314,-4.058853855e-06,1.219917274,0.7979558664,0.0005105737761,0.0001975675449
2648,0,0.000710411338,2.017869071,-4.146774072e-06,1.219915307,0.7979537633,0.000511942649,0.000198468689
2649,0,0.0007125797387,2.017865067,-4.236297628e-06,1.219913385,0.7979516813,0.000513214631,0.0001993651078
2650,0,0.000714644802,2.017861127,-4.327279358e-06,1.219911507,0.79794962,0.0005143891547,0.0002002556473
2651,0,0.0007166049419,2.017857251,-4.419575708e-06,1.219909672,0.7979475792,0.0005154657831,0.0002011391588
2652,0,0.0007184586919,2.017853436,-4.513044291e-06,1.219907877,0.7979455586,0.0005164441923,0.0002020144996
2653,0,0.0007202047063,2.01784968,-4.607542883e-06,1.219906122,0.7979435579,0.0005173241688,0.0002028805375
2654,0,0.0007218417747,2.017845982,-4.702928571e-06,1.219904405,0.7979415769,0.0005181056168,0.0002037361579
2655,0,0.0007233688376,2.017842339,-4.799057469e-06,1.219902724,0.7979396153,0.0005187885687,0.0002045802689
2656,0,0.0007247849973,2.017838751,-4.895785041e-06,1.219901078,0.7979376731,0.0005193731925,0.0002054118048
2657,0,0.0007260895182,2.017835215,-4.992966796e-06,1.219899465,0.7979357499,0.0005198597917,0.0002062297265
2658,0,0.0007272818215,2.01783173,-5.090458995e-06,1.219897884,0.7979338456,0.0005202488001,0.0002070330214
2659,0,0.000728361477,2.017828293,-5.18811922e-06,1.219896333,0.7979319602,0.0005205407739,0.000207820703
2660,0,0.000729328195,2.017824904,-5.285806581e-06,1.219894811,0.7979300933,0.0005207363836,0.0002085918114
2661,0,0.0007301690297,2.017821593,-5.381553741e-06,1.219893317,0.7979282764,0.0005208367981,0.0002093322316
2662,0,0.0007308971182,2.017818358,-5.477063874e-06,1.219891879,0.7979264795,0.00052084285,0.0002100542683
2663,0,0.0007315129169,2.017815189,-5.572233632e-06,1.219890488,0.7979247018,0.0005207555619,0.000210757355
2664,0,0.0007320169805,2.017812081,-5.666951521e-06,1.219889138,0.7979229428,0.0005205761159,0.0002114408646
2665,0,0.0007324100572,2.017809027,-5.76109568e-06,1.219887825,0.7979212022,0.0005203058941,0.0002121041631
2666,0,0.0007326931213,2.017806025,-5.85453708e-06,1.219886546,0.7979194796,0.0005199464788,0.0002127466425
2667,0,0.0007328673255,2.017803071,-5.947146005e-06,1.219885296,0.797917775,0.0005194996068,0.0002133677187
2668,0,0.0007329339323,2.017800162,-6.038795755e-06,1.219884074,0.7979160883,0.000518967113,0.0002139668193
2669,0,0.0007328942718,2.017797297,-6.129362972e-06,1.219882877,0.7979144195,0.0005183508921,0.0002145433797
2670,0,0.0007327497329,2.017794472,-6.218727535e-06,1.219881704,0.7979127683,0.0005176528847,0.0002150968483
2671,0,0.0007325017662,2.017791685,-6.306773663e-06,1.21988055,0.7979111347,0.0005168750742,0.0002156266921
2672,0,0.000732151885,2.017788933,-6.393391245e-06,1.219879415,0.7979095181,0.0005160194859,0.0002161323991
2673,0,0.000731701667,2.017786212,-6.478475718e-06,1.219878294,0.7979079183,0.0005150881865,0.0002166134805
2674,0,0.0007311527615,2.01778352,-6.561926234e-06,1.219877185,0.797906335,0.0005140832864,0.0002170694751
2675,0,0.0007305069058,2.017780856,-6.643643413e-06,1.219876087,0.7979047682,0.0005130069487,0.0002174999571
2676,0,0.0007297659399,2.017778215,-6.723528323e-06,1.219874998,0.7979032177,0.0005118613978,0.0002179045421
2677,0,0.0007289318124,2.017775599,-6.801483293e-06,1.219873915,0.7979016835,0.0005106489224,0.00021828289
2678,0,0.0007280065726,2.017773004,-6.877413892e-06,1.219872839,0.7979001654,0.0005093718701,0.0002186347026
2679,0,0.0007269923536,2.017770431,-6.951230852e-06,1.219871767,0.7978986634,0.0005080326347,0.0002189597189
2680,0,0.0007258913536,2.017767876,-7.022850985e-06,1.219870699,0.7978971771,0.0005066336418,0.0002192577117
2681,0,0.0007247058238,2.017765339,-7.092196936e-06,1.219869633,0.7978957064,0.0005051773384,0.0002195284854
2682,0,0.0007234380649,2.017762819,-7.15919626e-06,1.219868568,0.7978942511,0.0005036661879,0.0002197718771
2683,0,0.000722090429,2.017760315,-7.223780527e-06,1.219867504,0.797892811,0.0005021026705,0.0002199877584
2684,0,0.000720665323,2.017757824,-7.285884873e-06,1.219866439,0.797891386,0.0005004892852,0.0002201760378
2685,0,0.0007191652112,2.017755348,-7.345448095e-06,1.219865372,0.7978899759,0.0004988285503,0.0002203366609
2686,0,0.0007175926133,2.017752884,-7.402413022e-06,1.219864304,0.7978885807,0.0004971230023,0.0002204696109
2687,0,0.0007159501007,2.017750433,-7.456726936e-06,1.219863233,0.7978872002,0.0004953751928,0.0002205749078
2688,0,0.0007142402921,2.017747995,-7.508341799e-06,1.219862161,0.7978858343,0.0004935876844,0.0002206526077
2689,0,0.0007124658489,2.017745569,-7.557214272e-06,1.219861086,0.7978844829,0.0004917630467,0.0002207028022
2690,0,0.0007106294724,2.017743155,-7.603305593e-06,1.219860009,0.7978831459,0.0004899038539,0.0002207256185
2691,0,0.0007087339018,2.017740753,-7.646581394e-06,1.21985893,0.7978818232,0.0004880126828,0.000220721219
2692,0,0.0007067854076,2.017738396,-7.686160449e-06,1.219857852,0.7978805443,0.0004860935074,0.0002206919001
2693,0,0.0007047864742,2.017736094,-7.723045811e-06,1.219856813,0.7978792805,0.0004841492248,0.0002206372494
2694,0,0.0007027410236,2.017733835,-7.757164729e-06,1.219855804,0.797878031,0.0004821832516,0.000220557772
2695,0,0.0007006529569,2.017731613,-7.788469619e-06,1.219854818,0.797876795,0.0004801990325,0.0002204539243
2696,0,0.0006985259485,2.017729421,-7.816943856e-06,1.219853849,0.7978755723,0.0004781998534,0.0002203260951
2697,0,0.0006963634653,2.017727258,-7.842580096e-06,1.219852895,0.7978743627,0.0004761888077,0.0002201746576
2698,0,0.0006941687838,2.017725121,-7.865368232e-06,1.219851955,0.7978731662,0.0004741687947,0.000219999989
2699,0,0.0006919449316,2.017723012,-7.885300679e-06,1.219851028,0.7978719832,0.0004721424854,0.0002198024462
2700,0,0.0006896946452,2.017720928,-7.902381063e-06,1.219850115,0.7978708138,0.0004701122952,0.00021958235
2701,0,0.000687420443,2.017718872,-7.91662483e-06,1.219849214,0.797869658,0.0004680804324,0.0002193400106
2702,0,0.0006851248019,2.017716841,-7.928052384e-06,1.219848326,0.7978685157,0.0004660490231,0.0002190757788
2703,0,0.0006828103384,2.017714836,-7.936681843e-06,1.21984745,0.7978673864,0.0004640202518,0.0002187900867
2704,0,0.0006804798962,2.017712854,-7.942526625e-06,1.219846584,0.7978662698,0.0004619964413,0.0002184834549
2705,0,0.0006781365069,2.017710894,-7.945598137e-06,1.219845729,0.7978651655,0.0004599800392,0.0002181564677
2706,0,0.0006757832673,2.017708956,-7.945910722e-06,1.219844882,0.7978640733,0.0004579735305,0.0002178097368
2707,0,0.0006734232041,2.017707037,-7.943485823e-06,1.219844044,0.797862993,0.0004559793322,0.0002174438719
2708,0,0.0006710591903,2.01770514,-7.938353728e-06,1.219843215,0.7978619246,0.0004539997194,0.0002170594709
2709,0,0.0006686939354,2.017703262,-7.930552711e-06,1.219842394,0.7978608677,0.0004520368084,0.000216657127
2710,0,0.0006663300359,2.017701404,-7.920126502e-06,1.219841582,0.7978598221,0.000450092591,0.0002162374449
2711,0,0.0006639700499,2.017699566,-7.907121353e-06,1.219840779,0.7978587877,0.0004481689922,0.0002158010577
2712,0,0.0006616165555,2.017697747,-7.891584032e-06,1.219839983,0.797857764,0.0004462679205,0.000215348635
2713,0,0.0006592721713,2.017695947,-7.873561388e-06,1.219839196,0.797856751,0.0004443912903,0.000214880881
2714,0,0.0006569395385,2.017694165,-7.853101391e-06,1.219838416,0.7978557483,0.0004425410133,0.0002143985252
2715,0,0.00065462128,2.017692401,-7.830254819e-06,1.219837645,0.7978547558,0.0004407189699,0.0002139023101
2716,0,0.0006523199612,2.017690655,-7.805076585e-06,1.219836881,0.7978537734,0.0004389269788,0.0002133929824
2717,0,0.0006500380685,2.017688927,-7.77762606e-06,1.219836126,0.797852801,0.000437166778,0.0002128712904
2718,0,0.0006477780113,2.017687217,-7.747966372e-06,1.219835378,0.7978518385,0.0004354400251,0.0002123379862
2719,0,0.0006455421399,2.017685525,-7.716163192e-06,1.21983464,0.7978508858,0.0004337483094,0.0002117938305
2720,0,0.0006433327666,2.017683852,-7.682283653e-06,1.21983391,0.7978499427,0.0004320931692,0.0002112395973
2721,0,0.000641152179,2.017682198,-7.646395838e-06,1.219833189,0.7978490091,0.0004304761046,0.0002106760744
2722,0,0.0006390026417,2.017680563,-7.608568851e-06,1.219832478,0.797848085,0.0004288985803,0.0002101040613
2723,0,0.0006368863875,2.017678947,-7.568873231e-06,1.219831776,0.7978471702,0.0004273620219,0.0002095243656
2724,0,0.0006348056066,2.01767735,-7.527381318e-06,1.219831085,0.7978462648,0.0004258678074,0.0002089377991
2725,0,0.0006327624371,2.017675772,-7.484167356e-06,1.219830404,0.7978453685,0.0004244172617,0.0002083451754
2726,0,0.0006307589625,2.017674215,-7.43930731e-06,1.219829734,0.7978444814,0.0004230116534,0.0002077473092
2727,0,0.0006287972131,2.017672678,-7.392878505e-06,1.219829075,0.7978436033,0.000421652197,0.0002071450161
2728,0,0.0006268791699,2.017671162,-7.344959276e-06,1.219828428,0.7978427342,0.0004203400564,0.0002065391136
2729,0,0.0006250067679,2.017669666,-7.295628748e-06,1.219827792,0.797841874,0.0004190763483,0.0002059304196
2730,0,0.0006232031788,2.017668218,-7.246758954e-06,1.21982717,0.7978410481,0.0004178626956,0.0002053404831
2731,0,0.0006214508943,2.017666848,-7.196774142e-06,1.219826617,0.7978402315,0.0004167005669,0.0002047503275
2732,0,0.000619752527,2.017665537,-7.145660719e-06,1.219826114,0.7978394229,0.0004155918278,0.0002041606992
2733,0,0.0006181105973,2.017664273,-7.093427148e-06,1.219825651,0.797838622,0.0004145382601,0.0002035723372
2734,0,0.0006165270799,2.017663049,-7.040129705e-06,1.21982522,0.7978378285,0.0004135412091,0.0002029858708
2735,0,0.0006150033605,2.017661859,-6.985859727e-06,1.219824817,0.7978370424,0.0004126015113,0.0002024018493
2736,0,0.0006135404342,2.017660703,-6.930711282e-06,1.219824438,0.7978362642,0.0004117196255,0.0002018208086
2737,0,0.0006121390602,2.017659577,-6.874765373e-06,1.219824083,0.7978354943,0.0004108957678,0.0002012432924
2738,0,0.0006107997923,2.017658482,-6.818098003e-06,1.219823749,0.7978347333,0.0004101299619,0.0002006698304
2739,0,0.0006095230029,2.017657418,-6.760792507e-06,1.219823436,0.7978339815,0.0004094220701,0.0002001009329
2740,0,0.0006083090113,2.017656383,-6.702939608e-06,1.219823144,0.7978332389,0.0004087718864,0.0001995371249
2741,0,0.0006071582765,2.017655375,-6.64462731e-06,1.219822869,0.7978325053,0.0004081792818,0.0001989789947
2742,0,0.0006060715199,2.017654392,-6.585932697e-06,1.219822611,0.7978317804,0.0004076443088,0.0001984272111
2743,0,0.0006050496828,2.017653431,-6.526923079e-06,1.219822367,0.7978310638,0.0004071671893,0.0001978824934
2744,0,0.0006040937471,2.01765249,-6.467664181e-06,1.219822134,0.7978303553,0.0004067481913,0.0001973455558
2745,0,0.0006032045311,2.017651566,-6.408228287e-06,1.219821911,0.7978296545,0.0004063874712,0.0001968170599
2746,0,0.0006023825695,2.017650658,-6.348697042e-06,1.219821696,0.7978289613,0.0004060849694,0.0001962976001
2747,0,0.0006016281204,2.017649763,-6.289158489e-06,1.219821487,0.7978282755,0.000405840401,0.0001957877194
2748,0,0.0006009412646,2.017648881,-6.229701342e-06,1.219821284,0.797827597,0.0004056533248,0.0001952879398
2749,0,0.0006003220263,2.017648009,-6.170410114e-06,1.219821083,0.7978269254,0.0004055232387,0.0001947987876
2750,0,0.000599770454,2.017647146,-6.111363116e-06,1.219820885,0.7978262606,0.0004054496508,0.0001943208032
2751,0,0.0005992866344,2.017646291,-6.052633327e-06,1.219820689,0.7978256024,0.0004054320998,0.0001938545347
2752,0,0.0005988706527,2.017645442,-5.994290879e-06,1.219820491,0.7978249506,0.0004054701308,0.0001934005219
2753,0,0.0005985225317,2.017644599,-5.936405561e-06,1.219820293,0.7978243052,0.0004055632502,0.0001929592814
2754,0,0.0005982421815,2.017643759,-5.879048225e-06,1.219820093,0.7978236661,0.0004057108854,0.0001925312962
2755,0,0.0005980293801,2.017642924,-5.822290886e-06,1.219819891,0.7978230332,0.0004059123658,0.0001921170143
2756,0,0.000597883784,2.017642092,-5.76620565e-06,1.219819685,0.7978224066,0.0004061669295,0.0001917168545
2757,0,0.0005978049589,2.017641263,-5.710863197e-06,1.219819476,0.7978217861,0.0004064737453,0.0001913312136
2758,0,0.0005977924105,2.017640436,-5.656331502e-06,1.219819264,0.7978211718,0.0004068319375,0.000190960473
2759,0,0.0005978456048,2.017639611,-5.602675222e-06,1.219819047,0.7978205635,0.0004072406037,0.0001906050011
2760,0,0.0005979639707,2.017638788,-5.549955867e-06,1.219818827,0.7978199613,0.0004076988193,0.0001902651514
2761,0,0.00059814689,2.017637968,-5.498232451e-06,1.219818603,0.7978193652,0.0004082056315,0.0001899412584
2762,0,0.0005983936826,2.01763715,-5.447562198e-06,1.219818375,0.7978187751,0.0004087600489,0.0001896336337
2763,0,0.0005987035957,2.017636334,-5.398000945e-06,1.219818143,0.797818191,0.0004093610325,0.0001893425632
2764,0,0.0005990758009,2.017635522,-5.349603108e-06,1.219817909,0.797817613,0.0004100074941,0.0001890683068
2765,0,0.0005995093995,2.017634712,-5.302421329e-06,1.219817671,0.7978170409,0.0004106982992,0.0001888111003
2766,0,0.0006000034312,2.017633905,-5.256506051e-06,1.21981743,0.7978164747,0.0004114322745,0.0001885711568
2767,0,0.0006005568818,2.017633102,-5.211905228e-06,1.219817188,0.7978159145,0.0004122082142,0.0001883486676
2768,0,0.000601168687,2.017632303,-5.168664271e-06,1.219816943,0.79781536,0.0004130248844,0.0001881438026
2769,0,0.0006018377328,2.017631508,-5.126826161e-06,1.219816696,0.7978148113,0.0004138810237,0.0001879567091
2770,0,0.0006025628524,2.017630717,-5.086431609e-06,1.219816449,0.7978142684,0.0004147753416,0.0001877875108
2771,0,0.0006033428242,2.017629931,-5.04751915e-06,1.2198162,0.7978137311,0.0004157065169,0.0001876363073
2772,0,0.0006041763711,2.017629151,-5.010125114e-06,1.219815951,0.7978131995,0.0004166731974,0.0001875031737
2773,0,0.0006050621626,2.017628376,-4.974283535e-06,1.219815703,0.7978126735,0.000417674001,0.0001873881617
2774,0,0.0006059988177,2.017627608,-4.940026008e-06,1.219815455,0.797812153,0.000418707518,0.0001872912998
2775,0,0.0006069849082,2.017626847,-4.907381625e-06,1.219815208,0.7978116382,0.0004197723141,0.0001872125941
2776,0,0.0006080189609,2.017626092,-4.876376966e-06,1.219814964,0.7978111288,0.0004208669323,0.0001871520286
2777,0,0.0006090994588,2.017625346,-4.847036173e-06,1.219814721,0.7978106248,0.0004219898937,0.000187109565
2778,0,0.0006102248412,2.017624608,-4.819381034e-06,1.219814482,0.7978101263,0.0004231396986,0.0001870851426
2779,0,0.0006113935038,2.01762388,-4.793431061e-06,1.219814246,0.7978096332,0.0004243148261,0.0001870786778
2780,0,0.0006126037988,2.01762316,-4.769203531e-06,1.219814015,0.7978091453,0.0004255137345,0.0001870900643
2781,0,0.000613854036,2.017622451,-4.746713502e-06,1.219813788,0.7978086628,0.0004267348625,0.0001871191735
2782,0,0.0006151424843,2.017621752,-4.725973787e-06,1.219813566,0.7978081855,0.0004279766301,0.0001871658542
2783,0,0.0006164673739,2.017621063,-4.706994956e-06,1.21981335,0.7978077133,0.0004292374404,0.0001872299335
2784,0,0.000617826898,2.017620386,-4.689785326e-06,1.21981314,0.7978072463,0.000430515681,0.000187311217
2785,0,0.0006192192145,2.01761972,-4.674350987e-06,1.219812936,0.7978067843,0.0004318097254,0.0001874094891
2786,0,0.0006206424478,2.017619067,-4.66069582e-06,1.219812739,0.7978063274,0.0004331179343,0.0001875245136
2787,0,0.0006220946905,2.017618425,-4.648821533e-06,1.21981255,0.7978058754,0.0004344386569,0.0001876560337
2788,0,0.0006235740045,2.017617796,-4.638727684e-06,1.219812367,0.7978054284,0.0004357702319,0.0001878037726
2789,0,0.000625078423,2.017617179,-4.63041171e-06,1.219812193,0.7978049862,0.0004371109892,0.0001879674338
2790,0,0.0006266059527,2.017616576,-4.623868942e-06,1.219812027,0.7978045488,0.0004384592508,0.0001881467019
2791,0,0.0006281545753,2.017615985,-4.619092631e-06,1.219811869,0.7978041161,0.0004398133329,0.0001883412424
2792,0,0.0006297222501,2.017615408,-4.616073977e-06,1.219811719,0.7978036882,0.000441171547,0.0001885507031
2793,0,0.0006313069156,2.017614843,-4.61480216e-06,1.219811579,0.7978032649,0.0004425322019,0.0001887747137
2794,0,0.0006329064922,2.017614293,-4.615264385e-06,1.219811447,0.7978028461,0.0004438936054,0.0001890128868
2795,0,0.0006345188834,2.017613755,-4.617445912e-06,1.219811323,0.7978024319,0.0004452540652,0.0001892648182
2796,0,0.0006361419791,2.017613231,-4.621330107e-06,1.219811209,0.7978020222,0.0004466118915,0.0001895300876
2797,0,0.0006377736569,2.017612721,-4.626898465e-06,1.219811104,0.7978016169,0.0004479653981,0.0001898082588
2798,0,0.000639411785,2.017612223,-4.634130648e-06,1.219811007,0.7978012159,0.0004493129044,0.0001900988806
2799,0,0.0006410542247,2.017611739,-4.643004508e-06,1.21981092,0.7978008192,0.0004506527374,0.0001904014873
2800,0,0.0006426988328,2.017611267,-4.653496115e-06,1.219810841,0.7978004267,0.0004519832334,0.0001907155994
2801,0,0.0006443434645,2.017610809,-4.665579792e-06,1.21981077,0.7978000384,0.0004533027405,0.0001910407241
2802,0,0.0006459859761,2.017610363,-4.679228134e-06,1.219810708,0.7977996541,0.0004546096199,0.0001913763563
2803,0,0.0006476242276,2.017609929,-4.694412051e-06,1.219810655,0.797799274,0.0004559022487,0.000191721979
