step,physical_time,inner_iter,cfl,dt,rho,rhou,rhov,rhoE,residual_l2,residual_linf
0,0,0,1.002305238,0,0.8094065584,0.497102372,0.651629444,2.032622254,1.168163506,501879.9516
1,0,3,1.002305238,0.1591928323,0.6465477579,0.2666289502,0.3847637841,1.632402409,0.9085559688,404427.5502
2,0,3,1.00461579,0.1595598097,0.5220680583,0.2279598627,0.321743826,1.321668702,0.7373682938,313908.3761
3,0,3,1.006931669,0.159927633,0.4320390707,0.2239067635,0.3039857781,1.093927285,0.6176318191,232105.2552
4,0,3,1.009252886,0.1602963043,0.3676807588,0.2212073692,0.2896699387,0.9300669443,0.5322252894,161821.622
5,0,3,1.011579454,0.1606658255,0.3233383105,0.2138930726,0.2723284542,0.8169033217,0.4721736263,128105.4837
6,0,3,1.013911386,0.1610361984,0.2953644983,0.2003997591,0.2503652849,0.7457548752,0.431923998,105191.5444
7,0,3,1.016248693,0.1614074252,0.2774326084,0.1840664789,0.2269919435,0.7009056252,0.4042410663,104716.5254
8,0,3,1.018591388,0.1617795078,0.2627655977,0.1671373691,0.2051498477,0.6647729202,0.381113551,98714.42075
9,0,3,1.020939484,0.162152448,0.2490952496,0.1516200379,0.1864154302,0.6311317596,0.3599010592,78725.10091
10,0,3,1.023292992,0.162526248,0.2333490213,0.1395587087,0.1714749907,0.5917966823,0.3367326033,71650.8147
11,0,3,1.025651926,0.1629009097,0.2157567113,0.1306698369,0.1599642871,0.5471875158,0.3117003029,61784.64071
12,0,3,1.028016298,0.1632764351,0.1976097079,0.123576349,0.1496379081,0.5009290802,0.2862001737,53625.85925
13,0,3,1.03038612,0.1636528262,0.1810503489,0.11636196,0.1394843417,0.4586017,0.2627216851,49416.94619
14,0,3,1.032761406,0.1640300849,0.1677818134,0.1087838381,0.1290306107,0.4249364962,0.2435182666,40409.53571
15,0,3,1.035142167,0.1644082133,0.1565755695,0.1006441025,0.1189232649,0.3966555296,0.227004128,37450.07934
16,0,3,1.037528416,0.1647872134,0.1462518932,0.09328030921,0.1098679067,0.3705800528,0.2118321062,32211.982
17,0,3,1.039920166,0.1651670871,0.1363525171,0.08680608969,0.101887413,0.3455486441,0.1974286051,28317.0002
18,0,3,1.042317429,0.1655478366,0.1266755584,0.08122544099,0.09485758413,0.3209805327,0.1834875561,25446.37995
19,0,3,1.044720219,0.1659294638,0.1177663258,0.07616181912,0.08834797649,0.2983631233,0.1706571479,21153.27071
20,0,3,1.047128548,0.1663119707,0.1096536209,0.07131688457,0.08227052891,0.2777773463,0.1589329329,19711.50712
21,0,3,1.049542429,0.1666953594,0.1023542099,0.06679384184,0.07659633586,0.259275004,0.1483478412,16590.46695
22,0,3,1.051961874,0.1670796318,0.09568154601,0.06245949539,0.07133644822,0.2423789236,0.1386475552,15157.68611
23,0,3,1.054386896,0.1674647902,0.0894877656,0.05857977506,0.06655637299,0.2266843511,0.1296680339,13273.90915
24,0,3,1.056817509,0.1678508364,0.08372190449,0.05496651762,0.06214590905,0.2120719901,0.1213129407,11579.91642
25,0,3,1.059253725,0.1682377725,0.07837820678,0.05166854227,0.05811759167,0.1985217601,0.1135796254,10488.99499
26,0,3,1.061695557,0.1686256006,0.07344044658,0.04861157035,0.054382865,0.1860016649,0.10643155,8804.224382
27,0,3,1.064143018,0.1690143228,0.06890945733,0.04574552353,0.05093919942,0.1745138155,0.0998637072,8756.361823
28,0,3,1.066596121,0.1694039411,0.06472018026,0.04312035678,0.04776082482,0.1638911899,0.0937943034,9311.667877
29,0,3,1.069054879,0.1697944575,0.06085568763,0.04065490122,0.04482393602,0.1540901613,0.08818899982,9896.139843
30,0,3,1.071519305,0.1701858741,0.05728820524,0.03840188803,0.0421260722,0.1450402788,0.08301796776,10509.32704
31,0,3,1.073989412,0.1705781931,0.05398353783,0.03629343272,0.03963075692,0.1366547832,0.07822493573,11150.16982
32,0,3,1.076465214,0.1709714164,0.05095592924,0.03435217617,0.03733702712,0.1289715521,0.0738313849,11816.77623
33,0,3,1.078946722,0.1713655462,0.0481476258,0.03255643536,0.03521853778,0.1218418602,0.06975654029,12507.80705
34,0,3,1.081433951,0.1717605846,0.04557190048,0.03088515999,0.03326558009,0.1152997713,0.06601387599,13221.63982
35,0,3,1.083926914,0.1721565337,0.0432024214,0.02935469916,0.03146886,0.1092803758,0.06257123393,13956.34976
36,0,3,1.086425624,0.1725533955,0.0410096875,0.02791796611,0.02980878532,0.1037058597,0.05938155506,14709.68193
37,0,3,1.088930093,0.1729511721,0.03901466978,0.02660013708,0.02828477498,0.09863336977,0.05647628237,15478.9134
38,0,3,1.091440336,0.1733498657,0.03716724993,0.02537915066,0.02687901848,0.09393338239,0.0537853784,16260.91472
39,0,3,1.093956366,0.1737494785,0.03547999301,0.02424516188,0.02558599029,0.08963727669,0.05132285565,17052.27515
40,0,3,1.096478196,0.1741500124,0.03394372894,0.0232088995,0.02440033217,0.08572462613,0.04907880776,17849.25496
41,0,3,1.099005839,0.1745514696,0.03252244334,0.02223586506,0.02330771858,0.08210072298,0.04699979116,18647.72035
42,0,3,1.10153931,0.1749538523,0.03124457858,0.0213457757,0.02231090702,0.07883949157,0.04512567959,19443.05394
43,0,3,1.10407862,0.1753571626,0.03008618873,0.02053399577,0.02140067806,0.07588047996,0.04342424436,20229.96182
44,0,3,1.106623784,0.1757614026,0.02903290846,0.01977522729,0.02057161302,0.07318330618,0.04187169973,21002.04429
45,0,3,1.109174815,0.1761665745,0.02811327798,0.01909605308,0.01983026258,0.07082317723,0.04050980557,21750.58393
46,0,3,1.111731727,0.1765726804,0.0273088214,0.01849160287,0.01917257455,0.06875303959,0.03931373542,22460.92217
47,0,3,1.114294534,0.1769797224,0.02661452186,0.01794234126,0.01859608436,0.06695621047,0.03827273461,23098.6523
48,0,3,1.116863248,0.1773877028,0.02606692716,0.01747998748,0.01811155214,0.06552882413,0.03744025162,23802.37597
49,0,3,1.119437883,0.1777966237,0.02565650122,0.01710892922,0.01772154939,0.06444706223,0.03680505623,24480.0396
50,0,3,1.122018454,0.1782064873,0.02538543488,0.01682091649,0.01742622457,0.06371659302,0.03636908393,25585.46486
51,0,3,1.124604974,0.1786172956,0.02526049894,0.01662629941,0.01722338049,0.06336141905,0.03614498893,26531.94221
52,0,3,1.127197456,0.179029051,0.02525533422,0.01652018433,0.01710243897,0.06331996368,0.0360993754,27347.8428
53,0,3,1.129795915,0.1794417556,0.0253336653,0.01647852816,0.01704037468,0.06350170954,0.03618071991,28044.88757
54,0,3,1.132400363,0.1798554116,0.02546543593,0.01648630551,0.01701329676,0.06383225481,0.03634658071,28631.36609
55,0,3,1.135010816,0.1802700211,0.02560355197,0.01651804246,0.01699978744,0.0641927142,0.03653109953,29105.85927
56,0,3,1.137627286,0.1806855865,0.02570653979,0.01654643084,0.01698118916,0.06447424712,0.03667390042,29464.09845
57,0,3,1.140249788,0.1811021097,0.02575143801,0.0165403686,0.01694134385,0.06461566669,0.03673865085,29703.58136
58,0,3,1.142878335,0.1815195932,0.02572891623,0.01649290274,0.01687254424,0.06459039073,0.03671033334,29827.31959
59,0,3,1.145512941,0.1819380391,0.0256264268,0.01640538418,0.01677106597,0.06436167675,0.03657029009,29837.48144
60,0,3,1.148153621,0.1823574496,0.02546585376,0.01629281735,0.01664914771,0.0639831526,0.03634901491,29741.37555
61,0,3,1.150800389,0.1827778269,0.02526001884,0.01615815149,0.01650932317,0.06348727399,0.03606364555,29550.1266
62,0,3,1.153453258,0.1831991733,0.02502859088,0.01601020858,0.01635244795,0.06292263095,0.03574009366,29271.44208
63,0,3,1.156112242,0.1836214911,0.02478420131,0.01584709218,0.01617686292,0.06232227692,0.03539471733,28919.0959
64,0,3,1.158777356,0.1840447823,0.02454462117,0.01566996807,0.01598552187,0.06173592209,0.03505298601,28504.20818
65,0,3,1.161448614,0.1844690493,0.02431640272,0.01548019844,0.01578556114,0.06118287069,0.03472553668,28034.38838
66,0,3,1.164126029,0.1848942944,0.02409121418,0.01528146661,0.01557439003,0.06064121171,0.03440140987,27513.12883
67,0,3,1.166809617,0.1853205198,0.02385978017,0.01508277416,0.01535714459,0.06008460329,0.03406897646,26940.46444
68,0,3,1.169499391,0.1857477277,0.02362046377,0.01489075861,0.01513698991,0.05950715428,0.03372643946,26313.67144
69,0,3,1.172195366,0.1861759204,0.02337697892,0.01471000119,0.01491568995,0.05891717127,0.03337880374,25628.45308
70,0,3,1.174897555,0.1866051003,0.02314049489,0.0145396367,0.01469360387,0.0583455343,0.03304159086,24879.81437
71,0,3,1.177605974,0.1870352694,0.02291847601,0.01437587782,0.01447074011,0.05781272685,0.03272474641,24062.98012
72,0,3,1.180320636,0.1874664303,0.02270637594,0.0142122176,0.01424815303,0.05730768499,0.03242201128,23174.24594
73,0,3,1.183041556,0.187898585,0.02249949709,0.01404879347,0.01402612305,0.05681909958,0.03212762897,22211.8215
74,0,3,1.185768748,0.188331736,0.02229089184,0.01388571077,0.01380019829,0.05632723636,0.0318311948,21201.28707
75,0,3,1.188502227,0.1887658855,0.02207940315,0.01372028838,0.01357498362,0.05582706609,0.03153049256,20154.88101
76,0,3,1.191242008,0.1892010358,0.02186928044,0.01355472367,0.01335088881,0.05532783841,0.03123064159,19048.9676
77,0,3,1.193988104,0.1896371892,0.02166453382,0.01339003325,0.01312685813,0.054840986,0.03093740926,17891.29238
78,0,3,1.196740531,0.1900743481,0.02146667091,0.01322416313,0.01290487486,0.05437081075,0.03065296603,16687.77284
79,0,3,1.199499303,0.1905125147,0.0212759546,0.01305575627,0.01268510249,0.05391847635,0.03037775886,15446.29257
80,0,3,1.202264435,0.1909516914,0.0210967879,0.01288663197,0.01247224927,0.05349571375,0.03011846665,14712.47654
81,0,3,1.20503594,0.1913918805,0.02091775065,0.01271577486,0.01226285301,0.05307175255,0.02985896727,14148.68492
82,0,3,1.207813835,0.1918330844,0.02074377763,0.0125470731,0.01205366857,0.05265841344,0.0296054589,13539.00123
83,0,3,1.210598134,0.1922753053,0.02057864731,0.01238002407,0.01184960171,0.0522651751,0.02936327345,12884.34594
84,0,3,1.21338885,0.1927185457,0.02042799035,0.01221469367,0.0116491709,0.05190703886,0.02913994422,12192.95778
85,0,3,1.216186001,0.1931628078,0.02028809644,0.01205243823,0.01145345138,0.05157475051,0.028930972,11475.32802
86,0,3,1.218989599,0.1936080941,0.0201574185,0.01189489797,0.01126418377,0.05126471487,0.02873483489,10743.00625
87,0,3,1.22179966,0.1940544068,0.0200286567,0.01174011571,0.01107826255,0.05095767905,0.02854115608,9996.683136
88,0,3,1.224616199,0.1945017484,0.01989675635,0.01158673572,0.01089735319,0.05064027623,0.02834309105,9952.102705
89,0,3,1.227439231,0.1949501213,0.01976156631,0.01143445655,0.01072114222,0.050312183,0.02814038445,10071.37082
90,0,3,1.230268771,0.1953995277,0.01961851296,0.01127828133,0.01054503634,0.04996109701,0.02792577074,10156.92094
91,0,3,1.233104833,0.1958499701,0.0194723102,0.01112149293,0.0103708719,0.04959946578,0.02770613858,10208.74417
92,0,3,1.235947433,0.1963014509,0.0193205708,0.01096488602,0.01019561156,0.04922073025,0.02747791824,10220.89639
93,0,3,1.238796587,0.1967539725,0.01916367997,0.0108048294,0.01001965299,0.0488260593,0.02724136781,10199.82504
94,0,3,1.241652308,0.1972075373,0.01900125914,0.01064304314,0.00984314071,0.04841475867,0.02699628906,10164.50824
95,0,3,1.244514612,0.1976621476,0.01883044447,0.01048243606,0.009667376619,0.04797925823,0.0267391777,10139.18289
96,0,3,1.247383514,0.1981178059,0.01865414581,0.01032233905,0.00948982453,0.04752754122,0.02647381623,10094.59793
97,0,3,1.25025903,0.1985745146,0.01847595046,0.01016390999,0.00931448835,0.04706923683,0.0262056223,10064.43157
98,0,3,1.253141175,0.1990322761,0.01829695437,0.01001017785,0.009139460479,0.04660703529,0.02593611226,10164.66623
99,0,3,1.256029964,0.1994910929,0.01812042522,0.009859401573,0.008965308356,0.04614988708,0.02566976062,10233.08578
100,0,3,1.258925412,0.1999509674,0.01794714467,0.009713495727,0.008793483005,0.04570000973,0.0254080117,10266.71483
101,0,3,1.261827535,0.200411902,0.01777828782,0.009573190014,0.008623359664,0.04526073417,0.02515258374,10261.74231
102,0,3,1.264736347,0.2008738991,0.01761510319,0.009437756947,0.008455528381,0.04483545766,0.02490520699,10758.44964
103,0,3,1.267651866,0.2013369613,0.01746189646,0.009308279699,0.008291174161,0.04443577591,0.02467206745,11479.3539
104,0,3,1.270574105,0.2018010909,0.01731572256,0.009183773835,0.008128396364,0.04405557102,0.02444964271,12138.32341
105,0,3,1.273503081,0.2022662905,0.01717968375,0.009068406256,0.00796754067,0.04370576057,0.02424382775,12734.87609
106,0,3,1.276438809,0.2027325624,0.01704954544,0.008956238752,0.00780855451,0.04337092961,0.02404637328,13214.13739
107,0,3,1.279381304,0.2031999092,0.01692564104,0.00885144969,0.007652639479,0.04305156713,0.02385804796,13610.82746
108,0,3,1.282330583,0.2036683334,0.01681336265,0.008750696597,0.007500360251,0.04276315094,0.02368652748,13930.38825
109,0,3,1.28528666,0.2041378374,0.01671468814,0.008654158579,0.007350644679,0.04251027482,0.02353418101,14172.50795
110,0,3,1.288249552,0.2046084237,0.01662447113,0.008562013752,0.007204627071,0.04228114745,0.02339488833,14338.02344
111,0,3,1.291219274,0.2050800949,0.01654080569,0.00847375945,0.00706227454,0.04206967224,0.0232655104,14428.94349
112,0,3,1.294195841,0.2055528533,0.01646401613,0.008387956304,0.006924176843,0.04187663259,0.02314637239,14448.4528
113,0,3,1.297179271,0.2060267016,0.01639041452,0.008305571137,0.006791873643,0.04169270413,0.02303279903,14402.98476
114,0,3,1.300169578,0.2065016422,0.01631833351,0.008223899957,0.0066651856,0.04151313059,0.02292207042,14301.95523
115,0,3,1.303166778,0.2069776776,0.01624690714,0.00814367649,0.006541663704,0.04133567352,0.02281289508,14145.36546
116,0,3,1.306170888,0.2074548104,0.01617310585,0.008064192981,0.006421889045,0.04115236733,0.02270109335,13937.22513
117,0,3,1.309181923,0.2079330432,0.01609640602,0.00798473117,0.006305912574,0.04096169727,0.02258581078,13683.8333
118,0,3,1.312199899,0.2084123783,0.01601674444,0.007904863743,0.006192515772,0.04076324839,0.02246671229,13391.31637
119,0,3,1.315224832,0.2088928185,0.01593444179,0.007823755063,0.006082264289,0.04055800678,0.02234425783,13065.36641
120,0,3,1.318256739,0.2093743662,0.01584900195,0.007741477364,0.005974973921,0.04034467124,0.02221775273,12711.06648
121,0,3,1.321295634,0.2098570239,0.01576185184,0.007658650019,0.00587079953,0.04012678768,0.0220891165,12332.86048
122,0,3,1.324341535,0.2103407943,0.01567441212,0.007575544234,0.0057709218,0.03990807319,0.02196038428,11934.58397
123,0,3,1.327394458,0.2108256799,0.01558772199,0.007491860305,0.005676213468,0.03969118781,0.02183297298,11519.49099
124,0,3,1.330454418,0.2113116833,0.01550350713,0.007408184908,0.005586259807,0.03948061267,0.02170924349,11090.23499
125,0,3,1.333521432,0.2117988071,0.01542390874,0.007324566408,0.005500072913,0.03928185256,0.02159201807,10648.77809
126,0,3,1.336595517,0.2122870537,0.01535054107,0.007241489217,0.005417747307,0.03909894668,0.02148346978,10196.29247
127,0,3,1.339676687,0.2127764259,0.01528425176,0.007159220965,0.005340719374,0.03893422942,0.02138492636,9733.039017
128,0,3,1.342764961,0.2132669263,0.01522508539,0.007077970303,0.00526894069,0.0387879059,0.02129650364,9258.344471
129,0,3,1.345860354,0.2137585573,0.01517224952,0.00699848994,0.005201093395,0.03865775188,0.02121702836,8770.778797
130,0,3,1.348962883,0.2142513217,0.01512693025,0.006920969422,0.005137304913,0.03854682278,0.02114812808,8268.282077
131,0,3,1.352072563,0.214745222,0.01508696255,0.006845691133,0.005077052227,0.03844959283,0.02108688914,7748.754243
132,0,3,1.355189412,0.2152402608,0.01505220595,0.006772056602,0.005020316764,0.03836573496,0.02103308616,7354.602638
133,0,3,1.358313447,0.2157364409,0.01502269155,0.006699059627,0.00496636179,0.03829527314,0.02098661095,7499.105379
134,0,3,1.361444682,0.2162337647,0.01499900381,0.006626269606,0.004914666707,0.03823967944,0.02094817771,7608.686884
135,0,3,1.364583137,0.216732235,0.01498108684,0.006553240491,0.004865088535,0.03819874807,0.02091764426,7683.231681
136,0,3,1.367728826,0.2172318544,0.01496830051,0.006480238375,0.004818255125,0.03817068867,0.02089414132,7869.808351
137,0,3,1.370881766,0.2177326256,0.0149600212,0.006405660348,0.004772041135,0.03815373168,0.02087650795,8044.902624
138,0,3,1.374041975,0.2182345511,0.01495857118,0.006331481824,0.004729385492,0.0381538266,0.02086820599,8195.328849
139,0,3,1.377209469,0.2187376337,0.01496294141,0.006255358408,0.004686511849,0.0381681583,0.0208673838,8315.226128
140,0,3,1.380384265,0.219241876,0.01497305035,0.0061784181,0.004648805945,0.03819649564,0.02087431893,8469.744842
141,0,3,1.383566379,0.2197472808,0.01498921982,0.006100690073,0.004617283934,0.03823970909,0.02088952963,8655.532146
142,0,3,1.386755829,0.2202538506,0.01501025948,0.006022829317,0.004591334358,0.03829463848,0.0209113728,8811.17251
143,0,3,1.389952631,0.2207615881,0.01503390288,0.00594454031,0.004569216564,0.03835535841,0.02093661299,8933.806553
144,0,3,1.393156803,0.2212704961,0.01506074874,0.005865164231,0.004549885405,0.03842348184,0.0209659946,9017.430103
145,0,3,1.396368361,0.2217805773,0.0150914967,0.005785756915,0.004534791137,0.0385008423,0.02100063954,9061.554765
146,0,3,1.399587323,0.2222918343,0.01512654256,0.005706756441,0.004524262767,0.03858847429,0.0210411422,9067.120246
147,0,3,1.402813705,0.2228042699,0.01516588762,0.005629059485,0.004517304958,0.03868636298,0.0210875033,9115.450614
148,0,3,1.406047524,0.2233178868,0.01521013263,0.005553642689,0.004511703089,0.03879602577,0.02114047162,9141.516878
149,0,3,1.409288798,0.2238326877,0.01525958227,0.005481311747,0.004506930525,0.03891826872,0.02120049346,9126.409562
150,0,3,1.412537545,0.2243486754,0.0153135249,0.005412508315,0.004505202129,0.03905133169,0.02126677364,9070.346077
151,0,3,1.41579378,0.2248658525,0.01537161121,0.005347789542,0.004505556691,0.03919441757,0.02133885947,8975.309948
152,0,3,1.419057522,0.2253842218,0.01543307477,0.005287878972,0.00450826363,0.03934560946,0.02141578206,8911.756614
153,0,3,1.422328787,0.2259037861,0.01549824274,0.005232597282,0.004512518655,0.03950588524,0.02149798476,8862.373505
154,0,3,1.425607594,0.2264245481,0.01556603031,0.005182335194,0.004519317322,0.03967253215,0.02158409098,8777.133834
155,0,3,1.428893959,0.2269465106,0.01563579722,0.005136837192,0.004529586364,0.03984395925,0.02167327555,8656.437001
156,0,3,1.432187899,0.2274696763,0.01570798769,0.005096379821,0.004542501418,0.04002137036,0.02176613407,8493.53095
157,0,3,1.435489433,0.2279940481,0.01578350089,0.005062740217,0.004557423461,0.04020710607,0.02186396422,8300.961706
158,0,3,1.438798578,0.2285196287,0.01586212401,0.005031744068,0.004574680024,0.04040058149,0.02196622469,8091.353451
159,0,3,1.442115352,0.2290464208,0.01594489079,0.005006486837,0.004595257159,0.04060451678,0.02207457601,8037.531449
160,0,3,1.445439771,0.2295744273,0.01603166842,0.004985860735,0.004619493826,0.04081863423,0.02218881375,7979.320194
161,0,3,1.448771854,0.230103651,0.01612346909,0.004967212257,0.004646597349,0.04104557147,0.02231013927,7934.680745
162,0,3,1.452111618,0.2306340947,0.016220366,0.004948286315,0.00467542478,0.04128556424,0.02243848938,7889.080617
163,0,3,1.455459081,0.2311657612,0.01632359438,0.004933079413,0.004706947162,0.04154182083,0.02257583462,7843.855612
164,0,3,1.45881426,0.2316986534,0.01643268732,0.004915970891,0.004740310333,0.04181313164,0.02272118231,7808.266771
165,0,3,1.462177174,0.2322327739,0.01654843664,0.004896847689,0.004774926017,0.04210156588,0.02287559639,7768.491813
166,0,3,1.465547841,0.2327681257,0.01667127825,0.0048759244,0.004809740794,0.04240817443,0.0230396019,7722.390035
167,0,3,1.468926278,0.2333047117,0.01680167368,0.004856468301,0.004845734741,0.04273413898,0.02321405448,7667.641649
168,0,3,1.472312502,0.2338425346,0.01693856847,0.004833875667,0.004881655547,0.04307669779,0.02339718952,7601.926184
169,0,3,1.475706533,0.2343815973,0.01708252625,0.004808435211,0.004916388405,0.04343724792,0.02358971775,7523.09421
170,0,3,1.479108388,0.2349219027,0.01723250552,0.004781510501,0.004951173049,0.04381307031,0.02379034118,7429.320772
171,0,3,1.482518085,0.2354634536,0.01738794579,0.004756789254,0.004986884956,0.04420272154,0.02399852764,7320.898502
172,0,3,1.485935642,0.2360062529,0.0175477672,0.004731747998,0.005022567402,0.04460339296,0.02421261252,7347.472691
173,0,3,1.489361078,0.2365503035,0.01771159078,0.004706409366,0.005058334404,0.04501411344,0.02443208901,7461.37154
174,0,3,1.49279441,0.2370956083,0.01787924884,0.004682216191,0.005095069703,0.04543443216,0.024656835,7592.762455
175,0,3,1.496235656,0.2376421701,0.01805077533,0.004660492939,0.005133258277,0.0458643837,0.02488695802,7752.884823
176,0,3,1.499684836,0.2381899919,0.0182264884,0.004640188147,0.005173709776,0.04630475966,0.02512286939,7905.430388
177,0,3,1.503141966,0.2387390765,0.01840505352,0.004622833055,0.005217165298,0.04675210342,0.02536283979,8038.793707
178,0,3,1.506607066,0.2392894269,0.0185871829,0.004611740574,0.005263401187,0.04720823309,0.0256079684,8153.425621
179,0,3,1.510080154,0.239841046,0.01877240997,0.00460175749,0.00531147274,0.04767192239,0.02585731751,8249.911085
180,0,3,1.513561248,0.2403939368,0.01896194828,0.004596928912,0.005361102644,0.04814623473,0.02611268168,8328.889608
181,0,3,1.517050367,0.240948102,0.01915620387,0.00459417779,0.005412504922,0.04863226443,0.02637450933,8390.993207
182,0,3,1.52054753,0.2415035448,0.01935488063,0.004590273104,0.005463669507,0.04912921372,0.02664213457,8436.799078
183,0,3,1.524052754,0.2420602679,0.01955954361,0.004588170134,0.005515118287,0.04964107292,0.02691783657,8466.796139
184,0,3,1.527566058,0.2426182745,0.01977001669,0.004586627556,0.005566679825,0.05016740297,0.02720131871,8501.517571
185,0,3,1.531087462,0.2431775674,0.01998747758,0.00458641159,0.005616213149,0.05071119392,0.02749409696,8549.332088
186,0,3,1.534616983,0.2437381495,0.02021219058,0.004583869295,0.00566368385,0.05127305094,0.02779634676,8582.422954
187,0,3,1.53815464,0.244300024,0.02044515202,0.004582028248,0.005709083589,0.05185548088,0.02810953467,8601.038673
188,0,3,1.541700453,0.2448631937,0.02068625081,0.004579568535,0.00575212077,0.05245813927,0.02843341647,8692.474248
189,0,3,1.54525444,0.2454276617,0.02093597061,0.004577265416,0.005794770544,0.05308226128,0.02876878539,8793.607001
190,0,3,1.548816619,0.2459934309,0.02119359738,0.004573629713,0.005837221444,0.05372600744,0.02911461699,8924.167205
191,0,3,1.55238701,0.2465605043,0.02145875074,0.0045688527,0.005879348419,0.05438836439,0.02947038054,9059.629278
192,0,3,1.555965632,0.247128885,0.02173223476,0.004562809925,0.005922552306,0.05507138729,0.02983724009,9181.853198
193,0,3,1.559552503,0.2476985759,0.02201433148,0.004555135704,0.005967426852,0.05577579642,0.03021559904,9290.377976
194,0,3,1.563147643,0.2482695801,0.02230303747,0.004546898433,0.006013513398,0.05649639502,0.0306027154,9387.927473
195,0,3,1.56675107,0.2488419006,0.02259889822,0.004538298649,0.006061210877,0.05723458768,0.03099936556,9525.018765
196,0,3,1.570362804,0.2494155405,0.02290169608,0.004528535778,0.006108944521,0.05798979495,0.03140513828,9647.495666
197,0,3,1.573982864,0.2499905027,0.02321239324,0.004518319988,0.006159814128,0.05876444596,0.03182150937,9754.100056
198,0,3,1.57761127,0.2505667904,0.02353063237,0.004508334968,0.00621363184,0.05955758465,0.03224798774,9866.154584
199,0,3,1.581248039,0.2511444065,0.02385600335,0.004497823454,0.006267108554,0.06036812938,0.03268381483,9989.295627
200,0,3,1.584893192,0.2517233543,0.02418859817,0.004488810514,0.006321138618,0.06119628814,0.03312921738,10089.65186
201,0,3,1.588546749,0.2523036366,0.02452783791,0.004481486824,0.006376174011,0.06204061563,0.03358344882,10165.09015
202,0,3,1.592208727,0.2528852567,0.02487329641,0.004476811354,0.006431763056,0.06290007533,0.03404596073,10251.15869
203,0,3,1.595879147,0.2534682176,0.02522422447,0.004476326809,0.006487242147,0.06377280017,0.03451576942,10317.06016
204,0,3,1.599558029,0.2540525224,0.02557972434,0.004480028148,0.006542900732,0.06465657638,0.03499169676,10351.45814
205,0,3,1.603245391,0.2546381742,0.02593877208,0.004489816594,0.006599519662,0.06554884399,0.03547246453,10352.58492
206,0,3,1.606941253,0.2552251762,0.02630006475,0.004504542506,0.006655883477,0.06644633736,0.03595622631,10320.22399
207,0,3,1.610645635,0.2558135314,0.02666310608,0.004525586814,0.006712078185,0.06734786304,0.03644238196,10254.72679
208,0,3,1.614358557,0.2564032431,0.0270264758,0.004552717301,0.006767700984,0.06824983744,0.03692898494,10169.7613
209,0,3,1.618080038,0.2569943144,0.02739021747,0.004587326682,0.006825829038,0.06915238826,0.03741628096,10080.89655
210,0,3,1.621810097,0.2575867484,0.02775288028,0.004626833971,0.006881504776,0.07005186741,0.03790200916,9963.244908
211,0,3,1.625548756,0.2581805484,0.02811516047,0.004671541659,0.006939038495,0.07095002251,0.03838730747,9818.177096
212,0,3,1.629296033,0.2587757175,0.02847519754,0.004720265394,0.006998253386,0.07184213718,0.03886960897,9722.481215
213,0,3,1.633051948,0.259372259,0.02883166411,0.004769797504,0.007055404708,0.07272487507,0.03934686142,9685.325592
214,0,3,1.636816521,0.2599701761,0.02918609225,0.004819509354,0.007118602953,0.07360221592,0.03982152793,9649.059609
215,0,3,1.640589773,0.2605694722,0.02953600227,0.004868976509,0.007181062686,0.07446781516,0.04028990419,9597.485328
216,0,3,1.644371723,0.2611701504,0.02988357854,0.004918370106,0.007249231742,0.07532722248,0.04075524641,9559.46809
217,0,3,1.648162392,0.2617722142,0.03022565524,0.004964723415,0.007320092722,0.07617243811,0.04121305254,9614.458373
218,0,3,1.651961798,0.2623756669,0.03056095389,0.005006516551,0.007385373101,0.07700020527,0.04166117034,9678.311875
219,0,3,1.655769963,0.2629805118,0.03089084004,0.005045783537,0.007452280081,0.07781398037,0.04210182879,9729.770099
220,0,3,0.8297934537,0.1317933763,0.0308230642,0.004985197395,0.007195624443,0.07763357643,0.04199304312,9275.374203
221,0,3,0.8483404517,0.1347391375,0.03079595189,0.004940902003,0.006924746719,0.07755576739,0.04193939776,8900.826066
222,0,3,0.867302,0.1377507407,0.03080132753,0.004911530797,0.006658209129,0.0775598071,0.04193059843,8623.559035
223,0,3,0.8866873643,0.1408296576,0.0308351944,0.004898544926,0.00642912811,0.07763552888,0.04196252491,8446.744335
224,0,3,0.9065060176,0.1439773929,0.03089537218,0.004900733592,0.006260604625,0.07777738333,0.04203289706,8361.671567
225,0,3,0.9267676444,0.1471954848,0.030980533,0.004914290418,0.006156219618,0.07798195514,0.04213973197,8346.973243
226,0,3,0.9474821457,0.150485506,0.03108865506,0.00493516483,0.006111988296,0.07824409809,0.04227988769,8370.444382
227,0,3,0.968659644,0.1538490642,0.03121640318,0.004960080711,0.006115886599,0.07855536861,0.04244825154,8413.421374
228,0,3,0.9903104878,0.1572878033,0.03135973173,0.00498652831,0.006153203067,0.07890554306,0.04263872909,8480.892509
229,0,3,1.012445257,0.1608034037,0.03151429574,0.005012887516,0.006214408109,0.07928366823,0.04284506621,8575.686454
230,0,3,1.035074768,0.1643975835,0.0316765118,0.005038521613,0.006290770086,0.07968071644,0.04306210184,8657.247093
231,0,3,1.058210079,0.1680720993,0.03184426397,0.005063241131,0.006373849339,0.0800913723,0.04328668222,8719.84066
232,0,3,1.081862495,0.1718287469,0.03201480601,0.005087118224,0.006459909037,0.08050870166,0.04351496307,8758.695368
233,0,3,1.106043575,0.1756693622,0.03218862718,0.005110218687,0.006542433769,0.08093395715,0.04374737396,8775.359648
234,0,3,1.130765134,0.1795958224,0.0323654905,0.005132678842,0.006622708368,0.08136651149,0.04398362998,8773.422994
235,0,3,1.156039253,0.1836100465,0.03254558966,0.005154602264,0.006700510513,0.08180683186,0.04422397515,8758.535623
236,0,3,1.181878283,0.1877139966,0.03272895742,0.005176158758,0.006778366967,0.08225497402,0.04446854024,8734.442933
237,0,3,1.20829485,0.1919096784,0.03291580967,0.005197652439,0.00685637826,0.08271146581,0.04471762129,8702.068145
238,0,3,1.235301862,0.196199143,0.03310628285,0.005219043405,0.006936008503,0.08317663997,0.04497145214,8661.014555
239,0,3,1.262912517,0.200584487,0.03329904263,0.005240337382,0.00702091665,0.08364709855,0.04522835876,8610.952479
240,0,3,1.291140308,0.2050678541,0.03349298653,0.005261398877,0.00710853526,0.0841200418,0.04548674304,8551.438862
241,0,3,1.319999028,0.2096514362,0.03368916698,0.005281786892,0.007198953409,0.0845981401,0.04574802587,8482.236408
242,0,3,1.349502779,0.2143374739,0.03388596381,0.005301211228,0.007293900499,0.08507727956,0.04601006918,8403.480488
243,0,3,1.379665978,0.2191282585,0.03408321976,0.005319277446,0.00739114442,0.08555706378,0.04627256412,8315.766354
244,0,3,1.410503365,0.2240261324,0.03427990191,0.005335935494,0.007490407187,0.08603486057,0.04653409319,8226.57085
245,0,3,1.442030009,0.2290334905,0.0344757243,0.005351228024,0.007591460265,0.08650992926,0.04679425535,8192.090744
246,0,3,1.474261317,0.2341527815,0.03467041481,0.005365199642,0.007694110277,0.08698157624,0.04705267518,8147.364505
247,0,3,1.507213037,0.2393865091,0.03486350535,0.005377584958,0.007798186126,0.08744862598,0.0473087104,8093.570792
248,0,3,1.540901272,0.244737233,0.03505348418,0.005386977227,0.007905410343,0.08790724317,0.04756034375,8051.953023
249,0,3,1.575342485,0.2502075708,0.03524190759,0.005399197107,0.008012523958,0.08836139589,0.04780972757,8064.713393
250,0,3,1.610553505,0.2558001983,0.03542609905,0.005410812266,0.008119219901,0.08880434033,0.04805314239,8058.2354
251,0,3,1.646551538,0.2615178517,0.03560565833,0.005422042019,0.008229807315,0.08923509822,0.04829025245,8032.473242
252,0,3,1.683354176,0.2673633287,0.03577908645,0.005431508861,0.008335846506,0.08964994402,0.04851866423,7988.932422
253,0,3,1.720979402,0.2733394897,0.03594554192,0.005441928632,0.00844476862,0.09004677811,0.04873764699,7930.022308
254,0,3,1.759445603,0.2794492593,0.03610354919,0.005452835885,0.008553980258,0.09042195152,0.04894512125,7858.537701
255,0,3,1.798771575,0.2856956277,0.03625123654,0.005464253129,0.008659270824,0.09077079123,0.04913840078,7777.329703
256,0,3,1.803017741,0.2863703753,0.03636010155,0.005465873542,0.008730405856,0.0910222972,0.04927781279,7665.271027
257,0,3,1.807174126,0.2870308932,0.03643314419,0.005465201054,0.008770284699,0.09118410871,0.04936775768,7540.891911
258,0,3,1.811340093,0.2876929636,0.03647473735,0.005460414109,0.008775515862,0.09126725617,0.04941392596,7576.164772
259,0,3,1.815515663,0.2883565901,0.03648735744,0.005453120114,0.008760022718,0.09127793747,0.04942029856,7598.376249
260,0,3,1.819700859,0.2890217759,0.03647381189,0.005441762851,0.008744206387,0.09122322841,0.04939152327,7633.655345
261,0,3,1.823895702,0.2896885242,0.03643311751,0.005429072815,0.008725879423,0.09110070474,0.04932627661,7660.250316
262,0,3,1.828100216,0.2903568374,0.03636517438,0.005416142055,0.008705012364,0.09091008814,0.04922443973,7656.916877
263,0,3,1.832314422,0.2910267176,0.03626753826,0.005400804377,0.00869042156,0.09064526389,0.04908306814,7672.830948
264,0,3,1.836538343,0.2916981665,0.03614068436,0.005382462615,0.008672748712,0.09030740626,0.04890236233,7683.537368
265,0,3,1.840772001,0.2923711852,0.03598259366,0.005360983302,0.008655104066,0.08989147241,0.04867975664,7696.171143
266,0,3,1.845015419,0.2930457744,0.03579398698,0.005336926767,0.008636305136,0.08939925921,0.04841617912,7713.327601
267,0,3,1.849268619,0.2937219344,0.03557432988,0.005309474501,0.008616861931,0.08882938067,0.04811089441,7721.339969
268,0,3,1.853531623,0.2943996649,0.03532484531,0.005280125806,0.008598631774,0.08818488681,0.04776566537,7720.80099
269,0,3,1.857804455,0.2950789653,0.0350451917,0.005250047248,0.008579799168,0.08746484916,0.04737995686,7712.808436
270,0,3,1.862087137,0.2957598344,0.03473708545,0.005218396208,0.008558309022,0.08667352125,0.04695593866,7699.967335
271,0,3,1.866379691,0.2964422708,0.03440337362,0.005185110145,0.008532772961,0.08581802121,0.04649736138,7691.966698
272,0,3,1.87068214,0.2971262728,0.03404579592,0.005151572896,0.008507351849,0.08490258071,0.04600673366,7677.606927
273,0,3,1.874994508,0.2978118384,0.03366695973,0.00511754804,0.008481438155,0.08393367826,0.04548749997,7656.762272
274,0,3,1.879316817,0.2984989653,0.03327016206,0.005084805625,0.00845520532,0.08291949588,0.04494411037,7629.992784
275,0,3,1.883649089,0.2991876512,0.03285750104,0.005052281106,0.008420946238,0.08186514502,0.04437892299,7597.264036
276,0,3,1.887991349,0.2998778939,0.03243428857,0.005021099311,0.008381552948,0.0807838772,0.04379920022,7558.15936
277,0,3,1.892343619,0.3005696909,0.03200527698,0.004991581203,0.008337889783,0.07968751811,0.04321132544,7524.012796
278,0,3,1.896705921,0.3012630402,0.03157534963,0.004964296673,0.008291828993,0.07858821417,0.0426219098,7528.283245
279,0,3,1.90107828,0.3019579397,0.03114785133,0.004939096605,0.008242280599,0.07749432085,0.04203536687,7540.643378
280,0,3,1.905460718,0.3026543876,0.03072666552,0.004916172447,0.008189276927,0.07641553464,0.04145689001,7559.57787
281,0,3,1.909853259,0.3033523826,0.03031597059,0.004895807677,0.008136201277,0.07536233057,0.04089225368,7584.730722
282,0,3,1.914255925,0.3040519235,0.02991872433,0.004878908244,0.008081830475,0.07434216311,0.0403454056,7607.724732
283,0,3,1.918668741,0.3047530099,0.02953767569,0.004865092077,0.008023773392,0.07336202564,0.03981994209,7626.448198
284,0,3,1.923091729,0.3054556414,0.02917631357,0.00485372834,0.007962458099,0.07243080749,0.03932060072,7638.705781
285,0,3,1.927524913,0.3061598186,0.0288370302,0.004846344269,0.007900877754,0.07155466487,0.03885085359,7650.331897
286,0,3,1.931968317,0.3068655421,0.02852139853,0.00484269992,0.007840924136,0.07073777969,0.03841300393,7663.441948
287,0,3,1.936421964,0.3075728133,0.0282302496,0.004842155767,0.00778216587,0.06998253677,0.03800825905,7664.991666
288,0,3,1.940885878,0.3082816341,0.02796452525,0.004845012991,0.007724876443,0.06929161895,0.03763804922,7653.391992
289,0,3,1.945360082,0.3089920068,0.02772473249,0.004850385167,0.007671378537,0.06866656929,0.03730326666,7668.707229
290,0,3,1.9498446,0.3097039339,0.027510175,0.004860835693,0.007623900688,0.06810599406,0.03700333681,7793.140429
291,0,3,1.954339456,0.3104174188,0.02732008044,0.004876720101,0.007587180474,0.0676082989,0.03673763936,7896.647102
292,0,3,1.958844674,0.3111324647,0.02715210211,0.00489609923,0.00755906689,0.06716796608,0.03650302589,7977.694051
293,0,3,1.963360277,0.3118490754,0.02700408371,0.004917390699,0.007543866053,0.06677991619,0.03629692959,8034.748179
294,0,3,1.96788629,0.3125672548,0.02687535106,0.004941016527,0.007541455542,0.06644271346,0.03611857508,8068.801651
295,0,3,1.972422736,0.3132870069,0.02676691593,0.004957095439,0.007551000807,0.06615894716,0.03596896053,8190.988022
296,0,3,1.97696964,0.314008336,0.02667684569,0.005000426866,0.007578689937,0.06592407367,0.03584717003,8333.659478
297,0,3,1.981527026,0.314731246,0.02660045717,0.005054511358,0.007624482927,0.06572666695,0.03574653793,8455.843922
298,0,3,1.986094917,0.3154557413,0.02653272217,0.005093445178,0.007684618375,0.06555443916,0.035659383,8557.020122
299,0,3,1.990673339,0.3161818256,0.02647617443,0.005140003611,0.007763047859,0.06541365907,0.03559009397,8636.043604
300,0,3,1.995262315,0.316909503,0.02642869311,0.005183505021,0.007855971547,0.06529923223,0.03553537168,8692.345184
301,0,3,1.99986187,0.3176387769,0.02639335576,0.005229432894,0.007966721019,0.06521873705,0.03549967783,8724.288075
302,0,3,2.004472027,0.3183696509,0.02636862325,0.005276956079,0.008091353716,0.06516842735,0.03548078524,8760.369934
303,0,3,2.009092813,0.319102128,0.02635574387,0.005329440072,0.008230276116,0.06515140675,0.0354805278,8874.171477
304,0,3,2.01372425,0.3198362112,0.02635468099,0.005382794185,0.008378320023,0.06516762373,0.03549844754,8965.977859
305,0,3,2.018366364,0.320571903,0.02636852784,0.005436146569,0.008534370872,0.06522472166,0.03553853807,9035.915631
306,0,3,2.023019179,0.3213092059,0.02639836606,0.005491234313,0.00869520016,0.0653254554,0.03560213833,9082.965728
307,0,3,2.02768272,0.3220481218,0.02644618198,0.005546268958,0.008858940155,0.06547460325,0.03569161712,9105.547754
308,0,3,2.032357011,0.3227886529,0.02651368027,0.00560242148,0.009023450884,0.06567625935,0.03580906337,9107.316291
309,0,3,2.037042078,0.3235308008,0.02660280194,0.005660515236,0.009186005184,0.06593512486,0.03595682788,9137.319515
310,0,3,2.041737945,0.3242745673,0.02671544714,0.005719633756,0.009343187626,0.06625568734,0.0361370329,9208.987311
311,0,3,2.046444637,0.3250199543,0.02685356056,0.00577906451,0.009495348599,0.06664250871,0.03635208699,9257.627124
312,0,3,2.051162179,0.3257669636,0.02701691081,0.005839075982,0.009640903351,0.06709448934,0.03660131758,9286.414741
313,0,3,2.055890596,0.3265155974,0.02720429309,0.00590000639,0.009777569185,0.06760818803,0.03688275879,9296.328697
314,0,3,2.060629913,0.3272658582,0.02741552586,0.005961583405,0.009903193666,0.06818258857,0.03719573283,9305.744987
315,0,3,2.065380156,0.3280177492,0.02764935022,0.0060240607,0.01001791155,0.06881390652,0.03753827432,9319.893928
316,0,3,2.070141349,0.3287712741,0.0279041745,0.006087370977,0.01012135283,0.06949761264,0.03790797734,9389.193846
317,0,3,2.074913517,0.3295264374,0.02817818794,0.006151110254,0.01021408479,0.07022853503,0.03830215756,9440.560186
318,0,3,2.079696687,0.3302832449,0.02846882112,0.006214750239,0.01029413193,0.07099961722,0.03871695912,9474.241856
319,0,3,2.084490883,0.3310417032,0.02877367845,0.006278113831,0.01036245285,0.07180424868,0.03914897777,9489.928049
320,0,3,2.089296131,0.3318018206,0.02908856058,0.006340453048,0.01041917398,0.07263121476,0.03959229169,9487.124004
321,0,3,2.094112456,0.3325636068,0.02940827879,0.006401110775,0.01046430753,0.07346691404,0.0400396999,9465.182725
322,0,3,2.098939884,0.3333270731,0.02972741594,0.006459254454,0.01049772986,0.07429723928,0.04048371069,9423.044518
323,0,3,2.10377844,0.3340922328,0.03004068659,0.00651404573,0.01052002736,0.07510847779,0.04091708095,9443.235838
324,0,3,2.10862815,0.334859101,0.03034225522,0.006564781796,0.01053181499,0.07588563354,0.0413318803,9445.478686
325,0,3,2.11348904,0.3356276951,0.03062523023,0.006610342039,0.01053335664,0.07661109967,0.04171874142,9429.040779
326,0,3,2.118361135,0.3363980345,0.03088265023,0.006650316573,0.0105271928,0.07726723031,0.04206843075,9393.290156
327,0,3,2.123244462,0.3371701407,0.03110699182,0.006683471449,0.01051421005,0.07783496966,0.04237081792,9336.985861
328,0,3,2.128139046,0.3379440375,0.03129167112,0.006708805044,0.01049488409,0.07829769662,0.04261704071,9258.568978
329,0,3,2.133044913,0.3387197508,0.03143029047,0.006725554111,0.01047468044,0.07863929899,0.04279881573,9160.120292
330,0,3,2.13796209,0.3394973087,0.0315163357,0.006733070547,0.01045961486,0.07884336601,0.04290773113,9119.294439
331,0,3,2.142890601,0.340276741,0.03154315978,0.006730153873,0.01045382239,0.07889329911,0.04293512824,9057.070233
332,0,3,2.147830474,0.3410580793,0.03150716622,0.006715520256,0.01045768302,0.07878010922,0.04287618359,8971.996302
333,0,3,2.152781735,0.3418413565,0.03140565418,0.006689075152,0.01047807413,0.07849734094,0.0427278639,8862.414968
334,0,3,2.157744409,0.342626607,0.03123587533,0.006650697425,0.0105196543,0.07803825683,0.0424868931,8791.783148
335,0,3,2.162718524,0.3434138657,0.03099682344,0.006600040105,0.01058674807,0.07740059526,0.04215238716,8718.536865
336,0,3,2.167704105,0.344203168,0.03069148362,0.006536854993,0.01067825728,0.07659192032,0.0417284228,8620.997361
337,0,3,2.172701179,0.3449945492,0.03032560593,0.006461121938,0.01079204888,0.07562699709,0.04122286829,8498.542856
338,0,3,2.177709772,0.3457880442,0.02990952478,0.006374245052,0.01092675497,0.07453215081,0.04064986516,8349.657648
339,0,3,2.182729912,0.3465836866,0.02945709619,0.006277276152,0.01108006328,0.07334280771,0.04002830235,8231.340636
340,0,3,2.187761624,0.3473815087,0.02898585414,0.006172254556,0.01124909802,0.07210347551,0.03938187989,8111.574056
341,0,3,2.192804935,0.3481815407,0.02851554066,0.006060970228,0.01142462568,0.07086443319,0.03873680867,7966.145311
342,0,3,2.197859873,0.3489838102,0.02806785774,0.005946545093,0.01160308506,0.0696811896,0.03812238779,7794.454967
343,0,3,2.202926463,0.3497883418,0.02766803403,0.005831645486,0.01177835952,0.06861829663,0.03757235879,7596.909519
344,0,3,2.208004733,0.3505951564,0.02734311226,0.005719840625,0.01194752901,0.06774500098,0.03712307561,7417.752847
345,0,3,2.21309471,0.3514042713,0.02711598801,0.005614666433,0.01209486874,0.06712077857,0.03680450397,7246.860324
346,0,3,2.21819642,0.3522156994,0.02701064484,0.005519561933,0.01221894237,0.06680742716,0.03664892691,7064.470546
347,0,3,2.223309891,0.3530294493,0.02704475456,0.005438202648,0.01231989702,0.06685075593,0.03668036337,7166.206481
348,0,3,2.228435149,0.3538455247,0.02722576079,0.005373551612,0.01239328414,0.06727060719,0.03690882412,7240.940908
349,0,3,2.233572223,0.354663925,0.02755264126,0.005327512163,0.01243984405,0.06806475541,0.03733326625,7318.358788
350,0,3,2.238721139,0.3554846445,0.02802119532,0.00530095626,0.01246286843,0.06922251182,0.03794854001,7393.565334
351,0,3,2.243881924,0.3563076732,0.02861827622,0.005294395692,0.01245172793,0.07071087142,0.03873664036,7451.287489
352,0,3,2.249054606,0.3571329965,0.02933102699,0.005307182712,0.01241697291,0.07249674626,0.03968133934,7508.711348
353,0,3,2.254239212,0.357960596,0.03013678617,0.005340122828,0.01237113987,0.07452212339,0.04075332737,7544.258949
354,0,3,2.25943577,0.3587904494,0.03101110547,0.005389696147,0.0123133862,0.07672444653,0.04191955887,7559.194638
355,0,3,2.264644308,0.3596225311,0.03193044483,0.005453590228,0.01224775921,0.07904345388,0.04314849407,7574.55528
356,0,3,2.269864852,0.3604568129,0.03287269737,0.005528698938,0.01218160657,0.08142275603,0.04441068983,7577.968144
357,0,3,2.275097431,0.3612932641,0.03381719789,0.005611207298,0.01211094621,0.08380985183,0.04567782504,7567.138667
358,0,3,2.280342072,0.3621318526,0.03474822444,0.005698095596,0.0120506897,0.0861647056,0.0469294231,7559.260285
359,0,3,2.285598803,0.362972545,0.03565363154,0.005787477072,0.01199977326,0.08845640876,0.04814874646,7556.510865
360,0,3,2.290867653,0.3638153073,0.03651949274,0.00587576656,0.01196020737,0.09065004483,0.04931702335,7548.267541
361,0,3,2.296148648,0.3646601054,0.03734163924,0.005960831884,0.01193067969,0.09273488653,0.05042824069,7522.049981
362,0,3,2.301441817,0.3655069057,0.03811140209,0.006043739813,0.01191728514,0.09468928962,0.05147108172,7482.610525
363,0,3,2.306747189,0.3663556753,0.03882588155,0.006120623841,0.01190840847,0.09650589383,0.05244070187,7458.059104
364,0,3,2.31206479,0.3672063825,0.03948472192,0.006191517387,0.01191518934,0.09818379002,0.05333715055,7460.035723
365,0,3,2.31739465,0.3680589971,0.04008552632,0.006254148149,0.01192230092,0.09971715748,0.0541562936,7455.291938
366,0,3,2.322736796,0.3689134905,0.04062987953,0.006309628659,0.01193683262,0.1011100254,0.05490064602,7437.719036
367,0,3,2.328091258,0.3697698358,0.04112095315,0.006356665356,0.01196281885,0.1023703035,0.05557456266,7435.133296
368,0,3,2.333458062,0.3706280082,0.0415575298,0.006396145013,0.01197327865,0.1034951257,0.05617503759,7423.569926
369,0,3,2.338837239,0.3714879845,0.04193924244,0.006427978518,0.01198613247,0.1044837677,0.05670261026,7406.741073
370,0,3,2.344228815,0.3723497436,0.04227077262,0.006451611339,0.0119916,0.1053479215,0.05716297872,7436.736603
371,0,3,2.349632821,0.3732132658,0.042554617,0.006468819406,0.01199612258,0.1060938111,0.05755984876,7457.579594
372,0,3,2.355049284,0.3740785336,0.04279296955,0.006479321214,0.01199749552,0.1067269451,0.0578960287,7469.867437
373,0,3,2.360478233,0.3749455306,0.04298344181,0.006482344922,0.0119895328,0.1072413238,0.05816796258,7493.472437
374,0,3,2.365919697,0.3758142422,0.04313732706,0.006478446292,0.01197219628,0.1076648642,0.05839061508,7510.752202
375,0,3,2.371373706,0.3766846551,0.04324337134,0.006469067778,0.01194573504,0.1079697662,0.05854914389,7537.123436
376,0,3,2.376840287,0.3775567573,0.04330674978,0.006455044307,0.01191299618,0.1081687108,0.05865051503,7560.934147
377,0,3,2.382319469,0.3784305382,0.04333070493,0.006436700777,0.01187197989,0.1082695623,0.05869885674,7574.806677
378,0,3,2.387811283,0.3793059887,0.04331613582,0.006413266782,0.01183199453,0.1082743444,0.05869571399,7589.705561
379,0,3,2.393315756,0.380183101,0.04326518206,0.006386010484,0.01177486231,0.1081882708,0.05864300134,7597.585321
380,0,3,2.398832919,0.381061869,0.04318226265,0.006354233382,0.01172025166,0.1080221604,0.05854749251,7594.50498
381,0,3,2.4043628,0.3819422885,0.04306652173,0.00632049806,0.01166326571,0.1077738475,0.05840785042,7580.20133
382,0,3,2.409905429,0.382824357,0.04291996671,0.006284284861,0.01161492883,0.1074481158,0.05822718422,7558.708726
383,0,3,2.415460834,0.3837080743,0.04274956679,0.006247384072,0.01154727965,0.1070620933,0.058013332,7529.091918
384,0,3,2.421029047,0.3845934427,0.0425561236,0.006208584945,0.01147616429,0.1066176337,0.0577680542,7493.014237
385,0,3,2.426610095,0.3854804672,0.04233976156,0.006170131834,0.01139298748,0.1061150122,0.05749113392,7622.115763
386,0,3,2.432204009,0.3863691555,0.04211020794,0.006131528295,0.01131619004,0.1055784106,0.05719642079,7741.541147
387,0,3,2.437810818,0.3872595183,0.04187763,0.006094029518,0.0112473198,0.1050331139,0.05689756212,7852.183427
388,0,3,2.443430553,0.3881515698,0.04163418865,0.006056789429,0.01117905353,0.1044594636,0.05658365738,7954.484934
389,0,3,2.449063242,0.3890453271,0.04139252425,0.006021834295,0.01111345164,0.1038888821,0.05627168955,8048.058241
390,0,3,2.454708916,0.3899408108,0.04114651847,0.005987631428,0.01103765201,0.1033061845,0.05595284895,8168.988371
391,0,3,2.460367604,0.3908380444,0.0409022938,0.00595555399,0.01096624139,0.1027266186,0.05563605593,8307.07634
392,0,3,2.466039337,0.3917370548,0.04066736927,0.005925924354,0.01089445529,0.1021690009,0.05533115171,8437.534098
393,0,3,2.471724145,0.3926378713,0.04044567558,0.005898633611,0.01083181241,0.1016432009,0.0550438802,8560.241334
394,0,3,2.477422058,0.3935405259,0.04023541553,0.005873713558,0.01077369989,0.1011446885,0.05477159347,8674.209441
395,0,3,2.483133105,0.3944450524,0.04003603653,0.00585014003,0.01071774611,0.1006721069,0.05451341932,8779.335841
396,0,3,2.488857318,0.3953514865,0.03985363508,0.005827851848,0.01066994211,0.1002407814,0.05427784539,8931.670151
397,0,3,2.494594727,0.3962598648,0.03968847223,0.005807579752,0.01064777432,0.09985144919,0.05406613962,9076.485721
398,0,3,2.500345362,0.3971702245,0.03953381877,0.005789395501,0.01062577314,0.09948713283,0.05386797885,9210.710861
399,0,3,2.506109253,0.3980826027,0.03938878355,0.0057736707,0.01060111992,0.09914552027,0.05368200228,9333.335749
400,0,3,2.511886432,0.398997036,0.03925542391,0.00575895952,0.01057909632,0.09883180994,0.05351120877,9442.30735
401,0,3,2.517676928,0.3999135597,0.03912737112,0.005746153963,0.0105642794,0.09852992054,0.05334725555,9545.339489
402,0,3,2.523480772,0.4008322075,0.03900407792,0.005733882168,0.01055336218,0.09823849677,0.05318921695,9685.667877
403,0,3,2.529297996,0.4017530109,0.03888209515,0.005721788558,0.01054606491,0.09794878433,0.05303239582,9811.522292
404,0,3,2.53512863,0.402675999,0.03875787255,0.005713272406,0.01054550248,0.09765176585,0.05287222608,9921.432925
405,0,3,2.540972706,0.4036011976,0.03862575773,0.00570635711,0.01054744011,0.09733307797,0.05270077853,10016.57075
406,0,3,2.546830253,0.4045286296,0.03848359305,0.005697964511,0.010548484,0.09698724444,0.05251487845,10093.25755
407,0,3,2.552701303,0.4054583147,0.03832589416,0.005688650127,0.01054357578,0.09660033534,0.05230685108,10147.54165
408,0,3,2.558585887,0.4063902689,0.03814874349,0.005682025566,0.01053967069,0.09616239857,0.05207183404,10191.15427
409,0,3,2.564484037,0.4073245052,0.03794618363,0.005673082935,0.01052815862,0.09565828155,0.05180117198,10262.64961
410,0,3,2.570395783,0.408261033,0.03771806596,0.00566476795,0.01051597994,0.09508761155,0.05149510122,10315.49592
411,0,3,2.576321157,0.409199859,0.03745679832,0.005655794798,0.01049921364,0.09443110137,0.05114309863,10349.90283
412,0,3,2.582260191,0.4101409872,0.03715853222,0.005644748256,0.01047275355,0.09367895074,0.05073963953,10366.85445
413,0,3,2.588212915,0.4110844191,0.03682406334,0.005631785735,0.01044030371,0.09283320219,0.05028601203,10366.51229
414,0,3,2.594179362,0.4120301543,0.03644497628,0.005615393596,0.01039907338,0.09187248154,0.04977063023,10347.92155
415,0,3,2.600159563,0.412978191,0.03602294512,0.005595354757,0.01034711634,0.09080110484,0.04919569093,10361.21332
416,0,3,2.60615355,0.4139285263,0.03555795258,0.005576918753,0.01029709585,0.08961907485,0.04856201904,10368.95655
417,0,3,2.612161354,0.4148811567,0.03504664521,0.005552420442,0.01023229707,0.08831788668,0.04786398888,10359.06054
418,0,3,2.618183008,0.4158360788,0.03448780025,0.005526452142,0.01016251922,0.08689457765,0.04710067532,10331.7399
419,0,3,2.624218543,0.4167932892,0.03388271447,0.00549495432,0.01007790043,0.08535241019,0.04627318571,10347.87948
420,0,3,2.630267992,0.4177527856,0.03323641707,0.005460181318,0.009993845058,0.08370430296,0.04538931667,10355.8996
421,0,3,2.636331386,0.4187145664,0.03254845784,0.005424334952,0.009906573305,0.08194909397,0.04444834,10365.3642
422,0,3,2.642408757,0.4196786316,0.03182020898,0.005384934572,0.0098096436,0.0800903414,0.0434517408,10357.22627
423,0,3,2.648500139,0.4206449828,0.03105715703,0.005342882328,0.009704056276,0.07814213314,0.04240711931,10330.79982
424,0,3,2.654605562,0.4216136233,0.03026492831,0.005298828351,0.009590765911,0.07611888931,0.04132224452,10330.69933
425,0,3,2.66072506,0.4225845582,0.02944641532,0.005252538199,0.009470549147,0.07402819332,0.04020119787,10334.83769
426,0,3,2.666858665,0.4235577946,0.02860979087,0.005204498014,0.009343410181,0.0718907186,0.03905503062,10319.74883
427,0,3,2.673006409,0.4245333413,0.02776359459,0.005156630726,0.00921483892,0.0697282072,0.03789572588,10283.65274
428,0,3,2.679168325,0.425511209,0.02691166249,0.005108725284,0.009083624697,0.06755068135,0.03672854286,10225.6462
429,0,3,2.685344446,0.42649141,0.02606077027,0.005061105677,0.008955004126,0.0653755529,0.03556309026,10176.25843
430,0,3,2.691534804,0.4274739578,0.025218379,0.005013324003,0.008819086795,0.06322206177,0.03440895757,10130.79273
431,0,3,2.697739432,0.4284588675,0.02439395328,0.004966470584,0.008683418465,0.06111433154,0.03327947589,10061.09229
432,0,3,2.703958364,0.4294461548,0.023590466,0.004919838041,0.008545720629,0.0590605361,0.03217876302,9966.247681
433,0,3,2.710191632,0.4304358361,0.02281781621,0.004873903219,0.008408356961,0.05708597132,0.03112039628,9845.97182
434,0,3,2.716439269,0.4314279281,0.02208526503,0.004830187486,0.008279109609,0.05521439872,0.03011753279,9740.437028
435,0,3,2.722701308,0.4324224479,0.02139818425,0.004787557271,0.008151112455,0.05345992984,0.02917707887,9622.702434
436,0,3,2.728977783,0.4334194117,0.02076024539,0.004747218329,0.008033136558,0.05183262245,0.02830492847,9481.077373
437,0,3,2.735268726,0.4344188358,0.02017690669,0.004708191211,0.007917443208,0.05034679897,0.02750800203,9322.409075
438,0,3,2.741574172,0.4354207352,0.01965196147,0.004671231821,0.007809919501,0.04901258031,0.02679201312,9191.539673
439,0,3,2.747894153,0.4364251238,0.01918870273,0.004636107759,0.007710306478,0.04783864548,0.02616144412,9036.022984
440,0,3,2.754228703,0.4374320142,0.0187911403,0.004603392449,0.007621709546,0.04683530456,0.02562193584,8856.307637
441,0,3,2.760577856,0.4384414175,0.01845895956,0.004572709697,0.007543607122,0.04600198799,0.02517305985,8653.063346
442,0,3,2.766941645,0.4394533425,0.01818954897,0.004543947442,0.007478053462,0.04533215926,0.0248114545,8455.950224
443,0,3,2.773320105,0.4404677964,0.01798098174,0.004516448139,0.007419730628,0.04482087181,0.02453404247,8264.331703
444,0,3,2.779713268,0.4414847841,0.01783165395,0.004490350037,0.007370575291,0.04446369305,0.02433863444,8051.436557
445,0,3,2.786121169,0.442504308,0.01773965297,0.004465583193,0.007330647115,0.04425517304,0.0242223835,7818.724048
446,0,3,2.792543841,0.4435263684,0.0177021814,0.004442770907,0.007304572991,0.04418752985,0.02418160468,7567.696749
447,0,3,2.79898132,0.4445509631,0.017713181,0.004420886204,0.007286037666,0.04424491762,0.02420743737,7299.604877
448,0,3,2.805433638,0.4455780873,0.0177677856,0.004400234789,0.007275298473,0.04441426612,0.02429307141,7057.261162
449,0,3,2.81190083,0.446607734,0.0178603391,0.004381043752,0.007274061297,0.04468054273,0.02443075993,6809.548132
450,0,3,2.818382931,0.4476398941,0.01798669017,0.004362535131,0.007278611776,0.04503260393,0.02461435731,6587.49197
451,0,3,2.824879975,0.4486745559,0.01814038611,0.004344792346,0.007290803295,0.04545348841,0.02483508733,6371.088308
452,0,3,2.831391996,0.4497117061,0.01831550981,0.004327416847,0.007308232508,0.04592782319,0.02508465488,6142.509047
453,0,3,2.837919028,0.4507513294,0.01850662044,0.004309935438,0.007328924198,0.04644163336,0.02535551707,5902.092591
454,0,3,2.844461107,0.4517934092,0.01870830712,0.00429227384,0.007355416952,0.04698082699,0.0256404204,5677.892371
455,0,3,2.851018268,0.4528379274,0.0189181529,0.004273771264,0.007385342998,0.04753907219,0.02593582612,5464.471824
456,0,3,2.857590543,0.4538848652,0.0191325078,0.004254670442,0.007417127334,0.0481068168,0.02623659027,5238.125542
457,0,3,2.86417797,0.454934203,0.01934865451,0.004235065063,0.007455222013,0.04867714296,0.02653936128,4998.775168
458,0,3,2.870780582,0.455985921,0.01956346079,0.00421497775,0.007495327987,0.04924214141,0.02683963239,4746.83204
459,0,3,2.877398415,0.4570399997,0.01977620425,0.004194271344,0.007537661214,0.04979982244,0.02713636314,4530.901126
460,0,3,2.884031503,0.4580964197,0.01998618219,0.004172619426,0.007580786814,0.05034822946,0.02742841032,4305.488803
461,0,3,2.890679882,0.4591551626,0.02019684454,0.004151054977,0.00763099178,0.05089615211,0.02772090421,4405.218823
462,0,3,2.897343588,0.4602162113,0.02040275579,0.004129264835,0.007685445681,0.05142960381,0.02800622027,4670.197672
463,0,3,2.904022654,0.46127955,0.02060475071,0.004107501005,0.007744427909,0.05195057148,0.02828544395,4901.134991
464,0,3,2.910717118,0.4623451645,0.02080290692,0.004086387203,0.007799922124,0.05245905088,0.02855805622,5105.867914
465,0,3,2.917427014,0.4634130429,0.02100415548,0.004067047481,0.007853621671,0.05297268414,0.02883357444,5275.002687
466,0,3,2.924152378,0.4644831755,0.02121213693,0.004051457007,0.007913308063,0.05350052655,0.02911741679,5395.670955
467,0,3,2.930893245,0.4655555548,0.02142253898,0.004036907009,0.00796990077,0.05403151826,0.02940300188,5464.387902
468,0,3,2.937649652,0.466630176,0.02164120684,0.004026851276,0.008033241098,0.05458048297,0.02969898756,5477.912265
469,0,3,2.944421634,0.4677070368,0.02186967405,0.004022347417,0.008096485513,0.05515125303,0.03000698131,5435.185114
470,0,3,2.951209227,0.4687861377,0.02210858542,0.004023179684,0.00815793981,0.05574550836,0.03032774806,5335.280306
471,0,3,2.958012467,0.4698674818,0.02236166066,0.004030060351,0.0082178381,0.05637288289,0.03066643133,5179.473455
472,0,3,2.96483139,0.4709510745,0.02262648877,0.00404183124,0.008276354703,0.05702730068,0.03101977379,4970.309651
473,0,3,2.971666032,0.472036924,0.02290432635,0.004060475484,0.008336066811,0.05771213634,0.0313897926,4878.992782
474,0,3,2.978516429,0.4731250406,0.02319508849,0.004085030492,0.00839123174,0.05842752204,0.03177612196,4878.048605
475,0,3,2.985382619,0.4742154369,0.02349372313,0.004115944206,0.008445399157,0.05916097237,0.03217235398,4859.535647
476,0,3,2.992264637,0.4753081271,0.02380132903,0.00415294708,0.008499899041,0.05991572193,0.03258025572,4826.259228
477,0,3,2.999162519,0.4764031275,0.02411529477,0.004194320092,0.008545904179,0.06068557517,0.03299587578,4782.319556
478,0,3,3.006076303,0.4775004555,0.02443297232,0.004240270114,0.008593318792,0.06146421998,0.03341648356,4864.20129
479,0,3,3.013006024,0.47860013,0.0247512675,0.004288957422,0.008640608172,0.06224413995,0.03383789838,5028.787253
480,0,3,3.01995172,0.4797021705,0.02506509249,0.00434008285,0.008685113452,0.06301281445,0.03425325226,5182.826148
481,0,3,3.026913428,0.4808065973,0.02537103525,0.004393503958,0.008725619344,0.06376200012,0.03465804884,5325.122892
482,0,3,3.033891184,0.4819134311,0.02566487569,0.004446647421,0.008760877819,0.06448141217,0.03504662613,5498.278249
483,0,3,3.040885026,0.4830226925,0.02594414457,0.00449860568,0.008791665616,0.06516511636,0.03541582226,5713.761525
484,0,3,3.04789499,0.4841344024,0.02620673979,0.004549211565,0.008822631305,0.06580804584,0.03576320126,5913.586992
485,0,3,3.054921113,0.4852485808,0.0264504884,0.004596195766,0.008850953438,0.0664049662,0.03608570446,6096.61467
486,0,3,3.061963434,0.4863652474,0.0266710052,0.004639457322,0.008872860715,0.06694478291,0.03637718619,6266.740162
487,0,3,3.069021988,0.4874844212,0.02686698135,0.004677820033,0.00889290023,0.06742421234,0.03663613234,6450.315809
488,0,3,3.076096815,0.4886061201,0.02703764678,0.004711123561,0.00891081274,0.06784135887,0.03686150291,6613.499233
489,0,3,3.08318795,0.4897303609,0.02718219503,0.004739175172,0.008925719702,0.0681941918,0.03705215168,6756.507429
490,0,3,3.090295433,0.4908571591,0.02730286587,0.004760934013,0.008932081036,0.06848836009,0.03721071928,6879.605448
491,0,3,3.097419299,0.4919865291,0.02740041272,0.004776344171,0.008940975385,0.06872560005,0.03733880429,6996.014361
492,0,3,3.104559588,0.4931184836,0.02747454917,0.004786007642,0.008941055593,0.06890512895,0.03743533088,7103.919581
493,0,3,3.111716337,0.4942530342,0.02752853002,0.004789831688,0.008945130565,0.06903507314,0.03750539673,7318.330024
494,0,3,3.118889584,0.4953901907,0.02756503371,0.004788320188,0.00894064621,0.06912186362,0.0375517186,7968.552201
495,0,3,3.126079367,0.4965299615,0.02758574932,0.004782563439,0.008938418006,0.0691699019,0.03757731072,8575.655029
496,0,3,3.133285724,0.4976723537,0.02759345243,0.004771101254,0.008934297619,0.06918601016,0.03758552813,9133.087005
497,0,3,3.140508694,0.498817373,0.02759188526,0.004756402083,0.008922435749,0.06917937133,0.03758101505,9628.071366
498,0,3,3.147748314,0.4999650237,0.02758688471,0.004739319853,0.008918425848,0.06916461801,0.03757253007,10053.6894
499,0,3,3.155004623,0.501115309,0.02758066109,0.004721144993,0.008912214333,0.0691473699,0.03756250925,10407.07904
500,0,3,3.16227766,0.502268231,0.02757361708,0.004700842358,0.008907774358,0.06912865872,0.03755170495,10788.66456
501,0,3,3.169567463,0.5034237912,0.02756893754,0.004680211515,0.008899283722,0.06911650583,0.03754410515,11244.17251
502,0,3,3.176874071,0.5045819899,0.02757434804,0.004660167025,0.008895172164,0.06913025964,0.03755056162,11645.4996
503,0,3,3.184197522,0.5057428271,0.02759313364,0.004643379193,0.008887920218,0.06917817283,0.03757511382,11917.58183
504,0,3,3.191537855,0.5069063027,0.02762720834,0.004629778822,0.008893321938,0.06926522821,0.03762133871,11992.87539
505,0,3,3.19889511,0.5080724161,0.02767598312,0.004621983487,0.008909133584,0.06939004106,0.03768843733,11904.59565
506,0,3,3.206269325,0.509241167,0.02774280811,0.004618899656,0.008917541121,0.06956097462,0.03777978747,11735.84063
507,0,3,3.213660539,0.5104125553,0.02783119083,0.004621546706,0.008933651431,0.06978701712,0.03790109419,11697.75462
508,0,3,3.221068791,0.5115865815,0.02794611634,0.004630988874,0.008960692924,0.07008073668,0.0380592799,12010.79086
509,0,3,3.228494122,0.5127632468,0.0280867463,0.004648932601,0.00899418334,0.07044012535,0.03825305375,12302.29249
510,0,3,3.235936569,0.5139425532,0.02825387208,0.004676303268,0.009037710122,0.0708673055,0.03848377675,12677.88107
511,0,3,3.243396173,0.515124504,0.02845130975,0.004712107208,0.009081990421,0.07137187837,0.03875599487,12983.93886
512,0,3,3.250872974,0.5163091034,0.02868233964,0.004758425415,0.009140111029,0.07196209003,0.03907493842,13218.20029
513,0,3,3.25836701,0.5174963575,0.02894038615,0.004812957425,0.009212076106,0.07262158715,0.03943180118,13376.83823
514,0,3,3.265878322,0.5186862734,0.02922595034,0.004875530067,0.009284353143,0.07335161982,0.03982645575,13650.10548
515,0,3,3.273406949,0.5198788601,0.02954545725,0.004948620501,0.009368441729,0.07416820697,0.04026820556,13853.98439
516,0,3,3.280952931,0.5210741282,0.02989175295,0.005031386788,0.009474028965,0.07505339453,0.04074800916,13984.46157
517,0,3,3.288516309,0.5222720901,0.03025996973,0.0051196426,0.009580280071,0.07599496149,0.04125800664,14132.22942
518,0,3,3.296097122,0.5234727597,0.03065338689,0.005214181673,0.009680692648,0.07700102051,0.04180218532,14326.02598
519,0,3,3.30369541,0.5246761528,0.03106598358,0.005313784306,0.009796171681,0.07805642206,0.04237364052,14440.63243
520,0,3,3.311311215,0.525882287,0.0314937504,0.0054175043,0.009916589403,0.07915101121,0.04296634435,14479.79377
521,0,3,3.318944576,0.5270911812,0.031933375,0.00552539132,0.01004705114,0.08027633765,0.04357609439,14647.21267
522,0,3,3.326595533,0.528302856,0.03237841522,0.005634312333,0.01016765317,0.08141619907,0.04419300253,14759.42769
523,0,3,3.334264128,0.5295173334,0.03282247785,0.005744138825,0.01029707599,0.0825543607,0.04480949238,14793.50822
524,0,3,3.3419504,0.5307346367,0.03325839456,0.005851967404,0.01042216383,0.08367267964,0.04541504472,14766.19183
525,0,3,3.349654392,0.5319547901,0.03367854989,0.005957427598,0.01055017798,0.08475191704,0.04599980806,14860.48504
526,0,3,3.357376142,0.533177819,0.0340774924,0.006058681061,0.01067040707,0.08577803571,0.0465556444,14880.27067
527,0,3,3.365115694,0.5344037493,0.03444286739,0.00615425724,0.01078614882,0.08671962068,0.04706596332,14822.71682
528,0,3,3.372873087,0.5356326074,0.03476855958,0.006240893413,0.01088654184,0.08756106296,0.04752172668,14696.96339
529,0,3,3.380648362,0.5368644201,0.03504892606,0.006319517955,0.01098248499,0.0882879415,0.04791591363,14693.00575
530,0,3,3.388441561,0.5380992139,0.03527147915,0.006387042901,0.0110665328,0.08886811475,0.04823090691,14613.49181
531,0,3,3.396252726,0.5393370153,0.0354325597,0.006442979405,0.01113574568,0.08929221578,0.04846153862,14457.29904
532,0,3,1.702040949,0.2702889251,0.03443010558,0.006045959057,0.009518859252,0.08677568939,0.04701758911,13026.64303
533,0,3,1.740083849,0.2763296204,0.03371478986,0.005734555563,0.008267193809,0.08498115792,0.04598835689,11954.05805
534,0,3,1.77897706,0.2825053352,0.03320507866,0.00550436523,0.007217499493,0.08370350759,0.04525274789,11292.59678
535,0,3,1.818739586,0.2888190908,0.03286325007,0.005370319482,0.00656694709,0.0828479957,0.04476535693,11012.49394
536,0,3,1.859390858,0.2952739766,0.03265770351,0.005315710796,0.006340700001,0.08233513559,0.04448050531,10988.3826
537,0,3,1.900950741,0.3018731511,0.03254197914,0.005313203055,0.006417774866,0.08204803588,0.04432910601,11080.57827
538,0,3,1.943439542,0.308619844,0.03246253202,0.00533562219,0.006636987971,0.08185185048,0.04423251035,11169.88121
539,0,3,1.986878026,0.3155173578,0.032376124,0.005365664492,0.006887996288,0.08163753108,0.04412803739,11264.1128
540,0,3,2.031287418,0.322569069,0.03226179071,0.005390345903,0.007110566353,0.08135194278,0.04398459309,11309.22746
541,0,3,2.076689419,0.3297784305,0.03211702953,0.005405408107,0.007288270072,0.08098844221,0.04379774159,11298.63869
542,0,3,2.123106217,0.3371489726,0.03194391053,0.005411601209,0.007429943533,0.0805519048,0.04357038064,11244.79807
543,0,3,2.170560491,0.3446843052,0.03174746523,0.005412368855,0.007554523129,0.08005492291,0.04331009347,11159.01834
544,0,3,2.219075433,0.3523881191,0.03152987825,0.0054102446,0.007674429569,0.07950287774,0.04302036846,11046.95622
545,0,3,2.268674749,0.3602641882,0.03128830767,0.005406468045,0.007800989381,0.07888843902,0.04269786101,10921.16932
546,0,3,2.319382676,0.3683163711,0.03101803274,0.00540122412,0.00793460343,0.07819974205,0.04233629992,10855.45043
547,0,3,2.371223993,0.376548613,0.03071335309,0.005392796226,0.008069093351,0.07742223556,0.04192763151,10760.21846
548,0,3,2.424224034,0.3849649478,0.03037052339,0.005380657257,0.008200903653,0.07654657149,0.04146671132,10627.14412
549,0,3,2.478408696,0.3935694999,0.02998605034,0.005364136543,0.008329866446,0.07556382091,0.04094879388,10449.67059
550,0,3,2.533804459,0.4023664861,0.0295564357,0.005342178418,0.008452086771,0.07446490578,0.0403688671,10221.65665
551,0,3,2.590438391,0.4113602179,0.02908059776,0.005315810551,0.008560911081,0.07324724038,0.0397252641,10044.16356
552,0,3,2.648338168,0.4205551031,0.02856203493,0.005286790792,0.008665190789,0.07191962714,0.03902325683,9834.613275
553,0,3,2.707532082,0.429955648,0.02799666569,0.005253112434,0.008758499553,0.07047232472,0.03825724881,9580.574606
554,0,3,2.76804906,0.439566459,0.02738626645,0.005213332949,0.008839202567,0.06890965282,0.03742946094,9279.961964
555,0,3,2.829918673,0.4493922452,0.02673255678,0.005170674382,0.008908248072,0.06723614068,0.03654251278,9009.983049
556,0,3,2.893171156,0.4594378198,0.02603651531,0.005125324561,0.008962951062,0.06545494872,0.03559794195,8719.595212
557,0,3,2.957837416,0.4697081022,0.02530414686,0.005078575738,0.009006490655,0.06358170776,0.03460434299,8381.921254
558,0,3,3.023949054,0.4802081207,0.02453686457,0.005030600583,0.009035979626,0.06162055463,0.03356376896,7994.501659
559,0,3,3.091538376,0.4909430141,0.02373921746,0.004983906279,0.009052661576,0.05958334304,0.03248274625,7608.482854
560,0,3,3.16063841,0.5019180343,0.02291783407,0.004937372207,0.009052574448,0.05748782984,0.0313703859,7215.936173
561,0,3,3.231282923,0.513138549,0.02208042913,0.004892501565,0.009035369167,0.05535441715,0.03023752353,6771.83486
562,0,3,3.303506436,0.5246100434,0.02123634723,0.004849737704,0.009008211073,0.05320751812,0.02909763844,6274.583682
563,0,3,3.37734424,0.5363381238,0.02039436926,0.004810961152,0.008970868015,0.05107004659,0.02796292982,5783.856037
564,0,3,3.452832419,0.5483285195,0.01956708112,0.004778237119,0.008926588272,0.04897494617,0.02685112449,5291.361814
565,0,3,3.530007861,0.560587086,0.0187661509,0.004749926289,0.008874340875,0.04695288265,0.02577817553,4813.511751
566,0,3,3.608908277,0.5731198078,0.01800725,0.004728630375,0.008816387087,0.04504439613,0.024765638,4342.120723
567,0,3,3.689572223,0.5859328018,0.01730985239,0.004716489267,0.00876419765,0.04329907304,0.02384060164,4884.732909
568,0,3,3.698281798,0.5873190223,0.01666845216,0.004707368028,0.00868916551,0.04170390301,0.02299300836,5335.589012
569,0,3,3.706807218,0.588676008,0.01610685927,0.004699393993,0.008600680982,0.04031858738,0.02225463671,5716.069004
570,0,3,3.715352291,0.5900361103,0.01565410899,0.004698373657,0.008513042992,0.03921496079,0.02166454993,6241.565197
571,0,3,3.723917063,0.5913993241,0.01533480383,0.004708667763,0.008437870078,0.03845318961,0.02125542991,6696.306256
572,0,3,3.732501578,0.5927656472,0.01516312475,0.004729724814,0.008385407683,0.03806647679,0.0210455599,7087.446211
573,0,3,3.741105883,0.5941350797,0.01514425171,0.004760747996,0.008356195894,0.03806520893,0.02104043264,7486.982265
574,0,3,3.749730022,0.5955076246,0.01527938504,0.004799783958,0.008349602936,0.03845022005,0.02124048507,7949.701577
575,0,3,3.758374043,0.5968832873,0.01556582428,0.004847724545,0.008366416818,0.03921233592,0.02164139285,8351.513255
576,0,3,3.76703799,0.5982620752,0.01599630267,0.004902183039,0.008406212342,0.04033132345,0.02223282008,8695.957538
577,0,3,3.775721909,0.5996439978,0.01655962867,0.004962646403,0.008466829217,0.04177781675,0.02299957788,9032.742505
578,0,3,3.784425847,0.6010290661,0.01724458653,0.005029774686,0.008549854174,0.04352332846,0.02392725708,9429.635468
579,0,3,3.79314985,0.6024172924,0.01803697232,0.005102263461,0.008662884165,0.04553191046,0.02499782938,9774.789706
580,0,3,3.801893963,0.6038086897,0.01891687106,0.005177882734,0.008793978197,0.04775434881,0.02618430046,10069.57549
581,0,3,3.810658234,0.6052032715,0.01987201648,0.005257101763,0.008949122627,0.05016055615,0.02747135939,10381.84925
582,0,3,3.819442708,0.6066010513,0.02088465257,0.005339219753,0.009120372836,0.05270659486,0.02883505819,10738.33414
583,0,3,3.828247433,0.6080020418,0.02194626349,0.005424614451,0.009313244421,0.05537219445,0.03026500191,11048.16799
584,0,3,3.837072455,0.6094062553,0.02303866556,0.005512243735,0.009525401488,0.05811220178,0.03173691152,11308.83007
585,0,3,3.84591782,0.6108137026,0.02415043905,0.005600643372,0.009753752397,0.06089865946,0.03323549805,11620.65824
586,0,3,3.854783577,0.6122243933,0.02526875445,0.005689536914,0.00999094541,0.06370015183,0.03474337748,11938.13625
587,0,3,3.863669771,0.6136383354,0.02638404885,0.005778563328,0.01023895273,0.06649312988,0.03624804237,12206.85256
588,0,3,3.872576449,0.6150555354,0.02748324766,0.005865707354,0.01049316438,0.06924485003,0.03773158882,12424.24332
589,0,3,3.88150366,0.6164759979,0.02856132151,0.0059518799,0.01075177172,0.07194315495,0.03918734522,12690.65257
590,0,3,3.89045145,0.617899726,0.0296079004,0.006035500752,0.01101515226,0.07456201202,0.04060136159,12949.7555
591,0,3,3.899419867,0.6193267216,0.03061244471,0.006116739788,0.01127785457,0.07707544054,0.04195935478,13159.78347
592,0,3,3.908408958,0.6207569849,0.03158169067,0.006194237015,0.01153831451,0.07949961737,0.04326977473,13317.8153
593,0,3,1.958709386,0.3110952577,0.03078003637,0.00575992497,0.009886712779,0.07747636888,0.04207410783,11872.33881
594,0,3,2.002489171,0.3180493361,0.03037625809,0.005432304743,0.00862304475,0.07645308063,0.04144773042,10889.03381
595,0,3,2.047247493,0.3251588683,0.03024130546,0.005206208903,0.007641334176,0.07610494192,0.04120677535,10385.39448
596,0,3,2.093006223,0.3324273278,0.03032885354,0.005094199203,0.007101152205,0.07631603299,0.04129271569,10298.2706
597,0,3,2.139787723,0.3398582659,0.03059546225,0.005073574053,0.006989244999,0.07697729939,0.04164185884,10468.10337
598,0,3,2.187614852,0.3474553134,0.03096646557,0.005107663113,0.007162265034,0.07790105131,0.04214523119,10763.32517
599,0,3,2.236510981,0.3552221826,0.03136775271,0.005164643116,0.007451402432,0.07890100458,0.04269514425,11049.89028
600,0,3,2.286500005,0.3631626682,0.03176207405,0.005221210076,0.007726708726,0.07988363814,0.04323536762,11281.29904
601,0,3,2.337606351,0.3712806499,0.03214172874,0.005270853596,0.007954018109,0.08082948082,0.04375369698,11468.57322
602,0,3,2.389854991,0.3795800936,0.03251308163,0.005314658564,0.00814464187,0.08175409427,0.04425893467,11621.99363
603,0,3,2.44327146,0.3880650537,0.03288236723,0.005356825837,0.008318911843,0.08267276354,0.0447602943,11763.3024
604,0,3,2.497881858,0.3967396748,0.03325479912,0.005401857989,0.008498833273,0.083598445,0.04526585884,11942.25237
605,0,3,2.553712872,0.405608194,0.03362935076,0.005451411542,0.008683975556,0.08452851599,0.04577426288,12120.24001
606,0,3,2.610791783,0.414674943,0.03399990912,0.00550532696,0.008886018722,0.08544753186,0.04627781454,12296.37281
607,0,3,2.669146486,0.4239443502,0.03436101959,0.005562430007,0.009102815238,0.08634164072,0.04676900807,12467.32892
608,0,3,2.728805494,0.4334209427,0.03470751573,0.005621173536,0.009322796998,0.08719766471,0.04724022787,12658.68226
609,0,3,2.789797961,0.4431093489,0.03503529811,0.005680609312,0.009547537983,0.08800503764,0.04768590873,12853.97582
610,0,3,2.852153692,0.4530143003,0.0353425827,0.005739754008,0.009771597203,0.08875915799,0.04810331373,13032.49656
611,0,3,2.915903157,0.4631406343,0.03562697962,0.005798548835,0.009992867079,0.08945386045,0.04848905904,13217.00823
612,0,3,2.981077508,0.4734932966,0.03588723781,0.005858577405,0.01022287583,0.0900857808,0.04884202048,13408.87407
613,0,3,3.047708593,0.4840773434,0.03612211392,0.00591695075,0.01045039038,0.09065144561,0.04915972099,13579.81565
614,0,3,3.115828973,0.4948979447,0.0363302252,0.00597522621,0.01067580581,0.09114734272,0.04944036687,13778.91765
615,0,3,3.185471935,0.5059603862,0.03650573921,0.006033548846,0.01090694974,0.09155871971,0.04967653726,13957.32298
616,0,3,3.25667151,0.5172700725,0.03664997773,0.006088767667,0.01111413991,0.09188870323,0.04986820592,14109.32848
617,0,3,3.329462491,0.5288325296,0.03675790656,0.006143729033,0.01133829342,0.09212448108,0.05001091384,14232.56054
618,0,3,3.403880449,0.5406534074,0.03682934978,0.006196079383,0.01155317543,0.09226554337,0.05010289104,14372.31278
619,0,3,3.479961748,0.5527384829,0.03686529941,0.006245850165,0.01175065669,0.09231442655,0.05014502026,14487.78663
620,0,3,3.557743566,0.5650936624,0.03686034697,0.006293033487,0.011953672,0.09225758152,0.05013142495,14574.09523
621,0,3,3.637263912,0.5777249844,0.03681067466,0.006336004659,0.01213516453,0.09208560447,0.05005544798,14661.61913
622,0,3,3.718561645,0.5906386231,0.03672137994,0.006376926453,0.01231212376,0.09181152519,0.04992511764,14724.96352
623,0,3,3.801676491,0.6038408903,0.03658753415,0.006412926552,0.01248047711,0.09142330132,0.04973367977,14744.75877
624,0,3,3.886649066,0.617338239,0.03640731536,0.006444068772,0.01264008617,0.09091686663,0.04947895272,14785.38216
625,0,3,3.973520891,0.6311372661,0.03617392093,0.006466403079,0.01277538768,0.09027584931,0.04915105905,14778.57556
626,0,3,4.062334419,0.645244715,0.03590176541,0.006487785322,0.01290868327,0.08953682001,0.04877116043,14718.34106
627,0,3,4.153133048,0.6596674792,0.03556463329,0.006499077038,0.01302060086,0.08863540149,0.0483033425,14631.99012
628,0,3,4.245961149,0.6744126046,0.03515430691,0.006498291255,0.01309383696,0.08755201678,0.04773588088,14542.24341
629,0,3,4.255984131,0.6760052658,0.03459947321,0.006458597895,0.01301437582,0.08611116347,0.04696632699,14299.5432
630,0,3,4.265795188,0.6775642246,0.03393916768,0.006394438595,0.01285748928,0.08441142637,0.04605257832,13955.4344
631,0,3,4.275628862,0.6791267308,0.03320493793,0.00631275003,0.01264285029,0.08253276226,0.04503864237,13584.43204
632,0,3,4.285485204,0.6806927875,0.03240476548,0.006222041689,0.01242573577,0.08049577019,0.04393959079,13208.1136
633,0,3,4.295364268,0.6822623974,0.03155249729,0.006122897625,0.01219206402,0.07833580508,0.04277322394,12790.55528
634,0,3,4.305266105,0.6838355626,0.03064378081,0.006015603248,0.01195119276,0.07604253189,0.04153470371,12331.70036
635,0,3,4.315190768,0.6854122854,0.02969151326,0.005902638474,0.01171074202,0.07364831865,0.04024190422,11906.7311
636,0,3,4.32513831,0.6869925682,0.02868639209,0.005780840133,0.01145100423,0.07113052484,0.03888124312,11443.38231
637,0,3,4.335108784,0.6885764139,0.02763200368,0.005653228315,0.01118872625,0.06849847193,0.03745902718,10937.91522
638,0,3,4.345102242,0.6901638264,0.02653353246,0.005521157053,0.01091372488,0.06576535577,0.0359816027,10458.51161
639,0,3,4.355118737,0.6917548107,0.02540075548,0.005383210129,0.01063215062,0.06295485243,0.03446205668,9952.093485
640,0,3,4.365158322,0.6933493732,0.02423984795,0.005242503214,0.01034639852,0.06008254458,0.03290901926,9403.017823
641,0,3,4.375221052,0.6949475216,0.02305693442,0.005101146535,0.01006801952,0.05716346861,0.03133157785,8827.132237
642,0,3,4.385306978,0.6965492654,0.02185890955,0.004958700489,0.00978775017,0.05421464853,0.02973814388,8284.961353
643,0,3,4.395416154,0.6981546162,0.02066109393,0.004818142895,0.009507347994,0.05127293108,0.02814870526,7704.808746
644,0,3,4.405548635,0.6997635869,0.01947459474,0.004681776257,0.009238113501,0.04836500184,0.0265786334,7087.843152
645,0,3,4.415704474,0.7013761925,0.01831629749,0.00455176416,0.008985115495,0.04553133687,0.02505015094,6446.953582
646,0,3,4.425883724,0.7029924496,0.01720703657,0.004428836747,0.008743117798,0.04282172386,0.02358939829,5843.463371
647,0,3,4.436086439,0.7046123764,0.01616964878,0.004316983708,0.008521130002,0.04029018824,0.0222261266,5217.950863
648,0,3,4.446312675,0.7062359923,0.0152290983,0.004218008396,0.008322587648,0.03799587713,0.02099207692,4671.155147
649,0,3,4.456562484,0.707863318,0.01441343295,0.004133961008,0.008152340166,0.03600422635,0.0199223596,5173.708158
650,0,3,4.466835922,0.7094943747,0.01375052569,0.004066394937,0.008012537887,0.03438008198,0.01905126849,5633.382441
651,0,3,4.477133042,0.7111291843,0.01326668931,0.004016725374,0.007907526096,0.03318456074,0.01841115944,6058.080034
652,0,3,4.487453899,0.7127677685,0.01298274781,0.003986432322,0.007836921646,0.03246620623,0.01802716888,6371.597444
653,0,3,4.497798549,0.7144101492,0.01290711559,0.003975346746,0.007804547645,0.03224551545,0.01791006173,6564.647658
654,0,3,4.508167045,0.7160563473,0.0130388081,0.003982675453,0.007805661028,0.03252165945,0.01805864681,6665.455559
655,0,3,4.518559444,0.7177063831,0.01336373762,0.004008283893,0.007842493446,0.03326361536,0.01845690002,6932.375557
656,0,3,4.528975799,0.7193602753,0.01386151724,0.004051165047,0.007911254641,0.03442582669,0.01908061249,7394.097497
657,0,3,4.539416167,0.7210180413,0.01450251035,0.004109117049,0.008012258702,0.03594039587,0.0198941951,7884.771883
658,0,3,4.549880602,0.7226796966,0.01525973954,0.004180423476,0.00814068314,0.03774482819,0.02086431384,8316.683639
659,0,3,4.56036916,0.7243452546,0.01610806463,0.004263970422,0.008299340634,0.0397801732,0.02196014814,8911.114449
660,0,3,4.570881896,0.7260147263,0.01702167547,0.004357361541,0.008480669939,0.04198515109,0.02314842711,9588.392303
661,0,3,4.581418867,0.7276881202,0.01797842256,0.004457368881,0.008677161776,0.04430677769,0.02440018187,10250.26124
662,0,3,4.591980128,0.7293654424,0.01896405744,0.004563720807,0.008891893218,0.04671080177,0.02569741129,10871.56019
663,0,3,4.602565736,0.7310466961,0.01996469115,0.004674437565,0.00912264035,0.04916370223,0.02702189595,11500.69858
664,0,3,4.613175746,0.7327318817,0.02096846322,0.004787531661,0.009359097606,0.05163658738,0.0283572159,12118.94297
665,0,3,4.623810214,0.7344209973,0.02196901302,0.004902558615,0.009607315429,0.05411387613,0.02969547404,12690.06278
666,0,3,4.634469197,0.736114038,0.02296209985,0.00501898524,0.009864767612,0.05658516293,0.03103080141,13275.01046
667,0,3,4.645152752,0.7378109968,0.02394485405,0.005136800204,0.01013033385,0.05904321955,0.032359188,13907.43451
668,0,3,4.655860935,0.7395118643,0.02490242066,0.005252968601,0.01039746499,0.06145152166,0.0336605148,14486.33759
669,0,3,4.666593803,0.7412166292,0.02583566355,0.00536775371,0.0106637469,0.06381158103,0.03493539631,15006.56917
670,0,3,4.677351413,0.7429252787,0.02673986229,0.005481463243,0.01093484655,0.06611131474,0.03617783672,15567.84341
671,0,3,2.344066911,0.3723188993,0.02584335137,0.005057205185,0.008908057499,0.0639329592,0.03485767812,13682.4832
672,0,3,2.396459954,0.3806406935,0.02543827003,0.004815499837,0.007722170991,0.0629684686,0.03425986932,12558.39979
673,0,3,2.450024052,0.3891484762,0.02531257244,0.004672834913,0.007016231139,0.06269690491,0.03406864796,12076.89188
674,0,3,2.504785379,0.3978464014,0.02539408867,0.004607774321,0.006718736582,0.06294085382,0.03417888173,12061.39589
675,0,3,2.560770696,0.4067387147,0.02563276471,0.004600472612,0.00671192461,0.06357692286,0.03451549662,12317.84719
676,0,3,2.61800736,0.4158297565,0.02598038577,0.004631980842,0.006854522075,0.06448570602,0.03500652241,12718.30342
677,0,3,2.67652334,0.4251239634,0.02638146179,0.004686904051,0.007077723718,0.06552996728,0.03557463767,13134.73637
678,0,3,2.736347231,0.4346258705,0.0267989871,0.004750382886,0.007310346042,0.06661819309,0.03616689321,13497.66137
679,0,3,2.797508266,0.4443401139,0.02721925571,0.00481606624,0.007529529416,0.06771648994,0.03676377021,13792.74288
680,0,3,2.860036332,0.4542714324,0.0276415973,0.004884355878,0.007747449132,0.06882333014,0.03736505243,14033.89236
681,0,3,2.923961985,0.4644246698,0.02806626089,0.004953111826,0.007944100312,0.0699394019,0.03796997822,14307.20109
682,0,3,2.989316462,0.4748047776,0.02849485796,0.005025929648,0.008152877584,0.07106879899,0.03858257541,14570.8389
683,0,3,3.056131699,0.4854168169,0.02893057492,0.005103677696,0.008370075393,0.07221935692,0.03920688513,14824.87296
684,0,3,3.124440346,0.496265961,0.02936626744,0.005185566155,0.008599591238,0.07337327708,0.0398335867,15063.38416
685,0,3,3.194275783,0.5073574978,0.02979602695,0.005270428195,0.008837482543,0.07451570003,0.04045451546,15302.76798
686,0,3,3.265672137,0.5186968329,0.03021695491,0.00535802779,0.009084936955,0.07563927824,0.04106582922,15563.86829
687,0,3,3.338664294,0.5302894917,0.03062298051,0.005447186713,0.009343400187,0.07672871779,0.04165943482,15790.88268
688,0,3,3.413287924,0.5421411227,0.03101706927,0.005537441095,0.009596935792,0.07779113825,0.04223826526,15979.29377
689,0,3,3.489579493,0.5542575001,0.03139410418,0.005629540561,0.009860632711,0.07881340836,0.04279622331,16128.10843
690,0,3,3.567576281,0.5666445271,0.03173860423,0.005719881712,0.01013509491,0.07975660109,0.04331250285,16272.22063
691,0,3,3.647316401,0.5793082387,0.03206887997,0.005810664121,0.01039856181,0.08066538982,0.04380985073,16417.71411
692,0,3,3.72883882,0.592254805,0.03236485787,0.005901380864,0.01068699562,0.08149020921,0.04426391418,16512.98754
693,0,3,3.812183375,0.6054905342,0.03263306272,0.005989213292,0.01095747165,0.08224622352,0.04468023872,16556.6245
694,0,3,3.897390793,0.6190218763,0.03285876954,0.006072474323,0.01122852324,0.08289512121,0.04503957852,16594.87924
695,0,3,3.984502711,0.6328554264,0.03304812444,0.006152811625,0.01149531313,0.08345214821,0.04534985911,16619.79219
696,0,3,4.073561697,0.6469979279,0.03319639026,0.006228344645,0.01175218264,0.08390452196,0.04560393405,16582.62513
697,0,3,4.164611271,0.6614562771,0.03330793452,0.006301228914,0.01200872571,0.08426263876,0.04580809364,16516.75714
698,0,3,4.257695925,0.6762375261,0.03337500565,0.006369000478,0.01225690845,0.08450591016,0.04595088635,16454.5584
699,0,3,4.352861147,0.6913488878,0.03339879972,0.006430601645,0.01248788575,0.08463635839,0.04603284945,16326.28218
700,0,3,4.450153438,0.7067977393,0.03337449958,0.006489218957,0.01273384534,0.0846409801,0.04604946665,16137.47333
701,0,3,4.549620344,0.7225916267,0.03329750605,0.006537936576,0.01293337636,0.08450671942,0.04598947264,15966.81944
702,0,3,4.651310468,0.738738269,0.03316940211,0.006581326172,0.01313591678,0.08423663028,0.04585816525,15715.87031
703,0,3,4.755273503,0.7552455629,0.03298153094,0.00661614613,0.01331870026,0.08380746356,0.04564162984,15372.7768
704,0,3,4.861560251,0.7721215872,0.03273019212,0.006639247424,0.01347377985,0.08320842621,0.04533356929,15000.38732
705,0,3,4.970222651,0.7893746071,0.03241449014,0.006651257028,0.01360420639,0.08243596877,0.04493245422,14574.87072
706,0,3,5.081313801,0.8070130788,0.03203409321,0.00665383066,0.013722368,0.0814877225,0.04443818429,14133.33907
707,0,3,5.093308711,0.8089129595,0.03146909002,0.006605050127,0.01364634634,0.08005826862,0.04367344576,13520.06593
708,0,3,5.10505,0.8107726447,0.03078848423,0.006525341697,0.01347696686,0.0783226654,0.04273926589,12786.93039
709,0,3,5.116818355,0.8126367535,0.0300419119,0.006428068847,0.01326407514,0.07640636522,0.04170642899,12052.85553
710,0,3,5.12861384,0.8145053352,0.02925137567,0.006319479856,0.01303293807,0.07436616564,0.04060715107,11244.95082
711,0,3,5.140436516,0.8163784372,0.02842697693,0.006206503292,0.01280756455,0.07222898329,0.03945780479,10392.37294
712,0,3,5.152286446,0.818256105,0.0275755238,0.00608722567,0.01257302403,0.07001301024,0.0382667165,9562.480726
713,0,3,5.164163693,0.8201383812,0.02671120269,0.005962106969,0.01231767421,0.06775570233,0.03705264958,8671.62274
714,0,3,5.17606832,0.822025306,0.02583787473,0.005832943221,0.01207003427,0.06546906727,0.03582423584,7779.981053
715,0,3,5.188000389,0.8239169165,0.02496814904,0.005700522942,0.01182398834,0.0631873598,0.03459896518,7066.738938
716,0,3,5.199959965,0.8258132465,0.02412033794,0.005567244245,0.01158209747,0.06095941762,0.03340277118,6456.383508
717,0,3,5.211947111,0.8277143266,0.02330131108,0.005435099448,0.01135278926,0.0588063897,0.03224735918,5831.246056
718,0,3,5.22396189,0.8296201837,0.02252715886,0.005305682509,0.01113531753,0.05677263076,0.03115585841,5188.866733
719,0,3,5.236004366,0.8315308412,0.02180849527,0.005181071562,0.01093027912,0.05488895515,0.03014432935,4705.916233
720,0,3,5.248074602,0.8334463186,0.02116049112,0.005062854352,0.01074172477,0.05319762158,0.02923512644,4620.181199
721,0,3,5.260172664,0.8353666316,0.0205989489,0.004953902523,0.01057454391,0.05174217265,0.02845141145,4524.470837
722,0,3,5.272298614,0.8372917923,0.0201354619,0.004855172772,0.01043293256,0.05055526909,0.02781047844,4542.482442
723,0,3,5.284452518,0.8392218088,0.01978407787,0.004768878455,0.0103261755,0.04967398516,0.02733261166,5363.056405
724,0,3,5.296634439,0.8411566854,0.01954099999,0.004696233131,0.01024884341,0.04908968695,0.02701268888,6180.879865
725,0,3,5.308844442,0.8430964227,0.01941466377,0.004639315974,0.0101921082,0.04882305737,0.02686085638,6984.54165
726,0,3,5.321082593,0.8450410178,0.01941416026,0.004601581103,0.01016065068,0.04889433481,0.02688856154,7723.590718
727,0,3,5.333348955,0.8469904642,0.01953846721,0.004583549912,0.0101761302,0.04929629082,0.02709445767,8488.280252
728,0,3,5.345643594,0.8489447523,0.01977399599,0.004581688931,0.01021881764,0.04998947505,0.02745621351,9194.058801
729,0,3,5.357966575,0.8509038695,0.02010952747,0.004596699721,0.01028917376,0.05094055286,0.02795679598,9831.404269
730,0,3,5.370317964,0.8528678005,0.02053272776,0.004626755462,0.01037958117,0.05211333637,0.02857680575,10489.19602
731,0,3,5.382697825,0.854836528,0.0210357939,0.00467255946,0.01049076915,0.05348273609,0.02930356947,11094.23171
732,0,3,5.395106225,0.8568100327,0.0216101299,0.004733051803,0.01062476661,0.05502319316,0.03012406407,11624.42404
733,0,3,5.407543229,0.8587882939,0.02223992896,0.004809079322,0.01079106209,0.05669177558,0.03101671373,12145.56216
734,0,3,5.420008904,0.8607712902,0.02291126044,0.004894810866,0.0109601663,0.05845085666,0.03195900858,12614.03008
735,0,3,5.432503315,0.8627589996,0.02361645235,0.004991250828,0.01115257384,0.06027980485,0.03294193445,13004.27499
736,0,3,5.445026528,0.8647514002,0.02433726917,0.005093934844,0.01135604593,0.06213131285,0.03393932328,13335.80696
737,0,3,5.457578611,0.8667484706,0.02507551187,0.005203902542,0.01156606125,0.06401074099,0.03495357862,13671.59962
738,0,3,5.470159629,0.8687501902,0.02581009739,0.0053161356,0.0117782175,0.06586417757,0.03595566269,13945.01605
739,0,3,5.482769649,0.8707565399,0.02653317148,0.005432797378,0.01201700558,0.06767235185,0.03693737979,14157.3934
740,0,3,5.495408739,0.8727675021,0.02723497738,0.005546217154,0.01223188639,0.06941139479,0.03788160929,14376.29162
741,0,3,5.508076964,0.8747830613,0.02791849913,0.005660312625,0.01244551383,0.07109028808,0.03879497908,14526.13968
742,0,3,5.520774393,0.876803204,0.02855999277,0.00576809665,0.01264011561,0.07264950042,0.03964425103,14634.26943
743,0,3,5.533501092,0.8788279195,0.02917998557,0.0058809378,0.01287842088,0.07414328704,0.04046337147,14730.42829
744,0,3,5.54625713,0.8808571993,0.0297405678,0.005982179682,0.01307981484,0.07547605412,0.04119467244,14763.45932
745,0,3,5.559042573,0.8828910377,0.03024961856,0.006076603088,0.01326848048,0.07666964732,0.04185167835,14764.23652
746,0,3,5.571857489,0.8849294317,0.030681659,0.006155601974,0.01341727002,0.07766067651,0.04239828843,14741.20008
747,0,3,5.584701947,0.886972381,0.03109019056,0.006237392806,0.013589811,0.07858716336,0.04291308141,14782.93141
748,0,3,5.597576015,0.8890198876,0.0314048099,0.006300272927,0.01371276479,0.07927135751,0.04329533336,14869.10738
749,0,3,5.61047976,0.8910719565,0.03164739883,0.006352968467,0.01383006049,0.07977077429,0.04357913797,14935.77482
750,0,3,5.623413252,0.8931285947,0.03182992476,0.006393021399,0.01389821185,0.08011744016,0.0437777893,14947.47496
751,0,3,5.636376558,0.8951898117,0.0319403802,0.006424414713,0.01397277848,0.08028255006,0.04388048363,14905.41775
752,0,3,5.649369748,0.8972556188,0.03198401742,0.006443192378,0.01401259364,0.08028086972,0.04389152231,14836.85542
753,0,3,5.66239289,0.8993260295,0.03195635808,0.006451497095,0.01404296657,0.08010293591,0.04380786427,14711.37334
754,0,3,5.675446054,0.9014010589,0.03185305465,0.006444867795,0.01403638365,0.07973940869,0.04362208952,14528.14541
755,0,3,5.688529308,0.9034807237,0.03169094901,0.00642863096,0.01401018258,0.07923378053,0.04335873827,14316.88074
756,0,3,5.701642723,0.9055650422,0.03146606829,0.006402006528,0.01396787276,0.07857774689,0.04301355286,14049.71478
757,0,3,5.714786367,0.9076540339,0.0311708367,0.006362914954,0.01390635247,0.07775418299,0.0425770107,13726.38773
758,0,3,5.72796031,0.9097477195,0.03081800495,0.0063122983,0.01381566354,0.0767959944,0.04206569818,13356.72388
759,0,3,5.741164622,0.9118461207,0.0304176082,0.006253510496,0.01370908902,0.07572947978,0.04149466987,12952.37202
760,0,3,5.754399373,0.9139492604,0.02997843364,0.006190112356,0.0136045764,0.07457701528,0.04087737663,12493.84258
761,0,3,5.767664634,0.9160571621,0.02948538655,0.006115785524,0.01347483599,0.07330279096,0.04019222941,11979.24609
762,0,3,5.780960474,0.9181698501,0.02894877821,0.006032408131,0.01332537771,0.07193282497,0.03945351286,11413.25881
763,0,3,5.794286964,0.9202873494,0.02838363954,0.005942764552,0.01315916094,0.07050456013,0.03868140367,10819.47314
764,0,3,5.807644175,0.9224096853,0.02779735185,0.005851438745,0.01300013311,0.06903598623,0.03788767267,10212.313
765,0,3,5.821032178,0.9245368836,0.02719161345,0.005754720928,0.01282630943,0.06753131567,0.03707254194,9586.44261
766,0,3,5.834451043,0.9266689702,0.02657844491,0.005656599862,0.01264842782,0.06601942491,0.03625244146,8967.447721
767,0,3,5.847900841,0.9288059708,0.02596333627,0.0055573058,0.01247475702,0.06451303313,0.03543490329,8312.829833
768,0,3,5.861381645,0.930947911,0.02535841042,0.005457195718,0.01230070701,0.06304051842,0.03463468031,7639.636532
769,0,3,5.874893525,0.9330948159,0.02476793439,0.005359428851,0.01213587644,0.06161016252,0.03385729491,6921.31459
770,0,3,5.888436554,0.9352467098,0.0242016581,0.005264064792,0.01196868296,0.06024401308,0.0331135211,6172.653199
771,0,3,5.902010802,0.9374036159,0.02367498207,0.005173457624,0.01180794389,0.0589773823,0.03242309594,5647.23499
772,0,3,5.915616342,0.9395655562,0.02319996293,0.00508945897,0.01167051767,0.05783724119,0.03180207668,5502.251923
773,0,3,5.929253246,0.9417325514,0.02278202431,0.005012526872,0.01154647932,0.05683412215,0.03125533827,5380.997599
774,0,3,5.942921586,0.94390462,0.02243300441,0.004944671416,0.01143859617,0.05599478074,0.0307975097,5260.584478
775,0,3,5.956621435,0.9460817789,0.02216043309,0.004886990683,0.01135340357,0.05533544248,0.0304379633,5146.30038
776,0,3,5.970352866,0.9482640427,0.02197186524,0.004840317306,0.01129215626,0.0548730734,0.03018591771,5403.506745
777,0,3,5.984115951,0.9504514237,0.02186724395,0.004804963778,0.01125061681,0.0546066938,0.03004052022,5992.791439
778,0,3,5.997910763,0.9526439318,0.02185000002,0.004781649424,0.01124455806,0.05454527309,0.03000797217,6501.090219
779,0,3,6.011737375,0.9548415746,0.0219059069,0.004768990048,0.01125317935,0.05465464284,0.03006815613,6925.39047
780,0,3,6.025595861,0.9570443572,0.02203780409,0.00476693007,0.01128060939,0.05494390021,0.03022611764,7749.169454
781,0,3,6.039486294,0.9592522824,0.02223680546,0.004775067808,0.01133037547,0.05539372406,0.03047178557,8573.813017
782,0,3,6.053408748,0.9614653506,0.02249748744,0.004792143997,0.01140801757,0.05599402292,0.03080006109,9373.724577
783,0,3,6.067363296,0.9636835603,0.02280163811,0.004816206545,0.01149479993,0.05670226347,0.03118648607,10145.59397
784,0,3,6.081350013,0.9659069081,0.02313854814,0.004846637197,0.01159703786,0.05749486766,0.03161895554,10902.20722
785,0,3,6.095368972,0.9681353887,0.02349589983,0.004881259537,0.01169971272,0.05834397449,0.03208109506,11620.17337
786,0,3,6.109420249,0.9703689956,0.02386512575,0.00491976084,0.01181103581,0.05923051215,0.03256340895,12292.47237
787,0,3,6.123503917,0.972607721,0.02423470292,0.004961028337,0.01192452192,0.06012774358,0.03305099242,12938.47817
788,0,3,6.137620052,0.9748515563,0.02460310408,0.00500546038,0.01204240598,0.06103249448,0.03354233254,13503.45953
789,0,3,6.151768727,0.9771004922,0.02494824213,0.005048078196,0.01215188818,0.06189107993,0.03400761694,14035.54517
790,0,3,6.165950019,0.9793545193,0.02527363101,0.005090674578,0.01225669696,0.06271200415,0.03445175423,14509.03576
791,0,3,6.180164001,0.9816136281,0.0255746753,0.005133129419,0.01235219524,0.06348353426,0.03486814049,14941.03218
792,0,3,6.194410751,0.9838778094,0.02584891008,0.00517547713,0.01245187414,0.06419886406,0.03525441473,15307.2048
793,0,3,6.208690342,0.9861470548,0.02609263372,0.005215064679,0.01252660688,0.06484773269,0.0356025517,15626.32392
794,0,3,6.223002852,0.9884213568,0.02630487323,0.005255175472,0.01261208655,0.06542640823,0.03591393478,15847.91161
795,0,3,6.237348355,0.9907007089,0.02648549913,0.00529334008,0.01267852546,0.06593302706,0.03618497678,16002.46188
796,0,3,6.251726928,0.9929851065,0.02663411614,0.005332522272,0.01276121199,0.06636521565,0.03641772342,16117.94051
797,0,3,6.266138647,0.9952745466,0.02674942631,0.005365618325,0.01279851833,0.06671748091,0.03660377712,16161.44371
798,0,3,6.280583588,0.9975690281,0.02683547473,0.00540070369,0.01285444038,0.0669981425,0.03675356459,16139.95213
799,0,3,6.295061829,0.9998685525,0.02689242318,0.005432822459,0.01289756953,0.06720592646,0.03686360616,16023.04746
800,0,3,6.309573445,1.002173124,0.02695251891,0.005470404905,0.01294949645,0.06741922253,0.03697771163,15851.64115
801,0,3,6.324118514,1.004482748,0.02697935147,0.005501861784,0.01298550088,0.06754640306,0.03704489063,15594.0139
802,0,3,6.338697113,1.006797434,0.02699797915,0.00553285109,0.01301789702,0.06764844667,0.03709879142,15298.14784
803,0,3,6.353309319,1.009117195,0.02701602427,0.0055657022,0.01305878746,0.0677436347,0.03715028459,14970.50021
804,0,3,6.367955209,1.011442045,0.02703790007,0.005598863242,0.01310113674,0.0678424444,0.03720427514,14591.04285
805,0,3,6.382634862,1.013772003,0.02706448235,0.005632927336,0.0131530059,0.06794705801,0.03726264997,14151.45384
806,0,3,6.397348355,1.016107089,0.02710096632,0.005668014282,0.01321949515,0.06807060541,0.03733279769,13652.31948
807,0,3,6.412095766,1.018447326,0.02714506216,0.005700919565,0.01327810216,0.06820728462,0.03740954609,13176.57459
808,0,3,6.426877173,1.020792743,0.02720314731,0.00573494894,0.01335373697,0.06837434872,0.03750424881,12649.8489
809,0,3,6.441692655,1.023143366,0.02727515467,0.005766842558,0.0134268802,0.06857185915,0.03761506186,12107.03243
810,0,3,6.45654229,1.025499227,0.02736083453,0.005798798898,0.01351908996,0.06880039879,0.03774421148,11631.68819
811,0,3,6.471426157,1.027860359,0.02745380297,0.005827264875,0.01360902782,0.06904505462,0.03788170244,11157.91299
812,0,3,6.486344335,1.030226797,0.02755544284,0.005852436029,0.01369940578,0.06931000205,0.03802993407,10710.72373
813,0,3,6.501296903,1.032598577,0.02766094287,0.005874582475,0.01380079698,0.0695842342,0.03818398266,10235.94311
814,0,3,6.516283941,1.034975735,0.02776591418,0.005891042089,0.01388627545,0.06985733762,0.03833577517,9795.371881
815,0,3,6.531305526,1.037358309,0.02786330808,0.005903067858,0.01397941605,0.07011231154,0.03847846947,9358.313828
816,0,3,6.546361741,1.039746336,0.02794823899,0.005908037453,0.01406036898,0.07033732249,0.0386038919,8933.798908
817,0,3,6.561452663,1.042139855,0.02801640098,0.005905960897,0.01413097475,0.07052154515,0.03870649776,8529.54161
818,0,3,6.576578374,1.044538902,0.02806017474,0.005896205324,0.01418891762,0.07064573684,0.03877590799,8115.286725
819,0,3,6.591738952,1.046943513,0.02807410011,0.005877972404,0.01423213184,0.07069610242,0.03880463288,7705.227014
820,0,3,6.60693448,1.049353725,0.02805305553,0.005851054162,0.01425962455,0.07065937742,0.03878560709,7305.511409
821,0,3,6.622165037,1.051769569,0.02798987772,0.005813906207,0.01426126468,0.07051709338,0.03870813509,6878.733363
822,0,3,6.637430704,1.054191079,0.02788340397,0.005767007436,0.01424184904,0.07026572299,0.03857085909,6474.142286
823,0,3,6.652731562,1.056618286,0.02773178084,0.005710295316,0.01420072501,0.06990012086,0.0383710393,6173.109997
824,0,3,6.668067692,1.059051216,0.02752701781,0.005643412845,0.01413137771,0.06939958298,0.03809718747,6021.549156
825,0,3,6.683439176,1.061489898,0.0272708439,0.005566587366,0.01403449404,0.06876805458,0.037751484,5868.348203
826,0,3,6.698846094,1.063934354,0.02696414401,0.005480123446,0.01391378176,0.06800718507,0.03733519572,5705.985647
827,0,3,6.714288529,1.066384608,0.0266089915,0.005384495729,0.01376821025,0.06712183939,0.036850835,5512.015219
828,0,3,6.729766563,1.068840679,0.02620444284,0.005280808397,0.01359923069,0.06610943336,0.03629723136,5853.99543
829,0,3,6.745280277,1.071302586,0.02575600081,0.00517025424,0.01340800158,0.06498359986,0.03568173855,6180.794838
830,0,3,6.760829754,1.073770344,0.02527130532,0.005053970221,0.01319312272,0.0637636731,0.03501444695,6489.61234
831,0,3,6.776415076,1.076243968,0.02475805276,0.004934175027,0.01295800895,0.06246937628,0.03430612273,6731.18889
832,0,3,6.792036326,1.07872347,0.02423275599,0.004813088242,0.01272851095,0.06114234905,0.03358122288,6976.806051
833,0,3,6.807693587,1.081208861,0.02369449177,0.004692043646,0.01248377898,0.0597810701,0.03283696581,7207.031701
834,0,3,6.823386941,1.08370015,0.02316155898,0.004574271733,0.01224085515,0.05843210862,0.03209957799,7361.813295
835,0,3,6.839116473,1.086197347,0.02264670577,0.004462198815,0.01200638893,0.05712830912,0.0313870259,7488.873468
836,0,3,6.854882265,1.088700457,0.02216361602,0.004359695178,0.01177648154,0.05590501057,0.0307176193,7575.504064
837,0,3,6.8706844,1.091209488,0.02173273992,0.004269166882,0.01157103291,0.05481439075,0.03012077359,7663.079251
838,0,3,6.886522963,1.093724445,0.0213653207,0.004193080366,0.01140115942,0.05388541255,0.02961284761,7742.906807
839,0,3,6.902398038,1.096245333,0.02106657277,0.00413347119,0.01125610301,0.05313211563,0.02920020393,7793.079794
840,0,3,6.918309709,1.098772156,0.02085130619,0.004094176525,0.01115294838,0.05259217636,0.02890443099,7839.865894
841,0,3,6.93425806,1.101304921,0.02072425051,0.004074619517,0.01107980984,0.0522773228,0.02873054885,7872.96627
842,0,3,6.950243176,1.10384363,0.02069793098,0.004076659089,0.01105236408,0.05221893867,0.02869667143,7962.207329
843,0,3,6.966265141,1.106388288,0.02076742205,0.004099607623,0.01107428239,0.05240391096,0.02879627674,8071.178908
844,0,3,6.982324041,1.108938901,0.02092548885,0.0041409791,0.01113921603,0.0528131691,0.02901868689,8171.766245
845,0,3,6.99841996,1.111495472,0.02116194431,0.004199049801,0.01123867711,0.05342038895,0.02934921517,8289.28662
846,0,3,7.014552984,1.114058007,0.02147796182,0.004274331876,0.01138044316,0.05422729389,0.02978962339,8447.49502
847,0,3,7.030723199,1.116626513,0.02186240598,0.004363241069,0.01155360444,0.05520471166,0.03032345888,8583.212436
848,0,3,7.04693069,1.119200994,0.02229722797,0.004463135538,0.01176423802,0.05630640832,0.03092690927,8696.060181
849,0,3,7.063175543,1.121781459,0.02276326155,0.004568070911,0.0119884895,0.05748308376,0.03157159383,8819.80452
850,0,3,7.079457844,1.124367915,0.02324867291,0.004677475618,0.01222429852,0.05870462599,0.03224145684,8929.231284
851,0,3,7.09577768,1.126960369,0.02374339591,0.004787512187,0.01245527171,0.05994510088,0.03292118632,9003.876992
852,0,3,7.112135137,1.129558833,0.02424823896,0.004900795576,0.01270596815,0.06120657342,0.03361428694,9070.257665
853,0,3,7.128530301,1.132163314,0.02473195375,0.00500761278,0.01294458987,0.062409537,0.0342755687,9094.815921
854,0,3,7.144963261,1.134773826,0.0252128674,0.005113813328,0.01318375166,0.06360135805,0.03493130338,9102.629375
855,0,3,7.161434102,1.137390379,0.02564836492,0.005210719325,0.01341611209,0.06467413576,0.03552367563,9069.478755
856,0,3,7.177942913,1.140012987,0.0260546048,0.005300536849,0.013630854,0.06566970979,0.0360737061,9038.827106
857,0,3,7.19448978,1.142641663,0.02642116921,0.005380834548,0.01382176406,0.06656211845,0.03656702181,8967.308615
858,0,3,7.211074792,1.145276424,0.02673377263,0.00544931482,0.01399244383,0.0673157343,0.03698508551,8874.918285
859,0,3,7.227698036,1.147917283,0.02699498083,0.005505753619,0.01413690876,0.06793797202,0.03733116173,8728.975229
860,0,3,7.244359601,1.150564259,0.02720756518,0.005551853069,0.01426427038,0.06843656797,0.03761019782,8574.852717
861,0,3,7.261059574,1.153217369,0.02735667027,0.005582807944,0.01435875612,0.06877489764,0.03780117582,8363.060963
862,0,3,7.277798045,1.155876631,0.0274527001,0.005602484497,0.01443283787,0.06897977064,0.03791950073,8180.82066
863,0,3,7.294575103,1.158542064,0.02748478608,0.005607192288,0.01447953817,0.06902467526,0.03795035208,7965.147381
864,0,3,7.311390835,1.161213688,0.02745690703,0.005596871203,0.01449151835,0.06892053591,0.03789871728,7729.283545
865,0,3,7.328245331,1.163891521,0.02737068366,0.005574566799,0.01448736773,0.06867187216,0.03776883626,7449.599935
866,0,3,7.345138682,1.166575583,0.02722674706,0.005536970094,0.01444281972,0.06828107792,0.03755946764,7148.559589
867,0,3,7.362070975,1.169265893,0.02703554545,0.005488942629,0.01438410279,0.06777485336,0.03728733823,6825.496604
868,0,3,7.379042301,1.17196247,0.02679334036,0.005427305812,0.01429429943,0.06714438675,0.0369460228,6507.619773
869,0,3,7.396052751,1.174665332,0.02650857682,0.005355609414,0.01418892308,0.06641107716,0.03654840593,6176.997077
870,0,3,7.413102413,1.177374497,0.02618534037,0.005273027965,0.01405748047,0.06558550764,0.03609899044,5819.558179
871,0,3,7.430191379,1.18008998,0.02583284563,0.005183327955,0.01391673292,0.06469062359,0.03561163798,5478.176659
872,0,3,7.447319739,1.182811797,0.0254545232,0.005086457435,0.01376205235,0.06373503197,0.03509043027,5133.5724
873,0,3,7.464487584,1.185539962,0.02505600662,0.004983675304,0.01359531374,0.06273255722,0.03454289644,4797.740398
874,0,3,7.481695005,1.188274486,0.02464394896,0.004877155404,0.01342197375,0.06169936978,0.03397820065,4507.751846
875,0,3,7.498942093,1.191015381,0.02422599376,0.004768686526,0.01324549094,0.06065408982,0.03340658912,4245.511287
876,0,3,7.51622894,1.193762657,0.02381014937,0.004659816608,0.01306391328,0.05961619353,0.03283821503,4111.582675
877,0,3,7.533555637,1.19651632,0.02340405337,0.004553516856,0.01289050229,0.0586040393,0.03228421712,3999.17671
878,0,3,7.550922277,1.199276379,0.02301147626,0.004450698114,0.01272167806,0.05762626197,0.03174887366,3902.320629
879,0,3,7.56832895,1.202042838,0.0226395624,0.004353260314,0.01255805013,0.05670005792,0.03124140623,3789.704568
880,0,3,7.58577575,1.204815702,0.02229444962,0.00426314953,0.01240418078,0.05584013545,0.03077012088,3678.000536
881,0,3,7.603262769,1.207594973,0.021979966,0.004182111753,0.01226313505,0.05505551313,0.03034016715,3576.75697
882,0,3,7.6207901,1.210380654,0.02170329616,0.00411133516,0.01213396012,0.05436374606,0.02996074939,3490.196448
883,0,3,7.638357836,1.213172748,0.02146859325,0.004052544589,0.0120237116,0.05377495853,0.02963797994,3409.17286
884,0,3,7.655966069,1.215971256,0.02127673358,0.004006708306,0.01193543816,0.05329127538,0.02937332046,3337.164329
885,0,3,7.673614894,1.218776178,0.02112463897,0.003973496426,0.01186076019,0.05290508668,0.02916189669,3268.850283
886,0,3,7.691304403,1.221587518,0.02101479231,0.003953332162,0.01180356196,0.05262291173,0.02900752163,3468.620662
887,0,3,7.709034691,1.224405275,0.02094808154,0.003945082885,0.01175803804,0.0524474531,0.02891095205,3712.969459
888,0,3,7.726805851,1.227229452,0.02092696395,0.003950636889,0.01173850458,0.05238535678,0.02887716852,3948.047373
889,0,3,7.744617978,1.230060051,0.02094116099,0.00396694466,0.01173817796,0.05241171717,0.02889222124,4152.838482
890,0,3,7.762471166,1.232897077,0.02098939642,0.003993777867,0.0117586429,0.05252387646,0.0289548282,4345.634308
891,0,3,7.78036551,1.235740533,0.02106947739,0.004029373701,0.01179324804,0.05271695389,0.02906164421,4497.592408
892,0,3,7.798301105,1.238590424,0.02118166299,0.004072139571,0.01183582327,0.05299205375,0.02921253858,4644.228966
893,0,3,7.816278046,1.241446758,0.02132381105,0.004122717984,0.01189810882,0.05334418195,0.02940607277,4766.22745
894,0,3,7.834296428,1.244309541,0.02149133416,0.004178931745,0.01197457122,0.05376221401,0.02963573403,4867.060894
895,0,3,7.852356346,1.247178784,0.02167993843,0.004238864148,0.01206019366,0.05423552641,0.02989535204,4956.185437
896,0,3,7.870457897,1.250054495,0.02188502623,0.004301549839,0.01215786326,0.05475260374,0.03017912755,5016.635386
897,0,3,7.888601176,1.252936689,0.02209751806,0.004365310612,0.01226959013,0.05529068524,0.03047523157,5066.241285
898,0,3,7.90678628,1.255825378,0.0223151287,0.004428875989,0.01238891703,0.0558438415,0.03077986278,5099.505352
899,0,3,7.925013305,1.258720577,0.02253490319,0.004490124803,0.0125075208,0.05640438531,0.0310880839,5139.581925
900,0,3,7.943282347,1.261622304,0.02275933601,0.00455083544,0.01263582117,0.05697815219,0.03140410515,5157.586503
901,0,3,7.961593504,1.264530577,0.02298002657,0.004607551921,0.01276249298,0.05754378965,0.03171545408,5166.761912
902,0,3,7.979946873,1.267445415,0.02318840507,0.004658928507,0.01288986362,0.05807945927,0.03201085721,5227.467445
903,0,3,7.99834255,1.27036684,0.02338766792,0.004704348648,0.01300313606,0.0585926366,0.03229277209,5415.266422
904,0,3,8.016780634,1.273294874,0.0235789332,0.004745885486,0.01312222306,0.05908586372,0.032564634,5568.576859
905,0,3,8.035261222,1.276229542,0.02374944557,0.004778942522,0.0132266949,0.05952692473,0.032807296,5684.326
906,0,3,8.053784412,1.279170868,0.02389436742,0.00480491893,0.01332967393,0.05990335797,0.03301560443,5759.893854
907,0,3,8.072350302,1.282118877,0.02401291539,0.004821266251,0.01341019296,0.06021299303,0.03318622651,5797.668796
908,0,3,8.090958992,1.285073597,0.02409972656,0.004828851125,0.01348652928,0.06044219171,0.03331388462,5794.231762
909,0,3,8.109610579,1.288035052,0.02415891053,0.004826675991,0.01354091103,0.06060142029,0.03340223859,5747.524312
910,0,3,8.128305162,1.291003272,0.02417985715,0.004813975664,0.01358137481,0.06066366149,0.03343790297,5657.290019
911,0,3,8.14704284,1.293978282,0.02416788631,0.004793799618,0.01361617304,0.06064232847,0.03342887754,5523.381708
912,0,3,8.165823714,1.296960109,0.02411381153,0.004760931672,0.01361833379,0.06051410817,0.03336000105,5350.070414
913,0,3,8.184647881,1.29994878,0.02402304618,0.004718277901,0.01360441225,0.06029269412,0.0332402538,5148.838562
914,0,3,8.203515443,1.302944319,0.02390208285,0.00466781771,0.01357629868,0.05999452541,0.03307853175,4910.39782
915,0,3,8.222426499,1.305946753,0.0237484184,0.004608479579,0.01352811926,0.05961303003,0.0328707652,4641.68506
916,0,3,8.24138115,1.308956105,0.02356841627,0.004542833645,0.0134692346,0.05916430704,0.03262645817,4339.3977
917,0,3,8.260379496,1.311972398,0.02336219365,0.004470094635,0.01339334106,0.05864852295,0.03234503311,4014.325349
918,0,3,8.279421637,1.314995655,0.02313609761,0.004392390087,0.0133048247,0.05808159978,0.0320353816,3681.228027
919,0,3,8.298507675,1.318025896,0.02289498614,0.004311462651,0.01320728835,0.05747573598,0.03170434431,3545.401963
920,0,3,8.317637711,1.32106314,0.02264211523,0.004228444969,0.01310148165,0.05683913596,0.03135634436,3436.586534
921,0,3,8.336811846,1.324107408,0.02238173368,0.004145234828,0.01299315407,0.05618264736,0.03099772932,3333.63197
922,0,3,8.356030182,1.327158716,0.0221185596,0.004062730723,0.01287691082,0.05551820024,0.03063422045,3234.516224
923,0,3,8.375292821,1.330217081,0.02186098011,0.003983615407,0.01275924012,0.05486697901,0.03027769491,3154.851829
924,0,3,8.394599865,1.33328252,0.02161411158,0.003910264222,0.01264546006,0.05424205755,0.02993563284,3087.629293
925,0,3,8.413951416,1.336355047,0.02137792262,0.003843904234,0.01254088389,0.05364371826,0.02960875484,3016.285974
926,0,3,8.433347578,1.339434678,0.02115678228,0.003785105703,0.01243452101,0.05308330688,0.02930183972,2955.148626
927,0,3,8.452788452,1.342521427,0.02095917361,0.003736893289,0.01233593887,0.05258238333,0.02902728783,2897.895223
928,0,3,8.472274141,1.345615308,0.02078624811,0.003700541569,0.01224935501,0.05214404739,0.02878719548,2862.187824
929,0,3,8.49180475,1.348716336,0.02063869147,0.00367614031,0.01216958019,0.05177033437,0.02858205641,2897.824805
930,0,3,8.511380382,1.351824525,0.02052040506,0.003664663816,0.01210072011,0.05147132283,0.02841760584,2964.927884
931,0,3,8.53100114,1.354939889,0.02042987701,0.003665907618,0.01204661467,0.05124343384,0.02829235405,3038.981892
932,0,3,8.550667129,1.358062444,0.02037005758,0.003679201794,0.01199652989,0.05109428834,0.02820912442,3111.57628
933,0,3,8.570378452,1.361192206,0.02033984784,0.003705367489,0.01196432784,0.05102102944,0.02816793276,3178.664871
934,0,3,8.590135215,1.364329192,0.02033007783,0.003741653205,0.01194876609,0.05100026091,0.02815631216,3405.735665
935,0,3,8.609937522,1.367473417,0.02033548723,0.00378514561,0.01194344946,0.05101852138,0.02816644669,3668.72912
936,0,3,8.629785478,1.370624901,0.02035526781,0.003834013795,0.01194185,0.05107351188,0.02819640042,3898.329572
937,0,3,8.649679188,1.373783663,0.02039401484,0.003887803566,0.01194984701,0.05117648944,0.02825271125,4102.431057
938,0,3,8.669618758,1.376949722,0.02044542209,0.003944042379,0.01196362593,0.05131134789,0.02832646079,4275.775322
939,0,3,8.689604293,1.380123099,0.02050533432,0.004000719356,0.01198434003,0.05146730429,0.02841206745,4428.941612
940,0,3,8.7096359,1.383303815,0.02056819736,0.004055513751,0.01200678717,0.05163000205,0.02850139463,4554.368905
941,0,3,8.729713684,1.386491894,0.02063268972,0.004107563028,0.01203891945,0.05179592107,0.02859341262,4655.076318
942,0,3,8.749837752,1.389687356,0.0206926339,0.004153698759,0.012069374,0.05194924919,0.02867853113,4725.870872
943,0,3,8.770008211,1.392890227,0.02074954918,0.004193270852,0.01210480166,0.05209373458,0.02875939289,4775.262824
944,0,3,8.790225168,1.396100529,0.02080400699,0.004224711892,0.01213660614,0.0522309035,0.02883582575,4807.673118
945,0,3,8.81048873,1.399318287,0.02085050429,0.004248240101,0.0121787567,0.05234699785,0.02890208198,4814.968808
946,0,3,8.830799004,1.402543525,0.02089155366,0.004262568148,0.01221998716,0.05244847119,0.02896030351,4801.473556
947,0,3,8.851156098,1.405776267,0.02092442339,0.004266932901,0.0122602566,0.05252856277,0.02900690439,4758.451618
948,0,3,8.87156012,1.409016536,0.02096008458,0.004262141953,0.01230214353,0.05261507474,0.02905675405,4700.483112
949,0,3,8.892011179,1.412264357,0.02099375552,0.004249134623,0.01235138785,0.05269631445,0.02910434355,4623.000454
950,0,3,8.912509381,1.415519751,0.02102728001,0.004226452832,0.01239818044,0.05277695805,0.02915103595,4528.719602
951,0,3,8.933054837,1.418782741,0.0210633697,0.004196963377,0.01245508485,0.05286404071,0.02920195192,4421.989925
952,0,3,8.953647655,1.422053348,0.02109659351,0.00415889186,0.01250945929,0.05294382177,0.02924849344,4301.738728
953,0,3,8.974287945,1.425331592,0.02113301012,0.004115521181,0.01257031098,0.05303164151,0.02929978392,4173.29324
954,0,3,8.994975815,1.428617492,0.02117406193,0.004067591692,0.01263372839,0.05313113105,0.02935734312,4022.725496
955,0,3,9.015711376,1.431911066,0.02121725184,0.004015624498,0.01269926017,0.05323592795,0.02941781879,3870.319895
956,0,3,9.036494737,1.435212328,0.02126179261,0.003962193413,0.01276717275,0.05334401932,0.02948028111,3707.737098
957,0,3,9.057326009,1.438521295,0.02130870834,0.00390845159,0.01283065913,0.05345795919,0.02954537298,3536.392665
958,0,3,9.078205302,1.44183798,0.02135959918,0.003857497535,0.01289730345,0.05358176943,0.02961612405,3344.50053
959,0,3,9.099132726,1.445162394,0.02140622408,0.003809389375,0.01296262143,0.05369472277,0.02968118379,3162.705629
960,0,3,9.120108394,1.448494548,0.02144755513,0.003765304454,0.01301487517,0.05379430511,0.02973797815,3231.690183
961,0,3,9.141132415,1.451834453,0.02148449216,0.003728312204,0.01306172531,0.0538829918,0.0297887109,3326.906723
962,0,3,9.162204901,1.455182116,0.02151724472,0.003699086546,0.01309577496,0.0539615053,0.02983294503,3440.61451
963,0,3,9.183325965,1.458537547,0.02154156822,0.003679674779,0.01312363294,0.05401942551,0.02986598082,3545.569584
964,0,3,9.204495718,1.461900752,0.02154989705,0.003669606264,0.01314011917,0.05403792501,0.02987734989,3639.041621
965,0,3,9.225714272,1.465271739,0.02154338062,0.003668935863,0.01314207585,0.05402005881,0.02986829109,3740.335551
966,0,3,9.246981739,1.468650516,0.02151242088,0.003676881281,0.01313013673,0.05394216114,0.02982641844,3842.797783
967,0,3,9.268298234,1.47203709,0.02145659327,0.003692593947,0.01309742066,0.05380323911,0.02975042693,3943.765439
968,0,3,9.289663868,1.47543147,0.02137797433,0.003717375715,0.01305222005,0.0536086032,0.02964405275,4046.966442
969,0,3,9.311078755,1.478833663,0.02127596157,0.003747214959,0.01298307713,0.05335677595,0.02950514359,4134.830705
970,0,3,9.332543008,1.48224368,0.02115261782,0.003783721512,0.0128967862,0.05305292785,0.02933722054,4227.146802
971,0,3,9.354056741,1.485661532,0.02101142322,0.003827596507,0.01280316743,0.05270557549,0.02914587957,4319.443566
972,0,3,9.375620069,1.489087231,0.02084680189,0.003872881029,0.01269160539,0.05230058338,0.02892237985,4418.239335
973,0,3,9.397233106,1.492520788,0.02066519712,0.003918987061,0.01256764145,0.05185375427,0.02867562674,4528.851355
974,0,3,9.418895965,1.495962219,0.02046641479,0.003964118562,0.01243451846,0.05136432641,0.02840554368,4624.803101
975,0,3,9.440608763,1.499411539,0.02025493768,0.004010950551,0.01229927,0.05084314875,0.02811871282,4700.127974
976,0,3,9.462371614,1.502868764,0.02003127738,0.00405164758,0.01214887801,0.05029112321,0.0278139364,4765.742232
977,0,3,9.484184633,1.506333912,0.01980462611,0.00408778436,0.01200326151,0.04973089216,0.02750533184,4812.968785
978,0,3,9.506047937,1.509807,0.01957848927,0.004116274721,0.01185913294,0.04917103956,0.02719692595,4830.229285
979,0,3,9.52796164,1.513288048,0.0193548177,0.004137948362,0.01171553968,0.04861586073,0.0268909249,4840.952338
980,0,3,9.54992586,1.516777076,0.01913765317,0.004151832744,0.01157359438,0.04807519799,0.02659257525,4825.497136
981,0,3,9.571940713,1.520274104,0.01893565296,0.004155148392,0.01143934581,0.04757082972,0.02631381141,4769.554584
982,0,3,9.594006315,1.523779151,0.0187543124,0.004149331078,0.01133178152,0.0471166511,0.02606400423,4678.471888
983,0,3,9.616122784,1.527292238,0.0185828207,0.004130779119,0.01124709537,0.04668543294,0.02582833408,4552.144272
984,0,3,9.638290236,1.530813386,0.018413176,0.004098650522,0.01115816536,0.04625695798,0.02559323545,4433.90346
985,0,3,9.66050879,1.534342612,0.01826858403,0.004051352526,0.01108959431,0.04589024127,0.02539216398,4244.323203
986,0,3,9.682778563,1.537879938,0.01815528704,0.003991637668,0.01104888213,0.0456012896,0.02523441612,4020.50584
987,0,3,9.705099672,1.541425381,0.01807263811,0.003925323332,0.01105066578,0.04538863717,0.02512107686,3798.872887
988,0,3,9.727472238,1.544978959,0.0179985839,0.003846167399,0.01105442704,0.04519649952,0.02501832304,3558.081507
989,0,3,9.749896377,1.54854069,0.01795539848,0.003757931963,0.01107657964,0.04508184116,0.02495787153,3271.908005
990,0,3,9.77237221,1.55211059,0.01794723067,0.003661639208,0.01112071085,0.04505551495,0.02494584298,3104.621013
991,0,3,9.794899854,1.555688676,0.01797439796,0.003559867419,0.01118843871,0.0451184299,0.02498302181,3077.204009
992,0,3,9.81747943,1.559274964,0.0180337331,0.003452839971,0.01126928527,0.04526308903,0.0250643255,3092.214706
993,0,3,9.840111058,1.562869468,0.01813205764,0.003349912061,0.01137301728,0.04550699258,0.02520032401,3183.532294
994,0,3,9.862794856,1.566472205,0.01826914091,0.003256600349,0.0114986023,0.04584953735,0.0253907704,3298.504812
995,0,3,9.885530947,1.570083189,0.01843626358,0.003179466683,0.01163680262,0.04626878977,0.02562333363,3424.568024
996,0,3,9.908319449,1.573702437,0.01862877122,0.003122807644,0.01178405722,0.04675292743,0.0258915202,3535.963416
997,0,3,9.931160484,1.577329964,0.01884390912,0.003092143369,0.01193740647,0.04729481794,0.02619139047,3674.643606
998,0,3,9.954054174,1.580965788,0.01907678176,0.003092413543,0.01209253958,0.04788180889,0.02651595633,3842.728131
999,0,3,9.977000638,1.584609927,0.01931907574,0.003126390595,0.01224700586,0.04849264458,0.02685389514,4043.434332
1000,0,3,10,1.588262398,0.01956198303,0.003193331793,0.01239128184,0.04910475329,0.02719232065,4238.099034
1001,0,3,10.02305238,1.591923223,0.0197989078,0.003292403403,0.01252269878,0.04970110453,0.02752205682,4444.718052
1002,0,3,10.0461579,1.595592422,0.02001912083,0.003419051469,0.01263494607,0.05025425812,0.02782798696,4650.383873
1003,0,4,10.06931669,1.599270017,0.02024362177,0.00357593408,0.01273538424,0.0508169078,0.02813867293,4874.207475
1004,0,4,10.09252886,1.60295598,0.02048527364,0.00376278163,0.01283388904,0.05142091957,0.02847202416,5144.625253
1005,0,4,10.11579454,1.606650385,0.02074048193,0.003978906521,0.01293704949,0.05205663275,0.02882385969,5437.810121
1006,0,4,10.13911386,1.61035326,0.02098702482,0.004213854465,0.01304044678,0.05266728734,0.02916379686,5697.917679
1007,0,4,10.16248693,1.614064634,0.02118406816,0.004447958588,0.01310515315,0.05315027547,0.02943316964,5904.548595
1008,0,4,10.18591388,1.617784537,0.0213150018,0.004667649406,0.01312833735,0.05346377065,0.02960930709,6118.165006
1009,0,4,10.20939484,1.621512998,0.02134016286,0.004867010412,0.0130831909,0.05350912181,0.02963733432,6300.618293
1010,0,4,10.23292992,1.625250048,0.02125314585,0.005038699892,0.01296817374,0.05327057026,0.02950852373,6484.28414
1011,0,4,10.25651926,1.62899572,0.02105354382,0.005175774525,0.01279022865,0.05274777622,0.02922309957,6621.962002
1012,0,4,10.28016298,1.632750049,0.02072388295,0.005274635847,0.01253998943,0.05189854751,0.02875765844,6704.82137
1013,0,4,10.3038612,1.636513067,0.02028691742,0.005334081762,0.01221851954,0.05078055128,0.02814235267,6734.199573
1014,0,4,10.32761406,1.64028481,0.01977883141,0.005352062144,0.01188091881,0.04948504987,0.02743069965,6746.45002
1015,0,4,10.35142167,1.644065311,0.01917629977,0.005328357231,0.01149151616,0.04795587364,0.02658920187,6688.543187
1016,0,4,10.37528416,1.647854604,0.01853470644,0.005260875944,0.0110815398,0.04633190834,0.02569366855,6558.91256
1017,0,4,10.39920166,1.651652721,0.01783746825,0.005152316486,0.01066968857,0.04457359711,0.02472533848,6373.199867
1018,0,4,10.42317429,1.655459692,0.01712211999,0.005000844804,0.01024859794,0.042775124,0.0237324695,6121.381556
1019,0,4,10.44720219,1.659275547,0.01642759001,0.004810118663,0.009880740355,0.04103397387,0.02277289506,5816.375576
1020,0,4,10.47128548,1.663100314,0.0157568069,0.004582470243,0.009542220941,0.03935840714,0.02184842209,5443.490348
1021,0,4,10.49542429,1.666934019,0.01515971589,0.004322414642,0.009271998453,0.03787251758,0.02102853893,5003.606221
1022,0,4,10.51961874,1.670776686,0.01466609155,0.004039272063,0.009091857718,0.03664983075,0.02035486386,4498.737584
1023,0,4,10.54386896,1.67462834,0.01431149431,0.003737255485,0.008996891381,0.03577752722,0.01987310655,3925.951483
1024,0,4,10.56817509,1.678489001,0.01413288558,0.003433748724,0.009007863946,0.03534544427,0.01963397011,3315.134672
1025,0,4,10.59253725,1.68235869,0.01415017101,0.003144752996,0.00912867939,0.03540087938,0.01966387461,2701.327761
1026,0,4,10.61695557,1.686237424,0.0143739071,0.002893377498,0.009356283571,0.0359678561,0.01997628315,2907.011417
1027,0,4,10.64143018,1.690125219,0.01479504611,0.002717895795,0.009681334245,0.0370230834,0.02055916635,3126.706341
1028,0,4,10.66596121,1.694022092,0.0153774087,0.002639341171,0.01007864951,0.03847612689,0.02136248076,3376.624315
1029,0,4,10.69054879,1.697928055,0.01608748693,0.002673972975,0.01052759948,0.04024460566,0.02234063564,3676.233663
1030,0,4,10.71519305,1.701843122,0.01688704653,0.002819516219,0.01100940648,0.04223505748,0.02344210487,3970.156144
1031,0,4,10.73989412,1.705767303,0.01773155818,0.003055009149,0.01150119068,0.0443383762,0.02460645356,4306.070497
1032,0,4,10.76465214,1.709700611,0.01857845121,0.003353474376,0.01198097164,0.04645009714,0.02577576306,4660.516612
1033,0,4,10.78946722,1.713643054,0.01939367514,0.00368794335,0.0124295967,0.04848663833,0.02690336657,5037.843532
1034,0,4,10.81433951,1.717594641,0.02013923927,0.004035835187,0.01283787598,0.0503545207,0.02793861906,5405.59231
1035,0,4,10.83926914,1.721555379,0.02078340609,0.004378409147,0.01318347712,0.05197518885,0.02883723617,5812.103123
1036,0,4,10.86425624,1.725525276,0.02130785181,0.004698725516,0.01344546054,0.0533030976,0.02957238236,6224.43038
1037,0,4,10.88930093,1.729504337,0.02169937386,0.004991637917,0.01362530011,0.05430476462,0.03012654784,6582.513527
1038,0,4,10.91440336,1.733492565,0.02194446814,0.005249943954,0.01371273587,0.05494587588,0.03048036251,6913.730454
1039,0,4,10.93956366,1.737489966,0.02203656544,0.005469850822,0.01370312638,0.05520903103,0.03062410107,7219.012347
1040,0,4,10.96478196,1.741496543,0.02195624538,0.005650362632,0.01357741091,0.05504413217,0.03052951802,7480.566553
1041,0,4,10.99005839,1.745512301,0.02173958723,0.00578359736,0.01339446373,0.05454102277,0.03024977056,7676.366117
1042,0,4,11.0153931,1.749537248,0.02132119324,0.005871594884,0.01308371053,0.0535330239,0.02969022161,7807.676698
1043,0,4,11.0407862,1.753571391,0.02074354383,0.005907614092,0.01266641301,0.05212563504,0.02890810596,7845.886415
1044,0,4,11.06623784,1.75761474,0.02002773845,0.005896127793,0.0121788387,0.0503699617,0.02793444014,7843.525729
1045,0,4,11.09174815,1.761667309,0.01915134097,0.005826961368,0.01155989881,0.0482075379,0.02673165404,7729.839376
1046,0,4,11.11731727,1.765729113,0.01817666552,0.00571276887,0.01093156217,0.04579386704,0.02539490208,7540.566189
1047,0,4,11.14294534,1.769800169,0.01711714757,0.005564711341,0.01030631169,0.04316112634,0.02394298248,7280.473616
1048,0,4,11.16863248,1.773880494,0.01594450226,0.005369536822,0.009607004097,0.04023602911,0.02232874629,6963.560965
1049,0,4,11.19437883,1.777970109,0.01464975279,0.005123421843,0.008814262308,0.03699360562,0.02053705666,6585.754525
1050,0,4,11.22018454,1.782069033,0.01338140755,0.004843582809,0.008050279025,0.03380806519,0.01877707796,6147.369721
1051,0,4,11.24604974,1.786177283,0.01215853989,0.0045140155,0.007343940941,0.03072594653,0.01707500869,5641.143186
1052,0,4,11.27197456,1.790294877,0.01104226403,0.004146791937,0.006736270335,0.02790078339,0.01551578656,5044.029696
1053,0,4,11.29795915,1.79442183,0.01012632405,0.00375393631,0.006288061397,0.02556990493,0.01423019879,4384.822876
1054,0,4,11.32400363,1.798558157,0.009510076293,0.003351718662,0.006060494394,0.02398694765,0.01335831968,3693.836846
1055,0,4,11.35010816,1.802703868,0.009273914971,0.002949764167,0.006067350036,0.0233606446,0.01301190859,3007.23548
1056,0,4,11.37627286,1.806858975,0.009461793876,0.002589127903,0.006321466438,0.02380954941,0.01325787226,2274.708995
1057,0,4,11.40249788,1.811023487,0.01004657405,0.002318640748,0.006784675831,0.02527025688,0.01406171624,2431.76443
1058,0,4,11.42878335,1.815197416,0.0109435093,0.002184823233,0.00740062423,0.02752908714,0.01530648332,2791.536793
1059,0,4,11.45512941,1.819380774,0.01204766575,0.002228100012,0.00810797089,0.03031795501,0.01684509029,3207.87129
1060,0,4,11.48153621,1.823573573,0.01326718604,0.002445599825,0.008858683392,0.03340120063,0.01854801646,3690.039824
1061,0,4,11.50800389,1.827775831,0.0145275229,0.002789099683,0.009613480888,0.03658738962,0.02030938264,4205.685181
1062,0,4,11.53453258,1.831987568,0.01577091778,0.003210850079,0.01034078811,0.03972817439,0.02204705845,4738.956548
1063,0,4,11.56112242,1.836208808,0.01695037226,0.003669818619,0.01101674498,0.042703123,0.02369445121,5250.641872
1064,0,4,11.58777356,1.840439581,0.01802356916,0.004145647488,0.0116234177,0.04540414462,0.02519263596,5727.553252
1065,0,4,11.61448614,1.844679922,0.01896354788,0.004606056338,0.01213863469,0.04776256878,0.02650208167,6151.268244
1066,0,3,5.820630147,0.9244649339,0.01557196684,0.003727269997,0.009264135943,0.0392042959,0.02167475331,4322.605526
1067,0,3,5.950729047,0.9451272794,0.01417935023,0.002877155678,0.006740641848,0.03568742,0.01954712381,3677.279496
1068,0,3,6.083735832,0.9662514093,0.01423968917,0.002681493662,0.005969073681,0.03583193204,0.01955451579,3985.401953
1069,0,3,6.219715497,0.9878476448,0.01506913941,0.00293766067,0.00654237729,0.03791133533,0.02071099261,4579.771406
1070,0,3,6.358734491,1.009926537,0.01574331472,0.003269598666,0.007305566608,0.03959704828,0.02167855951,4989.151397
1071,0,3,6.500860745,1.032498873,0.01602008161,0.003495166285,0.007706441408,0.04028055907,0.02208377165,5143.120841
1072,0,3,6.646163713,1.055575682,0.01615883683,0.003619519497,0.007792144911,0.04061529187,0.0222740229,5240.433866
1073,0,3,6.794714396,1.079168241,0.01636126494,0.00372762482,0.007856577267,0.04110809069,0.02254543803,5418.448552
1074,0,3,6.946585387,1.103288079,0.01660539844,0.003862276614,0.008003740903,0.04170362125,0.02287962156,5609.373061
1075,0,3,7.101850899,1.127946985,0.01678965503,0.004009305711,0.008170447899,0.04214680612,0.02313588411,5803.858011
1076,0,3,7.260586803,1.153157011,0.01685819595,0.004141590041,0.008292723376,0.04229778044,0.02323372027,5957.796075
1077,0,3,7.422870668,1.178930481,0.01681309643,0.004247311103,0.008345612536,0.04216226813,0.02317340051,6066.608045
1078,0,3,7.588781795,1.205279994,0.01667243137,0.004329440492,0.008339679587,0.04178613102,0.02298012741,6150.303619
1079,0,3,7.758401259,1.232218435,0.01644003715,0.004392235046,0.008275431701,0.04117954131,0.02265945687,6210.480219
1080,0,3,7.931811945,1.259758977,0.01610580199,0.004435129162,0.008161827344,0.04031776966,0.02219912839,6232.374664
1081,0,3,8.109098593,1.287915089,0.015678823,0.004453354126,0.007989227127,0.0392239589,0.02161020914,6208.293225
1082,0,3,8.290347836,1.316700543,0.01515802681,0.004444477934,0.007794121616,0.03789604523,0.02089484229,6135.269932
1083,0,3,8.475648243,1.346129422,0.01452175869,0.004404211407,0.007520184447,0.03628085316,0.02001956564,6013.664346
1084,0,4,8.665090363,1.376216123,0.01379728727,0.004334196311,0.007203329461,0.03444699283,0.01902389066,5848.12352
1085,0,4,8.858766768,1.406975321,0.01296107424,0.00423257749,0.006799924219,0.03233664961,0.01787317847,5645.829413
1086,0,4,9.056772101,1.438422133,0.01205157147,0.004101927784,0.006379777183,0.0300460319,0.01662476899,5408.551331
1087,0,4,9.259203119,1.470571957,0.01103307767,0.003934503975,0.005896828915,0.02748711721,0.01522763383,5125.502734
1088,0,4,9.466158743,1.503440538,0.00989998317,0.003725237263,0.005357522714,0.02464689623,0.01367533914,4773.59846
1089,0,4,9.677740102,1.537043972,0.008665512864,0.003467931727,0.004757951799,0.02155940704,0.01198503025,4341.655976
1090,0,4,9.894050589,1.57139872,0.007379831948,0.003165383719,0.004146806118,0.0183508608,0.01022780117,3829.242518
1091,0,4,10.11519591,1.606521612,0.00613193989,0.002826581728,0.003594474789,0.01524497511,0.008528185127,3240.568313
1092,0,4,10.34128412,1.642429855,0.005085035672,0.002474009773,0.003213340092,0.01265136067,0.007112678706,2582.062634
1093,0,5,10.5724257,1.679141041,0.004539082523,0.002120496864,0.003110665052,0.01131778733,0.006380993734,1865.286056
1094,0,5,10.80873362,1.716673195,0.004863956505,0.00184291056,0.003430741166,0.01215250927,0.006828394003,1265.57295
1095,0,5,11.05032333,1.755044683,0.006014187766,0.001737889425,0.00414536103,0.01502969403,0.008400393368,1717.973074
1096,0,5,11.29731289,1.794274298,0.007678072254,0.001880322869,0.005128814982,0.0191768174,0.01068343901,2216.808369
1097,0,5,11.54982301,1.834381247,0.009608037544,0.002254515461,0.006278742251,0.02398437747,0.01334232169,2802.557513
1098,0,3,5.788224049,0.9193064504,0.008306928848,0.002123157069,0.005215177218,0.02073552908,0.01151817154,2111.191353
1099,0,3,5.917598629,0.9398550427,0.008014139243,0.001953048635,0.004123518242,0.02000427926,0.01101380291,1832.379698
1100,0,3,6.049864904,0.9608630085,0.008547356329,0.001952337413,0.003877417692,0.02133359212,0.01169428752,2084.289905
1101,0,3,6.185087509,0.9823406185,0.009550220668,0.00210973458,0.004380011395,0.02383532972,0.01306680084,2545.013132
1102,0,3,6.32333252,1.004298374,0.01052014432,0.002321520053,0.005049550824,0.02625678931,0.01441336047,2931.994539
1103,0,3,6.464667494,1.026747011,0.01127844786,0.002520922177,0.005557710515,0.02815251615,0.01546779514,3206.537124
1104,0,3,6.609161493,1.049697504,0.01194488052,0.002688252336,0.005901306372,0.02982108926,0.01638619581,3454.051339
1105,0,3,6.756885127,1.073161072,0.01263533928,0.002848271428,0.006217792458,0.03155168797,0.01733446282,3727.569811
1106,0,3,6.907910583,1.097149184,0.0133567253,0.003020668552,0.006584003036,0.0333617351,0.01832949136,4012.203903
1107,0,3,7.062311661,1.121673564,0.01405541609,0.003205652626,0.006983360773,0.03511756417,0.01929923296,4302.842764
1108,0,3,7.22016381,1.146746198,0.01468806809,0.003390314861,0.007367916372,0.03671098219,0.02018177386,4576.219689
1109,0,3,7.381544167,1.172379337,0.01524730071,0.003567056742,0.007716296147,0.03812344859,0.02096510572,4840.107977
1110,0,3,7.546531591,1.198585507,0.01573610625,0.003733176828,0.008021423579,0.03936224087,0.02165231449,5079.14361
1111,0,3,7.715206706,1.225377511,0.01615376222,0.003889457978,0.008291015596,0.040425364,0.02224310518,5296.278092
1112,0,3,3.866496047,0.6141021755,0.01428715821,0.003199964491,0.006626870558,0.03576372935,0.01960435164,4016.888745
1113,0,3,3.952917426,0.62782875,0.01340368219,0.002478624694,0.005084070328,0.03356115095,0.01828934731,3518.812208
1114,0,3,4.041270439,0.6418621538,0.01309737662,0.002144795942,0.00430983244,0.03280336538,0.01782397865,3473.607969
1115,0,3,4.13159826,0.6562092438,0.01317652011,0.002168188746,0.004290591741,0.03301100351,0.0179336085,3648.979495
1116,0,3,4.223945029,0.6708770315,0.01338744396,0.002319633009,0.004592412852,0.03354911573,0.01824306564,3893.769633
1117,0,3,4.318355872,0.6858726854,0.0135147803,0.002461139021,0.004866245015,0.03387816834,0.01843988288,4042.779349
1118,0,3,4.414876925,0.7012035337,0.0135556386,0.002536758228,0.005013489341,0.03399080033,0.01851148335,4088.368041
1119,0,3,4.513555353,0.7168770679,0.0135759523,0.002564511169,0.005076544711,0.03405223561,0.01854864722,4127.649639
1120,0,3,4.614439376,0.7329009464,0.01361506283,0.002586602037,0.005133381702,0.03416119849,0.0186104778,4190.42596
1121,0,3,4.717578292,0.7492829988,0.01367489154,0.002624998729,0.005242028714,0.03432261151,0.01870436983,4270.956849
1122,0,3,4.823022502,0.7660312296,0.01370901997,0.002672503809,0.005357397057,0.03441990157,0.01876506616,4343.19775
1123,0,3,4.930823532,0.7831538223,0.0136939633,0.002717136899,0.005440901453,0.03439393738,0.01875802362,4392.111424
1124,0,3,5.041034059,0.8006591429,0.01363592251,0.002752124418,0.00549670752,0.03426013486,0.01869146333,4416.500099
1125,0,3,5.153707939,0.8185557442,0.01353917212,0.002775453013,0.00553765156,0.03402910511,0.01857187323,4421.239382
1126,0,3,5.268900232,0.8368523694,0.01340047687,0.002789259281,0.005565884098,0.03369254622,0.01839510454,4410.300938
1127,0,3,5.386667228,0.8555579563,0.01321484086,0.002794227949,0.005573514561,0.03323774973,0.01815386874,4384.86635
1128,0,3,5.507066474,0.8746816421,0.01297718951,0.002791234384,0.005562294154,0.03265177655,0.01784149703,4338.078502
1129,0,3,5.630156805,0.8942327675,0.0126833979,0.002778758942,0.005525052951,0.03192406785,0.01745180794,4271.570524
1130,0,3,5.75599837,0.9142208811,0.01233404056,0.002756059939,0.005461001366,0.03105586511,0.0169853887,4185.331464
1131,0,3,5.884652663,0.9346557448,0.01193053075,0.002722830178,0.005369907981,0.03005051455,0.01644400122,4079.805002
1132,0,3,6.016182552,0.9555473377,0.0114742676,0.002678763137,0.005252941478,0.02891133211,0.01582950653,3958.884391
1133,0,3,6.15065231,0.9769058612,0.0109655381,0.002623553538,0.005110389217,0.02763884972,0.01514222697,3816.086127
1134,0,3,6.288127649,0.9987417442,0.01040504362,0.002556330678,0.004940459567,0.0262346651,0.01438285049,3651.501848
1135,0,3,6.428675746,1.021065647,0.009793937775,0.002477669387,0.00474429341,0.02470150672,0.01355297769,3465.123372
1136,0,3,6.572365281,1.043888469,0.009133458512,0.002387364984,0.004521327167,0.02304230988,0.01265414971,3256.420055
1137,0,3,6.719266471,1.067221348,0.008427144717,0.002285545268,0.004273505966,0.02126582605,0.01169122209,3024.705638
1138,0,3,6.8694511,1.091075675,0.007680395915,0.002173443708,0.004003363057,0.01938550111,0.01067165531,2771.25375
1139,0,3,7.022992556,1.115463089,0.006900958825,0.002052855687,0.00371606254,0.01742065304,0.009606322427,2499.217882
1140,0,3,7.179965871,1.140395492,0.006101515429,0.001927018649,0.003418543816,0.01540297541,0.008512931117,2233.308538
1141,0,4,7.340447749,1.165885048,0.005301369528,0.001798506656,0.003122215333,0.01338072892,0.007418410884,1949.641084
1142,0,4,7.504516614,1.191944195,0.004537728053,0.001672546783,0.00284600896,0.01144707762,0.006374239986,1653.487721
1143,0,4,7.672252637,1.218585634,0.003875310434,0.00155604084,0.002617558941,0.009764580203,0.005468956377,1346.714918
1144,0,4,7.843737786,1.245822361,0.003424031098,0.001460284665,0.002476327228,0.008611043127,0.004851254491,1021.793054
1145,0,4,8.019055859,1.273667665,0.00332354384,0.001399099467,0.002463968904,0.008343099164,0.004708552575,734.0470558
1146,0,4,8.198292526,1.302135132,0.003648401317,0.001388872867,0.002608212346,0.009154871574,0.005144274613,856.352834
1147,0,4,8.381535372,1.331238652,0.004336910133,0.001441493616,0.002910327432,0.01089098212,0.006082149922,1125.792094
1148,0,4,8.568873943,1.360992428,0.005267447242,0.001559983437,0.003343322549,0.01324087089,0.007359993485,1496.266849
1149,0,4,8.760399782,1.391410982,0.006343269861,0.001738662039,0.003875612192,0.01595767674,0.008844883197,1872.284939
1150,0,4,8.956206481,1.422509162,0.007499339783,0.001966474741,0.004479108989,0.01887606402,0.01044599601,2259.921368
1151,0,3,4.488426335,0.7128932111,0.006792926586,0.001780574384,0.003724494265,0.01709648557,0.009427035232,1760.324925
1152,0,3,4.588748691,0.7288267581,0.006629240259,0.001611832866,0.003040383326,0.01668429837,0.009139947679,1535.754371
1153,0,3,4.691313386,0.7451163918,0.006874535082,0.001567966652,0.002788005632,0.01730368441,0.00944600738,1645.213152
1154,0,3,4.79617054,0.7617700697,0.007391062485,0.001635305009,0.002967030291,0.01860689835,0.01015285627,1916.375534
1155,0,3,4.903371392,0.7787959257,0.007968424083,0.001745639789,0.003312625848,0.02006274242,0.01095479534,2170.088419
1156,0,3,5.012968327,0.7962022753,0.008478915997,0.001853579052,0.003629135111,0.02134899709,0.01166488395,2343.311407
1157,0,3,5.1250149,0.81399762,0.008937473851,0.001943624393,0.003862635331,0.02250352627,0.01229821898,2467.786448
1158,0,3,5.239565866,0.8321906515,0.009398900305,0.002025865654,0.004059097825,0.02366468519,0.01293190878,2592.968817
1159,0,3,5.356677199,0.8507902561,0.00988656687,0.002114692548,0.004272007155,0.02489138601,0.01360190494,2737.812494
1160,0,3,5.476406127,0.8698055182,0.01038952806,0.002213770887,0.004515995797,0.02615590865,0.01429483167,2895.25112
1161,0,3,5.598811158,0.8892457253,0.01088577771,0.002318841898,0.00477751379,0.02740268952,0.01498006354,3050.726404
1162,0,3,5.723952106,0.9091203718,0.01136079324,0.002424523817,0.005037856982,0.0285951118,0.01563654662,3193.972099
1163,0,3,5.851890122,0.9294391648,0.0118107654,0.002528298317,0.005289487476,0.02972358848,0.01625851209,3327.151163
1164,0,3,5.982687724,0.950212028,0.01223744016,0.002630355075,0.005535721126,0.03079250636,0.01684856348,3455.458935
1165,0,3,6.116408828,0.9714491072,0.01263956724,0.00273067725,0.005777741193,0.03179872365,0.01740514563,3585.390445
1166,0,3,6.253118779,0.9931607747,0.01300929233,0.002827613644,0.006013749223,0.03272251797,0.01791762713,3703.262698
1167,0,3,6.392884381,1.015357635,0.01334178585,0.002920220621,0.006238894653,0.0335517701,0.01837917314,3811.305562
1168,0,3,3.203810751,0.5088482986,0.01220922024,0.002455248676,0.005062158809,0.03069836552,0.01675640476,3033.155184
1169,0,3,3.275420223,0.52022128,0.01161942168,0.002023923578,0.00399556817,0.02921101921,0.01587730641,2618.511776
1170,0,3,3.348630263,0.5318484399,0.01137260839,0.001798019003,0.003375089494,0.02858681293,0.01550134023,2547.107693
1171,0,3,3.423476646,0.5437354593,0.01137134815,0.001771758892,0.003265987763,0.02858019822,0.01549145809,2651.634818
1172,0,3,3.499995947,0.5558881452,0.0114906371,0.001837535157,0.003430207867,0.02887645147,0.01566067569,2816.136692
1173,0,3,3.578225556,0.5683124342,0.01160317672,0.001917949845,0.003648173418,0.02915542588,0.01582450843,2933.328514
1174,0,3,3.658203702,0.5810143956,0.01166873602,0.00197524486,0.003808635635,0.02931605839,0.01592166745,2959.266256
1175,0,3,3.739969467,0.5940002349,0.01170798128,0.002004150234,0.003896335177,0.02941038723,0.01597846792,2949.703156
1176,0,3,3.823562807,0.6072762962,0.01174910824,0.00202077057,0.003954192592,0.02950929306,0.01603557821,2952.030469
1177,0,3,3.90902457,0.620849066,0.01180205407,0.00203998276,0.004020980243,0.0296377284,0.01610910641,2984.724244
1178,0,3,3.996396519,0.6347251753,0.01185895889,0.002066134015,0.004100880884,0.0297759431,0.01618894551,3020.468859
1179,0,3,4.085721347,0.6489114035,0.01191155155,0.002095782215,0.004191043465,0.02990313506,0.01626376106,3054.583386
1180,0,3,4.177042706,0.6634146817,0.01195082465,0.00212380377,0.004280895787,0.02999670053,0.016320699,3075.819134
1181,0,3,4.270405219,0.6782420957,0.01197170087,0.002147677234,0.004371141621,0.03004392845,0.0163529711,3084.436097
1182,0,3,4.365854511,0.6934008904,0.01196923031,0.002166479423,0.00444742781,0.03003245186,0.01635301108,3091.423347
1183,0,3,4.463437222,0.7088984729,0.01194399106,0.002181175475,0.00451517899,0.02996374224,0.01632198777,3092.256531
1184,0,3,4.563201037,0.7247424163,0.0118953265,0.002191778247,0.004579107723,0.02983617964,0.01625937059,3085.489962
1185,0,3,4.665194708,0.7409404638,0.01181688529,0.00219787308,0.004631654441,0.02963391809,0.01615619655,3069.34445
1186,0,3,4.769468074,0.7575005321,0.01170858381,0.002198488384,0.004672193059,0.02935677869,0.01601229316,3042.579333
1187,0,3,4.87607209,0.7744307154,0.01156855582,0.002192543695,0.004697891049,0.02900014245,0.01582495793,3004.614666
1188,0,3,4.985058849,0.7917392895,0.01139587333,0.002181052786,0.004713280583,0.0285617513,0.01559336054,2957.632998
1189,0,3,5.096481609,0.809434716,0.01118878451,0.002163455891,0.004715596266,0.02803730128,0.01531499715,2899.369659
1190,0,3,5.210394816,0.8275256461,0.01094693532,0.002139327096,0.004702305771,0.02742596987,0.01498922627,2829.088014
1191,0,3,5.326854137,0.8460209256,0.01066996535,0.002108063727,0.004669860147,0.02672693031,0.0146153044,2747.181764
1192,0,3,5.44591648,0.8649295986,0.01036011937,0.00207040652,0.004623671127,0.02594586269,0.01419669664,2651.8821
1193,0,3,5.567640027,0.8842609127,0.01001668389,0.002025398765,0.004559315656,0.0250810772,0.01373211554,2541.745551
1194,0,3,5.692084258,0.9040243233,0.009641495361,0.001973877566,0.004480585209,0.02413724678,0.01322438043,2419.973068
1195,0,3,5.819309985,0.9242294981,0.009234174076,0.001915523796,0.004385799623,0.02311353906,0.01267290543,2285.57651
1196,0,3,5.949379377,0.9448863224,0.008796257425,0.00185064453,0.004275251515,0.02201391498,0.0120798309,2133.363319
1197,0,3,6.082355995,0.9660049037,0.008330742588,0.001779778101,0.004148144594,0.0208460008,0.01144914555,1967.044357
1198,0,3,6.218304819,0.9875955769,0.007841953544,0.001703780584,0.004005941143,0.01962074149,0.0107867994,1789.167537
1199,0,3,6.357292282,1.009668909,0.007335461572,0.001624637806,0.003851430907,0.01835224535,0.01010058011,1599.709588
1200,0,3,6.499386302,1.032235705,0.006820751464,0.001544106869,0.003687822943,0.01706443544,0.009403482222,1398.412493
1201,0,3,6.644656313,1.055307011,0.00630995338,0.00146671657,0.003522850473,0.01578787835,0.008712553404,1184.34408
1202,0,3,6.793173304,1.078894123,0.005819481736,0.001396092915,0.003361134278,0.01456391608,0.008050160221,959.7767371
1203,0,3,6.94500985,1.103008589,0.005373800337,0.001336330779,0.003209072546,0.01345399872,0.007449357996,757.7090487
1204,0,3,7.100240146,1.127662216,0.005008009916,0.001293913368,0.003079760419,0.01254605441,0.006957779469,650.8954664
1205,0,4,7.258940048,1.152867075,0.004761965289,0.00127611105,0.002991004553,0.01193952228,0.006629537567,733.1459324
1206,0,4,7.421187105,1.178635523,0.004671948866,0.001288876058,0.002960340123,0.01172405013,0.006513548816,892.3945159
1207,0,4,7.587060603,1.204980178,0.004765400296,0.001334980688,0.002999304102,0.01196676109,0.006646247242,1059.279414
1208,0,4,7.756641595,1.231913939,0.00505537669,0.001415926052,0.003118726266,0.01269923908,0.007045544812,1234.232715
1209,0,4,7.930012951,1.259449993,0.005533841919,0.001531043276,0.00332700969,0.01390116022,0.007701927498,1416.792737
1210,0,4,8.107259389,1.28760182,0.006172198833,0.001676612893,0.003622646972,0.01550137519,0.008577926222,1605.200626
1211,0,4,8.288467523,1.316383199,0.006932981535,0.001846892568,0.003999250977,0.0174066804,0.009623717785,1796.369749
1212,0,4,8.473725902,1.345808214,0.007776416299,0.002035327649,0.004439981689,0.01951809005,0.010785227,2032.305909
1213,0,4,8.663125055,1.37589126,0.00867205904,0.002234923926,0.004932721054,0.02175978692,0.01202101864,2272.865053
1214,0,4,8.856757533,1.406647053,0.009586532418,0.002438361521,0.00545478138,0.02404869306,0.01328477972,2511.036175
1215,0,3,4.438587234,0.7049463878,0.008546079309,0.002075542737,0.00428431533,0.02143981608,0.01178308555,2016.445841
1216,0,3,4.537795619,0.7207037644,0.008196567364,0.001771056923,0.003454896431,0.02056284183,0.01123707182,1845.244694
1217,0,3,4.639221445,0.7368134036,0.008275261787,0.001662726068,0.003144423084,0.02075814521,0.01131406873,1848.745221
1218,0,3,4.742914274,0.7532831801,0.008631550391,0.001712905158,0.003284477555,0.02164861585,0.01179923798,1928.629178
1219,0,3,4.848924777,0.7701211457,0.009061613721,0.001819093066,0.003591477094,0.02272458389,0.01239684802,2042.366888
1220,0,3,4.957304757,0.7873355325,0.009439765081,0.001916208835,0.003878643612,0.02367143722,0.01292441331,2157.469506
1221,0,3,5.068107175,0.8049347559,0.009767434475,0.001983301071,0.004086708634,0.02449230459,0.0133782513,2253.185123
1222,0,3,5.181386176,0.8229274187,0.0100908499,0.002033747841,0.004257374698,0.02530253172,0.0138230309,2341.674636
1223,0,3,5.297197115,0.8413223157,0.01043003866,0.002086075897,0.004436918385,0.02615223508,0.01428953344,2429.902893
1224,0,3,5.415596584,0.8601284379,0.0107774665,0.002146028558,0.004638633043,0.02702265624,0.01476905625,2518.798488
1225,0,3,5.536642439,0.8793549773,0.01111436954,0.002208964953,0.00485070787,0.02786688809,0.01523566174,2606.342374
1226,0,3,5.660393833,0.8990113309,0.01142786949,0.002268676366,0.005058753563,0.02865266685,0.01567090775,2690.884031
1227,0,3,5.786911236,0.919107105,0.01171418323,0.002322292896,0.005258840719,0.02937046858,0.01606934164,2769.970238
1228,0,3,5.916256473,0.9396521201,0.01197435984,0.002369735065,0.0054510388,0.03002288814,0.01643235052,2841.616471
1229,0,3,6.04849275,0.9606564153,0.01220473638,0.002411824913,0.005637403844,0.03060076811,0.01675529633,2905.713605
1230,0,3,6.183684685,0.9821302536,0.0123980555,0.00244797861,0.005810701058,0.03108591912,0.01702794023,2960.764901
1231,0,3,6.321898341,1.004084126,0.01255238983,0.002478047224,0.005969504141,0.03147351643,0.01724761161,3005.767028
1232,0,3,6.463201258,1.026528759,0.01266689784,0.002500702394,0.006106260316,0.03176141864,0.01741248074,3039.780698
1233,0,3,6.607662486,1.049475117,0.01274010976,0.002515411574,0.006229574613,0.03194595265,0.0175213383,3061.308643
1234,0,3,6.755352615,1.072934408,0.0127658843,0.002522373333,0.00633461015,0.03201171395,0.0175656432,3071.389184
1235,0,3,6.906343818,1.09691809,0.0127513935,0.002520781618,0.006422043366,0.0319766417,0.01755491834,3067.385088
1236,0,3,7.060709876,1.121437877,0.01268525122,0.002506729438,0.006487056936,0.03181218912,0.01747352694,3047.48638
1237,0,3,7.218526223,1.14650574,0.01256134669,0.002481631714,0.006543761683,0.03150309297,0.01731481743,3011.587257
1238,0,3,7.379869977,1.17213392,0.01236585376,0.00244531119,0.006553093521,0.03101466377,0.01705686291,2957.754592
1239,0,3,7.544819981,1.198334927,0.0121059712,0.002398322343,0.006505093013,0.03036489904,0.01670815533,2884.032705
1240,0,3,7.71345684,1.225121551,0.01178946538,0.002339773285,0.006427085522,0.02957325723,0.01628151563,2791.192268
1241,0,3,7.885862958,1.252506864,0.01141837677,0.002269056653,0.006322320996,0.02864488148,0.01577996296,2677.335316
1242,0,3,8.062122584,1.280504229,0.0109877509,0.002186328605,0.006186228732,0.02756733628,0.01519653051,2542.033076
1243,0,3,8.24232185,1.309127308,0.01049430754,0.00209218299,0.006013529071,0.02633235592,0.01452638307,2381.38236
1244,0,3,8.426548812,1.338390065,0.009939806002,0.001988582624,0.005802233541,0.0249442874,0.01377168828,2193.681877
1245,0,3,8.614893493,1.368306774,0.009331952899,0.001875836274,0.005553374619,0.02342235728,0.01294267068,1982.558691
1246,0,3,8.807447931,1.398892028,0.00868111626,0.001757053725,0.005273564793,0.02179243079,0.01205372912,1747.088938
1247,0,3,9.004306219,1.430160743,0.008000502996,0.001636421211,0.004969044575,0.0200874038,0.01112296181,1482.963813
1248,0,4,9.205564555,1.462128166,0.007309595611,0.001519599213,0.004649398831,0.01835580258,0.01017707924,1240.287003
1249,0,4,9.411321284,1.494809943,0.006641831353,0.001414337958,0.004331265086,0.01668093334,0.009261852811,1097.889998
1250,0,4,9.621676953,1.528221919,0.006044917876,0.001331696505,0.004040006425,0.01518166511,0.008442734379,941.2677078
1251,0,4,9.836734353,1.562380377,0.005587637351,0.001285135646,0.003809767192,0.01402960621,0.007813728964,1201.952806
1252,0,4,10.05659857,1.597301965,0.005352206475,0.001288412124,0.003687094175,0.01343065427,0.007488044765,1529.427111
1253,0,5,10.28137706,1.633003708,0.00539720239,0.001346660937,0.0037131169,0.01353305275,0.007547748723,1876.370966
1254,0,5,10.51117964,1.66950298,0.005764347183,0.001460085158,0.003904720402,0.01444357567,0.008050206002,2228.823492
1255,0,5,10.74611862,1.706817572,0.006456221153,0.001628594577,0.004284050186,0.01617086985,0.009002572266,2575.876519
1256,0,5,10.9863088,1.744965669,0.007401067133,0.00184080815,0.004836362106,0.01853661865,0.01030971628,3023.809273
1257,0,5,11.23186756,1.78396587,0.008507354661,0.002080543995,0.005515200689,0.02131158305,0.01184593556,3521.664861
1258,0,5,11.48291488,1.82383719,0.009696205281,0.002333599211,0.006275582621,0.02429761521,0.01350202877,4007.272279
1259,0,5,11.73957345,1.864599074,0.01090421673,0.002587777984,0.007077064932,0.02733530826,0.01518965489,4470.748001
1260,0,3,5.883317979,0.9344467677,0.009323689709,0.002066863482,0.005118420897,0.02337541046,0.0128822665,3484.886297
1261,0,3,6.014818036,0.9553317596,0.008855087335,0.001845348659,0.004287714751,0.02220340979,0.01217778497,3172.053498
1262,0,3,6.149257296,0.9766834521,0.008957936096,0.001799063489,0.004083620547,0.02246694307,0.01229756822,3135.741613
1263,0,3,6.286701454,0.9985122725,0.009402984386,0.001867298208,0.004337132056,0.02359007445,0.0129151582,3284.007682
1264,0,3,6.427217674,1.020828879,0.009892549422,0.001967270738,0.004726842223,0.02482467419,0.01360459641,3487.330667
1265,0,3,6.57087462,1.043644169,0.01029134831,0.002051543013,0.005050755318,0.02583125136,0.01416760702,3664.335272
1266,0,3,6.717742491,1.066969283,0.01062817341,0.002115138807,0.005286941825,0.02668260896,0.01464022931,3795.913405
1267,0,3,6.867893057,1.090815612,0.01095429227,0.002172731738,0.005498047717,0.02750759157,0.01509646817,3898.930465
1268,0,3,7.021399689,1.115194805,0.01127092863,0.002229325103,0.00571167263,0.02830911509,0.01554053509,3987.579593
1269,0,3,7.178337401,1.140118769,0.01155623638,0.002283335271,0.005932016938,0.02903207759,0.01594373367,4063.152819
1270,0,3,7.338782881,1.165599681,0.01180675538,0.002334280835,0.006147116817,0.02966763521,0.01630033714,4122.773429
1271,0,3,7.502814533,1.191649991,0.01200313458,0.002375952356,0.006334731367,0.03016705091,0.01658237145,4164.689802
1272,0,3,7.670512513,1.218282429,0.01212862804,0.002403927859,0.006484296217,0.03048808555,0.01676642437,4185.685459
1273,0,3,7.841958768,1.245510011,0.01220069731,0.002421768045,0.006603786968,0.03067442584,0.01687640645,4182.72438
1274,0,3,8.017237077,1.273346046,0.01222282332,0.002431262717,0.006700469969,0.03073461488,0.01691760398,4155.922246
1275,0,3,8.196433091,1.301804141,0.01218434636,0.002430908003,0.006769603155,0.03064167152,0.01687533089,4099.586838
1276,0,3,8.379634377,1.330898213,0.01207665185,0.002418401415,0.00679947673,0.03037372443,0.01673686205,4015.328956
1277,0,3,8.566930458,1.360642491,0.01189867302,0.002392117908,0.006795450846,0.02992783656,0.01650116815,3900.160665
1278,0,3,8.758412858,1.391051526,0.01164053668,0.002351796378,0.006743992529,0.02927914393,0.01615381336,3748.959259
1279,0,3,8.954175147,1.4221402,0.01130501883,0.002297669022,0.00663890763,0.02843443681,0.01569773093,3560.344498
1280,0,3,9.154312985,1.453923729,0.0108945699,0.002229169918,0.006485568058,0.02739967754,0.01513659286,3333.164997
1281,0,3,9.358924173,1.486417675,0.01041071244,0.002146433334,0.006292672653,0.02617862007,0.01447332017,3066.53642
1282,0,4,9.568108696,1.519637952,0.009856228917,0.002051275539,0.006053927256,0.02477835054,0.0137110327,2762.699137
1283,0,4,9.781968774,1.553600671,0.009235426599,0.001945235803,0.005771458099,0.02320979078,0.01285574933,2441.871232
1284,0,4,10.00060891,1.58832266,0.0085523524,0.001830251302,0.005444344991,0.02148340644,0.01191291522,2106.48458
1285,0,4,10.22413595,1.623820948,0.007824080175,0.001709207624,0.005078615612,0.01964256392,0.01090596483,1736.27132
1286,0,4,10.45265912,1.660112938,0.007069922117,0.001586449975,0.004690580692,0.01773686489,0.009862790498,1341.205125
1287,0,4,10.68629009,1.697216422,0.006324314062,0.001470370068,0.004302842728,0.01585490585,0.00883248877,1249.4725
1288,0,4,10.92514302,1.735149595,0.005652661186,0.001374979513,0.003943304315,0.01416467566,0.007906181641,1152.833326
1289,0,5,11.16933464,1.773931057,0.005164659025,0.0013208698,0.003680842392,0.0129465934,0.007238461183,1443.26671
1290,0,5,11.41898426,1.813579812,0.004995308355,0.001325961442,0.003575165386,0.01254276584,0.007014521753,1930.630677
1291,0,5,11.6742139,1.854115349,0.005229870917,0.001402990859,0.003710425511,0.01316340085,0.007354629708,2484.501801
1292,0,5,11.93514825,1.895557536,0.005843984493,0.001542480059,0.004071371844,0.01473766672,0.008220497073,3078.195861
1293,0,5,12.20191484,1.937926674,0.00678144221,0.001738277914,0.004637644322,0.01711772241,0.009533280309,3670.180674
1294,0,5,12.47464403,1.98124351,0.007932046606,0.001977086399,0.005374993564,0.02002404318,0.01114314918,4236.570899
1295,0,5,12.75346907,2.025529245,0.009176114319,0.002236596434,0.006203618543,0.02315577855,0.01288291893,4763.17841
1296,0,5,13.03852623,2.07080554,0.01042828636,0.002499554882,0.007063073613,0.02629922976,0.01463329616,5235.513979
1297,0,3,6.534291569,1.037791436,0.008808566253,0.001941377999,0.004876265572,0.02220549167,0.01222928467,3910.201887
1298,0,3,6.68034176,1.060988559,0.008415166987,0.001786974735,0.004263040044,0.02120571647,0.01163898874,3541.620849
1299,0,3,6.829656369,1.084704281,0.008526011105,0.001768958114,0.004165833733,0.02147510283,0.01177238602,3539.871702
1300,0,3,6.98230836,1.108950196,0.008937088474,0.00183539331,0.004406025135,0.02249983275,0.01233790653,3689.831904
1301,0,3,7.138372328,1.133738156,0.009401838626,0.001929077404,0.004758049123,0.02365966789,0.01298590414,3878.450392
1302,0,3,7.297924535,1.15908028,0.009797024489,0.002013882689,0.005065353056,0.02464419487,0.01353727774,4025.15225
1303,0,3,7.461042948,1.184988956,0.0101335978,0.00208596919,0.005311244918,0.02548049889,0.01400451907,4117.608524
1304,0,3,7.627807277,1.211476848,0.01043964116,0.00214974723,0.00552200157,0.02623911565,0.01442732834,4179.399507
1305,0,3,7.798299012,1.2385569,0.0107190925,0.002209685186,0.005731057328,0.02693021992,0.01481437997,4225.235258
1306,0,4,7.972601467,1.266242345,0.01096317353,0.002264294765,0.005929990837,0.02753204518,0.01515335365,4259.709013
1307,0,4,8.150799816,1.2945468,0.01116468103,0.002313417147,0.006112730484,0.02802678682,0.01543428209,4278.172756
1308,0,4,8.332981137,1.32348401,0.01132685947,0.002356927213,0.006271601146,0.02842277949,0.01566078084,4276.648982
1309,0,4,8.519234455,1.353068111,0.01143880728,0.002393304523,0.006416327205,0.02869285271,0.01581947589,4262.945224
1310,0,4,8.709650785,1.383313553,0.01148610138,0.002416606784,0.006521355042,0.02880107229,0.01588867796,4226.238499
1311,0,4,8.904323176,1.414235109,0.01147772105,0.002430036122,0.006596002355,0.02877039121,0.01588148146,4157.093624
1312,0,4,9.103346756,1.445847882,0.01139294006,0.002429092868,0.006631214078,0.02854911032,0.01576962488,4048.288725
1313,0,4,9.306818781,1.478167309,0.01122465499,0.00241190792,0.00662325519,0.02811985456,0.01554351882,3894.900999
1314,0,4,9.514838678,1.511209168,0.01095395717,0.002374433262,0.006555065112,0.02743551884,0.01517649238,3694.246108
1315,0,4,9.727508099,1.544989587,0.01057577759,0.002316915171,0.006419371285,0.02648369022,0.01466125287,3445.287087
1316,0,4,9.944930968,1.579525049,0.01009321839,0.002240010014,0.006211675517,0.02527236389,0.01400149985,3147.350143
1317,0,4,10.16721353,1.614832401,0.009512475674,0.002144577601,0.005938453539,0.02381721614,0.01320616732,2801.317897
1318,0,4,10.3944644,1.650928863,0.008839524311,0.002032229818,0.005605670616,0.02213322357,0.01228383365,2417.939155
1319,0,4,10.62679464,1.687832033,0.008082925174,0.001906322482,0.005216171095,0.02024165166,0.01124611763,2018.391667
1320,0,4,10.86431777,1.725559902,0.007262445609,0.001772547337,0.00477633024,0.01819154554,0.01011966773,1659.989869
1321,0,4,11.10714986,1.764130861,0.006410651317,0.001639998107,0.004309869646,0.01606355399,0.008949843398,1386.105246
1322,0,4,11.35540958,1.803563706,0.005577570976,0.001519503773,0.003844571688,0.013981478,0.007805136902,1347.563843
1323,0,5,11.60921823,1.843877659,0.004849948558,0.001426694466,0.003435974665,0.01216025874,0.006805058278,1625.314403
1324,0,5,11.86869985,1.88509241,0.004367581811,0.00138104809,0.00316732538,0.01094677506,0.006140987277,2107.937693
1325,0,5,12.13398123,1.927227982,0.00431595758,0.001398988603,0.003112838724,0.01080396382,0.006062179026,2572.135895
1326,0,6,12.405192,1.97030492,0.00481212465,0.001496732166,0.00336869993,0.01202942189,0.006735203805,3042.517494
1327,0,6,12.6824647,2.014344231,0.005715637021,0.001662356882,0.003919585866,0.01427913299,0.00797948509,3716.893552
1328,0,5,12.96593482,2.059367392,0.006830930163,0.001870080286,0.004650600437,0.01706659295,0.009527007485,4347.902011
1329,0,5,13.25574087,2.105396406,0.008041021854,0.002099317881,0.005462621821,0.02009908048,0.01121247566,4920.858023
1330,0,5,13.55202448,2.15245374,0.009268713281,0.002337669705,0.006311169244,0.02318273633,0.01292907447,5434.769521
1331,0,3,6.791632562,1.078707048,0.007855164891,0.001783693449,0.004263996974,0.01965296186,0.01083173299,4102.33825
1332,0,3,6.94343467,1.102817095,0.007557572101,0.001645338371,0.003889697715,0.01891456654,0.01040089672,3714.544733
1333,0,3,7.098629758,1.127465959,0.007654972496,0.001627311763,0.003847096996,0.01916576395,0.01052821697,3662.933796
1334,0,3,7.257293666,1.152665682,0.008017980507,0.001688015492,0.004047905319,0.02008320334,0.01103242949,3832.658183
1335,0,4,7.419503925,1.178428572,0.008448060427,0.001775583511,0.004351581172,0.02116969929,0.01163631008,4044.931352
1336,0,4,7.5853398,1.204767182,0.008843194995,0.001858826638,0.004640924276,0.0221695196,0.0121930627,4205.25427
1337,0,4,7.754882331,1.231694399,0.009202536918,0.001935704506,0.004899088543,0.02308039165,0.01269979513,4308.694439
1338,0,4,7.928214365,1.259223376,0.009531207603,0.002006966673,0.005130320364,0.02391502809,0.01316359173,4383.442005
1339,0,4,8.105420602,1.287367561,0.009841002822,0.00207733501,0.005360566264,0.0247028637,0.01360264499,4450.001318
1340,0,4,8.286587637,1.316140701,0.01011648769,0.002142790866,0.005575891238,0.02540499546,0.01399499226,4491.573516
1341,0,4,8.471803998,1.345556853,0.01034503154,0.002201393112,0.005773982391,0.02598941217,0.01432353157,4504.830261
1342,0,4,8.661160193,1.375630388,0.01051577755,0.0022501776,0.005944131988,0.02642847013,0.01457259084,4481.675848
1343,0,4,8.854748754,1.406375998,0.01061687581,0.002285908062,0.006077151953,0.02669205952,0.0147253289,4420.309986
1344,0,4,9.05266428,1.437808704,0.01064570032,0.002307583401,0.006169754881,0.02677318034,0.01477772764,4323.537811
1345,0,4,9.255003482,1.469943865,0.01060169737,0.002315046959,0.006221594052,0.02667004788,0.01472884174,4182.561625
1346,0,4,9.461865238,1.502797186,0.01047985671,0.002306911505,0.006227625446,0.02636971477,0.01457132812,3998.653027
1347,0,4,9.673350632,1.536384724,0.01027890509,0.002282830087,0.006185994865,0.02586866768,0.01430316139,3772.932105
1348,0,4,9.889563008,1.570722901,0.009997981934,0.002242452399,0.006094610346,0.02516443367,0.01392283406,3505.132959
1349,0,4,10.11060802,1.605828507,0.009639860876,0.002186242181,0.005952417941,0.02426380841,0.01343382159,3209.978031
1350,0,4,10.33659369,1.641718715,0.009208656343,0.002115241128,0.005761410438,0.0231770526,0.01284176014,2894.584327
1351,0,4,10.56763044,1.678411083,0.008711128299,0.002030955464,0.005523738539,0.0219212359,0.01215587108,2551.703476
1352,0,4,10.80383117,1.715923567,0.008159071012,0.001936071112,0.005245602262,0.020526319,0.01139259547,2203.647387
1353,0,4,11.0453113,1.75427453,0.007570318309,0.001834457464,0.00493576931,0.01903771142,0.01057675787,1850.642883
1354,0,4,11.29218884,1.793482746,0.006970002152,0.001731646685,0.004610334531,0.01751952792,0.009743825909,1521.203161
1355,0,4,11.54458443,1.833567414,0.006397187408,0.001634372787,0.004288197888,0.01607155431,0.008948165735,1279.9207
1356,0,4,11.80262139,1.874548161,0.005907321883,0.001553301434,0.004004731205,0.01483551039,0.008268002142,1256.608231
1357,0,5,12.06642583,1.916445055,0.005549959378,0.001498133137,0.003804502373,0.01393785459,0.007774710297,1587.764051
1358,0,5,12.33612665,1.959278562,0.005381232839,0.001476561023,0.003718639237,0.01352101916,0.007546259608,2059.981894
1359,0,5,12.61185564,2.003069724,0.005463946689,0.001498778043,0.003786371624,0.01374303324,0.007669886273,2567.13746
1360,0,5,12.89374755,2.047839983,0.005805677755,0.001567355589,0.004018375376,0.01461971516,0.008155456912,3079.472083
1361,0,5,13.18194013,2.093611249,0.00634738585,0.001672912149,0.004382871466,0.01599803882,0.008919567681,3561.004107
1362,0,5,13.47657419,2.140405919,0.007029499405,0.001807362634,0.004847139294,0.01772532726,0.009878795568,3998.826871
1363,0,5,13.77779372,2.188246884,0.007792645887,0.001962128148,0.005385147585,0.01965077397,0.01095134705,4381.975933
1364,0,5,14.08574591,2.237157547,0.008576895221,0.002124976332,0.005951707297,0.0216232429,0.01205265644,4699.454518
1365,0,5,14.40058125,2.287161826,0.009342392758,0.00228801868,0.00652216953,0.0235428556,0.01312745288,4938.928282
1366,0,5,14.72245357,2.338284171,0.01005815473,0.002442576624,0.007060587286,0.02533243366,0.01413078859,5105.446241
1367,0,5,15.05152018,2.390549571,0.01069051215,0.002582701709,0.007559778076,0.02690825024,0.01501800231,5185.045738
1368,0,5,15.38794187,2.443983569,0.011215283,0.002700041965,0.007985971616,0.02821073275,0.01575352329,5174.176844
1369,0,3,7.71170737,1.224809938,0.008844603387,0.001951908944,0.005167461308,0.02223752729,0.01228054593,3599.613219
1370,0,3,7.884074385,1.252186775,0.008096682478,0.001745772733,0.004436604645,0.02034925757,0.01120691454,3104.335598
1371,0,3,8.060294035,1.280175579,0.007908767608,0.001680537478,0.00421014699,0.0198694993,0.01093040657,2957.773191
1372,0,3,8.24045243,1.308790027,0.008055952099,0.001709299675,0.004340804967,0.02023252863,0.01113572934,2949.957702
1373,0,4,8.424637607,1.338044107,0.008224250882,0.001757419576,0.004557085045,0.02064920941,0.01137852912,2964.170628
1374,0,4,8.612939571,1.367952159,0.008304992146,0.00178964872,0.004704967393,0.02084641124,0.01149875338,2908.222524
1375,0,4,8.805450336,1.398528761,0.008335664965,0.001807298343,0.004785388669,0.0209182194,0.01154579453,2799.156564
1376,0,4,9.002263975,1.429788852,0.008357968652,0.001819696669,0.004847706585,0.02096943692,0.01157998791,2670.455692
1377,0,4,9.203476664,1.461747704,0.008372572073,0.001830116812,0.004915127529,0.0210019168,0.01160482958,2548.486917
1378,0,4,9.409186726,1.494420929,0.008352999691,0.001833565934,0.004970437966,0.02094931126,0.01158353857,2419.931287
1379,0,3,9.619494684,1.527824487,0.008284042426,0.001826004309,0.004995685253,0.0207736002,0.01149411792,2275.820245
1380,0,3,9.834503308,1.561974625,0.008162538113,0.001806351217,0.00498740663,0.02046693014,0.01133202748,2129.052041
1381,0,3,10.05431766,1.596888089,0.007987565917,0.001774061529,0.004943700993,0.02002697006,0.01109581242,1966.574485
1382,0,4,10.27904516,1.632581934,0.007770045837,0.001731934225,0.004870285162,0.01948105577,0.01080051411,1799.132018
1383,0,4,10.50879563,1.669073668,0.007527650146,0.001683869519,0.004775817654,0.01887340894,0.01047037407,1647.437675
1384,0,4,10.74368132,1.706381031,0.007280025388,0.001634155851,0.004671854005,0.01825313064,0.01013252477,1504.860289
1385,0,4,10.98381703,1.744522234,0.00704390337,0.001586129128,0.004568024023,0.01766194233,0.00980998765,1375.924944
1386,0,4,11.22932009,1.783515896,0.006830511404,0.001542309659,0.00447264845,0.01712770438,0.009518369695,1273.161515
1387,0,4,11.48031047,1.823381058,0.006640725002,0.001504276848,0.004395679591,0.01665232337,0.009259912932,1166.339414
1388,0,4,11.73691082,1.864137183,0.00647604477,0.001471808156,0.004329910442,0.01623929595,0.009035599489,1124.364334
1389,0,4,11.99924654,1.905804172,0.006349188704,0.001448644364,0.004283018697,0.01592026371,0.008862982194,1491.308431
1390,0,4,12.26744581,1.948402371,0.006277823752,0.001439118376,0.004267492348,0.01573945796,0.008766757678,1889.586185
1391,0,4,12.5416397,1.991952575,0.006277688366,0.001447839831,0.004296096865,0.01573658266,0.008769294348,2269.880014
1392,0,5,12.82196219,2.036476049,0.006369206745,0.001478360407,0.004382490689,0.01596343399,0.008899294824,2607.543273
1393,0,5,13.10855026,2.08199455,0.006558116553,0.001531895062,0.004535408804,0.01643508397,0.009165663006,2932.973221
1394,0,5,13.40154396,2.128530265,0.00684292273,0.001606577768,0.004745375944,0.01714845487,0.009565495031,3233.393035
1395,0,5,13.70108647,2.176105912,0.00720854751,0.001699191748,0.005018699321,0.0180662601,0.01008002364,3495.647336
1396,0,5,14.00732415,2.224744724,0.007618363075,0.001798295621,0.005320508965,0.01909689632,0.01065683569,3696.090252
1397,0,5,14.32040665,2.274470455,0.008046582254,0.001898977752,0.005647985837,0.02017555616,0.0112617318,3835.971788
1398,0,5,14.64048697,2.325307393,0.008465165008,0.001992573876,0.00597136014,0.02123159471,0.01185397744,3903.698936
1399,0,5,14.96772152,2.37728037,0.008865816959,0.002078500931,0.006295569713,0.02224360409,0.01242311351,3898.361957
1400,0,5,15.30227019,2.430414779,0.009221938788,0.002149108039,0.00659308198,0.02314423385,0.0129304593,3822.254663
1401,0,5,15.64429648,2.484736582,0.009528401004,0.002204814122,0.006868852172,0.02391987914,0.01336968006,3691.877317
1402,0,5,15.99396751,2.540272327,0.009771447381,0.002241060998,0.007096224149,0.02453539768,0.01371901668,3497.25736
1403,0,4,16.35145416,2.597049157,0.009916606209,0.002253174637,0.007261549605,0.02490360713,0.01393140001,3236.257387
1404,0,4,16.71693112,2.655094919,0.009943351829,0.00223840063,0.007345360905,0.02497277851,0.01397743428,2924.802135
1405,0,4,17.09057698,2.714437913,0.009860762321,0.002201049588,0.007351195589,0.02476574369,0.01386958354,2603.776348
1406,0,4,17.47257432,2.775107154,0.009701470772,0.002148712815,0.007289551088,0.02436455545,0.01365196524,2290.345658
1407,0,4,17.86310982,2.837132314,0.009495130645,0.002090116673,0.007187436943,0.02384395828,0.01336712095,2028.11555
1408,0,4,18.26237432,2.90054374,0.009256859388,0.002029284403,0.007052604257,0.02324232728,0.01303603127,1862.129891
1409,0,4,18.67056291,2.965372464,0.008988555754,0.001969652842,0.006892279416,0.02256504758,0.01266252892,1698.832479
1410,0,4,19.08787506,3.031650224,0.008692203595,0.001912109887,0.0067012976,0.02181784506,0.01224883995,1554.989457
1411,0,5,19.5145147,3.099409476,0.008432619125,0.001872187889,0.006527934724,0.02116422442,0.01188646793,1428.925813
1412,0,5,19.95069031,3.168683286,0.008216204631,0.001855457101,0.006396031248,0.02062071619,0.01158740579,1479.173684
1413,0,5,20.39661502,3.239505763,0.00802728376,0.001857365764,0.00628869689,0.02014861799,0.01132918364,1870.141581
1414,0,5,20.85250676,3.311911611,0.007875526857,0.001874973487,0.006208472327,0.01977244438,0.01112468128,2252.757806
1415,0,5,21.31858829,3.385936289,0.007790406001,0.001903476965,0.006166894058,0.01956513771,0.01101293383,2584.018489
1416,0,6,21.79508736,3.461616038,0.007872313352,0.001957771197,0.006240339081,0.01977763143,0.0111344367,2861.925362
1417,0,6,22.28223683,3.538987906,0.008171186195,0.002039317531,0.006469923742,0.02053295019,0.01155842827,3061.361602
1418,0,6,22.78027475,3.618089779,0.008643358501,0.002131935225,0.006850175073,0.02171969074,0.01222622855,3158.061282
1419,0,5,23.28944448,3.69896032,0.009109561372,0.002192652256,0.007253867818,0.02288705947,0.01288630981,3122.866147
1420,0,5,23.80999484,3.781638937,0.009510818587,0.002216012989,0.007614657985,0.02388871668,0.01345381158,2968.546967
1421,0,5,24.34218019,3.866166047,0.009839853295,0.002217498796,0.00794060473,0.02470795879,0.01392189323,2754.807508
1422,0,5,24.88626061,3.952582906,0.01009865111,0.002203081578,0.008193351237,0.02535073986,0.01428834611,2541.237753
1423,0,5,25.44250195,4.040931676,0.01027959178,0.002184264504,0.008386028155,0.0257988054,0.01454600329,2296.312816
1424,0,5,26.01117604,4.131255444,0.01034275072,0.002162614944,0.008481670048,0.02595254676,0.01463832988,2060.926714
1425,0,5,26.59256075,4.22359824,0.01026015499,0.002143816497,0.008459922701,0.0257421967,0.01452667987,1844.677777
1426,0,5,26.66858665,4.235676809,0.009885345053,0.002102657699,0.008196983941,0.02480046098,0.01400352301,1626.192983
1427,0,5,26.73006409,4.245444491,0.009387187599,0.002064229973,0.007785184143,0.02355077817,0.01330064454,1587.087549
1428,0,5,26.79168325,4.255234328,0.008834461576,0.002030783697,0.007330566963,0.02216515219,0.0125220104,1633.487273
1429,0,5,26.85344446,4.265046234,0.00825646738,0.001998293609,0.006870072589,0.02071670886,0.01171049054,1653.093182
1430,0,5,26.91534804,4.274880147,0.007707081279,0.001964908496,0.006430628791,0.01934008737,0.0109390577,1643.064265
1431,0,6,26.97739432,4.284736035,0.00736543923,0.001954967765,0.006116737267,0.01848443342,0.01045418992,1613.90348
1432,0,6,27.03958364,4.2946139,0.007286611298,0.001964881079,0.006013423904,0.01828763352,0.01033869272,1795.622396
1433,0,6,27.10191632,4.304513752,0.007411957937,0.001967696214,0.006091808406,0.01860247989,0.01051155717,2018.437028
1434,0,6,27.16439269,4.314435721,0.00767803197,0.001946314172,0.006290201154,0.01926995328,0.01088161344,2120.223721
1435,0,6,27.22701308,4.32437996,0.008038417757,0.001899596805,0.006593099285,0.02017400944,0.01138732018,2104.947153
1436,0,5,27.28977783,4.334346616,0.008288767626,0.001818043991,0.006837824935,0.02080183125,0.01174181615,1993.631391
1437,0,5,27.35268726,4.34433596,0.008390993746,0.001726348904,0.006972472516,0.02105794113,0.01188950497,1824.338175
1438,0,5,27.41574172,4.354348015,0.008411942923,0.001647505251,0.007001595219,0.02110995209,0.01191771235,1626.824039
1439,0,5,27.47894153,4.364382911,0.008393548987,0.001607410674,0.006994900702,0.02106289337,0.01189127355,1437.898145
1440,0,5,27.54228703,4.374440788,0.00830436086,0.001608906292,0.006924220942,0.0208376512,0.01176545295,1389.963459
1441,0,5,27.60577856,4.384521807,0.008129231075,0.001651685035,0.006784941024,0.02039623087,0.01152013585,1525.76354
1442,0,5,27.66941645,4.394626144,0.007874101864,0.001717800801,0.0065729075,0.01975357399,0.01116197919,1662.452294
1443,0,5,27.73320105,4.404753982,0.007541698555,0.001787670164,0.006298654452,0.01891695364,0.01069576043,1778.061938
1444,0,5,27.79713268,4.414905508,0.007156767236,0.001842720566,0.005972992915,0.0179491151,0.01015458411,1831.722648
1445,0,6,27.86121169,4.4250809,0.006827152621,0.001895381499,0.005669117554,0.01712144278,0.009688719995,1903.88769
1446,0,6,27.92543841,4.435280321,0.006552690362,0.001932308127,0.005396917188,0.01643351866,0.009298639906,1905.350051
1447,0,6,27.9898132,4.445503995,0.006312010017,0.001922352275,0.005180159391,0.01583170784,0.008958430851,1779.675249
1448,0,6,28.05433638,4.455752014,0.00612601092,0.001849384299,0.005031274268,0.01536790458,0.008695321213,1543.788678
1449,0,6,28.1190083,4.466024419,0.006069816544,0.001723159612,0.004986946208,0.01522907885,0.008611132722,1433.824221
1450,0,6,28.18382931,4.476321208,0.006171042809,0.00156468173,0.005070183347,0.01548331398,0.008745995786,1464.118506
1451,0,5,28.24879975,4.486642337,0.006300715603,0.00139111605,0.005216910942,0.0158068816,0.008926195813,1417.27425
1452,0,5,28.31391996,4.496987554,0.006400115736,0.001238747572,0.005339687022,0.01605343839,0.00906533395,1319.868738
1453,0,5,28.37919028,4.507356954,0.00651885184,0.001164707863,0.005457670613,0.01634828769,0.009231801729,1188.912273
1454,0,6,28.44461107,4.517750471,0.006771366317,0.001207151119,0.00562505674,0.01697882512,0.009581628011,1264.14792
1455,0,6,28.51018268,4.528168215,0.007087365999,0.001359759674,0.005843798075,0.01776982341,0.01002492273,1514.3511
1456,0,5,28.57590543,4.538609901,0.007154722426,0.001537536986,0.005940251051,0.01793954313,0.01013247086,1721.5326
1457,0,6,28.6417797,4.549075312,0.007038592508,0.001699368687,0.00586103737,0.0176509033,0.009979175627,1870.423036
1458,0,6,28.70780582,4.559564679,0.006824316891,0.001836097388,0.005666956294,0.0171174597,0.009683289407,2005.000545
1459,0,6,28.77398415,4.570077765,0.006484472391,0.001927167624,0.005369826201,0.01626986803,0.009210130243,2082.766631
1460,0,6,28.84031503,4.58061452,0.006007340915,0.001946175811,0.004979988763,0.01507768075,0.008544186475,2034.337171
1461,0,6,28.90679882,4.59117492,0.005449871447,0.001883031379,0.004549960077,0.01368265457,0.007764729208,1874.142176
1462,0,6,28.97343588,4.601758974,0.004828660957,0.001751478253,0.004027607371,0.01212572736,0.006885465268,1641.692125
1463,0,6,29.04022654,4.612366734,0.004424922282,0.001567147534,0.003630173645,0.01111200191,0.006298623575,1358.928085
1464,0,6,29.10717118,4.622998291,0.004309278682,0.001346848093,0.003516326386,0.01081939672,0.006119799408,1164.23748
1465,0,6,29.17427014,4.633653761,0.004426804907,0.001116346706,0.003629269538,0.01111157974,0.006274584314,1172.190434
1466,0,6,29.24152378,4.644333283,0.004765755873,0.0009337977722,0.003906880642,0.01196035088,0.006743480497,1131.023386
1467,0,6,29.30893245,4.655037005,0.005224072759,0.0008824542882,0.004286300456,0.01310973219,0.007387609754,1043.359443
1468,0,6,29.37649652,4.665765087,0.005659946209,0.0009948931011,0.004658085433,0.01420325451,0.008007106249,1234.607651
1469,0,6,29.44421634,4.676517701,0.005984455714,0.001207167537,0.004943110312,0.01501711986,0.008473771181,1462.669743
1470,0,6,29.51209227,4.687295034,0.006163414995,0.001437309054,0.005095365363,0.01546506828,0.008734767121,1689.547061
1471,0,6,29.58012467,4.698097284,0.006147130554,0.001636787241,0.005095872447,0.01542249569,0.008721920314,1852.869902
1472,0,6,29.6483139,4.708924658,0.005917304151,0.001777533808,0.00490595675,0.01484385161,0.008405094545,1957.072169
1473,0,6,29.71666032,4.719777362,0.005513404163,0.00184332113,0.004553104039,0.01382876084,0.007838380588,1971.803629
1474,0,6,29.78516429,4.73065559,0.004968342577,0.001828323879,0.004100343451,0.01246034604,0.007072839528,1904.862844
1475,0,6,29.85382619,4.741559517,0.004301243913,0.001731616947,0.003537791164,0.01078710419,0.006131410514,1768.843544
1476,0,6,29.92264637,4.75248929,0.003644365124,0.001562036198,0.002976235476,0.009140993141,0.005199449188,1547.336691
1477,0,6,29.99162519,4.763445025,0.003148670211,0.001335339759,0.002545957742,0.007900183825,0.004488654076,1239.270241
1478,0,7,30.06076303,4.7744268,0.003012340559,0.001079634804,0.002404535612,0.007559813027,0.004277042537,917.9446109
1479,0,7,30.13006024,4.78543481,0.003315338011,0.0008453174852,0.002634796526,0.008318219988,0.004686175527,928.7446224
1480,0,7,30.1995172,4.796468963,0.00388349883,0.0007311761484,0.003112587667,0.009739865983,0.005481089606,891.0936902
1481,0,6,30.26913428,4.807529203,0.00441405901,0.0008118907472,0.003592503753,0.01106767142,0.006235834293,959.179666
1482,0,6,30.33891184,4.81861522,0.0047946539,0.001010207106,0.00393884774,0.01202082638,0.006782772531,1179.80416
1483,0,6,30.40885026,4.829727097,0.005041393233,0.00123023846,0.004142210642,0.01263985234,0.00713885335,1404.429931
1484,0,6,30.4789499,4.840864705,0.005139160818,0.001425932914,0.004210139735,0.01288679143,0.007284211154,1585.612458
1485,0,6,30.54921113,4.852027904,0.005051366509,0.001566719915,0.004142464776,0.01266954008,0.00717021923,1711.77746
1486,0,6,30.61963434,4.863216554,0.004775130153,0.001633009183,0.003936861931,0.01198025872,0.006791429669,1753.715498
1487,0,6,30.69021988,4.87443053,0.004308292612,0.001616105553,0.003569665235,0.01081285587,0.006140715436,1692.273932
1488,0,6,30.76096815,4.885669736,0.003681162698,0.00152263572,0.003059618614,0.009242706034,0.005259711476,1558.616793
1489,0,6,30.8318795,4.896934101,0.003035220603,0.001363215333,0.002508875693,0.007623992431,0.004344267429,1347.402386
1490,0,7,30.90295433,4.908223591,0.002537817229,0.001161661676,0.002069319969,0.006376162078,0.00363068527,1078.975924
1491,0,7,30.97419299,4.919538133,0.00233449906,0.0009390434793,0.00187506892,0.0058642475,0.003325543967,750.6854914
1492,0,7,31.04559588,4.93087774,0.002534906527,0.000736120342,0.002017574223,0.006364858122,0.003589904209,806.5742826
1493,0,7,31.11716337,4.942242514,0.003015040257,0.0006458541392,0.002400530812,0.007568659967,0.004258954015,829.8360677
1494,0,7,31.18889584,4.953632612,0.00353858089,0.0007342769602,0.002842062838,0.008882425451,0.005000887932,807.6420902
1495,0,6,31.26079367,4.965048237,0.003897524239,0.0009108022746,0.003170325894,0.009783123752,0.005517715392,975.6148403
1496,0,6,31.33285724,4.976489878,0.004071471127,0.001082473364,0.003338670441,0.01021906808,0.005773315738,1154.280645
1497,0,6,31.40508694,4.987957581,0.004104849428,0.001217787562,0.003368903735,0.01030167395,0.0058268086,1294.72653
1498,0,6,31.47748314,4.999451624,0.004000935707,0.001305960095,0.003282436838,0.01003931965,0.005684965894,1388.088703
1499,0,6,31.55004623,5.010972293,0.003749765962,0.001335586808,0.003087495416,0.009407347043,0.005335619533,1420.497701
1500,0,6,31.6227766,5.022519868,0.00336055085,0.001298171635,0.002777289254,0.00842951962,0.004789276778,1350.748244
1501,0,6,31.69567463,5.034094615,0.002883992247,0.001198890301,0.002385305457,0.007233831867,0.004116210479,1225.901282
1502,0,6,31.76874071,5.045696766,0.00241953885,0.0010535286,0.001995526306,0.006070310144,0.003456692105,1035.193468
1503,0,7,31.84197522,5.057326517,0.00208134787,0.0008882468916,0.001712522015,0.00522522684,0.002973075793,793.3246639
1504,0,7,31.91537855,5.068984047,0.002015236893,0.0007285803357,0.001632700207,0.005062572902,0.002867375254,710.7980095
1505,0,7,31.9889511,5.080669538,0.002265217196,0.0006236150341,0.001818317479,0.005690310128,0.003209595475,811.4383552
1506,0,7,32.06269325,5.092383018,0.002663494664,0.0006261996239,0.002138712073,0.006687912918,0.003767910506,868.5844603
1507,0,7,32.13660539,5.10412446,0.003049926554,0.0007286746195,0.002462308496,0.007655250354,0.004315635521,870.7742135
1508,0,6,32.21068791,5.115893788,0.003270595614,0.0008522979798,0.002670771342,0.008207170734,0.004634486987,814.2654988
1509,0,6,32.28494122,5.127690658,0.003322044795,0.0009494978007,0.002736841112,0.008335310279,0.004714478349,919.7850993
1510,0,6,32.35936569,5.139515126,0.003253169595,0.001010025319,0.002687136757,0.008162253558,0.004621859762,1008.140688
1511,0,6,32.43396173,5.151367048,0.003066350248,0.001030802277,0.002546592238,0.007693883011,0.004363084488,1044.796498
1512,0,6,32.50872974,5.16324627,0.002760484475,0.001005525539,0.002312502046,0.006927224394,0.003935907127,1021.552018
1513,0,6,32.5836701,5.175152641,0.002374133158,0.0009338224869,0.00200484113,0.005958767628,0.003392448684,946.8520961
1514,0,7,32.65878322,5.187086025,0.002006246726,0.0008331396131,0.00168547039,0.005036658372,0.002869141228,827.829873
1515,0,7,32.73406949,5.199046412,0.001736194429,0.0007185621566,0.00144648152,0.00435979334,0.002481471812,657.7785939
1516,0,8,32.80952931,5.21103354,0.001700540003,0.0006123696138,0.001395345297,0.00427074215,0.002421417965,634.5520672
1517,0,8,32.88516309,5.223047374,0.001941004417,0.0005543364045,0.001577242077,0.004874386732,0.002753276483,796.7404702
1518,0,7,32.96097122,5.235087889,0.00227943996,0.0005684070415,0.001850253306,0.005723937262,0.003229002484,870.7205646
1519,0,7,33.0369541,5.247155278,0.002572384569,0.000638764996,0.002109605388,0.006459348114,0.003646875239,915.2805497
1520,0,7,33.11311215,5.259249665,0.002762984278,0.0007205085719,0.002274662292,0.006937673807,0.003919777453,895.6652681
1521,0,6,33.18944576,5.271371234,0.002788624471,0.0007767903231,0.00231831076,0.007001536331,0.003961562363,815.2946021
1522,0,6,33.26595533,5.28352038,0.002667968749,0.0007948120703,0.00223671708,0.006697783195,0.003795160948,709.519615
1523,0,6,33.34264128,5.295697195,0.002444703221,0.0007786629051,0.002064470143,0.006136130241,0.00348199013,713.808786
1524,0,6,33.419504,5.307901915,0.00214081194,0.0007328918771,0.001823623576,0.005371943826,0.003053833234,698.1860419
1525,0,6,33.49654392,5.320134788,0.001774524473,0.0006606221364,0.00153443819,0.004451363418,0.002537444362,648.1576383
1526,0,7,33.57376142,5.332396051,0.001423011953,0.0005743725734,0.001228961187,0.003568933293,0.002037308109,567.2264432
1527,0,8,33.65115694,5.344685826,0.00123985251,0.000496816855,0.001010810574,0.003111723999,0.001766962471,498.6244028
1528,0,8,33.72873087,5.357004433,0.001335592615,0.00045400584,0.001059719955,0.003355922643,0.00189572889,671.1561925
1529,0,8,33.80648362,5.369352129,0.00160115774,0.0004523979268,0.001288459999,0.004024328745,0.002270667358,745.6077926
1530,0,8,33.88441561,5.381729019,0.001945794875,0.0005005547983,0.001573384266,0.004889529812,0.002757703421,835.1420523
1531,0,7,33.96252726,5.394135161,0.002216765655,0.0005674923004,0.00182038678,0.005568968763,0.003144968943,876.4812411
1532,0,7,34.04081897,5.406570509,0.002356667533,0.0006203996103,0.001958157772,0.005919079443,0.003346963581,856.3720318
1533,0,6,34.11929116,5.419035086,0.002337331084,0.0006410609292,0.001969133723,0.005869472335,0.003324239342,775.40257
1534,0,6,34.19794425,5.431528745,0.002195018719,0.0006298490489,0.001870619331,0.005511352413,0.003126061384,659.8148365
1535,0,6,34.27677865,5.444051534,0.001966682004,0.0005934218976,0.001694696122,0.004937513917,0.002804952151,521.3954054
1536,0,6,34.35579479,5.456603402,0.001664114302,0.0005354572519,0.001458796783,0.004177573786,0.002378875873,457.1029533
1537,0,6,34.43499308,5.469184287,0.001303132388,0.0004593721144,0.00117608955,0.003271258442,0.001870394021,417.9716982
1538,0,7,34.51437393,5.481794125,0.0009532629015,0.0003778228378,0.0008758012979,0.002393177087,0.00137347959,357.9054268
1539,0,9,34.59393778,5.494432951,0.0007833278804,0.0003174551766,0.0006677724772,0.001967302862,0.001121447835,359.0834651
1540,0,10,34.67368505,5.507100676,0.0009762708862,0.0003123196839,0.000767233714,0.002452260076,0.001383191552,545.4951109
1541,0,9,34.75361614,5.519797163,0.0013523404,0.000361286623,0.001069170078,0.003396457065,0.001913007961,670.4046662
1542,0,8,34.8337315,5.532522426,0.001683849602,0.0004287740371,0.001367697714,0.004228709232,0.002385989075,763.5159488
1543,0,4,17.45701577,2.772638289,0.001097038198,0.0002906921441,0.0009678397929,0.002754267667,0.001566101767,466.2956649
1544,0,5,17.84720352,2.834610545,0.0009836694604,0.0002493770057,0.0007636814857,0.002469465472,0.001388458104,444.0256777
1545,0,6,18.24611248,2.897967898,0.001147651548,0.0002758200897,0.0008066862573,0.002881323169,0.001608255788,464.1159032
1546,0,5,18.6539376,2.962741294,0.001314901359,0.000316596049,0.0009411321064,0.00330123996,0.001844797656,456.4280846
1547,0,5,19.07087815,3.028962399,0.001340186001,0.0003337910296,0.001011062838,0.003364629221,0.001887491247,449.287348
1548,0,5,19.49713789,3.096663563,0.001294754614,0.0003321792853,0.00100073381,0.003250437065,0.001827124918,417.8893344
1549,0,5,19.9329251,3.165877868,0.001246898314,0.0003249850243,0.0009611552807,0.003130099432,0.001759382889,380.7228398
1550,0,5,20.37845275,3.236639139,0.001190152938,0.000315591787,0.0009191662431,0.002987371973,0.001679681523,332.8126959
1551,0,5,20.83393853,3.308981962,0.001096735574,0.0002996148104,0.0008598538081,0.002752510637,0.001549859778,275.7610422
1552,0,5,21.29960503,3.382941696,0.000962903884,0.0002751754622,0.0007726908657,0.002416136409,0.001363604758,219.415857
1553,0,5,21.77567981,3.458554498,0.0008066033813,0.0002444170665,0.0006597487354,0.00202335677,0.001144507507,203.9502767
1554,0,5,22.26239549,3.535857333,0.0006475636293,0.000212153368,0.0005386979444,0.001623832374,0.0009207842799,183.7048492
1555,0,6,22.75998993,3.614887995,0.0005151345932,0.000184087274,0.0004269594675,0.001291598728,0.0007331052848,180.0728442
1556,0,7,23.26870626,3.695685103,0.000479720233,0.0001707621649,0.0003672239131,0.001204073216,0.0006789581968,295.9206287
1557,0,8,23.78879309,3.778288171,0.0005779658596,0.000180522761,0.0004194415869,0.001452449219,0.0008142746743,373.1321187
1558,0,8,24.32050456,3.862737593,0.0007505495137,0.0002089863725,0.0005600089059,0.001886676122,0.001058319026,443.4407826
1559,0,7,24.8641005,3.949074652,0.0009386455525,0.0002447285343,0.0007167708627,0.002359203594,0.001324815987,481.4000063
1560,0,7,25.41984653,4.037341546,0.001118303311,0.0002830534365,0.0008683142023,0.002810237995,0.001579725347,507.8875805
1561,0,4,12.73922267,2.023324219,0.0007679711307,0.0002053467385,0.0006484419394,0.001930273294,0.001092975169,299.8473893
1562,0,4,13.0239614,2.068548192,0.0006684128924,0.0001700308046,0.0004682427819,0.001680235065,0.0009378335999,250.6482322
1563,0,5,13.31506443,2.114782995,0.0007603747966,0.0001817780614,0.0004741427826,0.001910987602,0.001059232988,289.3859064
1564,0,5,13.612674,2.162051223,0.0008825193396,0.0002089122492,0.0005700439698,0.002217517367,0.001231342571,334.0889437
1565,0,4,13.91693554,2.210375976,0.0009196751807,0.000222270729,0.0006349148046,0.002310657843,0.001288163731,325.3877687
1566,0,4,14.22799774,2.259780867,0.0009098903004,0.0002233402088,0.0006450369592,0.002285950704,0.001276658187,296.6444379
1567,0,4,14.54601259,2.310290041,0.0009041589206,0.000222953009,0.0006385391396,0.002271426336,0.001268298194,275.9297756
1568,0,4,14.87113551,2.361928182,0.0009039633619,0.0002240849288,0.0006381460836,0.00227079858,0.001267982692,259.5765029
1569,0,4,15.20352535,2.414720524,0.00089040169,0.000223615315,0.0006363800722,0.002236617803,0.001250025777,238.8967128
1570,0,4,15.54334456,2.468692866,0.0008565288059,0.0002193203209,0.0006222452329,0.002151455414,0.001203919902,212.1330252
1571,0,4,15.89075919,2.523871581,0.000808879869,0.000211738358,0.000594813076,0.002031721499,0.001138070145,188.1571154
1572,0,4,16.24593899,2.580283632,0.0007531902785,0.0002020524881,0.0005590648633,0.001891813449,0.001060616855,161.6132635
1573,0,4,16.60905754,2.637956583,0.0006892975856,0.0001905579154,0.0005178804282,0.001731321764,0.000971740535,139.8703637
1574,0,5,16.98029228,2.696918614,0.0006182709588,0.0001774818926,0.0004709134462,0.001552930465,0.0008727988463,135.0493174
1575,0,5,17.35982462,2.757198543,0.0005447698628,0.0001636416311,0.000420203018,0.001368331473,0.0007701386862,128.1693029
1576,0,5,17.74784001,2.818825812,0.0004753086931,0.0001500826209,0.0003712512049,0.001193867563,0.0006729766642,117.9518688
1577,0,6,18.14452807,2.881830532,0.0004228699874,0.0001384103326,0.0003317515034,0.00106211529,0.0005991920382,136.7447211
1578,0,6,18.55008263,2.946243489,0.0004111961267,0.000132056498,0.000316861101,0.001032678217,0.0005816670936,202.1756068
1579,0,6,18.96470189,3.012096149,0.0004525991662,0.0001341536739,0.0003415012207,0.001136478618,0.0006385628289,249.2636338
1580,0,6,19.38858844,3.079420686,0.0005337815917,0.000144297961,0.000398945313,0.001340150177,0.0007518152281,282.4397819
1581,0,6,19.82194943,3.148249998,0.0006363067795,0.0001606440912,0.0004755212236,0.001597427044,0.0008956263779,312.2610557
1582,0,6,20.26499662,3.218617714,0.0007436935412,0.0001804198259,0.0005593069855,0.001866929894,0.001046886208,337.3069834
1583,0,6,20.71794651,3.290558221,0.0008435741652,0.0002007304924,0.0006403570198,0.002117595715,0.00118808447,354.8682144
1584,0,3,10.38285315,1.649071898,0.0006045355348,0.0001475835245,0.0004714850692,0.001516836323,0.0008529851567,231.4788877
1585,0,4,10.61492386,1.685930887,0.0005311471511,0.0001239502053,0.0003408476274,0.001332286718,0.0007397036491,211.1669106
1586,0,4,10.85218167,1.723613721,0.0005741090584,0.0001278814649,0.0003338176211,0.001440166476,0.0007955294719,215.0160937
1587,0,4,11.0947425,1.762138812,0.0006458746659,0.0001421715867,0.0003897610256,0.001620413467,0.0008965238848,221.0623313
1588,0,4,11.34272489,1.801524986,0.0006764770261,0.0001510376885,0.0004346232209,0.001697234989,0.0009420638917,222.2976877
1589,0,4,11.59625002,1.84179149,0.0006794276863,0.0001536278484,0.0004478596656,0.001704588166,0.0009475524514,210.695029
1590,0,4,11.85544178,1.882957998,0.0006844485463,0.0001554139434,0.0004498939054,0.001717138739,0.0009544099331,205.2409913
1591,0,4,12.12042683,1.925044627,0.0006955565655,0.0001584665727,0.0004564846756,0.001744977826,0.0009698242706,196.534663
1592,0,4,12.39133464,1.968071942,0.0007019308547,0.0001613749498,0.0004655225438,0.001760924447,0.000979325654,186.107995
1593,0,4,12.66829761,2.012060969,0.000696664511,0.0001624809743,0.0004689229502,0.001747629586,0.0009728616822,173.7528662
1594,0,4,12.95145108,2.057033204,0.0006816194331,0.0001617076007,0.0004643621986,0.001709773368,0.0009525901036,159.0656873
1595,0,4,13.2409334,2.103010624,0.0006604429269,0.0001596335136,0.0004539352964,0.001656521659,0.0009235514302,144.1007758
1596,0,4,13.53688604,2.150015696,0.000634053743,0.0001565648742,0.000439684613,0.001590186814,0.0008872081732,129.5463152
1597,0,4,13.83945362,2.198071392,0.0006016599201,0.0001524101597,0.0004216937393,0.001508782321,0.0008425368268,115.7533036
1598,0,4,14.14878399,2.247201196,0.0005634601757,0.0001471143088,0.0003993897283,0.001412813264,0.0007897283494,114.6366976
1599,0,4,14.46502832,2.297429119,0.0005212041866,0.0001409307623,0.0003735381842,0.001306686225,0.0007311762696,111.5838304
1600,0,4,14.78834112,2.348779706,0.0004774921853,0.0001342820646,0.0003459090188,0.001196949315,0.0006705168105,106.564756
1601,0,5,15.11888041,2.401278054,0.0004374982039,0.0001279721191,0.0003189594608,0.00109663834,0.0006148439494,100.0993476
1602,0,5,15.45680769,2.454949819,0.0004075504485,0.0001230893347,0.0002972789981,0.001021688346,0.0005730336447,119.5548967
1603,0,5,15.80228809,2.50982123,0.0003925088546,0.0001202120784,0.0002855227775,0.0009843032059,0.0005520168028,142.3707887
1604,0,5,16.15549045,2.565919103,0.0003964006266,0.000119706444,0.0002872251416,0.0009945469292,0.0005574686014,165.448332
1605,0,5,16.51658736,2.623270852,0.0004204778211,0.0001218227064,0.0003036256057,0.001055469356,0.0005911527804,191.2159322
1606,0,5,16.88575526,2.681904501,0.0004621311702,0.000126697221,0.0003337685738,0.001160431158,0.000649542019,207.1262719
1607,0,5,17.26317457,2.741848703,0.0005153397888,0.0001339472574,0.0003740756525,0.001294275199,0.0007243269032,225.5812144
1608,0,5,17.6490297,2.803132748,0.0005735599491,0.000142776951,0.0004197304262,0.001440578951,0.0008063494309,236.6618887
1609,0,5,18.04350922,2.865786583,0.0006314143554,0.0001523346278,0.0004664157748,0.001585869848,0.0008880338925,244.4930338
1610,0,5,18.44680588,2.929840823,0.0006845775721,0.0001618527795,0.000510761747,0.001719316704,0.0009632977557,246.1939798
1611,0,5,18.85911676,2.995326768,0.0007296629475,0.0001706777466,0.0005499854677,0.001832439608,0.001027358,242.3722155
1612,0,5,19.28064334,3.062276417,0.0007641485644,0.0001783218545,0.0005818979041,0.001918925434,0.001076638485,232.5708831
1613,0,5,19.71159161,3.130722487,0.0007862645642,0.0001844306089,0.0006047238361,0.001974346569,0.001108598429,218.5152698
1614,0,3,9.878515762,1.568969815,0.0005443311122,0.0001397980288,0.000444239607,0.001367387174,0.0007718381243,126.8082942
1615,0,4,10.09931385,1.604038416,0.0004523087369,0.000112758515,0.0002872629922,0.00113659044,0.0006308041555,99.7963171
1616,0,4,10.32504708,1.639890851,0.0004781035084,0.0001133130492,0.0002656203459,0.00120121983,0.0006623643372,110.3695976
1617,0,4,10.55582575,1.676544637,0.0005348562161,0.0001245395288,0.000314647947,0.001343497627,0.0007425581576,119.9998323
1618,0,4,10.79176263,1.714017685,0.0005443403225,0.0001300553603,0.0003492021034,0.001367232822,0.0007590270883,113.9591685
1619,0,4,11.03297302,1.752328307,0.0005252349752,0.0001289237465,0.0003484224781,0.001319267354,0.0007338865181,95.88995972
1620,0,4,11.27957478,1.791495222,0.0005111349187,0.000126873495,0.0003358998339,0.001283862569,0.0007138780678,93.48691478
1621,0,4,11.53168842,1.83153757,0.0005057708912,0.0001264764381,0.0003305726449,0.001270364207,0.0007062053482,97.05073662
1622,0,4,11.78943714,1.872474917,0.000497873788,0.0001264448255,0.0003292932122,0.001250508705,0.0006957141372,100.2879427
1623,0,4,12.05294689,1.914327265,0.0004811458381,0.0001252749582,0.0003238561372,0.001208504789,0.0006731570683,101.3854149
1624,0,4,12.32234644,1.957115066,0.0004585559524,0.0001229410651,0.0003124736807,0.001151800405,0.0006421977969,100.8796612
1625,0,4,12.59776743,2.000859226,0.0004343652569,0.0001200987659,0.0002983721773,0.001091078141,0.0006088050499,99.46114998
1626,0,4,12.87934445,2.045581119,0.000410098513,0.0001170830196,0.00028386933,0.001030158653,0.0005752603477,97.0905929
1627,0,4,13.16721509,2.091302599,0.0003865155279,0.000114006053,0.0002698264947,0.0009709487254,0.0005426645829,93.42123362
1628,0,4,13.46152003,2.138046006,0.000365045848,0.0001109539994,0.0002570071287,0.0009170306394,0.0005129734688,88.24407608
1629,0,5,13.76240308,2.185834179,0.0003487443713,0.0001082122889,0.000246948706,0.0008760621127,0.000490357274,88.21808721
1630,0,5,14.07001127,2.234690469,0.0003410831758,0.0001061875556,0.0002419965463,0.0008567475313,0.0004796332428,107.7813229
1631,0,5,14.38449492,2.284638749,0.0003444481866,0.0001051548907,0.0002444007825,0.00086507101,0.0004841956472,126.1125947
1632,0,5,14.70600769,2.335703428,0.0003592774402,0.0001051826016,0.0002550724435,0.00090213463,0.0005047406514,140.254982
1633,0,5,15.03470671,2.387909458,0.0003842701124,0.0001062626731,0.0002734674867,0.0009646829114,0.0005395259171,150.5508816
1634,0,5,15.3707526,2.441282351,0.0004170834667,0.0001084030081,0.0002980869051,0.001046849133,0.0005853329693,158.011062
1635,0,5,15.71430956,2.49584819,0.0004548214938,0.0001115783923,0.0003270189752,0.001141374713,0.000638159458,164.2426696
1636,0,5,16.06554548,2.551633639,0.0004944846311,0.0001156382119,0.0003581026014,0.001240735137,0.0006938206541,166.0198918
1637,0,5,16.42463199,2.60866596,0.0005333663752,0.0001203373781,0.0003892798746,0.001338138246,0.0007485174617,164.418136
1638,0,5,16.79174458,2.666973024,0.0005691189495,0.0001253940182,0.0004187679961,0.001427691268,0.0007989507227,161.2965487
1639,0,5,17.16706262,2.726583324,0.0005997233706,0.0001305251635,0.0004449994749,0.001504326443,0.0008422777927,155.2855378
1640,0,5,17.55076952,2.787525992,0.0006235743564,0.0001354760827,0.0004665757032,0.001564015596,0.0008762186399,145.7883379
1641,0,5,17.94305278,2.84983081,0.0006395191227,0.0001400567655,0.0004823836713,0.001603868481,0.0008991230056,134.8695189
1642,0,5,18.34410411,2.913528226,0.0006466724147,0.0001441225366,0.0004916788532,0.001621667126,0.0009097401936,120.2977321
1643,0,5,18.75411947,2.978649371,0.0006444217123,0.0001474884536,0.0004937837091,0.001615879017,0.0009071823876,120.3984169
1644,0,5,19.17329922,3.04522607,0.000632612727,0.0001499753451,0.0004882621101,0.001586125209,0.0008911908515,129.3337944
1645,0,5,19.60184821,3.113290861,0.000611447474,0.0001514135158,0.0004751821885,0.001532922028,0.0008620385899,135.8321405
1646,0,5,20.03997584,3.18287701,0.0005814072528,0.0001515834226,0.0004549379823,0.001457485957,0.0008204032256,139.9777631
1647,0,5,20.48789621,3.254018527,0.0005437750711,0.0001503133418,0.0004282024392,0.001363050312,0.0007680411627,140.6745965
1648,0,5,20.9458282,3.326750182,0.0005016831822,0.0001476529824,0.0003964332682,0.00125750318,0.0007092180556,137.7420969
1649,0,5,21.41399559,3.401107523,0.0004596949401,0.0001439154116,0.0003629227914,0.001152325087,0.0006503070701,130.839992
1650,0,6,21.89262714,3.47712689,0.0004245071283,0.0001398651885,0.0003331816454,0.00106433593,0.0006007473583,121.5484098
1651,0,6,22.38195676,3.554845447,0.0004028326192,0.0001359123934,0.0003135081853,0.001010362036,0.0005700581383,128.4835431
1652,0,6,22.88222355,3.63430117,0.0004010161616,0.000132075118,0.0003097545456,0.001006249584,0.0005671736734,148.6291966
1653,0,6,23.39367197,3.715532889,0.000422045241,0.0001287127337,0.0003255822527,0.001059374512,0.000596440968,154.4364999
1654,0,6,23.91655195,3.798580296,0.0004622668403,0.0001266719584,0.0003589041217,0.001160490459,0.0006529331304,160.4545797
1655,0,6,24.451119,3.883483968,0.000513222356,0.0001267903949,0.0004030578254,0.001288380932,0.0007248886171,158.1022585
1656,0,6,24.99763435,3.97028539,0.0005658781205,0.0001294331129,0.0004501932699,0.001420432379,0.0007995738084,153.6323364
1657,0,6,25.55636504,4.059026967,0.0006128387275,0.0001344668173,0.0004937065942,0.001538142863,0.0008664990331,142.748802
1658,0,6,26.12758412,4.149752055,0.0006486714738,0.0001414027004,0.0005287232586,0.001627922669,0.0009179392553,125.7959939
1659,0,6,26.71157071,4.242504975,0.0006696155907,0.0001494625845,0.0005516408023,0.001680367253,0.0009485074834,123.9652783
1660,0,6,27.30861019,4.337331038,0.000673514237,0.0001576365551,0.0005600319843,0.001690089625,0.0009550535948,141.3379812
1661,0,6,27.91899429,4.434276567,0.0006595804695,0.0001647788073,0.0005528512869,0.001655132337,0.0009363901499,156.243206
1662,0,6,28.54302131,4.533388916,0.0006280783872,0.0001696676022,0.0005301316452,0.001576166371,0.0008928339073,165.4264008
1663,0,6,29.18099616,4.6347165,0.0005804429509,0.0001712234114,0.0004934932576,0.001456789727,0.0008264386516,167.8176757
1664,0,6,29.83323061,4.738308815,0.0005211013736,0.0001686902437,0.0004454041157,0.001308104803,0.0007432237283,162.8371526
1665,0,6,30.50004338,4.844216463,0.0004597140789,0.0001622869041,0.0003928931806,0.001154335074,0.0006566065391,150.024415
1666,0,7,31.1817603,4.952491181,0.0004136595194,0.0001536846889,0.0003485020734,0.001039020865,0.0005907095805,133.6324133
1667,0,7,31.87871452,5.06318585,0.0003975434156,0.0001433398431,0.000327057463,0.0009986370554,0.0005663103457,145.6759796
1668,0,7,32.5912466,5.176354561,0.0004185998991,0.0001316264771,0.0003390267765,0.00105120228,0.0005942467489,151.7809536
1669,0,7,33.31970472,5.29205262,0.0004693551436,0.0001213881613,0.0003807190068,0.00117806532,0.0006647958705,147.850979
1670,0,7,34.06444487,5.410336577,0.0005316246129,0.0001173548932,0.0004367321345,0.00133378143,0.0007526793409,136.87159
1671,0,7,34.82583095,5.531264255,0.0005880171959,0.0001224099,0.0004904882393,0.00147481086,0.0008331257695,119.4206757
1672,0,6,35.60423504,5.654894775,0.0006155401403,0.0001334212255,0.00052424855,0.001543514131,0.0008737796209,121.7557986
1673,0,7,36.4000375,5.781288622,0.000627067035,0.0001485596236,0.0005382570599,0.001572192927,0.0008911781935,144.7937645
1674,0,7,37.21362722,5.910507528,0.0006243485541,0.0001653489467,0.0005372835696,0.0015652587,0.000888236993,167.3815203
1675,0,7,38.04540176,6.042614722,0.0005952226284,0.0001783902341,0.0005166346674,0.001492223474,0.0008484920933,179.1411447
1676,0,7,38.89576758,6.177674807,0.0005396143274,0.0001833112388,0.00047137264,0.001352963776,0.0007709555396,176.1952541
1677,0,7,39.76514022,6.315753825,0.000472982545,0.0001793253191,0.0004109142865,0.001186288525,0.0006767571709,159.8345889
1678,0,7,40.6539445,6.456919287,0.0004104172705,0.0001669906458,0.0003531871684,0.001029924013,0.000587752682,143.9750658
1679,0,8,41.56261475,6.601240204,0.0003813113897,0.0001496652797,0.0003194824976,0.0009574669365,0.0005446581663,155.5322186
1680,0,8,42.491595,6.748787144,0.0004029257175,0.0001308929488,0.0003304761789,0.001011890055,0.0005728477297,146.9974821
1681,0,8,43.44133921,6.899632184,0.0004569856122,0.0001167483671,0.0003785372633,0.001147310993,0.0006484749425,131.901129
1682,0,8,44.41231147,7.053849004,0.0005126130302,0.0001162360969,0.0004343677015,0.001286544491,0.0007280375978,105.1607024
1683,0,8,45.40498627,7.211512908,0.0005500747278,0.0001309582282,0.0004751142933,0.001380303725,0.0007827362627,125.8355656
1684,0,8,46.41984869,7.372700868,0.0005596144457,0.0001516402144,0.0004899574196,0.001404195844,0.0007981208122,154.659961
1685,0,8,47.45739464,7.537491565,0.0005367028031,0.0001682172427,0.00047616814,0.001346852984,0.0007676418432,168.3264369
1686,0,8,48.51813114,7.705965436,0.000484511781,0.0001743535047,0.0004354568409,0.001216201831,0.0006953273267,165.2410025
1687,0,8,48.64072057,7.725436486,0.0004147297624,0.0001669491428,0.0003753615162,0.00104151767,0.0005969774111,146.7848816
1688,0,9,48.75284901,7.743245783,0.0003658699358,0.0001501230151,0.0003233108117,0.0009192314594,0.0005258122494,136.8114806
1689,0,9,48.86523593,7.761095825,0.0003528686064,0.0001282069579,0.0003023556039,0.0008864784426,0.0005045335018,143.2052469
1690,0,9,48.97788194,7.778986711,0.0003701678283,0.0001078030577,0.0003138103595,0.000929308539,0.0005269575464,124.7205652
1691,0,9,49.09078762,7.796918583,0.0003991466958,0.0001000009895,0.0003403856575,0.001001348969,0.0005674240997,102.9092919
1692,0,8,49.20395357,7.814891603,0.0004094872631,0.0001071576093,0.0003565814152,0.00102679497,0.0005832282546,92.78131301
1693,0,8,49.3173804,7.832905993,0.000399163165,0.0001197648465,0.000352873399,0.001000618183,0.0005699629888,112.736305
1694,0,8,49.4310687,7.850961892,0.0003771926719,0.0001301977303,0.0003341463174,0.0009454657442,0.0005396260269,123.053702
1695,0,9,49.54501908,7.869059476,0.0003562404239,0.0001367929285,0.0003094853437,0.0008931883135,0.0005097023853,123.8431695
1696,0,9,49.65923215,7.887198894,0.0003362674952,0.0001372230188,0.0002849701941,0.0008437019205,0.0004808708058,122.0977379
1697,0,9,49.7737085,7.905380337,0.0003134314632,0.0001286131232,0.0002673917622,0.0007870578966,0.0004488148574,125.9362392
1698,0,9,49.88844875,7.923603934,0.0003001193962,0.0001136707959,0.0002593622612,0.0007540707793,0.0004297918754,122.9526384
1699,0,9,50.0034535,7.941869785,0.0003028224242,0.0001002907175,0.0002632601577,0.0007609550953,0.0004330468266,112.520639
1700,0,9,50.11872336,7.96017797,0.0003082961021,9.416515154e-05,0.00027104386,0.0007745799774,0.0004408379742,92.38724579
1701,0,9,50.23425895,7.978528543,0.0003036359347,9.520311076e-05,0.0002706828013,0.0007627044322,0.0004348119257,67.941002
1702,0,9,50.35006088,7.996921543,0.0002862904609,9.952066551e-05,0.0002571344577,0.0007190437321,0.0004107945377,84.20995448
1703,0,9,50.46612976,8.015356997,0.000259987226,0.0001027740896,0.0002330377612,0.0006530151598,0.0003737951539,89.48906769
1704,0,10,50.5824662,8.033834933,0.0002354544094,0.0001031168243,0.0002093689055,0.0005915243908,0.0003390458309,86.39698699
1705,0,10,50.69907083,8.052355401,0.0002258175654,9.991872267e-05,0.0001949213062,0.0005674272827,0.0003244015108,84.17725304
1706,0,11,50.81594426,8.070918422,0.00023979495,9.494201145e-05,0.0002026615733,0.0006024557413,0.0003429796776,101.084458
1707,0,10,50.93308711,8.089524064,0.0002565054687,8.903735039e-05,0.0002196439633,0.0006441477475,0.0003663647419,100.3607207
1708,0,10,51.0505,8.108172414,0.0002624710822,8.485349644e-05,0.000230097929,0.0006587750979,0.0003751735836,91.21162977
1709,0,9,51.16818355,8.126863589,0.0002499429567,8.291672737e-05,0.0002246623622,0.0006269792633,0.0003580931579,72.57817231
1710,0,9,51.2861384,8.145597734,0.0002228098524,8.208483113e-05,0.0002040468403,0.0005585667516,0.0003201617087,52.59546697
1711,0,10,51.40436516,8.16437498,0.0001891625329,8.155231538e-05,0.0001740513667,0.0004738895182,0.0002726253829,57.70843709
1712,0,11,51.52286446,8.183195456,0.0001566397022,8.105084133e-05,0.0001418808551,0.0003922854452,0.0002264526897,57.51517751
1713,0,12,51.64163693,8.202059316,0.0001481292163,8.059479951e-05,0.0001206306444,0.0003714973727,0.0002127203779,69.78183019
1714,0,12,51.7606832,8.220966714,0.0001737238701,8.069405004e-05,0.0001324194326,0.0004364572186,0.00024734658,97.91971427
1715,0,11,51.88000389,8.239917794,0.0001951677526,7.984823952e-05,0.0001607304215,0.000490622905,0.0002788419339,87.42369401
1716,0,10,51.99959965,8.258912669,0.0002000486506,7.798921143e-05,0.0001763660527,0.0005029871212,0.0002873163798,83.8943965
1717,0,10,52.11947111,8.277951431,0.0001945877438,7.645406506e-05,0.0001765795974,0.0004893068332,0.0002803172958,74.31931674
1718,0,10,52.2396189,8.297034171,0.0001777895898,7.468699271e-05,0.0001649904277,0.0004471355886,0.0002570697186,49.31999904
1719,0,11,52.36004366,8.316160969,0.0001480083605,7.180350343e-05,0.0001418164008,0.0003723803743,0.0002155465452,40.65773157
1720,0,12,52.48074602,8.335331908,0.0001106312859,6.804945913e-05,0.0001086112837,0.000278593091,0.0001630034751,37.47730381
1721,0,14,52.60172664,8.354547058,8.544743205e-05,6.489000147e-05,8.123717016e-05,0.0002153186647,0.0001269582423,44.11840127
1722,0,15,52.72298614,8.373806492,0.0001008681586,6.355576892e-05,8.08461103e-05,0.0002536167735,0.0001458349088,58.23659806
1723,0,14,52.84452518,8.39311028,0.0001349558102,6.483554303e-05,0.0001091050453,0.0003388432856,0.0001930902648,67.50388794
1724,0,12,52.96634439,8.412458504,0.0001514861004,6.632626578e-05,0.0001301989427,0.0003800938282,0.0002172385181,79.53355017
1725,0,12,53.08844442,8.431851269,0.0001501590492,6.682893621e-05,0.0001348504389,0.0003765667051,0.0002162180445,61.82198813
1726,0,12,53.21082593,8.45128869,0.0001355530238,6.603082894e-05,0.0001253350828,0.000339749284,0.0001961333421,54.57312122
1727,0,12,53.33348955,8.470770881,0.0001089133735,6.396731117e-05,0.0001048295445,0.0002727486255,0.000159165783,33.76648402
1728,0,13,53.45643594,8.490297965,7.579252526e-05,6.135168821e-05,7.699305241e-05,0.0001895378801,0.0001133149092,34.75703444
1729,0,15,53.57966575,8.50987006,5.535541269e-05,5.952185137e-05,5.210454773e-05,0.0001385588994,8.444010451e-05,38.43745914
1730,0,17,53.70317964,8.529487285,7.297172711e-05,5.965556867e-05,5.36520994e-05,0.000183475961,0.0001065664533,45.58965386
1731,0,16,53.82697825,8.549149755,9.593346408e-05,6.10847315e-05,7.548378362e-05,0.0002414236366,0.0001386702454,80.33785461
1732,0,14,53.95106225,8.568857583,0.0001027778047,6.197823551e-05,9.028404249e-05,0.0002587276222,0.0001495792179,46.10405677
1733,0,14,54.07543229,8.588610867,9.941816144e-05,6.19341471e-05,9.152666316e-05,0.0002503645782,0.0001455844785,50.07329103
1734,0,14,54.20008904,8.608409709,8.780218758e-05,6.106559525e-05,8.373796561e-05,0.0002212602663,0.0001298136967,47.40538656
1735,0,14,54.32503315,8.628254204,6.97209578e-05,5.948408799e-05,6.957835863e-05,0.000175938682,0.0001051129589,40.40558356
1736,0,16,54.45026528,8.64814445,5.117860662e-05,5.772403968e-05,5.270073391e-05,0.0001293937221,7.979883649e-05,47.91032037
1737,0,17,54.57578611,8.668080546,4.424214244e-05,5.648852077e-05,4.329430427e-05,0.0001116301714,6.979257142e-05,37.38051904
1738,0,18,54.70159629,8.688062594,5.373580971e-05,5.622710088e-05,4.63832329e-05,0.000134974644,8.126897153e-05,69.69452572
1739,0,17,54.82769649,8.708090694,6.573526037e-05,5.682153373e-05,5.689725331e-05,0.0001648345591,9.741347502e-05,71.09812085
1740,0,16,54.95408739,8.728164955,6.953577016e-05,5.744436381e-05,6.250072179e-05,0.0001742215214,0.0001029496928,43.91210406
1741,0,16,55.08076964,8.748285483,6.54502629e-05,5.760496266e-05,6.129301437e-05,0.0001638471563,9.773023186e-05,59.83421395
1742,0,16,55.20774393,8.76845239,5.623370903e-05,5.732221373e-05,5.404109041e-05,0.0001406616279,8.537300398e-05,65.05844385
1743,0,17,55.33501092,8.788665786,4.315801527e-05,5.674133838e-05,4.396936893e-05,0.0001078805172,6.828928384e-05,48.75316957
1744,0,18,55.4625713,8.808925782,3.601891745e-05,5.621177394e-05,3.476776027e-05,9.025058895e-05,5.876030102e-05,65.45036178
1745,0,19,55.59042573,8.829232485,3.62948984e-05,5.595022928e-05,3.42495664e-05,9.129973734e-05,5.90686521e-05,61.16187131
1746,0,19,55.71857489,8.849586002,4.296398715e-05,5.594816198e-05,3.778133507e-05,0.0001082747625,6.731818939e-05,85.10065739
1747,0,18,55.84701947,8.869986438,4.497666755e-05,5.609068136e-05,4.202121542e-05,0.0001135002432,7.038670489e-05,63.77949477
1748,0,18,55.97576015,8.890433897,4.423175684e-05,5.616656995e-05,4.235048103e-05,0.0001118132355,6.965431568e-05,62.39865861
1749,0,18,56.1047976,8.910928485,3.952304328e-05,5.608851209e-05,3.919890293e-05,0.0001001430615,6.378318528e-05,82.19939919
1750,0,19,56.23413252,8.93147031,3.21878095e-05,5.575569882e-05,3.50725811e-05,8.179849341e-05,5.492229169e-05,52.42976333
1751,0,20,56.36376558,8.952059479,2.883628405e-05,5.54176355e-05,2.875942974e-05,7.326510402e-05,5.02432231e-05,73.42505554
1752,0,20,56.49369748,8.972696104,2.517723221e-05,5.512798231e-05,2.830225443e-05,6.389533775e-05,4.625099796e-05,33.62414769
1753,0,21,56.6239289,8.993380297,3.149927075e-05,5.507589224e-05,2.805525815e-05,7.944896742e-05,5.273706926e-05,66.88958751
1754,0,20,56.75446054,9.014112172,3.064502761e-05,5.510289496e-05,3.208444948e-05,7.702414008e-05,5.229143526e-05,41.5208023
1755,0,20,56.88529308,9.034891843,3.388004502e-05,5.516342038e-05,3.197014276e-05,8.498063305e-05,5.575539978e-05,52.0567304
1756,0,20,57.01642723,9.055719422,3.082722627e-05,5.525017921e-05,3.085567388e-05,7.722366421e-05,5.224573453e-05,63.75131295
1757,0,20,57.14786367,9.076595024,2.473047993e-05,5.518627786e-05,2.848117972e-05,6.199979719e-05,4.558583758e-05,47.36464176
1758,0,21,57.2796031,9.097518758,2.605767354e-05,5.51743945e-05,2.344498384e-05,6.553875536e-05,4.628231811e-05,65.3847709
1759,0,21,57.41164622,9.118490735,2.063506511e-05,5.502882408e-05,2.42377492e-05,5.199600488e-05,4.106406702e-05,53.70662504
1760,0,22,57.54399373,9.139511063,2.463391952e-05,5.490556439e-05,2.455377868e-05,6.21937478e-05,4.497888756e-05,64.64519825
1761,0,21,57.67664634,9.160579849,2.907474163e-05,5.492913189e-05,2.532397474e-05,7.347263678e-05,4.975460326e-05,68.6559418
1762,0,20,57.80960474,9.1816972,2.632309694e-05,5.487455314e-05,2.855551608e-05,6.671146101e-05,4.735493254e-05,72.35922932
1763,0,21,57.94286964,9.202863224,3.017719618e-05,5.485545287e-05,2.868566923e-05,7.64167205e-05,5.143482932e-05,65.6717106
1764,0,20,58.07644175,9.224078032,3.07425189e-05,5.48519933e-05,2.696558045e-05,7.778264983e-05,5.179557602e-05,92.13924769
1765,0,20,58.21032178,9.245341734,2.370172786e-05,5.473334866e-05,2.99882712e-05,6.022171061e-05,4.495403819e-05,64.90967336
1766,0,21,58.34451043,9.266654444,3.32606102e-05,5.47779208e-05,2.496000271e-05,8.411587909e-05,5.432626356e-05,88.86652813
1767,0,20,58.47900841,9.288016277,2.694074307e-05,5.474433584e-05,2.839761038e-05,6.81828146e-05,4.790111279e-05,88.7824647
1768,0,21,58.61381645,9.30942735,2.994717511e-05,5.463798342e-05,3.005622212e-05,7.563225671e-05,5.124879821e-05,66.05105368
1769,0,20,58.74893525,9.33088778,3.646400452e-05,5.479725455e-05,2.601649513e-05,9.187625797e-05,5.798807535e-05,103.2321741
1770,0,20,58.88436554,9.352397685,2.566428813e-05,5.473076721e-05,3.213149265e-05,6.472585652e-05,4.710621479e-05,71.24444532
1771,0,21,59.02010802,9.373957183,3.754850463e-05,5.481428868e-05,2.742702917e-05,9.465313705e-05,5.942632987e-05,94.2978121
1772,0,19,59.15616342,9.39556639,3.065649672e-05,5.485030386e-05,2.965208221e-05,7.733862383e-05,5.198289464e-05,106.9967333
1773,0,20,59.29253246,9.41722542,2.947628344e-05,5.463302189e-05,3.136370124e-05,7.440589417e-05,5.092528156e-05,63.71758873
1774,0,20,59.42921586,9.438934389,3.775839926e-05,5.474870543e-05,2.419741263e-05,9.517282802e-05,5.930113707e-05,106.3583243
1775,0,20,59.56621435,9.46069341,2.250353377e-05,5.455888253e-05,3.187899715e-05,5.696384453e-05,4.40006555e-05,84.72472508
1776,0,21,59.70352866,9.482502595,3.784456289e-05,5.457025493e-05,2.597246195e-05,9.555404846e-05,5.961390069e-05,95.8506804
1777,0,20,59.84115951,9.504362057,3.069051716e-05,5.459512236e-05,2.946837427e-05,7.759252578e-05,5.198923054e-05,111.4670523
1778,0,20,59.97910763,9.526271908,2.892154791e-05,5.433120517e-05,3.20884778e-05,7.315728971e-05,5.042319713e-05,63.94127506
1779,0,21,60.11737375,9.548232264,3.892375122e-05,5.448119154e-05,2.399142311e-05,9.816581172e-05,6.061223807e-05,105.6740419
1780,0,20,60.25595861,9.570243238,2.129868723e-05,5.429085355e-05,3.196564392e-05,5.399069168e-05,4.283085347e-05,79.94529736
1781,0,22,60.39486294,9.592304947,3.73891512e-05,5.433495345e-05,2.613536579e-05,9.441472514e-05,5.904962629e-05,94.64711033
1782,0,20,60.53408748,9.614417508,3.11678843e-05,5.442700588e-05,2.86825582e-05,7.874946402e-05,5.234000193e-05,112.7189222
1783,0,21,60.67363296,9.636581042,2.70692755e-05,5.417226164e-05,3.176213415e-05,6.84485408e-05,4.837720411e-05,62.50631949
1784,0,21,60.81350013,9.658795666,3.926799944e-05,5.435394332e-05,2.290884847e-05,9.896568594e-05,6.085915968e-05,105.9642769
1785,0,20,60.95368972,9.681061501,2.15950454e-05,5.421273561e-05,3.171211291e-05,5.460468571e-05,4.299039571e-05,82.72552696
1786,0,22,61.09420249,9.703378666,3.689694e-05,5.425889788e-05,2.661060952e-05,9.31466891e-05,5.850179999e-05,89.23648493
1787,0,20,61.23503917,9.725747281,3.249996287e-05,5.437294013e-05,2.788138847e-05,8.207746113e-05,5.368134139e-05,115.1838259
1788,0,20,61.37620052,9.748167465,2.561661785e-05,5.407153898e-05,3.180331659e-05,6.482107793e-05,4.688594013e-05,59.32580661
1789,0,21,61.51768727,9.770639337,3.914999056e-05,5.420276125e-05,2.232722856e-05,9.869158593e-05,6.06407358e-05,103.8735663
1790,0,20,61.65950019,9.793163015,2.196371657e-05,5.405492145e-05,3.118635992e-05,5.555785783e-05,4.319607618e-05,87.96354414
1791,0,22,61.80164001,9.815738618,3.571112963e-05,5.405451063e-05,2.715927208e-05,9.019360433e-05,5.716136637e-05,85.88256781
1792,0,20,61.94410751,9.838366264,3.331262446e-05,5.417575733e-05,2.708538253e-05,8.413686003e-05,5.444578219e-05,113.9899967
1793,0,20,62.08690342,9.861046071,2.424756078e-05,5.387115817e-05,3.194944145e-05,6.140705021e-05,4.550175412e-05,55.32125237
1794,0,22,62.23002852,9.883778159,3.906109811e-05,5.399031387e-05,2.214817088e-05,9.846345745e-05,6.046965624e-05,102.0559801
1795,0,20,62.37348355,9.906562648,2.243667485e-05,5.387984298e-05,3.086330021e-05,5.669444255e-05,4.351219649e-05,93.17700305
1796,0,22,62.51726928,9.929399658,3.467801775e-05,5.388493431e-05,2.7686293e-05,8.758248308e-05,5.599860093e-05,81.95641336
1797,0,20,62.66138647,9.952289312,3.401957375e-05,5.404762733e-05,2.62390899e-05,8.59002166e-05,5.510402542e-05,114.4064802
1798,0,20,62.80583588,9.975231729,2.259852037e-05,5.374897729e-05,3.187818144e-05,5.727911013e-05,4.386559185e-05,49.7527357
1799,0,22,62.95061829,9.998227034,3.894995759e-05,5.386964422e-05,2.158838342e-05,9.818528972e-05,6.026078157e-05,100.7778242
1800,0,20,63.09573445,10.02127535,2.283314845e-05,5.379004051e-05,3.035859287e-05,5.768663193e-05,4.377245935e-05,96.13138429
1801,0,22,63.24118514,10.0443768,3.351253142e-05,5.37689088e-05,2.815043377e-05,8.467843857e-05,5.471990085e-05,77.61584858
1802,0,21,63.38697113,10.0675315,3.494685891e-05,5.39464121e-05,2.517944896e-05,8.82533367e-05,5.602266152e-05,115.509898
1803,0,20,63.53309319,10.09073958,2.077974049e-05,5.36221194e-05,3.181095392e-05,5.277519166e-05,4.214346613e-05,45.36266446
1804,0,22,63.67955209,10.11400116,3.879864574e-05,5.370808473e-05,2.139206556e-05,9.782134765e-05,6.003442721e-05,100.2742696
1805,0,20,63.82634862,10.13731637,2.383763168e-05,5.365026396e-05,2.998365901e-05,6.019981917e-05,4.463636842e-05,99.27398544
1806,0,22,63.97348355,10.16068532,3.18969893e-05,5.358936272e-05,2.875596786e-05,8.06257814e-05,5.295436723e-05,73.84485431
1807,0,21,64.12095766,10.18410814,3.570943761e-05,5.377454261e-05,2.403844579e-05,9.016456039e-05,5.673261891e-05,115.8214867
1808,0,21,64.26877173,10.20758496,1.899872076e-05,5.34501878e-05,3.149951365e-05,4.831277123e-05,4.044816804e-05,38.5763763
1809,0,23,64.41692655,10.2311159,3.815086289e-05,5.352285524e-05,2.167134059e-05,9.61817071e-05,5.924683991e-05,99.23257213
1810,0,20,64.5654229,10.25470108,2.52606848e-05,5.352175831e-05,2.958034633e-05,6.373738718e-05,4.593509612e-05,102.0266812
1811,0,22,64.71426157,10.27834063,3.016969202e-05,5.343582967e-05,2.927252589e-05,7.628729405e-05,5.109361559e-05,67.96233619
1812,0,21,64.86344335,10.30203467,3.610810155e-05,5.363441883e-05,2.296108626e-05,9.117369027e-05,5.705326275e-05,116.3826024
1813,0,21,65.01296903,10.32578333,1.793678995e-05,5.332926878e-05,3.106630692e-05,4.567683717e-05,3.942470108e-05,42.89336283
1814,0,23,65.16283941,10.34958674,3.696552911e-05,5.337525792e-05,2.191126742e-05,9.321519579e-05,5.784579688e-05,95.1626693
1815,0,21,65.31305526,10.37344502,2.636158871e-05,5.340759949e-05,2.867577743e-05,6.650815257e-05,4.688533782e-05,103.5537176
1816,0,22,65.46361741,10.3973583,2.838432646e-05,5.330204316e-05,2.951945847e-05,7.180695506e-05,4.917930209e-05,68.51088042
1817,0,22,65.61452663,10.4213267,3.596623052e-05,5.349414759e-05,2.220997515e-05,9.082105513e-05,5.678234896e-05,116.2923627
1818,0,21,65.76578374,10.44535036,1.776964751e-05,5.321908226e-05,3.060617758e-05,4.525764889e-05,3.915681288e-05,43.60072104
1819,0,23,65.91738952,10.46942939,3.575971664e-05,5.323969722e-05,2.228677012e-05,9.018384789e-05,5.644255761e-05,94.83424873
1820,0,21,66.0693448,10.49356394,2.696912526e-05,5.329116903e-05,2.805960038e-05,6.802066561e-05,4.738521536e-05,102.878544
1821,0,22,66.22165037,10.51775412,2.732998167e-05,5.317693063e-05,2.944484284e-05,6.913528109e-05,4.801405969e-05,72.56535127
1822,0,22,66.37430704,10.54200006,3.532995023e-05,5.335711153e-05,2.210353995e-05,8.92141058e-05,5.599756666e-05,115.9626954
1823,0,21,66.52731562,10.5663019,1.832755895e-05,5.31163887e-05,3.015463994e-05,4.661993996e-05,3.949674442e-05,48.53698194
1824,0,23,66.68067692,10.59065976,3.476769709e-05,5.312297237e-05,2.256203077e-05,8.767493649e-05,5.528739159e-05,98.08316037
1825,0,21,66.83439176,10.61507377,2.685600622e-05,5.317715286e-05,2.787824916e-05,6.772505467e-05,4.720416948e-05,101.112782
1826,0,22,66.98846094,10.63954405,2.728664849e-05,5.307994337e-05,2.894314199e-05,6.90104832e-05,4.785967466e-05,78.53832525
1827,0,22,67.14288529,10.66407075,3.422690853e-05,5.324790047e-05,2.260122829e-05,8.644231676e-05,5.474922333e-05,115.1986669
1828,0,21,67.29766563,10.68865399,1.943668781e-05,5.302085135e-05,2.972599655e-05,4.937635462e-05,4.034431427e-05,56.61976698
1829,0,23,67.45280277,10.71329389,3.410480963e-05,5.302349189e-05,2.269241662e-05,8.600420635e-05,5.451215005e-05,104.7618536
1830,0,21,67.60829754,10.7379906,2.613647119e-05,5.305673777e-05,2.812577516e-05,6.592598035e-05,4.646349821e-05,104.4471357
1831,0,22,67.76415076,10.76274424,2.820590944e-05,5.297826204e-05,2.808936309e-05,7.130747229e-05,4.86724704e-05,85.08626281
1832,0,22,67.92036326,10.78755494,3.275583243e-05,5.312618549e-05,2.368143745e-05,8.274555032e-05,5.315771985e-05,112.6549857
1833,0,21,68.07693587,10.81242284,2.117967428e-05,5.291738973e-05,2.936183033e-05,5.371038705e-05,4.182030456e-05,60.78436257
1834,0,23,68.23386941,10.83734806,3.383880165e-05,5.293193023e-05,2.293496599e-05,8.53165116e-05,5.420279871e-05,112.234811
1835,0,21,68.39116473,10.86233074,2.528648547e-05,5.293197173e-05,2.883515031e-05,6.378905263e-05,4.56664787e-05,106.1205297
1836,0,23,68.54882265,10.88737101,2.990524982e-05,5.289265086e-05,2.71203287e-05,7.556419748e-05,5.034236946e-05,99.68201529
1837,0,22,68.706844,10.91246901,3.122689836e-05,5.30168934e-05,2.518460614e-05,7.890740692e-05,5.159106856e-05,109.0131064
1838,0,22,68.86522963,10.93762486,2.368746758e-05,5.281644796e-05,2.912990861e-05,5.997042693e-05,4.414656549e-05,77.7531618
1839,0,23,69.02398038,10.96283871,3.408855316e-05,5.285367692e-05,2.36641356e-05,8.593155262e-05,5.454301896e-05,119.2616169
1840,0,21,69.18309709,10.98811067,2.512979838e-05,5.282390592e-05,2.996998702e-05,6.341142482e-05,4.566475863e-05,105.8073467
1841,0,23,69.3425806,11.0134409,3.158771429e-05,5.281948562e-05,2.617243157e-05,7.979563317e-05,5.205771077e-05,108.8592753
1842,0,22,69.50243176,11.03882951,2.946491435e-05,5.289726053e-05,2.657833439e-05,7.449926651e-05,4.980675135e-05,115.24988
1843,0,22,69.66265141,11.06427666,2.593639147e-05,5.270743841e-05,2.810573169e-05,6.558102043e-05,4.621031503e-05,91.1143166
1844,0,23,69.82324041,11.08978246,3.299579e-05,5.275140684e-05,2.449981844e-05,8.317748008e-05,5.336236356e-05,120.9758079
1845,0,22,69.9841996,11.11534706,2.561665211e-05,5.269696853e-05,3.019790586e-05,6.466454935e-05,4.616979754e-05,101.3481842
1846,0,23,70.14552984,11.1409706,3.242531943e-05,5.27290474e-05,2.554828693e-05,8.190657142e-05,5.28988544e-05,109.7634229
1847,0,22,70.30723199,11.1666532,2.781675041e-05,5.275046008e-05,2.777013669e-05,7.036691515e-05,4.816395406e-05,119.1875178
1848,0,23,70.4693069,11.19239501,2.825708684e-05,5.25957814e-05,2.694198494e-05,7.137571263e-05,4.84384715e-05,94.99145728
1849,0,22,70.63175543,11.21819616,3.149599963e-05,5.262486708e-05,2.560274272e-05,7.939696951e-05,5.177053658e-05,113.1952936
1850,0,22,70.79457844,11.24405679,2.666838248e-05,5.257362556e-05,2.98852492e-05,6.733761365e-05,4.717698343e-05,88.62166988
1851,0,23,70.9577768,11.26997703,3.273363886e-05,5.263753164e-05,2.51526663e-05,8.267850229e-05,5.317563402e-05,114.6884427
1852,0,22,71.12135137,11.29595702,2.637433982e-05,5.259753703e-05,2.89741341e-05,6.674126332e-05,4.678675929e-05,114.5728037
1853,0,23,71.28530301,11.32199691,3.091637061e-05,5.249233859e-05,2.574470346e-05,7.801574731e-05,5.113832752e-05,102.8575958
1854,0,22,71.44963261,11.34809682,2.961536262e-05,5.250206415e-05,2.720802905e-05,7.466097446e-05,4.987001703e-05,117.185548
1855,0,22,71.61434102,11.3742569,2.872711648e-05,5.246376864e-05,2.937778368e-05,7.253480822e-05,4.924948431e-05,83.57549466
1856,0,23,71.77942913,11.40047729,3.250253891e-05,5.255942238e-05,2.512441054e-05,8.209722323e-05,5.289162973e-05,113.7255999
1857,0,22,71.9448978,11.42675812,2.550456341e-05,5.245251763e-05,2.97637127e-05,6.45516806e-05,4.597430647e-05,92.50675348
1858,0,23,72.11074792,11.45309953,3.364821398e-05,5.242051784e-05,2.448721595e-05,8.48349602e-05,5.402940683e-05,111.4618655
1859,0,22,72.27698036,11.47950166,2.720669011e-05,5.238735371e-05,2.924110939e-05,6.859755925e-05,4.755340795e-05,117.3351097
1860,0,23,72.44359601,11.50596466,3.22895699e-05,5.238641439e-05,2.838586669e-05,8.149726797e-05,5.299649717e-05,92.21417578
1861,0,22,72.61059574,11.53248867,3.177042543e-05,5.24978753e-05,2.679552399e-05,8.023834628e-05,5.225317972e-05,114.5305943
1862,0,22,72.77798045,11.55907381,2.680441961e-05,5.231668474e-05,3.011126427e-05,6.776940818e-05,4.731514909e-05,65.88071537
1863,0,23,72.94575103,11.58572024,3.603334534e-05,5.236283803e-05,2.438547445e-05,9.079467892e-05,5.674194627e-05,118.0361868
1864,0,22,73.11390835,11.6124281,2.526424433e-05,5.228046321e-05,3.13565844e-05,6.372384619e-05,4.586799765e-05,104.0163288
1865,0,23,73.28245331,11.63919753,3.610403106e-05,5.232805828e-05,2.667937938e-05,9.109691302e-05,5.712303298e-05,105.480114
1866,0,22,73.45138682,11.66602866,3.041326679e-05,5.242197413e-05,2.933579006e-05,7.681793682e-05,5.10749796e-05,119.352693
1867,0,22,73.62070975,11.69292165,2.983183134e-05,5.220135994e-05,3.005053952e-05,7.53201459e-05,5.04754382e-05,77.84215141
1868,0,23,73.79042301,11.71987663,3.776684581e-05,5.232387372e-05,2.536921874e-05,9.511495769e-05,5.885272899e-05,123.6445559
1869,0,21,73.96052751,11.74689375,2.500286898e-05,5.21949012e-05,3.340723387e-05,6.30757523e-05,4.594574238e-05,85.16164134
1870,0,23,74.13102413,11.77397315,3.894057248e-05,5.228791166e-05,2.511570485e-05,9.823610105e-05,6.027338565e-05,111.8828503
1871,0,21,74.30191379,11.80111498,2.901015279e-05,5.232408448e-05,3.094616532e-05,7.329590614e-05,4.977286858e-05,116.2023427
1872,0,23,74.47319739,11.82831937,3.254817752e-05,5.210759621e-05,2.967480585e-05,8.211567917e-05,5.338109288e-05,90.21147026
1873,0,22,74.64487584,11.85558647,3.833443449e-05,5.225321057e-05,2.671785627e-05,9.652362237e-05,5.964599819e-05,126.1920698
1874,0,21,74.81695005,11.88291644,2.624282461e-05,5.210112152e-05,3.466036907e-05,6.619781833e-05,4.739911667e-05,69.09336912
1875,0,23,74.98942093,11.9103094,4.026538571e-05,5.221373458e-05,2.446316585e-05,0.0001015577528,6.176568424e-05,115.1672362
1876,0,21,75.1622894,11.93776551,2.790791633e-05,5.218104988e-05,3.173437838e-05,7.051443869e-05,4.868539461e-05,110.8613341
1877,0,23,75.33555637,11.96528492,3.414064266e-05,5.198552004e-05,2.869994028e-05,8.608371856e-05,5.500493375e-05,96.77848437
1878,0,22,75.50922277,11.99286776,3.740493319e-05,5.213153008e-05,2.743399527e-05,9.416803293e-05,5.860261935e-05,124.1130241
1879,0,22,75.6832895,12.02051419,2.753292619e-05,5.199033689e-05,3.469684359e-05,6.944498753e-05,4.870198765e-05,67.86370707
1880,0,23,75.8577575,12.04822435,4.037680379e-05,5.212160167e-05,2.438852121e-05,0.000101830911,6.186938268e-05,113.9529975
1881,0,21,76.03262769,12.07599838,2.702969479e-05,5.20366428e-05,3.217282396e-05,6.83057396e-05,4.779953258e-05,106.1395639
1882,0,23,76.207901,12.10383645,3.523190203e-05,5.187280283e-05,2.772802614e-05,8.880661139e-05,5.609708605e-05,99.13562619
1883,0,22,76.38357836,12.13173868,3.614251576e-05,5.199429895e-05,2.808914882e-05,9.097944416e-05,5.717505599e-05,124.2727824
1884,0,22,76.55966069,12.15970524,2.87598903e-05,5.187148259e-05,3.439429386e-05,7.252794227e-05,4.990253464e-05,74.21440703
1885,0,23,76.73614894,12.18773626,4.003577632e-05,5.201763962e-05,2.447264966e-05,0.0001009656657,6.144443518e-05,114.1914515
1886,0,21,76.91304403,12.21583191,2.637734815e-05,5.188733178e-05,3.249542205e-05,6.666191478e-05,4.713762571e-05,100.4754841
1887,0,23,77.09034691,12.24399232,3.584657264e-05,5.175190366e-05,2.661094205e-05,9.033869149e-05,5.664021919e-05,99.2279744
1888,0,22,77.26805851,12.27221765,3.438422917e-05,5.184325067e-05,2.834573124e-05,8.65583123e-05,5.514938749e-05,123.598606
1889,0,22,77.44617978,12.30050804,2.952853705e-05,5.17312061e-05,3.359760468e-05,7.447495255e-05,5.055534043e-05,76.55460439
1890,0,23,77.62471166,12.32886365,3.909764366e-05,5.188237924e-05,2.456589742e-05,9.860773448e-05,6.030625098e-05,112.6075482
1891,0,22,77.8036551,12.35728462,2.574995724e-05,5.171203705e-05,3.246626556e-05,6.508619065e-05,4.644207598e-05,90.00243294
1892,0,24,77.98301105,12.38577111,3.612080864e-05,5.160700036e-05,2.56664594e-05,9.101692446e-05,5.681294522e-05,101.5317673
1893,0,22,78.16278046,12.41432327,3.235324273e-05,5.166281558e-05,2.874470622e-05,8.145195159e-05,5.285938276e-05,120.8475452
1894,0,23,78.34296428,12.44294125,3.015920996e-05,5.157431929e-05,3.227083743e-05,7.607691056e-05,5.098674245e-05,78.31808643
1895,0,23,78.52356346,12.4716252,3.739586745e-05,5.172927702e-05,2.463609573e-05,9.432920483e-05,5.826513773e-05,114.971464
1896,0,22,78.70457897,12.50037528,2.503019188e-05,5.152950803e-05,3.195379219e-05,6.327470334e-05,4.557009332e-05,80.10868941
1897,0,24,78.88601176,12.52919163,3.601770522e-05,5.146393335e-05,2.471705299e-05,9.074959993e-05,5.655137956e-05,102.7960413
1898,0,22,79.0678628,12.5580744,2.983478422e-05,5.14870925e-05,2.915905713e-05,7.512887434e-05,5.008900432e-05,117.0391662
1899,0,23,79.25013305,12.58702376,3.111633186e-05,5.142578638e-05,3.063046506e-05,7.850583608e-05,5.17547807e-05,82.40366179
1900,0,23,79.43282347,12.61603986,3.525220681e-05,5.157368389e-05,2.549568248e-05,8.895084641e-05,5.582303704e-05,116.9639042
1901,0,22,79.61593504,12.64512285,2.516585053e-05,5.134550991e-05,3.125845038e-05,6.361774518e-05,4.553567185e-05,64.46665785
1902,0,24,79.79946873,12.67427287,3.60088806e-05,5.13302712e-05,2.438022379e-05,9.071539438e-05,5.64692711e-05,113.3262518
1903,0,22,79.9834255,12.7034901,2.758306884e-05,5.130578937e-05,3.00790377e-05,6.948179197e-05,4.776394465e-05,109.9226264
1904,0,23,80.16780634,12.73277468,3.320346195e-05,5.129079545e-05,2.887737785e-05,8.376680311e-05,5.381448652e-05,96.46981303
1905,0,23,80.35261222,12.76212677,3.301749244e-05,5.142298956e-05,2.747627189e-05,8.333618872e-05,5.346574728e-05,118.5150991
1906,0,23,80.53784412,12.79154652,2.738026615e-05,5.118103421e-05,3.070962099e-05,6.915750436e-05,4.768390312e-05,79.29291926
