step,physical_time,cl,cd,cmz,pressure_drag,viscous_drag,pressure_lift,viscous_lift
1,0.000000000000e+00,9.244463733059e-33,0.000000000000e+00,3.659266894336e-33,0.000000000000e+00,0.000000000000e+00,9.244463733059e-33,0.000000000000e+00
2,0.000000000000e+00,-2.626972925635e-09,8.720996296344e-03,-1.937506612769e-09,8.720996296344e-03,0.000000000000e+00,-2.626972925635e-09,0.000000000000e+00
3,0.000000000000e+00,-9.319469915291e-10,1.602301083753e-02,-7.247850599719e-10,1.602301083753e-02,0.000000000000e+00,-9.319469915291e-10,0.000000000000e+00
4,0.000000000000e+00,6.338182090688e-09,2.265972896069e-02,4.623778058891e-09,2.265972896069e-02,0.000000000000e+00,6.338182090688e-09,0.000000000000e+00
5,0.000000000000e+00,2.089640094587e-08,2.890495648264e-02,1.542726786732e-08,2.890495648264e-02,0.000000000000e+00,2.089640094587e-08,0.000000000000e+00
6,0.000000000000e+00,4.585659359760e-08,3.488068477855e-02,3.404273652856e-08,3.488068477855e-02,0.000000000000e+00,4.585659359760e-08,0.000000000000e+00
7,0.000000000000e+00,8.628734954130e-08,4.064944985362e-02,6.431827191228e-08,4.064944985362e-02,0.000000000000e+00,8.628734954130e-08,0.000000000000e+00
8,0.000000000000e+00,1.503424454923e-07,4.624681071593e-02,1.124290744106e-07,4.624681071593e-02,0.000000000000e+00,1.503424454923e-07,0.000000000000e+00
9,0.000000000000e+00,2.334446467189e-07,5.166668979436e-02,1.749375014558e-07,5.166668979436e-02,0.000000000000e+00,2.334446467189e-07,0.000000000000e+00
10,0.000000000000e+00,3.458560008136e-07,5.697899221978e-02,2.596030690160e-07,5.697899221978e-02,0.000000000000e+00,3.458560008136e-07,0.000000000000e+00
11,0.000000000000e+00,5.326378417958e-07,6.216669524094e-02,4.004479155522e-07,6.216669524094e-02,0.000000000000e+00,5.326378417958e-07,0.000000000000e+00
12,0.000000000000e+00,5.701460787370e-07,6.720966371876e-02,4.285584467726e-07,6.720966371876e-02,0.000000000000e+00,5.701460787370e-07,0.000000000000e+00
13,0.000000000000e+00,5.526947465793e-07,7.216051525184e-02,4.154238172325e-07,7.216051525184e-02,0.000000000000e+00,5.526947465793e-07,0.000000000000e+00
14,0.000000000000e+00,3.618844892445e-07,7.700338823929e-02,2.724050450162e-07,7.700338823929e-02,0.000000000000e+00,3.618844892445e-07,0.000000000000e+00
15,0.000000000000e+00,2.652048108564e-07,8.174632777061e-02,1.998926643204e-07,8.174632777061e-02,0.000000000000e+00,2.652048108564e-07,0.000000000000e+00
16,0.000000000000e+00,1.699654197838e-07,8.639323048016e-02,1.285995721030e-07,8.639323048016e-02,0.000000000000e+00,1.699654197838e-07,0.000000000000e+00
17,0.000000000000e+00,1.320591116700e-07,9.094051800317e-02,1.010400424237e-07,9.094051800317e-02,0.000000000000e+00,1.320591116700e-07,0.000000000000e+00
18,0.000000000000e+00,1.047316452196e-07,9.538459367822e-02,8.126676587889e-08,9.538459367822e-02,0.000000000000e+00,1.047316452196e-07,0.000000000000e+00
19,0.000000000000e+00,8.686856569739e-08,9.971805984286e-02,6.650246892775e-08,9.971805984286e-02,0.000000000000e+00,8.686856569739e-08,0.000000000000e+00
20,0.000000000000e+00,7.015501792408e-08,1.039328888853e-01,5.468084619137e-08,1.039328888853e-01,0.000000000000e+00,7.015501792408e-08,0.000000000000e+00
21,0.000000000000e+00,5.606395251149e-08,1.080200629259e-01,4.478340605920e-08,1.080200629259e-01,0.000000000000e+00,5.606395251149e-08,0.000000000000e+00
22,0.000000000000e+00,4.632452417150e-08,1.119687926794e-01,3.660880484359e-08,1.119687926794e-01,0.000000000000e+00,4.632452417150e-08,0.000000000000e+00
23,0.000000000000e+00,3.252033852711e-08,1.157659553140e-01,2.871989840663e-08,1.157659553140e-01,0.000000000000e+00,3.252033852711e-08,0.000000000000e+00
24,0.000000000000e+00,2.274078323577e-08,1.193970239392e-01,2.210057604805e-08,1.193970239392e-01,0.000000000000e+00,2.274078323577e-08,0.000000000000e+00
25,0.000000000000e+00,1.700300330555e-08,1.228475419799e-01,1.716434240107e-08,1.228475419799e-01,0.000000000000e+00,1.700300330555e-08,0.000000000000e+00
26,0.000000000000e+00,1.153969187188e-08,1.261027241577e-01,1.283689294370e-08,1.261027241577e-01,0.000000000000e+00,1.153969187188e-08,0.000000000000e+00
27,0.000000000000e+00,7.760657021638e-09,1.291478060849e-01,9.286889954426e-09,1.291478060849e-01,0.000000000000e+00,7.760657021638e-09,0.000000000000e+00
28,0.000000000000e+00,4.577653810807e-09,1.319694191878e-01,6.259611354915e-09,1.319694191878e-01,0.000000000000e+00,4.577653810807e-09,0.000000000000e+00
29,0.000000000000e+00,2.134643396615e-09,1.345581163749e-01,3.767454628541e-09,1.345581163749e-01,0.000000000000e+00,2.134643396615e-09,0.000000000000e+00
30,0.000000000000e+00,3.800241181852e-10,1.369061789787e-01,1.688985830427e-09,1.369061789787e-01,0.000000000000e+00,3.800241181852e-10,0.000000000000e+00
31,0.000000000000e+00,-1.047622666134e-09,1.390071271234e-01,-2.433450267464e-11,1.390071271234e-01,0.000000000000e+00,-1.047622666134e-09,0.000000000000e+00
32,0.000000000000e+00,-4.824884604804e-09,1.408558754516e-01,-2.154848470395e-09,1.408558754516e-01,0.000000000000e+00,-4.824884604804e-09,0.000000000000e+00
33,0.000000000000e+00,-5.260757057085e-09,1.424493843725e-01,-3.273624394620e-09,1.424493843725e-01,0.000000000000e+00,-5.260757057085e-09,0.000000000000e+00
34,0.000000000000e+00,-5.688656943832e-09,1.437861823136e-01,-4.119865789937e-09,1.437861823136e-01,0.000000000000e+00,-5.688656943832e-09,0.000000000000e+00
35,0.000000000000e+00,-5.627617100730e-09,1.448670811753e-01,-4.520196867795e-09,1.448670811753e-01,0.000000000000e+00,-5.627617100730e-09,0.000000000000e+00
36,0.000000000000e+00,-6.021800681255e-09,1.456948762753e-01,-5.042778275792e-09,1.456948762753e-01,0.000000000000e+00,-6.021800681255e-09,0.000000000000e+00
37,0.000000000000e+00,-7.769579308593e-09,1.462732499218e-01,-5.924669008216e-09,1.462732499218e-01,0.000000000000e+00,-7.769579308593e-09,0.000000000000e+00
38,0.000000000000e+00,-8.781885498855e-09,1.466106547227e-01,-6.264259269401e-09,1.466106547227e-01,0.000000000000e+00,-8.781885498855e-09,0.000000000000e+00
39,0.000000000000e+00,-7.216367732868e-09,1.467195385421e-01,-5.625951784299e-09,1.467195385421e-01,0.000000000000e+00,-7.216367732868e-09,0.000000000000e+00
40,0.000000000000e+00,-3.643002794177e-09,1.466161304971e-01,-4.901874517079e-09,1.466161304971e-01,0.000000000000e+00,-3.643002794177e-09,0.000000000000e+00
41,0.000000000000e+00,-1.688358119978e-09,1.463199195250e-01,-4.209601321171e-09,1.463199195250e-01,0.000000000000e+00,-1.688358119978e-09,0.000000000000e+00
42,0.000000000000e+00,-8.344976878570e-10,1.458522398088e-01,-3.461648397779e-09,1.458522398088e-01,0.000000000000e+00,-8.344976878570e-10,0.000000000000e+00
43,0.000000000000e+00,4.505586287092e-10,1.452360089528e-01,-2.223219186005e-09,1.452360089528e-01,0.000000000000e+00,4.505586287092e-10,0.000000000000e+00
44,0.000000000000e+00,4.841447763851e-09,1.445002557098e-01,7.134506954404e-10,1.445002557098e-01,0.000000000000e+00,4.841447763851e-09,0.000000000000e+00
45,0.000000000000e+00,1.087489550071e-08,1.436694436687e-01,5.170583103819e-09,1.436694436687e-01,0.000000000000e+00,1.087489550071e-08,0.000000000000e+00
46,0.000000000000e+00,4.247922308614e-09,1.427570908706e-01,3.539691267960e-10,1.427570908706e-01,0.000000000000e+00,4.247922308614e-09,0.000000000000e+00
47,0.000000000000e+00,-3.587592252571e-09,1.417789813837e-01,-5.061454622448e-09,1.417789813837e-01,0.000000000000e+00,-3.587592252571e-09,0.000000000000e+00
48,0.000000000000e+00,-1.308686402388e-08,1.407477082872e-01,-1.229877818901e-08,1.407477082872e-01,0.000000000000e+00,-1.308686402388e-08,0.000000000000e+00
49,0.000000000000e+00,-2.145686854387e-08,1.396772667974e-01,-1.796386602280e-08,1.396772667974e-01,0.000000000000e+00,-2.145686854387e-08,0.000000000000e+00
50,0.000000000000e+00,-2.563560553821e-08,1.385778143635e-01,-2.051765221644e-08,1.385778143635e-01,0.000000000000e+00,-2.563560553821e-08,0.000000000000e+00
51,0.000000000000e+00,-6.731867131403e-08,1.374590090184e-01,-5.144691377844e-08,1.374590090184e-01,0.000000000000e+00,-6.731867131403e-08,0.000000000000e+00
52,0.000000000000e+00,-7.769079250633e-08,1.363277739893e-01,-5.928208730703e-08,1.363277739893e-01,0.000000000000e+00,-7.769079250633e-08,0.000000000000e+00
53,0.000000000000e+00,-5.051733065653e-08,1.351863000596e-01,-3.869215677195e-08,1.351863000596e-01,0.000000000000e+00,-5.051733065653e-08,0.000000000000e+00
54,0.000000000000e+00,-4.745327778714e-08,1.340581638320e-01,-3.643741576591e-08,1.340581638320e-01,0.000000000000e+00,-4.745327778714e-08,0.000000000000e+00
55,0.000000000000e+00,-4.374515866841e-08,1.329469025509e-01,-3.348696090902e-08,1.329469025509e-01,0.000000000000e+00,-4.374515866841e-08,0.000000000000e+00
56,0.000000000000e+00,-6.200605539046e-08,1.318607459096e-01,-4.718954569433e-08,1.318607459096e-01,0.000000000000e+00,-6.200605539046e-08,0.000000000000e+00
57,0.000000000000e+00,-6.200605539046e-08,1.318607459096e-01,-4.718954569433e-08,1.318607459096e-01,0.000000000000e+00,-6.200605539046e-08,0.000000000000e+00
58,0.000000000000e+00,-6.200605539046e-08,1.318607459096e-01,-4.718954569433e-08,1.318607459096e-01,0.000000000000e+00,-6.200605539046e-08,0.000000000000e+00
59,0.000000000000e+00,-8.775702776205e-08,1.317198620164e-01,-6.663909104837e-08,1.317198620164e-01,0.000000000000e+00,-8.775702776205e-08,0.000000000000e+00
60,0.000000000000e+00,-1.936483103114e-08,1.315731027865e-01,-1.501153334857e-08,1.315731027865e-01,0.000000000000e+00,-1.936483103114e-08,0.000000000000e+00
61,0.000000000000e+00,-3.746820875190e-07,1.314204580723e-01,-2.831010019263e-07,1.314204580723e-01,0.000000000000e+00,-3.746820875190e-07,0.000000000000e+00
62,0.000000000000e+00,-2.514884800054e-07,1.312656456318e-01,-1.901029481362e-07,1.312656456318e-01,0.000000000000e+00,-2.514884800054e-07,0.000000000000e+00
63,0.000000000000e+00,-1.952286463286e-08,1.311104770182e-01,-1.502732639399e-08,1.311104770182e-01,0.000000000000e+00,-1.952286463286e-08,0.000000000000e+00
64,0.000000000000e+00,5.473921069134e-09,1.309459390795e-01,3.871371215790e-09,1.309459390795e-01,0.000000000000e+00,5.473921069134e-09,0.000000000000e+00
65,0.000000000000e+00,-1.806775932753e-07,1.307718707674e-01,-1.365577117545e-07,1.307718707674e-01,0.000000000000e+00,-1.806775932753e-07,0.000000000000e+00
66,0.000000000000e+00,-6.175774133029e-07,1.305876249197e-01,-4.661986468683e-07,1.305876249197e-01,0.000000000000e+00,-6.175774133029e-07,0.000000000000e+00
67,0.000000000000e+00,-9.418006603311e-07,1.303929597895e-01,-7.108102358497e-07,1.303929597895e-01,0.000000000000e+00,-9.418006603311e-07,0.000000000000e+00
68,0.000000000000e+00,-1.255764183962e-06,1.301894948802e-01,-9.476789927966e-07,1.301894948802e-01,0.000000000000e+00,-1.255764183962e-06,0.000000000000e+00
69,0.000000000000e+00,-1.646433774769e-06,1.299770652553e-01,-1.242411263874e-06,1.299770652553e-01,0.000000000000e+00,-1.646433774769e-06,0.000000000000e+00
70,0.000000000000e+00,-1.812366412960e-06,1.297560719780e-01,-1.367553751099e-06,1.297560719780e-01,0.000000000000e+00,-1.812366412960e-06,0.000000000000e+00
71,0.000000000000e+00,-1.636474697552e-06,1.295243484092e-01,-1.234761733027e-06,1.295243484092e-01,0.000000000000e+00,-1.636474697552e-06,0.000000000000e+00
72,0.000000000000e+00,-1.321380854938e-06,1.292819193001e-01,-9.969240707148e-07,1.292819193001e-01,0.000000000000e+00,-1.321380854938e-06,0.000000000000e+00
73,0.000000000000e+00,-1.048972200440e-06,1.290278485172e-01,-7.912964382327e-07,1.290278485172e-01,0.000000000000e+00,-1.048972200440e-06,0.000000000000e+00
74,0.000000000000e+00,-7.996827961897e-07,1.287764637003e-01,-6.031241008142e-07,1.287764637003e-01,0.000000000000e+00,-7.996827961897e-07,0.000000000000e+00
75,0.000000000000e+00,-5.523357128552e-07,1.285279316582e-01,-4.164186817351e-07,1.285279316582e-01,0.000000000000e+00,-5.523357128552e-07,0.000000000000e+00
76,0.000000000000e+00,-1.515311832709e-07,1.282807431444e-01,-1.139266344345e-07,1.282807431444e-01,0.000000000000e+00,-1.515311832709e-07,0.000000000000e+00
77,0.000000000000e+00,9.679740319126e-06,1.279794239203e-01,7.304791877956e-06,1.279794239203e-01,0.000000000000e+00,9.679740319126e-06,0.000000000000e+00
78,0.000000000000e+00,1.091798369019e-05,1.277160386421e-01,8.239216879318e-06,1.277160386421e-01,0.000000000000e+00,1.091798369019e-05,0.000000000000e+00
79,0.000000000000e+00,1.038423741630e-05,1.274446488171e-01,7.836483873872e-06,1.274446488171e-01,0.000000000000e+00,1.038423741630e-05,0.000000000000e+00
80,0.000000000000e+00,9.935318205870e-06,1.271622059893e-01,7.497748054431e-06,1.271622059893e-01,0.000000000000e+00,9.935318205870e-06,0.000000000000e+00
81,0.000000000000e+00,9.646108211143e-06,1.268681907306e-01,7.279531091850e-06,1.268681907306e-01,0.000000000000e+00,9.646108211143e-06,0.000000000000e+00
82,0.000000000000e+00,9.447266350952e-06,1.265618005028e-01,7.129496518579e-06,1.265618005028e-01,0.000000000000e+00,9.447266350952e-06,0.000000000000e+00
83,0.000000000000e+00,9.296518302576e-06,1.262419064002e-01,7.015738064646e-06,1.262419064002e-01,0.000000000000e+00,9.296518302576e-06,0.000000000000e+00
84,0.000000000000e+00,9.174568409888e-06,1.259076152771e-01,6.923677673189e-06,1.259076152771e-01,0.000000000000e+00,9.174568409888e-06,0.000000000000e+00
85,0.000000000000e+00,9.073320083850e-06,1.255771274336e-01,6.847244278594e-06,1.255771274336e-01,0.000000000000e+00,9.073320083850e-06,0.000000000000e+00
86,0.000000000000e+00,8.987025882941e-06,1.252504930231e-01,6.782091560907e-06,1.252504930231e-01,0.000000000000e+00,8.987025882941e-06,0.000000000000e+00
87,0.000000000000e+00,8.911368018061e-06,1.249273230819e-01,6.724967202246e-06,1.249273230819e-01,0.000000000000e+00,8.911368018061e-06,0.000000000000e+00
88,0.000000000000e+00,8.844712037522e-06,1.246076872633e-01,6.674634561443e-06,1.246076872633e-01,0.000000000000e+00,8.844712037522e-06,0.000000000000e+00
89,0.000000000000e+00,8.785903883844e-06,1.242913003614e-01,6.630212998554e-06,1.242913003614e-01,0.000000000000e+00,8.785903883844e-06,0.000000000000e+00
90,0.000000000000e+00,8.733943388785e-06,1.239780356213e-01,6.590947909202e-06,1.239780356213e-01,0.000000000000e+00,8.733943388785e-06,0.000000000000e+00
91,0.000000000000e+00,8.687813080299e-06,1.236675311882e-01,6.556089602911e-06,1.236675311882e-01,0.000000000000e+00,8.687813080299e-06,0.000000000000e+00
92,0.000000000000e+00,8.646828030241e-06,1.233592166047e-01,6.525115008171e-06,1.233592166047e-01,0.000000000000e+00,8.646828030241e-06,0.000000000000e+00
93,0.000000000000e+00,8.610439127125e-06,1.230530940751e-01,6.497591151468e-06,1.230530940751e-01,0.000000000000e+00,8.610439127125e-06,0.000000000000e+00
94,0.000000000000e+00,8.578092091798e-06,1.227491657470e-01,6.473106148147e-06,1.227491657470e-01,0.000000000000e+00,8.578092091798e-06,0.000000000000e+00
95,0.000000000000e+00,8.549399862220e-06,1.224468750023e-01,6.451357198722e-06,1.224468750023e-01,0.000000000000e+00,8.549399862220e-06,0.000000000000e+00
96,0.000000000000e+00,8.523777420922e-06,1.221448493300e-01,6.431938655404e-06,1.221448493300e-01,0.000000000000e+00,8.523777420922e-06,0.000000000000e+00
97,0.000000000000e+00,8.501000541988e-06,1.218442756880e-01,6.414671787372e-06,1.218442756880e-01,0.000000000000e+00,8.501000541988e-06,0.000000000000e+00
98,0.000000000000e+00,8.481017099220e-06,1.215457589261e-01,6.399515064583e-06,1.215457589261e-01,0.000000000000e+00,8.481017099220e-06,0.000000000000e+00
99,0.000000000000e+00,8.464263574220e-06,1.212502373657e-01,6.386802407449e-06,1.212502373657e-01,0.000000000000e+00,8.464263574220e-06,0.000000000000e+00
100,0.000000000000e+00,8.452022085530e-06,1.209403913457e-01,6.377505789504e-06,1.209403913457e-01,0.000000000000e+00,8.452022085530e-06,0.000000000000e+00
101,0.000000000000e+00,8.440233067165e-06,1.206164896571e-01,6.368560009279e-06,1.206164896571e-01,0.000000000000e+00,8.440233067165e-06,0.000000000000e+00
102,0.000000000000e+00,8.429103208038e-06,1.202793857128e-01,6.360115587107e-06,1.202793857128e-01,0.000000000000e+00,8.429103208038e-06,0.000000000000e+00
103,0.000000000000e+00,8.418187593065e-06,1.199297700060e-01,6.351813636922e-06,1.199297700060e-01,0.000000000000e+00,8.418187593065e-06,0.000000000000e+00
104,0.000000000000e+00,8.406888427588e-06,1.195694569134e-01,6.343215114125e-06,1.195694569134e-01,0.000000000000e+00,8.406888427588e-06,0.000000000000e+00
105,0.000000000000e+00,8.394882601080e-06,1.192001107350e-01,6.334089659700e-06,1.192001107350e-01,0.000000000000e+00,8.394882601080e-06,0.000000000000e+00
106,0.000000000000e+00,8.380134589730e-06,1.188233124426e-01,6.322873463746e-06,1.188233124426e-01,0.000000000000e+00,8.380134589730e-06,0.000000000000e+00
107,0.000000000000e+00,8.361239955643e-06,1.184417321818e-01,6.308543765908e-06,1.184417321818e-01,0.000000000000e+00,8.361239955643e-06,0.000000000000e+00
108,0.000000000000e+00,8.337640758910e-06,1.180588973426e-01,6.290684607170e-06,1.180588973426e-01,0.000000000000e+00,8.337640758910e-06,0.000000000000e+00
109,0.000000000000e+00,8.308887080866e-06,1.176783058574e-01,6.268970230834e-06,1.176783058574e-01,0.000000000000e+00,8.308887080866e-06,0.000000000000e+00
110,0.000000000000e+00,8.276066323332e-06,1.173050026703e-01,6.244165780438e-06,1.173050026703e-01,0.000000000000e+00,8.276066323332e-06,0.000000000000e+00
111,0.000000000000e+00,8.228815482076e-06,1.169438057263e-01,6.208467846429e-06,1.169438057263e-01,0.000000000000e+00,8.228815482076e-06,0.000000000000e+00
112,0.000000000000e+00,8.171823457763e-06,1.166009902682e-01,6.165411132878e-06,1.166009902682e-01,0.000000000000e+00,8.171823457763e-06,0.000000000000e+00
113,0.000000000000e+00,8.112172823827e-06,1.162822044559e-01,6.120333210770e-06,1.162822044559e-01,0.000000000000e+00,8.112172823827e-06,0.000000000000e+00
114,0.000000000000e+00,8.050672966196e-06,1.159944813056e-01,6.073932158042e-06,1.159944813056e-01,0.000000000000e+00,8.050672966196e-06,0.000000000000e+00
115,0.000000000000e+00,7.988612077638e-06,1.157459698460e-01,6.027117303461e-06,1.157459698460e-01,0.000000000000e+00,7.988612077638e-06,0.000000000000e+00
116,0.000000000000e+00,7.925456609305e-06,1.155435673454e-01,5.979516116169e-06,1.155435673454e-01,0.000000000000e+00,7.925456609305e-06,0.000000000000e+00
117,0.000000000000e+00,7.842034608177e-06,1.154005961893e-01,5.916657023692e-06,1.154005961893e-01,0.000000000000e+00,7.842034608177e-06,0.000000000000e+00
118,0.000000000000e+00,7.789315056028e-06,1.153150536061e-01,5.876956770281e-06,1.153150536061e-01,0.000000000000e+00,7.789315056028e-06,0.000000000000e+00
119,0.000000000000e+00,7.712960980133e-06,1.152839090165e-01,5.819437352750e-06,1.152839090165e-01,0.000000000000e+00,7.712960980133e-06,0.000000000000e+00
120,0.000000000000e+00,7.648555123151e-06,1.153034205966e-01,5.770930708899e-06,1.153034205966e-01,0.000000000000e+00,7.648555123151e-06,0.000000000000e+00
121,0.000000000000e+00,7.552622988918e-06,1.153678382923e-01,5.698632963251e-06,1.153678382923e-01,0.000000000000e+00,7.552622988918e-06,0.000000000000e+00
122,0.000000000000e+00,7.502059809664e-06,1.154712144838e-01,5.660575604551e-06,1.154712144838e-01,0.000000000000e+00,7.502059809664e-06,0.000000000000e+00
123,0.000000000000e+00,7.389767399918e-06,1.156093461551e-01,5.575942834772e-06,1.156093461551e-01,0.000000000000e+00,7.389767399918e-06,0.000000000000e+00
124,0.000000000000e+00,7.345403955061e-06,1.157759079188e-01,5.542591048088e-06,1.157759079188e-01,0.000000000000e+00,7.345403955061e-06,0.000000000000e+00
125,0.000000000000e+00,7.203270042756e-06,1.159645431881e-01,5.435474091555e-06,1.159645431881e-01,0.000000000000e+00,7.203270042756e-06,0.000000000000e+00
126,0.000000000000e+00,7.186854789656e-06,1.161693293531e-01,5.423213934715e-06,1.161693293531e-01,0.000000000000e+00,7.186854789656e-06,0.000000000000e+00
127,0.000000000000e+00,6.992045547656e-06,1.163837745541e-01,5.276338343238e-06,1.163837745541e-01,0.000000000000e+00,6.992045547656e-06,0.000000000000e+00
128,0.000000000000e+00,7.048312229934e-06,1.166035139045e-01,5.318918638173e-06,1.166035139045e-01,0.000000000000e+00,7.048312229934e-06,0.000000000000e+00
129,0.000000000000e+00,6.756315943774e-06,1.168218080780e-01,5.098695538011e-06,1.168218080780e-01,0.000000000000e+00,6.756315943774e-06,0.000000000000e+00
130,0.000000000000e+00,7.010525511763e-06,1.170396266682e-01,5.290632180304e-06,1.170396266682e-01,0.000000000000e+00,7.010525511763e-06,0.000000000000e+00
131,0.000000000000e+00,6.413327953871e-06,1.172487664188e-01,4.840105693466e-06,1.172487664188e-01,0.000000000000e+00,6.413327953871e-06,0.000000000000e+00
132,0.000000000000e+00,7.250938594561e-06,1.174555002504e-01,5.472276000529e-06,1.174555002504e-01,0.000000000000e+00,7.250938594561e-06,0.000000000000e+00
133,0.000000000000e+00,5.737798794060e-06,1.176425692009e-01,4.330560093015e-06,1.176425692009e-01,0.000000000000e+00,5.737798794060e-06,0.000000000000e+00
134,0.000000000000e+00,5.737798794060e-06,1.176425692009e-01,4.330560093015e-06,1.176425692009e-01,0.000000000000e+00,5.737798794060e-06,0.000000000000e+00
135,0.000000000000e+00,6.501451527692e-06,1.177130863309e-01,4.906847580414e-06,1.177130863309e-01,0.000000000000e+00,6.501451527692e-06,0.000000000000e+00
136,0.000000000000e+00,6.140563077469e-06,1.177814680196e-01,4.634554990518e-06,1.177814680196e-01,0.000000000000e+00,6.140563077469e-06,0.000000000000e+00
137,0.000000000000e+00,6.129070696041e-06,1.178533301381e-01,4.625915050554e-06,1.178533301381e-01,0.000000000000e+00,6.129070696041e-06,0.000000000000e+00
138,0.000000000000e+00,6.108192319828e-06,1.179269347552e-01,4.610191650052e-06,1.179269347552e-01,0.000000000000e+00,6.108192319828e-06,0.000000000000e+00
139,0.000000000000e+00,5.842579420596e-06,1.180016878795e-01,4.409789362443e-06,1.180016878795e-01,0.000000000000e+00,5.842579420596e-06,0.000000000000e+00
140,0.000000000000e+00,5.842412701979e-06,1.180779263433e-01,4.409687954838e-06,1.180779263433e-01,0.000000000000e+00,5.842412701979e-06,0.000000000000e+00
141,0.000000000000e+00,5.851536120512e-06,1.181548191968e-01,4.416593104035e-06,1.181548191968e-01,0.000000000000e+00,5.851536120512e-06,0.000000000000e+00
142,0.000000000000e+00,5.868041833304e-06,1.182318629495e-01,4.429068415619e-06,1.182318629495e-01,0.000000000000e+00,5.868041833304e-06,0.000000000000e+00
143,0.000000000000e+00,5.891184680523e-06,1.183084968374e-01,4.446548056485e-06,1.183084968374e-01,0.000000000000e+00,5.891184680523e-06,0.000000000000e+00
144,0.000000000000e+00,5.892402259018e-06,1.183840660533e-01,4.447477605754e-06,1.183840660533e-01,0.000000000000e+00,5.892402259018e-06,0.000000000000e+00
145,0.000000000000e+00,5.865998093382e-06,1.184579134501e-01,4.427558168247e-06,1.184579134501e-01,0.000000000000e+00,5.865998093382e-06,0.000000000000e+00
146,0.000000000000e+00,5.846517554990e-06,1.185293654796e-01,4.412859017139e-06,1.185293654796e-01,0.000000000000e+00,5.846517554990e-06,0.000000000000e+00
147,0.000000000000e+00,5.841946015375e-06,1.185976428501e-01,4.409404940533e-06,1.185976428501e-01,0.000000000000e+00,5.841946015375e-06,0.000000000000e+00
148,0.000000000000e+00,5.875295036259e-06,1.186620484796e-01,4.434557956785e-06,1.186620484796e-01,0.000000000000e+00,5.875295036259e-06,0.000000000000e+00
149,0.000000000000e+00,6.023215288377e-06,1.187222696153e-01,4.546159224543e-06,1.187222696153e-01,0.000000000000e+00,6.023215288377e-06,0.000000000000e+00
150,0.000000000000e+00,6.204242918190e-06,1.187775472745e-01,4.682736962700e-06,1.187775472745e-01,0.000000000000e+00,6.204242918190e-06,0.000000000000e+00
151,0.000000000000e+00,6.204242918190e-06,1.187775472745e-01,4.682736962700e-06,1.187775472745e-01,0.000000000000e+00,6.204242918190e-06,0.000000000000e+00
152,0.000000000000e+00,6.479139435519e-06,1.187969733604e-01,4.890162666507e-06,1.187969733604e-01,0.000000000000e+00,6.479139435519e-06,0.000000000000e+00
153,0.000000000000e+00,7.168303770841e-06,1.188137867481e-01,5.410193636847e-06,1.188137867481e-01,0.000000000000e+00,7.168303770841e-06,0.000000000000e+00
154,0.000000000000e+00,6.718317869438e-06,1.188281043823e-01,5.070620270056e-06,1.188281043823e-01,0.000000000000e+00,6.718317869438e-06,0.000000000000e+00
155,0.000000000000e+00,1.322930115632e-06,1.188224478106e-01,9.992436661309e-07,1.188224478106e-01,0.000000000000e+00,1.322930115632e-06,0.000000000000e+00
156,0.000000000000e+00,-1.574396525906e-06,1.188286642734e-01,-1.187097035164e-06,1.188286642734e-01,0.000000000000e+00,-1.574396525906e-06,0.000000000000e+00
157,0.000000000000e+00,-1.340540445006e-06,1.188430192063e-01,-1.010646893756e-06,1.188430192063e-01,0.000000000000e+00,-1.340540445006e-06,0.000000000000e+00
158,0.000000000000e+00,-1.193052811884e-06,1.188576819511e-01,-8.993719939016e-07,1.188576819511e-01,0.000000000000e+00,-1.193052811884e-06,0.000000000000e+00
159,0.000000000000e+00,-1.754305042104e-06,1.188733699381e-01,-1.322913706150e-06,1.188733699381e-01,0.000000000000e+00,-1.754305042104e-06,0.000000000000e+00
160,0.000000000000e+00,-1.584813258084e-06,1.188878887316e-01,-1.195037758914e-06,1.188878887316e-01,0.000000000000e+00,-1.584813258084e-06,0.000000000000e+00
161,0.000000000000e+00,-1.410675532995e-06,1.189021294502e-01,-1.063657206369e-06,1.189021294502e-01,0.000000000000e+00,-1.410675532995e-06,0.000000000000e+00
162,0.000000000000e+00,-1.233003951670e-06,1.189161168233e-01,-9.296116041242e-07,1.189161168233e-01,0.000000000000e+00,-1.233003951670e-06,0.000000000000e+00
163,0.000000000000e+00,-1.063260911393e-06,1.189290864433e-01,-8.015485878550e-07,1.189290864433e-01,0.000000000000e+00,-1.063260911393e-06,0.000000000000e+00
164,0.000000000000e+00,-9.014321486483e-07,1.189412089500e-01,-6.794573627009e-07,1.189412089500e-01,0.000000000000e+00,-9.014321486483e-07,0.000000000000e+00
165,0.000000000000e+00,-7.478854514656e-07,1.189526666986e-01,-5.636155407642e-07,1.189526666986e-01,0.000000000000e+00,-7.478854514656e-07,0.000000000000e+00
166,0.000000000000e+00,-6.025439211288e-07,1.189636180553e-01,-4.539651287145e-07,1.189636180553e-01,0.000000000000e+00,-6.025439211288e-07,0.000000000000e+00
167,0.000000000000e+00,-4.652248466324e-07,1.189742047925e-01,-3.503685298927e-07,1.189742047925e-01,0.000000000000e+00,-4.652248466324e-07,0.000000000000e+00
168,0.000000000000e+00,-3.357721562178e-07,1.189845054491e-01,-2.527078105366e-07,1.189845054491e-01,0.000000000000e+00,-3.357721562178e-07,0.000000000000e+00
169,0.000000000000e+00,-2.137254309053e-07,1.189945192687e-01,-1.606352317151e-07,1.189945192687e-01,0.000000000000e+00,-2.137254309053e-07,0.000000000000e+00
170,0.000000000000e+00,-9.858832568843e-08,1.190042341272e-01,-7.377667912733e-08,1.190042341272e-01,0.000000000000e+00,-9.858832568843e-08,0.000000000000e+00
171,0.000000000000e+00,9.786013421159e-09,1.190136029407e-01,7.978589317383e-09,1.190136029407e-01,0.000000000000e+00,9.786013421159e-09,0.000000000000e+00
172,0.000000000000e+00,1.117680324833e-07,1.190225678004e-01,8.491064389950e-08,1.190225678004e-01,0.000000000000e+00,1.117680324833e-07,0.000000000000e+00
173,0.000000000000e+00,2.080882587163e-07,1.190308950959e-01,1.575709626586e-07,1.190308950959e-01,0.000000000000e+00,2.080882587163e-07,0.000000000000e+00
174,0.000000000000e+00,2.992949199630e-07,1.190387371849e-01,2.263721703678e-07,1.190387371849e-01,0.000000000000e+00,2.992949199630e-07,0.000000000000e+00
175,0.000000000000e+00,3.909130683079e-07,1.190467549189e-01,2.954835360122e-07,1.190467549189e-01,0.000000000000e+00,3.909130683079e-07,0.000000000000e+00
176,0.000000000000e+00,4.820052246454e-07,1.190547018201e-01,3.641980030070e-07,1.190547018201e-01,0.000000000000e+00,4.820052246454e-07,0.000000000000e+00
177,0.000000000000e+00,5.721558755606e-07,1.190623589809e-01,4.322009268587e-07,1.190623589809e-01,0.000000000000e+00,5.721558755606e-07,0.000000000000e+00
178,0.000000000000e+00,1.479533688637e-06,1.190681514142e-01,1.116882697046e-06,1.190681514142e-01,0.000000000000e+00,1.479533688637e-06,0.000000000000e+00
179,0.000000000000e+00,1.579140818538e-06,1.190739039937e-01,1.192019730104e-06,1.190739039937e-01,0.000000000000e+00,1.579140818538e-06,0.000000000000e+00
180,0.000000000000e+00,1.678606416151e-06,1.190779285435e-01,1.267048773867e-06,1.190779285435e-01,0.000000000000e+00,1.678606416151e-06,0.000000000000e+00
181,0.000000000000e+00,1.777932611121e-06,1.190796166259e-01,1.341971216105e-06,1.190796166259e-01,0.000000000000e+00,1.777932611121e-06,0.000000000000e+00
182,0.000000000000e+00,1.877180636839e-06,1.190781424959e-01,1.416833810198e-06,1.190781424959e-01,0.000000000000e+00,1.877180636839e-06,0.000000000000e+00
183,0.000000000000e+00,1.976641600509e-06,1.190723774900e-01,1.491855405399e-06,1.190723774900e-01,0.000000000000e+00,1.976641600509e-06,0.000000000000e+00
184,0.000000000000e+00,2.076702188002e-06,1.190612430973e-01,1.567329290579e-06,1.190612430973e-01,0.000000000000e+00,2.076702188002e-06,0.000000000000e+00
185,0.000000000000e+00,1.580797800985e-06,1.190430718448e-01,1.193088449491e-06,1.190430718448e-01,0.000000000000e+00,1.580797800985e-06,0.000000000000e+00
186,0.000000000000e+00,1.660253685860e-06,1.190189068359e-01,1.253014679244e-06,1.190189068359e-01,0.000000000000e+00,1.660253685860e-06,0.000000000000e+00
187,0.000000000000e+00,1.730494356283e-06,1.189888079058e-01,1.305992891015e-06,1.189888079058e-01,0.000000000000e+00,1.730494356283e-06,0.000000000000e+00
188,0.000000000000e+00,1.799243865123e-06,1.189532616523e-01,1.357847703251e-06,1.189532616523e-01,0.000000000000e+00,1.799243865123e-06,0.000000000000e+00
189,0.000000000000e+00,1.858438489690e-06,1.189129357237e-01,1.402493962382e-06,1.189129357237e-01,0.000000000000e+00,1.858438489690e-06,0.000000000000e+00
190,0.000000000000e+00,1.881195452176e-06,1.188689215738e-01,1.419645976127e-06,1.188689215738e-01,0.000000000000e+00,1.881195452176e-06,0.000000000000e+00
191,0.000000000000e+00,1.853827528220e-06,1.188218712188e-01,1.398974440761e-06,1.188218712188e-01,0.000000000000e+00,1.853827528220e-06,0.000000000000e+00
192,0.000000000000e+00,1.831024635309e-06,1.187730238784e-01,1.381747714689e-06,1.187730238784e-01,0.000000000000e+00,1.831024635309e-06,0.000000000000e+00
193,0.000000000000e+00,1.830206486194e-06,1.187235284435e-01,1.381111090514e-06,1.187235284435e-01,0.000000000000e+00,1.830206486194e-06,0.000000000000e+00
194,0.000000000000e+00,1.854857240372e-06,1.186740360532e-01,1.399694826517e-06,1.186740360532e-01,0.000000000000e+00,1.854857240372e-06,0.000000000000e+00
195,0.000000000000e+00,1.879222237185e-06,1.186256023550e-01,1.418062129055e-06,1.186256023550e-01,0.000000000000e+00,1.879222237185e-06,0.000000000000e+00
196,0.000000000000e+00,1.903307787434e-06,1.185792210777e-01,1.436220280811e-06,1.185792210777e-01,0.000000000000e+00,1.903307787434e-06,0.000000000000e+00
197,0.000000000000e+00,1.927091492160e-06,1.185355928458e-01,1.454153176247e-06,1.185355928458e-01,0.000000000000e+00,1.927091492160e-06,0.000000000000e+00
198,0.000000000000e+00,1.950423718283e-06,1.184955762737e-01,1.471748490345e-06,1.184955762737e-01,0.000000000000e+00,1.950423718283e-06,0.000000000000e+00
199,0.000000000000e+00,1.973190205427e-06,1.184600930161e-01,1.488918075250e-06,1.184600930161e-01,0.000000000000e+00,1.973190205427e-06,0.000000000000e+00
200,0.000000000000e+00,1.995128265091e-06,1.184300765242e-01,1.505464624209e-06,1.184300765242e-01,0.000000000000e+00,1.995128265091e-06,0.000000000000e+00
201,0.000000000000e+00,2.016001596156e-06,1.184060821455e-01,1.521209083995e-06,1.184060821455e-01,0.000000000000e+00,2.016001596156e-06,0.000000000000e+00
202,0.000000000000e+00,2.030754783290e-06,1.183884540952e-01,1.532336623078e-06,1.183884540952e-01,0.000000000000e+00,2.030754783290e-06,0.000000000000e+00
203,0.000000000000e+00,2.054830506276e-06,1.183775246257e-01,1.550500711836e-06,1.183775246257e-01,0.000000000000e+00,2.054830506276e-06,0.000000000000e+00
204,0.000000000000e+00,2.074686878682e-06,1.183733662141e-01,1.565482502956e-06,1.183733662141e-01,0.000000000000e+00,2.074686878682e-06,0.000000000000e+00
205,0.000000000000e+00,2.105499515592e-06,1.183761910957e-01,1.588736708119e-06,1.183761910957e-01,0.000000000000e+00,2.105499515592e-06,0.000000000000e+00
206,0.000000000000e+00,2.131043193390e-06,1.183855704011e-01,1.608017228768e-06,1.183855704011e-01,0.000000000000e+00,2.131043193390e-06,0.000000000000e+00
207,0.000000000000e+00,2.165735532595e-06,1.184009118704e-01,1.634203678124e-06,1.184009118704e-01,0.000000000000e+00,2.165735532595e-06,0.000000000000e+00
208,0.000000000000e+00,2.201367076457e-06,1.184210552912e-01,1.661100834013e-06,1.184210552912e-01,0.000000000000e+00,2.201367076457e-06,0.000000000000e+00
209,0.000000000000e+00,2.239481072467e-06,1.184453792848e-01,1.689872846852e-06,1.184453792848e-01,0.000000000000e+00,2.239481072467e-06,0.000000000000e+00
210,0.000000000000e+00,2.276461040196e-06,1.184731816902e-01,1.717787832680e-06,1.184731816902e-01,0.000000000000e+00,2.276461040196e-06,0.000000000000e+00
211,0.000000000000e+00,2.317481019773e-06,1.185029854405e-01,1.748751640271e-06,1.185029854405e-01,0.000000000000e+00,2.317481019773e-06,0.000000000000e+00
212,0.000000000000e+00,2.356914709681e-06,1.185339624630e-01,1.778519462137e-06,1.185339624630e-01,0.000000000000e+00,2.356914709681e-06,0.000000000000e+00
213,0.000000000000e+00,2.399364640411e-06,1.185648455517e-01,1.810562744878e-06,1.185648455517e-01,0.000000000000e+00,2.399364640411e-06,0.000000000000e+00
214,0.000000000000e+00,2.440600313184e-06,1.185944477110e-01,1.841687617914e-06,1.185944477110e-01,0.000000000000e+00,2.440600313184e-06,0.000000000000e+00
215,0.000000000000e+00,2.484324531116e-06,1.186218084132e-01,1.874689632724e-06,1.186218084132e-01,0.000000000000e+00,2.484324531116e-06,0.000000000000e+00
216,0.000000000000e+00,2.527672614042e-06,1.186459281148e-01,1.907405493542e-06,1.186459281148e-01,0.000000000000e+00,2.527672614042e-06,0.000000000000e+00
217,0.000000000000e+00,2.570606487316e-06,1.186666489994e-01,1.939807470914e-06,1.186666489994e-01,0.000000000000e+00,2.570606487316e-06,0.000000000000e+00
218,0.000000000000e+00,2.604360198224e-06,1.186841081538e-01,1.965280714278e-06,1.186841081538e-01,0.000000000000e+00,2.604360198224e-06,0.000000000000e+00
219,0.000000000000e+00,2.632873644709e-06,1.186984474850e-01,1.986798065358e-06,1.186984474850e-01,0.000000000000e+00,2.632873644709e-06,0.000000000000e+00
220,0.000000000000e+00,2.653325288921e-06,1.187098372566e-01,2.002230169810e-06,1.187098372566e-01,0.000000000000e+00,2.653325288921e-06,0.000000000000e+00
221,0.000000000000e+00,2.657923858206e-06,1.187185665735e-01,2.005697950020e-06,1.187185665735e-01,0.000000000000e+00,2.657923858206e-06,0.000000000000e+00
222,0.000000000000e+00,2.644268338269e-06,1.187248646694e-01,1.995389109342e-06,1.187248646694e-01,0.000000000000e+00,2.644268338269e-06,0.000000000000e+00
223,0.000000000000e+00,2.639872115347e-06,1.187291076981e-01,1.992066313554e-06,1.187291076981e-01,0.000000000000e+00,2.639872115347e-06,0.000000000000e+00
224,0.000000000000e+00,1.482474916089e-06,1.187331733495e-01,1.118688157774e-06,1.187331733495e-01,0.000000000000e+00,1.482474916089e-06,0.000000000000e+00
225,0.000000000000e+00,1.509541072193e-06,1.187334249503e-01,1.139105637756e-06,1.187334249503e-01,0.000000000000e+00,1.509541072193e-06,0.000000000000e+00
226,0.000000000000e+00,1.557229755522e-06,1.187316225162e-01,1.175084181865e-06,1.187316225162e-01,0.000000000000e+00,1.557229755522e-06,0.000000000000e+00
227,0.000000000000e+00,1.609703001960e-06,1.187275635149e-01,1.214673071480e-06,1.187275635149e-01,0.000000000000e+00,1.609703001960e-06,0.000000000000e+00
228,0.000000000000e+00,1.675506091708e-06,1.187215760008e-01,1.264321141952e-06,1.187215760008e-01,0.000000000000e+00,1.675506091708e-06,0.000000000000e+00
229,0.000000000000e+00,1.752073617262e-06,1.187147789265e-01,1.322093703172e-06,1.187147789265e-01,0.000000000000e+00,1.752073617262e-06,0.000000000000e+00
230,0.000000000000e+00,1.840053787138e-06,1.187079490831e-01,1.388479190097e-06,1.187079490831e-01,0.000000000000e+00,1.840053787138e-06,0.000000000000e+00
231,0.000000000000e+00,1.939747269196e-06,1.187018744198e-01,1.463704781337e-06,1.187018744198e-01,0.000000000000e+00,1.939747269196e-06,0.000000000000e+00
232,0.000000000000e+00,2.049836966885e-06,1.186970988190e-01,1.546776990883e-06,1.186970988190e-01,0.000000000000e+00,2.049836966885e-06,0.000000000000e+00
233,0.000000000000e+00,3.373977118107e-06,1.186957459546e-01,2.545973318534e-06,1.186957459546e-01,0.000000000000e+00,3.373977118107e-06,0.000000000000e+00
234,0.000000000000e+00,3.490406122772e-06,1.186942086374e-01,2.633832037470e-06,1.186942086374e-01,0.000000000000e+00,3.490406122772e-06,0.000000000000e+00
235,0.000000000000e+00,3.599992175575e-06,1.186942166849e-01,2.716528153624e-06,1.186942166849e-01,0.000000000000e+00,3.599992175575e-06,0.000000000000e+00
236,0.000000000000e+00,3.699223216617e-06,1.186955447441e-01,2.791412070467e-06,1.186955447441e-01,0.000000000000e+00,3.699223216617e-06,0.000000000000e+00
237,0.000000000000e+00,3.789044979257e-06,1.186978223368e-01,2.859197078128e-06,1.186978223368e-01,0.000000000000e+00,3.789044979257e-06,0.000000000000e+00
238,0.000000000000e+00,3.872980377883e-06,1.187006791051e-01,2.922540310964e-06,1.187006791051e-01,0.000000000000e+00,3.872980377883e-06,0.000000000000e+00
239,0.000000000000e+00,3.947085082560e-06,1.187036455166e-01,2.978465337452e-06,1.187036455166e-01,0.000000000000e+00,3.947085082560e-06,0.000000000000e+00
240,0.000000000000e+00,4.016333562640e-06,1.187060040222e-01,3.030726177453e-06,1.187060040222e-01,0.000000000000e+00,4.016333562640e-06,0.000000000000e+00
241,0.000000000000e+00,4.057727518268e-06,1.187078035755e-01,3.061968261809e-06,1.187078035755e-01,0.000000000000e+00,4.057727518268e-06,0.000000000000e+00
242,0.000000000000e+00,4.078013464229e-06,1.187082885240e-01,3.077282014476e-06,1.187082885240e-01,0.000000000000e+00,4.078013464229e-06,0.000000000000e+00
243,0.000000000000e+00,4.081517269326e-06,1.187067877566e-01,3.079931592550e-06,1.187067877566e-01,0.000000000000e+00,4.081517269326e-06,0.000000000000e+00
244,0.000000000000e+00,4.071371350243e-06,1.187033346458e-01,3.072279781481e-06,1.187033346458e-01,0.000000000000e+00,4.071371350243e-06,0.000000000000e+00
245,0.000000000000e+00,4.049777839502e-06,1.186983049236e-01,3.055987755888e-06,1.186983049236e-01,0.000000000000e+00,4.049777839502e-06,0.000000000000e+00
246,0.000000000000e+00,4.017286717386e-06,1.186917527624e-01,3.031471066109e-06,1.186917527624e-01,0.000000000000e+00,4.017286717386e-06,0.000000000000e+00
247,0.000000000000e+00,3.968877080614e-06,1.186837740926e-01,2.994942917920e-06,1.186837740926e-01,0.000000000000e+00,3.968877080614e-06,0.000000000000e+00
248,0.000000000000e+00,3.931528277930e-06,1.186746721621e-01,2.966760685015e-06,1.186746721621e-01,0.000000000000e+00,3.931528277930e-06,0.000000000000e+00
249,0.000000000000e+00,3.920587854770e-06,1.186647031655e-01,2.958505614055e-06,1.186647031655e-01,0.000000000000e+00,3.920587854770e-06,0.000000000000e+00
250,0.000000000000e+00,3.923204109612e-06,1.186540489774e-01,2.960478942414e-06,1.186540489774e-01,0.000000000000e+00,3.923204109612e-06,0.000000000000e+00
251,0.000000000000e+00,3.931458639964e-06,1.186428140518e-01,2.966706321889e-06,1.186428140518e-01,0.000000000000e+00,3.931458639964e-06,0.000000000000e+00
252,0.000000000000e+00,3.943132850106e-06,1.186310372280e-01,2.975512170206e-06,1.186310372280e-01,0.000000000000e+00,3.943132850106e-06,0.000000000000e+00
253,0.000000000000e+00,3.955063862232e-06,1.186187333979e-01,2.984511455779e-06,1.186187333979e-01,0.000000000000e+00,3.955063862232e-06,0.000000000000e+00
254,0.000000000000e+00,3.966385133229e-06,1.186060346770e-01,2.993050778663e-06,1.186060346770e-01,0.000000000000e+00,3.966385133229e-06,0.000000000000e+00
255,0.000000000000e+00,3.977148394276e-06,1.185924827688e-01,3.001168868629e-06,1.185924827688e-01,0.000000000000e+00,3.977148394276e-06,0.000000000000e+00
256,0.000000000000e+00,3.986697044993e-06,1.185776658152e-01,3.008370635405e-06,1.185776658152e-01,0.000000000000e+00,3.986697044993e-06,0.000000000000e+00
257,0.000000000000e+00,3.994238908610e-06,1.185614872014e-01,3.014058642373e-06,1.185614872014e-01,0.000000000000e+00,3.994238908610e-06,0.000000000000e+00
258,0.000000000000e+00,3.995326914076e-06,1.185440169019e-01,3.014878122978e-06,1.185440169019e-01,0.000000000000e+00,3.995326914076e-06,0.000000000000e+00
259,0.000000000000e+00,3.996718860085e-06,1.185256292661e-01,3.015927854190e-06,1.185256292661e-01,0.000000000000e+00,3.996718860085e-06,0.000000000000e+00
260,0.000000000000e+00,4.004153799132e-06,1.185067594306e-01,3.021538057286e-06,1.185067594306e-01,0.000000000000e+00,4.004153799132e-06,0.000000000000e+00
261,0.000000000000e+00,4.016158576998e-06,1.184879676186e-01,3.030597380454e-06,1.184879676186e-01,0.000000000000e+00,4.016158576998e-06,0.000000000000e+00
262,0.000000000000e+00,4.029562557570e-06,1.184695665355e-01,3.040712524717e-06,1.184695665355e-01,0.000000000000e+00,4.029562557570e-06,0.000000000000e+00
263,0.000000000000e+00,4.037153563190e-06,1.184517748536e-01,3.046443398403e-06,1.184517748536e-01,0.000000000000e+00,4.037153563190e-06,0.000000000000e+00
264,0.000000000000e+00,4.042273713386e-06,1.184350171746e-01,3.050310235287e-06,1.184350171746e-01,0.000000000000e+00,4.042273713386e-06,0.000000000000e+00
265,0.000000000000e+00,4.049791387859e-06,1.184195172955e-01,3.055986499797e-06,1.184195172955e-01,0.000000000000e+00,4.049791387859e-06,0.000000000000e+00
266,0.000000000000e+00,4.063628608598e-06,1.184052192300e-01,3.066430019461e-06,1.184052192300e-01,0.000000000000e+00,4.063628608598e-06,0.000000000000e+00
267,0.000000000000e+00,4.083250320467e-06,1.183923270189e-01,3.081238259052e-06,1.183923270189e-01,0.000000000000e+00,4.083250320467e-06,0.000000000000e+00
268,0.000000000000e+00,4.099146133160e-06,1.183806053444e-01,3.093233879195e-06,1.183806053444e-01,0.000000000000e+00,4.099146133160e-06,0.000000000000e+00
269,0.000000000000e+00,4.107308405094e-06,1.183696226606e-01,3.099393657438e-06,1.183696226606e-01,0.000000000000e+00,4.107308405094e-06,0.000000000000e+00
270,0.000000000000e+00,4.108086903115e-06,1.183591485961e-01,3.099980302253e-06,1.183591485961e-01,0.000000000000e+00,4.108086903115e-06,0.000000000000e+00
271,0.000000000000e+00,4.101813612906e-06,1.183489347407e-01,3.095243520309e-06,1.183489347407e-01,0.000000000000e+00,4.101813612906e-06,0.000000000000e+00
272,0.000000000000e+00,4.090422693748e-06,1.183390626984e-01,3.086644335180e-06,1.183390626984e-01,0.000000000000e+00,4.090422693748e-06,0.000000000000e+00
273,0.000000000000e+00,4.073189272693e-06,1.183291414741e-01,3.073630987303e-06,1.183291414741e-01,0.000000000000e+00,4.073189272693e-06,0.000000000000e+00
274,0.000000000000e+00,4.049634888620e-06,1.183190185831e-01,3.055837181296e-06,1.183190185831e-01,0.000000000000e+00,4.049634888620e-06,0.000000000000e+00
275,0.000000000000e+00,4.019392524201e-06,1.183090793873e-01,3.033006104630e-06,1.183090793873e-01,0.000000000000e+00,4.019392524201e-06,0.000000000000e+00
276,0.000000000000e+00,3.982357188209e-06,1.182992587054e-01,3.005050191756e-06,1.182992587054e-01,0.000000000000e+00,3.982357188209e-06,0.000000000000e+00
277,0.000000000000e+00,3.939141584726e-06,1.182897380732e-01,2.972428822138e-06,1.182897380732e-01,0.000000000000e+00,3.939141584726e-06,0.000000000000e+00
278,0.000000000000e+00,3.891842603994e-06,1.182805910551e-01,2.936724845087e-06,1.182805910551e-01,0.000000000000e+00,3.891842603994e-06,0.000000000000e+00
279,0.000000000000e+00,3.839862928165e-06,1.182718559865e-01,2.897486903123e-06,1.182718559865e-01,0.000000000000e+00,3.839862928165e-06,0.000000000000e+00
280,0.000000000000e+00,3.782223367373e-06,1.182635176977e-01,2.853977098028e-06,1.182635176977e-01,0.000000000000e+00,3.782223367373e-06,0.000000000000e+00
281,0.000000000000e+00,3.719178537979e-06,1.182556572318e-01,2.806388044682e-06,1.182556572318e-01,0.000000000000e+00,3.719178537979e-06,0.000000000000e+00
282,0.000000000000e+00,3.649600720429e-06,1.182482455469e-01,2.753869445210e-06,1.182482455469e-01,0.000000000000e+00,3.649600720429e-06,0.000000000000e+00
283,0.000000000000e+00,3.574436813479e-06,1.182412330381e-01,2.697136105306e-06,1.182412330381e-01,0.000000000000e+00,3.574436813479e-06,0.000000000000e+00
284,0.000000000000e+00,3.494640223289e-06,1.182344542510e-01,2.636908423347e-06,1.182344542510e-01,0.000000000000e+00,3.494640223289e-06,0.000000000000e+00
285,0.000000000000e+00,3.409833613653e-06,1.182274413858e-01,2.572901299565e-06,1.182274413858e-01,0.000000000000e+00,3.409833613653e-06,0.000000000000e+00
286,0.000000000000e+00,3.321715695300e-06,1.182197878002e-01,2.506395768648e-06,1.182197878002e-01,0.000000000000e+00,3.321715695300e-06,0.000000000000e+00
287,0.000000000000e+00,3.233868756502e-06,1.182113144584e-01,2.440092505803e-06,1.182113144584e-01,0.000000000000e+00,3.233868756502e-06,0.000000000000e+00
288,0.000000000000e+00,3.151537893955e-06,1.182022776601e-01,2.377954798446e-06,1.182022776601e-01,0.000000000000e+00,3.151537893955e-06,0.000000000000e+00
289,0.000000000000e+00,3.078458860656e-06,1.181933115034e-01,2.322801661232e-06,1.181933115034e-01,0.000000000000e+00,3.078458860656e-06,0.000000000000e+00
290,0.000000000000e+00,3.014021879013e-06,1.181851659386e-01,2.274172783922e-06,1.181851659386e-01,0.000000000000e+00,3.014021879013e-06,0.000000000000e+00
291,0.000000000000e+00,2.957967975210e-06,1.181783382611e-01,2.231872515652e-06,1.181783382611e-01,0.000000000000e+00,2.957967975210e-06,0.000000000000e+00
292,0.000000000000e+00,2.909919583046e-06,1.181729942575e-01,2.195616638598e-06,1.181729942575e-01,0.000000000000e+00,2.909919583046e-06,0.000000000000e+00
293,0.000000000000e+00,2.869207277044e-06,1.181690847088e-01,2.164897651364e-06,1.181690847088e-01,0.000000000000e+00,2.869207277044e-06,0.000000000000e+00
294,0.000000000000e+00,2.835155687038e-06,1.181667721382e-01,2.139207358130e-06,1.181667721382e-01,0.000000000000e+00,2.835155687038e-06,0.000000000000e+00
295,0.000000000000e+00,2.807102653850e-06,1.181659553615e-01,2.118046029635e-06,1.181659553615e-01,0.000000000000e+00,2.807102653850e-06,0.000000000000e+00
296,0.000000000000e+00,2.784416510645e-06,1.181662008275e-01,2.100936876779e-06,1.181662008275e-01,0.000000000000e+00,2.784416510645e-06,0.000000000000e+00
297,0.000000000000e+00,2.766231048057e-06,1.181671419036e-01,2.087229686792e-06,1.181671419036e-01,0.000000000000e+00,2.766231048057e-06,0.000000000000e+00
298,0.000000000000e+00,2.751472710678e-06,1.181684356697e-01,2.076109089192e-06,1.181684356697e-01,0.000000000000e+00,2.751472710678e-06,0.000000000000e+00
299,0.000000000000e+00,2.739991062883e-06,1.181695547408e-01,2.067463739698e-06,1.181695547408e-01,0.000000000000e+00,2.739991062883e-06,0.000000000000e+00
300,0.000000000000e+00,2.731616363583e-06,1.181706529750e-01,2.061164184319e-06,1.181706529750e-01,0.000000000000e+00,2.731616363583e-06,0.000000000000e+00
301,0.000000000000e+00,2.726090962624e-06,1.181710812024e-01,2.057015910706e-06,1.181710812024e-01,0.000000000000e+00,2.726090962624e-06,0.000000000000e+00
302,0.000000000000e+00,2.723044955118e-06,1.181703387905e-01,2.054739022749e-06,1.181703387905e-01,0.000000000000e+00,2.723044955118e-06,0.000000000000e+00
303,0.000000000000e+00,2.722730383084e-06,1.181685316446e-01,2.054523531325e-06,1.181685316446e-01,0.000000000000e+00,2.722730383084e-06,0.000000000000e+00
304,0.000000000000e+00,2.724920088800e-06,1.181657891148e-01,2.056197768612e-06,1.181657891148e-01,0.000000000000e+00,2.724920088800e-06,0.000000000000e+00
305,0.000000000000e+00,2.729264046824e-06,1.181623431862e-01,2.059497179706e-06,1.181623431862e-01,0.000000000000e+00,2.729264046824e-06,0.000000000000e+00
306,0.000000000000e+00,2.735535011890e-06,1.181581534162e-01,2.064249860218e-06,1.181581534162e-01,0.000000000000e+00,2.735535011890e-06,0.000000000000e+00
307,0.000000000000e+00,2.743637372114e-06,1.181532185129e-01,2.070383708333e-06,1.181532185129e-01,0.000000000000e+00,2.743637372114e-06,0.000000000000e+00
308,0.000000000000e+00,2.753659784096e-06,1.181474685071e-01,2.077964684970e-06,1.181474685071e-01,0.000000000000e+00,2.753659784096e-06,0.000000000000e+00
309,0.000000000000e+00,2.764784742893e-06,1.181409548428e-01,2.086379312999e-06,1.181409548428e-01,0.000000000000e+00,2.764784742893e-06,0.000000000000e+00
310,0.000000000000e+00,2.775606802728e-06,1.181331692166e-01,2.094561003591e-06,1.181331692166e-01,0.000000000000e+00,2.775606802728e-06,0.000000000000e+00
311,0.000000000000e+00,2.785228078482e-06,1.181243068604e-01,2.101838401945e-06,1.181243068604e-01,0.000000000000e+00,2.785228078482e-06,0.000000000000e+00
312,0.000000000000e+00,2.792265804670e-06,1.181140190991e-01,2.107165158754e-06,1.181140190991e-01,0.000000000000e+00,2.792265804670e-06,0.000000000000e+00
313,0.000000000000e+00,2.796706238785e-06,1.181019646077e-01,2.110527700336e-06,1.181019646077e-01,0.000000000000e+00,2.796706238785e-06,0.000000000000e+00
314,0.000000000000e+00,2.798494733293e-06,1.180880799038e-01,2.111887080785e-06,1.180880799038e-01,0.000000000000e+00,2.798494733293e-06,0.000000000000e+00
315,0.000000000000e+00,2.797507791707e-06,1.180723878801e-01,2.111150067903e-06,1.180723878801e-01,0.000000000000e+00,2.797507791707e-06,0.000000000000e+00
316,0.000000000000e+00,2.793499293988e-06,1.180551294365e-01,2.108131108290e-06,1.180551294365e-01,0.000000000000e+00,2.793499293988e-06,0.000000000000e+00
317,0.000000000000e+00,2.786327144419e-06,1.180366988156e-01,2.102722962690e-06,1.180366988156e-01,0.000000000000e+00,2.786327144419e-06,0.000000000000e+00
318,0.000000000000e+00,2.775963958712e-06,1.180174681286e-01,2.094905110195e-06,1.180174681286e-01,0.000000000000e+00,2.775963958712e-06,0.000000000000e+00
319,0.000000000000e+00,2.762432478544e-06,1.179977899958e-01,2.084695220269e-06,1.179977899958e-01,0.000000000000e+00,2.762432478544e-06,0.000000000000e+00
320,0.000000000000e+00,2.745204325087e-06,1.179779937500e-01,2.071694777734e-06,1.179779937500e-01,0.000000000000e+00,2.745204325087e-06,0.000000000000e+00
321,0.000000000000e+00,2.723968060778e-06,1.179584252218e-01,2.055668477236e-06,1.179584252218e-01,0.000000000000e+00,2.723968060778e-06,0.000000000000e+00
322,0.000000000000e+00,2.698958057029e-06,1.179394934442e-01,2.036792442029e-06,1.179394934442e-01,0.000000000000e+00,2.698958057029e-06,0.000000000000e+00
323,0.000000000000e+00,2.671688641680e-06,1.179214251590e-01,2.016209995544e-06,1.179214251590e-01,0.000000000000e+00,2.671688641680e-06,0.000000000000e+00
324,0.000000000000e+00,2.642605216715e-06,1.179041037142e-01,1.994247974155e-06,1.179041037142e-01,0.000000000000e+00,2.642605216715e-06,0.000000000000e+00
325,0.000000000000e+00,2.612137910500e-06,1.178874055426e-01,1.971243874295e-06,1.178874055426e-01,0.000000000000e+00,2.612137910500e-06,0.000000000000e+00
326,0.000000000000e+00,2.580716253608e-06,1.178714122402e-01,1.947517872064e-06,1.178714122402e-01,0.000000000000e+00,2.580716253608e-06,0.000000000000e+00
327,0.000000000000e+00,2.548730769396e-06,1.178559967609e-01,1.923365600425e-06,1.178559967609e-01,0.000000000000e+00,2.548730769396e-06,0.000000000000e+00
328,0.000000000000e+00,2.516516677998e-06,1.178409679074e-01,1.899039689512e-06,1.178409679074e-01,0.000000000000e+00,2.516516677998e-06,0.000000000000e+00
329,0.000000000000e+00,2.484909683448e-06,1.178262513897e-01,1.875177119200e-06,1.178262513897e-01,0.000000000000e+00,2.484909683448e-06,0.000000000000e+00
330,0.000000000000e+00,2.454301632768e-06,1.178119658152e-01,1.852072939021e-06,1.178119658152e-01,0.000000000000e+00,2.454301632768e-06,0.000000000000e+00
331,0.000000000000e+00,2.424795939408e-06,1.177978527420e-01,1.829801414019e-06,1.177978527420e-01,0.000000000000e+00,2.424795939408e-06,0.000000000000e+00
332,0.000000000000e+00,2.396397914190e-06,1.177837373480e-01,1.808365848837e-06,1.177837373480e-01,0.000000000000e+00,2.396397914190e-06,0.000000000000e+00
333,0.000000000000e+00,2.369110746316e-06,1.177698421560e-01,1.787769083141e-06,1.177698421560e-01,0.000000000000e+00,2.369110746316e-06,0.000000000000e+00
334,0.000000000000e+00,2.342890437363e-06,1.177562700179e-01,1.767978329712e-06,1.177562700179e-01,0.000000000000e+00,2.342890437363e-06,0.000000000000e+00
335,0.000000000000e+00,2.317618377512e-06,1.177431409281e-01,1.748904384849e-06,1.177431409281e-01,0.000000000000e+00,2.317618377512e-06,0.000000000000e+00
336,0.000000000000e+00,2.293177195286e-06,1.177306160773e-01,1.730456481547e-06,1.177306160773e-01,0.000000000000e+00,2.293177195286e-06,0.000000000000e+00
337,0.000000000000e+00,2.269444018334e-06,1.177187026663e-01,1.712544332400e-06,1.177187026663e-01,0.000000000000e+00,2.269444018334e-06,0.000000000000e+00
338,0.000000000000e+00,2.246303498671e-06,1.177072791087e-01,1.695080858412e-06,1.177072791087e-01,0.000000000000e+00,2.246303498671e-06,0.000000000000e+00
339,0.000000000000e+00,2.223645097678e-06,1.176961923748e-01,1.677979412629e-06,1.176961923748e-01,0.000000000000e+00,2.223645097678e-06,0.000000000000e+00
340,0.000000000000e+00,2.201357468344e-06,1.176852429386e-01,1.661159779590e-06,1.176852429386e-01,0.000000000000e+00,2.201357468344e-06,0.000000000000e+00
341,0.000000000000e+00,2.179336976981e-06,1.176741177702e-01,1.644546644584e-06,1.176741177702e-01,0.000000000000e+00,2.179336976981e-06,0.000000000000e+00
342,0.000000000000e+00,2.157397781184e-06,1.176624884891e-01,1.627990051000e-06,1.176624884891e-01,0.000000000000e+00,2.157397781184e-06,0.000000000000e+00
343,0.000000000000e+00,2.135469116908e-06,1.176502147369e-01,1.611441362355e-06,1.176502147369e-01,0.000000000000e+00,2.135469116908e-06,0.000000000000e+00
344,0.000000000000e+00,2.113440086463e-06,1.176372371491e-01,1.594815847685e-06,1.176372371491e-01,0.000000000000e+00,2.113440086463e-06,0.000000000000e+00
345,0.000000000000e+00,2.091159866639e-06,1.176237677524e-01,1.577999809778e-06,1.176237677524e-01,0.000000000000e+00,2.091159866639e-06,0.000000000000e+00
346,0.000000000000e+00,2.068581894446e-06,1.176103434197e-01,1.560959355182e-06,1.176103434197e-01,0.000000000000e+00,2.068581894446e-06,0.000000000000e+00
347,0.000000000000e+00,2.045664011483e-06,1.175975290419e-01,1.543665037287e-06,1.175975290419e-01,0.000000000000e+00,2.045664011483e-06,0.000000000000e+00
348,0.000000000000e+00,2.022446461870e-06,1.175855851697e-01,1.526144047448e-06,1.175855851697e-01,0.000000000000e+00,2.022446461870e-06,0.000000000000e+00
349,0.000000000000e+00,1.998872365159e-06,1.175746750336e-01,1.508352767963e-06,1.175746750336e-01,0.000000000000e+00,1.998872365159e-06,0.000000000000e+00
350,0.000000000000e+00,1.974822384305e-06,1.175647439457e-01,1.490200743938e-06,1.175647439457e-01,0.000000000000e+00,1.974822384305e-06,0.000000000000e+00
351,0.000000000000e+00,1.950221396394e-06,1.175558242197e-01,1.471630908825e-06,1.175558242197e-01,0.000000000000e+00,1.950221396394e-06,0.000000000000e+00
352,0.000000000000e+00,1.925025597007e-06,1.175478322817e-01,1.452617476635e-06,1.175478322817e-01,0.000000000000e+00,1.925025597007e-06,0.000000000000e+00
353,0.000000000000e+00,1.899238076740e-06,1.175402925550e-01,1.433153592882e-06,1.175402925550e-01,0.000000000000e+00,1.899238076740e-06,0.000000000000e+00
354,0.000000000000e+00,1.872876938539e-06,1.175328039195e-01,1.413252652193e-06,1.175328039195e-01,0.000000000000e+00,1.872876938539e-06,0.000000000000e+00
355,0.000000000000e+00,1.845962957784e-06,1.175256593527e-01,1.392932798989e-06,1.175256593527e-01,0.000000000000e+00,1.845962957784e-06,0.000000000000e+00
356,0.000000000000e+00,1.818548363758e-06,1.175183935363e-01,1.372233513937e-06,1.175183935363e-01,0.000000000000e+00,1.818548363758e-06,0.000000000000e+00
357,0.000000000000e+00,1.790754121564e-06,1.175104407605e-01,1.351246180943e-06,1.175104407605e-01,0.000000000000e+00,1.790754121564e-06,0.000000000000e+00
358,0.000000000000e+00,1.762676407419e-06,1.175017072806e-01,1.330043298655e-06,1.175017072806e-01,0.000000000000e+00,1.762676407419e-06,0.000000000000e+00
359,0.000000000000e+00,1.734410749900e-06,1.174922408536e-01,1.308697561981e-06,1.174922408536e-01,0.000000000000e+00,1.734410749900e-06,0.000000000000e+00
360,0.000000000000e+00,1.706046699888e-06,1.174821205868e-01,1.287276637887e-06,1.174821205868e-01,0.000000000000e+00,1.706046699888e-06,0.000000000000e+00
361,0.000000000000e+00,1.677650533695e-06,1.174713687160e-01,1.265830740681e-06,1.174713687160e-01,0.000000000000e+00,1.677650533695e-06,0.000000000000e+00
362,0.000000000000e+00,1.649309749751e-06,1.174598814896e-01,1.244429198758e-06,1.174598814896e-01,0.000000000000e+00,1.649309749751e-06,0.000000000000e+00
363,0.000000000000e+00,1.621108650416e-06,1.174477030956e-01,1.223132280059e-06,1.174477030956e-01,0.000000000000e+00,1.621108650416e-06,0.000000000000e+00
364,0.000000000000e+00,1.593118156119e-06,1.174346134334e-01,1.201989985212e-06,1.174346134334e-01,0.000000000000e+00,1.593118156119e-06,0.000000000000e+00
365,0.000000000000e+00,1.565387480104e-06,1.174208993708e-01,1.181045163741e-06,1.174208993708e-01,0.000000000000e+00,1.565387480104e-06,0.000000000000e+00
366,0.000000000000e+00,1.537961813469e-06,1.174062586960e-01,1.160331640062e-06,1.174062586960e-01,0.000000000000e+00,1.537961813469e-06,0.000000000000e+00
367,0.000000000000e+00,1.510866697125e-06,1.173904916682e-01,1.139869328704e-06,1.173904916682e-01,0.000000000000e+00,1.510866697125e-06,0.000000000000e+00
368,0.000000000000e+00,1.484090891218e-06,1.173734569157e-01,1.119649985250e-06,1.173734569157e-01,0.000000000000e+00,1.484090891218e-06,0.000000000000e+00
369,0.000000000000e+00,1.457651580434e-06,1.173550975709e-01,1.099686500302e-06,1.173550975709e-01,0.000000000000e+00,1.457651580434e-06,0.000000000000e+00
370,0.000000000000e+00,1.431606823902e-06,1.173352925874e-01,1.080022204275e-06,1.173352925874e-01,0.000000000000e+00,1.431606823902e-06,0.000000000000e+00
371,0.000000000000e+00,1.405988113869e-06,1.173140354888e-01,1.060681873745e-06,1.173140354888e-01,0.000000000000e+00,1.405988113869e-06,0.000000000000e+00
372,0.000000000000e+00,1.380806109077e-06,1.172914527511e-01,1.041674492793e-06,1.172914527511e-01,0.000000000000e+00,1.380806109077e-06,0.000000000000e+00
373,0.000000000000e+00,1.356056217071e-06,1.172677410162e-01,1.022995881664e-06,1.172677410162e-01,0.000000000000e+00,1.356056217071e-06,0.000000000000e+00
374,0.000000000000e+00,1.331716284390e-06,1.172431370664e-01,1.004630313711e-06,1.172431370664e-01,0.000000000000e+00,1.331716284390e-06,0.000000000000e+00
375,0.000000000000e+00,1.308175696360e-06,1.172177905045e-01,9.868739331896e-07,1.172177905045e-01,0.000000000000e+00,1.308175696360e-06,0.000000000000e+00
376,0.000000000000e+00,1.285571529546e-06,1.171920566069e-01,9.698253160189e-07,1.171920566069e-01,0.000000000000e+00,1.285571529546e-06,0.000000000000e+00
377,0.000000000000e+00,1.263868986029e-06,1.171661803686e-01,9.534629995539e-07,1.171661803686e-01,0.000000000000e+00,1.263868986029e-06,0.000000000000e+00
378,0.000000000000e+00,1.243031392258e-06,1.171404071415e-01,9.377546531075e-07,1.171404071415e-01,0.000000000000e+00,1.243031392258e-06,0.000000000000e+00
379,0.000000000000e+00,1.222975872082e-06,1.171147550273e-01,9.226432486403e-07,1.171147550273e-01,0.000000000000e+00,1.222975872082e-06,0.000000000000e+00
380,0.000000000000e+00,1.203633575398e-06,1.170893235880e-01,9.080740562415e-07,1.170893235880e-01,0.000000000000e+00,1.203633575398e-06,0.000000000000e+00
381,0.000000000000e+00,1.184938004757e-06,1.170641429178e-01,8.939965929184e-07,1.170641429178e-01,0.000000000000e+00,1.184938004757e-06,0.000000000000e+00
382,0.000000000000e+00,1.166851026861e-06,1.170392017892e-01,8.803812886654e-07,1.170392017892e-01,0.000000000000e+00,1.166851026861e-06,0.000000000000e+00
383,0.000000000000e+00,1.149330367458e-06,1.170145820427e-01,8.671963959425e-07,1.170145820427e-01,0.000000000000e+00,1.149330367458e-06,0.000000000000e+00
384,0.000000000000e+00,1.132337588997e-06,1.169901458624e-01,8.544115833571e-07,1.169901458624e-01,0.000000000000e+00,1.132337588997e-06,0.000000000000e+00
385,0.000000000000e+00,1.115815753907e-06,1.169657604570e-01,8.419836474222e-07,1.169657604570e-01,0.000000000000e+00,1.115815753907e-06,0.000000000000e+00
386,0.000000000000e+00,1.099637110299e-06,1.169414766934e-01,8.298199901615e-07,1.169414766934e-01,0.000000000000e+00,1.099637110299e-06,0.000000000000e+00
387,0.000000000000e+00,1.083758048548e-06,1.169169964687e-01,8.178822104222e-07,1.169169964687e-01,0.000000000000e+00,1.083758048548e-06,0.000000000000e+00
388,0.000000000000e+00,1.068126952202e-06,1.168926028102e-01,8.061305087000e-07,1.168926028102e-01,0.000000000000e+00,1.068126952202e-06,0.000000000000e+00
389,0.000000000000e+00,1.052696904579e-06,1.168684482184e-01,7.945299952287e-07,1.168684482184e-01,0.000000000000e+00,1.052696904579e-06,0.000000000000e+00
390,0.000000000000e+00,1.037428948471e-06,1.168446454718e-01,7.830505786495e-07,1.168446454718e-01,0.000000000000e+00,1.037428948471e-06,0.000000000000e+00
391,0.000000000000e+00,1.022282708428e-06,1.168212543336e-01,7.716610003065e-07,1.168212543336e-01,0.000000000000e+00,1.022282708428e-06,0.000000000000e+00
392,0.000000000000e+00,1.007226550116e-06,1.167982449951e-01,7.603375863792e-07,1.167982449951e-01,0.000000000000e+00,1.007226550116e-06,0.000000000000e+00
393,0.000000000000e+00,9.922430245569e-07,1.167756029235e-01,7.490638989460e-07,1.167756029235e-01,0.000000000000e+00,9.922430245569e-07,0.000000000000e+00
394,0.000000000000e+00,9.773020121491e-07,1.167532822672e-01,7.378209417790e-07,1.167532822672e-01,0.000000000000e+00,9.773020121491e-07,0.000000000000e+00
395,0.000000000000e+00,9.623770644601e-07,1.167311370521e-01,7.265849321084e-07,1.167311370521e-01,0.000000000000e+00,9.623770644601e-07,0.000000000000e+00
396,0.000000000000e+00,9.474462453320e-07,1.167090239312e-01,7.153392346968e-07,1.167090239312e-01,0.000000000000e+00,9.474462453320e-07,0.000000000000e+00
397,0.000000000000e+00,9.325008899526e-07,1.166867991417e-01,7.040764988043e-07,1.166867991417e-01,0.000000000000e+00,9.325008899526e-07,0.000000000000e+00
398,0.000000000000e+00,9.175351182937e-07,1.166642994298e-01,6.927917195633e-07,1.166642994298e-01,0.000000000000e+00,9.175351182937e-07,0.000000000000e+00
399,0.000000000000e+00,9.025482061301e-07,1.166414431462e-01,6.814838641681e-07,1.166414431462e-01,0.000000000000e+00,9.025482061301e-07,0.000000000000e+00
400,0.000000000000e+00,8.875321855408e-07,1.166181892136e-01,6.701472931248e-07,1.166181892136e-01,0.000000000000e+00,8.875321855408e-07,0.000000000000e+00
401,0.000000000000e+00,8.724940296778e-07,1.165945812900e-01,6.587880567937e-07,1.165945812900e-01,0.000000000000e+00,8.724940296778e-07,0.000000000000e+00
402,0.000000000000e+00,8.574271499948e-07,1.165707711612e-01,6.474022416879e-07,1.165707711612e-01,0.000000000000e+00,8.574271499948e-07,0.000000000000e+00
403,0.000000000000e+00,8.423347837561e-07,1.165469041449e-01,6.359929332415e-07,1.165469041449e-01,0.000000000000e+00,8.423347837561e-07,0.000000000000e+00
404,0.000000000000e+00,8.272212118406e-07,1.165231731649e-01,6.245667819908e-07,1.165231731649e-01,0.000000000000e+00,8.272212118406e-07,0.000000000000e+00
405,0.000000000000e+00,8.121157445820e-07,1.165001073979e-01,6.131518942685e-07,1.165001073979e-01,0.000000000000e+00,8.121157445820e-07,0.000000000000e+00
406,0.000000000000e+00,7.970130637270e-07,1.164779174356e-01,6.017365083869e-07,1.164779174356e-01,0.000000000000e+00,7.970130637270e-07,0.000000000000e+00
407,0.000000000000e+00,7.819025213934e-07,1.164559632664e-01,5.903117578225e-07,1.164559632664e-01,0.000000000000e+00,7.819025213934e-07,0.000000000000e+00
408,0.000000000000e+00,7.667765880650e-07,1.164343225637e-01,5.788740107987e-07,1.164343225637e-01,0.000000000000e+00,7.667765880650e-07,0.000000000000e+00
409,0.000000000000e+00,7.526161549014e-07,1.164129953880e-01,5.681649896827e-07,1.164129953880e-01,0.000000000000e+00,7.526161549014e-07,0.000000000000e+00
410,0.000000000000e+00,7.393618869144e-07,1.163916039950e-01,5.581390146549e-07,1.163916039950e-01,0.000000000000e+00,7.393618869144e-07,0.000000000000e+00
411,0.000000000000e+00,7.268839664125e-07,1.163696971105e-01,5.486981102355e-07,1.163696971105e-01,0.000000000000e+00,7.268839664125e-07,0.000000000000e+00
412,0.000000000000e+00,7.150708316002e-07,1.163471006264e-01,5.397585187548e-07,1.163471006264e-01,0.000000000000e+00,7.150708316002e-07,0.000000000000e+00
413,0.000000000000e+00,7.038240767329e-07,1.163237718704e-01,5.312475135375e-07,1.163237718704e-01,0.000000000000e+00,7.038240767329e-07,0.000000000000e+00
414,0.000000000000e+00,6.930527114571e-07,1.162995508456e-01,5.230887497750e-07,1.162995508456e-01,0.000000000000e+00,6.930527114571e-07,0.000000000000e+00
415,0.000000000000e+00,6.827042885374e-07,1.162748148956e-01,5.152480776128e-07,1.162748148956e-01,0.000000000000e+00,6.827042885374e-07,0.000000000000e+00
416,0.000000000000e+00,6.727176378533e-07,1.162496830025e-01,5.076822363589e-07,1.162496830025e-01,0.000000000000e+00,6.727176378533e-07,0.000000000000e+00
417,0.000000000000e+00,6.630287622530e-07,1.162241912553e-01,5.003436294761e-07,1.162241912553e-01,0.000000000000e+00,6.630287622530e-07,0.000000000000e+00
418,0.000000000000e+00,6.535860891685e-07,1.161982754335e-01,4.931934809159e-07,1.161982754335e-01,0.000000000000e+00,6.535860891685e-07,0.000000000000e+00
419,0.000000000000e+00,6.443372926999e-07,1.161718655691e-01,4.861919238482e-07,1.161718655691e-01,0.000000000000e+00,6.443372926999e-07,0.000000000000e+00
420,0.000000000000e+00,6.352380752532e-07,1.161448927509e-01,4.793055186646e-07,1.161448927509e-01,0.000000000000e+00,6.352380752532e-07,0.000000000000e+00
421,0.000000000000e+00,6.259491862739e-07,1.161172880680e-01,4.722782569366e-07,1.161172880680e-01,0.000000000000e+00,6.259491862739e-07,0.000000000000e+00
422,0.000000000000e+00,6.163872797209e-07,1.160889165211e-01,4.650470798304e-07,1.160889165211e-01,0.000000000000e+00,6.163872797209e-07,0.000000000000e+00
423,0.000000000000e+00,6.065636551635e-07,1.160596094926e-01,4.576200043567e-07,1.160596094926e-01,0.000000000000e+00,6.065636551635e-07,0.000000000000e+00
424,0.000000000000e+00,5.964819501184e-07,1.160292661549e-01,4.499992156122e-07,1.160292661549e-01,0.000000000000e+00,5.964819501184e-07,0.000000000000e+00
425,0.000000000000e+00,5.861663938589e-07,1.159978771200e-01,4.422033468566e-07,1.159978771200e-01,0.000000000000e+00,5.861663938589e-07,0.000000000000e+00
426,0.000000000000e+00,5.756287446570e-07,1.159654865883e-01,4.342409515923e-07,1.159654865883e-01,0.000000000000e+00,5.756287446570e-07,0.000000000000e+00
427,0.000000000000e+00,5.648860298895e-07,1.159321856028e-01,4.261270249156e-07,1.159321856028e-01,0.000000000000e+00,5.648860298895e-07,0.000000000000e+00
428,0.000000000000e+00,5.539594201551e-07,1.158980977419e-01,4.178754980990e-07,1.158980977419e-01,0.000000000000e+00,5.539594201551e-07,0.000000000000e+00
429,0.000000000000e+00,5.428737343592e-07,1.158633658336e-01,4.095082704573e-07,1.158633658336e-01,0.000000000000e+00,5.428737343592e-07,0.000000000000e+00
430,0.000000000000e+00,5.316600650740e-07,1.158281437607e-01,4.010469124649e-07,1.158281437607e-01,0.000000000000e+00,5.316600650740e-07,0.000000000000e+00
431,0.000000000000e+00,5.203368865270e-07,1.157925402966e-01,3.925090012593e-07,1.157925402966e-01,0.000000000000e+00,5.203368865270e-07,0.000000000000e+00
432,0.000000000000e+00,5.089394070426e-07,1.157566946602e-01,3.839104688312e-07,1.157566946602e-01,0.000000000000e+00,5.089394070426e-07,0.000000000000e+00
433,0.000000000000e+00,4.974771286976e-07,1.157207647711e-01,3.752666223999e-07,1.157207647711e-01,0.000000000000e+00,4.974771286976e-07,0.000000000000e+00
434,0.000000000000e+00,4.859682632253e-07,1.156848189765e-01,3.665891922909e-07,1.156848189765e-01,0.000000000000e+00,4.859682632253e-07,0.000000000000e+00
435,0.000000000000e+00,4.744263141503e-07,1.156489058393e-01,3.578879895181e-07,1.156489058393e-01,0.000000000000e+00,4.744263141503e-07,0.000000000000e+00
436,0.000000000000e+00,4.628626360218e-07,1.156131175247e-01,3.491728289732e-07,1.156131175247e-01,0.000000000000e+00,4.628626360218e-07,0.000000000000e+00
437,0.000000000000e+00,4.509065584900e-07,1.155774112966e-01,3.401601020410e-07,1.155774112966e-01,0.000000000000e+00,4.509065584900e-07,0.000000000000e+00
438,0.000000000000e+00,4.382715889860e-07,1.155416209231e-01,3.306322751324e-07,1.155416209231e-01,0.000000000000e+00,4.382715889860e-07,0.000000000000e+00
439,0.000000000000e+00,4.250472016820e-07,1.155055714539e-01,3.206647357660e-07,1.155055714539e-01,0.000000000000e+00,4.250472016820e-07,0.000000000000e+00
440,0.000000000000e+00,4.113370760610e-07,1.154695109985e-01,3.103345461586e-07,1.154695109985e-01,0.000000000000e+00,4.113370760610e-07,0.000000000000e+00
441,0.000000000000e+00,3.972500527195e-07,1.154332818626e-01,2.997175340066e-07,1.154332818626e-01,0.000000000000e+00,3.972500527195e-07,0.000000000000e+00
442,0.000000000000e+00,3.829017946030e-07,1.153970374154e-01,2.888990177493e-07,1.153970374154e-01,0.000000000000e+00,3.829017946030e-07,0.000000000000e+00
443,0.000000000000e+00,3.682648746472e-07,1.153608632612e-01,2.778609208626e-07,1.153608632612e-01,0.000000000000e+00,3.682648746472e-07,0.000000000000e+00
444,0.000000000000e+00,3.532526862617e-07,1.153248223000e-01,2.665389059373e-07,1.153248223000e-01,0.000000000000e+00,3.532526862617e-07,0.000000000000e+00
445,0.000000000000e+00,3.382269485332e-07,1.152889751688e-01,2.552064700274e-07,1.152889751688e-01,0.000000000000e+00,3.382269485332e-07,0.000000000000e+00
446,0.000000000000e+00,3.232970208793e-07,1.152533428919e-01,2.439461880544e-07,1.152533428919e-01,0.000000000000e+00,3.232970208793e-07,0.000000000000e+00
447,0.000000000000e+00,3.085246380863e-07,1.152179166162e-01,2.328063585110e-07,1.152179166162e-01,0.000000000000e+00,3.085246380863e-07,0.000000000000e+00
448,0.000000000000e+00,2.939684486632e-07,1.151826363067e-01,2.218261567562e-07,1.151826363067e-01,0.000000000000e+00,2.939684486632e-07,0.000000000000e+00
449,0.000000000000e+00,2.796668649977e-07,1.151474057953e-01,2.110368307164e-07,1.151474057953e-01,0.000000000000e+00,2.796668649977e-07,0.000000000000e+00
450,0.000000000000e+00,2.656522111447e-07,1.151121218592e-01,2.004636857131e-07,1.151121218592e-01,0.000000000000e+00,2.656522111447e-07,0.000000000000e+00
451,0.000000000000e+00,2.519383481992e-07,1.150766935852e-01,1.901175126607e-07,1.150766935852e-01,0.000000000000e+00,2.519383481992e-07,0.000000000000e+00
452,0.000000000000e+00,2.385229572224e-07,1.150410367759e-01,1.799963446434e-07,1.150410367759e-01,0.000000000000e+00,2.385229572224e-07,0.000000000000e+00
453,0.000000000000e+00,2.254064617650e-07,1.150050670521e-01,1.700993626486e-07,1.150050670521e-01,0.000000000000e+00,2.254064617650e-07,0.000000000000e+00
454,0.000000000000e+00,2.125673595415e-07,1.149687392206e-01,1.604113039076e-07,1.149687392206e-01,0.000000000000e+00,2.125673595415e-07,0.000000000000e+00
455,0.000000000000e+00,1.999840781171e-07,1.149320373252e-01,1.509160381775e-07,1.149320373252e-01,0.000000000000e+00,1.999840781171e-07,0.000000000000e+00
456,0.000000000000e+00,1.876386693578e-07,1.148949600320e-01,1.416001565869e-07,1.148949600320e-01,0.000000000000e+00,1.876386693578e-07,0.000000000000e+00
457,0.000000000000e+00,1.754985732579e-07,1.148575273659e-01,1.324387465157e-07,1.148575273659e-01,0.000000000000e+00,1.754985732579e-07,0.000000000000e+00
458,0.000000000000e+00,1.635282260458e-07,1.148197678891e-01,1.234063476592e-07,1.148197678891e-01,0.000000000000e+00,1.635282260458e-07,0.000000000000e+00
459,0.000000000000e+00,1.512659706759e-07,1.147818242258e-01,1.141530743514e-07,1.147818242258e-01,0.000000000000e+00,1.512659706759e-07,0.000000000000e+00
460,0.000000000000e+00,1.387435512825e-07,1.147437448595e-01,1.047017100373e-07,1.147437448595e-01,0.000000000000e+00,1.387435512825e-07,0.000000000000e+00
461,0.000000000000e+00,1.259849249534e-07,1.147055339739e-01,9.506897048430e-08,1.147055339739e-01,0.000000000000e+00,1.259849249534e-07,0.000000000000e+00
462,0.000000000000e+00,1.130145833209e-07,1.146672933986e-01,8.528079806859e-08,1.146672933986e-01,0.000000000000e+00,1.130145833209e-07,0.000000000000e+00
463,0.000000000000e+00,9.984810775323e-08,1.146287602619e-01,7.534718026933e-08,1.146287602619e-01,0.000000000000e+00,9.984810775323e-08,0.000000000000e+00
464,0.000000000000e+00,8.650366728556e-08,1.145897761114e-01,6.528040888339e-08,1.145897761114e-01,0.000000000000e+00,8.650366728556e-08,0.000000000000e+00
465,0.000000000000e+00,7.299684954328e-08,1.145502348518e-01,5.509068827069e-08,1.145502348518e-01,0.000000000000e+00,7.299684954328e-08,0.000000000000e+00
466,0.000000000000e+00,5.935997204030e-08,1.145101321045e-01,4.480075643223e-08,1.145101321045e-01,0.000000000000e+00,5.935997204030e-08,0.000000000000e+00
467,0.000000000000e+00,4.566056317442e-08,1.144695318639e-01,3.446117310051e-08,1.144695318639e-01,0.000000000000e+00,4.566056317442e-08,0.000000000000e+00
468,0.000000000000e+00,3.191056410930e-08,1.144284936900e-01,2.408031042460e-08,1.144284936900e-01,0.000000000000e+00,3.191056410930e-08,0.000000000000e+00
469,0.000000000000e+00,1.811229043548e-08,1.143870598105e-01,1.365885867025e-08,1.143870598105e-01,0.000000000000e+00,1.811229043548e-08,0.000000000000e+00
470,0.000000000000e+00,4.296048043890e-09,1.143452596570e-01,3.218755260698e-09,1.143452596570e-01,0.000000000000e+00,4.296048043890e-09,0.000000000000e+00
471,0.000000000000e+00,-9.520523747510e-09,1.143031191894e-01,-7.227746275725e-09,1.143031191894e-01,0.000000000000e+00,-9.520523747510e-09,0.000000000000e+00
472,0.000000000000e+00,-2.335193434130e-08,1.142606314969e-01,-1.769213094750e-08,1.142606314969e-01,0.000000000000e+00,-2.335193434130e-08,0.000000000000e+00
473,0.000000000000e+00,-3.720130132493e-08,1.142177324002e-01,-2.817776153515e-08,1.142177324002e-01,0.000000000000e+00,-3.720130132493e-08,0.000000000000e+00
474,0.000000000000e+00,-5.097514145990e-08,1.141743230855e-01,-3.861542519236e-08,1.141743230855e-01,0.000000000000e+00,-5.097514145990e-08,0.000000000000e+00
475,0.000000000000e+00,-6.470019849438e-08,1.141302746948e-01,-4.902741650555e-08,1.141302746948e-01,0.000000000000e+00,-6.470019849438e-08,0.000000000000e+00
476,0.000000000000e+00,-7.918390255968e-08,1.140854609711e-01,-6.002437032978e-08,1.140854609711e-01,0.000000000000e+00,-7.918390255968e-08,0.000000000000e+00
477,0.000000000000e+00,-9.435925295829e-08,1.140397758786e-01,-7.155602911151e-08,1.140397758786e-01,0.000000000000e+00,-9.435925295829e-08,0.000000000000e+00
478,0.000000000000e+00,-1.101718678458e-07,1.139931513692e-01,-8.358239356074e-08,1.139931513692e-01,0.000000000000e+00,-1.101718678458e-07,0.000000000000e+00
479,0.000000000000e+00,-1.265995172846e-07,1.139455495410e-01,-9.608721902030e-08,1.139455495410e-01,0.000000000000e+00,-1.265995172846e-07,0.000000000000e+00
480,0.000000000000e+00,-1.436169821225e-07,1.138969656117e-01,-1.090513862026e-07,1.138969656117e-01,0.000000000000e+00,-1.436169821225e-07,0.000000000000e+00
481,0.000000000000e+00,-1.611356158351e-07,1.138474317125e-01,-1.224078595504e-07,1.138474317125e-01,0.000000000000e+00,-1.611356158351e-07,0.000000000000e+00
482,0.000000000000e+00,-1.791265275460e-07,1.137970042416e-01,-1.361336887924e-07,1.137970042416e-01,0.000000000000e+00,-1.791265275460e-07,0.000000000000e+00
483,0.000000000000e+00,-1.975074134184e-07,1.137457539665e-01,-1.501668043419e-07,1.137457539665e-01,0.000000000000e+00,-1.975074134184e-07,0.000000000000e+00
484,0.000000000000e+00,-2.162101316920e-07,1.136937627213e-01,-1.644550938103e-07,1.136937627213e-01,0.000000000000e+00,-2.162101316920e-07,0.000000000000e+00
485,0.000000000000e+00,-2.351519032161e-07,1.136411422337e-01,-1.789347970056e-07,1.136411422337e-01,0.000000000000e+00,-2.351519032161e-07,0.000000000000e+00
486,0.000000000000e+00,-2.542380187950e-07,1.135880364885e-01,-1.935334229345e-07,1.135880364885e-01,0.000000000000e+00,-2.542380187950e-07,0.000000000000e+00
487,0.000000000000e+00,-2.733569769677e-07,1.135345586992e-01,-2.081658636734e-07,1.135345586992e-01,0.000000000000e+00,-2.733569769677e-07,0.000000000000e+00
488,0.000000000000e+00,-2.923632070279e-07,1.134808091925e-01,-2.227204581283e-07,1.134808091925e-01,0.000000000000e+00,-2.923632070279e-07,0.000000000000e+00
489,0.000000000000e+00,-3.111395992823e-07,1.134268860591e-01,-2.371058583192e-07,1.134268860591e-01,0.000000000000e+00,-3.111395992823e-07,0.000000000000e+00
490,0.000000000000e+00,-3.295814834366e-07,1.133728988649e-01,-2.512413242833e-07,1.133728988649e-01,0.000000000000e+00,-3.295814834366e-07,0.000000000000e+00
491,0.000000000000e+00,-3.476068640463e-07,1.133187131553e-01,-2.650637264111e-07,1.133187131553e-01,0.000000000000e+00,-3.476068640463e-07,0.000000000000e+00
492,0.000000000000e+00,-3.651584599054e-07,1.132641960552e-01,-2.785272970394e-07,1.132641960552e-01,0.000000000000e+00,-3.651584599054e-07,0.000000000000e+00
493,0.000000000000e+00,-3.814360706230e-07,1.132096843926e-01,-2.910111261679e-07,1.132096843926e-01,0.000000000000e+00,-3.814360706230e-07,0.000000000000e+00
494,0.000000000000e+00,-3.961677293384e-07,1.131549823584e-01,-3.023276375761e-07,1.131549823584e-01,0.000000000000e+00,-3.961677293384e-07,0.000000000000e+00
495,0.000000000000e+00,-4.094965741505e-07,1.131001321397e-01,-3.125779365944e-07,1.131001321397e-01,0.000000000000e+00,-4.094965741505e-07,0.000000000000e+00
496,0.000000000000e+00,-4.215501935593e-07,1.130452050819e-01,-3.218555507500e-07,1.130452050819e-01,0.000000000000e+00,-4.215501935593e-07,0.000000000000e+00
497,0.000000000000e+00,-4.324783353314e-07,1.129902583321e-01,-3.302649278464e-07,1.129902583321e-01,0.000000000000e+00,-4.324783353314e-07,0.000000000000e+00
498,0.000000000000e+00,-4.424211845924e-07,1.129353486945e-01,-3.379055888022e-07,1.129353486945e-01,0.000000000000e+00,-4.424211845924e-07,0.000000000000e+00
499,0.000000000000e+00,-4.514977420895e-07,1.128805166976e-01,-3.448607368285e-07,1.128805166976e-01,0.000000000000e+00,-4.514977420895e-07,0.000000000000e+00
500,0.000000000000e+00,-4.598188158901e-07,1.128257846988e-01,-3.512073221710e-07,1.128257846988e-01,0.000000000000e+00,-4.598188158901e-07,0.000000000000e+00
501,0.000000000000e+00,-4.675035828205e-07,1.127711564469e-01,-3.570282545314e-07,1.127711564469e-01,0.000000000000e+00,-4.675035828205e-07,0.000000000000e+00
502,0.000000000000e+00,-4.746607657974e-07,1.127166218894e-01,-3.623980232775e-07,1.127166218894e-01,0.000000000000e+00,-4.746607657974e-07,0.000000000000e+00
503,0.000000000000e+00,-4.813760884446e-07,1.126621574638e-01,-3.673736371475e-07,1.126621574638e-01,0.000000000000e+00,-4.813760884446e-07,0.000000000000e+00
504,0.000000000000e+00,-4.877417101856e-07,1.126077213007e-01,-3.720160004437e-07,1.126077213007e-01,0.000000000000e+00,-4.877417101856e-07,0.000000000000e+00
505,0.000000000000e+00,-4.938947441145e-07,1.125532512732e-01,-3.764202308852e-07,1.125532512732e-01,0.000000000000e+00,-4.938947441145e-07,0.000000000000e+00
506,0.000000000000e+00,-4.998739299757e-07,1.124986820922e-01,-3.806071537722e-07,1.124986820922e-01,0.000000000000e+00,-4.998739299757e-07,0.000000000000e+00
507,0.000000000000e+00,-5.056505020145e-07,1.124439432738e-01,-3.845461970050e-07,1.124439432738e-01,0.000000000000e+00,-5.056505020145e-07,0.000000000000e+00
508,0.000000000000e+00,-5.112662343738e-07,1.123889672168e-01,-3.882602321181e-07,1.123889672168e-01,0.000000000000e+00,-5.112662343738e-07,0.000000000000e+00
509,0.000000000000e+00,-5.167158293870e-07,1.123336894293e-01,-3.917365888052e-07,1.123336894293e-01,0.000000000000e+00,-5.167158293870e-07,0.000000000000e+00
510,0.000000000000e+00,-5.220155963212e-07,1.122780527684e-01,-3.949787848148e-07,1.122780527684e-01,0.000000000000e+00,-5.220155963212e-07,0.000000000000e+00
511,0.000000000000e+00,-5.272183221357e-07,1.122220020346e-01,-3.980169014051e-07,1.122220020346e-01,0.000000000000e+00,-5.272183221357e-07,0.000000000000e+00
512,0.000000000000e+00,-5.323992390555e-07,1.121655014030e-01,-4.008980186922e-07,1.121655014030e-01,0.000000000000e+00,-5.323992390555e-07,0.000000000000e+00
513,0.000000000000e+00,-5.375938146914e-07,1.121085250737e-01,-4.036395097482e-07,1.121085250737e-01,0.000000000000e+00,-5.375938146914e-07,0.000000000000e+00
514,0.000000000000e+00,-5.429062045544e-07,1.120510565765e-01,-4.063103960153e-07,1.120510565765e-01,0.000000000000e+00,-5.429062045544e-07,0.000000000000e+00
515,0.000000000000e+00,-5.484728875276e-07,1.119930884872e-01,-4.090037358649e-07,1.119930884872e-01,0.000000000000e+00,-5.484728875276e-07,0.000000000000e+00
516,0.000000000000e+00,-5.543175483835e-07,1.119346683508e-01,-4.117275017714e-07,1.119346683508e-01,0.000000000000e+00,-5.543175483835e-07,0.000000000000e+00
517,0.000000000000e+00,-5.604847295748e-07,1.118757580231e-01,-4.145184246237e-07,1.118757580231e-01,0.000000000000e+00,-5.604847295748e-07,0.000000000000e+00
518,0.000000000000e+00,-5.669815594222e-07,1.118164093978e-01,-4.173609616863e-07,1.118164093978e-01,0.000000000000e+00,-5.669815594222e-07,0.000000000000e+00
519,0.000000000000e+00,-5.738494212017e-07,1.117565600659e-01,-4.202816316106e-07,1.117565600659e-01,0.000000000000e+00,-5.738494212017e-07,0.000000000000e+00
520,0.000000000000e+00,-5.811952678054e-07,1.116961809248e-01,-4.233563421220e-07,1.116961809248e-01,0.000000000000e+00,-5.811952678054e-07,0.000000000000e+00
521,0.000000000000e+00,-5.890396866736e-07,1.116352519070e-01,-4.265961143302e-07,1.116352519070e-01,0.000000000000e+00,-5.890396866736e-07,0.000000000000e+00
522,0.000000000000e+00,-5.974092370058e-07,1.115737638857e-01,-4.300174120742e-07,1.115737638857e-01,0.000000000000e+00,-5.974092370058e-07,0.000000000000e+00
523,0.000000000000e+00,-6.063523445636e-07,1.115117152325e-01,-4.336545694912e-07,1.115117152325e-01,0.000000000000e+00,-6.063523445636e-07,0.000000000000e+00
524,0.000000000000e+00,-6.159615824228e-07,1.114491092515e-01,-4.375761828379e-07,1.114491092515e-01,0.000000000000e+00,-6.159615824228e-07,0.000000000000e+00
525,0.000000000000e+00,-6.263148113248e-07,1.113859568416e-01,-4.418410850942e-07,1.113859568416e-01,0.000000000000e+00,-6.263148113248e-07,0.000000000000e+00
526,0.000000000000e+00,-6.373344030600e-07,1.113222664100e-01,-4.463932482822e-07,1.113222664100e-01,0.000000000000e+00,-6.373344030600e-07,0.000000000000e+00
527,0.000000000000e+00,-6.489097693118e-07,1.112580495931e-01,-4.511533063551e-07,1.112580495931e-01,0.000000000000e+00,-6.489097693118e-07,0.000000000000e+00
528,0.000000000000e+00,-6.610511476312e-07,1.111933200458e-01,-4.561340419412e-07,1.111933200458e-01,0.000000000000e+00,-6.610511476312e-07,0.000000000000e+00
529,0.000000000000e+00,-6.737299705631e-07,1.111280724048e-01,-4.613209605613e-07,1.111280724048e-01,0.000000000000e+00,-6.737299705631e-07,0.000000000000e+00
530,0.000000000000e+00,-6.868799590548e-07,1.110622897403e-01,-4.666728218076e-07,1.110622897403e-01,0.000000000000e+00,-6.868799590548e-07,0.000000000000e+00
531,0.000000000000e+00,-7.005162844117e-07,1.109959415671e-01,-4.722112439609e-07,1.109959415671e-01,0.000000000000e+00,-7.005162844117e-07,0.000000000000e+00
532,0.000000000000e+00,-7.146499203550e-07,1.109289960928e-01,-4.779547153618e-07,1.109289960928e-01,0.000000000000e+00,-7.146499203550e-07,0.000000000000e+00
533,0.000000000000e+00,-7.292080907681e-07,1.108614128088e-01,-4.838611308450e-07,1.108614128088e-01,0.000000000000e+00,-7.292080907681e-07,0.000000000000e+00
534,0.000000000000e+00,-7.442331086817e-07,1.107931569454e-01,-4.899769348340e-07,1.107931569454e-01,0.000000000000e+00,-7.442331086817e-07,0.000000000000e+00
535,0.000000000000e+00,-7.597134178251e-07,1.107241983744e-01,-4.963077589325e-07,1.107241983744e-01,0.000000000000e+00,-7.597134178251e-07,0.000000000000e+00
536,0.000000000000e+00,-7.756595933169e-07,1.106545360095e-01,-5.028774101555e-07,1.106545360095e-01,0.000000000000e+00,-7.756595933169e-07,0.000000000000e+00
537,0.000000000000e+00,-7.920858268720e-07,1.105841822904e-01,-5.097138225169e-07,1.105841822904e-01,0.000000000000e+00,-7.920858268720e-07,0.000000000000e+00
538,0.000000000000e+00,-8.089793958325e-07,1.105131645929e-01,-5.168259009702e-07,1.105131645929e-01,0.000000000000e+00,-8.089793958325e-07,0.000000000000e+00
539,0.000000000000e+00,-8.262251545341e-07,1.104415236586e-01,-5.241461050864e-07,1.104415236586e-01,0.000000000000e+00,-8.262251545341e-07,0.000000000000e+00
540,0.000000000000e+00,-8.436745225712e-07,1.103693034051e-01,-5.315811683697e-07,1.103693034051e-01,0.000000000000e+00,-8.436745225712e-07,0.000000000000e+00
541,0.000000000000e+00,-8.609255847922e-07,1.102965553776e-01,-5.388487338799e-07,1.102965553776e-01,0.000000000000e+00,-8.609255847922e-07,0.000000000000e+00
542,0.000000000000e+00,-8.780669873464e-07,1.102233386445e-01,-5.460341174078e-07,1.102233386445e-01,0.000000000000e+00,-8.780669873464e-07,0.000000000000e+00
543,0.000000000000e+00,-8.951365896901e-07,1.101497268775e-01,-5.531840482000e-07,1.101497268775e-01,0.000000000000e+00,-8.951365896901e-07,0.000000000000e+00
544,0.000000000000e+00,-9.120548687935e-07,1.100758126812e-01,-5.602555149858e-07,1.100758126812e-01,0.000000000000e+00,-9.120548687935e-07,0.000000000000e+00
545,0.000000000000e+00,-9.288239795198e-07,1.100016999981e-01,-5.672674524252e-07,1.100016999981e-01,0.000000000000e+00,-9.288239795198e-07,0.000000000000e+00
546,0.000000000000e+00,-9.453009002798e-07,1.099274563239e-01,-5.741268848883e-07,1.099274563239e-01,0.000000000000e+00,-9.453009002798e-07,0.000000000000e+00
547,0.000000000000e+00,-9.614655139929e-07,1.098529808442e-01,-5.808338459834e-07,1.098529808442e-01,0.000000000000e+00,-9.614655139929e-07,0.000000000000e+00
548,0.000000000000e+00,-9.774291063997e-07,1.097784945411e-01,-5.874841639721e-07,1.097784945411e-01,0.000000000000e+00,-9.774291063997e-07,0.000000000000e+00
549,0.000000000000e+00,-9.931732685947e-07,1.097038481427e-01,-5.940888684216e-07,1.097038481427e-01,0.000000000000e+00,-9.931732685947e-07,0.000000000000e+00
550,0.000000000000e+00,-1.008631782159e-06,1.096290411029e-01,-6.006107141776e-07,1.096290411029e-01,0.000000000000e+00,-1.008631782159e-06,0.000000000000e+00
551,0.000000000000e+00,-1.023808766706e-06,1.095540762188e-01,-6.070603107039e-07,1.095540762188e-01,0.000000000000e+00,-1.023808766706e-06,0.000000000000e+00
552,0.000000000000e+00,-1.038550415361e-06,1.094789527827e-01,-6.133354466372e-07,1.094789527827e-01,0.000000000000e+00,-1.038550415361e-06,0.000000000000e+00
553,0.000000000000e+00,-1.052824881069e-06,1.094036937723e-01,-6.194254487804e-07,1.094036937723e-01,0.000000000000e+00,-1.052824881069e-06,0.000000000000e+00
554,0.000000000000e+00,-1.066592889172e-06,1.093283279053e-01,-6.253134624885e-07,1.093283279053e-01,0.000000000000e+00,-1.066592889172e-06,0.000000000000e+00
555,0.000000000000e+00,-1.079976465654e-06,1.092528783910e-01,-6.311058283584e-07,1.092528783910e-01,0.000000000000e+00,-1.079976465654e-06,0.000000000000e+00
556,0.000000000000e+00,-1.093169512888e-06,1.091773636205e-01,-6.369656797491e-07,1.091773636205e-01,0.000000000000e+00,-1.093169512888e-06,0.000000000000e+00
557,0.000000000000e+00,-1.106418284690e-06,1.091017979322e-01,-6.431017929174e-07,1.091017979322e-01,0.000000000000e+00,-1.106418284690e-06,0.000000000000e+00
558,0.000000000000e+00,-1.119647896561e-06,1.090261909404e-01,-6.494879455371e-07,1.090261909404e-01,0.000000000000e+00,-1.119647896561e-06,0.000000000000e+00
559,0.000000000000e+00,-1.132666792962e-06,1.089505453041e-01,-6.560219403815e-07,1.089505453041e-01,0.000000000000e+00,-1.132666792962e-06,0.000000000000e+00
560,0.000000000000e+00,-1.145497805972e-06,1.088748797628e-01,-6.627697627991e-07,1.088748797628e-01,0.000000000000e+00,-1.145497805972e-06,0.000000000000e+00
561,0.000000000000e+00,-1.158270433760e-06,1.087991879460e-01,-6.698772131982e-07,1.087991879460e-01,0.000000000000e+00,-1.158270433760e-06,0.000000000000e+00
562,0.000000000000e+00,-1.171127028188e-06,1.087234544368e-01,-6.775213720425e-07,1.087234544368e-01,0.000000000000e+00,-1.171127028188e-06,0.000000000000e+00
563,0.000000000000e+00,-1.184030328488e-06,1.086476553865e-01,-6.857599736698e-07,1.086476553865e-01,0.000000000000e+00,-1.184030328488e-06,0.000000000000e+00
564,0.000000000000e+00,-1.196868541603e-06,1.085717623502e-01,-6.946113054276e-07,1.085717623502e-01,0.000000000000e+00,-1.196868541603e-06,0.000000000000e+00
565,0.000000000000e+00,-1.209481202929e-06,1.084957415071e-01,-7.040745767131e-07,1.084957415071e-01,0.000000000000e+00,-1.209481202929e-06,0.000000000000e+00
566,0.000000000000e+00,-1.221763025714e-06,1.084195516786e-01,-7.142029861682e-07,1.084195516786e-01,0.000000000000e+00,-1.221763025714e-06,0.000000000000e+00
567,0.000000000000e+00,-1.233465192964e-06,1.083431468850e-01,-7.249666188775e-07,1.083431468850e-01,0.000000000000e+00,-1.233465192964e-06,0.000000000000e+00
568,0.000000000000e+00,-1.244454653203e-06,1.082664792726e-01,-7.364369079814e-07,1.082664792726e-01,0.000000000000e+00,-1.244454653203e-06,0.000000000000e+00
569,0.000000000000e+00,-1.254418821308e-06,1.081894994142e-01,-7.485649539815e-07,1.081894994142e-01,0.000000000000e+00,-1.254418821308e-06,0.000000000000e+00
570,0.000000000000e+00,-1.263058114981e-06,1.081121575774e-01,-7.613315995424e-07,1.081121575774e-01,0.000000000000e+00,-1.263058114981e-06,0.000000000000e+00
571,0.000000000000e+00,-1.270232908936e-06,1.080344050710e-01,-7.748417996000e-07,1.080344050710e-01,0.000000000000e+00,-1.270232908936e-06,0.000000000000e+00
572,0.000000000000e+00,-1.275683920316e-06,1.079561936829e-01,-7.891375037568e-07,1.079561936829e-01,0.000000000000e+00,-1.275683920316e-06,0.000000000000e+00
573,0.000000000000e+00,-1.279196767634e-06,1.078774833190e-01,-8.042924475117e-07,1.078774833190e-01,0.000000000000e+00,-1.279196767634e-06,0.000000000000e+00
574,0.000000000000e+00,-1.280684624229e-06,1.077982321616e-01,-8.204845458067e-07,1.077982321616e-01,0.000000000000e+00,-1.280684624229e-06,0.000000000000e+00
575,0.000000000000e+00,-1.279938234642e-06,1.077184167101e-01,-8.378723882090e-07,1.077184167101e-01,0.000000000000e+00,-1.279938234642e-06,0.000000000000e+00
576,0.000000000000e+00,-1.276816155282e-06,1.076380397466e-01,-8.565530056243e-07,1.076380397466e-01,0.000000000000e+00,-1.276816155282e-06,0.000000000000e+00
577,0.000000000000e+00,-1.271293826333e-06,1.075571012697e-01,-8.767691657678e-07,1.075571012697e-01,0.000000000000e+00,-1.271293826333e-06,0.000000000000e+00
578,0.000000000000e+00,-1.263458646825e-06,1.074755554410e-01,-8.988294662867e-07,1.074755554410e-01,0.000000000000e+00,-1.263458646825e-06,0.000000000000e+00
579,0.000000000000e+00,-1.253217130732e-06,1.073933275468e-01,-9.229073239341e-07,1.073933275468e-01,0.000000000000e+00,-1.253217130732e-06,0.000000000000e+00
580,0.000000000000e+00,-1.240496099074e-06,1.073102820709e-01,-9.491769225979e-07,1.073102820709e-01,0.000000000000e+00,-1.240496099074e-06,0.000000000000e+00
581,0.000000000000e+00,-1.225103924885e-06,1.072265606881e-01,-9.777327159122e-07,1.072265606881e-01,0.000000000000e+00,-1.225103924885e-06,0.000000000000e+00
582,0.000000000000e+00,-1.206783682305e-06,1.071421490603e-01,-1.008551281340e-06,1.071421490603e-01,0.000000000000e+00,-1.206783682305e-06,0.000000000000e+00
583,0.000000000000e+00,-1.185435073369e-06,1.070570100358e-01,-1.041780200281e-06,1.070570100358e-01,0.000000000000e+00,-1.185435073369e-06,0.000000000000e+00
584,0.000000000000e+00,-1.161285056381e-06,1.069711148117e-01,-1.077759401247e-06,1.069711148117e-01,0.000000000000e+00,-1.161285056381e-06,0.000000000000e+00
585,0.000000000000e+00,-1.134561261220e-06,1.068844482924e-01,-1.116806497730e-06,1.068844482924e-01,0.000000000000e+00,-1.134561261220e-06,0.000000000000e+00
586,0.000000000000e+00,-1.105452573092e-06,1.067970026862e-01,-1.159179721604e-06,1.067970026862e-01,0.000000000000e+00,-1.105452573092e-06,0.000000000000e+00
587,0.000000000000e+00,-1.074136045287e-06,1.067087747932e-01,-1.205091890956e-06,1.067087747932e-01,0.000000000000e+00,-1.074136045287e-06,0.000000000000e+00
588,0.000000000000e+00,-1.041161259071e-06,1.066197676099e-01,-1.254700498146e-06,1.066197676099e-01,0.000000000000e+00,-1.041161259071e-06,0.000000000000e+00
589,0.000000000000e+00,-1.006529185934e-06,1.065299844911e-01,-1.307845158422e-06,1.065299844911e-01,0.000000000000e+00,-1.006529185934e-06,0.000000000000e+00
590,0.000000000000e+00,-9.693874219941e-07,1.064394260657e-01,-1.364231004706e-06,1.064394260657e-01,0.000000000000e+00,-9.693874219941e-07,0.000000000000e+00
591,0.000000000000e+00,-9.295763248340e-07,1.063480922275e-01,-1.423705649830e-06,1.063480922275e-01,0.000000000000e+00,-9.295763248340e-07,0.000000000000e+00
592,0.000000000000e+00,-8.870459851763e-07,1.062559830455e-01,-1.486153990031e-06,1.062559830455e-01,0.000000000000e+00,-8.870459851763e-07,0.000000000000e+00
593,0.000000000000e+00,-8.420032824538e-07,1.061631015976e-01,-1.551605740279e-06,1.061631015976e-01,0.000000000000e+00,-8.420032824538e-07,0.000000000000e+00
594,0.000000000000e+00,-7.948317355852e-07,1.060694511890e-01,-1.620164842124e-06,1.060694511890e-01,0.000000000000e+00,-7.948317355852e-07,0.000000000000e+00
595,0.000000000000e+00,-7.453236357779e-07,1.059750375267e-01,-1.691526017596e-06,1.059750375267e-01,0.000000000000e+00,-7.453236357779e-07,0.000000000000e+00
596,0.000000000000e+00,-6.934948581517e-07,1.058798706592e-01,-1.765643282665e-06,1.058798706592e-01,0.000000000000e+00,-6.934948581517e-07,0.000000000000e+00
597,0.000000000000e+00,-6.397963873041e-07,1.057839665112e-01,-1.842457914615e-06,1.057839665112e-01,0.000000000000e+00,-6.397963873041e-07,0.000000000000e+00
598,0.000000000000e+00,-5.848517352150e-07,1.056873467814e-01,-1.921964448456e-06,1.056873467814e-01,0.000000000000e+00,-5.848517352150e-07,0.000000000000e+00
599,0.000000000000e+00,-5.292732457952e-07,1.055900399321e-01,-2.004071527215e-06,1.055900399321e-01,0.000000000000e+00,-5.292732457952e-07,0.000000000000e+00
600,0.000000000000e+00,-4.735983868735e-07,1.054920816315e-01,-2.088566533153e-06,1.054920816315e-01,0.000000000000e+00,-4.735983868735e-07,0.000000000000e+00
601,0.000000000000e+00,-4.186480335675e-07,1.053935143365e-01,-2.175172983277e-06,1.053935143365e-01,0.000000000000e+00,-4.186480335675e-07,0.000000000000e+00
602,0.000000000000e+00,-3.652855475987e-07,1.052943874223e-01,-2.263809299142e-06,1.052943874223e-01,0.000000000000e+00,-3.652855475987e-07,0.000000000000e+00
603,0.000000000000e+00,-3.142528685320e-07,1.051947555288e-01,-2.354301627367e-06,1.051947555288e-01,0.000000000000e+00,-3.142528685320e-07,0.000000000000e+00
604,0.000000000000e+00,-2.665276543397e-07,1.050946773827e-01,-2.446571289002e-06,1.050946773827e-01,0.000000000000e+00,-2.665276543397e-07,0.000000000000e+00
605,0.000000000000e+00,-2.231785888412e-07,1.049942212498e-01,-2.540508763886e-06,1.049942212498e-01,0.000000000000e+00,-2.231785888412e-07,0.000000000000e+00
606,0.000000000000e+00,-1.853835914115e-07,1.048934337918e-01,-2.636002871542e-06,1.048934337918e-01,0.000000000000e+00,-1.853835914115e-07,0.000000000000e+00
607,0.000000000000e+00,-1.541670423477e-07,1.047924209278e-01,-2.732755551400e-06,1.047924209278e-01,0.000000000000e+00,-1.541670423477e-07,0.000000000000e+00
608,0.000000000000e+00,-1.310695516396e-07,1.046912411608e-01,-2.830743874493e-06,1.046912411608e-01,0.000000000000e+00,-1.310695516396e-07,0.000000000000e+00
609,0.000000000000e+00,-1.174317039003e-07,1.045899606488e-01,-2.929716630317e-06,1.045899606488e-01,0.000000000000e+00,-1.174317039003e-07,0.000000000000e+00
610,0.000000000000e+00,-1.146373013257e-07,1.044886491156e-01,-3.029365075008e-06,1.044886491156e-01,0.000000000000e+00,-1.146373013257e-07,0.000000000000e+00
611,0.000000000000e+00,-1.240891422654e-07,1.043873755287e-01,-3.129313602491e-06,1.043873755287e-01,0.000000000000e+00,-1.240891422654e-07,0.000000000000e+00
612,0.000000000000e+00,-1.470998052171e-07,1.042862025771e-01,-3.229048425730e-06,1.042862025771e-01,0.000000000000e+00,-1.470998052171e-07,0.000000000000e+00
613,0.000000000000e+00,-1.850713822371e-07,1.041851896901e-01,-3.328053933453e-06,1.041851896901e-01,0.000000000000e+00,-1.850713822371e-07,0.000000000000e+00
614,0.000000000000e+00,-2.395589538099e-07,1.040843942085e-01,-3.425876633784e-06,1.040843942085e-01,0.000000000000e+00,-2.395589538099e-07,0.000000000000e+00
615,0.000000000000e+00,-3.120697966062e-07,1.039838712991e-01,-3.521996118992e-06,1.039838712991e-01,0.000000000000e+00,-3.120697966062e-07,0.000000000000e+00
616,0.000000000000e+00,-4.041828318328e-07,1.038836738244e-01,-3.615899326945e-06,1.038836738244e-01,0.000000000000e+00,-4.041828318328e-07,0.000000000000e+00
617,0.000000000000e+00,-5.170313459807e-07,1.037838541057e-01,-3.706731992028e-06,1.037838541057e-01,0.000000000000e+00,-5.170313459807e-07,0.000000000000e+00
618,0.000000000000e+00,-6.518467708357e-07,1.036844627026e-01,-3.793746171500e-06,1.036844627026e-01,0.000000000000e+00,-6.518467708357e-07,0.000000000000e+00
619,0.000000000000e+00,-8.095071206171e-07,1.035855483764e-01,-3.875990153954e-06,1.035855483764e-01,0.000000000000e+00,-8.095071206171e-07,0.000000000000e+00
620,0.000000000000e+00,-9.911304916007e-07,1.034871577903e-01,-3.952764227769e-06,1.034871577903e-01,0.000000000000e+00,-9.911304916007e-07,0.000000000000e+00
621,0.000000000000e+00,-1.198058378320e-06,1.033893352265e-01,-4.023608446323e-06,1.033893352265e-01,0.000000000000e+00,-1.198058378320e-06,0.000000000000e+00
622,0.000000000000e+00,-1.431322762066e-06,1.032921257405e-01,-4.088009349596e-06,1.032921257405e-01,0.000000000000e+00,-1.431322762066e-06,0.000000000000e+00
623,0.000000000000e+00,-1.691358215301e-06,1.031955738721e-01,-4.145485790910e-06,1.031955738721e-01,0.000000000000e+00,-1.691358215301e-06,0.000000000000e+00
624,0.000000000000e+00,-1.979325620682e-06,1.030997126902e-01,-4.195665260108e-06,1.030997126902e-01,0.000000000000e+00,-1.979325620682e-06,0.000000000000e+00
625,0.000000000000e+00,-2.296223053644e-06,1.030045715778e-01,-4.238212995027e-06,1.030045715778e-01,0.000000000000e+00,-2.296223053644e-06,0.000000000000e+00
626,0.000000000000e+00,-2.642861517030e-06,1.029101761461e-01,-4.272981726261e-06,1.029101761461e-01,0.000000000000e+00,-2.642861517030e-06,0.000000000000e+00
627,0.000000000000e+00,-3.019553101522e-06,1.028165481362e-01,-4.299684274250e-06,1.028165481362e-01,0.000000000000e+00,-3.019553101522e-06,0.000000000000e+00
628,0.000000000000e+00,-3.426570146643e-06,1.027237063184e-01,-4.318243132757e-06,1.027237063184e-01,0.000000000000e+00,-3.426570146643e-06,0.000000000000e+00
629,0.000000000000e+00,-3.864076836233e-06,1.026316610580e-01,-4.328445904879e-06,1.026316610580e-01,0.000000000000e+00,-3.864076836233e-06,0.000000000000e+00
630,0.000000000000e+00,-4.329687806759e-06,1.025404122060e-01,-4.330139547935e-06,1.025404122060e-01,0.000000000000e+00,-4.329687806759e-06,0.000000000000e+00
631,0.000000000000e+00,-4.822473458910e-06,1.024499487592e-01,-4.322953933586e-06,1.024499487592e-01,0.000000000000e+00,-4.822473458910e-06,0.000000000000e+00
632,0.000000000000e+00,-5.343065685640e-06,1.023602781658e-01,-4.306335114977e-06,1.023602781658e-01,0.000000000000e+00,-5.343065685640e-06,0.000000000000e+00
633,0.000000000000e+00,-5.889508158154e-06,1.022713909907e-01,-4.279765666079e-06,1.022713909907e-01,0.000000000000e+00,-5.889508158154e-06,0.000000000000e+00
634,0.000000000000e+00,-6.455151862987e-06,1.021832653314e-01,-4.242622494118e-06,1.021832653314e-01,0.000000000000e+00,-6.455151862987e-06,0.000000000000e+00
635,0.000000000000e+00,-7.034963799732e-06,1.020958817317e-01,-4.194405931115e-06,1.020958817317e-01,0.000000000000e+00,-7.034963799732e-06,0.000000000000e+00
636,0.000000000000e+00,-6.777829644532e-06,1.020079969067e-01,-3.493927078920e-06,1.020079969067e-01,0.000000000000e+00,-6.777829644532e-06,0.000000000000e+00
637,0.000000000000e+00,-7.350512838134e-06,1.019219864405e-01,-3.403562412922e-06,1.019219864405e-01,0.000000000000e+00,-7.350512838134e-06,0.000000000000e+00
638,0.000000000000e+00,-7.917685844093e-06,1.018366715492e-01,-3.300805843168e-06,1.018366715492e-01,0.000000000000e+00,-7.917685844093e-06,0.000000000000e+00
639,0.000000000000e+00,-8.473532250676e-06,1.017520330726e-01,-3.185947116835e-06,1.017520330726e-01,0.000000000000e+00,-8.473532250676e-06,0.000000000000e+00
640,0.000000000000e+00,-9.016193593019e-06,1.016680258780e-01,-3.058522527070e-06,1.016680258780e-01,0.000000000000e+00,-9.016193593019e-06,0.000000000000e+00
641,0.000000000000e+00,-9.538650738926e-06,1.015845831416e-01,-2.919420357284e-06,1.015845831416e-01,0.000000000000e+00,-9.538650738926e-06,0.000000000000e+00
642,0.000000000000e+00,-1.003068362174e-05,1.015016507271e-01,-2.770620182075e-06,1.015016507271e-01,0.000000000000e+00,-1.003068362174e-05,0.000000000000e+00
643,0.000000000000e+00,-1.048523039068e-05,1.014191273207e-01,-2.612964760454e-06,1.014191273207e-01,0.000000000000e+00,-1.048523039068e-05,0.000000000000e+00
644,0.000000000000e+00,-1.089369276413e-05,1.013368995869e-01,-2.448087297978e-06,1.013368995869e-01,0.000000000000e+00,-1.089369276413e-05,0.000000000000e+00
645,0.000000000000e+00,-1.124035383724e-05,1.012550874808e-01,-2.279719851685e-06,1.012550874808e-01,0.000000000000e+00,-1.124035383724e-05,0.000000000000e+00
646,0.000000000000e+00,-1.151503006426e-05,1.011736458591e-01,-2.110899284848e-06,1.011736458591e-01,0.000000000000e+00,-1.151503006426e-05,0.000000000000e+00
647,0.000000000000e+00,-1.170640694568e-05,1.010925389734e-01,-1.944599284546e-06,1.010925389734e-01,0.000000000000e+00,-1.170640694568e-05,0.000000000000e+00
648,0.000000000000e+00,-1.180376483591e-05,1.010117417077e-01,-1.783327603441e-06,1.010117417077e-01,0.000000000000e+00,-1.180376483591e-05,0.000000000000e+00
649,0.000000000000e+00,-1.179636316645e-05,1.009312398068e-01,-1.630552947610e-06,1.009312398068e-01,0.000000000000e+00,-1.179636316645e-05,0.000000000000e+00
650,0.000000000000e+00,-1.166679622239e-05,1.008510478179e-01,-1.491116815094e-06,1.008510478179e-01,0.000000000000e+00,-1.166679622239e-05,0.000000000000e+00
651,0.000000000000e+00,-1.140575178882e-05,1.007711633344e-01,-1.368488664289e-06,1.007711633344e-01,0.000000000000e+00,-1.140575178882e-05,0.000000000000e+00
652,0.000000000000e+00,-1.100801040904e-05,1.006915981734e-01,-1.264579582246e-06,1.006915981734e-01,0.000000000000e+00,-1.100801040904e-05,0.000000000000e+00
653,0.000000000000e+00,-1.046465582958e-05,1.006123691394e-01,-1.182480027917e-06,1.006123691394e-01,0.000000000000e+00,-1.046465582958e-05,0.000000000000e+00
654,0.000000000000e+00,-9.765501691584e-06,1.005334992558e-01,-1.125205137153e-06,1.005334992558e-01,0.000000000000e+00,-9.765501691584e-06,0.000000000000e+00
655,0.000000000000e+00,-8.898041547021e-06,1.004550183551e-01,-1.096142083307e-06,1.004550183551e-01,0.000000000000e+00,-8.898041547021e-06,0.000000000000e+00
656,0.000000000000e+00,-7.852844416216e-06,1.003769625952e-01,-1.098314615237e-06,1.003769625952e-01,0.000000000000e+00,-7.852844416216e-06,0.000000000000e+00
657,0.000000000000e+00,-6.621171374132e-06,1.002993701231e-01,-1.134161929789e-06,1.002993701231e-01,0.000000000000e+00,-6.621171374132e-06,0.000000000000e+00
658,0.000000000000e+00,-5.195792293577e-06,1.002222835914e-01,-1.205877196669e-06,1.002222835914e-01,0.000000000000e+00,-5.195792293577e-06,0.000000000000e+00
659,0.000000000000e+00,-3.570343976600e-06,1.001457453183e-01,-1.315454569728e-06,1.001457453183e-01,0.000000000000e+00,-3.570343976600e-06,0.000000000000e+00
660,0.000000000000e+00,-1.740938646558e-06,1.000697810102e-01,-1.464046194261e-06,1.000697810102e-01,0.000000000000e+00,-1.740938646558e-06,0.000000000000e+00
661,0.000000000000e+00,2.943970324381e-07,9.999442773919e-02,-1.652289669545e-06,9.999442773919e-02,0.000000000000e+00,2.943970324381e-07,0.000000000000e+00
662,0.000000000000e+00,2.534574558730e-06,9.991972532114e-02,-1.880357653590e-06,9.991972532114e-02,0.000000000000e+00,2.534574558730e-06,0.000000000000e+00
663,0.000000000000e+00,4.976389233314e-06,9.984570931888e-02,-2.147463635479e-06,9.984570931888e-02,0.000000000000e+00,4.976389233314e-06,0.000000000000e+00
664,0.000000000000e+00,7.612484761275e-06,9.977240241487e-02,-2.452495187450e-06,9.977240241487e-02,0.000000000000e+00,7.612484761275e-06,0.000000000000e+00
665,0.000000000000e+00,1.043490584665e-05,9.969977550271e-02,-2.793641007202e-06,9.969977550271e-02,0.000000000000e+00,1.043490584665e-05,0.000000000000e+00
666,0.000000000000e+00,1.343390039111e-05,9.962781022118e-02,-3.168320269412e-06,9.962781022118e-02,0.000000000000e+00,1.343390039111e-05,0.000000000000e+00
667,0.000000000000e+00,1.659646300758e-05,9.955649080397e-02,-3.573646258993e-06,9.955649080397e-02,0.000000000000e+00,1.659646300758e-05,0.000000000000e+00
668,0.000000000000e+00,1.990905633070e-05,9.948580287790e-02,-4.007137887988e-06,9.948580287790e-02,0.000000000000e+00,1.990905633070e-05,0.000000000000e+00
669,0.000000000000e+00,2.335270430146e-05,9.941573232780e-02,-4.465432590866e-06,9.941573232780e-02,0.000000000000e+00,2.335270430146e-05,0.000000000000e+00
670,0.000000000000e+00,2.690791323640e-05,9.934624701102e-02,-4.944911575679e-06,9.934624701102e-02,0.000000000000e+00,2.690791323640e-05,0.000000000000e+00
671,0.000000000000e+00,3.055174222724e-05,9.927730529669e-02,-5.441369596312e-06,9.927730529669e-02,0.000000000000e+00,3.055174222724e-05,0.000000000000e+00
672,0.000000000000e+00,3.425878444977e-05,9.920886107154e-02,-5.950214163580e-06,9.920886107154e-02,0.000000000000e+00,3.425878444977e-05,0.000000000000e+00
673,0.000000000000e+00,3.799968911151e-05,9.914086826361e-02,-6.466072787634e-06,9.914086826361e-02,0.000000000000e+00,3.799968911151e-05,0.000000000000e+00
674,0.000000000000e+00,4.174747311959e-05,9.907325445686e-02,-6.984636459013e-06,9.907325445686e-02,0.000000000000e+00,4.174747311959e-05,0.000000000000e+00
675,0.000000000000e+00,4.459982473817e-05,9.900470852892e-02,-8.159884669050e-06,9.900470852892e-02,0.000000000000e+00,4.459982473817e-05,0.000000000000e+00
676,0.000000000000e+00,4.825801698371e-05,9.893763897865e-02,-8.680605506841e-06,9.893763897865e-02,0.000000000000e+00,4.825801698371e-05,0.000000000000e+00
677,0.000000000000e+00,5.185117432398e-05,9.887075379579e-02,-9.192102327492e-06,9.887075379579e-02,0.000000000000e+00,5.185117432398e-05,0.000000000000e+00
678,0.000000000000e+00,5.535203402593e-05,9.880397744123e-02,-9.690337027135e-06,9.880397744123e-02,0.000000000000e+00,5.535203402593e-05,0.000000000000e+00
679,0.000000000000e+00,5.872473355866e-05,9.873723808490e-02,-1.016895367794e-05,9.873723808490e-02,0.000000000000e+00,5.872473355866e-05,0.000000000000e+00
680,0.000000000000e+00,6.192348076005e-05,9.867044276092e-02,-1.061905046583e-05,9.867044276092e-02,0.000000000000e+00,6.192348076005e-05,0.000000000000e+00
681,0.000000000000e+00,6.490965629671e-05,9.860349483416e-02,-1.103340796619e-05,9.860349483416e-02,0.000000000000e+00,6.490965629671e-05,0.000000000000e+00
682,0.000000000000e+00,6.765515571179e-05,9.853630308611e-02,-1.140641341842e-05,9.853630308611e-02,0.000000000000e+00,6.765515571179e-05,0.000000000000e+00
683,0.000000000000e+00,7.013099330758e-05,9.846877884109e-02,-1.173208020081e-05,9.846877884109e-02,0.000000000000e+00,7.013099330758e-05,0.000000000000e+00
684,0.000000000000e+00,7.230860043918e-05,9.840083624102e-02,-1.200412813120e-05,9.840083624102e-02,0.000000000000e+00,7.230860043918e-05,0.000000000000e+00
685,0.000000000000e+00,7.416126633638e-05,9.833238204901e-02,-1.221699519801e-05,9.833238204901e-02,0.000000000000e+00,7.416126633638e-05,0.000000000000e+00
686,0.000000000000e+00,7.567472324685e-05,9.826333496430e-02,-1.236705684719e-05,9.826333496430e-02,0.000000000000e+00,7.567472324685e-05,0.000000000000e+00
687,0.000000000000e+00,7.683229755193e-05,9.819360938705e-02,-1.245042917266e-05,9.819360938705e-02,0.000000000000e+00,7.683229755193e-05,0.000000000000e+00
688,0.000000000000e+00,7.762426662350e-05,9.812309120045e-02,-1.246500984687e-05,9.812309120045e-02,0.000000000000e+00,7.762426662350e-05,0.000000000000e+00
689,0.000000000000e+00,7.802807099716e-05,9.805161185521e-02,-1.240542761040e-05,9.805161185521e-02,0.000000000000e+00,7.802807099716e-05,0.000000000000e+00
690,0.000000000000e+00,7.803447054286e-05,9.797902219770e-02,-1.226901277579e-05,9.797902219770e-02,0.000000000000e+00,7.803447054286e-05,0.000000000000e+00
691,0.000000000000e+00,7.764365417831e-05,9.790523607253e-02,-1.205565732162e-05,9.790523607253e-02,0.000000000000e+00,7.764365417831e-05,0.000000000000e+00
692,0.000000000000e+00,7.684725656793e-05,9.783014243060e-02,-1.176400621660e-05,9.783014243060e-02,0.000000000000e+00,7.684725656793e-05,0.000000000000e+00
693,0.000000000000e+00,7.562802914683e-05,9.775359094238e-02,-1.139101826024e-05,9.775359094238e-02,0.000000000000e+00,7.562802914683e-05,0.000000000000e+00
694,0.000000000000e+00,7.401021228918e-05,9.767545220481e-02,-1.094245226898e-05,9.767545220481e-02,0.000000000000e+00,7.401021228918e-05,0.000000000000e+00
695,0.000000000000e+00,7.201012396440e-05,9.759557241152e-02,-1.042240570831e-05,9.759557241152e-02,0.000000000000e+00,7.201012396440e-05,0.000000000000e+00
696,0.000000000000e+00,6.965115631354e-05,9.751377341292e-02,-9.836760543737e-06,9.751377341292e-02,0.000000000000e+00,6.965115631354e-05,0.000000000000e+00
697,0.000000000000e+00,6.695403889357e-05,9.742988287448e-02,-9.190864725221e-06,9.742988287448e-02,0.000000000000e+00,6.695403889357e-05,0.000000000000e+00
698,0.000000000000e+00,6.394358831877e-05,9.734371409651e-02,-8.490779404089e-06,9.734371409651e-02,0.000000000000e+00,6.394358831877e-05,0.000000000000e+00
699,0.000000000000e+00,6.065469201860e-05,9.725509849444e-02,-7.745120158724e-06,9.725509849444e-02,0.000000000000e+00,6.065469201860e-05,0.000000000000e+00
700,0.000000000000e+00,5.712595973150e-05,9.716386697866e-02,-6.963274801726e-06,9.716386697866e-02,0.000000000000e+00,5.712595973150e-05,0.000000000000e+00
701,0.000000000000e+00,5.339659592327e-05,9.706985137313e-02,-6.154450318218e-06,9.706985137313e-02,0.000000000000e+00,5.339659592327e-05,0.000000000000e+00
702,0.000000000000e+00,4.950825940979e-05,9.697289290176e-02,-5.327714457282e-06,9.697289290176e-02,0.000000000000e+00,4.950825940979e-05,0.000000000000e+00
703,0.000000000000e+00,4.549813184656e-05,9.687284420095e-02,-4.491063746456e-06,9.687284420095e-02,0.000000000000e+00,4.549813184656e-05,0.000000000000e+00
704,0.000000000000e+00,4.140557780618e-05,9.676957047062e-02,-3.653418469300e-06,9.676957047062e-02,0.000000000000e+00,4.140557780618e-05,0.000000000000e+00
705,0.000000000000e+00,3.727607193333e-05,9.666294712317e-02,-2.824864998265e-06,9.666294712317e-02,0.000000000000e+00,3.727607193333e-05,0.000000000000e+00
706,0.000000000000e+00,3.315672191063e-05,9.655286945901e-02,-2.015616352231e-06,9.655286945901e-02,0.000000000000e+00,3.315672191063e-05,0.000000000000e+00
707,0.000000000000e+00,2.909384848894e-05,9.643925833019e-02,-1.236274337616e-06,9.643925833019e-02,0.000000000000e+00,2.909384848894e-05,0.000000000000e+00
708,0.000000000000e+00,2.513349300444e-05,9.632206447608e-02,-4.972549817897e-07,9.632206447608e-02,0.000000000000e+00,2.513349300444e-05,0.000000000000e+00
709,0.000000000000e+00,2.131969501857e-05,9.620127095414e-02,1.917101769757e-07,9.620127095414e-02,0.000000000000e+00,2.131969501857e-05,0.000000000000e+00
710,0.000000000000e+00,1.769275445559e-05,9.607689841277e-02,8.217978616544e-07,9.607689841277e-02,0.000000000000e+00,1.769275445559e-05,0.000000000000e+00
711,0.000000000000e+00,1.429382822791e-05,9.594902662609e-02,1.384021729972e-06,9.594902662609e-02,0.000000000000e+00,1.429382822791e-05,0.000000000000e+00
712,0.000000000000e+00,1.116225165166e-05,9.581777203311e-02,1.870356539965e-06,9.581777203311e-02,0.000000000000e+00,1.116225165166e-05,0.000000000000e+00
713,0.000000000000e+00,8.335097761832e-06,9.568329294086e-02,2.274231969140e-06,9.568329294086e-02,0.000000000000e+00,8.335097761832e-06,0.000000000000e+00
714,0.000000000000e+00,5.846406435737e-06,9.554577924066e-02,2.590175943416e-06,9.554577924066e-02,0.000000000000e+00,5.846406435737e-06,0.000000000000e+00
715,0.000000000000e+00,3.725000140120e-06,9.540548208072e-02,2.813936047433e-06,9.540548208072e-02,0.000000000000e+00,3.725000140120e-06,0.000000000000e+00
716,0.000000000000e+00,1.994748869198e-06,9.526272959105e-02,2.941477164863e-06,9.526272959105e-02,0.000000000000e+00,1.994748869198e-06,0.000000000000e+00
717,0.000000000000e+00,6.879216714835e-07,9.511789195068e-02,2.966159013566e-06,9.511789195068e-02,0.000000000000e+00,6.879216714835e-07,0.000000000000e+00
718,0.000000000000e+00,-1.697917157786e-07,9.497134528319e-02,2.882228862684e-06,9.497134528319e-02,0.000000000000e+00,-1.697917157786e-07,0.000000000000e+00
719,0.000000000000e+00,-5.707676082862e-07,9.482352318018e-02,2.688407829696e-06,9.482352318018e-02,0.000000000000e+00,-5.707676082862e-07,0.000000000000e+00
720,0.000000000000e+00,-5.113461313534e-07,9.467492942308e-02,2.384840571597e-06,9.467492942308e-02,0.000000000000e+00,-5.113461313534e-07,0.000000000000e+00
721,0.000000000000e+00,2.020361295656e-08,9.452612448047e-02,1.969941755860e-06,9.452612448047e-02,0.000000000000e+00,2.020361295656e-08,0.000000000000e+00
722,0.000000000000e+00,1.018883566413e-06,9.437773247977e-02,1.445859455353e-06,9.437773247977e-02,0.000000000000e+00,1.018883566413e-06,0.000000000000e+00
723,0.000000000000e+00,2.476398569364e-06,9.423039473077e-02,8.148065159910e-07,9.423039473077e-02,0.000000000000e+00,2.476398569364e-06,0.000000000000e+00
724,0.000000000000e+00,4.390157341490e-06,9.408477562077e-02,7.839033191374e-08,9.408477562077e-02,0.000000000000e+00,4.390157341490e-06,0.000000000000e+00
725,0.000000000000e+00,6.758827465696e-06,9.394155351968e-02,-7.618702157493e-07,9.394155351968e-02,0.000000000000e+00,6.758827465696e-06,0.000000000000e+00
726,0.000000000000e+00,9.599031180933e-06,9.380143504937e-02,-1.708617493531e-06,9.380143504937e-02,0.000000000000e+00,9.599031180933e-06,0.000000000000e+00
727,0.000000000000e+00,1.290728779475e-05,9.366516336095e-02,-2.759852323008e-06,9.366516336095e-02,0.000000000000e+00,1.290728779475e-05,0.000000000000e+00
728,0.000000000000e+00,1.667467131195e-05,9.353356537126e-02,-3.911963025363e-06,9.353356537126e-02,0.000000000000e+00,1.667467131195e-05,0.000000000000e+00
729,0.000000000000e+00,2.087345461486e-05,9.340745139464e-02,-5.157523399732e-06,9.340745139464e-02,0.000000000000e+00,2.087345461486e-05,0.000000000000e+00
730,0.000000000000e+00,2.545811258991e-05,9.328757581572e-02,-6.485058666619e-06,9.328757581572e-02,0.000000000000e+00,2.545811258991e-05,0.000000000000e+00
731,0.000000000000e+00,3.037465281179e-05,9.317464524804e-02,-7.881096276745e-06,9.317464524804e-02,0.000000000000e+00,3.037465281179e-05,0.000000000000e+00
732,0.000000000000e+00,3.558491163246e-05,9.306937522694e-02,-9.336356869772e-06,9.306937522694e-02,0.000000000000e+00,3.558491163246e-05,0.000000000000e+00
733,0.000000000000e+00,4.105348845911e-05,9.297237329305e-02,-1.084274198879e-05,9.297237329305e-02,0.000000000000e+00,4.105348845911e-05,0.000000000000e+00
734,0.000000000000e+00,4.671199525194e-05,9.288423195304e-02,-1.238462194268e-05,9.288423195304e-02,0.000000000000e+00,4.671199525194e-05,0.000000000000e+00
735,0.000000000000e+00,5.247674784011e-05,9.280564457264e-02,-1.394302421900e-05,9.280564457264e-02,0.000000000000e+00,5.247674784011e-05,0.000000000000e+00
736,0.000000000000e+00,5.827118884672e-05,9.273728870027e-02,-1.550133186000e-05,9.273728870027e-02,0.000000000000e+00,5.827118884672e-05,0.000000000000e+00
737,0.000000000000e+00,6.402665906348e-05,9.267980268385e-02,-1.704393621104e-05,9.267980268385e-02,0.000000000000e+00,6.402665906348e-05,0.000000000000e+00
738,0.000000000000e+00,6.967736734152e-05,9.263373651313e-02,-1.855526472882e-05,9.263373651313e-02,0.000000000000e+00,6.967736734152e-05,0.000000000000e+00
739,0.000000000000e+00,7.513446164872e-05,9.259939607018e-02,-2.001506642315e-05,9.259939607018e-02,0.000000000000e+00,7.513446164872e-05,0.000000000000e+00
740,0.000000000000e+00,8.033130788303e-05,9.257703250129e-02,-2.140804036068e-05,9.257703250129e-02,0.000000000000e+00,8.033130788303e-05,0.000000000000e+00
741,0.000000000000e+00,8.517103808479e-05,9.256676710901e-02,-2.271192245868e-05,9.256676710901e-02,0.000000000000e+00,8.517103808479e-05,0.000000000000e+00
742,0.000000000000e+00,8.954892591964e-05,9.256857414077e-02,-2.390294037470e-05,9.256857414077e-02,0.000000000000e+00,8.954892591964e-05,0.000000000000e+00
743,0.000000000000e+00,9.338551373972e-05,9.258222068699e-02,-2.496297682965e-05,9.258222068699e-02,0.000000000000e+00,9.338551373972e-05,0.000000000000e+00
744,0.000000000000e+00,9.660047850480e-05,9.260722175246e-02,-2.587437091735e-05,9.260722175246e-02,0.000000000000e+00,9.660047850480e-05,0.000000000000e+00
745,0.000000000000e+00,9.912159498219e-05,9.264288177343e-02,-2.662115457819e-05,9.264288177343e-02,0.000000000000e+00,9.912159498219e-05,0.000000000000e+00
746,0.000000000000e+00,1.008802142941e-04,9.268832105054e-02,-2.718822070813e-05,9.268832105054e-02,0.000000000000e+00,1.008802142941e-04,0.000000000000e+00
747,0.000000000000e+00,1.018058197194e-04,9.274237738692e-02,-2.755964882157e-05,9.274237738692e-02,0.000000000000e+00,1.018058197194e-04,0.000000000000e+00
748,0.000000000000e+00,1.018499665308e-04,9.280366853670e-02,-2.772415282595e-05,9.280366853670e-02,0.000000000000e+00,1.018499665308e-04,0.000000000000e+00
749,0.000000000000e+00,1.009458813277e-04,9.287080172865e-02,-2.766613545976e-05,9.287080172865e-02,0.000000000000e+00,1.009458813277e-04,0.000000000000e+00
750,0.000000000000e+00,9.905856715940e-05,9.294217040729e-02,-2.737754336772e-05,9.294217040729e-02,0.000000000000e+00,9.905856715940e-05,0.000000000000e+00
751,0.000000000000e+00,9.616335712671e-05,9.301605221155e-02,-2.685284072074e-05,9.301605221155e-02,0.000000000000e+00,9.616335712671e-05,0.000000000000e+00
752,0.000000000000e+00,9.221288926754e-05,9.309109528943e-02,-2.608120171609e-05,9.309109528943e-02,0.000000000000e+00,9.221288926754e-05,0.000000000000e+00
753,0.000000000000e+00,8.716519989519e-05,9.316575310220e-02,-2.505294170764e-05,9.316575310220e-02,0.000000000000e+00,8.716519989519e-05,0.000000000000e+00
754,0.000000000000e+00,8.097226325150e-05,9.323854105931e-02,-2.375738337136e-05,9.323854105931e-02,0.000000000000e+00,8.097226325150e-05,0.000000000000e+00
755,0.000000000000e+00,7.364205064594e-05,9.330789877759e-02,-2.219657730180e-05,9.330789877759e-02,0.000000000000e+00,7.364205064594e-05,0.000000000000e+00
756,0.000000000000e+00,6.520345198736e-05,9.337241468846e-02,-2.037763635904e-05,9.337241468846e-02,0.000000000000e+00,6.520345198736e-05,0.000000000000e+00
757,0.000000000000e+00,5.567103120001e-05,9.343069257572e-02,-1.830400074198e-05,9.343069257572e-02,0.000000000000e+00,5.567103120001e-05,0.000000000000e+00
758,0.000000000000e+00,4.507737728863e-05,9.348137814031e-02,-1.598343766541e-05,9.348137814031e-02,0.000000000000e+00,4.507737728863e-05,0.000000000000e+00
759,0.000000000000e+00,3.348461529744e-05,9.352316038485e-02,-1.343047463420e-05,9.352316038485e-02,0.000000000000e+00,3.348461529744e-05,0.000000000000e+00
760,0.000000000000e+00,2.098326951746e-05,9.355502296063e-02,-1.066585378780e-05,9.355502296063e-02,0.000000000000e+00,2.098326951746e-05,0.000000000000e+00
761,0.000000000000e+00,7.673375371677e-06,9.357618708643e-02,-7.712415715903e-06,9.357618708643e-02,0.000000000000e+00,7.673375371677e-06,0.000000000000e+00
762,0.000000000000e+00,-6.331047339026e-06,9.358557072830e-02,-4.596284721879e-06,9.358557072830e-02,0.000000000000e+00,-6.331047339026e-06,0.000000000000e+00
763,0.000000000000e+00,-2.087932426147e-05,9.358221682285e-02,-1.351562212936e-06,9.358221682285e-02,0.000000000000e+00,-2.087932426147e-05,0.000000000000e+00
764,0.000000000000e+00,-3.584653023653e-05,9.356584396021e-02,1.993650724664e-06,9.356584396021e-02,0.000000000000e+00,-3.584653023653e-05,0.000000000000e+00
765,0.000000000000e+00,-5.112292663854e-05,9.353654337297e-02,5.414687305367e-06,9.353654337297e-02,0.000000000000e+00,-5.112292663854e-05,0.000000000000e+00
766,0.000000000000e+00,-6.663375468728e-05,9.349413908007e-02,8.894810106002e-06,9.349413908007e-02,0.000000000000e+00,-6.663375468728e-05,0.000000000000e+00
767,0.000000000000e+00,-8.227396754128e-05,9.343868188170e-02,1.241093531161e-05,9.343868188170e-02,0.000000000000e+00,-8.227396754128e-05,0.000000000000e+00
768,0.000000000000e+00,-9.791694625810e-05,9.337047021596e-02,1.593473572448e-05,9.337047021596e-02,0.000000000000e+00,-9.791694625810e-05,0.000000000000e+00
769,0.000000000000e+00,-1.134487433003e-04,9.328992046303e-02,1.944153236676e-05,9.328992046303e-02,0.000000000000e+00,-1.134487433003e-04,0.000000000000e+00
770,0.000000000000e+00,-1.287804766517e-04,9.319757720061e-02,2.291228278213e-05,9.319757720061e-02,0.000000000000e+00,-1.287804766517e-04,0.000000000000e+00
771,0.000000000000e+00,-1.437578594981e-04,9.309414679646e-02,2.631239052233e-05,9.309414679646e-02,0.000000000000e+00,-1.437578594981e-04,0.000000000000e+00
772,0.000000000000e+00,-1.582448081352e-04,9.298035545704e-02,2.961118079113e-05,9.298035545704e-02,0.000000000000e+00,-1.582448081352e-04,0.000000000000e+00
773,0.000000000000e+00,-1.721160134403e-04,9.285710391902e-02,3.278006182510e-05,9.285710391902e-02,0.000000000000e+00,-1.721160134403e-04,0.000000000000e+00
774,0.000000000000e+00,-1.852427171674e-04,9.272530740920e-02,3.579022421101e-05,9.272530740920e-02,0.000000000000e+00,-1.852427171674e-04,0.000000000000e+00
775,0.000000000000e+00,-1.975247320282e-04,9.258593712631e-02,3.861985941450e-05,9.258593712631e-02,0.000000000000e+00,-1.975247320282e-04,0.000000000000e+00
776,0.000000000000e+00,-2.088520242962e-04,9.243986732488e-02,4.124472018845e-05,9.243986732488e-02,0.000000000000e+00,-2.088520242962e-04,0.000000000000e+00
777,0.000000000000e+00,-2.192040138205e-04,9.228806842456e-02,4.366134053151e-05,9.228806842456e-02,0.000000000000e+00,-2.192040138205e-04,0.000000000000e+00
778,0.000000000000e+00,-2.284803712406e-04,9.213142078601e-02,4.584744879188e-05,9.213142078601e-02,0.000000000000e+00,-2.284803712406e-04,0.000000000000e+00
779,0.000000000000e+00,-2.366087032786e-04,9.197084197986e-02,4.778702552520e-05,9.197084197986e-02,0.000000000000e+00,-2.366087032786e-04,0.000000000000e+00
780,0.000000000000e+00,-2.435054555903e-04,9.180717078332e-02,4.946157361849e-05,9.180717078332e-02,0.000000000000e+00,-2.435054555903e-04,0.000000000000e+00
781,0.000000000000e+00,-2.491075841614e-04,9.164128225917e-02,5.085733214066e-05,9.164128225917e-02,0.000000000000e+00,-2.491075841614e-04,0.000000000000e+00
782,0.000000000000e+00,-2.533611191654e-04,9.147412123039e-02,5.196230846138e-05,9.147412123039e-02,0.000000000000e+00,-2.533611191654e-04,0.000000000000e+00
783,0.000000000000e+00,-2.562025091620e-04,9.130646363293e-02,5.276257701884e-05,9.130646363293e-02,0.000000000000e+00,-2.562025091620e-04,0.000000000000e+00
784,0.000000000000e+00,-2.576193373379e-04,9.113910806351e-02,5.325572945656e-05,9.113910806351e-02,0.000000000000e+00,-2.576193373379e-04,0.000000000000e+00
785,0.000000000000e+00,-2.575741543612e-04,9.097271859649e-02,5.343318605087e-05,9.097271859649e-02,0.000000000000e+00,-2.575741543612e-04,0.000000000000e+00
786,0.000000000000e+00,-2.560261463820e-04,9.080789768359e-02,5.328504052051e-05,9.080789768359e-02,0.000000000000e+00,-2.560261463820e-04,0.000000000000e+00
787,0.000000000000e+00,-2.529539933178e-04,9.064526024006e-02,5.280603145144e-05,9.064526024006e-02,0.000000000000e+00,-2.529539933178e-04,0.000000000000e+00
788,0.000000000000e+00,-2.483477039480e-04,9.048542157155e-02,5.199365882817e-05,9.048542157155e-02,0.000000000000e+00,-2.483477039480e-04,0.000000000000e+00
789,0.000000000000e+00,-2.422173528065e-04,9.032898467647e-02,5.084981504984e-05,9.032898467647e-02,0.000000000000e+00,-2.422173528065e-04,0.000000000000e+00
790,0.000000000000e+00,-2.345818454596e-04,9.017663940319e-02,4.937824844686e-05,9.017663940319e-02,0.000000000000e+00,-2.345818454596e-04,0.000000000000e+00
791,0.000000000000e+00,-2.254635904996e-04,9.002898791187e-02,4.758344656889e-05,9.002898791187e-02,0.000000000000e+00,-2.254635904996e-04,0.000000000000e+00
792,0.000000000000e+00,-2.149144364845e-04,8.988649110456e-02,4.547614691478e-05,8.988649110456e-02,0.000000000000e+00,-2.149144364845e-04,0.000000000000e+00
793,0.000000000000e+00,-2.029929268544e-04,8.974967653530e-02,4.306837168339e-05,8.974967653530e-02,0.000000000000e+00,-2.029929268544e-04,0.000000000000e+00
794,0.000000000000e+00,-1.897752766218e-04,8.961898453532e-02,4.037605294089e-05,8.961898453532e-02,0.000000000000e+00,-1.897752766218e-04,0.000000000000e+00
795,0.000000000000e+00,-1.753409133926e-04,8.949502627725e-02,3.741532493164e-05,8.949502627725e-02,0.000000000000e+00,-1.753409133926e-04,0.000000000000e+00
796,0.000000000000e+00,-1.597832508615e-04,8.937835248657e-02,3.420591609966e-05,8.937835248657e-02,0.000000000000e+00,-1.597832508615e-04,0.000000000000e+00
797,0.000000000000e+00,-1.432035752527e-04,8.926959258303e-02,3.076941127664e-05,8.926959258303e-02,0.000000000000e+00,-1.432035752527e-04,0.000000000000e+00
798,0.000000000000e+00,-1.258862726817e-04,8.916970159332e-02,2.699444258443e-05,8.916970159332e-02,0.000000000000e+00,-1.258862726817e-04,0.000000000000e+00
799,0.000000000000e+00,-1.075950240369e-04,8.907889546098e-02,2.317710353619e-05,8.907889546098e-02,0.000000000000e+00,-1.075950240369e-04,0.000000000000e+00
800,0.000000000000e+00,-8.863211275226e-05,8.899827520624e-02,1.920827552668e-05,8.899827520624e-02,0.000000000000e+00,-8.863211275226e-05,0.000000000000e+00
801,0.000000000000e+00,-6.912658903697e-05,8.892814562900e-02,1.511630225973e-05,8.892814562900e-02,0.000000000000e+00,-6.912658903697e-05,0.000000000000e+00
802,0.000000000000e+00,-4.922710673602e-05,8.886852325285e-02,1.093385018407e-05,8.886852325285e-02,0.000000000000e+00,-4.922710673602e-05,0.000000000000e+00
803,0.000000000000e+00,-2.907074565252e-05,8.881994202839e-02,6.690276143438e-06,8.881994202839e-02,0.000000000000e+00,-2.907074565252e-05,0.000000000000e+00
804,0.000000000000e+00,-8.796647127608e-06,8.878296385615e-02,2.415179499852e-06,8.878296385615e-02,0.000000000000e+00,-8.796647127608e-06,0.000000000000e+00
805,0.000000000000e+00,1.146350749977e-05,8.875798326446e-02,-1.863641859761e-06,8.875798326446e-02,0.000000000000e+00,1.146350749977e-05,0.000000000000e+00
806,0.000000000000e+00,3.157681621169e-05,8.874520087891e-02,-6.117732076638e-06,8.874520087891e-02,0.000000000000e+00,3.157681621169e-05,0.000000000000e+00
807,0.000000000000e+00,5.141642246676e-05,8.874481203056e-02,-1.032030852927e-05,8.874481203056e-02,0.000000000000e+00,5.141642246676e-05,0.000000000000e+00
808,0.000000000000e+00,7.086856378706e-05,8.875689576653e-02,-1.444760296165e-05,8.875689576653e-02,0.000000000000e+00,7.086856378706e-05,0.000000000000e+00
809,0.000000000000e+00,8.983789876974e-05,8.878138406349e-02,-1.847980283850e-05,8.878138406349e-02,0.000000000000e+00,8.983789876974e-05,0.000000000000e+00
810,0.000000000000e+00,1.082278362425e-04,8.881799917571e-02,-2.239730929153e-05,8.881799917571e-02,0.000000000000e+00,1.082278362425e-04,0.000000000000e+00
811,0.000000000000e+00,1.259463415396e-04,8.886635423185e-02,-2.618146323229e-05,8.886635423185e-02,0.000000000000e+00,1.259463415396e-04,0.000000000000e+00
812,0.000000000000e+00,1.429188326208e-04,8.892569554311e-02,-2.981745716421e-05,8.892569554311e-02,0.000000000000e+00,1.429188326208e-04,0.000000000000e+00
813,0.000000000000e+00,1.590662204559e-04,8.899535095178e-02,-3.328894255655e-05,8.899535095178e-02,0.000000000000e+00,1.590662204559e-04,0.000000000000e+00
814,0.000000000000e+00,1.743238215700e-04,8.907450542270e-02,-3.658245220457e-05,8.907450542270e-02,0.000000000000e+00,1.743238215700e-04,0.000000000000e+00
815,0.000000000000e+00,1.886345416607e-04,8.916212677592e-02,-3.968632332489e-05,8.916212677592e-02,0.000000000000e+00,1.886345416607e-04,0.000000000000e+00
816,0.000000000000e+00,2.019517149071e-04,8.925705296330e-02,-4.259120467979e-05,8.925705296330e-02,0.000000000000e+00,2.019517149071e-04,0.000000000000e+00
817,0.000000000000e+00,2.142425044581e-04,8.935804714312e-02,-4.529106357996e-05,8.935804714312e-02,0.000000000000e+00,2.142425044581e-04,0.000000000000e+00
818,0.000000000000e+00,2.254782142050e-04,8.946381808439e-02,-4.778062727242e-05,8.946381808439e-02,0.000000000000e+00,2.254782142050e-04,0.000000000000e+00
819,0.000000000000e+00,2.356483138634e-04,8.957273523356e-02,-5.005850125245e-05,8.957273523356e-02,0.000000000000e+00,2.356483138634e-04,0.000000000000e+00
820,0.000000000000e+00,2.447434311752e-04,8.968328629395e-02,-5.212332143543e-05,8.968328629395e-02,0.000000000000e+00,2.447434311752e-04,0.000000000000e+00
821,0.000000000000e+00,2.527535789768e-04,8.979411233248e-02,-5.397368739001e-05,8.979411233248e-02,0.000000000000e+00,2.527535789768e-04,0.000000000000e+00
822,0.000000000000e+00,2.596815041570e-04,8.990363905458e-02,-5.561097923543e-05,8.990363905458e-02,0.000000000000e+00,2.596815041570e-04,0.000000000000e+00
823,0.000000000000e+00,2.655283119464e-04,9.001039959882e-02,-5.703579590493e-05,9.001039959882e-02,0.000000000000e+00,2.655283119464e-04,0.000000000000e+00
824,0.000000000000e+00,2.702934989798e-04,9.011290433919e-02,-5.824826067088e-05,9.011290433919e-02,0.000000000000e+00,2.702934989798e-04,0.000000000000e+00
825,0.000000000000e+00,2.739805301572e-04,9.020993750946e-02,-5.924913992956e-05,9.020993750946e-02,0.000000000000e+00,2.739805301572e-04,0.000000000000e+00
826,0.000000000000e+00,2.765995534957e-04,9.030019981608e-02,-6.004042062211e-05,9.030019981608e-02,0.000000000000e+00,2.765995534957e-04,0.000000000000e+00
827,0.000000000000e+00,2.781622160979e-04,9.038227414467e-02,-6.062416281136e-05,9.038227414467e-02,0.000000000000e+00,2.781622160979e-04,0.000000000000e+00
828,0.000000000000e+00,2.786798753953e-04,9.045485476502e-02,-6.100243090784e-05,9.045485476502e-02,0.000000000000e+00,2.786798753953e-04,0.000000000000e+00
829,0.000000000000e+00,2.781568534316e-04,9.051689111260e-02,-6.117558649058e-05,9.051689111260e-02,0.000000000000e+00,2.781568534316e-04,0.000000000000e+00
830,0.000000000000e+00,2.766021548350e-04,9.056742895104e-02,-6.114505614128e-05,9.056742895104e-02,0.000000000000e+00,2.766021548350e-04,0.000000000000e+00
831,0.000000000000e+00,2.740330528604e-04,9.060578673276e-02,-6.091390940266e-05,9.060578673276e-02,0.000000000000e+00,2.740330528604e-04,0.000000000000e+00
832,0.000000000000e+00,2.704676278375e-04,9.063145320122e-02,-6.048543145435e-05,9.063145320122e-02,0.000000000000e+00,2.704676278375e-04,0.000000000000e+00
833,0.000000000000e+00,2.659210029835e-04,9.064358771110e-02,-5.986179751756e-05,9.064358771110e-02,0.000000000000e+00,2.659210029835e-04,0.000000000000e+00
834,0.000000000000e+00,2.604116801684e-04,9.064164776595e-02,-5.904600408488e-05,9.064164776595e-02,0.000000000000e+00,2.604116801684e-04,0.000000000000e+00
835,0.000000000000e+00,2.539529496699e-04,9.062558596851e-02,-5.803943268913e-05,9.062558596851e-02,0.000000000000e+00,2.539529496699e-04,0.000000000000e+00
836,0.000000000000e+00,2.465648701978e-04,9.059555674046e-02,-5.684487004314e-05,9.059555674046e-02,0.000000000000e+00,2.465648701978e-04,0.000000000000e+00
837,0.000000000000e+00,2.382738440684e-04,9.055158234735e-02,-5.546719252456e-05,9.055158234735e-02,0.000000000000e+00,2.382738440684e-04,0.000000000000e+00
838,0.000000000000e+00,2.291184439105e-04,9.049390532827e-02,-5.391357784233e-05,9.049390532827e-02,0.000000000000e+00,2.291184439105e-04,0.000000000000e+00
839,0.000000000000e+00,2.191432114586e-04,9.042299672599e-02,-5.219192929905e-05,9.042299672599e-02,0.000000000000e+00,2.191432114586e-04,0.000000000000e+00
840,0.000000000000e+00,2.084078732087e-04,9.033945009908e-02,-5.031381187407e-05,9.033945009908e-02,0.000000000000e+00,2.084078732087e-04,0.000000000000e+00
841,0.000000000000e+00,1.969754215966e-04,9.024390952380e-02,-4.829170985140e-05,9.024390952380e-02,0.000000000000e+00,1.969754215966e-04,0.000000000000e+00
842,0.000000000000e+00,1.849115873038e-04,9.013707916397e-02,-4.613911559375e-05,9.013707916397e-02,0.000000000000e+00,1.849115873038e-04,0.000000000000e+00
843,0.000000000000e+00,1.722904941059e-04,9.001978727594e-02,-4.387159617213e-05,9.001978727594e-02,0.000000000000e+00,1.722904941059e-04,0.000000000000e+00
844,0.000000000000e+00,1.591933300362e-04,8.989299033934e-02,-4.150615786982e-05,8.989299033934e-02,0.000000000000e+00,1.591933300362e-04,0.000000000000e+00
845,0.000000000000e+00,1.457145510213e-04,8.975757786894e-02,-3.906241662951e-05,8.975757786894e-02,0.000000000000e+00,1.457145510213e-04,0.000000000000e+00
846,0.000000000000e+00,1.319543280902e-04,8.961452245796e-02,-3.656109405450e-05,8.961452245796e-02,0.000000000000e+00,1.319543280902e-04,0.000000000000e+00
847,0.000000000000e+00,1.180060180918e-04,8.946479628107e-02,-3.402153146639e-05,8.946479628107e-02,0.000000000000e+00,1.180060180918e-04,0.000000000000e+00
848,0.000000000000e+00,1.039641635477e-04,8.930939621715e-02,-3.146374196344e-05,8.930939621715e-02,0.000000000000e+00,1.039641635477e-04,0.000000000000e+00
849,0.000000000000e+00,8.992609642470e-05,8.914932510350e-02,-2.890817758122e-05,8.914932510350e-02,0.000000000000e+00,8.992609642470e-05,0.000000000000e+00
850,0.000000000000e+00,7.599214588160e-05,8.898560664025e-02,-2.637499978504e-05,8.898560664025e-02,0.000000000000e+00,7.599214588160e-05,0.000000000000e+00
851,0.000000000000e+00,6.226152047769e-05,8.881925987852e-02,-2.388435001155e-05,8.881925987852e-02,0.000000000000e+00,6.226152047769e-05,0.000000000000e+00
852,0.000000000000e+00,4.883128283169e-05,8.865128621744e-02,-2.145666955866e-05,8.865128621744e-02,0.000000000000e+00,4.883128283169e-05,0.000000000000e+00
853,0.000000000000e+00,3.579339763081e-05,8.848264927871e-02,-1.911010156818e-05,8.848264927871e-02,0.000000000000e+00,3.579339763081e-05,0.000000000000e+00
854,0.000000000000e+00,2.323586526206e-05,8.831425372728e-02,-1.686233726618e-05,8.831425372728e-02,0.000000000000e+00,2.323586526206e-05,0.000000000000e+00
855,0.000000000000e+00,1.124282703399e-05,8.814694809600e-02,-1.473030223298e-05,8.814694809600e-02,0.000000000000e+00,1.124282703399e-05,0.000000000000e+00
856,0.000000000000e+00,-1.079839869916e-07,8.798150064107e-02,-1.272956290001e-05,8.798150064107e-02,0.000000000000e+00,-1.079839869916e-07,0.000000000000e+00
857,0.000000000000e+00,-1.075001131204e-05,8.781869399164e-02,-1.087342715828e-05,8.781869399164e-02,0.000000000000e+00,-1.075001131204e-05,0.000000000000e+00
858,0.000000000000e+00,-2.062682254164e-05,8.765923875271e-02,-9.172272836470e-06,8.765923875271e-02,0.000000000000e+00,-2.062682254164e-05,0.000000000000e+00
859,0.000000000000e+00,-2.968496832839e-05,8.750382616972e-02,-7.635976079786e-06,8.750382616972e-02,0.000000000000e+00,-2.968496832839e-05,0.000000000000e+00
860,0.000000000000e+00,-3.787601110578e-05,8.735313496382e-02,-6.273691554014e-06,8.735313496382e-02,0.000000000000e+00,-3.787601110578e-05,0.000000000000e+00
861,0.000000000000e+00,-4.515928927246e-05,8.720781841166e-02,-5.093004479596e-06,8.720781841166e-02,0.000000000000e+00,-4.515928927246e-05,0.000000000000e+00
862,0.000000000000e+00,-5.150204231211e-05,8.706848085522e-02,-4.100044686258e-06,8.706848085522e-02,0.000000000000e+00,-5.150204231211e-05,0.000000000000e+00
863,0.000000000000e+00,-5.687529054868e-05,8.693569568267e-02,-3.300172638522e-06,8.693569568267e-02,0.000000000000e+00,-5.687529054868e-05,0.000000000000e+00
864,0.000000000000e+00,-6.127043170189e-05,8.680996407738e-02,-2.694697243041e-06,8.680996407738e-02,0.000000000000e+00,-6.127043170189e-05,0.000000000000e+00
865,0.000000000000e+00,-6.468693410725e-05,8.669176517599e-02,-2.282125200890e-06,8.669176517599e-02,0.000000000000e+00,-6.468693410725e-05,0.000000000000e+00
866,0.000000000000e+00,-6.713183267433e-05,8.658153450799e-02,-2.060385408497e-06,8.658153450799e-02,0.000000000000e+00,-6.713183267433e-05,0.000000000000e+00
867,0.000000000000e+00,-6.861961928273e-05,8.647966448820e-02,-2.025320605687e-06,8.647966448820e-02,0.000000000000e+00,-6.861961928273e-05,0.000000000000e+00
868,0.000000000000e+00,-6.916915321932e-05,8.638648199169e-02,-2.171073878188e-06,8.638648199169e-02,0.000000000000e+00,-6.916915321932e-05,0.000000000000e+00
869,0.000000000000e+00,-6.879945432737e-05,8.630225489120e-02,-2.492269536079e-06,8.630225489120e-02,0.000000000000e+00,-6.879945432737e-05,0.000000000000e+00
870,0.000000000000e+00,-6.753485371960e-05,8.622734214180e-02,-2.982833720234e-06,8.622734214180e-02,0.000000000000e+00,-6.753485371960e-05,0.000000000000e+00
871,0.000000000000e+00,-6.540899129325e-05,8.616201257497e-02,-3.634636112605e-06,8.616201257497e-02,0.000000000000e+00,-6.540899129325e-05,0.000000000000e+00
872,0.000000000000e+00,-6.246510748643e-05,8.610650585227e-02,-4.437599506727e-06,8.610650585227e-02,0.000000000000e+00,-6.246510748643e-05,0.000000000000e+00
873,0.000000000000e+00,-5.876929594396e-05,8.606098597501e-02,-5.376666286740e-06,8.606098597501e-02,0.000000000000e+00,-5.876929594396e-05,0.000000000000e+00
874,0.000000000000e+00,-5.437641429571e-05,8.602554129657e-02,-6.439673711419e-06,8.602554129657e-02,0.000000000000e+00,-5.437641429571e-05,0.000000000000e+00
875,0.000000000000e+00,-4.934397030722e-05,8.600013233610e-02,-7.614204028983e-06,8.600013233610e-02,0.000000000000e+00,-4.934397030722e-05,0.000000000000e+00
876,0.000000000000e+00,-4.373447523954e-05,8.598464235699e-02,-8.886820164937e-06,8.598464235699e-02,0.000000000000e+00,-4.373447523954e-05,0.000000000000e+00
877,0.000000000000e+00,-3.761343017302e-05,8.597894370101e-02,-1.024362925274e-05,8.597894370101e-02,0.000000000000e+00,-3.761343017302e-05,0.000000000000e+00
878,0.000000000000e+00,-3.104592727164e-05,8.598289362887e-02,-1.167160663848e-05,8.598289362887e-02,0.000000000000e+00,-3.104592727164e-05,0.000000000000e+00
879,0.000000000000e+00,-2.410168297275e-05,8.599628690531e-02,-1.315740916594e-05,8.599628690531e-02,0.000000000000e+00,-2.410168297275e-05,0.000000000000e+00
880,0.000000000000e+00,-1.685418297952e-05,8.601870625035e-02,-1.468580016455e-05,8.601870625035e-02,0.000000000000e+00,-1.685418297952e-05,0.000000000000e+00
881,0.000000000000e+00,-9.371756070571e-06,8.604979320545e-02,-1.624276141272e-05,8.604979320545e-02,0.000000000000e+00,-9.371756070571e-06,0.000000000000e+00
882,0.000000000000e+00,-1.719559292740e-06,8.608910336409e-02,-1.781531811666e-05,8.608910336409e-02,0.000000000000e+00,-1.719559292740e-06,0.000000000000e+00
883,0.000000000000e+00,6.036443015622e-06,8.613619142829e-02,-1.938968275809e-05,8.613619142829e-02,0.000000000000e+00,6.036443015622e-06,0.000000000000e+00
884,0.000000000000e+00,1.383283917591e-05,8.619055905377e-02,-2.095313252802e-05,8.619055905377e-02,0.000000000000e+00,1.383283917591e-05,0.000000000000e+00
885,0.000000000000e+00,2.161238034629e-05,8.625165482090e-02,-2.249433389050e-05,8.625165482090e-02,0.000000000000e+00,2.161238034629e-05,0.000000000000e+00
886,0.000000000000e+00,2.931682705180e-05,8.631882713750e-02,-2.400127495752e-05,8.631882713750e-02,0.000000000000e+00,2.931682705180e-05,0.000000000000e+00
887,0.000000000000e+00,3.690070356043e-05,8.639139704282e-02,-2.546521961358e-05,8.639139704282e-02,0.000000000000e+00,3.690070356043e-05,0.000000000000e+00
888,0.000000000000e+00,4.432465984111e-05,8.646870945159e-02,-2.687882627580e-05,8.646870945159e-02,0.000000000000e+00,4.432465984111e-05,0.000000000000e+00
889,0.000000000000e+00,5.155193084354e-05,8.655008791507e-02,-2.823583971001e-05,8.655008791507e-02,0.000000000000e+00,5.155193084354e-05,0.000000000000e+00
890,0.000000000000e+00,5.855178627472e-05,8.663484668117e-02,-2.953141723405e-05,8.663484668117e-02,0.000000000000e+00,5.855178627472e-05,0.000000000000e+00
891,0.000000000000e+00,6.529317381869e-05,8.672227831747e-02,-3.076051654502e-05,8.672227831747e-02,0.000000000000e+00,6.529317381869e-05,0.000000000000e+00
892,0.000000000000e+00,7.174882430040e-05,8.681171111344e-02,-3.191997639399e-05,8.681171111344e-02,0.000000000000e+00,7.174882430040e-05,0.000000000000e+00
893,0.000000000000e+00,7.789982459853e-05,8.690249273369e-02,-3.300846799964e-05,8.690249273369e-02,0.000000000000e+00,7.789982459853e-05,0.000000000000e+00
894,0.000000000000e+00,8.371523607479e-05,8.699395334698e-02,-3.402113349361e-05,8.699395334698e-02,0.000000000000e+00,8.371523607479e-05,0.000000000000e+00
895,0.000000000000e+00,8.915073447053e-05,8.708543973312e-02,-3.495154547418e-05,8.708543973312e-02,0.000000000000e+00,8.915073447053e-05,0.000000000000e+00
896,0.000000000000e+00,9.420015870989e-05,8.717636342780e-02,-3.580141207116e-05,8.717636342780e-02,0.000000000000e+00,9.420015870989e-05,0.000000000000e+00
897,0.000000000000e+00,9.884663102749e-05,8.726621467457e-02,-3.656911780826e-05,8.726621467457e-02,0.000000000000e+00,9.884663102749e-05,0.000000000000e+00
898,0.000000000000e+00,1.030476339286e-04,8.735451297955e-02,-3.724767375430e-05,8.735451297955e-02,0.000000000000e+00,1.030476339286e-04,0.000000000000e+00
899,0.000000000000e+00,1.067820506838e-04,8.744078167256e-02,-3.783471367811e-05,8.744078167256e-02,0.000000000000e+00,1.067820506838e-04,0.000000000000e+00
900,0.000000000000e+00,1.100526360173e-04,8.752453856900e-02,-3.833395635943e-05,8.752453856900e-02,0.000000000000e+00,1.100526360173e-04,0.000000000000e+00
901,0.000000000000e+00,1.128570504605e-04,8.760531181674e-02,-3.874680436191e-05,8.760531181674e-02,0.000000000000e+00,1.128570504605e-04,0.000000000000e+00
902,0.000000000000e+00,1.151856440695e-04,8.768266824316e-02,-3.907330790685e-05,8.768266824316e-02,0.000000000000e+00,1.151856440695e-04,0.000000000000e+00
903,0.000000000000e+00,1.170301371758e-04,8.775619160701e-02,-3.931328792536e-05,8.775619160701e-02,0.000000000000e+00,1.170301371758e-04,0.000000000000e+00
904,0.000000000000e+00,1.183673189069e-04,8.782548717471e-02,-3.946373062871e-05,8.782548717471e-02,0.000000000000e+00,1.183673189069e-04,0.000000000000e+00
905,0.000000000000e+00,1.191794083291e-04,8.789018578783e-02,-3.952256376285e-05,8.789018578783e-02,0.000000000000e+00,1.191794083291e-04,0.000000000000e+00
906,0.000000000000e+00,1.194453682116e-04,8.794993542424e-02,-3.948666277086e-05,8.794993542424e-02,0.000000000000e+00,1.194453682116e-04,0.000000000000e+00
907,0.000000000000e+00,1.191532750987e-04,8.800438666642e-02,-3.935464966806e-05,8.800438666642e-02,0.000000000000e+00,1.191532750987e-04,0.000000000000e+00
908,0.000000000000e+00,1.182929194358e-04,8.805320907167e-02,-3.912518075958e-05,8.805320907167e-02,0.000000000000e+00,1.182929194358e-04,0.000000000000e+00
909,0.000000000000e+00,1.168558458111e-04,8.809609245012e-02,-3.879687107041e-05,8.809609245012e-02,0.000000000000e+00,1.168558458111e-04,0.000000000000e+00
910,0.000000000000e+00,1.148368545717e-04,8.813275438683e-02,-3.836847573583e-05,8.813275438683e-02,0.000000000000e+00,1.148368545717e-04,0.000000000000e+00
911,0.000000000000e+00,1.122332119085e-04,8.816300198022e-02,-3.783862959384e-05,8.816300198022e-02,0.000000000000e+00,1.122332119085e-04,0.000000000000e+00
912,0.000000000000e+00,1.090555119688e-04,8.818659119007e-02,-3.720883199113e-05,8.818659119007e-02,0.000000000000e+00,1.090555119688e-04,0.000000000000e+00
913,0.000000000000e+00,1.053169151477e-04,8.820321022286e-02,-3.648103169346e-05,8.820321022286e-02,0.000000000000e+00,1.053169151477e-04,0.000000000000e+00
914,0.000000000000e+00,1.010377379123e-04,8.821266551897e-02,-3.565830442496e-05,8.821266551897e-02,0.000000000000e+00,1.010377379123e-04,0.000000000000e+00
915,0.000000000000e+00,9.624586291859e-05,8.821478992890e-02,-3.474487424905e-05,8.821478992890e-02,0.000000000000e+00,9.624586291859e-05,0.000000000000e+00
916,0.000000000000e+00,9.097435367404e-05,8.820943672737e-02,-3.374557646244e-05,8.820943672737e-02,0.000000000000e+00,9.097435367404e-05,0.000000000000e+00
917,0.000000000000e+00,8.526263238811e-05,8.819647928843e-02,-3.266627222449e-05,8.819647928843e-02,0.000000000000e+00,8.526263238811e-05,0.000000000000e+00
918,0.000000000000e+00,7.915572096926e-05,8.817591511622e-02,-3.151357920059e-05,8.817591511622e-02,0.000000000000e+00,7.915572096926e-05,0.000000000000e+00
919,0.000000000000e+00,7.270561212589e-05,8.814784688369e-02,-3.029517639257e-05,8.814784688369e-02,0.000000000000e+00,7.270561212589e-05,0.000000000000e+00
920,0.000000000000e+00,6.597045514212e-05,8.811232845170e-02,-2.901972724752e-05,8.811232845170e-02,0.000000000000e+00,6.597045514212e-05,0.000000000000e+00
921,0.000000000000e+00,5.900170509953e-05,8.806946655382e-02,-2.769387151512e-05,8.806946655382e-02,0.000000000000e+00,5.900170509953e-05,0.000000000000e+00
922,0.000000000000e+00,5.186128042441e-05,8.801943564251e-02,-2.632580881888e-05,8.801943564251e-02,0.000000000000e+00,5.186128042441e-05,0.000000000000e+00
923,0.000000000000e+00,4.462557325435e-05,8.796246196640e-02,-2.492688543690e-05,8.796246196640e-02,0.000000000000e+00,4.462557325435e-05,0.000000000000e+00
924,0.000000000000e+00,3.737393406653e-05,8.789882321536e-02,-2.350896406795e-05,8.789882321536e-02,0.000000000000e+00,3.737393406653e-05,0.000000000000e+00
925,0.000000000000e+00,3.018617460112e-05,8.782884624515e-02,-2.208376831163e-05,8.782884624515e-02,0.000000000000e+00,3.018617460112e-05,0.000000000000e+00
926,0.000000000000e+00,2.314497463503e-05,8.775289956703e-02,-2.066328395099e-05,8.775289956703e-02,0.000000000000e+00,2.314497463503e-05,0.000000000000e+00
927,0.000000000000e+00,1.632320277086e-05,8.767140095192e-02,-1.925737393019e-05,8.767140095192e-02,0.000000000000e+00,1.632320277086e-05,0.000000000000e+00
928,0.000000000000e+00,9.792988727970e-06,8.758484631644e-02,-1.787590767045e-05,8.758484631644e-02,0.000000000000e+00,9.792988727970e-06,0.000000000000e+00
929,0.000000000000e+00,3.632652658898e-06,8.749371319264e-02,-1.652957193179e-05,8.749371319264e-02,0.000000000000e+00,3.632652658898e-06,0.000000000000e+00
930,0.000000000000e+00,-2.072951918101e-06,8.739846903785e-02,-1.523063856740e-05,8.739846903785e-02,0.000000000000e+00,-2.072951918101e-06,0.000000000000e+00
931,0.000000000000e+00,-6.995763018286e-06,8.729997430648e-02,-1.380347892163e-05,8.729997430648e-02,0.000000000000e+00,-6.995763018286e-06,0.000000000000e+00
932,0.000000000000e+00,-1.155792768050e-05,8.719801416524e-02,-1.263611088166e-05,8.719801416524e-02,0.000000000000e+00,-1.155792768050e-05,0.000000000000e+00
933,0.000000000000e+00,-1.543824738452e-05,8.709346937872e-02,-1.154794833509e-05,8.709346937872e-02,0.000000000000e+00,-1.543824738452e-05,0.000000000000e+00
934,0.000000000000e+00,-1.857438991013e-05,8.698685391229e-02,-1.054737141865e-05,8.698685391229e-02,0.000000000000e+00,-1.857438991013e-05,0.000000000000e+00
935,0.000000000000e+00,-2.090984671830e-05,8.687868875231e-02,-9.641947733674e-06,8.687868875231e-02,0.000000000000e+00,-2.090984671830e-05,0.000000000000e+00
936,0.000000000000e+00,-2.239621353067e-05,8.676947591197e-02,-8.838030356401e-06,8.676947591197e-02,0.000000000000e+00,-2.239621353067e-05,0.000000000000e+00
937,0.000000000000e+00,-2.299328233018e-05,8.665973748322e-02,-8.140389629715e-06,8.665973748322e-02,0.000000000000e+00,-2.299328233018e-05,0.000000000000e+00
938,0.000000000000e+00,-2.267065127123e-05,8.654991940940e-02,-7.552104770757e-06,8.654991940940e-02,0.000000000000e+00,-2.267065127123e-05,0.000000000000e+00
939,0.000000000000e+00,-2.141258111191e-05,8.644045965246e-02,-7.073905233651e-06,8.644045965246e-02,0.000000000000e+00,-2.141258111191e-05,0.000000000000e+00
940,0.000000000000e+00,-1.923591052491e-05,8.633181766852e-02,-6.699538575180e-06,8.633181766852e-02,0.000000000000e+00,-1.923591052491e-05,0.000000000000e+00
941,0.000000000000e+00,-1.615313339739e-05,8.622438413144e-02,-6.424456243014e-06,8.622438413144e-02,0.000000000000e+00,-1.615313339739e-05,0.000000000000e+00
942,0.000000000000e+00,-1.218300439996e-05,8.611859370519e-02,-6.243825193410e-06,8.611859370519e-02,0.000000000000e+00,-1.218300439996e-05,0.000000000000e+00
943,0.000000000000e+00,-7.347924186374e-06,8.601482103479e-02,-6.153241918540e-06,8.601482103479e-02,0.000000000000e+00,-7.347924186374e-06,0.000000000000e+00
944,0.000000000000e+00,-1.674878769505e-06,8.591347368008e-02,-6.148274230464e-06,8.591347368008e-02,0.000000000000e+00,-1.674878769505e-06,0.000000000000e+00
945,0.000000000000e+00,4.783652771026e-06,8.581491653518e-02,-6.220419827356e-06,8.581491653518e-02,0.000000000000e+00,4.783652771026e-06,0.000000000000e+00
946,0.000000000000e+00,1.197241918966e-05,8.571949309458e-02,-6.361155785282e-06,8.571949309458e-02,0.000000000000e+00,1.197241918966e-05,0.000000000000e+00
947,0.000000000000e+00,1.983099443578e-05,8.562750838221e-02,-6.561200604795e-06,8.562750838221e-02,0.000000000000e+00,1.983099443578e-05,0.000000000000e+00
948,0.000000000000e+00,2.828591857051e-05,8.553928279627e-02,-6.808931211589e-06,8.553928279627e-02,0.000000000000e+00,2.828591857051e-05,0.000000000000e+00
949,0.000000000000e+00,3.724490977884e-05,8.545511747950e-02,-7.089211563971e-06,8.545511747950e-02,0.000000000000e+00,3.724490977884e-05,0.000000000000e+00
950,0.000000000000e+00,4.660498842979e-05,8.537525165560e-02,-7.385850427711e-06,8.537525165560e-02,0.000000000000e+00,4.660498842979e-05,0.000000000000e+00
951,0.000000000000e+00,5.625835918507e-05,8.529990588051e-02,-7.683704883454e-06,8.529990588051e-02,0.000000000000e+00,5.625835918507e-05,0.000000000000e+00
952,0.000000000000e+00,6.610666962189e-05,8.522933056350e-02,-7.970511577436e-06,8.522933056350e-02,0.000000000000e+00,6.610666962189e-05,0.000000000000e+00
953,0.000000000000e+00,7.603104289265e-05,8.516373738288e-02,-8.229913053835e-06,8.516373738288e-02,0.000000000000e+00,7.603104289265e-05,0.000000000000e+00
954,0.000000000000e+00,8.589770283681e-05,8.510329581338e-02,-8.442653016760e-06,8.510329581338e-02,0.000000000000e+00,8.589770283681e-05,0.000000000000e+00
955,0.000000000000e+00,9.557267678207e-05,8.504813842423e-02,-8.590376143907e-06,8.504813842423e-02,0.000000000000e+00,9.557267678207e-05,0.000000000000e+00
956,0.000000000000e+00,1.049081180695e-04,8.499835897130e-02,-8.652639489971e-06,8.499835897130e-02,0.000000000000e+00,1.049081180695e-04,0.000000000000e+00
957,0.000000000000e+00,1.137594698309e-04,8.495401633725e-02,-8.610703651767e-06,8.495401633725e-02,0.000000000000e+00,1.137594698309e-04,0.000000000000e+00
958,0.000000000000e+00,1.219483567891e-04,8.491510617634e-02,-8.438156489143e-06,8.491510617634e-02,0.000000000000e+00,1.219483567891e-04,0.000000000000e+00
959,0.000000000000e+00,1.293396546515e-04,8.488162850776e-02,-8.119017639736e-06,8.488162850776e-02,0.000000000000e+00,1.293396546515e-04,0.000000000000e+00
960,0.000000000000e+00,1.358171567664e-04,8.485356059961e-02,-7.642730291454e-06,8.485356059961e-02,0.000000000000e+00,1.358171567664e-04,0.000000000000e+00
961,0.000000000000e+00,1.412554100927e-04,8.483085551300e-02,-6.997181130144e-06,8.483085551300e-02,0.000000000000e+00,1.412554100927e-04,0.000000000000e+00
962,0.000000000000e+00,1.455126385586e-04,8.481348187126e-02,-6.166549186163e-06,8.481348187126e-02,0.000000000000e+00,1.455126385586e-04,0.000000000000e+00
963,0.000000000000e+00,1.484572035663e-04,8.480138242668e-02,-5.137199859385e-06,8.480138242668e-02,0.000000000000e+00,1.484572035663e-04,0.000000000000e+00
964,0.000000000000e+00,1.499643459894e-04,8.479448943686e-02,-3.896644100974e-06,8.479448943686e-02,0.000000000000e+00,1.499643459894e-04,0.000000000000e+00
965,0.000000000000e+00,1.499104260152e-04,8.479269974105e-02,-2.432370293307e-06,8.479269974105e-02,0.000000000000e+00,1.499104260152e-04,0.000000000000e+00
966,0.000000000000e+00,1.482157869502e-04,8.479593036207e-02,-7.411299826583e-07,8.479593036207e-02,0.000000000000e+00,1.482157869502e-04,0.000000000000e+00
967,0.000000000000e+00,1.447901469981e-04,8.480405149702e-02,1.183451883845e-06,8.480405149702e-02,0.000000000000e+00,1.447901469981e-04,0.000000000000e+00
968,0.000000000000e+00,1.395430289665e-04,8.481680652537e-02,3.348628992850e-06,8.481680652537e-02,0.000000000000e+00,1.395430289665e-04,0.000000000000e+00
969,0.000000000000e+00,1.324025383073e-04,8.483396420471e-02,5.758277990634e-06,8.483396420471e-02,0.000000000000e+00,1.324025383073e-04,0.000000000000e+00
970,0.000000000000e+00,1.233234685663e-04,8.485528423665e-02,8.410959922425e-06,8.485528423665e-02,0.000000000000e+00,1.233234685663e-04,0.000000000000e+00
971,0.000000000000e+00,1.122734247787e-04,8.488051087799e-02,1.130309448827e-05,8.488051087799e-02,0.000000000000e+00,1.122734247787e-04,0.000000000000e+00
972,0.000000000000e+00,9.923962750744e-05,8.490936237569e-02,1.442798324056e-05,8.490936237569e-02,0.000000000000e+00,9.923962750744e-05,0.000000000000e+00
973,0.000000000000e+00,8.422869433413e-05,8.494154223566e-02,1.777587617902e-05,8.494154223566e-02,0.000000000000e+00,8.422869433413e-05,0.000000000000e+00
974,0.000000000000e+00,6.726714422515e-05,8.497674067777e-02,2.133416857226e-05,8.497674067777e-02,0.000000000000e+00,6.726714422515e-05,0.000000000000e+00
975,0.000000000000e+00,4.840057803703e-05,8.501462707282e-02,2.508699019528e-05,8.501462707282e-02,0.000000000000e+00,4.840057803703e-05,0.000000000000e+00
976,0.000000000000e+00,2.769347447045e-05,8.505482870013e-02,2.901533815328e-05,8.505482870013e-02,0.000000000000e+00,2.769347447045e-05,0.000000000000e+00
977,0.000000000000e+00,5.228950879708e-06,8.509698887764e-02,3.309765443031e-05,8.509698887764e-02,0.000000000000e+00,5.228950879708e-06,0.000000000000e+00
978,0.000000000000e+00,-1.888693154585e-05,8.514073553170e-02,3.730914890360e-05,8.514073553170e-02,0.000000000000e+00,-1.888693154585e-05,0.000000000000e+00
979,0.000000000000e+00,-4.452920492241e-05,8.518568484903e-02,4.162206407839e-05,8.518568484903e-02,0.000000000000e+00,-4.452920492241e-05,0.000000000000e+00
980,0.000000000000e+00,-7.157077117146e-05,8.523145246248e-02,4.601049632262e-05,8.523145246248e-02,0.000000000000e+00,-7.157077117146e-05,0.000000000000e+00
981,0.000000000000e+00,-9.987189866749e-05,8.527765881537e-02,5.044746880460e-05,8.527765881537e-02,0.000000000000e+00,-9.987189866749e-05,0.000000000000e+00
982,0.000000000000e+00,-1.292829475472e-04,8.532394755241e-02,5.490495623856e-05,8.532394755241e-02,0.000000000000e+00,-1.292829475472e-04,0.000000000000e+00
983,0.000000000000e+00,-1.596397802432e-04,8.536998069601e-02,5.935358946804e-05,8.536998069601e-02,0.000000000000e+00,-1.596397802432e-04,0.000000000000e+00
984,0.000000000000e+00,-1.907679054662e-04,8.541544592331e-02,6.376361960844e-05,8.541544592331e-02,0.000000000000e+00,-1.907679054662e-04,0.000000000000e+00
985,0.000000000000e+00,-2.224833127707e-04,8.546003382437e-02,6.810546164949e-05,8.546003382437e-02,0.000000000000e+00,-2.224833127707e-04,0.000000000000e+00
986,0.000000000000e+00,-2.546032833031e-04,8.550344943459e-02,7.235092402001e-05,8.550344943459e-02,0.000000000000e+00,-2.546032833031e-04,0.000000000000e+00
987,0.000000000000e+00,-2.869427348368e-04,8.554540970096e-02,7.647290060613e-05,8.554540970096e-02,0.000000000000e+00,-2.869427348368e-04,0.000000000000e+00
988,0.000000000000e+00,-3.192890560188e-04,8.558562262106e-02,8.043926315043e-05,8.558562262106e-02,0.000000000000e+00,-3.192890560188e-04,0.000000000000e+00
989,0.000000000000e+00,-3.514496217206e-04,8.562382095902e-02,8.422358406386e-05,8.562382095902e-02,0.000000000000e+00,-3.514496217206e-04,0.000000000000e+00
990,0.000000000000e+00,-3.832433204577e-04,8.565976174650e-02,8.780279656362e-05,8.565976174650e-02,0.000000000000e+00,-3.832433204577e-04,0.000000000000e+00
991,0.000000000000e+00,-4.144973006554e-04,8.569322710206e-02,9.115615040781e-05,8.569322710206e-02,0.000000000000e+00,-4.144973006554e-04,0.000000000000e+00
992,0.000000000000e+00,-4.450385666447e-04,8.572403657343e-02,9.426407199592e-05,8.572403657343e-02,0.000000000000e+00,-4.450385666447e-04,0.000000000000e+00
993,0.000000000000e+00,-4.747018179640e-04,8.575204507087e-02,9.710974150956e-05,8.575204507087e-02,0.000000000000e+00,-4.747018179640e-04,0.000000000000e+00
994,0.000000000000e+00,-5.033462011561e-04,8.577713303091e-02,9.968265889119e-05,8.577713303091e-02,0.000000000000e+00,-5.033462011561e-04,0.000000000000e+00
995,0.000000000000e+00,-5.307728004349e-04,8.579914377287e-02,1.019608192693e-04,8.579914377287e-02,0.000000000000e+00,-5.307728004349e-04,0.000000000000e+00
996,0.000000000000e+00,-5.568818324231e-04,8.581800526689e-02,1.039434053616e-04,8.581800526689e-02,0.000000000000e+00,-5.568818324231e-04,0.000000000000e+00
997,0.000000000000e+00,-5.816028757299e-04,8.583362249668e-02,1.056360988689e-04,8.583362249668e-02,0.000000000000e+00,-5.816028757299e-04,0.000000000000e+00
998,0.000000000000e+00,-6.047980053657e-04,8.584592364716e-02,1.070294504972e-04,8.584592364716e-02,0.000000000000e+00,-6.047980053657e-04,0.000000000000e+00
999,0.000000000000e+00,-6.263797590401e-04,8.585493715640e-02,1.081253566798e-04,8.585493715640e-02,0.000000000000e+00,-6.263797590401e-04,0.000000000000e+00
1000,0.000000000000e+00,-6.462662002518e-04,8.586073224733e-02,1.089260944640e-04,8.586073224733e-02,0.000000000000e+00,-6.462662002518e-04,0.000000000000e+00
1001,0.000000000000e+00,-6.643838303506e-04,8.586342720203e-02,1.094349774112e-04,8.586342720203e-02,0.000000000000e+00,-6.643838303506e-04,0.000000000000e+00
1002,0.000000000000e+00,-6.807019880621e-04,8.586314365223e-02,1.096645942834e-04,8.586314365223e-02,0.000000000000e+00,-6.807019880621e-04,0.000000000000e+00
1003,0.000000000000e+00,-6.951758767581e-04,8.586002901766e-02,1.096236178521e-04,8.586002901766e-02,0.000000000000e+00,-6.951758767581e-04,0.000000000000e+00
1004,0.000000000000e+00,-7.077772063801e-04,8.585425727442e-02,1.093235528750e-04,8.585425727442e-02,0.000000000000e+00,-7.077772063801e-04,0.000000000000e+00
1005,0.000000000000e+00,-7.184866956509e-04,8.584603464200e-02,1.087769407336e-04,8.584603464200e-02,0.000000000000e+00,-7.184866956509e-04,0.000000000000e+00
1006,0.000000000000e+00,-7.272857015608e-04,8.583560670110e-02,1.079955027729e-04,8.583560670110e-02,0.000000000000e+00,-7.272857015608e-04,0.000000000000e+00
1007,0.000000000000e+00,-7.341751876760e-04,8.582324067560e-02,1.069937462431e-04,8.582324067560e-02,0.000000000000e+00,-7.341751876760e-04,0.000000000000e+00
1008,0.000000000000e+00,-7.391645911230e-04,8.580922425690e-02,1.057875180808e-04,8.580922425690e-02,0.000000000000e+00,-7.391645911230e-04,0.000000000000e+00
1009,0.000000000000e+00,-7.422835251587e-04,8.579387628798e-02,1.043960463730e-04,8.579387628798e-02,0.000000000000e+00,-7.422835251587e-04,0.000000000000e+00
1010,0.000000000000e+00,-7.435766296461e-04,8.577751752839e-02,1.028396587967e-04,8.577751752839e-02,0.000000000000e+00,-7.435766296461e-04,0.000000000000e+00
1011,0.000000000000e+00,-7.431091609572e-04,8.576046762464e-02,1.011415602762e-04,8.576046762464e-02,0.000000000000e+00,-7.431091609572e-04,0.000000000000e+00
1012,0.000000000000e+00,-7.409528763426e-04,8.574306546128e-02,9.932469116022e-05,8.574306546128e-02,0.000000000000e+00,-7.409528763426e-04,0.000000000000e+00
1013,0.000000000000e+00,-7.371975608076e-04,8.572564570714e-02,9.741445020184e-05,8.572564570714e-02,0.000000000000e+00,-7.371975608076e-04,0.000000000000e+00
1014,0.000000000000e+00,-7.319447134410e-04,8.570854344786e-02,9.543717157512e-05,8.570854344786e-02,0.000000000000e+00,-7.319447134410e-04,0.000000000000e+00
1015,0.000000000000e+00,-7.253043874935e-04,8.569209220770e-02,9.341939566476e-05,8.569209220770e-02,0.000000000000e+00,-7.253043874935e-04,0.000000000000e+00
1016,0.000000000000e+00,-7.173911875302e-04,8.567661566599e-02,9.138715913387e-05,8.567661566599e-02,0.000000000000e+00,-7.173911875302e-04,0.000000000000e+00
1017,0.000000000000e+00,-7.083202665484e-04,8.566243247825e-02,8.936505915699e-05,8.566243247825e-02,0.000000000000e+00,-7.083202665484e-04,0.000000000000e+00
1018,0.000000000000e+00,-6.982108663948e-04,8.564985443696e-02,8.737758996953e-05,8.564985443696e-02,0.000000000000e+00,-6.982108663948e-04,0.000000000000e+00
1019,0.000000000000e+00,-6.871825361369e-04,8.563917826654e-02,8.544790253846e-05,8.563917826654e-02,0.000000000000e+00,-6.871825361369e-04,0.000000000000e+00
1020,0.000000000000e+00,-6.753553933244e-04,8.563068374626e-02,8.359805875246e-05,8.563068374626e-02,0.000000000000e+00,-6.753553933244e-04,0.000000000000e+00
1021,0.000000000000e+00,-6.628429441995e-04,8.562462190810e-02,8.184723931225e-05,8.562462190810e-02,0.000000000000e+00,-6.628429441995e-04,0.000000000000e+00
1022,0.000000000000e+00,-6.497453105417e-04,8.562120256209e-02,8.020990606752e-05,8.562120256209e-02,0.000000000000e+00,-6.497453105417e-04,0.000000000000e+00
1023,0.000000000000e+00,-6.361501260608e-04,8.562058996392e-02,7.869645799852e-05,8.562058996392e-02,0.000000000000e+00,-6.361501260608e-04,0.000000000000e+00
1024,0.000000000000e+00,-6.221115587216e-04,8.562289257175e-02,7.730940834722e-05,8.562289257175e-02,0.000000000000e+00,-6.221115587216e-04,0.000000000000e+00
1025,0.000000000000e+00,-6.077015309156e-04,8.562819426977e-02,7.605439275580e-05,8.562819426977e-02,0.000000000000e+00,-6.077015309156e-04,0.000000000000e+00
1026,0.000000000000e+00,-5.930056649980e-04,8.563656616571e-02,7.493886479946e-05,8.563656616571e-02,0.000000000000e+00,-5.930056649980e-04,0.000000000000e+00
1027,0.000000000000e+00,-5.781115276602e-04,8.564806950636e-02,7.396976164398e-05,8.564806950636e-02,0.000000000000e+00,-5.781115276602e-04,0.000000000000e+00
1028,0.000000000000e+00,-5.630914899628e-04,8.566271575878e-02,7.315004539043e-05,8.566271575878e-02,0.000000000000e+00,-5.630914899628e-04,0.000000000000e+00
1029,0.000000000000e+00,-5.480251019257e-04,8.568046958181e-02,7.248292932601e-05,8.568046958181e-02,0.000000000000e+00,-5.480251019257e-04,0.000000000000e+00
1030,0.000000000000e+00,-5.329881330207e-04,8.570124563885e-02,7.197019996941e-05,8.570124563885e-02,0.000000000000e+00,-5.329881330207e-04,0.000000000000e+00
1031,0.000000000000e+00,-5.180330033115e-04,8.572489892771e-02,7.160768334911e-05,8.572489892771e-02,0.000000000000e+00,-5.180330033115e-04,0.000000000000e+00
1032,0.000000000000e+00,-5.031877301722e-04,8.575121298982e-02,7.138511345622e-05,8.575121298982e-02,0.000000000000e+00,-5.031877301722e-04,0.000000000000e+00
1033,0.000000000000e+00,-4.884984214413e-04,8.577993416387e-02,7.129588710384e-05,8.577993416387e-02,0.000000000000e+00,-4.884984214413e-04,0.000000000000e+00
1034,0.000000000000e+00,-4.740124441037e-04,8.581077241940e-02,7.133406692652e-05,8.581077241940e-02,0.000000000000e+00,-4.740124441037e-04,0.000000000000e+00
1035,0.000000000000e+00,-4.597677908483e-04,8.584342870170e-02,7.149198786151e-05,8.584342870170e-02,0.000000000000e+00,-4.597677908483e-04,0.000000000000e+00
1036,0.000000000000e+00,-4.457946027053e-04,8.587758178021e-02,7.176030603623e-05,8.587758178021e-02,0.000000000000e+00,-4.457946027053e-04,0.000000000000e+00
1037,0.000000000000e+00,-4.321204139101e-04,8.591290975722e-02,7.212894227808e-05,8.591290975722e-02,0.000000000000e+00,-4.321204139101e-04,0.000000000000e+00
1038,0.000000000000e+00,-4.187773614045e-04,8.594908711789e-02,7.258876170798e-05,8.594908711789e-02,0.000000000000e+00,-4.187773614045e-04,0.000000000000e+00
1039,0.000000000000e+00,-4.057874938990e-04,8.598578898138e-02,7.312875310895e-05,8.598578898138e-02,0.000000000000e+00,-4.057874938990e-04,0.000000000000e+00
1040,0.000000000000e+00,-3.931843185579e-04,8.602264955929e-02,7.374137542333e-05,8.602264955929e-02,0.000000000000e+00,-3.931843185579e-04,0.000000000000e+00
1041,0.000000000000e+00,-3.809943240706e-04,8.605914797152e-02,7.441707576146e-05,8.605914797152e-02,0.000000000000e+00,-3.809943240706e-04,0.000000000000e+00
1042,0.000000000000e+00,-3.692373165851e-04,8.609498702053e-02,7.514421840840e-05,8.609498702053e-02,0.000000000000e+00,-3.692373165851e-04,0.000000000000e+00
1043,0.000000000000e+00,-3.579249830637e-04,8.612979883564e-02,7.590870567924e-05,8.612979883564e-02,0.000000000000e+00,-3.579249830637e-04,0.000000000000e+00
1044,0.000000000000e+00,-3.470767860779e-04,8.616335916474e-02,7.669918006781e-05,8.616335916474e-02,0.000000000000e+00,-3.470767860779e-04,0.000000000000e+00
1045,0.000000000000e+00,-3.367046593626e-04,8.619543279025e-02,7.750381247457e-05,8.619543279025e-02,0.000000000000e+00,-3.367046593626e-04,0.000000000000e+00
1046,0.000000000000e+00,-3.268256798204e-04,8.622577837657e-02,7.831238344609e-05,8.622577837657e-02,0.000000000000e+00,-3.268256798204e-04,0.000000000000e+00
1047,0.000000000000e+00,-3.174627428808e-04,8.625415732144e-02,7.911567128602e-05,8.625415732144e-02,0.000000000000e+00,-3.174627428808e-04,0.000000000000e+00
1048,0.000000000000e+00,-3.086387973512e-04,8.628035164618e-02,7.990477468676e-05,8.628035164618e-02,0.000000000000e+00,-3.086387973512e-04,0.000000000000e+00
1049,0.000000000000e+00,-3.003705559550e-04,8.630418008314e-02,8.067061206484e-05,8.630418008314e-02,0.000000000000e+00,-3.003705559550e-04,0.000000000000e+00
1050,0.000000000000e+00,-2.927121383331e-04,8.632546608633e-02,8.141352686722e-05,8.632546608633e-02,0.000000000000e+00,-2.927121383331e-04,0.000000000000e+00
1051,0.000000000000e+00,-2.856933664536e-04,8.634401766436e-02,8.212980248687e-05,8.634401766436e-02,0.000000000000e+00,-2.856933664536e-04,0.000000000000e+00
1052,0.000000000000e+00,-2.793357311033e-04,8.635969436532e-02,8.281484814633e-05,8.635969436532e-02,0.000000000000e+00,-2.793357311033e-04,0.000000000000e+00
1053,0.000000000000e+00,-2.736545991453e-04,8.637243702836e-02,8.346348944970e-05,8.637243702836e-02,0.000000000000e+00,-2.736545991453e-04,0.000000000000e+00
1054,0.000000000000e+00,-2.686548318552e-04,8.638219711992e-02,8.407016161598e-05,8.638219711992e-02,0.000000000000e+00,-2.686548318552e-04,0.000000000000e+00
1055,0.000000000000e+00,-2.643471321244e-04,8.638891386906e-02,8.463099181510e-05,8.638891386906e-02,0.000000000000e+00,-2.643471321244e-04,0.000000000000e+00
1056,0.000000000000e+00,-2.607385494564e-04,8.639254203338e-02,8.514279266127e-05,8.639254203338e-02,0.000000000000e+00,-2.607385494564e-04,0.000000000000e+00
1057,0.000000000000e+00,-2.578321499178e-04,8.639305742426e-02,8.560245497161e-05,8.639305742426e-02,0.000000000000e+00,-2.578321499178e-04,0.000000000000e+00
1058,0.000000000000e+00,-2.556283013928e-04,8.639046230440e-02,8.600711691469e-05,8.639046230440e-02,0.000000000000e+00,-2.556283013928e-04,0.000000000000e+00
1059,0.000000000000e+00,-2.541193187059e-04,8.638480001563e-02,8.635294240836e-05,8.638480001563e-02,0.000000000000e+00,-2.541193187059e-04,0.000000000000e+00
1060,0.000000000000e+00,-2.532920508236e-04,8.637615002840e-02,8.663477765690e-05,8.637615002840e-02,0.000000000000e+00,-2.532920508236e-04,0.000000000000e+00
1061,0.000000000000e+00,-2.531264546966e-04,8.636463497343e-02,8.684685165915e-05,8.636463497343e-02,0.000000000000e+00,-2.531264546966e-04,0.000000000000e+00
1062,0.000000000000e+00,-2.535989700467e-04,8.635038976518e-02,8.698340686248e-05,8.635038976518e-02,0.000000000000e+00,-2.535989700467e-04,0.000000000000e+00
1063,0.000000000000e+00,-2.546804263616e-04,8.633357615498e-02,8.703846525211e-05,8.633357615498e-02,0.000000000000e+00,-2.546804263616e-04,0.000000000000e+00
1064,0.000000000000e+00,-2.563362132024e-04,8.631437984582e-02,8.700608136164e-05,8.631437984582e-02,0.000000000000e+00,-2.563362132024e-04,0.000000000000e+00
1065,0.000000000000e+00,-2.585287348940e-04,8.629301089542e-02,8.688039215399e-05,8.629301089542e-02,0.000000000000e+00,-2.585287348940e-04,0.000000000000e+00
1066,0.000000000000e+00,-2.612164096295e-04,8.626967804774e-02,8.665612381147e-05,8.626967804774e-02,0.000000000000e+00,-2.612164096295e-04,0.000000000000e+00
1067,0.000000000000e+00,-2.643554876931e-04,8.624459450463e-02,8.632766783771e-05,8.624459450463e-02,0.000000000000e+00,-2.643554876931e-04,0.000000000000e+00
1068,0.000000000000e+00,-2.678994032696e-04,8.621797483241e-02,8.589009165745e-05,8.621797483241e-02,0.000000000000e+00,-2.678994032696e-04,0.000000000000e+00
1069,0.000000000000e+00,-2.717998773772e-04,8.619003277597e-02,8.533893049504e-05,8.619003277597e-02,0.000000000000e+00,-2.717998773772e-04,0.000000000000e+00
1070,0.000000000000e+00,-2.760117612129e-04,8.616098112408e-02,8.467192649700e-05,8.616098112408e-02,0.000000000000e+00,-2.760117612129e-04,0.000000000000e+00
1071,0.000000000000e+00,-2.804847691439e-04,8.613103579592e-02,8.388702926915e-05,8.613103579592e-02,0.000000000000e+00,-2.804847691439e-04,0.000000000000e+00
1072,0.000000000000e+00,-2.851605800040e-04,8.610041341130e-02,8.297970429432e-05,8.610041341130e-02,0.000000000000e+00,-2.851605800040e-04,0.000000000000e+00
1073,0.000000000000e+00,-2.899877334374e-04,8.606932053683e-02,8.194831948131e-05,8.606932053683e-02,0.000000000000e+00,-2.899877334374e-04,0.000000000000e+00
1074,0.000000000000e+00,-2.949463076892e-04,8.603792981696e-02,8.080044293108e-05,8.603792981696e-02,0.000000000000e+00,-2.949463076892e-04,0.000000000000e+00
1075,0.000000000000e+00,-2.999828699403e-04,8.600644178325e-02,7.953792740016e-05,8.600644178325e-02,0.000000000000e+00,-2.999828699403e-04,0.000000000000e+00
1076,0.000000000000e+00,-3.050371897972e-04,8.597506111193e-02,7.816196117008e-05,8.597506111193e-02,0.000000000000e+00,-3.050371897972e-04,0.000000000000e+00
1077,0.000000000000e+00,-3.100653006890e-04,8.594397720340e-02,7.667737151553e-05,8.594397720340e-02,0.000000000000e+00,-3.100653006890e-04,0.000000000000e+00
1078,0.000000000000e+00,-3.150306044507e-04,8.591337164484e-02,7.509024615262e-05,8.591337164484e-02,0.000000000000e+00,-3.150306044507e-04,0.000000000000e+00
1079,0.000000000000e+00,-3.198890733468e-04,8.588342436431e-02,7.340632035199e-05,8.588342436431e-02,0.000000000000e+00,-3.198890733468e-04,0.000000000000e+00
1080,0.000000000000e+00,-3.246034019866e-04,8.585431471829e-02,7.163231319340e-05,8.585431471829e-02,0.000000000000e+00,-3.246034019866e-04,0.000000000000e+00
1081,0.000000000000e+00,-3.291431778631e-04,8.582622044561e-02,6.977538904054e-05,8.582622044561e-02,0.000000000000e+00,-3.291431778631e-04,0.000000000000e+00
1082,0.000000000000e+00,-3.334822290370e-04,8.579931024200e-02,6.784191295130e-05,8.579931024200e-02,0.000000000000e+00,-3.334822290370e-04,0.000000000000e+00
1083,0.000000000000e+00,-3.376029013732e-04,8.577373208910e-02,6.584010893881e-05,8.577373208910e-02,0.000000000000e+00,-3.376029013732e-04,0.000000000000e+00
1084,0.000000000000e+00,-3.414919882272e-04,8.574962339121e-02,6.377891552598e-05,8.574962339121e-02,0.000000000000e+00,-3.414919882272e-04,0.000000000000e+00
1085,0.000000000000e+00,-3.451412612556e-04,8.572710932074e-02,6.166734177740e-05,8.572710932074e-02,0.000000000000e+00,-3.451412612556e-04,0.000000000000e+00
1086,0.000000000000e+00,-3.485415110933e-04,8.570630663351e-02,5.951363631844e-05,8.570630663351e-02,0.000000000000e+00,-3.485415110933e-04,0.000000000000e+00
1087,0.000000000000e+00,-3.516891708891e-04,8.568731635031e-02,5.732673081857e-05,8.568731635031e-02,0.000000000000e+00,-3.516891708891e-04,0.000000000000e+00
1088,0.000000000000e+00,-3.545907151511e-04,8.567021137314e-02,5.511757642108e-05,8.567021137314e-02,0.000000000000e+00,-3.545907151511e-04,0.000000000000e+00
1089,0.000000000000e+00,-3.572564990164e-04,8.565505204997e-02,5.289897988146e-05,8.565505204997e-02,0.000000000000e+00,-3.572564990164e-04,0.000000000000e+00
1090,0.000000000000e+00,-3.597017872792e-04,8.564189239053e-02,5.068500906656e-05,8.564189239053e-02,0.000000000000e+00,-3.597017872792e-04,0.000000000000e+00
1091,0.000000000000e+00,-3.619469971336e-04,8.563076786468e-02,4.849026814235e-05,8.563076786468e-02,0.000000000000e+00,-3.619469971336e-04,0.000000000000e+00
1092,0.000000000000e+00,-3.640144629503e-04,8.562170428353e-02,4.632851961319e-05,8.562170428353e-02,0.000000000000e+00,-3.640144629503e-04,0.000000000000e+00
1093,0.000000000000e+00,-3.659243771352e-04,8.561471710728e-02,4.421216785135e-05,8.561471710728e-02,0.000000000000e+00,-3.659243771352e-04,0.000000000000e+00
1094,0.000000000000e+00,-3.676978250149e-04,8.560981062088e-02,4.215245387507e-05,8.560981062088e-02,0.000000000000e+00,-3.676978250149e-04,0.000000000000e+00
1095,0.000000000000e+00,-3.693526486853e-04,8.560698496177e-02,4.015840275283e-05,8.560698496177e-02,0.000000000000e+00,-3.693526486853e-04,0.000000000000e+00
1096,0.000000000000e+00,-3.709053399268e-04,8.560623056346e-02,3.823760782393e-05,8.560623056346e-02,0.000000000000e+00,-3.709053399268e-04,0.000000000000e+00
1097,0.000000000000e+00,-3.723674190123e-04,8.560753959599e-02,3.639631353080e-05,8.560753959599e-02,0.000000000000e+00,-3.723674190123e-04,0.000000000000e+00
1098,0.000000000000e+00,-3.737459025621e-04,8.561090329423e-02,3.464078838468e-05,8.561090329423e-02,0.000000000000e+00,-3.737459025621e-04,0.000000000000e+00
1099,0.000000000000e+00,-3.750444759946e-04,8.561629830981e-02,3.297607743349e-05,8.561629830981e-02,0.000000000000e+00,-3.750444759946e-04,0.000000000000e+00
1100,0.000000000000e+00,-3.762616387553e-04,8.562370133680e-02,3.140518033156e-05,8.562370133680e-02,0.000000000000e+00,-3.762616387553e-04,0.000000000000e+00
1101,0.000000000000e+00,-3.773915584918e-04,8.563309118766e-02,2.992954957891e-05,8.563309118766e-02,0.000000000000e+00,-3.773915584918e-04,0.000000000000e+00
1102,0.000000000000e+00,-3.784255615449e-04,8.564444648014e-02,2.854920483284e-05,8.564444648014e-02,0.000000000000e+00,-3.784255615449e-04,0.000000000000e+00
1103,0.000000000000e+00,-3.793506405450e-04,8.565774677706e-02,2.726282935280e-05,8.565774677706e-02,0.000000000000e+00,-3.793506405450e-04,0.000000000000e+00
1104,0.000000000000e+00,-3.801503380070e-04,8.567297198129e-02,2.606723666369e-05,8.567297198129e-02,0.000000000000e+00,-3.801503380070e-04,0.000000000000e+00
1105,0.000000000000e+00,-3.808138004402e-04,8.569011237284e-02,2.496014607517e-05,8.569011237284e-02,0.000000000000e+00,-3.808138004402e-04,0.000000000000e+00
1106,0.000000000000e+00,-3.813180167489e-04,8.570914799916e-02,2.393530650544e-05,8.570914799916e-02,0.000000000000e+00,-3.813180167489e-04,0.000000000000e+00
1107,0.000000000000e+00,-3.816358460673e-04,8.573005318060e-02,2.298507162504e-05,8.573005318060e-02,0.000000000000e+00,-3.816358460673e-04,0.000000000000e+00
1108,0.000000000000e+00,-3.817370216604e-04,8.575279627872e-02,2.210074835095e-05,8.575279627872e-02,0.000000000000e+00,-3.817370216604e-04,0.000000000000e+00
1109,0.000000000000e+00,-3.815886221053e-04,8.577733580708e-02,2.127312918460e-05,8.577733580708e-02,0.000000000000e+00,-3.815886221053e-04,0.000000000000e+00
1110,0.000000000000e+00,-3.811574143059e-04,8.580362115153e-02,2.049358551153e-05,8.580362115153e-02,0.000000000000e+00,-3.811574143059e-04,0.000000000000e+00
1111,0.000000000000e+00,-3.804147856777e-04,8.583159331115e-02,1.975452309685e-05,8.583159331115e-02,0.000000000000e+00,-3.804147856777e-04,0.000000000000e+00
1112,0.000000000000e+00,-3.793357873081e-04,8.586117934243e-02,1.904904479477e-05,8.586117934243e-02,0.000000000000e+00,-3.793357873081e-04,0.000000000000e+00
1113,0.000000000000e+00,-3.779005781927e-04,8.589229083850e-02,1.837090892446e-05,8.589229083850e-02,0.000000000000e+00,-3.779005781927e-04,0.000000000000e+00
1114,0.000000000000e+00,-3.760938415280e-04,8.592482139746e-02,1.771413866571e-05,8.592482139746e-02,0.000000000000e+00,-3.760938415280e-04,0.000000000000e+00
1115,0.000000000000e+00,-3.739090219385e-04,8.595863976649e-02,1.707531921416e-05,8.595863976649e-02,0.000000000000e+00,-3.739090219385e-04,0.000000000000e+00
1116,0.000000000000e+00,-3.713437105038e-04,8.599359110351e-02,1.645120073110e-05,8.599359110351e-02,0.000000000000e+00,-3.713437105038e-04,0.000000000000e+00
1117,0.000000000000e+00,-3.684003668953e-04,8.602949014767e-02,1.583903198859e-05,8.602949014767e-02,0.000000000000e+00,-3.684003668953e-04,0.000000000000e+00
1118,0.000000000000e+00,-3.650859919540e-04,8.606612439201e-02,1.523696662752e-05,8.606612439201e-02,0.000000000000e+00,-3.650859919540e-04,0.000000000000e+00
1119,0.000000000000e+00,-3.614107692743e-04,8.610325138651e-02,1.464266268112e-05,8.610325138651e-02,0.000000000000e+00,-3.614107692743e-04,0.000000000000e+00
1120,0.000000000000e+00,-3.573878030973e-04,8.614062837183e-02,1.405372879215e-05,8.614062837183e-02,0.000000000000e+00,-3.573878030973e-04,0.000000000000e+00
1121,0.000000000000e+00,-3.530334668758e-04,8.617796945957e-02,1.346833224235e-05,8.617796945957e-02,0.000000000000e+00,-3.530334668758e-04,0.000000000000e+00
1122,0.000000000000e+00,-3.483731135712e-04,8.621497035277e-02,1.288601652832e-05,8.621497035277e-02,0.000000000000e+00,-3.483731135712e-04,0.000000000000e+00
1123,0.000000000000e+00,-3.434382311118e-04,8.625132650263e-02,1.230717798874e-05,8.625132650263e-02,0.000000000000e+00,-3.434382311118e-04,0.000000000000e+00
1124,0.000000000000e+00,-3.382630358389e-04,8.628673247236e-02,1.173213933023e-05,8.628673247236e-02,0.000000000000e+00,-3.382630358389e-04,0.000000000000e+00
1125,0.000000000000e+00,-3.328842342432e-04,8.632088133344e-02,1.116092772373e-05,8.632088133344e-02,0.000000000000e+00,-3.328842342432e-04,0.000000000000e+00
1126,0.000000000000e+00,-3.273401479209e-04,8.635346668381e-02,1.059359218896e-05,8.635346668381e-02,0.000000000000e+00,-3.273401479209e-04,0.000000000000e+00
1127,0.000000000000e+00,-3.216738905288e-04,8.638415193575e-02,1.003059977382e-05,8.638415193575e-02,0.000000000000e+00,-3.216738905288e-04,0.000000000000e+00
1128,0.000000000000e+00,-3.159287434960e-04,8.641261090636e-02,9.471870514809e-06,8.641261090636e-02,0.000000000000e+00,-3.159287434960e-04,0.000000000000e+00
1129,0.000000000000e+00,-3.101476004690e-04,8.643853024167e-02,8.916801882212e-06,8.643853024167e-02,0.000000000000e+00,-3.101476004690e-04,0.000000000000e+00
1130,0.000000000000e+00,-3.043696494417e-04,8.646161811720e-02,8.363749995888e-06,8.646161811720e-02,0.000000000000e+00,-3.043696494417e-04,0.000000000000e+00
1131,0.000000000000e+00,-2.986283995640e-04,8.648161339043e-02,7.809971286367e-06,8.648161339043e-02,0.000000000000e+00,-2.986283995640e-04,0.000000000000e+00
1132,0.000000000000e+00,-2.929516118214e-04,8.649828921710e-02,7.251224191926e-06,8.649828921710e-02,0.000000000000e+00,-2.929516118214e-04,0.000000000000e+00
1133,0.000000000000e+00,-2.873589168648e-04,8.651145936062e-02,6.681381662244e-06,8.651145936062e-02,0.000000000000e+00,-2.873589168648e-04,0.000000000000e+00
1134,0.000000000000e+00,-2.818604184737e-04,8.652096758806e-02,6.092392640573e-06,8.652096758806e-02,0.000000000000e+00,-2.818604184737e-04,0.000000000000e+00
1135,0.000000000000e+00,-2.764594556654e-04,8.652670505442e-02,5.474042694411e-06,8.652670505442e-02,0.000000000000e+00,-2.764594556654e-04,0.000000000000e+00
1136,0.000000000000e+00,-2.711526287921e-04,8.652862141128e-02,4.814732046380e-06,8.652862141128e-02,0.000000000000e+00,-2.711526287921e-04,0.000000000000e+00
1137,0.000000000000e+00,-2.659276684550e-04,8.652672197948e-02,4.100326407023e-06,8.652672197948e-02,0.000000000000e+00,-2.659276684550e-04,0.000000000000e+00
1138,0.000000000000e+00,-2.607662982389e-04,8.652107054177e-02,3.315012526830e-06,8.652107054177e-02,0.000000000000e+00,-2.607662982389e-04,0.000000000000e+00
1139,0.000000000000e+00,-2.556414992203e-04,8.651178677835e-02,2.441544549592e-06,8.651178677835e-02,0.000000000000e+00,-2.556414992203e-04,0.000000000000e+00
1140,0.000000000000e+00,-2.505197874206e-04,8.649903714605e-02,1.461952569387e-06,8.649903714605e-02,0.000000000000e+00,-2.505197874206e-04,0.000000000000e+00
1141,0.000000000000e+00,-2.453589716674e-04,8.648307051367e-02,3.569741772310e-07,8.648307051367e-02,0.000000000000e+00,-2.453589716674e-04,0.000000000000e+00
1142,0.000000000000e+00,-2.401159074193e-04,8.646415634559e-02,-8.916648027714e-07,8.646415634559e-02,0.000000000000e+00,-2.401159074193e-04,0.000000000000e+00
1143,0.000000000000e+00,-2.347446381457e-04,8.644260360644e-02,-2.302703113710e-06,8.644260360644e-02,0.000000000000e+00,-2.347446381457e-04,0.000000000000e+00
1144,0.000000000000e+00,-2.291956405144e-04,8.641876529457e-02,-3.894681611489e-06,8.641876529457e-02,0.000000000000e+00,-2.291956405144e-04,0.000000000000e+00
1145,0.000000000000e+00,-2.234160552054e-04,8.639302333410e-02,-5.686396567414e-06,8.639302333410e-02,0.000000000000e+00,-2.234160552054e-04,0.000000000000e+00
1146,0.000000000000e+00,-2.173576430911e-04,8.636579343982e-02,-7.694425633565e-06,8.636579343982e-02,0.000000000000e+00,-2.173576430911e-04,0.000000000000e+00
1147,0.000000000000e+00,-2.109629226756e-04,8.633748723019e-02,-9.936594020904e-06,8.633748723019e-02,0.000000000000e+00,-2.109629226756e-04,0.000000000000e+00
1148,0.000000000000e+00,-2.041806939413e-04,8.630855516482e-02,-1.242855568808e-05,8.630855516482e-02,0.000000000000e+00,-2.041806939413e-04,0.000000000000e+00
1149,0.000000000000e+00,-1.969656810765e-04,8.627947984167e-02,-1.518293141837e-05,8.627947984167e-02,0.000000000000e+00,-1.969656810765e-04,0.000000000000e+00
1150,0.000000000000e+00,-1.892802369979e-04,8.625073446802e-02,-1.820906299453e-05,8.625073446802e-02,0.000000000000e+00,-1.892802369979e-04,0.000000000000e+00
1151,0.000000000000e+00,-1.810941631882e-04,8.622284331385e-02,-2.151358472162e-05,8.622284331385e-02,0.000000000000e+00,-1.810941631882e-04,0.000000000000e+00
1152,0.000000000000e+00,-1.723802086719e-04,8.619631856067e-02,-2.510108060787e-05,8.619631856067e-02,0.000000000000e+00,-1.723802086719e-04,0.000000000000e+00
1153,0.000000000000e+00,-1.631162170293e-04,8.617159108036e-02,-2.897409325411e-05,8.617159108036e-02,0.000000000000e+00,-1.631162170293e-04,0.000000000000e+00
1154,0.000000000000e+00,-1.532897355357e-04,8.614916944740e-02,-3.313135621118e-05,8.614916944740e-02,0.000000000000e+00,-1.532897355357e-04,0.000000000000e+00
1155,0.000000000000e+00,-1.428946305958e-04,8.612956791479e-02,-3.756894390787e-05,8.612956791479e-02,0.000000000000e+00,-1.428946305958e-04,0.000000000000e+00
1156,0.000000000000e+00,-1.319268339838e-04,8.611323217828e-02,-4.228125877456e-05,8.611323217828e-02,0.000000000000e+00,-1.319268339838e-04,0.000000000000e+00
1157,0.000000000000e+00,-1.203840617713e-04,8.610051591780e-02,-4.726131898291e-05,8.610051591780e-02,0.000000000000e+00,-1.203840617713e-04,0.000000000000e+00
1158,0.000000000000e+00,-1.082734089658e-04,8.609168173531e-02,-5.249918995412e-05,8.609168173531e-02,0.000000000000e+00,-1.082734089658e-04,0.000000000000e+00
1159,0.000000000000e+00,-9.560386306957e-05,8.608693660477e-02,-5.798369716610e-05,8.608693660477e-02,0.000000000000e+00,-9.560386306957e-05,0.000000000000e+00
1160,0.000000000000e+00,-8.240764484417e-05,8.608643289973e-02,-6.369682576570e-05,8.608643289973e-02,0.000000000000e+00,-8.240764484417e-05,0.000000000000e+00
1161,0.000000000000e+00,-6.873148501892e-05,8.609030167833e-02,-6.961657883979e-05,8.609030167833e-02,0.000000000000e+00,-6.873148501892e-05,0.000000000000e+00
1162,0.000000000000e+00,-5.463387167643e-05,8.609858099699e-02,-7.571786024772e-05,8.609858099699e-02,0.000000000000e+00,-5.463387167643e-05,0.000000000000e+00
1163,0.000000000000e+00,-4.018400831397e-05,8.611123431737e-02,-8.197288329346e-05,8.611123431737e-02,0.000000000000e+00,-4.018400831397e-05,0.000000000000e+00
1164,0.000000000000e+00,-2.545733514738e-05,8.612811477204e-02,-8.835099704282e-05,8.612811477204e-02,0.000000000000e+00,-2.545733514738e-05,0.000000000000e+00
1165,0.000000000000e+00,-1.053217471534e-05,8.614905933140e-02,-9.482006443210e-05,8.614905933140e-02,0.000000000000e+00,-1.053217471534e-05,0.000000000000e+00
1166,0.000000000000e+00,4.504140216983e-06,8.617389219791e-02,-1.013455239330e-04,8.617389219791e-02,0.000000000000e+00,4.504140216983e-06,0.000000000000e+00
1167,0.000000000000e+00,1.954919608942e-05,8.620245692866e-02,-1.078895242444e-04,8.620245692866e-02,0.000000000000e+00,1.954919608942e-05,0.000000000000e+00
1168,0.000000000000e+00,3.450626861942e-05,8.623460403857e-02,-1.144151406035e-04,8.623460403857e-02,0.000000000000e+00,3.450626861942e-05,0.000000000000e+00
1169,0.000000000000e+00,4.928236313885e-05,8.627013789368e-02,-1.208861184197e-04,8.627013789368e-02,0.000000000000e+00,4.928236313885e-05,0.000000000000e+00
1170,0.000000000000e+00,6.377632557191e-05,8.630888482570e-02,-1.272646416956e-04,8.630888482570e-02,0.000000000000e+00,6.377632557191e-05,0.000000000000e+00
1171,0.000000000000e+00,7.789218143562e-05,8.635066634314e-02,-1.335136936218e-04,8.635066634314e-02,0.000000000000e+00,7.789218143562e-05,0.000000000000e+00
1172,0.000000000000e+00,9.154604002863e-05,8.639529185865e-02,-1.395992884839e-04,8.639529185865e-02,0.000000000000e+00,9.154604002863e-05,0.000000000000e+00
1173,0.000000000000e+00,1.046467231680e-04,8.644256341388e-02,-1.454856809812e-04,8.644256341388e-02,0.000000000000e+00,1.046467231680e-04,0.000000000000e+00
1174,0.000000000000e+00,1.171160639896e-04,8.649226748363e-02,-1.511403328922e-04,8.649226748363e-02,0.000000000000e+00,1.171160639896e-04,0.000000000000e+00
1175,0.000000000000e+00,1.288743313944e-04,8.654418822479e-02,-1.565306672780e-04,8.654418822479e-02,0.000000000000e+00,1.288743313944e-04,0.000000000000e+00
1176,0.000000000000e+00,1.398527038968e-04,8.659811396305e-02,-1.616278804711e-04,8.659811396305e-02,0.000000000000e+00,1.398527038968e-04,0.000000000000e+00
1177,0.000000000000e+00,1.500023398135e-04,8.665381987193e-02,-1.664081093742e-04,8.665381987193e-02,0.000000000000e+00,1.500023398135e-04,0.000000000000e+00
1178,0.000000000000e+00,1.592901234031e-04,8.671107045628e-02,-1.708515509522e-04,8.671107045628e-02,0.000000000000e+00,1.592901234031e-04,0.000000000000e+00
1179,0.000000000000e+00,1.677027878649e-04,8.676961808210e-02,-1.749439034850e-04,8.676961808210e-02,0.000000000000e+00,1.677027878649e-04,0.000000000000e+00
1180,0.000000000000e+00,1.752478936090e-04,8.682921375652e-02,-1.786764751095e-04,8.682921375652e-02,0.000000000000e+00,1.752478936090e-04,0.000000000000e+00
1181,0.000000000000e+00,1.819554831360e-04,8.688960307837e-02,-1.820463447873e-04,8.688960307837e-02,0.000000000000e+00,1.819554831360e-04,0.000000000000e+00
1182,0.000000000000e+00,1.878783991530e-04,8.695046394804e-02,-1.850562608370e-04,8.695046394804e-02,0.000000000000e+00,1.878783991530e-04,0.000000000000e+00
1183,0.000000000000e+00,1.930831692998e-04,8.701152129028e-02,-1.877138506259e-04,8.701152129028e-02,0.000000000000e+00,1.930831692998e-04,0.000000000000e+00
1184,0.000000000000e+00,1.976362333349e-04,8.707238251162e-02,-1.900280738095e-04,8.707238251162e-02,0.000000000000e+00,1.976362333349e-04,0.000000000000e+00
1185,0.000000000000e+00,2.016144799808e-04,8.713265383571e-02,-1.920107611377e-04,8.713265383571e-02,0.000000000000e+00,2.016144799808e-04,0.000000000000e+00
1186,0.000000000000e+00,2.051330740234e-04,8.719193989808e-02,-1.936830967129e-04,8.719193989808e-02,0.000000000000e+00,2.051330740234e-04,0.000000000000e+00
1187,0.000000000000e+00,2.083151063646e-04,8.724992111911e-02,-1.950699744053e-04,8.724992111911e-02,0.000000000000e+00,2.083151063646e-04,0.000000000000e+00
1188,0.000000000000e+00,2.112872021892e-04,8.730634698029e-02,-1.961986070450e-04,8.730634698029e-02,0.000000000000e+00,2.112872021892e-04,0.000000000000e+00
1189,0.000000000000e+00,2.141867458902e-04,8.736094072979e-02,-1.971006622001e-04,8.736094072979e-02,0.000000000000e+00,2.141867458902e-04,0.000000000000e+00
1190,0.000000000000e+00,2.171586192541e-04,8.741343798652e-02,-1.978123471868e-04,8.741343798652e-02,0.000000000000e+00,2.171586192541e-04,0.000000000000e+00
1191,0.000000000000e+00,2.203561389353e-04,8.746355132368e-02,-1.983722764285e-04,8.746355132368e-02,0.000000000000e+00,2.203561389353e-04,0.000000000000e+00
1192,0.000000000000e+00,2.239372935008e-04,8.751097962907e-02,-1.988216971029e-04,8.751097962907e-02,0.000000000000e+00,2.239372935008e-04,0.000000000000e+00
1193,0.000000000000e+00,2.280697707181e-04,8.755543895809e-02,-1.992054432671e-04,8.755543895809e-02,0.000000000000e+00,2.280697707181e-04,0.000000000000e+00
1194,0.000000000000e+00,2.329121909824e-04,8.759675101913e-02,-1.995670283729e-04,8.759675101913e-02,0.000000000000e+00,2.329121909824e-04,0.000000000000e+00
1195,0.000000000000e+00,2.386131015301e-04,8.763475155225e-02,-1.999494924127e-04,8.763475155225e-02,0.000000000000e+00,2.386131015301e-04,0.000000000000e+00
1196,0.000000000000e+00,2.453092928226e-04,8.766927537616e-02,-2.003951239127e-04,8.766927537616e-02,0.000000000000e+00,2.453092928226e-04,0.000000000000e+00
1197,0.000000000000e+00,2.531234626002e-04,8.770019812905e-02,-2.009437972175e-04,8.770019812905e-02,0.000000000000e+00,2.531234626002e-04,0.000000000000e+00
1198,0.000000000000e+00,2.621589134722e-04,8.772744540403e-02,-2.016323450138e-04,8.772744540403e-02,0.000000000000e+00,2.621589134722e-04,0.000000000000e+00
1199,0.000000000000e+00,2.725003810470e-04,8.775099423825e-02,-2.024947419557e-04,8.775099423825e-02,0.000000000000e+00,2.725003810470e-04,0.000000000000e+00
1200,0.000000000000e+00,2.842123410454e-04,8.777087243254e-02,-2.035614688053e-04,8.777087243254e-02,0.000000000000e+00,2.842123410454e-04,0.000000000000e+00
1201,0.000000000000e+00,2.973411734514e-04,8.778716138005e-02,-2.048595692555e-04,8.778716138005e-02,0.000000000000e+00,2.973411734514e-04,0.000000000000e+00
1202,0.000000000000e+00,3.119181097439e-04,8.779999569900e-02,-2.064130878794e-04,8.779999569900e-02,0.000000000000e+00,3.119181097439e-04,0.000000000000e+00
1203,0.000000000000e+00,3.279219152413e-04,8.780954207997e-02,-2.082341849450e-04,8.780954207997e-02,0.000000000000e+00,3.279219152413e-04,0.000000000000e+00
1204,0.000000000000e+00,3.453082095525e-04,8.781601531194e-02,-2.103300174146e-04,8.781601531194e-02,0.000000000000e+00,3.453082095525e-04,0.000000000000e+00
1205,0.000000000000e+00,3.640116308676e-04,8.781967286882e-02,-2.127026643829e-04,8.781967286882e-02,0.000000000000e+00,3.640116308676e-04,0.000000000000e+00
1206,0.000000000000e+00,3.839191639390e-04,8.782080750402e-02,-2.153437735141e-04,8.782080750402e-02,0.000000000000e+00,3.839191639390e-04,0.000000000000e+00
1207,0.000000000000e+00,4.048965242763e-04,8.781971281358e-02,-2.182396673234e-04,8.781971281358e-02,0.000000000000e+00,4.048965242763e-04,0.000000000000e+00
1208,0.000000000000e+00,4.267955301198e-04,8.781663106003e-02,-2.213733264113e-04,8.781663106003e-02,0.000000000000e+00,4.267955301198e-04,0.000000000000e+00
1209,0.000000000000e+00,4.494479003956e-04,8.781181748454e-02,-2.247227297506e-04,8.781181748454e-02,0.000000000000e+00,4.494479003956e-04,0.000000000000e+00
1210,0.000000000000e+00,4.726682846648e-04,8.780557394478e-02,-2.282612924121e-04,8.780557394478e-02,0.000000000000e+00,4.726682846648e-04,0.000000000000e+00
1211,0.000000000000e+00,4.962542831557e-04,8.779818140708e-02,-2.319583753663e-04,8.779818140708e-02,0.000000000000e+00,4.962542831557e-04,0.000000000000e+00
1212,0.000000000000e+00,5.199904411772e-04,8.778990519493e-02,-2.357797031380e-04,8.778990519493e-02,0.000000000000e+00,5.199904411772e-04,0.000000000000e+00
1213,0.000000000000e+00,5.436520576000e-04,8.778099690514e-02,-2.396870809786e-04,8.778099690514e-02,0.000000000000e+00,5.436520576000e-04,0.000000000000e+00
1214,0.000000000000e+00,5.670080107844e-04,8.777169430702e-02,-2.436402696086e-04,8.777169430702e-02,0.000000000000e+00,5.670080107844e-04,0.000000000000e+00
1215,0.000000000000e+00,5.898508460965e-04,8.776222407877e-02,-2.476030397395e-04,8.776222407877e-02,0.000000000000e+00,5.898508460965e-04,0.000000000000e+00
1216,0.000000000000e+00,6.119809397442e-04,8.775284487203e-02,-2.515392798741e-04,8.775284487203e-02,0.000000000000e+00,6.119809397442e-04,0.000000000000e+00
1217,0.000000000000e+00,6.331883323943e-04,8.774377663118e-02,-2.554101382428e-04,8.774377663118e-02,0.000000000000e+00,6.331883323943e-04,0.000000000000e+00
1218,0.000000000000e+00,6.532788648993e-04,8.773522539274e-02,-2.591787757971e-04,8.773522539274e-02,0.000000000000e+00,6.532788648993e-04,0.000000000000e+00
1219,0.000000000000e+00,6.720769137523e-04,8.772736547077e-02,-2.628120617695e-04,8.772736547077e-02,0.000000000000e+00,6.720769137523e-04,0.000000000000e+00
1220,0.000000000000e+00,6.894136291400e-04,8.772041500199e-02,-2.662769397419e-04,8.772041500199e-02,0.000000000000e+00,6.894136291400e-04,0.000000000000e+00
1221,0.000000000000e+00,7.051477101558e-04,8.771446412153e-02,-2.695448184712e-04,8.771446412153e-02,0.000000000000e+00,7.051477101558e-04,0.000000000000e+00
1222,0.000000000000e+00,7.191513760883e-04,8.770953241029e-02,-2.725888861975e-04,8.770953241029e-02,0.000000000000e+00,7.191513760883e-04,0.000000000000e+00
1223,0.000000000000e+00,7.313249656567e-04,8.770558706630e-02,-2.753870912758e-04,8.770558706630e-02,0.000000000000e+00,7.313249656567e-04,0.000000000000e+00
1224,0.000000000000e+00,7.416048980155e-04,8.770266336924e-02,-2.779238855785e-04,8.770266336924e-02,0.000000000000e+00,7.416048980155e-04,0.000000000000e+00
1225,0.000000000000e+00,7.499604469657e-04,8.770079838405e-02,-2.801900481772e-04,8.770079838405e-02,0.000000000000e+00,7.499604469657e-04,0.000000000000e+00
1226,0.000000000000e+00,7.563969337218e-04,8.770001231618e-02,-2.821827445514e-04,8.770001231618e-02,0.000000000000e+00,7.563969337218e-04,0.000000000000e+00
1227,0.000000000000e+00,7.609558543462e-04,8.770031810212e-02,-2.839064913169e-04,8.770031810212e-02,0.000000000000e+00,7.609558543462e-04,0.000000000000e+00
1228,0.000000000000e+00,7.637067965274e-04,8.770172663883e-02,-2.853717547072e-04,8.770172663883e-02,0.000000000000e+00,7.637067965274e-04,0.000000000000e+00
1229,0.000000000000e+00,7.647455410026e-04,8.770421798359e-02,-2.865936715786e-04,8.770421798359e-02,0.000000000000e+00,7.647455410026e-04,0.000000000000e+00
1230,0.000000000000e+00,7.641933874478e-04,8.770774823677e-02,-2.875921651018e-04,8.770774823677e-02,0.000000000000e+00,7.641933874478e-04,0.000000000000e+00
1231,0.000000000000e+00,7.622007989986e-04,8.771229605356e-02,-2.883922195093e-04,8.771229605356e-02,0.000000000000e+00,7.622007989986e-04,0.000000000000e+00
1232,0.000000000000e+00,7.589430260966e-04,8.771776742838e-02,-2.890238177945e-04,8.771776742838e-02,0.000000000000e+00,7.589430260966e-04,0.000000000000e+00
1233,0.000000000000e+00,7.545982371403e-04,8.772400071834e-02,-2.895180423370e-04,8.772400071834e-02,0.000000000000e+00,7.545982371403e-04,0.000000000000e+00
1234,0.000000000000e+00,7.493572882173e-04,8.773083123940e-02,-2.899079328931e-04,8.773083123940e-02,0.000000000000e+00,7.493572882173e-04,0.000000000000e+00
1235,0.000000000000e+00,7.434176439272e-04,8.773811444374e-02,-2.902275807224e-04,8.773811444374e-02,0.000000000000e+00,7.434176439272e-04,0.000000000000e+00
1236,0.000000000000e+00,7.369875363483e-04,8.774575718823e-02,-2.905137522000e-04,8.774575718823e-02,0.000000000000e+00,7.369875363483e-04,0.000000000000e+00
1237,0.000000000000e+00,7.302655216379e-04,8.775366837261e-02,-2.908012871255e-04,8.775366837261e-02,0.000000000000e+00,7.302655216379e-04,0.000000000000e+00
1238,0.000000000000e+00,7.234420191532e-04,8.776175131544e-02,-2.911234747529e-04,8.776175131544e-02,0.000000000000e+00,7.234420191532e-04,0.000000000000e+00
1239,0.000000000000e+00,7.166974318725e-04,8.776990753437e-02,-2.915114958308e-04,8.776990753437e-02,0.000000000000e+00,7.166974318725e-04,0.000000000000e+00
1240,0.000000000000e+00,7.101989811450e-04,8.777805151880e-02,-2.919941690300e-04,8.777805151880e-02,0.000000000000e+00,7.101989811450e-04,0.000000000000e+00
1241,0.000000000000e+00,7.040956272739e-04,8.778615549444e-02,-2.925969268740e-04,8.778615549444e-02,0.000000000000e+00,7.040956272739e-04,0.000000000000e+00
1242,0.000000000000e+00,6.985258065793e-04,8.779414640070e-02,-2.933430014885e-04,8.779414640070e-02,0.000000000000e+00,6.985258065793e-04,0.000000000000e+00
1243,0.000000000000e+00,6.936065550654e-04,8.780196643510e-02,-2.942516322508e-04,8.780196643510e-02,0.000000000000e+00,6.936065550654e-04,0.000000000000e+00
1244,0.000000000000e+00,6.894421812629e-04,8.780950554319e-02,-2.953401338467e-04,8.780950554319e-02,0.000000000000e+00,6.894421812629e-04,0.000000000000e+00
1245,0.000000000000e+00,6.861106228478e-04,8.781665016722e-02,-2.966209309169e-04,8.781665016722e-02,0.000000000000e+00,6.861106228478e-04,0.000000000000e+00
1246,0.000000000000e+00,6.836694523837e-04,8.782328086262e-02,-2.981029481887e-04,8.782328086262e-02,0.000000000000e+00,6.836694523837e-04,0.000000000000e+00
1247,0.000000000000e+00,6.821512314778e-04,8.782928633400e-02,-2.997901883605e-04,8.782928633400e-02,0.000000000000e+00,6.821512314778e-04,0.000000000000e+00
1248,0.000000000000e+00,6.815692144622e-04,8.783457483818e-02,-3.016832359748e-04,8.783457483818e-02,0.000000000000e+00,6.815692144622e-04,0.000000000000e+00
1249,0.000000000000e+00,6.819188599313e-04,8.783907192489e-02,-3.037793467536e-04,8.783907192489e-02,0.000000000000e+00,6.819188599313e-04,0.000000000000e+00
1250,0.000000000000e+00,6.831776201283e-04,8.784272524007e-02,-3.060726433641e-04,8.784272524007e-02,0.000000000000e+00,6.831776201283e-04,0.000000000000e+00
1251,0.000000000000e+00,6.853106713831e-04,8.784550006498e-02,-3.085551481106e-04,8.784550006498e-02,0.000000000000e+00,6.853106713831e-04,0.000000000000e+00
1252,0.000000000000e+00,6.882681686868e-04,8.784739180576e-02,-3.112157911289e-04,8.784739180576e-02,0.000000000000e+00,6.882681686868e-04,0.000000000000e+00
1253,0.000000000000e+00,6.919822914557e-04,8.784843016912e-02,-3.140399265680e-04,8.784843016912e-02,0.000000000000e+00,6.919822914557e-04,0.000000000000e+00
1254,0.000000000000e+00,6.963763352851e-04,8.784867617008e-02,-3.170111726350e-04,8.784867617008e-02,0.000000000000e+00,6.963763352851e-04,0.000000000000e+00
1255,0.000000000000e+00,7.013628145344e-04,8.784822236484e-02,-3.201104725671e-04,8.784822236484e-02,0.000000000000e+00,7.013628145344e-04,0.000000000000e+00
1256,0.000000000000e+00,7.068161877295e-04,8.784719872125e-02,-3.233107877525e-04,8.784719872125e-02,0.000000000000e+00,7.068161877295e-04,0.000000000000e+00
1257,0.000000000000e+00,7.125708221461e-04,8.784577179201e-02,-3.265767718659e-04,8.784577179201e-02,0.000000000000e+00,7.125708221461e-04,0.000000000000e+00
1258,0.000000000000e+00,7.184890925535e-04,8.784412513917e-02,-3.298782464931e-04,8.784412513917e-02,0.000000000000e+00,7.184890925535e-04,0.000000000000e+00
1259,0.000000000000e+00,7.244665709684e-04,8.784245486838e-02,-3.331914567460e-04,8.784245486838e-02,0.000000000000e+00,7.244665709684e-04,0.000000000000e+00
1260,0.000000000000e+00,7.303861408159e-04,8.784097676802e-02,-3.364902733967e-04,8.784097676802e-02,0.000000000000e+00,7.303861408159e-04,0.000000000000e+00
1261,0.000000000000e+00,7.361277044999e-04,8.783991968825e-02,-3.397470495913e-04,8.783991968825e-02,0.000000000000e+00,7.361277044999e-04,0.000000000000e+00
1262,0.000000000000e+00,7.415823041395e-04,8.783950999398e-02,-3.429361447302e-04,8.783950999398e-02,0.000000000000e+00,7.415823041395e-04,0.000000000000e+00
1263,0.000000000000e+00,7.466174568672e-04,8.783995677864e-02,-3.460266571221e-04,8.783995677864e-02,0.000000000000e+00,7.466174568672e-04,0.000000000000e+00
1264,0.000000000000e+00,7.510970858677e-04,8.784144958711e-02,-3.489863683523e-04,8.784144958711e-02,0.000000000000e+00,7.510970858677e-04,0.000000000000e+00
1265,0.000000000000e+00,7.548841296014e-04,8.784419815454e-02,-3.517822760478e-04,8.784419815454e-02,0.000000000000e+00,7.548841296014e-04,0.000000000000e+00
1266,0.000000000000e+00,7.578415855310e-04,8.784842033468e-02,-3.543806740104e-04,8.784842033468e-02,0.000000000000e+00,7.578415855310e-04,0.000000000000e+00
1267,0.000000000000e+00,7.598424448306e-04,8.785433932023e-02,-3.567493509376e-04,8.785433932023e-02,0.000000000000e+00,7.598424448306e-04,0.000000000000e+00
1268,0.000000000000e+00,7.607618276106e-04,8.786216982720e-02,-3.588555705542e-04,8.786216982720e-02,0.000000000000e+00,7.607618276106e-04,0.000000000000e+00
1269,0.000000000000e+00,7.604617421701e-04,8.787212550049e-02,-3.606635059272e-04,8.787212550049e-02,0.000000000000e+00,7.604617421701e-04,0.000000000000e+00
1270,0.000000000000e+00,7.588500199640e-04,8.788439312200e-02,-3.621454173365e-04,8.788439312200e-02,0.000000000000e+00,7.588500199640e-04,0.000000000000e+00
1271,0.000000000000e+00,7.558634879036e-04,8.789912699620e-02,-3.632791282496e-04,8.789912699620e-02,0.000000000000e+00,7.558634879036e-04,0.000000000000e+00
1272,0.000000000000e+00,7.514414474950e-04,8.791640465103e-02,-3.640425595948e-04,8.791640465103e-02,0.000000000000e+00,7.514414474950e-04,0.000000000000e+00
1273,0.000000000000e+00,7.455530240776e-04,8.793627211135e-02,-3.644193559531e-04,8.793627211135e-02,0.000000000000e+00,7.455530240776e-04,0.000000000000e+00
1274,0.000000000000e+00,7.381853829212e-04,8.795878525552e-02,-3.643966900300e-04,8.795878525552e-02,0.000000000000e+00,7.381853829212e-04,0.000000000000e+00
1275,0.000000000000e+00,7.293446267103e-04,8.798396376615e-02,-3.639658665894e-04,8.798396376615e-02,0.000000000000e+00,7.293446267103e-04,0.000000000000e+00
1276,0.000000000000e+00,7.190470617530e-04,8.801175173932e-02,-3.631202061789e-04,8.801175173932e-02,0.000000000000e+00,7.190470617530e-04,0.000000000000e+00
1277,0.000000000000e+00,7.073279917300e-04,8.804206710157e-02,-3.618570084334e-04,8.804206710157e-02,0.000000000000e+00,7.073279917300e-04,0.000000000000e+00
1278,0.000000000000e+00,6.942388179791e-04,8.807479998852e-02,-3.601779322517e-04,8.807479998852e-02,0.000000000000e+00,6.942388179791e-04,0.000000000000e+00
1279,0.000000000000e+00,6.798484606854e-04,8.810980614424e-02,-3.580885117833e-04,8.810980614424e-02,0.000000000000e+00,6.798484606854e-04,0.000000000000e+00
1280,0.000000000000e+00,6.642443336029e-04,8.814690770053e-02,-3.555987275056e-04,8.814690770053e-02,0.000000000000e+00,6.642443336029e-04,0.000000000000e+00
1281,0.000000000000e+00,6.475562283847e-04,8.818588352576e-02,-3.527283089619e-04,8.818588352576e-02,0.000000000000e+00,6.475562283847e-04,0.000000000000e+00
1282,0.000000000000e+00,6.299872869458e-04,8.822645725470e-02,-3.495126313447e-04,8.822645725470e-02,0.000000000000e+00,6.299872869458e-04,0.000000000000e+00
1283,0.000000000000e+00,6.117113583698e-04,8.826832267865e-02,-3.459824323322e-04,8.826832267865e-02,0.000000000000e+00,6.117113583698e-04,0.000000000000e+00
1284,0.000000000000e+00,5.929081823674e-04,8.831115442815e-02,-3.421703731703e-04,8.831115442815e-02,0.000000000000e+00,5.929081823674e-04,0.000000000000e+00
1285,0.000000000000e+00,5.737640719524e-04,8.835459520192e-02,-3.381111841821e-04,8.835459520192e-02,0.000000000000e+00,5.737640719524e-04,0.000000000000e+00
1286,0.000000000000e+00,5.544721794409e-04,8.839824561043e-02,-3.338423116900e-04,8.839824561043e-02,0.000000000000e+00,5.544721794409e-04,0.000000000000e+00
1287,0.000000000000e+00,5.352112875517e-04,8.844169922053e-02,-3.293991638332e-04,8.844169922053e-02,0.000000000000e+00,5.352112875517e-04,0.000000000000e+00
1288,0.000000000000e+00,5.161715682161e-04,8.848457413168e-02,-3.248204957057e-04,8.848457413168e-02,0.000000000000e+00,5.161715682161e-04,0.000000000000e+00
1289,0.000000000000e+00,4.975697950725e-04,8.852647889662e-02,-3.201518823775e-04,8.852647889662e-02,0.000000000000e+00,4.975697950725e-04,0.000000000000e+00
1290,0.000000000000e+00,4.796299752082e-04,8.856703785040e-02,-3.154412824312e-04,8.856703785040e-02,0.000000000000e+00,4.796299752082e-04,0.000000000000e+00
1291,0.000000000000e+00,4.625715462497e-04,8.860592991909e-02,-3.107364952843e-04,8.860592991909e-02,0.000000000000e+00,4.625715462497e-04,0.000000000000e+00
1292,0.000000000000e+00,4.465846834890e-04,8.864288166181e-02,-3.060796277392e-04,8.864288166181e-02,0.000000000000e+00,4.465846834890e-04,0.000000000000e+00
1293,0.000000000000e+00,4.318855391117e-04,8.867766136414e-02,-3.015199249628e-04,8.867766136414e-02,0.000000000000e+00,4.318855391117e-04,0.000000000000e+00
1294,0.000000000000e+00,4.186916899913e-04,8.871008577689e-02,-2.971078778496e-04,8.871008577689e-02,0.000000000000e+00,4.186916899913e-04,0.000000000000e+00
1295,0.000000000000e+00,4.072093645410e-04,8.874001180565e-02,-2.928919676038e-04,8.874001180565e-02,0.000000000000e+00,4.072093645410e-04,0.000000000000e+00
1296,0.000000000000e+00,3.976394773488e-04,8.876732595769e-02,-2.889209150848e-04,8.876732595769e-02,0.000000000000e+00,3.976394773488e-04,0.000000000000e+00
1297,0.000000000000e+00,3.901513274942e-04,8.879195974863e-02,-2.852369682339e-04,8.879195974863e-02,0.000000000000e+00,3.901513274942e-04,0.000000000000e+00
1298,0.000000000000e+00,3.848774082659e-04,8.881388677555e-02,-2.818747758480e-04,8.881388677555e-02,0.000000000000e+00,3.848774082659e-04,0.000000000000e+00
1299,0.000000000000e+00,3.818979447455e-04,8.883312649160e-02,-2.788583228773e-04,8.883312649160e-02,0.000000000000e+00,3.818979447455e-04,0.000000000000e+00
1300,0.000000000000e+00,3.812717481874e-04,8.884972770687e-02,-2.762071646043e-04,8.884972770687e-02,0.000000000000e+00,3.812717481874e-04,0.000000000000e+00
1301,0.000000000000e+00,3.830350836959e-04,8.886376471079e-02,-2.739360266932e-04,8.886376471079e-02,0.000000000000e+00,3.830350836959e-04,0.000000000000e+00
1302,0.000000000000e+00,3.871906994430e-04,8.887532986019e-02,-2.720526387910e-04,8.887532986019e-02,0.000000000000e+00,3.871906994430e-04,0.000000000000e+00
1303,0.000000000000e+00,3.937151685592e-04,8.888453573289e-02,-2.705586476576e-04,8.888453573289e-02,0.000000000000e+00,3.937151685592e-04,0.000000000000e+00
1304,0.000000000000e+00,4.025663042337e-04,8.889151839445e-02,-2.694513683315e-04,8.889151839445e-02,0.000000000000e+00,4.025663042337e-04,0.000000000000e+00
1305,0.000000000000e+00,4.136591792529e-04,8.889641100951e-02,-2.687184295322e-04,8.889641100951e-02,0.000000000000e+00,4.136591792529e-04,0.000000000000e+00
1306,0.000000000000e+00,4.269000382271e-04,8.889936755844e-02,-2.683453358843e-04,8.889936755844e-02,0.000000000000e+00,4.269000382271e-04,0.000000000000e+00
1307,0.000000000000e+00,4.421773500365e-04,8.890055870134e-02,-2.683134413942e-04,8.890055870134e-02,0.000000000000e+00,4.421773500365e-04,0.000000000000e+00
1308,0.000000000000e+00,4.593565078336e-04,8.890017543492e-02,-2.685986204565e-04,8.890017543492e-02,0.000000000000e+00,4.593565078336e-04,0.000000000000e+00
1309,0.000000000000e+00,4.782668914107e-04,8.889840552758e-02,-2.691683126817e-04,8.889840552758e-02,0.000000000000e+00,4.782668914107e-04,0.000000000000e+00
1310,0.000000000000e+00,4.987467348032e-04,8.889546360470e-02,-2.699917538491e-04,8.889546360470e-02,0.000000000000e+00,4.987467348032e-04,0.000000000000e+00
1311,0.000000000000e+00,5.206217801990e-04,8.889155557766e-02,-2.710349159655e-04,8.889155557766e-02,0.000000000000e+00,5.206217801990e-04,0.000000000000e+00
1312,0.000000000000e+00,5.436973855715e-04,8.888690573568e-02,-2.722587102432e-04,8.888690573568e-02,0.000000000000e+00,5.436973855715e-04,0.000000000000e+00
1313,0.000000000000e+00,5.677312941223e-04,8.888175179380e-02,-2.736134774410e-04,8.888175179380e-02,0.000000000000e+00,5.677312941223e-04,0.000000000000e+00
1314,0.000000000000e+00,5.924768198811e-04,8.887633029661e-02,-2.750482596551e-04,8.887633029661e-02,0.000000000000e+00,5.924768198811e-04,0.000000000000e+00
1315,0.000000000000e+00,6.176896655813e-04,8.887086297888e-02,-2.765120477022e-04,8.887086297888e-02,0.000000000000e+00,6.176896655813e-04,0.000000000000e+00
1316,0.000000000000e+00,6.431205393188e-04,8.886556505909e-02,-2.779523118371e-04,8.886556505909e-02,0.000000000000e+00,6.431205393188e-04,0.000000000000e+00
1317,0.000000000000e+00,6.685286049655e-04,8.886063884735e-02,-2.793180631221e-04,8.886063884735e-02,0.000000000000e+00,6.685286049655e-04,0.000000000000e+00
1318,0.000000000000e+00,6.936494075802e-04,8.885628734447e-02,-2.805532096296e-04,8.885628734447e-02,0.000000000000e+00,6.936494075802e-04,0.000000000000e+00
1319,0.000000000000e+00,7.182194938514e-04,8.885270863068e-02,-2.816019915064e-04,8.885270863068e-02,0.000000000000e+00,7.182194938514e-04,0.000000000000e+00
1320,0.000000000000e+00,7.419728588270e-04,8.885010113487e-02,-2.824080499957e-04,8.885010113487e-02,0.000000000000e+00,7.419728588270e-04,0.000000000000e+00
1321,0.000000000000e+00,7.646479387257e-04,8.884868157140e-02,-2.829168765382e-04,8.884868157140e-02,0.000000000000e+00,7.646479387257e-04,0.000000000000e+00
1322,0.000000000000e+00,7.859941190448e-04,8.884865574191e-02,-2.830767591202e-04,8.884865574191e-02,0.000000000000e+00,7.859941190448e-04,0.000000000000e+00
1323,0.000000000000e+00,8.057755825846e-04,8.885021665684e-02,-2.828395859625e-04,8.885021665684e-02,0.000000000000e+00,8.057755825846e-04,0.000000000000e+00
1324,0.000000000000e+00,8.237700660982e-04,8.885355009226e-02,-2.821607913824e-04,8.885355009226e-02,0.000000000000e+00,8.237700660982e-04,0.000000000000e+00
1325,0.000000000000e+00,8.397651858314e-04,8.885883774387e-02,-2.809982773660e-04,8.885883774387e-02,0.000000000000e+00,8.397651858314e-04,0.000000000000e+00
1326,0.000000000000e+00,8.536281878981e-04,8.886622363761e-02,-2.793276469859e-04,8.886622363761e-02,0.000000000000e+00,8.536281878981e-04,0.000000000000e+00
1327,0.000000000000e+00,8.652636870790e-04,8.887583033343e-02,-2.771332689642e-04,8.887583033343e-02,0.000000000000e+00,8.652636870790e-04,0.000000000000e+00
1328,0.000000000000e+00,8.746038034929e-04,8.888775371783e-02,-2.744060103107e-04,8.888775371783e-02,0.000000000000e+00,8.746038034929e-04,0.000000000000e+00
1329,0.000000000000e+00,8.816243187885e-04,8.890207119288e-02,-2.711468575168e-04,8.890207119288e-02,0.000000000000e+00,8.816243187885e-04,0.000000000000e+00
1330,0.000000000000e+00,8.863412086607e-04,8.891884018741e-02,-2.673661993321e-04,8.891884018741e-02,0.000000000000e+00,8.863412086607e-04,0.000000000000e+00
1331,0.000000000000e+00,8.888012687209e-04,8.893809950050e-02,-2.630816406190e-04,8.893809950050e-02,0.000000000000e+00,8.888012687209e-04,0.000000000000e+00
1332,0.000000000000e+00,8.890829892312e-04,8.895985847394e-02,-2.583178822182e-04,8.895985847394e-02,0.000000000000e+00,8.890829892312e-04,0.000000000000e+00
1333,0.000000000000e+00,8.872997433993e-04,8.898409227276e-02,-2.531083488372e-04,8.898409227276e-02,0.000000000000e+00,8.872997433993e-04,0.000000000000e+00
1334,0.000000000000e+00,8.835964797073e-04,8.901072938813e-02,-2.474938436499e-04,8.901072938813e-02,0.000000000000e+00,8.835964797073e-04,0.000000000000e+00
1335,0.000000000000e+00,8.781323133617e-04,8.903967340409e-02,-2.415186127052e-04,8.903967340409e-02,0.000000000000e+00,8.781323133617e-04,0.000000000000e+00
1336,0.000000000000e+00,8.710917310197e-04,8.907079657363e-02,-2.352329276205e-04,8.907079657363e-02,0.000000000000e+00,8.710917310197e-04,0.000000000000e+00
1337,0.000000000000e+00,8.626838770825e-04,8.910393995402e-02,-2.286931038985e-04,8.910393995402e-02,0.000000000000e+00,8.626838770825e-04,0.000000000000e+00
1338,0.000000000000e+00,8.531335969167e-04,8.913892058491e-02,-2.219596333819e-04,8.913892058491e-02,0.000000000000e+00,8.531335969167e-04,0.000000000000e+00
1339,0.000000000000e+00,8.426543607643e-04,8.917556765870e-02,-2.150909139685e-04,8.917556765870e-02,0.000000000000e+00,8.426543607643e-04,0.000000000000e+00
1340,0.000000000000e+00,8.314939641216e-04,8.921367421554e-02,-2.081535461707e-04,8.921367421554e-02,0.000000000000e+00,8.314939641216e-04,0.000000000000e+00
1341,0.000000000000e+00,8.199158761973e-04,8.925301890844e-02,-2.012179574626e-04,8.925301890844e-02,0.000000000000e+00,8.199158761973e-04,0.000000000000e+00
1342,0.000000000000e+00,8.081909130362e-04,8.929335459018e-02,-1.943570464547e-04,8.929335459018e-02,0.000000000000e+00,8.081909130362e-04,0.000000000000e+00
1343,0.000000000000e+00,7.965751883405e-04,8.933443151336e-02,-1.876407701089e-04,8.933443151336e-02,0.000000000000e+00,7.965751883405e-04,0.000000000000e+00
1344,0.000000000000e+00,7.853236211167e-04,8.937600103884e-02,-1.811386473942e-04,8.937600103884e-02,0.000000000000e+00,7.853236211167e-04,0.000000000000e+00
1345,0.000000000000e+00,7.746703114604e-04,8.941783706411e-02,-1.749163267420e-04,8.941783706411e-02,0.000000000000e+00,7.746703114604e-04,0.000000000000e+00
1346,0.000000000000e+00,7.648204410726e-04,8.945973694854e-02,-1.690334898878e-04,8.945973694854e-02,0.000000000000e+00,7.648204410726e-04,0.000000000000e+00
1347,0.000000000000e+00,7.559466260594e-04,8.950149408411e-02,-1.635424330595e-04,8.950149408411e-02,0.000000000000e+00,7.559466260594e-04,0.000000000000e+00
1348,0.000000000000e+00,7.482024195266e-04,8.954290615491e-02,-1.584915194227e-04,8.954290615491e-02,0.000000000000e+00,7.482024195266e-04,0.000000000000e+00
1349,0.000000000000e+00,7.417221186737e-04,8.958377616091e-02,-1.539246834233e-04,8.958377616091e-02,0.000000000000e+00,7.417221186737e-04,0.000000000000e+00
1350,0.000000000000e+00,7.366133187865e-04,8.962392199342e-02,-1.498796968811e-04,8.962392199342e-02,0.000000000000e+00,7.366133187865e-04,0.000000000000e+00
1351,0.000000000000e+00,7.329579790958e-04,8.966317461663e-02,-1.463881706400e-04,8.966317461663e-02,0.000000000000e+00,7.329579790958e-04,0.000000000000e+00
1352,0.000000000000e+00,7.308078632508e-04,8.970138531832e-02,-1.434736951379e-04,8.970138531832e-02,0.000000000000e+00,7.308078632508e-04,0.000000000000e+00
1353,0.000000000000e+00,7.301857810020e-04,8.973842710175e-02,-1.411522494387e-04,8.973842710175e-02,0.000000000000e+00,7.301857810020e-04,0.000000000000e+00
1354,0.000000000000e+00,7.310857281001e-04,8.977419455984e-02,-1.394325347808e-04,8.977419455984e-02,0.000000000000e+00,7.310857281001e-04,0.000000000000e+00
1355,0.000000000000e+00,7.334729293432e-04,8.980860461550e-02,-1.383161698048e-04,8.980860461550e-02,0.000000000000e+00,7.334729293432e-04,0.000000000000e+00
1356,0.000000000000e+00,7.372887314206e-04,8.984159395501e-02,-1.377979820144e-04,8.984159395501e-02,0.000000000000e+00,7.372887314206e-04,0.000000000000e+00
1357,0.000000000000e+00,7.424541416923e-04,8.987311602573e-02,-1.378670525599e-04,8.987311602573e-02,0.000000000000e+00,7.424541416923e-04,0.000000000000e+00
1358,0.000000000000e+00,7.488652443057e-04,8.990314483509e-02,-1.385048525615e-04,8.990314483509e-02,0.000000000000e+00,7.488652443057e-04,0.000000000000e+00
1359,0.000000000000e+00,7.563990694431e-04,8.993166828538e-02,-1.396872840736e-04,8.993166828538e-02,0.000000000000e+00,7.563990694431e-04,0.000000000000e+00
1360,0.000000000000e+00,7.649185398250e-04,8.995868408376e-02,-1.413849131810e-04,8.995868408376e-02,0.000000000000e+00,7.649185398250e-04,0.000000000000e+00
1361,0.000000000000e+00,7.742752370918e-04,8.998419310376e-02,-1.435636658902e-04,8.998419310376e-02,0.000000000000e+00,7.742752370918e-04,0.000000000000e+00
1362,0.000000000000e+00,7.843110902224e-04,9.000819483063e-02,-1.461856838313e-04,9.000819483063e-02,0.000000000000e+00,7.843110902224e-04,0.000000000000e+00
1363,0.000000000000e+00,7.948585686424e-04,9.003069006103e-02,-1.492094652174e-04,9.003069006103e-02,0.000000000000e+00,7.948585686424e-04,0.000000000000e+00
1364,0.000000000000e+00,8.057452026476e-04,9.005167615468e-02,-1.525903554941e-04,9.005167615468e-02,0.000000000000e+00,8.057452026476e-04,0.000000000000e+00
1365,0.000000000000e+00,8.167923539865e-04,9.007114415278e-02,-1.562803627538e-04,9.007114415278e-02,0.000000000000e+00,8.167923539865e-04,0.000000000000e+00
1366,0.000000000000e+00,8.278140036219e-04,9.008908271552e-02,-1.602283245574e-04,9.008908271552e-02,0.000000000000e+00,8.278140036219e-04,0.000000000000e+00
1367,0.000000000000e+00,8.386332059551e-04,9.010546346047e-02,-1.643826337516e-04,9.010546346047e-02,0.000000000000e+00,8.386332059551e-04,0.000000000000e+00
1368,0.000000000000e+00,8.490808346348e-04,9.012025192339e-02,-1.686912693864e-04,9.012025192339e-02,0.000000000000e+00,8.490808346348e-04,0.000000000000e+00
1369,0.000000000000e+00,8.589921068340e-04,9.013340138028e-02,-1.730994317748e-04,9.013340138028e-02,0.000000000000e+00,8.589921068340e-04,0.000000000000e+00
1370,0.000000000000e+00,8.682114515735e-04,9.014486113869e-02,-1.775530944291e-04,9.014486113869e-02,0.000000000000e+00,8.682114515735e-04,0.000000000000e+00
1371,0.000000000000e+00,8.765836743911e-04,9.015458501187e-02,-1.819976782586e-04,9.015458501187e-02,0.000000000000e+00,8.765836743911e-04,0.000000000000e+00
1372,0.000000000000e+00,8.839395122485e-04,9.016254183631e-02,-1.863764752458e-04,9.016254183631e-02,0.000000000000e+00,8.839395122485e-04,0.000000000000e+00
1373,0.000000000000e+00,8.901018866576e-04,9.016871752877e-02,-1.906325442705e-04,9.016871752877e-02,0.000000000000e+00,8.901018866576e-04,0.000000000000e+00
1374,0.000000000000e+00,8.949037544821e-04,9.017309655818e-02,-1.947098213568e-04,9.017309655818e-02,0.000000000000e+00,8.949037544821e-04,0.000000000000e+00
1375,0.000000000000e+00,8.982054092544e-04,9.017567623914e-02,-1.985570150020e-04,9.017567623914e-02,0.000000000000e+00,8.982054092544e-04,0.000000000000e+00
1376,0.000000000000e+00,8.998784833634e-04,9.017646242370e-02,-2.021231039428e-04,9.017646242370e-02,0.000000000000e+00,8.998784833634e-04,0.000000000000e+00
1377,0.000000000000e+00,8.998077466425e-04,9.017547228777e-02,-2.053589611883e-04,9.017547228777e-02,0.000000000000e+00,8.998077466425e-04,0.000000000000e+00
1378,0.000000000000e+00,8.978923038972e-04,9.017273724180e-02,-2.082202339636e-04,9.017273724180e-02,0.000000000000e+00,8.978923038972e-04,0.000000000000e+00
1379,0.000000000000e+00,8.940538686578e-04,9.016831080257e-02,-2.106664886618e-04,9.016831080257e-02,0.000000000000e+00,8.940538686578e-04,0.000000000000e+00
1380,0.000000000000e+00,8.882364024790e-04,9.016226833469e-02,-2.126609889327e-04,9.016226833469e-02,0.000000000000e+00,8.882364024790e-04,0.000000000000e+00
1381,0.000000000000e+00,8.804018952854e-04,9.015471248672e-02,-2.141713198532e-04,9.015471248672e-02,0.000000000000e+00,8.804018952854e-04,0.000000000000e+00
1382,0.000000000000e+00,8.705306869056e-04,9.014576020083e-02,-2.151669530522e-04,9.014576020083e-02,0.000000000000e+00,8.705306869056e-04,0.000000000000e+00
1383,0.000000000000e+00,8.586274882280e-04,9.013555260848e-02,-2.156238363896e-04,9.013555260848e-02,0.000000000000e+00,8.586274882280e-04,0.000000000000e+00
1384,0.000000000000e+00,8.447080176332e-04,9.012423863327e-02,-2.155241504699e-04,9.012423863327e-02,0.000000000000e+00,8.447080176332e-04,0.000000000000e+00
1385,0.000000000000e+00,8.288154783015e-04,9.011197376857e-02,-2.148570220673e-04,9.011197376857e-02,0.000000000000e+00,8.288154783015e-04,0.000000000000e+00
1386,0.000000000000e+00,8.110200494443e-04,9.009892181787e-02,-2.136184779671e-04,9.009892181787e-02,0.000000000000e+00,8.110200494443e-04,0.000000000000e+00
1387,0.000000000000e+00,7.914045448674e-04,9.008524899437e-02,-2.118096587316e-04,9.008524899437e-02,0.000000000000e+00,7.914045448674e-04,0.000000000000e+00
1388,0.000000000000e+00,7.700798421349e-04,9.007112828096e-02,-2.094389711886e-04,9.007112828096e-02,0.000000000000e+00,7.700798421349e-04,0.000000000000e+00
1389,0.000000000000e+00,7.471738113422e-04,9.005672191980e-02,-2.065194376565e-04,9.005672191980e-02,0.000000000000e+00,7.471738113422e-04,0.000000000000e+00
1390,0.000000000000e+00,7.228341553806e-04,9.004218185608e-02,-2.030688815868e-04,9.004218185608e-02,0.000000000000e+00,7.228341553806e-04,0.000000000000e+00
1391,0.000000000000e+00,6.972295734457e-04,9.002764880380e-02,-1.991105317902e-04,9.002764880380e-02,0.000000000000e+00,6.972295734457e-04,0.000000000000e+00
1392,0.000000000000e+00,6.705517241701e-04,9.001325327318e-02,-1.946740593269e-04,9.001325327318e-02,0.000000000000e+00,6.705517241701e-04,0.000000000000e+00
1393,0.000000000000e+00,6.429969308928e-04,8.999909722651e-02,-1.897917737352e-04,8.999909722651e-02,0.000000000000e+00,6.429969308928e-04,0.000000000000e+00
1394,0.000000000000e+00,6.147787935060e-04,8.998526409529e-02,-1.845005659763e-04,8.998526409529e-02,0.000000000000e+00,6.147787935060e-04,0.000000000000e+00
1395,0.000000000000e+00,5.861191122409e-04,8.997181343325e-02,-1.788400235488e-04,8.997181343325e-02,0.000000000000e+00,5.861191122409e-04,0.000000000000e+00
1396,0.000000000000e+00,5.572546729858e-04,8.995877889331e-02,-1.728544029675e-04,8.995877889331e-02,0.000000000000e+00,5.572546729858e-04,0.000000000000e+00
1397,0.000000000000e+00,5.284372710706e-04,8.994616766982e-02,-1.665936365010e-04,8.994616766982e-02,0.000000000000e+00,5.284372710706e-04,0.000000000000e+00
1398,0.000000000000e+00,4.998997905972e-04,8.993394905432e-02,-1.601085765565e-04,8.993394905432e-02,0.000000000000e+00,4.998997905972e-04,0.000000000000e+00
1399,0.000000000000e+00,4.718523788967e-04,8.992205697882e-02,-1.534469993237e-04,8.992205697882e-02,0.000000000000e+00,4.718523788967e-04,0.000000000000e+00
1400,0.000000000000e+00,4.444884928979e-04,8.991039494543e-02,-1.466555866390e-04,8.991039494543e-02,0.000000000000e+00,4.444884928979e-04,0.000000000000e+00
1401,0.000000000000e+00,4.179906597356e-04,8.989884741507e-02,-1.397796631548e-04,8.989884741507e-02,0.000000000000e+00,4.179906597356e-04,0.000000000000e+00
1402,0.000000000000e+00,3.925449728571e-04,8.988730341473e-02,-1.328646784398e-04,8.988730341473e-02,0.000000000000e+00,3.925449728571e-04,0.000000000000e+00
1403,0.000000000000e+00,3.683071794896e-04,8.987564771889e-02,-1.259489810452e-04,8.987564771889e-02,0.000000000000e+00,3.683071794896e-04,0.000000000000e+00
1404,0.000000000000e+00,3.454050376141e-04,8.986378128844e-02,-1.190668949754e-04,8.986378128844e-02,0.000000000000e+00,3.454050376141e-04,0.000000000000e+00
1405,0.000000000000e+00,3.239261124195e-04,8.985161079062e-02,-1.122448322352e-04,8.985161079062e-02,0.000000000000e+00,3.239261124195e-04,0.000000000000e+00
1406,0.000000000000e+00,3.039798750236e-04,8.983910023402e-02,-1.055147054099e-04,8.983910023402e-02,0.000000000000e+00,3.039798750236e-04,0.000000000000e+00
1407,0.000000000000e+00,2.856584715962e-04,8.982624685631e-02,-9.890419440845e-05,8.982624685631e-02,0.000000000000e+00,2.856584715962e-04,0.000000000000e+00
1408,0.000000000000e+00,2.690042799330e-04,8.981306640902e-02,-9.243199937333e-05,8.981306640902e-02,0.000000000000e+00,2.690042799330e-04,0.000000000000e+00
1409,0.000000000000e+00,2.540142129937e-04,8.979959341194e-02,-8.610965804601e-05,8.979959341194e-02,0.000000000000e+00,2.540142129937e-04,0.000000000000e+00
1410,0.000000000000e+00,2.407218268730e-04,8.978592159584e-02,-7.995706243938e-05,8.978592159584e-02,0.000000000000e+00,2.407218268730e-04,0.000000000000e+00
1411,0.000000000000e+00,2.291195487091e-04,8.977216936471e-02,-7.398590125026e-05,8.977216936471e-02,0.000000000000e+00,2.291195487091e-04,0.000000000000e+00
1412,0.000000000000e+00,2.191700139292e-04,8.975847260101e-02,-6.820442552936e-05,8.975847260101e-02,0.000000000000e+00,2.191700139292e-04,0.000000000000e+00
1413,0.000000000000e+00,2.107949192943e-04,8.974497015793e-02,-6.261216282499e-05,8.974497015793e-02,0.000000000000e+00,2.107949192943e-04,0.000000000000e+00
1414,0.000000000000e+00,2.039174647468e-04,8.973184252288e-02,-5.720779661185e-05,8.973184252288e-02,0.000000000000e+00,2.039174647468e-04,0.000000000000e+00
1415,0.000000000000e+00,1.984560313502e-04,8.971929654699e-02,-5.198953173544e-05,8.971929654699e-02,0.000000000000e+00,1.984560313502e-04,0.000000000000e+00
1416,0.000000000000e+00,1.943089403792e-04,8.970754478598e-02,-4.695403703966e-05,8.970754478598e-02,0.000000000000e+00,1.943089403792e-04,0.000000000000e+00
1417,0.000000000000e+00,1.913721682236e-04,8.969681195492e-02,-4.209709853535e-05,8.969681195492e-02,0.000000000000e+00,1.913721682236e-04,0.000000000000e+00
1418,0.000000000000e+00,1.895641646246e-04,8.968734907705e-02,-3.741962724727e-05,8.968734907705e-02,0.000000000000e+00,1.895641646246e-04,0.000000000000e+00
1419,0.000000000000e+00,1.888161413296e-04,8.967941050788e-02,-3.291690788472e-05,8.967941050788e-02,0.000000000000e+00,1.888161413296e-04,0.000000000000e+00
1420,0.000000000000e+00,1.890733368913e-04,8.967324386898e-02,-2.858918816166e-05,8.967324386898e-02,0.000000000000e+00,1.890733368913e-04,0.000000000000e+00
1421,0.000000000000e+00,1.902970992978e-04,8.966907853165e-02,-2.444261625313e-05,8.966907853165e-02,0.000000000000e+00,1.902970992978e-04,0.000000000000e+00
1422,0.000000000000e+00,1.924374308868e-04,8.966713415201e-02,-2.048095797968e-05,8.966713415201e-02,0.000000000000e+00,1.924374308868e-04,0.000000000000e+00
1423,0.000000000000e+00,1.954545614759e-04,8.966761559471e-02,-1.671074212301e-05,8.966761559471e-02,0.000000000000e+00,1.954545614759e-04,0.000000000000e+00
1424,0.000000000000e+00,1.993039047663e-04,8.967068767300e-02,-1.313061374787e-05,8.967068767300e-02,0.000000000000e+00,1.993039047663e-04,0.000000000000e+00
1425,0.000000000000e+00,2.039249008935e-04,8.967648578098e-02,-9.739175229221e-06,8.967648578098e-02,0.000000000000e+00,2.039249008935e-04,0.000000000000e+00
1426,0.000000000000e+00,2.092830136837e-04,8.968512364237e-02,-6.540669341666e-06,8.968512364237e-02,0.000000000000e+00,2.092830136837e-04,0.000000000000e+00
1427,0.000000000000e+00,2.153505859169e-04,8.969668118210e-02,-3.545478323096e-06,8.969668118210e-02,0.000000000000e+00,2.153505859169e-04,0.000000000000e+00
1428,0.000000000000e+00,2.221432824088e-04,8.971121809752e-02,-7.681506908387e-07,8.971121809752e-02,0.000000000000e+00,2.221432824088e-04,0.000000000000e+00
1429,0.000000000000e+00,2.296641287776e-04,8.972873338422e-02,1.774617507920e-06,8.972873338422e-02,0.000000000000e+00,2.296641287776e-04,0.000000000000e+00
1430,0.000000000000e+00,2.379708845147e-04,8.974921975827e-02,4.057775570870e-06,8.974921975827e-02,0.000000000000e+00,2.379708845147e-04,0.000000000000e+00
1431,0.000000000000e+00,2.471356382755e-04,8.977263192208e-02,6.052972757147e-06,8.977263192208e-02,0.000000000000e+00,2.471356382755e-04,0.000000000000e+00
1432,0.000000000000e+00,2.571885125328e-04,8.979883884519e-02,7.742495664333e-06,8.979883884519e-02,0.000000000000e+00,2.571885125328e-04,0.000000000000e+00
1433,0.000000000000e+00,2.681563557806e-04,8.982766497750e-02,9.109342343572e-06,8.982766497750e-02,0.000000000000e+00,2.681563557806e-04,0.000000000000e+00
1434,0.000000000000e+00,2.800414552934e-04,8.985887762128e-02,1.014309791026e-05,8.985887762128e-02,0.000000000000e+00,2.800414552934e-04,0.000000000000e+00
1435,0.000000000000e+00,2.928322848352e-04,8.989219832437e-02,1.083686292235e-05,8.989219832437e-02,0.000000000000e+00,2.928322848352e-04,0.000000000000e+00
1436,0.000000000000e+00,3.065101531439e-04,8.992732310210e-02,1.118653255295e-05,8.992732310210e-02,0.000000000000e+00,3.065101531439e-04,0.000000000000e+00
1437,0.000000000000e+00,3.210583277524e-04,8.996392241659e-02,1.118819870863e-05,8.996392241659e-02,0.000000000000e+00,3.210583277524e-04,0.000000000000e+00
1438,0.000000000000e+00,3.364593159777e-04,9.000166218327e-02,1.083964838437e-05,9.000166218327e-02,0.000000000000e+00,3.364593159777e-04,0.000000000000e+00
1439,0.000000000000e+00,3.526764451064e-04,9.004018599033e-02,1.014321004435e-05,9.004018599033e-02,0.000000000000e+00,3.526764451064e-04,0.000000000000e+00
1440,0.000000000000e+00,3.696456551876e-04,9.007911818932e-02,9.108523919735e-06,9.007911818932e-02,0.000000000000e+00,3.696456551876e-04,0.000000000000e+00
1441,0.000000000000e+00,3.872804074345e-04,9.011807395885e-02,7.753115561830e-06,9.011807395885e-02,0.000000000000e+00,3.872804074345e-04,0.000000000000e+00
1442,0.000000000000e+00,4.054681160547e-04,9.015665877084e-02,6.096933550031e-06,9.015665877084e-02,0.000000000000e+00,4.054681160547e-04,0.000000000000e+00
1443,0.000000000000e+00,4.240658748708e-04,9.019448251105e-02,4.167060537150e-06,9.019448251105e-02,0.000000000000e+00,4.240658748708e-04,0.000000000000e+00
1444,0.000000000000e+00,4.429069559545e-04,9.023116173412e-02,1.997889946234e-06,9.023116173412e-02,0.000000000000e+00,4.429069559545e-04,0.000000000000e+00
1445,0.000000000000e+00,4.618200100592e-04,9.026632929158e-02,-3.746859968587e-07,9.026632929158e-02,0.000000000000e+00,4.618200100592e-04,0.000000000000e+00
1446,0.000000000000e+00,4.806291679971e-04,9.029964482870e-02,-2.916496319848e-06,9.029964482870e-02,0.000000000000e+00,4.806291679971e-04,0.000000000000e+00
1447,0.000000000000e+00,4.991751110316e-04,9.033079066524e-02,-5.595410480021e-06,9.033079066524e-02,0.000000000000e+00,4.991751110316e-04,0.000000000000e+00
1448,0.000000000000e+00,5.173080429284e-04,9.035948344818e-02,-8.379523753264e-06,9.035948344818e-02,0.000000000000e+00,5.173080429284e-04,0.000000000000e+00
1449,0.000000000000e+00,5.348694451292e-04,9.038547269445e-02,-1.123565213440e-05,9.038547269445e-02,0.000000000000e+00,5.348694451292e-04,0.000000000000e+00
1450,0.000000000000e+00,5.517103684475e-04,9.040853827327e-02,-1.412885862663e-05,9.040853827327e-02,0.000000000000e+00,5.517103684475e-04,0.000000000000e+00
1451,0.000000000000e+00,5.676850757436e-04,9.042848411585e-02,-1.702523343313e-05,9.042848411585e-02,0.000000000000e+00,5.676850757436e-04,0.000000000000e+00
1452,0.000000000000e+00,5.826679342926e-04,9.044513830624e-02,-1.989605572882e-05,9.044513830624e-02,0.000000000000e+00,5.826679342926e-04,0.000000000000e+00
1453,0.000000000000e+00,5.965559023366e-04,9.045835598975e-02,-2.271762182653e-05,9.045835598975e-02,0.000000000000e+00,5.965559023366e-04,0.000000000000e+00
1454,0.000000000000e+00,6.092637117275e-04,9.046802214827e-02,-2.547036661068e-05,9.046802214827e-02,0.000000000000e+00,6.092637117275e-04,0.000000000000e+00
1455,0.000000000000e+00,6.207315387092e-04,9.047405261014e-02,-2.813701389275e-05,9.047405261014e-02,0.000000000000e+00,6.207315387092e-04,0.000000000000e+00
1456,0.000000000000e+00,6.309121388042e-04,9.047638806571e-02,-3.070181406089e-05,9.047638806571e-02,0.000000000000e+00,6.309121388042e-04,0.000000000000e+00
1457,0.000000000000e+00,6.397565922564e-04,9.047498679344e-02,-3.314645998036e-05,9.047498679344e-02,0.000000000000e+00,6.397565922564e-04,0.000000000000e+00
1458,0.000000000000e+00,6.472586880501e-04,9.046985095254e-02,-3.546193585372e-05,9.046985095254e-02,0.000000000000e+00,6.472586880501e-04,0.000000000000e+00
1459,0.000000000000e+00,6.534288937324e-04,9.046100860916e-02,-3.764393885120e-05,9.046100860916e-02,0.000000000000e+00,6.534288937324e-04,0.000000000000e+00
1460,0.000000000000e+00,6.582927002889e-04,9.044850936239e-02,-3.969196437604e-05,9.044850936239e-02,0.000000000000e+00,6.582927002889e-04,0.000000000000e+00
1461,0.000000000000e+00,6.618836771882e-04,9.043241864297e-02,-4.160908832190e-05,9.043241864297e-02,0.000000000000e+00,6.618836771882e-04,0.000000000000e+00
1462,0.000000000000e+00,6.642402903854e-04,9.041281315042e-02,-4.340050124329e-05,9.041281315042e-02,0.000000000000e+00,6.642402903854e-04,0.000000000000e+00
1463,0.000000000000e+00,6.654044872363e-04,9.038976060690e-02,-4.507133669022e-05,9.038976060690e-02,0.000000000000e+00,6.654044872363e-04,0.000000000000e+00
1464,0.000000000000e+00,6.654172488244e-04,9.036332565800e-02,-4.662905089416e-05,9.036332565800e-02,0.000000000000e+00,6.654172488244e-04,0.000000000000e+00
1465,0.000000000000e+00,6.643158577942e-04,9.033356366437e-02,-4.807890648329e-05,9.033356366437e-02,0.000000000000e+00,6.643158577942e-04,0.000000000000e+00
1466,0.000000000000e+00,6.621449014107e-04,9.030052251969e-02,-4.942632494905e-05,9.030052251969e-02,0.000000000000e+00,6.621449014107e-04,0.000000000000e+00
1467,0.000000000000e+00,6.589571731937e-04,9.026424213995e-02,-5.067713566176e-05,9.026424213995e-02,0.000000000000e+00,6.589571731937e-04,0.000000000000e+00
1468,0.000000000000e+00,6.548066976311e-04,9.022475027776e-02,-5.183550507067e-05,9.022475027776e-02,0.000000000000e+00,6.548066976311e-04,0.000000000000e+00
1469,0.000000000000e+00,6.497496857210e-04,9.018206166065e-02,-5.290556353166e-05,9.018206166065e-02,0.000000000000e+00,6.497496857210e-04,0.000000000000e+00
1470,0.000000000000e+00,6.438461618451e-04,9.013618194604e-02,-5.389176170962e-05,9.013618194604e-02,0.000000000000e+00,6.438461618451e-04,0.000000000000e+00
1471,0.000000000000e+00,6.371580424283e-04,9.008710962395e-02,-5.479913760967e-05,9.008710962395e-02,0.000000000000e+00,6.371580424283e-04,0.000000000000e+00
1472,0.000000000000e+00,6.297454913537e-04,9.003484620042e-02,-5.563240435908e-05,9.003484620042e-02,0.000000000000e+00,6.297454913537e-04,0.000000000000e+00
1473,0.000000000000e+00,6.216751569255e-04,8.997939122268e-02,-5.639542442771e-05,8.997939122268e-02,0.000000000000e+00,6.216751569255e-04,0.000000000000e+00
1474,0.000000000000e+00,6.130238579249e-04,8.992075480337e-02,-5.709314503932e-05,8.992075480337e-02,0.000000000000e+00,6.130238579249e-04,0.000000000000e+00
1475,0.000000000000e+00,6.038768515578e-04,8.985896448427e-02,-5.773324339698e-05,8.985896448427e-02,0.000000000000e+00,6.038768515578e-04,0.000000000000e+00
1476,0.000000000000e+00,5.943263720781e-04,8.979407223410e-02,-5.832618942225e-05,8.979407223410e-02,0.000000000000e+00,5.943263720781e-04,0.000000000000e+00
1477,0.000000000000e+00,5.844704512698e-04,8.972615742855e-02,-5.888317684023e-05,8.972615742855e-02,0.000000000000e+00,5.844704512698e-04,0.000000000000e+00
1478,0.000000000000e+00,5.744164089668e-04,8.965533545400e-02,-5.941742944455e-05,8.965533545400e-02,0.000000000000e+00,5.744164089668e-04,0.000000000000e+00
1479,0.000000000000e+00,5.642780232856e-04,8.958174560534e-02,-5.994216462857e-05,8.958174560534e-02,0.000000000000e+00,5.642780232856e-04,0.000000000000e+00
1480,0.000000000000e+00,5.541838804593e-04,8.950560597505e-02,-6.047166871506e-05,8.950560597505e-02,0.000000000000e+00,5.541838804593e-04,0.000000000000e+00
1481,0.000000000000e+00,5.442742987024e-04,8.942721036989e-02,-6.102262161896e-05,8.942721036989e-02,0.000000000000e+00,5.442742987024e-04,0.000000000000e+00
1482,0.000000000000e+00,5.347008792822e-04,8.934691806679e-02,-6.161359867669e-05,8.934691806679e-02,0.000000000000e+00,5.347008792822e-04,0.000000000000e+00
1483,0.000000000000e+00,5.256231931638e-04,8.926514155344e-02,-6.226588173898e-05,8.926514155344e-02,0.000000000000e+00,5.256231931638e-04,0.000000000000e+00
1484,0.000000000000e+00,5.172071024006e-04,8.918233253958e-02,-6.300162728608e-05,8.918233253958e-02,0.000000000000e+00,5.172071024006e-04,0.000000000000e+00
1485,0.000000000000e+00,5.096272443483e-04,8.909902859298e-02,-6.384446171448e-05,8.909902859298e-02,0.000000000000e+00,5.096272443483e-04,0.000000000000e+00
1486,0.000000000000e+00,5.030542848852e-04,8.901576656537e-02,-6.481734518106e-05,8.901576656537e-02,0.000000000000e+00,5.030542848852e-04,0.000000000000e+00
1487,0.000000000000e+00,4.976556410696e-04,8.893308871069e-02,-6.594151896880e-05,8.893308871069e-02,0.000000000000e+00,4.976556410696e-04,0.000000000000e+00
1488,0.000000000000e+00,4.935858537683e-04,8.885153255107e-02,-6.723584476041e-05,8.885153255107e-02,0.000000000000e+00,4.935858537683e-04,0.000000000000e+00
1489,0.000000000000e+00,4.909873363093e-04,8.877162998142e-02,-6.871748916401e-05,8.877162998142e-02,0.000000000000e+00,4.909873363093e-04,0.000000000000e+00
1490,0.000000000000e+00,4.899918265535e-04,8.869389734243e-02,-7.040141104845e-05,8.869389734243e-02,0.000000000000e+00,4.899918265535e-04,0.000000000000e+00
1491,0.000000000000e+00,4.907227697804e-04,8.861883695833e-02,-7.230058520116e-05,8.861883695833e-02,0.000000000000e+00,4.907227697804e-04,0.000000000000e+00
1492,0.000000000000e+00,4.932965232149e-04,8.854693560724e-02,-7.442769405960e-05,8.854693560724e-02,0.000000000000e+00,4.932965232149e-04,0.000000000000e+00
1493,0.000000000000e+00,4.978145698742e-04,8.847864849654e-02,-7.679227704424e-05,8.847864849654e-02,0.000000000000e+00,4.978145698742e-04,0.000000000000e+00
1494,0.000000000000e+00,5.043563618411e-04,8.841438798916e-02,-7.939938249986e-05,8.841438798916e-02,0.000000000000e+00,5.043563618411e-04,0.000000000000e+00
1495,0.000000000000e+00,5.129728065605e-04,8.835450922381e-02,-8.224830067173e-05,8.835450922381e-02,0.000000000000e+00,5.129728065605e-04,0.000000000000e+00
1496,0.000000000000e+00,5.236850652561e-04,8.829930549997e-02,-8.533399305041e-05,8.829930549997e-02,0.000000000000e+00,5.236850652561e-04,0.000000000000e+00
1497,0.000000000000e+00,5.364831353989e-04,8.824900298503e-02,-8.864584224131e-05,8.824900298503e-02,0.000000000000e+00,5.364831353989e-04,0.000000000000e+00
1498,0.000000000000e+00,5.513279572657e-04,8.820377165361e-02,-9.216979062734e-05,8.820377165361e-02,0.000000000000e+00,5.513279572657e-04,0.000000000000e+00
1499,0.000000000000e+00,5.681425363821e-04,8.816372129456e-02,-9.588466158782e-05,8.816372129456e-02,0.000000000000e+00,5.681425363821e-04,0.000000000000e+00
1500,0.000000000000e+00,5.867991138744e-04,8.812885264258e-02,-9.975865702186e-05,8.812885264258e-02,0.000000000000e+00,5.867991138744e-04,0.000000000000e+00
1501,0.000000000000e+00,6.071619612952e-04,8.809912624084e-02,-1.037595575024e-04,8.809912624084e-02,0.000000000000e+00,6.071619612952e-04,0.000000000000e+00
1502,0.000000000000e+00,6.290744246151e-04,8.807442881200e-02,-1.078520589336e-04,8.807442881200e-02,0.000000000000e+00,6.290744246151e-04,0.000000000000e+00
1503,0.000000000000e+00,6.523355897342e-04,8.805458583545e-02,-1.119926677421e-04,8.805458583545e-02,0.000000000000e+00,6.523355897342e-04,0.000000000000e+00
1504,0.000000000000e+00,6.767128160876e-04,8.803940855969e-02,-1.161330074373e-04,8.803940855969e-02,0.000000000000e+00,6.767128160876e-04,0.000000000000e+00
1505,0.000000000000e+00,7.019422446022e-04,8.802869494981e-02,-1.202187144210e-04,8.802869494981e-02,0.000000000000e+00,7.019422446022e-04,0.000000000000e+00
1506,0.000000000000e+00,7.277415002864e-04,8.802219037055e-02,-1.241923773960e-04,8.802219037055e-02,0.000000000000e+00,7.277415002864e-04,0.000000000000e+00
1507,0.000000000000e+00,7.537989437574e-04,8.801961956851e-02,-1.279913840267e-04,8.801961956851e-02,0.000000000000e+00,7.537989437574e-04,0.000000000000e+00
1508,0.000000000000e+00,7.798150630587e-04,8.802070195261e-02,-1.315578625786e-04,8.802070195261e-02,0.000000000000e+00,7.798150630587e-04,0.000000000000e+00
1509,0.000000000000e+00,8.054891834601e-04,8.802520637562e-02,-1.348351835570e-04,8.802520637562e-02,0.000000000000e+00,8.054891834601e-04,0.000000000000e+00
1510,0.000000000000e+00,8.305322718696e-04,8.803292475993e-02,-1.377710163942e-04,8.803292475993e-02,0.000000000000e+00,8.305322718696e-04,0.000000000000e+00
1511,0.000000000000e+00,8.546643972187e-04,8.804368725556e-02,-1.403164167509e-04,8.804368725556e-02,0.000000000000e+00,8.546643972187e-04,0.000000000000e+00
1512,0.000000000000e+00,8.776324821411e-04,8.805733723208e-02,-1.424295955214e-04,8.805733723208e-02,0.000000000000e+00,8.776324821411e-04,0.000000000000e+00
1513,0.000000000000e+00,8.992167243743e-04,8.807374435368e-02,-1.440771672025e-04,8.807374435368e-02,0.000000000000e+00,8.992167243743e-04,0.000000000000e+00
1514,0.000000000000e+00,9.192316470164e-04,8.809278802335e-02,-1.452344604461e-04,8.809278802335e-02,0.000000000000e+00,9.192316470164e-04,0.000000000000e+00
1515,0.000000000000e+00,9.375157578669e-04,8.811436965904e-02,-1.458820615671e-04,8.811436965904e-02,0.000000000000e+00,9.375157578669e-04,0.000000000000e+00
1516,0.000000000000e+00,9.539463390745e-04,8.813840959259e-02,-1.460099056470e-04,8.813840959259e-02,0.000000000000e+00,9.539463390745e-04,0.000000000000e+00
1517,0.000000000000e+00,9.684180274137e-04,8.816487513889e-02,-1.456114468366e-04,8.816487513889e-02,0.000000000000e+00,9.684180274137e-04,0.000000000000e+00
1518,0.000000000000e+00,9.808775642724e-04,8.819362205625e-02,-1.446917528516e-04,8.819362205625e-02,0.000000000000e+00,9.808775642724e-04,0.000000000000e+00
1519,0.000000000000e+00,9.912941791777e-04,8.822454109382e-02,-1.432616554480e-04,8.822454109382e-02,0.000000000000e+00,9.912941791777e-04,0.000000000000e+00
1520,0.000000000000e+00,9.996230363903e-04,8.825758607092e-02,-1.413287017339e-04,8.825758607092e-02,0.000000000000e+00,9.996230363903e-04,0.000000000000e+00
1521,0.000000000000e+00,1.005894553775e-03,8.829272050456e-02,-1.389165022091e-04,8.829272050456e-02,0.000000000000e+00,1.005894553775e-03,0.000000000000e+00
1522,0.000000000000e+00,1.010166777003e-03,8.832989899375e-02,-1.360538888370e-04,8.832989899375e-02,0.000000000000e+00,1.010166777003e-03,0.000000000000e+00
1523,0.000000000000e+00,1.012548913127e-03,8.836914844238e-02,-1.327803877094e-04,8.836914844238e-02,0.000000000000e+00,1.012548913127e-03,0.000000000000e+00
1524,0.000000000000e+00,1.013072942240e-03,8.841032457858e-02,-1.291160063903e-04,8.841032457858e-02,0.000000000000e+00,1.013072942240e-03,0.000000000000e+00
1525,0.000000000000e+00,1.011843221216e-03,8.845334623065e-02,-1.250967725658e-04,8.845334623065e-02,0.000000000000e+00,1.011843221216e-03,0.000000000000e+00
1526,0.000000000000e+00,1.008974232879e-03,8.849814453747e-02,-1.207579437643e-04,8.849814453747e-02,0.000000000000e+00,1.008974232879e-03,0.000000000000e+00
1527,0.000000000000e+00,1.004618476181e-03,8.854463955641e-02,-1.161425389182e-04,8.854463955641e-02,0.000000000000e+00,1.004618476181e-03,0.000000000000e+00
1528,0.000000000000e+00,9.988625914480e-04,8.859264093111e-02,-1.112776523903e-04,8.859264093111e-02,0.000000000000e+00,9.988625914480e-04,0.000000000000e+00
1529,0.000000000000e+00,9.918485165710e-04,8.864195443745e-02,-1.062012932856e-04,8.864195443745e-02,0.000000000000e+00,9.918485165710e-04,0.000000000000e+00
1530,0.000000000000e+00,9.836581854070e-04,8.869233850512e-02,-1.009364659278e-04,8.869233850512e-02,0.000000000000e+00,9.836581854070e-04,0.000000000000e+00
1531,0.000000000000e+00,9.743817867253e-04,8.874358122917e-02,-9.550724770891e-05,8.874358122917e-02,0.000000000000e+00,9.743817867253e-04,0.000000000000e+00
1532,0.000000000000e+00,9.641003976192e-04,8.879544745592e-02,-8.993468573428e-05,8.879544745592e-02,0.000000000000e+00,9.641003976192e-04,0.000000000000e+00
1533,0.000000000000e+00,9.528716905627e-04,8.884772252261e-02,-8.423344256998e-05,8.884772252261e-02,0.000000000000e+00,9.528716905627e-04,0.000000000000e+00
1534,0.000000000000e+00,9.407325340799e-04,8.890020764230e-02,-7.841168668763e-05,8.890020764230e-02,0.000000000000e+00,9.407325340799e-04,0.000000000000e+00
1535,0.000000000000e+00,9.276827522046e-04,8.895264314383e-02,-7.246872585679e-05,8.895264314383e-02,0.000000000000e+00,9.276827522046e-04,0.000000000000e+00
1536,0.000000000000e+00,9.137194955211e-04,8.900478702409e-02,-6.640158319408e-05,8.900478702409e-02,0.000000000000e+00,9.137194955211e-04,0.000000000000e+00
1537,0.000000000000e+00,8.988177628066e-04,8.905637935441e-02,-6.020084515404e-05,8.905637935441e-02,0.000000000000e+00,8.988177628066e-04,0.000000000000e+00
1538,0.000000000000e+00,8.829477715168e-04,8.910713184228e-02,-5.385475926950e-05,8.910713184228e-02,0.000000000000e+00,8.829477715168e-04,0.000000000000e+00
1539,0.000000000000e+00,8.660899812146e-04,8.915676121968e-02,-4.735174640324e-05,8.915676121968e-02,0.000000000000e+00,8.660899812146e-04,0.000000000000e+00
1540,0.000000000000e+00,8.482104057062e-04,8.920492302927e-02,-4.067605859071e-05,8.920492302927e-02,0.000000000000e+00,8.482104057062e-04,0.000000000000e+00
1541,0.000000000000e+00,8.293039333776e-04,8.925131580292e-02,-3.381906251040e-05,8.925131580292e-02,0.000000000000e+00,8.293039333776e-04,0.000000000000e+00
1542,0.000000000000e+00,8.093799144753e-04,8.929565892516e-02,-2.677217332989e-05,8.929565892516e-02,0.000000000000e+00,8.093799144753e-04,0.000000000000e+00
1543,0.000000000000e+00,7.885137758242e-04,8.933772476208e-02,-1.954069287274e-05,8.933772476208e-02,0.000000000000e+00,7.885137758242e-04,0.000000000000e+00
1544,0.000000000000e+00,7.668175453882e-04,8.937738287820e-02,-1.213678365014e-05,8.937738287820e-02,0.000000000000e+00,7.668175453882e-04,0.000000000000e+00
1545,0.000000000000e+00,7.443781492252e-04,8.941455330899e-02,-4.565058712955e-06,8.941455330899e-02,0.000000000000e+00,7.443781492252e-04,0.000000000000e+00
1546,0.000000000000e+00,7.212855768199e-04,8.944923941909e-02,3.170110817238e-06,8.944923941909e-02,0.000000000000e+00,7.212855768199e-04,0.000000000000e+00
1547,0.000000000000e+00,6.976533273228e-04,8.948146444711e-02,1.105990578170e-05,8.948146444711e-02,0.000000000000e+00,6.976533273228e-04,0.000000000000e+00
1548,0.000000000000e+00,6.735968731186e-04,8.951124686398e-02,1.909656611149e-05,8.951124686398e-02,0.000000000000e+00,6.735968731186e-04,0.000000000000e+00
1549,0.000000000000e+00,6.492207224171e-04,8.953865309734e-02,2.727522077366e-05,8.953865309734e-02,0.000000000000e+00,6.492207224171e-04,0.000000000000e+00
1550,0.000000000000e+00,6.246031408830e-04,8.956376959583e-02,3.559616236901e-05,8.956376959583e-02,0.000000000000e+00,6.246031408830e-04,0.000000000000e+00
1551,0.000000000000e+00,5.998113619080e-04,8.958666227595e-02,4.406201761283e-05,8.958666227595e-02,0.000000000000e+00,5.998113619080e-04,0.000000000000e+00
1552,0.000000000000e+00,5.749048274677e-04,8.960739205081e-02,5.267698706669e-05,8.960739205081e-02,0.000000000000e+00,5.749048274677e-04,0.000000000000e+00
1553,0.000000000000e+00,5.499316684594e-04,8.962605448230e-02,6.144736143034e-05,8.962605448230e-02,0.000000000000e+00,5.499316684594e-04,0.000000000000e+00
1554,0.000000000000e+00,5.249255718168e-04,8.964280956373e-02,7.038094891362e-05,8.964280956373e-02,0.000000000000e+00,5.249255718168e-04,0.000000000000e+00
1555,0.000000000000e+00,4.999093513817e-04,8.965783911623e-02,7.948725021202e-05,8.965783911623e-02,0.000000000000e+00,4.999093513817e-04,0.000000000000e+00
1556,0.000000000000e+00,4.749029180601e-04,8.967136072821e-02,8.877434972220e-05,8.967136072821e-02,0.000000000000e+00,4.749029180601e-04,0.000000000000e+00
1557,0.000000000000e+00,4.499587787522e-04,8.968366132256e-02,9.824140624079e-05,8.968366132256e-02,0.000000000000e+00,4.499587787522e-04,0.000000000000e+00
1558,0.000000000000e+00,4.251231835676e-04,8.969503901751e-02,1.078876476588e-04,8.969503901751e-02,0.000000000000e+00,4.251231835676e-04,0.000000000000e+00
1559,0.000000000000e+00,4.004315236499e-04,8.970582084759e-02,1.177117586180e-04,8.970582084759e-02,0.000000000000e+00,4.004315236499e-04,0.000000000000e+00
1560,0.000000000000e+00,3.759227007934e-04,8.971632008647e-02,1.277103564292e-04,8.971632008647e-02,0.000000000000e+00,3.759227007934e-04,0.000000000000e+00
1561,0.000000000000e+00,3.516392553843e-04,8.972677862246e-02,1.378770845640e-04,8.972677862246e-02,0.000000000000e+00,3.516392553843e-04,0.000000000000e+00
1562,0.000000000000e+00,3.276205478724e-04,8.973741269917e-02,1.482043275308e-04,8.973741269917e-02,0.000000000000e+00,3.276205478724e-04,0.000000000000e+00
1563,0.000000000000e+00,3.038945902097e-04,8.974840580668e-02,1.586848616998e-04,8.974840580668e-02,0.000000000000e+00,3.038945902097e-04,0.000000000000e+00
1564,0.000000000000e+00,2.804913737762e-04,8.975995213273e-02,1.693092099237e-04,8.975995213273e-02,0.000000000000e+00,2.804913737762e-04,0.000000000000e+00
1565,0.000000000000e+00,2.574415604432e-04,8.977221880781e-02,1.800665941927e-04,8.977221880781e-02,0.000000000000e+00,2.574415604432e-04,0.000000000000e+00
1566,0.000000000000e+00,2.347680839104e-04,8.978534156887e-02,1.909450269034e-04,8.978534156887e-02,0.000000000000e+00,2.347680839104e-04,0.000000000000e+00
1567,0.000000000000e+00,2.124872829696e-04,8.979942904749e-02,2.019319934560e-04,8.979942904749e-02,0.000000000000e+00,2.124872829696e-04,0.000000000000e+00
1568,0.000000000000e+00,1.906081824365e-04,8.981456753693e-02,2.130136694706e-04,8.981456753693e-02,0.000000000000e+00,1.906081824365e-04,0.000000000000e+00
1569,0.000000000000e+00,1.691328782893e-04,8.983083082373e-02,2.241752512893e-04,8.983083082373e-02,0.000000000000e+00,1.691328782893e-04,0.000000000000e+00
1570,0.000000000000e+00,1.480562964777e-04,8.984828587231e-02,2.354003269535e-04,8.984828587231e-02,0.000000000000e+00,1.480562964777e-04,0.000000000000e+00
1571,0.000000000000e+00,1.273946131935e-04,8.986701423262e-02,2.466653999540e-04,8.986701423262e-02,0.000000000000e+00,1.273946131935e-04,0.000000000000e+00
1572,0.000000000000e+00,1.071763673396e-04,8.988709764237e-02,2.579422554515e-04,8.988709764237e-02,0.000000000000e+00,1.071763673396e-04,0.000000000000e+00
1573,0.000000000000e+00,8.740425628064e-05,8.990858817893e-02,2.692074009309e-04,8.990858817893e-02,0.000000000000e+00,8.740425628064e-05,0.000000000000e+00
1574,0.000000000000e+00,6.802952001615e-05,8.993152784886e-02,2.804480533644e-04,8.993152784886e-02,0.000000000000e+00,6.802952001615e-05,0.000000000000e+00
1575,0.000000000000e+00,4.908350223586e-05,8.995603154539e-02,2.916323598579e-04,8.995603154539e-02,0.000000000000e+00,4.908350223586e-05,0.000000000000e+00
1576,0.000000000000e+00,3.058715120567e-05,8.998221362106e-02,3.027282042360e-04,8.998221362106e-02,0.000000000000e+00,3.058715120567e-05,0.000000000000e+00
1577,0.000000000000e+00,1.254859072901e-05,9.001016256641e-02,3.137076338593e-04,9.001016256641e-02,0.000000000000e+00,1.254859072901e-05,0.000000000000e+00
1578,0.000000000000e+00,-5.013724839390e-06,9.003997294807e-02,3.245423583371e-04,9.003997294807e-02,0.000000000000e+00,-5.013724839390e-06,0.000000000000e+00
1579,0.000000000000e+00,-2.207562523594e-05,9.007176455754e-02,3.352029800814e-04,9.007176455754e-02,0.000000000000e+00,-2.207562523594e-05,0.000000000000e+00
1580,0.000000000000e+00,-3.861913138195e-05,9.010564234471e-02,3.456620344280e-04,9.010564234471e-02,0.000000000000e+00,-3.861913138195e-05,0.000000000000e+00
1581,0.000000000000e+00,-5.462874902585e-05,9.014170058898e-02,3.558940287679e-04,9.014170058898e-02,0.000000000000e+00,-5.462874902585e-05,0.000000000000e+00
1582,0.000000000000e+00,-7.008546847667e-05,9.018004134613e-02,3.658722750612e-04,9.018004134613e-02,0.000000000000e+00,-7.008546847667e-05,0.000000000000e+00
1583,0.000000000000e+00,-8.497664231158e-05,9.022077242296e-02,3.755708688642e-04,9.022077242296e-02,0.000000000000e+00,-8.497664231158e-05,0.000000000000e+00
1584,0.000000000000e+00,-9.928120379841e-05,9.026398526962e-02,3.849630081515e-04,9.026398526962e-02,0.000000000000e+00,-9.928120379841e-05,0.000000000000e+00
1585,0.000000000000e+00,-1.129868033761e-04,9.030973873225e-02,3.940251669843e-04,9.030973873225e-02,0.000000000000e+00,-1.129868033761e-04,0.000000000000e+00
1586,0.000000000000e+00,-1.260788944912e-04,9.035809734303e-02,4.027332486887e-04,9.035809734303e-02,0.000000000000e+00,-1.260788944912e-04,0.000000000000e+00
1587,0.000000000000e+00,-1.385200156916e-04,9.040910709429e-02,4.110601046286e-04,9.040910709429e-02,0.000000000000e+00,-1.385200156916e-04,0.000000000000e+00
1588,0.000000000000e+00,-1.502697089053e-04,9.046278130199e-02,4.189807812209e-04,9.046278130199e-02,0.000000000000e+00,-1.502697089053e-04,0.000000000000e+00
1589,0.000000000000e+00,-1.613004316667e-04,9.051908630103e-02,4.264757273033e-04,9.051908630103e-02,0.000000000000e+00,-1.613004316667e-04,0.000000000000e+00
1590,0.000000000000e+00,-1.715810728367e-04,9.057796346893e-02,4.335252672825e-04,9.057796346893e-02,0.000000000000e+00,-1.715810728367e-04,0.000000000000e+00
1591,0.000000000000e+00,-1.811251761586e-04,9.063927477883e-02,4.401208032824e-04,9.063927477883e-02,0.000000000000e+00,-1.811251761586e-04,0.000000000000e+00
1592,0.000000000000e+00,-1.899572299244e-04,9.070282824141e-02,4.462574552160e-04,9.070282824141e-02,0.000000000000e+00,-1.899572299244e-04,0.000000000000e+00
1593,0.000000000000e+00,-1.981179092807e-04,9.076837520159e-02,4.519353764840e-04,9.076837520159e-02,0.000000000000e+00,-1.981179092807e-04,0.000000000000e+00
1594,0.000000000000e+00,-2.057277822581e-04,9.083555862590e-02,4.571748686149e-04,9.083555862590e-02,0.000000000000e+00,-2.057277822581e-04,0.000000000000e+00
1595,0.000000000000e+00,-2.128760027782e-04,9.090401859863e-02,4.619914898666e-04,9.090401859863e-02,0.000000000000e+00,-2.128760027782e-04,0.000000000000e+00
1596,0.000000000000e+00,-2.196840995709e-04,9.097332779875e-02,4.664100886647e-04,9.097332779875e-02,0.000000000000e+00,-2.196840995709e-04,0.000000000000e+00
1597,0.000000000000e+00,-2.262911617558e-04,9.104299987600e-02,4.704618341401e-04,9.104299987600e-02,0.000000000000e+00,-2.262911617558e-04,0.000000000000e+00
1598,0.000000000000e+00,-2.327843141670e-04,9.111254372819e-02,4.741700594901e-04,9.111254372819e-02,0.000000000000e+00,-2.327843141670e-04,0.000000000000e+00
1599,0.000000000000e+00,-2.392478943210e-04,9.118150090701e-02,4.775560485930e-04,9.118150090701e-02,0.000000000000e+00,-2.392478943210e-04,0.000000000000e+00
1600,0.000000000000e+00,-2.457550106909e-04,9.124942344467e-02,4.806387224972e-04,9.124942344467e-02,0.000000000000e+00,-2.457550106909e-04,0.000000000000e+00
1601,0.000000000000e+00,-2.523577749427e-04,9.131588628695e-02,4.834334766294e-04,9.131588628695e-02,0.000000000000e+00,-2.523577749427e-04,0.000000000000e+00
1602,0.000000000000e+00,-2.591138951131e-04,9.138049496464e-02,4.859577426639e-04,9.138049496464e-02,0.000000000000e+00,-2.591138951131e-04,0.000000000000e+00
1603,0.000000000000e+00,-2.660968120032e-04,9.144284835199e-02,4.882337134707e-04,9.144284835199e-02,0.000000000000e+00,-2.660968120032e-04,0.000000000000e+00
1604,0.000000000000e+00,-2.733490982230e-04,9.150262997427e-02,4.902771879919e-04,9.150262997427e-02,0.000000000000e+00,-2.733490982230e-04,0.000000000000e+00
1605,0.000000000000e+00,-2.809037400459e-04,9.155960849507e-02,4.921036057065e-04,9.155960849507e-02,0.000000000000e+00,-2.809037400459e-04,0.000000000000e+00
1606,0.000000000000e+00,-2.887709364641e-04,9.161357399035e-02,4.937230713888e-04,9.161357399035e-02,0.000000000000e+00,-2.887709364641e-04,0.000000000000e+00
1607,0.000000000000e+00,-2.969256904856e-04,9.166441240258e-02,4.951376881524e-04,9.166441240258e-02,0.000000000000e+00,-2.969256904856e-04,0.000000000000e+00
1608,0.000000000000e+00,-3.053138729303e-04,9.171204541792e-02,4.963440595890e-04,9.171204541792e-02,0.000000000000e+00,-3.053138729303e-04,0.000000000000e+00
1609,0.000000000000e+00,-3.138777867660e-04,9.175642795518e-02,4.973370674070e-04,9.175642795518e-02,0.000000000000e+00,-3.138777867660e-04,0.000000000000e+00
1610,0.000000000000e+00,-3.226054375808e-04,9.179746658077e-02,4.981220205324e-04,9.179746658077e-02,0.000000000000e+00,-3.226054375808e-04,0.000000000000e+00
1611,0.000000000000e+00,-3.314723852920e-04,9.183509479657e-02,4.987022251006e-04,9.183509479657e-02,0.000000000000e+00,-3.314723852920e-04,0.000000000000e+00
1612,0.000000000000e+00,-3.404370182430e-04,9.186926451038e-02,4.990779584978e-04,9.186926451038e-02,0.000000000000e+00,-3.404370182430e-04,0.000000000000e+00
1613,0.000000000000e+00,-3.494509221315e-04,9.189992302656e-02,4.992465698620e-04,9.189992302656e-02,0.000000000000e+00,-3.494509221315e-04,0.000000000000e+00
1614,0.000000000000e+00,-3.584645542587e-04,9.192699241488e-02,4.992051664396e-04,9.192699241488e-02,0.000000000000e+00,-3.584645542587e-04,0.000000000000e+00
1615,0.000000000000e+00,-3.673993256506e-04,9.195046922651e-02,4.989464565005e-04,9.195046922651e-02,0.000000000000e+00,-3.673993256506e-04,0.000000000000e+00
1616,0.000000000000e+00,-3.761799958683e-04,9.197034481081e-02,4.984638625671e-04,9.197034481081e-02,0.000000000000e+00,-3.761799958683e-04,0.000000000000e+00
1617,0.000000000000e+00,-3.846864216203e-04,9.198665961841e-02,4.977393555207e-04,9.198665961841e-02,0.000000000000e+00,-3.846864216203e-04,0.000000000000e+00
1618,0.000000000000e+00,-3.928647037413e-04,9.199944451899e-02,4.967693315760e-04,9.199944451899e-02,0.000000000000e+00,-3.928647037413e-04,0.000000000000e+00
1619,0.000000000000e+00,-4.006713704449e-04,9.200881693156e-02,4.955530197315e-04,9.200881693156e-02,0.000000000000e+00,-4.006713704449e-04,0.000000000000e+00
1620,0.000000000000e+00,-4.080528932425e-04,9.201494342163e-02,4.940875568017e-04,9.201494342163e-02,0.000000000000e+00,-4.080528932425e-04,0.000000000000e+00
1621,0.000000000000e+00,-4.149591138007e-04,9.201798611004e-02,4.923708978205e-04,9.201798611004e-02,0.000000000000e+00,-4.149591138007e-04,0.000000000000e+00
1622,0.000000000000e+00,-4.213499897593e-04,9.201815330371e-02,4.904025147164e-04,9.201815330371e-02,0.000000000000e+00,-4.213499897593e-04,0.000000000000e+00
1623,0.000000000000e+00,-4.271939180530e-04,9.201568930449e-02,4.881844878545e-04,9.201568930449e-02,0.000000000000e+00,-4.271939180530e-04,0.000000000000e+00
1624,0.000000000000e+00,-4.324593141563e-04,9.201087153988e-02,4.857186688296e-04,9.201087153988e-02,0.000000000000e+00,-4.324593141563e-04,0.000000000000e+00
1625,0.000000000000e+00,-4.371414234528e-04,9.200393349080e-02,4.830107312885e-04,9.200393349080e-02,0.000000000000e+00,-4.371414234528e-04,0.000000000000e+00
1626,0.000000000000e+00,-4.411935039023e-04,9.199520308045e-02,4.800565038998e-04,9.199520308045e-02,0.000000000000e+00,-4.411935039023e-04,0.000000000000e+00
1627,0.000000000000e+00,-4.445580595317e-04,9.198503001914e-02,4.768495892617e-04,9.198503001914e-02,0.000000000000e+00,-4.445580595317e-04,0.000000000000e+00
1628,0.000000000000e+00,-4.471658504084e-04,9.197377395691e-02,4.733805837573e-04,9.197377395691e-02,0.000000000000e+00,-4.471658504084e-04,0.000000000000e+00
1629,0.000000000000e+00,-4.489915132445e-04,9.196172220049e-02,4.696503513194e-04,9.196172220049e-02,0.000000000000e+00,-4.489915132445e-04,0.000000000000e+00
1630,0.000000000000e+00,-4.500102586456e-04,9.194918342577e-02,4.656590360566e-04,9.194918342577e-02,0.000000000000e+00,-4.500102586456e-04,0.000000000000e+00
1631,0.000000000000e+00,-4.501837546850e-04,9.193651056881e-02,4.614028631852e-04,9.193651056881e-02,0.000000000000e+00,-4.501837546850e-04,0.000000000000e+00
1632,0.000000000000e+00,-4.494780676500e-04,9.192410543980e-02,4.568767026054e-04,9.192410543980e-02,0.000000000000e+00,-4.494780676500e-04,0.000000000000e+00
1633,0.000000000000e+00,-4.479066523765e-04,9.191232440526e-02,4.520842349750e-04,9.191232440526e-02,0.000000000000e+00,-4.479066523765e-04,0.000000000000e+00
1634,0.000000000000e+00,-4.455192486687e-04,9.190149814387e-02,4.470365027075e-04,9.190149814387e-02,0.000000000000e+00,-4.455192486687e-04,0.000000000000e+00
1635,0.000000000000e+00,-4.423986760212e-04,9.189194700866e-02,4.417517643100e-04,9.189194700866e-02,0.000000000000e+00,-4.423986760212e-04,0.000000000000e+00
1636,0.000000000000e+00,-4.386664659997e-04,9.188400346055e-02,4.362553958200e-04,9.188400346055e-02,0.000000000000e+00,-4.386664659997e-04,0.000000000000e+00
1637,0.000000000000e+00,-4.344774511010e-04,9.187794684955e-02,4.305796513660e-04,9.187794684955e-02,0.000000000000e+00,-4.344774511010e-04,0.000000000000e+00
1638,0.000000000000e+00,-4.300506804703e-04,9.187391820734e-02,4.247719289582e-04,9.187391820734e-02,0.000000000000e+00,-4.300506804703e-04,0.000000000000e+00
1639,0.000000000000e+00,-4.255635200781e-04,9.187214326732e-02,4.188704836267e-04,9.187214326732e-02,0.000000000000e+00,-4.255635200781e-04,0.000000000000e+00
1640,0.000000000000e+00,-4.211995602659e-04,9.187283431535e-02,4.129159690284e-04,9.187283431535e-02,0.000000000000e+00,-4.211995602659e-04,0.000000000000e+00
1641,0.000000000000e+00,-4.171471444384e-04,9.187619556379e-02,4.069489916009e-04,9.187619556379e-02,0.000000000000e+00,-4.171471444384e-04,0.000000000000e+00
1642,0.000000000000e+00,-4.135428985205e-04,9.188248718897e-02,4.009996091436e-04,9.188248718897e-02,0.000000000000e+00,-4.135428985205e-04,0.000000000000e+00
1643,0.000000000000e+00,-4.104945978119e-04,9.189193454086e-02,3.950917898509e-04,9.189193454086e-02,0.000000000000e+00,-4.104945978119e-04,0.000000000000e+00
1644,0.000000000000e+00,-4.080926444137e-04,9.190466203817e-02,3.892473394338e-04,9.190466203817e-02,0.000000000000e+00,-4.080926444137e-04,0.000000000000e+00
1645,0.000000000000e+00,-4.064502613951e-04,9.192065521954e-02,3.834931894522e-04,9.192065521954e-02,0.000000000000e+00,-4.064502613951e-04,0.000000000000e+00
1646,0.000000000000e+00,-4.056458195030e-04,9.193984167756e-02,3.778474612869e-04,9.193984167756e-02,0.000000000000e+00,-4.056458195030e-04,0.000000000000e+00
1647,0.000000000000e+00,-4.057049545625e-04,9.196208613477e-02,3.723188868831e-04,9.196208613477e-02,0.000000000000e+00,-4.057049545625e-04,0.000000000000e+00
1648,0.000000000000e+00,-4.066948681498e-04,9.198710455075e-02,3.669289991484e-04,9.198710455075e-02,0.000000000000e+00,-4.066948681498e-04,0.000000000000e+00
1649,0.000000000000e+00,-4.086642779409e-04,9.201459136205e-02,3.616937031080e-04,9.201459136205e-02,0.000000000000e+00,-4.086642779409e-04,0.000000000000e+00
1650,0.000000000000e+00,-4.116069520967e-04,9.204431374072e-02,3.566164327502e-04,9.204431374072e-02,0.000000000000e+00,-4.116069520967e-04,0.000000000000e+00
1651,0.000000000000e+00,-4.155315690879e-04,9.207599232686e-02,3.516987925661e-04,9.207599232686e-02,0.000000000000e+00,-4.155315690879e-04,0.000000000000e+00
1652,0.000000000000e+00,-4.203775751309e-04,9.210939613724e-02,3.469227408756e-04,9.210939613724e-02,0.000000000000e+00,-4.203775751309e-04,0.000000000000e+00
1653,0.000000000000e+00,-4.260551549366e-04,9.214424882555e-02,3.422692066745e-04,9.214424882555e-02,0.000000000000e+00,-4.260551549366e-04,0.000000000000e+00
1654,0.000000000000e+00,-4.324817763662e-04,9.218020448698e-02,3.377227322118e-04,9.218020448698e-02,0.000000000000e+00,-4.324817763662e-04,0.000000000000e+00
1655,0.000000000000e+00,-4.395931196923e-04,9.221683480963e-02,3.332734122089e-04,9.221683480963e-02,0.000000000000e+00,-4.395931196923e-04,0.000000000000e+00
1656,0.000000000000e+00,-4.473301314315e-04,9.225367673971e-02,3.289110385873e-04,9.225367673971e-02,0.000000000000e+00,-4.473301314315e-04,0.000000000000e+00
1657,0.000000000000e+00,-4.556256432813e-04,9.229026703091e-02,3.246230033518e-04,9.229026703091e-02,0.000000000000e+00,-4.556256432813e-04,0.000000000000e+00
1658,0.000000000000e+00,-4.644534368576e-04,9.232610714983e-02,3.204080046342e-04,9.232610714983e-02,0.000000000000e+00,-4.644534368576e-04,0.000000000000e+00
1659,0.000000000000e+00,-4.738198198335e-04,9.236062290880e-02,3.162723320839e-04,9.236062290880e-02,0.000000000000e+00,-4.738198198335e-04,0.000000000000e+00
1660,0.000000000000e+00,-4.836217631353e-04,9.239342179468e-02,3.121990551145e-04,9.239342179468e-02,0.000000000000e+00,-4.836217631353e-04,0.000000000000e+00
1661,0.000000000000e+00,-4.937161780341e-04,9.242418231152e-02,3.081632428065e-04,9.242418231152e-02,0.000000000000e+00,-4.937161780341e-04,0.000000000000e+00
1662,0.000000000000e+00,-5.039461047635e-04,9.245260786722e-02,3.041352936524e-04,9.245260786722e-02,0.000000000000e+00,-5.039461047635e-04,0.000000000000e+00
1663,0.000000000000e+00,-5.141628151713e-04,9.247852247981e-02,3.000890419938e-04,9.247852247981e-02,0.000000000000e+00,-5.141628151713e-04,0.000000000000e+00
1664,0.000000000000e+00,-5.242778759468e-04,9.250181456991e-02,2.960111016277e-04,9.250181456991e-02,0.000000000000e+00,-5.242778759468e-04,0.000000000000e+00
1665,0.000000000000e+00,-5.342325917040e-04,9.252242373162e-02,2.918893958226e-04,9.252242373162e-02,0.000000000000e+00,-5.342325917040e-04,0.000000000000e+00
1666,0.000000000000e+00,-5.440110005375e-04,9.254030436081e-02,2.877202391971e-04,9.254030436081e-02,0.000000000000e+00,-5.440110005375e-04,0.000000000000e+00
1667,0.000000000000e+00,-5.537113136671e-04,9.255535204946e-02,2.835302259695e-04,9.255535204946e-02,0.000000000000e+00,-5.537113136671e-04,0.000000000000e+00
1668,0.000000000000e+00,-5.633095891370e-04,9.256774830764e-02,2.793158836476e-04,9.256774830764e-02,0.000000000000e+00,-5.633095891370e-04,0.000000000000e+00
1669,0.000000000000e+00,-5.727700169852e-04,9.257773903887e-02,2.750730132020e-04,9.257773903887e-02,0.000000000000e+00,-5.727700169852e-04,0.000000000000e+00
1670,0.000000000000e+00,-5.820590766033e-04,9.258559414122e-02,2.708030790559e-04,9.258559414122e-02,0.000000000000e+00,-5.820590766033e-04,0.000000000000e+00
1671,0.000000000000e+00,-5.911967180122e-04,9.259152033179e-02,2.665177965449e-04,9.259152033179e-02,0.000000000000e+00,-5.911967180122e-04,0.000000000000e+00
1672,0.000000000000e+00,-6.002250107068e-04,9.259570035152e-02,2.622317327417e-04,9.259570035152e-02,0.000000000000e+00,-6.002250107068e-04,0.000000000000e+00
1673,0.000000000000e+00,-6.092176512736e-04,9.259825748581e-02,2.579653338282e-04,9.259825748581e-02,0.000000000000e+00,-6.092176512736e-04,0.000000000000e+00
1674,0.000000000000e+00,-6.181772196607e-04,9.259938644441e-02,2.537234501009e-04,9.259938644441e-02,0.000000000000e+00,-6.181772196607e-04,0.000000000000e+00
1675,0.000000000000e+00,-6.271411773567e-04,9.259920721031e-02,2.495169461687e-04,9.259920721031e-02,0.000000000000e+00,-6.271411773567e-04,0.000000000000e+00
1676,0.000000000000e+00,-6.361062375832e-04,9.259784404494e-02,2.453515257426e-04,9.259784404494e-02,0.000000000000e+00,-6.361062375832e-04,0.000000000000e+00
1677,0.000000000000e+00,-6.450697423689e-04,9.259537736010e-02,2.412328734651e-04,9.259537736010e-02,0.000000000000e+00,-6.450697423689e-04,0.000000000000e+00
1678,0.000000000000e+00,-6.540306527023e-04,9.259187134127e-02,2.371659925005e-04,9.259187134127e-02,0.000000000000e+00,-6.540306527023e-04,0.000000000000e+00
1679,0.000000000000e+00,-6.629812147269e-04,9.258736912921e-02,2.331574813102e-04,9.258736912921e-02,0.000000000000e+00,-6.629812147269e-04,0.000000000000e+00
1680,0.000000000000e+00,-6.719088591328e-04,9.258190747936e-02,2.292112401754e-04,9.258190747936e-02,0.000000000000e+00,-6.719088591328e-04,0.000000000000e+00
1681,0.000000000000e+00,-6.807995326259e-04,9.257552251009e-02,2.253251862310e-04,9.257552251009e-02,0.000000000000e+00,-6.807995326259e-04,0.000000000000e+00
1682,0.000000000000e+00,-6.896290025743e-04,9.256825432199e-02,2.214970236705e-04,9.256825432199e-02,0.000000000000e+00,-6.896290025743e-04,0.000000000000e+00
1683,0.000000000000e+00,-6.983620588107e-04,9.256014835379e-02,2.177246051122e-04,9.256014835379e-02,0.000000000000e+00,-6.983620588107e-04,0.000000000000e+00
1684,0.000000000000e+00,-7.069584240105e-04,9.255125425980e-02,2.140085137084e-04,9.255125425980e-02,0.000000000000e+00,-7.069584240105e-04,0.000000000000e+00
1685,0.000000000000e+00,-7.153798000213e-04,9.254163002689e-02,2.103493479186e-04,9.254163002689e-02,0.000000000000e+00,-7.153798000213e-04,0.000000000000e+00
1686,0.000000000000e+00,-7.235857830932e-04,9.253134557123e-02,2.067473586222e-04,9.253134557123e-02,0.000000000000e+00,-7.235857830932e-04,0.000000000000e+00
1687,0.000000000000e+00,-7.315520323588e-04,9.252048343697e-02,2.032005884318e-04,9.252048343697e-02,0.000000000000e+00,-7.315520323588e-04,0.000000000000e+00
1688,0.000000000000e+00,-7.392617089483e-04,9.250914530001e-02,1.997111577666e-04,9.250914530001e-02,0.000000000000e+00,-7.392617089483e-04,0.000000000000e+00
1689,0.000000000000e+00,-7.467099919000e-04,9.249745065513e-02,1.962824017284e-04,9.249745065513e-02,0.000000000000e+00,-7.467099919000e-04,0.000000000000e+00
1690,0.000000000000e+00,-7.539017165824e-04,9.248553300028e-02,1.929198387118e-04,9.248553300028e-02,0.000000000000e+00,-7.539017165824e-04,0.000000000000e+00
1691,0.000000000000e+00,-7.608528206553e-04,9.247354012244e-02,1.896318147429e-04,9.247354012244e-02,0.000000000000e+00,-7.608528206553e-04,0.000000000000e+00
1692,0.000000000000e+00,-7.675901513148e-04,9.246163858755e-02,1.864308740005e-04,9.246163858755e-02,0.000000000000e+00,-7.675901513148e-04,0.000000000000e+00
1693,0.000000000000e+00,-7.741515269142e-04,9.244999843333e-02,1.833270566467e-04,9.244999843333e-02,0.000000000000e+00,-7.741515269142e-04,0.000000000000e+00
1694,0.000000000000e+00,-7.805782997372e-04,9.243879421898e-02,1.803311549074e-04,9.243879421898e-02,0.000000000000e+00,-7.805782997372e-04,0.000000000000e+00
1695,0.000000000000e+00,-7.869245963097e-04,9.242819019596e-02,1.774546112164e-04,9.242819019596e-02,0.000000000000e+00,-7.869245963097e-04,0.000000000000e+00
1696,0.000000000000e+00,-7.932489406916e-04,9.241833471448e-02,1.747113446834e-04,9.241833471448e-02,0.000000000000e+00,-7.932489406916e-04,0.000000000000e+00
1697,0.000000000000e+00,-7.996176977971e-04,9.240934416562e-02,1.721182433444e-04,9.240934416562e-02,0.000000000000e+00,-7.996176977971e-04,0.000000000000e+00
1698,0.000000000000e+00,-8.060947528074e-04,9.240128993852e-02,1.696943612322e-04,9.240128993852e-02,0.000000000000e+00,-8.060947528074e-04,0.000000000000e+00
1699,0.000000000000e+00,-8.127311211317e-04,9.239420387535e-02,1.674562695406e-04,9.239420387535e-02,0.000000000000e+00,-8.127311211317e-04,0.000000000000e+00
1700,0.000000000000e+00,-8.195655792150e-04,9.238807557536e-02,1.654184581663e-04,9.238807557536e-02,0.000000000000e+00,-8.195655792150e-04,0.000000000000e+00
1701,0.000000000000e+00,-8.266183793143e-04,9.238284710089e-02,1.635908934384e-04,9.238284710089e-02,0.000000000000e+00,-8.266183793143e-04,0.000000000000e+00
1702,0.000000000000e+00,-8.338880190544e-04,9.237841389367e-02,1.619774567890e-04,9.237841389367e-02,0.000000000000e+00,-8.338880190544e-04,0.000000000000e+00
1703,0.000000000000e+00,-8.413492827146e-04,9.237460911970e-02,1.605752657066e-04,9.237460911970e-02,0.000000000000e+00,-8.413492827146e-04,0.000000000000e+00
1704,0.000000000000e+00,-8.489421667982e-04,9.237123026056e-02,1.593786668448e-04,9.237123026056e-02,0.000000000000e+00,-8.489421667982e-04,0.000000000000e+00
1705,0.000000000000e+00,-8.565920040236e-04,9.236803315883e-02,1.583804861239e-04,9.236803315883e-02,0.000000000000e+00,-8.565920040236e-04,0.000000000000e+00
1706,0.000000000000e+00,-8.642036260376e-04,9.236475574916e-02,1.575620744948e-04,9.236475574916e-02,0.000000000000e+00,-8.642036260376e-04,0.000000000000e+00
1707,0.000000000000e+00,-8.716550089362e-04,9.236110321620e-02,1.568982009390e-04,9.236110321620e-02,0.000000000000e+00,-8.716550089362e-04,0.000000000000e+00
1708,0.000000000000e+00,-8.788016010367e-04,9.235674857704e-02,1.563609119395e-04,9.235674857704e-02,0.000000000000e+00,-8.788016010367e-04,0.000000000000e+00
1709,0.000000000000e+00,-8.854871848978e-04,9.235133878546e-02,1.559217632457e-04,9.235133878546e-02,0.000000000000e+00,-8.854871848978e-04,0.000000000000e+00
1710,0.000000000000e+00,-8.915471650605e-04,9.234449996140e-02,1.555523679335e-04,9.234449996140e-02,0.000000000000e+00,-8.915471650605e-04,0.000000000000e+00
1711,0.000000000000e+00,-8.968215898794e-04,9.233585132452e-02,1.552222096232e-04,9.233585132452e-02,0.000000000000e+00,-8.968215898794e-04,0.000000000000e+00
1712,0.000000000000e+00,-9.011542317586e-04,9.232503523986e-02,1.548993493216e-04,9.232503523986e-02,0.000000000000e+00,-9.011542317586e-04,0.000000000000e+00
1713,0.000000000000e+00,-9.043872562980e-04,9.231174155446e-02,1.545512460309e-04,9.231174155446e-02,0.000000000000e+00,-9.043872562980e-04,0.000000000000e+00
1714,0.000000000000e+00,-9.063573566009e-04,9.229572878081e-02,1.541445807551e-04,9.229572878081e-02,0.000000000000e+00,-9.063573566009e-04,0.000000000000e+00
1715,0.000000000000e+00,-9.068954376959e-04,9.227683702982e-02,1.536436791172e-04,9.227683702982e-02,0.000000000000e+00,-9.068954376959e-04,0.000000000000e+00
1716,0.000000000000e+00,-9.058292215824e-04,9.225501081979e-02,1.530096570732e-04,9.225501081979e-02,0.000000000000e+00,-9.058292215824e-04,0.000000000000e+00
1717,0.000000000000e+00,-9.029751582525e-04,9.223027713295e-02,1.522034184847e-04,9.223027713295e-02,0.000000000000e+00,-9.029751582525e-04,0.000000000000e+00
1718,0.000000000000e+00,-8.981477225091e-04,9.220277614116e-02,1.511876456269e-04,9.220277614116e-02,0.000000000000e+00,-8.981477225091e-04,0.000000000000e+00
1719,0.000000000000e+00,-8.911715844960e-04,9.217274503678e-02,1.499263952369e-04,9.217274503678e-02,0.000000000000e+00,-8.911715844960e-04,0.000000000000e+00
1720,0.000000000000e+00,-8.818837645955e-04,9.214051610532e-02,1.483895521041e-04,9.214051610532e-02,0.000000000000e+00,-8.818837645955e-04,0.000000000000e+00
1721,0.000000000000e+00,-8.701492371653e-04,9.210650806705e-02,1.465506183143e-04,9.210650806705e-02,0.000000000000e+00,-8.701492371653e-04,0.000000000000e+00
1722,0.000000000000e+00,-8.558885227238e-04,9.207121457736e-02,1.443915907443e-04,9.207121457736e-02,0.000000000000e+00,-8.558885227238e-04,0.000000000000e+00
1723,0.000000000000e+00,-8.390838427254e-04,9.203516656374e-02,1.419011370028e-04,9.203516656374e-02,0.000000000000e+00,-8.390838427254e-04,0.000000000000e+00
1724,0.000000000000e+00,-8.197674187284e-04,9.199890274147e-02,1.390792996147e-04,9.199890274147e-02,0.000000000000e+00,-8.197674187284e-04,0.000000000000e+00
1725,0.000000000000e+00,-7.980394984957e-04,9.196296101556e-02,1.359441059434e-04,9.196296101556e-02,0.000000000000e+00,-7.980394984957e-04,0.000000000000e+00
1726,0.000000000000e+00,-7.740689371504e-04,9.192786062821e-02,1.325307918941e-04,9.192786062821e-02,0.000000000000e+00,-7.740689371504e-04,0.000000000000e+00
1727,0.000000000000e+00,-7.480764088961e-04,9.189409648921e-02,1.288869245451e-04,9.189409648921e-02,0.000000000000e+00,-7.480764088961e-04,0.000000000000e+00
1728,0.000000000000e+00,-7.203193116163e-04,9.186213015782e-02,1.250657984926e-04,9.186213015782e-02,0.000000000000e+00,-7.203193116163e-04,0.000000000000e+00
1729,0.000000000000e+00,-6.910849745331e-04,9.183237245248e-02,1.211240344390e-04,9.183237245248e-02,0.000000000000e+00,-6.910849745331e-04,0.000000000000e+00
1730,0.000000000000e+00,-6.606649532121e-04,9.180519265504e-02,1.171091153157e-04,9.180519265504e-02,0.000000000000e+00,-6.606649532121e-04,0.000000000000e+00
1731,0.000000000000e+00,-6.293740814096e-04,9.178087005380e-02,1.130753346942e-04,9.178087005380e-02,0.000000000000e+00,-6.293740814096e-04,0.000000000000e+00
1732,0.000000000000e+00,-5.975527956551e-04,9.175955699006e-02,1.090843942621e-04,9.175955699006e-02,0.000000000000e+00,-5.975527956551e-04,0.000000000000e+00
1733,0.000000000000e+00,-5.655180806511e-04,9.174142813686e-02,1.051961066785e-04,9.174142813686e-02,0.000000000000e+00,-5.655180806511e-04,0.000000000000e+00
1734,0.000000000000e+00,-5.335597448354e-04,9.172656595057e-02,1.014625941065e-04,9.172656595057e-02,0.000000000000e+00,-5.335597448354e-04,0.000000000000e+00
1735,0.000000000000e+00,-5.019709178731e-04,9.171496647094e-02,9.793345682866e-05,9.171496647094e-02,0.000000000000e+00,-5.019709178731e-04,0.000000000000e+00
1736,0.000000000000e+00,-4.710350754026e-04,9.170655724526e-02,9.465696233706e-05,9.170655724526e-02,0.000000000000e+00,-4.710350754026e-04,0.000000000000e+00
1737,0.000000000000e+00,-4.410249788980e-04,9.170121208822e-02,9.167650158945e-05,9.170121208822e-02,0.000000000000e+00,-4.410249788980e-04,0.000000000000e+00
1738,0.000000000000e+00,-4.121909163361e-04,9.169877529620e-02,8.902793088663e-05,9.169877529620e-02,0.000000000000e+00,-4.121909163361e-04,0.000000000000e+00
1739,0.000000000000e+00,-3.847615246041e-04,9.169906162001e-02,8.673930486082e-05,9.169906162001e-02,0.000000000000e+00,-3.847615246041e-04,0.000000000000e+00
1740,0.000000000000e+00,-3.589398577123e-04,9.170183182126e-02,8.483165022677e-05,9.170183182126e-02,0.000000000000e+00,-3.589398577123e-04,0.000000000000e+00
1741,0.000000000000e+00,-3.349009121875e-04,9.170687317736e-02,8.332412427051e-05,9.170687317736e-02,0.000000000000e+00,-3.349009121875e-04,0.000000000000e+00
1742,0.000000000000e+00,-3.127904807551e-04,9.171398327144e-02,8.223229444134e-05,9.171398327144e-02,0.000000000000e+00,-3.127904807551e-04,0.000000000000e+00
1743,0.000000000000e+00,-2.927216984697e-04,9.172295024907e-02,8.156685452878e-05,9.172295024907e-02,0.000000000000e+00,-2.927216984697e-04,0.000000000000e+00
1744,0.000000000000e+00,-2.747848533866e-04,9.173355365408e-02,8.133306512664e-05,9.173355365408e-02,0.000000000000e+00,-2.747848533866e-04,0.000000000000e+00
1745,0.000000000000e+00,-2.590531448480e-04,9.174556559951e-02,8.153378094701e-05,9.174556559951e-02,0.000000000000e+00,-2.590531448480e-04,0.000000000000e+00
1746,0.000000000000e+00,-2.455866748162e-04,9.175875350107e-02,8.217201844580e-05,9.175875350107e-02,0.000000000000e+00,-2.455866748162e-04,0.000000000000e+00
1747,0.000000000000e+00,-2.343596168910e-04,9.177280683086e-02,8.323450315891e-05,9.177280683086e-02,0.000000000000e+00,-2.343596168910e-04,0.000000000000e+00
1748,0.000000000000e+00,-2.253955826500e-04,9.178747614573e-02,8.472076830977e-05,9.178747614573e-02,0.000000000000e+00,-2.253955826500e-04,0.000000000000e+00
1749,0.000000000000e+00,-2.186988896541e-04,9.180247446401e-02,8.662425221649e-05,9.180247446401e-02,0.000000000000e+00,-2.186988896541e-04,0.000000000000e+00
1750,0.000000000000e+00,-2.142660847633e-04,9.181748963830e-02,8.893355538556e-05,9.181748963830e-02,0.000000000000e+00,-2.142660847633e-04,0.000000000000e+00
1751,0.000000000000e+00,-2.120844328934e-04,9.183219113413e-02,9.163778316887e-05,9.183219113413e-02,0.000000000000e+00,-2.120844328934e-04,0.000000000000e+00
1752,0.000000000000e+00,-2.121381122234e-04,9.184624196148e-02,9.473103542104e-05,9.184624196148e-02,0.000000000000e+00,-2.121381122234e-04,0.000000000000e+00
1753,0.000000000000e+00,-2.143901141924e-04,9.185928672529e-02,9.820710153575e-05,9.185928672529e-02,0.000000000000e+00,-2.143901141924e-04,0.000000000000e+00
1754,0.000000000000e+00,-2.188031878177e-04,9.187100473011e-02,1.020606129132e-04,9.187100473011e-02,0.000000000000e+00,-2.188031878177e-04,0.000000000000e+00
1755,0.000000000000e+00,-2.252939302112e-04,9.188103445659e-02,1.062720753776e-04,9.188103445659e-02,0.000000000000e+00,-2.252939302112e-04,0.000000000000e+00
1756,0.000000000000e+00,-2.338013653977e-04,9.188904166557e-02,1.108261943408e-04,9.188904166557e-02,0.000000000000e+00,-2.338013653977e-04,0.000000000000e+00
1757,0.000000000000e+00,-2.442961646723e-04,9.189473831971e-02,1.157183900927e-04,9.189473831971e-02,0.000000000000e+00,-2.442961646723e-04,0.000000000000e+00
1758,0.000000000000e+00,-2.566580658223e-04,9.189779390163e-02,1.209261662439e-04,9.189779390163e-02,0.000000000000e+00,-2.566580658223e-04,0.000000000000e+00
1759,0.000000000000e+00,-2.707066283925e-04,9.189787004536e-02,1.264105355288e-04,9.189787004536e-02,0.000000000000e+00,-2.707066283925e-04,0.000000000000e+00
1760,0.000000000000e+00,-2.863026748762e-04,9.189471059677e-02,1.321371868490e-04,9.189471059677e-02,0.000000000000e+00,-2.863026748762e-04,0.000000000000e+00
1761,0.000000000000e+00,-3.033314113711e-04,9.188813462368e-02,1.380767364178e-04,9.188813462368e-02,0.000000000000e+00,-3.033314113711e-04,0.000000000000e+00
1762,0.000000000000e+00,-3.216619921987e-04,9.187800714034e-02,1.441989209153e-04,9.187800714034e-02,0.000000000000e+00,-3.216619921987e-04,0.000000000000e+00
1763,0.000000000000e+00,-3.411378486224e-04,9.186422694476e-02,1.504698946324e-04,9.186422694476e-02,0.000000000000e+00,-3.411378486224e-04,0.000000000000e+00
1764,0.000000000000e+00,-3.615867958355e-04,9.184670918571e-02,1.568501349196e-04,9.184670918571e-02,0.000000000000e+00,-3.615867958355e-04,0.000000000000e+00
1765,0.000000000000e+00,-3.828223313446e-04,9.182535890318e-02,1.632939340935e-04,9.182535890318e-02,0.000000000000e+00,-3.828223313446e-04,0.000000000000e+00
1766,0.000000000000e+00,-4.046853970694e-04,9.180016498267e-02,1.697643385585e-04,9.180016498267e-02,0.000000000000e+00,-4.046853970694e-04,0.000000000000e+00
1767,0.000000000000e+00,-4.270572427939e-04,9.177124640316e-02,1.762317774485e-04,9.177124640316e-02,0.000000000000e+00,-4.270572427939e-04,0.000000000000e+00
1768,0.000000000000e+00,-4.498211405051e-04,9.173879543341e-02,1.826660892279e-04,9.173879543341e-02,0.000000000000e+00,-4.498211405051e-04,0.000000000000e+00
1769,0.000000000000e+00,-4.728823550042e-04,9.170307180878e-02,1.890380193972e-04,9.170307180878e-02,0.000000000000e+00,-4.728823550042e-04,0.000000000000e+00
1770,0.000000000000e+00,-4.961541391797e-04,9.166439048069e-02,1.953201563687e-04,9.166439048069e-02,0.000000000000e+00,-4.961541391797e-04,0.000000000000e+00
1771,0.000000000000e+00,-5.195027645910e-04,9.162308457858e-02,2.014794664755e-04,9.162308457858e-02,0.000000000000e+00,-5.195027645910e-04,0.000000000000e+00
1772,0.000000000000e+00,-5.428398867300e-04,9.157956500238e-02,2.074963298291e-04,9.157956500238e-02,0.000000000000e+00,-5.428398867300e-04,0.000000000000e+00
1773,0.000000000000e+00,-5.661283063752e-04,9.153427924484e-02,2.133583967418e-04,9.153427924484e-02,0.000000000000e+00,-5.661283063752e-04,0.000000000000e+00
1774,0.000000000000e+00,-5.893395756264e-04,9.148770221360e-02,2.190562282429e-04,9.148770221360e-02,0.000000000000e+00,-5.893395756264e-04,0.000000000000e+00
1775,0.000000000000e+00,-6.124908821197e-04,9.144025804834e-02,2.245926338312e-04,9.144025804834e-02,0.000000000000e+00,-6.124908821197e-04,0.000000000000e+00
1776,0.000000000000e+00,-6.355585937937e-04,9.139248759035e-02,2.299608136658e-04,9.139248759035e-02,0.000000000000e+00,-6.355585937937e-04,0.000000000000e+00
1777,0.000000000000e+00,-6.585222267614e-04,9.134493319835e-02,2.351571722201e-04,9.134493319835e-02,0.000000000000e+00,-6.585222267614e-04,0.000000000000e+00
1778,0.000000000000e+00,-6.813597497518e-04,9.129812654143e-02,2.401787438457e-04,9.129812654143e-02,0.000000000000e+00,-6.813597497518e-04,0.000000000000e+00
1779,0.000000000000e+00,-7.040455305938e-04,9.125257190086e-02,2.450223883412e-04,9.125257190086e-02,0.000000000000e+00,-7.040455305938e-04,0.000000000000e+00
1780,0.000000000000e+00,-7.265666410325e-04,9.120875358563e-02,2.496879889111e-04,9.120875358563e-02,0.000000000000e+00,-7.265666410325e-04,0.000000000000e+00
1781,0.000000000000e+00,-7.488690811974e-04,9.116705329619e-02,2.541666791154e-04,9.116705329619e-02,0.000000000000e+00,-7.488690811974e-04,0.000000000000e+00
1782,0.000000000000e+00,-7.707742097503e-04,9.112771140271e-02,2.584225194934e-04,9.112771140271e-02,0.000000000000e+00,-7.707742097503e-04,0.000000000000e+00
1783,0.000000000000e+00,-7.922091033265e-04,9.109108203796e-02,2.624486572397e-04,9.109108203796e-02,0.000000000000e+00,-7.922091033265e-04,0.000000000000e+00
1784,0.000000000000e+00,-8.130636797636e-04,9.105751184403e-02,2.662304901206e-04,9.105751184403e-02,0.000000000000e+00,-8.130636797636e-04,0.000000000000e+00
1785,0.000000000000e+00,-8.331741751226e-04,9.102722685268e-02,2.697421526663e-04,9.102722685268e-02,0.000000000000e+00,-8.331741751226e-04,0.000000000000e+00
1786,0.000000000000e+00,-8.522724816156e-04,9.100036022490e-02,2.729337273001e-04,9.100036022490e-02,0.000000000000e+00,-8.522724816156e-04,0.000000000000e+00
1787,0.000000000000e+00,-8.701464861985e-04,9.097700016191e-02,2.757700901375e-04,9.097700016191e-02,0.000000000000e+00,-8.701464861985e-04,0.000000000000e+00
1788,0.000000000000e+00,-8.866480302956e-04,9.095712263201e-02,2.782330611624e-04,9.095712263201e-02,0.000000000000e+00,-8.866480302956e-04,0.000000000000e+00
1789,0.000000000000e+00,-9.016050484233e-04,9.094057707324e-02,2.802956990122e-04,9.094057707324e-02,0.000000000000e+00,-9.016050484233e-04,0.000000000000e+00
1790,0.000000000000e+00,-9.148245736604e-04,9.092713245309e-02,2.819258831315e-04,9.092713245309e-02,0.000000000000e+00,-9.148245736604e-04,0.000000000000e+00
1791,0.000000000000e+00,-9.261041741875e-04,9.091643298730e-02,2.830914531208e-04,9.091643298730e-02,0.000000000000e+00,-9.261041741875e-04,0.000000000000e+00
1792,0.000000000000e+00,-9.352405917092e-04,9.090807801309e-02,2.837593933404e-04,9.090807801309e-02,0.000000000000e+00,-9.352405917092e-04,0.000000000000e+00
1793,0.000000000000e+00,-9.420334717249e-04,9.090166422365e-02,2.838968822785e-04,9.090166422365e-02,0.000000000000e+00,-9.420334717249e-04,0.000000000000e+00
1794,0.000000000000e+00,-9.463071359434e-04,9.089673920391e-02,2.834738245385e-04,9.089673920391e-02,0.000000000000e+00,-9.463071359434e-04,0.000000000000e+00
1795,0.000000000000e+00,-9.479347522603e-04,9.089284228295e-02,2.824687265540e-04,9.089284228295e-02,0.000000000000e+00,-9.479347522603e-04,0.000000000000e+00
1796,0.000000000000e+00,-9.467974219230e-04,9.088953858850e-02,2.808629286136e-04,9.088953858850e-02,0.000000000000e+00,-9.467974219230e-04,0.000000000000e+00
1797,0.000000000000e+00,-9.428395052280e-04,9.088635890085e-02,2.786526768631e-04,9.088635890085e-02,0.000000000000e+00,-9.428395052280e-04,0.000000000000e+00
1798,0.000000000000e+00,-9.360378651024e-04,9.088288740583e-02,2.758433657879e-04,9.088288740583e-02,0.000000000000e+00,-9.360378651024e-04,0.000000000000e+00
1799,0.000000000000e+00,-9.264169126130e-04,9.087877285334e-02,2.724477170928e-04,9.087877285334e-02,0.000000000000e+00,-9.264169126130e-04,0.000000000000e+00
1800,0.000000000000e+00,-9.140325701667e-04,9.087373264526e-02,2.684874594424e-04,9.087373264526e-02,0.000000000000e+00,-9.140325701667e-04,0.000000000000e+00
1801,0.000000000000e+00,-8.988550391447e-04,9.086749580524e-02,2.639628378349e-04,9.086749580524e-02,0.000000000000e+00,-8.988550391447e-04,0.000000000000e+00
1802,0.000000000000e+00,-8.810067699939e-04,9.085993063589e-02,2.589064930723e-04,9.085993063589e-02,0.000000000000e+00,-8.810067699939e-04,0.000000000000e+00
1803,0.000000000000e+00,-8.606127050146e-04,9.085091817774e-02,2.533511871135e-04,9.085091817774e-02,0.000000000000e+00,-8.606127050146e-04,0.000000000000e+00
1804,0.000000000000e+00,-8.377885867205e-04,9.084038122608e-02,2.473288142704e-04,9.084038122608e-02,0.000000000000e+00,-8.377885867205e-04,0.000000000000e+00
1805,0.000000000000e+00,-8.126488061350e-04,9.082832412007e-02,2.408708632346e-04,9.082832412007e-02,0.000000000000e+00,-8.126488061350e-04,0.000000000000e+00
1806,0.000000000000e+00,-7.852829098402e-04,9.081474959022e-02,2.340041387460e-04,9.081474959022e-02,0.000000000000e+00,-7.852829098402e-04,0.000000000000e+00
1807,0.000000000000e+00,-7.557955843097e-04,9.079969032580e-02,2.267564946220e-04,9.079969032580e-02,0.000000000000e+00,-7.557955843097e-04,0.000000000000e+00
1808,0.000000000000e+00,-7.242692512392e-04,9.078322590823e-02,2.191507331694e-04,9.078322590823e-02,0.000000000000e+00,-7.242692512392e-04,0.000000000000e+00
1809,0.000000000000e+00,-6.907691970193e-04,9.076549192683e-02,2.112085594498e-04,9.076549192683e-02,0.000000000000e+00,-6.907691970193e-04,0.000000000000e+00
1810,0.000000000000e+00,-6.553551165345e-04,9.074668309966e-02,2.029494711583e-04,9.074668309966e-02,0.000000000000e+00,-6.553551165345e-04,0.000000000000e+00
1811,0.000000000000e+00,-6.181082904582e-04,9.072706424613e-02,1.943970278930e-04,9.072706424613e-02,0.000000000000e+00,-6.181082904582e-04,0.000000000000e+00
1812,0.000000000000e+00,-5.791303599932e-04,9.070692383894e-02,1.855786603509e-04,9.070692383894e-02,0.000000000000e+00,-5.791303599932e-04,0.000000000000e+00
1813,0.000000000000e+00,-5.385465622627e-04,9.068655356174e-02,1.765250159854e-04,9.068655356174e-02,0.000000000000e+00,-5.385465622627e-04,0.000000000000e+00
1814,0.000000000000e+00,-4.965064558758e-04,9.066625987940e-02,1.672716765841e-04,9.066625987940e-02,0.000000000000e+00,-4.965064558758e-04,0.000000000000e+00
1815,0.000000000000e+00,-4.531750140057e-04,9.064636527372e-02,1.578597770939e-04,9.064636527372e-02,0.000000000000e+00,-4.531750140057e-04,0.000000000000e+00
1816,0.000000000000e+00,-4.087462303741e-04,9.062717211911e-02,1.483354195293e-04,9.062717211911e-02,0.000000000000e+00,-4.087462303741e-04,0.000000000000e+00
1817,0.000000000000e+00,-3.634544602362e-04,9.060891967228e-02,1.387502617792e-04,9.060891967228e-02,0.000000000000e+00,-3.634544602362e-04,0.000000000000e+00
1818,0.000000000000e+00,-3.175239886329e-04,9.059187466536e-02,1.291521887216e-04,9.059187466536e-02,0.000000000000e+00,-3.175239886329e-04,0.000000000000e+00
1819,0.000000000000e+00,-2.711680531847e-04,9.057631417981e-02,1.195872317941e-04,9.057631417981e-02,0.000000000000e+00,-2.711680531847e-04,0.000000000000e+00
1820,0.000000000000e+00,-2.245914490065e-04,9.056249246771e-02,1.100989232910e-04,9.056249246771e-02,0.000000000000e+00,-2.245914490065e-04,0.000000000000e+00
1821,0.000000000000e+00,-1.779727560610e-04,9.055066040924e-02,1.007240782740e-04,9.055066040924e-02,0.000000000000e+00,-1.779727560610e-04,0.000000000000e+00
1822,0.000000000000e+00,-1.314828699100e-04,9.054100915428e-02,9.149747655683e-05,9.054100915428e-02,0.000000000000e+00,-1.314828699100e-04,0.000000000000e+00
1823,0.000000000000e+00,-8.526968619818e-05,9.053367590813e-02,8.244813046682e-05,9.053367590813e-02,0.000000000000e+00,-8.526968619818e-05,0.000000000000e+00
1824,0.000000000000e+00,-3.944963089104e-05,9.052873130434e-02,7.359837488353e-05,9.052873130434e-02,0.000000000000e+00,-3.944963089104e-05,0.000000000000e+00
1825,0.000000000000e+00,5.875987585645e-06,9.052620745224e-02,6.496676883887e-05,9.052620745224e-02,0.000000000000e+00,5.875987585645e-06,0.000000000000e+00
1826,0.000000000000e+00,5.061549401560e-05,9.052608396692e-02,5.656811512969e-05,9.052608396692e-02,0.000000000000e+00,5.061549401560e-05,0.000000000000e+00
1827,0.000000000000e+00,9.468833265850e-05,9.052825583386e-02,4.841204895110e-05,9.052825583386e-02,0.000000000000e+00,9.468833265850e-05,0.000000000000e+00
1828,0.000000000000e+00,1.380417999087e-04,9.053261091740e-02,4.050352567879e-05,9.053261091740e-02,0.000000000000e+00,1.380417999087e-04,0.000000000000e+00
1829,0.000000000000e+00,1.806406015909e-04,9.053909764511e-02,3.284305517825e-05,9.053909764511e-02,0.000000000000e+00,1.806406015909e-04,0.000000000000e+00
1830,0.000000000000e+00,2.224714093763e-04,9.054771540930e-02,2.542649272865e-05,9.054771540930e-02,0.000000000000e+00,2.224714093763e-04,0.000000000000e+00
1831,0.000000000000e+00,2.635296798070e-04,9.055845281368e-02,1.824828487055e-05,9.055845281368e-02,0.000000000000e+00,2.635296798070e-04,0.000000000000e+00
1832,0.000000000000e+00,3.037750115929e-04,9.057125461113e-02,1.131158191374e-05,9.057125461113e-02,0.000000000000e+00,3.037750115929e-04,0.000000000000e+00
1833,0.000000000000e+00,3.431161090660e-04,9.058600697533e-02,4.630630909459e-06,9.058600697533e-02,0.000000000000e+00,3.431161090660e-04,0.000000000000e+00
1834,0.000000000000e+00,3.813847164256e-04,9.060247324122e-02,-1.762308192167e-06,9.060247324122e-02,0.000000000000e+00,3.813847164256e-04,0.000000000000e+00
1835,0.000000000000e+00,4.185120035542e-04,9.062062047553e-02,-7.858365580063e-06,9.062062047553e-02,0.000000000000e+00,4.185120035542e-04,0.000000000000e+00
1836,0.000000000000e+00,4.544403767334e-04,9.064042232914e-02,-1.365291380591e-05,9.064042232914e-02,0.000000000000e+00,4.544403767334e-04,0.000000000000e+00
1837,0.000000000000e+00,4.890184397965e-04,9.066165936584e-02,-1.911826102820e-05,9.066165936584e-02,0.000000000000e+00,4.890184397965e-04,0.000000000000e+00
1838,0.000000000000e+00,5.222174714288e-04,9.068425608250e-02,-2.425361312795e-05,9.068425608250e-02,0.000000000000e+00,5.222174714288e-04,0.000000000000e+00
1839,0.000000000000e+00,5.539794514369e-04,9.070802611833e-02,-2.905055327147e-05,9.070802611833e-02,0.000000000000e+00,5.539794514369e-04,0.000000000000e+00
1840,0.000000000000e+00,5.842555029344e-04,9.073275312608e-02,-3.350370104653e-05,9.073275312608e-02,0.000000000000e+00,5.842555029344e-04,0.000000000000e+00
1841,0.000000000000e+00,6.130186496463e-04,9.075822616049e-02,-3.761474528090e-05,9.075822616049e-02,0.000000000000e+00,6.130186496463e-04,0.000000000000e+00
1842,0.000000000000e+00,6.402373970697e-04,9.078424657295e-02,-4.138512413301e-05,9.078424657295e-02,0.000000000000e+00,6.402373970697e-04,0.000000000000e+00
1843,0.000000000000e+00,6.658904593416e-04,9.081063054747e-02,-4.481831838444e-05,9.081063054747e-02,0.000000000000e+00,6.658904593416e-04,0.000000000000e+00
1844,0.000000000000e+00,6.899716119523e-04,9.083721883389e-02,-4.792107193876e-05,9.083721883389e-02,0.000000000000e+00,6.899716119523e-04,0.000000000000e+00
1845,0.000000000000e+00,7.124948827396e-04,9.086388350409e-02,-5.070643238720e-05,9.086388350409e-02,0.000000000000e+00,7.124948827396e-04,0.000000000000e+00
1846,0.000000000000e+00,7.334737821375e-04,9.089054286332e-02,-5.318579596084e-05,9.089054286332e-02,0.000000000000e+00,7.334737821375e-04,0.000000000000e+00
1847,0.000000000000e+00,7.529810374690e-04,9.091717815716e-02,-5.538282387507e-05,9.091717815716e-02,0.000000000000e+00,7.529810374690e-04,0.000000000000e+00
1848,0.000000000000e+00,7.710693875025e-04,9.094378330898e-02,-5.731909956556e-05,9.094378330898e-02,0.000000000000e+00,7.710693875025e-04,0.000000000000e+00
1849,0.000000000000e+00,7.877952128152e-04,9.097037280738e-02,-5.901232639996e-05,9.097037280738e-02,0.000000000000e+00,7.877952128152e-04,0.000000000000e+00
1850,0.000000000000e+00,8.032205383900e-04,9.099697839266e-02,-6.047993259423e-05,9.099697839266e-02,0.000000000000e+00,8.032205383900e-04,0.000000000000e+00
1851,0.000000000000e+00,8.174128097952e-04,9.102364674773e-02,-6.173898331913e-05,9.102364674773e-02,0.000000000000e+00,8.174128097952e-04,0.000000000000e+00
1852,0.000000000000e+00,8.304379471069e-04,9.105044044822e-02,-6.280814492033e-05,9.105044044822e-02,0.000000000000e+00,8.304379471069e-04,0.000000000000e+00
1853,0.000000000000e+00,8.423652045133e-04,9.107742883082e-02,-6.370483013624e-05,9.107742883082e-02,0.000000000000e+00,8.423652045133e-04,0.000000000000e+00
1854,0.000000000000e+00,8.532462224137e-04,9.110469063810e-02,-6.444250659670e-05,9.110469063810e-02,0.000000000000e+00,8.532462224137e-04,0.000000000000e+00
1855,0.000000000000e+00,8.631373897651e-04,9.113230859493e-02,-6.503007069291e-05,9.113230859493e-02,0.000000000000e+00,8.631373897651e-04,0.000000000000e+00
1856,0.000000000000e+00,8.720988177051e-04,9.116035697500e-02,-6.547997103576e-05,9.116035697500e-02,0.000000000000e+00,8.720988177051e-04,0.000000000000e+00
1857,0.000000000000e+00,8.801930160642e-04,9.118890061338e-02,-6.580459524101e-05,9.118890061338e-02,0.000000000000e+00,8.801930160642e-04,0.000000000000e+00
1858,0.000000000000e+00,8.874946833213e-04,9.121799025138e-02,-6.601474581443e-05,9.121799025138e-02,0.000000000000e+00,8.874946833213e-04,0.000000000000e+00
1859,0.000000000000e+00,8.940759894144e-04,9.124765270175e-02,-6.611939508984e-05,9.124765270175e-02,0.000000000000e+00,8.940759894144e-04,0.000000000000e+00
1860,0.000000000000e+00,9.000089997396e-04,9.127789615010e-02,-6.613110392490e-05,9.127789615010e-02,0.000000000000e+00,9.000089997396e-04,0.000000000000e+00
1861,0.000000000000e+00,9.053844842690e-04,9.130871208438e-02,-6.606367447014e-05,9.130871208438e-02,0.000000000000e+00,9.053844842690e-04,0.000000000000e+00
1862,0.000000000000e+00,9.103040926982e-04,9.134007793922e-02,-6.593157387996e-05,9.134007793922e-02,0.000000000000e+00,9.103040926982e-04,0.000000000000e+00
1863,0.000000000000e+00,9.148629409183e-04,9.137196249033e-02,-6.574898988975e-05,9.137196249033e-02,0.000000000000e+00,9.148629409183e-04,0.000000000000e+00
1864,0.000000000000e+00,9.191485383530e-04,9.140433206502e-02,-6.552495411853e-05,9.140433206502e-02,0.000000000000e+00,9.191485383530e-04,0.000000000000e+00
1865,0.000000000000e+00,9.232347157030e-04,9.143715178864e-02,-6.526648502291e-05,9.143715178864e-02,0.000000000000e+00,9.232347157030e-04,0.000000000000e+00
1866,0.000000000000e+00,9.271807177495e-04,9.147038272201e-02,-6.497581237170e-05,9.147038272201e-02,0.000000000000e+00,9.271807177495e-04,0.000000000000e+00
1867,0.000000000000e+00,9.310298122562e-04,9.150397547755e-02,-6.464905688691e-05,9.150397547755e-02,0.000000000000e+00,9.310298122562e-04,0.000000000000e+00
1868,0.000000000000e+00,9.348102657950e-04,9.153786545273e-02,-6.427855885086e-05,9.153786545273e-02,0.000000000000e+00,9.348102657950e-04,0.000000000000e+00
1869,0.000000000000e+00,9.385374767647e-04,9.157196690096e-02,-6.385644969993e-05,9.157196690096e-02,0.000000000000e+00,9.385374767647e-04,0.000000000000e+00
1870,0.000000000000e+00,9.422131901593e-04,9.160616983249e-02,-6.337424776918e-05,9.160616983249e-02,0.000000000000e+00,9.422131901593e-04,0.000000000000e+00
1871,0.000000000000e+00,9.458287186106e-04,9.164034880464e-02,-6.282176687254e-05,9.164034880464e-02,0.000000000000e+00,9.458287186106e-04,0.000000000000e+00
1872,0.000000000000e+00,9.493674728208e-04,9.167433592728e-02,-6.218914192013e-05,9.167433592728e-02,0.000000000000e+00,9.493674728208e-04,0.000000000000e+00
1873,0.000000000000e+00,9.527927418260e-04,9.170793296256e-02,-6.146747202176e-05,9.170793296256e-02,0.000000000000e+00,9.527927418260e-04,0.000000000000e+00
1874,0.000000000000e+00,9.560451018545e-04,9.174096429605e-02,-6.064207942700e-05,9.174096429605e-02,0.000000000000e+00,9.560451018545e-04,0.000000000000e+00
1875,0.000000000000e+00,9.590439482775e-04,9.177324891546e-02,-5.969065935591e-05,9.177324891546e-02,0.000000000000e+00,9.590439482775e-04,0.000000000000e+00
1876,0.000000000000e+00,9.616848448973e-04,9.180459423921e-02,-5.858423237852e-05,9.180459423921e-02,0.000000000000e+00,9.616848448973e-04,0.000000000000e+00
1877,0.000000000000e+00,9.638288178514e-04,9.183482198447e-02,-5.729367433478e-05,9.183482198447e-02,0.000000000000e+00,9.638288178514e-04,0.000000000000e+00
1878,0.000000000000e+00,9.653002297181e-04,9.186377694321e-02,-5.578660593657e-05,9.186377694321e-02,0.000000000000e+00,9.653002297181e-04,0.000000000000e+00
1879,0.000000000000e+00,9.659318250598e-04,9.189130760232e-02,-5.403453228869e-05,9.189130760232e-02,0.000000000000e+00,9.659318250598e-04,0.000000000000e+00
1880,0.000000000000e+00,9.655688296658e-04,9.191726440508e-02,-5.201197885308e-05,9.191726440508e-02,0.000000000000e+00,9.655688296658e-04,0.000000000000e+00
1881,0.000000000000e+00,9.640797915306e-04,9.194152272698e-02,-4.969664012085e-05,9.194152272698e-02,0.000000000000e+00,9.640797915306e-04,0.000000000000e+00
1882,0.000000000000e+00,9.613746334431e-04,9.196394631342e-02,-4.707515107111e-05,9.196394631342e-02,0.000000000000e+00,9.613746334431e-04,0.000000000000e+00
1883,0.000000000000e+00,9.573754688542e-04,9.198437849997e-02,-4.413725497584e-05,9.198437849997e-02,0.000000000000e+00,9.573754688542e-04,0.000000000000e+00
1884,0.000000000000e+00,9.520015500284e-04,9.200268188802e-02,-4.087157508541e-05,9.200268188802e-02,0.000000000000e+00,9.520015500284e-04,0.000000000000e+00
1885,0.000000000000e+00,9.451799455840e-04,9.201875512970e-02,-3.727198804014e-05,9.201875512970e-02,0.000000000000e+00,9.451799455840e-04,0.000000000000e+00
1886,0.000000000000e+00,9.368564656315e-04,9.203254516270e-02,-3.333304922319e-05,9.203254516270e-02,0.000000000000e+00,9.368564656315e-04,0.000000000000e+00
1887,0.000000000000e+00,9.269877861194e-04,9.204405705827e-02,-2.905171001190e-05,9.204405705827e-02,0.000000000000e+00,9.269877861194e-04,0.000000000000e+00
1888,0.000000000000e+00,9.155378523112e-04,9.205334705125e-02,-2.442741387038e-05,9.205334705125e-02,0.000000000000e+00,9.155378523112e-04,0.000000000000e+00
1889,0.000000000000e+00,9.024781354053e-04,9.206049011412e-02,-1.946093546649e-05,9.206049011412e-02,0.000000000000e+00,9.024781354053e-04,0.000000000000e+00
1890,0.000000000000e+00,8.877877237934e-04,9.206557050954e-02,-1.415654637965e-05,9.206557050954e-02,0.000000000000e+00,8.877877237934e-04,0.000000000000e+00
1891,0.000000000000e+00,8.714609100173e-04,9.206867977607e-02,-8.519920110571e-06,9.206867977607e-02,0.000000000000e+00,8.714609100173e-04,0.000000000000e+00
1892,0.000000000000e+00,8.535117733083e-04,9.206991749628e-02,-2.559907046060e-06,9.206991749628e-02,0.000000000000e+00,8.535117733083e-04,0.000000000000e+00
1893,0.000000000000e+00,8.339923925956e-04,9.206937741112e-02,3.705740032614e-06,9.206937741112e-02,0.000000000000e+00,8.339923925956e-04,0.000000000000e+00
1894,0.000000000000e+00,8.129516284803e-04,9.206717084599e-02,1.026257009022e-05,9.206717084599e-02,0.000000000000e+00,8.129516284803e-04,0.000000000000e+00
1895,0.000000000000e+00,7.903908086039e-04,9.206345392330e-02,1.710765191089e-05,9.206345392330e-02,0.000000000000e+00,7.903908086039e-04,0.000000000000e+00
1896,0.000000000000e+00,7.664324059024e-04,9.205833887422e-02,2.421434723870e-05,9.205833887422e-02,0.000000000000e+00,7.664324059024e-04,0.000000000000e+00
1897,0.000000000000e+00,7.412263935227e-04,9.205191359985e-02,3.155008707476e-05,9.205191359985e-02,0.000000000000e+00,7.412263935227e-04,0.000000000000e+00
1898,0.000000000000e+00,7.149603629057e-04,9.204423768153e-02,3.907180638199e-05,9.204423768153e-02,0.000000000000e+00,7.149603629057e-04,0.000000000000e+00
1899,0.000000000000e+00,6.878062412028e-04,9.203544526954e-02,4.673902861470e-05,9.203544526954e-02,0.000000000000e+00,6.878062412028e-04,0.000000000000e+00
1900,0.000000000000e+00,6.599310194962e-04,9.202573082878e-02,5.451430107919e-05,9.202573082878e-02,0.000000000000e+00,6.599310194962e-04,0.000000000000e+00
1901,0.000000000000e+00,6.313939468559e-04,9.201535779009e-02,6.238100684676e-05,9.201535779009e-02,0.000000000000e+00,6.313939468559e-04,0.000000000000e+00
1902,0.000000000000e+00,6.022352483162e-04,9.200463324191e-02,7.032503411914e-05,9.200463324191e-02,0.000000000000e+00,6.022352483162e-04,0.000000000000e+00
1903,0.000000000000e+00,5.724925732407e-04,9.199387464192e-02,7.833191208888e-05,9.199387464192e-02,0.000000000000e+00,5.724925732407e-04,0.000000000000e+00
1904,0.000000000000e+00,5.421997227373e-04,9.198343343879e-02,8.639197268871e-05,9.198343343879e-02,0.000000000000e+00,5.421997227373e-04,0.000000000000e+00
1905,0.000000000000e+00,5.113592107140e-04,9.197368562091e-02,9.449921515771e-05,9.197368562091e-02,0.000000000000e+00,5.113592107140e-04,0.000000000000e+00
1906,0.000000000000e+00,4.799808871824e-04,9.196501629554e-02,1.026478323862e-04,9.196501629554e-02,0.000000000000e+00,4.799808871824e-04,0.000000000000e+00
1907,0.000000000000e+00,4.480341323128e-04,9.195784397932e-02,1.108435180838e-04,9.195784397932e-02,0.000000000000e+00,4.480341323128e-04,0.000000000000e+00
1908,0.000000000000e+00,4.154320355084e-04,9.195260988001e-02,1.191063949082e-04,9.195260988001e-02,0.000000000000e+00,4.154320355084e-04,0.000000000000e+00
1909,0.000000000000e+00,3.820249425212e-04,9.194974388524e-02,1.274697779678e-04,9.194974388524e-02,0.000000000000e+00,3.820249425212e-04,0.000000000000e+00
1910,0.000000000000e+00,3.476573038196e-04,9.194965081036e-02,1.359694239626e-04,9.194965081036e-02,0.000000000000e+00,3.476573038196e-04,0.000000000000e+00
1911,0.000000000000e+00,3.121684419279e-04,9.195267714360e-02,1.446420265854e-04,9.195267714360e-02,0.000000000000e+00,3.121684419279e-04,0.000000000000e+00
1912,0.000000000000e+00,2.754517777732e-04,9.195907647333e-02,1.535153856798e-04,9.195907647333e-02,0.000000000000e+00,2.754517777732e-04,0.000000000000e+00
1913,0.000000000000e+00,2.374916755046e-04,9.196898762442e-02,1.625981605556e-04,9.196898762442e-02,0.000000000000e+00,2.374916755046e-04,0.000000000000e+00
1914,0.000000000000e+00,1.983154051258e-04,9.198248814789e-02,1.718916916005e-04,9.198248814789e-02,0.000000000000e+00,1.983154051258e-04,0.000000000000e+00
1915,0.000000000000e+00,1.579590353510e-04,9.199957043893e-02,1.813931269473e-04,9.199957043893e-02,0.000000000000e+00,1.579590353510e-04,0.000000000000e+00
1916,0.000000000000e+00,1.164493508062e-04,9.202016130422e-02,1.911027961330e-04,9.202016130422e-02,0.000000000000e+00,1.164493508062e-04,0.000000000000e+00
1917,0.000000000000e+00,7.376888540009e-05,9.204413640668e-02,2.010297394490e-04,9.204413640668e-02,0.000000000000e+00,7.376888540009e-05,0.000000000000e+00
1918,0.000000000000e+00,2.993820612747e-05,9.207122086441e-02,2.111747663895e-04,9.207122086441e-02,0.000000000000e+00,2.993820612747e-05,0.000000000000e+00
1919,0.000000000000e+00,-1.495918821781e-05,9.210102271514e-02,2.215237754660e-04,9.210102271514e-02,0.000000000000e+00,-1.495918821781e-05,0.000000000000e+00
1920,0.000000000000e+00,-6.088603863593e-05,9.213313795036e-02,2.320718410221e-04,9.213313795036e-02,0.000000000000e+00,-6.088603863593e-05,0.000000000000e+00
1921,0.000000000000e+00,-1.077164242839e-04,9.216711342911e-02,2.427953556361e-04,9.216711342911e-02,0.000000000000e+00,-1.077164242839e-04,0.000000000000e+00
1922,0.000000000000e+00,-1.552316743975e-04,9.220246557798e-02,2.536503060090e-04,9.220246557798e-02,0.000000000000e+00,-1.552316743975e-04,0.000000000000e+00
1923,0.000000000000e+00,-2.032879775456e-04,9.223878145089e-02,2.646060187710e-04,9.223878145089e-02,0.000000000000e+00,-2.032879775456e-04,0.000000000000e+00
1924,0.000000000000e+00,-2.516505964886e-04,9.227564726577e-02,2.756094102152e-04,9.227564726577e-02,0.000000000000e+00,-2.516505964886e-04,0.000000000000e+00
1925,0.000000000000e+00,-3.000923035561e-04,9.231267333874e-02,2.866079150452e-04,9.231267333874e-02,0.000000000000e+00,-3.000923035561e-04,0.000000000000e+00
1926,0.000000000000e+00,-3.484007611884e-04,9.234949332950e-02,2.975529214697e-04,9.234949332950e-02,0.000000000000e+00,-3.484007611884e-04,0.000000000000e+00
1927,0.000000000000e+00,-3.963028356348e-04,9.238573229545e-02,3.083789345175e-04,9.238573229545e-02,0.000000000000e+00,-3.963028356348e-04,0.000000000000e+00
1928,0.000000000000e+00,-4.434869650969e-04,9.242099655119e-02,3.190096101530e-04,9.242099655119e-02,0.000000000000e+00,-4.434869650969e-04,0.000000000000e+00
1929,0.000000000000e+00,-4.897674271322e-04,9.245496635704e-02,3.293966172914e-04,9.245496635704e-02,0.000000000000e+00,-4.897674271322e-04,0.000000000000e+00
1930,0.000000000000e+00,-5.349989284850e-04,9.248733901473e-02,3.394988367768e-04,9.248733901473e-02,0.000000000000e+00,-5.349989284850e-04,0.000000000000e+00
1931,0.000000000000e+00,-5.790691805526e-04,9.251782325334e-02,3.492841276214e-04,9.251782325334e-02,0.000000000000e+00,-5.790691805526e-04,0.000000000000e+00
1932,0.000000000000e+00,-6.219024689770e-04,9.254615770295e-02,3.587277435387e-04,9.254615770295e-02,0.000000000000e+00,-6.219024689770e-04,0.000000000000e+00
1933,0.000000000000e+00,-6.634583654765e-04,9.257213464307e-02,3.678179087604e-04,9.257213464307e-02,0.000000000000e+00,-6.634583654765e-04,0.000000000000e+00
1934,0.000000000000e+00,-7.037184790620e-04,9.259559106552e-02,3.765467776856e-04,9.259559106552e-02,0.000000000000e+00,-7.037184790620e-04,0.000000000000e+00
1935,0.000000000000e+00,-7.426786210034e-04,9.261642629170e-02,3.849059700090e-04,9.261642629170e-02,0.000000000000e+00,-7.426786210034e-04,0.000000000000e+00
1936,0.000000000000e+00,-7.803120923143e-04,9.263459490605e-02,3.928799691510e-04,9.263459490605e-02,0.000000000000e+00,-7.803120923143e-04,0.000000000000e+00
1937,0.000000000000e+00,-8.165742575939e-04,9.265012371203e-02,4.004522362568e-04,9.265012371203e-02,0.000000000000e+00,-8.165742575939e-04,0.000000000000e+00
1938,0.000000000000e+00,-8.514277933959e-04,9.266312243385e-02,4.076082550893e-04,9.266312243385e-02,0.000000000000e+00,-8.514277933959e-04,0.000000000000e+00
1939,0.000000000000e+00,-8.848592651733e-04,9.267378723185e-02,4.143377150935e-04,9.267378723185e-02,0.000000000000e+00,-8.848592651733e-04,0.000000000000e+00
1940,0.000000000000e+00,-9.168910035401e-04,9.268239119240e-02,4.206395839163e-04,9.268239119240e-02,0.000000000000e+00,-9.168910035401e-04,0.000000000000e+00
1941,0.000000000000e+00,-9.475666811164e-04,9.268927236288e-02,4.265183472360e-04,9.268927236288e-02,0.000000000000e+00,-9.475666811164e-04,0.000000000000e+00
1942,0.000000000000e+00,-9.769541728986e-04,9.269478069427e-02,4.319816006515e-04,9.269478069427e-02,0.000000000000e+00,-9.769541728986e-04,0.000000000000e+00
1943,0.000000000000e+00,-1.005175478250e-03,9.269920078935e-02,4.370489100388e-04,9.269920078935e-02,0.000000000000e+00,-1.005175478250e-03,0.000000000000e+00
1944,0.000000000000e+00,-1.032387252671e-03,9.270278184891e-02,4.417467818207e-04,9.270278184891e-02,0.000000000000e+00,-1.032387252671e-03,0.000000000000e+00
1945,0.000000000000e+00,-1.058743937509e-03,9.270573310369e-02,4.461032701181e-04,9.270573310369e-02,0.000000000000e+00,-1.058743937509e-03,0.000000000000e+00
1946,0.000000000000e+00,-1.084368586502e-03,9.270821643027e-02,4.501425349185e-04,9.270821643027e-02,0.000000000000e+00,-1.084368586502e-03,0.000000000000e+00
1947,0.000000000000e+00,-1.109351351083e-03,9.271036120551e-02,4.538818814652e-04,9.271036120551e-02,0.000000000000e+00,-1.109351351083e-03,0.000000000000e+00
1948,0.000000000000e+00,-1.133762054012e-03,9.271224706618e-02,4.573333271663e-04,9.271224706618e-02,0.000000000000e+00,-1.133762054012e-03,0.000000000000e+00
1949,0.000000000000e+00,-1.157645711277e-03,9.271390456226e-02,4.605038240163e-04,9.271390456226e-02,0.000000000000e+00,-1.157645711277e-03,0.000000000000e+00
1950,0.000000000000e+00,-1.181009930230e-03,9.271531275809e-02,4.633928041009e-04,9.271531275809e-02,0.000000000000e+00,-1.181009930230e-03,0.000000000000e+00
1951,0.000000000000e+00,-1.203808203145e-03,9.271638736650e-02,4.659902434519e-04,9.271638736650e-02,0.000000000000e+00,-1.203808203145e-03,0.000000000000e+00
1952,0.000000000000e+00,-1.225933490725e-03,9.271697304634e-02,4.682755921138e-04,9.271697304634e-02,0.000000000000e+00,-1.225933490725e-03,0.000000000000e+00
1953,0.000000000000e+00,-1.247224043190e-03,9.271684415631e-02,4.702184895753e-04,9.271684415631e-02,0.000000000000e+00,-1.247224043190e-03,0.000000000000e+00
1954,0.000000000000e+00,-1.267462817690e-03,9.271570537163e-02,4.717782098344e-04,9.271570537163e-02,0.000000000000e+00,-1.267462817690e-03,0.000000000000e+00
1955,0.000000000000e+00,-1.286395928539e-03,9.271322159488e-02,4.729082366696e-04,9.271322159488e-02,0.000000000000e+00,-1.286395928539e-03,0.000000000000e+00
1956,0.000000000000e+00,-1.303780211819e-03,9.270902735710e-02,4.735665215821e-04,9.270902735710e-02,0.000000000000e+00,-1.303780211819e-03,0.000000000000e+00
1957,0.000000000000e+00,-1.319398843225e-03,9.270275290728e-02,4.737159090803e-04,9.270275290728e-02,0.000000000000e+00,-1.319398843225e-03,0.000000000000e+00
1958,0.000000000000e+00,-1.333057697609e-03,9.269406245340e-02,4.733262660908e-04,9.269406245340e-02,0.000000000000e+00,-1.333057697609e-03,0.000000000000e+00
1959,0.000000000000e+00,-1.344602733554e-03,9.268268755423e-02,4.723785599413e-04,9.268268755423e-02,0.000000000000e+00,-1.344602733554e-03,0.000000000000e+00
1960,0.000000000000e+00,-1.353927530277e-03,9.266842990629e-02,4.708647187691e-04,9.266842990629e-02,0.000000000000e+00,-1.353927530277e-03,0.000000000000e+00
1961,0.000000000000e+00,-1.360982156600e-03,9.265118177583e-02,4.687855969167e-04,9.265118177583e-02,0.000000000000e+00,-1.360982156600e-03,0.000000000000e+00
1962,0.000000000000e+00,-1.365771061057e-03,9.263092358188e-02,4.661539676198e-04,9.263092358188e-02,0.000000000000e+00,-1.365771061057e-03,0.000000000000e+00
1963,0.000000000000e+00,-1.368348711008e-03,9.260772734463e-02,4.629942403957e-04,9.260772734463e-02,0.000000000000e+00,-1.368348711008e-03,0.000000000000e+00
1964,0.000000000000e+00,-1.368808055704e-03,9.258174949874e-02,4.593359208140e-04,9.258174949874e-02,0.000000000000e+00,-1.368808055704e-03,0.000000000000e+00
1965,0.000000000000e+00,-1.367262951203e-03,9.255322623729e-02,4.552125062442e-04,9.255322623729e-02,0.000000000000e+00,-1.367262951203e-03,0.000000000000e+00
1966,0.000000000000e+00,-1.363834718883e-03,9.252246762578e-02,4.506580998158e-04,9.252246762578e-02,0.000000000000e+00,-1.363834718883e-03,0.000000000000e+00
1967,0.000000000000e+00,-1.358598522686e-03,9.248983696806e-02,4.456948634112e-04,9.248983696806e-02,0.000000000000e+00,-1.358598522686e-03,0.000000000000e+00
1968,0.000000000000e+00,-1.351625080212e-03,9.245575571236e-02,4.403412276503e-04,9.245575571236e-02,0.000000000000e+00,-1.351625080212e-03,0.000000000000e+00
1969,0.000000000000e+00,-1.343042817242e-03,9.242072095818e-02,4.346273479642e-04,9.242072095818e-02,0.000000000000e+00,-1.343042817242e-03,0.000000000000e+00
1970,0.000000000000e+00,-1.332886302848e-03,9.238522909327e-02,4.285614294961e-04,9.238522909327e-02,0.000000000000e+00,-1.332886302848e-03,0.000000000000e+00
1971,0.000000000000e+00,-1.321194694851e-03,9.234978697900e-02,4.221501385519e-04,9.234978697900e-02,0.000000000000e+00,-1.321194694851e-03,0.000000000000e+00
1972,0.000000000000e+00,-1.307931605893e-03,9.231493140759e-02,4.153833334926e-04,9.231493140759e-02,0.000000000000e+00,-1.307931605893e-03,0.000000000000e+00
1973,0.000000000000e+00,-1.293026580836e-03,9.228117183573e-02,4.082429333769e-04,9.228117183573e-02,0.000000000000e+00,-1.293026580836e-03,0.000000000000e+00
1974,0.000000000000e+00,-1.276375555630e-03,9.224890799390e-02,4.007046123522e-04,9.224890799390e-02,0.000000000000e+00,-1.276375555630e-03,0.000000000000e+00
1975,0.000000000000e+00,-1.257916088382e-03,9.221851547231e-02,3.927511577525e-04,9.221851547231e-02,0.000000000000e+00,-1.257916088382e-03,0.000000000000e+00
1976,0.000000000000e+00,-1.237620454069e-03,9.219032115089e-02,3.843699828894e-04,9.219032115089e-02,0.000000000000e+00,-1.237620454069e-03,0.000000000000e+00
1977,0.000000000000e+00,-1.215467824297e-03,9.216458099525e-02,3.755520782514e-04,9.216458099525e-02,0.000000000000e+00,-1.215467824297e-03,0.000000000000e+00
1978,0.000000000000e+00,-1.191471311258e-03,9.214148514230e-02,3.662961923577e-04,9.214148514230e-02,0.000000000000e+00,-1.191471311258e-03,0.000000000000e+00
1979,0.000000000000e+00,-1.165642397793e-03,9.212114580627e-02,3.565986898802e-04,9.212114580627e-02,0.000000000000e+00,-1.165642397793e-03,0.000000000000e+00
1980,0.000000000000e+00,-1.138018889995e-03,9.210361515909e-02,3.464621542527e-04,9.210361515909e-02,0.000000000000e+00,-1.138018889995e-03,0.000000000000e+00
1981,0.000000000000e+00,-1.108674893228e-03,9.208889984528e-02,3.358953717925e-04,9.208889984528e-02,0.000000000000e+00,-1.108674893228e-03,0.000000000000e+00
1982,0.000000000000e+00,-1.077691334068e-03,9.207701153524e-02,3.249070666300e-04,9.207701153524e-02,0.000000000000e+00,-1.077691334068e-03,0.000000000000e+00
1983,0.000000000000e+00,-1.045189799936e-03,9.206788931875e-02,3.135161247568e-04,9.206788931875e-02,0.000000000000e+00,-1.045189799936e-03,0.000000000000e+00
1984,0.000000000000e+00,-1.011254427708e-03,9.206146772987e-02,3.017324516073e-04,9.206146772987e-02,0.000000000000e+00,-1.011254427708e-03,0.000000000000e+00
1985,0.000000000000e+00,-9.760209939495e-04,9.205761997728e-02,2.895781501679e-04,9.205761997728e-02,0.000000000000e+00,-9.760209939495e-04,0.000000000000e+00
1986,0.000000000000e+00,-9.396842649014e-04,9.205619093267e-02,2.770891454431e-04,9.205619093267e-02,0.000000000000e+00,-9.396842649014e-04,0.000000000000e+00
1987,0.000000000000e+00,-9.024510172263e-04,9.205699882920e-02,2.643041601855e-04,9.205699882920e-02,0.000000000000e+00,-9.024510172263e-04,0.000000000000e+00
1988,0.000000000000e+00,-8.645566159951e-04,9.205982531384e-02,2.512692054013e-04,9.205982531384e-02,0.000000000000e+00,-8.645566159951e-04,0.000000000000e+00
1989,0.000000000000e+00,-8.260940442361e-04,9.206440649072e-02,2.380043485673e-04,9.206440649072e-02,0.000000000000e+00,-8.260940442361e-04,0.000000000000e+00
1990,0.000000000000e+00,-7.871925453519e-04,9.207049084419e-02,2.245366520998e-04,9.207049084419e-02,0.000000000000e+00,-7.871925453519e-04,0.000000000000e+00
1991,0.000000000000e+00,-7.478846497546e-04,9.207781322661e-02,2.108738956373e-04,9.207781322661e-02,0.000000000000e+00,-7.478846497546e-04,0.000000000000e+00
1992,0.000000000000e+00,-7.081727414330e-04,9.208608941109e-02,1.970181063736e-04,9.208608941109e-02,0.000000000000e+00,-7.081727414330e-04,0.000000000000e+00
1993,0.000000000000e+00,-6.680201761738e-04,9.209498620947e-02,1.829654768686e-04,9.209498620947e-02,0.000000000000e+00,-6.680201761738e-04,0.000000000000e+00
1994,0.000000000000e+00,-6.273545533941e-04,9.210411830019e-02,1.687049405330e-04,9.210411830019e-02,0.000000000000e+00,-6.273545533941e-04,0.000000000000e+00
1995,0.000000000000e+00,-5.860842440729e-04,9.211306447417e-02,1.542220823530e-04,9.211306447417e-02,0.000000000000e+00,-5.860842440729e-04,0.000000000000e+00
1996,0.000000000000e+00,-5.441304236207e-04,9.212138990902e-02,1.395061585981e-04,9.212138990902e-02,0.000000000000e+00,-5.441304236207e-04,0.000000000000e+00
1997,0.000000000000e+00,-5.014439621194e-04,9.212866030228e-02,1.245541047640e-04,9.212866030228e-02,0.000000000000e+00,-5.014439621194e-04,0.000000000000e+00
1998,0.000000000000e+00,-4.580197581689e-04,9.213446514055e-02,1.093731907147e-04,9.213446514055e-02,0.000000000000e+00,-4.580197581689e-04,0.000000000000e+00
1999,0.000000000000e+00,-4.139062917275e-04,9.213843511697e-02,9.398308829855e-05,9.213843511697e-02,0.000000000000e+00,-4.139062917275e-04,0.000000000000e+00
2000,0.000000000000e+00,-3.692121739243e-04,9.214025220851e-02,7.841736981616e-05,9.214025220851e-02,0.000000000000e+00,-3.692121739243e-04,0.000000000000e+00
2001,0.000000000000e+00,-3.240981749503e-04,9.213966531314e-02,6.272106068013e-05,9.213966531314e-02,0.000000000000e+00,-3.240981749503e-04,0.000000000000e+00
2002,0.000000000000e+00,-2.787873686642e-04,9.213648501502e-02,4.695332390166e-05,9.213648501502e-02,0.000000000000e+00,-2.787873686642e-04,0.000000000000e+00
2003,0.000000000000e+00,-2.335329694602e-04,9.213057990514e-02,3.118104330866e-05,9.213057990514e-02,0.000000000000e+00,-2.335329694602e-04,0.000000000000e+00
2004,0.000000000000e+00,-1.885956097678e-04,9.212185227849e-02,1.547397518485e-05,9.212185227849e-02,0.000000000000e+00,-1.885956097678e-04,0.000000000000e+00
2005,0.000000000000e+00,-1.442429278180e-04,9.211023179575e-02,-9.530053922142e-08,9.211023179575e-02,0.000000000000e+00,-1.442429278180e-04,0.000000000000e+00
2006,0.000000000000e+00,-1.006796901964e-04,9.209571402424e-02,-1.546649535940e-05,9.209571402424e-02,0.000000000000e+00,-1.006796901964e-04,0.000000000000e+00
2007,0.000000000000e+00,-5.804805573246e-05,9.207834440107e-02,-3.059207049916e-05,9.207834440107e-02,0.000000000000e+00,-5.804805573246e-05,0.000000000000e+00
2008,0.000000000000e+00,-1.643432676110e-05,9.205816371272e-02,-4.543584101247e-05,9.205816371272e-02,0.000000000000e+00,-1.643432676110e-05,0.000000000000e+00
2009,0.000000000000e+00,2.414295679801e-05,9.203522543620e-02,-5.997564563028e-05,9.203522543620e-02,0.000000000000e+00,2.414295679801e-05,0.000000000000e+00
2010,0.000000000000e+00,6.374988532504e-05,9.200962760268e-02,-7.420825816884e-05,9.200962760268e-02,0.000000000000e+00,6.374988532504e-05,0.000000000000e+00
2011,0.000000000000e+00,1.025169424439e-04,9.198151281106e-02,-8.814504392578e-05,9.198151281106e-02,0.000000000000e+00,1.025169424439e-04,0.000000000000e+00
2012,0.000000000000e+00,1.405802651714e-04,9.195103433953e-02,-1.017980495482e-04,9.195103433953e-02,0.000000000000e+00,1.405802651714e-04,0.000000000000e+00
2013,0.000000000000e+00,1.780512266920e-04,9.191841057687e-02,-1.151762293253e-04,9.191841057687e-02,0.000000000000e+00,1.780512266920e-04,0.000000000000e+00
2014,0.000000000000e+00,2.150605581685e-04,9.188388787396e-02,-1.282919754168e-04,9.188388787396e-02,0.000000000000e+00,2.150605581685e-04,0.000000000000e+00
2015,0.000000000000e+00,2.517716439025e-04,9.184771896753e-02,-1.411606170636e-04,9.184771896753e-02,0.000000000000e+00,2.517716439025e-04,0.000000000000e+00
2016,0.000000000000e+00,2.882846073436e-04,9.181018586615e-02,-1.537878349507e-04,9.181018586615e-02,0.000000000000e+00,2.882846073436e-04,0.000000000000e+00
2017,0.000000000000e+00,3.246379754097e-04,9.177156484045e-02,-1.661671358303e-04,9.177156484045e-02,0.000000000000e+00,3.246379754097e-04,0.000000000000e+00
2018,0.000000000000e+00,3.608364680722e-04,9.173213537827e-02,-1.782860418651e-04,9.173213537827e-02,0.000000000000e+00,3.608364680722e-04,0.000000000000e+00
2019,0.000000000000e+00,3.968834771971e-04,9.169218159104e-02,-1.901316382226e-04,9.169218159104e-02,0.000000000000e+00,3.968834771971e-04,0.000000000000e+00
2020,0.000000000000e+00,4.327844602970e-04,9.165196988775e-02,-2.016911634558e-04,9.165196988775e-02,0.000000000000e+00,4.327844602970e-04,0.000000000000e+00
2021,0.000000000000e+00,4.686061585803e-04,9.161174681540e-02,-2.129640438113e-04,9.161174681540e-02,0.000000000000e+00,4.686061585803e-04,0.000000000000e+00
2022,0.000000000000e+00,5.044837854436e-04,9.157179284865e-02,-2.239668397711e-04,9.157179284865e-02,0.000000000000e+00,5.044837854436e-04,0.000000000000e+00
2023,0.000000000000e+00,5.404682190450e-04,9.153227821079e-02,-2.346982597189e-04,9.153227821079e-02,0.000000000000e+00,5.404682190450e-04,0.000000000000e+00
2024,0.000000000000e+00,5.765795028587e-04,9.149329665293e-02,-2.451510410794e-04,9.149329665293e-02,0.000000000000e+00,5.765795028587e-04,0.000000000000e+00
2025,0.000000000000e+00,6.128464085260e-04,9.145492098567e-02,-2.553212152729e-04,9.145492098567e-02,0.000000000000e+00,6.128464085260e-04,0.000000000000e+00
2026,0.000000000000e+00,6.493178414496e-04,9.141720210187e-02,-2.652106009324e-04,9.141720210187e-02,0.000000000000e+00,6.493178414496e-04,0.000000000000e+00
2027,0.000000000000e+00,6.860481189909e-04,9.138017527018e-02,-2.748231578525e-04,9.138017527018e-02,0.000000000000e+00,6.860481189909e-04,0.000000000000e+00
2028,0.000000000000e+00,7.231009290724e-04,9.134387705913e-02,-2.841668154210e-04,9.134387705913e-02,0.000000000000e+00,7.231009290724e-04,0.000000000000e+00
2029,0.000000000000e+00,7.605134073404e-04,9.130833863463e-02,-2.932461068170e-04,9.130833863463e-02,0.000000000000e+00,7.605134073404e-04,0.000000000000e+00
2030,0.000000000000e+00,7.983022254897e-04,9.127357497637e-02,-3.020631491825e-04,9.127357497637e-02,0.000000000000e+00,7.983022254897e-04,0.000000000000e+00
2031,0.000000000000e+00,8.364483079821e-04,9.123957792390e-02,-3.106139852906e-04,9.123957792390e-02,0.000000000000e+00,8.364483079821e-04,0.000000000000e+00
2032,0.000000000000e+00,8.749180313507e-04,9.120633801499e-02,-3.188934524325e-04,9.120633801499e-02,0.000000000000e+00,8.749180313507e-04,0.000000000000e+00
2033,0.000000000000e+00,9.136487367501e-04,9.117383961727e-02,-3.268918859426e-04,9.117383961727e-02,0.000000000000e+00,9.136487367501e-04,0.000000000000e+00
2034,0.000000000000e+00,9.525472869503e-04,9.114206538273e-02,-3.345949776058e-04,9.114206538273e-02,0.000000000000e+00,9.525472869503e-04,0.000000000000e+00
2035,0.000000000000e+00,9.914769840379e-04,9.111098612737e-02,-3.419806247599e-04,9.111098612737e-02,0.000000000000e+00,9.914769840379e-04,0.000000000000e+00
2036,0.000000000000e+00,1.030309829309e-03,9.108061727636e-02,-3.490315564111e-04,9.108061727636e-02,0.000000000000e+00,1.030309829309e-03,0.000000000000e+00
2037,0.000000000000e+00,1.068930610903e-03,9.105100121540e-02,-3.557350935841e-04,9.105100121540e-02,0.000000000000e+00,1.068930610903e-03,0.000000000000e+00
2038,0.000000000000e+00,1.107210998247e-03,9.102216028396e-02,-3.620764284453e-04,9.102216028396e-02,0.000000000000e+00,1.107210998247e-03,0.000000000000e+00
2039,0.000000000000e+00,1.144929589886e-03,9.099403856472e-02,-3.680199147684e-04,9.099403856472e-02,0.000000000000e+00,1.144929589886e-03,0.000000000000e+00
2040,0.000000000000e+00,1.181804363269e-03,9.096652931246e-02,-3.735163277371e-04,9.096652931246e-02,0.000000000000e+00,1.181804363269e-03,0.000000000000e+00
2041,0.000000000000e+00,1.217540713099e-03,9.093950707265e-02,-3.785140583977e-04,9.093950707265e-02,0.000000000000e+00,1.217540713099e-03,0.000000000000e+00
2042,0.000000000000e+00,1.251905259846e-03,9.091287815612e-02,-3.829765159499e-04,9.091287815612e-02,0.000000000000e+00,1.251905259846e-03,0.000000000000e+00
2043,0.000000000000e+00,1.284773949507e-03,9.088664355571e-02,-3.868906323369e-04,9.088664355571e-02,0.000000000000e+00,1.284773949507e-03,0.000000000000e+00
2044,0.000000000000e+00,1.316030692908e-03,9.086079863047e-02,-3.902436157708e-04,9.086079863047e-02,0.000000000000e+00,1.316030692908e-03,0.000000000000e+00
2045,0.000000000000e+00,1.345606459763e-03,9.083538219821e-02,-3.930325461318e-04,9.083538219821e-02,0.000000000000e+00,1.345606459763e-03,0.000000000000e+00
2046,0.000000000000e+00,1.373496653358e-03,9.081050925189e-02,-3.952681259433e-04,9.081050925189e-02,0.000000000000e+00,1.373496653358e-03,0.000000000000e+00
2047,0.000000000000e+00,1.399744554671e-03,9.078634416033e-02,-3.969716284117e-04,9.078634416033e-02,0.000000000000e+00,1.399744554671e-03,0.000000000000e+00
2048,0.000000000000e+00,1.424426557104e-03,9.076308074537e-02,-3.981712719638e-04,9.076308074537e-02,0.000000000000e+00,1.424426557104e-03,0.000000000000e+00
2049,0.000000000000e+00,1.447628240856e-03,9.074094767643e-02,-3.988978006147e-04,9.074094767643e-02,0.000000000000e+00,1.447628240856e-03,0.000000000000e+00
2050,0.000000000000e+00,1.469425619623e-03,9.072017035636e-02,-3.991798161666e-04,9.072017035636e-02,0.000000000000e+00,1.469425619623e-03,0.000000000000e+00
2051,0.000000000000e+00,1.489894779091e-03,9.070090741770e-02,-3.990444818716e-04,9.070090741770e-02,0.000000000000e+00,1.489894779091e-03,0.000000000000e+00
2052,0.000000000000e+00,1.509059558456e-03,9.068332441819e-02,-3.985082374703e-04,9.068332441819e-02,0.000000000000e+00,1.509059558456e-03,0.000000000000e+00
2053,0.000000000000e+00,1.526877345495e-03,9.066758897403e-02,-3.975730911448e-04,9.066758897403e-02,0.000000000000e+00,1.526877345495e-03,0.000000000000e+00
2054,0.000000000000e+00,1.543251980782e-03,9.065382185819e-02,-3.962295145475e-04,9.065382185819e-02,0.000000000000e+00,1.543251980782e-03,0.000000000000e+00
2055,0.000000000000e+00,1.558083844527e-03,9.064211227244e-02,-3.944676774160e-04,9.064211227244e-02,0.000000000000e+00,1.558083844527e-03,0.000000000000e+00
2056,0.000000000000e+00,1.571227057498e-03,9.063251769081e-02,-3.922687144749e-04,9.063251769081e-02,0.000000000000e+00,1.571227057498e-03,0.000000000000e+00
2057,0.000000000000e+00,1.582561551422e-03,9.062511689685e-02,-3.896199376573e-04,9.062511689685e-02,0.000000000000e+00,1.582561551422e-03,0.000000000000e+00
2058,0.000000000000e+00,1.591949875286e-03,9.061992194948e-02,-3.865050373764e-04,9.061992194948e-02,0.000000000000e+00,1.591949875286e-03,0.000000000000e+00
2059,0.000000000000e+00,1.599220237587e-03,9.061691541601e-02,-3.829006579550e-04,9.061691541601e-02,0.000000000000e+00,1.599220237587e-03,0.000000000000e+00
2060,0.000000000000e+00,1.604225325146e-03,9.061619881300e-02,-3.787883612025e-04,9.061619881300e-02,0.000000000000e+00,1.604225325146e-03,0.000000000000e+00
2061,0.000000000000e+00,1.606829652909e-03,9.061781379102e-02,-3.741524564977e-04,9.061781379102e-02,0.000000000000e+00,1.606829652909e-03,0.000000000000e+00
2062,0.000000000000e+00,1.606899436093e-03,9.062182506884e-02,-3.689754089858e-04,9.062182506884e-02,0.000000000000e+00,1.606899436093e-03,0.000000000000e+00
2063,0.000000000000e+00,1.604286420131e-03,9.062814829301e-02,-3.632344902272e-04,9.062814829301e-02,0.000000000000e+00,1.604286420131e-03,0.000000000000e+00
2064,0.000000000000e+00,1.598846955882e-03,9.063662712318e-02,-3.569054983252e-04,9.063662712318e-02,0.000000000000e+00,1.598846955882e-03,0.000000000000e+00
2065,0.000000000000e+00,1.590460995727e-03,9.064705057695e-02,-3.499675779448e-04,9.064705057695e-02,0.000000000000e+00,1.590460995727e-03,0.000000000000e+00
2066,0.000000000000e+00,1.579056783298e-03,9.065915303998e-02,-3.424088925943e-04,9.065915303998e-02,0.000000000000e+00,1.579056783298e-03,0.000000000000e+00
2067,0.000000000000e+00,1.564621807388e-03,9.067260955549e-02,-3.342294582849e-04,9.067260955549e-02,0.000000000000e+00,1.564621807388e-03,0.000000000000e+00
2068,0.000000000000e+00,1.547236123517e-03,9.068720410247e-02,-3.254488105162e-04,9.068720410247e-02,0.000000000000e+00,1.547236123517e-03,0.000000000000e+00
2069,0.000000000000e+00,1.527011839218e-03,9.070266137071e-02,-3.160931572591e-04,9.070266137071e-02,0.000000000000e+00,1.527011839218e-03,0.000000000000e+00
2070,0.000000000000e+00,1.504072147141e-03,9.071872803084e-02,-3.061903792170e-04,9.071872803084e-02,0.000000000000e+00,1.504072147141e-03,0.000000000000e+00
2071,0.000000000000e+00,1.478581996716e-03,9.073513750349e-02,-2.957774987435e-04,9.073513750349e-02,0.000000000000e+00,1.478581996716e-03,0.000000000000e+00
2072,0.000000000000e+00,1.450684302104e-03,9.075169373491e-02,-2.848863014154e-04,9.075169373491e-02,0.000000000000e+00,1.450684302104e-03,0.000000000000e+00
2073,0.000000000000e+00,1.420536031186e-03,9.076820206977e-02,-2.735521811353e-04,9.076820206977e-02,0.000000000000e+00,1.420536031186e-03,0.000000000000e+00
2074,0.000000000000e+00,1.388317657159e-03,9.078447134863e-02,-2.618159088535e-04,9.078447134863e-02,0.000000000000e+00,1.388317657159e-03,0.000000000000e+00
2075,0.000000000000e+00,1.354211437919e-03,9.080031430324e-02,-2.497185491048e-04,9.080031430324e-02,0.000000000000e+00,1.354211437919e-03,0.000000000000e+00
2076,0.000000000000e+00,1.318370230284e-03,9.081556911562e-02,-2.372944393372e-04,9.081556911562e-02,0.000000000000e+00,1.318370230284e-03,0.000000000000e+00
2077,0.000000000000e+00,1.280941142118e-03,9.083011733437e-02,-2.245761810052e-04,9.083011733437e-02,0.000000000000e+00,1.280941142118e-03,0.000000000000e+00
2078,0.000000000000e+00,1.242117995118e-03,9.084388964785e-02,-2.116065150366e-04,9.084388964785e-02,0.000000000000e+00,1.242117995118e-03,0.000000000000e+00
2079,0.000000000000e+00,1.202065726927e-03,9.085677082929e-02,-1.984218129036e-04,9.085677082929e-02,0.000000000000e+00,1.202065726927e-03,0.000000000000e+00
2080,0.000000000000e+00,1.160914876812e-03,9.086863127114e-02,-1.850497436573e-04,9.086863127114e-02,0.000000000000e+00,1.160914876812e-03,0.000000000000e+00
2081,0.000000000000e+00,1.118852775178e-03,9.087931291877e-02,-1.715263921517e-04,9.087931291877e-02,0.000000000000e+00,1.118852775178e-03,0.000000000000e+00
2082,0.000000000000e+00,1.075991252320e-03,9.088857310017e-02,-1.578718867644e-04,9.088857310017e-02,0.000000000000e+00,1.075991252320e-03,0.000000000000e+00
2083,0.000000000000e+00,1.032470576389e-03,9.089617472405e-02,-1.441124237473e-04,9.089617472405e-02,0.000000000000e+00,1.032470576389e-03,0.000000000000e+00
2084,0.000000000000e+00,9.884300977561e-04,9.090187251283e-02,-1.302745352973e-04,9.090187251283e-02,0.000000000000e+00,9.884300977561e-04,0.000000000000e+00
2085,0.000000000000e+00,9.440094733780e-04,9.090542684709e-02,-1.163843397436e-04,9.090542684709e-02,0.000000000000e+00,9.440094733780e-04,0.000000000000e+00
2086,0.000000000000e+00,8.994006852702e-04,9.090669099837e-02,-1.024787752183e-04,9.090669099837e-02,0.000000000000e+00,8.994006852702e-04,0.000000000000e+00
2087,0.000000000000e+00,8.548223605971e-04,9.090557725359e-02,-8.859983557561e-05,9.090557725359e-02,0.000000000000e+00,8.548223605971e-04,0.000000000000e+00
2088,0.000000000000e+00,8.105121090399e-04,9.090203416077e-02,-7.479303906540e-05,9.090203416077e-02,0.000000000000e+00,8.105121090399e-04,0.000000000000e+00
2089,0.000000000000e+00,7.667204318582e-04,9.089610964170e-02,-6.110666796674e-05,9.089610964170e-02,0.000000000000e+00,7.667204318582e-04,0.000000000000e+00
2090,0.000000000000e+00,7.236993608706e-04,9.088795438631e-02,-4.758881190257e-05,9.088795438631e-02,0.000000000000e+00,7.236993608706e-04,0.000000000000e+00
2091,0.000000000000e+00,6.816540646571e-04,9.087775156782e-02,-3.427620955274e-05,9.087775156782e-02,0.000000000000e+00,6.816540646571e-04,0.000000000000e+00
2092,0.000000000000e+00,6.407676705591e-04,9.086576679403e-02,-2.119986530059e-05,9.086576679403e-02,0.000000000000e+00,6.407676705591e-04,0.000000000000e+00
2093,0.000000000000e+00,6.011958609141e-04,9.085236939023e-02,-8.383869638808e-06,9.085236939023e-02,0.000000000000e+00,6.011958609141e-04,0.000000000000e+00
2094,0.000000000000e+00,5.630376719513e-04,9.083796640451e-02,4.160455912496e-06,9.083796640451e-02,0.000000000000e+00,5.630376719513e-04,0.000000000000e+00
2095,0.000000000000e+00,5.263320026610e-04,9.082299928486e-02,1.643533809762e-05,9.082299928486e-02,0.000000000000e+00,5.263320026610e-04,0.000000000000e+00
2096,0.000000000000e+00,4.910922181568e-04,9.080798870242e-02,2.844835473972e-05,9.080798870242e-02,0.000000000000e+00,4.910922181568e-04,0.000000000000e+00
2097,0.000000000000e+00,4.572966544279e-04,9.079348783664e-02,4.021415768819e-05,9.079348783664e-02,0.000000000000e+00,4.572966544279e-04,0.000000000000e+00
2098,0.000000000000e+00,4.249410104914e-04,9.078005437865e-02,5.174313860304e-05,9.078005437865e-02,0.000000000000e+00,4.249410104914e-04,0.000000000000e+00
2099,0.000000000000e+00,3.941014520459e-04,9.076827253110e-02,6.303101114787e-05,9.076827253110e-02,0.000000000000e+00,3.941014520459e-04,0.000000000000e+00
2100,0.000000000000e+00,3.647989536321e-04,9.075876035234e-02,7.407808399377e-05,9.075876035234e-02,0.000000000000e+00,3.647989536321e-04,0.000000000000e+00
2101,0.000000000000e+00,3.370498971203e-04,9.075213564020e-02,8.488324281569e-05,9.075213564020e-02,0.000000000000e+00,3.370498971203e-04,0.000000000000e+00
2102,0.000000000000e+00,3.108667148643e-04,9.074896027379e-02,9.544406825248e-05,9.074896027379e-02,0.000000000000e+00,3.108667148643e-04,0.000000000000e+00
2103,0.000000000000e+00,2.862324791394e-04,9.074972463911e-02,1.057612972283e-04,9.074972463911e-02,0.000000000000e+00,2.862324791394e-04,0.000000000000e+00
2104,0.000000000000e+00,2.630680643717e-04,9.075485647275e-02,1.158470961767e-04,9.075485647275e-02,0.000000000000e+00,2.630680643717e-04,0.000000000000e+00
2105,0.000000000000e+00,2.412627820898e-04,9.076459953552e-02,1.257191560128e-04,9.076459953552e-02,0.000000000000e+00,2.412627820898e-04,0.000000000000e+00
2106,0.000000000000e+00,2.207152952579e-04,9.077903050509e-02,1.353941650656e-04,9.077903050509e-02,0.000000000000e+00,2.207152952579e-04,0.000000000000e+00
2107,0.000000000000e+00,2.013694236261e-04,9.079810972594e-02,1.448793294300e-04,9.079810972594e-02,0.000000000000e+00,2.013694236261e-04,0.000000000000e+00
2108,0.000000000000e+00,1.831270229545e-04,9.082159878557e-02,1.541923016434e-04,9.082159878557e-02,0.000000000000e+00,1.831270229545e-04,0.000000000000e+00
2109,0.000000000000e+00,1.658744446954e-04,9.084905357719e-02,1.633546150287e-04,9.084905357719e-02,0.000000000000e+00,1.658744446954e-04,0.000000000000e+00
2110,0.000000000000e+00,1.495016159984e-04,9.087988599925e-02,1.723862802535e-04,9.087988599925e-02,0.000000000000e+00,1.495016159984e-04,0.000000000000e+00
2111,0.000000000000e+00,1.339209023805e-04,9.091342286732e-02,1.813011406628e-04,9.091342286732e-02,0.000000000000e+00,1.339209023805e-04,0.000000000000e+00
2112,0.000000000000e+00,1.190562226440e-04,9.094892161086e-02,1.901100227018e-04,9.094892161086e-02,0.000000000000e+00,1.190562226440e-04,0.000000000000e+00
2113,0.000000000000e+00,1.048629146768e-04,9.098560179121e-02,1.988154250859e-04,9.098560179121e-02,0.000000000000e+00,1.048629146768e-04,0.000000000000e+00
2114,0.000000000000e+00,9.133640271348e-05,9.102264381208e-02,2.074110078342e-04,9.102264381208e-02,0.000000000000e+00,9.133640271348e-05,0.000000000000e+00
2115,0.000000000000e+00,7.852003977977e-05,9.105920756371e-02,2.158802891348e-04,9.105920756371e-02,0.000000000000e+00,7.852003977977e-05,0.000000000000e+00
2116,0.000000000000e+00,6.648906007542e-05,9.109447562096e-02,2.242003553352e-04,9.109447562096e-02,0.000000000000e+00,6.648906007542e-05,0.000000000000e+00
2117,0.000000000000e+00,5.530976212425e-05,9.112770604821e-02,2.323486699759e-04,9.112770604821e-02,0.000000000000e+00,5.530976212425e-05,0.000000000000e+00
2118,0.000000000000e+00,4.505374611118e-05,9.115821011665e-02,2.403020431539e-04,9.115821011665e-02,0.000000000000e+00,4.505374611118e-05,0.000000000000e+00
2119,0.000000000000e+00,3.581793262508e-05,9.118546849800e-02,2.480350567084e-04,9.118546849800e-02,0.000000000000e+00,3.581793262508e-05,0.000000000000e+00
2120,0.000000000000e+00,2.763940621395e-05,9.120906176089e-02,2.555388529519e-04,9.120906176089e-02,0.000000000000e+00,2.763940621395e-05,0.000000000000e+00
2121,0.000000000000e+00,2.037266906502e-05,9.122864987396e-02,2.628329100293e-04,9.122864987396e-02,0.000000000000e+00,2.037266906502e-05,0.000000000000e+00
2122,0.000000000000e+00,1.380114175312e-05,9.124408526225e-02,2.699475778963e-04,9.124408526225e-02,0.000000000000e+00,1.380114175312e-05,0.000000000000e+00
2123,0.000000000000e+00,7.725208192726e-06,9.125535971260e-02,2.769131498754e-04,9.125535971260e-02,0.000000000000e+00,7.725208192726e-06,0.000000000000e+00
2124,0.000000000000e+00,1.939306691453e-06,9.126258588932e-02,2.837635948124e-04,9.126258588932e-02,0.000000000000e+00,1.939306691453e-06,0.000000000000e+00
2125,0.000000000000e+00,-3.714466427142e-06,9.126599991079e-02,2.905266744725e-04,9.126599991079e-02,0.000000000000e+00,-3.714466427142e-06,0.000000000000e+00
2126,0.000000000000e+00,-9.361289173853e-06,9.126594449562e-02,2.972247904924e-04,9.126594449562e-02,0.000000000000e+00,-9.361289173853e-06,0.000000000000e+00
2127,0.000000000000e+00,-1.507418696483e-05,9.126285158725e-02,3.038688343132e-04,9.126285158725e-02,0.000000000000e+00,-1.507418696483e-05,0.000000000000e+00
2128,0.000000000000e+00,-2.089158627226e-05,9.125721373879e-02,3.104609109812e-04,9.125721373879e-02,0.000000000000e+00,-2.089158627226e-05,0.000000000000e+00
2129,0.000000000000e+00,-2.688207047480e-05,9.124960235568e-02,3.170086138125e-04,9.124960235568e-02,0.000000000000e+00,-2.688207047480e-05,0.000000000000e+00
2130,0.000000000000e+00,-3.314970190045e-05,9.124060145335e-02,3.235261847996e-04,9.124060145335e-02,0.000000000000e+00,-3.314970190045e-05,0.000000000000e+00
2131,0.000000000000e+00,-3.985040622640e-05,9.123075467413e-02,3.300387023159e-04,9.123075467413e-02,0.000000000000e+00,-3.985040622640e-05,0.000000000000e+00
2132,0.000000000000e+00,-4.720207811220e-05,9.122055009399e-02,3.365839805114e-04,9.122055009399e-02,0.000000000000e+00,-4.720207811220e-05,0.000000000000e+00
2133,0.000000000000e+00,-5.541010159787e-05,9.121044394172e-02,3.432007402513e-04,9.121044394172e-02,0.000000000000e+00,-5.541010159787e-05,0.000000000000e+00
2134,0.000000000000e+00,-6.477398521661e-05,9.120083102933e-02,3.499467164879e-04,9.120083102933e-02,0.000000000000e+00,-6.477398521661e-05,0.000000000000e+00
2135,0.000000000000e+00,-7.569616709615e-05,9.119202161227e-02,3.568980681782e-04,9.119202161227e-02,0.000000000000e+00,-7.569616709615e-05,0.000000000000e+00
2136,0.000000000000e+00,-8.856632421183e-05,9.118426443169e-02,3.641274286291e-04,9.118426443169e-02,0.000000000000e+00,-8.856632421183e-05,0.000000000000e+00
2137,0.000000000000e+00,-1.037300022480e-04,9.117777387760e-02,3.716971901369e-04,9.117777387760e-02,0.000000000000e+00,-1.037300022480e-04,0.000000000000e+00
2138,0.000000000000e+00,-1.215167058480e-04,9.117274587660e-02,3.796601169504e-04,9.117274587660e-02,0.000000000000e+00,-1.215167058480e-04,0.000000000000e+00
2139,0.000000000000e+00,-1.421416727292e-04,9.116926668839e-02,3.880442682736e-04,9.116926668839e-02,0.000000000000e+00,-1.421416727292e-04,0.000000000000e+00
2140,0.000000000000e+00,-1.656644234212e-04,9.116739654301e-02,3.968465970888e-04,9.116739654301e-02,0.000000000000e+00,-1.656644234212e-04,0.000000000000e+00
2141,0.000000000000e+00,-1.921494686209e-04,9.116717764541e-02,4.060549403335e-04,9.116717764541e-02,0.000000000000e+00,-1.921494686209e-04,0.000000000000e+00
2142,0.000000000000e+00,-2.214528003386e-04,9.116853383254e-02,4.156247237897e-04,9.116853383254e-02,0.000000000000e+00,-2.214528003386e-04,0.000000000000e+00
2143,0.000000000000e+00,-2.533962015620e-04,9.117130123914e-02,4.255031343947e-04,9.117130123914e-02,0.000000000000e+00,-2.533962015620e-04,0.000000000000e+00
2144,0.000000000000e+00,-2.878068331216e-04,9.117526387801e-02,4.356358093710e-04,9.117526387801e-02,0.000000000000e+00,-2.878068331216e-04,0.000000000000e+00
2145,0.000000000000e+00,-3.245154032895e-04,9.118015664237e-02,4.459694530593e-04,9.118015664237e-02,0.000000000000e+00,-3.245154032895e-04,0.000000000000e+00
2146,0.000000000000e+00,-3.633433718677e-04,9.118570258193e-02,4.564515115944e-04,9.118570258193e-02,0.000000000000e+00,-3.633433718677e-04,0.000000000000e+00
2147,0.000000000000e+00,-4.040644472785e-04,9.119158106213e-02,4.670235749996e-04,9.119158106213e-02,0.000000000000e+00,-4.040644472785e-04,0.000000000000e+00
2148,0.000000000000e+00,-4.465548032640e-04,9.119750822310e-02,4.776435699468e-04,9.119750822310e-02,0.000000000000e+00,-4.465548032640e-04,0.000000000000e+00
2149,0.000000000000e+00,-4.907733441393e-04,9.120329288949e-02,4.882887016789e-04,9.120329288949e-02,0.000000000000e+00,-4.907733441393e-04,0.000000000000e+00
2150,0.000000000000e+00,-5.367734543933e-04,9.120881788318e-02,4.989537670781e-04,9.120881788318e-02,0.000000000000e+00,-5.367734543933e-04,0.000000000000e+00
2151,0.000000000000e+00,-5.845618929731e-04,9.121410875735e-02,5.096256009037e-04,9.121410875735e-02,0.000000000000e+00,-5.845618929731e-04,0.000000000000e+00
2152,0.000000000000e+00,-6.341291678386e-04,9.121929972655e-02,5.202912985146e-04,9.121929972655e-02,0.000000000000e+00,-6.341291678386e-04,0.000000000000e+00
2153,0.000000000000e+00,-6.854900073073e-04,9.122466167796e-02,5.309460684537e-04,9.122466167796e-02,0.000000000000e+00,-6.854900073073e-04,0.000000000000e+00
2154,0.000000000000e+00,-7.386891147524e-04,9.123051649010e-02,5.415934790189e-04,9.123051649010e-02,0.000000000000e+00,-7.386891147524e-04,0.000000000000e+00
2155,0.000000000000e+00,-7.937959545774e-04,9.123724635065e-02,5.522439940767e-04,9.123724635065e-02,0.000000000000e+00,-7.937959545774e-04,0.000000000000e+00
2156,0.000000000000e+00,-8.509287472248e-04,9.124526351017e-02,5.629205349994e-04,9.124526351017e-02,0.000000000000e+00,-8.509287472248e-04,0.000000000000e+00
2157,0.000000000000e+00,-9.102363625194e-04,9.125491749044e-02,5.736546732412e-04,9.125491749044e-02,0.000000000000e+00,-9.102363625194e-04,0.000000000000e+00
2158,0.000000000000e+00,-9.718493833250e-04,9.126644261750e-02,5.844749128767e-04,9.126644261750e-02,0.000000000000e+00,-9.718493833250e-04,0.000000000000e+00
2159,0.000000000000e+00,-1.035867105499e-03,9.127995234074e-02,5.954041282576e-04,9.127995234074e-02,0.000000000000e+00,-1.035867105499e-03,0.000000000000e+00
2160,0.000000000000e+00,-1.102336440192e-03,9.129540329243e-02,6.064548158194e-04,9.129540329243e-02,0.000000000000e+00,-1.102336440192e-03,0.000000000000e+00
2161,0.000000000000e+00,-1.171137363869e-03,9.131272939796e-02,6.176029334974e-04,9.131272939796e-02,0.000000000000e+00,-1.171137363869e-03,0.000000000000e+00
2162,0.000000000000e+00,-1.242015825457e-03,9.133179338860e-02,6.287956076077e-04,9.133179338860e-02,0.000000000000e+00,-1.242015825457e-03,0.000000000000e+00
2163,0.000000000000e+00,-1.314581360715e-03,9.135241056550e-02,6.399511141829e-04,9.135241056550e-02,0.000000000000e+00,-1.314581360715e-03,0.000000000000e+00
2164,0.000000000000e+00,-1.388354695953e-03,9.137441089223e-02,6.509700717952e-04,9.137441089223e-02,0.000000000000e+00,-1.388354695953e-03,0.000000000000e+00
2165,0.000000000000e+00,-1.462821792956e-03,9.139760547841e-02,6.617470479377e-04,9.139760547841e-02,0.000000000000e+00,-1.462821792956e-03,0.000000000000e+00
2166,0.000000000000e+00,-1.537508470707e-03,9.142176748772e-02,6.721876021517e-04,9.142176748772e-02,0.000000000000e+00,-1.537508470707e-03,0.000000000000e+00
2167,0.000000000000e+00,-1.611993147449e-03,9.144662829745e-02,6.822123265899e-04,9.144662829745e-02,0.000000000000e+00,-1.611993147449e-03,0.000000000000e+00
2168,0.000000000000e+00,-1.685940878082e-03,9.147185027051e-02,6.917646368947e-04,9.147185027051e-02,0.000000000000e+00,-1.685940878082e-03,0.000000000000e+00
2169,0.000000000000e+00,-1.759094997062e-03,9.149706644229e-02,7.008079061691e-04,9.149706644229e-02,0.000000000000e+00,-1.759094997062e-03,0.000000000000e+00
2170,0.000000000000e+00,-1.831256189634e-03,9.152192089994e-02,7.093197861858e-04,9.152192089994e-02,0.000000000000e+00,-1.831256189634e-03,0.000000000000e+00
2171,0.000000000000e+00,-1.902289404977e-03,9.154605625954e-02,7.172938637189e-04,9.154605625954e-02,0.000000000000e+00,-1.902289404977e-03,0.000000000000e+00
2172,0.000000000000e+00,-1.972093399732e-03,9.156915226303e-02,7.247322980096e-04,9.156915226303e-02,0.000000000000e+00,-1.972093399732e-03,0.000000000000e+00
2173,0.000000000000e+00,-2.040553943062e-03,9.159098874116e-02,7.316335500054e-04,9.159098874116e-02,0.000000000000e+00,-2.040553943062e-03,0.000000000000e+00
2174,0.000000000000e+00,-2.107583196183e-03,9.161141608795e-02,7.380014923814e-04,9.161141608795e-02,0.000000000000e+00,-2.107583196183e-03,0.000000000000e+00
2175,0.000000000000e+00,-2.173117926704e-03,9.163034849326e-02,7.438451117606e-04,9.163034849326e-02,0.000000000000e+00,-2.173117926704e-03,0.000000000000e+00
2176,0.000000000000e+00,-2.237076960805e-03,9.164778070405e-02,7.491689786189e-04,9.164778070405e-02,0.000000000000e+00,-2.237076960805e-03,0.000000000000e+00
2177,0.000000000000e+00,-2.299363270896e-03,9.166381442971e-02,7.539750623247e-04,9.166381442971e-02,0.000000000000e+00,-2.299363270896e-03,0.000000000000e+00
2178,0.000000000000e+00,-2.359892034293e-03,9.167861168246e-02,7.582696166277e-04,9.167861168246e-02,0.000000000000e+00,-2.359892034293e-03,0.000000000000e+00
2179,0.000000000000e+00,-2.418564123749e-03,9.169240060277e-02,7.620557909133e-04,9.169240060277e-02,0.000000000000e+00,-2.418564123749e-03,0.000000000000e+00
2180,0.000000000000e+00,-2.475278585968e-03,9.170543155804e-02,7.653362408889e-04,9.170543155804e-02,0.000000000000e+00,-2.475278585968e-03,0.000000000000e+00
2181,0.000000000000e+00,-2.529943378402e-03,9.171793487258e-02,7.681157291980e-04,9.171793487258e-02,0.000000000000e+00,-2.529943378402e-03,0.000000000000e+00
2182,0.000000000000e+00,-2.582477610914e-03,9.173008958122e-02,7.704013002137e-04,9.173008958122e-02,0.000000000000e+00,-2.582477610914e-03,0.000000000000e+00
2183,0.000000000000e+00,-2.632798647156e-03,9.174203388645e-02,7.721992583908e-04,9.174203388645e-02,0.000000000000e+00,-2.632798647156e-03,0.000000000000e+00
2184,0.000000000000e+00,-2.680785044045e-03,9.175388860286e-02,7.735069939172e-04,9.175388860286e-02,0.000000000000e+00,-2.680785044045e-03,0.000000000000e+00
2185,0.000000000000e+00,-2.726259640842e-03,9.176575795925e-02,7.743095043949e-04,9.176575795925e-02,0.000000000000e+00,-2.726259640842e-03,0.000000000000e+00
2186,0.000000000000e+00,-2.769033518948e-03,9.177771945629e-02,7.745901837267e-04,9.177771945629e-02,0.000000000000e+00,-2.769033518948e-03,0.000000000000e+00
2187,0.000000000000e+00,-2.808890168206e-03,9.178986280940e-02,7.743257878537e-04,9.178986280940e-02,0.000000000000e+00,-2.808890168206e-03,0.000000000000e+00
2188,0.000000000000e+00,-2.845575715428e-03,9.180229923641e-02,7.734867989212e-04,9.180229923641e-02,0.000000000000e+00,-2.845575715428e-03,0.000000000000e+00
2189,0.000000000000e+00,-2.878848183055e-03,9.181510226593e-02,7.720444301893e-04,9.181510226593e-02,0.000000000000e+00,-2.878848183055e-03,0.000000000000e+00
2190,0.000000000000e+00,-2.908567605634e-03,9.182828534920e-02,7.699927107701e-04,9.182828534920e-02,0.000000000000e+00,-2.908567605634e-03,0.000000000000e+00
2191,0.000000000000e+00,-2.934643267520e-03,9.184195047700e-02,7.673359116270e-04,9.184195047700e-02,0.000000000000e+00,-2.934643267520e-03,0.000000000000e+00
2192,0.000000000000e+00,-2.957067412954e-03,9.185617534367e-02,7.640931924325e-04,9.185617534367e-02,0.000000000000e+00,-2.957067412954e-03,0.000000000000e+00
2193,0.000000000000e+00,-2.975951467142e-03,9.187096956937e-02,7.603070390011e-04,9.187096956937e-02,0.000000000000e+00,-2.975951467142e-03,0.000000000000e+00
2194,0.000000000000e+00,-2.991465872477e-03,9.188617210970e-02,7.560300856245e-04,9.188617210970e-02,0.000000000000e+00,-2.991465872477e-03,0.000000000000e+00
2195,0.000000000000e+00,-3.003859971321e-03,9.190152973186e-02,7.513310752852e-04,9.190152973186e-02,0.000000000000e+00,-3.003859971321e-03,0.000000000000e+00
2196,0.000000000000e+00,-3.013494819058e-03,9.191669029369e-02,7.463024853662e-04,9.191669029369e-02,0.000000000000e+00,-3.013494819058e-03,0.000000000000e+00
2197,0.000000000000e+00,-3.020610967887e-03,9.193146681811e-02,7.410068702013e-04,9.193146681811e-02,0.000000000000e+00,-3.020610967887e-03,0.000000000000e+00
2198,0.000000000000e+00,-3.025446078055e-03,9.194566828573e-02,7.355053036903e-04,9.194566828573e-02,0.000000000000e+00,-3.025446078055e-03,0.000000000000e+00
2199,0.000000000000e+00,-3.028216684931e-03,9.195914550821e-02,7.298535785232e-04,9.195914550821e-02,0.000000000000e+00,-3.028216684931e-03,0.000000000000e+00
2200,0.000000000000e+00,-3.029100054961e-03,9.197182910861e-02,7.240975004616e-04,9.197182910861e-02,0.000000000000e+00,-3.029100054961e-03,0.000000000000e+00
2201,0.000000000000e+00,-3.028271981218e-03,9.198372301785e-02,7.182808638269e-04,9.198372301785e-02,0.000000000000e+00,-3.028271981218e-03,0.000000000000e+00
2202,0.000000000000e+00,-3.025932708145e-03,9.199491257712e-02,7.124524589063e-04,9.199491257712e-02,0.000000000000e+00,-3.025932708145e-03,0.000000000000e+00
2203,0.000000000000e+00,-3.022306622946e-03,9.200541442925e-02,7.066661553455e-04,9.200541442925e-02,0.000000000000e+00,-3.022306622946e-03,0.000000000000e+00
2204,0.000000000000e+00,-3.017441860170e-03,9.201541828562e-02,7.009357477273e-04,9.201541828562e-02,0.000000000000e+00,-3.017441860170e-03,0.000000000000e+00
2205,0.000000000000e+00,-3.011312996940e-03,9.202513558122e-02,6.952578597998e-04,9.202513558122e-02,0.000000000000e+00,-3.011312996940e-03,0.000000000000e+00
2206,0.000000000000e+00,-3.003801809066e-03,9.203480575488e-02,6.896090567701e-04,9.203480575488e-02,0.000000000000e+00,-3.003801809066e-03,0.000000000000e+00
2207,0.000000000000e+00,-2.994735764392e-03,9.204468209169e-02,6.839539341479e-04,9.204468209169e-02,0.000000000000e+00,-2.994735764392e-03,0.000000000000e+00
2208,0.000000000000e+00,-2.983893557551e-03,9.205504159256e-02,6.782446430368e-04,9.205504159256e-02,0.000000000000e+00,-2.983893557551e-03,0.000000000000e+00
2209,0.000000000000e+00,-2.971014499685e-03,9.206618754044e-02,6.724230662606e-04,9.206618754044e-02,0.000000000000e+00,-2.971014499685e-03,0.000000000000e+00
2210,0.000000000000e+00,-2.955859608896e-03,9.207840845573e-02,6.664353629572e-04,9.207840845573e-02,0.000000000000e+00,-2.955859608896e-03,0.000000000000e+00
2211,0.000000000000e+00,-2.938230346070e-03,9.209199654464e-02,6.602373949043e-04,9.209199654464e-02,0.000000000000e+00,-2.938230346070e-03,0.000000000000e+00
2212,0.000000000000e+00,-2.918006817940e-03,9.210715414190e-02,6.538006391704e-04,9.210715414190e-02,0.000000000000e+00,-2.918006817940e-03,0.000000000000e+00
2213,0.000000000000e+00,-2.895131069796e-03,9.212401679667e-02,6.471102070629e-04,9.212401679667e-02,0.000000000000e+00,-2.895131069796e-03,0.000000000000e+00
2214,0.000000000000e+00,-2.869584256367e-03,9.214267981545e-02,6.401610958095e-04,9.214267981545e-02,0.000000000000e+00,-2.869584256367e-03,0.000000000000e+00
2215,0.000000000000e+00,-2.841369668400e-03,9.216320743941e-02,6.329537159633e-04,9.216320743941e-02,0.000000000000e+00,-2.841369668400e-03,0.000000000000e+00
2216,0.000000000000e+00,-2.810503099717e-03,9.218562585854e-02,6.254919770456e-04,9.218562585854e-02,0.000000000000e+00,-2.810503099717e-03,0.000000000000e+00
2217,0.000000000000e+00,-2.776991849550e-03,9.220992101160e-02,6.177790728673e-04,9.220992101160e-02,0.000000000000e+00,-2.776991849550e-03,0.000000000000e+00
2218,0.000000000000e+00,-2.740839429994e-03,9.223606080734e-02,6.098161082476e-04,9.223606080734e-02,0.000000000000e+00,-2.740839429994e-03,0.000000000000e+00
2219,0.000000000000e+00,-2.701992256632e-03,9.226388232006e-02,6.015880674274e-04,9.226388232006e-02,0.000000000000e+00,-2.701992256632e-03,0.000000000000e+00
2220,0.000000000000e+00,-2.660435066226e-03,9.229328846092e-02,5.930868220689e-04,9.229328846092e-02,0.000000000000e+00,-2.660435066226e-03,0.000000000000e+00
2221,0.000000000000e+00,-2.616197797199e-03,9.232404965477e-02,5.843136689443e-04,9.232404965477e-02,0.000000000000e+00,-2.616197797199e-03,0.000000000000e+00
2222,0.000000000000e+00,-2.569382954028e-03,9.235598702460e-02,5.752854644712e-04,9.235598702460e-02,0.000000000000e+00,-2.569382954028e-03,0.000000000000e+00
2223,0.000000000000e+00,-2.520117054926e-03,9.238889637733e-02,5.660233492221e-04,9.238889637733e-02,0.000000000000e+00,-2.520117054926e-03,0.000000000000e+00
2224,0.000000000000e+00,-2.468559564897e-03,9.242255720743e-02,5.565547282011e-04,9.242255720743e-02,0.000000000000e+00,-2.468559564897e-03,0.000000000000e+00
2225,0.000000000000e+00,-2.414874959463e-03,9.245676650222e-02,5.469061372315e-04,9.245676650222e-02,0.000000000000e+00,-2.414874959463e-03,0.000000000000e+00
2226,0.000000000000e+00,-2.359247068038e-03,9.249136140854e-02,5.371089902046e-04,9.249136140854e-02,0.000000000000e+00,-2.359247068038e-03,0.000000000000e+00
2227,0.000000000000e+00,-2.301873221652e-03,9.252621734732e-02,5.271989155392e-04,9.252621734732e-02,0.000000000000e+00,-2.301873221652e-03,0.000000000000e+00
2228,0.000000000000e+00,-2.242952426820e-03,9.256123193308e-02,5.172126845835e-04,9.256123193308e-02,0.000000000000e+00,-2.242952426820e-03,0.000000000000e+00
2229,0.000000000000e+00,-2.182685293479e-03,9.259629997497e-02,5.071864877281e-04,9.259629997497e-02,0.000000000000e+00,-2.182685293479e-03,0.000000000000e+00
2230,0.000000000000e+00,-2.121259437883e-03,9.263129196006e-02,4.971553848644e-04,9.263129196006e-02,0.000000000000e+00,-2.121259437883e-03,0.000000000000e+00
2231,0.000000000000e+00,-2.058855652559e-03,9.266604857476e-02,4.871519504400e-04,9.266604857476e-02,0.000000000000e+00,-2.058855652559e-03,0.000000000000e+00
2232,0.000000000000e+00,-1.995605119866e-03,9.270042132885e-02,4.771950253455e-04,9.270042132885e-02,0.000000000000e+00,-1.995605119866e-03,0.000000000000e+00
2233,0.000000000000e+00,-1.931599234902e-03,9.273426325546e-02,4.672933763017e-04,9.273426325546e-02,0.000000000000e+00,-1.931599234902e-03,0.000000000000e+00
2234,0.000000000000e+00,-1.866996326511e-03,9.276735228838e-02,4.574699148047e-04,9.276735228838e-02,0.000000000000e+00,-1.866996326511e-03,0.000000000000e+00
2235,0.000000000000e+00,-1.802012609133e-03,9.279941854361e-02,4.477591320088e-04,9.279941854361e-02,0.000000000000e+00,-1.802012609133e-03,0.000000000000e+00
2236,0.000000000000e+00,-1.736872673269e-03,9.283021293353e-02,4.381958203700e-04,9.283021293353e-02,0.000000000000e+00,-1.736872673269e-03,0.000000000000e+00
2237,0.000000000000e+00,-1.671787438523e-03,9.285954177023e-02,4.288103357597e-04,9.285954177023e-02,0.000000000000e+00,-1.671787438523e-03,0.000000000000e+00
2238,0.000000000000e+00,-1.606993745863e-03,9.288724726303e-02,4.196387713728e-04,9.288724726303e-02,0.000000000000e+00,-1.606993745863e-03,0.000000000000e+00
2239,0.000000000000e+00,-1.542781804716e-03,9.291318470758e-02,4.107282602985e-04,9.291318470758e-02,0.000000000000e+00,-1.542781804716e-03,0.000000000000e+00
2240,0.000000000000e+00,-1.479468811653e-03,9.293726560426e-02,4.021298729700e-04,9.293726560426e-02,0.000000000000e+00,-1.479468811653e-03,0.000000000000e+00
2241,0.000000000000e+00,-1.417376119393e-03,9.295941295295e-02,3.938960409246e-04,9.295941295295e-02,0.000000000000e+00,-1.417376119393e-03,0.000000000000e+00
2242,0.000000000000e+00,-1.356800565556e-03,9.297956113414e-02,3.860754143835e-04,9.297956113414e-02,0.000000000000e+00,-1.356800565556e-03,0.000000000000e+00
2243,0.000000000000e+00,-1.297992977117e-03,9.299767358972e-02,3.787082468192e-04,9.299767358972e-02,0.000000000000e+00,-1.297992977117e-03,0.000000000000e+00
2244,0.000000000000e+00,-1.241139890716e-03,9.301373524453e-02,3.718225740077e-04,9.301373524453e-02,0.000000000000e+00,-1.241139890716e-03,0.000000000000e+00
2245,0.000000000000e+00,-1.186351485543e-03,9.302775896970e-02,3.654305244623e-04,9.302775896970e-02,0.000000000000e+00,-1.186351485543e-03,0.000000000000e+00
2246,0.000000000000e+00,-1.133667627225e-03,9.303982017352e-02,3.595291688433e-04,9.303982017352e-02,0.000000000000e+00,-1.133667627225e-03,0.000000000000e+00
2247,0.000000000000e+00,-1.083070373025e-03,9.305000989479e-02,3.541040743741e-04,9.305000989479e-02,0.000000000000e+00,-1.083070373025e-03,0.000000000000e+00
2248,0.000000000000e+00,-1.034469446746e-03,9.305843989392e-02,3.491256052630e-04,9.305843989392e-02,0.000000000000e+00,-1.034469446746e-03,0.000000000000e+00
2249,0.000000000000e+00,-9.877202559510e-04,9.306522672917e-02,3.445506972203e-04,9.306522672917e-02,0.000000000000e+00,-9.877202559510e-04,0.000000000000e+00
2250,0.000000000000e+00,-9.426384467492e-04,9.307046948516e-02,3.403272217732e-04,9.307046948516e-02,0.000000000000e+00,-9.426384467492e-04,0.000000000000e+00
2251,0.000000000000e+00,-8.990154663541e-04,9.307423970904e-02,3.363969036403e-04,9.307423970904e-02,0.000000000000e+00,-8.990154663541e-04,0.000000000000e+00
2252,0.000000000000e+00,-8.566324498301e-04,9.307657164385e-02,3.326986820693e-04,9.307657164385e-02,0.000000000000e+00,-8.566324498301e-04,0.000000000000e+00
2253,0.000000000000e+00,-8.152570848760e-04,9.307746761629e-02,3.291687259076e-04,9.307746761629e-02,0.000000000000e+00,-8.152570848760e-04,0.000000000000e+00
2254,0.000000000000e+00,-7.746506106121e-04,9.307689585045e-02,3.257423515360e-04,9.307689585045e-02,0.000000000000e+00,-7.746506106121e-04,0.000000000000e+00
2255,0.000000000000e+00,-7.345953327241e-04,9.307479873512e-02,3.223592544395e-04,9.307479873512e-02,0.000000000000e+00,-7.345953327241e-04,0.000000000000e+00
2256,0.000000000000e+00,-6.949016938782e-04,9.307111040967e-02,3.189662192088e-04,9.307111040967e-02,0.000000000000e+00,-6.949016938782e-04,0.000000000000e+00
2257,0.000000000000e+00,-6.554364144029e-04,9.306571389027e-02,3.155240270467e-04,9.306571389027e-02,0.000000000000e+00,-6.554364144029e-04,0.000000000000e+00
2258,0.000000000000e+00,-6.161472163089e-04,9.305844241129e-02,3.120116896347e-04,9.305844241129e-02,0.000000000000e+00,-6.161472163089e-04,0.000000000000e+00
2259,0.000000000000e+00,-5.770328304581e-04,9.304912421847e-02,3.084184426658e-04,9.304912421847e-02,0.000000000000e+00,-5.770328304581e-04,0.000000000000e+00
2260,0.000000000000e+00,-5.381382996322e-04,9.303762101124e-02,3.047451183385e-04,9.303762101124e-02,0.000000000000e+00,-5.381382996322e-04,0.000000000000e+00
2261,0.000000000000e+00,-4.995310771337e-04,9.302384602858e-02,3.010013108900e-04,9.302384602858e-02,0.000000000000e+00,-4.995310771337e-04,0.000000000000e+00
2262,0.000000000000e+00,-4.612749608333e-04,9.300777713011e-02,2.971990554703e-04,9.300777713011e-02,0.000000000000e+00,-4.612749608333e-04,0.000000000000e+00
2263,0.000000000000e+00,-4.233963102567e-04,9.298947447357e-02,2.933437095299e-04,9.298947447357e-02,0.000000000000e+00,-4.233963102567e-04,0.000000000000e+00
2264,0.000000000000e+00,-3.858833201669e-04,9.296910269118e-02,2.894337680778e-04,9.296910269118e-02,0.000000000000e+00,-3.858833201669e-04,0.000000000000e+00
2265,0.000000000000e+00,-3.486805302587e-04,9.294685725978e-02,2.854592953812e-04,9.294685725978e-02,0.000000000000e+00,-3.486805302587e-04,0.000000000000e+00
2266,0.000000000000e+00,-3.117150468157e-04,9.292299475426e-02,2.814070640338e-04,9.292299475426e-02,0.000000000000e+00,-3.117150468157e-04,0.000000000000e+00
2267,0.000000000000e+00,-2.749268590753e-04,9.289780333926e-02,2.772677648866e-04,9.289780333926e-02,0.000000000000e+00,-2.749268590753e-04,0.000000000000e+00
2268,0.000000000000e+00,-2.382951362195e-04,9.287160004610e-02,2.730410381144e-04,9.287160004610e-02,0.000000000000e+00,-2.382951362195e-04,0.000000000000e+00
2269,0.000000000000e+00,-2.018446993908e-04,9.284468385213e-02,2.687362159724e-04,9.284468385213e-02,0.000000000000e+00,-2.018446993908e-04,0.000000000000e+00
2270,0.000000000000e+00,-1.656353940262e-04,9.281731274270e-02,2.643705350998e-04,9.281731274270e-02,0.000000000000e+00,-1.656353940262e-04,0.000000000000e+00
2271,0.000000000000e+00,-1.296322639878e-04,9.278978370481e-02,2.599396283227e-04,9.278978370481e-02,0.000000000000e+00,-1.296322639878e-04,0.000000000000e+00
2272,0.000000000000e+00,-9.383355978571e-05,9.276230022498e-02,2.554495576318e-04,9.276230022498e-02,0.000000000000e+00,-9.383355978571e-05,0.000000000000e+00
2273,0.000000000000e+00,-5.828094976560e-05,9.273494416025e-02,2.509170617697e-04,9.273494416025e-02,0.000000000000e+00,-5.828094976560e-05,0.000000000000e+00
2274,0.000000000000e+00,-2.297666476106e-05,9.270775299274e-02,2.463505022192e-04,9.270775299274e-02,0.000000000000e+00,-2.297666476106e-05,0.000000000000e+00
2275,0.000000000000e+00,1.214514399560e-05,9.268073784865e-02,2.417440931284e-04,9.268073784865e-02,0.000000000000e+00,1.214514399560e-05,0.000000000000e+00
2276,0.000000000000e+00,4.719577897756e-05,9.265388013970e-02,2.370833006428e-04,9.265388013970e-02,0.000000000000e+00,4.719577897756e-05,0.000000000000e+00
2277,0.000000000000e+00,8.229520846699e-05,9.262713644793e-02,2.323527484198e-04,9.262713644793e-02,0.000000000000e+00,8.229520846699e-05,0.000000000000e+00
2278,0.000000000000e+00,1.175432430262e-04,9.260044551769e-02,2.275420055473e-04,9.260044551769e-02,0.000000000000e+00,1.175432430262e-04,0.000000000000e+00
2279,0.000000000000e+00,1.529977654171e-04,9.257374420461e-02,2.226490276828e-04,9.257374420461e-02,0.000000000000e+00,1.529977654171e-04,0.000000000000e+00
2280,0.000000000000e+00,1.886664137227e-04,9.254698330922e-02,2.176827369386e-04,9.254698330922e-02,0.000000000000e+00,1.886664137227e-04,0.000000000000e+00
2281,0.000000000000e+00,2.245303603847e-04,9.252016928847e-02,2.126582759317e-04,9.252016928847e-02,0.000000000000e+00,2.245303603847e-04,0.000000000000e+00
2282,0.000000000000e+00,2.605184593413e-04,9.249327988096e-02,2.076017105836e-04,9.249327988096e-02,0.000000000000e+00,2.605184593413e-04,0.000000000000e+00
2283,0.000000000000e+00,2.965399398076e-04,9.246632885739e-02,2.025437460471e-04,9.246632885739e-02,0.000000000000e+00,2.965399398076e-04,0.000000000000e+00
2284,0.000000000000e+00,3.325553934667e-04,9.243934244014e-02,1.975060857540e-04,9.243934244014e-02,0.000000000000e+00,3.325553934667e-04,0.000000000000e+00
2285,0.000000000000e+00,3.686019922089e-04,9.241230362110e-02,1.924939019023e-04,9.241230362110e-02,0.000000000000e+00,3.686019922089e-04,0.000000000000e+00
2286,0.000000000000e+00,4.047261979479e-04,9.238537303251e-02,1.875095964086e-04,9.238537303251e-02,0.000000000000e+00,4.047261979479e-04,0.000000000000e+00
2287,0.000000000000e+00,4.409891450349e-04,9.235869132651e-02,1.825525457269e-04,9.235869132651e-02,0.000000000000e+00,4.409891450349e-04,0.000000000000e+00
2288,0.000000000000e+00,4.774431457939e-04,9.233238698628e-02,1.776229108532e-04,9.233238698628e-02,0.000000000000e+00,4.774431457939e-04,0.000000000000e+00
2289,0.000000000000e+00,5.141173015294e-04,9.230655724804e-02,1.727239193798e-04,9.230655724804e-02,0.000000000000e+00,5.141173015294e-04,0.000000000000e+00
2290,0.000000000000e+00,5.510026829103e-04,9.228128072198e-02,1.678656365210e-04,9.228128072198e-02,0.000000000000e+00,5.510026829103e-04,0.000000000000e+00
2291,0.000000000000e+00,5.880528967220e-04,9.225660903752e-02,1.630648499580e-04,9.225660903752e-02,0.000000000000e+00,5.880528967220e-04,0.000000000000e+00
2292,0.000000000000e+00,6.252102147360e-04,9.223257812674e-02,1.583385890432e-04,9.223257812674e-02,0.000000000000e+00,6.252102147360e-04,0.000000000000e+00
2293,0.000000000000e+00,6.624249429821e-04,9.220920920839e-02,1.537003859008e-04,9.220920920839e-02,0.000000000000e+00,6.624249429821e-04,0.000000000000e+00
2294,0.000000000000e+00,6.996533692123e-04,9.218650813480e-02,1.491609597314e-04,9.218650813480e-02,0.000000000000e+00,6.996533692123e-04,0.000000000000e+00
2295,0.000000000000e+00,7.368658426748e-04,9.216447542430e-02,1.447264723742e-04,9.216447542430e-02,0.000000000000e+00,7.368658426748e-04,0.000000000000e+00
2296,0.000000000000e+00,7.740695250294e-04,9.214312676208e-02,1.403940606155e-04,9.214312676208e-02,0.000000000000e+00,7.740695250294e-04,0.000000000000e+00
2297,0.000000000000e+00,8.112855606800e-04,9.212247472352e-02,1.361587481888e-04,9.212247472352e-02,0.000000000000e+00,8.112855606800e-04,0.000000000000e+00
2298,0.000000000000e+00,8.485542730370e-04,9.210254204718e-02,1.320115173240e-04,9.210254204718e-02,0.000000000000e+00,8.485542730370e-04,0.000000000000e+00
2299,0.000000000000e+00,8.858915262717e-04,9.208333481444e-02,1.279479417388e-04,9.208333481444e-02,0.000000000000e+00,8.858915262717e-04,0.000000000000e+00
2300,0.000000000000e+00,9.232711766050e-04,9.206483765996e-02,1.239721612564e-04,9.206483765996e-02,0.000000000000e+00,9.232711766050e-04,0.000000000000e+00
2301,0.000000000000e+00,9.606325546706e-04,9.204703287241e-02,1.200952110588e-04,9.204703287241e-02,0.000000000000e+00,9.606325546706e-04,0.000000000000e+00
2302,0.000000000000e+00,9.978464376110e-04,9.202987661593e-02,1.163419978013e-04,9.202987661593e-02,0.000000000000e+00,9.978464376110e-04,0.000000000000e+00
2303,0.000000000000e+00,1.034724206531e-03,9.201331090357e-02,1.127486069232e-04,9.201331090357e-02,0.000000000000e+00,1.034724206531e-03,0.000000000000e+00
2304,0.000000000000e+00,1.071063313232e-03,9.199728806576e-02,1.093520799367e-04,9.199728806576e-02,0.000000000000e+00,1.071063313232e-03,0.000000000000e+00
2305,0.000000000000e+00,1.106657347949e-03,9.198175732937e-02,1.061883624607e-04,9.198175732937e-02,0.000000000000e+00,1.106657347949e-03,0.000000000000e+00
2306,0.000000000000e+00,1.141297170651e-03,9.196664504737e-02,1.032924078563e-04,9.196664504737e-02,0.000000000000e+00,1.141297170651e-03,0.000000000000e+00
2307,0.000000000000e+00,1.174782555478e-03,9.195184809652e-02,1.006965586963e-04,9.195184809652e-02,0.000000000000e+00,1.174782555478e-03,0.000000000000e+00
2308,0.000000000000e+00,1.206946097625e-03,9.193724533868e-02,9.842628225494e-05,9.193724533868e-02,0.000000000000e+00,1.206946097625e-03,0.000000000000e+00
2309,0.000000000000e+00,1.237676879823e-03,9.192271510733e-02,9.649650012315e-05,9.192271510733e-02,0.000000000000e+00,1.237676879823e-03,0.000000000000e+00
2310,0.000000000000e+00,1.266930600941e-03,9.190815717916e-02,9.490929794138e-05,9.190815717916e-02,0.000000000000e+00,1.266930600941e-03,0.000000000000e+00
2311,0.000000000000e+00,1.294717387690e-03,9.189350829860e-02,9.365686985529e-05,9.189350829860e-02,0.000000000000e+00,1.294717387690e-03,0.000000000000e+00
2312,0.000000000000e+00,1.321104281791e-03,9.187871590595e-02,9.272081917853e-05,9.187871590595e-02,0.000000000000e+00,1.321104281791e-03,0.000000000000e+00
2313,0.000000000000e+00,1.346182727650e-03,9.186375062060e-02,9.207890997847e-05,9.186375062060e-02,0.000000000000e+00,1.346182727650e-03,0.000000000000e+00
2314,0.000000000000e+00,1.370042461451e-03,9.184861036553e-02,9.171014901176e-05,9.184861036553e-02,0.000000000000e+00,1.370042461451e-03,0.000000000000e+00
2315,0.000000000000e+00,1.392748678316e-03,9.183332882076e-02,9.159939567181e-05,9.183332882076e-02,0.000000000000e+00,1.392748678316e-03,0.000000000000e+00
2316,0.000000000000e+00,1.414329531207e-03,9.181797019785e-02,9.173937035143e-05,9.181797019785e-02,0.000000000000e+00,1.414329531207e-03,0.000000000000e+00
2317,0.000000000000e+00,1.434760110607e-03,9.180261763337e-02,9.213340353262e-05,9.180261763337e-02,0.000000000000e+00,1.434760110607e-03,0.000000000000e+00
2318,0.000000000000e+00,1.453948216486e-03,9.178736709940e-02,9.279860720469e-05,9.178736709940e-02,0.000000000000e+00,1.453948216486e-03,0.000000000000e+00
2319,0.000000000000e+00,1.471745070139e-03,9.177233793313e-02,9.376330831240e-05,9.177233793313e-02,0.000000000000e+00,1.471745070139e-03,0.000000000000e+00
2320,0.000000000000e+00,1.487952824372e-03,9.175765479167e-02,9.506553878336e-05,9.175765479167e-02,0.000000000000e+00,1.487952824372e-03,0.000000000000e+00
2321,0.000000000000e+00,1.502334879281e-03,9.174343338427e-02,9.674998905973e-05,9.174343338427e-02,0.000000000000e+00,1.502334879281e-03,0.000000000000e+00
2322,0.000000000000e+00,1.514626141544e-03,9.172978105048e-02,9.886623771826e-05,9.172978105048e-02,0.000000000000e+00,1.514626141544e-03,0.000000000000e+00
2323,0.000000000000e+00,1.524552549427e-03,9.171678559202e-02,1.014652824091e-04,9.171678559202e-02,0.000000000000e+00,1.524552549427e-03,0.000000000000e+00
2324,0.000000000000e+00,1.531842174846e-03,9.170451078067e-02,1.045976765310e-04,9.170451078067e-02,0.000000000000e+00,1.531842174846e-03,0.000000000000e+00
2325,0.000000000000e+00,1.536238545093e-03,9.169298466622e-02,1.083110809742e-04,9.169298466622e-02,0.000000000000e+00,1.536238545093e-03,0.000000000000e+00
2326,0.000000000000e+00,1.537559070678e-03,9.168222338111e-02,1.126377931968e-04,9.168222338111e-02,0.000000000000e+00,1.537559070678e-03,0.000000000000e+00
2327,0.000000000000e+00,1.535698433538e-03,9.167222592848e-02,1.175934966337e-04,9.167222592848e-02,0.000000000000e+00,1.535698433538e-03,0.000000000000e+00
2328,0.000000000000e+00,1.530594472311e-03,9.166294715286e-02,1.231850324512e-04,9.166294715286e-02,0.000000000000e+00,1.530594472311e-03,0.000000000000e+00
2329,0.000000000000e+00,1.522206822938e-03,9.165427623770e-02,1.294151630800e-04,9.165427623770e-02,0.000000000000e+00,1.522206822938e-03,0.000000000000e+00
2330,0.000000000000e+00,1.510547155263e-03,9.164607362143e-02,1.362757728758e-04,9.164607362143e-02,0.000000000000e+00,1.510547155263e-03,0.000000000000e+00
2331,0.000000000000e+00,1.495712845999e-03,9.163821578143e-02,1.437404974494e-04,9.163821578143e-02,0.000000000000e+00,1.495712845999e-03,0.000000000000e+00
2332,0.000000000000e+00,1.477832426819e-03,9.163057045028e-02,1.517766427915e-04,9.163057045028e-02,0.000000000000e+00,1.477832426819e-03,0.000000000000e+00
2333,0.000000000000e+00,1.457068926202e-03,9.162302227843e-02,1.603443435418e-04,9.162302227843e-02,0.000000000000e+00,1.457068926202e-03,0.000000000000e+00
2334,0.000000000000e+00,1.433609169004e-03,9.161548393809e-02,1.693987243739e-04,9.161548393809e-02,0.000000000000e+00,1.433609169004e-03,0.000000000000e+00
2335,0.000000000000e+00,1.407652115916e-03,9.160789299385e-02,1.788927976324e-04,9.160789299385e-02,0.000000000000e+00,1.407652115916e-03,0.000000000000e+00
2336,0.000000000000e+00,1.379391458596e-03,9.160022557725e-02,1.887809508827e-04,9.160022557725e-02,0.000000000000e+00,1.379391458596e-03,0.000000000000e+00
2337,0.000000000000e+00,1.349009372816e-03,9.159250356942e-02,1.990199170122e-04,9.159250356942e-02,0.000000000000e+00,1.349009372816e-03,0.000000000000e+00
2338,0.000000000000e+00,1.316669875869e-03,9.158477187504e-02,2.095694838400e-04,9.158477187504e-02,0.000000000000e+00,1.316669875869e-03,0.000000000000e+00
2339,0.000000000000e+00,1.282517452953e-03,9.157709151244e-02,2.203921849726e-04,9.157709151244e-02,0.000000000000e+00,1.282517452953e-03,0.000000000000e+00
2340,0.000000000000e+00,1.246667299659e-03,9.156953154279e-02,2.314550090409e-04,9.156953154279e-02,0.000000000000e+00,1.246667299659e-03,0.000000000000e+00
2341,0.000000000000e+00,1.209194065834e-03,9.156215919946e-02,2.427323834734e-04,9.156215919946e-02,0.000000000000e+00,1.209194065834e-03,0.000000000000e+00
2342,0.000000000000e+00,1.170147781600e-03,9.155504195341e-02,2.542018571850e-04,9.155504195341e-02,0.000000000000e+00,1.170147781600e-03,0.000000000000e+00
2343,0.000000000000e+00,1.129566147529e-03,9.154824718189e-02,2.658413604999e-04,9.154824718189e-02,0.000000000000e+00,1.129566147529e-03,0.000000000000e+00
2344,0.000000000000e+00,1.087453399279e-03,9.154181323276e-02,2.776347611772e-04,9.154181323276e-02,0.000000000000e+00,1.087453399279e-03,0.000000000000e+00
2345,0.000000000000e+00,1.043799911197e-03,9.153575382515e-02,2.895678436527e-04,9.153575382515e-02,0.000000000000e+00,1.043799911197e-03,0.000000000000e+00
2346,0.000000000000e+00,9.986095951071e-04,9.153007880326e-02,3.016227829708e-04,9.153007880326e-02,0.000000000000e+00,9.986095951071e-04,0.000000000000e+00
2347,0.000000000000e+00,9.519176889066e-04,9.152479384593e-02,3.137750848325e-04,9.152479384593e-02,0.000000000000e+00,9.519176889066e-04,0.000000000000e+00
2348,0.000000000000e+00,9.037961783699e-04,9.151989662819e-02,3.259926779343e-04,9.151989662819e-02,0.000000000000e+00,9.037961783699e-04,0.000000000000e+00
2349,0.000000000000e+00,8.543629952774e-04,9.151538127675e-02,3.382343610314e-04,9.151538127675e-02,0.000000000000e+00,8.543629952774e-04,0.000000000000e+00
2350,0.000000000000e+00,8.037543924456e-04,9.151122200442e-02,3.504555350132e-04,9.151122200442e-02,0.000000000000e+00,8.037543924456e-04,0.000000000000e+00
2351,0.000000000000e+00,7.521061456881e-04,9.150736847799e-02,3.626118416753e-04,9.150736847799e-02,0.000000000000e+00,7.521061456881e-04,0.000000000000e+00
2352,0.000000000000e+00,6.995421739322e-04,9.150374979187e-02,3.746614800372e-04,9.150374979187e-02,0.000000000000e+00,6.995421739322e-04,0.000000000000e+00
2353,0.000000000000e+00,6.461687906451e-04,9.150027942092e-02,3.865670007421e-04,9.150027942092e-02,0.000000000000e+00,6.461687906451e-04,0.000000000000e+00
2354,0.000000000000e+00,5.920788250575e-04,9.149686164018e-02,3.982944312461e-04,9.149686164018e-02,0.000000000000e+00,5.920788250575e-04,0.000000000000e+00
2355,0.000000000000e+00,5.373611161501e-04,9.149340028590e-02,4.098111343913e-04,9.149340028590e-02,0.000000000000e+00,5.373611161501e-04,0.000000000000e+00
2356,0.000000000000e+00,4.821195481802e-04,9.148981281591e-02,4.210821744744e-04,9.148981281591e-02,0.000000000000e+00,4.821195481802e-04,0.000000000000e+00
2357,0.000000000000e+00,4.265009313105e-04,9.148604800449e-02,4.320646905786e-04,9.148604800449e-02,0.000000000000e+00,4.265009313105e-04,0.000000000000e+00
2358,0.000000000000e+00,3.707120109003e-04,9.148210151726e-02,4.427047427891e-04,9.148210151726e-02,0.000000000000e+00,3.707120109003e-04,0.000000000000e+00
2359,0.000000000000e+00,3.150316129140e-04,9.147802407628e-02,4.529354112184e-04,9.147802407628e-02,0.000000000000e+00,3.150316129140e-04,0.000000000000e+00
2360,0.000000000000e+00,2.597739024084e-04,9.147389887552e-02,4.626853706740e-04,9.147389887552e-02,0.000000000000e+00,2.597739024084e-04,0.000000000000e+00
2361,0.000000000000e+00,2.052848176374e-04,9.146985174761e-02,4.718796446117e-04,9.146985174761e-02,0.000000000000e+00,2.052848176374e-04,0.000000000000e+00
2362,0.000000000000e+00,1.519199874214e-04,9.146604992937e-02,4.804438105358e-04,9.146604992937e-02,0.000000000000e+00,1.519199874214e-04,0.000000000000e+00
2363,0.000000000000e+00,1.000142605720e-04,9.146269511586e-02,4.883093409001e-04,9.146269511586e-02,0.000000000000e+00,1.000142605720e-04,0.000000000000e+00
2364,0.000000000000e+00,4.986067275843e-05,9.146003118112e-02,4.954180803550e-04,9.146003118112e-02,0.000000000000e+00,4.986067275843e-05,0.000000000000e+00
2365,0.000000000000e+00,1.693977928527e-06,9.145833880191e-02,5.017253170570e-04,9.145833880191e-02,0.000000000000e+00,1.693977928527e-06,0.000000000000e+00
2366,0.000000000000e+00,-4.433363300769e-05,9.145792725342e-02,5.072047312257e-04,9.145792725342e-02,0.000000000000e+00,-4.433363300769e-05,0.000000000000e+00
2367,0.000000000000e+00,-8.815794796302e-05,9.145912281106e-02,5.118492638959e-04,9.145912281106e-02,0.000000000000e+00,-8.815794796302e-05,0.000000000000e+00
2368,0.000000000000e+00,-1.297864408482e-04,9.146225499659e-02,5.156679431301e-04,9.146225499659e-02,0.000000000000e+00,-1.297864408482e-04,0.000000000000e+00
2369,0.000000000000e+00,-1.692767509190e-04,9.146763157965e-02,5.186824631584e-04,9.146763157965e-02,0.000000000000e+00,-1.692767509190e-04,0.000000000000e+00
2370,0.000000000000e+00,-2.066994435386e-04,9.147552176622e-02,5.209187967252e-04,9.147552176622e-02,0.000000000000e+00,-2.066994435386e-04,0.000000000000e+00
2371,0.000000000000e+00,-2.421290666008e-04,9.148612743546e-02,5.224047780442e-04,9.148612743546e-02,0.000000000000e+00,-2.421290666008e-04,0.000000000000e+00
2372,0.000000000000e+00,-2.756345462324e-04,9.149956331820e-02,5.231685796575e-04,9.149956331820e-02,0.000000000000e+00,-2.756345462324e-04,0.000000000000e+00
2373,0.000000000000e+00,-3.072855168280e-04,9.151584197274e-02,5.232394726046e-04,9.151584197274e-02,0.000000000000e+00,-3.072855168280e-04,0.000000000000e+00
2374,0.000000000000e+00,-3.371592941800e-04,9.153487139218e-02,5.226484011111e-04,9.153487139218e-02,0.000000000000e+00,-3.371592941800e-04,0.000000000000e+00
2375,0.000000000000e+00,-3.653526066599e-04,9.155645945989e-02,5.214295268890e-04,9.155645945989e-02,0.000000000000e+00,-3.653526066599e-04,0.000000000000e+00
2376,0.000000000000e+00,-3.919790767558e-04,9.158033157366e-02,5.196194058266e-04,9.158033157366e-02,0.000000000000e+00,-3.919790767558e-04,0.000000000000e+00
2377,0.000000000000e+00,-4.171572972769e-04,9.160615191135e-02,5.172545049529e-04,9.160615191135e-02,0.000000000000e+00,-4.171572972769e-04,0.000000000000e+00
2378,0.000000000000e+00,-4.409978639298e-04,9.163354278788e-02,5.143688940931e-04,9.163354278788e-02,0.000000000000e+00,-4.409978639298e-04,0.000000000000e+00
2379,0.000000000000e+00,-4.635871500103e-04,9.166209912381e-02,5.109907978680e-04,9.166209912381e-02,0.000000000000e+00,-4.635871500103e-04,0.000000000000e+00
2380,0.000000000000e+00,-4.849700362856e-04,9.169140539873e-02,5.071400449649e-04,9.169140539873e-02,0.000000000000e+00,-4.849700362856e-04,0.000000000000e+00
2381,0.000000000000e+00,-5.051307412870e-04,9.172105014151e-02,5.028237756934e-04,9.172105014151e-02,0.000000000000e+00,-5.051307412870e-04,0.000000000000e+00
2382,0.000000000000e+00,-5.239937168866e-04,9.175064157176e-02,4.980365310940e-04,9.175064157176e-02,0.000000000000e+00,-5.239937168866e-04,0.000000000000e+00
2383,0.000000000000e+00,-5.414358919123e-04,9.177982568249e-02,4.927624451980e-04,9.177982568249e-02,0.000000000000e+00,-5.414358919123e-04,0.000000000000e+00
2384,0.000000000000e+00,-5.573189249596e-04,9.180830462822e-02,4.869831553059e-04,9.180830462822e-02,0.000000000000e+00,-5.573189249596e-04,0.000000000000e+00
2385,0.000000000000e+00,-5.715291934158e-04,9.183585253263e-02,4.806841513078e-04,9.183585253263e-02,0.000000000000e+00,-5.715291934158e-04,0.000000000000e+00
2386,0.000000000000e+00,-5.839972625949e-04,9.186232988465e-02,4.738597464480e-04,9.186232988465e-02,0.000000000000e+00,-5.839972625949e-04,0.000000000000e+00
2387,0.000000000000e+00,-5.947127516462e-04,9.188768380533e-02,4.665175233595e-04,9.188768380533e-02,0.000000000000e+00,-5.947127516462e-04,0.000000000000e+00
2388,0.000000000000e+00,-6.037345884962e-04,9.191193342525e-02,4.586796220695e-04,9.191193342525e-02,0.000000000000e+00,-6.037345884962e-04,0.000000000000e+00
2389,0.000000000000e+00,-6.111837186299e-04,9.193516045855e-02,4.503827498916e-04,9.193516045855e-02,0.000000000000e+00,-6.111837186299e-04,0.000000000000e+00
2390,0.000000000000e+00,-6.172144676160e-04,9.195751248187e-02,4.416716723661e-04,9.195751248187e-02,0.000000000000e+00,-6.172144676160e-04,0.000000000000e+00
2391,0.000000000000e+00,-6.220330401594e-04,9.197916823501e-02,4.326026158567e-04,9.197916823501e-02,0.000000000000e+00,-6.220330401594e-04,0.000000000000e+00
2392,0.000000000000e+00,-6.258784942663e-04,9.200033311460e-02,4.232414040475e-04,9.200033311460e-02,0.000000000000e+00,-6.258784942663e-04,0.000000000000e+00
2393,0.000000000000e+00,-6.290047239897e-04,9.202123657958e-02,4.136580193845e-04,9.202123657958e-02,0.000000000000e+00,-6.290047239897e-04,0.000000000000e+00
2394,0.000000000000e+00,-6.316807907096e-04,9.204211572032e-02,4.039255310161e-04,9.204211572032e-02,0.000000000000e+00,-6.316807907096e-04,0.000000000000e+00
2395,0.000000000000e+00,-6.341983052206e-04,9.206319108610e-02,3.941209715745e-04,9.206319108610e-02,0.000000000000e+00,-6.341983052206e-04,0.000000000000e+00
2396,0.000000000000e+00,-6.368759352418e-04,9.208464438340e-02,3.843234739084e-04,9.208464438340e-02,0.000000000000e+00,-6.368759352418e-04,0.000000000000e+00
2397,0.000000000000e+00,-6.400469552304e-04,9.210659457134e-02,3.746128352130e-04,9.210659457134e-02,0.000000000000e+00,-6.400469552304e-04,0.000000000000e+00
2398,0.000000000000e+00,-6.440392629783e-04,9.212908659790e-02,3.650658607124e-04,9.212908659790e-02,0.000000000000e+00,-6.440392629783e-04,0.000000000000e+00
2399,0.000000000000e+00,-6.491422725085e-04,9.215209146905e-02,3.557493602048e-04,9.215209146905e-02,0.000000000000e+00,-6.491422725085e-04,0.000000000000e+00
2400,0.000000000000e+00,-6.555629683944e-04,9.217552100029e-02,3.467112387372e-04,9.217552100029e-02,0.000000000000e+00,-6.555629683944e-04,0.000000000000e+00
2401,0.000000000000e+00,-6.633851927878e-04,9.219925166079e-02,3.379741433969e-04,9.219925166079e-02,0.000000000000e+00,-6.633851927878e-04,0.000000000000e+00
2402,0.000000000000e+00,-6.725548337898e-04,9.222313832023e-02,3.295331616703e-04,9.222313832023e-02,0.000000000000e+00,-6.725548337898e-04,0.000000000000e+00
2403,0.000000000000e+00,-6.828851442923e-04,9.224702297782e-02,3.213580544992e-04,9.224702297782e-02,0.000000000000e+00,-6.828851442923e-04,0.000000000000e+00
2404,0.000000000000e+00,-6.940820374221e-04,9.227074479340e-02,3.133951361164e-04,9.227074479340e-02,0.000000000000e+00,-6.940820374221e-04,0.000000000000e+00
2405,0.000000000000e+00,-7.057688385112e-04,9.229415938931e-02,3.055755621346e-04,9.229415938931e-02,0.000000000000e+00,-7.057688385112e-04,0.000000000000e+00
2406,0.000000000000e+00,-7.175417707436e-04,9.231714561012e-02,2.978272902683e-04,9.231714561012e-02,0.000000000000e+00,-7.175417707436e-04,0.000000000000e+00
2407,0.000000000000e+00,-7.289856442056e-04,9.233957181368e-02,2.900741793845e-04,9.233957181368e-02,0.000000000000e+00,-7.289856442056e-04,0.000000000000e+00
2408,0.000000000000e+00,-7.397021381522e-04,9.236128756905e-02,2.822421822173e-04,9.236128756905e-02,0.000000000000e+00,-7.397021381522e-04,0.000000000000e+00
2409,0.000000000000e+00,-7.493148346537e-04,9.238213549966e-02,2.742611602535e-04,9.238213549966e-02,0.000000000000e+00,-7.493148346537e-04,0.000000000000e+00
2410,0.000000000000e+00,-7.575012893067e-04,9.240193102121e-02,2.660732720418e-04,9.240193102121e-02,0.000000000000e+00,-7.575012893067e-04,0.000000000000e+00
2411,0.000000000000e+00,-7.640009124179e-04,9.242048037648e-02,2.576329027439e-04,9.242048037648e-02,0.000000000000e+00,-7.640009124179e-04,0.000000000000e+00
2412,0.000000000000e+00,-7.686114233850e-04,9.243760684248e-02,2.489052732934e-04,9.243760684248e-02,0.000000000000e+00,-7.686114233850e-04,0.000000000000e+00
2413,0.000000000000e+00,-7.712009999345e-04,9.245316500306e-02,2.398697521892e-04,9.245316500306e-02,0.000000000000e+00,-7.712009999345e-04,0.000000000000e+00
2414,0.000000000000e+00,-7.717057186910e-04,9.246703385565e-02,2.305212812133e-04,9.246703385565e-02,0.000000000000e+00,-7.717057186910e-04,0.000000000000e+00
2415,0.000000000000e+00,-7.701342310614e-04,9.247912849241e-02,2.208711432992e-04,9.247912849241e-02,0.000000000000e+00,-7.701342310614e-04,0.000000000000e+00
2416,0.000000000000e+00,-7.665647134624e-04,9.248940450573e-02,2.109454202035e-04,9.248940450573e-02,0.000000000000e+00,-7.665647134624e-04,0.000000000000e+00
2417,0.000000000000e+00,-7.611376079486e-04,9.249785662762e-02,2.007863309692e-04,9.249785662762e-02,0.000000000000e+00,-7.611376079486e-04,0.000000000000e+00
2418,0.000000000000e+00,-7.540308401286e-04,9.250450364529e-02,1.904430827178e-04,9.250450364529e-02,0.000000000000e+00,-7.540308401286e-04,0.000000000000e+00
2419,0.000000000000e+00,-7.454366290709e-04,9.250938826823e-02,1.799676863722e-04,9.250938826823e-02,0.000000000000e+00,-7.454366290709e-04,0.000000000000e+00
2420,0.000000000000e+00,-7.355353005606e-04,9.251258392810e-02,1.694076157453e-04,9.251258392810e-02,0.000000000000e+00,-7.355353005606e-04,0.000000000000e+00
2421,0.000000000000e+00,-7.245077594005e-04,9.251418919346e-02,1.588093616574e-04,9.251418919346e-02,0.000000000000e+00,-7.245077594005e-04,0.000000000000e+00
2422,0.000000000000e+00,-7.125301713922e-04,9.251431963986e-02,1.482191224094e-04,9.251431963986e-02,0.000000000000e+00,-7.125301713922e-04,0.000000000000e+00
2423,0.000000000000e+00,-6.997850735871e-04,9.251312286114e-02,1.376858432803e-04,9.251312286114e-02,0.000000000000e+00,-6.997850735871e-04,0.000000000000e+00
2424,0.000000000000e+00,-6.864604908842e-04,9.251076580421e-02,1.272610591453e-04,9.251076580421e-02,0.000000000000e+00,-6.864604908842e-04,0.000000000000e+00
2425,0.000000000000e+00,-6.727453412017e-04,9.250741107409e-02,1.169974678244e-04,9.250741107409e-02,0.000000000000e+00,-6.727453412017e-04,0.000000000000e+00
2426,0.000000000000e+00,-6.588145464921e-04,9.250319609003e-02,1.069450265506e-04,9.250319609003e-02,0.000000000000e+00,-6.588145464921e-04,0.000000000000e+00
2427,0.000000000000e+00,-6.448124990511e-04,9.249821863796e-02,9.714896176536e-05,9.249821863796e-02,0.000000000000e+00,-6.448124990511e-04,0.000000000000e+00
2428,0.000000000000e+00,-6.308449093106e-04,9.249252759702e-02,8.764744511464e-05,9.249252759702e-02,0.000000000000e+00,-6.308449093106e-04,0.000000000000e+00
2429,0.000000000000e+00,-6.169788726792e-04,9.248611363206e-02,7.847217490205e-05,9.248611363206e-02,0.000000000000e+00,-6.169788726792e-04,0.000000000000e+00
2430,0.000000000000e+00,-6.032556824497e-04,9.247890975138e-02,6.965091501433e-05,9.247890975138e-02,0.000000000000e+00,-6.032556824497e-04,0.000000000000e+00
2431,0.000000000000e+00,-5.897133180355e-04,9.247080421370e-02,6.121019691948e-05,9.247080421370e-02,0.000000000000e+00,-5.897133180355e-04,0.000000000000e+00
2432,0.000000000000e+00,-5.764046312707e-04,9.246165990573e-02,5.318012527829e-05,9.246165990573e-02,0.000000000000e+00,-5.764046312707e-04,0.000000000000e+00
2433,0.000000000000e+00,-5.634037939842e-04,9.245132991340e-02,4.559566828195e-05,9.245132991340e-02,0.000000000000e+00,-5.634037939842e-04,0.000000000000e+00
2434,0.000000000000e+00,-5.508081984388e-04,9.243966787813e-02,3.849655736395e-05,9.243966787813e-02,0.000000000000e+00,-5.508081984388e-04,0.000000000000e+00
2435,0.000000000000e+00,-5.387293557171e-04,9.242656661009e-02,3.192508661286e-05,9.242656661009e-02,0.000000000000e+00,-5.387293557171e-04,0.000000000000e+00
2436,0.000000000000e+00,-5.272633990550e-04,9.241194249302e-02,2.591691364757e-05,9.241194249302e-02,0.000000000000e+00,-5.272633990550e-04,0.000000000000e+00
2437,0.000000000000e+00,-5.164593384915e-04,9.239572599996e-02,2.049395713489e-05,9.239572599996e-02,0.000000000000e+00,-5.164593384915e-04,0.000000000000e+00
2438,0.000000000000e+00,-5.063007657153e-04,9.237788988693e-02,1.566255342539e-05,9.237788988693e-02,0.000000000000e+00,-5.063007657153e-04,0.000000000000e+00
2439,0.000000000000e+00,-4.967059521137e-04,9.235844779473e-02,1.141364539361e-05,9.235844779473e-02,0.000000000000e+00,-4.967059521137e-04,0.000000000000e+00
2440,0.000000000000e+00,-4.875199497264e-04,9.233742992934e-02,7.721784825206e-06,9.233742992934e-02,0.000000000000e+00,-4.875199497264e-04,0.000000000000e+00
2441,0.000000000000e+00,-4.785440295967e-04,9.231486417232e-02,4.551231392823e-06,9.231486417232e-02,0.000000000000e+00,-4.785440295967e-04,0.000000000000e+00
2442,0.000000000000e+00,-4.695967974124e-04,9.229076439480e-02,1.866586293309e-06,9.229076439480e-02,0.000000000000e+00,-4.695967974124e-04,0.000000000000e+00
2443,0.000000000000e+00,-4.605453510837e-04,9.226511434695e-02,-3.602676852314e-07,9.226511434695e-02,0.000000000000e+00,-4.605453510837e-04,0.000000000000e+00
2444,0.000000000000e+00,-4.513217625141e-04,9.223786153499e-02,-2.144962125309e-06,9.223786153499e-02,0.000000000000e+00,-4.513217625141e-04,0.000000000000e+00
2445,0.000000000000e+00,-4.419221605325e-04,9.220890479885e-02,-3.489512892043e-06,9.220890479885e-02,0.000000000000e+00,-4.419221605325e-04,0.000000000000e+00
2446,0.000000000000e+00,-4.324121033729e-04,9.217808919868e-02,-4.381289047175e-06,9.217808919868e-02,0.000000000000e+00,-4.324121033729e-04,0.000000000000e+00
2447,0.000000000000e+00,-4.229124954953e-04,9.214520603539e-02,-4.797286096268e-06,9.214520603539e-02,0.000000000000e+00,-4.229124954953e-04,0.000000000000e+00
2448,0.000000000000e+00,-4.135762504503e-04,9.210999070710e-02,-4.707385111795e-06,9.210999070710e-02,0.000000000000e+00,-4.135762504503e-04,0.000000000000e+00
2449,0.000000000000e+00,-4.045681342828e-04,9.207212682644e-02,-4.078490570313e-06,9.207212682644e-02,0.000000000000e+00,-4.045681342828e-04,0.000000000000e+00
2450,0.000000000000e+00,-3.960538894868e-04,9.203125832672e-02,-2.875934083889e-06,9.203125832672e-02,0.000000000000e+00,-3.960538894868e-04,0.000000000000e+00
2451,0.000000000000e+00,-3.882003461188e-04,9.198700597010e-02,-1.063881034192e-06,9.198700597010e-02,0.000000000000e+00,-3.882003461188e-04,0.000000000000e+00
2452,0.000000000000e+00,-3.811841631520e-04,9.193898731320e-02,1.395863424243e-06,9.193898731320e-02,0.000000000000e+00,-3.811841631520e-04,0.000000000000e+00
2453,0.000000000000e+00,-3.752038039527e-04,9.188683469934e-02,4.547526610074e-06,9.188683469934e-02,0.000000000000e+00,-3.752038039527e-04,0.000000000000e+00
2454,0.000000000000e+00,-3.704839096951e-04,9.183022477107e-02,8.439870933497e-06,9.183022477107e-02,0.000000000000e+00,-3.704839096951e-04,0.000000000000e+00
2455,0.000000000000e+00,-3.672757104444e-04,9.176890324559e-02,1.312542066615e-05,9.176890324559e-02,0.000000000000e+00,-3.672757104444e-04,0.000000000000e+00
2456,0.000000000000e+00,-3.658472928204e-04,9.170270809010e-02,1.865727433436e-05,9.170270809010e-02,0.000000000000e+00,-3.658472928204e-04,0.000000000000e+00
2457,0.000000000000e+00,-3.664566559293e-04,9.163159402284e-02,2.508398069726e-05,9.163159402284e-02,0.000000000000e+00,-3.664566559293e-04,0.000000000000e+00
2458,0.000000000000e+00,-3.692871497813e-04,9.155567967600e-02,3.243524705116e-05,9.155567967600e-02,0.000000000000e+00,-3.692871497813e-04,0.000000000000e+00
2459,0.000000000000e+00,-3.744827283415e-04,9.147521129646e-02,4.072958557651e-05,9.147521129646e-02,0.000000000000e+00,-3.744827283415e-04,0.000000000000e+00
2460,0.000000000000e+00,-3.821152056676e-04,9.139059316476e-02,4.996735585353e-05,9.139059316476e-02,0.000000000000e+00,-3.821152056676e-04,0.000000000000e+00
2461,0.000000000000e+00,-3.921599887120e-04,9.130239114191e-02,6.012524895948e-05,9.130239114191e-02,0.000000000000e+00,-3.921599887120e-04,0.000000000000e+00
2462,0.000000000000e+00,-4.045018956090e-04,9.121132988908e-02,7.115775273406e-05,9.121132988908e-02,0.000000000000e+00,-4.045018956090e-04,0.000000000000e+00
2463,0.000000000000e+00,-4.189317955861e-04,9.111827622554e-02,8.299615211766e-05,9.111827622554e-02,0.000000000000e+00,-4.189317955861e-04,0.000000000000e+00
2464,0.000000000000e+00,-4.351513896229e-04,9.102421821232e-02,9.555036207901e-05,9.102421821232e-02,0.000000000000e+00,-4.351513896229e-04,0.000000000000e+00
2465,0.000000000000e+00,-4.527968959509e-04,9.093023044264e-02,1.087161717933e-04,9.093023044264e-02,0.000000000000e+00,-4.527968959509e-04,0.000000000000e+00
2466,0.000000000000e+00,-4.714504745790e-04,9.083744632031e-02,1.223767673997e-04,9.083744632031e-02,0.000000000000e+00,-4.714504745790e-04,0.000000000000e+00
2467,0.000000000000e+00,-4.906546053117e-04,9.074702697022e-02,1.364053285128e-04,9.074702697022e-02,0.000000000000e+00,-4.906546053117e-04,0.000000000000e+00
2468,0.000000000000e+00,-5.099399461431e-04,9.066013083015e-02,1.506713603268e-04,9.066013083015e-02,0.000000000000e+00,-5.099399461431e-04,0.000000000000e+00
2469,0.000000000000e+00,-5.288213858422e-04,9.057784718690e-02,1.650413468060e-04,9.057784718690e-02,0.000000000000e+00,-5.288213858422e-04,0.000000000000e+00
2470,0.000000000000e+00,-5.468215365960e-04,9.050115896669e-02,1.793847209941e-04,9.050115896669e-02,0.000000000000e+00,-5.468215365960e-04,0.000000000000e+00
2471,0.000000000000e+00,-5.634952506841e-04,9.043090392917e-02,1.935786623086e-04,9.043090392917e-02,0.000000000000e+00,-5.634952506841e-04,0.000000000000e+00
2472,0.000000000000e+00,-5.784396027041e-04,9.036773548378e-02,2.075100894767e-04,9.036773548378e-02,0.000000000000e+00,-5.784396027041e-04,0.000000000000e+00
2473,0.000000000000e+00,-5.913015044461e-04,9.031210105738e-02,2.210804858751e-04,9.031210105738e-02,0.000000000000e+00,-5.913015044461e-04,0.000000000000e+00
2474,0.000000000000e+00,-6.017911698497e-04,9.026425550108e-02,2.342065649026e-04,9.026425550108e-02,0.000000000000e+00,-6.017911698497e-04,0.000000000000e+00
2475,0.000000000000e+00,-6.096813954538e-04,9.022421202755e-02,2.468210238005e-04,9.022421202755e-02,0.000000000000e+00,-6.096813954538e-04,0.000000000000e+00
2476,0.000000000000e+00,-6.148161670320e-04,9.019174552135e-02,2.588745365121e-04,9.019174552135e-02,0.000000000000e+00,-6.148161670320e-04,0.000000000000e+00
2477,0.000000000000e+00,-6.171104312108e-04,9.016645173074e-02,2.703358961940e-04,9.016645173074e-02,0.000000000000e+00,-6.171104312108e-04,0.000000000000e+00
2478,0.000000000000e+00,-6.165410451895e-04,9.014775607248e-02,2.811883920089e-04,9.014775607248e-02,0.000000000000e+00,-6.165410451895e-04,0.000000000000e+00
2479,0.000000000000e+00,-6.131545609967e-04,9.013500963833e-02,2.914338560142e-04,9.013500963833e-02,0.000000000000e+00,-6.131545609967e-04,0.000000000000e+00
2480,0.000000000000e+00,-6.070518567561e-04,9.012750879730e-02,3.010866494259e-04,9.012750879730e-02,0.000000000000e+00,-6.070518567561e-04,0.000000000000e+00
2481,0.000000000000e+00,-5.983688962827e-04,9.012450855833e-02,3.101672544549e-04,9.012450855833e-02,0.000000000000e+00,-5.983688962827e-04,0.000000000000e+00
2482,0.000000000000e+00,-5.872520894263e-04,9.012528790621e-02,3.186972351460e-04,9.012528790621e-02,0.000000000000e+00,-5.872520894263e-04,0.000000000000e+00
2483,0.000000000000e+00,-5.738269569466e-04,9.012917858354e-02,3.266933117364e-04,9.012917858354e-02,0.000000000000e+00,-5.738269569466e-04,0.000000000000e+00
2484,0.000000000000e+00,-5.581804823517e-04,9.013560157148e-02,3.341647814820e-04,9.013560157148e-02,0.000000000000e+00,-5.581804823517e-04,0.000000000000e+00
2485,0.000000000000e+00,-5.403513638398e-04,9.014410862487e-02,3.411107322581e-04,9.014410862487e-02,0.000000000000e+00,-5.403513638398e-04,0.000000000000e+00
2486,0.000000000000e+00,-5.203265784309e-04,9.015438320579e-02,3.475205402521e-04,9.015438320579e-02,0.000000000000e+00,-5.203265784309e-04,0.000000000000e+00
2487,0.000000000000e+00,-4.980545065326e-04,9.016623166760e-02,3.533732128746e-04,9.016623166760e-02,0.000000000000e+00,-4.980545065326e-04,0.000000000000e+00
2488,0.000000000000e+00,-4.734510455211e-04,9.017954991019e-02,3.586408222776e-04,9.017954991019e-02,0.000000000000e+00,-4.734510455211e-04,0.000000000000e+00
2489,0.000000000000e+00,-4.464141061758e-04,9.019428216896e-02,3.632931692396e-04,9.019428216896e-02,0.000000000000e+00,-4.464141061758e-04,0.000000000000e+00
2490,0.000000000000e+00,-4.168426660865e-04,9.021036940375e-02,3.673015476426e-04,9.021036940375e-02,0.000000000000e+00,-4.168426660865e-04,0.000000000000e+00
2491,0.000000000000e+00,-3.846489042254e-04,9.022770640750e-02,3.706395349200e-04,9.022770640750e-02,0.000000000000e+00,-3.846489042254e-04,0.000000000000e+00
2492,0.000000000000e+00,-3.497551007215e-04,9.024608294533e-02,3.732817233822e-04,9.024608294533e-02,0.000000000000e+00,-3.497551007215e-04,0.000000000000e+00
2493,0.000000000000e+00,-3.121060626302e-04,9.026514996390e-02,3.752075164461e-04,9.026514996390e-02,0.000000000000e+00,-3.121060626302e-04,0.000000000000e+00
2494,0.000000000000e+00,-2.716973325383e-04,9.028442427617e-02,3.764047016613e-04,9.028442427617e-02,0.000000000000e+00,-2.716973325383e-04,0.000000000000e+00
2495,0.000000000000e+00,-2.285945175145e-04,9.030331214558e-02,3.768740269272e-04,9.030331214558e-02,0.000000000000e+00,-2.285945175145e-04,0.000000000000e+00
2496,0.000000000000e+00,-1.829427625717e-04,9.032113227152e-02,3.766328478372e-04,9.032113227152e-02,0.000000000000e+00,-1.829427625717e-04,0.000000000000e+00
2497,0.000000000000e+00,-1.349688608004e-04,9.033718171351e-02,3.757176175597e-04,9.033718171351e-02,0.000000000000e+00,-1.349688608004e-04,0.000000000000e+00
2498,0.000000000000e+00,-8.497980765467e-05,9.035077899442e-02,3.741827663657e-04,9.035077899442e-02,0.000000000000e+00,-8.497980765467e-05,0.000000000000e+00
2499,0.000000000000e+00,-3.334419766471e-05,9.036132662248e-02,3.720954902311e-04,9.036132662248e-02,0.000000000000e+00,-3.334419766471e-05,0.000000000000e+00
2500,0.000000000000e+00,1.952322357838e-05,9.036835600732e-02,3.695324969325e-04,9.036835600732e-02,0.000000000000e+00,1.952322357838e-05,0.000000000000e+00
2501,0.000000000000e+00,7.318037656062e-05,9.037156817192e-02,3.665756434174e-04,9.037156817192e-02,0.000000000000e+00,7.318037656062e-05,0.000000000000e+00
2502,0.000000000000e+00,1.271743955029e-04,9.037086475384e-02,3.633081299864e-04,9.037086475384e-02,0.000000000000e+00,1.271743955029e-04,0.000000000000e+00
2503,0.000000000000e+00,1.810394930778e-04,9.036635058495e-02,3.598157698163e-04,9.036635058495e-02,0.000000000000e+00,1.810394930778e-04,0.000000000000e+00
2504,0.000000000000e+00,2.343277935431e-04,9.035834891114e-02,3.561792499772e-04,9.035834891114e-02,0.000000000000e+00,2.343277935431e-04,0.000000000000e+00
2505,0.000000000000e+00,2.866304107102e-04,9.034739829007e-02,3.524693825643e-04,9.034739829007e-02,0.000000000000e+00,2.866304107102e-04,0.000000000000e+00
2506,0.000000000000e+00,3.375924488977e-04,9.033422900210e-02,3.487454448798e-04,9.033422900210e-02,0.000000000000e+00,3.375924488977e-04,0.000000000000e+00
2507,0.000000000000e+00,3.869289312261e-04,9.031971958830e-02,3.450510581665e-04,9.031971958830e-02,0.000000000000e+00,3.869289312261e-04,0.000000000000e+00
2508,0.000000000000e+00,4.344384260160e-04,9.030483920726e-02,3.414092961794e-04,9.030483920726e-02,0.000000000000e+00,4.344384260160e-04,0.000000000000e+00
2509,0.000000000000e+00,4.800156805310e-04,9.029058348452e-02,3.378222950804e-04,9.029058348452e-02,0.000000000000e+00,4.800156805310e-04,0.000000000000e+00
2510,0.000000000000e+00,5.236474244082e-04,9.027791541545e-02,3.342735979533e-04,9.027791541545e-02,0.000000000000e+00,5.236474244082e-04,0.000000000000e+00
2511,0.000000000000e+00,5.653981594291e-04,9.026772102112e-02,3.307314670844e-04,9.026772102112e-02,0.000000000000e+00,5.653981594291e-04,0.000000000000e+00
2512,0.000000000000e+00,6.054132950796e-04,9.026079237304e-02,3.271488356907e-04,9.026079237304e-02,0.000000000000e+00,6.054132950796e-04,0.000000000000e+00
2513,0.000000000000e+00,6.438221460985e-04,9.025774620830e-02,3.234851308174e-04,9.025774620830e-02,0.000000000000e+00,6.438221460985e-04,0.000000000000e+00
2514,0.000000000000e+00,6.807533550142e-04,9.025903022629e-02,3.197023118301e-04,9.025903022629e-02,0.000000000000e+00,6.807533550142e-04,0.000000000000e+00
2515,0.000000000000e+00,7.163222664816e-04,9.026491695867e-02,3.157684244164e-04,9.026491695867e-02,0.000000000000e+00,7.163222664816e-04,0.000000000000e+00
2516,0.000000000000e+00,7.505890475490e-04,9.027549299516e-02,3.116682592677e-04,9.027549299516e-02,0.000000000000e+00,7.505890475490e-04,0.000000000000e+00
2517,0.000000000000e+00,7.835205335716e-04,9.029068672528e-02,3.074118710683e-04,9.029068672528e-02,0.000000000000e+00,7.835205335716e-04,0.000000000000e+00
2518,0.000000000000e+00,8.150600935689e-04,9.031027051205e-02,3.030186158097e-04,9.031027051205e-02,0.000000000000e+00,8.150600935689e-04,0.000000000000e+00
2519,0.000000000000e+00,8.451311781757e-04,9.033388853546e-02,2.985143164060e-04,9.033388853546e-02,0.000000000000e+00,8.451311781757e-04,0.000000000000e+00
2520,0.000000000000e+00,8.736265988066e-04,9.036108921731e-02,2.939340702394e-04,9.036108921731e-02,0.000000000000e+00,8.736265988066e-04,0.000000000000e+00
2521,0.000000000000e+00,9.003911336183e-04,9.039133019598e-02,2.893259314624e-04,9.039133019598e-02,0.000000000000e+00,9.003911336183e-04,0.000000000000e+00
2522,0.000000000000e+00,9.252264758424e-04,9.042395550805e-02,2.847501696743e-04,9.042395550805e-02,0.000000000000e+00,9.252264758424e-04,0.000000000000e+00
2523,0.000000000000e+00,9.478848243922e-04,9.045820061671e-02,2.802799823560e-04,9.045820061671e-02,0.000000000000e+00,9.478848243922e-04,0.000000000000e+00
2524,0.000000000000e+00,9.680789579119e-04,9.049324189693e-02,2.759996341055e-04,9.049324189693e-02,0.000000000000e+00,9.680789579119e-04,0.000000000000e+00
2525,0.000000000000e+00,9.855132209483e-04,9.052818181689e-02,2.719963623063e-04,9.052818181689e-02,0.000000000000e+00,9.855132209483e-04,0.000000000000e+00
2526,0.000000000000e+00,9.999140541847e-04,9.056208969859e-02,2.683514142238e-04,9.056208969859e-02,0.000000000000e+00,9.999140541847e-04,0.000000000000e+00
2527,0.000000000000e+00,1.011071492403e-03,9.059412549411e-02,2.651306031683e-04,9.059412549411e-02,0.000000000000e+00,1.011071492403e-03,0.000000000000e+00
2528,0.000000000000e+00,1.018818531797e-03,9.062351829307e-02,2.623881048664e-04,9.062351829307e-02,0.000000000000e+00,1.018818531797e-03,0.000000000000e+00
2529,0.000000000000e+00,1.023022181991e-03,9.064958869591e-02,2.601673304930e-04,9.064958869591e-02,0.000000000000e+00,1.023022181991e-03,0.000000000000e+00
2530,0.000000000000e+00,1.023533955489e-03,9.067175079939e-02,2.585120490463e-04,9.067175079939e-02,0.000000000000e+00,1.023533955489e-03,0.000000000000e+00
2531,0.000000000000e+00,1.020231862224e-03,9.068961529524e-02,2.574577368226e-04,9.068961529524e-02,0.000000000000e+00,1.020231862224e-03,0.000000000000e+00
2532,0.000000000000e+00,1.013048487771e-03,9.070301355244e-02,2.570250964997e-04,9.070301355244e-02,0.000000000000e+00,1.013048487771e-03,0.000000000000e+00
2533,0.000000000000e+00,1.001984216814e-03,9.071191003735e-02,2.572188517009e-04,9.071191003735e-02,0.000000000000e+00,1.001984216814e-03,0.000000000000e+00
2534,0.000000000000e+00,9.871132950601e-04,9.071641095843e-02,2.580268863586e-04,9.071641095843e-02,0.000000000000e+00,9.871132950601e-04,0.000000000000e+00
2535,0.000000000000e+00,9.686035711414e-04,9.071675105946e-02,2.594155654694e-04,9.071675105946e-02,0.000000000000e+00,9.686035711414e-04,0.000000000000e+00
2536,0.000000000000e+00,9.466662103902e-04,9.071321853128e-02,2.613433873455e-04,9.071321853128e-02,0.000000000000e+00,9.466662103902e-04,0.000000000000e+00
2537,0.000000000000e+00,9.215816158816e-04,9.070615178460e-02,2.637555523840e-04,9.070615178460e-02,0.000000000000e+00,9.215816158816e-04,0.000000000000e+00
2538,0.000000000000e+00,8.937201727480e-04,9.069595170378e-02,2.665792341423e-04,9.069595170378e-02,0.000000000000e+00,8.937201727480e-04,0.000000000000e+00
2539,0.000000000000e+00,8.635444806944e-04,9.068303721096e-02,2.697226978009e-04,9.068303721096e-02,0.000000000000e+00,8.635444806944e-04,0.000000000000e+00
2540,0.000000000000e+00,8.315808743639e-04,9.066779738860e-02,2.730814722050e-04,9.066779738860e-02,0.000000000000e+00,8.315808743639e-04,0.000000000000e+00
2541,0.000000000000e+00,7.984078242167e-04,9.065054850204e-02,2.765414744624e-04,9.065054850204e-02,0.000000000000e+00,7.984078242167e-04,0.000000000000e+00
2542,0.000000000000e+00,7.646462276364e-04,9.063147962998e-02,2.799808712031e-04,9.063147962998e-02,0.000000000000e+00,7.646462276364e-04,0.000000000000e+00
2543,0.000000000000e+00,7.309081123106e-04,9.061076931313e-02,2.832813215525e-04,9.061076931313e-02,0.000000000000e+00,7.309081123106e-04,0.000000000000e+00
2544,0.000000000000e+00,6.978006820951e-04,9.058872320092e-02,2.863263424815e-04,9.058872320092e-02,0.000000000000e+00,6.978006820951e-04,0.000000000000e+00
2545,0.000000000000e+00,6.659056561781e-04,9.056578748697e-02,2.890057057625e-04,9.056578748697e-02,0.000000000000e+00,6.659056561781e-04,0.000000000000e+00
2546,0.000000000000e+00,6.357479791646e-04,9.054261973317e-02,2.912229151400e-04,9.054261973317e-02,0.000000000000e+00,6.357479791646e-04,0.000000000000e+00
2547,0.000000000000e+00,6.078077500542e-04,9.051987414362e-02,2.928920578612e-04,9.051987414362e-02,0.000000000000e+00,6.078077500542e-04,0.000000000000e+00
2548,0.000000000000e+00,5.825196468864e-04,9.049819891006e-02,2.939369935253e-04,9.049819891006e-02,0.000000000000e+00,5.825196468864e-04,0.000000000000e+00
2549,0.000000000000e+00,5.602165560793e-04,9.047837477290e-02,2.943039909471e-04,9.047837477290e-02,0.000000000000e+00,5.602165560793e-04,0.000000000000e+00
2550,0.000000000000e+00,5.411683215578e-04,9.046102590312e-02,2.939512344018e-04,9.046102590312e-02,0.000000000000e+00,5.411683215578e-04,0.000000000000e+00
2551,0.000000000000e+00,5.255824377239e-04,9.044673172673e-02,2.928476370985e-04,9.044673172673e-02,0.000000000000e+00,5.255824377239e-04,0.000000000000e+00
2552,0.000000000000e+00,5.135522675393e-04,9.043595646172e-02,2.909840140927e-04,9.043595646172e-02,0.000000000000e+00,5.135522675393e-04,0.000000000000e+00
2553,0.000000000000e+00,5.050685189083e-04,9.042910035815e-02,2.883697491462e-04,9.042910035815e-02,0.000000000000e+00,5.050685189083e-04,0.000000000000e+00
2554,0.000000000000e+00,5.000046812620e-04,9.042647469924e-02,2.850366679087e-04,9.042647469924e-02,0.000000000000e+00,5.000046812620e-04,0.000000000000e+00
2555,0.000000000000e+00,4.981758378564e-04,9.042799851226e-02,2.810257420097e-04,9.042799851226e-02,0.000000000000e+00,4.981758378564e-04,0.000000000000e+00
2556,0.000000000000e+00,4.993258436350e-04,9.043336824331e-02,2.763910350447e-04,9.043336824331e-02,0.000000000000e+00,4.993258436350e-04,0.000000000000e+00
2557,0.000000000000e+00,5.031763291259e-04,9.044201861896e-02,2.711892966594e-04,9.044201861896e-02,0.000000000000e+00,5.031763291259e-04,0.000000000000e+00
2558,0.000000000000e+00,5.094314626880e-04,9.045320235250e-02,2.654796183629e-04,9.045320235250e-02,0.000000000000e+00,5.094314626880e-04,0.000000000000e+00
2559,0.000000000000e+00,5.177878465760e-04,9.046590893996e-02,2.593219134625e-04,9.046590893996e-02,0.000000000000e+00,5.177878465760e-04,0.000000000000e+00
2560,0.000000000000e+00,5.279000190762e-04,9.047915061865e-02,2.527851634564e-04,9.047915061865e-02,0.000000000000e+00,5.279000190762e-04,0.000000000000e+00
2561,0.000000000000e+00,5.393331211398e-04,9.049220146411e-02,2.459589341272e-04,9.049220146411e-02,0.000000000000e+00,5.393331211398e-04,0.000000000000e+00
2562,0.000000000000e+00,5.517470465725e-04,9.050402391276e-02,2.389108801980e-04,9.050402391276e-02,0.000000000000e+00,5.517470465725e-04,0.000000000000e+00
2563,0.000000000000e+00,5.647275889191e-04,9.051390597689e-02,2.317266362363e-04,9.051390597689e-02,0.000000000000e+00,5.647275889191e-04,0.000000000000e+00
2564,0.000000000000e+00,5.779269593859e-04,9.052131088038e-02,2.244775544939e-04,9.052131088038e-02,0.000000000000e+00,5.779269593859e-04,0.000000000000e+00
2565,0.000000000000e+00,5.909975185150e-04,9.052613269311e-02,2.172365289225e-04,9.052613269311e-02,0.000000000000e+00,5.909975185150e-04,0.000000000000e+00
2566,0.000000000000e+00,6.036217874489e-04,9.052858895759e-02,2.100718746927e-04,9.052858895759e-02,0.000000000000e+00,6.036217874489e-04,0.000000000000e+00
2567,0.000000000000e+00,6.154974257118e-04,9.052923703425e-02,2.030506422391e-04,9.052923703425e-02,0.000000000000e+00,6.154974257118e-04,0.000000000000e+00
2568,0.000000000000e+00,6.263171258557e-04,9.052880565918e-02,1.962445647565e-04,9.052880565918e-02,0.000000000000e+00,6.263171258557e-04,0.000000000000e+00
2569,0.000000000000e+00,6.357689631546e-04,9.052822778140e-02,1.897308325952e-04,9.052822778140e-02,0.000000000000e+00,6.357689631546e-04,0.000000000000e+00
2570,0.000000000000e+00,6.436110311790e-04,9.052849900787e-02,1.835755965455e-04,9.052849900787e-02,0.000000000000e+00,6.436110311790e-04,0.000000000000e+00
2571,0.000000000000e+00,6.496189817545e-04,9.053056751833e-02,1.778429365129e-04,9.053056751833e-02,0.000000000000e+00,6.496189817545e-04,0.000000000000e+00
2572,0.000000000000e+00,6.535769847976e-04,9.053517433366e-02,1.725961020437e-04,9.053517433366e-02,0.000000000000e+00,6.535769847976e-04,0.000000000000e+00
2573,0.000000000000e+00,6.554032701351e-04,9.054313773017e-02,1.678663191049e-04,9.054313773017e-02,0.000000000000e+00,6.554032701351e-04,0.000000000000e+00
2574,0.000000000000e+00,6.550275661729e-04,9.055482649904e-02,1.636815596264e-04,9.055482649904e-02,0.000000000000e+00,6.550275661729e-04,0.000000000000e+00
2575,0.000000000000e+00,6.523794405934e-04,9.056993404452e-02,1.600697539704e-04,9.056993404452e-02,0.000000000000e+00,6.523794405934e-04,0.000000000000e+00
2576,0.000000000000e+00,6.476028746943e-04,9.058821254342e-02,1.570098196956e-04,9.058821254342e-02,0.000000000000e+00,6.476028746943e-04,0.000000000000e+00
2577,0.000000000000e+00,6.409208819956e-04,9.060917030445e-02,1.544624603014e-04,9.060917030445e-02,0.000000000000e+00,6.409208819956e-04,0.000000000000e+00
2578,0.000000000000e+00,6.325516356113e-04,9.063197623107e-02,1.523897427108e-04,9.063197623107e-02,0.000000000000e+00,6.325516356113e-04,0.000000000000e+00
2579,0.000000000000e+00,6.227313126580e-04,9.065563309974e-02,1.507500599397e-04,9.065563309974e-02,0.000000000000e+00,6.227313126580e-04,0.000000000000e+00
2580,0.000000000000e+00,6.116920654571e-04,9.067914297631e-02,1.495032553275e-04,9.067914297631e-02,0.000000000000e+00,6.116920654571e-04,0.000000000000e+00
2581,0.000000000000e+00,5.996255330713e-04,9.070159033853e-02,1.486187026444e-04,9.070159033853e-02,0.000000000000e+00,5.996255330713e-04,0.000000000000e+00
2582,0.000000000000e+00,5.867130157872e-04,9.072215841674e-02,1.480677929792e-04,9.072215841674e-02,0.000000000000e+00,5.867130157872e-04,0.000000000000e+00
2583,0.000000000000e+00,5.731003849170e-04,9.074018719886e-02,1.478289038366e-04,9.074018719886e-02,0.000000000000e+00,5.731003849170e-04,0.000000000000e+00
2584,0.000000000000e+00,5.588751588917e-04,9.075522309007e-02,1.478919104156e-04,9.075522309007e-02,0.000000000000e+00,5.588751588917e-04,0.000000000000e+00
2585,0.000000000000e+00,5.440520711897e-04,9.076703600817e-02,1.482607904484e-04,9.076703600817e-02,0.000000000000e+00,5.440520711897e-04,0.000000000000e+00
2586,0.000000000000e+00,5.285694072669e-04,9.077563638342e-02,1.489535061335e-04,9.077563638342e-02,0.000000000000e+00,5.285694072669e-04,0.000000000000e+00
2587,0.000000000000e+00,5.122806025576e-04,9.078127529380e-02,1.500036061812e-04,9.078127529380e-02,0.000000000000e+00,5.122806025576e-04,0.000000000000e+00
2588,0.000000000000e+00,4.949312206575e-04,9.078441129061e-02,1.514648368930e-04,9.078441129061e-02,0.000000000000e+00,4.949312206575e-04,0.000000000000e+00
2589,0.000000000000e+00,4.761401577247e-04,9.078565746673e-02,1.534152414007e-04,9.078565746673e-02,0.000000000000e+00,4.761401577247e-04,0.000000000000e+00
2590,0.000000000000e+00,4.554049148951e-04,9.078573697734e-02,1.559566679672e-04,9.078573697734e-02,0.000000000000e+00,4.554049148951e-04,0.000000000000e+00
2591,0.000000000000e+00,4.321159449333e-04,9.078539271996e-02,1.592125282755e-04,9.078539271996e-02,0.000000000000e+00,4.321159449333e-04,0.000000000000e+00
2592,0.000000000000e+00,4.056187229718e-04,9.078532781667e-02,1.633153498823e-04,9.078532781667e-02,0.000000000000e+00,4.056187229718e-04,0.000000000000e+00
2593,0.000000000000e+00,3.752155948144e-04,9.078611973654e-02,1.684078738118e-04,9.078611973654e-02,0.000000000000e+00,3.752155948144e-04,0.000000000000e+00
2594,0.000000000000e+00,3.402438911965e-04,9.078820179391e-02,1.746264561851e-04,9.078820179391e-02,0.000000000000e+00,3.402438911965e-04,0.000000000000e+00
2595,0.000000000000e+00,3.001345495209e-04,9.079183202091e-02,1.820883260938e-04,9.079183202091e-02,0.000000000000e+00,3.001345495209e-04,0.000000000000e+00
2596,0.000000000000e+00,2.544422026676e-04,9.079706995089e-02,1.908841751403e-04,9.079706995089e-02,0.000000000000e+00,2.544422026676e-04,0.000000000000e+00
2597,0.000000000000e+00,2.028887546317e-04,9.080375325639e-02,2.010733828301e-04,9.080375325639e-02,0.000000000000e+00,2.028887546317e-04,0.000000000000e+00
2598,0.000000000000e+00,1.453742853361e-04,9.081149887862e-02,2.126826964407e-04,9.081149887862e-02,0.000000000000e+00,1.453742853361e-04,0.000000000000e+00
2599,0.000000000000e+00,8.196250235798e-05,9.081976927137e-02,2.257056037858e-04,9.081976927137e-02,0.000000000000e+00,8.196250235798e-05,0.000000000000e+00
2600,0.000000000000e+00,1.283031101334e-05,9.082790878425e-02,2.401122926537e-04,9.082790878425e-02,0.000000000000e+00,1.283031101334e-05,0.000000000000e+00
2601,0.000000000000e+00,-6.174713135355e-05,9.083516944349e-02,2.558529496582e-04,9.083516944349e-02,0.000000000000e+00,-6.174713135355e-05,0.000000000000e+00
2602,0.000000000000e+00,-1.414154389415e-04,9.084076652410e-02,2.728613692267e-04,9.084076652410e-02,0.000000000000e+00,-1.414154389415e-04,0.000000000000e+00
2603,0.000000000000e+00,-2.257845140501e-04,9.084395523460e-02,2.910642685208e-04,9.084395523460e-02,0.000000000000e+00,-2.257845140501e-04,0.000000000000e+00
2604,0.000000000000e+00,-3.144550044299e-04,9.084407373120e-02,3.103862415224e-04,9.084407373120e-02,0.000000000000e+00,-3.144550044299e-04,0.000000000000e+00
2605,0.000000000000e+00,-4.070306985640e-04,9.084056203674e-02,3.307514180660e-04,9.084056203674e-02,0.000000000000e+00,-4.070306985640e-04,0.000000000000e+00
2606,0.000000000000e+00,-5.031335381739e-04,9.083302058455e-02,3.520865303967e-04,9.083302058455e-02,0.000000000000e+00,-5.031335381739e-04,0.000000000000e+00
2607,0.000000000000e+00,-6.023917613639e-04,9.082125683049e-02,3.743179562314e-04,9.082125683049e-02,0.000000000000e+00,-6.023917613639e-04,0.000000000000e+00
2608,0.000000000000e+00,-7.044358562412e-04,9.080532560736e-02,3.973687177889e-04,9.080532560736e-02,0.000000000000e+00,-7.044358562412e-04,0.000000000000e+00
2609,0.000000000000e+00,-8.088750530469e-04,9.078554780112e-02,4.211529047494e-04,9.078554780112e-02,0.000000000000e+00,-8.088750530469e-04,0.000000000000e+00
2610,0.000000000000e+00,-9.153137067052e-04,9.076249904941e-02,4.455785153344e-04,9.076249904941e-02,0.000000000000e+00,-9.153137067052e-04,0.000000000000e+00
2611,0.000000000000e+00,-1.023355388422e-03,9.073699798278e-02,4.705478021415e-04,9.073699798278e-02,0.000000000000e+00,-1.023355388422e-03,0.000000000000e+00
2612,0.000000000000e+00,-1.132647805116e-03,9.071007847361e-02,4.959672706633e-04,9.071007847361e-02,0.000000000000e+00,-1.132647805116e-03,0.000000000000e+00
2613,0.000000000000e+00,-1.242821927726e-03,9.068288998160e-02,5.217377759163e-04,9.068288998160e-02,0.000000000000e+00,-1.242821927726e-03,0.000000000000e+00
2614,0.000000000000e+00,-1.353622518401e-03,9.065650815203e-02,5.477847223568e-04,9.065650815203e-02,0.000000000000e+00,-1.353622518401e-03,0.000000000000e+00
2615,0.000000000000e+00,-1.464636023831e-03,9.063217644560e-02,5.739984587121e-04,9.063217644560e-02,0.000000000000e+00,-1.464636023831e-03,0.000000000000e+00
2616,0.000000000000e+00,-1.575534635211e-03,9.061098420295e-02,6.002864367988e-04,9.061098420295e-02,0.000000000000e+00,-1.575534635211e-03,0.000000000000e+00
2617,0.000000000000e+00,-1.685988269306e-03,9.059391481219e-02,6.265536742560e-04,9.059391481219e-02,0.000000000000e+00,-1.685988269306e-03,0.000000000000e+00
2618,0.000000000000e+00,-1.796138627649e-03,9.058144673410e-02,6.528112699025e-04,9.058144673410e-02,0.000000000000e+00,-1.796138627649e-03,0.000000000000e+00
2619,0.000000000000e+00,-1.905488929050e-03,9.057451446444e-02,6.789235650112e-04,9.057451446444e-02,0.000000000000e+00,-1.905488929050e-03,0.000000000000e+00
2620,0.000000000000e+00,-2.013749610765e-03,9.057342838091e-02,7.048016095305e-04,9.057342838091e-02,0.000000000000e+00,-2.013749610765e-03,0.000000000000e+00
2621,0.000000000000e+00,-2.120809718098e-03,9.057802542252e-02,7.303965786008e-04,9.057802542252e-02,0.000000000000e+00,-2.120809718098e-03,0.000000000000e+00
2622,0.000000000000e+00,-2.226492928950e-03,9.058805339401e-02,7.556440825878e-04,9.058805339401e-02,0.000000000000e+00,-2.226492928950e-03,0.000000000000e+00
2623,0.000000000000e+00,-2.330652134460e-03,9.060318804223e-02,7.804826505708e-04,9.060318804223e-02,0.000000000000e+00,-2.330652134460e-03,0.000000000000e+00
2624,0.000000000000e+00,-2.433107252766e-03,9.062305276683e-02,8.048451628155e-04,9.062305276683e-02,0.000000000000e+00,-2.433107252766e-03,0.000000000000e+00
2625,0.000000000000e+00,-2.533550521077e-03,9.064729386410e-02,8.286369125605e-04,9.064729386410e-02,0.000000000000e+00,-2.533550521077e-03,0.000000000000e+00
2626,0.000000000000e+00,-2.631707037495e-03,9.067551952505e-02,8.517707448395e-04,9.067551952505e-02,0.000000000000e+00,-2.631707037495e-03,0.000000000000e+00
2627,0.000000000000e+00,-2.727305367690e-03,9.070727843520e-02,8.741598708687e-04,9.070727843520e-02,0.000000000000e+00,-2.727305367690e-03,0.000000000000e+00
2628,0.000000000000e+00,-2.820110194231e-03,9.074215741236e-02,8.957275132004e-04,9.074215741236e-02,0.000000000000e+00,-2.820110194231e-03,0.000000000000e+00
2629,0.000000000000e+00,-2.909721925002e-03,9.078000322822e-02,9.163613283663e-04,9.078000322822e-02,0.000000000000e+00,-2.909721925002e-03,0.000000000000e+00
2630,0.000000000000e+00,-2.995696004918e-03,9.082075255597e-02,9.359394582712e-04,9.082075255597e-02,0.000000000000e+00,-2.995696004918e-03,0.000000000000e+00
2631,0.000000000000e+00,-3.077627205197e-03,9.086432981495e-02,9.543499923674e-04,9.086432981495e-02,0.000000000000e+00,-3.077627205197e-03,0.000000000000e+00
2632,0.000000000000e+00,-3.155178859380e-03,9.091055240594e-02,9.714995083606e-04,9.091055240594e-02,0.000000000000e+00,-3.155178859380e-03,0.000000000000e+00
2633,0.000000000000e+00,-3.228121961247e-03,9.095910709041e-02,9.873203964962e-04,9.095910709041e-02,0.000000000000e+00,-3.228121961247e-03,0.000000000000e+00
2634,0.000000000000e+00,-3.296347520572e-03,9.100952944593e-02,1.001774507746e-03,9.100952944593e-02,0.000000000000e+00,-3.296347520572e-03,0.000000000000e+00
2635,0.000000000000e+00,-3.359720444652e-03,9.106139236349e-02,1.014816999754e-03,9.106139236349e-02,0.000000000000e+00,-3.359720444652e-03,0.000000000000e+00
2636,0.000000000000e+00,-3.418109148790e-03,9.111429035277e-02,1.026403505131e-03,9.111429035277e-02,0.000000000000e+00,-3.418109148790e-03,0.000000000000e+00
2637,0.000000000000e+00,-3.471759087650e-03,9.116754149507e-02,1.036575949991e-03,9.116754149507e-02,0.000000000000e+00,-3.471759087650e-03,0.000000000000e+00
2638,0.000000000000e+00,-3.520851980879e-03,9.122053824940e-02,1.045362427707e-03,9.122053824940e-02,0.000000000000e+00,-3.520851980879e-03,0.000000000000e+00
2639,0.000000000000e+00,-3.565632757335e-03,9.127266012058e-02,1.052804407161e-03,9.127266012058e-02,0.000000000000e+00,-3.565632757335e-03,0.000000000000e+00
2640,0.000000000000e+00,-3.606423440270e-03,9.132327502383e-02,1.058962895107e-03,9.132327502383e-02,0.000000000000e+00,-3.606423440270e-03,0.000000000000e+00
2641,0.000000000000e+00,-3.643241254659e-03,9.137194494319e-02,1.063832730122e-03,9.137194494319e-02,0.000000000000e+00,-3.643241254659e-03,0.000000000000e+00
2642,0.000000000000e+00,-3.676623757417e-03,9.141773245035e-02,1.067530233325e-03,9.141773245035e-02,0.000000000000e+00,-3.676623757417e-03,0.000000000000e+00
2643,0.000000000000e+00,-3.707272198409e-03,9.145961169539e-02,1.070214440756e-03,9.145961169539e-02,0.000000000000e+00,-3.707272198409e-03,0.000000000000e+00
2644,0.000000000000e+00,-3.735699442491e-03,9.149674141350e-02,1.072007735517e-03,9.149674141350e-02,0.000000000000e+00,-3.735699442491e-03,0.000000000000e+00
2645,0.000000000000e+00,-3.762178093404e-03,9.152854499907e-02,1.072983125179e-03,9.152854499907e-02,0.000000000000e+00,-3.762178093404e-03,0.000000000000e+00
2646,0.000000000000e+00,-3.786590965758e-03,9.155470972951e-02,1.073129648410e-03,9.155470972951e-02,0.000000000000e+00,-3.786590965758e-03,0.000000000000e+00
2647,0.000000000000e+00,-3.808868337215e-03,9.157491382232e-02,1.072451271630e-03,9.157491382232e-02,0.000000000000e+00,-3.808868337215e-03,0.000000000000e+00
2648,0.000000000000e+00,-3.828915660226e-03,9.158896143805e-02,1.070948169821e-03,9.158896143805e-02,0.000000000000e+00,-3.828915660226e-03,0.000000000000e+00
2649,0.000000000000e+00,-3.846615818494e-03,9.159684339290e-02,1.068617792278e-03,9.159684339290e-02,0.000000000000e+00,-3.846615818494e-03,0.000000000000e+00
2650,0.000000000000e+00,-3.861743335550e-03,9.159875666450e-02,1.065432988050e-03,9.159875666450e-02,0.000000000000e+00,-3.861743335550e-03,0.000000000000e+00
2651,0.000000000000e+00,-3.874194608052e-03,9.159489461590e-02,1.061393688810e-03,9.159489461590e-02,0.000000000000e+00,-3.874194608052e-03,0.000000000000e+00
2652,0.000000000000e+00,-3.884007292415e-03,9.158550798722e-02,1.056531896619e-03,9.158550798722e-02,0.000000000000e+00,-3.884007292415e-03,0.000000000000e+00
2653,0.000000000000e+00,-3.891082969603e-03,9.157112770732e-02,1.050848001263e-03,9.157112770732e-02,0.000000000000e+00,-3.891082969603e-03,0.000000000000e+00
2654,0.000000000000e+00,-3.895208818847e-03,9.155245009623e-02,1.044316649843e-03,9.155245009623e-02,0.000000000000e+00,-3.895208818847e-03,0.000000000000e+00
2655,0.000000000000e+00,-3.896229437402e-03,9.153012792152e-02,1.036926555839e-03,9.153012792152e-02,0.000000000000e+00,-3.896229437402e-03,0.000000000000e+00
2656,0.000000000000e+00,-3.894035426242e-03,9.150481243944e-02,1.028677322028e-03,9.150481243944e-02,0.000000000000e+00,-3.894035426242e-03,0.000000000000e+00
2657,0.000000000000e+00,-3.888793613580e-03,9.147694036245e-02,1.019631346263e-03,9.147694036245e-02,0.000000000000e+00,-3.888793613580e-03,0.000000000000e+00
2658,0.000000000000e+00,-3.880630357212e-03,9.144691462013e-02,1.009842504599e-03,9.144691462013e-02,0.000000000000e+00,-3.880630357212e-03,0.000000000000e+00
2659,0.000000000000e+00,-3.869582443677e-03,9.141503561689e-02,9.993450952121e-04,9.141503561689e-02,0.000000000000e+00,-3.869582443677e-03,0.000000000000e+00
2660,0.000000000000e+00,-3.855815404898e-03,9.138127852185e-02,9.882023953595e-04,9.138127852185e-02,0.000000000000e+00,-3.855815404898e-03,0.000000000000e+00
2661,0.000000000000e+00,-3.839578716517e-03,9.134530574449e-02,9.764957394756e-04,9.134530574449e-02,0.000000000000e+00,-3.839578716517e-03,0.000000000000e+00
2662,0.000000000000e+00,-3.821012933981e-03,9.130660531467e-02,9.642816311636e-04,9.130660531467e-02,0.000000000000e+00,-3.821012933981e-03,0.000000000000e+00
2663,0.000000000000e+00,-3.800247506194e-03,9.126442187912e-02,9.516143630507e-04,9.126442187912e-02,0.000000000000e+00,-3.800247506194e-03,0.000000000000e+00
2664,0.000000000000e+00,-3.777237849073e-03,9.121792763131e-02,9.385093010029e-04,9.121792763131e-02,0.000000000000e+00,-3.777237849073e-03,0.000000000000e+00
2665,0.000000000000e+00,-3.751818634952e-03,9.116626267823e-02,9.249536137362e-04,9.116626267823e-02,0.000000000000e+00,-3.751818634952e-03,0.000000000000e+00
2666,0.000000000000e+00,-3.723808296260e-03,9.110857824115e-02,9.109308211786e-04,9.110857824115e-02,0.000000000000e+00,-3.723808296260e-03,0.000000000000e+00
2667,0.000000000000e+00,-3.693137236630e-03,9.104404926998e-02,8.964496386345e-04,9.104404926998e-02,0.000000000000e+00,-3.693137236630e-03,0.000000000000e+00
2668,0.000000000000e+00,-3.659745676352e-03,9.097199201425e-02,8.815202407233e-04,9.097199201425e-02,0.000000000000e+00,-3.659745676352e-03,0.000000000000e+00
2669,0.000000000000e+00,-3.623351802035e-03,9.089216507926e-02,8.661013685807e-04,9.089216507926e-02,0.000000000000e+00,-3.623351802035e-03,0.000000000000e+00
2670,0.000000000000e+00,-3.583707729220e-03,9.080462739745e-02,8.501623275300e-04,9.080462739745e-02,0.000000000000e+00,-3.583707729220e-03,0.000000000000e+00
2671,0.000000000000e+00,-3.540726271617e-03,9.070973871489e-02,8.337046991656e-04,9.070973871489e-02,0.000000000000e+00,-3.540726271617e-03,0.000000000000e+00
2672,0.000000000000e+00,-3.494325731443e-03,9.060828854769e-02,8.167289908141e-04,9.060828854769e-02,0.000000000000e+00,-3.494325731443e-03,0.000000000000e+00
2673,0.000000000000e+00,-3.444406276983e-03,9.050141689958e-02,7.992308776067e-04,9.050141689958e-02,0.000000000000e+00,-3.444406276983e-03,0.000000000000e+00
2674,0.000000000000e+00,-3.390963474845e-03,9.039053060963e-02,7.812259112273e-04,9.039053060963e-02,0.000000000000e+00,-3.390963474845e-03,0.000000000000e+00
2675,0.000000000000e+00,-3.333976012651e-03,9.027736672407e-02,7.627238398256e-04,9.027736672407e-02,0.000000000000e+00,-3.333976012651e-03,0.000000000000e+00
2676,0.000000000000e+00,-3.273468889912e-03,9.016384956174e-02,7.437447638568e-04,9.016384956174e-02,0.000000000000e+00,-3.273468889912e-03,0.000000000000e+00
2677,0.000000000000e+00,-3.209731695765e-03,9.005183229759e-02,7.243686354535e-04,9.005183229759e-02,0.000000000000e+00,-3.209731695765e-03,0.000000000000e+00
2678,0.000000000000e+00,-3.143933612502e-03,8.994232388797e-02,7.048736630013e-04,8.994232388797e-02,0.000000000000e+00,-3.143933612502e-03,0.000000000000e+00
2679,0.000000000000e+00,-3.075690744767e-03,8.983737596082e-02,6.851881033158e-04,8.983737596082e-02,0.000000000000e+00,-3.075690744767e-03,0.000000000000e+00
2680,0.000000000000e+00,-3.005732227640e-03,8.973777317061e-02,6.654942935097e-04,8.973777317061e-02,0.000000000000e+00,-3.005732227640e-03,0.000000000000e+00
2681,0.000000000000e+00,-2.934415282789e-03,8.964436778203e-02,6.458941491460e-04,8.964436778203e-02,0.000000000000e+00,-2.934415282789e-03,0.000000000000e+00
2682,0.000000000000e+00,-2.861884827547e-03,8.955772359627e-02,6.264452145962e-04,8.955772359627e-02,0.000000000000e+00,-2.861884827547e-03,0.000000000000e+00
2683,0.000000000000e+00,-2.789086585236e-03,8.947731669083e-02,6.073888161220e-04,8.947731669083e-02,0.000000000000e+00,-2.789086585236e-03,0.000000000000e+00
2684,0.000000000000e+00,-2.716253777642e-03,8.940279467130e-02,5.888096843756e-04,8.940279467130e-02,0.000000000000e+00,-2.716253777642e-03,0.000000000000e+00
2685,0.000000000000e+00,-2.643389498293e-03,8.933368344088e-02,5.707454880275e-04,8.933368344088e-02,0.000000000000e+00,-2.643389498293e-03,0.000000000000e+00
2686,0.000000000000e+00,-2.571051313547e-03,8.926895318118e-02,5.533594536124e-04,8.926895318118e-02,0.000000000000e+00,-2.571051313547e-03,0.000000000000e+00
2687,0.000000000000e+00,-2.499721301097e-03,8.920748835943e-02,5.367983938352e-04,8.920748835943e-02,0.000000000000e+00,-2.499721301097e-03,0.000000000000e+00
2688,0.000000000000e+00,-2.429667540860e-03,8.914824629771e-02,5.211596453276e-04,8.914824629771e-02,0.000000000000e+00,-2.429667540860e-03,0.000000000000e+00
2689,0.000000000000e+00,-2.360966948927e-03,8.909045133147e-02,5.064946630968e-04,8.909045133147e-02,0.000000000000e+00,-2.360966948927e-03,0.000000000000e+00
2690,0.000000000000e+00,-2.293804765563e-03,8.903313233527e-02,4.928780505932e-04,8.903313233527e-02,0.000000000000e+00,-2.293804765563e-03,0.000000000000e+00
2691,0.000000000000e+00,-2.228121333973e-03,8.897555804105e-02,4.803244390260e-04,8.897555804105e-02,0.000000000000e+00,-2.228121333973e-03,0.000000000000e+00
2692,0.000000000000e+00,-2.163896525894e-03,8.891695188137e-02,4.688533643467e-04,8.891695188137e-02,0.000000000000e+00,-2.163896525894e-03,0.000000000000e+00
2693,0.000000000000e+00,-2.100992640986e-03,8.885676750205e-02,4.584545954063e-04,8.885676750205e-02,0.000000000000e+00,-2.100992640986e-03,0.000000000000e+00
2694,0.000000000000e+00,-2.039191493782e-03,8.879474983789e-02,4.490969562841e-04,8.879474983789e-02,0.000000000000e+00,-2.039191493782e-03,0.000000000000e+00
2695,0.000000000000e+00,-1.978371449220e-03,8.873093238760e-02,4.407689360635e-04,8.873093238760e-02,0.000000000000e+00,-1.978371449220e-03,0.000000000000e+00
2696,0.000000000000e+00,-1.918472691378e-03,8.866515848617e-02,4.334706365754e-04,8.866515848617e-02,0.000000000000e+00,-1.918472691378e-03,0.000000000000e+00
2697,0.000000000000e+00,-1.859354988722e-03,8.859751460253e-02,4.271815004018e-04,8.859751460253e-02,0.000000000000e+00,-1.859354988722e-03,0.000000000000e+00
2698,0.000000000000e+00,-1.800816098549e-03,8.852838762054e-02,4.218637569206e-04,8.852838762054e-02,0.000000000000e+00,-1.800816098549e-03,0.000000000000e+00
2699,0.000000000000e+00,-1.743097093903e-03,8.845772427715e-02,4.175784808208e-04,8.845772427715e-02,0.000000000000e+00,-1.743097093903e-03,0.000000000000e+00
2700,0.000000000000e+00,-1.686572416833e-03,8.838530293759e-02,4.144152938077e-04,8.838530293759e-02,0.000000000000e+00,-1.686572416833e-03,0.000000000000e+00
2701,0.000000000000e+00,-1.631445134535e-03,8.831107499485e-02,4.124195757660e-04,8.831107499485e-02,0.000000000000e+00,-1.631445134535e-03,0.000000000000e+00
2702,0.000000000000e+00,-1.577891999696e-03,8.823505154308e-02,4.116276385207e-04,8.823505154308e-02,0.000000000000e+00,-1.577891999696e-03,0.000000000000e+00
2703,0.000000000000e+00,-1.526308417435e-03,8.815709564104e-02,4.121229325473e-04,8.815709564104e-02,0.000000000000e+00,-1.526308417435e-03,0.000000000000e+00
2704,0.000000000000e+00,-1.477220156907e-03,8.807697833894e-02,4.140156241969e-04,8.807697833894e-02,0.000000000000e+00,-1.477220156907e-03,0.000000000000e+00
2705,0.000000000000e+00,-1.431211084706e-03,8.799448022056e-02,4.174258420848e-04,8.799448022056e-02,0.000000000000e+00,-1.431211084706e-03,0.000000000000e+00
2706,0.000000000000e+00,-1.388818136939e-03,8.790945646475e-02,4.224595713792e-04,8.790945646475e-02,0.000000000000e+00,-1.388818136939e-03,0.000000000000e+00
2707,0.000000000000e+00,-1.350472305410e-03,8.782192097573e-02,4.291945474127e-04,8.782192097573e-02,0.000000000000e+00,-1.350472305410e-03,0.000000000000e+00
2708,0.000000000000e+00,-1.316590646472e-03,8.773203753963e-02,4.376994010151e-04,8.773203753963e-02,0.000000000000e+00,-1.316590646472e-03,0.000000000000e+00
2709,0.000000000000e+00,-1.287621301270e-03,8.764006111444e-02,4.480440126738e-04,8.764006111444e-02,0.000000000000e+00,-1.287621301270e-03,0.000000000000e+00
2710,0.000000000000e+00,-1.263983038563e-03,8.754631414138e-02,4.602882515900e-04,8.754631414138e-02,0.000000000000e+00,-1.263983038563e-03,0.000000000000e+00
2711,0.000000000000e+00,-1.246099933045e-03,8.745128580792e-02,4.744899574349e-04,8.745128580792e-02,0.000000000000e+00,-1.246099933045e-03,0.000000000000e+00
2712,0.000000000000e+00,-1.234366226906e-03,8.735540793084e-02,4.906952733959e-04,8.735540793084e-02,0.000000000000e+00,-1.234366226906e-03,0.000000000000e+00
2713,0.000000000000e+00,-1.229183876152e-03,8.725914712056e-02,5.089481413679e-04,8.725914712056e-02,0.000000000000e+00,-1.229183876152e-03,0.000000000000e+00
2714,0.000000000000e+00,-1.230949549267e-03,8.716288503740e-02,5.292881408429e-04,8.716288503740e-02,0.000000000000e+00,-1.230949549267e-03,0.000000000000e+00
2715,0.000000000000e+00,-1.240017424940e-03,8.706694517404e-02,5.517438588367e-04,8.706694517404e-02,0.000000000000e+00,-1.240017424940e-03,0.000000000000e+00
2716,0.000000000000e+00,-1.256641704813e-03,8.697170307457e-02,5.763208065210e-04,8.697170307457e-02,0.000000000000e+00,-1.256641704813e-03,0.000000000000e+00
2717,0.000000000000e+00,-1.280910062074e-03,8.687762535908e-02,6.029858395914e-04,8.687762535908e-02,0.000000000000e+00,-1.280910062074e-03,0.000000000000e+00
2718,0.000000000000e+00,-1.312796646273e-03,8.678517564577e-02,6.316799253648e-04,8.678517564577e-02,0.000000000000e+00,-1.312796646273e-03,0.000000000000e+00
2719,0.000000000000e+00,-1.352250374772e-03,8.669480768081e-02,6.623343891165e-04,8.669480768081e-02,0.000000000000e+00,-1.352250374772e-03,0.000000000000e+00
2720,0.000000000000e+00,-1.399252414771e-03,8.660696130144e-02,6.948852907378e-04,8.660696130144e-02,0.000000000000e+00,-1.399252414771e-03,0.000000000000e+00
2721,0.000000000000e+00,-1.453232572817e-03,8.652255704061e-02,7.291411921980e-04,8.652255704061e-02,0.000000000000e+00,-1.453232572817e-03,0.000000000000e+00
2722,0.000000000000e+00,-1.514619020425e-03,8.644177891139e-02,7.651319921338e-04,8.644177891139e-02,0.000000000000e+00,-1.514619020425e-03,0.000000000000e+00
2723,0.000000000000e+00,-1.582518314500e-03,8.636585371217e-02,8.025844790829e-04,8.636585371217e-02,0.000000000000e+00,-1.582518314500e-03,0.000000000000e+00
2724,0.000000000000e+00,-1.656154398588e-03,8.629582334560e-02,8.412474068356e-04,8.629582334560e-02,0.000000000000e+00,-1.656154398588e-03,0.000000000000e+00
2725,0.000000000000e+00,-1.735314861842e-03,8.623220080058e-02,8.809925217868e-04,8.623220080058e-02,0.000000000000e+00,-1.735314861842e-03,0.000000000000e+00
2726,0.000000000000e+00,-1.819296705794e-03,8.617588810683e-02,9.215749181555e-04,8.617588810683e-02,0.000000000000e+00,-1.819296705794e-03,0.000000000000e+00
2727,0.000000000000e+00,-1.907735998500e-03,8.612750596976e-02,9.628215490070e-04,8.612750596976e-02,0.000000000000e+00,-1.907735998500e-03,0.000000000000e+00
2728,0.000000000000e+00,-2.000301485510e-03,8.608764526570e-02,1.004563936941e-03,8.608764526570e-02,0.000000000000e+00,-2.000301485510e-03,0.000000000000e+00
2729,0.000000000000e+00,-2.096357272619e-03,8.605706970170e-02,1.046563639475e-03,8.605706970170e-02,0.000000000000e+00,-2.096357272619e-03,0.000000000000e+00
2730,0.000000000000e+00,-2.194945402847e-03,8.603665711435e-02,1.088510006931e-03,8.603665711435e-02,0.000000000000e+00,-2.194945402847e-03,0.000000000000e+00
2731,0.000000000000e+00,-2.294933045715e-03,8.602729805071e-02,1.130055265000e-03,8.602729805071e-02,0.000000000000e+00,-2.294933045715e-03,0.000000000000e+00
2732,0.000000000000e+00,-2.395317419922e-03,8.602964658468e-02,1.170885075719e-03,8.602964658468e-02,0.000000000000e+00,-2.395317419922e-03,0.000000000000e+00
2733,0.000000000000e+00,-2.495147685866e-03,8.604419167352e-02,1.210702449263e-03,8.604419167352e-02,0.000000000000e+00,-2.495147685866e-03,0.000000000000e+00
2734,0.000000000000e+00,-2.592847250121e-03,8.607173863508e-02,1.249074843172e-03,8.607173863508e-02,0.000000000000e+00,-2.592847250121e-03,0.000000000000e+00
2735,0.000000000000e+00,-2.687098077635e-03,8.611282303864e-02,1.285636694676e-03,8.611282303864e-02,0.000000000000e+00,-2.687098077635e-03,0.000000000000e+00
2736,0.000000000000e+00,-2.776564297738e-03,8.616804304737e-02,1.320024978725e-03,8.616804304737e-02,0.000000000000e+00,-2.776564297738e-03,0.000000000000e+00
2737,0.000000000000e+00,-2.859980699414e-03,8.623799256761e-02,1.351899907555e-03,8.623799256761e-02,0.000000000000e+00,-2.859980699414e-03,0.000000000000e+00
2738,0.000000000000e+00,-2.935718111185e-03,8.632360665315e-02,1.380847751988e-03,8.632360665315e-02,0.000000000000e+00,-2.935718111185e-03,0.000000000000e+00
2739,0.000000000000e+00,-3.002934562276e-03,8.642525428626e-02,1.406640405385e-03,8.642525428626e-02,0.000000000000e+00,-3.002934562276e-03,0.000000000000e+00
2740,0.000000000000e+00,-3.060528777565e-03,8.654356698734e-02,1.428997865192e-03,8.654356698734e-02,0.000000000000e+00,-3.060528777565e-03,0.000000000000e+00
2741,0.000000000000e+00,-3.107094775787e-03,8.667945985307e-02,1.447578437991e-03,8.667945985307e-02,0.000000000000e+00,-3.107094775787e-03,0.000000000000e+00
2742,0.000000000000e+00,-3.141782447516e-03,8.683344129752e-02,1.462171326864e-03,8.683344129752e-02,0.000000000000e+00,-3.141782447516e-03,0.000000000000e+00
2743,0.000000000000e+00,-3.164250657043e-03,8.700554934480e-02,1.472685667571e-03,8.700554934480e-02,0.000000000000e+00,-3.164250657043e-03,0.000000000000e+00
2744,0.000000000000e+00,-3.173979110931e-03,8.719582977407e-02,1.478994993760e-03,8.719582977407e-02,0.000000000000e+00,-3.173979110931e-03,0.000000000000e+00
2745,0.000000000000e+00,-3.170985143849e-03,8.740390972303e-02,1.481095270355e-03,8.740390972303e-02,0.000000000000e+00,-3.170985143849e-03,0.000000000000e+00
2746,0.000000000000e+00,-3.155838094364e-03,8.762897314041e-02,1.479106174827e-03,8.762897314041e-02,0.000000000000e+00,-3.155838094364e-03,0.000000000000e+00
2747,0.000000000000e+00,-3.129330540566e-03,8.786987998836e-02,1.473197943203e-03,8.786987998836e-02,0.000000000000e+00,-3.129330540566e-03,0.000000000000e+00
2748,0.000000000000e+00,-3.092102163529e-03,8.812539482373e-02,1.463507232250e-03,8.812539482373e-02,0.000000000000e+00,-3.092102163529e-03,0.000000000000e+00
2749,0.000000000000e+00,-3.044617996957e-03,8.839427138876e-02,1.450131137060e-03,8.839427138876e-02,0.000000000000e+00,-3.044617996957e-03,0.000000000000e+00
2750,0.000000000000e+00,-2.987308819867e-03,8.867522371780e-02,1.433156183415e-03,8.867522371780e-02,0.000000000000e+00,-2.987308819867e-03,0.000000000000e+00
2751,0.000000000000e+00,-2.920579025554e-03,8.896697690525e-02,1.412659626170e-03,8.896697690525e-02,0.000000000000e+00,-2.920579025554e-03,0.000000000000e+00
2752,0.000000000000e+00,-2.844775378286e-03,8.926836235170e-02,1.388702454998e-03,8.926836235170e-02,0.000000000000e+00,-2.844775378286e-03,0.000000000000e+00
2753,0.000000000000e+00,-2.760622669479e-03,8.957816052046e-02,1.361422705489e-03,8.957816052046e-02,0.000000000000e+00,-2.760622669479e-03,0.000000000000e+00
2754,0.000000000000e+00,-2.668943270509e-03,8.989494987473e-02,1.330982272136e-03,8.989494987473e-02,0.000000000000e+00,-2.668943270509e-03,0.000000000000e+00
2755,0.000000000000e+00,-2.570595010810e-03,9.021713053684e-02,1.297546686286e-03,9.021713053684e-02,0.000000000000e+00,-2.570595010810e-03,0.000000000000e+00
2756,0.000000000000e+00,-2.466505196357e-03,9.054269425266e-02,1.261302388335e-03,9.054269425266e-02,0.000000000000e+00,-2.466505196357e-03,0.000000000000e+00
2757,0.000000000000e+00,-2.357402079191e-03,9.086939455281e-02,1.222400074726e-03,9.086939455281e-02,0.000000000000e+00,-2.357402079191e-03,0.000000000000e+00
2758,0.000000000000e+00,-2.243939935845e-03,9.119466702632e-02,1.180985566624e-03,9.119466702632e-02,0.000000000000e+00,-2.243939935845e-03,0.000000000000e+00
2759,0.000000000000e+00,-2.126619034045e-03,9.151592263623e-02,1.137182881917e-03,9.151592263623e-02,0.000000000000e+00,-2.126619034045e-03,0.000000000000e+00
2760,0.000000000000e+00,-2.006187635397e-03,9.183031510191e-02,1.091186259921e-03,9.183031510191e-02,0.000000000000e+00,-2.006187635397e-03,0.000000000000e+00
2761,0.000000000000e+00,-1.883268177163e-03,9.213530253796e-02,1.043174304327e-03,9.213530253796e-02,0.000000000000e+00,-1.883268177163e-03,0.000000000000e+00
2762,0.000000000000e+00,-1.758676405271e-03,9.242857563722e-02,9.933795874326e-04,9.242857563722e-02,0.000000000000e+00,-1.758676405271e-03,0.000000000000e+00
2763,0.000000000000e+00,-1.633297378850e-03,9.270822351745e-02,9.420597183926e-04,9.270822351745e-02,0.000000000000e+00,-1.633297378850e-03,0.000000000000e+00
2764,0.000000000000e+00,-1.508404715829e-03,9.297215358839e-02,8.895718143518e-04,9.297215358839e-02,0.000000000000e+00,-1.508404715829e-03,0.000000000000e+00
2765,0.000000000000e+00,-1.385096280860e-03,9.321874570559e-02,8.362406427715e-04,9.321874570559e-02,0.000000000000e+00,-1.385096280860e-03,0.000000000000e+00
2766,0.000000000000e+00,-1.264369673236e-03,9.344671750479e-02,7.823729666332e-04,9.344671750479e-02,0.000000000000e+00,-1.264369673236e-03,0.000000000000e+00
2767,0.000000000000e+00,-1.147164205302e-03,9.365511172705e-02,7.282632837820e-04,9.365511172705e-02,0.000000000000e+00,-1.147164205302e-03,0.000000000000e+00
2768,0.000000000000e+00,-1.034242948681e-03,9.384323383234e-02,6.741654711185e-04,9.384323383234e-02,0.000000000000e+00,-1.034242948681e-03,0.000000000000e+00
2769,0.000000000000e+00,-9.264694944460e-04,9.401049941174e-02,6.203539186059e-04,9.401049941174e-02,0.000000000000e+00,-9.264694944460e-04,0.000000000000e+00
2770,0.000000000000e+00,-8.250922992836e-04,9.415603909558e-02,5.671933876836e-04,9.415603909558e-02,0.000000000000e+00,-8.250922992836e-04,0.000000000000e+00
2771,0.000000000000e+00,-7.311960278514e-04,9.427925673785e-02,5.150193248060e-04,9.427925673785e-02,0.000000000000e+00,-7.311960278514e-04,0.000000000000e+00
2772,0.000000000000e+00,-6.455174928451e-04,9.438008339494e-02,4.640992917802e-04,9.438008339494e-02,0.000000000000e+00,-6.455174928451e-04,0.000000000000e+00
2773,0.000000000000e+00,-5.686619555637e-04,9.445877106439e-02,4.146857654721e-04,9.445877106439e-02,0.000000000000e+00,-5.686619555637e-04,0.000000000000e+00
2774,0.000000000000e+00,-5.009803653331e-04,9.451597709543e-02,3.669903796445e-04,9.451597709543e-02,0.000000000000e+00,-5.009803653331e-04,0.000000000000e+00
2775,0.000000000000e+00,-4.424737836603e-04,9.455266965142e-02,3.211607499636e-04,9.455266965142e-02,0.000000000000e+00,-4.424737836603e-04,0.000000000000e+00
2776,0.000000000000e+00,-3.929244192294e-04,9.457011888464e-02,2.773073034145e-04,9.457011888464e-02,0.000000000000e+00,-3.929244192294e-04,0.000000000000e+00
2777,0.000000000000e+00,-3.519853304981e-04,9.457011415354e-02,2.355150917670e-04,9.457011415354e-02,0.000000000000e+00,-3.519853304981e-04,0.000000000000e+00
2778,0.000000000000e+00,-3.195406708786e-04,9.455440992331e-02,1.959147386470e-04,9.455440992331e-02,0.000000000000e+00,-3.195406708786e-04,0.000000000000e+00
2779,0.000000000000e+00,-2.945744652021e-04,9.452468621184e-02,1.584306958233e-04,9.452468621184e-02,0.000000000000e+00,-2.945744652021e-04,0.000000000000e+00
2780,0.000000000000e+00,-2.761378169196e-04,9.448335904083e-02,1.229922896848e-04,9.448335904083e-02,0.000000000000e+00,-2.761378169196e-04,0.000000000000e+00
2781,0.000000000000e+00,-2.634411850424e-04,9.443276179316e-02,8.955392119635e-05,9.443276179316e-02,0.000000000000e+00,-2.634411850424e-04,0.000000000000e+00
2782,0.000000000000e+00,-2.556858031479e-04,9.437456479827e-02,5.805806949150e-05,9.437456479827e-02,0.000000000000e+00,-2.556858031479e-04,0.000000000000e+00
2783,0.000000000000e+00,-2.521204156027e-04,9.431001394807e-02,2.845415314156e-05,9.431001394807e-02,0.000000000000e+00,-2.521204156027e-04,0.000000000000e+00
2784,0.000000000000e+00,-2.519934237785e-04,9.424011464034e-02,6.937825402555e-07,9.424011464034e-02,0.000000000000e+00,-2.519934237785e-04,0.000000000000e+00
2785,0.000000000000e+00,-2.542041524758e-04,9.416551449711e-02,-2.534440441085e-05,9.416551449711e-02,0.000000000000e+00,-2.542041524758e-04,0.000000000000e+00
2786,0.000000000000e+00,-2.574479356571e-04,9.408627870169e-02,-4.982014823547e-05,9.408627870169e-02,0.000000000000e+00,-2.574479356571e-04,0.000000000000e+00
2787,0.000000000000e+00,-2.601077537275e-04,9.400189504494e-02,-7.294461420228e-05,9.400189504494e-02,0.000000000000e+00,-2.601077537275e-04,0.000000000000e+00
2788,0.000000000000e+00,-2.597680602218e-04,9.391201620085e-02,-9.510505396358e-05,9.391201620085e-02,0.000000000000e+00,-2.597680602218e-04,0.000000000000e+00
2789,0.000000000000e+00,-2.540785832374e-04,9.381618404220e-02,-1.166742030812e-04,9.381618404220e-02,0.000000000000e+00,-2.540785832374e-04,0.000000000000e+00
2790,0.000000000000e+00,-2.412541133502e-04,9.371370836613e-02,-1.379023292963e-04,9.371370836613e-02,0.000000000000e+00,-2.412541133502e-04,0.000000000000e+00
2791,0.000000000000e+00,-2.199161074989e-04,9.360409269616e-02,-1.589624411949e-04,9.360409269616e-02,0.000000000000e+00,-2.199161074989e-04,0.000000000000e+00
2792,0.000000000000e+00,-1.895497340102e-04,9.348686978523e-02,-1.798537240283e-04,9.348686978523e-02,0.000000000000e+00,-1.895497340102e-04,0.000000000000e+00
2793,0.000000000000e+00,-1.504490753002e-04,9.336172092160e-02,-2.004187129980e-04,9.336172092160e-02,0.000000000000e+00,-1.504490753002e-04,0.000000000000e+00
2794,0.000000000000e+00,-1.033688879117e-04,9.322884708067e-02,-2.204253785174e-04,9.322884708067e-02,0.000000000000e+00,-1.033688879117e-04,0.000000000000e+00
2795,0.000000000000e+00,-5.034707044520e-05,9.308833805323e-02,-2.393818267411e-04,9.308833805323e-02,0.000000000000e+00,-5.034707044520e-05,0.000000000000e+00
2796,0.000000000000e+00,5.686196552646e-06,9.294044479691e-02,-2.566235885857e-04,9.294044479691e-02,0.000000000000e+00,5.686196552646e-06,0.000000000000e+00
2797,0.000000000000e+00,6.177136402710e-05,9.278601147162e-02,-2.715043251149e-04,9.278601147162e-02,0.000000000000e+00,6.177136402710e-05,0.000000000000e+00
2798,0.000000000000e+00,1.156746461026e-04,9.262685056208e-02,-2.835618781580e-04,9.262685056208e-02,0.000000000000e+00,1.156746461026e-04,0.000000000000e+00
2799,0.000000000000e+00,1.642106817514e-04,9.246390147542e-02,-2.921326202281e-04,9.246390147542e-02,0.000000000000e+00,1.642106817514e-04,0.000000000000e+00
2800,0.000000000000e+00,2.042693537423e-04,9.229779700840e-02,-2.965817697254e-04,9.229779700840e-02,0.000000000000e+00,2.042693537423e-04,0.000000000000e+00
2801,0.000000000000e+00,2.331297396161e-04,9.212892780737e-02,-2.963735670708e-04,9.212892780737e-02,0.000000000000e+00,2.331297396161e-04,0.000000000000e+00
2802,0.000000000000e+00,2.484084142041e-04,9.195719640124e-02,-2.910538933420e-04,9.195719640124e-02,0.000000000000e+00,2.484084142041e-04,0.000000000000e+00
2803,0.000000000000e+00,2.484895012040e-04,9.178239320408e-02,-2.803433024179e-04,9.178239320408e-02,0.000000000000e+00,2.484895012040e-04,0.000000000000e+00
2804,0.000000000000e+00,2.323310036761e-04,9.160384120818e-02,-2.640870821889e-04,9.160384120818e-02,0.000000000000e+00,2.323310036761e-04,0.000000000000e+00
2805,0.000000000000e+00,1.991612887638e-04,9.142028226274e-02,-2.421862077310e-04,9.142028226274e-02,0.000000000000e+00,1.991612887638e-04,0.000000000000e+00
2806,0.000000000000e+00,1.494325627214e-04,9.123097785964e-02,-2.148131706173e-04,9.123097785964e-02,0.000000000000e+00,1.494325627214e-04,0.000000000000e+00
2807,0.000000000000e+00,8.369143018888e-05,9.103483831470e-02,-1.821532376222e-04,9.103483831470e-02,0.000000000000e+00,8.369143018888e-05,0.000000000000e+00
2808,0.000000000000e+00,2.568696925046e-06,9.083081890437e-02,-1.444040583429e-04,9.083081890437e-02,0.000000000000e+00,2.568696925046e-06,0.000000000000e+00
2809,0.000000000000e+00,-9.288870721858e-05,9.061840953670e-02,-1.018523275376e-04,9.061840953670e-02,0.000000000000e+00,-9.288870721858e-05,0.000000000000e+00
2810,0.000000000000e+00,-2.014486212211e-04,9.039750805054e-02,-5.482490643729e-05,9.039750805054e-02,0.000000000000e+00,-2.014486212211e-04,0.000000000000e+00
2811,0.000000000000e+00,-3.218851088164e-04,9.016834345885e-02,-3.650288382124e-06,9.016834345885e-02,0.000000000000e+00,-3.218851088164e-04,0.000000000000e+00
2812,0.000000000000e+00,-4.529395437161e-04,8.993165106004e-02,5.132712149947e-05,8.993165106004e-02,0.000000000000e+00,-4.529395437161e-04,0.000000000000e+00
2813,0.000000000000e+00,-5.936310893229e-04,8.968851278331e-02,1.098144745922e-04,8.968851278331e-02,0.000000000000e+00,-5.936310893229e-04,0.000000000000e+00
2814,0.000000000000e+00,-7.432986107664e-04,8.944045841575e-02,1.715695197185e-04,8.944045841575e-02,0.000000000000e+00,-7.432986107664e-04,0.000000000000e+00
2815,0.000000000000e+00,-9.019338801772e-04,8.918917099957e-02,2.364647326091e-04,8.918917099957e-02,0.000000000000e+00,-9.019338801772e-04,0.000000000000e+00
2816,0.000000000000e+00,-1.069984625167e-03,8.893632506134e-02,3.044505787759e-04,8.893632506134e-02,0.000000000000e+00,-1.069984625167e-03,0.000000000000e+00
2817,0.000000000000e+00,-1.248126180041e-03,8.868385848001e-02,3.755115696008e-04,8.868385848001e-02,0.000000000000e+00,-1.248126180041e-03,0.000000000000e+00
2818,0.000000000000e+00,-1.436906397488e-03,8.843355126416e-02,4.495972168649e-04,8.843355126416e-02,0.000000000000e+00,-1.436906397488e-03,0.000000000000e+00
2819,0.000000000000e+00,-1.637041311175e-03,8.818695640978e-02,5.266894511842e-04,8.818695640978e-02,0.000000000000e+00,-1.637041311175e-03,0.000000000000e+00
2820,0.000000000000e+00,-1.849284724236e-03,8.794557991910e-02,6.067602092947e-04,8.794557991910e-02,0.000000000000e+00,-1.849284724236e-03,0.000000000000e+00
2821,0.000000000000e+00,-2.074331447187e-03,8.771080113603e-02,6.897576004148e-04,8.771080113603e-02,0.000000000000e+00,-2.074331447187e-03,0.000000000000e+00
2822,0.000000000000e+00,-2.312485079029e-03,8.748392097812e-02,7.755442633359e-04,8.748392097812e-02,0.000000000000e+00,-2.312485079029e-03,0.000000000000e+00
2823,0.000000000000e+00,-2.563160244571e-03,8.726651216811e-02,8.637984651948e-04,8.726651216811e-02,0.000000000000e+00,-2.563160244571e-03,0.000000000000e+00
2824,0.000000000000e+00,-2.825372093092e-03,8.706014529555e-02,9.541134254052e-04,8.706014529555e-02,0.000000000000e+00,-2.825372093092e-03,0.000000000000e+00
2825,0.000000000000e+00,-3.097449927157e-03,8.686638990541e-02,1.045942398301e-03,8.686638990541e-02,0.000000000000e+00,-3.097449927157e-03,0.000000000000e+00
2826,0.000000000000e+00,-3.377911267529e-03,8.668631026515e-02,1.138786586127e-03,8.668631026515e-02,0.000000000000e+00,-3.377911267529e-03,0.000000000000e+00
2827,0.000000000000e+00,-3.664662985218e-03,8.652076232259e-02,1.232026859382e-03,8.652076232259e-02,0.000000000000e+00,-3.664662985218e-03,0.000000000000e+00
2828,0.000000000000e+00,-3.954599675333e-03,8.637076495186e-02,1.324829702761e-03,8.637076495186e-02,0.000000000000e+00,-3.954599675333e-03,0.000000000000e+00
2829,0.000000000000e+00,-4.244444386912e-03,8.623697896750e-02,1.416331615841e-03,8.623697896750e-02,0.000000000000e+00,-4.244444386912e-03,0.000000000000e+00
2830,0.000000000000e+00,-4.531867496644e-03,8.611907794690e-02,1.505884663380e-03,8.611907794690e-02,0.000000000000e+00,-4.531867496644e-03,0.000000000000e+00
2831,0.000000000000e+00,-4.814386850316e-03,8.601657943445e-02,1.592810806992e-03,8.601657943445e-02,0.000000000000e+00,-4.814386850316e-03,0.000000000000e+00
2832,0.000000000000e+00,-5.090471661072e-03,8.592822569239e-02,1.676643932995e-03,8.592822569239e-02,0.000000000000e+00,-5.090471661072e-03,0.000000000000e+00
2833,0.000000000000e+00,-5.358573698772e-03,8.585256234321e-02,1.756921749818e-03,8.585256234321e-02,0.000000000000e+00,-5.358573698772e-03,0.000000000000e+00
2834,0.000000000000e+00,-5.617030172121e-03,8.578816175102e-02,1.833157454841e-03,8.578816175102e-02,0.000000000000e+00,-5.617030172121e-03,0.000000000000e+00
2835,0.000000000000e+00,-5.863998216174e-03,8.573380102599e-02,1.904827019978e-03,8.573380102599e-02,0.000000000000e+00,-5.863998216174e-03,0.000000000000e+00
2836,0.000000000000e+00,-6.097833464048e-03,8.568830347370e-02,1.971454782889e-03,8.568830347370e-02,0.000000000000e+00,-6.097833464048e-03,0.000000000000e+00
2837,0.000000000000e+00,-6.317017818807e-03,8.565071813609e-02,2.032596629487e-03,8.565071813609e-02,0.000000000000e+00,-6.317017818807e-03,0.000000000000e+00
2838,0.000000000000e+00,-6.520243307346e-03,8.562039749042e-02,2.087856864287e-03,8.562039749042e-02,0.000000000000e+00,-6.520243307346e-03,0.000000000000e+00
2839,0.000000000000e+00,-6.706198194924e-03,8.559724796870e-02,2.136843801654e-03,8.559724796870e-02,0.000000000000e+00,-6.706198194924e-03,0.000000000000e+00
2840,0.000000000000e+00,-6.874471540190e-03,8.558140651554e-02,2.179349090300e-03,8.558140651554e-02,0.000000000000e+00,-6.874471540190e-03,0.000000000000e+00
2841,0.000000000000e+00,-7.024306736091e-03,8.557369761437e-02,2.215093195947e-03,8.557369761437e-02,0.000000000000e+00,-7.024306736091e-03,0.000000000000e+00
2842,0.000000000000e+00,-7.154498819476e-03,8.557529548697e-02,2.243752565783e-03,8.557529548697e-02,0.000000000000e+00,-7.154498819476e-03,0.000000000000e+00
2843,0.000000000000e+00,-7.264263707925e-03,8.558739948994e-02,2.265081332936e-03,8.558739948994e-02,0.000000000000e+00,-7.264263707925e-03,0.000000000000e+00
2844,0.000000000000e+00,-7.353401135856e-03,8.561100750272e-02,2.278943548417e-03,8.561100750272e-02,0.000000000000e+00,-7.353401135856e-03,0.000000000000e+00
2845,0.000000000000e+00,-7.421846004874e-03,8.564689097453e-02,2.285256463524e-03,8.564689097453e-02,0.000000000000e+00,-7.421846004874e-03,0.000000000000e+00
2846,0.000000000000e+00,-7.469724054253e-03,8.569548108285e-02,2.284011957803e-03,8.569548108285e-02,0.000000000000e+00,-7.469724054253e-03,0.000000000000e+00
2847,0.000000000000e+00,-7.496581829554e-03,8.575719597732e-02,2.275112312272e-03,8.575719597732e-02,0.000000000000e+00,-7.496581829554e-03,0.000000000000e+00
2848,0.000000000000e+00,-7.501868923760e-03,8.583222634347e-02,2.258474631459e-03,8.583222634347e-02,0.000000000000e+00,-7.501868923760e-03,0.000000000000e+00
2849,0.000000000000e+00,-7.485014650095e-03,8.592055607577e-02,2.234038062346e-03,8.592055607577e-02,0.000000000000e+00,-7.485014650095e-03,0.000000000000e+00
2850,0.000000000000e+00,-7.445913838641e-03,8.602185065834e-02,2.201852434854e-03,8.602185065834e-02,0.000000000000e+00,-7.445913838641e-03,0.000000000000e+00
2851,0.000000000000e+00,-7.384787306968e-03,8.613566171039e-02,2.162055858899e-03,8.613566171039e-02,0.000000000000e+00,-7.384787306968e-03,0.000000000000e+00
2852,0.000000000000e+00,-7.302178937368e-03,8.626145837815e-02,2.114888506083e-03,8.626145837815e-02,0.000000000000e+00,-7.302178937368e-03,0.000000000000e+00
2853,0.000000000000e+00,-7.198660675289e-03,8.639865474250e-02,2.060632265215e-03,8.639865474250e-02,0.000000000000e+00,-7.198660675289e-03,0.000000000000e+00
2854,0.000000000000e+00,-7.075321431945e-03,8.654680136200e-02,1.999680958197e-03,8.654680136200e-02,0.000000000000e+00,-7.075321431945e-03,0.000000000000e+00
2855,0.000000000000e+00,-6.933640266123e-03,8.670549014087e-02,1.932522455148e-03,8.670549014087e-02,0.000000000000e+00,-6.933640266123e-03,0.000000000000e+00
2856,0.000000000000e+00,-6.775265963304e-03,8.687435357372e-02,1.859693550516e-03,8.687435357372e-02,0.000000000000e+00,-6.775265963304e-03,0.000000000000e+00
2857,0.000000000000e+00,-6.601721516615e-03,8.705302476033e-02,1.781717912027e-03,8.705302476033e-02,0.000000000000e+00,-6.601721516615e-03,0.000000000000e+00
2858,0.000000000000e+00,-6.414408095670e-03,8.724086927926e-02,1.699106825177e-03,8.724086927926e-02,0.000000000000e+00,-6.414408095670e-03,0.000000000000e+00
2859,0.000000000000e+00,-6.214437132023e-03,8.743709883422e-02,1.612323402239e-03,8.743709883422e-02,0.000000000000e+00,-6.214437132023e-03,0.000000000000e+00
2860,0.000000000000e+00,-6.002650565492e-03,8.764093470531e-02,1.521781815543e-03,8.764093470531e-02,0.000000000000e+00,-6.002650565492e-03,0.000000000000e+00
2861,0.000000000000e+00,-5.779798437251e-03,8.785148734035e-02,1.427885635320e-03,8.785148734035e-02,0.000000000000e+00,-5.779798437251e-03,0.000000000000e+00
2862,0.000000000000e+00,-5.546435476370e-03,8.806774077870e-02,1.331002029475e-03,8.806774077870e-02,0.000000000000e+00,-5.546435476370e-03,0.000000000000e+00
2863,0.000000000000e+00,-5.303047245623e-03,8.828860681390e-02,1.231483348196e-03,8.828860681390e-02,0.000000000000e+00,-5.303047245623e-03,0.000000000000e+00
2864,0.000000000000e+00,-5.050527091378e-03,8.851274621199e-02,1.129772618672e-03,8.851274621199e-02,0.000000000000e+00,-5.050527091378e-03,0.000000000000e+00
2865,0.000000000000e+00,-4.790066824080e-03,8.873874427748e-02,1.026380828332e-03,8.873874427748e-02,0.000000000000e+00,-4.790066824080e-03,0.000000000000e+00
2866,0.000000000000e+00,-4.522770405733e-03,8.896544153764e-02,9.217984088180e-04,8.896544153764e-02,0.000000000000e+00,-4.522770405733e-03,0.000000000000e+00
2867,0.000000000000e+00,-4.250060165993e-03,8.919152652357e-02,8.165889612662e-04,8.919152652357e-02,0.000000000000e+00,-4.250060165993e-03,0.000000000000e+00
2868,0.000000000000e+00,-3.973708055900e-03,8.941554681703e-02,7.113972210515e-04,8.941554681703e-02,0.000000000000e+00,-3.973708055900e-03,0.000000000000e+00
2869,0.000000000000e+00,-3.695576286673e-03,8.963603102215e-02,6.068906017825e-04,8.963603102215e-02,0.000000000000e+00,-3.695576286673e-03,0.000000000000e+00
2870,0.000000000000e+00,-3.417566627105e-03,8.985148062480e-02,5.037458185848e-04,8.985148062480e-02,0.000000000000e+00,-3.417566627105e-03,0.000000000000e+00
2871,0.000000000000e+00,-3.141396212385e-03,9.006067583363e-02,4.025945871663e-04,9.006067583363e-02,0.000000000000e+00,-3.141396212385e-03,0.000000000000e+00
2872,0.000000000000e+00,-2.868828015558e-03,9.026244869943e-02,3.040730501169e-04,9.026244869943e-02,0.000000000000e+00,-2.868828015558e-03,0.000000000000e+00
2873,0.000000000000e+00,-2.601634893987e-03,9.045553167957e-02,2.088085944242e-04,9.045553167957e-02,0.000000000000e+00,-2.601634893987e-03,0.000000000000e+00
2874,0.000000000000e+00,-2.341376451612e-03,9.063852392412e-02,1.173621042758e-04,9.063852392412e-02,0.000000000000e+00,-2.341376451612e-03,0.000000000000e+00
2875,0.000000000000e+00,-2.089160896501e-03,9.081003549998e-02,3.017091573304e-05,9.081003549998e-02,0.000000000000e+00,-2.089160896501e-03,0.000000000000e+00
2876,0.000000000000e+00,-1.845829528778e-03,9.096838033892e-02,-5.240917780625e-05,9.096838033892e-02,0.000000000000e+00,-1.845829528778e-03,0.000000000000e+00
2877,0.000000000000e+00,-1.612423188646e-03,9.111123256732e-02,-1.299970320558e-04,9.111123256732e-02,0.000000000000e+00,-1.612423188646e-03,0.000000000000e+00
2878,0.000000000000e+00,-1.389792241498e-03,9.123613674012e-02,-2.022723228380e-04,9.123613674012e-02,0.000000000000e+00,-1.389792241498e-03,0.000000000000e+00
2879,0.000000000000e+00,-1.177926794706e-03,9.134131667202e-02,-2.691228923648e-04,9.134131667202e-02,0.000000000000e+00,-1.177926794706e-03,0.000000000000e+00
2880,0.000000000000e+00,-9.761903737207e-04,9.142564722743e-02,-3.305905221077e-04,9.142564722743e-02,0.000000000000e+00,-9.761903737207e-04,0.000000000000e+00
2881,0.000000000000e+00,-7.842118215246e-04,9.148801427769e-02,-3.866669940939e-04,9.148801427769e-02,0.000000000000e+00,-7.842118215246e-04,0.000000000000e+00
2882,0.000000000000e+00,-6.018721864386e-04,9.152764593553e-02,-4.372981677489e-04,9.152764593553e-02,0.000000000000e+00,-6.018721864386e-04,0.000000000000e+00
2883,0.000000000000e+00,-4.292089331471e-04,9.154442823938e-02,-4.824087047175e-04,9.154442823938e-02,0.000000000000e+00,-4.292089331471e-04,0.000000000000e+00
2884,0.000000000000e+00,-2.663250904055e-04,9.153883527132e-02,-5.219228144896e-04,9.153883527132e-02,0.000000000000e+00,-2.663250904055e-04,0.000000000000e+00
2885,0.000000000000e+00,-1.127532184623e-04,9.151261245591e-02,-5.559108553234e-04,9.151261245591e-02,0.000000000000e+00,-1.127532184623e-04,0.000000000000e+00
2886,0.000000000000e+00,3.197490812011e-05,9.146810144144e-02,-5.844681588484e-04,9.146810144144e-02,0.000000000000e+00,3.197490812011e-05,0.000000000000e+00
2887,0.000000000000e+00,1.677800757546e-04,9.140762448356e-02,-6.075928631930e-04,9.140762448356e-02,0.000000000000e+00,1.677800757546e-04,0.000000000000e+00
2888,0.000000000000e+00,2.941391386993e-04,9.133341593481e-02,-6.252031261818e-04,9.133341593481e-02,0.000000000000e+00,2.941391386993e-04,0.000000000000e+00
2889,0.000000000000e+00,4.103807380769e-04,9.124771175875e-02,-6.371989466331e-04,9.124771175875e-02,0.000000000000e+00,4.103807380769e-04,0.000000000000e+00
2890,0.000000000000e+00,5.158259110430e-04,9.115273935948e-02,-6.434903942483e-04,9.115273935948e-02,0.000000000000e+00,5.158259110430e-04,0.000000000000e+00
2891,0.000000000000e+00,6.097085778158e-04,9.105052842290e-02,-6.439763463192e-04,9.105052842290e-02,0.000000000000e+00,6.097085778158e-04,0.000000000000e+00
2892,0.000000000000e+00,6.912650133158e-04,9.094287936932e-02,-6.385585714858e-04,9.094287936932e-02,0.000000000000e+00,6.912650133158e-04,0.000000000000e+00
2893,0.000000000000e+00,7.593818606134e-04,9.083101868787e-02,-6.270590701531e-04,9.083101868787e-02,0.000000000000e+00,7.593818606134e-04,0.000000000000e+00
2894,0.000000000000e+00,8.129553354500e-04,9.071578841685e-02,-6.092999448435e-04,9.071578841685e-02,0.000000000000e+00,8.129553354500e-04,0.000000000000e+00
2895,0.000000000000e+00,8.512765214321e-04,9.059790502982e-02,-5.851909637640e-04,9.059790502982e-02,0.000000000000e+00,8.512765214321e-04,0.000000000000e+00
2896,0.000000000000e+00,8.740444505409e-04,9.047794994418e-02,-5.547398549779e-04,9.047794994418e-02,0.000000000000e+00,8.740444505409e-04,0.000000000000e+00
2897,0.000000000000e+00,8.811493329806e-04,9.035620235900e-02,-5.180080489382e-04,9.035620235900e-02,0.000000000000e+00,8.811493329806e-04,0.000000000000e+00
2898,0.000000000000e+00,8.728105525253e-04,9.023287409683e-02,-4.751463509223e-04,9.023287409683e-02,0.000000000000e+00,8.728105525253e-04,0.000000000000e+00
2899,0.000000000000e+00,8.493625492594e-04,9.010806907600e-02,-4.263512444937e-04,9.010806907600e-02,0.000000000000e+00,8.493625492594e-04,0.000000000000e+00
2900,0.000000000000e+00,8.113265654371e-04,8.998188593364e-02,-3.718814199082e-04,8.998188593364e-02,0.000000000000e+00,8.113265654371e-04,0.000000000000e+00
2901,0.000000000000e+00,7.591596558062e-04,8.985422742512e-02,-3.119991974746e-04,8.985422742512e-02,0.000000000000e+00,7.591596558062e-04,0.000000000000e+00
2902,0.000000000000e+00,6.932964873430e-04,8.972490817015e-02,-2.469811139714e-04,8.972490817015e-02,0.000000000000e+00,6.932964873430e-04,0.000000000000e+00
2903,0.000000000000e+00,6.140718503340e-04,8.959373351823e-02,-1.771024479156e-04,8.959373351823e-02,0.000000000000e+00,6.140718503340e-04,0.000000000000e+00
2904,0.000000000000e+00,5.216392990019e-04,8.946051453489e-02,-1.026194799760e-04,8.946051453489e-02,0.000000000000e+00,5.216392990019e-04,0.000000000000e+00
2905,0.000000000000e+00,4.161001170133e-04,8.932521215720e-02,-2.379870023446e-05,8.932521215720e-02,0.000000000000e+00,4.161001170133e-04,0.000000000000e+00
2906,0.000000000000e+00,2.972722071029e-04,8.918791779735e-02,5.913195880621e-05,8.918791779735e-02,0.000000000000e+00,2.972722071029e-04,0.000000000000e+00
2907,0.000000000000e+00,1.649587260199e-04,8.904890609448e-02,1.459258000472e-04,8.904890609448e-02,0.000000000000e+00,1.649587260199e-04,0.000000000000e+00
2908,0.000000000000e+00,1.907173378983e-05,8.890862912041e-02,2.362949257328e-04,8.890862912041e-02,0.000000000000e+00,1.907173378983e-05,0.000000000000e+00
2909,0.000000000000e+00,-1.404646005072e-04,8.876755418252e-02,3.299384420746e-04,8.876755418252e-02,0.000000000000e+00,-1.404646005072e-04,0.000000000000e+00
2910,0.000000000000e+00,-3.134674784540e-04,8.862620442516e-02,4.264982920189e-04,8.862620442516e-02,0.000000000000e+00,-3.134674784540e-04,0.000000000000e+00
2911,0.000000000000e+00,-4.991009784578e-04,8.848552315278e-02,5.254720519486e-04,8.848552315278e-02,0.000000000000e+00,-4.991009784578e-04,0.000000000000e+00
2912,0.000000000000e+00,-6.965308558676e-04,8.834639967536e-02,6.263628089036e-04,8.834639967536e-02,0.000000000000e+00,-6.965308558676e-04,0.000000000000e+00
2913,0.000000000000e+00,-9.047162910189e-04,8.821003173353e-02,7.286288686009e-04,8.821003173353e-02,0.000000000000e+00,-9.047162910189e-04,0.000000000000e+00
2914,0.000000000000e+00,-1.122332356264e-03,8.807785985108e-02,8.316702522962e-04,8.807785985108e-02,0.000000000000e+00,-1.122332356264e-03,0.000000000000e+00
2915,0.000000000000e+00,-1.347664118066e-03,8.795161484801e-02,9.348107903320e-04,8.795161484801e-02,0.000000000000e+00,-1.347664118066e-03,0.000000000000e+00
2916,0.000000000000e+00,-1.578856407104e-03,8.783311024062e-02,1.037356805322e-03,8.783311024062e-02,0.000000000000e+00,-1.578856407104e-03,0.000000000000e+00
2917,0.000000000000e+00,-1.813978226716e-03,8.772417809944e-02,1.138613978864e-03,8.772417809944e-02,0.000000000000e+00,-1.813978226716e-03,0.000000000000e+00
2918,0.000000000000e+00,-2.051371277701e-03,8.762650155426e-02,1.237963028731e-03,8.762650155426e-02,0.000000000000e+00,-2.051371277701e-03,0.000000000000e+00
2919,0.000000000000e+00,-2.289422214882e-03,8.754171511989e-02,1.334807567080e-03,8.754171511989e-02,0.000000000000e+00,-2.289422214882e-03,0.000000000000e+00
2920,0.000000000000e+00,-2.526077408136e-03,8.747176017091e-02,1.428463568160e-03,8.747176017091e-02,0.000000000000e+00,-2.526077408136e-03,0.000000000000e+00
2921,0.000000000000e+00,-2.759582245255e-03,8.741828153746e-02,1.518321269048e-03,8.741828153746e-02,0.000000000000e+00,-2.759582245255e-03,0.000000000000e+00
2922,0.000000000000e+00,-2.988889065827e-03,8.738229051854e-02,1.603933568943e-03,8.738229051854e-02,0.000000000000e+00,-2.988889065827e-03,0.000000000000e+00
2923,0.000000000000e+00,-3.210518735786e-03,8.736618554671e-02,1.684332232052e-03,8.736618554671e-02,0.000000000000e+00,-3.210518735786e-03,0.000000000000e+00
2924,0.000000000000e+00,-3.423851417381e-03,8.737026406453e-02,1.759199973955e-03,8.737026406453e-02,0.000000000000e+00,-3.423851417381e-03,0.000000000000e+00
2925,0.000000000000e+00,-3.629363687935e-03,8.739380906732e-02,1.828474974575e-03,8.739380906732e-02,0.000000000000e+00,-3.629363687935e-03,0.000000000000e+00
2926,0.000000000000e+00,-3.825148733580e-03,8.743674321972e-02,1.891610491039e-03,8.743674321972e-02,0.000000000000e+00,-3.825148733580e-03,0.000000000000e+00
2927,0.000000000000e+00,-4.010289199500e-03,8.749796283426e-02,1.948293370966e-03,8.749796283426e-02,0.000000000000e+00,-4.010289199500e-03,0.000000000000e+00
2928,0.000000000000e+00,-4.184008124010e-03,8.757572411873e-02,1.998261527745e-03,8.757572411873e-02,0.000000000000e+00,-4.184008124010e-03,0.000000000000e+00
2929,0.000000000000e+00,-4.345429333550e-03,8.766782206117e-02,2.041254406703e-03,8.766782206117e-02,0.000000000000e+00,-4.345429333550e-03,0.000000000000e+00
2930,0.000000000000e+00,-4.494580044530e-03,8.777109615763e-02,2.077232509707e-03,8.777109615763e-02,0.000000000000e+00,-4.494580044530e-03,0.000000000000e+00
2931,0.000000000000e+00,-4.631493486835e-03,8.788215325210e-02,2.106183331749e-03,8.788215325210e-02,0.000000000000e+00,-4.631493486835e-03,0.000000000000e+00
2932,0.000000000000e+00,-4.756775827432e-03,8.799743595703e-02,2.128238133875e-03,8.799743595703e-02,0.000000000000e+00,-4.756775827432e-03,0.000000000000e+00
2933,0.000000000000e+00,-4.870466998726e-03,8.811390810408e-02,2.143434246480e-03,8.811390810408e-02,0.000000000000e+00,-4.870466998726e-03,0.000000000000e+00
2934,0.000000000000e+00,-4.973001232361e-03,8.822879230733e-02,2.151916213120e-03,8.822879230733e-02,0.000000000000e+00,-4.973001232361e-03,0.000000000000e+00
2935,0.000000000000e+00,-5.064891639628e-03,8.833995362064e-02,2.153864969844e-03,8.833995362064e-02,0.000000000000e+00,-5.064891639628e-03,0.000000000000e+00
2936,0.000000000000e+00,-5.146584300014e-03,8.844595278826e-02,2.149462859936e-03,8.844595278826e-02,0.000000000000e+00,-5.146584300014e-03,0.000000000000e+00
2937,0.000000000000e+00,-5.218248622843e-03,8.854612392743e-02,2.138846146015e-03,8.854612392743e-02,0.000000000000e+00,-5.218248622843e-03,0.000000000000e+00
2938,0.000000000000e+00,-5.279802247331e-03,8.864054023693e-02,2.122113094720e-03,8.864054023693e-02,0.000000000000e+00,-5.279802247331e-03,0.000000000000e+00
2939,0.000000000000e+00,-5.331178114113e-03,8.872974613267e-02,2.099380599242e-03,8.872974613267e-02,0.000000000000e+00,-5.331178114113e-03,0.000000000000e+00
2940,0.000000000000e+00,-5.372546910239e-03,8.881442487171e-02,2.070826809019e-03,8.881442487171e-02,0.000000000000e+00,-5.372546910239e-03,0.000000000000e+00
2941,0.000000000000e+00,-5.404550357035e-03,8.889504435838e-02,2.036741648245e-03,8.889504435838e-02,0.000000000000e+00,-5.404550357035e-03,0.000000000000e+00
2942,0.000000000000e+00,-5.426887382952e-03,8.897266529628e-02,1.997217559684e-03,8.897266529628e-02,0.000000000000e+00,-5.426887382952e-03,0.000000000000e+00
2943,0.000000000000e+00,-5.440006819499e-03,8.904763393025e-02,1.952530202068e-03,8.904763393025e-02,0.000000000000e+00,-5.440006819499e-03,0.000000000000e+00
2944,0.000000000000e+00,-5.444104022719e-03,8.912044301240e-02,1.902924559768e-03,8.912044301240e-02,0.000000000000e+00,-5.444104022719e-03,0.000000000000e+00
2945,0.000000000000e+00,-5.439434475842e-03,8.919156714837e-02,1.848681609301e-03,8.919156714837e-02,0.000000000000e+00,-5.439434475842e-03,0.000000000000e+00
2946,0.000000000000e+00,-5.426322722538e-03,8.926129866648e-02,1.790129746573e-03,8.926129866648e-02,0.000000000000e+00,-5.426322722538e-03,0.000000000000e+00
2947,0.000000000000e+00,-5.404658441197e-03,8.933026625803e-02,1.727532622420e-03,8.933026625803e-02,0.000000000000e+00,-5.404658441197e-03,0.000000000000e+00
2948,0.000000000000e+00,-5.374264827777e-03,8.939913309389e-02,1.661166999778e-03,8.939913309389e-02,0.000000000000e+00,-5.374264827777e-03,0.000000000000e+00
2949,0.000000000000e+00,-5.335705727028e-03,8.946809731413e-02,1.591491698578e-03,8.946809731413e-02,0.000000000000e+00,-5.335705727028e-03,0.000000000000e+00
2950,0.000000000000e+00,-5.289363100893e-03,8.953758852865e-02,1.518937653472e-03,8.953758852865e-02,0.000000000000e+00,-5.289363100893e-03,0.000000000000e+00
2951,0.000000000000e+00,-5.236072409594e-03,8.960757062990e-02,1.444043862826e-03,8.960757062990e-02,0.000000000000e+00,-5.236072409594e-03,0.000000000000e+00
2952,0.000000000000e+00,-5.176707142939e-03,8.967790759517e-02,1.367356776535e-03,8.967790759517e-02,0.000000000000e+00,-5.176707142939e-03,0.000000000000e+00
2953,0.000000000000e+00,-5.110992313812e-03,8.974908147315e-02,1.289173396004e-03,8.974908147315e-02,0.000000000000e+00,-5.110992313812e-03,0.000000000000e+00
2954,0.000000000000e+00,-5.039152178145e-03,8.982115682464e-02,1.209903664159e-03,8.982115682464e-02,0.000000000000e+00,-5.039152178145e-03,0.000000000000e+00
2955,0.000000000000e+00,-4.961425918494e-03,8.989401701276e-02,1.129962834737e-03,8.989401701276e-02,0.000000000000e+00,-4.961425918494e-03,0.000000000000e+00
2956,0.000000000000e+00,-4.878049895071e-03,8.996733489671e-02,1.049763135109e-03,8.996733489671e-02,0.000000000000e+00,-4.878049895071e-03,0.000000000000e+00
2957,0.000000000000e+00,-4.787596197926e-03,9.004155303911e-02,9.693442805091e-04,9.004155303911e-02,0.000000000000e+00,-4.787596197926e-03,0.000000000000e+00
2958,0.000000000000e+00,-4.690313733336e-03,9.011583318576e-02,8.891074009051e-04,9.011583318576e-02,0.000000000000e+00,-4.690313733336e-03,0.000000000000e+00
2959,0.000000000000e+00,-4.586078478814e-03,9.018920187086e-02,8.093591405508e-04,9.018920187086e-02,0.000000000000e+00,-4.586078478814e-03,0.000000000000e+00
2960,0.000000000000e+00,-4.474767152943e-03,9.026020366281e-02,7.303901460945e-04,9.026020366281e-02,0.000000000000e+00,-4.474767152943e-03,0.000000000000e+00
2961,0.000000000000e+00,-4.356627388408e-03,9.032660629510e-02,6.525569473430e-04,9.032660629510e-02,0.000000000000e+00,-4.356627388408e-03,0.000000000000e+00
2962,0.000000000000e+00,-4.231799791191e-03,9.038579363491e-02,5.761726641415e-04,9.038579363491e-02,0.000000000000e+00,-4.231799791191e-03,0.000000000000e+00
2963,0.000000000000e+00,-4.100491386360e-03,9.043488664961e-02,5.015426913299e-04,9.043488664961e-02,0.000000000000e+00,-4.100491386360e-03,0.000000000000e+00
2964,0.000000000000e+00,-3.963059800388e-03,9.047104557412e-02,4.289782908999e-04,9.047104557412e-02,0.000000000000e+00,-3.963059800388e-03,0.000000000000e+00
2965,0.000000000000e+00,-3.820554714751e-03,9.049126868859e-02,3.589207999714e-04,9.049126868859e-02,0.000000000000e+00,-3.820554714751e-03,0.000000000000e+00
2966,0.000000000000e+00,-3.672735952211e-03,9.049408789005e-02,2.914988783260e-04,9.049408789005e-02,0.000000000000e+00,-3.672735952211e-03,0.000000000000e+00
2967,0.000000000000e+00,-3.520307574270e-03,9.047823122950e-02,2.270349740258e-04,9.047823122950e-02,0.000000000000e+00,-3.520307574270e-03,0.000000000000e+00
2968,0.000000000000e+00,-3.364052279859e-03,9.044338558411e-02,1.658536117079e-04,9.044338558411e-02,0.000000000000e+00,-3.364052279859e-03,0.000000000000e+00
2969,0.000000000000e+00,-3.204883524249e-03,9.039008895332e-02,1.082932496165e-04,9.039008895332e-02,0.000000000000e+00,-3.204883524249e-03,0.000000000000e+00
2970,0.000000000000e+00,-3.043715737398e-03,9.031994321784e-02,5.467539639349e-05,9.031994321784e-02,0.000000000000e+00,-3.043715737398e-03,0.000000000000e+00
2971,0.000000000000e+00,-2.881532347860e-03,9.023512584103e-02,5.321536342496e-06,9.023512584103e-02,0.000000000000e+00,-2.881532347860e-03,0.000000000000e+00
2972,0.000000000000e+00,-2.719487209773e-03,9.013820021411e-02,-3.943869899412e-05,9.013820021411e-02,0.000000000000e+00,-2.719487209773e-03,0.000000000000e+00
2973,0.000000000000e+00,-2.558799164813e-03,9.003176683915e-02,-7.929226689278e-05,9.003176683915e-02,0.000000000000e+00,-2.558799164813e-03,0.000000000000e+00
2974,0.000000000000e+00,-2.400632812524e-03,8.991833596573e-02,-1.139647762335e-04,8.991833596573e-02,0.000000000000e+00,-2.400632812524e-03,0.000000000000e+00
2975,0.000000000000e+00,-2.246423894445e-03,8.979968013660e-02,-1.431375883999e-04,8.979968013660e-02,0.000000000000e+00,-2.246423894445e-03,0.000000000000e+00
2976,0.000000000000e+00,-2.097711371496e-03,8.967674693814e-02,-1.664753656430e-04,8.967674693814e-02,0.000000000000e+00,-2.097711371496e-03,0.000000000000e+00
2977,0.000000000000e+00,-1.955800759238e-03,8.954986290757e-02,-1.836992846432e-04,8.954986290757e-02,0.000000000000e+00,-1.955800759238e-03,0.000000000000e+00
2978,0.000000000000e+00,-1.821131279406e-03,8.941949664682e-02,-1.947346572156e-04,8.941949664682e-02,0.000000000000e+00,-1.821131279406e-03,0.000000000000e+00
2979,0.000000000000e+00,-1.694667448066e-03,8.928534225753e-02,-1.994024626226e-04,8.928534225753e-02,0.000000000000e+00,-1.694667448066e-03,0.000000000000e+00
2980,0.000000000000e+00,-1.577453027556e-03,8.914690215904e-02,-1.975313490476e-04,8.914690215904e-02,0.000000000000e+00,-1.577453027556e-03,0.000000000000e+00
2981,0.000000000000e+00,-1.470410962322e-03,8.900381899551e-02,-1.890087060084e-04,8.900381899551e-02,0.000000000000e+00,-1.470410962322e-03,0.000000000000e+00
2982,0.000000000000e+00,-1.374182910500e-03,8.885613322673e-02,-1.738213274669e-04,8.885613322673e-02,0.000000000000e+00,-1.374182910500e-03,0.000000000000e+00
2983,0.000000000000e+00,-1.289352880406e-03,8.870425866502e-02,-1.520095581324e-04,8.870425866502e-02,0.000000000000e+00,-1.289352880406e-03,0.000000000000e+00
2984,0.000000000000e+00,-1.216337631941e-03,8.854896216061e-02,-1.236969022988e-04,8.854896216061e-02,0.000000000000e+00,-1.216337631941e-03,0.000000000000e+00
2985,0.000000000000e+00,-1.155492762877e-03,8.839128645141e-02,-8.906762554065e-05,8.839128645141e-02,0.000000000000e+00,-1.155492762877e-03,0.000000000000e+00
2986,0.000000000000e+00,-1.107363120022e-03,8.823236504430e-02,-4.830697723412e-05,8.823236504430e-02,0.000000000000e+00,-1.107363120022e-03,0.000000000000e+00
2987,0.000000000000e+00,-1.072389157459e-03,8.807355352299e-02,-1.659202413549e-06,8.807355352299e-02,0.000000000000e+00,-1.072389157459e-03,0.000000000000e+00
2988,0.000000000000e+00,-1.050770910096e-03,8.791645189240e-02,5.055087308660e-05,8.791645189240e-02,0.000000000000e+00,-1.050770910096e-03,0.000000000000e+00
2989,0.000000000000e+00,-1.042950103986e-03,8.776258803502e-02,1.080330451234e-04,8.776258803502e-02,0.000000000000e+00,-1.042950103986e-03,0.000000000000e+00
2990,0.000000000000e+00,-1.049433125313e-03,8.761358163456e-02,1.705007560912e-04,8.761358163456e-02,0.000000000000e+00,-1.049433125313e-03,0.000000000000e+00
2991,0.000000000000e+00,-1.070765224479e-03,8.747119898375e-02,2.376687141596e-04,8.747119898375e-02,0.000000000000e+00,-1.070765224479e-03,0.000000000000e+00
2992,0.000000000000e+00,-1.107775277741e-03,8.733723966244e-02,3.093068726624e-04,8.733723966244e-02,0.000000000000e+00,-1.107775277741e-03,0.000000000000e+00
2993,0.000000000000e+00,-1.160685280078e-03,8.721382321897e-02,3.850567327789e-04,8.721382321897e-02,0.000000000000e+00,-1.160685280078e-03,0.000000000000e+00
2994,0.000000000000e+00,-1.229711728268e-03,8.710287397097e-02,4.645673271805e-04,8.710287397097e-02,0.000000000000e+00,-1.229711728268e-03,0.000000000000e+00
2995,0.000000000000e+00,-1.315115919760e-03,8.700589115289e-02,5.475093297857e-04,8.700589115289e-02,0.000000000000e+00,-1.315115919760e-03,0.000000000000e+00
2996,0.000000000000e+00,-1.417150586803e-03,8.692380537648e-02,6.335686436985e-04,8.692380537648e-02,0.000000000000e+00,-1.417150586803e-03,0.000000000000e+00
2997,0.000000000000e+00,-1.535743892481e-03,8.685701010830e-02,7.223779352701e-04,8.685701010830e-02,0.000000000000e+00,-1.535743892481e-03,0.000000000000e+00
2998,0.000000000000e+00,-1.670522437548e-03,8.680522577313e-02,8.135226920532e-04,8.680522577313e-02,0.000000000000e+00,-1.670522437548e-03,0.000000000000e+00
2999,0.000000000000e+00,-1.819854380051e-03,8.676819191588e-02,9.063229570316e-04,8.676819191588e-02,0.000000000000e+00,-1.819854380051e-03,0.000000000000e+00
3000,0.000000000000e+00,-1.982138171321e-03,8.674485664713e-02,1.000120764651e-03,8.674485664713e-02,0.000000000000e+00,-1.982138171321e-03,0.000000000000e+00
3001,0.000000000000e+00,-2.154823060192e-03,8.673432645589e-02,1.094060343457e-03,8.673432645589e-02,0.000000000000e+00,-2.154823060192e-03,0.000000000000e+00
3002,0.000000000000e+00,-2.335265444040e-03,8.673555947094e-02,1.187278962599e-03,8.673555947094e-02,0.000000000000e+00,-2.335265444040e-03,0.000000000000e+00
3003,0.000000000000e+00,-2.521279984982e-03,8.674745518647e-02,1.279029477566e-03,8.674745518647e-02,0.000000000000e+00,-2.521279984982e-03,0.000000000000e+00
3004,0.000000000000e+00,-2.708591412950e-03,8.677060592436e-02,1.368112886075e-03,8.677060592436e-02,0.000000000000e+00,-2.708591412950e-03,0.000000000000e+00
3005,0.000000000000e+00,-2.893387186940e-03,8.680579881971e-02,1.453444904847e-03,8.680579881971e-02,0.000000000000e+00,-2.893387186940e-03,0.000000000000e+00
3006,0.000000000000e+00,-3.072886412393e-03,8.685363257140e-02,1.534181249215e-03,8.685363257140e-02,0.000000000000e+00,-3.072886412393e-03,0.000000000000e+00
3007,0.000000000000e+00,-3.245310605930e-03,8.691429610237e-02,1.609716434827e-03,8.691429610237e-02,0.000000000000e+00,-3.245310605930e-03,0.000000000000e+00
3008,0.000000000000e+00,-3.409648789061e-03,8.698757843251e-02,1.679635650275e-03,8.698757843251e-02,0.000000000000e+00,-3.409648789061e-03,0.000000000000e+00
3009,0.000000000000e+00,-3.565047197971e-03,8.707325331276e-02,1.743573778840e-03,8.707325331276e-02,0.000000000000e+00,-3.565047197971e-03,0.000000000000e+00
3010,0.000000000000e+00,-3.710837027161e-03,8.717071000644e-02,1.801223614039e-03,8.717071000644e-02,0.000000000000e+00,-3.710837027161e-03,0.000000000000e+00
3011,0.000000000000e+00,-3.846101839913e-03,8.727916443895e-02,1.852249776671e-03,8.727916443895e-02,0.000000000000e+00,-3.846101839913e-03,0.000000000000e+00
3012,0.000000000000e+00,-3.970511263973e-03,8.739719478889e-02,1.896469536168e-03,8.739719478889e-02,0.000000000000e+00,-3.970511263973e-03,0.000000000000e+00
3013,0.000000000000e+00,-4.084217382897e-03,8.752292391632e-02,1.933826014584e-03,8.752292391632e-02,0.000000000000e+00,-4.084217382897e-03,0.000000000000e+00
3014,0.000000000000e+00,-4.187466689310e-03,8.765439590694e-02,1.964301738907e-03,8.765439590694e-02,0.000000000000e+00,-4.187466689310e-03,0.000000000000e+00
3015,0.000000000000e+00,-4.280269920477e-03,8.778989212723e-02,1.987847037848e-03,8.778989212723e-02,0.000000000000e+00,-4.280269920477e-03,0.000000000000e+00
3016,0.000000000000e+00,-4.362336784252e-03,8.792808866920e-02,2.004368530749e-03,8.792808866920e-02,0.000000000000e+00,-4.362336784252e-03,0.000000000000e+00
3017,0.000000000000e+00,-4.433452775393e-03,8.806778261659e-02,2.013814481077e-03,8.806778261659e-02,0.000000000000e+00,-4.433452775393e-03,0.000000000000e+00
3018,0.000000000000e+00,-4.493613589283e-03,8.820779747749e-02,2.016206139111e-03,8.820779747749e-02,0.000000000000e+00,-4.493613589283e-03,0.000000000000e+00
3019,0.000000000000e+00,-4.543109905577e-03,8.834698592137e-02,2.011645864809e-03,8.834698592137e-02,0.000000000000e+00,-4.543109905577e-03,0.000000000000e+00
3020,0.000000000000e+00,-4.582140184196e-03,8.848450453316e-02,2.000230202437e-03,8.848450453316e-02,0.000000000000e+00,-4.582140184196e-03,0.000000000000e+00
3021,0.000000000000e+00,-4.610797955869e-03,8.861969302477e-02,1.982054963236e-03,8.861969302477e-02,0.000000000000e+00,-4.610797955869e-03,0.000000000000e+00
3022,0.000000000000e+00,-4.629042607658e-03,8.875205335638e-02,1.957218875339e-03,8.875205335638e-02,0.000000000000e+00,-4.629042607658e-03,0.000000000000e+00
3023,0.000000000000e+00,-4.636961969311e-03,8.888109361709e-02,1.925885338719e-03,8.888109361709e-02,0.000000000000e+00,-4.636961969311e-03,0.000000000000e+00
3024,0.000000000000e+00,-4.634475844995e-03,8.900677747090e-02,1.888218364343e-03,8.900677747090e-02,0.000000000000e+00,-4.634475844995e-03,0.000000000000e+00
3025,0.000000000000e+00,-4.621105331480e-03,8.912963213425e-02,1.844336547682e-03,8.912963213425e-02,0.000000000000e+00,-4.621105331480e-03,0.000000000000e+00
3026,0.000000000000e+00,-4.596202238012e-03,8.925057750321e-02,1.794367307378e-03,8.925057750321e-02,0.000000000000e+00,-4.596202238012e-03,0.000000000000e+00
3027,0.000000000000e+00,-4.559094675256e-03,8.937042620576e-02,1.738472825721e-03,8.937042620576e-02,0.000000000000e+00,-4.559094675256e-03,0.000000000000e+00
3028,0.000000000000e+00,-4.509193593033e-03,8.948993918434e-02,1.676873925009e-03,8.948993918434e-02,0.000000000000e+00,-4.509193593033e-03,0.000000000000e+00
3029,0.000000000000e+00,-4.446104300402e-03,8.960969195507e-02,1.609871442986e-03,8.960969195507e-02,0.000000000000e+00,-4.446104300402e-03,0.000000000000e+00
3030,0.000000000000e+00,-4.369735660056e-03,8.973005023606e-02,1.537838724906e-03,8.973005023606e-02,0.000000000000e+00,-4.369735660056e-03,0.000000000000e+00
3031,0.000000000000e+00,-4.279933549857e-03,8.985115893434e-02,1.461170441607e-03,8.985115893434e-02,0.000000000000e+00,-4.279933549857e-03,0.000000000000e+00
3032,0.000000000000e+00,-4.176404021927e-03,8.997304822027e-02,1.380253600359e-03,8.997304822027e-02,0.000000000000e+00,-4.176404021927e-03,0.000000000000e+00
3033,0.000000000000e+00,-4.059451959522e-03,9.009521778309e-02,1.295602712429e-03,9.009521778309e-02,0.000000000000e+00,-4.059451959522e-03,0.000000000000e+00
3034,0.000000000000e+00,-3.930386600233e-03,9.021629956171e-02,1.207944989360e-03,9.021629956171e-02,0.000000000000e+00,-3.930386600233e-03,0.000000000000e+00
3035,0.000000000000e+00,-3.791106485292e-03,9.033433644265e-02,1.118123852123e-03,9.033433644265e-02,0.000000000000e+00,-3.791106485292e-03,0.000000000000e+00
3036,0.000000000000e+00,-3.643547267612e-03,9.044723331298e-02,1.026972016005e-03,9.044723331298e-02,0.000000000000e+00,-3.643547267612e-03,0.000000000000e+00
3037,0.000000000000e+00,-3.489862072524e-03,9.055278905964e-02,9.353434499837e-04,9.055278905964e-02,0.000000000000e+00,-3.489862072524e-03,0.000000000000e+00
3038,0.000000000000e+00,-3.332316867032e-03,9.064877183306e-02,8.440890344263e-04,9.064877183306e-02,0.000000000000e+00,-3.332316867032e-03,0.000000000000e+00
3039,0.000000000000e+00,-3.172878477739e-03,9.073315677516e-02,7.539612180664e-04,9.073315677516e-02,0.000000000000e+00,-3.172878477739e-03,0.000000000000e+00
3040,0.000000000000e+00,-3.013479120734e-03,9.080362813166e-02,6.656783025624e-04,9.080362813166e-02,0.000000000000e+00,-3.013479120734e-03,0.000000000000e+00
3041,0.000000000000e+00,-2.856091265515e-03,9.085782387958e-02,5.799444068539e-04,9.085782387958e-02,0.000000000000e+00,-2.856091265515e-03,0.000000000000e+00
3042,0.000000000000e+00,-2.702548824665e-03,9.089374572484e-02,4.974117173031e-04,9.089374572484e-02,0.000000000000e+00,-2.702548824665e-03,0.000000000000e+00
3043,0.000000000000e+00,-2.554414119846e-03,9.091027700625e-02,4.186524594237e-04,9.091027700625e-02,0.000000000000e+00,-2.554414119846e-03,0.000000000000e+00
3044,0.000000000000e+00,-2.413323627552e-03,9.090647165531e-02,3.442501492349e-04,9.090647165531e-02,0.000000000000e+00,-2.413323627552e-03,0.000000000000e+00
3045,0.000000000000e+00,-2.280801042234e-03,9.088176996688e-02,2.747631508037e-04,9.088176996688e-02,0.000000000000e+00,-2.280801042234e-03,0.000000000000e+00
3046,0.000000000000e+00,-2.157955146054e-03,9.083668747418e-02,2.106537850390e-04,9.083668747418e-02,0.000000000000e+00,-2.157955146054e-03,0.000000000000e+00
3047,0.000000000000e+00,-2.045360758876e-03,9.077299810455e-02,1.522560960872e-04,9.077299810455e-02,0.000000000000e+00,-2.045360758876e-03,0.000000000000e+00
3048,0.000000000000e+00,-1.942916047384e-03,9.069358109702e-02,9.974562329152e-05,9.069358109702e-02,0.000000000000e+00,-1.942916047384e-03,0.000000000000e+00
3049,0.000000000000e+00,-1.850742585543e-03,9.060148032685e-02,5.334466805450e-05,9.060148032685e-02,0.000000000000e+00,-1.850742585543e-03,0.000000000000e+00
3050,0.000000000000e+00,-1.768964819391e-03,9.049975314451e-02,1.326827120369e-05,9.049975314451e-02,0.000000000000e+00,-1.768964819391e-03,0.000000000000e+00
3051,0.000000000000e+00,-1.697296357000e-03,9.039155564246e-02,-2.037778995309e-05,9.039155564246e-02,0.000000000000e+00,-1.697296357000e-03,0.000000000000e+00
3052,0.000000000000e+00,-1.635297458685e-03,9.027973811873e-02,-4.754855790235e-05,9.027973811873e-02,0.000000000000e+00,-1.635297458685e-03,0.000000000000e+00
3053,0.000000000000e+00,-1.582840903161e-03,9.016632840677e-02,-6.816246636030e-05,9.016632840677e-02,0.000000000000e+00,-1.582840903161e-03,0.000000000000e+00
3054,0.000000000000e+00,-1.540234695636e-03,9.005237644478e-02,-8.208327473080e-05,9.005237644478e-02,0.000000000000e+00,-1.540234695636e-03,0.000000000000e+00
3055,0.000000000000e+00,-1.508094054846e-03,8.993816904027e-02,-8.915259691720e-05,8.993816904027e-02,0.000000000000e+00,-1.508094054846e-03,0.000000000000e+00
3056,0.000000000000e+00,-1.486904691149e-03,8.982369451936e-02,-8.928163257408e-05,8.982369451936e-02,0.000000000000e+00,-1.486904691149e-03,0.000000000000e+00
3057,0.000000000000e+00,-1.477560874569e-03,8.970831645189e-02,-8.232616754063e-05,8.970831645189e-02,0.000000000000e+00,-1.477560874569e-03,0.000000000000e+00
3058,0.000000000000e+00,-1.481094684649e-03,8.959131447946e-02,-6.815093811357e-05,8.959131447946e-02,0.000000000000e+00,-1.481094684649e-03,0.000000000000e+00
3059,0.000000000000e+00,-1.498649980947e-03,8.947185348864e-02,-4.662797697255e-05,8.947185348864e-02,0.000000000000e+00,-1.498649980947e-03,0.000000000000e+00
3060,0.000000000000e+00,-1.530835689122e-03,8.934969586234e-02,-1.777763736995e-05,8.934969586234e-02,0.000000000000e+00,-1.530835689122e-03,0.000000000000e+00
3061,0.000000000000e+00,-1.577886516398e-03,8.922514989840e-02,1.826957577195e-05,8.922514989840e-02,0.000000000000e+00,-1.577886516398e-03,0.000000000000e+00
3062,0.000000000000e+00,-1.639706366123e-03,8.909907669890e-02,6.128374161334e-05,8.909907669890e-02,0.000000000000e+00,-1.639706366123e-03,0.000000000000e+00
3063,0.000000000000e+00,-1.715778485398e-03,8.897287917162e-02,1.109219562500e-04,8.897287917162e-02,0.000000000000e+00,-1.715778485398e-03,0.000000000000e+00
3064,0.000000000000e+00,-1.805570926949e-03,8.884824406867e-02,1.668150178796e-04,8.884824406867e-02,0.000000000000e+00,-1.805570926949e-03,0.000000000000e+00
3065,0.000000000000e+00,-1.908389840868e-03,8.872686984482e-02,2.285460813551e-04,8.872686984482e-02,0.000000000000e+00,-1.908389840868e-03,0.000000000000e+00
3066,0.000000000000e+00,-2.023124635649e-03,8.861036430534e-02,2.955892718312e-04,8.861036430534e-02,0.000000000000e+00,-2.023124635649e-03,0.000000000000e+00
3067,0.000000000000e+00,-2.150756735111e-03,8.849876981237e-02,3.678575846212e-04,8.849876981237e-02,0.000000000000e+00,-2.150756735111e-03,0.000000000000e+00
3068,0.000000000000e+00,-2.288823638916e-03,8.839378730626e-02,4.444858972936e-04,8.839378730626e-02,0.000000000000e+00,-2.288823638916e-03,0.000000000000e+00
3069,0.000000000000e+00,-2.436078599696e-03,8.829591938012e-02,5.248607212650e-04,8.829591938012e-02,0.000000000000e+00,-2.436078599696e-03,0.000000000000e+00
3070,0.000000000000e+00,-2.593212319796e-03,8.820400185128e-02,6.087848667330e-04,8.820400185128e-02,0.000000000000e+00,-2.593212319796e-03,0.000000000000e+00
3071,0.000000000000e+00,-2.760228172756e-03,8.811696695938e-02,6.958978117981e-04,8.811696695938e-02,0.000000000000e+00,-2.760228172756e-03,0.000000000000e+00
3072,0.000000000000e+00,-2.936794895681e-03,8.803381430746e-02,7.857589826482e-04,8.803381430746e-02,0.000000000000e+00,-2.936794895681e-03,0.000000000000e+00
3073,0.000000000000e+00,-3.122378790045e-03,8.795383654182e-02,8.778798391675e-04,8.795383654182e-02,0.000000000000e+00,-3.122378790045e-03,0.000000000000e+00
3074,0.000000000000e+00,-3.315623638351e-03,8.787711995085e-02,9.715938447645e-04,8.787711995085e-02,0.000000000000e+00,-3.315623638351e-03,0.000000000000e+00
3075,0.000000000000e+00,-3.514744247827e-03,8.780413646570e-02,1.066149583413e-03,8.780413646570e-02,0.000000000000e+00,-3.514744247827e-03,0.000000000000e+00
3076,0.000000000000e+00,-3.717155635159e-03,8.773594312558e-02,1.160628231836e-03,8.773594312558e-02,0.000000000000e+00,-3.717155635159e-03,0.000000000000e+00
3077,0.000000000000e+00,-3.919590945940e-03,8.767406576349e-02,1.253970831643e-03,8.767406576349e-02,0.000000000000e+00,-3.919590945940e-03,0.000000000000e+00
3078,0.000000000000e+00,-4.119450726775e-03,8.761969014079e-02,1.345266856033e-03,8.761969014079e-02,0.000000000000e+00,-4.119450726775e-03,0.000000000000e+00
3079,0.000000000000e+00,-4.314714806455e-03,8.757379227976e-02,1.433732768286e-03,8.757379227976e-02,0.000000000000e+00,-4.314714806455e-03,0.000000000000e+00
3080,0.000000000000e+00,-4.504223269910e-03,8.753690478840e-02,1.518775827791e-03,8.753690478840e-02,0.000000000000e+00,-4.504223269910e-03,0.000000000000e+00
3081,0.000000000000e+00,-4.687671467125e-03,8.750922545863e-02,1.599992282012e-03,8.750922545863e-02,0.000000000000e+00,-4.687671467125e-03,0.000000000000e+00
3082,0.000000000000e+00,-4.865498063885e-03,8.749037749655e-02,1.677153056880e-03,8.749037749655e-02,0.000000000000e+00,-4.865498063885e-03,0.000000000000e+00
3083,0.000000000000e+00,-5.035560398796e-03,8.748139476109e-02,1.749464597291e-03,8.748139476109e-02,0.000000000000e+00,-5.035560398796e-03,0.000000000000e+00
3084,0.000000000000e+00,-5.196965460269e-03,8.748251678586e-02,1.816426389733e-03,8.748251678586e-02,0.000000000000e+00,-5.196965460269e-03,0.000000000000e+00
3085,0.000000000000e+00,-5.347433560137e-03,8.749480196904e-02,1.877262885454e-03,8.749480196904e-02,0.000000000000e+00,-5.347433560137e-03,0.000000000000e+00
3086,0.000000000000e+00,-5.484796765109e-03,8.751937411969e-02,1.931247752418e-03,8.751937411969e-02,0.000000000000e+00,-5.484796765109e-03,0.000000000000e+00
3087,0.000000000000e+00,-5.608990116794e-03,8.755623159987e-02,1.978134138712e-03,8.755623159987e-02,0.000000000000e+00,-5.608990116794e-03,0.000000000000e+00
3088,0.000000000000e+00,-5.718679060507e-03,8.760583879289e-02,2.017425932272e-03,8.760583879289e-02,0.000000000000e+00,-5.718679060507e-03,0.000000000000e+00
3089,0.000000000000e+00,-5.811805983281e-03,8.766924498733e-02,2.048482776678e-03,8.766924498733e-02,0.000000000000e+00,-5.811805983281e-03,0.000000000000e+00
3090,0.000000000000e+00,-5.886206294647e-03,8.774744644912e-02,2.070673627944e-03,8.774744644912e-02,0.000000000000e+00,-5.886206294647e-03,0.000000000000e+00
3091,0.000000000000e+00,-5.942411334684e-03,8.783962627877e-02,2.083978586411e-03,8.783962627877e-02,0.000000000000e+00,-5.942411334684e-03,0.000000000000e+00
3092,0.000000000000e+00,-5.981342201549e-03,8.794452855328e-02,2.088498613885e-03,8.794452855328e-02,0.000000000000e+00,-5.981342201549e-03,0.000000000000e+00
3093,0.000000000000e+00,-6.003994962361e-03,8.806040110889e-02,2.084405111115e-03,8.806040110889e-02,0.000000000000e+00,-6.003994962361e-03,0.000000000000e+00
3094,0.000000000000e+00,-6.010704299341e-03,8.818562363236e-02,2.071784026167e-03,8.818562363236e-02,0.000000000000e+00,-6.010704299341e-03,0.000000000000e+00
3095,0.000000000000e+00,-6.001026711484e-03,8.831904981406e-02,2.050604086855e-03,8.831904981406e-02,0.000000000000e+00,-6.001026711484e-03,0.000000000000e+00
3096,0.000000000000e+00,-5.974518729923e-03,8.845974090275e-02,2.020870855475e-03,8.845974090275e-02,0.000000000000e+00,-5.974518729923e-03,0.000000000000e+00
3097,0.000000000000e+00,-5.930644574890e-03,8.860667388918e-02,1.982617017375e-03,8.860667388918e-02,0.000000000000e+00,-5.930644574890e-03,0.000000000000e+00
3098,0.000000000000e+00,-5.869051869700e-03,8.875847687712e-02,1.935961849960e-03,8.875847687712e-02,0.000000000000e+00,-5.869051869700e-03,0.000000000000e+00
3099,0.000000000000e+00,-5.789635005661e-03,8.891352734560e-02,1.881121472704e-03,8.891352734560e-02,0.000000000000e+00,-5.789635005661e-03,0.000000000000e+00
3100,0.000000000000e+00,-5.691999657678e-03,8.907040887286e-02,1.818294940693e-03,8.907040887286e-02,0.000000000000e+00,-5.691999657678e-03,0.000000000000e+00
3101,0.000000000000e+00,-5.575309225391e-03,8.922804900031e-02,1.747631671872e-03,8.922804900031e-02,0.000000000000e+00,-5.575309225391e-03,0.000000000000e+00
3102,0.000000000000e+00,-5.439034604803e-03,8.938487574416e-02,1.669400776962e-03,8.938487574416e-02,0.000000000000e+00,-5.439034604803e-03,0.000000000000e+00
3103,0.000000000000e+00,-5.283495945872e-03,8.953850141492e-02,1.584105832628e-03,8.953850141492e-02,0.000000000000e+00,-5.283495945872e-03,0.000000000000e+00
3104,0.000000000000e+00,-5.109495579155e-03,8.968609244093e-02,1.492404086415e-03,8.968609244093e-02,0.000000000000e+00,-5.109495579155e-03,0.000000000000e+00
3105,0.000000000000e+00,-4.920314901865e-03,8.982356759853e-02,1.395535099503e-03,8.982356759853e-02,0.000000000000e+00,-4.920314901865e-03,0.000000000000e+00
3106,0.000000000000e+00,-4.716946980941e-03,8.994889142850e-02,1.294250199918e-03,8.994889142850e-02,0.000000000000e+00,-4.716946980941e-03,0.000000000000e+00
3107,0.000000000000e+00,-4.501065383030e-03,9.006033203975e-02,1.189453237559e-03,9.006033203975e-02,0.000000000000e+00,-4.501065383030e-03,0.000000000000e+00
3108,0.000000000000e+00,-4.275653719314e-03,9.015566735281e-02,1.082341291300e-03,9.015566735281e-02,0.000000000000e+00,-4.275653719314e-03,0.000000000000e+00
3109,0.000000000000e+00,-4.044562561533e-03,9.023265334654e-02,9.743019237317e-04,9.023265334654e-02,0.000000000000e+00,-4.044562561533e-03,0.000000000000e+00
3110,0.000000000000e+00,-3.810222213542e-03,9.029085154427e-02,8.663774882956e-04,9.029085154427e-02,0.000000000000e+00,-3.810222213542e-03,0.000000000000e+00
3111,0.000000000000e+00,-3.574962869029e-03,9.033085369486e-02,7.595448102163e-04,9.033085369486e-02,0.000000000000e+00,-3.574962869029e-03,0.000000000000e+00
3112,0.000000000000e+00,-3.341431741022e-03,9.035334876911e-02,6.548165385147e-04,9.035334876911e-02,0.000000000000e+00,-3.341431741022e-03,0.000000000000e+00
3113,0.000000000000e+00,-3.111389406245e-03,9.035979473344e-02,5.529792210456e-04,9.035979473344e-02,0.000000000000e+00,-3.111389406245e-03,0.000000000000e+00
3114,0.000000000000e+00,-2.886156510113e-03,9.035221725938e-02,4.546853847752e-04,9.035221725938e-02,0.000000000000e+00,-2.886156510113e-03,0.000000000000e+00
3115,0.000000000000e+00,-2.667986773740e-03,9.033179001748e-02,3.607670680229e-04,9.033179001748e-02,0.000000000000e+00,-2.667986773740e-03,0.000000000000e+00
3116,0.000000000000e+00,-2.459783269425e-03,9.029918916841e-02,2.721761883861e-04,9.029918916841e-02,0.000000000000e+00,-2.459783269425e-03,0.000000000000e+00
3117,0.000000000000e+00,-2.263281599578e-03,9.025563061306e-02,1.895939763680e-04,9.025563061306e-02,0.000000000000e+00,-2.263281599578e-03,0.000000000000e+00
3118,0.000000000000e+00,-2.079265370795e-03,9.020262749871e-02,1.134897772250e-04,9.020262749871e-02,0.000000000000e+00,-2.079265370795e-03,0.000000000000e+00
3119,0.000000000000e+00,-1.908138300161e-03,9.014151917643e-02,4.425507526424e-05,9.014151917643e-02,0.000000000000e+00,-1.908138300161e-03,0.000000000000e+00
3120,0.000000000000e+00,-1.749921720728e-03,9.007379977055e-02,-1.780039288046e-05,9.007379977055e-02,0.000000000000e+00,-1.749921720728e-03,0.000000000000e+00
3121,0.000000000000e+00,-1.604984472522e-03,9.000066709290e-02,-7.229665061877e-05,9.000066709290e-02,0.000000000000e+00,-1.604984472522e-03,0.000000000000e+00
3122,0.000000000000e+00,-1.472683320779e-03,8.992419098754e-02,-1.190986939674e-04,8.992419098754e-02,0.000000000000e+00,-1.472683320779e-03,0.000000000000e+00
3123,0.000000000000e+00,-1.350807579943e-03,8.984757590304e-02,-1.584613997223e-04,8.984757590304e-02,0.000000000000e+00,-1.350807579943e-03,0.000000000000e+00
3124,0.000000000000e+00,-1.240506147216e-03,8.977169120183e-02,-1.899411056243e-04,8.977169120183e-02,0.000000000000e+00,-1.240506147216e-03,0.000000000000e+00
3125,0.000000000000e+00,-1.142883046830e-03,8.969675534609e-02,-2.131504330261e-04,8.969675534609e-02,0.000000000000e+00,-1.142883046830e-03,0.000000000000e+00
3126,0.000000000000e+00,-1.058201279521e-03,8.962262820883e-02,-2.279352955111e-04,8.962262820883e-02,0.000000000000e+00,-1.058201279521e-03,0.000000000000e+00
3127,0.000000000000e+00,-9.878409963810e-04,8.954758538541e-02,-2.339422777012e-04,8.954758538541e-02,0.000000000000e+00,-9.878409963810e-04,0.000000000000e+00
3128,0.000000000000e+00,-9.311344762136e-04,8.947064167436e-02,-2.313279384886e-04,8.947064167436e-02,0.000000000000e+00,-9.311344762136e-04,0.000000000000e+00
3129,0.000000000000e+00,-8.893194597887e-04,8.938902821148e-02,-2.198825779224e-04,8.938902821148e-02,0.000000000000e+00,-8.893194597887e-04,0.000000000000e+00
3130,0.000000000000e+00,-8.640453131524e-04,8.929949987607e-02,-1.993581349994e-04,8.929949987607e-02,0.000000000000e+00,-8.640453131524e-04,0.000000000000e+00
3131,0.000000000000e+00,-8.568417867351e-04,8.919916822920e-02,-1.695929542512e-04,8.919916822920e-02,0.000000000000e+00,-8.568417867351e-04,0.000000000000e+00
3132,0.000000000000e+00,-8.690963868051e-04,8.908588241169e-02,-1.305120608081e-04,8.908588241169e-02,0.000000000000e+00,-8.690963868051e-04,0.000000000000e+00
3133,0.000000000000e+00,-9.024846776308e-04,8.895822277641e-02,-8.202208751951e-05,8.895822277641e-02,0.000000000000e+00,-9.024846776308e-04,0.000000000000e+00
3134,0.000000000000e+00,-9.574429735346e-04,8.881679526668e-02,-2.435335759590e-05,8.881679526668e-02,0.000000000000e+00,-9.574429735346e-04,0.000000000000e+00
3135,0.000000000000e+00,-1.034932551054e-03,8.866297826692e-02,4.234469891948e-05,8.866297826692e-02,0.000000000000e+00,-1.034932551054e-03,0.000000000000e+00
3136,0.000000000000e+00,-1.135319682871e-03,8.849966169656e-02,1.177449716581e-04,8.849966169656e-02,0.000000000000e+00,-1.135319682871e-03,0.000000000000e+00
3137,0.000000000000e+00,-1.259551686668e-03,8.833004601603e-02,2.016087610469e-04,8.833004601603e-02,0.000000000000e+00,-1.259551686668e-03,0.000000000000e+00
3138,0.000000000000e+00,-1.409178174117e-03,8.815716543532e-02,2.938057747935e-04,8.815716543532e-02,0.000000000000e+00,-1.409178174117e-03,0.000000000000e+00
3139,0.000000000000e+00,-1.585076605145e-03,8.798458432285e-02,3.940360601889e-04,8.798458432285e-02,0.000000000000e+00,-1.585076605145e-03,0.000000000000e+00
3140,0.000000000000e+00,-1.787963700258e-03,8.781532368073e-02,5.019496447513e-04,8.781532368073e-02,0.000000000000e+00,-1.787963700258e-03,0.000000000000e+00
3141,0.000000000000e+00,-2.017640143053e-03,8.765216997342e-02,6.169787117155e-04,8.765216997342e-02,0.000000000000e+00,-2.017640143053e-03,0.000000000000e+00
3142,0.000000000000e+00,-2.272670405533e-03,8.749781588746e-02,7.382803963915e-04,8.749781588746e-02,0.000000000000e+00,-2.272670405533e-03,0.000000000000e+00
3143,0.000000000000e+00,-2.549966268543e-03,8.735502125979e-02,8.646429531013e-04,8.735502125979e-02,0.000000000000e+00,-2.549966268543e-03,0.000000000000e+00
3144,0.000000000000e+00,-2.844836528217e-03,8.722705589671e-02,9.944893401657e-04,8.722705589671e-02,0.000000000000e+00,-2.844836528217e-03,0.000000000000e+00
3145,0.000000000000e+00,-3.151621386648e-03,8.711726928957e-02,1.126019697821e-03,8.711726928957e-02,0.000000000000e+00,-3.151621386648e-03,0.000000000000e+00
3146,0.000000000000e+00,-3.464184033510e-03,8.702900995921e-02,1.257320565355e-03,8.702900995921e-02,0.000000000000e+00,-3.464184033510e-03,0.000000000000e+00
3147,0.000000000000e+00,-3.776679797621e-03,8.696507376140e-02,1.386544161024e-03,8.696507376140e-02,0.000000000000e+00,-3.776679797621e-03,0.000000000000e+00
3148,0.000000000000e+00,-4.083345513462e-03,8.692771483064e-02,1.511872327426e-03,8.692771483064e-02,0.000000000000e+00,-4.083345513462e-03,0.000000000000e+00
3149,0.000000000000e+00,-4.377456433690e-03,8.691929754624e-02,1.631291371822e-03,8.691929754624e-02,0.000000000000e+00,-4.377456433690e-03,0.000000000000e+00
3150,0.000000000000e+00,-4.652954955088e-03,8.694105091452e-02,1.742962530628e-03,8.694105091452e-02,0.000000000000e+00,-4.652954955088e-03,0.000000000000e+00
3151,0.000000000000e+00,-4.905108148164e-03,8.699249369780e-02,1.845363358430e-03,8.699249369780e-02,0.000000000000e+00,-4.905108148164e-03,0.000000000000e+00
3152,0.000000000000e+00,-5.129841867474e-03,8.707200172720e-02,1.937133622351e-03,8.707200172720e-02,0.000000000000e+00,-5.129841867474e-03,0.000000000000e+00
3153,0.000000000000e+00,-5.324922892470e-03,8.717661389420e-02,2.017316128846e-03,8.717661389420e-02,0.000000000000e+00,-5.324922892470e-03,0.000000000000e+00
3154,0.000000000000e+00,-5.486840207177e-03,8.730342400440e-02,2.084729260019e-03,8.730342400440e-02,0.000000000000e+00,-5.486840207177e-03,0.000000000000e+00
3155,0.000000000000e+00,-5.615770143289e-03,8.744737509681e-02,2.139047473819e-03,8.744737509681e-02,0.000000000000e+00,-5.615770143289e-03,0.000000000000e+00
3156,0.000000000000e+00,-5.712247107511e-03,8.760368171373e-02,2.180069178253e-03,8.760368171373e-02,0.000000000000e+00,-5.712247107511e-03,0.000000000000e+00
3157,0.000000000000e+00,-5.777525287058e-03,8.776802726317e-02,2.207793861485e-03,8.776802726317e-02,0.000000000000e+00,-5.777525287058e-03,0.000000000000e+00
3158,0.000000000000e+00,-5.815047716017e-03,8.793621833814e-02,2.222732696587e-03,8.793621833814e-02,0.000000000000e+00,-5.815047716017e-03,0.000000000000e+00
3159,0.000000000000e+00,-5.826783063410e-03,8.810560004091e-02,2.225165080226e-03,8.810560004091e-02,0.000000000000e+00,-5.826783063410e-03,0.000000000000e+00
3160,0.000000000000e+00,-5.815729414208e-03,8.827379627106e-02,2.215661041961e-03,8.827379627106e-02,0.000000000000e+00,-5.815729414208e-03,0.000000000000e+00
3161,0.000000000000e+00,-5.784526361359e-03,8.843913636312e-02,2.194780279114e-03,8.843913636312e-02,0.000000000000e+00,-5.784526361359e-03,0.000000000000e+00
3162,0.000000000000e+00,-5.736258042084e-03,8.860017697648e-02,2.163244854281e-03,8.860017697648e-02,0.000000000000e+00,-5.736258042084e-03,0.000000000000e+00
3163,0.000000000000e+00,-5.672241304541e-03,8.875687495465e-02,2.121456771024e-03,8.875687495465e-02,0.000000000000e+00,-5.672241304541e-03,0.000000000000e+00
3164,0.000000000000e+00,-5.594325764718e-03,8.890899126351e-02,2.069996539533e-03,8.890899126351e-02,0.000000000000e+00,-5.594325764718e-03,0.000000000000e+00
3165,0.000000000000e+00,-5.504971790577e-03,8.905613590583e-02,2.009634732970e-03,8.905613590583e-02,0.000000000000e+00,-5.504971790577e-03,0.000000000000e+00
3166,0.000000000000e+00,-5.406492027783e-03,8.919794008859e-02,1.941181347401e-03,8.919794008859e-02,0.000000000000e+00,-5.406492027783e-03,0.000000000000e+00
3167,0.000000000000e+00,-5.300438995008e-03,8.933440541535e-02,1.865357960093e-03,8.933440541535e-02,0.000000000000e+00,-5.300438995008e-03,0.000000000000e+00
3168,0.000000000000e+00,-5.187572025155e-03,8.946587513474e-02,1.782796863749e-03,8.946587513474e-02,0.000000000000e+00,-5.187572025155e-03,0.000000000000e+00
3169,0.000000000000e+00,-5.068749280092e-03,8.959254069307e-02,1.694238824738e-03,8.959254069307e-02,0.000000000000e+00,-5.068749280092e-03,0.000000000000e+00
3170,0.000000000000e+00,-4.944687076250e-03,8.971454181923e-02,1.600468163841e-03,8.971454181923e-02,0.000000000000e+00,-4.944687076250e-03,0.000000000000e+00
3171,0.000000000000e+00,-4.815624687359e-03,8.983225768438e-02,1.502227120224e-03,8.983225768438e-02,0.000000000000e+00,-4.815624687359e-03,0.000000000000e+00
3172,0.000000000000e+00,-4.682055623119e-03,8.994594100397e-02,1.400365998860e-03,8.994594100397e-02,0.000000000000e+00,-4.682055623119e-03,0.000000000000e+00
3173,0.000000000000e+00,-4.543739751962e-03,9.005605621617e-02,1.295605858285e-03,9.005605621617e-02,0.000000000000e+00,-4.543739751962e-03,0.000000000000e+00
3174,0.000000000000e+00,-4.401166085069e-03,9.016253785276e-02,1.188830280181e-03,9.016253785276e-02,0.000000000000e+00,-4.401166085069e-03,0.000000000000e+00
3175,0.000000000000e+00,-4.255560952076e-03,9.026475903487e-02,1.081075204636e-03,9.026475903487e-02,0.000000000000e+00,-4.255560952076e-03,0.000000000000e+00
3176,0.000000000000e+00,-4.108497400397e-03,9.036146922374e-02,9.734317816138e-04,9.036146922374e-02,0.000000000000e+00,-4.108497400397e-03,0.000000000000e+00
3177,0.000000000000e+00,-3.961202227923e-03,9.045111484375e-02,8.668916860257e-04,9.045111484375e-02,0.000000000000e+00,-3.961202227923e-03,0.000000000000e+00
3178,0.000000000000e+00,-3.814089796244e-03,9.053186364045e-02,7.622380027381e-04,9.053186364045e-02,0.000000000000e+00,-3.814089796244e-03,0.000000000000e+00
3179,0.000000000000e+00,-3.666551149425e-03,9.060188984590e-02,6.599925790999e-04,9.060188984590e-02,0.000000000000e+00,-3.666551149425e-03,0.000000000000e+00
3180,0.000000000000e+00,-3.518097142079e-03,9.065902591346e-02,5.606572097910e-04,9.065902591346e-02,0.000000000000e+00,-3.518097142079e-03,0.000000000000e+00
3181,0.000000000000e+00,-3.369235338376e-03,9.069998174944e-02,4.649133033425e-04,9.069998174944e-02,0.000000000000e+00,-3.369235338376e-03,0.000000000000e+00
3182,0.000000000000e+00,-3.219430261945e-03,9.072225150601e-02,3.731715729338e-04,9.072225150601e-02,0.000000000000e+00,-3.219430261945e-03,0.000000000000e+00
3183,0.000000000000e+00,-3.067803769735e-03,9.072405188618e-02,2.857258053173e-04,9.072405188618e-02,0.000000000000e+00,-3.067803769735e-03,0.000000000000e+00
3184,0.000000000000e+00,-2.914438590465e-03,9.070373777661e-02,2.030477969207e-04,9.070373777661e-02,0.000000000000e+00,-2.914438590465e-03,0.000000000000e+00
3185,0.000000000000e+00,-2.760960103601e-03,9.065964011117e-02,1.259209622720e-04,9.065964011117e-02,0.000000000000e+00,-2.760960103601e-03,0.000000000000e+00
3186,0.000000000000e+00,-2.609569808016e-03,9.059080149273e-02,5.522551844227e-05,9.059080149273e-02,0.000000000000e+00,-2.609569808016e-03,0.000000000000e+00
3187,0.000000000000e+00,-2.461920399212e-03,9.049780199769e-02,-8.316485137436e-06,9.049780199769e-02,0.000000000000e+00,-2.461920399212e-03,0.000000000000e+00
3188,0.000000000000e+00,-2.319506933937e-03,9.038248407819e-02,-6.406263247277e-05,9.038248407819e-02,0.000000000000e+00,-2.319506933937e-03,0.000000000000e+00
3189,0.000000000000e+00,-2.184084024606e-03,9.024751722469e-02,-1.113718232878e-04,9.024751722469e-02,0.000000000000e+00,-2.184084024606e-03,0.000000000000e+00
3190,0.000000000000e+00,-2.058775037680e-03,9.009498793910e-02,-1.493630452238e-04,9.009498793910e-02,0.000000000000e+00,-2.058775037680e-03,0.000000000000e+00
3191,0.000000000000e+00,-1.944700977201e-03,8.992919070030e-02,-1.776914213208e-04,8.992919070030e-02,0.000000000000e+00,-1.944700977201e-03,0.000000000000e+00
3192,0.000000000000e+00,-1.844960669500e-03,8.975270949327e-02,-1.956384502935e-04,8.975270949327e-02,0.000000000000e+00,-1.844960669500e-03,0.000000000000e+00
3193,0.000000000000e+00,-1.762469196435e-03,8.956784874082e-02,-2.026037071990e-04,8.956784874082e-02,0.000000000000e+00,-1.762469196435e-03,0.000000000000e+00
3194,0.000000000000e+00,-1.699983522862e-03,8.937656613985e-02,-1.980948597959e-04,8.937656613985e-02,0.000000000000e+00,-1.699983522862e-03,0.000000000000e+00
3195,0.000000000000e+00,-1.659454317950e-03,8.918066831036e-02,-1.818677124810e-04,8.918066831036e-02,0.000000000000e+00,-1.659454317950e-03,0.000000000000e+00
3196,0.000000000000e+00,-1.643006439427e-03,8.898128880318e-02,-1.537127218603e-04,8.898128880318e-02,0.000000000000e+00,-1.643006439427e-03,0.000000000000e+00
3197,0.000000000000e+00,-1.652519537833e-03,8.877948322211e-02,-1.135410597078e-04,8.877948322211e-02,0.000000000000e+00,-1.652519537833e-03,0.000000000000e+00
3198,0.000000000000e+00,-1.689207994299e-03,8.857650451356e-02,-6.147044759301e-05,8.857650451356e-02,0.000000000000e+00,-1.689207994299e-03,0.000000000000e+00
3199,0.000000000000e+00,-1.753687855514e-03,8.837359488949e-02,2.201378176016e-06,8.837359488949e-02,0.000000000000e+00,-1.753687855514e-03,0.000000000000e+00
3200,0.000000000000e+00,-1.844985952084e-03,8.817279975429e-02,7.679074268307e-05,8.817279975429e-02,0.000000000000e+00,-1.844985952084e-03,0.000000000000e+00
3201,0.000000000000e+00,-1.962096618050e-03,8.797638332687e-02,1.615561047918e-04,8.797638332687e-02,0.000000000000e+00,-1.962096618050e-03,0.000000000000e+00
3202,0.000000000000e+00,-2.103326811796e-03,8.778697167302e-02,2.555798739791e-04,8.778697167302e-02,0.000000000000e+00,-2.103326811796e-03,0.000000000000e+00
3203,0.000000000000e+00,-2.266653744216e-03,8.760741971365e-02,3.578360201021e-04,8.760741971365e-02,0.000000000000e+00,-2.266653744216e-03,0.000000000000e+00
3204,0.000000000000e+00,-2.449303462847e-03,8.744085573887e-02,4.671109048477e-04,8.744085573887e-02,0.000000000000e+00,-2.449303462847e-03,0.000000000000e+00
3205,0.000000000000e+00,-2.648108099817e-03,8.729083889163e-02,5.820578514219e-04,8.729083889163e-02,0.000000000000e+00,-2.648108099817e-03,0.000000000000e+00
3206,0.000000000000e+00,-2.859556742434e-03,8.716111630963e-02,7.012236609894e-04,8.716111630963e-02,0.000000000000e+00,-2.859556742434e-03,0.000000000000e+00
3207,0.000000000000e+00,-3.079535248780e-03,8.705566075736e-02,8.230070504876e-04,8.705566075736e-02,0.000000000000e+00,-3.079535248780e-03,0.000000000000e+00
3208,0.000000000000e+00,-3.303272083196e-03,8.697806049200e-02,9.456632665839e-04,8.697806049200e-02,0.000000000000e+00,-3.303272083196e-03,0.000000000000e+00
3209,0.000000000000e+00,-3.524981197778e-03,8.693118952077e-02,1.067231753388e-03,8.693118952077e-02,0.000000000000e+00,-3.524981197778e-03,0.000000000000e+00
3210,0.000000000000e+00,-3.738613384974e-03,8.691642721697e-02,1.185710357075e-03,8.691642721697e-02,0.000000000000e+00,-3.738613384974e-03,0.000000000000e+00
3211,0.000000000000e+00,-3.937873583825e-03,8.693391129501e-02,1.299056291868e-03,8.693391129501e-02,0.000000000000e+00,-3.937873583825e-03,0.000000000000e+00
3212,0.000000000000e+00,-4.119451686883e-03,8.698066212102e-02,1.405892596423e-03,8.698066212102e-02,0.000000000000e+00,-4.119451686883e-03,0.000000000000e+00
3213,0.000000000000e+00,-4.277600792571e-03,8.705404525873e-02,1.504337152917e-03,8.705404525873e-02,0.000000000000e+00,-4.277600792571e-03,0.000000000000e+00
3214,0.000000000000e+00,-4.409791082932e-03,8.714951355163e-02,1.593238833571e-03,8.714951355163e-02,0.000000000000e+00,-4.409791082932e-03,0.000000000000e+00
3215,0.000000000000e+00,-4.516472109817e-03,8.726154708240e-02,1.672124615074e-03,8.726154708240e-02,0.000000000000e+00,-4.516472109817e-03,0.000000000000e+00
3216,0.000000000000e+00,-4.597859806619e-03,8.738611122761e-02,1.740495018694e-03,8.738611122761e-02,0.000000000000e+00,-4.597859806619e-03,0.000000000000e+00
3217,0.000000000000e+00,-4.653633669150e-03,8.752114415663e-02,1.797771824685e-03,8.752114415663e-02,0.000000000000e+00,-4.653633669150e-03,0.000000000000e+00
3218,0.000000000000e+00,-4.685742398895e-03,8.766455538945e-02,1.843922425229e-03,8.766455538945e-02,0.000000000000e+00,-4.685742398895e-03,0.000000000000e+00
3219,0.000000000000e+00,-4.696540763379e-03,8.781515459388e-02,1.879046720316e-03,8.781515459388e-02,0.000000000000e+00,-4.696540763379e-03,0.000000000000e+00
3220,0.000000000000e+00,-4.687174048799e-03,8.797324593694e-02,1.903024690633e-03,8.797324593694e-02,0.000000000000e+00,-4.687174048799e-03,0.000000000000e+00
3221,0.000000000000e+00,-4.661436184709e-03,8.813791062181e-02,1.916362607324e-03,8.813791062181e-02,0.000000000000e+00,-4.661436184709e-03,0.000000000000e+00
3222,0.000000000000e+00,-4.624000786932e-03,8.830742640265e-02,1.919819394686e-03,8.830742640265e-02,0.000000000000e+00,-4.624000786932e-03,0.000000000000e+00
3223,0.000000000000e+00,-4.579028706073e-03,8.848000196143e-02,1.914113852252e-03,8.848000196143e-02,0.000000000000e+00,-4.579028706073e-03,0.000000000000e+00
3224,0.000000000000e+00,-4.529736448631e-03,8.865424421978e-02,1.899833137089e-03,8.865424421978e-02,0.000000000000e+00,-4.529736448631e-03,0.000000000000e+00
3225,0.000000000000e+00,-4.477855297986e-03,8.882950967568e-02,1.877305749054e-03,8.882950967568e-02,0.000000000000e+00,-4.477855297986e-03,0.000000000000e+00
3226,0.000000000000e+00,-4.424048239670e-03,8.900518032522e-02,1.846719566903e-03,8.900518032522e-02,0.000000000000e+00,-4.424048239670e-03,0.000000000000e+00
3227,0.000000000000e+00,-4.368769152537e-03,8.918025331229e-02,1.808316958335e-03,8.918025331229e-02,0.000000000000e+00,-4.368769152537e-03,0.000000000000e+00
3228,0.000000000000e+00,-4.313315094502e-03,8.935261005683e-02,1.762619463988e-03,8.935261005683e-02,0.000000000000e+00,-4.313315094502e-03,0.000000000000e+00
3229,0.000000000000e+00,-4.258032026151e-03,8.952025804237e-02,1.710031649649e-03,8.952025804237e-02,0.000000000000e+00,-4.258032026151e-03,0.000000000000e+00
3230,0.000000000000e+00,-4.202483884478e-03,8.968102622617e-02,1.650877765322e-03,8.968102622617e-02,0.000000000000e+00,-4.202483884478e-03,0.000000000000e+00
3231,0.000000000000e+00,-4.145905090046e-03,8.983199663503e-02,1.585494630951e-03,8.983199663503e-02,0.000000000000e+00,-4.145905090046e-03,0.000000000000e+00
3232,0.000000000000e+00,-4.087178836527e-03,8.997087521102e-02,1.514220290130e-03,8.997087521102e-02,0.000000000000e+00,-4.087178836527e-03,0.000000000000e+00
3233,0.000000000000e+00,-4.024547435018e-03,9.009637358857e-02,1.437328066946e-03,9.009637358857e-02,0.000000000000e+00,-4.024547435018e-03,0.000000000000e+00
3234,0.000000000000e+00,-3.955851177404e-03,9.020836769012e-02,1.355068522902e-03,9.020836769012e-02,0.000000000000e+00,-3.955851177404e-03,0.000000000000e+00
3235,0.000000000000e+00,-3.878443663499e-03,9.030787018812e-02,1.267639492738e-03,9.030787018812e-02,0.000000000000e+00,-3.878443663499e-03,0.000000000000e+00
3236,0.000000000000e+00,-3.790015407493e-03,9.039667976765e-02,1.175336732082e-03,9.039667976765e-02,0.000000000000e+00,-3.790015407493e-03,0.000000000000e+00
3237,0.000000000000e+00,-3.689760504409e-03,9.047628449955e-02,1.078796918060e-03,9.047628449955e-02,0.000000000000e+00,-3.689760504409e-03,0.000000000000e+00
3238,0.000000000000e+00,-3.578010981009e-03,9.054750699678e-02,9.789035849172e-04,9.054750699678e-02,0.000000000000e+00,-3.578010981009e-03,0.000000000000e+00
3239,0.000000000000e+00,-3.455533758130e-03,9.061031807942e-02,8.766464920760e-04,9.061031807942e-02,0.000000000000e+00,-3.455533758130e-03,0.000000000000e+00
3240,0.000000000000e+00,-3.323594752348e-03,9.066397497442e-02,7.731106581083e-04,9.066397497442e-02,0.000000000000e+00,-3.323594752348e-03,0.000000000000e+00
3241,0.000000000000e+00,-3.183638834260e-03,9.070716969073e-02,6.693876052127e-04,9.070716969073e-02,0.000000000000e+00,-3.183638834260e-03,0.000000000000e+00
3242,0.000000000000e+00,-3.037353203461e-03,9.073795776080e-02,5.665837282792e-04,9.073795776080e-02,0.000000000000e+00,-3.037353203461e-03,0.000000000000e+00
3243,0.000000000000e+00,-2.887017148005e-03,9.075347721011e-02,4.658910368001e-04,9.075347721011e-02,0.000000000000e+00,-2.887017148005e-03,0.000000000000e+00
3244,0.000000000000e+00,-2.734904533610e-03,9.075056755118e-02,3.684568343715e-04,9.075056755118e-02,0.000000000000e+00,-2.734904533610e-03,0.000000000000e+00
3245,0.000000000000e+00,-2.583144064204e-03,9.072567038129e-02,2.753956976002e-04,9.072567038129e-02,0.000000000000e+00,-2.583144064204e-03,0.000000000000e+00
3246,0.000000000000e+00,-2.434434687155e-03,9.067582709208e-02,1.878706221298e-04,9.067582709208e-02,0.000000000000e+00,-2.434434687155e-03,0.000000000000e+00
3247,0.000000000000e+00,-2.291367650765e-03,9.059899710584e-02,1.069618429131e-04,9.059899710584e-02,0.000000000000e+00,-2.291367650765e-03,0.000000000000e+00
3248,0.000000000000e+00,-2.156620313583e-03,9.049387209961e-02,3.375194040856e-05,9.049387209961e-02,0.000000000000e+00,-2.156620313583e-03,0.000000000000e+00
3249,0.000000000000e+00,-2.032344477865e-03,9.036104551517e-02,-3.081097996740e-05,9.036104551517e-02,0.000000000000e+00,-2.032344477865e-03,0.000000000000e+00
3250,0.000000000000e+00,-1.920163109093e-03,9.020305013305e-02,-8.589879875164e-05,9.020305013305e-02,0.000000000000e+00,-1.920163109093e-03,0.000000000000e+00
3251,0.000000000000e+00,-1.821308586318e-03,9.002415573460e-02,-1.307761701495e-04,9.002415573460e-02,0.000000000000e+00,-1.821308586318e-03,0.000000000000e+00
3252,0.000000000000e+00,-1.737043095824e-03,8.982994202162e-02,-1.647323195475e-04,8.982994202162e-02,0.000000000000e+00,-1.737043095824e-03,0.000000000000e+00
3253,0.000000000000e+00,-1.669110543023e-03,8.962650535088e-02,-1.870204980986e-04,8.962650535088e-02,0.000000000000e+00,-1.669110543023e-03,0.000000000000e+00
3254,0.000000000000e+00,-1.619782765990e-03,8.941956805266e-02,-1.968763149227e-04,8.941956805266e-02,0.000000000000e+00,-1.619782765990e-03,0.000000000000e+00
3255,0.000000000000e+00,-1.590348942426e-03,8.921491861095e-02,-1.938834707521e-04,8.921491861095e-02,0.000000000000e+00,-1.590348942426e-03,0.000000000000e+00
3256,0.000000000000e+00,-1.582873672813e-03,8.901643922696e-02,-1.776027195929e-04,8.901643922696e-02,0.000000000000e+00,-1.582873672813e-03,0.000000000000e+00
3257,0.000000000000e+00,-1.599065111964e-03,8.882627074120e-02,-1.478083713154e-04,8.882627074120e-02,0.000000000000e+00,-1.599065111964e-03,0.000000000000e+00
3258,0.000000000000e+00,-1.639549562472e-03,8.864557557728e-02,-1.046590539301e-04,8.864557557728e-02,0.000000000000e+00,-1.639549562472e-03,0.000000000000e+00
3259,0.000000000000e+00,-1.704919377015e-03,8.847461591151e-02,-4.850029998853e-05,8.847461591151e-02,0.000000000000e+00,-1.704919377015e-03,0.000000000000e+00
3260,0.000000000000e+00,-1.795075676720e-03,8.831339249894e-02,1.997338055798e-05,8.831339249894e-02,0.000000000000e+00,-1.795075676720e-03,0.000000000000e+00
3261,0.000000000000e+00,-1.909310226499e-03,8.816200915519e-02,9.977239678280e-05,8.816200915519e-02,0.000000000000e+00,-1.909310226499e-03,0.000000000000e+00
3262,0.000000000000e+00,-2.046842083877e-03,8.802098601265e-02,1.897957962998e-04,8.802098601265e-02,0.000000000000e+00,-2.046842083877e-03,0.000000000000e+00
3263,0.000000000000e+00,-2.206968730812e-03,8.789146655399e-02,2.889230525064e-04,8.789146655399e-02,0.000000000000e+00,-2.206968730812e-03,0.000000000000e+00
3264,0.000000000000e+00,-2.389199509668e-03,8.777489179798e-02,3.960845356568e-04,8.777489179798e-02,0.000000000000e+00,-2.389199509668e-03,0.000000000000e+00
3265,0.000000000000e+00,-2.588727045664e-03,8.767536019103e-02,5.093226962038e-04,8.767536019103e-02,0.000000000000e+00,-2.588727045664e-03,0.000000000000e+00
3266,0.000000000000e+00,-2.803410119456e-03,8.759515291687e-02,6.273330143755e-04,8.759515291687e-02,0.000000000000e+00,-2.803410119456e-03,0.000000000000e+00
3267,0.000000000000e+00,-3.031188004809e-03,8.753564195437e-02,7.488927880934e-04,8.753564195437e-02,0.000000000000e+00,-3.031188004809e-03,0.000000000000e+00
3268,0.000000000000e+00,-3.267689944904e-03,8.749851095084e-02,8.723304355806e-04,8.749851095084e-02,0.000000000000e+00,-3.267689944904e-03,0.000000000000e+00
3269,0.000000000000e+00,-3.507750212867e-03,8.748444052024e-02,9.958480728870e-04,8.748444052024e-02,0.000000000000e+00,-3.507750212867e-03,0.000000000000e+00
3270,0.000000000000e+00,-3.746619285513e-03,8.749223667357e-02,1.117762330202e-03,8.749223667357e-02,0.000000000000e+00,-3.746619285513e-03,0.000000000000e+00
3271,0.000000000000e+00,-3.978511335083e-03,8.752005803380e-02,1.236173883809e-03,8.752005803380e-02,0.000000000000e+00,-3.978511335083e-03,0.000000000000e+00
3272,0.000000000000e+00,-4.198966962273e-03,8.756431714283e-02,1.349467609712e-03,8.756431714283e-02,0.000000000000e+00,-4.198966962273e-03,0.000000000000e+00
3273,0.000000000000e+00,-4.402367117359e-03,8.762156193645e-02,1.455776659386e-03,8.762156193645e-02,0.000000000000e+00,-4.402367117359e-03,0.000000000000e+00
3274,0.000000000000e+00,-4.587368300011e-03,8.768653345506e-02,1.554115994490e-03,8.768653345506e-02,0.000000000000e+00,-4.587368300011e-03,0.000000000000e+00
3275,0.000000000000e+00,-4.752895400017e-03,8.775385546293e-02,1.643620804063e-03,8.775385546293e-02,0.000000000000e+00,-4.752895400017e-03,0.000000000000e+00
3276,0.000000000000e+00,-4.897227645427e-03,8.781970864397e-02,1.723332214810e-03,8.781970864397e-02,0.000000000000e+00,-4.897227645427e-03,0.000000000000e+00
3277,0.000000000000e+00,-5.019535185509e-03,8.788218470462e-02,1.792435120075e-03,8.788218470462e-02,0.000000000000e+00,-5.019535185509e-03,0.000000000000e+00
3278,0.000000000000e+00,-5.122157148823e-03,8.793971978083e-02,1.850790071085e-03,8.793971978083e-02,0.000000000000e+00,-5.122157148823e-03,0.000000000000e+00
3279,0.000000000000e+00,-5.206013519182e-03,8.799333437112e-02,1.897956280626e-03,8.799333437112e-02,0.000000000000e+00,-5.206013519182e-03,0.000000000000e+00
3280,0.000000000000e+00,-5.270180087676e-03,8.804657286037e-02,1.933110382269e-03,8.804657286037e-02,0.000000000000e+00,-5.270180087676e-03,0.000000000000e+00
3281,0.000000000000e+00,-5.319156318975e-03,8.810085437731e-02,1.956678306093e-03,8.810085437731e-02,0.000000000000e+00,-5.319156318975e-03,0.000000000000e+00
3282,0.000000000000e+00,-5.354097657673e-03,8.815952473739e-02,1.968453764761e-03,8.815952473739e-02,0.000000000000e+00,-5.354097657673e-03,0.000000000000e+00
3283,0.000000000000e+00,-5.378679725604e-03,8.822430700173e-02,1.968920836077e-03,8.822430700173e-02,0.000000000000e+00,-5.378679725604e-03,0.000000000000e+00
3284,0.000000000000e+00,-5.394664204664e-03,8.829702929945e-02,1.958380142709e-03,8.829702929945e-02,0.000000000000e+00,-5.394664204664e-03,0.000000000000e+00
3285,0.000000000000e+00,-5.402865077921e-03,8.837859048462e-02,1.937183877984e-03,8.837859048462e-02,0.000000000000e+00,-5.402865077921e-03,0.000000000000e+00
3286,0.000000000000e+00,-5.405111969094e-03,8.846761442282e-02,1.906152170971e-03,8.846761442282e-02,0.000000000000e+00,-5.405111969094e-03,0.000000000000e+00
3287,0.000000000000e+00,-5.401908528005e-03,8.856193949626e-02,1.866040955368e-03,8.856193949626e-02,0.000000000000e+00,-5.401908528005e-03,0.000000000000e+00
3288,0.000000000000e+00,-5.391705897980e-03,8.865956325772e-02,1.817308839570e-03,8.865956325772e-02,0.000000000000e+00,-5.391705897980e-03,0.000000000000e+00
3289,0.000000000000e+00,-5.372338438525e-03,8.875902893970e-02,1.760352888727e-03,8.875902893970e-02,0.000000000000e+00,-5.372338438525e-03,0.000000000000e+00
3290,0.000000000000e+00,-5.341644072784e-03,8.885939828475e-02,1.695603268416e-03,8.885939828475e-02,0.000000000000e+00,-5.341644072784e-03,0.000000000000e+00
3291,0.000000000000e+00,-5.297578954291e-03,8.896044513696e-02,1.623509473106e-03,8.896044513696e-02,0.000000000000e+00,-5.297578954291e-03,0.000000000000e+00
3292,0.000000000000e+00,-5.237662803769e-03,8.906328307316e-02,1.544392755287e-03,8.906328307316e-02,0.000000000000e+00,-5.237662803769e-03,0.000000000000e+00
3293,0.000000000000e+00,-5.160748581241e-03,8.916934043520e-02,1.458791439320e-03,8.916934043520e-02,0.000000000000e+00,-5.160748581241e-03,0.000000000000e+00
3294,0.000000000000e+00,-5.066482019609e-03,8.927982290089e-02,1.367392749544e-03,8.927982290089e-02,0.000000000000e+00,-5.066482019609e-03,0.000000000000e+00
3295,0.000000000000e+00,-4.953276042186e-03,8.939573256003e-02,1.270622237234e-03,8.939573256003e-02,0.000000000000e+00,-4.953276042186e-03,0.000000000000e+00
3296,0.000000000000e+00,-4.819108630465e-03,8.951664694748e-02,1.168797879774e-03,8.951664694748e-02,0.000000000000e+00,-4.819108630465e-03,0.000000000000e+00
3297,0.000000000000e+00,-4.664758032651e-03,8.963880305567e-02,1.062842410812e-03,8.963880305567e-02,0.000000000000e+00,-4.664758032651e-03,0.000000000000e+00
3298,0.000000000000e+00,-4.491721459557e-03,8.975646913788e-02,9.538501974111e-04,8.975646913788e-02,0.000000000000e+00,-4.491721459557e-03,0.000000000000e+00
3299,0.000000000000e+00,-4.301337361282e-03,8.986292228640e-02,8.429041627199e-04,8.986292228640e-02,0.000000000000e+00,-4.301337361282e-03,0.000000000000e+00
3300,0.000000000000e+00,-4.096931696935e-03,8.994986377492e-02,7.315484766072e-04,8.994986377492e-02,0.000000000000e+00,-4.096931696935e-03,0.000000000000e+00
3301,0.000000000000e+00,-3.881181139756e-03,9.001032630520e-02,6.211973660552e-04,9.001032630520e-02,0.000000000000e+00,-3.881181139756e-03,0.000000000000e+00
3302,0.000000000000e+00,-3.658023256328e-03,9.003845032358e-02,5.135158652966e-04,9.003845032358e-02,0.000000000000e+00,-3.658023256328e-03,0.000000000000e+00
3303,0.000000000000e+00,-3.431163797736e-03,9.003104764282e-02,4.101080399287e-04,9.003104764282e-02,0.000000000000e+00,-3.431163797736e-03,0.000000000000e+00
3304,0.000000000000e+00,-3.204596318630e-03,8.998715746657e-02,3.126287375660e-04,8.998715746657e-02,0.000000000000e+00,-3.204596318630e-03,0.000000000000e+00
3305,0.000000000000e+00,-2.982506866714e-03,8.990839331856e-02,2.227456318944e-04,8.990839331856e-02,0.000000000000e+00,-2.982506866714e-03,0.000000000000e+00
3306,0.000000000000e+00,-2.769194136979e-03,8.979860770269e-02,1.421023567912e-04,8.979860770269e-02,0.000000000000e+00,-2.769194136979e-03,0.000000000000e+00
3307,0.000000000000e+00,-2.568921326513e-03,8.966342189571e-02,7.226922001757e-05,8.966342189571e-02,0.000000000000e+00,-2.568921326513e-03,0.000000000000e+00
3308,0.000000000000e+00,-2.385527525229e-03,8.950961843961e-02,1.463379435729e-05,8.950961843961e-02,0.000000000000e+00,-2.385527525229e-03,0.000000000000e+00
3309,0.000000000000e+00,-2.222056684639e-03,8.934426741912e-02,-2.970385196961e-05,8.934426741912e-02,0.000000000000e+00,-2.222056684639e-03,0.000000000000e+00
3310,0.000000000000e+00,-2.080896002781e-03,8.917358849001e-02,-5.992961808233e-05,8.917358849001e-02,0.000000000000e+00,-2.080896002781e-03,0.000000000000e+00
3311,0.000000000000e+00,-1.963889377612e-03,8.900244287784e-02,-7.550255037288e-05,8.900244287784e-02,0.000000000000e+00,-1.963889377612e-03,0.000000000000e+00
3312,0.000000000000e+00,-1.873001583873e-03,8.883390060965e-02,-7.602082305480e-05,8.883390060965e-02,0.000000000000e+00,-1.873001583873e-03,0.000000000000e+00
3313,0.000000000000e+00,-1.811052825291e-03,8.866864035310e-02,-6.108766411750e-05,8.866864035310e-02,0.000000000000e+00,-1.811052825291e-03,0.000000000000e+00
3314,0.000000000000e+00,-1.776924982112e-03,8.850833949957e-02,-3.134980413202e-05,8.850833949957e-02,0.000000000000e+00,-1.776924982112e-03,0.000000000000e+00
3315,0.000000000000e+00,-1.772285424941e-03,8.835206509637e-02,1.300511368126e-05,8.835206509637e-02,0.000000000000e+00,-1.772285424941e-03,0.000000000000e+00
3316,0.000000000000e+00,-1.797097202135e-03,8.819974762823e-02,7.129904424314e-05,8.819974762823e-02,0.000000000000e+00,-1.797097202135e-03,0.000000000000e+00
3317,0.000000000000e+00,-1.851662998295e-03,8.805121615404e-02,1.427866472899e-04,8.805121615404e-02,0.000000000000e+00,-1.851662998295e-03,0.000000000000e+00
3318,0.000000000000e+00,-1.935597551035e-03,8.790674307611e-02,2.264693566790e-04,8.790674307611e-02,0.000000000000e+00,-1.935597551035e-03,0.000000000000e+00
3319,0.000000000000e+00,-2.046186331336e-03,8.776859303442e-02,3.207496378386e-04,8.776859303442e-02,0.000000000000e+00,-2.046186331336e-03,0.000000000000e+00
3320,0.000000000000e+00,-2.180513887054e-03,8.763972554595e-02,4.238934670793e-04,8.763972554595e-02,0.000000000000e+00,-2.180513887054e-03,0.000000000000e+00
3321,0.000000000000e+00,-2.334257398975e-03,8.752480118931e-02,5.337847404461e-04,8.752480118931e-02,0.000000000000e+00,-2.334257398975e-03,0.000000000000e+00
3322,0.000000000000e+00,-2.503695782849e-03,8.742880369179e-02,6.484165441508e-04,8.742880369179e-02,0.000000000000e+00,-2.503695782849e-03,0.000000000000e+00
3323,0.000000000000e+00,-2.685349173903e-03,8.735670360880e-02,7.658679796605e-04,8.735670360880e-02,0.000000000000e+00,-2.685349173903e-03,0.000000000000e+00
3324,0.000000000000e+00,-2.875144789111e-03,8.731308391672e-02,8.841756777805e-04,8.731308391672e-02,0.000000000000e+00,-2.875144789111e-03,0.000000000000e+00
3325,0.000000000000e+00,-3.068755346845e-03,8.730173096567e-02,1.001411324374e-03,8.730173096567e-02,0.000000000000e+00,-3.068755346845e-03,0.000000000000e+00
3326,0.000000000000e+00,-3.262733920230e-03,8.732417387978e-02,1.115933992085e-03,8.732417387978e-02,0.000000000000e+00,-3.262733920230e-03,0.000000000000e+00
3327,0.000000000000e+00,-3.453848043171e-03,8.737973513834e-02,1.226253313299e-03,8.737973513834e-02,0.000000000000e+00,-3.453848043171e-03,0.000000000000e+00
3328,0.000000000000e+00,-3.639178852101e-03,8.746588204940e-02,1.331003026854e-03,8.746588204940e-02,0.000000000000e+00,-3.639178852101e-03,0.000000000000e+00
3329,0.000000000000e+00,-3.815020225357e-03,8.757815874441e-02,1.428785415479e-03,8.757815874441e-02,0.000000000000e+00,-3.815020225357e-03,0.000000000000e+00
3330,0.000000000000e+00,-3.977932106613e-03,8.771022801475e-02,1.518371229851e-03,8.771022801475e-02,0.000000000000e+00,-3.977932106613e-03,0.000000000000e+00
3331,0.000000000000e+00,-4.125085847432e-03,8.785525662810e-02,1.598656105033e-03,8.785525662810e-02,0.000000000000e+00,-4.125085847432e-03,0.000000000000e+00
3332,0.000000000000e+00,-4.254411313701e-03,8.800677810468e-02,1.668671639596e-03,8.800677810468e-02,0.000000000000e+00,-4.254411313701e-03,0.000000000000e+00
3333,0.000000000000e+00,-4.364883259977e-03,8.815929623039e-02,1.727638168496e-03,8.815929623039e-02,0.000000000000e+00,-4.364883259977e-03,0.000000000000e+00
3334,0.000000000000e+00,-4.456237394064e-03,8.830904987462e-02,1.774911210330e-03,8.830904987462e-02,0.000000000000e+00,-4.456237394064e-03,0.000000000000e+00
3335,0.000000000000e+00,-4.528983901497e-03,8.845424381763e-02,1.810027113092e-03,8.845424381763e-02,0.000000000000e+00,-4.528983901497e-03,0.000000000000e+00
3336,0.000000000000e+00,-4.585885518092e-03,8.859376232383e-02,1.833076638826e-03,8.859376232383e-02,0.000000000000e+00,-4.585885518092e-03,0.000000000000e+00
3337,0.000000000000e+00,-4.630475519068e-03,8.872732649434e-02,1.844422106582e-03,8.872732649434e-02,0.000000000000e+00,-4.630475519068e-03,0.000000000000e+00
3338,0.000000000000e+00,-4.664377993446e-03,8.885604914551e-02,1.844175361850e-03,8.885604914551e-02,0.000000000000e+00,-4.664377993446e-03,0.000000000000e+00
3339,0.000000000000e+00,-4.687371965608e-03,8.898193271114e-02,1.832216549087e-03,8.898193271114e-02,0.000000000000e+00,-4.687371965608e-03,0.000000000000e+00
3340,0.000000000000e+00,-4.700464929854e-03,8.910547184470e-02,1.808870557521e-03,8.910547184470e-02,0.000000000000e+00,-4.700464929854e-03,0.000000000000e+00
3341,0.000000000000e+00,-4.704571991401e-03,8.922670573495e-02,1.774642993950e-03,8.922670573495e-02,0.000000000000e+00,-4.704571991401e-03,0.000000000000e+00
3342,0.000000000000e+00,-4.700559982753e-03,8.934530931815e-02,1.730216300833e-03,8.934530931815e-02,0.000000000000e+00,-4.700559982753e-03,0.000000000000e+00
3343,0.000000000000e+00,-4.689465028328e-03,8.946028328778e-02,1.676490862250e-03,8.946028328778e-02,0.000000000000e+00,-4.689465028328e-03,0.000000000000e+00
3344,0.000000000000e+00,-4.671682286237e-03,8.957089938713e-02,1.614437203631e-03,8.957089938713e-02,0.000000000000e+00,-4.671682286237e-03,0.000000000000e+00
3345,0.000000000000e+00,-4.647440979501e-03,8.967640732348e-02,1.545165173195e-03,8.967640732348e-02,0.000000000000e+00,-4.647440979501e-03,0.000000000000e+00
3346,0.000000000000e+00,-4.616381756586e-03,8.977606974402e-02,1.469757008923e-03,8.977606974402e-02,0.000000000000e+00,-4.616381756586e-03,0.000000000000e+00
3347,0.000000000000e+00,-4.577122699274e-03,8.986968449005e-02,1.389110498426e-03,8.986968449005e-02,0.000000000000e+00,-4.577122699274e-03,0.000000000000e+00
3348,0.000000000000e+00,-4.529149366305e-03,8.995650005040e-02,1.304237847227e-03,8.995650005040e-02,0.000000000000e+00,-4.529149366305e-03,0.000000000000e+00
3349,0.000000000000e+00,-4.471491099198e-03,9.003624657295e-02,1.215941730318e-03,9.003624657295e-02,0.000000000000e+00,-4.471491099198e-03,0.000000000000e+00
3350,0.000000000000e+00,-4.402501458055e-03,9.010899730984e-02,1.124790525774e-03,9.010899730984e-02,0.000000000000e+00,-4.402501458055e-03,0.000000000000e+00
3351,0.000000000000e+00,-4.321169124622e-03,9.017448489693e-02,1.031382195316e-03,9.017448489693e-02,0.000000000000e+00,-4.321169124622e-03,0.000000000000e+00
3352,0.000000000000e+00,-4.227859483811e-03,9.023189843453e-02,9.365286308130e-04,9.023189843453e-02,0.000000000000e+00,-4.227859483811e-03,0.000000000000e+00
3353,0.000000000000e+00,-4.123338764414e-03,9.027974563418e-02,8.411357111461e-04,9.027974563418e-02,0.000000000000e+00,-4.123338764414e-03,0.000000000000e+00
3354,0.000000000000e+00,-4.007862144207e-03,9.031649457979e-02,7.460346614287e-04,9.031649457979e-02,0.000000000000e+00,-4.007862144207e-03,0.000000000000e+00
3355,0.000000000000e+00,-3.882016346469e-03,9.034001067178e-02,6.521680388983e-04,9.034001067178e-02,0.000000000000e+00,-3.882016346469e-03,0.000000000000e+00
3356,0.000000000000e+00,-3.746172446778e-03,9.034788356205e-02,5.604622336321e-04,9.034788356205e-02,0.000000000000e+00,-3.746172446778e-03,0.000000000000e+00
3357,0.000000000000e+00,-3.600822605006e-03,9.033694410685e-02,4.718887709010e-04,9.033694410685e-02,0.000000000000e+00,-3.600822605006e-03,0.000000000000e+00
3358,0.000000000000e+00,-3.447223421368e-03,9.030327974826e-02,3.875760052565e-04,9.030327974826e-02,0.000000000000e+00,-3.447223421368e-03,0.000000000000e+00
3359,0.000000000000e+00,-3.286423332648e-03,9.024409113102e-02,3.085578635478e-04,9.024409113102e-02,0.000000000000e+00,-3.286423332648e-03,0.000000000000e+00
3360,0.000000000000e+00,-3.120987452460e-03,9.015688591794e-02,2.361442080595e-04,9.015688591794e-02,0.000000000000e+00,-3.120987452460e-03,0.000000000000e+00
3361,0.000000000000e+00,-2.954061253616e-03,9.004037191204e-02,1.716809562006e-04,9.004037191204e-02,0.000000000000e+00,-2.954061253616e-03,0.000000000000e+00
3362,0.000000000000e+00,-2.787483151587e-03,8.989604360613e-02,1.160919470882e-04,8.989604360613e-02,0.000000000000e+00,-2.787483151587e-03,0.000000000000e+00
3363,0.000000000000e+00,-2.625871776256e-03,8.972554606467e-02,7.076034139539e-05,8.972554606467e-02,0.000000000000e+00,-2.625871776256e-03,0.000000000000e+00
3364,0.000000000000e+00,-2.474307625787e-03,8.953219459497e-02,3.699625826779e-05,8.953219459497e-02,0.000000000000e+00,-2.474307625787e-03,0.000000000000e+00
3365,0.000000000000e+00,-2.337782348121e-03,8.932062394738e-02,1.590696374593e-05,8.932062394738e-02,0.000000000000e+00,-2.337782348121e-03,0.000000000000e+00
3366,0.000000000000e+00,-2.221326670809e-03,8.909601047305e-02,8.438763361892e-06,8.909601047305e-02,0.000000000000e+00,-2.221326670809e-03,0.000000000000e+00
3367,0.000000000000e+00,-2.129857512802e-03,8.886364109367e-02,1.535788048575e-05,8.886364109367e-02,0.000000000000e+00,-2.129857512802e-03,0.000000000000e+00
3368,0.000000000000e+00,-2.067863582775e-03,8.862857859287e-02,3.719484935455e-05,8.862857859287e-02,0.000000000000e+00,-2.067863582775e-03,0.000000000000e+00
3369,0.000000000000e+00,-2.038806842142e-03,8.839572169492e-02,7.412957658907e-05,8.839572169492e-02,0.000000000000e+00,-2.038806842142e-03,0.000000000000e+00
3370,0.000000000000e+00,-2.045244174469e-03,8.816892625470e-02,1.260352040310e-04,8.816892625470e-02,0.000000000000e+00,-2.045244174469e-03,0.000000000000e+00
3371,0.000000000000e+00,-2.088545552331e-03,8.795108528699e-02,1.924254569489e-04,8.795108528699e-02,0.000000000000e+00,-2.088545552331e-03,0.000000000000e+00
3372,0.000000000000e+00,-2.169674988402e-03,8.774371152039e-02,2.726370998151e-04,8.774371152039e-02,0.000000000000e+00,-2.169674988402e-03,0.000000000000e+00
3373,0.000000000000e+00,-2.288831640800e-03,8.754740142114e-02,3.657588409719e-04,8.754740142114e-02,0.000000000000e+00,-2.288831640800e-03,0.000000000000e+00
3374,0.000000000000e+00,-2.443542426206e-03,8.736344516293e-02,4.702246338990e-04,8.736344516293e-02,0.000000000000e+00,-2.443542426206e-03,0.000000000000e+00
3375,0.000000000000e+00,-2.631357971084e-03,8.719233509191e-02,5.844213853639e-04,8.719233509191e-02,0.000000000000e+00,-2.631357971084e-03,0.000000000000e+00
3376,0.000000000000e+00,-2.849218996346e-03,8.703510469953e-02,7.065528259098e-04,8.703510469953e-02,0.000000000000e+00,-2.849218996346e-03,0.000000000000e+00
3377,0.000000000000e+00,-3.092071090020e-03,8.689425028027e-02,8.343699361785e-04,8.689425028027e-02,0.000000000000e+00,-3.092071090020e-03,0.000000000000e+00
3378,0.000000000000e+00,-3.351285623851e-03,8.677385315717e-02,9.648773151704e-04,8.677385315717e-02,0.000000000000e+00,-3.351285623851e-03,0.000000000000e+00
3379,0.000000000000e+00,-3.619645197175e-03,8.667792770741e-02,1.095316613212e-03,8.667792770741e-02,0.000000000000e+00,-3.619645197175e-03,0.000000000000e+00
3380,0.000000000000e+00,-3.890226400110e-03,8.661025802545e-02,1.222977859811e-03,8.661025802545e-02,0.000000000000e+00,-3.890226400110e-03,0.000000000000e+00
3381,0.000000000000e+00,-4.155401056407e-03,8.657445450925e-02,1.345044580995e-03,8.657445450925e-02,0.000000000000e+00,-4.155401056407e-03,0.000000000000e+00
3382,0.000000000000e+00,-4.405165876377e-03,8.657407912814e-02,1.458339096356e-03,8.657407912814e-02,0.000000000000e+00,-4.405165876377e-03,0.000000000000e+00
3383,0.000000000000e+00,-4.629292579119e-03,8.661191781172e-02,1.559806672566e-03,8.661191781172e-02,0.000000000000e+00,-4.629292579119e-03,0.000000000000e+00
3384,0.000000000000e+00,-4.820230325990e-03,8.668914169091e-02,1.647098856022e-03,8.668914169091e-02,0.000000000000e+00,-4.820230325990e-03,0.000000000000e+00
3385,0.000000000000e+00,-4.973325642115e-03,8.680457211103e-02,1.718605779953e-03,8.680457211103e-02,0.000000000000e+00,-4.973325642115e-03,0.000000000000e+00
3386,0.000000000000e+00,-5.086155285838e-03,8.695473233138e-02,1.773276635637e-03,8.695473233138e-02,0.000000000000e+00,-5.086155285838e-03,0.000000000000e+00
3387,0.000000000000e+00,-5.158760253273e-03,8.713404412877e-02,1.810658410048e-03,8.713404412877e-02,0.000000000000e+00,-5.158760253273e-03,0.000000000000e+00
3388,0.000000000000e+00,-5.193526368195e-03,8.733589443506e-02,1.830896396007e-03,8.733589443506e-02,0.000000000000e+00,-5.193526368195e-03,0.000000000000e+00
3389,0.000000000000e+00,-5.192828650366e-03,8.755465531608e-02,1.834274922854e-03,8.755465531608e-02,0.000000000000e+00,-5.192828650366e-03,0.000000000000e+00
3390,0.000000000000e+00,-5.159400579368e-03,8.778562514953e-02,1.821353832087e-03,8.778562514953e-02,0.000000000000e+00,-5.159400579368e-03,0.000000000000e+00
3391,0.000000000000e+00,-5.098480467409e-03,8.802397843129e-02,1.793433347404e-03,8.802397843129e-02,0.000000000000e+00,-5.098480467409e-03,0.000000000000e+00
3392,0.000000000000e+00,-5.014239508902e-03,8.826644739340e-02,1.751769729637e-03,8.826644739340e-02,0.000000000000e+00,-5.014239508902e-03,0.000000000000e+00
3393,0.000000000000e+00,-4.911620286371e-03,8.850977325298e-02,1.697948484240e-03,8.850977325298e-02,0.000000000000e+00,-4.911620286371e-03,0.000000000000e+00
3394,0.000000000000e+00,-4.796791642138e-03,8.874994609578e-02,1.633944842811e-03,8.874994609578e-02,0.000000000000e+00,-4.796791642138e-03,0.000000000000e+00
3395,0.000000000000e+00,-4.674878263501e-03,8.898292276467e-02,1.561621619388e-03,8.898292276467e-02,0.000000000000e+00,-4.674878263501e-03,0.000000000000e+00
3396,0.000000000000e+00,-4.548064753276e-03,8.920601707860e-02,1.482282861253e-03,8.920601707860e-02,0.000000000000e+00,-4.548064753276e-03,0.000000000000e+00
3397,0.000000000000e+00,-4.418202724973e-03,8.941649920413e-02,1.397229430469e-03,8.941649920413e-02,0.000000000000e+00,-4.418202724973e-03,0.000000000000e+00
3398,0.000000000000e+00,-4.284119702902e-03,8.961330713956e-02,1.307210651564e-03,8.961330713956e-02,0.000000000000e+00,-4.284119702902e-03,0.000000000000e+00
3399,0.000000000000e+00,-4.145011713085e-03,8.979461076424e-02,1.213134358873e-03,8.979461076424e-02,0.000000000000e+00,-4.145011713085e-03,0.000000000000e+00
3400,0.000000000000e+00,-4.003559969248e-03,8.995692454684e-02,1.116705598406e-03,8.995692454684e-02,0.000000000000e+00,-4.003559969248e-03,0.000000000000e+00
3401,0.000000000000e+00,-3.862128671383e-03,9.009683567379e-02,1.019600302332e-03,9.009683567379e-02,0.000000000000e+00,-3.862128671383e-03,0.000000000000e+00
3402,0.000000000000e+00,-3.722484897953e-03,9.021189485350e-02,9.233292324824e-04,9.021189485350e-02,0.000000000000e+00,-3.722484897953e-03,0.000000000000e+00
3403,0.000000000000e+00,-3.584631231898e-03,9.030089776972e-02,8.289317872880e-04,9.030089776972e-02,0.000000000000e+00,-3.584631231898e-03,0.000000000000e+00
3404,0.000000000000e+00,-3.449978067836e-03,9.036263192967e-02,7.375598709237e-04,9.036263192967e-02,0.000000000000e+00,-3.449978067836e-03,0.000000000000e+00
3405,0.000000000000e+00,-3.319918602348e-03,9.039712374869e-02,6.502078296598e-04,9.039712374869e-02,0.000000000000e+00,-3.319918602348e-03,0.000000000000e+00
3406,0.000000000000e+00,-3.194077045605e-03,9.040628085221e-02,5.674017612493e-04,9.040628085221e-02,0.000000000000e+00,-3.194077045605e-03,0.000000000000e+00
3407,0.000000000000e+00,-3.072124716412e-03,9.039338051812e-02,4.895867700309e-04,9.039338051812e-02,0.000000000000e+00,-3.072124716412e-03,0.000000000000e+00
3408,0.000000000000e+00,-2.953017361083e-03,9.036348617987e-02,4.169885641977e-04,9.036348617987e-02,0.000000000000e+00,-2.953017361083e-03,0.000000000000e+00
3409,0.000000000000e+00,-2.835790643590e-03,9.032206038649e-02,3.498310989927e-04,9.032206038649e-02,0.000000000000e+00,-2.835790643590e-03,0.000000000000e+00
3410,0.000000000000e+00,-2.719890556583e-03,9.027397205476e-02,2.884253585179e-04,9.027397205476e-02,0.000000000000e+00,-2.719890556583e-03,0.000000000000e+00
3411,0.000000000000e+00,-2.605224888707e-03,9.022257320127e-02,2.331693580519e-04,9.022257320127e-02,0.000000000000e+00,-2.605224888707e-03,0.000000000000e+00
3412,0.000000000000e+00,-2.491746228587e-03,9.016947034766e-02,1.844406624605e-04,9.016947034766e-02,0.000000000000e+00,-2.491746228587e-03,0.000000000000e+00
3413,0.000000000000e+00,-2.379234527179e-03,9.011481611592e-02,1.425290665615e-04,9.011481611592e-02,0.000000000000e+00,-2.379234527179e-03,0.000000000000e+00
3414,0.000000000000e+00,-2.269257587865e-03,9.005621890939e-02,1.080825712756e-04,9.005621890939e-02,0.000000000000e+00,-2.269257587865e-03,0.000000000000e+00
3415,0.000000000000e+00,-2.164286110464e-03,8.999020136379e-02,8.189100435458e-05,8.999020136379e-02,0.000000000000e+00,-2.164286110464e-03,0.000000000000e+00
3416,0.000000000000e+00,-2.067260239088e-03,8.991284329037e-02,6.477028270877e-05,8.991284329037e-02,0.000000000000e+00,-2.067260239088e-03,0.000000000000e+00
3417,0.000000000000e+00,-1.981101399599e-03,8.982078791217e-02,5.743388599131e-05,8.982078791217e-02,0.000000000000e+00,-1.981101399599e-03,0.000000000000e+00
3418,0.000000000000e+00,-1.909264919865e-03,8.971124388537e-02,6.059829471033e-05,8.971124388537e-02,0.000000000000e+00,-1.909264919865e-03,0.000000000000e+00
3419,0.000000000000e+00,-1.855600497978e-03,8.958243983265e-02,7.493947420571e-05,8.958243983265e-02,0.000000000000e+00,-1.855600497978e-03,0.000000000000e+00
3420,0.000000000000e+00,-1.824053899793e-03,8.943420393151e-02,1.010178774115e-04,8.943420393151e-02,0.000000000000e+00,-1.824053899793e-03,0.000000000000e+00
3421,0.000000000000e+00,-1.818457220607e-03,8.926826977044e-02,1.392370585514e-04,8.926826977044e-02,0.000000000000e+00,-1.818457220607e-03,0.000000000000e+00
3422,0.000000000000e+00,-1.842541531739e-03,8.908803364121e-02,1.898597323572e-04,8.908803364121e-02,0.000000000000e+00,-1.842541531739e-03,0.000000000000e+00
3423,0.000000000000e+00,-1.899583842568e-03,8.889827571527e-02,2.529487360713e-04,8.889827571527e-02,0.000000000000e+00,-1.899583842568e-03,0.000000000000e+00
3424,0.000000000000e+00,-1.992627022414e-03,8.870428295386e-02,3.284313246982e-04,8.870428295386e-02,0.000000000000e+00,-1.992627022414e-03,0.000000000000e+00
3425,0.000000000000e+00,-2.123871917544e-03,8.851114963209e-02,4.159772267607e-04,8.851114963209e-02,0.000000000000e+00,-2.123871917544e-03,0.000000000000e+00
3426,0.000000000000e+00,-2.294008804733e-03,8.832355952901e-02,5.148571950868e-04,8.832355952901e-02,0.000000000000e+00,-2.294008804733e-03,0.000000000000e+00
3427,0.000000000000e+00,-2.501967117513e-03,8.814542338597e-02,6.239017418699e-04,8.814542338597e-02,0.000000000000e+00,-2.501967117513e-03,0.000000000000e+00
3428,0.000000000000e+00,-2.746252921707e-03,8.797901916929e-02,7.417971283066e-04,8.797901916929e-02,0.000000000000e+00,-2.746252921707e-03,0.000000000000e+00
3429,0.000000000000e+00,-3.022471535951e-03,8.782601116194e-02,8.665684969598e-04,8.782601116194e-02,0.000000000000e+00,-3.022471535951e-03,0.000000000000e+00
3430,0.000000000000e+00,-3.324912096836e-03,8.768728116549e-02,9.959436742629e-04,8.768728116549e-02,0.000000000000e+00,-3.324912096836e-03,0.000000000000e+00
3431,0.000000000000e+00,-3.646040887170e-03,8.756429418464e-02,1.127257044874e-03,8.756429418464e-02,0.000000000000e+00,-3.646040887170e-03,0.000000000000e+00
3432,0.000000000000e+00,-3.976100156283e-03,8.745983648331e-02,1.257386199575e-03,8.745983648331e-02,0.000000000000e+00,-3.976100156283e-03,0.000000000000e+00
3433,0.000000000000e+00,-4.305282787319e-03,8.737794150216e-02,1.383179804016e-03,8.737794150216e-02,0.000000000000e+00,-4.305282787319e-03,0.000000000000e+00
3434,0.000000000000e+00,-4.624306608336e-03,8.732310231172e-02,1.501623148514e-03,8.732310231172e-02,0.000000000000e+00,-4.624306608336e-03,0.000000000000e+00
3435,0.000000000000e+00,-4.923701581625e-03,8.730031205056e-02,1.609705923831e-03,8.730031205056e-02,0.000000000000e+00,-4.923701581625e-03,0.000000000000e+00
3436,0.000000000000e+00,-5.195564275906e-03,8.731289862405e-02,1.704827061663e-03,8.731289862405e-02,0.000000000000e+00,-5.195564275906e-03,0.000000000000e+00
3437,0.000000000000e+00,-5.433387988611e-03,8.736167179021e-02,1.784786992422e-03,8.736167179021e-02,0.000000000000e+00,-5.433387988611e-03,0.000000000000e+00
3438,0.000000000000e+00,-5.632195411882e-03,8.744454151976e-02,1.847852752708e-03,8.744454151976e-02,0.000000000000e+00,-5.632195411882e-03,0.000000000000e+00
3439,0.000000000000e+00,-5.788658776936e-03,8.755678978891e-02,1.892796735316e-03,8.755678978891e-02,0.000000000000e+00,-5.788658776936e-03,0.000000000000e+00
3440,0.000000000000e+00,-5.901003008991e-03,8.769138253125e-02,1.918904639229e-03,8.769138253125e-02,0.000000000000e+00,-5.901003008991e-03,0.000000000000e+00
3441,0.000000000000e+00,-5.963884332603e-03,8.784266815006e-02,1.924874749986e-03,8.784266815006e-02,0.000000000000e+00,-5.963884332603e-03,0.000000000000e+00
3442,0.000000000000e+00,-5.983170571817e-03,8.799983388158e-02,1.912018353030e-03,8.799983388158e-02,0.000000000000e+00,-5.983170571817e-03,0.000000000000e+00
3443,0.000000000000e+00,-5.964315407306e-03,8.815415482059e-02,1.881757974612e-03,8.815415482059e-02,0.000000000000e+00,-5.964315407306e-03,0.000000000000e+00
3444,0.000000000000e+00,-5.911867000792e-03,8.829998011916e-02,1.835498089065e-03,8.829998011916e-02,0.000000000000e+00,-5.911867000792e-03,0.000000000000e+00
3445,0.000000000000e+00,-5.829371028051e-03,8.843430694464e-02,1.774600795566e-03,8.843430694464e-02,0.000000000000e+00,-5.829371028051e-03,0.000000000000e+00
3446,0.000000000000e+00,-5.719046173540e-03,8.855696987914e-02,1.700323337143e-03,8.855696987914e-02,0.000000000000e+00,-5.719046173540e-03,0.000000000000e+00
3447,0.000000000000e+00,-5.583879922327e-03,8.866915743526e-02,1.614263314665e-03,8.866915743526e-02,0.000000000000e+00,-5.583879922327e-03,0.000000000000e+00
3448,0.000000000000e+00,-5.428059313345e-03,8.877246060113e-02,1.518428207776e-03,8.877246060113e-02,0.000000000000e+00,-5.428059313345e-03,0.000000000000e+00
3449,0.000000000000e+00,-5.255567133669e-03,8.886868005270e-02,1.414914609983e-03,8.886868005270e-02,0.000000000000e+00,-5.255567133669e-03,0.000000000000e+00
3450,0.000000000000e+00,-5.071145090227e-03,8.895912044661e-02,1.306059402321e-03,8.895912044661e-02,0.000000000000e+00,-5.071145090227e-03,0.000000000000e+00
3451,0.000000000000e+00,-4.875202120641e-03,8.904561666103e-02,1.193358883034e-03,8.904561666103e-02,0.000000000000e+00,-4.875202120641e-03,0.000000000000e+00
3452,0.000000000000e+00,-4.669258394113e-03,8.912860911865e-02,1.078514281238e-03,8.912860911865e-02,0.000000000000e+00,-4.669258394113e-03,0.000000000000e+00
3453,0.000000000000e+00,-4.458595671107e-03,8.920562558381e-02,9.639859395024e-04,8.920562558381e-02,0.000000000000e+00,-4.458595671107e-03,0.000000000000e+00
3454,0.000000000000e+00,-4.244649989320e-03,8.927581200124e-02,8.513381548960e-04,8.927581200124e-02,0.000000000000e+00,-4.244649989320e-03,0.000000000000e+00
3455,0.000000000000e+00,-4.029048187154e-03,8.933718825991e-02,7.420923031486e-04,8.933718825991e-02,0.000000000000e+00,-4.029048187154e-03,0.000000000000e+00
3456,0.000000000000e+00,-3.813442005964e-03,8.938818660039e-02,6.376251657244e-04,8.938818660039e-02,0.000000000000e+00,-3.813442005964e-03,0.000000000000e+00
3457,0.000000000000e+00,-3.599751751225e-03,8.942782345563e-02,5.392407742535e-04,8.942782345563e-02,0.000000000000e+00,-3.599751751225e-03,0.000000000000e+00
3458,0.000000000000e+00,-3.389305309360e-03,8.945633181885e-02,4.479849870663e-04,8.945633181885e-02,0.000000000000e+00,-3.389305309360e-03,0.000000000000e+00
3459,0.000000000000e+00,-3.183054969661e-03,8.947486009238e-02,3.646868775762e-04,8.947486009238e-02,0.000000000000e+00,-3.183054969661e-03,0.000000000000e+00
3460,0.000000000000e+00,-2.981918105395e-03,8.948430321741e-02,2.900357243033e-04,8.948430321741e-02,0.000000000000e+00,-2.981918105395e-03,0.000000000000e+00
3461,0.000000000000e+00,-2.785720995553e-03,8.948580465462e-02,2.243498252572e-04,8.948580465462e-02,0.000000000000e+00,-2.785720995553e-03,0.000000000000e+00
3462,0.000000000000e+00,-2.594760691140e-03,8.947927418956e-02,1.679343678224e-04,8.947927418956e-02,0.000000000000e+00,-2.594760691140e-03,0.000000000000e+00
3463,0.000000000000e+00,-2.410424153224e-03,8.946294475249e-02,1.212370768521e-04,8.946294475249e-02,0.000000000000e+00,-2.410424153224e-03,0.000000000000e+00
3464,0.000000000000e+00,-2.234230345840e-03,8.943445605564e-02,8.464351106996e-05,8.943445605564e-02,0.000000000000e+00,-2.234230345840e-03,0.000000000000e+00
3465,0.000000000000e+00,-2.068594920446e-03,8.939089010644e-02,5.863921568856e-05,8.939089010644e-02,0.000000000000e+00,-2.068594920446e-03,0.000000000000e+00
3466,0.000000000000e+00,-1.917186350243e-03,8.932923408107e-02,4.387628683337e-05,8.932923408107e-02,0.000000000000e+00,-1.917186350243e-03,0.000000000000e+00
3467,0.000000000000e+00,-1.784334816207e-03,8.924730565060e-02,4.103752808235e-05,8.924730565060e-02,0.000000000000e+00,-1.784334816207e-03,0.000000000000e+00
3468,0.000000000000e+00,-1.673988588210e-03,8.914471750625e-02,5.060435664184e-05,8.914471750625e-02,0.000000000000e+00,-1.673988588210e-03,0.000000000000e+00
3469,0.000000000000e+00,-1.590268292884e-03,8.902258015914e-02,7.298505747201e-05,8.902258015914e-02,0.000000000000e+00,-1.590268292884e-03,0.000000000000e+00
3470,0.000000000000e+00,-1.536858488278e-03,8.888359419715e-02,1.083878651234e-04,8.888359419715e-02,0.000000000000e+00,-1.536858488278e-03,0.000000000000e+00
3471,0.000000000000e+00,-1.516677365629e-03,8.873176387601e-02,1.567621476760e-04,8.873176387601e-02,0.000000000000e+00,-1.516677365629e-03,0.000000000000e+00
3472,0.000000000000e+00,-1.531827902377e-03,8.857179728740e-02,2.177967500489e-04,8.857179728740e-02,0.000000000000e+00,-1.531827902377e-03,0.000000000000e+00
3473,0.000000000000e+00,-1.584097862475e-03,8.840842612764e-02,2.910339018567e-04,8.840842612764e-02,0.000000000000e+00,-1.584097862475e-03,0.000000000000e+00
3474,0.000000000000e+00,-1.674718644652e-03,8.824623424741e-02,3.758197985443e-04,8.824623424741e-02,0.000000000000e+00,-1.674718644652e-03,0.000000000000e+00
3475,0.000000000000e+00,-1.803730895796e-03,8.808964002760e-02,4.711787033678e-04,8.808964002760e-02,0.000000000000e+00,-1.803730895796e-03,0.000000000000e+00
3476,0.000000000000e+00,-1.970778553263e-03,8.794225954462e-02,5.759955428585e-04,8.794225954462e-02,0.000000000000e+00,-1.970778553263e-03,0.000000000000e+00
3477,0.000000000000e+00,-2.175113048576e-03,8.780675484815e-02,6.890174210811e-04,8.780675484815e-02,0.000000000000e+00,-2.175113048576e-03,0.000000000000e+00
3478,0.000000000000e+00,-2.415129423388e-03,8.768508259155e-02,8.087663601764e-04,8.768508259155e-02,0.000000000000e+00,-2.415129423388e-03,0.000000000000e+00
3479,0.000000000000e+00,-2.684803069944e-03,8.758077954402e-02,9.327813434861e-04,8.758077954402e-02,0.000000000000e+00,-2.684803069944e-03,0.000000000000e+00
3480,0.000000000000e+00,-2.977046047020e-03,8.749716874231e-02,1.058369623098e-03,8.749716874231e-02,0.000000000000e+00,-2.977046047020e-03,0.000000000000e+00
3481,0.000000000000e+00,-3.284093955155e-03,8.743752779125e-02,1.182704035568e-03,8.743752779125e-02,0.000000000000e+00,-3.284093955155e-03,0.000000000000e+00
3482,0.000000000000e+00,-3.595881961244e-03,8.740609557581e-02,1.302491002139e-03,8.740609557581e-02,0.000000000000e+00,-3.595881961244e-03,0.000000000000e+00
3483,0.000000000000e+00,-3.901672633231e-03,8.740660135372e-02,1.414363711950e-03,8.740660135372e-02,0.000000000000e+00,-3.901672633231e-03,0.000000000000e+00
3484,0.000000000000e+00,-4.191410103479e-03,8.744132379153e-02,1.515202127660e-03,8.744132379153e-02,0.000000000000e+00,-4.191410103479e-03,0.000000000000e+00
3485,0.000000000000e+00,-4.455239064894e-03,8.751079262859e-02,1.602059848925e-03,8.751079262859e-02,0.000000000000e+00,-4.455239064894e-03,0.000000000000e+00
3486,0.000000000000e+00,-4.686756907831e-03,8.761191996414e-02,1.672897647328e-03,8.761191996414e-02,0.000000000000e+00,-4.686756907831e-03,0.000000000000e+00
3487,0.000000000000e+00,-4.877825317879e-03,8.774093325639e-02,1.725488287414e-03,8.774093325639e-02,0.000000000000e+00,-4.877825317879e-03,0.000000000000e+00
3488,0.000000000000e+00,-5.024189921183e-03,8.789129952967e-02,1.758639447270e-03,8.789129952967e-02,0.000000000000e+00,-5.024189921183e-03,0.000000000000e+00
3489,0.000000000000e+00,-5.124632068274e-03,8.805522315634e-02,1.772005479048e-03,8.805522315634e-02,0.000000000000e+00,-5.124632068274e-03,0.000000000000e+00
3490,0.000000000000e+00,-5.183096040287e-03,8.822296163678e-02,1.766548923515e-03,8.822296163678e-02,0.000000000000e+00,-5.183096040287e-03,0.000000000000e+00
3491,0.000000000000e+00,-5.205797745728e-03,8.838537875841e-02,1.743903677718e-03,8.838537875841e-02,0.000000000000e+00,-5.205797745728e-03,0.000000000000e+00
3492,0.000000000000e+00,-5.199514720065e-03,8.853513396825e-02,1.706014166734e-03,8.853513396825e-02,0.000000000000e+00,-5.199514720065e-03,0.000000000000e+00
3493,0.000000000000e+00,-5.169504532803e-03,8.866785152838e-02,1.654685452786e-03,8.866785152838e-02,0.000000000000e+00,-5.169504532803e-03,0.000000000000e+00
3494,0.000000000000e+00,-5.120214052309e-03,8.878159861028e-02,1.591726464262e-03,8.878159861028e-02,0.000000000000e+00,-5.120214052309e-03,0.000000000000e+00
3495,0.000000000000e+00,-5.055863186046e-03,8.887612173787e-02,1.519060888264e-03,8.887612173787e-02,0.000000000000e+00,-5.055863186046e-03,0.000000000000e+00
3496,0.000000000000e+00,-4.979993777760e-03,8.895262459458e-02,1.438611130941e-03,8.895262459458e-02,0.000000000000e+00,-4.979993777760e-03,0.000000000000e+00
3497,0.000000000000e+00,-4.894891348402e-03,8.901329667148e-02,1.352154266503e-03,8.901329667148e-02,0.000000000000e+00,-4.894891348402e-03,0.000000000000e+00
3498,0.000000000000e+00,-4.802662890839e-03,8.906114250057e-02,1.261527045596e-03,8.906114250057e-02,0.000000000000e+00,-4.802662890839e-03,0.000000000000e+00
3499,0.000000000000e+00,-4.704181791365e-03,8.910031399914e-02,1.168422355480e-03,8.910031399914e-02,0.000000000000e+00,-4.704181791365e-03,0.000000000000e+00
3500,0.000000000000e+00,-4.600293675370e-03,8.913435974981e-02,1.074544885490e-03,8.913435974981e-02,0.000000000000e+00,-4.600293675370e-03,0.000000000000e+00
3501,0.000000000000e+00,-4.492547954969e-03,8.916504880018e-02,9.816713994511e-04,8.916504880018e-02,0.000000000000e+00,-4.492547954969e-03,0.000000000000e+00
3502,0.000000000000e+00,-4.384106751258e-03,8.919181830781e-02,8.917516140772e-04,8.919181830781e-02,0.000000000000e+00,-4.384106751258e-03,0.000000000000e+00
3503,0.000000000000e+00,-4.277565397279e-03,8.921294612237e-02,8.064391140042e-04,8.921294612237e-02,0.000000000000e+00,-4.277565397279e-03,0.000000000000e+00
3504,0.000000000000e+00,-4.173177534794e-03,8.922674205981e-02,7.267369552971e-04,8.922674205981e-02,0.000000000000e+00,-4.173177534794e-03,0.000000000000e+00
3505,0.000000000000e+00,-4.070297773593e-03,8.923193285487e-02,6.533002396581e-04,8.923193285487e-02,0.000000000000e+00,-4.070297773593e-03,0.000000000000e+00
3506,0.000000000000e+00,-3.967998797704e-03,8.922829199096e-02,5.866124350247e-04,8.922829199096e-02,0.000000000000e+00,-3.967998797704e-03,0.000000000000e+00
3507,0.000000000000e+00,-3.865415892002e-03,8.921705432996e-02,5.270792591047e-04,8.921705432996e-02,0.000000000000e+00,-3.865415892002e-03,0.000000000000e+00
3508,0.000000000000e+00,-3.761718762228e-03,8.920090765132e-02,4.749996708999e-04,8.920090765132e-02,0.000000000000e+00,-3.761718762228e-03,0.000000000000e+00
3509,0.000000000000e+00,-3.655156431977e-03,8.918411416266e-02,4.303276539706e-04,8.918411416266e-02,0.000000000000e+00,-3.655156431977e-03,0.000000000000e+00
3510,0.000000000000e+00,-3.544463711793e-03,8.917055528949e-02,3.929780067569e-04,8.917055528949e-02,0.000000000000e+00,-3.544463711793e-03,0.000000000000e+00
3511,0.000000000000e+00,-3.431366177488e-03,8.916079945325e-02,3.634001762114e-04,8.916079945325e-02,0.000000000000e+00,-3.431366177488e-03,0.000000000000e+00
3512,0.000000000000e+00,-3.313344075492e-03,8.915615139307e-02,3.409832482356e-04,8.915615139307e-02,0.000000000000e+00,-3.313344075492e-03,0.000000000000e+00
3513,0.000000000000e+00,-3.192192391988e-03,8.915288318572e-02,3.259569555572e-04,8.915288318572e-02,0.000000000000e+00,-3.192192391988e-03,0.000000000000e+00
3514,0.000000000000e+00,-3.071321857778e-03,8.914478089249e-02,3.187819212707e-04,8.914478089249e-02,0.000000000000e+00,-3.071321857778e-03,0.000000000000e+00
3515,0.000000000000e+00,-2.953620098999e-03,8.912573141991e-02,3.196688263776e-04,8.912573141991e-02,0.000000000000e+00,-2.953620098999e-03,0.000000000000e+00
3516,0.000000000000e+00,-2.842780922414e-03,8.908968297460e-02,3.288775941597e-04,8.908968297460e-02,0.000000000000e+00,-2.842780922414e-03,0.000000000000e+00
3517,0.000000000000e+00,-2.743106949655e-03,8.903157664852e-02,3.466944980196e-04,8.903157664852e-02,0.000000000000e+00,-2.743106949655e-03,0.000000000000e+00
3518,0.000000000000e+00,-2.658958523199e-03,8.894859872106e-02,3.733336815440e-04,8.894859872106e-02,0.000000000000e+00,-2.658958523199e-03,0.000000000000e+00
3519,0.000000000000e+00,-2.594398257156e-03,8.884076866274e-02,4.088853067571e-04,8.884076866274e-02,0.000000000000e+00,-2.594398257156e-03,0.000000000000e+00
3520,0.000000000000e+00,-2.552966392104e-03,8.871077745704e-02,4.532900734551e-04,8.871077745704e-02,0.000000000000e+00,-2.552966392104e-03,0.000000000000e+00
3521,0.000000000000e+00,-2.537681327083e-03,8.856334120971e-02,5.063580403793e-04,8.856334120971e-02,0.000000000000e+00,-2.537681327083e-03,0.000000000000e+00
3522,0.000000000000e+00,-2.550808591516e-03,8.840435926765e-02,5.677248479332e-04,8.840435926765e-02,0.000000000000e+00,-2.550808591516e-03,0.000000000000e+00
3523,0.000000000000e+00,-2.593315708000e-03,8.824016253995e-02,6.367351694594e-04,8.824016253995e-02,0.000000000000e+00,-2.593315708000e-03,0.000000000000e+00
3524,0.000000000000e+00,-2.665736876374e-03,8.807660459604e-02,7.126048826566e-04,8.807660459604e-02,0.000000000000e+00,-2.665736876374e-03,0.000000000000e+00
3525,0.000000000000e+00,-2.767651270636e-03,8.791847690744e-02,7.943270138602e-04,8.791847690744e-02,0.000000000000e+00,-2.767651270636e-03,0.000000000000e+00
3526,0.000000000000e+00,-2.897765881654e-03,8.776909487385e-02,8.807029352070e-04,8.776909487385e-02,0.000000000000e+00,-2.897765881654e-03,0.000000000000e+00
3527,0.000000000000e+00,-3.053908025572e-03,8.763083090073e-02,9.703386451806e-04,8.763083090073e-02,0.000000000000e+00,-3.053908025572e-03,0.000000000000e+00
3528,0.000000000000e+00,-3.233136969845e-03,8.750584406139e-02,1.061668240224e-03,8.750584406139e-02,0.000000000000e+00,-3.233136969845e-03,0.000000000000e+00
3529,0.000000000000e+00,-3.430927750064e-03,8.739713252391e-02,1.152800402697e-03,8.739713252391e-02,0.000000000000e+00,-3.430927750064e-03,0.000000000000e+00
3530,0.000000000000e+00,-3.642171626534e-03,8.730821689500e-02,1.241766655073e-03,8.730821689500e-02,0.000000000000e+00,-3.642171626534e-03,0.000000000000e+00
3531,0.000000000000e+00,-3.860848638090e-03,8.724340560034e-02,1.326468942177e-03,8.724340560034e-02,0.000000000000e+00,-3.860848638090e-03,0.000000000000e+00
3532,0.000000000000e+00,-4.079182963710e-03,8.720798563701e-02,1.404511615868e-03,8.720798563701e-02,0.000000000000e+00,-4.079182963710e-03,0.000000000000e+00
3533,0.000000000000e+00,-4.288732087843e-03,8.720671084341e-02,1.473476269742e-03,8.720671084341e-02,0.000000000000e+00,-4.288732087843e-03,0.000000000000e+00
3534,0.000000000000e+00,-4.480079160616e-03,8.724326799431e-02,1.530863529025e-03,8.724326799431e-02,0.000000000000e+00,-4.480079160616e-03,0.000000000000e+00
3535,0.000000000000e+00,-4.644505417628e-03,8.731860529572e-02,1.574474206203e-03,8.731860529572e-02,0.000000000000e+00,-4.644505417628e-03,0.000000000000e+00
3536,0.000000000000e+00,-4.774883654007e-03,8.743047083489e-02,1.602624810764e-03,8.743047083489e-02,0.000000000000e+00,-4.774883654007e-03,0.000000000000e+00
3537,0.000000000000e+00,-4.866219155092e-03,8.757338478720e-02,1.614280321496e-03,8.757338478720e-02,0.000000000000e+00,-4.866219155092e-03,0.000000000000e+00
3538,0.000000000000e+00,-4.916633170236e-03,8.773875725425e-02,1.609263168988e-03,8.773875725425e-02,0.000000000000e+00,-4.916633170236e-03,0.000000000000e+00
3539,0.000000000000e+00,-4.927137011989e-03,8.791625268566e-02,1.588196295424e-03,8.791625268566e-02,0.000000000000e+00,-4.927137011989e-03,0.000000000000e+00
3540,0.000000000000e+00,-4.900845447881e-03,8.809547296779e-02,1.552321929998e-03,8.809547296779e-02,0.000000000000e+00,-4.900845447881e-03,0.000000000000e+00
3541,0.000000000000e+00,-4.842196350808e-03,8.826752329221e-02,1.503308291156e-03,8.826752329221e-02,0.000000000000e+00,-4.842196350808e-03,0.000000000000e+00
3542,0.000000000000e+00,-4.756762237790e-03,8.842549882621e-02,1.443193582115e-03,8.842549882621e-02,0.000000000000e+00,-4.756762237790e-03,0.000000000000e+00
3543,0.000000000000e+00,-4.650617690996e-03,8.856486749328e-02,1.374229282195e-03,8.856486749328e-02,0.000000000000e+00,-4.650617690996e-03,0.000000000000e+00
3544,0.000000000000e+00,-4.529708529737e-03,8.868350120254e-02,1.298723159417e-03,8.868350120254e-02,0.000000000000e+00,-4.529708529737e-03,0.000000000000e+00
3545,0.000000000000e+00,-4.399424712524e-03,8.878109963334e-02,1.218928081121e-03,8.878109963334e-02,0.000000000000e+00,-4.399424712524e-03,0.000000000000e+00
3546,0.000000000000e+00,-4.263993949804e-03,8.885857408442e-02,1.136882611934e-03,8.885857408442e-02,0.000000000000e+00,-4.263993949804e-03,0.000000000000e+00
3547,0.000000000000e+00,-4.126903682475e-03,8.891790987017e-02,1.054480941035e-03,8.891790987017e-02,0.000000000000e+00,-4.126903682475e-03,0.000000000000e+00
3548,0.000000000000e+00,-3.991147882668e-03,8.896169565805e-02,9.734951454975e-04,8.896169565805e-02,0.000000000000e+00,-3.991147882668e-03,0.000000000000e+00
3549,0.000000000000e+00,-3.859443779316e-03,8.899263779807e-02,8.955892101991e-04,8.899263779807e-02,0.000000000000e+00,-3.859443779316e-03,0.000000000000e+00
3550,0.000000000000e+00,-3.734112733587e-03,8.901303227569e-02,8.222632090609e-04,8.901303227569e-02,0.000000000000e+00,-3.734112733587e-03,0.000000000000e+00
3551,0.000000000000e+00,-3.616737134777e-03,8.902486856749e-02,7.547477410995e-04,8.902486856749e-02,0.000000000000e+00,-3.616737134777e-03,0.000000000000e+00
3552,0.000000000000e+00,-3.508200205431e-03,8.902958888422e-02,6.939931882846e-04,8.902958888422e-02,0.000000000000e+00,-3.508200205431e-03,0.000000000000e+00
3553,0.000000000000e+00,-3.408913488840e-03,8.902827868610e-02,6.406929108542e-04,8.902827868610e-02,0.000000000000e+00,-3.408913488840e-03,0.000000000000e+00
3554,0.000000000000e+00,-3.319296946318e-03,8.902169517425e-02,5.953771341756e-04,8.902169517425e-02,0.000000000000e+00,-3.319296946318e-03,0.000000000000e+00
3555,0.000000000000e+00,-3.239040144097e-03,8.901114668114e-02,5.582550497670e-04,8.901114668114e-02,0.000000000000e+00,-3.239040144097e-03,0.000000000000e+00
3556,0.000000000000e+00,-3.167012966947e-03,8.899883072223e-02,5.292084998528e-04,8.899883072223e-02,0.000000000000e+00,-3.167012966947e-03,0.000000000000e+00
3557,0.000000000000e+00,-3.101411735517e-03,8.898769568783e-02,5.078363790068e-04,8.898769568783e-02,0.000000000000e+00,-3.101411735517e-03,0.000000000000e+00
3558,0.000000000000e+00,-3.040099016680e-03,8.898087292459e-02,4.935368684308e-04,8.898087292459e-02,0.000000000000e+00,-3.040099016680e-03,0.000000000000e+00
3559,0.000000000000e+00,-2.981114586040e-03,8.898068799246e-02,4.856360314447e-04,8.898068799246e-02,0.000000000000e+00,-2.981114586040e-03,0.000000000000e+00
3560,0.000000000000e+00,-2.923149891894e-03,8.898769285233e-02,4.835143899314e-04,8.898769285233e-02,0.000000000000e+00,-2.923149891894e-03,0.000000000000e+00
3561,0.000000000000e+00,-2.865978536183e-03,8.899978170292e-02,4.867102708429e-04,8.899978170292e-02,0.000000000000e+00,-2.865978536183e-03,0.000000000000e+00
3562,0.000000000000e+00,-2.810704595197e-03,8.901241045377e-02,4.949903385024e-04,8.901241045377e-02,0.000000000000e+00,-2.810704595197e-03,0.000000000000e+00
3563,0.000000000000e+00,-2.759539895987e-03,8.901954389264e-02,5.083220095188e-04,8.901954389264e-02,0.000000000000e+00,-2.759539895987e-03,0.000000000000e+00
3564,0.000000000000e+00,-2.715479402650e-03,8.901438620189e-02,5.268182975743e-04,8.901438620189e-02,0.000000000000e+00,-2.715479402650e-03,0.000000000000e+00
3565,0.000000000000e+00,-2.681951786855e-03,8.899040394403e-02,5.506724950127e-04,8.899040394403e-02,0.000000000000e+00,-2.681951786855e-03,0.000000000000e+00
3566,0.000000000000e+00,-2.662422576172e-03,8.894259288368e-02,5.800771193831e-04,8.894259288368e-02,0.000000000000e+00,-2.662422576172e-03,0.000000000000e+00
3567,0.000000000000e+00,-2.660116075772e-03,8.886841159480e-02,6.151699459152e-04,8.886841159480e-02,0.000000000000e+00,-2.660116075772e-03,0.000000000000e+00
3568,0.000000000000e+00,-2.677817356722e-03,8.876805773888e-02,6.559964041355e-04,8.876805773888e-02,0.000000000000e+00,-2.677817356722e-03,0.000000000000e+00
3569,0.000000000000e+00,-2.718103034947e-03,8.864405643564e-02,7.025653828037e-04,8.864405643564e-02,0.000000000000e+00,-2.718103034947e-03,0.000000000000e+00
3570,0.000000000000e+00,-2.782587120791e-03,8.850115069269e-02,7.546830609731e-04,8.850115069269e-02,0.000000000000e+00,-2.782587120791e-03,0.000000000000e+00
3571,0.000000000000e+00,-2.872030855097e-03,8.834555404189e-02,8.119676469481e-04,8.834555404189e-02,0.000000000000e+00,-2.872030855097e-03,0.000000000000e+00
3572,0.000000000000e+00,-2.986911885360e-03,8.818391910471e-02,8.739735797555e-04,8.818391910471e-02,0.000000000000e+00,-2.986911885360e-03,0.000000000000e+00
3573,0.000000000000e+00,-3.127139942059e-03,8.802264353190e-02,9.401334712932e-04,8.802264353190e-02,0.000000000000e+00,-3.127139942059e-03,0.000000000000e+00
3574,0.000000000000e+00,-3.291703186481e-03,8.786736486508e-02,1.009677771899e-03,8.786736486508e-02,0.000000000000e+00,-3.291703186481e-03,0.000000000000e+00
3575,0.000000000000e+00,-3.478509719952e-03,8.772269846596e-02,1.081600067557e-03,8.772269846596e-02,0.000000000000e+00,-3.478509719952e-03,0.000000000000e+00
3576,0.000000000000e+00,-3.684700166726e-03,8.759201843829e-02,1.154723195714e-03,8.759201843829e-02,0.000000000000e+00,-3.684700166726e-03,0.000000000000e+00
3577,0.000000000000e+00,-3.906262641354e-03,8.747825817301e-02,1.227600553215e-03,8.747825817301e-02,0.000000000000e+00,-3.906262641354e-03,0.000000000000e+00
3578,0.000000000000e+00,-4.137896165777e-03,8.738405721852e-02,1.298523662133e-03,8.738405721852e-02,0.000000000000e+00,-4.137896165777e-03,0.000000000000e+00
3579,0.000000000000e+00,-4.372986594118e-03,8.731218949650e-02,1.365526926195e-03,8.731218949650e-02,0.000000000000e+00,-4.372986594118e-03,0.000000000000e+00
3580,0.000000000000e+00,-4.603646237857e-03,8.726629603194e-02,1.426416649989e-03,8.726629603194e-02,0.000000000000e+00,-4.603646237857e-03,0.000000000000e+00
3581,0.000000000000e+00,-4.820449532445e-03,8.725104639862e-02,1.478745430757e-03,8.725104639862e-02,0.000000000000e+00,-4.820449532445e-03,0.000000000000e+00
3582,0.000000000000e+00,-5.014594822529e-03,8.727010918903e-02,1.520311073915e-03,8.727010918903e-02,0.000000000000e+00,-5.014594822529e-03,0.000000000000e+00
3583,0.000000000000e+00,-5.178604577127e-03,8.732526848718e-02,1.549323917594e-03,8.732526848718e-02,0.000000000000e+00,-5.178604577127e-03,0.000000000000e+00
3584,0.000000000000e+00,-5.306181456218e-03,8.741589065237e-02,1.564398176892e-03,8.741589065237e-02,0.000000000000e+00,-5.306181456218e-03,0.000000000000e+00
3585,0.000000000000e+00,-5.392409843339e-03,8.753861593327e-02,1.564620683581e-03,8.753861593327e-02,0.000000000000e+00,-5.392409843339e-03,0.000000000000e+00
3586,0.000000000000e+00,-5.434359531380e-03,8.768751274302e-02,1.549683532283e-03,8.768751274302e-02,0.000000000000e+00,-5.434359531380e-03,0.000000000000e+00
3587,0.000000000000e+00,-5.431974035346e-03,8.785399127090e-02,1.520071250112e-03,8.785399127090e-02,0.000000000000e+00,-5.431974035346e-03,0.000000000000e+00
3588,0.000000000000e+00,-5.387833633534e-03,8.802796070639e-02,1.476992285930e-03,8.802796070639e-02,0.000000000000e+00,-5.387833633534e-03,0.000000000000e+00
3589,0.000000000000e+00,-5.306389822550e-03,8.819947627629e-02,1.422184978604e-03,8.819947627629e-02,0.000000000000e+00,-5.306389822550e-03,0.000000000000e+00
3590,0.000000000000e+00,-5.193574425478e-03,8.835975510270e-02,1.357803593792e-03,8.835975510270e-02,0.000000000000e+00,-5.193574425478e-03,0.000000000000e+00
3591,0.000000000000e+00,-5.056116166963e-03,8.850200828525e-02,1.286235291192e-03,8.850200828525e-02,0.000000000000e+00,-5.056116166963e-03,0.000000000000e+00
3592,0.000000000000e+00,-4.900386759484e-03,8.862233356108e-02,1.209813625347e-03,8.862233356108e-02,0.000000000000e+00,-4.900386759484e-03,0.000000000000e+00
3593,0.000000000000e+00,-4.731930163633e-03,8.871904386139e-02,1.130691396743e-03,8.871904386139e-02,0.000000000000e+00,-4.731930163633e-03,0.000000000000e+00
3594,0.000000000000e+00,-4.555392835494e-03,8.879284102355e-02,1.050803864865e-03,8.879284102355e-02,0.000000000000e+00,-4.555392835494e-03,0.000000000000e+00
3595,0.000000000000e+00,-4.375484333753e-03,8.884535016730e-02,9.720661423783e-04,8.884535016730e-02,0.000000000000e+00,-4.375484333753e-03,0.000000000000e+00
3596,0.000000000000e+00,-4.196617833701e-03,8.887926779085e-02,8.962740634848e-04,8.887926779085e-02,0.000000000000e+00,-4.196617833701e-03,0.000000000000e+00
3597,0.000000000000e+00,-4.022601438361e-03,8.889807799631e-02,8.250151634752e-04,8.889807799631e-02,0.000000000000e+00,-4.022601438361e-03,0.000000000000e+00
3598,0.000000000000e+00,-3.856912252753e-03,8.890521772342e-02,7.597072852315e-04,8.890521772342e-02,0.000000000000e+00,-3.856912252753e-03,0.000000000000e+00
3599,0.000000000000e+00,-3.702950927752e-03,8.890363906621e-02,7.016355835405e-04,8.890363906621e-02,0.000000000000e+00,-3.702950927752e-03,0.000000000000e+00
3600,0.000000000000e+00,-3.563910735632e-03,8.889570062632e-02,6.519082038003e-04,8.889570062632e-02,0.000000000000e+00,-3.563910735632e-03,0.000000000000e+00
3601,0.000000000000e+00,-3.442112104502e-03,8.888336335574e-02,6.112998294503e-04,8.888336335574e-02,0.000000000000e+00,-3.442112104502e-03,0.000000000000e+00
3602,0.000000000000e+00,-3.338320481583e-03,8.886863334667e-02,5.800980770684e-04,8.886863334667e-02,0.000000000000e+00,-3.338320481583e-03,0.000000000000e+00
3603,0.000000000000e+00,-3.251472662672e-03,8.885392593945e-02,5.580529747584e-04,8.885392593945e-02,0.000000000000e+00,-3.251472662672e-03,0.000000000000e+00
3604,0.000000000000e+00,-3.178940349347e-03,8.884217399023e-02,5.444461612013e-04,8.884217399023e-02,0.000000000000e+00,-3.178940349347e-03,0.000000000000e+00
3605,0.000000000000e+00,-3.117084182375e-03,8.883637567403e-02,5.382307460932e-04,8.883637567403e-02,0.000000000000e+00,-3.117084182375e-03,0.000000000000e+00
3606,0.000000000000e+00,-3.062122680822e-03,8.883881146651e-02,5.382364214090e-04,8.883881146651e-02,0.000000000000e+00,-3.062122680822e-03,0.000000000000e+00
3607,0.000000000000e+00,-3.010988106905e-03,8.885034119061e-02,5.433781576693e-04,8.885034119061e-02,0.000000000000e+00,-3.010988106905e-03,0.000000000000e+00
3608,0.000000000000e+00,-2.961840855297e-03,8.886946569440e-02,5.527906936784e-04,8.886946569440e-02,0.000000000000e+00,-2.961840855297e-03,0.000000000000e+00
3609,0.000000000000e+00,-2.914382441422e-03,8.889232654804e-02,5.659139536213e-04,8.889232654804e-02,0.000000000000e+00,-2.914382441422e-03,0.000000000000e+00
3610,0.000000000000e+00,-2.869832296002e-03,8.891328880872e-02,5.825063082848e-04,8.891328880872e-02,0.000000000000e+00,-2.869832296002e-03,0.000000000000e+00
3611,0.000000000000e+00,-2.830650462512e-03,8.892548905916e-02,6.026003001384e-04,8.892548905916e-02,0.000000000000e+00,-2.830650462512e-03,0.000000000000e+00
3612,0.000000000000e+00,-2.800764840361e-03,8.892136328406e-02,6.265597784354e-04,8.892136328406e-02,0.000000000000e+00,-2.800764840361e-03,0.000000000000e+00
3613,0.000000000000e+00,-2.783201742814e-03,8.889511011033e-02,6.545602657177e-04,8.889511011033e-02,0.000000000000e+00,-2.783201742814e-03,0.000000000000e+00
3614,0.000000000000e+00,-2.781709349094e-03,8.884248443051e-02,6.869474578114e-04,8.884248443051e-02,0.000000000000e+00,-2.781709349094e-03,0.000000000000e+00
3615,0.000000000000e+00,-2.799576913140e-03,8.876187677803e-02,7.239748540805e-04,8.876187677803e-02,0.000000000000e+00,-2.799576913140e-03,0.000000000000e+00
3616,0.000000000000e+00,-2.838762846818e-03,8.865472552458e-02,7.656094624669e-04,8.865472552458e-02,0.000000000000e+00,-2.838762846818e-03,0.000000000000e+00
3617,0.000000000000e+00,-2.901016532184e-03,8.852460443666e-02,8.117673421387e-04,8.852460443666e-02,0.000000000000e+00,-2.901016532184e-03,0.000000000000e+00
3618,0.000000000000e+00,-2.987011642692e-03,8.837704344167e-02,8.621295271269e-04,8.837704344167e-02,0.000000000000e+00,-2.987011642692e-03,0.000000000000e+00
3619,0.000000000000e+00,-3.096824979893e-03,8.821864289825e-02,9.162463351031e-04,8.821864289825e-02,0.000000000000e+00,-3.096824979893e-03,0.000000000000e+00
3620,0.000000000000e+00,-3.229901350818e-03,8.805642967105e-02,9.735252880403e-04,8.805642967105e-02,0.000000000000e+00,-3.229901350818e-03,0.000000000000e+00
3621,0.000000000000e+00,-3.385184744762e-03,8.789708486109e-02,1.033256874206e-03,8.789708486109e-02,0.000000000000e+00,-3.385184744762e-03,0.000000000000e+00
3622,0.000000000000e+00,-3.561235080275e-03,8.774623827175e-02,1.094640933941e-03,8.774623827175e-02,0.000000000000e+00,-3.561235080275e-03,0.000000000000e+00
3623,0.000000000000e+00,-3.756419187330e-03,8.760785598252e-02,1.156839259352e-03,8.760785598252e-02,0.000000000000e+00,-3.756419187330e-03,0.000000000000e+00
3624,0.000000000000e+00,-3.966481124763e-03,8.748577194494e-02,1.218449520576e-03,8.748577194494e-02,0.000000000000e+00,-3.966481124763e-03,0.000000000000e+00
3625,0.000000000000e+00,-4.186734972083e-03,8.738259951013e-02,1.278008162461e-03,8.738259951013e-02,0.000000000000e+00,-4.186734972083e-03,0.000000000000e+00
3626,0.000000000000e+00,-4.410996335993e-03,8.730113906748e-02,1.333771479431e-03,8.730113906748e-02,0.000000000000e+00,-4.410996335993e-03,0.000000000000e+00
3627,0.000000000000e+00,-4.631928503212e-03,8.724448520248e-02,1.383809088251e-03,8.724448520248e-02,0.000000000000e+00,-4.631928503212e-03,0.000000000000e+00
3628,0.000000000000e+00,-4.840948427383e-03,8.721632321635e-02,1.425999160630e-03,8.721632321635e-02,0.000000000000e+00,-4.840948427383e-03,0.000000000000e+00
3629,0.000000000000e+00,-5.029454048945e-03,8.722049874788e-02,1.458326585445e-03,8.722049874788e-02,0.000000000000e+00,-5.029454048945e-03,0.000000000000e+00
3630,0.000000000000e+00,-5.189177924932e-03,8.726046041817e-02,1.478983458947e-03,8.726046041817e-02,0.000000000000e+00,-5.189177924932e-03,0.000000000000e+00
3631,0.000000000000e+00,-5.312692142400e-03,8.733802734685e-02,1.486493878025e-03,8.733802734685e-02,0.000000000000e+00,-5.312692142400e-03,0.000000000000e+00
3632,0.000000000000e+00,-5.394271093359e-03,8.745221306122e-02,1.479909150614e-03,8.745221306122e-02,0.000000000000e+00,-5.394271093359e-03,0.000000000000e+00
3633,0.000000000000e+00,-5.430510331176e-03,8.759843413639e-02,1.458946360691e-03,8.759843413639e-02,0.000000000000e+00,-5.430510331176e-03,0.000000000000e+00
3634,0.000000000000e+00,-5.420564986486e-03,8.776895442657e-02,1.424032661494e-03,8.776895442657e-02,0.000000000000e+00,-5.420564986486e-03,0.000000000000e+00
3635,0.000000000000e+00,-5.366371951613e-03,8.795359635543e-02,1.376338131945e-03,8.795359635543e-02,0.000000000000e+00,-5.366371951613e-03,0.000000000000e+00
3636,0.000000000000e+00,-5.272553922882e-03,8.814077111705e-02,1.317723286801e-03,8.814077111705e-02,0.000000000000e+00,-5.272553922882e-03,0.000000000000e+00
3637,0.000000000000e+00,-5.145868832999e-03,8.831896039813e-02,1.250587189495e-03,8.831896039813e-02,0.000000000000e+00,-5.145868832999e-03,0.000000000000e+00
3638,0.000000000000e+00,-4.994054306937e-03,8.847841686282e-02,1.177579156096e-03,8.847841686282e-02,0.000000000000e+00,-4.994054306937e-03,0.000000000000e+00
3639,0.000000000000e+00,-4.824837472829e-03,8.861241989685e-02,1.101343484698e-03,8.861241989685e-02,0.000000000000e+00,-4.824837472829e-03,0.000000000000e+00
3640,0.000000000000e+00,-4.645248991138e-03,8.871725520672e-02,1.024335663347e-03,8.871725520672e-02,0.000000000000e+00,-4.645248991138e-03,0.000000000000e+00
3641,0.000000000000e+00,-4.461464176972e-03,8.879207179547e-02,9.487638981527e-04,8.879207179547e-02,0.000000000000e+00,-4.461464176972e-03,0.000000000000e+00
3642,0.000000000000e+00,-4.278835588781e-03,8.883817405986e-02,8.765759942715e-04,8.883817405986e-02,0.000000000000e+00,-4.278835588781e-03,0.000000000000e+00
3643,0.000000000000e+00,-4.101802930331e-03,8.885867904652e-02,8.094259387696e-04,8.885867904652e-02,0.000000000000e+00,-4.101802930331e-03,0.000000000000e+00
3644,0.000000000000e+00,-3.934712325656e-03,8.885740108058e-02,7.488390643671e-04,8.885740108058e-02,0.000000000000e+00,-3.934712325656e-03,0.000000000000e+00
3645,0.000000000000e+00,-3.781328880523e-03,8.883886091217e-02,6.960829997996e-04,8.883886091217e-02,0.000000000000e+00,-3.781328880523e-03,0.000000000000e+00
3646,0.000000000000e+00,-3.644801215683e-03,8.880776793753e-02,6.521494703316e-04,8.880776793753e-02,0.000000000000e+00,-3.644801215683e-03,0.000000000000e+00
3647,0.000000000000e+00,-3.526736389078e-03,8.876916611499e-02,6.175447205043e-04,8.876916611499e-02,0.000000000000e+00,-3.526736389078e-03,0.000000000000e+00
3648,0.000000000000e+00,-3.428572785144e-03,8.872704437070e-02,5.925924648944e-04,8.872704437070e-02,0.000000000000e+00,-3.428572785144e-03,0.000000000000e+00
3649,0.000000000000e+00,-3.349808228585e-03,8.868527927328e-02,5.770487038713e-04,8.868527927328e-02,0.000000000000e+00,-3.349808228585e-03,0.000000000000e+00
3650,0.000000000000e+00,-3.288299869002e-03,8.864769604685e-02,5.701853891544e-04,8.864769604685e-02,0.000000000000e+00,-3.288299869002e-03,0.000000000000e+00
3651,0.000000000000e+00,-3.240688168190e-03,8.861809582728e-02,5.709019533331e-04,8.861809582728e-02,0.000000000000e+00,-3.240688168190e-03,0.000000000000e+00
3652,0.000000000000e+00,-3.203161904157e-03,8.859986599025e-02,5.779136271864e-04,8.859986599025e-02,0.000000000000e+00,-3.203161904157e-03,0.000000000000e+00
3653,0.000000000000e+00,-3.172547063297e-03,8.859514435800e-02,5.900182980805e-04,8.859514435800e-02,0.000000000000e+00,-3.172547063297e-03,0.000000000000e+00
3654,0.000000000000e+00,-3.145385883838e-03,8.860504245502e-02,6.059178251039e-04,8.860504245502e-02,0.000000000000e+00,-3.145385883838e-03,0.000000000000e+00
3655,0.000000000000e+00,-3.120083210975e-03,8.862805300844e-02,6.247079613606e-04,8.862805300844e-02,0.000000000000e+00,-3.120083210975e-03,0.000000000000e+00
3656,0.000000000000e+00,-3.096005575980e-03,8.866052910898e-02,6.457074563331e-04,8.866052910898e-02,0.000000000000e+00,-3.096005575980e-03,0.000000000000e+00
3657,0.000000000000e+00,-3.073923429427e-03,8.869668127312e-02,6.685670907095e-04,8.869668127312e-02,0.000000000000e+00,-3.073923429427e-03,0.000000000000e+00
3658,0.000000000000e+00,-3.055987063500e-03,8.872907477413e-02,6.932703088634e-04,8.872907477413e-02,0.000000000000e+00,-3.055987063500e-03,0.000000000000e+00
3659,0.000000000000e+00,-3.045198772688e-03,8.874961189634e-02,7.200226804306e-04,8.874961189634e-02,0.000000000000e+00,-3.045198772688e-03,0.000000000000e+00
3660,0.000000000000e+00,-3.044742080520e-03,8.875068461159e-02,7.491030906569e-04,8.875068461159e-02,0.000000000000e+00,-3.044742080520e-03,0.000000000000e+00
3661,0.000000000000e+00,-3.057612344053e-03,8.872623623478e-02,7.807722828421e-04,8.872623623478e-02,0.000000000000e+00,-3.057612344053e-03,0.000000000000e+00
3662,0.000000000000e+00,-3.086256519293e-03,8.867258440623e-02,8.151896295825e-04,8.867258440623e-02,0.000000000000e+00,-3.086256519293e-03,0.000000000000e+00
3663,0.000000000000e+00,-3.132239798493e-03,8.858906610794e-02,8.523336308600e-04,8.858906610794e-02,0.000000000000e+00,-3.132239798493e-03,0.000000000000e+00
3664,0.000000000000e+00,-3.196651958014e-03,8.847786962856e-02,8.920880414564e-04,8.847786962856e-02,0.000000000000e+00,-3.196651958014e-03,0.000000000000e+00
3665,0.000000000000e+00,-3.279958383720e-03,8.834390899759e-02,9.342039240471e-04,8.834390899759e-02,0.000000000000e+00,-3.279958383720e-03,0.000000000000e+00
3666,0.000000000000e+00,-3.381992097894e-03,8.819431664076e-02,9.782960449256e-04,8.819431664076e-02,0.000000000000e+00,-3.381992097894e-03,0.000000000000e+00
3667,0.000000000000e+00,-3.502502928794e-03,8.803717514203e-02,1.023965212790e-03,8.803717514203e-02,0.000000000000e+00,-3.502502928794e-03,0.000000000000e+00
3668,0.000000000000e+00,-3.641034092272e-03,8.788075055150e-02,1.070765025559e-03,8.788075055150e-02,0.000000000000e+00,-3.641034092272e-03,0.000000000000e+00
3669,0.000000000000e+00,-3.796418620454e-03,8.773274159591e-02,1.118094020502e-03,8.773274159591e-02,0.000000000000e+00,-3.796418620454e-03,0.000000000000e+00
3670,0.000000000000e+00,-3.967020070265e-03,8.759912540749e-02,1.165257928613e-03,8.759912540749e-02,0.000000000000e+00,-3.967020070265e-03,0.000000000000e+00
3671,0.000000000000e+00,-4.150034953127e-03,8.748408385851e-02,1.211334757664e-03,8.748408385851e-02,0.000000000000e+00,-4.150034953127e-03,0.000000000000e+00
3672,0.000000000000e+00,-4.341717310884e-03,8.739010676873e-02,1.255242163637e-03,8.739010676873e-02,0.000000000000e+00,-4.341717310884e-03,0.000000000000e+00
3673,0.000000000000e+00,-4.536041869718e-03,8.731931594619e-02,1.295458475554e-03,8.731931594619e-02,0.000000000000e+00,-4.536041869718e-03,0.000000000000e+00
3674,0.000000000000e+00,-4.726230637657e-03,8.727343906071e-02,1.330374736201e-03,8.727343906071e-02,0.000000000000e+00,-4.726230637657e-03,0.000000000000e+00
3675,0.000000000000e+00,-4.904075373862e-03,8.725508111113e-02,1.358163649279e-03,8.725508111113e-02,0.000000000000e+00,-4.904075373862e-03,0.000000000000e+00
3676,0.000000000000e+00,-5.060457246588e-03,8.726775872743e-02,1.376912496211e-03,8.726775872743e-02,0.000000000000e+00,-5.060457246588e-03,0.000000000000e+00
3677,0.000000000000e+00,-5.186466951155e-03,8.731522212599e-02,1.384879698616e-03,8.731522212599e-02,0.000000000000e+00,-5.186466951155e-03,0.000000000000e+00
3678,0.000000000000e+00,-5.274316623324e-03,8.739993219441e-02,1.380706568305e-03,8.739993219441e-02,0.000000000000e+00,-5.274316623324e-03,0.000000000000e+00
3679,0.000000000000e+00,-5.317901696064e-03,8.752169960297e-02,1.363543700236e-03,8.752169960297e-02,0.000000000000e+00,-5.317901696064e-03,0.000000000000e+00
3680,0.000000000000e+00,-5.313659936584e-03,8.767682914218e-02,1.333225209842e-03,8.767682914218e-02,0.000000000000e+00,-5.313659936584e-03,0.000000000000e+00
3681,0.000000000000e+00,-5.262054669234e-03,8.785708283583e-02,1.290582183683e-03,8.785708283583e-02,0.000000000000e+00,-5.262054669234e-03,0.000000000000e+00
3682,0.000000000000e+00,-5.167325919648e-03,8.805076565703e-02,1.237363517478e-03,8.805076565703e-02,0.000000000000e+00,-5.167325919648e-03,0.000000000000e+00
3683,0.000000000000e+00,-5.036753559311e-03,8.824463738161e-02,1.176036641786e-03,8.824463738161e-02,0.000000000000e+00,-5.036753559311e-03,0.000000000000e+00
3684,0.000000000000e+00,-4.879285624152e-03,8.842581760718e-02,1.109444910719e-03,8.842581760718e-02,0.000000000000e+00,-4.879285624152e-03,0.000000000000e+00
3685,0.000000000000e+00,-4.705006992784e-03,8.858290991230e-02,1.040649981950e-03,8.858290991230e-02,0.000000000000e+00,-4.705006992784e-03,0.000000000000e+00
3686,0.000000000000e+00,-4.523482852741e-03,8.870781509263e-02,9.725294149198e-04,8.870781509263e-02,0.000000000000e+00,-4.523482852741e-03,0.000000000000e+00
3687,0.000000000000e+00,-4.342874117375e-03,8.879596014083e-02,9.075554063930e-04,8.879596014083e-02,0.000000000000e+00,-4.342874117375e-03,0.000000000000e+00
3688,0.000000000000e+00,-4.169862487909e-03,8.884623614593e-02,8.477675605433e-04,8.884623614593e-02,0.000000000000e+00,-4.169862487909e-03,0.000000000000e+00
3689,0.000000000000e+00,-4.009140156016e-03,8.886072048527e-02,7.946484754328e-04,8.886072048527e-02,0.000000000000e+00,-4.009140156016e-03,0.000000000000e+00
3690,0.000000000000e+00,-3.864045339991e-03,8.884357768476e-02,7.492592540379e-04,8.884357768476e-02,0.000000000000e+00,-3.864045339991e-03,0.000000000000e+00
3691,0.000000000000e+00,-3.736889562274e-03,8.880059791418e-02,7.123083345796e-04,8.880059791418e-02,0.000000000000e+00,-3.736889562274e-03,0.000000000000e+00
3692,0.000000000000e+00,-3.629276081815e-03,8.873852460216e-02,6.842211013742e-04,8.873852460216e-02,0.000000000000e+00,-3.629276081815e-03,0.000000000000e+00
3693,0.000000000000e+00,-3.541752202977e-03,8.866484635491e-02,6.650619747262e-04,8.866484635491e-02,0.000000000000e+00,-3.541752202977e-03,0.000000000000e+00
3694,0.000000000000e+00,-3.474328375195e-03,8.858665083802e-02,6.546552614264e-04,8.858665083802e-02,0.000000000000e+00,-3.474328375195e-03,0.000000000000e+00
3695,0.000000000000e+00,-3.426397596213e-03,8.851018627664e-02,6.525754794151e-04,8.851018627664e-02,0.000000000000e+00,-3.426397596213e-03,0.000000000000e+00
3696,0.000000000000e+00,-3.396014009485e-03,8.844123766070e-02,6.579994021513e-04,8.844123766070e-02,0.000000000000e+00,-3.396014009485e-03,0.000000000000e+00
3697,0.000000000000e+00,-3.380261873206e-03,8.838467214421e-02,6.698119114258e-04,8.838467214421e-02,0.000000000000e+00,-3.380261873206e-03,0.000000000000e+00
3698,0.000000000000e+00,-3.375426803505e-03,8.834431492190e-02,6.866679223451e-04,8.834431492190e-02,0.000000000000e+00,-3.375426803505e-03,0.000000000000e+00
3699,0.000000000000e+00,-3.378070706972e-03,8.832253433598e-02,7.072543101906e-04,8.832253433598e-02,0.000000000000e+00,-3.378070706972e-03,0.000000000000e+00
3700,0.000000000000e+00,-3.383455722856e-03,8.832113746050e-02,7.299618645264e-04,8.832113746050e-02,0.000000000000e+00,-3.383455722856e-03,0.000000000000e+00
3701,0.000000000000e+00,-3.388477050859e-03,8.833947622632e-02,7.535574759243e-04,8.833947622632e-02,0.000000000000e+00,-3.388477050859e-03,0.000000000000e+00
3702,0.000000000000e+00,-3.390828441538e-03,8.837532293890e-02,7.770209194811e-04,8.837532293890e-02,0.000000000000e+00,-3.390828441538e-03,0.000000000000e+00
3703,0.000000000000e+00,-3.389718114614e-03,8.842459074500e-02,7.997211174348e-04,8.842459074500e-02,0.000000000000e+00,-3.389718114614e-03,0.000000000000e+00
3704,0.000000000000e+00,-3.386088292414e-03,8.848102138495e-02,8.214793103507e-04,8.848102138495e-02,0.000000000000e+00,-3.386088292414e-03,0.000000000000e+00
3705,0.000000000000e+00,-3.381843667937e-03,8.853663987317e-02,8.423996527307e-04,8.853663987317e-02,0.000000000000e+00,-3.381843667937e-03,0.000000000000e+00
3706,0.000000000000e+00,-3.380260506571e-03,8.858193608942e-02,8.629489063802e-04,8.858193608942e-02,0.000000000000e+00,-3.380260506571e-03,0.000000000000e+00
3707,0.000000000000e+00,-3.384918250984e-03,8.860763838168e-02,8.837014069497e-04,8.860763838168e-02,0.000000000000e+00,-3.384918250984e-03,0.000000000000e+00
3708,0.000000000000e+00,-3.399366458082e-03,8.860585732589e-02,9.052561632636e-04,8.860585732589e-02,0.000000000000e+00,-3.399366458082e-03,0.000000000000e+00
3709,0.000000000000e+00,-3.426975671277e-03,8.857117001384e-02,9.281926892267e-04,8.857117001384e-02,0.000000000000e+00,-3.426975671277e-03,0.000000000000e+00
3710,0.000000000000e+00,-3.470262545522e-03,8.850168534195e-02,9.529123969512e-04,8.850168534195e-02,0.000000000000e+00,-3.470262545522e-03,0.000000000000e+00
3711,0.000000000000e+00,-3.530646065416e-03,8.839924038145e-02,9.795792463456e-04,8.839924038145e-02,0.000000000000e+00,-3.530646065416e-03,0.000000000000e+00
3712,0.000000000000e+00,-3.608411655686e-03,8.826932934375e-02,1.008099127508e-03,8.826932934375e-02,0.000000000000e+00,-3.608411655686e-03,0.000000000000e+00
3713,0.000000000000e+00,-3.702354772714e-03,8.812066849561e-02,1.038033418339e-03,8.812066849561e-02,0.000000000000e+00,-3.702354772714e-03,0.000000000000e+00
3714,0.000000000000e+00,-3.811630390925e-03,8.796289693763e-02,1.069006564281e-03,8.796289693763e-02,0.000000000000e+00,-3.811630390925e-03,0.000000000000e+00
3715,0.000000000000e+00,-3.934936149224e-03,8.780587551443e-02,1.100535449658e-03,8.780587551443e-02,0.000000000000e+00,-3.934936149224e-03,0.000000000000e+00
3716,0.000000000000e+00,-4.070566798218e-03,8.765865450844e-02,1.132052275793e-03,8.765865450844e-02,0.000000000000e+00,-4.070566798218e-03,0.000000000000e+00
3717,0.000000000000e+00,-4.216324677177e-03,8.752847772544e-02,1.162902943840e-03,8.752847772544e-02,0.000000000000e+00,-4.216324677177e-03,0.000000000000e+00
3718,0.000000000000e+00,-4.369050702813e-03,8.742041696889e-02,1.192258570117e-03,8.742041696889e-02,0.000000000000e+00,-4.369050702813e-03,0.000000000000e+00
3719,0.000000000000e+00,-4.524858182042e-03,8.733739302020e-02,1.219178205775e-03,8.733739302020e-02,0.000000000000e+00,-4.524858182042e-03,0.000000000000e+00
3720,0.000000000000e+00,-4.678769379366e-03,8.728072539404e-02,1.242550687266e-03,8.728072539404e-02,0.000000000000e+00,-4.678769379366e-03,0.000000000000e+00
3721,0.000000000000e+00,-4.823993560963e-03,8.725174524750e-02,1.260948147532e-03,8.725174524750e-02,0.000000000000e+00,-4.823993560963e-03,0.000000000000e+00
3722,0.000000000000e+00,-4.952535096805e-03,8.725249662130e-02,1.272770996028e-03,8.725249662130e-02,0.000000000000e+00,-4.952535096805e-03,0.000000000000e+00
3723,0.000000000000e+00,-5.055886646332e-03,8.728567278637e-02,1.276409563824e-03,8.728567278637e-02,0.000000000000e+00,-5.055886646332e-03,0.000000000000e+00
3724,0.000000000000e+00,-5.125564084957e-03,8.735416843762e-02,1.270363712807e-03,8.735416843762e-02,0.000000000000e+00,-5.125564084957e-03,0.000000000000e+00
3725,0.000000000000e+00,-5.154439513035e-03,8.745959074853e-02,1.253536995595e-03,8.745959074853e-02,0.000000000000e+00,-5.154439513035e-03,0.000000000000e+00
3726,0.000000000000e+00,-5.137963135217e-03,8.760060395091e-02,1.225500847848e-03,8.760060395091e-02,0.000000000000e+00,-5.137963135217e-03,0.000000000000e+00
3727,0.000000000000e+00,-5.075457721465e-03,8.777139023432e-02,1.186764050191e-03,8.777139023432e-02,0.000000000000e+00,-5.075457721465e-03,0.000000000000e+00
3728,0.000000000000e+00,-4.970751876445e-03,8.796141707130e-02,1.138886038659e-03,8.796141707130e-02,0.000000000000e+00,-4.970751876445e-03,0.000000000000e+00
3729,0.000000000000e+00,-4.831570175153e-03,8.815693426656e-02,1.084306722071e-03,8.815693426656e-02,0.000000000000e+00,-4.831570175153e-03,0.000000000000e+00
3730,0.000000000000e+00,-4.668392833684e-03,8.834312389514e-02,1.026054462023e-03,8.834312389514e-02,0.000000000000e+00,-4.668392833684e-03,0.000000000000e+00
3731,0.000000000000e+00,-4.492782697588e-03,8.850637675937e-02,9.673340668920e-04,8.850637675937e-02,0.000000000000e+00,-4.492782697588e-03,0.000000000000e+00
3732,0.000000000000e+00,-4.315815856982e-03,8.863588442630e-02,9.111455787106e-04,8.863588442630e-02,0.000000000000e+00,-4.315815856982e-03,0.000000000000e+00
3733,0.000000000000e+00,-4.147021659209e-03,8.872453052044e-02,8.600301432698e-04,8.872453052044e-02,0.000000000000e+00,-4.147021659209e-03,0.000000000000e+00
3734,0.000000000000e+00,-3.993205577998e-03,8.876940020479e-02,8.157945674726e-04,8.876940020479e-02,0.000000000000e+00,-3.993205577998e-03,0.000000000000e+00
3735,0.000000000000e+00,-3.858688507845e-03,8.877145306456e-02,7.795633329418e-04,8.877145306456e-02,0.000000000000e+00,-3.858688507845e-03,0.000000000000e+00
3736,0.000000000000e+00,-3.745640618098e-03,8.873499451014e-02,7.518566079836e-04,8.873499451014e-02,0.000000000000e+00,-3.745640618098e-03,0.000000000000e+00
3737,0.000000000000e+00,-3.654826892058e-03,8.866691641815e-02,7.327645289683e-04,8.866691641815e-02,0.000000000000e+00,-3.654826892058e-03,0.000000000000e+00
3738,0.000000000000e+00,-3.586209419279e-03,8.857576851064e-02,7.220920581051e-04,8.857576851064e-02,0.000000000000e+00,-3.586209419279e-03,0.000000000000e+00
3739,0.000000000000e+00,-3.539255422503e-03,8.847083091001e-02,7.194404295036e-04,8.847083091001e-02,0.000000000000e+00,-3.539255422503e-03,0.000000000000e+00
3740,0.000000000000e+00,-3.513138577581e-03,8.836121145683e-02,7.242658050434e-04,8.836121145683e-02,0.000000000000e+00,-3.513138577581e-03,0.000000000000e+00
3741,0.000000000000e+00,-3.506277788839e-03,8.825550860641e-02,7.357917633834e-04,8.825550860641e-02,0.000000000000e+00,-3.506277788839e-03,0.000000000000e+00
3742,0.000000000000e+00,-3.516169622061e-03,8.816128226927e-02,7.529855319521e-04,8.816128226927e-02,0.000000000000e+00,-3.516169622061e-03,0.000000000000e+00
3743,0.000000000000e+00,-3.539554561797e-03,8.808444851002e-02,7.746137488678e-04,8.808444851002e-02,0.000000000000e+00,-3.539554561797e-03,0.000000000000e+00
3744,0.000000000000e+00,-3.572230435318e-03,8.802939494070e-02,7.992207160969e-04,8.802939494070e-02,0.000000000000e+00,-3.572230435318e-03,0.000000000000e+00
3745,0.000000000000e+00,-3.609389734076e-03,8.799908013934e-02,8.252237228722e-04,8.799908013934e-02,0.000000000000e+00,-3.609389734076e-03,0.000000000000e+00
3746,0.000000000000e+00,-3.646142402264e-03,8.799507780027e-02,8.510501152138e-04,8.799507780027e-02,0.000000000000e+00,-3.646142402264e-03,0.000000000000e+00
3747,0.000000000000e+00,-3.677886846928e-03,8.801767121522e-02,8.752433686759e-04,8.801767121522e-02,0.000000000000e+00,-3.677886846928e-03,0.000000000000e+00
3748,0.000000000000e+00,-3.700578215870e-03,8.806574119252e-02,8.965453556553e-04,8.806574119252e-02,0.000000000000e+00,-3.700578215870e-03,0.000000000000e+00
3749,0.000000000000e+00,-3.711363850699e-03,8.813616291651e-02,9.140543114358e-04,8.813616291651e-02,0.000000000000e+00,-3.711363850699e-03,0.000000000000e+00
3750,0.000000000000e+00,-3.709666693229e-03,8.822298801190e-02,9.274657745567e-04,8.822298801190e-02,0.000000000000e+00,-3.709666693229e-03,0.000000000000e+00
3751,0.000000000000e+00,-3.697311495071e-03,8.831731102508e-02,9.370960456621e-04,8.831731102508e-02,0.000000000000e+00,-3.697311495071e-03,0.000000000000e+00
3752,0.000000000000e+00,-3.677543137476e-03,8.840831508865e-02,9.436493992224e-04,8.840831508865e-02,0.000000000000e+00,-3.677543137476e-03,0.000000000000e+00
3753,0.000000000000e+00,-3.655651934209e-03,8.848394691026e-02,9.483293169255e-04,8.848394691026e-02,0.000000000000e+00,-3.655651934209e-03,0.000000000000e+00
3754,0.000000000000e+00,-3.637808263215e-03,8.853287550026e-02,9.525590009486e-04,8.853287550026e-02,0.000000000000e+00,-3.637808263215e-03,0.000000000000e+00
3755,0.000000000000e+00,-3.629828186525e-03,8.854633782220e-02,9.576836435238e-04,8.854633782220e-02,0.000000000000e+00,-3.629828186525e-03,0.000000000000e+00
3756,0.000000000000e+00,-3.636351927889e-03,8.851948970181e-02,9.647660559177e-04,8.851948970181e-02,0.000000000000e+00,-3.636351927889e-03,0.000000000000e+00
3757,0.000000000000e+00,-3.660212130935e-03,8.845205682254e-02,9.744361935056e-04,8.845205682254e-02,0.000000000000e+00,-3.660212130935e-03,0.000000000000e+00
3758,0.000000000000e+00,-3.702207828532e-03,8.834855704783e-02,9.868368325511e-04,8.834855704783e-02,0.000000000000e+00,-3.702207828532e-03,0.000000000000e+00
3759,0.000000000000e+00,-3.761816127867e-03,8.821710840030e-02,1.001781098613e-03,8.821710840030e-02,0.000000000000e+00,-3.761816127867e-03,0.000000000000e+00
3760,0.000000000000e+00,-3.837501967461e-03,8.806811431987e-02,1.018827113897e-03,8.806811431987e-02,0.000000000000e+00,-3.837501967461e-03,0.000000000000e+00
3761,0.000000000000e+00,-3.926502037822e-03,8.791318560441e-02,1.037249984474e-03,8.791318560441e-02,0.000000000000e+00,-3.926502037822e-03,0.000000000000e+00
3762,0.000000000000e+00,-4.026342269766e-03,8.776319627928e-02,1.056385607309e-03,8.776319627928e-02,0.000000000000e+00,-4.026342269766e-03,0.000000000000e+00
3763,0.000000000000e+00,-4.135221524635e-03,8.762715914116e-02,1.075728290505e-03,8.762715914116e-02,0.000000000000e+00,-4.135221524635e-03,0.000000000000e+00
3764,0.000000000000e+00,-4.251574983543e-03,8.751179413124e-02,1.094854296586e-03,8.751179413124e-02,0.000000000000e+00,-4.251574983543e-03,0.000000000000e+00
3765,0.000000000000e+00,-4.373136026915e-03,8.742166809073e-02,1.113228916361e-03,8.742166809073e-02,0.000000000000e+00,-4.373136026915e-03,0.000000000000e+00
3766,0.000000000000e+00,-4.496386286207e-03,8.735937078499e-02,1.130099325315e-03,8.735937078499e-02,0.000000000000e+00,-4.496386286207e-03,0.000000000000e+00
3767,0.000000000000e+00,-4.616554708425e-03,8.732613693079e-02,1.144507529174e-03,8.732613693079e-02,0.000000000000e+00,-4.616554708425e-03,0.000000000000e+00
3768,0.000000000000e+00,-4.727150066849e-03,8.732324386151e-02,1.155192004564e-03,8.732324386151e-02,0.000000000000e+00,-4.727150066849e-03,0.000000000000e+00
3769,0.000000000000e+00,-4.819716808043e-03,8.735264928806e-02,1.160534745553e-03,8.735264928806e-02,0.000000000000e+00,-4.819716808043e-03,0.000000000000e+00
3770,0.000000000000e+00,-4.885503858489e-03,8.741593468549e-02,1.158928479481e-03,8.741593468549e-02,0.000000000000e+00,-4.885503858489e-03,0.000000000000e+00
3771,0.000000000000e+00,-4.917212568123e-03,8.751303647111e-02,1.149162431690e-03,8.751303647111e-02,0.000000000000e+00,-4.917212568123e-03,0.000000000000e+00
3772,0.000000000000e+00,-4.909639238882e-03,8.764178192722e-02,1.130559183913e-03,8.764178192722e-02,0.000000000000e+00,-4.909639238882e-03,0.000000000000e+00
3773,0.000000000000e+00,-4.861234268730e-03,8.779657470929e-02,1.103306787236e-03,8.779657470929e-02,0.000000000000e+00,-4.861234268730e-03,0.000000000000e+00
3774,0.000000000000e+00,-4.774707190025e-03,8.796815152746e-02,1.068568491506e-03,8.796815152746e-02,0.000000000000e+00,-4.774707190025e-03,0.000000000000e+00
3775,0.000000000000e+00,-4.657039595043e-03,8.814393487864e-02,1.028452420943e-03,8.814393487864e-02,0.000000000000e+00,-4.657039595043e-03,0.000000000000e+00
3776,0.000000000000e+00,-4.518239135843e-03,8.830971931227e-02,9.856957186418e-04,8.830971931227e-02,0.000000000000e+00,-4.518239135843e-03,0.000000000000e+00
3777,0.000000000000e+00,-4.370007629342e-03,8.845174531867e-02,9.433312467673e-04,8.845174531867e-02,0.000000000000e+00,-4.370007629342e-03,0.000000000000e+00
3778,0.000000000000e+00,-4.223971235491e-03,8.855877289769e-02,9.042585081638e-04,8.855877289769e-02,0.000000000000e+00,-4.223971235491e-03,0.000000000000e+00
3779,0.000000000000e+00,-4.089578138920e-03,8.862350216168e-02,8.707510284877e-04,8.862350216168e-02,0.000000000000e+00,-4.089578138920e-03,0.000000000000e+00
3780,0.000000000000e+00,-3.972900994189e-03,8.864320891627e-02,8.441842299648e-04,8.864320891627e-02,0.000000000000e+00,-3.972900994189e-03,0.000000000000e+00
3781,0.000000000000e+00,-3.876490260180e-03,8.861968820250e-02,8.250127752806e-04,8.861968820250e-02,0.000000000000e+00,-3.876490260180e-03,0.000000000000e+00
3782,0.000000000000e+00,-3.800857692406e-03,8.855804069561e-02,8.131222465584e-04,8.855804069561e-02,0.000000000000e+00,-3.800857692406e-03,0.000000000000e+00
3783,0.000000000000e+00,-3.745438890485e-03,8.846598142454e-02,8.080647630930e-04,8.846598142454e-02,0.000000000000e+00,-3.745438890485e-03,0.000000000000e+00
3784,0.000000000000e+00,-3.709224267598e-03,8.835311370250e-02,8.092226779266e-04,8.835311370250e-02,0.000000000000e+00,-3.709224267598e-03,0.000000000000e+00
3785,0.000000000000e+00,-3.691501516054e-03,8.823002281301e-02,8.159943660892e-04,8.823002281301e-02,0.000000000000e+00,-3.691501516054e-03,0.000000000000e+00
3786,0.000000000000e+00,-3.692155578134e-03,8.810708456996e-02,8.278801301146e-04,8.810708456996e-02,0.000000000000e+00,-3.692155578134e-03,0.000000000000e+00
3787,0.000000000000e+00,-3.710555734402e-03,8.799389073157e-02,8.442550139696e-04,8.799389073157e-02,0.000000000000e+00,-3.710555734402e-03,0.000000000000e+00
3788,0.000000000000e+00,-3.745202153448e-03,8.789826350063e-02,8.643159478463e-04,8.789826350063e-02,0.000000000000e+00,-3.745202153448e-03,0.000000000000e+00
3789,0.000000000000e+00,-3.792905969971e-03,8.782595967713e-02,8.869201350076e-04,8.782595967713e-02,0.000000000000e+00,-3.792905969971e-03,0.000000000000e+00
3790,0.000000000000e+00,-3.848565415932e-03,8.778087676027e-02,9.105521478303e-04,8.778087676027e-02,0.000000000000e+00,-3.848565415932e-03,0.000000000000e+00
3791,0.000000000000e+00,-3.905984988420e-03,8.776517383884e-02,9.335191529118e-04,8.776517383884e-02,0.000000000000e+00,-3.905984988420e-03,0.000000000000e+00
3792,0.000000000000e+00,-3.958508357358e-03,8.777952776174e-02,9.541059915338e-04,8.777952776174e-02,0.000000000000e+00,-3.958508357358e-03,0.000000000000e+00
3793,0.000000000000e+00,-3.999233793791e-03,8.782368336054e-02,9.706371925801e-04,8.782368336054e-02,0.000000000000e+00,-3.999233793791e-03,0.000000000000e+00
3794,0.000000000000e+00,-4.022433276165e-03,8.789574815286e-02,9.817965378048e-04,8.789574815286e-02,0.000000000000e+00,-4.022433276165e-03,0.000000000000e+00
3795,0.000000000000e+00,-4.024900512173e-03,8.799125202964e-02,9.869282490394e-04,8.799125202964e-02,0.000000000000e+00,-4.024900512173e-03,0.000000000000e+00
3796,0.000000000000e+00,-4.005881746311e-03,8.810307858826e-02,9.860172816087e-04,8.810307858826e-02,0.000000000000e+00,-4.005881746311e-03,0.000000000000e+00
3797,0.000000000000e+00,-3.967899697437e-03,8.822103076219e-02,9.798507723430e-04,8.822103076219e-02,0.000000000000e+00,-3.967899697437e-03,0.000000000000e+00
3798,0.000000000000e+00,-3.916421038392e-03,8.833301578340e-02,9.699092532091e-04,8.833301578340e-02,0.000000000000e+00,-3.916421038392e-03,0.000000000000e+00
3799,0.000000000000e+00,-3.858714992796e-03,8.842677012744e-02,9.580783349220e-04,8.842677012744e-02,0.000000000000e+00,-3.858714992796e-03,0.000000000000e+00
3800,0.000000000000e+00,-3.802757612729e-03,8.849132573287e-02,9.463705532455e-04,8.849132573287e-02,0.000000000000e+00,-3.802757612729e-03,0.000000000000e+00
3801,0.000000000000e+00,-3.756149911419e-03,8.851841286429e-02,9.366546052455e-04,8.851841286429e-02,0.000000000000e+00,-3.756149911419e-03,0.000000000000e+00
3802,0.000000000000e+00,-3.724301020142e-03,8.850404912120e-02,9.302372067242e-04,8.850404912120e-02,0.000000000000e+00,-3.724301020142e-03,0.000000000000e+00
3803,0.000000000000e+00,-3.710639926093e-03,8.844847163373e-02,9.279008054740e-04,8.844847163373e-02,0.000000000000e+00,-3.710639926093e-03,0.000000000000e+00
3804,0.000000000000e+00,-3.716576693183e-03,8.835601617406e-02,9.298963832716e-04,8.835601617406e-02,0.000000000000e+00,-3.716576693183e-03,0.000000000000e+00
3805,0.000000000000e+00,-3.741139293414e-03,8.823484567832e-02,9.358740520121e-04,8.823484567832e-02,0.000000000000e+00,-3.741139293414e-03,0.000000000000e+00
3806,0.000000000000e+00,-3.782539472046e-03,8.809549622766e-02,9.452463760299e-04,8.809549622766e-02,0.000000000000e+00,-3.782539472046e-03,0.000000000000e+00
3807,0.000000000000e+00,-3.839354338512e-03,8.794948003566e-02,9.574763952276e-04,8.794948003566e-02,0.000000000000e+00,-3.839354338512e-03,0.000000000000e+00
3808,0.000000000000e+00,-3.910758685596e-03,8.780783946966e-02,9.721570972166e-04,8.780783946966e-02,0.000000000000e+00,-3.910758685596e-03,0.000000000000e+00
3809,0.000000000000e+00,-3.995947306643e-03,8.768020274984e-02,9.889049900301e-04,8.768020274984e-02,0.000000000000e+00,-3.995947306643e-03,0.000000000000e+00
3810,0.000000000000e+00,-4.093257900007e-03,8.757445945408e-02,1.007179568018e-03,8.757445945408e-02,0.000000000000e+00,-4.093257900007e-03,0.000000000000e+00
3811,0.000000000000e+00,-4.200086685471e-03,8.749588675527e-02,1.026282479060e-03,8.749588675527e-02,0.000000000000e+00,-4.200086685471e-03,0.000000000000e+00
3812,0.000000000000e+00,-4.312226059614e-03,8.744700167875e-02,1.045228348830e-03,8.744700167875e-02,0.000000000000e+00,-4.312226059614e-03,0.000000000000e+00
3813,0.000000000000e+00,-4.423564375358e-03,8.742863450794e-02,1.062690390280e-03,8.742863450794e-02,0.000000000000e+00,-4.423564375358e-03,0.000000000000e+00
3814,0.000000000000e+00,-4.526266403982e-03,8.744115799100e-02,1.077040919011e-03,8.744115799100e-02,0.000000000000e+00,-4.526266403982e-03,0.000000000000e+00
3815,0.000000000000e+00,-4.612459897030e-03,8.748413884037e-02,1.086720385365e-03,8.748413884037e-02,0.000000000000e+00,-4.612459897030e-03,0.000000000000e+00
3816,0.000000000000e+00,-4.673917514097e-03,8.755713039294e-02,1.090159548702e-03,8.755713039294e-02,0.000000000000e+00,-4.673917514097e-03,0.000000000000e+00
3817,0.000000000000e+00,-4.704331017236e-03,8.765834222999e-02,1.086285644840e-03,8.765834222999e-02,0.000000000000e+00,-4.704331017236e-03,0.000000000000e+00
3818,0.000000000000e+00,-4.700552529291e-03,8.778353811882e-02,1.074792310582e-03,8.778353811882e-02,0.000000000000e+00,-4.700552529291e-03,0.000000000000e+00
3819,0.000000000000e+00,-4.663242809920e-03,8.792526891880e-02,1.056266153329e-03,8.792526891880e-02,0.000000000000e+00,-4.663242809920e-03,0.000000000000e+00
3820,0.000000000000e+00,-4.597069134409e-03,8.807296796667e-02,1.032197190960e-03,8.807296796667e-02,0.000000000000e+00,-4.597069134409e-03,0.000000000000e+00
3821,0.000000000000e+00,-4.509717744279e-03,8.821427522616e-02,1.004720127165e-03,8.821427522616e-02,0.000000000000e+00,-4.509717744279e-03,0.000000000000e+00
3822,0.000000000000e+00,-4.410870508876e-03,8.833642705674e-02,9.763527914519e-04,8.833642705674e-02,0.000000000000e+00,-4.410870508876e-03,0.000000000000e+00
3823,0.000000000000e+00,-4.309999065697e-03,8.842839418508e-02,9.494751676755e-04,8.842839418508e-02,0.000000000000e+00,-4.309999065697e-03,0.000000000000e+00
3824,0.000000000000e+00,-4.215337536226e-03,8.848221238449e-02,9.260773018399e-04,8.848221238449e-02,0.000000000000e+00,-4.215337536226e-03,0.000000000000e+00
3825,0.000000000000e+00,-4.132736700218e-03,8.849409065604e-02,9.074829044522e-04,8.849409065604e-02,0.000000000000e+00,-4.132736700218e-03,0.000000000000e+00
3826,0.000000000000e+00,-4.065225341802e-03,8.846468339406e-02,8.942587220262e-04,8.846468339406e-02,0.000000000000e+00,-4.065225341802e-03,0.000000000000e+00
3827,0.000000000000e+00,-4.013296702317e-03,8.839874230165e-02,8.862974773672e-04,8.839874230165e-02,0.000000000000e+00,-4.013296702317e-03,0.000000000000e+00
3828,0.000000000000e+00,-3.976478943323e-03,8.830391208830e-02,8.831804646770e-04,8.830391208830e-02,0.000000000000e+00,-3.976478943323e-03,0.000000000000e+00
3829,0.000000000000e+00,-3.954178719493e-03,8.818995666716e-02,8.843888955200e-04,8.818995666716e-02,0.000000000000e+00,-3.954178719493e-03,0.000000000000e+00
3830,0.000000000000e+00,-3.945849055177e-03,8.806805074106e-02,8.893743653225e-04,8.806805074106e-02,0.000000000000e+00,-3.945849055177e-03,0.000000000000e+00
3831,0.000000000000e+00,-3.951811175905e-03,8.794911392063e-02,8.977699613740e-04,8.794911392063e-02,0.000000000000e+00,-3.951811175905e-03,0.000000000000e+00
3832,0.000000000000e+00,-3.972727300961e-03,8.784267262189e-02,9.093034010200e-04,8.784267262189e-02,0.000000000000e+00,-3.972727300961e-03,0.000000000000e+00
3833,0.000000000000e+00,-4.007885616656e-03,8.775649174442e-02,9.234479154981e-04,8.775649174442e-02,0.000000000000e+00,-4.007885616656e-03,0.000000000000e+00
3834,0.000000000000e+00,-4.054703759601e-03,8.769594615720e-02,9.393336892104e-04,8.769594615720e-02,0.000000000000e+00,-4.054703759601e-03,0.000000000000e+00
3835,0.000000000000e+00,-4.107959291886e-03,8.766422572925e-02,9.555856166055e-04,8.766422572925e-02,0.000000000000e+00,-4.107959291886e-03,0.000000000000e+00
3836,0.000000000000e+00,-4.161372495556e-03,8.766203790984e-02,9.706825556622e-04,8.766203790984e-02,0.000000000000e+00,-4.161372495556e-03,0.000000000000e+00
3837,0.000000000000e+00,-4.207258740934e-03,8.768924205692e-02,9.828829496560e-04,8.768924205692e-02,0.000000000000e+00,-4.207258740934e-03,0.000000000000e+00
3838,0.000000000000e+00,-4.237774418235e-03,8.774503755443e-02,9.905037606775e-04,8.774503755443e-02,0.000000000000e+00,-4.237774418235e-03,0.000000000000e+00
3839,0.000000000000e+00,-4.247215889531e-03,8.782703550376e-02,9.924231130039e-04,8.782703550376e-02,0.000000000000e+00,-4.247215889531e-03,0.000000000000e+00
3840,0.000000000000e+00,-4.232699131964e-03,8.793056166382e-02,9.882282761424e-04,8.793056166382e-02,0.000000000000e+00,-4.232699131964e-03,0.000000000000e+00
3841,0.000000000000e+00,-4.194055627745e-03,8.804862651482e-02,9.781858803573e-04,8.804862651482e-02,0.000000000000e+00,-4.194055627745e-03,0.000000000000e+00
3842,0.000000000000e+00,-4.134759964786e-03,8.817152923348e-02,9.634233823106e-04,8.817152923348e-02,0.000000000000e+00,-4.134759964786e-03,0.000000000000e+00
3843,0.000000000000e+00,-4.061558159515e-03,8.828756618064e-02,9.458058155192e-04,8.828756618064e-02,0.000000000000e+00,-4.061558159515e-03,0.000000000000e+00
3844,0.000000000000e+00,-3.983209512403e-03,8.838432033204e-02,9.276245942951e-04,8.838432033204e-02,0.000000000000e+00,-3.983209512403e-03,0.000000000000e+00
3845,0.000000000000e+00,-3.908542979963e-03,8.845074995286e-02,9.111230037172e-04,8.845074995286e-02,0.000000000000e+00,-3.908542979963e-03,0.000000000000e+00
3846,0.000000000000e+00,-3.845853123077e-03,8.847850919444e-02,8.983244805613e-04,8.847850919444e-02,0.000000000000e+00,-3.845853123077e-03,0.000000000000e+00
3847,0.000000000000e+00,-3.800502044447e-03,8.846358777465e-02,8.904838586514e-04,8.846358777465e-02,0.000000000000e+00,-3.800502044447e-03,0.000000000000e+00
3848,0.000000000000e+00,-3.774919197737e-03,8.840691111829e-02,8.880717537076e-04,8.840691111829e-02,0.000000000000e+00,-3.774919197737e-03,0.000000000000e+00
3849,0.000000000000e+00,-3.769313099695e-03,8.831389488927e-02,8.909389784195e-04,8.831389488927e-02,0.000000000000e+00,-3.769313099695e-03,0.000000000000e+00
3850,0.000000000000e+00,-3.782328891289e-03,8.819349249422e-02,8.984847526449e-04,8.819349249422e-02,0.000000000000e+00,-3.782328891289e-03,0.000000000000e+00
3851,0.000000000000e+00,-3.812550021813e-03,8.805681780910e-02,9.100191517803e-04,8.805681780910e-02,0.000000000000e+00,-3.812550021813e-03,0.000000000000e+00
3852,0.000000000000e+00,-3.859042590574e-03,8.791587441459e-02,9.249229670971e-04,8.791587441459e-02,0.000000000000e+00,-3.859042590574e-03,0.000000000000e+00
3853,0.000000000000e+00,-3.921398507370e-03,8.778208397049e-02,9.426961392564e-04,8.778208397049e-02,0.000000000000e+00,-3.921398507370e-03,0.000000000000e+00
3854,0.000000000000e+00,-3.999314761393e-03,8.766532732672e-02,9.628893176588e-04,8.766532732672e-02,0.000000000000e+00,-3.999314761393e-03,0.000000000000e+00
3855,0.000000000000e+00,-4.091482041472e-03,8.757315605477e-02,9.848911561652e-04,8.757315605477e-02,0.000000000000e+00,-4.091482041472e-03,0.000000000000e+00
3856,0.000000000000e+00,-4.194854537186e-03,8.751002225402e-02,1.007792603325e-03,8.751002225402e-02,0.000000000000e+00,-4.194854537186e-03,0.000000000000e+00
3857,0.000000000000e+00,-4.303866860741e-03,8.747783161482e-02,1.030221468103e-03,8.747783161482e-02,0.000000000000e+00,-4.303866860741e-03,0.000000000000e+00
3858,0.000000000000e+00,-4.410409181773e-03,8.747722291351e-02,1.050342778646e-03,8.747722291351e-02,0.000000000000e+00,-4.410409181773e-03,0.000000000000e+00
3859,0.000000000000e+00,-4.505633999560e-03,8.750760572098e-02,1.066262944212e-03,8.750760572098e-02,0.000000000000e+00,-4.505633999560e-03,0.000000000000e+00
3860,0.000000000000e+00,-4.580369099082e-03,8.756805389777e-02,1.076120175066e-03,8.756805389777e-02,0.000000000000e+00,-4.580369099082e-03,0.000000000000e+00
3861,0.000000000000e+00,-4.627117508347e-03,8.765653189804e-02,1.078514440235e-03,8.765653189804e-02,0.000000000000e+00,-4.627117508347e-03,0.000000000000e+00
3862,0.000000000000e+00,-4.641370714209e-03,8.776918509817e-02,1.072789459909e-03,8.776918509817e-02,0.000000000000e+00,-4.641370714209e-03,0.000000000000e+00
3863,0.000000000000e+00,-4.621876044074e-03,8.789998310677e-02,1.059090176687e-03,8.789998310677e-02,0.000000000000e+00,-4.621876044074e-03,0.000000000000e+00
3864,0.000000000000e+00,-4.572078296743e-03,8.803959411102e-02,1.038658024099e-03,8.803959411102e-02,0.000000000000e+00,-4.572078296743e-03,0.000000000000e+00
3865,0.000000000000e+00,-4.499225414447e-03,8.817632466581e-02,1.013591391667e-03,8.817632466581e-02,0.000000000000e+00,-4.499225414447e-03,0.000000000000e+00
3866,0.000000000000e+00,-4.412941501940e-03,8.829742753392e-02,9.864930328557e-04,8.829742753392e-02,0.000000000000e+00,-4.412941501940e-03,0.000000000000e+00
3867,0.000000000000e+00,-4.323602947618e-03,8.839086501277e-02,9.600691798321e-04,8.839086501277e-02,0.000000000000e+00,-4.323602947618e-03,0.000000000000e+00
3868,0.000000000000e+00,-4.239953136243e-03,8.844777976990e-02,9.365661701296e-04,8.844777976990e-02,0.000000000000e+00,-4.239953136243e-03,0.000000000000e+00
3869,0.000000000000e+00,-4.167865312782e-03,8.846329991518e-02,9.174601215106e-04,8.846329991518e-02,0.000000000000e+00,-4.167865312782e-03,0.000000000000e+00
3870,0.000000000000e+00,-4.109902429952e-03,8.843695795634e-02,9.033467041548e-04,8.843695795634e-02,0.000000000000e+00,-4.109902429952e-03,0.000000000000e+00
3871,0.000000000000e+00,-4.066508250281e-03,8.837253935516e-02,8.942020350906e-04,8.837253935516e-02,0.000000000000e+00,-4.066508250281e-03,0.000000000000e+00
3872,0.000000000000e+00,-4.037290370154e-03,8.827720756347e-02,8.896825722403e-04,8.827720756347e-02,0.000000000000e+00,-4.037290370154e-03,0.000000000000e+00
3873,0.000000000000e+00,-4.021112133512e-03,8.816110531925e-02,8.891910065440e-04,8.816110531925e-02,0.000000000000e+00,-4.021112133512e-03,0.000000000000e+00
3874,0.000000000000e+00,-4.017519208760e-03,8.803592838981e-02,8.922354926592e-04,8.803592838981e-02,0.000000000000e+00,-4.017519208760e-03,0.000000000000e+00
3875,0.000000000000e+00,-4.027164891351e-03,8.791334623898e-02,8.985621481827e-04,8.791334623898e-02,0.000000000000e+00,-4.027164891351e-03,0.000000000000e+00
3876,0.000000000000e+00,-4.051162752118e-03,8.780370174217e-02,9.080429460827e-04,8.780370174217e-02,0.000000000000e+00,-4.051162752118e-03,0.000000000000e+00
3877,0.000000000000e+00,-4.089650601362e-03,8.771524765955e-02,9.203839425666e-04,8.771524765955e-02,0.000000000000e+00,-4.089650601362e-03,0.000000000000e+00
3878,0.000000000000e+00,-4.140293461162e-03,8.765414474045e-02,9.348126298758e-04,8.765414474045e-02,0.000000000000e+00,-4.140293461162e-03,0.000000000000e+00
3879,0.000000000000e+00,-4.197979324094e-03,8.762387099978e-02,9.500215080652e-04,8.762387099978e-02,0.000000000000e+00,-4.197979324094e-03,0.000000000000e+00
3880,0.000000000000e+00,-4.255466528812e-03,8.762537007106e-02,9.643149117398e-04,8.762537007106e-02,0.000000000000e+00,-4.255466528812e-03,0.000000000000e+00
3881,0.000000000000e+00,-4.304762545607e-03,8.765806711572e-02,9.759124121951e-04,8.765806711572e-02,0.000000000000e+00,-4.304762545607e-03,0.000000000000e+00
3882,0.000000000000e+00,-4.337697530238e-03,8.772044864514e-02,9.830785686418e-04,8.772044864514e-02,0.000000000000e+00,-4.337697530238e-03,0.000000000000e+00
3883,0.000000000000e+00,-4.348012491190e-03,8.780931398594e-02,9.845727359614e-04,8.780931398594e-02,0.000000000000e+00,-4.348012491190e-03,0.000000000000e+00
3884,0.000000000000e+00,-4.332212181942e-03,8.791957635204e-02,9.798385656937e-04,8.791957635204e-02,0.000000000000e+00,-4.332212181942e-03,0.000000000000e+00
3885,0.000000000000e+00,-4.290289708546e-03,8.804385901240e-02,9.691608795837e-04,8.804385901240e-02,0.000000000000e+00,-4.290289708546e-03,0.000000000000e+00
3886,0.000000000000e+00,-4.226760654228e-03,8.817210103380e-02,9.538677126451e-04,8.817210103380e-02,0.000000000000e+00,-4.226760654228e-03,0.000000000000e+00
3887,0.000000000000e+00,-4.148826767949e-03,8.829265859870e-02,9.358975678525e-04,8.829265859870e-02,0.000000000000e+00,-4.148826767949e-03,0.000000000000e+00
3888,0.000000000000e+00,-4.065884190375e-03,8.839289670903e-02,9.176528958233e-04,8.839289670903e-02,0.000000000000e+00,-4.065884190375e-03,0.000000000000e+00
3889,0.000000000000e+00,-3.988164543149e-03,8.846077132401e-02,9.016520543742e-04,8.846077132401e-02,0.000000000000e+00,-3.988164543149e-03,0.000000000000e+00
3890,0.000000000000e+00,-3.923686396642e-03,8.848774773237e-02,8.898201746910e-04,8.848774773237e-02,0.000000000000e+00,-3.923686396642e-03,0.000000000000e+00
3891,0.000000000000e+00,-3.877184353817e-03,8.846987470930e-02,8.832146405213e-04,8.846987470930e-02,0.000000000000e+00,-3.877184353817e-03,0.000000000000e+00
3892,0.000000000000e+00,-3.850602925403e-03,8.840818052812e-02,8.821192180413e-04,8.840818052812e-02,0.000000000000e+00,-3.850602925403e-03,0.000000000000e+00
3893,0.000000000000e+00,-3.844137502158e-03,8.830862573692e-02,8.862843568237e-04,8.830862573692e-02,0.000000000000e+00,-3.844137502158e-03,0.000000000000e+00
3894,0.000000000000e+00,-3.856732175149e-03,8.818094008119e-02,8.950773426939e-04,8.818094008119e-02,0.000000000000e+00,-3.856732175149e-03,0.000000000000e+00
3895,0.000000000000e+00,-3.886445218383e-03,8.803749380383e-02,9.076170644057e-04,8.803749380383e-02,0.000000000000e+00,-3.886445218383e-03,0.000000000000e+00
3896,0.000000000000e+00,-3.931957792254e-03,8.789145670665e-02,9.231488207045e-04,8.789145670665e-02,0.000000000000e+00,-3.931957792254e-03,0.000000000000e+00
3897,0.000000000000e+00,-3.992931318249e-03,8.775514611197e-02,9.411601905140e-04,8.775514611197e-02,0.000000000000e+00,-3.992931318249e-03,0.000000000000e+00
3898,0.000000000000e+00,-4.069586961278e-03,8.763863342527e-02,9.613219140841e-04,8.763863342527e-02,0.000000000000e+00,-4.069586961278e-03,0.000000000000e+00
3899,0.000000000000e+00,-4.161103529695e-03,8.754917808348e-02,9.831648478841e-04,8.754917808348e-02,0.000000000000e+00,-4.161103529695e-03,0.000000000000e+00
3900,0.000000000000e+00,-4.263184927059e-03,8.749172884825e-02,1.005561468422e-03,8.749172884825e-02,0.000000000000e+00,-4.263184927059e-03,0.000000000000e+00
3901,0.000000000000e+00,-4.368361536214e-03,8.746861519567e-02,1.026796353440e-03,8.746861519567e-02,0.000000000000e+00,-4.368361536214e-03,0.000000000000e+00
3902,0.000000000000e+00,-4.467970391011e-03,8.747976203158e-02,1.044998941799e-03,8.747976203158e-02,0.000000000000e+00,-4.467970391011e-03,0.000000000000e+00
3903,0.000000000000e+00,-4.552469234777e-03,8.752386449075e-02,1.058221429590e-03,8.752386449075e-02,0.000000000000e+00,-4.552469234777e-03,0.000000000000e+00
3904,0.000000000000e+00,-4.612778840216e-03,8.759880409048e-02,1.064717589567e-03,8.759880409048e-02,0.000000000000e+00,-4.612778840216e-03,0.000000000000e+00
3905,0.000000000000e+00,-4.641315814609e-03,8.770168241535e-02,1.063158064413e-03,8.770168241535e-02,0.000000000000e+00,-4.641315814609e-03,0.000000000000e+00
3906,0.000000000000e+00,-4.634003633466e-03,8.782767976171e-02,1.053066044607e-03,8.782767976171e-02,0.000000000000e+00,-4.634003633466e-03,0.000000000000e+00
3907,0.000000000000e+00,-4.592686649310e-03,8.796843134007e-02,1.035332555699e-03,8.796843134007e-02,0.000000000000e+00,-4.592686649310e-03,0.000000000000e+00
3908,0.000000000000e+00,-4.523010673078e-03,8.811319048972e-02,1.011725181767e-03,8.811319048972e-02,0.000000000000e+00,-4.523010673078e-03,0.000000000000e+00
3909,0.000000000000e+00,-4.433538568627e-03,8.824965065340e-02,9.846484756103e-04,8.824965065340e-02,0.000000000000e+00,-4.433538568627e-03,0.000000000000e+00
3910,0.000000000000e+00,-4.335252625749e-03,8.836467241048e-02,9.569867989832e-04,8.836467241048e-02,0.000000000000e+00,-4.335252625749e-03,0.000000000000e+00
3911,0.000000000000e+00,-4.238950963483e-03,8.844676860361e-02,9.314858250720e-04,8.844676860361e-02,0.000000000000e+00,-4.238950963483e-03,0.000000000000e+00
3912,0.000000000000e+00,-4.152693158808e-03,8.848839487451e-02,9.101422036225e-04,8.848839487451e-02,0.000000000000e+00,-4.152693158808e-03,0.000000000000e+00
3913,0.000000000000e+00,-4.081221090917e-03,8.848600321931e-02,8.940391088287e-04,8.848600321931e-02,0.000000000000e+00,-4.081221090917e-03,0.000000000000e+00
3914,0.000000000000e+00,-4.026834232343e-03,8.844031219054e-02,8.835329703666e-04,8.844031219054e-02,0.000000000000e+00,-4.026834232343e-03,0.000000000000e+00
3915,0.000000000000e+00,-3.989634620871e-03,8.835676893512e-02,8.783435676598e-04,8.835676893512e-02,0.000000000000e+00,-3.989634620871e-03,0.000000000000e+00
3916,0.000000000000e+00,-3.967968002315e-03,8.824466980599e-02,8.777017477093e-04,8.824466980599e-02,0.000000000000e+00,-3.967968002315e-03,0.000000000000e+00
3917,0.000000000000e+00,-3.960321539093e-03,8.811578748742e-02,8.808127404217e-04,8.811578748742e-02,0.000000000000e+00,-3.960321539093e-03,0.000000000000e+00
3918,0.000000000000e+00,-3.966735458103e-03,8.798274775902e-02,8.872209524807e-04,8.798274775902e-02,0.000000000000e+00,-3.966735458103e-03,0.000000000000e+00
3919,0.000000000000e+00,-3.988404431940e-03,8.785769846861e-02,8.967651067286e-04,8.785769846861e-02,0.000000000000e+00,-3.988404431940e-03,0.000000000000e+00
3920,0.000000000000e+00,-4.026206286162e-03,8.775122282334e-02,9.092832565608e-04,8.775122282334e-02,0.000000000000e+00,-4.026206286162e-03,0.000000000000e+00
3921,0.000000000000e+00,-4.079506498028e-03,8.767141018377e-02,9.243654065451e-04,8.767141018377e-02,0.000000000000e+00,-4.079506498028e-03,0.000000000000e+00
3922,0.000000000000e+00,-4.144210782530e-03,8.762375327031e-02,9.409407310291e-04,8.762375327031e-02,0.000000000000e+00,-4.144210782530e-03,0.000000000000e+00
3923,0.000000000000e+00,-4.213563619672e-03,8.761027041044e-02,9.574554052771e-04,8.761027041044e-02,0.000000000000e+00,-4.213563619672e-03,0.000000000000e+00
3924,0.000000000000e+00,-4.278645360737e-03,8.763068522003e-02,9.719755740743e-04,8.763068522003e-02,0.000000000000e+00,-4.278645360737e-03,0.000000000000e+00
3925,0.000000000000e+00,-4.330012158462e-03,8.768332553869e-02,9.825419757890e-04,8.768332553869e-02,0.000000000000e+00,-4.330012158462e-03,0.000000000000e+00
3926,0.000000000000e+00,-4.359479249466e-03,8.776523146199e-02,9.875494151169e-04,8.776523146199e-02,0.000000000000e+00,-4.359479249466e-03,0.000000000000e+00
3927,0.000000000000e+00,-4.361471242248e-03,8.787178822227e-02,9.860325192337e-04,8.787178822227e-02,0.000000000000e+00,-4.361471242248e-03,0.000000000000e+00
3928,0.000000000000e+00,-4.334934374056e-03,8.799568865624e-02,9.780866141530e-04,8.799568865624e-02,0.000000000000e+00,-4.334934374056e-03,0.000000000000e+00
3929,0.000000000000e+00,-4.283228029890e-03,8.812709354462e-02,9.648367503870e-04,8.812709354462e-02,0.000000000000e+00,-4.283228029890e-03,0.000000000000e+00
3930,0.000000000000e+00,-4.213132834012e-03,8.825435109988e-02,9.481724458130e-04,8.825435109988e-02,0.000000000000e+00,-4.213132834012e-03,0.000000000000e+00
3931,0.000000000000e+00,-4.133987165026e-03,8.836465761152e-02,9.305097292189e-04,8.836465761152e-02,0.000000000000e+00,-4.133987165026e-03,0.000000000000e+00
3932,0.000000000000e+00,-4.056666107113e-03,8.844493678405e-02,9.145227559475e-04,8.844493678405e-02,0.000000000000e+00,-4.056666107113e-03,0.000000000000e+00
3933,0.000000000000e+00,-3.990652385338e-03,8.848483323213e-02,9.024440650706e-04,8.848483323213e-02,0.000000000000e+00,-3.990652385338e-03,0.000000000000e+00
3934,0.000000000000e+00,-3.941560352684e-03,8.847895813111e-02,8.954822210243e-04,8.847895813111e-02,0.000000000000e+00,-3.941560352684e-03,0.000000000000e+00
3935,0.000000000000e+00,-3.911542768841e-03,8.842685466778e-02,8.938967106854e-04,8.842685466778e-02,0.000000000000e+00,-3.911542768841e-03,0.000000000000e+00
3936,0.000000000000e+00,-3.900957527842e-03,8.833364679024e-02,8.973780686987e-04,8.833364679024e-02,0.000000000000e+00,-3.900957527842e-03,0.000000000000e+00
3937,0.000000000000e+00,-3.908960678119e-03,8.820906533864e-02,9.052358950893e-04,8.820906533864e-02,0.000000000000e+00,-3.908960678119e-03,0.000000000000e+00
3938,0.000000000000e+00,-3.933321097801e-03,8.806587397944e-02,9.164344893770e-04,8.806587397944e-02,0.000000000000e+00,-3.933321097801e-03,0.000000000000e+00
3939,0.000000000000e+00,-3.972327637823e-03,8.791799116304e-02,9.300629057800e-04,8.791799116304e-02,0.000000000000e+00,-3.972327637823e-03,0.000000000000e+00
3940,0.000000000000e+00,-4.025964992815e-03,8.777846590214e-02,9.456428920485e-04,8.777846590214e-02,0.000000000000e+00,-4.025964992815e-03,0.000000000000e+00
3941,0.000000000000e+00,-4.094730371398e-03,8.765831058286e-02,9.629192385188e-04,8.765831058286e-02,0.000000000000e+00,-4.094730371398e-03,0.000000000000e+00
3942,0.000000000000e+00,-4.177472431300e-03,8.756622097075e-02,9.814033492338e-04,8.756622097075e-02,0.000000000000e+00,-4.177472431300e-03,0.000000000000e+00
3943,0.000000000000e+00,-4.270472092361e-03,8.750788888654e-02,1.000173015140e-03,8.750788888654e-02,0.000000000000e+00,-4.270472092361e-03,0.000000000000e+00
3944,0.000000000000e+00,-4.367292283914e-03,8.748562888026e-02,1.017845598220e-03,8.748562888026e-02,0.000000000000e+00,-4.367292283914e-03,0.000000000000e+00
3945,0.000000000000e+00,-4.459667459406e-03,8.749868828268e-02,1.032768482181e-03,8.749868828268e-02,0.000000000000e+00,-4.459667459406e-03,0.000000000000e+00
3946,0.000000000000e+00,-4.537555269907e-03,8.754520763316e-02,1.043015961330e-03,8.754520763316e-02,0.000000000000e+00,-4.537555269907e-03,0.000000000000e+00
3947,0.000000000000e+00,-4.591004910075e-03,8.762303322235e-02,1.046777380260e-03,8.762303322235e-02,0.000000000000e+00,-4.591004910075e-03,0.000000000000e+00
3948,0.000000000000e+00,-4.611858408928e-03,8.772925629587e-02,1.042712320335e-03,8.772925629587e-02,0.000000000000e+00,-4.611858408928e-03,0.000000000000e+00
3949,0.000000000000e+00,-4.596760768972e-03,8.785822079670e-02,1.030601987353e-03,8.785822079670e-02,0.000000000000e+00,-4.596760768972e-03,0.000000000000e+00
3950,0.000000000000e+00,-4.547103616675e-03,8.800151673009e-02,1.011321781792e-03,8.800151673009e-02,0.000000000000e+00,-4.547103616675e-03,0.000000000000e+00
3951,0.000000000000e+00,-4.468380375062e-03,8.814863961613e-02,9.866523877142e-04,8.814863961613e-02,0.000000000000e+00,-4.468380375062e-03,0.000000000000e+00
3952,0.000000000000e+00,-4.370246205143e-03,8.828672634552e-02,9.592470328290e-04,8.828672634552e-02,0.000000000000e+00,-4.370246205143e-03,0.000000000000e+00
3953,0.000000000000e+00,-4.265097125804e-03,8.840172410312e-02,9.322691358850e-04,8.840172410312e-02,0.000000000000e+00,-4.265097125804e-03,0.000000000000e+00
3954,0.000000000000e+00,-4.164593668121e-03,8.848156472119e-02,9.085655740871e-04,8.848156472119e-02,0.000000000000e+00,-4.164593668121e-03,0.000000000000e+00
3955,0.000000000000e+00,-4.077325187754e-03,8.851829542238e-02,8.901038221562e-04,8.851829542238e-02,0.000000000000e+00,-4.077325187754e-03,0.000000000000e+00
3956,0.000000000000e+00,-4.007573855643e-03,8.850844408859e-02,8.776833328127e-04,8.850844408859e-02,0.000000000000e+00,-4.007573855643e-03,0.000000000000e+00
3957,0.000000000000e+00,-3.956961988437e-03,8.845314284846e-02,8.713002840455e-04,8.845314284846e-02,0.000000000000e+00,-3.956961988437e-03,0.000000000000e+00
3958,0.000000000000e+00,-3.925259553900e-03,8.835859456304e-02,8.703826637762e-04,8.835859456304e-02,0.000000000000e+00,-3.925259553900e-03,0.000000000000e+00
3959,0.000000000000e+00,-3.910368301729e-03,8.823533282090e-02,8.738656800695e-04,8.823533282090e-02,0.000000000000e+00,-3.910368301729e-03,0.000000000000e+00
3960,0.000000000000e+00,-3.910667334097e-03,8.809634108453e-02,8.807758463651e-04,8.809634108453e-02,0.000000000000e+00,-3.910667334097e-03,0.000000000000e+00
3961,0.000000000000e+00,-3.926586512342e-03,8.795535790962e-02,8.906327235690e-04,8.795535790962e-02,0.000000000000e+00,-3.926586512342e-03,0.000000000000e+00
3962,0.000000000000e+00,-3.959698995458e-03,8.782533513636e-02,9.033050556270e-04,8.782533513636e-02,0.000000000000e+00,-3.959698995458e-03,0.000000000000e+00
3963,0.000000000000e+00,-4.010714764274e-03,8.771738320773e-02,9.186007840486e-04,8.771738320773e-02,0.000000000000e+00,-4.010714764274e-03,0.000000000000e+00
3964,0.000000000000e+00,-4.077221603004e-03,8.764048052150e-02,9.357781720939e-04,8.764048052150e-02,0.000000000000e+00,-4.077221603004e-03,0.000000000000e+00
3965,0.000000000000e+00,-4.154482796901e-03,8.759932423823e-02,9.537243582881e-04,8.759932423823e-02,0.000000000000e+00,-4.154482796901e-03,0.000000000000e+00
3966,0.000000000000e+00,-4.234879469181e-03,8.759455493512e-02,9.708331148284e-04,8.759455493512e-02,0.000000000000e+00,-4.234879469181e-03,0.000000000000e+00
3967,0.000000000000e+00,-4.308547009057e-03,8.762472860435e-02,9.851201491731e-04,8.762472860435e-02,0.000000000000e+00,-4.308547009057e-03,0.000000000000e+00
3968,0.000000000000e+00,-4.365335031729e-03,8.768742702855e-02,9.946266470156e-04,8.768742702855e-02,0.000000000000e+00,-4.365335031729e-03,0.000000000000e+00
3969,0.000000000000e+00,-4.396519685946e-03,8.777911685642e-02,9.977815038383e-04,8.777911685642e-02,0.000000000000e+00,-4.396519685946e-03,0.000000000000e+00
3970,0.000000000000e+00,-4.397394431079e-03,8.789384418095e-02,9.939622039883e-04,8.789384418095e-02,0.000000000000e+00,-4.397394431079e-03,0.000000000000e+00
3971,0.000000000000e+00,-4.367761693429e-03,8.802329836269e-02,9.835958090829e-04,8.802329836269e-02,0.000000000000e+00,-4.367761693429e-03,0.000000000000e+00
3972,0.000000000000e+00,-4.311956608066e-03,8.815714937259e-02,9.681249752420e-04,8.815714937259e-02,0.000000000000e+00,-4.311956608066e-03,0.000000000000e+00
3973,0.000000000000e+00,-4.238400681805e-03,8.828312096140e-02,9.498564988137e-04,8.828312096140e-02,0.000000000000e+00,-4.238400681805e-03,0.000000000000e+00
3974,0.000000000000e+00,-4.157638762067e-03,8.838791162674e-02,9.314772986183e-04,8.838791162674e-02,0.000000000000e+00,-4.157638762067e-03,0.000000000000e+00
3975,0.000000000000e+00,-4.081044335550e-03,8.845864649743e-02,9.157082286666e-04,8.845864649743e-02,0.000000000000e+00,-4.081044335550e-03,0.000000000000e+00
3976,0.000000000000e+00,-4.017277755556e-03,8.848630178111e-02,9.044726206022e-04,8.848630178111e-02,0.000000000000e+00,-4.017277755556e-03,0.000000000000e+00
3977,0.000000000000e+00,-3.971144659810e-03,8.846670744844e-02,8.986163371271e-04,8.846670744844e-02,0.000000000000e+00,-3.971144659810e-03,0.000000000000e+00
3978,0.000000000000e+00,-3.944378376660e-03,8.840093455753e-02,8.981049013113e-04,8.840093455753e-02,0.000000000000e+00,-3.944378376660e-03,0.000000000000e+00
3979,0.000000000000e+00,-3.936417087715e-03,8.829606989996e-02,9.022471159620e-04,8.829606989996e-02,0.000000000000e+00,-3.936417087715e-03,0.000000000000e+00
3980,0.000000000000e+00,-3.945255852685e-03,8.816367390051e-02,9.099604511042e-04,8.816367390051e-02,0.000000000000e+00,-3.945255852685e-03,0.000000000000e+00
3981,0.000000000000e+00,-3.968902023179e-03,8.801760434007e-02,9.201744164708e-04,8.801760434007e-02,0.000000000000e+00,-3.968902023179e-03,0.000000000000e+00
3982,0.000000000000e+00,-4.006996506754e-03,8.787193292989e-02,9.322568785262e-04,8.787193292989e-02,0.000000000000e+00,-4.006996506754e-03,0.000000000000e+00
3983,0.000000000000e+00,-4.060113655598e-03,8.773958685313e-02,9.459131038151e-04,8.773958685313e-02,0.000000000000e+00,-4.060113655598e-03,0.000000000000e+00
3984,0.000000000000e+00,-4.127969495956e-03,8.763146569889e-02,9.608251965135e-04,8.763146569889e-02,0.000000000000e+00,-4.127969495956e-03,0.000000000000e+00
3985,0.000000000000e+00,-4.208021504481e-03,8.755570421974e-02,9.763525165257e-04,8.755570421974e-02,0.000000000000e+00,-4.208021504481e-03,0.000000000000e+00
3986,0.000000000000e+00,-4.295469623652e-03,8.751666299056e-02,9.915182438408e-04,8.751666299056e-02,0.000000000000e+00,-4.295469623652e-03,0.000000000000e+00
3987,0.000000000000e+00,-4.383464579703e-03,8.751450800724e-02,1.005058021479e-03,8.751450800724e-02,0.000000000000e+00,-4.383464579703e-03,0.000000000000e+00
3988,0.000000000000e+00,-4.462569856868e-03,8.754748539185e-02,1.015268436796e-03,8.754748539185e-02,0.000000000000e+00,-4.462569856868e-03,0.000000000000e+00
3989,0.000000000000e+00,-4.523097315695e-03,8.761283446368e-02,1.020484339617e-03,8.761283446368e-02,0.000000000000e+00,-4.523097315695e-03,0.000000000000e+00
3990,0.000000000000e+00,-4.555269692828e-03,8.770785194745e-02,1.019088354590e-03,8.770785194745e-02,0.000000000000e+00,-4.555269692828e-03,0.000000000000e+00
3991,0.000000000000e+00,-4.552600845108e-03,8.782875403567e-02,1.010258264763e-03,8.782875403567e-02,0.000000000000e+00,-4.552600845108e-03,0.000000000000e+00
3992,0.000000000000e+00,-4.513807058736e-03,8.796840120057e-02,9.943239146328e-04,8.796840120057e-02,0.000000000000e+00,-4.513807058736e-03,0.000000000000e+00
3993,0.000000000000e+00,-4.444392933283e-03,8.811567685744e-02,9.730755588379e-04,8.811567685744e-02,0.000000000000e+00,-4.444392933283e-03,0.000000000000e+00
3994,0.000000000000e+00,-4.354203832554e-03,8.825730218712e-02,9.492119586730e-04,8.825730218712e-02,0.000000000000e+00,-4.354203832554e-03,0.000000000000e+00
3995,0.000000000000e+00,-4.255091402813e-03,8.837885925556e-02,9.257307747819e-04,8.837885925556e-02,0.000000000000e+00,-4.255091402813e-03,0.000000000000e+00
3996,0.000000000000e+00,-4.158715671337e-03,8.846719869719e-02,9.053682376940e-04,8.846719869719e-02,0.000000000000e+00,-4.158715671337e-03,0.000000000000e+00
3997,0.000000000000e+00,-4.074317058824e-03,8.851277362618e-02,8.900841436892e-04,8.851277362618e-02,0.000000000000e+00,-4.074317058824e-03,0.000000000000e+00
3998,0.000000000000e+00,-4.007777080838e-03,8.851040508002e-02,8.808528289312e-04,8.851040508002e-02,0.000000000000e+00,-4.007777080838e-03,0.000000000000e+00
3999,0.000000000000e+00,-3.961356055737e-03,8.846000229524e-02,8.776355819847e-04,8.846000229524e-02,0.000000000000e+00,-3.961356055737e-03,0.000000000000e+00
4000,0.000000000000e+00,-3.934384049442e-03,8.836727834670e-02,8.795992014880e-04,8.836727834670e-02,0.000000000000e+00,-3.934384049442e-03,0.000000000000e+00
4001,0.000000000000e+00,-3.924372034093e-03,8.824284904789e-02,8.854515959547e-04,8.824284904789e-02,0.000000000000e+00,-3.924372034093e-03,0.000000000000e+00
4002,0.000000000000e+00,-3.929448216074e-03,8.810015116474e-02,8.940504385329e-04,8.810015116474e-02,0.000000000000e+00,-3.929448216074e-03,0.000000000000e+00
4003,0.000000000000e+00,-3.949600969232e-03,8.795364470272e-02,9.047468421512e-04,8.795364470272e-02,0.000000000000e+00,-3.949600969232e-03,0.000000000000e+00
4004,0.000000000000e+00,-3.985807753085e-03,8.781742332138e-02,9.172707048790e-04,8.781742332138e-02,0.000000000000e+00,-3.985807753085e-03,0.000000000000e+00
4005,0.000000000000e+00,-4.038567215909e-03,8.770383777160e-02,9.314361994816e-04,8.770383777160e-02,0.000000000000e+00,-4.038567215909e-03,0.000000000000e+00
4006,0.000000000000e+00,-4.106066258498e-03,8.762246325503e-02,9.467365008615e-04,8.762246325503e-02,0.000000000000e+00,-4.106066258498e-03,0.000000000000e+00
4007,0.000000000000e+00,-4.183835458878e-03,8.757866258023e-02,9.622701044727e-04,8.757866258023e-02,0.000000000000e+00,-4.183835458878e-03,0.000000000000e+00
4008,0.000000000000e+00,-4.264688552297e-03,8.757303985057e-02,9.767131640421e-04,8.757303985057e-02,0.000000000000e+00,-4.264688552297e-03,0.000000000000e+00
4009,0.000000000000e+00,-4.338996983296e-03,8.760365321939e-02,9.883172030655e-04,8.760365321939e-02,0.000000000000e+00,-4.338996983296e-03,0.000000000000e+00
4010,0.000000000000e+00,-4.396433714806e-03,8.766760255447e-02,9.952678375574e-04,8.766760255447e-02,0.000000000000e+00,-4.396433714806e-03,0.000000000000e+00
4011,0.000000000000e+00,-4.426941612695e-03,8.776229324705e-02,9.959071731476e-04,8.776229324705e-02,0.000000000000e+00,-4.426941612695e-03,0.000000000000e+00
4012,0.000000000000e+00,-4.423753827530e-03,8.788346078556e-02,9.893443167274e-04,8.788346078556e-02,0.000000000000e+00,-4.423753827530e-03,0.000000000000e+00
4013,0.000000000000e+00,-4.386858451528e-03,8.802180366585e-02,9.761485687758e-04,8.802180366585e-02,0.000000000000e+00,-4.386858451528e-03,0.000000000000e+00
4014,0.000000000000e+00,-4.323059559465e-03,8.816408963599e-02,9.583830924623e-04,8.816408963599e-02,0.000000000000e+00,-4.323059559465e-03,0.000000000000e+00
4015,0.000000000000e+00,-4.242354759600e-03,8.829601549480e-02,9.387433698516e-04,8.829601549480e-02,0.000000000000e+00,-4.242354759600e-03,0.000000000000e+00
4016,0.000000000000e+00,-4.156855702435e-03,8.840289403595e-02,9.201809007937e-04,8.840289403595e-02,0.000000000000e+00,-4.156855702435e-03,0.000000000000e+00
4017,0.000000000000e+00,-4.077686494191e-03,8.847244028073e-02,9.051711368183e-04,8.847244028073e-02,0.000000000000e+00,-4.077686494191e-03,0.000000000000e+00
4018,0.000000000000e+00,-4.013057928304e-03,8.849672409489e-02,8.953004058294e-04,8.849672409489e-02,0.000000000000e+00,-4.013057928304e-03,0.000000000000e+00
4019,0.000000000000e+00,-3.967369956499e-03,8.847249963269e-02,8.910925658892e-04,8.847249963269e-02,0.000000000000e+00,-3.967369956499e-03,0.000000000000e+00
4020,0.000000000000e+00,-3.941825816430e-03,8.840164977383e-02,8.921837674463e-04,8.840164977383e-02,0.000000000000e+00,-3.941825816430e-03,0.000000000000e+00
4021,0.000000000000e+00,-3.935263195273e-03,8.829176501327e-02,8.975901490996e-04,8.829176501327e-02,0.000000000000e+00,-3.935263195273e-03,0.000000000000e+00
4022,0.000000000000e+00,-3.945181801769e-03,8.815473252387e-02,9.060289426620e-04,8.815473252387e-02,0.000000000000e+00,-3.945181801769e-03,0.000000000000e+00
4023,0.000000000000e+00,-3.969739848296e-03,8.800486617488e-02,9.164213043756e-04,8.800486617488e-02,0.000000000000e+00,-3.969739848296e-03,0.000000000000e+00
4024,0.000000000000e+00,-4.008898363338e-03,8.785685808722e-02,9.282157012598e-04,8.785685808722e-02,0.000000000000e+00,-4.008898363338e-03,0.000000000000e+00
4025,0.000000000000e+00,-4.063044054764e-03,8.772448674338e-02,9.411569208426e-04,8.772448674338e-02,0.000000000000e+00,-4.063044054764e-03,0.000000000000e+00
4026,0.000000000000e+00,-4.131379997407e-03,8.761969220289e-02,9.549379752634e-04,8.761969220289e-02,0.000000000000e+00,-4.131379997407e-03,0.000000000000e+00
4027,0.000000000000e+00,-4.211577987205e-03,8.755036111108e-02,9.691195749777e-04,8.755036111108e-02,0.000000000000e+00,-4.211577987205e-03,0.000000000000e+00
4028,0.000000000000e+00,-4.298860363528e-03,8.751988231538e-02,9.829247250631e-04,8.751988231538e-02,0.000000000000e+00,-4.298860363528e-03,0.000000000000e+00
4029,0.000000000000e+00,-4.385364456752e-03,8.752782129664e-02,9.950591151004e-04,8.752782129664e-02,0.000000000000e+00,-4.385364456752e-03,0.000000000000e+00
4030,0.000000000000e+00,-4.460206670997e-03,8.757205459405e-02,1.003657408741e-03,8.757205459405e-02,0.000000000000e+00,-4.460206670997e-03,0.000000000000e+00
4031,0.000000000000e+00,-4.512637241274e-03,8.765030463566e-02,1.006985039808e-03,8.765030463566e-02,0.000000000000e+00,-4.512637241274e-03,0.000000000000e+00
4032,0.000000000000e+00,-4.532455501679e-03,8.776045103990e-02,1.003468059932e-03,8.776045103990e-02,0.000000000000e+00,-4.532455501679e-03,0.000000000000e+00
4033,0.000000000000e+00,-4.514207342459e-03,8.789707820512e-02,9.925606091971e-04,8.789707820512e-02,0.000000000000e+00,-4.514207342459e-03,0.000000000000e+00
4034,0.000000000000e+00,-4.460606081399e-03,8.804858463380e-02,9.754776123911e-04,8.804858463380e-02,0.000000000000e+00,-4.460606081399e-03,0.000000000000e+00
4035,0.000000000000e+00,-4.380631043764e-03,8.820004544564e-02,9.547345926061e-04,8.820004544564e-02,0.000000000000e+00,-4.380631043764e-03,0.000000000000e+00
4036,0.000000000000e+00,-4.285539410248e-03,8.833663613771e-02,9.331661316189e-04,8.833663613771e-02,0.000000000000e+00,-4.285539410248e-03,0.000000000000e+00
4037,0.000000000000e+00,-4.188753978771e-03,8.844359505124e-02,9.138035837076e-04,8.844359505124e-02,0.000000000000e+00,-4.188753978771e-03,0.000000000000e+00
4038,0.000000000000e+00,-4.100857802078e-03,8.850995519295e-02,8.987771591600e-04,8.850995519295e-02,0.000000000000e+00,-4.100857802078e-03,0.000000000000e+00
4039,0.000000000000e+00,-4.028908489793e-03,8.852906074006e-02,8.891974071900e-04,8.852906074006e-02,0.000000000000e+00,-4.028908489793e-03,0.000000000000e+00
4040,0.000000000000e+00,-3.977304257477e-03,8.849815173485e-02,8.853844343224e-04,8.849815173485e-02,0.000000000000e+00,-3.977304257477e-03,0.000000000000e+00
4041,0.000000000000e+00,-3.946547107040e-03,8.841992428547e-02,8.866834477809e-04,8.841992428547e-02,0.000000000000e+00,-3.946547107040e-03,0.000000000000e+00
4042,0.000000000000e+00,-3.933835859505e-03,8.830336053853e-02,8.916812820901e-04,8.830336053853e-02,0.000000000000e+00,-3.933835859505e-03,0.000000000000e+00
4043,0.000000000000e+00,-3.936361389565e-03,8.816147407353e-02,8.990005830849e-04,8.816147407353e-02,0.000000000000e+00,-3.936361389565e-03,0.000000000000e+00
4044,0.000000000000e+00,-3.952886856639e-03,8.800924126732e-02,9.077398398473e-04,8.800924126732e-02,0.000000000000e+00,-3.952886856639e-03,0.000000000000e+00
4045,0.000000000000e+00,-3.984332372983e-03,8.786163114862e-02,9.176685483441e-04,8.786163114862e-02,0.000000000000e+00,-3.984332372983e-03,0.000000000000e+00
4046,0.000000000000e+00,-4.032151457106e-03,8.773273844853e-02,9.288873843634e-04,8.773273844853e-02,0.000000000000e+00,-4.032151457106e-03,0.000000000000e+00
4047,0.000000000000e+00,-4.096367961053e-03,8.763506638309e-02,9.414072559058e-04,8.763506638309e-02,0.000000000000e+00,-4.096367961053e-03,0.000000000000e+00
4048,0.000000000000e+00,-4.174331048884e-03,8.757582260166e-02,9.548649240387e-04,8.757582260166e-02,0.000000000000e+00,-4.174331048884e-03,0.000000000000e+00
4049,0.000000000000e+00,-4.258182954699e-03,8.755703164621e-02,9.679439630088e-04,8.755703164621e-02,0.000000000000e+00,-4.258182954699e-03,0.000000000000e+00
4050,0.000000000000e+00,-4.337509428111e-03,8.757701687890e-02,9.789292899482e-04,8.757701687890e-02,0.000000000000e+00,-4.337509428111e-03,0.000000000000e+00
4051,0.000000000000e+00,-4.401585763526e-03,8.763259186681e-02,9.861302547322e-04,8.763259186681e-02,0.000000000000e+00,-4.401585763526e-03,0.000000000000e+00
4052,0.000000000000e+00,-4.439296588087e-03,8.772164176462e-02,9.878251332516e-04,8.772164176462e-02,0.000000000000e+00,-4.439296588087e-03,0.000000000000e+00
4053,0.000000000000e+00,-4.442847989992e-03,8.784043430162e-02,9.829823670179e-04,8.784043430162e-02,0.000000000000e+00,-4.442847989992e-03,0.000000000000e+00
4054,0.000000000000e+00,-4.411167043570e-03,8.798037792120e-02,9.719510804418e-04,8.798037792120e-02,0.000000000000e+00,-4.411167043570e-03,0.000000000000e+00
4055,0.000000000000e+00,-4.348405616612e-03,8.812898765487e-02,9.561263120380e-04,8.812898765487e-02,0.000000000000e+00,-4.348405616612e-03,0.000000000000e+00
4056,0.000000000000e+00,-4.265133239343e-03,8.827062186049e-02,9.381591916909e-04,8.827062186049e-02,0.000000000000e+00,-4.265133239343e-03,0.000000000000e+00
4057,0.000000000000e+00,-4.174863257774e-03,8.838961096175e-02,9.210896802065e-04,8.838961096175e-02,0.000000000000e+00,-4.174863257774e-03,0.000000000000e+00
4058,0.000000000000e+00,-4.089282305022e-03,8.847319413573e-02,9.072499598749e-04,8.847319413573e-02,0.000000000000e+00,-4.089282305022e-03,0.000000000000e+00
4059,0.000000000000e+00,-4.017193214191e-03,8.851240893404e-02,8.980740832913e-04,8.851240893404e-02,0.000000000000e+00,-4.017193214191e-03,0.000000000000e+00
4060,0.000000000000e+00,-3.965339966292e-03,8.850034271075e-02,8.943108255019e-04,8.850034271075e-02,0.000000000000e+00,-3.965339966292e-03,0.000000000000e+00
4061,0.000000000000e+00,-3.936266360032e-03,8.843417673388e-02,8.956706146633e-04,8.843417673388e-02,0.000000000000e+00,-3.936266360032e-03,0.000000000000e+00
4062,0.000000000000e+00,-3.927417154285e-03,8.832078196538e-02,9.008024780062e-04,8.832078196538e-02,0.000000000000e+00,-3.927417154285e-03,0.000000000000e+00
4063,0.000000000000e+00,-3.935061763334e-03,8.817566306707e-02,9.081571210865e-04,8.817566306707e-02,0.000000000000e+00,-3.935061763334e-03,0.000000000000e+00
4064,0.000000000000e+00,-3.957487916650e-03,8.801673051724e-02,9.167296808798e-04,8.801673051724e-02,0.000000000000e+00,-3.957487916650e-03,0.000000000000e+00
4065,0.000000000000e+00,-3.994871043560e-03,8.786042741658e-02,9.261582213140e-04,8.786042741658e-02,0.000000000000e+00,-3.994871043560e-03,0.000000000000e+00
4066,0.000000000000e+00,-4.047309016463e-03,8.772128131630e-02,9.363346553646e-04,8.772128131630e-02,0.000000000000e+00,-4.047309016463e-03,0.000000000000e+00
4067,0.000000000000e+00,-4.114204615303e-03,8.761116630239e-02,9.472587961724e-04,8.761116630239e-02,0.000000000000e+00,-4.114204615303e-03,0.000000000000e+00
4068,0.000000000000e+00,-4.192662458949e-03,8.753896368163e-02,9.586487735616e-04,8.753896368163e-02,0.000000000000e+00,-4.192662458949e-03,0.000000000000e+00
4069,0.000000000000e+00,-4.277530711979e-03,8.750890345263e-02,9.699136550214e-04,8.750890345263e-02,0.000000000000e+00,-4.277530711979e-03,0.000000000000e+00
4070,0.000000000000e+00,-4.361712401617e-03,8.751958286630e-02,9.801567122318e-04,8.751958286630e-02,0.000000000000e+00,-4.361712401617e-03,0.000000000000e+00
4071,0.000000000000e+00,-4.435512385792e-03,8.756673803643e-02,9.879658811579e-04,8.756673803643e-02,0.000000000000e+00,-4.435512385792e-03,0.000000000000e+00
4072,0.000000000000e+00,-4.487927915833e-03,8.764722229015e-02,9.916798305466e-04,8.764722229015e-02,0.000000000000e+00,-4.487927915833e-03,0.000000000000e+00
4073,0.000000000000e+00,-4.508780791408e-03,8.775885307127e-02,9.897700534432e-04,8.775885307127e-02,0.000000000000e+00,-4.508780791408e-03,0.000000000000e+00
4074,0.000000000000e+00,-4.492780183762e-03,8.789609802361e-02,9.816760389556e-04,8.789609802361e-02,0.000000000000e+00,-4.492780183762e-03,0.000000000000e+00
4075,0.000000000000e+00,-4.441346235751e-03,8.804832464438e-02,9.682261996757e-04,8.804832464438e-02,0.000000000000e+00,-4.441346235751e-03,0.000000000000e+00
4076,0.000000000000e+00,-4.361435545112e-03,8.820108766079e-02,9.512856666952e-04,8.820108766079e-02,0.000000000000e+00,-4.361435545112e-03,0.000000000000e+00
4077,0.000000000000e+00,-4.266207968274e-03,8.833774270154e-02,9.337809523444e-04,8.833774270154e-02,0.000000000000e+00,-4.266207968274e-03,0.000000000000e+00
4078,0.000000000000e+00,-4.169173320411e-03,8.844414400548e-02,9.183544527827e-04,8.844414400548e-02,0.000000000000e+00,-4.169173320411e-03,0.000000000000e+00
4079,0.000000000000e+00,-4.081255514228e-03,8.850981778714e-02,9.067555108977e-04,8.850981778714e-02,0.000000000000e+00,-4.081255514228e-03,0.000000000000e+00
4080,0.000000000000e+00,-4.011592455612e-03,8.852562930654e-02,9.000900375165e-04,8.852562930654e-02,0.000000000000e+00,-4.011592455612e-03,0.000000000000e+00
4081,0.000000000000e+00,-3.964637428364e-03,8.848536567696e-02,8.983616608916e-04,8.848536567696e-02,0.000000000000e+00,-3.964637428364e-03,0.000000000000e+00
4082,0.000000000000e+00,-3.938852407288e-03,8.839119273332e-02,9.003180623431e-04,8.839119273332e-02,0.000000000000e+00,-3.938852407288e-03,0.000000000000e+00
4083,0.000000000000e+00,-3.930613672840e-03,8.825612462061e-02,9.044029971969e-04,8.825612462061e-02,0.000000000000e+00,-3.930613672840e-03,0.000000000000e+00
4084,0.000000000000e+00,-3.937647563063e-03,8.809898272648e-02,9.095465921384e-04,8.809898272648e-02,0.000000000000e+00,-3.937647563063e-03,0.000000000000e+00
4085,0.000000000000e+00,-3.959983135819e-03,8.793816652004e-02,9.154151416272e-04,8.793816652004e-02,0.000000000000e+00,-3.959983135819e-03,0.000000000000e+00
4086,0.000000000000e+00,-3.998352040943e-03,8.778960641183e-02,9.221442142615e-04,8.778960641183e-02,0.000000000000e+00,-3.998352040943e-03,0.000000000000e+00
4087,0.000000000000e+00,-4.053533388054e-03,8.766754334239e-02,9.301762774371e-04,8.766754334239e-02,0.000000000000e+00,-4.053533388054e-03,0.000000000000e+00
4088,0.000000000000e+00,-4.124134414793e-03,8.758427268699e-02,9.396855327646e-04,8.758427268699e-02,0.000000000000e+00,-4.124134414793e-03,0.000000000000e+00
4089,0.000000000000e+00,-4.204867632155e-03,8.754659960708e-02,9.500917883687e-04,8.754659960708e-02,0.000000000000e+00,-4.204867632155e-03,0.000000000000e+00
4090,0.000000000000e+00,-4.286544787712e-03,8.755274015119e-02,9.601126752826e-04,8.755274015119e-02,0.000000000000e+00,-4.286544787712e-03,0.000000000000e+00
4091,0.000000000000e+00,-4.357645967741e-03,8.759675728782e-02,9.680897436453e-04,8.759675728782e-02,0.000000000000e+00,-4.357645967741e-03,0.000000000000e+00
4092,0.000000000000e+00,-4.406721995360e-03,8.767476343090e-02,9.724200962641e-04,8.767476343090e-02,0.000000000000e+00,-4.406721995360e-03,0.000000000000e+00
4093,0.000000000000e+00,-4.425300949748e-03,8.778374815213e-02,9.720009304272e-04,8.778374815213e-02,0.000000000000e+00,-4.425300949748e-03,0.000000000000e+00
4094,0.000000000000e+00,-4.409746691073e-03,8.791716239747e-02,9.665462787825e-04,8.791716239747e-02,0.000000000000e+00,-4.409746691073e-03,0.000000000000e+00
4095,0.000000000000e+00,-4.361807584755e-03,8.806366007477e-02,9.567509859489e-04,8.806366007477e-02,0.000000000000e+00,-4.361807584755e-03,0.000000000000e+00
4096,0.000000000000e+00,-4.288310897515e-03,8.820933619762e-02,9.441496017758e-04,8.820933619762e-02,0.000000000000e+00,-4.288310897515e-03,0.000000000000e+00
4097,0.000000000000e+00,-4.201258303946e-03,8.833817343812e-02,9.311001245100e-04,8.833817343812e-02,0.000000000000e+00,-4.201258303946e-03,0.000000000000e+00
4098,0.000000000000e+00,-4.113275410976e-03,8.843683344729e-02,9.197691616887e-04,8.843683344729e-02,0.000000000000e+00,-4.113275410976e-03,0.000000000000e+00
4099,0.000000000000e+00,-4.035883472792e-03,8.849574981448e-02,9.118002442306e-04,8.849574981448e-02,0.000000000000e+00,-4.035883472792e-03,0.000000000000e+00
4100,0.000000000000e+00,-3.978757905714e-03,8.850587842976e-02,9.082387783799e-04,8.850587842976e-02,0.000000000000e+00,-3.978757905714e-03,0.000000000000e+00
4101,0.000000000000e+00,-3.946460082391e-03,8.846054442879e-02,9.090127158805e-04,8.846054442879e-02,0.000000000000e+00,-3.946460082391e-03,0.000000000000e+00
4102,0.000000000000e+00,-3.936795178579e-03,8.836173525295e-02,9.127343012358e-04,8.836173525295e-02,0.000000000000e+00,-3.936795178579e-03,0.000000000000e+00
4103,0.000000000000e+00,-3.945468631233e-03,8.822096530054e-02,9.177761973742e-04,8.822096530054e-02,0.000000000000e+00,-3.945468631233e-03,0.000000000000e+00
4104,0.000000000000e+00,-3.970138060843e-03,8.805654841704e-02,9.232585303038e-04,8.805654841704e-02,0.000000000000e+00,-3.970138060843e-03,0.000000000000e+00
4105,0.000000000000e+00,-4.010201396335e-03,8.788837229282e-02,9.290370726151e-04,8.788837229282e-02,0.000000000000e+00,-4.010201396335e-03,0.000000000000e+00
4106,0.000000000000e+00,-4.064578932719e-03,8.773409420615e-02,9.352182832107e-04,8.773409420615e-02,0.000000000000e+00,-4.064578932719e-03,0.000000000000e+00
4107,0.000000000000e+00,-4.130476673080e-03,8.760914137422e-02,9.418741495835e-04,8.760914137422e-02,0.000000000000e+00,-4.130476673080e-03,0.000000000000e+00
4108,0.000000000000e+00,-4.205504186625e-03,8.752584580325e-02,9.493380675456e-04,8.752584580325e-02,0.000000000000e+00,-4.205504186625e-03,0.000000000000e+00
4109,0.000000000000e+00,-4.286529619715e-03,8.749073845011e-02,9.577292594239e-04,8.749073845011e-02,0.000000000000e+00,-4.286529619715e-03,0.000000000000e+00
4110,0.000000000000e+00,-4.366831590367e-03,8.750096788092e-02,9.663455923662e-04,8.750096788092e-02,0.000000000000e+00,-4.366831590367e-03,0.000000000000e+00
4111,0.000000000000e+00,-4.435653506746e-03,8.755071293127e-02,9.736568863790e-04,8.755071293127e-02,0.000000000000e+00,-4.435653506746e-03,0.000000000000e+00
4112,0.000000000000e+00,-4.481658456046e-03,8.763633429462e-02,9.779318096402e-04,8.763633429462e-02,0.000000000000e+00,-4.481658456046e-03,0.000000000000e+00
4113,0.000000000000e+00,-4.496350888985e-03,8.775363524326e-02,9.778755176526e-04,8.775363524326e-02,0.000000000000e+00,-4.496350888985e-03,0.000000000000e+00
4114,0.000000000000e+00,-4.475751989373e-03,8.789448884137e-02,9.730050941653e-04,8.789448884137e-02,0.000000000000e+00,-4.475751989373e-03,0.000000000000e+00
4115,0.000000000000e+00,-4.420356779460e-03,8.804765631303e-02,9.635673205136e-04,8.804765631303e-02,0.000000000000e+00,-4.420356779460e-03,0.000000000000e+00
4116,0.000000000000e+00,-4.337411629916e-03,8.819959820544e-02,9.509361242863e-04,8.819959820544e-02,0.000000000000e+00,-4.337411629916e-03,0.000000000000e+00
4117,0.000000000000e+00,-4.239274052836e-03,8.833517765445e-02,9.372886497877e-04,8.833517765445e-02,0.000000000000e+00,-4.239274052836e-03,0.000000000000e+00
4118,0.000000000000e+00,-4.139083792535e-03,8.844155894223e-02,9.246833747789e-04,8.844155894223e-02,0.000000000000e+00,-4.139083792535e-03,0.000000000000e+00
4119,0.000000000000e+00,-4.049615733860e-03,8.850870243836e-02,9.148818562947e-04,8.850870243836e-02,0.000000000000e+00,-4.049615733860e-03,0.000000000000e+00
4120,0.000000000000e+00,-3.981631157166e-03,8.852639802804e-02,9.090954199924e-04,8.852639802804e-02,0.000000000000e+00,-3.981631157166e-03,0.000000000000e+00
4121,0.000000000000e+00,-3.939352103896e-03,8.848710071521e-02,9.072025296281e-04,8.848710071521e-02,0.000000000000e+00,-3.939352103896e-03,0.000000000000e+00
4122,0.000000000000e+00,-3.919969969363e-03,8.839232081687e-02,9.077805638621e-04,8.839232081687e-02,0.000000000000e+00,-3.919969969363e-03,0.000000000000e+00
4123,0.000000000000e+00,-3.918981676276e-03,8.825346576053e-02,9.093070062577e-04,8.825346576053e-02,0.000000000000e+00,-3.918981676276e-03,0.000000000000e+00
4124,0.000000000000e+00,-3.935082051659e-03,8.808765510123e-02,9.112993764639e-04,8.808765510123e-02,0.000000000000e+00,-3.935082051659e-03,0.000000000000e+00
4125,0.000000000000e+00,-3.969351654047e-03,8.791462861811e-02,9.141880592739e-04,8.791462861811e-02,0.000000000000e+00,-3.969351654047e-03,0.000000000000e+00
4126,0.000000000000e+00,-4.021441879641e-03,8.775515438014e-02,9.184800701190e-04,8.775515438014e-02,0.000000000000e+00,-4.021441879641e-03,0.000000000000e+00
4127,0.000000000000e+00,-4.088076872674e-03,8.762825774939e-02,9.243667341458e-04,8.762825774939e-02,0.000000000000e+00,-4.088076872674e-03,0.000000000000e+00
4128,0.000000000000e+00,-4.165141307482e-03,8.754714711776e-02,9.320506112162e-04,8.754714711776e-02,0.000000000000e+00,-4.165141307482e-03,0.000000000000e+00
4129,0.000000000000e+00,-4.246404897979e-03,8.751669533862e-02,9.412337757085e-04,8.751669533862e-02,0.000000000000e+00,-4.246404897979e-03,0.000000000000e+00
4130,0.000000000000e+00,-4.322656833081e-03,8.753465340644e-02,9.508955107738e-04,8.753465340644e-02,0.000000000000e+00,-4.322656833081e-03,0.000000000000e+00
4131,0.000000000000e+00,-4.382857823514e-03,8.759641645992e-02,9.594312482423e-04,8.759641645992e-02,0.000000000000e+00,-4.382857823514e-03,0.000000000000e+00
4132,0.000000000000e+00,-4.417919590849e-03,8.769591481517e-02,9.653220289092e-04,8.769591481517e-02,0.000000000000e+00,-4.417919590849e-03,0.000000000000e+00
4133,0.000000000000e+00,-4.423075746517e-03,8.782342723497e-02,9.677067939392e-04,8.782342723497e-02,0.000000000000e+00,-4.423075746517e-03,0.000000000000e+00
4134,0.000000000000e+00,-4.396206168011e-03,8.796726349303e-02,9.660274999329e-04,8.796726349303e-02,0.000000000000e+00,-4.396206168011e-03,0.000000000000e+00
4135,0.000000000000e+00,-4.340397924812e-03,8.811488665487e-02,9.605418077165e-04,8.811488665487e-02,0.000000000000e+00,-4.340397924812e-03,0.000000000000e+00
4136,0.000000000000e+00,-4.264022642428e-03,8.825341033747e-02,9.523798678853e-04,8.825341033747e-02,0.000000000000e+00,-4.264022642428e-03,0.000000000000e+00
4137,0.000000000000e+00,-4.177692057931e-03,8.837028138170e-02,9.429541141894e-04,8.837028138170e-02,0.000000000000e+00,-4.177692057931e-03,0.000000000000e+00
4138,0.000000000000e+00,-4.093681723050e-03,8.845311519792e-02,9.339033759980e-04,8.845311519792e-02,0.000000000000e+00,-4.093681723050e-03,0.000000000000e+00
4139,0.000000000000e+00,-4.024346701359e-03,8.849029908537e-02,9.268370721801e-04,8.849029908537e-02,0.000000000000e+00,-4.024346701359e-03,0.000000000000e+00
4140,0.000000000000e+00,-3.977981080804e-03,8.847380743932e-02,9.225521924142e-04,8.847380743932e-02,0.000000000000e+00,-3.977981080804e-03,0.000000000000e+00
4141,0.000000000000e+00,-3.956298807765e-03,8.840280147183e-02,9.206277259758e-04,8.840280147183e-02,0.000000000000e+00,-3.956298807765e-03,0.000000000000e+00
4142,0.000000000000e+00,-3.956434108766e-03,8.828453012030e-02,9.199916443715e-04,8.828453012030e-02,0.000000000000e+00,-3.956434108766e-03,0.000000000000e+00
4143,0.000000000000e+00,-3.975504453438e-03,8.813185398485e-02,9.199859327828e-04,8.813185398485e-02,0.000000000000e+00,-3.975504453438e-03,0.000000000000e+00
4144,0.000000000000e+00,-4.012810745707e-03,8.796087791177e-02,9.208662517926e-04,8.796087791177e-02,0.000000000000e+00,-4.012810745707e-03,0.000000000000e+00
4145,0.000000000000e+00,-4.066333893060e-03,8.779120220488e-02,9.230029084137e-04,8.779120220488e-02,0.000000000000e+00,-4.066333893060e-03,0.000000000000e+00
4146,0.000000000000e+00,-4.131433265260e-03,8.764383061765e-02,9.264996721778e-04,8.764383061765e-02,0.000000000000e+00,-4.131433265260e-03,0.000000000000e+00
4147,0.000000000000e+00,-4.203993534852e-03,8.753507790111e-02,9.316567924592e-04,8.753507790111e-02,0.000000000000e+00,-4.203993534852e-03,0.000000000000e+00
4148,0.000000000000e+00,-4.279289826971e-03,8.747342887978e-02,9.385944628810e-04,8.747342887978e-02,0.000000000000e+00,-4.279289826971e-03,0.000000000000e+00
4149,0.000000000000e+00,-4.351266013227e-03,8.746103514655e-02,9.470434792051e-04,8.746103514655e-02,0.000000000000e+00,-4.351266013227e-03,0.000000000000e+00
4150,0.000000000000e+00,-4.412060947631e-03,8.749741812690e-02,9.560497016794e-04,8.749741812690e-02,0.000000000000e+00,-4.412060947631e-03,0.000000000000e+00
4151,0.000000000000e+00,-4.454064990606e-03,8.757831779406e-02,9.643412385082e-04,8.757831779406e-02,0.000000000000e+00,-4.454064990606e-03,0.000000000000e+00
4152,0.000000000000e+00,-4.470221453461e-03,8.769507597993e-02,9.704361697954e-04,8.769507597993e-02,0.000000000000e+00,-4.470221453461e-03,0.000000000000e+00
4153,0.000000000000e+00,-4.455628787645e-03,8.783581504739e-02,9.730023697344e-04,8.783581504739e-02,0.000000000000e+00,-4.455628787645e-03,0.000000000000e+00
4154,0.000000000000e+00,-4.409315685161e-03,8.798853084884e-02,9.712237748402e-04,8.798853084884e-02,0.000000000000e+00,-4.409315685161e-03,0.000000000000e+00
4155,0.000000000000e+00,-4.335280500710e-03,8.814177966643e-02,9.651063739585e-04,8.814177966643e-02,0.000000000000e+00,-4.335280500710e-03,0.000000000000e+00
4156,0.000000000000e+00,-4.241649634752e-03,8.828388565154e-02,9.554112181755e-04,8.828388565154e-02,0.000000000000e+00,-4.241649634752e-03,0.000000000000e+00
4157,0.000000000000e+00,-4.140946978152e-03,8.840165997418e-02,9.437852214958e-04,8.840165997418e-02,0.000000000000e+00,-4.140946978152e-03,0.000000000000e+00
4158,0.000000000000e+00,-4.048060707308e-03,8.848117788627e-02,9.323992180380e-04,8.848117788627e-02,0.000000000000e+00,-4.048060707308e-03,0.000000000000e+00
4159,0.000000000000e+00,-3.975480627321e-03,8.851034357266e-02,9.230077088845e-04,8.851034357266e-02,0.000000000000e+00,-3.975480627321e-03,0.000000000000e+00
4160,0.000000000000e+00,-3.928806883787e-03,8.848282727307e-02,9.160790825366e-04,8.848282727307e-02,0.000000000000e+00,-3.928806883787e-03,0.000000000000e+00
4161,0.000000000000e+00,-3.907473980440e-03,8.840036563872e-02,9.110667898663e-04,8.840036563872e-02,0.000000000000e+00,-3.907473980440e-03,0.000000000000e+00
4162,0.000000000000e+00,-3.909059784904e-03,8.827182392574e-02,9.074235530210e-04,8.827182392574e-02,0.000000000000e+00,-3.909059784904e-03,0.000000000000e+00
4163,0.000000000000e+00,-3.932038265029e-03,8.811098501172e-02,9.052375125171e-04,8.811098501172e-02,0.000000000000e+00,-3.932038265029e-03,0.000000000000e+00
4164,0.000000000000e+00,-3.974273689652e-03,8.793605484804e-02,9.048798959260e-04,8.793605484804e-02,0.000000000000e+00,-3.974273689652e-03,0.000000000000e+00
4165,0.000000000000e+00,-4.031965387032e-03,8.776823297599e-02,9.066778223072e-04,8.776823297599e-02,0.000000000000e+00,-4.031965387032e-03,0.000000000000e+00
4166,0.000000000000e+00,-4.101105471063e-03,8.762776486019e-02,9.110854240922e-04,8.762776486019e-02,0.000000000000e+00,-4.101105471063e-03,0.000000000000e+00
4167,0.000000000000e+00,-4.178292397187e-03,8.753024230633e-02,9.186854058552e-04,8.753024230633e-02,0.000000000000e+00,-4.178292397187e-03,0.000000000000e+00
4168,0.000000000000e+00,-4.258731519660e-03,8.748466558855e-02,9.295513172093e-04,8.748466558855e-02,0.000000000000e+00,-4.258731519660e-03,0.000000000000e+00
4169,0.000000000000e+00,-4.333595199494e-03,8.749313018015e-02,9.425195767268e-04,8.749313018015e-02,0.000000000000e+00,-4.333595199494e-03,0.000000000000e+00
4170,0.000000000000e+00,-4.393147381910e-03,8.755103584052e-02,9.558027141476e-04,8.755103584052e-02,0.000000000000e+00,-4.393147381910e-03,0.000000000000e+00
4171,0.000000000000e+00,-4.429404736427e-03,8.764953792594e-02,9.675613326458e-04,8.764953792594e-02,0.000000000000e+00,-4.429404736427e-03,0.000000000000e+00
4172,0.000000000000e+00,-4.437215923469e-03,8.777699687142e-02,9.762009335222e-04,8.777699687142e-02,0.000000000000e+00,-4.437215923469e-03,0.000000000000e+00
4173,0.000000000000e+00,-4.414518603515e-03,8.792111498232e-02,9.804774993917e-04,8.792111498232e-02,0.000000000000e+00,-4.414518603515e-03,0.000000000000e+00
4174,0.000000000000e+00,-4.362788567075e-03,8.807017882890e-02,9.796931521163e-04,8.807017882890e-02,0.000000000000e+00,-4.362788567075e-03,0.000000000000e+00
4175,0.000000000000e+00,-4.287633728454e-03,8.821285805361e-02,9.739426551473e-04,8.821285805361e-02,0.000000000000e+00,-4.287633728454e-03,0.000000000000e+00
4176,0.000000000000e+00,-4.199592086459e-03,8.833725841061e-02,9.643814300845e-04,8.833725841061e-02,0.000000000000e+00,-4.199592086459e-03,0.000000000000e+00
4177,0.000000000000e+00,-4.112481694904e-03,8.843079773447e-02,9.529646666846e-04,8.843079773447e-02,0.000000000000e+00,-4.112481694904e-03,0.000000000000e+00
4178,0.000000000000e+00,-4.039684845277e-03,8.848117782204e-02,9.417304962903e-04,8.848117782204e-02,0.000000000000e+00,-4.039684845277e-03,0.000000000000e+00
4179,0.000000000000e+00,-3.989388183506e-03,8.847925349129e-02,9.318525436580e-04,8.847925349129e-02,0.000000000000e+00,-3.989388183506e-03,0.000000000000e+00
4180,0.000000000000e+00,-3.963709644326e-03,8.842192126648e-02,9.235293684602e-04,8.842192126648e-02,0.000000000000e+00,-3.963709644326e-03,0.000000000000e+00
4181,0.000000000000e+00,-3.961082255052e-03,8.831368062172e-02,9.165646486648e-04,8.831368062172e-02,0.000000000000e+00,-3.961082255052e-03,0.000000000000e+00
4182,0.000000000000e+00,-3.979246716472e-03,8.816580558916e-02,9.110415201815e-04,8.816580558916e-02,0.000000000000e+00,-3.979246716472e-03,0.000000000000e+00
4183,0.000000000000e+00,-4.015641996818e-03,8.799491909222e-02,9.073808547604e-04,8.799491909222e-02,0.000000000000e+00,-4.015641996818e-03,0.000000000000e+00
4184,0.000000000000e+00,-4.066791412249e-03,8.782135355872e-02,9.060976747428e-04,8.782135355872e-02,0.000000000000e+00,-4.066791412249e-03,0.000000000000e+00
4185,0.000000000000e+00,-4.128689116183e-03,8.766623554195e-02,9.077299528404e-04,8.766623554195e-02,0.000000000000e+00,-4.128689116183e-03,0.000000000000e+00
4186,0.000000000000e+00,-4.198090610924e-03,8.754747423153e-02,9.129413558010e-04,8.754747423153e-02,0.000000000000e+00,-4.198090610924e-03,0.000000000000e+00
4187,0.000000000000e+00,-4.271574985789e-03,8.747765835225e-02,9.221283309159e-04,8.747765835225e-02,0.000000000000e+00,-4.271574985789e-03,0.000000000000e+00
4188,0.000000000000e+00,-4.342508517916e-03,8.746225983160e-02,9.346055626838e-04,8.746225983160e-02,0.000000000000e+00,-4.342508517916e-03,0.000000000000e+00
4189,0.000000000000e+00,-4.402044133501e-03,8.749943654916e-02,9.487338209411e-04,8.749943654916e-02,0.000000000000e+00,-4.402044133501e-03,0.000000000000e+00
4190,0.000000000000e+00,-4.442051985572e-03,8.758219888914e-02,9.625528338525e-04,8.758219888914e-02,0.000000000000e+00,-4.442051985572e-03,0.000000000000e+00
4191,0.000000000000e+00,-4.456177484075e-03,8.770028521557e-02,9.740733910199e-04,8.770028521557e-02,0.000000000000e+00,-4.456177484075e-03,0.000000000000e+00
4192,0.000000000000e+00,-4.440806654351e-03,8.784156417919e-02,9.815696758550e-04,8.784156417919e-02,0.000000000000e+00,-4.440806654351e-03,0.000000000000e+00
4193,0.000000000000e+00,-4.395310246423e-03,8.799389761207e-02,9.837383994990e-04,8.799389761207e-02,0.000000000000e+00,-4.395310246423e-03,0.000000000000e+00
4194,0.000000000000e+00,-4.323386001226e-03,8.814552278798e-02,9.801270780993e-04,8.814552278798e-02,0.000000000000e+00,-4.323386001226e-03,0.000000000000e+00
4195,0.000000000000e+00,-4.234365751176e-03,8.828440015866e-02,9.715416016113e-04,8.828440015866e-02,0.000000000000e+00,-4.234365751176e-03,0.000000000000e+00
4196,0.000000000000e+00,-4.141106661573e-03,8.839817660157e-02,9.596939236309e-04,8.839817660157e-02,0.000000000000e+00,-4.141106661573e-03,0.000000000000e+00
4197,0.000000000000e+00,-4.057362403996e-03,8.847410021861e-02,9.467234813159e-04,8.847410021861e-02,0.000000000000e+00,-4.057362403996e-03,0.000000000000e+00
4198,0.000000000000e+00,-3.994127299070e-03,8.850070208118e-02,9.344635766876e-04,8.850070208118e-02,0.000000000000e+00,-3.994127299070e-03,0.000000000000e+00
4199,0.000000000000e+00,-3.956478458955e-03,8.847125677320e-02,9.238088889138e-04,8.847125677320e-02,0.000000000000e+00,-3.956478458955e-03,0.000000000000e+00
4200,0.000000000000e+00,-3.944258228366e-03,8.838641437601e-02,9.149158888947e-04,8.838641437601e-02,0.000000000000e+00,-3.944258228366e-03,0.000000000000e+00
4201,0.000000000000e+00,-3.954724828540e-03,8.825472579174e-02,9.077971008883e-04,8.825472579174e-02,0.000000000000e+00,-3.954724828540e-03,0.000000000000e+00
4202,0.000000000000e+00,-3.984745282809e-03,8.809096073966e-02,9.027720824901e-04,8.809096073966e-02,0.000000000000e+00,-3.984745282809e-03,0.000000000000e+00
4203,0.000000000000e+00,-4.030748710610e-03,8.791462829885e-02,9.003516610261e-04,8.791462829885e-02,0.000000000000e+00,-4.030748710610e-03,0.000000000000e+00
4204,0.000000000000e+00,-4.088557653735e-03,8.774730515122e-02,9.010591166199e-04,8.774730515122e-02,0.000000000000e+00,-4.088557653735e-03,0.000000000000e+00
4205,0.000000000000e+00,-4.154671934613e-03,8.760877610723e-02,9.055248182809e-04,8.760877610723e-02,0.000000000000e+00,-4.154671934613e-03,0.000000000000e+00
4206,0.000000000000e+00,-4.226334848992e-03,8.751448290012e-02,9.143167740181e-04,8.751448290012e-02,0.000000000000e+00,-4.226334848992e-03,0.000000000000e+00
4207,0.000000000000e+00,-4.298124434212e-03,8.747361019987e-02,9.270455926896e-04,8.747361019987e-02,0.000000000000e+00,-4.298124434212e-03,0.000000000000e+00
4208,0.000000000000e+00,-4.362547088521e-03,8.748734546856e-02,9.423731634793e-04,8.748734546856e-02,0.000000000000e+00,-4.362547088521e-03,0.000000000000e+00
4209,0.000000000000e+00,-4.411367155243e-03,8.755039365919e-02,9.582942172895e-04,8.755039365919e-02,0.000000000000e+00,-4.411367155243e-03,0.000000000000e+00
4210,0.000000000000e+00,-4.436723784943e-03,8.765371054879e-02,9.724367033630e-04,8.765371054879e-02,0.000000000000e+00,-4.436723784943e-03,0.000000000000e+00
4211,0.000000000000e+00,-4.434058661096e-03,8.778511484647e-02,9.828077766143e-04,8.778511484647e-02,0.000000000000e+00,-4.434058661096e-03,0.000000000000e+00
4212,0.000000000000e+00,-4.401486478569e-03,8.793200219312e-02,9.877639072203e-04,8.793200219312e-02,0.000000000000e+00,-4.401486478569e-03,0.000000000000e+00
4213,0.000000000000e+00,-4.340829914863e-03,8.808235704045e-02,9.863850780536e-04,8.808235704045e-02,0.000000000000e+00,-4.340829914863e-03,0.000000000000e+00
4214,0.000000000000e+00,-4.259431042906e-03,8.822414970035e-02,9.790181038535e-04,8.822414970035e-02,0.000000000000e+00,-4.259431042906e-03,0.000000000000e+00
4215,0.000000000000e+00,-4.168659647105e-03,8.834556277351e-02,9.670702779066e-04,8.834556277351e-02,0.000000000000e+00,-4.168659647105e-03,0.000000000000e+00
4216,0.000000000000e+00,-4.082629291130e-03,8.843417185889e-02,9.528107152758e-04,8.843417185889e-02,0.000000000000e+00,-4.082629291130e-03,0.000000000000e+00
4217,0.000000000000e+00,-4.014138655789e-03,8.847780973372e-02,9.385436220693e-04,8.847780973372e-02,0.000000000000e+00,-4.014138655789e-03,0.000000000000e+00
4218,0.000000000000e+00,-3.970132438420e-03,8.846792683658e-02,9.256576107242e-04,8.846792683658e-02,0.000000000000e+00,-3.970132438420e-03,0.000000000000e+00
4219,0.000000000000e+00,-3.952288612484e-03,8.840200813509e-02,9.147841789779e-04,8.840200813509e-02,0.000000000000e+00,-3.952288612484e-03,0.000000000000e+00
4220,0.000000000000e+00,-3.958866482990e-03,8.828533447665e-02,9.062111437200e-04,8.828533447665e-02,0.000000000000e+00,-3.958866482990e-03,0.000000000000e+00
4221,0.000000000000e+00,-3.986703651369e-03,8.813054645045e-02,9.002863457788e-04,8.813054645045e-02,0.000000000000e+00,-3.986703651369e-03,0.000000000000e+00
4222,0.000000000000e+00,-4.032192405113e-03,8.795594358543e-02,8.975302949732e-04,8.795594358543e-02,0.000000000000e+00,-4.032192405113e-03,0.000000000000e+00
4223,0.000000000000e+00,-4.090836614489e-03,8.778304463591e-02,8.983880756592e-04,8.778304463591e-02,0.000000000000e+00,-4.090836614489e-03,0.000000000000e+00
4224,0.000000000000e+00,-4.158578156613e-03,8.763265669836e-02,9.033457741593e-04,8.763265669836e-02,0.000000000000e+00,-4.158578156613e-03,0.000000000000e+00
4225,0.000000000000e+00,-4.232008008400e-03,8.752214632298e-02,9.128047387982e-04,8.752214632298e-02,0.000000000000e+00,-4.232008008400e-03,0.000000000000e+00
4226,0.000000000000e+00,-4.305993061525e-03,8.746342470741e-02,9.264132767506e-04,8.746342470741e-02,0.000000000000e+00,-4.305993061525e-03,0.000000000000e+00
4227,0.000000000000e+00,-4.373877010736e-03,8.746052998089e-02,9.429811308347e-04,8.746052998089e-02,0.000000000000e+00,-4.373877010736e-03,0.000000000000e+00
4228,0.000000000000e+00,-4.428043445366e-03,8.751018615302e-02,9.605870413115e-04,8.751018615302e-02,0.000000000000e+00,-4.428043445366e-03,0.000000000000e+00
4229,0.000000000000e+00,-4.460735231968e-03,8.760453268519e-02,9.768164534241e-04,8.760453268519e-02,0.000000000000e+00,-4.460735231968e-03,0.000000000000e+00
4230,0.000000000000e+00,-4.466204427276e-03,8.773218368518e-02,9.893415543584e-04,8.773218368518e-02,0.000000000000e+00,-4.466204427276e-03,0.000000000000e+00
4231,0.000000000000e+00,-4.441360479514e-03,8.788027020081e-02,9.961887468998e-04,8.788027020081e-02,0.000000000000e+00,-4.441360479514e-03,0.000000000000e+00
4232,0.000000000000e+00,-4.387063756052e-03,8.803559235290e-02,9.961816878093e-04,8.803559235290e-02,0.000000000000e+00,-4.387063756052e-03,0.000000000000e+00
4233,0.000000000000e+00,-4.309136669891e-03,8.818520448997e-02,9.893221045414e-04,8.818520448997e-02,0.000000000000e+00,-4.309136669891e-03,0.000000000000e+00
4234,0.000000000000e+00,-4.217395352478e-03,8.831732187803e-02,9.767004812920e-04,8.831732187803e-02,0.000000000000e+00,-4.217395352478e-03,0.000000000000e+00
4235,0.000000000000e+00,-4.125409438570e-03,8.841993282066e-02,9.605234918677e-04,8.841993282066e-02,0.000000000000e+00,-4.125409438570e-03,0.000000000000e+00
4236,0.000000000000e+00,-4.046952070992e-03,8.848072015510e-02,9.433985179718e-04,8.848072015510e-02,0.000000000000e+00,-4.046952070992e-03,0.000000000000e+00
4237,0.000000000000e+00,-3.991261721059e-03,8.848950166764e-02,9.273276876588e-04,8.848950166764e-02,0.000000000000e+00,-3.991261721059e-03,0.000000000000e+00
4238,0.000000000000e+00,-3.962357492637e-03,8.844107460266e-02,9.135544775167e-04,8.844107460266e-02,0.000000000000e+00,-3.962357492637e-03,0.000000000000e+00
4239,0.000000000000e+00,-3.958812085170e-03,8.833858826037e-02,9.024975041990e-04,8.833858826037e-02,0.000000000000e+00,-3.958812085170e-03,0.000000000000e+00
4240,0.000000000000e+00,-3.976513560970e-03,8.819341758178e-02,8.943266415146e-04,8.819341758178e-02,0.000000000000e+00,-3.976513560970e-03,0.000000000000e+00
4241,0.000000000000e+00,-4.012188928255e-03,8.802246835160e-02,8.896533193205e-04,8.802246835160e-02,0.000000000000e+00,-4.012188928255e-03,0.000000000000e+00
4242,0.000000000000e+00,-4.062434995482e-03,8.784641363213e-02,8.891557840658e-04,8.784641363213e-02,0.000000000000e+00,-4.062434995482e-03,0.000000000000e+00
4243,0.000000000000e+00,-4.123375427260e-03,8.768681087877e-02,8.933311952063e-04,8.768681087877e-02,0.000000000000e+00,-4.123375427260e-03,0.000000000000e+00
4244,0.000000000000e+00,-4.191808783562e-03,8.756244661513e-02,9.025864653213e-04,8.756244661513e-02,0.000000000000e+00,-4.191808783562e-03,0.000000000000e+00
4245,0.000000000000e+00,-4.263337008725e-03,8.748764289801e-02,9.166784862918e-04,8.748764289801e-02,0.000000000000e+00,-4.263337008725e-03,0.000000000000e+00
4246,0.000000000000e+00,-4.332118690211e-03,8.746888329198e-02,9.345340252695e-04,8.746888329198e-02,0.000000000000e+00,-4.332118690211e-03,0.000000000000e+00
4247,0.000000000000e+00,-4.390700232354e-03,8.750447637701e-02,9.541856296268e-04,8.750447637701e-02,0.000000000000e+00,-4.390700232354e-03,0.000000000000e+00
4248,0.000000000000e+00,-4.430949180720e-03,8.758711590435e-02,9.730416549321e-04,8.758711590435e-02,0.000000000000e+00,-4.430949180720e-03,0.000000000000e+00
4249,0.000000000000e+00,-4.446120620517e-03,8.770566232007e-02,9.884543824408e-04,8.770566232007e-02,0.000000000000e+00,-4.446120620517e-03,0.000000000000e+00
4250,0.000000000000e+00,-4.432545227104e-03,8.784684552846e-02,9.982373623486e-04,8.784684552846e-02,0.000000000000e+00,-4.432545227104e-03,0.000000000000e+00
4251,0.000000000000e+00,-4.390057084894e-03,8.799717928969e-02,1.000925855595e-03,8.799717928969e-02,0.000000000000e+00,-4.390057084894e-03,0.000000000000e+00
4252,0.000000000000e+00,-4.322384047520e-03,8.814412904063e-02,9.960391653111e-04,8.814412904063e-02,0.000000000000e+00,-4.322384047520e-03,0.000000000000e+00
4253,0.000000000000e+00,-4.237747679500e-03,8.827632507269e-02,9.843375945757e-04,8.827632507269e-02,0.000000000000e+00,-4.237747679500e-03,0.000000000000e+00
4254,0.000000000000e+00,-4.149294284281e-03,8.838224456812e-02,9.679944086911e-04,8.838224456812e-02,0.000000000000e+00,-4.149294284281e-03,0.000000000000e+00
4255,0.000000000000e+00,-4.070918254384e-03,8.845022815510e-02,9.497416734116e-04,8.845022815510e-02,0.000000000000e+00,-4.070918254384e-03,0.000000000000e+00
4256,0.000000000000e+00,-4.013254915411e-03,8.846952952068e-02,9.320139748685e-04,8.846952952068e-02,0.000000000000e+00,-4.013254915411e-03,0.000000000000e+00
4257,0.000000000000e+00,-3.982169213719e-03,8.843299009336e-02,9.165827663252e-04,8.843299009336e-02,0.000000000000e+00,-3.982169213719e-03,0.000000000000e+00
4258,0.000000000000e+00,-3.977288094284e-03,8.834123852086e-02,9.042002451655e-04,8.834123852086e-02,0.000000000000e+00,-3.977288094284e-03,0.000000000000e+00
4259,0.000000000000e+00,-3.994889647115e-03,8.820345836866e-02,8.952037529212e-04,8.820345836866e-02,0.000000000000e+00,-3.994889647115e-03,0.000000000000e+00
4260,0.000000000000e+00,-4.030780106101e-03,8.803605803910e-02,8.900476105978e-04,8.803605803910e-02,0.000000000000e+00,-4.030780106101e-03,0.000000000000e+00
4261,0.000000000000e+00,-4.081734988601e-03,8.785932463387e-02,8.894633094891e-04,8.785932463387e-02,0.000000000000e+00,-4.081734988601e-03,0.000000000000e+00
4262,0.000000000000e+00,-4.143629128703e-03,8.769510751607e-02,8.938806875157e-04,8.769510751607e-02,0.000000000000e+00,-4.143629128703e-03,0.000000000000e+00
4263,0.000000000000e+00,-4.211956037196e-03,8.756352442700e-02,9.033809489574e-04,8.756352442700e-02,0.000000000000e+00,-4.211956037196e-03,0.000000000000e+00
4264,0.000000000000e+00,-4.282286679575e-03,8.748012928948e-02,9.176572690096e-04,8.748012928948e-02,0.000000000000e+00,-4.282286679575e-03,0.000000000000e+00
4265,0.000000000000e+00,-4.349758636775e-03,8.745262333592e-02,9.357820254343e-04,8.745262333592e-02,0.000000000000e+00,-4.349758636775e-03,0.000000000000e+00
4266,0.000000000000e+00,-4.408208806580e-03,8.748038013193e-02,9.559923776850e-04,8.748038013193e-02,0.000000000000e+00,-4.408208806580e-03,0.000000000000e+00
4267,0.000000000000e+00,-4.449461410996e-03,8.755746012884e-02,9.756033391610e-04,8.755746012884e-02,0.000000000000e+00,-4.449461410996e-03,0.000000000000e+00
4268,0.000000000000e+00,-4.466396327377e-03,8.767362366008e-02,9.918023911421e-04,8.767362366008e-02,0.000000000000e+00,-4.466396327377e-03,0.000000000000e+00
4269,0.000000000000e+00,-4.455023730254e-03,8.781566205821e-02,1.002266169169e-03,8.781566205821e-02,0.000000000000e+00,-4.455023730254e-03,0.000000000000e+00
4270,0.000000000000e+00,-4.413691664812e-03,8.797014217772e-02,1.005166684955e-03,8.797014217772e-02,0.000000000000e+00,-4.413691664812e-03,0.000000000000e+00
4271,0.000000000000e+00,-4.344933700700e-03,8.812392790883e-02,9.997591318102e-04,8.812392790883e-02,0.000000000000e+00,-4.344933700700e-03,0.000000000000e+00
4272,0.000000000000e+00,-4.256892828448e-03,8.826436698516e-02,9.868224351986e-04,8.826436698516e-02,0.000000000000e+00,-4.256892828448e-03,0.000000000000e+00
4273,0.000000000000e+00,-4.162762493007e-03,8.837926033794e-02,9.686124666932e-04,8.837926033794e-02,0.000000000000e+00,-4.162762493007e-03,0.000000000000e+00
4274,0.000000000000e+00,-4.076956623102e-03,8.845676955132e-02,9.480775934807e-04,8.845676955132e-02,0.000000000000e+00,-4.076956623102e-03,0.000000000000e+00
4275,0.000000000000e+00,-4.010799139177e-03,8.848610035961e-02,9.279232432143e-04,8.848610035961e-02,0.000000000000e+00,-4.010799139177e-03,0.000000000000e+00
4276,0.000000000000e+00,-3.970958255302e-03,8.845976266789e-02,9.102044207361e-04,8.845976266789e-02,0.000000000000e+00,-3.970958255302e-03,0.000000000000e+00
4277,0.000000000000e+00,-3.958454518903e-03,8.837696337739e-02,8.960635954666e-04,8.837696337739e-02,0.000000000000e+00,-3.958454518903e-03,0.000000000000e+00
4278,0.000000000000e+00,-3.970956499078e-03,8.824491989209e-02,8.861972342623e-04,8.824491989209e-02,0.000000000000e+00,-3.970956499078e-03,0.000000000000e+00
4279,0.000000000000e+00,-4.004328042062e-03,8.807886857967e-02,8.810797201638e-04,8.807886857967e-02,0.000000000000e+00,-4.004328042062e-03,0.000000000000e+00
4280,0.000000000000e+00,-4.054235067584e-03,8.789932989068e-02,8.811602980056e-04,8.789932989068e-02,0.000000000000e+00,-4.054235067584e-03,0.000000000000e+00
4281,0.000000000000e+00,-4.116258422522e-03,8.772864221922e-02,8.867398256434e-04,8.772864221922e-02,0.000000000000e+00,-4.116258422522e-03,0.000000000000e+00
4282,0.000000000000e+00,-4.185908593204e-03,8.758769541364e-02,8.978154630167e-04,8.758769541364e-02,0.000000000000e+00,-4.185908593204e-03,0.000000000000e+00
4283,0.000000000000e+00,-4.258380917706e-03,8.749358415912e-02,9.138896673044e-04,8.749358415912e-02,0.000000000000e+00,-4.258380917706e-03,0.000000000000e+00
4284,0.000000000000e+00,-4.329187312095e-03,8.745530740394e-02,9.340026373147e-04,8.745530740394e-02,0.000000000000e+00,-4.329187312095e-03,0.000000000000e+00
4285,0.000000000000e+00,-4.391924077430e-03,8.747385539165e-02,9.562193995134e-04,8.747385539165e-02,0.000000000000e+00,-4.391924077430e-03,0.000000000000e+00
4286,0.000000000000e+00,-4.438324570617e-03,8.754409937136e-02,9.777224885311e-04,8.754409937136e-02,0.000000000000e+00,-4.438324570617e-03,0.000000000000e+00
4287,0.000000000000e+00,-4.461796828422e-03,8.765544877588e-02,9.957203809127e-04,8.765544877588e-02,0.000000000000e+00,-4.461796828422e-03,0.000000000000e+00
4288,0.000000000000e+00,-4.458182243524e-03,8.779424496169e-02,1.007786870054e-03,8.779424496169e-02,0.000000000000e+00,-4.458182243524e-03,0.000000000000e+00
4289,0.000000000000e+00,-4.424999354217e-03,8.794673958516e-02,1.011895401395e-03,8.794673958516e-02,0.000000000000e+00,-4.424999354217e-03,0.000000000000e+00
4290,0.000000000000e+00,-4.363627275134e-03,8.809965741922e-02,1.007074644879e-03,8.809965741922e-02,0.000000000000e+00,-4.363627275134e-03,0.000000000000e+00
4291,0.000000000000e+00,-4.281130793567e-03,8.824025839070e-02,9.939441778734e-04,8.824025839070e-02,0.000000000000e+00,-4.281130793567e-03,0.000000000000e+00
4292,0.000000000000e+00,-4.190025782589e-03,8.835646590946e-02,9.747375432552e-04,8.835646590946e-02,0.000000000000e+00,-4.190025782589e-03,0.000000000000e+00
4293,0.000000000000e+00,-4.104460089327e-03,8.843683299708e-02,9.525107606660e-04,8.843683299708e-02,0.000000000000e+00,-4.104460089327e-03,0.000000000000e+00
4294,0.000000000000e+00,-4.036147065215e-03,8.847094622489e-02,9.302280721700e-04,8.847094622489e-02,0.000000000000e+00,-4.036147065215e-03,0.000000000000e+00
4295,0.000000000000e+00,-3.993128250506e-03,8.844891712533e-02,9.104008466024e-04,8.844891712533e-02,0.000000000000e+00,-3.993128250506e-03,0.000000000000e+00
4296,0.000000000000e+00,-3.978020367537e-03,8.836787945622e-02,8.946159299414e-04,8.836787945622e-02,0.000000000000e+00,-3.978020367537e-03,0.000000000000e+00
4297,0.000000000000e+00,-3.988565500608e-03,8.823677212479e-02,8.836622234144e-04,8.823677212479e-02,0.000000000000e+00,-3.988565500608e-03,0.000000000000e+00
4298,0.000000000000e+00,-4.019720452693e-03,8.807308837736e-02,8.779162096589e-04,8.807308837736e-02,0.000000000000e+00,-4.019720452693e-03,0.000000000000e+00
4299,0.000000000000e+00,-4.066669143943e-03,8.789764113745e-02,8.777901552164e-04,8.789764113745e-02,0.000000000000e+00,-4.066669143943e-03,0.000000000000e+00
4300,0.000000000000e+00,-4.124878515475e-03,8.773161707484e-02,8.835311882364e-04,8.773161707484e-02,0.000000000000e+00,-4.124878515475e-03,0.000000000000e+00
4301,0.000000000000e+00,-4.190543047351e-03,8.759434508957e-02,8.951579343288e-04,8.759434508957e-02,0.000000000000e+00,-4.190543047351e-03,0.000000000000e+00
4302,0.000000000000e+00,-4.259446223743e-03,8.750217438265e-02,9.121089741089e-04,8.750217438265e-02,0.000000000000e+00,-4.259446223743e-03,0.000000000000e+00
4303,0.000000000000e+00,-4.327185388754e-03,8.746454489315e-02,9.332260706741e-04,8.746454489315e-02,0.000000000000e+00,-4.327185388754e-03,0.000000000000e+00
4304,0.000000000000e+00,-4.387541466793e-03,8.748317850479e-02,9.564134467379e-04,8.748317850479e-02,0.000000000000e+00,-4.387541466793e-03,0.000000000000e+00
4305,0.000000000000e+00,-4.432963480622e-03,8.755298656987e-02,9.788430213484e-04,8.755298656987e-02,0.000000000000e+00,-4.432963480622e-03,0.000000000000e+00
4306,0.000000000000e+00,-4.457831738822e-03,8.766272043376e-02,9.978141009988e-04,8.766272043376e-02,0.000000000000e+00,-4.457831738822e-03,0.000000000000e+00
4307,0.000000000000e+00,-4.457879829634e-03,8.779852923541e-02,1.010816978428e-03,8.779852923541e-02,0.000000000000e+00,-4.457879829634e-03,0.000000000000e+00
4308,0.000000000000e+00,-4.429187276967e-03,8.794738313981e-02,1.015510651473e-03,8.794738313981e-02,0.000000000000e+00,-4.429187276967e-03,0.000000000000e+00
4309,0.000000000000e+00,-4.372020353594e-03,8.809661325485e-02,1.010739951572e-03,8.809661325485e-02,0.000000000000e+00,-4.372020353594e-03,0.000000000000e+00
4310,0.000000000000e+00,-4.293107468604e-03,8.823364520568e-02,9.971692997975e-04,8.823364520568e-02,0.000000000000e+00,-4.293107468604e-03,0.000000000000e+00
4311,0.000000000000e+00,-4.204113510173e-03,8.834711484811e-02,9.770049126517e-04,8.834711484811e-02,0.000000000000e+00,-4.204113510173e-03,0.000000000000e+00
4312,0.000000000000e+00,-4.118699172593e-03,8.842638987008e-02,9.533818674411e-04,8.842638987008e-02,0.000000000000e+00,-4.118699172593e-03,0.000000000000e+00
4313,0.000000000000e+00,-4.049512004146e-03,8.846117921199e-02,9.296544378651e-04,8.846117921199e-02,0.000000000000e+00,-4.049512004146e-03,0.000000000000e+00
4314,0.000000000000e+00,-4.005626639739e-03,8.844113174937e-02,9.087281728069e-04,8.844113174937e-02,0.000000000000e+00,-4.005626639739e-03,0.000000000000e+00
4315,0.000000000000e+00,-3.990076199005e-03,8.836260442616e-02,8.924086388528e-04,8.836260442616e-02,0.000000000000e+00,-3.990076199005e-03,0.000000000000e+00
4316,0.000000000000e+00,-4.000148503093e-03,8.823396320966e-02,8.814442317041e-04,8.823396320966e-02,0.000000000000e+00,-4.000148503093e-03,0.000000000000e+00
4317,0.000000000000e+00,-4.031213119869e-03,8.807167271333e-02,8.762945350934e-04,8.807167271333e-02,0.000000000000e+00,-4.031213119869e-03,0.000000000000e+00
4318,0.000000000000e+00,-4.077825485011e-03,8.789669818512e-02,8.771647060144e-04,8.789669818512e-02,0.000000000000e+00,-4.077825485011e-03,0.000000000000e+00
4319,0.000000000000e+00,-4.134899656229e-03,8.773075771820e-02,8.840576838941e-04,8.773075771820e-02,0.000000000000e+00,-4.134899656229e-03,0.000000000000e+00
4320,0.000000000000e+00,-4.198417249630e-03,8.759361574933e-02,8.967785531328e-04,8.759361574933e-02,0.000000000000e+00,-4.198417249630e-03,0.000000000000e+00
4321,0.000000000000e+00,-4.264720635139e-03,8.750145627096e-02,9.147013088744e-04,8.750145627096e-02,0.000000000000e+00,-4.264720635139e-03,0.000000000000e+00
4322,0.000000000000e+00,-4.329637310857e-03,8.746375340897e-02,9.365400534470e-04,8.746375340897e-02,0.000000000000e+00,-4.329637310857e-03,0.000000000000e+00
4323,0.000000000000e+00,-4.387035638991e-03,8.748244613947e-02,9.600664529504e-04,8.748244613947e-02,0.000000000000e+00,-4.387035638991e-03,0.000000000000e+00
4324,0.000000000000e+00,-4.430258711581e-03,8.755375541222e-02,9.825102061039e-04,8.755375541222e-02,0.000000000000e+00,-4.430258711581e-03,0.000000000000e+00
4325,0.000000000000e+00,-4.452303424634e-03,8.766762426894e-02,1.000801802618e-03,8.766762426894e-02,0.000000000000e+00,-4.452303424634e-03,0.000000000000e+00
4326,0.000000000000e+00,-4.447791935032e-03,8.780835676776e-02,1.012186870753e-03,8.780835676776e-02,0.000000000000e+00,-4.447791935032e-03,0.000000000000e+00
4327,0.000000000000e+00,-4.414229053355e-03,8.796025057299e-02,1.014657141538e-03,8.796025057299e-02,0.000000000000e+00,-4.414229053355e-03,0.000000000000e+00
4328,0.000000000000e+00,-4.353349987821e-03,8.810962177883e-02,1.007465914725e-03,8.810962177883e-02,0.000000000000e+00,-4.353349987821e-03,0.000000000000e+00
4329,0.000000000000e+00,-4.272010299014e-03,8.824468266734e-02,9.914649244988e-04,8.824468266734e-02,0.000000000000e+00,-4.272010299014e-03,0.000000000000e+00
4330,0.000000000000e+00,-4.181784807007e-03,8.835471910373e-02,9.690728840324e-04,8.835471910373e-02,0.000000000000e+00,-4.181784807007e-03,0.000000000000e+00
4331,0.000000000000e+00,-4.096045914695e-03,8.842965242476e-02,9.436189848205e-04,8.842965242476e-02,0.000000000000e+00,-4.096045914695e-03,0.000000000000e+00
4332,0.000000000000e+00,-4.027423475986e-03,8.845826091572e-02,9.186709622901e-04,8.845826091572e-02,0.000000000000e+00,-4.027423475986e-03,0.000000000000e+00
4333,0.000000000000e+00,-3.985640137562e-03,8.842969713669e-02,8.974206366345e-04,8.842969713669e-02,0.000000000000e+00,-3.985640137562e-03,0.000000000000e+00
4334,0.000000000000e+00,-3.973986578786e-03,8.834301223437e-02,8.818392319873e-04,8.834301223437e-02,0.000000000000e+00,-3.973986578786e-03,0.000000000000e+00
4335,0.000000000000e+00,-3.989441031721e-03,8.820930252852e-02,8.727026131333e-04,8.820930252852e-02,0.000000000000e+00,-3.989441031721e-03,0.000000000000e+00
4336,0.000000000000e+00,-4.026548172445e-03,8.804580358445e-02,8.703018646801e-04,8.804580358445e-02,0.000000000000e+00,-4.026548172445e-03,0.000000000000e+00
4337,0.000000000000e+00,-4.079641438314e-03,8.787245239008e-02,8.746625342956e-04,8.787245239008e-02,0.000000000000e+00,-4.079641438314e-03,0.000000000000e+00
4338,0.000000000000e+00,-4.143685083457e-03,8.770988765561e-02,8.855344821582e-04,8.770988765561e-02,0.000000000000e+00,-4.143685083457e-03,0.000000000000e+00
4339,0.000000000000e+00,-4.214164242030e-03,8.757766309994e-02,9.022960291198e-04,8.757766309994e-02,0.000000000000e+00,-4.214164242030e-03,0.000000000000e+00
4340,0.000000000000e+00,-4.286817165739e-03,8.749141879270e-02,9.238664952300e-04,8.749141879270e-02,0.000000000000e+00,-4.286817165739e-03,0.000000000000e+00
4341,0.000000000000e+00,-4.356951323524e-03,8.745971670769e-02,9.485772047560e-04,8.745971670769e-02,0.000000000000e+00,-4.356951323524e-03,0.000000000000e+00
4342,0.000000000000e+00,-4.419004012054e-03,8.748526631643e-02,9.741201230780e-04,8.748526631643e-02,0.000000000000e+00,-4.419004012054e-03,0.000000000000e+00
4343,0.000000000000e+00,-4.464981744805e-03,8.756533233384e-02,9.973069589731e-04,8.756533233384e-02,0.000000000000e+00,-4.464981744805e-03,0.000000000000e+00
4344,0.000000000000e+00,-4.486863402285e-03,8.768750187660e-02,1.014797915873e-03,8.768750187660e-02,0.000000000000e+00,-4.486863402285e-03,0.000000000000e+00
4345,0.000000000000e+00,-4.480019326292e-03,8.783330282990e-02,1.024016021278e-03,8.783330282990e-02,0.000000000000e+00,-4.480019326292e-03,0.000000000000e+00
4346,0.000000000000e+00,-4.442928599785e-03,8.798646897260e-02,1.023298042233e-03,8.798646897260e-02,0.000000000000e+00,-4.442928599785e-03,0.000000000000e+00
4347,0.000000000000e+00,-4.377736826174e-03,8.813428296721e-02,1.012255839239e-03,8.813428296721e-02,0.000000000000e+00,-4.377736826174e-03,0.000000000000e+00
4348,0.000000000000e+00,-4.292042575116e-03,8.826568293178e-02,9.922470744110e-04,8.826568293178e-02,0.000000000000e+00,-4.292042575116e-03,0.000000000000e+00
4349,0.000000000000e+00,-4.197237502281e-03,8.837067411390e-02,9.660064370587e-04,8.837067411390e-02,0.000000000000e+00,-4.197237502281e-03,0.000000000000e+00
4350,0.000000000000e+00,-4.106322537848e-03,8.843993786383e-02,9.370991153765e-04,8.843993786383e-02,0.000000000000e+00,-4.106322537848e-03,0.000000000000e+00
4351,0.000000000000e+00,-4.032514437380e-03,8.846267770709e-02,9.094800932796e-04,8.846267770709e-02,0.000000000000e+00,-4.032514437380e-03,0.000000000000e+00
4352,0.000000000000e+00,-3.985980766047e-03,8.842846839982e-02,8.866319761679e-04,8.842846839982e-02,0.000000000000e+00,-3.985980766047e-03,0.000000000000e+00
4353,0.000000000000e+00,-3.970537680064e-03,8.833471743355e-02,8.707684959950e-04,8.833471743355e-02,0.000000000000e+00,-3.970537680064e-03,0.000000000000e+00
4354,0.000000000000e+00,-3.983855614954e-03,8.819233266949e-02,8.627954872066e-04,8.819233266949e-02,0.000000000000e+00,-3.983855614954e-03,0.000000000000e+00
4355,0.000000000000e+00,-4.019903151911e-03,8.802241553923e-02,8.627068491344e-04,8.802241553923e-02,0.000000000000e+00,-4.019903151911e-03,0.000000000000e+00
4356,0.000000000000e+00,-4.071325605941e-03,8.784838630916e-02,8.698881815132e-04,8.784838630916e-02,0.000000000000e+00,-4.071325605941e-03,0.000000000000e+00
4357,0.000000000000e+00,-4.132808093325e-03,8.769098334921e-02,8.836778789222e-04,8.769098334921e-02,0.000000000000e+00,-4.132808093325e-03,0.000000000000e+00
4358,0.000000000000e+00,-4.201234096720e-03,8.756752148300e-02,9.033804504195e-04,8.756752148300e-02,0.000000000000e+00,-4.201234096720e-03,0.000000000000e+00
4359,0.000000000000e+00,-4.273386833407e-03,8.749105921152e-02,9.278020086508e-04,8.749105921152e-02,0.000000000000e+00,-4.273386833407e-03,0.000000000000e+00
4360,0.000000000000e+00,-4.343773674010e-03,8.746883265094e-02,9.548186445290e-04,8.746883265094e-02,0.000000000000e+00,-4.343773674010e-03,0.000000000000e+00
4361,0.000000000000e+00,-4.405501973160e-03,8.750311720040e-02,9.815882095453e-04,8.750311720040e-02,0.000000000000e+00,-4.405501973160e-03,0.000000000000e+00
4362,0.000000000000e+00,-4.451036599531e-03,8.758967519502e-02,1.004863099259e-03,8.758967519502e-02,0.000000000000e+00,-4.451036599531e-03,0.000000000000e+00
4363,0.000000000000e+00,-4.472205076193e-03,8.771653821438e-02,1.021185113604e-03,8.771653821438e-02,0.000000000000e+00,-4.472205076193e-03,0.000000000000e+00
4364,0.000000000000e+00,-4.463196481055e-03,8.786580730504e-02,1.027806086208e-03,8.786580730504e-02,0.000000000000e+00,-4.463196481055e-03,0.000000000000e+00
4365,0.000000000000e+00,-4.423405836994e-03,8.801924037402e-02,1.023546539989e-03,8.801924037402e-02,0.000000000000e+00,-4.423405836994e-03,0.000000000000e+00
4366,0.000000000000e+00,-4.357258696470e-03,8.816246608941e-02,1.008906590225e-03,8.816246608941e-02,0.000000000000e+00,-4.357258696470e-03,0.000000000000e+00
4367,0.000000000000e+00,-4.273531927086e-03,8.828471302279e-02,9.859297666647e-04,8.828471302279e-02,0.000000000000e+00,-4.273531927086e-03,0.000000000000e+00
4368,0.000000000000e+00,-4.183256406754e-03,8.837773967724e-02,9.576462341310e-04,8.837773967724e-02,0.000000000000e+00,-4.183256406754e-03,0.000000000000e+00
4369,0.000000000000e+00,-4.098614423555e-03,8.843410517874e-02,9.277240760057e-04,8.843410517874e-02,0.000000000000e+00,-4.098614423555e-03,0.000000000000e+00
4370,0.000000000000e+00,-4.032129445654e-03,8.844434378366e-02,9.001738196912e-04,8.844434378366e-02,0.000000000000e+00,-4.032129445654e-03,0.000000000000e+00
4371,0.000000000000e+00,-3.993387603347e-03,8.839896935371e-02,8.784925292257e-04,8.839896935371e-02,0.000000000000e+00,-3.993387603347e-03,0.000000000000e+00
4372,0.000000000000e+00,-3.985579834754e-03,8.829645391264e-02,8.648172642881e-04,8.829645391264e-02,0.000000000000e+00,-3.985579834754e-03,0.000000000000e+00
4373,0.000000000000e+00,-4.005972020561e-03,8.814873354588e-02,8.599088913049e-04,8.814873354588e-02,0.000000000000e+00,-4.005972020561e-03,0.000000000000e+00
4374,0.000000000000e+00,-4.047440942532e-03,8.797814148632e-02,8.633031937239e-04,8.797814148632e-02,0.000000000000e+00,-4.047440942532e-03,0.000000000000e+00
4375,0.000000000000e+00,-4.102162285538e-03,8.780848095193e-02,8.739465865327e-04,8.780848095193e-02,0.000000000000e+00,-4.102162285538e-03,0.000000000000e+00
4376,0.000000000000e+00,-4.165324831560e-03,8.765984437792e-02,8.909119845621e-04,8.765984437792e-02,0.000000000000e+00,-4.165324831560e-03,0.000000000000e+00
4377,0.000000000000e+00,-4.234255869886e-03,8.754840172512e-02,9.132592697432e-04,8.754840172512e-02,0.000000000000e+00,-4.234255869886e-03,0.000000000000e+00
4378,0.000000000000e+00,-4.304936459406e-03,8.748577725516e-02,9.393512354010e-04,8.748577725516e-02,0.000000000000e+00,-4.304936459406e-03,0.000000000000e+00
4379,0.000000000000e+00,-4.371959478843e-03,8.747920444103e-02,9.668582077862e-04,8.747920444103e-02,0.000000000000e+00,-4.371959478843e-03,0.000000000000e+00
4380,0.000000000000e+00,-4.428576802041e-03,8.753025439775e-02,9.928280774120e-04,8.753025439775e-02,0.000000000000e+00,-4.428576802041e-03,0.000000000000e+00
4381,0.000000000000e+00,-4.466968835029e-03,8.763090172854e-02,1.013879263846e-03,8.763090172854e-02,0.000000000000e+00,-4.466968835029e-03,0.000000000000e+00
4382,0.000000000000e+00,-4.479798149040e-03,8.776447468362e-02,1.026801482651e-03,8.776447468362e-02,0.000000000000e+00,-4.479798149040e-03,0.000000000000e+00
4383,0.000000000000e+00,-4.462570297580e-03,8.791270218941e-02,1.029353101533e-03,8.791270218941e-02,0.000000000000e+00,-4.462570297580e-03,0.000000000000e+00
4384,0.000000000000e+00,-4.415389830256e-03,8.806097879463e-02,1.020843483203e-03,8.806097879463e-02,0.000000000000e+00,-4.415389830256e-03,0.000000000000e+00
4385,0.000000000000e+00,-4.343289934676e-03,8.819744139067e-02,1.002274903036e-03,8.819744139067e-02,0.000000000000e+00,-4.343289934676e-03,0.000000000000e+00
4386,0.000000000000e+00,-4.254698087735e-03,8.831229451476e-02,9.759228847709e-04,8.831229451476e-02,0.000000000000e+00,-4.254698087735e-03,0.000000000000e+00
4387,0.000000000000e+00,-4.160757006469e-03,8.839724495257e-02,9.450926261822e-04,8.839724495257e-02,0.000000000000e+00,-4.160757006469e-03,0.000000000000e+00
4388,0.000000000000e+00,-4.074834284292e-03,8.844294373384e-02,9.139143917562e-04,8.844294373384e-02,0.000000000000e+00,-4.074834284292e-03,0.000000000000e+00
4389,0.000000000000e+00,-4.010593488659e-03,8.843861799366e-02,8.867655413898e-04,8.843861799366e-02,0.000000000000e+00,-4.010593488659e-03,0.000000000000e+00
4390,0.000000000000e+00,-3.977260351096e-03,8.837743531905e-02,8.671215731279e-04,8.837743531905e-02,0.000000000000e+00,-3.977260351096e-03,0.000000000000e+00
4391,0.000000000000e+00,-3.976828391968e-03,8.826187458842e-02,8.568759395833e-04,8.826187458842e-02,0.000000000000e+00,-3.976828391968e-03,0.000000000000e+00
4392,0.000000000000e+00,-4.005049956149e-03,8.810659535176e-02,8.563353387163e-04,8.810659535176e-02,0.000000000000e+00,-4.005049956149e-03,0.000000000000e+00
4393,0.000000000000e+00,-4.053480180314e-03,8.793484325918e-02,8.644362859788e-04,8.793484325918e-02,0.000000000000e+00,-4.053480180314e-03,0.000000000000e+00
4394,0.000000000000e+00,-4.114841795185e-03,8.776941449145e-02,8.798054473828e-04,8.776941449145e-02,0.000000000000e+00,-4.114841795185e-03,0.000000000000e+00
4395,0.000000000000e+00,-4.184522152769e-03,8.762948790555e-02,9.011320638342e-04,8.762948790555e-02,0.000000000000e+00,-4.184522152769e-03,0.000000000000e+00
4396,0.000000000000e+00,-4.258800800021e-03,8.753030169578e-02,9.269194840627e-04,8.753030169578e-02,0.000000000000e+00,-4.258800800021e-03,0.000000000000e+00
4397,0.000000000000e+00,-4.332569330986e-03,8.748194279852e-02,9.550538759439e-04,8.748194279852e-02,0.000000000000e+00,-4.332569330986e-03,0.000000000000e+00
4398,0.000000000000e+00,-4.400144633135e-03,8.748983690141e-02,9.829746358168e-04,8.748983690141e-02,0.000000000000e+00,-4.400144633135e-03,0.000000000000e+00
4399,0.000000000000e+00,-4.455355511372e-03,8.755303016261e-02,1.007774904314e-03,8.755303016261e-02,0.000000000000e+00,-4.455355511372e-03,0.000000000000e+00
4400,0.000000000000e+00,-4.489728851841e-03,8.766192752356e-02,1.025983236226e-03,8.766192752356e-02,0.000000000000e+00,-4.489728851841e-03,0.000000000000e+00
4401,0.000000000000e+00,-4.494518099332e-03,8.780123016956e-02,1.034225196213e-03,8.780123016956e-02,0.000000000000e+00,-4.494518099332e-03,0.000000000000e+00
4402,0.000000000000e+00,-4.465487490418e-03,8.795315558556e-02,1.030604439283e-03,8.795315558556e-02,0.000000000000e+00,-4.465487490418e-03,0.000000000000e+00
4403,0.000000000000e+00,-4.405464175617e-03,8.810079713616e-02,1.015484936164e-03,8.810079713616e-02,0.000000000000e+00,-4.405464175617e-03,0.000000000000e+00
4404,0.000000000000e+00,-4.322935627235e-03,8.823090053000e-02,9.911229996639e-04,8.823090053000e-02,0.000000000000e+00,-4.322935627235e-03,0.000000000000e+00
4405,0.000000000000e+00,-4.228147088742e-03,8.833432281950e-02,9.606313412621e-04,8.833432281950e-02,0.000000000000e+00,-4.228147088742e-03,0.000000000000e+00
4406,0.000000000000e+00,-4.132144094092e-03,8.840475850735e-02,9.275848903841e-04,8.840475850735e-02,0.000000000000e+00,-4.132144094092e-03,0.000000000000e+00
4407,0.000000000000e+00,-4.047782020330e-03,8.843481423827e-02,8.961391628932e-04,8.843481423827e-02,0.000000000000e+00,-4.047782020330e-03,0.000000000000e+00
4408,0.000000000000e+00,-3.988295703854e-03,8.841362396344e-02,8.706473334639e-04,8.841362396344e-02,0.000000000000e+00,-3.988295703854e-03,0.000000000000e+00
4409,0.000000000000e+00,-3.962306505466e-03,8.833571533097e-02,8.544393167564e-04,8.833571533097e-02,0.000000000000e+00,-3.962306505466e-03,0.000000000000e+00
4410,0.000000000000e+00,-3.969880107776e-03,8.821003549403e-02,8.487704552522e-04,8.821003549403e-02,0.000000000000e+00,-3.969880107776e-03,0.000000000000e+00
4411,0.000000000000e+00,-4.004088858174e-03,8.805513720632e-02,8.529746121820e-04,8.805513720632e-02,0.000000000000e+00,-4.004088858174e-03,0.000000000000e+00
4412,0.000000000000e+00,-4.056326945522e-03,8.789132124305e-02,8.654925509416e-04,8.789132124305e-02,0.000000000000e+00,-4.056326945522e-03,0.000000000000e+00
4413,0.000000000000e+00,-4.121466251188e-03,8.773735027916e-02,8.850118452712e-04,8.773735027916e-02,0.000000000000e+00,-4.121466251188e-03,0.000000000000e+00
4414,0.000000000000e+00,-4.196010982156e-03,8.761080386795e-02,9.101880310387e-04,8.761080386795e-02,0.000000000000e+00,-4.196010982156e-03,0.000000000000e+00
4415,0.000000000000e+00,-4.274838200826e-03,8.752651779435e-02,9.390029347275e-04,8.752651779435e-02,0.000000000000e+00,-4.274838200826e-03,0.000000000000e+00
4416,0.000000000000e+00,-4.352220026629e-03,8.749503324597e-02,9.689894445517e-04,8.749503324597e-02,0.000000000000e+00,-4.352220026629e-03,0.000000000000e+00
4417,0.000000000000e+00,-4.421997393563e-03,8.752085959272e-02,9.973167401117e-04,8.752085959272e-02,0.000000000000e+00,-4.421997393563e-03,0.000000000000e+00
4418,0.000000000000e+00,-4.476084547739e-03,8.759940604287e-02,1.020586229270e-03,8.759940604287e-02,0.000000000000e+00,-4.476084547739e-03,0.000000000000e+00
4419,0.000000000000e+00,-4.505063696982e-03,8.771819880076e-02,1.035177901067e-03,8.771819880076e-02,0.000000000000e+00,-4.505063696982e-03,0.000000000000e+00
4420,0.000000000000e+00,-4.501938590897e-03,8.785993226113e-02,1.038439594252e-03,8.785993226113e-02,0.000000000000e+00,-4.501938590897e-03,0.000000000000e+00
4421,0.000000000000e+00,-4.465521507114e-03,8.800724513866e-02,1.029680883936e-03,8.800724513866e-02,0.000000000000e+00,-4.465521507114e-03,0.000000000000e+00
4422,0.000000000000e+00,-4.400074364683e-03,8.814614105876e-02,1.010070225182e-03,8.814614105876e-02,0.000000000000e+00,-4.400074364683e-03,0.000000000000e+00
4423,0.000000000000e+00,-4.313289156898e-03,8.826575920343e-02,9.820243605802e-04,8.826575920343e-02,0.000000000000e+00,-4.313289156898e-03,0.000000000000e+00
4424,0.000000000000e+00,-4.215186687016e-03,8.835777299951e-02,9.487936963545e-04,8.835777299951e-02,0.000000000000e+00,-4.215186687016e-03,0.000000000000e+00
4425,0.000000000000e+00,-4.118288303580e-03,8.841567576122e-02,9.144065169264e-04,8.841567576122e-02,0.000000000000e+00,-4.118288303580e-03,0.000000000000e+00
4426,0.000000000000e+00,-4.036756741194e-03,8.843031047603e-02,8.834487005658e-04,8.843031047603e-02,0.000000000000e+00,-4.036756741194e-03,0.000000000000e+00
4427,0.000000000000e+00,-3.984081443642e-03,8.839034714525e-02,8.604263062123e-04,8.839034714525e-02,0.000000000000e+00,-3.984081443642e-03,0.000000000000e+00
4428,0.000000000000e+00,-3.966973115608e-03,8.829420364215e-02,8.482057683111e-04,8.829420364215e-02,0.000000000000e+00,-3.966973115608e-03,0.000000000000e+00
4429,0.000000000000e+00,-3.983164306182e-03,8.815525577960e-02,8.473019400030e-04,8.815525577960e-02,0.000000000000e+00,-3.983164306182e-03,0.000000000000e+00
4430,0.000000000000e+00,-4.024228255785e-03,8.799483259119e-02,8.563168096156e-04,8.799483259119e-02,0.000000000000e+00,-4.024228255785e-03,0.000000000000e+00
4431,0.000000000000e+00,-4.081910706477e-03,8.783365893062e-02,8.733039673345e-04,8.783365893062e-02,0.000000000000e+00,-4.081910706477e-03,0.000000000000e+00
4432,0.000000000000e+00,-4.151263527174e-03,8.768993306398e-02,8.965995596948e-04,8.768993306398e-02,0.000000000000e+00,-4.151263527174e-03,0.000000000000e+00
4433,0.000000000000e+00,-4.227987396857e-03,8.757995820365e-02,9.244009938161e-04,8.757995820365e-02,0.000000000000e+00,-4.227987396857e-03,0.000000000000e+00
4434,0.000000000000e+00,-4.306397191472e-03,8.751599721021e-02,9.543698139359e-04,8.751599721021e-02,0.000000000000e+00,-4.306397191472e-03,0.000000000000e+00
4435,0.000000000000e+00,-4.380712898685e-03,8.750555259851e-02,9.838852771150e-04,8.750555259851e-02,0.000000000000e+00,-4.380712898685e-03,0.000000000000e+00
4436,0.000000000000e+00,-4.444811241773e-03,8.754998853566e-02,1.010057437917e-03,8.754998853566e-02,0.000000000000e+00,-4.444811241773e-03,0.000000000000e+00
4437,0.000000000000e+00,-4.489887801364e-03,8.764254451182e-02,1.029396028311e-03,8.764254451182e-02,0.000000000000e+00,-4.489887801364e-03,0.000000000000e+00
4438,0.000000000000e+00,-4.506394138851e-03,8.777005267385e-02,1.038477298012e-03,8.777005267385e-02,0.000000000000e+00,-4.506394138851e-03,0.000000000000e+00
4439,0.000000000000e+00,-4.488175369630e-03,8.791580764990e-02,1.035210328666e-03,8.791580764990e-02,0.000000000000e+00,-4.488175369630e-03,0.000000000000e+00
4440,0.000000000000e+00,-4.436444540973e-03,8.806274792340e-02,1.019885706720e-03,8.806274792340e-02,0.000000000000e+00,-4.436444540973e-03,0.000000000000e+00
4441,0.000000000000e+00,-4.358529613871e-03,8.819666568692e-02,9.947568866320e-04,8.819666568692e-02,0.000000000000e+00,-4.358529613871e-03,0.000000000000e+00
4442,0.000000000000e+00,-4.263832514777e-03,8.830690888077e-02,9.629199364173e-04,8.830690888077e-02,0.000000000000e+00,-4.263832514777e-03,0.000000000000e+00
4443,0.000000000000e+00,-4.163154227725e-03,8.838569593793e-02,9.279908793784e-04,8.838569593793e-02,0.000000000000e+00,-4.163154227725e-03,0.000000000000e+00
4444,0.000000000000e+00,-4.069328150043e-03,8.842568148546e-02,8.941879120765e-04,8.842568148546e-02,0.000000000000e+00,-4.069328150043e-03,0.000000000000e+00
4445,0.000000000000e+00,-3.997184682475e-03,8.841681571072e-02,8.662860965998e-04,8.841681571072e-02,0.000000000000e+00,-3.997184682475e-03,0.000000000000e+00
4446,0.000000000000e+00,-3.958683823342e-03,8.835314821550e-02,8.483724522042e-04,8.835314821550e-02,0.000000000000e+00,-3.958683823342e-03,0.000000000000e+00
4447,0.000000000000e+00,-3.958058393158e-03,8.823865297718e-02,8.425826360259e-04,8.823865297718e-02,0.000000000000e+00,-3.958058393158e-03,0.000000000000e+00
4448,0.000000000000e+00,-3.991183916424e-03,8.808779828448e-02,8.486991619960e-04,8.808779828448e-02,0.000000000000e+00,-3.991183916424e-03,0.000000000000e+00
4449,0.000000000000e+00,-4.047862293658e-03,8.792271161802e-02,8.645001075754e-04,8.792271161802e-02,0.000000000000e+00,-4.047862293658e-03,0.000000000000e+00
4450,0.000000000000e+00,-4.119361350198e-03,8.776509180639e-02,8.875170051068e-04,8.776509180639e-02,0.000000000000e+00,-4.119361350198e-03,0.000000000000e+00
4451,0.000000000000e+00,-4.200292673148e-03,8.763334906452e-02,9.156566644004e-04,8.763334906452e-02,0.000000000000e+00,-4.200292673148e-03,0.000000000000e+00
4452,0.000000000000e+00,-4.284997915141e-03,8.754244032717e-02,9.465868603564e-04,8.754244032717e-02,0.000000000000e+00,-4.284997915141e-03,0.000000000000e+00
4453,0.000000000000e+00,-4.367787142540e-03,8.750353810327e-02,9.778027676298e-04,8.750353810327e-02,0.000000000000e+00,-4.367787142540e-03,0.000000000000e+00
4454,0.000000000000e+00,-4.442396724542e-03,8.752185615283e-02,1.006487268627e-03,8.752185615283e-02,0.000000000000e+00,-4.442396724542e-03,0.000000000000e+00
4455,0.000000000000e+00,-4.500717799478e-03,8.759300251150e-02,1.029306034501e-03,8.759300251150e-02,0.000000000000e+00,-4.500717799478e-03,0.000000000000e+00
4456,0.000000000000e+00,-4.533154468398e-03,8.770477002796e-02,1.042718230009e-03,8.770477002796e-02,0.000000000000e+00,-4.533154468398e-03,0.000000000000e+00
4457,0.000000000000e+00,-4.530272270659e-03,8.784277795138e-02,1.043671465084e-03,8.784277795138e-02,0.000000000000e+00,-4.530272270659e-03,0.000000000000e+00
4458,0.000000000000e+00,-4.488719045581e-03,8.799123088582e-02,1.031217503953e-03,8.799123088582e-02,0.000000000000e+00,-4.488719045581e-03,0.000000000000e+00
4459,0.000000000000e+00,-4.414386442442e-03,8.813386647164e-02,1.007231813245e-03,8.813386647164e-02,0.000000000000e+00,-4.414386442442e-03,0.000000000000e+00
4460,0.000000000000e+00,-4.317781685106e-03,8.825746257876e-02,9.751249512447e-04,8.825746257876e-02,0.000000000000e+00,-4.317781685106e-03,0.000000000000e+00
4461,0.000000000000e+00,-4.209724625273e-03,8.835269795340e-02,9.386126789654e-04,8.835269795340e-02,0.000000000000e+00,-4.209724625273e-03,0.000000000000e+00
4462,0.000000000000e+00,-4.102252127260e-03,8.841318321759e-02,9.017455201631e-04,8.841318321759e-02,0.000000000000e+00,-4.102252127260e-03,0.000000000000e+00
4463,0.000000000000e+00,-4.009883385855e-03,8.843093445917e-02,8.692181132696e-04,8.843093445917e-02,0.000000000000e+00,-4.009883385855e-03,0.000000000000e+00
4464,0.000000000000e+00,-3.948133640468e-03,8.839575650247e-02,8.459676735884e-04,8.839575650247e-02,0.000000000000e+00,-3.948133640468e-03,0.000000000000e+00
4465,0.000000000000e+00,-3.926076474756e-03,8.830609487266e-02,8.352579065170e-04,8.830609487266e-02,0.000000000000e+00,-3.926076474756e-03,0.000000000000e+00
4466,0.000000000000e+00,-3.944051776111e-03,8.817135308587e-02,8.379681170002e-04,8.817135308587e-02,0.000000000000e+00,-3.944051776111e-03,0.000000000000e+00
4467,0.000000000000e+00,-3.994134492207e-03,8.801010586602e-02,8.524797012367e-04,8.801010586602e-02,0.000000000000e+00,-3.994134492207e-03,0.000000000000e+00
4468,0.000000000000e+00,-4.065126001315e-03,8.784568752720e-02,8.757321165212e-04,8.784568752720e-02,0.000000000000e+00,-4.065126001315e-03,0.000000000000e+00
4469,0.000000000000e+00,-4.149267406039e-03,8.769853843220e-02,9.049519510256e-04,8.769853843220e-02,0.000000000000e+00,-4.149267406039e-03,0.000000000000e+00
4470,0.000000000000e+00,-4.240349554348e-03,8.758529867880e-02,9.375375760962e-04,8.758529867880e-02,0.000000000000e+00,-4.240349554348e-03,0.000000000000e+00
4471,0.000000000000e+00,-4.331944234888e-03,8.751829913271e-02,9.708140052973e-04,8.751829913271e-02,0.000000000000e+00,-4.331944234888e-03,0.000000000000e+00
4472,0.000000000000e+00,-4.417861746225e-03,8.750561572131e-02,1.002063977801e-03,8.750561572131e-02,0.000000000000e+00,-4.417861746225e-03,0.000000000000e+00
4473,0.000000000000e+00,-4.491042672751e-03,8.755010825286e-02,1.028226466873e-03,8.755010825286e-02,0.000000000000e+00,-4.491042672751e-03,0.000000000000e+00
4474,0.000000000000e+00,-4.541707352819e-03,8.764444010224e-02,1.045715545141e-03,8.764444010224e-02,0.000000000000e+00,-4.541707352819e-03,0.000000000000e+00
4475,0.000000000000e+00,-4.560014134293e-03,8.777229213672e-02,1.051348127218e-03,8.777229213672e-02,0.000000000000e+00,-4.560014134293e-03,0.000000000000e+00
4476,0.000000000000e+00,-4.538556765211e-03,8.791691965296e-02,1.043150032141e-03,8.791691965296e-02,0.000000000000e+00,-4.538556765211e-03,0.000000000000e+00
4477,0.000000000000e+00,-4.478296108771e-03,8.806195063708e-02,1.021820543928e-03,8.806195063708e-02,0.000000000000e+00,-4.478296108771e-03,0.000000000000e+00
4478,0.000000000000e+00,-4.389224521695e-03,8.819221032333e-02,9.907173871370e-04,8.819221032333e-02,0.000000000000e+00,-4.389224521695e-03,0.000000000000e+00
4479,0.000000000000e+00,-4.282935050327e-03,8.829711054231e-02,9.538697991590e-04,8.829711054231e-02,0.000000000000e+00,-4.282935050327e-03,0.000000000000e+00
4480,0.000000000000e+00,-4.170632499180e-03,8.837014896425e-02,9.152747409885e-04,8.837014896425e-02,0.000000000000e+00,-4.170632499180e-03,0.000000000000e+00
4481,0.000000000000e+00,-4.064672428269e-03,8.840616874808e-02,8.791672544108e-04,8.840616874808e-02,0.000000000000e+00,-4.064672428269e-03,0.000000000000e+00
4482,0.000000000000e+00,-3.980464459218e-03,8.839710031217e-02,8.504590698040e-04,8.839710031217e-02,0.000000000000e+00,-3.980464459218e-03,0.000000000000e+00
4483,0.000000000000e+00,-3.932900964335e-03,8.833565499625e-02,8.338098100866e-04,8.833565499625e-02,0.000000000000e+00,-3.932900964335e-03,0.000000000000e+00
4484,0.000000000000e+00,-3.928149971053e-03,8.822504503090e-02,8.314915915190e-04,8.822504503090e-02,0.000000000000e+00,-3.928149971053e-03,0.000000000000e+00
4485,0.000000000000e+00,-3.961502660330e-03,8.808109144827e-02,8.425934107796e-04,8.808109144827e-02,0.000000000000e+00,-3.961502660330e-03,0.000000000000e+00
4486,0.000000000000e+00,-4.021986746197e-03,8.792475015533e-02,8.640087010836e-04,8.792475015533e-02,0.000000000000e+00,-4.021986746197e-03,0.000000000000e+00
4487,0.000000000000e+00,-4.099814034859e-03,8.777516869024e-02,8.923892755186e-04,8.777516869024e-02,0.000000000000e+00,-4.099814034859e-03,0.000000000000e+00
4488,0.000000000000e+00,-4.188280757066e-03,8.764911069752e-02,9.249454842701e-04,8.764911069752e-02,0.000000000000e+00,-4.188280757066e-03,0.000000000000e+00
4489,0.000000000000e+00,-4.281189451496e-03,8.756109755604e-02,9.590424671830e-04,8.756109755604e-02,0.000000000000e+00,-4.281189451496e-03,0.000000000000e+00
4490,0.000000000000e+00,-4.372401783739e-03,8.752276963236e-02,9.920071076895e-04,8.752276963236e-02,0.000000000000e+00,-4.372401783739e-03,0.000000000000e+00
4491,0.000000000000e+00,-4.455120359199e-03,8.754095415679e-02,1.020852335071e-03,8.754095415679e-02,0.000000000000e+00,-4.455120359199e-03,0.000000000000e+00
4492,0.000000000000e+00,-4.519026720637e-03,8.761353561511e-02,1.041765307522e-03,8.761353561511e-02,0.000000000000e+00,-4.519026720637e-03,0.000000000000e+00
4493,0.000000000000e+00,-4.552540709270e-03,8.772725296102e-02,1.051055347386e-03,8.772725296102e-02,0.000000000000e+00,-4.552540709270e-03,0.000000000000e+00
4494,0.000000000000e+00,-4.547555197159e-03,8.786415379267e-02,1.046582451035e-03,8.786415379267e-02,0.000000000000e+00,-4.547555197159e-03,0.000000000000e+00
4495,0.000000000000e+00,-4.503435935397e-03,8.800689555655e-02,1.028772860449e-03,8.800689555655e-02,0.000000000000e+00,-4.503435935397e-03,0.000000000000e+00
4496,0.000000000000e+00,-4.427478247347e-03,8.814036947625e-02,1.000488376908e-03,8.814036947625e-02,0.000000000000e+00,-4.427478247347e-03,0.000000000000e+00
4497,0.000000000000e+00,-4.329762677438e-03,8.825349019898e-02,9.654445895615e-04,8.825349019898e-02,0.000000000000e+00,-4.329762677438e-03,0.000000000000e+00
4498,0.000000000000e+00,-4.220293749076e-03,8.833846119183e-02,9.273240637943e-04,8.833846119183e-02,0.000000000000e+00,-4.220293749076e-03,0.000000000000e+00
4499,0.000000000000e+00,-4.110018372581e-03,8.838891024924e-02,8.899931196515e-04,8.838891024924e-02,0.000000000000e+00,-4.110018372581e-03,0.000000000000e+00
4500,0.000000000000e+00,-4.014414336796e-03,8.839689509082e-02,8.583625911164e-04,8.839689509082e-02,0.000000000000e+00,-4.014414336796e-03,0.000000000000e+00
4501,0.000000000000e+00,-3.951431015900e-03,8.835479923363e-02,8.378143186825e-04,8.835479923363e-02,0.000000000000e+00,-3.951431015900e-03,0.000000000000e+00
4502,0.000000000000e+00,-3.931333936431e-03,8.826381474950e-02,8.315929395154e-04,8.826381474950e-02,0.000000000000e+00,-3.931333936431e-03,0.000000000000e+00
4503,0.000000000000e+00,-3.953806827428e-03,8.813375633096e-02,8.398879074469e-04,8.813375633096e-02,0.000000000000e+00,-3.953806827428e-03,0.000000000000e+00
4504,0.000000000000e+00,-4.010468402724e-03,8.798093018402e-02,8.602660799192e-04,8.798093018402e-02,0.000000000000e+00,-4.010468402724e-03,0.000000000000e+00
4505,0.000000000000e+00,-4.089297967975e-03,8.782634297134e-02,8.888307724216e-04,8.782634297134e-02,0.000000000000e+00,-4.089297967975e-03,0.000000000000e+00
4506,0.000000000000e+00,-4.180077073554e-03,8.768978376137e-02,9.218587999265e-04,8.768978376137e-02,0.000000000000e+00,-4.180077073554e-03,0.000000000000e+00
4507,0.000000000000e+00,-4.275137679567e-03,8.758744058848e-02,9.562599521551e-04,8.758744058848e-02,0.000000000000e+00,-4.275137679567e-03,0.000000000000e+00
4508,0.000000000000e+00,-4.368769228689e-03,8.753233184034e-02,9.894708598312e-04,8.753233184034e-02,0.000000000000e+00,-4.368769228689e-03,0.000000000000e+00
4509,0.000000000000e+00,-4.454816190735e-03,8.753369059571e-02,1.018783106269e-03,8.753369059571e-02,0.000000000000e+00,-4.454816190735e-03,0.000000000000e+00
4510,0.000000000000e+00,-4.523954645434e-03,8.759131751663e-02,1.040731898009e-03,8.759131751663e-02,0.000000000000e+00,-4.523954645434e-03,0.000000000000e+00
4511,0.000000000000e+00,-4.565056572132e-03,8.769235390182e-02,1.051775582255e-03,8.769235390182e-02,0.000000000000e+00,-4.565056572132e-03,0.000000000000e+00
4512,0.000000000000e+00,-4.568783292212e-03,8.781912616246e-02,1.049489231067e-03,8.781912616246e-02,0.000000000000e+00,-4.568783292212e-03,0.000000000000e+00
4513,0.000000000000e+00,-4.530195825231e-03,8.795702051233e-02,1.033221518515e-03,8.795702051233e-02,0.000000000000e+00,-4.530195825231e-03,0.000000000000e+00
4514,0.000000000000e+00,-4.453678071611e-03,8.809216986448e-02,1.005065066841e-03,8.809216986448e-02,0.000000000000e+00,-4.453678071611e-03,0.000000000000e+00
4515,0.000000000000e+00,-4.351962067906e-03,8.821118063950e-02,9.693493593156e-04,8.821118063950e-02,0.000000000000e+00,-4.351962067906e-03,0.000000000000e+00
4516,0.000000000000e+00,-4.237910214919e-03,8.830452189147e-02,9.305136275438e-04,8.830452189147e-02,0.000000000000e+00,-4.237910214919e-03,0.000000000000e+00
4517,0.000000000000e+00,-4.122438620283e-03,8.836651176566e-02,8.924593410352e-04,8.836651176566e-02,0.000000000000e+00,-4.122438620283e-03,0.000000000000e+00
4518,0.000000000000e+00,-4.017554547983e-03,8.839151770830e-02,8.592680894669e-04,8.839151770830e-02,0.000000000000e+00,-4.017554547983e-03,0.000000000000e+00
4519,0.000000000000e+00,-3.940784315570e-03,8.837002310635e-02,8.362012066604e-04,8.837002310635e-02,0.000000000000e+00,-3.940784315570e-03,0.000000000000e+00
4520,0.000000000000e+00,-3.907726912523e-03,8.829722689016e-02,8.277359213013e-04,8.829722689016e-02,0.000000000000e+00,-3.907726912523e-03,0.000000000000e+00
4521,0.000000000000e+00,-3.922079751496e-03,8.818072190268e-02,8.349440214279e-04,8.818072190268e-02,0.000000000000e+00,-3.922079751496e-03,0.000000000000e+00
4522,0.000000000000e+00,-3.976084281629e-03,8.803776126527e-02,8.553796371225e-04,8.803776126527e-02,0.000000000000e+00,-3.976084281629e-03,0.000000000000e+00
4523,0.000000000000e+00,-4.056692667078e-03,8.788764078339e-02,8.847211075654e-04,8.788764078339e-02,0.000000000000e+00,-4.056692667078e-03,0.000000000000e+00
4524,0.000000000000e+00,-4.152223572165e-03,8.774748612434e-02,9.188145097571e-04,8.774748612434e-02,0.000000000000e+00,-4.152223572165e-03,0.000000000000e+00
4525,0.000000000000e+00,-4.254484205555e-03,8.763286684764e-02,9.544861691291e-04,8.763286684764e-02,0.000000000000e+00,-4.254484205555e-03,0.000000000000e+00
4526,0.000000000000e+00,-4.356330473774e-03,8.755756165448e-02,9.889930468038e-04,8.755756165448e-02,0.000000000000e+00,-4.356330473774e-03,0.000000000000e+00
4527,0.000000000000e+00,-4.451034576949e-03,8.753356472800e-02,1.019631622124e-03,8.753356472800e-02,0.000000000000e+00,-4.451034576949e-03,0.000000000000e+00
4528,0.000000000000e+00,-4.530445221274e-03,8.756660441429e-02,1.043275411803e-03,8.756660441429e-02,0.000000000000e+00,-4.530445221274e-03,0.000000000000e+00
4529,0.000000000000e+00,-4.583363977190e-03,8.765044941209e-02,1.056326236319e-03,8.765044941209e-02,0.000000000000e+00,-4.583363977190e-03,0.000000000000e+00
4530,0.000000000000e+00,-4.598628666641e-03,8.776933911661e-02,1.055905474618e-03,8.776933911661e-02,0.000000000000e+00,-4.598628666641e-03,0.000000000000e+00
4531,0.000000000000e+00,-4.569438073271e-03,8.790615772243e-02,1.041027558158e-03,8.790615772243e-02,0.000000000000e+00,-4.569438073271e-03,0.000000000000e+00
4532,0.000000000000e+00,-4.499117311346e-03,8.804481911429e-02,1.013695803772e-03,8.804481911429e-02,0.000000000000e+00,-4.499117311346e-03,0.000000000000e+00
4533,0.000000000000e+00,-4.399792668279e-03,8.817096573654e-02,9.782146940684e-04,8.817096573654e-02,0.000000000000e+00,-4.399792668279e-03,0.000000000000e+00
4534,0.000000000000e+00,-4.283617927932e-03,8.827454723955e-02,9.388561781543e-04,8.827454723955e-02,0.000000000000e+00,-4.283617927932e-03,0.000000000000e+00
4535,0.000000000000e+00,-4.160905327558e-03,8.834860961707e-02,8.992995024628e-04,8.834860961707e-02,0.000000000000e+00,-4.160905327558e-03,0.000000000000e+00
4536,0.000000000000e+00,-4.043110118357e-03,8.838748547468e-02,8.633704583163e-04,8.838748547468e-02,0.000000000000e+00,-4.043110118357e-03,0.000000000000e+00
4537,0.000000000000e+00,-3.947242177393e-03,8.838292995642e-02,8.361708324383e-04,8.838292995642e-02,0.000000000000e+00,-3.947242177393e-03,0.000000000000e+00
4538,0.000000000000e+00,-3.892211360451e-03,8.832832701901e-02,8.229776343165e-04,8.832832701901e-02,0.000000000000e+00,-3.892211360451e-03,0.000000000000e+00
4539,0.000000000000e+00,-3.887390582529e-03,8.822786834467e-02,8.261723188567e-04,8.822786834467e-02,0.000000000000e+00,-3.887390582529e-03,0.000000000000e+00
4540,0.000000000000e+00,-3.930123295433e-03,8.809376396877e-02,8.445318725069e-04,8.809376396877e-02,0.000000000000e+00,-3.930123295433e-03,0.000000000000e+00
4541,0.000000000000e+00,-4.008416325366e-03,8.794324817743e-02,8.740078011201e-04,8.794324817743e-02,0.000000000000e+00,-4.008416325366e-03,0.000000000000e+00
4542,0.000000000000e+00,-4.107428545648e-03,8.779657049723e-02,9.095945668946e-04,8.779657049723e-02,0.000000000000e+00,-4.107428545648e-03,0.000000000000e+00
4543,0.000000000000e+00,-4.215917771966e-03,8.767167014530e-02,9.472072407085e-04,8.767167014530e-02,0.000000000000e+00,-4.215917771966e-03,0.000000000000e+00
4544,0.000000000000e+00,-4.325185052151e-03,8.758332869974e-02,9.836107787274e-04,8.758332869974e-02,0.000000000000e+00,-4.325185052151e-03,0.000000000000e+00
4545,0.000000000000e+00,-4.428645532865e-03,8.754307292201e-02,1.016204451604e-03,8.754307292201e-02,0.000000000000e+00,-4.428645532865e-03,0.000000000000e+00
4546,0.000000000000e+00,-4.519227167747e-03,8.755792785440e-02,1.042256728727e-03,8.755792785440e-02,0.000000000000e+00,-4.519227167747e-03,0.000000000000e+00
4547,0.000000000000e+00,-4.586379730797e-03,8.762522048064e-02,1.058371707418e-03,8.762522048064e-02,0.000000000000e+00,-4.586379730797e-03,0.000000000000e+00
4548,0.000000000000e+00,-4.616550173588e-03,8.773279169334e-02,1.061021484175e-03,8.773279169334e-02,0.000000000000e+00,-4.616550173588e-03,0.000000000000e+00
4549,0.000000000000e+00,-4.600381277746e-03,8.786380100906e-02,1.048543879809e-03,8.786380100906e-02,0.000000000000e+00,-4.600381277746e-03,0.000000000000e+00
4550,0.000000000000e+00,-4.540290861085e-03,8.800000568212e-02,1.022837453954e-03,8.800000568212e-02,0.000000000000e+00,-4.540290861085e-03,0.000000000000e+00
4551,0.000000000000e+00,-4.447690262326e-03,8.812659811654e-02,9.882419275893e-04,8.812659811654e-02,0.000000000000e+00,-4.447690262326e-03,0.000000000000e+00
4552,0.000000000000e+00,-4.334245081940e-03,8.823438479731e-02,9.490405748981e-04,8.823438479731e-02,0.000000000000e+00,-4.334245081940e-03,0.000000000000e+00
4553,0.000000000000e+00,-4.209691004801e-03,8.831690481544e-02,9.087691018115e-04,8.831690481544e-02,0.000000000000e+00,-4.209691004801e-03,0.000000000000e+00
4554,0.000000000000e+00,-4.084491958044e-03,8.836793317200e-02,8.709745770418e-04,8.836793317200e-02,0.000000000000e+00,-4.084491958044e-03,0.000000000000e+00
4555,0.000000000000e+00,-3.975412578728e-03,8.837849058344e-02,8.407208435463e-04,8.837849058344e-02,0.000000000000e+00,-3.975412578728e-03,0.000000000000e+00
4556,0.000000000000e+00,-3.904802424323e-03,8.833953166572e-02,8.241852217048e-04,8.833953166572e-02,0.000000000000e+00,-3.904802424323e-03,0.000000000000e+00
4557,0.000000000000e+00,-3.887212497516e-03,8.825154203652e-02,8.250410555617e-04,8.825154203652e-02,0.000000000000e+00,-3.887212497516e-03,0.000000000000e+00
4558,0.000000000000e+00,-3.922224039394e-03,8.812616136402e-02,8.424885284133e-04,8.812616136402e-02,0.000000000000e+00,-3.922224039394e-03,0.000000000000e+00
4559,0.000000000000e+00,-3.996113708724e-03,8.798259261533e-02,8.718198273959e-04,8.798259261533e-02,0.000000000000e+00,-3.996113708724e-03,0.000000000000e+00
4560,0.000000000000e+00,-4.092304431355e-03,8.783996101390e-02,9.073757312690e-04,8.783996101390e-02,0.000000000000e+00,-4.092304431355e-03,0.000000000000e+00
4561,0.000000000000e+00,-4.199183327556e-03,8.771349871987e-02,9.448842752583e-04,8.771349871987e-02,0.000000000000e+00,-4.199183327556e-03,0.000000000000e+00
4562,0.000000000000e+00,-4.308332111694e-03,8.761707696007e-02,9.812271497182e-04,8.761707696007e-02,0.000000000000e+00,-4.308332111694e-03,0.000000000000e+00
4563,0.000000000000e+00,-4.413368278797e-03,8.756375026453e-02,1.013952393645e-03,8.756375026453e-02,0.000000000000e+00,-4.413368278797e-03,0.000000000000e+00
4564,0.000000000000e+00,-4.506897463596e-03,8.756389452449e-02,1.040341388567e-03,8.756389452449e-02,0.000000000000e+00,-4.506897463596e-03,0.000000000000e+00
4565,0.000000000000e+00,-4.577629678798e-03,8.761825790439e-02,1.056892208938e-03,8.761825790439e-02,0.000000000000e+00,-4.577629678798e-03,0.000000000000e+00
4566,0.000000000000e+00,-4.612244313713e-03,8.771596074732e-02,1.060176932848e-03,8.771596074732e-02,0.000000000000e+00,-4.612244313713e-03,0.000000000000e+00
4567,0.000000000000e+00,-4.601802671780e-03,8.783986462010e-02,1.048683758773e-03,8.783986462010e-02,0.000000000000e+00,-4.601802671780e-03,0.000000000000e+00
4568,0.000000000000e+00,-4.544803844903e-03,8.797386730597e-02,1.023431190857e-03,8.797386730597e-02,0.000000000000e+00,-4.544803844903e-03,0.000000000000e+00
4569,0.000000000000e+00,-4.450086668569e-03,8.810357805569e-02,9.881804975266e-04,8.810357805569e-02,0.000000000000e+00,-4.450086668569e-03,0.000000000000e+00
4570,0.000000000000e+00,-4.332997262754e-03,8.821655884189e-02,9.481305237157e-04,8.821655884189e-02,0.000000000000e+00,-4.332997262754e-03,0.000000000000e+00
4571,0.000000000000e+00,-4.206635186009e-03,8.830423946379e-02,9.076846352083e-04,8.830423946379e-02,0.000000000000e+00,-4.206635186009e-03,0.000000000000e+00
4572,0.000000000000e+00,-4.081741905975e-03,8.836095633119e-02,8.703868482438e-04,8.836095633119e-02,0.000000000000e+00,-4.081741905975e-03,0.000000000000e+00
4573,0.000000000000e+00,-3.971071222716e-03,8.838067923091e-02,8.401659106649e-04,8.838067923091e-02,0.000000000000e+00,-3.971071222716e-03,0.000000000000e+00
4574,0.000000000000e+00,-3.893916510620e-03,8.835470347012e-02,8.223764407276e-04,8.835470347012e-02,0.000000000000e+00,-3.893916510620e-03,0.000000000000e+00
4575,0.000000000000e+00,-3.867618755490e-03,8.827972837341e-02,8.213476636984e-04,8.827972837341e-02,0.000000000000e+00,-3.867618755490e-03,0.000000000000e+00
4576,0.000000000000e+00,-3.896198856341e-03,8.816429749118e-02,8.373523380114e-04,8.816429749118e-02,0.000000000000e+00,-3.896198856341e-03,0.000000000000e+00
4577,0.000000000000e+00,-3.968417255251e-03,8.802641618392e-02,8.662633023574e-04,8.802641618392e-02,0.000000000000e+00,-3.968417255251e-03,0.000000000000e+00
4578,0.000000000000e+00,-4.067387357927e-03,8.788383051488e-02,9.023321671748e-04,8.788383051488e-02,0.000000000000e+00,-4.067387357927e-03,0.000000000000e+00
4579,0.000000000000e+00,-4.180411733886e-03,8.775065989779e-02,9.410285325741e-04,8.775065989779e-02,0.000000000000e+00,-4.180411733886e-03,0.000000000000e+00
4580,0.000000000000e+00,-4.298141051676e-03,8.764169963103e-02,9.790280378101e-04,8.764169963103e-02,0.000000000000e+00,-4.298141051676e-03,0.000000000000e+00
4581,0.000000000000e+00,-4.411639869647e-03,8.757176249130e-02,1.013407594644e-03,8.757176249130e-02,0.000000000000e+00,-4.411639869647e-03,0.000000000000e+00
4582,0.000000000000e+00,-4.512706433230e-03,8.755382099320e-02,1.041365303019e-03,8.755382099320e-02,0.000000000000e+00,-4.512706433230e-03,0.000000000000e+00
4583,0.000000000000e+00,-4.591401430873e-03,8.759419589968e-02,1.059613856660e-03,8.759419589968e-02,0.000000000000e+00,-4.591401430873e-03,0.000000000000e+00
4584,0.000000000000e+00,-4.634750251339e-03,8.768527388701e-02,1.064672466895e-03,8.768527388701e-02,0.000000000000e+00,-4.634750251339e-03,0.000000000000e+00
4585,0.000000000000e+00,-4.633308221439e-03,8.780728839111e-02,1.054912123491e-03,8.780728839111e-02,0.000000000000e+00,-4.633308221439e-03,0.000000000000e+00
4586,0.000000000000e+00,-4.583926309611e-03,8.794091780205e-02,1.031092317743e-03,8.794091780205e-02,0.000000000000e+00,-4.583926309611e-03,0.000000000000e+00
4587,0.000000000000e+00,-4.493034080883e-03,8.807133094170e-02,9.965628862661e-04,8.807133094170e-02,0.000000000000e+00,-4.493034080883e-03,0.000000000000e+00
4588,0.000000000000e+00,-4.375014878020e-03,8.818709387205e-02,9.563382669689e-04,8.818709387205e-02,0.000000000000e+00,-4.375014878020e-03,0.000000000000e+00
4589,0.000000000000e+00,-4.243165304408e-03,8.828047503758e-02,9.148069098202e-04,8.828047503758e-02,0.000000000000e+00,-4.243165304408e-03,0.000000000000e+00
4590,0.000000000000e+00,-4.108709487637e-03,8.834536436588e-02,8.755660365095e-04,8.834536436588e-02,0.000000000000e+00,-4.108709487637e-03,0.000000000000e+00
4591,0.000000000000e+00,-3.984452890814e-03,8.837511402789e-02,8.425618071402e-04,8.837511402789e-02,0.000000000000e+00,-3.984452890814e-03,0.000000000000e+00
4592,0.000000000000e+00,-3.890404280104e-03,8.836102805005e-02,8.213687052817e-04,8.836102805005e-02,0.000000000000e+00,-3.890404280104e-03,0.000000000000e+00
4593,0.000000000000e+00,-3.848578784253e-03,8.829738859732e-02,8.174619999102e-04,8.829738859732e-02,0.000000000000e+00,-3.848578784253e-03,0.000000000000e+00
4594,0.000000000000e+00,-3.866567973052e-03,8.819147575076e-02,8.318905420750e-04,8.819147575076e-02,0.000000000000e+00,-3.866567973052e-03,0.000000000000e+00
4595,0.000000000000e+00,-3.935645225640e-03,8.805907679380e-02,8.609672839038e-04,8.805907679380e-02,0.000000000000e+00,-3.935645225640e-03,0.000000000000e+00
4596,0.000000000000e+00,-4.038606846089e-03,8.791724013417e-02,8.987176802139e-04,8.791724013417e-02,0.000000000000e+00,-4.038606846089e-03,0.000000000000e+00
4597,0.000000000000e+00,-4.157917576260e-03,8.778349727696e-02,9.393176715295e-04,8.778349727696e-02,0.000000000000e+00,-4.157917576260e-03,0.000000000000e+00
4598,0.000000000000e+00,-4.281436604350e-03,8.767302694097e-02,9.786611041975e-04,8.767302694097e-02,0.000000000000e+00,-4.281436604350e-03,0.000000000000e+00
4599,0.000000000000e+00,-4.400133225679e-03,8.759884163087e-02,1.013783435809e-03,8.759884163087e-02,0.000000000000e+00,-4.400133225679e-03,0.000000000000e+00
4600,0.000000000000e+00,-4.506775003732e-03,8.757268245631e-02,1.042199091318e-03,8.757268245631e-02,0.000000000000e+00,-4.506775003732e-03,0.000000000000e+00
4601,0.000000000000e+00,-4.591770823795e-03,8.760182863738e-02,1.060832010798e-03,8.760182863738e-02,0.000000000000e+00,-4.591770823795e-03,0.000000000000e+00
4602,0.000000000000e+00,-4.641540699653e-03,8.768096374571e-02,1.066209663002e-03,8.768096374571e-02,0.000000000000e+00,-4.641540699653e-03,0.000000000000e+00
4603,0.000000000000e+00,-4.644576471831e-03,8.779352533374e-02,1.056321571041e-03,8.779352533374e-02,0.000000000000e+00,-4.644576471831e-03,0.000000000000e+00
4604,0.000000000000e+00,-4.596934645169e-03,8.792134975452e-02,1.031863968530e-03,8.792134975452e-02,0.000000000000e+00,-4.596934645169e-03,0.000000000000e+00
4605,0.000000000000e+00,-4.506689538690e-03,8.804844831712e-02,9.967677002700e-04,8.804844831712e-02,0.000000000000e+00,-4.506689538690e-03,0.000000000000e+00
4606,0.000000000000e+00,-4.389324030859e-03,8.816304954837e-02,9.564539548874e-04,8.816304954837e-02,0.000000000000e+00,-4.389324030859e-03,0.000000000000e+00
4607,0.000000000000e+00,-4.257969164083e-03,8.825810662873e-02,9.152747999518e-04,8.825810662873e-02,0.000000000000e+00,-4.257969164083e-03,0.000000000000e+00
4608,0.000000000000e+00,-4.122769347186e-03,8.832799907243e-02,8.764539371451e-04,8.832799907243e-02,0.000000000000e+00,-4.122769347186e-03,0.000000000000e+00
4609,0.000000000000e+00,-3.995323496787e-03,8.836522495616e-02,8.435368485386e-04,8.836522495616e-02,0.000000000000e+00,-3.995323496787e-03,0.000000000000e+00
4610,0.000000000000e+00,-3.895610764882e-03,8.835985380828e-02,8.220162021814e-04,8.835985380828e-02,0.000000000000e+00,-3.895610764882e-03,0.000000000000e+00
4611,0.000000000000e+00,-3.847544079042e-03,8.830548869051e-02,8.176944851641e-04,8.830548869051e-02,0.000000000000e+00,-3.847544079042e-03,0.000000000000e+00
4612,0.000000000000e+00,-3.862333879232e-03,8.820661094658e-02,8.323334133457e-04,8.820661094658e-02,0.000000000000e+00,-3.862333879232e-03,0.000000000000e+00
4613,0.000000000000e+00,-3.933036558507e-03,8.807771590092e-02,8.624810771430e-04,8.807771590092e-02,0.000000000000e+00,-3.933036558507e-03,0.000000000000e+00
4614,0.000000000000e+00,-4.040130136141e-03,8.793835321685e-02,9.014242066448e-04,8.793835321685e-02,0.000000000000e+00,-4.040130136141e-03,0.000000000000e+00
4615,0.000000000000e+00,-4.163031506068e-03,8.780605220445e-02,9.425504680889e-04,8.780605220445e-02,0.000000000000e+00,-4.163031506068e-03,0.000000000000e+00
4616,0.000000000000e+00,-4.288598250468e-03,8.769392979280e-02,9.815862556974e-04,8.769392979280e-02,0.000000000000e+00,-4.288598250468e-03,0.000000000000e+00
4617,0.000000000000e+00,-4.408205484680e-03,8.761435319688e-02,1.015821200157e-03,8.761435319688e-02,0.000000000000e+00,-4.408205484680e-03,0.000000000000e+00
4618,0.000000000000e+00,-4.514928524779e-03,8.758049575006e-02,1.043015621627e-03,8.758049575006e-02,0.000000000000e+00,-4.514928524779e-03,0.000000000000e+00
4619,0.000000000000e+00,-4.599291636719e-03,8.760228658749e-02,1.060277589230e-03,8.760228658749e-02,0.000000000000e+00,-4.599291636719e-03,0.000000000000e+00
4620,0.000000000000e+00,-4.648212898612e-03,8.767577217888e-02,1.064420498398e-03,8.767577217888e-02,0.000000000000e+00,-4.648212898612e-03,0.000000000000e+00
4621,0.000000000000e+00,-4.650037186573e-03,8.778456503096e-02,1.053584308117e-03,8.778456503096e-02,0.000000000000e+00,-4.650037186573e-03,0.000000000000e+00
4622,0.000000000000e+00,-4.600563942964e-03,8.791028740865e-02,1.028537215641e-03,8.791028740865e-02,0.000000000000e+00,-4.600563942964e-03,0.000000000000e+00
4623,0.000000000000e+00,-4.508045967486e-03,8.803671380537e-02,9.932717674013e-04,8.803671380537e-02,0.000000000000e+00,-4.508045967486e-03,0.000000000000e+00
4624,0.000000000000e+00,-4.387942551126e-03,8.815225000545e-02,9.531231972791e-04,8.815225000545e-02,0.000000000000e+00,-4.387942551126e-03,0.000000000000e+00
4625,0.000000000000e+00,-4.253182104526e-03,8.825027085086e-02,9.122640613252e-04,8.825027085086e-02,0.000000000000e+00,-4.253182104526e-03,0.000000000000e+00
4626,0.000000000000e+00,-4.114599457129e-03,8.832466457516e-02,8.739303715076e-04,8.832466457516e-02,0.000000000000e+00,-4.114599457129e-03,0.000000000000e+00
4627,0.000000000000e+00,-3.983909358489e-03,8.836792588220e-02,8.414690991159e-04,8.836792588220e-02,0.000000000000e+00,-3.983909358489e-03,0.000000000000e+00
4628,0.000000000000e+00,-3.879801969573e-03,8.837010213204e-02,8.199348066405e-04,8.837010213204e-02,0.000000000000e+00,-3.879801969573e-03,0.000000000000e+00
4629,0.000000000000e+00,-3.826677878509e-03,8.832318135436e-02,8.152487668879e-04,8.832318135436e-02,0.000000000000e+00,-3.826677878509e-03,0.000000000000e+00
4630,0.000000000000e+00,-3.838486556805e-03,8.822975522549e-02,8.297936851256e-04,8.822975522549e-02,0.000000000000e+00,-3.838486556805e-03,0.000000000000e+00
4631,0.000000000000e+00,-3.909975106251e-03,8.810367904881e-02,8.604505814515e-04,8.810367904881e-02,0.000000000000e+00,-3.909975106251e-03,0.000000000000e+00
4632,0.000000000000e+00,-4.021844542088e-03,8.796447406081e-02,9.004883008324e-04,8.796447406081e-02,0.000000000000e+00,-4.021844542088e-03,0.000000000000e+00
4633,0.000000000000e+00,-4.152397103289e-03,8.782931281581e-02,9.430403402280e-04,8.782931281581e-02,0.000000000000e+00,-4.152397103289e-03,0.000000000000e+00
4634,0.000000000000e+00,-4.286613470815e-03,8.771126632832e-02,9.834840631562e-04,8.771126632832e-02,0.000000000000e+00,-4.286613470815e-03,0.000000000000e+00
4635,0.000000000000e+00,-4.414398387492e-03,8.762345832182e-02,1.018865300761e-03,8.762345832182e-02,0.000000000000e+00,-4.414398387492e-03,0.000000000000e+00
4636,0.000000000000e+00,-4.527649221397e-03,8.758111462933e-02,1.046730785772e-03,8.758111462933e-02,0.000000000000e+00,-4.527649221397e-03,0.000000000000e+00
4637,0.000000000000e+00,-4.616694977273e-03,8.759657037186e-02,1.064173930481e-03,8.759657037186e-02,0.000000000000e+00,-4.616694977273e-03,0.000000000000e+00
4638,0.000000000000e+00,-4.667175410241e-03,8.766844235887e-02,1.067729283099e-03,8.766844235887e-02,0.000000000000e+00,-4.667175410241e-03,0.000000000000e+00
4639,0.000000000000e+00,-4.666625637257e-03,8.777981136981e-02,1.055479195829e-03,8.777981136981e-02,0.000000000000e+00,-4.666625637257e-03,0.000000000000e+00
4640,0.000000000000e+00,-4.612384301552e-03,8.790825199394e-02,1.028783235403e-03,8.790825199394e-02,0.000000000000e+00,-4.612384301552e-03,0.000000000000e+00
4641,0.000000000000e+00,-4.511452338510e-03,8.803634442618e-02,9.914921205879e-04,8.803634442618e-02,0.000000000000e+00,-4.511452338510e-03,0.000000000000e+00
4642,0.000000000000e+00,-4.379054467476e-03,8.815262236804e-02,9.489001777677e-04,8.815262236804e-02,0.000000000000e+00,-4.379054467476e-03,0.000000000000e+00
4643,0.000000000000e+00,-4.233034417353e-03,8.824923333293e-02,9.062643180699e-04,8.824923333293e-02,0.000000000000e+00,-4.233034417353e-03,0.000000000000e+00
4644,0.000000000000e+00,-4.087563465714e-03,8.832061206987e-02,8.675133014495e-04,8.832061206987e-02,0.000000000000e+00,-4.087563465714e-03,0.000000000000e+00
4645,0.000000000000e+00,-3.954059516788e-03,8.836088792389e-02,8.358135475310e-04,8.836088792389e-02,0.000000000000e+00,-3.954059516788e-03,0.000000000000e+00
4646,0.000000000000e+00,-3.850228616958e-03,8.836080594720e-02,8.159139071471e-04,8.836080594720e-02,0.000000000000e+00,-3.850228616958e-03,0.000000000000e+00
4647,0.000000000000e+00,-3.800230287479e-03,8.831368065652e-02,8.135181467160e-04,8.831368065652e-02,0.000000000000e+00,-3.800230287479e-03,0.000000000000e+00
4648,0.000000000000e+00,-3.817477826663e-03,8.822390735502e-02,8.305695283018e-04,8.822390735502e-02,0.000000000000e+00,-3.817477826663e-03,0.000000000000e+00
4649,0.000000000000e+00,-3.896339623047e-03,8.810474402005e-02,8.635625689165e-04,8.810474402005e-02,0.000000000000e+00,-3.896339623047e-03,0.000000000000e+00
4650,0.000000000000e+00,-4.016516735103e-03,8.797341312503e-02,9.054281983206e-04,8.797341312503e-02,0.000000000000e+00,-4.016516735103e-03,0.000000000000e+00
4651,0.000000000000e+00,-4.155094271903e-03,8.784422506404e-02,9.491162377418e-04,8.784422506404e-02,0.000000000000e+00,-4.155094271903e-03,0.000000000000e+00
4652,0.000000000000e+00,-4.296474174374e-03,8.772870659081e-02,9.900373154878e-04,8.772870659081e-02,0.000000000000e+00,-4.296474174374e-03,0.000000000000e+00
4653,0.000000000000e+00,-4.430188203943e-03,8.764037506568e-02,1.025290219193e-03,8.764037506568e-02,0.000000000000e+00,-4.430188203943e-03,0.000000000000e+00
4654,0.000000000000e+00,-4.547644063461e-03,8.759385414073e-02,1.052517002922e-03,8.759385414073e-02,0.000000000000e+00,-4.547644063461e-03,0.000000000000e+00
4655,0.000000000000e+00,-4.639968334003e-03,8.760119060923e-02,1.069149336377e-03,8.760119060923e-02,0.000000000000e+00,-4.639968334003e-03,0.000000000000e+00
4656,0.000000000000e+00,-4.693533578671e-03,8.766399982358e-02,1.071932494885e-03,8.766399982358e-02,0.000000000000e+00,-4.693533578671e-03,0.000000000000e+00
4657,0.000000000000e+00,-4.694637621243e-03,8.776865673666e-02,1.058780651606e-03,8.776865673666e-02,0.000000000000e+00,-4.694637621243e-03,0.000000000000e+00
4658,0.000000000000e+00,-4.640037991534e-03,8.789326013838e-02,1.031099470599e-03,8.789326013838e-02,0.000000000000e+00,-4.640037991534e-03,0.000000000000e+00
4659,0.000000000000e+00,-4.537103788712e-03,8.801958443262e-02,9.929776595592e-04,8.801958443262e-02,0.000000000000e+00,-4.537103788712e-03,0.000000000000e+00
4660,0.000000000000e+00,-4.401190630944e-03,8.813593569526e-02,9.497873943544e-04,8.813593569526e-02,0.000000000000e+00,-4.401190630944e-03,0.000000000000e+00
4661,0.000000000000e+00,-4.250525841834e-03,8.823463637769e-02,9.067958536024e-04,8.823463637769e-02,0.000000000000e+00,-4.250525841834e-03,0.000000000000e+00
4662,0.000000000000e+00,-4.099654284138e-03,8.831020152364e-02,8.678815967414e-04,8.831020152364e-02,0.000000000000e+00,-4.099654284138e-03,0.000000000000e+00
4663,0.000000000000e+00,-3.960043423543e-03,8.835631770834e-02,8.361024039516e-04,8.835631770834e-02,0.000000000000e+00,-3.960043423543e-03,0.000000000000e+00
4664,0.000000000000e+00,-3.848578616525e-03,8.836395331642e-02,8.158667030367e-04,8.836395331642e-02,0.000000000000e+00,-3.848578616525e-03,0.000000000000e+00
4665,0.000000000000e+00,-3.791558643373e-03,8.832433789688e-02,8.132395769829e-04,8.832433789688e-02,0.000000000000e+00,-3.791558643373e-03,0.000000000000e+00
4666,0.000000000000e+00,-3.805314902576e-03,8.823962670981e-02,8.306659480895e-04,8.823962670981e-02,0.000000000000e+00,-3.805314902576e-03,0.000000000000e+00
4667,0.000000000000e+00,-3.883630731842e-03,8.812422383220e-02,8.642677135891e-04,8.812422383220e-02,0.000000000000e+00,-3.883630731842e-03,0.000000000000e+00
4668,0.000000000000e+00,-4.004831675137e-03,8.799623934841e-02,9.065240255492e-04,8.799623934841e-02,0.000000000000e+00,-4.004831675137e-03,0.000000000000e+00
4669,0.000000000000e+00,-4.145124502116e-03,8.786934890096e-02,9.502141703364e-04,8.786934890096e-02,0.000000000000e+00,-4.145124502116e-03,0.000000000000e+00
4670,0.000000000000e+00,-4.288587415655e-03,8.775392398036e-02,9.908141723711e-04,8.775392398036e-02,0.000000000000e+00,-4.288587415655e-03,0.000000000000e+00
4671,0.000000000000e+00,-4.424320379838e-03,8.766311561823e-02,1.025467567045e-03,8.766311561823e-02,0.000000000000e+00,-4.424320379838e-03,0.000000000000e+00
4672,0.000000000000e+00,-4.544457570994e-03,8.761120510576e-02,1.052076432278e-03,8.761120510576e-02,0.000000000000e+00,-4.544457570994e-03,0.000000000000e+00
4673,0.000000000000e+00,-4.639071556820e-03,8.761145322566e-02,1.067927211537e-03,8.761145322566e-02,0.000000000000e+00,-4.639071556820e-03,0.000000000000e+00
4674,0.000000000000e+00,-4.693334847843e-03,8.766709414564e-02,1.069644099667e-03,8.766709414564e-02,0.000000000000e+00,-4.693334847843e-03,0.000000000000e+00
4675,0.000000000000e+00,-4.693700393436e-03,8.776542009531e-02,1.055387142254e-03,8.776542009531e-02,0.000000000000e+00,-4.693700393436e-03,0.000000000000e+00
4676,0.000000000000e+00,-4.637523576626e-03,8.788508007022e-02,1.026878145942e-03,8.788508007022e-02,0.000000000000e+00,-4.637523576626e-03,0.000000000000e+00
4677,0.000000000000e+00,-4.532994755959e-03,8.800823837834e-02,9.884431746929e-04,8.800823837834e-02,0.000000000000e+00,-4.532994755959e-03,0.000000000000e+00
4678,0.000000000000e+00,-4.396391681361e-03,8.812335969213e-02,9.455845252152e-04,8.812335969213e-02,0.000000000000e+00,-4.396391681361e-03,0.000000000000e+00
4679,0.000000000000e+00,-4.245995699200e-03,8.822297557812e-02,9.034443314519e-04,8.822297557812e-02,0.000000000000e+00,-4.245995699200e-03,0.000000000000e+00
4680,0.000000000000e+00,-4.096164596722e-03,8.830133978296e-02,8.657198779017e-04,8.830133978296e-02,0.000000000000e+00,-4.096164596722e-03,0.000000000000e+00
4681,0.000000000000e+00,-3.958304627666e-03,8.835119346094e-02,8.353479359574e-04,8.835119346094e-02,0.000000000000e+00,-3.958304627666e-03,0.000000000000e+00
4682,0.000000000000e+00,-3.850581019638e-03,8.836109410604e-02,8.170141799673e-04,8.836109410604e-02,0.000000000000e+00,-3.850581019638e-03,0.000000000000e+00
4683,0.000000000000e+00,-3.850581019638e-03,8.836109410604e-02,8.170141799673e-04,8.836109410604e-02,0.000000000000e+00,-3.850581019638e-03,0.000000000000e+00
4684,0.000000000000e+00,-3.801842539706e-03,8.834639332974e-02,8.123958184677e-04,8.834639332974e-02,0.000000000000e+00,-3.801842539706e-03,0.000000000000e+00
4685,0.000000000000e+00,-3.789132630098e-03,8.832989439404e-02,8.137252939453e-04,8.832989439404e-02,0.000000000000e+00,-3.789132630098e-03,0.000000000000e+00
4686,0.000000000000e+00,-3.788281242948e-03,8.831021623579e-02,8.174088131891e-04,8.831021623579e-02,0.000000000000e+00,-3.788281242948e-03,0.000000000000e+00
4687,0.000000000000e+00,-3.790290541501e-03,8.828232756505e-02,8.234151334893e-04,8.828232756505e-02,0.000000000000e+00,-3.790290541501e-03,0.000000000000e+00
4688,0.000000000000e+00,-3.802917324699e-03,8.824353225633e-02,8.335894390242e-04,8.824353225633e-02,0.000000000000e+00,-3.802917324699e-03,0.000000000000e+00
4689,0.000000000000e+00,-3.834172384007e-03,8.819459580749e-02,8.485746090124e-04,8.819459580749e-02,0.000000000000e+00,-3.834172384007e-03,0.000000000000e+00
4690,0.000000000000e+00,-3.883969795338e-03,8.813624175339e-02,8.675199730421e-04,8.813624175339e-02,0.000000000000e+00,-3.883969795338e-03,0.000000000000e+00
4691,0.000000000000e+00,-3.947976751661e-03,8.806786664025e-02,8.893461227376e-04,8.806786664025e-02,0.000000000000e+00,-3.947976751661e-03,0.000000000000e+00
4692,0.000000000000e+00,-4.022064450921e-03,8.798988729712e-02,9.131755180242e-04,8.798988729712e-02,0.000000000000e+00,-4.022064450921e-03,0.000000000000e+00
4693,0.000000000000e+00,-4.103168610048e-03,8.790530124692e-02,9.381546955096e-04,8.790530124692e-02,0.000000000000e+00,-4.103168610048e-03,0.000000000000e+00
4694,0.000000000000e+00,-4.188851558946e-03,8.781890374112e-02,9.634504163581e-04,8.781890374112e-02,0.000000000000e+00,-4.188851558946e-03,0.000000000000e+00
4695,0.000000000000e+00,-4.278665429452e-03,8.773426359146e-02,9.888635152587e-04,8.773426359146e-02,0.000000000000e+00,-4.278665429452e-03,0.000000000000e+00
4696,0.000000000000e+00,-4.371665455729e-03,8.765600054903e-02,1.014029924119e-03,8.765600054903e-02,0.000000000000e+00,-4.371665455729e-03,0.000000000000e+00
4697,0.000000000000e+00,-4.464576906526e-03,8.759153550781e-02,1.037796748617e-03,8.759153550781e-02,0.000000000000e+00,-4.464576906526e-03,0.000000000000e+00
4698,0.000000000000e+00,-4.552572691915e-03,8.755096688170e-02,1.058433496585e-03,8.755096688170e-02,0.000000000000e+00,-4.552572691915e-03,0.000000000000e+00
4699,0.000000000000e+00,-4.628546260471e-03,8.754814917800e-02,1.073625311148e-03,8.754814917800e-02,0.000000000000e+00,-4.628546260471e-03,0.000000000000e+00
4700,0.000000000000e+00,-4.681320416109e-03,8.759461502681e-02,1.080499319682e-03,8.759461502681e-02,0.000000000000e+00,-4.681320416109e-03,0.000000000000e+00
4701,0.000000000000e+00,-4.701188565855e-03,8.768967628076e-02,1.077108084631e-03,8.768967628076e-02,0.000000000000e+00,-4.701188565855e-03,0.000000000000e+00
4702,0.000000000000e+00,-4.684658297980e-03,8.782087586820e-02,1.063289683664e-03,8.782087586820e-02,0.000000000000e+00,-4.684658297980e-03,0.000000000000e+00
4703,0.000000000000e+00,-4.634443372477e-03,8.796978354504e-02,1.040454305653e-03,8.796978354504e-02,0.000000000000e+00,-4.634443372477e-03,0.000000000000e+00
4704,0.000000000000e+00,-4.558146034328e-03,8.811667634712e-02,1.011178857412e-03,8.811667634712e-02,0.000000000000e+00,-4.558146034328e-03,0.000000000000e+00
4705,0.000000000000e+00,-4.463768911383e-03,8.824778324613e-02,9.777548867864e-04,8.824778324613e-02,0.000000000000e+00,-4.463768911383e-03,0.000000000000e+00
4706,0.000000000000e+00,-4.358930399902e-03,8.835050345604e-02,9.423735693572e-04,8.835050345604e-02,0.000000000000e+00,-4.358930399902e-03,0.000000000000e+00
4707,0.000000000000e+00,-4.253822881497e-03,8.840634461212e-02,9.081501912186e-04,8.840634461212e-02,0.000000000000e+00,-4.253822881497e-03,0.000000000000e+00
4708,0.000000000000e+00,-4.158476982980e-03,8.839474216912e-02,8.783503982719e-04,8.839474216912e-02,0.000000000000e+00,-4.158476982980e-03,0.000000000000e+00
4709,0.000000000000e+00,-4.081661964934e-03,8.831022748355e-02,8.559675853463e-04,8.831022748355e-02,0.000000000000e+00,-4.081661964934e-03,0.000000000000e+00
4710,0.000000000000e+00,-4.028633143386e-03,8.817422522682e-02,8.427236376689e-04,8.817422522682e-02,0.000000000000e+00,-4.028633143386e-03,0.000000000000e+00
4711,0.000000000000e+00,-4.000721109077e-03,8.802119582715e-02,8.389015917947e-04,8.802119582715e-02,0.000000000000e+00,-4.000721109077e-03,0.000000000000e+00
4712,0.000000000000e+00,-3.998322536730e-03,8.787695615326e-02,8.446227712924e-04,8.787695615326e-02,0.000000000000e+00,-3.998322536730e-03,0.000000000000e+00
4713,0.000000000000e+00,-4.023775708551e-03,8.776201053311e-02,8.608277542960e-04,8.776201053311e-02,0.000000000000e+00,-4.023775708551e-03,0.000000000000e+00
4714,0.000000000000e+00,-4.078244601867e-03,8.769972749433e-02,8.874848623262e-04,8.769972749433e-02,0.000000000000e+00,-4.078244601867e-03,0.000000000000e+00
4715,0.000000000000e+00,-4.153711315451e-03,8.770360083541e-02,9.212997323458e-04,8.770360083541e-02,0.000000000000e+00,-4.153711315451e-03,0.000000000000e+00
4716,0.000000000000e+00,-4.235662211710e-03,8.776666884959e-02,9.569817790837e-04,8.776666884959e-02,0.000000000000e+00,-4.235662211710e-03,0.000000000000e+00
4717,0.000000000000e+00,-4.305512832533e-03,8.787201492407e-02,9.882678134484e-04,8.787201492407e-02,0.000000000000e+00,-4.305512832533e-03,0.000000000000e+00
4718,0.000000000000e+00,-4.347675227075e-03,8.800148534284e-02,1.009689222333e-03,8.800148534284e-02,0.000000000000e+00,-4.347675227075e-03,0.000000000000e+00
4719,0.000000000000e+00,-4.354451789406e-03,8.813985116106e-02,1.017895354558e-03,8.813985116106e-02,0.000000000000e+00,-4.354451789406e-03,0.000000000000e+00
4720,0.000000000000e+00,-4.327310486465e-03,8.826558043138e-02,1.011885334801e-03,8.826558043138e-02,0.000000000000e+00,-4.327310486465e-03,0.000000000000e+00
4721,0.000000000000e+00,-4.273549643250e-03,8.835595236992e-02,9.925964541074e-04,8.835595236992e-02,0.000000000000e+00,-4.273549643250e-03,0.000000000000e+00
4722,0.000000000000e+00,-4.208537359783e-03,8.839345812367e-02,9.642560169538e-04,8.839345812367e-02,0.000000000000e+00,-4.208537359783e-03,0.000000000000e+00
4723,0.000000000000e+00,-4.155678414395e-03,8.836499891168e-02,9.340764642337e-04,8.836499891168e-02,0.000000000000e+00,-4.155678414395e-03,0.000000000000e+00
4724,0.000000000000e+00,-4.138356926663e-03,8.826928848237e-02,9.107663776529e-04,8.826928848237e-02,0.000000000000e+00,-4.138356926663e-03,0.000000000000e+00
4725,0.000000000000e+00,-4.163136522977e-03,8.812679893127e-02,9.001260976498e-04,8.812679893127e-02,0.000000000000e+00,-4.163136522977e-03,0.000000000000e+00
4726,0.000000000000e+00,-4.220779198031e-03,8.796251307523e-02,9.031504277601e-04,8.796251307523e-02,0.000000000000e+00,-4.220779198031e-03,0.000000000000e+00
4727,0.000000000000e+00,-4.295721606728e-03,8.779755687097e-02,9.172545385970e-04,8.779755687097e-02,0.000000000000e+00,-4.295721606728e-03,0.000000000000e+00
4728,0.000000000000e+00,-4.371645786991e-03,8.765284489440e-02,9.380697301984e-04,8.765284489440e-02,0.000000000000e+00,-4.371645786991e-03,0.000000000000e+00
4729,0.000000000000e+00,-4.437008747440e-03,8.754603261989e-02,9.615760235430e-04,8.754603261989e-02,0.000000000000e+00,-4.437008747440e-03,0.000000000000e+00
4730,0.000000000000e+00,-4.484577445711e-03,8.749931982553e-02,9.846297842377e-04,8.749931982553e-02,0.000000000000e+00,-4.484577445711e-03,0.000000000000e+00
4731,0.000000000000e+00,-4.505867955435e-03,8.753506205871e-02,1.003366517627e-03,8.753506205871e-02,0.000000000000e+00,-4.505867955435e-03,0.000000000000e+00
4732,0.000000000000e+00,-4.491641757031e-03,8.765011856043e-02,1.012763895936e-03,8.765011856043e-02,0.000000000000e+00,-4.491641757031e-03,0.000000000000e+00
4733,0.000000000000e+00,-4.440625440706e-03,8.780947760496e-02,1.009576019869e-03,8.780947760496e-02,0.000000000000e+00,-4.440625440706e-03,0.000000000000e+00
4734,0.000000000000e+00,-4.358610549698e-03,8.797279663868e-02,9.936098362706e-04,8.797279663868e-02,0.000000000000e+00,-4.358610549698e-03,0.000000000000e+00
4735,0.000000000000e+00,-4.255037512635e-03,8.811438116535e-02,9.674714821069e-04,8.811438116535e-02,0.000000000000e+00,-4.255037512635e-03,0.000000000000e+00
4736,0.000000000000e+00,-4.139533819268e-03,8.822572781601e-02,9.350467680119e-04,8.822572781601e-02,0.000000000000e+00,-4.139533819268e-03,0.000000000000e+00
4737,0.000000000000e+00,-4.019503825327e-03,8.830893484637e-02,8.998907429562e-04,8.830893484637e-02,0.000000000000e+00,-4.019503825327e-03,0.000000000000e+00
4738,0.000000000000e+00,-3.903620671081e-03,8.836578350695e-02,8.655945816793e-04,8.836578350695e-02,0.000000000000e+00,-3.903620671081e-03,0.000000000000e+00
4739,0.000000000000e+00,-3.805051225919e-03,8.838897359856e-02,8.368096358410e-04,8.838897359856e-02,0.000000000000e+00,-3.805051225919e-03,0.000000000000e+00
4740,0.000000000000e+00,-3.748443254630e-03,8.836311042776e-02,8.209218041156e-04,8.836311042776e-02,0.000000000000e+00,-3.748443254630e-03,0.000000000000e+00
4741,0.000000000000e+00,-3.748443254630e-03,8.836311042776e-02,8.209218041156e-04,8.836311042776e-02,0.000000000000e+00,-3.748443254630e-03,0.000000000000e+00
4742,0.000000000000e+00,-3.739523954494e-03,8.832097562628e-02,8.189935502102e-04,8.832097562628e-02,0.000000000000e+00,-3.739523954494e-03,0.000000000000e+00
4743,0.000000000000e+00,-3.751061627800e-03,8.828920065446e-02,8.226629699364e-04,8.828920065446e-02,0.000000000000e+00,-3.751061627800e-03,0.000000000000e+00
4744,0.000000000000e+00,-3.772509048454e-03,8.825680338560e-02,8.287965990125e-04,8.825680338560e-02,0.000000000000e+00,-3.772509048454e-03,0.000000000000e+00
4745,0.000000000000e+00,-3.802087421102e-03,8.821415496302e-02,8.373179301757e-04,8.821415496302e-02,0.000000000000e+00,-3.802087421102e-03,0.000000000000e+00
4746,0.000000000000e+00,-3.846598820627e-03,8.816002125701e-02,8.502447804439e-04,8.816002125701e-02,0.000000000000e+00,-3.846598820627e-03,0.000000000000e+00
4747,0.000000000000e+00,-3.910553472358e-03,8.809744228855e-02,8.684814703056e-04,8.809744228855e-02,0.000000000000e+00,-3.910553472358e-03,0.000000000000e+00
4748,0.000000000000e+00,-3.991148226264e-03,8.802794967911e-02,8.909264869534e-04,8.802794967911e-02,0.000000000000e+00,-3.991148226264e-03,0.000000000000e+00
4749,0.000000000000e+00,-4.083541149816e-03,8.795047439593e-02,9.161504825428e-04,8.795047439593e-02,0.000000000000e+00,-4.083541149816e-03,0.000000000000e+00
4750,0.000000000000e+00,-4.183668091606e-03,8.786523416740e-02,9.430827720611e-04,8.786523416740e-02,0.000000000000e+00,-4.183668091606e-03,0.000000000000e+00
4751,0.000000000000e+00,-4.287948100257e-03,8.777567655012e-02,9.707604083619e-04,8.777567655012e-02,0.000000000000e+00,-4.287948100257e-03,0.000000000000e+00
4752,0.000000000000e+00,-4.392336036897e-03,8.768759612856e-02,9.980283504519e-04,8.768759612856e-02,0.000000000000e+00,-4.392336036897e-03,0.000000000000e+00
4753,0.000000000000e+00,-4.495347663972e-03,8.760522135798e-02,1.024336237177e-03,8.760522135798e-02,0.000000000000e+00,-4.495347663972e-03,0.000000000000e+00
4754,0.000000000000e+00,-4.595185762631e-03,8.753355953904e-02,1.048963420425e-03,8.753355953904e-02,0.000000000000e+00,-4.595185762631e-03,0.000000000000e+00
4755,0.000000000000e+00,-4.687364043752e-03,8.748115597679e-02,1.070348641387e-03,8.748115597679e-02,0.000000000000e+00,-4.687364043752e-03,0.000000000000e+00
4756,0.000000000000e+00,-4.764753184532e-03,8.746124813838e-02,1.086162976480e-03,8.746124813838e-02,0.000000000000e+00,-4.764753184532e-03,0.000000000000e+00
4757,0.000000000000e+00,-4.816375749909e-03,8.749093574435e-02,1.093250817475e-03,8.749093574435e-02,0.000000000000e+00,-4.816375749909e-03,0.000000000000e+00
4758,0.000000000000e+00,-4.816375749909e-03,8.749093574435e-02,1.093250817475e-03,8.749093574435e-02,0.000000000000e+00,-4.816375749909e-03,0.000000000000e+00
4759,0.000000000000e+00,-4.833994089281e-03,8.753502424084e-02,1.092994940837e-03,8.753502424084e-02,0.000000000000e+00,-4.833994089281e-03,0.000000000000e+00
4760,0.000000000000e+00,-4.835348149675e-03,8.757118763357e-02,1.090426258579e-03,8.757118763357e-02,0.000000000000e+00,-4.835348149675e-03,0.000000000000e+00
4761,0.000000000000e+00,-4.828695205772e-03,8.760731532981e-02,1.086460764200e-03,8.760731532981e-02,0.000000000000e+00,-4.828695205772e-03,0.000000000000e+00
4762,0.000000000000e+00,-4.819629408495e-03,8.765133296868e-02,1.081336933649e-03,8.765133296868e-02,0.000000000000e+00,-4.819629408495e-03,0.000000000000e+00
4763,0.000000000000e+00,-4.806906458892e-03,8.770507501579e-02,1.074621755773e-03,8.770507501579e-02,0.000000000000e+00,-4.806906458892e-03,0.000000000000e+00
4764,0.000000000000e+00,-4.786544771621e-03,8.776678172339e-02,1.065784255262e-03,8.776678172339e-02,0.000000000000e+00,-4.786544771621e-03,0.000000000000e+00
4765,0.000000000000e+00,-4.757024829943e-03,8.783417676565e-02,1.054777017359e-03,8.783417676565e-02,0.000000000000e+00,-4.757024829943e-03,0.000000000000e+00
4766,0.000000000000e+00,-4.719556552117e-03,8.790571637757e-02,1.041923575211e-03,8.790571637757e-02,0.000000000000e+00,-4.719556552117e-03,0.000000000000e+00
4767,0.000000000000e+00,-4.673692031374e-03,8.798334506823e-02,1.026927452051e-03,8.798334506823e-02,0.000000000000e+00,-4.673692031374e-03,0.000000000000e+00
4768,0.000000000000e+00,-4.618270617117e-03,8.806806301807e-02,1.009410481925e-03,8.806806301807e-02,0.000000000000e+00,-4.618270617117e-03,0.000000000000e+00
4769,0.000000000000e+00,-4.555081424223e-03,8.815520095169e-02,9.900029080080e-04,8.815520095169e-02,0.000000000000e+00,-4.555081424223e-03,0.000000000000e+00
4770,0.000000000000e+00,-4.484321502808e-03,8.824144958269e-02,9.688835133205e-04,8.824144958269e-02,0.000000000000e+00,-4.484321502808e-03,0.000000000000e+00
4771,0.000000000000e+00,-4.408320652407e-03,8.832112915317e-02,9.467846333823e-04,8.832112915317e-02,0.000000000000e+00,-4.408320652407e-03,0.000000000000e+00
4772,0.000000000000e+00,-4.327971658513e-03,8.838975679843e-02,9.239343892894e-04,8.838975679843e-02,0.000000000000e+00,-4.327971658513e-03,0.000000000000e+00
4773,0.000000000000e+00,-4.243995591119e-03,8.844155771777e-02,9.005290103464e-04,8.844155771777e-02,0.000000000000e+00,-4.243995591119e-03,0.000000000000e+00
4774,0.000000000000e+00,-4.158542338023e-03,8.846914363740e-02,8.771954010372e-04,8.846914363740e-02,0.000000000000e+00,-4.158542338023e-03,0.000000000000e+00
4775,0.000000000000e+00,-4.077233897944e-03,8.846658545353e-02,8.555216184273e-04,8.846658545353e-02,0.000000000000e+00,-4.077233897944e-03,0.000000000000e+00
4776,0.000000000000e+00,-4.004805801761e-03,8.843368231722e-02,8.368197038184e-04,8.843368231722e-02,0.000000000000e+00,-4.004805801761e-03,0.000000000000e+00
4777,0.000000000000e+00,-3.943386683875e-03,8.837498949221e-02,8.216531206067e-04,8.837498949221e-02,0.000000000000e+00,-3.943386683875e-03,0.000000000000e+00
4778,0.000000000000e+00,-3.893753900502e-03,8.829756055244e-02,8.102063162815e-04,8.829756055244e-02,0.000000000000e+00,-3.893753900502e-03,0.000000000000e+00
4779,0.000000000000e+00,-3.856569399733e-03,8.820941964828e-02,8.026507772311e-04,8.820941964828e-02,0.000000000000e+00,-3.856569399733e-03,0.000000000000e+00
4780,0.000000000000e+00,-3.832738906885e-03,8.811587569769e-02,7.993299843439e-04,8.811587569769e-02,0.000000000000e+00,-3.832738906885e-03,0.000000000000e+00
4781,0.000000000000e+00,-3.824064789540e-03,8.802337536505e-02,8.008843591302e-04,8.802337536505e-02,0.000000000000e+00,-3.824064789540e-03,0.000000000000e+00
4782,0.000000000000e+00,-3.831976200874e-03,8.794185902936e-02,8.078358178139e-04,8.794185902936e-02,0.000000000000e+00,-3.831976200874e-03,0.000000000000e+00
4783,0.000000000000e+00,-3.855340087653e-03,8.788363018173e-02,8.197615208893e-04,8.788363018173e-02,0.000000000000e+00,-3.855340087653e-03,0.000000000000e+00
4784,0.000000000000e+00,-3.889843833465e-03,8.785544152615e-02,8.353001087280e-04,8.785544152615e-02,0.000000000000e+00,-3.889843833465e-03,0.000000000000e+00
4785,0.000000000000e+00,-3.929345425152e-03,8.785749441589e-02,8.527538074142e-04,8.785749441589e-02,0.000000000000e+00,-3.929345425152e-03,0.000000000000e+00
4786,0.000000000000e+00,-3.967522464292e-03,8.788704928941e-02,8.705070669013e-04,8.788704928941e-02,0.000000000000e+00,-3.967522464292e-03,0.000000000000e+00
4787,0.000000000000e+00,-4.000892094794e-03,8.794190520824e-02,8.879347767486e-04,8.794190520824e-02,0.000000000000e+00,-4.000892094794e-03,0.000000000000e+00
4788,0.000000000000e+00,-4.026523257310e-03,8.801680154245e-02,9.041954722678e-04,8.801680154245e-02,0.000000000000e+00,-4.026523257310e-03,0.000000000000e+00
4789,0.000000000000e+00,-4.043383392841e-03,8.810414116527e-02,9.189145113659e-04,8.810414116527e-02,0.000000000000e+00,-4.043383392841e-03,0.000000000000e+00
4790,0.000000000000e+00,-4.053447773923e-03,8.819282147157e-02,9.324875466787e-04,8.819282147157e-02,0.000000000000e+00,-4.053447773923e-03,0.000000000000e+00
4791,0.000000000000e+00,-4.062147643786e-03,8.826552839387e-02,9.458999945846e-04,8.826552839387e-02,0.000000000000e+00,-4.062147643786e-03,0.000000000000e+00
4792,0.000000000000e+00,-4.078427082188e-03,8.829977414469e-02,9.605896790056e-04,8.829977414469e-02,0.000000000000e+00,-4.078427082188e-03,0.000000000000e+00
4793,0.000000000000e+00,-4.109829931319e-03,8.827632362071e-02,9.771769064743e-04,8.827632362071e-02,0.000000000000e+00,-4.109829931319e-03,0.000000000000e+00
4794,0.000000000000e+00,-4.158390565637e-03,8.819313215871e-02,9.951025666925e-04,8.819313215871e-02,0.000000000000e+00,-4.158390565637e-03,0.000000000000e+00
4795,0.000000000000e+00,-4.221074970757e-03,8.806487962419e-02,1.013153482107e-03,8.806487962419e-02,0.000000000000e+00,-4.221074970757e-03,0.000000000000e+00
4796,0.000000000000e+00,-4.292875812388e-03,8.791466852543e-02,1.030015086457e-03,8.791466852543e-02,0.000000000000e+00,-4.292875812388e-03,0.000000000000e+00
4797,0.000000000000e+00,-4.370178066304e-03,8.776480430336e-02,1.044785062144e-03,8.776480430336e-02,0.000000000000e+00,-4.370178066304e-03,0.000000000000e+00
4798,0.000000000000e+00,-4.452467534380e-03,8.763017480278e-02,1.057055353324e-03,8.763017480278e-02,0.000000000000e+00,-4.452467534380e-03,0.000000000000e+00
4799,0.000000000000e+00,-4.539167331079e-03,8.752554541442e-02,1.066268494667e-03,8.752554541442e-02,0.000000000000e+00,-4.539167331079e-03,0.000000000000e+00
4800,0.000000000000e+00,-4.626307261572e-03,8.746921505078e-02,1.071334570756e-03,8.746921505078e-02,0.000000000000e+00,-4.626307261572e-03,0.000000000000e+00
4801,0.000000000000e+00,-4.705726044469e-03,8.747671252859e-02,1.070647814812e-03,8.747671252859e-02,0.000000000000e+00,-4.705726044469e-03,0.000000000000e+00
4802,0.000000000000e+00,-4.762170012771e-03,8.754925586808e-02,1.062277637945e-03,8.754925586808e-02,0.000000000000e+00,-4.762170012771e-03,0.000000000000e+00
4803,0.000000000000e+00,-4.774929583066e-03,8.767559405073e-02,1.043908243670e-03,8.767559405073e-02,0.000000000000e+00,-4.774929583066e-03,0.000000000000e+00
4804,0.000000000000e+00,-4.728854992204e-03,8.783981007581e-02,1.014255027071e-03,8.783981007581e-02,0.000000000000e+00,-4.728854992204e-03,0.000000000000e+00
4805,0.000000000000e+00,-4.621565091268e-03,8.802378949065e-02,9.744978595862e-04,8.802378949065e-02,0.000000000000e+00,-4.621565091268e-03,0.000000000000e+00
4806,0.000000000000e+00,-4.463101455779e-03,8.820778963293e-02,9.283368054940e-04,8.820778963293e-02,0.000000000000e+00,-4.463101455779e-03,0.000000000000e+00
4807,0.000000000000e+00,-4.275529238321e-03,8.837064997770e-02,8.815713386484e-04,8.837064997770e-02,0.000000000000e+00,-4.275529238321e-03,0.000000000000e+00
4808,0.000000000000e+00,-4.082337313959e-03,8.849589422431e-02,8.397711898575e-04,8.849589422431e-02,0.000000000000e+00,-4.082337313959e-03,0.000000000000e+00
4809,0.000000000000e+00,-3.904947949833e-03,8.856410319228e-02,8.080280412977e-04,8.856410319228e-02,0.000000000000e+00,-3.904947949833e-03,0.000000000000e+00
4810,0.000000000000e+00,-3.773972534051e-03,8.854210407411e-02,7.930846834411e-04,8.854210407411e-02,0.000000000000e+00,-3.773972534051e-03,0.000000000000e+00
4811,0.000000000000e+00,-3.710254533025e-03,8.841901245437e-02,7.975780241375e-04,8.841901245437e-02,0.000000000000e+00,-3.710254533025e-03,0.000000000000e+00
4812,0.000000000000e+00,-3.715611565052e-03,8.821999650284e-02,8.183737028239e-04,8.821999650284e-02,0.000000000000e+00,-3.715611565052e-03,0.000000000000e+00
4813,0.000000000000e+00,-3.777145290903e-03,8.798827324214e-02,8.495986400138e-04,8.798827324214e-02,0.000000000000e+00,-3.777145290903e-03,0.000000000000e+00
4814,0.000000000000e+00,-3.882399676109e-03,8.775894263358e-02,8.872372900023e-04,8.775894263358e-02,0.000000000000e+00,-3.882399676109e-03,0.000000000000e+00
4815,0.000000000000e+00,-4.024436169431e-03,8.755995352073e-02,9.294233402535e-04,8.755995352073e-02,0.000000000000e+00,-4.024436169431e-03,0.000000000000e+00
4816,0.000000000000e+00,-4.193808130613e-03,8.743342531299e-02,9.738453941520e-04,8.743342531299e-02,0.000000000000e+00,-4.193808130613e-03,0.000000000000e+00
4817,0.000000000000e+00,-4.375780183564e-03,8.743101643776e-02,1.017029154569e-03,8.743101643776e-02,0.000000000000e+00,-4.375780183564e-03,0.000000000000e+00
4818,0.000000000000e+00,-4.530295810723e-03,8.757129312785e-02,1.049962600668e-03,8.757129312785e-02,0.000000000000e+00,-4.530295810723e-03,0.000000000000e+00
4819,0.000000000000e+00,-4.605890259015e-03,8.780982271292e-02,1.061452331312e-03,8.780982271292e-02,0.000000000000e+00,-4.605890259015e-03,0.000000000000e+00
4820,0.000000000000e+00,-4.580355086593e-03,8.807224576601e-02,1.047178315463e-03,8.807224576601e-02,0.000000000000e+00,-4.580355086593e-03,0.000000000000e+00
4821,0.000000000000e+00,-4.463895554382e-03,8.830274928247e-02,1.009622920575e-03,8.830274928247e-02,0.000000000000e+00,-4.463895554382e-03,0.000000000000e+00
4822,0.000000000000e+00,-4.292500877300e-03,8.846429071463e-02,9.574216952489e-04,8.846429071463e-02,0.000000000000e+00,-4.292500877300e-03,0.000000000000e+00
4823,0.000000000000e+00,-4.104887442984e-03,8.853369917027e-02,9.006282495090e-04,8.853369917027e-02,0.000000000000e+00,-4.104887442984e-03,0.000000000000e+00
4824,0.000000000000e+00,-3.926119810359e-03,8.850225556406e-02,8.466827896296e-04,8.850225556406e-02,0.000000000000e+00,-3.926119810359e-03,0.000000000000e+00
4825,0.000000000000e+00,-3.796494409332e-03,8.837379513970e-02,8.074860089695e-04,8.837379513970e-02,0.000000000000e+00,-3.796494409332e-03,0.000000000000e+00
4826,0.000000000000e+00,-3.761706761634e-03,8.817648124315e-02,7.965458448433e-04,8.817648124315e-02,0.000000000000e+00,-3.761706761634e-03,0.000000000000e+00
4827,0.000000000000e+00,-3.832513719016e-03,8.795541786229e-02,8.179073873169e-04,8.795541786229e-02,0.000000000000e+00,-3.832513719016e-03,0.000000000000e+00
4828,0.000000000000e+00,-3.975844850053e-03,8.775234697463e-02,8.626697130930e-04,8.775234697463e-02,0.000000000000e+00,-3.975844850053e-03,0.000000000000e+00
4829,0.000000000000e+00,-4.146810017651e-03,8.758839884600e-02,9.173582705242e-04,8.758839884600e-02,0.000000000000e+00,-4.146810017651e-03,0.000000000000e+00
4830,0.000000000000e+00,-4.320365097120e-03,8.746489419505e-02,9.732556491261e-04,8.746489419505e-02,0.000000000000e+00,-4.320365097120e-03,0.000000000000e+00
4831,0.000000000000e+00,-4.487092835265e-03,8.738986285269e-02,1.025797934007e-03,8.738986285269e-02,0.000000000000e+00,-4.487092835265e-03,0.000000000000e+00
4832,0.000000000000e+00,-4.632987290404e-03,8.738894416416e-02,1.068947902010e-03,8.738894416416e-02,0.000000000000e+00,-4.632987290404e-03,0.000000000000e+00
4833,0.000000000000e+00,-4.726188588568e-03,8.748124957288e-02,1.092083683951e-03,8.748124957288e-02,0.000000000000e+00,-4.726188588568e-03,0.000000000000e+00
4834,0.000000000000e+00,-4.739264764136e-03,8.764519026754e-02,1.087471555078e-03,8.764519026754e-02,0.000000000000e+00,-4.739264764136e-03,0.000000000000e+00
4835,0.000000000000e+00,-4.673221528040e-03,8.783100876926e-02,1.057363255728e-03,8.783100876926e-02,0.000000000000e+00,-4.673221528040e-03,0.000000000000e+00
4836,0.000000000000e+00,-4.546664031194e-03,8.799920355118e-02,1.010168801695e-03,8.799920355118e-02,0.000000000000e+00,-4.546664031194e-03,0.000000000000e+00
4837,0.000000000000e+00,-4.376379344644e-03,8.813480973708e-02,9.539309351361e-04,8.813480973708e-02,0.000000000000e+00,-4.376379344644e-03,0.000000000000e+00
4838,0.000000000000e+00,-4.182263252319e-03,8.823753509088e-02,8.962876515604e-04,8.823753509088e-02,0.000000000000e+00,-4.182263252319e-03,0.000000000000e+00
4839,0.000000000000e+00,-3.989179995522e-03,8.831058911422e-02,8.447491512798e-04,8.831058911422e-02,0.000000000000e+00,-3.989179995522e-03,0.000000000000e+00
4840,0.000000000000e+00,-3.814008711363e-03,8.835424634540e-02,8.043670271125e-04,8.835424634540e-02,0.000000000000e+00,-3.814008711363e-03,0.000000000000e+00
4841,0.000000000000e+00,-3.674480553466e-03,8.835871441724e-02,7.803100797781e-04,8.835871441724e-02,0.000000000000e+00,-3.674480553466e-03,0.000000000000e+00
4842,0.000000000000e+00,-3.607001790563e-03,8.830968630417e-02,7.807462090272e-04,8.830968630417e-02,0.000000000000e+00,-3.607001790563e-03,0.000000000000e+00
4843,0.000000000000e+00,-3.607001790563e-03,8.830968630417e-02,7.807462090272e-04,8.830968630417e-02,0.000000000000e+00,-3.607001790563e-03,0.000000000000e+00
4844,0.000000000000e+00,-3.609985848872e-03,8.825152127711e-02,7.948138054388e-04,8.825152127711e-02,0.000000000000e+00,-3.609985848872e-03,0.000000000000e+00
4845,0.000000000000e+00,-3.637479829878e-03,8.821272401023e-02,8.082427552701e-04,8.821272401023e-02,0.000000000000e+00,-3.637479829878e-03,0.000000000000e+00
4846,0.000000000000e+00,-3.675250564863e-03,8.817512657126e-02,8.227556351538e-04,8.817512657126e-02,0.000000000000e+00,-3.675250564863e-03,0.000000000000e+00
4847,0.000000000000e+00,-3.726108148651e-03,8.812510872586e-02,8.427628805443e-04,8.812510872586e-02,0.000000000000e+00,-3.726108148651e-03,0.000000000000e+00
4848,0.000000000000e+00,-3.798145137974e-03,8.806362946118e-02,8.688780577883e-04,8.806362946118e-02,0.000000000000e+00,-3.798145137974e-03,0.000000000000e+00
4849,0.000000000000e+00,-3.892709938875e-03,8.799508314761e-02,8.987444336374e-04,8.799508314761e-02,0.000000000000e+00,-3.892709938875e-03,0.000000000000e+00
4850,0.000000000000e+00,-4.002781298048e-03,8.792086109603e-02,9.299366291395e-04,8.792086109603e-02,0.000000000000e+00,-4.002781298048e-03,0.000000000000e+00
4851,0.000000000000e+00,-4.120559877174e-03,8.784074885613e-02,9.611819706250e-04,8.784074885613e-02,0.000000000000e+00,-4.120559877174e-03,0.000000000000e+00
4852,0.000000000000e+00,-4.240933853361e-03,8.775683917828e-02,9.915902338572e-04,8.775683917828e-02,0.000000000000e+00,-4.240933853361e-03,0.000000000000e+00
4853,0.000000000000e+00,-4.364265450442e-03,8.767160927925e-02,1.020939282438e-03,8.767160927925e-02,0.000000000000e+00,-4.364265450442e-03,0.000000000000e+00
4854,0.000000000000e+00,-4.489271826211e-03,8.759035882157e-02,1.048416526508e-03,8.759035882157e-02,0.000000000000e+00,-4.489271826211e-03,0.000000000000e+00
4855,0.000000000000e+00,-4.610445301592e-03,8.752123824890e-02,1.072366765338e-03,8.752123824890e-02,0.000000000000e+00,-4.610445301592e-03,0.000000000000e+00
4856,0.000000000000e+00,-4.720036927618e-03,8.747410419836e-02,1.090703724784e-03,8.747410419836e-02,0.000000000000e+00,-4.720036927618e-03,0.000000000000e+00
4857,0.000000000000e+00,-4.808265645029e-03,8.746298788616e-02,1.100790488709e-03,8.746298788616e-02,0.000000000000e+00,-4.808265645029e-03,0.000000000000e+00
4858,0.000000000000e+00,-4.860567500143e-03,8.750577561512e-02,1.099029299410e-03,8.750577561512e-02,0.000000000000e+00,-4.860567500143e-03,0.000000000000e+00
4859,0.000000000000e+00,-4.860567500143e-03,8.750577561512e-02,1.099029299410e-03,8.750577561512e-02,0.000000000000e+00,-4.860567500143e-03,0.000000000000e+00
4860,0.000000000000e+00,-4.872739891937e-03,8.756050341386e-02,1.091688816871e-03,8.756050341386e-02,0.000000000000e+00,-4.872739891937e-03,0.000000000000e+00
4861,0.000000000000e+00,-4.867792795872e-03,8.760244875871e-02,1.084701283632e-03,8.760244875871e-02,0.000000000000e+00,-4.867792795872e-03,0.000000000000e+00
4862,0.000000000000e+00,-4.855317304379e-03,8.764266206681e-02,1.077191055004e-03,8.764266206681e-02,0.000000000000e+00,-4.855317304379e-03,0.000000000000e+00
4863,0.000000000000e+00,-4.839400081756e-03,8.769183486399e-02,1.067686794485e-03,8.769183486399e-02,0.000000000000e+00,-4.839400081756e-03,0.000000000000e+00
4864,0.000000000000e+00,-4.817407686693e-03,8.775173685054e-02,1.055643302395e-03,8.775173685054e-02,0.000000000000e+00,-4.817407686693e-03,0.000000000000e+00
4865,0.000000000000e+00,-4.785731884756e-03,8.781906843269e-02,1.041303802104e-03,8.781906843269e-02,0.000000000000e+00,-4.785731884756e-03,0.000000000000e+00
4866,0.000000000000e+00,-4.743675529002e-03,8.789081742737e-02,1.025091757156e-03,8.789081742737e-02,0.000000000000e+00,-4.743675529002e-03,0.000000000000e+00
4867,0.000000000000e+00,-4.692814855816e-03,8.796566800032e-02,1.007310958439e-03,8.796566800032e-02,0.000000000000e+00,-4.692814855816e-03,0.000000000000e+00
4868,0.000000000000e+00,-4.632695485021e-03,8.804532961929e-02,9.875123497961e-04,8.804532961929e-02,0.000000000000e+00,-4.632695485021e-03,0.000000000000e+00
4869,0.000000000000e+00,-4.561887585125e-03,8.813015598621e-02,9.653073795220e-04,8.813015598621e-02,0.000000000000e+00,-4.561887585125e-03,0.000000000000e+00
4870,0.000000000000e+00,-4.480096155652e-03,8.821703159565e-02,9.408775895041e-04,8.821703159565e-02,0.000000000000e+00,-4.480096155652e-03,0.000000000000e+00
4871,0.000000000000e+00,-4.388960414940e-03,8.829970690777e-02,9.149325386449e-04,8.829970690777e-02,0.000000000000e+00,-4.388960414940e-03,0.000000000000e+00
4872,0.000000000000e+00,-4.291843636562e-03,8.836965654546e-02,8.885054549955e-04,8.836965654546e-02,0.000000000000e+00,-4.291843636562e-03,0.000000000000e+00
4873,0.000000000000e+00,-4.193066563988e-03,8.841703133707e-02,8.628000558147e-04,8.841703133707e-02,0.000000000000e+00,-4.193066563988e-03,0.000000000000e+00
4874,0.000000000000e+00,-4.097150624907e-03,8.843239961833e-02,8.390916631515e-04,8.843239961833e-02,0.000000000000e+00,-4.097150624907e-03,0.000000000000e+00
4875,0.000000000000e+00,-4.008273266761e-03,8.840891911763e-02,8.186202637176e-04,8.840891911763e-02,0.000000000000e+00,-4.008273266761e-03,0.000000000000e+00
4876,0.000000000000e+00,-3.932004507958e-03,8.834766293677e-02,8.028347550905e-04,8.834766293677e-02,0.000000000000e+00,-3.932004507958e-03,0.000000000000e+00
4877,0.000000000000e+00,-3.872378386293e-03,8.825792370293e-02,7.926134238904e-04,8.825792370293e-02,0.000000000000e+00,-3.872378386293e-03,0.000000000000e+00
4878,0.000000000000e+00,-3.830275936024e-03,8.815256880737e-02,7.880089407589e-04,8.815256880737e-02,0.000000000000e+00,-3.830275936024e-03,0.000000000000e+00
4879,0.000000000000e+00,-3.805650250772e-03,8.804124447659e-02,7.891111949313e-04,8.804124447659e-02,0.000000000000e+00,-3.805650250772e-03,0.000000000000e+00
4880,0.000000000000e+00,-3.800630693769e-03,8.793378121694e-02,7.966315868623e-04,8.793378121694e-02,0.000000000000e+00,-3.800630693769e-03,0.000000000000e+00
4881,0.000000000000e+00,-3.818148439394e-03,8.784375244979e-02,8.112611150376e-04,8.784375244979e-02,0.000000000000e+00,-3.818148439394e-03,0.000000000000e+00
4882,0.000000000000e+00,-3.856970483800e-03,8.778608770570e-02,8.320679976992e-04,8.778608770570e-02,0.000000000000e+00,-3.856970483800e-03,0.000000000000e+00
4883,0.000000000000e+00,-3.910413353761e-03,8.776799337874e-02,8.566741597895e-04,8.776799337874e-02,0.000000000000e+00,-3.910413353761e-03,0.000000000000e+00
4884,0.000000000000e+00,-3.969263773309e-03,8.778807556151e-02,8.824905683012e-04,8.778807556151e-02,0.000000000000e+00,-3.969263773309e-03,0.000000000000e+00
4885,0.000000000000e+00,-4.024710044710e-03,8.784100827863e-02,9.073159514669e-04,8.784100827863e-02,0.000000000000e+00,-4.024710044710e-03,0.000000000000e+00
4886,0.000000000000e+00,-4.070285584466e-03,8.792003030873e-02,9.294898263043e-04,8.792003030873e-02,0.000000000000e+00,-4.070285584466e-03,0.000000000000e+00
4887,0.000000000000e+00,-4.102450261631e-03,8.801662824587e-02,9.479376774460e-04,8.801662824587e-02,0.000000000000e+00,-4.102450261631e-03,0.000000000000e+00
4888,0.000000000000e+00,-4.121146294750e-03,8.812283764342e-02,9.626496558829e-04,8.812283764342e-02,0.000000000000e+00,-4.121146294750e-03,0.000000000000e+00
4889,0.000000000000e+00,-4.130233536753e-03,8.822672901410e-02,9.743764587283e-04,8.822672901410e-02,0.000000000000e+00,-4.130233536753e-03,0.000000000000e+00
4890,0.000000000000e+00,-4.138456389333e-03,8.830624843007e-02,9.844361786019e-04,8.830624843007e-02,0.000000000000e+00,-4.138456389333e-03,0.000000000000e+00
4891,0.000000000000e+00,-4.157654552895e-03,8.833175466145e-02,9.943314327756e-04,8.833175466145e-02,0.000000000000e+00,-4.157654552895e-03,0.000000000000e+00
4892,0.000000000000e+00,-4.195295135720e-03,8.828565381081e-02,1.004480854251e-03,8.828565381081e-02,0.000000000000e+00,-4.195295135720e-03,0.000000000000e+00
4893,0.000000000000e+00,-4.250514336094e-03,8.817376347556e-02,1.014017230851e-03,8.817376347556e-02,0.000000000000e+00,-4.250514336094e-03,0.000000000000e+00
4894,0.000000000000e+00,-4.316926401025e-03,8.801988183353e-02,1.021626722960e-03,8.801988183353e-02,0.000000000000e+00,-4.316926401025e-03,0.000000000000e+00
4895,0.000000000000e+00,-4.387395429427e-03,8.785320197126e-02,1.026378542624e-03,8.785320197126e-02,0.000000000000e+00,-4.387395429427e-03,0.000000000000e+00
4896,0.000000000000e+00,-4.459055531036e-03,8.769249597243e-02,1.028028699523e-03,8.769249597243e-02,0.000000000000e+00,-4.459055531036e-03,0.000000000000e+00
4897,0.000000000000e+00,-4.529202600139e-03,8.755508084986e-02,1.026198482321e-03,8.755508084986e-02,0.000000000000e+00,-4.529202600139e-03,0.000000000000e+00
4898,0.000000000000e+00,-4.593692024342e-03,8.746785471037e-02,1.020741888672e-03,8.746785471037e-02,0.000000000000e+00,-4.593692024342e-03,0.000000000000e+00
4899,0.000000000000e+00,-4.646824359483e-03,8.745973303458e-02,1.012062579679e-03,8.745973303458e-02,0.000000000000e+00,-4.646824359483e-03,0.000000000000e+00
4900,0.000000000000e+00,-4.675266500381e-03,8.754027912382e-02,1.000130061219e-03,8.754027912382e-02,0.000000000000e+00,-4.675266500381e-03,0.000000000000e+00
4901,0.000000000000e+00,-4.659007096677e-03,8.769208817062e-02,9.834836372142e-04,8.769208817062e-02,0.000000000000e+00,-4.659007096677e-03,0.000000000000e+00
4902,0.000000000000e+00,-4.582558092383e-03,8.788571115866e-02,9.603817173580e-04,8.788571115866e-02,0.000000000000e+00,-4.582558092383e-03,0.000000000000e+00
4903,0.000000000000e+00,-4.445626035628e-03,8.809114895387e-02,9.309587431374e-04,8.809114895387e-02,0.000000000000e+00,-4.445626035628e-03,0.000000000000e+00
4904,0.000000000000e+00,-4.266786785342e-03,8.828012796040e-02,8.984037595831e-04,8.828012796040e-02,0.000000000000e+00,-4.266786785342e-03,0.000000000000e+00
4905,0.000000000000e+00,-4.068083223383e-03,8.843307681229e-02,8.664207058803e-04,8.843307681229e-02,0.000000000000e+00,-4.068083223383e-03,0.000000000000e+00
4906,0.000000000000e+00,-3.872767529033e-03,8.853295649369e-02,8.388581582230e-04,8.853295649369e-02,0.000000000000e+00,-3.872767529033e-03,0.000000000000e+00
4907,0.000000000000e+00,-3.718411368167e-03,8.855038364389e-02,8.220254695133e-04,8.855038364389e-02,0.000000000000e+00,-3.718411368167e-03,0.000000000000e+00
4908,0.000000000000e+00,-3.649203074892e-03,8.845943036553e-02,8.224610579858e-04,8.845943036553e-02,0.000000000000e+00,-3.649203074892e-03,0.000000000000e+00
4909,0.000000000000e+00,-3.683216119335e-03,8.827051906036e-02,8.412607232184e-04,8.827051906036e-02,0.000000000000e+00,-3.683216119335e-03,0.000000000000e+00
4910,0.000000000000e+00,-3.799922047888e-03,8.802914799801e-02,8.732227595322e-04,8.802914799801e-02,0.000000000000e+00,-3.799922047888e-03,0.000000000000e+00
4911,0.000000000000e+00,-3.965868785755e-03,8.778133356655e-02,9.122828080014e-04,8.778133356655e-02,0.000000000000e+00,-3.965868785755e-03,0.000000000000e+00
4912,0.000000000000e+00,-4.155212693073e-03,8.755964513188e-02,9.545277074822e-04,8.755964513188e-02,0.000000000000e+00,-4.155212693073e-03,0.000000000000e+00
4913,0.000000000000e+00,-4.350862035023e-03,8.739853350559e-02,9.975497120608e-04,8.739853350559e-02,0.000000000000e+00,-4.350862035023e-03,0.000000000000e+00
4914,0.000000000000e+00,-4.539938046728e-03,8.735026004296e-02,1.038957189775e-03,8.735026004296e-02,0.000000000000e+00,-4.539938046728e-03,0.000000000000e+00
4915,0.000000000000e+00,-4.683650076510e-03,8.745680453771e-02,1.069129202804e-03,8.745680453771e-02,0.000000000000e+00,-4.683650076510e-03,0.000000000000e+00
4916,0.000000000000e+00,-4.729685842383e-03,8.769047566055e-02,1.074619272483e-03,8.769047566055e-02,0.000000000000e+00,-4.729685842383e-03,0.000000000000e+00
4917,0.000000000000e+00,-4.664199556210e-03,8.796246102021e-02,1.051591765035e-03,8.796246102021e-02,0.000000000000e+00,-4.664199556210e-03,0.000000000000e+00
4918,0.000000000000e+00,-4.516498898015e-03,8.819228813854e-02,1.007175814286e-03,8.819228813854e-02,0.000000000000e+00,-4.516498898015e-03,0.000000000000e+00
4919,0.000000000000e+00,-4.326902445316e-03,8.834857030863e-02,9.518180641504e-04,8.834857030863e-02,0.000000000000e+00,-4.326902445316e-03,0.000000000000e+00
4920,0.000000000000e+00,-4.124343098373e-03,8.843566125640e-02,8.939985431694e-04,8.843566125640e-02,0.000000000000e+00,-4.124343098373e-03,0.000000000000e+00
4921,0.000000000000e+00,-3.919695754732e-03,8.846180842290e-02,8.384317190410e-04,8.846180842290e-02,0.000000000000e+00,-3.919695754732e-03,0.000000000000e+00
4922,0.000000000000e+00,-3.735180995043e-03,8.841623865431e-02,7.936314758552e-04,8.841623865431e-02,0.000000000000e+00,-3.735180995043e-03,0.000000000000e+00
4923,0.000000000000e+00,-3.629505042464e-03,8.829304619567e-02,7.760945775839e-04,8.829304619567e-02,0.000000000000e+00,-3.629505042464e-03,0.000000000000e+00
4924,0.000000000000e+00,-3.654003176785e-03,8.812069426852e-02,7.969705810394e-04,8.812069426852e-02,0.000000000000e+00,-3.654003176785e-03,0.000000000000e+00
4925,0.000000000000e+00,-3.803744168553e-03,8.794008038381e-02,8.507461300919e-04,8.794008038381e-02,0.000000000000e+00,-3.803744168553e-03,0.000000000000e+00
4926,0.000000000000e+00,-4.026980159451e-03,8.777883182226e-02,9.200549086433e-04,8.777883182226e-02,0.000000000000e+00,-4.026980159451e-03,0.000000000000e+00
4927,0.000000000000e+00,-4.263752541291e-03,8.764652306288e-02,9.872278705402e-04,8.764652306288e-02,0.000000000000e+00,-4.263752541291e-03,0.000000000000e+00
4928,0.000000000000e+00,-4.477498460625e-03,8.754198865200e-02,1.042133871861e-03,8.754198865200e-02,0.000000000000e+00,-4.477498460625e-03,0.000000000000e+00
4929,0.000000000000e+00,-4.655758584872e-03,8.747371536485e-02,1.081044790607e-03,8.747371536485e-02,0.000000000000e+00,-4.655758584872e-03,0.000000000000e+00
4930,0.000000000000e+00,-4.784828814342e-03,8.746866288668e-02,1.099946999654e-03,8.746866288668e-02,0.000000000000e+00,-4.784828814342e-03,0.000000000000e+00
4931,0.000000000000e+00,-4.836402422319e-03,8.754630307315e-02,1.093146635321e-03,8.754630307315e-02,0.000000000000e+00,-4.836402422319e-03,0.000000000000e+00
4932,0.000000000000e+00,-4.789777536209e-03,8.768984372444e-02,1.060298262001e-03,8.768984372444e-02,0.000000000000e+00,-4.789777536209e-03,0.000000000000e+00
4933,0.000000000000e+00,-4.655541004367e-03,8.785670301608e-02,1.010108869706e-03,8.785670301608e-02,0.000000000000e+00,-4.655541004367e-03,0.000000000000e+00
4934,0.000000000000e+00,-4.468033560150e-03,8.800766907942e-02,9.549770875935e-04,8.800766907942e-02,0.000000000000e+00,-4.468033560150e-03,0.000000000000e+00
4935,0.000000000000e+00,-4.257488926877e-03,8.812609803929e-02,9.032577298972e-04,8.812609803929e-02,0.000000000000e+00,-4.257488926877e-03,0.000000000000e+00
4936,0.000000000000e+00,-4.040881576437e-03,8.821581314168e-02,8.582902142478e-04,8.821581314168e-02,0.000000000000e+00,-4.040881576437e-03,0.000000000000e+00
4937,0.000000000000e+00,-3.836538593356e-03,8.828320192312e-02,8.229170241879e-04,8.828320192312e-02,0.000000000000e+00,-3.836538593356e-03,0.000000000000e+00
4938,0.000000000000e+00,-3.671068015830e-03,8.832657828811e-02,8.009774300333e-04,8.832657828811e-02,0.000000000000e+00,-3.671068015830e-03,0.000000000000e+00
4939,0.000000000000e+00,-3.573897244990e-03,8.833318126516e-02,7.971588319010e-04,8.833318126516e-02,0.000000000000e+00,-3.573897244990e-03,0.000000000000e+00
4940,0.000000000000e+00,-3.579672868748e-03,8.828460621104e-02,8.170471006396e-04,8.828460621104e-02,0.000000000000e+00,-3.579672868748e-03,0.000000000000e+00
4941,0.000000000000e+00,-3.579672868748e-03,8.828460621104e-02,8.170471006396e-04,8.828460621104e-02,0.000000000000e+00,-3.579672868748e-03,0.000000000000e+00
4942,0.000000000000e+00,-3.641061656084e-03,8.822509735567e-02,8.420638073554e-04,8.822509735567e-02,0.000000000000e+00,-3.641061656084e-03,0.000000000000e+00
4943,0.000000000000e+00,-3.697295823017e-03,8.818621038229e-02,8.589788099920e-04,8.818621038229e-02,0.000000000000e+00,-3.697295823017e-03,0.000000000000e+00
4944,0.000000000000e+00,-3.757005716077e-03,8.814945113646e-02,8.754211904961e-04,8.814945113646e-02,0.000000000000e+00,-3.757005716077e-03,0.000000000000e+00
4945,0.000000000000e+00,-3.839862793175e-03,8.810081602411e-02,8.983295609097e-04,8.810081602411e-02,0.000000000000e+00,-3.839862793175e-03,0.000000000000e+00
4946,0.000000000000e+00,-3.949997046140e-03,8.804074280821e-02,9.267912047016e-04,8.804074280821e-02,0.000000000000e+00,-3.949997046140e-03,0.000000000000e+00
4947,0.000000000000e+00,-4.077179288180e-03,8.797380818351e-02,9.565721220713e-04,8.797380818351e-02,0.000000000000e+00,-4.077179288180e-03,0.000000000000e+00
4948,0.000000000000e+00,-4.211770611937e-03,8.790045729831e-02,9.855816669059e-04,8.790045729831e-02,0.000000000000e+00,-4.211770611937e-03,0.000000000000e+00
4949,0.000000000000e+00,-4.347655943660e-03,8.782077632552e-02,1.013309930517e-03,8.782077632552e-02,0.000000000000e+00,-4.347655943660e-03,0.000000000000e+00
4950,0.000000000000e+00,-4.480525667372e-03,8.773788403424e-02,1.039120141315e-03,8.773788403424e-02,0.000000000000e+00,-4.480525667372e-03,0.000000000000e+00
4951,0.000000000000e+00,-4.609276339195e-03,8.765593827258e-02,1.062417616480e-03,8.765593827258e-02,0.000000000000e+00,-4.609276339195e-03,0.000000000000e+00
4952,0.000000000000e+00,-4.731442888817e-03,8.758126453074e-02,1.082254628820e-03,8.758126453074e-02,0.000000000000e+00,-4.731442888817e-03,0.000000000000e+00
4953,0.000000000000e+00,-4.840733284188e-03,8.752297247798e-02,1.097060201998e-03,8.752297247798e-02,0.000000000000e+00,-4.840733284188e-03,0.000000000000e+00
4954,0.000000000000e+00,-4.927220250145e-03,8.749390413918e-02,1.104528156486e-03,8.749390413918e-02,0.000000000000e+00,-4.927220250145e-03,0.000000000000e+00
4955,0.000000000000e+00,-4.973187689740e-03,8.751410633189e-02,1.100734542568e-03,8.751410633189e-02,0.000000000000e+00,-4.973187689740e-03,0.000000000000e+00
4956,0.000000000000e+00,-4.973187689740e-03,8.751410633189e-02,1.100734542568e-03,8.751410633189e-02,0.000000000000e+00,-4.973187689740e-03,0.000000000000e+00
4957,0.000000000000e+00,-4.978097892912e-03,8.755429096249e-02,1.092172638123e-03,8.755429096249e-02,0.000000000000e+00,-4.978097892912e-03,0.000000000000e+00
4958,0.000000000000e+00,-4.968113969396e-03,8.758828616829e-02,1.084693010542e-03,8.758828616829e-02,0.000000000000e+00,-4.968113969396e-03,0.000000000000e+00
4959,0.000000000000e+00,-4.950826948485e-03,8.762406248796e-02,1.076565130279e-03,8.762406248796e-02,0.000000000000e+00,-4.950826948485e-03,0.000000000000e+00
4960,0.000000000000e+00,-4.927433954410e-03,8.767037318767e-02,1.065821644399e-03,8.767037318767e-02,0.000000000000e+00,-4.927433954410e-03,0.000000000000e+00
4961,0.000000000000e+00,-4.894485115707e-03,8.772894535235e-02,1.052071003062e-03,8.772894535235e-02,0.000000000000e+00,-4.894485115707e-03,0.000000000000e+00
4962,0.000000000000e+00,-4.849095342924e-03,8.779723998012e-02,1.035849116334e-03,8.779723998012e-02,0.000000000000e+00,-4.849095342924e-03,0.000000000000e+00
4963,0.000000000000e+00,-4.791483061602e-03,8.787261520159e-02,1.017679510876e-03,8.787261520159e-02,0.000000000000e+00,-4.791483061602e-03,0.000000000000e+00
4964,0.000000000000e+00,-4.723638544881e-03,8.795341966130e-02,9.978406795797e-04,8.795341966130e-02,0.000000000000e+00,-4.723638544881e-03,0.000000000000e+00
4965,0.000000000000e+00,-4.647227125487e-03,8.803813111870e-02,9.765367264642e-04,8.803813111870e-02,0.000000000000e+00,-4.647227125487e-03,0.000000000000e+00
4966,0.000000000000e+00,-4.560416631730e-03,8.812722087045e-02,9.533414973622e-04,8.812722087045e-02,0.000000000000e+00,-4.560416631730e-03,0.000000000000e+00
4967,0.000000000000e+00,-4.461063412464e-03,8.821979121787e-02,9.279464688125e-04,8.821979121787e-02,0.000000000000e+00,-4.461063412464e-03,0.000000000000e+00
4968,0.000000000000e+00,-4.349992451235e-03,8.831113336407e-02,9.007773872685e-04,8.831113336407e-02,0.000000000000e+00,-4.349992451235e-03,0.000000000000e+00
4969,0.000000000000e+00,-4.231958894005e-03,8.839247979684e-02,8.731299799985e-04,8.839247979684e-02,0.000000000000e+00,-4.231958894005e-03,0.000000000000e+00
4970,0.000000000000e+00,-4.112330718609e-03,8.845352026414e-02,8.464269155253e-04,8.845352026414e-02,0.000000000000e+00,-4.112330718609e-03,0.000000000000e+00
4971,0.000000000000e+00,-3.996663404401e-03,8.848369262727e-02,8.221394158312e-04,8.848369262727e-02,0.000000000000e+00,-3.996663404401e-03,0.000000000000e+00
4972,0.000000000000e+00,-3.890413778973e-03,8.847412804074e-02,8.017189316867e-04,8.847412804074e-02,0.000000000000e+00,-3.890413778973e-03,0.000000000000e+00
4973,0.000000000000e+00,-3.800177962923e-03,8.842326918057e-02,7.866314324568e-04,8.842326918057e-02,0.000000000000e+00,-3.800177962923e-03,0.000000000000e+00
4974,0.000000000000e+00,-3.730395157463e-03,8.833832288390e-02,7.776430212643e-04,8.833832288390e-02,0.000000000000e+00,-3.730395157463e-03,0.000000000000e+00
4975,0.000000000000e+00,-3.682280186149e-03,8.823105760321e-02,7.747918383638e-04,8.823105760321e-02,0.000000000000e+00,-3.682280186149e-03,0.000000000000e+00
4976,0.000000000000e+00,-3.655677677873e-03,8.811483235852e-02,7.778584290342e-04,8.811483235852e-02,0.000000000000e+00,-3.655677677873e-03,0.000000000000e+00
4977,0.000000000000e+00,-3.652138039012e-03,8.799929445656e-02,7.873319036635e-04,8.799929445656e-02,0.000000000000e+00,-3.652138039012e-03,0.000000000000e+00
4978,0.000000000000e+00,-3.673716064722e-03,8.789567131091e-02,8.038198958865e-04,8.789567131091e-02,0.000000000000e+00,-3.673716064722e-03,0.000000000000e+00
4979,0.000000000000e+00,-3.720381071725e-03,8.781922775861e-02,8.267269018156e-04,8.781922775861e-02,0.000000000000e+00,-3.720381071725e-03,0.000000000000e+00
4980,0.000000000000e+00,-3.788988875754e-03,8.778018816914e-02,8.548630103441e-04,8.778018816914e-02,0.000000000000e+00,-3.788988875754e-03,0.000000000000e+00
4981,0.000000000000e+00,-3.870757032370e-03,8.778146760745e-02,8.857502810056e-04,8.778146760745e-02,0.000000000000e+00,-3.870757032370e-03,0.000000000000e+00
4982,0.000000000000e+00,-3.953656814662e-03,8.781933460823e-02,9.161428384814e-04,8.781933460823e-02,0.000000000000e+00,-3.953656814662e-03,0.000000000000e+00
4983,0.000000000000e+00,-4.028138483314e-03,8.788644589405e-02,9.435449023713e-04,8.788644589405e-02,0.000000000000e+00,-4.028138483314e-03,0.000000000000e+00
4984,0.000000000000e+00,-4.088312651310e-03,8.797371654387e-02,9.664579045477e-04,8.797371654387e-02,0.000000000000e+00,-4.088312651310e-03,0.000000000000e+00
4985,0.000000000000e+00,-4.133356505796e-03,8.807391540414e-02,9.846995535239e-04,8.807391540414e-02,0.000000000000e+00,-4.133356505796e-03,0.000000000000e+00
4986,0.000000000000e+00,-4.166475147380e-03,8.817263199831e-02,9.985720083435e-04,8.817263199831e-02,0.000000000000e+00,-4.166475147380e-03,0.000000000000e+00
4987,0.000000000000e+00,-4.194652544690e-03,8.825016845320e-02,1.008987228753e-03,8.825016845320e-02,0.000000000000e+00,-4.194652544690e-03,0.000000000000e+00
4988,0.000000000000e+00,-4.227632240358e-03,8.828538532962e-02,1.017331707493e-03,8.828538532962e-02,0.000000000000e+00,-4.227632240358e-03,0.000000000000e+00
4989,0.000000000000e+00,-4.275244850430e-03,8.826109837521e-02,1.025069102220e-03,8.826109837521e-02,0.000000000000e+00,-4.275244850430e-03,0.000000000000e+00
4990,0.000000000000e+00,-4.338592689660e-03,8.817528225701e-02,1.032150712664e-03,8.817528225701e-02,0.000000000000e+00,-4.338592689660e-03,0.000000000000e+00
4991,0.000000000000e+00,-4.411625425827e-03,8.804296830098e-02,1.037500716118e-03,8.804296830098e-02,0.000000000000e+00,-4.411625425827e-03,0.000000000000e+00
4992,0.000000000000e+00,-4.486241423732e-03,8.788923172055e-02,1.040017221895e-03,8.788923172055e-02,0.000000000000e+00,-4.486241423732e-03,0.000000000000e+00
4993,0.000000000000e+00,-4.558345411302e-03,8.773262923522e-02,1.039140221534e-03,8.773262923522e-02,0.000000000000e+00,-4.558345411302e-03,0.000000000000e+00
4994,0.000000000000e+00,-4.624128928418e-03,8.758905776989e-02,1.034242612655e-03,8.758905776989e-02,0.000000000000e+00,-4.624128928418e-03,0.000000000000e+00
4995,0.000000000000e+00,-4.678484392976e-03,8.748398340145e-02,1.025051981814e-03,8.748398340145e-02,0.000000000000e+00,-4.678484392976e-03,0.000000000000e+00
4996,0.000000000000e+00,-4.716183791598e-03,8.744883173647e-02,1.012207711232e-03,8.744883173647e-02,0.000000000000e+00,-4.716183791598e-03,0.000000000000e+00
4997,0.000000000000e+00,-4.728815142623e-03,8.750144836315e-02,9.968658876480e-04,8.750144836315e-02,0.000000000000e+00,-4.728815142623e-03,0.000000000000e+00
4998,0.000000000000e+00,-4.703489420690e-03,8.763187597075e-02,9.791301197276e-04,8.763187597075e-02,0.000000000000e+00,-4.703489420690e-03,0.000000000000e+00
4999,0.000000000000e+00,-4.626436840432e-03,8.781385708519e-02,9.575199991607e-04,8.781385708519e-02,0.000000000000e+00,-4.626436840432e-03,0.000000000000e+00
5000,0.000000000000e+00,-4.493978031401e-03,8.801772701968e-02,9.312193371937e-04,8.801772701968e-02,0.000000000000e+00,-4.493978031401e-03,0.000000000000e+00
5001,0.000000000000e+00,-4.317438002870e-03,8.821597737789e-02,9.015928411749e-04,8.821597737789e-02,0.000000000000e+00,-4.317438002870e-03,0.000000000000e+00
5002,0.000000000000e+00,-4.119983367453e-03,8.838488133417e-02,8.719981915174e-04,8.838488133417e-02,0.000000000000e+00,-4.119983367453e-03,0.000000000000e+00
5003,0.000000000000e+00,-3.920385083397e-03,8.851053182811e-02,8.450356891352e-04,8.851053182811e-02,0.000000000000e+00,-3.920385083397e-03,0.000000000000e+00
5004,0.000000000000e+00,-3.739198750122e-03,8.857949877356e-02,8.237587890709e-04,8.857949877356e-02,0.000000000000e+00,-3.739198750122e-03,0.000000000000e+00
5005,0.000000000000e+00,-3.613358321054e-03,8.856326029389e-02,8.141230083448e-04,8.856326029389e-02,0.000000000000e+00,-3.613358321054e-03,0.000000000000e+00
5006,0.000000000000e+00,-3.583447763092e-03,8.843874414779e-02,8.219933810531e-04,8.843874414779e-02,0.000000000000e+00,-3.583447763092e-03,0.000000000000e+00
5007,0.000000000000e+00,-3.655511653794e-03,8.822774336919e-02,8.465800500893e-04,8.822774336919e-02,0.000000000000e+00,-3.655511653794e-03,0.000000000000e+00
5008,0.000000000000e+00,-3.797159760717e-03,8.798442906758e-02,8.811650996779e-04,8.798442906758e-02,0.000000000000e+00,-3.797159760717e-03,0.000000000000e+00
5009,0.000000000000e+00,-3.977318943039e-03,8.774668476519e-02,9.209433134279e-04,8.774668476519e-02,0.000000000000e+00,-3.977318943039e-03,0.000000000000e+00
5010,0.000000000000e+00,-4.179207260363e-03,8.753690134308e-02,9.640662485822e-04,8.753690134308e-02,0.000000000000e+00,-4.179207260363e-03,0.000000000000e+00
5011,0.000000000000e+00,-4.390446612690e-03,8.738927836539e-02,1.008834560009e-03,8.738927836539e-02,0.000000000000e+00,-4.390446612690e-03,0.000000000000e+00
5012,0.000000000000e+00,-4.593637207236e-03,8.736156627747e-02,1.051268937408e-03,8.736156627747e-02,0.000000000000e+00,-4.593637207236e-03,0.000000000000e+00
5013,0.000000000000e+00,-4.740466939341e-03,8.749203912479e-02,1.079398721800e-03,8.749203912479e-02,0.000000000000e+00,-4.740466939341e-03,0.000000000000e+00
5014,0.000000000000e+00,-4.774825632846e-03,8.774129825584e-02,1.079435367035e-03,8.774129825584e-02,0.000000000000e+00,-4.774825632846e-03,0.000000000000e+00
5015,0.000000000000e+00,-4.690186102938e-03,8.801719456622e-02,1.049788612695e-03,8.801719456622e-02,0.000000000000e+00,-4.690186102938e-03,0.000000000000e+00
5016,0.000000000000e+00,-4.519385176817e-03,8.824862609622e-02,9.983566586221e-04,8.824862609622e-02,0.000000000000e+00,-4.519385176817e-03,0.000000000000e+00
5017,0.000000000000e+00,-4.291207425888e-03,8.840762645703e-02,9.327276897654e-04,8.840762645703e-02,0.000000000000e+00,-4.291207425888e-03,0.000000000000e+00
5018,0.000000000000e+00,-4.043723220563e-03,8.848646236566e-02,8.641579154220e-04,8.848646236566e-02,0.000000000000e+00,-4.043723220563e-03,0.000000000000e+00
5019,0.000000000000e+00,-3.813866745962e-03,8.847382536567e-02,8.055841832130e-04,8.847382536567e-02,0.000000000000e+00,-3.813866745962e-03,0.000000000000e+00
5020,0.000000000000e+00,-3.649834301616e-03,8.835973797740e-02,7.725337460374e-04,8.835973797740e-02,0.000000000000e+00,-3.649834301616e-03,0.000000000000e+00
5021,0.000000000000e+00,-3.615907755163e-03,8.817457190438e-02,7.802019580399e-04,8.817457190438e-02,0.000000000000e+00,-3.615907755163e-03,0.000000000000e+00
5022,0.000000000000e+00,-3.732806116590e-03,8.797694912498e-02,8.285951709413e-04,8.797694912498e-02,0.000000000000e+00,-3.732806116590e-03,0.000000000000e+00
5023,0.000000000000e+00,-3.951003766878e-03,8.781080209347e-02,8.994191627826e-04,8.781080209347e-02,0.000000000000e+00,-3.951003766878e-03,0.000000000000e+00
5024,0.000000000000e+00,-4.200213005103e-03,8.768416235450e-02,9.712288551482e-04,8.768416235450e-02,0.000000000000e+00,-4.200213005103e-03,0.000000000000e+00
5025,0.000000000000e+00,-4.440073985900e-03,8.758543454572e-02,1.032239215324e-03,8.758543454572e-02,0.000000000000e+00,-4.440073985900e-03,0.000000000000e+00
5026,0.000000000000e+00,-4.644346925926e-03,8.751940431085e-02,1.075791881398e-03,8.751940431085e-02,0.000000000000e+00,-4.644346925926e-03,0.000000000000e+00
5027,0.000000000000e+00,-4.783756269395e-03,8.751202497113e-02,1.095134544296e-03,8.751202497113e-02,0.000000000000e+00,-4.783756269395e-03,0.000000000000e+00
5028,0.000000000000e+00,-4.829745566518e-03,8.758133375753e-02,1.085375780749e-03,8.758133375753e-02,0.000000000000e+00,-4.829745566518e-03,0.000000000000e+00
5029,0.000000000000e+00,-4.770083672536e-03,8.771365391111e-02,1.049109931225e-03,8.771365391111e-02,0.000000000000e+00,-4.770083672536e-03,0.000000000000e+00
5030,0.000000000000e+00,-4.624874138274e-03,8.786967890849e-02,9.979193422927e-04,8.786967890849e-02,0.000000000000e+00,-4.624874138274e-03,0.000000000000e+00
5031,0.000000000000e+00,-4.429286034349e-03,8.801222705756e-02,9.443750578136e-04,8.801222705756e-02,0.000000000000e+00,-4.429286034349e-03,0.000000000000e+00
5032,0.000000000000e+00,-4.210637790997e-03,8.812429892536e-02,8.957106855461e-04,8.812429892536e-02,0.000000000000e+00,-4.210637790997e-03,0.000000000000e+00
5033,0.000000000000e+00,-3.993235834996e-03,8.820716204819e-02,8.558492948584e-04,8.820716204819e-02,0.000000000000e+00,-3.993235834996e-03,0.000000000000e+00
5034,0.000000000000e+00,-3.803125689517e-03,8.826838551138e-02,8.277939899223e-04,8.826838551138e-02,0.000000000000e+00,-3.803125689517e-03,0.000000000000e+00
5035,0.000000000000e+00,-3.660354758091e-03,8.830981979746e-02,8.130975125285e-04,8.830981979746e-02,0.000000000000e+00,-3.660354758091e-03,0.000000000000e+00
5036,0.000000000000e+00,-3.589000315634e-03,8.831750609149e-02,8.147653116337e-04,8.831750609149e-02,0.000000000000e+00,-3.589000315634e-03,0.000000000000e+00
5037,0.000000000000e+00,-3.625286116118e-03,8.826729261759e-02,8.378671291797e-04,8.826729261759e-02,0.000000000000e+00,-3.625286116118e-03,0.000000000000e+00
5038,0.000000000000e+00,-3.781958469694e-03,8.816060984698e-02,8.812370985854e-04,8.816060984698e-02,0.000000000000e+00,-3.781958469694e-03,0.000000000000e+00
5039,0.000000000000e+00,-4.024142351373e-03,8.802788028971e-02,9.347562901569e-04,8.802788028971e-02,0.000000000000e+00,-4.024142351373e-03,0.000000000000e+00
5040,0.000000000000e+00,-4.288576831394e-03,8.790094865606e-02,9.855913325897e-04,8.790094865606e-02,0.000000000000e+00,-4.288576831394e-03,0.000000000000e+00
5041,0.000000000000e+00,-4.525299965613e-03,8.779070750901e-02,1.025809041853e-03,8.779070750901e-02,0.000000000000e+00,-4.525299965613e-03,0.000000000000e+00
5042,0.000000000000e+00,-4.715299825580e-03,8.769374640364e-02,1.053548920086e-03,8.769374640364e-02,0.000000000000e+00,-4.715299825580e-03,0.000000000000e+00
5043,0.000000000000e+00,-4.846961671595e-03,8.762070176776e-02,1.067532146514e-03,8.762070176776e-02,0.000000000000e+00,-4.846961671595e-03,0.000000000000e+00
5044,0.000000000000e+00,-4.896964201795e-03,8.759932627456e-02,1.063766130173e-03,8.759932627456e-02,0.000000000000e+00,-4.896964201795e-03,0.000000000000e+00
5045,0.000000000000e+00,-4.844206842114e-03,8.764966111268e-02,1.039916179521e-03,8.764966111268e-02,0.000000000000e+00,-4.844206842114e-03,0.000000000000e+00
5046,0.000000000000e+00,-4.694196412468e-03,8.776194711513e-02,1.000360020010e-03,8.776194711513e-02,0.000000000000e+00,-4.694196412468e-03,0.000000000000e+00
5047,0.000000000000e+00,-4.487403097537e-03,8.789861096811e-02,9.554920615343e-04,8.789861096811e-02,0.000000000000e+00,-4.487403097537e-03,0.000000000000e+00
5048,0.000000000000e+00,-4.268027959663e-03,8.802316779765e-02,9.141785576910e-04,8.802316779765e-02,0.000000000000e+00,-4.268027959663e-03,0.000000000000e+00
5049,0.000000000000e+00,-4.061779187386e-03,8.811975081679e-02,8.800786912856e-04,8.811975081679e-02,0.000000000000e+00,-4.061779187386e-03,0.000000000000e+00
5050,0.000000000000e+00,-3.883197799227e-03,8.818921897044e-02,8.544551762958e-04,8.818921897044e-02,0.000000000000e+00,-3.883197799227e-03,0.000000000000e+00
5051,0.000000000000e+00,-3.742587786289e-03,8.823920730281e-02,8.381068307465e-04,8.823920730281e-02,0.000000000000e+00,-3.742587786289e-03,0.000000000000e+00
5052,0.000000000000e+00,-3.653910998527e-03,8.827083018827e-02,8.327278605194e-04,8.827083018827e-02,0.000000000000e+00,-3.653910998527e-03,0.000000000000e+00
5053,0.000000000000e+00,-3.643061027560e-03,8.826852473300e-02,8.425432525990e-04,8.826852473300e-02,0.000000000000e+00,-3.643061027560e-03,0.000000000000e+00
5054,0.000000000000e+00,-3.643061027560e-03,8.826852473300e-02,8.425432525990e-04,8.826852473300e-02,0.000000000000e+00,-3.643061027560e-03,0.000000000000e+00
5055,0.000000000000e+00,-3.682030873936e-03,8.824434662020e-02,8.575690367010e-04,8.824434662020e-02,0.000000000000e+00,-3.682030873936e-03,0.000000000000e+00
5056,0.000000000000e+00,-3.723080585316e-03,8.822113720056e-02,8.686203395792e-04,8.822113720056e-02,0.000000000000e+00,-3.723080585316e-03,0.000000000000e+00
5057,0.000000000000e+00,-3.769914604952e-03,8.819435549664e-02,8.801931137497e-04,8.819435549664e-02,0.000000000000e+00,-3.769914604952e-03,0.000000000000e+00
5058,0.000000000000e+00,-3.835471752642e-03,8.815940575260e-02,8.963144790478e-04,8.815940575260e-02,0.000000000000e+00,-3.835471752642e-03,0.000000000000e+00
5059,0.000000000000e+00,-3.926507088953e-03,8.811608793260e-02,9.171826558707e-04,8.811608793260e-02,0.000000000000e+00,-3.926507088953e-03,0.000000000000e+00
5060,0.000000000000e+00,-4.038709811296e-03,8.806625301899e-02,9.408040043907e-04,8.806625301899e-02,0.000000000000e+00,-4.038709811296e-03,0.000000000000e+00
5061,0.000000000000e+00,-4.161889881553e-03,8.801100928620e-02,9.651247353788e-04,8.801100928620e-02,0.000000000000e+00,-4.161889881553e-03,0.000000000000e+00
5062,0.000000000000e+00,-4.288581425139e-03,8.794944712864e-02,9.890483621520e-04,8.794944712864e-02,0.000000000000e+00,-4.288581425139e-03,0.000000000000e+00
5063,0.000000000000e+00,-4.414643460341e-03,8.788106814552e-02,1.011875552782e-03,8.788106814552e-02,0.000000000000e+00,-4.414643460341e-03,0.000000000000e+00
5064,0.000000000000e+00,-4.539458111982e-03,8.780647221683e-02,1.033242058125e-03,8.780647221683e-02,0.000000000000e+00,-4.539458111982e-03,0.000000000000e+00
5065,0.000000000000e+00,-4.660789170439e-03,8.773010522695e-02,1.052402414736e-03,8.773010522695e-02,0.000000000000e+00,-4.660789170439e-03,0.000000000000e+00
5066,0.000000000000e+00,-4.771961441641e-03,8.766135599686e-02,1.067915480915e-03,8.766135599686e-02,0.000000000000e+00,-4.771961441641e-03,0.000000000000e+00
5067,0.000000000000e+00,-4.865290882505e-03,8.761124573110e-02,1.078203560348e-03,8.761124573110e-02,0.000000000000e+00,-4.865290882505e-03,0.000000000000e+00
5068,0.000000000000e+00,-4.931164199486e-03,8.759388034756e-02,1.081206634824e-03,8.759388034756e-02,0.000000000000e+00,-4.931164199486e-03,0.000000000000e+00
5069,0.000000000000e+00,-4.931164199486e-03,8.759388034756e-02,1.081206634824e-03,8.759388034756e-02,0.000000000000e+00,-4.931164199486e-03,0.000000000000e+00
5070,0.000000000000e+00,-4.957318413534e-03,8.760253411551e-02,1.079089515872e-03,8.760253411551e-02,0.000000000000e+00,-4.957318413534e-03,0.000000000000e+00
5071,0.000000000000e+00,-4.961682484828e-03,8.761793421183e-02,1.075743086060e-03,8.761793421183e-02,0.000000000000e+00,-4.961682484828e-03,0.000000000000e+00
5071,0.000000000000e+00,-4.957411315691e-03,8.763854677649e-02,1.071203873323e-03,8.763854677649e-02,0.000000000000e+00,-4.957411315691e-03,0.000000000000e+00
