step,physical_time,cl,cd,cmz,pressure_drag,viscous_drag,pressure_lift,viscous_lift
1,0,3.8482631212007855e-05,77.008777665970925,-0.00064339737916518545,0.0024831523684141145,77.006294513602512,3.7521613127608275e-06,3.473046989924703e-05
2,0,5.637664079058962e-05,39.773494022902042,-0.0018029290589481734,0.0032799540635214909,39.77021406883852,4.0450546688723798e-05,1.5926094101865822e-05
3,0,-0.00040092387632458405,23.917473687898152,-6.4090774905899259e-05,0.0035667239319243705,23.913906963966227,-2.6223444319679603e-05,-0.00037470043200490445
4,0,0.0020212082506921346,16.627723233303467,-0.010077025698632749,0.0033983575387752578,16.624324875764692,0.00047102224428009477,0.0015501860064120398
5,0,0.001637680309264406,13.806286712307658,-0.008898851614705763,0.0033940515418502768,13.802892660765808,0.00038156893150306445,0.0012561113777613416
6,0,-0.00042226862117163768,13.553153618254871,-0.0043623030230719572,0.0036186935213074669,13.549534924733564,0.00012225251601879046,-0.00054452113719042814
7,0,-0.0028560588755607358,11.11012287192084,0.0028288487756954915,0.0036884983571450064,11.106434373563696,-0.00012333114309044809,-0.0027327277324702874
8,0,0.0015270076030651275,9.7087304100924197,0.00038253982089783017,0.003768824602356819,9.7049615854900626,-6.8684152454874756e-05,0.0015956917555200022
9,0,-0.00030303784207512033,8.2849302649850287,-0.0026451929228229784,0.0038447214605045921,8.2810855435245241,-0.00013761959756401792,-0.00016541824451110241
10,0,-0.0018435090721669511,7.3535861066949328,-2.9463344455576494e-05,0.0039242526001436817,7.3496618540947889,-0.00019428036722609864,-0.0016492287049408524
11,0,-0.0024944883884345337,6.4927993992902477,0.0013596135978850574,0.0040093631183632768,6.4887900361718849,-0.00016591746638458396,-0.0023285709220499497
12,0,0.0015838818824707125,5.6066372669351647,-0.0026345302052779105,0.0040851052325469716,5.6025521617026177,-7.8712516466381138e-05,0.0016625943989370935
13,0,-0.0028137985159027976,4.9010249103182248,0.0035922116708642995,0.0041700378261219371,4.8968548724921028,-0.00013672233417791585,-0.0026770761817248817
14,0,0.0034073057896348881,4.2806810786955962,-0.0014055409899693732,0.0042657836629117216,4.2764152950326846,-6.6141512310561828e-05,0.0034734473019454497
15,0,0.0021655208824949814,3.8327728311868623,0.00087632383381709993,0.0043680360435333727,3.8284047951433289,-0.00015264800214031724,0.0023181688846352988
16,0,0.0024631716824759396,3.4073571167042256,0.00037460112321380956,0.0044744273406721645,3.4028826893635533,-0.00016622921902483529,0.0026294009015007747
17,0,-0.00048553693817975552,3.076829640787905,0.00081517457985052729,0.0045891849787822424,3.0722404558091227,-0.00019753438131669832,-0.00028800255686305722
18,0,0.0010699283592461349,2.8078865019381327,-0.0024306310226056222,0.0047084628140066087,2.8031780391241261,-0.00020069688306010954,0.0012706252423062446
19,0,-0.00033723718057457769,2.5803362354277555,-0.0014301852131665884,0.0048268468984181707,2.5755093885293374,-0.00026357835630492842,-7.3658824269649258e-05
20,0,-0.0015075494501375667,2.3575688446406549,-0.0019400476110927002,0.0049520751718318502,2.3526167694688231,-0.00029824828002129856,-0.0012093011701162682
21,0,-0.0012602531083964706,2.1907356724585845,-0.0019519174037450065,0.0050807409120841272,2.1856549315465004,-0.00029828475192991965,-0.00096196835646655094
22,0,-0.0022910061713346318,2.0265557118153756,-0.00086561138142987701,0.0052126134237557437,2.0213430983916201,-0.00031602502753753518,-0.0019749811437970964
23,0,0.00050395629450446515,1.9219611404344916,-0.0017358801388867541,0.0053491562345708453,1.9166119841999207,-0.00027994238644841785,0.00078389868095288294
24,0,0.00034673193084298665,1.8219875035350743,-0.001078726432633671,0.0054895243592760707,1.8164979791757982,-0.00027273938606480733,0.00061947131690779397
25,0,-0.0013454551758570578,1.7061611508828862,0.00056266320126421507,0.0056328077145785605,1.7005283431683076,-0.00024291354854710795,-0.0011025416273099499
26,0,-0.0027070068562291536,1.6334656668898262,0.001236375796032925,0.0057810863113225263,1.6276845805785036,-0.00021992837117996999,-0.0024870784850491837
27,0,-0.0012441220439032882,1.5234544978539446,0.00051807402021838457,0.0059330700452514444,1.5175214278086933,-0.00017475857368000637,-0.0010693634702232818
28,0,-0.0051160836852106595,1.4670388010120337,0.0014745124206287619,0.0060914335778265256,1.4609473674342071,-0.00018352782434412088,-0.0049325558608665386
29,0,-0.0036410932651812365,1.3604519348100155,0.00069543989461359453,0.0062519717355601859,1.3541999630744552,-0.00015383187336749394,-0.0034872613918137427
30,0,-0.0065846779312903484,1.3131471411803453,0.0017274725022233201,0.006416277404196963,1.3067308637761483,-0.0001623373699711064,-0.0064223405613192423
31,0,-0.003908464028360082,1.2504146456259828,0.00096555662670849403,0.0065831847581450768,1.2438314608678378,-0.00011563703614478976,-0.0037928269922152921
32,0,-0.0076067181084566024,1.2030544060596851,0.0016427049545518089,0.0067527830036568951,1.1963016230560282,-0.00010698539419495099,-0.007499732714261651
33,0,-0.0057452924560126113,1.1464421465174603,0.0016830973125331434,0.0069260045349239024,1.1395161419825364,-7.4605262833950535e-05,-0.0056706871931786603
34,0,-0.0044285368364617066,1.09519152415317,0.00037480368399593411,0.0071001470309078017,1.0880913771222622,-3.173698086706921e-05,-0.0043967998555946375
35,0,-0.0015247498641898602,1.0526644185810192,0.00064879992620150539,0.0072767899642731913,1.0453876286167461,1.3344702806352987e-05,-0.0015380945669962133
36,0,-0.0036649243522665397,1.0342203096591427,0.00020511505070704131,0.0074561088058033732,1.0267642008533393,9.8147232516324998e-06,-0.0036747390755181722
37,0,-0.0025877042513043178,0.97289763933337903,0.00052500812279775004,0.0076349315236435549,0.96526270780973544,2.2307252222715771e-05,-0.0026100115035270336
38,0,0.00037023012601359185,0.94897484722458247,-0.00076908337878982822,0.007815886364190637,0.94115896086039186,5.2790985946276859e-05,0.00031743914006731499
39,0,0.00078358988235201861,0.90124344125545919,-0.00040272469078521129,0.0079981458190850289,0.89324529543637421,5.4823507245248097e-05,0.00072876637510677056
40,0,0.0019904806292570026,0.87670672030570773,-0.00090452257788893251,0.0081817876796072119,0.86852493262610053,6.7207311404809879e-05,0.0019232733178521926
41,0,0.00272162831831914,0.84508657053772174,-0.0013001221958175864,0.008366896395084273,0.83671967414263748,7.709293390191919e-05,0.0026445353844172207
42,0,0.0022877363123543306,0.81010233427182698,-0.0010156327552038296,0.0085529146821463793,0.80154941958968062,8.1332169944360084e-05,0.0022064041424099705
43,0,0.003433108495973019,0.79275789342779379,-0.0011554230772886178,0.0087428487189636066,0.78401504470883021,9.452097133330369e-05,0.0033385875246397154
44,0,0.0032472297626900343,0.76193472251628613,-0.0010773390676433136,0.0089333949189962895,0.75300132759728988,0.00011667764244280613,0.0031305521202472284
45,0,0.0030094144782510809,0.74798542934976331,-0.00068219658491017101,0.0091291538973836701,0.73885627545237964,0.00012115635947672876,0.0028882581187743522
46,0,0.0017579347036013565,0.72158559363710073,-0.00096253760466469306,0.009325161337583196,0.71226043229951752,0.00012600511603729034,0.0016319295875640663
47,0,0.0026947685052218164,0.71284357215696659,-0.0010426679615825509,0.0095254540940080644,0.70331811806295852,0.00013257871137060349,0.0025621897938512129
48,0,0.0020379073801601593,0.69167318176068437,-0.00052471808747287278,0.0097299557649539944,0.68194322599573043,0.00013306170320888193,0.0019048456769512772
49,0,0.0019181110861242606,0.67963029403921371,-0.00057091307620237485,0.0099380701041237533,0.66969222393508998,0.00013563796009435509,0.0017824731260299056
50,0,-0.00061958628032845596,0.65564492066111524,-0.00057988492368187721,0.01015191116563427,0.64549300949548094,0.00012785536098123976,-0.00074744164130969573
51,0,0.00067797023083397646,0.66079595698740201,-0.0013472308642576141,0.01037274195515916,0.65042321503224287,0.00012903387919019208,0.00054893635164378438
52,0,-0.00049480093596651988,0.62877281026391896,-0.00013497463410362657,0.010600286374632707,0.61817252388928623,0.0001245924876428685,-0.00061939342360938833
53,0,0.0008112663099240846,0.62667224893749984,-0.00084629327784758958,0.010835514804074221,0.61583673413342566,0.00012941602469090271,0.00068185028523318192
54,0,0.00073338314222460221,0.61365953079892765,0.00042328346192144212,0.011081093255826279,0.60257843754310136,0.000130237525052889,0.00060314561717171318
55,0,0.0038587854612422605,0.60038768094793959,3.536334280090422e-05,0.011332337387738789,0.58905534356020084,0.00014903872860628887,0.0037097467326359717
56,0,5.9837037555385698e-05,0.5894595638414295,-0.00048915516388193072,0.011591467294702545,0.57786809654672699,0.00013838273037875324,-7.8545692823367539e-05
57,0,1.4565820017098421e-05,0.58174265249143253,-0.00057134939563153217,0.011857872729004657,0.56988477976242791,0.00013504051339119759,-0.00012047469337409917
58,0,-0.0016873150991884782,0.56089291057894908,2.3551394514937813e-05,0.012124745227418944,0.54876816535153017,0.00012529539506403681,-0.0018126104942525151
59,0,-0.0013996816468235297,0.55961153264841701,-0.00063695852392221938,0.012395178674545015,0.54721635397387203,0.0001259647856990923,-0.001525646432522622
60,0,-0.0021685519556425511,0.53960167935485637,-0.00037487065840709791,0.012665464578553543,0.52693621477630281,0.0001215242821045731,-0.0022900762377471243
61,0,-0.00068649226727627666,0.54508824999199368,-0.0006657254931437404,0.012938940257673929,0.53214930973431973,0.00012229960788911554,-0.0008087918751653922
62,0,-0.0013611250384390136,0.5200404145618468,-0.0001806618500611461,0.013218789236623443,0.50682162532522335,0.00011482983533825838,-0.0014759548737772719
63,0,-0.0019403325664448703,0.52332537875095131,-0.00072263340931314217,0.013516163382323506,0.50980921536862778,0.0001153514161958237,-0.0020556839826406941
64,0,-0.0011365510108687301,0.50196541723466548,-3.4763520258545214e-05,0.013813369737433454,0.48815204749723201,0.00011237887636033107,-0.0012489298872290612
65,0,-0.00033727522070890238,0.50196187014189364,-0.00024374148121928475,0.014105864096625221,0.48785600604526841,0.00011512791467448391,-0.00045240313538338629
66,0,0.00012505027245874822,0.48676396908080038,1.8566988881034338e-05,0.014411301221433259,0.47235266785936714,0.00011803699042400285,7.0132820347453671e-06
67,0,-0.00077446376594788896,0.48633012072089338,-0.00028683336745029584,0.014727496929627833,0.47160262379126555,0.00012068159410101741,-0.00089514536004890635
68,0,-1.1118176113202293e-05,0.46721476527630978,0.00056184174726819501,0.015041904749248542,0.45217286052706124,0.0001335084849391298,-0.00014462666105233209
69,0,-0.00016522973185095449,0.46678992157796823,-0.00030818233656771526,0.015358584056589113,0.45143133752137909,0.0001399029664270867,-0.00030513269827804119
70,0,-0.0014744692766222979,0.44782841960090475,7.171021886366477e-05,0.015682242926106881,0.43214617667479788,0.00013814346149498919,-0.0016126127381172872
71,0,-0.00075863054569038268,0.45058617611947649,-0.00059906838354473755,0.015994086975889131,0.43459208914358738,0.0001420639090140534,-0.00090069445470443606
72,0,4.6462711627302458e-05,0.43072752218835508,0.00084252953330496395,0.016308083379332719,0.41441943880902238,0.00013433500308523025,-8.7872291457927795e-05
73,0,-0.0024252774534251897,0.43230423420508729,-0.00074142551068343357,0.016621548282883748,0.41568268592220353,0.00012462077978463577,-0.0025498982332098257
74,0,-0.0002608404679400536,0.41456068841265037,8.3128002180244423e-05,0.016937443514767191,0.3976232448978832,0.00010995767444254046,-0.00037079814238259403
75,0,-0.0020663600495547012,0.41695356412981199,-0.00039846935461175281,0.017249527693969022,0.39970403643584296,0.00010182829758674317,-0.0021681883471414442
76,0,-0.00079184385469911614,0.39587741257750936,0.00011141436102591869,0.017583086948489091,0.37829432562902027,9.4609567339788784e-05,-0.00088645342203890495
77,0,-0.0014401041152409142,0.40262272642527075,-0.00026263845455312072,0.017906153994590362,0.38471657243068036,9.0139178880647666e-05,-0.0015302432941215619
78,0,-5.4243679400007297e-05,0.38543704423740172,0.00071103143087512214,0.018270346470519293,0.36716669776688243,0.00010149236569078224,-0.00015573604509078954
79,0,-0.00021976177065543979,0.3867383650340589,0.00077905131695062016,0.018613232346660281,0.3681251326873986,0.00010152679635357139,-0.00032128856700901117
80,0,0.00086502897692533273,0.37099600816432526,0.0011586670323461723,0.019015562701306849,0.35198044546301843,0.0001130818115919972,0.00075194716533333555
81,0,-0.00069348454877067719,0.3740839711906882,-0.00030340519361907669,0.019417057883235844,0.35466691330745237,0.00010390174008661786,-0.00079738628885729504
82,0,-0.0001488618514193847,0.35653556219111848,0.00042964606016308431,0.019858804574758599,0.3366767576163599,0.00010790705135471361,-0.00025676890277409831
83,0,-0.0011606216924933495,0.35418134451783995,2.262376159339269e-05,0.02026650356675435,0.33391484095108559,9.205869241950508e-05,-0.0012526803849128546
84,0,-0.00040103774398794772,0.3409205837346625,0.00040692192098044558,0.020664930752152796,0.32025565298250969,9.508787459904166e-05,-0.0004961256185869894
85,0,-0.001759551246314764,0.33781814309863728,-0.00095780782944029507,0.021051583326611816,0.31676655977202545,7.0731345868743121e-05,-0.001830282592183507
86,0,-0.0014097898116366733,0.32648101058346712,-0.00075897536671047845,0.021456789988322199,0.30502422059514495,4.9774446564413101e-05,-0.0014595642582010864
87,0,8.1641718543846534e-05,0.32331399514875903,-0.0001645172641178034,0.021861908727883544,0.30145208642087545,4.2250648376451626e-05,3.9391070167394907e-05
88,0,6.2230335785596328e-05,0.310298901671266,0.00064203777113477922,0.022286209941864057,0.28801269172940197,3.0466055567180248e-05,3.1764280218416081e-05
89,0,-0.00047903184886032338,0.30840913034652662,-0.00036536666865815873,0.022693112167069297,0.2857160181794573,1.2787468323623032e-05,-0.00049181931718394643
90,0,-0.00024159248502493607,0.29664702058854164,-4.9172052891572411e-05,0.023106976686286702,0.27354004390225495,-2.7221805961104293e-06,-0.00023887030442882565
91,0,0.00039747687930833634,0.29273593868517511,-0.00029887817684731027,0.023542517095723497,0.26919342158945164,-1.7623406487880431e-05,0.00041510028579621678
92,0,-0.0018081117215448489,0.28050930189575257,-0.0002130747806561752,0.023968131953887119,0.25654116994186543,-5.2821494490355375e-05,-0.0017552902270544935
93,0,-0.00037613892254120042,0.27725416350122289,-0.00050004850113643455,0.024394500942695241,0.25285966255852765,-7.0787310550165497e-05,-0.00030535161199103493
94,0,-0.00034474959746724304,0.26551025209761964,-5.7972276250117718e-05,0.024822766714169119,0.24068748538345053,-9.7975177394510143e-05,-0.0002467744200727329
95,0,-0.00086864246019853139,0.26357213988242834,-0.00050303986606270055,0.02525706218827338,0.23831507769415494,-0.00012898816183620361,-0.00073965429836232775
96,0,-0.00047903616202999301,0.25271600380386822,0.00022027023005664973,0.025685368026935669,0.22703063577693255,-0.00014485997927336393,-0.00033417618275662911
97,0,-0.00070734151777128744,0.24908706951065313,-0.00056334849049735972,0.026124068646186233,0.22296300086446688,-0.0001605715530500163,-0.00054676996472127119
98,0,-0.00039684510705520324,0.24096899705249392,0.00051288270336333913,0.026544712285086439,0.21442428476740749,-0.00017366484572311819,-0.00022318026133208506
99,0,-0.00084969739495235333,0.23701546156063871,-0.00028516339920709978,0.026973218076705996,0.21004224348393272,-0.00018938785578707912,-0.00066030953916527426
100,0,0.00037620964579965493,0.22970325961905277,0.00021621012131709124,0.027378812293567003,0.20232444732548577,-0.00018686530335740892,0.00056307494915706381
101,0,-0.00091524320194681435,0.2259684969971599,-0.00029377560575683437,0.027799988404646488,0.19816850859251342,-0.00019890988439032228,-0.00071633331755649205
102,0,0.00016870121003099124,0.21824990798781663,0.00039749983689479793,0.028189360004568415,0.1900605479832482,-0.0001998089337557427,0.00036851014378673394
103,0,-0.00054105321352147817,0.21496103737644862,-0.00054499271427763867,0.028592178263900529,0.18636885911254808,-0.00021197314416404635,-0.00032908006935743184
104,0,0.00034652049319892431,0.20798207122848769,0.00027686033116001377,0.028993305395751689,0.17898876583273601,-0.00021359025330802865,0.00056011074650695299
105,0,-2.9203483937980209e-05,0.20542528277447247,-0.00015969054652210097,0.02941082485450381,0.17601445791996867,-0.00022014213515252656,0.00019093865121454635
106,0,-0.00058285201928938001,0.19857985606628201,0.00013487433621524759,0.029808477134494294,0.1687713789317877,-0.00022816164217838439,-0.00035469037711099565
107,0,-4.9975216222028355e-05,0.19574668927399735,-0.00011736226853705027,0.030218449701097886,0.16552823957289947,-0.00023687047962123528,0.00018689526339920692
108,0,0.00087584896686014884,0.18977522296620822,0.00096646043425795917,0.030610212197416376,0.15916501076879183,-0.00023581673370326312,0.0011116657005634119
109,0,-8.9518397472373366e-05,0.18709266506947919,3.2888688192496135e-05,0.031002214426527896,0.1560904506429513,-0.00025097015964945445,0.00016145176217708109
110,0,-0.00010300986928010823,0.1810574329386167,0.00036455753451940806,0.031391358019796443,0.14966607491882025,-0.00025417967779998556,0.00015116980851987734
111,0,0.00027430599109999279,0.17887604009244079,0.00034052674611859433,0.031786614039705015,0.14708942605273578,-0.00026303255374102971,0.0005373385448410225
112,0,0.00059354904579242526,0.17348281490597406,0.00077603476114054316,0.032185258173770201,0.14129755673220387,-0.00026070180306034561,0.00085425084885277082
113,0,0.00089936727827454759,0.17091640697778016,0.00073884238378352132,0.032578723184658889,0.13833768379312125,-0.00025438150122270101,0.0011537487794972487
114,0,-3.4766207465896688e-05,0.16712612390289666,0.00030326435338591431,0.032967638324372717,0.13415848557852394,-0.00026195205956383968,0.00022718585209794299
115,0,0.00055333745800122233,0.1640677247056018,0.00043494126520125467,0.033354551880585587,0.13071317282501621,-0.00025523366432139884,0.00080857112232262122
116,0,-0.00025401622870357661,0.15980374425679056,0.00015774336510609671,0.033738468762955373,0.12606527549383517,-0.00026602786467294892,1.2011635969372292e-05
117,0,0.00018132987350976667,0.15777650822429667,0.0002979630172720204,0.034116394464773568,0.1236601137595231,-0.00026745780982511818,0.00044878768333488485
118,0,-0.00014011548384464388,0.15363369997411086,0.0003129982838841299,0.034493522621957859,0.11914017735215299,-0.0002795256725476316,0.00013941018870298772
119,0,-2.9951725727152701e-05,0.15126824174237696,-1.543855031652318e-05,0.034857266069351335,0.11641097567302564,-0.00028906718933061792,0.00025911546360346522
120,0,-0.00077277384281082139,0.14829159675275294,2.3250691843808824e-05,0.035230174027596303,0.11306142272515662,-0.00031151709231861367,-0.00046125675049220772
121,0,-0.00038855621316188774,0.14656235104381665,-0.00025035527232326004,0.035600149393250458,0.11096220165056619,-0.00032304483281474721,-6.5511380347140532e-05
122,0,-0.00025903110116555429,0.14298355417182662,8.6491241699660688e-05,0.035981533427472047,0.10700202074435457,-0.00033797967350628842,7.8948572340734123e-05
123,0,-0.0006265227594651401,0.14197482435709646,-0.00045769616222258492,0.036351524623283553,0.10562329973381292,-0.00035674064519718564,-0.00026978211426795451
124,0,-0.00022297153682210739,0.13874586493333863,4.4724370526397718e-05,0.03672987422488945,0.10201599070844919,-0.00036813856202893186,0.00014516702520682448
125,0,-0.00091203953772816117,0.13687847402039419,-0.00080476989892764813,0.037102750743500425,0.099775723276893769,-0.00039159648269936374,-0.00052044305502879748
126,0,-7.4106157322253422e-05,0.13459228511893623,-1.6587191190954123e-05,0.037479586126203931,0.097112698992732296,-0.00039908959047514029,0.00032498343315288687
127,0,-0.00051615049949561842,0.13318197991351075,-0.00065065112155257142,0.037852819898158814,0.095329160015351938,-0.0004155201796843309,-0.00010063031981128755
128,0,-0.00046446831204682002,0.13018021931310775,-0.00034097115916739722,0.038224825536563783,0.091955393776543951,-0.00043113223578931633,-3.3336076257503683e-05
129,0,-0.00061819435046756217,0.12915550578339718,-0.00067699653751764077,0.038590276608878288,0.09056522917451891,-0.00045345291165178647,-0.00016474143881577564
130,0,-0.00054064178356030672,0.12741303838071488,-0.00043464832274428121,0.038954632841760414,0.088458405538954482,-0.00047754098737193929,-6.3100796188367395e-05
131,0,-0.00048775333314937018,0.12593515779243744,-0.00069024867024284513,0.039315381583983261,0.08661977620845418,-0.00049791085381406021,1.0157520664690012e-05
132,0,-8.6271104152670227e-05,0.12341203596651631,-0.00022147715259113966,0.039670897203691061,0.083741138762825254,-0.00051198314212904771,0.00042571203797637749
133,0,-0.00068168844390797631,0.12293428462928715,-0.00076254795996379197,0.040019333529354835,0.082914951099932313,-0.00053319138272838688,-0.00014849706117958948
134,0,1.6693074074062772e-05,0.12140437888958468,-0.00018778094538408969,0.040370204916908931,0.081034173972675747,-0.00054359133339054364,0.00056028440746460641
135,0,-0.0012304152362145934,0.12047368627656344,-0.00094892403485965766,0.040715652913909398,0.079758033362654038,-0.00057417180883419672,-0.00065624342738039663
136,0,-0.00029643128463577035,0.11870577088766344,-0.00012722301281114858,0.041061330826726652,0.077644440060936792,-0.00058640348015444191,0.00028997219551867156
137,0,-0.0012316529230323565,0.11792392738009594,-0.00094812100994144742,0.041403486707787401,0.076520440672308537,-0.00061934755218853266,-0.00061230537084382391
138,0,-0.00030682633647189137,0.11681338169627811,-0.0002617383234984198,0.04174681800259019,0.075066563693687929,-0.00062631671663688072,0.00031949038016498935
139,0,-0.00026444388606258165,0.116254541265356,-0.00052279656166256017,0.042086283463858287,0.074168257801497717,-0.0006256735966383341,0.00036122971057575245
140,0,-0.00012080599704699323,0.1143466634869425,-0.0001888803745828973,0.042419067795429137,0.071927595691513357,-0.00062627951339107335,0.00050547351634408011
141,0,-0.0014322931538047119,0.11420049534669122,-0.00078980558990541518,0.04275397720475714,0.071446518141934076,-0.00065592435755879963,-0.00077636879624591224
142,0,-0.00026130066792076146,0.11264159136555937,-9.9277009184505361e-05,0.043084414012312111,0.069557177353247263,-0.00065737615586847404,0.00039607548794771258
143,0,-0.00053291560775749376,0.11213581250909058,-0.00035992451591776198,0.043414723466697495,0.068721089042393074,-0.0006676608150136625,0.0001347452072561688
144,0,0.00024903909295832501,0.11063583289449579,0.00010608477482016258,0.043743198853455553,0.066892634041040233,-0.00065904677349223591,0.00090808586645056092
145,0,-0.00098128684348756609,0.11049100288305209,-0.00068747510081879613,0.044072344336324315,0.06641865854672778,-0.00067920552208011839,-0.00030208132140744764
146,0,0.00020751406631584778,0.10952426274671037,0.00023929355951687043,0.044404121709049928,0.065120141037660451,-0.00067572036821002149,0.00088323443452586927
147,0,-0.00045264284566160228,0.10923469116436521,-0.00038052682627186994,0.044729714588811018,0.064504976575554193,-0.00068790987031601544,0.00023526702465441316
148,0,0.00052230209494948945,0.10835332793940414,1.7642845972641221e-05,0.045060392134747253,0.063292935804656877,-0.00067709153641578874,0.0011993936313652782
149,0,-0.00069135119482060224,0.10774368672183171,-0.00055542507252531585,0.045387491506390445,0.062356195215441272,-0.00070852248277355101,1.7171287952948817e-05
150,0,0.00069091173342369894,0.10700792181502496,0.0001657233334306293,0.045713180115537905,0.061294741699487051,-0.00070097093960876729,0.0013918826730324662
151,0,-7.9438190750449542e-05,0.1064369928385506,-0.0002443805744076801,0.046031272939876057,0.060405719898674541,-0.0007180909817859105,0.00063865279103546095
152,0,0.00079650196264641324,0.10565548873904951,0.0001933202429037325,0.046341798795375602,0.059313689943673899,-0.00070620361291063953,0.0015027055755570528
153,0,0.00022603394941620261,0.10533426181904619,-9.6781210107439565e-05,0.046653412048187202,0.058680849770858988,-0.00071169253332313586,0.00093772648273933847
154,0,0.00061168729750379056,0.10438864698791292,9.0913949622595472e-05,0.046961511498613939,0.057427135489298987,-0.00070345930838667495,0.0013151466058904655
155,0,-6.989553312489378e-05,0.10419082891302106,-0.00025037248390963177,0.047271135231554469,0.056919693681466585,-0.00071794570197179059,0.00064805016884689681
156,0,0.00062013414257351988,0.10345020535322852,-1.3894427862782135e-05,0.047577662240605806,0.055872543112622707,-0.00070794781051753439,0.0013280819530910543
157,0,0.00032188506003386443,0.10271353651309226,3.0207271401629961e-05,0.047877233933544407,0.054836302579547851,-0.00071339915705849574,0.0010352842170923602
158,0,0.00076033752569807658,0.10217266350973514,0.00013507179934427695,0.048185189291786272,0.053987474217948875,-0.00070887037577789839,0.001469207901475975
159,0,-0.0001115068550783479,0.10161229908901903,-0.0002848819776137152,0.048486444000955267,0.053125855088063757,-0.00072166439793362118,0.00061015754285527327
160,0,0.00097585951518158536,0.1011010519616449,0.00026262942129694759,0.048786691066939739,0.052314360894705168,-0.00070889669967012109,0.0016847562148517064
161,0,0.0001672170172846313,0.10065074338289016,-0.00012491070528081785,0.04907731416066221,0.051573429222227955,-0.00071933206394162851,0.00088654908122625981
162,0,0.00054577094666053685,0.10005973972371526,-3.2278022258968471e-06,0.049369214006435111,0.050690525717280152,-0.00071647143661006699,0.0012622423832706038
163,0,-0.00022967029838342611,0.10008016385825892,-0.00031101371786462653,0.049658284018862839,0.050421879839396083,-0.00073452313285991236,0.00050485283447648625
164,0,0.00058013168430348075,0.099464184795787391,2.5791451250451987e-05,0.04994485597181364,0.049519328823973759,-0.00072822019385812662,0.0013083518781616074
165,0,1.4668477223344842e-05,0.099242628310988179,-0.00015424557033188346,0.050221996319862211,0.049020631991125961,-0.00073667640423736355,0.00075134488146070839
166,0,0.00063296342938149038,0.098720049334891369,4.0262603751598204e-05,0.050495579120956056,0.048224470213935319,-0.00072210503584041908,0.0013550684652219095
167,0,-0.0001892447075076411,0.098575592842204518,-0.00018804266233834958,0.05076526916715516,0.047810323675049358,-0.00073981214300802866,0.00055056743550038756
168,0,0.00056481171894522445,0.098027531783860172,-5.8388721113924654e-06,0.051034448084117473,0.046993083699742706,-0.00072511519893804022,0.0012899269178832647
169,0,0.00026425895328708747,0.09779295306787153,-0.00012921868474498574,0.051300108141530951,0.046492844926340572,-0.00072511543615478831,0.00098937438944187578
170,0,0.00072996132032688036,0.097299952122702496,1.5888830355283983e-05,0.051562575909923969,0.045737376212778527,-0.00069814279396824609,0.0014281041142951265
171,0,-0.00056076117038154059,0.097121456544428858,-0.00047264244093259806,0.05182057707447222,0.045300879469956638,-0.00071583842279696638,0.00015507725241542585
172,0,0.00072414758314700949,0.096883256446549562,0.00022192858177160269,0.052079474274454467,0.044803782172095095,-0.00069372996655422373,0.0014178775497012332
173,0,1.8932716718511513e-05,0.096745065912495001,-0.00014238967446078766,0.052334558124514804,0.044410507787980197,-0.00069197091793389153,0.00071090363465240304
174,0,0.0002271330166913341,0.096387846509706512,-9.0825670038369378e-05,0.052586043443485754,0.043801803066220758,-0.00067924728075753724,0.00090638029744887134
175,0,-0.00047351420267271419,0.09625495360860159,-0.00045386611289155953,0.052833248844125928,0.043421704764475655,-0.00068313495523111627,0.00020962075255840206
176,0,0.00098544710942665131,0.0961262892578226,0.00030791983782154877,0.053080292617830323,0.043045996639992271,-0.0006419813716135248,0.0016274284810401762
177,0,-0.00047222850683145191,0.095969944989047359,-0.00034691965727459673,0.05332463771745953,0.042645307271587829,-0.0006435362344427237,0.00017130772761127176
178,0,-0.00027978046252355047,0.095689473020215896,-0.00023693920266767846,0.053562568472939318,0.042126904547276578,-0.00063459399899168747,0.000354813536468137
179,0,-0.0011820301224082755,0.095692378038426534,-0.0005385183471476112,0.053798679649330952,0.041893698389095582,-0.00065770837886988567,-0.00052432174353838994
180,0,8.4445815013282715e-05,0.09548523155228511,4.3155269921117009e-05,0.054033680065887851,0.041451551486397252,-0.00062914704533184899,0.00071359286034513171
181,0,-0.00069386647651533122,0.095349102194708296,-0.00020003437437765049,0.054262791662158957,0.041086310532549332,-0.00063047125307056414,-6.3395223444767096e-05
182,0,-0.00029487221474126221,0.095261744106892074,-2.9572804076969064e-05,0.054491694755967844,0.04077004935092423,-0.00061250703766174914,0.00031763482292048692
183,0,-0.001355953249269912,0.095244970761538289,-0.00051597255405795074,0.054712651043625896,0.040532319717912386,-0.00063696421758071349,-0.00071898903168919864
184,0,0.0004837459088202743,0.095336854394307141,0.00038361645099141244,0.054933432300534109,0.040403422093773039,-0.0006002237163417331,0.0010839696251620074
185,0,-0.00045628198663745598,0.095405843446729172,-1.6418512213420622e-05,0.055153008792363969,0.040252834654365202,-0.00060557395331395727,0.00014929196667650129
186,0,-0.00029959177809648572,0.09527328499747105,-0.00013367562877783344,0.055371450844966266,0.039901834152504784,-0.00059349848942031789,0.00029390671132383217
187,0,-0.001159161347824871,0.095357512905204597,-0.00045821271244719715,0.055589179895769406,0.039768333009435192,-0.00062190046714386807,-0.00053726088068100297
188,0,0.00043511233727578248,0.095046746775741223,5.0773889497292469e-05,0.055803008611525817,0.039243738164215405,-0.00058701524654513563,0.0010221275838209181
189,0,-7.1482028133157145e-05,0.095103702333484363,-0.00023036934689892594,0.056015769570029843,0.039087932763454521,-0.00057216630085228583,0.00050068427271912869
190,0,0.00069912029643322499,0.095129013740208088,0.0002028728122984865,0.056226850417019511,0.038902163323188577,-0.00053274869329813883,0.0012318689897313638
191,0,-0.00058382681204173633,0.095105166248715178,-0.0005546135892593372,0.056433129601528985,0.038672036647186193,-0.00053384275177871803,-4.9984060263018332e-05
192,0,0.00037167513996835735,0.094934538318001679,-7.1122683413359772e-05,0.056632066013379348,0.038302472304622331,-0.0004962155103922449,0.00086789065036060225
193,0,0.00025853918600166867,0.09507988791002811,0.00013421926331481747,0.056830421368968383,0.038249466541059735,-0.0004720499361950098,0.00073058912219667847
194,0,3.4893515815036062e-05,0.094967539202643642,-3.9957906908113505e-05,0.057030637689073155,0.037936901513570494,-0.00045802667715635572,0.00049292019297139179
195,0,-0.0011801119838827912,0.094865663424197305,-0.0005906043468440203,0.057229746710899192,0.03763591671329812,-0.00048509168676202458,-0.00069502029712076665
196,0,0.00020634409197941845,0.094928659018533992,8.400769458352039e-05,0.05743452157509342,0.037494137443440573,-0.00045795241948903484,0.00066429651146845329
197,0,-0.00062529170433183975,0.09510403621068024,-0.00018191433762938043,0.057644624608885288,0.037459411601794952,-0.00046492028232248452,-0.00016037142200935525
198,0,-0.0003263490686646268,0.095129592253008821,-0.00010038623239365934,0.057849947052207265,0.037279645200801556,-0.00045414384690981008,0.00012779477824518331
199,0,-0.0010821982016126375,0.095284724746102667,-0.00038840562100034179,0.058061078569975694,0.03722364617612698,-0.00046578933108012684,-0.0006164088705325107
200,0,0.00026892957112624937,0.095230237939747789,0.00015852294626126541,0.058266199626205765,0.036964038313542023,-0.00041937265332168028,0.00068830222444792965
201,0,-0.00065251260578652647,0.095352565117469784,-0.00011147108829790409,0.058474348126813833,0.036878216990655951,-0.00041702999816126525,-0.00023548260762526122
202,0,0.00029601087820520569,0.095214908515003333,0.00025146398150674025,0.058677025691280547,0.036537882823722785,-0.00038245709862778335,0.00067846797683298904
203,0,-0.00099013355757199229,0.095026138632392593,-0.00028588822064251049,0.058881275379443661,0.036144863252948925,-0.00039677002823236817,-0.00059336352933962407
204,0,-0.000100030648013907,0.094890238203593075,5.2786694649226526e-05,0.059080785362565238,0.035809452841027843,-0.00036321629956555544,0.00026318565155164844
205,0,-0.00073763918777166985,0.094769586854501459,5.0469861117361629e-05,0.059283276865066396,0.035486309989435069,-0.00036586725723166682,-0.00037177193054000303
206,0,-0.00082425153510081828,0.094570346712989695,1.5598386519067816e-05,0.059476681516483117,0.035093665196506578,-0.00037008251738120438,-0.00045416901771961395
207,0,-0.0017232140472789822,0.094496439578640859,-0.00039698412997626165,0.059669053311979761,0.034827386266661098,-0.00040910537377512494,-0.0013141086735038573
208,0,0.00019462546888037157,0.094450021942835694,0.00031352733611941352,0.059859268347890106,0.034590753594945581,-0.00037801956730817331,0.00057264503618854488
209,0,-0.00094460567927203386,0.094208310280493146,-9.2490127972790111e-05,0.060051558951815527,0.034156751328677626,-0.00039562970679306271,-0.00054897597247897121
210,0,-0.00072555331505078601,0.094168185517542524,-0.00012450938834703156,0.060244310356214158,0.03392387516132836,-0.00039327298376262053,-0.00033228033128816548
211,0,-0.00099923454820825732,0.094306635131267774,-0.00016396025766107655,0.06043640059608614,0.033870234535181634,-0.00041357867950925404,-0.00058565586869900339
212,0,-0.00016618562421886595,0.093963162291652413,0.0001490964866221249,0.06061945597067666,0.033343706320975754,-0.00038842890496492674,0.00022224328074606079
213,0,-0.00086729468561318028,0.093884150934493205,-2.8909023199037029e-05,0.060803042519408622,0.03308110841508459,-0.00039650160560965244,-0.00047079308000352784
214,0,0.00014116852364581009,0.094006979967971818,0.00031660403552401863,0.060984283179563559,0.03302269678840826,-0.00036242772489765993,0.00050359624854347002
215,0,-0.0013848503785531072,0.09390575431373388,-0.00030368976121521543,0.061167102933650006,0.032738651380083868,-0.00038590062969595396,-0.00099894974885715321
216,0,-0.00085804590526540256,0.093828451233511384,-6.5881327460716612e-05,0.061346256693024348,0.032482194540487043,-0.00038565881824298149,-0.00047238708702242101
217,0,-0.00074818198825397073,0.093823686117245064,7.9326854566761084e-05,0.061525458830058159,0.032298227287186912,-0.00039110785580956321,-0.00035707413244440747
218,0,-0.00063347438479966411,0.093785997960833034,9.6038774759399123e-05,0.061697862185114659,0.032088135775718368,-0.00039392114027071164,-0.00023955324452895247
219,0,-0.0017443711271300094,0.093847628833356095,-0.00043820367207039279,0.061870955054703337,0.031976673778652764,-0.00043491710209342041,-0.0013094540250365889
220,0,-0.00017571821738909815,0.093848705535562293,0.00031031923150585256,0.062038501954455018,0.031810203581107283,-0.00042416084830158038,0.00024844263091248223
221,0,-0.00068611830444157361,0.093897761491703827,-9.2037541214909572e-05,0.062209596577829117,0.03168816491387471,-0.00043909340071023533,-0.00024702490373133828
222,0,-0.00045210034549830161,0.093921525741982842,-0.00014882877926376904,0.062372565429327329,0.031548960312655513,-0.00044135866621150619,-1.0741679286795439e-05
223,0,-0.00069632889525514776,0.094011560887419743,-0.00017331444117007168,0.062537873122938972,0.031473687764480771,-0.00046284391487132095,-0.00023348498038382675
224,0,-0.00027922876544303254,0.093897500749967625,-2.5887404758623975e-05,0.062696986662750448,0.031200514087217173,-0.00045466622422908864,0.0001754374587860561
225,0,-0.0010369869493934529,0.093904984621427462,-0.00023360330395497182,0.062858905470252677,0.031046079151174789,-0.00048523098888662299,-0.00055175596050682991
226,0,-0.0003599590636698826,0.093945222278181681,0.00014670551769483043,0.063019622165556996,0.030925600112624681,-0.00048221958687929607,0.00012226052320941344
227,0,-0.0014958722088515436,0.093942529358421678,-0.0001904870775590129,0.063176175642503316,0.030766353715918356,-0.00052999195232743517,-0.00096588025652410839
228,0,-0.00030640907984840501,0.093941338584408965,0.0001509233305609722,0.063332687852299188,0.030608650732109777,-0.00051418943548176574,0.00020778035563336072
229,0,-0.00091850835708213281,0.094025681788737075,7.2852604732064749e-06,0.063488044094198809,0.030537637694538267,-0.00053615145429914519,-0.00038235690278298762
230,0,-0.00064682526996517745,0.094057820721385035,0.0001060537953537614,0.063643518802420015,0.03041430191896502,-0.0005386660236669867,-0.00010815924629819076
231,0,-0.001463651353081216,0.094250489778653482,-0.00015940095829352607,0.063800715511511771,0.030449774267141707,-0.00057685264889833815,-0.00088679870418287786
232,0,-0.0003185095986633142,0.094406167208835934,0.0004317808103559657,0.063953610524349905,0.030452556684486036,-0.00056529090353389644,0.00024678130487058224
233,0,-0.0011398248908338975,0.094462433815571387,2.975458027850138e-05,0.064106865600484134,0.030355568215087256,-0.00059790324382584233,-0.00054192164700805521
234,0,-0.0012133824794804703,0.094500666639396991,2.7369484708014701e-05,0.064255801469244062,0.030244865170152922,-0.00062718540889116479,-0.00058619707058930567
235,0,-0.0016206970852304242,0.094591038554944204,-0.00020958256874011995,0.064405814469501013,0.030185224085443187,-0.00066987534765674639,-0.00095082173757367783
236,0,-0.00077746915872875934,0.094660261329616538,0.00032496150823580687,0.064552659583448385,0.030107601746168149,-0.00067726461096685514,-0.00010020454776190423
237,0,-0.0017216761677652504,0.09490875034276644,-1.347504927784313e-05,0.064700423130806081,0.030208327211960363,-0.0007202755986268081,-0.0010014005691384423
238,0,-0.0014684900092184479,0.094998492783256505,6.0149746900418653e-05,0.064847576315035571,0.030150916468220941,-0.00074159387281539681,-0.00072689613640305106
239,0,-0.00173652246971582,0.095073980653037626,7.5097005752142427e-07,0.064993572133289684,0.030080408519747942,-0.00077924236750967881,-0.00095728010220614114
240,0,-0.0011485830919864114,0.0950013445759188,0.00028843508005875891,0.065138848060876053,0.029862496515042747,-0.00078947558970429233,-0.00035910750228211911
241,0,-0.001348204468109364,0.094962960316921363,0.0002019817700596175,0.065282385371939561,0.029680574944981795,-0.00080574884931949094,-0.00054245561878987303
242,0,-0.0014063626622645487,0.095149641257546158,0.00015217494824016275,0.065422036905256858,0.029727604352289303,-0.00081600792892124233,-0.0005903547333433064
243,0,-0.0012845363334782396,0.09528279462714806,0.00015707489439456535,0.06555426296484082,0.029728531662307246,-0.00081502728120018918,-0.00046950905227805033
244,0,-0.0011168405941755998,0.095440669576186396,0.00028959713926546401,0.065685236314329903,0.029755433261856493,-0.00080932478575596295,-0.00030751580841963686
245,0,-0.0014559194734884999,0.095539588827667013,0.00010221691391471823,0.065820733031521111,0.029718855796145905,-0.00082594015934911501,-0.00062997931413938488
246,0,-0.0017202552460791108,0.095677570182235661,9.8609175433822692e-05,0.065955075970761501,0.029722494211474153,-0.0008578494198984469,-0.00086240582618066393
247,0,-0.0018269951325397961,0.095730151435058697,0.00012350438645050506,0.066089157250922098,0.029640994184136595,-0.00089081718378766208,-0.0009361779487521341
248,0,-0.0018917136586120405,0.095832733003274967,9.4271175016802191e-05,0.066225592952114803,0.02960714005116017,-0.00093165978338617509,-0.0009600538752258653
249,0,-0.0022718818251354789,0.095616777289499605,-9.3009805997073516e-05,0.066358840406866001,0.029257936882633596,-0.00098189359938215541,-0.0012899882257533235
250,0,-0.001711725075940908,0.095387586772060926,0.00019974022295928798,0.066494644220306237,0.028892942551754685,-0.001008281088056873,-0.00070344398788403499
251,0,-0.0020775653483713105,0.095237929261457105,-0.00010646281397914244,0.066632643571856123,0.028605285689600985,-0.0010507476360493732,-0.0010268177123219373
252,0,-0.0015425492249871516,0.095073884829007138,0.00014412280338245277,0.066772234990144022,0.028301649838863109,-0.0010690131793377005,-0.00047353604564945111
253,0,-0.0018716272650944239,0.095070150293543598,-6.9633579939398549e-05,0.066911362238155928,0.028158788055387671,-0.0011015667425473938,-0.0007700605225470301
254,0,-0.0014889408468091846,0.095045881533641616,6.2833552356992339e-05,0.067049304734262807,0.027996576799378812,-0.0011216624089519856,-0.00036727843785719903
255,0,-0.0017709109357627927,0.095067845650214866,-0.00010062682695314077,0.067186612442227636,0.027881233207987237,-0.0011524109304140813,-0.0006185000053487114
256,0,-0.0012712647890239031,0.095026441549532145,0.00014765946821843052,0.067321628930862951,0.027704812618669195,-0.0011596645226441228,-0.00011160026637978036
257,0,-0.0017010641571549496,0.094979816596934108,-0.0001182784958827482,0.067454118991147963,0.027525697605786149,-0.0011911842366208664,-0.00050987992053408329
258,0,-0.0015134427839186499,0.094912289549471382,-1.7583931310214061e-05,0.067585554239487339,0.027326735309984043,-0.0012150081407263833,-0.00029843464319226647
259,0,-0.0015747435604169038,0.094958841753881543,-5.1551483875753683e-05,0.067719458802332891,0.027239382951548655,-0.0012442619593007638,-0.00033048160111614008
260,0,-0.0015430893158212217,0.095030592112359757,-1.6848711702410091e-05,0.067852604754746082,0.027177987357613669,-0.0012729147717757594,-0.00027017454404546225
261,0,-0.0017115178898848276,0.095097234124079777,-8.3954845691466959e-05,0.067986892864197082,0.027110341259882698,-0.0013013862325508866,-0.00041013165733394096
262,0,-0.0014568037768020099,0.095164533294048781,0.00011281984757730319,0.06811839642458084,0.027046136869467937,-0.0013113218868318775,-0.00014548188997013224
263,0,-0.0019474280362606149,0.095363761373131101,-0.00013262530931676579,0.068253488870237564,0.027110272502893541,-0.0013446488405261733,-0.00060277919573444147
264,0,-0.0016924300013749403,0.095427239555858606,4.8079474029804292e-05,0.068385930970188136,0.027041308585670477,-0.0013621331210726081,-0.00033029688030233217
265,0,-0.0020281808492070485,0.095499586601670822,-3.1848458176591215e-05,0.068516463674811887,0.026983122926858939,-0.0013957236651498462,-0.00063245718405720232
266,0,-0.0021554051212786351,0.095384610193838204,-6.5714579030576135e-06,0.068644623195278101,0.0267399869985601,-0.0014321070411216278,-0.00072329808015700748
267,0,-0.0023322272634643893,0.095484104909236714,-4.808760387656231e-05,0.06876820145352476,0.026715903455711957,-0.0014728161764346642,-0.00085941108702972514
268,0,-0.0018212719661513587,0.095584334563678486,0.00015518371002013319,0.068886982535359367,0.026697352028319118,-0.0014932643095454013,-0.00032800765660595738
269,0,-0.0022934906681644439,0.095671899652579315,-9.6989773315351387e-05,0.069004445960062513,0.026667453692516802,-0.0015346552808846363,-0.00075883538727980753
270,0,-0.0018175908653362558,0.095848135813634064,0.00015150548710435305,0.069115408578266826,0.026732727235367241,-0.0015560195910084632,-0.00026157127432779268
271,0,-0.0018098981520877015,0.095855224054656851,6.8979534092450392e-05,0.069225484208083166,0.026629739846573682,-0.0015747937883859961,-0.00023510436370170534
272,0,-0.0014730351533792799,0.095836302763725012,6.2280173295433322e-05,0.069322504644138624,0.026513798119586381,-0.0015778461265205869,0.00010481097314130699
273,0,-0.0016270815462045085,0.095849324520991583,-3.6929278775693473e-05,0.069416053719958348,0.026433270801033231,-0.0015913996957020759,-3.5681850502432614e-05
274,0,-0.0011394921850603791,0.095781166749018876,0.00014427797234969769,0.069508364709911383,0.026272802039107489,-0.0015851423688658611,0.00044565018380548203
275,0,-0.0014319612098044224,0.095855429119286364,7.4629052414597864e-06,0.069603220210162103,0.026252208909124258,-0.0015959402324069172,0.00016397902260249485
276,0,-0.0013971501317889016,0.095762896393895833,7.5218500562564879e-05,0.069694189636265266,0.02606870675763057,-0.0016116877625652511,0.00021453763077634955
277,0,-0.0014126230014453657,0.095892232771282809,5.6733879169013808e-05,0.06978484781281552,0.026107384958467292,-0.0016283192668713382,0.00021569626542597255
278,0,-0.0015922146478832911,0.096262176114822587,-2.7870117534931184e-06,0.069876535889881769,0.026385640224940814,-0.0016554756448838876,6.3260997000596584e-05
279,0,-0.0013607278429374463,0.096350695603981448,0.00013763983712493448,0.069970590241007116,0.026380105362974329,-0.0016691356664667908,0.00030840782352934456
280,0,-0.00129048005055524,0.096143197189905771,4.6598054012558982e-05,0.070061864327800649,0.026081332862105126,-0.0016790128679912398,0.00038853281743599983
281,0,-0.0012290159513196487,0.096217101484985301,0.00014795790063330716,0.07015892402233366,0.026058177462651641,-0.0016825742085934143,0.00045355825727376556
282,0,-0.0011717274581289185,0.096339803372427105,9.1601825364622343e-05,0.070258455894159758,0.026081347478267347,-0.001678698298050811,0.00050697083992189249
283,0,-0.0012180664984081328,0.096382987685141489,0.0001949745140659067,0.0703611637809477,0.026021823904193792,-0.0016734644419458661,0.00045539794353773331
284,0,-0.0013098416501646096,0.096689944542075731,0.00014973626747444155,0.070461590713045877,0.026228353829029858,-0.0016719918726812099,0.00036215022251660019
285,0,-0.0014736259825338649,0.0968503405735405,0.00011968118602695778,0.070563216936376294,0.026287123637164202,-0.0016743778081314965,0.00020075182559763156
286,0,-0.0014939977030879814,0.097054176586520866,0.0001729352482273264,0.070661303764034428,0.026392872822486434,-0.001675887201328303,0.00018188949824032147
287,0,-0.0018281560978868326,0.097322208624948947,0.00011044978177307553,0.070757384751629099,0.026564823873319855,-0.001689856874896633,-0.00013829922299019951
288,0,-0.0016689044731863579,0.09756979697951608,9.5390058743371353e-05,0.070852426225800805,0.026717370753715271,-0.0016957893498469017,2.6884876660543907e-05
289,0,-0.0017986563133153383,0.097587885145294512,1.9429461813280356e-05,0.070948341281698371,0.026639543863596144,-0.001702729828493333,-9.5926484822005421e-05
290,0,-0.0014662919785504596,0.097480122135962494,0.00019993999359668415,0.0710406113033136,0.026439510832648901,-0.0016901205624830825,0.00022382858393262285
291,0,-0.0016602573377055309,0.097454314173105627,8.5465503341178967e-05,0.071134128777956038,0.02632018539514959,-0.0016872741686426908,2.7016830937159954e-05
292,0,-0.0017423430562738989,0.097501947303933884,8.8251909513257831e-05,0.071224641561161303,0.026277305742772587,-0.0016884828222266002,-5.3860234047298628e-05
293,0,-0.0017523127570391206,0.097545800656102244,9.4653018229720877e-05,0.071317145221575326,0.026228655434526921,-0.0016952511216116824,-5.7061635427438207e-05
294,0,-0.0015425460026955813,0.097649049310148756,0.00014357704007865473,0.071408979792841623,0.026240069517307132,-0.0016961986076519543,0.00015365260495637292
295,0,-0.0018142782844005093,0.097594630215459582,-2.0721419912089875e-05,0.071502983852260268,0.02609164636319931,-0.0017083875806966531,-0.00010589070370385624
296,0,-0.0015957605905098694,0.097671955645161485,0.00012706921852688937,0.071596447902703642,0.026075507742457836,-0.0017117506468158385,0.00011599005630596908
297,0,-0.0019014203183195732,0.097675490906994636,-3.9249538788965845e-05,0.071688640370054652,0.025986850536939988,-0.0017271452925117963,-0.00017427502580777697
298,0,-0.0015381557666212992,0.097784855993322053,0.00013880786236297203,0.071779669049567979,0.026005186943754071,-0.0017201902995032383,0.00018203453288193909
299,0,-0.0016905818270402677,0.098029634190212878,1.7826997687371088e-05,0.071871146347860848,0.02615848784235203,-0.0017220079025948554,3.142607555458776e-05
300,0,-0.0014258114744310493,0.09796098805882493,7.3228812169831331e-05,0.071960203887310503,0.02600078417151443,-0.0017096410552744281,0.00028382958084337875
301,0,-0.001516812393910293,0.097966698028029847,-4.8788413988476693e-05,0.072049165984987909,0.025917532043041945,-0.0017021325512064968,0.00018532015729620378
302,0,-0.001240940089571361,0.098100516752755745,9.2041173569492013e-05,0.072137444666818706,0.025963072085937046,-0.0016847854727239601,0.00044384538315259901
303,0,-0.0014107065216811207,0.09832111223207704,-8.0598482245868608e-05,0.0722297522612462,0.026091359970830848,-0.0016773076366316567,0.00026660111495053611
304,0,-0.0010957058165308236,0.098455159797355057,-1.3930443238535529e-05,0.072323840725625116,0.026131319071729942,-0.0016566031236420053,0.00056089730711118152
305,0,-0.0012615604382719748,0.098547960059825745,-0.0001126794065561865,0.072420591062693995,0.026127368997131743,-0.0016436125421018537,0.00038205210382987896
306,0,-0.00089032690882525516,0.09871423565240614,-3.049037952912666e-05,0.072516684885365501,0.026197550767040646,-0.0016163610559350207,0.00072603414710976553
307,0,-0.0011827512820162004,0.098924031993466929,-0.00016316819573851366,0.072613494104248014,0.026310537889218916,-0.001607053215231812,0.00042430193321561164
308,0,-0.0010094107556544852,0.0989696156909253,-4.2580228485443844e-05,0.072708273342810006,0.02626134234811529,-0.0015893152778280594,0.00057990452217357403
309,0,-0.0012463610019769786,0.099100472451678356,-0.00017195946171602111,0.072807227745783284,0.026293244705895072,-0.0015880960952342296,0.00034173509325725106
310,0,-0.0010801321756568232,0.099343112610301376,3.8411240919093199e-07,0.072904180956630496,0.026438931653670887,-0.0015718984942386341,0.00049176631858181092
311,0,-0.0015618271457856852,0.098988633855879304,-0.00011213490579825763,0.073000139218830876,0.025988494637048425,-0.0015836192293935581,2.1792083607872793e-05
312,0,-0.0013722041444721787,0.099104382355450632,4.8032087513728601e-05,0.073094095955675439,0.026010286399775189,-0.0015803794309924811,0.00020817528652030244
313,0,-0.0018299997576764107,0.099150332815867742,-4.9115282205109988e-05,0.073186753430241711,0.025963579385626039,-0.0015996430921815898,-0.00023035666549482093
314,0,-0.0015443683348654212,0.098828150464605996,0.00012566937435670202,0.073275410718396772,0.025552739746209231,-0.0016038287488114905,5.9460413946069306e-05
315,0,-0.0017403203199522195,0.098527956405386488,-2.3020207873667474e-05,0.073363945495354063,0.025164010910032428,-0.0016234206346107964,-0.00011689968534142315
316,0,-0.0014119691219794958,0.098554196773760344,9.9833735351700638e-05,0.073452238650723922,0.025101958123036418,-0.0016222548923328782,0.00021028577035338226
317,0,-0.0017420766888524147,0.098631377208514268,-7.8525494570773954e-05,0.073542757328074179,0.025088619880440092,-0.0016418123947031238,-0.00010026429414929103
318,0,-0.0014442617537120375,0.098519839077378102,1.7320300838936726e-05,0.073632954792132346,0.024886884285245756,-0.0016496209112269998,0.00020535915751496227
319,0,-0.0015658127897330101,0.098555625127916172,-9.8520678199009103e-05,0.07372638496896132,0.024829240158954848,-0.0016687608559829651,0.00010294806624995502
320,0,-0.0012544277607877659,0.098555966437802608,3.7616074196563214e-05,0.073820147512453319,0.02473581892534929,-0.0016631307018988551,0.00040870294111108922
321,0,-0.0015451676107240892,0.098524286645788939,-0.0001311300074004778,0.073914441013525442,0.02460984563226349,-0.0016712830855982932,0.00012611547487420397
322,0,-0.0012555962217789562,0.09844663823123373,1.67982680700909e-05,0.074005172284272891,0.024441465946960842,-0.0016600390076246178,0.00040444278584566168
323,0,-0.0014873113440068834,0.098406623562313611,-0.00013230174300049799,0.074096174286206143,0.024310449276107461,-0.0016601536379557884,0.00017284229394890502
324,0,-0.0011995993574308967,0.098400583392153268,4.1347086684876165e-05,0.074185620936164251,0.024214962455989024,-0.0016416286686731817,0.00044202931124228507
325,0,-0.0015250691544217412,0.098516528579080331,-7.7550253173365167e-05,0.074272717309671013,0.024243811269409315,-0.0016418734324528327,0.0001168042780310916
326,0,-0.0014352785410574349,0.098553438670878138,-4.3549913560438398e-05,0.074357145274896494,0.024196293395981641,-0.001634216823687022,0.00019893828262958714
327,0,-0.0016235370132997296,0.098555973268902447,-0.0001673226567555413,0.074438498653401672,0.024117474615500775,-0.0016330270842688519,9.4900709691222574e-06
328,0,-0.0013995305985526202,0.098332194226267183,-4.7251089026234374e-05,0.07451542170160512,0.023816772524662071,-0.001618314093097291,0.00021878349454467088
329,0,-0.0016956567521073161,0.09816219424102457,-0.00015136595889458096,0.074588236181867426,0.023573958059157147,-0.0016256160599971237,-7.004069211019244e-05
330,0,-0.0013765412810583745,0.098088696583178772,-1.3207917079409294e-05,0.074653467002328305,0.023435229580850467,-0.0016126816565566716,0.00023614037549829706
331,0,-0.0017223241041984068,0.098088159401755179,-0.00013730231409698104,0.074715076212133538,0.023373083189621637,-0.0016227262875922761,-9.9597816606130727e-05
332,0,-0.0016867161083205632,0.098011463050861586,-0.00017235384027226175,0.074773118577941819,0.023238344472919767,-0.0016279498254501983,-5.876628287036505e-05
333,0,-0.001904543064540145,0.097898665096257761,-0.0002356761177688288,0.074827187323507988,0.02307147777274977,-0.0016485412681345368,-0.00025600179640560824
334,0,-0.0015720630774494161,0.097618281465697732,-9.871869727685286e-05,0.074874257782864634,0.022744023682833105,-0.0016529895647692339,8.0926487319817709e-05
335,0,-0.0016129751997014203,0.097390464470262395,-0.00013167521625369479,0.074918353436959684,0.022472111033302704,-0.0016633848481955624,5.040964849414197e-05
336,0,-0.0015040608915408529,0.097200109781609673,-9.4966477592437994e-05,0.074955591923389686,0.022244517858219993,-0.0016654197686540241,0.0001613588771131713
337,0,-0.0016377834581155104,0.097265444611464566,-0.00016437346409594019,0.074987243102633341,0.022278201508831228,-0.0016749131844484234,3.7129726332912912e-05
338,0,-0.0015662944043072782,0.097254095214907646,-6.8315696661500608e-05,0.075015081407092454,0.022239013807815192,-0.0016783320076487233,0.00011203760334144503
339,0,-0.0017558863118398384,0.097243167658879207,-0.00011499019722952555,0.075042449881465995,0.022200717777413208,-0.0016868530958914223,-6.9033215948416051e-05
340,0,-0.0017922843631100504,0.097095308107846889,-7.8731997850136845e-05,0.075064716956526112,0.022030591151320771,-0.0016938089898655298,-9.8475373244520491e-05
341,0,-0.0019720963055233393,0.09694194628740993,-7.5739892321515317e-05,0.075085808647054317,0.02185613764035561,-0.0017064398733269684,-0.00026565643219637089
342,0,-0.001804971476510398,0.09688177968395599,1.9836548603902616e-05,0.075101419601629527,0.021780360082326467,-0.001708239007249537,-9.673246926086108e-05
343,0,-0.0020746808530515545,0.096801628617912305,-3.4698911720790395e-05,0.075113811835638838,0.02168781678227347,-0.0017277080154169658,-0.00034697283763458878
344,0,-0.0019752501213588535,0.096849438590298986,5.2743174344050332e-05,0.075121107127226625,0.021728331463072358,-0.0017348770996271769,-0.00024037302173167662
345,0,-0.0021906846410290901,0.097140852890688564,-8.5089257268604227e-08,0.075125145917790251,0.022015706972898317,-0.0017516294090820848,-0.00043905523194700521
346,0,-0.0022867070521495566,0.097430458607100257,8.5746862310879374e-05,0.075125529573875166,0.02230492903322509,-0.0017681996971167929,-0.00051850735503276369
347,0,-0.00230135230100689,0.0974963440979639,0.00015559631349536235,0.075128227692601093,0.02236811640536281,-0.0017857380655236252,-0.00051561423548326479
348,0,-0.0023656309564430199,0.097505056690499373,0.00015008972487102963,0.075132696627749115,0.022372360062750254,-0.0017989875570960576,-0.00056664339934696232
349,0,-0.0025832210675876743,0.097430154388884471,7.9152442558742613e-05,0.075137748289581571,0.022292406099302896,-0.0018229834847698534,-0.00076023758281782089
350,0,-0.0025285611559947626,0.097467862325116353,0.00012993542128893708,0.075146145314832088,0.022321717010284268,-0.001835984754270436,-0.00069257640172432674
351,0,-0.0024492152851785633,0.097950497464158209,0.00019852944498889152,0.075157381101611118,0.022793116362547095,-0.0018470530852741621,-0.00060216219990440146
352,0,-0.002636403498201898,0.097958348540429965,9.6228851647827294e-05,0.075171855988732883,0.022786492551697086,-0.0018685159719119594,-0.00076788752628993869
353,0,-0.0024942005959341438,0.09820612767425746,0.0002432761894553334,0.075189063435653819,0.023017064238603637,-0.0018816338186588596,-0.00061256677727528411
354,0,-0.0027364242779967527,0.098326028997112444,9.3834015564365006e-05,0.07520855077075915,0.023117478226353291,-0.0019034407102728522,-0.00083298356772390069
355,0,-0.0028720307668652838,0.098463471653846127,0.00010860040840819926,0.075231338600181816,0.023232133053664308,-0.0019311020569057016,-0.00094092870995958228
356,0,-0.0027291993609733787,0.098346613204139954,0.0002109234585577729,0.07525975446128319,0.023086858742856767,-0.001948590373640419,-0.00078060898733295987
357,0,-0.0027808752380539523,0.09854844171193719,0.00017027924818851446,0.075290095094814657,0.023258346617122536,-0.0019722239965396298,-0.0008086512415143225
358,0,-0.0028052582269711391,0.099006007535506715,0.00023406824858100976,0.075324630919306149,0.023681376616200563,-0.0019957380623366761,-0.00080952016463446284
359,0,-0.0030300333403598728,0.099027223863093886,0.00018214265068216052,0.075362432740732219,0.023664791122361667,-0.0020340029530317091,-0.00099603038732816343
360,0,-0.0029970600759968258,0.099109463454133101,0.00026413465431290249,0.075402090675442124,0.023707372778690984,-0.0020682870722083376,-0.000928773003788488
361,0,-0.0031732375030767363,0.099163990870045959,0.00023480548822747745,0.0754443241357768,0.023719666734269163,-0.0021094287920448125,-0.0010638087110319237
362,0,-0.0030190803900074516,0.099352997039719365,0.00031861899112417162,0.075488290082826384,0.023864706956892984,-0.0021360920335166461,-0.00088298835649080565
363,0,-0.0032310977288646709,0.099546231551590689,0.00021099754465598463,0.075533185523334115,0.024013046028256577,-0.002173723017681158,-0.0010573747111835129
364,0,-0.0031577048671839985,0.099678161109586855,0.00029616720710270235,0.075577875583179549,0.024100285526407309,-0.0022033901754117567,-0.00095431469177224186
365,0,-0.003282531530655157,0.099703915883340044,0.00026023763009871758,0.075621403876227913,0.024082512007112138,-0.0022439517212794712,-0.001038579809375686
366,0,-0.0031517615141855131,0.099679905565835253,0.00037984353512692036,0.075661518506090208,0.024018387059745037,-0.0022747085152857774,-0.00087705299889973562
367,0,-0.0034628942186794315,0.099656599508147953,0.00027913676951362863,0.07570452067265869,0.023952078835489263,-0.0023282082919247383,-0.0011346859267546932
368,0,-0.003374368987244782,0.099734221881841945,0.00039170874163426881,0.075743685412536621,0.023990536469305317,-0.0023662458075853657,-0.0010081231796594163
369,0,-0.0035047383428152695,0.099981875271253559,0.00037737430179975412,0.075781336463830659,0.024200538807422903,-0.0024075913090424983,-0.001097147033772771
370,0,-0.0033186664755006415,0.099831743630246564,0.00050217040196063407,0.075816309324432812,0.024015434305813751,-0.0024319403438342858,-0.00088672613166635589
371,0,-0.0035695576883942705,0.099826769971527507,0.00038278151248233565,0.075846584993656763,0.023980184977870751,-0.0024689417667228871,-0.0011006159216713834
372,0,-0.0034273024222833538,0.09961360483080417,0.00042203096567428576,0.075874931277501431,0.023738673553302746,-0.0024950871628234448,-0.00093221525945990909
373,0,-0.0034183613512405418,0.099772497442657759,0.00042364268533016139,0.075906285765529644,0.023866211677128123,-0.0025202259914228276,-0.00089813535981771403
374,0,-0.0034604051393356461,0.099747712862500532,0.00045745373929117529,0.075941470510418607,0.023806242352081924,-0.0025497289244085265,-0.00091067621492711931
375,0,-0.0035658519090062497,0.10019865100346322,0.000396285993065989,0.075981295265512297,0.024217355737950919,-0.0025882524307985575,-0.0009775994782076922
376,0,-0.0034284597393954078,0.10025945441545241,0.00041620633588459614,0.076020513600928846,0.024238940814523564,-0.002613834359585667,-0.00081462537980974076
377,0,-0.0034719223693113533,0.1000115128242038,0.00042353323443365947,0.076066025879460347,0.023945486944743449,-0.0026460085124686674,-0.00082591385684268606
378,0,-0.0033963936866244645,0.09992034460645785,0.00041503712880757462,0.076107867189764492,0.023812477416693362,-0.0026677170663721777,-0.00072867662025228686
379,0,-0.0034293572274414607,0.099489038538557645,0.00038211883172127999,0.076158027685872515,0.023331010852685123,-0.0026922265612774501,-0.00073713066616401068
380,0,-0.0032628238633890016,0.09956071774543454,0.00047049337110668601,0.076209981766412346,0.023350735979022194,-0.0027059943025465852,-0.00055682956084241646
381,0,-0.0033621963770451156,0.099832139928479127,0.00041510805290630799,0.076265393941366152,0.023566745987112975,-0.0027279917751600463,-0.00063420460188506932
382,0,-0.0032229684267127707,0.10015336062179996,0.0004454334580315721,0.076327521573928497,0.023825839047871462,-0.0027480016262138741,-0.00047496680049889661
383,0,-0.0033832992489216404,0.10033974158816369,0.00044917702113083426,0.076394149179819598,0.0239455924083441,-0.0027798977353555581,-0.00060340151356608261
384,0,-0.0034574839290986118,0.1002236086760554,0.00049773298257753461,0.076464705897403409,0.023758902778651982,-0.0028122236482139903,-0.00064526028088462148
385,0,-0.0035126269193577258,0.1003899261456952,0.00048031348105760343,0.076539040127035537,0.023850886018659659,-0.0028435877552791156,-0.00066903916407861004
386,0,-0.0034325806068464335,0.1005604151169623,0.00055774385727353252,0.076612636430992434,0.023947778685969867,-0.0028683732850331885,-0.00056420732181324505
387,0,-0.0036899579281654419,0.10061593044097929,0.00040725752927157726,0.076687151704967815,0.023928778736011468,-0.0029058662142627581,-0.00078409171390268393
388,0,-0.0034799173525759063,0.10058300434576664,0.00051381539894987383,0.076763963551220796,0.023819040794545852,-0.00293019602967664,-0.00054972132289926633
389,0,-0.0034599359082166047,0.10063977886896833,0.00047270840264204412,0.076845137738753649,0.023794641130214674,-0.0029541690286272997,-0.00050576687958930498
390,0,-0.0033187472355374007,0.10076403990185623,0.00051963040179202021,0.076926444040330166,0.023837595861526069,-0.0029655956026157729,-0.00035315163292162798
391,0,-0.0036262826720268497,0.10091411561079151,0.00037226868367702063,0.077007014329474488,0.023907101281317029,-0.0029959302705844654,-0.00063035240144238415
392,0,-0.0034574422377220697,0.10091433689013074,0.00043335355546710171,0.077086492211041094,0.02382784467908965,-0.0030094764817185735,-0.00044796575600349606
393,0,-0.0035705462574490304,0.10096859361989757,0.00037041315189309884,0.077166805352807705,0.023801788267089872,-0.0030348635303406248,-0.00053568272710840549
394,0,-0.0034022138913108613,0.1009481400969508,0.00045711054902572765,0.077252568703171376,0.023695571393779421,-0.0030557435227497771,-0.00034647036856108419
395,0,-0.0034828476066154491,0.10111318808415065,0.0003360906076134964,0.077336468437906175,0.023776719646244469,-0.0030846601587474765,-0.00039818744786797257
396,0,-0.0032907766810339012,0.1011639267620625,0.00043376702900466531,0.07742252557185339,0.023741401190209111,-0.0031025582770440145,-0.00018821840398988685
397,0,-0.0032486298477157447,0.1010701062684165,0.00040788684157131187,0.077506005374902293,0.023564100893514208,-0.0031174568563983873,-0.00013117299131735721
398,0,-0.0031193126480807219,0.10106093424669328,0.00045440648444979682,0.077593178083942393,0.023467756162750885,-0.0031279148843159194,8.602236235197428e-06
399,0,-0.0032760452172848312,0.10100771766809205,0.00032410332495297654,0.077676219663774054,0.02333149800431799,-0.0031455602633026166,-0.00013048495398221437
400,0,-0.0031560367566201759,0.1009222223280636,0.00042768093428441724,0.077759359353868199,0.023162862974195394,-0.0031554350820346124,-6.0167458556335433e-07
401,0,-0.0033163313663309847,0.1010359892563587,0.00035118486284521725,0.077842517100362538,0.023193472155996174,-0.0031728212538637045,-0.00014351011246728027
402,0,-0.0032557596167242801,0.10135666455146831,0.00042561255890901316,0.077921941387596394,0.023434723163871917,-0.0031756129642091422,-8.0146652515137803e-05
403,0,-0.0033799925069403734,0.10138850249551121,0.00037772965929572775,0.078001513077301257,0.023386989418209946,-0.0031887575356400917,-0.00019123497130028191
404,0,-0.0031495307706484467,0.10128702380094882,0.0005240969258854222,0.078080121851447581,0.023206901949501247,-0.003185366620881847,3.5835850233400271e-05
405,0,-0.003305446467337104,0.10118494253711266,0.0004168336498344564,0.078158393286079944,0.023026549251032709,-0.0031912410254545044,-0.00011420544188259944
406,0,-0.0031706094464498324,0.10127842983808871,0.00049869654001290253,0.078234206031279077,0.023044223806809629,-0.0031819238555131639,1.1314409063331616e-05
407,0,-0.0032547063698765391,0.10156928046815804,0.00039693287431187237,0.078312231396073587,0.023257049072084448,-0.0031772974733847246,-7.7408896491814704e-05
408,0,-0.0032531384488973547,0.1013973040405185,0.00046838934193292299,0.07839002968652059,0.023007274353997915,-0.003172902094704002,-8.0236354193352662e-05
409,0,-0.003400813739281772,0.10128134988395784,0.00041600795427198552,0.078466844899086466,0.022814504984871378,-0.003174356211886384,-0.00022645752739538781
410,0,-0.0034526084422965434,0.10129026665682614,0.00044812407510663331,0.078540137234113488,0.02275012942271265,-0.0031798079279718129,-0.00027280051432473072
411,0,-0.0035282875893718666,0.10145463089210491,0.000394994654721646,0.078612247245494413,0.022842383646610492,-0.003188173579345417,-0.0003401140100264497
412,0,-0.0033623718818431869,0.10164319534970016,0.00042342774044736042,0.078680311500136893,0.022962883849563274,-0.0031876567066565597,-0.00017471517518662721
413,0,-0.0034601226663818017,0.10165344809648859,0.00031341207979469266,0.078744257364297285,0.022909190732191304,-0.0031905640861499608,-0.00026955858023184091
414,0,-0.0032633608067519676,0.10148455975642438,0.00041916367837393755,0.078806780529717277,0.022677779226707103,-0.0031801245247984511,-8.3236281953516457e-05
415,0,-0.0034301354731418152,0.10142037930701703,0.00032742304105774718,0.078868629500213797,0.022551749806803235,-0.0031789710290253087,-0.00025116444411650649
416,0,-0.0032592007116264139,0.10134737669876431,0.0003974659002466511,0.078930786687082546,0.022416590011681774,-0.0031645660633742041,-9.4634648252209876e-05
417,0,-0.0034241457043256481,0.10130876258627278,0.00031640202530520647,0.078992544478843657,0.022316218107429123,-0.0031588980812008059,-0.00026524762312484234
418,0,-0.0033181829734987393,0.10132613627508549,0.00037476818704170627,0.079054479396688346,0.022271656878397141,-0.0031457697887300241,-0.00017241318476871517
419,0,-0.003457760727759654,0.10131893440973476,0.00026634469903569181,0.079115001557878012,0.022203932851856744,-0.0031395818416097214,-0.00031817888614993275
420,0,-0.0032317579702556562,0.10150298515540049,0.00038139077111342187,0.079174172536094614,0.022328812619305877,-0.0031196429055702986,-0.00011211506468535768
421,0,-0.0033765806049797262,0.10155789917615403,0.00027410056804593537,0.079231251439629308,0.022326647736524721,-0.0031085477893033056,-0.00026803281567642053
422,0,-0.0031999424875610327,0.10163285408924841,0.00035600194141137761,0.079286916285362607,0.022345937803885801,-0.0030873276812352947,-0.00011261480632573813
423,0,-0.0033976748302373375,0.10196683622866028,0.00023710051256023977,0.079341879122204542,0.022624957106455738,-0.0030815224262610713,-0.00031615240397626628
424,0,-0.0031158466118368371,0.1022052520355505,0.00043187591111617884,0.079397692142910536,0.022807559892639974,-0.003058901702250707,-5.6944909586130119e-05
425,0,-0.0033517724350852398,0.10232164549797272,0.00025620990502057451,0.079453612221180525,0.022868033276792196,-0.0030510623763518696,-0.00030071005873336999
426,0,-0.0032440305357986378,0.10224252264522384,0.00035956801623831814,0.079510870671277559,0.022731651973946276,-0.0030377458207824118,-0.00020628471501622607
427,0,-0.0033645937742608763,0.10220516255092915,0.00030274346908145848,0.079568835285306769,0.02263632726562239,-0.0030330457131838226,-0.00033154806107705366
428,0,-0.0034833117057116126,0.10216485995436189,0.00031315990496072341,0.079628987208737928,0.022535872745623957,-0.0030370492017172935,-0.00044626250399431905
429,0,-0.0035588984590822778,0.1020930306501005,0.00027093951407658777,0.079686969780097081,0.022406060870003425,-0.0030491089679148321,-0.00050978949116744598
430,0,-0.0033482351589866795,0.10223508931032184,0.00038081913319826694,0.079745529040909757,0.022489560269412078,-0.0030456416469574247,-0.00030259351202925459
431,0,-0.0033433413733391301,0.1020574390014132,0.00039006847053623512,0.079805666712472245,0.022251772288940964,-0.0030424669566722364,-0.00030087441666689372
432,0,-0.003266384447803878,0.10203052771841895,0.00042933472629643762,0.079866284091556036,0.022164243626862902,-0.0030390272884449703,-0.00022735715935890752
433,0,-0.0034187737335485604,0.10191475274264529,0.00034500419487273914,0.079925555919202002,0.021989196823443285,-0.0030443798700909267,-0.00037439386345763362
434,0,-0.0032860462225744111,0.10186436921189365,0.00044579364901632489,0.079982898760798601,0.02188147045109505,-0.0030381577001371216,-0.00024788852243728954
435,0,-0.0034496817223907323,0.10197082224802105,0.00042323106181268088,0.080040216370294334,0.021930605877726713,-0.0030381234633596816,-0.00041155825903105075
436,0,-0.0034302848976005174,0.10234108246507867,0.00044298171954137343,0.080097454704064194,0.022243627761014469,-0.0030308758708382341,-0.00039940902676228318
437,0,-0.003516378359307213,0.10239871310780535,0.00046216280798027292,0.080157559699864933,0.022241153407940414,-0.0030250313005247545,-0.00049134705878245855
438,0,-0.0035723261186962054,0.10214753970494177,0.00049028996305665676,0.080216893952404292,0.021930645752537472,-0.0030192699306931174,-0.00055305618800308815
439,0,-0.0037024885923337449,0.10231032583183175,0.00043519622574796871,0.080275353523873758,0.022034972307957996,-0.0030214696442896205,-0.00068101894804412425
440,0,-0.0037660535857164754,0.10221280093141563,0.00043630766977738284,0.080331750385849124,0.021881050545566501,-0.0030276632301477085,-0.00073839035556876682
441,0,-0.0037883920613529828,0.10215746614758879,0.00048587393206377919,0.080388244413149762,0.021769221734439025,-0.0030381428273805553,-0.0007502492339724274
442,0,-0.0037591776301918213,0.10220769028543995,0.00051837346312181524,0.080443029079509565,0.021764661205930388,-0.003042003405680747,-0.00071717422451107423
443,0,-0.0039504398766460795,0.10229340308854976,0.00044425525502110542,0.080496915602782534,0.021796487485767225,-0.0030548646993972263,-0.00089557517724885342
444,0,-0.00383345273180828,0.10209558648976805,0.0005172636237637362,0.080551671678315187,0.021543914811452864,-0.0030611246914718764,-0.00077232804033640367
445,0,-0.0038665659129150814,0.10209303482104319,0.00048709550853301778,0.080607816655663592,0.021485218165379603,-0.0030658899094555777,-0.00080067600345950357
446,0,-0.0039075642679342378,0.10190424721315919,0.0005039033864485215,0.08066363656893287,0.021240610644226325,-0.0030746203589411508,-0.0008329439089930868
447,0,-0.0040007696244515594,0.10187310515974746,0.0004999376339953201,0.080720697623746465,0.021152407536000988,-0.003088884495519612,-0.00091188512893194702
448,0,-0.00371063119731742,0.10167861711456333,0.00060603549251128219,0.080777544461319961,0.020901072653243376,-0.003088169005098913,-0.00062246219221850701
449,0,-0.0038424667914445662,0.10184988713729876,0.00046212213617848535,0.080833202013244371,0.021016685124054392,-0.0030939448235587693,-0.00074852196788579683
450,0,-0.0037505239219546667,0.10171551591240514,0.00052945991287876902,0.080888882991195635,0.020826632921209513,-0.0030955669892757326,-0.00065495693267893403
451,0,-0.003815550475756773,0.10169708215299955,0.00052247907302988429,0.080944659819742984,0.020752422333256575,-0.0031060119995248909,-0.00070953847623188196
452,0,-0.0037201053862351129,0.10166841319896316,0.00061215176223840392,0.080999631585734561,0.0206687816132286,-0.0031084770461814112,-0.00061162834005370191
453,0,-0.0039632152690159484,0.10172719962333779,0.00046521239254913724,0.081051323310577239,0.020675876312760546,-0.0031248873321310278,-0.0008383279368849207
454,0,-0.0038299017797322247,0.10181785630608095,0.00053543253335155874,0.081103173362718509,0.020714682943362438,-0.003130874601334425,-0.00069902717839779953
455,0,-0.0038777701317280443,0.10166451776528468,0.00054514284343299573,0.081153971104995476,0.020510546660289196,-0.0031393468238597659,-0.00073842330786827849
456,0,-0.0037311444059328243,0.10151848194673159,0.00059480591702114533,0.081204807451285971,0.020313674495445622,-0.0031387253058699689,-0.00059241910006285542
457,0,-0.0037780118595322335,0.10132175405997071,0.00054612706173034088,0.081254489682344166,0.020067264377626536,-0.0031397490720755615,-0.00063826278745667193
458,0,-0.003735525673621916,0.10134864521447418,0.00056049565406950119,0.081304856498071898,0.020043788716402281,-0.0031374079097812963,-0.00059811776384061945
459,0,-0.0039117331118323799,0.10138362944863227,0.00047790905217892264,0.08135292115352645,0.020030708295105823,-0.0031438472278928014,-0.00076788588393957827
460,0,-0.0038671608804345865,0.10167154935231884,0.00050359229683760709,0.081400983210338507,0.020270566141980341,-0.0031481611257062636,-0.00071899975472832303
461,0,-0.0038514700737031253,0.10164634764791776,0.0004883701378356625,0.081447343048917778,0.020199004598999985,-0.0031493755335493955,-0.00070209454015372991
462,0,-0.0039184466492650158,0.10172174011754335,0.00053095936244187535,0.081494769313282853,0.020226970804260506,-0.0031589362987702145,-0.00075951035049480096
463,0,-0.0038460193636053151,0.10175982680605414,0.00050696054969323547,0.081542210846744428,0.020217615959309713,-0.0031601915131299358,-0.00068582785047537921
464,0,-0.0038971766577901115,0.10190953761064657,0.00051413232319453184,0.08159068657908608,0.020318851031560486,-0.0031676345975767744,-0.00072954206021333694
465,0,-0.0038073068388275988,0.10205331865145607,0.00045724413471768838,0.081639544342712062,0.020413774308744009,-0.0031639851169211349,-0.00064332172190646405
466,0,-0.0038446188335062676,0.10184852164676832,0.00048143313182323361,0.081689310760327233,0.020159210886441084,-0.0031690926886781736,-0.00067552614482809426
467,0,-0.0038411916357263404,0.10160322316684264,0.00046214857230974425,0.081738228302192961,0.019864994864649679,-0.0031736303323726374,-0.00066756130335370273
468,0,-0.0037669121348148427,0.10181633588233628,0.0004680072703465443,0.081786767974065311,0.020029567908270967,-0.0031813267268610826,-0.0005855854079537603
469,0,-0.0039400540667212094,0.10167267034171179,0.0004878657958785127,0.081835664315480755,0.019837006026231032,-0.0031994132148786521,-0.0007406408518425573
470,0,-0.0037533897311834799,0.10167862802697074,0.00054792716506597209,0.081885532346406942,0.019793095680563796,-0.0032037330686711177,-0.00054965666251236217
471,0,-0.0039566433289937976,0.10170716286864578,0.0004493815415201789,0.081933661238000818,0.019773501630644959,-0.0032201260512449946,-0.00073651727774880281
472,0,-0.0037937809808941958,0.10178160943339255,0.00048238570767391193,0.081981706605977159,0.019799902827415394,-0.0032217645696311476,-0.00057201641126304831
473,0,-0.0038809181952399728,0.10177903491702743,0.00047567575209646291,0.082028401645983337,0.019750633271044093,-0.0032308069200654103,-0.00065011127517456248
474,0,-0.0037452297910374635,0.10199502703932202,0.00053277075472390437,0.082075232243588925,0.019919794795733099,-0.0032285043952688503,-0.0005167253957686133
475,0,-0.0039229741044504839,0.10226055741816732,0.0004822600896386314,0.082120391033019297,0.020140166385148026,-0.0032408665567899243,-0.00068210754766055953
476,0,-0.0037861075221044841,0.10257187645771222,0.00056838909410472063,0.082165767928872382,0.020406108528839839,-0.0032424859375308423,-0.00054362158457364198
477,0,-0.0039848514895333342,0.10276112938754688,0.00048912617013870206,0.082209843133102423,0.02055128625444445,-0.0032594868050890525,-0.00072536468444428168
478,0,-0.0038732623667716284,0.10288874045363827,0.00051914746015767604,0.082255832362930673,0.0206329080907076,-0.003268513454373935,-0.00060474891239769321
479,0,-0.0039602661405037601,0.10292772502305036,0.00048425902986117697,0.082299681344648032,0.020628043678402336,-0.0032854482725391547,-0.00067481786796460587
480,0,-0.0037978476615166028,0.10297724139224568,0.00056427239016489973,0.08234345592383073,0.02063378546841494,-0.0032898225263122841,-0.0005080251352043185
481,0,-0.0039565732989740058,0.10306600715848369,0.00050287947345768085,0.082386091880030182,0.02067991527845351,-0.0033052945734608321,-0.00065127872551317344
482,0,-0.0037537450274439102,0.1031384820522368,0.00058024435290309438,0.08242931599230284,0.020709166059933965,-0.0033034599181630841,-0.00045028510928082628
483,0,-0.0039427911513649988,0.10317298403672341,0.00052815401291265627,0.082471044788456113,0.020701939248267298,-0.0033177898859817565,-0.00062500126538324243
484,0,-0.0037516247284936554,0.10312698875915888,0.00059777515525843083,0.082513841021351064,0.020613147737807817,-0.0033196092352458088,-0.00043201549324784665
485,0,-0.0038614467209722439,0.1032657730820796,0.00058268883333934256,0.082556649197405629,0.020709123884673962,-0.0033276052664493231,-0.00053384145452292078
486,0,-0.0038014236923330658,0.10325439501070277,0.0005955341347130389,0.082601172588432165,0.020653222422270613,-0.0033302999303657876,-0.00047112376196727844
487,0,-0.003944811793317759,0.10324404867448765,0.00058276182644685268,0.082645564728406534,0.02059848394608112,-0.0033415340876672079,-0.00060327770565055138
488,0,-0.0038658253548483914,0.10334799530509645,0.00064185871486983914,0.082691096576986714,0.020656898728109736,-0.0033469786437828612,-0.00051884671106553002
489,0,-0.0039788375333428827,0.10342308507400301,0.00064748708114728819,0.08273779983144415,0.020685285242558856,-0.003354960190175425,-0.0006238773431674581
490,0,-0.003973023432989344,0.10314607209827156,0.00070956305767258456,0.082784502101974258,0.020361569996297301,-0.0033644465466644508,-0.00060857688632489303
491,0,-0.0040614870653111644,0.1031102120768288,0.00066352512119124225,0.082830960259759556,0.020279251817069237,-0.0033757930146928318,-0.00068569405061833237
492,0,-0.0040235594244215659,0.10335617840062883,0.00068769485428768408,0.082878737978930903,0.020477440421697933,-0.0033852152784053916,-0.00063834414601617452
493,0,-0.0040876032805595404,0.10338162936343596,0.00065018406985980625,0.082926927964582953,0.020454701398853012,-0.0033945271567061364,-0.00069307612385340414
494,0,-0.0039374653382914012,0.10374052591460886,0.00070842181986322504,0.082974701022438327,0.020765824892170534,-0.0033901708006315681,-0.00054729453765983314
495,0,-0.004002508998849864,0.10398865532254556,0.00064625339563890408,0.083019881415238736,0.020968773907306826,-0.0033875002088130319,-0.00061500879003683262
496,0,-0.0038966474546889844,0.10393368036585525,0.0006794465595280902,0.083064486377312161,0.020869193988543092,-0.0033785438533788536,-0.00051810360131013082
497,0,-0.0038720715605848098,0.10381118519982012,0.00063875900162525985,0.083109883205315746,0.020701301994504373,-0.003373233918730143,-0.00049883764185466699
498,0,-0.0038949303682135608,0.10393534162548566,0.00062482513668725957,0.083155694985328835,0.020779646640156829,-0.0033761714670633666,-0.00051875890115019399
499,0,-0.0038936921561061591,0.10416041418986148,0.00060284761990278329,0.083198764999507985,0.020961649190353499,-0.0033755038465337751,-0.00051818830957238373
500,0,-0.0039600922439169354,0.10444675203581781,0.00058903676087469271,0.083243694934181031,0.02120305710163678,-0.0033806308212844757,-0.00057946142263245928
501,0,-0.0038785261879465114,0.10479070519304438,0.00060072326808813226,0.083289233762675524,0.021501471430368863,-0.0033783318387464239,-0.0005001943492000875
502,0,-0.0039537283605558058,0.10508302650348339,0.00055836875479292104,0.083335019254850332,0.021748007248633058,-0.0033853474374973907,-0.00056838092305841524
503,0,-0.0038723078783129829,0.10544608747095331,0.00056909139074489215,0.08338052184392257,0.022065565627030739,-0.0033868058547313258,-0.00048550202358165715
504,0,-0.003929785859873346,0.10560692244811175,0.00053202786523213628,0.083425381856779196,0.022181540591332555,-0.0033976275352992275,-0.00053215832457411826
505,0,-0.0039317934792485344,0.10579564205772662,0.00055479735059255867,0.083470086070506655,0.022325555987219973,-0.0034058683767679682,-0.00052592510248056657
506,0,-0.0038917000462794084,0.10569693393472868,0.00055731757433829534,0.08351430799397222,0.022182625940756449,-0.0034109188906857684,-0.00048078115559364003
507,0,-0.0038264274635731498,0.10566748262132696,0.0005918027674163233,0.083557852916060771,0.022109629705266184,-0.003406969693252221,-0.00041945777032092904
508,0,-0.0038932402651610919,0.10547726108806099,0.0005814833068761632,0.083600228177846181,0.021877032910214818,-0.0034073990380413107,-0.00048584122711978108
509,0,-0.0039342800905667078,0.10558219259474549,0.00059520413425983242,0.083644316191432602,0.021937876403312895,-0.0034061992257283127,-0.00052808086483839534
510,0,-0.0039855109780427434,0.10511104435795025,0.00055578719635256146,0.08368562521631133,0.021425419141638924,-0.0034160706303913092,-0.0005694403476514346
511,0,-0.0039883675161309258,0.10497439616063098,0.00056341645760310392,0.083728056922345612,0.02124633923828537,-0.0034272494664272109,-0.00056111804970371477
512,0,-0.0039852466460745155,0.10494933289629918,0.00059292416964601457,0.08376776966941489,0.021181563226884283,-0.0034406237632081532,-0.00054462288286636208
513,0,-0.0038522229422166556,0.10496359645697592,0.00060689711012649518,0.083807793403678527,0.021155803053297388,-0.0034447452613297343,-0.00040747768088692145
514,0,-0.0037663021879089007,0.10484218402605697,0.00062806687441459709,0.08384632482841578,0.020995859197641194,-0.0034442011893898424,-0.00032210099851905837
515,0,-0.0038946571605570956,0.10476721229921994,0.00058540748562524697,0.083885468326927087,0.020881743972292855,-0.0034533739058296392,-0.0004412832547274563
516,0,-0.0038530613254922574,0.10459691597196505,0.00062443361645024033,0.083925723934041296,0.020671192037923759,-0.0034575817034316948,-0.00039547962206056269
517,0,-0.0039367905869883649,0.10467819298536192,0.00062305604833281505,0.083964435737894708,0.020713757247467213,-0.0034668638185003358,-0.00046992676848802898
518,0,-0.0038737673786876053,0.10496409585625112,0.00061046400214827441,0.084000618270476751,0.020963477585774371,-0.0034689993951582737,-0.0004047679835293317
519,0,-0.0038891761750933511,0.10507118105439758,0.00064364757701468919,0.084038795597782087,0.021032385456615503,-0.0034671812283254555,-0.00042199494676789572
520,0,-0.0039875561679435841,0.1053275692055671,0.00064447898687510895,0.084076688769912727,0.02125088043565438,-0.0034657699133695129,-0.00052178625457407156
521,0,-0.0040178527202820637,0.10518487022015566,0.00063913763555328395,0.084115263669314502,0.021069606550841148,-0.0034675210212622878,-0.00055033169901977548
522,0,-0.0041191213822010025,0.10523598432667945,0.00062967030671221285,0.084152660176179117,0.021083324150500335,-0.0034747477280216172,-0.00064437365417938509
523,0,-0.0040417671858323252,0.10523776100946086,0.00070947822375535673,0.084193914533666411,0.021043846475794444,-0.0034751243627651907,-0.00056664282306713399
524,0,-0.0041532246451788726,0.10492285895174244,0.00064343960946218438,0.084234900765324514,0.020687958186417926,-0.0034829807572496672,-0.00067024388792920504
525,0,-0.0041684010971996593,0.1048947561745021,0.00060668780238030756,0.084273143397153374,0.020621612777348725,-0.0034885641152880426,-0.00067983698191161643
526,0,-0.0041765281596332637,0.10540036762572404,0.0005953017919599526,0.084310213825637692,0.021090153800086348,-0.0034923348673392448,-0.000684193292294019
527,0,-0.0041009369405235101,0.10560624899369432,0.00064541258595105563,0.084349354946572475,0.02125689404712185,-0.0034857356522539377,-0.00061520128826957272
528,0,-0.0041440681751874269,0.10525388999119609,0.00062628160434604209,0.084386178960989877,0.020867711030206217,-0.0034823304975779663,-0.00066173767760946064
529,0,-0.0040820617289765221,0.10531993950726792,0.0006549735519088179,0.084424030945264017,0.020895908562003906,-0.0034708927772884885,-0.00061116895168803365
530,0,-0.0042057442330109213,0.10558752657821474,0.00063305645455831233,0.08446368631341486,0.021123840264799885,-0.0034664079605117126,-0.00073933627249920858
531,0,-0.0042383029643959227,0.10569947946132517,0.00068090150556367841,0.084505023492097112,0.021194455969228056,-0.0034642182034981353,-0.00077408476089778724
532,0,-0.0042819097115494014,0.10576348746971442,0.00060220349678117083,0.084544597032175456,0.021218890437538974,-0.0034672904019285061,-0.00081461930962089548
533,0,-0.0040978238911103491,0.10606720740842716,0.00061618575094902041,0.084581616392187725,0.021485591016239442,-0.0034536182092796759,-0.00064420568183067299
534,0,-0.0043060729859263781,0.10608788276143187,0.00057294671201304288,0.084619113636587792,0.021468769124844082,-0.0034555217341250919,-0.00085055125180128616
535,0,-0.004268514083897914,0.10582716528082274,0.00064491482178630774,0.08465762570491453,0.021169539575908211,-0.0034537412866973765,-0.00081477279720053764
536,0,-0.0042341832749546709,0.10561460941999212,0.00063431450885322071,0.084695257333751633,0.020919352086240489,-0.0034551744518680552,-0.00077900882308661545
537,0,-0.0042846962739169232,0.10546893415463662,0.00063630302862477416,0.084734411832592851,0.020734522322043772,-0.003463474837597646,-0.00082122143631927749
538,0,-0.00418743104582047,0.10560459215631293,0.000650720937722981,0.084773197244677009,0.020831394911635926,-0.0034684044561946819,-0.0007190265896257883
539,0,-0.0042013099409238018,0.10542648853221674,0.00064938932758332136,0.084810580040893799,0.020615908491322943,-0.0034758682527071829,-0.00072544168821661917
540,0,-0.004072163838482269,0.10540176410303811,0.00067571080132006916,0.084846251037469275,0.02055551306556884,-0.0034773096850837203,-0.00059485415339854877
541,0,-0.0041643145156413227,0.10549303153275161,0.00063960793412477378,0.084879824251235303,0.020613207281516308,-0.0034844589635837516,-0.00067985555205757103
542,0,-0.004250112060740603,0.10577961045112803,0.00067506389716556726,0.084913826505735729,0.020865783945392301,-0.0034923711262303831,-0.0007577409345102201
543,0,-0.0042661207521082862,0.10613475261689662,0.0006772588385098331,0.084945294794616238,0.021189457822280374,-0.0034985617663492183,-0.00076755898575906812
544,0,-0.0042400393480669851,0.10588858725094051,0.00073301942709624954,0.084976530006072359,0.020912057244868151,-0.0035050070030086394,-0.00073503234505834588
545,0,-0.0042943293662729204,0.10583915485558278,0.00071008802983164746,0.085006980440632138,0.020832174414950642,-0.0035172875392936449,-0.00077704182697927544
546,0,-0.0042891734007674646,0.10586479335873249,0.0007046931013049069,0.085037092479188933,0.02082770087954355,-0.0035327703125174496,-0.00075640308825001472
547,0,-0.0041924729774781731,0.10587862586903277,0.00068671396910626955,0.085066134407408026,0.020812491461624744,-0.0035423072001674323,-0.0006501657773107408
548,0,-0.0041229784854984663,0.10589323360615976,0.00066681104629447423,0.085093089631676624,0.020800143974483147,-0.0035537685285370753,-0.00056920995696139087
549,0,-0.0041226995153821437,0.10566923720366896,0.0006495920367667749,0.085118811388039728,0.020550425815629231,-0.003563764884878791,-0.00055893463050335262
550,0,-0.0041187550726585476,0.10579918850594811,0.00060097909487403915,0.08514584251820842,0.020653345987739692,-0.0035759056261048159,-0.00054284944655373212
551,0,-0.0039372356321904084,0.10602874281484549,0.0006462072624521853,0.085174120949348772,0.020854621865496723,-0.0035752191834843489,-0.00036201644870605907
552,0,-0.0040416782705089034,0.10599248913332614,0.00061990077371612453,0.085201767514799534,0.020790721618526603,-0.0035814985383185336,-0.00046017973219036993
553,0,-0.0039073304813878294,0.10601704203971395,0.00063069260098979132,0.085229489999260347,0.020787552040453603,-0.0035813619528302833,-0.0003259685285575463
554,0,-0.003877652107122204,0.10606466788384356,0.0006063278109710576,0.08525818090905346,0.020806486974790095,-0.0035838448967906531,-0.00029380721033155067
555,0,-0.0038467991239903936,0.10608719621221846,0.0006320076304959254,0.085287055831820308,0.020800140380398149,-0.0035825277618767902,-0.00026427136211360332
556,0,-0.0038446387872659374,0.10632275506257177,0.00066430518449590154,0.085315996544829992,0.021006758517741773,-0.0035819260340798002,-0.00026271275318613739
557,0,-0.0038683378235303155,0.10649020244779571,0.00066079643189350052,0.085345812954357669,0.021144389493438043,-0.0035852233723593602,-0.00028311445117095541
558,0,-0.0037953523515987624,0.10658012214558218,0.00069992915818674166,0.085378142035047372,0.021201980110534809,-0.0035862855909373644,-0.00020906676066139793
559,0,-0.0038253618635168212,0.10649428962717636,0.00068880327792266393,0.085410386438888306,0.021083903188288046,-0.0035942142284802461,-0.00023114763503657502
560,0,-0.0037322516743855381,0.10651419391391759,0.00071829072194946203,0.085443033738542659,0.021071160175374921,-0.0036017680293263261,-0.00013048364505921213
561,0,-0.0037886355600180019,0.10669969033584656,0.00064186126850033847,0.085476398030926964,0.021223292304919598,-0.0036148493420407718,-0.00017378621797723014
562,0,-0.0037162266623441834,0.10696136663029979,0.00068165044868811163,0.085510232207294992,0.021451134423004801,-0.0036200420136043221,-9.6184648739861431e-05
563,0,-0.0037753993007635617,0.10721541090136555,0.00066974002925450176,0.085544031556334346,0.021671379345031203,-0.0036265721703335955,-0.00014882713042996626
564,0,-0.0037453220926714336,0.10780860676343862,0.00069378840733761425,0.085579907917032808,0.022228698846405819,-0.0036344617203920787,-0.00011086037227935473
565,0,-0.0036691979328001153,0.10791068428029738,0.00069188292261654653,0.085614364515013502,0.022296319765283869,-0.0036340531588748633,-3.5144773925251848e-05
566,0,-0.0036651297913747301,0.10827724703400184,0.00069146562251987142,0.085648708244221869,0.022628538789779967,-0.0036354276876913319,-2.9702103683398152e-05
567,0,-0.0036492597092921387,0.10845982893835428,0.00066630057541850038,0.085681996058066215,0.022777832880288066,-0.0036357082234445455,-1.3551485847593108e-05
568,0,-0.0035816576513875114,0.10860756123261626,0.00068049413582369205,0.085715072870132247,0.022892488362484021,-0.0036351662203226451,5.3508568935133769e-05
569,0,-0.0035744112237635376,0.10820468221389321,0.00069078154455841465,0.085746890022725133,0.022457792191168068,-0.0036324789582326193,5.8067734469081506e-05
570,0,-0.0036767630994234296,0.10816369604944377,0.00066659062290227902,0.08577827744006826,0.022385418609375516,-0.0036395006253237094,-3.7262474099720342e-05
571,0,-0.0037010152243724384,0.10816542387039706,0.00067978190076659214,0.085810105502790723,0.022355318367606333,-0.0036474242705667377,-5.3590953805700911e-05
572,0,-0.0036273354642102369,0.10836859593639386,0.00067504415044542475,0.085840461357739983,0.022528134578653877,-0.0036510105712534045,2.3675107043167712e-05
573,0,-0.0036431198035090655,0.10859202621635439,0.00068296647364610424,0.085870008322787433,0.02272201789356695,-0.0036527292949935421,9.6094914844766509e-06
574,0,-0.0036197901929218975,0.10837434136514833,0.00067913621795634611,0.085898609702364084,0.022475731662784243,-0.0036502880565686346,3.0497863646736811e-05
575,0,-0.0036570965970543884,0.1083788592457787,0.00061044762347784083,0.085925396671045207,0.02245346257473349,-0.0036546789583392974,-2.4176387150910127e-06
576,0,-0.0035230329277377752,0.10811908956045417,0.00064122361246764746,0.085950487707431064,0.022168601853023107,-0.0036487546392780798,0.00012572171154030481
577,0,-0.0036451448366391411,0.10849984311867644,0.0005445470134721747,0.085977738543401336,0.022522104575275103,-0.0036569047623029494,1.175992566380842e-05
578,0,-0.0035120492049516036,0.10862348600892351,0.0005661453650822691,0.086005533051267222,0.022617952957656284,-0.0036553883646833082,0.00014333915973170473
579,0,-0.0035304655774738808,0.10912747984489485,0.00054405243206784206,0.086033229383984056,0.023094250460910789,-0.0036599646524283803,0.00012949907495449941
580,0,-0.0034505165610982844,0.10941697376896931,0.00058218507289238932,0.086060727557432284,0.023356246211537028,-0.0036624357053536313,0.00021191914425534687
581,0,-0.003470263005111573,0.10946973885619508,0.00054128477282326074,0.086088772478174813,0.023380966378020271,-0.0036725941049506076,0.00020233109983903462
582,0,-0.0034273998163411421,0.1090780485879832,0.00050908020573351808,0.086114372698926731,0.022963675889056467,-0.0036745451545143869,0.00024714533817324488
583,0,-0.0034278909942358749,0.10846691137211378,0.00053195732510711213,0.086139229539692996,0.022327681832420794,-0.0036729229786014055,0.0002450319843655307
584,0,-0.0035049727977523189,0.1080849731456113,0.00051964826173556209,0.08616451239713456,0.021920460748476745,-0.0036713175265486635,0.00016634472879634458
585,0,-0.0035141414191084733,0.10796315303601846,0.00051731811402341247,0.086191513760501465,0.021771639275516994,-0.0036679429521132086,0.00015380153300473525
586,0,-0.0034981802789945181,0.10773371428352291,0.00054377031931612774,0.086217953747450934,0.021515760536071966,-0.0036633897122377722,0.00016520943324325405
587,0,-0.0034554095267330704,0.10762867399286026,0.00055239245950956133,0.086245711063884067,0.02138296292897619,-0.0036521763096991574,0.00019676678296608711
588,0,-0.0035267935106748148,0.10785337707742394,0.00054972054164830408,0.086273592244080502,0.021579784833343441,-0.003648593332962241,0.00012179982228742602
589,0,-0.0034406209469330542,0.10802076394830959,0.00057923194001644623,0.086300953996539212,0.021719809951770381,-0.0036384673842999558,0.00019784643736690165
590,0,-0.0035243568679231788,0.10785457073973188,0.00054567887587203036,0.086330147556126349,0.021524423183605538,-0.0036332457793252847,0.00010888891140210582
591,0,-0.0034802006453649868,0.1077286258937052,0.00055370106038722525,0.086360062532687687,0.021368563361017518,-0.003628025412766266,0.00014782476740127909
592,0,-0.00345783835582368,0.1078887343866807,0.00054815976903097616,0.086388092280835077,0.021500642105845624,-0.003623584836093595,0.00016574648026991488
593,0,-0.0033249021973145187,0.10801086096379796,0.00057480246471431056,0.086416327481595792,0.02159453348220217,-0.0036121409456706063,0.00028723874835608765
594,0,-0.0033087843543944014,0.10761778695572684,0.00050718470962123898,0.08644629964264576,0.021171487313081081,-0.003605312743119943,0.00029652838872554167
595,0,-0.0032280206858930336,0.10768333935269714,0.00050861580488901852,0.08647546795090813,0.021207871401789008,-0.0035942489169717273,0.00036622823107869347
596,0,-0.0033449988017049265,0.10737996672280477,0.00049997791580558932,0.086504745575015224,0.020875221147789544,-0.0035955630974153678,0.00025056429571044143
597,0,-0.0032310946508168101,0.10720620120900858,0.00054811856467495805,0.086535019794267531,0.02067118141474104,-0.0035885763171722325,0.00035748166635542249
598,0,-0.0033210795916076463,0.10749547097253519,0.00052289870244043898,0.086565418605388356,0.020930052367146835,-0.0035911087000777011,0.00027002910847005458
599,0,-0.0032730559488615644,0.10815316394320287,0.00054468173653407677,0.086598021511829215,0.021555142431373665,-0.0035896573256773328,0.00031660137681576833
600,0,-0.0033293860334477404,0.10804771050537212,0.00052907778485658172,0.086630713199694759,0.021416997305677372,-0.0036000573051415078,0.00027067127169376758
601,0,-0.0032085135173371398,0.10774515242217346,0.00055189991610276939,0.086661551971472434,0.02108360045070103,-0.0036040902132253986,0.00039557669588825888
602,0,-0.0031266529851964879,0.10792815739992924,0.0005458289279292554,0.086689290889556611,0.021238866510372632,-0.0036075198111524985,0.00048086682595601055
603,0,-0.0030646193388081003,0.10835839509568165,0.00056548370641152897,0.086717664278512449,0.021640730817169197,-0.0036050669218010271,0.00054044758299292694
604,0,-0.0030450969871647468,0.10837065344411186,0.00056492772276408936,0.086746803304852696,0.021623850139259156,-0.0035998750560237618,0.00055477806885901508
605,0,-0.0030107628865474753,0.1083226750769213,0.00058383442355747835,0.086776292788658949,0.021546382288262344,-0.0035948496333598817,0.00058408674681240656
606,0,-0.0029635505946972668,0.10879568080799917,0.00056228463246711061,0.086803282500247297,0.021992398307751872,-0.0035893356543682956,0.00062578505967102876
607,0,-0.0028110085726894174,0.10922469627018319,0.00062106628717614374,0.086829305258023015,0.022395391012160176,-0.0035768726525608366,0.00076586407987141905
608,0,-0.0029766045577406496,0.1093626169624753,0.00055622073390438947,0.086855552670083477,0.022507064292391823,-0.0035793339494241063,0.00060272939168345681
609,0,-0.002958366727167427,0.10966100930313306,0.00059141105221109777,0.086883399726147559,0.022777609576985509,-0.0035781259296336267,0.00061975920246619984
610,0,-0.0029473610251095524,0.10995004116525074,0.00055993074953546585,0.086908444285611078,0.023041596879639668,-0.0035763990668231781,0.00062903804171362599
611,0,-0.0028658900096542048,0.11000042172170262,0.00060274382958057067,0.086937265693334223,0.023063156028368392,-0.0035658645600843615,0.00069997455043015666
612,0,-0.0029277063965524762,0.10996486254948336,0.00057672169155141226,0.086963514993565166,0.023001347555918188,-0.003558107672533358,0.00063040127598088186
613,0,-0.0028671473686383026,0.11010737941392568,0.00064389876298725308,0.086992140191741452,0.023115239222184222,-0.0035435878560041633,0.00067644048736586061
614,0,-0.0030308185306888113,0.1099782074558579,0.00060491108477871809,0.08702000080499539,0.022958206650862505,-0.0035424122926766464,0.00051159376198783499
615,0,-0.0030450690448734575,0.110013319167545,0.00060196495720541907,0.0870488910574716,0.022964428110073404,-0.0035399217141413287,0.00049485266926787143
616,0,-0.0029952962678821389,0.11022650976652526,0.0006203072120966347,0.087078029943348387,0.02314847982317687,-0.0035378357989703118,0.00054253953108817277
617,0,-0.0028885803498680108,0.11035741221246285,0.00065148396923426751,0.087106041714530361,0.023251370497932494,-0.0035278538825518819,0.00063927353268387107
618,0,-0.0029346503765502246,0.1106372955389523,0.00060517684495427942,0.087132667088511959,0.023504628450440331,-0.0035241956832095644,0.00058954530665933987
619,0,-0.0027754188432385029,0.11064639604450199,0.00066379589743090976,0.087159290819513666,0.023487105224988321,-0.0035091982531444683,0.00073377940990596545
620,0,-0.0028433238785548478,0.11076074940246051,0.00062365765393695711,0.087188411144688935,0.02357233825777158,-0.0035015763721560496,0.00065825249360120192
621,0,-0.0027251527449111274,0.11073346894030242,0.00070707561631511628,0.087218782820373569,0.023514686119928851,-0.0034824820070501038,0.00075732926213897649
622,0,-0.002867566151266431,0.11037998090545015,0.00059377183444835947,0.087249145462898567,0.023130835442551581,-0.0034807862257977911,0.00061322007453136007
623,0,-0.0027062364003132117,0.11033365732884855,0.00070726005237897933,0.087280681190673795,0.023052976138174749,-0.0034676828161075116,0.00076144641579429996
624,0,-0.0027709630671856936,0.1102178399985585,0.00068577170542728099,0.087312632288898115,0.022905207709660379,-0.0034611688401036188,0.00069020577291792513
625,0,-0.0027541307953360336,0.11017546655582733,0.00066741206544532097,0.087342657289462916,0.022832809266364416,-0.0034510852406797921,0.00069695444534375846
626,0,-0.0027452265111922881,0.10997789730226779,0.00065183668543077479,0.087368963862773805,0.022608933439493977,-0.0034366911781991893,0.00069146466700690146
627,0,-0.0027997388200813431,0.11002079615357721,0.00065956704959647526,0.087395747894518247,0.022625048259058964,-0.0034250124109004728,0.00062527359081912971
628,0,-0.0028889613124833129,0.1100383544475976,0.00063200064352436462,0.087422171275850724,0.022616183171746886,-0.0034177059787635251,0.00052874466628021236
629,0,-0.0029569572214018023,0.11008057824405861,0.00069035971766060302,0.087450312695747934,0.022630265548310675,-0.0034100747900993318,0.00045311756869752939
630,0,-0.0030477411082727975,0.11044116370839763,0.00062795518104650746,0.08747815094065188,0.022963012767745747,-0.0034090502377893375,0.00036130912951654027
631,0,-0.0029639672094527608,0.11040603661309395,0.00068723535049115673,0.087507744954382322,0.022898291658711632,-0.0034018214581822792,0.00043785424872951843
632,0,-0.0030479268601410793,0.11054658012759101,0.00063897920850533184,0.087537175556318736,0.02300940457127228,-0.0034078356870740028,0.00035990882693292338
633,0,-0.0029411723157890266,0.11035094782522535,0.00069872889517979934,0.087565030759091597,0.022785917066133754,-0.0034067351197484847,0.00046556280395945818
634,0,-0.0029831350839898173,0.10993666650768046,0.0006348275816083404,0.087592386953866369,0.022344279553814086,-0.0034120991126125651,0.00042896402862274772
635,0,-0.0028497777218542564,0.1100714913476083,0.00066041543641384703,0.087619387224235956,0.022452104123372348,-0.0034085142681853898,0.00055873654633113343
636,0,-0.0027661895694175245,0.10993098972037078,0.00063454162188326588,0.087644528072726657,0.022286461647644126,-0.0034008336590202592,0.00063464408960273459
637,0,-0.0026352186559290133,0.10979228269019121,0.00068456073517169562,0.087668251809533165,0.022124030880658053,-0.0033827953015749704,0.00074757664564595707
638,0,-0.0027004249559817797,0.10988854469935347,0.00062945295251401684,0.087693509559616051,0.022195035139737414,-0.003372646469802953,0.0006722215138211733
639,0,-0.0026574672083807455,0.11015228567344611,0.00069669273173916292,0.087717412255698499,0.022434873417747612,-0.0033582526501188762,0.00070078544173813055
640,0,-0.0027462001556314251,0.11012234895702673,0.0006774535406768754,0.08773973197872531,0.02238261697830142,-0.0033498325681099016,0.00060363241247847672
641,0,-0.0026958833727635089,0.11013519269405503,0.00072986372970773095,0.087763696785648271,0.022371495908406761,-0.0033388322532644991,0.00064294888050099044
642,0,-0.0027566598301009301,0.11054162736143323,0.00069057160478376242,0.087786574012523086,0.022755053348910148,-0.0033321780211508513,0.00057551819104992123
643,0,-0.0027992023295812414,0.1112529130632319,0.00069348373172014612,0.087806317781408377,0.023446595281823523,-0.0033248363372053186,0.00052563400762407702
644,0,-0.0028842571722046901,0.11155630072191361,0.00068586040937731953,0.087827505306280709,0.0237287954156329,-0.003323495774608342,0.0004392386024036517
645,0,-0.0029145258026659657,0.11173736360896933,0.00065421467550776373,0.087848273355150691,0.023889090253818638,-0.0033225169816413404,0.00040799117897537474
646,0,-0.0028686285008392709,0.11163015488777248,0.00063574387146022931,0.087865616940903918,0.023764537946868561,-0.003317801507324975,0.00044917300648570393
647,0,-0.0028827160853178995,0.11159809620026502,0.00062277474710803514,0.087884196532862516,0.023713899667402505,-0.0033154578299619737,0.00043274174464407405
648,0,-0.0028469999377583482,0.11166026866144184,0.00060902023901025326,0.087902628423856696,0.023757640237585139,-0.0033125459321535038,0.00046554599439515572
649,0,-0.0029638076377614272,0.11161383743772002,0.00056132267465777534,0.087922079679672652,0.023691757758047362,-0.003319687370480235,0.00035587973271880785
650,0,-0.0029183831893250718,0.11218904323975731,0.00061739358263301696,0.087941731190309791,0.024247312049447526,-0.0033242765139439431,0.00040589332461887117
651,0,-0.002955244562274144,0.11241133533847233,0.00061510703959849272,0.087961733740262879,0.024449601598209459,-0.0033262221011068388,0.00037097753883269497
652,0,-0.0029362750030594059,0.11252733916001914,0.00063545779254460945,0.08797997870540783,0.024547360454611308,-0.0033217409305794474,0.00038546592752004133
653,0,-0.0030154986563048821,0.1127265219597065,0.00057977073972432299,0.08799689314949502,0.024729628810211481,-0.0033240501227204023,0.00030855146641552036
654,0,-0.0030623882403127516,0.11274047503658917,0.00060527071841965101,0.088014495842963544,0.024725979193625621,-0.0033228731819843031,0.00026048494167155151
655,0,-0.0031448485404098536,0.11279702738072489,0.0006223637295278804,0.088032996740043001,0.024764030640681882,-0.0033255376741152557,0.00018068913370540226
656,0,-0.0031036909324653143,0.11272907229110311,0.0006270437377908669,0.088052247587752361,0.024676824703350753,-0.0033246702193012565,0.00022097928683594242
657,0,-0.0031468118847338337,0.11261402522076094,0.00059603352839300648,0.088071674395182611,0.024542350825578325,-0.0033271486794978901,0.00018033679476405639
658,0,-0.0031888666074008469,0.11221977853893791,0.00060370401671262525,0.088091664176110487,0.02412811436282742,-0.0033323752885331542,0.00014350868113230744
659,0,-0.0031583463517721169,0.11159359263353252,0.00063111234435714487,0.088112443394875867,0.023481149238656664,-0.0033302149169869609,0.0001718685652148441
660,0,-0.0032140794237206539,0.1114540887027468,0.00057448039567010306,0.088132506500946825,0.023321582201799976,-0.0033350905159507979,0.00012101109223014402
661,0,-0.0031142053181645347,0.11132815838567608,0.00060477007388694368,0.088153649798567962,0.023174508587108122,-0.0033313138066525167,0.00021710848848798195
662,0,-0.0031293538627975158,0.11125283527225406,0.00062121852173823713,0.088174572499587725,0.023078262772666336,-0.003329069486249251,0.00019971562345173535
663,0,-0.0031368075834097434,0.11120938208067084,0.00062644905595219129,0.088197371616373435,0.023012010464297402,-0.0033274720882130737,0.00019066450480333013
664,0,-0.0031824567287994745,0.11094421069915139,0.00061101349683757812,0.088220582139017539,0.022723628560133855,-0.0033315699058674929,0.00014911317706801827
665,0,-0.003281655082448483,0.11104016995661177,0.00058246924244211625,0.088243506432333224,0.022796663524278546,-0.0033411822900888217,5.952720764033883e-05
666,0,-0.0032795091575626681,0.11109581946846629,0.00062268524312456962,0.088266961036430572,0.022828858432035724,-0.0033513787993953844,7.1869641832716436e-05
667,0,-0.0033271370266112089,0.11058849198603406,0.00066557053409676322,0.088290385593709303,0.022298106392324758,-0.0033580785287195122,3.0941502108303246e-05
668,0,-0.00324979479589516,0.11030895354446751,0.00072676245764075585,0.088314506775224594,0.021994446769242924,-0.0033551384068949996,0.00010534361099983978
669,0,-0.0033027763121094432,0.11057605548024296,0.00069153002544539383,0.088336928145353863,0.0222391273348891,-0.0033560874401096568,5.3311128000213413e-05
670,0,-0.0034172153862660403,0.11064911653703113,0.00068822333019781512,0.088360765150773873,0.022288351386257257,-0.003358427832499998,-5.8787553766042487e-05
671,0,-0.0035779254345246589,0.1109303952699817,0.00067128944285552237,0.088385607621613793,0.022544787648367912,-0.0033692650481665226,-0.00020866038635813632
672,0,-0.0036284149080381169,0.11160409576484323,0.00067647025183928454,0.088412419843884857,0.023191675920958381,-0.0033796411654262353,-0.00024877374261188148
673,0,-0.0037633628082664339,0.11180141118511416,0.00063939071731545095,0.088437745116433306,0.023363666068680854,-0.0033996240304050248,-0.00036373877786140919
674,0,-0.0036729420480256054,0.11124064728407329,0.0007159839052039745,0.088461419720023457,0.022779227564049834,-0.0034114220206437782,-0.00026152002738182722
675,0,-0.0036405596311937238,0.11100110303802296,0.00069152868119327308,0.088483877989833759,0.022517225048189211,-0.0034248011031064369,-0.00021575852808728706
676,0,-0.0035232877598037329,0.11078340524934019,0.00072242492274770653,0.088505906322291425,0.022277498927048767,-0.0034323245661833429,-9.0963193620389947e-05
677,0,-0.0035229405602049953,0.11052794476840766,0.00075116025906881182,0.088526991376629546,0.022000953391778121,-0.0034374404573633229,-8.5500102841672235e-05
678,0,-0.0035771361071383198,0.1107458081750415,0.00077694761368344429,0.088548555051929559,0.022197253123111937,-0.0034432936429234159,-0.00013384246421490386
679,0,-0.0035492950997752528,0.1109053734902202,0.00079046029639887787,0.08856880473036953,0.022336568759850673,-0.0034468415717887851,-0.00010245352798646771
680,0,-0.0034473985117978783,0.11134720402966652,0.00075824209134148506,0.0885879277177129,0.022759276311953631,-0.0034479524749829655,5.5396318508722002e-07
681,0,-0.00336571593704903,0.11119991373442337,0.00069406084388069615,0.088605954911114088,0.022593958823309276,-0.0034442240070549981,7.8508070005968092e-05
682,0,-0.003353854446495635,0.11154794841929654,0.00075050413837477793,0.088626392449184341,0.022921555970112192,-0.0034415924457884104,8.7737999292775457e-05
683,0,-0.0033116208665496913,0.1115789147890946,0.00073135936755174588,0.088646184403465819,0.022932730385628784,-0.0034376803772381841,0.00012605951068849261
684,0,-0.0032898873994562784,0.11159820314066518,0.00072650329641347968,0.088666767608227171,0.022931435532438003,-0.0034341110865502102,0.00014422368709393187
685,0,-0.0032163071168999522,0.11166617266772763,0.00069466809139305617,0.08868616013227669,0.022980012535450942,-0.0034264940386372787,0.00021018692173732631
686,0,-0.0032508924559930181,0.11189224315407276,0.00072663749451679853,0.088705983496959531,0.023186259657113222,-0.0034241522284708045,0.00017325977247778629
687,0,-0.0031903747244920329,0.11210061438458696,0.00070797483368808102,0.088723821670223066,0.023376792714363888,-0.0034202169861098902,0.00022984226161785727
688,0,-0.0031445025705644355,0.11168444546663336,0.00072784280921108445,0.088741917706799664,0.022942527759833704,-0.003415857343915123,0.00027135477335068738
689,0,-0.0031846844295372548,0.11151436077572695,0.00070753411582798328,0.088759103745786452,0.022755257029940499,-0.0034173520521913123,0.0002326676226540574
690,0,-0.0033149345512629345,0.11124113266326527,0.00071754430047401554,0.088776636704581871,0.022464495958683391,-0.0034288356012046415,0.00011390104994170685
691,0,-0.0033029904431664263,0.11125448268260538,0.00075388884439294855,0.088792063876673918,0.022462418805931465,-0.0034387798322345455,0.0001357893890681191
692,0,-0.0032685708222707508,0.11128393809018083,0.00076314127903028396,0.088808318470450232,0.022475619619730602,-0.003445315640472213,0.00017674481820146231
693,0,-0.003200040155428342,0.11155093591214643,0.00073516672032966862,0.088823745655115111,0.022727190257031325,-0.0034533910265827344,0.00025335087115439239
694,0,-0.0031047063552517361,0.11182101756711907,0.00076285509741596343,0.0888375232862572,0.022983494280861876,-0.0034553291105132956,0.00035062275526155943
695,0,-0.0031583371960796796,0.11177877887665691,0.00076641649153092904,0.088851902687247464,0.022926876189409442,-0.0034610188294600924,0.00030268163338041269
696,0,-0.0032063237408544525,0.11204786880424222,0.00077349439716222629,0.088866935700227814,0.023180933104014406,-0.0034699557427249903,0.00026363200187053766
697,0,-0.0031654234836665266,0.11227302084251728,0.00080339364521290406,0.08888399390306724,0.023389026939450032,-0.0034768388096708242,0.0003114153260042974
698,0,-0.0032054213550505124,0.11224337340312231,0.00079346194938965736,0.0889029463575957,0.023340427045526607,-0.0034906247865860436,0.00028520343153553142
699,0,-0.0032224419453505664,0.11218427735226685,0.00077399248324658049,0.088924541274652172,0.023259736077614682,-0.0035071421178967579,0.00028470017254619156
700,0,-0.0032279234486592588,0.11210520670850166,0.00077159276926295041,0.088947614494336857,0.023157592214164809,-0.0035259751699272851,0.00029805172126802612
701,0,-0.0032148641826876853,0.11225857095259292,0.00075507466612146712,0.088970636993297478,0.023287933959295438,-0.0035428296660199106,0.00032796548333222542
702,0,-0.0031427563181695112,0.11227849439749904,0.00080395047401958845,0.088992589765566343,0.023285904631932693,-0.0035524216929730054,0.0004096653748034941
703,0,-0.0031091655233714596,0.11249951312365286,0.00080948738666966201,0.089015144104144572,0.023484369019508282,-0.0035598172372771388,0.00045065171390567914
704,0,-0.0030593085730746239,0.11206453220522315,0.00083511912796518657,0.089035975273612497,0.023028556931610655,-0.0035619333158047645,0.00050262474273014054
705,0,-0.0030970867515997661,0.11229989994806516,0.00081774408108731961,0.089057919550959222,0.023241980397105948,-0.0035681252986500232,0.00047103854705025727
706,0,-0.0030873220564410367,0.11233506135508924,0.00084838156506462882,0.089080910576914127,0.023254150778175109,-0.0035737872400756184,0.0004864651836345815
707,0,-0.0030443066237333741,0.11240279190102842,0.00087114660411232771,0.089103523552410135,0.023299268348618292,-0.0035804142378181407,0.00053610761408476662
708,0,-0.0030500559902603922,0.11269392875238697,0.00085213943578765024,0.089124834691521063,0.023569094060865905,-0.0035866298850932665,0.00053657389483287451
709,0,-0.0029657535769385523,0.11294298724510439,0.00089170737283619523,0.089145835543747651,0.023797151701356743,-0.0035900236910529622,0.00062427011411440966
710,0,-0.0030313228352159089,0.11241323314610861,0.00087263525608019998,0.089166569442225285,0.023246663703883324,-0.0035976215919383239,0.000566298756722415
711,0,-0.0030110434256226367,0.11188236337622183,0.00086826992331999172,0.089187522274418896,0.022694841101802934,-0.003601141067567423,0.00059009764194478643
712,0,-0.0029898522332654715,0.11181345707796428,0.00082936752404412083,0.089207309747068642,0.02260614733089563,-0.0036057373853512747,0.0006158851520858033
713,0,-0.0030126208624261033,0.11144353083313141,0.00083351257984822381,0.089226970561959107,0.022216560271172303,-0.0036090268306986275,0.00059640596827252416
714,0,-0.002959516951296827,0.11182655628784399,0.00082804962018069518,0.089245767141139756,0.022580789146704233,-0.0036049634132062974,0.00064544646190947024
715,0,-0.0029858158196391991,0.11176293981763269,0.00080690926957970022,0.089261947710883388,0.022500992106749305,-0.0036030834929930387,0.00061726767335383949
716,0,-0.0029247619802964743,0.11150599033662389,0.00075853884620156651,0.089276036710454185,0.022229953626169714,-0.0035994470659940258,0.00067468508569755155
717,0,-0.0029001071994504807,0.11181933664311804,0.00070321124191408872,0.089289817904910612,0.022529518738207428,-0.0035960970982531946,0.00069598989880271384
718,0,-0.0029736510352951087,0.11224053981145735,0.00070684311550627888,0.089302928339258042,0.022937611472199311,-0.0035942496375641246,0.00062059860226901611
719,0,-0.0028724124743036371,0.11245633275066916,0.00073400815961936208,0.08931456192575879,0.023141770824910372,-0.003585745462217918,0.00071333298791428077
720,0,-0.0029329577970647249,0.11272518546565523,0.00074572396241448903,0.089324486953089269,0.023400698512565963,-0.0035826554933384197,0.0006496976962736947
721,0,-0.0029133927388627443,0.11273891249676711,0.00075967838298750463,0.089334535504140361,0.023404376992626746,-0.0035786179961779375,0.00066522525731519311
722,0,-0.0029248023567882836,0.11242433290472562,0.0007301968472785647,0.089344858509385033,0.023079474395340575,-0.0035768313547652336,0.0006520289979769498
723,0,-0.0028980096422011005,0.11274348349508914,0.00074075579779059818,0.089352832255938236,0.023390651239150909,-0.0035770997177448846,0.00067909007554378393
724,0,-0.0028724901845666585,0.11260180196214994,0.00072911490171372311,0.089359235387772684,0.023242566574377253,-0.003569063189173475,0.00069657300460681637
725,0,-0.0029283880281029259,0.1123071845405004,0.00070382779715298346,0.089365509012738958,0.02294167552776144,-0.0035627765091210328,0.0006343884810181068
726,0,-0.0030193197137726594,0.11195402758897703,0.00066106267252219778,0.089376083456839811,0.022577944132137217,-0.0035613378695413178,0.0005420181557686584
727,0,-0.0030644832847440549,0.11191103876103481,0.00066810305005957223,0.089387788898980622,0.022523249862054194,-0.0035600835104595027,0.00049560022571544765
728,0,-0.0030716900862664711,0.11156681830765805,0.00064936949515249042,0.089400371269176257,0.02216644703848179,-0.0035586611129286012,0.00048697102666213002
729,0,-0.0030017216813464334,0.11158464838852022,0.00064926071097571952,0.089416357351451495,0.02216829103706873,-0.0035555924955533425,0.00055387081420690918
730,0,-0.0030009203261582313,0.11181787898680604,0.000662112909454346,0.089434047588209761,0.022383831398596274,-0.0035462799745642655,0.00054535964840603441
731,0,-0.0029507689316317911,0.11209274074369867,0.00064523065834456192,0.089452730386396659,0.022640010357302013,-0.0035388572339975439,0.00058808830236575294
732,0,-0.0028372997415694089,0.11259178548101303,0.00062661423960295429,0.089471408553717699,0.023120376927295336,-0.0035245529877114324,0.00068725324614202351
733,0,-0.0029136123189395812,0.11231434530671354,0.00068050798439415485,0.089491973295137597,0.022822372011575942,-0.0035174996518350225,0.00060388733289544125
734,0,-0.0028678042330864163,0.11233901129151386,0.00068260196856807429,0.089512464551628271,0.022826546739885583,-0.0035061940692238808,0.00063838983613746455
735,0,-0.0027993652652254903,0.11218690787480776,0.00068024783247618503,0.08953345257811883,0.022653455296688923,-0.003494805782127111,0.00069544051690162087
736,0,-0.0028944249920813611,0.11200555804575531,0.0006747138055627006,0.089553059849686645,0.022452498196068659,-0.003489230923991676,0.00059480593191031509
737,0,-0.0029355886488886445,0.1118312862323195,0.00071797096588755219,0.089576125292604919,0.022255160939714573,-0.0034865082803219867,0.00055091963143334233
738,0,-0.0030160053173856507,0.11223076750242303,0.00068454671101534151,0.08959957639827773,0.022631191104145302,-0.0034883186748336814,0.00047231335744803046
739,0,-0.0029569273396487026,0.11224514593508599,0.00073494721790865294,0.089624862412370179,0.022620283522715803,-0.0034823572018547336,0.00052542986220603096
740,0,-0.0029123744905227467,0.11277974361865059,0.00071464112801652936,0.089648462926384939,0.023131280692265655,-0.0034679942137471431,0.00055561972322439642
741,0,-0.0028621544533452424,0.11317653066742984,0.00067821390656656595,0.089671445149743303,0.023505085517686541,-0.0034527763141436198,0.0005906218607983774
742,0,-0.0030560799614847956,0.11341022377414854,0.00066174749761133188,0.089695153331854641,0.023715070442293897,-0.003445031903975917,0.00038895194249112145
743,0,-0.0031040335372558548,0.11363282570779451,0.00065452978648121061,0.089717499931694089,0.023915325776100421,-0.0034335346853684797,0.00032950114811262498
744,0,-0.0031138093130717729,0.11387852309778469,0.00060916802286754986,0.089737879641819035,0.024140643455965654,-0.0034240591014081359,0.00031024978833636289
745,0,-0.0031149572573444012,0.11414394720895103,0.00053982165054916392,0.089757323718324233,0.024386623490626799,-0.0034143526005091952,0.00029939534316479399
746,0,-0.0030907922129136669,0.11417098887562743,0.000503949995089572,0.089776456947746219,0.024394531927881206,-0.0034064511327224194,0.0003156589198087524
747,0,-0.0030693237486154553,0.11424024061899368,0.00051709240100992766,0.089793478411810346,0.024446762207183344,-0.0033917026267478792,0.00032237887813242399
748,0,-0.0031154908924166422,0.11419743317149125,0.00050899970320360559,0.089807514542161515,0.024389918629329731,-0.0033834464829668848,0.00026795559055024283
749,0,-0.0031009914058420622,0.11401169797727558,0.00052858500737053651,0.089821252144589456,0.024190445832686116,-0.0033714516033040405,0.0002704601974619785
750,0,-0.0031302539168869483,0.11404325748978551,0.0005399174463689442,0.089833257998957486,0.024209999490828027,-0.0033617510924551556,0.00023149717556820743
751,0,-0.0031256545358942234,0.11373977783111355,0.00052944982516893923,0.08984753901659899,0.02389223881451457,-0.0033590681043534259,0.00023341356845920258
752,0,-0.0030967219842579449,0.11348919160634151,0.00053139023213444499,0.089861036487958748,0.023628155118382756,-0.0033535153126652006,0.00025679332840725582
753,0,-0.0030702157050785188,0.11350047060493666,0.00055334556593129858,0.089876850298148292,0.023623620306788367,-0.0033481563993498012,0.00027794069427128224
754,0,-0.0030046433291792698,0.11359804231310881,0.00054158603079081124,0.089893618655544183,0.023704423657564627,-0.0033405401382363515,0.00033589680905708183
755,0,-0.0030469714862923322,0.11307296812486979,0.00057445818300777107,0.089909383565196177,0.023163584559673617,-0.0033360608930434492,0.00028908940675111708
756,0,-0.0029811662177739837,0.11311021615256225,0.0005871282428428524,0.089922953908622608,0.023187262243939639,-0.0033263530613311739,0.00034518684355719012
757,0,-0.0030423874710735215,0.11348163206838499,0.00056805533366745145,0.089936211134976005,0.023545420933408993,-0.0033173693687662317,0.00027498189769271036
758,0,-0.0031037627454537733,0.11322245259749597,0.0005545320956380572,0.089949595210143812,0.023272857387352165,-0.0033117398770533637,0.00020797713159959052
759,0,-0.003077103591789975,0.11302636652077971,0.00051826337579077397,0.089961610229511643,0.023064756291268071,-0.0033054836949449329,0.00022838010315495813
760,0,-0.0030711287207343617,0.1131309990131743,0.0005501399723861428,0.089973247413988836,0.023157751599185469,-0.0033000550469303967,0.00022892632619603479
761,0,-0.0030668883445580156,0.11352316640236924,0.00056372371506812214,0.089983890552962048,0.023539275849407199,-0.0032939607876032533,0.00022707244304523763
762,0,-0.0031352251558041302,0.11351898328829389,0.00057359928207811948,0.089993472114810152,0.023525511173483737,-0.0032926139004511861,0.00015738874464705594
763,0,-0.0031001921535911709,0.11366923306031194,0.00057419342680310758,0.090002443595152748,0.0236667894651592,-0.0032823240217171178,0.00018213186812594687
764,0,-0.0032559860346249607,0.1138751807179139,0.00057555699462569514,0.090011444278275676,0.023863736439638225,-0.0032772983753059965,2.1312340681035664e-05
765,0,-0.0033743911174511686,0.11373116904064576,0.00058428731865170361,0.090021493355676413,0.023709675684969352,-0.0032817898284646877,-9.260128898648084e-05
766,0,-0.0034309365621351079,0.11363453998162923,0.00061121646878816121,0.090031845361129875,0.023602694620499357,-0.0032850742176227473,-0.00014586234451236055
767,0,-0.0034259458439808666,0.11336043320290543,0.00063478405000769265,0.09004159692720505,0.023318836275700382,-0.0032858893212297604,-0.00014005652275110635
768,0,-0.0034127924128257857,0.11242056798277381,0.00065699264908615485,0.090052668143738218,0.022367899839035581,-0.0032884961980776495,-0.00012429621474813608
769,0,-0.0033120121542657729,0.11239963603847201,0.00068197892131407025,0.090064439140319044,0.022335196898152967,-0.0032821550765566665,-2.9857077709106198e-05
770,0,-0.0032944607750725373,0.11274675985515542,0.00065968683473994517,0.090075711622447097,0.022671048232708324,-0.003282189978792688,-1.227079627984913e-05
771,0,-0.0033362039312012756,0.11280181908492543,0.00065462340009739327,0.090085850472838694,0.022715968612086728,-0.0032815138755079155,-5.4690055693359992e-05
772,0,-0.003412201890256534,0.11271495235386718,0.00061721678008120988,0.090097645214773758,0.022617307139093424,-0.0032882543806954431,-0.00012394750956109095
773,0,-0.0034144488909334482,0.11299194214207135,0.00060411135110963069,0.090110622197439053,0.022881319944632297,-0.0032934538697205326,-0.00012099502121291576
774,0,-0.0033264783039571137,0.1137757004828481,0.000603977513097766,0.09012339705698251,0.023652303425865589,-0.0032905123510370473,-3.5965952920066489e-05
775,0,-0.0033531412251857177,0.11391819468837311,0.00059138721784277037,0.090136501914391695,0.023781692773981421,-0.0032880403305757849,-6.5100894609932896e-05
776,0,-0.0032965510748470582,0.11379381946293887,0.00056433871992142613,0.090151368770988033,0.023642450691950836,-0.0032854278814116143,-1.1123193435444019e-05
777,0,-0.0032839566227275555,0.11352322108405886,0.00058911420395751164,0.09016661410692868,0.023356606977130184,-0.0032843319193841076,3.7529665655211918e-07
778,0,-0.003290382621205061,0.11343765203056327,0.00061638614475715712,0.090182433789683131,0.02325521824088014,-0.0032865600480747209,-3.8225731303403685e-06
779,0,-0.0032761932882943569,0.11394745856493621,0.00065071673337058981,0.090198442769086687,0.023749015795849517,-0.0032902178586694682,1.4024570375111525e-05
780,0,-0.0033395736687355194,0.11375989539534423,0.00066386786848852302,0.090215201080378685,0.023544694314965538,-0.0032974285784263049,-4.2145090309214416e-05
781,0,-0.0033720077888714762,0.11336557585282016,0.00064734696435499086,0.09023197085500452,0.023133604997815634,-0.003304633240521999,-6.7374548349477108e-05
782,0,-0.0034131452640277712,0.11284774474404451,0.00064072967136399644,0.090246202389923313,0.022601542354121189,-0.0033148475766090917,-9.8297687418679594e-05
783,0,-0.0033610135176663004,0.11252176573603899,0.00066001213885263888,0.090258493834910844,0.022263271901128142,-0.0033224188569804885,-3.8594660685811775e-05
784,0,-0.0033866371088656843,0.11223540406338238,0.00064353461239524061,0.090268211897200773,0.02196719216618161,-0.0033324928127254402,-5.4144296140244341e-05
785,0,-0.0034140943169383674,0.11225277687372556,0.00065440230119775998,0.090276506763546802,0.021976270110178758,-0.0033403979179087201,-7.3696399029647128e-05
786,0,-0.0034476524551129216,0.11246542782685037,0.00065914134321479103,0.090283041960534785,0.022182385866315584,-0.0033482008023021839,-9.9451652810737901e-05
787,0,-0.0033200416726477592,0.11290051730198453,0.00066779012891625314,0.090288128515575772,0.022612388786408751,-0.0033510115115714606,3.0969838923701423e-05
788,0,-0.0032541316167680381,0.11300138812913163,0.00068014947116552241,0.090292551758938688,0.022708836370192942,-0.0033533614776030951,9.9229860835057244e-05
789,0,-0.0032775488931189103,0.11268364367384565,0.00069681809808343751,0.090297295970640123,0.022386347703205522,-0.0033601592685017765,8.2610375382866051e-05
790,0,-0.0031578683266609143,0.1126641247372594,0.0006733601776294074,0.09030124418801995,0.022362880549239444,-0.0033611336062268011,0.00020326527956588691
791,0,-0.0031221024182376401,0.11295959523756123,0.00064813307755261652,0.090306469705894857,0.022653125531666377,-0.0033662635010149209,0.00024416108277728092
792,0,-0.0030291810015920339,0.11331962569959206,0.00064137141127276016,0.090311751579630492,0.023007874119961573,-0.0033669137388468132,0.00033773273725477935
793,0,-0.0029837887477828619,0.1130506932472041,0.00066616575876832251,0.090317779938031889,0.022732913309172209,-0.0033661479589894238,0.00038235921120656176
794,0,-0.002956132170874703,0.11329792790653256,0.00063551755683749456,0.090324927656762352,0.022973000249770215,-0.0033641407129837071,0.00040800854210900391
795,0,-0.0030169530110681366,0.11330211717019807,0.00059018525920421345,0.090332200156544015,0.02296991701365406,-0.0033631366507055052,0.00034618363963736875
796,0,-0.0031177584883530516,0.1128735875639257,0.00058729122468695392,0.090338100998928098,0.022535486564997594,-0.0033625418783534045,0.00024478339000035286
797,0,-0.0032044653354549989,0.11282734345467994,0.00057507247474753245,0.090345340063404514,0.022482003391275433,-0.0033697986533274757,0.00016533331787247662
798,0,-0.0032344741229058823,0.1130278835204882,0.00061276964210694345,0.090352748861739232,0.022675134658748968,-0.0033772383649036909,0.00014276424199780865
799,0,-0.0032417930076908438,0.11317296141566945,0.00060348640877004058,0.090362178353861178,0.022810783061808271,-0.0033900516845449227,0.0001482586768540788
800,0,-0.0032122224623505574,0.11327589910616118,0.00062572322025474859,0.090371942628943741,0.022903956477217439,-0.0034003761794199885,0.00018815371706943119
801,0,-0.0031802724165242457,0.1132241821162444,0.00062879183386502354,0.090383576192860901,0.022840605923383495,-0.0034098036528771082,0.00022953123635286265
802,0,-0.0031449210690616572,0.11372106904549538,0.00063788366540578863,0.090394445084990796,0.02332662396050458,-0.0034182600723112544,0.00027333900324959731
803,0,-0.0032211874284575298,0.11384704820010627,0.0006045661663113762,0.090406546014300052,0.02344050218580622,-0.0034285728588312322,0.00020738543037370234
804,0,-0.0033077555310700966,0.11391378080776399,0.00058863501007411841,0.090423451508773803,0.023490329298990181,-0.0034399107163031839,0.00013215518523308702
805,0,-0.0033821481455816932,0.11399273018688265,0.00058911152724038223,0.090445104449934338,0.023547625736948311,-0.0034520125684981712,6.9864422916478036e-05
806,0,-0.0034242417388160532,0.11409103633034526,0.00058629650229660886,0.09047084050501368,0.023620195825331584,-0.0034632313813208479,3.8989642504794792e-05
807,0,-0.0034309549016865717,0.11418892415837895,0.00057409745351655458,0.090499179380491512,0.023689744777887437,-0.0034725102529418296,4.1555351255257957e-05
808,0,-0.0034201899207564361,0.11426944964565677,0.00055851238749865333,0.090528481478043502,0.023740968167613268,-0.0034801150786635321,5.9925157907095975e-05
809,0,-0.0034103091711488406,0.1143253258762294,0.00054537136047125138,0.090557549892722008,0.023767775983507385,-0.0034868477753857963,7.6538604236955668e-05
810,0,-0.0034108819151333282,0.11435607365417305,0.00053641140649410702,0.090585654386784231,0.023770419267388824,-0.0034934342335750353,8.2552318441707185e-05
811,0,-0.0034229339954021695,0.11436581478110049,0.00053099353031361692,0.090612456668008823,0.023753358113091667,-0.0035002589116331071,7.7324916230937441e-05
812,0,-0.0034426284007458294,0.11436135852922609,0.00052778257090613126,0.090637936194596938,0.023723422334629148,-0.0035073543116911896,6.4725910945360134e-05
813,0,-0.0034650483560354408,0.11435003337658678,0.00052549960712346361,0.090662281783312773,0.023687751593273999,-0.0035145410934896999,4.9492737454258859e-05
814,0,-0.0034863639696649565,0.11433798680254956,0.00052328591483216983,0.090685771975771295,0.023652214826778262,-0.0035215841793841446,3.5220209719188011e-05
815,0,-0.003504452450235754,0.11432942659013837,0.00052079777872089748,0.090708683543983065,0.023620743046155298,-0.0035282915125770115,2.3839062341257302e-05
816,0,-0.0035187127974298169,0.11432663402400497,0.00051808672417853426,0.090731241027087642,0.023595392996917326,-0.0035345513834197876,1.5838585989970702e-05
817,0,-0.0035295905019068537,0.11433033858308625,0.0005153877506755384,0.090753598012320427,0.023576740570765826,-0.0035403297898797034,1.0739287972849437e-05
818,0,-0.0035380489457980287,0.11434015549506676,0.00051292990318840034,0.090775836601571028,0.02356431889349573,-0.0035456491593708768,7.600213572848014e-06
819,0,-0.003545123338961698,0.11435497656110424,0.00051083614970954638,0.09079797642305204,0.023557000138052207,-0.0035505635232653755,5.4401843036774107e-06
820,0,-0.0035516410422233857,0.1143733088339474,0.00050911715949393684,0.090819989089177405,0.023553319744770002,-0.0035551384903484287,3.4974481250430654e-06
821,0,-0.0035581210270489603,0.11439356799388098,0.00050771759957960404,0.090841815526841466,0.02355175246703952,-0.0035594385987193999,1.3175716704394556e-06
822,0,-0.0035648028205301331,0.11441431522331039,0.00050656698322758969,0.090863383562347411,0.023550931660962969,-0.0035635210312900409,-1.2817892400920863e-06
823,0,-0.0035717330825605752,0.11443441887652867,0.00050560874588162703,0.09088462320488537,0.023549795671643288,-0.0035674334279895835,-4.2996545709915366e-06
824,0,-0.0035788543968206829,0.11445313122822709,0.00050480596817784496,0.090905477764058412,0.023547653464168681,-0.0035712138262374506,-7.640570583232302e-06
825,0,-0.0035860699936072372,0.11447008723603247,0.00050413457763788343,0.090925910022769715,0.023544177213262761,-0.0035748915578787737,-1.1178435728463382e-05
826,0,-0.0035932812346331643,0.11448524556059418,0.00050357482568047604,0.090945903742625636,0.023539341817968549,-0.0035784885794416421,-1.4792655191522259e-05
827,0,-0.0036004052730242981,0.11449879785008762,0.00050310647402780054,0.090965461527003105,0.023533336323084519,-0.0035820210285542418,-1.8384244470056245e-05
828,0,-0.0036073816792156362,0.11451107015801967,0.0005027082279833305,0.090984600427775911,0.023526469730243756,-0.0035855008634403415,-2.1880815775294766e-05
829,0,-0.0036141733557724272,0.11452243356076947,0.0005023595046421452,0.091003346613952027,0.023519086946817435,-0.0035889374031514965,-2.5235952620930471e-05
830,0,-0.0036207646488319611,0.11453323508981723,0.00050204263611120837,0.091021730176351609,0.023511504913465625,-0.0035923386193757508,-2.8426029456210334e-05
831,0,-0.0036271581989871411,0.11454375382599463,0.00050174441672047208,0.091039780870153297,0.023503972955841342,-0.003595712098639839,-3.1446100347302248e-05
832,0,-0.0036333702573467228,0.11455418164710093,0.00050145649493549044,0.091057525198015674,0.023496656449085267,-0.0035990655912826151,-3.4304666064107564e-05
833,0,-0.0036394251582154949,0.11456462363670603,0.00050117482505965499,0.091074984880851112,0.023489638755854921,-0.0036024071698258224,-3.7017988389672633e-05
834,0,-0.0036453498471036364,0.11457511182468455,0.00050089856962646042,0.091092176516415144,0.02348293530826941,-0.0036057450908991355,-3.96047562045007e-05
835,0,-0.0036511692599809223,0.11458562599039494,0.00050062882936363553,0.091109112103550743,0.0234765138868442,-0.0036090874830054655,-4.2081776975456825e-05
836,0,-0.0036569031785479321,0.11459611607340124,0.00050036750820743657,0.091125800077797678,0.023470315995603563,-0.0036124419818591874,-4.4461196688744685e-05
837,0,-0.0036625647818097529,0.11460652217507886,0.00050011646947120247,0.091142246535682633,0.023464275639396227,-0.0036158154078733493,-4.6749373936403518e-05
838,0,-0.0036681607239879787,0.11461678973259981,0.00049987701288182682,0.091158456393492029,0.023458333339107778,-0.0036192135419167394,-4.8947182071239356e-05
839,0,-0.0036736922443125868,0.11462687892197579,0.00049964963962029207,0.091174434315217157,0.023452444606758632,-0.0036226410187320634,-5.1051225580523373e-05
840,0,-0.0036791568354896166,0.11463676866257541,0.00049943404431925908,0.091190185333852716,0.023446583328722688,-0.0036261013305826217,-5.305550490699499e-05
841,0,-0.0036845500152454785,0.11464645618396704,0.00049922925340811601,0.091205715161614548,0.023440741022352489,-0.0036295969174708616,-5.495309777461701e-05
842,0,-0.0036898668632065093,0.11465595357879267,0.00049903383706875976,0.091221030235780362,0.023434923343012306,-0.0036331293125138739,-5.6737550692635599e-05
843,0,-0.0036951031394242412,0.11466528287787695,0.00049884613671923701,0.091236137576426735,0.02342914530145021,-0.0036366993112253282,-5.8403828198912882e-05
844,0,-0.0037002559440728802,0.1146744709000326,0.00049866447353208595,0.0912510445389976,0.023423426361035005,-0.0036403071391636669,-5.9948804909213482e-05
845,0,-0.0037053239567491772,0.11468354478441348,0.00049848731259362464,0.091265758536070843,0.023417786248342634,-0.0036439525998123844,-6.1371356936792967e-05
846,0,-0.0037103073442836371,0.11469252865306692,0.00049831336883286649,0.091280286784875861,0.023412241868191064,-0.0036476351930337806,-6.2672151249856741e-05
847,0,-0.0037152074496492504,0.1147014417362819,0.00049814165054315939,0.091294636115442904,0.023406805620838994,-0.0036513542001867338,-6.3853249462516521e-05
848,0,-0.0037200264120236357,0.11471029773967127,0.00049797145459840389,0.091308812855267749,0.023401484884403519,-0.0036551087392576289,-6.4917672766006765e-05
849,0,-0.0037247667459822911,0.1147191051470921,0.00049780233428881309,0.091322822787145458,0.02339628235994665,-0.0036588977952323526,-6.5868950749938739e-05
850,0,-0.0037294309960551673,0.11472786824547899,0.00049763403755203207,0.091336671166880434,0.023391197078598564,-0.0036627202351382339,-6.6710760916933429e-05
851,0,-0.0037340214980061477,0.11473658841531517,0.00049746644342087728,0.091350362782964725,0.023386225632350446,-0.0036665748130400083,-6.7446684966139246e-05
852,0,-0.003738540255423738,0.11474526540467993,0.00049729950639741108,0.091363902037252323,0.023381363367427608,-0.0036704601722822943,-6.8080083141443544e-05
853,0,-0.0037429888979936851,0.11475389841605538,0.00049713320878426665,0.091377293029273512,0.023376605386781865,-0.0036743748490052058,-6.8614048988479225e-05
854,0,-0.0037473687186635163,0.11476248689346799,0.00049696753001560927,0.091390539631478307,0.023371947261989677,-0.0036783172799310614,-6.9051438732455083e-05
855,0,-0.0037516807522152552,0.11477103096443747,0.00049680243090259634,0.091403645548018109,0.023367385416419358,-0.003682285814395031,-6.9394937820224263e-05
856,0,-0.0037559258790141616,0.11477953161111701,0.00049663785022830884,0.091416614354673478,0.02336291725644353,-0.0036862787290009471,-6.964715001321453e-05
857,0,-0.0037601049131008959,0.11478799054860141,0.0004964737044147134,0.091429449520433831,0.023358541028167576,-0.0036902942462119009,-6.9810666888995033e-05
858,0,-0.0037642186792570817,0.11479641004054285,0.00049630989619347664,0.091442154414627955,0.02335425562591489,-0.0036943305534695649,-6.9888125787516734e-05
859,0,-0.0037682680609416345,0.1148047926482538,0.00049614632917040311,0.091454732304565162,0.023350060343688635,-0.0036983858212183995,-6.9882239723234975e-05
860,0,-0.0037722540186585262,0.11481314095144594,0.00049598291342057557,0.09146718634836859,0.023345954603077351,-0.0037024582193253652,-6.9795799333160878e-05
861,0,-0.0037761775968186092,0.11482145734002124,0.00049581957073214827,0.091479519586859417,0.023341937753161821,-0.0037065459304635477,-6.9631666355061527e-05
862,0,-0.0037800399100933759,0.11482974387828399,0.00049565623898425678,0.091491734937433747,0.023338008940850235,-0.0037106471607044359,-6.9392749388939956e-05
863,0,-0.0037838421203751815,0.11483800225015711,0.00049549287236656857,0.091503835191330929,0.023334167058826176,-0.0037147601482261663,-6.9081972149015352e-05
864,0,-0.0037875854114605284,0.11484623376577802,0.00049532944015851746,0.091515823015049846,0.02333041075072817,-0.0037188831686458153,-6.8702242814713276e-05
865,0,-0.003791270962158515,0.11485443937729106,0.0004951659226275348,0.091527700955095631,0.023326738422195438,-0.0037230145389566295,-6.8256423201885298e-05
866,0,-0.0037948999277439672,0.11486261975936728,0.0004950023086801263,0.091539471445157852,0.023323148314209424,-0.0037271526203466565,-6.7747307397310487e-05
867,0,-0.0037984734300408078,0.11487077540321092,0.00049483859282009721,0.091551136814988179,0.023319638588222738,-0.0037312958198083826,-6.7177610232425081e-05
868,0,-0.0038019925510107502,0.11487890669882836,0.00049467477161388928,0.09156269929990532,0.023316207398923042,-0.0037354425907338306,-6.6549960276919752e-05
869,0,-0.003805458330194036,0.11488701399080545,0.00049451084227510294,0.091574161049670019,0.023312852941135428,-0.0037395914339669496,-6.5866896227086233e-05
870,0,-0.0038088717691153809,0.11489509761350897,0.00049434680115389702,0.091585524136218607,0.023309573477290357,-0.0037437408986218876,-6.513087049349339e-05
871,0,-0.0038122338367834324,0.11490315790078427,0.00049418264260624124,0.091596790560060426,0.023306367340723843,-0.0037478895827714074,-6.4344254012025178e-05
872,0,-0.0038155454761182217,0.11491119521031773,0.00049401835917899193,0.091607962255541769,0.023303232954775967,-0.0037520361342038922,-6.3509341914329346e-05
873,0,-0.0038188076077560629,0.11491920992217336,0.00049385394210767566,0.091619041094995218,0.023300168827178138,-0.0037561792510370311,-6.2628356719031671e-05
874,0,-0.0038220211273681539,0.11492720239761825,0.00049368938213153709,0.091630028891836593,0.023297173505781657,-0.0037603176819110602,-6.1703445457093618e-05
875,0,-0.0038251869138084199,0.11493517297233477,0.00049352467047343866,0.09164092740299902,0.023294245569335743,-0.0037644502259529616,-6.0736687855458176e-05
876,0,-0.0038283058317875335,0.11494312195812875,0.00049335979890914052,0.091651738331004429,0.02329138362712432,-0.0037685757325739899,-5.9730099213543487e-05
877,0,-0.0038313787302375318,0.11495104964491376,0.0004931947595764978,0.091662463326108445,0.023288586318805312,-0.0037726931009362708,-5.8685629301260805e-05
878,0,-0.0038344064443204691,0.11495895628002425,0.00049302954492219339,0.091673103988275273,0.023285852291748989,-0.0037768012792597436,-5.7605165060725404e-05
879,0,-0.0038373897923704037,0.11496684206327774,0.00049286414727637673,0.091683661869331065,0.023283180193946675,-0.0037808992642481228,-5.6490528122281065e-05
880,0,-0.003840329574716376,0.11497470716070085,0.00049269855971482545,0.091694138475065926,0.023280568685634932,-0.0037849861002074692,-5.5343474508906812e-05
881,0,-0.0038432265723011912,0.11498255171375169,0.0004925327757368019,0.091704535267409265,0.02327801644634242,-0.0037890608779069996,-5.4165694394191677e-05
882,0,-0.003846081547248836,0.11499037584169895,0.00049236678881586944,0.091714853666728879,0.023275522174970073,-0.0037931227331718695,-5.2958814076966567e-05
883,0,-0.003848895243794009,0.11499817964687159,0.00049220059187097599,0.091725095054056877,0.023273084592814717,-0.0037971708453933182,-5.1724398400690891e-05
884,0,-0.0038516683867294778,0.11500596321918374,0.00049203417858006092,0.091735260773080821,0.023270702446102916,-0.0038012044363632774,-5.0463950366200451e-05
885,0,-0.0038544016829665305,0.11501372663652812,0.00049186754333718687,0.091745352132020758,0.023268374504507368,-0.0038052227689411421,-4.9178914025388182e-05
886,0,-0.0038570958205728359,0.1150214699675199,0.00049170068137480139,0.091755370405309816,0.023266099562210079,-0.0038092251455738896,-4.7870674998946271e-05
887,0,-0.0038597514703472184,0.11502919327266048,0.00049153358768426426,0.091765316835174623,0.023263876437485852,-0.0038132109070807972,-4.6540563266421222e-05
888,0,-0.0038623692871467526,0.11503689660894187,0.00049136625678800007,0.091775192633108627,0.023261703975833246,-0.0038171794314109009,-4.5189855735851737e-05
889,0,-0.0038649499149005914,0.11504458001987507,0.00049119868414387792,0.091784998981062779,0.023259581038812288,-0.0038211301322915925,-4.3819782608999146e-05
890,0,-0.00386749398154444,0.1150522435417342,0.00049103086518994719,0.091794737032535351,0.023257506509198844,-0.0038250624579817048,-4.2431523562735349e-05
891,0,-0.0038700021004963573,0.11505988720836877,0.00049086279547432921,0.091804407913675071,0.023255479294693696,-0.0038289758899881332,-4.1026210508224279e-05
892,0,-0.0038724748719076193,0.11506751104627289,0.00049069447092728021,0.091814012724283578,0.023253498321989315,-0.0038328699418421989,-3.9604930065420596e-05
893,0,-0.0038749128833596592,0.11507511507779591,0.00049052588735665008,0.091823552538735559,0.023251562539060352,-0.0038367441579487561,-3.8168725410903131e-05
894,0,-0.0038773167103986592,0.1150826993179522,0.00049035704053077055,0.091833028406864192,0.023249670911088014,-0.0038405981123944503,-3.6718598004209034e-05
895,0,-0.0038796869160478142,0.11509026377865592,0.00049018792625436357,0.091842441354822169,0.023247822423833751,-0.0038444314078719295,-3.5255508175884748e-05
896,0,-0.0038820240544264824,0.11509780845276633,0.0004900185409772239,0.091851792385837266,0.023246016066929068,-0.0038482436744431848,-3.3780379983297687e-05
897,0,-0.0038843286668315013,0.11510533333362222,0.00048984888124693987,0.091861082480953135,0.023244250852669086,-0.0038520345683418686,-3.2294098489632668e-05
898,0,-0.0038866012833439966,0.11511283841172019,0.00048967894435503819,0.091870312599727028,0.023242525811993167,-0.003855803771016123,-3.0797512327873746e-05
899,0,-0.0038888424238900246,0.11512032368030495,0.00048950872757022601,0.091879483680915766,0.023240839999389185,-0.0038595509880243787,-2.9291435865646145e-05
900,0,-0.0038910525969606787,0.11512778912650057,0.00048933822939962969,0.091888596643107556,0.023239192483393015,-0.0038632759480572675,-2.7776648903411039e-05
901,0,-0.0038932322958243719,0.11513523473266618,0.00048916745197669933,0.091897652385321354,0.023237582347344823,-0.0038669784017983629,-2.625389402600897e-05
902,0,-0.0038953820073314195,0.11514266048605719,0.00048899639641529827,0.091906651787526078,0.023236008698531107,-0.0038706581211263749,-2.4723886205044803e-05
903,0,-0.0038975022159486879,0.11515006637704513,0.00048882506157784614,0.091915595711210288,0.023234470665834835,-0.0038743148981870341,-2.318731776165368e-05
904,0,-0.0038995933918845359,0.11515745238301187,0.00048865344527113195,0.091924484999869591,0.023232967383142268,-0.0038779485444813112,-2.1644847403224666e-05
905,0,-0.0039016559948737593,0.11516481847550189,0.00048848154604231035,0.09193332047939004,0.023231497996111846,-0.0038815588901428446,-2.0097104730914697e-05
906,0,-0.0039036904769363993,0.11517216462541841,0.00048830936366318391,0.091942102958498972,0.023230061666919429,-0.0038851457830545379,-1.8544693881861566e-05
907,0,-0.0039056972813724679,0.11517949081362309,0.00048813689861203782,0.091950833229180295,0.023228657584442799,-0.0038887090880942131,-1.698819327825496e-05
908,0,-0.0039076768496819486,0.11518679701788093,0.00048796414936002339,0.091959512067066221,0.023227284950814709,-0.0038922486864297638,-1.5428163252185142e-05
909,0,-0.0039096296131886374,0.11519408321097117,0.00048779111594576683,0.091968140231798598,0.023225942979172572,-0.0038957644747214738,-1.3865138467163573e-05
910,0,-0.0039115559915984871,0.11520134936078644,0.00048761779986746873,0.091976718467401103,0.023224630893385338,-0.0038992563643594959,-1.2299627238991122e-05
911,0,-0.003913456398149026,0.11520859543334733,0.00048744420206563817,0.091985247502617148,0.023223347930730175,-0.0039027242808470793,-1.073211730194651e-05
912,0,-0.0039153312405648946,0.11521582139908468,0.00048727032290276891,0.091993728051262214,0.023222093347822468,-0.0039061681632833749,-9.1630772815200287e-06
913,0,-0.0039171809163804378,0.11522302722420275,0.00048709616502795459,0.092002160812513403,0.023220866411689342,-0.0039095879636427654,-7.5929527376721536e-06
914,0,-0.0039190058157994893,0.11523021287287052,0.00048692173137492413,0.092010546471189142,0.023219666401681389,-0.0039129836461037982,-6.02216969569117e-06
915,0,-0.003920806323474922,0.11523737830832671,0.00048674702433654428,0.092018885698057648,0.023218492610269068,-0.0039163551865140896,-4.4511369608325121e-06
916,0,-0.0039225828174964767,0.11524452349536286,0.00048657204655455552,0.092027179150114699,0.023217344345248164,-0.0039197025718823077,-2.8802456141686994e-06
917,0,-0.0039243356692842462,0.11525164839985795,0.00048639680116635873,0.092035427470861325,0.023216220928996622,-0.0039230257998564529,-1.3098694277934296e-06
918,0,-0.0039260652446900324,0.11525875298987834,0.00048622129152455748,0.092043631290565545,0.023215121699312793,-0.0039263248782301268,2.5963354009472039e-07
919,0,-0.0039277719036851389,0.11526583723709678,0.00048604552115476138,0.092051791226502491,0.023214046010594295,-0.003929599824489499,1.8279208043601173e-06
920,0,-0.0039294559992180305,0.1152729011193238,0.00048586949362839466,0.092059907883244002,0.023212993236079792,-0.003932850665409055,3.3946661910244023e-06
921,0,-0.0039311178778838806,0.11527994460402542,0.00048569321334567596,0.092067981852892861,0.023211962751132562,-0.0039360774366025419,4.959558718661439e-06
922,0,-0.0039327578820272258,0.11528696765456796,0.00048551668467458625,0.092076013715292296,0.02321095393927566,-0.0039392801820515907,6.522300024365196e-06
923,0,-0.0039343763472949791,0.11529397023871781,0.00048533991275357405,0.092084004038228917,0.023209966200488884,-0.003942458953536657,8.08260624167834e-06
924,0,-0.0039359736019938694,0.11530095232764696,0.0004851629035093314,0.092091953377662683,0.02320899894998428,-0.0039456138102690608,9.6402082751911111e-06
925,0,-0.0039375499702887012,0.11530791389405148,0.00048498566232436008,0.092099862277976743,0.023208051616074737,-0.003948744818592035,1.1194848303333486e-05
926,0,-0.0039391057716557844,0.11531485491067249,0.00048480819431565914,0.092107731272184357,0.023207123638488137,-0.0039518520516697159,1.2746280013931573e-05
927,0,-0.0039406413207224971,0.11532177535050345,0.00048463050476744112,0.092115560882141193,0.023206214468362248,-0.0039549355891525875,1.4294268430090793e-05
928,0,-0.0039421569265357783,0.1153286751858604,0.00048445259932032673,0.092123351618753055,0.023205323567107351,-0.0039579955168314159,1.5838590295637857e-05
929,0,-0.003943652892446357,0.11533555439048782,0.00048427448402264188,0.092131103982179399,0.02320445040830842,-0.003961031926296126,1.7379033849768821e-05
930,0,-0.0039451295170612509,0.11534241294120415,0.00048409616487070313,0.092138818462032604,0.023203594479171547,-0.0039640449146479007,1.8915397586649426e-05
931,0,-0.0039465870948699631,0.11534925081438813,0.00048391764783591821,0.092146495537574175,0.023202755276813949,-0.003967034584200585,2.0447489330621666e-05
932,0,-0.0039480259153852997,0.11535606798674418,0.00048373893910028625,0.092154135677911406,0.023201932308832773,-0.0039700010422118867,2.1975126826586965e-05
933,0,-0.003949446263272074,0.11536286443636541,0.00048356004501092772,0.092161739342188131,0.02320112509417728,-0.0039729444006263827,2.3498137354308924e-05
934,0,-0.0039508484187712762,0.11536964014297556,0.00048338097206380201,0.092169306979778834,0.023200333163196727,-0.0039758647757448529,2.5016356973576779e-05
935,0,-0.0039522326578002387,0.11537639508789199,0.0004832017268633893,0.092176839030466085,0.023199556057425904,-0.0039787622880116755,2.6529630211436496e-05
936,0,-0.0039535992520654314,0.11538312925313488,0.00048302231583086705,0.092184335924631017,0.023198793328503851,-0.0039816370617984324,2.8037809733000983e-05
937,0,-0.0039549484693673581,0.11538984262387296,0.00048284274507944571,0.092191798083428492,0.023198044540444464,-0.00398448922519112,2.9540755823761727e-05
938,0,-0.0039562805722644385,0.11539653518862922,0.00048266302140781745,0.092199225918977765,0.023197309269651457,-0.0039873189097763984,3.1038337511959641e-05
939,0,-0.0039575958187096022,0.11540320693131385,0.00048248315242303803,0.092206619834535791,0.023196587096778059,-0.0039901262503495719,3.2530431639969727e-05
940,0,-0.0039588944617731095,0.11540985783839403,0.00048230314602399168,0.092213980224650813,0.02319587761374322,-0.003992911384748804,3.4016922975694633e-05
941,0,-0.0039601767521342517,0.11541648789847703,0.00048212300934520733,0.092221307475340714,0.023195180423136313,-0.0039956744536704634,3.5497701536211307e-05
942,0,-0.0039614429372626615,0.11542309710169965,0.00048194274924228688,0.092228601964261525,0.023194495137438129,-0.0039984156005159477,3.6972663253286363e-05
943,0,-0.003962693260282384,0.11542968543674532,0.00048176237283167455,0.092235864060881981,0.02319382137586334,-0.00400113497118448,3.84417109020964e-05
944,0,-0.0039639279604588807,0.11543625289356374,0.00048158188738055356,0.092243094126648675,0.023193158766915068,-0.0040038327138906477,3.9904753431766726e-05
945,0,-0.0039651472721804913,0.11544279946158106,0.00048140130054466436,0.092250292515152016,0.023192506946429041,-0.0040065089789846969,4.1361706804205874e-05
946,0,-0.0039663514257709783,0.11544932513363183,0.00048122061994565951,0.092257459572279391,0.023191865561352446,-0.0040091639188081602,4.281249303718223e-05
947,0,-0.0039675406480358336,0.11545582990825824,0.00048103985291729392,0.09226459563638538,0.023191234271872859,-0.0040117976875782254,4.4257039542391639e-05
948,0,-0.0039687151637460821,0.11546231377584892,0.00048085900724115216,0.092271701038443024,0.023190612737405896,-0.0040144104412373448,4.5695277491262595e-05
949,0,-0.0039698751940042704,0.1154687767296883,0.00048067809061853477,0.092278776102171861,0.02319000062751644,-0.0040170023372341473,4.7127143229877284e-05
950,0,-0.0039710209560613078,0.11547521876634591,0.00048049711055017831,0.092285821144201682,0.023189397622144222,-0.0040195735344227355,4.8552578361427928e-05
951,0,-0.0039721526639574832,0.11548163988529246,0.00048031607421813885,0.092292836474224829,0.023188803411067636,-0.0040221241929493095,4.9971528991826281e-05
952,0,-0.0039732705286648967,0.11548804008910352,0.0004801349889399305,0.092299822395148834,0.023188217693954676,-0.0040246544741360168,5.1383945471120211e-05
953,0,-0.0039743747576723651,0.11549441938111749,0.00047995386231022109,0.092306779203246328,0.023187640177871158,-0.0040271645403655272,5.2789782693161801e-05
954,0,-0.0039754655533897586,0.11550077776689496,0.00047977270212382365,0.092313707188300995,0.023187070578593965,-0.0040296545549348348,5.4189001545075976e-05
955,0,-0.0039765431143144198,0.11550711526252873,0.00047959151659343195,0.092320606633773061,0.023186508628755667,-0.0040321246817984907,5.5581567484070452e-05
956,0,-0.0039776076394711125,0.11551343187185237,0.00047941031309016745,0.092327477816899664,0.023185954054952704,-0.0040345750856422644,5.6967446171151828e-05
957,0,-0.0039786593235144347,0.11551972759221246,0.00047922909869148463,0.092334321008818901,0.023185406583393568,-0.0040370059318600949,5.8346608345659865e-05
958,0,-0.0039796983575743983,0.11552600242568668,0.00047904788084283722,0.092341136474717006,0.023184865950969673,-0.004039417386393916,5.9719028819518097e-05
959,0,-0.003980724929815228,0.11553225637734224,0.00047886666706468007,0.092347924473972262,0.023184331903369979,-0.0040418096155980885,6.108468578286058e-05
960,0,-0.0039817392251285883,0.11553848945219375,0.00047868546492490144,0.092354685260292266,0.02318380419190149,-0.0040441827861956098,6.2443561067021536e-05
961,0,-0.0039827414262140594,0.11554470166198536,0.00047850428185717333,0.092361419081824089,0.023183282580161262,-0.0040465370651318828,6.3795638917822926e-05
962,0,-0.0039837317159526963,0.11555089302251112,0.00047832312396271938,0.092368126181274018,0.023182766841237101,-0.0040488726196023428,6.5140903649646122e-05
963,0,-0.0039847102725729458,0.1155570635458627,0.00047814199810021398,0.092374806796047051,0.023182256749815645,-0.0040511896169210977,6.6479344348152069e-05
964,0,-0.0039856772696590737,0.11556321324459251,0.00047796091200661285,0.092381461158375519,0.023181752086216992,-0.0040534882244020439,6.7810954742970477e-05
965,0,-0.0039866328775151156,0.11556934213186199,0.00047777987350170289,0.092388089495436657,0.023181252636425325,-0.0040557686092653937,6.9135731750277743e-05
966,0,-0.00398757726436565,0.1155754502206835,0.00047759889028474353,0.092394692029470718,0.023180758191212784,-0.0040580309385859362,7.045367422028664e-05
967,0,-0.0039885105962220151,0.11558153752537842,0.00047741796993236375,0.092401268977898562,0.023180268547479857,-0.0040602753792481879,7.1764783026172831e-05
968,0,-0.0039894330370990952,0.11558760406494711,0.00047723711966750235,0.092407820553432107,0.023179783511515003,-0.0040625020978987958,7.3069060799700467e-05
969,0,-0.0039903447460432851,0.11559364986047402,0.00047705634764588767,0.092414346964183214,0.023179302896290797,-0.0040647112608143939,7.436651477110847e-05
970,0,-0.0039912458802138584,0.11559967493293037,0.00047687566137213537,0.092420848413782467,0.023178826519147901,-0.0040669030338892588,7.5657153675400094e-05
971,0,-0.0039921365964466137,0.11560567929970207,0.00047669506774252878,0.092427325101495372,0.023178354198206699,-0.004069077582649577,7.6940986202962873e-05
972,0,-0.0039930170499433383,0.11561166297827714,0.00047651457379421606,0.092433777222309249,0.023177885755967898,-0.0040712350721529835,7.8218022209645204e-05
973,0,-0.0039938873924697891,0.11561762598719282,0.00047633418662861829,0.092440204967042847,0.023177421020149969,-0.0040733756669148686,7.9488274445079356e-05
974,0,-0.0039947477730080637,0.11562356834667392,0.00047615391338857923,0.092446608522453622,0.023176959824220307,-0.0040754995308704177,8.0751757862354104e-05
975,0,-0.0039955983381277753,0.11562949008054034,0.00047597376116747262,0.092452988071339948,0.023176502009200389,-0.0040776068273386248,8.2008489210849922e-05
976,0,-0.0039964392324777307,0.1156353912122768,0.00047579373667225896,0.09245934379262917,0.023176047419647627,-0.004079697718948414,8.3258486470682986e-05
977,0,-0.0039972705996719898,0.11564127176723027,0.00047561384585385067,0.092465675861480107,0.023175595905750159,-0.0040817723676517389,8.4501767979748666e-05
978,0,-0.0039980925815635985,0.11564713177813099,0.00047543409455127718,0.092471984449391503,0.023175147328739487,-0.0040838309347121706,8.5738353148572381e-05
979,0,-0.0039989053162665005,0.11565297127222485,0.00047525448940595038,0.092478269724290407,0.023174701547934433,-0.0040858735806627152,8.6968264396214393e-05
980,0,-0.0039997089389568301,0.11565879027305666,0.00047507503745772099,0.092484531850610105,0.023174258422446557,-0.0040879004651633351,8.8191526206505042e-05
981,0,-0.0040005035828898968,0.11566458880644545,0.00047489574564678875,0.092490770989376386,0.023173817817069068,-0.0040899117469376045,8.9408164047707339e-05
982,0,-0.004001289379560396,0.11567036690015528,0.00047471662069762711,0.092496987298303204,0.023173379601852073,-0.0040919075838195462,9.0618204259150073e-05
983,0,-0.0040020664586014106,0.11567612458359258,0.00047453766910292988,0.092503180931877094,0.023172943651715495,-0.0040938881327232286,9.1821674121817816e-05
984,0,-0.0040028349486161737,0.11568186188701174,0.00047435889654301325,0.092509352041438758,0.023172509845572981,-0.0040958535496272248,9.301860101105132e-05
985,0,-0.004003594976590928,0.11568757884239531,0.00047418030825420535,0.092515500775263632,0.023172078067131674,-0.0040978039895506512,9.4209012959723456e-05
986,0,-0.004004346666100383,0.11569327548305443,0.00047400191046075837,0.092521627278647961,0.023171648204406467,-0.0040997396065061281,9.5392940405745108e-05
987,0,-0.0040050901384144303,0.11569895184161036,0.00047382370962417133,0.092527731693988272,0.023171220147622091,-0.0041016605535010289,9.6570415086598996e-05
988,0,-0.0040058255126695433,0.11570460795200237,0.00047364571233239746,0.092533814160855876,0.023170793791146487,-0.0041035669824969609,9.7741469827417353e-05
989,0,-0.0040065529062579342,0.11571024384967318,0.00047346792494548374,0.092539874816075521,0.023170369033597663,-0.0041054590443942466,9.8906138136312208e-05
990,0,-0.0040072724346605906,0.11571585956860767,0.00047329035378622397,0.092545913793798298,0.02316994577480936,-0.004107336888958351,0.00010006445429776012
991,0,-0.004007984212311513,0.11572145514341252,0.0004731130048571533,0.092551931225560158,0.023169523917852358,-0.0041092006648936735,0.00010121645258216055
992,0,-0.0040086883528020244,0.11572703060922891,0.00047293588374479719,0.092557927240360938,0.023169103368867974,-0.0041110505198031257,0.00010236216700110108
993,0,-0.0040093849679289709,0.11573258600380204,0.00047275899613466189,0.09256390196473277,0.023168684039069277,-0.0041128866001586325,0.00010350163222966185
994,0,-0.004010074166717636,0.11573812136522829,0.00047258234794153809,0.092569855522808553,0.023168265842419732,-0.0041147090512716001,0.00010463488455396376
995,0,-0.004010756056599638,0.11574363673029926,0.00047240594476126614,0.092575788036390785,0.023167848693908477,-0.0041165180172757117,0.00010576196067607388
996,0,-0.0040114307430974654,0.11574913213710451,0.0004722297921695543,0.092581699625011366,0.023167432512093151,-0.004118313641116725,0.00010688289801925981
997,0,-0.0040120983304366056,0.11575460762476135,0.00047205389554729919,0.092587590405994874,0.023167017218766472,-0.0041200960645456858,0.00010799773410908036
998,0,-0.0040127589214136693,0.11576006323244328,0.00047187826020652252,0.092593460494522564,0.023166602737920722,-0.0041218654281172584,0.00010910650670358948
999,0,-0.0040134126166773724,0.11576549900039736,0.00047170289177401477,0.092599310003686569,0.023166188996710788,-0.0041236218711952818,0.00011020925451790914
1000,0,-0.0040140595157722421,0.1157709149694516,0.00047152779567289483,0.092605139044551824,0.023165775924899785,-0.004125365531914036,0.00011130601614179424
1001,0,-0.0040146997169669607,0.1157763111795754,0.00047135297704268734,0.092610947726211063,0.023165363453364337,-0.0041270965471702009,0.00011239683020324023
1002,0,-0.0040153333170497452,0.11578168767117798,0.0004711784408854211,0.092616736155839929,0.02316495151533805,-0.0041288150526228289,0.00011348173557308407
1003,0,-0.0040159604113305936,0.11578704448600355,0.00047100419216006463,0.092622504438751391,0.023164540047252165,-0.0041305211826804158,0.00011456077134982261
1004,0,-0.0040165810937888109,0.11579238166682208,0.00047083023572599525,0.092628252678447945,0.023164128988374135,-0.0041322150705054104,0.00011563397671659922
1005,0,-0.0040171954574098247,0.11579769925806878,0.00047065657609144155,0.092633980976674246,0.023163718281394532,-0.0041338968480152637,0.00011670139060543858
1006,0,-0.0040178035930104466,0.11580299730543525,0.00047048321786652083,0.092639689433471908,0.023163307871963346,-0.0041355666458846958,0.0001177630528742491
1007,0,-0.0040184055898902435,0.11580827585296269,0.00047031016572223708,0.092645378147239152,0.023162897705723544,-0.0041372245935686995,0.00011881900367845594
1008,0,-0.0040190015364177699,0.11581353494313493,0.00047013742423843976,0.092651047214753771,0.023162487728381163,-0.0041388708192321389,0.0001198692828143686
1009,0,-0.0040195915190569947,0.11581877462167922,0.0004699649978250309,0.092656696731227464,0.02316207789045175,-0.0041405054497736828,0.00012091393071668822
1010,0,-0.0040201756232288851,0.11582399493108587,0.00046979289143081097,0.092662326790353175,0.023161668140732696,-0.0041421286108078836,0.00012195298757899848
1011,0,-0.0040207539332051973,0.11582919591583919,0.00046962110965267429,0.092667937484340143,0.023161258431499049,-0.0041437404266590682,0.000122986493453871
1012,0,-0.0040213265321097976,0.11583437762241405,0.00046944965671386497,0.092673528903962757,0.023160848718451289,-0.0041453410203810253,0.00012401448827122725
1013,0,-0.0040218935016297737,0.11583954009723245,0.00046927853679734074,0.092679101138601977,0.023160438958630469,-0.0041469305137551678,0.00012503701212539408
1014,0,-0.0040224549221472786,0.11584468338548963,0.00046910775412409902,0.092684654276285139,0.023160029109204488,-0.0041485090272818399,0.0001260541051345613
1015,0,-0.0040230108739184936,0.11584980753652066,0.00046893731285038091,0.092690188403731263,0.023159619132789404,-0.0041500766802152677,0.00012706580629677456
1016,0,-0.0040235614354795961,0.11585491260109315,0.00046876721697966756,0.092695703606395868,0.02315920899469729,-0.0041516335905836411,0.00012807215510404532
1017,0,-0.004024106683274636,0.11585999862618293,0.00046859747027650135,0.092701199968501305,0.023158798657681626,-0.0041531798751302798,0.00012907319185564344
1018,0,-0.0040246466936539396,0.11586506565937615,0.00046842807590001442,0.092706677573071355,0.023158388086304802,-0.0041547156493402307,0.0001300689556862909
1019,0,-0.0040251815411498975,0.11587011374844858,0.00046825903754103696,0.092712136501948275,0.023157977246500303,-0.0041562410274513951,0.00013105948630149725
1020,0,-0.0040257112985404107,0.11587514294019216,0.00046809035930415788,0.092717576835841031,0.023157566104351129,-0.0041577561224034661,0.00013204482386305522
1021,0,-0.0040262360372931814,0.11588015328176526,0.00046792204522205788,0.092722998654362496,0.023157154627402761,-0.0041592610458708644,0.00013302500857768305
1022,0,-0.004026755827477066,0.11588514482396202,0.00046775409956559998,0.092728402036064611,0.023156742787897412,-0.0041607559082576795,0.00013400008078061384
1023,0,-0.0040272707388752035,0.1158901176206429,0.0004675865259798888,0.092733787058479664,0.023156330562163235,-0.0041622408186780171,0.00013497007980281314
1024,0,-0.0040277808404525833,0.11589507171889327,0.00046741932760444623,0.092739153798136437,0.023155917920756823,-0.0041637158850242415,0.00013593504457165792
1025,0,-0.0040282862000731792,0.11590000716484777,0.00046725250763219125,0.092744502330588965,0.023155504834258801,-0.0041651812139701953,0.00013689501389701575
1026,0,-0.0040287868843163367,0.11590492400767645,0.0004670860693019617,0.092749832730450232,0.023155091277226213,-0.0041666369109467655,0.00013785002663042881
1027,0,-0.004029282958776575,0.11590982229765537,0.00046692001584797848,0.092755145071415107,0.023154677226240268,-0.004168083080167616,0.00013880012139104106
1028,0,-0.004029774487940823,0.11591470208648202,0.00046675435054043348,0.092760439426291461,0.023154262660190557,-0.0041695198246289571,0.00013974533668813452
1029,0,-0.0040302615357078455,0.11591956342478003,0.00046658907640626917,0.092765715867029461,0.023153847557750573,-0.0041709472461237971,0.00014068571041595126
1030,0,-0.0040307441653098944,0.11592440636350468,0.00046642419607870092,0.092770974464744457,0.023153431898760225,-0.0041723654452613685,0.00014162127995147371
1031,0,-0.0040312224385469879,0.11592923095364738,0.00046625971240253969,0.09277621528974353,0.023153015663903848,-0.0041737745214604364,0.00014255208291344876
1032,0,-0.0040316964158026549,0.11593403724714171,0.00046609562850855513,0.092781438411555173,0.023152598835586544,-0.004175174572957051,0.00014347815715439605
1033,0,-0.0040321661569036049,0.11593882529631858,0.00046593194760633259,0.092786643898946988,0.023152181397371584,-0.0041765656967849528,0.00014439953988134828
1034,0,-0.0040326317246305327,0.11594359515401513,0.00046576867153607699,0.092791831819953471,0.023151763334061659,-0.0041779479888271031,0.00014531626419657075
1035,0,-0.004033093181081711,0.11594834687472208,0.00046560580175674814,0.09279700224188793,0.023151344632834147,-0.0041793215438224226,0.00014622836274071191
1036,0,-0.0040335505822950476,0.11595308051286587,0.00046544334114410419,0.092802155231362954,0.023150925281502928,-0.0041806864553399952,0.00014713587304494765
1037,0,-0.0040340039827363823,0.11595779612120342,0.0004652812925340044,0.092807290854318783,0.023150505266884638,-0.0041820428157874449,0.00014803883305106243
1038,0,-0.004034453436706731,0.11596249375156642,0.00046511965861676898,0.092812409176046912,0.023150084575519501,-0.0041833907164203661,0.00014893727971363542
1039,0,-0.0040348989981449351,0.1159671734550345,0.00046495844219641519,0.092817510261205993,0.02314966319382851,-0.0041847302473366635,0.0001498312491917284
1040,0,-0.0040353407203006899,0.1159718352839447,0.00046479764611376934,0.092822594173847625,0.023149241110097068,-0.0041860614975209294,0.0001507207772202395
1041,0,-0.004035778655192738,0.11597647928940436,0.00046463727315707346,0.092827660977429768,0.023148818311974594,-0.0041873845548206371,0.0001516058996278993
1042,0,-0.0040362128542823948,0.11598110552305213,0.00046447732598125569,0.09283271073482989,0.023148394788222237,-0.0041886995059492995,0.00015248665166690451
1043,0,-0.0040366433686719735,0.11598571403579663,0.00046431780704324241,0.092837743508363477,0.02314797052743315,-0.0041900064365075216,0.00015336306783554786
1044,0,-0.0040370702485941542,0.11599030488014314,0.00046415871881444427,0.092842759359802712,0.023147545520340426,-0.0041913054309938884,0.00015423518239973441
1045,0,-0.0040374935427801928,0.11599487810933651,0.00046400006420011371,0.092847758350393383,0.023147119758943128,-0.0041925965728053238,0.00015510303002513136
1046,0,-0.0040379132997502391,0.11599943377651453,0.00046384184554480403,0.092852740540872156,0.023146693235642377,-0.0041938799442903388,0.0001559666445400993
1047,0,-0.0040383295679336509,0.11600397193521711,0.00046368406470639488,0.092857705991477468,0.023146265943739648,-0.0041951556267291329,0.00015682605879548215
1048,0,-0.0040387423949746204,0.11600849263789455,0.0004635267235092599,0.092862654761970406,0.023145837875924138,-0.0041964237003332353,0.00015768130535861525
1049,0,-0.0040391518276269014,0.11601299593772885,0.00046336982378393689,0.092867586911646913,0.023145409026081937,-0.0041976842442658481,0.00015853241663894691
1050,0,-0.0040395579116126942,0.11601748188904684,0.00046321336735294843,0.092872502499355358,0.023144979389691477,-0.0041989373366633732,0.00015937942505067924
1051,0,-0.0040399606922226052,0.11602195054680471,0.00046305735614037751,0.092877401583504091,0.023144548963300617,-0.0042001830546177657,0.00016022236239516088
1052,0,-0.0040403602147750057,0.11602640196469328,0.00046290179142243192,0.092882284222074007,0.023144117742619274,-0.0042014214742106268,0.00016106125943562123
1053,0,-0.0040407565239361093,0.1160308361960614,0.00046274667441982054,0.092887150472631491,0.023143685723429914,-0.0042026526705344017,0.00016189614659829201
1054,0,-0.0040411496629843462,0.11603525329525698,0.0004625920067961646,0.092892000392341384,0.023143252902915596,-0.0042038767176867838,0.00016272705470243777
1055,0,-0.004041539674037772,0.11603965331545527,0.00046243779030233329,0.092896834037981393,0.023142819277473872,-0.0042050936887827479,0.00016355401474497559
1056,0,-0.0040419265989129708,0.11604403631070827,0.00046228402654820957,0.092901651465950141,0.02314238484475813,-0.0042063036559382826,0.00016437705702531169
1057,0,-0.0040423104794550177,0.11604840233615199,0.00046213071687314076,0.092906452732275033,0.023141949603876957,-0.0042075066903029578,0.00016519621084794039
1058,0,-0.0040426913560777811,0.11605275144501254,0.00046197786294955223,0.092911237892626106,0.023141513552386434,-0.0042087028620607968,0.0001660115059830158
1059,0,-0.0040430692683605636,0.11605708368994441,0.00046182546644340144,0.092916007002327619,0.0231410766876168,-0.0042098922404363182,0.00016682297207575464
1060,0,-0.004043444255380722,0.11606139912400851,0.00046167352879330679,0.092920760116365964,0.023140639007642544,-0.0042110748937085442,0.00016763063832782234
1061,0,-0.0040438163557473625,0.11606569780088859,0.00046152205127549737,0.092925497289400291,0.023140200511488299,-0.0042122508892221558,0.00016843453347479339
1062,0,-0.0040441856076144983,0.1160699797746421,0.00046137103507955956,0.092930218575771231,0.023139761198870873,-0.0042134202934000038,0.0001692346857855056
1063,0,-0.0040445520483596044,0.11607424510052289,0.00046122048137037583,0.092934924029511201,0.023139321071011694,-0.0042145831717538681,0.00017003112339426414
1064,0,-0.0040449157148358507,0.11607849383404667,0.00046107039102640088,0.092939613704361629,0.023138880129685038,-0.0042157395889184041,0.00017082387408255356
1065,0,-0.0040452766440260048,0.11608272602820446,0.00046092076497953563,0.092944287653768956,0.023138438374435501,-0.004216889608639373,0.0001716129646133678
1066,0,-0.0040456348721451835,0.11608694173830916,0.00046077160421262325,0.092948945930888816,0.023137995807420354,-0.0042180332937709368,0.00017239842162575304
1067,0,-0.0040459904343081651,0.11609114101952406,0.00046062290989768801,0.09295358858859798,0.023137552430926082,-0.0042191707062902758,0.00017318027198211049
1068,0,-0.0040463433642456493,0.11609532392496102,0.00046047468358686528,0.092958215679503076,0.023137108245457942,-0.0042203019072951991,0.00017395854304954968
1069,0,-0.0040466936951698389,0.11609949050836571,0.00046032692662524653,0.092962827255948594,0.023136663252417117,-0.0042214269570199523,0.0001747332618501132
1070,0,-0.0040470414601859956,0.11610364082340735,0.00046017964012921511,0.092967423370023797,0.02313621745338356,-0.0042225459148485496,0.00017550445466255434
1071,0,-0.0040473866913599841,0.1161077749252715,0.00046003282541525077,0.092972004073565609,0.023135770851705879,-0.004223658839310823,0.0001762721479508391
1072,0,-0.0040477294208882712,0.11611189287057559,0.00045988648332243747,0.092976569418167912,0.023135323452407684,-0.0042247657881084996,0.00017703636722022812
1073,0,-0.0040480696818977046,0.11611599471489412,0.00045974061408329782,0.09298111945518947,0.023134875259704642,-0.0042258668181585947,0.00017779713626088985
1074,0,-0.0040484075072395181,0.11612008051173947,0.00045959521796759686,0.092985654235757914,0.02313442627598155,-0.0042269619855989033,0.00017855447835938516
1075,0,-0.0040487429327703854,0.11612415031345164,0.00045945029396587722,0.092990173810773041,0.023133976502678594,-0.00422805134582662,0.00017930841305623479
1076,0,-0.0040490759916525518,0.11612820417630432,0.00045930584170466589,0.09299467823091298,0.02313352594539134,-0.0042291349534698186,0.00018005896181726662
1077,0,-0.004049406712099495,0.11613224215847351,0.00045916186183901755,0.092999167546643641,0.023133074611829865,-0.0042302128623470225,0.00018080615024752708
1078,0,-0.0040497351222446671,0.11613626431447405,0.00045901835485714476,0.093003641808221127,0.02313262250625292,-0.0042312851254766573,0.00018155000323199019
1079,0,-0.0040500612501078699,0.1161402706971285,0.00045887532133757528,0.09300810106569779,0.023132169631430711,-0.0042323517950974042,0.0001822905449895344
1080,0,-0.0040503851239861218,0.1161442613576663,0.00045873276186443341,0.093012545368928515,0.023131715988737787,-0.0042334129226953565,0.00018302779870923468
1081,0,-0.0040507067716992317,0.11614823634701039,0.00045859067730988237,0.093016974767575256,0.023131261579435135,-0.0042344685590069119,0.00018376178730768043
1082,0,-0.004051026220421825,0.11615219571649067,0.00045844906865173955,0.093021389311110078,0.023130806405380594,-0.0042355187540474119,0.00018449253362558726
1083,0,-0.0040513434969645674,0.11615613951776795,0.00045830793671554641,0.093025789048819904,0.023130350468948038,-0.0042365635571259205,0.00018522006016135313
1084,0,-0.0040516586275779094,0.11616006780369513,0.00045816728223321222,0.093030174029807233,0.0231298937738879,-0.0042376030168237572,0.00018594438924584756
1085,0,-0.0040519716383913881,0.11616398062795447,0.00045802710571783277,0.093034544302995681,0.023129436324958785,-0.004238637181007485,0.00018666554261609675
1086,0,-0.0040522825556133027,0.11616787804260605,0.00045788740740922309,0.093038899917134696,0.023128978125471353,-0.0042396660968642358,0.00018738354125093326
1087,0,-0.004052591404930945,0.11617176009981157,0.0004577481875174161,0.093043240920800949,0.023128519179010626,-0.0042406898108998687,0.00018809840596892383
1088,0,-0.0040528982115814642,0.11617562685211738,0.00045760944628861971,0.093047567362400954,0.02312805948971642,-0.004241708368945535,0.00018881015736407116
1089,0,-0.0040532030002283755,0.11617947835242454,0.00045747118400227748,0.093051879290175971,0.023127599062248566,-0.0042427218161645592,0.00018951881593618411
1090,0,-0.0040535057937768747,0.11618331465525056,0.00045733340124697101,0.093056176752202943,0.023127137903047608,-0.0042437301970380068,0.00019022440326113226
1091,0,-0.0040538066145661489,0.11618713581637773,0.00045719609886489256,0.093060459796397446,0.023126676019980284,-0.0042447335553711506,0.00019092694080500195
1092,0,-0.0040541054857375454,0.11619094189046349,0.00045705927717309801,0.093064728470517472,0.023126213419946012,-0.0042457319343282562,0.00019162644859071129
1093,0,-0.0040544024314170353,0.11619473293035255,0.00045692293576883179,0.093068982822168064,0.023125750108184486,-0.0042467253764612457,0.00019232294504421037
1094,0,-0.0040546974750442447,0.11619850898824856,0.00045678707429275619,0.093073222898806526,0.023125286089442032,-0.0042477139237191196,0.00019301644867487482
1095,0,-0.0040549906398968756,0.11620227011489279,0.00045665169270624043,0.093077448747740779,0.023124821367152007,-0.0042486976174395483,0.00019370697754267244
1096,0,-0.0040552819486853742,0.11620601636181596,0.0004565167909604463,0.093081660416130751,0.023124355945685203,-0.0042496764983591595,0.00019439454967378519
1097,0,-0.0040555714233347778,0.1162097477801885,0.00045638236906753589,0.093085857950990641,0.023123889829197851,-0.0042506506066181783,0.00019507918328340058
1098,0,-0.0040558590853443247,0.11621346442154207,0.00045624842696552221,0.093090041399192205,0.023123423022349859,-0.004251619981766405,0.00019576089642208056
1099,0,-0.0040561449558251519,0.11621716633828751,0.00045611496453695994,0.093094210807467048,0.023122955530820461,-0.004252584662771652,0.00019643970694650044
1100,0,-0.0040564290554939543,0.11622085358360526,0.00045598198159588107,0.093098366222408246,0.023122487361197021,-0.0042535446880284881,0.00019711563253453339
1101,0,-0.0040567114050667546,0.11622452620939264,0.00045584947778553865,0.093102507690471722,0.023122018518920918,-0.0042545000953618161,0.00019778869029506157
1102,0,-0.0040569920250994231,0.11622818426691528,0.00045571745266968799,0.09310663525797841,0.023121549008936877,-0.0042554509220459873,0.00019845889694656451
1103,0,-0.0040572709355089047,0.11623182780822787,0.00045558590610333982,0.093110748971115515,0.023121078837112351,-0.0042563972048068307,0.0001991262692979258
1104,0,-0.0040575481555842115,0.11623545688589346,0.00045545483808133322,0.093114848875939793,0.023120608009953664,-0.0042573389798310976,0.00019979082424688644
1105,0,-0.0040578237043811137,0.11623907155125844,0.0004553242482873867,0.093118935018377313,0.023120136532881124,-0.00425827628277229,0.00020045257839117661
1106,0,-0.0040580976006854433,0.11624267185527463,0.00045519413643311808,0.093123007444224554,0.023119664411050077,-0.0042592091487509013,0.00020111154806545789
1107,0,-0.0040583698624586237,0.11624625784921955,0.00045506450261804737,0.093127066199149039,0.023119191650070512,-0.0042601376123558273,0.00020176774989720322
1108,0,-0.0040586405077244845,0.11624982958577382,0.00045493534661607618,0.093131111328692034,0.023118718257081783,-0.004261061707666213,0.00020242119994172837
1109,0,-0.00405890955448324,0.11625338711914951,0.00045480666791540331,0.093135142878282118,0.023118244240867399,-0.0042619814682923049,0.00020307191380906461
1110,0,-0.0040591770208168671,0.11625693050012739,0.00045467846590699964,0.093139160893223841,0.023117769606903555,-0.0042628969273431185,0.00020371990652625165
1111,0,-0.0040594429245889513,0.11626045977820515,0.0004545507399024277,0.093143165418691401,0.023117294359513745,-0.0042638081174269805,0.00020436519283802907
1112,0,-0.004059707284140378,0.11626397500294888,0.00045442348868130774,0.093147156499732264,0.023116818503216612,-0.0042647150706707406,0.00020500778653036262
1113,0,-0.0040599701178180925,0.11626747622519644,0.0004542967107870286,0.093151134181269885,0.023116342043926558,-0.0042656178187343184,0.00020564770091622607
1114,0,-0.004060231442316045,0.11627096349713394,0.00045417040567954285,0.093155098508109477,0.023115864989024463,-0.0042665163928009902,0.00020628495048494538
1115,0,-0.004060491273579837,0.11627443687056925,0.00045404457313912082,0.093159049524936685,0.023115387345632569,-0.0042674108235928642,0.00020691955001302752
1116,0,-0.0040607496272375568,0.11627789639534533,0.00045391921296769903,0.093162987276318832,0.023114909119026496,-0.0042683011413777094,0.00020755151414015281
1117,0,-0.0040610065188552251,0.11628134212087787,0.00045379432473623669,0.093166911806706651,0.023114430314171226,-0.0042691873759765049,0.00020818085712127988
1118,0,-0.0040612619638852659,0.11628477409623424,0.0004536699078896618,0.093170823160435096,0.023113950935799144,-0.0042700695567650486,0.00020880759287978252
1119,0,-0.0040615159775982002,0.11628819237051448,0.00045354596185642352,0.093174721381723793,0.023113470988790689,-0.0042709477126824102,0.0002094317350842097
1120,0,-0.0040617685749620661,0.11629159699319029,0.00045342248602628707,0.093178606514675119,0.023112990478515175,-0.0042718218722435624,0.00021005329728149662
1121,0,-0.0040620197707161463,0.11629498801417974,0.00045329947978538747,0.093182478603275984,0.023112509410903755,-0.0042726920635407402,0.00021067229282459348
1122,0,-0.004062269579403208,0.11629836548359496,0.00045317694249167125,0.09318633769139871,0.023112027792196243,-0.0042735583142516579,0.00021128873484844949
1123,0,-0.0040625180153901156,0.11630172945109409,0.00045305487342637158,0.093190183822800685,0.023111545628293397,-0.004274420651647729,0.00021190263625761298
1124,0,-0.0040627650927936281,0.11630507996624585,0.00045293327188054497,0.093194017041126231,0.023111062925119625,-0.0042752791026000507,0.00021251400980642267
1125,0,-0.0040630108254430782,0.11630841707834766,0.00045281213716585346,0.09319783738990628,0.023110579688441379,-0.0042761336935839755,0.00021312286814089763
1126,0,-0.0040632552269613135,0.11631174083673884,0.00045269146857157235,0.093201644912559847,0.023110095924179001,-0.0042769844506823605,0.00021372922372104726
1127,0,-0.0040634983108701122,0.11631505129091541,0.00045257126537238501,0.093205439652395736,0.023109611638519673,-0.0042778313995951046,0.00021433308872499259
1128,0,-0.0040637400906265667,0.1163183484907271,0.00045245152684937558,0.093209221652611127,0.023109126838115973,-0.0042786745656536659,0.00021493447502709897
1129,0,-0.0040639805793885138,0.11632163248645543,0.00045233225205682442,0.093212990956289474,0.023108641530165952,-0.0042795139738287784,0.00021553339444026499
1130,0,-0.0040642197898172281,0.11632490332700207,0.00045221344024729546,0.093216747606402459,0.02310815572059962,-0.0042803496487238196,0.00021612985890659105
1131,0,-0.004064457734224901,0.1163281610600401,0.00045209509076103851,0.09322049164581149,0.023107669414228614,-0.0042811816145698241,0.00021672388034492312
1132,0,-0.004064694424972099,0.11633140573346253,0.00045197720272513296,0.093224223117266081,0.023107182616196442,-0.004282009895242498,0.00021731547027039919
1133,0,-0.0040649298743521273,0.11633463739483035,0.00045185977520265043,0.093227942063404054,0.023106695331426307,-0.0042828345142706375,0.00021790463991850991
1134,0,-0.0040651640945490591,0.11633785609175909,0.00045174280719416924,0.093231648526752212,0.023106207565006871,-0.0042836554948406077,0.00021849140029154844
1135,0,-0.0040653970977244831,0.11634106187352217,0.00045162629754655874,0.093235342549726555,0.023105719323795612,-0.0042844728598130316,0.0002190757620885486
1136,0,-0.004065628895525991,0.11634425478854218,0.00045151024531820777,0.093239024174633728,0.023105230613908456,-0.0042852866317200818,0.00021965773619409118
1137,0,-0.0040658594992853646,0.11634743488351201,0.00045139464969250854,0.09324269344367031,0.023104741439841699,-0.0042860968327591981,0.00022023733347383356
1138,0,-0.0040660889202089844,0.11635060220575752,0.00045127950976805536,0.093246350398922859,0.023104251806834654,-0.0042869034848018401,0.00022081456459285554
1139,0,-0.0040663171693393445,0.11635375680291515,0.00045116482461765757,0.093249995082367587,0.023103761720547563,-0.0042877066094022219,0.00022138944006287707
1140,0,-0.004066544257398305,0.1163568987226368,0.00045105059337222054,0.093253627535870631,0.02310327118676616,-0.0042885062278028028,0.00022196197040449776
1141,0,-0.0040667701949164059,0.11636002801258523,0.00045093681514749338,0.09325724780118827,0.023102780211396959,-0.0042893023609384597,0.00022253216602205353
1142,0,-0.0040669949924784007,0.11636314471985848,0.00045082348890165759,0.093260855919966884,0.023102288799891603,-0.0042900950294455916,0.00022310003696719119
1143,0,-0.004067218660689596,0.11636624889143611,0.00045071061347074388,0.093264451933744635,0.023101796957691476,-0.0042908842536644497,0.00022366559297485353
1144,0,-0.0040674412100729701,0.11636934057449479,0.00045059818765872783,0.093268035883948108,0.023101304690546678,-0.0042916700536544785,0.0002242288435815085
1145,0,-0.0040676626507490802,0.11637241981606486,0.00045048621045425965,0.093271607811894364,0.023100812004170499,-0.0042924524491884239,0.00022478979843934373
1146,0,-0.0040678829925268759,0.11637548666261752,0.00045037468088685305,0.093275167758790481,0.023100318903827039,-0.004293231459758364,0.00022534846723148836
1147,0,-0.0040681022450418207,0.11637854116041461,0.00045026359794508701,0.093278715765735612,0.023099825394679002,-0.0042940071045769416,0.00022590485953512105
1148,0,-0.0040683204178195249,0.11638158335584742,0.00045015296058703786,0.093282251873719135,0.023099331482128282,-0.0042947794025868105,0.00022645898476728548
1149,0,-0.004068537520191891,0.11638461329581543,0.00045004276770781214,0.093285776123620531,0.023098837172194898,-0.0042955483724677699,0.00022701085227587876
1150,0,-0.0040687535613817671,0.11638763102626248,0.00044993301825425679,0.093289288556210104,0.023098342470052376,-0.0042963140326375288,0.00022756047125576195
1151,0,-0.0040689685505378489,0.11639063659345013,0.00044982371117341022,0.093292789212147897,0.023097847381302227,-0.0042970764012553514,0.00022810785071750237
1152,0,-0.0040691824965897816,0.11639363004314426,0.00044971484544518894,0.093296278131984559,0.023097351911159709,-0.0042978354962246879,0.00022865299963490632
1153,0,-0.0040693954083508271,0.11639661142101687,0.00044960641994248835,0.093299755356160627,0.023096856064856251,-0.0042985913352002374,0.00022919592684940998
1154,0,-0.0040696072946003036,0.11639958077187307,0.00044949843358108938,0.093303220925008201,0.023096359846864874,-0.0042993439355971507,0.00022973664099684674
1155,0,-0.0040698181639249745,0.11640253814101249,0.00044939088524188845,0.093306674878749829,0.023095863262262661,-0.0043000933145894435,0.00023027515066446883
1156,0,-0.0040700280247244506,0.11640548357391794,0.00044928377381154352,0.093310117257497979,0.023095366316419973,-0.0043008394891145812,0.00023081146439013028
1157,0,-0.0040702368852942386,0.11640841711588838,0.00044917709814039375,0.093313548101255986,0.023094869014632396,-0.0043015824758756219,0.00023134559058138289
1158,0,-0.0040704447538164002,0.11641133881185461,0.00044907085704683902,0.093316967449917576,0.023094371361937045,-0.0043023222913410302,0.00023187753752463026
1159,0,-0.0040706516385088489,0.11641424870690148,0.00044896504926695283,0.093320375343266149,0.023093873363635338,-0.0043030589517640333,0.00023240731325518472
1160,0,-0.0040708575477961086,0.11641714684660662,0.0004488596732303608,0.093323771820973234,0.023093375025633387,-0.0043037924731840803,0.00023293492538797156
1161,0,-0.0040710624897751175,0.11642003327681461,0.00044875472756327969,0.093327156922600518,0.023092876354214083,-0.0043045228714293183,0.00023346038165420119
1162,0,-0.0040712664719565099,0.11642290804157736,0.00044865021122700429,0.093330530687599458,0.023092377353977903,-0.00430525016210879,0.00023398369015228005
1163,0,-0.004071469501713134,0.11642577118503114,0.00044854612318639188,0.093333893155311778,0.023091878029719362,-0.0043059743606223997,0.00023450485890926602
1164,0,-0.004071671586467508,0.11642862275181473,0.00044844246230128624,0.093337244364969513,0.023091378386845215,-0.0043066954821700332,0.00023502389570252555
1165,0,-0.0040718727334751788,0.11643146278569658,0.00044833922740501395,0.093340584355694242,0.023090878430002335,-0.0043074135417461761,0.00023554080827099721
1166,0,-0.0040720729498949556,0.11643429132997406,0.00044823641732774281,0.093343913166497608,0.023090378163476446,-0.0043081285541536132,0.00023605560425865767
1167,0,-0.004072272242716145,0.11643710842802965,0.00044813403089728212,0.093347230836280284,0.02308987759174937,-0.0043088405339964421,0.00023656829128029715
1168,0,-0.004072470618705715,0.11643991412341757,0.00044803206697678768,0.093350537403832631,0.023089376719584939,-0.0043095494956877471,0.0002370788769820324
1169,0,-0.0040726680842856884,0.1164427084607453,0.00044793052451884061,0.093353832907833625,0.023088875552911666,-0.004310255453445622,0.00023758736915993319
1170,0,-0.004072864646125449,0.11644549148357747,0.00044782940229295173,0.093357117386852137,0.023088374096725331,-0.0043109584213029814,0.00023809377517753237
1171,0,-0.004073060310540313,0.11644826323487822,0.00044772869926105216,0.093360390879345126,0.023087872355533102,-0.0043116584131101523,0.00023859810256983953
1172,0,-0.004073255083962034,0.11645102375825825,0.00044762841426495637,0.093363653423658821,0.023087370334599421,-0.0043123554425412757,0.00023910035857924142
1173,0,-0.004073448972859179,0.11645377309748128,0.00044752854606570387,0.09336690505802922,0.02308686803945207,-0.0043130495230997191,0.00023960055024053976
1174,0,-0.0040736419836096376,0.11645651129515426,0.00044742909343309048,0.093370145820581646,0.023086365474572618,-0.0043137406681161118,0.00024009868450647424
