step,physical_time,inner_iter,cfl,dt,rho,rhou,rhov,rhoE,residual_l2,residual_linf
0,0,0,0.2002209804,0,0.8094051428,1.082252891,1.114575455,3.64232317,2.020841689,899336.8952
1,0,3,0.2002209804,0.2008837013,0.7968983076,1.004145488,0.8713968476,3.589316863,1.954858248,901481.2172
2,0,3,0.200442205,0.2011056581,0.7846799281,1.00218141,0.7541870449,3.538180695,1.917525156,903476.2903
3,0,3,0.200663674,0.2013278602,0.7727794633,0.9942432842,0.6900454631,3.48853856,1.886251033,905271.6167
4,0,3,0.2008853878,0.2015503078,0.761265367,0.9779480253,0.6529061247,3.440704348,1.85746064,906911.2823
5,0,3,0.2011073465,0.2017730012,0.7502078008,0.9554849829,0.6314807502,3.395039162,1.830356669,908433.0071
6,0,3,0.2013295504,0.2019959406,0.7397530336,0.9292420948,0.6197974959,3.351974783,1.804896763,909742.7072
7,0,3,0.2015519998,0.2022191263,0.7299090498,0.9007635029,0.6142763358,3.31124601,1.780858477,911094.2801
8,0,3,0.2017746951,0.2024425587,0.7206772925,0.8720932798,0.6127546696,3.272652518,1.75824097,912388.388
9,0,3,0.2019976364,0.2026662379,0.711761922,0.8431878296,0.6138445587,3.235529168,1.736593281,913635.0441
10,0,3,0.202220824,0.2028901643,0.7030886288,0.8141145191,0.616552171,3.199283231,1.71556593,914841.6576
11,0,3,0.2024442582,0.203114338,0.6943885335,0.7840500667,0.6214845776,3.16288942,1.694625512,916013.7533
12,0,3,0.2026679393,0.2033387595,0.6849309977,0.7480352193,0.6343255414,3.123061987,1.672167174,917155.4815
13,0,3,0.2028918675,0.2035634289,0.6753327061,0.7122930569,0.6471162857,3.082534546,1.649561637,918266.9545
14,0,3,0.2031160432,0.2037883466,0.6655041623,0.6795257639,0.6578777092,3.041030235,1.626754362,919374.1105
15,0,3,0.2033404666,0.2040135128,0.6552504186,0.6498039768,0.6665733273,2.997718702,1.603296272,920331.4683
16,0,3,0.2035651379,0.2042389277,0.6444296946,0.6236178352,0.6732456665,2.952065644,1.578934778,920204.3055
17,0,3,0.2037900574,0.2044645918,0.6330025434,0.6014564247,0.6779391397,2.903866554,1.553583317,918580.8324
18,0,3,0.2040152255,0.2046905051,0.6209154437,0.5835930981,0.6807102283,2.852832921,1.52710011,915129.1126
19,0,3,0.2042406424,0.2049166681,0.6081403193,0.5701924127,0.6816557312,2.798743599,1.499381064,909458.4993
20,0,3,0.2044663083,0.205143081,0.5946907325,0.5612694055,0.6809224404,2.741491844,1.470383735,901106.0945
21,0,3,0.2046922235,0.205369744,0.5806323589,0.5566449648,0.6787080854,2.68112125,1.440142647,889526.5476
22,0,3,0.2049183884,0.2055966575,0.5661185731,0.5559595312,0.6752705019,2.6179567,1.408835403,874071.1429
23,0,3,0.2051448032,0.2058238217,0.55137604,0.5585177994,0.6709499555,2.55256286,1.376745135,853978.1551
24,0,3,0.2053714681,0.2060512368,0.5367730919,0.5634378958,0.6661417687,2.486046237,1.344410499,828354.6971
25,0,3,0.2055983835,0.2062789033,0.5228742635,0.5697612542,0.6612872108,2.420281105,1.312734435,796180.0728
26,0,3,0.2058255496,0.2065068213,0.5104452257,0.5765111576,0.6568005097,2.358137535,1.283074334,756709.0108
27,0,3,0.2060529667,0.2067349911,0.5003441678,0.5829145119,0.6530269873,2.303317503,1.257164407,713051.4488
28,0,3,0.206280635,0.2069634131,0.4929938763,0.5885844961,0.6502417175,2.258009668,1.23601139,666506.9691
29,0,3,0.2065085549,0.2071920874,0.4885884522,0.6014607685,0.6486381773,2.223864973,1.221349728,617588.8675
30,0,3,0.2067367267,0.2074210144,0.486818749,0.6036624055,0.6483624298,2.201040218,1.211027733,566860.7642
31,0,3,0.2069651505,0.2076501943,0.487595757,0.5977425526,0.6493468913,2.190412719,1.205674608,514880.7959
32,0,3,0.2071938268,0.2078796274,0.4909892484,0.5916982655,0.6514863753,2.193011459,1.206742623,462165.8356
33,0,3,0.2074227557,0.2081093141,0.4964406982,0.5917305011,0.6545919389,2.20767128,1.214382707,416176.3863
34,0,3,0.2076519375,0.2083392545,0.5030033295,0.5805682043,0.6582122955,2.231779675,1.225168941,448752.4731
35,0,3,0.2078813726,0.208569449,0.5104757552,0.5752181799,0.661831169,2.26411536,1.24053419,483035.434
36,0,3,0.2081110612,0.2087998978,0.5180061911,0.5677326118,0.6647382008,2.30108694,1.257728976,516972.4174
37,0,3,0.2083410035,0.2090306013,0.5250461453,0.5588930549,0.6665855078,2.339720136,1.27540792,549064.4724
38,0,3,0.2085712,0.2092615596,0.5311396387,0.5504190837,0.6671292167,2.376874712,1.29225242,585189.6438
39,0,3,0.2088016507,0.2094927732,0.5358540097,0.5403993683,0.6663524463,2.409902282,1.306792408,623259.993
40,0,3,0.2090323561,0.2097242422,0.5384816288,0.5326475146,0.6641626866,2.433723093,1.316984814,652999.9736
41,0,3,0.2092633164,0.2099559669,0.5397690204,0.5266918225,0.6605367925,2.451449296,1.324260867,678102.9527
42,0,3,0.2094945319,0.2101879477,0.5396950812,0.5219774076,0.6554553428,2.463176216,1.328588534,701787.5745
43,0,3,0.2097260028,0.2104201849,0.5384327888,0.518596917,0.6494482777,2.469506991,1.330328951,723561.6687
44,0,3,0.2099577296,0.2106526786,0.5360346007,0.5171803818,0.6426473918,2.470087329,1.329392316,743122.5584
45,0,3,0.2101897123,0.2108854292,0.5320994833,0.5166027574,0.6351621039,2.463266432,1.324869869,758882.5143
46,0,3,0.2104219514,0.2111184369,0.526673033,0.5173066481,0.6271447399,2.449013433,1.316811297,769577.3721
47,0,3,0.210654447,0.2113517021,0.5198999968,0.5185299712,0.6187709989,2.428281259,1.305622147,774181.9731
48,0,3,0.2108871996,0.2115852251,0.5120042887,0.5192641459,0.6102593271,2.402315584,1.291832057,770182.4851
49,0,3,0.2111202093,0.2118190061,0.5027814274,0.5193486654,0.601856954,2.369075111,1.274486257,766107.6523
50,0,3,0.2113534765,0.2120530453,0.4922468277,0.518874381,0.5939092718,2.327029102,1.25292959,751295.0423
51,0,3,0.2115870014,0.2122873432,0.4810507488,0.5170361118,0.5867549766,2.277762463,1.227927055,719781.3187
52,0,3,0.2118207843,0.2125218999,0.4707215649,0.5139311519,0.5807216512,2.227987064,1.202795495,680050.556
53,0,3,0.2120548255,0.2127567158,0.4619466513,0.5092174543,0.575863906,2.180803512,1.179005971,634019.9476
54,0,3,0.2122891254,0.2129917912,0.4553034742,0.5025787152,0.5722649285,2.139517489,1.158113644,582749.8063
55,0,3,0.2125236841,0.2132271263,0.4510940226,0.4939565484,0.5699196036,2.106606473,1.141279772,527416.2499
56,0,3,0.212758502,0.2134627214,0.4493478681,0.4833662563,0.5686446275,2.08393056,1.129344914,469276.1785
57,0,3,0.2129935793,0.2136985768,0.4499859959,0.4712742767,0.5683737411,2.073115763,1.123103348,409605.984
58,0,3,0.2132289163,0.2139346928,0.4525293557,0.4582058827,0.5686926415,2.07363369,1.122285999,377911.3476
59,0,3,0.2134645134,0.2141710697,0.4564074444,0.4449144391,0.5690890521,2.084160844,1.126259893,395723.6759
60,0,3,0.2137003708,0.2144077078,0.4610577808,0.432202454,0.5691764753,2.102800784,1.134141331,412406.172
61,0,3,0.2139364888,0.2146446073,0.4659934288,0.4206485583,0.5688567011,2.127347308,1.144912617,437138.7496
62,0,3,0.2141728677,0.2148817686,0.4706527854,0.4104076826,0.5680852023,2.154667076,1.157071683,474160.482
63,0,3,0.2144095078,0.2151191919,0.4745292796,0.4015312353,0.5667736113,2.181301474,1.168943306,508439.4189
64,0,3,0.2146464093,0.2153568776,0.47699322,0.394115332,0.5647086813,2.202142182,1.178046637,533959.2549
65,0,3,0.2148835726,0.2155948259,0.4781865332,0.3882966363,0.5619402983,2.216742821,1.184183503,554228.6582
66,0,3,0.2151209979,0.215833037,0.4773192444,0.384747282,0.5584259712,2.219843229,1.184842569,566488.9917
67,0,3,0.2153586855,0.2160715114,0.4754151334,0.3833668339,0.5542242196,2.217022473,1.182723849,576684.5363
68,0,3,0.2155966358,0.2163102493,0.472672724,0.3836933302,0.5494277341,2.209402433,1.178343118,586054.4082
69,0,3,0.215834849,0.216549251,0.4691375106,0.3853898977,0.5441032407,2.197880534,1.17210735,593988.1943
70,0,3,0.2160733254,0.2167885167,0.4643215623,0.3878933876,0.5381880243,2.180026927,1.16277895,600391.8707
71,0,3,0.2163120653,0.2170280468,0.4590318335,0.3899275658,0.5318431147,2.161089162,1.152813645,608055.8357
72,0,3,0.2165510689,0.2172678415,0.452151659,0.3919027366,0.5250847684,2.134367224,1.138998062,610708.4309
73,0,3,0.2167903367,0.2175079012,0.4434931507,0.3936248613,0.5180369029,2.098152743,1.120517054,607886.2264
74,0,3,0.2170298688,0.2177482262,0.4335316385,0.3950813187,0.5108919075,2.054992487,1.098640477,598998.0998
75,0,3,0.2172696655,0.2179888167,0.4223846584,0.3954782669,0.5037994625,2.004281966,1.073053116,578891.8823
76,0,3,0.2175097272,0.218229673,0.4108926062,0.3946480754,0.4970257043,1.949356481,1.045419184,550807.5061
77,0,3,0.2177500542,0.2184707954,0.4002056821,0.3924856706,0.4908137696,1.895023258,1.018113561,519109.6088
78,0,3,0.2179906467,0.2187121843,0.3909581629,0.3886763054,0.4852964709,1.844261789,0.9925638226,484710.1571
79,0,3,0.218231505,0.2189538398,0.3836196441,0.3832194469,0.4805679456,1.799514553,0.9699509463,448318.3376
80,0,3,0.2184726295,0.2191957624,0.3785754557,0.3761021876,0.4767735519,1.763397789,0.9515325811,410683.2803
81,0,3,0.2187140204,0.2194379522,0.3758858172,0.3675787001,0.4738506384,1.737491447,0.9380585277,372631.2455
82,0,3,0.218955678,0.2196804097,0.3754260361,0.3581015179,0.4716947937,1.722832604,0.930030855,335225.0262
83,0,3,0.2191976026,0.2199231351,0.3767954323,0.3482020683,0.4701322348,1.718850269,0.9271852626,309897.1141
84,0,3,0.2194397945,0.2201661286,0.379192548,0.3381455762,0.4684158873,1.722323348,0.9278928518,320468.4805
85,0,3,0.219682254,0.2204093906,0.3821800891,0.3288927191,0.4665032146,1.731609394,0.9314408711,328912.3645
86,0,3,0.2199249813,0.2206529214,0.3853517438,0.3211243802,0.464529603,1.744928201,0.9370404225,336731.1484
87,0,3,0.2201679769,0.2208967213,0.3879904451,0.3154373758,0.4623393192,1.758117062,0.9427049607,350625.658
88,0,3,0.220411241,0.2211407906,0.3899405192,0.3113637065,0.4598281974,1.770136948,0.9478696839,367570.8942
89,0,3,0.2206547739,0.2213851295,0.3908082472,0.3090464579,0.45693266,1.777746501,0.9509746155,389957.784
90,0,3,0.2208985758,0.2216297384,0.3901983869,0.3077277723,0.4536412232,1.778433163,0.9507320911,403991.9954
91,0,3,0.2211426471,0.2218746176,0.3884808366,0.3075658532,0.4501092697,1.773976314,0.948038031,411885.8382
92,0,3,0.2213869881,0.2221197673,0.3861749252,0.3078414735,0.4463034119,1.767208161,0.9442071895,416932.2996
93,0,3,0.221631599,0.2223651879,0.3834662102,0.3088047944,0.4422300557,1.758640848,0.9395200625,424301.3827
94,0,3,0.2218764803,0.2226108797,0.3801875883,0.3101038144,0.437959666,1.747584499,0.9336175914,429888.1289
95,0,3,0.2221216321,0.2228568429,0.3759598668,0.3112583641,0.4333784175,1.732142474,0.9255217439,432701.3124
96,0,3,0.2223670547,0.2231030779,0.3713745882,0.3119335175,0.4285394646,1.715886401,0.916942449,433867.3938
97,0,3,0.2226127486,0.223349585,0.3655968569,0.3117252568,0.4234924201,1.693961754,0.9054951616,428752.9567
98,0,3,0.2228587139,0.2235963644,0.35867933,0.3115862917,0.4183287278,1.666174455,0.89118925,419251.1349
99,0,3,0.2231049509,0.2238434166,0.3508064877,0.3113384971,0.4131098021,1.63308626,0.8743036217,410382.4167
100,0,3,0.2233514601,0.2240907416,0.3422688475,0.3106764046,0.4080035472,1.595651175,0.8553124221,397918.7058
101,0,3,0.2235982416,0.22433834,0.3336160952,0.3093472483,0.4031491363,1.555747839,0.8351460924,380738.7055
102,0,3,0.2238452957,0.2245862119,0.3257286639,0.3071202831,0.3987402825,1.516928895,0.8155502921,360189.7163
103,0,3,0.2240926229,0.2248343577,0.3190513411,0.30382838,0.3948890977,1.481119091,0.7974579305,337284.8445
104,0,3,0.2243402233,0.2250827776,0.3139726552,0.2993485497,0.3916917768,1.450538192,0.7819322026,312513.6772
105,0,3,0.2245880973,0.2253314721,0.310635386,0.2937386274,0.3890557382,1.426404348,0.7695405212,286421.5374
106,0,3,0.2248362452,0.2255804413,0.309135524,0.2871655001,0.3870568439,1.410253802,0.7610285116,259576.9574
107,0,3,0.2250846672,0.2258296856,0.3091044008,0.2797314431,0.3852691789,1.401377492,0.7559904803,234686.1888
108,0,3,0.2253333638,0.2260792053,0.3103128639,0.272093158,0.3837240779,1.399418821,0.7543119324,238833.5771
109,0,3,0.2255823351,0.2263290007,0.3124683344,0.2647542828,0.3824521431,1.403748824,0.75573006,244628.3397
110,0,3,0.2258315815,0.2265790721,0.3151990757,0.2581777678,0.3813222541,1.413072118,0.759635717,250623.2628
111,0,3,0.2260811033,0.2268294198,0.3180959779,0.2525369614,0.380216069,1.425562756,0.7651394315,256181.6032
112,0,3,0.2263309008,0.2270800441,0.3208276325,0.2480573307,0.3790084899,1.439602761,0.7714542036,263344.9459
113,0,3,0.2265809743,0.2273309453,0.3231802941,0.2448488548,0.3776477434,1.453617842,0.7778205306,270533.1567
114,0,3,0.2268313241,0.2275821238,0.3248230615,0.242758297,0.3760006623,1.465598607,0.7832300727,283344.645
115,0,3,0.2270819505,0.2278335798,0.3254911122,0.2415648229,0.3741189158,1.473294054,0.7865841277,295496.8661
116,0,3,0.2273328538,0.2280853136,0.3246174407,0.241641699,0.3719405214,1.472833391,0.7860256268,302572.9625
117,0,3,0.2275840344,0.2283373255,0.3230059479,0.2422936362,0.3695343443,1.468800898,0.7837363649,306762.3949
118,0,3,0.2278354925,0.2285896159,0.3208065614,0.2433254448,0.3668792721,1.461408556,0.7798139986,307867.2211
119,0,3,0.2280872284,0.2288421851,0.3181725207,0.2445908837,0.3639968494,1.451901196,0.7748498635,307967.2794
120,0,3,0.2283392424,0.2290950333,0.3149937156,0.2459301447,0.3608696399,1.439992936,0.7686854409,308022.3619
121,0,3,0.228591535,0.2293481609,0.3115739964,0.2469051539,0.3575562678,1.427816201,0.7623231105,309453.2726
122,0,3,0.2288441062,0.2296015682,0.3075135113,0.2476348925,0.3540328529,1.413097876,0.754664241,309313.6096
123,0,3,0.2290969566,0.2298552554,0.302638108,0.2484403714,0.3503836332,1.39446268,0.7450851124,306938.2829
124,0,3,0.2293500863,0.230109223,0.2970027029,0.2491235124,0.3466646252,1.371870196,0.7335661741,302143.1112
125,0,3,0.2296034957,0.2303634712,0.2908324256,0.2494939273,0.3430184145,1.346156448,0.720525769,294911.2113
126,0,3,0.2298571851,0.2306180003,0.2844008114,0.2493515863,0.3395424178,1.318166852,0.7063839144,284810.8222
127,0,3,0.2301111548,0.2308728106,0.2781893322,0.2484501213,0.3363225385,1.289587644,0.691965662,272165.192
128,0,3,0.2303654051,0.2311279024,0.2728402442,0.2467584165,0.3334977853,1.263127414,0.6786094516,258035.2815
129,0,3,0.2306199363,0.2313832761,0.2685861463,0.2441568449,0.3310831974,1.239780113,0.6667874277,242651.6783
130,0,3,0.2308747488,0.231638932,0.2656338982,0.2405333698,0.3291118307,1.221028346,0.6571990733,226278.0137
131,0,3,0.2311298428,0.2318948704,0.2640011084,0.2359102247,0.3273542462,1.20747658,0.6500982064,209519.8925
132,0,3,0.2313852186,0.2321510915,0.263561066,0.230462099,0.3258922576,1.198919616,0.6454051486,191660.3622
133,0,3,0.2316408767,0.2324075958,0.2642046846,0.2245708917,0.3247136581,1.195557965,0.6432406253,187713.3348
134,0,3,0.2318968172,0.2326643834,0.2657220653,0.2186525986,0.3237758711,1.197166451,0.6435168028,191583.7933
135,0,3,0.2321530405,0.2329214548,0.2678270751,0.2131664393,0.3229640236,1.202975203,0.6458766081,193568.9436
136,0,3,0.2324095468,0.2331788102,0.2702390891,0.2084142582,0.3222230764,1.212172689,0.6499338442,198061.7298
137,0,3,0.2326663367,0.23343645,0.2726345425,0.2046350137,0.3214085685,1.223290455,0.6549710087,203280.102
138,0,3,0.2329234102,0.2336943744,0.2745515999,0.2022542198,0.3204637746,1.233565416,0.6596715124,207152.1884
139,0,3,0.2331807678,0.2339525838,0.2760361787,0.2008001404,0.319351189,1.243144778,0.6640615164,213395.0162
140,0,3,0.2334384097,0.2342110785,0.2769121768,0.200198832,0.3179586888,1.250501445,0.6673851056,223581.114
141,0,3,0.2336963363,0.2344698588,0.2768830323,0.2004687192,0.31635943,1.253800355,0.6687582787,230373.3512
142,0,3,0.2339545479,0.2347289251,0.2758011263,0.2011126506,0.3144551841,1.251702195,0.6674865181,235521.5227
143,0,3,0.2342130447,0.2349882776,0.2742883218,0.2019901354,0.3123799939,1.247755278,0.6653022985,238678.1939
144,0,3,0.2344718272,0.2352479166,0.272436946,0.2032427436,0.3101270197,1.241997255,0.6622434319,239919.1862
145,0,3,0.2347308957,0.2355078426,0.2702279695,0.2047021997,0.3076554647,1.234776261,0.6584547149,240775.2893
146,0,3,0.2349902503,0.2357680557,0.2676740885,0.206232919,0.3049954358,1.226331096,0.6540435014,241669.0853
147,0,3,0.2352498916,0.2360285563,0.2646975911,0.2075141226,0.3022499499,1.216259146,0.6488004832,243142.6295
148,0,3,0.2355098197,0.2362893448,0.261084649,0.2083590742,0.2993848959,1.203336537,0.6421115234,242797.3876
149,0,3,0.235770035,0.2365504214,0.2568325366,0.2090535215,0.2965812769,1.187142793,0.6338246587,240435.3965
150,0,3,0.2360305378,0.2368117864,0.252038188,0.2096191604,0.2937183103,1.167889193,0.6240390721,235859.4138
151,0,3,0.2362913284,0.2370734403,0.2468730177,0.2096981384,0.290959696,1.146006773,0.6129658768,228859.4342
152,0,3,0.2365524072,0.2373353832,0.2417516469,0.2092883355,0.2884045491,1.123067349,0.6013948206,219332.8029
153,0,3,0.2368137745,0.2375976156,0.2371453168,0.2080869994,0.2860310265,1.100931368,0.5902121919,208167.6758
154,0,3,0.2370754305,0.2378601377,0.2334191501,0.2060660773,0.283931048,1.081153674,0.5801848485,195867.4621
155,0,3,0.2373373757,0.2381229499,0.2306650808,0.2029314043,0.2821216725,1.064469396,0.5716369623,182703.2887
156,0,3,0.2375996103,0.2383860524,0.2290332318,0.1989316079,0.2805888461,1.051852488,0.5650561394,169128.3075
157,0,3,0.2378621346,0.2386494457,0.2285007795,0.1943085241,0.2794143989,1.043674195,0.5606461988,154833.7389
158,0,3,0.238124949,0.23891313,0.2289196079,0.1892338047,0.2784103597,1.040027677,0.5584316246,149629.7072
159,0,3,0.2383880537,0.2391771056,0.2301170032,0.184111894,0.2775689948,1.040653743,0.5583134839,151136.4042
160,0,3,0.2386514492,0.2394413729,0.2318249809,0.1794110496,0.2768103435,1.044881976,0.5599851462,153507.4182
161,0,3,0.2389151357,0.2397059322,0.2338453653,0.1753841747,0.2760885402,1.0523619,0.5632791747,157144.3891
162,0,3,0.2391791135,0.2399707838,0.2358480267,0.1725656453,0.2753423172,1.061473183,0.5674376405,160808.6603
163,0,3,0.2394433831,0.240235928,0.2372922416,0.1711053733,0.2743125685,1.068916173,0.5708357528,162370.176
164,0,3,0.2397079446,0.2405013652,0.2384375523,0.1705263044,0.2731582776,1.076364113,0.5742618818,170566.137
165,0,3,0.2399727984,0.2407670957,0.2389678388,0.1704154979,0.271725301,1.081482383,0.5765383454,173141.0052
166,0,3,0.2402379448,0.2410331198,0.2387595522,0.1706247849,0.2701250109,1.083541961,0.5773104979,178381.3728
167,0,3,0.2405033843,0.2412994378,0.2378295927,0.1711899208,0.2683680301,1.082083939,0.5763670609,181702.9561
168,0,3,0.240769117,0.24156605,0.2364607216,0.1719776036,0.2664291319,1.078403272,0.5743318006,184504.5763
169,0,3,0.2410351433,0.2418329569,0.234717766,0.1730474453,0.2643751118,1.07285448,0.571390581,187155.5565
170,0,3,0.2413014635,0.2421001586,0.232748055,0.1743276079,0.2621678714,1.066553238,0.5680734051,189200.1494
171,0,3,0.241568078,0.2423676556,0.2303178399,0.1754764192,0.2599061549,1.058217622,0.5637406376,189875.0598
172,0,3,0.2418349871,0.2426354482,0.2275955041,0.1763515481,0.2575012513,1.048879069,0.5588724758,190662.9284
173,0,3,0.2421021911,0.2429035366,0.2243479242,0.1770148721,0.2551262061,1.037100496,0.5527958655,189919.6008
174,0,3,0.2423696903,0.2431719212,0.2205599488,0.1775744992,0.2526536205,1.022473998,0.5453132868,187523.2283
175,0,3,0.2426374851,0.2434406024,0.2163943953,0.1776969809,0.2502430344,1.005529637,0.5366829088,183362.2058
176,0,3,0.2429055758,0.2437095804,0.2120400754,0.177364553,0.2478365532,0.9868569404,0.5271927437,177301.4773
177,0,3,0.2431739627,0.2439788557,0.2078811182,0.1762482177,0.2456868865,0.9678083133,0.5175164178,169353.4715
178,0,3,0.2434426461,0.2442484284,0.2043776442,0.1744220261,0.2437549419,0.9505023323,0.5086905788,160284.9979
179,0,3,0.2437116264,0.244518299,0.2017008429,0.1717032718,0.2421737671,0.9356545576,0.5010645738,150310.6941
180,0,3,0.2439809039,0.2447884678,0.1999193639,0.1682383587,0.2407728348,0.9237647825,0.4948698892,139594.4107
181,0,3,0.2442504789,0.2450589351,0.1990414162,0.1640119647,0.2395747039,0.9153089652,0.4903325276,128523.1885
182,0,3,0.2445203518,0.2453297013,0.19903694,0.1595165731,0.2385293685,0.9104808489,0.4875789363,116972.3144
183,0,3,0.2447905229,0.2456007666,0.1997628484,0.1548205592,0.2377042898,0.9095159391,0.4867230152,118279.5258
184,0,3,0.2450609924,0.2458721314,0.2010874039,0.1504703917,0.2370049715,0.912122187,0.487651444,120458.198
185,0,3,0.2453317609,0.2461437961,0.2024530007,0.1468585821,0.2361653803,0.9157898331,0.4891318242,121452.987
186,0,3,0.2456028284,0.2464157609,0.2038552813,0.1443674999,0.235320003,0.9211440199,0.4914979043,123047.4861
187,0,3,0.2458741955,0.2466880262,0.204898681,0.1434633463,0.2343061802,0.9257706238,0.493587843,127136.2985
188,0,3,0.2461458625,0.2469605923,0.2056122735,0.1431760656,0.2331630515,0.9299941939,0.4954871346,128492.3331
189,0,3,0.2464178296,0.2472334596,0.2060506846,0.1433315868,0.2318874954,0.9340289403,0.4972883218,132697.6995
190,0,3,0.2466900971,0.2475066284,0.2058711035,0.1438576529,0.2304701021,0.9353917329,0.4977831098,135484.9109
191,0,3,0.2469626656,0.247780099,0.2049997939,0.1447945926,0.2289912277,0.9334249247,0.4966662516,138017.3556
192,0,3,0.2472355351,0.2480538717,0.2038328345,0.1459628928,0.2273574635,0.9299644731,0.494817726,139271.6084
193,0,3,0.2475087062,0.248327947,0.2024780101,0.1474059203,0.2256691196,0.9258356817,0.4926520352,140894.5044
194,0,3,0.2477821791,0.248602325,0.2008205319,0.1490862729,0.223806037,0.9202917436,0.4897911898,142913.2411
195,0,3,0.2480559542,0.2488770063,0.1987032354,0.1502563321,0.2219202373,0.9128025014,0.4859313067,142907.7255
196,0,3,0.2483300317,0.249151991,0.1962808517,0.1512968451,0.219888606,0.9040792332,0.4814372148,144159.1732
197,0,3,0.2486044121,0.2494272796,0.1933771058,0.1519560265,0.2177878091,0.8931904102,0.4758429304,144118.9638
198,0,3,0.2488790956,0.2497028723,0.1900044591,0.1525527487,0.2156357078,0.8798074979,0.4690239939,142757.1066
199,0,3,0.2491540827,0.2499787696,0.1862888628,0.1527710316,0.2135400586,0.8643207097,0.4611648768,139982.7927
200,0,3,0.2494293736,0.2502549716,0.1824195444,0.1524354435,0.21159658,0.8473998281,0.4525961323,135635.9113
201,0,3,0.2497049686,0.2505314789,0.1788246109,0.1514436286,0.209814794,0.8307275931,0.4441407423,129733.0232
202,0,3,0.2499808682,0.2508082917,0.175766869,0.149617912,0.2082278071,0.8153730059,0.4363116633,122911.8973
203,0,3,0.2502570726,0.2510854103,0.1734527034,0.1471339854,0.2068106245,0.8021699483,0.4295292512,115330.5023
204,0,3,0.2505335821,0.2513628351,0.1719795735,0.1438549034,0.2056178829,0.7920694358,0.4242416504,107168.8729
205,0,3,0.2508103972,0.2516405664,0.1714250676,0.1400592227,0.204695976,0.7857018061,0.4207822805,98620.77227
206,0,3,0.2510875182,0.2519186046,0.1715007139,0.1358677516,0.2037698681,0.7819914837,0.41860046,90497.39558
207,0,3,0.2513649453,0.25219695,0.1722711706,0.1316299417,0.2030322681,0.7821037639,0.4183037763,91439.73141
208,0,3,0.251642679,0.252475603,0.1734847738,0.1278871991,0.20236381,0.7852449538,0.4195273685,93083.4166
209,0,3,0.2519207195,0.2527545638,0.1747907918,0.1248168424,0.2015705633,0.7897813222,0.4214606429,95929.93797
210,0,3,0.2521990673,0.2530338329,0.1760184097,0.1227762348,0.2007371762,0.7950338979,0.4238014857,96660.83504
211,0,3,0.2524777225,0.2533134105,0.1770735072,0.1216998066,0.1998135886,0.800821236,0.4264404976,98633.93705
212,0,3,0.2527566857,0.253593297,0.1778313609,0.1212520084,0.1988370316,0.8059024466,0.4287601197,100387.3905
213,0,3,0.2530359571,0.2538734928,0.1783434906,0.1212528143,0.1977483351,0.8106061646,0.4308988871,102787.9954
214,0,3,0.2533155371,0.2541539982,0.1780750564,0.1213543654,0.1965184873,0.8116029949,0.431206605,105333.4616
215,0,3,0.253595426,0.2544348135,0.1772541007,0.1219557244,0.195198257,0.8097700521,0.4301517499,106734.8435
216,0,3,0.2538756241,0.254715939,0.1761682075,0.1230800066,0.1937572812,0.8065053531,0.4284205568,107377.6086
217,0,3,0.2541561318,0.2549973752,0.1748409596,0.1239282105,0.1922729032,0.8020420771,0.4260774358,108036.8056
218,0,3,0.2544369495,0.2552791224,0.1731998731,0.1251787421,0.1906691413,0.7961119781,0.4230298207,108327.5
219,0,3,0.2547180774,0.2555611808,0.17135788,0.1262545467,0.1890208494,0.7895428011,0.4196458179,109232.7022
220,0,3,0.254999516,0.2558435509,0.1691401329,0.1271936348,0.1872944944,0.7812523318,0.4153977127,109378.3256
221,0,3,0.2552812655,0.256126233,0.1665213708,0.1280379386,0.1855156274,0.7709994177,0.4101765567,108551.1121
222,0,3,0.2555633263,0.2564092274,0.1634913694,0.1286217104,0.1837674475,0.7584697424,0.4038315853,106724.8528
223,0,3,0.2558456987,0.2566925345,0.1602217902,0.1289000849,0.182019997,0.7443260196,0.3966858822,103821.1563
224,0,3,0.2561283832,0.2569761546,0.1569428041,0.1286366416,0.1804982733,0.7294454613,0.3891814285,99717.45552
225,0,3,0.25641138,0.2572600881,0.1539582536,0.1277809444,0.1791204805,0.7149313506,0.3818514424,94725.50879
226,0,3,0.2566946895,0.2575443354,0.1515625546,0.1263857107,0.1779310586,0.7021366749,0.3753664635,89168.90576
227,0,3,0.256978312,0.2578288967,0.1496829199,0.1243224654,0.1767490694,0.6906496501,0.3694922951,83195.38492
228,0,3,0.2572622479,0.2581137724,0.1485836168,0.121721085,0.1757865353,0.6821288889,0.3650663778,76880.2579
229,0,3,0.2575464975,0.2583989628,0.1482511966,0.1186619475,0.1750316896,0.676871601,0.3622327745,70075.60949
230,0,3,0.2578310612,0.2586844684,0.1484720214,0.1153690865,0.1743071816,0.6742739252,0.3606876374,72142.22733
231,0,3,0.2581159393,0.2589702894,0.1490925235,0.1122300116,0.1735498385,0.6739434345,0.3602580517,72503.21718
232,0,3,0.2584011321,0.2592564262,0.1499959711,0.1095886136,0.1728312887,0.6760223301,0.3610350747,72904.43519
233,0,3,0.2586866401,0.2595428792,0.1511139385,0.1075221609,0.1721423867,0.6803824177,0.3629564964,75065.17003
234,0,3,0.2589724635,0.2598296487,0.1520233429,0.1064367449,0.1713459357,0.6846389509,0.3648731972,76528.78957
235,0,3,0.2592586027,0.260116735,0.1528031383,0.1057584457,0.1705099244,0.6894561669,0.3670684842,77159.27706
236,0,3,0.2595450581,0.2604041386,0.1534476366,0.1053602066,0.1696234194,0.69461004,0.3694259609,79480.16997
237,0,3,0.25983183,0.2606918597,0.1536136672,0.1054186244,0.1685988698,0.6975807662,0.3707272412,80397.43245
238,0,3,0.2601189187,0.2609798986,0.1531826819,0.1055604037,0.1674893619,0.6977280852,0.370636311,82055.8776
239,0,3,0.2604063247,0.2612682559,0.1525919931,0.1060482145,0.1663601092,0.6970816737,0.3701787021,82849.61116
240,0,3,0.2606940482,0.2615569318,0.1517404003,0.1067789247,0.1651110278,0.6951414624,0.3690901625,83457.84002
241,0,3,0.2609820896,0.2618459266,0.1506958291,0.1076433826,0.1638013778,0.6923679587,0.3675937337,83930.31982
242,0,3,0.2612704493,0.2621352407,0.1492888119,0.1083313777,0.1624236845,0.6878299205,0.3652103126,84523.204
243,0,3,0.2615591276,0.2624248745,0.1475309127,0.1088031062,0.1609577471,0.6816601735,0.3619984373,84987.55959
244,0,3,0.2618481248,0.2627148283,0.1455211032,0.1091917068,0.1595602773,0.6743769948,0.3582398057,84617.82436
245,0,3,0.2621374414,0.2630051025,0.1430931804,0.109440317,0.1581372853,0.6648412952,0.3533674398,83388.02079
246,0,3,0.2624270776,0.2632956974,0.1403464768,0.1095250254,0.1567518615,0.6533696625,0.3475470928,81259.66794
247,0,3,0.2627170338,0.2635866133,0.137448153,0.1092999652,0.1553751887,0.6404825308,0.3410270512,78154.34644
248,0,3,0.2630073104,0.2638778507,0.1347087444,0.1085969316,0.1541291623,0.6274381523,0.3344301769,74261.95798
249,0,3,0.2632979078,0.26416941,0.1323845366,0.1074366963,0.1530607877,0.6152755273,0.3282757562,69877.47602
250,0,3,0.2635888262,0.2644612913,0.1306087969,0.1059052069,0.1520860244,0.6046716325,0.3228902726,65123.83809
251,0,3,0.263880066,0.2647534951,0.1293620505,0.1039308135,0.1512165788,0.5955854283,0.3182469993,60115.12434
252,0,3,0.2641716277,0.2650460218,0.1287115961,0.1015897417,0.1504170511,0.588815269,0.3147283991,54635.01556
253,0,3,0.2644635115,0.2653388718,0.1285644377,0.09911315833,0.1496619521,0.5843262155,0.3123251746,54045.16114
254,0,3,0.2647557178,0.2656320452,0.1289477926,0.09676394874,0.1490314349,0.5828197398,0.3114000693,55433.36359
255,0,3,0.2650482469,0.2659255427,0.1296749467,0.09480655286,0.1483956438,0.583748221,0.3116837848,57010.37661
256,0,3,0.2653410993,0.2662193644,0.1304622148,0.09346355193,0.1477279039,0.5858754255,0.3125817385,57406.76598
257,0,3,0.2656342753,0.2665135107,0.1312002086,0.09270894469,0.1470459304,0.5888977453,0.3139392868,57844.39466
258,0,3,0.2659277751,0.2668079821,0.1319835517,0.09254748895,0.1463511742,0.5932358104,0.3159636405,59629.31241
259,0,3,0.2662215993,0.2671027788,0.1325221017,0.09272323486,0.1455536421,0.59699546,0.3177062903,60100.50012
260,0,3,0.2665157481,0.2673979012,0.1328250358,0.09284900173,0.1447277704,0.6004011552,0.3192534659,61089.31736
261,0,3,0.2668102219,0.2676933497,0.1325632608,0.09321914159,0.1438153446,0.6010300768,0.3194459395,62388.91908
262,0,3,0.2671050211,0.2679891247,0.1319552355,0.09368091338,0.1428158104,0.5998439068,0.318746516,63402.21515
263,0,3,0.267400146,0.2682852264,0.1312177921,0.09402453772,0.1417716224,0.5981855019,0.3177986038,64344.67027
264,0,3,0.267695597,0.2685816553,0.1302436685,0.09459382408,0.1406590495,0.5953509199,0.3162827417,64722.247
265,0,3,0.2679913745,0.2688784118,0.1290694162,0.09502040769,0.1395073803,0.5917949322,0.3143928049,64960.7842
266,0,3,0.2682874787,0.2691754961,0.1276896135,0.09514437962,0.1383226636,0.5875125392,0.3121142553,65219.07281
267,0,3,0.2685839101,0.2694729087,0.1259940002,0.09519792279,0.1370339523,0.58170693,0.3090705377,64867.24966
268,0,3,0.2688806691,0.2697706499,0.1239907706,0.09508551688,0.1358087159,0.5743244533,0.3052488951,63872.45178
269,0,3,0.2691777559,0.2700687201,0.1217835918,0.09472453864,0.1346704197,0.5656580966,0.3007944421,62198.15457
270,0,3,0.269475171,0.2703671196,0.119488851,0.09409146485,0.1335644373,0.5561271078,0.2959086042,59781.15439
271,0,3,0.2697729147,0.2706658488,0.1172628634,0.093073949,0.1325424181,0.5460155207,0.2907377601,56732.80685
272,0,3,0.2700709873,0.2709649081,0.1153363253,0.09166457398,0.1315698078,0.5363163503,0.285766821,53303.04317
273,0,3,0.2703693893,0.2712642978,0.1139006051,0.08987364941,0.1306984856,0.5281295448,0.2815375334,49559.15648
274,0,3,0.2706681211,0.2715640183,0.1129583418,0.08777923185,0.1299147394,0.5214029075,0.2780303994,45609.85648
275,0,3,0.2709671828,0.2718640699,0.1125552365,0.08540257891,0.1292560209,0.5168068271,0.2755715412,41975.75172
276,0,3,0.2712665751,0.2721644531,0.1125301802,0.08310081175,0.1286275254,0.5136131542,0.2738212459,42252.62191
277,0,3,0.2715662981,0.2724651682,0.1128598145,0.08091504397,0.1280162692,0.5123054838,0.2730062527,42447.31652
278,0,3,0.2718663523,0.2727662156,0.1133834699,0.07913946742,0.1274789435,0.5124744131,0.2729467767,42558.98794
279,0,3,0.272166738,0.2730675955,0.1141194569,0.07796824289,0.1269632128,0.5145619615,0.2738594379,43715.98799
280,0,3,0.2724674556,0.2733693085,0.1146992218,0.07772234502,0.1263600255,0.5164941017,0.2747406448,44071.11634
281,0,3,0.2727685055,0.2736713548,0.1151248796,0.07798013439,0.1257178966,0.518530044,0.2756868855,44486.4722
282,0,3,0.273069888,0.2739737349,0.1154515002,0.07846111967,0.1250592185,0.5207945636,0.2767453621,45607.58798
283,0,3,0.2733716035,0.2742764491,0.1154479472,0.07923614422,0.1243261505,0.5217082156,0.277147546,46133.36621
284,0,3,0.2736736523,0.2745794977,0.1150397497,0.08006514722,0.1235377769,0.5208092515,0.2766534071,47117.77286
285,0,3,0.2739760349,0.2748828812,0.1143972202,0.08091002737,0.1227392021,0.5188066169,0.2756167511,47499.51134
286,0,3,0.2742787517,0.2751865999,0.1136439296,0.08192556605,0.1218529414,0.5163197763,0.2743451256,47914.1053
287,0,3,0.2745818028,0.2754906541,0.1127281178,0.08281156462,0.1208429063,0.5132648254,0.2727678375,48313.8647
288,0,3,0.2748851889,0.2757950443,0.1115664263,0.08355485506,0.1198480081,0.5091347409,0.2706520879,48668.93479
289,0,3,0.2751889101,0.2760997709,0.1102825511,0.08397873621,0.1188861442,0.504680009,0.2683516797,49024.17079
290,0,3,0.2754929669,0.2764048341,0.108656008,0.08416770465,0.1178183531,0.4986665686,0.26525452,48899.33478
291,0,3,0.2757973597,0.2767102344,0.1067642739,0.08421232896,0.1167767845,0.4912949895,0.2614851385,48255.48538
292,0,3,0.2761020888,0.2770159721,0.1046971374,0.08398815082,0.1157217537,0.4829034786,0.2571977809,47061.64634
293,0,3,0.2764071546,0.2773220477,0.1025637794,0.0833886994,0.1147321208,0.4737819907,0.2525400158,45265.99646
294,0,3,0.2767125574,0.2776284614,0.1006266576,0.0824193096,0.1138503703,0.4648802145,0.2479890056,42961.05081
295,0,3,0.2770182977,0.2779352137,0.09905711769,0.08108583026,0.1130029839,0.4569850021,0.2439222166,40337.5127
296,0,3,0.2773243758,0.2782423049,0.09788282269,0.07933863231,0.1122518222,0.4500740006,0.2403345289,37454.75262
297,0,3,0.2776307921,0.2785497354,0.09722866109,0.0772470803,0.1116283718,0.4451081472,0.2376986959,34419.47725
298,0,3,0.277937547,0.2788575056,0.09701944598,0.07491864299,0.1110476916,0.4419792367,0.2359569936,32097.70649
299,0,3,0.2782446408,0.2791656158,0.09728441343,0.07253432631,0.1105536257,0.441065407,0.235311646,33376.82159
300,0,3,0.2785520739,0.2794740665,0.09791002289,0.07029252113,0.1101549075,0.4422404003,0.2357106735,34327.29132
301,0,3,0.2788598466,0.279782858,0.09860702263,0.06846702973,0.1096882947,0.4441696781,0.2365001607,34934.94143
302,0,3,0.2791679595,0.2800919907,0.09937274759,0.06720034816,0.1092381436,0.4471492951,0.2378372836,35139.30785
303,0,3,0.2794764128,0.2804014649,0.1000642512,0.06654899026,0.1088002087,0.4504127648,0.2393484732,34954.53027
304,0,3,0.2797852068,0.2807112811,0.1005818152,0.0664421903,0.1083011907,0.4533359615,0.2407145135,34874.06214
305,0,3,0.2800943421,0.2810214396,0.1009945201,0.06665809287,0.1077642382,0.4562864933,0.2421020908,34638.87561
306,0,3,0.280403819,0.2813319408,0.1010716047,0.06710415498,0.10714463,0.4577373414,0.2427559898,35435.92229
307,0,3,0.2807136377,0.2816427851,0.1005816174,0.0676658837,0.1064360983,0.4562924596,0.2419849093,36144.47938
308,0,3,0.2810237988,0.2819539728,0.09998682936,0.06845841613,0.1057135115,0.4542051537,0.2409157472,36310.2814
309,0,3,0.2813343026,0.2822655043,0.09923982611,0.06917829149,0.104936195,0.4513609405,0.2394642367,36473.6731
310,0,3,0.2816451495,0.2825773801,0.09825125351,0.06999442762,0.1041423159,0.4474193732,0.2374774969,36517.28807
311,0,3,0.2819563398,0.2828896004,0.09720282008,0.07070722018,0.1032833494,0.4434074984,0.2354387177,36805.99572
312,0,3,0.282267874,0.2832021658,0.09592444882,0.07128802732,0.1023456972,0.4384369704,0.2329082982,36761.28961
313,0,3,0.2825797524,0.2835150764,0.09438137863,0.07171678553,0.1014296727,0.4322547432,0.229773412,36363.71166
314,0,3,0.2828919753,0.2838283329,0.09268093266,0.07206761838,0.1005728355,0.4252691094,0.2262477666,35604.04225
315,0,3,0.2832045433,0.2841419354,0.09081435618,0.07221455821,0.09967851059,0.417309368,0.2222302319,34550.71492
316,0,3,0.2835174566,0.2844558844,0.08887405378,0.07202594884,0.09884882623,0.4086152166,0.2178438778,33069.73429
317,0,3,0.2838307156,0.2847701803,0.08709803142,0.07152301692,0.09804836383,0.4000570255,0.2135185673,31308.18376
318,0,3,0.2841443208,0.2850848235,0.08564282121,0.07061730927,0.09729137032,0.3924297915,0.2096355463,29337.83441
319,0,3,0.2844582725,0.2853998143,0.08461299523,0.0693763553,0.09667219801,0.3862390115,0.2064573355,27233.34599
320,0,3,0.284772571,0.2857151532,0.08407250371,0.06783638972,0.09615505281,0.3819315986,0.204198128,24915.03157
321,0,3,0.2850872168,0.2860308405,0.08393123459,0.06600320013,0.09567728355,0.3792961139,0.2027440253,24433.89065
322,0,3,0.2854022103,0.2863468766,0.08415263455,0.0641026868,0.09524366853,0.378346085,0.2021187379,24419.82999
323,0,3,0.2857175518,0.2866632619,0.0846537516,0.06218431488,0.09489440883,0.3791747207,0.2023682067,24442.48852
324,0,3,0.2860332418,0.2869799967,0.0853432029,0.06059379044,0.09453913961,0.3814897095,0.2033636626,24403.94206
325,0,3,0.2863492805,0.2872970815,0.08611744154,0.05939631092,0.09417568165,0.3847599842,0.2048496033,25527.19144
326,0,3,0.2866656684,0.2876145167,0.08669006264,0.05887075892,0.09378187263,0.3875458411,0.206135727,26453.59644
327,0,3,0.286982406,0.2879323026,0.08719579455,0.05855920939,0.09335734211,0.3906256494,0.2075670246,27425.41414
328,0,3,0.2872994934,0.2882504396,0.08762437749,0.05846187765,0.09291691935,0.3937280774,0.2090162527,28121.17997
329,0,3,0.2876169313,0.2885689281,0.08771909715,0.05856717363,0.09243262452,0.3952838113,0.2097128009,29258.97382
330,0,3,0.2879347198,0.2888877685,0.08750222485,0.05884481968,0.09187935131,0.3953101613,0.2096612094,30247.21163
331,0,3,0.2882528595,0.2892069613,0.08710205487,0.05916672288,0.09129127409,0.3943878792,0.2091431119,30943.60218
332,0,3,0.2885713507,0.2895265067,0.08655378144,0.05962391868,0.09063309512,0.3927090101,0.2082554281,31341.9172
333,0,3,0.2888901938,0.2898464051,0.08588868486,0.06013806441,0.08995302284,0.3905573491,0.207135247,31398.87732
334,0,3,0.2892093892,0.290166657,0.08507349018,0.0606931357,0.0892395341,0.3877152945,0.2056744998,31103.21038
335,0,3,0.2895289373,0.2904872628,0.08404784601,0.06099454558,0.08848399273,0.3839240227,0.2037225117,30441.29884
336,0,3,0.2898488384,0.2908082228,0.08274066991,0.06127571798,0.08774090185,0.3787903835,0.2011102637,29419.50076
337,0,3,0.290169093,0.2911295374,0.08120764733,0.06157913241,0.08698437503,0.3724244603,0.197897026,28062.09049
338,0,3,0.2904897015,0.2914512071,0.07949826386,0.06173667851,0.08618764775,0.3650248478,0.1941667077,26725.20842
339,0,3,0.2908106642,0.2917732321,0.07769309254,0.06165668393,0.08542632958,0.3567808219,0.1900184043,25401.96891
340,0,3,0.2911319815,0.292095613,0.07606247277,0.06139418184,0.08476171285,0.3488120882,0.186016912,23998.41417
341,0,3,0.2914536538,0.2924183501,0.07468475703,0.06086422848,0.08411657999,0.3414274987,0.1822982468,22427.96963
342,0,3,0.2917756816,0.2927414437,0.07362108193,0.06003545539,0.08354513593,0.3349111108,0.1790038837,20726.23753
343,0,3,0.2920980652,0.2930648944,0.07296044256,0.05895777783,0.08307846898,0.329863216,0.1764305947,18954.19463
344,0,3,0.2924208049,0.2933887024,0.07269548212,0.05764753803,0.08266232916,0.3265625381,0.1747026214,17950.77739
345,0,3,0.2927439013,0.2937128682,0.07276529496,0.0562480745,0.08226509838,0.3248507184,0.1737485033,18029.30809
346,0,3,0.2930673547,0.2940373922,0.07318489833,0.05486922163,0.08198165083,0.3251513091,0.1737894025,18447.87481
347,0,3,0.2933911654,0.2943622747,0.07375232603,0.05365144724,0.08170216498,0.326649712,0.1744227347,18864.23055
348,0,3,0.293715334,0.2946875162,0.07436627992,0.05278194236,0.08139219872,0.3289305276,0.1754538821,18926.02609
349,0,3,0.2940398607,0.2950131171,0.07488915677,0.0522507213,0.08105113823,0.3313381957,0.176559346,19013.70536
350,0,3,0.2943647459,0.2953390777,0.075408543,0.05198465383,0.08072306342,0.3342815877,0.1779390664,19429.03341
351,0,3,0.2946899902,0.2956653985,0.07584001704,0.05192914411,0.08038216636,0.3371847815,0.1793064512,19752.87758
352,0,3,0.2950155938,0.2959920798,0.07612285165,0.0519624296,0.07999233865,0.3396746317,0.1804663489,19915.57094
353,0,3,0.2953415571,0.2963191221,0.07601887387,0.05207433455,0.07953683971,0.3401861043,0.1806538817,20600.89573
354,0,3,0.2956678806,0.2966465257,0.07574039701,0.05219445397,0.07904543392,0.3398736172,0.1804322068,22145.18383
355,0,3,0.2959945647,0.2969742911,0.07535952472,0.05232310436,0.07853043849,0.3389999891,0.1799338681,23557.05037
356,0,3,0.2963216097,0.2973024186,0.07483021524,0.05247362632,0.07800504625,0.3374188451,0.1790874834,24746.81771
357,0,3,0.2966490161,0.2976309087,0.07421128295,0.05260411475,0.07745261351,0.3355454167,0.1780899642,25694.07559
358,0,3,0.2969767843,0.2979597618,0.07347136644,0.05266684204,0.07683889809,0.3332134339,0.1768525139,26381.50509
359,0,3,0.2973049145,0.2982889781,0.07250823017,0.05269772271,0.07617100777,0.3298300033,0.1750887967,26802.84459
360,0,3,0.2976334074,0.2986185583,0.07132400498,0.05269730458,0.07551607019,0.3253179975,0.1727705096,26949.59139
361,0,3,0.2979622632,0.2989485025,0.07001958,0.05266833627,0.07489464025,0.3200920031,0.170106432,26888.76925
362,0,3,0.2982914823,0.2992788114,0.06860152879,0.05254532636,0.07426424182,0.3140711592,0.1670501809,27194.88037
363,0,3,0.2986210652,0.2996094852,0.06717173605,0.05224423415,0.07366167704,0.3075946998,0.163769689,27228.64368
364,0,3,0.2989510123,0.2999405243,0.06589699949,0.05177509177,0.07311022826,0.3012458052,0.1605593467,26981.25516
365,0,3,0.2992813239,0.3002719293,0.06487220007,0.05108843124,0.07258109211,0.2955918984,0.1576872026,26436.16166
366,0,3,0.2996120004,0.3006037004,0.06414794511,0.05022299933,0.07211879391,0.2908440509,0.155264847,25592.39638
367,0,3,0.2999430424,0.300935838,0.06375045923,0.04922794699,0.07173314122,0.2872716576,0.1534260087,24469.9715
368,0,3,0.3002744501,0.3012683427,0.0636626047,0.04811118094,0.07142332409,0.2850200394,0.1522377475,23092.69474
369,0,3,0.300606224,0.3016012147,0.06379767806,0.04703040934,0.07112895949,0.2838348673,0.1515780029,21489.38091
370,0,3,0.3009383644,0.3019344546,0.06414331988,0.04605136494,0.07086100088,0.283932971,0.1515538742,19696.3928
371,0,3,0.3012708719,0.3022680626,0.06459471631,0.04521022349,0.07062680992,0.2850203486,0.1520207117,17761.48103
372,0,3,0.3016037467,0.3026020392,0.065026329,0.04482032854,0.07039095753,0.2864114335,0.1526627668,15714.50191
373,0,3,0.3019369893,0.3029363848,0.06537654997,0.04481497571,0.07011442393,0.2877613524,0.1533012587,14355.01601
374,0,3,0.3022706002,0.3032710999,0.06568894373,0.04492469042,0.06982849118,0.2894365328,0.1540963902,14455.97445
375,0,3,0.3026045796,0.3036061848,0.06592942552,0.0450692177,0.06951785503,0.2910925121,0.1548753582,14523.45022
376,0,3,0.302938928,0.3039416399,0.06594380192,0.04532008788,0.0691791271,0.291755899,0.1551690623,14824.8913
377,0,3,0.3032736459,0.3042774657,0.06582313763,0.04570087165,0.06882080337,0.2918379862,0.155182931,15106.26124
378,0,3,0.3036087336,0.3046136625,0.06560981894,0.04600317342,0.06842700492,0.2915907193,0.1550228555,15345.60136
379,0,3,0.3039441915,0.3049502308,0.06525260243,0.04622868997,0.06801540584,0.2906189809,0.1544995804,15887.14334
380,0,3,0.3042800201,0.305287171,0.06483256427,0.04648372904,0.06756354154,0.289406993,0.1538548327,16358.34231
381,0,3,0.3046162198,0.3056244834,0.06433147906,0.04663102146,0.06705102602,0.2879878325,0.1530896985,17550.25293
382,0,3,0.3049527909,0.3059621685,0.06374647668,0.04664690894,0.06654884621,0.286344369,0.1522016705,18671.81016
383,0,3,0.3052897339,0.3063002268,0.06297698595,0.04663797869,0.06604485792,0.2838268168,0.1508813996,20357.33537
384,0,3,0.3056270492,0.3066386586,0.06201486427,0.04657339683,0.06552196881,0.2803420582,0.1490802826,21744.85672
385,0,3,0.3059647371,0.3069774643,0.06088540255,0.04643205255,0.06498762236,0.2759682084,0.1468373342,22833.35018
386,0,3,0.3063027982,0.3073166443,0.05966539459,0.0461899209,0.06446033998,0.270962769,0.1442822111,23659.90686
387,0,3,0.3066412329,0.3076561992,0.05846413077,0.04581041658,0.06395147841,0.2657793598,0.1416378379,24191.81108
388,0,3,0.3069800414,0.3079961292,0.05738552778,0.04526880227,0.06347199302,0.2607059886,0.1390491547,24444.51707
389,0,3,0.3073192243,0.3083364347,0.05652800861,0.04458789937,0.06304881833,0.2561734498,0.1367328476,24521.58723
390,0,3,0.307658782,0.3086771163,0.05592865082,0.0437245631,0.06267276737,0.2524573808,0.1348169651,24657.50569
391,0,3,0.3079987148,0.3090181743,0.05556762109,0.04273414927,0.06232496766,0.2494923942,0.133271175,24556.68054
392,0,3,0.3083390233,0.3093596092,0.05547882331,0.04169592032,0.06202623201,0.2476379167,0.1322764537,24209.23953
393,0,3,0.3086797077,0.3097014213,0.05560755735,0.04061031983,0.06178502648,0.2468012451,0.1317854721,23609.04459
394,0,3,0.3090207686,0.310043611,0.05590748256,0.03960659719,0.06158539102,0.2469477727,0.131786088,22773.88529
395,0,3,0.3093622063,0.3103861789,0.05632170034,0.0388293379,0.0613954147,0.2478639166,0.1321795838,22048.66383
396,0,3,0.3097040213,0.3107291252,0.05676769707,0.03829384465,0.06120322145,0.2492584409,0.1328199859,21220.66841
397,0,3,0.3100462139,0.3110724505,0.05714198686,0.0380731325,0.061010009,0.2507180056,0.1335070313,20192.59798
398,0,3,0.3103887846,0.3114161551,0.0574106405,0.03810317209,0.06081600079,0.2518837832,0.1340632869,18984.80584
399,0,3,0.3107317338,0.3117602395,0.05762668967,0.0382826546,0.0605659588,0.2530894504,0.1346373855,17622.52844
400,0,3,0.311075062,0.3121047041,0.05772431112,0.03857123672,0.06029988161,0.2539141902,0.1350262272,16135.6657
401,0,3,0.3114187695,0.3124495492,0.05762059551,0.03898019137,0.06003620473,0.2537634149,0.1349442523,14557.71035
402,0,3,0.3117628568,0.3127947754,0.05742028928,0.03941536944,0.05973449549,0.2531994036,0.1346558659,12921.63953
403,0,3,0.3121073242,0.313140383,0.05715632002,0.03984212617,0.05940265748,0.2523589163,0.1342273615,11336.56307
404,0,3,0.3124521723,0.3134863725,0.05684571714,0.04020347265,0.05906382578,0.2513634522,0.1337160007,11439.5395
405,0,3,0.3127974013,0.3138327442,0.0564263585,0.04042105551,0.0586936111,0.2499244596,0.1329708344,11846.88421
406,0,3,0.3131430119,0.3141794987,0.05593420972,0.04055071048,0.05827477962,0.2482342096,0.1320881984,12725.97124
407,0,3,0.3134890042,0.3145266363,0.0553726656,0.0406060636,0.05786291678,0.2463908918,0.1311216736,13500.9229
408,0,3,0.3138353789,0.3148741575,0.05466481663,0.04064305264,0.05743704826,0.2438957504,0.129830901,14166.55755
409,0,3,0.3141821363,0.3152220626,0.05381897237,0.04064823842,0.05698037383,0.2407326341,0.1282065962,14718.50146
410,0,3,0.3145292768,0.3155703521,0.05287549291,0.0405762237,0.05651975058,0.237107092,0.1263492214,15778.02823
411,0,3,0.3148768009,0.3159190265,0.05186912352,0.04038199441,0.05608631618,0.2330928137,0.1242970696,16920.78522
412,0,3,0.3152247089,0.3162680861,0.05086566461,0.040084564,0.05566191556,0.2288969061,0.1221537254,17929.32439
413,0,3,0.3155730014,0.3166175314,0.04998027564,0.03967639819,0.05525267273,0.2249215533,0.1201195316,18867.87612
414,0,3,0.3159216787,0.3169673628,0.04926739726,0.03909860559,0.05490248948,0.2214158373,0.1183165603,19729.31048
415,0,3,0.3162707412,0.3173175807,0.04875730699,0.0383813627,0.05459403145,0.2184988446,0.1168039568,20215.09205
416,0,3,0.3166201894,0.3176681856,0.04847108033,0.03755353028,0.05430886649,0.2163524898,0.1156693197,20416.62757
417,0,3,0.3169700237,0.3180191778,0.04839186491,0.03662741638,0.05405260096,0.2150100135,0.1149285972,21016.41163
418,0,3,0.3173202446,0.3183705579,0.04849945626,0.03568059678,0.05385420775,0.2144240912,0.1145679589,21584.4007
419,0,3,0.3176708524,0.3187223262,0.04876487114,0.03475238781,0.05370743682,0.214640747,0.1146089876,21968.33431
420,0,3,0.3180218476,0.3190744832,0.04911571313,0.0339713808,0.05356013584,0.2154051084,0.1149287354,22159.45041
421,0,3,0.3183732306,0.3194270292,0.04950551687,0.03338621493,0.05341907598,0.216622181,0.1154818195,22158.10714
422,0,3,0.3187250019,0.3197799649,0.04988512467,0.03301338582,0.05331044886,0.2180141462,0.116136322,21968.18788
423,0,3,0.3190771618,0.3201332904,0.0501852884,0.03288222004,0.05315688695,0.2192540907,0.1167238349,21582.29097
424,0,3,0.3194297109,0.3204870064,0.05039242728,0.03296302247,0.05298121694,0.2202130309,0.1171822788,20998.69268
425,0,3,0.3197826495,0.3208411132,0.05055284618,0.03315520434,0.0528198423,0.2211368157,0.1176289557,20234.17772
426,0,3,0.320135978,0.3211956112,0.05056107968,0.03344504421,0.05263825454,0.2213836893,0.1177460376,19307.77574
427,0,3,0.3204896969,0.3215505009,0.0504195047,0.03380159533,0.05242320895,0.2208917594,0.1175011027,18240.64725
428,0,3,0.3208438067,0.3219057827,0.05024294825,0.0342044619,0.05218022404,0.220290406,0.1172016828,17055.56874
429,0,3,0.3211983077,0.3222614571,0.05004615072,0.03463867286,0.05194876584,0.2196386958,0.1168805863,15776.41091
430,0,3,0.3215532004,0.3226175245,0.04980018154,0.03507850999,0.05169655479,0.2187952741,0.1164629401,14428.7183
431,0,3,0.3219084852,0.3229739853,0.04945740355,0.03547115394,0.05140186341,0.2174807648,0.1158061658,13036.96557
432,0,3,0.3222641626,0.3233308399,0.04911979861,0.03570602389,0.05109658556,0.2163873227,0.1152410617,11617.34684
433,0,3,0.3226202329,0.3236880889,0.04867182746,0.03585031568,0.05077512826,0.2148869721,0.1144647504,10188.13362
434,0,3,0.3229766967,0.3240457325,0.04809946817,0.03599907195,0.05041935191,0.2128192261,0.1134059369,10649.435
435,0,3,0.3233335544,0.3244037714,0.04743254813,0.03612294713,0.05006310373,0.2103346197,0.1121401807,11642.11916
436,0,3,0.3236908063,0.3247622058,0.04666602856,0.0361799993,0.04970472457,0.2073828206,0.1106400747,13754.69097
437,0,3,0.324048453,0.3251210362,0.04582221833,0.03616924931,0.04934484657,0.204011238,0.1089304702,15808.56201
438,0,3,0.3244064948,0.3254802632,0.04495725483,0.03606817922,0.04898856423,0.2004484401,0.1071232058,17738.13382
439,0,3,0.3247649322,0.325839887,0.04414807008,0.03584593807,0.04865020005,0.1969718965,0.1053550584,19487.8231
440,0,3,0.3251237657,0.3261999082,0.04346552449,0.03548355227,0.04834880125,0.1938339293,0.1037515458,21012.51865
441,0,3,0.3254829956,0.3265603272,0.04295040363,0.0350108095,0.04808670212,0.1911916057,0.1023926938,22278.27471
442,0,3,0.3258426225,0.3269211444,0.04263190855,0.03441309367,0.04787552607,0.1892363633,0.1013708635,23267.82918
443,0,3,0.3262026467,0.3272823603,0.042486475,0.03372418248,0.04767558793,0.1878796724,0.1006406404,23975.2461
444,0,3,0.3265630687,0.3276439752,0.04252555804,0.03297814891,0.04752066917,0.1872744622,0.1002820018,24401.35571
445,0,3,0.3269238889,0.3280059898,0.04270190398,0.03220787259,0.0474061067,0.187273128,0.1002239531,24544.96131
446,0,3,0.3272851078,0.3283684043,0.04298623033,0.03147596945,0.04732148003,0.1878536475,0.1004575383,24391.63947
447,0,3,0.3276467258,0.3287312192,0.04334675428,0.03082651292,0.04726074157,0.1889150073,0.1009352177,23863.04081
448,0,3,0.3280087434,0.3290944351,0.04373565158,0.03030159544,0.04721999338,0.1902707112,0.1015672994,23187.98171
449,0,3,0.328371161,0.3294580522,0.04411693095,0.02993021626,0.04717797359,0.1918255974,0.1023046217,22740.10753
450,0,3,0.328733979,0.3298220711,0.04441742319,0.02975722554,0.04713169587,0.1931135858,0.1029230947,22257.84481
451,0,3,0.3290971979,0.3301864922,0.04466768059,0.02973741605,0.04706584536,0.194336179,0.1035148055,20881.12392
452,0,3,0.3294608181,0.330551316,0.04480321254,0.02981984772,0.04697360441,0.1950944032,0.1038808174,20081.24175
453,0,3,0.32982484,0.3309165428,0.04483889474,0.02996261631,0.04687539132,0.1954186037,0.1040360729,19860.28941
454,0,3,0.3301892642,0.3312821732,0.04475313465,0.03017797009,0.04674361286,0.1951482838,0.1039006388,19494.93134
455,0,3,0.330554091,0.3316482076,0.04463281708,0.03048092405,0.04660713097,0.1947301828,0.1036981724,18981.67267
456,0,3,0.3309193209,0.3320146464,0.04449119123,0.03081444664,0.04646203832,0.1942327478,0.1034578145,18337.19817
457,0,3,0.3312849544,0.3323814901,0.04431660016,0.03116710399,0.0463134706,0.1935860663,0.103145349,17578.26198
458,0,3,0.3316509919,0.3327487391,0.04411260965,0.03151416133,0.04614002399,0.1928093518,0.1027660117,16722.94218
459,0,3,0.3320174337,0.3331163939,0.04388113688,0.03181971232,0.0459471129,0.1919794002,0.1023538904,15790.34504
460,0,3,0.3323842805,0.333484455,0.04363970444,0.03204423643,0.0457504352,0.1911890223,0.1019529321,14800.14186
461,0,3,0.3327515326,0.3338529226,0.04331476303,0.03224539262,0.04553405591,0.1900705556,0.1013855271,13771.70798
462,0,3,0.3331191905,0.3342217974,0.04290716976,0.03243646856,0.04530900708,0.1886054153,0.1006454899,12723.42402
463,0,3,0.3334872546,0.3345910798,0.04241972435,0.03258891,0.04509260839,0.1867975335,0.09973481329,11671.76489
464,0,3,0.3338557254,0.3349607702,0.04183705516,0.03269681875,0.04485281317,0.1845357544,0.09859594395,10630.84338
465,0,3,0.3342246033,0.3353308691,0.04120297493,0.03276211938,0.04461148657,0.1820138381,0.09732710776,10290.10108
466,0,3,0.3345938888,0.3357013769,0.04055169109,0.03275597739,0.04439324626,0.1793699464,0.09599704645,11409.90191
467,0,3,0.3349635823,0.3360722941,0.03990812267,0.0326654493,0.04420324593,0.1766710284,0.09463914235,12538.05266
468,0,3,0.3353336842,0.3364436211,0.03933705298,0.03250652083,0.04403654757,0.1741555068,0.09337215286,13651.9006
469,0,3,0.3357041952,0.3368153583,0.03889887476,0.03225862482,0.04390585253,0.1720938858,0.09232790848,14726.2865
470,0,3,0.3360751154,0.3371875063,0.03860396853,0.03190959506,0.04381841684,0.1704949749,0.0915110359,15734.55519
471,0,3,0.3364464456,0.3375600655,0.0384482398,0.03148657353,0.04375784957,0.1693689644,0.09092616091,16650.66456
472,0,3,0.3368181859,0.3379330364,0.03844814565,0.03100131955,0.04374274321,0.1688511411,0.09064143253,17451.12627
473,0,3,0.3371903371,0.3383064193,0.03856321268,0.03047387388,0.04375599592,0.1687999207,0.09058666951,18116.01392
474,0,3,0.3375628994,0.3386802148,0.03876770086,0.02994412788,0.04378557008,0.1691585704,0.09073503116,18487.50445
475,0,3,0.3379358734,0.3390544233,0.03903077622,0.02943150772,0.04383381121,0.1698171013,0.09103415026,18649.91987
476,0,3,0.3383092594,0.3394290453,0.03933896049,0.02896334935,0.04388754057,0.1707843721,0.09148749558,18793.18895
477,0,3,0.3386830581,0.3398040811,0.03965906278,0.02856220787,0.04394803146,0.1719645388,0.09204872764,18915.4697
478,0,3,0.3390572697,0.3401795314,0.03994334738,0.02828635637,0.04401758838,0.1730462217,0.09257177198,18980.3718
479,0,3,0.3394318948,0.3405553965,0.04023499509,0.02812052197,0.04409823658,0.1743314521,0.09320103035,18964.72669
480,0,3,0.3398069338,0.3409316769,0.04045476834,0.02806265066,0.04416507505,0.1753871972,0.09372209375,18852.78303
481,0,3,0.3401823872,0.341308373,0.04061097749,0.02810050565,0.0442097334,0.1762047617,0.09412957621,18642.56956
482,0,3,0.3405582555,0.3416854854,0.04070572969,0.02818828186,0.04423670467,0.1767664368,0.09441238647,18500.5094
483,0,3,0.340934539,0.3420630144,0.0407193244,0.0283084149,0.04424997659,0.1769376767,0.09450453906,18287.95883
484,0,3,0.3413112383,0.3424409605,0.04066664379,0.02848533437,0.04425117002,0.1767698582,0.09443375855,17977.72826
485,0,3,0.3416883539,0.3428193243,0.04059732205,0.02871382579,0.04422985753,0.1765315296,0.09432959182,17574.08752
486,0,3,0.342065886,0.3431981061,0.04052456087,0.02897654046,0.04421135981,0.1762706692,0.09421766435,17081.95916
487,0,3,0.3424438354,0.3435773064,0.04044402331,0.02924427772,0.04418774747,0.1759756879,0.09408898256,16509.48103
488,0,3,0.3428222023,0.3439569257,0.04036278089,0.02950452033,0.04416983017,0.1756906575,0.09396522209,15872.22814
489,0,3,0.3432009873,0.3443369645,0.04026940477,0.02973854271,0.04415030795,0.1753575937,0.09381569864,15182.39772
490,0,3,0.3435801908,0.3447174231,0.04019778184,0.02990096997,0.0441407468,0.1752453891,0.09376737387,14452.12927
491,0,3,0.3439598133,0.3450983021,0.0400834853,0.03004342962,0.04412610413,0.1750096774,0.09365467646,13693.26294
492,0,3,0.3443398552,0.345479602,0.03990525101,0.0301726101,0.04409291831,0.1745202159,0.09341347152,12916.99486
493,0,3,0.3447203171,0.3458613231,0.03966522477,0.03029817582,0.04405499023,0.1737678647,0.09304222494,13666.01729
494,0,3,0.3451011993,0.346243466,0.03936515279,0.03041255622,0.04401042333,0.1727657098,0.09254653784,15218.90902
495,0,3,0.3454825023,0.3466260312,0.03901961976,0.03050669739,0.04397121346,0.1715904353,0.09196457798,16780.24191
496,0,3,0.3458642267,0.347009019,0.03862207296,0.03057536283,0.04392086089,0.1701784512,0.0912637176,18310.90885
497,0,3,0.3462463728,0.34739243,0.03819416227,0.03061187818,0.04385643573,0.1686056188,0.09048083051,19770.19362
498,0,3,0.3466289412,0.3477762647,0.03776840576,0.03060478268,0.04381022327,0.1670042218,0.08968396033,21119.02876
499,0,3,0.3470119322,0.3481605234,0.03735576829,0.03053298649,0.04376900627,0.1653850394,0.08887583174,22322.46857
500,0,3,0.3473953464,0.3485452067,0.03700656722,0.03041294023,0.0437466206,0.1639480854,0.08815777683,23350.85952
501,0,3,0.3477791843,0.3489303151,0.03675603863,0.03025652066,0.0437540438,0.1628330836,0.08760064623,24182.233
502,0,3,0.3481634463,0.3493158489,0.03660743887,0.03003894485,0.04377713543,0.1620471074,0.08720399271,24795.96168
503,0,3,0.3485481328,0.3497018087,0.03654196742,0.02975547049,0.04379310463,0.1615167664,0.08692842639,25190.41798
504,0,3,0.3489332444,0.350088195,0.03658331839,0.02943547292,0.04384463778,0.1613976345,0.08685668504,25351.85501
505,0,3,0.3493187815,0.3504750082,0.0367266683,0.02908489221,0.04393451442,0.1617017219,0.08699492448,25254.20534
506,0,3,0.3497047445,0.3508622488,0.03694671348,0.02871992496,0.04404146439,0.1623324938,0.08729459154,24867.15648
507,0,3,0.3500911341,0.3512499173,0.03721095958,0.02834627491,0.04413836345,0.1631792084,0.08769808433,24539.69791
508,0,3,0.3504779505,0.351638014,0.03751675418,0.02799164263,0.04425311985,0.1643086513,0.08824215322,24265.21362
509,0,3,0.3508651943,0.3520265396,0.03782803518,0.02765541311,0.0443563647,0.1655239394,0.08882770363,23680.15484
510,0,3,0.351252866,0.3524154945,0.03812653455,0.02734064248,0.04444456208,0.1667517101,0.08941839198,22460.54794
511,0,3,0.3516409661,0.3528048791,0.03839004427,0.02716906649,0.04456546898,0.1678576045,0.08996417356,21627.05114
512,0,3,0.3520294949,0.353194694,0.03863560374,0.02693569487,0.04462618131,0.1690084871,0.09051741036,20701.87529
513,0,3,0.3524184531,0.3535849396,0.03883865729,0.02679354262,0.04468174145,0.1700004812,0.09099856711,19706.40005
514,0,3,0.352807841,0.3539756163,0.03900194932,0.02670194306,0.04473027775,0.1708499254,0.09141203501,18659.82095
515,0,3,0.3531976591,0.3543667247,0.03911531286,0.02663075151,0.04476166989,0.1715043108,0.09172859468,17583.99206
516,0,3,0.353587908,0.3547582653,0.03913458996,0.02656437181,0.04478647859,0.1717003832,0.09182052091,17465.36038
517,0,3,0.353978588,0.3551502385,0.03907801417,0.02653014632,0.04480093232,0.1715202569,0.09172957798,17314.52203
518,0,3,0.3543696997,0.3555426447,0.03900778709,0.0265307903,0.04479833206,0.1712811374,0.09161005522,17103.96106
519,0,3,0.3547612435,0.3559354846,0.0389167316,0.0265890093,0.04479147175,0.1709523453,0.09145007888,16837.18012
520,0,3,0.35515322,0.3563287584,0.03880901039,0.02673456561,0.04476618672,0.1705751921,0.09126990729,16519.26238
521,0,3,0.3555456296,0.3567224668,0.03869078287,0.0268730836,0.04473054411,0.1701899581,0.09108318002,16159.84668
522,0,3,0.3559384727,0.3571166103,0.03856783709,0.02698450095,0.0446848372,0.169812134,0.09089628275,15764.19283
523,0,3,0.3563317499,0.3575111892,0.03846583155,0.02708950847,0.04464172421,0.1695690324,0.09077444844,15337.57947
524,0,3,0.3567254616,0.357906204,0.03832737187,0.02717876351,0.04458632994,0.1691975751,0.09058619217,14894.16192
525,0,3,0.3571196083,0.3583016554,0.03815611451,0.02722291249,0.04452970278,0.1687054362,0.09033464822,14442.53212
526,0,3,0.3575141905,0.3586975436,0.03795868553,0.02723762522,0.04448126574,0.1681335837,0.09004198328,13990.55979
527,0,3,0.3579092087,0.3590938693,0.03772075134,0.02726263784,0.04442561131,0.1674017779,0.08967036397,13545.22725
528,0,3,0.3583046634,0.3594906329,0.03745183487,0.02726754745,0.04436268985,0.1665284397,0.08922713791,13112.53126
529,0,3,0.358700555,0.3598878349,0.03715945944,0.02727223053,0.04430175401,0.1655452902,0.08873061547,12697.45536
530,0,3,0.359096884,0.3602854757,0.03684454363,0.02730659169,0.04423715384,0.1644671312,0.08818947408,13093.06117
531,0,3,0.3594936509,0.3606835559,0.03651759929,0.02736015555,0.04416958495,0.1633190486,0.08761589045,13612.0414
532,0,3,0.3598908562,0.3610820759,0.03617625326,0.02742535614,0.04407598452,0.1620721289,0.08699272792,14137.00124
533,0,3,0.3602885004,0.3614810363,0.03584936912,0.02748471501,0.04396950316,0.1608668039,0.08638870389,14659.78656
534,0,3,0.3606865839,0.3618804375,0.0355640504,0.02752383573,0.04386279175,0.1597667187,0.08583663572,15171.14317
535,0,3,0.3610851073,0.3622802799,0.03533667797,0.02754481247,0.04377886942,0.1588389269,0.08537240713,15660.94699
536,0,3,0.361484071,0.3626805642,0.03517135667,0.02755943838,0.043692361,0.1580948648,0.08499934655,16119.80236
537,0,3,0.3618834755,0.3630812907,0.03507139881,0.02755824161,0.04361469824,0.1575108997,0.08470741575,16538.10523
538,0,3,0.3622833213,0.36348246,0.03503331757,0.02753493941,0.04357422314,0.157161069,0.08453375178,16908.65525
539,0,3,0.3626836089,0.3638840726,0.03503296434,0.02751606094,0.04353342959,0.156944774,0.08442639367,17162.68272
540,0,3,0.3630843388,0.3642861289,0.03505748705,0.02751447702,0.04349616314,0.1568148798,0.08436364234,17298.56787
541,0,3,0.3634855115,0.3646886294,0.03510191986,0.02754136782,0.04346174095,0.1567637591,0.08434226523,17451.55584
542,0,3,0.3638871274,0.3650915746,0.0351430854,0.02758137074,0.04337887656,0.1566830457,0.08430164918,17589.40576
543,0,3,0.3642891871,0.3654949651,0.03520012837,0.02765010354,0.0433306397,0.1567200021,0.0843241968,17695.12989
544,0,3,0.364691691,0.3658988013,0.03526400091,0.0277145156,0.04330058219,0.1568142169,0.08437606765,17758.63177
545,0,3,0.3650946396,0.3663030836,0.03532705478,0.0278091542,0.04328151355,0.1569451901,0.08444884837,17775.08182
546,0,3,0.3654980335,0.3667078127,0.03537978093,0.02790975966,0.04330899247,0.1571274996,0.08455087752,17743.44286
547,0,3,0.365901873,0.3671129889,0.03538724241,0.0280181625,0.04335203351,0.157117159,0.084561331,17665.42314
548,0,3,0.3663061588,0.3675186129,0.03537739127,0.02812597014,0.04340654356,0.1569704234,0.08450809409,17543.12702
549,0,3,0.3667108912,0.367924685,0.03537461897,0.02823201966,0.04345971565,0.1568178758,0.08445265485,17381.43278
550,0,3,0.3671160709,0.3683312057,0.03538577499,0.02831367686,0.04353007295,0.1567130682,0.08442107315,17187.42079
551,0,3,0.3675216982,0.3687381757,0.03542575914,0.02836410062,0.04360436206,0.1567560981,0.08445904523,16964.63676
552,0,3,0.3679277737,0.3691455953,0.03548283546,0.02838862805,0.04367763449,0.1569128408,0.08454927732,16719.99359
553,0,3,0.3683342979,0.369553465,0.03553613574,0.02834977386,0.04373648219,0.1570710804,0.08463263377,16463.53803
554,0,3,0.3687412713,0.3699617854,0.03557901732,0.02826063933,0.04377533442,0.157210835,0.08469955249,16202.63227
555,0,3,0.3691486943,0.370370557,0.03564397252,0.02816691187,0.0438210311,0.1574260643,0.08480435748,15943.88971
556,0,3,0.3695565675,0.3707797802,0.03571816792,0.02805618208,0.04383894728,0.1576792014,0.08492278952,16756.52934
557,0,3,0.3699648913,0.3711894556,0.03580488094,0.02792766528,0.04384466526,0.1580218787,0.08508115657,17565.01192
558,0,3,0.3703736663,0.3715995836,0.03590321554,0.02781549399,0.04384296159,0.1584446799,0.08527846218,18355.02064
559,0,3,0.370782893,0.3720101648,0.03601969158,0.02768270575,0.04387447245,0.1590093194,0.08554630819,19116.03432
560,0,3,0.3711925718,0.3724211996,0.03613153567,0.02754226248,0.04389758362,0.1595737231,0.08581205487,19836.95076
561,0,3,0.3716027032,0.3728326886,0.03624664127,0.02740203176,0.04391078928,0.1601357121,0.08607597523,20506.45191
562,0,3,0.3720132879,0.3732446322,0.03636122777,0.02727428928,0.04392899844,0.1606936306,0.08633977292,21113.40287
563,0,3,0.3724243261,0.373657031,0.03647095854,0.02715372069,0.04394014284,0.1612362273,0.08659577431,21647.20654
564,0,3,0.3728358186,0.3740698855,0.03656623078,0.02704371372,0.04393866924,0.1617131799,0.08681908043,22098.05377
565,0,3,0.3732477657,0.3744831961,0.03665071588,0.02691870192,0.04392916073,0.1621141288,0.08700381227,22456.94913
566,0,3,0.3736601679,0.3748969634,0.03669285298,0.02741342327,0.04393604258,0.1623623328,0.08716330103,22715.25651
567,0,3,0.3740730258,0.3753111878,0.03672358349,0.02881389661,0.04394296646,0.1626016424,0.08739156228,22865.35815
568,0,3,0.3744863399,0.37572587,0.03679052517,0.02923262766,0.04395594087,0.1629346226,0.08758981854,22901.64019
569,0,3,0.3749001107,0.3761410103,0.03683794866,0.02979058866,0.04396771181,0.1631987001,0.08776600857,22791.07527
570,0,3,0.3753143386,0.3765566093,0.03689334679,0.03203018146,0.04399410822,0.1635269513,0.08812433962,22658.90258
571,0,3,0.3757290242,0.3769726675,0.03701009113,0.03098579184,0.04402687369,0.1638688881,0.08820607158,22551.5152
572,0,3,0.376144168,0.3773891854,0.03709851369,0.03005319247,0.0440681265,0.1641428675,0.08826717229,22290.99009
573,0,3,0.3765597705,0.3778061635,0.03716432662,0.02921142311,0.04411396041,0.1644182217,0.08833726216,21663.90469
574,0,3,0.3769758322,0.3782236024,0.03722734428,0.02846756409,0.04415698282,0.1646894531,0.08841483536,21210.92277
575,0,3,0.3773923536,0.3786415024,0.03729104421,0.0277742702,0.04417984469,0.1649556487,0.0884933003,20683.81478
576,0,3,0.3778093353,0.3790598642,0.03734623518,0.02713892267,0.04421605596,0.1652200854,0.08857764761,20091.03853
577,0,3,0.3782267776,0.3794786883,0.03737329381,0.02657770234,0.04424295785,0.165351902,0.08860280493,19440.03043
578,0,3,0.3786446812,0.3798979751,0.03737320118,0.02609875364,0.04426365369,0.1653355448,0.08856214557,18739.33719
579,0,3,0.3790630465,0.3803177252,0.03737068065,0.02566867144,0.04426215344,0.1652664601,0.08849800779,17998.12835
580,0,3,0.3794818741,0.3807379391,0.03736596393,0.02530670445,0.04424581255,0.1651678381,0.08842334425,17225.02104
581,0,3,0.3799011644,0.3811586172,0.03736419323,0.02504108705,0.04423871564,0.1650932677,0.08836853227,16429.9777
582,0,3,0.380320918,0.3815797602,0.03732662244,0.02482891592,0.0442014653,0.1648944269,0.08825204442,16173.58002
583,0,3,0.3807411354,0.3820013685,0.03729030255,0.02467396178,0.04418017669,0.1646969746,0.0881424309,16132.8127
584,0,3,0.3811618171,0.3824234426,0.03724850328,0.02457845819,0.04415683623,0.1644544813,0.0880151325,16062.85973
585,0,3,0.3815829636,0.3828459831,0.03721161793,0.02451202524,0.04410858206,0.1641930627,0.08787842843,15964.39088
586,0,3,0.3820045754,0.3832689904,0.03715464666,0.02449200719,0.04406703809,0.1639530708,0.08775368859,15838.62764
587,0,3,0.3824266531,0.3836924652,0.03707812993,0.02451214895,0.04402910217,0.1636873126,0.08761810786,15687.57438
588,0,3,0.3828491971,0.3841164078,0.0369748347,0.0245742202,0.0439756295,0.1632777049,0.08741352243,15513.92425
589,0,3,0.383272208,0.3845408188,0.03683857191,0.02466780947,0.04387376258,0.1626495276,0.08709959397,15320.82289
590,0,3,0.3836956863,0.3849656988,0.03666072591,0.02480440744,0.0437305414,0.1618675519,0.08670745652,15112.37341
591,0,3,0.3841196325,0.3853910482,0.03644183585,0.02498782328,0.04358377788,0.1609407645,0.08624655656,14893.07097
592,0,3,0.3845440471,0.3858168676,0.03618681047,0.02521795338,0.04344491702,0.1598724555,0.08572061199,14667.74242
593,0,3,0.3849689306,0.3862431575,0.0358990167,0.0254954054,0.04328849825,0.1586610867,0.08512636138,14441.41589
594,0,3,0.3853942836,0.3866699184,0.0356002847,0.02581099055,0.04313183391,0.1574616504,0.08454009986,14219.21047
595,0,3,0.3858201066,0.3870971508,0.03525408699,0.02613748682,0.04291706056,0.1561442867,0.08388821612,14006.18569
596,0,3,0.3862464001,0.3875248553,0.03488708007,0.02647048526,0.04266508493,0.1546700685,0.08315788373,13807.20444
597,0,3,0.3866731645,0.3879530323,0.03451599728,0.02678365658,0.04238296865,0.1531176754,0.08238637157,13626.77792
598,0,3,0.3871004005,0.3883816825,0.03412288761,0.02703228951,0.04203478059,0.1514439355,0.0815434003,13468.9234
599,0,3,0.3875281086,0.3888108062,0.03377404635,0.02725586666,0.04171388282,0.1499660848,0.08079827206,13337.33787
600,0,3,0.3879562892,0.3892404041,0.03346501452,0.02738032672,0.04142538858,0.1486930199,0.08014871562,13234.64226
601,0,3,0.388384943,0.3896704767,0.03316384007,0.02741659092,0.04112224379,0.147493682,0.07952505093,13336.08753
602,0,3,0.3888140703,0.3901010244,0.03288987923,0.02739673658,0.04083217203,0.1461905206,0.07885312285,13489.95159
603,0,3,0.3892436718,0.3905320479,0.03263319359,0.02734138258,0.04058646342,0.1450491559,0.0782607743,13661.14502
604,0,3,0.389673748,0.3909635476,0.03238567967,0.02730850648,0.04035893305,0.1440563841,0.07774263962,13848.13552
605,0,3,0.3901042994,0.391395524,0.0321781639,0.02727082719,0.04016210095,0.1433178454,0.07735006694,14048.89497
606,0,3,0.3905353264,0.3918279778,0.03202310664,0.02719556827,0.03998602961,0.1427396536,0.07703663018,14260.92296
607,0,3,0.3909668297,0.3922609093,0.03196505875,0.02707550881,0.03987146436,0.1424767614,0.07688336843,14481.29443
608,0,3,0.3913988098,0.3926943192,0.03199226876,0.02690560276,0.03979310766,0.1425161169,0.0768793726,14706.70255
609,0,3,0.3918312672,0.393128208,0.03209460262,0.0266959561,0.03971103862,0.142745668,0.07696757419,14933.53039
610,0,3,0.3922642024,0.3935625762,0.03226195194,0.02648281945,0.03963387223,0.1431878433,0.07716180332,15157.92402
611,0,3,0.392697616,0.3939974244,0.03247883865,0.02629526917,0.03957793883,0.1438480642,0.0774677271,15375.87142
612,0,3,0.3931315084,0.394432753,0.03269767159,0.02609285891,0.03952896544,0.1445785964,0.07780662676,15583.28849
613,0,3,0.3935658803,0.3948685626,0.03291241004,0.02592295654,0.03947472109,0.1453506394,0.07816695016,15776.10803
614,0,3,0.394000732,0.3953048537,0.03310098314,0.02580984061,0.03943169823,0.1460575007,0.07850075685,15950.37138
615,0,3,0.3944360643,0.3957416269,0.03326603043,0.02571877597,0.03941057083,0.1467501935,0.07883035046,16102.31883
616,0,3,0.3948718775,0.3961788826,0.0333842988,0.02559839042,0.03944339777,0.1473035184,0.07909471723,16228.47615
617,0,3,0.3953081723,0.3966166215,0.03345815888,0.02548553408,0.03948003445,0.147717005,0.079290522,16325.73693
618,0,3,0.3957449492,0.3970548441,0.03347417751,0.02540065334,0.03952662142,0.1478899162,0.07937174382,16391.4384
619,0,3,0.3961822086,0.3974935508,0.0334547274,0.0253303995,0.03956458452,0.1479155187,0.07938073594,16423.42805
620,0,3,0.3966199512,0.3979327423,0.03342359816,0.02527957046,0.03959440544,0.1479219815,0.07938013471,16420.11946
621,0,3,0.3970581774,0.398372419,0.03339288257,0.02523528817,0.03961932408,0.1479155343,0.07937348501,16380.53538
622,0,3,0.3974968878,0.3988125816,0.03336311271,0.02520099405,0.03963289841,0.1478833784,0.079354344,16696.70376
623,0,3,0.397936083,0.3992532304,0.03333617242,0.0251567359,0.0396403252,0.1478080603,0.07931383836,17068.93905
624,0,3,0.3983757634,0.3996943662,0.03331333345,0.02508839127,0.03964320752,0.1477506522,0.07927963907,17370.33577
625,0,3,0.3988159297,0.4001359894,0.03329071011,0.02500640258,0.03964338656,0.1476955478,0.07924513309,17599.88944
626,0,3,0.3992565822,0.4005781005,0.0332680202,0.02491782311,0.03964362263,0.1476263301,0.07920354985,17755.02321
627,0,3,0.3996977217,0.4010207001,0.03324732186,0.02478162843,0.03964420694,0.1476046187,0.0791806481,17828.78563
628,0,3,0.4001393486,0.4014637887,0.03323006102,0.02466823723,0.03965869856,0.1475734952,0.07915729237,17814.19525
629,0,3,0.4005814634,0.4019073669,0.03321203792,0.0245622097,0.03968327155,0.1475080218,0.07911971965,17704.48087
630,0,3,0.4010240667,0.4023514352,0.03319184365,0.02445711828,0.03971021936,0.1474249284,0.07907411104,17543.76982
631,0,3,0.401467159,0.4027959942,0.03315754398,0.02465587836,0.03974826482,0.1473126726,0.07903841332,17371.82631
632,0,3,0.401910741,0.4032410443,0.03310147051,0.02536243436,0.03976211284,0.1470910262,0.07898695466,17175.9966
633,0,3,0.402354813,0.4036865862,0.03306345878,0.02556918494,0.03977215276,0.1469317268,0.0789267572,16941.75109
634,0,3,0.4027993757,0.4041326204,0.03301709947,0.0257912643,0.03978550225,0.1467454079,0.07885496038,16660.54728
635,0,3,0.4032444296,0.4045791474,0.03297618637,0.02572012507,0.03979419661,0.1465742022,0.07876631345,16329.02086
636,0,3,0.4036899752,0.4050261677,0.03293445589,0.02541395333,0.03981000003,0.1464541557,0.07868323081,15947.90511
637,0,3,0.4041360131,0.405473682,0.03284518339,0.02533015414,0.03982864353,0.1461713452,0.07853789815,15519.49098
638,0,3,0.4045825439,0.4059216908,0.0327551031,0.02614548245,0.03986818671,0.145851811,0.0784517465,15033.05063
639,0,3,0.405029568,0.4063701945,0.03270266662,0.02600391911,0.03989353029,0.1456437194,0.07834100931,14740.1323
640,0,3,0.405477086,0.4068191938,0.03262334556,0.02590354469,0.03990060155,0.145320286,0.07817499572,14835.17013
641,0,3,0.4059250985,0.4072686892,0.03252266255,0.02666172184,0.03987910141,0.1449010331,0.07803080017,14903.98412
642,0,3,0.406373606,0.4077186812,0.03244566012,0.02631956908,0.0398279944,0.1444765489,0.0777900747,14943.77532
643,0,3,0.4068226091,0.4081691705,0.03235823741,0.02615358373,0.03975829794,0.1439857805,0.0775301437,14956.54125
644,0,3,0.4072721083,0.4086201575,0.03227018583,0.02565086067,0.03966178141,0.1434707004,0.07722731109,14969.31013
645,0,3,0.4077221041,0.4090716428,0.03216046637,0.02522432645,0.03951210666,0.1428304378,0.07686400782,14948.9256
646,0,3,0.4081725971,0.4095236269,0.03204672897,0.02484562037,0.0393239844,0.1421613961,0.07648616864,14893.54298
647,0,3,0.4086235879,0.4099761104,0.03192709216,0.02450562574,0.03912955767,0.1414531549,0.07609202033,14801.65958
648,0,3,0.409075077,0.4104290939,0.03180645414,0.0242196974,0.03890391639,0.1407340231,0.07569317048,14672.15717
649,0,3,0.4095270649,0.4108825779,0.03169048756,0.02398041953,0.03868633959,0.1400665346,0.07532365913,14504.34134
650,0,3,0.4099795522,0.4113365629,0.03156299755,0.02378287605,0.03847322178,0.1393757068,0.07494602133,14297.97594
651,0,3,0.4104325395,0.4117910496,0.03143700731,0.02362677937,0.038271678,0.1387122599,0.07458606191,14053.30479
652,0,3,0.4108860273,0.4122460384,0.03131708763,0.0234558496,0.03808624005,0.1380811086,0.07424266139,13771.09069
653,0,3,0.4113400162,0.4127015299,0.03118846307,0.0233012108,0.03790761375,0.1374284959,0.07389053613,13452.62315
654,0,3,0.4117945066,0.4131575247,0.03105070859,0.02318034665,0.03772597857,0.1367165595,0.0735121454,13099.63299
655,0,3,0.4122494993,0.4136140234,0.03090487608,0.02308585548,0.03754150009,0.1359784275,0.07312244022,12714.54313
656,0,3,0.4127049946,0.4140710264,0.03075096519,0.02302660895,0.03735942531,0.1352199518,0.07272552613,12300.28022
657,0,3,0.4131609932,0.4145285343,0.0305913189,0.02301608547,0.0371690819,0.1344636147,0.07233182789,11860.2546
658,0,3,0.4136174957,0.4149865478,0.03042994059,0.02303585233,0.03697426147,0.1337068224,0.07193963121,11398.36504
659,0,3,0.4140745026,0.4154450673,0.03025524376,0.02306528012,0.0367561777,0.1328873754,0.07151478529,10918.96439
660,0,3,0.4145320144,0.4159040935,0.03007419077,0.0231056987,0.03654427509,0.1320548089,0.07108496123,10533.80301
661,0,3,0.4149900317,0.4163636268,0.02988036334,0.02314604785,0.03633103931,0.1311363981,0.07061387074,10403.38803
662,0,3,0.4154485551,0.4168236679,0.02968238565,0.02322030801,0.03610603754,0.1302096418,0.07013990212,10266.48834
663,0,3,0.415907585,0.4172842172,0.02949155547,0.02330938363,0.03588073796,0.1293106084,0.06968095151,10126.71763
664,0,3,0.4163671222,0.4177452754,0.02931345814,0.02342100696,0.03567134924,0.1284400789,0.06924074201,9988.23884
665,0,3,0.4168271672,0.4182068431,0.02913676157,0.02355839003,0.03546584248,0.1275866643,0.06881157515,9855.671868
666,0,3,0.4172877204,0.4186689207,0.02896878805,0.02373564657,0.03527491843,0.1267459677,0.06839486784,9769.389065
667,0,3,0.4177487825,0.4191315089,0.02882339073,0.02391303499,0.0351008987,0.1260194812,0.06803602691,9778.712212
668,0,3,0.418210354,0.4195946082,0.02869266028,0.02410254804,0.0349377962,0.1253623152,0.06771366414,9805.367788
669,0,3,0.4186724355,0.4200582192,0.02857113066,0.02429329004,0.03477591942,0.1247330212,0.06740579464,9852.911763
670,0,3,0.4191350276,0.4205223424,0.02846594887,0.02449513228,0.03463973667,0.1242115614,0.06715419773,9924.795036
671,0,3,0.4195981308,0.4209869785,0.02836950991,0.02469579787,0.03451926676,0.1237341719,0.066926147,10036.00771
672,0,3,0.4200617456,0.4214521279,0.02829804871,0.02488450605,0.03441978806,0.1233677161,0.06675390135,10258.29491
673,0,3,0.4205258728,0.4219177912,0.02824807755,0.02506763863,0.03434380102,0.1231358542,0.0666488478,10507.69268
674,0,3,0.4209905127,0.4223839691,0.02820290398,0.02523522549,0.03427556187,0.1229860926,0.0665819298,10784.19714
675,0,3,0.421455666,0.422850662,0.02814725537,0.02539110168,0.03419706062,0.1228596335,0.06652237317,11087.30734
676,0,3,0.4219213333,0.4233178706,0.02808350272,0.0255429219,0.03412497059,0.1227685028,0.06647883664,11415.96754
677,0,3,0.4223875151,0.4237855955,0.02802854443,0.02569149772,0.03407289845,0.1227263234,0.06646120149,11768.51767
678,0,3,0.4228542119,0.4242538371,0.02798350723,0.02582924691,0.03403267109,0.1226606984,0.06643435914,12142.65343
679,0,3,0.4233214245,0.424722596,0.02796129395,0.02597249665,0.03402646968,0.1226962916,0.06646161515,12535.39615
680,0,3,0.4237891532,0.425191873,0.02795729839,0.02609571447,0.03403246432,0.1228674645,0.06655302269,12943.07436
681,0,3,0.4242573987,0.4256616684,0.02796658442,0.0261735032,0.03404386058,0.1231182159,0.06667882279,13361.31718
682,0,3,0.4247261617,0.4261319829,0.02801333084,0.02621108886,0.0340834715,0.1234937059,0.06686581021,13804.56779
683,0,3,0.4251954425,0.426602817,0.02810658722,0.02621635127,0.03414668002,0.1240183769,0.06712643087,14367.41135
684,0,3,0.4256652419,0.4270741714,0.02824232043,0.02618961919,0.03422345299,0.1246872624,0.06745680645,14915.907
685,0,3,0.4261355603,0.4275460465,0.02840950743,0.02613253508,0.03431320861,0.1254405467,0.06782834318,15436.42393
686,0,3,0.4266063984,0.4280184431,0.0285972194,0.02603375541,0.03441564919,0.1262431918,0.06822268274,15908.71659
687,0,3,0.4270777567,0.4284913616,0.02878030424,0.02590910066,0.03452137896,0.1270230528,0.06860424362,16301.45882
688,0,3,0.4275496358,0.4289648026,0.02894533986,0.02576380713,0.03462010178,0.1277467537,0.06895540405,16567.47911
689,0,3,0.4280220363,0.4294387667,0.02910073161,0.02562721102,0.03469841225,0.1284187852,0.06928017524,16637.94869
690,0,3,0.4284949588,0.4299132545,0.02923309163,0.02549787615,0.03475523045,0.129017531,0.06956681086,16745.40535
691,0,3,0.4289684038,0.4303882666,0.02932231558,0.02537183146,0.03479848516,0.1294812605,0.06978513346,17081.02747
692,0,3,0.4294423719,0.4308638035,0.02937183778,0.02527157671,0.03484536748,0.1298214736,0.0699449285,17407.28115
693,0,3,0.4299168637,0.4313398658,0.02936887399,0.02518260896,0.0348761807,0.1299281063,0.06998991951,17659.72719
694,0,3,0.4303918798,0.4318164542,0.02933003533,0.02509237512,0.03488537294,0.129828463,0.06993264138,17832.93716
695,0,3,0.4308674207,0.4322935691,0.02924012395,0.02500084015,0.03486814053,0.1295362792,0.06977725582,18526.79073
696,0,3,0.431343487,0.4327712112,0.02913165941,0.02493648911,0.03484566134,0.1291756483,0.06958996028,19474.40688
697,0,3,0.4318200793,0.433249381,0.02899703654,0.0248962661,0.03481231737,0.128666681,0.06933192707,20328.67847
698,0,3,0.4322971983,0.4337280792,0.02881642851,0.02488158199,0.03475538177,0.1279084413,0.06895285634,21085.56601
699,0,3,0.4327748444,0.4342073063,0.0286195707,0.0249248099,0.03468268312,0.1270131466,0.06851195861,21742.10049
700,0,3,0.4332530182,0.4346870629,0.02840283142,0.02505287529,0.03458233796,0.1259673621,0.06800382675,22296.32513
701,0,3,0.4337317204,0.4351673495,0.02819346542,0.02519462214,0.03447032298,0.1249494416,0.06750964116,22747.22038
702,0,3,0.4342109515,0.4356481669,0.02799649093,0.02536066888,0.034320217,0.123957953,0.06702689467,23094.61896
703,0,3,0.4346907121,0.4361295155,0.02781530887,0.02549973165,0.03418189018,0.1230373912,0.06657801622,23340.81995
704,0,3,0.4351710028,0.4366113959,0.0276484867,0.02554240912,0.0340046638,0.1221559371,0.06613479343,23486.05713
705,0,3,0.4356518242,0.4370938088,0.02749694118,0.02559259929,0.03384217,0.1213575671,0.06573434124,23697.20331
706,0,3,0.4361331768,0.4375767546,0.02735163314,0.02568479781,0.03367970888,0.1206189684,0.06536642679,23828.13314
707,0,3,0.4366150613,0.4380602341,0.02722848832,0.02578559267,0.03354095435,0.1200064908,0.06506312479,23860.49121
708,0,3,0.4370974782,0.4385442478,0.02712430754,0.0258471091,0.03342316095,0.1195034303,0.06481122329,23795.89618
709,0,3,0.4375804282,0.4390287963,0.02705499016,0.02586372992,0.03331981929,0.1191657405,0.06463665577,23636.28717
710,0,3,0.4380639117,0.4395138802,0.02700824563,0.02583198604,0.03320431025,0.1189289577,0.06450457354,23381.83218
711,0,3,0.4385479295,0.4399995,0.02698841013,0.02579881275,0.03305044095,0.1188322271,0.06443481759,23034.96709
712,0,3,0.439032482,0.4404856564,0.02698183137,0.02562469818,0.03290210818,0.1188935174,0.06442604595,22599.12416
713,0,3,0.4395175699,0.4409723499,0.0270028622,0.02545408376,0.03276982229,0.1191387388,0.06450768421,22078.14063
714,0,3,0.4400031938,0.4414595812,0.02705662906,0.02521293031,0.03265599678,0.1195730204,0.06467587333,21476.24271
715,0,3,0.4404893543,0.4419473508,0.02713200572,0.02489660853,0.03256158599,0.1201503745,0.06490831269,20798.00274
716,0,3,0.4409760519,0.4424356594,0.02722347838,0.02451646118,0.03248845903,0.1208121999,0.06517910372,20548.94686
717,0,3,0.4414632873,0.4429245075,0.02731751292,0.0242495322,0.03242663584,0.1214931956,0.06547207346,22264.14637
718,0,3,0.4419510611,0.4434138958,0.02739470352,0.02394750066,0.03234794379,0.1221377443,0.06574186378,23845.52973
719,0,3,0.4424393737,0.4439038247,0.0274584829,0.0236341918,0.0322701517,0.122711231,0.06597717827,25193.67592
720,0,3,0.4429282259,0.444394295,0.02750411377,0.02344388416,0.03220422691,0.1231553218,0.06616350485,26282.48427
721,0,3,0.4434176183,0.4448853072,0.02753781386,0.02340783374,0.0321517275,0.1234683769,0.06630315143,27201.41886
722,0,3,0.4439075514,0.4453768619,0.0275410901,0.02329458183,0.03209099377,0.1235678836,0.06633250131,27384.58827
723,0,3,0.4443980258,0.4458689598,0.02749168356,0.02315513374,0.03201034191,0.1233725056,0.06621440554,26577.23144
724,0,3,0.4448890421,0.4463616014,0.02739042798,0.02316490778,0.0319173655,0.1229493695,0.06599642826,25694.91401
725,0,3,0.4453806009,0.4468547872,0.02724565194,0.02331471116,0.03180493817,0.1222442412,0.06565270347,24992.64697
726,0,3,0.4458727029,0.4473485181,0.02707177463,0.02353757483,0.03169822084,0.1213279969,0.06521533265,24127.59652
727,0,3,0.4463653486,0.4478427944,0.0268749319,0.0237765525,0.03160609213,0.1202140687,0.06468762203,22897.7118
728,0,3,0.4468585387,0.4483376168,0.02666157886,0.02407032243,0.03149943749,0.1188769137,0.06405887016,21548.24851
729,0,3,0.4473522736,0.448832986,0.02641915497,0.02434938777,0.03140295959,0.1173560419,0.06334321368,20116.88707
730,0,3,0.4478465541,0.4493289026,0.02613913037,0.02462247905,0.03129649693,0.1156716571,0.06254782886,18738.06485
731,0,3,0.4483413807,0.449825367,0.02584226087,0.02491898111,0.03115672726,0.1138420579,0.06168373747,17242.81206
732,0,3,0.4488367541,0.45032238,0.02553834229,0.02523605033,0.03100848965,0.1119140741,0.06077695201,15505.32671
733,0,3,0.4493326747,0.4508199422,0.02524077599,0.02556455072,0.0308586841,0.1100286444,0.05989408152,13697.63729
734,0,3,0.4498291434,0.4513180541,0.02496080279,0.02589382534,0.03071631302,0.1082856362,0.05908215202,12062.85899
735,0,3,0.4503261606,0.4518167164,0.02470582018,0.02619009678,0.03058081827,0.1067198061,0.05835366777,10541.65277
736,0,3,0.4508237269,0.4523159297,0.02447544629,0.02642262294,0.0304356171,0.1053686861,0.05771934093,8881.818559
737,0,3,0.451321843,0.4528156945,0.02427557883,0.02658849571,0.03029394337,0.1042881753,0.05720576532,7105.275269
738,0,3,0.4518205095,0.4533160115,0.02411808904,0.02670270835,0.03013212223,0.1034796014,0.05681260763,9032.675392
739,0,3,0.4523197269,0.4538168814,0.02401283129,0.02675957221,0.02997696431,0.1030493755,0.05659170204,11996.71184
740,0,3,0.452819496,0.4543183046,0.02395564071,0.02674341711,0.02982170196,0.1029525126,0.05651910484,14849.66534
741,0,3,0.4533198172,0.4548202819,0.02394861038,0.02664074418,0.02965475106,0.1031589932,0.05657836894,17565.30188
742,0,3,0.4538206912,0.4553228138,0.02398683319,0.02645583852,0.02948787977,0.1036698336,0.05677201997,20097.74877
743,0,3,0.4543221187,0.4558259009,0.02407425518,0.02622946743,0.02933195114,0.1045160665,0.05712163828,22377.19221
744,0,3,0.4548241001,0.4563295439,0.02420740236,0.02594433376,0.02919555465,0.1056485331,0.05760446976,24486.16523
745,0,3,0.4553266363,0.4568337434,0.02436645967,0.02560209167,0.02905881256,0.1069525641,0.05816454465,26410.09734
746,0,3,0.4558297276,0.4573385,0.02454355703,0.02522737922,0.02893307105,0.108416775,0.05880077926,28071.56969
747,0,3,0.4563333749,0.4578438143,0.02474305796,0.02481692286,0.02880403933,0.1099674511,0.05947817155,29455.77487
748,0,3,0.4568375786,0.4583496869,0.02495544846,0.02437381714,0.02870028897,0.1115492082,0.06017430889,30556.7553
749,0,3,0.4573423394,0.4588561184,0.02517698582,0.02392498182,0.02863015103,0.1131435738,0.06088398641,31369.72803
750,0,3,0.457847658,0.4593631096,0.02540114219,0.02349288879,0.02859067848,0.1146959156,0.061582696,31890.42965
751,0,3,0.4583535348,0.4598706608,0.02560826304,0.02307092529,0.02855945032,0.1161472867,0.06223721783,32149.48774
752,0,3,0.4588599706,0.4603787729,0.02578007436,0.02265622043,0.02848177296,0.1173783423,0.06278296583,32237.39061
753,0,3,0.459366966,0.4608874464,0.02593063414,0.02230758373,0.02841739525,0.1184671819,0.06326935991,32077.43804
754,0,3,0.4598745215,0.4613966819,0.02605344158,0.02199703665,0.02838087106,0.1193421937,0.06366059314,31532.04482
755,0,3,0.4603826379,0.4619064801,0.02613224322,0.02172338963,0.02835919116,0.119914917,0.06391132694,31045.50604
756,0,3,0.4608913156,0.4624168416,0.02618017789,0.02150950574,0.02832962996,0.1202821832,0.06406721487,30477.84606
757,0,3,0.4614005554,0.4629277669,0.02620144493,0.02136379935,0.02831843464,0.1204498384,0.06413467266,29963.50879
758,0,3,0.4619103579,0.4634392568,0.02619488087,0.02129140095,0.02829955926,0.1204148323,0.06410946194,29412.48202
759,0,3,0.4624207236,0.4639513118,0.02615327007,0.02128645184,0.02827187617,0.120140977,0.06397315826,28720.43403
760,0,3,0.4629316533,0.4644639326,0.02607122491,0.0213505793,0.02824085382,0.1196021811,0.063713781,27953.28641
761,0,3,0.4634431474,0.4649771198,0.02593972289,0.02148189264,0.02819435326,0.1187554863,0.06330901994,27180.45406
762,0,3,0.4639552068,0.465490874,0.02576047369,0.02168085115,0.02814530206,0.1176473029,0.06278277477,26292.34647
763,0,3,0.4644678319,0.4660051959,0.02553692002,0.02193253349,0.02808249089,0.1162833126,0.0621361517,25409.9632
764,0,3,0.4649810234,0.466520086,0.02528083548,0.02223263855,0.02800865635,0.114724175,0.06139937301,24541.16673
765,0,3,0.4654947819,0.4670355451,0.02499863953,0.02257700674,0.0279323285,0.1129937968,0.06058561358,23571.24275
766,0,3,0.4660091081,0.4675515736,0.02468598515,0.02293794459,0.02782909151,0.1110654518,0.05967734092,22595.3179
767,0,3,0.4665240025,0.4680681724,0.02434559378,0.0233128714,0.02772798312,0.1090256255,0.0587188768,21648.98968
768,0,3,0.4670394659,0.4685853419,0.0239956163,0.02369322644,0.02762774272,0.1068779724,0.05771341205,20606.96032
769,0,3,0.4675554988,0.4691030829,0.02363877715,0.02406898441,0.02752980031,0.1046415066,0.05666975077,19533.85331
770,0,3,0.4680721019,0.4696213959,0.02326965937,0.02442633378,0.02742170181,0.1023364224,0.05559410019,18712.06834
771,0,3,0.4685892757,0.4701402815,0.02290583423,0.02475740964,0.02731456058,0.1000644143,0.0545357195,17811.12754
772,0,3,0.469107021,0.4706597405,0.02254831112,0.02504297271,0.02720077642,0.09791830421,0.05353375887,16832.29886
773,0,3,0.4696253384,0.4711797735,0.0222248845,0.025274323,0.02708857737,0.09596649802,0.05262151808,15776.88303
774,0,3,0.4701442284,0.471700381,0.02195753324,0.02544653895,0.02697235579,0.09429273463,0.05183697375,14646.34913
775,0,3,0.4706636918,0.4722215638,0.02173968724,0.02554345555,0.02685574686,0.09288010438,0.05116890426,13442.47944
776,0,3,0.4711837291,0.4727433224,0.02156706114,0.02556216755,0.02671808161,0.09171820421,0.05060792281,12368.31607
777,0,3,0.471704341,0.4732656575,0.0214580517,0.02554261685,0.02656482584,0.09094911333,0.05022525372,11814.05253
778,0,3,0.4722255282,0.4737885698,0.02140782393,0.02546889075,0.02641589393,0.09054307276,0.0500070165,11886.95692
779,0,3,0.4727472912,0.4743120598,0.02140148817,0.02532609778,0.02625947467,0.09049177636,0.04994436035,11890.62672
780,0,3,0.4732696306,0.4748361282,0.02142971249,0.02506502872,0.02607869357,0.09070874574,0.04998915646,11828.96318
781,0,3,0.4737925473,0.4753607756,0.02151197577,0.02472578497,0.02591195884,0.09129680738,0.05020126042,11706.1029
782,0,3,0.4743160417,0.4758860028,0.02163111303,0.02434360459,0.02576320065,0.09218962011,0.0505548828,12592.68236
783,0,3,0.4748401145,0.4764118102,0.0217781214,0.02390930646,0.02561134871,0.09332000212,0.05101594232,14565.58474
784,0,3,0.4753647663,0.4769381986,0.02195594526,0.02342504564,0.02547807657,0.09467803571,0.05158454014,16496.44269
785,0,3,0.4758899979,0.4774651687,0.02215685815,0.02290186859,0.02536915896,0.09620660285,0.05223678447,18331.85367
786,0,3,0.4764158098,0.477992721,0.02237013279,0.02236409004,0.02527966761,0.09784781935,0.05294769284,20237.77112
787,0,3,0.4769422026,0.4785208561,0.02259241439,0.02185209349,0.02521344945,0.09954993226,0.05369785429,22083.48555
788,0,3,0.4774691771,0.4790495749,0.02281575786,0.0213345778,0.02516648117,0.1012469412,0.05445185465,23772.94447
789,0,3,0.4779967338,0.4795788778,0.02301805628,0.02081445192,0.02511317331,0.1028001148,0.05513983906,25270.36769
790,0,3,0.4785248734,0.4801087655,0.02320690149,0.02031249701,0.02506652286,0.1042127281,0.05576688327,26546.92611
791,0,3,0.4790535966,0.4806392387,0.02336619125,0.01989047132,0.02503902996,0.1054537658,0.05632286276,27576.86766
792,0,3,0.4795829039,0.481170298,0.02349543078,0.0195075102,0.02501243332,0.1064970891,0.05678870931,28338.39885
793,0,3,0.4801127961,0.4817019441,0.02359368023,0.01920822522,0.0249996851,0.1072919781,0.05714492646,28813.88347
794,0,3,0.4806432737,0.4822341776,0.02363930636,0.01897145351,0.02498671699,0.1077417495,0.05733967531,28989.99476
795,0,3,0.4811743375,0.4827669992,0.02363749441,0.01883629706,0.02495958471,0.1078840331,0.05739225272,28859.34057
796,0,3,0.4817059881,0.4833004095,0.0235826643,0.01878988252,0.02490292793,0.1076484427,0.05726592526,28431.53473
797,0,3,0.482238226,0.4838344091,0.02347412255,0.01883793136,0.02482212803,0.1070358789,0.05696209156,27829.58578
798,0,3,0.4827710521,0.4843689988,0.0233033632,0.01899017204,0.02472456414,0.1060668215,0.05649147736,27021.46182
799,0,3,0.4833044669,0.4849041792,0.02308213371,0.01925627223,0.02461928731,0.1047411929,0.05585789046,26136.18848
800,0,3,0.483838471,0.4854399508,0.02281826806,0.0196376104,0.02451619553,0.103098676,0.05508332312,24981.30037
801,0,3,0.4843730652,0.4859763145,0.02253775561,0.02010854267,0.02443226343,0.1012618742,0.05422915862,23652.07698
802,0,3,0.48490825,0.4865132707,0.02224161619,0.02060919076,0.02435916372,0.09927447702,0.05331092496,22323.02258
803,0,3,0.4854440262,0.4870508203,0.02192805196,0.02111712532,0.024289533,0.0971613313,0.05233803148,20768.42497
804,0,3,0.4859803943,0.4875889638,0.02160446106,0.02162697957,0.02422944249,0.09497249887,0.05133546632,19006.55943
805,0,3,0.4865173551,0.4881277019,0.02127781669,0.02210015463,0.0241741398,0.09276358941,0.0503255275,17058.35484
806,0,3,0.4870549091,0.4886670352,0.02095705464,0.02252395526,0.02410892073,0.09059180575,0.04933214477,14947.53343
807,0,3,0.4875930572,0.4892069645,0.02063780968,0.02287046297,0.02402470718,0.08846841074,0.0483549985,13074.58804
808,0,3,0.4881317998,0.4897474903,0.02034284173,0.02315036688,0.02394017203,0.08652851548,0.04746073779,11364.53774
809,0,3,0.4886711376,0.4902886133,0.02007918945,0.02334760089,0.0238576549,0.08485023167,0.04668252839,10718.48794
810,0,3,0.4892110714,0.4908303343,0.01985854584,0.02346609105,0.02378309824,0.08350039532,0.04605152292,10219.65476
811,0,3,0.4897516018,0.4913726538,0.01968881124,0.02350808792,0.02371086651,0.08251027963,0.04558078247,10600.40922
812,0,3,0.4902927294,0.4919155724,0.01955689408,0.02349977192,0.02363314317,0.08187831182,0.04526945656,10939.44842
813,0,3,0.4908344549,0.492459091,0.01948065146,0.02342175022,0.02355264073,0.08166208129,0.04514281939,11250.62217
814,0,3,0.4913767789,0.4930032101,0.01945578709,0.02329204566,0.02346461764,0.08179433936,0.04517175355,13164.75608
815,0,3,0.4919197021,0.4935479304,0.01947653796,0.02310388971,0.02338301895,0.08227959797,0.04535918614,15631.2025
816,0,3,0.4924632253,0.4940932526,0.01954952317,0.02287949132,0.02331174826,0.0830806897,0.0456932533,17876.9908
817,0,3,0.493007349,0.4946391773,0.01966292495,0.02259542043,0.02323331971,0.08407329109,0.04611206204,19885.33496
818,0,3,0.4935520738,0.4951857052,0.01980331224,0.0222670397,0.0231614175,0.08523408245,0.04660818679,21594.30894
819,0,3,0.4940974006,0.4957328369,0.01996996608,0.02190526274,0.02310757374,0.08654732178,0.04717795818,23032.29951
820,0,3,0.4946433298,0.4962805732,0.02014806852,0.02152966065,0.02307539982,0.08794915165,0.04779382362,24238.98008
821,0,3,0.4951898623,0.4968289146,0.0203360708,0.02114147898,0.02305159006,0.08935155752,0.04841382691,25261.7994
822,0,3,0.4957369987,0.497377862,0.02051893663,0.0207387447,0.02302231554,0.09068646248,0.04900301976,26018.94526
823,0,3,0.4962847395,0.4979274158,0.02069143296,0.02034370127,0.0229990699,0.09192343175,0.04955016675,26537.74457
824,0,3,0.4968330856,0.4984775769,0.0208407901,0.01996220051,0.02293601136,0.0929844561,0.05001249263,26834.78062
825,0,3,0.4973820375,0.4990283458,0.0209646316,0.01960678287,0.02286054748,0.09387959783,0.05039822723,26998.35732
826,0,3,0.497931596,0.4995797233,0.02105732434,0.01926895103,0.0227814531,0.09462146162,0.05071222482,26935.09077
827,0,3,0.4984817617,0.50013171,0.02112122421,0.01894242516,0.02269139664,0.0951208143,0.05091117357,26541.72168
828,0,3,0.4990325353,0.5006843066,0.0211549309,0.01865804242,0.02258969009,0.09541680462,0.051015474,26150.07542
829,0,3,0.4995839174,0.5012375138,0.02116780788,0.01841592782,0.02248705468,0.09554801643,0.05104486644,25686.61208
830,0,3,0.5001359087,0.5017913322,0.02115254207,0.01819282225,0.02236790992,0.09548094813,0.05097877908,25160.09349
831,0,3,0.5006885099,0.5023457625,0.02110088942,0.01799534025,0.02224837527,0.09520111446,0.05081171666,24690.96224
832,0,3,0.5012417218,0.5029008054,0.02101234183,0.01781519638,0.02211656833,0.09470813693,0.05054125426,24097.61034
833,0,3,0.5017955448,0.5034564616,0.0208986758,0.01767480235,0.02198450882,0.09405750876,0.05019782583,23393.17859
834,0,3,0.5023499798,0.5040127317,0.020755706,0.01758138397,0.02185030839,0.09323142096,0.04977308064,22590.9625
835,0,3,0.5029050273,0.5045696165,0.02058567635,0.01751572499,0.02170651359,0.09221531998,0.04925801626,21704.13295
836,0,3,0.5034606882,0.5051271165,0.02038176977,0.01747254814,0.02155323362,0.09103963058,0.04866585737,20745.57415
837,0,3,0.504016963,0.5056852325,0.02015418486,0.01745962126,0.02139160614,0.08972368888,0.04800773558,19727.74885
838,0,3,0.5045738524,0.5062439652,0.01991462701,0.01748726295,0.02122713793,0.08830604326,0.04730471804,18685.59068
839,0,3,0.5051313571,0.5068033153,0.01966822582,0.01755293885,0.02106660856,0.08683061603,0.04657870395,17683.19387
840,0,3,0.5056894778,0.5073632833,0.01939863498,0.01763271797,0.02089713144,0.08524799869,0.04580155883,16633.91805
841,0,3,0.5062482152,0.5079238701,0.01913365317,0.01773538763,0.02072602307,0.08367286195,0.04503153483,15545.46601
842,0,3,0.50680757,0.5084850763,0.01885931856,0.01788534314,0.02055591979,0.08206104867,0.04424963543,14425.01211
843,0,3,0.5073675427,0.5090469025,0.01859482474,0.01806602445,0.02039417482,0.08048581588,0.04349148673,13279.18173
844,0,3,0.5079281342,0.5096093495,0.01833704041,0.01826648279,0.02022624886,0.07890141647,0.04273302619,12114.03225
845,0,3,0.5084893451,0.510172418,0.0180768979,0.0184750783,0.02006126332,0.0773284042,0.04198285108,10935.03903
846,0,3,0.5090511761,0.5107361086,0.01782007521,0.01869232303,0.01990026331,0.07574040026,0.04122980334,9747.084959
847,0,3,0.5096136278,0.511300422,0.01757689775,0.01889299522,0.01975017023,0.07419658247,0.04050029221,8554.452249
848,0,3,0.510176701,0.511865359,0.0173511778,0.01905052853,0.01962538012,0.07275529029,0.03981982489,8114.33955
849,0,3,0.5107403963,0.5124309201,0.01714464636,0.01918111852,0.0195186602,0.07141653198,0.03918913543,7848.228814
850,0,3,0.5113047145,0.5129971061,0.01695888717,0.01929095515,0.01941346139,0.07020758255,0.03861907539,7581.063557
851,0,3,0.5118696561,0.5135639177,0.01678609286,0.01937501058,0.01930737415,0.06908797596,0.03808899798,7316.484137
852,0,3,0.512435222,0.5141313556,0.01662440182,0.01943319288,0.01920765632,0.06812383235,0.03762914534,7092.224697
853,0,3,0.5130014128,0.5146994204,0.0164960092,0.01947242028,0.01911895558,0.067352213,0.03725972534,7082.946804
854,0,3,0.5135682291,0.5152681129,0.01640165095,0.01948218657,0.01903694136,0.06678007836,0.03698159593,7050.04517
855,0,3,0.5141356718,0.5158374337,0.01633504074,0.01946021379,0.0189501575,0.06638003003,0.03677958106,7005.395679
856,0,3,0.5147037414,0.5164073836,0.01629117619,0.01941264594,0.01885959446,0.06618001637,0.03666651099,7038.135354
857,0,3,0.5152724386,0.5169779633,0.01628385921,0.01934189351,0.01878925279,0.06621346443,0.03666241879,7050.588732
858,0,3,0.5158417643,0.5175491733,0.01630216754,0.01923133006,0.01872922038,0.06642298384,0.03673690651,7113.423883
859,0,3,0.5164117189,0.5181210145,0.01633890648,0.01908475091,0.01866947756,0.06680520186,0.03688723346,8136.064671
860,0,3,0.5169823033,0.5186934875,0.01640010822,0.01891842308,0.01861205809,0.06735407379,0.03711418275,9116.791387
861,0,3,0.5175535182,0.5192665931,0.01648422744,0.01872177087,0.01855689101,0.06806022645,0.03741252159,10051.3041
862,0,3,0.5181253642,0.5198403318,0.0165880565,0.0185060201,0.01850889356,0.06890398777,0.03777557104,11000.70277
863,0,3,0.518697842,0.5204147045,0.01669940338,0.01827700097,0.01846334016,0.06981218874,0.03816921359,11906.88004
864,0,3,0.5192709524,0.5209897118,0.01681270902,0.01803777894,0.01840801339,0.07076223026,0.0385816564,12735.36585
865,0,3,0.519844696,0.5215653545,0.01693016597,0.01779482871,0.01834676945,0.07172777734,0.03900245005,13479.81682
866,0,3,0.5204190735,0.5221416332,0.01704664675,0.01754624562,0.01828756036,0.07269774487,0.03942669107,14182.39301
867,0,3,0.5209940856,0.5227185486,0.01715523163,0.01728994335,0.01822663443,0.07363896266,0.03983764281,14973.49875
868,0,3,0.5215697331,0.5232961014,0.01726131148,0.01704011936,0.01816172506,0.07453705857,0.04023039864,15702.58743
869,0,3,0.5221460166,0.5238742924,0.0173611315,0.01679919136,0.01810239126,0.07537947099,0.0405998243,16366.58139
870,0,3,0.5227229369,0.5244531222,0.01745440512,0.01657510793,0.01804883065,0.0761535801,0.04094056213,16962.6534
871,0,3,0.5233004946,0.5250325916,0.01753562552,0.01642034255,0.01800374859,0.07688907516,0.04127102693,17488.19167
872,0,3,0.5238786904,0.5256127012,0.0176095699,0.01627688779,0.01795959246,0.07755833343,0.04157185368,17940.74911
873,0,3,0.5244575251,0.5261934518,0.01766921073,0.01615392972,0.01792120756,0.07813460873,0.04183102083,18318.00203
874,0,3,0.5250369993,0.5267748441,0.01771493345,0.01605994983,0.01788174526,0.07862796158,0.04205310337,18812.04545
875,0,3,0.5256171138,0.5273568787,0.01774892193,0.01593277029,0.01784218155,0.0790253329,0.042226248,19300.48359
876,0,3,0.5261978693,0.5279395565,0.01776689285,0.01580981451,0.01779661927,0.07930539975,0.04234288253,19700.52972
877,0,3,0.5267792664,0.528522878,0.01777060252,0.01571551254,0.01774697747,0.07947579323,0.04240910447,20005.11803
878,0,3,0.527361306,0.5291068441,0.0177573866,0.01564964958,0.01770168486,0.07952029564,0.04241775388,20255.67124
879,0,3,0.5279439886,0.5296914554,0.01772063422,0.01561041079,0.01765680866,0.07940267526,0.04235048268,20607.3989
880,0,3,0.5285273151,0.5302767126,0.01765882987,0.01563613835,0.01761548756,0.07914160523,0.04221972932,20818.31701
881,0,3,0.529111286,0.5308626164,0.01756915362,0.01567979179,0.01756754397,0.078712817,0.04200850268,20880.09035
882,0,3,0.5296959022,0.5314491677,0.01745162942,0.01574017294,0.01750124711,0.07808824668,0.04170245896,20786.39609
883,0,3,0.5302811643,0.532036367,0.01730428739,0.01582230096,0.01742504,0.07725024867,0.04129472275,20533.00509
884,0,3,0.5308670731,0.5326242151,0.01713127849,0.01593858821,0.01734617378,0.07622942617,0.04080237265,20117.86664
885,0,3,0.5314536293,0.5332127127,0.0169262453,0.01608663792,0.01726200419,0.07503125639,0.04022730392,19606.26678
886,0,3,0.5320408336,0.5338018605,0.0166919511,0.0162428231,0.01717249914,0.07365908496,0.03956957814,19027.44273
887,0,3,0.5326286866,0.5343916593,0.01643918935,0.01644436477,0.0170831135,0.07215720976,0.03885601551,18353.27199
888,0,3,0.5332171892,0.5349821098,0.01617887642,0.01665629019,0.01699483547,0.07057220638,0.03810658995,17517.0396
889,0,3,0.533806342,0.5355732126,0.01590553122,0.01688305943,0.01690503585,0.06887798677,0.03730945228,16618.02089
890,0,3,0.5343961458,0.5361649686,0.01562763297,0.0171023359,0.01680917959,0.06714503118,0.03649560431,15580.57977
891,0,3,0.5349866012,0.5367573784,0.01535185594,0.01729144555,0.01669591195,0.06539746866,0.03567301485,14277.22912
892,0,3,0.535577709,0.5373504427,0.01508347197,0.01745624222,0.01657557516,0.06366068148,0.03485564365,12870.08448
893,0,3,0.53616947,0.5379441623,0.01482796072,0.01760101923,0.01645654037,0.06200724475,0.03407851383,11299.11456
894,0,3,0.5367618848,0.538538538,0.01459244574,0.01772923076,0.01633494041,0.06049294127,0.03336724186,9471.898457
895,0,3,0.5373549542,0.5391335703,0.01438206448,0.01781846954,0.01622208737,0.05913759533,0.03272901211,7746.36379
896,0,3,0.5379486788,0.5397292601,0.01420770252,0.01786453891,0.01612257987,0.05801937728,0.03219932563,7630.558452
897,0,3,0.5385430594,0.540325608,0.01406880061,0.01787136672,0.01601671123,0.05714385465,0.03177763389,7567.16744
898,0,3,0.5391380968,0.5409226149,0.01396712726,0.01783767215,0.01590890418,0.05654332059,0.03147818104,7472.406105
899,0,3,0.5397337917,0.5415202814,0.01390120635,0.01775692692,0.01580211108,0.05622987947,0.03130518348,7347.244507
900,0,3,0.5403301447,0.5421186083,0.01387131327,0.01763653788,0.01570427906,0.05622195544,0.03126896806,7294.737006
901,0,3,0.5409271566,0.5427175962,0.0138833096,0.01748588348,0.01562792208,0.05651169045,0.03136999168,7248.723063
902,0,3,0.5415248282,0.543317246,0.01393193515,0.01730675697,0.01556387966,0.05705232303,0.03158648669,7170.782281
903,0,3,0.5421231601,0.5439175583,0.01401107482,0.01710756009,0.01550467394,0.0577790125,0.03188960657,8633.29794
904,0,3,0.5427221532,0.5445185339,0.01411017349,0.0168890247,0.01544782621,0.05861757637,0.03224512267,10124.71982
905,0,3,0.543321808,0.5451201735,0.01420726202,0.01664604749,0.01539058242,0.05946300981,0.03260236477,11513.92396
906,0,3,0.5439221255,0.5457224778,0.01429759953,0.01639817256,0.01533639464,0.06028127068,0.03294828528,12697.17222
907,0,3,0.5445231062,0.5463254477,0.01439267872,0.01615479006,0.01526965816,0.06110646007,0.03329898033,13669.52015
908,0,3,0.5451247509,0.5469290837,0.0144788147,0.01590792113,0.01518448407,0.06185628312,0.03361348817,14432.48317
909,0,3,0.5457270604,0.5475333867,0.01455297985,0.01568663761,0.01511983421,0.06252487754,0.03389627384,15077.65105
910,0,3,0.5463300354,0.5481383575,0.01460843784,0.01550629573,0.01506148684,0.06308702119,0.03413455834,15407.11654
911,0,3,0.5469336766,0.5487439966,0.01465410825,0.0153632441,0.0150125814,0.06355604378,0.03433482365,15566.08885
912,0,3,0.5475379848,0.5493503049,0.01467995495,0.01526986305,0.01496062208,0.06385052423,0.03445787084,15722.62843
913,0,3,0.5481429607,0.5499572831,0.01468068364,0.01523614885,0.01489872278,0.06397380682,0.0345046468,15805.12878
914,0,3,0.548748605,0.550564932,0.01465961678,0.01523367234,0.01483638883,0.06393386525,0.03447690059,15798.72449
915,0,3,0.5493549186,0.5511732523,0.01461231739,0.0152181244,0.01476268436,0.06368317686,0.03434601503,15641.12061
916,0,3,0.549961902,0.5517822447,0.01454993038,0.0152166075,0.01469310447,0.06330924683,0.03415843114,15339.12065
917,0,3,0.5505695561,0.55239191,0.01446709703,0.01521789431,0.01462072364,0.06280945408,0.03391044929,14901.09175
918,0,3,0.5511778815,0.5530022489,0.01436840999,0.01524244258,0.01455295877,0.06222568983,0.03362517043,14336.81297
919,0,3,0.5517868792,0.5536132621,0.01426578834,0.01529505671,0.01450173887,0.06158149182,0.03331678272,13657.415
920,0,3,0.5523965497,0.5542249505,0.01416086176,0.01536796461,0.01445646876,0.06087940549,0.03298482926,12919.09346
921,0,3,0.5530068938,0.5548373148,0.01405408851,0.0154418291,0.01441269646,0.06015765295,0.03264443489,12278.29356
922,0,3,0.5536179123,0.5554503556,0.01394735867,0.01551062042,0.01437625548,0.05943437609,0.03230414038,11562.6933
923,0,3,0.5542296059,0.5560640739,0.01384709358,0.01556847081,0.0143508528,0.05871489343,0.03196679907,10781.69004
924,0,3,0.5548419754,0.5566784702,0.01375676469,0.01561093106,0.01433643492,0.05805332215,0.03165703445,9944.960955
925,0,3,0.5554550215,0.5572935454,0.01366864407,0.01563465636,0.01432219147,0.05743598287,0.03136595131,9062.412683
926,0,3,0.5560687449,0.5579093002,0.01359292788,0.0156371904,0.01430860559,0.0568871366,0.0311053529,8178.979396
927,0,3,0.5566831465,0.5585257353,0.0135332135,0.01561403348,0.01429020608,0.05641084387,0.03087612024,7668.897772
928,0,3,0.5572982269,0.5591428516,0.01348654262,0.01556603453,0.01426878572,0.05602678463,0.03068707833,7133.730639
929,0,3,0.5579139869,0.5597606497,0.01344985126,0.01550051499,0.01424926455,0.05572300963,0.0305338329,6737.242551
930,0,3,0.5585304272,0.5603791305,0.01342324346,0.01541509345,0.01422521149,0.05548872523,0.03041037586,6505.892079
931,0,3,0.5591475487,0.5609982947,0.01340865165,0.01531371885,0.01419782861,0.05532914228,0.0303199367,6464.9689
932,0,3,0.559765352,0.561618143,0.01340148022,0.0152069358,0.01416938313,0.05522144187,0.03025322143,6417.771298
933,0,3,0.5603838379,0.5622386762,0.01339114722,0.0150839248,0.01413036354,0.05511277915,0.03018249994,6451.81226
934,0,3,0.5610030072,0.562859895,0.01338681413,0.01496583919,0.01409307671,0.05504102745,0.03013018689,6905.2903
935,0,3,0.5616228607,0.5634818003,0.01338607693,0.01485935942,0.01405289221,0.05499394624,0.03009071917,7329.538629
936,0,3,0.562243399,0.5641043927,0.01338926948,0.0147669867,0.01401359852,0.05497099561,0.03006462928,7720.615342
937,0,3,0.5628646229,0.5647276731,0.01338688039,0.01467949268,0.01397272488,0.05493015184,0.03003021268,8074.794817
938,0,3,0.5634865332,0.5653516421,0.01336938328,0.01460007987,0.0139265179,0.05482934517,0.02996709751,8388.594959
939,0,3,0.5641091307,0.5659763007,0.01333667798,0.01452956748,0.01387668376,0.05465880355,0.02987106655,8658.851066
940,0,3,0.5647324161,0.5666016494,0.01329350933,0.0144757134,0.01382107709,0.0544506098,0.02975800207,8884.150154
941,0,3,0.5653563901,0.5672276892,0.01323676668,0.01443898115,0.01376402042,0.0541867252,0.02961986502,9061.527559
942,0,3,0.5659810536,0.5678544206,0.01316930191,0.01442418037,0.01370405458,0.0538667614,0.02945724269,9186.046266
943,0,3,0.5666064073,0.5684818447,0.01309463818,0.01444479456,0.01363817097,0.05351618307,0.02928354144,9255.950436
944,0,3,0.5672324519,0.569109962,0.01301813505,0.01447215704,0.01356670357,0.05314310195,0.02909965593,9270.230588
945,0,3,0.5678591883,0.5697387733,0.01294107132,0.01449126905,0.01349291123,0.05276343812,0.0289115343,9228.64119
946,0,3,0.5684866171,0.5703682795,0.01285647705,0.01450028523,0.0134128438,0.05233029705,0.02869630482,9131.681816
947,0,3,0.5691147392,0.5709984812,0.01277469381,0.01450972873,0.01332862479,0.05192032068,0.02849165215,9193.075584
948,0,3,0.5697435553,0.5716293793,0.0126975339,0.01451136158,0.01324757807,0.05154505647,0.02830281856,9251.842629
949,0,3,0.5703730662,0.5722609746,0.01261918709,0.01449590825,0.01316872265,0.0511692276,0.02811174287,9269.609012
950,0,3,0.5710032726,0.5728932677,0.01254878355,0.01445964886,0.01310691465,0.05084245481,0.02794324532,9245.572987
951,0,3,0.5716341753,0.5735262595,0.01248385549,0.01441636913,0.01304411436,0.05056875233,0.02779849807,9178.759617
952,0,3,0.5722657751,0.5741599508,0.01242554678,0.01437654534,0.01296910137,0.05035569265,0.02768109753,9069.112933
953,0,3,0.5728980728,0.5747943422,0.01236235524,0.01432908728,0.01288166703,0.05012929759,0.02755464748,8916.8433
954,0,3,0.5735310691,0.5754294346,0.01230204554,0.01430804752,0.01279695196,0.04993173124,0.02744540177,8722.517767
955,0,3,0.5741647648,0.5760652288,0.01225500198,0.01427546644,0.01271014327,0.04980893428,0.02736992735,8487.064118
956,0,3,0.5747991607,0.5767017255,0.01221722524,0.01423923519,0.01262277757,0.0497418458,0.02732033194,8420.461614
957,0,3,0.5754342575,0.5773389255,0.01218974709,0.01420341716,0.01253668336,0.04972869679,0.02729669718,8404.432049
958,0,3,0.5760700561,0.5779768296,0.01216221971,0.01414808603,0.01245417417,0.04972712353,0.02727627722,8353.14736
959,0,3,0.5767065571,0.5786154386,0.01214290439,0.01409330133,0.0123755348,0.04974995313,0.02726849357,8425.892736
960,0,3,0.5773437614,0.5792547532,0.01212791738,0.01402598839,0.01229692763,0.04976498532,0.02725611364,8548.955466
961,0,3,0.5779816698,0.5798947741,0.01211620673,0.01395645705,0.01221895283,0.04977970755,0.02724383991,8801.486029
962,0,3,0.5786202829,0.5805355023,0.0120964818,0.01389625623,0.01215024343,0.04975092434,0.02721311126,9019.372298
963,0,3,0.5792596017,0.5811769384,0.0120779322,0.01385211028,0.01209433225,0.04973312599,0.02719105597,9190.631846
964,0,3,0.5798996269,0.5818190832,0.01206380976,0.01381940448,0.01204790956,0.04972674048,0.02717725285,9314.348719
965,0,3,0.5805403592,0.5824619376,0.01205492463,0.01379245083,0.01201204689,0.04974241803,0.02717604795,9390.10905
966,0,3,0.5811817995,0.5831055022,0.0120405312,0.01377443251,0.01198139817,0.04973286344,0.02716441142,9417.992496
967,0,3,0.5818239485,0.5837497779,0.01201875242,0.01376394122,0.01195042401,0.04967984148,0.02713298625,9398.567073
968,0,3,0.5824668071,0.5843947654,0.01198932354,0.01375833535,0.01191231292,0.04958392239,0.02708091685,9332.971458
969,0,3,0.5831103759,0.5850404656,0.01196015993,0.01375906109,0.01187341723,0.0494905541,0.02703077029,9298.906993
970,0,3,0.5837546558,0.5856868792,0.0119334833,0.01376729754,0.01183551589,0.04941561958,0.02699041219,9233.63007
971,0,3,0.5843996476,0.5863340069,0.01190720619,0.01376962236,0.01180367523,0.04932449738,0.02694260961,9126.579305
972,0,3,0.585045352,0.5869818497,0.01188928546,0.01377241428,0.01177817468,0.04928538965,0.02692029688,8979.82784
973,0,3,0.5856917698,0.5876304081,0.01187610388,0.01377796569,0.01174760686,0.0492842426,0.02691568789,8795.708715
974,0,3,0.5863389019,0.5882796832,0.01186755859,0.01377924369,0.01171704549,0.04933483731,0.02693474443,8577.427879
975,0,3,0.586986749,0.5889296755,0.01186681503,0.01377694261,0.01168977179,0.04943951004,0.02697935027,8328.174916
976,0,3,0.587635312,0.5895803859,0.0118735909,0.01376624376,0.0116626143,0.04958528289,0.02704259825,8498.599062
977,0,3,0.5882845915,0.5902318153,0.01189227719,0.0137525345,0.01164523841,0.04980037115,0.02713967118,9124.218314
978,0,3,0.5889345884,0.5908839643,0.01191864285,0.01372855229,0.01163269669,0.05005775393,0.02725630916,9784.743091
979,0,3,0.5895853035,0.5915368338,0.01194258432,0.0136814269,0.0116097778,0.05031915515,0.02737065526,10754.61992
980,0,3,0.5902367375,0.5921904245,0.01197009603,0.01362547958,0.01158569663,0.05061964654,0.0275023357,11689.0827
981,0,3,0.5908888914,0.5928447373,0.01200220784,0.01356238547,0.01155693637,0.05094963674,0.02764696889,12570.79686
982,0,3,0.5915417658,0.593499773,0.01203148776,0.01349424726,0.011525714,0.05128683831,0.02779403386,13404.9158
983,0,3,0.5921953615,0.5941555323,0.01206580342,0.01342472491,0.01150348024,0.05165628667,0.02795759674,14183.73779
984,0,3,0.5928496794,0.594812016,0.01209406821,0.01334837656,0.01148124275,0.05200641206,0.02811108088,14873.76031
985,0,3,0.5935047203,0.595469225,0.01211977658,0.01326704248,0.01145835266,0.05233305498,0.02825307899,15448.63217
986,0,3,0.5941604849,0.59612716,0.0121411402,0.01319065447,0.0114374011,0.0526181298,0.02837640912,16398.85484
987,0,3,0.5948169741,0.5967858219,0.01215717677,0.01312835647,0.01141206253,0.05282893971,0.02846613221,17219.26601
988,0,3,0.5954741887,0.5974452114,0.01216794574,0.01307423382,0.01138721647,0.05297115885,0.0285245809,17806.50331
989,0,3,0.5961321294,0.5981053293,0.01216856175,0.0130249134,0.01135945428,0.05305260582,0.02855406473,18165.41719
990,0,3,0.5967907971,0.5987661766,0.01215044926,0.01297996122,0.01132350414,0.05304034848,0.02853775185,18309.34338
991,0,3,0.5974501925,0.5994277539,0.01211147788,0.01294943778,0.01127907353,0.0529248834,0.02847207675,18429.15167
992,0,3,0.5981103165,0.6000900621,0.01205410981,0.0129470011,0.01123114461,0.05268771592,0.02835075139,18294.0367
993,0,3,0.5987711698,0.6007531021,0.01198078247,0.01295202163,0.01118939399,0.05235794544,0.02818621561,17893.03215
994,0,3,0.5994327534,0.6014168746,0.01190615427,0.01297431275,0.01113285663,0.05198513715,0.02800216189,17425.83761
995,0,3,0.6000950679,0.6020813804,0.0118276631,0.01298908856,0.01108085507,0.05156485935,0.02779536879,16972.62596
996,0,3,0.6007581142,0.6027466205,0.0117416534,0.01298562972,0.01103917562,0.05109479664,0.02756372002,16491.73201
997,0,3,0.6014218932,0.6034125956,0.01164630492,0.01297622983,0.0110006358,0.05057209554,0.02730645434,15943.8737
998,0,3,0.6020864055,0.6040793066,0.0115427844,0.0129505973,0.01094093261,0.04997844015,0.02701158237,15243.41449
999,0,3,0.6027516521,0.6047467543,0.01143086192,0.01293262801,0.0108805971,0.04933067236,0.02669185316,14421.62778
1000,0,3,0.6034176337,0.6054149396,0.01131588877,0.01291720567,0.01082809087,0.04867948306,0.0263715906,13512.96122
1001,0,3,0.6040843511,0.6060838633,0.01120033083,0.01291009681,0.01077638686,0.04801699204,0.02604745692,12551.78646
1002,0,3,0.6047518052,0.6067535262,0.01108102228,0.01290422907,0.01072714671,0.04736126047,0.02572678008,11576.90447
1003,0,3,0.6054199967,0.6074239293,0.01096132613,0.01288773749,0.01068163764,0.04671507679,0.02540984175,10478.69326
1004,0,3,0.6060889266,0.6080950734,0.01084198134,0.0128687113,0.01064208762,0.04608001504,0.02509867578,9344.695826
1005,0,3,0.6067585955,0.6087669594,0.01072655062,0.01286452721,0.01060683016,0.04546397702,0.02479935988,8505.068108
1006,0,3,0.6074290044,0.6094395881,0.01062139574,0.01286573953,0.01057606984,0.0448855398,0.02451992168,7814.099572
1007,0,3,0.608100154,0.6101129605,0.01052154908,0.01286152524,0.01054052702,0.04433923883,0.02425485846,7352.149096
1008,0,3,0.6087720452,0.6107870773,0.01042716805,0.01283616086,0.01048971112,0.04382193938,0.02399942327,6977.511047
1009,0,3,0.6094446787,0.6114619396,0.01032844707,0.01281385099,0.0104265886,0.04329017119,0.02373617633,7016.729982
1010,0,3,0.6101180554,0.6121375482,0.01023353215,0.0127902114,0.01036594766,0.04280337921,0.02349413134,7028.012226
1011,0,3,0.6107921762,0.6128139039,0.01014331737,0.01275129627,0.01030333232,0.04234818903,0.02326483513,7011.090367
1012,0,3,0.6114670418,0.6134910078,0.0100554057,0.01270261039,0.0102393634,0.04190511392,0.02303991444,6965.994964
1013,0,3,0.612142653,0.6141688607,0.009969043874,0.01265895143,0.01017537773,0.04150011267,0.02283324632,6893.031128
1014,0,3,0.6128190107,0.6148474636,0.009884232622,0.01262576356,0.01010903725,0.04111918877,0.02263895028,6792.783463
1015,0,3,0.6134961158,0.6155268173,0.009803819466,0.01259760408,0.01004013233,0.04076195323,0.02245637768,6666.10848
1016,0,3,0.6141739689,0.6162069228,0.009732821511,0.01256954097,0.009979778996,0.04043017691,0.02228742004,6514.11404
1017,0,3,0.6148525711,0.6168877811,0.009666636889,0.01254273431,0.009921509092,0.04009966628,0.02212003408,6338.137498
1018,0,3,0.615531923,0.617569393,0.00960965513,0.01252084495,0.009863470456,0.03980277477,0.02196967204,6139.721831
1019,0,3,0.6162120255,0.6182517595,0.00956285485,0.01249769269,0.009806990698,0.03954412955,0.021837787,5920.596733
1020,0,3,0.6168928795,0.6189348817,0.009523009517,0.01246992881,0.009751675981,0.03931805804,0.0217209099,5682.645333
1021,0,3,0.6175744858,0.6196187603,0.009485637542,0.01242593957,0.009690196408,0.03908977956,0.0216003013,5427.879848
1022,0,3,0.6182568452,0.6203033965,0.009445896319,0.0123757829,0.009630920381,0.03884233175,0.02147013229,5158.445949
1023,0,3,0.6189399585,0.6209887911,0.009408146641,0.01232639086,0.00957549443,0.03860807643,0.02134670228,4876.607328
1024,0,3,0.6196238265,0.6216749452,0.009372378407,0.01227590574,0.009519739555,0.03837307828,0.02122297055,4584.666878
1025,0,3,0.6203084502,0.6223618597,0.009335582613,0.01227265656,0.009476195498,0.03815179631,0.02111355633,4284.973217
1026,0,3,0.6209938304,0.6230495356,0.009299495111,0.01226496854,0.009424761267,0.03792343,0.02099954006,4020.284022
1027,0,3,0.6216799678,0.6237379738,0.009259158578,0.01224399454,0.009363192301,0.03769799553,0.02088334059,4083.082055
1028,0,3,0.6223668633,0.6244271755,0.009223085702,0.01221549461,0.009298582211,0.03746755684,0.02076394149,4283.428151
1029,0,3,0.6230545178,0.6251171415,0.009192967355,0.01218324012,0.009241524019,0.03727263858,0.02066154242,4452.607404
1030,0,3,0.6237429321,0.6258078729,0.009169299728,0.0121487168,0.009192916289,0.03710121204,0.02057107813,4588.790448
1031,0,3,0.624432107,0.6264993707,0.009146869233,0.01211035647,0.009148593598,0.03694686911,0.02048837385,4690.38424
1032,0,3,0.6251220433,0.6271916359,0.009128624618,0.01207289132,0.009114138998,0.03681880337,0.02041922075,4756.077149
1033,0,3,0.625812742,0.6278846695,0.009106560196,0.01203151523,0.009079416492,0.03668080715,0.02034455833,4784.881803
1034,0,3,0.6265042038,0.6285784724,0.009075209216,0.01199060309,0.009040620122,0.03650983076,0.02025360795,4776.176291
1035,0,3,0.6271964297,0.6292730458,0.009042151031,0.01193772311,0.009000244488,0.03632439472,0.02015400569,4736.074055
1036,0,3,0.6278894204,0.6299683907,0.009003571866,0.01187125782,0.008954535288,0.03611553364,0.02004062462,4688.559917
1037,0,3,0.6285831767,0.6306645079,0.008952403786,0.01180110066,0.008910841217,0.03586532908,0.01990688594,4604.692483
1038,0,3,0.6292776996,0.6313613987,0.008902555141,0.01174360646,0.008867409643,0.03562579443,0.01978001493,4485.461372
1039,0,3,0.6299729899,0.632059064,0.0088566309,0.01169478504,0.008823548192,0.03540704716,0.01966419271,4332.292613
1040,0,3,0.6306690484,0.6327575047,0.008816197236,0.01165423651,0.008769959838,0.03520427699,0.01955632811,4147.031733
1041,0,3,0.631365876,0.633456722,0.008783745203,0.01161866681,0.008710212048,0.03501874637,0.0194571837,3952.514797
1042,0,3,0.6320634735,0.6341567169,0.008756465308,0.01158760651,0.00865236498,0.03484585916,0.01936521127,3812.352808
1043,0,3,0.6327618418,0.6348574904,0.008724818716,0.01155824002,0.008596279776,0.0346689243,0.01927138884,3758.848112
1044,0,3,0.6334609817,0.6355590434,0.008700337738,0.01153214405,0.008547846413,0.03452080865,0.01919269478,3615.055928
1045,0,3,0.6341608941,0.636261377,0.00867685408,0.01151435102,0.008503403618,0.03439003945,0.01912361605,3446.790306
1046,0,3,0.6348615798,0.6369644923,0.008651738889,0.01148891186,0.008460937183,0.03426331853,0.01905524951,3254.644742
1047,0,3,0.6355630397,0.6376683903,0.008630616654,0.01145973617,0.008415606764,0.03415083916,0.0189928628,3024.025434
1048,0,3,0.6362652747,0.6383730718,0.008597895654,0.01141588458,0.008363796254,0.03403799235,0.01892606827,2763.652155
1049,0,3,0.6369682855,0.6390785381,0.008572567612,0.01138461514,0.008309904602,0.03395296712,0.01887430044,2583.022725
1050,0,3,0.6376720732,0.63978479,0.008555042462,0.01138171798,0.008258674688,0.03390930645,0.01884661128,2542.450986
1051,0,3,0.6383766384,0.6404918285,0.008544389391,0.01140544319,0.00821693014,0.03390314455,0.01884165516,2639.507258
1052,0,3,0.6390819821,0.6411996548,0.008540364014,0.01140662592,0.008178275441,0.03392529404,0.01884713969,2774.103943
1053,0,3,0.6397881052,0.6419082696,0.008538718384,0.01141252256,0.008145843498,0.03397539338,0.0188668857,2901.026779
1054,0,3,0.6404950084,0.6426176741,0.008538742562,0.01142932621,0.008120825659,0.03404751617,0.01889921155,3018.960308
1055,0,3,0.6412026927,0.6433278693,0.008540988374,0.01145335464,0.008092847095,0.03414509968,0.01894406122,3126.656148
1056,0,3,0.6419111589,0.644038856,0.008548469857,0.01148419581,0.008073916579,0.03425929935,0.01899901847,3222.950999
1057,0,3,0.642620408,0.6447506352,0.008553360906,0.01151590758,0.008058679392,0.03434995014,0.01904361769,3306.782267
1058,0,3,0.6433304406,0.645463208,0.008557450879,0.01154352527,0.008041441394,0.03441890393,0.01907753043,3377.200455
1059,0,3,0.6440412578,0.6461765752,0.008564447109,0.01156988762,0.008021236249,0.03451018523,0.01912135697,3469.743072
1060,0,3,0.6447528604,0.6468907379,0.008569454756,0.01159387954,0.008004363991,0.0346216264,0.019174074,4006.54286
1061,0,3,0.6454652492,0.6476056969,0.008574757736,0.01160898179,0.007994040048,0.03473160738,0.01922553091,4527.737631
1062,0,3,0.6461784251,0.6483214531,0.00858512653,0.01162692027,0.007986100095,0.03487663886,0.01929408851,5028.642127
1063,0,3,0.646892389,0.6490380076,0.008598010837,0.01164624996,0.007978835929,0.03502896028,0.01936653563,5504.909366
1064,0,3,0.6476071418,0.6497553612,0.008612976223,0.01166340468,0.007974360225,0.03518086934,0.01943902233,5952.611657
1065,0,3,0.6483226843,0.6504735148,0.008624646284,0.01167434828,0.00796460324,0.03531828478,0.01950314767,6368.304445
1066,0,3,0.6490390175,0.6511924692,0.008634100457,0.01167925701,0.007953569428,0.03544807057,0.01956257721,6749.070575
1067,0,3,0.649756142,0.6519122255,0.008640256176,0.01168154059,0.007949566045,0.03555917259,0.01961353342,7092.616909
1068,0,3,0.650474059,0.6526327844,0.008645827976,0.01168586087,0.007948795069,0.03567771824,0.01966845576,7397.281464
1069,0,3,0.6511927692,0.6533541469,0.008647466803,0.01168335893,0.007945525621,0.03578726415,0.0197176267,7796.251831
1070,0,3,0.6519122735,0.6540763137,0.008642181442,0.01166755743,0.00793685267,0.03586861561,0.01975076209,8162.399105
1071,0,3,0.6526325727,0.6547992858,0.008639991857,0.01165174027,0.007930898447,0.0359592761,0.01978876701,8479.054111
1072,0,3,0.6533536679,0.6555230639,0.008636595126,0.01163596531,0.007928560801,0.03604943228,0.01982681333,8750.773489
1073,0,3,0.6540755597,0.6562476489,0.008626637083,0.01161838202,0.007927976206,0.03608645224,0.01983992509,8975.470214
1074,0,3,0.6547982492,0.6569730415,0.008613713989,0.01160000848,0.007934088199,0.03608746659,0.01983690542,9150.59194
1075,0,3,0.6555217372,0.6576992427,0.008601088793,0.01159742729,0.007944669978,0.03607706204,0.01983148528,9274.654105
1076,0,3,0.6562460246,0.6584262531,0.008581082277,0.01160147357,0.007946010329,0.03603492077,0.01981087932,9347.469152
1077,0,3,0.6569711122,0.6591540736,0.008558875633,0.01160164223,0.007943605103,0.03598925845,0.01978749631,9368.677665
1078,0,3,0.657697001,0.6598827049,0.008534671784,0.01159096645,0.007933600879,0.03591992912,0.01975078768,9337.397069
1079,0,3,0.6584236918,0.6606121478,0.008508598463,0.01157930108,0.007919648249,0.03582691573,0.01970257077,9258.57024
1080,0,3,0.6591511855,0.661342403,0.008475385146,0.01156681711,0.00790988823,0.03567265634,0.01962605509,9141.340416
1081,0,3,0.6598794831,0.6620734713,0.008439992134,0.01155882064,0.007897995588,0.03549435237,0.01953885351,8987.202402
1082,0,3,0.6606085854,0.6628053534,0.008407809571,0.01155771262,0.007880203578,0.03532716925,0.01945750805,8799.795671
1083,0,3,0.6613384932,0.66353805,0.008381996829,0.01156025907,0.007862725112,0.03516974635,0.0193818921,8579.476715
1084,0,3,0.6620692075,0.6642715619,0.008362104859,0.01156706679,0.007842435456,0.03502870147,0.01931473241,8324.865231
1085,0,3,0.6628007292,0.6650058896,0.008346449835,0.01156989623,0.007822697639,0.03484912282,0.01923006555,8040.366007
1086,0,3,0.6635330591,0.6657410339,0.008329006221,0.01157434774,0.007805039947,0.03464095901,0.01913277659,7716.596185
1087,0,3,0.6642661982,0.6664769956,0.00830821207,0.01157810172,0.007782133544,0.0344087612,0.019023691,7351.837028
1088,0,3,0.6650001474,0.6672137751,0.008280728936,0.0115753995,0.007756408498,0.03414720186,0.01889942865,6945.265834
1089,0,3,0.6657349075,0.6679513733,0.008260698445,0.01158431777,0.007735582993,0.03392246164,0.0187950007,6495.877915
1090,0,3,0.6664704794,0.6686897907,0.00824279375,0.01159814161,0.007715553055,0.0337109768,0.01869772883,6002.552793
1091,0,3,0.667206864,0.669429028,0.008232809612,0.0116154798,0.007700529934,0.03353588493,0.01861889003,5464.637125
1092,0,3,0.6679440623,0.6701690859,0.008228327156,0.01163313699,0.007684061396,0.0333939523,0.01855556584,5006.21761
1093,0,3,0.6686820752,0.6709099649,0.00822682506,0.01165031551,0.007669466033,0.03328547334,0.0185077953,4976.593639
1094,0,3,0.6694209034,0.6716516657,0.00821945167,0.01166202399,0.007658906391,0.03317995385,0.01846029776,4928.995792
1095,0,3,0.670160548,0.6723941889,0.008215598303,0.01167103866,0.007644487995,0.03310240618,0.01842496059,4863.540268
1096,0,3,0.6709010098,0.673137535,0.008213823138,0.0116670756,0.007621985222,0.03304685362,0.01839685256,4780.507729
1097,0,3,0.6716422898,0.6738817048,0.008218570571,0.01166423576,0.007595271969,0.03303551347,0.01838907695,4680.349315
1098,0,3,0.6723843888,0.6746266988,0.008220529497,0.01165189291,0.00756933731,0.03303480998,0.01838434967,4563.691435
1099,0,3,0.6731273077,0.6753725175,0.00822536661,0.01163076514,0.007546283578,0.03305445927,0.01838800579,4431.33896
1100,0,3,0.6738710475,0.6761191617,0.008220751233,0.01160226587,0.00752183089,0.033073146,0.01838888421,4284.276998
1101,0,3,0.6746156091,0.6768666317,0.008210562932,0.01156705738,0.00749177723,0.0330867791,0.01838526473,4205.268826
1102,0,3,0.6753609933,0.6776149283,0.008200984069,0.01152281047,0.007458811236,0.03310649825,0.01838277313,4157.827749
1103,0,3,0.6761072011,0.678364052,0.008191635666,0.01147484344,0.007420034961,0.03312955154,0.01838068981,4188.232876
1104,0,3,0.6768542334,0.6791140034,0.008183673743,0.0114233874,0.00738258082,0.0331542508,0.01837915355,4208.51834
1105,0,3,0.6776020911,0.679864783,0.008177380984,0.0113692803,0.007354502259,0.03318132122,0.0183794646,4245.599082
1106,0,3,0.6783507751,0.6806163915,0.008171755761,0.01130864298,0.007324309169,0.03322514344,0.01838626294,4272.888789
1107,0,3,0.6791002863,0.6813688293,0.008152702105,0.01123940124,0.007287234116,0.0332238934,0.01836927847,4692.519791
1108,0,3,0.6798506257,0.6821220971,0.00813873187,0.01117159723,0.007242228962,0.03324690141,0.01836334579,5279.846013
1109,0,3,0.6806017941,0.6828761954,0.008129848077,0.01110631034,0.007196778656,0.03329212951,0.01836847891,5848.536237
1110,0,3,0.6813537925,0.6836311248,0.008123840146,0.01104182218,0.007152833959,0.03334969893,0.01837990797,6390.472634
1111,0,3,0.6821066217,0.6843868858,0.008119868977,0.0109761013,0.007110014321,0.03340821758,0.01839203888,6896.943296
1112,0,3,0.6828602828,0.6851434791,0.008118505164,0.0109113284,0.00706671725,0.03346018651,0.01840169685,7354.377105
1113,0,3,0.6836147766,0.6859009052,0.008118227616,0.01084424787,0.00702191895,0.03349825843,0.01840478195,7754.647732
1114,0,3,0.684370104,0.6866591647,0.008119562164,0.01077155498,0.00698060632,0.03353016383,0.01840485288,8091.795454
1115,0,3,0.685126266,0.6874182581,0.008109877294,0.01069081801,0.006945277555,0.0335033547,0.01837644794,8359.887866
1116,0,3,0.6858832635,0.6881781862,0.008095989298,0.01061736994,0.006913349741,0.03345894481,0.01834099902,8554.913733
1117,0,3,0.6866410974,0.6889389493,0.008085166205,0.01053754229,0.006883978676,0.03341571567,0.01830579776,8675.868971
1118,0,3,0.6873997686,0.6897005482,0.008068938861,0.01045752704,0.006856602754,0.03333736973,0.01825418355,8723.093081
1119,0,3,0.6881592781,0.6904629835,0.008048768638,0.01038242559,0.006832399522,0.03322845636,0.01818920994,8699.675148
1120,0,3,0.6889196267,0.6912262557,0.008023947638,0.01031264016,0.006805838834,0.03308191072,0.01810708799,8609.827628
1121,0,3,0.6896808155,0.6919903655,0.007997153036,0.01024042989,0.006773778088,0.03292572006,0.01801948926,8458.445138
1122,0,3,0.6904428453,0.6927553135,0.007969573289,0.01017163603,0.006739579125,0.03276006521,0.01792777229,8251.3741
1123,0,3,0.6912057171,0.6935211003,0.007943541804,0.01010339863,0.006709270086,0.0325825847,0.01783127625,7994.647286
1124,0,3,0.6919694318,0.6942877266,0.00791299521,0.01004242486,0.006674960463,0.03238752063,0.01772690314,7703.279568
1125,0,3,0.6927339903,0.695055193,0.007879971964,0.009990193344,0.006646109926,0.03216776883,0.01761273722,7437.884355
1126,0,3,0.6934993935,0.6958235002,0.007853131403,0.009952935968,0.006622085259,0.03197603463,0.01751464681,7149.04502
1127,0,3,0.6942656425,0.6965926488,0.00783086844,0.009921328016,0.006598100047,0.03180917828,0.01742924265,6835.237514
1128,0,3,0.6950327381,0.6973626396,0.007812907656,0.009908256113,0.006567254775,0.03166457482,0.01735647717,6495.612185
1129,0,3,0.6958006812,0.6981334731,0.007797403183,0.009899222491,0.006537547791,0.0315238381,0.01728645425,6130.194394
1130,0,3,0.6965694729,0.6989051502,0.007778812421,0.009851727825,0.006513415214,0.03139628178,0.01721712484,5740.150944
1131,0,3,0.697339114,0.6996776715,0.007762143129,0.00982196023,0.006492867063,0.03131039955,0.01716988797,5327.889751
1132,0,3,0.6981096055,0.7004510377,0.007743386099,0.009822994582,0.006475904027,0.03123875455,0.01713365379,4896.932882
1133,0,3,0.6988809483,0.7012252496,0.007711312012,0.009861707543,0.006439587452,0.03111568571,0.01707609288,4693.558111
1134,0,3,0.6996531433,0.7020003079,0.007682954592,0.009933751558,0.00640423748,0.03102590986,0.01703913548,4616.606176
1135,0,3,0.7004261916,0.7027762133,0.007655866796,0.009980722392,0.006379290118,0.03096076397,0.01701096238,4498.89008
1136,0,3,0.701200094,0.7035529668,0.00758390539,0.01001378492,0.006351314744,0.03044788546,0.01677203355,4341.723728
1137,0,3,0.7019748515,0.7043305689,0.007529340656,0.01007274354,0.006333351252,0.03006623773,0.01660000845,4146.949309
1138,0,3,0.702750465,0.7051090206,0.007466400312,0.01013636565,0.006321282372,0.02979117165,0.01647699579,3916.895848
1139,0,3,0.7035269355,0.7058883226,0.007418858967,0.01017110743,0.006315346035,0.02960416337,0.01639192621,3654.344713
1140,0,3,0.7043042639,0.7066684757,0.007381618531,0.01020166013,0.006313150795,0.0294760782,0.01633445148,3362.482913
1141,0,3,0.7050824512,0.7074494808,0.007358627274,0.01021728597,0.0063116043,0.02943196742,0.01631425284,3371.776232
1142,0,3,0.7058614983,0.7082313388,0.007338670918,0.0102604418,0.006308935249,0.02942154311,0.01631381791,3424.181635
1143,0,3,0.7066414062,0.7090140504,0.007326923334,0.01031671807,0.006307781056,0.02944342122,0.01633111779,3464.588601
1144,0,3,0.7074221758,0.7097976167,0.007333094392,0.01036767847,0.006312101185,0.02953642904,0.01638220294,3492.771591
1145,0,3,0.708203808,0.7105820383,0.007347948201,0.01041992539,0.006319444612,0.02967342107,0.01645459272,3508.644288
1146,0,3,0.7089863039,0.7113673164,0.007367246992,0.01047942856,0.006325866452,0.02984579721,0.01654450776,3521.153444
1147,0,3,0.7097696644,0.7121534517,0.007386405895,0.01053320613,0.006329689881,0.03004356071,0.01664472843,3643.326711
1148,0,3,0.7105538905,0.7129404452,0.007403857209,0.01058159083,0.006331475413,0.03025260259,0.01674884108,3755.268333
1149,0,3,0.711338983,0.7137282978,0.007423717916,0.01063105411,0.006336027458,0.03047596026,0.01686016234,3930.627638
1150,0,3,0.7121249429,0.7145170105,0.007441501263,0.01068284843,0.006340202688,0.03070449025,0.01697397334,4317.305218
1151,0,3,0.7129117713,0.7153065843,0.007460805588,0.01073860858,0.006346941809,0.03093440304,0.01708948724,4682.098903
1152,0,3,0.713699469,0.71609702,0.007481748042,0.01079934857,0.006356430747,0.03115098758,0.01720022327,5021.683793
1153,0,3,0.7144880371,0.7168883188,0.007505526852,0.0108566351,0.006373717297,0.03137290001,0.01731388595,5332.636497
1154,0,3,0.7152774765,0.7176804817,0.007527737851,0.01090970879,0.006388562466,0.03158568829,0.01742238516,5611.500688
1155,0,3,0.7160677881,0.7184735095,0.00754816226,0.01096755534,0.006403919755,0.03177388072,0.0175203575,5854.862902
1156,0,3,0.7168589729,0.7192674034,0.007567565662,0.01102381565,0.00641963934,0.03194737928,0.01761135552,6059.435602
1157,0,3,0.7176510319,0.7200621644,0.007588321435,0.01108193584,0.00644955181,0.03210581913,0.01769726154,6222.145059
1158,0,3,0.7184439661,0.7208577935,0.007614566608,0.01114539051,0.006483424972,0.03229088467,0.01779703196,6340.221222
1159,0,3,0.7192377764,0.7216542919,0.007640447746,0.01120072693,0.006506704138,0.0324827254,0.0178976072,6411.286782
1160,0,3,0.7200324637,0.7224516605,0.007659786613,0.01124839599,0.00652658604,0.03263806443,0.017979421,6433.443001
1161,0,3,0.7208280291,0.7232499004,0.007681497332,0.01128435823,0.00655237508,0.03278659686,0.01805710868,6405.349068
1162,0,3,0.7216244736,0.7240490127,0.007708496251,0.01129482085,0.006579630102,0.03293067815,0.01812949936,6326.293513
1163,0,3,0.722421798,0.7248489986,0.007718448504,0.0112957788,0.006600215825,0.03299575105,0.01816212751,6196.255131
1164,0,3,0.7232200034,0.7256498591,0.007725728363,0.01129655538,0.006615962845,0.03302771392,0.01817897063,6015.950539
1165,0,3,0.7240190907,0.7264515953,0.007726377145,0.01129396248,0.006633249993,0.03301504527,0.01817445812,5786.868727
1166,0,3,0.7248190609,0.7272542084,0.007726483788,0.01130090564,0.006652095481,0.03299636822,0.01816878993,5511.291193
1167,0,3,0.7256199151,0.7280576995,0.007720594118,0.01130899816,0.00667147244,0.03293264579,0.01814227601,5192.294868
1168,0,3,0.7264216541,0.7288620697,0.007711356322,0.01131551837,0.006685143194,0.032844649,0.01810364659,4833.738763
1169,0,3,0.7272242789,0.7296673202,0.007699948166,0.01132073312,0.006694712325,0.03275193544,0.01806209185,4440.233492
1170,0,3,0.7280277906,0.7304734521,0.007680026518,0.01130909042,0.006699897568,0.03259402805,0.0179870622,4203.460511
1171,0,3,0.72883219,0.7312804665,0.007662396953,0.01129520397,0.006705674673,0.03245377647,0.01792001423,4227.918712
1172,0,3,0.7296374783,0.7320883647,0.007648343293,0.0112739595,0.006710577399,0.03233317609,0.01786102911,4235.791607
1173,0,3,0.7304436563,0.7328971478,0.007628350971,0.01124499442,0.006713928446,0.03219873928,0.01779380008,4226.487516
1174,0,3,0.731250725,0.733706817,0.007608175818,0.01121183854,0.006715173106,0.03207644652,0.01773119873,4205.727822
1175,0,3,0.7320586855,0.7345173734,0.007592866458,0.01118033709,0.00671609701,0.03196042551,0.01767219791,4189.84798
1176,0,3,0.7328675387,0.7353288182,0.007576238775,0.01116166664,0.006713600664,0.03186333606,0.01762332839,4152.902501
1177,0,3,0.7336772857,0.7361411526,0.00756428373,0.01114478571,0.006702083778,0.03178376523,0.01758230855,4094.818484
1178,0,3,0.7344879273,0.7369543779,0.007558448616,0.01113036817,0.006703865455,0.0317385369,0.0175591271,4020.291763
1179,0,3,0.7352994645,0.7377684951,0.00756095218,0.01111582509,0.006727582605,0.03174690092,0.01756314074,3976.090709
1180,0,3,0.7361118985,0.7385835055,0.007562174315,0.01109446028,0.006728102331,0.0317654032,0.01756830762,3925.984928
1181,0,3,0.7369252301,0.7393994102,0.007566605636,0.01106860123,0.006700269214,0.03180143831,0.01757834278,4300.645704
1182,0,3,0.7377394604,0.7402162106,0.007575416885,0.01104434958,0.006647331136,0.03186540881,0.01759940261,4811.119756
1183,0,3,0.7385545903,0.7410339077,0.007581583745,0.01102810981,0.006580209085,0.03193563927,0.01762302347,5331.621608
1184,0,3,0.7393706208,0.7418525028,0.007577758966,0.01100382701,0.006499767098,0.03198465555,0.01763357453,5831.599038
1185,0,3,0.740187553,0.742671997,0.007568752484,0.01098065852,0.006424688255,0.03201707049,0.01763682438,6303.717231
1186,0,3,0.7410053878,0.7434923916,0.007559108959,0.01096224989,0.006359615759,0.03204736335,0.01764078556,6740.950416
1187,0,3,0.7418241262,0.7443136878,0.007549298741,0.01095049066,0.006304284458,0.03207556624,0.01764575805,7136.741164
1188,0,3,0.7426437693,0.7451358867,0.007536352887,0.01094063689,0.006256211486,0.03210009908,0.01764972163,7485.440867
1189,0,3,0.743464318,0.7459589897,0.007511228005,0.01093023458,0.00621650043,0.03208951843,0.01763711034,7782.277302
1190,0,3,0.7442857733,0.7467829978,0.007486926326,0.01091624039,0.00618337438,0.03207891449,0.01762462229,8022.148539
1191,0,3,0.7451081363,0.7476079123,0.007465647164,0.01089285939,0.006154143198,0.03207300293,0.01761349815,8201.459434
1192,0,3,0.7459314078,0.7484337344,0.007448133612,0.01087783235,0.006126341048,0.0320668985,0.01760411859,8317.439801
1193,0,3,0.746755589,0.7492604653,0.007429239851,0.01086747513,0.006094226032,0.03203134953,0.01758154263,8368.733637
1194,0,3,0.7475806809,0.7500881061,0.007410339674,0.01086264897,0.00605973639,0.03198566991,0.01755501183,8355.018589
1195,0,3,0.7484066844,0.7509166582,0.007387485267,0.01086745561,0.006022092079,0.03192896471,0.01752427538,8326.61264
1196,0,3,0.7492336005,0.7517461226,0.007369363724,0.01087961647,0.005986171478,0.03186788892,0.01749335709,8332.97015
1197,0,3,0.7500614303,0.7525765006,0.007359227001,0.01089316706,0.00595170886,0.03180445163,0.0174625692,8264.523073
1198,0,3,0.7508901748,0.7534077934,0.007355610249,0.01090240869,0.005922240743,0.03174661461,0.01743479274,8120.762783
1199,0,3,0.751719835,0.7542400021,0.007355586291,0.01091357652,0.005899800937,0.03170017655,0.01741349797,7903.177601
1200,0,3,0.7525504118,0.7550731281,0.007365113606,0.01092455665,0.005885882396,0.0316874869,0.01740927392,7616.000451
1201,0,3,0.7533819064,0.7559071723,0.007383822555,0.01092550309,0.005883150934,0.03168819462,0.01741149474,7265.515304
1202,0,3,0.7542143197,0.7567421362,0.007402841758,0.01089411554,0.005886187774,0.03166767959,0.01739951836,7012.069048
1203,0,3,0.7550476527,0.7575780207,0.007429504444,0.01086673532,0.005892382689,0.03166482075,0.01739730237,6737.058278
1204,0,3,0.7558819064,0.7584148271,0.007460306932,0.01083550726,0.005903230485,0.03167313884,0.01740043283,6417.107476
1205,0,3,0.756717082,0.7592525567,0.007487596554,0.01079900024,0.005912120403,0.03167220281,0.01739801789,6056.911425
1206,0,3,0.7575531803,0.7600912105,0.007499693658,0.01075883291,0.005916258273,0.0316143632,0.01736712385,5664.451568
1207,0,3,0.7583902024,0.7609307898,0.007505470842,0.01071633593,0.005925025217,0.0315506,0.01733290392,5598.456583
1208,0,3,0.7592281494,0.7617712958,0.007523419722,0.01068671869,0.005941775805,0.03156771262,0.01733949956,5810.87873
1209,0,3,0.7600670222,0.7626127295,0.007545652008,0.01066070718,0.005951281739,0.03164263331,0.01737283468,5986.537755
1210,0,3,0.7609068219,0.7634550922,0.007556358159,0.01062589547,0.005958389256,0.03169247405,0.01739197744,6125.675572
1211,0,3,0.7617475494,0.7642983851,0.007551094003,0.01058979637,0.005957087606,0.03169822705,0.01738841064,6275.976434
1212,0,3,0.7625892059,0.7651426093,0.007554357943,0.01057117092,0.005957286633,0.03174088745,0.01740539556,6502.9611
1213,0,3,0.7634317924,0.765987766,0.007553771123,0.01054964619,0.0059611291,0.0317766998,0.01741872701,6689.081222
1214,0,3,0.7642753098,0.7668338564,0.007553088454,0.01053169836,0.005974280531,0.03183570286,0.01744398048,6834.217679
1215,0,3,0.7651197592,0.7676808816,0.007554313947,0.01052146639,0.005995450867,0.03192200784,0.01748377055,6938.836253
1216,0,3,0.7659651417,0.7685288428,0.007552476468,0.01051532608,0.00601907334,0.03200676874,0.01752337348,7003.9505
1217,0,3,0.7668114582,0.7693777412,0.007552571791,0.01050864385,0.006048146926,0.03208561995,0.01756089423,7031.079138
1218,0,3,0.7676587098,0.7702275779,0.007548783185,0.01050387928,0.006078896543,0.03212292232,0.01757946763,7022.197629
1219,0,3,0.7685068976,0.7710783541,0.007536485863,0.01050390203,0.006113224606,0.03211492787,0.01757747624,7015.735574
1220,0,3,0.7693560225,0.7719300708,0.007516233106,0.01050122644,0.006153815971,0.03206799651,0.01755701689,7019.036798
1221,0,3,0.7702060856,0.7727827294,0.007504314237,0.01050711628,0.006189015895,0.03205691856,0.01755465871,6980.990625
1222,0,3,0.771057088,0.7736363309,0.007502286302,0.01051966006,0.006222779598,0.03208687125,0.01757297527,6903.632441
1223,0,3,0.7719090306,0.7744908765,0.007500394767,0.0105357996,0.006249873366,0.03210445694,0.01758561961,6789.402714
1224,0,3,0.7727619145,0.7753463674,0.007494725399,0.01055515576,0.006260979778,0.03208037151,0.01757791459,6641.13196
1225,0,3,0.7736157408,0.7762028046,0.007493542885,0.01058422375,0.006270612439,0.03207539745,0.01758074713,6461.98354
1226,0,3,0.7744705105,0.7770601894,0.007493085216,0.0106126919,0.006276991523,0.03206187185,0.01757938995,6255.39179
1227,0,3,0.7753262246,0.7779185229,0.007494106194,0.01064214067,0.00628808266,0.03204600737,0.01757770859,6024.996647
1228,0,3,0.7761828842,0.7787778062,0.007498283355,0.01067012142,0.006298474352,0.03201319077,0.01756837291,5774.575207
1229,0,3,0.7770404904,0.7796380405,0.007502677146,0.01070003879,0.006312606462,0.03197892462,0.01755905475,5507.979717
1230,0,3,0.7778990441,0.7804992269,0.007508745723,0.01073008014,0.006323281494,0.03195792105,0.01755568632,5229.051426
1231,0,3,0.7787585464,0.7813613666,0.007513057726,0.01075454663,0.006331899956,0.03193855237,0.01755185456,5001.673428
1232,0,3,0.7796189984,0.7822244606,0.00751903383,0.01077809601,0.006338624735,0.0319282663,0.0175520339,5135.030804
1233,0,3,0.7804804011,0.7830885102,0.007517358655,0.01078816514,0.006343083052,0.03187893485,0.01753137458,5432.306658
1234,0,3,0.7813427555,0.7839535165,0.007512301314,0.01079334206,0.006333372279,0.03182177705,0.0175047708,5714.103771
1235,0,3,0.7822060628,0.7848194806,0.007501091336,0.01079400404,0.006309463224,0.03174140777,0.01746498774,5972.809281
1236,0,3,0.783070324,0.7856864036,0.007489031207,0.01079682012,0.006280212883,0.03165395372,0.01742175919,6201.131226
1237,0,3,0.78393554,0.7865542868,0.007479473821,0.01080315908,0.006249691957,0.03157432671,0.01738280423,6392.236602
1238,0,3,0.7848017121,0.7874231311,0.007462784704,0.01080946159,0.006220050591,0.0314752926,0.01733436391,6539.872838
1239,0,3,0.7856688412,0.7882929378,0.007435753949,0.0108146918,0.00618944585,0.03136072603,0.01727753145,6638.469369
1240,0,3,0.7865369284,0.7891637079,0.007412504294,0.01081701114,0.006152662429,0.03123819254,0.01721651009,6683.219986
1241,0,3,0.7874059747,0.7900354427,0.007388623846,0.01082371495,0.00611903993,0.03109916428,0.01714894484,6670.14681
1242,0,3,0.7882759812,0.7909081432,0.007349911487,0.01081899599,0.006087464366,0.03088670332,0.01704492254,6596.149651
1243,0,3,0.7891469491,0.7917818105,0.007309573399,0.01081339274,0.006053321561,0.03066282506,0.01693525072,6459.060989
1244,0,3,0.7900188792,0.7926564459,0.007266403169,0.01080412414,0.006016515465,0.03043196228,0.01682135919,6257.658256
1245,0,3,0.7908917728,0.7935320503,0.007220644015,0.01079637696,0.005977141856,0.0301929889,0.01670360933,5991.659507
1246,0,3,0.7917656308,0.794408625,0.007171054345,0.01079405748,0.005935121312,0.02993669976,0.01657835453,5661.737076
1247,0,3,0.7926404543,0.795286171,0.007125425743,0.0107966001,0.005898390929,0.02968511329,0.01645702914,5269.508716
1248,0,3,0.7935162444,0.7961646896,0.007077180951,0.01079866159,0.005864771544,0.02941643731,0.01632804268,4817.515901
1249,0,3,0.7943930022,0.7970441817,0.007023642874,0.01079661669,0.005835096551,0.02913270973,0.01619152262,4309.192221
1250,0,3,0.7952707288,0.7979246485,0.006965617433,0.01079008948,0.005804052487,0.02885439408,0.01605622107,3748.821472
1251,0,3,0.7961494251,0.7988060911,0.006913076453,0.01078518866,0.005764652012,0.02860181028,0.01593271543,3259.639656
1252,0,3,0.7970290923,0.7996885107,0.006864172246,0.01078472285,0.005722712955,0.0283717056,0.01582032103,2779.38026
1253,0,3,0.7979097314,0.8005719084,0.006824341659,0.010792211,0.005684934211,0.02818672314,0.01573096704,2770.929412
1254,0,3,0.7987913436,0.8014562853,0.006789023289,0.0107957061,0.005656620762,0.02803262271,0.01565617611,2758.118002
1255,0,3,0.7996739299,0.8023416424,0.006758869154,0.01079497096,0.00563166642,0.02790721445,0.01559440601,2741.211928
1256,0,3,0.8005574913,0.803227981,0.006737396939,0.01079777925,0.00562098319,0.02783269453,0.01555826863,2865.884633
1257,0,3,0.801442029,0.804115302,0.006734367867,0.01081814389,0.005644163049,0.02785514885,0.01557361424,2990.056447
1258,0,3,0.802327544,0.8050036067,0.006732947421,0.01080745194,0.005638217333,0.02791775324,0.0155990708,3102.920742
1259,0,3,0.8032140374,0.8058928962,0.006739857136,0.01078749275,0.005630334075,0.02804440828,0.01565235742,3204.29456
1260,0,3,0.8041015103,0.8067831715,0.006755356385,0.01076515008,0.005627201905,0.02822530364,0.0157309922,3433.120158
1261,0,3,0.8049899638,0.8076744337,0.006777055043,0.01074069084,0.005629457686,0.02844052844,0.01582597048,4107.342627
1262,0,3,0.8058793989,0.808566684,0.006803620543,0.01070972075,0.005639249364,0.02868119208,0.01593266521,4747.914951
1263,0,3,0.8067698168,0.8094599235,0.006828691775,0.01068801287,0.005629583832,0.02892294761,0.01603974566,5347.385794
1264,0,3,0.8076612185,0.8103541532,0.006854117463,0.01067285299,0.005624458162,0.02917359352,0.01615256795,5899.186563
1265,0,3,0.8085536051,0.8112493743,0.006880596523,0.0106605589,0.005622508018,0.02941755295,0.01626341863,6397.756178
1266,0,3,0.8094469777,0.8121455879,0.006890720502,0.01065801385,0.005618952782,0.02962602144,0.01635809482,6838.621148
1267,0,3,0.8103413374,0.8130427951,0.006899176656,0.01065413233,0.005617366759,0.02982951859,0.01645041157,7218.432164
1268,0,3,0.8112366853,0.8139409969,0.006914597598,0.01064996316,0.005617525749,0.03004430043,0.01654879119,7534.962146
1269,0,3,0.8121330225,0.8148401946,0.006932534239,0.01064312965,0.005617102197,0.03026620788,0.01665031093,7787.070025
1270,0,3,0.81303035,0.8157403891,0.006941677643,0.01061957954,0.005620393181,0.0304249673,0.01671997169,7974.637423
1271,0,3,0.8139286689,0.8166415815,0.006939602147,0.01058359585,0.005624533336,0.03049606776,0.01674676165,8098.485894
1272,0,3,0.8148279805,0.8175437731,0.006942513583,0.01056117787,0.005633175152,0.03057741451,0.01678129847,8160.281136
1273,0,3,0.8157282856,0.8184469648,0.006948232546,0.01054125518,0.005641639825,0.03066489785,0.01681933453,8162.430243
1274,0,3,0.8166295856,0.8193511578,0.006956573543,0.01051097771,0.005639269976,0.0307387143,0.01684892052,8107.970439
1275,0,3,0.8175318813,0.8202563532,0.006960134629,0.01048919442,0.005638909797,0.03079602047,0.01687200977,8000.463546
1276,0,3,0.8184351741,0.821162552,0.006953469904,0.01047340337,0.005637548415,0.03079695341,0.01686918206,7843.893197
1277,0,3,0.8193394648,0.8220697553,0.006941481122,0.01045817792,0.005637564026,0.03077140742,0.01685392601,7642.559573
1278,0,3,0.8202447548,0.8229779643,0.006925366129,0.01044790389,0.005640029554,0.03072551263,0.01682993205,7400.980423
1279,0,3,0.821151045,0.82388718,0.006909600244,0.01044487029,0.005651534136,0.0306833852,0.01680957953,7123.803005
1280,0,3,0.8220583365,0.8247974035,0.006894231823,0.01044581937,0.005667555739,0.03063696314,0.01678831642,6821.773054
1281,0,3,0.8229666305,0.8257086359,0.006876626781,0.01044564064,0.005682760364,0.03057540208,0.01675968662,6542.547548
1282,0,3,0.8238759281,0.8266208783,0.006864061002,0.01045020647,0.005700875565,0.03051726499,0.01673413871,6238.322536
1283,0,3,0.8247862304,0.8275341317,0.006848831939,0.01045586119,0.005718682267,0.03044648952,0.01670272121,5913.188929
1284,0,3,0.8256975385,0.8284483973,0.006830432671,0.01046411068,0.005740318545,0.03036797921,0.01666821707,5571.112168
1285,0,3,0.8266098534,0.8293636762,0.006815150197,0.01047426576,0.00576272278,0.03029341602,0.01663622962,5731.333982
1286,0,3,0.8275231764,0.8302799693,0.006802084017,0.01048485251,0.005789123154,0.03021972245,0.0166053158,5961.242196
1287,0,3,0.8284375086,0.8311972779,0.006789544164,0.01049288055,0.005816977447,0.03014485987,0.01657368589,6179.728333
1288,0,3,0.8293528509,0.8321156029,0.006781327101,0.01049270594,0.005845202499,0.03008600905,0.01654854683,6404.528056
1289,0,3,0.8302692047,0.8330349455,0.006769808839,0.01049252555,0.005871306731,0.03002594196,0.01652235484,6597.509058
1290,0,3,0.8311865709,0.8339553067,0.006762374643,0.01049381156,0.005898193483,0.02997112139,0.01649929238,6758.509683
1291,0,3,0.8321049507,0.8348766876,0.006755845863,0.01049228921,0.005926796939,0.02992120936,0.01647828327,6887.886854
1292,0,3,0.8330243452,0.8357990893,0.006746998532,0.01049121308,0.005954595325,0.02985404554,0.01644923085,6986.456177
1293,0,3,0.8339447556,0.8367225128,0.006743581533,0.01048801275,0.005978225284,0.02980400067,0.0164278113,7055.430606
1294,0,3,0.834866183,0.8376469593,0.006746346605,0.01047815928,0.005997399116,0.02978506358,0.01641968196,7096.367466
1295,0,3,0.8357886284,0.8385724298,0.006739493161,0.01045377473,0.00600739364,0.0297327333,0.01639227243,7110.996513
1296,0,3,0.836712093,0.8394989253,0.006727997296,0.0104268791,0.00601197873,0.02968247156,0.0163644337,7101.319221
1297,0,3,0.837636578,0.840426447,0.006722677638,0.01040271167,0.006015545375,0.02966414752,0.01635205827,7091.459627
1298,0,3,0.8385620845,0.8413549959,0.006721801788,0.01038019864,0.006018181382,0.02967802247,0.01635492791,7081.280474
1299,0,3,0.8394886135,0.842284573,0.006724534169,0.01036205722,0.006020647814,0.02971597525,0.01636978142,7047.613619
1300,0,3,0.8404161663,0.8432151795,0.006727707581,0.0103473912,0.006024888117,0.02976834288,0.01639194977,6991.987845
1301,0,3,0.8413447439,0.8441468164,0.006732590956,0.01033330933,0.006024652122,0.02984352145,0.01642435134,6915.929503
1302,0,3,0.8422743475,0.8450794848,0.006745108414,0.01032130147,0.006020882427,0.02996433972,0.01647830719,6820.931768
1303,0,3,0.8432049782,0.8460131857,0.006759416502,0.01030870429,0.006017514583,0.0301025195,0.01654033901,6708.423318
1304,0,3,0.8441366372,0.8469479202,0.006772805602,0.0102977474,0.006011193505,0.03024835921,0.01660581359,6579.720427
1305,0,3,0.8450693256,0.8478836894,0.006788218696,0.01028286812,0.006004460123,0.03040752041,0.0166769911,6436.002486
1306,0,3,0.8460030445,0.8488204943,0.006801407827,0.01026608406,0.00599380085,0.03056555695,0.01674686949,6278.294928
1307,0,3,0.8469377951,0.8497583361,0.006816217878,0.01025156523,0.005981658233,0.03073396664,0.0168219526,6107.450871
1308,0,3,0.8478735784,0.8506972156,0.006835133164,0.0102405309,0.005966881049,0.03090683526,0.0168998791,5924.155626
1309,0,3,0.8488103958,0.8516371341,0.006854578733,0.01023155403,0.005954321814,0.03107397681,0.01697583525,5728.934997
1310,0,3,0.8497482482,0.8525780926,0.006876708618,0.0102232332,0.005946208993,0.0312295576,0.01704733328,5845.494774
1311,0,3,0.8506871369,0.8535200922,0.006898336217,0.0102155695,0.005942397185,0.03137550942,0.01711490271,6002.575475
1312,0,3,0.8516270629,0.8544631338,0.006917902746,0.01020637441,0.005955944705,0.0315148519,0.01718056042,6128.025983
1313,0,3,0.8525680275,0.8554072187,0.006935190297,0.01020265207,0.005957921013,0.03162759199,0.01723363261,6228.200401
1314,0,3,0.8535100317,0.8563523478,0.006948416385,0.01019701495,0.005958151013,0.0317141697,0.01727388005,6322.380399
1315,0,3,0.8544530768,0.8572985223,0.006954882118,0.01018995928,0.005958433848,0.03176769045,0.01729808332,6383.289795
1316,0,3,0.8553971638,0.8582457431,0.006951417307,0.01018360833,0.005956082302,0.03177293731,0.01729900678,6500.572725
1317,0,3,0.8563422939,0.8591940114,0.006939767673,0.01017890649,0.00595169797,0.03173516966,0.01727942573,6631.975285
1318,0,3,0.8572884684,0.8601433283,0.006921837099,0.01017178186,0.00593808591,0.03165304282,0.01723769822,6737.190379
1319,0,3,0.8582356882,0.8610936947,0.006898270439,0.01016583493,0.005920389106,0.03152840911,0.01717572359,6816.233439
1320,0,3,0.8591839547,0.8620451119,0.006872125531,0.01016148579,0.005895927246,0.03138158587,0.01710298068,6869.407586
1321,0,3,0.8601332689,0.8629975809,0.006840279507,0.01015919654,0.005865314426,0.03119868675,0.01701292645,6896.855812
1322,0,3,0.861083632,0.8639511027,0.00680560814,0.01015744469,0.005834309729,0.03099819452,0.01691461808,6900.54632
1323,0,3,0.8620350451,0.8649056784,0.006767632414,0.01015557442,0.005801987868,0.03077036476,0.01680338471,6882.196305
1324,0,3,0.8629875095,0.8658613092,0.006728601504,0.01014666804,0.005767088303,0.03052063684,0.01668080882,6841.22053
1325,0,3,0.8639410262,0.8668179961,0.006690849092,0.01013848327,0.005728002784,0.03026009678,0.01655324574,6779.072383
1326,0,3,0.8648955965,0.8677757402,0.006642747161,0.01012598317,0.005684928013,0.02991579211,0.01638547107,6696.23085
1327,0,3,0.8658512215,0.8687345426,0.006591243446,0.01012308653,0.005646503363,0.0295845905,0.01622538417,6593.741701
1328,0,3,0.8668079024,0.8696944045,0.006537944104,0.0101230899,0.005610228106,0.02926678582,0.01607203374,6473.088414
1329,0,3,0.8677656403,0.8706553268,0.006486383928,0.01012651663,0.005572877451,0.02896584717,0.01592715276,6335.701066
1330,0,3,0.8687244364,0.8716173108,0.006436449531,0.0101317477,0.005535559533,0.02867603511,0.01578795113,6182.132681
1331,0,3,0.8696842919,0.8725803574,0.006393666291,0.01013808418,0.005497897988,0.02841466344,0.01566269214,6012.226741
1332,0,3,0.8706452079,0.873544468,0.006357621443,0.01014199435,0.005463042002,0.0281803519,0.01555037347,5825.31213
1333,0,3,0.8716071857,0.8745096435,0.006325425097,0.01013849169,0.00543470998,0.02796239851,0.01544532145,5620.448557
1334,0,3,0.8725702263,0.875475885,0.006297325387,0.0101348269,0.005411016524,0.02776521379,0.01535054738,5396.73534
1335,0,3,0.873534331,0.8764431938,0.006269020035,0.01013488647,0.005392653694,0.02757049734,0.01525802718,5153.595477
1336,0,3,0.874499501,0.8774115709,0.006242167644,0.01013806187,0.005388048174,0.02737044154,0.01516506749,4890.967659
1337,0,3,0.8754657373,0.8783810175,0.006220797931,0.0101443825,0.005391663847,0.02719098375,0.01508332241,4609.393664
1338,0,3,0.8764330413,0.8793515347,0.006194365106,0.01013665324,0.005382617659,0.02701569607,0.0149995192,4338.192051
1339,0,3,0.877401414,0.8803231236,0.006166069416,0.0101225244,0.005371697567,0.02685220432,0.01491963408,4063.906919
1340,0,3,0.8783708567,0.8812957854,0.006137510395,0.01010674084,0.005364829393,0.02668227775,0.01483695205,3768.287438
1341,0,3,0.8793413706,0.8822695212,0.006112783829,0.01008426723,0.005362635377,0.02652583005,0.01476004818,3558.90073
1342,0,3,0.8803129567,0.8832443323,0.006089018359,0.01005651737,0.005366151579,0.02637496832,0.01468540281,3679.621673
1343,0,3,0.8812856164,0.8842202197,0.006063960534,0.01002469942,0.005377143429,0.02622137145,0.01460941655,3775.952695
1344,0,3,0.8822593508,0.8851971845,0.006032003576,0.009987183544,0.005393472664,0.02605012448,0.01452435399,3847.162696
1345,0,3,0.883234161,0.8861752281,0.006004122519,0.009948630379,0.00540853173,0.0258998647,0.01444887487,3892.834626
1346,0,3,0.8842100483,0.8871543515,0.00597968848,0.009913408836,0.005420110458,0.02575873816,0.01437813042,3912.796619
1347,0,3,0.8851870139,0.8881345559,0.005959084672,0.009878209702,0.005430143469,0.02563890027,0.01431720453,3907.102925
1348,0,3,0.8861650589,0.8891158425,0.005932973591,0.009839121885,0.005438198958,0.02550562659,0.01424885514,3876.013546
1349,0,3,0.8871441846,0.8900982124,0.005902307795,0.009802361538,0.005445418077,0.02536446554,0.01417684925,3819.987759
1350,0,3,0.8881243921,0.8910816669,0.005863673044,0.009763477098,0.005446186552,0.02519385659,0.0140898856,3739.69138
1351,0,3,0.8891056826,0.8920662071,0.005824331882,0.009724155509,0.005449165276,0.02500855828,0.01399645876,3636.01462
1352,0,3,0.8900880574,0.8930518342,0.005783975561,0.009683645273,0.005455499544,0.02480379655,0.01389440677,3510.095586
1353,0,3,0.8910715176,0.8940385494,0.005739025623,0.009642948036,0.005454134522,0.02460190553,0.01379242728,3363.343643
1354,0,3,0.8920560644,0.8950263539,0.005697410485,0.009599965515,0.00545206246,0.02440636298,0.01369320418,3319.476549
1355,0,3,0.8930416991,0.8960152488,0.005660326217,0.009556124905,0.005446132415,0.02420106552,0.01358961687,3292.065842
1356,0,3,0.8940284228,0.8970052355,0.005625051361,0.009511679011,0.005428159671,0.02398666075,0.01348089437,3251.371692
1357,0,3,0.8950162367,0.897996315,0.00559234138,0.009467862728,0.005418328786,0.02378706747,0.01337999974,3197.580835
1358,0,3,0.896005142,0.8989884886,0.005558883569,0.009426648189,0.005416581435,0.02356465259,0.01327022126,3130.969818
1359,0,3,0.89699514,0.8999817574,0.005533478637,0.009385447013,0.005417654013,0.02338129232,0.01317897764,3051.900174
1360,0,3,0.8979862319,0.9009761227,0.005512766321,0.00933153047,0.005421815539,0.02321982824,0.01309603528,2965.134545
1361,0,3,0.8989784188,0.9019715857,0.005488119911,0.009286113417,0.005418288442,0.0230854457,0.0130254272,2899.898135
1362,0,3,0.899971702,0.9029681476,0.005455961158,0.009241801131,0.005399985754,0.02292508088,0.01294118986,2833.639017
1363,0,3,0.9009660826,0.9039658096,0.005434451551,0.009195997761,0.005384317505,0.0227975667,0.01287264115,2778.076294
1364,0,3,0.901961562,0.9049645729,0.005424595256,0.00915453516,0.005369409803,0.02270605882,0.01282212362,2724.668002
1365,0,3,0.9029581412,0.9059644386,0.005423982679,0.009139043224,0.005356333471,0.02266857968,0.01280133306,2662.889956
1366,0,3,0.9039558216,0.9069654081,0.005429574652,0.009133147381,0.005341953165,0.02266488396,0.01279773506,2630.536279
1367,0,3,0.9049546043,0.9079674825,0.005439018723,0.009128076877,0.005331953851,0.02268385888,0.01280519326,2733.117712
1368,0,3,0.9059544906,0.9089706631,0.005447872244,0.009121982367,0.005326523997,0.02271204209,0.01281696715,2809.394143
1369,0,3,0.9069554817,0.909974951,0.005448696931,0.009114509278,0.005324694638,0.02271726503,0.01281784967,2860.487751
1370,0,3,0.9079575787,0.9109803474,0.005453900936,0.009115646455,0.005321875331,0.02274953627,0.01283261278,2888.007957
1371,0,3,0.908960783,0.9119868537,0.005462880861,0.00912228506,0.005320181104,0.02280845264,0.01286068613,3151.988389
1372,0,3,0.9099650957,0.9129944709,0.005471945649,0.009131334451,0.005324824009,0.02286729442,0.01288982508,3475.728928
1373,0,3,0.9109705181,0.9140032003,0.005479576852,0.009139654096,0.005331140656,0.02292371066,0.01291778435,3792.424317
1374,0,3,0.9119770514,0.9150130432,0.005480562557,0.009151336305,0.005338438231,0.0229442057,0.01292980104,4093.016789
1375,0,3,0.9129846968,0.9160240007,0.005484116849,0.009166508912,0.005350148556,0.02296250462,0.01294219003,4372.703956
1376,0,3,0.9139934555,0.9170360741,0.00549491839,0.009170380181,0.00536279952,0.02300516665,0.01296425193,4627.07523
1377,0,3,0.9150033288,0.9180492645,0.00550915153,0.009160857984,0.005374750972,0.02308509871,0.01300078652,4852.192624
1378,0,3,0.916014318,0.9190635733,0.005518055429,0.009145550808,0.005384997211,0.02315288413,0.01303019833,5044.680867
1379,0,3,0.9170264241,0.9200790016,0.005525432437,0.009126125385,0.005399720699,0.02325360418,0.0130738638,5222.684004
1380,0,3,0.9180396486,0.9210955507,0.00553515115,0.009102513783,0.005418072154,0.02340083071,0.01313818898,5390.909149
1381,0,3,0.9190539926,0.9221132218,0.00555433701,0.009080349159,0.005436916502,0.02357679794,0.01321673998,5528.67299
1382,0,3,0.9200694573,0.9231320162,0.005584874857,0.009059439514,0.005453930563,0.02380863941,0.01332160783,5634.12454
1383,0,3,0.921086044,0.924151935,0.005628725006,0.009044828039,0.005473325819,0.02408482654,0.0134492344,5705.95171
1384,0,3,0.9221037539,0.9251729796,0.005672435575,0.009028933564,0.005495819926,0.02430832958,0.01355357047,5743.447331
1385,0,3,0.9231225883,0.9261951511,0.005717087544,0.009014419914,0.005515626145,0.02452675375,0.01365584708,5746.154696
1386,0,3,0.9241425485,0.9272184509,0.00576363016,0.009002071909,0.005535952062,0.02475261289,0.01376222494,5714.219956
1387,0,3,0.9251636355,0.9282428801,0.005806401202,0.008983334483,0.00555722077,0.02495658881,0.01385756672,5648.004263
1388,0,3,0.9261858508,0.9292684401,0.005832734884,0.008935088844,0.005578765599,0.02510356957,0.01392092346,5548.178711
1389,0,3,0.9272091956,0.9302951321,0.005833967136,0.008866885246,0.005597962403,0.02518366666,0.01394821741,5438.112943
1390,0,3,0.928233671,0.9313229575,0.005831470987,0.008826072274,0.005608303338,0.0252350596,0.013965734,5378.671966
1391,0,3,0.9292592783,0.9323519173,0.005818690337,0.008792846906,0.005607079558,0.02522314894,0.01395365452,5287.940901
1392,0,3,0.9302860189,0.9333820131,0.005799154156,0.008765255805,0.005601856393,0.02517653995,0.01392568541,5166.735974
1393,0,3,0.9313138939,0.934413246,0.005782508539,0.00874409196,0.005595660376,0.02514019496,0.01390357299,5014.955508
1394,0,3,0.9323429046,0.9354456173,0.005762121186,0.008735121031,0.005578685233,0.02506421584,0.01386399135,4833.123545
1395,0,3,0.9333730523,0.9364791284,0.005732350776,0.008719335488,0.005567700828,0.0249626046,0.01381138641,4767.148313
1396,0,3,0.9344043382,0.9375137806,0.005701819306,0.008698474347,0.005569497241,0.02484929394,0.01375391679,4787.448654
1397,0,3,0.9354367635,0.9385495752,0.00567310761,0.008674502359,0.005586201484,0.02473032201,0.01369512336,4821.600231
1398,0,3,0.9364703296,0.9395865135,0.00564089592,0.008657662212,0.005579208804,0.02449143204,0.01358061703,4914.55234
1399,0,3,0.9375050377,0.9406245968,0.005612427153,0.008637384372,0.005569571572,0.02429060611,0.01348292828,4985.075927
1400,0,3,0.938540889,0.9416638266,0.005583495212,0.00860805275,0.005562758785,0.02409806132,0.01338781942,5031.984344
1401,0,3,0.9395778848,0.9427042041,0.005551274617,0.008567953675,0.005559377115,0.0238988859,0.01328805762,5054.408207
1402,0,3,0.9406160265,0.9437457308,0.005519650213,0.008526033049,0.005559227972,0.02370477325,0.01319072656,5051.687826
1403,0,3,0.9416553151,0.9447884079,0.005488618043,0.008481221953,0.005558318091,0.02352278784,0.01309840164,5023.297896
1404,0,3,0.9426957521,0.9458322369,0.00545665964,0.008430796881,0.005558464703,0.02335586717,0.01301198036,4968.938783
1405,0,3,0.9437373386,0.9468772191,0.005421884407,0.008374608091,0.005558615866,0.02318439583,0.01292231898,4888.816499
1406,0,3,0.944780076,0.947923356,0.005387954769,0.008319675573,0.005557739112,0.02302040975,0.01283622596,4783.317352
1407,0,3,0.9458239656,0.9489706489,0.005354723969,0.008271008868,0.005556077412,0.02286651844,0.01275568813,4653.134085
1408,0,3,0.9468690085,0.9500190993,0.005321042687,0.008223489723,0.005557652901,0.02271876227,0.01267841614,4499.263603
1409,0,3,0.9479152061,0.9510687085,0.005288327159,0.00818068597,0.0055631741,0.02258534971,0.01260889522,4322.988042
1410,0,3,0.9489625596,0.952119478,0.005253366307,0.008139627229,0.005569987052,0.02245432637,0.01254066304,4125.835058
1411,0,3,0.9500110704,0.9531714092,0.005224895149,0.008104327928,0.005579371507,0.02235450012,0.01248832177,3909.530032
1412,0,3,0.9510607397,0.9542245036,0.005199964129,0.008067727459,0.005591193513,0.022268213,0.0124424938,3749.383636
1413,0,3,0.9521115687,0.9552787625,0.005181286826,0.008034834129,0.005594636041,0.02222983433,0.01241843166,3572.163992
1414,0,3,0.9531635588,0.9563341874,0.005168701454,0.00800023595,0.005587140495,0.02222337634,0.0124077984,3378.989997
1415,0,3,0.9542167113,0.9573907797,0.00515819165,0.007971652158,0.005571322094,0.02222860064,0.012402666,3457.751245
1416,0,3,0.9552710273,0.9584485409,0.005150192555,0.007942740773,0.005551848389,0.0222068844,0.01238527704,3587.454835
1417,0,3,0.9563265083,0.9595074725,0.005147094287,0.007921526335,0.00553088826,0.022208773,0.01238005939,3706.310689
1418,0,3,0.9573831556,0.9605675759,0.005146680675,0.007907029425,0.00550984579,0.02222913078,0.01238448719,3810.878317
1419,0,3,0.9584409702,0.9616288525,0.005145194811,0.007906200024,0.005492673119,0.02225138929,0.01239228401,3897.996767
1420,0,3,0.9594999537,0.9626913038,0.005148534914,0.007915075168,0.005472176607,0.02230098269,0.01241404822,3964.876134
1421,0,3,0.9605601073,0.9637549313,0.005158035017,0.007930693042,0.005449353301,0.02237801898,0.0124496225,4009.134814
1422,0,3,0.9616214322,0.9648197364,0.005169269289,0.007953189142,0.005427888352,0.02246981434,0.01249328911,4028.861391
1423,0,3,0.9626839298,0.9658857206,0.005179956112,0.007988964027,0.005410733631,0.02257114952,0.01254380645,4023.204592
1424,0,3,0.9637476013,0.9669528853,0.005200654337,0.008029811959,0.005397448886,0.0227017014,0.01260976196,4040.449786
1425,0,3,0.9648124481,0.9680212319,0.005216787553,0.00807352645,0.005385597679,0.02282398274,0.01267216982,4040.100416
1426,0,3,0.9658784714,0.969090762,0.005228499514,0.008122117386,0.005372826545,0.02293999377,0.01273201258,4135.256014
1427,0,3,0.9669456726,0.9701614769,0.005237040446,0.008166834205,0.005364076651,0.02303291775,0.01278096624,4229.257429
1428,0,3,0.968014053,0.9712333782,0.005239659614,0.008217078711,0.005359606423,0.02310583263,0.01282165452,4309.793868
1429,0,3,0.9690836138,0.9723064672,0.005241695301,0.008272533098,0.005356989379,0.02317315394,0.01286081813,4376.775128
1430,0,3,0.9701543563,0.9733807454,0.005236955512,0.00832578805,0.005360180647,0.02320406491,0.01288317328,4431.197422
1431,0,3,0.9712262819,0.9744562142,0.005233358616,0.00837931458,0.005360229498,0.02322296798,0.0128999928,4474.856816
1432,0,3,0.9722993919,0.975532875,0.005223484292,0.008429996003,0.005368972929,0.02320452054,0.01289985722,4508.037933
1433,0,3,0.9733736876,0.9766107293,0.005212830434,0.008469346398,0.005377687877,0.02316916537,0.0128902403,4530.887986
1434,0,3,0.9744491703,0.9776897784,0.005201451302,0.008507149356,0.005384960761,0.02311585272,0.01287213206,4543.508003
1435,0,3,0.9755258413,0.9787700239,0.005192442438,0.008549232553,0.005394300635,0.02307045876,0.01285880421,4546.017521
1436,0,3,0.9766037018,0.979851467,0.005187681415,0.008587026888,0.005403913103,0.02304662376,0.01285494275,4538.688897
1437,0,3,0.9776827534,0.9809341091,0.005184531921,0.008619811948,0.005412004785,0.02303474718,0.01285563984,4521.632242
1438,0,3,0.9787629971,0.9820179517,0.005183828866,0.008645530002,0.005420020355,0.02302871808,0.01285803006,4495.083739
1439,0,3,0.9798444345,0.9831029962,0.005172293252,0.008643868764,0.005420423264,0.02293293587,0.01281375843,4459.291615
1440,0,3,0.9809270667,0.9841892438,0.00515633481,0.008641287896,0.005417651074,0.02281377367,0.01275812347,4414.376051
1441,0,3,0.9820108951,0.9852766961,0.005137982501,0.008631667672,0.005410043555,0.02268804121,0.01269764089,4360.740645
1442,0,3,0.983095921,0.9863653542,0.005120910241,0.008612033417,0.005409978205,0.02255727692,0.01263417437,4298.758089
1443,0,3,0.9841821458,0.9874552196,0.005106772986,0.008590234102,0.005403132306,0.02245414394,0.012582266,4229.376033
1444,0,3,0.9852695708,0.9885462936,0.005091980532,0.008566742432,0.005387143503,0.02235870996,0.01253246352,4256.206808
1445,0,3,0.9863581972,0.9896385776,0.005075407403,0.008543540144,0.005367687326,0.0222675319,0.01248405866,4263.325082
1446,0,3,0.9874480265,0.9907320729,0.005059296945,0.008527008129,0.005351423923,0.02219529699,0.01244563477,4251.268066
1447,0,3,0.9885390599,0.9918267808,0.005029436749,0.008495749701,0.005330738228,0.02206204249,0.012375616,4220.397433
1448,0,3,0.9896312989,0.9929227027,0.005002289226,0.008465616956,0.005309719332,0.02193930917,0.01231072677,4171.537667
1449,0,3,0.9907247446,0.9940198397,0.004986435909,0.008412273458,0.005298069203,0.02182892008,0.012249512,4105.549076
1450,0,3,0.9918193985,0.9951181934,0.004968581899,0.008363665215,0.005288493326,0.02171295842,0.01218665691,4023.376383
1451,0,3,0.9929152619,0.9962177648,0.004942811251,0.008322830257,0.005282022383,0.02157414241,0.01211449821,3925.991915
1452,0,3,0.9940123361,0.9973185555,0.004907439925,0.008285163009,0.005270581208,0.02139348926,0.0120227628,3814.408996
1453,0,3,0.9951106224,0.9984205665,0.004868307848,0.008251432077,0.005263608942,0.02119238964,0.01192276719,3689.647595
1454,0,3,0.9962101223,0.9995237993,0.004830881969,0.008222605697,0.005263424498,0.02097627866,0.01181795846,3552.684493
1455,0,3,0.997310837,1.000628255,0.004808654443,0.008198593426,0.005255858699,0.02079220037,0.01172902104,3404.450454
1456,0,3,0.9984127678,1.001733935,0.004790767416,0.008166168679,0.005250050219,0.02061782671,0.01164362024,3375.596072
1457,0,3,0.9995159162,1.002840841,0.004772423832,0.008122512419,0.005240472282,0.02044333708,0.01155577581,3367.941864
1458,0,3,1.000620284,1.003948973,0.004756855087,0.008072469758,0.005231937744,0.02029255041,0.01147773075,3367.627342
1459,0,3,1.001725871,1.005058334,0.004743107526,0.008022075438,0.005222107313,0.02017761153,0.01141552862,3374.177992
1460,0,3,1.00283268,1.006168924,0.004731054188,0.007965091615,0.005205898636,0.02008696386,0.01136236172,3386.846637
1461,0,3,1.003940712,1.007280745,0.004721923646,0.007906116925,0.005185966675,0.02002987391,0.01132357438,3404.634539
1462,0,3,1.005049968,1.008393797,0.004715100183,0.00784681526,0.00516055063,0.02001826081,0.01130449831,3426.348647
1463,0,3,1.00616045,1.009508083,0.004711636988,0.007787246432,0.005131380181,0.02004990189,0.01130453845,3450.590954
1464,0,3,1.007272159,1.010623604,0.004717889282,0.007733306995,0.005102713889,0.0201265441,0.01132671602,3475.937899
1465,0,3,1.008385096,1.011740359,0.004727329001,0.00768320886,0.005071404706,0.02023187629,0.01136251845,3501.031555
1466,0,3,1.009499263,1.012858352,0.004739832363,0.007636451363,0.005038933514,0.02036728113,0.0114126946,3524.175439
1467,0,3,1.010614661,1.013977584,0.004755258846,0.007596930327,0.005010330993,0.02052900233,0.01147681566,3647.983323
1468,0,3,1.011731291,1.015098054,0.004763159151,0.007561250124,0.004979639538,0.02065823921,0.01152627266,3888.978083
1469,0,3,1.012849155,1.016219766,0.004772522594,0.007531384095,0.004952305291,0.02078893123,0.0115780364,4102.660661
1470,0,3,1.013968254,1.017342719,0.004781255518,0.007506568589,0.004928571296,0.02090751976,0.01162566314,4281.781978
1471,0,3,1.01508859,1.018466916,0.004786400391,0.007490582373,0.004908743058,0.02099227045,0.01165964869,4466.251273
1472,0,3,1.016210164,1.019592358,0.004783762176,0.007479123809,0.004892649505,0.02102999132,0.01167283414,4613.540119
1473,0,3,1.017332976,1.020719045,0.004775734753,0.007470057244,0.004878388963,0.02104449792,0.01167560458,4723.328199
1474,0,3,1.01845703,1.021846979,0.004766619216,0.007459288027,0.004869665079,0.02106047761,0.01167924432,4796.111619
1475,0,3,1.019582325,1.022976162,0.004754961165,0.007452732378,0.004865159019,0.02106803343,0.01167994735,4858.685908
1476,0,3,1.020708864,1.024106595,0.004739643463,0.007448712023,0.004862919132,0.02105719647,0.01167262863,4902.009989
1477,0,3,1.021836647,1.025238278,0.004721104336,0.007444520151,0.004861376232,0.0210289986,0.01165720236,4909.240939
1478,0,3,1.022965677,1.026371214,0.004698981005,0.007435971117,0.00485956972,0.02098244791,0.01163241835,4881.735709
1479,0,3,1.024095954,1.027505403,0.004671163775,0.007421351297,0.004856524895,0.02089866399,0.01158917832,4821.427114
1480,0,3,1.02522748,1.028640847,0.004644686678,0.007406011273,0.004851464187,0.02081119832,0.01154409803,4730.736001
1481,0,3,1.026360256,1.029777547,0.004611220031,0.007388557631,0.004849411549,0.02071103121,0.01149258174,4612.470123
1482,0,3,1.027494283,1.030915504,0.004581500988,0.007369129123,0.004857754984,0.02062126068,0.01144692525,4469.904118
1483,0,3,1.028629564,1.03205472,0.004557008008,0.007352737194,0.004875523965,0.02054646272,0.01141004963,4341.573073
1484,0,3,1.029766099,1.033195196,0.004538437358,0.007339458382,0.004892465286,0.02049252222,0.01138359287,4190.797781
1485,0,3,1.03090389,1.034336933,0.004519214455,0.007320491095,0.004889624459,0.02042790472,0.01134923574,4078.210889
1486,0,3,1.032042938,1.035479933,0.00449687035,0.007295192272,0.004873864522,0.02034125955,0.01130224611,4021.471394
1487,0,3,1.033183244,1.036624197,0.004464771976,0.007263625836,0.004856664126,0.02022330399,0.01123903532,4054.225671
1488,0,3,1.03432481,1.037769725,0.004431882735,0.007230380537,0.004838644372,0.0200902446,0.01116859878,4066.15089
1489,0,3,1.035467638,1.03891652,0.004398989835,0.007195550627,0.004820350942,0.01994454134,0.01109219965,4056.760669
1490,0,3,1.036611728,1.040064583,0.004364998262,0.007160307709,0.00480286694,0.01978696478,0.01101038966,4025.956106
1491,0,3,1.037757083,1.041213915,0.004326878037,0.007124988708,0.004785852869,0.01961619838,0.01092230475,3974.038485
1492,0,3,1.038903703,1.042364517,0.004285469643,0.007088898085,0.004769738334,0.01941777812,0.010821486,3901.706576
1493,0,3,1.04005159,1.043516391,0.0042444297,0.007051628076,0.004754665773,0.01921023645,0.0107165838,3810.036506
1494,0,3,1.041200745,1.044669538,0.004203367511,0.007014944955,0.004736473567,0.01899085943,0.0106061854,3896.715694
1495,0,3,1.04235117,1.045823959,0.004160463237,0.006978488452,0.004717029698,0.01876053151,0.01049067046,4109.551813
1496,0,3,1.043502866,1.046979656,0.00411865495,0.00694274597,0.004698271832,0.01853229938,0.01037647482,4299.225427
1497,0,3,1.044655835,1.04813663,0.004078961976,0.006906884812,0.004679975792,0.01830939807,0.01026497954,4463.829826
1498,0,3,1.045810077,1.049294882,0.004041468797,0.006872841627,0.004660582372,0.01809443883,0.01015749928,4601.046436
1499,0,3,1.046965595,1.050454414,0.004005217557,0.006840807953,0.00464069917,0.01788552078,0.0100531881,4708.816898
1500,0,3,1.048122389,1.051615226,0.003971356604,0.006807834592,0.004619747696,0.01768682484,0.009953443207,4785.823309
1501,0,3,1.049280462,1.052777321,0.003940059231,0.006774204078,0.004598850403,0.01749707847,0.009857878674,4831.64159
1502,0,3,1.050439814,1.0539407,0.003913539339,0.006743398393,0.00457942218,0.01733509279,0.009775808939,4846.803455
1503,0,3,1.051600448,1.055105363,0.003890391809,0.006713674433,0.004560404037,0.01719556395,0.009704293861,4832.746355
1504,0,3,1.052762363,1.056271313,0.0038692654,0.006684086679,0.004543159858,0.01707913305,0.009643460434,4901.633445
1505,0,3,1.053925563,1.05743855,0.003853131009,0.006657946021,0.004527945184,0.01699064748,0.009596343748,4946.35417
1506,0,3,1.055090047,1.058607077,0.003838609785,0.006632166156,0.00451357384,0.01692220171,0.009558423149,4965.01789
1507,0,3,1.056255818,1.059776893,0.003825331702,0.006598850802,0.004499601017,0.01684234009,0.009514315838,4958.753364
1508,0,3,1.057422878,1.060948002,0.003815146632,0.00656539146,0.004488481931,0.01678258723,0.009479733818,4928.425077
1509,0,3,1.058591227,1.062120403,0.003806874315,0.006531178581,0.004480673148,0.01674383418,0.009454906141,4875.108431
1510,0,3,1.059760866,1.063294099,0.003799128382,0.006499113373,0.004474947471,0.01671606462,0.009435621633,4800.600939
1511,0,3,1.060931798,1.064469091,0.003784995415,0.006462419727,0.004471523725,0.01667932774,0.009411210832,4707.169032
1512,0,3,1.062104024,1.065645379,0.00377249265,0.00642437341,0.004468652753,0.01665700428,0.00939320131,4597.238487
1513,0,3,1.063277545,1.066822967,0.003764002598,0.006390685758,0.004464947693,0.01666033462,0.009387639312,4473.252717
1514,0,3,1.064452363,1.068001854,0.003760967373,0.006363791762,0.00445832028,0.01668535582,0.009393088413,4337.629043
1515,0,3,1.065628478,1.069182043,0.003759429408,0.006338311893,0.004452412771,0.01669714026,0.009393162133,4199.074834
1516,0,3,1.066805894,1.070363534,0.00375812249,0.006315640066,0.004446892866,0.01670731771,0.009393084095,4130.619691
1517,0,3,1.06798461,1.071546329,0.003754468763,0.00629470308,0.004441952745,0.01670551422,0.009387817532,4049.861572
1518,0,3,1.069164628,1.07273043,0.003750060621,0.006277100256,0.0044377131,0.01670653198,0.009384381315,3957.866599
1519,0,3,1.07034595,1.073915837,0.003745950414,0.006261077786,0.004432846837,0.01670521069,0.009380131062,3855.104308
1520,0,3,1.071528578,1.075102553,0.003741847392,0.006247950979,0.004427554851,0.01670176817,0.009375374863,3746.481307
1521,0,3,1.072712512,1.076290578,0.003737264872,0.006235859212,0.004425478315,0.01669000579,0.009367420141,3837.515941
1522,0,3,1.073897755,1.077479915,0.003732567565,0.006226152381,0.004423162586,0.01667673456,0.009359151629,3909.942896
1523,0,3,1.075084306,1.078670564,0.003728135484,0.006219937588,0.004421157795,0.01666257262,0.009351130685,3963.336672
1524,0,3,1.076272169,1.079862527,0.003723560816,0.006216625528,0.004420222752,0.01664606896,0.009342661814,3997.612673
1525,0,3,1.077461345,1.081055805,0.003719663523,0.006213510397,0.00441363855,0.01662802747,0.009332940465,4013.055331
1526,0,3,1.078651834,1.082250399,0.003717631829,0.006208245058,0.004402675359,0.01661683468,0.009325580925,4010.32674
1527,0,3,1.079843639,1.083446312,0.003717029489,0.006203847815,0.004390685223,0.01661110026,0.009320820841,3990.455237
1528,0,3,1.08103676,1.084643545,0.003717986388,0.006201247995,0.004377603977,0.01660917067,0.009318085456,3954.804519
1529,0,3,1.0822312,1.085842098,0.003719068244,0.006198382651,0.00436414696,0.01660948248,0.009316277464,3905.013138
1530,0,3,1.08342696,1.087041974,0.003719770469,0.006195985949,0.004350929939,0.016605339,0.009312556157,3842.974855
1531,0,3,1.084624041,1.088243174,0.00371864322,0.006194049066,0.004338854099,0.0165948739,0.009306047037,3770.744304
1532,0,3,1.085822444,1.089445699,0.003716468075,0.006192682929,0.00432876387,0.01657930962,0.009297488385,3690.465904
1533,0,3,1.087022172,1.090649551,0.003711207396,0.006190533355,0.004318620655,0.01656024404,0.009286925362,3604.311575
1534,0,3,1.088223225,1.091854731,0.0037066564,0.006189263508,0.004309196214,0.01654332723,0.009277622708,3514.416045
1535,0,3,1.089425605,1.09306124,0.003699986941,0.006185239686,0.004301521061,0.01652272266,0.009266209323,3462.340276
1536,0,3,1.090629314,1.094269081,0.003694677841,0.006181160568,0.004294578118,0.01650985422,0.009258456646,3435.763713
1537,0,3,1.091834352,1.095478254,0.003690487751,0.00617463523,0.004290552042,0.01650977053,0.009256446132,3416.660166
1538,0,3,1.093040722,1.096688762,0.003687748483,0.006167406078,0.004287456351,0.01652328135,0.009260635713,3405.664399
1539,0,3,1.094248425,1.097900604,0.003687478604,0.006159236523,0.004285984252,0.01655461528,0.009273060999,3403.034503
1540,0,3,1.095457463,1.099113784,0.003690590092,0.006149782116,0.004285869935,0.01660293974,0.009293365434,3408.652031
1541,0,3,1.096667836,1.100328302,0.003698750272,0.006138589952,0.004287965685,0.01667815588,0.009326180532,3454.356533
1542,0,3,1.097879547,1.10154416,0.003710620136,0.00612353915,0.004294295689,0.01677513569,0.009368999231,3545.696194
1543,0,3,1.099092596,1.10276136,0.003728867907,0.006108609224,0.004301813513,0.01690428062,0.009427086843,3642.068994
1544,0,3,1.100306986,1.103979902,0.003753914514,0.006093934368,0.004309627603,0.01706487718,0.009500142544,3741.340356
1545,0,3,1.101522717,1.105199789,0.003784947674,0.006062693392,0.004317915264,0.01724471038,0.009580011854,3841.197648
1546,0,3,1.102739792,1.106421021,0.003820179265,0.006019294919,0.004326650078,0.0174467063,0.009668675486,3946.03949
1547,0,3,1.103958212,1.107643601,0.003855639549,0.005980443417,0.004336367244,0.01767131818,0.009768715716,4088.948218
1548,0,3,1.105177978,1.10886753,0.003889066442,0.005946889458,0.004347001721,0.01791523415,0.009878542031,4221.924224
1549,0,3,1.106399091,1.110092809,0.003922269197,0.005916349619,0.004357589306,0.01816332827,0.00999102681,4342.34654
1550,0,3,1.107621554,1.111319439,0.003952597351,0.0058844592,0.004366467072,0.01839584572,0.01009607672,4447.873904
1551,0,3,1.108845367,1.112547423,0.003976189749,0.005851356273,0.004371230818,0.01859101822,0.01018309963,4536.524454
1552,0,3,1.110070533,1.113776762,0.003997328597,0.005820248356,0.004377067369,0.01875901805,0.0102580871,4606.771598
1553,0,3,1.111297052,1.115007457,0.004014509857,0.005791634506,0.004383857747,0.01889480768,0.01031856683,4657.557513
1554,0,3,1.112524927,1.116239511,0.004026886491,0.005764653076,0.004391478874,0.01899302475,0.01036179419,4688.312141
1555,0,3,1.113754158,1.117472923,0.004034243849,0.005741547875,0.00439924919,0.01905540334,0.01038872328,4706.910927
1556,0,3,1.114984747,1.118707696,0.004035391879,0.00572283414,0.004405413492,0.01907141734,0.01039425136,4715.057008
1557,0,3,1.116216696,1.119943832,0.00403235537,0.005708967326,0.004408770003,0.01905030842,0.01038272245,4703.751568
1558,0,3,1.117450006,1.121181332,0.004023397228,0.005696472702,0.004410554556,0.01899163354,0.01035341324,4674.814092
1559,0,3,1.118684679,1.122420197,0.004011545571,0.005690159542,0.004409654854,0.01890222006,0.01031030301,4630.483425
1560,0,3,1.119920716,1.123660429,0.003995983312,0.005690418259,0.004407343869,0.01878619496,0.01025541983,4573.331548
1561,0,3,1.121158119,1.124902029,0.003980115584,0.005696988411,0.004403791566,0.01865786466,0.01019566441,4506.164751
1562,0,3,1.122396889,1.126145,0.00396378452,0.00570756198,0.004397687466,0.01851874857,0.01013128268,4431.91717
1563,0,3,1.123637028,1.127389342,0.003948225525,0.005723247464,0.004389007134,0.01837439179,0.01006510933,4353.539737
1564,0,3,1.124878537,1.128635057,0.003934700794,0.005737284398,0.00437817417,0.01823198143,0.009999648225,4273.890651
1565,0,3,1.126121418,1.129882147,0.003925517405,0.005754704212,0.004364688209,0.01810237114,0.009940732514,4195.632729
1566,0,3,1.127365672,1.131130614,0.003922645016,0.005776131843,0.004348343597,0.01799272821,0.009891880552,4121.141411
1567,0,3,1.1286113,1.132380458,0.003926535646,0.005797290729,0.004330140993,0.01790788446,0.009854804778,4052.432297
1568,0,3,1.129858305,1.133631681,0.003927589907,0.005809859685,0.004312439832,0.01782090021,0.009815320344,3991.101834
1569,0,3,1.131106688,1.134884285,0.003930638392,0.00582378289,0.004295820518,0.01773567539,0.009777200787,3938.291402
1570,0,3,1.13235645,1.136138272,0.003934764479,0.005836308858,0.004280080037,0.01768550765,0.009755013308,3894.671446
1571,0,3,1.133607594,1.137393642,0.003943086867,0.005852743181,0.004264939978,0.01767177933,0.009750436329,3860.445086
1572,0,3,1.134860119,1.138650398,0.003953656242,0.005870816454,0.004249818484,0.01768725189,0.009759581448,3835.369462
1573,0,3,1.136114028,1.139908541,0.003959402848,0.005885238644,0.004234268066,0.01770536273,0.009768851011,3818.792124
1574,0,3,1.137369323,1.141168073,0.003962344391,0.005895419196,0.004218131206,0.01772731993,0.009778888529,3809.699218
1575,0,3,1.138626005,1.142428995,0.003973255583,0.005904202382,0.00420295916,0.01778038907,0.009803742485,3806.771993
1576,0,3,1.139884075,1.143691309,0.003990321967,0.005919149267,0.004190278934,0.01786297249,0.009843820667,3808.448212
1577,0,3,1.141143536,1.144955016,0.004010604993,0.005935798201,0.004178857252,0.01796088237,0.009891597396,3812.985327
1578,0,3,1.142404388,1.146220118,0.004025431795,0.005949296607,0.00417293971,0.01804558202,0.009932958867,3818.522718
1579,0,3,1.143666633,1.147486617,0.004048253192,0.005965253423,0.004162782106,0.01814919494,0.00998366959,3823.14094
1580,0,3,1.144930272,1.148754514,0.0040757611,0.005983848556,0.004148695893,0.01826205444,0.01003908091,3824.916551
1581,0,3,1.146195308,1.15002381,0.004099178445,0.006002278035,0.004142202581,0.01835991045,0.01008804688,3821.971773
1582,0,3,1.147461742,1.151294507,0.004118325657,0.006019373033,0.004140487288,0.01843867432,0.01012820077,3812.518879
1583,0,3,1.148729575,1.152566608,0.004132438973,0.006035881199,0.004142946915,0.01849331911,0.01015721141,3794.899681
1584,0,3,1.149998809,1.153840112,0.00413868396,0.006050806717,0.004149280158,0.01852080019,0.01017321891,3767.620802
1585,0,3,1.151269445,1.155115023,0.004135319364,0.006061604898,0.00415258607,0.01851042943,0.01017010188,3729.328019
1586,0,3,1.152541485,1.156391341,0.00413101161,0.006070546629,0.004156079231,0.01847974643,0.01015739652,3678.985622
1587,0,3,1.15381493,1.157669068,0.004121727921,0.006075766698,0.00415756667,0.01842508376,0.01013252997,3615.802086
1588,0,3,1.155089783,1.158948206,0.004101136403,0.006072738861,0.004156534575,0.01831352549,0.01007917993,3553.736407
1589,0,3,1.156366044,1.160228757,0.004067157371,0.006068115148,0.00415428618,0.01814484995,0.009998218142,3631.904586
1590,0,3,1.157643715,1.161510721,0.004039530911,0.006067003296,0.004147156298,0.01798680426,0.009922831903,3688.585048
1591,0,3,1.158922798,1.1627941,0.004016631684,0.006063617424,0.00414113883,0.01783337748,0.009849862557,3793.341713
1592,0,3,1.160203295,1.164078897,0.003995322314,0.006056146521,0.00413709304,0.01767417512,0.009774092236,3893.084482
1593,0,3,1.161485206,1.165365112,0.003979458844,0.006047372154,0.004133759038,0.01751787641,0.009700138664,3972.404291
1594,0,3,1.162768533,1.166652747,0.003967339225,0.006040730763,0.004131246268,0.01738747782,0.009638747188,4031.687148
1595,0,3,1.164053279,1.167941804,0.003955987365,0.006031929413,0.004128555837,0.01726953494,0.009582742545,4071.555072
1596,0,3,1.165339444,1.169232284,0.00394816076,0.006020898382,0.004128332686,0.01717397037,0.009537132427,4092.838682
1597,0,3,1.16662703,1.170524189,0.003944723756,0.006007266937,0.004127933741,0.01710296776,0.00950262391,4096.533903
1598,0,3,1.167916038,1.171817521,0.003946382135,0.005987999515,0.004130035789,0.01706627459,0.009483472386,4083.750291
1599,0,3,1.169206471,1.173112281,0.003951110199,0.005966457378,0.004132444283,0.01704963021,0.009473342489,4055.658133
1600,0,3,1.17049833,1.174408471,0.003959781837,0.005946144267,0.004136927943,0.01705622974,0.009474513834,4031.568488
1601,0,3,1.171791616,1.175706091,0.003967415839,0.005918861768,0.004141306111,0.01707215852,0.009478690918,4014.248173
1602,0,3,1.173086331,1.177005145,0.003971854781,0.005888151775,0.004145629393,0.01709148524,0.009483552503,3983.158667
1603,0,3,1.174382477,1.178305633,0.003969035062,0.005856268998,0.004148289606,0.0170931389,0.009479356915,3939.713116
1604,0,3,1.175680055,1.179607557,0.003944437196,0.005815695644,0.004147441989,0.01700789034,0.009432000177,3885.076307
1605,0,3,1.176979066,1.180910919,0.003911771452,0.005791757533,0.004150416118,0.01692132858,0.009386209645,3820.407522
1606,0,3,1.178279513,1.18221572,0.003883944148,0.005774788949,0.004151032378,0.01687026267,0.009357751356,3746.665806
1607,0,3,1.179581396,1.183521962,0.003857677119,0.005760352531,0.004146447125,0.0168341754,0.009336029926,3664.889262
1608,0,3,1.180884718,1.184829646,0.003834258747,0.00574981364,0.004138407619,0.01681436037,0.009322164841,3576.088522
1609,0,3,1.18218948,1.186138775,0.003812044341,0.005742170866,0.004126655125,0.01680298739,0.009312275178,3666.122536
1610,0,3,1.183495684,1.187449349,0.0037918639,0.005743794852,0.004109813073,0.0167965255,0.00930568702,3758.085622
1611,0,3,1.184803331,1.18876137,0.003774060466,0.005747787061,0.004088248178,0.01678961731,0.009299000095,3842.023763
1612,0,3,1.186112423,1.19007484,0.00375673718,0.005752253109,0.004061966976,0.01678049598,0.009290937939,3917.177641
1613,0,3,1.187422961,1.19138976,0.0037412131,0.005759735393,0.004033773326,0.01676869575,0.009282129491,3982.955431
1614,0,3,1.188734947,1.192706132,0.003728100791,0.005771452399,0.004002150761,0.01675772169,0.009274249904,4038.912577
1615,0,3,1.190048383,1.194023959,0.003717977612,0.005785482509,0.003968577005,0.0167488707,0.009267813101,4084.727312
1616,0,3,1.19136327,1.19534324,0.003710248782,0.005800974353,0.003938371798,0.01673970855,0.00926209836,4120.178108
1617,0,3,1.19267961,1.196663978,0.003706234826,0.00581921112,0.003910811732,0.01673263733,0.009258442026,4145.12344
1618,0,3,1.193997404,1.197986175,0.003708045347,0.005842685518,0.003878897736,0.01673893309,0.009261807371,4159.48623
1619,0,3,1.195316654,1.199309832,0.003699117828,0.005862695166,0.003849393332,0.0167410112,0.009261937601,4163.244447
1620,0,3,1.196637362,1.20063495,0.003692510513,0.005883972864,0.003824038067,0.01674354025,0.009263168706,4156.425113
1621,0,3,1.197959529,1.201961533,0.00368505161,0.005904971005,0.00380535623,0.01674157077,0.009262953305,4139.105154
1622,0,3,1.199283157,1.20328958,0.003680918676,0.005929208383,0.003795266159,0.01674553324,0.009267167895,4111.427534
1623,0,3,1.200608248,1.204619093,0.003681733898,0.005956118161,0.003780204137,0.01675175939,0.009272835246,4073.613991
1624,0,3,1.201934802,1.205950076,0.003684344405,0.005976224048,0.003766567478,0.01676536007,0.009281082594,4025.984105
1625,0,3,1.203262823,1.207282528,0.003689498421,0.005990565507,0.003756762961,0.01678534667,0.009291937423,3968.976474
1626,0,3,1.20459231,1.208616451,0.00369328252,0.005998018126,0.003750126783,0.01679814727,0.009298625704,3903.169716
1627,0,3,1.205923267,1.209951848,0.003694821108,0.006001213818,0.003745545305,0.01680170117,0.009300437383,3829.30132
1628,0,3,1.207255694,1.21128872,0.003698231895,0.00600642862,0.003743451639,0.01681769712,0.00930863135,3748.281741
1629,0,3,1.208589594,1.212627068,0.003702889129,0.006011719954,0.003741754036,0.01683758022,0.009318757908,3661.201173
1630,0,3,1.209924967,1.213966895,0.003703439353,0.006016905658,0.003740737569,0.01685633981,0.009328021307,3569.326504
1631,0,3,1.211261815,1.215308201,0.003697407188,0.006018442539,0.003741785422,0.01686719426,0.009332680094,3474.132527
1632,0,3,1.212600141,1.21665099,0.003691709041,0.006017275417,0.003744089388,0.01687180887,0.0093342442,3377.241082
1633,0,3,1.213939946,1.217995261,0.003689090012,0.006016947089,0.003748360878,0.01688254604,0.009339213127,3284.9369
1634,0,3,1.215281231,1.219341017,0.003688975048,0.006014849772,0.003752720307,0.0169021603,0.009348166762,3323.181931
1635,0,3,1.216623997,1.22068826,0.003691786148,0.006011384072,0.003759653839,0.01692986317,0.009361106871,3399.667472
1636,0,3,1.217968248,1.222036991,0.003696373193,0.006007151246,0.003766521298,0.01696175863,0.009375993005,3474.230951
1637,0,3,1.219313984,1.223387213,0.003702930959,0.006003016892,0.003775671846,0.01699952632,0.009393980818,3546.46688
1638,0,3,1.220661206,1.224738925,0.003710111757,0.006004578414,0.003783650908,0.0170377939,0.009413053788,3615.862816
1639,0,3,1.222009917,1.226092132,0.003721714488,0.006012533132,0.003793165102,0.0170845672,0.009437587766,3681.746789
1640,0,3,1.223360119,1.227446833,0.003732260855,0.006018615565,0.003805635674,0.01713154673,0.00946211209,3743.371195
1641,0,3,1.224711812,1.228803031,0.003744199348,0.006024488766,0.003818873434,0.01718798283,0.009491101646,3799.790563
1642,0,3,1.226064999,1.230160728,0.00375755737,0.006028853272,0.003832831842,0.01725467164,0.009524712629,3849.899433
1643,0,3,1.227419681,1.231519924,0.003769825341,0.006031796404,0.003850729829,0.01732964455,0.009562150011,3892.476477
1644,0,3,1.228775859,1.232880623,0.003780281477,0.006033244016,0.00386866959,0.0174016469,0.009597844559,3926.232374
1645,0,3,1.230133536,1.234242825,0.003789785695,0.006032530985,0.003886599266,0.01746981632,0.009631381543,3969.611447
1646,0,3,1.231492713,1.235606533,0.003799474838,0.006029579998,0.003905410823,0.01753738425,0.009664418295,4017.50857
1647,0,3,1.232853392,1.236971748,0.003808453369,0.006024363292,0.0039249339,0.01759974333,0.009694758139,4056.720962
1648,0,3,1.234215575,1.238338471,0.003814588289,0.006015920223,0.003944122199,0.01765193257,0.009719686252,4086.376268
1649,0,3,1.235579262,1.239706705,0.003817674138,0.006001871367,0.003962999334,0.01769178597,0.009737835361,4105.637497
1650,0,3,1.236944456,1.241076451,0.003819300174,0.005985044729,0.003981529659,0.01772634187,0.009752994267,4113.811868
1651,0,3,1.238311159,1.242447711,0.003820576596,0.005965193664,0.004000723546,0.01775756927,0.009766235151,4110.340261
1652,0,3,1.239679372,1.243820486,0.003821573802,0.005945298628,0.004019970712,0.0177856853,0.009778059217,4127.353225
1653,0,3,1.241049096,1.245194779,0.00382059789,0.005926093817,0.004039280543,0.01780656084,0.009786533507,4161.258883
1654,0,3,1.242420334,1.246570591,0.003819666481,0.005908145998,0.0040594286,0.01782718632,0.009795197467,4183.428924
1655,0,3,1.243793087,1.247947924,0.003818068265,0.005891612642,0.004079724191,0.01784945999,0.009804796229,4192.782075
1656,0,3,1.245167356,1.249326779,0.003812003727,0.0058708864,0.004099777198,0.01784930974,0.009803120812,4188.332109
1657,0,3,1.246543144,1.250707158,0.003802640526,0.005851601294,0.004118533843,0.01783908135,0.009796637907,4169.235282
1658,0,3,1.247920452,1.252089064,0.003790724293,0.005833366354,0.004134403967,0.01781951193,0.009785525728,4134.84129
1659,0,3,1.249299282,1.253472497,0.003777444446,0.005817147952,0.004147189132,0.01779156553,0.009770456472,4084.737935
1660,0,3,1.250679636,1.254857459,0.003763124811,0.00580266598,0.004156604882,0.01775549538,0.009751500156,4050.145622
1661,0,3,1.252061515,1.256243952,0.003747434749,0.005790587526,0.004162599311,0.01771119427,0.009728666489,4013.824285
1662,0,3,1.25344492,1.257631979,0.003731171466,0.005781606454,0.004166063664,0.01765966586,0.009702686464,3956.629218
1663,0,3,1.254829854,1.259021539,0.003713829171,0.005775701783,0.004168047225,0.01760023716,0.0096733167,3890.424468
1664,0,3,1.256216318,1.260412636,0.003695261708,0.005773314387,0.004167884721,0.01753803494,0.009642873673,3842.885576
1665,0,3,1.257604314,1.261805271,0.003676065704,0.0057739896,0.004165752655,0.01746982545,0.009609899993,3783.282994
1666,0,3,1.258993844,1.263199446,0.003656117306,0.005777026001,0.004163340947,0.01739771002,0.009575423553,3711.908951
1667,0,3,1.260384909,1.264595162,0.003637093165,0.005782208178,0.004159840135,0.01732937332,0.009542979456,3629.184292
1668,0,3,1.261777511,1.265992421,0.00361782293,0.005789465262,0.004154119934,0.01725624294,0.009508432885,3535.653061
1669,0,3,1.263171652,1.267391225,0.003600675321,0.00579900429,0.004147685609,0.01719130257,0.00947809967,3438.565418
1670,0,3,1.264567333,1.268791575,0.003586450064,0.005810109741,0.00414060991,0.01713565662,0.009452451767,3335.623032
1671,0,3,1.265964556,1.270193473,0.003574315733,0.005822608928,0.004132206662,0.01709327764,0.00943310368,3239.4934
1672,0,3,1.267363323,1.271596921,0.003564464917,0.005836103381,0.004122960461,0.01706356673,0.00941978802,3302.202916
1673,0,3,1.268763635,1.273001921,0.003558119976,0.005848158363,0.004112248433,0.0170413444,0.00940982439,3363.130694
1674,0,3,1.270165495,1.274408475,0.003554390403,0.005859672102,0.004101209828,0.01703384983,0.009406665327,3406.235123
1675,0,3,1.271568903,1.275816583,0.003552723017,0.005871874422,0.004089901703,0.01704436767,0.009411940759,3432.01185
1676,0,3,1.272973863,1.277226248,0.003555909797,0.005882694972,0.004076173377,0.01707146049,0.009424708844,3441.27688
1677,0,3,1.274380374,1.278637471,0.00356245231,0.005889983199,0.004063376173,0.01711364181,0.009444187769,3624.297068
1678,0,3,1.27578844,1.280050254,0.003571214304,0.005890161857,0.004051053122,0.01716851425,0.009468586103,3818.60993
1679,0,3,1.277198061,1.281464599,0.003583668101,0.005887583527,0.004038379926,0.01724211908,0.009501388053,3995.8401
1680,0,3,1.27860924,1.282880508,0.003601526411,0.005886163524,0.004025525359,0.01734030006,0.009546056437,4172.752779
1681,0,3,1.280021978,1.284297981,0.003622245879,0.00588263738,0.004013164192,0.01745558354,0.009598554204,4351.006547
1682,0,3,1.281436277,1.285717022,0.003644626911,0.005874692701,0.004000797889,0.01758009388,0.009654809739,4502.967377
1683,0,3,1.282852139,1.287137631,0.003668678765,0.005865265729,0.003987770883,0.01771112998,0.009713997473,4626.611433
1684,0,3,1.284269565,1.288559811,0.003693662347,0.005854727463,0.003973777094,0.0178440582,0.009773974275,4720.561411
1685,0,3,1.285688557,1.289983562,0.003718814425,0.005844017926,0.003959794807,0.01797593226,0.009833568044,4785.797216
1686,0,3,1.287109117,1.291408887,0.003743246741,0.005832463662,0.003947262434,0.01810337883,0.009891192224,4856.254474
1687,0,3,1.288531247,1.292835788,0.003766892558,0.005820122255,0.003937272929,0.0182282134,0.009947778452,4891.824107
1688,0,3,1.289954948,1.294264265,0.003788672706,0.005808795037,0.003929398457,0.01834683883,0.01000178494,4893.205992
1689,0,3,1.291380222,1.295694322,0.0038074887,0.00579574409,0.003923651088,0.01844896133,0.01004797034,4861.878321
1690,0,3,1.29280707,1.297125958,0.003824255735,0.005784162165,0.003921300526,0.01853796234,0.01008853445,4800.013721
1691,0,3,1.294235496,1.298559177,0.003838998602,0.005773974245,0.003922337758,0.01861818803,0.01012544256,4710.364596
1692,0,3,1.295665499,1.29999398,0.003851403467,0.005766214138,0.003926790734,0.01868896765,0.01015849068,4596.12301
1693,0,3,1.297097083,1.301430369,0.003863442618,0.005760501055,0.003934592613,0.01875498672,0.01018994734,4460.760132
1694,0,3,1.298530248,1.302868345,0.003874557775,0.005754702945,0.003944965824,0.01881465803,0.01021864614,4307.856496
1695,0,3,1.299964997,1.30430791,0.003884016649,0.005748360212,0.003958084646,0.01886647882,0.01024377479,4140.936195
1696,0,3,1.301401331,1.305749066,0.003892069336,0.00574122967,0.003974133278,0.0189121462,0.01026612063,4272.16768
1697,0,3,1.302839252,1.307191814,0.003898850603,0.005733604705,0.003993064832,0.01895120978,0.01028552597,4399.281067
1698,0,3,1.304278762,1.308636157,0.003905678716,0.005726881026,0.004014819187,0.0189910512,0.01030570584,4519.195935
1699,0,3,1.305719862,1.310082095,0.003913226327,0.0057204545,0.004039038673,0.01903412753,0.01032773915,4630.195429
1700,0,3,1.307162555,1.311529631,0.003922583746,0.005713937267,0.004066145935,0.01908290426,0.01035285613,4739.469841
1701,0,3,1.308606842,1.312978767,0.003932372134,0.00570609539,0.004093829591,0.01913664065,0.01038019185,4844.809072
1702,0,3,1.310052724,1.314429504,0.003942352802,0.005696595374,0.004122490732,0.01919194159,0.01040815661,4934.469856
1703,0,3,1.311500204,1.315881844,0.003952478128,0.005685806223,0.004153557329,0.01924804149,0.01043658967,5007.023879
1704,0,3,1.312949284,1.317335789,0.003961968306,0.005674731508,0.004188747073,0.01930345863,0.01046504763,5061.141643
1705,0,3,1.314399964,1.31879134,0.00397094965,0.00566292042,0.004224206673,0.01935669009,0.01049240776,5095.651808
1706,0,3,1.315852248,1.320248499,0.00397745568,0.005648781098,0.004255198186,0.01939882654,0.01051368233,5109.584209
1707,0,3,1.317306136,1.321707268,0.003981681686,0.005632358779,0.004283183653,0.01942617097,0.01052733389,5102.227556
1708,0,3,1.31876163,1.32316765,0.003982563367,0.005616066058,0.004308010544,0.01943715936,0.01053284301,5073.169077
1709,0,3,1.320218732,1.324629644,0.003981742373,0.005600395619,0.004329809684,0.01943622658,0.01053248379,5022.338946
1710,0,3,1.321677445,1.326093255,0.003978894144,0.005587124824,0.00434786646,0.01942089222,0.01052523824,4950.050154
1711,0,3,1.323137769,1.327558482,0.003971918657,0.005574290954,0.004363623386,0.01938704907,0.01050889788,4857.018773
1712,0,3,1.324599707,1.329025328,0.0039609939,0.005561664477,0.004377148672,0.01933495581,0.01048357681,4764.094579
1713,0,3,1.32606326,1.330493795,0.003946009685,0.005547803226,0.004387377302,0.01925609646,0.01044504001,4729.604884
1714,0,3,1.32752843,1.331963885,0.003926438117,0.005534582324,0.004394357202,0.01915026852,0.0103934075,4682.999728
1715,0,3,1.328995219,1.333435599,0.003900075064,0.005519296639,0.004398046501,0.01900794866,0.01032373656,4616.198534
1716,0,3,1.330463629,1.334908939,0.003865349536,0.005500102371,0.004396508555,0.01882347401,0.01023284558,4529.775684
1717,0,3,1.331933661,1.336383908,0.003826761371,0.00547906236,0.004389570908,0.01861489937,0.01012974628,4424.273152
1718,0,3,1.333405317,1.337860506,0.00378619487,0.005455989353,0.004377668655,0.0183884554,0.01001751424,4302.375441
1719,0,3,1.3348786,1.339338735,0.003743812562,0.005432365275,0.004361209164,0.01814592588,0.009897240733,4168.475112
1720,0,3,1.33635351,1.340818599,0.003700521384,0.005408654881,0.004340651488,0.01789013015,0.009770432671,4015.446442
1721,0,3,1.33783005,1.342300097,0.003656183341,0.005385067903,0.004316045191,0.01762279272,0.009637916037,3844.782473
1722,0,3,1.339308221,1.343783233,0.003610610586,0.005361142611,0.00428747561,0.01734870238,0.009501819301,3658.062371
1723,0,3,1.340788026,1.345268008,0.003562996468,0.005336007259,0.004255598078,0.01706110243,0.009358942895,3456.959386
1724,0,3,1.342269465,1.346754424,0.003512785986,0.00531181874,0.004220627813,0.01676344196,0.009211158575,3243.281079
1725,0,3,1.343752541,1.348242483,0.003463254671,0.005287713969,0.004184075511,0.01646745975,0.009064184606,3023.259307
1726,0,3,1.345237257,1.349732186,0.003413860915,0.005264829732,0.004145845598,0.0161722479,0.008917714342,2801.244961
1727,0,3,1.346723612,1.351223535,0.003365273459,0.005242245063,0.004106973689,0.01588346556,0.008774364791,2616.983005
1728,0,3,1.34821161,1.352716534,0.003316427384,0.005220429823,0.004066123484,0.01559909236,0.008633026999,2579.207531
1729,0,3,1.349701252,1.354211182,0.003268819241,0.005197893073,0.004024720454,0.01531961669,0.008494002323,2533.491119
1730,0,3,1.35119254,1.355707482,0.003224395665,0.005178135763,0.003982464282,0.01505565895,0.008362755311,2481.14871
1731,0,3,1.352685475,1.357205437,0.003182076287,0.005156993739,0.003940614628,0.01480538096,0.008237838655,2423.759797
1732,0,3,1.35418006,1.358705047,0.003142793334,0.005136890974,0.003900772463,0.01457523545,0.008122781435,2458.585464
1733,0,3,1.355676297,1.360206315,0.003105946779,0.005117641465,0.003862108377,0.01436425795,0.008016934375,2491.981236
1734,0,3,1.357174186,1.361709242,0.003073564687,0.00509889321,0.003825181609,0.01417709591,0.007922556006,2514.140777
1735,0,3,1.358673731,1.363213831,0.003045163751,0.005079821336,0.003789845095,0.01401169783,0.007838498088,2527.298678
1736,0,3,1.360174932,1.364720084,0.00302102503,0.005061634552,0.003756371267,0.01386964235,0.007765694443,2533.669547
1737,0,3,1.361677793,1.366228002,0.00300165724,0.005045013745,0.003724680127,0.01375339247,0.00770537404,2535.297549
1738,0,3,1.363182313,1.367737587,0.002986682148,0.005027867593,0.003696782317,0.0136655741,0.007658554657,2533.927386
1739,0,3,1.364688496,1.369248841,0.002976904593,0.00501299156,0.003670816718,0.01360344304,0.007624313137,2530.87653
1740,0,3,1.366196344,1.370761766,0.002971270831,0.004999779247,0.003645266493,0.01355827969,0.007598374149,2526.975213
1741,0,3,1.367705857,1.372276364,0.002968735001,0.004987837609,0.003620952005,0.0135275465,0.007579540213,2522.548638
1742,0,3,1.369217038,1.373792636,0.002969269844,0.004977399635,0.003598416011,0.01351483353,0.007569517713,2517.436911
1743,0,3,1.370729889,1.375310586,0.002972813853,0.004969466468,0.00357536187,0.01351383514,0.007565384522,2511.048924
1744,0,3,1.372244411,1.376830213,0.002980508271,0.004962208294,0.003554983328,0.01353422632,0.007571659811,2502.44519
1745,0,3,1.373760607,1.378351522,0.002991399239,0.004955434197,0.003536919825,0.01357103772,0.007585968363,2621.282944
1746,0,3,1.375278478,1.379874512,0.003003803202,0.004948255747,0.003521706743,0.01361459785,0.007603745158,2774.081036
1747,0,3,1.376798026,1.381399187,0.003016021362,0.004939050557,0.003508435931,0.0136614354,0.007622902093,2923.453804
1748,0,3,1.378319253,1.382925547,0.003030849406,0.004932167365,0.003494694408,0.01372049708,0.007648157493,3070.475927
1749,0,3,1.379842161,1.384453596,0.003047355686,0.004926853946,0.003482307669,0.01378589688,0.007676875766,3216.083463
1750,0,3,1.381366752,1.385983335,0.00306435642,0.004921013039,0.003470156685,0.01385569412,0.007707608201,3360.9856
1751,0,3,1.382893027,1.387514765,0.003075724224,0.004912639611,0.003458845116,0.01392575591,0.007737641674,3505.62703
1752,0,3,1.384420988,1.389047889,0.003087641787,0.004904006334,0.003449170663,0.01399779545,0.007768813705,3650.092687
1753,0,3,1.385950638,1.390582709,0.003100242764,0.004894391094,0.003441216672,0.0140711527,0.007800735222,3794.128281
1754,0,3,1.387481978,1.392119225,0.003113655538,0.004883663585,0.003434473738,0.01414717476,0.007833951499,3937.16055
1755,0,3,1.38901501,1.393657441,0.003127846853,0.004872007793,0.003428279177,0.01422468395,0.007867887542,4078.35234
1756,0,3,1.390549735,1.395197359,0.00314087052,0.00485723366,0.003421498198,0.01429775909,0.007899214382,4216.676033
1757,0,3,1.392086157,1.396738979,0.003152726308,0.004840115955,0.003414233913,0.0143684882,0.007929010848,4350.994626
1758,0,3,1.393624276,1.398282304,0.003164440306,0.004821670904,0.003406578843,0.01443999712,0.007958964899,4480.14041
1759,0,3,1.395164094,1.399827336,0.003175730081,0.00479994201,0.003398275531,0.01450697629,0.007986321782,4602.983253
1760,0,3,1.396705614,1.401374076,0.003186603171,0.004774168033,0.00338974813,0.01457122762,0.00801183791,4718.482633
1761,0,3,1.398248837,1.402922527,0.003196444477,0.004747985068,0.003381178357,0.01463076569,0.008035114984,4825.72078
1762,0,3,1.399793765,1.40447269,0.003204247543,0.004720541382,0.003372925306,0.0146819512,0.008054300551,4923.915837
1763,0,3,1.4013404,1.406024567,0.003210713355,0.004692201614,0.003364702504,0.01472867885,0.008071255167,5012.415212
1764,0,3,1.402888744,1.407578161,0.003215788337,0.004663697036,0.003356773341,0.01476488989,0.00808333572,5090.678056
1765,0,3,1.404438799,1.409133472,0.003219115014,0.004635060245,0.003349034643,0.01479054684,0.008090469607,5158.254222
1766,0,3,1.405990566,1.410690503,0.003220506825,0.004605866257,0.003340432526,0.01480439194,0.008091881398,5214.764076
1767,0,3,1.407544048,1.412249256,0.003220660321,0.004575718851,0.003331312612,0.01480814157,0.008088395333,5259.88018
1768,0,3,1.409099247,1.413809732,0.003220604559,0.004546394124,0.003322896888,0.01480711969,0.008082920736,5293.320008
1769,0,3,1.410656163,1.415371933,0.00322007692,0.0045160137,0.003314990032,0.01480057232,0.008074796826,5314.85056
1770,0,3,1.4122148,1.416935861,0.003218641544,0.004484769512,0.003307438637,0.01478715257,0.008063371539,5324.304493
1771,0,3,1.41377516,1.418501519,0.00321693147,0.004454139433,0.003301453435,0.01477057186,0.008050735897,5321.60646
1772,0,3,1.415337243,1.420068907,0.003215161671,0.004424727725,0.003295640791,0.01475339306,0.008038024245,5306.806416
1773,0,3,1.416901052,1.421638028,0.003214043851,0.004396094283,0.003288981011,0.01473848138,0.008026455512,5280.115155
1774,0,3,1.418466589,1.423208883,0.003213107709,0.004369956419,0.003282082516,0.01472661191,0.008016634958,5241.936851
1775,0,3,1.420033856,1.424781475,0.003211717641,0.004343670309,0.003276575524,0.01471536901,0.008007194176,5192.893982
1776,0,3,1.421602854,1.426355805,0.003211503754,0.004321220176,0.003273297314,0.01471307307,0.008002744759,5133.840902
1777,0,3,1.423173586,1.427931876,0.003213239059,0.004304488411,0.003272021013,0.01472207119,0.008004670939,5065.863697
1778,0,3,1.424746054,1.429509688,0.003215652292,0.004291611358,0.003274160884,0.01474060889,0.008011929037,4990.265288
1779,0,3,1.426320259,1.431089243,0.003221017873,0.004284239392,0.003277986178,0.01477589683,0.008028106623,4908.536308
1780,0,3,1.427896203,1.432670545,0.003228044204,0.004281496227,0.003281826247,0.01482482859,0.008051357113,4867.533675
1781,0,3,1.429473889,1.434253594,0.003236206935,0.004281726079,0.003288483382,0.0148877996,0.008081876538,4839.541655
1782,0,3,1.431053317,1.435838392,0.003241172395,0.004280858478,0.003291716937,0.01493584332,0.008104717205,4809.795458
1783,0,3,1.432634491,1.437424941,0.003245482795,0.004279293524,0.003298815674,0.01498841411,0.008129887053,4778.626358
1784,0,3,1.434217412,1.439013244,0.003249354567,0.00427889131,0.003309136068,0.01504866965,0.008159044917,4746.421651
1785,0,3,1.435802082,1.440603301,0.00325509579,0.004280204391,0.00332049994,0.01511729067,0.008192588042,4743.018034
1786,0,3,1.437388503,1.442195116,0.003264217761,0.004284045706,0.003332201608,0.01520038177,0.008233518972,4744.285739
1787,0,3,1.438976676,1.443788688,0.003275617226,0.004289991614,0.00334429003,0.01529494521,0.008280297717,4740.518655
1788,0,3,1.440566605,1.445384022,0.003288004373,0.004296067724,0.003357027473,0.01539560816,0.008330089355,4733.071766
1789,0,3,1.44215829,1.446981118,0.00330179057,0.004303394647,0.003371232212,0.0154989093,0.008381563436,4723.416022
1790,0,3,1.443751734,1.448579978,0.003316189882,0.004311092049,0.003386324455,0.01560237065,0.00843332368,4712.934468
1791,0,3,1.445346938,1.450180604,0.003331076408,0.004320013207,0.003402127513,0.01570550359,0.008485220956,4702.719992
1792,0,3,1.446943905,1.451782998,0.003345249961,0.004330796,0.003418463604,0.01580565617,0.00853597024,4693.399266
1793,0,3,1.448542636,1.453387163,0.003358158199,0.004342103493,0.003434478447,0.01589776735,0.008582915272,4685.004746
1794,0,3,1.450143134,1.454993099,0.003368802054,0.004353330664,0.00344952851,0.01597594949,0.008623087097,4703.499019
1795,0,3,1.451745401,1.456600809,0.003376548599,0.004364370638,0.0034633901,0.01603730345,0.008655041656,4726.69352
1796,0,3,1.453349437,1.458210295,0.003379663789,0.004376280291,0.003473582298,0.01607700227,0.00867625686,4741.608676
1797,0,3,1.454955246,1.459821558,0.003376412279,0.00438514844,0.00348279337,0.01608504353,0.008681707231,4746.241076
1798,0,3,1.456562829,1.461434601,0.003368641663,0.00439187896,0.00349115776,0.01606869753,0.008675073057,4739.017573
1799,0,3,1.458172189,1.463049426,0.003356284703,0.004397866535,0.003497156915,0.01602711946,0.008655988416,4718.940557
1800,0,3,1.459783326,1.464666034,0.003339417237,0.004402984069,0.003498870968,0.01595926067,0.008623776369,4685.645943
1801,0,3,1.461396244,1.466284427,0.003317435102,0.004406290836,0.003497889457,0.01586165688,0.008576831643,4639.367024
1802,0,3,1.463010944,1.467904607,0.003290205102,0.004408581421,0.003494273001,0.01573495208,0.008515569571,4580.812342
1803,0,3,1.464627428,1.469526577,0.003258904549,0.004410099935,0.003488161621,0.01558312898,0.008442017244,4510.89415
1804,0,3,1.466245698,1.471150338,0.003223775772,0.004410693924,0.003478966826,0.01540684797,0.008356451486,4430.64657
1805,0,3,1.467865756,1.472775892,0.003184891606,0.004410459122,0.003467420741,0.01520737651,0.008259585208,4341.113551
1806,0,3,1.469487604,1.474403241,0.003142881829,0.00441065031,0.003453272051,0.01498817446,0.008153250944,4242.815208
1807,0,3,1.471111244,1.476032388,0.00309807247,0.00441091594,0.003436032553,0.01475128693,0.008038361434,4135.782723
1808,0,3,1.472736678,1.477663333,0.003051350728,0.004398846035,0.003415566404,0.01449727715,0.007913559983,4079.864695
1809,0,3,1.474363908,1.479296079,0.003002942398,0.004387661992,0.003393003396,0.01423524508,0.007784984188,4026.419673
1810,0,3,1.475992935,1.480930629,0.002952817706,0.004377938961,0.003369144597,0.01396790776,0.007654068599,3961.227668
1811,0,3,1.477623763,1.482566983,0.002902943576,0.004369088187,0.003343813617,0.01370055691,0.007523336398,3881.406913
1812,0,3,1.479256393,1.484205144,0.002854770322,0.004361049291,0.003316651382,0.01343964216,0.007395820142,3784.971455
1813,0,3,1.480890826,1.485845115,0.002808962796,0.004353610191,0.003287446882,0.01318809969,0.007272851474,3671.11114
1814,0,3,1.482527066,1.487486896,0.002766295958,0.004347168357,0.003256547749,0.01295266491,0.007157633994,3554.209998
1815,0,3,1.484165113,1.48913049,0.002727658314,0.004341742589,0.00322547245,0.01274046439,0.007053615278,3489.526322
1816,0,3,1.48580497,1.490775899,0.002693600295,0.004336132777,0.003194298831,0.01255385381,0.006961686585,3425.87285
1817,0,3,1.487446639,1.492423125,0.002664846832,0.004330881248,0.003163519611,0.01239525558,0.006883098108,3363.834392
1818,0,3,1.489090122,1.49407217,0.00264035636,0.004325302699,0.003132419791,0.01225197519,0.006811803631,3302.734579
1819,0,3,1.490735421,1.495723036,0.002621137061,0.004325990208,0.003101871758,0.01214277714,0.006757462465,3282.710344
1820,0,3,1.492382538,1.497375724,0.002609443566,0.004330491013,0.003072358057,0.01207588466,0.006723628529,3288.345244
1821,0,3,1.494031475,1.499030238,0.002606333984,0.004336037377,0.003044795442,0.01205141853,0.006710098079,3286.837511
1822,0,3,1.495682233,1.500686579,0.002610089086,0.004341698954,0.003019163823,0.01205656592,0.006710794416,3275.198264
1823,0,3,1.497334816,1.502344748,0.002617088958,0.00434686794,0.002993561751,0.01208019747,0.006720063213,3251.7903
1824,0,3,1.498989224,1.504004749,0.002626041491,0.004351586711,0.002968119746,0.01211952672,0.006736561876,3216.690433
1825,0,3,1.500645461,1.505666582,0.002633701502,0.004354851395,0.002945909389,0.01216372804,0.006755290082,3210.949244
1826,0,3,1.502303527,1.507330251,0.00264161215,0.004358531346,0.00292618998,0.01221560382,0.006777877149,3218.02369
1827,0,3,1.503963425,1.508995756,0.002649332826,0.004360942219,0.002908810353,0.0122734936,0.006803245625,3217.445876
1828,0,3,1.505625158,1.510663101,0.002656615342,0.004362722891,0.002892136738,0.01232739937,0.006826788893,3220.780026
1829,0,3,1.507288726,1.512332286,0.002666110651,0.004364922835,0.002878192749,0.0123796127,0.006850173382,3310.296305
1830,0,3,1.508954133,1.514003315,0.002676379691,0.004366118378,0.002866037488,0.01242906474,0.006872441689,3389.070633
1831,0,3,1.510621379,1.515676188,0.002685598816,0.004366579083,0.002855313904,0.01247482197,0.006892993808,3444.840608
1832,0,3,1.512290468,1.517350909,0.00269334237,0.004365141936,0.002845998025,0.0125154485,0.006910946264,3479.117759
1833,0,3,1.513961401,1.519027478,0.002699585574,0.004361710558,0.002837868197,0.01255120862,0.006926373782,3493.712006
1834,0,3,1.51563418,1.520705899,0.002706450809,0.004355057919,0.002825950616,0.01258246831,0.006938946447,3490.685348
1835,0,3,1.517308808,1.522386173,0.002709793072,0.004344759811,0.002817596722,0.01260542495,0.006947220773,3472.247832
1836,0,3,1.518985286,1.524068301,0.002712193516,0.004333362757,0.002810340121,0.01262945912,0.006955847821,3440.687338
1837,0,3,1.520663616,1.525752287,0.00271280932,0.004319909836,0.002802849979,0.01265293934,0.006963723814,3398.311929
1838,0,3,1.5223438,1.527438133,0.002715143536,0.004304481368,0.002795719583,0.01268297394,0.006974497117,3347.407492
1839,0,3,1.524025841,1.529125839,0.002719456997,0.00428665248,0.002789974842,0.01271952887,0.006988225992,3290.208904
1840,0,3,1.52570974,1.530815409,0.002725413679,0.004266952045,0.002785269723,0.01276178473,0.007004563449,3228.88048
1841,0,3,1.5273955,1.532506844,0.002733376394,0.004246364064,0.002781546933,0.01280889527,0.007023313954,3165.500755
1842,0,3,1.529083123,1.534200146,0.002743192685,0.004225205029,0.002778654804,0.01286159041,0.007044836658,3180.264408
1843,0,3,1.53077261,1.535895318,0.00275443403,0.004203345329,0.002776558604,0.01291961922,0.007068961332,3347.203098
1844,0,3,1.532463964,1.537592361,0.002767069182,0.004181799964,0.002775127449,0.01298344673,0.007096043689,3498.050113
1845,0,3,1.534157187,1.539291278,0.002782047733,0.004162433037,0.002775104069,0.0130611131,0.007130208908,3631.642438
1846,0,3,1.53585228,1.54099207,0.002796088838,0.004144483662,0.00277528374,0.01313752708,0.007164001593,3747.037419
1847,0,3,1.537549247,1.54269474,0.002810563636,0.004127146466,0.002774914268,0.01321292894,0.007197469108,3843.497008
1848,0,3,1.539248088,1.544399289,0.002826387725,0.00411245701,0.002774930905,0.01329431404,0.007234289835,3920.47302
1849,0,3,1.540948807,1.546105721,0.002840678865,0.004100217474,0.002774616207,0.01337213711,0.007269693696,3977.596871
1850,0,3,1.542651404,1.547814036,0.002853650835,0.004090903662,0.002775168542,0.01344567254,0.007303534868,4014.677251
1851,0,3,1.544355883,1.549524237,0.002866081931,0.004085213645,0.002778197372,0.01351559467,0.007336434353,4031.705686
1852,0,3,1.546062245,1.551236326,0.002878058108,0.004082457284,0.002781604234,0.01357947121,0.007366970821,4031.365739
1853,0,3,1.547770493,1.552950305,0.002890170194,0.004082095364,0.002785345464,0.01364070277,0.00739668013,4040.126759
1854,0,3,1.549480628,1.554666176,0.002905860716,0.004092035601,0.00278753606,0.01371751221,0.00743520814,4030.267914
1855,0,3,1.551192652,1.556383942,0.002926237685,0.004117346242,0.002788838284,0.01382671186,0.007491177926,4002.976843
1856,0,3,1.552906568,1.558103604,0.002929317934,0.004133961176,0.002786249986,0.01387886593,0.007517590158,3959.595399
1857,0,3,1.554622378,1.559825165,0.002930410982,0.004146776892,0.002783741137,0.01392027092,0.00753833908,3901.950134
1858,0,3,1.556340084,1.561548626,0.002931705512,0.004155598796,0.002782858034,0.01395578697,0.007555994098,3832.083752
1859,0,3,1.558059687,1.563273991,0.002934592486,0.004163502706,0.002781585467,0.01399446285,0.007575103893,3752.21327
1860,0,3,1.559781191,1.56500126,0.002938777281,0.004172374883,0.002780937386,0.014037058,0.007596343431,3664.70306
1861,0,3,1.561504596,1.566730436,0.00294327776,0.004180132531,0.002782416835,0.01407608255,0.007616008393,3574.624113
1862,0,3,1.563229906,1.568461522,0.002947548989,0.004182427428,0.002786462744,0.01410731503,0.007631537464,3655.436505
1863,0,3,1.564957122,1.570194519,0.002952882769,0.004175813352,0.002791242373,0.01413608135,0.007644880049,3724.690875
1864,0,3,1.566686247,1.57192943,0.00295852991,0.004172545819,0.002796876642,0.01416793916,0.007660222857,3780.85071
1865,0,3,1.568417281,1.573666256,0.002963252383,0.004172111684,0.002802230898,0.01419862766,0.007675299767,3822.671084
1866,0,3,1.570150229,1.575405001,0.002966875997,0.004173325972,0.002807645984,0.01422509342,0.007688549304,3849.562697
1867,0,3,1.571885091,1.577145665,0.002969928132,0.004175365479,0.002815782918,0.0142500726,0.007701417931,3861.165949
1868,0,3,1.573621871,1.578888252,0.002971235224,0.004179095,0.002824891571,0.01427027086,0.007712225951,3857.500225
1869,0,3,1.575360569,1.580632763,0.002969892787,0.004182888886,0.002833476318,0.0142792629,0.007717557248,3838.957918
1870,0,3,1.577101188,1.582379201,0.002966127989,0.004187259982,0.002840366254,0.01427606113,0.007716940187,3806.277911
1871,0,3,1.578843731,1.584127568,0.002961366312,0.004191488647,0.002847790391,0.01426653793,0.007713337183,3760.504468
1872,0,3,1.580588198,1.585877866,0.002954478426,0.004194292953,0.002854258492,0.01424433077,0.007703388651,3702.934941
1873,0,3,1.582334594,1.587630097,0.002945271302,0.004196232847,0.002858094817,0.01420934876,0.007686957972,3635.060556
1874,0,3,1.584082919,1.589384263,0.002934262774,0.004196954538,0.002860755629,0.01416111296,0.007663963864,3558.504292
1875,0,3,1.585833175,1.591140368,0.002922737252,0.004197443411,0.002863943482,0.01410595433,0.007637752353,3475.657102
1876,0,3,1.587585366,1.592898411,0.002908762357,0.00419667723,0.002867291188,0.01403719704,0.007604887538,3391.924929
1877,0,3,1.589339492,1.594658397,0.002894186323,0.004196447335,0.002869599319,0.01396175448,0.007568878269,3303.606856
1878,0,3,1.591095557,1.596420328,0.00287834517,0.004194453373,0.002870002507,0.01387440526,0.007526857675,3212.218817
1879,0,3,1.592853562,1.598184204,0.00286063913,0.004191998136,0.00286717354,0.01377527787,0.007478888105,3246.631628
1880,0,3,1.594613509,1.599950029,0.002841445342,0.004188998176,0.002863910487,0.01366851114,0.007427174724,3309.596913
1881,0,3,1.596375401,1.601717805,0.00282107506,0.00418677372,0.002858910367,0.01355570754,0.007372552373,3344.500305
1882,0,3,1.598139239,1.603487535,0.002798679833,0.00418371303,0.002851578885,0.01342984898,0.007311436405,3347.987547
1883,0,3,1.599905027,1.605259219,0.002775231596,0.004179855394,0.002843920026,0.01329600313,0.007246459168,3319.49217
1884,0,3,1.601672765,1.60703286,0.002751581673,0.00417585759,0.00283450093,0.01315872015,0.007179751037,3261.479179
1885,0,3,1.603442457,1.608808461,0.002727671469,0.004171155465,0.002826126965,0.01301977088,0.007112316023,3178.845614
1886,0,3,1.605214104,1.610586024,0.002704159216,0.004167389974,0.002816751707,0.01288022853,0.007044749704,3078.317011
1887,0,3,1.606987708,1.612365551,0.002681816038,0.00416418424,0.00280583412,0.01274408501,0.006978842586,2967.221151
1888,0,3,1.608763273,1.614147044,0.002660023625,0.00416142158,0.002793778871,0.01261192653,0.00691482188,2852.198203
1889,0,3,1.610540799,1.615930506,0.002639996426,0.004160033593,0.002779913039,0.01248850062,0.006855035098,2738.257653
1890,0,3,1.612320289,1.617715937,0.00261934039,0.004157910437,0.002764446076,0.01236503281,0.006794949628,2664.022622
1891,0,3,1.614101745,1.619503342,0.002598824049,0.004155246075,0.0027484845,0.01224316243,0.006735524286,2574.985731
1892,0,3,1.615885169,1.621292721,0.002580657309,0.004154096908,0.002732827305,0.0121339129,0.006682374215,2465.21761
1893,0,3,1.617670564,1.623084078,0.002564854177,0.004151974835,0.002719102231,0.01203096384,0.006632401147,2337.87242
1894,0,3,1.619457932,1.624877413,0.002551915075,0.004152085542,0.002705582114,0.01194305503,0.006589932149,2313.116694
1895,0,3,1.621247274,1.62667273,0.002542582191,0.004154292209,0.002694518731,0.01187694039,0.006558296503,2287.077891
1896,0,3,1.623038594,1.628470031,0.002535966503,0.004158491675,0.002684612523,0.01182878254,0.006535507248,2255.039417
1897,0,3,1.624831893,1.630269317,0.002532557808,0.004165540201,0.002674497382,0.01180033193,0.006522391129,2217.023543
1898,0,3,1.626627173,1.632070591,0.002530323125,0.004172070943,0.002665277894,0.01178243845,0.006514182089,2173.271516
1899,0,3,1.628424437,1.633873856,0.002528082995,0.004181134226,0.002653910868,0.01176817241,0.006507807077,2161.855477
1900,0,3,1.630223686,1.635679112,0.002528419633,0.004192246968,0.002645299696,0.01176878186,0.006509025991,2179.947504
1901,0,3,1.632024924,1.637486363,0.00253104318,0.00420389584,0.002641451793,0.01178252753,0.006516980557,2200.643206
1902,0,3,1.633828152,1.639295611,0.002535626901,0.004216165266,0.002640760923,0.01180819117,0.006530935048,2222.870742
1903,0,3,1.635633372,1.641106857,0.002542587687,0.004229214018,0.002642341528,0.01184544473,0.006550716238,2245.612308
1904,0,3,1.637440587,1.642920104,0.002554164469,0.004247303605,0.002645185204,0.01190291059,0.006581026315,2267.969053
1905,0,3,1.639249799,1.644735354,0.002567386978,0.004266079584,0.00264775307,0.0119658738,0.006614069153,2289.226709
1906,0,3,1.641061009,1.64655261,0.00258152371,0.004285138155,0.002649612521,0.01203178801,0.006648515679,2314.330387
1907,0,3,1.642874221,1.648371873,0.002596887903,0.004305457576,0.002650023201,0.01209822529,0.006683383683,2340.999658
1908,0,3,1.644689436,1.650193146,0.002612085027,0.004323907542,0.002651189909,0.01216260242,0.006717084007,2367.796359
1909,0,3,1.646506657,1.652016431,0.002627826624,0.004340203201,0.002655571217,0.01223001355,0.006752187172,2395.046104
1910,0,3,1.648325886,1.65384173,0.002643256377,0.004356307498,0.002662366066,0.0122958135,0.006786741521,2423.181064
1911,0,3,1.650147125,1.655669045,0.002659382386,0.004374234962,0.002669949277,0.01236148437,0.006821678151,2452.689057
1912,0,3,1.651970376,1.657498378,0.002676182865,0.004391951834,0.00267938399,0.01242889718,0.006857619472,2484.060949
1913,0,3,1.653795641,1.659329733,0.002690770577,0.004408318323,0.00268795342,0.01248774203,0.006889163797,2517.742895
1914,0,3,1.655622924,1.66116311,0.002695193037,0.004438731828,0.002701821783,0.01254547,0.006921977036,2554.098461
1915,0,3,1.657452225,1.662998512,0.002704909877,0.004482640834,0.002716119826,0.01262123649,0.006965693141,2593.383889
1916,0,3,1.659283547,1.664835942,0.00271719575,0.004534065608,0.002729894707,0.01270532722,0.007014602066,2641.613772
1917,0,3,1.661116893,1.666675401,0.002734645267,0.004544922747,0.002725260572,0.01277663466,0.007049894433,2694.410617
1918,0,3,1.662952265,1.668516892,0.002749784901,0.004557940347,0.002727873843,0.0128508792,0.007087357214,2747.985474
1919,0,3,1.664789665,1.670360417,0.002759288588,0.004567337274,0.002736312875,0.01290537219,0.007115305385,2802.127073
1920,0,3,1.666629094,1.672205979,0.002759921354,0.004569280282,0.002743649052,0.0129341189,0.007129420208,2856.619721
1921,0,3,1.668470556,1.674053579,0.002758840658,0.004570482564,0.002751180121,0.0129519397,0.007138316447,2910.13255
1922,0,3,1.670314053,1.67590322,0.002756487177,0.004572028597,0.002755865276,0.01295561061,0.007140453535,2963.10236
1923,0,3,1.672159586,1.677754904,0.002753234227,0.004577433717,0.002758413691,0.01294743904,0.007137545482,3016.172624
1924,0,3,1.674007159,1.679608633,0.002750473463,0.004585910885,0.002767073312,0.01292138582,0.007127667732,3069.077349
1925,0,3,1.675856773,1.68146441,0.002745931691,0.00459007831,0.002779548735,0.01288823649,0.007114096758,3126.313721
1926,0,3,1.677708431,1.683322237,0.002748531683,0.004592755952,0.002794239438,0.01288351761,0.007114081699,3185.445968
1927,0,3,1.679562135,1.685182117,0.002759623447,0.004595102325,0.002812407619,0.01291854866,0.007133179918,3243.414663
1928,0,3,1.681417886,1.687044051,0.002772405429,0.00459230972,0.002833741916,0.01296027502,0.007154969642,3299.607035
1929,0,3,1.683275689,1.688908042,0.002778705019,0.004591117926,0.00284978045,0.01298797036,0.007169522093,3353.460694
1930,0,3,1.685135544,1.690774092,0.002788572771,0.00459165862,0.002863105188,0.01302805725,0.007190047185,3404.492363
1931,0,3,1.686997453,1.692642203,0.002809197118,0.004601989265,0.002868172592,0.01310870692,0.007230741745,3452.321405
1932,0,3,1.688861421,1.694512379,0.002823801033,0.004596400646,0.002862686382,0.01315181176,0.007250273739,3496.685288
1933,0,3,1.690727447,1.696384621,0.00282852267,0.004572650073,0.002856645687,0.01314510606,0.007243340167,3537.443996
1934,0,3,1.692595536,1.698258931,0.002822220776,0.004532396985,0.002849300134,0.01308540612,0.007208569851,3574.580367
1935,0,3,1.694465688,1.700135312,0.002818649992,0.004498807022,0.002840866066,0.01304382772,0.007183244636,3608.190776
1936,0,3,1.696337907,1.702013766,0.002811826135,0.00447015979,0.002828283887,0.01299421666,0.007154326507,3638.460748
1937,0,3,1.698212194,1.703894296,0.002805451931,0.004447654526,0.002816802884,0.0129551261,0.007131301812,3665.619675
1938,0,3,1.700088552,1.705776903,0.002798870613,0.004425085972,0.002811201149,0.01291709356,0.007109311155,3689.927671
1939,0,3,1.701966984,1.707661591,0.00279046967,0.004406299626,0.002805580928,0.01288064191,0.007088448661,3711.594988
1940,0,3,1.703847491,1.709548362,0.002780063123,0.004392607942,0.002797410855,0.01285143282,0.007071219635,3730.891973
1941,0,3,1.705730076,1.711437217,0.00277028737,0.004380675717,0.002794371248,0.01283014231,0.007058432445,3747.973264
1942,0,3,1.70761474,1.71332816,0.002761642989,0.004369825986,0.002793419448,0.01281640304,0.007049564351,3762.889016
1943,0,3,1.709501488,1.715221192,0.002756000263,0.004357139073,0.0027936886,0.01281115334,0.007044688502,3775.591351
1944,0,3,1.711390319,1.717116316,0.002752379032,0.004347629023,0.002791935787,0.0128109712,0.007042608836,3785.952424
1945,0,3,1.713281238,1.719013535,0.00275512373,0.004360946722,0.002787562868,0.01282300261,0.007049972797,3793.794354
1946,0,3,1.715174246,1.72091285,0.002761056345,0.004366257982,0.002783265481,0.01284564296,0.007061245478,3798.92572
1947,0,3,1.717069346,1.722814264,0.002761253636,0.004355674017,0.002782349159,0.01282728893,0.007051191846,3801.17943
1948,0,3,1.71896654,1.724717779,0.002764129065,0.004347541417,0.002783413886,0.01282746583,0.007050404217,3800.447471
1949,0,3,1.720865829,1.726623398,0.002761573859,0.004348935845,0.002787415595,0.01281986344,0.007047306533,3796.709267
1950,0,3,1.722767218,1.728531124,0.002766959004,0.004363703402,0.002789635422,0.01285482145,0.007066230782,3790.051567
1951,0,3,1.724670707,1.730440957,0.002775140816,0.004377599294,0.002792205932,0.01290649746,0.007092934386,3780.678812
1952,0,3,1.726576299,1.732352901,0.00278523984,0.00439198354,0.002795067321,0.01296457528,0.007122845183,3768.914882
1953,0,3,1.728483997,1.734266958,0.002792940093,0.004399608967,0.002797750289,0.01300235794,0.007142229907,3755.195825
1954,0,3,1.730393803,1.73618313,0.00280047665,0.004403424721,0.002799364176,0.01301855273,0.007151083376,3741.53126
1955,0,3,1.732305719,1.73810142,0.002810434442,0.0044025657,0.002800810937,0.01303527904,0.007159681696,3731.886452
1956,0,3,1.734219747,1.74002183,0.002821063445,0.004397436108,0.002804595992,0.01305853118,0.007170893226,3720.720917
1957,0,3,1.73613589,1.741944362,0.002831522014,0.004390429145,0.002809317165,0.01308654484,0.007184067506,3708.578047
1958,0,3,1.73805415,1.743869018,0.00284071416,0.00437826385,0.002814929105,0.01311303305,0.007195733334,3696.003894
1959,0,3,1.73997453,1.745795801,0.002848426117,0.004364813343,0.00282111521,0.01314366908,0.007209019608,3683.512103
1960,0,3,1.741897032,1.747724714,0.002855054164,0.004353843802,0.002828709213,0.01317493593,0.00722301569,3671.544685
1961,0,3,1.743821657,1.749655758,0.002861083384,0.00434665922,0.002837810803,0.01320858285,0.007238768465,3660.429561
1962,0,3,1.74574841,1.751588936,0.002867987712,0.00434283988,0.002849305483,0.01324851071,0.007258222743,3650.337059
1963,0,3,1.747677291,1.753524249,0.002876257057,0.004343555131,0.002860134271,0.01329519094,0.007281514196,3641.379441
1964,0,3,1.749608303,1.755461701,0.002885581608,0.004349159727,0.00287144946,0.01334618868,0.007307662858,3642.066798
1965,0,3,1.751541449,1.757401294,0.00289378733,0.00435824339,0.002884392033,0.01339440759,0.007333112617,3644.606157
1966,0,3,1.753476731,1.75934303,0.002901475565,0.004373263961,0.002899451321,0.01344453202,0.007360473107,3648.068929
1967,0,3,1.755414151,1.761286911,0.002907022265,0.004385972152,0.002915241326,0.01348050739,0.007380891574,3651.258756
1968,0,3,1.757353712,1.76323294,0.002912355395,0.004396646869,0.002932048529,0.0135122013,0.007399135257,3652.772623
1969,0,3,1.759295416,1.765181119,0.002916295549,0.004410498872,0.002947959668,0.0135411507,0.007416375606,3651.090672
1970,0,3,1.761239265,1.76713145,0.002918903616,0.004424495483,0.002964785243,0.01355777286,0.007427976089,3644.675268
1971,0,3,1.763185262,1.769083935,0.002917673482,0.004438329098,0.002980850932,0.01357133748,0.007437712301,3632.080593
1972,0,3,1.765133409,1.771038578,0.002913755071,0.004451733773,0.003001655813,0.01357877112,0.007444811361,3612.064677
1973,0,3,1.767083709,1.77299538,0.002910249138,0.004468522262,0.003020222268,0.01358627501,0.007452279055,3591.315186
1974,0,3,1.769036164,1.774954343,0.002906126429,0.004485418252,0.003035699475,0.01358688901,0.007456265351,3573.076128
1975,0,3,1.770990775,1.77691547,0.00290076587,0.004500225093,0.003049483711,0.01357438774,0.007453687373,3547.215814
1976,0,3,1.772947547,1.778878764,0.002895911332,0.004517136201,0.003061132284,0.01355731526,0.007449197104,3514.218634
1977,0,3,1.77490648,1.780844227,0.00289084001,0.004537624807,0.003072768057,0.0135392761,0.007444811878,3474.974263
1978,0,3,1.776867578,1.78281186,0.002884356354,0.004556485115,0.003087311479,0.0135176626,0.007438745905,3430.360388
1979,0,3,1.778830843,1.784781668,0.00287698097,0.004574111044,0.00310154311,0.01349068688,0.007429968263,3378.946358
1980,0,3,1.780796277,1.786753651,0.002869833291,0.004586363378,0.00311410404,0.01346103139,0.00741902423,3326.968665
1981,0,3,1.782763883,1.788727812,0.002864677555,0.004600342962,0.00312434567,0.01343593855,0.007410389894,3276.854006
1982,0,3,1.784733662,1.790704154,0.002859408091,0.004615746884,0.003134613194,0.01341104147,0.007402080235,3257.638785
1983,0,3,1.786705619,1.792682679,0.002854360137,0.004632316767,0.003144511434,0.0133888077,0.007395164876,3256.617458
1984,0,3,1.788679753,1.79466339,0.002849302087,0.004650796522,0.003149150853,0.01336358154,0.00738665847,3262.86602
1985,0,3,1.790656069,1.796646289,0.002845808526,0.004670137633,0.003151944059,0.01334672922,0.007382051609,3276.641661
1986,0,3,1.792634569,1.798631378,0.002843256402,0.004687066068,0.003156676865,0.01332797996,0.00737652279,3297.607418
1987,0,3,1.794615255,1.80061866,0.002841218529,0.004703225084,0.003161064997,0.01331422571,0.007373157178,3324.76936
1988,0,3,1.796598129,1.802608138,0.002839086544,0.00471732153,0.003165124217,0.01330334329,0.007370727385,3356.42589
1989,0,3,1.798583194,1.804599813,0.002838500849,0.004730733716,0.003169193534,0.01329899211,0.00737129411,3419.443204
1990,0,3,1.800570453,1.806593688,0.002839765287,0.004741663672,0.003177336742,0.01330309801,0.007375898701,3505.925615
1991,0,3,1.802559907,1.808589767,0.002842261043,0.00474957975,0.003186993537,0.01331541387,0.00738400518,3590.926768
1992,0,3,1.804551559,1.81058805,0.002842088986,0.004753235018,0.003197448906,0.01332414529,0.007389642078,3671.069075
1993,0,3,1.806545412,1.812588541,0.002844483431,0.004759387808,0.00320673024,0.01334956756,0.007403325795,3742.849566
1994,0,3,1.808541468,1.814591242,0.002848232837,0.004765907344,0.003215210278,0.01338256313,0.007420526873,3802.833814
1995,0,3,1.810539729,1.816596156,0.002850930801,0.004772391389,0.003223283005,0.01341456821,0.007437131834,3847.631889
1996,0,3,1.812540198,1.818603285,0.002848760092,0.004775713319,0.003233480451,0.0134208256,0.007441384738,3874.157073
1997,0,3,1.814542878,1.820612631,0.002845945203,0.004781999181,0.003243307846,0.01342138861,0.007443447423,3879.848575
1998,0,3,1.81654777,1.822624198,0.00284026729,0.004785974466,0.003252955325,0.01341052008,0.007439698195,3862.858645
1999,0,3,1.818554878,1.824637986,0.002831846804,0.00478919826,0.003263213449,0.01338671261,0.007429811787,3833.326596
2000,0,3,1.820564203,1.826654,0.002821329724,0.004792447073,0.003274074857,0.01335301499,0.007415356124,3806.020681
2001,0,3,1.822575748,1.828672242,0.002809487416,0.00479505871,0.003284851834,0.01330793744,0.007395560458,3759.025791
2002,0,3,1.824589516,1.830692713,0.002797190237,0.004798105469,0.003295528073,0.01325458572,0.007372086497,3702.661218
2003,0,3,1.826605509,1.832715416,0.002785882534,0.004801020317,0.003306115671,0.01320048589,0.007348369993,3677.977386
2004,0,3,1.828623729,1.834740355,0.002774605389,0.004802128265,0.00331673563,0.01313686273,0.007320122414,3640.425191
2005,0,3,1.83064418,1.836767531,0.002763877658,0.004803584219,0.003327208389,0.01307295491,0.007291877446,3610.081799
2006,0,3,1.832666862,1.838796946,0.002753160254,0.004804600877,0.003335665203,0.01300848903,0.007263117963,3606.740584
2007,0,3,1.83469178,1.840828604,0.002746048083,0.004805672013,0.003342886876,0.01295099766,0.007237722305,3598.783956
2008,0,3,1.836718935,1.842862506,0.002743036528,0.004808533025,0.003348465458,0.01290607289,0.00721846898,3588.658021
2009,0,3,1.838748329,1.844898656,0.002742037984,0.004812883184,0.003353382965,0.01287697574,0.007206668757,3578.360528
2010,0,3,1.840779966,1.846937055,0.002742937421,0.004817055404,0.003357501053,0.01286226718,0.007201362001,3569.372972
2011,0,3,1.842813848,1.848977707,0.002746719509,0.004818098284,0.003361392329,0.01285855903,0.00720069507,3562.623261
2012,0,3,1.844849977,1.851020613,0.002754315866,0.004818276345,0.003365134418,0.01287757128,0.00721037472,3558.482027
2013,0,3,1.846888356,1.853065776,0.002766792425,0.004817964458,0.003369729167,0.01292469942,0.007233098432,3556.793855
2014,0,3,1.848928987,1.855113199,0.002782354592,0.004813781321,0.003375196293,0.01299263709,0.00726489085,3556.941275
2015,0,3,1.850971872,1.857162883,0.002799311111,0.004804372899,0.003381260177,0.01307478563,0.007302415375,3557.936412
2016,0,3,1.853017015,1.859214832,0.002818259762,0.004792892467,0.00338688093,0.01317261163,0.007346820163,3558.530447
2017,0,3,1.855064417,1.861269048,0.002839459398,0.004778947152,0.003392933921,0.01328512662,0.007397760731,3557.328757
2018,0,3,1.857114082,1.863325534,0.002861538478,0.004762762584,0.003400291513,0.01340989273,0.007454185322,3552.899564
2019,0,3,1.859166011,1.865384291,0.002885228356,0.004742773816,0.003408562183,0.01353905191,0.007512367617,3568.691931
2020,0,3,1.861220208,1.867445323,0.002910878251,0.004719602524,0.003418883443,0.01367388106,0.007573170529,3618.712369
2021,0,3,1.863276674,1.869508631,0.002935297934,0.004692931579,0.003429706627,0.01380318435,0.007631028216,3664.889118
2022,0,3,1.865335412,1.871574219,0.002955941746,0.004666307065,0.003440445126,0.01391901115,0.007682570325,3734.668815
2023,0,3,1.867396426,1.873642088,0.002975393151,0.004639696285,0.003452071831,0.01402159189,0.00772822077,3823.390984
2024,0,3,1.869459716,1.875712242,0.002992730738,0.004611575963,0.003463104694,0.01410755741,0.007765940709,3884.909805
2025,0,3,1.871525286,1.877784683,0.003007765103,0.004581668235,0.003473493493,0.01417801065,0.007796144523,3922.189271
2026,0,3,1.873593138,1.879859413,0.003020648031,0.004550874469,0.00348335027,0.01423808588,0.007821310499,3939.243632
2027,0,3,1.875663275,1.881936435,0.003032849722,0.004518750487,0.003492535474,0.01428946859,0.007842257329,3971.457473
2028,0,3,1.8777357,1.884015751,0.003044310135,0.004485863366,0.003499139017,0.01433319042,0.00785931161,4027.122053
2029,0,3,1.879810414,1.886097364,0.0030561537,0.004454518699,0.003504474206,0.01437932958,0.00787764671,4083.405274
2030,0,3,1.88188742,1.888181277,0.003068606897,0.004423470478,0.003508836904,0.01442848497,0.007897413411,4144.51207
2031,0,3,1.883966722,1.890267491,0.003083194836,0.004394962047,0.003511711118,0.01449030017,0.007923425646,4213.938627
2032,0,3,1.886048321,1.89235601,0.003098443616,0.004368533247,0.003512790937,0.01455354479,0.007950311343,4323.720148
2033,0,3,1.888132219,1.894446836,0.003115886422,0.004342391069,0.003513292446,0.01463280453,0.007984787109,4470.642897
2034,0,3,1.890218421,1.896539972,0.003136639163,0.004317157285,0.003513664538,0.01473287828,0.008029319602,4626.96379
2035,0,3,1.892306927,1.898635419,0.003159914858,0.004293181149,0.003514868954,0.01484843987,0.008081567557,4791.365113
2036,0,3,1.894397741,1.900733182,0.003186265575,0.004269255364,0.003516763803,0.01497622084,0.008139927027,4962.148487
2037,0,3,1.896490865,1.902833261,0.00321612492,0.004248590047,0.003518727998,0.01512199244,0.008207467316,5136.262532
2038,0,3,1.898586302,1.904935661,0.003247926653,0.004230429968,0.003520112466,0.01528222477,0.008282257404,5309.342612
2039,0,3,1.900684054,1.907040382,0.003280688452,0.00421304655,0.003520922485,0.01545009254,0.00836084524,5476.475494
2040,0,3,1.902784124,1.909147429,0.003313848053,0.004196819383,0.003522271887,0.01562385628,0.008442543545,5632.70998
2041,0,3,1.904886514,1.911256803,0.003347804668,0.004182667865,0.003524541122,0.01580362031,0.008527592153,5773.625787
2042,0,3,1.906991227,1.913368508,0.003381831499,0.004169149617,0.003528958742,0.0159840623,0.0086133964,5895.666819
2043,0,3,1.909098266,1.915482545,0.003415296506,0.004154857716,0.003535583625,0.01616181545,0.008698156747,5996.424293
2044,0,3,1.911207633,1.917598917,0.003448768504,0.004142214233,0.00354330936,0.01633780581,0.008782523594,6074.906808
2045,0,3,1.91331933,1.919717627,0.00348164943,0.004129395265,0.003551791124,0.0165083085,0.008864441012,6131.694729
2046,0,3,1.915433361,1.921838678,0.003514235273,0.004116759868,0.003560640908,0.01667447753,0.008944466529,6168.92381
2047,0,3,1.917549727,1.923962072,0.003546271594,0.004103559137,0.003570531993,0.01683371573,0.009021334763,6217.019225
2048,0,3,1.919668432,1.926087811,0.003576516841,0.004089852494,0.003580220404,0.01698472757,0.009094192033,6284.773764
2049,0,3,1.921789478,1.928215899,0.003605790811,0.004076649599,0.003589093962,0.01713000814,0.009164327221,6343.473581
2050,0,3,1.923912867,1.930346337,0.003633214739,0.004063020461,0.0035988319,0.01726692325,0.009230474177,6397.936713
2051,0,3,1.926038603,1.932479129,0.003659668747,0.004047788871,0.003608919122,0.01739800505,0.009293716253,6450.163042
2052,0,3,1.928166687,1.934614278,0.003683297852,0.004032237121,0.00361867417,0.01752083203,0.009352806757,6502.968298
2053,0,3,1.930297122,1.936751784,0.003705254958,0.00401622233,0.003628379691,0.01763345631,0.009406950578,6559.005118
2054,0,3,1.932429912,1.938891652,0.003725467823,0.003999407171,0.00363753099,0.01773905025,0.009457535404,6619.663982
2055,0,3,1.934565058,1.941033884,0.003743759031,0.003982888449,0.003644068836,0.01783791845,0.00950460026,6684.546304
2056,0,3,1.936702563,1.943178482,0.003760443165,0.003964953803,0.003648393442,0.0179303721,0.009548177964,6751.736248
2057,0,3,1.93884243,1.945325449,0.003773842916,0.00394943341,0.003652067505,0.01800987499,0.009585576519,6816.154342
2058,0,3,1.940984661,1.947474788,0.003783594741,0.003931848211,0.003655332236,0.01807511976,0.009615695862,6872.859909
2059,0,3,1.943129259,1.949626501,0.003789732412,0.003914294635,0.00365820063,0.01812207469,0.009636853704,6917.087384
2060,0,3,1.945276226,1.951780591,0.003791696336,0.003895387711,0.003659188512,0.01814440092,0.009645723818,6945.604039
2061,0,3,1.947425566,1.95393706,0.003788892435,0.003876665968,0.003657456694,0.01814254455,0.009642525048,6955.862528
2062,0,3,1.949577281,1.956095911,0.003780377465,0.003857203758,0.003654365897,0.01811070795,0.009624466311,6945.735759
2063,0,3,1.951731373,1.958257147,0.003767143679,0.003838921512,0.003652989877,0.01805329402,0.009594196812,6913.183668
2064,0,3,1.953887845,1.96042077,0.003748114248,0.003820384998,0.003651572094,0.01796337264,0.009548042173,6855.357616
2065,0,3,1.9560467,1.962586783,0.003722495281,0.003801123475,0.003649731292,0.01784017619,0.009485488073,6769.484065
2066,0,3,1.95820794,1.964755188,0.003691005931,0.003783212122,0.003646176112,0.01768227207,0.009406029507,6654.151851
2067,0,3,1.960371568,1.966925988,0.003653373707,0.003765142707,0.003641263158,0.0174899082,0.009309660645,6509.26752
2068,0,3,1.962537587,1.969099186,0.00360784205,0.003744706251,0.003635899832,0.01726630524,0.009197614005,6336.205707
2069,0,3,1.964705999,1.971274784,0.003557992514,0.003724550487,0.003630123631,0.01701666733,0.009072986716,6161.982774
2070,0,3,1.966876807,1.973452784,0.003505094357,0.003705694451,0.003625026568,0.01674867529,0.008939753901,5978.484967
2071,0,3,1.969050013,1.97563319,0.00344871914,0.003687205,0.003619067391,0.01646401714,0.008798446647,5778.302979
2072,0,3,1.971225621,1.977816005,0.003389611717,0.003668689058,0.003611620109,0.01616244778,0.008648948851,5567.766553
2073,0,3,1.973403632,1.980001229,0.00332776124,0.003650227858,0.003601887963,0.01584621451,0.008492265151,5352.786927
2074,0,3,1.97558405,1.982188868,0.003265183593,0.003632067085,0.003591488594,0.01552376087,0.008332755801,5136.676544
2075,0,3,1.977766877,1.984378922,0.00320185497,0.003613602364,0.003580183933,0.01519622831,0.008170879222,4920.924501
2076,0,3,1.979952116,1.986571394,0.003135790226,0.003593878146,0.00356787692,0.01485879361,0.008004102599,4725.719746
2077,0,3,1.982139769,1.988766288,0.003070386049,0.003574506059,0.003555535403,0.01452603657,0.007839833137,4705.529623
2078,0,3,1.98432984,1.990963606,0.003003077127,0.003550577021,0.003541662791,0.0141875991,0.007672294523,4671.447376
2079,0,3,1.98652233,1.993163351,0.002936933299,0.003528195073,0.003526964073,0.0138526668,0.007506823407,4623.43294
2080,0,3,1.988717243,1.995365524,0.002871775726,0.003506965573,0.003511728062,0.01352074005,0.007343169427,4561.539031
2081,0,3,1.990914581,1.99757013,0.002807577967,0.003487811878,0.003495661303,0.01319331194,0.007182103691,4485.830268
2082,0,3,1.993114347,1.99977717,0.002743411809,0.003469318063,0.003477719456,0.01286678038,0.007021592521,4396.41839
2083,0,3,1.995316543,2.001986648,0.002680899711,0.003452275002,0.003458507957,0.01254475761,0.00686362963,4293.372703
2084,0,3,1.997521173,2.004198566,0.002620941794,0.003436533908,0.003438064901,0.01222929948,0.006709231647,4176.957658
2085,0,3,1.999728238,2.006412927,0.002563561266,0.003421677177,0.003417823101,0.01192464758,0.006560458361,4047.466276
2086,0,3,2.001937742,2.008629733,0.002508543225,0.003407764115,0.003396874978,0.0116305937,0.006417069324,3959.110359
2087,0,3,2.004149687,2.010848988,0.002454898678,0.003395198613,0.003372166781,0.01134293821,0.006276696127,3872.356775
2088,0,3,2.006364077,2.013070694,0.002404994819,0.003386087313,0.003347200712,0.01107523005,0.006146422957,3775.384608
2089,0,3,2.008580913,2.015294853,0.002359328686,0.003379306896,0.003321982252,0.01082865354,0.006026637757,3668.826496
2090,0,3,2.010800198,2.017521469,0.002318364516,0.003374074644,0.003297882749,0.01060641886,0.005918854313,3553.46918
2091,0,3,2.013021935,2.019750545,0.002282636318,0.003370993156,0.003274758165,0.01040975393,0.005823680995,3430.01101
2092,0,3,2.015246128,2.021982083,0.002251490464,0.003369364407,0.003252354692,0.01023888627,0.005740958737,3352.101911
2093,0,3,2.017472777,2.024216086,0.002223739825,0.003368193671,0.003229817429,0.01009135352,0.005669146406,3276.739242
2094,0,3,2.019701887,2.026452557,0.002198999739,0.0033667291,0.003208306597,0.009964439502,0.005606998986,3192.760469
2095,0,3,2.02193346,2.028691498,0.002177499434,0.003366021815,0.003186884134,0.009856101526,0.005553615363,3100.772501
2096,0,3,2.024167499,2.030932913,0.002158328754,0.003365282979,0.003167576403,0.009765627809,0.005508732597,3020.337355
2097,0,3,2.026404006,2.033176804,0.002142019416,0.003364582335,0.003148275964,0.009690929479,0.005471161147,2955.455101
2098,0,3,2.028642984,2.035423175,0.002127207164,0.003362624836,0.003128892877,0.009625898432,0.005437833837,2878.962087
2099,0,3,2.030884436,2.037672027,0.002113806897,0.003360041709,0.003109429869,0.009570583232,0.005408851019,2791.237975
2100,0,3,2.033128364,2.039923364,0.002101930402,0.003358673232,0.003089755655,0.009523501115,0.005383829046,2692.981197
2101,0,3,2.035374772,2.042177189,0.002091755959,0.003357457004,0.003069851557,0.009482998489,0.005361884218,2624.427167
2102,0,3,2.037623662,2.044433504,0.002082116892,0.003355776419,0.003049277946,0.009444993787,0.005340937412,2550.128402
2103,0,3,2.039875037,2.046692312,0.00207272017,0.003354634099,0.003027283863,0.009412031407,0.005322135888,2468.034791
2104,0,3,2.042128899,2.048953617,0.002063219484,0.003353034599,0.003004199101,0.009383438212,0.005305041013,2403.725848
2105,0,3,2.044385252,2.05121742,0.002052738602,0.003348853437,0.002981049139,0.009353677416,0.005286929409,2344.281078
2106,0,3,2.046644098,2.053483725,0.002042062938,0.003342512919,0.002958320871,0.009325268046,0.005269124694,2277.907588
2107,0,3,2.048905439,2.055752535,0.002031516654,0.003334273076,0.002936237643,0.009297950263,0.005251614215,2205.318918
2108,0,3,2.051169279,2.058023853,0.00202321051,0.003324885476,0.002914367345,0.009279302441,0.005238015727,2143.910114
2109,0,3,2.05343562,2.06029768,0.002017140355,0.003314274102,0.002892711982,0.009269029546,0.005228191833,2105.633201
2110,0,3,2.055704466,2.062574021,0.002012710534,0.003302143681,0.002871653009,0.009265813886,0.005221514497,2051.569797
2111,0,3,2.057975818,2.064852878,0.002009641317,0.00328842298,0.002850500058,0.00926692912,0.005216649063,2066.408404
2112,0,3,2.06024968,2.067134253,0.002008433027,0.003274395035,0.002828304361,0.009278147161,0.00521629146,2082.420614
2113,0,3,2.062526054,2.069418151,0.002008152566,0.003261304019,0.002805705877,0.009296922633,0.005219519531,2089.771302
2114,0,3,2.064804944,2.071704572,0.002008707094,0.003247279508,0.002783857978,0.009317088081,0.005223450104,2109.238684
2115,0,3,2.067086351,2.073993521,0.002009926844,0.003233154634,0.002763074051,0.009338515877,0.005228182089,2211.89344
2116,0,3,2.069370279,2.076285,0.002010392724,0.003218930368,0.002742819768,0.00935462623,0.005230566026,2301.006088
2117,0,3,2.071656731,2.078579011,0.002010826025,0.003204585622,0.002722707977,0.00936654371,0.005231110544,2379.733494
2118,0,3,2.073945709,2.080875558,0.002010201459,0.003189835128,0.00270241981,0.009372160007,0.005228680858,2452.729978
2119,0,3,2.076237216,2.083174644,0.002008062043,0.003175458478,0.002682177801,0.009370381476,0.005222881783,2513.290584
2120,0,3,2.078531255,2.085476271,0.002004487621,0.003160522504,0.002662627685,0.009360985402,0.00521355222,2561.962484
2121,0,3,2.080827828,2.087780442,0.001999652317,0.003145738799,0.002642895961,0.009345119626,0.005201212403,2599.251007
2122,0,3,2.083126939,2.090087159,0.001993588433,0.00313062341,0.002622149776,0.009319847256,0.005184361583,2625.657581
2123,0,3,2.085428591,2.092396426,0.001985565517,0.003116327021,0.002600787844,0.009285758875,0.005163414079,2641.787189
2124,0,3,2.087732785,2.094708246,0.001975998898,0.003101753971,0.00257882271,0.009243551592,0.005138555778,2699.097228
2125,0,3,2.090039526,2.097022621,0.001966179948,0.003087910886,0.002556614718,0.009198743023,0.005112587634,2761.583517
2126,0,3,2.092348815,2.099339553,0.001955917323,0.003075896633,0.00253411708,0.009151946974,0.005085927532,2813.23415
2127,0,3,2.094660656,2.101659046,0.001945495294,0.003065383057,0.002512055754,0.009105219319,0.005059569354,2853.910326
2128,0,3,2.096975051,2.103981103,0.001933972546,0.003052959835,0.002490663406,0.009052613327,0.005030259084,2883.595117
2129,0,3,2.099292003,2.106305726,0.001921974208,0.003041839551,0.002469651621,0.009000427238,0.005001340878,2902.459625
2130,0,3,2.101611515,2.108632918,0.001910566754,0.003030678209,0.002449543671,0.008951896082,0.004974233192,2910.891344
2131,0,3,2.10393359,2.110962681,0.001898933924,0.003018025868,0.002430631165,0.008903443287,0.00494706227,2909.481839
2132,0,3,2.106258231,2.113295019,0.001886437905,0.003003460951,0.002411934953,0.008851045954,0.004917770591,2909.55746
2133,0,3,2.10858544,2.115629935,0.001873646838,0.002988383577,0.002395130375,0.008798230684,0.004888417473,2972.333535
2134,0,3,2.110915221,2.11796743,0.001860747125,0.002975817076,0.002378881594,0.008746406546,0.00485995299,3021.643627
2135,0,3,2.113247575,2.120307509,0.001847410005,0.002963780014,0.002362609458,0.008691053983,0.004829939402,3056.515352
2136,0,3,2.115582507,2.122650173,0.001834613234,0.002950767614,0.002346970466,0.008633077144,0.004798727086,3076.461851
2137,0,3,2.117920019,2.124995425,0.001821888534,0.002941262188,0.00233155448,0.008577010472,0.004768950514,3081.345311
2138,0,3,2.120260113,2.127343269,0.001807813827,0.002931852067,0.002316682461,0.008514069976,0.0047360414,3070.886315
2139,0,3,2.122602793,2.129693707,0.001793677329,0.002918006067,0.002302835629,0.008446003401,0.004700267629,3044.996047
2140,0,3,2.124948061,2.132046741,0.001779448419,0.002905603694,0.002288571257,0.008375961573,0.004663776908,3008.013566
2141,0,3,2.127295921,2.134402375,0.001765874432,0.002895819112,0.00227443313,0.008309427065,0.004629354843,3016.271215
2142,0,3,2.129646375,2.136760612,0.00175367975,0.002887659451,0.002260887808,0.00824861218,0.004597966571,3006.589019
2143,0,3,2.131999426,2.139121453,0.001742090405,0.002880017567,0.002247643237,0.008188642321,0.004567141977,2981.209901
2144,0,3,2.134355076,2.141484903,0.001732363042,0.002873131875,0.00223500107,0.00813610761,0.00454002878,2942.57982
2145,0,3,2.13671333,2.143850964,0.001724239409,0.002865737465,0.002223110373,0.008090920481,0.004516377606,2893.016024
2146,0,3,2.139074189,2.146219638,0.001718653957,0.002858881288,0.00221381269,0.008060097826,0.004499808808,2834.527809
2147,0,3,2.141437657,2.148590928,0.001716119031,0.002853973826,0.002206057813,0.008046827311,0.004491891361,2768.594803
2148,0,3,2.143803736,2.150964838,0.00171580808,0.002851025744,0.00219971441,0.008048531625,0.004491379242,2708.496797
2149,0,3,2.146172429,2.153341371,0.00171673416,0.002846517501,0.002194933112,0.008057597451,0.004494230916,2715.280687
2150,0,3,2.14854374,2.155720528,0.001721103225,0.002843928557,0.00219140944,0.008082933049,0.004505169474,2712.040153
2151,0,3,2.15091767,2.158102313,0.00172816466,0.00284197459,0.002189828718,0.008122342338,0.004523029061,2698.720655
2152,0,3,2.153294224,2.160486729,0.001737636436,0.002841195436,0.002190092371,0.008175300381,0.004547631603,2675.40586
2153,0,3,2.155673403,2.162873779,0.001750116557,0.002842632543,0.002192142234,0.008243875518,0.004580132063,2641.860783
2154,0,3,2.158055211,2.165263465,0.00176377163,0.002843649436,0.002194684502,0.008318497977,0.004615497837,2597.753857
2155,0,3,2.160439651,2.167655791,0.001778854349,0.002846789343,0.002197935571,0.008401843743,0.004655384823,2605.760488
2156,0,3,2.162826726,2.170050759,0.001793921204,0.002850236318,0.002201655753,0.008486813523,0.004696149811,2610.995981
2157,0,3,2.165216437,2.172448372,0.001808664755,0.002853901171,0.002205042026,0.008570637329,0.00473640303,2601.297199
2158,0,3,2.16760879,2.174848633,0.001822176963,0.002856985818,0.00220910594,0.008648796565,0.004774005863,2576.161769
2159,0,3,2.170003785,2.177251546,0.001834401142,0.002858216905,0.002214034517,0.008719546202,0.004807984667,2535.26967
2160,0,3,2.172401427,2.179657113,0.001844761333,0.002858035862,0.00221888413,0.008778774015,0.004836368301,2485.133745
2161,0,3,2.174801718,2.182065337,0.001853287624,0.002857736925,0.002223143836,0.008828059296,0.004859998323,2486.884957
2162,0,3,2.177204661,2.18447622,0.001860135664,0.002856459009,0.002225573045,0.008866905954,0.004878387524,2471.044917
2163,0,3,2.179610259,2.186889767,0.001864743291,0.002853030242,0.002226778621,0.008891743879,0.004889752073,2438.070012
2164,0,3,2.182018515,2.18930598,0.001866529158,0.002848739237,0.002226610229,0.008902376739,0.004894112561,2388.879349
2165,0,3,2.184429432,2.191724862,0.001866228226,0.002844176336,0.002224962217,0.008902500594,0.004893289296,2325.891733
2166,0,3,2.186843013,2.194146415,0.001864056372,0.002838719026,0.002222779654,0.0088927849,0.004887622237,2317.030725
2167,0,3,2.18925926,2.196570644,0.001860234582,0.002832734776,0.002220073876,0.008874583472,0.004877802242,2295.737852
2168,0,3,2.191678178,2.19899755,0.001855496391,0.00282660287,0.002216969964,0.008850449146,0.00486512992,2264.284942
2169,0,3,2.194099768,2.201427138,0.001850068617,0.002820285739,0.002212691015,0.008822502697,0.004850497936,2225.017055
2170,0,3,2.196524033,2.203859409,0.001843568268,0.002812688699,0.002207219704,0.00878964331,0.004833208303,2179.862522
2171,0,3,2.198950977,2.206294367,0.00183676939,0.00280620493,0.002202745517,0.008757718538,0.004816591889,2151.034989
2172,0,3,2.201380603,2.208732016,0.0018294625,0.002799128968,0.002198313583,0.008721615087,0.004797947696,2162.192028
2173,0,3,2.203812913,2.211172357,0.001822439038,0.002789658171,0.002193638947,0.00868494788,0.004778698784,2166.134275
2174,0,3,2.206247911,2.213615394,0.001815305189,0.00277752554,0.002189647466,0.008648069153,0.004759034491,2161.51551
2175,0,3,2.208685599,2.21606113,0.001807489598,0.002763057525,0.002185932784,0.008610821644,0.004738830474,2146.848045
2176,0,3,2.21112598,2.218509568,0.001800059327,0.002748793604,0.002181809055,0.008573851555,0.004718773704,2121.235923
2177,0,3,2.213569058,2.220960711,0.001792688023,0.002733846514,0.002177447014,0.008536352341,0.004698356997,2083.804963
2178,0,3,2.216014835,2.223414563,0.001785776466,0.002719740608,0.002172752952,0.008501265653,0.004679165515,2033.75923
2179,0,3,2.218463315,2.225871125,0.001778541991,0.002707491108,0.002167758813,0.008468686952,0.004661318394,2035.162783
2180,0,3,2.220914499,2.228330402,0.001770901304,0.00269676181,0.00216231847,0.008436533201,0.004643795035,2078.858946
2181,0,3,2.223368393,2.230792395,0.001762841191,0.002687291518,0.002156469548,0.008402940302,0.004625713766,2119.425333
2182,0,3,2.225824997,2.233257109,0.001753303519,0.00267848905,0.00214926837,0.00836635147,0.004606071218,2154.38649
2183,0,3,2.228284316,2.235724546,0.001743276555,0.002669429232,0.002141588239,0.008326430992,0.004584776953,2181.546858
2184,0,3,2.230746352,2.238194709,0.001733004411,0.002658855004,0.002134360639,0.008283608522,0.004561975441,2199.125963
2185,0,3,2.233211108,2.240667601,0.001722288042,0.00264790214,0.002127697184,0.008238559513,0.004538133427,2205.912192
2186,0,3,2.235678588,2.243143226,0.001710844557,0.002635043542,0.002120913507,0.008188627082,0.004511716169,2201.39949
2187,0,3,2.238148794,2.245621586,0.001700092198,0.002621773666,0.002115016767,0.008139910941,0.004485963015,2185.865743
2188,0,3,2.24062173,2.248102684,0.001689234137,0.002608492838,0.002109072982,0.008089743371,0.00445953707,2171.438687
2189,0,3,2.243097397,2.250586523,0.001678054932,0.002596346509,0.002102136196,0.008039214113,0.004432968072,2177.176627
2190,0,3,2.2455758,2.253073107,0.001666824823,0.002585385692,0.002095194409,0.007986766175,0.004405700787,2176.090183
2191,0,3,2.248056942,2.255562438,0.001654954706,0.002572276966,0.002088349832,0.007923255315,0.00437306139,2167.458983
2192,0,3,2.250540825,2.25805452,0.001642751062,0.002561208556,0.002081482029,0.007858699626,0.004340223139,2150.445877
2193,0,3,2.253027452,2.260549355,0.001630712376,0.002551866715,0.002074549829,0.007791082606,0.004306273672,2124.311656
2194,0,3,2.255516827,2.263046946,0.001618164707,0.002543988588,0.002067411285,0.007719915774,0.00427087883,2088.660842
2195,0,3,2.258008952,2.265547298,0.001605429627,0.002537871495,0.002059391909,0.0076476475,0.004235144724,2043.620831
2196,0,3,2.260503831,2.268050411,0.001593423206,0.002532464613,0.002051309839,0.007577796859,0.004200691961,1989.8404
2197,0,3,2.263001467,2.270556291,0.00158096682,0.002527899491,0.002042932237,0.00750749957,0.004166108911,1928.310969
2198,0,3,2.265501862,2.273064939,0.001568923236,0.002523762198,0.002034314933,0.007438159974,0.004132056292,1860.146137
2199,0,3,2.26800502,2.275576359,0.001557842667,0.002520377214,0.002025313196,0.007369548148,0.004098515235,1798.587448
2200,0,3,2.270510944,2.278090554,0.001547333922,0.002517628491,0.002016120039,0.007301868669,0.004065547982,1762.129424
2201,0,3,2.273019636,2.280607527,0.001536580728,0.002515054157,0.002006525068,0.007233264895,0.004032147122,1717.963441
2202,0,3,2.2755311,2.283127281,0.001526096419,0.002512482336,0.00199727224,0.007166116692,0.003999495675,1703.611374
2203,0,3,2.278045339,2.285649819,0.001517210511,0.002510142351,0.001987829403,0.007104488462,0.003969507664,1680.816722
2204,0,3,2.280562357,2.288175144,0.001509944866,0.002508511171,0.001978061551,0.007050022435,0.003942971774,1648.937671
2205,0,3,2.283082155,2.290703259,0.00150489256,0.002504956806,0.001967813034,0.007006537553,0.003921204115,1608.084926
2206,0,3,2.285604737,2.293234168,0.001500792936,0.002503910744,0.001958933654,0.006971450249,0.003903859887,1559.112299
2207,0,3,2.288130107,2.295767874,0.001496923975,0.002504892494,0.001950937593,0.006943668782,0.003890242969,1503.282067
2208,0,3,2.290658267,2.298304379,0.001493749744,0.002506533797,0.001943355931,0.006921444902,0.003879337308,1441.880422
2209,0,3,2.29318922,2.300843686,0.001491440207,0.002509363443,0.00193631485,0.006906616941,0.003872078626,1376.143044
2210,0,3,2.295722969,2.3033858,0.001490953598,0.002512361738,0.001929923008,0.006898841639,0.003868252929,1314.648763
2211,0,3,2.298259519,2.305930722,0.001493587323,0.002516650168,0.001920496203,0.006904160395,0.003870402679,1315.537032
2212,0,3,2.30079887,2.308478457,0.001498678265,0.002521594062,0.001912232001,0.006918165903,0.003876922873,1362.437303
2213,0,3,2.303341028,2.311029006,0.001506057583,0.002525901488,0.00190638251,0.006941504933,0.003888032046,1410.175236
2214,0,3,2.305885995,2.313582374,0.001515295115,0.002530848051,0.001902642202,0.006975947247,0.003904651024,1458.822232
2215,0,3,2.308433773,2.316138562,0.0015256164,0.002535745648,0.001900472864,0.007015074754,0.003923664814,1508.335255
2216,0,3,2.310984366,2.318697576,0.001536261329,0.002541029229,0.001898895979,0.007056986284,0.003944102869,1558.517513
2217,0,3,2.313537778,2.321259417,0.001546788075,0.002546533292,0.001897158602,0.00710057707,0.003965311799,1608.999381
2218,0,3,2.316094011,2.323824088,0.001557829773,0.002553127031,0.00189543384,0.007148280776,0.00398860498,1659.29163
2219,0,3,2.318653068,2.326391593,0.001568838847,0.002559472921,0.001893358494,0.007195642472,0.004011677764,1708.879298
2220,0,3,2.321214953,2.328961935,0.001579723077,0.002565440933,0.001890759467,0.007241576936,0.004033993681,1757.265515
2221,0,3,2.323779668,2.331535117,0.00159032082,0.002570356971,0.001888343661,0.007285558085,0.004055275997,1804.001765
2222,0,3,2.326347217,2.334111142,0.001600772412,0.002574966593,0.001886537943,0.007329198403,0.004076429195,1848.712454
2223,0,3,2.328917603,2.336690013,0.001610966155,0.002580048607,0.0018854032,0.007372791023,0.004097702267,1891.130955
2224,0,3,2.331490829,2.339271733,0.001620708289,0.00258414525,0.001883899602,0.007412023086,0.004116784728,1931.138685
2225,0,3,2.334066898,2.341856305,0.001629128118,0.002587066195,0.001881953228,0.00744838047,0.004134219682,1968.804077
2226,0,3,2.336645814,2.344443733,0.001636908369,0.002590494757,0.001879636695,0.007484352941,0.004151466763,2004.401128
2227,0,3,2.339227579,2.347034019,0.001644027918,0.002593748373,0.001877488054,0.007519200483,0.004168143943,2038.385635
2228,0,3,2.341812196,2.349627166,0.001651148264,0.002596604506,0.001875506025,0.007552312936,0.004184005231,2071.332546
2229,0,3,2.34439967,2.352223179,0.001657672438,0.002597986562,0.001873735421,0.007583230971,0.004198621455,2103.844232
2230,0,3,2.346990002,2.354822059,0.001663467112,0.002597725913,0.001871229246,0.007609763632,0.004210858113,2136.433893
2231,0,3,2.349583196,2.35742381,0.001669784497,0.002597826167,0.001868882091,0.007638170913,0.004224075527,2169.434043
2232,0,3,2.352179256,2.360028435,0.001676769732,0.002598161548,0.001866990714,0.007669204295,0.004238642147,2202.919708
2233,0,3,2.354778184,2.362635938,0.001684839396,0.002598051931,0.001865721853,0.007703906384,0.004254986758,2236.664327
2234,0,3,2.357379983,2.36524632,0.001693613407,0.002597796915,0.001865223206,0.007742526845,0.00427324978,2270.138186
2235,0,3,2.359984657,2.367859586,0.001701072257,0.002596873103,0.001865991153,0.007777468253,0.004289764916,2302.5483
2236,0,3,2.362592209,2.370475739,0.001706667741,0.002594441614,0.001867976229,0.007807120201,0.004303611945,2332.913503
2237,0,3,2.365202643,2.373094782,0.00170965265,0.002590409715,0.001869317954,0.007826872881,0.004312407199,2360.166085
2238,0,3,2.36781596,2.375716717,0.00171198473,0.002585861934,0.001868682286,0.00784345941,0.004319415547,2383.26388
2239,0,3,2.370432165,2.378341549,0.00171370868,0.002580512253,0.001867691064,0.007855355628,0.004324081489,2401.291152
2240,0,3,2.37305126,2.38096928,0.001713863125,0.002572717148,0.001866161973,0.007858430471,0.00432416727,2417.544955
2241,0,3,2.37567325,2.383599913,0.001712944188,0.002561018799,0.001865122633,0.007851316189,0.004318994195,2431.719256
2242,0,3,2.378298136,2.386233452,0.001711178316,0.002546961579,0.001864377556,0.007835478505,0.004309459699,2439.409901
2243,0,3,2.380925923,2.388869901,0.001708310528,0.002531103945,0.001863054827,0.007811527702,0.00429580465,2440.742137
2244,0,3,2.383556613,2.391509262,0.001704957207,0.002513198144,0.001859751465,0.00778002204,0.004278155632,2436.31464
2245,0,3,2.38619021,2.394151538,0.001700340884,0.002495368169,0.001856329472,0.007739304562,0.004256195943,2427.124128
2246,0,3,2.388826717,2.396796733,0.001693418783,0.002476764907,0.001852363256,0.007692413075,0.004231031202,2414.427131
2247,0,3,2.391466136,2.39944485,0.001684255475,0.002455605101,0.001849106781,0.007640034169,0.004202857091,2399.568797
2248,0,3,2.394108472,2.402095893,0.001674616846,0.00243388101,0.001846091137,0.007585132257,0.004173439894,2387.406944
2249,0,3,2.396753728,2.404749864,0.001664189289,0.002410874718,0.001842525063,0.007525769517,0.004141676844,2374.196243
2250,0,3,2.399401906,2.407406767,0.001653851699,0.002388319122,0.001837969758,0.007464104861,0.004108840709,2360.327727
2251,0,3,2.402053011,2.410066606,0.001643400982,0.002365194071,0.001832766171,0.00740221569,0.004075743452,2346.275432
2252,0,3,2.404707044,2.412729384,0.001632267573,0.002341777746,0.001826885881,0.007338627448,0.004041694734,2332.299541
2253,0,3,2.40736401,2.415395104,0.001620710646,0.002318532692,0.00182057359,0.007274591599,0.004007382811,2318.474544
2254,0,3,2.410023912,2.418063769,0.001609192142,0.002294993287,0.001814612926,0.007211165669,0.003973355758,2304.711454
2255,0,3,2.412686752,2.420735383,0.001597369878,0.002270873947,0.00180945048,0.007147259288,0.003939095245,2290.774097
2256,0,3,2.415352535,2.423409949,0.0015855302,0.002247476611,0.001804867244,0.007083461853,0.003905061931,2276.300303
2257,0,3,2.418021263,2.42608747,0.001574308599,0.002225868436,0.001801033632,0.007022992356,0.003872953706,2260.842581
2258,0,3,2.42069294,2.428767951,0.001564103745,0.002206547685,0.001797207078,0.006963344757,0.00384165969,2243.929415
2259,0,3,2.423367569,2.431451394,0.00155374393,0.002189467981,0.001793601222,0.006905051487,0.003811319707,2225.14267
2260,0,3,2.426045153,2.434137802,0.001543229067,0.002173049752,0.001790794664,0.006847047465,0.003781292957,2204.19365
2261,0,3,2.428725695,2.43682718,0.001532079293,0.002156993097,0.001788143846,0.006787405708,0.003750540656,2180.994742
2262,0,3,2.4314092,2.43951953,0.001520790436,0.002142293628,0.001785705171,0.006728515379,0.003720345673,2155.688332
2263,0,3,2.434095669,2.442214855,0.00151011999,0.002127486454,0.001784701694,0.006673490538,0.003692130045,2128.636442
2264,0,3,2.436785106,2.44491316,0.001500003516,0.002113445193,0.001784171447,0.006622794687,0.003666106189,2100.36995
2265,0,3,2.439477515,2.447614448,0.001490163963,0.002100630719,0.001783563061,0.006575982334,0.003642041972,2071.507848
2266,0,3,2.442172899,2.450318721,0.001480509904,0.002088630878,0.001783252997,0.006532612908,0.003619713773,2042.661426
2267,0,3,2.444871261,2.453025983,0.001471348438,0.002078558439,0.001783287532,0.006493693195,0.003599772116,2014.339702
2268,0,3,2.447572605,2.455736239,0.001462989105,0.002069887071,0.001783841552,0.00646048092,0.0035827599,1986.872552
2269,0,3,2.450276933,2.45844949,0.001455940175,0.002063223823,0.001784737835,0.006434541713,0.003569498233,1960.361384
2270,0,3,2.452984249,2.46116574,0.001449415558,0.002058479398,0.001784963937,0.006411940353,0.003557991647,1934.661823
2271,0,3,2.455694557,2.463884993,0.001443038653,0.00205521633,0.001784778713,0.006391393104,0.003547591281,1912.739553
2272,0,3,2.458407859,2.466607252,0.001436875878,0.002052776029,0.001783334259,0.0063705862,0.003537059207,1896.897405
2273,0,3,2.461124159,2.469332521,0.001431097918,0.002051670352,0.001781454555,0.006350661888,0.003527105018,1882.592885
2274,0,3,2.46384346,2.472060802,0.001425197791,0.002051981198,0.001779356631,0.006330084588,0.003517026318,1868.779419
2275,0,3,2.466565766,2.474792099,0.001418709357,0.002053682577,0.001777131342,0.006306190699,0.003505587872,1854.023567
2276,0,3,2.46929108,2.477526416,0.001411478423,0.002056261949,0.001774853255,0.006278740963,0.003492605643,1836.702121
2277,0,3,2.472019405,2.480263755,0.001403312458,0.00205753143,0.001772077006,0.006243603551,0.003475829529,1815.262496
2278,0,3,2.474750745,2.483004121,0.00139348157,0.002056636416,0.001768358173,0.006198260652,0.003453877168,1788.489631
2279,0,3,2.477485102,2.485747515,0.001382822879,0.002056791637,0.001764104396,0.006147863288,0.003429682139,1755.716656
2280,0,3,2.480222481,2.488493943,0.001372346593,0.002058873133,0.001759088825,0.006096438488,0.003405262453,1729.624769
2281,0,3,2.482962884,2.491243406,0.001362121253,0.002063364609,0.001753034607,0.006045355037,0.003381282881,1701.316637
2282,0,3,2.485706315,2.493995909,0.001351914836,0.00206887156,0.001746153158,0.005994716543,0.003357587696,1669.276153
2283,0,3,2.488452777,2.496751454,0.001341803104,0.002074428758,0.001738929553,0.005944089651,0.003333907917,1634.180273
2284,0,3,2.491202274,2.499510045,0.001331072463,0.002078993512,0.001730684898,0.005890411265,0.003308556445,1596.637482
2285,0,3,2.493954809,2.502271685,0.001320251511,0.002082069873,0.001722199227,0.005834995743,0.003282195321,1556.967438
2286,0,3,2.496710385,2.505036378,0.001308898972,0.002083921919,0.001713024359,0.005778081095,0.003254866382,1515.19276
2287,0,3,2.499469005,2.507804127,0.001297000319,0.002083949932,0.001703540792,0.005718592358,0.003226042736,1471.257036
2288,0,3,2.502230674,2.510574935,0.001284265681,0.002081583955,0.001695226737,0.005655903231,0.003195518939,1425.366863
2289,0,3,2.504995394,2.513348806,0.001272043638,0.002077151595,0.001686972733,0.005593193096,0.003164740897,1378.211002
2290,0,3,2.507763169,2.516125743,0.001259165999,0.002071020323,0.001678484448,0.005529202348,0.003133050145,1349.131603
2291,0,3,2.510534002,2.518905748,0.001246184848,0.00206371248,0.001668737479,0.005462797447,0.003099948652,1345.127019
2292,0,3,2.513307896,2.521688827,0.001232988695,0.002055859961,0.001658746403,0.005395496722,0.003066335182,1331.178961
2293,0,3,2.516084855,2.524474981,0.001220262003,0.002048086925,0.001648324784,0.005331090964,0.003034023932,1304.121232
2294,0,3,2.518864883,2.527264214,0.001207571353,0.002039262622,0.001637156535,0.005266986946,0.003001593478,1262.607056
2295,0,3,2.521647982,2.53005653,0.001194859518,0.002029915302,0.001623927927,0.005202665248,0.0029687166,1207.623413
2296,0,3,2.524434156,2.532851932,0.001181998461,0.002020505267,0.001612217346,0.00513868739,0.002936192891,1147.801638
2297,0,3,2.527223409,2.535650424,0.001169012694,0.002011034563,0.001600671714,0.005074445678,0.002903575363,1120.622055
2298,0,3,2.530015743,2.538452008,0.00115630008,0.002000203867,0.001591835084,0.005012147459,0.002871994363,1094.621232
2299,0,3,2.532811163,2.541256688,0.001144281573,0.001990743102,0.001581581334,0.004953554638,0.002842162095,1070.071523
2300,0,3,2.535609672,2.544064467,0.001132783753,0.001982544661,0.001571601383,0.004899007981,0.002814422342,1047.162877
2301,0,3,2.538411272,2.546875349,0.001122689988,0.001975910119,0.001561849863,0.004852569417,0.002790674584,1025.955399
2302,0,3,2.541215968,2.549689338,0.001114699463,0.001971433679,0.001553196779,0.004817003251,0.002772410783,1006.251426
2303,0,3,2.544023763,2.552506436,0.001107492397,0.001968965968,0.001544984218,0.004786905739,0.002757027801,987.4737776
2304,0,3,2.546834661,2.555326647,0.001100480461,0.001967668796,0.001537038615,0.004758542901,0.002742671871,968.4943622
2305,0,3,2.549648664,2.558149975,0.001094021072,0.00196608869,0.001529686073,0.004733170272,0.002729708187,947.5479699
2306,0,3,2.552465776,2.560976422,0.001089425517,0.001965763079,0.001524225046,0.004718630305,0.002722122627,922.3471399
2307,0,3,2.555286001,2.563805993,0.001084756432,0.001965725991,0.0015180947,0.00470593374,0.002715289997,890.4266555
2308,0,3,2.558109342,2.56663869,0.001080723359,0.001965792464,0.001511151226,0.004694451734,0.002708955431,849.6904041
2309,0,3,2.560935802,2.569474518,0.001077891485,0.001966690848,0.001504452117,0.004687527188,0.00270490343,799.0221276
2310,0,3,2.563765386,2.572313479,0.001076009758,0.001969125309,0.001497811502,0.004683956335,0.002702690221,802.5205197
2311,0,3,2.566598096,2.575155578,0.001076059455,0.00197285119,0.001491286396,0.004687397702,0.002703963669,822.0983713
2312,0,3,2.569433935,2.578000817,0.001076471404,0.001976139012,0.001484961386,0.004692632941,0.002706003987,845.614556
2313,0,3,2.572272908,2.5808492,0.001076951401,0.001978601975,0.001478990447,0.004697803477,0.002707926345,854.3382699
2314,0,3,2.575115018,2.583700731,0.001078014286,0.001980135275,0.001473995308,0.004706392059,0.002711357543,856.5484327
2315,0,3,2.577960268,2.586555412,0.001079022892,0.001983036139,0.001469609539,0.004718445801,0.002716625007,881.5482493
2316,0,3,2.580808662,2.589413249,0.001079264227,0.001985060837,0.001465415292,0.004728373476,0.002720764392,906.0565096
2317,0,3,2.583660203,2.592274243,0.001077992672,0.001985228805,0.001460989985,0.004731467411,0.002721418619,929.7746262
2318,0,3,2.586514895,2.595138399,0.001075456989,0.001984776615,0.001455670329,0.004731120919,0.00272022183,971.1513215
2319,0,3,2.589372741,2.59800572,0.001073430872,0.001983924917,0.001450654829,0.004734890154,0.00272083609,1012.871166
2320,0,3,2.592233744,2.60087621,0.001070295302,0.001981415874,0.001446438597,0.00473502528,0.002719567517,1050.189574
2321,0,3,2.595097909,2.603749872,0.001067824265,0.00197818437,0.001441850196,0.004735614954,0.002718383851,1081.978826
2322,0,3,2.597965238,2.60662671,0.001066417815,0.001975537678,0.001436244749,0.004739054216,0.002718521194,1107.358227
2323,0,3,2.600835735,2.609506727,0.001064351651,0.001973612781,0.001430612895,0.004739871734,0.002717582986,1125.48819
2324,0,3,2.603709404,2.612389927,0.001062474284,0.001971149058,0.001424396702,0.004738598034,0.002715579934,1135.224643
2325,0,3,2.606586248,2.615276313,0.00106065623,0.00196823301,0.001417677054,0.004734791435,0.002712332529,1134.734729
2326,0,3,2.609466271,2.618165889,0.001058379841,0.001965424584,0.001411630669,0.004729708389,0.002708593005,1122.977854
2327,0,3,2.612349476,2.621058659,0.001055658606,0.001963239424,0.001405341485,0.004724447615,0.002704815802,1110.973339
2328,0,3,2.615235866,2.623954626,0.001052315288,0.001961584533,0.001398073907,0.004718960593,0.002700850841,1108.040932
2329,0,3,2.618125446,2.626853794,0.001048791498,0.001960354456,0.001390309367,0.004714953168,0.002697531127,1102.389124
2330,0,3,2.621018218,2.629756166,0.001045445871,0.001958810647,0.001382105381,0.004711822612,0.002694502915,1094.570764
2331,0,3,2.623914187,2.632661745,0.001042144394,0.001953883517,0.001374970813,0.004706336317,0.002689975465,1084.689707
2332,0,3,2.626813356,2.635570536,0.001038314952,0.001946858434,0.001368188122,0.004696144437,0.002683005172,1072.274951
2333,0,3,2.629715727,2.638482542,0.00103228189,0.001936806002,0.001361226339,0.004672512576,0.002669369509,1056.389967
2334,0,3,2.632621306,2.641397767,0.001027516598,0.001927530405,0.001354772841,0.004655931835,0.002659148102,1035.976843
2335,0,3,2.635530095,2.644316214,0.00102440811,0.001918581103,0.001347954236,0.004644883522,0.002651522628,1010.07777
2336,0,3,2.638442098,2.647237886,0.001021551242,0.001908817352,0.001340703102,0.00463408015,0.002643829338,977.1946385
2337,0,3,2.641357318,2.650162788,0.001018924848,0.001899017408,0.001332538006,0.004623905611,0.002636315402,936.8627644
2338,0,3,2.644275759,2.653090923,0.001016651818,0.001888394623,0.001324140667,0.004616296534,0.00262978884,889.9685105
2339,0,3,2.647197425,2.656022294,0.001014559209,0.001876556107,0.001315631521,0.004610912986,0.002624033064,912.9112847
2340,0,3,2.650122319,2.658956904,0.001012778964,0.00186484804,0.001307206624,0.004608857385,0.002619815595,945.9341717
2341,0,3,2.653050445,2.661894759,0.001011578334,0.00185374321,0.001298466134,0.004610329327,0.002617288932,969.9196833
2342,0,3,2.655981806,2.664835861,0.001011135822,0.001842548055,0.001290226297,0.004616889003,0.002617141902,1022.217804
2343,0,3,2.658916406,2.667780213,0.001012114744,0.001831932028,0.001282424477,0.004630008447,0.002620207147,1078.066579
2344,0,3,2.661854249,2.670727819,0.001013641885,0.00182147532,0.001275924716,0.004647828963,0.002625620886,1134.003729
2345,0,3,2.664795337,2.673678683,0.001016714229,0.00181085026,0.00127003906,0.004671816242,0.002633996616,1189.447068
2346,0,3,2.667739675,2.676632809,0.001020944611,0.001800891175,0.001264903751,0.004700687737,0.00264489998,1243.772884
2347,0,3,2.670687266,2.679590199,0.001026646247,0.001792120271,0.001260101562,0.004736600233,0.002659367185,1296.36584
2348,0,3,2.673638114,2.682550858,0.001032044874,0.001784162338,0.001254905826,0.004774019627,0.002674621651,1346.641614
2349,0,3,2.676592223,2.685514788,0.001037826025,0.001777604689,0.001250091914,0.00481509586,0.00269187849,1394.047136
2350,0,3,2.679549595,2.688481994,0.001043733712,0.001772576401,0.001246026891,0.004858353503,0.002710516046,1438.051788
2351,0,3,2.682510235,2.691452479,0.001048784187,0.001768344755,0.001241820897,0.004897331832,0.002727314139,1478.150696
2352,0,3,2.685474147,2.694426246,0.001053078999,0.001764781885,0.001237896081,0.004933557775,0.002742982387,1513.895553
2353,0,3,2.688441333,2.697403299,0.001057146247,0.001761016553,0.001235190963,0.004966804637,0.002757425543,1544.935258
2354,0,3,2.691411797,2.700383641,0.001061486494,0.001757921973,0.001233175169,0.004999017525,0.002771639427,1571.066968
2355,0,3,2.694385544,2.703367277,0.001065947365,0.001756020772,0.001231130544,0.00503074476,0.002785853908,1592.286949
2356,0,3,2.697362576,2.706354209,0.001069892189,0.001754599568,0.001229513709,0.005059983812,0.002799036847,1608.830797
2357,0,3,2.700342898,2.709344441,0.001073097499,0.001753771745,0.001227779871,0.005084834518,0.002810259733,1621.193348
2358,0,3,2.703326513,2.712337976,0.001076181072,0.001753513989,0.001227192202,0.005109818436,0.002821755755,1630.119283
2359,0,3,2.706313424,2.715334819,0.001078370255,0.001752996455,0.001226982062,0.00513001567,0.00283100798,1636.569242
2360,0,3,2.709303635,2.718334972,0.001078554199,0.001751845393,0.001226594879,0.005141992733,0.002836232788,1641.653528
2361,0,3,2.712297151,2.721338439,0.00107863146,0.001750299961,0.001225739742,0.005151458955,0.002840200832,1646.540734
2362,0,3,2.715293974,2.724345223,0.001077707431,0.001747634569,0.001223564638,0.005155734183,0.002841407454,1652.347633
2363,0,3,2.718294108,2.727355329,0.001076914443,0.001743586911,0.001220399335,0.005159136478,0.002841914134,1660.021473
2364,0,3,2.721297557,2.730368759,0.00107615846,0.001738774075,0.001216746365,0.005163725688,0.002842797347,1670.231924
2365,0,3,2.724304324,2.733385518,0.001075910132,0.001732688488,0.001212782024,0.005169604831,0.002844092402,1683.281363
2366,0,3,2.727314414,2.736405608,0.001076031576,0.001725940483,0.001208714092,0.005177191659,0.002846094593,1702.50862
2367,0,3,2.73032783,2.739429034,0.001076419389,0.001719419042,0.001204641098,0.00518638175,0.002848894363,1729.996644
2368,0,3,2.733344575,2.742455799,0.00107667075,0.001713054676,0.001200063359,0.005194137089,0.002851008084,1757.695627
2369,0,3,2.736364653,2.745485906,0.001076447947,0.001707110003,0.001195998902,0.005199515087,0.00285211918,1784.223544
2370,0,3,2.739388068,2.748519359,0.001075976321,0.001701081333,0.001193271628,0.005204432035,0.002853130418,1808.101254
2371,0,3,2.742414824,2.751556162,0.001075225278,0.001695304721,0.001191000569,0.005207984909,0.002853583565,1827.893922
2372,0,3,2.745444924,2.754596318,0.001073376314,0.001689960593,0.001188485512,0.005205349622,0.002851151786,1842.346919
2373,0,3,2.748478372,2.75763983,0.001069712704,0.001684225267,0.001185812214,0.005192879787,0.002843987127,1850.506756
2374,0,3,2.751515171,2.760686704,0.001064907848,0.001679066673,0.001182433695,0.005172674007,0.002833196051,1851.799553
2375,0,3,2.754555326,2.763736941,0.001059406846,0.001672447869,0.001178363852,0.005145631286,0.002818930978,1846.059834
2376,0,3,2.75759884,2.766790546,0.00105255795,0.001664511419,0.001173474954,0.005109750118,0.002800226162,1834.922808
2377,0,3,2.760645717,2.769847523,0.001044362143,0.001656292485,0.001168908401,0.005066068874,0.002777831788,1824.064955
2378,0,3,2.763695961,2.772907874,0.00103502445,0.001648628479,0.001163782027,0.005013131184,0.002751141779,1808.768031
2379,0,3,2.766749574,2.775971605,0.001024802082,0.001640614427,0.001158310479,0.004952576682,0.002720824046,1789.760841
2380,0,3,2.769806562,2.779038717,0.001015841429,0.001632978352,0.001154403161,0.004895654065,0.002692518686,1767.634356
2381,0,3,2.772866927,2.782109216,0.001007188271,0.001627370335,0.001150308449,0.004838973028,0.002664659074,1742.773972
2382,0,3,2.775930674,2.785183104,0.0009980355066,0.001623132753,0.001145895506,0.004778505924,0.002635233869,1715.339101
2383,0,3,2.778997805,2.788260386,0.0009886605821,0.001620101555,0.0011415825,0.004716984935,0.002605539113,1685.281827
2384,0,3,2.782068326,2.791341066,0.0009789748658,0.001618094316,0.001137357221,0.004653455482,0.002575114093,1652.389549
2385,0,3,2.785142239,2.794425146,0.000968967633,0.001616654988,0.001132563817,0.00458660545,0.002543232293,1618.602824
2386,0,3,2.788219549,2.79751263,0.0009600131552,0.001615161317,0.001129080399,0.004522777348,0.002513001633,1583.887446
2387,0,3,2.791300259,2.800603524,0.0009512570041,0.001614784108,0.001126313475,0.004459189574,0.002483212199,1544.614233
2388,0,3,2.794384372,2.803697829,0.0009434854699,0.00161047837,0.00112428461,0.004397487334,0.002453860028,1500.67432
2389,0,3,2.797471893,2.80679555,0.0009354299401,0.001606244719,0.001122701844,0.00433355252,0.002423591764,1452.077459
2390,0,3,2.800562826,2.809896692,0.0009257047998,0.001602298114,0.00112082525,0.004261964803,0.002389815989,1398.938143
2391,0,3,2.803657174,2.813001256,0.0009159256301,0.001599338488,0.001117708736,0.004189116376,0.002355566396,1341.449751
2392,0,3,2.806754941,2.816109248,0.000906126689,0.001595303464,0.001114552371,0.00411620921,0.002321177717,1279.865939
2393,0,3,2.80985613,2.819220672,0.0008945591248,0.001589878488,0.001109947729,0.004034069064,0.002282194493,1214.472281
2394,0,3,2.812960746,2.82233553,0.0008836117918,0.001584715492,0.001106264558,0.00395604123,0.002245338308,1145.578927
2395,0,3,2.816068793,2.825453827,0.0008713483801,0.001578594349,0.001103039218,0.003881297569,0.002209772299,1073.542006
2396,0,3,2.819180273,2.828575567,0.0008602361549,0.001572461675,0.001100339403,0.003810713844,0.002176288628,998.8603939
2397,0,3,2.822295191,2.831700754,0.0008508097608,0.001567876981,0.001097921729,0.003745944402,0.002145905815,980.65317
2398,0,3,2.825413551,2.834829391,0.0008435601995,0.001563357301,0.00109619972,0.003687153939,0.002118515864,988.8229688
2399,0,3,2.828535357,2.837961482,0.0008384674463,0.001559251596,0.001094012749,0.003637530177,0.002095398702,992.949754
2400,0,3,2.831660612,2.841097032,0.0008341592805,0.001554018886,0.001091669559,0.00359176326,0.00207384318,995.0272037
2401,0,3,2.83478932,2.844236044,0.0008311483415,0.001547636117,0.001089377472,0.00355161391,0.002054670884,995.8239041
2402,0,3,2.837921484,2.847378522,0.0008296052679,0.001542569651,0.001087226254,0.003521690871,0.00204035129,994.339446
2403,0,3,2.84105711,2.85052447,0.000829157513,0.001538486268,0.001084704813,0.003499998345,0.002029840826,988.743493
2404,0,3,2.8441962,2.853673892,0.0008293706627,0.001534237338,0.001081168943,0.003481897038,0.002020784079,977.2209098
