<?xml version="1.0"?>
<VTKFile type="UnstructuredGrid" version="0.1">
<UnstructuredGrid>
<Piece NumberOfPoints="2746" NumberOfCells="2555">
<Points><DataArray type="Float64" NumberOfComponents="3" format="ascii">
2.6 1.099681225 0.0
2.5 1.099681225 0.0
2.5 1.000358622 0.0
2.6 1.000358622 0.0
2.8 1.000358622 0.0
2.7 1.000358622 0.0
2.7 0.9003187749 0.0
2.8 0.9003187749 0.0
2.7 1.099681225 0.0
2.9 0.9003187749 0.0
2.9 1.000358622 0.0
3 1.099681225 0.0
2.9 1.099681225 0.0
3 1.000358622 0.0
3.1 1.099681225 0.0
3.1 1.000358622 0.0
3.2 1.099681225 0.0
3.2 1.000358622 0.0
3.3 1.099681225 0.0
3.3 1.000358622 0.0
3.4 1.000358622 0.0
3.4 0.9003187749 0.0
3.5 0.9003187749 0.0
3.5 1.000358622 0.0
3.6 0.9003187749 0.0
3.6 1.000358622 0.0
3.7 1.099681225 0.0
3.6 1.099681225 0.0
3.7 1.000358622 0.0
3.8 1.099681225 0.0
3.8 1.000358622 0.0
3.9 1.099681225 0.0
3.9 1.000358622 0.0
4.1 1.000358622 0.0
4 1.000358622 0.0
4 0.9003187749 0.0
4.1 0.9003187749 0.0
4 1.099681225 0.0
4.2 0.9003187749 0.0
4.2 1.000358622 0.0
4.7 -1.099681225 0.0
4.8 -1.099681225 0.0
4.8 -0.9996413783 0.0
4.7 -0.9996413783 0.0
4.7 -0.9003187749 0.0
4.6 -0.9003187749 0.0
4.6 -0.9996413783 0.0
4.5 -0.9003187749 0.0
4.5 -0.9996413783 0.0
4.4 -0.9003187749 0.0
4.4 -0.9996413783 0.0
4.5 -1.099681225 0.0
4.6 -1.099681225 0.0
4.3 -1.099681225 0.0
4.4 -1.099681225 0.0
4.3 -0.9996413783 0.0
4.2 -1.099681225 0.0
4.2 -0.9996413783 0.0
4.1 -1.099681225 0.0
4.1 -0.9996413783 0.0
4.1 -0.9003187749 0.0
4 -0.9003187749 0.0
4 -0.9996413783 0.0
3.9 -0.9003187749 0.0
3.9 -0.9996413783 0.0
4 -1.099681225 0.0
3.9 -1.099681225 0.0
3.8 -0.9996413783 0.0
3.8 -1.099681225 0.0
3.8 -0.9003187749 0.0
3.7 -0.9003187749 0.0
3.7 -0.9996413783 0.0
3.6 -0.9003187749 0.0
3.6 -0.9996413783 0.0
3.7 -1.099681225 0.0
3.5 -0.9003187749 0.0
3.5 -0.9996413783 0.0
3.6 -1.099681225 0.0
3.4 -0.9003187749 0.0
3.4 -0.9996413783 0.0
3.3 -0.9003187749 0.0
3.3 -0.9996413783 0.0
3.3 -1.099681225 0.0
3.4 -1.099681225 0.0
3.2 -0.9996413783 0.0
3.2 -1.099681225 0.0
3.1 -0.9996413783 0.0
3.1 -1.099681225 0.0
3.1 -0.9003187749 0.0
3 -0.9003187749 0.0
3 -0.9996413783 0.0
2.9 -0.9003187749 0.0
2.9 -0.9996413783 0.0
3 -1.099681225 0.0
2.8 -1.099681225 0.0
2.9 -1.099681225 0.0
2.8 -0.9996413783 0.0
2.8 -0.9003187749 0.0
2.7 -0.9003187749 0.0
2.7 -0.9996413783 0.0
2.6 -0.9003187749 0.0
2.6 -0.9996413783 0.0
2.7 -1.099681225 0.0
2.6 -1.099681225 0.0
4.3 1.099681225 0.0
4.2 1.099681225 0.0
4.3 1.000358622 0.0
4.4 1.000358622 0.0
4.4 0.9003187749 0.0
4.5 0.9003187749 0.0
4.5 1.000358622 0.0
4.4 1.099681225 0.0
4.6 1.000358622 0.0
4.6 0.9003187749 0.0
4.7 0.9003187749 0.0
4.7 1.000358622 0.0
4.8 0.9003187749 0.0
4.8 1.000358622 0.0
5 1.000358622 0.0
5 1.099681225 0.0
4.9 1.099681225 0.0
4.9 1.000358622 0.0
5.1 1.099681225 0.0
5.1 1.000358622 0.0
5.2 1.099681225 0.0
5.2 1.000358622 0.0
5.3 1.099681225 0.0
5.3 1.000358622 0.0
5.3 0.9003187749 0.0
5.4 0.9003187749 0.0
5.4 1.000358622 0.0
5.5 0.9003187749 0.0
5.5 1.000358622 0.0
5.2 -1.000358622 0.0
5.2 -1.099681225 0.0
5.3 -1.099681225 0.0
5.3 -1.000358622 0.0
5.4 -1.000358622 0.0
5.4 -1.099681225 0.0
5.3 -0.9003187749 0.0
5.2 -0.9003187749 0.0
5.5 -1.000358622 0.0
5.5 -1.099681225 0.0
7 -1.000358622 0.0
7 -1.099681225 0.0
7.1 -1.099681225 0.0
7.1 -1.000358622 0.0
5.6 1.099681225 0.0
5.5 1.099681225 0.0
5.6 1.000358622 0.0
5.7 1.099681225 0.0
5.7 1.000358622 0.0
5.8 1.099681225 0.0
5.8 1.000358622 0.0
5.9 1.099681225 0.0
5.9 1.000358622 0.0
6 1.099681225 0.0
6 1.000358622 0.0
6 0.9003187749 0.0
6.1 0.9003187749 0.0
6.1 1.000358622 0.0
6.2 0.9003187749 0.0
6.2 1.000358622 0.0
6.3 1.099681225 0.0
6.2 1.099681225 0.0
6.3 1.000358622 0.0
6.4 1.000358622 0.0
6.4 0.9003187749 0.0
6.5 0.9003187749 0.0
6.5 1.000358622 0.0
6.7 1.000358622 0.0
6.6 1.000358622 0.0
6.6 0.9003187749 0.0
6.7 0.9003187749 0.0
6.6 1.099681225 0.0
6.5 1.099681225 0.0
7 1.000358622 0.0
7 0.9003187749 0.0
7.1 0.9003187749 0.0
7.1 1.000358622 0.0
7.2 1.000358622 0.0
7.2 0.9003187749 0.0
7.1 1.099681225 0.0
7 1.099681225 0.0
7.3 0.9003187749 0.0
7.3 1.000358622 0.0
7.4 0.9003187749 0.0
7.4 1.000358622 0.0
7.5 0.9003187749 0.0
7.5 1.000358622 0.0
7.6 1.000358622 0.0
7.6 0.9003187749 0.0
7.7 1.000358622 0.0
7.7 0.9003187749 0.0
2.7 -1.199721072 0.0
2.8 -1.199721072 0.0
2.9 -1.199721072 0.0
3 -1.199721072 0.0
3.1 -1.199721072 0.0
3.2 -1.199721072 0.0
3.2 -0.9003187749 0.0
3.3 -1.199721072 0.0
3.4 -1.199721072 0.0
3.5 -1.099681225 0.0
3.5 -1.199721072 0.0
3.6 -1.199721072 0.0
3.7 -1.199721072 0.0
3.8 -1.199721072 0.0
4 -1.199721072 0.0
4.1 -1.199721072 0.0
4.2 -0.9003187749 0.0
4.3 -1.199721072 0.0
4.4 -1.199721072 0.0
4.3 -0.9003187749 0.0
4.5 -1.199721072 0.0
4.8 -1.199721072 0.0
4.9 -1.199721072 0.0
4.9 -1.099681225 0.0
4.8 -0.9003187749 0.0
4.9 -0.9003187749 0.0
4.9 -1.000358622 0.0
5.1 -1.099681225 0.0
5 -1.099681225 0.0
5 -1.199721072 0.0
5.1 -1.199721072 0.0
5 -1.000358622 0.0
5 -0.9003187749 0.0
5.2 -1.199721072 0.0
5.1 -1.000358622 0.0
5.1 -0.9003187749 0.0
5.3 -1.199721072 0.0
5.4 -1.199721072 0.0
5.5 -1.199721072 0.0
5.4 -0.9003187749 0.0
5.6 -1.199721072 0.0
5.6 -1.099681225 0.0
5.5 -0.9003187749 0.0
5.6 -0.9003187749 0.0
5.6 -1.000358622 0.0
5.7 -1.000358622 0.0
5.7 -0.9003187749 0.0
5.7 -1.099681225 0.0
5.7 -1.199721072 0.0
5.8 -1.199721072 0.0
5.8 -1.099681225 0.0
5.8 -1.000358622 0.0
5.8 -0.9003187749 0.0
5.9 -1.000358622 0.0
5.9 -0.9003187749 0.0
5.9 -1.099681225 0.0
5.9 -1.199721072 0.0
6 -1.199721072 0.0
6 -1.099681225 0.0
6 -1.000358622 0.0
6 -0.9003187749 0.0
6.1 -1.199721072 0.0
6.1 -1.099681225 0.0
6.1 -0.9003187749 0.0
6.1 -1.000358622 0.0
6.2 -1.199721072 0.0
6.2 -1.099681225 0.0
6.3 -1.099681225 0.0
6.3 -1.199721072 0.0
6.2 -1.000358622 0.0
6.2 -0.9003187749 0.0
6.3 -1.000358622 0.0
6.3 -0.9003187749 0.0
6.4 -1.000358622 0.0
6.4 -0.9003187749 0.0
6.4 -1.099681225 0.0
6.4 -1.199721072 0.0
6.5 -1.199721072 0.0
6.5 -1.099681225 0.0
6.6 -1.199721072 0.0
6.6 -1.099681225 0.0
6.5 -0.9003187749 0.0
6.5 -1.000358622 0.0
6.6 -1.000358622 0.0
6.6 -0.9003187749 0.0
6.7 -1.000358622 0.0
6.7 -0.9003187749 0.0
6.7 -1.099681225 0.0
6.7 -1.199721072 0.0
6.8 -1.199721072 0.0
6.8 -1.099681225 0.0
6.8 -1.000358622 0.0
6.8 -0.9003187749 0.0
6.9 -1.000358622 0.0
6.9 -0.9003187749 0.0
7 -0.9003187749 0.0
7.1 -0.9003187749 0.0
7.2 -1.000358622 0.0
7.2 -0.9003187749 0.0
7.3 -0.9003187749 0.0
7.3 -1.000358622 0.0
7.4 -0.9003187749 0.0
7.4 -1.000358622 0.0
2.6 1.199721072 0.0
2.5 1.199721072 0.0
2.8 1.099681225 0.0
2.8 1.199721072 0.0
2.7 1.199721072 0.0
2.9 1.199721072 0.0
3 1.199721072 0.0
3.2 1.199721072 0.0
3.1 1.199721072 0.0
3.4 1.099681225 0.0
3.4 1.199721072 0.0
3.3 1.199721072 0.0
3.5 1.199721072 0.0
3.5 1.099681225 0.0
4.5 1.099681225 0.0
4.6 1.099681225 0.0
4.6 1.199721072 0.0
4.5 1.199721072 0.0
4.8 1.099681225 0.0
5 0.9003187749 0.0
4.9 0.9003187749 0.0
4.9 1.199721072 0.0
4.8 1.199721072 0.0
5 1.199721072 0.0
5.1 1.199721072 0.0
5.2 1.199721072 0.0
5.7 1.199721072 0.0
5.6 1.199721072 0.0
5.9 1.199721072 0.0
5.8 1.199721072 0.0
6 1.199721072 0.0
6.4 1.099681225 0.0
2.9 -0.800278928 0.0
3 -0.800278928 0.0
3.2 -0.800278928 0.0
3.3 -0.800278928 0.0
6.6 1.199721072 0.0
6.5 1.199721072 0.0
6.7 1.099681225 0.0
2.6 0.9003187749 0.0
2.6 0.800278928 0.0
2.7 0.800278928 0.0
3 0.9003187749 0.0
2.9 0.800278928 0.0
3 0.800278928 0.0
3.1 0.9003187749 0.0
3.1 0.800278928 0.0
3.2 0.800278928 0.0
3.2 0.9003187749 0.0
3.3 0.9003187749 0.0
3.3 0.800278928 0.0
3.5 0.800278928 0.0
3.6 0.800278928 0.0
3.7 0.800278928 0.0
3.7 0.9003187749 0.0
3.6 1.199721072 0.0
3.8 0.800278928 0.0
3.8 0.9003187749 0.0
3.7 1.199721072 0.0
3.9 0.800278928 0.0
3.9 0.9003187749 0.0
3.8 1.199721072 0.0
4 0.800278928 0.0
3.9 1.199721072 0.0
4 1.199721072 0.0
4.1 1.099681225 0.0
4.1 0.800278928 0.0
4.2 0.800278928 0.0
4.3 0.9003187749 0.0
4.3 0.800278928 0.0
4.4 0.800278928 0.0
4.3 1.199721072 0.0
4.2 1.199721072 0.0
4.5 0.800278928 0.0
4.4 1.199721072 0.0
4.7 1.099681225 0.0
4.7 0.800278928 0.0
4.8 0.800278928 0.0
5.2 0.9003187749 0.0
5.1 0.9003187749 0.0
5.1 0.800278928 0.0
5.2 0.800278928 0.0
5.3 1.199721072 0.0
5.4 1.099681225 0.0
5.4 0.800278928 0.0
5.5 0.800278928 0.0
5.6 0.9003187749 0.0
5.7 0.9003187749 0.0
5.6 0.800278928 0.0
5.7 0.800278928 0.0
5.5 1.199721072 0.0
5.8 0.9003187749 0.0
5.8 0.800278928 0.0
5.9 0.800278928 0.0
5.9 0.9003187749 0.0
6.1 1.099681225 0.0
6 0.800278928 0.0
6.1 0.800278928 0.0
6.2 1.199721072 0.0
6.1 1.199721072 0.0
6.3 0.9003187749 0.0
6.3 0.800278928 0.0
6.4 0.800278928 0.0
6.3 1.199721072 0.0
6.5 0.800278928 0.0
6.4 1.199721072 0.0
6.6 0.800278928 0.0
6.8 0.9003187749 0.0
6.7 0.800278928 0.0
6.8 0.800278928 0.0
6.8 1.000358622 0.0
6.8 1.099681225 0.0
6.9 0.800278928 0.0
6.9 0.9003187749 0.0
6.9 1.000358622 0.0
6.9 1.099681225 0.0
7.2 1.099681225 0.0
7.3 0.800278928 0.0
7.4 0.800278928 0.0
7.3 1.099681225 0.0
7.4 1.099681225 0.0
7.5 1.099681225 0.0
7.6 0.800278928 0.0
7.7 0.800278928 0.0
7.6 1.099681225 0.0
7.7 1.099681225 0.0
3.6 -0.800278928 0.0
3.5 -0.800278928 0.0
3.7 -0.800278928 0.0
3.8 -0.800278928 0.0
3.9 -0.800278928 0.0
3.9 -1.199721072 0.0
4.2 -0.800278928 0.0
4.1 -0.800278928 0.0
4.3 -0.800278928 0.0
4.6 -1.199721072 0.0
4.5 -0.800278928 0.0
4.4 -0.800278928 0.0
4.8 -0.800278928 0.0
4.7 -0.800278928 0.0
4.9 -0.800278928 0.0
5 -0.800278928 0.0
5.1 -0.800278928 0.0
5.2 -0.800278928 0.0
5.3 -0.800278928 0.0
5.5 -0.800278928 0.0
5.4 -0.800278928 0.0
5.6 -0.800278928 0.0
5.7 -0.800278928 0.0
5.9 -0.800278928 0.0
5.8 -0.800278928 0.0
6 -0.800278928 0.0
6.2 -0.800278928 0.0
6.3 -0.800278928 0.0
6.4 -0.800278928 0.0
6.6 -0.800278928 0.0
6.5 -0.800278928 0.0
6.7 -0.800278928 0.0
6.8 -0.800278928 0.0
6.9 -0.800278928 0.0
6.9 -1.099681225 0.0
7 -0.800278928 0.0
7.1 -0.800278928 0.0
7.2 -0.800278928 0.0
6.7 1.199721072 0.0
6.8 1.199721072 0.0
7 0.800278928 0.0
6.9 1.199721072 0.0
7.1 0.800278928 0.0
7 1.199721072 0.0
7.1 1.199721072 0.0
7.2 1.199721072 0.0
7.3 1.199721072 0.0
7.4 1.199721072 0.0
7.5 1.199721072 0.0
7.6 1.199721072 0.0
7.7 1.199721072 0.0
4.2 -1.199721072 0.0
4.7 -1.199721072 0.0
4.6 -0.800278928 0.0
6.1 -0.800278928 0.0
4 -0.800278928 0.0
3.4 -0.800278928 0.0
3.1 -0.800278928 0.0
2.6 -1.199721072 0.0
2.5 0.9003187749 0.0
2.5 0.800278928 0.0
2.8 0.800278928 0.0
7.4 -0.800278928 0.0
7.3 -0.800278928 0.0
3.4 0.800278928 0.0
7.2 -1.099681225 0.0
7.3 -1.099681225 0.0
4.1 1.199721072 0.0
6.9 -1.199721072 0.0
4.7 1.199721072 0.0
5 0.800278928 0.0
4.9 0.800278928 0.0
5.3 0.800278928 0.0
5.4 1.199721072 0.0
4.6 0.800278928 0.0
7.2 0.800278928 0.0
7.5 0.800278928 0.0
6.2 0.800278928 0.0
6.9 -1.299760919 0.0
6.8 -1.299760919 0.0
6.7 -1.299760919 0.0
6.6 -1.299760919 0.0
6.5 -1.299760919 0.0
6.4 -1.299760919 0.0
6.3 -1.299760919 0.0
6.2 -1.299760919 0.0
2.6 1.299760919 0.0
2.5 1.299760919 0.0
2.7 1.299760919 0.0
2.8 1.299760919 0.0
2.9 1.299760919 0.0
3 1.299760919 0.0
3.1 1.299760919 0.0
3.2 1.299760919 0.0
3.3 1.299760919 0.0
3.4 1.299760919 0.0
3.5 1.299760919 0.0
3.6 1.299760919 0.0
3.8 1.299760919 0.0
3.7 1.299760919 0.0
3.9 1.299760919 0.0
4 1.299760919 0.0
4.1 1.299760919 0.0
4.2 1.299760919 0.0
4.3 1.299760919 0.0
4.4 1.299760919 0.0
4.5 1.299760919 0.0
4.6 1.299760919 0.0
4.7 1.299760919 0.0
4.8 1.299760919 0.0
4.9 1.299760919 0.0
5 1.299760919 0.0
5.1 1.299760919 0.0
5.2 1.299760919 0.0
5.3 1.299760919 0.0
5.4 1.299760919 0.0
5.5 1.299760919 0.0
5.6 1.299760919 0.0
5.7 1.299760919 0.0
5.8 1.299760919 0.0
5.9 1.299760919 0.0
6 1.299760919 0.0
6.2 1.299760919 0.0
6.1 1.299760919 0.0
6.3 1.299760919 0.0
2.9 -0.7002390812 0.0
3 -0.7002390812 0.0
3.1 -0.7002390812 0.0
3.2 -0.7002390812 0.0
3.3 -0.7002390812 0.0
3.4 -0.7002390812 0.0
3.6 -0.7002390812 0.0
3.5 -0.7002390812 0.0
3.7 -0.7002390812 0.0
3.8 -0.7002390812 0.0
3.9 -0.7002390812 0.0
4 -0.7002390812 0.0
4.1 -0.7002390812 0.0
4.2 -0.7002390812 0.0
4.3 -0.7002390812 0.0
4.4 -0.7002390812 0.0
4.5 -0.7002390812 0.0
4.6 -0.7002390812 0.0
4.7 -0.7002390812 0.0
4.8 -0.7002390812 0.0
4.9 -0.7002390812 0.0
5 -0.7002390812 0.0
5.1 -0.7002390812 0.0
5.2 -0.7002390812 0.0
5.3 -0.7002390812 0.0
5.4 -0.7002390812 0.0
5.5 -0.7002390812 0.0
6.4 1.299760919 0.0
6.5 1.299760919 0.0
6.6 1.299760919 0.0
6.7 1.299760919 0.0
6.1 -1.299760919 0.0
6 -1.299760919 0.0
5.9 -1.299760919 0.0
5.8 -1.299760919 0.0
5.7 -1.299760919 0.0
5.6 -1.299760919 0.0
5.5 -1.299760919 0.0
5.4 -1.299760919 0.0
5.3 -1.299760919 0.0
5.2 -1.299760919 0.0
5.1 -1.299760919 0.0
5 -1.299760919 0.0
4.9 -1.299760919 0.0
4.8 -1.299760919 0.0
4.7 -1.299760919 0.0
4.6 -1.299760919 0.0
4.5 -1.299760919 0.0
4.4 -1.299760919 0.0
4.3 -1.299760919 0.0
4.2 -1.299760919 0.0
4.1 -1.299760919 0.0
4 -1.299760919 0.0
3.9 -1.299760919 0.0
3.8 -1.299760919 0.0
3.7 -1.299760919 0.0
3.6 -1.299760919 0.0
3.4 -1.299760919 0.0
3.5 -1.299760919 0.0
3.3 -1.299760919 0.0
3.2 -1.299760919 0.0
3.1 -1.299760919 0.0
3 -1.299760919 0.0
2.9 -1.299760919 0.0
2.8 -1.299760919 0.0
2.7 -1.299760919 0.0
2.6 -1.299760919 0.0
2.5 -1.299760919 0.0
2.5 -1.199721072 0.0
2.5 0.7002390812 0.0
2.6 0.7002390812 0.0
2.7 0.7002390812 0.0
3.2 0.7002390812 0.0
3.3 0.7002390812 0.0
5.6 -0.7002390812 0.0
5.7 -0.7002390812 0.0
5.8 -0.7002390812 0.0
6 -0.7002390812 0.0
5.9 -0.7002390812 0.0
6.1 -0.7002390812 0.0
6.2 -0.7002390812 0.0
6.3 -0.7002390812 0.0
6.4 -0.7002390812 0.0
6.5 -0.7002390812 0.0
6.6 -0.7002390812 0.0
6.7 -0.7002390812 0.0
6.8 -0.7002390812 0.0
6.9 -0.7002390812 0.0
7 -0.7002390812 0.0
6.8 1.299760919 0.0
6.9 1.299760919 0.0
7 1.299760919 0.0
7.1 1.299760919 0.0
7.2 1.299760919 0.0
7.3 1.299760919 0.0
7.5 1.299760919 0.0
7.4 1.299760919 0.0
7.6 1.299760919 0.0
5.2 0.7002390812 0.0
5.3 0.7002390812 0.0
5.4 0.7002390812 0.0
5.6 0.7002390812 0.0
5.7 0.7002390812 0.0
6.1 0.7002390812 0.0
6.2 0.7002390812 0.0
7.1 -0.7002390812 0.0
7.2 -0.7002390812 0.0
7.3 -0.7002390812 0.0
7.1 0.7002390812 0.0
7.2 0.7002390812 0.0
7.3 0.7002390812 0.0
7.4 0.7002390812 0.0
7.7 1.299760919 0.0
7.4 -1.099681225 0.0
2.9 0.7002390812 0.0
2.8 0.7002390812 0.0
3 0.7002390812 0.0
3.1 0.7002390812 0.0
3.9 0.7002390812 0.0
4 0.7002390812 0.0
4.1 0.7002390812 0.0
4.2 0.7002390812 0.0
4.3 0.7002390812 0.0
4.4 0.7002390812 0.0
4.5 0.7002390812 0.0
4.6 0.7002390812 0.0
4.7 0.7002390812 0.0
4.8 0.7002390812 0.0
4.9 0.7002390812 0.0
5 0.7002390812 0.0
5.1 0.7002390812 0.0
5.5 0.7002390812 0.0
5.8 0.7002390812 0.0
5.9 0.7002390812 0.0
6 0.7002390812 0.0
6.7 0.7002390812 0.0
6.8 0.7002390812 0.0
6.9 0.7002390812 0.0
7 0.7002390812 0.0
2.7 1.399800766 0.0
2.6 1.399800766 0.0
2.8 1.399800766 0.0
2.9 1.399800766 0.0
3 1.399800766 0.0
3.1 1.399800766 0.0
3.2 1.399800766 0.0
3.3 1.399800766 0.0
3.4 1.399800766 0.0
3.5 1.399800766 0.0
3.6 1.399800766 0.0
3.7 1.399800766 0.0
3.8 1.399800766 0.0
3.9 1.399800766 0.0
4.1 1.399800766 0.0
4 1.399800766 0.0
4.2 1.399800766 0.0
4.3 1.399800766 0.0
4.4 1.399800766 0.0
4.5 1.399800766 0.0
4.6 1.399800766 0.0
4.7 1.399800766 0.0
4.9 1.399800766 0.0
4.8 1.399800766 0.0
5 1.399800766 0.0
5.1 1.399800766 0.0
5.2 1.399800766 0.0
5.3 1.399800766 0.0
5.4 1.399800766 0.0
5.5 1.399800766 0.0
5.7 1.399800766 0.0
5.6 1.399800766 0.0
5.8 1.399800766 0.0
5.9 1.399800766 0.0
6.8 -1.399800766 0.0
6.9 -1.399800766 0.0
6.7 -1.399800766 0.0
6.6 -1.399800766 0.0
6.5 -1.399800766 0.0
6.4 -1.399800766 0.0
6.3 -1.399800766 0.0
6.2 -1.399800766 0.0
6.1 -1.399800766 0.0
6 1.399800766 0.0
6.1 1.399800766 0.0
6.2 1.399800766 0.0
6.3 1.399800766 0.0
3 -0.6001992343 0.0
2.9 -0.6001992343 0.0
3.1 -0.6001992343 0.0
3.2 -0.6001992343 0.0
3.3 -0.6001992343 0.0
3.4 -0.6001992343 0.0
3.5 -0.6001992343 0.0
3.6 -0.6001992343 0.0
3.7 -0.6001992343 0.0
3.8 -0.6001992343 0.0
3.9 -0.6001992343 0.0
4 -0.6001992343 0.0
4.1 -0.6001992343 0.0
4.2 -0.6001992343 0.0
4.3 -0.6001992343 0.0
4.4 -0.6001992343 0.0
4.5 -0.6001992343 0.0
4.6 -0.6001992343 0.0
4.7 -0.6001992343 0.0
4.8 -0.6001992343 0.0
4.9 -0.6001992343 0.0
5 -0.6001992343 0.0
5.1 -0.6001992343 0.0
5.2 -0.6001992343 0.0
5.3 -0.6001992343 0.0
5.5 -0.6001992343 0.0
5.4 -0.6001992343 0.0
5.6 -0.6001992343 0.0
6 -1.399800766 0.0
5.9 -1.399800766 0.0
5.8 -1.399800766 0.0
5.7 -1.399800766 0.0
5.6 -1.399800766 0.0
5.5 -1.399800766 0.0
5.4 -1.399800766 0.0
5.3 -1.399800766 0.0
5.2 -1.399800766 0.0
5.1 -1.399800766 0.0
4.9 -1.399800766 0.0
5 -1.399800766 0.0
4.8 -1.399800766 0.0
4.7 -1.399800766 0.0
6.4 1.399800766 0.0
6.5 1.399800766 0.0
6.6 1.399800766 0.0
6.7 1.399800766 0.0
5.7 -0.6001992343 0.0
5.9 -0.6001992343 0.0
5.8 -0.6001992343 0.0
6 -0.6001992343 0.0
6.1 -0.6001992343 0.0
6.2 -0.6001992343 0.0
6.3 -0.6001992343 0.0
6.4 -0.6001992343 0.0
6.5 -0.6001992343 0.0
6.6 -0.6001992343 0.0
6.7 -0.6001992343 0.0
6.8 -0.6001992343 0.0
6.9 -0.6001992343 0.0
7 -0.6001992343 0.0
7.1 -0.6001992343 0.0
7.2 -0.6001992343 0.0
7.3 -0.6001992343 0.0
7.4 -0.7002390812 0.0
7.5 -0.7002390812 0.0
7.5 -0.6001992343 0.0
7.4 -0.6001992343 0.0
7.6 -0.7002390812 0.0
7.6 -0.6001992343 0.0
7.7 -0.7002390812 0.0
7.7 -0.6001992343 0.0
6.8 1.399800766 0.0
6.9 1.399800766 0.0
7 1.399800766 0.0
7.1 1.399800766 0.0
7.2 1.399800766 0.0
7.3 1.399800766 0.0
7.4 1.399800766 0.0
7.5 1.399800766 0.0
7.6 1.399800766 0.0
4.6 -1.399800766 0.0
4.5 -1.399800766 0.0
4.4 -1.399800766 0.0
4.3 -1.399800766 0.0
4.2 -1.399800766 0.0
4.1 -1.399800766 0.0
4 -1.399800766 0.0
3.9 -1.399800766 0.0
3.8 -1.399800766 0.0
3.7 -1.399800766 0.0
3.6 -1.399800766 0.0
3.5 -1.399800766 0.0
3.4 -1.399800766 0.0
3.3 -1.399800766 0.0
3.1 -1.399800766 0.0
3.2 -1.399800766 0.0
3 -1.399800766 0.0
2.9 -1.399800766 0.0
2.8 -1.399800766 0.0
2.7 -1.399800766 0.0
2.6 -1.399800766 0.0
2.5 -1.399800766 0.0
3.1 0.6001992343 0.0
3.2 0.6001992343 0.0
3.4 0.7002390812 0.0
3.5 0.7002390812 0.0
3.6 0.7002390812 0.0
3.8 0.7002390812 0.0
3.7 0.7002390812 0.0
4 0.6001992343 0.0
4.1 0.6001992343 0.0
4.5 0.6001992343 0.0
4.6 0.6001992343 0.0
5.1 0.6001992343 0.0
5.2 0.6001992343 0.0
7.7 1.399800766 0.0
7.8 1.299760919 0.0
7.8 1.399800766 0.0
6.1 0.6001992343 0.0
6.2 0.6001992343 0.0
6.3 0.7002390812 0.0
6.3 0.6001992343 0.0
6.4 0.7002390812 0.0
6.5 0.7002390812 0.0
6.6 0.7002390812 0.0
7 0.6001992343 0.0
7.1 0.6001992343 0.0
7.5 0.7002390812 0.0
7.6 0.7002390812 0.0
7.5 0.6001992343 0.0
7.6 0.6001992343 0.0
7.7 0.7002390812 0.0
7.7 0.6001992343 0.0
5.9 0.6001992343 0.0
5.8 0.6001992343 0.0
6 0.6001992343 0.0
6.5 0.6001992343 0.0
6.4 0.6001992343 0.0
6.6 0.6001992343 0.0
2.5 1.399800766 0.0
3.3 0.6001992343 0.0
3.4 0.6001992343 0.0
3.5 0.6001992343 0.0
3.6 0.6001992343 0.0
3.7 0.6001992343 0.0
3.8 0.6001992343 0.0
4.4 0.6001992343 0.0
4.8 0.6001992343 0.0
4.7 0.6001992343 0.0
5.3 0.6001992343 0.0
5.4 0.6001992343 0.0
5.5 0.6001992343 0.0
5.6 0.6001992343 0.0
5.7 0.6001992343 0.0
6.7 -1.499840613 0.0
6.8 -1.499840613 0.0
6.6 -1.499840613 0.0
6.5 -1.499840613 0.0
6.4 -1.499840613 0.0
6.2 -1.499840613 0.0
6.3 -1.499840613 0.0
2.3 1.399800766 0.0
2.4 1.399800766 0.0
2.4 1.499840613 0.0
2.3 1.499840613 0.0
2.5 1.499840613 0.0
2.6 1.499840613 0.0
2.8 1.499840613 0.0
2.7 1.499840613 0.0
2.9 1.499840613 0.0
3 1.499840613 0.0
3.1 1.499840613 0.0
3.3 1.499840613 0.0
3.2 1.499840613 0.0
3.4 1.499840613 0.0
3.5 1.499840613 0.0
3.6 1.499840613 0.0
3.7 1.499840613 0.0
3.8 1.499840613 0.0
3.9 1.499840613 0.0
4 1.499840613 0.0
4.1 1.499840613 0.0
4.2 1.499840613 0.0
4.3 1.499840613 0.0
4.4 1.499840613 0.0
4.5 1.499840613 0.0
4.6 1.499840613 0.0
4.7 1.499840613 0.0
4.8 1.499840613 0.0
4.9 1.499840613 0.0
5 1.499840613 0.0
5.1 1.499840613 0.0
5.2 1.499840613 0.0
2.7 0.6001992343 0.0
2.8 0.6001992343 0.0
2.9 0.6001992343 0.0
3 0.6001992343 0.0
3.3 0.5001593874 0.0
3.4 0.5001593874 0.0
3.5 0.5001593874 0.0
3.6 0.5001593874 0.0
3.7 0.5001593874 0.0
3.8 0.5001593874 0.0
3.9 0.6001992343 0.0
3.9 0.5001593874 0.0
4 0.5001593874 0.0
4.2 0.6001992343 0.0
4.1 0.5001593874 0.0
4.2 0.5001593874 0.0
4.3 0.6001992343 0.0
4.4 0.5001593874 0.0
4.5 0.5001593874 0.0
4.9 0.6001992343 0.0
5 0.6001992343 0.0
5.4 0.5001593874 0.0
5.5 0.5001593874 0.0
5.3 1.499840613 0.0
5.4 1.499840613 0.0
5.5 1.499840613 0.0
5.6 1.499840613 0.0
5.7 1.499840613 0.0
5.8 1.499840613 0.0
5.9 1.499840613 0.0
6 1.499840613 0.0
6.1 1.499840613 0.0
6.2 1.499840613 0.0
6.3 1.499840613 0.0
6.4 1.499840613 0.0
6.5 1.499840613 0.0
6.6 1.499840613 0.0
6.7 1.499840613 0.0
6.8 1.499840613 0.0
6.9 1.499840613 0.0
7 1.499840613 0.0
7.3 1.499840613 0.0
7.2 1.499840613 0.0
7.4 1.499840613 0.0
7.5 1.499840613 0.0
7.7 1.499840613 0.0
7.6 1.499840613 0.0
7.8 1.499840613 0.0
3 -0.5001593874 0.0
2.9 -0.5001593874 0.0
3.1 -0.5001593874 0.0
3.2 -0.5001593874 0.0
3.3 -0.5001593874 0.0
3.4 -0.5001593874 0.0
3.5 -0.5001593874 0.0
3.6 -0.5001593874 0.0
3.7 -0.5001593874 0.0
3.8 -0.5001593874 0.0
3.9 -0.5001593874 0.0
4 -0.5001593874 0.0
4.1 -0.5001593874 0.0
4.3 -0.5001593874 0.0
4.2 -0.5001593874 0.0
4.4 -0.5001593874 0.0
4.5 -0.5001593874 0.0
4.6 -0.5001593874 0.0
4.7 -0.5001593874 0.0
4.8 -0.5001593874 0.0
4.9 -0.5001593874 0.0
5 -0.5001593874 0.0
5.1 -0.5001593874 0.0
5.2 -0.5001593874 0.0
5.3 -0.5001593874 0.0
5.4 -0.5001593874 0.0
5.5 -0.5001593874 0.0
5.6 -0.5001593874 0.0
6 -1.499840613 0.0
6.1 -1.499840613 0.0
5.9 -1.499840613 0.0
5.8 -1.499840613 0.0
5.7 -1.499840613 0.0
5.6 -1.499840613 0.0
5.5 -1.499840613 0.0
5.4 -1.499840613 0.0
5.3 -1.499840613 0.0
5.2 -1.499840613 0.0
5.1 -1.499840613 0.0
5 -1.499840613 0.0
4.9 -1.499840613 0.0
4.8 -1.499840613 0.0
4.7 -1.499840613 0.0
4.6 -1.499840613 0.0
4.5 -1.499840613 0.0
4.4 -1.499840613 0.0
4.3 -1.499840613 0.0
4.2 -1.499840613 0.0
4.1 -1.499840613 0.0
4 -1.499840613 0.0
3.9 -1.499840613 0.0
3.8 -1.499840613 0.0
3.7 -1.499840613 0.0
3.6 -1.499840613 0.0
3.5 -1.499840613 0.0
3.4 -1.499840613 0.0
3.3 -1.499840613 0.0
3.2 -1.499840613 0.0
3.1 -1.499840613 0.0
3 -1.499840613 0.0
2.9 -1.499840613 0.0
2.8 -1.499840613 0.0
2.6 -1.499840613 0.0
2.7 -1.499840613 0.0
2.5 -1.499840613 0.0
6.1 0.5001593874 0.0
6.2 0.5001593874 0.0
6.7 0.6001992343 0.0
6.8 0.6001992343 0.0
6.9 0.6001992343 0.0
6.9 0.5001593874 0.0
7 0.5001593874 0.0
7.2 0.6001992343 0.0
7.3 0.6001992343 0.0
7.4 0.6001992343 0.0
5.7 -0.5001593874 0.0
5.8 -0.5001593874 0.0
6 -0.5001593874 0.0
5.9 -0.5001593874 0.0
6.1 -0.5001593874 0.0
6.2 -0.5001593874 0.0
6.3 -0.5001593874 0.0
6.4 -0.5001593874 0.0
6.5 -0.5001593874 0.0
6.6 -0.5001593874 0.0
6.7 -0.5001593874 0.0
6.8 -0.5001593874 0.0
6.9 -0.5001593874 0.0
7 -0.5001593874 0.0
7.1 -0.5001593874 0.0
7.2 -0.5001593874 0.0
7.3 -0.5001593874 0.0
7.4 -0.5001593874 0.0
7.5 -0.5001593874 0.0
7.6 -0.5001593874 0.0
7.7 -0.5001593874 0.0
2.8 0.5001593874 0.0
2.7 0.5001593874 0.0
2.9 0.5001593874 0.0
3 0.5001593874 0.0
3.1 0.5001593874 0.0
3.2 0.5001593874 0.0
4.3 0.5001593874 0.0
4.9 0.5001593874 0.0
5 0.5001593874 0.0
5.1 0.5001593874 0.0
5.6 0.5001593874 0.0
5.7 0.5001593874 0.0
5.8 0.5001593874 0.0
6.5 0.5001593874 0.0
6.6 0.5001593874 0.0
6.7 0.5001593874 0.0
6.8 0.5001593874 0.0
7.2 0.5001593874 0.0
7.3 0.5001593874 0.0
7.4 0.5001593874 0.0
7.1 0.5001593874 0.0
7.5 0.5001593874 0.0
6.9 -1.499840613 0.0
2.9 -0.4001195406 0.0
3 -0.4001195406 0.0
3.1 -0.4001195406 0.0
3.2 -0.4001195406 0.0
3.3 -0.4001195406 0.0
3.4 -0.4001195406 0.0
3.5 -0.4001195406 0.0
3.6 -0.4001195406 0.0
3.7 -0.4001195406 0.0
3.8 -0.4001195406 0.0
3.9 -0.4001195406 0.0
4 -0.4001195406 0.0
4.1 -0.4001195406 0.0
4.2 -0.4001195406 0.0
4.3 -0.4001195406 0.0
4.4 -0.4001195406 0.0
4.5 -0.4001195406 0.0
4.6 -0.4001195406 0.0
4.7 -0.4001195406 0.0
4.8 -0.4001195406 0.0
4.9 -0.4001195406 0.0
5 -0.4001195406 0.0
5.1 -0.4001195406 0.0
5.2 -0.4001195406 0.0
5.3 -0.4001195406 0.0
5.4 -0.4001195406 0.0
5.6 -0.4001195406 0.0
5.5 -0.4001195406 0.0
5.7 -0.4001195406 0.0
5.8 -0.4001195406 0.0
5.9 -0.4001195406 0.0
6 -0.4001195406 0.0
6.1 -0.4001195406 0.0
6.2 -0.4001195406 0.0
6.3 -0.4001195406 0.0
6.4 -0.4001195406 0.0
6.5 -0.4001195406 0.0
6.6 -0.4001195406 0.0
6.7 -0.4001195406 0.0
6.8 -0.4001195406 0.0
6.9 -0.4001195406 0.0
7 -0.4001195406 0.0
7.1 -0.4001195406 0.0
7.2 -0.4001195406 0.0
7.3 -0.4001195406 0.0
7.4 -0.4001195406 0.0
7.5 -0.4001195406 0.0
7.6 -0.4001195406 0.0
7.7 -0.4001195406 0.0
7.7 1.599880459 0.0
7.6 1.599880459 0.0
7.5 1.599880459 0.0
7.4 1.599880459 0.0
7.3 1.599880459 0.0
7.2 1.599880459 0.0
7.1 1.499840613 0.0
7 1.599880459 0.0
6.9 1.599880459 0.0
6.2 1.599880459 0.0
6.1 1.599880459 0.0
6 1.599880459 0.0
5.9 1.599880459 0.0
5.8 1.599880459 0.0
5.7 1.599880459 0.0
5.6 1.599880459 0.0
5.3 1.599880459 0.0
5.2 1.599880459 0.0
5.1 1.599880459 0.0
5 1.599880459 0.0
4.9 1.599880459 0.0
4.5 1.599880459 0.0
4.4 1.599880459 0.0
4.3 1.599880459 0.0
4.2 1.599880459 0.0
3 1.599880459 0.0
2.9 1.599880459 0.0
2.8 1.599880459 0.0
2.7 1.599880459 0.0
2.6 1.599880459 0.0
2.5 1.599880459 0.0
2.4 1.599880459 0.0
3 0.4001195406 0.0
3.1 0.4001195406 0.0
3.2 0.4001195406 0.0
3.3 0.4001195406 0.0
3.6 0.4001195406 0.0
3.7 0.4001195406 0.0
4.1 0.4001195406 0.0
4.2 0.4001195406 0.0
4.6 0.5001593874 0.0
4.7 0.5001593874 0.0
4.8 0.5001593874 0.0
5 0.4001195406 0.0
5.1 0.4001195406 0.0
5.2 0.5001593874 0.0
5.2 0.4001195406 0.0
5.3 0.5001593874 0.0
5.3 0.4001195406 0.0
5.9 0.5001593874 0.0
6 0.5001593874 0.0
6.3 0.5001593874 0.0
6.4 0.5001593874 0.0
6.4 0.4001195406 0.0
6.5 0.4001195406 0.0
6.9 0.4001195406 0.0
7 0.4001195406 0.0
7.1 0.4001195406 0.0
7.2 0.4001195406 0.0
7.3 0.4001195406 0.0
7.6 0.5001593874 0.0
7.7 0.5001593874 0.0
6.9 -1.599880459 0.0
6.8 -1.599880459 0.0
6.7 -1.599880459 0.0
6.6 -1.599880459 0.0
6.5 -1.599880459 0.0
6.4 -1.599880459 0.0
6.1 -1.599880459 0.0
6.2 -1.599880459 0.0
6 -1.599880459 0.0
5.9 -1.599880459 0.0
5.8 -1.599880459 0.0
5.7 -1.599880459 0.0
5.5 -1.599880459 0.0
5.6 -1.599880459 0.0
5.4 -1.599880459 0.0
5.3 -1.599880459 0.0
5.2 -1.599880459 0.0
5.1 -1.599880459 0.0
4.9 -1.599880459 0.0
5 -1.599880459 0.0
4.8 -1.599880459 0.0
4.7 -1.599880459 0.0
4.6 -1.599880459 0.0
4.5 -1.599880459 0.0
4.4 -1.599880459 0.0
4.3 -1.599880459 0.0
4.2 -1.599880459 0.0
4.1 -1.599880459 0.0
4 -1.599880459 0.0
3.9 -1.599880459 0.0
3.8 -1.599880459 0.0
3.7 -1.599880459 0.0
3.5 -1.599880459 0.0
3.6 -1.599880459 0.0
3.4 -1.599880459 0.0
3.3 -1.599880459 0.0
3.2 -1.599880459 0.0
3.1 -1.599880459 0.0
3 -1.599880459 0.0
2.9 -1.599880459 0.0
2.8 -1.599880459 0.0
2.7 -1.599880459 0.0
2.6 -1.599880459 0.0
2.5 -1.599880459 0.0
3.5 0.4001195406 0.0
3.4 0.4001195406 0.0
3.9 0.4001195406 0.0
3.8 0.4001195406 0.0
4 0.4001195406 0.0
4.8 0.4001195406 0.0
4.9 0.4001195406 0.0
5.5 0.4001195406 0.0
5.4 0.4001195406 0.0
5.7 0.4001195406 0.0
5.8 0.4001195406 0.0
5.9 0.4001195406 0.0
6 0.4001195406 0.0
5.6 0.4001195406 0.0
6.1 0.4001195406 0.0
6.2 0.4001195406 0.0
6.3 0.4001195406 0.0
6.7 0.4001195406 0.0
6.6 0.4001195406 0.0
6.8 0.4001195406 0.0
7.5 0.4001195406 0.0
7.4 0.4001195406 0.0
7.6 0.4001195406 0.0
7.7 0.4001195406 0.0
6.8 1.599880459 0.0
7.1 1.599880459 0.0
7.8 1.599880459 0.0
5.4 1.599880459 0.0
4.8 1.599880459 0.0
4.7 1.599880459 0.0
4.6 1.599880459 0.0
3.7 1.599880459 0.0
3.8 1.599880459 0.0
3.6 1.599880459 0.0
3.5 1.599880459 0.0
3.4 1.599880459 0.0
3.3 1.599880459 0.0
2.9 0.4001195406 0.0
2.8 0.4001195406 0.0
2.8 0.3000796937 0.0
2.9 0.3000796937 0.0
3 0.3000796937 0.0
3.1 0.3000796937 0.0
3.2 0.3000796937 0.0
3.5 0.3000796937 0.0
3.6 0.3000796937 0.0
3.7 0.3000796937 0.0
3.8 0.3000796937 0.0
3.9 0.3000796937 0.0
4 0.3000796937 0.0
4.1 0.3000796937 0.0
4.3 0.4001195406 0.0
4.5 0.4001195406 0.0
4.4 0.4001195406 0.0
4.6 0.4001195406 0.0
4.7 0.4001195406 0.0
4.7 0.3000796937 0.0
4.8 0.3000796937 0.0
5.8 0.3000796937 0.0
5.9 0.3000796937 0.0
6 0.3000796937 0.0
6.1 0.3000796937 0.0
6.2 0.3000796937 0.0
6.3 0.3000796937 0.0
6.4 0.3000796937 0.0
7 0.3000796937 0.0
7.1 0.3000796937 0.0
7.2 0.3000796937 0.0
7.6 0.3000796937 0.0
7.7 0.3000796937 0.0
5.4 1.699920306 0.0
5.3 1.699920306 0.0
5.5 1.599880459 0.0
5.5 1.699920306 0.0
5.6 1.699920306 0.0
5.7 1.699920306 0.0
5.8 1.699920306 0.0
5.9 1.699920306 0.0
6 1.699920306 0.0
6.9 -1.699920306 0.0
6.8 -1.699920306 0.0
6.7 -1.699920306 0.0
6.6 -1.699920306 0.0
6.5 -1.699920306 0.0
6.4 -1.699920306 0.0
6.3 -1.599880459 0.0
6.3 -1.699920306 0.0
6.2 -1.699920306 0.0
5.2 1.699920306 0.0
5.1 1.699920306 0.0
5 1.699920306 0.0
4.9 1.699920306 0.0
4.7 1.699920306 0.0
4.6 1.699920306 0.0
4.5 1.699920306 0.0
4.3 1.699920306 0.0
4.2 1.699920306 0.0
4.1 1.599880459 0.0
4 1.599880459 0.0
3.9 1.599880459 0.0
3.8 1.699920306 0.0
3.7 1.699920306 0.0
3.4 1.699920306 0.0
3.3 1.699920306 0.0
3.2 1.599880459 0.0
3.2 1.699920306 0.0
3.1 1.599880459 0.0
3.1 1.699920306 0.0
2.6 1.699920306 0.0
2.5 1.699920306 0.0
6.1 -1.699920306 0.0
6 -1.699920306 0.0
5.9 -1.699920306 0.0
5.8 -1.699920306 0.0
5.6 -1.699920306 0.0
5.7 -1.699920306 0.0
5.5 -1.699920306 0.0
5.4 -1.699920306 0.0
5.3 -1.699920306 0.0
5.2 -1.699920306 0.0
5.1 -1.699920306 0.0
5 -1.699920306 0.0
4.9 -1.699920306 0.0
4.8 -1.699920306 0.0
4.7 -1.699920306 0.0
4.6 -1.699920306 0.0
4.5 -1.699920306 0.0
4.4 -1.699920306 0.0
4.3 -1.699920306 0.0
4.1 -1.699920306 0.0
4.2 -1.699920306 0.0
4 -1.699920306 0.0
3.9 -1.699920306 0.0
3.8 -1.699920306 0.0
3.6 -1.699920306 0.0
3.7 -1.699920306 0.0
3.5 -1.699920306 0.0
3.4 -1.699920306 0.0
3.3 -1.699920306 0.0
3.2 -1.699920306 0.0
3.1 -1.699920306 0.0
3 -1.699920306 0.0
2.9 -1.699920306 0.0
2.8 -1.699920306 0.0
2.7 -1.699920306 0.0
2.6 -1.699920306 0.0
2.5 -1.699920306 0.0
6.1 1.699920306 0.0
6.2 1.699920306 0.0
6.3 1.699920306 0.0
6.3 1.599880459 0.0
3 -0.3000796937 0.0
2.9 -0.3000796937 0.0
3.1 -0.3000796937 0.0
3.2 -0.3000796937 0.0
3.4 -0.3000796937 0.0
3.3 -0.3000796937 0.0
3.5 -0.3000796937 0.0
3.7 -0.3000796937 0.0
3.6 -0.3000796937 0.0
3.8 -0.3000796937 0.0
3.9 -0.3000796937 0.0
4 -0.3000796937 0.0
4.1 -0.3000796937 0.0
4.2 -0.3000796937 0.0
4.3 -0.3000796937 0.0
4.4 -0.3000796937 0.0
4.5 -0.3000796937 0.0
4.6 -0.3000796937 0.0
4.7 -0.3000796937 0.0
4.8 -0.3000796937 0.0
4.9 -0.3000796937 0.0
5 -0.3000796937 0.0
5.1 -0.3000796937 0.0
5.3 -0.3000796937 0.0
5.2 -0.3000796937 0.0
5.4 -0.3000796937 0.0
5.5 -0.3000796937 0.0
5.6 -0.3000796937 0.0
5.7 -0.3000796937 0.0
5.8 -0.3000796937 0.0
5.9 -0.3000796937 0.0
6 -0.3000796937 0.0
6.1 -0.3000796937 0.0
6.2 -0.3000796937 0.0
6.3 -0.3000796937 0.0
6.4 -0.3000796937 0.0
6.5 -0.3000796937 0.0
6.6 -0.3000796937 0.0
6.7 -0.3000796937 0.0
6.8 -0.3000796937 0.0
6.9 -0.3000796937 0.0
7 -0.3000796937 0.0
7.1 -0.3000796937 0.0
7.2 -0.3000796937 0.0
7.3 -0.3000796937 0.0
7.4 -0.3000796937 0.0
7.5 -0.3000796937 0.0
7.6 -0.3000796937 0.0
7.7 -0.3000796937 0.0
6.4 1.599880459 0.0
6.4 1.699920306 0.0
6.5 1.599880459 0.0
6.5 1.699920306 0.0
6.6 1.699920306 0.0
6.6 1.599880459 0.0
6.7 1.599880459 0.0
6.7 1.699920306 0.0
6.8 1.699920306 0.0
6.9 1.699920306 0.0
7 1.699920306 0.0
7.1 1.699920306 0.0
7.2 1.699920306 0.0
7.3 1.699920306 0.0
7.4 1.699920306 0.0
7.5 1.699920306 0.0
7.6 1.699920306 0.0
7.7 1.699920306 0.0
7.8 1.699920306 0.0
4.4 1.699920306 0.0
4.1 1.699920306 0.0
4 1.699920306 0.0
2.7 0.4001195406 0.0
3.9 1.699920306 0.0
3.3 0.3000796937 0.0
3.4 0.3000796937 0.0
3.5 1.699920306 0.0
3 1.699920306 0.0
2.8 1.699920306 0.0
2.7 1.699920306 0.0
2.3 1.599880459 0.0
4.2 0.3000796937 0.0
4.3 0.3000796937 0.0
4.4 0.3000796937 0.0
4.5 0.3000796937 0.0
4.6 0.3000796937 0.0
5.1 0.3000796937 0.0
5.2 0.3000796937 0.0
5.3 0.3000796937 0.0
5.4 0.3000796937 0.0
5.5 0.3000796937 0.0
5.6 0.3000796937 0.0
6.5 0.3000796937 0.0
6.6 0.3000796937 0.0
2.9 0.2000398469 0.0
3 0.2000398469 0.0
3.1 0.2000398469 0.0
3.2 0.2000398469 0.0
3.3 0.2000398469 0.0
3.4 0.2000398469 0.0
3.5 0.2000398469 0.0
3.6 0.2000398469 0.0
3.7 0.2000398469 0.0
3.8 0.2000398469 0.0
3.9 0.2000398469 0.0
4 0.2000398469 0.0
4.9 0.3000796937 0.0
5.3 0.2000398469 0.0
5.4 0.2000398469 0.0
5.7 0.3000796937 0.0
5.6 0.2000398469 0.0
5.7 0.2000398469 0.0
5.8 0.2000398469 0.0
6 0.2000398469 0.0
6.1 0.2000398469 0.0
6.7 0.3000796937 0.0
6.8 0.3000796937 0.0
6.9 0.3000796937 0.0
6.9 0.2000398469 0.0
7 0.2000398469 0.0
7.3 0.3000796937 0.0
7.4 0.3000796937 0.0
7.5 0.3000796937 0.0
6.8 -1.799960153 0.0
6.7 -1.799960153 0.0
6.6 -1.799960153 0.0
6.5 -1.799960153 0.0
6.4 -1.799960153 0.0
6.3 -1.799960153 0.0
6.2 -1.799960153 0.0
5.7 1.799960153 0.0
5.6 1.799960153 0.0
5.5 1.799960153 0.0
5.4 1.799960153 0.0
5.3 1.799960153 0.0
2.9 -0.2000398469 0.0
3 -0.2000398469 0.0
3.2 -0.2000398469 0.0
3.1 -0.2000398469 0.0
3.3 -0.2000398469 0.0
3.4 -0.2000398469 0.0
3.5 -0.2000398469 0.0
3.6 -0.2000398469 0.0
3.7 -0.2000398469 0.0
3.8 -0.2000398469 0.0
3.9 -0.2000398469 0.0
4 -0.2000398469 0.0
4.1 -0.2000398469 0.0
4.2 -0.2000398469 0.0
4.4 -0.2000398469 0.0
4.3 -0.2000398469 0.0
4.5 -0.2000398469 0.0
4.6 -0.2000398469 0.0
4.7 -0.2000398469 0.0
4.8 -0.2000398469 0.0
4.9 -0.2000398469 0.0
5 -0.2000398469 0.0
5.1 -0.2000398469 0.0
5.2 -0.2000398469 0.0
5.3 -0.2000398469 0.0
5.4 -0.2000398469 0.0
5.5 -0.2000398469 0.0
5.6 -0.2000398469 0.0
5.7 -0.2000398469 0.0
5.8 -0.2000398469 0.0
5.9 -0.2000398469 0.0
6 -0.2000398469 0.0
6.1 -0.2000398469 0.0
6.2 -0.2000398469 0.0
4.8 1.699920306 0.0
4.6 1.799960153 0.0
4.5 1.799960153 0.0
4.1 1.799960153 0.0
4 1.799960153 0.0
3.6 1.699920306 0.0
2.9 1.699920306 0.0
2.8 1.799960153 0.0
2.7 1.799960153 0.0
2.6 1.799960153 0.0
2.5 1.799960153 0.0
2.4 1.799960153 0.0
2.4 1.699920306 0.0
2.3 1.699920306 0.0
6 1.799960153 0.0
5.9 1.799960153 0.0
6.1 1.799960153 0.0
6.3 1.799960153 0.0
6.2 1.799960153 0.0
6.4 1.799960153 0.0
6.6 1.799960153 0.0
6.5 1.799960153 0.0
6.8 1.799960153 0.0
6.7 1.799960153 0.0
6.3 -0.2000398469 0.0
6.4 -0.2000398469 0.0
6.5 -0.2000398469 0.0
6.7 -0.2000398469 0.0
6.6 -0.2000398469 0.0
6.8 -0.2000398469 0.0
6.9 -0.2000398469 0.0
7 -0.2000398469 0.0
7.1 -0.2000398469 0.0
7.2 -0.2000398469 0.0
7.3 -0.2000398469 0.0
7.4 -0.2000398469 0.0
7.5 -0.2000398469 0.0
7.6 -0.2000398469 0.0
7.7 -0.2000398469 0.0
6.9 1.799960153 0.0
7.1 1.799960153 0.0
7 1.799960153 0.0
7.3 1.799960153 0.0
7.4 1.799960153 0.0
7.5 1.799960153 0.0
7.6 1.799960153 0.0
7.7 1.799960153 0.0
7.8 1.799960153 0.0
6.1 -1.799960153 0.0
6 -1.799960153 0.0
5.9 -1.799960153 0.0
5.8 -1.799960153 0.0
5.7 -1.799960153 0.0
5.6 -1.799960153 0.0
5.5 -1.799960153 0.0
5.4 -1.799960153 0.0
5.3 -1.799960153 0.0
5.2 -1.799960153 0.0
5.1 -1.799960153 0.0
5 -1.799960153 0.0
4.9 -1.799960153 0.0
4.8 -1.799960153 0.0
4.7 -1.799960153 0.0
4.6 -1.799960153 0.0
4.4 -1.799960153 0.0
4.5 -1.799960153 0.0
4.3 -1.799960153 0.0
4.2 -1.799960153 0.0
4.1 -1.799960153 0.0
4 -1.799960153 0.0
3.9 -1.799960153 0.0
3.8 -1.799960153 0.0
3.7 -1.799960153 0.0
3.6 -1.799960153 0.0
3.5 -1.799960153 0.0
3.4 -1.799960153 0.0
3.3 -1.799960153 0.0
3.2 -1.799960153 0.0
3.1 -1.799960153 0.0
3 -1.799960153 0.0
2.9 -1.799960153 0.0
2.7 -1.799960153 0.0
2.8 -1.799960153 0.0
2.6 -1.799960153 0.0
2.5 -1.799960153 0.0
6.9 -1.799960153 0.0
5.2 1.799960153 0.0
5.1 1.799960153 0.0
4.9 1.799960153 0.0
5 1.799960153 0.0
4.8 1.799960153 0.0
4.7 1.799960153 0.0
4.4 1.799960153 0.0
4.3 1.799960153 0.0
4.2 1.799960153 0.0
3.7 1.799960153 0.0
3.6 1.799960153 0.0
3.5 1.799960153 0.0
3 1.799960153 0.0
3.1 1.799960153 0.0
2.9 1.799960153 0.0
5.8 1.799960153 0.0
7.2 1.799960153 0.0
2.8 0.2000398469 0.0
2.7 0.3000796937 0.0
2.7 0.2000398469 0.0
4.4 0.2000398469 0.0
4.3 0.2000398469 0.0
4.5 0.2000398469 0.0
4.2 0.2000398469 0.0
4.6 0.2000398469 0.0
4.7 0.2000398469 0.0
4.8 0.2000398469 0.0
4.9 0.2000398469 0.0
5 0.2000398469 0.0
5 0.3000796937 0.0
5.1 0.2000398469 0.0
5.2 0.2000398469 0.0
5.5 0.2000398469 0.0
5.9 0.2000398469 0.0
6.7 0.2000398469 0.0
6.6 0.2000398469 0.0
6.8 0.2000398469 0.0
7.5 0.2000398469 0.0
7.4 0.2000398469 0.0
7.6 0.2000398469 0.0
7.7 0.2000398469 0.0
3 -0.1 0.0
2.9 -0.1 0.0
3.1 -0.1 0.0
3.2 -0.1 0.0
3.3 -0.1 0.0
3.4 -0.1 0.0
3.5 -0.1 0.0
3.6 -0.1 0.0
3.7 -0.1 0.0
3.8 -0.1 0.0
3.9 -0.1 0.0
4 -0.1 0.0
4.1 -0.1 0.0
4.2 -0.1 0.0
4.3 -0.1 0.0
4.4 -0.1 0.0
4.5 -0.1 0.0
4.6 -0.1 0.0
4.8 -0.1 0.0
4.7 -0.1 0.0
4.9 -0.1 0.0
5 -0.1 0.0
5.1 -0.1 0.0
5.2 -0.1 0.0
5.3 -0.1 0.0
5.5 -0.1 0.0
5.4 -0.1 0.0
5.6 -0.1 0.0
5.7 -0.1 0.0
5.8 -0.1 0.0
5.9 -0.1 0.0
6 -0.1 0.0
6.1 -0.1 0.0
6.2 -0.1 0.0
6.3 -0.1 0.0
6.4 -0.1 0.0
6.5 -0.1 0.0
6.6 -0.1 0.0
6.7 -0.1 0.0
6.8 -0.1 0.0
6.9 -0.1 0.0
7 -0.1 0.0
7.1 -0.1 0.0
7.2 -0.1 0.0
7.3 -0.1 0.0
7.4 -0.1 0.0
7.5 -0.1 0.0
7.6 -0.1 0.0
7.7 -0.1 0.0
2.7 0.1 0.0
2.8 0.1 0.0
2.9 0.1 0.0
3.1 0.1 0.0
3.2 0.1 0.0
3.5 0.1 0.0
3.6 0.1 0.0
3.8 0.1 0.0
3.9 0.1 0.0
4 0.1 0.0
4.1 0.1 0.0
4.1 0.2000398469 0.0
4.8 0.1 0.0
4.9 0.1 0.0
5 0.1 0.0
5.1 0.1 0.0
5.2 0.1 0.0
5.3 0.1 0.0
5.6 0.1 0.0
5.7 0.1 0.0
5.8 0.1 0.0
5.9 0.1 0.0
6 0.1 0.0
6.1 0.1 0.0
6.2 0.2000398469 0.0
6.2 0.1 0.0
6.3 0.2000398469 0.0
6.3 0.1 0.0
6.4 0.2000398469 0.0
6.5 0.2000398469 0.0
7.1 0.2000398469 0.0
7.3 0.2000398469 0.0
7.2 0.2000398469 0.0
7.5 0.1 0.0
7.6 0.1 0.0
6.8 -1.9 0.0
6.9 -1.9 0.0
6.7 -1.9 0.0
6.6 -1.9 0.0
6.5 -1.9 0.0
6.3 -1.9 0.0
6.4 -1.9 0.0
6.2 -1.9 0.0
5.1 1.9 0.0
5 1.9 0.0
4.4 1.9 0.0
4.3 1.9 0.0
4.2 1.9 0.0
4.1 1.9 0.0
3.9 1.799960153 0.0
3.8 1.799960153 0.0
3.7 1.9 0.0
3.6 1.9 0.0
3.4 1.799960153 0.0
3.3 1.799960153 0.0
3.2 1.799960153 0.0
3 1.9 0.0
2.9 1.9 0.0
2.4 1.9 0.0
2.3 1.9 0.0
2.3 1.799960153 0.0
5.4 1.9 0.0
5.3 1.9 0.0
5.5 1.9 0.0
5.6 1.9 0.0
5.8 1.9 0.0
5.7 1.9 0.0
5.9 1.9 0.0
6.1 -1.9 0.0
6 -1.9 0.0
5.9 -1.9 0.0
5.6 -1.9 0.0
5.7 -1.9 0.0
5.5 -1.9 0.0
5.4 -1.9 0.0
5.3 -1.9 0.0
5.2 -1.9 0.0
5 -1.9 0.0
5.1 -1.9 0.0
4.9 -1.9 0.0
4.8 -1.9 0.0
4.7 -1.9 0.0
4.6 -1.9 0.0
6 1.9 0.0
6.1 1.9 0.0
6.2 1.9 0.0
6.3 1.9 0.0
6.4 1.9 0.0
6.5 1.9 0.0
6.6 1.9 0.0
6.7 1.9 0.0
6.8 1.9 0.0
6.9 1.9 0.0
7 1.9 0.0
7.1 1.9 0.0
7.2 1.9 0.0
7.3 1.9 0.0
7.4 1.9 0.0
7.6 1.9 0.0
7.5 1.9 0.0
7.7 1.9 0.0
4.5 -1.9 0.0
4.4 -1.9 0.0
4.3 -1.9 0.0
4.2 -1.9 0.0
4 -1.9 0.0
4.1 -1.9 0.0
3.9 -1.9 0.0
3.8 -1.9 0.0
3.6 -1.9 0.0
3.7 -1.9 0.0
3.5 -1.9 0.0
3.4 -1.9 0.0
3.2 -1.9 0.0
3.3 -1.9 0.0
3.1 -1.9 0.0
3 -1.9 0.0
2.8 -1.9 0.0
2.9 -1.9 0.0
2.7 -1.9 0.0
2.6 -1.9 0.0
2.5 -1.9 0.0
5.2 1.9 0.0
4.9 1.9 0.0
4.8 1.9 0.0
4.7 1.9 0.0
4.6 1.9 0.0
4.5 1.9 0.0
4 1.9 0.0
3.9 1.9 0.0
3.8 1.9 0.0
3.5 1.9 0.0
3.4 1.9 0.0
3.3 1.9 0.0
3.2 1.9 0.0
5.8 -1.9 0.0
7 0.1 0.0
7.1 0.1 0.0
7.2 0.1 0.0
6.9 0.1 0.0
7.3 0.1 0.0
2.7 1.9 0.0
2.8 1.9 0.0
2.6 1.9 0.0
2.5 1.9 0.0
6.8 0.1 0.0
4.5 0.1 0.0
4.6 0.1 0.0
4.2 0.1 0.0
4.3 0.1 0.0
6.5 0.1 0.0
6.4 0.1 0.0
3.3 0.1 0.0
3.4 0.1 0.0
3 0.1 0.0
5.4 0.1 0.0
5.5 0.1 0.0
7.8 1.9 0.0
6.1 -2 0.0
6.2 -2 0.0
6.4 -2 0.0
6.5 -2 0.0
7.4 2 0.0
7.3 2 0.0
7.1 2 0.0
7 2 0.0
6.9 2 0.0
6.6 2 0.0
6.5 2 0.0
6.4 2 0.0
6.3 2 0.0
6.2 2 0.0
6.1 2 0.0
5.8 2 0.0
5.7 2 0.0
5.6 2 0.0
5.5 2 0.0
5.4 2 0.0
5.3 2 0.0
5.2 2 0.0
7.7 0 0.0
7.6 0 0.0
7.5 0 0.0
7.1 0 0.0
7 0 0.0
6.9 0 0.0
6.7 0 0.0
6.6 0 0.0
6.5 0 0.0
6.7 0.1 0.0
6.8 0 0.0
7.2 0 0.0
7.3 0 0.0
6.6 0.1 0.0
6.4 0 0.0
6.3 0 0.0
6.2 0 0.0
6.1 0 0.0
6 0 0.0
5.9 0 0.0
5.8 0 0.0
5.7 0 0.0
5.6 0 0.0
5.5 0 0.0
5.4 0 0.0
4.8 0 0.0
4.7 0 0.0
4.6 0 0.0
4.5 0 0.0
4.4 0 0.0
4.2 0 0.0
4.1 0 0.0
3.1 0 0.0
3 0 0.0
2.9 0 0.0
5.1 2 0.0
4.7 2 0.0
4.6 2 0.0
4.5 2 0.0
4.4 2 0.0
4 2 0.0
3.9 2 0.0
3.5 2 0.0
3.4 2 0.0
3.3 2 0.0
3.1 1.9 0.0
5.9 -2 0.0
6 -2 0.0
5.8 -2 0.0
5.7 -2 0.0
5.6 -2 0.0
5.5 -2 0.0
5.4 -2 0.0
5.3 -2 0.0
5.2 -2 0.0
5.1 -2 0.0
5 -2 0.0
4.9 -2 0.0
4.8 -2 0.0
4.7 -2 0.0
4.6 -2 0.0
4.5 -2 0.0
4.4 -2 0.0
4.3 -2 0.0
4.2 -2 0.0
4.1 -2 0.0
4 -2 0.0
3.9 -2 0.0
3.8 -2 0.0
3.7 -2 0.0
3.6 -2 0.0
3.5 -2 0.0
3.4 -2 0.0
3.3 -2 0.0
5.3 0 0.0
5.2 0 0.0
5.1 0 0.0
4.9 0 0.0
5 0 0.0
4.7 0.1 0.0
4.4 0.1 0.0
4.3 0 0.0
4 0 0.0
3.9 0 0.0
3.8 0 0.0
3.7 0.1 0.0
3.7 0 0.0
3.6 0 0.0
3.5 0 0.0
3.4 0 0.0
3.3 0 0.0
3.2 0 0.0
2.8 0 0.0
3.2 -2 0.0
3.1 -2 0.0
3 -2 0.0
2.9 -2 0.0
2.8 -2 0.0
2.7 -2 0.0
2.6 -2 0.0
2.5 -2 0.0
7.4 0.1 0.0
7.4 0 0.0
7.7 0.1 0.0
6.6 -2 0.0
6.7 -2 0.0
6.8 -2 0.0
7.8 2 0.0
7.7 2 0.0
6.7 2 0.0
6.8 2 0.0
3.2 2 0.0
3.1 2 0.0
3 2 0.0
3.6 2 0.0
5 2 0.0
4.9 2 0.0
4.8 2 0.0
7.6 2 0.0
7.5 2 0.0
7.2 2 0.0
5.9 2 0.0
6 2 0.0
2.9 2 0.0
2.8 2 0.0
2.7 2 0.0
2.6 2 0.0
2.5 2 0.0
2.4 2 0.0
2.8 -0.1 0.0
2.7 0 0.0
6.3 -2 0.0
4.3 2 0.0
4.2 2 0.0
3.7 2 0.0
4.1 2 0.0
3.8 2 0.0
2.3 2 0.0
6.9 -2 0.0
5.299518263 -4.730380823 0.0
5.539284796 -4.076446529 0.0
5.023394631 -4.09073973 0.0
6.888353965 3.679586814 0.0
6.774158782 3.27041327 0.0
6.999934505 3.268680621 0.0
3.203958088 -3.629606014 0.0
3.212269522 -3.281481032 0.0
3.017524618 -3.250820151 0.0
4.992196072 3.260189184 0.0
4.820965181 3.629606014 0.0
4.80678514 3.27778554 0.0
4.033005675 3.694334065 0.0
3.969964578 3.269057944 0.0
4.190139029 3.283986219 0.0
3.640882782 3.691958753 0.0
3.53211187 3.283917655 0.0
3.776414582 3.272594809 0.0
4.081756992 -3.686540893 0.0
4.13477301 -3.261363164 0.0
3.911850832 -3.281614401 0.0
6.478211264 3.678743548 0.0
6.341506351 3.291800792 0.0
6.570993649 3.276882668 0.0
6.497007308 -3.671237735 0.0
6.610998199 -3.256810271 0.0
6.391488105 -3.253714094 0.0
5.810988927 -3.247567143 0.0
6.00174959 -3.615282337 0.0
6.000461368 -3.270592424 0.0
2.383794565 3.250600672 0.0
2.617483194 3.25891524 0.0
2.461927658 3.653713629 0.0
2.83271915 3.272213553 0.0
3.079487298 3.286340379 0.0
2.90270291 3.673875835 0.0
4.61375612 3.276233257 0.0
5.189829479 3.258412901 0.0
5.420934096 3.264342482 0.0
5.283420107 3.677299376 0.0
5.722873176 3.688924273 0.0
5.631597026 3.272272863 0.0
5.875205992 3.287524665 0.0
7.205445989 3.267928329 0.0
7.441239263 3.264538648 0.0
7.299715353 3.675393727 0.0
6.190390836 -3.248956692 0.0
5.371835317 -3.252316564 0.0
5.515866685 -3.642015802 0.0
5.60972631 -3.245753636 0.0
5.148630321 -3.250002681 0.0
4.90810099 -3.253526847 0.0
5.017380457 -3.648142867 0.0
4.538961194 -3.617874126 0.0
4.702489933 -3.247240901 0.0
4.514202566 -3.274262297 0.0
4.328859012 -3.254188841 0.0
3.428050561 -3.27761061 0.0
2.8149758 -3.253877162 0.0
2.580629398 -3.260081569 0.0
2.731458784 -3.656602633 0.0
6.788987612 -2.532297615 0.0
6.815424661 -2.336516021 0.0
6.705789039 -2.345720924 0.0
3.806748396 2.533532497 0.0
3.7848734 2.341496038 0.0
3.895096189 2.351563539 0.0
2.500142476 -2.333711174 0.0
2.578935215 -2.501334253 0.0
2.592700986 -2.341893426 0.0
3.889593801 -2.506251698 0.0
3.993758164 -2.344056459 0.0
3.898171566 -2.345961553 0.0
5.299284755 -2.332643864 0.0
5.380342871 -2.505965822 0.0
5.391874142 -2.343581235 0.0
7.013896315 2.537382574 0.0
6.985496825 2.338448681 0.0
7.095368441 2.346978182 0.0
6.488776048 2.341195512 0.0
6.372643767 2.502141893 0.0
6.390092256 2.341348369 0.0
3.585389819 2.507350907 0.0
3.594327355 2.342651257 0.0
3.687010711 2.334662291 0.0
4.286103685 -2.537382574 0.0
4.314503175 -2.338448681 0.0
4.204631559 -2.346978182 0.0
7.678481808 2.501226214 0.0
7.692752163 2.342730596 0.0
7.791351602 2.343856314 0.0
5.423958304 2.503611763 0.0
5.408261157 2.345114121 0.0
5.501241224 2.331793302 0.0
3.421735184 -2.505494224 0.0
3.499772075 -2.334244956 0.0
3.407139755 -2.347358188 0.0
4.908759051 -2.507309586 0.0
4.992413178 -2.335339624 0.0
4.902381511 -2.346303725 0.0
3 -2.515241669 0.0
3 -2.348230344 0.0
2.904903811 -2.345086378 0.0
6.4 -2.515241669 0.0
6.399038106 -2.352540644 0.0
6.304727772 -2.344418264 0.0
4.199427271 2.513628109 0.0
4.104594869 2.344215993 0.0
4.199725339 2.347456536 0.0
6 -2.515241669 0.0
6 -2.348230344 0.0
5.904903811 -2.345086378 0.0
5 2.515241669 0.0
5 2.348230344 0.0
5.095096189 2.345086378 0.0
4.6 2.515241669 0.0
4.599038106 2.352540644 0.0
4.695096189 2.346767868 0.0
3.707887559 -2.338930585 0.0
3.598949609 -2.336277478 0.0
3.659301688 -2.530131393 0.0
3.806066041 -2.335672608 0.0
4.904903811 2.345086378 0.0
4.294787248 2.344215993 0.0
3.348119248 2.535521824 0.0
3.293988256 2.338033617 0.0
3.403961098 2.337904689 0.0
2.508773885 2.343859391 0.0
2.607449631 2.342722711 0.0
2.621943624 2.501188752 0.0
6.8 2.348230344 0.0
6.891162788 2.336975312 0.0
6.8 2.515241669 0.0
6.120425568 2.500735889 0.0
6.008339457 2.342985929 0.0
6.106798898 2.342090009 0.0
2.798782422 2.326574492 0.0
2.890210061 2.337689722 0.0
2.876287419 2.494884196 0.0
2.691421623 -2.343153374 0.0
3.095096189 -2.345086378 0.0
3.308605991 -2.346767868 0.0
5.201037518 -2.331870458 0.0
5.089691134 -2.334772007 0.0
5.14401173 -2.521146951 0.0
5.695652925 -2.349520942 0.0
5.583429548 -2.340693195 0.0
5.606983857 -2.537358777 0.0
6.704903811 2.345086378 0.0
5.69166216 2.342119537 0.0
5.791042661 2.342985929 0.0
5.67486618 2.500220044 0.0
5.599171524 2.329115642 0.0
4.595096189 -2.345086378 0.0
4.5 -2.348230344 0.0
4.5 -2.515241669 0.0
4.408837212 -2.336975312 0.0
5.48497793 -2.334768243 0.0
6.095096189 -2.345086378 0.0
2.700031542 2.329414944 0.0
2.983882781 2.3324147 0.0
3.117217245 2.530219759 0.0
3.083430509 2.333694654 0.0
3.193366295 2.336063718 0.0
3.502447414 2.332455224 0.0
4.504727772 2.344418264 0.0
7.600277157 2.329512279 0.0
6.199470894 2.329202657 0.0
5.309597988 2.345086378 0.0
6.298082829 2.331787034 0.0
7.409038515 2.345162229 0.0
7.502012366 2.332110866 0.0
7.426859443 2.503791305 0.0
4.806942675 -2.341825156 0.0
6.495096189 -2.346767868 0.0
7.309597988 2.345086378 0.0
4.664927703 -4.736573735 0.0
4.573128466 -4.150904424 0.0
3.080442066 -4.718331031 0.0
3.619389676 -4.718544486 0.0
3.664408075 -4.181872932 0.0
3.174102095 -4.150128535 0.0
4.153500287 -4.721726756 0.0
4.120585625 -4.175900767 0.0
5.948533823 -4.75832222 0.0
6 -4.149073758 0.0
6.490185948 -4.192628804 0.0
6.498901248 -4.764828636 0.0
6.984750596 -4.722290732 0.0
6.964835234 -4.185375089 0.0
3.667287641 -3.696354728 0.0
2.747600152 -4.070704162 0.0
2.460486914 -4.661949459 0.0
7.650560069 3.265179697 0.0
7.731011093 3.675004327 0.0
3.267532402 3.717870281 0.0
3.3 3.321637038 0.0
6.961822421 -3.685261602 0.0
6.1 3.696008843 0.0
6.1 3.321637038 0.0
2.187558775 3.252294598 0.0
1.994879636 3.6151059 0.0
2.621030507 3.014258609 0.0
2.860376588 3.017152881 0.0
3.089550766 3.025061734 0.0
3.315094147 3.026057925 0.0
3.560376588 3.017152881 0.0
4.415822185 3.710984958 0.0
4.4 3.321637038 0.0
6.111976662 3.027780084 0.0
6.349090611 3.023646315 0.0
6.789250335 3.012681096 0.0
7 3.011368953 0.0
7.436642785 3.015222724 0.0
7.662867581 3.016163224 0.0
6.814543282 -3.264769361 0.0
5.6 -3.011368953 0.0
5.378493657 -3.01260943 0.0
5.140072142 -3.015787778 0.0
4.913688749 -3.014397734 0.0
4.7 -3.011368953 0.0
4.5 -3.011368953 0.0
3.671416525 -3.320319492 0.0
7.213190446 3.015923218 0.0
4.194468982 3.022680631 0.0
4.4 3.024611943 0.0
3.988100253 3.016573609 0.0
3.783317113 3.017212414 0.0
5.8 -3.011368953 0.0
2.578982108 -3.014908445 0.0
2.8 -3.011368953 0.0
2.793925519 -2.766662943 0.0
2.575702076 -2.759764289 0.0
3 -3.011368953 0.0
3.001399858 -2.765633801 0.0
3.209020186 -3.021392984 0.0
3.211673913 -2.769261642 0.0
3.430472777 -3.017152881 0.0
3.437675467 -2.760135052 0.0
3.670764015 -2.769322171 0.0
3.666983829 -3.031973872 0.0
3.895281998 -3.021100946 0.0
3.890800095 -2.765722201 0.0
4.09913148 -2.767777945 0.0
4.1 -3.011368953 0.0
4.3 -3.011368953 0.0
4.296525921 -2.764224296 0.0
4.499802477 -2.764447825 0.0
4.702683988 -2.766956383 0.0
4.910735951 -2.760938051 0.0
5.142943803 -2.763068753 0.0
5.376004867 -2.761361653 0.0
5.597475295 -2.770415085 0.0
5.8 -2.765240078 0.0
6 -2.764272694 0.0
6 -3.011368953 0.0
6.2 -2.765240078 0.0
6.2 -3.011368953 0.0
6.4 -3.011368953 0.0
6.4 -2.764272694 0.0
6.6 -2.765240078 0.0
6.6 -3.011368953 0.0
6.8 -3.011368953 0.0
6.797246903 -2.765744869 0.0
7.439217969 2.759652513 0.0
7.674540429 2.759376215 0.0
7.210673012 2.769172865 0.0
7.003474079 2.764224296 0.0
6.794611068 2.764944447 0.0
6.585719858 2.767630729 0.0
6.573763614 3.020210202 0.0
6.360036874 2.760135052 0.0
6.121894434 2.762578809 0.0
5.887530059 3.018257588 0.0
5.892557261 2.770086819 0.0
5.659927858 3.015787778 0.0
5.66080455 2.758065177 0.0
5.425449277 2.760378531 0.0
5.420763468 3.014134449 0.0
5.206362319 2.766816503 0.0
5.2 3.011368953 0.0
5 3.011368953 0.0
5.00159058 2.764666801 0.0
4.8 3.011368953 0.0
4.8 2.765240078 0.0
4.6 3.011368953 0.0
4.6 2.765100381 0.0
4.4 2.768550825 0.0
4.199636648 2.765550753 0.0
3.796477281 2.767733014 0.0
3.99911932 2.768655124 0.0
3.572694259 2.763720476 0.0
3.339060072 2.769492811 0.0
3.103245031 2.770695751 0.0
2.860705186 2.760151443 0.0
2.624603349 2.759609244 0.0
2.4 3.011368953 0.0
2.406976766 2.76943625 0.0
2.2 3.011368953 0.0
2.203303716 2.765321102 0.0
2.8 -2.5414457 0.0
3.2 -2.5414457 0.0
4.1 -2.5414457 0.0
4.7 -2.5414457 0.0
5.8 -2.5414457 0.0
6.2 -2.5414457 0.0
6.6 -2.5414457 0.0
7.212857192 2.543931467 0.0
6.589590906 2.537598354 0.0
5.9 2.5414457 0.0
5.2 2.5414457 0.0
4.8 2.5414457 0.0
4.4 2.5414457 0.0
4 2.5414457 0.0
2.410533814 2.544443481 0.0
2.213214866 2.541769797 0.0
5.9 2.365379124 0.0
6.2 -2.365379124 0.0
4.4 2.365379124 0.0
4 2.365379124 0.0
6.6 -2.365379124 0.0
2.4 2.365379124 0.0
2.295096189 2.351563539 0.0
4.1 -2.365379124 0.0
5.8 -2.365379124 0.0
3.2 -2.365379124 0.0
4.8 2.365379124 0.0
7.7 2.220143006 0.0
7.7978379 2.224688682 0.0
7.6 2.220143006 0.0
7.5 2.220143006 0.0
7.4 2.220143006 0.0
7.3 2.220143006 0.0
7.2 2.226416284 0.0
7.2 2.365379124 0.0
7.09884211 2.225056395 0.0
7 2.220143006 0.0
6.9 2.220143006 0.0
6.8 2.220143006 0.0
6.7 2.220143006 0.0
6.6 2.365379124 0.0
6.6 2.226416284 0.0
6.5 2.220143006 0.0
6.4 2.220143006 0.0
6.3 2.220143006 0.0
6.2 2.220143006 0.0
6.1 2.220143006 0.0
6 2.220143006 0.0
5.9 2.226416284 0.0
5.8 2.220143006 0.0
5.7 2.220143006 0.0
5.6 2.220143006 0.0
5.5 2.220143006 0.0
5.4 2.220143006 0.0
5.302399497 2.224897843 0.0
5.2 2.365379124 0.0
5.2 2.226416284 0.0
5.1 2.220143006 0.0
5 2.220143006 0.0
4.9 2.220143006 0.0
4.8 2.226416284 0.0
4.7 2.220143006 0.0
4.6 2.220143006 0.0
4.5 2.220143006 0.0
4.4 2.226416284 0.0
4.3 2.220143006 0.0
4.2 2.220143006 0.0
4.1 2.220143006 0.0
4 2.226416284 0.0
3.898774047 2.225789645 0.0
3.795911862 2.223430844 0.0
3.7 2.220143006 0.0
3.6 2.220143006 0.0
3.5 2.220143006 0.0
3.4 2.220143006 0.0
3.3 2.220143006 0.0
3.2 2.220143006 0.0
3.1 2.220143006 0.0
3 2.220143006 0.0
2.9 2.220143006 0.0
2.8 2.220143006 0.0
2.7 2.220143006 0.0
2.6 2.220143006 0.0
2.5 2.220143006 0.0
2.4 2.226416284 0.0
2.298774047 2.225789645 0.0
2.6 -2.220143006 0.0
2.5 -2.220143006 0.0
2.7 -2.220143006 0.0
2.8 -2.365379124 0.0
2.8 -2.226416284 0.0
3.2 -2.226416284 0.0
3.1 -2.220143006 0.0
3.302151498 -2.224905462 0.0
3 -2.220143006 0.0
3.4 -2.220143006 0.0
3.6 -2.220143006 0.0
3.5 -2.220143006 0.0
3.7 -2.220143006 0.0
3.8 -2.220143006 0.0
3.9 -2.220143006 0.0
4 -2.220143006 0.0
4.1 -2.226416284 0.0
4.20115789 -2.22505606 0.0
4.3 -2.220143006 0.0
4.6 -2.220143006 0.0
4.5 -2.220143006 0.0
4.4 -2.220143006 0.0
4.7 -2.365379124 0.0
4.7 -2.226416284 0.0
4.8 -2.220143006 0.0
4.9 -2.220143006 0.0
5 -2.220143006 0.0
5.1 -2.220143006 0.0
5.2 -2.220143006 0.0
5.3 -2.220143006 0.0
5.4 -2.220143006 0.0
5.495140906 -2.221411508 0.0
5.595585695 -2.222866421 0.0
5.698913231 -2.22559373 0.0
5.8 -2.226416284 0.0
6.1 -2.220143006 0.0
6 -2.220143006 0.0
5.901225953 -2.224996198 0.0
6.2 -2.226416284 0.0
6.3 -2.220143006 0.0
6.4 -2.220143006 0.0
6.5 -2.220143006 0.0
6.6 -2.226416284 0.0
6.70144726 -2.225238436 0.0
6.8 -2.220143006 0.0
2.9 -2.220143006 0.0
2.5 2.106294689 0.0
2.6 2.105035751 0.0
2.7 2.107553627 0.0
2.8 2.105035751 0.0
2.9 2.106294689 0.0
3.1 2.105035751 0.0
3.2 2.106294689 0.0
3.5 2.106294689 0.0
3.6 2.105035751 0.0
4.1 2.106609424 0.0
4.2 2.106294689 0.0
4.6 2.105035751 0.0
4.7 2.106294689 0.0
5.2 2.106604071 0.0
5.3 2.107945707 0.0
7.8 2.108339125 0.0
7.7 2.105035751 0.0
7.6 2.107947045 0.0
7.5 2.106609424 0.0
7.4 2.106294689 0.0
7.3 2.105035751 0.0
7.2 2.109535036 0.0
7.1 2.106688107 0.0
7 2.106609424 0.0
6.9 2.106294689 0.0
6.8 2.105035751 0.0
6.7 2.106294689 0.0
6.6 2.109436681 0.0
6.5 2.105035751 0.0
6.4 2.106294689 0.0
6.3 2.108183096 0.0
6.2 2.106294689 0.0
6.1 2.105035751 0.0
6 2.107945707 0.0
5.9 2.106604071 0.0
5.5 2.106294689 0.0
5.6 2.108286285 0.0
5.7 2.106707444 0.0
5.8 2.106686769 0.0
2.5 -2.106294689 0.0
2.6 -2.105035751 0.0
2.7 -2.108260441 0.0
2.8 -2.107863009 0.0
3 -2.106294689 0.0
2.9 -2.105035751 0.0
3.2 -2.109830099 0.0
3.1 -2.106609424 0.0
3.3 -2.106294689 0.0
3.4 -2.105035751 0.0
3.5 -2.107868362 0.0
3.6 -2.106294689 0.0
3.7 -2.105035751 0.0
3.8 -2.106294689 0.0
3.9 -2.106609424 0.0
4 -2.108339125 0.0
4.1 -2.106604071 0.0
4.3 -2.108281116 0.0
4.2 -2.106686769 0.0
4.4 -2.106294689 0.0
4.5 -2.105035751 0.0
4.6 -2.106294689 0.0
4.7 -2.109436681 0.0
4.8 -2.105035751 0.0
4.9 -2.106294689 0.0
5 -2.106609424 0.0
5.2 -2.107966716 0.0
5.1 -2.106688107 0.0
5.3 -2.105035751 0.0
5.4 -2.106294689 0.0
5.5 -2.107868362 0.0
5.6 -2.105035751 0.0
5.7 -2.106294689 0.0
5.8 -2.108177743 0.0
5.9 -2.108339125 0.0
6 -2.105035751 0.0
6.1 -2.108260441 0.0
6.2 -2.107863009 0.0
6.3 -2.105035751 0.0
6.4 -2.106294689 0.0
6.5 -2.106609424 0.0
6.6 -2.108256427 0.0
6.7 -2.10867353 0.0
6.8 -2.106294689 0.0
6.9 -2.105035751 0.0
6.9 -2.220143006 0.0
3.7 2.107868362 0.0
4.3 2.105035751 0.0
4.4 2.109436681 0.0
4.5 2.106294689 0.0
5.4 2.105035751 0.0
3 2.107868362 0.0
2.4 2.109436681 0.0
2.299693512 2.110799792 0.0
3.3 2.10826178 0.0
3.4 2.106609424 0.0
3.8 2.106294689 0.0
3.899693512 2.110399925 0.0
4 2.109515365 0.0
4.8 2.108177743 0.0
4.9 2.107080187 0.0
5 2.10847749 0.0
5.1 2.106686769 0.0
2.4 1.099681225 0.0
2.4 1.000358622 0.0
2.8 -0.800278928 0.0
2.7 -0.800278928 0.0
2.6 -0.800278928 0.0
2.5 -0.9003187749 0.0
2.5 -0.9996413783 0.0
2.5 -1.099681225 0.0
7 -1.199721072 0.0
7.1 -1.199721072 0.0
7.8 1.000358622 0.0
7.8 0.9003187749 0.0
7.5 -0.9003187749 0.0
7.5 -1.000358622 0.0
2.4 1.199721072 0.0
7.8 0.800278928 0.0
7.8 1.099681225 0.0
7.8 1.199721072 0.0
2.4 0.9003187749 0.0
2.4 0.800278928 0.0
7.5 -0.800278928 0.0
7.3 -1.199721072 0.0
7.2 -1.199721072 0.0
7 -1.299760919 0.0
2.4 1.299760919 0.0
2.8 -0.7002390812 0.0
2.4 -1.199721072 0.0
2.4 -1.299760919 0.0
2.4 0.7002390812 0.0
2.6 0.6001992343 0.0
2.5 0.6001992343 0.0
7.4 -1.199721072 0.0
7.5 -1.099681225 0.0
7 -1.399800766 0.0
2.8 -0.6001992343 0.0
7.6 -0.800278928 0.0
7.8 -0.7002390812 0.0
7.8 -0.6001992343 0.0
7.7 -0.800278928 0.0
2.4 -1.399800766 0.0
7.9 1.299760919 0.0
7.9 1.399800766 0.0
7.8 0.7002390812 0.0
7.8 0.6001992343 0.0
2.2 1.499840613 0.0
2.2 1.399800766 0.0
2.3 1.299760919 0.0
7.9 1.499840613 0.0
2.8 -0.5001593874 0.0
2.4 -1.499840613 0.0
7.8 -0.5001593874 0.0
2.6 0.5001593874 0.0
7 -1.499840613 0.0
2.8 -0.4001195406 0.0
7.8 -0.4001195406 0.0
7.8 0.5001593874 0.0
7 -1.599880459 0.0
2.4 -1.599880459 0.0
7.8 0.4001195406 0.0
7.9 1.599880459 0.0
7.8 0.3000796937 0.0
7 -1.699920306 0.0
2.4 -1.699920306 0.0
2.8 -0.3000796937 0.0
7.8 -0.3000796937 0.0
7.9 1.699920306 0.0
2.6 0.4001195406 0.0
2.2 1.599880459 0.0
2.8 -0.2000398469 0.0
2.2 1.699920306 0.0
7.8 -0.2000398469 0.0
7.9 1.799960153 0.0
2.4 -1.799960153 0.0
7 -1.799960153 0.0
2.6 0.2000398469 0.0
2.6 0.3000796937 0.0
7.8 0.2000398469 0.0
7.8 -0.1 0.0
2.6 0.1 0.0
7 -1.9 0.0
2.2 1.9 0.0
2.2 1.799960153 0.0
2.4 -1.9 0.0
7.9 1.9 0.0
7.8 0 0.0
2.4 -2 0.0
7.8 0.1 0.0
7.9 2 0.0
2.7 -0.1 0.0
2.6 0 0.0
2.2 2 0.0
7 -2 0.0
2.286635488 -3.658724641 0.0
2.371262923 -3.256257268 0.0
6.909410917 -2.334540026 0.0
6.997772294 -2.50718516 0.0
2.401381313 -2.331554056 0.0
2.327101744 -2.50253768 0.0
7.9 2.365379124 0.0
7.9 2.5414457 0.0
5.306084044 -5.443092614 0.0
4.661371126 -5.389491151 0.0
3.015507106 -5.346543639 0.0
3.579208275 -5.252247226 0.0
4.158728789 -5.268270043 0.0
5.934475045 -5.422239636 0.0
6.516180292 -5.368603667 0.0
6.982399229 -5.257026738 0.0
7.44835136 -4.708728712 0.0
7.394590479 -4.169215452 0.0
2.3 -5.359266171 0.0
2.27909154 -4.060963632 0.0
7.711306029 4.095440831 0.0
7.283778771 4.074807445 0.0
7.88356327 3.281905299 0.0
2.865519458 4.092561694 0.0
3.220723992 4.178410008 0.0
7.381965878 -3.68528325 0.0
6.508860266 4.058593977 0.0
6.102829695 4.073410562 0.0
5.749948339 4.165766575 0.0
5.300340724 4.172936857 0.0
1.997770408 3.269530246 0.0
2.436641009 4.0935156 0.0
2 4.149073758 0.0
3.617532402 4.174911306 0.0
4.011341345 4.176106323 0.0
4.436859744 4.175990637 0.0
4.863608063 4.165949818 0.0
6.889013543 4.113896477 0.0
7.889727041 3.024874262 0.0
7.031802178 -3.263829077 0.0
2.339963126 -2.760135052 0.0
2.350886459 -3.014987631 0.0
7.011777388 -3.010652475 0.0
7 -2.754072829 0.0
7.893635107 2.769245624 0.0
2.001494241 2.764309341 0.0
2 3.011368953 0.0
2.002673247 2.515307231 0.0
2.185572405 2.341030403 0.0
7.9 2.226416284 0.0
2.196086613 2.223733974 0.0
2.4 -2.220143006 0.0
7.9 2.108177743 0.0
2.4 -2.108575176 0.0
7 -2.220143006 0.0
7 -2.106294689 0.0
2.2 2.107972842 0.0
</DataArray></Points>
<Cells>
<DataArray type="Int32" Name="connectivity" format="ascii">
0 1 2 3 
4 5 6 7 
8 0 3 5 
4 7 9 10 
11 12 10 13 
14 11 13 15 
16 14 15 17 
18 16 17 19 
20 21 22 23 
23 22 24 25 
26 27 25 28 
29 26 28 30 
31 29 30 32 
33 34 35 36 
37 31 32 34 
33 36 38 39 
40 41 42 43 
43 44 45 46 
46 45 47 48 
48 47 49 50 
48 51 52 46 
53 54 50 55 
56 53 55 57 
58 56 57 59 
59 60 61 62 
62 61 63 64 
62 65 58 59 
64 66 65 62 
67 68 66 64 
67 69 70 71 
71 70 72 73 
71 74 68 67 
73 72 75 76 
77 74 71 73 
76 75 78 79 
79 78 80 81 
81 82 83 79 
84 85 82 81 
86 87 85 84 
86 88 89 90 
90 89 91 92 
93 87 86 90 
94 95 92 96 
96 97 98 99 
99 98 100 101 
102 94 96 99 
101 103 102 99 
104 105 39 106 
107 108 109 110 
111 104 106 107 
112 113 114 115 
115 114 116 117 
118 119 120 121 
122 119 118 123 
124 122 123 125 
126 124 125 127 
127 128 129 130 
130 129 131 132 
133 134 135 136 
137 136 135 138 
139 140 133 136 
141 137 138 142 
143 144 145 146 
147 148 132 149 
150 147 149 151 
152 150 151 153 
154 152 153 155 
156 154 155 157 
157 158 159 160 
160 159 161 162 
163 164 162 165 
166 167 168 169 
170 171 172 173 
174 175 169 171 
176 177 178 179 
180 179 178 181 
179 182 183 176 
180 181 184 185 
185 184 186 187 
187 186 188 189 
190 189 188 191 
192 190 191 193 
102 194 195 94 
94 195 196 95 
95 196 197 93 
91 97 96 92 
85 87 198 199 
200 88 86 84 
80 200 84 81 
82 201 202 83 
77 203 204 205 
77 205 206 74 
74 206 207 68 
63 69 67 64 
65 208 209 58 
210 60 59 57 
54 53 211 212 
210 57 55 213 
54 212 214 51 
49 213 55 50 
41 215 216 217 
218 44 43 42 
219 218 42 220 
221 222 223 224 
220 225 226 219 
221 224 227 134 
225 228 229 226 
133 140 229 228 
138 135 230 231 
142 138 231 232 
233 139 136 137 
142 232 234 235 
236 233 137 141 
237 236 141 238 
239 240 237 238 
241 242 243 244 
245 246 240 239 
245 247 248 246 
249 250 251 252 
253 254 248 247 
252 251 255 256 
257 254 253 258 
256 255 259 260 
261 260 259 262 
263 264 257 258 
263 265 266 264 
265 267 268 266 
269 270 271 272 
272 271 273 274 
275 268 267 276 
277 278 275 276 
279 280 278 277 
281 282 283 284 
285 286 280 279 
285 287 288 286 
289 288 287 143 
143 146 290 289 
291 292 290 146 
293 292 291 294 
295 293 294 296 
0 297 298 1 
299 300 301 8 
12 302 300 299 
303 302 12 11 
304 305 14 16 
306 18 19 20 
306 307 308 18 
309 307 306 310 
311 111 107 110 
109 113 112 110 
312 313 314 311 
120 315 117 121 
316 118 121 317 
120 318 319 315 
320 318 120 119 
122 321 320 119 
322 321 122 124 
323 324 147 150 
325 326 152 154 
156 327 325 154 
328 163 165 166 
329 91 89 330 
198 87 93 197 
331 200 80 332 
333 334 175 174 
335 174 171 170 
6 336 337 338 
0 8 301 297 
10 12 299 4 
9 339 13 10 
339 9 340 341 
11 14 305 303 
342 343 344 345 
345 346 19 17 
346 345 344 347 
16 18 308 304 
23 310 306 20 
25 27 310 23 
24 22 348 349 
24 349 350 351 
27 352 309 310 
351 350 353 354 
27 26 355 352 
354 353 356 357 
26 29 358 355 
35 357 356 359 
29 31 360 358 
31 37 361 360 
39 105 362 33 
36 363 364 38 
38 365 106 39 
365 38 364 366 
108 365 366 367 
105 104 368 369 
108 367 370 109 
104 111 371 368 
111 311 314 371 
115 372 312 112 
117 315 372 115 
114 373 374 116 
116 317 121 117 
375 376 377 378 
124 126 379 322 
132 148 380 130 
129 381 382 131 
383 149 132 131 
384 383 385 386 
147 324 387 148 
150 152 326 323 
388 389 390 391 
391 158 157 155 
160 392 156 157 
159 158 393 394 
162 164 392 160 
164 395 396 392 
397 398 399 167 
164 163 400 395 
167 399 401 168 
163 328 402 400 
168 172 171 169 
172 168 401 403 
404 173 405 406 
407 408 335 170 
404 406 409 410 
411 412 408 407 
176 183 412 411 
413 182 179 180 
184 414 415 186 
416 413 180 185 
417 416 185 187 
418 417 187 189 
193 191 419 420 
421 418 189 190 
422 421 190 192 
76 79 83 203 
72 423 424 75 
423 72 70 425 
426 425 70 69 
426 69 63 427 
208 65 66 428 
429 430 60 210 
213 431 429 210 
432 52 51 214 
433 434 49 47 
43 46 52 40 
435 436 44 218 
219 437 435 218 
219 226 438 437 
438 226 229 439 
230 135 134 227 
140 440 439 229 
441 440 140 139 
442 443 233 236 
236 237 444 442 
234 242 241 235 
241 244 245 239 
240 445 444 237 
248 446 447 246 
446 248 254 448 
449 264 266 450 
269 272 276 267 
451 450 266 268 
275 278 452 453 
273 282 281 274 
281 284 285 279 
280 454 452 278 
455 286 288 456 
457 144 143 287 
458 289 290 459 
292 460 459 290 
335 461 333 174 
461 335 408 462 
463 177 410 409 
412 464 462 408 
463 465 178 177 
466 464 412 183 
467 466 183 182 
468 467 182 413 
416 469 468 413 
469 416 417 470 
417 418 471 470 
421 472 471 418 
473 472 421 422 
209 474 56 58 
474 211 53 56 
50 54 51 48 
41 40 475 215 
41 217 220 42 
44 436 476 45 
432 475 40 52 
222 221 228 225 
228 221 134 133 
397 167 166 165 
175 334 402 328 
243 250 249 244 
253 252 256 258 
477 448 254 257 
264 449 477 257 
260 261 265 263 
244 249 247 245 
238 235 241 239 
141 142 235 238 
217 222 225 220 
430 478 61 60 
49 434 431 213 
428 66 68 207 
76 203 77 73 
424 479 78 75 
202 204 203 83 
479 332 80 78 
88 200 331 480 
199 201 82 85 
92 95 93 90 
103 481 194 102 
336 3 2 482 
337 336 482 483 
4 299 8 5 
340 9 7 484 
336 6 5 3 
295 485 486 293 
346 21 20 19 
348 22 21 487 
354 30 28 351 
24 351 28 25 
347 487 21 346 
35 34 32 357 
354 357 32 30 
33 362 37 34 
291 488 489 294 
146 145 488 291 
108 107 106 365 
105 369 490 362 
362 490 361 37 
443 441 139 233 
458 456 288 289 
284 457 287 285 
277 274 281 279 
283 491 457 284 
261 269 267 265 
270 269 261 262 
276 272 274 277 
247 249 252 253 
173 172 403 405 
411 407 404 410 
411 410 177 176 
319 492 372 315 
493 316 317 494 
376 123 118 316 
493 377 376 316 
376 375 125 123 
128 127 125 375 
381 129 128 495 
130 380 126 127 
374 494 317 116 
385 383 131 382 
380 496 379 126 
383 384 151 149 
293 486 460 292 
338 484 7 6 
341 343 342 339 
339 342 15 13 
345 17 15 342 
161 397 165 162 
169 175 328 166 
407 170 173 404 
112 312 311 110 
373 114 113 497 
181 178 465 498 
191 188 499 419 
188 186 415 499 
181 498 414 184 
384 388 153 151 
387 496 380 148 
390 393 158 391 
394 500 161 159 
501 491 283 502 
283 282 503 502 
503 282 273 504 
504 273 271 505 
270 506 505 271 
262 507 506 270 
508 507 262 259 
297 509 510 298 
511 509 297 301 
300 512 511 301 
302 513 512 300 
513 302 303 514 
514 303 305 515 
305 304 516 515 
304 308 517 516 
307 518 517 308 
519 518 307 309 
519 309 352 520 
355 358 521 522 
521 358 360 523 
361 524 523 360 
361 490 525 524 
490 369 526 525 
526 369 368 527 
368 371 528 527 
528 371 314 529 
529 314 313 530 
313 492 531 530 
492 319 532 531 
318 533 532 319 
534 533 318 320 
321 535 534 320 
321 322 536 535 
537 379 496 538 
539 538 496 387 
539 387 324 540 
541 323 326 542 
543 542 326 325 
543 325 327 544 
545 546 396 395 
547 545 395 400 
548 329 330 549 
330 480 550 549 
480 331 551 550 
551 331 332 552 
332 479 553 552 
424 423 554 555 
425 556 554 423 
425 426 557 556 
558 427 478 559 
559 478 430 560 
430 429 561 560 
562 431 434 563 
434 433 564 563 
564 433 476 565 
565 476 436 566 
567 566 436 435 
437 568 567 435 
437 438 569 568 
439 570 569 438 
570 439 440 571 
572 571 440 441 
573 572 441 443 
443 442 574 573 
575 547 400 402 
334 576 575 402 
334 333 577 576 
333 461 578 577 
579 508 259 255 
251 580 579 255 
581 580 251 250 
582 581 250 243 
583 582 243 242 
584 583 242 234 
584 234 232 585 
586 585 232 231 
587 586 231 230 
230 227 588 587 
227 224 589 588 
589 224 223 590 
216 591 590 223 
215 592 591 216 
215 475 593 592 
594 432 214 595 
596 595 214 212 
212 211 597 596 
211 474 598 597 
474 209 599 598 
600 599 209 208 
600 208 428 601 
602 207 206 603 
206 205 604 603 
204 202 605 606 
202 201 607 605 
607 201 199 608 
609 198 197 610 
611 196 195 612 
613 194 481 614 
615 614 481 616 
337 483 617 618 
338 337 618 619 
347 344 620 621 
622 574 442 444 
622 444 445 623 
445 447 624 623 
625 626 446 448 
627 625 448 477 
449 628 627 477 
450 629 628 449 
450 451 630 629 
631 630 451 453 
632 631 453 452 
633 632 452 454 
454 455 634 633 
456 635 634 455 
636 635 456 458 
462 637 578 461 
637 462 464 638 
639 466 467 640 
640 467 468 641 
641 468 469 642 
643 644 470 471 
471 472 645 643 
378 646 647 495 
495 647 648 381 
389 388 384 386 
385 649 650 386 
500 394 651 652 
459 653 636 458 
654 653 459 460 
654 460 486 655 
500 398 397 161 
465 656 657 498 
414 658 659 415 
472 473 660 645 
426 427 558 557 
61 478 427 63 
45 476 433 47 
286 455 454 280 
294 489 661 296 
470 644 642 469 
475 432 594 593 
428 207 602 601 
88 480 330 89 
199 198 609 608 
197 196 611 610 
195 194 613 612 
352 355 522 520 
363 36 35 359 
370 497 113 109 
662 340 484 663 
372 492 313 312 
662 664 341 340 
664 665 343 341 
620 344 343 665 
495 128 375 378 
322 379 537 536 
666 667 359 356 
668 363 359 667 
669 364 363 668 
669 670 366 364 
670 671 367 366 
672 370 367 671 
672 673 497 370 
673 674 373 497 
675 374 373 674 
675 676 494 374 
676 677 493 494 
678 377 493 677 
678 646 378 377 
679 382 381 648 
324 323 541 540 
391 155 153 388 
680 389 386 650 
681 390 389 680 
681 682 393 390 
651 394 393 682 
683 684 406 405 
684 685 409 406 
686 463 409 685 
656 465 463 686 
479 424 555 553 
509 511 687 688 
687 511 512 689 
689 512 513 690 
691 690 513 514 
514 515 692 691 
693 692 515 516 
516 517 694 693 
695 518 519 696 
520 697 696 519 
697 520 522 698 
698 522 521 699 
699 521 523 700 
525 701 702 524 
526 703 701 525 
527 704 703 526 
705 704 527 528 
529 706 705 528 
530 707 706 529 
530 531 708 707 
532 533 709 710 
533 534 711 709 
535 712 711 534 
535 536 713 712 
714 713 536 537 
538 715 714 537 
538 539 716 715 
540 541 717 718 
717 541 542 719 
542 543 720 719 
721 722 501 502 
502 503 723 721 
503 504 724 723 
724 504 505 725 
505 506 726 725 
726 506 507 727 
507 508 728 727 
728 508 579 729 
544 730 720 543 
544 546 731 730 
731 546 545 732 
547 733 732 545 
549 734 735 548 
550 736 734 549 
737 736 550 551 
737 551 552 738 
738 552 553 739 
553 555 740 739 
741 554 556 742 
556 557 743 742 
743 557 558 744 
559 745 744 558 
745 559 560 746 
747 561 562 748 
748 562 563 749 
750 749 563 564 
750 564 565 751 
752 751 565 566 
753 752 566 567 
753 567 568 754 
755 754 568 569 
570 756 755 569 
757 756 570 571 
571 572 758 757 
573 574 759 760 
574 622 761 759 
729 579 580 762 
580 581 763 762 
763 581 582 764 
765 764 582 583 
583 584 766 765 
585 767 766 584 
586 768 767 585 
586 587 769 768 
770 588 589 771 
772 773 590 591 
592 774 772 591 
593 775 774 592 
776 733 547 575 
576 777 776 575 
778 777 576 577 
779 778 577 578 
761 622 623 780 
624 626 781 782 
781 626 625 783 
783 625 627 784 
784 627 628 785 
785 628 629 786 
629 630 787 786 
788 787 630 631 
631 632 789 788 
632 633 790 789 
791 790 633 634 
791 634 635 792 
635 636 793 792 
793 636 653 794 
795 794 653 654 
795 654 655 796 
486 485 797 655 
798 799 800 797 
799 798 801 802 
803 804 802 801 
805 779 578 637 
806 805 637 638 
638 639 807 806 
808 807 639 640 
640 641 809 808 
641 642 810 809 
810 642 644 811 
644 643 812 811 
643 645 813 812 
594 814 775 593 
595 815 814 594 
815 595 596 816 
817 816 596 597 
597 598 818 817 
819 818 598 599 
819 599 600 820 
601 821 820 600 
821 601 602 822 
603 823 822 602 
603 604 824 823 
825 824 604 606 
606 605 826 825 
826 605 607 827 
828 829 608 609 
610 830 828 609 
611 831 830 610 
832 831 611 612 
833 832 612 613 
833 613 614 834 
614 615 835 834 
619 663 484 338 
665 836 837 620 
621 838 487 347 
839 348 487 838 
839 840 349 348 
841 353 350 842 
667 843 844 668 
673 672 845 846 
646 678 847 848 
649 385 382 679 
849 813 645 660 
850 851 849 660 
652 651 852 853 
854 652 853 855 
854 856 399 398 
857 401 399 856 
857 858 403 401 
858 683 405 403 
656 686 859 860 
657 658 414 498 
861 862 419 499 
862 861 863 864 
862 865 420 419 
865 862 864 866 
555 554 741 740 
429 431 562 561 
572 573 760 758 
587 588 770 769 
589 590 773 771 
607 608 829 827 
867 681 680 868 
867 869 682 681 
852 651 682 869 
870 857 856 871 
870 872 858 857 
510 509 688 873 
626 624 447 446 
246 447 445 240 
453 451 268 275 
517 518 695 694 
531 532 710 708 
837 874 621 620 
874 875 838 621 
876 839 838 875 
877 878 842 840 
350 349 840 842 
879 841 842 878 
876 877 840 839 
666 356 353 841 
845 672 671 880 
881 675 674 882 
883 884 648 647 
885 679 648 884 
886 649 679 885 
886 887 650 649 
888 889 721 723 
888 723 724 890 
725 891 890 724 
725 726 892 891 
727 728 893 894 
895 896 897 898 
873 899 897 896 
899 873 688 900 
689 901 902 687 
690 903 901 689 
904 903 690 691 
904 691 692 905 
906 907 693 694 
906 694 695 908 
695 696 909 908 
909 696 697 910 
911 698 699 912 
913 912 699 700 
914 913 700 702 
701 915 914 702 
703 916 915 701 
917 916 703 704 
918 917 704 705 
706 919 918 705 
919 706 707 920 
921 708 710 922 
923 709 711 924 
712 925 924 711 
712 713 926 925 
927 928 663 619 
929 662 663 928 
929 930 664 662 
930 836 665 664 
875 874 931 932 
876 933 934 877 
878 935 936 879 
937 666 841 879 
937 938 939 843 
940 669 668 844 
844 941 942 940 
940 943 670 669 
880 671 670 943 
880 944 945 845 
881 946 676 675 
946 947 677 676 
947 847 678 677 
883 647 646 848 
884 948 949 885 
887 868 680 650 
714 950 926 713 
714 715 951 950 
715 716 952 951 
716 718 953 952 
954 717 719 955 
719 720 956 955 
956 720 730 957 
958 957 730 731 
732 959 958 731 
960 959 732 733 
776 961 960 733 
777 962 961 776 
777 778 963 962 
964 963 778 779 
964 779 805 965 
966 965 805 806 
806 807 967 966 
809 810 968 969 
811 970 968 810 
811 812 971 970 
813 849 972 973 
851 974 972 849 
734 975 976 735 
736 977 975 734 
736 737 978 977 
738 979 978 737 
739 980 979 738 
739 740 981 980 
740 741 982 981 
742 983 982 741 
984 983 742 743 
744 985 984 743 
745 986 985 744 
745 746 987 986 
560 561 747 746 
748 988 989 747 
749 990 988 748 
991 990 749 750 
751 992 991 750 
751 752 993 992 
994 993 752 753 
994 753 754 995 
754 755 996 995 
996 755 756 997 
756 757 998 997 
999 998 757 758 
999 758 760 1000 
1001 1000 760 759 
759 761 1002 1001 
762 1003 1004 729 
762 763 1005 1003 
1005 763 764 1006 
1006 764 765 1007 
1008 766 767 1009 
1009 767 768 1010 
769 1011 1010 768 
770 1012 1011 769 
771 1013 1012 770 
771 773 1014 1013 
1015 1014 773 772 
1015 772 774 1016 
774 775 1017 1016 
1017 775 814 1018 
815 1019 1018 814 
1019 815 816 1020 
816 817 1021 1020 
817 818 1022 1021 
818 819 1023 1022 
820 1024 1023 819 
820 821 1025 1024 
1026 1025 821 822 
823 1027 1026 822 
823 824 1028 1027 
824 825 1029 1028 
1029 825 826 1030 
827 1031 1030 826 
829 1032 1031 827 
829 828 1033 1032 
828 830 1034 1033 
830 831 1035 1034 
1035 831 832 1036 
834 1037 1038 833 
1039 1037 834 835 
853 852 1040 1041 
871 856 854 855 
872 1042 683 858 
1042 1043 684 683 
1043 1044 685 684 
859 686 685 1044 
1044 1045 1046 859 
1047 1048 658 657 
1048 1049 659 658 
863 861 659 1049 
1002 761 780 1050 
780 782 1051 1050 
781 783 1052 1053 
783 784 1054 1052 
1054 784 785 1055 
1055 785 786 1056 
1057 1056 786 787 
787 788 1058 1057 
789 1059 1058 788 
1059 789 790 1060 
790 791 1061 1060 
1061 791 792 1062 
1062 792 793 1063 
794 1064 1063 793 
794 795 1065 1064 
795 796 1066 1065 
796 800 1067 1066 
1067 800 799 1068 
1068 799 802 1069 
804 1070 1069 802 
692 693 907 905 
1071 928 927 1072 
1073 929 928 1071 
1073 1074 930 929 
222 217 216 223 
1074 1075 836 930 
1076 931 874 837 
935 878 877 934 
936 938 937 879 
942 1077 943 940 
944 880 943 1077 
1078 1079 947 946 
846 882 674 673 
1079 1080 847 947 
1081 1082 887 886 
1082 1083 868 887 
623 624 782 780 
1084 1085 872 870 
1085 1086 1042 872 
1087 1043 1042 1086 
1087 1045 1044 1043 
1088 1089 1048 1047 
1089 1090 1049 1048 
860 1047 657 656 
1091 1088 1047 860 
1092 863 1049 1090 
797 800 796 655 
889 1093 722 721 
765 766 1008 1007 
833 1038 1036 832 
327 396 546 544 
539 540 718 716 
524 702 700 523 
1094 976 975 1095 
977 1096 1095 975 
977 978 1097 1096 
1097 978 979 1098 
1098 979 980 1099 
1100 981 982 1101 
1101 982 983 1102 
983 984 1103 1102 
984 985 1104 1103 
986 1105 1104 985 
1105 986 987 1106 
987 989 1107 1106 
989 988 1108 1107 
1108 988 990 1109 
1110 1109 990 991 
992 1111 1110 991 
993 1112 1111 992 
993 994 1113 1112 
1114 995 996 1115 
1115 996 997 1116 
1116 997 998 1117 
998 999 1118 1117 
1118 999 1000 1119 
1120 1121 1001 1002 
1120 1002 1050 1122 
1123 1122 1050 1051 
1051 1053 1124 1123 
1124 1053 1052 1125 
1126 1054 1055 1127 
1055 1056 1128 1127 
1056 1057 1129 1128 
1057 1058 1130 1129 
1130 1058 1059 1131 
1132 1131 1059 1060 
1133 1132 1060 1061 
1133 1061 1062 1134 
1135 1134 1062 1063 
1136 1135 1063 1064 
1136 1064 1065 1137 
1138 1066 1067 1139 
1068 1140 1139 1067 
1069 1141 1140 1068 
1141 1069 1070 1142 
972 1143 1144 973 
812 813 973 971 
971 973 1144 1145 
970 971 1145 1146 
968 1147 1148 969 
808 809 969 1149 
1149 967 807 808 
967 1150 1151 966 
959 1152 1153 958 
957 958 1153 1154 
957 1154 1155 956 
955 956 1155 1156 
718 717 954 953 
954 1157 1158 953 
926 950 1159 1160 
925 1161 1162 924 
924 1162 1163 923 
710 709 923 922 
707 708 921 920 
919 1164 1165 918 
917 1166 1167 916 
697 698 911 910 
903 904 1168 1169 
901 903 1169 1170 
688 687 902 900 
900 902 1171 1172 
899 1173 1174 897 
1074 1175 1176 1075 
1076 837 836 1075 
1076 1177 1178 931 
933 876 875 932 
934 1179 1180 935 
939 941 844 843 
941 1181 1182 942 
1183 1184 882 846 
1185 881 882 1184 
1079 1186 1187 1080 
1080 1188 848 847 
1188 1080 1187 1189 
1190 883 848 1188 
1188 1189 1191 1190 
1190 948 884 883 
1083 1192 867 868 
1193 869 867 1192 
1041 1194 855 853 
1195 871 855 1194 
1195 1196 1197 1084 
1084 870 871 1195 
1046 1045 1198 1199 
1046 1091 860 859 
1091 1046 1199 1200 
1088 1201 1202 1089 
1092 1203 864 863 
1203 1204 866 864 
1205 1093 889 1206 
1206 889 888 1207 
1207 888 890 1208 
1209 891 892 1210 
726 727 894 892 
1004 1211 1212 893 
1003 1213 1211 1004 
1214 1213 1003 1005 
1006 1215 1214 1005 
1215 1006 1007 1216 
1217 1218 1008 1009 
1217 1009 1010 1219 
1010 1011 1220 1219 
1220 1011 1012 1221 
1221 1012 1013 1222 
1014 1015 1223 1224 
1223 1015 1016 1225 
1016 1017 1226 1225 
1227 1226 1017 1018 
1019 1228 1227 1018 
1020 1229 1228 1019 
1020 1021 1230 1229 
1022 1231 1230 1021 
1232 1231 1022 1023 
1232 1023 1024 1233 
1234 1233 1024 1025 
1025 1026 1235 1234 
1235 1026 1027 1236 
1029 1237 1238 1028 
1030 1239 1237 1029 
1239 1030 1031 1240 
1032 1241 1240 1031 
1032 1033 1242 1241 
1034 1243 1242 1033 
1243 1034 1035 1244 
1244 1035 1036 1245 
1036 1038 1246 1245 
1246 1038 1037 1247 
1037 1039 1248 1247 
1013 1014 1224 1222 
1027 1028 1238 1236 
1249 933 932 1250 
1178 1250 932 931 
1251 938 936 1252 
1251 1253 939 938 
1253 1181 941 939 
1254 1255 1078 1185 
1255 1186 1079 1078 
1185 1078 946 881 
1256 949 948 1257 
1081 886 885 949 
1258 1259 1083 1082 
1259 1260 1192 1083 
1260 1261 1193 1192 
1262 1258 1082 1081 
1263 1040 1193 1261 
869 1193 1040 852 
980 981 1100 1099 
1264 1041 1040 1263 
1265 1196 1195 1194 
989 987 746 747 
994 995 1114 1113 
1266 1086 1085 1267 
1266 1268 1087 1086 
1268 1198 1045 1087 
1121 1119 1000 1001 
1200 1201 1088 1091 
782 781 1053 1051 
1269 1092 1090 1270 
1269 1271 1203 1092 
1272 1204 1203 1271 
1052 1054 1126 1125 
1157 954 955 1156 
1273 965 966 1151 
464 466 639 638 
1274 1150 967 1149 
1147 968 970 1146 
890 891 1209 1208 
1143 972 974 1275 
1159 950 951 1276 
1163 1277 922 923 
1277 1278 921 922 
1278 1279 920 921 
1280 911 912 1281 
1280 1282 910 911 
1282 1283 909 910 
1283 1284 908 909 
1284 1285 906 908 
1286 1073 1071 1287 
1287 1288 1289 1286 
1286 1175 1074 1073 
1175 1286 1289 1290 
1177 1076 1075 1176 
1176 1291 1292 1177 
1249 1293 1294 1179 
1180 1179 1294 1295 
1252 936 935 1180 
1252 1296 1297 1251 
1253 1298 1299 1181 
1182 1300 1077 942 
1301 945 944 1302 
1303 1304 1184 1183 
1304 1305 1306 1254 
1304 1254 1185 1184 
1257 948 1190 1191 
1262 1081 949 1256 
1259 1307 1308 1260 
1261 1260 1308 1309 
1264 1263 1310 1311 
1265 1194 1041 1264 
1265 1312 1313 1196 
1267 1085 1084 1197 
1200 1199 1314 1315 
1201 1200 1315 1316 
1202 1270 1090 1089 
1271 1317 1318 1272 
1159 1276 1319 1320 
1321 1276 951 952 
1322 1319 1276 1321 
1323 1322 1321 1158 
1158 1157 1324 1323 
1156 1325 1324 1157 
1326 1325 1156 1155 
1326 1155 1154 1327 
1328 1205 1206 1329 
1207 1330 1329 1206 
1207 1208 1331 1330 
1209 1332 1331 1208 
1332 1209 1210 1333 
1334 1335 1333 1210 
1336 1335 1334 1212 
1160 1161 925 926 
1161 1160 1337 1338 
1162 1339 1340 1163 
1279 1278 1341 1342 
1164 919 920 1279 
1279 1342 1343 1164 
1166 1344 1345 1167 
1167 1346 915 916 
1346 1347 914 915 
1281 912 913 1348 
1281 1349 1350 1280 
1285 1284 1351 1352 
1285 1353 907 906 
1353 1285 1352 1354 
1353 1355 905 907 
1355 1353 1354 1356 
1168 904 905 1355 
1170 1171 902 901 
1172 1357 1358 1173 
1211 1359 1336 1212 
1359 1211 1213 1360 
1360 1213 1214 1361 
1361 1214 1215 1362 
1218 1363 1364 1216 
1363 1218 1217 1365 
1219 1366 1365 1217 
1367 1366 1219 1220 
1221 1368 1367 1220 
1368 1221 1222 1369 
1224 1370 1369 1222 
1371 1370 1224 1223 
1372 1371 1223 1225 
1373 1372 1225 1226 
1373 1226 1227 1374 
1374 1227 1228 1375 
1376 1229 1230 1377 
1378 1379 1231 1232 
1378 1232 1233 1380 
1380 1233 1234 1381 
1234 1235 1382 1381 
1383 1384 1236 1238 
1383 1238 1237 1385 
1385 1237 1239 1386 
1387 1240 1241 1388 
1389 1242 1243 1390 
1243 1244 1391 1390 
1392 1391 1244 1245 
1246 1393 1392 1245 
1247 1394 1393 1246 
1395 1394 1247 1248 
1396 1327 1154 1153 
1396 1153 1152 1397 
1398 1397 1152 1399 
1095 1400 1401 1094 
1096 1402 1400 1095 
1096 1097 1403 1402 
1099 1404 1405 1098 
1099 1100 1406 1404 
1101 1102 1407 1408 
1409 1407 1102 1103 
1103 1104 1410 1409 
1105 1411 1410 1104 
1105 1106 1412 1411 
1106 1107 1413 1412 
1108 1414 1413 1107 
1415 1414 1108 1109 
1416 1415 1109 1110 
1416 1110 1111 1417 
1111 1112 1418 1417 
1419 1113 1114 1420 
1115 1421 1420 1114 
1115 1116 1422 1421 
1423 1424 1117 1118 
1423 1118 1119 1425 
1426 1425 1119 1121 
1427 1426 1121 1120 
1427 1120 1122 1428 
1122 1123 1429 1428 
1124 1430 1429 1123 
1125 1431 1430 1124 
1432 1431 1125 1126 
1432 1126 1127 1433 
1127 1128 1434 1433 
1128 1129 1435 1434 
1436 1435 1129 1130 
1436 1130 1131 1437 
1437 1131 1132 1438 
1132 1133 1439 1438 
1134 1440 1439 1133 
1441 1440 1134 1135 
1136 1442 1441 1135 
1137 1443 1442 1136 
1443 1137 1138 1444 
1445 1444 1138 1139 
1140 1446 1445 1139 
1447 1446 1140 1141 
1448 1447 1141 1142 
1449 1450 1398 1399 
1450 1449 1451 1452 
1453 1452 1451 1454 
1455 1456 1453 1454 
1456 1455 1273 1457 
1151 1458 1457 1273 
1459 1458 1151 1150 
1150 1274 1460 1459 
1148 1461 1460 1274 
1148 1147 1462 1461 
1462 1147 1146 1463 
1464 1463 1146 1145 
1144 1465 1464 1145 
1144 1143 1466 1465 
1275 1467 1466 1143 
1112 1113 1419 1418 
1468 1165 1164 1343 
1469 1346 1167 1345 
1470 1347 1346 1469 
1287 1071 1072 1471 
1470 1472 1348 1347 
913 914 1347 1348 
1349 1281 1348 1472 
1473 1474 1250 1178 
1475 1351 1284 1283 
1476 1168 1355 1356 
1477 1478 1171 1170 
1179 934 933 1249 
1174 1479 898 897 
1480 1481 1300 1182 
1482 1302 1300 1481 
1480 1182 1181 1299 
1077 1300 1302 944 
1483 1301 1302 1482 
1483 1484 1303 1301 
1183 945 1301 1303 
1484 1305 1304 1303 
1485 1486 1189 1187 
1487 1191 1189 1486 
1488 1257 1191 1487 
1489 1256 1257 1488 
1490 1262 1256 1489 
1399 960 961 1449 
1454 1451 962 963 
1311 1312 1265 1264 
1491 1492 1267 1197 
1065 1066 1138 1137 
1212 1334 894 893 
1008 1218 1216 1007 
1228 1229 1376 1375 
1239 1240 1387 1386 
1097 1098 1405 1403 
1100 1101 1408 1406 
1289 1493 1494 1290 
1291 1176 1175 1290 
1290 1494 1495 1291 
1292 1496 1497 1473 
1293 1249 1250 1474 
1474 1498 1499 1293 
1294 1500 1501 1295 
1296 1252 1180 1295 
1295 1501 1502 1296 
1297 1503 1504 1298 
1306 1505 1255 1254 
1488 1487 1506 1507 
1490 1508 1258 1262 
1508 1490 1509 1510 
1508 1307 1259 1258 
1508 1510 1511 1307 
1310 1263 1261 1309 
1309 1512 1513 1310 
1514 1266 1267 1492 
1515 1268 1266 1514 
1515 1516 1198 1268 
1516 1517 1518 1314 
1314 1199 1198 1516 
1316 1519 1202 1201 
1519 1520 1270 1202 
1521 1269 1270 1520 
1521 1317 1271 1269 
1522 1329 1330 1523 
1330 1331 1524 1523 
1332 1525 1524 1331 
1332 1333 1526 1525 
1526 1333 1335 1527 
1335 1336 1528 1527 
1324 1529 1530 1323 
1323 1530 1531 1322 
1319 1322 1531 1532 
1319 1532 1533 1320 
1320 1337 1160 1159 
1534 1401 1400 1535 
1402 1403 1536 1537 
1405 1538 1536 1403 
1404 1539 1538 1405 
1540 1539 1404 1406 
1540 1406 1408 1541 
1407 1542 1541 1408 
1407 1409 1543 1542 
1544 1410 1411 1545 
1411 1412 1546 1545 
1412 1413 1547 1546 
1414 1415 1548 1549 
1548 1415 1416 1550 
1417 1551 1550 1416 
1418 1552 1551 1417 
1553 1552 1418 1419 
1553 1419 1420 1554 
1421 1555 1554 1420 
1421 1422 1556 1555 
1424 1557 1556 1422 
1424 1423 1558 1557 
1558 1423 1425 1559 
1425 1426 1560 1559 
1561 1427 1428 1562 
1428 1429 1563 1562 
1429 1430 1564 1563 
1430 1431 1565 1564 
1431 1432 1566 1565 
1432 1433 1567 1566 
1340 1568 1277 1163 
1568 1341 1278 1277 
1342 1569 1570 1343 
1468 1344 1166 1165 
1165 1166 917 918 
1469 1571 1572 1470 
1573 1282 1280 1350 
1475 1283 1282 1573 
1476 1574 1169 1168 
1574 1477 1170 1169 
1477 1575 1576 1478 
1478 1357 1172 1171 
1357 1478 1576 1577 
1358 1578 1579 1580 
1580 1581 1479 1174 
1327 1582 1583 1326 
1327 1396 1584 1582 
1397 1398 1585 1586 
1398 1450 1587 1585 
1452 1453 1588 1589 
1456 1457 1590 1591 
1592 1567 1433 1434 
1593 1592 1434 1435 
1435 1436 1594 1593 
1438 1595 1596 1437 
1597 1595 1438 1439 
1597 1439 1440 1598 
1599 1441 1442 1600 
1443 1601 1600 1442 
1601 1443 1444 1602 
1602 1444 1445 1603 
1603 1445 1446 1604 
1604 1446 1447 1605 
1447 1448 1606 1605 
1457 1458 1607 1590 
1459 1460 1608 1609 
1610 1462 1463 1611 
1612 1611 1463 1464 
1464 1465 1613 1612 
1614 1613 1465 1466 
1615 1614 1466 1467 
1359 1616 1528 1336 
1360 1617 1616 1359 
1360 1361 1618 1617 
1362 1619 1618 1361 
1364 1620 1619 1362 
1364 1363 1621 1620 
1621 1363 1365 1622 
1622 1365 1366 1623 
1366 1367 1624 1623 
1624 1367 1368 1625 
1625 1368 1369 1626 
1627 1370 1371 1628 
1628 1371 1372 1629 
1630 1373 1374 1631 
1375 1376 1632 1633 
1376 1377 1634 1632 
1635 1634 1377 1379 
1636 1635 1379 1378 
1378 1380 1637 1636 
1381 1638 1637 1380 
1381 1382 1639 1638 
1236 1384 1382 1235 
1384 1640 1639 1382 
1640 1384 1383 1641 
1383 1385 1642 1641 
1643 1386 1387 1644 
1644 1387 1388 1645 
1388 1389 1646 1645 
1647 1390 1391 1648 
1392 1393 1649 1650 
1649 1393 1394 1651 
1651 1394 1395 1652 
1400 1402 1537 1535 
1328 1329 1522 1653 
1654 1655 1338 1337 
1533 1654 1337 1320 
1656 1340 1339 1657 
1656 1658 1568 1340 
1658 1659 1341 1568 
1413 1414 1549 1547 
1569 1342 1341 1659 
1660 1661 1344 1468 
1662 1345 1344 1661 
1571 1469 1345 1662 
1663 1664 1573 1350 
1665 1475 1573 1664 
1666 1476 1356 1667 
1666 1668 1574 1476 
1575 1477 1574 1668 
1578 1358 1357 1577 
1173 1358 1580 1174 
1158 1321 952 953 
1116 1117 1424 1422 
1426 1427 1561 1560 
1529 1324 1325 1669 
1436 1437 1596 1594 
1369 1370 1627 1626 
1372 1373 1630 1629 
1583 1669 1325 1326 
1396 1397 1586 1584 
1399 1152 959 960 
1450 1452 1589 1587 
1455 964 965 1273 
963 964 1455 1454 
1458 1459 1609 1607 
1670 1608 1460 1461 
1461 1462 1610 1670 
1231 1379 1377 1230 
1389 1388 1241 1242 
1389 1390 1647 1646 
1391 1392 1650 1648 
1671 1288 1672 1673 
1471 1672 1288 1287 
1493 1289 1288 1671 
1503 1297 1296 1502 
1674 1482 1481 1675 
1676 1483 1482 1674 
1677 1675 1481 1480 
1676 1678 1484 1483 
1679 1305 1484 1678 
1680 1306 1305 1679 
1680 1681 1505 1306 
1681 1682 1683 1505 
1186 1255 1505 1683 
1684 1485 1683 1682 
1685 1486 1485 1684 
1485 1187 1186 1683 
1686 1509 1490 1489 
1687 1308 1307 1511 
1491 1197 1196 1313 
1688 1514 1492 1689 
1688 1690 1515 1514 
1690 1517 1516 1515 
1691 1521 1520 1692 
1691 1693 1317 1521 
1694 1318 1317 1693 
1535 1695 1696 1534 
1535 1537 1697 1695 
1698 1697 1537 1536 
1538 1699 1698 1536 
1538 1539 1700 1699 
1539 1540 1701 1700 
1540 1541 1702 1701 
1542 1703 1702 1541 
1543 1704 1703 1542 
1704 1543 1544 1705 
1545 1706 1705 1544 
1546 1707 1706 1545 
1546 1547 1708 1707 
1708 1547 1549 1709 
1549 1548 1710 1709 
1711 1710 1548 1550 
1711 1550 1551 1712 
1552 1553 1713 1714 
1715 1554 1555 1716 
1717 1556 1557 1718 
1557 1558 1719 1718 
1720 1721 1559 1560 
1722 1720 1560 1561 
1562 1723 1722 1561 
1562 1563 1724 1723 
1725 1564 1565 1726 
1727 1726 1565 1566 
1567 1728 1727 1566 
1728 1567 1592 1729 
1593 1730 1729 1592 
1593 1594 1731 1730 
1732 1731 1594 1596 
1733 1732 1596 1595 
1733 1595 1597 1734 
1734 1597 1598 1735 
1736 1735 1598 1599 
1736 1599 1600 1737 
1601 1738 1737 1600 
1738 1601 1602 1739 
1603 1740 1739 1602 
1603 1604 1741 1740 
1605 1742 1741 1604 
1742 1605 1606 1743 
1671 1673 1744 1745 
1671 1745 1746 1493 
1495 1747 1748 1496 
1497 1498 1474 1473 
1500 1294 1293 1499 
1499 1749 1750 1500 
1502 1751 1752 1503 
1504 1753 1754 1755 
1677 1480 1299 1755 
1681 1680 1756 1757 
1682 1681 1757 1758 
1682 1758 1759 1684 
1684 1759 1760 1685 
1506 1487 1486 1685 
1685 1760 1761 1506 
1686 1489 1488 1507 
1509 1762 1763 1510 
1511 1764 1765 1687 
1687 1512 1309 1308 
1512 1687 1765 1766 
1512 1766 1767 1513 
1768 1513 1767 1769 
1768 1770 1312 1311 
1768 1769 1771 1770 
1770 1772 1313 1312 
1773 1491 1313 1772 
1689 1492 1491 1773 
1518 1774 1315 1314 
1775 1519 1316 1776 
1692 1520 1519 1775 
1693 1691 1777 1778 
1779 1780 1653 1522 
1522 1523 1781 1779 
1782 1781 1523 1524 
1782 1524 1525 1783 
1526 1527 1784 1785 
1527 1528 1786 1784 
1657 1339 1338 1655 
1655 1787 1788 1657 
1660 1789 1790 1661 
1662 1791 1792 1571 
1572 1793 1472 1470 
1794 1663 1350 1349 
1663 1795 1796 1664 
1797 1351 1475 1665 
1797 1798 1352 1351 
1798 1799 1354 1352 
1668 1666 1800 1801 
1579 1802 1803 1804 
1532 1805 1806 1533 
1807 1805 1532 1531 
1807 1531 1530 1808 
1529 1669 1809 1810 
1669 1583 1811 1809 
1616 1812 1786 1528 
1617 1813 1812 1616 
1813 1617 1618 1814 
1620 1621 1815 1816 
1815 1621 1622 1817 
1623 1818 1817 1622 
1819 1818 1623 1624 
1819 1624 1625 1820 
1627 1821 1822 1626 
1821 1627 1628 1823 
1823 1628 1629 1824 
1630 1825 1824 1629 
1825 1630 1631 1826 
1827 1582 1584 1828 
1584 1586 1829 1828 
1830 1829 1586 1585 
1587 1831 1830 1585 
1831 1587 1589 1832 
1833 1588 1591 1834 
1834 1591 1590 1835 
1607 1836 1835 1590 
1836 1607 1609 1837 
1838 1837 1609 1608 
1608 1670 1839 1838 
1840 1839 1670 1610 
1840 1610 1611 1841 
1842 1843 1612 1613 
1842 1613 1614 1844 
1631 1633 1845 1826 
1632 1846 1845 1633 
1846 1632 1634 1847 
1634 1635 1848 1847 
1636 1637 1849 1850 
1849 1637 1638 1851 
1638 1639 1852 1851 
1641 1853 1854 1640 
1642 1855 1853 1641 
1855 1642 1643 1856 
1644 1645 1857 1858 
1857 1645 1646 1859 
1646 1647 1860 1859 
1861 1862 1648 1650 
1649 1863 1861 1650 
1863 1649 1651 1864 
1651 1652 1865 1864 
1551 1552 1714 1712 
1409 1410 1544 1543 
1647 1648 1862 1860 
1806 1866 1654 1533 
1866 1787 1655 1654 
1867 1868 1658 1656 
1867 1656 1657 1788 
1868 1869 1659 1658 
1870 1871 1570 1569 
1789 1660 1570 1871 
1570 1660 1468 1343 
1872 1873 1793 1572 
1873 1874 1794 1793 
1349 1472 1793 1794 
1795 1663 1794 1874 
1875 1876 1797 1665 
1877 1798 1797 1876 
1877 1878 1799 1798 
1599 1598 1440 1441 
1619 1620 1816 1879 
1216 1364 1362 1215 
1625 1626 1822 1820 
1374 1375 1633 1631 
1635 1636 1850 1848 
1611 1612 1843 1841 
1385 1386 1643 1642 
1880 1881 1774 1518 
1881 1882 1776 1774 
1880 1518 1517 1883 
1316 1315 1774 1776 
1882 1884 1775 1776 
1885 1576 1575 1886 
1885 1887 1577 1576 
1888 1578 1577 1887 
1802 1579 1578 1888 
1453 1456 1591 1588 
1889 1883 1517 1690 
1890 1891 1678 1676 
1504 1755 1299 1298 
1892 1893 1675 1677 
1894 1773 1772 1895 
1513 1768 1311 1310 
1752 1753 1504 1503 
1895 1772 1770 1771 
1896 1897 1498 1497 
1747 1495 1494 1898 
1748 1896 1497 1496 
1761 1899 1507 1506 
1900 1686 1507 1899 
1762 1509 1686 1900 
1614 1615 1901 1844 
1812 1902 1903 1786 
1785 1904 1905 1783 
1841 1906 1907 1840 
1838 1908 1909 1837 
1836 1837 1909 1910 
1589 1588 1833 1832 
1832 1833 1911 1912 
1832 1912 1913 1831 
1830 1831 1913 1914 
1829 1915 1916 1828 
1583 1582 1827 1811 
1809 1917 1918 1810 
1530 1529 1810 1808 
1808 1919 1920 1807 
1805 1921 1922 1806 
1806 1922 1923 1866 
1743 1924 1925 1742 
1742 1925 1926 1741 
1736 1737 1927 1928 
1735 1736 1928 1929 
1732 1733 1930 1931 
1731 1732 1931 1932 
1563 1564 1725 1724 
1889 1933 1930 1934 
1882 1935 1936 1884 
1559 1721 1719 1558 
1555 1556 1717 1716 
1553 1554 1715 1713 
1933 1937 1931 1930 
1894 1932 1931 1937 
1932 1894 1895 1938 
1771 1939 1938 1895 
1771 1769 1940 1939 
1941 1767 1766 1942 
1943 1942 1766 1765 
1943 1765 1764 1944 
1763 1945 1944 1764 
1763 1762 1946 1945 
1900 1947 1946 1762 
1900 1899 1948 1947 
1713 1949 1950 1714 
1712 1714 1950 1951 
1711 1712 1951 1952 
1710 1711 1952 1953 
1707 1708 1954 1955 
1697 1956 1957 1695 
1695 1957 1958 1696 
1787 1866 1923 1959 
1869 1960 1961 1870 
1870 1961 1962 1871 
1871 1962 1963 1789 
1872 1964 1965 1873 
1796 1875 1665 1664 
1875 1966 1967 1876 
1876 1967 1968 1877 
1878 1969 1667 1799 
1800 1666 1667 1969 
1814 1970 1971 1813 
1970 1814 1879 1972 
1973 1816 1815 1974 
1974 1815 1817 1975 
1975 1817 1818 1976 
1977 1976 1818 1819 
1820 1978 1977 1819 
1822 1979 1978 1820 
1979 1822 1821 1980 
1823 1981 1980 1821 
1823 1824 1982 1981 
1824 1825 1983 1982 
1983 1825 1826 1984 
1985 1845 1846 1986 
1986 1846 1847 1987 
1848 1988 1987 1847 
1848 1850 1989 1988 
1849 1990 1989 1850 
1990 1849 1851 1991 
1852 1992 1991 1851 
1992 1852 1854 1993 
1853 1994 1993 1854 
1853 1855 1995 1994 
1856 1996 1995 1855 
1856 1858 1997 1996 
1998 1761 1760 1999 
1760 1759 2000 1999 
1757 2001 2002 1758 
1949 2001 1757 1756 
2003 1950 1949 1756 
1891 1951 1950 2003 
1891 1890 1952 1951 
2004 1953 1952 1890 
2005 1953 2004 1893 
1893 1892 1954 2005 
1754 1892 1677 1755 
1753 2006 1955 1754 
2007 2006 1753 1752 
1751 2008 2007 1752 
2008 1751 2009 2010 
2009 1750 2011 2010 
2011 1750 1749 2012 
2012 1749 1897 2013 
1897 1896 2014 2013 
2015 1748 1747 1956 
1898 1957 1956 1747 
1958 1957 1898 1746 
1958 1746 1745 2016 
2017 1997 1858 1857 
1859 2018 2017 1857 
1860 2019 2018 1859 
1862 2020 2019 1860 
2021 2020 1862 1861 
2021 1861 1863 2022 
2023 1864 1865 2024 
1884 2025 1692 1775 
1884 1936 2026 2025 
1777 1691 1692 2025 
1777 2025 2026 1926 
1778 2027 1694 1693 
1783 1905 2028 1782 
1781 2029 2030 1779 
2031 2032 1844 1901 
2033 1834 1835 2034 
2035 2036 1969 1878 
2036 2037 1800 1969 
1890 1676 1674 2004 
1893 2004 1674 1675 
1640 1854 1852 1639 
1678 1891 2003 1679 
1933 1889 1690 1688 
1928 1880 1883 1929 
1928 1927 1881 1880 
1756 1680 1679 2003 
1966 1875 1796 2038 
1938 1939 1729 1730 
1927 1935 1882 1881 
1926 2026 1740 1741 
2026 1936 1739 1740 
1936 1935 1738 1739 
1932 1938 1730 1731 
1894 1937 1689 1773 
1937 1933 1688 1689 
1934 1734 1735 1929 
1934 1930 1733 1734 
2039 1788 1787 1959 
2040 1867 1788 2039 
2040 2041 1868 1867 
2041 1960 1869 1868 
2042 2043 1843 1842 
1906 1841 1843 2043 
2044 1908 1838 1839 
1863 1864 2023 2022 
2045 1811 1827 2046 
2045 1917 1809 1811 
1498 1897 1749 1499 
1501 2009 1751 1502 
2011 1702 1703 2010 
2011 2012 1701 1702 
2012 2013 1700 1701 
2014 1699 1700 2013 
2008 2010 1703 1704 
2032 2042 1842 1844 
1998 1999 1718 1719 
1999 2000 1717 1718 
1799 1667 1356 1354 
2047 1801 1800 2037 
2048 1886 1801 2047 
2049 1885 1886 2048 
1643 1644 1858 1856 
1902 1812 1813 1971 
1914 1915 1829 1830 
2033 1911 1833 1834 
1886 1575 1668 1801 
2049 2050 1887 1885 
1941 1727 1728 1940 
1941 1942 1726 1727 
1769 1767 1941 1940 
1942 1943 1725 1726 
1943 1944 1724 1725 
2051 1888 1887 2050 
2051 2052 1802 1888 
1920 1921 1805 1807 
2046 1827 1828 1916 
1918 1919 1808 1810 
2000 2002 1716 1717 
1949 1713 1715 2001 
2002 2001 1715 1716 
1759 1758 2002 2000 
1958 2016 2053 1696 
1744 2054 2016 1745 
2015 1698 1699 2014 
2015 1956 1697 1698 
1896 1748 2015 2014 
2028 2029 1781 1782 
1525 1526 1785 1783 
1904 1785 1784 2055 
1869 1870 1569 1659 
2056 2057 1791 1790 
1953 2005 1709 1710 
1954 1708 1709 2005 
2007 2008 1704 1705 
1826 1845 1985 1984 
1955 2006 1706 1707 
1754 1955 1954 1892 
2058 2038 1796 1795 
2057 2059 1792 1791 
1964 1872 1792 2059 
1965 2060 1874 1873 
1926 1925 1778 1777 
1947 1948 1721 1720 
1947 1720 1722 1946 
1948 1998 1719 1721 
1944 1945 1723 1724 
1946 1722 1723 1945 
1764 1511 1510 1763 
1925 1924 2027 1778 
2052 2061 1803 1802 
1746 1898 1494 1493 
1927 1737 1738 1935 
1963 2056 1790 1789 
1297 1298 1253 1251 
937 843 667 666 
894 1334 1210 892 
854 398 500 652 
258 256 260 263 
1496 1292 1291 1495 
945 1183 846 845 
1879 1814 1618 1619 
1899 1761 1998 1948 
1292 1473 1178 1177 
1750 2009 1501 1500 
1274 1149 969 1148 
1172 1173 899 900 
205 204 606 604 
728 729 1004 893 
1872 1572 1571 1792 
861 499 415 659 
1579 1804 1581 1580 
396 327 156 392 
1339 1162 1161 1338 
1934 1929 1883 1889 
2030 2062 1780 1779 
1940 1728 1729 1939 
2055 1784 1786 1903 
1879 1816 1973 1972 
2007 1705 1706 2006 
1968 2035 1878 1877 
2060 2058 1795 1874 
1791 1662 1661 1790 
1449 961 962 1451 
2034 1835 1836 1910 
1907 2044 1839 1840 
2063 2064 2065 
2066 2067 2068 
2069 2070 2071 
2072 2073 2074 
2075 2076 2077 
2078 2079 2080 
2081 2082 2083 
2084 2085 2086 
2087 2088 2089 
2090 2091 2092 
2093 2094 2095 
2096 2097 2098 
2099 2074 2073 
2100 2101 2102 
2103 2104 2105 
2106 2107 2108 
2109 2092 2091 
2110 2111 2112 
2113 2114 2115 
2116 2117 2118 
2118 2119 2116 
2120 2070 2069 
2121 2122 2123 
2124 2125 2126 
2127 2128 2129 
2130 2131 2132 
2133 2134 2135 
2136 2137 2138 
2139 2140 2141 
2142 2143 2144 
2145 2146 2147 
2148 2149 2150 
2151 2152 2153 
2154 2155 2156 
2157 2158 2159 
2160 2161 2162 
2163 2164 2165 
2166 2167 2168 
2169 2170 2171 
2172 2173 2174 
2175 2176 2177 
2178 2179 2180 
2181 2182 2183 
2184 2133 2135 
2185 2176 2175 
2186 2169 2171 
2187 2188 2189 
2190 2191 2192 
2193 2194 2195 
2196 2197 2198 
2199 2200 2201 
2202 2132 2131 
2203 2164 2163 
2204 2157 2159 
2205 2206 2207 
2208 2209 2210 
2211 2193 2195 
2212 2213 2214 
2214 2215 2212 
2216 2217 2218 
2218 2217 2219 
2220 2138 2137 
2221 2173 2172 
2191 2222 2192 
2200 2223 2201 
2224 2225 2226 
2227 2146 2145 
2228 2179 2178 
2229 2152 2151 
2196 2198 2230 
2231 2155 2154 
2232 2144 2143 
2233 2234 2235 
2160 2162 2236 
2237 2167 2166 
2238 2233 2235 
2239 2063 2065 2240 
2241 2242 2243 2244 
2242 2245 2246 2243 
2247 2248 2064 2063 
2249 2248 2247 2250 
2250 2251 2252 2249 
2249 2087 2091 2248 
2065 2064 2111 2115 
2065 2115 2116 2240 
2240 2246 2245 2239 
2244 2243 2253 2069 
2254 2255 2241 2244 
2108 2107 2256 2257 
2258 2098 2097 2259 
2081 2116 2119 2082 
2116 2115 2114 2117 
2087 2249 2252 2260 
2091 2111 2064 2248 
2085 2084 2261 2262 
2105 2262 2261 2103 
2103 2102 2101 2104 
2069 2123 2254 2244 
2263 2093 2095 2264 
2094 2096 2098 2095 
2096 2094 2265 2266 
2096 2266 2267 2097 
2259 2079 2078 2258 
2079 2259 2268 2269 
2080 2076 2075 2078 
2270 2075 2077 2271 
2099 2073 2270 2271 
2100 2102 2073 2072 
2262 2272 2273 2085 
2086 2067 2066 2084 
2106 2108 2066 2068 
2067 2274 2275 2068 
2107 2276 2277 2256 
2278 2088 2087 2260 
2109 2091 2087 2089 
2112 2111 2091 2090 
2110 2112 2279 2280 
2110 2113 2115 2111 
2110 2280 2281 2113 
2114 2282 2283 2117 
2246 2240 2116 2081 
2117 2283 2284 2118 
2253 2243 2246 2081 
2083 2285 2253 2081 
2120 2069 2253 2285 
2121 2123 2069 2071 
2286 2276 2107 2106 
2077 2287 2288 2271 
2076 2289 2287 2077 
2080 2290 2289 2076 
2079 2269 2290 2080 
2090 2291 2279 2112 
2292 2293 2294 2295 
2293 2296 2297 2294 
2296 2298 2299 2297 
2300 2301 2299 2298 
2302 2301 2300 2303 
2304 2305 2302 2303 
2306 2305 2304 2307 
2308 2309 2306 2307 
2310 2309 2308 2284 
2284 2283 2311 2310 
2283 2282 2312 2311 
2282 2281 2313 2312 
2281 2280 2314 2313 
2280 2279 2315 2314 
2291 2316 2315 2279 
2317 2316 2291 2318 
2319 2317 2318 2320 
2319 2320 2321 2322 
2318 2291 2090 2092 
2323 2322 2321 2324 
2325 2326 2323 2324 
2277 2276 2327 2328 
2329 2327 2276 2286 
2275 2330 2329 2286 
2331 2330 2275 2274 
2332 2331 2274 2333 
2332 2333 2273 2334 
2286 2106 2068 2275 
2273 2272 2335 2334 
2272 2336 2337 2335 
2338 2339 2337 2336 
2340 2339 2338 2341 
2342 2340 2341 2343 
2344 2345 2342 2343 
2344 2346 2347 2345 
2343 2341 2101 2100 
2346 2348 2349 2347 
2348 2288 2350 2349 
2288 2287 2351 2350 
2290 2352 2353 2289 
2269 2354 2352 2290 
2355 2354 2269 2268 
2355 2268 2267 2356 
2288 2348 2099 2271 
2267 2266 2357 2356 
2358 2357 2266 2265 
2359 2360 2358 2265 
2361 2362 2360 2359 
2293 2121 2071 2296 
2293 2292 2122 2121 
2298 2296 2071 2070 
2295 2294 2363 2131 
2297 2163 2363 2294 
2364 2163 2297 2299 
2301 2157 2364 2299 
2183 2157 2301 2302 
2183 2302 2305 2133 
2298 2070 2120 2300 
2305 2306 2365 2133 
2306 2309 2148 2365 
2309 2310 2218 2148 
2304 2083 2082 2307 
2310 2311 2366 2218 
2311 2312 2160 2366 
2312 2313 2207 2160 
2137 2207 2313 2314 
2314 2315 2210 2137 
2316 2367 2210 2315 
2172 2367 2316 2317 
2317 2319 2368 2172 
2322 2166 2368 2319 
2369 2166 2322 2323 
2369 2323 2326 2124 
2330 2139 2370 2329 
2330 2331 2195 2139 
2332 2371 2195 2331 
2371 2332 2334 2143 
2334 2335 2196 2143 
2333 2274 2067 2086 
2335 2337 2372 2196 
2339 2214 2372 2337 
2339 2340 2154 2214 
2340 2342 2373 2154 
2373 2342 2345 2175 
2345 2347 2374 2175 
2374 2347 2349 2178 
2346 2344 2072 2074 
2349 2350 2375 2178 
2350 2351 2169 2375 
2351 2353 2376 2169 
2352 2127 2376 2353 
2354 2145 2127 2352 
2187 2145 2354 2355 
2356 2224 2187 2355 
2356 2357 2201 2224 
2359 2265 2094 2093 
2192 2201 2357 2358 
2360 2377 2192 2358 
2362 2378 2377 2360 
2359 2093 2263 2361 
2328 2327 2235 2151 
2343 2100 2072 2344 
2099 2348 2346 2074 
2287 2289 2353 2351 
2320 2318 2092 2109 
2089 2321 2320 2109 
2268 2259 2097 2267 
2284 2308 2119 2118 
2336 2105 2104 2338 
2336 2272 2262 2105 
2372 2214 2213 2379 
2172 2368 2380 2221 
2187 2224 2226 2188 
2375 2169 2186 2381 
2376 2127 2129 2382 
2369 2124 2126 2383 
2384 2377 2378 2385 
2192 2222 2199 2201 
2303 2285 2083 2304 
2365 2148 2150 2386 
2224 2201 2223 2225 
2307 2082 2119 2308 
2160 2207 2206 2161 
2134 2133 2365 2386 
2148 2218 2219 2149 
2281 2282 2114 2113 
2367 2387 2208 2210 
2194 2140 2139 2195 
2303 2300 2120 2285 
2085 2273 2333 2086 
2197 2196 2372 2379 
2341 2338 2104 2101 
2158 2157 2183 2182 
2184 2181 2183 2133 
2204 2388 2364 2157 
2175 2374 2389 2185 
2228 2178 2375 2381 
2190 2192 2377 2384 
2390 2391 2153 2152 
2392 2390 2152 2229 
2392 2229 2234 2393 
2229 2151 2235 2234 
2234 2233 2394 2393 
2233 2238 2395 2394 
2396 2395 2238 2397 
2396 2397 2141 2398 
2399 2398 2141 2140 
2194 2400 2399 2140 
2194 2193 2401 2400 
2193 2211 2402 2401 
2211 2403 2404 2402 
2403 2142 2405 2404 
2142 2144 2406 2405 
2407 2406 2144 2232 
2230 2408 2407 2232 
2409 2408 2230 2198 
2410 2409 2198 2197 
2197 2379 2411 2410 
2379 2213 2412 2411 
2213 2212 2413 2412 
2212 2215 2414 2413 
2215 2156 2415 2414 
2416 2415 2156 2155 
2155 2231 2417 2416 
2417 2231 2418 2419 
2419 2418 2177 2420 
2420 2177 2176 2421 
2177 2418 2373 2175 
2176 2185 2422 2421 
2423 2422 2185 2389 
2180 2424 2423 2389 
2180 2179 2425 2424 
2179 2228 2426 2425 
2180 2389 2374 2178 
2381 2427 2426 2228 
2186 2428 2427 2381 
2186 2171 2429 2428 
2429 2171 2170 2430 
2170 2382 2431 2430 
2129 2432 2431 2382 
2433 2432 2129 2128 
2434 2433 2128 2147 
2434 2147 2146 2435 
2146 2227 2436 2435 
2147 2128 2127 2145 
2227 2189 2437 2436 
2189 2188 2438 2437 
2189 2227 2145 2187 
2188 2226 2439 2438 
2225 2440 2439 2226 
2223 2441 2440 2225 
2441 2223 2200 2442 
2200 2199 2443 2442 
2443 2199 2222 2444 
2222 2191 2445 2444 
2191 2190 2446 2445 
2447 2446 2190 2384 
2385 2448 2447 2384 
2130 2132 2449 2450 
2132 2202 2451 2449 
2202 2452 2453 2451 
2203 2388 2454 2455 
2388 2204 2456 2454 
2455 2457 2164 2203 
2204 2159 2458 2456 
2182 2459 2460 2158 
2461 2459 2182 2181 
2184 2462 2461 2181 
2462 2184 2135 2463 
2135 2134 2464 2463 
2134 2386 2465 2464 
2386 2150 2466 2465 
2150 2149 2467 2466 
2217 2216 2468 2469 
2469 2470 2219 2217 
2216 2471 2472 2468 
2471 2236 2473 2472 
2236 2162 2474 2473 
2162 2161 2475 2474 
2206 2476 2475 2161 
2477 2476 2206 2205 
2205 2136 2478 2477 
2136 2138 2479 2478 
2138 2220 2480 2479 
2220 2209 2481 2480 
2209 2208 2482 2481 
2483 2482 2208 2387 
2173 2221 2484 2485 
2486 2483 2387 2174 
2221 2380 2487 2484 
2380 2168 2488 2487 
2167 2489 2488 2168 
2237 2490 2489 2167 
2237 2383 2491 2490 
2126 2492 2491 2383 
2492 2126 2125 2493 
2139 2141 2397 2370 
2457 2494 2165 2164 
2494 2453 2452 2165 
2203 2163 2364 2388 
2470 2467 2149 2219 
2218 2366 2471 2216 
2220 2137 2210 2209 
2136 2205 2207 2137 
2174 2387 2367 2172 
2324 2088 2278 2325 
2324 2321 2089 2088 
2445 2446 2495 2496 
2445 2496 2497 2444 
2442 2443 2498 2499 
2440 2500 2501 2439 
2435 2436 2502 2503 
2170 2169 2376 2382 
2430 2504 2505 2429 
2424 2425 2506 2507 
2231 2154 2373 2418 
2419 2508 2509 2417 
2510 2391 2390 2511 
2390 2392 2512 2511 
2393 2513 2512 2392 
2513 2393 2394 2514 
2394 2395 2515 2514 
2395 2396 2516 2515 
2396 2398 2517 2516 
2398 2399 2518 2517 
2400 2519 2518 2399 
2520 2519 2400 2401 
2520 2401 2402 2521 
2402 2404 2522 2521 
2404 2405 2523 2522 
2405 2406 2524 2523 
2525 2524 2406 2407 
2525 2407 2408 2526 
2408 2409 2527 2526 
2409 2410 2528 2527 
2410 2411 2529 2528 
2154 2156 2215 2214 
2415 2530 2531 2414 
2413 2532 2533 2412 
2534 2450 2449 2535 
2449 2451 2536 2535 
2451 2453 2537 2536 
2494 2457 2538 2539 
2539 2537 2453 2494 
2454 2540 2541 2455 
2456 2542 2540 2454 
2456 2458 2543 2542 
2458 2460 2544 2543 
2460 2459 2545 2544 
2546 2545 2459 2461 
2546 2461 2462 2547 
2547 2462 2463 2548 
2463 2464 2549 2548 
2549 2464 2465 2550 
2466 2467 2551 2552 
2467 2470 2553 2551 
2554 2553 2470 2469 
2555 2554 2469 2468 
2555 2468 2472 2556 
2556 2472 2473 2557 
2557 2473 2474 2558 
2236 2471 2366 2160 
2474 2475 2559 2558 
2477 2560 2561 2476 
2562 2560 2477 2478 
2479 2563 2562 2478 
2564 2563 2479 2480 
2480 2481 2565 2564 
2481 2482 2566 2565 
2482 2483 2567 2566 
2486 2568 2567 2483 
2569 2568 2486 2485 
2570 2569 2485 2484 
2570 2484 2487 2571 
2485 2486 2174 2173 
2487 2488 2572 2571 
2488 2489 2573 2572 
2489 2490 2574 2573 
2490 2491 2575 2574 
2491 2492 2576 2575 
2493 2577 2576 2492 
2578 2577 2493 2579 
2503 2580 2434 2435 
2505 2581 2428 2429 
2582 2427 2428 2581 
2583 2506 2425 2426 
2509 2584 2416 2417 
2584 2530 2415 2416 
2371 2143 2142 2403 
2238 2235 2370 2397 
2237 2166 2369 2383 
2585 2441 2442 2499 
2586 2447 2448 2587 
2586 2052 2051 2495 
2498 2443 2444 2497 
2496 2050 2049 2497 
2500 2440 2441 2585 
2500 2585 2037 2036 
2588 2438 2439 2501 
2501 2035 1968 2588 
2588 2589 2437 2438 
2589 2502 2436 2437 
2503 2502 1966 2038 
2580 2590 2433 2434 
2580 2503 2038 2058 
2590 2580 2058 2060 
2591 2432 2433 2590 
2591 1965 1964 2592 
2581 2505 2057 2056 
2581 2056 1963 2582 
2593 2423 2424 2507 
2507 2506 1961 1960 
2582 2583 2426 2427 
2594 2595 2421 2422 
2596 2420 2421 2595 
2596 2595 2039 1959 
2509 1922 1921 2584 
2584 1921 1920 2530 
2530 1920 1919 2531 
2531 2532 2413 2414 
2532 1918 1917 2533 
2533 1917 2045 2529 
2529 2411 2412 2533 
2528 2529 2045 2046 
2528 2046 1916 2527 
2230 2232 2143 2196 
2526 1915 1914 2525 
2523 1912 1911 2522 
2211 2195 2371 2403 
2519 1910 1909 2518 
2517 2518 1909 1908 
2516 2044 1907 2515 
2510 2511 2032 2031 
2514 1906 2043 2513 
2511 2512 2042 2032 
2535 2023 2024 2534 
2023 2535 2536 2022 
2165 2452 2363 2163 
2536 2537 2021 2022 
2537 2539 2020 2021 
2539 2538 2019 2020 
2538 2541 2018 2019 
2540 2017 2018 2541 
2540 2542 1997 2017 
2543 1996 1997 2542 
2544 1995 1996 2543 
1995 2544 2545 1994 
2545 2546 1993 1994 
2547 2548 1991 1992 
1990 2549 2550 1989 
1989 2550 2552 1988 
2551 1987 1988 2552 
2551 2553 1986 1987 
2552 2550 2465 2466 
2553 2554 1985 1986 
2554 2555 1984 1985 
2556 2557 1982 1983 
1982 2557 2558 1981 
1981 2558 2559 1980 
2559 2561 1979 1980 
1978 2560 2562 1977 
1977 2562 2563 1976 
2563 2564 1975 1976 
2564 2565 1974 1975 
2566 1973 1974 2565 
2566 2567 1972 1973 
2567 2568 1970 1972 
1970 2568 2569 1971 
2569 2570 1902 1971 
1903 1902 2570 2571 
1903 2571 2572 2055 
2572 2573 1904 2055 
2573 2574 1905 1904 
2574 2575 2028 1905 
2575 2576 2029 2028 
2577 2030 2029 2576 
2578 2062 2030 2577 
2159 2158 2460 2458 
1993 2546 2547 1992 
1913 1912 2523 2524 
2592 2431 2432 2591 
2060 1965 2591 2590 
2559 2475 2476 2561 
2561 2560 1978 1979 
2044 2516 2517 1908 
2457 2455 2541 2538 
2041 2040 2594 2593 
2040 2039 2595 2594 
2422 2423 2593 2594 
2041 2593 2507 1960 
1907 1906 2514 2515 
2049 2048 2498 2497 
2052 2586 2587 2061 
2586 2495 2446 2447 
2499 2498 2048 2047 
2047 2037 2585 2499 
1968 1967 2589 2588 
2548 2549 1990 1991 
1915 2526 2527 1916 
1914 1913 2524 2525 
1919 1918 2532 2531 
1923 2508 2596 1959 
1964 2059 2504 2592 
2168 2380 2368 2166 
2059 2057 2505 2504 
1963 1962 2583 2582 
1922 2509 2508 1923 
2202 2131 2363 2452 
2051 2050 2496 2495 
2043 2042 2512 2513 
2033 2034 2520 2521 
2508 2419 2420 2596 
1911 2033 2521 2522 
2035 2501 2500 2036 
2592 2504 2430 2431 
1967 1966 2502 2589 
1962 1961 2506 2583 
2034 1910 2519 2520 
2555 2556 1983 1984 
2327 2329 2370 2235 
</DataArray>
<DataArray type="Int32" Name="offsets" format="ascii">
4
8
12
16
20
24
28
32
36
40
44
48
52
56
60
64
68
72
76
80
84
88
92
96
100
104
108
112
116
120
124
128
132
136
140
144
148
152
156
160
164
168
172
176
180
184
188
192
196
200
204
208
212
216
220
224
228
232
236
240
244
248
252
256
260
264
268
272
276
280
284
288
292
296
300
304
308
312
316
320
324
328
332
336
340
344
348
352
356
360
364
368
372
376
380
384
388
392
396
400
404
408
412
416
420
424
428
432
436
440
444
448
452
456
460
464
468
472
476
480
484
488
492
496
500
504
508
512
516
520
524
528
532
536
540
544
548
552
556
560
564
568
572
576
580
584
588
592
596
600
604
608
612
616
620
624
628
632
636
640
644
648
652
656
660
664
668
672
676
680
684
688
692
696
700
704
708
712
716
720
724
728
732
736
740
744
748
752
756
760
764
768
772
776
780
784
788
792
796
800
804
808
812
816
820
824
828
832
836
840
844
848
852
856
860
864
868
872
876
880
884
888
892
896
900
904
908
912
916
920
924
928
932
936
940
944
948
952
956
960
964
968
972
976
980
984
988
992
996
1000
1004
1008
1012
1016
1020
1024
1028
1032
1036
1040
1044
1048
1052
1056
1060
1064
1068
1072
1076
1080
1084
1088
1092
1096
1100
1104
1108
1112
1116
1120
1124
1128
1132
1136
1140
1144
1148
1152
1156
1160
1164
1168
1172
1176
1180
1184
1188
1192
1196
1200
1204
1208
1212
1216
1220
1224
1228
1232
1236
1240
1244
1248
1252
1256
1260
1264
1268
1272
1276
1280
1284
1288
1292
1296
1300
1304
1308
1312
1316
1320
1324
1328
1332
1336
1340
1344
1348
1352
1356
1360
1364
1368
1372
1376
1380
1384
1388
1392
1396
1400
1404
1408
1412
1416
1420
1424
1428
1432
1436
1440
1444
1448
1452
1456
1460
1464
1468
1472
1476
1480
1484
1488
1492
1496
1500
1504
1508
1512
1516
1520
1524
1528
1532
1536
1540
1544
1548
1552
1556
1560
1564
1568
1572
1576
1580
1584
1588
1592
1596
1600
1604
1608
1612
1616
1620
1624
1628
1632
1636
1640
1644
1648
1652
1656
1660
1664
1668
1672
1676
1680
1684
1688
1692
1696
1700
1704
1708
1712
1716
1720
1724
1728
1732
1736
1740
1744
1748
1752
1756
1760
1764
1768
1772
1776
1780
1784
1788
1792
1796
1800
1804
1808
1812
1816
1820
1824
1828
1832
1836
1840
1844
1848
1852
1856
1860
1864
1868
1872
1876
1880
1884
1888
1892
1896
1900
1904
1908
1912
1916
1920
1924
1928
1932
1936
1940
1944
1948
1952
1956
1960
1964
1968
1972
1976
1980
1984
1988
1992
1996
2000
2004
2008
2012
2016
2020
2024
2028
2032
2036
2040
2044
2048
2052
2056
2060
2064
2068
2072
2076
2080
2084
2088
2092
2096
2100
2104
2108
2112
2116
2120
2124
2128
2132
2136
2140
2144
2148
2152
2156
2160
2164
2168
2172
2176
2180
2184
2188
2192
2196
2200
2204
2208
2212
2216
2220
2224
2228
2232
2236
2240
2244
2248
2252
2256
2260
2264
2268
2272
2276
2280
2284
2288
2292
2296
2300
2304
2308
2312
2316
2320
2324
2328
2332
2336
2340
2344
2348
2352
2356
2360
2364
2368
2372
2376
2380
2384
2388
2392
2396
2400
2404
2408
2412
2416
2420
2424
2428
2432
2436
2440
2444
2448
2452
2456
2460
2464
2468
2472
2476
2480
2484
2488
2492
2496
2500
2504
2508
2512
2516
2520
2524
2528
2532
2536
2540
2544
2548
2552
2556
2560
2564
2568
2572
2576
2580
2584
2588
2592
2596
2600
2604
2608
2612
2616
2620
2624
2628
2632
2636
2640
2644
2648
2652
2656
2660
2664
2668
2672
2676
2680
2684
2688
2692
2696
2700
2704
2708
2712
2716
2720
2724
2728
2732
2736
2740
2744
2748
2752
2756
2760
2764
2768
2772
2776
2780
2784
2788
2792
2796
2800
2804
2808
2812
2816
2820
2824
2828
2832
2836
2840
2844
2848
2852
2856
2860
2864
2868
2872
2876
2880
2884
2888
2892
2896
2900
2904
2908
2912
2916
2920
2924
2928
2932
2936
2940
2944
2948
2952
2956
2960
2964
2968
2972
2976
2980
2984
2988
2992
2996
3000
3004
3008
3012
3016
3020
3024
3028
3032
3036
3040
3044
3048
3052
3056
3060
3064
3068
3072
3076
3080
3084
3088
3092
3096
3100
3104
3108
3112
3116
3120
3124
3128
3132
3136
3140
3144
3148
3152
3156
3160
3164
3168
3172
3176
3180
3184
3188
3192
3196
3200
3204
3208
3212
3216
3220
3224
3228
3232
3236
3240
3244
3248
3252
3256
3260
3264
3268
3272
3276
3280
3284
3288
3292
3296
3300
3304
3308
3312
3316
3320
3324
3328
3332
3336
3340
3344
3348
3352
3356
3360
3364
3368
3372
3376
3380
3384
3388
3392
3396
3400
3404
3408
3412
3416
3420
3424
3428
3432
3436
3440
3444
3448
3452
3456
3460
3464
3468
3472
3476
3480
3484
3488
3492
3496
3500
3504
3508
3512
3516
3520
3524
3528
3532
3536
3540
3544
3548
3552
3556
3560
3564
3568
3572
3576
3580
3584
3588
3592
3596
3600
3604
3608
3612
3616
3620
3624
3628
3632
3636
3640
3644
3648
3652
3656
3660
3664
3668
3672
3676
3680
3684
3688
3692
3696
3700
3704
3708
3712
3716
3720
3724
3728
3732
3736
3740
3744
3748
3752
3756
3760
3764
3768
3772
3776
3780
3784
3788
3792
3796
3800
3804
3808
3812
3816
3820
3824
3828
3832
3836
3840
3844
3848
3852
3856
3860
3864
3868
3872
3876
3880
3884
3888
3892
3896
3900
3904
3908
3912
3916
3920
3924
3928
3932
3936
3940
3944
3948
3952
3956
3960
3964
3968
3972
3976
3980
3984
3988
3992
3996
4000
4004
4008
4012
4016
4020
4024
4028
4032
4036
4040
4044
4048
4052
4056
4060
4064
4068
4072
4076
4080
4084
4088
4092
4096
4100
4104
4108
4112
4116
4120
4124
4128
4132
4136
4140
4144
4148
4152
4156
4160
4164
4168
4172
4176
4180
4184
4188
4192
4196
4200
4204
4208
4212
4216
4220
4224
4228
4232
4236
4240
4244
4248
4252
4256
4260
4264
4268
4272
4276
4280
4284
4288
4292
4296
4300
4304
4308
4312
4316
4320
4324
4328
4332
4336
4340
4344
4348
4352
4356
4360
4364
4368
4372
4376
4380
4384
4388
4392
4396
4400
4404
4408
4412
4416
4420
4424
4428
4432
4436
4440
4444
4448
4452
4456
4460
4464
4468
4472
4476
4480
4484
4488
4492
4496
4500
4504
4508
4512
4516
4520
4524
4528
4532
4536
4540
4544
4548
4552
4556
4560
4564
4568
4572
4576
4580
4584
4588
4592
4596
4600
4604
4608
4612
4616
4620
4624
4628
4632
4636
4640
4644
4648
4652
4656
4660
4664
4668
4672
4676
4680
4684
4688
4692
4696
4700
4704
4708
4712
4716
4720
4724
4728
4732
4736
4740
4744
4748
4752
4756
4760
4764
4768
4772
4776
4780
4784
4788
4792
4796
4800
4804
4808
4812
4816
4820
4824
4828
4832
4836
4840
4844
4848
4852
4856
4860
4864
4868
4872
4876
4880
4884
4888
4892
4896
4900
4904
4908
4912
4916
4920
4924
4928
4932
4936
4940
4944
4948
4952
4956
4960
4964
4968
4972
4976
4980
4984
4988
4992
4996
5000
5004
5008
5012
5016
5020
5024
5028
5032
5036
5040
5044
5048
5052
5056
5060
5064
5068
5072
5076
5080
5084
5088
5092
5096
5100
5104
5108
5112
5116
5120
5124
5128
5132
5136
5140
5144
5148
5152
5156
5160
5164
5168
5172
5176
5180
5184
5188
5192
5196
5200
5204
5208
5212
5216
5220
5224
5228
5232
5236
5240
5244
5248
5252
5256
5260
5264
5268
5272
5276
5280
5284
5288
5292
5296
5300
5304
5308
5312
5316
5320
5324
5328
5332
5336
5340
5344
5348
5352
5356
5360
5364
5368
5372
5376
5380
5384
5388
5392
5396
5400
5404
5408
5412
5416
5420
5424
5428
5432
5436
5440
5444
5448
5452
5456
5460
5464
5468
5472
5476
5480
5484
5488
5492
5496
5500
5504
5508
5512
5516
5520
5524
5528
5532
5536
5540
5544
5548
5552
5556
5560
5564
5568
5572
5576
5580
5584
5588
5592
5596
5600
5604
5608
5612
5616
5620
5624
5628
5632
5636
5640
5644
5648
5652
5656
5660
5664
5668
5672
5676
5680
5684
5688
5692
5696
5700
5704
5708
5712
5716
5720
5724
5728
5732
5736
5740
5744
5748
5752
5756
5760
5764
5768
5772
5776
5780
5784
5788
5792
5796
5800
5804
5808
5812
5816
5820
5824
5828
5832
5836
5840
5844
5848
5852
5856
5860
5864
5868
5872
5876
5880
5884
5888
5892
5896
5900
5904
5908
5912
5916
5920
5924
5928
5932
5936
5940
5944
5948
5952
5956
5960
5964
5968
5972
5976
5980
5984
5988
5992
5996
6000
6004
6008
6012
6016
6020
6024
6028
6032
6036
6040
6044
6048
6052
6056
6060
6064
6068
6072
6076
6080
6084
6088
6092
6096
6100
6104
6108
6112
6116
6120
6124
6128
6132
6136
6140
6144
6148
6152
6156
6160
6164
6168
6172
6176
6180
6184
6188
6192
6196
6200
6204
6208
6212
6216
6220
6224
6228
6232
6236
6240
6244
6248
6252
6256
6260
6264
6268
6272
6276
6280
6284
6288
6292
6296
6300
6304
6308
6312
6316
6320
6324
6328
6332
6336
6340
6344
6348
6352
6356
6360
6364
6368
6372
6376
6380
6384
6388
6392
6396
6400
6404
6408
6412
6416
6420
6424
6428
6432
6436
6440
6444
6448
6452
6456
6460
6464
6468
6472
6476
6480
6484
6488
6492
6496
6500
6504
6508
6512
6516
6520
6524
6528
6532
6536
6540
6544
6548
6552
6556
6560
6564
6568
6572
6576
6580
6584
6588
6592
6596
6600
6604
6608
6612
6616
6620
6624
6628
6632
6636
6640
6644
6648
6652
6656
6660
6664
6668
6672
6676
6680
6684
6688
6692
6696
6700
6704
6708
6712
6716
6720
6724
6728
6732
6736
6740
6744
6748
6752
6756
6760
6764
6768
6772
6776
6780
6784
6788
6792
6796
6800
6804
6808
6812
6816
6820
6824
6828
6832
6836
6840
6844
6848
6852
6856
6860
6864
6868
6872
6876
6880
6884
6888
6892
6896
6900
6904
6908
6912
6916
6920
6924
6928
6932
6936
6940
6944
6948
6952
6956
6960
6964
6968
6972
6976
6980
6984
6988
6992
6996
7000
7004
7008
7012
7016
7020
7024
7028
7032
7036
7040
7044
7048
7052
7056
7060
7064
7068
7072
7076
7080
7084
7088
7092
7096
7100
7104
7108
7112
7116
7120
7124
7128
7132
7136
7140
7144
7148
7152
7156
7160
7164
7168
7172
7176
7180
7184
7188
7192
7196
7200
7204
7208
7212
7216
7220
7224
7228
7232
7236
7240
7244
7248
7252
7256
7260
7264
7268
7272
7276
7280
7284
7288
7292
7296
7300
7304
7308
7312
7316
7320
7324
7328
7332
7336
7340
7344
7348
7352
7356
7360
7364
7368
7372
7376
7380
7384
7388
7392
7396
7400
7404
7408
7412
7416
7420
7424
7428
7432
7436
7440
7444
7448
7452
7456
7460
7464
7468
7472
7476
7480
7484
7488
7492
7496
7500
7504
7508
7512
7516
7520
7524
7528
7532
7536
7540
7544
7548
7552
7556
7560
7564
7568
7572
7576
7580
7584
7588
7592
7596
7600
7604
7608
7612
7616
7620
7624
7628
7632
7636
7640
7644
7648
7652
7656
7660
7664
7668
7672
7676
7680
7684
7688
7692
7696
7700
7704
7708
7712
7716
7720
7724
7728
7732
7736
7740
7744
7748
7752
7756
7760
7764
7768
7772
7776
7780
7784
7788
7792
7796
7800
7804
7808
7812
7816
7820
7824
7828
7832
7836
7840
7844
7848
7852
7855
7858
7861
7864
7867
7870
7873
7876
7879
7882
7885
7888
7891
7894
7897
7900
7903
7906
7909
7912
7915
7918
7921
7924
7927
7930
7933
7936
7939
7942
7945
7948
7951
7954
7957
7960
7963
7966
7969
7972
7975
7978
7981
7984
7987
7990
7993
7996
7999
8002
8005
8008
8011
8014
8017
8020
8023
8026
8029
8032
8035
8038
8041
8044
8047
8050
8053
8056
8059
8062
8065
8068
8071
8074
8077
8080
8084
8088
8092
8096
8100
8104
8108
8112
8116
8120
8124
8128
8132
8136
8140
8144
8148
8152
8156
8160
8164
8168
8172
8176
8180
8184
8188
8192
8196
8200
8204
8208
8212
8216
8220
8224
8228
8232
8236
8240
8244
8248
8252
8256
8260
8264
8268
8272
8276
8280
8284
8288
8292
8296
8300
8304
8308
8312
8316
8320
8324
8328
8332
8336
8340
8344
8348
8352
8356
8360
8364
8368
8372
8376
8380
8384
8388
8392
8396
8400
8404
8408
8412
8416
8420
8424
8428
8432
8436
8440
8444
8448
8452
8456
8460
8464
8468
8472
8476
8480
8484
8488
8492
8496
8500
8504
8508
8512
8516
8520
8524
8528
8532
8536
8540
8544
8548
8552
8556
8560
8564
8568
8572
8576
8580
8584
8588
8592
8596
8600
8604
8608
8612
8616
8620
8624
8628
8632
8636
8640
8644
8648
8652
8656
8660
8664
8668
8672
8676
8680
8684
8688
8692
8696
8700
8704
8708
8712
8716
8720
8724
8728
8732
8736
8740
8744
8748
8752
8756
8760
8764
8768
8772
8776
8780
8784
8788
8792
8796
8800
8804
8808
8812
8816
8820
8824
8828
8832
8836
8840
8844
8848
8852
8856
8860
8864
8868
8872
8876
8880
8884
8888
8892
8896
8900
8904
8908
8912
8916
8920
8924
8928
8932
8936
8940
8944
8948
8952
8956
8960
8964
8968
8972
8976
8980
8984
8988
8992
8996
9000
9004
9008
9012
9016
9020
9024
9028
9032
9036
9040
9044
9048
9052
9056
9060
9064
9068
9072
9076
9080
9084
9088
9092
9096
9100
9104
9108
9112
9116
9120
9124
9128
9132
9136
9140
9144
9148
9152
9156
9160
9164
9168
9172
9176
9180
9184
9188
9192
9196
9200
9204
9208
9212
9216
9220
9224
9228
9232
9236
9240
9244
9248
9252
9256
9260
9264
9268
9272
9276
9280
9284
9288
9292
9296
9300
9304
9308
9312
9316
9320
9324
9328
9332
9336
9340
9344
9348
9352
9356
9360
9364
9368
9372
9376
9380
9384
9388
9392
9396
9400
9404
9408
9412
9416
9420
9424
9428
9432
9436
9440
9444
9448
9452
9456
9460
9464
9468
9472
9476
9480
9484
9488
9492
9496
9500
9504
9508
9512
9516
9520
9524
9528
9532
9536
9540
9544
9548
9552
9556
9560
9564
9568
9572
9576
9580
9584
9588
9592
9596
9600
9604
9608
9612
9616
9620
9624
9628
9632
9636
9640
9644
9648
9652
9656
9660
9664
9668
9672
9676
9680
9684
9688
9692
9696
9700
9704
9708
9712
9716
9720
9724
9728
9732
9736
9740
9744
9748
9752
9756
9760
9764
9768
9772
9776
9780
9784
9788
9792
9796
9800
9804
9808
9812
9816
9820
9824
9828
9832
9836
9840
9844
9848
9852
9856
9860
9864
9868
9872
9876
9880
9884
9888
9892
9896
9900
9904
9908
9912
9916
9920
9924
9928
9932
9936
9940
9944
9948
9952
9956
9960
9964
9968
9972
9976
9980
9984
9988
9992
9996
10000
10004
10008
10012
10016
10020
10024
10028
10032
10036
10040
10044
10048
10052
10056
10060
10064
10068
10072
10076
10080
10084
10088
10092
10096
10100
10104
10108
10112
10116
10120
10124
10128
10132
10136
10140
10144
</DataArray>
<DataArray type="UInt8" Name="types" format="ascii">
9
9
9
9
9
9
9
9
9
9
9
9
9
9
9
9
9
9
9
9
9
9
9
9
9
9
9
9
9
9
9
9
9
9
9
9
9
9
9
9
9
9
9
9
9
9
9
9
9
9
9
9
9
9
9
9
9
9
9
9
9
9
9
9
9
9
9
9
9
9
9
9
9
9
9
9
9
9
9
9
9
9
9
9
9
9
9
9
9
9
9
9
9
9
9
9
9
9
9
9
9
9
9
9
9
9
9
9
9
9
9
9
9
9
9
9
9
9
9
9
9
9
9
9
9
9
9
9
9
9
9
9
9
9
9
9
9
9
9
9
9
9
9
9
9
9
9
9
9
9
9
9
9
9
9
9
9
9
9
9
9
9
9
9
9
9
9
9
9
9
9
9
9
9
9
9
9
9
9
9
9
9
9
9
9
9
9
9
9
9
9
9
9
9
9
9
9
9
9
9
9
9
9
9
9
9
9
9
9
9
9
9
9
9
9
9
9
9
9
9
9
9
9
9
9
9
9
9
9
9
9
9
9
9
9
9
9
9
9
9
9
9
9
9
9
9
9
9
9
9
9
9
9
9
9
9
9
9
9
9
9
9
9
9
9
9
9
9
9
9
9
9
9
9
9
9
9
9
9
9
9
9
9
9
9
9
9
9
9
9
9
9
9
9
9
9
9
9
9
9
9
9
9
9
9
9
9
9
9
9
9
9
9
9
9
9
9
9
9
9
9
9
9
9
9
9
9
9
9
9
9
9
9
9
9
9
9
9
9
9
9
9
9
9
9
9
9
9
9
9
9
9
9
9
9
9
9
9
9
9
9
9
9
9
9
9
9
9
9
9
9
9
9
9
9
9
9
9
9
9
9
9
9
9
9
9
9
9
9
9
9
9
9
9
9
9
9
9
9
9
9
9
9
9
9
9
9
9
9
9
9
9
9
9
9
9
9
9
9
9
9
9
9
9
9
9
9
9
9
9
9
9
9
9
9
9
9
9
9
9
9
9
9
9
9
9
9
9
9
9
9
9
9
9
9
9
9
9
9
9
9
9
9
9
9
9
9
9
9
9
9
9
9
9
9
9
9
9
9
9
9
9
9
9
9
9
9
9
9
9
9
9
9
9
9
9
9
9
9
9
9
9
9
9
9
9
9
9
9
9
9
9
9
9
9
9
9
9
9
9
9
9
9
9
9
9
9
9
9
9
9
9
9
9
9
9
9
9
9
9
9
9
9
9
9
9
9
9
9
9
9
9
9
9
9
9
9
9
9
9
9
9
9
9
9
9
9
9
9
9
9
9
9
9
9
9
9
9
9
9
9
9
9
9
9
9
9
9
9
9
9
9
9
9
9
9
9
9
9
9
9
9
9
9
9
9
9
9
9
9
9
9
9
9
9
9
9
9
9
9
9
9
9
9
9
9
9
9
9
9
9
9
9
9
9
9
9
9
9
9
9
9
9
9
9
9
9
9
9
9
9
9
9
9
9
9
9
9
9
9
9
9
9
9
9
9
9
9
9
9
9
9
9
9
9
9
9
9
9
9
9
9
9
9
9
9
9
9
9
9
9
9
9
9
9
9
9
9
9
9
9
9
9
9
9
9
9
9
9
9
9
9
9
9
9
9
9
9
9
9
9
9
9
9
9
9
9
9
9
9
9
9
9
9
9
9
9
9
9
9
9
9
9
9
9
9
9
9
9
9
9
9
9
9
9
9
9
9
9
9
9
9
9
9
9
9
9
9
9
9
9
9
9
9
9
9
9
9
9
9
9
9
9
9
9
9
9
9
9
9
9
9
9
9
9
9
9
9
9
9
9
9
9
9
9
9
9
9
9
9
9
9
9
9
9
9
9
9
9
9
9
9
9
9
9
9
9
9
9
9
9
9
9
9
9
9
9
9
9
9
9
9
9
9
9
9
9
9
9
9
9
9
9
9
9
9
9
9
9
9
9
9
9
9
9
9
9
9
9
9
9
9
9
9
9
9
9
9
9
9
9
9
9
9
9
9
9
9
9
9
9
9
9
9
9
9
9
9
9
9
9
9
9
9
9
9
9
9
9
9
9
9
9
9
9
9
9
9
9
9
9
9
9
9
9
9
9
9
9
9
9
9
9
9
9
9
9
9
9
9
9
9
9
9
9
9
9
9
9
9
9
9
9
9
9
9
9
9
9
9
9
9
9
9
9
9
9
9
9
9
9
9
9
9
9
9
9
9
9
9
9
9
9
9
9
9
9
9
9
9
9
9
9
9
9
9
9
9
9
9
9
9
9
9
9
9
9
9
9
9
9
9
9
9
9
9
9
9
9
9
9
9
9
9
9
9
9
9
9
9
9
9
9
9
9
9
9
9
9
9
9
9
9
9
9
9
9
9
9
9
9
9
9
9
9
9
9
9
9
9
9
9
9
9
9
9
9
9
9
9
9
9
9
9
9
9
9
9
9
9
9
9
9
9
9
9
9
9
9
9
9
9
9
9
9
9
9
9
9
9
9
9
9
9
9
9
9
9
9
9
9
9
9
9
9
9
9
9
9
9
9
9
9
9
9
9
9
9
9
9
9
9
9
9
9
9
9
9
9
9
9
9
9
9
9
9
9
9
9
9
9
9
9
9
9
9
9
9
9
9
9
9
9
9
9
9
9
9
9
9
9
9
9
9
9
9
9
9
9
9
9
9
9
9
9
9
9
9
9
9
9
9
9
9
9
9
9
9
9
9
9
9
9
9
9
9
9
9
9
9
9
9
9
9
9
9
9
9
9
9
9
9
9
9
9
9
9
9
9
9
9
9
9
9
9
9
9
9
9
9
9
9
9
9
9
9
9
9
9
9
9
9
9
9
9
9
9
9
9
9
9
9
9
9
9
9
9
9
9
9
9
9
9
9
9
9
9
9
9
9
9
9
9
9
9
9
9
9
9
9
9
9
9
9
9
9
9
9
9
9
9
9
9
9
9
9
9
9
9
9
9
9
9
9
9
9
9
9
9
9
9
9
9
9
9
9
9
9
9
9
9
9
9
9
9
9
9
9
9
9
9
9
9
9
9
9
9
9
9
9
9
9
9
9
9
9
9
9
9
9
9
9
9
9
9
9
9
9
9
9
9
9
9
9
9
9
9
9
9
9
9
9
9
9
9
9
9
9
9
9
9
9
9
9
9
9
9
9
9
9
9
9
9
9
9
9
9
9
9
9
9
9
9
9
9
9
9
9
9
9
9
9
9
9
9
9
9
9
9
9
9
9
9
9
9
9
9
9
9
9
9
9
9
9
9
9
9
9
9
9
9
9
9
9
9
9
9
9
9
9
9
9
9
9
9
9
9
9
9
9
9
9
9
9
9
9
9
9
9
9
9
9
9
9
9
9
9
9
9
9
9
9
9
9
9
9
9
9
9
9
9
9
9
9
9
9
9
9
9
9
9
9
9
9
9
9
9
9
9
9
9
9
9
9
9
9
9
9
9
9
9
9
9
9
9
9
9
9
9
9
9
9
9
9
9
9
9
9
9
9
9
9
9
9
9
9
9
9
9
9
9
9
9
9
9
9
9
9
9
9
9
9
9
9
9
9
9
9
9
9
9
9
9
9
9
9
9
9
9
9
9
9
9
9
9
9
9
9
9
9
9
9
9
9
9
9
9
9
9
9
9
9
9
9
9
9
9
9
9
9
9
9
9
9
9
9
9
9
9
9
9
9
9
9
9
9
9
9
9
9
9
9
9
9
9
9
9
9
9
9
9
9
9
9
9
9
9
9
9
9
9
9
9
9
9
9
9
9
9
9
9
9
9
9
9
9
9
9
9
9
9
9
9
9
9
9
9
9
9
9
9
9
9
9
9
9
9
9
9
9
9
9
9
9
9
9
9
9
9
9
9
9
9
9
9
9
9
9
9
9
9
9
9
9
9
9
9
9
9
9
9
9
9
9
9
9
9
9
9
9
9
9
9
9
9
9
9
9
9
9
9
9
9
9
9
9
9
9
9
9
9
9
9
9
9
9
9
9
9
9
9
9
9
9
9
9
9
9
9
9
9
9
9
9
9
9
9
9
9
9
9
9
9
9
9
9
9
9
9
9
9
9
9
9
9
9
9
9
9
9
9
9
9
9
9
9
9
9
9
9
9
9
9
9
9
9
9
9
9
9
9
9
9
9
9
9
9
9
9
9
9
9
9
9
9
9
9
9
9
9
9
9
9
9
9
9
9
9
9
9
9
9
9
9
9
9
9
9
9
9
9
9
9
9
9
9
9
9
9
9
9
9
9
9
9
9
9
9
9
9
9
9
9
9
9
9
9
9
9
9
9
9
9
9
9
9
9
9
9
9
9
9
9
9
9
9
9
9
9
9
9
9
9
9
9
9
9
9
9
9
9
9
9
9
9
9
9
9
9
9
9
9
9
9
9
9
9
9
9
9
9
9
9
9
9
9
9
9
9
9
9
9
9
5
5
5
5
5
5
5
5
5
5
5
5
5
5
5
5
5
5
5
5
5
5
5
5
5
5
5
5
5
5
5
5
5
5
5
5
5
5
5
5
5
5
5
5
5
5
5
5
5
5
5
5
5
5
5
5
5
5
5
5
5
5
5
5
5
5
5
5
5
5
5
5
5
5
5
5
9
9
9
9
9
9
9
9
9
9
9
9
9
9
9
9
9
9
9
9
9
9
9
9
9
9
9
9
9
9
9
9
9
9
9
9
9
9
9
9
9
9
9
9
9
9
9
9
9
9
9
9
9
9
9
9
9
9
9
9
9
9
9
9
9
9
9
9
9
9
9
9
9
9
9
9
9
9
9
9
9
9
9
9
9
9
9
9
9
9
9
9
9
9
9
9
9
9
9
9
9
9
9
9
9
9
9
9
9
9
9
9
9
9
9
9
9
9
9
9
9
9
9
9
9
9
9
9
9
9
9
9
9
9
9
9
9
9
9
9
9
9
9
9
9
9
9
9
9
9
9
9
9
9
9
9
9
9
9
9
9
9
9
9
9
9
9
9
9
9
9
9
9
9
9
9
9
9
9
9
9
9
9
9
9
9
9
9
9
9
9
9
9
9
9
9
9
9
9
9
9
9
9
9
9
9
9
9
9
9
9
9
9
9
9
9
9
9
9
9
9
9
9
9
9
9
9
9
9
9
9
9
9
9
9
9
9
9
9
9
9
9
9
9
9
9
9
9
9
9
9
9
9
9
9
9
9
9
9
9
9
9
9
9
9
9
9
9
9
9
9
9
9
9
9
9
9
9
9
9
9
9
9
9
9
9
9
9
9
9
9
9
9
9
9
9
9
9
9
9
9
9
9
9
9
9
9
9
9
9
9
9
9
9
9
9
9
9
9
9
9
9
9
9
9
9
9
9
9
9
9
9
9
9
9
9
9
9
9
9
9
9
9
9
9
9
9
9
9
9
9
9
9
9
9
9
9
9
9
9
9
9
9
9
9
9
9
9
9
9
9
9
9
9
9
9
9
9
9
9
9
9
9
9
9
9
9
9
9
9
9
9
9
9
9
9
9
9
9
9
9
9
9
9
9
9
9
9
9
9
9
9
9
9
9
9
9
9
9
9
9
9
9
9
9
9
9
9
9
9
9
9
9
9
9
9
9
9
9
9
9
9
9
9
9
9
9
9
9
9
9
9
9
9
9
9
9
9
9
9
9
9
9
9
9
9
9
9
9
9
9
9
9
9
9
9
9
9
9
9
9
9
9
9
9
9
9
9
9
9
9
9
9
9
9
9
9
9
9
9
9
9
9
9
9
9
9
9
9
9
9
9
9
9
9
9
</DataArray>
</Cells>
<CellData>
<DataArray type="Float64" Name="density" format="ascii">
49.98668193
50
49.97115125
50
50
49.99721971
49.99481594
49.99012333
50
50
50
49.96775992
49.96325469
49.97592903
49.93518572
50
49.9863069
50
50
50
50
49.95910928
49.97706246
49.96358275
49.97697832
49.98811914
49.95667475
49.97463718
49.99883249
50
50
50
50
49.99488821
50
50
50
50
49.99991777
50
49.97739829
49.99924755
49.98455327
49.99019595
50
49.97825553
50
49.98431862
50
50
50
50
49.95349
49.95875059
49.99316949
50
50
50
50
49.99861608
50
50
49.98658586
49.99369738
49.99601749
49.99945534
49.99658496
50
50
49.97490637
49.99381836
50
50
49.99870547
49.99037055
49.9917226
49.96140656
49.99611463
49.99978403
49.94969862
50
50
49.98705235
49.96809117
49.95309388
50
49.99974844
50
50
49.98758138
50
49.99040053
50
50
49.96448892
49.96555733
49.96491852
49.9869936
49.99035113
49.98096225
49.97232036
49.99285403
49.98941802
49.98587602
49.94403908
50
49.99461598
50
49.99561663
50
50
49.94861163
50
49.94860275
49.97904489
50
50
50
49.99064501
50
49.99895779
50
50
49.99618612
50
50
50
49.97832071
49.98746949
49.99056335
50
50
49.98370628
50
50
50
49.99513642
49.99689373
49.96641325
50
49.96669811
49.98856766
50
50
49.9900851
49.99233823
49.98469625
49.99788492
50
50
49.99721357
49.98459115
49.97767948
49.98328035
49.96069815
49.96465971
49.99120064
49.99338031
49.99313821
50
50
49.99999999
49.99818535
50
49.99965033
49.99662182
49.99999999
49.97478839
50
50
49.99999999
49.99393889
50
50
50
49.98444167
50
50
49.99999999
50
50
50
50
50
49.98244996
50
49.96903229
49.93423511
49.98383968
49.99999999
50
49.99999999
50
49.98191805
49.99999999
50
50
50
50
50
49.99263168
49.99999999
50
49.9989913
50
50
49.99999999
49.98571476
49.993393
49.99999999
50
49.99948577
50
49.95198374
49.95611176
49.99999999
49.98715672
50
50
50
50
50
49.94846334
50
49.9478708
49.95442019
49.97559105
50
49.98652004
49.98597062
49.91866899
50
49.98883226
50
50
49.99999999
49.99999999
50
50
49.97754741
49.98823962
50
50
50
50
49.99999999
50
49.97933995
50
49.99875499
50
49.99999999
49.99999999
49.97917687
49.95149711
50
50
50
50
50
49.96932615
50
50
50
49.99263586
49.99999999
49.99999999
50
50
50
49.99839668
49.95353997
50
49.9524654
50
49.95198749
49.95976049
49.97601519
49.98911683
49.98525758
49.92675323
49.98410771
50
49.97401583
49.98026201
49.99771238
49.99215191
49.97170807
50
50
49.98544976
50
50
49.99867675
50
50
49.99999999
50
49.9995939
50
49.94636767
49.94565759
49.93799311
50
50
49.9996123
50
50
50
49.99999999
50
50
49.95499641
50
50
50
49.9922806
49.99999999
49.98472803
49.99999999
50
49.99999999
49.98281487
50
50
49.96806391
49.98663541
49.94641823
49.93480512
49.98986215
50
49.97892946
49.94822138
50
49.99999999
50
50
49.99786226
49.9893505
49.98862221
49.98783606
49.99324453
49.99999999
49.97277743
49.98346517
50
50
49.9838387
50
50
50
49.99999999
50
50
50
50
50
50
49.99999999
50
50
50
50
49.99848822
49.97220868
50
49.99999999
50
49.99999999
50
50
50
49.999673
50
50
49.99486503
49.98323178
50
49.99314995
49.99189839
49.99290102
49.99805102
49.97122666
49.9821501
49.98939027
50
50
49.99715373
49.98971653
49.98643244
49.9855181
49.99649438
49.9953998
49.99658954
49.98090117
49.93605027
49.95752555
49.98013327
49.98514975
50
50
49.99854802
50
50
49.98578261
49.97175599
49.97676813
49.99462947
50
50
49.98822571
49.99353648
49.9944814
50
49.96165625
49.98675071
49.99999999
49.99999999
49.99999999
50
50
49.99999999
49.99999997
49.99999998
49.99999999
49.99999997
50
50
49.99999998
49.99999997
49.99999999
50
49.99999998
49.99999998
49.99999998
49.99999999
49.99999999
49.99999999
49.99999998
50
49.99699261
50
50
50
49.99919714
49.99502485
50
50
49.95756598
49.94969968
50
49.99658893
49.99721519
50
49.9909944
49.95386371
49.98041631
49.99699994
49.99410748
49.98983604
49.9750573
49.98668372
49.9799929
49.97764166
49.98411753
49.99996525
49.99108173
49.99740053
49.98125265
50
49.99903746
49.97073407
50
49.96597018
49.99999997
49.99999998
50
49.99999999
49.99999998
49.99999999
50
49.99999999
49.99999997
49.99999998
49.99999998
49.99999999
49.99999999
49.99999997
49.99999997
49.99999998
49.99999999
49.96780104
49.95842459
49.96343232
49.98540112
49.99560088
49.94532062
49.9838881
49.99999999
49.99999997
50
49.99999998
49.99999999
49.99999997
50
49.99999998
49.99999999
49.99999999
49.99999999
50
49.99999999
50
50
49.99999999
49.97369011
49.99045528
50
50
50
50
49.94618031
49.99425059
50
50
49.99999999
49.99999999
50
50
49.99999999
49.99999999
50
50
50
49.99999999
49.99999998
50
49.99999999
49.99999997
49.99999997
49.99999998
49.99999996
50
49.99999998
49.99999998
49.99999999
49.99999998
49.99603994
50
49.99999997
49.99999999
49.99999998
49.99999998
49.99999997
49.99999998
49.99999999
50
49.99999997
49.98490171
49.99149344
50
50
49.99998842
49.99019505
49.98917222
49.99663872
49.99041001
50
50
49.98755447
49.96434271
49.97870301
49.98834062
50
50
49.99985991
50
49.98679224
49.97600762
49.98425694
49.9976933
50
50
50
49.99801818
49.99364577
49.99456047
49.99659373
49.9835638
50
49.99517417
49.99571902
49.99508664
49.99972303
50
50
49.99832204
49.96504715
49.9899324
49.99999993
49.99999998
50
49.99999997
49.99999991
49.99999992
50
49.99999999
49.99999993
49.99999994
49.99999999
49.99999994
49.99999995
49.99999994
50
49.99999999
49.99999991
49.99999996
49.99999999
49.99999992
49.99999994
49.99999998
49.99999993
49.99999999
49.99966648
49.9989122
49.9976803
50
49.96862845
49.95106611
50
49.99655075
50
49.9628399
49.98793754
49.9986973
50
49.99559703
50
50
49.99999995
49.99999992
49.99999998
49.99999999
49.99999991
49.99999991
49.99999991
49.99999999
49.99999996
49.99999997
49.99999998
49.99999996
49.99999998
49.99999993
49.99999995
49.99999991
49.99999998
49.99999992
49.99999992
49.99999989
49.98292462
49.96098054
49.93959712
49.96429343
49.99356522
49.99814137
49.9938681
49.9547804
49.98312311
50
49.9848499
49.99062566
49.97893066
49.99074819
49.98373459
49.98144063
49.98831574
50
50
49.99189499
50
49.9895654
49.98458899
50
49.99898605
49.93939473
49.97690769
49.99838884
50
49.96210819
49.99999998
49.99999998
49.99999998
50
49.99999997
49.99999998
49.99999992
50
49.99999992
49.99999999
50
49.99726585
49.99999992
49.99999997
50
49.99999997
49.99999997
49.99999998
49.99999998
49.99999997
49.99999997
49.99999987
50
49.9999999
49.99999995
49.99999999
49.99999993
49.99572996
49.99405959
50
49.99999994
49.99999996
49.99999996
49.99999994
49.99999998
49.97620963
49.99999997
49.99999999
49.99999999
49.98869908
50
50
49.99999998
49.99999997
49.99999993
49.99999997
49.99999998
49.99999992
49.99999998
49.99999999
49.99999994
49.99999998
49.99999991
49.99999996
50
49.98604859
50
49.99519738
49.99727978
50
49.97630358
49.9685284
49.97997078
49.9948455
50
50
49.99990198
49.99219979
49.99119628
49.99588795
49.98947924
50
49.9913386
49.95569316
49.96942321
49.97680527
49.98992327
50
50
50
50
49.98058855
49.99150986
49.99869042
49.99999994
50
49.99999999
49.99999997
49.99999987
49.99999992
49.99999999
49.99999993
49.99999977
49.99999997
49.99999979
50
49.99999993
49.99999996
49.99999994
49.99999997
49.99999998
49.99999994
50
49.99999998
50
50
50
49.99632766
49.99359456
49.99435287
50
49.99920771
49.97082217
49.99326662
50
49.99495165
49.99877258
50
49.9934331
49.965106
49.93155947
49.99526133
49.99646015
49.96506541
50
49.99833711
49.99999987
49.99999988
49.99999999
49.9999999
49.99999994
49.99999977
49.99999997
49.99999987
49.99999995
49.99999993
49.99999998
49.99999987
49.99999999
49.99999984
49.99999994
49.99999997
49.99999998
49.99999979
49.9999999
49.99999978
49.99999983
49.99999995
49.99999987
49.9999999
49.99999988
49.99999979
49.99999987
50
49.99947333
49.99453147
50
49.95687268
50
49.99541646
49.99485407
50
49.99462799
49.97276253
49.99353997
49.99974877
49.99943101
49.97725208
49.99117842
49.98273665
49.99341211
49.98741515
49.98443168
49.99150364
50
50
49.99358813
50
49.98670084
49.98688121
50
50
49.99821601
49.93578902
49.98240406
50
49.9566139
49.99999983
49.99999994
49.99999998
49.99999997
49.99999999
49.99999997
49.99999981
49.99999999
49.99999996
49.99999993
49.99999996
49.99999996
49.99999982
49.99999984
49.99999979
49.99999981
49.99999985
50
49.99999983
49.99999983
49.99999985
49.99999989
49.99999986
49.99999979
49.99999992
49.99999986
49.99999998
49.9999997
49.99999978
49.99999998
49.99030394
49.99999996
49.99999998
49.99999984
49.94500492
49.99999996
49.99999981
49.99999977
49.99999982
49.99999981
49.99999978
49.99999983
49.99999996
49.99999998
49.9999999
49.99999985
49.99999994
49.99999986
49.99999997
49.99999993
49.99999979
49.9999999
49.99999973
49.99999996
49.99999997
49.99999994
49.99999996
49.9972657
49.98166832
50
49.99694964
49.99323598
49.94464132
49.99999991
49.99999982
49.99999967
49.99999975
49.99999987
49.99999955
49.99999973
49.9999997
49.99999948
49.99999947
49.99999996
49.99999968
49.99999984
49.99999973
49.99999988
49.99999978
49.99999963
49.99999982
49.99999969
49.99999992
49.99999991
49.99999946
49.99999971
49.99999982
49.99999979
49.9999999
49.99999949
49.99999992
49.99999969
49.99999973
49.99999965
49.99999988
49.99999997
49.99999946
49.99999996
49.99999981
49.99999989
49.9999998
49.99999991
49.99999986
49.99999969
49.99999993
49.99999953
50
49.98386401
49.98679573
49.97715899
49.99292063
49.99790668
49.96653685
49.92898918
49.97944669
49.99970738
50
49.99412802
49.99843778
49.99836707
50
49.99674741
49.9874591
49.98697963
50
50
49.99010415
50
50
50
49.98701191
49.99112776
49.9709123
49.9999995
49.99999988
49.99999989
49.9999999
49.99999972
49.99999998
49.99999951
49.9999999
49.99999984
49.99999983
49.99999996
49.99999995
49.99999987
49.99999984
49.99999993
49.99999997
49.99999989
49.99999997
49.99999978
49.99999977
49.99999988
49.99999968
49.99999995
49.99999984
49.99999955
49.99999968
49.99999965
49.99709845
49.99175197
50
49.99905308
49.99641287
50
50
49.99984659
49.99352128
50
49.96763261
50
49.99390022
49.99449242
50
49.98233944
49.99734298
50
49.99611498
49.97270647
49.99207474
49.98827063
49.99545064
49.99096977
49.98957772
49.99474872
50
50
50
49.98733342
49.98858389
50
50
49.99728837
49.93523095
49.98768345
50
50
49.95382785
49.99427873
49.99555973
49.99999949
49.99999988
49.99999979
49.99999983
49.99999972
49.99999953
49.99999947
49.9999998
49.99999996
49.9999998
49.99999976
49.99999994
49.99999954
49.99999958
49.99999944
49.99999982
49.99999957
49.99999989
49.99999986
49.99999987
49.99999992
49.99999963
49.9999997
49.99999994
49.99999985
49.99999952
49.99999979
49.99999932
49.99999946
49.99999976
49.99999983
49.99397461
49.9742267
49.94839591
49.97172563
49.99893365
49.99497109
49.99968657
50
49.98741045
50
50
50
50
49.99070177
49.99543796
49.99263387
49.99999998
49.999999
49.99999965
49.99999989
49.99999955
49.99999965
49.99999995
49.9999999
49.9999996
49.99999905
49.99999945
49.99999955
49.99999982
49.99999991
49.99999996
49.99999989
49.99999959
49.99999985
49.99999992
49.9999993
49.99999999
49.99999993
49.9999994
49.99999967
49.99999876
49.9999998
49.99999985
49.99999989
50
50
50
49.99842483
49.99822371
49.99566202
49.99380875
49.99998341
49.99702254
49.99843835
50
49.99488524
49.99999997
49.9979976
50
49.99822263
49.99714393
49.99375997
49.9979776
50
50
49.99080011
49.9769216
49.97468208
49.99522151
50
49.99384099
49.99491833
49.99698993
49.9920339
49.99513142
49.99991083
49.99678615
49.98917293
50
50
50
49.99457696
49.99674113
49.97991331
50
49.99315589
49.99484108
50
49.99436933
49.99032787
49.99964569
50
49.99484997
49.97090242
49.99350044
49.99383404
49.99472335
49.99741738
50
49.99645773
50
49.9917613
50
49.99663932
49.94693065
49.99230647
50
50
49.95965881
50
49.98866538
49.99729968
49.99999922
49.99999998
49.9999998
49.9999993
49.99999914
49.99999972
49.99999943
49.99999963
49.99999956
49.99999955
49.9999994
49.99999911
49.99999945
49.99999971
49.99999971
49.99999936
49.99999905
49.99999961
49.99999956
49.99999928
49.99999984
49.9999999
49.99999895
49.99999922
49.99999988
49.99999905
49.99999973
49.99999983
49.99999971
49.99999944
49.99999922
49.99999972
49.99999924
49.99999943
49.99999968
49.99999967
49.99999896
49.99999963
49.99999917
49.99999965
49.99999904
49.99999906
49.99999905
49.9999993
50
49.99518387
49.99670955
50
50
49.98494494
49.93999722
49.97875491
50
49.99258114
50
49.98813686
49.99042422
50
50
49.99999912
50
49.98153279
49.97946833
49.99999982
49.9836194
49.96867752
49.99838419
49.99999971
49.99609177
50
49.99784728
49.99999995
49.98215906
49.99999931
49.99999977
49.99999896
49.99999982
49.99999964
49.99999957
49.99999977
49.99999971
49.99999935
49.99999893
49.99999993
49.99999946
49.99999989
50
49.99662081
49.9999989
49.99999945
49.99999948
50
49.99180066
49.99301599
49.99165685
49.9999995
49.99999945
49.99999991
49.99999958
49.99999915
49.9999993
49.99999946
49.99999973
49.99999971
49.99999931
49.99999862
49.99999929
49.99999926
49.99999916
49.9999991
49.99999992
49.99999949
49.99999851
49.99999939
49.99999857
49.9999996
49.99999984
49.9999999
49.99999962
49.99999982
49.99999922
49.99999977
49.99999959
49.99999852
50
49.99978701
49.99675126
49.99997312
49.99879027
50
49.99852186
49.99927246
49.99992285
50
49.9999851
49.99999886
49.99999903
49.99999914
49.99999893
49.99999851
49.99999942
49.99999934
49.99999862
49.99999909
49.9999984
49.99999982
49.99999888
49.9999995
49.99999952
49.99999924
49.99999986
49.99999841
49.99999883
49.99999969
49.99999939
49.9999998
49.99999882
49.99999988
49.99999915
49.99999847
49.99999976
49.99999875
49.99999889
49.99999939
49.99024742
49.99958604
50
50
50
49.98460704
50
49.99326284
50
50
49.99873903
49.99511627
49.99764883
49.98206066
49.9888511
49.9995661
50
49.99861312
49.99987234
49.99807467
50
49.99999837
49.99999866
49.99999914
49.9999994
49.99999966
49.99999851
49.99999927
50
49.99999879
49.99999922
49.99999861
49.99999962
49.99999821
49.99344808
49.98643401
49.99999225
49.99611669
49.99551376
50
50
50
50
50
49.99731452
50
49.99794186
49.99281547
49.99987321
49.99538736
49.99711179
50
49.99677576
49.99997566
49.99618964
49.99576697
49.99745577
49.99836065
49.99701505
49.99812601
49.99927361
49.9997771
49.99847659
49.99780548
49.99824535
50
49.9959916
49.9999996
50
49.96656885
50
49.99906304
49.97226949
49.99999938
49.99719455
49.99692628
49.99942342
49.99804463
49.99554825
49.99834532
49.99999978
49.99586647
50
49.99545181
49.99000631
49.99983115
49.99627707
50
49.99996714
50
49.99461724
49.97545034
49.99782746
49.99999966
49.99999963
49.99818117
49.9999993
49.99642109
50
49.99527581
49.99639176
49.99553956
49.99690358
49.99816603
50
49.96061685
50
49.99501411
49.99697245
50
49.99688834
49.99633512
49.99999896
49.99999955
49.999999
49.99999886
49.99999978
49.9999982
49.9999997
49.99999899
49.9999998
49.99999991
49.9999991
49.99999879
49.99999984
49.99999843
49.99999929
49.99999982
49.99999998
49.99999999
49.99999908
49.99999949
49.99999898
49.99999861
49.999998
49.99999872
49.99999988
49.99999953
49.99999858
49.99999913
49.99999954
49.99999853
49.99999792
49.99999796
49.99999935
49.99999819
49.99999941
49.99999995
49.99999875
49.99999968
49.99999889
49.99999941
49.9999984
49.99999784
49.99999793
49.99999833
49.99999884
49.99999814
49.99999964
49.99999935
49.99999971
49.99999867
49.99999803
49.99999962
49.99999882
49.99999847
49.9999993
49.9999981
49.99999831
49.99999879
49.99999781
49.99999815
49.99999782
49.9999999
49.99999976
49.99999928
49.99999796
49.99999764
49.9999995
49.99999861
49.99999896
49.99999932
49.99999782
50
49.99999837
49.99999793
49.99999838
49.99999826
49.99999905
49.99999941
49.9999995
49.99999922
49.99999811
49.99999909
49.99999999
49.99999905
49.99999796
49.99999926
49.99999994
49.99999902
49.99999828
49.99999842
50
49.99999893
49.99999825
49.99999996
49.99999846
49.99999819
49.99999896
49.99999979
49.99999992
49.99916391
50
49.99999923
49.99999838
50
49.99977132
49.9995769
50
50
49.99765569
49.99560845
50
49.99999992
49.99771478
49.9960672
49.99860669
49.99999993
49.99965366
50
49.99913305
50
50
49.99816681
50
49.99999891
50
49.99896214
50
49.9993237
49.99894313
49.99935567
49.99926985
49.99999966
50
50
49.99902639
49.9999996
50
49.99999999
49.9996815
49.99922935
50
50
49.9999998
49.98324783
49.99463467
50
49.99827603
49.99999999
49.99920174
49.99934283
49.98659927
49.99901175
49.99999699
49.99999367
50
50
49.99999949
49.99999966
50
49.99999677
49.99999929
50
49.99896797
49.99955258
50
49.99962045
49.98719188
49.99999826
49.99999868
49.98656127
49.9999983
49.99863641
49.99928178
50
49.99961853
50
49.99999999
50
50
49.99999998
49.99997077
50
49.99982364
49.99889376
50
49.9999994
49.9999775
50
50
49.97548116
49.99999947
50
49.9974046
49.99999824
49.9999983
49.9999978
50
49.99999955
49.99999991
49.99999995
49.99857505
49.99066196
50
49.99999886
49.99999831
49.99999831
49.99999814
49.99999868
49.99999834
49.99999999
49.99999984
49.99999931
49.99999844
49.99999918
49.99999922
49.99999873
49.99999901
49.9991031
49.99999571
49.99999596
49.99999503
49.99999968
49.99999944
49.99999981
49.99999882
49.99999793
49.99999467
49.99999931
50
49.99999853
49.99999698
49.99999631
49.99999749
49.99999873
39.55696953
40.41808595
41.47116181
41.4726203
41.46626587
41.46907455
49.99999874
41.47128526
41.37485332
49.99999947
49.99999888
49.99999819
41.47102488
41.46882966
41.47242942
41.47375527
41.47237487
41.47255024
41.47158171
41.46855639
41.47005927
41.47239172
41.47282202
41.47721202
41.4691769
41.47125472
41.4731689
41.47494485
41.47129763
41.47435736
41.47940563
49.9999987
49.99999384
49.9999995
49.99999558
49.99999774
49.99897368
49.99999967
49.99999771
49.9997417
49.99968295
49.9999967
49.99999943
49.99999355
49.99999329
49.99999607
49.99999358
49.99999565
49.99999971
49.99999328
49.99999537
49.99999745
49.99999318
49.99999616
49.99999975
49.99999901
49.99999925
49.9999937
49.99999325
49.99999639
49.99999305
49.99999613
49.99999455
49.99999596
49.99999474
49.99999906
41.4716338
41.47006916
41.46914939
41.46760239
41.47254555
41.47235478
41.4730154
41.47048094
41.46713971
41.47008234
49.99999983
41.46017366
41.45393965
41.46175428
41.46529437
41.46936008
41.47117051
41.47151222
41.47279211
41.47551203
41.47898465
41.48090095
41.48765531
49.9999983
49.999997
49.99999739
49.99999979
49.99999869
49.99999517
49.99999399
49.99999848
41.25424944
49.99999939
40.95331564
49.99999799
49.999997
49.99999601
49.99999555
49.99999343
49.99999767
49.99999588
49.99999855
49.99999954
49.99969021
49.99999802
49.99999894
41.47746239
41.46623186
49.99999786
49.99999769
41.47330663
41.43700539
40.96273942
41.2581944
41.37809907
41.47277358
49.99999901
49.99999781
41.47212008
41.47070259
49.99999859
49.99999663
49.99999961
49.9999989
49.99999656
49.99999982
49.99999931
49.99999806
49.99999359
49.99999742
49.99999983
49.99999847
41.47969414
41.47874122
41.47624536
41.4731103
41.48169866
49.99999598
41.4712244
41.47135866
49.99844864
49.99999709
49.9999955
49.99999366
50
49.99999776
49.99999692
49.99999419
50
49.99999736
41.46881925
41.46839585
41.47319613
41.46721377
41.46659912
49.99999441
49.9999994
49.99999935
49.99999484
49.99999898
41.47356738
41.47346182
41.47298324
41.46952347
41.48326209
41.49910567
41.47008788
41.4689126
41.47248383
49.99999584
50
49.99999452
49.99778288
49.99999762
41.47358762
41.46909872
41.47560213
49.99999365
41.46959523
41.46340364
49.99999852
49.99999862
49.99999807
49.99999646
40.41874317
41.47297853
41.47616475
41.47428183
41.46690993
41.46972859
49.9999981
39.54551672
49.9999935
49.99999831
41.44392558
49.9999991
49.99999963
49.99999999
49.99745804
49.99999999
50
49.99999976
49.99999992
49.99999992
41.47346259
49.99999998
49.99999872
50
49.98434563
50
50
49.99195153
50
49.99538278
49.99611535
49.99886957
41.47283292
49.99999391
41.47183167
49.99999594
49.99999708
41.47442808
49.99999832
49.99999844
49.9987765
49.99500027
49.99999359
49.99999366
1.243709134
0.8544305678
1.317194653
0.2670213527
0.07952506248
0.0684054556
0.9610062046
0.8174851735
1.114567571
1.244893521
0.2604072178
0.1282912072
0.2366922785
0.2876469663
0.4112977844
0.7940637297
1.170205402
1.334387042
1.36188458
1.340772377
1.408704068
1.299116727
1.225007571
1.114252127
0.2661984362
0.4977101783
1.447339338
1.609964577
0.7292735073
0.8491875807
0.2621321852
1.096887611
0.2491029624
0.5701881464
0.3118705718
1.695651047
0.3708517682
1.571000295
0.2848080239
1.472847586
0.3624528877
0.3412556912
0.6612905165
1.145516997
0.3611914163
0.2636991922
0.2209406468
0.2787307526
0.813292223
0.8337560922
0.2783565106
0.4017474957
0.4131511448
0.2916327167
1.592969295
1.469138079
0.8072766001
0.6855523299
0.6711689763
1.327242012
1.183196048
1.555465024
1.523703511
0.2620613064
0.2720178102
0.2074876352
0.2458620589
0.3385681896
0.2406195039
0.8327677755
0.5365152389
0.850740331
0.3226679337
1.608857487
1.566673637
0.381199179
1.210818497
1.061090625
1.194831045
1.154597889
1.013496736
0.9412810472
1.122529542
1.295535826
1.245286931
1.239762671
0.9953289953
1.136700253
0.7767919447
0.07727088728
1.241353744
1.361170277
1.036883315
1.214325815
0.7110188522
0.5175679246
0.3502570087
1.205207012
0.3006292636
0.1791894418
0.2515714544
0.1833571923
0.06347312988
0.08900019964
0.06313694843
0.1302152644
0.2128569946
0.2987769614
0.7221030278
0.8559088113
0.8526906839
0.7949323421
0.6107779314
1.107698407
1.148395002
1.318554417
1.442408428
1.355610862
1.471248865
1.454653872
1.267396118
1.41104361
0.9714270358
0.7914297137
1.070406618
1.313561592
0.6698572725
0.1243885455
0.09664490048
0.08605439346
0.0846679477
1.434948999
0.8539262974
0.9701052733
1.094615076
1.156315137
1.360561177
1.522697054
1.372389985
1.323201281
1.493816421
1.5004598
1.552712761
1.5096589
1.54260403
1.488403496
1.456699705
1.35278453
1.265890036
1.221582079
1.316264248
1.191146123
1.123131292
0.4808134038
0.5533823522
0.6587437524
0.7532646089
0.8067790595
0.8099268561
0.7354936598
0.7627864027
0.6692786546
0.54631094
0.4260159654
0.32505926
0.253981769
0.2128950454
0.288541491
0.1800133543
0.1551805236
0.1381747334
0.1232693499
0.1255441832
0.1493455452
0.199478862
0.1575261649
0.2686804847
0.3167056705
0.3223669681
0.2950230792
1.223931835
1.120610333
1.297229802
0.598554104
0.6425974595
0.7002368076
0.689640164
0.9929000398
1.55044462
1.340060456
1.686894253
1.433877614
1.441369844
0.9992354947
1.51691748
1.535413597
1.557996398
1.59718705
1.602714327
1.537778388
1.416560723
1.333920939
1.28273011
1.259252958
1.018033853
0.6390422793
0.7672030782
0.8326228996
0.8323291227
0.8154394785
0.8170704842
0.750599187
0.6460852636
0.5278533479
0.4036902338
0.3125826295
0.2599268574
0.2287538068
0.2252072189
0.2077623931
0.1921099819
0.1844257412
0.1793311585
0.2050009676
0.2280425955
0.2568535912
0.3127218789
0.3006555144
0.3380573211
0.2957779489
0.2281477099
0.3140161922
0.3686798531
0.2455357185
0.190222899
0.1286029555
1.222729126
1.16279489
0.1203486337
1.407549324
0.4616485819
0.5933739176
0.7217106531
1.540295465
0.2264638285
0.275876436
0.2676707158
1.273975184
0.1966409391
0.2906312656
1.134372059
1.385831189
0.2562545256
1.244920152
1.563161336
1.62589909
1.197780485
1.449898355
1.466723631
0.791597977
1.290131661
0.8084537262
0.7931254623
0.3642930224
0.4844085964
1.042944041
0.3513216911
0.3324775231
0.3025378911
0.2507945796
0.2109769703
0.2113412003
0.229121317
0.2823025749
0.2905817265
0.3918174946
0.49027691
0.6250581203
0.6724147603
0.7679692356
0.7880134202
0.8223128346
0.8035478027
0.830722879
0.8148187446
0.8056152535
0.8049171821
0.8009613169
0.7973966328
0.7697137451
0.7310818557
0.6825244688
0.6566607059
0.6278212407
0.5805260946
0.5362251658
0.496160842
0.457494657
0.4234445088
0.3929124327
0.421590463
0.4149909819
0.4276323422
0.4163755815
0.4044240325
0.318045294
0.3797941515
0.3742834639
0.3545485613
0.3244869574
0.3034411057
0.2777818744
0.2488433452
0.2345189377
0.2139247475
0.1968434642
0.2795935371
0.189546875
0.1720001294
0.247488935
0.1645015941
0.1611052783
0.1757012784
0.206604533
0.2230409853
0.2160864201
0.1993165895
0.2068538675
0.2182325785
0.2134456604
0.2776825271
0.2941641765
0.3240552887
0.2862536216
0.2920404302
0.3337014614
0.2776584663
0.3762873086
0.4576502125
0.5449156988
0.7427760332
0.9270207567
1.088344979
0.841585892
0.6530905927
0.9826381102
0.7820399867
1.157508433
1.22870012
1.285917547
1.381924039
1.439252662
1.509193916
1.534865481
1.524314391
1.515104724
1.503436279
1.486319892
1.473682114
1.310134646
1.45374186
1.243449665
1.178086803
1.132257719
1.051678049
1.184536735
1.130076237
1.075150518
0.6395760778
0.2958568408
0.2924186408
0.3983488097
0.6656293917
1.540319832
1.554261921
1.634745203
1.453607534
1.119647785
1.13240227
0.1647996175
0.1754687525
0.197038571
0.1513804119
0.1737150995
0.2680281034
0.244246361
0.3578379476
0.4673799698
0.478729122
0.1411672778
0.1692557429
0.1978862602
0.2633595261
0.3719422891
0.459918216
0.4909264594
0.4739676893
0.4092574971
0.6175404115
0.4486121735
0.5751199671
0.5945098262
0.6253370028
0.6517561514
0.6730571476
0.6840938938
0.6834446373
0.6717923272
0.6158664501
0.5810872046
0.6285313104
0.198995294
0.2668744343
0.2452818161
0.3680547697
0.3087335462
0.387132146
0.2497220496
0.2809097973
0.3275968835
0.368447267
0.4220894565
0.4932547045
0.6425975691
0.8144711649
0.8441310594
0.557714942
0.5196782091
0.6419957639
0.8048673906
1.069862026
0.6843126189
1.248410243
1.664455107
0.8464067489
1.127725179
1.390456702
1.229130735
1.333664675
1.31206059
1.356091021
1.349401964
1.298068617
1.25519141
0.9193531101
1.230997315
1.37169318
0.7028598665
1.318160893
0.7235106978
1.376005655
0.6506051202
0.9722606378
0.6334116604
0.1868859147
0.2463504982
0.2690930635
0.3328951978
0.5113847061
0.5471980742
0.8439737111
0.4803888719
1.500827133
0.1832265724
0.1530302208
8.812184575
0.1905172249
8.780932357
0.16341727
8.744282838
0.1493165951
8.731252656
0.158168891
0.1664628985
8.754320088
0.2013436912
8.757869032
8.769015991
0.2167313253
8.788352201
8.838132699
8.838354909
0.3734608824
8.929506675
0.2968349294
0.3881591597
0.4165260967
9.01310242
9.069938639
9.094109904
9.099442937
0.6061267055
9.130175485
9.141105054
0.6523176489
9.145472856
9.155707677
0.8509413326
9.142824722
9.086265121
0.8484206068
8.990487514
9.058271643
9.063493092
8.871338137
8.960622361
8.886548273
8.838983155
8.821343797
0.4144445698
8.806817105
8.835727867
9.048405543
9.057457746
9.032933892
8.830457461
8.841413344
8.826439672
8.771003187
8.807176257
8.877576553
8.642057289
8.710748336
8.727700487
8.810957198
0.6836708011
8.94218704
9.051394698
9.100509898
9.19176681
9.191850589
9.297167901
9.329218253
9.337273914
9.336775594
9.324560167
9.33954385
9.336804718
9.306851841
9.284191141
9.226060189
9.238068134
9.094667628
9.269048425
9.060133738
9.298103397
9.090462182
9.192824327
9.142509461
0.3197634866
8.848065985
9.125020433
0.2295845208
8.791480178
1.330640711
9.306205055
9.055970385
0.3739748948
8.97415461
8.996307526
0.3655776994
8.955391192
9.046462985
8.765284958
8.805018246
0.1574178944
8.756972535
8.74185553
8.742063001
8.787876695
9.159660926
9.132441856
9.115661617
9.037773152
8.823756206
1.622689532
8.831283483
8.848374802
9.046473843
0.4695707586
8.80653661
8.901349168
9.003802342
0.4477844141
9.068908804
8.743683333
0.2374854579
8.747062371
8.8897245
9.022150802
9.052419928
0.4770322256
</DataArray>
<DataArray type="Float64" Name="velocity" NumberOfComponents="3" format="ascii">
1.009566626 -28.36154458 0.0
1.007988342 -28.34207687 0.0
1.008340931 -28.35243328 0.0
1.00499484 -28.34228653 0.0
1.001788255 -28.34386012 0.0
1.007375879 -28.34777059 0.0
1.006744179 -28.35145315 0.0
1.008282215 -28.35255864 0.0
0.9968889488 -28.33650528 0.0
0.9999890981 -28.33436268 0.0
1.003929348 -28.34357449 0.0
1.006659797 -28.3482783 0.0
1.011620381 -28.36906478 0.0
1.008847634 -28.37436271 0.0
1.011089639 -28.38331474 0.0
1.010642711 -28.35631449 0.0
1.008045323 28.35480806 0.0
1.000519604 28.34233998 0.0
0.9987832612 28.343051 0.0
1.004372614 28.34437728 0.0
1.003398005 28.35439222 0.0
1.012066699 28.35586398 0.0
1.012589541 28.35364387 0.0
1.007390599 28.35390231 0.0
1.005524385 28.35576613 0.0
1.004529897 28.3507877 0.0
1.005667607 28.35885285 0.0
1.004091925 28.35500565 0.0
1.001427826 28.34974159 0.0
0.9991949975 28.33373465 0.0
0.9995799402 28.33734348 0.0
1.001171586 28.34541021 0.0
0.9998572591 28.33820666 0.0
1.003013703 28.3485006 0.0
1.003279086 28.34415129 0.0
0.9992392303 28.33751005 0.0
1.005654242 28.35270287 0.0
1.007156143 28.35694976 0.0
1.00970575 28.36151604 0.0
1.006140781 28.35096573 0.0
1.010906264 28.35224149 0.0
1.008935632 28.35740386 0.0
1.015223314 28.35924647 0.0
1.010842916 28.35443326 0.0
1.001951598 28.33825805 0.0
1.012919269 28.35862511 0.0
1.004487684 28.34925037 0.0
1.010727291 -28.3569936 0.0
1.003182876 -28.34321575 0.0
1.01311032 -28.35533068 0.0
1.005640045 -28.34690548 0.0
0.9987777711 -28.34033094 0.0
1.008268708 -28.36090204 0.0
1.006202328 -28.3604048 0.0
1.00830461 -28.35733089 0.0
1.008728113 -28.35841733 0.0
1.000217479 -28.33685319 0.0
1.004307767 -28.34219238 0.0
1.011203455 28.34927117 0.0
1.010825446 28.34886644 0.0
0.9990762455 28.3349336 0.0
1.008855224 28.34364597 0.0
1.005152184 28.35454238 0.0
1.007274292 -28.35177637 0.0
1.008142903 -28.35172934 0.0
1.007401093 -28.34938433 0.0
1.007641863 -28.35272552 0.0
1.006656608 -28.35120516 0.0
1.001054694 -28.33662054 0.0
1.006742786 -28.35225892 0.0
1.007844716 -28.34877542 0.0
1.005084671 -28.34939359 0.0
1.010048994 -28.35297589 0.0
1.008250471 -28.35556038 0.0
1.005659151 -28.36055663 0.0
1.005590563 -28.36295697 0.0
1.007690307 -28.36579947 0.0
1.008984064 -28.36094724 0.0
1.011859879 -28.35404452 0.0
1.012334335 -28.35266562 0.0
1.011108533 -28.34799321 0.0
0.9845116365 -28.34171087 0.0
1.012606002 28.35948077 0.0
1.017681291 28.36217747 0.0
1.01287162 28.3508877 0.0
1.000895097 28.34142604 0.0
1.010207648 28.36093114 0.0
1.005875454 28.35341618 0.0
1.002388615 28.34564812 0.0
1.004110112 28.36138491 0.0
1.001444004 28.34620402 0.0
1.003572774 28.34998883 0.0
1.002736657 28.34738823 0.0
1.002631829 28.34412838 0.0
1.005335209 28.354243 0.0
1.006365158 28.35345053 0.0
1.011956818 28.35136049 0.0
1.010719009 28.34956808 0.0
1.01408598 28.35073628 0.0
1.010467427 28.35310687 0.0
1.009878301 28.35333763 0.0
1.008042058 28.35015834 0.0
1.008887329 28.35038712 0.0
1.016861089 28.35214151 0.0
1.00867921 28.35324756 0.0
1.012072708 28.35137247 0.0
1.012264579 28.34753663 0.0
1.006720483 28.34514771 0.0
1.010155392 28.34757867 0.0
1.01092472 28.34502587 0.0
1.007515684 28.34071505 0.0
1.006644631 28.35021394 0.0
0.9999231633 28.33073451 0.0
1.010689339 28.34898146 0.0
1.009865446 28.35802536 0.0
1.012583299 28.36212825 0.0
0.9976288077 28.35392679 0.0
0.9997150688 28.3483792 0.0
1.007473168 28.35232322 0.0
1.007027437 28.34686554 0.0
1.011533998 28.35308945 0.0
0.9985032143 28.34758749 0.0
1.004881252 28.35487756 0.0
1.002589772 28.3510912 0.0
1.001933026 28.34165943 0.0
0.9986612905 28.3408643 0.0
1.005441188 28.34553462 0.0
1.00287461 28.35195618 0.0
1.00919813 28.36033061 0.0
1.002245626 28.35507528 0.0
1.005675235 28.35470114 0.0
1.002216407 28.35677222 0.0
1.007510362 28.35356092 0.0
1.000957094 28.34288655 0.0
0.9980875352 28.33430697 0.0
1.000371886 28.33466169 0.0
1.004580164 28.35140859 0.0
1.00703148 28.35301816 0.0
1.008008512 28.35876458 0.0
0.9985608294 28.34138212 0.0
1.010273455 -28.36300452 0.0
1.01137987 -28.34611125 0.0
1.008400863 -28.34835041 0.0
1.006441802 -28.34755992 0.0
1.007135656 -28.35231101 0.0
1.00803087 -28.35260215 0.0
1.008608091 -28.35340532 0.0
1.008766202 -28.34935774 0.0
1.004026043 -28.35483813 0.0
0.9967670639 -28.33870882 0.0
1.007213518 -28.35430348 0.0
1.004756131 -28.35777312 0.0
1.007485354 -28.35807746 0.0
1.002897918 -28.35824445 0.0
1.007894554 -28.35547803 0.0
1.007096368 -28.3556189 0.0
1.009758815 -28.35848758 0.0
1.00859311 -28.35167573 0.0
1.008933702 -28.35203631 0.0
1.008392045 -28.35228051 0.0
1.005484723 -28.35002387 0.0
0.9993787733 28.31634175 0.0
1.010381924 28.35702753 0.0
1.002398158 28.32731242 0.0
1.007984866 -28.35544318 0.0
1.009988163 -28.35656428 0.0
1.001101608 -28.31779848 0.0
1.009161767 -28.34936544 0.0
1.007061586 -28.34748461 0.0
1.00242024 -28.3377301 0.0
1.002500279 -28.31933683 0.0
1.008614102 -28.34870754 0.0
1.000288607 -28.31719034 0.0
1.006727226 -28.34742179 0.0
0.999375057 -28.3184501 0.0
1.00809531 -28.35402233 0.0
1.005078286 -28.34706426 0.0
1.003478598 -28.34509312 0.0
0.9995148856 -28.31563552 0.0
0.9983899001 -28.31651286 0.0
1.007418235 -28.34623611 0.0
0.9992266816 -28.3127716 0.0
1.0037678 -28.34423743 0.0
0.9979424347 -28.3262185 0.0
1.004975625 -28.34317533 0.0
1.000661163 -28.3307869 0.0
1.011005528 -28.36696226 0.0
1.011239409 -28.38244559 0.0
1.011768161 -28.36187901 0.0
1.000053129 -28.31870222 0.0
1.008520183 -28.35276013 0.0
1.000453064 -28.31686604 0.0
1.000341691 -28.32278843 0.0
1.010861546 -28.35717371 0.0
1.0027215 -28.32489123 0.0
1.014788251 -28.35493272 0.0
1.006342567 -28.35641723 0.0
1.006401925 -28.35470112 0.0
1.005843194 -28.35373825 0.0
0.9990767564 -28.3219965 0.0
1.006391128 -28.35256981 0.0
0.9990169595 -28.32218758 0.0
1.009478805 -28.3581292 0.0
1.006501521 -28.34942642 0.0
0.9999614223 -28.31686396 0.0
1.000955268 -28.33701046 0.0
1.000539555 -28.32206115 0.0
1.00849676 -28.35345362 0.0
1.00902603 -28.34999699 0.0
1.001172712 -28.31889615 0.0
1.000046882 -28.34028768 0.0
1.007494319 -28.34817095 0.0
1.00095054 -28.3185864 0.0
1.008645119 -28.35577648 0.0
1.00917401 -28.35204483 0.0
0.9985943302 -28.32062085 0.0
1.009328808 -28.3507245 0.0
0.9998035965 -28.31678695 0.0
1.009438604 -28.35217066 0.0
1.00683528 -28.35129766 0.0
1.00041696 -28.3214201 0.0
0.9970652928 -28.31896928 0.0
1.01360513 -28.35543824 0.0
1.002128025 -28.31524995 0.0
1.013835858 -28.35163013 0.0
1.011158128 -28.35265512 0.0
1.007343146 -28.36963125 0.0
0.9866334371 -28.32228552 0.0
1.010910474 -28.36713781 0.0
1.014443944 -28.35828259 0.0
1.016100822 -28.35957328 0.0
0.9357335315 -28.33148216 0.0
1.019743257 -28.35170492 0.0
1.010707852 -28.35182436 0.0
1.004934489 28.34807176 0.0
0.9996040872 28.31995391 0.0
0.9996393108 28.31856233 0.0
0.9995561611 28.31546074 0.0
0.9991580613 28.31695726 0.0
1.002496674 28.354476 0.0
1.004942372 28.34365598 0.0
1.000872779 28.32059991 0.0
1.01066912 28.35920982 0.0
0.9982059218 28.31501592 0.0
1.000978791 28.35334969 0.0
1.000830436 28.3219501 0.0
0.9996608046 28.3195861 0.0
1.007302211 28.34205066 0.0
0.9987684848 28.31958025 0.0
1.013203603 28.35203651 0.0
1.001703339 28.32057437 0.0
0.9988317598 28.31696683 0.0
0.9997023467 28.31283364 0.0
1.007544257 28.33826002 0.0
1.015276707 28.35933825 0.0
1.009763194 28.3630081 0.0
0.9966363061 28.32004498 0.0
0.9998940731 28.32990579 0.0
0.9998013702 28.31998763 0.0
0.9985926003 28.32230102 0.0
1.003138493 28.35784102 0.0
1.00001981 28.31651055 0.0
0.9999189114 28.32295747 0.0
1.006966275 28.36145949 0.0
1.006867681 28.35305631 0.0
1.001417905 28.32710868 0.0
0.9981812026 28.31626578 0.0
1.006235408 28.34921464 0.0
0.9982359378 28.32053012 0.0
0.9979424901 28.3238073 0.0
1.006702212 -28.35706805 0.0
1.010165332 -28.35237589 0.0
0.9966539704 -28.31662537 0.0
1.013944497 -28.34739096 0.0
0.9993711992 -28.32062669 0.0
1.010684011 -28.34960123 0.0
1.007665515 -28.36419296 0.0
1.008378384 -28.36990587 0.0
1.011547794 -28.36739802 0.0
1.012035026 -28.35745385 0.0
1.016406488 -28.35439079 0.0
1.020683562 -28.35169989 0.0
1.012223287 -28.35400031 0.0
1.008459345 28.35387324 0.0
1.010617218 28.35303112 0.0
1.012391811 28.35056011 0.0
1.006503265 28.35470581 0.0
1.010088204 28.35449771 0.0
1.000775974 28.32358044 0.0
1.007564972 28.35924774 0.0
1.016102139 28.35157373 0.0
1.011205738 28.35217709 0.0
0.9983714653 -28.33877231 0.0
1.007135476 -28.35556991 0.0
1.009896379 28.36110932 0.0
1.008703325 28.35345446 0.0
0.9997813759 28.32078573 0.0
1.001678329 28.3232489 0.0
1.002251097 28.35057735 0.0
1.006942378 28.35942054 0.0
1.014308947 28.35946089 0.0
1.008312886 28.35022341 0.0
1.009611272 28.35441718 0.0
0.9998385491 28.32177794 0.0
1.001169431 28.3226486 0.0
1.001203685 28.34955034 0.0
1.000397016 28.34569964 0.0
1.002168318 28.31666536 0.0
1.007485488 28.34718927 0.0
0.9993241706 28.31920275 0.0
1.000695476 28.32629153 0.0
1.00814401 28.36015782 0.0
1.012818552 28.35437269 0.0
1.011105153 28.35596626 0.0
1.001757007 -28.3362643 0.0
1.000374762 -28.31764725 0.0
1.010313785 -28.34514672 0.0
0.9998130085 -28.31755392 0.0
1.007955894 -28.34841308 0.0
0.9929315557 28.32521331 0.0
1.005467319 -28.34769621 0.0
0.9974067261 -28.31825758 0.0
1.008101713 -28.34459868 0.0
0.9978503595 -28.33513519 0.0
1.000112315 -28.32328573 0.0
1.009326371 -28.37743915 0.0
1.008256896 -28.36360916 0.0
1.012399419 -28.3813062 0.0
1.010586383 28.36563438 0.0
1.007782894 28.35731845 0.0
1.007790289 -28.35090075 0.0
1.012810751 -28.36091372 0.0
1.014006902 -28.38072168 0.0
1.000222677 28.31598294 0.0
0.9999031786 28.31603315 0.0
1.004468815 28.34402807 0.0
1.007141888 28.36135728 0.0
1.00529063 28.3510809 0.0
1.004132046 28.34939133 0.0
1.003499966 28.34800921 0.0
1.007989274 28.35969725 0.0
1.007398051 28.35186825 0.0
1.001653871 -28.32390479 0.0
1.011863424 -28.34853282 0.0
1.00854523 -28.34923686 0.0
1.005935165 -28.35533329 0.0
0.9999638276 -28.32401468 0.0
1.003582203 -28.3571595 0.0
1.000406738 -28.32081805 0.0
1.005391361 -28.35161211 0.0
1.002939124 -28.35195012 0.0
0.9999342434 -28.31895212 0.0
1.006298689 -28.34795433 0.0
1.000437903 -28.3220863 0.0
1.000958658 -28.31842323 0.0
1.009218443 -28.34955926 0.0
1.005384913 -28.34580631 0.0
0.9955749151 28.32871473 0.0
1.000913704 -28.31679515 0.0
0.9983376809 -28.31844982 0.0
0.9984236032 -28.33658931 0.0
1.005698009 -28.34662779 0.0
1.004775678 -28.34573903 0.0
1.006446232 -28.35532177 0.0
1.012253254 -28.35196049 0.0
1.006013533 -28.35309965 0.0
1.00174853 -28.31512466 0.0
0.9961701571 -28.32703034 0.0
0.962014819 -28.33244533 0.0
0.9832403772 -28.32263686 0.0
0.995791552 -28.3266397 0.0
0.998742932 -28.33662686 0.0
1.006317733 -28.34885393 0.0
1.000073258 -28.32187095 0.0
0.998548625 -28.31577211 0.0
1.005229194 28.3504199 0.0
1.006948747 28.3521124 0.0
1.005686563 28.36152725 0.0
1.009320294 28.35990797 0.0
1.003712187 28.35090267 0.0
1.004048123 28.34691898 0.0
1.002313325 28.34955205 0.0
1.010326412 -28.36079405 0.0
1.010138568 -28.3479843 0.0
1.012137434 -28.34563248 0.0
1.009813573 -28.34870546 0.0
1.007068789 -28.34795531 0.0
1.00776384 -28.34675158 0.0
1.007179306 -28.35211316 0.0
1.008134237 -28.35390048 0.0
1.008837946 -28.35267722 0.0
1.009407508 -28.34938679 0.0
1.007731892 -28.34672333 0.0
1.003849764 -28.34062255 0.0
1.009161268 -28.36628296 0.0
1.011060004 -28.3812803 0.0
1.015366583 -28.37933247 0.0
1.013607161 -28.35948052 0.0
1.012514667 -28.3571488 0.0
1.01518044 -28.35459526 0.0
1.005679845 -28.35648956 0.0
1.00725278 -28.35376604 0.0
1.00593104 -28.35449574 0.0
1.00551086 -28.35597682 0.0
1.002592052 -28.35774456 0.0
1.006740258 -28.35438791 0.0
1.007343331 -28.3531178 0.0
1.010993895 -28.3580408 0.0
1.008978303 -28.34780986 0.0
1.006150955 -28.34866675 0.0
1.008167236 -28.35229656 0.0
1.008850428 -28.34940442 0.0
1.008903352 -28.35157072 0.0
1.008207421 -28.35226401 0.0
1.008901024 -28.35162935 0.0
1.010597476 -28.35125361 0.0
0.9997370072 28.26283581 0.0
1.000287206 28.26271075 0.0
1.000781586 28.27168353 0.0
1.002359436 28.27341474 0.0
0.9994646047 28.2653453 0.0
0.999508252 28.26618489 0.0
0.9997645425 28.26415263 0.0
0.9997414506 28.26177139 0.0
0.9999777558 28.26745972 0.0
0.9998916953 28.26810655 0.0
1.000108993 28.26883975 0.0
1.00089307 28.26890203 0.0
0.9986422388 28.26162788 0.0
1.000531146 28.2612358 0.0
1.000790007 28.2693396 0.0
1.000557937 28.26821797 0.0
0.9999760931 28.26516595 0.0
1.001630652 28.26135804 0.0
0.9986915537 28.26508318 0.0
1.00185062 28.26656329 0.0
0.9987874379 28.26359543 0.0
1.000122918 28.26163505 0.0
0.9994651383 28.25935145 0.0
1.009635655 -28.35088796 0.0
1.007730764 -28.35566388 0.0
1.008166027 -28.35518397 0.0
1.005143424 -28.35707687 0.0
1.006579639 28.35644028 0.0
1.011692508 28.35302674 0.0
1.008182851 28.35056975 0.0
1.011580878 28.3612559 0.0
1.012195953 28.36160224 0.0
1.016831281 28.3602983 0.0
1.006138564 28.3503106 0.0
1.011126164 28.34415171 0.0
1.010047042 28.3462226 0.0
1.012959361 28.35188219 0.0
1.011806538 28.35095701 0.0
1.017951033 28.3515446 0.0
1.011125728 28.353024 0.0
1.009507665 28.35200435 0.0
1.005904092 28.3536697 0.0
1.011231996 28.3600372 0.0
1.014354339 28.35075718 0.0
1.011687605 28.35035759 0.0
1.009403739 28.35192321 0.0
1.008319519 28.35357754 0.0
1.005179755 28.35334402 0.0
1.002518224 28.35357152 0.0
1.002932467 28.34572253 0.0
1.003588952 28.35045857 0.0
1.008709209 28.35105188 0.0
1.003222372 28.36128424 0.0
1.00780514 28.35987181 0.0
1.011931696 28.35692634 0.0
1.016703822 28.36125182 0.0
1.013129018 28.35674899 0.0
1.014826429 28.3526556 0.0
0.9984197685 -28.2636539 0.0
0.9999531336 -28.26382935 0.0
0.9991343411 -28.26469721 0.0
0.9972472101 28.26456461 0.0
0.9973118361 28.26552506 0.0
1.00080925 28.27063217 0.0
0.9998207451 28.26668119 0.0
0.9997887209 28.26636648 0.0
1.001421677 28.26924114 0.0
0.9986674409 28.26827891 0.0
1.000437969 28.26263166 0.0
0.9997533381 28.26296724 0.0
1.000085264 28.2687103 0.0
1.001149915 28.27311563 0.0
1.000558526 28.27144918 0.0
0.99833365 28.26290573 0.0
0.9994099226 28.26196875 0.0
1.007010502 -28.34975194 0.0
1.013891317 -28.34645946 0.0
1.007554636 -28.36407175 0.0
1.009992398 -28.3681106 0.0
1.012369356 -28.36562778 0.0
1.015807815 -28.35319767 0.0
1.021276551 -28.35141983 0.0
1.002188279 -28.27098347 0.0
0.9998403404 -28.26551188 0.0
0.9993123531 -28.31825397 0.0
1.000490775 -28.26817357 0.0
0.9986056734 -28.26154664 0.0
0.9973908861 28.26687341 0.0
0.9955090803 28.27066693 0.0
0.9906635081 28.27563322 0.0
1.002850206 -28.32016306 0.0
0.9938348914 -28.27359485 0.0
0.9772654249 -28.27015015 0.0
1.012897744 -28.35374555 0.0
0.999077455 28.26320911 0.0
0.9997233924 28.32152732 0.0
1.000943229 28.31562242 0.0
1.000741572 28.32496995 0.0
1.011552482 28.3621282 0.0
1.011503081 -28.35620141 0.0
1.008800838 28.36071966 0.0
1.001223143 28.34934303 0.0
1.000510833 28.31640847 0.0
1.010067928 28.36068883 0.0
1.013551332 28.35094264 0.0
1.011706514 28.35877028 0.0
1.005074484 -28.34434215 0.0
1.000544508 -28.33082593 0.0
0.9973363144 -28.32012319 0.0
0.9995300841 -28.26303883 0.0
1.006307418 -28.35458166 0.0
1.002267899 -28.26545405 0.0
0.9983613656 -28.26482111 0.0
1.00046031 -28.26298633 0.0
1.002320454 -28.32513462 0.0
1.009206042 -28.35805078 0.0
1.00037425 -28.27650045 0.0
1.000235644 -28.27632681 0.0
1.00033197 -28.26519072 0.0
1.000135783 -28.26280509 0.0
1.000391244 -28.26817988 0.0
1.002359194 -28.27090793 0.0
0.9979349923 -28.26588022 0.0
1.001750263 -28.26127197 0.0
0.9992378554 -28.26824129 0.0
1.000344562 -28.26840838 0.0
1.000028096 -28.27009422 0.0
1.000532081 -28.26729414 0.0
0.9989864486 -28.26777896 0.0
1.000201011 -28.26250221 0.0
1.00889713 -28.35091048 0.0
1.001176188 -28.34514565 0.0
0.9997815647 -28.26470621 0.0
1.000976212 -28.26534193 0.0
1.000065682 -28.26812562 0.0
1.000928406 -28.26508329 0.0
0.9973155925 -28.26469982 0.0
1.001803334 -28.26160144 0.0
0.9964783516 -28.26324155 0.0
0.9982197519 -28.26652621 0.0
1.002087016 28.26303439 0.0
1.010736408 -28.34749603 0.0
1.012483321 -28.34491165 0.0
1.012023605 -28.34963832 0.0
1.007826048 -28.34854268 0.0
1.006891912 -28.34632023 0.0
1.00710704 -28.35233466 0.0
1.008301852 -28.35363107 0.0
1.009580412 -28.34925693 0.0
1.007815696 -28.3472558 0.0
1.008741136 -28.34396786 0.0
1.003383914 -28.33993455 0.0
1.007290312 -28.36738717 0.0
1.01630839 -28.3785498 0.0
1.014469011 -28.35879422 0.0
1.014296152 -28.35709675 0.0
1.015672392 -28.35442821 0.0
1.006183031 -28.35635638 0.0
1.007285664 -28.35360022 0.0
1.005425046 -28.35400651 0.0
1.002833868 -28.35747875 0.0
1.006567293 -28.35462612 0.0
1.00763708 -28.35148206 0.0
1.01147397 -28.35790356 0.0
1.009249087 -28.35841147 0.0
1.008649613 -28.34677142 0.0
1.006463153 -28.34868875 0.0
1.009021053 -28.3505535 0.0
1.008577669 -28.34933305 0.0
1.008940183 -28.35182053 0.0
1.006107339 28.34978147 0.0
1.006269687 28.351099 0.0
1.004979824 28.36159755 0.0
1.00893926 28.35993887 0.0
1.004001457 28.35178682 0.0
1.005105751 28.34663213 0.0
1.002331307 28.34892651 0.0
1.007308938 28.35776899 0.0
1.008262779 -28.35225289 0.0
1.005530315 -28.34776777 0.0
1.00868543 -28.35238032 0.0
1.011728568 -28.35095204 0.0
0.9997188209 28.11011507 0.0
1.000044226 28.10989913 0.0
1.000711357 28.11805142 0.0
1.002280004 28.12018269 0.0
0.9996781041 28.11245153 0.0
1.001966642 28.11024381 0.0
0.9999180295 28.11082579 0.0
0.9998355535 28.10900025 0.0
0.9990720786 28.11030949 0.0
1.000041293 28.1142855 0.0
0.9997978225 28.11518467 0.0
1.000240978 28.11414251 0.0
1.000695639 28.11568086 0.0
0.9990393964 28.10898406 0.0
1.000256508 28.10806602 0.0
1.000740826 28.11595069 0.0
1.00050315 28.1151495 0.0
1.000255071 28.11181135 0.0
1.001653251 28.10869796 0.0
0.9987540169 28.1116691 0.0
1.001798475 28.11337634 0.0
0.9988261417 28.11082112 0.0
0.9992641054 28.10652583 0.0
0.997462571 28.11124344 0.0
1.011796538 28.3532445 0.0
1.008647643 28.34948982 0.0
1.012141895 28.36164958 0.0
1.011447274 28.36167779 0.0
1.018755299 28.35916798 0.0
1.005675993 28.35131876 0.0
1.01032571 28.34362357 0.0
1.010150728 28.34584842 0.0
1.011609272 28.35077864 0.0
1.011719647 28.35216211 0.0
1.009478265 28.35140429 0.0
1.00586389 28.35277952 0.0
1.009873845 -28.35039728 0.0
1.008233615 -28.35591191 0.0
1.008713905 -28.35521967 0.0
1.00497471 -28.3571928 0.0
0.9977963023 28.11221971 0.0
0.9997859151 28.12262072 0.0
0.9998598276 28.11397152 0.0
0.9997743184 28.11297112 0.0
1.001239086 28.11600057 0.0
0.9988773065 28.11505957 0.0
1.000707989 28.10975673 0.0
0.9997853102 28.11016894 0.0
1.000163929 28.11546145 0.0
1.000831638 28.11987473 0.0
1.000404849 28.11834845 0.0
0.9984683312 28.11022127 0.0
0.9987836952 28.10893599 0.0
0.9958611058 28.11401398 0.0
0.9914152168 28.1179838 0.0
0.9819245592 28.12254388 0.0
0.9827136195 28.27359684 0.0
0.9259046379 28.11667212 0.0
0.8637694864 28.11294653 0.0
0.7465147516 28.11078011 0.0
1.004154203 -28.34784767 0.0
1.01384335 -28.34691494 0.0
1.009967256 -28.34969129 0.0
1.009150956 -28.36501791 0.0
1.012003299 -28.36739333 0.0
1.012820697 -28.36530116 0.0
1.011490477 -28.355003 0.0
1.015230787 -28.35442626 0.0
1.022214353 -28.35165569 0.0
1.009265226 28.36100804 0.0
1.010659295 28.36140082 0.0
1.014133471 28.35083532 0.0
1.011067977 28.35109905 0.0
1.008916569 28.35146933 0.0
1.007851458 28.35332855 0.0
1.005062663 28.35437943 0.0
1.002974443 28.35334093 0.0
1.001306418 28.34934811 0.0
1.003189528 28.34503382 0.0
1.003790985 28.35063605 0.0
1.0016816 28.34748733 0.0
1.009055633 28.35195603 0.0
1.003046944 28.36084478 0.0
1.010272049 28.36064044 0.0
1.013860533 28.35716071 0.0
1.014601325 28.35156516 0.0
1.015218876 28.36045396 0.0
1.010900139 28.35837129 0.0
1.013561517 28.35716857 0.0
1.014667055 28.3529431 0.0
1.00021091 -28.26313182 0.0
1.000490425 -28.10987063 0.0
0.999821444 -28.26926936 0.0
0.9978663891 -28.2646552 0.0
0.9991618055 -28.26143788 0.0
0.9989831364 -28.25937508 0.0
1.000099202 -28.12262431 0.0
0.9985304584 -28.11262252 0.0
0.9990423443 -28.11445829 0.0
1.000885619 -28.26444093 0.0
1.013680369 -28.35335399 0.0
1.008248624 -28.36287267 0.0
0.9987402 -28.10848653 0.0
1.001986654 -28.11275148 0.0
0.9988440696 -28.26691398 0.0
0.9998790965 -28.26257018 0.0
1.000289793 -28.26735821 0.0
1.001333548 -28.27023442 0.0
0.99636615 -28.1134632 0.0
0.9904912221 -28.27404945 0.0
0.9265741171 -28.28128048 0.0
0.8596855037 -28.12089586 0.0
0.8694436294 -28.27948232 0.0
0.7447764405 -28.10740196 0.0
0.9995429031 28.11309442 0.0
1.000508565 28.26698067 0.0
1.000025298 28.10834221 0.0
1.012840516 28.35169891 0.0
1.018583401 28.3511822 0.0
1.007468163 28.35961331 0.0
1.000825732 -28.11246703 0.0
1.000026102 -28.11496569 0.0
1.000935982 -28.11216642 0.0
1.000034682 -28.10947847 0.0
1.000136272 -28.11418181 0.0
1.010656665 -28.35972062 0.0
0.9999214988 28.27597565 0.0
1.0014919 28.32482877 0.0
0.9996891598 28.31657329 0.0
1.009085944 -28.35213051 0.0
1.005445065 -28.35654 0.0
0.9989216179 -28.1118089 0.0
0.9995459992 -28.11588599 0.0
0.9981058055 -28.11169503 0.0
0.9987187861 -28.10919882 0.0
0.9986650912 -28.26250567 0.0
0.9987341016 -28.10657994 0.0
0.9988906335 -28.1082252 0.0
0.9982389132 -28.27145296 0.0
1.00208999 -28.11757223 0.0
0.9992784943 -28.115104 0.0
0.9998686515 -28.11272799 0.0
1.000409315 -28.10929733 0.0
1.000787363 -28.11136285 0.0
1.000493248 -28.11489175 0.0
1.005539451 28.349406 0.0
1.005019726 28.36146941 0.0
1.00837064 28.36034496 0.0
1.004192766 28.35202507 0.0
1.003132587 28.34867662 0.0
1.00796973 -28.37637485 0.0
1.009445769 -28.37680835 0.0
1.010913585 -28.35874073 0.0
1.012905309 -28.3447563 0.0
1.012955788 -28.34852178 0.0
1.008518081 -28.34949933 0.0
1.006536749 -28.3462283 0.0
1.008443248 -28.35335726 0.0
1.009247553 -28.35188698 0.0
1.00961679 -28.3493507 0.0
1.008502766 -28.34736447 0.0
1.002923867 -28.33953448 0.0
1.005953879 -28.36863222 0.0
1.01023509 -28.37995425 0.0
1.017109625 -28.37777146 0.0
1.015153633 -28.35830016 0.0
1.015923578 -28.35718663 0.0
1.013767282 -28.35380572 0.0
1.006856706 -28.35620523 0.0
1.007265363 -28.35339945 0.0
1.005285987 -28.35624064 0.0
1.006938613 -28.35427952 0.0
1.008395656 -28.35050421 0.0
1.011090427 -28.35825274 0.0
0.9990648649 -28.11040328 0.0
0.9990113318 -28.1097821 0.0
1.001773774 -28.11241289 0.0
0.9983474603 -28.11189584 0.0
0.9992353177 -27.7065167 0.0
0.9984717889 -27.69929123 0.0
0.9985359359 -27.69760638 0.0
0.9983956866 -28.11759444 0.0
1.000037296 -27.71321778 0.0
1.000595874 -28.11241671 0.0
1.000909755 -27.70350499 0.0
1.000027178 -28.10979137 0.0
1.000383165 -28.11470267 0.0
1.001950969 -27.70828682 0.0
1.000266878 -28.11534202 0.0
1.000002444 -28.11687118 0.0
1.000616045 -28.11443611 0.0
1.001996402 -28.11771902 0.0
1.000572779 -27.70067604 0.0
1.000102027 -28.11184515 0.0
1.008857041 -28.35872768 0.0
1.00853872 -28.34614979 0.0
1.007005195 -28.34895599 0.0
1.008135988 -28.35178997 0.0
1.008367091 -28.34929878 0.0
1.008963258 -28.3522174 0.0
1.008431934 -28.35266583 0.0
1.005210522 -28.34723262 0.0
1.008683592 -28.35257744 0.0
1.012460228 -28.35065531 0.0
1.009785191 -28.35027121 0.0
1.008659147 -28.35612297 0.0
1.009318309 -28.35622779 0.0
1.00590115 -28.35691361 0.0
1.001771263 -28.34704629 0.0
1.011237435 -28.34686797 0.0
1.009565308 -28.35078878 0.0
1.013199368 -28.36571608 0.0
1.012073019 -28.35378553 0.0
1.014445526 -28.35425422 0.0
1.013948386 -28.35303775 0.0
1.008045004 -28.3627324 0.0
0.9992754265 27.70168591 0.0
0.9995669836 27.7012924 0.0
1.000578244 27.70863259 0.0
1.002225633 27.71088754 0.0
0.9999174681 27.70376653 0.0
1.001907017 27.70161905 0.0
0.9996979085 27.70418958 0.0
1.000155826 27.70214565 0.0
0.9999259582 27.70066813 0.0
0.9990320334 27.70173587 0.0
0.9999009756 27.70546842 0.0
0.9995129145 27.70636246 0.0
1.000114988 28.11586276 0.0
1.000045439 27.70530985 0.0
1.000629198 27.70654761 0.0
0.9993940025 27.70046766 0.0
1.000109685 27.69947233 0.0
1.000733414 27.70670614 0.0
1.000544664 27.70598667 0.0
1.000492065 27.70289909 0.0
1.001591434 27.70011219 0.0
0.9989261182 27.70259868 0.0
1.001769202 27.70420817 0.0
0.9989014405 27.70188305 0.0
0.9998378864 27.69947911 0.0
0.9991171433 27.69766746 0.0
0.9976869739 27.70198928 0.0
1.011412139 28.35358059 0.0
1.009085691 28.34900846 0.0
1.012045974 28.36190549 0.0
1.010963193 28.36177296 0.0
1.005240701 28.35099121 0.0
1.009951365 28.34334908 0.0
1.010746706 28.34573064 0.0
1.012525731 28.3516331 0.0
1.011486297 28.35077583 0.0
1.018747288 28.35114191 0.0
1.01185308 28.35130541 0.0
1.009969028 28.3511757 0.0
1.007008291 28.35194162 0.0
1.010735618 28.36180879 0.0
1.010488646 28.36265277 0.0
1.013411872 28.35076649 0.0
1.01028803 28.35116647 0.0
1.008341344 28.35130089 0.0
1.007679055 28.35307603 0.0
1.004774203 28.35446384 0.0
1.003129516 28.35336536 0.0
1.001126067 28.3494975 0.0
1.003674077 28.34484867 0.0
1.004141002 28.35047711 0.0
1.002963777 28.34816242 0.0
1.009239092 28.35207212 0.0
1.003117722 28.36111056 0.0
1.00713496 28.35956679 0.0
1.01081564 28.36057703 0.0
1.016244788 28.35750875 0.0
1.015087321 28.35178851 0.0
1.013612841 28.35988727 0.0
1.015360839 28.3574469 0.0
1.014214827 28.35369165 0.0
0.9988860571 -27.69986977 0.0
0.9990841839 -28.11381471 0.0
1.00112098 -28.11710851 0.0
0.9975672374 -28.11146638 0.0
1.001398335 -28.10876972 0.0
0.9961042907 -28.11057227 0.0
0.995534429 -27.70200168 0.0
0.9816285202 -28.1210412 0.0
0.9598440917 -28.11697639 0.0
0.9275418126 -28.11634858 0.0
0.9979608765 27.70336943 0.0
0.9996997902 27.70841254 0.0
0.9997725763 27.70512672 0.0
0.9998271799 27.70396906 0.0
1.001132047 27.70682414 0.0
0.9991652805 27.70594126 0.0
1.000937759 27.70110269 0.0
0.9998067073 27.70150143 0.0
1.000182528 27.70644357 0.0
1.000459545 27.71060827 0.0
1.000195408 27.70913753 0.0
0.9983740802 27.70151609 0.0
0.99803961 27.70021808 0.0
0.9935046512 27.70521282 0.0
0.9845491 27.70836742 0.0
0.9672323489 27.71066168 0.0
0.9336485276 27.70493515 0.0
0.8641783673 27.6919797 0.0
0.7436265298 27.66896704 0.0
0.5236998808 27.62727887 0.0
1.007186985 -28.35295488 0.0
0.99716044 -27.7024248 0.0
0.9979566951 -27.70143833 0.0
1.000959358 -27.70372261 0.0
1.010382633 28.35400328 0.0
0.9982104437 -27.70307958 0.0
0.9986165044 -27.7029587 0.0
0.9986053382 -27.69997974 0.0
0.9984023037 -27.70787996 0.0
1.000127146 -27.701083 0.0
1.000401653 -27.7055432 0.0
0.9999178761 -27.70765555 0.0
1.001642328 -28.10849114 0.0
1.000629634 -27.7054723 0.0
1.000497658 -27.70572693 0.0
1.000333369 -27.70300736 0.0
1.000149381 28.11742511 0.0
0.99992653 -27.70513845 0.0
1.001013025 -27.70788187 0.0
0.9978326764 -27.70256167 0.0
1.000909473 -27.70001696 0.0
0.9669468407 -27.70880472 0.0
0.9294210857 -27.701373 0.0
0.9896914852 -28.12056177 0.0
0.9827740003 -27.71033808 0.0
0.8651473015 -27.69124276 0.0
0.9645996851 28.12052751 0.0
1.007174994 28.34964546 0.0
1.020864388 28.35793576 0.0
1.010442363 28.35834005 0.0
1.006135461 -28.34828269 0.0
1.008091017 -28.35176034 0.0
1.010713682 -28.3804177 0.0
0.998050327 26.71118225 0.0
0.9986480885 26.71051229 0.0
1.000457564 26.71685348 0.0
1.002219939 26.71882605 0.0
1.000131312 26.71253882 0.0
1.000178339 26.71301105 0.0
1.000452371 26.71142355 0.0
0.9998805317 26.71033422 0.0
0.9989230161 26.71106799 0.0
0.9994822441 26.71459987 0.0
0.9989085687 26.71521691 0.0
0.9998055124 26.71587979 0.0
1.000058685 26.71396566 0.0
1.000715877 26.71512173 0.0
0.999520636 26.70964124 0.0
1.000031708 26.70869566 0.0
1.000746849 26.71498571 0.0
1.000616128 26.7140679 0.0
1.001563917 26.70900771 0.0
0.9992102998 26.7112033 0.0
1.001640447 26.71251541 0.0
0.9990622886 26.71019961 0.0
0.9997315091 26.70820211 0.0
0.9978536317 26.71048164 0.0
0.9980388741 26.71214249 0.0
0.9994330427 26.71694983 0.0
0.9993185098 26.72101527 0.0
0.999577128 26.71359606 0.0
1.001288679 26.71495836 0.0
0.9994982268 26.71438867 0.0
1.000999754 26.71013739 0.0
0.9997914517 26.71046042 0.0
1.00013305 26.71496108 0.0
1.000131167 26.71850727 0.0
0.9999374193 26.71722113 0.0
0.9980890056 26.71024906 0.0
0.9971990543 26.70902085 0.0
0.9899420312 26.71394597 0.0
0.9738353285 26.7145293 0.0
0.882923073 26.69500153 0.0
0.7610537258 26.65967811 0.0
0.5419144429 26.5930284 0.0
0.1474217812 26.47015829 0.0
1.013583934 -28.35292835 0.0
1.022906757 -28.35174608 0.0
1.02304094 -28.35161612 0.0
1.013389615 -28.35331899 0.0
1.014036997 -28.365595 0.0
1.013326768 -28.36731031 0.0
1.011900607 -28.36583154 0.0
1.009280591 -28.35044571 0.0
1.008818782 -28.35230428 0.0
1.005145503 -28.34670837 0.0
1.008448485 -28.35322278 0.0
1.00892686 -28.35262755 0.0
1.008706232 -28.35056515 0.0
1.008095983 -28.35065773 0.0
1.008818007 -28.35896846 0.0
1.008627389 -28.35026094 0.0
1.007687922 -28.35356828 0.0
1.002987539 -28.35737824 0.0
1.005020469 -28.35454801 0.0
1.00768294 -28.35581656 0.0
1.017834447 -28.35729912 0.0
1.009687847 -28.34405395 0.0
1.008957382 -28.35006985 0.0
1.012952355 -28.34856015 0.0
1.011436759 -28.34662178 0.0
1.012025593 -28.34588175 0.0
1.009856645 -28.37644439 0.0
0.9976824008 -26.71191683 0.0
1.000367844 -27.70117279 0.0
0.9983204048 -26.7114835 0.0
0.9981512641 -27.7026516 0.0
0.9982926149 -26.70818685 0.0
1.00016338 -27.71289225 0.0
1.001299179 -26.71169868 0.0
1.00139667 -27.70000648 0.0
0.9991872248 -27.70610676 0.0
1.000553514 -26.71380494 0.0
0.999156789 -27.70551515 0.0
0.9993147323 -26.7141984 0.0
1.001933854 -27.70858953 0.0
1.002070056 -26.71712458 0.0
1.000022157 -27.70393445 0.0
1.000712806 -27.7035749 0.0
1.00002047 -27.70584714 0.0
1.001603678 -27.70367955 0.0
0.9992875018 -27.70472872 0.0
1.000164345 -26.7096159 0.0
1.00017722 -27.70078837 0.0
0.9946942577 -26.71119291 0.0
0.9934910181 -27.70450384 0.0
0.9891021097 -26.7127346 0.0
0.943496732 -26.70834053 0.0
0.7398582751 -27.67623551 0.0
0.5212639758 -27.62368495 0.0
1.008029567 28.34964119 0.0
1.004823061 28.34726862 0.0
1.005224224 28.36091137 0.0
1.004550646 28.35203362 0.0
1.005811414 28.34670568 0.0
1.007631889 28.35834712 0.0
1.011067174 28.35394437 0.0
1.009619585 28.34848741 0.0
1.012349412 28.36198116 0.0
1.010126347 28.36185995 0.0
1.005192524 28.34985742 0.0
1.01010173 28.34315946 0.0
1.011333882 28.34561131 0.0
1.012106411 28.3517872 0.0
1.011382165 28.35070458 0.0
1.011402678 28.35037151 0.0
1.010841471 28.35093208 0.0
1.008742117 28.35117698 0.0
1.011886022 28.36205052 0.0
1.01012743 28.3637979 0.0
1.012193113 28.3508034 0.0
1.0094031 28.35075813 0.0
1.007737097 28.35111301 0.0
1.007550085 28.35277154 0.0
1.004405931 28.35397679 0.0
1.003409178 28.35337631 0.0
1.001541833 28.34965126 0.0
1.004145102 28.34494211 0.0
1.004803057 28.34857123 0.0
1.008467345 28.3518818 0.0
1.003755997 28.36144556 0.0
1.007129647 28.35953031 0.0
1.011567434 28.36061436 0.0
1.018973903 28.35795797 0.0
1.015041561 28.35159157 0.0
1.011821367 28.35953164 0.0
1.010198557 28.35843776 0.0
1.017358484 28.35771525 0.0
1.013767563 28.35383234 0.0
1.018291589 28.35131878 0.0
1.004417566 28.35014797 0.0
0.9979808833 -26.71087923 0.0
0.9989567598 -26.7146014 0.0
0.9982104838 -26.71536237 0.0
1.000016089 -26.72008684 0.0
1.000492349 -26.72015335 0.0
1.00010414 -26.7145338 0.0
0.9997496814 -26.71582766 0.0
1.000241252 -27.70626446 0.0
1.000718231 -26.7098553 0.0
1.000614929 -27.70252403 0.0
1.000355125 -26.71163739 0.0
1.000652109 -26.71208406 0.0
1.000017339 -26.71424652 0.0
1.000484524 -26.71421464 0.0
1.000753466 -26.71191973 0.0
1.000894807 -27.70325825 0.0
1.002086827 26.71072057 0.0
0.9990424365 -26.70900524 0.0
0.9993654048 -26.71313614 0.0
1.000013687 27.70701161 0.0
1.000658597 26.71165442 0.0
1.001075227 -26.71599704 0.0
0.9979547687 -26.71115885 0.0
1.000671515 -26.70883743 0.0
0.9988586916 26.70607843 0.0
0.9717816068 -26.71529137 0.0
0.9996002802 27.71311883 0.0
0.7620355792 -26.65794647 0.0
0.5384424038 -26.59954349 0.0
0.1440721813 -26.46547686 0.0
1.000112845 26.71253039 0.0
1.008251436 -28.3493333 0.0
1.00767937 -28.34639129 0.0
1.010259293 -28.34868808 0.0
1.015121888 -28.36610614 0.0
1.013104867 -28.3526009 0.0
1.007557318 28.36082678 0.0
1.008836293 -28.36272372 0.0
1.008630463 -28.3456872 0.0
1.003562511 -28.35753024 0.0
1.005662932 -28.35650883 0.0
1.005847549 -28.35586943 0.0
1.004307025 -28.33948445 0.0
1.01030391 -28.34395063 0.0
1.009129344 -28.34692383 0.0
1.009641846 -28.34925658 0.0
1.009202367 -28.35178794 0.0
0.9961674117 -26.71149379 0.0
0.9924799026 -24.62332662 0.0
0.9996811437 -26.71290555 0.0
0.9972662272 -24.62381526 0.0
0.9999416983 -26.71012691 0.0
0.9992524343 -24.62086252 0.0
0.9977642561 -24.61720627 0.0
0.997467385 -24.61747382 0.0
0.9982277985 -26.70567782 0.0
0.9983271499 -24.62384277 0.0
1.000662099 -24.62830867 0.0
1.000460353 -26.71000297 0.0
1.002068837 -26.71633881 0.0
1.000980628 -26.70910812 0.0
0.9984888176 -24.62498226 0.0
0.9989189328 -26.71484964 0.0
1.000358192 -26.71264157 0.0
1.000448538 -26.71125247 0.0
1.000639525 -24.62201966 0.0
1.000088995 -24.6241715 0.0
0.9991423789 -24.61952982 0.0
1.00132643 -26.71226159 0.0
0.9993071939 -24.62297963 0.0
0.9998515849 -26.71359694 0.0
0.983290139 -24.62229928 0.0
0.9563520204 -24.61948564 0.0
0.8792119662 -26.69132159 0.0
-0.4329770972 -24.13912926 0.0
1.008432979 -28.34506127 0.0
1.0073972 -28.34970243 0.0
1.007322055 -28.35201574 0.0
1.007909635 -28.35168919 0.0
1.00770962 -28.35068537 0.0
1.007930402 -28.3488823 0.0
1.00857932 -28.35298459 0.0
1.00872616 -28.35243595 0.0
1.008602112 28.34964086 0.0
1.004211599 28.34720844 0.0
1.00575869 28.36107896 0.0
1.006433412 28.36132631 0.0
1.004791342 28.35213347 0.0
1.006904106 28.34646137 0.0
1.005053726 28.35017277 0.0
1.010359215 -28.3588782 0.0
1.009488653 -28.35953772 0.0
1.008581282 -28.35290251 0.0
1.006364528 -28.35795344 0.0
1.007360944 -28.35300392 0.0
1.007855876 -28.35262794 0.0
1.019298205 -28.35717765 0.0
1.015435031 -28.35726671 0.0
1.017640562 -28.37669988 0.0
1.005367284 -28.36945655 0.0
1.00593884 -28.33932832 0.0
1.009029212 -28.35168029 0.0
1.008547475 -28.35306032 0.0
1.008444259 -28.35273331 0.0
1.00752812 -28.3530583 0.0
1.007851466 -28.35272822 0.0
1.006193045 -28.34584411 0.0
1.013186297 -28.34473666 0.0
1.011338109 -28.35613224 0.0
1.007742809 28.3579164 0.0
1.011135062 28.35459497 0.0
1.010293895 28.34796722 0.0
1.012937306 28.36191051 0.0
1.022498842 28.35768475 0.0
1.006727414 28.34898292 0.0
1.010837652 28.34311047 0.0
1.011528912 28.34546261 0.0
1.011663451 28.35177987 0.0
1.011229943 28.35065069 0.0
1.017174953 28.35155351 0.0
1.010271486 28.34943123 0.0
1.012182765 28.35068446 0.0
1.010118495 28.35060867 0.0
1.013434084 28.36245834 0.0
1.009927474 28.36434329 0.0
1.00847887 28.35032546 0.0
1.007271991 28.35247512 0.0
1.00405025 28.35347867 0.0
1.004032549 28.35336553 0.0
1.002458231 28.34985257 0.0
1.004221989 28.34990405 0.0
1.005325677 28.34843834 0.0
1.008394552 28.35036957 0.0
1.007745112 28.35992546 0.0
1.021626688 28.35847374 0.0
1.014416981 28.34992258 0.0
1.009864423 28.35933815 0.0
1.00961614 28.35882355 0.0
1.019060625 28.35800285 0.0
1.012984233 28.35301128 0.0
1.006306009 -28.34655001 0.0
1.00887405 -28.35190009 0.0
1.012898132 -28.35020456 0.0
0.9964094141 24.62259391 0.0
0.9977960566 24.62115911 0.0
0.9996018834 24.62618584 0.0
1.000830663 24.6228798 0.0
1.002520535 24.62132043 0.0
1.00090677 24.62254094 0.0
0.9997245773 24.62205408 0.0
0.9987599399 24.62232655 0.0
0.9991956507 24.62580475 0.0
0.9986029696 24.62549947 0.0
0.9994778705 24.62628214 0.0
0.999582197 24.62372652 0.0
1.000566242 24.62539427 0.0
0.9998433904 24.62050018 0.0
0.9999068251 24.61933288 0.0
1.000269787 24.62462242 0.0
1.000813878 24.62213131 0.0
1.001526573 24.61948238 0.0
0.9995778008 24.62147455 0.0
0.9993259107 24.61962553 0.0
0.9996404438 24.61840223 0.0
0.9988222509 24.61559068 0.0
0.9984595134 24.62055414 0.0
0.998402295 24.62206014 0.0
0.9987313677 24.62656055 0.0
0.9989677582 24.63018676 0.0
0.9999166868 24.62304195 0.0
0.9999740962 24.6223045 0.0
1.001245546 24.6242668 0.0
0.9999130937 24.62421878 0.0
1.000904081 24.62071692 0.0
0.9996713865 24.62098887 0.0
0.9999432272 24.62491089 0.0
0.9997937785 24.62738358 0.0
0.9997080184 24.62653601 0.0
0.9977525763 24.62036789 0.0
0.9970451918 24.61940846 0.0
0.9855760487 24.62450825 0.0
0.9586057318 24.62063333 0.0
0.9094755903 24.60744766 0.0
0.8074622965 24.57583218 0.0
0.6046151253 24.50636758 0.0
0.2321739018 24.37622315 0.0
-0.428747198 24.14589119 0.0
1.010018992 -28.3499876 0.0
1.009507109 -28.35665187 0.0
1.010225288 -28.35638655 0.0
1.008097788 -28.35590022 0.0
0.9992238286 -28.34491592 0.0
1.004112895 -28.34575332 0.0
1.008678238 -28.34906483 0.0
1.018254506 -28.36591479 0.0
1.01370586 -28.36691564 0.0
1.014836202 -28.36564188 0.0
1.014499083 -28.35132554 0.0
1.011988153 -28.35248823 0.0
1.021684026 -28.35139288 0.0
1.014282891 -28.35206811 0.0
1.010262132 -28.3630396 0.0
1.000735029 24.62322132 0.0
1.014160809 -28.35449136 0.0
1.015455003 -28.35478099 0.0
1.016935427 -28.3760307 0.0
0.9939049288 -26.71331451 0.0
1.009287115 -28.37787001 0.0
1.009749109 -28.37901341 0.0
1.006235071 -28.37030542 0.0
0.9987533689 -24.62409987 0.0
1.009695639 -28.34900397 0.0
1.005953315 -28.34544668 0.0
1.013356784 -28.34456305 0.0
0.9980952213 -26.70780736 0.0
1.007242284 -28.37588087 0.0
1.001345339 -24.62060263 0.0
1.000768137 -24.62347374 0.0
1.001846712 -24.62098772 0.0
1.000602877 -26.71401447 0.0
1.00184211 -24.62536066 0.0
0.9997584357 -24.62239015 0.0
0.9994829876 -26.71240584 0.0
1.000870643 -24.61971982 0.0
1.000222278 -24.62420355 0.0
1.001766072 -24.62692772 0.0
1.000480411 -24.62273497 0.0
1.000785759 -24.6208306 0.0
1.000208922 -24.62134753 0.0
1.010080238 -28.34991176 0.0
1.009842011 -28.356494 0.0
1.000571767 -24.62235141 0.0
0.999883849 -24.62320882 0.0
0.9436555607 26.71087912 0.0
1.0042715 28.34918855 0.0
1.02217417 28.35749575 0.0
1.010360711 28.35074445 0.0
1.004404296 28.36105939 0.0
1.001852046 24.62796668 0.0
1.000560934 24.62352037 0.0
0.9943419066 -20.9096576 0.0
0.9967221896 -24.62239114 0.0
0.9955948348 -20.90794608 0.0
0.9976406372 -20.90637447 0.0
0.9981697935 -24.62014663 0.0
0.9982964148 -20.90407781 0.0
0.9969194322 -20.90124024 0.0
0.9978780625 -24.61452245 0.0
0.9976082641 -20.89760178 0.0
1.000375911 -20.90786976 0.0
0.9994815893 -24.62388839 0.0
1.000894114 -20.9077458 0.0
1.000447181 -24.62419731 0.0
1.000470604 -20.90913031 0.0
1.000193943 -24.62169104 0.0
1.000008907 -20.90682713 0.0
1.000939451 -24.62211002 0.0
1.000897135 -20.90739401 0.0
1.000932052 -24.62544765 0.0
0.9980485404 -24.62116067 0.0
1.000859771 -24.61913762 0.0
0.9929247281 -20.90962047 0.0
0.9942064352 -24.62253171 0.0
0.9098107844 -24.60385322 0.0
0.8040948372 -24.57192581 0.0
0.6060101558 -24.50264432 0.0
0.2289374715 -24.38197391 0.0
1.003885138 28.35004423 0.0
1.006447377 28.3613109 0.0
1.004995753 28.36122151 0.0
1.004814903 28.35190194 0.0
1.007375624 28.34592514 0.0
1.006482624 28.35348146 0.0
1.007535263 -28.3506418 0.0
1.007095817 -28.35156603 0.0
1.008419639 -28.35307869 0.0
1.008288838 -28.34934447 0.0
1.008666235 -28.35936943 0.0
0.993934596 20.90897231 0.0
0.9989250646 20.91038928 0.0
1.001784245 20.91203502 0.0
1.001509611 20.90837535 0.0
1.003052198 20.90730609 0.0
1.00123603 20.90915788 0.0
1.001569596 20.9088036 0.0
0.9996188693 20.90920958 0.0
0.9985519615 20.91263331 0.0
0.9977960476 20.91115398 0.0
0.9990283484 20.91219333 0.0
1.000690789 20.91076671 0.0
0.999835515 20.90644125 0.0
0.9996371492 20.90515615 0.0
0.9998147268 20.90916945 0.0
1.000948587 20.90707855 0.0
1.001020069 20.90788375 0.0
1.00135948 20.90513387 0.0
0.9998860307 20.90695622 0.0
1.000957631 20.90675039 0.0
0.9997225736 20.90387293 0.0
0.9996014826 20.90367394 0.0
0.9989308505 20.89972755 0.0
0.9984531169 20.90697386 0.0
0.9984435174 20.91115665 0.0
0.9986687426 20.91421739 0.0
1.000002817 20.90743443 0.0
1.000132232 20.90716951 0.0
1.001376087 20.90833474 0.0
1.004728903 -28.35673686 0.0
1.006325166 -28.3566032 0.0
1.00917655 -28.35316544 0.0
1.018176247 -28.35545066 0.0
1.013325772 -28.35371886 0.0
1.013844479 -28.37489193 0.0
1.01081768 -28.34385819 0.0
1.009558898 -28.34655764 0.0
1.009338234 -28.35017257 0.0
1.011824438 -28.34930341 0.0
1.013382682 -28.34437219 0.0
1.012304526 -28.34578318 0.0
1.011607297 -28.34563718 0.0
1.009202866 -28.3736659 0.0
1.00660474 -28.37526743 0.0
1.009093789 -28.35258916 0.0
1.007669821 -28.34910383 0.0
1.011057576 -28.35010327 0.0
1.009962408 -28.35010854 0.0
1.010442431 -28.35613748 0.0
0.9983868123 -28.34376107 0.0
1.000353803 20.90881033 0.0
1.000678281 20.9062036 0.0
0.9994877869 20.90649285 0.0
0.9994848102 20.91104504 0.0
0.9996102141 20.91075692 0.0
0.9976439124 20.90546315 0.0
0.9802859341 20.9112874 0.0
0.9405860654 20.90272682 0.0
0.8675800433 20.88120432 0.0
0.7115773261 20.83692359 0.0
0.4022048354 20.738923 0.0
-0.1760241467 20.56220072 0.0
-1.173750974 20.26631481 0.0
1.001265712 -28.34527754 0.0
1.020056083 -28.36469362 0.0
1.015087445 -28.34982599 0.0
1.010549572 -28.35200966 0.0
1.018692578 -28.35109282 0.0
1.013061248 -28.35173876 0.0
1.010924127 -28.36468912 0.0
1.007999258 28.35743438 0.0
1.013657216 28.35770917 0.0
1.011547739 28.3494681 0.0
1.013535108 28.36171122 0.0
1.009107898 28.36238818 0.0
1.019568667 28.35707546 0.0
1.009477324 28.34828038 0.0
1.012223791 28.34293769 0.0
1.010638264 28.34428721 0.0
1.011131422 28.35127679 0.0
1.010168131 28.35041816 0.0
1.008733863 28.34849431 0.0
1.013319237 28.35070021 0.0
1.015104823 28.36282136 0.0
1.008153854 28.34979467 0.0
1.0074762 28.34997414 0.0
1.006002888 28.350678 0.0
1.006331463 28.35212977 0.0
1.003736921 28.3531694 0.0
1.00463144 28.35342348 0.0
1.00426342 28.34993882 0.0
1.005676161 28.34502088 0.0
1.005932694 28.34448999 0.0
1.004177055 28.34979714 0.0
1.005770319 28.34846893 0.0
1.005034615 28.36033699 0.0
1.005451957 28.36006338 0.0
1.012629803 28.3602728 0.0
1.012657176 28.34711937 0.0
1.010446463 28.35872418 0.0
1.020013959 28.35833048 0.0
1.01178342 28.35117553 0.0
0.9961590349 20.90678034 0.0
1.008852927 28.34954394 0.0
1.00836086 -28.35999772 0.0
1.00866139 -28.35969789 0.0
1.009201625 -28.35237506 0.0
1.006069133 -28.35555286 0.0
1.007065834 -28.35670403 0.0
0.9993222787 20.90852261 0.0
1.005564841 -28.35737619 0.0
1.018150096 -28.35841437 0.0
1.019691951 -28.35614803 0.0
1.015044073 -28.35242916 0.0
1.011314197 -28.34440888 0.0
1.009813723 -28.34585691 0.0
1.008582138 -28.34996148 0.0
1.009086094 -28.35100193 0.0
1.010904859 -28.35022591 0.0
1.011569315 -28.35401442 0.0
1.009810049 -28.37558711 0.0
1.008197913 -28.35177869 0.0
1.001389529 24.62215206 0.0
0.9990008045 20.90574475 0.0
1.007108478 -28.34823527 0.0
0.999644042 20.90988264 0.0
1.0153699 28.3513204 0.0
1.01164122 28.35013513 0.0
1.007884733 -28.35288418 0.0
1.009232838 -28.35152806 0.0
1.012749411 -28.35042874 0.0
1.00983038 -28.3560939 0.0
1.000097029 -28.34623967 0.0
1.006978817 -28.35646849 0.0
1.007563877 -28.34745334 0.0
1.015688169 -28.36673277 0.0
1.015614111 -28.36444686 0.0
1.007058757 28.35084206 0.0
1.012210716 28.36047875 0.0
1.02358937 28.35876086 0.0
1.008526646 28.35901635 0.0
0.9802272685 -20.91426077 0.0
0.9884275604 -24.62650578 0.0
0.9876880016 -20.90966974 0.0
0.9981691978 -20.90689079 0.0
1.000626283 -20.907561 0.0
1.001802174 -20.90887841 0.0
1.001906992 -20.90633637 0.0
1.000037553 -20.90724465 0.0
1.000561749 -20.90537025 0.0
0.9980039934 -20.9103005 0.0
0.9990400357 -20.90784984 0.0
0.9994947155 -20.90984769 0.0
0.9995599362 -24.62536457 0.0
1.001090212 -20.90802199 0.0
1.000984839 -20.90943862 0.0
1.000877816 -24.62344802 0.0
0.9998000144 -20.9061957 0.0
1.000689697 -20.90710387 0.0
1.000432416 -24.61994761 0.0
1.001018195 -20.90998551 0.0
0.9982034736 -20.90613499 0.0
1.001997045 -20.9043804 0.0
0.4035818943 -20.73234795 0.0
-0.1801891341 -20.56697019 0.0
-1.17877848 -20.25695843 0.0
0.9912332199 15.50006883 0.0
0.9945007351 15.49763271 0.0
0.9983695612 15.49983216 0.0
1.001715034 15.50180564 0.0
1.002221536 15.49967782 0.0
1.00360879 15.49925236 0.0
1.001833173 15.50041581 0.0
1.002315985 15.50054852 0.0
0.9994893351 15.50207503 0.0
0.9986714275 15.50142231 0.0
0.9980160716 15.50542521 0.0
0.9970158711 15.50256972 0.0
0.9986025259 15.50388886 0.0
0.999046275 15.49903651 0.0
1.000832548 15.50169808 0.0
0.9996494266 15.49825012 0.0
0.999219808 15.49690274 0.0
1.001121116 15.49666995 0.0
1.001055244 15.49680333 0.0
1.000491534 15.49721639 0.0
1.00026654 15.49420451 0.0
0.9992332926 15.48995636 0.0
0.9994665438 15.49702335 0.0
0.9984900247 15.49799759 0.0
0.9983452756 15.50165845 0.0
1.000134676 15.49783286 0.0
1.000284564 15.49808698 0.0
1.00134597 15.49826724 0.0
1.00057703 15.49924923 0.0
1.000314762 15.49756037 0.0
0.9992674533 15.49787594 0.0
0.9993443162 15.50085487 0.0
0.9994514285 15.50068633 0.0
0.9997234997 15.50083983 0.0
0.9979456888 15.49673534 0.0
0.9948206084 15.4978516 0.0
0.9757932541 15.50525394 0.0
0.9283995755 15.49673519 0.0
0.8350604668 15.47744598 0.0
0.6241077098 15.44602903 0.0
0.2039759819 15.36437083 0.0
-0.5865397808 15.24195886 0.0
-1.891974709 15.04277759 0.0
0.9705412335 -15.50514438 0.0
0.982407911 -15.50060526 0.0
0.9977831064 -15.49895147 0.0
0.9985934548 -20.90855778 0.0
0.9975792773 -20.90132183 0.0
0.997775029 -15.49154198 0.0
0.9980726598 -15.49589405 0.0
1.001593195 -15.50044745 0.0
1.002434819 -20.9049241 0.0
0.998657443 -15.49762107 0.0
0.9996427573 -15.50020048 0.0
1.001294508 -15.49850314 0.0
1.001718595 -15.50066604 0.0
1.00171133 -20.91190824 0.0
1.001600196 -15.50277707 0.0
1.000752582 -20.90700833 0.0
1.000506725 -15.49976939 0.0
1.00071811 -15.4983771 0.0
1.000167503 -20.90924517 0.0
1.000313293 -15.50036309 0.0
1.00074437 -15.49865459 0.0
0.9991344824 -15.49725719 0.0
0.999780714 -20.90735046 0.0
0.9989829076 -15.49814118 0.0
0.9992469604 -20.90769219 0.0
1.000432238 -20.90538426 0.0
0.9999347597 -20.90799611 0.0
0.9760217615 -20.90764656 0.0
0.8685451433 -20.87617041 0.0
0.708364809 -20.83241232 0.0
-0.5906368504 -15.24701991 0.0
1.009010043 28.34714057 0.0
1.004819436 28.35962903 0.0
1.003951377 28.36144555 0.0
1.002844089 28.36080326 0.0
1.006604005 28.34450917 0.0
1.008327036 28.35563902 0.0
1.007230944 -28.35006314 0.0
1.006386184 -28.34985262 0.0
1.011604743 -28.36025957 0.0
1.011306476 -28.35049012 0.0
1.008022599 -28.37702093 0.0
1.008705218 -28.3390444 0.0
1.011566163 -28.34461775 0.0
1.00979201 -28.34855594 0.0
1.008644819 -28.35133003 0.0
1.007783702 -28.35253084 0.0
1.008429615 -28.35112901 0.0
1.00524001 -28.37444868 0.0
1.008783145 -28.35664048 0.0
1.008948711 -28.34963493 0.0
1.004412867 -28.3514813 0.0
1.004509461 -28.3472892 0.0
1.006659336 -28.35168912 0.0
1.007181569 28.36085434 0.0
1.013405545 28.35598324 0.0
1.014041695 28.35872539 0.0
1.01289683 28.35513843 0.0
1.01196644 28.34776018 0.0
1.01315492 28.34226142 0.0
1.00727447 28.34283374 0.0
1.010446958 28.34968969 0.0
1.012049325 28.34978358 0.0
1.00630832 28.3475357 0.0
1.013368639 28.34809315 0.0
1.015303581 28.35688136 0.0
1.015977717 28.36267626 0.0
1.008610678 -28.3502987 0.0
1.009270039 -28.3513491 0.0
1.006816473 -28.35029657 0.0
1.009858084 -28.34981849 0.0
1.010075518 -28.35380638 0.0
1.010746263 -28.35771968 0.0
1.004941414 -28.34749457 0.0
0.9994146049 -28.34474461 0.0
1.00551354 -28.3452958 0.0
1.020708241 -28.35991681 0.0
1.014978471 -28.36679474 0.0
1.016383428 -28.3608549 0.0
1.016034021 -28.34731315 0.0
1.011338079 -28.35117882 0.0
1.012608014 -28.34928703 0.0
1.008669213 28.35674637 0.0
1.005361183 28.34732704 0.0
1.006342782 28.34971023 0.0
1.003611056 28.35070079 0.0
1.003603056 28.35304331 0.0
1.004653492 28.35354089 0.0
1.005120306 28.34869087 0.0
1.004111516 28.34987396 0.0
1.00516226 28.34920767 0.0
1.00379766 28.3483359 0.0
1.005264342 28.36027833 0.0
1.007320867 28.36046985 0.0
1.024345541 28.35682652 0.0
1.008047318 28.35760585 0.0
1.007742576 28.35982814 0.0
1.020649422 28.35665376 0.0
1.010260889 28.34695762 0.0
0.9993175163 15.49955527 0.0
0.9986820201 20.90894359 0.0
1.007885586 28.34390896 0.0
1.008914503 -28.35985654 0.0
1.006567282 -28.35876917 0.0
1.007510317 -28.35418826 0.0
1.009278761 -28.35195362 0.0
1.007703077 -28.35665604 0.0
1.009111403 -28.35279092 0.0
1.01826452 -28.35395699 0.0
1.017785203 -28.35391956 0.0
1.00596424 -28.37674507 0.0
1.010502256 -28.3692947 0.0
1.008924509 -28.37126903 0.0
1.011549959 -28.35322914 0.0
1.009611192 -28.34761246 0.0
1.008003211 -28.35068958 0.0
1.005742897 -28.35251393 0.0
0.9967737936 20.90511924 0.0
1.013569616 28.36146886 0.0
1.008879495 28.36186941 0.0
1.006400532 28.35239528 0.0
1.009574062 28.36263546 0.0
1.004563444 28.35156763 0.0
1.00934898 -28.35188209 0.0
1.008050084 28.34923088 0.0
0.9719025411 -15.50020278 0.0
0.926461444 -15.49083019 0.0
0.9914696817 -15.50164543 0.0
0.9383604414 -20.89919309 0.0
0.8361282941 -15.47122358 0.0
1.012207127 -28.34437178 0.0
1.008240794 -28.34567674 0.0
1.011684076 -28.34989798 0.0
1.007265543 -28.36812414 0.0
1.009434894 -28.35551305 0.0
0.9997940659 -15.49581404 0.0
1.000227575 -15.49803516 0.0
1.001253005 -20.91125267 0.0
1.001959647 -15.49827779 0.0
1.000259258 -15.49675867 0.0
0.9991550824 -20.90534327 0.0
1.000534558 -15.49496849 0.0
0.9991860591 -15.49813623 0.0
0.9987543776 -15.49864172 0.0
0.9946144734 -15.49874034 0.0
0.9974985456 -15.4973705 0.0
1.001360289 -15.49851965 0.0
1.000617426 -15.49905933 0.0
0.9992405398 -15.49671209 0.0
1.01077492 -28.36037109 0.0
0.9986458773 28.35737043 0.0
1.003286731 28.34361424 0.0
0.9894855033 -28.3393422 0.0
1.006615843 -28.34245186 0.0
0.9987856965 -28.34419345 0.0
1.010170124 -28.355933 0.0
0.9832892886 -28.35485066 0.0
1.010355757 -28.33566261 0.0
1.000862 -28.34792978 0.0
0.9970332807 -28.33748259 0.0
1.009478634 -28.35270889 0.0
0.9960603189 -28.34353528 0.0
1.007584795 -28.35013936 0.0
0.9947287607 -28.35028059 0.0
1.009084291 -28.34014826 0.0
0.9915364626 -28.35909817 0.0
-2.066817575 6.152627621 0.0
-0.6464512763 6.2953235 0.0
0.9829490319 6.479910737 0.0
0.9970384029 6.46559888 0.0
1.000137844 6.460274543 0.0
0.9992951518 6.463299656 0.0
0.9986030477 15.50397366 0.0
0.9993455209 -6.46050472 0.0
0.8618548985 -6.440783673 0.0
0.9997160498 15.49512848 0.0
1.000099414 15.49837428 0.0
1.001220091 15.49957814 0.0
1.001032081 -6.46421672 0.0
1.000180358 -6.461309219 0.0
0.9997411855 -6.4607774 0.0
0.9992196833 -6.461483784 0.0
0.9982576219 -6.461642882 0.0
1.000522696 -6.462874038 0.0
1.000350905 -6.464091003 0.0
1.000727459 -6.461355395 0.0
0.9994739682 -6.461792267 0.0
1.000117521 -6.463130852 0.0
0.9986098188 -6.459702604 0.0
1.000367251 -6.465823215 0.0
1.000887779 6.457042039 0.0
0.9992533184 6.46185523 0.0
0.9987854976 6.46168986 0.0
0.9994594671 6.463953013 0.0
0.9988982642 6.467215494 0.0
0.9940150387 6.460284601 0.0
0.9900417638 6.464197226 0.0
1.002624009 -28.34506135 0.0
1.000701901 -28.33960558 0.0
0.9984023922 -28.33736904 0.0
1.010892358 -28.35343879 0.0
1.003701606 -28.37124314 0.0
1.009991187 -28.34409101 0.0
0.9933444912 -28.3437147 0.0
1.006563259 -28.34782349 0.0
1.007584615 -28.34926769 0.0
1.00865619 -28.34918327 0.0
1.014324106 28.34017217 0.0
0.99179607 28.36189958 0.0
0.9948482371 28.34849465 0.0
1.014017409 28.34289409 0.0
0.9933890379 28.33926892 0.0
0.9951523466 28.33703249 0.0
1.008876839 28.34242865 0.0
0.9913802106 28.35035659 0.0
1.004178541 28.34260173 0.0
1.000874002 28.34420553 0.0
0.991003806 28.33856479 0.0
1.016451133 28.34808528 0.0
0.9846754493 28.35852508 0.0
1.000602495 28.33841728 0.0
1.004196389 28.3476033 0.0
0.996259473 28.34991112 0.0
1.000091005 28.34837093 0.0
1.003641515 28.35168224 0.0
0.9925476369 28.349644 0.0
1.005437641 28.34255083 0.0
0.9947788888 28.34172438 0.0
1.002243831 28.33822605 0.0
1.004487921 28.34854644 0.0
0.9929748589 28.34436798 0.0
1.004108318 28.33462881 0.0
1.001399438 -6.465538466 0.0
1.001826176 -6.46358384 0.0
0.9998879404 -6.461360506 0.0
0.9987445492 -6.457450386 0.0
0.9982185935 -6.46571513 0.0
0.9999522434 -6.462145767 0.0
0.9997538559 -6.461869249 0.0
1.000672797 -6.458914873 0.0
0.9997805463 -6.457144063 0.0
1.000437446 -6.462879687 0.0
1.002753735 -15.49482409 0.0
1.000291429 -6.457489488 0.0
0.9999234978 -6.446977898 0.0
0.9983853305 -6.45329593 0.0
0.9981307067 -6.445577755 0.0
0.9991840397 -6.452442496 0.0
0.9995953934 -6.454344616 0.0
1.001532453 -6.456296684 0.0
1.0001809 -6.461285054 0.0
0.998068604 -6.46469881 0.0
0.9946469741 -6.46389947 0.0
0.9900915648 -6.463529784 0.0
0.9794584639 -6.467384784 0.0
1.005897788 28.36027239 0.0
0.9871270458 28.35757041 0.0
1.009444927 28.34178069 0.0
0.9925601191 28.34026032 0.0
1.008798566 28.34270022 0.0
0.9978148157 28.35738371 0.0
1.007635737 28.33554308 0.0
0.6213060794 -15.44047039 0.0
0.6374439104 -6.435679796 0.0
0.2077458839 -15.35543502 0.0
0.2076620461 -6.350947845 0.0
-1.895524939 -15.03081199 0.0
0.9971472092 28.35136452 0.0
1.00431946 28.34734431 0.0
0.9882122121 -28.34194691 0.0
0.9995261049 -28.33727628 0.0
0.9972613318 -28.33835531 0.0
1.008616404 -28.34257688 0.0
1.001605657 -15.49811213 0.0
1.000280643 -15.49743131 0.0
1.0056497 28.34379755 0.0
1.000324528 -15.49711071 0.0
0.9984588309 -15.49720528 0.0
0.9941112249 -6.472789072 0.0
0.9812787524 -6.471374426 0.0
0.9976327984 -15.50146524 0.0
1.010049837 -28.33691764 0.0
0.9995891113 6.461998057 0.0
0.9430355006 -6.460740782 0.0
0.1979038085 6.366562404 0.0
0.6389393377 6.442963446 0.0
0.8609430789 6.448939342 0.0
0.9989612378 6.462335311 0.0
1.00009153 -15.49887705 0.0
1.001105767 -15.50051339 0.0
0.9990926968 6.4608871 0.0
1.000028951 6.463240383 0.0
1.004995044 -28.34846964 0.0
0.9922999242 -28.34970488 0.0
1.008383491 -28.34943737 0.0
0.9925284594 -28.35334655 0.0
0.9892053154 -28.35026331 0.0
1.007307346 -28.34243813 0.0
0.9853516086 -28.36180052 0.0
0.9939868472 28.34492178 0.0
0.9931759321 -28.35168667 0.0
1.004029628 -28.3463676 0.0
0.9988841397 -15.49413364 0.0
0.9975105736 -15.48688756 0.0
1.002666399 6.467377162 0.0
1.001891398 6.466378659 0.0
1.003799824 6.465279641 0.0
1.002456755 6.463455897 0.0
0.9991018797 6.471235606 0.0
1.012839162 -28.33984468 0.0
1.001052624 6.457351567 0.0
1.000701714 6.460376976 0.0
1.008183666 -28.35202464 0.0
0.9937239256 -28.34968855 0.0
0.9972247338 -28.3382446 0.0
1.009688844 -28.34296147 0.0
1.005445453 28.36010957 0.0
0.9900801434 28.34334143 0.0
0.9961802146 -28.35011058 0.0
1.011121127 -28.35306131 0.0
1.008195267 -28.349464 0.0
0.989793061 -28.3447044 0.0
1.000743026 6.459242531 0.0
1.000325309 6.460289269 0.0
0.9993540605 -6.46320645 0.0
1.000537848 6.45856946 0.0
0.9993002839 6.463584661 0.0
1.008231768 -28.33663264 0.0
1.000661789 -28.35048703 0.0
0.9983894871 -28.33666258 0.0
1.009533053 -28.34235993 0.0
1.005804072 -28.34739222 0.0
1.000325546 6.463209245 0.0
1.000769943 6.464833014 0.0
1.00029459 6.462275295 0.0
1.00123328 -6.460324652 0.0
0.9810609901 6.463767557 0.0
0.9641612555 -6.473171675 0.0
1.001033108 6.462605485 0.0
0.9982214264 6.459612869 0.0
0.9985197566 -6.461660116 0.0
0.9967009917 28.36111617 0.0
1.004340789 28.3504274 0.0
0.9936228124 28.33959979 0.0
1.004023971 -28.35328961 0.0
1.014198954 -28.33693712 0.0
1.000699662 6.465698096 0.0
0.9990705144 6.460572493 0.0
0.9987282549 6.467797792 0.0
1.005748105 28.33769153 0.0
0.9968960826 6.465898405 0.0
1.00168497 -6.454211012 0.0
0.9833880478 -28.34439802 0.0
0.9942811773 -28.34319002 0.0
1.004637664 -28.35017652 0.0
0.9909185138 -28.35678105 0.0
-0.6498767503 -6.301253981 0.0
0.9998473434 6.453191609 0.0
0.999424711 6.462968042 0.0
1.0005485 6.460704267 0.0
0.9985449996 6.462751133 0.0
0.9989902967 6.46082579 0.0
0.9997860327 -15.49827856 0.0
-2.070198282 -6.13272583 0.0
1.004080147 -28.36983674 0.0
0.99127269 -15.49997441 0.0
0.9439027024 6.471916819 0.0
0.9826773551 -28.35419804 0.0
1.000115966 -24.62685721 0.0
1.000171455 -28.12302704 0.0
1.006329953 28.34667098 0.0
1.002415603 -28.26602915 0.0
1.002935984 28.35260363 0.0
0.9984401365 -20.90697801 0.0
0.9990989319 -27.70376693 0.0
1.013747061 28.36181808 0.0
1.001792152 -6.462312088 0.0
0.9980197077 -24.62139859 0.0
0.996961369 -15.49120517 0.0
1.013739029 -28.36712728 0.0
1.011054095 -28.35756425 0.0
1.001463194 28.34699423 0.0
1.007543624 28.3584036 0.0
1.010459232 -28.36941337 0.0
0.9633734039 -28.27139345 0.0
1.005955667 -28.3747063 0.0
1.007159938 -28.34887498 0.0
1.008092203 -28.35021322 0.0
0.9996430019 -6.460869353 0.0
1.001402532 28.33781806 0.0
0.9999681797 6.462339561 0.0
1.008442491 28.34290952 0.0
1.000124367 28.35519092 0.0
0.9981163901 6.472355259 0.0
0.9947769629 -28.35031937 0.0
1.012109245 -28.3365996 0.0
1.017875251 -28.35237355 0.0
1.009058308 -28.35643299 0.0
0.9976235026 -28.34005058 0.0
1.01691968 -28.34800401 0.0
-0.2003531394 -2.254017093 0.0
-2.86376453 -7.855785622 0.0
-17.33509753 -20.53738265 0.0
-4.222001893 -11.27332173 0.0
-5.82150752 -1.390739092 0.0
-9.19982819 8.238090986 0.0
-2.293867968 -1.553103191 0.0
-2.289876115 -8.043966173 0.0
-2.135356253 -1.946922041 0.0
-1.379680379 -1.650047061 0.0
-18.44387062 14.39664362 0.0
-19.69756977 19.11777764 0.0
-3.716852094 -10.47484273 0.0
-3.816391947 -12.9590542 0.0
-3.184649716 -11.5941599 0.0
-4.15435577 -7.63676319 0.0
-2.060602991 -2.100264054 0.0
-0.8919157969 -2.294822729 0.0
-1.325775157 -2.159862492 0.0
-1.068529144 0.414362445 0.0
-1.906605599 0.6525180163 0.0
-16.72291668 -20.82873795 0.0
-18.00743572 -16.48848252 0.0
-7.462090596 2.495795207 0.0
-26.40969778 10.5686887 0.0
-0.3470937997 -11.34233994 0.0
-11.39504499 -28.9119015 0.0
-5.617097295 -1.114537177 0.0
-1.117604923 -7.462885892 0.0
-4.226503947 -7.010761521 0.0
-28.49810979 17.58424268 0.0
-17.59941321 -11.18928438 0.0
-6.415770888 -14.19924814 0.0
-8.150844613 -8.610828152 0.0
-8.704240711 -21.13912365 0.0
-5.832346309 -2.597244396 0.0
-2.507731692 -21.65582345 0.0
-8.188394254 -2.955005333 0.0
-18.49376643 1.605334166 0.0
-8.751262913 -2.546799756 0.0
-11.05609798 -9.705208884 0.0
-12.92355391 -4.621194522 0.0
-10.32404193 -24.82650412 0.0
-10.08139669 -26.39160548 0.0
-10.46413042 -8.601470595 0.0
-21.25920466 -0.05582500109 0.0
-29.22698691 21.83329758 0.0
-18.92781551 11.37287181 0.0
-2.268582196 -6.312485993 0.0
-4.66168782 -7.071530705 0.0
-22.30604865 22.07761487 0.0
0.9892241593 -14.87146294 0.0
-3.477765679 -22.47204102 0.0
-9.991525496 -20.92636199 0.0
-5.556179222 -0.8110441319 0.0
-7.009060029 -2.240516393 0.0
-2.455364939 -5.625674649 0.0
-6.633346263 -7.797401997 0.0
-6.967199223 -7.775108669 0.0
-12.2620776 -9.044043594 0.0
-13.92315218 -9.293005896 0.0
-5.554803551 -1.194016386 0.0
-8.443144176 -2.58704592 0.0
-18.64166629 16.56825581 0.0
-22.36961428 22.95282391 0.0
-30.33386907 25.56835382 0.0
-29.36325642 19.59997548 0.0
-13.49586163 -4.40243351 0.0
-6.127609299 -14.35381705 0.0
-4.551707453 -7.272818728 0.0
-8.530946318 -8.636435169 0.0
-4.188772656 -6.706750559 0.0
-5.453025448 -13.69635226 0.0
-6.941475316 -3.074405368 0.0
-6.437445049 -4.516288754 0.0
-3.636322869 -13.02024027 0.0
-0.006212991039 -1.896700706 0.0
-1.471719005 -5.285946136 0.0
1.18325674 -0.5498291756 0.0
-0.3685223953 -1.379184634 0.0
-1.386084183 -0.5884048234 0.0
-1.808050953 0.09952021349 0.0
-1.031708181 -1.059870548 0.0
-0.08451969715 -2.140056955 0.0
-0.8230535014 -1.878676367 0.0
-0.0586742168 -1.498772202 0.0
-8.166507645 -11.43235111 0.0
-8.628005289 -12.29652494 0.0
-4.678715955 -7.0316986 0.0
-15.69553762 17.45587246 0.0
-1.257233921 0.5478541815 0.0
-1.362568939 -1.694971006 0.0
-1.150747281 -0.9612462887 0.0
0.03136217387 -1.681925376 0.0
-2.188556782 -8.47962055 0.0
-2.419165741 -10.01134623 0.0
-3.033376304 -11.99546191 0.0
-15.37241491 -17.06261126 0.0
-14.86075013 12.38022409 0.0
-18.21084759 17.19608787 0.0
-23.17430455 16.68035136 0.0
-22.83397535 17.6194821 0.0
-10.26109705 11.73202582 0.0
-15.57127538 13.29543601 0.0
-7.802560051 3.828908178 0.0
-4.739123636 -7.062790561 0.0
-3.764838611 -9.81457009 0.0
-3.581676066 -11.73644925 0.0
-2.955063724 -8.931287905 0.0
-2.327661032 -7.600342684 0.0
-3.140786157 -7.482250588 0.0
-3.106368331 -8.738110271 0.0
-6.14034484 -8.460652363 0.0
-1.613060343 -1.891692561 0.0
-2.109086473 -1.649417087 0.0
-0.7984189045 -1.962772437 0.0
-0.7850159414 -2.367205298 0.0
-0.8277627955 -2.411061988 0.0
-1.333869409 -2.382805249 0.0
-1.66612162 -2.028503291 0.0
-1.226618357 0.1846110634 0.0
-2.148031268 -0.7892606974 0.0
-0.7418841584 -1.065058603 0.0
-5.917620482 -6.496298927 0.0
-13.61550204 -17.25658211 0.0
-17.83848101 -19.13637771 0.0
-5.029845667 -8.838054813 0.0
-7.771895713 -6.050827858 0.0
-9.347014275 0.1132064748 0.0
-10.60773294 5.293486249 0.0
-11.68173574 8.740265259 0.0
-1.164303067 -2.241130809 0.0
-7.632634229 -12.21323936 0.0
-11.35115282 -16.46931831 0.0
-14.83538044 -19.04483526 0.0
-17.31875594 -20.81784139 0.0
-16.85297189 -21.08697182 0.0
-15.07765854 -17.9753768 0.0
-11.1215396 -10.16525622 0.0
-5.953618393 -3.042358985 0.0
-3.84639956 -1.221346377 0.0
-1.940985234 -1.484032979 0.0
-1.042373977 -1.779097657 0.0
-0.8476439233 -2.176489268 0.0
-1.453084074 -2.316496007 0.0
-1.319649561 -2.505937716 0.0
-1.907772926 -2.615864289 0.0
-2.462392149 -2.722817757 0.0
-3.297549753 -2.660091126 0.0
-3.706128336 -2.333997398 0.0
-0.9222715129 -2.359049104 0.0
-4.410163766 -1.95503452 0.0
-5.330922544 -1.946958614 0.0
-7.033357527 -9.955904824 0.0
-5.754321011 -10.1538987 0.0
-4.187527448 -9.877833713 0.0
-3.105796882 -9.255677505 0.0
-2.825802315 -8.627389135 0.0
-2.982290224 -8.419352383 0.0
-3.895419052 -8.955300551 0.0
-3.379408008 -8.597185198 0.0
-3.935047955 -9.191041314 0.0
-4.987252247 -10.28015946 0.0
-6.413474938 -11.5391927 0.0
-7.904529214 -12.69955621 0.0
-9.531544501 -13.33019113 0.0
-10.5689952 -12.9653678 0.0
-5.758036275 -13.43336332 0.0
-11.10621313 -11.38381913 0.0
-11.36353574 -8.600879882 0.0
-11.62235649 -4.267563129 0.0
-12.90064232 4.160860313 0.0
-16.02270452 8.924426891 0.0
-21.51066535 13.89707728 0.0
-24.82369324 16.64276774 0.0
-7.16121222 -9.472051684 0.0
-25.34733635 17.30004184 0.0
-24.41725749 16.93080059 0.0
-23.14831074 15.1237928 0.0
-21.94531416 11.48541022 0.0
-16.8346628 -17.65520352 0.0
-15.18639985 -14.93724761 0.0
-17.39483073 -19.84462487 0.0
-0.2196978211 -10.08235353 0.0
-3.187933875 -16.1758169 0.0
-8.410522408 -19.05954243 0.0
-14.35058413 -19.95962104 0.0
-15.74894348 -21.58765208 0.0
-15.48079651 -21.13667869 0.0
-17.14816072 -21.11451534 0.0
-15.6519407 -14.8623861 0.0
-11.59549681 -6.514917111 0.0
-8.352164761 -4.105742155 0.0
-5.961860997 -3.627184001 0.0
-5.094574628 -3.888093055 0.0
-2.785919351 -2.749674242 0.0
-2.021630362 -1.464815685 0.0
-2.415441433 -1.308719285 0.0
-2.952690378 -1.82015173 0.0
-3.989489924 -2.374616153 0.0
-5.130938653 -2.860977637 0.0
-6.176833003 -2.913777844 0.0
-6.306757473 -2.698384907 0.0
-6.579420531 -2.385425346 0.0
-8.328266538 -1.715414854 0.0
-3.566978212 -9.95712766 0.0
-2.562502757 -8.919430449 0.0
-2.667944116 -8.045353236 0.0
-3.187474099 -7.918276342 0.0
-3.672429742 -7.817105291 0.0
-2.770222851 -8.55018349 0.0
-4.393814716 -8.161560536 0.0
-5.464695991 -8.911673623 0.0
-6.991276032 -9.761775552 0.0
-8.834900038 -10.86453283 0.0
-10.66215579 -11.57590924 0.0
-12.10494655 -11.25631114 0.0
-13.02088484 -9.507513136 0.0
-6.999571789 -12.5884683 0.0
-13.30938769 -6.613191852 0.0
-13.74313367 -3.26472735 0.0
-14.28916418 0.428830971 0.0
-16.19020267 4.679444328 0.0
-22.41233608 10.32485881 0.0
-26.62650024 15.54278294 0.0
-28.09708575 17.88220826 0.0
-26.79846239 19.12797309 0.0
-22.06142587 14.72992973 0.0
-23.5352471 17.72637784 0.0
-22.03338993 14.54378628 0.0
-21.81174426 9.998280788 0.0
-20.35538943 11.61215316 0.0
-7.133914391 -11.87261293 0.0
-6.747988474 -13.53301211 0.0
-6.73377141 -11.02036826 0.0
-12.33333722 0.3169651596 0.0
-1.848480394 -2.790100255 0.0
-2.313599369 -2.833405591 0.0
-20.56993803 16.99499562 0.0
-3.19696953 0.2183716811 0.0
-4.262995968 -11.3486716 0.0
-3.306895675 -9.886882184 0.0
-5.758812259 -7.797077371 0.0
-8.69598492 -2.262079532 0.0
-30.59085301 21.99809491 0.0
-16.13706179 -2.250946134 0.0
-22.23050054 5.609936528 0.0
-5.482735289 0.8186398271 0.0
-20.51699039 5.193336011 0.0
-20.64129629 19.85389507 0.0
-11.96552952 -13.94753104 0.0
-17.11121355 -12.48402078 0.0
-27.00725967 25.1197235 0.0
-3.177726017 0.4172034424 0.0
-4.405928574 -1.310621979 0.0
-17.64755102 -20.42157708 0.0
-15.04239974 -8.794571636 0.0
-1.374625692 -2.558044838 0.0
-7.43185461 -2.539905713 0.0
-1.611941229 -7.559695074 0.0
-15.57221311 -19.62713598 0.0
-2.698539987 -8.464159041 0.0
-4.937749413 -7.370185153 0.0
-5.208204644 -12.57253056 0.0
-10.48264796 -22.32711863 0.0
-11.754957 -25.61783332 0.0
-8.801684237 -20.47752597 0.0
-11.20775245 -8.515006708 0.0
-14.30067163 -3.94181359 0.0
-19.64993409 8.587591038 0.0
-6.807787254 -15.07445353 0.0
-6.541082689 -15.16710333 0.0
-5.987465292 -15.06373337 0.0
-6.342449939 -13.79625591 0.0
-5.186858669 -14.95986697 0.0
-1.735526245 -13.72121637 0.0
0.3444232709 -10.8845282 0.0
0.3421904891 -8.891188265 0.0
1.322222373 -7.743246541 0.0
-0.5253199778 -6.01255169 0.0
-2.3086951 -5.510355856 0.0
-3.711152961 -5.090156904 0.0
-4.549784109 -6.608162631 0.0
-4.916110694 -6.902802392 0.0
-5.530514384 -7.143701513 0.0
-5.291907972 -7.139909405 0.0
-5.180942786 -7.217288723 0.0
-5.372436909 -7.295581364 0.0
-5.430978029 -7.115791243 0.0
-5.811854913 -7.177425365 0.0
-6.381346664 -7.325129407 0.0
-7.143292599 -7.462855047 0.0
-7.722236094 -7.558518078 0.0
-8.142108188 -7.820716778 0.0
-8.759768967 -8.191368149 0.0
-9.380060524 -8.425455 0.0
-9.884588274 -8.692487923 0.0
-10.44929959 -8.968930264 0.0
-11.15372609 -9.218028782 0.0
-10.40979871 -9.751443007 0.0
-10.71472062 -8.368931061 0.0
-10.70936016 -7.033309595 0.0
-11.86047862 -5.27750736 0.0
-13.80132951 -2.391483573 0.0
-16.69517192 -0.5908339499 0.0
-11.84927467 -6.878902519 0.0
-19.5540299 0.1217382014 0.0
-22.84315256 0.5955664171 0.0
-23.33341055 2.273085026 0.0
-24.56311194 4.404299079 0.0
-26.03782011 7.21621372 0.0
-27.5312452 11.08593349 0.0
-29.65632717 15.60605984 0.0
-29.96981442 19.26149915 0.0
-30.16725857 22.4245076 0.0
-29.86854328 25.23962935 0.0
-27.21576001 13.07477039 0.0
-28.92679851 26.13684491 0.0
-28.6440004 27.79504258 0.0
-28.89191281 19.69982156 0.0
-29.78023179 28.78470026 0.0
-28.50519551 29.34524559 0.0
-26.83910203 29.34312175 0.0
-23.32896325 27.51017308 0.0
-20.88979707 25.93791938 0.0
-18.60939448 23.68336464 0.0
-17.3510597 19.90184806 0.0
-17.60981598 13.81332451 0.0
-18.52488117 8.792687159 0.0
-19.20752537 4.610745064 0.0
1.985874925 -17.51982997 0.0
2.230871861 -20.14268044 0.0
0.5416089504 -21.31332617 0.0
-3.388036866 -16.76129722 0.0
-6.696537105 -21.28009718 0.0
-2.869198355 -17.33128164 0.0
-8.228176786 -20.42029228 0.0
-8.180421043 -24.24359154 0.0
-10.04806638 -24.1706425 0.0
-9.574712327 -24.47902409 0.0
-7.658514629 -23.72015229 0.0
-8.333856459 -29.31352685 0.0
-14.04214382 -31.2058983 0.0
-19.10625988 -28.64948757 0.0
-19.3419186 -23.12296926 0.0
-12.50613501 -14.16388951 0.0
-15.46267743 -16.02579974 0.0
-11.08685052 -12.52944095 0.0
-11.13395474 -10.73566379 0.0
-10.92194487 -8.986975497 0.0
-10.56271249 -6.078106057 0.0
-10.45046076 -2.068541663 0.0
-9.194909236 -1.154679276 0.0
-8.882094331 -0.6060683185 0.0
-8.076981614 -0.8806647396 0.0
-7.821802803 -0.962803751 0.0
-7.61023755 -1.348600823 0.0
-7.494813623 -1.909494434 0.0
-7.641215743 -2.314046212 0.0
-7.214693501 -4.43605928 0.0
-7.664035209 -2.646381584 0.0
-7.51294334 -5.814186682 0.0
-7.245328895 -7.388119889 0.0
-6.238356256 -10.57517375 0.0
-5.705661131 -9.814185044 0.0
-5.885973428 -11.14637564 0.0
-7.291196278 -4.361857942 0.0
-6.424957884 3.302017998 0.0
-1.795169088 -9.149336368 0.0
-3.232397654 -14.14981925 0.0
-3.863279629 -21.12882604 0.0
-4.445975417 -20.93927957 0.0
-17.35904885 -17.56654517 0.0
-9.057076512 -6.360491527 0.0
-6.131718744 -1.590823228 0.0
-4.60999911 -0.8594788343 0.0
-8.294211424 -2.85597835 0.0
-2.684053939 -3.022698678 0.0
-2.633300762 -2.917431019 0.0
-17.49421854 16.55136571 0.0
-17.83417057 21.98846661 0.0
-21.45902101 27.57183438 0.0
-27.77170331 30.30955546 0.0
-27.64023665 26.47633645 0.0
-18.68911127 2.303479454 0.0
-21.38587732 10.24268418 0.0
-6.49176489 1.483517767 0.0
-9.17339205 -9.384692779 0.0
-10.83074857 -7.616633853 0.0
-7.92432655 -14.05779746 0.0
-6.858666371 -14.43492604 0.0
-5.576237824 -14.50853733 0.0
-4.011107314 -14.02100599 0.0
-0.820921417 -12.77668479 0.0
1.125854667 -10.01768845 0.0
0.8622552055 -8.321248682 0.0
1.046778215 -6.581103464 0.0
1.347917766 -3.798153092 0.0
-0.05155784686 1.39536395 0.0
-4.546475463 -2.700614087 0.0
-4.635945095 -3.815346526 0.0
-5.616695505 -5.353831723 0.0
-6.253894599 -6.16239468 0.0
-6.347741061 -6.548448681 0.0
-6.35127042 -6.605855947 0.0
-6.47268854 -6.6989555 0.0
-6.721510668 -6.659901495 0.0
-7.080929422 -6.611359232 0.0
-7.355385304 -8.321830093 0.0
-9.118787578 -7.087142851 0.0
-8.104412003 -6.768935808 0.0
4.044367362 -14.67975899 0.0
2.473259194 -20.52993555 0.0
3.140063522 -18.8290083 0.0
-2.640706273 0.2356226253 0.0
-3.905936092 -16.24532805 0.0
0.3365007795 0.2646865454 0.0
-0.9901791189 -13.45496954 0.0
-3.456880132 -17.62454856 0.0
-5.750555942 -22.57774043 0.0
-9.12202733 -26.84004842 0.0
-10.36118678 -26.89543072 0.0
-9.389647537 -27.05875303 0.0
-7.722780156 -27.93692076 0.0
-8.693529868 -31.96424039 0.0
-12.74751844 -35.38603208 0.0
-18.41568619 -29.63926947 0.0
-15.61943388 -21.79020209 0.0
-5.037842128 -15.18935598 0.0
-4.632505456 -11.02443776 0.0
-3.126119068 -13.94182099 0.0
-5.297897572 -6.283672324 0.0
-3.123501505 -10.80466595 0.0
-7.10610013 -4.39454907 0.0
-5.581887187 -3.641523526 0.0
-5.519288369 -1.876330929 0.0
-5.286871855 -4.204354413 0.0
-4.322358922 -2.033264987 0.0
-4.78166475 -2.481207252 0.0
-4.208963592 -2.743869417 0.0
-3.686696851 -3.106217182 0.0
-3.750116016 -3.272446658 0.0
-3.822495267 -3.794433164 0.0
-2.852348036 -4.988843954 0.0
-2.70963029 -3.257981354 0.0
-0.9319290089 -7.493714997 0.0
-7.717350071 -2.973814374 0.0
-3.867602463 -7.148781061 0.0
0.598145163 -10.39092024 0.0
-3.383766294 -10.35002619 0.0
-0.02778818474 -10.78225825 0.0
-2.885996551 -4.887661171 0.0
-0.7831089913 -2.597818157 0.0
0.872691088 2.11618127 0.0
-27.25824233 24.33787276 0.0
-18.11643893 8.553939848 0.0
-12.28929454 8.380526728 0.0
-6.368558092 5.392368389 0.0
-10.31636277 -7.498123294 0.0
-9.710253377 -7.336269786 0.0
-3.608497975 -7.263455721 0.0
-2.64750095 -11.28611878 0.0
-6.367917902 -3.246489581 0.0
-24.30375464 29.29608337 0.0
-19.98584215 7.709096165 0.0
0.8924555153 -24.00231882 0.0
-19.33891502 25.56584141 0.0
0.8761976697 -24.0498745 0.0
-26.8568424 30.35875388 0.0
0.9439837893 -24.11543714 0.0
-26.92141021 29.78809204 0.0
0.9183515557 -24.19031645 0.0
-27.85646555 29.09299822 0.0
-28.4705902 27.9638459 0.0
0.9209090532 -24.11427657 0.0
-26.23725931 21.75473227 0.0
0.8415508265 -24.11287868 0.0
0.8765414265 -24.04056971 0.0
-24.65864253 18.93431333 0.0
0.8065207469 -24.01482822 0.0
0.8187420148 -23.91475624 0.0
0.7963617516 -23.93236809 0.0
-9.337154322 -1.595949438 0.0
0.8510061019 -23.77943776 0.0
-8.93553687 7.500595532 0.0
-11.56284532 -6.853483943 0.0
-11.60506922 -7.567265916 0.0
0.6654624132 -23.81007213 0.0
0.6375673973 -23.68106872 0.0
0.602177758 -23.64316816 0.0
0.5922491946 -23.64100838 0.0
-8.61160029 -6.897772134 0.0
0.6267110803 -23.57420207 0.0
0.6407514749 -23.54908691 0.0
-7.574691267 -6.661535476 0.0
0.6349840731 -23.54709475 0.0
0.685891286 -23.51807276 0.0
-4.168901145 -7.117580512 0.0
0.6647071539 -23.55193924 0.0
0.7044073225 -23.60823891 0.0
-2.932388023 -6.921188878 0.0
1.029685639 -23.77465032 0.0
0.9790155295 -23.7023014 0.0
1.054482303 -23.78895336 0.0
0.8754748451 -24.07959675 0.0
0.9226840663 -24.00824414 0.0
0.9261483036 -24.07760064 0.0
1.066799732 23.91856858 0.0
0.9644270532 23.85223125 0.0
-0.3698190435 -19.34574315 0.0
1.064635334 23.94747883 0.0
0.9426296637 23.85103827 0.0
0.8479771991 23.63157359 0.0
0.9149090979 23.6163461 0.0
0.9582598801 23.62119786 0.0
1.029020301 23.90943319 0.0
0.9780430624 23.8418417 0.0
0.9253390085 23.82829886 0.0
0.9527734564 23.92373048 0.0
0.860878599 23.78608913 0.0
0.8195907233 23.4788047 0.0
0.9528115484 23.89773741 0.0
0.8325542262 23.94402438 0.0
0.7787712798 23.96609015 0.0
0.7578456186 23.7560073 0.0
-17.47524894 -33.45192723 0.0
0.859867994 23.40226386 0.0
0.7887005867 23.14498146 0.0
0.8647861232 23.33999759 0.0
0.7931229637 22.76466251 0.0
0.7721676802 23.21170228 0.0
0.6211603398 22.69719259 0.0
0.592777268 22.65493656 0.0
0.6451556461 22.74708844 0.0
0.5832209606 22.72300709 0.0
0.6833760212 22.70954347 0.0
0.6598630483 22.68083675 0.0
0.653916659 22.6711971 0.0
0.6607756176 22.69167641 0.0
0.7887968316 22.66756463 0.0
0.7501142385 22.89535834 0.0
0.9143168074 22.67307617 0.0
0.8652182998 23.19951516 0.0
0.9773678114 22.47201519 0.0
0.8839517777 23.24454567 0.0
0.9592070397 22.37139588 0.0
1.024162219 23.4549063 0.0
0.9362843475 23.07181477 0.0
1.087212978 23.41472014 0.0
-6.233080847 -20.57801737 0.0
0.788507816 23.67789728 0.0
0.7353666692 -23.54533051 0.0
-24.24080413 15.56393739 0.0
0.8072432006 -24.04382248 0.0
-5.078016697 -5.904490299 0.0
0.6094520193 22.88607908 0.0
0.9535111051 -23.76638522 0.0
-1.413763963 -1.213673758 0.0
0.7449903665 -23.83750071 0.0
0.6637668825 -23.83443191 0.0
-10.80223069 -5.034438661 0.0
0.7646590346 -23.79998582 0.0
0.9540246394 -23.88926781 0.0
0.9299435692 -24.06237526 0.0
0.8561270426 -24.04177222 0.0
-18.33014815 11.52386638 0.0
0.9039895463 -24.07674567 0.0
0.8922432696 -24.11833332 0.0
0.9379874604 -24.16117462 0.0
0.924062757 23.57910751 0.0
0.6584647156 -23.512549 0.0
0.703024881 -23.56461974 0.0
0.6330547806 -23.60257598 0.0
0.6393569612 -23.75613212 0.0
0.8073952387 -23.93984867 0.0
-8.33504614 -2.562365468 0.0
0.7796412324 -23.94100043 0.0
0.8866935325 -23.90765865 0.0
0.6036088196 -23.75891966 0.0
0.5763718711 -13.78898077 0.0
0.9114393039 -23.99741121 0.0
0.8846378075 -24.08552931 0.0
0.8584896537 -23.67794213 0.0
-11.28802607 -7.670123064 0.0
0.8433986771 -23.58393023 0.0
0.9207602253 -24.14090649 0.0
-22.92664597 12.69337725 0.0
0.9039986687 -24.14035656 0.0
0.8867116906 -23.81289405 0.0
0.9606673873 -23.51122441 0.0
0.8257408691 23.05866418 0.0
-5.46536175 -11.26449228 0.0
</DataArray>
<DataArray type="Float64" Name="pressure" format="ascii">
4358.955726
4361.8568
4356.206802
4361.622316
4361.951669
4358.476941
4358.834912
4359.41185
4365.70788
4366.24622
4360.827847
4354.501495
4355.926777
4360.54137
4354.080929
4362.611048
4357.757887
4366.235643
4361.667461
4361.187563
4359.191381
4355.029085
4359.016749
4358.782609
4359.14633
4361.412431
4357.41595
4359.447043
4360.55309
4365.954756
4365.752268
4359.605599
4365.342547
4360.227465
4361.785589
4366.812021
4360.045067
4361.159207
4360.354414
4361.907399
4356.58304
4360.326899
4359.828315
4359.545916
4367.055815
4357.110664
4361.154327
4359.549122
4365.515961
4362.237191
4363.126281
4366.571105
4355.880061
4356.101993
4360.226944
4360.680938
4365.964104
4361.911346
4360.751545
4358.812289
4365.550027
4360.154943
4358.734599
4360.178941
4359.867637
4360.594379
4359.610639
4361.21893
4365.834484
4356.920123
4361.912174
4362.708693
4362.249219
4361.679556
4357.405102
4359.692929
4354.307716
4360.551337
4360.614593
4355.528834
4360.603752
4364.736608
4358.166261
4357.906044
4356.519343
4366.067797
4360.817768
4362.709869
4366.007532
4359.724626
4360.50504
4359.442915
4359.881774
4362.044827
4360.41894
4358.977675
4357.799485
4360.846665
4358.86849
4356.716834
4358.01097
4359.782178
4359.918611
4359.722684
4357.168407
4360.112007
4361.859128
4360.668715
4359.193803
4360.390497
4361.954447
4357.290692
4365.126514
4356.188257
4359.673667
4361.023323
4361.911631
4366.518542
4359.561873
4361.258382
4360.709978
4362.319674
4360.265554
4359.632432
4366.105246
4366.144304
4361.230773
4360.92639
4361.11439
4358.999576
4362.937414
4362.899447
4358.148587
4366.022729
4366.273371
4366.693519
4359.935984
4362.817906
4358.533994
4366.222893
4356.989219
4359.356619
4359.798215
4359.914734
4358.402091
4358.709575
4358.164772
4360.009607
4361.735189
4366.242178
4360.25809
4359.695805
4357.569564
4359.62397
4358.499025
4358.117936
4360.047319
4360.03912
4359.753009
4360.859244
4360.439191
4376.941882
4360.548264
4376.501643
4361.81599
4361.229299
4376.688633
4357.925749
4359.954545
4365.503799
4375.981264
4358.244613
4376.872399
4361.934825
4376.43559
4358.658718
4360.86585
4361.040276
4376.67832
4376.74695
4360.273557
4376.772435
4360.691048
4377.932283
4358.435301
4377.677324
4357.649154
4355.669031
4359.624409
4377.210692
4361.409818
4377.544061
4377.421458
4359.559892
4376.079263
4362.522185
4361.694916
4360.849078
4360.720038
4377.028596
4361.643551
4377.648749
4360.956525
4360.112801
4377.162921
4366.122617
4376.364939
4359.317203
4360.300856
4377.188049
4366.25242
4360.534264
4376.309597
4355.477698
4357.887136
4375.832522
4360.648078
4377.072795
4360.430078
4363.373568
4377.287306
4376.606372
4353.342223
4376.648044
4352.898441
4353.928849
4356.233057
4378.231109
4358.117045
4358.723826
4352.386503
4385.657498
4359.601727
4358.832236
4360.441148
4375.86636
4376.209544
4376.386147
4376.584641
4360.188512
4364.064279
4377.006967
4359.21494
4376.485928
4360.930635
4376.142685
4376.99487
4363.249613
4376.529729
4359.662961
4376.185549
4376.018747
4375.65495
4361.515927
4358.778965
4360.298382
4377.547154
4377.014812
4377.108416
4376.619702
4357.557643
4377.006195
4377.532158
4361.337481
4358.743319
4377.121251
4376.705182
4360.553702
4376.813458
4377.370205
4361.558044
4355.67739
4376.299123
4355.336601
4377.174557
4355.407114
4355.258002
4356.33293
4358.50195
4359.497137
4356.576178
4360.082382
4359.02353
4359.989307
4359.505371
4359.373978
4358.540267
4357.366345
4376.705169
4359.461685
4359.898218
4359.420962
4365.314942
4361.01914
4359.93364
4360.369315
4377.797328
4376.610704
4359.655486
4360.4599
4356.891931
4356.72581
4356.607142
4376.784293
4376.244128
4360.862858
4360.710602
4376.923856
4360.53059
4377.218745
4377.322715
4360.60825
4355.306835
4359.395796
4367.152943
4377.429346
4359.905459
4376.684827
4357.840811
4377.42937
4360.878148
4376.161415
4355.861012
4366.293136
4376.183807
4358.406615
4358.212807
4356.037226
4354.660048
4361.167913
4363.294806
4359.375848
4356.266333
4376.839295
4377.136891
4359.781291
4361.30092
4359.407479
4359.697591
4360.355637
4360.899733
4359.737274
4376.010024
4354.38454
4356.046912
4360.143904
4377.196437
4357.929387
4376.791154
4362.79298
4362.888996
4376.463666
4359.591841
4376.988958
4376.578721
4359.658065
4361.512837
4378.012666
4375.855092
4375.838257
4365.359428
4360.722023
4363.833795
4361.038597
4355.336161
4360.714966
4377.193173
4377.157254
4380.796934
4379.044619
4377.038918
4366.334778
4360.538924
4376.698514
4377.022897
4359.670805
4358.538017
4361.381915
4361.757315
4362.383979
4361.113317
4360.456381
4358.031984
4358.901668
4359.530822
4359.573209
4359.891551
4359.441472
4358.488937
4359.053155
4358.650021
4359.905773
4359.79109
4360.447679
4358.888143
4357.092932
4357.309535
4359.722741
4359.916088
4362.65338
4361.633141
4360.446938
4361.003529
4359.688112
4360.09472
4359.717652
4360.038554
4360.591964
4360.241541
4360.530292
4360.281929
4360.599796
4359.966043
4360.879971
4358.541394
4360.458389
4407.689414
4408.017486
4408.100514
4407.355514
4407.997352
4406.761563
4407.040304
4407.173365
4407.487351
4407.540817
4408.305448
4407.120508
4407.264355
4408.042551
4407.533615
4406.994254
4407.76992
4407.174127
4407.363905
4407.020054
4406.86711
4407.622565
4406.565535
4360.786206
4360.838344
4361.844293
4361.774693
4360.261133
4360.801496
4360.380059
4360.076361
4361.032546
4359.516852
4357.383896
4360.738306
4359.540404
4359.695515
4360.248601
4360.170491
4358.862029
4359.132968
4359.235999
4358.550372
4358.817015
4358.69663
4360.218628
4360.593994
4361.462842
4361.142796
4360.438801
4359.607287
4361.816151
4359.509981
4360.779742
4360.728845
4358.307771
4359.433433
4356.231788
4407.821931
4407.28558
4407.23762
4406.827879
4408.237916
4408.58568
4407.891695
4408.556208
4407.480381
4407.48356
4407.779556
4407.796889
4408.29133
4407.90953
4407.410745
4407.519358
4407.992018
4357.625096
4355.773836
4355.688879
4357.677699
4359.533072
4358.325318
4359.887537
4408.002325
4407.324794
4376.733901
4407.22109
4407.770923
4407.798449
4408.528475
4409.673203
4376.444557
4408.37258
4411.025044
4359.317456
4407.356145
4376.716874
4377.310944
4376.522176
4360.146968
4360.243488
4359.304509
4360.939119
4377.27785
4360.918868
4355.489841
4359.29543
4360.761989
4377.750552
4376.706007
4407.379538
4360.987989
4406.798238
4406.68023
4407.626797
4377.217738
4361.043278
4408.443619
4408.607226
4408.03497
4408.360808
4408.220281
4407.031485
4407.567694
4407.951061
4407.862261
4407.77084
4407.990953
4407.61069
4408.393811
4407.936442
4360.448145
4361.971053
4407.496543
4407.928349
4407.507326
4407.155025
4407.419785
4407.470743
4407.204124
4408.119887
4407.702217
4359.065123
4359.81168
4360.351157
4359.777071
4359.718443
4358.534115
4359.445935
4359.937533
4359.189529
4361.704656
4360.770296
4359.350778
4357.805228
4359.564279
4360.22517
4362.716822
4361.633684
4360.53452
4360.782422
4360.445176
4360.012446
4361.378615
4360.921021
4360.916109
4360.292193
4360.533377
4360.623339
4360.630234
4359.851802
4359.840068
4358.599883
4361.396727
4361.913266
4362.484188
4361.323677
4360.671177
4360.133549
4360.885923
4360.545512
4358.812361
4360.698924
4496.310638
4496.655387
4496.785027
4496.144751
4496.686412
4496.391781
4495.759229
4495.853001
4496.031517
4496.150093
4496.201064
4496.423499
4495.934212
4495.970546
4496.665654
4496.28988
4495.79611
4496.449621
4495.915786
4496.113895
4495.795593
4495.691091
4495.45509
4495.696864
4360.816037
4360.950081
4359.811615
4360.711905
4360.815091
4357.100723
4360.846172
4359.441346
4360.257209
4360.085637
4360.06301
4359.503932
4360.796267
4360.719888
4361.678399
4361.763331
4496.840281
4496.683026
4496.622611
4497.237375
4496.301394
4496.30556
4496.481731
4496.53011
4496.973851
4496.645054
4496.275731
4496.314472
4496.850565
4496.926215
4498.23187
4500.730689
4410.275096
4513.090955
4530.376193
4563.55163
4359.362752
4355.917966
4354.128649
4355.644465
4358.584156
4359.829714
4360.666162
4358.835529
4359.478526
4358.823254
4357.432591
4358.798966
4358.750676
4360.65305
4360.969418
4361.368243
4361.727708
4360.95222
4360.476495
4359.902186
4359.714102
4361.292851
4359.962421
4360.911029
4360.680997
4354.330576
4358.960354
4359.708682
4359.397767
4355.741696
4406.5917
4496.268403
4407.05997
4406.998101
4407.498813
4407.594391
4497.427094
4496.367053
4497.041582
4407.3886
4359.363357
4360.164155
4496.425652
4496.032767
4406.727031
4407.812363
4408.023755
4406.926509
4497.223586
4408.861876
4420.017917
4530.440856
4433.010659
4564.24572
4495.58567
4407.755895
4496.341324
4359.57348
4360.407955
4360.774457
4496.627187
4496.254915
4495.945514
4496.460678
4496.687506
4358.557675
4407.87671
4377.869977
4376.997837
4358.924613
4359.757876
4495.965704
4495.891105
4495.810364
4496.434574
4407.595139
4496.41625
4496.272752
4408.724372
4495.947143
4496.64628
4496.129307
4496.611688
4496.126071
4496.027209
4358.953564
4361.37985
4361.865485
4362.723533
4360.642957
4359.008723
4358.273468
4358.924642
4360.143093
4360.277114
4359.413878
4359.57392
4359.848987
4359.068959
4359.837538
4359.072375
4360.669408
4359.856644
4359.267041
4358.317775
4359.280035
4360.34361
4363.276404
4361.628377
4360.559945
4359.805198
4360.558822
4362.329135
4360.938249
4495.031388
4495.847606
4495.481426
4495.428258
4738.691701
4739.133507
4739.429672
4497.486607
4740.190338
4496.818405
4739.722731
4497.107531
4496.946043
4738.90687
4496.503872
4496.735844
4496.376611
4496.70125
4739.254288
4496.208397
4360.878368
4360.212307
4360.519704
4361.351194
4360.644884
4359.720307
4360.786929
4360.601751
4359.601797
4360.928905
4360.72016
4360.688946
4361.392017
4361.652353
4360.56577
4356.446251
4353.146399
4359.577282
4361.032545
4360.216917
4359.454519
4360.328484
4738.794197
4739.23131
4739.439516
4738.94294
4739.353286
4739.035298
4738.342276
4738.37332
4738.428342
4738.608507
4738.690743
4738.803483
4496.921942
4739.086934
4738.683549
4738.657862
4739.271106
4739.046302
4738.632629
4739.095527
4738.670503
4738.82451
4738.583347
4738.582481
4739.092115
4738.414958
4738.558302
4360.824356
4361.042836
4359.446203
4360.626587
4358.048289
4360.818194
4359.203873
4359.458536
4360.225954
4360.316604
4361.437716
4360.796844
4359.756857
4358.210757
4356.500096
4358.779843
4359.189828
4360.96067
4361.369333
4361.723076
4362.160872
4360.947292
4360.512843
4360.361045
4359.388872
4360.671265
4360.259614
4360.676294
4360.918565
4360.536362
4353.858251
4359.705802
4359.341553
4354.981746
4739.072584
4495.570431
4495.800288
4496.159593
4496.263311
4496.125546
4739.135115
4500.155467
4504.94499
4513.556414
4739.474363
4739.883017
4739.403239
4739.956617
4739.187966
4739.137491
4739.191552
4739.274843
4739.667212
4739.443722
4739.166899
4739.172524
4739.851159
4740.433878
4743.156437
4748.847729
4758.846901
4780.553753
4822.428251
4901.981999
4358.4995
4736.942963
4738.001556
4737.975373
4357.627026
4738.051398
4738.6913
4739.380384
4740.396325
4739.894309
4739.720772
4739.492025
4496.634169
4739.176845
4738.805485
4738.929772
4497.221508
4739.362028
4738.674158
4738.911018
4739.111656
4748.610213
4759.605906
4498.176092
4743.313909
4781.307075
4504.231045
4359.835582
4362.184187
4359.765829
4360.403638
4360.997093
4357.949929
5343.644311
5344.36074
5344.708104
5344.351415
5344.579419
5343.537859
5343.394758
5343.382202
5343.609515
5343.607984
5343.925972
5344.543272
5344.405537
5343.908614
5343.92369
5344.510144
5344.420544
5344.153979
5344.038952
5344.078723
5343.990433
5344.159316
5344.470699
5343.902596
5344.856195
5345.282443
5344.940005
5344.918269
5344.800858
5344.589189
5344.553124
5344.654672
5345.005483
5344.979279
5344.666355
5344.709564
5345.676682
5346.96341
5352.475566
5386.625429
5433.2022
5522.211222
5687.688049
4359.454984
4359.356515
4359.517974
4361.892748
4359.312687
4359.045093
4355.906736
4352.890017
4360.765923
4360.648507
4360.813145
4359.594541
4360.575627
4360.415197
4360.762344
4362.778352
4361.382032
4360.652999
4360.511932
4361.638478
4360.309611
4361.378639
4359.30845
4360.21987
4359.404026
4359.839192
4358.680676
5343.019098
4738.824711
5344.008903
4738.692904
5345.170293
4740.367752
5345.510624
4739.332833
4739.407935
5344.655738
4739.68479
5344.97956
4739.386835
5344.69102
4738.943578
4739.355155
4738.987998
4738.776401
4738.398899
5344.407703
4739.117237
5344.786939
4740.788666
5347.531689
5364.606822
4822.771526
4903.178269
4359.774774
4359.613584
4361.426554
4363.025031
4361.427365
4359.715551
4360.760601
4361.126539
4359.343927
4360.550612
4359.712838
4360.693088
4358.966524
4359.388847
4360.20459
4362.7673
4361.387349
4359.872086
4357.767257
4355.868288
4358.753693
4359.863245
4361.278957
4361.746865
4362.3717
4362.558837
4360.999621
4360.498105
4360.964027
4360.832136
4360.410713
4360.613787
4360.863719
4360.378538
4353.814882
4360.619922
4359.708235
4359.266346
4354.772623
4359.987103
4360.750283
5344.290774
5344.011173
5346.2329
5346.354824
5346.176018
5344.790663
5344.890138
4739.281748
5344.449165
4738.884455
5344.28618
5344.742849
5344.304756
5344.135417
5344.088037
4738.734363
5344.205163
5344.349615
5343.776106
4739.478287
5344.290737
5344.120107
5344.274968
5344.635473
5344.090319
5353.05721
4739.503189
5434.677923
5522.747657
5690.007603
5345.386992
4360.766635
4357.546437
4355.229712
4356.595117
4361.345197
4361.758757
4360.572296
4360.159017
4360.882243
4359.565686
4359.99844
4360.564284
4360.935493
4359.266645
4359.793209
4359.116832
5342.232404
6659.065587
5342.719841
6660.17746
5343.81966
6661.779776
6663.957961
6664.439966
5345.460874
6665.693916
6665.534119
5345.380503
5344.533953
5344.68747
6663.173807
5344.723337
5344.356244
5344.311908
6663.334218
6662.736342
6662.875835
5344.126594
6662.234739
5344.6995
6667.795811
6677.896499
5387.595843
7278.636337
4360.11841
4360.443569
4360.168989
4361.706805
4360.283177
4361.056832
4359.490036
4360.327959
4359.735367
4359.850165
4361.443505
4361.662495
4363.159083
4361.717526
4360.538569
4360.766293
4360.525244
4362.083732
4359.592669
4360.551082
4360.482851
4360.357488
4359.284939
4359.173034
4360.605164
4360.476065
4359.246516
4360.226516
4360.54101
4358.727073
4359.224691
4359.609882
4360.336477
4359.931329
4359.619582
4360.558565
4361.177794
4359.48345
4363.587194
4361.300354
4360.482589
4358.831748
4359.430525
4360.174767
4359.722676
4363.955329
4361.598945
4359.870471
4357.556817
4355.752063
4360.45941
4362.028469
4362.973679
4362.778019
4361.093308
4361.053619
4360.514091
4361.530313
4360.444713
4360.261368
4355.202228
4361.485043
4359.359941
4359.220954
4355.620047
4360.431218
4361.980052
4361.288594
6661.374771
6662.675239
6663.267025
6662.899083
6662.450781
6661.286792
6661.100909
6661.52405
6661.352355
6662.173335
6662.690003
6663.033633
6662.129166
6662.294238
6662.999841
6662.950014
6662.567502
6662.536899
6662.406837
6662.969511
6662.995273
6663.033594
6662.279053
6663.650362
6664.092888
6663.61449
6663.852175
6664.187944
6663.703781
6663.198552
6663.115983
6663.204317
6663.547118
6663.836694
6663.291191
6663.47061
6664.831089
6666.757717
6676.547497
6698.214228
6738.707769
6823.592291
6984.321868
7274.461583
4360.540321
4360.809655
4361.14248
4361.433506
4361.391708
4358.84701
4353.843032
4357.460355
4359.297795
4359.295509
4361.433197
4363.387826
4359.756544
4359.668194
4360.576555
6662.949431
4362.506702
4359.969465
4359.686545
5340.553629
4363.171834
4361.134174
4361.438766
6662.398923
4359.866472
4359.664065
4360.441925
5344.803968
4359.700048
6664.122996
6664.250417
6664.8775
5345.257976
6663.366391
6663.067365
5344.564101
6663.238212
6663.568198
6663.224556
6662.90952
6662.698217
6662.966654
4360.619817
4361.12166
6662.620055
6663.329917
5364.418277
4360.601152
4362.979978
4358.834032
4360.914053
6662.916366
6661.607263
9088.762812
6660.809443
9089.754416
9092.176089
6663.194033
9093.523073
9095.224053
6665.234704
9096.703003
9098.739965
6663.662173
9092.713767
6662.535571
9092.178786
6662.817914
9092.689846
6662.535686
9092.221068
6662.632218
6662.81888
6663.388842
9092.464971
6663.346668
6699.029196
6740.132224
6826.416935
6984.891206
4360.273624
4361.392335
4362.012479
4363.062182
4361.844859
4360.274222
4360.222533
4361.894002
4359.6196
4361.031434
4360.719982
9090.226602
9093.281719
9092.85955
9092.474606
9091.786877
9090.724121
9090.236257
9089.722081
9090.185415
9091.712642
9092.043969
9091.578248
9091.857362
9092.726382
9092.804882
9093.217943
9092.089523
9092.235325
9091.957608
9092.442261
9093.086983
9092.700703
9093.322242
9093.790947
9094.302525
9093.768691
9094.224808
9094.353611
9093.990131
4361.473275
4359.255906
4360.381186
4361.32963
4362.894526
4359.948237
4360.726393
4359.542118
4359.25445
4359.921706
4360.522023
4360.176812
4360.405697
4360.163767
4360.479453
4360.169139
4361.276822
4361.267213
4360.355012
4361.311058
4361.402437
9093.125316
9092.9237
9092.982492
9094.182553
9093.250637
9093.521737
9097.223856
9111.769771
9144.740599
9205.296221
9333.749511
9574.14319
9987.875235
4359.879706
4358.474906
4361.057273
4364.50433
4360.042271
4359.582154
4359.852265
4359.718256
4359.818086
4361.121123
4359.843555
4360.396994
4364.332989
4362.692183
4360.366593
4359.135577
4359.725283
4360.173805
4365.047278
4361.23284
4357.584261
4359.195714
4360.836263
4361.628677
4362.346601
4363.382662
4362.943747
4361.081226
4361.254331
4361.308673
4361.341435
4359.867811
4361.746586
4360.401903
4360.304249
4357.551974
4359.218549
4359.048872
4357.238123
9092.233531
4359.747475
4360.488628
4360.648387
4362.470646
4362.424821
4359.084873
9093.056394
4360.161429
4359.755081
4360.918401
4360.949536
4360.655503
4359.928035
4359.700504
4359.668822
4359.475204
4360.607544
4359.338535
4361.591294
6662.565133
9091.81658
4361.405614
9093.425006
4359.746917
4359.870977
4359.693688
4363.029733
4361.158473
4361.129425
4361.131056
4361.527772
4356.592866
4359.171731
4359.672215
4361.537768
4360.664175
4360.336733
4362.343881
9082.551708
6656.267591
9086.828893
9096.807767
9094.714051
9093.604581
9094.08651
9092.856646
9093.043239
9092.79531
9094.042528
9093.53044
6663.510306
9093.548054
9093.461756
6663.401802
9092.94518
9093.239179
6662.893272
9092.392222
9092.735647
9093.407629
9338.404539
9575.102462
9994.325033
12806.38837
12808.95745
12810.73519
12810.0813
12809.26092
12808.20817
12807.11092
12806.52808
12805.57787
12806.93127
12806.52422
12808.84294
12808.76718
12810.44507
12808.49123
12808.63231
12809.55202
12810.84437
12809.20717
12809.69818
12810.42949
12810.72508
12808.50646
12811.03583
12811.68914
12811.85028
12811.67125
12811.48925
12810.29677
12809.85803
12809.92746
12810.54601
12811.81295
12810.51988
12810.58765
12811.75473
12814.51375
12832.5045
12871.94785
12944.98194
13104.85425
13397.43712
13877.04148
12797.09909
12802.63014
12807.30672
9092.093575
9094.467588
12811.98877
12815.12461
12814.69337
9095.89519
12811.75392
12810.81997
12810.94799
12810.51768
9093.015865
12809.9326
9092.055894
12809.23123
12810.45283
9092.440455
12809.41175
12809.21348
12809.3347
9092.409535
12809.51953
9092.005498
9092.686772
9093.305306
9099.016851
9146.339128
9207.285248
13398.17425
4360.210489
4361.057767
4361.349812
4362.607688
4361.945966
4359.883646
4362.850386
4362.333387
4360.095663
4361.614502
4364.669751
4360.698808
4360.624756
4360.064682
4359.544685
4360.777088
4359.683958
4361.671204
4361.586215
4360.244309
4362.098516
4361.589013
4360.38732
4362.153348
4360.015068
4360.591638
4365.686969
4362.778163
4359.831401
4360.182639
4359.92866
4360.187284
4365.888985
4361.559401
4360.353405
4357.82179
4360.532401
4363.496967
4361.103039
4359.981557
4361.494511
4363.53497
4360.881678
4360.617024
4359.297706
4360.104053
4358.869033
4360.271099
4361.109887
4360.230064
4359.693006
4358.814938
4359.827144
4360.811079
4361.601824
4363.630055
4362.665473
4361.048979
4361.529677
4361.030401
4361.931577
4360.238122
4360.32219
4361.61904
4363.650067
4359.315385
4359.598807
4359.477193
12809.91059
9090.501937
4360.006366
4360.686161
4361.255982
4363.401962
4362.397535
4359.294101
4359.373197
4361.191548
4362.095672
4365.195095
4361.918997
4361.653403
4362.881643
4360.261053
4359.916987
4360.972509
9095.025399
4360.285748
4360.387345
4361.626579
4356.718264
4362.676866
4365.084687
4362.009636
12817.17209
12836.07043
12809.4968
9114.224177
12874.27005
4360.292768
4360.699085
4361.324125
4361.124196
4361.456373
12810.44279
12809.86428
9096.490412
12811.10303
12809.65409
9092.540626
12818.12918
12809.07775
12809.24826
12806.1386
12809.14861
12809.73218
12808.45951
12810.09086
4360.363728
4359.858347
4361.18073
4362.590407
4362.578526
4360.091304
4361.528417
4362.261452
4362.918154
4359.352556
4362.663399
4360.219642
4361.534232
4360.307849
4360.510556
4360.054352
4361.46404
14285.71332
14285.71291
14285.71305
14285.71293
14285.7132
14285.71426
12811.31535
14285.71401
14285.71339
12809.46891
12808.77889
12808.82477
14285.71346
14285.71355
14285.71332
14285.71299
14285.71315
14285.71328
14285.71398
14285.71412
14285.71427
14285.71321
14285.71312
14285.71363
14285.7134
14285.71343
14285.7127
14285.71268
14285.71384
14285.71361
14285.71361
4363.313285
4362.16691
4361.957215
4358.95949
4361.841217
4360.497357
4360.542659
4360.468243
4360.339895
4359.383306
4361.690365
4360.547196
4363.626364
4360.20092
4358.763589
4362.674555
4360.093213
4360.403337
4361.51877
4360.056143
4362.713108
4359.931395
4360.655365
4361.13186
4359.959038
4361.213629
4363.091553
4361.08517
4361.328906
4361.220177
4360.901092
4361.276909
4359.241764
4361.425331
4362.752652
14285.71277
14285.71383
14285.71398
14285.71382
14285.71406
14285.71388
14285.71383
14285.71428
14285.71376
14285.71271
12814.13465
14285.71299
14285.71404
14285.71297
14285.71293
14285.71424
14285.71406
14285.71392
14285.71311
14285.7141
14285.71374
14285.71321
14285.714
4359.952932
4362.188082
4362.06355
4361.717025
4361.187764
4359.938836
4362.641023
12947.63176
14285.71266
13111.05849
14285.71428
13885.25716
4362.773068
4360.374287
4363.128917
4362.046164
4362.606683
4359.917304
12811.09935
12812.36776
4361.217978
12809.96523
12809.867
14285.71335
14285.71293
12809.63962
4361.723907
14285.7132
14285.7142
14285.71339
14285.7127
14285.71253
14285.71335
12810.52009
12809.55219
14285.71331
14285.7138
4360.594384
4362.041801
4361.511923
4361.216766
4360.120383
4361.113231
4361.308595
4362.502462
4360.798854
4362.256802
12810.9254
12815.06968
14285.71311
14285.71312
14285.71392
14285.71365
14285.71313
4361.235032
14285.71338
14285.71275
4359.708398
4359.694244
4362.496266
4359.43783
4362.279318
4363.441272
4360.467581
4358.943457
4359.535694
4360.843751
14285.71395
14285.7138
14285.7135
14285.71399
14285.71281
4362.75813
4361.708373
4362.795875
4360.251154
4360.566076
14285.71318
14285.71389
14285.71291
14285.71298
14285.7135
14285.71283
14285.71311
14285.71282
14285.71279
4361.417036
4362.619353
4361.987564
4362.534574
4362.530592
14285.71396
14285.7129
14285.71391
4362.845412
14285.71337
14285.71388
4361.167919
4361.175138
4362.557479
4363.616454
14285.71325
14285.71319
14285.71291
14285.71377
14285.71394
14285.71406
12809.75551
14285.71346
4362.536508
12804.85326
14285.71386
4362.351865
6666.545532
4497.194492
4361.576573
4407.274932
4361.085897
9090.871294
4739.174589
4360.103974
14285.71322
6662.442443
12812.90811
4359.295965
4359.383599
4359.933728
4359.887973
4360.851159
4413.995804
4361.219732
4360.121608
4362.917643
14285.71412
4361.399158
14285.71427
4361.183356
4362.753599
14285.71396
4360.455866
4360.906733
4361.476283
4360.725891
4361.18662
4360.356517
148.1199757
67.35628497
141.3158897
25.23337573
7.218788557
7.160614419
141.3300314
64.44435144
118.3202031
141.577304
30.89744343
13.27559551
20.65210038
39.05253185
52.25248016
64.89824412
130.1952662
156.6291574
162.3596709
155.7388364
158.925807
145.7027545
111.0718968
140.7344818
32.78786744
51.77982214
131.0613166
195.5440036
67.01759126
69.73231321
30.93733857
139.2697776
19.3968393
51.11668518
23.89353256
208.6904942
25.20989956
149.8409625
38.30633746
137.7792778
40.87871877
47.8235612
49.11758252
125.0386422
41.90213833
35.40518572
21.7548758
32.76963114
74.23458743
65.34052178
24.64179379
39.05586231
26.36905677
21.55799713
204.0967106
159.4546378
73.86778479
55.85019871
54.42665786
171.6584715
155.2993212
183.7635479
140.7770331
27.8665033
26.9486354
13.51677999
24.56317303
49.58762349
18.55878496
65.53761601
48.02869503
69.52588308
24.57442911
202.0059226
160.1566178
29.78777745
143.0285944
135.7842086
140.5143985
133.3077089
110.2907172
98.70828647
123.7442009
154.8075917
146.2558103
145.1679213
138.4169957
149.8697105
63.61402972
7.925405606
146.4778101
162.3508866
110.0572006
139.61188
63.21846772
57.64087316
45.81547136
143.2481275
41.18838976
19.84179645
26.05031594
19.66991226
6.437149855
10.3565009
6.877399894
9.800678956
17.14085338
33.20448007
59.01678452
67.01471964
68.68010375
62.56567932
49.07328545
116.6826183
124.0614518
153.1587593
170.0701765
161.805033
176.046044
172.1734173
148.1931805
165.4140059
120.6802601
123.1622541
139.9603106
133.4856281
54.37882182
11.46043153
9.957434044
9.37141699
9.367599997
167.3032134
81.14218426
84.85952356
99.27230297
123.0333611
163.9804364
202.4073787
194.7822347
168.2615507
182.1509505
174.4355928
182.2535525
175.8928253
182.6874577
172.0537835
163.9985259
146.9372124
137.1754118
135.3029119
148.1608997
136.7371318
133.3700122
37.83116487
44.20461298
53.48943767
61.02377196
63.68191739
61.92530012
59.1637184
59.64408598
56.69061659
52.98749547
47.31581877
40.72410975
33.20087769
27.24087223
39.13140727
22.3015408
18.93242161
17.26520693
15.17237158
15.71930135
18.78210715
22.82062559
14.44775134
28.00334057
31.30827955
33.03994788
32.75340026
107.2964684
95.99658355
128.0850476
62.16277388
53.7695589
55.5719172
63.8549338
114.2363434
195.0014534
148.9023382
229.8757918
193.2150245
183.6178348
146.3234599
183.6699749
182.0544352
184.1465681
191.3597088
187.2483284
169.2921358
146.543641
136.5122292
135.6833271
145.5947661
125.4193329
54.11151589
65.03829625
68.72714526
65.52097944
63.72096302
63.04613689
60.24618133
55.89586303
50.85597651
44.02558371
37.87447413
33.94894403
31.63490849
25.04078521
29.83675189
27.6703317
25.54334161
23.08207187
26.62460569
27.50586502
26.84812282
28.24607642
32.68836143
32.83540143
30.81161292
26.28391323
37.55391709
28.29850144
30.80819278
19.19297915
16.34332142
134.5247075
125.8470397
13.67005753
161.8051601
51.68475455
55.4752523
58.37731684
144.6368777
20.0521634
37.86265509
35.10770122
163.3595654
25.8300984
29.04744461
159.948002
180.5864966
21.09674156
149.0771049
195.8212061
182.7452959
164.0456715
172.1133162
149.8645102
70.82230924
160.1392465
61.71018611
62.53024243
45.18191309
34.43546148
101.7688505
27.87055249
42.35959501
43.43434492
30.91168996
17.60466712
17.50266425
18.39865387
21.41451668
23.57562805
34.30142788
46.49851357
61.96079748
66.61166278
79.22415045
80.38603656
83.95026604
75.82889752
75.76641629
71.84872796
69.68601257
67.70963461
66.53470503
65.63983289
63.2561109
60.06923625
57.00412041
55.46237778
54.22027551
52.12933661
49.20216039
47.4277911
45.99248603
46.06914725
42.04432823
48.80460819
52.19648866
56.26150259
57.08316913
58.71087662
43.57480829
51.56869098
44.65776758
44.08341565
40.21138909
36.28820268
31.61531215
24.68337161
22.7965799
20.04296648
16.9567839
34.50483464
17.52052053
14.76822386
25.7648234
10.09775215
9.326829745
9.549058032
13.83303396
17.39092669
20.08833557
21.12469431
24.54810595
26.71922598
27.82426363
23.6385052
27.25039818
21.09024853
33.05008997
24.48603363
32.54993195
24.53562351
16.40836592
27.66511324
46.36699452
87.05042098
75.35801176
36.24242569
29.1259627
51.02141977
124.1549941
95.82054152
130.1303585
140.4981955
157.3823623
171.9851626
187.7133265
196.4657505
197.3489625
193.9211394
187.553007
178.5397352
166.8858147
154.9946021
110.7899554
142.9049407
96.57370814
87.74919608
79.09053675
87.8148155
116.287189
128.0622158
131.8656506
58.09289693
33.79079954
19.97066111
29.38935202
80.33932041
190.4819063
178.288636
201.2787856
139.2905482
121.492227
122.1193139
18.4194599
15.95775323
12.68748363
8.916876993
19.49516526
35.08203381
37.25475934
60.28712999
45.6706061
46.73847545
13.70672718
15.95547568
18.3022972
24.92945528
37.4276404
48.66489715
49.45197517
47.69601887
42.57026569
77.34613883
45.28203071
58.1258774
57.1307155
58.13327504
60.37940062
62.16546446
62.77501868
62.03479112
60.39091213
53.22225541
53.43486404
56.6684728
22.85716529
27.00163103
24.08699198
50.19550101
39.55078132
55.20905022
36.95151882
37.3851559
23.90193104
8.397767582
15.69246802
28.06071787
45.36399602
36.22924727
0.05189441274
14.08148083
53.46046221
111.238617
132.5368155
214.6582837
111.7491818
226.4211364
210.3370121
128.1355806
157.7761232
204.4236655
166.1507946
179.715711
171.5007164
173.5416807
163.6950487
147.1626557
135.299686
85.57798493
126.3952385
124.5461298
56.53426679
156.4882714
63.41938177
181.3575516
73.57401909
123.2180615
73.57145415
22.80806604
41.22230073
51.4573468
62.47346775
48.7804428
51.19027075
70.04125933
41.22914646
177.7965229
9.276076346
17.43738097
771.6235748
14.38988042
768.3517408
7.078109081
762.7198851
14.02828416
756.242572
14.17526022
15.14397302
764.9642815
27.14889867
766.585449
771.0970693
32.05569579
779.3945211
784.3464339
784.16962
53.69275719
796.5473956
57.56946563
43.78739575
44.12354228
793.3615303
798.9913017
802.3978354
802.0932726
55.16656464
805.8019968
807.4215313
58.54305103
807.4349518
808.5753479
68.22530202
806.9492816
801.3541425
73.80285491
785.2245644
792.1859297
789.4800075
763.4464591
771.5760572
764.4999577
776.1898237
783.471214
30.46278922
774.3932266
784.1619545
808.532741
809.1675096
811.1201183
781.150341
784.745612
785.1754542
776.596936
792.0671355
831.3807955
794.8365513
794.3620872
787.2800802
802.8350109
7.918655206e-06
836.8737144
859.2302114
846.682225
910.3418071
857.0747213
906.3401441
905.5885237
891.3687253
891.4032888
889.1966007
891.1697575
888.7718915
882.2116415
876.8192168
853.4298227
875.3053927
826.1096288
902.3856975
827.6274627
920.1103457
817.1613827
849.9389865
818.3411341
26.36467475
806.8188605
805.1244826
33.17817923
775.8701977
206.1557176
883.6398551
789.910541
51.79802765
791.5094693
792.4308207
45.00331427
796.4662717
784.1967547
767.4544042
770.4516433
19.08757373
766.2574865
762.8237314
760.4183932
824.1380301
809.0251115
805.3166396
804.3714703
796.6287189
785.1523753
158.3281633
784.5277409
785.6988615
796.8402476
46.84880763
771.7794539
765.0817295
791.9708941
45.19078324
801.511749
759.968136
35.36215371
762.4969477
793.2799131
809.4736679
888.010798
38.02134622
</DataArray>
<DataArray type="Float64" Name="mach" format="ascii">
2.568483379
2.566205579
2.568066316
2.566283905
2.566319051
2.567642111
2.567806034
2.56762054
2.564534371
2.564192482
2.56663073
2.568100623
2.569460951
2.568896838
2.570570749
2.56727967
2.568212445
2.56491831
2.5663199
2.5665989
2.568089295
2.568426405
2.567513473
2.56724277
2.567642342
2.56680795
2.567910005
2.567420282
2.567231389
2.564218773
2.564605667
2.567147716
2.564804929
2.567118815
2.566399008
2.564308423
2.5676923
2.567753194
2.568409235
2.566988572
2.568106846
2.568025721
2.567982079
2.567760719
2.564313103
2.568557325
2.567049759
2.567840007
2.565217395
2.56730868
2.566261269
2.56463265
2.568474523
2.568492714
2.567890432
2.568031786
2.564501167
2.566188163
2.567191783
2.56768943
2.564445632
2.566851061
2.567898529
2.567412453
2.567562226
2.567222055
2.567740969
2.567214488
2.56452088
2.567931654
2.566635896
2.56660728
2.567082332
2.567444659
2.568933194
2.568510667
2.569582999
2.568199795
2.567660381
2.567748725
2.567119399
2.565251172
2.568548639
2.568398432
2.567384998
2.564886201
2.568217149
2.566973198
2.565290296
2.568248021
2.566955606
2.567370967
2.567250324
2.566318603
2.566808504
2.567191908
2.567351485
2.566855154
2.567640308
2.568235848
2.567651462
2.567363745
2.567258757
2.567409915
2.567160964
2.567572916
2.566574201
2.5668288
2.567381407
2.566913202
2.566052187
2.566961581
2.564193149
2.567187695
2.567758392
2.568279009
2.567227895
2.565378493
2.567565863
2.566811609
2.567523655
2.566537371
2.567821593
2.567560285
2.564899611
2.564805833
2.566694278
2.566799748
2.567756895
2.567961534
2.5670218
2.567209162
2.567915991
2.565031649
2.564173414
2.564089394
2.567479029
2.5668294
2.567830408
2.564829234
2.568683693
2.567023698
2.567380131
2.567268026
2.567890888
2.567887391
2.567926108
2.567355875
2.567382653
2.564576235
2.567707802
2.567855118
2.568340224
2.56787928
2.567396285
2.5676205
2.568002051
2.567440616
2.567552352
2.56742319
2.567333411
2.55942881
2.567903881
2.560557589
2.567417312
2.567620065
2.559639861
2.567378391
2.567251484
2.564722667
2.559990089
2.56771504
2.559528633
2.566661909
2.559767181
2.567828218
2.566938844
2.566704117
2.55944255
2.559498105
2.567045792
2.55915557
2.566730429
2.560026237
2.566851747
2.560521818
2.568909491
2.569999501
2.568250716
2.559565453
2.567304918
2.559303517
2.559873614
2.567791895
2.560463599
2.567194262
2.567544733
2.567638708
2.567587821
2.559912972
2.567022909
2.559748699
2.567927
2.56735283
2.559413184
2.564471184
2.560117562
2.567616826
2.567213452
2.559593151
2.564726377
2.56713109
2.559821357
2.568092025
2.567152315
2.560137067
2.567017886
2.559432079
2.567542966
2.5665895
2.559789559
2.559756758
2.568616702
2.559424934
2.568388607
2.568337113
2.56972528
2.559548112
2.56923662
2.568254127
2.568514519
2.558053775
2.567491328
2.567986286
2.567154512
2.560070169
2.559844264
2.559512338
2.55958813
2.567223722
2.565387695
2.559798946
2.5685415
2.559438702
2.567475113
2.560173475
2.559707098
2.565261237
2.559839747
2.567736891
2.560039518
2.559753448
2.559489454
2.56542489
2.567450264
2.568562985
2.559577422
2.560633607
2.559710592
2.5600585
2.568093768
2.559427288
2.559855157
2.568107942
2.567922438
2.56035483
2.559487348
2.567228919
2.55984083
2.559972933
2.567603861
2.567770464
2.559633694
2.5674046
2.559747571
2.567560928
2.569114919
2.569734898
2.569215495
2.56792528
2.567019444
2.567231084
2.568131663
2.567156276
2.567389985
2.567659056
2.568117862
2.567931257
2.560155963
2.568462248
2.567293477
2.567846394
2.564859436
2.567635594
2.568499108
2.567674603
2.559581157
2.560156542
2.567593436
2.568181869
2.567882308
2.567058293
2.567279691
2.559967111
2.560207945
2.567142215
2.566846142
2.559472195
2.567056557
2.55960596
2.560219841
2.568208726
2.568106316
2.56819623
2.564103779
2.559407321
2.566866772
2.559614786
2.567568688
2.560066657
2.566993626
2.559823721
2.567758328
2.564241714
2.560279739
2.569603447
2.568883629
2.570105063
2.568789295
2.567525656
2.566579845
2.568113847
2.570036194
2.559429104
2.55934561
2.566981524
2.568110027
2.567677289
2.567216767
2.566877327
2.567768344
2.567539577
2.560391386
2.56830384
2.568141306
2.567902014
2.560048902
2.568296887
2.559880261
2.56678407
2.566778535
2.559806074
2.567398313
2.559937006
2.559727947
2.567533372
2.56663567
2.560220535
2.559792452
2.559938559
2.564649202
2.566943689
2.565944996
2.567600372
2.568319996
2.567532105
2.559253033
2.560320525
2.559638828
2.559331413
2.560318669
2.564367152
2.567192516
2.560001342
2.559351057
2.567462799
2.567656259
2.568096882
2.567675702
2.5666269
2.566667348
2.567225484
2.568292998
2.567158268
2.566952674
2.567483047
2.567312629
2.567265431
2.567838082
2.567752275
2.567739154
2.567355436
2.567114804
2.566387842
2.568782016
2.569520287
2.569846613
2.567915567
2.56777309
2.567126417
2.56756733
2.567637982
2.567573154
2.568093092
2.567758738
2.567219224
2.567140568
2.567893307
2.567202576
2.567185987
2.567291547
2.567074982
2.567481907
2.567415002
2.567063627
2.567115231
2.545673846
2.545569613
2.546354357
2.546730332
2.545809802
2.546242414
2.545979869
2.545727136
2.546148936
2.546191408
2.546037222
2.546387574
2.54568445
2.545430473
2.546307274
2.54636144
2.545860973
2.545695748
2.545966703
2.546209241
2.545976662
2.545586359
2.545684103
2.56732275
2.567655986
2.567395102
2.567577058
2.567969686
2.567497699
2.567281122
2.568475757
2.568227471
2.56748076
2.566969202
2.566732422
2.567181303
2.567673017
2.567494262
2.567359061
2.566902284
2.567407177
2.567941784
2.568662601
2.567644999
2.567256125
2.5672408
2.567104592
2.566757312
2.567029837
2.566935422
2.567382597
2.566964735
2.568136713
2.56813127
2.567868439
2.568261092
2.568262479
2.567966859
2.545704983
2.545880541
2.545969865
2.546070297
2.545749666
2.546119758
2.545961618
2.545741321
2.546315805
2.546219559
2.545631681
2.545654685
2.546029579
2.546539519
2.54653181
2.545724782
2.545507427
2.5673155
2.567344437
2.569070926
2.569422416
2.568920774
2.566871648
2.567259413
2.546324225
2.546020221
2.559662038
2.546291701
2.545530739
2.545998117
2.546122571
2.546223427
2.559930294
2.546425666
2.545298223
2.568024217
2.545801576
2.559963835
2.559260967
2.56033482
2.567857899
2.567724006
2.56864567
2.567111034
2.559340219
2.568171475
2.567517879
2.568333698
2.56672321
2.560503554
2.559832654
2.545780941
2.567586706
2.546174857
2.546139566
2.545707772
2.560151291
2.567893488
2.546687256
2.54662394
2.545787794
2.545478491
2.546003358
2.546598428
2.545977143
2.545464028
2.546108607
2.546153563
2.546240635
2.54610018
2.545912715
2.54557398
2.567320254
2.566427643
2.545897948
2.545834237
2.546203351
2.546034165
2.545911705
2.545632533
2.545840147
2.54587669
2.545695498
2.567138564
2.566859911
2.5673455
2.567401898
2.567214836
2.567856868
2.567683134
2.567338602
2.567212241
2.566423761
2.566316718
2.568910522
2.569808039
2.567866214
2.567765083
2.567094239
2.56755674
2.56763099
2.567592376
2.567658215
2.567262624
2.566791493
2.567864242
2.567963688
2.567092685
2.567188071
2.567287585
2.567061496
2.567540288
2.567402419
2.567552723
2.568096613
2.56768335
2.566776365
2.566639
2.567148661
2.568129778
2.567412423
2.567055132
2.56713816
2.567102502
2.506859149
2.506744849
2.507436893
2.507810229
2.506962366
2.506855124
2.507076818
2.506887806
2.506952232
2.507276383
2.507341489
2.50718805
2.507462938
2.50685107
2.506579397
2.50738794
2.507453509
2.506973186
2.506849141
2.507049358
2.507299823
2.507091942
2.506776528
2.507123637
2.567525499
2.56711696
2.568531576
2.568326307
2.567286814
2.567177417
2.566650331
2.567175979
2.567474958
2.566696643
2.567272122
2.567825811
2.567276179
2.567679071
2.567448916
2.567590345
2.506892875
2.507869357
2.507116104
2.506855376
2.50739075
2.507298294
2.506782674
2.506802979
2.507151849
2.507638691
2.507604383
2.506863581
2.506600677
2.507022611
2.506998259
2.506678531
2.545841583
2.502552588
2.497267773
2.487685544
2.567010806
2.567408681
2.567625179
2.569196888
2.569306621
2.568870559
2.567578782
2.567073695
2.567384582
2.568815049
2.568875684
2.567676947
2.567404755
2.567174669
2.567066158
2.566975946
2.566946113
2.567107904
2.566863752
2.567333349
2.567305281
2.56700045
2.568048864
2.568170065
2.567908634
2.567744902
2.5681505
2.568279569
2.568312336
2.568037566
2.546019039
2.506851597
2.546434699
2.54603124
2.545601299
2.545387561
2.507663205
2.507062993
2.507040075
2.545908775
2.567977809
2.568515169
2.506678941
2.507178632
2.546315873
2.545614898
2.545985875
2.546564895
2.506892267
2.546314697
2.543554218
2.497944311
2.539499958
2.487193589
2.507326099
2.546029968
2.506693663
2.567653855
2.567337137
2.568108365
2.506983893
2.507307692
2.507147515
2.506761625
2.507117619
2.568170133
2.546802368
2.559930318
2.559434342
2.567691321
2.568123274
2.50710366
2.507489587
2.507134247
2.506739827
2.545667962
2.506511731
2.506698761
2.546145364
2.507632222
2.507208528
2.507142906
2.506704586
2.507025128
2.507366079
2.567356901
2.568090121
2.567732901
2.566768175
2.567144041
2.569537197
2.569597977
2.568070865
2.566835722
2.567269323
2.567597603
2.567245712
2.567617887
2.567691434
2.567357366
2.567234877
2.566308749
2.568967029
2.569262101
2.569719773
2.567858712
2.567784253
2.566867176
2.567546796
2.567608877
2.568081749
2.567189282
2.566612059
2.567915116
2.507239442
2.506956341
2.507301537
2.507259449
2.406888334
2.406146915
2.405925774
2.507193284
2.407091617
2.506925381
2.406370515
2.50660918
2.507092718
2.40699577
2.50727256
2.507343243
2.507228462
2.50743472
2.406242969
2.507042962
2.568002137
2.56705962
2.567218007
2.567138922
2.567052093
2.567609647
2.567479454
2.567011889
2.567071878
2.567095945
2.567286894
2.567692064
2.567594806
2.567600732
2.566846376
2.56734633
2.567806168
2.568909692
2.567429261
2.566913129
2.567923221
2.568480944
2.406443326
2.406299121
2.406886204
2.407213097
2.406483889
2.406384554
2.406776626
2.406592841
2.40644996
2.406494049
2.406799717
2.406847435
2.507201907
2.406685802
2.406897452
2.406372623
2.406132824
2.406819408
2.406861452
2.406475875
2.406345456
2.406513727
2.406723507
2.406513018
2.406177997
2.406190483
2.406524576
2.567560768
2.567061942
2.568581171
2.568358479
2.567016486
2.566632533
2.567208048
2.567658242
2.567483509
2.567375514
2.566476562
2.567180859
2.56770621
2.569058112
2.56906804
2.567688215
2.567376762
2.567135438
2.567019582
2.566955042
2.566903211
2.567122288
2.566837859
2.567228479
2.567466212
2.567120932
2.568044487
2.568131992
2.568163863
2.567970642
2.567813252
2.568015692
2.568359894
2.568186651
2.406213866
2.507393055
2.507628798
2.507014809
2.506757841
2.506940043
2.406372475
2.506704027
2.504942516
2.502399581
2.406412582
2.406751758
2.40658875
2.406348012
2.406794922
2.406724987
2.40629705
2.406306956
2.406637251
2.407056152
2.406998033
2.406329719
2.406043803
2.406315031
2.405870165
2.404574047
2.401450966
2.394678714
2.381978478
2.35858348
2.567926221
2.406971013
2.406619006
2.406833246
2.567124509
2.406749542
2.406577814
2.406144389
2.406571189
2.40611441
2.406546232
2.40678604
2.50663043
2.406678899
2.406794873
2.406526858
2.507257649
2.406600713
2.407016799
2.406485131
2.406223052
2.404472376
2.400938777
2.507237963
2.405995656
2.394429019
2.505471539
2.56741212
2.567114265
2.568299815
2.567110174
2.56716094
2.569409513
2.185235628
2.185036247
2.185488765
2.18572823
2.185161624
2.185413295
2.185313707
2.185225529
2.185236064
2.185526625
2.185510266
2.185440932
2.185313507
2.185511561
2.185057106
2.184861536
2.185395866
2.185374997
2.184988036
2.185152071
2.185284747
2.185053139
2.184828362
2.18512498
2.185066277
2.185376092
2.185777826
2.185177025
2.185317539
2.185308799
2.184973483
2.184975422
2.1852724
2.185567411
2.185525748
2.184941733
2.184641046
2.184758357
2.183632394
2.174853248
2.162344263
2.139057354
2.097569558
2.567912009
2.567449972
2.567466404
2.566642584
2.56891927
2.569279091
2.56925968
2.567783744
2.566926433
2.566963331
2.567522161
2.567677888
2.567312444
2.567364267
2.56805795
2.566593108
2.567061512
2.567593244
2.567719689
2.567511328
2.56781528
2.566530515
2.567681673
2.567289635
2.567016152
2.566928684
2.569507641
2.18542236
2.406394482
2.185186518
2.406549311
2.184679735
2.407018734
2.184906227
2.406167525
2.406670746
2.185250739
2.406549041
2.185212898
2.406900091
2.185519343
2.40660281
2.406469283
2.40675746
2.406628104
2.406807733
2.184958055
2.406286265
2.184992671
2.406163453
2.184540799
2.18056859
2.382510271
2.35798513
2.567428092
2.567113389
2.568026561
2.566726924
2.566651448
2.568306219
2.567611325
2.567001486
2.568593175
2.568386024
2.566700098
2.566652686
2.567230112
2.567682063
2.567483019
2.566245449
2.567085478
2.567615142
2.569129221
2.56923994
2.567718337
2.567280809
2.567075164
2.566971802
2.566851107
2.56687132
2.567122121
2.566852157
2.567045357
2.567070131
2.568076065
2.568147081
2.568185812
2.568042778
2.567793729
2.567844172
2.568324832
2.568412799
2.568187978
2.567478073
2.567135641
2.185078482
2.185442707
2.185048432
2.185414902
2.185458334
2.185281314
2.185365584
2.406719765
2.184970835
2.406497313
2.185148616
2.185092662
2.185356922
2.185390371
2.185213402
2.406600001
2.185095582
2.184916617
2.185372318
2.406733967
2.185150009
2.185540918
2.18510448
2.18484946
2.184729963
2.18356985
2.407256153
2.16191261
2.139471597
2.096769635
2.184995807
2.567028763
2.567201916
2.567436947
2.569225328
2.567296943
2.56779946
2.568445557
2.567033762
2.567552404
2.56817776
2.567993063
2.566339588
2.566653555
2.567171226
2.567350432
2.56770515
2.185544092
1.804735469
2.185570454
1.804634737
2.185119331
1.804207562
1.803640821
1.803594285
2.184415212
1.803892975
1.804248165
2.184791745
2.185487265
2.184861891
1.804317924
2.185317263
2.18521633
2.185112201
1.804085875
1.804322585
1.803961346
2.185235211
1.804300995
2.185222652
1.803451508
1.801803957
2.174347951
1.691170616
2.566988467
2.56730919
2.567599017
2.567078267
2.567400711
2.566944855
2.56773164
2.567594307
2.567439558
2.567208
2.568038439
2.567867153
2.566721597
2.566588165
2.56731624
2.568007942
2.568108061
2.566959473
2.568250792
2.567576022
2.567563695
2.567812826
2.567767708
2.569507694
2.568918959
2.566356662
2.567687661
2.567550014
2.567480708
2.567914065
2.567818225
2.567199497
2.56682775
2.567776202
2.568295883
2.567729867
2.566945468
2.568574699
2.567071152
2.566474105
2.566712578
2.567237868
2.567676649
2.567486434
2.567575865
2.566012505
2.567064257
2.567568647
2.569200648
2.569276536
2.567197481
2.56693478
2.566759941
2.566876367
2.567115682
2.567046728
2.56716745
2.566841365
2.568234587
2.568115893
2.567532479
2.567684409
2.568460449
2.568457715
2.5680112
2.567024202
2.566769487
2.567054277
1.804380642
1.804103697
1.804396646
1.804208263
1.804159913
1.804402036
1.804388074
1.804347839
1.804626854
1.804491567
1.804481448
1.804248272
1.804495681
1.804113149
1.803932417
1.804327178
1.804198348
1.80401084
1.804168393
1.803956198
1.803864168
1.803650881
1.80411503
1.804039384
1.804309662
1.80464037
1.804088388
1.803989169
1.804202021
1.804262942
1.804020896
1.804025177
1.804266465
1.804407693
1.804419302
1.80393801
1.803681599
1.803760161
1.802076247
1.798061142
1.790091326
1.773476855
1.743190991
1.692124243
2.567314936
2.56771305
2.567632566
2.567580559
2.566571087
2.567024988
2.567658863
2.56914376
2.569223929
2.568922434
2.567187592
2.566405026
2.56746472
2.567773667
2.568485511
1.804226142
2.567156879
2.567459851
2.569416596
2.18602947
2.568638417
2.568959235
2.568834243
1.804359076
2.567322974
2.567149115
2.566808802
2.184723004
2.569436965
1.803877542
1.804068598
1.803805086
2.185144899
1.804329486
1.804146479
2.185151908
1.80393132
1.804212701
1.804463083
1.804195225
1.804085422
1.804085188
2.567284873
2.567644899
1.804206611
1.804171191
2.180814371
2.567206294
2.56710479
2.567707601
2.567973939
1.804581083
1.804429255
1.312218097
1.80444331
1.312043082
1.311776061
1.803960496
1.311537102
1.311232732
1.803272097
1.310900459
1.311404569
1.804174723
1.311832854
1.80435272
1.311956863
1.804130402
1.311774411
1.804201478
1.311846376
1.804432552
1.80408511
1.803868313
1.311944379
1.804102582
1.797690393
1.789609936
1.772843177
1.743528942
2.567378868
2.56807122
2.567797969
2.566728552
2.566524071
2.567697905
2.567421718
2.567031189
2.567858488
2.567106641
2.568105817
1.312068308
1.311951468
1.312093512
1.31189136
1.311878661
1.312065839
1.312079865
1.31213654
1.312314271
1.312109165
1.312154025
1.312103284
1.311809801
1.311666072
1.311912171
1.31175489
1.311886891
1.311705248
1.311834962
1.31179032
1.311559994
1.311575021
1.311281165
1.31169953
1.311924422
1.312155212
1.311701702
1.31167622
1.311779105
2.567383278
2.568269039
2.56764649
2.567603045
2.566970229
2.569358579
2.566708386
2.567124135
2.567708094
2.567441003
2.566790939
2.56692368
2.566905865
2.569103795
2.569321786
2.567645395
2.567010668
2.567079186
2.567376968
2.56759617
2.566460823
1.311868178
1.311720516
1.311730824
1.311929215
1.311978782
1.311621952
1.311668187
1.309971371
1.306066703
1.298640036
1.283100765
1.255904251
1.213909655
2.566887119
2.568937464
2.567164326
2.566233652
2.567474408
2.567765265
2.568850184
2.568224043
2.568237738
2.567101925
2.568522846
2.568475763
2.566818011
2.566341193
2.566732311
2.567096499
2.567600936
2.567462262
2.56576735
2.567185568
2.569265227
2.567578704
2.567153105
2.567002044
2.566888592
2.566698023
2.566882421
2.567127095
2.566602538
2.566522136
2.566998102
2.567361906
2.567776865
2.568252296
2.568323105
2.567085478
2.568495789
2.568517083
2.567688435
1.311792904
2.567432451
2.568151228
2.568142165
2.566909931
2.5671366
2.568299057
1.311852069
2.567974286
2.568334639
2.567675307
2.567174928
2.566776323
2.567025346
2.567555209
2.567659427
2.567652956
2.567526126
2.569352739
2.567105944
1.80420191
1.311766643
2.566845726
1.311911572
2.567594475
2.567530576
2.567698025
2.566626554
2.567067179
2.567613653
2.566723212
2.567600607
2.567228911
2.569250951
2.568768385
2.567011385
2.568234383
2.568132462
2.567501685
1.312913279
1.805335509
1.312338726
1.311475958
1.311676224
1.311842207
1.311648661
1.311788608
1.311659393
1.311978259
1.311737974
1.311901325
1.804303507
1.311790543
1.311885141
1.804181917
1.31171586
1.31175417
1.803993363
1.311996636
1.311722384
1.311575438
1.282376032
1.256134805
1.212976965
0.8202146398
0.82001503
0.8200871342
0.8202234268
0.8201392881
0.8201552976
0.8202456882
0.820273003
0.8203742561
0.8202937422
0.8205155097
0.820287369
0.8203646956
0.8200567921
0.8202656648
0.8200754265
0.819973524
0.8199263641
0.819985569
0.8199897042
0.8198068289
0.8195700328
0.8200141967
0.8199812611
0.8201527408
0.8199520923
0.8199717331
0.8199906594
0.8200779469
0.8200021159
0.8200129517
0.8201503804
0.8201013151
0.8201517084
0.819927235
0.8199381143
0.8201761383
0.8189991619
0.8164495098
0.8119725135
0.8021543186
0.7875392906
0.7691458495
0.8207108443
0.8203336764
0.8201484826
1.311921552
1.311294325
0.8196081904
0.8197381942
0.8200038351
1.311431429
0.8199390087
0.8201081541
0.8200202393
0.8201494107
1.312074078
0.8202789866
1.311833721
0.8201392213
0.8200274845
1.311944267
0.8201640765
0.8200818578
0.8199988716
1.311826728
0.8200390255
1.311875649
1.311685595
1.311802971
1.311298598
1.305640785
1.298212148
0.7877868952
2.567129821
2.568017869
2.568093365
2.567661466
2.566394851
2.568008122
2.566622171
2.566763368
2.568380033
2.566988192
2.56842478
2.566274332
2.566809408
2.567266075
2.567624099
2.567432286
2.567665194
2.569169896
2.567604758
2.567344478
2.566973418
2.566744552
2.567455997
2.56781374
2.568022772
2.568103082
2.566249431
2.56646129
2.566817582
2.566737233
2.567452907
2.56738822
2.565508283
2.566854483
2.568010538
2.569257792
2.56734086
2.566565685
2.567166939
2.56745545
2.567359829
2.56713524
2.566972665
2.566784168
2.566811821
2.568238257
2.569343467
2.568353383
2.566924854
2.567497774
2.567492519
2.568085854
2.567243911
2.567198248
2.567046261
2.566661535
2.566993618
2.567032178
2.566994477
2.567084532
2.566736049
2.568319363
2.568318544
2.567635873
2.567070922
2.568558418
2.5682198
2.567025813
0.8201021506
1.3120608
2.56657048
2.568160969
2.567852339
2.566826231
2.566943775
2.568267828
2.567909236
2.567508898
2.567237862
2.568351478
2.568656652
2.568907571
2.566924006
2.567176488
2.567527055
2.567402448
1.311489411
2.568439191
2.568430949
2.567201318
2.568953686
2.566811539
2.566147307
2.566741123
0.8198120805
0.8185683528
0.8201989764
1.309567738
0.8160516533
2.566886946
2.566872594
2.567044916
2.56853455
2.567543117
0.8198896102
0.8200266289
1.311781056
0.8200056598
0.8199662056
1.311689726
0.8196017373
0.8200536033
0.8200733106
0.8201640316
0.8200052516
0.8200602474
0.8201268939
0.8199463123
2.568285459
2.568146955
2.566528322
2.56568344
2.566022788
2.566887043
2.567562252
2.567163173
2.565321025
2.567449007
2.565517857
2.567653734
2.566394188
2.567389189
2.567301208
2.566564982
2.567807939
0.2886519724
0.2844911218
0.2984469654
0.2979049874
0.2976641179
0.2978044504
0.8202875684
0.2976869652
0.2955600501
0.8198843926
0.8200788103
0.820144585
0.2978648247
0.2977201717
0.2977061046
0.2977390253
0.2977345366
0.2978063334
0.2978564164
0.2977250747
0.2977413968
0.2978144998
0.297651273
0.2979547088
0.2975343338
0.2977469947
0.2977431767
0.2978560913
0.2979858985
0.2976510776
0.2978178576
2.566029845
2.565867381
2.565719617
2.568095323
2.568833863
2.566767843
2.566693602
2.567129249
2.567294361
2.567570321
2.566102652
2.568332089
2.566223301
2.566786012
2.566815227
2.565467752
2.566759086
2.567329124
2.566340083
2.566905043
2.565581924
2.567342767
2.567972505
2.566064216
2.567251678
2.567065784
2.566386073
2.567287162
2.566995852
2.566427362
2.566412571
2.566009361
2.567549048
2.566491646
2.565256154
0.2979290576
0.2978384457
0.2977215863
0.2975321231
0.2979181342
0.2977688791
0.297757426
0.2976217789
0.2975238939
0.2977971388
0.819729423
0.2975180123
0.2970201545
0.2973217167
0.2969853393
0.2973161317
0.2974110854
0.2975136643
0.2977333163
0.2978820063
0.2978347655
0.2977935272
0.2979184159
2.568404829
2.567442718
2.5661226
2.566033174
2.566461355
2.56812179
2.565382836
0.8115917938
0.2937201627
0.8015008203
0.2875412266
0.7683386738
2.566741138
2.567106325
2.565756614
2.565688496
2.565614131
2.56682344
0.8199958466
0.819914886
2.566533666
0.8199750138
0.8199768085
0.2982257273
0.2980335282
0.8202057455
2.565784697
0.2977631277
0.2971935184
0.288266539
0.2940701095
0.29593385
0.2977720204
0.8200495416
0.8201701865
0.2977054169
0.297812741
2.567145548
2.566790807
2.56697393
2.567363711
2.567397038
2.566454815
2.568078613
2.566228154
2.567338518
2.566463142
0.8197825419
0.8192635653
0.2980495891
0.297995824
0.2979507131
0.2978480103
0.298205626
2.566202168
0.2975567574
0.2976909401
2.567698384
2.567484829
2.565636416
2.567002778
2.567703748
2.565796815
2.567303108
2.568066602
2.567557497
2.566683208
0.2976310531
0.2976737253
0.2978154726
0.2975935745
0.2978084376
2.565448851
2.566986296
2.565409078
2.566708475
2.567059041
0.2978236979
0.2978994793
0.2977793586
0.2976857025
0.2977507093
0.2981167181
0.2977889662
0.2976305073
0.2977375298
2.568020573
2.566724657
2.565897099
2.566950478
2.565562623
0.2979383711
0.2976802648
0.2980263868
2.565510934
0.29790661
0.2973918008
2.566539973
2.566462971
2.566721075
2.566963047
0.2847743988
0.2973674477
0.2978158996
0.2977150816
0.2977667805
0.2976933538
0.8200414327
0.2878194681
2.568503079
0.8202589506
0.2977274552
2.567075644
1.804003526
2.507764151
2.566632899
2.546089364
2.567368192
1.311910377
2.406526731
2.568525466
0.2977931713
1.804153398
0.8195582872
2.56924372
2.567942114
2.567195319
2.568260258
2.568774947
2.544510452
2.569218728
2.567228639
2.566600571
0.2977109989
2.565933796
0.297775829
2.566480364
2.567102336
0.2982230295
2.567321019
2.566002983
2.567249219
2.567711757
2.566186161
2.567211792
0.1752486595
0.7959192023
2.192911836
1.046586428
0.5309376287
1.020106172
0.1930596923
0.7961117179
0.2370333832
0.1704575387
1.815387609
2.280574934
1.0056457
0.9798847942
0.9015599329
0.8127318005
0.2357534213
0.1920607872
0.1961667464
0.08987149075
0.160347104
2.131674174
2.167088281
0.5917171249
2.166216453
0.9402641543
2.760038615
0.4391561032
0.6652879539
0.7634909595
2.605102759
1.564238595
1.492337599
1.058350609
2.207387872
0.4863851676
2.234692597
0.75334075
1.352795671
0.7964290785
1.170766353
0.9798624008
2.636726658
2.285373915
1.062881619
1.550620259
3.107204056
1.721180683
0.5933803724
0.8086087971
2.819125537
1.277561563
2.405609758
2.279488292
0.4192530492
0.5969462871
0.5423229334
0.9585751001
0.9798232477
1.13231126
1.23487947
0.4417874712
0.7764446611
2.044080325
2.721450779
4.154147146
2.985116146
0.9913594852
1.501921159
0.8173851235
1.084360973
0.7392522733
1.427669109
0.5726111701
0.657323241
1.292471602
0.1474908934
0.4099422234
0.1016858969
0.1122849246
0.1219962553
0.1494467232
0.1190614116
0.1655878013
0.1599529416
0.1171488693
1.006903205
1.105647808
0.7887942386
1.95898719
0.1067006329
0.1682958664
0.123001524
0.1325942281
0.7849365124
0.8248404381
0.9143242669
1.780370722
1.396577143
2.011654191
2.371451399
2.353437954
1.308052543
1.604178906
0.7038101254
0.8285810857
0.9900211277
0.9837488372
0.8794682748
0.7592162376
0.7641692907
0.8834715105
0.9856853198
0.2047171467
0.2177143788
0.1661631687
0.1941145593
0.1972018941
0.2109828091
0.2039234521
0.09695078814
0.1786323599
0.09842142507
0.5953448665
1.62464542
2.193324396
0.9538820343
0.8672511183
0.7783169549
0.9601245327
1.172258656
0.1976757919
1.248672307
1.807475433
2.142447952
2.218758067
2.078109041
1.719841749
1.068890384
0.5010921985
0.308874777
0.191518039
0.1608520062
0.1828827843
0.2123685331
0.2226300836
0.2578874572
0.2977027257
0.3439751631
0.3517233657
0.2017728174
0.3805304075
0.4401628179
1.161425907
1.103635097
1.006261971
0.91672176
0.8636019844
0.8633176342
0.920253493
0.8828963091
0.9181141087
0.9805391319
1.058708814
1.129491537
1.211352306
1.249785672
1.060689843
1.207616596
1.090465417
0.9361018652
1.032613658
1.385249088
1.930003417
2.361535024
1.047914751
2.540525757
2.525683115
2.308347374
1.986767842
2.202020045
1.94510396
2.244508529
0.8363489163
1.523273656
1.976410481
2.159163704
2.105487748
1.974414499
2.180864591
1.562670527
0.968356149
0.6968908533
0.4873921436
0.4922328363
0.3038131384
0.1940772407
0.2121186107
0.2712138956
0.3739700178
0.488150144
0.5705716586
0.5637026304
0.5500785046
0.6474586262
0.9714228855
0.8518542409
0.7884900141
0.8130836207
0.8257379956
0.864744514
0.8744077603
0.9498675633
1.033854393
1.133285095
1.208351839
1.222407514
1.158698058
1.15444715
1.048132249
0.9947414736
1.026621153
1.255454046
1.829999059
2.372566987
2.753154654
2.927912486
2.150110484
2.526695775
2.186127845
1.88931276
1.811103676
1.336170136
1.140964625
1.08663589
0.9249436537
0.2696739113
0.2971728813
2.115908189
0.2525927562
0.9683183838
0.9112496297
0.9108841168
0.7836735865
3.384196696
1.175429869
1.691961136
0.413741801
1.560662524
2.421161304
1.307960708
1.568193462
3.435549345
0.2475305402
0.3471020034
2.151629825
1.258363663
0.2252648582
0.6566675069
0.6906572591
1.900581507
0.8593893633
0.8444073275
1.032743484
2.472456179
2.41153179
2.114978259
1.053912003
1.046326103
1.632486613
1.53033261
1.533979266
1.528833283
1.473446592
1.48565044
1.249283269
0.9450702624
0.7552989696
0.6670273636
0.5022144966
0.4999316898
0.5269169746
0.6980084087
0.7499612017
0.8131164403
0.8075933196
0.8186746013
0.8401542373
0.833848283
0.861006222
0.9057969617
0.9553589512
0.9937152861
1.026729133
1.069630094
1.112449505
1.137851235
1.160749714
1.172449969
1.165370076
1.067957384
0.9655293514
0.9565225859
1.011042758
1.171811786
0.9892893463
1.418279274
1.768037179
1.776910286
1.894588749
2.08816267
2.351226467
2.843778018
3.053896337
3.282045477
3.560839909
2.297063365
3.427105643
3.640407542
2.896560145
4.467803537
4.544240441
4.558878609
3.725582646
3.187600723
2.640170495
2.167571197
1.736361714
1.566238289
1.462193207
1.61511084
1.77954554
2.233552168
1.34501956
2.059093305
1.503287032
1.979363118
3.274723673
2.845378653
2.408258235
1.945940817
2.856683592
5.011724803
4.947189324
2.882545496
1.420680635
1.70030663
1.333565009
1.222423754
1.080534887
0.923244369
0.7883837268
0.6864520196
0.6635563183
0.6088020143
0.5986426185
0.5994092619
0.6168787537
0.6579544219
0.7783867846
0.6911517394
0.9110496291
1.013340554
1.241586627
1.049963296
1.075195996
0.6745433898
0.5512784165
0.8268236195
1.147822023
2.196638521
2.106249519
1.899873208
0.8411213593
0.4998777008
0.3571761797
0.7573639351
0.3279742955
0.319850946
1.925253434
2.509085123
3.679828298
4.526886949
3.05356393
1.39106151
1.622672822
0.4335942418
1.12201574
1.132549436
1.384109557
1.391138577
1.365942288
1.266820171
1.078674254
0.8282500338
0.7044659819
0.5614271053
0.3339736708
0.1054467291
0.4448425387
0.5047498378
0.6689871946
0.7696074582
0.800816771
0.8058697842
0.8218441558
0.839385655
0.8635430537
1.009741493
1.017863278
0.939866332
1.200747914
1.737444387
1.628026707
0.1918677026
1.247620249
0.03029925226
0.9373544621
1.315785209
2.305252977
5.018357281
3.995025164
3.209368446
2.915537889
4.197637383
128.2059759
5.869140699
2.234008179
1.027486205
0.7875812573
0.8525061796
0.543576923
0.7058239495
0.6281581724
0.457794893
0.4165324803
0.4708287694
0.3472263183
0.3922114601
0.3714160886
0.3601633721
0.381919511
0.4275174279
0.4678001812
0.3711995518
0.6298381931
0.7335517921
0.7659404358
0.8073310692
0.9829698781
0.7937604231
0.4511107427
0.2036974825
0.1795073473
2.795610016
1.308946462
0.9091069575
0.5148247011
1.103603167
1.063424243
0.7524319979
1.057564516
0.5550191248
4.521392442
1.696000491
2.16934303
3.117366067
2.174338258
5.205203365
2.183952362
3.500924598
2.1983558
3.595903159
3.536075216
2.181811945
2.480668929
2.179557417
2.168153999
2.160518195
2.156429688
2.146755599
2.14853619
0.6676799359
2.129234127
0.7079960575
1.069569293
1.137642861
2.145694225
2.133171495
2.127980746
2.128791768
0.977449759
2.121542761
2.118458422
0.8999105707
2.118753703
2.115962867
0.7785638207
2.119593745
2.125559497
0.6811393556
2.152046944
2.143906102
2.156327862
2.19521629
2.188248253
2.195573877
2.159334311
2.140797362
1.907432298
2.16049492
2.141413135
2.114196098
2.113286035
2.108466981
2.150460149
2.140608734
2.136808803
2.150482034
2.121195152
2.051746151
2.107692914
2.120381384
2.133770086
2.104401981
9372.429163
2.045873258
2.008851385
2.046479187
1.934451626
2.032709334
1.943571084
1.944037415
1.968419946
1.966102402
1.966329121
1.963185732
1.964694353
1.970614281
1.972516495
2.012985384
1.970198774
2.058691558
1.926681139
2.056935642
1.902414422
2.092774226
2.02957758
2.093910622
2.00126232
2.09679489
2.119521807
2.025263443
2.164315608
0.5287878209
1.985683249
2.152419419
0.1338054259
2.146235681
2.147141184
0.9078192206
2.134004348
2.170259883
2.174980144
2.173552233
1.661799447
2.176853969
2.183584341
2.191097553
2.059389973
2.115264246
2.121776957
2.124307156
2.139299954
2.146120045
0.7460913167
2.147910578
2.145730681
2.14021211
1.167746211
2.168050325
2.197146012
2.135126297
1.148137888
2.121545081
2.19005357
1.815036641
2.186734298
2.131964479
2.099554438
1.968890837
1.18525635
</DataArray>
<DataArray type="Float64" Name="total_energy" format="ascii">
620.7040727
620.237521
620.374696
620.2287259
620.2865765
620.2414175
620.3735592
620.4557648
620.2610536
620.2303543
620.224437
620.1846781
620.8701226
621.1931979
621.3040484
620.6815375
620.4532297
620.4564196
620.2464271
620.2656219
620.448752
620.4693307
620.5280978
620.577287
620.5879938
620.510573
620.6776986
620.590249
620.3880984
620.1971927
620.289711
620.2125922
620.2939629
620.3554255
620.2880202
620.3470785
620.4458035
620.623442
620.7156283
620.4901585
620.3634273
620.5997784
620.6975509
620.5178898
620.3831789
620.5691292
620.4022125
620.616169
620.4479255
620.6374448
620.4354951
620.4145128
620.6754688
620.6474364
620.6185806
620.6427299
620.287047
620.2398188
620.3894315
620.2866452
620.2108092
620.1977751
620.4904165
620.4553434
620.4292009
620.3833184
620.4416145
620.4630424
620.2748114
620.3874505
620.4569852
620.4845906
620.5681813
620.6168111
620.578484
620.7550095
620.7005728
620.7251991
620.5195218
620.4449857
620.3457173
620.3477495
620.6075158
620.7588397
620.4298775
620.4225003
620.7234527
620.5994907
620.5406518
620.728582
620.2803383
620.3785147
620.2840388
620.2996835
620.6627977
620.5645861
620.4548088
620.4588486
620.3817998
620.3786721
620.4870478
620.3940815
620.4232286
620.4866956
620.5645653
620.4179065
620.4201994
620.2638782
620.2816149
620.2507551
620.203331
620.4626609
620.0715077
620.3766607
620.6737944
620.7689882
620.5657955
620.6409439
620.4535019
620.3423643
620.5004851
620.4073463
620.5177116
620.3930293
620.4320267
620.4081719
620.3016612
620.5604905
620.7737968
620.4985162
620.6471004
620.7004565
620.4482098
620.4617031
620.2282335
620.2615744
620.4237813
620.6083239
620.690992
620.4266767
620.7349925
620.2801362
620.3128325
620.2942759
620.3972571
620.4119666
620.441397
620.3615491
620.5892163
620.3500899
620.5155573
620.6384046
620.5735767
620.6520307
620.620876
620.587706
620.6524536
620.4482102
620.4455252
620.4772945
620.389386
620.2540781
620.6062673
620.5457975
620.6159205
620.6336059
620.2843892
620.3586775
620.2947555
620.2910867
620.2939858
620.2719104
620.275543
620.3916521
620.2884627
620.4841898
620.3264096
620.2776505
620.2210384
620.2481891
620.2756743
620.1443665
620.236225
620.5818859
620.1710645
620.7012708
620.8708278
621.3631902
620.7616239
620.3350354
620.5185507
620.3001073
620.461587
620.6324235
620.4564199
620.6421118
620.6343076
620.5434142
620.5090984
620.41825
620.5548392
620.4546094
620.649096
620.36155
620.2804997
620.3001674
620.3883605
620.4958508
620.4140866
620.3405153
620.3986208
620.3458761
620.2875986
620.516932
620.514224
620.319004
620.4795855
620.2736549
620.4537777
620.5735767
620.4162006
620.3093987
620.4208359
620.2112225
620.2934691
620.3428214
620.8433946
620.4742067
620.8228391
620.6080025
620.6228145
621.0571143
620.4583082
620.3653492
620.3335903
620.3028168
620.2806028
620.2015222
620.2534247
620.5980216
620.440921
620.3794113
620.5938638
620.1925674
620.5037303
620.3743939
620.3488829
620.3959095
620.3245685
620.4208539
620.3384485
620.225075
620.0907242
620.2027178
620.7919933
620.7548442
620.3864735
620.6424157
620.3660719
620.4059462
620.5983443
620.2627143
620.4714867
620.7600568
620.4240615
620.5700246
620.2388959
620.3729252
620.3651235
620.4854849
620.6532744
620.425249
620.2272519
620.2753852
620.3870473
620.3403568
620.7097108
620.8553754
620.8387918
620.6238473
620.6506619
620.5037737
620.4381413
620.592374
620.5192109
620.3682699
620.4624201
620.4905746
620.4486391
620.6041439
620.4804653
620.4052896
620.3071278
620.5830612
620.6828883
620.4863969
620.4230999
620.4354291
620.3644164
620.6583282
620.7224401
620.4492341
620.5969766
620.4006059
620.3995885
620.3945404
620.2752712
620.2651319
620.3156128
620.348884
620.5562274
620.6878656
620.4596488
620.5113679
620.3313431
620.3164149
620.2629721
620.2759844
620.2828633
620.5232797
620.3453299
620.2673372
620.0842042
620.2524525
620.4135599
621.2085065
620.724355
621.2972629
620.8325238
620.6791854
620.5593475
620.7442918
621.2858984
620.2396325
620.2556145
620.1855069
620.7555069
620.3768923
620.3794529
620.3757236
620.7422804
620.4379619
620.4239477
620.1694194
620.2225929
620.525611
620.4846894
620.5347581
620.3743322
620.5520094
620.5639311
620.3046423
620.2891679
620.420172
620.2964423
620.3409194
620.323409
620.6542571
620.2141125
620.257552
620.247543
620.3074688
620.4369375
620.5771263
620.317076
620.4909099
620.234551
620.5643642
620.866312
620.5214912
620.5470047
620.2976936
620.3634693
620.3991861
620.2411696
620.3843264
620.428122
620.7629124
620.7693019
620.5451072
620.3645939
620.3821847
620.7047658
620.337214
620.2724558
620.3130729
620.3049563
620.261439
620.3976418
620.4918191
620.4416707
620.3638912
620.2857357
620.1365566
620.8598963
621.3932954
621.2594489
620.7165525
620.6371065
620.639501
620.6326032
620.5039818
620.5448395
620.5206425
620.6501764
620.601508
620.5602813
620.6533126
620.3202576
620.3561377
620.5000086
620.4114333
620.4370897
620.4776769
620.5107048
620.4881519
620.2781517
620.2915711
620.5498526
620.5631284
620.3642048
620.3261908
620.2829418
620.222271
620.3989848
620.4198566
620.4790317
620.4223299
620.2216663
620.2513834
620.4552519
620.3963443
620.3482752
620.2125176
620.3243512
620.3521552
620.2575572
620.241259
620.1232143
620.4354165
620.5846304
620.6086431
620.6557956
620.5635106
620.5023996
620.4263176
620.695884
620.7541384
620.8312243
620.4648064
620.2435715
620.2561571
620.4245725
620.412688
620.4709503
620.6025615
620.4696781
620.4460929
620.6103544
620.3823364
620.426747
620.4942316
620.5880112
620.6319526
620.591458
620.2650212
620.3970975
620.501965
620.7417082
620.6879873
620.6102784
620.7401589
620.5374936
620.4114083
620.3065836
620.286257
620.30757
620.2814513
620.3791647
620.5444152
620.3970383
620.4213361
620.450439
620.4206426
620.2775901
620.2872564
620.4746427
620.581161
620.5085155
620.2702231
620.2684497
620.3829089
620.2448052
620.7117043
620.8324127
620.812699
620.622679
620.4876518
620.5265602
620.335661
620.2977615
620.406364
620.2446621
620.3953831
620.5372472
620.7300845
620.3409001
620.6105658
620.629471
620.446297
620.2713798
620.390022
620.2537274
620.4788119
620.838901
620.602448
620.6392748
620.3908048
620.2738979
620.7203975
620.4107731
620.6115388
620.2440528
620.7059213
620.3473289
620.268189
620.5468773
620.3101287
620.2824305
620.2799985
620.5198356
620.6509342
620.7027942
620.705926
620.3625839
620.3112519
620.4564023
620.4760539
620.3563144
620.2490515
620.4390843
620.4403428
620.4986894
620.4010258
620.4523413
620.2815388
620.4356754
620.3233704
620.3214173
620.3621713
620.4188951
620.3161469
620.3149365
620.2344003
620.2621022
620.4024678
620.2867566
620.3201501
620.2572469
620.3806503
620.3166463
620.2498235
620.4040219
620.4920438
620.3613431
620.2925909
620.2842691
620.1178496
620.8834511
621.2332457
620.6962776
620.6389743
620.6384358
620.6293599
620.4979718
620.5194035
620.6560042
620.6042798
620.5485475
620.6529979
620.6548478
620.2930217
620.3572299
620.425813
620.4101804
620.438152
620.3680358
620.4003532
620.7649365
620.7687608
620.558804
620.35851
620.3679177
620.595544
620.4777151
620.3381069
620.5305356
620.4788948
620.4045358
620.4160282
620.6523707
620.6818577
620.4889648
620.4144615
620.3971429
620.3504333
620.3953986
620.514071
620.5416557
620.5239207
620.5431617
620.3550598
620.365227
620.5685768
620.5211249
620.4597049
620.3468946
620.4374198
620.4725446
620.3925134
620.2604164
620.403313
620.5073593
620.4077197
620.7044938
620.7394915
620.8177814
620.4727848
620.2331861
620.2408687
620.4078617
620.6007601
620.4663421
620.4268103
620.4222489
620.592334
620.601913
620.6583455
620.4882614
620.7748358
620.5286877
620.5312158
620.5710541
620.5424438
620.4040069
620.4170897
620.5884428
620.6967622
620.6349515
620.4064631
620.3974539
620.5410717
620.7135524
620.9573601
620.694757
621.3568233
622.0607401
623.5642033
620.3469974
620.2537292
620.3322676
620.7341729
620.8238355
620.8076472
620.5747045
620.6411506
620.4781769
620.6238594
620.6329094
620.3799817
620.4329465
620.4848669
620.5829292
620.6398785
620.5963106
620.3916875
620.2474904
620.4135326
620.277407
620.5359623
620.737143
620.7188393
620.6167097
620.4010758
620.7217317
620.6020291
620.5480464
620.4117228
620.2321061
620.3963241
620.4286153
620.2931405
620.2285384
620.1748431
620.8124533
620.4766568
620.5625046
620.3096266
620.4382831
620.7546855
620.3635313
620.4670249
620.3444093
620.2769341
620.4232478
620.450737
620.5409587
620.6445666
621.3455787
622.2839649
621.8930593
623.502655
620.4518655
620.3994017
620.3565428
620.4196297
620.4598255
620.6800526
620.487587
620.53842
620.4451629
620.3944588
620.5381212
620.6792152
620.6591566
620.5429542
620.2637426
620.426281
620.5400341
620.4341073
620.5456239
620.4223245
620.3839777
620.2630364
620.3094655
620.3486911
620.5719855
620.5983834
620.5611295
620.4690715
620.3972923
620.431452
620.5254229
620.3584737
620.7604984
620.7772134
620.5709093
620.3590184
621.1711045
621.1820382
620.6536341
620.2552248
620.3462389
620.3263043
620.2400108
620.4913753
620.4158687
620.3623117
620.2945642
620.1010059
620.9262197
621.3778579
621.2154461
620.6770235
620.6421944
620.6468318
620.6254866
620.4929191
620.5337514
620.6021651
620.5374753
620.6590247
620.3480211
620.3713171
620.4297261
620.4091059
621.259355
621.0805159
621.0487202
620.6722863
621.5207752
620.495503
621.229142
620.4355891
620.5659389
621.3218758
620.5616893
620.6160173
620.5302056
620.6401226
621.1270138
620.4484408
620.6615324
620.2712945
620.3646677
620.5037435
620.4099525
620.4437573
620.4846436
620.3215651
620.5504128
620.4681791
620.4147801
620.6000154
620.6221432
620.645811
620.3362172
620.2581951
620.3488833
620.8197354
620.5477885
620.6596909
620.4341465
620.7540472
621.1306874
621.1419334
621.3567144
621.3960198
621.216922
621.1435238
621.177872
621.1232593
621.0848507
621.1225431
621.2309284
621.2609483
620.5970815
621.2464898
621.2611973
621.0902417
621.0940487
621.2838323
621.2430253
621.1805786
621.0832264
621.1571393
621.192514
621.125189
621.0850157
621.0002578
621.1257103
620.5154612
620.3967061
620.7071125
620.7374355
620.4851333
620.223629
620.2312032
620.4155164
620.4060949
620.4518033
620.6009276
620.4726172
620.4122679
620.6199098
620.6547309
620.3739324
620.4394328
620.483274
620.5795365
620.6466751
620.6049103
620.3954955
620.244546
620.4249398
620.281568
620.5208505
620.7496157
620.6734894
620.7179671
620.6251255
620.3999946
620.7173387
620.5549538
620.4184281
621.0939094
620.4708951
620.5770316
620.4328209
620.3660324
620.4045259
621.1527496
620.8860497
620.9900807
621.3725165
621.2100203
621.3719137
621.2569588
621.2526096
621.294584
621.2656315
621.1360616
621.1501396
621.3070517
621.4115519
621.3566925
621.1439989
621.1416411
621.3046293
621.5193032
621.8505417
622.1599107
622.8239611
624.1837723
626.8694996
620.4194816
621.0564827
621.0828795
621.1478526
620.6064507
621.1310911
621.1601437
621.1120654
621.3815266
621.1698433
621.2850033
621.3316078
620.3769895
621.2560699
621.2444248
621.1751311
620.6560224
621.2553769
621.2980806
621.1593477
621.1019634
621.7869339
622.0952413
620.7815465
621.5800363
622.8420568
621.0588124
620.3621003
620.7965472
620.5965136
620.3522034
620.4986375
621.3738398
624.4238968
624.4424203
624.6309947
624.6676271
624.508968
624.4695533
624.420266
624.3899692
624.4199788
624.5148075
624.5466153
624.5960874
624.5383172
624.5450128
624.3981735
624.402752
624.5670071
624.5290282
624.3890609
624.4473379
624.4804036
624.4244131
624.3872981
624.4179016
624.51013
624.6612601
624.7526504
624.5535983
624.5858342
624.5582402
624.444378
624.4568737
624.59498
624.6884134
624.6382079
624.4522725
624.4669351
624.6556188
624.9309944
626.0326022
627.3189315
629.8519769
634.7299116
620.4306985
620.4721131
620.4638528
620.6631413
620.8141254
620.8269427
620.7633676
620.3372524
620.5633978
620.3067979
620.5017623
620.4500406
620.4216101
620.415906
620.6625203
620.5304211
620.5939456
620.6628844
620.5208261
620.6158027
620.6448383
620.2713638
620.3376503
620.3444611
620.3038217
620.2872521
621.1820949
624.4118929
621.119091
624.450443
621.1512515
624.4204326
621.5207496
624.5342572
621.1132192
621.283761
624.5470286
621.2811817
624.5724913
621.3542449
624.638997
621.2011935
621.2125022
621.2564037
621.1873556
621.1952305
624.4223416
621.1228778
624.4779702
621.3027123
624.6508418
625.3431635
624.3992789
626.8287583
620.3605292
620.3052973
620.7472124
620.5788493
620.3607043
620.5913643
620.5222391
620.3850311
620.7088564
620.7352581
620.4892597
620.2121513
620.2231566
620.417553
620.4029015
620.5986911
620.4795317
620.3970027
620.6202058
620.6750608
620.3685286
620.4365033
620.4843622
620.5741437
620.6424758
620.6112423
620.4028873
620.2469305
620.3737612
620.5199616
620.7598861
620.669324
620.7170436
620.6367953
620.3946293
620.7281258
620.5961585
620.5608335
620.4236528
620.4413997
620.4267512
624.4480589
624.5344806
624.6651516
624.7992785
624.7925924
624.5727978
624.6119833
621.2828749
624.4313621
621.1597575
624.4704514
624.5055126
624.5407412
624.5318896
624.4684863
621.1728731
624.4436462
624.4020048
624.483993
621.3131749
624.4714372
624.5793321
624.4547104
624.413444
624.3106888
624.9784393
621.4832385
627.3473041
630.050203
634.7214926
624.5491033
620.4152449
620.2563466
620.3208354
620.7862304
620.5200904
620.7857086
620.7609053
620.25561
620.677357
620.5297598
620.5334522
620.09572
620.2469004
620.2870896
620.3594144
620.4091407
624.3597453
636.599901
624.4253365
636.6722827
624.406367
636.6816794
636.6990875
636.7294781
624.367889
636.9498469
637.0541658
624.4816174
624.6101494
624.4235834
636.8520561
624.5766825
624.5007823
624.4615492
636.7892773
636.8118218
636.7035589
624.4801169
636.7566114
624.542959
637.0020395
637.4116674
625.9796238
655.3743329
620.2356384
620.3824169
620.4341965
620.5092916
620.4103242
620.4092871
620.4559795
620.4555466
620.3594575
620.2856507
620.7533503
620.7943049
620.5844932
620.3624746
620.3981429
620.6694648
620.6799404
620.5835681
620.5815971
620.4813579
620.4677848
620.6422432
620.6477404
621.2054171
620.9695114
620.0885246
620.4071354
620.4900841
620.4873999
620.4265951
620.4289409
620.2305343
620.2561596
620.5903021
620.5744631
620.5306532
620.3728594
620.7098217
620.795475
620.4918232
620.2009812
620.2156444
620.4174609
620.3997287
620.4333004
620.5954332
620.4744042
620.3821992
620.6283304
620.6923807
620.4303068
620.567044
620.6356431
620.610878
620.4141971
620.4308908
620.3480226
620.4926122
620.6726969
620.6510999
620.3650608
620.7437556
620.5890961
620.5684528
620.4165481
620.2913356
620.572488
620.4562377
636.7012252
636.7322986
636.887469
636.7888947
636.7297783
636.7000097
636.6775475
636.7044481
636.7819465
636.8148858
636.8608681
636.8152237
636.8120499
636.6990717
636.7056766
636.8337895
636.7538708
636.6878316
636.7284273
636.7107871
636.6822695
636.6141554
636.6982634
636.8038496
636.9371197
637.0027492
636.8396248
636.8383118
636.863695
636.8359197
636.7465597
636.7564356
636.8704224
636.9456433
636.8974077
636.7525455
636.7962475
637.0067717
637.3746355
638.0875268
639.2471562
641.6434267
646.3431799
655.327027
620.3979836
620.6208919
620.6240817
620.6083446
620.2859388
620.25298
620.2971624
620.7966137
620.8196411
620.8168871
620.485094
620.6650214
620.4522414
620.4176775
620.7701501
636.7997269
620.6281864
620.5913966
621.1905136
624.3221918
621.3911698
621.3873936
621.0223551
636.7918494
620.3531199
620.221348
620.2520568
624.3917826
621.1653875
636.7945375
636.8710204
636.8422486
624.5827874
636.8743595
636.784178
624.5040023
636.7280856
636.8543368
636.905787
636.7854957
636.7283502
636.7539195
620.3998703
620.6260875
636.7616765
636.8175898
625.4016911
620.3725839
620.7809809
620.3649179
620.7613514
636.9160467
636.7398055
673.5393898
636.6682752
673.5544377
673.6447009
636.7336866
673.6646885
673.6890513
636.6969777
673.687654
674.0068897
636.8505349
673.7035077
636.8027785
673.705276
636.754928
673.682225
636.7518792
673.6715262
636.8388821
636.739772
636.7212714
673.7223159
636.7960918
638.0401394
639.219666
641.694263
646.5111026
620.3800779
620.7589919
620.799247
620.5732247
620.3506586
620.4801701
620.4045808
620.5106429
620.4383069
620.4025608
620.6716851
673.597855
673.7852103
673.8013755
673.7053307
673.6501382
673.6338898
673.6024236
673.5832582
673.676948
673.7216256
673.7611438
673.7096957
673.632351
673.6487376
673.7367494
673.7148142
673.6753127
673.6254483
673.6481785
673.6691825
673.6400254
673.6164396
673.5643504
673.7387873
673.8518211
673.8893509
673.7716617
673.7726913
673.7801199
620.6732106
620.5194175
620.4792733
620.600614
620.6248275
621.1457312
620.2343443
620.2797503
620.3382467
620.3494816
620.2467894
620.2842289
620.2797856
621.1281384
621.1571253
620.4541401
620.4073843
620.4447057
620.3926463
620.6197135
620.2529056
673.7458093
673.6815501
673.6893419
673.8445204
673.7920227
673.6929419
673.9826501
674.4928338
675.6257356
677.6066818
681.8198365
690.1247046
705.4443833
620.2512004
620.7810676
620.4244155
620.6709976
620.4327748
620.4027996
620.7813915
620.5659863
620.5844896
620.4138415
620.7108449
620.7415307
620.8072566
620.4879801
620.1922394
620.1868913
620.4074977
620.3920151
620.5937756
620.4562574
620.6358549
620.341856
620.4209297
620.4750768
620.5583351
620.6321617
620.6133102
620.4188215
620.2951574
620.2860118
620.4344093
620.3170228
620.7642187
620.6721612
620.6804585
620.3156995
620.5800469
620.5741961
620.3892315
673.6545808
620.3568184
620.6909664
620.6798648
620.5698927
620.6654397
620.5198794
673.7353031
620.6020683
620.6059017
620.6212076
620.5363444
620.2476471
620.2662985
620.3538022
620.382367
620.352379
620.5405548
621.1708298
620.5089497
636.7548355
673.6149154
620.3965687
673.7824969
620.4171222
620.3703387
620.4562189
620.5810778
620.4636137
620.6138852
620.3192999
620.6280443
620.2980029
620.8101617
620.7920087
620.4823004
620.7038715
620.6639316
620.7586499
673.3111693
636.5342705
673.4363617
673.8876109
673.7993846
673.7726473
673.7436871
673.6993185
673.6699783
673.7581059
673.7702676
673.7868931
636.8793664
673.7511995
673.7763912
636.8280656
673.6815685
673.7161451
636.7160123
673.7343814
673.6682369
673.6689531
681.9168106
690.2715009
705.5831946
760.9367629
761.0307165
761.1575398
761.1587763
761.0852949
761.0274624
760.9888521
760.9622331
760.9355714
760.9922899
761.033335
761.1040173
761.1222514
761.131381
761.0767239
761.0291636
761.0538461
761.1167563
761.0368923
761.0672734
761.0569515
761.0048661
761.0036647
761.1442511
761.2335283
761.1840855
761.1792018
761.1739682
761.1287988
761.0804141
761.0877447
761.1649174
761.2257531
761.1637633
761.1017572
761.1743005
761.4082249
762.1305918
763.7217317
766.7337851
773.2954922
786.202532
808.7844563
760.5306943
760.7484599
760.9718981
673.6871675
673.6536036
761.091179
761.315692
761.3682209
673.8051318
761.1744915
761.1687553
761.1505045
761.1629524
673.8064676
761.1662798
673.6550548
761.08352
761.1232159
673.7204577
761.1015414
761.0655875
761.0483803
673.678909
761.0711634
673.6653343
673.6523169
673.7373647
673.9920107
675.6013969
677.6098563
786.3189474
620.3034099
620.6919987
620.75725
620.8008203
620.3095241
620.524673
620.5146625
620.4801478
620.6686167
620.4774661
621.3883701
620.0944024
620.2515488
620.3433502
620.4020201
620.485747
620.3859214
621.1449935
620.6376622
620.3758846
620.5125944
620.3683728
620.4431791
620.7839041
620.5451463
620.6523751
620.8087973
620.4486997
620.1496514
620.1791534
620.3621965
620.3797843
620.5921691
620.3986207
620.5894513
620.63214
620.4049877
620.5836592
620.4316494
620.3664774
620.5573811
620.7676852
620.3392618
620.2425404
620.2713632
620.6919619
620.7960642
620.7066352
620.3567384
620.4210563
620.3412406
620.560413
620.2865165
620.3999649
620.464854
620.6326448
620.5995786
620.3817215
620.4382821
620.3954834
620.414472
620.6698809
620.6815823
620.6649005
620.7694401
620.6134678
620.552364
620.3150275
761.1129763
673.6157528
620.2554313
620.6840012
620.6852294
620.6607665
620.5458356
620.5240717
620.4181893
620.5514474
620.5951042
621.3855673
621.0149482
621.0562151
620.6085001
620.3170451
620.3895077
620.4869078
673.7600595
620.7145051
620.7261044
620.5169089
620.6719524
620.5441129
620.6782361
620.4593318
761.4590673
762.2156186
761.1168796
674.5396049
763.7424431
620.2286263
620.2819242
620.4425313
620.9794673
620.5998582
761.0820748
761.0880102
673.9660339
761.155444
761.0577454
673.6428906
761.4540182
761.0491892
761.0651243
760.9070552
761.039189
761.090036
761.0340296
761.0778392
620.6882545
620.5618118
620.2425803
620.1782409
620.2828543
620.2000054
620.6161118
620.5952845
620.1112138
620.2710748
620.1366704
620.4585564
620.2507823
620.3882201
620.3894914
620.0938556
620.6840044
923.9201913
903.6458143
882.6612727
882.552291
882.6529574
882.6133919
761.2509876
882.5494575
884.3014034
761.0226718
761.0388608
761.0609437
882.5805064
882.6064576
882.5278144
882.5043076
882.5330469
882.5396328
882.5674803
882.6130126
882.5833795
882.5441746
882.5115764
882.4617741
882.5723818
882.5586903
882.5173626
882.4957876
882.5921208
882.4789085
882.3954487
620.3895488
620.1756966
620.0995087
620.417691
621.059498
620.2331319
620.2035825
620.3295553
620.3662237
620.317337
620.1816386
620.7178658
620.4947823
620.1840135
619.9886889
620.1226251
620.1602268
620.3829449
620.2316915
620.2006952
620.1638381
620.3201554
620.6205504
620.0901437
620.2954678
620.4156813
620.4697634
620.4668789
620.4101938
620.2165855
620.1665344
620.0936433
620.2866464
620.2658872
620.0673482
882.5767328
882.5970802
882.5998819
882.6056015
882.5558402
882.5384506
882.5227447
882.5572332
882.6142649
882.5907973
761.2542789
882.7616683
882.823083
882.6998521
882.5762777
882.5372362
882.5123145
882.5197494
882.52399
882.4875294
882.4068404
882.3601214
882.2344509
620.6560942
620.6725269
620.2409447
620.1636174
620.2225592
620.5653854
620.0912432
766.7786813
886.6237391
773.4692042
892.2619499
809.0220481
620.5357529
620.3090252
620.2777242
620.1024765
620.1588002
620.1553688
761.1523328
761.203863
620.2533454
761.0788316
761.0735094
882.4953856
882.7067335
761.1273565
620.0867566
882.5173273
883.208741
892.1585793
886.5888216
884.2854184
882.5299571
761.1337036
761.1117014
882.5342977
882.5799051
620.3525983
620.4473178
620.4293161
620.5095298
620.3640125
620.2098958
620.746756
620.3364318
620.4422384
620.3751673
761.0792456
761.1728606
882.4225691
882.4351163
882.4817854
882.5337236
882.402358
620.1480891
882.5320244
882.5483881
620.4190514
620.330889
620.1501151
620.1433875
620.7673336
620.3347045
620.3839649
620.406424
620.3310681
620.243178
882.5939093
882.6090369
882.5272148
882.6227028
882.6665647
620.1285712
620.4611407
620.1214106
620.1668419
620.3214519
882.5204763
882.5336517
882.5265216
882.5867068
882.3037705
882.0194356
882.5895301
882.5917743
882.5311356
620.7440316
620.5086848
620.1595034
620.5949494
620.1318425
882.5365664
882.5949608
882.5063445
620.1604434
882.6169303
882.6748479
620.2443781
620.2212709
620.4987852
620.7253136
903.6710394
882.4675295
882.4640735
882.4897135
882.6540352
882.5835061
761.0859049
924.0664198
621.0547607
760.8585989
883.13789
620.5806977
637.0684431
620.8122209
620.3631441
620.3503671
620.4923013
673.5928729
621.2071802
620.7154031
882.5183242
636.7267781
761.1311067
620.8255867
620.624285
620.2741917
620.6014981
620.9999831
620.7996782
621.1490773
620.3595611
620.5262339
882.5199798
620.0873541
882.5506045
620.2279236
620.6462431
882.5595996
620.3878954
620.0389644
620.5257286
620.6108445
620.1362188
620.3395821
300.2987444
232.0367146
629.3586016
308.705211
244.8464406
337.9489811
371.4985796
232.0555639
269.5699887
286.6291779
570.3460752
635.442255
279.9010437
430.6646962
389.8906214
242.1125717
282.4747795
296.4786264
301.2536169
291.0468748
284.0730336
637.1342456
524.7448381
346.7158526
712.511594
324.474806
709.2557361
320.0434254
258.2127893
238.79831
855.7286762
534.8900602
316.057269
294.4133238
452.8472201
328.0658784
407.5776345
276.3392644
508.5452474
275.4008669
390.1730342
444.536759
547.1589414
671.9626199
381.7688905
561.637287
911.6168143
537.7205384
250.6885907
231.7911119
713.8054901
354.1068597
418.1043345
453.6759477
336.0730676
298.4138727
247.5946351
256.069
257.2279215
439.4134312
468.242289
311.4922214
269.9681343
576.8489556
761.2893306
949.8046408
872.945728
466.9166918
314.6127792
233.5523403
297.4818337
235.5731017
299.0630802
342.7145689
286.4867154
286.7304797
297.1126175
334.970207
294.8559489
289.6642953
273.1886642
263.8042324
276.6861772
301.0262432
295.7221178
293.8581687
446.3616903
442.439224
240.4007503
531.9449793
295.9365004
300.5473049
266.4799069
288.8416599
260.6281369
331.4614882
403.5594766
560.8661592
529.5740554
590.4972906
666.5171689
684.1094639
375.0036531
500.5289118
310.0909682
224.3341716
256.5687859
353.1230061
248.5727432
227.3330192
234.2871946
239.7662124
255.5070978
266.4349694
273.6601508
292.636401
297.8776737
301.6479525
302.8723751
299.3463987
293.0875363
295.6888143
311.4170607
427.6599461
568.4716105
596.2590315
254.6545652
278.8427877
301.2675899
342.525215
383.0257704
294.6685067
341.2663304
418.7299363
518.1259266
632.6640066
665.6518169
607.5421957
468.3335787
340.2569491
312.9848305
293.6217869
295.5696326
294.006888
299.8087186
293.0010914
286.696789
278.2844101
279.8820051
286.4924495
284.6120194
298.6223291
312.9756209
270.9980637
267.8088803
260.5513861
250.1877641
238.5423207
231.0345049
248.7879168
238.1469515
261.7400612
307.7558307
364.8074011
425.0854283
461.0759169
459.7883803
445.8500062
436.1902981
406.5589473
389.0255901
399.5773718
481.2095187
642.3256268
732.6017872
299.7926568
731.453043
688.5674236
638.5160214
584.3052055
516.7195303
441.0354364
595.0380396
310.4882985
345.0983296
415.4055359
533.642041
644.6610131
657.6354025
647.7314241
573.6159032
425.3248734
361.7858886
390.4386514
323.2386266
304.086752
298.6025275
303.2996918
298.0956791
285.9993482
275.8816285
279.1693601
287.9707047
313.5393933
344.1453494
267.6237523
254.9944481
242.2801769
233.2296385
232.6546702
233.2928796
243.6186328
270.9271269
312.9473441
370.6913586
426.7573183
463.1411468
475.6990752
381.7067091
469.4619889
459.8505967
448.4371575
463.7899281
629.14654
776.8173705
815.9271784
767.8267553
623.6477665
676.8903784
608.9245791
575.873116
573.5727273
287.8165864
428.0222945
335.6393764
393.8147373
280.6508699
277.2606246
639.9439722
292.522232
353.3750473
288.0710527
249.1977314
275.1236646
931.2198916
475.8482031
590.7333657
335.9358195
552.3504849
659.9852355
521.3571568
550.0950991
886.0145257
304.5068169
323.7463426
645.2295744
494.2042485
300.9844949
286.2827405
253.5424765
624.174849
230.289877
236.4512273
402.6626924
481.9121546
641.1722942
446.7258003
417.5742541
468.9401223
538.0708551
345.4014304
343.4561304
332.1352164
304.9232024
328.181864
314.5029175
296.3991125
287.4053061
278.5114595
276.1148152
272.8745459
275.0672371
268.1032363
263.9219241
261.2534279
255.7422078
249.7657162
248.7156986
245.8591787
248.0999089
252.6016959
262.1592334
269.5351641
279.6352716
296.4078212
308.8782381
325.6060882
346.1427815
376.6792935
369.2444412
381.8298089
396.522431
413.1743313
440.8363983
502.4678802
436.3827661
530.6390398
559.370568
585.6493555
621.1795967
663.9932788
724.9673051
809.5044522
877.6118385
940.690186
979.9431202
764.3503615
991.0314376
1011.175831
871.6751746
1011.170379
981.5767132
926.5487354
817.9104868
749.5093615
686.0165597
613.5354894
547.1409315
516.327871
520.9879958
368.2635938
436.9439289
389.9812407
434.8533612
458.4547488
398.157991
463.2611145
436.350387
493.7176609
558.1744082
603.6393735
667.5943434
668.7461814
679.442216
649.6983508
494.3812029
554.2763167
421.0096144
405.477259
406.0001922
385.3906657
382.8059095
368.3879756
361.0728773
351.0530956
340.5258138
326.753323
310.6122568
294.8091395
247.2746954
278.6240241
239.2894345
239.750781
250.0058501
273.1856816
324.8707566
319.3980467
332.7130748
270.5422828
390.8662531
401.4130114
413.554897
606.7019786
370.4029104
306.8381419
318.8090944
278.0353807
279.4437425
277.3251632
569.4197614
628.1340547
771.3249745
992.2277539
1013.051867
504.5179132
662.4577503
443.3620853
330.4023516
331.7349028
372.9474103
363.3753094
352.0184772
342.9873007
333.5276621
315.3409831
286.8231845
273.7817638
268.1671537
314.09662
266.3269622
270.6929177
270.3483317
270.9509378
273.1907246
272.8950651
272.7952172
271.6860882
271.6628404
277.7235269
296.5817002
281.1503503
403.0832241
466.7408481
427.6990138
344.4657247
459.8498191
356.6175169
460.9348031
494.0023181
453.8151573
458.7805881
508.3043477
552.3930498
596.5432395
659.8498812
707.4889382
671.933214
616.5704146
561.2232369
483.1720002
603.676223
442.02953
516.6674676
350.8290901
400.6783574
366.7579206
390.3615058
349.3521752
351.3935941
339.3995293
331.5501606
315.6594646
297.930784
285.9924128
241.6907712
285.2048863
261.1939508
234.1182616
350.9573128
278.4241364
387.628944
298.8229068
320.5148841
292.997629
972.7787217
619.0174119
588.6927334
503.9857698
319.7969359
307.9294391
240.3641709
281.7541803
321.7092633
851.0321485
514.3002829
507.3620331
702.629442
508.3378326
929.7547184
509.2851539
1040.921211
509.5406302
1035.245205
1023.713255
509.6265716
917.9275417
509.8971814
509.1943476
853.041503
510.3935846
508.1572477
508.5049214
404.2916681
506.1028469
552.9123203
372.354413
360.8011716
503.7390248
500.8303789
500.2627496
499.9928028
288.406723
498.7104122
498.3066705
275.2415813
498.154286
497.5695997
234.4605195
498.2188154
499.4075882
245.7221834
501.4958418
500.0148418
501.2768427
505.4408279
503.8921118
505.3665475
506.1539418
506.9680378
370.9539879
507.135377
506.7527722
502.9761114
502.6273192
503.9292893
507.512225
506.5898353
506.7150664
507.9798386
508.0952967
510.0868031
515.9375297
514.9880328
513.0018672
510.2555994
712.2079093
508.1705145
505.4759463
505.3436455
507.0265204
502.79691
501.4882369
499.4741181
497.5818463
497.0183083
496.4969379
495.97534
495.1807808
494.6534724
493.3257842
493.63527
494.3267561
496.5693148
496.3601797
498.9157899
498.0916588
500.3211968
497.7345962
498.489239
437.2794183
508.5970323
498.0432325
776.2113858
510.009797
417.6487883
499.4512374
500.9385978
348.0026102
504.8876702
504.4703845
378.7716636
505.8546944
502.5172759
508.821667
508.123445
537.5323005
509.0098316
509.3977435
509.7807423
512.8672177
497.4487386
498.3476785
499.3426811
502.7421923
509.3382425
281.9479692
508.9773615
508.1707805
502.6327184
344.6576763
507.4460186
505.3256775
500.5899856
345.4272827
499.4069812
509.106199
715.6324508
509.7164502
507.0090943
501.1520226
511.4331948
277.6393239
</DataArray>
<DataArray type="Float64" Name="temperature" format="ascii">
87.20234186
87.23713599
87.17443351
87.23244631
87.23903338
87.17438624
87.18573777
87.20546299
87.3141576
87.32492441
87.21655694
87.14622193
87.18260658
87.2528326
87.19464773
87.25222095
87.17903275
87.32471286
87.23334922
87.22375125
87.18382763
87.1718721
87.22034739
87.2391924
87.22308704
87.24898047
87.22389894
87.23319046
87.21309824
87.31909512
87.31504535
87.19211198
87.30685095
87.21346564
87.23571179
87.33624043
87.20090133
87.22318415
87.20723171
87.23814798
87.17106511
87.20785035
87.22351266
87.20801817
87.34111629
87.180127
87.22308655
87.21833652
87.31031922
87.24474382
87.26252562
87.33142211
87.19871347
87.19397387
87.21645353
87.21361876
87.31928208
87.23822691
87.2150309
87.17865875
87.31100054
87.20309887
87.19808572
87.21457242
87.2042986
87.2128376
87.19816847
87.22437859
87.31668967
87.1821568
87.24903033
87.25417387
87.24498438
87.23584971
87.16488903
87.20829574
87.15342532
87.21780422
87.21266855
87.19830056
87.21207503
87.29473217
87.18590228
87.21377867
87.21220257
87.32135595
87.21679416
87.25419739
87.32015065
87.21615459
87.21010081
87.20560085
87.19763548
87.24089654
87.27036008
87.23964884
87.21718387
87.23962677
87.19419631
87.16752615
87.20849738
87.20810728
87.21683075
87.2190913
87.24100988
87.20224014
87.24657731
87.21337429
87.1915199
87.20780994
87.23908894
87.23547163
87.30253028
87.21341573
87.23003165
87.22046647
87.23823263
87.33037084
87.20755397
87.22516764
87.21601752
87.24639349
87.20531108
87.19929999
87.32210493
87.32288608
87.22461547
87.25636091
87.24415207
87.19644837
87.25874828
87.25798894
87.19138518
87.32045458
87.32546742
87.33387039
87.20720245
87.26177929
87.22927483
87.32445786
87.19786145
87.20707199
87.1959643
87.19829467
87.1853305
87.18755171
87.18998212
87.203881
87.23470379
87.32484356
87.2100219
87.22079554
87.19031395
87.22164571
87.23855325
87.22400916
87.21629534
87.21232877
87.20702811
87.21718488
87.20878381
87.53883765
87.21413053
87.53003287
87.23692988
87.2304796
87.53377267
87.20248527
87.19909091
87.31007599
87.51962529
87.17545987
87.53744799
87.2386965
87.5287118
87.20030818
87.217317
87.22080553
87.53356642
87.53493901
87.20547115
87.53544871
87.21382096
87.55864566
87.19931303
87.55354649
87.20699509
87.22811156
87.22067846
87.54421386
87.22819636
87.55088124
87.54842916
87.22274098
87.52158528
87.25044371
87.23389831
87.21698157
87.21440075
87.54057192
87.2457281
87.55297499
87.2191305
87.20401527
87.54325843
87.32245234
87.52729878
87.21126074
87.21754205
87.54376099
87.3250484
87.21158222
87.52619194
87.19328787
87.23431394
87.51665045
87.23536933
87.54145591
87.20860157
87.26747136
87.54574613
87.53212744
87.15667975
87.53296088
87.1488288
87.15802992
87.16721434
87.56462217
87.18584613
87.19894346
87.18955435
87.71314997
87.21151365
87.17664472
87.20882295
87.51732722
87.52419091
87.52772295
87.53169283
87.24294685
87.30181963
87.54013934
87.18429881
87.52971857
87.2186127
87.5228537
87.5398974
87.30106513
87.53059459
87.19543039
87.52371099
87.52037496
87.51309901
87.26666184
87.26022677
87.20596764
87.55094309
87.54029624
87.54216833
87.53239405
87.2046509
87.54012391
87.55064318
87.22674962
87.18770764
87.54242503
87.53410365
87.21107404
87.53626917
87.54740411
87.23395816
87.19456905
87.52598247
87.1896225
87.54349114
87.19186829
87.17531788
87.16847299
87.18901684
87.21565813
87.25935286
87.22937314
87.18047059
87.24512598
87.22454016
87.19146879
87.18448997
87.19666615
87.53410339
87.18923369
87.22334676
87.18841925
87.30629885
87.22269115
87.1986728
87.20738629
87.55594657
87.53221409
87.19381792
87.20919799
87.23140709
87.22932122
87.24033287
87.53568586
87.52488256
87.21793344
87.21421204
87.53847712
87.2106118
87.54437492
87.5464543
87.21216499
87.1846091
87.18791592
87.34305886
87.54858692
87.2115736
87.53369655
87.18344548
87.54858741
87.21756297
87.52322832
87.14717295
87.32586272
87.52367615
87.22384408
87.18756067
87.21420636
87.20690983
87.24104699
87.26589612
87.22427422
87.21564478
87.53678591
87.54273784
87.19562582
87.22601841
87.19187744
87.21252721
87.22696174
87.2392181
87.2065279
87.52020049
87.13513165
87.14975837
87.20287809
87.54392874
87.18676877
87.53582309
87.2558596
87.25777993
87.52927334
87.19183683
87.53977917
87.53157441
87.19316129
87.23025674
87.56025333
87.51710185
87.51676515
87.30718856
87.21444046
87.27667589
87.22340918
87.15516636
87.21429932
87.54386347
87.54314509
87.61593869
87.58089239
87.54077836
87.32669556
87.21134883
87.53397029
87.54045794
87.20237173
87.20000411
87.2276383
87.24709923
87.2618188
87.23465187
87.21252713
87.21082662
87.20916687
87.20912175
87.19146419
87.19783102
87.19379296
87.18771058
87.20472621
87.19825633
87.20422955
87.2038449
87.21490243
87.21107545
87.25345535
87.22028337
87.22911396
87.22422779
87.2530676
87.23266282
87.21147135
87.22007058
87.19376223
87.22669711
87.24363524
87.24130665
87.22120776
87.20483082
87.21060583
87.2261791
87.2232713
87.20894628
87.21759943
87.23772831
87.2322831
88.15378828
88.16034974
88.16201029
88.14711028
88.15994705
88.13523128
88.14080615
88.14346734
88.14974704
88.15081638
88.16610896
88.14241018
88.14528714
88.16085106
88.15067231
88.13988508
88.15539843
88.14348257
88.14727812
88.14040111
88.13734222
88.15245132
88.13131073
87.21572413
87.22201309
87.23688585
87.23549385
87.20522266
87.21743039
87.21627945
87.20152723
87.22065091
87.26439662
87.23543734
87.21476612
87.19675676
87.19876694
87.20497202
87.21911904
87.25775556
87.21681991
87.18995149
87.18128179
87.19406505
87.21744137
87.22760349
87.24679098
87.26828032
87.25057101
87.20883664
87.20770058
87.24085862
87.22290357
87.21559485
87.2162559
87.21720527
87.18866866
87.18397286
88.15643867
88.14571165
88.14475241
88.13655759
88.16475835
88.17171362
88.15783392
88.17112418
88.14960766
88.14967123
88.15559116
88.15593781
88.1658266
88.15819065
88.14821496
88.1503872
88.15984038
87.20866248
87.18797423
87.17753519
87.1790083
87.19833336
87.26193493
87.22585823
88.16004653
88.14649592
87.53467803
88.14442184
88.15541849
88.15596904
88.17056951
88.19346409
87.52889116
88.16745161
88.2205009
87.18634912
88.14712293
87.53433749
87.54621888
87.53044353
87.24884951
87.22151986
87.18609017
87.21878239
87.545557
87.21837736
87.2036623
87.19593511
87.21523979
87.55501105
87.53412016
88.14759079
87.21975979
88.13596477
88.13360461
88.15253594
87.54435477
87.22086556
88.16887237
88.17214455
88.16069942
88.16721616
88.16440563
88.14062974
88.15135393
88.15902124
88.15724529
88.15541681
88.15981911
88.15221383
88.16787624
88.15872888
87.2158705
87.23942106
88.1499309
88.15856699
88.15014656
88.14310055
88.14839574
88.1494149
88.14408249
88.16239774
88.1540444
87.2076362
87.21107093
87.20702314
87.19554141
87.19438905
87.18777973
87.20780404
87.20461304
87.20051561
87.23409313
87.21540592
87.20872272
87.21830394
87.22843964
87.22484315
87.25433643
87.23267369
87.21093475
87.21564843
87.23194629
87.24211184
87.25504554
87.22244434
87.21832217
87.20584386
87.21066754
87.2159237
87.22368947
87.20652329
87.20274208
87.2006626
87.22793455
87.24668607
87.25715468
87.23504588
87.21390665
87.20267098
87.21771846
87.21383706
87.23723101
87.23154272
89.92621288
89.93310777
89.93570054
89.92289507
89.9337284
89.92783577
89.91518458
89.91706004
89.92063047
89.92300198
89.92402129
89.92847008
89.91868433
89.91941102
89.93331308
89.92579762
89.91592235
89.92899249
89.91831574
89.92227805
89.91591198
89.91382184
89.90910194
89.91393731
87.21690251
87.2208992
87.20027786
87.2142381
87.27105838
87.22738197
87.21692344
87.19484205
87.20514417
87.26656942
87.22230251
87.19235034
87.21592534
87.2220785
87.23356798
87.23526663
89.93680572
89.93366066
89.93245226
89.94474751
89.92602804
89.92611137
89.92963478
89.93060222
89.93947709
89.93290113
89.92551467
89.92628952
89.93701134
89.93852443
89.96463749
90.01461395
88.20550196
90.26181925
90.60752402
91.27103282
87.21704032
87.18639863
87.18790099
87.1751438
87.18290319
87.19983574
87.22402022
87.25562386
87.21901023
87.17646509
87.17506603
87.19232673
87.21176339
87.22920157
87.24777077
87.25975458
87.25494435
87.2190444
87.20952989
87.21218083
87.19428204
87.24406415
87.22613327
87.21822058
87.21538858
87.19229779
87.21948908
87.1969834
87.18795533
87.18090276
88.13183404
89.92536809
88.14119945
88.13996203
88.14997632
88.15188786
89.94854201
89.92734107
89.94083178
88.14777202
87.18726715
87.20805191
89.92851317
89.9206554
88.13454062
88.15624731
88.16047514
88.13853021
89.94447175
88.17723756
88.4003584
90.60881735
88.66021318
91.28491458
89.91171349
88.15511792
89.9268266
87.19891644
87.21852136
87.21548913
89.93254385
89.92509837
89.91891035
89.92921367
89.93375016
87.21264993
88.15753425
87.55739956
87.53995675
87.19820066
87.19515753
89.91931409
89.91782215
89.91620733
89.9286916
88.15190283
89.92832502
89.92545517
88.17448748
89.91894288
89.93292572
89.92258618
89.93223392
89.92252147
89.92054419
87.20340349
87.227597
87.24568985
87.25921795
87.21285914
87.22151121
87.22036866
87.21342918
87.21185254
87.20554229
87.18827757
87.19164934
87.21058495
87.19673229
87.20392248
87.19979568
87.21338816
87.21224047
87.26266748
87.21969347
87.22606441
87.22445094
87.26552807
87.23256755
87.21119891
87.19610395
87.24504749
87.26139993
87.22104945
89.90062786
89.91695214
89.90962853
89.90856523
94.77383428
94.78267031
94.78859345
89.94973226
94.80380719
89.93636815
94.79445501
89.94215063
89.93892099
94.77813747
89.93007755
89.93471692
89.92753226
89.93402512
94.78508576
89.92416797
87.21756735
87.20424614
87.21039407
87.23343089
87.22407184
87.20425522
87.21573858
87.21341698
87.24294714
87.2303252
87.21440321
87.22258553
87.22998169
87.23304707
87.22277106
87.18977303
87.18226399
87.19980987
87.2268263
87.2653099
87.18909038
87.20947007
94.77588418
94.78462642
94.78879033
94.77885899
94.78706583
94.78070638
94.76684558
94.76746664
94.76856693
94.77217027
94.7738149
94.7760699
89.93843886
94.781739
94.77367109
94.77315732
94.78542216
94.78092644
94.77265277
94.78191096
94.77341037
94.77649031
94.77166718
94.77164981
94.78184252
94.76829956
94.77116628
87.21648712
87.22177545
87.19846101
87.21253173
87.23621105
87.21636388
87.19207044
87.19814503
87.20451908
87.21570254
87.27629803
87.22720668
87.19557526
87.16520707
87.16966049
87.19098011
87.21390864
87.23070674
87.24934705
87.26163185
87.25804496
87.21894584
87.21025687
87.21840556
87.18777744
87.23662878
87.22807881
87.21352587
87.21837131
87.21383902
87.18913501
87.2248121
87.18683107
87.17527884
94.78145199
89.91140873
89.91600579
89.92319192
89.92526623
89.92251096
94.78270267
90.00310935
90.09889987
90.27112839
94.78948733
94.79766042
94.78806512
94.79913266
94.78375971
94.78275018
94.78383132
94.78549685
94.79334456
94.78887476
94.78333826
94.78345068
94.79702346
94.80867796
94.86312888
94.97695486
95.17693806
95.61107564
96.44856543
98.03964001
87.18689738
94.73885934
94.76003116
94.75950777
87.2485053
94.76102803
94.77382636
94.78760813
94.80792684
94.79788655
94.79441584
94.78984081
89.93268344
94.78353694
94.77610989
94.77859573
89.94443027
94.78724083
94.77348322
94.77822049
94.78223351
94.97220445
95.19211862
89.96352191
94.86627824
95.62614162
90.08462099
87.20148035
87.27568193
87.19531658
87.2133934
87.23174259
87.25560569
106.8728864
106.8872152
106.8941628
106.8870288
106.8915887
106.8707581
106.8678958
106.8676447
106.8721914
106.8721608
106.8785195
106.8908661
106.8881111
106.8781728
106.878474
106.8902033
106.8884117
106.88308
106.8807797
106.8815746
106.8798089
106.8831875
106.8894146
106.8780523
106.8971243
106.9056491
106.8988012
106.8983655
106.8960178
106.8917843
106.8910632
106.8930937
106.9001097
106.8995867
106.8933272
106.8941917
106.9135339
106.9392686
107.0495115
107.7325089
108.6640447
110.4442246
113.7537621
87.18909969
87.2152764
87.21339126
87.2777252
87.19859996
87.18455197
87.17647871
87.18161709
87.25118448
87.21348055
87.21626289
87.2021318
87.21423748
87.21115212
87.21524687
87.26124356
87.24952439
87.23577681
87.21023864
87.23276957
87.22345523
87.22757277
87.186169
87.2043974
87.21073453
87.21225919
87.22435665
106.860383
94.77649444
106.8801783
94.77385827
106.9034064
94.80735508
106.9102135
94.78665683
94.78815899
106.8931151
94.79369587
106.8995913
94.78773695
106.8938207
94.7788717
94.78710315
94.77976017
94.77552807
94.7679784
106.8881546
94.78234496
106.8957395
94.81577343
106.9506341
107.2921374
96.45543113
98.06356608
87.20055582
87.20665735
87.22853108
87.26215321
87.23480575
87.19431103
87.21521201
87.2227984
87.19817719
87.21101224
87.25073833
87.21386175
87.18996728
87.19738186
87.20409179
87.28617645
87.23238256
87.19744172
87.16211768
87.16494653
87.18889375
87.21772508
87.23351627
87.25069519
87.26562413
87.26034131
87.21999241
87.20996211
87.21928054
87.23874305
87.22813039
87.21227575
87.21727438
87.21230052
87.18924093
87.23388684
87.19416471
87.18532693
87.17595449
87.20972105
87.2227515
106.8858166
106.8802237
106.9246584
106.9270968
106.923521
106.8958143
106.8978039
94.78563534
106.8889834
94.77768948
106.8857241
106.8948571
106.8860961
106.8827092
106.8817619
94.7746876
106.8841042
106.8869925
106.8755224
94.78956598
106.8858149
106.8824029
106.8855
106.8927096
106.8818067
107.0611452
94.79006418
108.6935599
110.4549543
113.8001526
106.9077402
87.2258441
87.19587525
87.19458618
87.18120221
87.22876427
87.24394998
87.21199261
87.20318035
87.23961101
87.19131373
87.19996879
87.21128569
87.21870987
87.2015493
87.20382073
87.19518247
106.8446481
133.1813144
106.8543976
133.2035495
106.8763942
133.2355965
133.2791594
133.2887996
106.9092183
133.3138808
133.3106838
106.907611
106.8906795
106.8937496
133.2634762
106.894467
106.8871258
106.8862385
133.2666846
133.2547287
133.2575167
106.882532
133.2446964
106.8939907
133.3559195
133.5579305
107.7519172
145.5727271
87.2023682
87.20887138
87.20337978
87.23688435
87.20876169
87.22870457
87.20059835
87.20658812
87.19990003
87.1997268
87.2288701
87.24217434
87.26318172
87.23784422
87.21077138
87.21842625
87.21548675
87.25256381
87.19538026
87.21102164
87.20965701
87.22319864
87.22595948
87.22762911
87.22043892
87.20952129
87.19567109
87.21339412
87.21607073
87.1884325
87.19298395
87.19235315
87.21233529
87.21751278
87.19239164
87.21117131
87.22355588
87.19912669
87.27743238
87.2610628
87.20965177
87.18856953
87.1976074
87.20349534
87.20427388
87.29599334
87.23259706
87.19740941
87.16011387
87.16576752
87.22052609
87.25132913
87.26868332
87.26006756
87.22186616
87.22725203
87.21028181
87.24498197
87.20889427
87.21108913
87.1965939
87.24312502
87.18719883
87.18441908
87.18274206
87.20862435
87.25938207
87.23048287
133.2274975
133.2535048
133.265341
133.2579835
133.2490179
133.2257366
133.2220197
133.230482
133.2270483
133.2434679
133.2538016
133.260675
133.2425848
133.2458855
133.2599976
133.259002
133.2513526
133.250739
133.2481379
133.2593921
133.2599059
133.2606721
133.2455839
133.2730093
133.2818581
133.2722923
133.2770442
133.2837593
133.2740764
133.2639725
133.2623217
133.2640871
133.2709444
133.2767354
133.2658247
133.2694131
133.2966246
133.3351553
133.5309521
133.9642855
134.774158
136.4718484
139.68644
145.4892337
87.21080642
87.22459481
87.22859002
87.22867012
87.22783416
87.20319718
87.18148327
87.18625269
87.18595591
87.19884851
87.22866395
87.28846683
87.21183331
87.19336388
87.21153111
133.258991
87.25013404
87.2316078
87.22955027
106.811073
87.29203461
87.27735834
87.23159431
133.2479792
87.2041457
87.19328129
87.21259339
106.8960795
87.22512452
133.2824618
133.2850089
133.2975528
106.9051599
133.2673288
133.2613485
106.8912825
133.264765
133.2713657
133.264494
133.2581906
133.2539658
133.2593334
87.21239634
87.22832843
133.252404
133.2665998
107.2883667
87.21202304
87.27391132
87.1888592
87.23283699
133.2583286
133.2321467
181.7752566
133.21619
181.7950914
181.8435243
133.2638821
181.8704624
181.9044821
133.3046959
181.9340651
181.9748019
133.2732454
181.8542784
133.2507138
181.843576
133.2563596
181.8538023
133.2507153
181.8444266
133.2526454
133.256378
133.2677771
181.8493008
133.2669338
133.980586
134.8026451
136.5283398
139.6978282
87.20547248
87.22821827
87.24591836
87.26129055
87.23900788
87.20548445
87.20702875
87.23914943
87.19252654
87.22062869
87.21442562
181.8045362
181.8656379
181.8571941
181.849496
181.835743
181.8144845
181.8047275
181.7944466
181.8037116
181.8342586
181.84088
181.831569
181.8371491
181.8545294
181.8561004
181.8643593
181.8417963
181.8447108
181.8391533
181.8488474
181.8617404
181.8540184
181.8664453
181.875822
181.8860561
181.8753747
181.8845007
181.8870762
181.8798048
87.24648308
87.18583995
87.20762372
87.22659259
87.25789051
87.22581801
87.21452786
87.20259232
87.18508899
87.19843413
87.2126399
87.21205465
87.21221496
87.23457395
87.22903921
87.20413953
87.22553644
87.22776374
87.20732291
87.22958007
87.22804873
181.8625123
181.8584789
181.859653
181.8836532
181.865014
181.8704402
181.9444798
182.2353954
182.8948164
184.1059273
186.6749954
191.4828653
199.7575119
87.20902185
87.19315535
87.22115899
87.29686663
87.20867021
87.19164308
87.1970453
87.19436513
87.19636171
87.22242246
87.20155466
87.20793988
87.2902529
87.26638302
87.207553
87.19075513
87.19954268
87.2034761
87.3065755
87.22469928
87.15832733
87.19129595
87.22116347
87.23543373
87.25214088
87.27092414
87.26014263
87.22201335
87.22774429
87.23000201
87.22988985
87.19735623
87.24192573
87.20803876
87.20608499
87.20934965
87.18437099
87.18261117
87.19312065
181.8446729
87.19984219
87.21513406
87.21397347
87.25282515
87.25626528
87.18458271
181.8611287
87.21043832
87.19510162
87.22630247
87.23642701
87.21340459
87.20505388
87.19401009
87.19343375
87.18950407
87.22154073
87.22959983
87.23561633
133.2513036
181.8363329
87.23128546
181.8685027
87.20118004
87.19741955
87.20211295
87.26689225
87.23095122
87.22799039
87.22582051
87.23055543
87.20054196
87.18343462
87.2021399
87.23603759
87.2132835
87.21216215
87.25327307
181.6510379
133.125353
181.7365815
181.9361595
181.8942818
181.8720982
181.8817313
181.8571366
181.8608655
181.8559065
181.8808538
181.8706132
133.2702066
181.8709668
181.8692377
133.2680365
181.8589037
181.8647836
133.2578679
181.8478463
181.8547167
181.8681576
186.7680983
191.5020541
199.8865012
256.1277698
256.1791564
256.2147082
256.2016283
256.1852258
256.1641741
256.1422288
256.1305649
256.1115667
256.1386283
256.1304846
256.1768652
256.1753452
256.2089072
256.1698277
256.1726543
256.1910514
256.2168979
256.1841519
256.1939696
256.2085993
256.2145034
256.1701326
256.2207181
256.2337897
256.2370156
256.2334269
256.2297911
256.2059433
256.1971642
256.198559
256.2109288
256.2362653
256.2104088
256.2117625
256.2351058
256.2902755
256.6500912
257.4389606
258.8996494
262.0970974
267.948745
277.5408373
255.9419872
256.0526062
256.1461456
181.8418715
181.8893577
256.239786
256.3025005
256.2938763
181.9179072
256.2350815
256.216402
256.2189637
256.2103634
181.8603206
256.198652
181.8411213
256.184635
256.2090605
181.8488093
256.1882401
256.1842783
256.1867021
181.8481907
256.190396
181.8401163
181.8537356
181.8661117
181.9803436
182.9267864
184.1457057
267.9634854
87.20566802
87.22115533
87.22699758
87.25215659
87.23891931
87.19807173
87.25774609
87.24666775
87.20191326
87.23638023
87.30106277
87.21397616
87.21249525
87.2052793
87.19775233
87.21797218
87.19367929
87.23402834
87.23172431
87.20639825
87.24197033
87.23178025
87.21094388
87.24306695
87.20030327
87.21183275
87.31555181
87.25556327
87.19780746
87.20549608
87.1996969
87.20501915
87.3177803
87.23118802
87.2070681
87.15813296
87.21064872
87.26993934
87.22206079
87.20018661
87.23123471
87.27069941
87.21763356
87.21234083
87.215175
87.21143942
87.17738066
87.20842888
87.22219774
87.20599355
87.19500617
87.19966955
87.19826636
87.21622682
87.23204753
87.27260109
87.25330947
87.22098048
87.23059412
87.22060803
87.23863719
87.20476367
87.2064438
87.23418135
87.2737823
87.18630771
87.19263801
87.21188426
256.1982207
181.8100436
87.22357079
87.21372618
87.22749848
87.26929282
87.2479507
87.18654721
87.18746394
87.22383098
87.24191344
87.3039019
87.23837998
87.23311905
87.25763285
87.20552866
87.20026902
87.21945018
181.9005102
87.20575421
87.20774691
87.23253158
87.17711492
87.25353825
87.30169375
87.24472141
256.3434508
256.7214173
256.1899472
182.2844835
257.4854033
87.20585552
87.21398179
87.22896844
87.2387767
87.22912747
256.2088617
256.1972943
181.9298144
256.2220701
256.1930886
181.8508186
256.3625837
256.1815558
256.1849687
256.1227801
256.1829765
256.1946477
256.1691968
256.2018223
87.20883891
87.19717443
87.22362166
87.2518168
87.25157109
87.20182707
87.23056866
87.2452311
87.25836669
87.18706041
87.25326917
87.20439286
87.2306872
87.20616224
87.21021754
87.20109141
87.22928302
361.1427642
353.4485263
344.4734227
344.4613055
344.5140984
344.4907901
256.2263136
344.4724205
345.2752637
256.1893809
256.1755835
256.1765047
344.4745699
344.4928075
344.4629003
344.4518805
344.4633494
344.4618958
344.4699572
344.4950912
344.4826103
344.4632107
344.4596347
344.4231887
344.4899191
344.4726601
344.4567434
344.4419935
344.4723135
344.4468948
344.4049738
87.26626797
87.24334894
87.23914518
87.17919752
87.23682828
87.21173728
87.21085375
87.20936886
87.20724842
87.18821899
87.23381306
87.21094492
87.27253854
87.20403009
87.17527864
87.25350229
87.20187184
87.20806725
87.23038712
87.20113095
87.25426661
87.19863979
87.21311401
87.22263763
87.19918249
87.22427388
87.26184205
87.22171517
87.22658443
87.22441567
87.21802861
87.22554769
87.18484233
87.2285158
87.25505468
344.4694954
344.4825177
344.4901617
344.5030094
344.4619536
344.4635338
344.4580455
344.4791078
344.5068518
344.4823811
256.2826938
344.5647167
344.616559
344.5515805
344.5221636
344.4884179
344.4733747
344.470533
344.4598827
344.4373174
344.4084724
344.3925488
344.3364994
87.1990616
87.24376687
87.24127555
87.23434088
87.22375757
87.19878515
87.25283095
258.9526431
346.2846338
262.2211731
348.8292476
277.7051544
87.25546659
87.20749271
87.2625861
87.24093474
87.25213771
87.19835327
256.2219945
256.2473575
87.22489998
256.1993148
256.1973455
344.4211031
344.5143744
256.1928034
87.23448217
344.4556115
344.7573989
348.7489752
346.2515244
345.248159
344.4600426
256.2104069
256.191055
344.4654694
344.4772552
87.21189015
87.24084192
87.23023915
87.22433722
87.20241365
87.22226493
87.22617309
87.25005263
87.21598825
87.24514053
256.2185089
256.3014015
344.4025662
344.4104787
344.4312232
344.4572531
344.3859242
87.22470764
344.4729106
344.4717803
87.19687342
87.19388996
87.24993317
87.18876765
87.24558636
87.26882933
87.20935699
87.17887927
87.19071388
87.21687962
344.4929036
344.4964171
344.4565367
344.506242
344.5113203
87.25517235
87.2341685
87.25591864
87.20503208
87.2113233
344.4534455
344.4543394
344.4582904
344.4870302
344.3729539
344.2414625
344.4823447
344.4921008
344.4624356
87.22834798
87.25238706
87.23976084
87.25456056
87.25061599
344.4532962
344.4905565
344.4365645
87.25691931
344.4864433
344.5378966
87.22336096
87.22350517
87.25115293
87.27233526
353.4427874
344.4583365
344.4318682
344.447526
344.5087652
344.4853522
256.1951199
361.2473585
87.2507415
256.0970739
344.6998241
87.24703887
133.3309116
89.94388985
87.23596646
88.14549865
87.22171794
181.8174268
94.78349193
87.2020796
344.4543167
133.2488489
256.2581687
87.18591931
87.21497788
87.19867457
87.19775946
87.23106471
88.27991607
87.23245008
87.20920771
87.26032569
344.4595681
87.22799378
344.467888
87.2236742
87.25507707
344.4463161
87.20912027
87.21813738
87.23166022
87.22323968
87.22374359
87.20714139
119.0953509
78.83178284
107.2855021
94.49946782
90.77375524
104.6789961
147.0646399
78.83244067
106.1579451
113.7264365
118.6504879
103.4801667
87.25295352
135.7654918
127.042941
81.7292639
111.2584731
117.3791055
119.2169096
116.1560598
112.8170285
112.1552448
90.67037579
126.3039831
123.1707741
104.0360925
90.55327472
121.4585751
91.8963744
82.11650146
118.0219001
126.9681381
77.86675484
89.64880365
76.61361707
123.073963
67.97837227
95.37933437
134.4988
93.54618844
112.7835373
140.1399667
74.2753469
109.1547681
116.0108918
134.263535
98.46479636
117.5673327
91.27664735
78.36886877
88.52601915
97.214949
63.82423746
73.9217375
128.123443
108.5361819
91.50244758
81.46744789
81.09233261
129.3347181
131.2540906
118.140585
92.39135567
106.3358177
99.06937853
65.14499034
99.90631795
146.4627364
77.12917974
78.69854951
89.51972199
81.7239768
76.16012175
125.558618
102.2271736
78.14229174
118.1255446
127.9666461
117.6018978
115.4581263
108.8219758
104.8659024
110.2369214
119.4930998
117.4474787
117.0933153
139.0665763
131.8462894
81.89326648
102.5665148
117.9984439
119.2730178
106.14232
114.9706926
88.91250566
111.368712
130.805295
118.8576951
137.0072536
110.7308346
103.550365
107.2764696
101.4153527
116.3649176
108.928291
75.26520798
80.5275552
111.1346735
81.72903622
78.29656473
80.54515553
78.70566588
80.34554448
105.3378949
108.0302958
116.1565707
117.9070873
119.3594988
119.6575564
118.3604021
116.9272798
117.2281316
124.2298759
155.619952
130.7543398
101.6211413
81.17971403
92.13413894
103.0311376
108.901087
110.6392708
116.5917489
95.02246798
87.47455137
90.69151813
106.4012371
120.5241184
132.9268866
141.9292161
127.1624756
121.9366369
116.2547593
117.3775067
116.511634
118.427966
115.5961968
112.5822469
108.6183417
108.3628182
110.7603936
112.5616683
114.7945907
118.7483717
78.68159368
79.88077828
81.19915745
81.01239756
78.93352789
76.45789204
80.44082721
78.19238225
84.70405593
96.9914596
111.0658347
125.2821093
130.7214995
127.9544678
135.6179561
123.8882576
122.0025631
124.9519829
123.0830826
125.2093164
125.7627546
114.4012221
91.716518
104.2254357
98.85607511
102.4917288
111.0197899
87.66539552
85.66455322
98.73736132
103.8548954
83.67533688
79.36160537
92.59166901
115.0532167
125.7713116
111.1161348
136.2716076
134.7500111
127.3912005
146.4354105
121.081059
118.5702898
118.1944761
119.810456
116.8320051
110.0887729
103.4503065
102.3390706
105.7769877
115.6199516
123.1976054
84.67595595
84.77324727
82.54294386
78.72003713
78.14309302
77.16119736
80.26411749
86.51468496
96.34489714
109.057837
121.1662791
130.6096044
138.2923805
111.1899758
143.6099741
144.0338052
138.5020412
128.7119989
129.8755123
120.6172249
104.5269513
90.32331387
108.7236384
97.12968595
104.1714334
115.2056851
119.592295
76.7563001
125.4733648
100.8973118
127.0835601
110.0200401
108.228064
113.5871435
114.9552327
111.9569226
93.4912214
80.88742572
93.90203435
88.5446631
137.2449769
131.1600379
128.2282163
131.3566672
99.94604176
141.001359
130.3091589
82.32729356
119.7483265
125.2725497
112.3964563
136.9580433
118.7071601
102.1763794
89.46752178
124.126282
76.33112955
78.84029123
124.0262929
71.08763498
97.57843803
79.33057707
127.4058908
143.5666282
123.2550161
83.44354885
82.81709494
80.30092579
75.85661127
81.13252109
87.54440104
94.84132868
99.12805781
99.063356
103.1605783
102.0109994
102.0904241
94.36762475
91.2054046
88.17755904
86.50036387
84.12000155
83.06856227
82.31767001
82.18134508
82.16485717
83.51952644
84.46124046
86.36260133
89.79671558
91.75652977
95.58954897
100.5311982
108.7961853
107.0068665
115.7630745
125.7774046
131.5651251
137.0953813
145.171582
137.0081844
135.7806348
119.3153636
124.3367495
123.9229749
119.5889482
113.8134453
99.19241193
97.20571022
93.69166828
86.14349461
123.4107019
92.4337082
85.86170204
104.1049508
61.38391669
57.89276333
54.34825584
66.95416486
77.97188786
92.96435916
105.98563
118.673662
122.4346344
130.3575982
85.12780925
92.63669869
65.08225375
115.4573688
83.84467046
97.54207192
88.36619981
43.60595094
60.45034501
85.090216
117.1960552
81.29053337
33.30049423
34.60842556
78.12303582
126.3486453
122.5263965
112.4228168
114.3470186
122.3891552
124.4534126
130.4241648
130.1792622
128.5773672
127.2185978
123.7888075
118.7544413
112.2812227
105.1750582
84.56379331
98.30145542
77.66595694
74.48449115
69.85206233
83.49971323
98.17102802
113.3217491
122.6485486
90.8303155
114.2133454
68.29476074
73.77793357
120.6967742
123.6638667
114.7095181
123.1254786
95.82404117
108.5093264
107.84093
111.7688267
90.94356118
64.39086303
58.90377017
112.2249321
130.8893857
152.5294346
168.4760668
97.71622458
97.63031597
97.09563996
94.2684449
92.48897415
94.65940211
100.6275476
105.8120671
100.7319411
100.631372
104.0182916
125.2487083
100.9380338
101.0673959
96.09717617
92.96311393
92.64109051
92.3628323
91.76374654
90.76783654
89.8952097
86.41850096
91.95670395
90.16014295
114.8628434
101.1772863
98.201295
136.3805204
128.1065236
142.6103484
147.9705892
133.0859808
72.96141156
22.79231883
37.17806207
56.88890062
70.59472087
44.48192745
0.06147672469
25.24852711
102.8722415
173.2700171
164.6691331
200.6410906
163.3013607
181.3675734
126.3698919
151.3877113
139.9065359
147.0190803
135.1774794
134.7532962
130.710973
127.9720005
121.3093304
113.370475
107.7920745
93.08500074
102.6771033
90.7973675
80.43462074
118.7171249
87.65507126
131.8000046
113.0855212
126.7335699
116.151089
122.0427236
167.3319154
191.2250957
187.6670741
95.38893561
93.54980064
82.98985905
85.8245244
118.4656907
50.62626138
113.9473032
87.5632561
75.53060056
87.50229584
43.31310321
87.22497879
93.94993334
86.61329614
89.62103818
90.97506507
87.38134703
134.8385862
87.53104736
87.93427564
147.9052267
88.6849438
88.74571819
88.72348169
143.7707661
89.20396441
193.9443776
112.8078384
105.9322396
88.02313491
88.09224996
88.23269609
88.14751388
91.01490519
88.25701085
88.32865683
89.74623197
88.28793923
88.31380123
80.17626998
88.26039065
88.19400842
86.98852235
87.33948667
87.45442408
87.10549006
86.05764399
86.10741822
86.02889832
87.81437979
88.8154041
73.50268632
87.93111261
88.74899344
89.35637745
89.33715533
89.79586567
88.46091433
88.75793739
88.95721076
88.54140393
89.93428909
93.64952141
91.97307131
91.19332307
90.20475456
91.11779718
1.15825558e-05
93.58714045
94.92793542
93.03678965
99.03882746
93.24289086
97.48561645
97.07014019
95.46348683
95.47228375
95.36070171
95.41898104
95.19015534
94.79162842
94.44217632
92.50208704
94.7498308
90.83450463
97.354729
91.34826115
98.95677714
89.89217119
92.45678546
89.50946539
82.45054816
91.18590005
88.23262243
144.5140078
88.2525106
154.9296635
94.95168545
87.22538915
138.5066976
88.1987779
88.08400762
123.1019133
88.93707205
86.68545441
87.55612714
87.50142495
121.2541547
87.50255678
87.26107733
86.98386104
93.78124645
88.32478823
88.18196188
88.24060218
88.14435874
88.98164874
97.57144551
88.83507617
88.79583868
88.08296597
99.76943149
87.63711413
85.95120976
87.95960462
100.920849
88.38017521
86.91624652
148.9023961
87.1717744
89.23560152
89.72069805
98.09650956
79.70393651
</DataArray>
<DataArray type="Int32" Name="rank" format="ascii">
2
2
2
2
2
2
2
2
2
2
2
2
2
2
2
2
2
2
2
2
2
2
2
2
2
2
2
2
2
2
2
2
2
2
2
2
2
2
2
2
2
2
2
2
2
2
2
2
2
2
2
2
2
2
2
2
2
2
2
2
2
2
2
2
2
2
2
2
2
2
2
2
2
2
2
2
2
2
2
2
2
2
2
2
2
2
2
2
2
2
2
2
2
2
2
2
2
2
2
2
2
2
2
2
2
2
2
2
2
2
2
2
2
2
2
2
2
2
2
2
2
2
2
2
2
2
2
2
2
2
2
2
2
2
2
2
2
2
2
2
2
2
2
2
2
2
2
2
2
2
2
2
2
2
2
2
2
2
2
2
2
2
2
2
2
2
2
2
2
2
2
2
2
2
2
2
2
2
2
2
2
2
2
2
2
2
2
2
2
2
2
2
2
2
2
2
2
2
2
2
2
2
2
2
2
2
2
2
2
2
2
2
2
2
2
2
2
2
2
2
2
2
2
2
2
2
2
2
2
2
2
2
2
2
2
2
2
2
2
2
2
2
2
2
2
2
2
2
2
2
2
2
2
2
2
2
2
2
2
2
2
2
2
2
2
2
2
2
2
2
2
2
2
2
2
2
2
2
2
2
2
2
2
2
2
2
2
2
2
2
2
2
2
2
2
2
2
2
2
2
2
2
2
2
2
2
2
2
2
2
2
2
2
2
2
2
2
2
2
2
2
2
2
2
2
2
2
2
2
2
2
2
2
2
2
2
2
2
2
2
2
2
2
2
2
2
2
2
2
2
2
2
2
2
2
2
2
2
2
2
2
2
2
2
2
2
2
2
2
2
2
2
2
2
2
2
2
2
2
2
2
2
2
2
2
2
2
2
2
2
2
2
2
2
2
2
2
2
2
2
2
2
2
2
2
2
2
2
2
2
2
2
2
2
2
2
2
2
2
2
2
2
2
2
2
2
2
2
2
2
2
2
2
2
2
2
2
2
2
2
2
2
2
2
2
2
2
2
2
2
2
2
2
2
2
2
2
2
2
2
2
2
2
2
2
2
2
2
2
2
2
2
2
2
2
2
2
2
2
2
2
2
2
2
2
2
2
2
2
2
2
2
2
2
2
2
2
2
2
2
2
2
2
2
2
2
2
2
2
2
2
2
2
2
2
2
2
2
2
2
2
2
2
2
2
2
2
2
2
2
2
2
2
2
2
2
2
2
2
2
2
2
2
2
2
2
2
2
2
2
2
2
2
2
2
2
2
2
2
2
2
2
2
2
2
2
2
2
2
2
2
2
2
2
2
2
2
2
2
2
2
2
2
2
2
2
2
2
2
2
2
2
2
2
2
2
2
2
2
2
2
2
2
2
2
2
2
2
2
2
2
2
2
2
2
2
2
2
2
2
2
2
2
2
2
2
2
2
2
2
2
2
2
2
2
2
2
2
2
2
2
2
2
2
2
2
2
2
2
2
2
2
2
2
2
2
2
2
2
2
2
2
2
2
2
2
2
2
2
2
2
2
2
2
2
2
2
2
2
2
2
2
2
2
2
2
2
2
2
2
2
2
2
2
2
2
2
2
2
2
2
2
2
2
2
2
2
2
2
2
2
2
2
2
2
2
2
2
2
2
2
2
2
2
2
2
2
2
2
2
2
2
2
2
2
2
2
2
2
2
2
2
2
2
2
2
2
2
2
2
2
2
2
2
2
2
2
2
2
2
2
2
2
2
2
2
2
2
2
2
2
2
2
2
2
2
2
2
2
2
2
2
2
2
2
2
2
2
2
2
2
2
2
2
2
2
2
2
2
2
2
2
2
2
2
2
2
2
2
2
2
2
2
2
2
2
2
2
2
2
2
2
2
2
2
2
2
2
2
2
2
2
2
2
2
2
2
2
2
2
2
2
2
2
2
2
2
2
2
2
2
2
2
2
2
2
2
2
2
2
2
2
2
2
2
2
2
2
2
2
2
2
2
2
2
2
2
2
2
2
2
2
2
2
2
2
2
2
2
2
2
2
2
2
2
2
2
2
2
2
2
2
2
2
2
2
2
2
2
2
2
2
2
2
2
2
2
2
2
2
2
2
2
2
2
2
2
2
2
2
2
2
2
2
2
2
2
2
2
2
2
2
2
2
2
2
2
2
2
2
2
2
2
2
2
2
2
2
2
2
2
2
2
2
2
2
2
2
2
2
2
2
2
2
2
2
2
2
2
2
2
2
2
2
2
2
2
2
2
2
2
2
2
2
2
2
2
2
2
2
2
2
2
2
2
2
2
2
2
2
2
2
2
2
2
2
2
2
2
2
2
2
2
2
2
2
2
2
2
2
2
2
2
2
2
2
2
2
2
2
2
2
2
2
2
2
2
2
2
2
2
2
2
2
2
2
2
2
2
2
2
2
2
2
2
2
2
2
2
2
2
2
2
2
2
2
2
2
2
2
2
2
2
2
2
2
2
2
2
2
2
2
2
2
2
2
2
2
2
2
2
2
2
2
2
2
2
2
2
2
2
2
2
2
2
2
2
2
2
2
2
2
2
2
2
2
2
2
2
2
2
2
2
2
2
2
2
2
2
2
2
2
2
2
2
2
2
2
2
2
2
2
2
2
2
2
2
2
2
2
2
2
2
2
2
2
2
2
2
2
2
2
2
2
2
2
2
2
2
2
2
2
2
2
2
2
2
2
2
2
2
2
2
2
2
2
2
2
2
2
2
2
2
2
2
2
2
2
2
2
2
2
2
2
2
2
2
2
2
2
2
2
2
2
2
2
2
2
2
2
2
2
2
2
2
2
2
2
2
2
2
2
2
2
2
2
2
2
2
2
2
2
2
2
2
2
2
2
2
2
2
2
2
2
2
2
2
2
2
2
2
2
2
2
2
2
2
2
2
2
2
2
2
2
2
2
2
2
2
2
2
2
2
2
2
2
2
2
2
2
2
2
2
2
2
2
2
2
2
2
2
2
2
2
2
2
2
2
2
2
2
2
2
2
2
2
2
2
2
2
2
2
2
2
2
2
2
2
2
2
2
2
2
2
2
2
2
2
2
2
2
2
2
2
2
2
2
2
2
2
2
2
2
2
2
2
2
2
2
2
2
2
2
2
2
2
2
2
2
2
2
2
2
2
2
2
2
2
2
2
2
2
2
2
2
2
2
2
2
2
2
2
2
2
2
2
2
2
2
2
2
2
2
2
2
2
2
2
2
2
2
2
2
2
2
2
2
2
2
2
2
2
2
2
2
2
2
2
2
2
2
2
2
2
2
2
2
2
2
2
2
2
2
2
2
2
2
2
2
2
2
2
2
2
2
2
2
2
2
2
2
2
2
2
2
2
2
2
2
2
2
2
2
2
2
2
2
2
2
2
2
2
2
2
2
2
2
2
2
2
2
2
2
2
2
2
2
2
2
2
2
2
2
2
2
2
2
2
2
2
2
2
2
2
2
2
2
2
2
2
2
2
2
2
2
2
2
2
2
2
2
2
2
2
2
2
2
2
2
2
2
2
2
2
2
2
2
2
2
2
2
2
2
2
2
2
2
2
2
2
2
2
2
2
2
2
2
2
2
2
2
2
2
2
2
2
2
2
2
2
2
2
2
2
2
2
2
2
2
2
2
2
2
2
2
2
2
2
2
2
2
2
2
2
2
2
2
2
2
2
2
2
2
2
2
2
2
2
2
2
2
2
2
2
2
2
2
2
2
2
2
2
2
2
2
2
2
2
2
2
2
2
2
2
2
2
2
2
2
2
2
2
2
2
2
2
2
2
2
2
2
2
2
2
2
2
2
2
2
2
2
2
2
2
2
2
2
2
2
2
2
2
2
2
2
2
2
2
2
2
2
2
2
2
2
2
2
2
2
2
2
2
2
2
2
2
2
2
2
2
2
2
2
2
2
2
2
2
2
2
2
2
2
2
2
2
2
2
2
2
2
2
2
2
2
2
2
2
2
2
2
2
2
2
2
2
2
2
2
2
2
2
2
2
2
2
2
2
2
2
2
2
2
2
2
2
2
2
2
2
2
2
2
2
2
2
2
2
2
2
2
2
2
2
2
2
2
2
2
2
2
2
2
2
2
2
2
2
2
2
2
2
2
2
2
2
2
2
2
2
2
2
2
2
2
2
2
2
2
2
2
2
2
2
2
2
2
2
2
2
2
2
2
2
2
2
2
2
2
2
2
2
2
2
2
2
2
2
2
2
2
2
2
2
2
2
2
2
2
2
2
2
2
2
2
2
2
2
2
2
2
2
2
2
2
2
2
2
2
2
2
2
2
2
2
2
2
2
2
2
2
2
2
2
2
2
2
2
2
2
2
2
2
2
2
2
2
2
2
2
2
2
2
2
2
2
2
2
2
2
2
2
2
2
2
2
2
2
2
2
2
2
2
2
2
2
2
2
2
2
2
2
2
2
2
2
2
2
2
2
2
2
2
2
2
2
2
2
2
2
2
2
2
2
2
2
2
2
2
2
2
2
2
2
2
2
2
2
2
2
2
2
2
2
2
2
2
2
2
2
2
2
2
2
2
2
2
2
2
2
2
2
2
2
2
2
2
2
2
2
2
2
2
2
2
2
2
2
2
2
2
2
2
2
2
2
2
2
2
2
2
2
2
2
2
2
2
2
2
2
2
2
2
2
2
2
2
2
2
2
2
2
2
2
2
2
2
2
2
2
2
2
2
2
2
2
2
2
2
2
2
2
2
2
2
2
2
2
2
2
2
2
2
2
2
2
2
2
2
2
2
2
2
2
2
2
2
2
2
2
2
2
2
2
2
2
2
2
2
2
2
2
2
2
2
2
2
2
2
2
2
2
2
2
2
2
2
2
2
2
2
2
2
2
2
2
2
2
2
2
2
2
2
2
2
2
2
2
2
2
2
2
2
2
2
2
2
2
2
2
2
2
2
2
2
2
2
2
2
2
2
2
2
2
2
2
2
2
2
2
2
2
2
2
2
2
2
2
2
2
2
2
2
2
2
2
2
2
2
2
2
2
2
2
2
2
2
2
2
2
2
2
2
2
2
2
2
2
2
2
2
2
2
2
2
2
2
2
2
2
2
2
2
2
2
2
2
2
2
2
2
2
2
2
2
2
2
2
2
2
2
2
2
2
2
2
2
2
2
2
2
2
2
2
2
2
2
2
2
2
2
2
2
2
2
2
2
2
2
2
2
2
2
2
2
2
2
2
2
2
2
2
2
2
2
2
2
2
2
2
2
2
2
2
2
2
2
2
2
2
2
2
2
2
2
2
2
2
2
2
2
2
2
2
2
2
2
2
2
2
2
2
2
2
2
2
2
2
2
2
2
2
2
2
2
2
2
2
2
2
2
2
2
2
2
2
2
2
2
2
2
2
2
2
2
2
2
2
2
2
2
2
2
2
2
2
2
2
2
2
2
2
2
2
2
2
2
2
2
2
2
2
2
2
2
2
2
2
2
2
2
2
2
2
2
2
2
2
2
2
2
2
2
2
2
2
2
2
2
2
2
2
2
2
2
2
2
2
2
2
2
2
2
2
2
2
2
2
2
2
2
2
2
2
2
2
2
2
2
2
2
2
2
2
2
2
2
2
2
2
2
2
2
2
2
2
2
2
2
2
2
2
2
2
2
2
2
2
2
2
2
2
2
2
2
2
2
2
2
2
2
2
2
2
2
2
2
2
2
2
2
2
2
2
2
2
2
2
2
2
2
2
2
2
2
2
2
2
2
2
2
2
2
2
2
2
2
2
2
2
2
2
2
2
2
2
2
2
2
2
2
2
2
2
2
</DataArray>
</CellData>
</Piece>
</UnstructuredGrid>
</VTKFile>
