<?xml version="1.0"?>
<VTKFile type="UnstructuredGrid" version="0.1">
<UnstructuredGrid>
<Piece NumberOfPoints="1432" NumberOfCells="1275">
<Points><DataArray type="Float64" NumberOfComponents="3" format="ascii">
-0.9033768492 0.9937524986 0.0
-0.8303934722 0.9535079194 0.0
-0.7945888125 1.010936316 0.0
-0.9284799785 0.768651399 0.0
-0.8523438348 0.818630262 0.0
-0.9120511887 0.892672969 0.0
-0.698064532 0.9484854338 0.0
-0.6309047863 1.001071183 0.0
-0.7179638803 1.026648449 0.0
-0.7614741436 0.9182602082 0.0
-0.4941718543 1.054467841 0.0
-0.4777583914 0.992017599 0.0
-0.4064278783 1.043096515 0.0
0.5972011683 1.109461153 0.0
0.5501706125 1.029750305 0.0
0.628859539 1.000542241 0.0
-0.2682906332 1.062246706 0.0
-0.3122837269 1.128206338 0.0
-0.3369937314 1.045900814 0.0
-1.001246264 0.6307775648 0.0
-0.95087239 0.7006806949 0.0
-1.028727431 0.7193167424 0.0
-0.5981409396 1.10575104 0.0
-0.5515700265 1.028739477 0.0
0.4071979531 1.04428153 0.0
0.4766971978 0.9922600439 0.0
0.4940001042 1.056451135 0.0
0.2702367701 1.063343024 0.0
0.3384069266 1.047602624 0.0
0.3139398989 1.129764938 0.0
0.2137416079 0.454224038 0.0
0.1847988744 0.4667486772 0.0
0.1840622763 0.4648882429 0.0
0.2128896458 0.4524135262 0.0
0.1558688164 0.4797148901 0.0
0.1254396977 0.4885553663 0.0
0.1248425591 0.486229665 0.0
0.1551268241 0.4774312727 0.0
0.03152090032 0.5010103637 0.0
-3.361026735e-18 0.5020009479 0.0
0 0.5 0.0
0.03139525976 0.4990133642 0.0
-0.1558688164 0.4797148901 0.0
-0.185682792 0.4689811984 0.0
-0.1847988744 0.4667486772 0.0
-0.1551268241 0.4774312727 0.0
-0.2137416079 0.454224038 0.0
-0.2128896458 0.4524135262 0.0
-0.1840622763 0.4648882429 0.0
-0.3199874471 0.3867983782 0.0
-0.343643296 0.3659429419 0.0
-0.342273553 0.3644843137 0.0
-0.3187119949 0.3852566214 0.0
-0.3676932958 0.3452869877 0.0
-0.3886484864 0.3215179897 0.0
-0.3867983782 0.3199874471 0.0
-0.3659429419 0.343643296 0.0
-0.06321834437 0.5004247242 0.0
-0.09451552583 0.4954677376 0.0
-0.09406559754 0.4931091309 0.0
-0.06291740205 0.4980425205 0.0
0.06266661678 0.4960573507 0.0
0.09369065729 0.4911436254 0.0
0.09406559754 0.4931091309 0.0
0.06291740205 0.4980425205 0.0
0.2429975578 0.4420109168 0.0
0.2147639626 0.4563966521 0.0
0.241840801 0.439906784 0.0
0.09451552583 0.4954677376 0.0
0.06321834437 0.5004247242 0.0
-0.3597183161 0.4348247489 0.0
-0.3317056223 0.4565536215 0.0
-0.3404443492 0.4685814472 0.0
-0.3691950326 0.4462801312 0.0
-0.06515689442 0.515769928 0.0
-0.09741378391 0.5106609386 0.0
-0.0964808126 0.5057701317 0.0
-0.06453286042 0.5108301902 0.0
0.185682792 0.4689811984 0.0
0.2408768371 0.43815334 0.0
-0.1248425591 0.486229665 0.0
-0.1243449436 0.4842915806 0.0
-0.09369065729 0.4911436254 0.0
-0.4221639628 0.2679133975 0.0
-0.4045084972 0.2938926261 0.0
-0.406127298 0.2950687538 0.0
-0.4238534189 0.268985559 0.0
-0.3852566214 0.3187119949 0.0
0.1243449436 0.4842915806 0.0
0.1545084972 0.4755282581 0.0
-0.2679133975 0.4221639628 0.0
-0.2408768371 0.43815334 0.0
-0.241840801 0.439906784 0.0
-0.268985559 0.4238534189 0.0
-0.3644843137 0.342273553 0.0
-0.03152090032 0.5010103637 0.0
-0.03139525976 0.4990133642 0.0
0.268985559 0.4238534189 0.0
0.2679133975 0.4221639628 0.0
-0.2238935073 0.4757979224 0.0
-0.2213495619 0.4703917632 0.0
-0.191376636 0.4833622065 0.0
-0.1935761059 0.4889174335 0.0
-0.3452869877 0.3676932958 0.0
-0.2950687538 0.406127298 0.0
-0.2938926261 0.4045084972 0.0
-0.2159907881 0.4590037891 0.0
-0.244385666 0.4445358761 0.0
-0.2429975578 0.4420109168 0.0
-0.2147639626 0.4563966521 0.0
-0.1545084972 0.4755282581 0.0
-0.408069859 0.296480107 0.0
-0.06266661678 0.4960573507 0.0
-8.131516294e-18 0.5044020853 0.0
-0.03167166899 0.503406763 0.0
-0.4258807663 0.2702721528 0.0
-0.2702721528 0.4258807663 0.0
0.03167166899 0.503406763 0.0
-0.2736687603 0.4312329634 0.0
-0.2460513957 0.4475658273 0.0
-0.2480502715 0.4512017688 0.0
-0.2758919944 0.4347362198 0.0
-0.3313771329 0.4005661434 0.0
-0.3282033998 0.396729759 0.0
-0.3026448977 0.4165549655 0.0
-0.3055714796 0.42058306 0.0
0.2702721528 0.4258807663 0.0
-0.1403434902 0.5466018057 0.0
-0.1743879657 0.5367109712 0.0
-0.1705594486 0.5249280069 0.0
-0.1372623862 0.5346016978 0.0
-0.4113798216 0.3863113661 0.0
-0.4348247489 0.3597183161 0.0
-0.4252785969 0.3518210525 0.0
-0.4023483801 0.377830278 0.0
-0.3885503445 0.3648730601 0.0
-0.3833238158 0.359965023 0.0
-0.359965023 0.3833238158 0.0
-0.3648730601 0.3885503445 0.0
-0.4685814472 0.3404443492 0.0
-0.4565536215 0.3317056223 0.0
-0.4462801312 0.3691950326 0.0
-0.03301802113 0.5248064175 0.0
-1.604619215e-17 0.5258440506 0.0
-1.604619215e-17 0.5330138086 0.0
-0.03346821396 0.5319620276 0.0
0.03301802113 0.5248064175 0.0
0.03346821396 0.5319620276 0.0
-0.1567592071 0.482455231 0.0
-0.1867434932 0.4716602237 0.0
-0.3215179897 0.3886484864 0.0
-0.1254396977 0.4885553663 0.0
-0.4104009322 0.2981737308 0.0
-0.4283135832 0.2718160653 0.0
-0.3908686163 0.3233546408 0.0
-0.3697937204 0.3472594178 0.0
-0.3472594178 0.3697937204 0.0
-0.3233546408 0.3908686163 0.0
-0.296480107 0.408069859 0.0
-0.2718160653 0.4283135832 0.0
-0.2981737308 0.4104009322 0.0
-0.2174629787 0.4621323534 0.0
-0.09505543978 0.4982980657 0.0
-0.126156264 0.4913462078 0.0
-0.06357947515 0.5032833687 0.0
-0.03185259139 0.5062824422 0.0
-9.649399335e-18 0.5072834503 0.0
0.03185259139 0.5062824422 0.0
0.06357947515 0.5032833687 0.0
0.09505543978 0.4982980657 0.0
0.126156264 0.4913462078 0.0
0.1567592071 0.482455231 0.0
0.1867434932 0.4716602237 0.0
0.2159907881 0.4590037891 0.0
0.244385666 0.4445358761 0.0
0.2718160653 0.4283135832 0.0
-0.4131982201 0.3002060794 0.0
-0.4312329634 0.2736687603 0.0
-0.3935327721 0.3255586222 0.0
-0.37231423 0.3496263338 0.0
-0.3496263338 0.37231423 0.0
-0.3255586222 0.3935327721 0.0
-0.3002060794 0.4131982201 0.0
-0.2192296074 0.4658866306 0.0
-0.157827676 0.48574364 0.0
-0.1880163346 0.4748750542 0.0
-0.09570333652 0.5016944593 0.0
-0.1270161436 0.4946952177 0.0
-0.0640128321 0.5067137421 0.0
-0.03206969827 0.5097332573 0.0
-1.235990477e-17 0.5107410882 0.0
0.03206969827 0.5097332573 0.0
0.0640128321 0.5067137421 0.0
0.09570333652 0.5016944593 0.0
0.1270161436 0.4946952177 0.0
0.157827676 0.48574364 0.0
0.1880163346 0.4748750542 0.0
0.2174629787 0.4621323534 0.0
0.2460513957 0.4475658273 0.0
0.2736687603 0.4312329634 0.0
-0.4165549655 0.3026448977 0.0
-0.4347362198 0.2758919944 0.0
-0.396729759 0.3282033998 0.0
-0.3753388415 0.352466633 0.0
-0.352466633 0.3753388415 0.0
-0.2504489223 0.4555648985 0.0
-0.1280479991 0.4987140295 0.0
-0.03233022653 0.5138742354 0.0
-1.19262239e-17 0.5148902537 0.0
0.03233022653 0.5138742354 0.0
0.06453286042 0.5108301902 0.0
0.0964808126 0.5057701317 0.0
0.1280479991 0.4987140295 0.0
0.1591098386 0.4896897309 0.0
0.1895437443 0.4787328507 0.0
0.2192296074 0.4658866306 0.0
0.2480502715 0.4512017688 0.0
0.2758919944 0.4347362198 0.0
-0.4005661434 0.3313771329 0.0
-0.42058306 0.3055714796 0.0
-0.3789683753 0.3558749921 0.0
-0.3558749921 0.3789683753 0.0
-0.2533273034 0.4608006542 0.0
-0.1591098386 0.4896897309 0.0
-0.1606484338 0.49442504 0.0
-0.1292862257 0.5035366038 0.0
-1.214306433e-17 0.5198692523 0.0
-0.03264286044 0.5188434091 0.0
0.03264286044 0.5188434091 0.0
0.06515689442 0.515769928 0.0
0.09741378391 0.5106609386 0.0
0.191376636 0.4833622065 0.0
0.1606484338 0.49442504 0.0
0.2213495619 0.4703917632 0.0
0.2504489223 0.4555648985 0.0
-0.2567813606 0.467083561 0.0
-0.2856030808 0.4500384433 0.0
-0.2817613323 0.4439848164 0.0
-0.2785598753 0.4389401273 0.0
-0.4389401273 0.2785598753 0.0
-0.4051698046 0.3351856127 0.0
-0.4254167733 0.309083378 0.0
-0.1895437443 0.4787328507 0.0
-0.06680434417 0.5288108355 0.0
-0.09987682815 0.5235726687 0.0
-0.09853334947 0.5165299068 0.0
-0.06590573521 0.5216976132 0.0
0.09853334947 0.5165299068 0.0
0.06590573521 0.5216976132 0.0
0.1935761059 0.4889174335 0.0
0.162494748 0.5001074109 0.0
0.2238935073 0.4757979224 0.0
-0.309083378 0.4254167733 0.0
-0.3351856127 0.4051698046 0.0
-0.1307720976 0.5093236928 0.0
-0.162494748 0.5001074109 0.0
0.2533273034 0.4608006542 0.0
0.2785598753 0.4389401273 0.0
0.2817613323 0.4439848164 0.0
-0.4439848164 0.2817613323 0.0
-0.4500384433 0.2856030808 0.0
-0.4312172294 0.313297656 0.0
-0.4106941981 0.3397557885 0.0
-0.313297656 0.4312172294 0.0
-0.3397557885 0.4106941981 0.0
-0.1325551439 0.5162681997 0.0
-0.06788267491 0.5373467023 0.0
-0.1014890026 0.5320239829 0.0
0.1292862257 0.5035366038 0.0
0.1346947995 0.5246016079 0.0
0.1014890026 0.5320239829 0.0
0.09987682815 0.5235726687 0.0
0.1325551439 0.5162681997 0.0
0.1307720976 0.5093236928 0.0
-0.3183547896 0.4381777767 0.0
-0.3452399994 0.4173234703 0.0
-0.2269462418 0.4822853134 0.0
-0.1962154699 0.4955837059 0.0
-0.1647103251 0.506926256 0.0
-0.1346947995 0.5246016079 0.0
0.03400844535 0.5405487598 0.0
-1.517883041e-17 0.5416175182 0.0
0.06680434417 0.5288108355 0.0
0.1647103251 0.506926256 0.0
0.1962154699 0.4955837059 0.0
0.2567813606 0.467083561 0.0
0.2856030808 0.4500384433 0.0
-0.4573027956 0.2902131789 0.0
-0.4381777767 0.3183547896 0.0
-0.06917667181 0.5475897424 0.0
-0.1034236119 0.54216556 0.0
0.03465672303 0.5508528383 0.0
-1.387778781e-17 0.5519419697 0.0
0.2269462418 0.4822853134 0.0
0.1403434902 0.5466018057 0.0
0.105745143 0.5543354525 0.0
0.1034236119 0.54216556 0.0
0.1372623862 0.5346016978 0.0
0.2609262294 0.4746230492 0.0
0.2306095232 0.4900701826 0.0
-0.4660200183 0.2957452967 0.0
-0.4465304334 0.3244233499 0.0
-0.4173234703 0.3452399994 0.0
-0.3948221788 0.3707627046 0.0
-0.377830278 0.4023483801 0.0
-0.3707627046 0.3948221788 0.0
-0.2902131789 0.4573027956 0.0
-0.2609262294 0.4746230492 0.0
-0.2306095232 0.4900701826 0.0
-0.2350054609 0.4994120256 0.0
-0.1993827066 0.5035832328 0.0
-0.2031833907 0.513182665 0.0
-0.1673690176 0.51510887 0.0
-0.07072946808 0.5598813906 0.0
-0.105745143 0.5543354525 0.0
-0.03400844535 0.5405487598 0.0
0.06788267491 0.5373467023 0.0
0.06917667181 0.5475897424 0.0
0.1673690176 0.51510887 0.0
0.1993827066 0.5035832328 0.0
0.2902131789 0.4573027956 0.0
0.2659000718 0.4836704351 0.0
0.2957452967 0.4660200183 0.0
-0.2957452967 0.4660200183 0.0
-0.3244233499 0.4465304334 0.0
-0.3863113661 0.4113798216 0.0
-0.3518210525 0.4252785969 0.0
-0.302383838 0.4764806856 0.0
-0.2659000718 0.4836704351 0.0
-0.240280586 0.5106222372 0.0
-0.2077442116 0.5247019837 0.0
-0.03465672303 0.5508528383 0.0
0.07072946808 0.5598813906 0.0
0.1705594486 0.5249280069 0.0
0.2031833907 0.513182665 0.0
0.2350054609 0.4994120256 0.0
0.2718686827 0.4945272981 0.0
0.302383838 0.4764806856 0.0
-0.3964886718 0.4222175514 0.0
-0.4222175514 0.3964886718 0.0
-0.3103500876 0.4890334863 0.0
-0.2718686827 0.4945272981 0.0
-0.2466107363 0.5240744912 0.0
-0.2132171967 0.5385251662 0.0
-0.03636817609 0.5780556057 0.0
-0.03543465624 0.5632177326 0.0
-1.994931997e-17 0.5643313115 0.0
-1.351598133e-17 0.5791985217 0.0
0.03543465624 0.5632177326 0.0
0.1085309804 0.5689393235 0.0
0.0725928236 0.5746313684 0.0
0.1789821863 0.5508505283 0.0
0.144040815 0.5610019351 0.0
0.1743879657 0.5367109712 0.0
0.2077442116 0.5247019837 0.0
0.240280586 0.5106222372 0.0
-0.4764806856 0.302383838 0.0
0.2466107363 0.5240744912 0.0
0.2790310159 0.5075555337 0.0
0.2876258156 0.5231894164 0.0
0.2542069165 0.540217196 0.0
-0.3199095871 0.5040968472 0.0
-0.3509308215 0.483014838 0.0
-0.2790310159 0.5075555337 0.0
-0.1789821863 0.5508505283 0.0
-0.1085309804 0.5689393235 0.0
-0.144040815 0.5610019351 0.0
-0.0725928236 0.5746313684 0.0
-0.03748839991 0.5958610535 0.0
-1.535236568e-17 0.5970391739 0.0
0.03636817609 0.5780556057 0.0
0.2197847788 0.5551129851 0.0
0.1844952511 0.5678179969 0.0
0.2132171967 0.5385251662 0.0
0.3103500876 0.4890334863 0.0
-0.3805670923 0.46002659 0.0
-0.4087014386 0.4352228271 0.0
-0.4890334863 0.3103500876 0.0
-0.500334907 0.3635145882 0.0
-0.483014838 0.3509308215 0.0
-0.46002659 0.3805670923 0.0
-0.4765223405 0.3942135639 0.0
-0.4352228271 0.4087014386 0.0
-0.3942135639 0.4765223405 0.0
-0.4233567589 0.4508291581 0.0
-0.2876258156 0.5231894164 0.0
-0.2542069165 0.540217196 0.0
-0.2197847788 0.5551129851 0.0
-0.1844952511 0.5678179969 0.0
-0.1911109287 0.5881789591 0.0
-0.1484776048 0.5782820904 0.0
-0.1538017525 0.5990182768 0.0
-0.1118739853 0.5864639687 0.0
-0.07482885023 0.5923313417 0.0
0.0388326685 0.6172275908 0.0
-1.539567085e-17 0.6184479566 0.0
0.03748839991 0.5958610535 0.0
0.07482885023 0.5923313417 0.0
0.1118739853 0.5864639687 0.0
0.1484776048 0.5782820904 0.0
0.3199095871 0.5040968472 0.0
-0.08073196054 0.6390592714 0.0
-0.07751208219 0.6135713097 0.0
-0.0388326685 0.6172275908 0.0
-0.0404457908 0.6428674356 0.0
0.2979395753 0.5419500756 0.0
0.3313809864 0.5221728802 0.0
0.1911109287 0.5881789591 0.0
0.2276658774 0.5750183678 0.0
0.2371231956 0.598904827 0.0
0.1990497419 0.6126121138 0.0
-0.5040968472 0.3199095871 0.0
-0.4963172412 0.4105893299 0.0
-0.5211189898 0.3786151083 0.0
-0.4508291581 0.4233567589 0.0
-0.4105893299 0.4963172412 0.0
-0.4409431431 0.4695567551 0.0
-0.3635145882 0.500334907 0.0
-0.3313809864 0.5221728802 0.0
-0.310316087 0.5644628667 0.0
-0.2979395753 0.5419500756 0.0
-0.2633223328 0.5595884417 0.0
-0.2742608324 0.5828339365 0.0
-0.2276658774 0.5750183678 0.0
-0.1990497419 0.6126121138 0.0
-0.1601907298 0.6239017005 0.0
-0.1158855911 0.607493543 0.0
0.07751208219 0.6135713097 0.0
0.08073196054 0.6390592714 0.0
0.0404457908 0.6428674356 0.0
0.1158855911 0.607493543 0.0
0.1538017525 0.5990182768 0.0
0.2633223328 0.5595884417 0.0
0.310316087 0.5644628667 0.0
0.3451466657 0.5438641199 0.0
-0.5221728802 0.3313809864 0.0
-0.520071122 0.4302402491 0.0
-0.5460598892 0.3967357323 0.0
-0.4695567551 0.4409431431 0.0
-0.3786151083 0.5211189898 0.0
-0.3451466657 0.5438641199 0.0
-0.2371231956 0.598904827 0.0
-0.2085763178 0.6419318995 0.0
-0.1678575026 0.6537618089 0.0
-0.1206995181 0.6327290321 0.0
-1.170938346e-17 0.6441384958 0.0
0.08459581456 0.6696448253 0.0
0.04238153756 0.6736352494 0.0
0.1206995181 0.6327290321 0.0
0.1601907298 0.6239017005 0.0
0.2484719775 0.6275685781 0.0
0.2085763178 0.6419318995 0.0
0.2742608324 0.5828339365 0.0
0.325167901 0.5914782161 0.0
0.3616654809 0.5698936075 0.0
-0.5698936075 0.3616654809 0.0
-0.5438641199 0.3451466657 0.0
-0.3967357323 0.5460598892 0.0
-0.4302402491 0.520071122 0.0
-0.3616654809 0.5698936075 0.0
-0.2873870319 0.6107285304 0.0
-0.2484719775 0.6275685781 0.0
-0.1264762305 0.6630116191 0.0
-0.08459581456 0.6696448253 0.0
-0.04238153756 0.6736352494 0.0
-1.170938346e-17 0.6749671428 0.0
0.1264762305 0.6630116191 0.0
0.1678575026 0.6537618089 0.0
0.2873870319 0.6107285304 0.0
-0.4620468042 0.4920298717 0.0
-0.4920298717 0.4620468042 0.0
-0.325167901 0.5914782161 0.0
-1.007193552 0.8965856369 0.0
-1.015910837 0.797043418 0.0
-0.7038475701 1.109016187 0.0
-1.110433313 0.7042555286 0.0
-1.109182195 0.5971725369 0.0
-0.8505700554 0.9020332352 0.0
-0.8077759248 0.8632926567 0.0
-0.7992854604 1.103944188 0.0
-0.9996413783 1 0.0
-1.099681225 1 0.0
-1.099681225 0.9 0.0
-0.9 1.099681225 0.0
-1 1.099681225 0.0
-1.104102553 0.8005328352 0.0
-0.9390759467 0.5948308047 0.0
-0.9022530832 0.6555252359 0.0
-0.7634385201 0.8129794506 0.0
-0.7108846465 0.8593119227 0.0
-0.5350292393 0.9696295321 0.0
-0.5954263996 0.9389401913 0.0
-0.6547370762 0.8981560844 0.0
0.4979346788 1.127238833 0.0
0.5339070676 0.9699637018 0.0
0.5956666553 0.9385116291 0.0
0.214474265 1.08265639 0.0
0.2431075215 1.131994425 0.0
0.1967639723 1.187116574 0.0
0.155277545 1.105714193 0.0
0.3037120749 1.203202219 0.0
0.4035586753 1.129417509 0.0
0.5985825148 1.204660175 0.0
0.497128891 1.209697557 0.0
-1.199721072 0.7 0.0
-1.204403733 0.5987126317 0.0
-1.199721072 0.8 0.0
-1.199721072 0.9 0.0
-1.199721072 1 0.0
-1.099681225 1.1 0.0
-1.199721072 1.1 0.0
-0.2403986375 1.132893897 0.0
-0.1956177893 1.18700703 0.0
-0.303238667 1.202690884 0.0
-0.4007883456 1.206508293 0.0
-0.4038364545 1.127835587 0.0
-0.4976605391 1.208950221 0.0
-0.4969090073 1.122817108 0.0
-0.6 1.199721072 0.0
-0.7 1.199721072 0.0
-0.8 1.199721072 0.0
-0.9 1.199721072 0.0
-1 1.199721072 0.0
-1.1 1.199721072 0.0
0.560246337 0.8828069665 0.0
0.5037089107 0.9162431072 0.0
0.4466470921 0.9431949172 0.0
0.3849013042 0.9721497232 0.0
0.321597382 0.9912982676 0.0
0.2582639567 1.007139832 0.0
0.1352933896 1.036555087 0.0
0.1973276739 1.024013622 0.0
0.07882682578 1.115754893 0.0
0.06892496111 1.044165932 0.0
1.790910914e-05 1.119199396 0.0
-1.094176832e-15 1.045573574 0.0
-0.215107191 1.080891048 0.0
-0.1970613703 1.022535511 0.0
-0.134287943 1.036474846 0.0
-0.154678123 1.105888078 0.0
-0.2568954019 1.006854646 0.0
-0.3214916645 0.9917486905 0.0
-0.3849013042 0.9721497232 0.0
-0.4468405552 0.9428353544 0.0
-0.5037089107 0.9162431072 0.0
-0.560246337 0.8828069665 0.0
-0.6145727269 0.8458867901 0.0
-0.666473679 0.8056282849 0.0
-0.715744364 0.762190333 0.0
-0.8100769718 0.7652190713 0.0
-0.762190333 0.715744364 0.0
-0.8623351993 0.7135222085 0.0
-0.8056282849 0.666473679 0.0
-0.8458867901 0.6145727269 0.0
-0.8828069665 0.560246337 0.0
-0.9 1.299760919 0.0
-1 1.299760919 0.0
-0.8 1.299760919 0.0
-0.7 1.299760919 0.0
-0.6 1.299760919 0.0
-0.5 1.299760919 0.0
-0.07875518934 1.115748047 0.0
-0.09359324466 1.200559267 0.0
8.059099114e-05 1.205026987 0.0
-3.517151848e-16 1.299760919 0.0
-0.1 1.299760919 0.0
0.2 1.299760919 0.0
0.1 1.299760919 0.0
0.09389769951 1.200588364 0.0
0.3 1.299760919 0.0
0.4006843043 1.2069196 0.0
0.4 1.299760919 0.0
0.5 1.299760919 0.0
0.6 1.299760919 0.0
-1.299760919 1.1 0.0
-1.299760919 1 0.0
-1.199721072 1.2 0.0
-1.299760919 1.2 0.0
-0.4 1.299760919 0.0
-0.3 1.299760919 0.0
-0.2 1.299760919 0.0
-1.299760919 0.7 0.0
-1.299760919 0.8 0.0
-1.299760919 0.6 0.0
-0.0656521079 1.043510373 0.0
-1.299760919 0.9 0.0
-0.7556541982 0.6251315191 0.0
-0.7149107544 0.6713458845 0.0
-0.6713458845 0.7149107544 0.0
-0.6251315191 0.7556541982 0.0
-0.5764500451 0.7934154201 0.0
-0.3610254156 0.9118461124 0.0
-0.3030577233 0.9327157658 0.0
-0.2438940006 0.9499044162 0.0
-0.1837677397 0.9633442278 0.0
-0.1229162315 0.9729821599 0.0
-0.06157962908 0.9787801759 0.0
-8.270381159e-16 0.9807153937 0.0
0.1229162315 0.9729821599 0.0
0.1837677397 0.9633442278 0.0
0.3030577233 0.9327157658 0.0
0.3610254156 0.9118461124 0.0
0.4175683056 0.887377819 0.0
0.4724632442 0.8594074507 0.0
0.5254935862 0.8280453939 0.0
-1.1 1.299760919 0.0
-0.9 1.399800766 0.0
-1 1.399800766 0.0
-0.8 1.399800766 0.0
-0.7 1.399800766 0.0
-0.6 1.399800766 0.0
-0.5 1.399800766 0.0
-0.4 1.399800766 0.0
-0.3 1.399800766 0.0
-0.2 1.399800766 0.0
-1.234285111e-16 1.399800766 0.0
-0.1 1.399800766 0.0
0.1 1.399800766 0.0
0.2 1.399800766 0.0
0.3 1.399800766 0.0
0.4 1.399800766 0.0
0.5 1.399800766 0.0
-1.399800766 0.9 0.0
-1.399800766 0.8 0.0
-1.399800766 0.7 0.0
-1.399800766 0.6 0.0
-1.2 1.299760919 0.0
-1.1 1.399800766 0.0
-1.2 1.399800766 0.0
-1.399800766 1.1 0.0
-1.399800766 1 0.0
-1.399800766 1.2 0.0
-1.299760919 1.3 0.0
-1.399800766 1.3 0.0
-1.3 1.399800766 0.0
-0.4175683056 0.887377819 0.0
0.4433785701 0.8065026249 0.0
0.4931443826 0.7770712055 0.0
0.3918629449 0.832751147 0.0
0.3388008158 0.8557131807 0.0
0.2844015945 0.8752981055 0.0
0.2438940006 0.9499044162 0.0
0.2288799702 0.8914286285 0.0
0.1724550611 0.90404109 0.0
0.06157962908 0.9787801759 0.0
0.05778880839 0.9185268064 0.0
0.1153495507 0.9130857143 0.0
-5.620504062e-16 0.9203428929 0.0
-0.05778880839 0.9185268064 0.0
-0.1153495507 0.9130857143 0.0
-0.1724550611 0.90404109 0.0
-0.2288799702 0.8914286285 0.0
-0.2844015945 0.8752981055 0.0
-0.3388008158 0.8557131807 0.0
-0.3918629449 0.832751147 0.0
-0.4724632442 0.8594074507 0.0
-0.4433785701 0.8065026249 0.0
-0.5254935862 0.8280453939 0.0
-0.4931443826 0.7770712055 0.0
-0.5409639795 0.744573041 0.0
-0.5866486387 0.7091363868 0.0
-0.6300180638 0.6709010954 0.0
-0.6709010954 0.6300180638 0.0
-0.7091363868 0.5866486387 0.0
-0.7934154201 0.5764500451 0.0
-0.744573041 0.5409639795 0.0
-0.8280453939 0.5254935862 0.0
-0.7770712055 0.4931443826 0.0
-0.9 1.499840613 0.0
-1 1.499840613 0.0
-0.8 1.499840613 0.0
-0.7 1.499840613 0.0
-0.6 1.499840613 0.0
-0.5 1.499840613 0.0
-0.4 1.499840613 0.0
-0.3 1.499840613 0.0
-0.2 1.499840613 0.0
-0.1 1.499840613 0.0
1.179611964e-16 1.499840613 0.0
0.1 1.499840613 0.0
0.2 1.499840613 0.0
0.3 1.499840613 0.0
0.4 1.499840613 0.0
0.5 1.499840613 0.0
0.6 1.399800766 0.0
0.6 1.499840613 0.0
-1.499840613 0.7 0.0
-1.499840613 0.6 0.0
-1.499840613 0.8 0.0
-1.499840613 0.9 0.0
-1.499840613 1 0.0
-1.499840613 1.1 0.0
-1.499840613 1.3 0.0
-1.499840613 1.2 0.0
-1.399800766 1.4 0.0
-1.499840613 1.4 0.0
-1.3 1.499840613 0.0
-1.4 1.499840613 0.0
-1.1 1.499840613 0.0
-1.2 1.499840613 0.0
0.463034975 0.7296263709 0.0
0.4163076623 0.7572608266 0.0
0.3679373735 0.7819067197 0.0
0.318115004 0.8034667842 0.0
0.2670371799 0.8218559324 0.0
0.2149054821 0.8370015907 0.0
0.1619256505 0.8488439862 0.0
0.1083067723 0.8573363822 0.0
0.05426045676 0.8624452632 0.0
-3.138500771e-16 0.8641504667 0.0
-0.05426045676 0.8624452632 0.0
-0.1083067723 0.8573363822 0.0
-0.1619256505 0.8488439862 0.0
-0.2149054821 0.8370015907 0.0
-0.2670371799 0.8218559324 0.0
-0.318115004 0.8034667842 0.0
-0.3679373735 0.7819067197 0.0
-0.4163076623 0.7572608266 0.0
-0.463034975 0.7296263709 0.0
-0.5079349001 0.6991124133 0.0
-0.5508302382 0.6658393784 0.0
-0.5915517011 0.6299385796 0.0
-0.6299385796 0.5915517011 0.0
-0.6658393784 0.5508302382 0.0
-0.6991124133 0.5079349001 0.0
-0.7296263709 0.463034975 0.0
0.6 1.599880459 0.0
0.5 1.599880459 0.0
0.4 1.599880459 0.0
-0.2 1.599880459 0.0
-0.3 1.599880459 0.0
-1.599880459 0.7 0.0
-1.599880459 0.6 0.0
-1.599880459 0.8 0.0
-1.599880459 0.9 0.0
-1.599880459 1 0.0
-1.599880459 1.1 0.0
-1.599880459 1.2 0.0
-1.599880459 1.3 0.0
-1.599880459 1.4 0.0
-1.499840613 1.5 0.0
-1.599880459 1.5 0.0
-1.1 1.599880459 0.0
-1.2 1.599880459 0.0
-1.3 1.599880459 0.0
-1.4 1.599880459 0.0
-1.5 1.599880459 0.0
0.3 1.599880459 0.0
0.2 1.599880459 0.0
0.1 1.599880459 0.0
1.377394503e-16 1.599880459 0.0
-0.1 1.599880459 0.0
-0.4 1.599880459 0.0
-0.5 1.599880459 0.0
-0.6 1.599880459 0.0
-0.7 1.599880459 0.0
-0.8 1.599880459 0.0
-0.9 1.599880459 0.0
0.3910167867 0.7112568946 0.0
0.4349053943 0.6853012444 0.0
0.3455850145 0.7344055388 0.0
0.2987893761 0.7546558198 0.0
0.2508145525 0.7719278191 0.0
0.2018498785 0.7861533719 0.0
0.1520885952 0.7972763366 0.0
0.1017270877 0.8052528157 0.0
0.05096410988 0.8100513299 0.0
-0.05096410988 0.8100513299 0.0
-1.214306433e-16 0.8116529416 0.0
-0.1017270877 0.8052528157 0.0
-0.1520885952 0.7972763366 0.0
-0.2018498785 0.7861533719 0.0
-0.2508145525 0.7719278191 0.0
-0.2987893761 0.7546558198 0.0
-0.3455850145 0.7344055388 0.0
-0.3910167867 0.7112568946 0.0
-0.4349053943 0.6853012444 0.0
-0.4770776291 0.6566410233 0.0
-0.5173670563 0.6253893401 0.0
-0.5556146722 0.5916695308 0.0
-0.5916695308 0.5556146722 0.0
-0.6253893401 0.5173670563 0.0
-0.6566410233 0.4770776291 0.0
0.4 1.699920306 0.0
0.3 1.699920306 0.0
1.387778781e-17 1.699920306 0.0
-0.1 1.699920306 0.0
-0.7 1.699920306 0.0
-0.8 1.699920306 0.0
-1 1.599880459 0.0
-1.699920306 1.2 0.0
-1.699920306 1.1 0.0
-1.699920306 1 0.0
-1.699920306 0.8 0.0
-1.699920306 0.7 0.0
-1.699920306 1.5 0.0
-1.699920306 1.4 0.0
-1.599880459 1.6 0.0
-1.699920306 1.6 0.0
0.5 1.699920306 0.0
0.6 1.699920306 0.0
0.2 1.699920306 0.0
0.1 1.699920306 0.0
-1 1.699920306 0.0
-0.9 1.699920306 0.0
-1.1 1.699920306 0.0
-1.2 1.699920306 0.0
-1.699920306 0.9 0.0
-1.699920306 1.3 0.0
-0.6853012444 0.4349053943 0.0
-0.5560525052 0.5221680589 0.0
-0.5221680589 0.5560525052 0.0
-0.3674785543 0.6684410089 0.0
-0.3247816611 0.6901961626 0.0
-0.2808030031 0.7092274273 0.0
-0.2357161439 0.7254596955 0.0
-0.1896990207 0.7388289056 0.0
-0.09560337151 0.7567786107 0.0
-0.04789619796 0.7612882663 0.0
-1.29610608e-17 0.762793465 0.0
0.04789619796 0.7612882663 0.0
0.1429332422 0.7492822956 0.0
0.1896990207 0.7388289056 0.0
0.2357161439 0.7254596955 0.0
0.2808030031 0.7092274273 0.0
0.3247816611 0.6901961626 0.0
0.3674785543 0.6684410089 0.0
0.4087251776 0.6440478239 0.0
0.6 1.799960153 0.0
0.5 1.799960153 0.0
0.4 1.799960153 0.0
-0.2 1.699920306 0.0
-0.3 1.699920306 0.0
-0.4 1.699920306 0.0
-0.5 1.699920306 0.0
-0.5 1.799960153 0.0
-0.6 1.799960153 0.0
-0.6 1.699920306 0.0
-0.7 1.799960153 0.0
-0.8 1.799960153 0.0
-1.3 1.699920306 0.0
-1.4 1.699920306 0.0
-1.5 1.699920306 0.0
-1.6 1.699920306 0.0
-1.799960153 0.7 0.0
-1.799960153 0.6 0.0
-1.699920306 0.6 0.0
-1.799960153 0.8 0.0
-1.799960153 0.9 0.0
-1.799960153 1 0.0
-1.799960153 1.1 0.0
-1.799960153 1.2 0.0
-1.799960153 1.3 0.0
-1.799960153 1.4 0.0
-1.799960153 1.5 0.0
-1.799960153 1.6 0.0
-1.699920306 1.7 0.0
-1.799960153 1.7 0.0
-1.6 1.799960153 0.0
-1.7 1.799960153 0.0
-0.6171128764 0.4483587493 0.0
-0.5877424663 0.4862228538 0.0
0.2 1.799960153 0.0
0.3 1.799960153 0.0
0.1 1.799960153 0.0
-0.1 1.799960153 0.0
-0.2 1.799960153 0.0
-0.3 1.799960153 0.0
-0.4 1.799960153 0.0
-0.9 1.799960153 0.0
-1.3 1.799960153 0.0
-1.2 1.799960153 0.0
-1.4 1.799960153 0.0
-1.5 1.799960153 0.0
-0.4862228538 0.5877424663 0.0
-0.4483587493 0.6171128764 0.0
-0.4087251776 0.6440478239 0.0
0.3455954421 0.6286357756 0.0
0.3843858554 0.6056951891 0.0
0.3054411215 0.6490954238 0.0
0.2640813644 0.666993389 0.0
0.2216793987 0.6822590359 0.0
0.1784025657 0.6948321182 0.0
0.1344216593 0.7046630155 0.0
0.08991025206 0.7117129299 0.0
0.09560337151 0.7567786107 0.0
0.04504401009 0.7159540384 0.0
4.510281038e-17 0.7173696034 0.0
-0.04504401009 0.7159540384 0.0
-0.08991025206 0.7117129299 0.0
-0.1429332422 0.7492822956 0.0
-0.1344216593 0.7046630155 0.0
-0.1784025657 0.6948321182 0.0
-0.2216793987 0.6822590359 0.0
-0.2640813644 0.666993389 0.0
-0.3054411215 0.6490954238 0.0
-0.3455954421 0.6286357756 0.0
-0.3843858554 0.6056951891 0.0
-0.4216592733 0.5803642004 0.0
-0.4572685948 0.5527427794 0.0
-0.4910732859 0.5229399352 0.0
-0.5229399352 0.4910732859 0.0
-0.5527427794 0.4572685948 0.0
-0.5803642004 0.4216592733 0.0
-0.6440478239 0.4087251776 0.0
-0.6056951891 0.3843858554 0.0
-9.36750677e-17 1.799960153 0.0
-1 1.799960153 0.0
-1.1 1.799960153 0.0
-1.3 1.9 0.0
-1.4 1.9 0.0
-1.5 1.9 0.0
-1.6 1.9 0.0
-1.7 1.9 0.0
-1.9 0.7 0.0
-1.9 0.6 0.0
-1.9 0.8 0.0
-1.9 0.9 0.0
-1.9 1 0.0
-1.9 1.1 0.0
-1.9 1.2 0.0
-1.9 1.3 0.0
-1.9 1.4 0.0
-1.9 1.5 0.0
-1.9 1.6 0.0
-1.9 1.7 0.0
-1.799960153 1.8 0.0
-1.9 1.8 0.0
-1.8 1.9 0.0
0.5 1.9 0.0
0.6 1.9 0.0
0.4 1.9 0.0
0.3 1.9 0.0
0.2 1.9 0.0
0.1 1.9 0.0
-4.267510514e-16 1.9 0.0
-0.1 1.9 0.0
-0.2 1.9 0.0
-0.3 1.9 0.0
-0.4 1.9 0.0
-0.6 1.9 0.0
-0.5 1.9 0.0
-0.7 1.9 0.0
-0.8 1.9 0.0
-0.9 1.9 0.0
-1 1.9 0.0
-1.1 1.9 0.0
-2 1.4 0.0
-2 1.3 0.0
-2 1.2 0.0
-2 1.1 0.0
-2 1 0.0
-2 0.9 0.0
-2 0.8 0.0
-2 0.7 0.0
-2 0.6 0.0
0.6 2 0.0
0.5 2 0.0
0.4 2 0.0
0.3 2 0.0
0.2 2 0.0
0.1 2 0.0
-4.440892099e-16 2 0.0
-0.1 2 0.0
-0.2 2 0.0
-0.9 2 0.0
-1 2 0.0
-1.2 1.9 0.0
-1.1 2 0.0
-1.2 2 0.0
-1.3 2 0.0
-1.4 2 0.0
-1.5 2 0.0
-1.6 2 0.0
-1.7 2 0.0
-2 1.7 0.0
-2 1.6 0.0
-1.8 2 0.0
-2 1.8 0.0
-1.9 1.9 0.0
-2 1.9 0.0
-1.9 2 0.0
-0.5 2 0.0
-0.4 2 0.0
-0.3 2 0.0
-2 1.5 0.0
-0.6 2 0.0
-0.7 2 0.0
-0.8 2 0.0
-2 2 0.0
-3.641346639 4.934588694 0.0
-3.190427308 5.452254964 0.0
-3.865346286 5.741087733 0.0
-1.754597003 5.953348128 0.0
-2.059490147 5.103228906 0.0
-1.406808991 5.203821276 0.0
0.5808379763 5.944722412 0.0
0.5953377993 5.248489608 0.0
1.002220012 5.2473889 0.0
0.19757846 5.251233071 0.0
-2.660134385 4.246294598 0.0
-2.344316469 4.66771884 0.0
-2.899612576 4.922607854 0.0
-4.602599502 4.011584129 0.0
-4.236585538 3.203858134 0.0
-3.921221286 3.653778847 0.0
-3.2043732 3.382466351 0.0
-3.352279371 3.764605958 0.0
-3.561192971 3.268813885 0.0
-0.5742948475 4.6264268 0.0
-0.8575172531 5.291318721 0.0
-1.009498297 4.618632106 0.0
-1.797889791 4.640802424 0.0
-2.126204876 4.328357932 0.0
-1.719467028 4.094284321 0.0
-3.061747636 3.116282018 0.0
-2.837084741 3.436216953 0.0
-1.964890977 3.663365662 0.0
-1.597872024 3.644932955 0.0
-2.678044694 3.146198451 0.0
-2.898315915 2.935331524 0.0
-2.610955214 2.819734515 0.0
-2.379243382 3.973804165 0.0
-2.290165039 3.512556558 0.0
0.6065230122 3.618185 0.0
0.4097560302 3.274287387 0.0
0.6001470185 3.272574496 0.0
1.502041864 3.667201369 0.0
1.388759998 3.255098685 0.0
1.608044494 3.252889114 0.0
0.782082881 3.251170148 0.0
-1.101672405 3.287148779 0.0
-0.8561565363 3.286461772 0.0
-0.9405719193 3.695248541 0.0
-0.4072089052 3.274420129 0.0
-0.2030978553 3.283169872 0.0
-0.1909346724 3.637687788 0.0
-0.00805179382 3.276297442 0.0
1.185512718 3.262176519 0.0
1.038472355 3.671128166 0.0
0.9715207383 3.259738572 0.0
-2.39872307 2.915698908 0.0
-2.250680343 2.62210089 0.0
-2.111520579 2.937497778 0.0
-2.958867331 2.203639811 0.0
-2.754061238 1.997965858 0.0
-2.675198656 2.266617492 0.0
-2.805296116 2.519175565 0.0
-2.448279574 2.521449359 0.0
-3.046313906 1.796302174 0.0
-2.719520693 1.724255245 0.0
-1.838177136 2.738706753 0.0
-1.825176761 3.04432999 0.0
-2.056478851 2.517470082 0.0
-1.801343775 2.474988572 0.0
-2.189112067 2.37134863 0.0
-2.024374077 2.337352084 0.0
-2.515091545 0.6415671736 0.0
-2.32887557 0.5899235989 0.0
-2.33022247 0.7023055031 0.0
-2.324774404 0.9979710154 0.0
-2.484088175 0.9120005622 0.0
-2.331905256 0.9044349397 0.0
-0.1909726502 2.537382574 0.0
-0.2173508867 2.337783001 0.0
-0.1059580425 2.346978182 0.0
-1.323449979 2.500120014 0.0
-1.400855129 2.328830389 0.0
-1.308235426 2.343838026 0.0
-0.805570887 2.335276955 0.0
-0.8907241357 2.509499538 0.0
-0.8975145397 2.346691745 0.0
0.6 2.515241669 0.0
0.5990381057 2.352540644 0.0
0.6950961894 2.346767868 0.0
-1.908464486 2.320233135 0.0
-1.787340721 2.316665388 0.0
-2.168424483 2.244756514 0.0
-2.098428936 2.174549112 0.0
-2.028257887 2.229212257 0.0
-0.4185742406 2.507161144 0.0
-0.4068480109 2.344836138 0.0
-0.314243944 2.33487529 0.0
-2.014194497 2.109158405 0.0
-1.684969921 2.318998254 0.0
-1.591680118 2.333295191 0.0
-1.579014214 2.478960123 0.0
-1.49712452 2.324835085 0.0
-1.209879592 2.344218473 0.0
-0.9950961894 2.345086378 0.0
-0.707036204 2.335344042 0.0
-0.5979587483 2.334588064 0.0
-0.655117791 2.524725673 0.0
-0.4991017335 2.331769028 0.0
0.2950961894 2.346767868 0.0
0.2 2.515241669 0.0
0.1990381057 2.352540644 0.0
0.5047277717 2.344418264 0.0
-2.328980762 1.200284116 0.0
-2.316926395 1.29592396 0.0
-2.473881545 1.200662959 0.0
-2.319665897 1.104433975 0.0
-2.324728269 0.8082455724 0.0
-2.325441437 1.492129595 0.0
-2.32598307 1.591002127 0.0
-2.471681676 1.487729055 0.0
0.1047277717 2.344418264 0.0
-2.128081449 2.029550603 0.0
-2.316132095 1.402064576 0.0
-5.107730935 4.770869409 0.0
-4.475295812 5.369618712 0.0
-4.811259273 6.258971535 0.0
-5.649567757 5.629885623 0.0
-4.113672921 4.60911573 0.0
-3.769206293 6.669511656 0.0
-2.831272896 6.034621976 0.0
-2.598434076 5.365354551 0.0
-3.295953668 4.478336721 0.0
-3.677826957 4.120916509 0.0
-2.965028498 3.935233827 0.0
-1.392014034 4.674298229 0.0
-0.2138603002 6.094714943 0.0
-0.2656053795 5.343553698 0.0
-0.9759096239 6.098832519 0.0
-2.642046764 3.792293147 0.0
-3.816440309 2.841963444 0.0
1.466057581 5.361260315 0.0
1.333404141 5.996863574 0.0
1.017466025 4.718754369 0.0
1.495291372 4.764049792 0.0
-2.554874718 3.481690782 0.0
1.035585306 4.180360998 0.0
1.508229635 4.190171479 0.0
0.6015063559 4.698439661 0.0
0.6110486625 4.167748288 0.0
0.2015262574 4.698680907 0.0
0.2005799764 4.174007491 0.0
-0.2016460564 4.697338065 0.0
-0.1995981018 4.150836324 0.0
-0.5712844283 4.159824617 0.0
-0.9582011377 4.16237028 0.0
-1.331675207 4.166780339 0.0
-3.272543633 2.958836395 0.0
-3.450205145 2.759448489 0.0
-3.616542149 2.411923187 0.0
-3.261631492 2.477545627 0.0
-1.287008395 3.708688464 0.0
-0.5800325338 3.699667296 0.0
-0.6256786804 3.321044071 0.0
-2.179694375 3.227850012 0.0
-1.893176097 3.305332334 0.0
-2.45020233 3.185696471 0.0
-1.60160877 3.330751596 0.0
-3.508773848 1.903791983 0.0
-3.300457398 1.7203389 0.0
-3.191444112 2.091319813 0.0
-3.050704474 2.717723099 0.0
-3.008598313 2.400120334 0.0
0.2 3.69669945 0.0
0.2 3.321637038 0.0
-1.583446912 3.035038432 0.0
-1.335549553 3.03776157 0.0
-1.331940047 3.337702664 0.0
-0.6466635798 3.030503954 0.0
-0.4198603807 3.016400923 0.0
1 3.011368953 0.0
1.2 3.011368953 0.0
-2.339626213 2.44200113 0.0
-2.256336875 2.477904569 0.0
-2.543999165 2.137019206 0.0
-2.421120118 2.160859933 0.0
-2.462454149 2.31881472 0.0
-2.545337057 1.978030771 0.0
-2.395875898 2.015392032 0.0
1.6 3.011368953 0.0
1.4 3.011368953 0.0
1.400825929 2.767657953 0.0
1.600206482 2.764877163 0.0
1.203303716 2.763744332 0.0
1 2.754072829 0.0
0.8 3.011368953 0.0
0.8 2.765240078 0.0
0.6 3.011368953 0.0
0.6 2.764942619 0.0
0.4 2.767919778 0.0
0.4 3.011368953 0.0
0.2 3.024611943 0.0
0.2 2.76479163 0.0
-7.25923651e-16 2.765240078 0.0
-0.003684303605 3.021546857 0.0
-0.2066854206 3.020037967 0.0
-0.2037834463 2.769212119 0.0
-0.4241611352 2.76285687 0.0
-0.6565550683 2.765712059 0.0
-0.8725096179 3.0237812 0.0
-0.8872423914 2.766735791 0.0
-1.102339811 3.026685997 0.0
-1.107854308 2.767130673 0.0
-1.331441267 2.761580881 0.0
-1.577758138 2.749928556 0.0
-2.314262189 2.326649463 0.0
-2.264161815 2.182007388 0.0
-2.487411927 1.761745989 0.0
-2.743013317 1.487141292 0.0
-2.754094022 1.199991447 0.0
-2.759828953 0.913050077 0.0
-2.762257188 0.6395649779 0.0
1.4 2.5414457 0.0
1.6 2.515241669 0.0
1.213214866 2.535462717 0.0
1.002176012 2.5055014 0.0
0.8 2.5414457 0.0
0.4 2.5414457 0.0
1.609823386e-15 2.5414457 0.0
-1.1 2.5414457 0.0
-2.360362862 1.868982797 0.0
-1.1 2.365379124 0.0
0.8 2.365379124 0.0
0.9049038106 2.345086378 0.0
-2.340028554 1.711220799 0.0
-2.25635454 2.032928355 0.0
-2.241258173 1.905229085 0.0
4.649058916e-16 2.365379124 0.0
-1.911034562 2.221756675 0.0
-2.161991925 2.12865673 0.0
-2.308041954 1.793778174 0.0
-2.223734448 1.801130926 0.0
-2.224542603 1.700578934 0.0
-2.221468246 1.593046111 0.0
-2.219668744 1.494733417 0.0
-2.220143006 1.4 0.0
-2.220143006 1.3 0.0
-2.220143006 1.2 0.0
-2.220143006 0.9 0.0
-2.220143006 1 0.0
-2.220143006 0.7 0.0
-2.220143006 0.8 0.0
-2.220143006 1.1 0.0
-2.220143006 0.6 0.0
-1.5 2.220143006 0.0
-1.4 2.220143006 0.0
-0.8 2.220143006 0.0
-0.7 2.220143006 0.0
-0.6 2.220143006 0.0
-0.5 2.220143006 0.0
-0.4 2.220143006 0.0
-5.482496887e-16 2.226416284 0.0
0.1 2.220143006 0.0
0.4 2.365379124 0.0
0.2 2.220143006 0.0
0.3 2.220143006 0.0
0.4 2.226416284 0.0
0.8 2.226416284 0.0
0.9012259526 2.225001116 0.0
0.7 2.220143006 0.0
0.6 2.220143006 0.0
-1 2.220143006 0.0
-0.9 2.220143006 0.0
-1.1 2.226416284 0.0
-1.2 2.220143006 0.0
-1.3 2.220143006 0.0
-1.697633569 2.220722751 0.0
-1.59727935 2.220954797 0.0
-1.905951845 2.10627064 0.0
-2.119075006 1.910484806 0.0
-2.111535488 1.801222698 0.0
-2.112939164 1.696917899 0.0
-2.108251712 1.597773985 0.0
-2.108672352 1.499443496 0.0
-2.106294689 1.4 0.0
-2.105035751 1.3 0.0
-2.106294689 1.2 0.0
-2.107868362 1.1 0.0
-2.105035751 1 0.0
-2.106294689 0.9 0.0
-2.108183096 0.8 0.0
-2.105035751 0.6 0.0
-2.106294689 0.7 0.0
-1.800367955 2.220049508 0.0
-1.4 2.107868362 0.0
-1.3 2.106294689 0.0
-0.8 2.107553627 0.0
-0.7 2.105035751 0.0
-0.3 2.220143006 0.0
-0.1 2.220143006 0.0
-0.2 2.220143006 0.0
0.2 2.106294689 0.0
0.3 2.105035751 0.0
0.5 2.220143006 0.0
0.7 2.106609424 0.0
0.8 2.108256427 0.0
-0.6 2.107553627 0.0
-0.5 2.105035751 0.0
-0.4 2.106294689 0.0
-0.3 2.108183096 0.0
-0.1 2.105035751 0.0
-0.2 2.106294689 0.0
-7.494776119e-16 2.107863009 0.0
0.1 2.108575176 0.0
0.4 2.109121947 0.0
0.6 2.106294689 0.0
-1.802024178 2.109931606 0.0
-1.70026809 2.107961091 0.0
-1.599803713 2.10965824 0.0
-1.5 2.105035751 0.0
-1.2 2.105035751 0.0
-1.1 2.107863009 0.0
-1 2.108260441 0.0
-0.9 2.105035751 0.0
0.5 2.105035751 0.0
0.7 2 0.0
0.8 2 0.0
0.9 2 0.0
0.9 2.108358796 0.0
0.7209900912 1.022425153 0.0
0.7045478149 1.107822151 0.0
-0.43815334 0.2408768371 0.0
-0.439906784 0.241840801 0.0
0.2938926261 0.4045084972 0.0
0.2950687538 0.406127298 0.0
-0.4420109168 0.2429975578 0.0
0.296480107 0.408069859 0.0
-0.4445358761 0.244385666 0.0
0.2981737308 0.4104009322 0.0
-0.4475658273 0.2460513957 0.0
0.3002060794 0.4131982201 0.0
-0.4512017688 0.2480502715 0.0
0.3026448977 0.4165549655 0.0
-0.4555648985 0.2504489223 0.0
0.309083378 0.4254167733 0.0
0.3055714796 0.42058306 0.0
-0.4608006542 0.2533273034 0.0
-0.467083561 0.2567813606 0.0
0.313297656 0.4312172294 0.0
-0.4746230492 0.2609262294 0.0
-0.4836704351 0.2659000718 0.0
0.3183547896 0.4381777767 0.0
0.3244233499 0.4465304334 0.0
0.3317056223 0.4565536215 0.0
-0.4945272981 0.2718686827 0.0
0.3404443492 0.4685814472 0.0
-0.5075555337 0.2790310159 0.0
0.3509308215 0.483014838 0.0
0.3635145882 0.500334907 0.0
-0.5231894164 0.2876258156 0.0
0.3786151083 0.5211189898 0.0
-0.5419500756 0.2979395753 0.0
0.3967357323 0.5460598892 0.0
-0.5914782161 0.325167901 0.0
-0.5644628667 0.310316087 0.0
-1.030036339 0.5521528699 0.0
-0.9699974727 0.5327740811 0.0
0.6941189384 0.9461936164 0.0
0.6545548227 0.8979287452 0.0
0.7 1.199721072 0.0
-1.126442574 0.4985931577 0.0
-1.208950747 0.49767799 0.0
0.6145727269 0.8458867901 0.0
-0.9162431072 0.5037089107 0.0
0.7 1.299760919 0.0
-1.299760919 0.5 0.0
0.5764500451 0.7934154201 0.0
-1.399800766 0.5 0.0
0.5409639795 0.744573041 0.0
-0.8594074507 0.4724632442 0.0
-0.8065026249 0.4433785701 0.0
0.7 1.399800766 0.0
0.7 1.499840613 0.0
-1.499840613 0.5 0.0
0.5079349001 0.6991124133 0.0
-0.7572608266 0.4163076623 0.0
0.7 1.599880459 0.0
-1.599880459 0.5 0.0
0.4770776291 0.6566410233 0.0
0.7 1.699920306 0.0
-0.7112568946 0.3910167867 0.0
0.4483587493 0.6171128764 0.0
0.7 1.799960153 0.0
-1.799960153 0.5 0.0
-1.699920306 0.5 0.0
0.4216592733 0.5803642004 0.0
-0.6684410089 0.3674785543 0.0
-0.6286357756 0.3455954421 0.0
-1.9 0.5 0.0
0.7 1.9 0.0
-2 0.5 0.0
-5.114943138 3.452169001 0.0
-4.646471053 2.897878461 0.0
1.808679876 3.248695894 0.0
1.994879636 3.6151059 0.0
-3.03359973 1.492150729 0.0
-2.324517159 0.4860961862 0.0
-2.488362365 0.3777664852 0.0
-6.309051956 4.9006922 0.0
-5.719267095 4.120968509 0.0
-5.345785851 7.291434936 0.0
-6.394815649 6.63851678 0.0
-4.321794141 7.684328444 0.0
-2.064615469 7.184129079 0.0
-2.96452682 7.485147721 0.0
0.6520845115 6.978839954 0.0
-0.1741681325 6.883704604 0.0
-1.090094813 6.913333602 0.0
-4.258297493 2.579060455 0.0
1.707585476 7.046868723 0.0
2.030036413 5.377579896 0.0
2.026936698 6.01102056 0.0
2.026918632 4.761129718 0.0
2 4.149073758 0.0
-4.021034978 2.047237006 0.0
-3.661468328 1.549953506 0.0
-3.333655001 1.48517089 0.0
1.8 2.765240078 0.0
1.8 3.011368953 0.0
-3.034784826 1.197264938 0.0
-3.031619334 0.906249154 0.0
-2.762490947 0.3716577311 0.0
-3.015897805 0.62776546 0.0
1.8 2.5414457 0.0
1.4 2.365379124 0.0
1.504903811 2.345086378 0.0
1.295056657 2.346099786 0.0
1.090838772 2.336062456 0.0
1.186569123 2.341507607 0.0
1 2.348230344 0.0
-2.220143006 0.5 0.0
1 2.220143006 0.0
-2.106294689 0.5 0.0
0.8 1.9 0.0
1 2.105035751 0.0
1 2 0.0
0.9 1.9 0.0
</DataArray></Points>
<Cells>
<DataArray type="Int32" Name="connectivity" format="ascii">
0 1 2 
3 4 5 
6 7 8 
2 1 9 
10 11 12 
13 14 15 
16 17 18 
19 20 21 
22 7 23 
24 25 26 
27 28 29 
30 31 32 33 
34 35 36 37 
38 39 40 41 
42 43 44 45 
44 46 47 48 
49 50 51 52 
53 54 55 56 
57 58 59 60 
61 62 63 64 
65 66 30 67 
68 69 64 63 
70 71 72 73 
74 75 76 77 
66 78 31 30 
67 30 33 79 
59 80 81 82 
38 41 61 64 
83 84 85 86 
55 85 84 87 
37 36 88 89 
37 89 32 31 
90 91 92 93 
46 92 91 47 
94 51 50 56 
95 96 40 39 
97 67 79 98 
99 100 101 102 
103 53 56 50 
104 49 52 105 
105 90 93 104 
106 107 108 109 
48 110 45 44 
78 34 37 31 
54 111 85 55 
87 94 56 55 
45 110 81 80 
82 112 60 59 
60 112 96 95 
113 114 95 39 
111 115 86 85 
108 116 93 92 
69 117 38 64 
114 57 60 95 
36 63 62 88 
35 68 63 36 
117 113 39 38 
118 119 120 121 
122 123 124 125 
126 65 67 97 
127 128 129 130 
131 132 133 134 
135 136 137 138 
139 140 132 141 
142 143 144 145 
144 143 146 147 
148 149 43 42 
150 103 50 49 
58 151 80 59 
152 153 115 111 
154 152 111 54 
155 154 54 53 
156 155 53 103 
157 156 103 150 
158 150 49 104 
158 116 159 160 
107 159 116 108 
109 108 92 46 
161 119 107 106 
42 45 80 151 
162 163 151 58 
164 162 58 57 
165 164 57 114 
166 165 114 113 
167 166 113 117 
168 167 117 69 
169 168 69 68 
170 169 68 35 
171 170 35 34 
172 171 34 78 
173 172 78 66 
174 173 66 65 
175 174 65 126 
176 177 153 152 
178 176 152 154 
179 178 154 155 
180 179 155 156 
181 180 156 157 
104 93 116 158 
160 157 150 158 
124 123 181 182 
46 44 43 109 
183 120 119 161 
184 185 149 148 
148 42 151 163 
186 187 163 162 
188 186 162 164 
189 188 164 165 
190 189 165 166 
191 190 166 167 
192 191 167 168 
193 192 168 169 
194 193 169 170 
195 194 170 171 
196 195 171 172 
197 196 172 173 
198 197 173 174 
199 198 174 175 
200 201 177 176 
202 200 176 178 
203 202 178 179 
204 203 179 180 
123 204 180 181 
182 181 157 160 
160 159 118 182 
109 43 149 106 
100 205 120 183 
184 148 163 187 
76 206 187 186 
207 77 188 189 
208 207 189 190 
209 208 190 191 
210 209 191 192 
211 210 192 193 
212 211 193 194 
213 212 194 195 
214 213 195 196 
215 214 196 197 
216 215 197 198 
217 216 198 199 
218 219 200 202 
220 218 202 203 
221 220 203 204 
118 159 107 119 
124 182 118 121 
106 149 185 161 
99 222 205 100 
223 184 187 206 
224 223 206 225 
226 227 207 208 
228 226 208 209 
229 228 209 210 
230 229 210 211 
231 232 213 214 
233 231 214 215 
234 233 215 216 
235 236 237 222 
205 238 121 120 
239 201 200 219 
240 241 219 218 
137 136 220 221 
125 124 121 238 
222 237 238 205 
183 161 185 242 
242 185 184 223 
76 186 188 77 
243 244 245 246 
143 142 227 226 
247 248 229 230 
249 250 232 231 
251 249 231 233 
252 253 122 125 
101 242 223 224 
206 76 75 225 
254 255 224 225 
256 234 257 258 
259 239 219 241 
260 259 241 261 
135 262 240 136 
221 204 123 122 
137 221 122 253 
263 264 253 252 
252 125 238 237 
100 183 242 101 
102 101 224 255 
225 75 245 254 
265 254 245 244 
77 207 227 74 
246 245 75 74 
266 267 244 243 
230 211 212 268 
268 212 213 232 
269 270 271 272 
234 216 217 257 
256 251 233 234 
136 240 218 220 
230 268 273 247 
261 241 240 262 
137 253 264 138 
274 275 264 263 
252 237 236 263 
222 99 276 235 
277 102 255 278 
265 278 255 254 
279 265 244 267 
246 74 227 142 
143 226 228 146 
146 228 229 248 
280 281 144 147 
248 247 271 282 
268 232 250 273 
272 271 247 273 
283 250 249 284 
285 256 258 286 
287 260 261 288 
276 99 102 277 
289 290 267 266 
291 292 281 280 
249 251 293 284 
294 295 296 297 
285 293 251 256 
298 299 293 285 
300 287 288 301 
288 261 262 302 
303 302 262 135 
304 134 303 305 
138 264 275 305 
263 236 306 274 
236 235 307 306 
308 307 235 276 
309 308 310 311 
310 277 278 312 
279 312 278 265 
279 267 290 130 
243 246 142 145 
313 314 290 289 
315 145 144 281 
146 248 282 147 
282 271 270 316 
316 270 296 317 
273 250 283 272 
318 283 284 319 
284 293 299 319 
298 285 286 320 
321 298 320 322 
274 306 323 324 
301 288 302 133 
303 135 138 305 
134 133 302 303 
325 131 134 304 
305 275 326 304 
324 326 275 274 
324 323 327 71 
306 307 328 323 
308 276 277 310 
309 328 307 308 
329 309 311 330 
310 312 129 311 
130 129 312 279 
266 243 145 315 
331 315 281 292 
147 282 316 280 
317 296 295 332 
272 283 318 269 
297 296 270 269 
333 318 319 334 
319 299 335 334 
321 335 299 298 
336 321 322 337 
140 301 133 132 
338 339 131 325 
304 326 70 325 
71 70 326 324 
71 327 340 72 
323 328 341 327 
329 341 328 309 
342 329 330 343 
311 129 128 330 
130 290 314 127 
289 266 315 331 
344 345 346 347 
280 316 317 291 
348 346 292 291 
332 295 349 350 
269 318 333 297 
351 352 294 353 
353 333 334 354 
354 334 335 355 
336 355 335 321 
140 356 300 301 
345 313 289 331 
357 358 359 360 
325 70 73 338 
361 362 72 340 
327 341 363 340 
342 363 341 329 
364 343 330 128 
127 314 365 366 
367 365 314 313 
345 331 292 346 
368 344 347 369 
291 317 332 348 
370 347 346 348 
297 333 353 294 
371 372 351 373 
354 355 357 373 
358 357 355 336 
358 336 337 374 
132 131 339 141 
338 73 375 376 
364 128 127 366 
295 294 352 349 
377 356 140 139 
378 379 380 381 
141 339 382 380 
376 382 339 338 
376 375 383 384 
375 73 72 362 
385 361 340 363 
386 342 343 387 
388 387 343 364 
389 388 390 391 
390 366 365 392 
367 313 345 344 
393 392 365 367 
348 332 350 370 
394 395 369 396 
397 350 349 398 
398 349 352 399 
351 353 354 373 
372 399 352 351 
359 358 374 400 
385 363 342 386 
401 402 403 404 
396 369 347 370 
405 359 400 406 
407 408 409 410 
377 139 379 411 
379 139 141 380 
378 381 412 413 
380 382 414 381 
384 414 382 376 
384 383 415 416 
375 362 417 383 
418 417 362 361 
419 420 421 422 
421 386 387 423 
388 364 366 390 
389 423 387 388 
424 389 391 425 
390 392 426 391 
393 367 344 368 
402 426 392 393 
368 369 395 403 
370 350 397 396 
394 427 428 429 
397 398 430 427 
430 398 399 431 
407 431 399 372 
371 373 357 360 
408 371 360 432 
360 359 405 432 
433 405 406 434 
411 379 378 435 
413 412 436 437 
412 381 414 438 
416 438 414 384 
383 417 439 415 
361 385 420 418 
440 439 417 418 
385 386 421 420 
422 421 423 441 
424 441 423 389 
442 424 425 443 
391 426 444 425 
402 393 368 403 
401 444 426 402 
403 395 445 404 
396 397 427 394 
429 445 395 394 
446 447 429 428 
427 430 448 428 
448 430 431 449 
372 371 408 407 
410 449 431 407 
410 409 450 451 
409 408 432 452 
432 405 433 452 
453 433 434 454 
455 456 413 437 
456 435 378 413 
415 439 457 458 
418 420 419 440 
459 457 439 440 
460 422 441 461 
442 461 441 424 
462 443 425 444 
462 444 401 463 
463 401 404 464 
404 445 465 464 
447 465 445 429 
466 448 449 467 
451 467 449 410 
450 409 452 468 
452 433 453 468 
416 415 458 469 
436 412 438 470 
470 438 416 469 
440 419 471 459 
471 419 422 460 
428 448 466 446 
3 5 472 473 
8 7 22 474 
19 21 475 476 
477 5 4 478 
2 8 474 479 
472 480 481 482 
3 473 21 20 
0 480 472 5 
480 0 483 484 
482 485 473 472 
9 6 8 2 
2 479 483 0 
478 9 1 477 
475 21 473 485 
20 19 486 487 
9 478 488 489 
11 10 23 490 
23 7 491 490 
491 7 6 492 
6 9 489 492 
26 14 13 493 
14 26 25 494 
14 494 495 15 
496 497 498 499 
497 29 500 498 
501 24 26 493 
493 13 502 503 
475 504 505 476 
504 475 485 506 
507 506 485 482 
508 507 482 481 
481 509 510 508 
511 512 513 17 
17 513 514 515 
515 514 516 517 
517 516 518 22 
474 22 518 519 
5 477 1 0 
479 520 521 483 
483 521 522 484 
484 509 481 480 
509 484 522 523 
524 495 494 525 
526 25 24 527 
527 24 28 528 
28 27 529 528 
499 530 531 496 
499 532 533 530 
533 532 534 535 
536 537 538 539 
16 540 537 536 
16 18 541 540 
542 541 18 12 
11 543 542 12 
490 544 543 11 
545 544 490 491 
492 546 545 491 
492 489 547 546 
548 488 549 550 
550 549 551 552 
551 487 553 552 
554 553 487 486 
521 555 556 522 
557 555 521 520 
519 558 557 520 
559 558 519 518 
559 518 516 560 
512 539 561 562 
563 562 561 534 
564 565 562 563 
498 566 567 568 
500 569 566 498 
500 570 571 569 
503 572 571 570 
502 573 572 503 
508 510 574 575 
523 576 510 509 
576 577 574 510 
22 23 10 517 
520 479 474 519 
578 560 516 514 
515 12 18 17 
501 493 503 570 
494 25 526 525 
549 4 3 551 
488 478 4 549 
513 579 578 514 
511 17 16 536 
536 539 512 511 
512 580 579 513 
581 504 506 582 
583 505 504 581 
562 565 580 512 
561 539 538 584 
585 582 506 507 
563 534 532 568 
568 567 564 563 
27 29 497 496 
568 532 499 498 
27 496 531 529 
29 501 570 500 
28 24 501 29 
12 515 517 10 
487 551 3 20 
552 586 587 550 
489 488 548 547 
547 548 588 589 
546 547 589 590 
542 591 592 541 
540 541 592 593 
537 594 595 538 
584 535 534 561 
535 584 596 597 
530 598 599 531 
528 600 601 527 
527 601 602 526 
525 603 604 524 
605 523 522 556 
556 555 606 607 
608 606 555 557 
608 557 558 609 
558 559 610 609 
610 559 560 611 
560 578 612 611 
612 578 579 613 
613 579 580 614 
565 564 615 616 
615 564 567 617 
567 566 618 617 
618 566 569 619 
569 571 620 619 
620 571 572 621 
582 585 622 623 
582 623 624 581 
581 624 625 583 
605 626 576 523 
626 605 627 628 
574 629 630 575 
577 631 629 574 
631 577 632 633 
626 632 577 576 
632 626 628 634 
580 565 616 614 
591 542 543 635 
575 585 507 508 
603 636 637 604 
638 636 603 602 
638 602 601 639 
640 639 601 600 
600 641 642 640 
642 641 599 643 
598 644 645 646 
645 644 597 647 
648 596 595 649 
594 650 649 595 
650 594 593 651 
593 592 652 651 
653 652 592 591 
591 635 654 653 
655 656 654 635 
655 657 658 656 
658 657 590 659 
590 589 660 659 
661 588 587 662 
662 587 586 663 
586 664 665 663 
664 666 667 665 
607 606 668 669 
670 608 609 671 
672 671 609 610 
672 610 611 673 
674 673 611 612 
674 612 613 675 
614 676 675 613 
676 614 616 677 
678 615 617 679 
617 618 680 679 
619 681 680 618 
619 620 682 681 
621 683 682 620 
683 621 684 685 
624 686 687 625 
623 688 686 624 
622 689 688 623 
689 622 630 690 
690 630 629 691 
631 633 692 693 
633 694 695 692 
634 694 633 632 
694 634 696 697 
644 533 535 597 
657 545 546 590 
657 655 544 545 
630 622 585 575 
629 631 693 691 
666 664 553 554 
664 586 552 553 
669 698 627 607 
698 699 628 627 
627 605 556 607 
696 634 628 699 
641 529 531 599 
700 637 636 701 
702 701 636 638 
702 638 639 703 
703 639 640 704 
641 600 528 529 
705 642 643 706 
643 646 707 706 
646 645 708 707 
647 709 708 645 
710 709 647 648 
710 648 649 711 
650 712 711 649 
650 651 713 712 
714 713 651 652 
715 714 652 653 
715 653 654 716 
656 717 716 654 
656 658 718 717 
659 719 718 658 
660 720 719 659 
660 661 721 720 
662 722 721 661 
663 723 722 662 
663 665 724 723 
725 724 665 667 
685 726 727 683 
683 727 728 682 
616 615 678 677 
676 729 730 675 
606 608 670 668 
686 731 732 687 
688 733 731 686 
688 689 734 733 
735 734 689 690 
690 691 736 735 
693 737 736 691 
692 738 737 693 
739 738 692 695 
739 695 740 741 
698 742 743 699 
697 696 744 745 
697 740 695 694 
740 697 745 746 
728 747 681 682 
748 680 681 747 
748 749 679 680 
750 678 679 749 
750 751 677 678 
729 676 677 751 
752 674 675 730 
753 673 674 752 
753 754 672 673 
754 755 671 672 
756 670 671 755 
756 757 668 670 
602 603 525 526 
599 598 646 643 
648 647 597 596 
596 584 538 595 
644 598 530 533 
744 696 699 743 
701 758 759 700 
701 702 760 758 
703 761 760 702 
761 703 704 762 
704 705 763 762 
706 764 763 705 
706 707 765 764 
707 708 766 765 
709 710 767 768 
711 769 767 710 
712 770 769 711 
770 712 713 771 
772 771 713 714 
714 715 773 772 
773 715 716 774 
774 716 717 775 
717 718 776 775 
719 777 776 718 
719 720 778 777 
720 721 779 778 
722 780 779 721 
780 722 723 781 
723 724 782 781 
728 783 784 747 
750 785 786 751 
755 787 788 756 
789 669 668 757 
742 698 669 789 
737 790 791 736 
735 736 791 792 
733 793 794 731 
741 795 796 739 
746 797 741 740 
798 795 741 797 
799 727 726 800 
799 783 728 727 
801 802 749 748 
785 750 749 802 
803 789 757 804 
803 805 742 789 
805 806 743 742 
807 793 733 734 
792 807 734 735 
790 737 738 808 
724 725 809 782 
588 548 550 587 
780 810 811 779 
589 588 661 660 
775 812 813 774 
774 813 814 773 
635 543 544 655 
771 772 815 816 
769 817 818 767 
594 537 540 593 
768 767 818 819 
708 709 768 766 
768 819 820 766 
764 821 822 763 
762 763 822 823 
705 704 640 642 
761 824 825 760 
758 826 827 759 
800 828 829 799 
783 799 829 830 
801 748 747 784 
831 729 751 786 
832 730 729 831 
833 752 730 832 
834 753 752 833 
834 835 836 837 
837 787 755 754 
787 838 839 788 
788 804 757 756 
840 744 743 806 
840 841 745 744 
841 842 746 745 
842 843 797 746 
794 844 845 846 
793 847 844 794 
847 793 807 848 
849 792 791 850 
790 851 850 791 
808 852 851 790 
853 852 808 796 
795 854 853 796 
798 855 854 795 
855 798 856 857 
843 856 798 797 
856 843 858 859 
860 861 781 782 
810 780 781 861 
862 801 784 863 
862 864 802 801 
865 866 831 786 
867 832 831 866 
867 868 833 832 
835 834 833 868 
836 838 787 837 
754 753 834 837 
839 869 804 788 
870 840 806 871 
870 872 841 840 
873 842 841 872 
858 843 842 873 
739 796 808 738 
874 875 777 778 
876 776 777 875 
826 877 878 827 
826 825 879 877 
824 880 879 825 
881 880 824 823 
823 822 882 881 
821 883 882 822 
884 883 821 885 
885 820 886 884 
819 887 886 820 
819 818 888 887 
817 889 888 818 
817 890 891 889 
892 891 890 816 
893 892 816 815 
815 814 894 893 
814 813 895 894 
896 895 813 812 
897 896 812 876 
897 876 875 898 
874 899 898 875 
900 899 874 811 
900 811 810 901 
810 861 902 901 
903 902 861 860 
904 905 903 860 
830 863 784 783 
906 785 802 864 
906 865 786 785 
907 803 804 869 
908 805 803 907 
908 871 806 805 
872 870 909 910 
873 911 912 858 
859 858 912 913 
914 915 845 844 
914 844 847 916 
917 916 847 848 
918 917 848 849 
918 849 850 919 
851 920 919 850 
920 851 852 921 
852 853 922 921 
923 854 855 924 
924 855 857 925 
925 857 926 927 
859 926 857 856 
926 859 913 928 
853 854 923 922 
849 848 807 792 
929 829 828 930 
929 931 830 829 
931 932 863 830 
933 862 863 932 
933 934 864 862 
935 906 864 934 
935 936 865 906 
936 937 866 865 
938 867 866 937 
939 868 867 938 
940 836 835 941 
940 942 838 836 
943 839 838 942 
943 944 869 839 
945 907 869 944 
945 946 908 907 
820 885 765 766 
814 815 772 773 
894 895 460 461 
921 922 947 948 
920 921 948 949 
919 920 949 950 
918 919 950 951 
917 952 953 916 
914 954 955 915 
930 956 957 929 
931 958 959 932 
933 932 959 960 
934 933 960 961 
934 961 962 935 
936 963 964 937 
944 965 966 945 
946 967 871 908 
967 946 968 969 
909 870 871 967 
909 967 969 970 
910 971 972 911 
911 972 973 912 
913 912 973 974 
975 976 924 925 
913 974 977 928 
978 975 925 927 
927 979 980 978 
928 979 927 926 
928 977 981 979 
876 812 775 776 
471 460 895 896 
903 437 436 902 
459 471 896 897 
459 897 898 457 
882 883 466 467 
885 821 764 765 
893 442 443 892 
464 465 887 888 
446 466 883 884 
825 826 758 760 
468 453 877 879 
880 450 468 879 
880 881 451 450 
905 455 437 903 
469 458 899 900 
889 463 464 888 
890 770 771 816 
982 941 939 983 
984 983 939 938 
962 963 936 935 
957 958 931 929 
951 952 917 918 
954 914 916 953 
985 947 922 923 
970 971 910 909 
966 968 946 945 
982 986 940 941 
941 835 868 939 
986 987 942 940 
987 988 943 942 
965 944 943 988 
882 467 451 881 
461 442 893 894 
877 453 454 878 
824 761 762 823 
447 446 884 886 
887 465 447 886 
892 443 462 891 
899 458 457 898 
904 860 782 809 
462 463 889 891 
470 469 900 901 
436 470 901 902 
846 732 731 794 
811 874 778 779 
911 873 872 910 
572 573 684 621 
964 984 938 937 
817 769 770 890 
976 985 923 924 
989 980 979 981 
990 991 992 
993 994 995 
996 997 998 
999 997 996 
1000 1001 1002 
1003 1004 1005 
1006 1007 1008 
1009 1010 1011 
1012 1013 1014 
1006 1015 1016 
1014 1017 1018 
1019 1020 1021 
1017 1022 1023 
1024 1025 1026 
1027 1028 1029 
1030 1024 1026 
1031 1032 1033 
1034 1035 1036 
1035 1037 1036 
1038 1039 1040 
1041 1042 1043 
1044 1045 1046 
1047 1048 1021 
1049 1050 1045 
1043 1051 1052 
1053 1054 1051 
1053 1055 1056 
1057 1058 1059 
1060 1061 1062 
1063 1064 1065 
1066 1067 1068 
1069 1070 1071 
1072 1073 1074 
1054 1075 1076 
1077 1078 1079 
1080 1081 1082 
1079 1078 1083 
1084 1085 1086 
1085 1087 1086 
1088 1066 1068 
1089 1071 1070 
1090 1091 1092 
1080 1093 1081 
1094 1095 1096 
1097 1073 1072 
1098 1099 1100 
1101 1098 1100 
1102 1062 1061 
1103 1104 1105 
1096 1095 1106 
1083 1107 989 
1108 1103 1105 
1109 1110 1111 1112 
1109 1003 1113 1110 
1111 1110 992 1114 
991 1115 1114 992 
991 1002 1116 1115 
991 990 1117 1002 
1113 990 992 1110 
1116 994 993 1115 
994 1116 1002 1001 
990 1113 1118 1117 
1002 1117 1119 1000 
1118 1113 1003 1005 
994 1001 1013 1012 
1001 1000 1022 1013 
994 1012 1120 995 
996 1121 1122 999 
1121 1123 1010 1122 
1118 1005 1008 1007 
995 1010 1123 993 
1007 1119 1117 1118 
1000 1119 1124 1022 
1119 1007 1006 1016 
1008 1005 1004 1125 
998 1126 1127 996 
998 1128 1129 1126 
1013 1022 1017 1014 
1130 1023 1022 1124 
1129 1128 1131 1132 
1131 1128 1133 1134 
1133 1135 1136 1134 
1135 1137 1138 1136 
1137 1009 1139 1138 
1009 1011 1140 1139 
1120 1141 1140 1011 
1142 1015 1006 1008 
1142 1008 1125 1143 
1019 1016 1015 1020 
1016 1130 1124 1119 
1144 1145 1143 1125 
1014 1141 1120 1012 
1120 1011 1010 995 
1140 1141 1146 1033 
1122 1010 1009 1137 
1135 1133 997 999 
1135 999 1122 1137 
1128 998 997 1133 
1018 1146 1141 1014 
1036 1138 1139 1147 
1148 1147 1033 1032 
1149 1150 1017 1023 
1149 1151 1041 1043 
1152 1018 1017 1150 
1153 1154 1049 1155 
1145 1156 1142 1143 
1157 1047 1156 1145 
1150 1149 1043 1052 
1151 1149 1023 1130 
1033 1147 1139 1140 
1027 1132 1131 1039 
1131 1134 1024 1039 
1158 1036 1037 1159 
1158 1159 1025 1024 
1158 1024 1134 1136 
1036 1158 1136 1138 
1152 1160 1161 1162 
1033 1146 1162 1031 
1148 1034 1036 1147 
1034 1148 1163 1164 
1030 1040 1039 1024 
1040 1165 1166 1038 
1038 1028 1027 1039 
1155 1145 1144 1153 
1041 1021 1048 1042 
1047 1021 1020 1156 
1155 1044 1157 1145 
1048 1167 1168 1042 
1157 1044 1046 1047 
1046 1169 1170 1171 
1045 1172 1169 1046 
1046 1171 1048 1047 
1169 1172 1173 1170 
1174 1175 1176 1177 
1176 1175 1166 1178 
1174 1029 1028 1175 
1166 1165 1179 1178 
1165 1180 1181 1179 
1180 1182 1183 1181 
1184 1183 1182 1185 
1186 1187 1184 1185 
1188 1187 1186 1189 
1190 1191 1188 1189 
1190 1164 1192 1191 
1152 1162 1146 1018 
1164 1163 1193 1192 
1163 1194 1195 1193 
1194 1196 1197 1195 
1196 1161 1198 1197 
1160 1199 1198 1161 
1052 1051 1199 1160 
1043 1042 1053 1051 
1015 1142 1156 1020 
1200 1055 1168 1167 
1180 1165 1040 1030 
1175 1028 1038 1166 
1042 1168 1055 1053 
1170 1201 1200 1171 
1050 1202 1172 1045 
1105 1202 1050 1203 
1204 1100 1105 1203 
1205 1061 1100 1204 
1061 1205 1206 1057 
1207 1208 1177 1176 
1178 1209 1207 1176 
1179 1210 1209 1178 
1211 1210 1179 1181 
1211 1181 1183 1072 
1212 1072 1183 1184 
1187 1095 1212 1184 
1213 1095 1187 1188 
1191 1063 1213 1188 
1080 1063 1191 1192 
1193 1092 1080 1192 
1193 1195 1070 1092 
1163 1148 1032 1194 
1195 1197 1214 1070 
1197 1198 1066 1214 
1051 1054 1086 1199 
1172 1202 1215 1173 
1021 1041 1151 1019 
1201 1077 1055 1200 
1196 1031 1162 1161 
1189 1037 1035 1190 
1048 1171 1200 1167 
1052 1160 1152 1150 
1180 1030 1026 1182 
1185 1182 1026 1025 
1216 1214 1066 1088 
1210 1211 1217 1218 
1063 1080 1082 1064 
1034 1164 1190 1035 
1196 1194 1032 1031 
1185 1025 1159 1186 
1105 1104 1219 1202 
1056 1075 1054 1053 
1055 1077 1079 1056 
1173 1220 1201 1170 
1173 1215 1221 1220 
1189 1186 1159 1037 
1106 1095 1213 1222 
1065 1222 1213 1063 
1080 1092 1091 1093 
1079 1223 1075 1056 
1220 1107 1224 1201 
1054 1076 1084 1086 
1225 1226 1221 1215 
1227 1226 1225 1219 
1227 1219 1104 1228 
1202 1219 1225 1215 
1104 1103 1229 1228 
1103 1108 1230 1229 
1108 1099 1231 1230 
1099 1108 1105 1100 
1232 1231 1099 1098 
1060 1062 1233 1234 
1101 1100 1061 1060 
1102 1059 1235 1236 
1237 1232 1098 1101 
1059 1058 1238 1235 
1236 1233 1062 1102 
1086 1087 1067 1066 
1067 1087 1239 1240 
1089 1070 1214 1216 
1092 1070 1069 1090 
1069 1241 1242 1090 
1090 1242 1243 1091 
1093 1091 1243 1244 
1081 1093 1244 1245 
1106 1222 1246 1247 
1212 1095 1094 1248 
1096 1249 1250 1094 
1097 1072 1212 1248 
1094 1250 1251 1248 
1218 1217 1252 1253 
1217 1074 1254 1252 
1073 1255 1254 1074 
1089 1256 1257 1071 
1216 1258 1256 1089 
1088 1259 1258 1216 
1068 1260 1259 1088 
1261 1262 1085 1084 
1239 1087 1085 1262 
1260 1068 1067 1240 
1102 1061 1057 1059 
1078 1224 1107 1083 
1083 1263 1223 1079 
1221 1264 1107 1220 
1226 1265 1264 1221 
1266 1265 1226 1227 
1266 1227 1228 1267 
1228 1229 1268 1267 
1229 1230 1269 1268 
1231 1270 1269 1230 
1271 1270 1231 1232 
1272 1271 1232 1237 
1272 1237 1234 1273 
1273 1234 1233 1274 
1233 1236 1275 1274 
1235 1238 1276 1277 
1277 1275 1236 1235 
1223 1278 1076 1075 
1261 1084 1076 1278 
1240 1279 1280 1260 
1257 1241 1069 1071 
1241 1281 1282 1242 
1245 1283 1082 1081 
1199 1086 1066 1198 
1284 1065 1064 1285 
1246 1222 1065 1284 
1247 1249 1096 1106 
1249 1286 1287 1250 
1251 1288 1097 1248 
1288 1255 1073 1097 
1074 1217 1211 1072 
1254 1289 1290 1252 
1291 1243 1242 1282 
1291 1292 1244 1243 
1292 1293 1245 1244 
1293 1294 1283 1245 
1295 1284 1285 1296 
1297 1246 1284 1295 
1297 1298 1247 1246 
1298 1286 1249 1247 
1082 1283 1285 1064 
1299 1251 1250 1287 
1255 1300 1289 1254 
980 1264 1265 978 
978 1265 1266 975 
1266 1267 976 975 
1267 1268 985 976 
948 1270 1271 949 
1271 1272 950 949 
950 1272 1273 951 
1273 1274 952 951 
1274 1275 953 952 
1234 1237 1101 1060 
955 954 1277 1276 
1301 1278 1223 1263 
1224 1078 1077 1201 
1302 1261 1278 1301 
1302 974 973 1303 
1304 1239 1262 1303 
1304 1303 973 972 
1304 1279 1240 1239 
1280 1305 1259 1260 
1280 1279 971 970 
1306 1258 1259 1305 
1307 1308 1257 1256 
1308 1307 966 965 
1308 1281 1241 1257 
1282 987 986 1291 
1296 1285 1283 1294 
1296 1294 984 964 
1295 963 962 1297 
1299 1309 1288 1251 
1309 1300 1255 1288 
1309 1299 958 957 
1300 1309 957 956 
982 983 1293 1292 
983 984 1294 1293 
986 982 1292 1291 
968 1306 1305 969 
1261 1302 1303 1262 
968 966 1307 1306 
1256 1258 1306 1307 
1263 981 977 1301 
989 981 1263 1083 
1268 1269 947 985 
1269 1270 948 947 
965 988 1281 1308 
970 969 1305 1280 
1275 1277 954 953 
962 961 1298 1297 
961 960 1286 1298 
956 1310 1289 1300 
960 959 1287 1286 
958 1299 1287 959 
1311 1290 1289 1310 
1311 1312 1313 1290 
977 974 1302 1301 
963 1295 1296 964 
1290 1313 1253 1252 
988 987 1282 1281 
1107 1264 980 989 
972 971 1279 1304 
1049 1045 1044 1155 
1151 1130 1016 1019 
</DataArray>
<DataArray type="Int32" Name="offsets" format="ascii">
3
6
9
12
15
18
21
24
27
30
33
37
41
45
49
53
57
61
65
69
73
77
81
85
89
93
97
101
105
109
113
117
121
125
129
133
137
141
145
149
153
157
161
165
169
173
177
181
185
189
193
197
201
205
209
213
217
221
225
229
233
237
241
245
249
253
257
261
265
269
273
277
281
285
289
293
297
301
305
309
313
317
321
325
329
333
337
341
345
349
353
357
361
365
369
373
377
381
385
389
393
397
401
405
409
413
417
421
425
429
433
437
441
445
449
453
457
461
465
469
473
477
481
485
489
493
497
501
505
509
513
517
521
525
529
533
537
541
545
549
553
557
561
565
569
573
577
581
585
589
593
597
601
605
609
613
617
621
625
629
633
637
641
645
649
653
657
661
665
669
673
677
681
685
689
693
697
701
705
709
713
717
721
725
729
733
737
741
745
749
753
757
761
765
769
773
777
781
785
789
793
797
801
805
809
813
817
821
825
829
833
837
841
845
849
853
857
861
865
869
873
877
881
885
889
893
897
901
905
909
913
917
921
925
929
933
937
941
945
949
953
957
961
965
969
973
977
981
985
989
993
997
1001
1005
1009
1013
1017
1021
1025
1029
1033
1037
1041
1045
1049
1053
1057
1061
1065
1069
1073
1077
1081
1085
1089
1093
1097
1101
1105
1109
1113
1117
1121
1125
1129
1133
1137
1141
1145
1149
1153
1157
1161
1165
1169
1173
1177
1181
1185
1189
1193
1197
1201
1205
1209
1213
1217
1221
1225
1229
1233
1237
1241
1245
1249
1253
1257
1261
1265
1269
1273
1277
1281
1285
1289
1293
1297
1301
1305
1309
1313
1317
1321
1325
1329
1333
1337
1341
1345
1349
1353
1357
1361
1365
1369
1373
1377
1381
1385
1389
1393
1397
1401
1405
1409
1413
1417
1421
1425
1429
1433
1437
1441
1445
1449
1453
1457
1461
1465
1469
1473
1477
1481
1485
1489
1493
1497
1501
1505
1509
1513
1517
1521
1525
1529
1533
1537
1541
1545
1549
1553
1557
1561
1565
1569
1573
1577
1581
1585
1589
1593
1597
1601
1605
1609
1613
1617
1621
1625
1629
1633
1637
1641
1645
1649
1653
1657
1661
1665
1669
1673
1677
1681
1685
1689
1693
1697
1701
1705
1709
1713
1717
1721
1725
1729
1733
1737
1741
1745
1749
1753
1757
1761
1765
1769
1773
1777
1781
1785
1789
1793
1797
1801
1805
1809
1813
1817
1821
1825
1829
1833
1837
1841
1845
1849
1853
1857
1861
1865
1869
1873
1877
1881
1885
1889
1893
1897
1901
1905
1909
1913
1917
1921
1925
1929
1933
1937
1941
1945
1949
1953
1957
1961
1965
1969
1973
1977
1981
1985
1989
1993
1997
2001
2005
2009
2013
2017
2021
2025
2029
2033
2037
2041
2045
2049
2053
2057
2061
2065
2069
2073
2077
2081
2085
2089
2093
2097
2101
2105
2109
2113
2117
2121
2125
2129
2133
2137
2141
2145
2149
2153
2157
2161
2165
2169
2173
2177
2181
2185
2189
2193
2197
2201
2205
2209
2213
2217
2221
2225
2229
2233
2237
2241
2245
2249
2253
2257
2261
2265
2269
2273
2277
2281
2285
2289
2293
2297
2301
2305
2309
2313
2317
2321
2325
2329
2333
2337
2341
2345
2349
2353
2357
2361
2365
2369
2373
2377
2381
2385
2389
2393
2397
2401
2405
2409
2413
2417
2421
2425
2429
2433
2437
2441
2445
2449
2453
2457
2461
2465
2469
2473
2477
2481
2485
2489
2493
2497
2501
2505
2509
2513
2517
2521
2525
2529
2533
2537
2541
2545
2549
2553
2557
2561
2565
2569
2573
2577
2581
2585
2589
2593
2597
2601
2605
2609
2613
2617
2621
2625
2629
2633
2637
2641
2645
2649
2653
2657
2661
2665
2669
2673
2677
2681
2685
2689
2693
2697
2701
2705
2709
2713
2717
2721
2725
2729
2733
2737
2741
2745
2749
2753
2757
2761
2765
2769
2773
2777
2781
2785
2789
2793
2797
2801
2805
2809
2813
2817
2821
2825
2829
2833
2837
2841
2845
2849
2853
2857
2861
2865
2869
2873
2877
2881
2885
2889
2893
2897
2901
2905
2909
2913
2917
2921
2925
2929
2933
2937
2941
2945
2949
2953
2957
2961
2965
2969
2973
2977
2981
2985
2989
2993
2997
3001
3005
3009
3013
3017
3021
3025
3029
3033
3037
3041
3045
3049
3053
3057
3061
3065
3069
3073
3077
3081
3085
3089
3093
3097
3101
3105
3109
3113
3117
3121
3125
3129
3133
3137
3141
3145
3149
3153
3157
3161
3165
3169
3173
3177
3181
3185
3189
3193
3197
3201
3205
3209
3213
3217
3221
3225
3229
3233
3237
3241
3245
3249
3253
3257
3261
3265
3269
3273
3277
3281
3285
3289
3293
3297
3301
3305
3309
3313
3317
3321
3325
3329
3333
3337
3341
3345
3349
3353
3357
3361
3365
3369
3373
3377
3381
3385
3389
3393
3397
3401
3405
3409
3413
3417
3421
3425
3429
3433
3437
3441
3445
3449
3453
3457
3461
3465
3469
3473
3477
3481
3485
3489
3493
3497
3501
3505
3509
3513
3517
3521
3525
3529
3533
3537
3541
3545
3549
3553
3557
3561
3565
3569
3573
3577
3581
3585
3589
3593
3597
3601
3605
3609
3613
3617
3621
3625
3629
3633
3637
3641
3645
3649
3653
3657
3661
3665
3669
3673
3677
3681
3685
3689
3693
3697
3700
3703
3706
3709
3712
3715
3718
3721
3724
3727
3730
3733
3736
3739
3742
3745
3748
3751
3754
3757
3760
3763
3766
3769
3772
3775
3778
3781
3784
3787
3790
3793
3796
3799
3802
3805
3808
3811
3814
3817
3820
3823
3826
3829
3832
3835
3838
3841
3844
3847
3850
3853
3857
3861
3865
3869
3873
3877
3881
3885
3889
3893
3897
3901
3905
3909
3913
3917
3921
3925
3929
3933
3937
3941
3945
3949
3953
3957
3961
3965
3969
3973
3977
3981
3985
3989
3993
3997
4001
4005
4009
4013
4017
4021
4025
4029
4033
4037
4041
4045
4049
4053
4057
4061
4065
4069
4073
4077
4081
4085
4089
4093
4097
4101
4105
4109
4113
4117
4121
4125
4129
4133
4137
4141
4145
4149
4153
4157
4161
4165
4169
4173
4177
4181
4185
4189
4193
4197
4201
4205
4209
4213
4217
4221
4225
4229
4233
4237
4241
4245
4249
4253
4257
4261
4265
4269
4273
4277
4281
4285
4289
4293
4297
4301
4305
4309
4313
4317
4321
4325
4329
4333
4337
4341
4345
4349
4353
4357
4361
4365
4369
4373
4377
4381
4385
4389
4393
4397
4401
4405
4409
4413
4417
4421
4425
4429
4433
4437
4441
4445
4449
4453
4457
4461
4465
4469
4473
4477
4481
4485
4489
4493
4497
4501
4505
4509
4513
4517
4521
4525
4529
4533
4537
4541
4545
4549
4553
4557
4561
4565
4569
4573
4577
4581
4585
4589
4593
4597
4601
4605
4609
4613
4617
4621
4625
4629
4633
4637
4641
4645
4649
4653
4657
4661
4665
4669
4673
4677
4681
4685
4689
4693
4697
4701
4705
4709
4713
4717
4721
4725
4729
4733
4737
4741
4745
4749
4753
4757
4761
4765
4769
4773
4777
4781
4785
4789
4793
4797
4801
4805
4809
4813
4817
4821
4825
4829
4833
4837
4841
4845
4849
4853
4857
4861
4865
4869
4873
4877
4881
4885
4889
4893
4897
4901
4905
4909
4913
4917
4921
4925
4929
4933
4937
4941
4945
4949
4953
4957
4961
4965
4969
4973
4977
4981
4985
4989
4993
4997
5001
5005
5009
5013
5017
5021
5025
5029
5033
5037
</DataArray>
<DataArray type="UInt8" Name="types" format="ascii">
5
5
5
5
5
5
5
5
5
5
5
9
9
9
9
9
9
9
9
9
9
9
9
9
9
9
9
9
9
9
9
9
9
9
9
9
9
9
9
9
9
9
9
9
9
9
9
9
9
9
9
9
9
9
9
9
9
9
9
9
9
9
9
9
9
9
9
9
9
9
9
9
9
9
9
9
9
9
9
9
9
9
9
9
9
9
9
9
9
9
9
9
9
9
9
9
9
9
9
9
9
9
9
9
9
9
9
9
9
9
9
9
9
9
9
9
9
9
9
9
9
9
9
9
9
9
9
9
9
9
9
9
9
9
9
9
9
9
9
9
9
9
9
9
9
9
9
9
9
9
9
9
9
9
9
9
9
9
9
9
9
9
9
9
9
9
9
9
9
9
9
9
9
9
9
9
9
9
9
9
9
9
9
9
9
9
9
9
9
9
9
9
9
9
9
9
9
9
9
9
9
9
9
9
9
9
9
9
9
9
9
9
9
9
9
9
9
9
9
9
9
9
9
9
9
9
9
9
9
9
9
9
9
9
9
9
9
9
9
9
9
9
9
9
9
9
9
9
9
9
9
9
9
9
9
9
9
9
9
9
9
9
9
9
9
9
9
9
9
9
9
9
9
9
9
9
9
9
9
9
9
9
9
9
9
9
9
9
9
9
9
9
9
9
9
9
9
9
9
9
9
9
9
9
9
9
9
9
9
9
9
9
9
9
9
9
9
9
9
9
9
9
9
9
9
9
9
9
9
9
9
9
9
9
9
9
9
9
9
9
9
9
9
9
9
9
9
9
9
9
9
9
9
9
9
9
9
9
9
9
9
9
9
9
9
9
9
9
9
9
9
9
9
9
9
9
9
9
9
9
9
9
9
9
9
9
9
9
9
9
9
9
9
9
9
9
9
9
9
9
9
9
9
9
9
9
9
9
9
9
9
9
9
9
9
9
9
9
9
9
9
9
9
9
9
9
9
9
9
9
9
9
9
9
9
9
9
9
9
9
9
9
9
9
9
9
9
9
9
9
9
9
9
9
9
9
9
9
9
9
9
9
9
9
9
9
9
9
9
9
9
9
9
9
9
9
9
9
9
9
9
9
9
9
9
9
9
9
9
9
9
9
9
9
9
9
9
9
9
9
9
9
9
9
9
9
9
9
9
9
9
9
9
9
9
9
9
9
9
9
9
9
9
9
9
9
9
9
9
9
9
9
9
9
9
9
9
9
9
9
9
9
9
9
9
9
9
9
9
9
9
9
9
9
9
9
9
9
9
9
9
9
9
9
9
9
9
9
9
9
9
9
9
9
9
9
9
9
9
9
9
9
9
9
9
9
9
9
9
9
9
9
9
9
9
9
9
9
9
9
9
9
9
9
9
9
9
9
9
9
9
9
9
9
9
9
9
9
9
9
9
9
9
9
9
9
9
9
9
9
9
9
9
9
9
9
9
9
9
9
9
9
9
9
9
9
9
9
9
9
9
9
9
9
9
9
9
9
9
9
9
9
9
9
9
9
9
9
9
9
9
9
9
9
9
9
9
9
9
9
9
9
9
9
9
9
9
9
9
9
9
9
9
9
9
9
9
9
9
9
9
9
9
9
9
9
9
9
9
9
9
9
9
9
9
9
9
9
9
9
9
9
9
9
9
9
9
9
9
9
9
9
9
9
9
9
9
9
9
9
9
9
9
9
9
9
9
9
9
9
9
9
9
9
9
9
9
9
9
9
9
9
9
9
9
9
9
9
9
9
9
9
9
9
9
9
9
9
9
9
9
9
9
9
9
9
9
9
9
9
9
9
9
9
9
9
9
9
9
9
9
9
9
9
9
9
9
9
9
9
9
9
9
9
9
9
9
9
9
9
9
9
9
9
9
9
9
9
9
9
9
9
9
9
9
9
9
9
9
9
9
9
9
9
9
9
9
9
9
9
9
9
9
9
9
9
9
9
9
9
9
9
9
9
9
9
9
9
9
9
9
9
9
9
9
9
9
9
9
9
9
9
9
9
9
9
9
9
9
9
9
9
9
9
9
9
9
9
9
9
9
9
9
9
9
9
9
9
9
9
9
9
9
9
9
9
9
9
9
9
9
9
9
9
9
9
9
5
5
5
5
5
5
5
5
5
5
5
5
5
5
5
5
5
5
5
5
5
5
5
5
5
5
5
5
5
5
5
5
5
5
5
5
5
5
5
5
5
5
5
5
5
5
5
5
5
5
5
5
9
9
9
9
9
9
9
9
9
9
9
9
9
9
9
9
9
9
9
9
9
9
9
9
9
9
9
9
9
9
9
9
9
9
9
9
9
9
9
9
9
9
9
9
9
9
9
9
9
9
9
9
9
9
9
9
9
9
9
9
9
9
9
9
9
9
9
9
9
9
9
9
9
9
9
9
9
9
9
9
9
9
9
9
9
9
9
9
9
9
9
9
9
9
9
9
9
9
9
9
9
9
9
9
9
9
9
9
9
9
9
9
9
9
9
9
9
9
9
9
9
9
9
9
9
9
9
9
9
9
9
9
9
9
9
9
9
9
9
9
9
9
9
9
9
9
9
9
9
9
9
9
9
9
9
9
9
9
9
9
9
9
9
9
9
9
9
9
9
9
9
9
9
9
9
9
9
9
9
9
9
9
9
9
9
9
9
9
9
9
9
9
9
9
9
9
9
9
9
9
9
9
9
9
9
9
9
9
9
9
9
9
9
9
9
9
9
9
9
9
9
9
9
9
9
9
9
9
9
9
9
9
9
9
9
9
9
9
9
9
9
9
9
9
9
9
9
9
9
9
9
9
9
9
9
9
9
9
9
9
9
9
9
9
9
9
9
9
9
9
9
9
9
9
9
9
9
9
9
9
9
9
9
9
9
9
9
9
9
9
9
9
9
9
9
9
</DataArray>
</Cells>
<CellData>
<DataArray type="Float64" Name="density" format="ascii">
49.99999963
49.99999959
49.99999972
49.9999999
30.32427735
45.39733749
45.68188815
45.95637149
43.85892955
49.50715443
48.83396853
34.5920695
39.48003645
36.09164051
37.578295
35.59597281
32.13794927
31.87373769
38.79443903
35.6209452
36.99465956
40.35516562
49.99999976
48.67878917
37.62657925
34.38686942
35.46481216
35.52285731
35.68491293
34.23532977
35.17752541
34.91067415
33.6622775
34.87801047
31.79969508
35.28940208
34.30091687
49.99999998
31.33402307
32.02003681
32.00003466
34.48595887
35.92355502
38.57096959
32.1714183
32.214068
35.38843812
35.48299813
35.47533817
38.74804868
33.31421162
31.58861404
39.98301584
39.27829996
35.23295554
39.43425776
39.89286166
49.99999983
49.99999999
36.54123082
45.72386033
49.99999986
50
49.99999958
44.64318244
42.74964642
46.42066828
48.11643422
39.08319409
33.33623427
49.99999962
49.99999931
48.44901972
49.99999983
30.25972915
49.99999991
49.99999975
32.22235611
49.99999715
38.63800689
48.99947628
48.79235929
49.9999997
49.99999391
49.99999641
49.99999845
49.9999997
49.99999782
49.99999716
48.66316078
46.29197301
44.94827953
44.59244837
49.99999552
49.99999882
49.99999957
49.99999998
49.95339469
31.00358915
47.38295343
49.77798032
34.77477165
49.99999924
49.99999775
48.42300269
49.99999954
49.99999624
49.99999999
49.99999918
49.99999854
49.99999975
49.99999857
49.99999908
49.99999793
49.99999767
49.99999705
49.9999979
49.99999996
49.99999691
49.99999914
49.99999995
49.95392524
49.82711658
49.99999993
49.99999976
38.6766671
49.99999988
49.99999799
49.99999866
49.99999973
48.46207456
45.22715635
44.76041312
42.9557331
43.02963045
45.01511682
50
49.99999949
49.99999997
49.99999883
49.99999997
49.93952024
50
49.99999979
49.99999997
49.99999623
49.99999999
49.99999951
46.76499576
44.44049393
40.57616928
39.31413446
36.40101087
41.70669462
43.09151392
43.64189668
49.9999998
49.95868763
49.99999983
49.99999999
50
49.99999998
49.99999995
49.9999997
49.99999878
49.99999949
48.50746492
43.67010474
37.55098552
36.81177241
37.6315739
50
46.8491153
48.85199729
44.36428893
39.21572818
50
49.99999995
49.99999998
50
50
49.99999993
49.99999995
49.99999988
44.218634
48.02177312
48.46699675
47.13227576
47.71497441
49.01124048
36.05965027
37.1031071
37.07211291
44.68562266
38.33892693
49.99999995
36.70511226
49.99999984
49.99999999
50
49.99999988
49.99999971
44.61149277
44.70839216
48.83766621
45.13082462
41.30399335
40.2430646
42.63735333
38.82884255
36.36048428
37.34692098
37.29593404
40.51999621
49.99999992
49.99999988
49.13858536
41.97399462
38.19498103
36.63363886
39.36332368
40.98683591
49.99999986
49.99999957
49.99999999
49.99999989
49.99999997
49.99999993
49.99999985
49.99999973
50
44.77639657
45.25652302
49.05274807
45.55985318
49.28452489
45.07428395
41.66997076
38.4150018
37.65259157
36.81493475
38.06724103
39.43071337
42.60796756
43.15217488
49.99999991
49.99999971
49.99999996
49.9999997
49.99999992
49.99999993
49.99999977
49.99999992
49.99999984
49.99999973
49.99999984
49.89190803
44.59058518
45.63573383
46.23215015
44.99018866
41.354461
37.24709829
37.08037906
36.72650569
38.31257747
39.86921082
41.46308974
43.35060966
49.9999998
49.99999992
50
49.99999976
49.99999965
49.9999997
49.99999918
48.60780461
44.11797158
49.22671061
46.4227484
44.82674038
40.47838751
41.44522085
36.99382483
37.11443489
37.32746027
38.48661544
40.11041183
41.68975684
49.99999977
46.46443778
42.99282055
49.99999999
49.99999983
49.99999983
49.99999922
43.38403724
49.40542813
49.45549785
44.87916735
44.75066232
39.76998451
40.98608015
37.16809232
39.37518103
40.57188434
42.21423004
43.91866563
49.99999977
49.99999995
45.77450706
36.61988836
49.99999987
49.99999985
49.99999959
49.99999994
49.99999988
49.99999994
49.99999938
46.53628457
42.68511365
46.4070253
49.59172761
46.57145941
49.62446876
39.11235714
39.79144561
36.68481333
36.61105136
38.84058409
37.60799092
44.78262925
49.9999992
46.74566851
40.44297439
45.81069954
40.96029499
49.99999988
49.9999996
49.99999908
49.99999955
49.99999993
49.99999998
49.99999964
49.99999952
49.99999937
44.59771854
46.0218365
42.18932422
46.86204582
49.76982779
46.69376844
49.773406
44.58229882
38.36821348
36.76288641
36.37558708
36.64098041
38.0622417
41.24759182
42.09101065
43.9460483
46.97442002
49.99999996
49.99999976
49.99999949
49.99999994
49.99999951
49.99999851
49.99999949
49.99999926
42.91465174
41.78398436
47.42771565
49.91441057
46.757497
49.88675278
44.24347828
37.55271542
39.0804755
36.07364341
36.21279701
36.85980042
40.07406739
38.71157553
42.08428231
43.12879012
45.08877134
48.21283875
49.99999996
49.99999983
49.99999958
49.99999969
49.99999948
40.99697763
41.49200532
50
49.96238121
46.6188933
43.6417762
38.42652266
37.31443591
39.58001047
44.40868545
46.43336698
49.99999988
49.99999953
49.99999976
49.99999845
50
36.19095675
49.9999997
46.44621943
43.8508298
49.99999999
48.12178611
49.99999975
49.9999993
49.99999985
49.99999868
49.99999931
49.99999849
49.9999997
49.9999996
49.99999936
47.34994311
49.99999923
34.07526065
47.16375598
49.99999915
49.99999885
45.95993736
46.55610564
45.19334984
47.60435934
47.01538815
49.99999999
45.93795786
43.33144092
48.89997985
49.99999859
49.99999945
49.99999774
43.72237892
43.96893405
38.12029996
38.56087036
31.88985594
49.99999936
45.88944643
49.99999907
49.99999873
49.99999889
45.7953361
50
49.99999997
49.06949056
46.82222943
45.37121194
43.13458978
48.32246275
50
47.16738461
38.74723504
28.73655254
31.86313744
45.42308525
49.99999996
49.99999805
49.99999984
49.99999755
49.99999879
49.35344432
49.99999994
35.87989901
25.70795783
26.63623769
39.4596955
40.28659866
35.75758197
38.21520233
49.66982037
46.01345473
49.8911776
50
47.29918077
49.99999975
49.99999887
49.99999916
36.47687896
35.24743416
43.86768116
40.82198124
49.99999998
47.916699
49.999998
49.99999974
45.02984406
47.32095423
45.82278516
39.27109033
45.75368986
45.28790059
40.68704788
39.67372776
42.19711991
45.57198729
47.80766712
47.81144865
48.07665927
47.91817043
49.99999995
49.99999986
33.06995856
49.99999876
49.9999995
49.99999895
49.99999944
49.99999729
39.42438746
48.16164711
49.44444086
35.50492435
35.7021807
45.08849388
49.99999995
49.99999999
47.11799212
49.99999775
47.19376913
33.0400762
24.01764802
25.79055492
40.50025935
48.52141673
45.67759978
32.29860348
42.05124333
49.40586251
50
45.73956014
48.04110063
49.99999998
33.36420615
44.18780399
48.10971037
49.99999993
49.99999854
48.36798755
49.99999911
49.99999975
49.99999883
49.99999992
39.01089767
29.51342079
40.74367722
48.58736617
49.90002478
49.99999994
49.98609188
48.768578
46.29699412
39.77209014
39.96850649
41.2619795
49.92448944
49.99999989
48.53611183
40.46949019
30.77211968
30.58276869
41.04299658
49.99999858
49.99999986
49.99999931
49.99999922
49.99999859
49.99999998
46.80439298
23.43924221
24.96346261
42.0804411
49.99999999
46.12860957
27.50490028
37.73646351
50
50
46.1985072
46.00630121
49.69762393
50
49.76609107
42.24516841
29.83437677
37.87033604
48.04862318
49.99999825
49.99999754
49.99999781
49.99999951
41.20455271
49.99999975
42.44727707
35.00027577
49.99999992
49.99999989
49.99999926
49.99999996
49.99999815
49.99999633
49.9999984
47.47834517
49.56240653
49.99999999
50
49.76439889
49.13669552
44.59390067
40.90820191
37.73055418
39.10583577
37.21144626
42.53769665
49.99999995
49.99999999
48.61376099
41.34780431
32.19760981
31.45540858
43.00220736
49.99999939
49.99999769
49.99999967
49.99999929
49.99999883
49.99999985
49.99999994
49.99999998
48.54030867
46.13884736
25.76187233
36.60077481
50
41.39305986
28.61516971
42.84364006
49.33492877
49.99999997
49.9999993
49.99999997
49.999998
49.9999999
49.99999711
49.99999922
49.99999973
44.96360658
47.16204377
50
50
48.66947584
38.61759378
45.99450164
49.99999962
44.58258186
25.45865117
22.83527392
40.89789048
49.17939271
42.97909446
36.21944257
40.15687053
42.44599917
49.99999986
50
49.99999998
50
48.92219453
46.14406059
42.69865073
39.12869279
36.35698858
38.36418386
43.8117207
49.99999995
49.99999983
48.57425199
41.93649307
33.68129864
33.41932432
47.23848089
49.99999897
49.99999819
49.99999959
49.99999938
49.99999921
49.99999923
44.74144194
49.67576893
23.70774986
48.70275829
49.99999991
49.99999985
49.99999999
42.43792221
49.99999999
49.99999817
49.99999728
49.99999983
47.53921223
49.99999966
49.03712883
49.99999996
49.99999979
49.83907359
28.3972148
46.58032574
49.99999997
49.99999996
49.99999993
49.99999989
49.99999949
35.93660757
35.15065384
30.43924904
48.51849832
44.91649419
49.99999958
39.70104729
38.40348951
37.88694662
40.89264712
44.31071448
47.73490745
49.37782186
50
49.99999998
47.35410038
48.27888543
41.03139648
27.83594634
45.64542522
49.99999771
49.248307
28.53860314
30.12358756
44.03754323
43.82372145
49.99999983
49.99999647
49.99999896
49.99999975
44.89199984
34.32258461
49.99999996
50
49.99999998
41.09202433
49.42007446
49.99999962
49.99999876
49.99999763
49.99999971
49.99999941
49.99999869
48.93647922
49.99999988
44.21532372
33.21510797
46.44683035
49.99999714
34.40590163
47.26181035
46.59972281
39.6820845
49.99999967
49.99999714
49.9999965
43.66161252
49.99999967
49.99999994
50
49.4347465
47.90332593
45.46096274
42.49068072
39.35690425
36.87469373
35.33814472
37.71405241
41.19887122
45.74854372
49.99999996
49.99999996
48.39316939
42.06666191
36.37018494
39.91895328
49.99999969
49.99999807
49.99999998
49.99999983
49.99999963
49.99999882
49.99999889
49.99999999
46.149482
48.22910159
49.99999964
49.99999978
49.9999993
49.7227811
50
49.99999942
49.99999348
49.99999872
47.65706055
42.79364449
49.99999977
49.99999996
49.99999996
49.99999996
44.57704129
49.99999961
49.9999993
49.38290954
49.99999863
49.99999972
49.50899835
48.81812778
49.99999957
48.12050771
48.25269287
49.28899596
49.99999999
48.80075778
49.99999938
47.61018629
41.75686309
48.13256723
49.51218888
42.78420821
40.68779235
48.80002545
49.99999839
49.99999939
35.57547273
42.21105881
38.2920859
49.99999987
49.99999799
49.99999641
49.99999944
49.99999767
49.99999783
49.99999865
49.99999594
49.99999927
49.99999874
49.99999777
49.99999929
49.99999961
49.99999999
49.99999865
42.88108264
49.99999995
49.99999839
49.99999678
49.99999994
49.99999723
27.17955892
49.99999629
49.99999999
45.98443046
11.4609879
49.99999968
46.17856233
49.99999964
49.9999998
49.99999872
38.14888357
37.77237581
48.06054262
42.61577419
36.36782139
49.99999998
48.00529887
46.06264072
43.6105786
49.99999988
49.99999983
46.29886276
49.9999999
49.99999672
49.99999936
49.99999925
49.9999993
49.99999882
49.99999931
49.99999754
49.99999831
49.99999976
49.9999967
49.99999661
49.9999995
49.99999993
49.99999913
40.84600386
41.65712079
49.39077647
47.32529274
35.57397124
37.92492274
49.99999997
49.99999976
50
50
49.99999972
50
49.99999896
49.99999993
49.99999974
49.2143303
49.99999999
50
49.99999787
10.36241379
1.053796252
1.006936703
1.278287866
1.425317857
1.094940948
1.043590058
1.043295544
1.107087674
1.104037808
1.049526218
0.8510372634
1.027876231
1.117463498
0.6445292316
0.9210928666
0.6316607788
2.698047334
0.2903997876
0.2325483345
0.7360734966
0.9546504365
0.9773230564
0.9658825821
0.938499382
0.5307918013
0.607305807
0.9947860114
0.8810502545
0.8263904059
0.8135222272
2.731937966
0.9750832327
0.6470316159
0.7080016854
0.5709190132
0.9095118387
0.5819990572
3.749618136
4.096220832
2.623775713
0.9092130424
0.9056015846
0.867417454
0.886912186
0.7073955892
0.7788757758
0.6915579933
0.8286256543
0.7769973129
0.8069776695
0.9453428703
0.713838588
1.05691127
1.058600595
1.045324751
1.06824381
1.050425301
1.07153857
1.062615056
1.054964683
1.092194462
1.063812417
1.071867277
1.057382486
1.129273688
1.116176889
1.090438077
1.312201232
0.9609740467
1.046172781
0.7975952686
1.064904886
1.100022554
1.05774759
1.030101051
1.187120087
0.7463703715
1.141093341
1.127450961
0.8440836374
0.6944508543
0.8350000008
1.227073617
1.510994973
1.467714143
0.9479689397
1.036137037
1.018402583
1.038428492
1.086783671
1.007195567
0.799549132
0.8220002927
1.302388362
1.278546303
1.201204674
1.371898019
0.9081778802
0.7073134099
1.361334353
2.185559019
1.020966669
1.039645486
0.7311362499
0.9693978191
0.9997644642
0.9833882801
0.7575445099
1.094580364
1.943792345
0.8327368574
0.7110143637
0.3199321612
0.5003612817
0.5315055874
0.7587104657
1.12971076
1.81780491
1.011733984
0.6063680463
0.678970085
0.6889376392
0.851203113
0.960677942
0.9713069836
0.9818466597
0.966532868
0.9512799441
0.9647515907
0.8858215101
0.9036020173
0.9470191727
0.7901928791
0.6191427602
0.5973715471
0.8022981664
0.5836549285
0.5731448502
0.5565283411
0.5205440947
0.4152287985
0.3428598944
0.286739994
0.2371675342
0.7808186633
0.3002272836
0.9355524024
2.544553093
3.167273998
1.92278547
0.5234196931
0.8320143779
1.011456889
0.9040746319
0.6326438279
0.7680008487
0.9637080046
0.8632111494
0.9199717284
0.8119161664
0.8399000147
0.8257974714
0.836986567
0.4065821374
0.3981433898
0.4569442469
0.5045928948
0.5226267276
0.5373611047
0.5027417056
0.4905865827
0.5159134604
0.4910440319
0.483916341
0.7653148308
1.686801388
1.799015904
3.465442884
0.9725240938
0.7678458199
1.037223982
0.8666189291
2.494382114
0.147673178
0.9001688733
0.4652015102
0.6033477887
0.585681836
2.243543623
0.4758383358
0.8326053795
0.2047106783
2.791758769
0.4421309839
0.7177500637
0.7963399327
0.7618226719
0.7041010599
0.6476384559
0.2809118328
0.7319533856
0.7545335192
0.8599189713
0.4598970649
0.4934955529
1.559059109
0.5747519325
0.5474607683
0.5487272642
0.7889046604
0.5978264329
0.6802518657
0.7123725723
0.7514705331
0.5855637762
0.6385528917
0.8345070608
0.528307397
0.5643364866
0.6243802676
0.4750748531
3.979542905
2.869266979
1.053516073
0.9787259827
1.066800277
1.049676626
0.9531309625
0.951378278
0.9368756855
0.7533733222
0.992166873
0.6919857591
0.8985820278
0.4884123951
0.5749606975
0.6384522687
0.9000230597
0.8496971648
1.611554022
2.142422847
3.829915968
3.685521829
2.363141005
0.8916912008
0.6034726873
0.8750858511
0.3756280625
0.5433893699
0.2229995309
0.3523001623
0.4210785725
0.6354134632
0.5327153124
0.3675199417
0.6391651374
0.7136725271
0.327066711
0.2044387533
0.2963439346
0.4450702544
1.144785368
2.754419743
2.118008357
1.048300898
0.6205576784
1.036410647
3.146181691
0.9405423468
0.9476099976
0.9290149346
0.6622122503
0.7834136357
0.5979573987
0.5453911248
0.6599664478
1.081576251
0.681618623
0.9880967055
0.9387659281
0.8947123629
0.8852120398
0.9254685564
0.7899842031
0.9782612615
1.385369058
0.6057405475
7.985231949
8.85808033
9.429393564
9.546749412
10.45738228
9.168402528
10.72211639
9.352139576
7.952336595
0.5660835239
12.22966743
2.547441082
0.7059227739
3.212202657
11.0517081
3.206340172
10.24584083
2.233425914
1.802658043
9.142398745
1.747622696
0.5316696592
10.70514021
0.6732442224
8.441360392
0.9379711898
8.246860512
10.75333518
0.4399610831
0.7881193007
9.711638844
9.845864855
14.28243838
9.781607868
11.24879276
9.657769968
3.651623199
9.606740551
0.6248958295
4.500307896
3.285383294
9.392050474
9.52120821
9.380004557
9.27098004
9.074150996
9.23977659
10.12173951
9.661211013
10.72774732
9.115251632
8.742815429
9.350140733
9.408300539
9.338013601
0.4857141344
7.955055458
2.228300932
13.62277468
0.9519466593
1.059696528
</DataArray>
<DataArray type="Float64" Name="velocity" NumberOfComponents="3" format="ascii">
13.38595863 -18.15130579 0.0
19.30730766 -11.67372423 0.0
7.096276116 -22.70233624 0.0
14.13837554 -17.83580293 0.0
0.2449709209 -24.5275222 0.0
0.8174859985 -25.85684474 0.0
2.85262194 -24.36277048 0.0
24.47210835 1.222235651 0.0
-0.3555143062 -25.88911952 0.0
0.2085685218 -26.5762069 0.0
1.363254761 -25.68214473 0.0
5.258106219 -3.397644762 0.0
5.792658348 -4.629698116 0.0
2.48444116 -2.413275391 0.0
-3.825228509 -4.838899968 0.0
1.354166522 -1.365270147 0.0
7.143811669 -7.456692694 0.0
7.208059389 -6.217310109 0.0
-1.881353902 -3.090105559 0.0
3.627564156 -2.796298642 0.0
7.447166977 -7.202918555 0.0
4.320884356 -3.713670373 0.0
20.95575177 -19.78203285 0.0
0.7702628071 -26.07446458 0.0
7.006155731 -6.525090294 0.0
5.426126428 -3.755680517 0.0
-1.213335589 -2.648706337 0.0
3.02664404 -2.636508217 0.0
2.865452579 0.6107061619 0.0
1.16546954 0.2749363306 0.0
4.541953265 -3.665870166 0.0
4.823937187 -3.570774261 0.0
1.641211131 -0.4219645598 0.0
1.610426003 -1.067982347 0.0
4.20232449 -3.956690727 0.0
1.550438877 -2.480676592 0.0
5.334204813 -4.380283656 0.0
1.794777587 -25.41763996 0.0
12.50219736 -12.17168413 0.0
5.435996161 -5.609757547 0.0
1.413807365 -0.0865658558 0.0
3.714052643 -8.931996756 0.0
-0.9438123482 -1.879400867 0.0
6.449180472 -5.647256776 0.0
6.087195056 -3.357753896 0.0
0.4991550745 0.162196284 0.0
-1.825376487 -2.124621451 0.0
-0.4069665078 -1.961970708 0.0
0.7493672717 -2.218426046 0.0
0.5436039229 -3.247600414 0.0
3.727147719 2.681888383 0.0
5.802405946 -5.94301788 0.0
3.266483932 -3.624161216 0.0
-0.6582993904 -3.247891862 0.0
4.252538013 -3.218521353 0.0
5.156521756 -4.092786781 0.0
1.930891989 -4.063144892 0.0
15.4028039 -22.71627025 0.0
21.6793429 -20.1674799 0.0
7.697520888 -8.118402621 0.0
0.1726905952 -26.27139572 0.0
22.1786327 -13.88632881 0.0
22.47196325 -17.50099423 0.0
21.89585607 -9.305385092 0.0
1.02903785 -25.43409966 0.0
0.9049921225 -25.88191538 0.0
-5.846411707 -6.976435378 0.0
19.76904267 -16.81580333 0.0
-2.996805429 -4.200244927 0.0
7.994994074 2.670059232 0.0
16.6013352 -4.640300709 0.0
20.44690659 -12.78722707 0.0
21.81415811 -17.65660076 0.0
22.17944999 -18.72216207 0.0
14.98643062 -14.04633163 0.0
17.71872374 -20.09597685 0.0
12.96758857 -18.80025368 0.0
1.983175102 -2.263822999 0.0
5.948794163 -19.00667213 0.0
-4.011666812 -4.703846524 0.0
-3.645784252 -7.560909376 0.0
-2.228357821 -7.838954779 0.0
-1.124688787 -8.15468546 0.0
0.1704845625 -9.073005733 0.0
1.130218416 -11.44936318 0.0
2.084489583 -10.68848984 0.0
3.241523233 -10.09323678 0.0
4.412268366 -9.305260351 0.0
5.666846997 -8.917831227 0.0
7.037114273 -8.19577439 0.0
8.128983046 -7.802030319 0.0
9.012117228 -8.470811358 0.0
9.459420276 -9.788047507 0.0
16.56496655 0.4486593694 0.0
21.33494708 -7.741929207 0.0
22.70687057 -14.99262994 0.0
22.61193079 -17.99388123 0.0
22.57208179 -19.08749987 0.0
7.587878804 -7.74352701 0.0
21.2753311 -20.01572598 0.0
21.88872173 -20.37350237 0.0
-0.6821718558 -3.400681494 0.0
8.850894123 -23.15484339 0.0
-4.366612427 -14.75958762 0.0
-5.267755135 -7.186749503 0.0
-2.198512013 -16.26458356 0.0
-0.9158444371 -16.73240261 0.0
0.1602363684 -17.39993706 0.0
0.9258615157 -18.40879154 0.0
1.364140319 -20.61443054 0.0
0.9805968584 -19.99038731 0.0
0.9378550084 -18.93267791 0.0
1.76979664 -17.69029853 0.0
2.907381769 -16.56517666 0.0
4.322805515 -15.21709359 0.0
5.691403469 -14.34418721 0.0
7.212780049 -13.95365471 0.0
8.723945572 -14.10041725 0.0
21.52655225 -3.661439594 0.0
23.22803968 -10.76619074 0.0
23.04123507 -15.36516931 0.0
22.62078995 -18.0349611 0.0
22.46408785 -18.92942474 0.0
21.62015694 -20.63875321 0.0
19.26177989 -21.59920051 0.0
-2.598004891 -6.526339031 0.0
9.078578197 -23.48726212 0.0
-3.809906066 -15.4980259 0.0
0.3175101559 -23.96493133 0.0
1.011536191 -23.82237195 0.0
1.19794972 -24.46381075 0.0
1.032323466 -26.17309822 0.0
0.05249689148 -26.36277316 0.0
-0.4824615791 -26.87792372 0.0
-0.720097751 -26.22212989 0.0
-0.5700957316 -24.69441949 0.0
-0.068566016 -22.03214084 0.0
0.5732145261 -21.45403419 0.0
1.589746116 -21.41731268 0.0
3.089277233 -21.67381022 0.0
23.04642474 -10.90336118 0.0
22.80973562 -14.92726535 0.0
22.5728437 -17.78386894 0.0
14.89643567 -21.94497533 0.0
19.6490085 -21.84709207 0.0
-1.569632371 -15.2488313 0.0
8.402384278 -23.09732633 0.0
-0.5333480914 -23.67230363 0.0
0.2368706149 -26.4163499 0.0
1.126796872 -25.7708523 0.0
0.9047675508 -26.98614551 0.0
-0.03743150591 -27.29292739 0.0
-0.7912561119 -28.00573179 0.0
-1.178340521 -25.654183 0.0
-0.9762020222 -25.50171726 0.0
-0.7926854193 -25.83570881 0.0
14.07208337 -21.54691552 0.0
14.98532082 -22.20006726 0.0
23.90553516 -5.989691207 0.0
22.81239142 -10.36209746 0.0
22.55667827 -17.6436335 0.0
19.33925235 -21.53477285 0.0
14.49637052 -21.89491536 0.0
2.058848599 -23.08101851 0.0
-0.8169011032 -23.22882022 0.0
0.8277828696 -24.0465569 0.0
0.6739110916 -25.67985198 0.0
1.053220939 -25.70630609 0.0
-0.6664970239 -26.59467039 0.0
-1.305093979 -26.73882655 0.0
-1.225686698 -26.72758696 0.0
21.57433475 -20.15536469 0.0
0.03112043769 -26.7554905 0.0
0.7272515831 -26.16119758 0.0
0.1533955228 -26.7739353 0.0
-1.097222703 -26.98598473 0.0
23.77137254 -5.509502227 0.0
23.68326316 -5.079837814 0.0
22.66186741 -14.43898305 0.0
22.37504529 -18.80952986 0.0
22.32365294 -18.77263958 0.0
21.44362975 -20.10265662 0.0
19.02335657 -21.40196594 0.0
2.443079711 -25.61612382 0.0
-0.09304913426 -26.94894511 0.0
0.6741146544 -26.15868315 0.0
0.6520059364 -26.00859996 0.0
1.010961161 -25.21693182 0.0
0.7000868663 -25.96235348 0.0
0.6601703256 -25.6568845 0.0
-1.331460575 -27.60552228 0.0
-1.409173067 -26.97709108 0.0
-1.087682851 -26.47324417 0.0
-0.4296971131 -26.10754541 0.0
-1.17723554 -26.85057009 0.0
22.73429921 -14.65277822 0.0
-1.088119485 -26.48929162 0.0
22.65355047 -10.10676509 0.0
22.26322278 -18.70806912 0.0
21.34596722 -20.03312004 0.0
18.729946 -21.23671752 0.0
7.932657762 -22.83266661 0.0
-0.2647935814 -26.55454616 0.0
0.06034651164 -26.48810941 0.0
0.6631180992 -25.97118802 0.0
0.9659140125 -25.5593869 0.0
0.9073563307 -26.25120028 0.0
0.04294755548 -26.46182634 0.0
0.8806947298 -25.92531552 0.0
-0.6236318836 -26.2133538 0.0
-1.270582891 -26.68846257 0.0
-1.027239105 -26.33748037 0.0
-1.207224262 -26.3778648 0.0
-0.6693885547 -26.15435262 0.0
23.64127293 -4.923718206 0.0
1.494087648 -25.31498239 0.0
0.6610106916 -25.67961856 0.0
0.8334464126 -26.04105359 0.0
-1.078393409 -26.28413877 0.0
-1.132293987 -26.53828991 0.0
-0.8941049701 -26.15196359 0.0
-0.6815160253 -25.88759463 0.0
23.57205684 -4.794768017 0.0
22.46427298 -9.900312239 0.0
22.50046924 -14.25732199 0.0
22.23922675 -17.34087647 0.0
22.20165874 -18.64266525 0.0
18.48796407 -21.05274964 0.0
13.71993193 -21.16217194 0.0
7.54085229 -22.67696741 0.0
1.00251864 -25.21469783 0.0
-0.3356429726 -26.45218274 0.0
0.07821009277 -26.28799354 0.0
0.6797143351 -25.96012501 0.0
0.9490338238 -25.39774226 0.0
0.6666004421 -25.68660928 0.0
1.014984402 -25.36847173 0.0
0.02905209251 -26.09925256 0.0
-0.7043628733 -26.36508853 0.0
-0.8047406352 -26.50348164 0.0
-1.225763862 -26.50206253 0.0
-1.130284034 -26.22764317 0.0
-0.9336416183 -26.04970259 0.0
-0.3908570389 -25.8607501 0.0
-0.3162442218 -25.89737922 0.0
18.1917754 -20.83911613 0.0
22.27289967 -9.74527952 0.0
22.35309951 -17.43131412 0.0
22.34218751 -14.08288048 0.0
22.12912438 -17.21840958 0.0
22.13570283 -18.57918083 0.0
21.25180988 -19.97145101 0.0
17.79963167 -20.58662939 0.0
13.342909 -20.77444996 0.0
1.280103756 -25.2856987 0.0
7.148068675 -22.59948588 0.0
0.7536422122 -25.0667728 0.0
-0.3674906746 -26.43720778 0.0
0.1221497083 -26.23383889 0.0
0.9409137283 -25.29843512 0.0
0.9600131196 -25.39473125 0.0
-0.03801762966 -26.17940095 0.0
-0.8810731246 -26.5328231 0.0
-1.222927721 -26.42343839 0.0
-1.126393189 -26.54151913 0.0
-1.080947159 -26.22435734 0.0
-0.859967186 -26.03315838 0.0
-0.605689933 -25.9031855 0.0
-0.2481145249 -25.94994486 0.0
22.07967366 -9.549077293 0.0
22.01039861 -17.08280731 0.0
22.05970886 -18.51498158 0.0
21.11906648 -19.89119775 0.0
17.32762346 -20.30791756 0.0
12.9008773 -20.37185901 0.0
6.672285064 -22.57093275 0.0
0.5440118632 -25.14082174 0.0
-0.3873837361 -26.47761193 0.0
0.7060142542 -25.95252196 0.0
0.9331836667 -25.29376177 0.0
0.8031117858 -25.41934132 0.0
-0.121212817 -26.30264044 0.0
0.7659737286 -26.11342751 0.0
-0.936803157 -26.53747412 0.0
-1.200745232 -26.4226423 0.0
-1.114367038 -26.39967775 0.0
-1.022238583 -26.22496939 0.0
-0.7880780068 -26.03665668 0.0
-0.5337837227 -25.92789583 0.0
23.5366044 -4.617972836 0.0
0.9189471389 -25.30026931 0.0
-0.2709146963 -25.85805441 0.0
21.96863844 -18.44875816 0.0
16.7891348 -19.99021737 0.0
12.36929443 -19.94257324 0.0
6.062560542 -22.62442073 0.0
-0.3984217061 -26.61307688 0.0
0.7479642244 -25.9414103 0.0
0.6767445176 -25.69322183 0.0
0.8880782273 -25.41513254 0.0
0.6912826654 -25.42267088 0.0
-0.2177457347 -26.37275595 0.0
0.6724329646 -26.16572288 0.0
-1.1632494 -26.41983698 0.0
-0.8211588842 -26.13423441 0.0
-0.6847563621 -26.00041487 0.0
-0.4203916142 -25.9033341 0.0
-0.1280997093 -25.9500839 0.0
22.00347268 -13.6730956 0.0
21.85790261 -18.38154996 0.0
0.2308538914 -26.28694929 0.0
-1.129978587 -26.53059243 0.0
23.50207916 -4.373958138 0.0
21.65491934 -8.626502489 0.0
21.80772996 -13.44519353 0.0
21.86947033 -16.94253396 0.0
21.71761932 -18.31393668 0.0
20.75837291 -19.64631126 0.0
11.71441663 -19.51815357 0.0
0.3235974865 -25.32434562 0.0
-0.3937334724 -26.68471303 0.0
0.4166022591 -26.20975318 0.0
0.802815514 -25.92822525 0.0
0.8878605547 -25.29891052 0.0
0.6883377903 -25.70349371 0.0
-0.3238843927 -26.41659463 0.0
0.3454457813 -26.30611254 0.0
-0.9811794479 -26.57039357 0.0
-1.119451046 -26.53073823 0.0
-0.9368910934 -26.1901784 0.0
-1.040765715 -26.3634835 0.0
0.03108359695 -25.93223934 0.0
5.201722889 -22.69935145 0.0
0.8105573625 -25.30484668 0.0
0.5389075369 -26.22856353 0.0
0.2180062075 -25.924962 0.0
-0.4844296116 -25.9821044 0.0
23.47340501 -4.061479157 0.0
21.74096734 -9.002098997 0.0
21.69738562 -8.167955581 0.0
21.61308071 -13.20477577 0.0
21.72095244 -16.80220069 0.0
21.52596022 -18.24190601 0.0
20.51591088 -19.49674535 0.0
16.1781784 -19.61981448 0.0
2.649557136 -23.01320504 0.0
0.07881581481 -25.45387681 0.0
0.3120811643 -26.25688665 0.0
-0.3614139754 -26.70180283 0.0
0.5352969816 -26.16094113 0.0
0.865794108 -25.91434871 0.0
0.8584954145 -25.29486548 0.0
0.6958627209 -25.71938156 0.0
0.543381983 -25.43376898 0.0
-0.4363734401 -26.46761029 0.0
-0.6377525812 -26.59190998 0.0
-1.017510651 -26.60532705 0.0
-1.077503228 -26.52043405 0.0
-0.9256559346 -26.3117715 0.0
-0.5491400961 -25.94046572 0.0
-0.3816707291 -25.87073578 0.0
-0.08967036116 -25.81345964 0.0
0.4277936638 -25.93919859 0.0
23.46023819 -3.669821291 0.0
21.9244219 -7.609520478 0.0
21.43936004 -12.94878544 0.0
21.56244405 -16.66730637 0.0
20.21024167 -19.32060454 0.0
10.91125098 -19.19039942 0.0
15.49274235 -19.19525971 0.0
4.053961542 -22.84646387 0.0
-0.2582700626 -25.51183294 0.0
-0.2355629442 -26.64327995 0.0
0.6805831163 -26.07462258 0.0
0.928693728 -25.90092855 0.0
0.8375291452 -25.29556746 0.0
0.7051467026 -25.74203733 0.0
0.3525061386 -25.45716968 0.0
-0.5449941557 -26.52998398 0.0
0.1023280562 -26.38971998 0.0
-0.6998363024 -26.64827083 0.0
-1.036152031 -26.61137638 0.0
-0.9872303785 -26.48939519 0.0
-0.6718622418 -26.0655394 0.0
-0.7703384685 -26.24877721 0.0
-0.2506541575 -25.87889509 0.0
-0.1774490633 -25.79264225 0.0
0.1253600118 -25.77665388 0.0
0.6458955948 -25.98681234 0.0
23.04101968 -2.648922204 0.0
23.45117275 -3.202524352 0.0
19.80821662 -19.13141461 0.0
9.907232444 -19.07977335 0.0
14.70282764 -18.65950239 0.0
-0.5808427084 -25.67743286 0.0
-0.03558146541 -26.46959116 0.0
0.9869573431 -25.88943435 0.0
0.7180124943 -25.77163731 0.0
0.7729549741 -25.32459629 0.0
0.1154042528 -25.49870847 0.0
-0.1795081359 -26.46623521 0.0
-0.8447886415 -26.44242002 0.0
-0.5645048906 -26.16611679 0.0
0.06802641229 -25.70799076 0.0
0.3710385311 -25.758024 0.0
21.27454478 -18.16471693 0.0
21.27945082 -12.66434519 0.0
21.39593811 -16.54792106 0.0
8.6774928 -19.26540214 0.0
1.396606977 -22.64835318 0.0
-1.018585647 -26.60732389 0.0
20.40436708 -9.301943157 0.0
3.356777505 -25.49123003 0.0
24.47449926 1.67763632 0.0
17.14711898 -15.25011941 0.0
7.744516619 -21.86382297 0.0
17.13708539 -11.23842172 0.0
24.33346441 -1.851184709 0.0
15.84838927 -14.97874994 0.0
12.54801326 -18.00438048 0.0
22.37265028 -5.415644756 0.0
11.54961357 -19.26028874 0.0
10.52559962 -19.16965823 0.0
15.64167691 -16.2815314 0.0
25.30731589 0.89365577 0.0
24.68223862 1.284138853 0.0
16.6824775 -15.78282317 0.0
-1.321436197 -25.84389196 0.0
0.1971706781 -25.76392434 0.0
5.587486742 -23.98190212 0.0
12.35455451 -19.79399207 0.0
0.6031340001 -26.75173667 0.0
0.5152994937 -26.74358497 0.0
0.6933690248 -26.0269819 0.0
1.685016454 -25.52055742 0.0
1.505480975 -25.53939005 0.0
0.101896469 -26.57739274 0.0
0.745823803 -26.78125291 0.0
24.387614 1.24154 0.0
25.83353379 1.804485503 0.0
25.05556204 -2.028582968 0.0
20.78181627 -5.990566204 0.0
18.23111956 -9.344305405 0.0
2.549860059 -25.53771951 0.0
3.009294505 -23.90230051 0.0
1.289199713 -23.25963228 0.0
-1.635008412 -25.74126669 0.0
1.377694778 -28.58616722 0.0
15.32943144 -16.48571036 0.0
6.965607555 -22.25394438 0.0
7.953386504 -20.42357335 0.0
14.90039971 -14.71955641 0.0
11.69544836 -17.64949385 0.0
0.5855727754 -26.324465 0.0
0.4773148917 -26.65389343 0.0
1.25615302 -26.21176856 0.0
1.382692606 -25.54829155 0.0
1.55339656 -25.62528735 0.0
0.8240953701 -25.83893204 0.0
-0.4906167325 -25.95645521 0.0
0.3739327988 -26.27829936 0.0
1.581858434 -25.50843119 0.0
2.614095357 -24.38055005 0.0
1.96439578 -23.94884595 0.0
0.7122188019 -24.21646416 0.0
-1.219934671 -25.586197 0.0
0.6125791372 -25.66155054 0.0
5.213019756 -24.09074223 0.0
12.04031736 -20.02500248 0.0
18.96679232 -14.87178125 0.0
20.96706838 -10.22855664 0.0
23.46039042 -3.157320008 0.0
24.91083121 1.074461693 0.0
2.394226845 -22.79090428 0.0
4.280503184 -25.76976141 0.0
3.079082568 -28.07803238 0.0
2.649509378 -28.17215341 0.0
-0.5086264211 -25.48706036 0.0
-1.385102141 -26.59583473 0.0
-0.7745495804 -25.87929524 0.0
-0.3071360021 -25.56169766 0.0
1.394554978 -25.4577011 0.0
1.557924225 -25.65585691 0.0
1.458566993 -25.93737904 0.0
0.02388548777 -26.39686457 0.0
0.8076969378 -26.52152718 0.0
22.37864978 -2.590295292 0.0
15.94762195 -12.92091107 0.0
19.99926448 -7.657572244 0.0
-1.48027082 -25.61242549 0.0
4.620438235 -25.85320725 0.0
1.741668155 -22.66756931 0.0
2.613046466 -23.7735515 0.0
0.04453975599 -26.48512959 0.0
0.4891122037 -26.6932959 0.0
20.52536065 -10.32417087 0.0
18.12579097 -14.9113901 0.0
3.027635561 -24.11930674 0.0
2.230375457 -25.27250009 0.0
0.811211655 -26.3004582 0.0
2.418939175 -26.40400694 0.0
26.20365308 2.129045895 0.0
24.13869467 0.611941596 0.0
-1.642144756 -26.76604497 0.0
-1.126309993 -26.36462865 0.0
26.72517693 -1.453880113 0.0
0.2709726293 -25.76431917 0.0
0.99297061 -25.60597049 0.0
1.539607366 -25.45238933 0.0
1.246566172 -25.62059617 0.0
1.589874539 -25.42481316 0.0
1.393991466 -26.01939229 0.0
1.322592715 -26.24892149 0.0
0.7889856958 -23.82014095 0.0
23.81379483 -2.935613384 0.0
21.1160247 -10.32055357 0.0
17.61376623 -16.01013068 0.0
18.25083413 -16.46545792 0.0
12.37029594 -19.84276759 0.0
1.506975883 -24.16618679 0.0
2.331599727 -24.62854862 0.0
0.2932663012 -26.01388356 0.0
-1.053572908 -25.94822915 0.0
-1.261365361 -25.96705921 0.0
1.264495581 -25.79120976 0.0
1.251530541 -25.97735895 0.0
0.7255037605 -26.57892284 0.0
0.5759045434 -26.51962687 0.0
7.079213357 -21.1036094 0.0
-0.3123400849 -24.09537521 0.0
3.087914797 -26.97163901 0.0
2.703066488 -28.04321834 0.0
3.611593205 -27.65851442 0.0
1.193684235 -25.22113635 0.0
1.957804832 -22.16701271 0.0
2.110761829 -24.16002034 0.0
2.414243215 -27.28238245 0.0
0.4080271652 -25.10937062 0.0
1.401962127 -25.55707876 0.0
1.183992357 -25.42257591 0.0
1.37764787 -25.67596283 0.0
1.633984397 -26.18617775 0.0
0.1702294258 -26.29284273 0.0
27.89568618 -2.222767657 0.0
26.52711792 1.508109676 0.0
23.78202772 0.06369985294 0.0
12.31120124 -15.93124697 0.0
8.302371543 -18.34100016 0.0
24.6083952 0.3043142425 0.0
24.32593342 -2.095225203 0.0
18.30101973 -7.653883413 0.0
15.64660972 -12.35095 0.0
12.78254012 -15.7536129 0.0
-1.882136744 -27.12632582 0.0
0.6338203011 -24.16509519 0.0
24.47023405 -3.041574722 0.0
0.6358170759 -26.57917262 0.0
0.6738498035 -26.58533751 0.0
0.8874154051 -26.39948959 0.0
1.26554332 -25.75276288 0.0
1.334117976 -25.40301226 0.0
1.289126329 -25.59969783 0.0
-0.01892831408 -26.29739981 0.0
-1.248733103 -26.32358413 0.0
-0.3988758172 -25.93821105 0.0
0.3231553521 -25.95030747 0.0
1.266710085 -25.72038609 0.0
2.018372304 -25.02102527 0.0
1.118247542 -24.44439949 0.0
0.3848522462 -24.28650545 0.0
-1.055517633 -24.71036973 0.0
0.8165263104 -24.68391072 0.0
6.275740838 -23.10858491 0.0
13.30572121 -19.46154922 0.0
19.66740195 -15.55422328 0.0
21.20094224 -10.51719239 0.0
23.69117657 -3.908612391 0.0
25.06415506 0.3585350764 0.0
-0.906159414 -24.57388077 0.0
2.170070733 -27.9952165 0.0
4.232635738 -27.74812783 0.0
3.102940966 -24.80192214 0.0
2.077520366 -21.81588762 0.0
0.6956828803 -24.32318888 0.0
1.728044063 -27.82299388 0.0
-0.8356723235 -27.3647871 0.0
1.532008776 -25.59882341 0.0
1.14287488 -25.38652231 0.0
1.082485769 -25.75992204 0.0
1.829049443 -26.52427495 0.0
0.2601165445 -26.25809009 0.0
0.8365699149 -26.16967366 0.0
23.66837477 -0.4109055877 0.0
26.80986866 0.3090290007 0.0
28.08510589 -2.799698731 0.0
26.11095732 -1.557448037 0.0
24.87865167 0.8307296783 0.0
21.98743067 -2.520890682 0.0
18.7651851 -7.25448954 0.0
15.76074926 -12.21120403 0.0
12.4738192 -15.83035299 0.0
-1.048082149 -26.16593151 0.0
5.491866939 -23.9192456 0.0
0.6770183239 -25.50562612 0.0
26.40741518 -2.169358819 0.0
26.79186956 0.4167507572 0.0
25.0683481 0.7010446161 0.0
23.49369195 -3.52255828 0.0
-0.2661838488 -26.96031111 0.0
3.480893143 -21.52525734 0.0
2.193189593 -24.88553349 0.0
9.033736675 -18.60916156 0.0
1.518491603 -25.47887193 0.0
0.7366474173 -26.54977948 0.0
0.8442155506 -26.50091366 0.0
1.002046182 -26.17096537 0.0
1.225655361 -25.55833271 0.0
1.404968989 -25.44015113 0.0
0.9325698364 -25.76301755 0.0
0.4114227669 -26.16790059 0.0
-0.2929407231 -26.47388032 0.0
-1.270043065 -26.41982049 0.0
-1.228970775 -25.88400381 0.0
-0.07117609942 -25.75965306 0.0
0.4481087713 -25.96168002 0.0
1.208358565 -25.77918069 0.0
1.728915081 -25.33488357 0.0
0.8019829773 -24.80841973 0.0
0.07593812425 -24.57361422 0.0
-1.007252367 -24.63288464 0.0
1.144104809 -23.57747503 0.0
7.56306677 -21.59888687 0.0
14.55062139 -19.10088835 0.0
19.28467696 -17.2554033 0.0
19.90442192 -15.88730253 0.0
21.24207137 -10.76460157 0.0
23.79876112 -4.368782273 0.0
24.91251649 -0.02407655954 0.0
0.9260469241 -26.21759441 0.0
0.6134217986 -26.43614168 0.0
1.181033308 -24.75896682 0.0
0.9908867588 -28.18542623 0.0
1.989292387 -26.50767668 0.0
23.35543998 -0.7396870317 0.0
26.74680596 -1.427127445 0.0
28.08977528 -2.589999533 0.0
25.56512018 -0.06138488522 0.0
24.70322652 0.8947977816 0.0
26.86824721 0.4259208693 0.0
24.09510316 -0.4691031362 0.0
20.0206914 -1.886140792 0.0
21.29475535 -5.142785702 0.0
1.126996603 -23.24054322 0.0
7.512074945 -20.09808806 0.0
16.68275415 -10.48945078 0.0
11.73949398 -14.19358601 0.0
1.894273588 -26.73081165 0.0
0.6668807615 -25.66328592 0.0
1.356516193 -25.27906186 0.0
1.52660239 -25.72361412 0.0
1.901516246 -24.63174967 0.0
0.8343832252 -27.23115179 0.0
-1.000068395 -24.61408986 0.0
1.923971713 -21.19580454 0.0
5.209048047 -24.25779384 0.0
4.970994051 -28.05813914 0.0
1.622238695 -28.1045702 0.0
0.358843715 -25.95677835 0.0
0.5586254449 -26.65512225 0.0
0.8582183389 -25.98200349 0.0
-1.3290198 -25.96439286 0.0
-0.7745424341 -26.1408594 0.0
0.3604413302 -26.07454091 0.0
2.705132635 -17.70810372 0.0
0.8282531446 -26.52446009 0.0
0.9326804742 -26.40175355 0.0
1.04768908 -25.90053869 0.0
1.047522256 -25.42563501 0.0
0.8319722174 -25.5654441 0.0
0.5162215444 -25.9414109 0.0
-0.01758399142 -26.32961756 0.0
-0.4894411502 -26.59846396 0.0
-1.053627633 -25.78904016 0.0
0.206733725 -25.61621822 0.0
0.5668647919 -25.93321817 0.0
1.174267523 -25.81707417 0.0
1.486433319 -25.5404217 0.0
0.5958533034 -25.15351977 0.0
-0.3037019807 -24.90058434 0.0
-0.9395235368 -24.30269115 0.0
1.617603376 -22.27688893 0.0
9.083271643 -20.00278299 0.0
15.85746449 -18.94724315 0.0
19.74203886 -17.50032428 0.0
20.19915989 -16.10757708 0.0
21.24662945 -11.10634783 0.0
23.7382116 -4.933370357 0.0
1.954141302 -26.75667929 0.0
2.270238186 -24.24362547 0.0
1.153084449 -28.88731788 0.0
-1.163746881 -24.37925781 0.0
-0.5077381427 -26.98336886 0.0
26.79902015 0.2101119095 0.0
24.45059962 0.6670493734 0.0
26.27592671 -3.256847263 0.0
24.76750204 -1.026345551 0.0
15.4558412 -9.380579082 0.0
20.19593522 -4.134536618 0.0
1.110901566 -26.14229861 0.0
0.9477927413 -26.38269614 0.0
1.828780876 -25.16151273 0.0
1.422347847 -26.01290521 0.0
-1.243585753 -24.09165704 0.0
-0.1959246999 -26.84159599 0.0
0.5714442888 -23.22491049 0.0
28.12716132 -1.921276285 0.0
25.20577757 1.59425199 0.0
24.11744192 -0.5684121471 0.0
24.52581994 -0.4279869519 0.0
19.41626009 -15.16941254 0.0
20.539203 -16.23304894 0.0
18.78859332 -16.91254972 0.0
-0.6766849892 -23.9476956 0.0
-0.6536156763 -25.19866915 0.0
-1.171836506 -24.91321051 0.0
1.270048492 -25.69101322 0.0
0.4424079897 -25.50012333 0.0
1.382028578 -25.61226653 0.0
-0.7982605782 -25.77098853 0.0
-1.219495427 -26.48400529 0.0
-1.102382657 -26.53010268 0.0
0.09452869215 -26.11012922 0.0
0.4677231608 -25.72430003 0.0
1.13464644 -25.44445966 0.0
0.9486090481 -25.64553726 0.0
0.9283643979 -26.45180672 0.0
1.201045379 -26.09067413 0.0
1.236635899 -25.97148869 0.0
0.08189978512 -25.44338139 0.0
2.563181331 -26.93443824 0.0
0.5609534253 -28.32709457 0.0
-2.844909878 -24.77531649 0.0
1.655226237 -20.4231593 0.0
8.125110153 -23.18455379 0.0
6.112608487 -28.40618498 0.0
0.6368489858 -28.07857587 0.0
-1.745055479 -25.5177753 0.0
0.9090222943 -19.184613 0.0
2.57723718 -24.06715061 0.0
6.893611433 -18.0593372 0.0
11.5160887 -13.91812777 0.0
21.98528044 -1.614026051 0.0
25.92984534 -4.985314247 0.0
27.89187551 -1.103312818 0.0
24.18641019 0.3766910381 0.0
26.77053946 0.176342013 0.0
23.64629227 -0.7599381765 0.0
21.16573041 -2.337279622 0.0
25.95187483 0.07241513226 0.0
24.07244978 -1.961125817 0.0
23.67060996 -2.286658763 0.0
18.68116027 -6.307616393 0.0
13.89809351 -7.646165648 0.0
23.46323116 -5.551875835 0.0
21.19326992 -11.50746724 0.0
-0.5027408909 -25.00654184 0.0
2.582131865 -25.05813492 0.0
4.382492845 -26.40116693 0.0
0.2660684111 -28.10132599 0.0
-4.633701233 -24.87476064 0.0
1.035760324 -19.46483819 0.0
7.565734952 -27.53437801 0.0
6.929455636 -23.75451498 0.0
-3.994280699 -25.2295744 0.0
0.9827362797 -19.37313764 0.0
0.9983530975 -27.68075161 0.0
2.387765543 -23.58295363 0.0
5.68294271 -19.73089887 0.0
21.32903527 -1.255983008 0.0
17.11008692 -18.86636201 0.0
10.70101475 -18.78797003 0.0
0.9495859215 -26.30255099 0.0
0.8822635258 -25.90585455 0.0
0.6967687414 -25.57541025 0.0
0.412825718 -25.59653659 0.0
0.08753816702 -25.8906362 0.0
-0.2904260661 -26.25365171 0.0
-0.6752473778 -26.54123391 0.0
-0.7047419112 -26.69713503 0.0
-0.8554018406 -26.5496997 0.0
-0.4975058903 -25.6660847 0.0
0.6108560404 -25.41830218 0.0
0.7135220755 -25.84833553 0.0
1.102540758 -25.8719473 0.0
1.0664979 -25.80544184 0.0
0.2692736979 -25.76134415 0.0
-0.8339924156 -25.67757748 0.0
-0.02558372368 -23.71193111 0.0
4.831809292 -20.52520061 0.0
12.25778262 -18.18818317 0.0
18.22930209 -18.88721993 0.0
20.57069263 -17.87794564 0.0
20.89271884 -16.32447713 0.0
21.14402444 -11.92053475 0.0
22.94482922 -6.21194447 0.0
23.50363543 -1.427534924 0.0
1.911071107 -26.65809098 0.0
1.155204308 -26.38858408 0.0
2.360901677 -23.59093244 0.0
-1.183364493 -23.81103824 0.0
-0.008859318993 -26.81835835 0.0
1.758015515 -23.12098258 0.0
0.6902103361 -28.493668 0.0
1.188063563 -24.81906598 0.0
7.903802662 -6.576648969 0.0
20.01123123 -1.924363197 0.0
25.30743504 -6.369639881 0.0
27.56997164 -0.4381067573 0.0
25.10015914 4.339966164 0.0
23.43387874 0.09861371257 0.0
26.8152235 0.1370848073 0.0
22.89538602 -0.8163648532 0.0
18.99301827 -3.344754473 0.0
25.19162827 -2.541164123 0.0
24.81809568 -1.108990303 0.0
25.51569502 -5.57675174 0.0
22.35671377 -4.105922686 0.0
21.1656308 0.1516387525 0.0
26.1919753 0.5733980583 0.0
25.13852187 3.149683934 0.0
1.284994736 -26.07909363 0.0
1.488284466 -24.45702902 0.0
1.766032775 -26.63968748 0.0
-1.093523903 -23.59772467 0.0
3.491524605 -24.59616508 0.0
0.7018760314 -26.75427101 0.0
2.584586097 -23.00584879 0.0
6.041706217 -25.60702843 0.0
0.2223783542 -27.77872761 0.0
-6.32248758 -24.56558669 0.0
8.87349658 -21.23408953 0.0
9.108577047 -25.37494744 0.0
0.1006938814 -27.14930579 0.0
-5.604356452 -25.01944434 0.0
-1.285629507 -23.23253012 0.0
0.14317432 -26.85874328 0.0
-0.6253420186 -26.67272519 0.0
0.4504823019 -25.45209369 0.0
-0.7779734532 -25.9602103 0.0
14.65694397 -3.945879285 0.0
19.97488705 -1.421773184 0.0
26.87727031 0.08948653563 0.0
19.47776462 0.5621321859 0.0
27.44145388 -0.03200970865 0.0
14.97820773 -1.685790118 0.0
1.352762617 -26.11827213 0.0
1.550071268 -26.6480768 0.0
-1.54107366 -18.77364396 0.0
4.184417051 -19.8916383 0.0
0.2182080482 -26.97814303 0.0
7.141035269 -20.44862952 0.0
-1.949630372 -20.26734446 0.0
2.739787126 -22.614733 0.0
3.266752459 -20.22065412 0.0
2.26645089 -17.03416287 0.0
3.331252043 -12.83037586 0.0
3.279240112 -28.82725469 0.0
-0.8090569863 -26.49967502 0.0
2.564208841 -7.658597179 0.0
24.82080806 -0.4220844212 0.0
15.88079962 2.575622899 0.0
23.44792498 -6.630093312 0.0
25.51204066 -0.9853268889 0.0
25.25806096 0.3933491727 0.0
28.69769282 6.090026917 0.0
2.758866536 -21.61456454 0.0
0.7141189444 -23.03403908 0.0
22.36891593 -6.939879508 0.0
6.993461135 -19.5952574 0.0
13.65875377 -18.23231356 0.0
-0.6140970613 -26.36601947 0.0
-0.3864693256 -26.45525199 0.0
0.8722908359 -25.91550743 0.0
-0.1808977933 -25.56894601 0.0
-0.8855773249 -26.59038628 0.0
0.9705297972 -26.18456349 0.0
0.6460079216 -25.78575295 0.0
0.3732431128 -25.62292842 0.0
0.05676971928 -25.74476661 0.0
23.14985833 -2.10043789 0.0
20.96153025 -18.05592089 0.0
0.716854233 -25.36101604 0.0
1.141876626 -25.85062953 0.0
-1.337485867 -13.76012747 0.0
-7.345083215 -19.59325859 0.0
3.098303391 -20.84301867 0.0
1.605445929 -19.55524373 0.0
20.2927922 5.241101863 0.0
20.25369786 -7.320274688 0.0
26.47445124 1.057256293 0.0
0.2700462327 -26.5824907 0.0
0.2125515323 -26.9250725 0.0
8.640983689 -16.99670526 0.0
0.009042647239 -17.78451948 0.0
10.40488314 -20.79913772 0.0
-0.0285644687 -26.75190994 0.0
-6.56529584 -19.76106031 0.0
-0.2739125423 -26.04500303 0.0
0.08469873718 -26.09552918 0.0
0.8477008389 -26.09919617 0.0
0.7569727754 -25.47344848 0.0
-0.7298287729 -26.68551323 0.0
-0.5164385795 -26.52491166 0.0
1.04925145 -25.88092101 0.0
19.18374907 -18.98188429 0.0
24.00947835 -0.8882597598 0.0
0.7305157459 -25.80801942 0.0
21.21041572 -16.44066834 0.0
21.1792695 -12.33315102 0.0
22.84423796 -1.191043667 0.0
20.17304483 -17.69820868 0.0
2.143630654 -27.03135735 0.0
0.8054598612 -26.19007465 0.0
0.1640134666 -27.62314519 0.0
0.6562131935 -25.89336549 0.0
22.21179597 -3.388800626 0.0
27.62701429 9.334748254 0.0
1.623869544 0.278492076 0.0
2.792977015 1.109876014 0.0
11.02621929 20.76471473 0.0
13.04692689 23.34772303 0.0
1.676421922 0.6216527161 0.0
1.248375431 0.5167312107 0.0
1.302719742 0.5120650414 0.0
11.95180891 21.74456368 0.0
2.114054338 0.5016465778 0.0
1.530159434 0.3951841183 0.0
2.459591923 1.606063143 0.0
2.077955349 0.6499242416 0.0
1.778735046 0.989692513 0.0
-4.480163933 -9.591553116 0.0
-2.823010432 -0.4234291685 0.0
-4.888182482 -8.73952382 0.0
12.44262398 24.65200099 0.0
15.8587075 15.41970257 0.0
15.17415791 14.88510264 0.0
-4.716776817 -6.321740472 0.0
2.318085349 0.3948507858 0.0
0.6745938297 1.124756472 0.0
2.370657871 0.8257905436 0.0
-0.7459657148 -0.252886375 0.0
-1.520617346 2.029783289 0.0
4.021416466 -2.055221657 0.0
3.61516672 -0.4889893302 0.0
2.560335682 -1.301816101 0.0
2.34756181 2.262830281 0.0
-5.238812789 -5.653821976 0.0
9.326777076 24.27062203 0.0
-6.439679954 1.057079726 0.0
-0.8327415512 -8.173455506 0.0
7.280514377 2.29592061 0.0
0.5426786979 3.007986509 0.0
-4.993320996 -4.146124846 0.0
2.344499628 6.956836276 0.0
21.14500873 27.60783719 0.0
17.26567367 29.12755735 0.0
7.197212179 22.37170022 0.0
-6.256323357 1.422800854 0.0
-6.07729758 -1.247345906 0.0
-4.931054342 -3.595892784 0.0
-3.770834513 -3.396981618 0.0
-0.6129885236 -6.343389997 0.0
2.457347807 3.768072351 0.0
3.329838953 2.747187042 0.0
0.02080932548 1.519159298 0.0
2.751870836 3.150844371 0.0
-4.81216332 -3.889692843 0.0
21.47478866 15.49497083 0.0
2.585815754 3.680930049 0.0
1.339339414 0.4591787197 0.0
1.338270797 0.5487058831 0.0
1.263117999 0.1587615481 0.0
1.732550824 0.2757720058 0.0
1.8840366 0.3023691445 0.0
1.604601909 0.5805327062 0.0
1.542992353 0.5418175198 0.0
2.345761273 0.4819373265 0.0
1.648040169 0.810911 0.0
1.486875938 0.6171651741 0.0
1.508175095 0.6131162324 0.0
1.308818152 0.6264845973 0.0
1.28360364 0.4236775198 0.0
1.555650297 0.9017088611 0.0
1.282875563 1.151392759 0.0
13.78480656 22.56730634 0.0
10.38396635 17.23184803 0.0
1.297234025 0.5327767252 0.0
3.516075979 4.338507363 0.0
1.446661373 0.6002114427 0.0
1.460757154 0.9225936199 0.0
1.389326926 0.4954217604 0.0
1.216723901 0.3413936156 0.0
7.946187053 15.9258471 0.0
1.07232923 1.920702928 0.0
2.131085473 0.7353893157 0.0
1.623097864 1.256896283 0.0
-3.205994138 -4.497819435 0.0
1.690960725 1.75123688 0.0
10.46492285 17.76192352 0.0
14.80911663 23.84898921 0.0
14.93448281 25.18224432 0.0
13.43312541 24.66852496 0.0
8.883253415 16.77654091 0.0
1.336315517 0.3176803916 0.0
1.208571571 0.3336058773 0.0
1.753512505 0.5745426516 0.0
1.41258323 0.6996159344 0.0
1.115914253 0.09931404714 0.0
2.716621393 2.618067423 0.0
4.841395998 8.666632226 0.0
12.64065456 24.23450706 0.0
13.8071694 23.29636677 0.0
12.95527607 22.29127577 0.0
14.59987045 23.92226819 0.0
8.209594608 14.42310087 0.0
5.612994433 8.602913005 0.0
14.93993217 23.82448918 0.0
13.07315692 23.95978315 0.0
1.764038377 1.144227442 0.0
1.982080542 0.728491566 0.0
2.132180231 3.224134642 0.0
1.01995685 -0.5611144059 0.0
1.390827876 0.5042013877 0.0
1.674854654 0.6250351915 0.0
1.354324356 1.333582359 0.0
1.868116942 1.42866456 0.0
13.52905502 25.11019166 0.0
-3.341722051 -4.907970605 0.0
-3.476913546 -6.61617989 0.0
5.215667123 5.43675859 0.0
-3.241156191 -8.262005876 0.0
3.080784913 4.085786345 0.0
13.72134776 20.23920656 0.0
14.52231832 24.65569458 0.0
13.81836005 26.65776031 0.0
14.47693327 21.3587823 0.0
12.36894249 16.81284827 0.0
-4.877158723 -7.38115862 0.0
-5.011436367 -6.029423474 0.0
-3.624851311 -3.994603603 0.0
1.107278568 0.1769474156 0.0
2.814112056 0.8933764613 0.0
2.084945429 0.4572134005 0.0
0.9886918486 0.3986017873 0.0
2.746897951 0.7510489563 0.0
1.346479711 0.9804384034 0.0
0.8693805 1.604817798 0.0
0.1780683127 1.3855167 0.0
2.079217422 1.234461471 0.0
-1.393666934 1.351337521 0.0
-4.322052803 2.7970318 0.0
-4.571835591 -2.036215566 0.0
-3.05688964 1.255449002 0.0
-4.999475143 -6.043942013 0.0
-5.066900416 -8.45110106 0.0
-4.85591513 -9.725033633 0.0
-5.118581381 -10.90979338 0.0
-6.715600114 -12.01365043 0.0
-9.887629679 -14.39998961 0.0
-10.15081089 -16.09845864 0.0
-5.309704362 -11.87008293 0.0
10.77823942 15.91762545 0.0
0.6430179582 -2.253200795 0.0
7.444158654 14.14013779 0.0
9.872116742 21.66606506 0.0
13.03782778 25.55410147 0.0
15.74426056 27.33899488 0.0
9.05457633 14.36527946 0.0
2.648041764 -1.702818416 0.0
1.608348387 0.4014182707 0.0
2.634642469 0.5886843804 0.0
-5.283396313 -7.988981423 0.0
-4.089138649 -2.690441425 0.0
2.601031308 0.09890655695 0.0
1.619961444 1.031103538 0.0
-0.6692421251 -0.7457596298 0.0
0.6381075643 -0.9013189715 0.0
1.5444297 0.1650731547 0.0
2.524410835 -0.4634372098 0.0
2.769142974 -0.7670353477 0.0
-5.272082309 2.65559129 0.0
-3.986311958 -3.29489584 0.0
-3.761827454 -6.944340619 0.0
-4.06533701 -8.937428472 0.0
-4.150713696 -9.737572417 0.0
-4.632205467 -9.969492569 0.0
-5.94935994 -10.09113796 0.0
-7.662720564 -9.96383608 0.0
-9.1825803 -9.739460699 0.0
-9.157446768 -9.137942981 0.0
-8.918629585 -5.857581554 0.0
-4.585309144 -0.5873456412 0.0
12.39581774 21.84810056 0.0
3.841510366 16.12114194 0.0
10.61911226 24.10256182 0.0
15.91759883 18.42168314 0.0
-2.915083587 0.2421485358 0.0
2.026319616 0.8435184136 0.0
1.415859575 0.4013168477 0.0
13.75357307 26.43706854 0.0
1.443484608 -8.353427803 0.0
2.511595691 1.133442253 0.0
6.084597405 8.560154535 0.0
-4.943191141 -9.143304176 0.0
-4.736834205 -10.2278578 0.0
4.912208705 19.5633854 0.0
-2.915192249 -9.023886515 0.0
-5.582660466 -5.216858106 0.0
9.130337969 6.949548791 0.0
12.42983223 24.1637251 0.0
-5.718464326 -11.34168368 0.0
1.961411496 -0.2273182212 0.0
3.38134678 -1.545774708 0.0
3.58328152 0.1236881911 0.0
0.504914026 0.9771895268 0.0
-4.840202633 -0.1477718986 0.0
-7.127250547 -13.18263682 0.0
-5.458510867 -5.536898619 0.0
-5.927626189 -6.036107788 0.0
-5.520024956 -2.849631803 0.0
7.503735804 -2.200743434 0.0
-1.862279886 -0.19648004 0.0
21.44745011 21.08656806 0.0
-3.772922354 3.267965182 0.0
0.2178779562 3.5313586 0.0
5.357407336 2.631113177 0.0
0.8925664019 -0.9251126307 0.0
5.634560911 4.072771772 0.0
3.895298139 4.363921613 0.0
2.478581992 7.136367224 0.0
2.242640755 3.622131359 0.0
0.6223358237 6.719687758 0.0
3.439336655 0.8240148182 0.0
2.456615144 1.581319692 0.0
-4.160568654 2.1251107 0.0
0.2751374505 3.887664217 0.0
-2.665255196 0.8065630771 0.0
-5.051127259 2.400484173 0.0
13.63546125 28.14779381 0.0
10.53673643 26.83866067 0.0
-2.419529359 8.305324908 0.0
-6.42169593 0.2095749235 0.0
-6.39641407 2.08156178 0.0
-7.320138599 1.034629651 0.0
-5.672866013 -1.007542387 0.0
-3.999263302 -4.001878515 0.0
-4.08577561 -4.505446373 0.0
-3.669299433 -5.2381647 0.0
-2.235527584 -0.2281973481 0.0
-2.600329414 -5.818690124 0.0
-2.790557423 0.4888923621 0.0
-1.554392876 -9.049671233 0.0
-0.730259211 -8.925862554 0.0
0.6829944159 -8.098555331 0.0
-4.131351602 2.564658012 0.0
-3.342846937 7.375776822 0.0
-0.1080285748 15.63777565 0.0
4.118798558 22.98379741 0.0
19.03989652 28.02256292 0.0
14.43459224 31.17166135 0.0
7.157580261 24.30752534 0.0
1.39790054 -0.5416288055 0.0
3.456173547 9.495006085 0.0
18.6826314 12.36410802 0.0
-1.241991931 -1.805932759 0.0
-6.062910633 4.360101989 0.0
-1.704866846 1.930324823 0.0
6.19925668 0.5000869145 0.0
7.714544556 4.751744457 0.0
9.39196521 -2.571448241 0.0
1.660112456 0.666280977 0.0
-0.8217431875 2.497875109 0.0
-3.389517018 1.617046186 0.0
0.9641142346 1.861366685 0.0
2.381076235 -1.322975175 0.0
-2.920123872 3.025015596 0.0
-1.843111951 1.477458064 0.0
-7.549900267 0.5301232443 0.0
19.85035226 13.26391748 0.0
22.15884163 22.63888602 0.0
5.973818322 24.90177991 0.0
-5.078007801 1.079993439 0.0
-2.957682197 0.7937468346 0.0
-3.433292273 -4.446834484 0.0
15.35009086 27.94106625 0.0
-3.753680839 -5.331593418 0.0
-3.97072941 -4.9873307 0.0
-4.262498541 -3.102685842 0.0
1.261127794 -0.8584062684 0.0
-0.9544944254 -0.8055550144 0.0
0.4627809589 -5.916637163 0.0
-2.360093811 -9.119898131 0.0
0.1719204488 -8.048349621 0.0
-1.354641743 4.139091822 0.0
-4.154539448 -0.4011863226 0.0
-1.113827039 -2.157165089 0.0
-1.954826785 -3.775379672 0.0
-3.009103121 -4.962387958 0.0
-3.175243047 -4.352893222 0.0
-2.616155558 -3.230271619 0.0
-2.981817865 -2.937838566 0.0
-3.595619259 -5.037201088 0.0
-2.075294345 3.174384137 0.0
3.740228221 -9.168608636 0.0
19.07901069 -0.7374202084 0.0
18.0501095 -6.045525971 0.0
19.9820616 -1.280942935 0.0
13.49700684 -2.859059705 0.0
8.09250054 -1.228958252 0.0
22.59174723 0.02425256824 0.0
7.95067115 1.169136468 0.0
10.5275423 4.447741577 0.0
23.64787378 0.007247262408 0.0
0.9851871403 1.396234096 0.0
4.544902114 -1.839688866 0.0
25.27973341 16.89630833 0.0
-2.371218022 -0.4849587619 0.0
22.77293206 24.17416491 0.0
5.792705528 0.01377680494 0.0
12.93219178 32.47376511 0.0
0.5677081614 -18.32724372 0.0
9.155993332 24.04387892 0.0
3.272149182 25.23978706 0.0
0.6454150462 -18.89246012 0.0
0.8540271496 11.78734994 0.0
-1.158115822 1.976043519 0.0
-2.075798958 -8.473802946 0.0
-2.648573013 -0.1009161836 0.0
8.780876784 -13.28367083 0.0
-2.914722391 -4.67593728 0.0
-0.09408574118 -23.10380198 0.0
2.643251023 -9.746358994 0.0
-0.6992613054 -1.623178928 0.0
-2.026134601 -10.31285441 0.0
1.547774964 -9.310338193 0.0
0.6288970827 -21.06865724 0.0
-0.5250412629 -3.881061791 0.0
-5.709662703 -10.66134951 0.0
6.609047697 -8.166001555 0.0
2.57876 -8.333616111 0.0
17.69855888 29.87123382 0.0
0.02136985804 -21.94642102 0.0
-2.702537115 17.19188889 0.0
26.55472249 16.15175067 0.0
28.77671154 13.259828 0.0
21.6123952 0.05810727618 0.0
6.777128814 -3.574734762 0.0
-5.455352993 -9.993987728 0.0
3.686825046 -8.199304662 0.0
11.27379885 -5.993647455 0.0
0.3486037678 -22.02472705 0.0
2.978407101 -9.12230578 0.0
-1.535961114 -12.19564396 0.0
-1.008593364 -7.088875193 0.0
0.9827342754 -21.18696556 0.0
0.2966994597 -23.62711921 0.0
4.054138135 -13.41322836 0.0
16.48085141 9.601950031 0.0
5.617662438 -11.49666527 0.0
-0.2868677143 -8.982321046 0.0
0.2525423361 -21.95261157 0.0
18.73226628 7.007278828 0.0
3.26241689 -27.25358694 0.0
0.6406165181 0.3358912284 0.0
1.676872207 0.9797182338 0.0
</DataArray>
<DataArray type="Float64" Name="pressure" format="ascii">
7609.432772
8389.614079
4065.84488
7515.447084
1792.240546
3259.894881
2870.673827
3116.405248
2128.442342
3338.264072
3335.32681
14285.71381
14285.71411
14285.71395
14285.71425
14285.7138
14285.71233
14285.7128
14285.71385
14285.71396
14285.7141
14285.71429
10051.54966
2910.947939
14285.71389
14285.71379
14285.7141
14285.7135
14285.71383
14285.71414
14285.71389
14285.714
14285.71427
14285.71394
14285.71278
14285.71353
14285.71372
3183.586272
14285.71373
14285.71385
14285.71427
14285.71413
14285.71415
14285.71387
14285.71309
14285.71426
14285.71384
14285.71395
14285.71411
14285.71428
14285.71425
14285.71285
14285.71414
14285.71367
14285.71426
14285.71403
14285.71416
7379.913247
10036.44887
14285.71422
2777.11037
8053.516385
9357.494584
6548.548633
3013.640662
2810.06578
14285.71425
14285.71416
14285.71378
14285.71373
14195.02204
10923.89414
10706.96023
10365.16205
14285.71359
12063.97156
12467.02245
14285.71428
9096.65159
14285.71428
14285.71387
14285.71354
13812.19084
12980.79296
11332.98361
11976.74985
12546.46286
13397.29285
14090.6238
14285.71429
14285.71368
14285.71413
14285.71403
11748.49055
7809.56656
7627.409458
9209.556701
9931.63743
14285.71286
10831.35886
9863.585315
14285.71426
5355.054605
9167.486041
14285.71395
8114.16655
7704.141645
7164.376957
6290.438032
4860.07425
5116.102594
5585.9071
6461.408284
7507.634607
8739.568995
9857.850554
10680.35461
11045.18285
5984.44207
5778.836253
7554.921135
9148.143188
10085.81943
9976.544706
9122.765834
14285.71326
5407.857649
8692.870224
3656.556247
3491.774988
3339.5358
2681.290055
2642.26148
2046.53528
2046.698807
2697.644944
3879.376445
4297.520173
4773.811708
5323.504606
6019.116044
7870.357795
9310.221715
7768.893414
8966.943766
10124.54064
5695.157715
3697.372233
2666.217269
2863.763603
2425.187626
2350.008051
1849.28864
2506.509105
2605.875878
2401.984102
7832.481691
7808.406611
3967.360498
6274.223847
9342.084277
9236.744172
7874.399681
4092.185707
3758.679047
3567.243953
3131.689404
2904.436501
2407.217631
2246.608823
2259.089936
10047.0957
2319.357006
2899.062404
2525.568077
2282.289668
4188.084078
4373.953617
7928.261574
10199.38343
10219.16768
10068.3423
9247.512412
3009.357763
2308.772157
2962.521027
3024.709782
3097.927395
3023.659541
3154.329098
1902.052596
2085.407211
2351.934441
2400.293597
2241.654409
7945.798179
2362.394008
6371.306404
10251.61712
10078.11919
9195.100144
5720.784628
2468.266869
2691.207259
3043.952782
2961.269177
2673.718579
2618.505761
2780.970845
2537.868479
2265.929863
2406.703858
2391.032188
2672.400784
4386.424668
3181.768325
3157.217374
2717.564518
2458.636565
2315.71488
2566.59682
2695.729173
4317.709218
6396.676337
7954.607336
9481.401254
10295.807
9169.088888
7804.507025
5594.848622
3024.390301
2519.011877
2780.40642
3054.724488
3007.255675
3165.505065
3043.615185
2738.158651
2457.931402
2386.029107
2336.068361
2453.124122
2564.854518
2831.919962
2851.117273
9140.224125
6449.323109
9413.083092
8001.451471
9556.065823
10339.92423
10070.07592
9082.611207
7776.782681
3106.748691
5459.880887
2961.953662
2536.099993
2788.875518
3059.042447
3033.79276
2697.059822
2356.006552
2361.585522
2320.453698
2464.040728
2587.233732
2713.299259
2868.169107
6508.171051
9637.652318
10382.98444
10060.37447
8985.445407
7730.974294
5259.404406
2854.978896
2530.279494
3065.000085
3079.549198
3020.486529
2614.52736
2669.731201
2335.755749
2363.957996
2384.608746
2477.325826
2606.009687
2731.703802
4223.739243
3085.672561
2847.767347
10423.40934
8862.688988
7660.420074
4966.150914
2495.910881
3077.19467
3173.657585
3024.710827
3013.699603
2551.310862
2626.901067
2369.734502
2553.609551
2646.430566
2779.255673
2920.78182
8110.280442
10462.25509
2780.561568
2316.060268
4132.893708
6531.459025
8173.537132
9729.525807
10500.1844
10033.94641
7561.883472
2641.596357
2475.382764
2837.708561
3090.020442
3093.609074
3180.074803
2494.855948
2515.986329
2304.750079
2315.457351
2508.053038
2410.312069
2997.569226
4608.779423
3098.736208
2576.136195
3088.914784
2688.719235
4024.657619
6560.909119
6432.301149
8234.423137
9826.085085
10538.10947
9993.9434
8708.005208
3805.91557
2455.735225
2804.076833
2441.488063
2870.465039
3102.265452
3101.773565
3183.30465
2998.286976
2430.859484
2288.705979
2277.619039
2323.480898
2450.809435
2704.656793
2777.784476
2932.056942
3192.544564
3890.221877
6235.284985
8285.624449
9921.750107
9928.537564
7397.233634
8509.007126
4242.129108
2330.607756
2411.459003
2909.190502
3112.114106
3104.092075
3181.852492
2966.892886
2360.02367
2450.910578
2225.118075
2269.53138
2347.955847
2612.918854
2504.892779
2786.474339
2869.014832
3034.162805
3301.792608
3583.298379
3729.246497
9825.679459
7076.580311
8283.593335
2234.245474
2422.835677
3117.606483
3175.743232
3081.883204
2910.936402
2391.35606
2389.270619
2578.914383
2982.884552
3154.965413
10564.3518
8319.598197
10005.76567
6528.544269
3340.999709
2272.233136
7248.072031
2111.964865
2964.234341
9441.164762
3669.523028
8112.633257
4122.025485
9279.224682
8676.870092
5066.517938
5812.954572
6356.218102
8760.993692
3123.13069
3091.001145
9283.274152
1742.448409
2113.196121
3823.688712
6569.049852
3188.661573
3177.075308
3216.359255
3271.744404
3134.438732
3361.506119
3232.116755
3011.146342
2651.319839
2968.78089
4913.274914
7501.764273
2527.168648
2837.731724
2539.434751
2058.901308
1025.507519
8936.900474
3677.557752
6775.655259
9273.632794
8824.816366
3195.195956
3382.415391
3417.008304
3368.81464
3242.576306
3152.238864
2851.348858
2816.308661
3076.32536
2981.342091
2487.608362
1718.962586
1579.718155
2033.80525
4009.697412
6923.10394
9549.817034
7672.73093
4499.783896
3249.223503
4530.890309
1937.418517
1127.118942
1161.119951
2156.677447
2277.33877
2252.402669
2514.60597
3572.897124
3020.751432
3345.652655
3344.407542
3390.231502
4655.044967
8873.885893
6681.245652
1988.418772
1620.802321
3082.963423
2656.997052
3350.617474
3251.968408
7859.505309
9551.491177
2866.767733
2837.979848
2605.364159
2100.754384
2511.505406
3225.081025
2228.072471
2324.504996
2065.393036
3102.571115
3317.225311
3256.047113
3422.344893
3299.140928
3380.644311
3404.31144
2087.982714
4407.044173
7625.790644
9911.249127
10301.1931
7225.094883
2494.669806
3040.46351
2986.770315
2220.269469
2236.005749
3097.809277
3440.540085
3399.675871
3237.027878
6895.082705
3602.444614
1821.278123
1173.115912
1170.527244
2257.746697
3534.064363
2908.487246
1527.85937
2893.306268
3442.638073
3614.611217
2998.634231
3163.964763
3287.342489
1562.367202
2399.981538
3518.891463
8793.739236
7151.455408
3381.513446
4101.677112
6679.958822
8367.304615
8054.590367
1990.085385
1770.056825
2494.765126
3319.836848
3401.113521
3428.753824
3457.525605
3370.812927
3179.660339
2599.539216
2510.852897
2538.061053
3057.667797
3120.427839
3053.907803
2526.728029
1822.528342
1605.460728
1882.860824
4196.057018
7561.324066
9745.872765
7701.335413
4820.191388
3444.864474
3665.038362
1159.921025
1079.562133
2395.435744
3745.666562
2923.004191
1205.802585
1890.703835
3463.106062
3622.450206
2983.25244
2975.675224
2910.881358
3700.874951
3691.578793
2150.368168
1357.569603
2383.59799
3508.926637
4393.041775
6014.197029
7780.781713
7760.534477
2637.710729
3989.011878
1801.238556
1981.489433
3076.028813
3373.306088
4691.674974
3328.431042
4866.518516
4392.288207
6502.22492
3275.750827
3388.115499
3419.429067
3455.769824
3453.212611
3389.647172
3032.446033
2718.439635
2405.909557
2437.685665
2340.24238
2666.851329
3090.642925
3120.693529
3046.198403
2551.601417
1865.216344
1613.688382
2183.362603
4894.442142
7929.4725
10588.82836
9875.977391
7838.932334
4928.261827
3418.282735
3710.164118
2796.278223
3293.657228
1088.037528
2200.614057
3718.7044
2104.559964
1313.760665
2842.132588
3717.577402
3086.052456
3713.444782
3132.666513
5400.995214
4032.051733
6174.028362
7505.257979
7824.906837
2891.942899
3057.006874
3611.264278
3418.00227
3552.295516
1975.776466
2828.530564
3868.249884
2492.439363
1018.2778
1126.797843
2590.53001
3337.429415
2907.907728
2260.11659
2417.42175
2859.330652
3074.439877
3424.669683
3431.734267
3470.397879
3390.829173
3152.111289
2865.427633
2555.284102
2276.723
2436.903632
2793.303443
3114.169171
3118.403023
3029.916546
2573.738748
1936.330413
1675.146691
2668.672814
5825.619958
8347.131556
10618.98145
9994.640603
8001.953858
5026.544295
2996.095848
3730.460072
1114.686593
3955.818666
3343.586186
3066.792274
3795.842842
2229.981705
3742.136477
7362.310176
5031.561585
3692.132269
2698.216564
3582.068331
3231.552063
4113.843021
3345.566074
3632.372401
1317.095443
3178.573492
3779.084787
3409.713284
9620.286696
10075.5597
10504.66033
1802.79833
2050.920987
1585.371343
3013.310503
2904.041858
3115.256811
2544.579486
2380.640107
2339.115433
2705.26217
2992.091926
3288.619256
3427.110287
3428.818666
3673.08102
2657.918258
3154.689949
2138.823934
1233.259071
2664.854098
3906.747238
2611.314947
1102.538582
1669.34839
2907.139905
1626.869296
4001.310066
6174.047931
7475.901979
3597.935826
2252.776757
1769.137442
3802.928933
3037.596678
3824.096512
2223.218829
3334.50565
3682.986445
4213.298487
6351.38202
7657.044073
5202.752077
8145.937035
3216.674498
3517.113409
2287.023085
1614.766947
2487.833816
3857.638122
1429.571526
2579.044053
3004.410778
1445.030302
2314.316955
3536.756972
5814.469367
2272.391824
8811.996383
6696.216503
3441.169581
3419.114403
3297.246984
3084.749259
2832.615905
2568.250503
2344.099258
2172.4648
2325.101176
2684.689058
2988.091926
3150.632228
3116.097689
2996.1916
2548.362345
2081.801718
2085.099458
4522.365065
7389.536014
9240.629468
10625.92408
10094.95882
8246.511272
5523.429107
3468.885872
3136.730478
3087.662767
3859.287027
4084.972274
3294.661654
3764.761027
2154.356573
3679.355779
7455.796794
3459.839346
2265.161723
2389.702614
3267.013624
3781.38358
3007.468155
3789.072446
2423.957462
3521.479032
3775.416177
4931.312173
5437.107985
6382.176981
3365.94074
3276.504562
3651.188706
2833.612963
3325.396126
3344.532792
3254.912862
3056.830355
3862.159354
2189.300781
2243.810894
2357.634134
2595.888121
1969.293007
2564.547288
2739.609754
4048.584556
3252.017018
2200.97217
2580.754655
2101.634198
2621.37677
3668.017598
2990.534585
3635.491109
2932.321047
3160.746407
3625.028623
3499.478334
3633.057121
3356.163706
3099.696346
2789.995345
3918.575492
3944.113269
3780.188972
1684.524608
1903.776146
1379.296519
3086.789139
4456.299511
3728.01305
3235.194978
4006.334887
5678.267851
5047.084485
808.3559476
3287.744726
2716.001389
5919.460227
5680.859847
7933.669151
2460.579225
2430.23377
2966.055651
2815.79367
2293.599443
3450.973364
3295.595814
3131.430727
2920.852159
3530.736316
10600.04243
3045.945324
3116.642675
3119.912395
2720.531911
3778.534198
3300.172938
3206.845803
2785.05833
3396.818423
3379.250122
3223.016225
2598.412456
3624.947441
2453.42386
3395.300415
3181.058362
2688.763569
2488.600016
3401.423967
3250.707457
2185.831134
2345.419249
3115.600729
9603.26624
3431.437796
3165.223342
10061.84915
8319.345871
3688.615963
10631.02927
2652.925083
3609.975581
2868.869912
3135.163
3617.022044
861.0887946
77.02995736
72.47655153
75.23999251
60.9979991
80.68242332
75.97674168
75.86938199
79.37442264
82.08243811
74.99607522
75.37214829
71.67545784
78.3949107
42.17771625
48.50290483
38.75462003
118.5829873
6.981468813
7.394892371
41.38194741
64.99637189
65.82807531
66.03221094
63.23306266
73.97126055
51.52782779
68.27625772
59.43503637
58.56700817
49.77757514
157.7258552
54.05423977
33.77069251
71.1259823
57.46994426
56.93730756
61.93577407
77.54627194
97.25040358
115.4975285
52.94315381
54.7435235
53.23509077
58.64741549
41.72442136
51.78629521
46.29962391
62.16423078
55.22478969
49.42055817
69.47297548
48.54953672
77.28353867
77.45406211
76.20929303
78.48262231
76.74741476
78.92766414
77.92109965
77.26792392
80.59230677
78.10627854
78.76913246
77.38830153
81.82364685
80.27784141
87.01915623
65.27015308
79.45115827
76.30989073
69.79635212
78.20353993
78.97728912
76.82599462
74.63672328
104.4329623
75.04008921
82.21310058
78.44494227
69.09795602
71.18505149
56.3488879
39.92131367
51.72302048
76.32751583
94.25468395
74.58040447
73.25081766
73.33405008
77.27087602
72.1204461
75.70393997
84.14118405
83.65967211
67.59707425
56.97426535
54.15567546
79.83005871
81.51433448
44.4834564
87.86850406
76.11230721
74.18254949
86.91243411
66.89551611
71.05826172
68.74385256
71.58245806
75.56523834
78.61816314
57.34826179
53.98243003
32.53008562
45.95158797
57.08416708
29.77185388
68.84756606
84.87485255
36.75690826
30.93992168
40.92114609
34.93059734
48.23669758
67.10818771
66.25110111
68.1216665
66.54459847
67.04895638
65.32715925
63.11216546
62.71938278
64.91896862
61.10308144
32.01438657
30.23077907
42.2198045
27.4685982
26.68959085
27.61599434
27.49486758
22.51935339
14.43405938
8.945797148
14.77800679
88.7370017
22.73978058
62.42271684
121.6854997
140.3415309
74.91849789
67.77783542
67.07081393
71.66108753
63.48166544
32.48499208
39.52047986
67.62255236
63.38441398
65.90613148
52.67415093
55.60680189
54.40359095
55.54616618
19.06135274
18.96024948
20.07284131
22.02853264
24.41382948
26.61062058
26.36348144
25.72075505
26.00259969
24.09765276
25.69255713
46.43088952
68.28635542
88.72670334
134.8226077
87.08401302
63.67759766
71.59427817
64.26796121
111.5665922
15.45915474
62.875786
67.51207827
33.07554938
35.50463496
91.86406614
20.46066415
51.7734759
14.84267412
121.2020628
30.14384963
51.94338618
56.64791653
63.79812077
55.99722453
65.99878513
20.46367972
44.31088699
45.85042201
53.26255457
40.72447499
40.93521939
85.51924191
53.30218016
44.04021056
40.29683293
65.33842123
41.7817876
49.36855759
49.76894878
49.03435971
40.81034999
48.97202886
58.22970421
37.97576649
44.00191649
35.79663702
33.26062508
153.67868
141.7062265
63.04591964
58.89654288
57.52049537
53.02478511
53.82410962
59.12602488
57.15279721
47.24145355
68.4412317
42.73771232
66.88916046
21.77789204
27.83675915
33.54204508
56.02329084
54.5168147
51.65010538
41.09011724
121.6536702
35.13239394
125.4693726
63.60849452
59.28483263
91.1541233
38.35984153
57.92130477
17.04720357
26.99948437
28.5942566
50.07157316
48.35466149
27.11382533
44.24000608
37.71477155
22.78919748
14.968349
13.92061379
40.27375256
102.4728962
134.2356164
99.75886574
62.06821687
34.27235555
65.09327336
122.612005
58.02672557
58.39960327
58.41152714
40.25653478
55.94404413
36.1274648
25.81816281
34.7882434
71.87620928
35.07448042
49.81028769
55.93935049
52.44110469
52.08470363
53.70468497
41.91077342
61.19163033
94.71591947
31.09936217
860.8965482
534.0807576
682.9074119
676.9695259
683.38363
598.0467093
691.8964835
580.6192628
470.1217742
45.30735845
697.7754118
153.0108748
60.90938612
111.4472674
789.6153419
5.954968401e-07
1083.709213
154.9495981
1.183157502
867.6854021
95.37263571
32.35859143
754.9625874
38.76678126
467.1390169
56.23903143
496.9297957
753.4685219
29.57569735
55.49041246
610.9484654
728.2564913
813.3480384
581.8894539
596.8586152
655.886498
68.50775012
685.1521254
9.05618853
261.7522086
222.6253581
661.9363434
502.6595047
599.4368463
348.0356641
547.8393555
619.7221751
650.919988
628.6873213
705.7367836
693.6929271
775.9339768
632.7482898
881.2270471
559.2125097
22.02393192
543.0459347
226.1073632
441.9751755
63.92796744
73.54100218
</DataArray>
<DataArray type="Float64" Name="mach" format="ascii">
1.545097831
1.47207299
2.229251625
1.568962082
2.696549521
2.580131535
2.615168061
2.514746719
3.141176038
2.735369438
2.630086755
0.2603575475
0.3294668093
0.1471339215
0.2673718053
0.08112468329
0.4139488389
0.3800074752
0.1593347315
0.1932969599
0.4455947188
0.2559281872
1.717778103
2.850975333
0.4152689512
0.2736310378
0.1226823638
0.1691649222
0.1237561048
0.04954309036
0.2447882741
0.2507499148
0.06952177391
0.08069588722
0.2301526462
0.1228806749
0.2858423703
2.698844724
0.6906444504
0.3125575613
0.05665823277
0.4016848965
0.08913118083
0.3764523561
0.2788184954
0.02106394722
0.1178257712
0.0843986063
0.09861796367
0.1449348773
0.1874035775
0.3300920949
0.218148365
0.1468605766
0.2238447588
0.2923273184
0.2009143359
1.909291414
1.766288693
0.4782003257
2.849071743
1.742550256
1.759644565
1.756967975
2.618420271
2.69963932
0.438520648
1.272999817
0.2280907729
0.3441301415
0.8646316132
1.3789242
1.595518465
1.703743927
0.7989478852
1.457733046
1.22239535
0.1208027674
1.247898887
0.2717288005
0.4154791677
0.4025254335
0.4185897961
0.4759903932
0.6458563445
0.5946665776
0.5655963345
0.5317163747
0.5319458995
0.5328502005
0.5420729089
0.5863390161
0.6427433041
0.9136497303
1.534831269
1.861915906
1.799556341
1.771829436
0.4268549988
1.632858522
1.795368136
0.1446271521
2.024392442
0.960704987
0.4384472215
1.088864263
1.140950289
1.228564217
1.388847001
1.771004566
1.672223991
1.515717844
1.321767597
1.159988286
1.01125352
0.9288661264
0.9083180675
0.9428547645
1.686850597
2.012664848
1.904144933
1.806785747
1.745051254
1.788344922
1.810760117
0.3089022904
2.046339408
1.022957105
2.368640505
2.411426453
2.493665007
2.875122872
2.899927112
3.291566275
3.214581805
2.696728971
2.113970022
1.956482408
1.857575372
1.793183884
1.963895217
1.835213891
1.779828756
1.798328597
1.854383239
0.910455137
1.946335428
2.327153968
2.956915614
2.715816093
2.951777657
2.983501048
3.322083528
2.799755143
2.773590781
2.944607591
1.73778644
1.810680499
2.33824509
1.890358253
1.770650747
1.799780551
1.768436597
2.164807314
2.265681732
2.407490877
2.702047258
2.666251044
2.808147572
2.89617405
2.918511074
1.76028062
3.213779595
2.87126796
2.999111017
2.992110949
2.25335519
2.188731927
1.803490965
1.72971711
1.724313026
1.750593503
1.779498002
2.803262196
3.152045397
2.815687125
2.783367674
2.630877001
2.75739372
2.703821186
3.216147855
3.04531698
2.811385895
3.01101253
2.970586208
1.813321874
2.792926711
1.857209088
1.716399221
1.74267188
1.764729837
1.909833096
3.017336715
2.885419908
2.781171766
2.668664662
2.759196254
2.772522793
2.71460957
2.741095124
2.860505238
2.77495766
2.787199203
2.722739259
2.178997962
2.686701523
2.708491417
2.736636208
2.771091945
2.823588105
2.738804355
2.698747121
2.187738381
1.834340206
1.784846085
1.730801504
1.707457838
1.748634755
1.706090583
1.909353892
2.742198126
2.98086232
2.83453481
2.781232042
2.64386979
2.709709508
2.611242225
2.721113238
2.786670983
2.815130845
2.814808985
2.763847638
2.731514186
2.681214867
2.692886077
1.729150222
1.809159915
1.74602782
1.764448434
1.714115734
1.698443588
1.736766088
1.706546352
1.673198231
2.714555377
1.917045846
2.750784257
2.963001832
2.836223762
2.630323129
2.615505646
2.73975695
2.821088661
2.80130368
2.824592839
2.766025664
2.732754731
2.707009843
2.696419751
1.782038446
1.696073005
1.689083578
1.728566336
1.683029683
1.638922023
1.939520647
2.773119941
2.955185802
2.780746218
2.626434818
2.618466695
2.766017658
2.750996732
2.82433953
2.800991255
2.794002764
2.764674152
2.731244599
2.707653881
2.205558833
2.625625825
2.685352963
1.67922981
1.657165981
1.60233923
1.986307433
2.965720225
2.779200371
2.711642305
2.618025077
2.619192425
2.782930254
2.763175177
2.799122833
2.744062985
2.721755814
2.698447803
2.689397828
1.71909043
1.668630055
2.850614543
2.822019865
2.222256028
1.723679617
1.693494582
1.676090958
1.656815537
1.705164354
1.564403493
2.841006922
2.96184842
2.833098922
2.777415128
2.625018041
2.714645239
2.795630124
2.796216657
2.835052573
2.822014779
2.756301099
2.785353758
2.678838295
2.050006414
2.628093196
2.77804499
2.668394049
2.710781977
2.244078537
1.736117657
1.727522906
1.668014411
1.65557609
1.6426035
1.691904164
1.628557859
2.244026462
2.899062333
2.843131215
2.966814049
2.825626359
2.775633494
2.624476931
2.719036147
2.621744875
2.810707113
2.849181898
2.843717339
2.817012378
2.772982109
2.708034908
2.691766745
2.670905555
2.659584663
2.27517984
1.756386085
1.644379139
1.635101404
1.676908649
1.533897962
1.598106746
2.129020077
2.925958085
2.9641872
2.814698775
2.774057917
2.625286205
2.725174857
2.627613164
2.828961779
2.816373282
2.868621188
2.843120159
2.806990567
2.729076272
2.759039108
2.688032534
2.672756136
2.655720821
2.654786201
2.315434182
2.316259895
1.660282964
1.527284724
1.559861098
2.940418503
2.927546759
2.772989637
2.733036007
2.633622974
2.638720943
2.835512456
2.794244968
2.740285369
2.651071092
2.641261284
1.626519469
1.622449229
1.615989603
1.562792982
2.346083915
2.84006819
1.574110273
3.222491628
2.521740164
1.411381531
2.244889213
1.359738224
2.271552133
1.352870118
1.407950343
1.932629828
1.760311452
1.639288731
1.441527902
2.707962158
2.585339936
1.424431309
3.058443789
3.253081953
2.379808402
1.720456008
2.715087384
2.736596565
2.608367859
2.607380381
2.648133396
2.739489229
2.699463991
2.475728286
2.972350257
2.757114642
1.843962098
1.413524878
2.85303421
2.53441622
2.41220674
2.983292554
4.265329148
1.423092135
2.201483133
1.591245554
1.299791039
1.346935404
2.664187788
2.739288641
2.682825517
2.609757587
2.607246939
2.621271116
2.698650159
2.90945475
2.753734515
2.60661332
2.534580041
2.647394009
3.074604592
3.242098568
2.32622876
1.678243317
1.473932326
1.59162865
2.108910586
2.597148283
2.03457664
3.004487681
3.605349178
3.622147371
2.914247672
2.993672295
2.757045337
2.663422928
2.540632431
2.68106083
2.681137706
2.727808694
2.648792551
1.973253507
1.302110143
1.565717998
2.936741494
3.273229089
2.291961301
2.505469994
2.734395156
2.738932719
1.548782865
1.435222906
2.574836837
2.768796283
2.949254878
3.063864416
2.99897348
2.418299317
3.062664581
2.913666527
3.233242783
2.639166455
2.599948912
2.611429126
2.569472128
2.59472232
2.678186251
2.691958754
2.534963955
2.159985907
1.608442373
1.428838701
1.447335138
1.643983379
2.572544045
2.631437668
2.828958599
2.775510355
2.776396185
2.632901219
2.649757339
2.725218551
2.704742591
1.602002699
2.331040588
3.090319947
3.406958074
3.499255829
2.858102462
2.203737968
2.568635505
3.365597961
2.558711722
2.591452241
2.529765249
2.683930138
2.732389402
2.740596846
3.456178859
3.047010989
2.350173129
1.283098977
1.422733858
2.487573544
2.27832011
1.450479402
1.302331525
1.350892922
3.21756216
2.638092367
2.663290853
2.718347498
2.722434497
2.695836759
2.620145843
2.585961301
2.614007364
2.749096118
2.810071924
2.795447522
2.802682022
2.754973629
2.674570508
2.617302575
2.667454945
2.885025344
3.081753169
2.209153831
1.620238807
1.517911153
1.611637523
2.066840607
2.552304061
2.348598841
3.373480877
3.607388393
2.799894807
2.139881291
2.583476545
3.558301967
3.268882543
2.60426064
2.523263652
2.711643599
2.793994312
2.899853009
2.572106074
2.322900205
3.176081436
3.536198997
2.78652566
2.461830401
1.995485545
1.550353839
1.350784185
1.367234838
2.766172872
2.322156438
3.310276076
2.976200852
2.887229719
2.580409198
2.072697368
2.792847795
1.867952071
2.252696039
1.533083615
2.597038933
2.714945356
2.709725407
2.662480461
2.596061786
2.592642747
2.642154705
2.713337912
2.802122471
2.831385483
2.761622204
2.749572855
2.791219845
2.760839179
2.711217302
2.670433088
2.728690646
2.909054513
2.799796291
1.95485973
1.611472067
1.502865871
1.531499514
1.607397187
2.059801713
2.546447902
2.573878318
2.944503092
2.479454868
3.667714982
2.897346009
2.289975878
3.174741392
3.51854077
2.652809638
2.406698138
2.890767932
2.363434533
2.147146854
1.781419384
2.189849369
1.631877424
1.359395515
1.244389766
2.824044827
2.694901693
2.517541821
2.634087779
2.443966691
3.219062941
2.654913976
2.045010153
2.80444344
3.807943703
3.387000982
2.75666764
2.735253302
2.671060537
2.781555962
2.848722288
2.685222848
1.930719754
2.710003311
2.695055749
2.629633122
2.583307307
2.615629952
2.676873816
2.753649774
2.84122029
2.737014645
2.711447725
2.777857898
2.765735577
2.737701167
2.714378398
2.775763759
2.903267502
2.511497597
1.720090435
1.616143644
1.52998481
1.544365336
1.601659119
2.043695078
2.770770167
2.374764254
3.563343548
2.288807624
2.789252072
2.892085089
2.372564048
3.086960818
2.421675498
1.259235506
1.736796002
2.573462799
2.961575533
2.519038968
2.712251918
2.247716952
2.773358945
2.299912154
3.498661687
2.583974224
2.345197885
2.510450741
1.501266839
1.55865204
1.473994598
2.858696089
2.78902158
2.920767872
2.758538056
2.680680799
2.746334322
2.721875617
2.845889573
2.856067636
2.71309988
2.646172999
2.593413916
2.603434205
2.70129102
2.575435616
2.933138501
2.660194166
3.167176009
3.597484966
2.758427664
1.959105928
2.851381834
3.950913208
3.18861872
2.660544429
2.664123171
2.286759382
1.470195772
1.248592518
2.196309207
3.150237216
3.285961107
2.344153028
2.902835828
2.286355593
2.446745712
2.670191319
2.378360326
2.189456786
1.478543885
1.08333737
1.99766179
1.596812325
2.607294999
2.538458939
3.144942557
3.406396277
2.92192875
1.875534302
3.743950978
2.831013237
2.688645185
2.716769257
3.440881573
2.381942698
1.609231015
2.503036263
1.621451636
1.579053454
2.681320078
2.634177016
2.606314354
2.626534107
2.67999625
2.746907578
2.814322162
2.87870659
2.859246261
2.687650799
2.658885014
2.753088119
2.772289407
2.774119103
2.79747788
2.869934958
2.772868948
1.873862296
1.524802087
1.631889319
1.580032696
1.577046848
1.597370885
1.911442991
2.38924449
2.739825774
2.790020973
2.280743964
2.229155841
2.792208108
2.252179842
3.669762248
2.448034498
0.7116352433
2.042516969
3.199159245
3.118493445
2.663291897
2.277422677
2.92218402
2.224223369
2.210319792
2.549840823
2.416240564
2.208936768
1.84224909
1.58335728
2.685326626
2.613624957
2.582396315
2.698591494
2.718043609
2.423701736
2.602261391
2.857959793
2.22621798
3.279109677
3.202823848
3.063176055
2.686170054
3.358506511
2.890176768
2.892080402
2.185394366
2.814728013
2.866756217
2.751485777
2.962886837
1.771714337
1.976000093
2.937204063
1.931342693
3.028465482
1.602209902
2.595920799
2.696613287
1.867633858
2.096874969
2.895927315
2.450591143
1.943810289
2.167712913
1.99092219
2.317189395
1.815592717
4.668607236
2.851742789
0.7230279445
2.429746481
1.246284823
2.300668401
2.024798983
2.03785728
2.952282877
2.271054905
2.539626833
1.819199179
1.649677368
1.528476444
2.775367875
2.787772603
2.789627782
2.658547685
2.831399864
2.665591738
2.631053424
2.62672029
2.658686521
2.337851868
1.605875922
2.643626916
2.769949687
1.479156661
2.397478809
2.04864121
2.041148227
2.211800815
2.438757378
2.716800855
2.732932386
2.834393547
2.235381954
1.76527473
2.805946715
2.743701888
2.206384043
2.713206758
2.853457792
2.659405823
2.598801459
2.878271613
2.851178047
2.773233427
1.645792388
2.451109165
2.742504783
1.598828199
1.605808187
2.250895906
1.555440315
3.146209604
2.585661471
3.082097249
2.764514321
2.232675736
2.703655847
0.1628659182
0.2993942002
2.589945759
3.455332476
0.1760364039
0.1338276551
0.1387252998
2.476631123
0.2129678681
0.1580051289
0.263806714
0.2203555877
0.2053934585
1.106012365
0.3324661644
1.080462031
3.520309915
3.812704716
3.185737913
0.8890568649
0.2408538929
0.1350619871
0.2566005979
0.08110030584
0.1815723148
0.4143700626
0.3721612789
0.2955583189
0.3273394074
0.832792401
2.892077728
0.7407641146
0.9611183817
0.6437068168
0.257474371
0.6932732881
0.6014472619
6.462741688
5.873167835
2.993627052
0.7106126706
0.6743864969
0.6583993226
0.5274892715
0.7013127858
0.4662672873
0.4458868539
0.1482480344
0.4193777064
0.6682461525
2.610732945
0.4610016153
0.1399373842
0.1429109988
0.1260100659
0.1729829858
0.1886680166
0.1680364352
0.1614020068
0.2364921413
0.1807119232
0.1587878641
0.1605065128
0.143347709
0.1342091717
0.1791909266
0.1630854035
3.168924979
1.870002911
0.13877547
0.5045297935
0.1544664974
0.1723285123
0.146274837
0.1254722075
1.603760873
0.1854145691
0.2244694147
0.2079992221
0.5159510844
0.2032121699
2.120954173
4.159634732
4.229242938
3.291929502
1.608987151
0.1368292776
0.1249416432
0.1855769221
0.1579974365
0.1118942255
0.3276932615
0.8292684759
2.882284142
3.147664724
3.163960686
3.76989248
1.496023938
0.8086930691
4.157713979
3.638082521
0.2058158857
0.2112823368
0.2996314923
0.1184360735
0.1483074075
0.1807056957
0.1652528206
0.2392204951
3.79047361
0.6047026071
0.7249535229
0.6314651191
0.7827021156
0.4173086689
3.299025494
3.097879369
3.713838562
3.617968393
2.469560516
0.9631191646
0.9305699722
0.6055966535
0.1133886949
0.3021411538
0.2165753481
0.1085806757
0.2866763018
0.1710688678
0.1827498327
0.1417075302
0.2468298064
0.1865738046
0.6050769764
0.5945917034
0.3850095816
0.9663135011
1.220379026
1.304149933
1.40138456
1.579511498
2.275301338
2.879681243
1.392249214
1.524018218
0.2275460818
1.653386123
2.909824315
3.642376502
4.271539129
1.261172773
0.2963527958
0.1664447524
0.2722794592
1.129663534
0.5766932583
0.262616662
0.1893940402
0.1000544363
0.1158761036
0.1613320233
0.2672494288
0.2981028101
0.7286451422
0.6333903285
1.007092084
1.255921876
1.308932728
1.320266262
1.367178375
1.467148467
1.59351812
1.560758628
1.237627955
0.5015972654
3.336677422
1.994411927
3.568778036
2.174426861
0.2714712763
0.2232768587
0.144428637
3.765965003
0.7002414466
0.2786489214
0.7368019131
1.186448389
1.22350566
2.664101013
1.222236952
0.8189178153
1.138874647
3.485473201
1.300097399
0.1961658627
0.3725574411
0.3311299722
0.1042398455
0.4054153381
1.483933022
0.8445588524
0.9172193014
0.6671096153
0.7023189382
0.1737711913
3.432198501
0.4380565195
0.333391594
0.5886452032
0.1193811426
0.702852584
0.5803200964
0.7638682995
0.4457294443
0.68319018
0.341314667
0.2955928623
0.4657119452
0.3730292621
0.3108178636
0.56488347
4.253681282
3.467491663
0.9450903493
0.7000072397
0.7742142983
0.8791010319
0.6479930123
0.6065411222
0.6581360858
0.6825782182
0.2286653714
0.6853979986
0.2775189724
1.162165194
1.087788728
0.9476587269
0.5208984694
0.8544322659
2.334576724
4.50614908
5.080396914
9.403252855
2.939062278
0.150014875
0.8616015091
1.855183585
0.1833053965
0.6113223453
0.2489472741
0.6004305584
0.9292486392
0.9270894786
0.1586838955
0.2587413782
0.3815055926
0.2437079795
0.2757943516
0.4152840751
0.2912860801
0.6724320399
2.132645867
3.835156435
3.153587271
0.5702223678
0.3482637704
0.5991215848
4.315970137
0.7015964263
0.6863150981
0.5619345188
0.1653647772
0.124914807
0.6452852406
1.157159925
0.9371013298
0.4515156865
0.491755781
0.2889882685
0.465471565
0.6406602813
0.5936451433
0.4611785342
0.4857086489
0.6613439761
0.3876505888
1.167974399
1.554119
2.071902696
1.988509917
1.384675837
0.8557541931
2.364097241
0.8454829881
1.225847786
2.599383123
0.1614313971
0.5486028241
3.315829153
0.2202124953
4.765295554
0.5791960294
68548.6333
1.506811115
2.610573654
26.55072381
1.639935288
1.352075737
0.2481278097
0.8780161658
0.2952020688
1.809086169
0.6013989574
2.515474056
1.019597774
0.1821833239
1.058585341
1.005692462
2.071338075
0.4386192526
1.325227713
1.218891751
0.8946434746
6.774824462
2.196313954
3.863593553
3.444353763
3.25305728
2.175767813
0.8912395685
1.203750326
1.240080223
1.388787964
2.27317634
1.011346079
1.287823824
0.746101721
2.054812145
2.11979696
1.439613224
1.665668245
1.397464678
1.127947455
2.245712898
1.678013359
4.072705733
0.07459949231
0.1970304335
</DataArray>
<DataArray type="Float64" Name="total_energy" format="ascii">
634.7985365
674.0046907
486.1688478
634.7771195
448.5859233
514.1425098
457.9423308
469.7196147
456.5096538
521.7439679
501.463809
1052.037231
932.1108176
995.5426872
969.4203116
1005.172603
1164.598795
1165.797968
927.1473198
1013.109614
1019.061459
901.2298059
917.8136634
489.733262
995.0085405
1060.376374
1011.278298
1013.444699
1005.114973
1043.916643
1032.292558
1041.029458
1062.394499
1025.844153
1139.758863
1016.318733
1065.025259
483.8181374
1292.019912
1145.88272
1117.073391
1082.405538
996.3860492
962.6786362
1134.288823
1108.792673
1013.130718
1008.525717
1009.477066
927.1266067
1082.585625
1165.099864
905.1386362
914.753553
1027.88284
927.3367814
905.3737834
745.6333148
940.1830209
1039.949673
496.9494485
745.0367585
873.5116947
610.4367868
492.7388196
499.6789685
810.7873193
1079.040279
927.1130283
1106.859867
858.3194678
836.9892975
946.2924287
939.4817815
1391.204154
962.0993077
884.1550716
1112.898717
653.1534741
943.440256
764.1002894
765.1720796
724.4914561
690.2139759
632.8318768
658.1319671
683.5135976
722.8926628
760.3516645
792.2539032
834.9766049
871.050463
893.5475849
724.7242861
648.0370546
751.560938
878.0174232
933.9609342
1210.709305
998.1142237
942.476812
1033.032111
574.995284
576.8306881
777.2472254
540.393398
525.6131453
509.6105907
484.3923195
456.4115322
456.0937085
458.9582954
481.1098412
516.8107192
562.1017626
611.9664469
657.3820906
689.7236393
537.6214178
616.6681627
761.2395278
876.3090265
937.5198744
945.5218962
874.9091075
948.0777969
587.428915
561.9956242
470.0371905
458.8530558
472.2322946
491.2607755
495.0773146
480.4350022
462.971495
454.8885165
436.678788
445.1780898
469.3048732
505.8240782
625.9662914
765.5481085
878.4107195
740.1875412
880.0366721
623.7223709
586.8011584
465.1998231
491.4725689
493.804272
513.9572456
521.8905036
519.4816048
480.0090051
476.8279367
471.6523254
722.7706355
749.4445945
502.0435317
627.6003254
877.1549828
880.7137704
738.4860227
473.0954231
458.056665
467.823261
491.3569234
497.2331647
514.123635
510.908131
508.0125276
938.2001077
481.6960058
490.8280384
500.7534488
510.2194456
507.1205875
512.0485341
757.435312
937.1897043
936.3371225
935.3901457
872.3417418
481.5451075
493.6587808
496.5935786
494.4552348
482.7787573
495.6899485
490.2540218
513.7873099
505.3889303
509.6132232
475.1820841
507.3430221
763.0660444
512.3368959
626.2303459
935.4023256
932.3940671
860.6595325
578.1680948
490.9271418
501.2984853
493.2911011
491.1456848
506.8061298
512.7831871
499.5083416
507.1654042
512.7403906
508.4636162
508.8988911
507.1307247
510.8976271
480.6287322
490.5680908
501.2755651
506.9361195
510.8134602
505.3691783
499.7425332
505.2012935
621.1636911
752.5015401
871.7146654
935.0216596
850.9659865
708.2623791
565.2970847
469.6125303
490.5592731
499.1238341
492.8807468
487.9897447
490.6960988
491.1058425
504.8624064
507.7660943
509.9650361
510.5668238
505.6880742
502.3471569
500.626991
500.5652056
839.6159337
617.9924237
872.4100399
748.8230085
870.889179
934.5838623
928.7529374
824.4486596
693.6446312
475.8400476
553.9098691
462.8740776
491.7185888
496.8937654
485.8655565
491.4877982
505.7265168
510.5170592
509.0675215
510.8154734
505.2280491
501.4650042
499.2682064
502.1359495
614.756987
870.022593
933.866871
923.8560843
805.6012986
677.2713544
539.9534212
463.0159073
493.9884498
492.6732943
486.1652879
491.8473397
507.3985418
502.2886561
510.4052449
509.0333135
508.8011455
505.3182534
501.6915373
500.0818032
498.8356729
486.4973909
499.9517038
932.6593432
783.8763699
658.3738411
522.6170763
498.0338689
492.469475
490.729784
491.8507422
491.7556478
508.1640059
502.7799041
509.0735352
503.9694493
501.3157064
500.17207
502.9724791
741.0672006
930.9373978
497.390405
510.6895118
492.3843032
598.2489906
736.8520174
869.1378858
928.5368538
910.1411172
637.1871161
462.624173
501.0937445
496.4329942
492.2316669
486.4794468
490.7786936
508.4379323
504.1387625
510.5385821
510.678534
504.834105
508.2842867
503.5809545
501.5982135
486.2193075
503.3589592
504.645096
501.7574274
484.9810594
604.8991823
590.3610838
732.466841
868.3611163
924.972523
900.2100127
758.7355528
458.6096604
461.6133899
497.0839169
501.2329656
495.47448
491.9821644
486.3536126
490.8752405
491.7180772
508.7526004
509.4079114
510.9742421
510.7774258
507.5568766
500.5328219
499.7071221
499.9700385
506.4211894
476.4362762
581.0567896
727.9398283
867.4565534
887.2966973
613.5251068
729.6918911
481.3042163
461.2300946
499.2412263
493.5232198
491.732812
486.2512075
491.0286373
491.7416496
509.1825835
505.0000242
509.5166903
511.2996868
510.580429
502.937465
506.5622564
500.4194155
498.9510256
500.4585285
509.0749976
448.1176075
466.5691582
870.4722126
584.9245206
696.354756
466.0784918
496.3023401
491.498772
491.253135
486.2363938
491.8504403
505.8267001
510.0344505
505.3846442
498.3750707
501.6719428
919.4991897
722.5802469
866.0982154
549.654524
424.4991918
511.4549895
613.8357748
444.2133566
469.9031279
735.3531538
459.6394504
615.622574
503.8734646
701.7284315
674.6486926
518.2582447
542.8238855
556.942929
692.9248489
476.7859655
468.630792
727.8649962
462.6647032
443.9231109
494.3602575
600.6710697
531.4574777
528.3470888
516.8644274
498.8886453
493.9343539
521.2593999
534.7916375
471.8761372
470.8619229
464.3872177
479.5491339
584.9331125
473.8393182
451.5365878
437.8771075
466.1268773
489.9279927
700.2300865
472.2276396
578.9721218
683.0252778
665.3849008
521.0881984
524.4497018
515.167781
498.9484096
502.6665067
507.8563438
502.2479731
491.0483292
480.407437
458.6416179
449.2053512
443.0171512
452.0164494
441.3819776
504.2545887
619.1401939
767.9453975
655.757229
505.1684944
475.4414904
489.1233357
476.1949644
508.5363068
509.3244142
461.5624668
495.9495786
492.6462024
491.2503466
504.8520604
494.4483292
505.0850334
515.6178918
531.2127042
486.5090473
654.3325991
563.3667845
465.3731638
459.8272744
434.1227928
448.7234077
518.2629104
526.0534408
656.9147481
753.0214878
454.6130868
471.7694314
488.3295683
485.2455765
482.8118001
469.5576819
496.461957
494.6574505
480.5401834
502.1384419
501.7930812
495.3518299
506.9473486
496.5981029
508.5082094
515.5931379
441.8566888
508.2095391
657.4896985
778.8469893
817.1617863
634.6345874
451.3310943
463.8268544
489.4205591
493.5456249
494.5130748
505.1554637
510.2217577
523.466541
523.5622953
592.4929465
481.174971
506.3105212
518.9741143
502.4832333
458.1314879
429.6925856
453.2665926
493.3389636
487.3342341
501.7667875
504.5851627
494.4736847
508.8417538
510.038403
508.6241143
488.7642185
465.6521018
642.3721154
560.2336109
477.6134138
503.1543619
530.75257
617.0464214
608.5143448
497.2239352
442.1133801
457.0985922
524.2462456
524.0135065
520.2979697
505.3275793
496.3428024
500.2022581
509.179023
504.2971669
490.2521704
489.8760689
487.5927997
472.3635721
455.4780238
443.0577549
437.0972396
419.6693953
496.4986666
655.9632618
801.6639256
665.1124206
529.2841253
486.4134318
498.1119584
517.9363899
502.0511236
454.6946863
427.4078499
454.4667605
498.1514496
500.0220502
501.9787085
504.0133492
493.8093048
515.1406213
491.2070819
527.8195819
465.6268953
486.6875508
512.0645802
499.4564456
492.390364
464.5530951
503.0897614
587.7964633
591.1248482
502.9148022
500.5960512
431.5844728
492.5626915
512.7904187
483.1220749
516.7647414
529.8861666
481.0525951
531.6643552
539.0659026
498.2259392
523.6182023
522.4770156
515.7502537
500.8433639
497.0476832
502.3047877
508.5946218
509.889953
505.6489575
492.971987
488.5169831
491.6369619
489.0478203
479.075829
462.3271509
446.759825
432.1488417
405.5363226
506.5780565
684.7559026
864.2652758
818.0950733
675.4977474
539.1467367
481.2311658
529.6181157
493.6412946
485.6650682
503.286084
503.6190894
458.9470767
485.8224231
512.6501259
492.6328881
493.9096862
515.3446811
476.0692687
358.8261314
510.0071966
472.2990724
538.8836428
569.4343366
560.8821453
519.8558171
491.5725361
500.9987662
502.9175326
487.6398293
499.022409
457.1696422
419.8943943
447.5526824
505.9782752
519.6108045
495.2950782
525.05969
507.0471597
493.9596084
492.4708625
508.4157044
314.1693342
523.3499772
520.5479552
509.4876725
497.0567379
497.9176243
504.3820274
509.8860651
510.4122452
491.8930573
487.5091625
492.1350289
489.870263
483.2038344
469.9580321
453.7901149
421.0644796
390.672262
532.5895794
722.5851944
878.9538008
833.4620863
687.4828119
545.2476352
527.2809499
484.1941079
535.4479063
500.9105314
531.3593062
512.4554282
488.9305304
481.8829659
494.3480951
531.5546679
464.0631891
526.9335535
490.3667448
497.326499
504.0974243
496.6693734
527.5331354
452.0665602
513.367125
489.532785
479.941288
471.3351727
784.5654518
846.4633551
844.7558105
412.3901856
463.5665594
441.2284525
486.0866556
486.8616108
484.7119418
492.6243109
506.4203599
506.8791714
506.261948
499.7923051
496.5874321
502.811375
521.7209029
524.7369445
478.3451885
487.0438238
496.3332325
512.1308523
456.9089722
405.2599757
434.3290897
518.7207531
532.9476314
492.1386219
277.245422
493.000449
495.5331878
536.9623965
422.8756103
474.0604763
518.4480394
482.7086138
510.2262737
471.0671477
361.9840464
505.4342651
475.8137502
493.4282218
511.9550029
508.6626321
550.8108778
698.0851085
477.1190141
493.1444362
487.4256076
516.4162469
454.0200728
382.8582797
511.5666175
442.5704265
487.4246457
279.1800696
499.3262079
457.7664218
501.5255928
358.3664478
764.947167
568.5605928
518.4214301
508.8563296
499.3717346
497.313815
501.8273627
507.8077859
511.3698317
510.3080439
506.9361117
492.4080607
486.5205249
491.8543932
491.0915111
488.3129304
483.307539
473.1148625
411.7114656
448.4333751
610.008436
806.5487393
902.6833736
856.2450716
706.9100323
558.6981825
450.6736608
527.0753052
508.897783
474.0173279
488.4315614
524.3452966
458.12276
513.9005818
492.6665566
425.6510924
375.0682463
459.3454251
519.7538005
487.7773295
463.647378
509.9109095
451.8861987
321.9030966
496.611778
497.3546778
590.7221267
530.1960327
543.1123115
513.1402877
488.7242829
523.444605
447.3950448
528.6866121
448.6631208
471.3266834
514.7393077
461.0825521
461.0707432
520.1914304
444.1761947
395.885935
478.4983214
526.1222101
469.0394903
473.1308839
523.3071477
510.5818754
476.8542576
474.4796221
246.2668238
383.909663
510.7245736
371.6242111
523.133267
271.6316247
523.2484889
531.23529
359.0651665
374.4014996
518.9187322
374.0701862
403.2119312
456.6719545
398.7827161
245.8588285
183.0466998
489.8468424
505.7831415
255.4296147
494.5259968
426.9929261
497.1984207
609.8309364
593.4531261
606.6507208
401.7876098
412.5764617
570.2381772
500.4842991
656.1728739
509.0204916
510.8621519
490.4746699
492.0868039
511.583261
515.8353149
504.2878597
498.2919011
498.8375446
446.7007062
912.703138
486.3194372
490.6115988
251.5606182
354.949612
410.9421683
357.5011562
379.9755759
371.1522676
520.8481092
522.3133803
523.6531657
311.6979258
339.3919918
393.1040559
527.5977716
375.854228
503.7757182
489.8421259
513.112305
496.4562585
509.9363229
506.5281861
491.2415371
844.327394
460.1939178
491.554927
863.1811154
716.301329
446.0696984
891.6406284
500.2909712
526.6646939
524.9760209
492.206646
433.2750348
632.9380169
184.1012086
184.4594392
423.5253836
464.6594046
185.8148018
182.9208362
182.7818733
487.0773941
188.2291585
179.8914704
225.7271127
176.6991589
177.4575371
219.6338069
135.719331
203.5206332
491.1485497
304.735136
305.4091191
171.6558379
172.9745866
169.248807
174.0625638
168.7521482
351.6166909
222.3143423
178.2395585
172.7732803
182.4929021
182.6747462
482.3610683
159.8822316
164.2325789
280.2890401
256.3266555
177.5669333
292.9946952
656.3548138
632.6127779
386.1953893
166.1570877
170.3694541
172.0527176
178.1928172
167.7650551
176.3397561
176.6917678
188.7063541
186.4368597
172.2471722
534.3546149
180.1476578
183.8075098
183.962183
183.072578
185.2109649
184.4784651
185.601527
184.6611078
185.9729051
186.1601525
184.8485981
185.0446687
184.024144
182.0557676
181.4219378
200.9907761
474.0045114
409.0760112
183.3382278
234.3639261
184.8193228
180.9826539
182.66706
181.9378075
378.3164766
253.7695353
182.6603016
176.0502533
219.9081489
259.2269094
381.2095137
475.3765009
514.1698537
524.5033588
428.7523325
180.8915459
180.6038988
178.2530063
178.9937083
179.640579
243.825372
305.178568
534.1376905
498.8549634
450.9474235
491.4030684
357.4650079
340.8704113
477.0948383
472.9996511
188.5836879
180.6139152
304.6533737
173.1958048
178.7818167
176.3606447
238.0381736
175.3549881
507.8929332
189.7956591
217.7391862
282.5759461
268.9749623
281.5946394
397.0506153
561.7571242
567.5187493
423.7161028
345.3937701
189.8076873
157.4895154
156.2203159
175.2662664
174.8791744
175.7309368
172.6901208
180.2619778
170.6720559
179.7832451
174.5016971
174.3006434
195.2011936
142.5207652
139.0397415
137.0193218
148.4196917
164.9645965
183.1328484
204.6604295
230.2975457
257.8099657
259.0953881
240.3219448
468.8858911
192.0999071
294.486607
402.9934159
522.2732276
595.060001
467.899351
206.4872728
178.4973958
179.1871558
174.2390378
140.6270182
178.8103984
185.4153052
179.6002735
162.8006337
166.7223917
167.9938741
170.0394119
134.6283177
132.427663
141.00867
157.3424213
172.8086267
184.2263748
199.7115146
210.0690934
215.5911577
206.3662207
189.6590397
162.3575306
416.7047676
260.6231522
444.1116927
520.2249922
211.6036424
174.9709889
186.4814185
555.8575466
297.6440005
178.4185977
417.9602224
191.0676727
215.0759067
305.7928421
152.4624178
184.6470788
247.0936935
477.72875
251.1136878
182.8737567
184.7498274
215.7877435
199.4301575
266.491786
294.4081564
181.5709279
187.7021266
174.1431356
251.952868
209.1271462
589.451011
244.3059037
207.3702449
201.4045518
207.8804918
198.8916112
198.5434279
203.1946805
172.2026554
197.0060438
197.9845294
178.7111788
190.6180913
202.5224776
147.2057334
190.6664449
585.6549719
539.137275
187.0246199
171.0829101
157.4202826
153.6158258
157.7753845
171.3739587
171.0053251
177.2174775
174.9787616
174.7118611
190.1095362
153.6292106
161.1398112
164.36778
167.4390335
193.1890744
202.4005368
320.5579103
653.3009891
613.846319
453.7791799
179.4604103
296.6487951
511.3707432
257.7066526
294.3662749
194.4289121
210.9347577
210.8145758
244.4145823
228.5253863
187.8951041
180.0900794
134.3122173
177.9036951
191.880893
120.2262695
254.8623345
508.7658923
623.6032768
445.6433674
161.4972697
142.759749
172.7970412
605.5934516
175.4954124
174.3908563
171.0845046
153.1411141
179.3065095
168.655693
162.7182989
164.1830926
175.6212052
137.3546548
128.9728279
158.0078628
163.3706229
161.6116117
153.7137725
141.3927485
175.5294845
178.1135991
177.3789973
451.80394
331.9100654
381.5199477
272.4492023
196.8729451
418.266583
193.6146326
220.5160512
427.404591
201.5513457
154.6601943
612.4364264
218.6373203
638.2357611
195.3962079
610.8935028
432.5316948
504.4140166
325.517757
415.9404281
206.2674502
154.7785197
214.3655692
147.467682
265.1281163
165.0754107
417.5393715
226.1600359
169.6204374
231.2517076
201.8112391
407.0562167
150.0377082
221.8526085
187.8310289
207.8316574
649.6670568
419.1227672
187.663168
628.4241128
671.3670078
409.745409
161.3382716
224.5848738
134.2614667
232.4452282
410.2828659
206.8164431
238.2298176
190.0999853
415.1827483
501.0420007
267.3568538
416.0700756
231.5797117
153.7407007
411.6511039
453.6767491
457.8102924
168.1490787
175.3813047
</DataArray>
<DataArray type="Float64" Name="temperature" format="ascii">
152.1886566
167.792283
81.31689806
150.308942
59.10249814
71.80806324
62.84052484
67.81225644
48.52928158
67.42993232
68.29931932
412.9765583
361.846528
395.8178057
380.1586594
401.3294952
444.512256
448.1969744
368.241279
401.0481439
386.1561174
353.9996445
201.0309942
59.79910323
379.6708119
415.4409526
402.8137534
402.1555297
400.3292331
417.2798753
406.1034347
409.2076233
424.383474
409.5908496
449.2405587
404.8159699
416.4819785
63.67172546
455.916998
446.1492013
446.4280876
414.2472646
397.6698338
370.3747669
444.0498382
443.4619764
403.6830841
402.6072966
402.6942335
368.6821599
428.8174191
452.2424705
357.2945621
363.7049893
405.4645443
362.2665885
358.1020153
147.5982655
200.7289775
390.9478114
60.73656839
161.0703282
187.1498917
130.9709738
67.50505893
65.73307653
307.7446916
296.8988536
365.5206313
428.5341174
283.9004429
218.4778859
220.9943626
207.3032418
472.1031546
241.2794317
249.3404503
443.3479113
181.9330422
369.7321739
291.5482971
292.7858737
276.2438185
259.6158908
226.6596885
239.5350045
250.9292587
267.9458687
281.8124921
293.5632223
308.6002335
317.8256048
320.3617328
234.969832
156.1913349
152.5481905
184.1911341
198.8180681
460.7760988
228.5918895
198.1515773
410.8068459
107.1010937
183.3497291
295.0191676
162.2833325
154.0828445
143.2875392
125.8087627
97.20148784
102.3220524
111.7181452
129.2281681
150.1526983
174.7913881
197.1570227
213.6071011
220.9036571
119.6888488
115.576727
151.0984228
183.1316187
202.4162769
199.5308944
182.4553175
369.3625726
108.1571532
173.8574115
73.1311269
69.83550015
68.91029388
59.28495779
59.03121298
47.64289032
47.56487066
59.92753401
77.5875289
85.95040433
95.47623423
106.4700946
120.382321
157.5977854
186.2044343
155.3778689
179.3388754
202.490828
113.9031543
73.94744538
57.01309762
64.44040894
59.76876745
59.77514407
50.8032221
60.09848366
60.47306397
55.03849019
156.6496344
156.2972724
79.34721023
125.484477
186.8416855
184.7348835
157.4879938
81.84371463
75.17358278
71.34487977
64.56097858
66.50857648
64.10531168
61.02962926
60.03176858
200.9419139
49.50695421
59.3437846
56.92795124
58.19832435
83.76168157
87.47907242
158.5652316
203.9876686
204.3833536
201.3668462
184.9502484
60.18715541
52.21265217
61.69120452
62.40761724
65.72836436
63.36919548
64.35929936
52.74739445
56.20572976
63.44214711
53.7151203
58.46940925
158.9159637
64.36144348
127.4261285
205.0323425
201.5623838
183.9020033
114.4156932
55.32804924
60.19467777
62.32797384
65.61522422
64.73268956
65.06725536
65.22381499
65.36039481
62.31847315
64.44182798
64.10972802
65.95264149
87.7284935
63.63536664
64.25128747
64.74400501
64.37067121
63.21279983
65.20274662
65.77060934
86.35418461
127.9335278
159.0921467
189.6280255
205.9161402
183.381778
156.090141
111.896973
60.48780602
56.25758368
61.43658934
62.27427835
66.00670249
64.22918903
67.52442674
65.7105969
63.98363365
63.36958512
63.45436646
64.441868
65.04712441
66.46456342
66.07123002
182.8044828
128.9864629
188.261662
160.0290304
191.1213168
206.7984849
201.4015192
181.6522244
155.5356541
62.13497415
109.1976181
59.36741605
56.87523459
61.11166149
66.16699499
67.43231916
65.21811087
63.25342538
63.68827887
63.18198953
64.31414672
64.89302595
65.43890666
66.16214005
130.1634215
192.7530467
207.6596888
201.2074904
179.7089094
154.6194868
105.1880899
58.73498955
57.35257999
62.26294723
66.33707189
67.3813555
64.59069939
64.41589998
63.13907143
63.69376235
63.88349834
64.36850313
64.97090325
65.52457987
84.47478525
66.40933816
66.23820699
208.4681868
177.2537803
153.208402
99.32301983
57.5306274
62.28454619
64.1719874
67.39676794
67.34424581
64.15166848
64.09251768
63.75722706
64.85327773
65.22818963
65.83693863
66.50433883
162.2056096
209.2451021
60.74476268
63.24596747
82.65787438
130.6291809
163.470744
194.5905164
210.0036884
200.6789285
151.2376713
56.76422992
57.99171076
61.14825378
62.30919129
66.42714473
64.08279792
63.78689832
63.22932705
62.82572731
63.24476532
64.57300003
64.09042359
66.93598112
92.17558995
66.28926928
63.69799041
67.42780213
65.64208671
80.49315257
131.2181834
128.6460253
164.6884642
196.521702
210.7621895
199.8788694
174.1601058
76.11831237
55.06414465
60.9292685
57.86980729
61.25351527
62.33225209
66.42799819
63.95593362
67.25285719
63.3560769
62.25588366
62.61394584
63.41208321
64.38951898
65.57126546
65.99472032
66.71946753
67.96346954
77.8044376
124.7057003
165.7124907
198.4350024
198.5707532
147.9446771
170.1801443
84.84258342
54.30797319
57.71251928
61.33946074
62.34901045
66.38704539
63.78151143
67.05831009
62.84561963
62.71445132
61.68265427
62.67208191
63.69963538
65.20223736
64.70655728
66.21175854
66.52203375
67.29309129
68.48367974
71.66596764
74.58493018
196.5135908
141.5316071
165.6718684
54.49780942
58.39283153
62.35212966
63.56268767
66.10803016
66.7006858
62.23191416
64.0307313
65.15699091
67.16894503
67.94608313
211.2870365
166.3919655
200.1153143
130.5708894
66.81999417
62.78455558
144.9614415
45.47118993
67.59813564
188.8232953
76.25492162
162.252666
82.44051086
185.5844942
173.5374064
101.3303601
116.259095
127.1243628
175.2198752
62.46261461
65.27993366
185.6654859
51.13529217
44.80550959
76.47377554
131.3810001
69.37915402
68.24186138
71.16886148
68.72783184
66.66835808
67.23012239
70.35830294
69.49102727
54.21924194
59.37561948
98.26549936
150.0352922
57.80034644
64.53947054
66.61633707
53.39353828
32.15779717
178.7380118
80.13951002
135.5131077
185.4726606
176.4963312
69.77120878
67.64830782
68.34016611
68.65395589
69.2529242
69.4766291
66.10353483
58.28156308
61.5265072
63.20770413
64.2009258
59.8179821
49.57823624
44.77470517
80.19394831
138.4620842
190.9963413
153.4546261
89.9956801
65.83580028
90.6178063
53.99732358
43.84319241
43.59174013
54.65519741
56.52844483
62.99091115
65.80119472
71.93295844
65.64930735
67.05900352
66.88815085
71.67632603
93.10089981
177.4777219
133.6249153
54.51175728
45.98355483
70.27869589
65.08741053
67.01234952
67.86712098
157.1901125
191.0298245
63.66372775
59.9730055
56.85739419
53.49366077
54.89186585
71.21286223
54.76122224
58.59053653
48.94630345
68.08066313
69.38688941
68.10182927
71.18516437
68.84947607
67.6128863
68.08622898
63.1383529
88.14088566
152.5158144
198.2249867
206.0238644
144.5019055
63.2773257
63.13038886
60.40659502
62.53412756
62.6293886
68.70509547
68.81080177
67.99351743
68.70046308
137.9016603
76.33305584
55.12330273
48.84391308
45.38588828
55.74647504
72.83514375
63.67425741
47.30419291
68.80429778
69.6807605
72.29222435
65.55887774
65.85953947
65.7468498
46.82764501
54.31321137
73.14306065
175.8747849
143.0291123
69.91222122
82.03354371
133.5991771
167.3460962
161.0918076
51.0135758
59.97464129
61.23073065
68.32716218
68.15855376
68.57507657
69.16975253
69.11854037
68.67962812
65.3608902
62.82078359
61.5108893
61.24585011
62.40855692
62.92032237
62.43538075
59.22661036
52.49559791
45.87532541
83.92114273
151.2264817
194.917458
154.0267107
96.40383049
68.8972895
78.3054352
49.48628522
43.24568871
56.92515766
74.91333125
63.36640576
43.83955489
50.10283579
69.26212125
72.44900412
64.57465015
64.67973183
58.57184163
74.01749901
74.17859657
50.90210902
45.50353484
62.94103089
73.02866149
87.86083857
120.2839465
155.6156411
155.2106911
64.01503125
79.78023795
42.43472563
56.61353773
61.52057636
67.46612192
93.83350087
66.56862088
97.33037392
87.84577059
130.0445026
68.99462934
68.36059295
68.38858135
69.11539648
69.39122521
68.98402784
68.00136312
66.45219072
63.76555046
62.33559817
62.89039032
62.69383487
61.81285856
62.4138706
62.66123708
61.71068718
57.93027356
51.30082408
50.77326809
97.88884404
158.5894573
211.7765686
197.5195506
156.7786504
98.56523684
68.36565479
74.20328238
57.60734326
71.38577178
42.23441193
60.12479431
74.374088
50.84330492
45.91133578
66.33732765
75.35386175
61.72104915
74.26889668
62.65333029
108.0199086
80.64103482
123.4805744
150.1051619
156.4981376
64.317414
64.81921964
72.22528556
68.36004541
72.98816053
51.16259902
61.4971456
77.36499828
55.90612429
39.9973193
49.34461689
63.34140905
67.86235516
67.65865509
62.40064533
60.19945575
67.36396147
61.4887977
68.49339366
68.63468538
69.40795758
69.31065143
68.31022778
67.10815411
65.30461203
62.62133057
63.5202782
63.7569901
62.28338348
62.36806067
62.37700885
61.3722932
57.48977892
50.12509154
56.49362053
116.5124015
166.9426372
212.3796307
199.8928145
160.0390797
100.5308874
66.96466895
75.09617169
47.01781485
81.22370899
66.87172385
61.33584567
75.91685686
52.54691062
74.84272956
147.2462089
100.6312372
73.84264562
56.7577046
71.64136711
65.90010753
82.27686049
66.91132176
72.88202087
46.38114871
68.23854152
75.58169579
68.19426573
192.4057342
201.5111945
210.0932088
50.16606886
58.34659567
52.0831293
62.10642553
64.65424139
62.30513674
64.09351037
61.9902029
61.73934934
66.15522253
67.52524668
68.89338289
69.40586193
68.57637332
73.46162043
56.12857676
65.34305672
52.1265206
44.30454981
58.38162499
78.13494834
53.02344601
38.6332357
55.41665271
66.01503381
37.12302932
80.02620158
123.4809673
149.5180427
71.95871688
50.18214304
51.54441199
76.05857871
60.75193356
76.48193028
54.10341461
67.47269579
73.65972946
84.26597183
127.0276464
153.1408823
104.0550428
162.918745
65.73162903
70.34226834
51.72467127
48.61543575
53.56304827
77.15276685
41.5501835
54.56930308
64.47271778
36.41518132
46.28633941
70.73514349
116.2893955
52.04553138
176.2399288
133.9243302
68.82339161
69.16419412
68.83127465
67.85490392
66.66440398
65.25539931
63.56932142
61.47648151
61.65079135
65.16414112
65.31556381
63.01264461
62.32195382
61.91352287
60.57914342
57.23923927
52.23331993
90.44730187
147.790726
184.8125894
212.5184823
201.8991778
164.9302293
110.4685846
69.37771744
67.96892061
64.02073987
77.18574111
81.69944584
65.893234
75.71501319
43.08713146
73.58711645
149.1159553
69.19678869
47.53045396
55.84246544
65.34027279
75.62767167
60.14936315
75.78144896
54.37681353
70.4295812
75.5083246
99.85868025
108.7421627
127.6435403
67.98644394
67.11655507
73.02377475
58.88576614
68.9162807
67.8555675
65.09825726
62.63899361
77.24318804
45.98387345
53.73514024
48.98209819
52.42927408
46.02850187
63.02989522
56.13951487
80.97169373
65.04034117
61.86768582
61.13930158
54.88429654
52.42753554
73.36035492
59.81069599
72.709823
58.64642367
63.21493088
72.50057441
69.98957237
72.66114347
67.12327581
61.99392968
55.7999077
78.37151045
78.88226539
75.60378148
39.28363054
38.07552295
27.58593126
61.73578676
89.12599032
74.56026514
119.0304444
80.12670368
113.565357
109.756377
70.53108815
65.75489495
58.81520023
118.3892054
113.6171974
158.6733871
64.49937704
64.33891746
61.71498467
66.07397668
63.06672644
69.01946731
68.65066755
67.9820062
66.97577176
70.61472649
212.0008493
65.78877196
62.33285361
62.39825198
54.41063891
75.5706851
66.00345968
64.13691757
55.70116737
67.93637181
67.58500473
64.46032481
51.96825254
72.49895373
49.0684777
67.90600838
63.62116836
65.8268451
59.7400869
68.86759452
68.68858635
61.44467591
61.84374495
62.31201461
192.0653257
68.62875592
63.30446683
201.2369841
166.3869174
73.77232081
212.6205858
53.05850194
73.35212242
57.37739825
62.70326001
72.34044396
83.09731807
73.09758142
71.9772666
58.85997551
42.79606742
73.68655219
72.80324403
72.72089146
71.69660045
74.34748837
71.45707647
88.56503884
69.73160357
70.1543369
65.43957075
52.65799637
61.35353235
43.95141101
24.04088816
31.79937791
56.21985793
68.08394927
67.355492
68.36463578
67.37677602
139.3602169
84.84659161
68.63411522
67.45930334
70.87087139
61.187726
57.73405443
55.43551356
52.19326488
100.4601878
100.6621656
62.60205215
106.4190282
20.68111182
23.74149431
44.01958898
58.22964624
60.44989809
61.37193865
66.12539147
58.98315171
66.48851694
66.94973431
75.02088604
71.07462121
61.24154365
73.48971222
68.0119253
73.12206887
73.16646382
72.90489672
73.46882946
73.06318186
73.65825771
73.32956481
73.24219012
73.78933841
73.42110066
73.48776674
73.18856
72.45687887
71.9221498
79.80201542
49.7409631
82.67773573
72.9419577
87.50848314
73.43711252
71.79606348
72.63168958
72.45572965
87.97169173
100.5400162
72.0476561
69.57725432
81.86150395
102.505528
67.48369802
32.53375601
34.2311003
52.00434716
99.42802976
71.97928636
71.92717188
70.62022146
71.10051255
71.60520604
94.68328704
102.3615013
64.23558021
52.87025906
47.43093876
39.47500085
87.9013467
115.2450008
32.67636368
40.20413235
74.54925761
71.35369745
118.8731021
69.00728967
71.07500243
69.90509644
94.49274217
69.03580659
40.4457623
68.8672073
75.92312165
101.6780729
91.83681803
107.4008786
39.24007276
60.94264879
46.69084789
36.3306055
51.02498701
60.26943896
50.7021178
56.66884536
69.8550313
68.20820011
69.38116643
68.84876932
70.48288655
67.71396894
71.24704553
69.41040589
68.55084933
77.32679331
51.70760062
50.60632568
52.62358344
47.06307933
46.56692081
49.62190117
52.81947842
54.23360197
42.099002
31.19828881
62.31041208
113.6461074
75.74188565
66.72284383
47.82195351
44.30988004
38.96352404
129.4904191
80.61256597
70.84937408
70.21728428
51.34799496
51.45890128
70.1691301
73.42863217
71.63930092
64.87634205
66.20645424
65.88006483
66.36446553
46.88192368
47.62166086
43.9284255
43.65604999
46.71370252
49.52092801
52.43941601
52.4285742
50.40108795
49.07432163
53.0929728
60.66900529
40.48274795
49.31957698
38.90487082
89.54432448
82.9301873
69.02489666
74.15942469
44.72714566
104.6849194
69.84887821
145.1243747
54.82003912
60.62102797
40.94596833
42.9991924
62.18249025
72.50561742
43.41423197
68.17855054
72.36974095
71.13534585
83.74405636
79.53009549
101.9068348
72.84733976
60.53785373
60.76658074
61.93903885
88.55128267
82.94952031
54.85311069
92.73945357
80.44450508
73.43690674
82.82169508
69.88949518
72.57393926
69.86365101
65.25120752
69.69411642
76.69220436
69.77736552
71.88195113
77.97106431
57.3314675
70.01133581
38.61716877
49.38760579
59.84333911
60.17674397
53.91871055
50.51535279
56.47084371
62.14775578
61.00360815
62.70656547
68.98157312
61.76097088
74.4385692
44.58914691
48.41506432
52.53649603
62.24650606
64.16028787
32.04987525
19.17927514
31.76405727
9.53254263
53.09432332
71.3346666
98.23946283
104.1659206
102.1218736
106.592635
76.44501986
76.63772902
67.9071757
78.8015616
90.7701738
73.77511327
69.21529897
52.84604649
69.67752057
73.21678866
46.97451902
90.48852885
89.51275852
48.73462615
47.10031733
59.20839808
55.22831599
62.80644991
38.97168603
61.6949633
61.62831061
62.8746912
60.79098471
71.41060811
60.41812491
47.33880262
52.7121394
66.45505501
51.45763222
50.41033678
59.58817722
58.61225
58.83867512
58.02972408
53.05267277
62.55141927
68.36872739
51.34106063
107.8110885
60.29305873
72.42325896
70.91099774
65.34939736
65.22910698
64.52984267
62.08411007
59.11743908
80.0365256
57.05595967
60.06453921
86.28335615
34.6949677
71.44735773
1.857247853e-07
105.7706469
69.37754111
0.6563405115
94.90784927
54.57278388
60.86221185
70.52337216
57.58204818
55.33930495
59.95816508
60.25684501
70.06835642
67.22343972
70.40864551
62.9088947
73.96572084
56.94742148
59.48811911
53.059793
67.91283083
18.76090341
71.31993643
14.49231712
58.16317787
67.76236994
70.47836308
52.79366794
63.90581611
37.54033151
60.37362125
67.07112115
64.30910292
65.07334541
65.78611169
76.10244403
88.75104171
67.6725953
93.66484877
59.88559597
45.34340338
68.26425505
101.4707484
32.44384391
67.15498901
69.39817225
</DataArray>
<DataArray type="Int32" Name="rank" format="ascii">
5
5
5
5
5
5
5
5
5
5
5
5
5
5
5
5
5
5
5
5
5
5
5
5
5
5
5
5
5
5
5
5
5
5
5
5
5
5
5
5
5
5
5
5
5
5
5
5
5
5
5
5
5
5
5
5
5
5
5
5
5
5
5
5
5
5
5
5
5
5
5
5
5
5
5
5
5
5
5
5
5
5
5
5
5
5
5
5
5
5
5
5
5
5
5
5
5
5
5
5
5
5
5
5
5
5
5
5
5
5
5
5
5
5
5
5
5
5
5
5
5
5
5
5
5
5
5
5
5
5
5
5
5
5
5
5
5
5
5
5
5
5
5
5
5
5
5
5
5
5
5
5
5
5
5
5
5
5
5
5
5
5
5
5
5
5
5
5
5
5
5
5
5
5
5
5
5
5
5
5
5
5
5
5
5
5
5
5
5
5
5
5
5
5
5
5
5
5
5
5
5
5
5
5
5
5
5
5
5
5
5
5
5
5
5
5
5
5
5
5
5
5
5
5
5
5
5
5
5
5
5
5
5
5
5
5
5
5
5
5
5
5
5
5
5
5
5
5
5
5
5
5
5
5
5
5
5
5
5
5
5
5
5
5
5
5
5
5
5
5
5
5
5
5
5
5
5
5
5
5
5
5
5
5
5
5
5
5
5
5
5
5
5
5
5
5
5
5
5
5
5
5
5
5
5
5
5
5
5
5
5
5
5
5
5
5
5
5
5
5
5
5
5
5
5
5
5
5
5
5
5
5
5
5
5
5
5
5
5
5
5
5
5
5
5
5
5
5
5
5
5
5
5
5
5
5
5
5
5
5
5
5
5
5
5
5
5
5
5
5
5
5
5
5
5
5
5
5
5
5
5
5
5
5
5
5
5
5
5
5
5
5
5
5
5
5
5
5
5
5
5
5
5
5
5
5
5
5
5
5
5
5
5
5
5
5
5
5
5
5
5
5
5
5
5
5
5
5
5
5
5
5
5
5
5
5
5
5
5
5
5
5
5
5
5
5
5
5
5
5
5
5
5
5
5
5
5
5
5
5
5
5
5
5
5
5
5
5
5
5
5
5
5
5
5
5
5
5
5
5
5
5
5
5
5
5
5
5
5
5
5
5
5
5
5
5
5
5
5
5
5
5
5
5
5
5
5
5
5
5
5
5
5
5
5
5
5
5
5
5
5
5
5
5
5
5
5
5
5
5
5
5
5
5
5
5
5
5
5
5
5
5
5
5
5
5
5
5
5
5
5
5
5
5
5
5
5
5
5
5
5
5
5
5
5
5
5
5
5
5
5
5
5
5
5
5
5
5
5
5
5
5
5
5
5
5
5
5
5
5
5
5
5
5
5
5
5
5
5
5
5
5
5
5
5
5
5
5
5
5
5
5
5
5
5
5
5
5
5
5
5
5
5
5
5
5
5
5
5
5
5
5
5
5
5
5
5
5
5
5
5
5
5
5
5
5
5
5
5
5
5
5
5
5
5
5
5
5
5
5
5
5
5
5
5
5
5
5
5
5
5
5
5
5
5
5
5
5
5
5
5
5
5
5
5
5
5
5
5
5
5
5
5
5
5
5
5
5
5
5
5
5
5
5
5
5
5
5
5
5
5
5
5
5
5
5
5
5
5
5
5
5
5
5
5
5
5
5
5
5
5
5
5
5
5
5
5
5
5
5
5
5
5
5
5
5
5
5
5
5
5
5
5
5
5
5
5
5
5
5
5
5
5
5
5
5
5
5
5
5
5
5
5
5
5
5
5
5
5
5
5
5
5
5
5
5
5
5
5
5
5
5
5
5
5
5
5
5
5
5
5
5
5
5
5
5
5
5
5
5
5
5
5
5
5
5
5
5
5
5
5
5
5
5
5
5
5
5
5
5
5
5
5
5
5
5
5
5
5
5
5
5
5
5
5
5
5
5
5
5
5
5
5
5
5
5
5
5
5
5
5
5
5
5
5
5
5
5
5
5
5
5
5
5
5
5
5
5
5
5
5
5
5
5
5
5
5
5
5
5
5
5
5
5
5
5
5
5
5
5
5
5
5
5
5
5
5
5
5
5
5
5
5
5
5
5
5
5
5
5
5
5
5
5
5
5
5
5
5
5
5
5
5
5
5
5
5
5
5
5
5
5
5
5
5
5
5
5
5
5
5
5
5
5
5
5
5
5
5
5
5
5
5
5
5
5
5
5
5
5
5
5
5
5
5
5
5
5
5
5
5
5
5
5
5
5
5
5
5
5
5
5
5
5
5
5
5
5
5
5
5
5
5
5
5
5
5
5
5
5
5
5
5
5
5
5
5
5
5
5
5
5
5
5
5
5
5
5
5
5
5
5
5
5
5
5
5
5
5
5
5
5
5
5
5
5
5
5
5
5
5
5
5
5
5
5
5
5
5
5
5
5
5
5
5
5
5
5
5
5
5
5
5
5
5
5
5
5
5
5
5
5
5
5
5
5
5
5
5
5
5
5
5
5
5
5
5
5
5
5
5
5
5
5
5
5
5
5
5
5
5
5
5
5
5
5
5
5
5
5
5
5
5
5
5
5
5
5
5
5
5
5
5
5
5
5
5
5
5
5
5
5
5
5
5
5
5
5
5
5
5
5
5
5
5
5
5
5
5
5
5
5
5
5
5
5
5
5
5
5
5
5
5
5
5
5
5
5
5
5
5
5
5
5
5
5
5
5
5
5
5
5
5
5
5
5
5
5
5
5
5
5
5
5
5
5
5
5
5
5
5
5
5
5
5
5
5
5
5
5
5
5
5
5
5
5
5
5
5
5
5
5
5
5
5
5
5
5
5
5
5
5
5
5
5
5
5
5
5
5
5
5
5
5
5
5
5
5
5
5
5
5
5
5
5
5
5
5
5
5
5
5
5
5
5
</DataArray>
</CellData>
</Piece>
</UnstructuredGrid>
</VTKFile>
