<?xml version="1.0"?>
<VTKFile type="UnstructuredGrid" version="0.1">
<UnstructuredGrid>
<Piece NumberOfPoints="2746" NumberOfCells="2555">
<Points><DataArray type="Float64" NumberOfComponents="3" format="ascii">
2.6 1.099681225 0.0
2.5 1.099681225 0.0
2.5 1.000358622 0.0
2.6 1.000358622 0.0
2.8 1.000358622 0.0
2.7 1.000358622 0.0
2.7 0.9003187749 0.0
2.8 0.9003187749 0.0
2.7 1.099681225 0.0
2.9 0.9003187749 0.0
2.9 1.000358622 0.0
3 1.099681225 0.0
2.9 1.099681225 0.0
3 1.000358622 0.0
3.1 1.099681225 0.0
3.1 1.000358622 0.0
3.2 1.099681225 0.0
3.2 1.000358622 0.0
3.3 1.099681225 0.0
3.3 1.000358622 0.0
3.4 1.000358622 0.0
3.4 0.9003187749 0.0
3.5 0.9003187749 0.0
3.5 1.000358622 0.0
3.6 0.9003187749 0.0
3.6 1.000358622 0.0
3.7 1.099681225 0.0
3.6 1.099681225 0.0
3.7 1.000358622 0.0
3.8 1.099681225 0.0
3.8 1.000358622 0.0
3.9 1.099681225 0.0
3.9 1.000358622 0.0
4.1 1.000358622 0.0
4 1.000358622 0.0
4 0.9003187749 0.0
4.1 0.9003187749 0.0
4 1.099681225 0.0
4.2 0.9003187749 0.0
4.2 1.000358622 0.0
4.7 -1.099681225 0.0
4.8 -1.099681225 0.0
4.8 -0.9996413783 0.0
4.7 -0.9996413783 0.0
4.7 -0.9003187749 0.0
4.6 -0.9003187749 0.0
4.6 -0.9996413783 0.0
4.5 -0.9003187749 0.0
4.5 -0.9996413783 0.0
4.4 -0.9003187749 0.0
4.4 -0.9996413783 0.0
4.5 -1.099681225 0.0
4.6 -1.099681225 0.0
4.3 -1.099681225 0.0
4.4 -1.099681225 0.0
4.3 -0.9996413783 0.0
4.2 -1.099681225 0.0
4.2 -0.9996413783 0.0
4.1 -1.099681225 0.0
4.1 -0.9996413783 0.0
4.1 -0.9003187749 0.0
4 -0.9003187749 0.0
4 -0.9996413783 0.0
3.9 -0.9003187749 0.0
3.9 -0.9996413783 0.0
4 -1.099681225 0.0
3.9 -1.099681225 0.0
3.8 -0.9996413783 0.0
3.8 -1.099681225 0.0
3.8 -0.9003187749 0.0
3.7 -0.9003187749 0.0
3.7 -0.9996413783 0.0
3.6 -0.9003187749 0.0
3.6 -0.9996413783 0.0
3.7 -1.099681225 0.0
3.5 -0.9003187749 0.0
3.5 -0.9996413783 0.0
3.6 -1.099681225 0.0
3.4 -0.9003187749 0.0
3.4 -0.9996413783 0.0
3.3 -0.9003187749 0.0
3.3 -0.9996413783 0.0
3.3 -1.099681225 0.0
3.4 -1.099681225 0.0
3.2 -0.9996413783 0.0
3.2 -1.099681225 0.0
3.1 -0.9996413783 0.0
3.1 -1.099681225 0.0
3.1 -0.9003187749 0.0
3 -0.9003187749 0.0
3 -0.9996413783 0.0
2.9 -0.9003187749 0.0
2.9 -0.9996413783 0.0
3 -1.099681225 0.0
2.8 -1.099681225 0.0
2.9 -1.099681225 0.0
2.8 -0.9996413783 0.0
2.8 -0.9003187749 0.0
2.7 -0.9003187749 0.0
2.7 -0.9996413783 0.0
2.6 -0.9003187749 0.0
2.6 -0.9996413783 0.0
2.7 -1.099681225 0.0
2.6 -1.099681225 0.0
4.3 1.099681225 0.0
4.2 1.099681225 0.0
4.3 1.000358622 0.0
4.4 1.000358622 0.0
4.4 0.9003187749 0.0
4.5 0.9003187749 0.0
4.5 1.000358622 0.0
4.4 1.099681225 0.0
4.6 1.000358622 0.0
4.6 0.9003187749 0.0
4.7 0.9003187749 0.0
4.7 1.000358622 0.0
4.8 0.9003187749 0.0
4.8 1.000358622 0.0
5 1.000358622 0.0
5 1.099681225 0.0
4.9 1.099681225 0.0
4.9 1.000358622 0.0
5.1 1.099681225 0.0
5.1 1.000358622 0.0
5.2 1.099681225 0.0
5.2 1.000358622 0.0
5.3 1.099681225 0.0
5.3 1.000358622 0.0
5.3 0.9003187749 0.0
5.4 0.9003187749 0.0
5.4 1.000358622 0.0
5.5 0.9003187749 0.0
5.5 1.000358622 0.0
5.2 -1.000358622 0.0
5.2 -1.099681225 0.0
5.3 -1.099681225 0.0
5.3 -1.000358622 0.0
5.4 -1.000358622 0.0
5.4 -1.099681225 0.0
5.3 -0.9003187749 0.0
5.2 -0.9003187749 0.0
5.5 -1.000358622 0.0
5.5 -1.099681225 0.0
7 -1.000358622 0.0
7 -1.099681225 0.0
7.1 -1.099681225 0.0
7.1 -1.000358622 0.0
5.6 1.099681225 0.0
5.5 1.099681225 0.0
5.6 1.000358622 0.0
5.7 1.099681225 0.0
5.7 1.000358622 0.0
5.8 1.099681225 0.0
5.8 1.000358622 0.0
5.9 1.099681225 0.0
5.9 1.000358622 0.0
6 1.099681225 0.0
6 1.000358622 0.0
6 0.9003187749 0.0
6.1 0.9003187749 0.0
6.1 1.000358622 0.0
6.2 0.9003187749 0.0
6.2 1.000358622 0.0
6.3 1.099681225 0.0
6.2 1.099681225 0.0
6.3 1.000358622 0.0
6.4 1.000358622 0.0
6.4 0.9003187749 0.0
6.5 0.9003187749 0.0
6.5 1.000358622 0.0
6.7 1.000358622 0.0
6.6 1.000358622 0.0
6.6 0.9003187749 0.0
6.7 0.9003187749 0.0
6.6 1.099681225 0.0
6.5 1.099681225 0.0
7 1.000358622 0.0
7 0.9003187749 0.0
7.1 0.9003187749 0.0
7.1 1.000358622 0.0
7.2 1.000358622 0.0
7.2 0.9003187749 0.0
7.1 1.099681225 0.0
7 1.099681225 0.0
7.3 0.9003187749 0.0
7.3 1.000358622 0.0
7.4 0.9003187749 0.0
7.4 1.000358622 0.0
7.5 0.9003187749 0.0
7.5 1.000358622 0.0
7.6 1.000358622 0.0
7.6 0.9003187749 0.0
7.7 1.000358622 0.0
7.7 0.9003187749 0.0
2.7 -1.199721072 0.0
2.8 -1.199721072 0.0
2.9 -1.199721072 0.0
3 -1.199721072 0.0
3.1 -1.199721072 0.0
3.2 -1.199721072 0.0
3.2 -0.9003187749 0.0
3.3 -1.199721072 0.0
3.4 -1.199721072 0.0
3.5 -1.099681225 0.0
3.5 -1.199721072 0.0
3.6 -1.199721072 0.0
3.7 -1.199721072 0.0
3.8 -1.199721072 0.0
4 -1.199721072 0.0
4.1 -1.199721072 0.0
4.2 -0.9003187749 0.0
4.3 -1.199721072 0.0
4.4 -1.199721072 0.0
4.3 -0.9003187749 0.0
4.5 -1.199721072 0.0
4.8 -1.199721072 0.0
4.9 -1.199721072 0.0
4.9 -1.099681225 0.0
4.8 -0.9003187749 0.0
4.9 -0.9003187749 0.0
4.9 -1.000358622 0.0
5.1 -1.099681225 0.0
5 -1.099681225 0.0
5 -1.199721072 0.0
5.1 -1.199721072 0.0
5 -1.000358622 0.0
5 -0.9003187749 0.0
5.2 -1.199721072 0.0
5.1 -1.000358622 0.0
5.1 -0.9003187749 0.0
5.3 -1.199721072 0.0
5.4 -1.199721072 0.0
5.5 -1.199721072 0.0
5.4 -0.9003187749 0.0
5.6 -1.199721072 0.0
5.6 -1.099681225 0.0
5.5 -0.9003187749 0.0
5.6 -0.9003187749 0.0
5.6 -1.000358622 0.0
5.7 -1.000358622 0.0
5.7 -0.9003187749 0.0
5.7 -1.099681225 0.0
5.7 -1.199721072 0.0
5.8 -1.199721072 0.0
5.8 -1.099681225 0.0
5.8 -1.000358622 0.0
5.8 -0.9003187749 0.0
5.9 -1.000358622 0.0
5.9 -0.9003187749 0.0
5.9 -1.099681225 0.0
5.9 -1.199721072 0.0
6 -1.199721072 0.0
6 -1.099681225 0.0
6 -1.000358622 0.0
6 -0.9003187749 0.0
6.1 -1.199721072 0.0
6.1 -1.099681225 0.0
6.1 -0.9003187749 0.0
6.1 -1.000358622 0.0
6.2 -1.199721072 0.0
6.2 -1.099681225 0.0
6.3 -1.099681225 0.0
6.3 -1.199721072 0.0
6.2 -1.000358622 0.0
6.2 -0.9003187749 0.0
6.3 -1.000358622 0.0
6.3 -0.9003187749 0.0
6.4 -1.000358622 0.0
6.4 -0.9003187749 0.0
6.4 -1.099681225 0.0
6.4 -1.199721072 0.0
6.5 -1.199721072 0.0
6.5 -1.099681225 0.0
6.6 -1.199721072 0.0
6.6 -1.099681225 0.0
6.5 -0.9003187749 0.0
6.5 -1.000358622 0.0
6.6 -1.000358622 0.0
6.6 -0.9003187749 0.0
6.7 -1.000358622 0.0
6.7 -0.9003187749 0.0
6.7 -1.099681225 0.0
6.7 -1.199721072 0.0
6.8 -1.199721072 0.0
6.8 -1.099681225 0.0
6.8 -1.000358622 0.0
6.8 -0.9003187749 0.0
6.9 -1.000358622 0.0
6.9 -0.9003187749 0.0
7 -0.9003187749 0.0
7.1 -0.9003187749 0.0
7.2 -1.000358622 0.0
7.2 -0.9003187749 0.0
7.3 -0.9003187749 0.0
7.3 -1.000358622 0.0
7.4 -0.9003187749 0.0
7.4 -1.000358622 0.0
2.6 1.199721072 0.0
2.5 1.199721072 0.0
2.8 1.099681225 0.0
2.8 1.199721072 0.0
2.7 1.199721072 0.0
2.9 1.199721072 0.0
3 1.199721072 0.0
3.2 1.199721072 0.0
3.1 1.199721072 0.0
3.4 1.099681225 0.0
3.4 1.199721072 0.0
3.3 1.199721072 0.0
3.5 1.199721072 0.0
3.5 1.099681225 0.0
4.5 1.099681225 0.0
4.6 1.099681225 0.0
4.6 1.199721072 0.0
4.5 1.199721072 0.0
4.8 1.099681225 0.0
5 0.9003187749 0.0
4.9 0.9003187749 0.0
4.9 1.199721072 0.0
4.8 1.199721072 0.0
5 1.199721072 0.0
5.1 1.199721072 0.0
5.2 1.199721072 0.0
5.7 1.199721072 0.0
5.6 1.199721072 0.0
5.9 1.199721072 0.0
5.8 1.199721072 0.0
6 1.199721072 0.0
6.4 1.099681225 0.0
2.9 -0.800278928 0.0
3 -0.800278928 0.0
3.2 -0.800278928 0.0
3.3 -0.800278928 0.0
6.6 1.199721072 0.0
6.5 1.199721072 0.0
6.7 1.099681225 0.0
2.6 0.9003187749 0.0
2.6 0.800278928 0.0
2.7 0.800278928 0.0
3 0.9003187749 0.0
2.9 0.800278928 0.0
3 0.800278928 0.0
3.1 0.9003187749 0.0
3.1 0.800278928 0.0
3.2 0.800278928 0.0
3.2 0.9003187749 0.0
3.3 0.9003187749 0.0
3.3 0.800278928 0.0
3.5 0.800278928 0.0
3.6 0.800278928 0.0
3.7 0.800278928 0.0
3.7 0.9003187749 0.0
3.6 1.199721072 0.0
3.8 0.800278928 0.0
3.8 0.9003187749 0.0
3.7 1.199721072 0.0
3.9 0.800278928 0.0
3.9 0.9003187749 0.0
3.8 1.199721072 0.0
4 0.800278928 0.0
3.9 1.199721072 0.0
4 1.199721072 0.0
4.1 1.099681225 0.0
4.1 0.800278928 0.0
4.2 0.800278928 0.0
4.3 0.9003187749 0.0
4.3 0.800278928 0.0
4.4 0.800278928 0.0
4.3 1.199721072 0.0
4.2 1.199721072 0.0
4.5 0.800278928 0.0
4.4 1.199721072 0.0
4.7 1.099681225 0.0
4.7 0.800278928 0.0
4.8 0.800278928 0.0
5.2 0.9003187749 0.0
5.1 0.9003187749 0.0
5.1 0.800278928 0.0
5.2 0.800278928 0.0
5.3 1.199721072 0.0
5.4 1.099681225 0.0
5.4 0.800278928 0.0
5.5 0.800278928 0.0
5.6 0.9003187749 0.0
5.7 0.9003187749 0.0
5.6 0.800278928 0.0
5.7 0.800278928 0.0
5.5 1.199721072 0.0
5.8 0.9003187749 0.0
5.8 0.800278928 0.0
5.9 0.800278928 0.0
5.9 0.9003187749 0.0
6.1 1.099681225 0.0
6 0.800278928 0.0
6.1 0.800278928 0.0
6.2 1.199721072 0.0
6.1 1.199721072 0.0
6.3 0.9003187749 0.0
6.3 0.800278928 0.0
6.4 0.800278928 0.0
6.3 1.199721072 0.0
6.5 0.800278928 0.0
6.4 1.199721072 0.0
6.6 0.800278928 0.0
6.8 0.9003187749 0.0
6.7 0.800278928 0.0
6.8 0.800278928 0.0
6.8 1.000358622 0.0
6.8 1.099681225 0.0
6.9 0.800278928 0.0
6.9 0.9003187749 0.0
6.9 1.000358622 0.0
6.9 1.099681225 0.0
7.2 1.099681225 0.0
7.3 0.800278928 0.0
7.4 0.800278928 0.0
7.3 1.099681225 0.0
7.4 1.099681225 0.0
7.5 1.099681225 0.0
7.6 0.800278928 0.0
7.7 0.800278928 0.0
7.6 1.099681225 0.0
7.7 1.099681225 0.0
3.6 -0.800278928 0.0
3.5 -0.800278928 0.0
3.7 -0.800278928 0.0
3.8 -0.800278928 0.0
3.9 -0.800278928 0.0
3.9 -1.199721072 0.0
4.2 -0.800278928 0.0
4.1 -0.800278928 0.0
4.3 -0.800278928 0.0
4.6 -1.199721072 0.0
4.5 -0.800278928 0.0
4.4 -0.800278928 0.0
4.8 -0.800278928 0.0
4.7 -0.800278928 0.0
4.9 -0.800278928 0.0
5 -0.800278928 0.0
5.1 -0.800278928 0.0
5.2 -0.800278928 0.0
5.3 -0.800278928 0.0
5.5 -0.800278928 0.0
5.4 -0.800278928 0.0
5.6 -0.800278928 0.0
5.7 -0.800278928 0.0
5.9 -0.800278928 0.0
5.8 -0.800278928 0.0
6 -0.800278928 0.0
6.2 -0.800278928 0.0
6.3 -0.800278928 0.0
6.4 -0.800278928 0.0
6.6 -0.800278928 0.0
6.5 -0.800278928 0.0
6.7 -0.800278928 0.0
6.8 -0.800278928 0.0
6.9 -0.800278928 0.0
6.9 -1.099681225 0.0
7 -0.800278928 0.0
7.1 -0.800278928 0.0
7.2 -0.800278928 0.0
6.7 1.199721072 0.0
6.8 1.199721072 0.0
7 0.800278928 0.0
6.9 1.199721072 0.0
7.1 0.800278928 0.0
7 1.199721072 0.0
7.1 1.199721072 0.0
7.2 1.199721072 0.0
7.3 1.199721072 0.0
7.4 1.199721072 0.0
7.5 1.199721072 0.0
7.6 1.199721072 0.0
7.7 1.199721072 0.0
4.2 -1.199721072 0.0
4.7 -1.199721072 0.0
4.6 -0.800278928 0.0
6.1 -0.800278928 0.0
4 -0.800278928 0.0
3.4 -0.800278928 0.0
3.1 -0.800278928 0.0
2.6 -1.199721072 0.0
2.5 0.9003187749 0.0
2.5 0.800278928 0.0
2.8 0.800278928 0.0
7.4 -0.800278928 0.0
7.3 -0.800278928 0.0
3.4 0.800278928 0.0
7.2 -1.099681225 0.0
7.3 -1.099681225 0.0
4.1 1.199721072 0.0
6.9 -1.199721072 0.0
4.7 1.199721072 0.0
5 0.800278928 0.0
4.9 0.800278928 0.0
5.3 0.800278928 0.0
5.4 1.199721072 0.0
4.6 0.800278928 0.0
7.2 0.800278928 0.0
7.5 0.800278928 0.0
6.2 0.800278928 0.0
6.9 -1.299760919 0.0
6.8 -1.299760919 0.0
6.7 -1.299760919 0.0
6.6 -1.299760919 0.0
6.5 -1.299760919 0.0
6.4 -1.299760919 0.0
6.3 -1.299760919 0.0
6.2 -1.299760919 0.0
2.6 1.299760919 0.0
2.5 1.299760919 0.0
2.7 1.299760919 0.0
2.8 1.299760919 0.0
2.9 1.299760919 0.0
3 1.299760919 0.0
3.1 1.299760919 0.0
3.2 1.299760919 0.0
3.3 1.299760919 0.0
3.4 1.299760919 0.0
3.5 1.299760919 0.0
3.6 1.299760919 0.0
3.8 1.299760919 0.0
3.7 1.299760919 0.0
3.9 1.299760919 0.0
4 1.299760919 0.0
4.1 1.299760919 0.0
4.2 1.299760919 0.0
4.3 1.299760919 0.0
4.4 1.299760919 0.0
4.5 1.299760919 0.0
4.6 1.299760919 0.0
4.7 1.299760919 0.0
4.8 1.299760919 0.0
4.9 1.299760919 0.0
5 1.299760919 0.0
5.1 1.299760919 0.0
5.2 1.299760919 0.0
5.3 1.299760919 0.0
5.4 1.299760919 0.0
5.5 1.299760919 0.0
5.6 1.299760919 0.0
5.7 1.299760919 0.0
5.8 1.299760919 0.0
5.9 1.299760919 0.0
6 1.299760919 0.0
6.2 1.299760919 0.0
6.1 1.299760919 0.0
6.3 1.299760919 0.0
2.9 -0.7002390812 0.0
3 -0.7002390812 0.0
3.1 -0.7002390812 0.0
3.2 -0.7002390812 0.0
3.3 -0.7002390812 0.0
3.4 -0.7002390812 0.0
3.6 -0.7002390812 0.0
3.5 -0.7002390812 0.0
3.7 -0.7002390812 0.0
3.8 -0.7002390812 0.0
3.9 -0.7002390812 0.0
4 -0.7002390812 0.0
4.1 -0.7002390812 0.0
4.2 -0.7002390812 0.0
4.3 -0.7002390812 0.0
4.4 -0.7002390812 0.0
4.5 -0.7002390812 0.0
4.6 -0.7002390812 0.0
4.7 -0.7002390812 0.0
4.8 -0.7002390812 0.0
4.9 -0.7002390812 0.0
5 -0.7002390812 0.0
5.1 -0.7002390812 0.0
5.2 -0.7002390812 0.0
5.3 -0.7002390812 0.0
5.4 -0.7002390812 0.0
5.5 -0.7002390812 0.0
6.4 1.299760919 0.0
6.5 1.299760919 0.0
6.6 1.299760919 0.0
6.7 1.299760919 0.0
6.1 -1.299760919 0.0
6 -1.299760919 0.0
5.9 -1.299760919 0.0
5.8 -1.299760919 0.0
5.7 -1.299760919 0.0
5.6 -1.299760919 0.0
5.5 -1.299760919 0.0
5.4 -1.299760919 0.0
5.3 -1.299760919 0.0
5.2 -1.299760919 0.0
5.1 -1.299760919 0.0
5 -1.299760919 0.0
4.9 -1.299760919 0.0
4.8 -1.299760919 0.0
4.7 -1.299760919 0.0
4.6 -1.299760919 0.0
4.5 -1.299760919 0.0
4.4 -1.299760919 0.0
4.3 -1.299760919 0.0
4.2 -1.299760919 0.0
4.1 -1.299760919 0.0
4 -1.299760919 0.0
3.9 -1.299760919 0.0
3.8 -1.299760919 0.0
3.7 -1.299760919 0.0
3.6 -1.299760919 0.0
3.4 -1.299760919 0.0
3.5 -1.299760919 0.0
3.3 -1.299760919 0.0
3.2 -1.299760919 0.0
3.1 -1.299760919 0.0
3 -1.299760919 0.0
2.9 -1.299760919 0.0
2.8 -1.299760919 0.0
2.7 -1.299760919 0.0
2.6 -1.299760919 0.0
2.5 -1.299760919 0.0
2.5 -1.199721072 0.0
2.5 0.7002390812 0.0
2.6 0.7002390812 0.0
2.7 0.7002390812 0.0
3.2 0.7002390812 0.0
3.3 0.7002390812 0.0
5.6 -0.7002390812 0.0
5.7 -0.7002390812 0.0
5.8 -0.7002390812 0.0
6 -0.7002390812 0.0
5.9 -0.7002390812 0.0
6.1 -0.7002390812 0.0
6.2 -0.7002390812 0.0
6.3 -0.7002390812 0.0
6.4 -0.7002390812 0.0
6.5 -0.7002390812 0.0
6.6 -0.7002390812 0.0
6.7 -0.7002390812 0.0
6.8 -0.7002390812 0.0
6.9 -0.7002390812 0.0
7 -0.7002390812 0.0
6.8 1.299760919 0.0
6.9 1.299760919 0.0
7 1.299760919 0.0
7.1 1.299760919 0.0
7.2 1.299760919 0.0
7.3 1.299760919 0.0
7.5 1.299760919 0.0
7.4 1.299760919 0.0
7.6 1.299760919 0.0
5.2 0.7002390812 0.0
5.3 0.7002390812 0.0
5.4 0.7002390812 0.0
5.6 0.7002390812 0.0
5.7 0.7002390812 0.0
6.1 0.7002390812 0.0
6.2 0.7002390812 0.0
7.1 -0.7002390812 0.0
7.2 -0.7002390812 0.0
7.3 -0.7002390812 0.0
7.1 0.7002390812 0.0
7.2 0.7002390812 0.0
7.3 0.7002390812 0.0
7.4 0.7002390812 0.0
7.7 1.299760919 0.0
7.4 -1.099681225 0.0
2.9 0.7002390812 0.0
2.8 0.7002390812 0.0
3 0.7002390812 0.0
3.1 0.7002390812 0.0
3.9 0.7002390812 0.0
4 0.7002390812 0.0
4.1 0.7002390812 0.0
4.2 0.7002390812 0.0
4.3 0.7002390812 0.0
4.4 0.7002390812 0.0
4.5 0.7002390812 0.0
4.6 0.7002390812 0.0
4.7 0.7002390812 0.0
4.8 0.7002390812 0.0
4.9 0.7002390812 0.0
5 0.7002390812 0.0
5.1 0.7002390812 0.0
5.5 0.7002390812 0.0
5.8 0.7002390812 0.0
5.9 0.7002390812 0.0
6 0.7002390812 0.0
6.7 0.7002390812 0.0
6.8 0.7002390812 0.0
6.9 0.7002390812 0.0
7 0.7002390812 0.0
2.7 1.399800766 0.0
2.6 1.399800766 0.0
2.8 1.399800766 0.0
2.9 1.399800766 0.0
3 1.399800766 0.0
3.1 1.399800766 0.0
3.2 1.399800766 0.0
3.3 1.399800766 0.0
3.4 1.399800766 0.0
3.5 1.399800766 0.0
3.6 1.399800766 0.0
3.7 1.399800766 0.0
3.8 1.399800766 0.0
3.9 1.399800766 0.0
4.1 1.399800766 0.0
4 1.399800766 0.0
4.2 1.399800766 0.0
4.3 1.399800766 0.0
4.4 1.399800766 0.0
4.5 1.399800766 0.0
4.6 1.399800766 0.0
4.7 1.399800766 0.0
4.9 1.399800766 0.0
4.8 1.399800766 0.0
5 1.399800766 0.0
5.1 1.399800766 0.0
5.2 1.399800766 0.0
5.3 1.399800766 0.0
5.4 1.399800766 0.0
5.5 1.399800766 0.0
5.7 1.399800766 0.0
5.6 1.399800766 0.0
5.8 1.399800766 0.0
5.9 1.399800766 0.0
6.8 -1.399800766 0.0
6.9 -1.399800766 0.0
6.7 -1.399800766 0.0
6.6 -1.399800766 0.0
6.5 -1.399800766 0.0
6.4 -1.399800766 0.0
6.3 -1.399800766 0.0
6.2 -1.399800766 0.0
6.1 -1.399800766 0.0
6 1.399800766 0.0
6.1 1.399800766 0.0
6.2 1.399800766 0.0
6.3 1.399800766 0.0
3 -0.6001992343 0.0
2.9 -0.6001992343 0.0
3.1 -0.6001992343 0.0
3.2 -0.6001992343 0.0
3.3 -0.6001992343 0.0
3.4 -0.6001992343 0.0
3.5 -0.6001992343 0.0
3.6 -0.6001992343 0.0
3.7 -0.6001992343 0.0
3.8 -0.6001992343 0.0
3.9 -0.6001992343 0.0
4 -0.6001992343 0.0
4.1 -0.6001992343 0.0
4.2 -0.6001992343 0.0
4.3 -0.6001992343 0.0
4.4 -0.6001992343 0.0
4.5 -0.6001992343 0.0
4.6 -0.6001992343 0.0
4.7 -0.6001992343 0.0
4.8 -0.6001992343 0.0
4.9 -0.6001992343 0.0
5 -0.6001992343 0.0
5.1 -0.6001992343 0.0
5.2 -0.6001992343 0.0
5.3 -0.6001992343 0.0
5.5 -0.6001992343 0.0
5.4 -0.6001992343 0.0
5.6 -0.6001992343 0.0
6 -1.399800766 0.0
5.9 -1.399800766 0.0
5.8 -1.399800766 0.0
5.7 -1.399800766 0.0
5.6 -1.399800766 0.0
5.5 -1.399800766 0.0
5.4 -1.399800766 0.0
5.3 -1.399800766 0.0
5.2 -1.399800766 0.0
5.1 -1.399800766 0.0
4.9 -1.399800766 0.0
5 -1.399800766 0.0
4.8 -1.399800766 0.0
4.7 -1.399800766 0.0
6.4 1.399800766 0.0
6.5 1.399800766 0.0
6.6 1.399800766 0.0
6.7 1.399800766 0.0
5.7 -0.6001992343 0.0
5.9 -0.6001992343 0.0
5.8 -0.6001992343 0.0
6 -0.6001992343 0.0
6.1 -0.6001992343 0.0
6.2 -0.6001992343 0.0
6.3 -0.6001992343 0.0
6.4 -0.6001992343 0.0
6.5 -0.6001992343 0.0
6.6 -0.6001992343 0.0
6.7 -0.6001992343 0.0
6.8 -0.6001992343 0.0
6.9 -0.6001992343 0.0
7 -0.6001992343 0.0
7.1 -0.6001992343 0.0
7.2 -0.6001992343 0.0
7.3 -0.6001992343 0.0
7.4 -0.7002390812 0.0
7.5 -0.7002390812 0.0
7.5 -0.6001992343 0.0
7.4 -0.6001992343 0.0
7.6 -0.7002390812 0.0
7.6 -0.6001992343 0.0
7.7 -0.7002390812 0.0
7.7 -0.6001992343 0.0
6.8 1.399800766 0.0
6.9 1.399800766 0.0
7 1.399800766 0.0
7.1 1.399800766 0.0
7.2 1.399800766 0.0
7.3 1.399800766 0.0
7.4 1.399800766 0.0
7.5 1.399800766 0.0
7.6 1.399800766 0.0
4.6 -1.399800766 0.0
4.5 -1.399800766 0.0
4.4 -1.399800766 0.0
4.3 -1.399800766 0.0
4.2 -1.399800766 0.0
4.1 -1.399800766 0.0
4 -1.399800766 0.0
3.9 -1.399800766 0.0
3.8 -1.399800766 0.0
3.7 -1.399800766 0.0
3.6 -1.399800766 0.0
3.5 -1.399800766 0.0
3.4 -1.399800766 0.0
3.3 -1.399800766 0.0
3.1 -1.399800766 0.0
3.2 -1.399800766 0.0
3 -1.399800766 0.0
2.9 -1.399800766 0.0
2.8 -1.399800766 0.0
2.7 -1.399800766 0.0
2.6 -1.399800766 0.0
2.5 -1.399800766 0.0
3.1 0.6001992343 0.0
3.2 0.6001992343 0.0
3.4 0.7002390812 0.0
3.5 0.7002390812 0.0
3.6 0.7002390812 0.0
3.8 0.7002390812 0.0
3.7 0.7002390812 0.0
4 0.6001992343 0.0
4.1 0.6001992343 0.0
4.5 0.6001992343 0.0
4.6 0.6001992343 0.0
5.1 0.6001992343 0.0
5.2 0.6001992343 0.0
7.7 1.399800766 0.0
7.8 1.299760919 0.0
7.8 1.399800766 0.0
6.1 0.6001992343 0.0
6.2 0.6001992343 0.0
6.3 0.7002390812 0.0
6.3 0.6001992343 0.0
6.4 0.7002390812 0.0
6.5 0.7002390812 0.0
6.6 0.7002390812 0.0
7 0.6001992343 0.0
7.1 0.6001992343 0.0
7.5 0.7002390812 0.0
7.6 0.7002390812 0.0
7.5 0.6001992343 0.0
7.6 0.6001992343 0.0
7.7 0.7002390812 0.0
7.7 0.6001992343 0.0
5.9 0.6001992343 0.0
5.8 0.6001992343 0.0
6 0.6001992343 0.0
6.5 0.6001992343 0.0
6.4 0.6001992343 0.0
6.6 0.6001992343 0.0
2.5 1.399800766 0.0
3.3 0.6001992343 0.0
3.4 0.6001992343 0.0
3.5 0.6001992343 0.0
3.6 0.6001992343 0.0
3.7 0.6001992343 0.0
3.8 0.6001992343 0.0
4.4 0.6001992343 0.0
4.8 0.6001992343 0.0
4.7 0.6001992343 0.0
5.3 0.6001992343 0.0
5.4 0.6001992343 0.0
5.5 0.6001992343 0.0
5.6 0.6001992343 0.0
5.7 0.6001992343 0.0
6.7 -1.499840613 0.0
6.8 -1.499840613 0.0
6.6 -1.499840613 0.0
6.5 -1.499840613 0.0
6.4 -1.499840613 0.0
6.2 -1.499840613 0.0
6.3 -1.499840613 0.0
2.3 1.399800766 0.0
2.4 1.399800766 0.0
2.4 1.499840613 0.0
2.3 1.499840613 0.0
2.5 1.499840613 0.0
2.6 1.499840613 0.0
2.8 1.499840613 0.0
2.7 1.499840613 0.0
2.9 1.499840613 0.0
3 1.499840613 0.0
3.1 1.499840613 0.0
3.3 1.499840613 0.0
3.2 1.499840613 0.0
3.4 1.499840613 0.0
3.5 1.499840613 0.0
3.6 1.499840613 0.0
3.7 1.499840613 0.0
3.8 1.499840613 0.0
3.9 1.499840613 0.0
4 1.499840613 0.0
4.1 1.499840613 0.0
4.2 1.499840613 0.0
4.3 1.499840613 0.0
4.4 1.499840613 0.0
4.5 1.499840613 0.0
4.6 1.499840613 0.0
4.7 1.499840613 0.0
4.8 1.499840613 0.0
4.9 1.499840613 0.0
5 1.499840613 0.0
5.1 1.499840613 0.0
5.2 1.499840613 0.0
2.7 0.6001992343 0.0
2.8 0.6001992343 0.0
2.9 0.6001992343 0.0
3 0.6001992343 0.0
3.3 0.5001593874 0.0
3.4 0.5001593874 0.0
3.5 0.5001593874 0.0
3.6 0.5001593874 0.0
3.7 0.5001593874 0.0
3.8 0.5001593874 0.0
3.9 0.6001992343 0.0
3.9 0.5001593874 0.0
4 0.5001593874 0.0
4.2 0.6001992343 0.0
4.1 0.5001593874 0.0
4.2 0.5001593874 0.0
4.3 0.6001992343 0.0
4.4 0.5001593874 0.0
4.5 0.5001593874 0.0
4.9 0.6001992343 0.0
5 0.6001992343 0.0
5.4 0.5001593874 0.0
5.5 0.5001593874 0.0
5.3 1.499840613 0.0
5.4 1.499840613 0.0
5.5 1.499840613 0.0
5.6 1.499840613 0.0
5.7 1.499840613 0.0
5.8 1.499840613 0.0
5.9 1.499840613 0.0
6 1.499840613 0.0
6.1 1.499840613 0.0
6.2 1.499840613 0.0
6.3 1.499840613 0.0
6.4 1.499840613 0.0
6.5 1.499840613 0.0
6.6 1.499840613 0.0
6.7 1.499840613 0.0
6.8 1.499840613 0.0
6.9 1.499840613 0.0
7 1.499840613 0.0
7.3 1.499840613 0.0
7.2 1.499840613 0.0
7.4 1.499840613 0.0
7.5 1.499840613 0.0
7.7 1.499840613 0.0
7.6 1.499840613 0.0
7.8 1.499840613 0.0
3 -0.5001593874 0.0
2.9 -0.5001593874 0.0
3.1 -0.5001593874 0.0
3.2 -0.5001593874 0.0
3.3 -0.5001593874 0.0
3.4 -0.5001593874 0.0
3.5 -0.5001593874 0.0
3.6 -0.5001593874 0.0
3.7 -0.5001593874 0.0
3.8 -0.5001593874 0.0
3.9 -0.5001593874 0.0
4 -0.5001593874 0.0
4.1 -0.5001593874 0.0
4.3 -0.5001593874 0.0
4.2 -0.5001593874 0.0
4.4 -0.5001593874 0.0
4.5 -0.5001593874 0.0
4.6 -0.5001593874 0.0
4.7 -0.5001593874 0.0
4.8 -0.5001593874 0.0
4.9 -0.5001593874 0.0
5 -0.5001593874 0.0
5.1 -0.5001593874 0.0
5.2 -0.5001593874 0.0
5.3 -0.5001593874 0.0
5.4 -0.5001593874 0.0
5.5 -0.5001593874 0.0
5.6 -0.5001593874 0.0
6 -1.499840613 0.0
6.1 -1.499840613 0.0
5.9 -1.499840613 0.0
5.8 -1.499840613 0.0
5.7 -1.499840613 0.0
5.6 -1.499840613 0.0
5.5 -1.499840613 0.0
5.4 -1.499840613 0.0
5.3 -1.499840613 0.0
5.2 -1.499840613 0.0
5.1 -1.499840613 0.0
5 -1.499840613 0.0
4.9 -1.499840613 0.0
4.8 -1.499840613 0.0
4.7 -1.499840613 0.0
4.6 -1.499840613 0.0
4.5 -1.499840613 0.0
4.4 -1.499840613 0.0
4.3 -1.499840613 0.0
4.2 -1.499840613 0.0
4.1 -1.499840613 0.0
4 -1.499840613 0.0
3.9 -1.499840613 0.0
3.8 -1.499840613 0.0
3.7 -1.499840613 0.0
3.6 -1.499840613 0.0
3.5 -1.499840613 0.0
3.4 -1.499840613 0.0
3.3 -1.499840613 0.0
3.2 -1.499840613 0.0
3.1 -1.499840613 0.0
3 -1.499840613 0.0
2.9 -1.499840613 0.0
2.8 -1.499840613 0.0
2.6 -1.499840613 0.0
2.7 -1.499840613 0.0
2.5 -1.499840613 0.0
6.1 0.5001593874 0.0
6.2 0.5001593874 0.0
6.7 0.6001992343 0.0
6.8 0.6001992343 0.0
6.9 0.6001992343 0.0
6.9 0.5001593874 0.0
7 0.5001593874 0.0
7.2 0.6001992343 0.0
7.3 0.6001992343 0.0
7.4 0.6001992343 0.0
5.7 -0.5001593874 0.0
5.8 -0.5001593874 0.0
6 -0.5001593874 0.0
5.9 -0.5001593874 0.0
6.1 -0.5001593874 0.0
6.2 -0.5001593874 0.0
6.3 -0.5001593874 0.0
6.4 -0.5001593874 0.0
6.5 -0.5001593874 0.0
6.6 -0.5001593874 0.0
6.7 -0.5001593874 0.0
6.8 -0.5001593874 0.0
6.9 -0.5001593874 0.0
7 -0.5001593874 0.0
7.1 -0.5001593874 0.0
7.2 -0.5001593874 0.0
7.3 -0.5001593874 0.0
7.4 -0.5001593874 0.0
7.5 -0.5001593874 0.0
7.6 -0.5001593874 0.0
7.7 -0.5001593874 0.0
2.8 0.5001593874 0.0
2.7 0.5001593874 0.0
2.9 0.5001593874 0.0
3 0.5001593874 0.0
3.1 0.5001593874 0.0
3.2 0.5001593874 0.0
4.3 0.5001593874 0.0
4.9 0.5001593874 0.0
5 0.5001593874 0.0
5.1 0.5001593874 0.0
5.6 0.5001593874 0.0
5.7 0.5001593874 0.0
5.8 0.5001593874 0.0
6.5 0.5001593874 0.0
6.6 0.5001593874 0.0
6.7 0.5001593874 0.0
6.8 0.5001593874 0.0
7.2 0.5001593874 0.0
7.3 0.5001593874 0.0
7.4 0.5001593874 0.0
7.1 0.5001593874 0.0
7.5 0.5001593874 0.0
6.9 -1.499840613 0.0
2.9 -0.4001195406 0.0
3 -0.4001195406 0.0
3.1 -0.4001195406 0.0
3.2 -0.4001195406 0.0
3.3 -0.4001195406 0.0
3.4 -0.4001195406 0.0
3.5 -0.4001195406 0.0
3.6 -0.4001195406 0.0
3.7 -0.4001195406 0.0
3.8 -0.4001195406 0.0
3.9 -0.4001195406 0.0
4 -0.4001195406 0.0
4.1 -0.4001195406 0.0
4.2 -0.4001195406 0.0
4.3 -0.4001195406 0.0
4.4 -0.4001195406 0.0
4.5 -0.4001195406 0.0
4.6 -0.4001195406 0.0
4.7 -0.4001195406 0.0
4.8 -0.4001195406 0.0
4.9 -0.4001195406 0.0
5 -0.4001195406 0.0
5.1 -0.4001195406 0.0
5.2 -0.4001195406 0.0
5.3 -0.4001195406 0.0
5.4 -0.4001195406 0.0
5.6 -0.4001195406 0.0
5.5 -0.4001195406 0.0
5.7 -0.4001195406 0.0
5.8 -0.4001195406 0.0
5.9 -0.4001195406 0.0
6 -0.4001195406 0.0
6.1 -0.4001195406 0.0
6.2 -0.4001195406 0.0
6.3 -0.4001195406 0.0
6.4 -0.4001195406 0.0
6.5 -0.4001195406 0.0
6.6 -0.4001195406 0.0
6.7 -0.4001195406 0.0
6.8 -0.4001195406 0.0
6.9 -0.4001195406 0.0
7 -0.4001195406 0.0
7.1 -0.4001195406 0.0
7.2 -0.4001195406 0.0
7.3 -0.4001195406 0.0
7.4 -0.4001195406 0.0
7.5 -0.4001195406 0.0
7.6 -0.4001195406 0.0
7.7 -0.4001195406 0.0
7.7 1.599880459 0.0
7.6 1.599880459 0.0
7.5 1.599880459 0.0
7.4 1.599880459 0.0
7.3 1.599880459 0.0
7.2 1.599880459 0.0
7.1 1.499840613 0.0
7 1.599880459 0.0
6.9 1.599880459 0.0
6.2 1.599880459 0.0
6.1 1.599880459 0.0
6 1.599880459 0.0
5.9 1.599880459 0.0
5.8 1.599880459 0.0
5.7 1.599880459 0.0
5.6 1.599880459 0.0
5.3 1.599880459 0.0
5.2 1.599880459 0.0
5.1 1.599880459 0.0
5 1.599880459 0.0
4.9 1.599880459 0.0
4.5 1.599880459 0.0
4.4 1.599880459 0.0
4.3 1.599880459 0.0
4.2 1.599880459 0.0
3 1.599880459 0.0
2.9 1.599880459 0.0
2.8 1.599880459 0.0
2.7 1.599880459 0.0
2.6 1.599880459 0.0
2.5 1.599880459 0.0
2.4 1.599880459 0.0
3 0.4001195406 0.0
3.1 0.4001195406 0.0
3.2 0.4001195406 0.0
3.3 0.4001195406 0.0
3.6 0.4001195406 0.0
3.7 0.4001195406 0.0
4.1 0.4001195406 0.0
4.2 0.4001195406 0.0
4.6 0.5001593874 0.0
4.7 0.5001593874 0.0
4.8 0.5001593874 0.0
5 0.4001195406 0.0
5.1 0.4001195406 0.0
5.2 0.5001593874 0.0
5.2 0.4001195406 0.0
5.3 0.5001593874 0.0
5.3 0.4001195406 0.0
5.9 0.5001593874 0.0
6 0.5001593874 0.0
6.3 0.5001593874 0.0
6.4 0.5001593874 0.0
6.4 0.4001195406 0.0
6.5 0.4001195406 0.0
6.9 0.4001195406 0.0
7 0.4001195406 0.0
7.1 0.4001195406 0.0
7.2 0.4001195406 0.0
7.3 0.4001195406 0.0
7.6 0.5001593874 0.0
7.7 0.5001593874 0.0
6.9 -1.599880459 0.0
6.8 -1.599880459 0.0
6.7 -1.599880459 0.0
6.6 -1.599880459 0.0
6.5 -1.599880459 0.0
6.4 -1.599880459 0.0
6.1 -1.599880459 0.0
6.2 -1.599880459 0.0
6 -1.599880459 0.0
5.9 -1.599880459 0.0
5.8 -1.599880459 0.0
5.7 -1.599880459 0.0
5.5 -1.599880459 0.0
5.6 -1.599880459 0.0
5.4 -1.599880459 0.0
5.3 -1.599880459 0.0
5.2 -1.599880459 0.0
5.1 -1.599880459 0.0
4.9 -1.599880459 0.0
5 -1.599880459 0.0
4.8 -1.599880459 0.0
4.7 -1.599880459 0.0
4.6 -1.599880459 0.0
4.5 -1.599880459 0.0
4.4 -1.599880459 0.0
4.3 -1.599880459 0.0
4.2 -1.599880459 0.0
4.1 -1.599880459 0.0
4 -1.599880459 0.0
3.9 -1.599880459 0.0
3.8 -1.599880459 0.0
3.7 -1.599880459 0.0
3.5 -1.599880459 0.0
3.6 -1.599880459 0.0
3.4 -1.599880459 0.0
3.3 -1.599880459 0.0
3.2 -1.599880459 0.0
3.1 -1.599880459 0.0
3 -1.599880459 0.0
2.9 -1.599880459 0.0
2.8 -1.599880459 0.0
2.7 -1.599880459 0.0
2.6 -1.599880459 0.0
2.5 -1.599880459 0.0
3.5 0.4001195406 0.0
3.4 0.4001195406 0.0
3.9 0.4001195406 0.0
3.8 0.4001195406 0.0
4 0.4001195406 0.0
4.8 0.4001195406 0.0
4.9 0.4001195406 0.0
5.5 0.4001195406 0.0
5.4 0.4001195406 0.0
5.7 0.4001195406 0.0
5.8 0.4001195406 0.0
5.9 0.4001195406 0.0
6 0.4001195406 0.0
5.6 0.4001195406 0.0
6.1 0.4001195406 0.0
6.2 0.4001195406 0.0
6.3 0.4001195406 0.0
6.7 0.4001195406 0.0
6.6 0.4001195406 0.0
6.8 0.4001195406 0.0
7.5 0.4001195406 0.0
7.4 0.4001195406 0.0
7.6 0.4001195406 0.0
7.7 0.4001195406 0.0
6.8 1.599880459 0.0
7.1 1.599880459 0.0
7.8 1.599880459 0.0
5.4 1.599880459 0.0
4.8 1.599880459 0.0
4.7 1.599880459 0.0
4.6 1.599880459 0.0
3.7 1.599880459 0.0
3.8 1.599880459 0.0
3.6 1.599880459 0.0
3.5 1.599880459 0.0
3.4 1.599880459 0.0
3.3 1.599880459 0.0
2.9 0.4001195406 0.0
2.8 0.4001195406 0.0
2.8 0.3000796937 0.0
2.9 0.3000796937 0.0
3 0.3000796937 0.0
3.1 0.3000796937 0.0
3.2 0.3000796937 0.0
3.5 0.3000796937 0.0
3.6 0.3000796937 0.0
3.7 0.3000796937 0.0
3.8 0.3000796937 0.0
3.9 0.3000796937 0.0
4 0.3000796937 0.0
4.1 0.3000796937 0.0
4.3 0.4001195406 0.0
4.5 0.4001195406 0.0
4.4 0.4001195406 0.0
4.6 0.4001195406 0.0
4.7 0.4001195406 0.0
4.7 0.3000796937 0.0
4.8 0.3000796937 0.0
5.8 0.3000796937 0.0
5.9 0.3000796937 0.0
6 0.3000796937 0.0
6.1 0.3000796937 0.0
6.2 0.3000796937 0.0
6.3 0.3000796937 0.0
6.4 0.3000796937 0.0
7 0.3000796937 0.0
7.1 0.3000796937 0.0
7.2 0.3000796937 0.0
7.6 0.3000796937 0.0
7.7 0.3000796937 0.0
5.4 1.699920306 0.0
5.3 1.699920306 0.0
5.5 1.599880459 0.0
5.5 1.699920306 0.0
5.6 1.699920306 0.0
5.7 1.699920306 0.0
5.8 1.699920306 0.0
5.9 1.699920306 0.0
6 1.699920306 0.0
6.9 -1.699920306 0.0
6.8 -1.699920306 0.0
6.7 -1.699920306 0.0
6.6 -1.699920306 0.0
6.5 -1.699920306 0.0
6.4 -1.699920306 0.0
6.3 -1.599880459 0.0
6.3 -1.699920306 0.0
6.2 -1.699920306 0.0
5.2 1.699920306 0.0
5.1 1.699920306 0.0
5 1.699920306 0.0
4.9 1.699920306 0.0
4.7 1.699920306 0.0
4.6 1.699920306 0.0
4.5 1.699920306 0.0
4.3 1.699920306 0.0
4.2 1.699920306 0.0
4.1 1.599880459 0.0
4 1.599880459 0.0
3.9 1.599880459 0.0
3.8 1.699920306 0.0
3.7 1.699920306 0.0
3.4 1.699920306 0.0
3.3 1.699920306 0.0
3.2 1.599880459 0.0
3.2 1.699920306 0.0
3.1 1.599880459 0.0
3.1 1.699920306 0.0
2.6 1.699920306 0.0
2.5 1.699920306 0.0
6.1 -1.699920306 0.0
6 -1.699920306 0.0
5.9 -1.699920306 0.0
5.8 -1.699920306 0.0
5.6 -1.699920306 0.0
5.7 -1.699920306 0.0
5.5 -1.699920306 0.0
5.4 -1.699920306 0.0
5.3 -1.699920306 0.0
5.2 -1.699920306 0.0
5.1 -1.699920306 0.0
5 -1.699920306 0.0
4.9 -1.699920306 0.0
4.8 -1.699920306 0.0
4.7 -1.699920306 0.0
4.6 -1.699920306 0.0
4.5 -1.699920306 0.0
4.4 -1.699920306 0.0
4.3 -1.699920306 0.0
4.1 -1.699920306 0.0
4.2 -1.699920306 0.0
4 -1.699920306 0.0
3.9 -1.699920306 0.0
3.8 -1.699920306 0.0
3.6 -1.699920306 0.0
3.7 -1.699920306 0.0
3.5 -1.699920306 0.0
3.4 -1.699920306 0.0
3.3 -1.699920306 0.0
3.2 -1.699920306 0.0
3.1 -1.699920306 0.0
3 -1.699920306 0.0
2.9 -1.699920306 0.0
2.8 -1.699920306 0.0
2.7 -1.699920306 0.0
2.6 -1.699920306 0.0
2.5 -1.699920306 0.0
6.1 1.699920306 0.0
6.2 1.699920306 0.0
6.3 1.699920306 0.0
6.3 1.599880459 0.0
3 -0.3000796937 0.0
2.9 -0.3000796937 0.0
3.1 -0.3000796937 0.0
3.2 -0.3000796937 0.0
3.4 -0.3000796937 0.0
3.3 -0.3000796937 0.0
3.5 -0.3000796937 0.0
3.7 -0.3000796937 0.0
3.6 -0.3000796937 0.0
3.8 -0.3000796937 0.0
3.9 -0.3000796937 0.0
4 -0.3000796937 0.0
4.1 -0.3000796937 0.0
4.2 -0.3000796937 0.0
4.3 -0.3000796937 0.0
4.4 -0.3000796937 0.0
4.5 -0.3000796937 0.0
4.6 -0.3000796937 0.0
4.7 -0.3000796937 0.0
4.8 -0.3000796937 0.0
4.9 -0.3000796937 0.0
5 -0.3000796937 0.0
5.1 -0.3000796937 0.0
5.3 -0.3000796937 0.0
5.2 -0.3000796937 0.0
5.4 -0.3000796937 0.0
5.5 -0.3000796937 0.0
5.6 -0.3000796937 0.0
5.7 -0.3000796937 0.0
5.8 -0.3000796937 0.0
5.9 -0.3000796937 0.0
6 -0.3000796937 0.0
6.1 -0.3000796937 0.0
6.2 -0.3000796937 0.0
6.3 -0.3000796937 0.0
6.4 -0.3000796937 0.0
6.5 -0.3000796937 0.0
6.6 -0.3000796937 0.0
6.7 -0.3000796937 0.0
6.8 -0.3000796937 0.0
6.9 -0.3000796937 0.0
7 -0.3000796937 0.0
7.1 -0.3000796937 0.0
7.2 -0.3000796937 0.0
7.3 -0.3000796937 0.0
7.4 -0.3000796937 0.0
7.5 -0.3000796937 0.0
7.6 -0.3000796937 0.0
7.7 -0.3000796937 0.0
6.4 1.599880459 0.0
6.4 1.699920306 0.0
6.5 1.599880459 0.0
6.5 1.699920306 0.0
6.6 1.699920306 0.0
6.6 1.599880459 0.0
6.7 1.599880459 0.0
6.7 1.699920306 0.0
6.8 1.699920306 0.0
6.9 1.699920306 0.0
7 1.699920306 0.0
7.1 1.699920306 0.0
7.2 1.699920306 0.0
7.3 1.699920306 0.0
7.4 1.699920306 0.0
7.5 1.699920306 0.0
7.6 1.699920306 0.0
7.7 1.699920306 0.0
7.8 1.699920306 0.0
4.4 1.699920306 0.0
4.1 1.699920306 0.0
4 1.699920306 0.0
2.7 0.4001195406 0.0
3.9 1.699920306 0.0
3.3 0.3000796937 0.0
3.4 0.3000796937 0.0
3.5 1.699920306 0.0
3 1.699920306 0.0
2.8 1.699920306 0.0
2.7 1.699920306 0.0
2.3 1.599880459 0.0
4.2 0.3000796937 0.0
4.3 0.3000796937 0.0
4.4 0.3000796937 0.0
4.5 0.3000796937 0.0
4.6 0.3000796937 0.0
5.1 0.3000796937 0.0
5.2 0.3000796937 0.0
5.3 0.3000796937 0.0
5.4 0.3000796937 0.0
5.5 0.3000796937 0.0
5.6 0.3000796937 0.0
6.5 0.3000796937 0.0
6.6 0.3000796937 0.0
2.9 0.2000398469 0.0
3 0.2000398469 0.0
3.1 0.2000398469 0.0
3.2 0.2000398469 0.0
3.3 0.2000398469 0.0
3.4 0.2000398469 0.0
3.5 0.2000398469 0.0
3.6 0.2000398469 0.0
3.7 0.2000398469 0.0
3.8 0.2000398469 0.0
3.9 0.2000398469 0.0
4 0.2000398469 0.0
4.9 0.3000796937 0.0
5.3 0.2000398469 0.0
5.4 0.2000398469 0.0
5.7 0.3000796937 0.0
5.6 0.2000398469 0.0
5.7 0.2000398469 0.0
5.8 0.2000398469 0.0
6 0.2000398469 0.0
6.1 0.2000398469 0.0
6.7 0.3000796937 0.0
6.8 0.3000796937 0.0
6.9 0.3000796937 0.0
6.9 0.2000398469 0.0
7 0.2000398469 0.0
7.3 0.3000796937 0.0
7.4 0.3000796937 0.0
7.5 0.3000796937 0.0
6.8 -1.799960153 0.0
6.7 -1.799960153 0.0
6.6 -1.799960153 0.0
6.5 -1.799960153 0.0
6.4 -1.799960153 0.0
6.3 -1.799960153 0.0
6.2 -1.799960153 0.0
5.7 1.799960153 0.0
5.6 1.799960153 0.0
5.5 1.799960153 0.0
5.4 1.799960153 0.0
5.3 1.799960153 0.0
2.9 -0.2000398469 0.0
3 -0.2000398469 0.0
3.2 -0.2000398469 0.0
3.1 -0.2000398469 0.0
3.3 -0.2000398469 0.0
3.4 -0.2000398469 0.0
3.5 -0.2000398469 0.0
3.6 -0.2000398469 0.0
3.7 -0.2000398469 0.0
3.8 -0.2000398469 0.0
3.9 -0.2000398469 0.0
4 -0.2000398469 0.0
4.1 -0.2000398469 0.0
4.2 -0.2000398469 0.0
4.4 -0.2000398469 0.0
4.3 -0.2000398469 0.0
4.5 -0.2000398469 0.0
4.6 -0.2000398469 0.0
4.7 -0.2000398469 0.0
4.8 -0.2000398469 0.0
4.9 -0.2000398469 0.0
5 -0.2000398469 0.0
5.1 -0.2000398469 0.0
5.2 -0.2000398469 0.0
5.3 -0.2000398469 0.0
5.4 -0.2000398469 0.0
5.5 -0.2000398469 0.0
5.6 -0.2000398469 0.0
5.7 -0.2000398469 0.0
5.8 -0.2000398469 0.0
5.9 -0.2000398469 0.0
6 -0.2000398469 0.0
6.1 -0.2000398469 0.0
6.2 -0.2000398469 0.0
4.8 1.699920306 0.0
4.6 1.799960153 0.0
4.5 1.799960153 0.0
4.1 1.799960153 0.0
4 1.799960153 0.0
3.6 1.699920306 0.0
2.9 1.699920306 0.0
2.8 1.799960153 0.0
2.7 1.799960153 0.0
2.6 1.799960153 0.0
2.5 1.799960153 0.0
2.4 1.799960153 0.0
2.4 1.699920306 0.0
2.3 1.699920306 0.0
6 1.799960153 0.0
5.9 1.799960153 0.0
6.1 1.799960153 0.0
6.3 1.799960153 0.0
6.2 1.799960153 0.0
6.4 1.799960153 0.0
6.6 1.799960153 0.0
6.5 1.799960153 0.0
6.8 1.799960153 0.0
6.7 1.799960153 0.0
6.3 -0.2000398469 0.0
6.4 -0.2000398469 0.0
6.5 -0.2000398469 0.0
6.7 -0.2000398469 0.0
6.6 -0.2000398469 0.0
6.8 -0.2000398469 0.0
6.9 -0.2000398469 0.0
7 -0.2000398469 0.0
7.1 -0.2000398469 0.0
7.2 -0.2000398469 0.0
7.3 -0.2000398469 0.0
7.4 -0.2000398469 0.0
7.5 -0.2000398469 0.0
7.6 -0.2000398469 0.0
7.7 -0.2000398469 0.0
6.9 1.799960153 0.0
7.1 1.799960153 0.0
7 1.799960153 0.0
7.3 1.799960153 0.0
7.4 1.799960153 0.0
7.5 1.799960153 0.0
7.6 1.799960153 0.0
7.7 1.799960153 0.0
7.8 1.799960153 0.0
6.1 -1.799960153 0.0
6 -1.799960153 0.0
5.9 -1.799960153 0.0
5.8 -1.799960153 0.0
5.7 -1.799960153 0.0
5.6 -1.799960153 0.0
5.5 -1.799960153 0.0
5.4 -1.799960153 0.0
5.3 -1.799960153 0.0
5.2 -1.799960153 0.0
5.1 -1.799960153 0.0
5 -1.799960153 0.0
4.9 -1.799960153 0.0
4.8 -1.799960153 0.0
4.7 -1.799960153 0.0
4.6 -1.799960153 0.0
4.4 -1.799960153 0.0
4.5 -1.799960153 0.0
4.3 -1.799960153 0.0
4.2 -1.799960153 0.0
4.1 -1.799960153 0.0
4 -1.799960153 0.0
3.9 -1.799960153 0.0
3.8 -1.799960153 0.0
3.7 -1.799960153 0.0
3.6 -1.799960153 0.0
3.5 -1.799960153 0.0
3.4 -1.799960153 0.0
3.3 -1.799960153 0.0
3.2 -1.799960153 0.0
3.1 -1.799960153 0.0
3 -1.799960153 0.0
2.9 -1.799960153 0.0
2.7 -1.799960153 0.0
2.8 -1.799960153 0.0
2.6 -1.799960153 0.0
2.5 -1.799960153 0.0
6.9 -1.799960153 0.0
5.2 1.799960153 0.0
5.1 1.799960153 0.0
4.9 1.799960153 0.0
5 1.799960153 0.0
4.8 1.799960153 0.0
4.7 1.799960153 0.0
4.4 1.799960153 0.0
4.3 1.799960153 0.0
4.2 1.799960153 0.0
3.7 1.799960153 0.0
3.6 1.799960153 0.0
3.5 1.799960153 0.0
3 1.799960153 0.0
3.1 1.799960153 0.0
2.9 1.799960153 0.0
5.8 1.799960153 0.0
7.2 1.799960153 0.0
2.8 0.2000398469 0.0
2.7 0.3000796937 0.0
2.7 0.2000398469 0.0
4.4 0.2000398469 0.0
4.3 0.2000398469 0.0
4.5 0.2000398469 0.0
4.2 0.2000398469 0.0
4.6 0.2000398469 0.0
4.7 0.2000398469 0.0
4.8 0.2000398469 0.0
4.9 0.2000398469 0.0
5 0.2000398469 0.0
5 0.3000796937 0.0
5.1 0.2000398469 0.0
5.2 0.2000398469 0.0
5.5 0.2000398469 0.0
5.9 0.2000398469 0.0
6.7 0.2000398469 0.0
6.6 0.2000398469 0.0
6.8 0.2000398469 0.0
7.5 0.2000398469 0.0
7.4 0.2000398469 0.0
7.6 0.2000398469 0.0
7.7 0.2000398469 0.0
3 -0.1 0.0
2.9 -0.1 0.0
3.1 -0.1 0.0
3.2 -0.1 0.0
3.3 -0.1 0.0
3.4 -0.1 0.0
3.5 -0.1 0.0
3.6 -0.1 0.0
3.7 -0.1 0.0
3.8 -0.1 0.0
3.9 -0.1 0.0
4 -0.1 0.0
4.1 -0.1 0.0
4.2 -0.1 0.0
4.3 -0.1 0.0
4.4 -0.1 0.0
4.5 -0.1 0.0
4.6 -0.1 0.0
4.8 -0.1 0.0
4.7 -0.1 0.0
4.9 -0.1 0.0
5 -0.1 0.0
5.1 -0.1 0.0
5.2 -0.1 0.0
5.3 -0.1 0.0
5.5 -0.1 0.0
5.4 -0.1 0.0
5.6 -0.1 0.0
5.7 -0.1 0.0
5.8 -0.1 0.0
5.9 -0.1 0.0
6 -0.1 0.0
6.1 -0.1 0.0
6.2 -0.1 0.0
6.3 -0.1 0.0
6.4 -0.1 0.0
6.5 -0.1 0.0
6.6 -0.1 0.0
6.7 -0.1 0.0
6.8 -0.1 0.0
6.9 -0.1 0.0
7 -0.1 0.0
7.1 -0.1 0.0
7.2 -0.1 0.0
7.3 -0.1 0.0
7.4 -0.1 0.0
7.5 -0.1 0.0
7.6 -0.1 0.0
7.7 -0.1 0.0
2.7 0.1 0.0
2.8 0.1 0.0
2.9 0.1 0.0
3.1 0.1 0.0
3.2 0.1 0.0
3.5 0.1 0.0
3.6 0.1 0.0
3.8 0.1 0.0
3.9 0.1 0.0
4 0.1 0.0
4.1 0.1 0.0
4.1 0.2000398469 0.0
4.8 0.1 0.0
4.9 0.1 0.0
5 0.1 0.0
5.1 0.1 0.0
5.2 0.1 0.0
5.3 0.1 0.0
5.6 0.1 0.0
5.7 0.1 0.0
5.8 0.1 0.0
5.9 0.1 0.0
6 0.1 0.0
6.1 0.1 0.0
6.2 0.2000398469 0.0
6.2 0.1 0.0
6.3 0.2000398469 0.0
6.3 0.1 0.0
6.4 0.2000398469 0.0
6.5 0.2000398469 0.0
7.1 0.2000398469 0.0
7.3 0.2000398469 0.0
7.2 0.2000398469 0.0
7.5 0.1 0.0
7.6 0.1 0.0
6.8 -1.9 0.0
6.9 -1.9 0.0
6.7 -1.9 0.0
6.6 -1.9 0.0
6.5 -1.9 0.0
6.3 -1.9 0.0
6.4 -1.9 0.0
6.2 -1.9 0.0
5.1 1.9 0.0
5 1.9 0.0
4.4 1.9 0.0
4.3 1.9 0.0
4.2 1.9 0.0
4.1 1.9 0.0
3.9 1.799960153 0.0
3.8 1.799960153 0.0
3.7 1.9 0.0
3.6 1.9 0.0
3.4 1.799960153 0.0
3.3 1.799960153 0.0
3.2 1.799960153 0.0
3 1.9 0.0
2.9 1.9 0.0
2.4 1.9 0.0
2.3 1.9 0.0
2.3 1.799960153 0.0
5.4 1.9 0.0
5.3 1.9 0.0
5.5 1.9 0.0
5.6 1.9 0.0
5.8 1.9 0.0
5.7 1.9 0.0
5.9 1.9 0.0
6.1 -1.9 0.0
6 -1.9 0.0
5.9 -1.9 0.0
5.6 -1.9 0.0
5.7 -1.9 0.0
5.5 -1.9 0.0
5.4 -1.9 0.0
5.3 -1.9 0.0
5.2 -1.9 0.0
5 -1.9 0.0
5.1 -1.9 0.0
4.9 -1.9 0.0
4.8 -1.9 0.0
4.7 -1.9 0.0
4.6 -1.9 0.0
6 1.9 0.0
6.1 1.9 0.0
6.2 1.9 0.0
6.3 1.9 0.0
6.4 1.9 0.0
6.5 1.9 0.0
6.6 1.9 0.0
6.7 1.9 0.0
6.8 1.9 0.0
6.9 1.9 0.0
7 1.9 0.0
7.1 1.9 0.0
7.2 1.9 0.0
7.3 1.9 0.0
7.4 1.9 0.0
7.6 1.9 0.0
7.5 1.9 0.0
7.7 1.9 0.0
4.5 -1.9 0.0
4.4 -1.9 0.0
4.3 -1.9 0.0
4.2 -1.9 0.0
4 -1.9 0.0
4.1 -1.9 0.0
3.9 -1.9 0.0
3.8 -1.9 0.0
3.6 -1.9 0.0
3.7 -1.9 0.0
3.5 -1.9 0.0
3.4 -1.9 0.0
3.2 -1.9 0.0
3.3 -1.9 0.0
3.1 -1.9 0.0
3 -1.9 0.0
2.8 -1.9 0.0
2.9 -1.9 0.0
2.7 -1.9 0.0
2.6 -1.9 0.0
2.5 -1.9 0.0
5.2 1.9 0.0
4.9 1.9 0.0
4.8 1.9 0.0
4.7 1.9 0.0
4.6 1.9 0.0
4.5 1.9 0.0
4 1.9 0.0
3.9 1.9 0.0
3.8 1.9 0.0
3.5 1.9 0.0
3.4 1.9 0.0
3.3 1.9 0.0
3.2 1.9 0.0
5.8 -1.9 0.0
7 0.1 0.0
7.1 0.1 0.0
7.2 0.1 0.0
6.9 0.1 0.0
7.3 0.1 0.0
2.7 1.9 0.0
2.8 1.9 0.0
2.6 1.9 0.0
2.5 1.9 0.0
6.8 0.1 0.0
4.5 0.1 0.0
4.6 0.1 0.0
4.2 0.1 0.0
4.3 0.1 0.0
6.5 0.1 0.0
6.4 0.1 0.0
3.3 0.1 0.0
3.4 0.1 0.0
3 0.1 0.0
5.4 0.1 0.0
5.5 0.1 0.0
7.8 1.9 0.0
6.1 -2 0.0
6.2 -2 0.0
6.4 -2 0.0
6.5 -2 0.0
7.4 2 0.0
7.3 2 0.0
7.1 2 0.0
7 2 0.0
6.9 2 0.0
6.6 2 0.0
6.5 2 0.0
6.4 2 0.0
6.3 2 0.0
6.2 2 0.0
6.1 2 0.0
5.8 2 0.0
5.7 2 0.0
5.6 2 0.0
5.5 2 0.0
5.4 2 0.0
5.3 2 0.0
5.2 2 0.0
7.7 0 0.0
7.6 0 0.0
7.5 0 0.0
7.1 0 0.0
7 0 0.0
6.9 0 0.0
6.7 0 0.0
6.6 0 0.0
6.5 0 0.0
6.7 0.1 0.0
6.8 0 0.0
7.2 0 0.0
7.3 0 0.0
6.6 0.1 0.0
6.4 0 0.0
6.3 0 0.0
6.2 0 0.0
6.1 0 0.0
6 0 0.0
5.9 0 0.0
5.8 0 0.0
5.7 0 0.0
5.6 0 0.0
5.5 0 0.0
5.4 0 0.0
4.8 0 0.0
4.7 0 0.0
4.6 0 0.0
4.5 0 0.0
4.4 0 0.0
4.2 0 0.0
4.1 0 0.0
3.1 0 0.0
3 0 0.0
2.9 0 0.0
5.1 2 0.0
4.7 2 0.0
4.6 2 0.0
4.5 2 0.0
4.4 2 0.0
4 2 0.0
3.9 2 0.0
3.5 2 0.0
3.4 2 0.0
3.3 2 0.0
3.1 1.9 0.0
5.9 -2 0.0
6 -2 0.0
5.8 -2 0.0
5.7 -2 0.0
5.6 -2 0.0
5.5 -2 0.0
5.4 -2 0.0
5.3 -2 0.0
5.2 -2 0.0
5.1 -2 0.0
5 -2 0.0
4.9 -2 0.0
4.8 -2 0.0
4.7 -2 0.0
4.6 -2 0.0
4.5 -2 0.0
4.4 -2 0.0
4.3 -2 0.0
4.2 -2 0.0
4.1 -2 0.0
4 -2 0.0
3.9 -2 0.0
3.8 -2 0.0
3.7 -2 0.0
3.6 -2 0.0
3.5 -2 0.0
3.4 -2 0.0
3.3 -2 0.0
5.3 0 0.0
5.2 0 0.0
5.1 0 0.0
4.9 0 0.0
5 0 0.0
4.7 0.1 0.0
4.4 0.1 0.0
4.3 0 0.0
4 0 0.0
3.9 0 0.0
3.8 0 0.0
3.7 0.1 0.0
3.7 0 0.0
3.6 0 0.0
3.5 0 0.0
3.4 0 0.0
3.3 0 0.0
3.2 0 0.0
2.8 0 0.0
3.2 -2 0.0
3.1 -2 0.0
3 -2 0.0
2.9 -2 0.0
2.8 -2 0.0
2.7 -2 0.0
2.6 -2 0.0
2.5 -2 0.0
7.4 0.1 0.0
7.4 0 0.0
7.7 0.1 0.0
6.6 -2 0.0
6.7 -2 0.0
6.8 -2 0.0
7.8 2 0.0
7.7 2 0.0
6.7 2 0.0
6.8 2 0.0
3.2 2 0.0
3.1 2 0.0
3 2 0.0
3.6 2 0.0
5 2 0.0
4.9 2 0.0
4.8 2 0.0
7.6 2 0.0
7.5 2 0.0
7.2 2 0.0
5.9 2 0.0
6 2 0.0
2.9 2 0.0
2.8 2 0.0
2.7 2 0.0
2.6 2 0.0
2.5 2 0.0
2.4 2 0.0
2.8 -0.1 0.0
2.7 0 0.0
6.3 -2 0.0
4.3 2 0.0
4.2 2 0.0
3.7 2 0.0
4.1 2 0.0
3.8 2 0.0
2.3 2 0.0
6.9 -2 0.0
5.299518263 -4.730380823 0.0
5.539284796 -4.076446529 0.0
5.023394631 -4.09073973 0.0
6.888353965 3.679586814 0.0
6.774158782 3.27041327 0.0
6.999934505 3.268680621 0.0
3.203958088 -3.629606014 0.0
3.212269522 -3.281481032 0.0
3.017524618 -3.250820151 0.0
4.992196072 3.260189184 0.0
4.820965181 3.629606014 0.0
4.80678514 3.27778554 0.0
4.033005675 3.694334065 0.0
3.969964578 3.269057944 0.0
4.190139029 3.283986219 0.0
3.640882782 3.691958753 0.0
3.53211187 3.283917655 0.0
3.776414582 3.272594809 0.0
4.081756992 -3.686540893 0.0
4.13477301 -3.261363164 0.0
3.911850832 -3.281614401 0.0
6.478211264 3.678743548 0.0
6.341506351 3.291800792 0.0
6.570993649 3.276882668 0.0
6.497007308 -3.671237735 0.0
6.610998199 -3.256810271 0.0
6.391488105 -3.253714094 0.0
5.810988927 -3.247567143 0.0
6.00174959 -3.615282337 0.0
6.000461368 -3.270592424 0.0
2.383794565 3.250600672 0.0
2.617483194 3.25891524 0.0
2.461927658 3.653713629 0.0
2.83271915 3.272213553 0.0
3.079487298 3.286340379 0.0
2.90270291 3.673875835 0.0
4.61375612 3.276233257 0.0
5.189829479 3.258412901 0.0
5.420934096 3.264342482 0.0
5.283420107 3.677299376 0.0
5.722873176 3.688924273 0.0
5.631597026 3.272272863 0.0
5.875205992 3.287524665 0.0
7.205445989 3.267928329 0.0
7.441239263 3.264538648 0.0
7.299715353 3.675393727 0.0
6.190390836 -3.248956692 0.0
5.371835317 -3.252316564 0.0
5.515866685 -3.642015802 0.0
5.60972631 -3.245753636 0.0
5.148630321 -3.250002681 0.0
4.90810099 -3.253526847 0.0
5.017380457 -3.648142867 0.0
4.538961194 -3.617874126 0.0
4.702489933 -3.247240901 0.0
4.514202566 -3.274262297 0.0
4.328859012 -3.254188841 0.0
3.428050561 -3.27761061 0.0
2.8149758 -3.253877162 0.0
2.580629398 -3.260081569 0.0
2.731458784 -3.656602633 0.0
6.788987612 -2.532297615 0.0
6.815424661 -2.336516021 0.0
6.705789039 -2.345720924 0.0
3.806748396 2.533532497 0.0
3.7848734 2.341496038 0.0
3.895096189 2.351563539 0.0
2.500142476 -2.333711174 0.0
2.578935215 -2.501334253 0.0
2.592700986 -2.341893426 0.0
3.889593801 -2.506251698 0.0
3.993758164 -2.344056459 0.0
3.898171566 -2.345961553 0.0
5.299284755 -2.332643864 0.0
5.380342871 -2.505965822 0.0
5.391874142 -2.343581235 0.0
7.013896315 2.537382574 0.0
6.985496825 2.338448681 0.0
7.095368441 2.346978182 0.0
6.488776048 2.341195512 0.0
6.372643767 2.502141893 0.0
6.390092256 2.341348369 0.0
3.585389819 2.507350907 0.0
3.594327355 2.342651257 0.0
3.687010711 2.334662291 0.0
4.286103685 -2.537382574 0.0
4.314503175 -2.338448681 0.0
4.204631559 -2.346978182 0.0
7.678481808 2.501226214 0.0
7.692752163 2.342730596 0.0
7.791351602 2.343856314 0.0
5.423958304 2.503611763 0.0
5.408261157 2.345114121 0.0
5.501241224 2.331793302 0.0
3.421735184 -2.505494224 0.0
3.499772075 -2.334244956 0.0
3.407139755 -2.347358188 0.0
4.908759051 -2.507309586 0.0
4.992413178 -2.335339624 0.0
4.902381511 -2.346303725 0.0
3 -2.515241669 0.0
3 -2.348230344 0.0
2.904903811 -2.345086378 0.0
6.4 -2.515241669 0.0
6.399038106 -2.352540644 0.0
6.304727772 -2.344418264 0.0
4.199427271 2.513628109 0.0
4.104594869 2.344215993 0.0
4.199725339 2.347456536 0.0
6 -2.515241669 0.0
6 -2.348230344 0.0
5.904903811 -2.345086378 0.0
5 2.515241669 0.0
5 2.348230344 0.0
5.095096189 2.345086378 0.0
4.6 2.515241669 0.0
4.599038106 2.352540644 0.0
4.695096189 2.346767868 0.0
3.707887559 -2.338930585 0.0
3.598949609 -2.336277478 0.0
3.659301688 -2.530131393 0.0
3.806066041 -2.335672608 0.0
4.904903811 2.345086378 0.0
4.294787248 2.344215993 0.0
3.348119248 2.535521824 0.0
3.293988256 2.338033617 0.0
3.403961098 2.337904689 0.0
2.508773885 2.343859391 0.0
2.607449631 2.342722711 0.0
2.621943624 2.501188752 0.0
6.8 2.348230344 0.0
6.891162788 2.336975312 0.0
6.8 2.515241669 0.0
6.120425568 2.500735889 0.0
6.008339457 2.342985929 0.0
6.106798898 2.342090009 0.0
2.798782422 2.326574492 0.0
2.890210061 2.337689722 0.0
2.876287419 2.494884196 0.0
2.691421623 -2.343153374 0.0
3.095096189 -2.345086378 0.0
3.308605991 -2.346767868 0.0
5.201037518 -2.331870458 0.0
5.089691134 -2.334772007 0.0
5.14401173 -2.521146951 0.0
5.695652925 -2.349520942 0.0
5.583429548 -2.340693195 0.0
5.606983857 -2.537358777 0.0
6.704903811 2.345086378 0.0
5.69166216 2.342119537 0.0
5.791042661 2.342985929 0.0
5.67486618 2.500220044 0.0
5.599171524 2.329115642 0.0
4.595096189 -2.345086378 0.0
4.5 -2.348230344 0.0
4.5 -2.515241669 0.0
4.408837212 -2.336975312 0.0
5.48497793 -2.334768243 0.0
6.095096189 -2.345086378 0.0
2.700031542 2.329414944 0.0
2.983882781 2.3324147 0.0
3.117217245 2.530219759 0.0
3.083430509 2.333694654 0.0
3.193366295 2.336063718 0.0
3.502447414 2.332455224 0.0
4.504727772 2.344418264 0.0
7.600277157 2.329512279 0.0
6.199470894 2.329202657 0.0
5.309597988 2.345086378 0.0
6.298082829 2.331787034 0.0
7.409038515 2.345162229 0.0
7.502012366 2.332110866 0.0
7.426859443 2.503791305 0.0
4.806942675 -2.341825156 0.0
6.495096189 -2.346767868 0.0
7.309597988 2.345086378 0.0
4.664927703 -4.736573735 0.0
4.573128466 -4.150904424 0.0
3.080442066 -4.718331031 0.0
3.619389676 -4.718544486 0.0
3.664408075 -4.181872932 0.0
3.174102095 -4.150128535 0.0
4.153500287 -4.721726756 0.0
4.120585625 -4.175900767 0.0
5.948533823 -4.75832222 0.0
6 -4.149073758 0.0
6.490185948 -4.192628804 0.0
6.498901248 -4.764828636 0.0
6.984750596 -4.722290732 0.0
6.964835234 -4.185375089 0.0
3.667287641 -3.696354728 0.0
2.747600152 -4.070704162 0.0
2.460486914 -4.661949459 0.0
7.650560069 3.265179697 0.0
7.731011093 3.675004327 0.0
3.267532402 3.717870281 0.0
3.3 3.321637038 0.0
6.961822421 -3.685261602 0.0
6.1 3.696008843 0.0
6.1 3.321637038 0.0
2.187558775 3.252294598 0.0
1.994879636 3.6151059 0.0
2.621030507 3.014258609 0.0
2.860376588 3.017152881 0.0
3.089550766 3.025061734 0.0
3.315094147 3.026057925 0.0
3.560376588 3.017152881 0.0
4.415822185 3.710984958 0.0
4.4 3.321637038 0.0
6.111976662 3.027780084 0.0
6.349090611 3.023646315 0.0
6.789250335 3.012681096 0.0
7 3.011368953 0.0
7.436642785 3.015222724 0.0
7.662867581 3.016163224 0.0
6.814543282 -3.264769361 0.0
5.6 -3.011368953 0.0
5.378493657 -3.01260943 0.0
5.140072142 -3.015787778 0.0
4.913688749 -3.014397734 0.0
4.7 -3.011368953 0.0
4.5 -3.011368953 0.0
3.671416525 -3.320319492 0.0
7.213190446 3.015923218 0.0
4.194468982 3.022680631 0.0
4.4 3.024611943 0.0
3.988100253 3.016573609 0.0
3.783317113 3.017212414 0.0
5.8 -3.011368953 0.0
2.578982108 -3.014908445 0.0
2.8 -3.011368953 0.0
2.793925519 -2.766662943 0.0
2.575702076 -2.759764289 0.0
3 -3.011368953 0.0
3.001399858 -2.765633801 0.0
3.209020186 -3.021392984 0.0
3.211673913 -2.769261642 0.0
3.430472777 -3.017152881 0.0
3.437675467 -2.760135052 0.0
3.670764015 -2.769322171 0.0
3.666983829 -3.031973872 0.0
3.895281998 -3.021100946 0.0
3.890800095 -2.765722201 0.0
4.09913148 -2.767777945 0.0
4.1 -3.011368953 0.0
4.3 -3.011368953 0.0
4.296525921 -2.764224296 0.0
4.499802477 -2.764447825 0.0
4.702683988 -2.766956383 0.0
4.910735951 -2.760938051 0.0
5.142943803 -2.763068753 0.0
5.376004867 -2.761361653 0.0
5.597475295 -2.770415085 0.0
5.8 -2.765240078 0.0
6 -2.764272694 0.0
6 -3.011368953 0.0
6.2 -2.765240078 0.0
6.2 -3.011368953 0.0
6.4 -3.011368953 0.0
6.4 -2.764272694 0.0
6.6 -2.765240078 0.0
6.6 -3.011368953 0.0
6.8 -3.011368953 0.0
6.797246903 -2.765744869 0.0
7.439217969 2.759652513 0.0
7.674540429 2.759376215 0.0
7.210673012 2.769172865 0.0
7.003474079 2.764224296 0.0
6.794611068 2.764944447 0.0
6.585719858 2.767630729 0.0
6.573763614 3.020210202 0.0
6.360036874 2.760135052 0.0
6.121894434 2.762578809 0.0
5.887530059 3.018257588 0.0
5.892557261 2.770086819 0.0
5.659927858 3.015787778 0.0
5.66080455 2.758065177 0.0
5.425449277 2.760378531 0.0
5.420763468 3.014134449 0.0
5.206362319 2.766816503 0.0
5.2 3.011368953 0.0
5 3.011368953 0.0
5.00159058 2.764666801 0.0
4.8 3.011368953 0.0
4.8 2.765240078 0.0
4.6 3.011368953 0.0
4.6 2.765100381 0.0
4.4 2.768550825 0.0
4.199636648 2.765550753 0.0
3.796477281 2.767733014 0.0
3.99911932 2.768655124 0.0
3.572694259 2.763720476 0.0
3.339060072 2.769492811 0.0
3.103245031 2.770695751 0.0
2.860705186 2.760151443 0.0
2.624603349 2.759609244 0.0
2.4 3.011368953 0.0
2.406976766 2.76943625 0.0
2.2 3.011368953 0.0
2.203303716 2.765321102 0.0
2.8 -2.5414457 0.0
3.2 -2.5414457 0.0
4.1 -2.5414457 0.0
4.7 -2.5414457 0.0
5.8 -2.5414457 0.0
6.2 -2.5414457 0.0
6.6 -2.5414457 0.0
7.212857192 2.543931467 0.0
6.589590906 2.537598354 0.0
5.9 2.5414457 0.0
5.2 2.5414457 0.0
4.8 2.5414457 0.0
4.4 2.5414457 0.0
4 2.5414457 0.0
2.410533814 2.544443481 0.0
2.213214866 2.541769797 0.0
5.9 2.365379124 0.0
6.2 -2.365379124 0.0
4.4 2.365379124 0.0
4 2.365379124 0.0
6.6 -2.365379124 0.0
2.4 2.365379124 0.0
2.295096189 2.351563539 0.0
4.1 -2.365379124 0.0
5.8 -2.365379124 0.0
3.2 -2.365379124 0.0
4.8 2.365379124 0.0
7.7 2.220143006 0.0
7.7978379 2.224688682 0.0
7.6 2.220143006 0.0
7.5 2.220143006 0.0
7.4 2.220143006 0.0
7.3 2.220143006 0.0
7.2 2.226416284 0.0
7.2 2.365379124 0.0
7.09884211 2.225056395 0.0
7 2.220143006 0.0
6.9 2.220143006 0.0
6.8 2.220143006 0.0
6.7 2.220143006 0.0
6.6 2.365379124 0.0
6.6 2.226416284 0.0
6.5 2.220143006 0.0
6.4 2.220143006 0.0
6.3 2.220143006 0.0
6.2 2.220143006 0.0
6.1 2.220143006 0.0
6 2.220143006 0.0
5.9 2.226416284 0.0
5.8 2.220143006 0.0
5.7 2.220143006 0.0
5.6 2.220143006 0.0
5.5 2.220143006 0.0
5.4 2.220143006 0.0
5.302399497 2.224897843 0.0
5.2 2.365379124 0.0
5.2 2.226416284 0.0
5.1 2.220143006 0.0
5 2.220143006 0.0
4.9 2.220143006 0.0
4.8 2.226416284 0.0
4.7 2.220143006 0.0
4.6 2.220143006 0.0
4.5 2.220143006 0.0
4.4 2.226416284 0.0
4.3 2.220143006 0.0
4.2 2.220143006 0.0
4.1 2.220143006 0.0
4 2.226416284 0.0
3.898774047 2.225789645 0.0
3.795911862 2.223430844 0.0
3.7 2.220143006 0.0
3.6 2.220143006 0.0
3.5 2.220143006 0.0
3.4 2.220143006 0.0
3.3 2.220143006 0.0
3.2 2.220143006 0.0
3.1 2.220143006 0.0
3 2.220143006 0.0
2.9 2.220143006 0.0
2.8 2.220143006 0.0
2.7 2.220143006 0.0
2.6 2.220143006 0.0
2.5 2.220143006 0.0
2.4 2.226416284 0.0
2.298774047 2.225789645 0.0
2.6 -2.220143006 0.0
2.5 -2.220143006 0.0
2.7 -2.220143006 0.0
2.8 -2.365379124 0.0
2.8 -2.226416284 0.0
3.2 -2.226416284 0.0
3.1 -2.220143006 0.0
3.302151498 -2.224905462 0.0
3 -2.220143006 0.0
3.4 -2.220143006 0.0
3.6 -2.220143006 0.0
3.5 -2.220143006 0.0
3.7 -2.220143006 0.0
3.8 -2.220143006 0.0
3.9 -2.220143006 0.0
4 -2.220143006 0.0
4.1 -2.226416284 0.0
4.20115789 -2.22505606 0.0
4.3 -2.220143006 0.0
4.6 -2.220143006 0.0
4.5 -2.220143006 0.0
4.4 -2.220143006 0.0
4.7 -2.365379124 0.0
4.7 -2.226416284 0.0
4.8 -2.220143006 0.0
4.9 -2.220143006 0.0
5 -2.220143006 0.0
5.1 -2.220143006 0.0
5.2 -2.220143006 0.0
5.3 -2.220143006 0.0
5.4 -2.220143006 0.0
5.495140906 -2.221411508 0.0
5.595585695 -2.222866421 0.0
5.698913231 -2.22559373 0.0
5.8 -2.226416284 0.0
6.1 -2.220143006 0.0
6 -2.220143006 0.0
5.901225953 -2.224996198 0.0
6.2 -2.226416284 0.0
6.3 -2.220143006 0.0
6.4 -2.220143006 0.0
6.5 -2.220143006 0.0
6.6 -2.226416284 0.0
6.70144726 -2.225238436 0.0
6.8 -2.220143006 0.0
2.9 -2.220143006 0.0
2.5 2.106294689 0.0
2.6 2.105035751 0.0
2.7 2.107553627 0.0
2.8 2.105035751 0.0
2.9 2.106294689 0.0
3.1 2.105035751 0.0
3.2 2.106294689 0.0
3.5 2.106294689 0.0
3.6 2.105035751 0.0
4.1 2.106609424 0.0
4.2 2.106294689 0.0
4.6 2.105035751 0.0
4.7 2.106294689 0.0
5.2 2.106604071 0.0
5.3 2.107945707 0.0
7.8 2.108339125 0.0
7.7 2.105035751 0.0
7.6 2.107947045 0.0
7.5 2.106609424 0.0
7.4 2.106294689 0.0
7.3 2.105035751 0.0
7.2 2.109535036 0.0
7.1 2.106688107 0.0
7 2.106609424 0.0
6.9 2.106294689 0.0
6.8 2.105035751 0.0
6.7 2.106294689 0.0
6.6 2.109436681 0.0
6.5 2.105035751 0.0
6.4 2.106294689 0.0
6.3 2.108183096 0.0
6.2 2.106294689 0.0
6.1 2.105035751 0.0
6 2.107945707 0.0
5.9 2.106604071 0.0
5.5 2.106294689 0.0
5.6 2.108286285 0.0
5.7 2.106707444 0.0
5.8 2.106686769 0.0
2.5 -2.106294689 0.0
2.6 -2.105035751 0.0
2.7 -2.108260441 0.0
2.8 -2.107863009 0.0
3 -2.106294689 0.0
2.9 -2.105035751 0.0
3.2 -2.109830099 0.0
3.1 -2.106609424 0.0
3.3 -2.106294689 0.0
3.4 -2.105035751 0.0
3.5 -2.107868362 0.0
3.6 -2.106294689 0.0
3.7 -2.105035751 0.0
3.8 -2.106294689 0.0
3.9 -2.106609424 0.0
4 -2.108339125 0.0
4.1 -2.106604071 0.0
4.3 -2.108281116 0.0
4.2 -2.106686769 0.0
4.4 -2.106294689 0.0
4.5 -2.105035751 0.0
4.6 -2.106294689 0.0
4.7 -2.109436681 0.0
4.8 -2.105035751 0.0
4.9 -2.106294689 0.0
5 -2.106609424 0.0
5.2 -2.107966716 0.0
5.1 -2.106688107 0.0
5.3 -2.105035751 0.0
5.4 -2.106294689 0.0
5.5 -2.107868362 0.0
5.6 -2.105035751 0.0
5.7 -2.106294689 0.0
5.8 -2.108177743 0.0
5.9 -2.108339125 0.0
6 -2.105035751 0.0
6.1 -2.108260441 0.0
6.2 -2.107863009 0.0
6.3 -2.105035751 0.0
6.4 -2.106294689 0.0
6.5 -2.106609424 0.0
6.6 -2.108256427 0.0
6.7 -2.10867353 0.0
6.8 -2.106294689 0.0
6.9 -2.105035751 0.0
6.9 -2.220143006 0.0
3.7 2.107868362 0.0
4.3 2.105035751 0.0
4.4 2.109436681 0.0
4.5 2.106294689 0.0
5.4 2.105035751 0.0
3 2.107868362 0.0
2.4 2.109436681 0.0
2.299693512 2.110799792 0.0
3.3 2.10826178 0.0
3.4 2.106609424 0.0
3.8 2.106294689 0.0
3.899693512 2.110399925 0.0
4 2.109515365 0.0
4.8 2.108177743 0.0
4.9 2.107080187 0.0
5 2.10847749 0.0
5.1 2.106686769 0.0
2.4 1.099681225 0.0
2.4 1.000358622 0.0
2.8 -0.800278928 0.0
2.7 -0.800278928 0.0
2.6 -0.800278928 0.0
2.5 -0.9003187749 0.0
2.5 -0.9996413783 0.0
2.5 -1.099681225 0.0
7 -1.199721072 0.0
7.1 -1.199721072 0.0
7.8 1.000358622 0.0
7.8 0.9003187749 0.0
7.5 -0.9003187749 0.0
7.5 -1.000358622 0.0
2.4 1.199721072 0.0
7.8 0.800278928 0.0
7.8 1.099681225 0.0
7.8 1.199721072 0.0
2.4 0.9003187749 0.0
2.4 0.800278928 0.0
7.5 -0.800278928 0.0
7.3 -1.199721072 0.0
7.2 -1.199721072 0.0
7 -1.299760919 0.0
2.4 1.299760919 0.0
2.8 -0.7002390812 0.0
2.4 -1.199721072 0.0
2.4 -1.299760919 0.0
2.4 0.7002390812 0.0
2.6 0.6001992343 0.0
2.5 0.6001992343 0.0
7.4 -1.199721072 0.0
7.5 -1.099681225 0.0
7 -1.399800766 0.0
2.8 -0.6001992343 0.0
7.6 -0.800278928 0.0
7.8 -0.7002390812 0.0
7.8 -0.6001992343 0.0
7.7 -0.800278928 0.0
2.4 -1.399800766 0.0
7.9 1.299760919 0.0
7.9 1.399800766 0.0
7.8 0.7002390812 0.0
7.8 0.6001992343 0.0
2.2 1.499840613 0.0
2.2 1.399800766 0.0
2.3 1.299760919 0.0
7.9 1.499840613 0.0
2.8 -0.5001593874 0.0
2.4 -1.499840613 0.0
7.8 -0.5001593874 0.0
2.6 0.5001593874 0.0
7 -1.499840613 0.0
2.8 -0.4001195406 0.0
7.8 -0.4001195406 0.0
7.8 0.5001593874 0.0
7 -1.599880459 0.0
2.4 -1.599880459 0.0
7.8 0.4001195406 0.0
7.9 1.599880459 0.0
7.8 0.3000796937 0.0
7 -1.699920306 0.0
2.4 -1.699920306 0.0
2.8 -0.3000796937 0.0
7.8 -0.3000796937 0.0
7.9 1.699920306 0.0
2.6 0.4001195406 0.0
2.2 1.599880459 0.0
2.8 -0.2000398469 0.0
2.2 1.699920306 0.0
7.8 -0.2000398469 0.0
7.9 1.799960153 0.0
2.4 -1.799960153 0.0
7 -1.799960153 0.0
2.6 0.2000398469 0.0
2.6 0.3000796937 0.0
7.8 0.2000398469 0.0
7.8 -0.1 0.0
2.6 0.1 0.0
7 -1.9 0.0
2.2 1.9 0.0
2.2 1.799960153 0.0
2.4 -1.9 0.0
7.9 1.9 0.0
7.8 0 0.0
2.4 -2 0.0
7.8 0.1 0.0
7.9 2 0.0
2.7 -0.1 0.0
2.6 0 0.0
2.2 2 0.0
7 -2 0.0
2.286635488 -3.658724641 0.0
2.371262923 -3.256257268 0.0
6.909410917 -2.334540026 0.0
6.997772294 -2.50718516 0.0
2.401381313 -2.331554056 0.0
2.327101744 -2.50253768 0.0
7.9 2.365379124 0.0
7.9 2.5414457 0.0
5.306084044 -5.443092614 0.0
4.661371126 -5.389491151 0.0
3.015507106 -5.346543639 0.0
3.579208275 -5.252247226 0.0
4.158728789 -5.268270043 0.0
5.934475045 -5.422239636 0.0
6.516180292 -5.368603667 0.0
6.982399229 -5.257026738 0.0
7.44835136 -4.708728712 0.0
7.394590479 -4.169215452 0.0
2.3 -5.359266171 0.0
2.27909154 -4.060963632 0.0
7.711306029 4.095440831 0.0
7.283778771 4.074807445 0.0
7.88356327 3.281905299 0.0
2.865519458 4.092561694 0.0
3.220723992 4.178410008 0.0
7.381965878 -3.68528325 0.0
6.508860266 4.058593977 0.0
6.102829695 4.073410562 0.0
5.749948339 4.165766575 0.0
5.300340724 4.172936857 0.0
1.997770408 3.269530246 0.0
2.436641009 4.0935156 0.0
2 4.149073758 0.0
3.617532402 4.174911306 0.0
4.011341345 4.176106323 0.0
4.436859744 4.175990637 0.0
4.863608063 4.165949818 0.0
6.889013543 4.113896477 0.0
7.889727041 3.024874262 0.0
7.031802178 -3.263829077 0.0
2.339963126 -2.760135052 0.0
2.350886459 -3.014987631 0.0
7.011777388 -3.010652475 0.0
7 -2.754072829 0.0
7.893635107 2.769245624 0.0
2.001494241 2.764309341 0.0
2 3.011368953 0.0
2.002673247 2.515307231 0.0
2.185572405 2.341030403 0.0
7.9 2.226416284 0.0
2.196086613 2.223733974 0.0
2.4 -2.220143006 0.0
7.9 2.108177743 0.0
2.4 -2.108575176 0.0
7 -2.220143006 0.0
7 -2.106294689 0.0
2.2 2.107972842 0.0
</DataArray></Points>
<Cells>
<DataArray type="Int32" Name="connectivity" format="ascii">
0 1 2 3 
4 5 6 7 
8 0 3 5 
4 7 9 10 
11 12 10 13 
14 11 13 15 
16 14 15 17 
18 16 17 19 
20 21 22 23 
23 22 24 25 
26 27 25 28 
29 26 28 30 
31 29 30 32 
33 34 35 36 
37 31 32 34 
33 36 38 39 
40 41 42 43 
43 44 45 46 
46 45 47 48 
48 47 49 50 
48 51 52 46 
53 54 50 55 
56 53 55 57 
58 56 57 59 
59 60 61 62 
62 61 63 64 
62 65 58 59 
64 66 65 62 
67 68 66 64 
67 69 70 71 
71 70 72 73 
71 74 68 67 
73 72 75 76 
77 74 71 73 
76 75 78 79 
79 78 80 81 
81 82 83 79 
84 85 82 81 
86 87 85 84 
86 88 89 90 
90 89 91 92 
93 87 86 90 
94 95 92 96 
96 97 98 99 
99 98 100 101 
102 94 96 99 
101 103 102 99 
104 105 39 106 
107 108 109 110 
111 104 106 107 
112 113 114 115 
115 114 116 117 
118 119 120 121 
122 119 118 123 
124 122 123 125 
126 124 125 127 
127 128 129 130 
130 129 131 132 
133 134 135 136 
137 136 135 138 
139 140 133 136 
141 137 138 142 
143 144 145 146 
147 148 132 149 
150 147 149 151 
152 150 151 153 
154 152 153 155 
156 154 155 157 
157 158 159 160 
160 159 161 162 
163 164 162 165 
166 167 168 169 
170 171 172 173 
174 175 169 171 
176 177 178 179 
180 179 178 181 
179 182 183 176 
180 181 184 185 
185 184 186 187 
187 186 188 189 
190 189 188 191 
192 190 191 193 
102 194 195 94 
94 195 196 95 
95 196 197 93 
91 97 96 92 
85 87 198 199 
200 88 86 84 
80 200 84 81 
82 201 202 83 
77 203 204 205 
77 205 206 74 
74 206 207 68 
63 69 67 64 
65 208 209 58 
210 60 59 57 
54 53 211 212 
210 57 55 213 
54 212 214 51 
49 213 55 50 
41 215 216 217 
218 44 43 42 
219 218 42 220 
221 222 223 224 
220 225 226 219 
221 224 227 134 
225 228 229 226 
133 140 229 228 
138 135 230 231 
142 138 231 232 
233 139 136 137 
142 232 234 235 
236 233 137 141 
237 236 141 238 
239 240 237 238 
241 242 243 244 
245 246 240 239 
245 247 248 246 
249 250 251 252 
253 254 248 247 
252 251 255 256 
257 254 253 258 
256 255 259 260 
261 260 259 262 
263 264 257 258 
263 265 266 264 
265 267 268 266 
269 270 271 272 
272 271 273 274 
275 268 267 276 
277 278 275 276 
279 280 278 277 
281 282 283 284 
285 286 280 279 
285 287 288 286 
289 288 287 143 
143 146 290 289 
291 292 290 146 
293 292 291 294 
295 293 294 296 
0 297 298 1 
299 300 301 8 
12 302 300 299 
303 302 12 11 
304 305 14 16 
306 18 19 20 
306 307 308 18 
309 307 306 310 
311 111 107 110 
109 113 112 110 
312 313 314 311 
120 315 117 121 
316 118 121 317 
120 318 319 315 
320 318 120 119 
122 321 320 119 
322 321 122 124 
323 324 147 150 
325 326 152 154 
156 327 325 154 
328 163 165 166 
329 91 89 330 
198 87 93 197 
331 200 80 332 
333 334 175 174 
335 174 171 170 
6 336 337 338 
0 8 301 297 
10 12 299 4 
9 339 13 10 
339 9 340 341 
11 14 305 303 
342 343 344 345 
345 346 19 17 
346 345 344 347 
16 18 308 304 
23 310 306 20 
25 27 310 23 
24 22 348 349 
24 349 350 351 
27 352 309 310 
351 350 353 354 
27 26 355 352 
354 353 356 357 
26 29 358 355 
35 357 356 359 
29 31 360 358 
31 37 361 360 
39 105 362 33 
36 363 364 38 
38 365 106 39 
365 38 364 366 
108 365 366 367 
105 104 368 369 
108 367 370 109 
104 111 371 368 
111 311 314 371 
115 372 312 112 
117 315 372 115 
114 373 374 116 
116 317 121 117 
375 376 377 378 
124 126 379 322 
132 148 380 130 
129 381 382 131 
383 149 132 131 
384 383 385 386 
147 324 387 148 
150 152 326 323 
388 389 390 391 
391 158 157 155 
160 392 156 157 
159 158 393 394 
162 164 392 160 
164 395 396 392 
397 398 399 167 
164 163 400 395 
167 399 401 168 
163 328 402 400 
168 172 171 169 
172 168 401 403 
404 173 405 406 
407 408 335 170 
404 406 409 410 
411 412 408 407 
176 183 412 411 
413 182 179 180 
184 414 415 186 
416 413 180 185 
417 416 185 187 
418 417 187 189 
193 191 419 420 
421 418 189 190 
422 421 190 192 
76 79 83 203 
72 423 424 75 
423 72 70 425 
426 425 70 69 
426 69 63 427 
208 65 66 428 
429 430 60 210 
213 431 429 210 
432 52 51 214 
433 434 49 47 
43 46 52 40 
435 436 44 218 
219 437 435 218 
219 226 438 437 
438 226 229 439 
230 135 134 227 
140 440 439 229 
441 440 140 139 
442 443 233 236 
236 237 444 442 
234 242 241 235 
241 244 245 239 
240 445 444 237 
248 446 447 246 
446 248 254 448 
449 264 266 450 
269 272 276 267 
451 450 266 268 
275 278 452 453 
273 282 281 274 
281 284 285 279 
280 454 452 278 
455 286 288 456 
457 144 143 287 
458 289 290 459 
292 460 459 290 
335 461 333 174 
461 335 408 462 
463 177 410 409 
412 464 462 408 
463 465 178 177 
466 464 412 183 
467 466 183 182 
468 467 182 413 
416 469 468 413 
469 416 417 470 
417 418 471 470 
421 472 471 418 
473 472 421 422 
209 474 56 58 
474 211 53 56 
50 54 51 48 
41 40 475 215 
41 217 220 42 
44 436 476 45 
432 475 40 52 
222 221 228 225 
228 221 134 133 
397 167 166 165 
175 334 402 328 
243 250 249 244 
253 252 256 258 
477 448 254 257 
264 449 477 257 
260 261 265 263 
244 249 247 245 
238 235 241 239 
141 142 235 238 
217 222 225 220 
430 478 61 60 
49 434 431 213 
428 66 68 207 
76 203 77 73 
424 479 78 75 
202 204 203 83 
479 332 80 78 
88 200 331 480 
199 201 82 85 
92 95 93 90 
103 481 194 102 
336 3 2 482 
337 336 482 483 
4 299 8 5 
340 9 7 484 
336 6 5 3 
295 485 486 293 
346 21 20 19 
348 22 21 487 
354 30 28 351 
24 351 28 25 
347 487 21 346 
35 34 32 357 
354 357 32 30 
33 362 37 34 
291 488 489 294 
146 145 488 291 
108 107 106 365 
105 369 490 362 
362 490 361 37 
443 441 139 233 
458 456 288 289 
284 457 287 285 
277 274 281 279 
283 491 457 284 
261 269 267 265 
270 269 261 262 
276 272 274 277 
247 249 252 253 
173 172 403 405 
411 407 404 410 
411 410 177 176 
319 492 372 315 
493 316 317 494 
376 123 118 316 
493 377 376 316 
376 375 125 123 
128 127 125 375 
381 129 128 495 
130 380 126 127 
374 494 317 116 
385 383 131 382 
380 496 379 126 
383 384 151 149 
293 486 460 292 
338 484 7 6 
341 343 342 339 
339 342 15 13 
345 17 15 342 
161 397 165 162 
169 175 328 166 
407 170 173 404 
112 312 311 110 
373 114 113 497 
181 178 465 498 
191 188 499 419 
188 186 415 499 
181 498 414 184 
384 388 153 151 
387 496 380 148 
390 393 158 391 
394 500 161 159 
501 491 283 502 
283 282 503 502 
503 282 273 504 
504 273 271 505 
270 506 505 271 
262 507 506 270 
508 507 262 259 
297 509 510 298 
511 509 297 301 
300 512 511 301 
302 513 512 300 
513 302 303 514 
514 303 305 515 
305 304 516 515 
304 308 517 516 
307 518 517 308 
519 518 307 309 
519 309 352 520 
355 358 521 522 
521 358 360 523 
361 524 523 360 
361 490 525 524 
490 369 526 525 
526 369 368 527 
368 371 528 527 
528 371 314 529 
529 314 313 530 
313 492 531 530 
492 319 532 531 
318 533 532 319 
534 533 318 320 
321 535 534 320 
321 322 536 535 
537 379 496 538 
539 538 496 387 
539 387 324 540 
541 323 326 542 
543 542 326 325 
543 325 327 544 
545 546 396 395 
547 545 395 400 
548 329 330 549 
330 480 550 549 
480 331 551 550 
551 331 332 552 
332 479 553 552 
424 423 554 555 
425 556 554 423 
425 426 557 556 
558 427 478 559 
559 478 430 560 
430 429 561 560 
562 431 434 563 
434 433 564 563 
564 433 476 565 
565 476 436 566 
567 566 436 435 
437 568 567 435 
437 438 569 568 
439 570 569 438 
570 439 440 571 
572 571 440 441 
573 572 441 443 
443 442 574 573 
575 547 400 402 
334 576 575 402 
334 333 577 576 
333 461 578 577 
579 508 259 255 
251 580 579 255 
581 580 251 250 
582 581 250 243 
583 582 243 242 
584 583 242 234 
584 234 232 585 
586 585 232 231 
587 586 231 230 
230 227 588 587 
227 224 589 588 
589 224 223 590 
216 591 590 223 
215 592 591 216 
215 475 593 592 
594 432 214 595 
596 595 214 212 
212 211 597 596 
211 474 598 597 
474 209 599 598 
600 599 209 208 
600 208 428 601 
602 207 206 603 
206 205 604 603 
204 202 605 606 
202 201 607 605 
607 201 199 608 
609 198 197 610 
611 196 195 612 
613 194 481 614 
615 614 481 616 
337 483 617 618 
338 337 618 619 
347 344 620 621 
622 574 442 444 
622 444 445 623 
445 447 624 623 
625 626 446 448 
627 625 448 477 
449 628 627 477 
450 629 628 449 
450 451 630 629 
631 630 451 453 
632 631 453 452 
633 632 452 454 
454 455 634 633 
456 635 634 455 
636 635 456 458 
462 637 578 461 
637 462 464 638 
639 466 467 640 
640 467 468 641 
641 468 469 642 
643 644 470 471 
471 472 645 643 
378 646 647 495 
495 647 648 381 
389 388 384 386 
385 649 650 386 
500 394 651 652 
459 653 636 458 
654 653 459 460 
654 460 486 655 
500 398 397 161 
465 656 657 498 
414 658 659 415 
472 473 660 645 
426 427 558 557 
61 478 427 63 
45 476 433 47 
286 455 454 280 
294 489 661 296 
470 644 642 469 
475 432 594 593 
428 207 602 601 
88 480 330 89 
199 198 609 608 
197 196 611 610 
195 194 613 612 
352 355 522 520 
363 36 35 359 
370 497 113 109 
662 340 484 663 
372 492 313 312 
662 664 341 340 
664 665 343 341 
620 344 343 665 
495 128 375 378 
322 379 537 536 
666 667 359 356 
668 363 359 667 
669 364 363 668 
669 670 366 364 
670 671 367 366 
672 370 367 671 
672 673 497 370 
673 674 373 497 
675 374 373 674 
675 676 494 374 
676 677 493 494 
678 377 493 677 
678 646 378 377 
679 382 381 648 
324 323 541 540 
391 155 153 388 
680 389 386 650 
681 390 389 680 
681 682 393 390 
651 394 393 682 
683 684 406 405 
684 685 409 406 
686 463 409 685 
656 465 463 686 
479 424 555 553 
509 511 687 688 
687 511 512 689 
689 512 513 690 
691 690 513 514 
514 515 692 691 
693 692 515 516 
516 517 694 693 
695 518 519 696 
520 697 696 519 
697 520 522 698 
698 522 521 699 
699 521 523 700 
525 701 702 524 
526 703 701 525 
527 704 703 526 
705 704 527 528 
529 706 705 528 
530 707 706 529 
530 531 708 707 
532 533 709 710 
533 534 711 709 
535 712 711 534 
535 536 713 712 
714 713 536 537 
538 715 714 537 
538 539 716 715 
540 541 717 718 
717 541 542 719 
542 543 720 719 
721 722 501 502 
502 503 723 721 
503 504 724 723 
724 504 505 725 
505 506 726 725 
726 506 507 727 
507 508 728 727 
728 508 579 729 
544 730 720 543 
544 546 731 730 
731 546 545 732 
547 733 732 545 
549 734 735 548 
550 736 734 549 
737 736 550 551 
737 551 552 738 
738 552 553 739 
553 555 740 739 
741 554 556 742 
556 557 743 742 
743 557 558 744 
559 745 744 558 
745 559 560 746 
747 561 562 748 
748 562 563 749 
750 749 563 564 
750 564 565 751 
752 751 565 566 
753 752 566 567 
753 567 568 754 
755 754 568 569 
570 756 755 569 
757 756 570 571 
571 572 758 757 
573 574 759 760 
574 622 761 759 
729 579 580 762 
580 581 763 762 
763 581 582 764 
765 764 582 583 
583 584 766 765 
585 767 766 584 
586 768 767 585 
586 587 769 768 
770 588 589 771 
772 773 590 591 
592 774 772 591 
593 775 774 592 
776 733 547 575 
576 777 776 575 
778 777 576 577 
779 778 577 578 
761 622 623 780 
624 626 781 782 
781 626 625 783 
783 625 627 784 
784 627 628 785 
785 628 629 786 
629 630 787 786 
788 787 630 631 
631 632 789 788 
632 633 790 789 
791 790 633 634 
791 634 635 792 
635 636 793 792 
793 636 653 794 
795 794 653 654 
795 654 655 796 
486 485 797 655 
798 799 800 797 
799 798 801 802 
803 804 802 801 
805 779 578 637 
806 805 637 638 
638 639 807 806 
808 807 639 640 
640 641 809 808 
641 642 810 809 
810 642 644 811 
644 643 812 811 
643 645 813 812 
594 814 775 593 
595 815 814 594 
815 595 596 816 
817 816 596 597 
597 598 818 817 
819 818 598 599 
819 599 600 820 
601 821 820 600 
821 601 602 822 
603 823 822 602 
603 604 824 823 
825 824 604 606 
606 605 826 825 
826 605 607 827 
828 829 608 609 
610 830 828 609 
611 831 830 610 
832 831 611 612 
833 832 612 613 
833 613 614 834 
614 615 835 834 
619 663 484 338 
665 836 837 620 
621 838 487 347 
839 348 487 838 
839 840 349 348 
841 353 350 842 
667 843 844 668 
673 672 845 846 
646 678 847 848 
649 385 382 679 
849 813 645 660 
850 851 849 660 
652 651 852 853 
854 652 853 855 
854 856 399 398 
857 401 399 856 
857 858 403 401 
858 683 405 403 
656 686 859 860 
657 658 414 498 
861 862 419 499 
862 861 863 864 
862 865 420 419 
865 862 864 866 
555 554 741 740 
429 431 562 561 
572 573 760 758 
587 588 770 769 
589 590 773 771 
607 608 829 827 
867 681 680 868 
867 869 682 681 
852 651 682 869 
870 857 856 871 
870 872 858 857 
510 509 688 873 
626 624 447 446 
246 447 445 240 
453 451 268 275 
517 518 695 694 
531 532 710 708 
837 874 621 620 
874 875 838 621 
876 839 838 875 
877 878 842 840 
350 349 840 842 
879 841 842 878 
876 877 840 839 
666 356 353 841 
845 672 671 880 
881 675 674 882 
883 884 648 647 
885 679 648 884 
886 649 679 885 
886 887 650 649 
888 889 721 723 
888 723 724 890 
725 891 890 724 
725 726 892 891 
727 728 893 894 
895 896 897 898 
873 899 897 896 
899 873 688 900 
689 901 902 687 
690 903 901 689 
904 903 690 691 
904 691 692 905 
906 907 693 694 
906 694 695 908 
695 696 909 908 
909 696 697 910 
911 698 699 912 
913 912 699 700 
914 913 700 702 
701 915 914 702 
703 916 915 701 
917 916 703 704 
918 917 704 705 
706 919 918 705 
919 706 707 920 
921 708 710 922 
923 709 711 924 
712 925 924 711 
712 713 926 925 
927 928 663 619 
929 662 663 928 
929 930 664 662 
930 836 665 664 
875 874 931 932 
876 933 934 877 
878 935 936 879 
937 666 841 879 
937 938 939 843 
940 669 668 844 
844 941 942 940 
940 943 670 669 
880 671 670 943 
880 944 945 845 
881 946 676 675 
946 947 677 676 
947 847 678 677 
883 647 646 848 
884 948 949 885 
887 868 680 650 
714 950 926 713 
714 715 951 950 
715 716 952 951 
716 718 953 952 
954 717 719 955 
719 720 956 955 
956 720 730 957 
958 957 730 731 
732 959 958 731 
960 959 732 733 
776 961 960 733 
777 962 961 776 
777 778 963 962 
964 963 778 779 
964 779 805 965 
966 965 805 806 
806 807 967 966 
809 810 968 969 
811 970 968 810 
811 812 971 970 
813 849 972 973 
851 974 972 849 
734 975 976 735 
736 977 975 734 
736 737 978 977 
738 979 978 737 
739 980 979 738 
739 740 981 980 
740 741 982 981 
742 983 982 741 
984 983 742 743 
744 985 984 743 
745 986 985 744 
745 746 987 986 
560 561 747 746 
748 988 989 747 
749 990 988 748 
991 990 749 750 
751 992 991 750 
751 752 993 992 
994 993 752 753 
994 753 754 995 
754 755 996 995 
996 755 756 997 
756 757 998 997 
999 998 757 758 
999 758 760 1000 
1001 1000 760 759 
759 761 1002 1001 
762 1003 1004 729 
762 763 1005 1003 
1005 763 764 1006 
1006 764 765 1007 
1008 766 767 1009 
1009 767 768 1010 
769 1011 1010 768 
770 1012 1011 769 
771 1013 1012 770 
771 773 1014 1013 
1015 1014 773 772 
1015 772 774 1016 
774 775 1017 1016 
1017 775 814 1018 
815 1019 1018 814 
1019 815 816 1020 
816 817 1021 1020 
817 818 1022 1021 
818 819 1023 1022 
820 1024 1023 819 
820 821 1025 1024 
1026 1025 821 822 
823 1027 1026 822 
823 824 1028 1027 
824 825 1029 1028 
1029 825 826 1030 
827 1031 1030 826 
829 1032 1031 827 
829 828 1033 1032 
828 830 1034 1033 
830 831 1035 1034 
1035 831 832 1036 
834 1037 1038 833 
1039 1037 834 835 
853 852 1040 1041 
871 856 854 855 
872 1042 683 858 
1042 1043 684 683 
1043 1044 685 684 
859 686 685 1044 
1044 1045 1046 859 
1047 1048 658 657 
1048 1049 659 658 
863 861 659 1049 
1002 761 780 1050 
780 782 1051 1050 
781 783 1052 1053 
783 784 1054 1052 
1054 784 785 1055 
1055 785 786 1056 
1057 1056 786 787 
787 788 1058 1057 
789 1059 1058 788 
1059 789 790 1060 
790 791 1061 1060 
1061 791 792 1062 
1062 792 793 1063 
794 1064 1063 793 
794 795 1065 1064 
795 796 1066 1065 
796 800 1067 1066 
1067 800 799 1068 
1068 799 802 1069 
804 1070 1069 802 
692 693 907 905 
1071 928 927 1072 
1073 929 928 1071 
1073 1074 930 929 
222 217 216 223 
1074 1075 836 930 
1076 931 874 837 
935 878 877 934 
936 938 937 879 
942 1077 943 940 
944 880 943 1077 
1078 1079 947 946 
846 882 674 673 
1079 1080 847 947 
1081 1082 887 886 
1082 1083 868 887 
623 624 782 780 
1084 1085 872 870 
1085 1086 1042 872 
1087 1043 1042 1086 
1087 1045 1044 1043 
1088 1089 1048 1047 
1089 1090 1049 1048 
860 1047 657 656 
1091 1088 1047 860 
1092 863 1049 1090 
797 800 796 655 
889 1093 722 721 
765 766 1008 1007 
833 1038 1036 832 
327 396 546 544 
539 540 718 716 
524 702 700 523 
1094 976 975 1095 
977 1096 1095 975 
977 978 1097 1096 
1097 978 979 1098 
1098 979 980 1099 
1100 981 982 1101 
1101 982 983 1102 
983 984 1103 1102 
984 985 1104 1103 
986 1105 1104 985 
1105 986 987 1106 
987 989 1107 1106 
989 988 1108 1107 
1108 988 990 1109 
1110 1109 990 991 
992 1111 1110 991 
993 1112 1111 992 
993 994 1113 1112 
1114 995 996 1115 
1115 996 997 1116 
1116 997 998 1117 
998 999 1118 1117 
1118 999 1000 1119 
1120 1121 1001 1002 
1120 1002 1050 1122 
1123 1122 1050 1051 
1051 1053 1124 1123 
1124 1053 1052 1125 
1126 1054 1055 1127 
1055 1056 1128 1127 
1056 1057 1129 1128 
1057 1058 1130 1129 
1130 1058 1059 1131 
1132 1131 1059 1060 
1133 1132 1060 1061 
1133 1061 1062 1134 
1135 1134 1062 1063 
1136 1135 1063 1064 
1136 1064 1065 1137 
1138 1066 1067 1139 
1068 1140 1139 1067 
1069 1141 1140 1068 
1141 1069 1070 1142 
972 1143 1144 973 
812 813 973 971 
971 973 1144 1145 
970 971 1145 1146 
968 1147 1148 969 
808 809 969 1149 
1149 967 807 808 
967 1150 1151 966 
959 1152 1153 958 
957 958 1153 1154 
957 1154 1155 956 
955 956 1155 1156 
718 717 954 953 
954 1157 1158 953 
926 950 1159 1160 
925 1161 1162 924 
924 1162 1163 923 
710 709 923 922 
707 708 921 920 
919 1164 1165 918 
917 1166 1167 916 
697 698 911 910 
903 904 1168 1169 
901 903 1169 1170 
688 687 902 900 
900 902 1171 1172 
899 1173 1174 897 
1074 1175 1176 1075 
1076 837 836 1075 
1076 1177 1178 931 
933 876 875 932 
934 1179 1180 935 
939 941 844 843 
941 1181 1182 942 
1183 1184 882 846 
1185 881 882 1184 
1079 1186 1187 1080 
1080 1188 848 847 
1188 1080 1187 1189 
1190 883 848 1188 
1188 1189 1191 1190 
1190 948 884 883 
1083 1192 867 868 
1193 869 867 1192 
1041 1194 855 853 
1195 871 855 1194 
1195 1196 1197 1084 
1084 870 871 1195 
1046 1045 1198 1199 
1046 1091 860 859 
1091 1046 1199 1200 
1088 1201 1202 1089 
1092 1203 864 863 
1203 1204 866 864 
1205 1093 889 1206 
1206 889 888 1207 
1207 888 890 1208 
1209 891 892 1210 
726 727 894 892 
1004 1211 1212 893 
1003 1213 1211 1004 
1214 1213 1003 1005 
1006 1215 1214 1005 
1215 1006 1007 1216 
1217 1218 1008 1009 
1217 1009 1010 1219 
1010 1011 1220 1219 
1220 1011 1012 1221 
1221 1012 1013 1222 
1014 1015 1223 1224 
1223 1015 1016 1225 
1016 1017 1226 1225 
1227 1226 1017 1018 
1019 1228 1227 1018 
1020 1229 1228 1019 
1020 1021 1230 1229 
1022 1231 1230 1021 
1232 1231 1022 1023 
1232 1023 1024 1233 
1234 1233 1024 1025 
1025 1026 1235 1234 
1235 1026 1027 1236 
1029 1237 1238 1028 
1030 1239 1237 1029 
1239 1030 1031 1240 
1032 1241 1240 1031 
1032 1033 1242 1241 
1034 1243 1242 1033 
1243 1034 1035 1244 
1244 1035 1036 1245 
1036 1038 1246 1245 
1246 1038 1037 1247 
1037 1039 1248 1247 
1013 1014 1224 1222 
1027 1028 1238 1236 
1249 933 932 1250 
1178 1250 932 931 
1251 938 936 1252 
1251 1253 939 938 
1253 1181 941 939 
1254 1255 1078 1185 
1255 1186 1079 1078 
1185 1078 946 881 
1256 949 948 1257 
1081 886 885 949 
1258 1259 1083 1082 
1259 1260 1192 1083 
1260 1261 1193 1192 
1262 1258 1082 1081 
1263 1040 1193 1261 
869 1193 1040 852 
980 981 1100 1099 
1264 1041 1040 1263 
1265 1196 1195 1194 
989 987 746 747 
994 995 1114 1113 
1266 1086 1085 1267 
1266 1268 1087 1086 
1268 1198 1045 1087 
1121 1119 1000 1001 
1200 1201 1088 1091 
782 781 1053 1051 
1269 1092 1090 1270 
1269 1271 1203 1092 
1272 1204 1203 1271 
1052 1054 1126 1125 
1157 954 955 1156 
1273 965 966 1151 
464 466 639 638 
1274 1150 967 1149 
1147 968 970 1146 
890 891 1209 1208 
1143 972 974 1275 
1159 950 951 1276 
1163 1277 922 923 
1277 1278 921 922 
1278 1279 920 921 
1280 911 912 1281 
1280 1282 910 911 
1282 1283 909 910 
1283 1284 908 909 
1284 1285 906 908 
1286 1073 1071 1287 
1287 1288 1289 1286 
1286 1175 1074 1073 
1175 1286 1289 1290 
1177 1076 1075 1176 
1176 1291 1292 1177 
1249 1293 1294 1179 
1180 1179 1294 1295 
1252 936 935 1180 
1252 1296 1297 1251 
1253 1298 1299 1181 
1182 1300 1077 942 
1301 945 944 1302 
1303 1304 1184 1183 
1304 1305 1306 1254 
1304 1254 1185 1184 
1257 948 1190 1191 
1262 1081 949 1256 
1259 1307 1308 1260 
1261 1260 1308 1309 
1264 1263 1310 1311 
1265 1194 1041 1264 
1265 1312 1313 1196 
1267 1085 1084 1197 
1200 1199 1314 1315 
1201 1200 1315 1316 
1202 1270 1090 1089 
1271 1317 1318 1272 
1159 1276 1319 1320 
1321 1276 951 952 
1322 1319 1276 1321 
1323 1322 1321 1158 
1158 1157 1324 1323 
1156 1325 1324 1157 
1326 1325 1156 1155 
1326 1155 1154 1327 
1328 1205 1206 1329 
1207 1330 1329 1206 
1207 1208 1331 1330 
1209 1332 1331 1208 
1332 1209 1210 1333 
1334 1335 1333 1210 
1336 1335 1334 1212 
1160 1161 925 926 
1161 1160 1337 1338 
1162 1339 1340 1163 
1279 1278 1341 1342 
1164 919 920 1279 
1279 1342 1343 1164 
1166 1344 1345 1167 
1167 1346 915 916 
1346 1347 914 915 
1281 912 913 1348 
1281 1349 1350 1280 
1285 1284 1351 1352 
1285 1353 907 906 
1353 1285 1352 1354 
1353 1355 905 907 
1355 1353 1354 1356 
1168 904 905 1355 
1170 1171 902 901 
1172 1357 1358 1173 
1211 1359 1336 1212 
1359 1211 1213 1360 
1360 1213 1214 1361 
1361 1214 1215 1362 
1218 1363 1364 1216 
1363 1218 1217 1365 
1219 1366 1365 1217 
1367 1366 1219 1220 
1221 1368 1367 1220 
1368 1221 1222 1369 
1224 1370 1369 1222 
1371 1370 1224 1223 
1372 1371 1223 1225 
1373 1372 1225 1226 
1373 1226 1227 1374 
1374 1227 1228 1375 
1376 1229 1230 1377 
1378 1379 1231 1232 
1378 1232 1233 1380 
1380 1233 1234 1381 
1234 1235 1382 1381 
1383 1384 1236 1238 
1383 1238 1237 1385 
1385 1237 1239 1386 
1387 1240 1241 1388 
1389 1242 1243 1390 
1243 1244 1391 1390 
1392 1391 1244 1245 
1246 1393 1392 1245 
1247 1394 1393 1246 
1395 1394 1247 1248 
1396 1327 1154 1153 
1396 1153 1152 1397 
1398 1397 1152 1399 
1095 1400 1401 1094 
1096 1402 1400 1095 
1096 1097 1403 1402 
1099 1404 1405 1098 
1099 1100 1406 1404 
1101 1102 1407 1408 
1409 1407 1102 1103 
1103 1104 1410 1409 
1105 1411 1410 1104 
1105 1106 1412 1411 
1106 1107 1413 1412 
1108 1414 1413 1107 
1415 1414 1108 1109 
1416 1415 1109 1110 
1416 1110 1111 1417 
1111 1112 1418 1417 
1419 1113 1114 1420 
1115 1421 1420 1114 
1115 1116 1422 1421 
1423 1424 1117 1118 
1423 1118 1119 1425 
1426 1425 1119 1121 
1427 1426 1121 1120 
1427 1120 1122 1428 
1122 1123 1429 1428 
1124 1430 1429 1123 
1125 1431 1430 1124 
1432 1431 1125 1126 
1432 1126 1127 1433 
1127 1128 1434 1433 
1128 1129 1435 1434 
1436 1435 1129 1130 
1436 1130 1131 1437 
1437 1131 1132 1438 
1132 1133 1439 1438 
1134 1440 1439 1133 
1441 1440 1134 1135 
1136 1442 1441 1135 
1137 1443 1442 1136 
1443 1137 1138 1444 
1445 1444 1138 1139 
1140 1446 1445 1139 
1447 1446 1140 1141 
1448 1447 1141 1142 
1449 1450 1398 1399 
1450 1449 1451 1452 
1453 1452 1451 1454 
1455 1456 1453 1454 
1456 1455 1273 1457 
1151 1458 1457 1273 
1459 1458 1151 1150 
1150 1274 1460 1459 
1148 1461 1460 1274 
1148 1147 1462 1461 
1462 1147 1146 1463 
1464 1463 1146 1145 
1144 1465 1464 1145 
1144 1143 1466 1465 
1275 1467 1466 1143 
1112 1113 1419 1418 
1468 1165 1164 1343 
1469 1346 1167 1345 
1470 1347 1346 1469 
1287 1071 1072 1471 
1470 1472 1348 1347 
913 914 1347 1348 
1349 1281 1348 1472 
1473 1474 1250 1178 
1475 1351 1284 1283 
1476 1168 1355 1356 
1477 1478 1171 1170 
1179 934 933 1249 
1174 1479 898 897 
1480 1481 1300 1182 
1482 1302 1300 1481 
1480 1182 1181 1299 
1077 1300 1302 944 
1483 1301 1302 1482 
1483 1484 1303 1301 
1183 945 1301 1303 
1484 1305 1304 1303 
1485 1486 1189 1187 
1487 1191 1189 1486 
1488 1257 1191 1487 
1489 1256 1257 1488 
1490 1262 1256 1489 
1399 960 961 1449 
1454 1451 962 963 
1311 1312 1265 1264 
1491 1492 1267 1197 
1065 1066 1138 1137 
1212 1334 894 893 
1008 1218 1216 1007 
1228 1229 1376 1375 
1239 1240 1387 1386 
1097 1098 1405 1403 
1100 1101 1408 1406 
1289 1493 1494 1290 
1291 1176 1175 1290 
1290 1494 1495 1291 
1292 1496 1497 1473 
1293 1249 1250 1474 
1474 1498 1499 1293 
1294 1500 1501 1295 
1296 1252 1180 1295 
1295 1501 1502 1296 
1297 1503 1504 1298 
1306 1505 1255 1254 
1488 1487 1506 1507 
1490 1508 1258 1262 
1508 1490 1509 1510 
1508 1307 1259 1258 
1508 1510 1511 1307 
1310 1263 1261 1309 
1309 1512 1513 1310 
1514 1266 1267 1492 
1515 1268 1266 1514 
1515 1516 1198 1268 
1516 1517 1518 1314 
1314 1199 1198 1516 
1316 1519 1202 1201 
1519 1520 1270 1202 
1521 1269 1270 1520 
1521 1317 1271 1269 
1522 1329 1330 1523 
1330 1331 1524 1523 
1332 1525 1524 1331 
1332 1333 1526 1525 
1526 1333 1335 1527 
1335 1336 1528 1527 
1324 1529 1530 1323 
1323 1530 1531 1322 
1319 1322 1531 1532 
1319 1532 1533 1320 
1320 1337 1160 1159 
1534 1401 1400 1535 
1402 1403 1536 1537 
1405 1538 1536 1403 
1404 1539 1538 1405 
1540 1539 1404 1406 
1540 1406 1408 1541 
1407 1542 1541 1408 
1407 1409 1543 1542 
1544 1410 1411 1545 
1411 1412 1546 1545 
1412 1413 1547 1546 
1414 1415 1548 1549 
1548 1415 1416 1550 
1417 1551 1550 1416 
1418 1552 1551 1417 
1553 1552 1418 1419 
1553 1419 1420 1554 
1421 1555 1554 1420 
1421 1422 1556 1555 
1424 1557 1556 1422 
1424 1423 1558 1557 
1558 1423 1425 1559 
1425 1426 1560 1559 
1561 1427 1428 1562 
1428 1429 1563 1562 
1429 1430 1564 1563 
1430 1431 1565 1564 
1431 1432 1566 1565 
1432 1433 1567 1566 
1340 1568 1277 1163 
1568 1341 1278 1277 
1342 1569 1570 1343 
1468 1344 1166 1165 
1165 1166 917 918 
1469 1571 1572 1470 
1573 1282 1280 1350 
1475 1283 1282 1573 
1476 1574 1169 1168 
1574 1477 1170 1169 
1477 1575 1576 1478 
1478 1357 1172 1171 
1357 1478 1576 1577 
1358 1578 1579 1580 
1580 1581 1479 1174 
1327 1582 1583 1326 
1327 1396 1584 1582 
1397 1398 1585 1586 
1398 1450 1587 1585 
1452 1453 1588 1589 
1456 1457 1590 1591 
1592 1567 1433 1434 
1593 1592 1434 1435 
1435 1436 1594 1593 
1438 1595 1596 1437 
1597 1595 1438 1439 
1597 1439 1440 1598 
1599 1441 1442 1600 
1443 1601 1600 1442 
1601 1443 1444 1602 
1602 1444 1445 1603 
1603 1445 1446 1604 
1604 1446 1447 1605 
1447 1448 1606 1605 
1457 1458 1607 1590 
1459 1460 1608 1609 
1610 1462 1463 1611 
1612 1611 1463 1464 
1464 1465 1613 1612 
1614 1613 1465 1466 
1615 1614 1466 1467 
1359 1616 1528 1336 
1360 1617 1616 1359 
1360 1361 1618 1617 
1362 1619 1618 1361 
1364 1620 1619 1362 
1364 1363 1621 1620 
1621 1363 1365 1622 
1622 1365 1366 1623 
1366 1367 1624 1623 
1624 1367 1368 1625 
1625 1368 1369 1626 
1627 1370 1371 1628 
1628 1371 1372 1629 
1630 1373 1374 1631 
1375 1376 1632 1633 
1376 1377 1634 1632 
1635 1634 1377 1379 
1636 1635 1379 1378 
1378 1380 1637 1636 
1381 1638 1637 1380 
1381 1382 1639 1638 
1236 1384 1382 1235 
1384 1640 1639 1382 
1640 1384 1383 1641 
1383 1385 1642 1641 
1643 1386 1387 1644 
1644 1387 1388 1645 
1388 1389 1646 1645 
1647 1390 1391 1648 
1392 1393 1649 1650 
1649 1393 1394 1651 
1651 1394 1395 1652 
1400 1402 1537 1535 
1328 1329 1522 1653 
1654 1655 1338 1337 
1533 1654 1337 1320 
1656 1340 1339 1657 
1656 1658 1568 1340 
1658 1659 1341 1568 
1413 1414 1549 1547 
1569 1342 1341 1659 
1660 1661 1344 1468 
1662 1345 1344 1661 
1571 1469 1345 1662 
1663 1664 1573 1350 
1665 1475 1573 1664 
1666 1476 1356 1667 
1666 1668 1574 1476 
1575 1477 1574 1668 
1578 1358 1357 1577 
1173 1358 1580 1174 
1158 1321 952 953 
1116 1117 1424 1422 
1426 1427 1561 1560 
1529 1324 1325 1669 
1436 1437 1596 1594 
1369 1370 1627 1626 
1372 1373 1630 1629 
1583 1669 1325 1326 
1396 1397 1586 1584 
1399 1152 959 960 
1450 1452 1589 1587 
1455 964 965 1273 
963 964 1455 1454 
1458 1459 1609 1607 
1670 1608 1460 1461 
1461 1462 1610 1670 
1231 1379 1377 1230 
1389 1388 1241 1242 
1389 1390 1647 1646 
1391 1392 1650 1648 
1671 1288 1672 1673 
1471 1672 1288 1287 
1493 1289 1288 1671 
1503 1297 1296 1502 
1674 1482 1481 1675 
1676 1483 1482 1674 
1677 1675 1481 1480 
1676 1678 1484 1483 
1679 1305 1484 1678 
1680 1306 1305 1679 
1680 1681 1505 1306 
1681 1682 1683 1505 
1186 1255 1505 1683 
1684 1485 1683 1682 
1685 1486 1485 1684 
1485 1187 1186 1683 
1686 1509 1490 1489 
1687 1308 1307 1511 
1491 1197 1196 1313 
1688 1514 1492 1689 
1688 1690 1515 1514 
1690 1517 1516 1515 
1691 1521 1520 1692 
1691 1693 1317 1521 
1694 1318 1317 1693 
1535 1695 1696 1534 
1535 1537 1697 1695 
1698 1697 1537 1536 
1538 1699 1698 1536 
1538 1539 1700 1699 
1539 1540 1701 1700 
1540 1541 1702 1701 
1542 1703 1702 1541 
1543 1704 1703 1542 
1704 1543 1544 1705 
1545 1706 1705 1544 
1546 1707 1706 1545 
1546 1547 1708 1707 
1708 1547 1549 1709 
1549 1548 1710 1709 
1711 1710 1548 1550 
1711 1550 1551 1712 
1552 1553 1713 1714 
1715 1554 1555 1716 
1717 1556 1557 1718 
1557 1558 1719 1718 
1720 1721 1559 1560 
1722 1720 1560 1561 
1562 1723 1722 1561 
1562 1563 1724 1723 
1725 1564 1565 1726 
1727 1726 1565 1566 
1567 1728 1727 1566 
1728 1567 1592 1729 
1593 1730 1729 1592 
1593 1594 1731 1730 
1732 1731 1594 1596 
1733 1732 1596 1595 
1733 1595 1597 1734 
1734 1597 1598 1735 
1736 1735 1598 1599 
1736 1599 1600 1737 
1601 1738 1737 1600 
1738 1601 1602 1739 
1603 1740 1739 1602 
1603 1604 1741 1740 
1605 1742 1741 1604 
1742 1605 1606 1743 
1671 1673 1744 1745 
1671 1745 1746 1493 
1495 1747 1748 1496 
1497 1498 1474 1473 
1500 1294 1293 1499 
1499 1749 1750 1500 
1502 1751 1752 1503 
1504 1753 1754 1755 
1677 1480 1299 1755 
1681 1680 1756 1757 
1682 1681 1757 1758 
1682 1758 1759 1684 
1684 1759 1760 1685 
1506 1487 1486 1685 
1685 1760 1761 1506 
1686 1489 1488 1507 
1509 1762 1763 1510 
1511 1764 1765 1687 
1687 1512 1309 1308 
1512 1687 1765 1766 
1512 1766 1767 1513 
1768 1513 1767 1769 
1768 1770 1312 1311 
1768 1769 1771 1770 
1770 1772 1313 1312 
1773 1491 1313 1772 
1689 1492 1491 1773 
1518 1774 1315 1314 
1775 1519 1316 1776 
1692 1520 1519 1775 
1693 1691 1777 1778 
1779 1780 1653 1522 
1522 1523 1781 1779 
1782 1781 1523 1524 
1782 1524 1525 1783 
1526 1527 1784 1785 
1527 1528 1786 1784 
1657 1339 1338 1655 
1655 1787 1788 1657 
1660 1789 1790 1661 
1662 1791 1792 1571 
1572 1793 1472 1470 
1794 1663 1350 1349 
1663 1795 1796 1664 
1797 1351 1475 1665 
1797 1798 1352 1351 
1798 1799 1354 1352 
1668 1666 1800 1801 
1579 1802 1803 1804 
1532 1805 1806 1533 
1807 1805 1532 1531 
1807 1531 1530 1808 
1529 1669 1809 1810 
1669 1583 1811 1809 
1616 1812 1786 1528 
1617 1813 1812 1616 
1813 1617 1618 1814 
1620 1621 1815 1816 
1815 1621 1622 1817 
1623 1818 1817 1622 
1819 1818 1623 1624 
1819 1624 1625 1820 
1627 1821 1822 1626 
1821 1627 1628 1823 
1823 1628 1629 1824 
1630 1825 1824 1629 
1825 1630 1631 1826 
1827 1582 1584 1828 
1584 1586 1829 1828 
1830 1829 1586 1585 
1587 1831 1830 1585 
1831 1587 1589 1832 
1833 1588 1591 1834 
1834 1591 1590 1835 
1607 1836 1835 1590 
1836 1607 1609 1837 
1838 1837 1609 1608 
1608 1670 1839 1838 
1840 1839 1670 1610 
1840 1610 1611 1841 
1842 1843 1612 1613 
1842 1613 1614 1844 
1631 1633 1845 1826 
1632 1846 1845 1633 
1846 1632 1634 1847 
1634 1635 1848 1847 
1636 1637 1849 1850 
1849 1637 1638 1851 
1638 1639 1852 1851 
1641 1853 1854 1640 
1642 1855 1853 1641 
1855 1642 1643 1856 
1644 1645 1857 1858 
1857 1645 1646 1859 
1646 1647 1860 1859 
1861 1862 1648 1650 
1649 1863 1861 1650 
1863 1649 1651 1864 
1651 1652 1865 1864 
1551 1552 1714 1712 
1409 1410 1544 1543 
1647 1648 1862 1860 
1806 1866 1654 1533 
1866 1787 1655 1654 
1867 1868 1658 1656 
1867 1656 1657 1788 
1868 1869 1659 1658 
1870 1871 1570 1569 
1789 1660 1570 1871 
1570 1660 1468 1343 
1872 1873 1793 1572 
1873 1874 1794 1793 
1349 1472 1793 1794 
1795 1663 1794 1874 
1875 1876 1797 1665 
1877 1798 1797 1876 
1877 1878 1799 1798 
1599 1598 1440 1441 
1619 1620 1816 1879 
1216 1364 1362 1215 
1625 1626 1822 1820 
1374 1375 1633 1631 
1635 1636 1850 1848 
1611 1612 1843 1841 
1385 1386 1643 1642 
1880 1881 1774 1518 
1881 1882 1776 1774 
1880 1518 1517 1883 
1316 1315 1774 1776 
1882 1884 1775 1776 
1885 1576 1575 1886 
1885 1887 1577 1576 
1888 1578 1577 1887 
1802 1579 1578 1888 
1453 1456 1591 1588 
1889 1883 1517 1690 
1890 1891 1678 1676 
1504 1755 1299 1298 
1892 1893 1675 1677 
1894 1773 1772 1895 
1513 1768 1311 1310 
1752 1753 1504 1503 
1895 1772 1770 1771 
1896 1897 1498 1497 
1747 1495 1494 1898 
1748 1896 1497 1496 
1761 1899 1507 1506 
1900 1686 1507 1899 
1762 1509 1686 1900 
1614 1615 1901 1844 
1812 1902 1903 1786 
1785 1904 1905 1783 
1841 1906 1907 1840 
1838 1908 1909 1837 
1836 1837 1909 1910 
1589 1588 1833 1832 
1832 1833 1911 1912 
1832 1912 1913 1831 
1830 1831 1913 1914 
1829 1915 1916 1828 
1583 1582 1827 1811 
1809 1917 1918 1810 
1530 1529 1810 1808 
1808 1919 1920 1807 
1805 1921 1922 1806 
1806 1922 1923 1866 
1743 1924 1925 1742 
1742 1925 1926 1741 
1736 1737 1927 1928 
1735 1736 1928 1929 
1732 1733 1930 1931 
1731 1732 1931 1932 
1563 1564 1725 1724 
1889 1933 1930 1934 
1882 1935 1936 1884 
1559 1721 1719 1558 
1555 1556 1717 1716 
1553 1554 1715 1713 
1933 1937 1931 1930 
1894 1932 1931 1937 
1932 1894 1895 1938 
1771 1939 1938 1895 
1771 1769 1940 1939 
1941 1767 1766 1942 
1943 1942 1766 1765 
1943 1765 1764 1944 
1763 1945 1944 1764 
1763 1762 1946 1945 
1900 1947 1946 1762 
1900 1899 1948 1947 
1713 1949 1950 1714 
1712 1714 1950 1951 
1711 1712 1951 1952 
1710 1711 1952 1953 
1707 1708 1954 1955 
1697 1956 1957 1695 
1695 1957 1958 1696 
1787 1866 1923 1959 
1869 1960 1961 1870 
1870 1961 1962 1871 
1871 1962 1963 1789 
1872 1964 1965 1873 
1796 1875 1665 1664 
1875 1966 1967 1876 
1876 1967 1968 1877 
1878 1969 1667 1799 
1800 1666 1667 1969 
1814 1970 1971 1813 
1970 1814 1879 1972 
1973 1816 1815 1974 
1974 1815 1817 1975 
1975 1817 1818 1976 
1977 1976 1818 1819 
1820 1978 1977 1819 
1822 1979 1978 1820 
1979 1822 1821 1980 
1823 1981 1980 1821 
1823 1824 1982 1981 
1824 1825 1983 1982 
1983 1825 1826 1984 
1985 1845 1846 1986 
1986 1846 1847 1987 
1848 1988 1987 1847 
1848 1850 1989 1988 
1849 1990 1989 1850 
1990 1849 1851 1991 
1852 1992 1991 1851 
1992 1852 1854 1993 
1853 1994 1993 1854 
1853 1855 1995 1994 
1856 1996 1995 1855 
1856 1858 1997 1996 
1998 1761 1760 1999 
1760 1759 2000 1999 
1757 2001 2002 1758 
1949 2001 1757 1756 
2003 1950 1949 1756 
1891 1951 1950 2003 
1891 1890 1952 1951 
2004 1953 1952 1890 
2005 1953 2004 1893 
1893 1892 1954 2005 
1754 1892 1677 1755 
1753 2006 1955 1754 
2007 2006 1753 1752 
1751 2008 2007 1752 
2008 1751 2009 2010 
2009 1750 2011 2010 
2011 1750 1749 2012 
2012 1749 1897 2013 
1897 1896 2014 2013 
2015 1748 1747 1956 
1898 1957 1956 1747 
1958 1957 1898 1746 
1958 1746 1745 2016 
2017 1997 1858 1857 
1859 2018 2017 1857 
1860 2019 2018 1859 
1862 2020 2019 1860 
2021 2020 1862 1861 
2021 1861 1863 2022 
2023 1864 1865 2024 
1884 2025 1692 1775 
1884 1936 2026 2025 
1777 1691 1692 2025 
1777 2025 2026 1926 
1778 2027 1694 1693 
1783 1905 2028 1782 
1781 2029 2030 1779 
2031 2032 1844 1901 
2033 1834 1835 2034 
2035 2036 1969 1878 
2036 2037 1800 1969 
1890 1676 1674 2004 
1893 2004 1674 1675 
1640 1854 1852 1639 
1678 1891 2003 1679 
1933 1889 1690 1688 
1928 1880 1883 1929 
1928 1927 1881 1880 
1756 1680 1679 2003 
1966 1875 1796 2038 
1938 1939 1729 1730 
1927 1935 1882 1881 
1926 2026 1740 1741 
2026 1936 1739 1740 
1936 1935 1738 1739 
1932 1938 1730 1731 
1894 1937 1689 1773 
1937 1933 1688 1689 
1934 1734 1735 1929 
1934 1930 1733 1734 
2039 1788 1787 1959 
2040 1867 1788 2039 
2040 2041 1868 1867 
2041 1960 1869 1868 
2042 2043 1843 1842 
1906 1841 1843 2043 
2044 1908 1838 1839 
1863 1864 2023 2022 
2045 1811 1827 2046 
2045 1917 1809 1811 
1498 1897 1749 1499 
1501 2009 1751 1502 
2011 1702 1703 2010 
2011 2012 1701 1702 
2012 2013 1700 1701 
2014 1699 1700 2013 
2008 2010 1703 1704 
2032 2042 1842 1844 
1998 1999 1718 1719 
1999 2000 1717 1718 
1799 1667 1356 1354 
2047 1801 1800 2037 
2048 1886 1801 2047 
2049 1885 1886 2048 
1643 1644 1858 1856 
1902 1812 1813 1971 
1914 1915 1829 1830 
2033 1911 1833 1834 
1886 1575 1668 1801 
2049 2050 1887 1885 
1941 1727 1728 1940 
1941 1942 1726 1727 
1769 1767 1941 1940 
1942 1943 1725 1726 
1943 1944 1724 1725 
2051 1888 1887 2050 
2051 2052 1802 1888 
1920 1921 1805 1807 
2046 1827 1828 1916 
1918 1919 1808 1810 
2000 2002 1716 1717 
1949 1713 1715 2001 
2002 2001 1715 1716 
1759 1758 2002 2000 
1958 2016 2053 1696 
1744 2054 2016 1745 
2015 1698 1699 2014 
2015 1956 1697 1698 
1896 1748 2015 2014 
2028 2029 1781 1782 
1525 1526 1785 1783 
1904 1785 1784 2055 
1869 1870 1569 1659 
2056 2057 1791 1790 
1953 2005 1709 1710 
1954 1708 1709 2005 
2007 2008 1704 1705 
1826 1845 1985 1984 
1955 2006 1706 1707 
1754 1955 1954 1892 
2058 2038 1796 1795 
2057 2059 1792 1791 
1964 1872 1792 2059 
1965 2060 1874 1873 
1926 1925 1778 1777 
1947 1948 1721 1720 
1947 1720 1722 1946 
1948 1998 1719 1721 
1944 1945 1723 1724 
1946 1722 1723 1945 
1764 1511 1510 1763 
1925 1924 2027 1778 
2052 2061 1803 1802 
1746 1898 1494 1493 
1927 1737 1738 1935 
1963 2056 1790 1789 
1297 1298 1253 1251 
937 843 667 666 
894 1334 1210 892 
854 398 500 652 
258 256 260 263 
1496 1292 1291 1495 
945 1183 846 845 
1879 1814 1618 1619 
1899 1761 1998 1948 
1292 1473 1178 1177 
1750 2009 1501 1500 
1274 1149 969 1148 
1172 1173 899 900 
205 204 606 604 
728 729 1004 893 
1872 1572 1571 1792 
861 499 415 659 
1579 1804 1581 1580 
396 327 156 392 
1339 1162 1161 1338 
1934 1929 1883 1889 
2030 2062 1780 1779 
1940 1728 1729 1939 
2055 1784 1786 1903 
1879 1816 1973 1972 
2007 1705 1706 2006 
1968 2035 1878 1877 
2060 2058 1795 1874 
1791 1662 1661 1790 
1449 961 962 1451 
2034 1835 1836 1910 
1907 2044 1839 1840 
2063 2064 2065 
2066 2067 2068 
2069 2070 2071 
2072 2073 2074 
2075 2076 2077 
2078 2079 2080 
2081 2082 2083 
2084 2085 2086 
2087 2088 2089 
2090 2091 2092 
2093 2094 2095 
2096 2097 2098 
2099 2074 2073 
2100 2101 2102 
2103 2104 2105 
2106 2107 2108 
2109 2092 2091 
2110 2111 2112 
2113 2114 2115 
2116 2117 2118 
2118 2119 2116 
2120 2070 2069 
2121 2122 2123 
2124 2125 2126 
2127 2128 2129 
2130 2131 2132 
2133 2134 2135 
2136 2137 2138 
2139 2140 2141 
2142 2143 2144 
2145 2146 2147 
2148 2149 2150 
2151 2152 2153 
2154 2155 2156 
2157 2158 2159 
2160 2161 2162 
2163 2164 2165 
2166 2167 2168 
2169 2170 2171 
2172 2173 2174 
2175 2176 2177 
2178 2179 2180 
2181 2182 2183 
2184 2133 2135 
2185 2176 2175 
2186 2169 2171 
2187 2188 2189 
2190 2191 2192 
2193 2194 2195 
2196 2197 2198 
2199 2200 2201 
2202 2132 2131 
2203 2164 2163 
2204 2157 2159 
2205 2206 2207 
2208 2209 2210 
2211 2193 2195 
2212 2213 2214 
2214 2215 2212 
2216 2217 2218 
2218 2217 2219 
2220 2138 2137 
2221 2173 2172 
2191 2222 2192 
2200 2223 2201 
2224 2225 2226 
2227 2146 2145 
2228 2179 2178 
2229 2152 2151 
2196 2198 2230 
2231 2155 2154 
2232 2144 2143 
2233 2234 2235 
2160 2162 2236 
2237 2167 2166 
2238 2233 2235 
2239 2063 2065 2240 
2241 2242 2243 2244 
2242 2245 2246 2243 
2247 2248 2064 2063 
2249 2248 2247 2250 
2250 2251 2252 2249 
2249 2087 2091 2248 
2065 2064 2111 2115 
2065 2115 2116 2240 
2240 2246 2245 2239 
2244 2243 2253 2069 
2254 2255 2241 2244 
2108 2107 2256 2257 
2258 2098 2097 2259 
2081 2116 2119 2082 
2116 2115 2114 2117 
2087 2249 2252 2260 
2091 2111 2064 2248 
2085 2084 2261 2262 
2105 2262 2261 2103 
2103 2102 2101 2104 
2069 2123 2254 2244 
2263 2093 2095 2264 
2094 2096 2098 2095 
2096 2094 2265 2266 
2096 2266 2267 2097 
2259 2079 2078 2258 
2079 2259 2268 2269 
2080 2076 2075 2078 
2270 2075 2077 2271 
2099 2073 2270 2271 
2100 2102 2073 2072 
2262 2272 2273 2085 
2086 2067 2066 2084 
2106 2108 2066 2068 
2067 2274 2275 2068 
2107 2276 2277 2256 
2278 2088 2087 2260 
2109 2091 2087 2089 
2112 2111 2091 2090 
2110 2112 2279 2280 
2110 2113 2115 2111 
2110 2280 2281 2113 
2114 2282 2283 2117 
2246 2240 2116 2081 
2117 2283 2284 2118 
2253 2243 2246 2081 
2083 2285 2253 2081 
2120 2069 2253 2285 
2121 2123 2069 2071 
2286 2276 2107 2106 
2077 2287 2288 2271 
2076 2289 2287 2077 
2080 2290 2289 2076 
2079 2269 2290 2080 
2090 2291 2279 2112 
2292 2293 2294 2295 
2293 2296 2297 2294 
2296 2298 2299 2297 
2300 2301 2299 2298 
2302 2301 2300 2303 
2304 2305 2302 2303 
2306 2305 2304 2307 
2308 2309 2306 2307 
2310 2309 2308 2284 
2284 2283 2311 2310 
2283 2282 2312 2311 
2282 2281 2313 2312 
2281 2280 2314 2313 
2280 2279 2315 2314 
2291 2316 2315 2279 
2317 2316 2291 2318 
2319 2317 2318 2320 
2319 2320 2321 2322 
2318 2291 2090 2092 
2323 2322 2321 2324 
2325 2326 2323 2324 
2277 2276 2327 2328 
2329 2327 2276 2286 
2275 2330 2329 2286 
2331 2330 2275 2274 
2332 2331 2274 2333 
2332 2333 2273 2334 
2286 2106 2068 2275 
2273 2272 2335 2334 
2272 2336 2337 2335 
2338 2339 2337 2336 
2340 2339 2338 2341 
2342 2340 2341 2343 
2344 2345 2342 2343 
2344 2346 2347 2345 
2343 2341 2101 2100 
2346 2348 2349 2347 
2348 2288 2350 2349 
2288 2287 2351 2350 
2290 2352 2353 2289 
2269 2354 2352 2290 
2355 2354 2269 2268 
2355 2268 2267 2356 
2288 2348 2099 2271 
2267 2266 2357 2356 
2358 2357 2266 2265 
2359 2360 2358 2265 
2361 2362 2360 2359 
2293 2121 2071 2296 
2293 2292 2122 2121 
2298 2296 2071 2070 
2295 2294 2363 2131 
2297 2163 2363 2294 
2364 2163 2297 2299 
2301 2157 2364 2299 
2183 2157 2301 2302 
2183 2302 2305 2133 
2298 2070 2120 2300 
2305 2306 2365 2133 
2306 2309 2148 2365 
2309 2310 2218 2148 
2304 2083 2082 2307 
2310 2311 2366 2218 
2311 2312 2160 2366 
2312 2313 2207 2160 
2137 2207 2313 2314 
2314 2315 2210 2137 
2316 2367 2210 2315 
2172 2367 2316 2317 
2317 2319 2368 2172 
2322 2166 2368 2319 
2369 2166 2322 2323 
2369 2323 2326 2124 
2330 2139 2370 2329 
2330 2331 2195 2139 
2332 2371 2195 2331 
2371 2332 2334 2143 
2334 2335 2196 2143 
2333 2274 2067 2086 
2335 2337 2372 2196 
2339 2214 2372 2337 
2339 2340 2154 2214 
2340 2342 2373 2154 
2373 2342 2345 2175 
2345 2347 2374 2175 
2374 2347 2349 2178 
2346 2344 2072 2074 
2349 2350 2375 2178 
2350 2351 2169 2375 
2351 2353 2376 2169 
2352 2127 2376 2353 
2354 2145 2127 2352 
2187 2145 2354 2355 
2356 2224 2187 2355 
2356 2357 2201 2224 
2359 2265 2094 2093 
2192 2201 2357 2358 
2360 2377 2192 2358 
2362 2378 2377 2360 
2359 2093 2263 2361 
2328 2327 2235 2151 
2343 2100 2072 2344 
2099 2348 2346 2074 
2287 2289 2353 2351 
2320 2318 2092 2109 
2089 2321 2320 2109 
2268 2259 2097 2267 
2284 2308 2119 2118 
2336 2105 2104 2338 
2336 2272 2262 2105 
2372 2214 2213 2379 
2172 2368 2380 2221 
2187 2224 2226 2188 
2375 2169 2186 2381 
2376 2127 2129 2382 
2369 2124 2126 2383 
2384 2377 2378 2385 
2192 2222 2199 2201 
2303 2285 2083 2304 
2365 2148 2150 2386 
2224 2201 2223 2225 
2307 2082 2119 2308 
2160 2207 2206 2161 
2134 2133 2365 2386 
2148 2218 2219 2149 
2281 2282 2114 2113 
2367 2387 2208 2210 
2194 2140 2139 2195 
2303 2300 2120 2285 
2085 2273 2333 2086 
2197 2196 2372 2379 
2341 2338 2104 2101 
2158 2157 2183 2182 
2184 2181 2183 2133 
2204 2388 2364 2157 
2175 2374 2389 2185 
2228 2178 2375 2381 
2190 2192 2377 2384 
2390 2391 2153 2152 
2392 2390 2152 2229 
2392 2229 2234 2393 
2229 2151 2235 2234 
2234 2233 2394 2393 
2233 2238 2395 2394 
2396 2395 2238 2397 
2396 2397 2141 2398 
2399 2398 2141 2140 
2194 2400 2399 2140 
2194 2193 2401 2400 
2193 2211 2402 2401 
2211 2403 2404 2402 
2403 2142 2405 2404 
2142 2144 2406 2405 
2407 2406 2144 2232 
2230 2408 2407 2232 
2409 2408 2230 2198 
2410 2409 2198 2197 
2197 2379 2411 2410 
2379 2213 2412 2411 
2213 2212 2413 2412 
2212 2215 2414 2413 
2215 2156 2415 2414 
2416 2415 2156 2155 
2155 2231 2417 2416 
2417 2231 2418 2419 
2419 2418 2177 2420 
2420 2177 2176 2421 
2177 2418 2373 2175 
2176 2185 2422 2421 
2423 2422 2185 2389 
2180 2424 2423 2389 
2180 2179 2425 2424 
2179 2228 2426 2425 
2180 2389 2374 2178 
2381 2427 2426 2228 
2186 2428 2427 2381 
2186 2171 2429 2428 
2429 2171 2170 2430 
2170 2382 2431 2430 
2129 2432 2431 2382 
2433 2432 2129 2128 
2434 2433 2128 2147 
2434 2147 2146 2435 
2146 2227 2436 2435 
2147 2128 2127 2145 
2227 2189 2437 2436 
2189 2188 2438 2437 
2189 2227 2145 2187 
2188 2226 2439 2438 
2225 2440 2439 2226 
2223 2441 2440 2225 
2441 2223 2200 2442 
2200 2199 2443 2442 
2443 2199 2222 2444 
2222 2191 2445 2444 
2191 2190 2446 2445 
2447 2446 2190 2384 
2385 2448 2447 2384 
2130 2132 2449 2450 
2132 2202 2451 2449 
2202 2452 2453 2451 
2203 2388 2454 2455 
2388 2204 2456 2454 
2455 2457 2164 2203 
2204 2159 2458 2456 
2182 2459 2460 2158 
2461 2459 2182 2181 
2184 2462 2461 2181 
2462 2184 2135 2463 
2135 2134 2464 2463 
2134 2386 2465 2464 
2386 2150 2466 2465 
2150 2149 2467 2466 
2217 2216 2468 2469 
2469 2470 2219 2217 
2216 2471 2472 2468 
2471 2236 2473 2472 
2236 2162 2474 2473 
2162 2161 2475 2474 
2206 2476 2475 2161 
2477 2476 2206 2205 
2205 2136 2478 2477 
2136 2138 2479 2478 
2138 2220 2480 2479 
2220 2209 2481 2480 
2209 2208 2482 2481 
2483 2482 2208 2387 
2173 2221 2484 2485 
2486 2483 2387 2174 
2221 2380 2487 2484 
2380 2168 2488 2487 
2167 2489 2488 2168 
2237 2490 2489 2167 
2237 2383 2491 2490 
2126 2492 2491 2383 
2492 2126 2125 2493 
2139 2141 2397 2370 
2457 2494 2165 2164 
2494 2453 2452 2165 
2203 2163 2364 2388 
2470 2467 2149 2219 
2218 2366 2471 2216 
2220 2137 2210 2209 
2136 2205 2207 2137 
2174 2387 2367 2172 
2324 2088 2278 2325 
2324 2321 2089 2088 
2445 2446 2495 2496 
2445 2496 2497 2444 
2442 2443 2498 2499 
2440 2500 2501 2439 
2435 2436 2502 2503 
2170 2169 2376 2382 
2430 2504 2505 2429 
2424 2425 2506 2507 
2231 2154 2373 2418 
2419 2508 2509 2417 
2510 2391 2390 2511 
2390 2392 2512 2511 
2393 2513 2512 2392 
2513 2393 2394 2514 
2394 2395 2515 2514 
2395 2396 2516 2515 
2396 2398 2517 2516 
2398 2399 2518 2517 
2400 2519 2518 2399 
2520 2519 2400 2401 
2520 2401 2402 2521 
2402 2404 2522 2521 
2404 2405 2523 2522 
2405 2406 2524 2523 
2525 2524 2406 2407 
2525 2407 2408 2526 
2408 2409 2527 2526 
2409 2410 2528 2527 
2410 2411 2529 2528 
2154 2156 2215 2214 
2415 2530 2531 2414 
2413 2532 2533 2412 
2534 2450 2449 2535 
2449 2451 2536 2535 
2451 2453 2537 2536 
2494 2457 2538 2539 
2539 2537 2453 2494 
2454 2540 2541 2455 
2456 2542 2540 2454 
2456 2458 2543 2542 
2458 2460 2544 2543 
2460 2459 2545 2544 
2546 2545 2459 2461 
2546 2461 2462 2547 
2547 2462 2463 2548 
2463 2464 2549 2548 
2549 2464 2465 2550 
2466 2467 2551 2552 
2467 2470 2553 2551 
2554 2553 2470 2469 
2555 2554 2469 2468 
2555 2468 2472 2556 
2556 2472 2473 2557 
2557 2473 2474 2558 
2236 2471 2366 2160 
2474 2475 2559 2558 
2477 2560 2561 2476 
2562 2560 2477 2478 
2479 2563 2562 2478 
2564 2563 2479 2480 
2480 2481 2565 2564 
2481 2482 2566 2565 
2482 2483 2567 2566 
2486 2568 2567 2483 
2569 2568 2486 2485 
2570 2569 2485 2484 
2570 2484 2487 2571 
2485 2486 2174 2173 
2487 2488 2572 2571 
2488 2489 2573 2572 
2489 2490 2574 2573 
2490 2491 2575 2574 
2491 2492 2576 2575 
2493 2577 2576 2492 
2578 2577 2493 2579 
2503 2580 2434 2435 
2505 2581 2428 2429 
2582 2427 2428 2581 
2583 2506 2425 2426 
2509 2584 2416 2417 
2584 2530 2415 2416 
2371 2143 2142 2403 
2238 2235 2370 2397 
2237 2166 2369 2383 
2585 2441 2442 2499 
2586 2447 2448 2587 
2586 2052 2051 2495 
2498 2443 2444 2497 
2496 2050 2049 2497 
2500 2440 2441 2585 
2500 2585 2037 2036 
2588 2438 2439 2501 
2501 2035 1968 2588 
2588 2589 2437 2438 
2589 2502 2436 2437 
2503 2502 1966 2038 
2580 2590 2433 2434 
2580 2503 2038 2058 
2590 2580 2058 2060 
2591 2432 2433 2590 
2591 1965 1964 2592 
2581 2505 2057 2056 
2581 2056 1963 2582 
2593 2423 2424 2507 
2507 2506 1961 1960 
2582 2583 2426 2427 
2594 2595 2421 2422 
2596 2420 2421 2595 
2596 2595 2039 1959 
2509 1922 1921 2584 
2584 1921 1920 2530 
2530 1920 1919 2531 
2531 2532 2413 2414 
2532 1918 1917 2533 
2533 1917 2045 2529 
2529 2411 2412 2533 
2528 2529 2045 2046 
2528 2046 1916 2527 
2230 2232 2143 2196 
2526 1915 1914 2525 
2523 1912 1911 2522 
2211 2195 2371 2403 
2519 1910 1909 2518 
2517 2518 1909 1908 
2516 2044 1907 2515 
2510 2511 2032 2031 
2514 1906 2043 2513 
2511 2512 2042 2032 
2535 2023 2024 2534 
2023 2535 2536 2022 
2165 2452 2363 2163 
2536 2537 2021 2022 
2537 2539 2020 2021 
2539 2538 2019 2020 
2538 2541 2018 2019 
2540 2017 2018 2541 
2540 2542 1997 2017 
2543 1996 1997 2542 
2544 1995 1996 2543 
1995 2544 2545 1994 
2545 2546 1993 1994 
2547 2548 1991 1992 
1990 2549 2550 1989 
1989 2550 2552 1988 
2551 1987 1988 2552 
2551 2553 1986 1987 
2552 2550 2465 2466 
2553 2554 1985 1986 
2554 2555 1984 1985 
2556 2557 1982 1983 
1982 2557 2558 1981 
1981 2558 2559 1980 
2559 2561 1979 1980 
1978 2560 2562 1977 
1977 2562 2563 1976 
2563 2564 1975 1976 
2564 2565 1974 1975 
2566 1973 1974 2565 
2566 2567 1972 1973 
2567 2568 1970 1972 
1970 2568 2569 1971 
2569 2570 1902 1971 
1903 1902 2570 2571 
1903 2571 2572 2055 
2572 2573 1904 2055 
2573 2574 1905 1904 
2574 2575 2028 1905 
2575 2576 2029 2028 
2577 2030 2029 2576 
2578 2062 2030 2577 
2159 2158 2460 2458 
1993 2546 2547 1992 
1913 1912 2523 2524 
2592 2431 2432 2591 
2060 1965 2591 2590 
2559 2475 2476 2561 
2561 2560 1978 1979 
2044 2516 2517 1908 
2457 2455 2541 2538 
2041 2040 2594 2593 
2040 2039 2595 2594 
2422 2423 2593 2594 
2041 2593 2507 1960 
1907 1906 2514 2515 
2049 2048 2498 2497 
2052 2586 2587 2061 
2586 2495 2446 2447 
2499 2498 2048 2047 
2047 2037 2585 2499 
1968 1967 2589 2588 
2548 2549 1990 1991 
1915 2526 2527 1916 
1914 1913 2524 2525 
1919 1918 2532 2531 
1923 2508 2596 1959 
1964 2059 2504 2592 
2168 2380 2368 2166 
2059 2057 2505 2504 
1963 1962 2583 2582 
1922 2509 2508 1923 
2202 2131 2363 2452 
2051 2050 2496 2495 
2043 2042 2512 2513 
2033 2034 2520 2521 
2508 2419 2420 2596 
1911 2033 2521 2522 
2035 2501 2500 2036 
2592 2504 2430 2431 
1967 1966 2502 2589 
1962 1961 2506 2583 
2034 1910 2519 2520 
2555 2556 1983 1984 
2327 2329 2370 2235 
</DataArray>
<DataArray type="Int32" Name="offsets" format="ascii">
4
8
12
16
20
24
28
32
36
40
44
48
52
56
60
64
68
72
76
80
84
88
92
96
100
104
108
112
116
120
124
128
132
136
140
144
148
152
156
160
164
168
172
176
180
184
188
192
196
200
204
208
212
216
220
224
228
232
236
240
244
248
252
256
260
264
268
272
276
280
284
288
292
296
300
304
308
312
316
320
324
328
332
336
340
344
348
352
356
360
364
368
372
376
380
384
388
392
396
400
404
408
412
416
420
424
428
432
436
440
444
448
452
456
460
464
468
472
476
480
484
488
492
496
500
504
508
512
516
520
524
528
532
536
540
544
548
552
556
560
564
568
572
576
580
584
588
592
596
600
604
608
612
616
620
624
628
632
636
640
644
648
652
656
660
664
668
672
676
680
684
688
692
696
700
704
708
712
716
720
724
728
732
736
740
744
748
752
756
760
764
768
772
776
780
784
788
792
796
800
804
808
812
816
820
824
828
832
836
840
844
848
852
856
860
864
868
872
876
880
884
888
892
896
900
904
908
912
916
920
924
928
932
936
940
944
948
952
956
960
964
968
972
976
980
984
988
992
996
1000
1004
1008
1012
1016
1020
1024
1028
1032
1036
1040
1044
1048
1052
1056
1060
1064
1068
1072
1076
1080
1084
1088
1092
1096
1100
1104
1108
1112
1116
1120
1124
1128
1132
1136
1140
1144
1148
1152
1156
1160
1164
1168
1172
1176
1180
1184
1188
1192
1196
1200
1204
1208
1212
1216
1220
1224
1228
1232
1236
1240
1244
1248
1252
1256
1260
1264
1268
1272
1276
1280
1284
1288
1292
1296
1300
1304
1308
1312
1316
1320
1324
1328
1332
1336
1340
1344
1348
1352
1356
1360
1364
1368
1372
1376
1380
1384
1388
1392
1396
1400
1404
1408
1412
1416
1420
1424
1428
1432
1436
1440
1444
1448
1452
1456
1460
1464
1468
1472
1476
1480
1484
1488
1492
1496
1500
1504
1508
1512
1516
1520
1524
1528
1532
1536
1540
1544
1548
1552
1556
1560
1564
1568
1572
1576
1580
1584
1588
1592
1596
1600
1604
1608
1612
1616
1620
1624
1628
1632
1636
1640
1644
1648
1652
1656
1660
1664
1668
1672
1676
1680
1684
1688
1692
1696
1700
1704
1708
1712
1716
1720
1724
1728
1732
1736
1740
1744
1748
1752
1756
1760
1764
1768
1772
1776
1780
1784
1788
1792
1796
1800
1804
1808
1812
1816
1820
1824
1828
1832
1836
1840
1844
1848
1852
1856
1860
1864
1868
1872
1876
1880
1884
1888
1892
1896
1900
1904
1908
1912
1916
1920
1924
1928
1932
1936
1940
1944
1948
1952
1956
1960
1964
1968
1972
1976
1980
1984
1988
1992
1996
2000
2004
2008
2012
2016
2020
2024
2028
2032
2036
2040
2044
2048
2052
2056
2060
2064
2068
2072
2076
2080
2084
2088
2092
2096
2100
2104
2108
2112
2116
2120
2124
2128
2132
2136
2140
2144
2148
2152
2156
2160
2164
2168
2172
2176
2180
2184
2188
2192
2196
2200
2204
2208
2212
2216
2220
2224
2228
2232
2236
2240
2244
2248
2252
2256
2260
2264
2268
2272
2276
2280
2284
2288
2292
2296
2300
2304
2308
2312
2316
2320
2324
2328
2332
2336
2340
2344
2348
2352
2356
2360
2364
2368
2372
2376
2380
2384
2388
2392
2396
2400
2404
2408
2412
2416
2420
2424
2428
2432
2436
2440
2444
2448
2452
2456
2460
2464
2468
2472
2476
2480
2484
2488
2492
2496
2500
2504
2508
2512
2516
2520
2524
2528
2532
2536
2540
2544
2548
2552
2556
2560
2564
2568
2572
2576
2580
2584
2588
2592
2596
2600
2604
2608
2612
2616
2620
2624
2628
2632
2636
2640
2644
2648
2652
2656
2660
2664
2668
2672
2676
2680
2684
2688
2692
2696
2700
2704
2708
2712
2716
2720
2724
2728
2732
2736
2740
2744
2748
2752
2756
2760
2764
2768
2772
2776
2780
2784
2788
2792
2796
2800
2804
2808
2812
2816
2820
2824
2828
2832
2836
2840
2844
2848
2852
2856
2860
2864
2868
2872
2876
2880
2884
2888
2892
2896
2900
2904
2908
2912
2916
2920
2924
2928
2932
2936
2940
2944
2948
2952
2956
2960
2964
2968
2972
2976
2980
2984
2988
2992
2996
3000
3004
3008
3012
3016
3020
3024
3028
3032
3036
3040
3044
3048
3052
3056
3060
3064
3068
3072
3076
3080
3084
3088
3092
3096
3100
3104
3108
3112
3116
3120
3124
3128
3132
3136
3140
3144
3148
3152
3156
3160
3164
3168
3172
3176
3180
3184
3188
3192
3196
3200
3204
3208
3212
3216
3220
3224
3228
3232
3236
3240
3244
3248
3252
3256
3260
3264
3268
3272
3276
3280
3284
3288
3292
3296
3300
3304
3308
3312
3316
3320
3324
3328
3332
3336
3340
3344
3348
3352
3356
3360
3364
3368
3372
3376
3380
3384
3388
3392
3396
3400
3404
3408
3412
3416
3420
3424
3428
3432
3436
3440
3444
3448
3452
3456
3460
3464
3468
3472
3476
3480
3484
3488
3492
3496
3500
3504
3508
3512
3516
3520
3524
3528
3532
3536
3540
3544
3548
3552
3556
3560
3564
3568
3572
3576
3580
3584
3588
3592
3596
3600
3604
3608
3612
3616
3620
3624
3628
3632
3636
3640
3644
3648
3652
3656
3660
3664
3668
3672
3676
3680
3684
3688
3692
3696
3700
3704
3708
3712
3716
3720
3724
3728
3732
3736
3740
3744
3748
3752
3756
3760
3764
3768
3772
3776
3780
3784
3788
3792
3796
3800
3804
3808
3812
3816
3820
3824
3828
3832
3836
3840
3844
3848
3852
3856
3860
3864
3868
3872
3876
3880
3884
3888
3892
3896
3900
3904
3908
3912
3916
3920
3924
3928
3932
3936
3940
3944
3948
3952
3956
3960
3964
3968
3972
3976
3980
3984
3988
3992
3996
4000
4004
4008
4012
4016
4020
4024
4028
4032
4036
4040
4044
4048
4052
4056
4060
4064
4068
4072
4076
4080
4084
4088
4092
4096
4100
4104
4108
4112
4116
4120
4124
4128
4132
4136
4140
4144
4148
4152
4156
4160
4164
4168
4172
4176
4180
4184
4188
4192
4196
4200
4204
4208
4212
4216
4220
4224
4228
4232
4236
4240
4244
4248
4252
4256
4260
4264
4268
4272
4276
4280
4284
4288
4292
4296
4300
4304
4308
4312
4316
4320
4324
4328
4332
4336
4340
4344
4348
4352
4356
4360
4364
4368
4372
4376
4380
4384
4388
4392
4396
4400
4404
4408
4412
4416
4420
4424
4428
4432
4436
4440
4444
4448
4452
4456
4460
4464
4468
4472
4476
4480
4484
4488
4492
4496
4500
4504
4508
4512
4516
4520
4524
4528
4532
4536
4540
4544
4548
4552
4556
4560
4564
4568
4572
4576
4580
4584
4588
4592
4596
4600
4604
4608
4612
4616
4620
4624
4628
4632
4636
4640
4644
4648
4652
4656
4660
4664
4668
4672
4676
4680
4684
4688
4692
4696
4700
4704
4708
4712
4716
4720
4724
4728
4732
4736
4740
4744
4748
4752
4756
4760
4764
4768
4772
4776
4780
4784
4788
4792
4796
4800
4804
4808
4812
4816
4820
4824
4828
4832
4836
4840
4844
4848
4852
4856
4860
4864
4868
4872
4876
4880
4884
4888
4892
4896
4900
4904
4908
4912
4916
4920
4924
4928
4932
4936
4940
4944
4948
4952
4956
4960
4964
4968
4972
4976
4980
4984
4988
4992
4996
5000
5004
5008
5012
5016
5020
5024
5028
5032
5036
5040
5044
5048
5052
5056
5060
5064
5068
5072
5076
5080
5084
5088
5092
5096
5100
5104
5108
5112
5116
5120
5124
5128
5132
5136
5140
5144
5148
5152
5156
5160
5164
5168
5172
5176
5180
5184
5188
5192
5196
5200
5204
5208
5212
5216
5220
5224
5228
5232
5236
5240
5244
5248
5252
5256
5260
5264
5268
5272
5276
5280
5284
5288
5292
5296
5300
5304
5308
5312
5316
5320
5324
5328
5332
5336
5340
5344
5348
5352
5356
5360
5364
5368
5372
5376
5380
5384
5388
5392
5396
5400
5404
5408
5412
5416
5420
5424
5428
5432
5436
5440
5444
5448
5452
5456
5460
5464
5468
5472
5476
5480
5484
5488
5492
5496
5500
5504
5508
5512
5516
5520
5524
5528
5532
5536
5540
5544
5548
5552
5556
5560
5564
5568
5572
5576
5580
5584
5588
5592
5596
5600
5604
5608
5612
5616
5620
5624
5628
5632
5636
5640
5644
5648
5652
5656
5660
5664
5668
5672
5676
5680
5684
5688
5692
5696
5700
5704
5708
5712
5716
5720
5724
5728
5732
5736
5740
5744
5748
5752
5756
5760
5764
5768
5772
5776
5780
5784
5788
5792
5796
5800
5804
5808
5812
5816
5820
5824
5828
5832
5836
5840
5844
5848
5852
5856
5860
5864
5868
5872
5876
5880
5884
5888
5892
5896
5900
5904
5908
5912
5916
5920
5924
5928
5932
5936
5940
5944
5948
5952
5956
5960
5964
5968
5972
5976
5980
5984
5988
5992
5996
6000
6004
6008
6012
6016
6020
6024
6028
6032
6036
6040
6044
6048
6052
6056
6060
6064
6068
6072
6076
6080
6084
6088
6092
6096
6100
6104
6108
6112
6116
6120
6124
6128
6132
6136
6140
6144
6148
6152
6156
6160
6164
6168
6172
6176
6180
6184
6188
6192
6196
6200
6204
6208
6212
6216
6220
6224
6228
6232
6236
6240
6244
6248
6252
6256
6260
6264
6268
6272
6276
6280
6284
6288
6292
6296
6300
6304
6308
6312
6316
6320
6324
6328
6332
6336
6340
6344
6348
6352
6356
6360
6364
6368
6372
6376
6380
6384
6388
6392
6396
6400
6404
6408
6412
6416
6420
6424
6428
6432
6436
6440
6444
6448
6452
6456
6460
6464
6468
6472
6476
6480
6484
6488
6492
6496
6500
6504
6508
6512
6516
6520
6524
6528
6532
6536
6540
6544
6548
6552
6556
6560
6564
6568
6572
6576
6580
6584
6588
6592
6596
6600
6604
6608
6612
6616
6620
6624
6628
6632
6636
6640
6644
6648
6652
6656
6660
6664
6668
6672
6676
6680
6684
6688
6692
6696
6700
6704
6708
6712
6716
6720
6724
6728
6732
6736
6740
6744
6748
6752
6756
6760
6764
6768
6772
6776
6780
6784
6788
6792
6796
6800
6804
6808
6812
6816
6820
6824
6828
6832
6836
6840
6844
6848
6852
6856
6860
6864
6868
6872
6876
6880
6884
6888
6892
6896
6900
6904
6908
6912
6916
6920
6924
6928
6932
6936
6940
6944
6948
6952
6956
6960
6964
6968
6972
6976
6980
6984
6988
6992
6996
7000
7004
7008
7012
7016
7020
7024
7028
7032
7036
7040
7044
7048
7052
7056
7060
7064
7068
7072
7076
7080
7084
7088
7092
7096
7100
7104
7108
7112
7116
7120
7124
7128
7132
7136
7140
7144
7148
7152
7156
7160
7164
7168
7172
7176
7180
7184
7188
7192
7196
7200
7204
7208
7212
7216
7220
7224
7228
7232
7236
7240
7244
7248
7252
7256
7260
7264
7268
7272
7276
7280
7284
7288
7292
7296
7300
7304
7308
7312
7316
7320
7324
7328
7332
7336
7340
7344
7348
7352
7356
7360
7364
7368
7372
7376
7380
7384
7388
7392
7396
7400
7404
7408
7412
7416
7420
7424
7428
7432
7436
7440
7444
7448
7452
7456
7460
7464
7468
7472
7476
7480
7484
7488
7492
7496
7500
7504
7508
7512
7516
7520
7524
7528
7532
7536
7540
7544
7548
7552
7556
7560
7564
7568
7572
7576
7580
7584
7588
7592
7596
7600
7604
7608
7612
7616
7620
7624
7628
7632
7636
7640
7644
7648
7652
7656
7660
7664
7668
7672
7676
7680
7684
7688
7692
7696
7700
7704
7708
7712
7716
7720
7724
7728
7732
7736
7740
7744
7748
7752
7756
7760
7764
7768
7772
7776
7780
7784
7788
7792
7796
7800
7804
7808
7812
7816
7820
7824
7828
7832
7836
7840
7844
7848
7852
7855
7858
7861
7864
7867
7870
7873
7876
7879
7882
7885
7888
7891
7894
7897
7900
7903
7906
7909
7912
7915
7918
7921
7924
7927
7930
7933
7936
7939
7942
7945
7948
7951
7954
7957
7960
7963
7966
7969
7972
7975
7978
7981
7984
7987
7990
7993
7996
7999
8002
8005
8008
8011
8014
8017
8020
8023
8026
8029
8032
8035
8038
8041
8044
8047
8050
8053
8056
8059
8062
8065
8068
8071
8074
8077
8080
8084
8088
8092
8096
8100
8104
8108
8112
8116
8120
8124
8128
8132
8136
8140
8144
8148
8152
8156
8160
8164
8168
8172
8176
8180
8184
8188
8192
8196
8200
8204
8208
8212
8216
8220
8224
8228
8232
8236
8240
8244
8248
8252
8256
8260
8264
8268
8272
8276
8280
8284
8288
8292
8296
8300
8304
8308
8312
8316
8320
8324
8328
8332
8336
8340
8344
8348
8352
8356
8360
8364
8368
8372
8376
8380
8384
8388
8392
8396
8400
8404
8408
8412
8416
8420
8424
8428
8432
8436
8440
8444
8448
8452
8456
8460
8464
8468
8472
8476
8480
8484
8488
8492
8496
8500
8504
8508
8512
8516
8520
8524
8528
8532
8536
8540
8544
8548
8552
8556
8560
8564
8568
8572
8576
8580
8584
8588
8592
8596
8600
8604
8608
8612
8616
8620
8624
8628
8632
8636
8640
8644
8648
8652
8656
8660
8664
8668
8672
8676
8680
8684
8688
8692
8696
8700
8704
8708
8712
8716
8720
8724
8728
8732
8736
8740
8744
8748
8752
8756
8760
8764
8768
8772
8776
8780
8784
8788
8792
8796
8800
8804
8808
8812
8816
8820
8824
8828
8832
8836
8840
8844
8848
8852
8856
8860
8864
8868
8872
8876
8880
8884
8888
8892
8896
8900
8904
8908
8912
8916
8920
8924
8928
8932
8936
8940
8944
8948
8952
8956
8960
8964
8968
8972
8976
8980
8984
8988
8992
8996
9000
9004
9008
9012
9016
9020
9024
9028
9032
9036
9040
9044
9048
9052
9056
9060
9064
9068
9072
9076
9080
9084
9088
9092
9096
9100
9104
9108
9112
9116
9120
9124
9128
9132
9136
9140
9144
9148
9152
9156
9160
9164
9168
9172
9176
9180
9184
9188
9192
9196
9200
9204
9208
9212
9216
9220
9224
9228
9232
9236
9240
9244
9248
9252
9256
9260
9264
9268
9272
9276
9280
9284
9288
9292
9296
9300
9304
9308
9312
9316
9320
9324
9328
9332
9336
9340
9344
9348
9352
9356
9360
9364
9368
9372
9376
9380
9384
9388
9392
9396
9400
9404
9408
9412
9416
9420
9424
9428
9432
9436
9440
9444
9448
9452
9456
9460
9464
9468
9472
9476
9480
9484
9488
9492
9496
9500
9504
9508
9512
9516
9520
9524
9528
9532
9536
9540
9544
9548
9552
9556
9560
9564
9568
9572
9576
9580
9584
9588
9592
9596
9600
9604
9608
9612
9616
9620
9624
9628
9632
9636
9640
9644
9648
9652
9656
9660
9664
9668
9672
9676
9680
9684
9688
9692
9696
9700
9704
9708
9712
9716
9720
9724
9728
9732
9736
9740
9744
9748
9752
9756
9760
9764
9768
9772
9776
9780
9784
9788
9792
9796
9800
9804
9808
9812
9816
9820
9824
9828
9832
9836
9840
9844
9848
9852
9856
9860
9864
9868
9872
9876
9880
9884
9888
9892
9896
9900
9904
9908
9912
9916
9920
9924
9928
9932
9936
9940
9944
9948
9952
9956
9960
9964
9968
9972
9976
9980
9984
9988
9992
9996
10000
10004
10008
10012
10016
10020
10024
10028
10032
10036
10040
10044
10048
10052
10056
10060
10064
10068
10072
10076
10080
10084
10088
10092
10096
10100
10104
10108
10112
10116
10120
10124
10128
10132
10136
10140
10144
</DataArray>
<DataArray type="UInt8" Name="types" format="ascii">
9
9
9
9
9
9
9
9
9
9
9
9
9
9
9
9
9
9
9
9
9
9
9
9
9
9
9
9
9
9
9
9
9
9
9
9
9
9
9
9
9
9
9
9
9
9
9
9
9
9
9
9
9
9
9
9
9
9
9
9
9
9
9
9
9
9
9
9
9
9
9
9
9
9
9
9
9
9
9
9
9
9
9
9
9
9
9
9
9
9
9
9
9
9
9
9
9
9
9
9
9
9
9
9
9
9
9
9
9
9
9
9
9
9
9
9
9
9
9
9
9
9
9
9
9
9
9
9
9
9
9
9
9
9
9
9
9
9
9
9
9
9
9
9
9
9
9
9
9
9
9
9
9
9
9
9
9
9
9
9
9
9
9
9
9
9
9
9
9
9
9
9
9
9
9
9
9
9
9
9
9
9
9
9
9
9
9
9
9
9
9
9
9
9
9
9
9
9
9
9
9
9
9
9
9
9
9
9
9
9
9
9
9
9
9
9
9
9
9
9
9
9
9
9
9
9
9
9
9
9
9
9
9
9
9
9
9
9
9
9
9
9
9
9
9
9
9
9
9
9
9
9
9
9
9
9
9
9
9
9
9
9
9
9
9
9
9
9
9
9
9
9
9
9
9
9
9
9
9
9
9
9
9
9
9
9
9
9
9
9
9
9
9
9
9
9
9
9
9
9
9
9
9
9
9
9
9
9
9
9
9
9
9
9
9
9
9
9
9
9
9
9
9
9
9
9
9
9
9
9
9
9
9
9
9
9
9
9
9
9
9
9
9
9
9
9
9
9
9
9
9
9
9
9
9
9
9
9
9
9
9
9
9
9
9
9
9
9
9
9
9
9
9
9
9
9
9
9
9
9
9
9
9
9
9
9
9
9
9
9
9
9
9
9
9
9
9
9
9
9
9
9
9
9
9
9
9
9
9
9
9
9
9
9
9
9
9
9
9
9
9
9
9
9
9
9
9
9
9
9
9
9
9
9
9
9
9
9
9
9
9
9
9
9
9
9
9
9
9
9
9
9
9
9
9
9
9
9
9
9
9
9
9
9
9
9
9
9
9
9
9
9
9
9
9
9
9
9
9
9
9
9
9
9
9
9
9
9
9
9
9
9
9
9
9
9
9
9
9
9
9
9
9
9
9
9
9
9
9
9
9
9
9
9
9
9
9
9
9
9
9
9
9
9
9
9
9
9
9
9
9
9
9
9
9
9
9
9
9
9
9
9
9
9
9
9
9
9
9
9
9
9
9
9
9
9
9
9
9
9
9
9
9
9
9
9
9
9
9
9
9
9
9
9
9
9
9
9
9
9
9
9
9
9
9
9
9
9
9
9
9
9
9
9
9
9
9
9
9
9
9
9
9
9
9
9
9
9
9
9
9
9
9
9
9
9
9
9
9
9
9
9
9
9
9
9
9
9
9
9
9
9
9
9
9
9
9
9
9
9
9
9
9
9
9
9
9
9
9
9
9
9
9
9
9
9
9
9
9
9
9
9
9
9
9
9
9
9
9
9
9
9
9
9
9
9
9
9
9
9
9
9
9
9
9
9
9
9
9
9
9
9
9
9
9
9
9
9
9
9
9
9
9
9
9
9
9
9
9
9
9
9
9
9
9
9
9
9
9
9
9
9
9
9
9
9
9
9
9
9
9
9
9
9
9
9
9
9
9
9
9
9
9
9
9
9
9
9
9
9
9
9
9
9
9
9
9
9
9
9
9
9
9
9
9
9
9
9
9
9
9
9
9
9
9
9
9
9
9
9
9
9
9
9
9
9
9
9
9
9
9
9
9
9
9
9
9
9
9
9
9
9
9
9
9
9
9
9
9
9
9
9
9
9
9
9
9
9
9
9
9
9
9
9
9
9
9
9
9
9
9
9
9
9
9
9
9
9
9
9
9
9
9
9
9
9
9
9
9
9
9
9
9
9
9
9
9
9
9
9
9
9
9
9
9
9
9
9
9
9
9
9
9
9
9
9
9
9
9
9
9
9
9
9
9
9
9
9
9
9
9
9
9
9
9
9
9
9
9
9
9
9
9
9
9
9
9
9
9
9
9
9
9
9
9
9
9
9
9
9
9
9
9
9
9
9
9
9
9
9
9
9
9
9
9
9
9
9
9
9
9
9
9
9
9
9
9
9
9
9
9
9
9
9
9
9
9
9
9
9
9
9
9
9
9
9
9
9
9
9
9
9
9
9
9
9
9
9
9
9
9
9
9
9
9
9
9
9
9
9
9
9
9
9
9
9
9
9
9
9
9
9
9
9
9
9
9
9
9
9
9
9
9
9
9
9
9
9
9
9
9
9
9
9
9
9
9
9
9
9
9
9
9
9
9
9
9
9
9
9
9
9
9
9
9
9
9
9
9
9
9
9
9
9
9
9
9
9
9
9
9
9
9
9
9
9
9
9
9
9
9
9
9
9
9
9
9
9
9
9
9
9
9
9
9
9
9
9
9
9
9
9
9
9
9
9
9
9
9
9
9
9
9
9
9
9
9
9
9
9
9
9
9
9
9
9
9
9
9
9
9
9
9
9
9
9
9
9
9
9
9
9
9
9
9
9
9
9
9
9
9
9
9
9
9
9
9
9
9
9
9
9
9
9
9
9
9
9
9
9
9
9
9
9
9
9
9
9
9
9
9
9
9
9
9
9
9
9
9
9
9
9
9
9
9
9
9
9
9
9
9
9
9
9
9
9
9
9
9
9
9
9
9
9
9
9
9
9
9
9
9
9
9
9
9
9
9
9
9
9
9
9
9
9
9
9
9
9
9
9
9
9
9
9
9
9
9
9
9
9
9
9
9
9
9
9
9
9
9
9
9
9
9
9
9
9
9
9
9
9
9
9
9
9
9
9
9
9
9
9
9
9
9
9
9
9
9
9
9
9
9
9
9
9
9
9
9
9
9
9
9
9
9
9
9
9
9
9
9
9
9
9
9
9
9
9
9
9
9
9
9
9
9
9
9
9
9
9
9
9
9
9
9
9
9
9
9
9
9
9
9
9
9
9
9
9
9
9
9
9
9
9
9
9
9
9
9
9
9
9
9
9
9
9
9
9
9
9
9
9
9
9
9
9
9
9
9
9
9
9
9
9
9
9
9
9
9
9
9
9
9
9
9
9
9
9
9
9
9
9
9
9
9
9
9
9
9
9
9
9
9
9
9
9
9
9
9
9
9
9
9
9
9
9
9
9
9
9
9
9
9
9
9
9
9
9
9
9
9
9
9
9
9
9
9
9
9
9
9
9
9
9
9
9
9
9
9
9
9
9
9
9
9
9
9
9
9
9
9
9
9
9
9
9
9
9
9
9
9
9
9
9
9
9
9
9
9
9
9
9
9
9
9
9
9
9
9
9
9
9
9
9
9
9
9
9
9
9
9
9
9
9
9
9
9
9
9
9
9
9
9
9
9
9
9
9
9
9
9
9
9
9
9
9
9
9
9
9
9
9
9
9
9
9
9
9
9
9
9
9
9
9
9
9
9
9
9
9
9
9
9
9
9
9
9
9
9
9
9
9
9
9
9
9
9
9
9
9
9
9
9
9
9
9
9
9
9
9
9
9
9
9
9
9
9
9
9
9
9
9
9
9
9
9
9
9
9
9
9
9
9
9
9
9
9
9
9
9
9
9
9
9
9
9
9
9
9
9
9
9
9
9
9
9
9
9
9
9
9
9
9
9
9
9
9
9
9
9
9
9
9
9
9
9
9
9
9
9
9
9
9
9
9
9
9
9
9
9
9
9
9
9
9
9
9
9
9
9
9
9
9
9
9
9
9
9
9
9
9
9
9
9
9
9
9
9
9
9
9
9
9
9
9
9
9
9
9
9
9
9
9
9
9
9
9
9
9
9
9
9
9
9
9
9
9
9
9
9
9
9
9
9
9
9
9
9
9
9
9
9
9
9
9
9
9
9
9
9
9
9
9
9
9
9
9
9
9
9
9
9
9
9
9
9
9
9
9
9
9
9
9
9
9
9
9
9
9
9
9
9
9
9
9
9
9
9
9
9
9
9
9
9
9
9
9
9
9
9
9
9
9
9
9
9
9
9
9
9
9
9
9
9
9
9
9
9
9
9
9
9
9
9
9
9
9
9
9
9
9
9
9
9
9
9
9
9
9
9
9
9
9
9
9
9
9
9
9
9
9
9
9
9
9
9
9
9
9
9
9
9
9
9
9
9
9
9
9
9
9
9
9
9
9
9
9
9
9
9
9
9
9
9
9
9
9
9
9
9
9
9
9
9
9
9
9
9
9
9
9
9
9
9
9
9
9
9
9
9
9
9
9
9
9
9
9
9
9
9
9
9
9
9
9
9
9
9
9
9
9
9
9
9
9
9
9
9
9
9
9
9
9
9
9
9
9
9
9
9
9
9
9
9
9
9
9
9
9
9
9
9
9
9
9
9
9
9
9
9
9
9
9
9
9
5
5
5
5
5
5
5
5
5
5
5
5
5
5
5
5
5
5
5
5
5
5
5
5
5
5
5
5
5
5
5
5
5
5
5
5
5
5
5
5
5
5
5
5
5
5
5
5
5
5
5
5
5
5
5
5
5
5
5
5
5
5
5
5
5
5
5
5
5
5
5
5
5
5
5
5
9
9
9
9
9
9
9
9
9
9
9
9
9
9
9
9
9
9
9
9
9
9
9
9
9
9
9
9
9
9
9
9
9
9
9
9
9
9
9
9
9
9
9
9
9
9
9
9
9
9
9
9
9
9
9
9
9
9
9
9
9
9
9
9
9
9
9
9
9
9
9
9
9
9
9
9
9
9
9
9
9
9
9
9
9
9
9
9
9
9
9
9
9
9
9
9
9
9
9
9
9
9
9
9
9
9
9
9
9
9
9
9
9
9
9
9
9
9
9
9
9
9
9
9
9
9
9
9
9
9
9
9
9
9
9
9
9
9
9
9
9
9
9
9
9
9
9
9
9
9
9
9
9
9
9
9
9
9
9
9
9
9
9
9
9
9
9
9
9
9
9
9
9
9
9
9
9
9
9
9
9
9
9
9
9
9
9
9
9
9
9
9
9
9
9
9
9
9
9
9
9
9
9
9
9
9
9
9
9
9
9
9
9
9
9
9
9
9
9
9
9
9
9
9
9
9
9
9
9
9
9
9
9
9
9
9
9
9
9
9
9
9
9
9
9
9
9
9
9
9
9
9
9
9
9
9
9
9
9
9
9
9
9
9
9
9
9
9
9
9
9
9
9
9
9
9
9
9
9
9
9
9
9
9
9
9
9
9
9
9
9
9
9
9
9
9
9
9
9
9
9
9
9
9
9
9
9
9
9
9
9
9
9
9
9
9
9
9
9
9
9
9
9
9
9
9
9
9
9
9
9
9
9
9
9
9
9
9
9
9
9
9
9
9
9
9
9
9
9
9
9
9
9
9
9
9
9
9
9
9
9
9
9
9
9
9
9
9
9
9
9
9
9
9
9
9
9
9
9
9
9
9
9
9
9
9
9
9
9
9
9
9
9
9
9
9
9
9
9
9
9
9
9
9
9
9
9
9
9
9
9
9
9
9
9
9
9
9
9
9
9
9
9
9
9
9
9
9
9
9
9
9
9
9
9
9
9
9
9
9
9
9
9
9
9
9
9
9
9
9
9
9
9
9
9
9
9
9
9
9
9
9
9
9
9
9
9
9
9
9
9
9
9
9
9
9
9
9
9
9
9
9
9
9
9
9
9
9
9
9
9
9
9
9
9
9
9
9
9
9
9
9
9
9
9
9
9
9
9
9
9
9
9
9
9
9
</DataArray>
</Cells>
<CellData>
<DataArray type="Float64" Name="density" format="ascii">
49.9861836
50
49.97569664
50
50
49.99738103
49.989249
49.99028083
50
50
50
49.96599529
49.96374389
49.97418593
49.93676245
50
49.98588205
50
50
50
50
49.95599746
49.97652668
49.9624818
49.97777057
49.99261385
49.95739452
49.981481
49.9980932
50
49.97994598
49.98235002
50
49.96064602
50
50
50
50
49.99983709
50
49.9792514
49.99897718
49.98484619
49.99055652
50
49.9787411
50
49.98590173
50
50
50
50
49.95976258
49.95535866
49.98945491
50
50
50
50
49.99868262
50
50
49.98846146
49.99180421
49.99559653
49.99665815
49.99509386
50
50
49.97871395
49.99305669
50
50
49.99889514
49.99104503
49.99441396
49.95623559
49.99592408
50
49.95398918
49.99888052
50
49.98740046
49.96818964
49.95466738
50
49.99966709
50
50
49.98889702
50
49.95936534
49.96984546
50
49.96603674
49.96497013
49.96147326
49.98635888
49.98865986
49.97924327
49.97040649
49.9923845
49.98864771
49.98769427
49.94072667
50
49.99450174
50
49.99564337
49.9999999
50
49.95160996
50
49.9699082
49.97895521
49.99898833
50
50
49.99109642
50
49.99931682
50
50
49.99730135
50
50
49.99651917
49.97386088
49.99446755
49.98844228
50
50
49.98273983
50
50
50
49.99623393
49.9984292
49.96617427
50
49.96665195
49.98812495
50
50
49.98814192
49.99309408
49.98583018
49.99806864
50
50
49.99070546
49.99666771
49.98428809
49.99566681
49.96118769
49.96497272
49.99013641
49.99301812
49.99042389
50
50
49.99999999
49.99769768
50
49.99974223
49.9972085
49.99999999
49.97861263
50
50
49.99999999
49.99704973
50
50
50
49.98500801
50
50
49.99999999
50
50
50
50
50
49.98132316
50
49.96924341
49.93496963
49.98470056
49.99999999
50
49.99999999
50
49.98356077
49.99999999
50
50
50
50
50
50
49.99999999
50
49.99936743
50
50
49.99999999
49.98255025
49.98937278
49.99999999
50
49.99956556
50
49.95648486
49.96106105
49.99999999
49.98616658
50
49.99970963
50
50
50
49.94469432
50
49.94184314
49.94633132
49.97935577
50
49.98772698
49.98617824
49.92298123
50
49.98162261
50
50
49.99999999
50
50
50
49.98169966
49.9879167
50
50
50
50
49.99999999
50
49.97690442
50
49.99928702
50
49.99999999
49.99999999
49.9974308
49.94284325
49.99909618
50
50
50
50
49.96435676
50
50
50
49.99171679
49.99999999
49.99999999
50
50
50
49.99863318
49.95087689
50
49.94491069
50
49.94517882
49.94894907
49.97692609
49.99291078
49.98562227
49.92853203
49.97579483
50
49.97283792
49.97904471
49.99651496
49.99232211
49.96991776
50
50
49.98665782
50
50
50
50
50
49.99999999
50
49.99928585
50
49.94264573
49.95421188
49.93504922
50
50
49.99911979
50
50
49.9937012
49.99999999
50
50
49.95672554
50
50
50
49.99178471
49.99999999
49.98699025
49.99999999
50
49.99999999
49.98138272
50
50
49.96884267
49.98670198
49.94539289
49.93379208
49.99162097
50
49.97849805
49.94809936
50
49.99999999
50
50
49.99647279
49.98099038
49.98188053
49.99269303
49.99385272
49.99999999
49.96816124
49.975087
50
50
49.97943179
50
49.99840775
50
49.99999999
50
50
50
49.99994144
50
50
49.99999999
50
50
49.99603915
50
49.99902823
49.96999242
49.9980124
49.99999999
50
49.99999999
50
50
50
49.99998816
50
50
49.99216684
49.98232875
50
49.99899761
49.98917983
49.98744718
49.99901943
49.97001132
49.98549809
49.9900778
50
50
49.99814097
49.98890545
49.98621836
49.98669883
49.99690046
49.99569624
49.99630632
49.98072973
49.93587825
49.95602291
49.97848103
49.98588149
50
50
49.99444293
50
50
49.99404167
49.96948567
49.98066349
49.99588301
49.99996774
50
49.98682204
49.99138799
49.99239576
50
49.96711537
49.98663436
49.99999999
49.99999999
49.99999999
50
50
49.99999999
49.99999997
49.99999998
49.99999999
49.99999997
50
50
49.99999998
49.99999997
49.99999999
50
49.99999998
49.99999998
49.99999998
49.99999999
49.99999999
49.99999999
49.99999998
49.99972464
49.99832194
50
50
50
49.99938701
49.99591833
50
50
49.95104571
49.95171014
50
49.99620436
49.99818311
50
49.99254347
49.95213239
49.97859705
49.99716135
49.99279112
49.98833901
49.9713867
49.9854977
49.97833923
49.9798306
49.98560922
49.97564356
49.96005266
49.98693961
49.98271896
50
49.99848168
49.97064921
50
49.96413685
49.99999997
49.99999998
50
49.99999999
49.99999998
49.99999999
50
49.99999999
49.99999997
49.99999998
49.99999998
49.99999999
49.99999999
49.99999997
49.99999997
49.99999998
49.99999999
49.96626053
49.95123503
49.94896494
49.98587478
49.99884995
49.94299486
49.97709275
49.99999999
49.99999997
50
49.99999998
49.99999999
49.99999997
50
49.99999998
49.99999999
49.99999999
49.99999999
50
49.99999999
50
50
49.99999999
49.97248865
49.99161326
50
50
50
50
49.94793535
49.99440161
50
50
49.99999999
49.99999999
50
50
49.99999999
49.99999999
50
50
50
49.99999999
49.99999998
50
49.99999999
49.99999997
49.99999997
49.99999998
49.99999996
50
49.99999998
49.99999998
49.99999999
49.99999998
49.99605142
50
49.99999997
49.99999999
49.99999998
49.99999998
49.99999997
49.99999998
49.99999999
50
49.99999997
49.98842496
49.99323625
50
50
49.99931264
49.98952114
49.98897027
49.99702062
49.99073745
50
50
49.9874096
49.96275004
49.97693587
49.98831101
50
50
49.99902063
50
49.99164379
49.97918501
49.98667735
49.9981501
50
50
50
49.99815234
49.99385233
49.99305471
49.99478179
49.98349712
50
50
49.99430753
49.99022694
49.99995627
50
50
49.99780046
49.97003061
49.99039494
49.99999993
49.99999998
50
49.99999997
49.99999991
49.99999992
50
49.99999999
49.99999993
49.99999994
49.99999999
49.99999994
49.99999995
49.99999994
50
49.99999999
49.99999991
49.99999996
49.99999999
49.99999992
49.99999994
49.99999998
49.99999993
49.99999999
49.99970305
49.99952024
49.99738104
50
49.96432287
49.95365937
50
49.99538806
50
49.96146491
49.98629029
49.99876858
50
49.99598599
50
50
49.99999995
49.99999992
49.99999998
49.99999999
49.99999991
49.99999991
49.99999991
49.99999999
49.99999996
49.99999997
49.99999998
49.99999996
49.99999998
49.99999993
49.99999995
49.99999991
49.99999998
49.99999992
49.99999992
49.99999989
49.98310597
49.95662848
49.93567561
49.94756082
49.99385909
50
49.99513518
49.95222909
49.97808838
50
49.9833648
49.98895938
49.97615577
49.99008856
49.98215197
49.98384852
49.98815571
50
49.98437843
49.96495005
50
49.98617188
49.98691929
50
49.9984507
49.94106449
49.9770585
49.99843917
50
49.9602221
49.99999998
49.99999998
49.99999998
50
49.99999997
49.99999998
49.99999992
50
49.99999992
49.99999999
50
49.99749572
49.99999992
49.99999997
50
49.99999997
49.99999997
49.99999998
49.99999998
49.99999997
49.99999997
49.99999987
50
49.9999999
49.99999995
49.99999999
49.99999993
49.99617002
49.99568859
50
49.99999994
49.99999996
49.99999996
49.99999994
49.99999998
49.97371359
49.99999997
49.99999999
49.99999999
49.98979821
50
50
49.99999998
49.99999997
49.99999993
49.99999997
49.99999998
49.99999992
49.99999998
49.99999999
49.99999994
49.99999998
49.99999991
49.99999996
50
49.98737077
50
49.99862913
49.99671959
50
49.97857139
49.96775014
49.97773103
49.99554053
50
50
49.99975026
49.99224788
49.99183108
49.99598999
49.98976305
50
49.99121282
49.95514656
49.96844736
49.97517256
49.98952176
50
50
49.99969916
49.99992058
49.9842924
49.99139526
49.99762565
49.99999994
50
49.99999999
49.99999997
49.99999987
49.99999992
49.99999999
49.99999993
49.99999977
49.99999997
49.99999979
50
49.99999993
49.99999996
49.99999994
49.99999997
49.99999998
49.99999994
50
49.99999998
50
50
50
49.99598586
49.99443663
49.99303877
50
49.99873469
49.97479472
49.99374937
50
49.99568624
49.998445
50
49.9936035
49.96324849
49.92971287
50
49.99744575
49.96330957
50
49.99850916
49.99999987
49.99999988
49.99999999
49.9999999
49.99999994
49.99999977
49.99999997
49.99999987
49.99999995
49.99999993
49.99999998
49.99999987
49.99999999
49.99999984
49.99999994
49.99999997
49.99999998
49.99999979
49.9999999
49.99999978
49.99999983
49.99999995
49.99999987
49.9999999
49.99999988
49.99999979
49.99999987
50
49.99961281
49.99420065
50
49.95684341
50
49.99392524
49.9946786
50
49.99637199
49.97191405
49.99223005
49.9998133
50
49.97604299
49.98860694
49.98133638
49.99292418
49.9860041
49.98717373
49.99027801
50
49.98966029
49.97168871
50
49.98688459
49.98930082
50
50
49.99765143
49.93763272
49.98270842
50
49.95544663
49.99999983
49.99999994
49.99999998
49.99999997
49.99999999
49.99999997
49.99999981
49.99999999
49.99999996
49.99999993
49.99999996
49.99999996
49.99999982
49.99999984
49.99999979
49.99999981
49.99999985
50
49.99999983
49.99999983
49.99999985
49.99999989
49.99999986
49.99999979
49.99999992
49.99999986
49.99999998
49.9999997
49.99999978
49.99999998
49.98967219
49.99999996
49.99999998
49.99999984
49.94258925
49.99999996
49.99999981
49.99999977
49.99999982
49.99999981
49.99999978
49.99999983
49.99999996
49.99999998
49.9999999
49.99999985
49.99999994
49.99999986
49.99999997
49.99999993
49.99999979
49.9999999
49.99999973
49.99999996
49.99999997
49.99999994
49.99999996
49.99599259
49.97725857
50
49.99656473
49.99402047
49.94308056
49.99999991
49.99999982
49.99999967
49.99999975
49.99999987
49.99999955
49.99999973
49.9999997
49.99999948
49.99999947
49.99999996
49.99999968
49.99999984
49.99999973
49.99999988
49.99999978
49.99999963
49.99999982
49.99999969
49.99999992
49.99999991
49.99999946
49.99999971
49.99999982
49.99999979
49.9999999
49.99999949
49.99999992
49.99999969
49.99999973
49.99999965
49.99999988
49.99999997
49.99999946
49.99999996
49.99999981
49.99999989
49.9999998
49.99999991
49.99999986
49.99999969
49.99999993
49.99999953
50
49.98025325
49.98430225
49.97640331
50
49.99803854
49.95145359
49.92789843
49.98225932
49.99944228
50
49.99328114
49.99851489
49.99852775
50
49.99683786
49.98913945
49.98990947
50
50
49.98977874
50
50
50
49.99019776
49.992743
49.97087888
49.9999995
49.99999988
49.99999989
49.9999999
49.99999972
49.99999998
49.99999951
49.9999999
49.99999984
49.99999983
49.99999996
49.99999995
49.99999987
49.99999984
49.99999993
49.99999997
49.99999989
49.99999997
49.99999978
49.99999977
49.99999988
49.99999968
49.99999995
49.99999984
49.99999955
49.99999968
49.99999965
49.99555415
49.99299857
50
49.99901861
49.99255176
50
50
50
49.9932219
50
49.96521813
50
49.99245104
49.99427774
50
49.98212083
49.99652253
50
49.99863337
49.97281123
49.98933976
49.98791548
49.99488236
49.98951538
49.99224261
49.99275974
50
49.99242176
50
49.98863131
49.99104661
50
50
49.99680228
49.93718329
49.98798887
50
50
49.95326075
49.99573762
49.97910533
49.99999949
49.99999988
49.99999979
49.99999983
49.99999972
49.99999953
49.99999947
49.9999998
49.99999996
49.9999998
49.99999976
49.99999994
49.99999954
49.99999958
49.99999944
49.99999982
49.99999957
49.99999989
49.99999986
49.99999987
49.99999992
49.99999963
49.9999997
49.99999994
49.99999985
49.99999952
49.99999979
49.99999932
49.99999946
49.99999976
49.99999983
49.99532128
49.97405542
49.94271344
49.96169789
49.99949201
49.99648088
49.999839
49.99995907
49.98926155
49.99630956
49.99843025
50
50
49.99041683
49.99522781
49.9929285
49.99999998
49.999999
49.99999965
49.99999989
49.99999955
49.99999965
49.99999995
49.9999999
49.9999996
49.99999905
49.99999945
49.99999955
49.99999982
49.99999991
49.99999996
49.99999989
49.99999959
49.99999985
49.99999992
49.9999993
49.99999999
49.99999993
49.9999994
49.99999967
49.99999876
49.9999998
49.99999985
49.99999989
50
50
50
49.99755728
49.99840971
49.99677062
49.99378228
49.99955529
49.99517968
49.99819126
50
49.99550331
50
49.99704903
50
49.996513
49.99569664
49.99414588
49.99626612
50
50
49.99055484
49.97495505
49.97447515
49.99513944
50
49.99407316
49.99496131
49.99688993
49.99187032
49.99535943
49.99984556
49.99663163
49.98783965
50
50
50
49.994402
49.99453783
49.97818183
50
49.99158468
49.99472178
50
49.99529043
49.9902068
49.99900847
50
49.99681481
49.97202423
49.99356436
49.99286145
49.99618102
49.9956765
50
49.98638398
50
49.99305246
50
49.99626828
49.94891294
49.99249999
50
50
49.96005119
50
49.9903203
49.99697059
49.99999922
49.99999998
49.9999998
49.9999993
49.99999914
49.99999972
49.99999943
49.99999963
49.99999956
49.99999955
49.9999994
49.99999911
49.99999945
49.99999971
49.99999971
49.99999936
49.99999905
49.99999961
49.99999956
49.99999928
49.99999984
49.9999999
49.99999895
49.99999922
49.99999988
49.99999905
49.99999973
49.99999983
49.99999971
49.99999944
49.99999922
49.99999972
49.99999924
49.99999943
49.99999968
49.99999967
49.99999896
49.99999963
49.99999917
49.99999965
49.99999904
49.99999906
49.99999905
49.9999993
50
49.9958503
49.99645093
50
50
49.98529499
49.93863162
49.97448977
50
50
50
49.98798323
49.98896108
50
50
49.99999912
50
49.98036579
49.98029222
49.99999982
49.98413223
49.96918736
49.99834028
49.99999971
49.99584222
50
49.99760933
49.99999995
49.98443821
49.99999931
49.99999977
49.99999896
49.99999982
49.99999964
49.99999957
49.99999977
49.99999971
49.99999935
49.99999893
49.99999993
49.99999946
49.99999989
50
49.9965047
49.9999989
49.99999945
49.99999948
50
49.98758598
49.99177333
49.99347415
49.9999995
49.99999945
49.99999991
49.99999958
49.99999915
49.9999993
49.99999946
49.99999973
49.99999971
49.99999931
49.99999862
49.99999929
49.99999926
49.99999916
49.9999991
49.99999992
49.99999949
49.99999851
49.99999939
49.99999857
49.9999996
49.99999984
49.9999999
49.99999962
49.99999982
49.99999922
49.99999977
49.99999959
49.99999852
50
49.99938189
49.99672712
49.99991678
49.99827651
50
49.99831697
49.99858457
49.9996977
50
49.99962973
49.99999886
49.99999903
49.99999914
49.99999893
49.99999851
49.99999942
49.99999934
49.99999862
49.99999909
49.9999984
49.99999982
49.99999888
49.9999995
49.99999952
49.99999924
49.99999986
49.99999841
49.99999883
49.99999969
49.99999939
49.9999998
49.99999882
49.99999988
49.99999915
49.99999847
49.99999976
49.99999875
49.99999889
49.99999939
49.99081037
49.99437101
50
50
50
49.98707559
50
49.99264477
50
50
49.99816699
49.99556528
49.99777005
49.98270639
49.99043852
49.99907022
50
49.99818992
49.99909349
49.99765929
50
49.99999837
49.99999866
49.99999914
49.9999994
49.99999966
49.99999851
49.99999927
50
49.99999879
49.99999922
49.99999861
49.99999962
49.99999821
49.9932492
49.98658186
49.99997716
49.99609692
49.99482635
50
50
50
50
50
49.99716115
50
49.99686275
49.99210106
49.99998345
49.99420582
49.99672746
50
49.99643213
49.99956764
49.99693575
49.99541325
49.99727574
49.9975642
49.99654494
49.99823076
49.99801458
50
49.99477798
49.99799937
49.99312677
50
49.9962718
49.99999492
50
49.96830818
50
49.99855636
49.9733105
49.99999938
49.99614594
49.99633427
49.99877178
49.99769887
49.99477257
49.99580152
49.99999978
49.99671387
50
49.99536122
49.98984819
49.99931469
49.9956869
50
49.99962017
50
49.99396054
49.97588217
49.99660324
49.99999966
49.99999963
49.99812441
49.9999993
49.99659435
50
49.9957231
49.99667566
49.99574088
49.99698987
49.99808428
50
49.95911971
50
49.99897967
49.99627514
50
49.99649104
49.99615952
49.99999896
49.99999955
49.999999
49.99999886
49.99999978
49.9999982
49.9999997
49.99999899
49.9999998
49.99999991
49.9999991
49.99999879
49.99999984
49.99999843
49.99999929
49.99999982
49.99999998
49.99999999
49.99999908
49.99999949
49.99999898
49.99999861
49.999998
49.99999872
49.99999988
49.99999953
49.99999858
49.99999913
49.99999954
49.99999853
49.99999792
49.99999796
49.99999935
49.99999819
49.99999941
49.99999995
49.99999875
49.99999968
49.99999889
49.99999941
49.9999984
49.99999784
49.99999793
49.99999833
49.99999884
49.99999814
49.99999964
49.99999935
49.99999971
49.99999867
49.99999803
49.99999962
49.99999882
49.99999847
49.9999993
49.9999981
49.99999831
49.99999879
49.99999781
49.99999815
49.99999782
49.9999999
49.99999976
49.99999928
49.99999796
49.99999764
49.9999995
49.99999861
49.99999896
49.99999932
49.99999782
50
49.99999837
49.99999793
49.99999838
49.99999826
49.99999905
49.99999941
49.9999995
49.99999922
49.99999811
49.99999909
49.99999999
49.99999905
49.99999796
49.99999926
49.99999994
49.99999902
49.99999828
49.99999842
50
49.99999893
49.99999825
49.99999996
49.99999846
49.99999819
49.99999896
49.99999979
49.99999992
49.99999977
50
49.99999938
49.99999734
50
49.99999858
49.99973568
50
50
49.99986041
49.9954705
50
49.99999974
49.99741531
49.99612167
49.99822499
49.99999981
49.99999888
50
49.99999525
50
50
49.99996179
50
49.9999999
50
49.99999767
50
49.99999727
49.99999238
49.9999918
49.99999714
49.99999999
50
50
49.99999078
49.99999981
50
50
49.99999996
49.9999921
50
50
49.99999978
49.98253735
49.99744068
50
49.99991861
50
49.99999999
49.99999553
49.9875607
49.99999995
49.99999982
50
50
50
49.99999999
49.99999936
50
49.99999925
49.9999993
50
49.99998113
49.99999992
50
49.99999828
49.98819437
49.99999826
49.99999868
49.98766045
49.99999976
49.99999228
49.99998683
50
49.99999998
50
50
50
50
49.99999994
49.99993421
50
49.99999751
49.99999046
50
49.9999994
49.9999998
50
50
49.97628957
49.99999993
50
49.9967615
49.99999824
49.9999983
49.9999978
50
49.99999955
49.99999855
50
49.99996901
49.99131981
50
49.99999886
49.99999831
49.99999831
49.99999814
49.99999868
49.99999834
49.99999999
49.99999984
49.99999931
49.99999844
49.99999918
49.99999922
49.99999873
49.99999901
49.99998359
49.99999571
49.99999596
49.99999503
49.99999968
49.99999944
49.99999981
49.99999882
49.99999793
49.99999467
49.99999931
49.99999996
49.99999853
49.99999999
49.99999631
49.99999749
49.99999873
39.55696953
40.41808595
41.47116181
41.4726203
41.46626587
41.46907455
49.99999874
41.47128526
41.37485332
49.99999947
49.99999888
49.99999819
41.47102488
41.46882966
41.47242942
41.47375527
41.47237487
41.47255024
41.47158171
41.46855639
41.47005927
41.47239172
41.47282202
41.47721202
41.4691769
41.47125472
41.4731689
41.47494485
41.47129763
41.47435736
41.47940563
49.9999987
49.99999384
49.9999995
49.99999558
49.99999774
49.99998881
49.99999967
49.99999771
49.99999955
49.99999966
49.9999967
49.99999943
49.99999355
49.99999329
49.99999607
49.99999358
49.99999565
49.99999971
49.99999328
49.99999537
49.99999745
49.99999318
49.99999616
49.99999975
49.99999901
49.99999925
49.9999937
49.99999325
49.99999639
49.99999305
49.99999613
49.99999455
49.99999596
49.99999474
49.99999906
41.4716338
41.47006916
41.46914939
41.46760239
41.47254555
41.47235478
41.4730154
41.47048094
41.46713971
41.47008234
49.99999983
41.46017366
41.45393965
41.46175428
41.46529437
41.46936008
41.47117051
41.47151222
41.47279211
41.47551203
41.47898465
41.48090095
41.48765531
49.9999983
49.999997
49.99999739
49.99999979
49.99999869
49.99999517
49.99999399
49.99999848
41.25424944
49.99999939
40.95331564
49.99999799
49.999997
49.99999601
49.99999555
49.99999343
49.99999767
49.99999588
49.99999855
49.99999954
49.99999986
49.99999802
49.99999894
41.47746239
41.46623186
49.99999786
49.99999769
41.47330663
41.43700539
40.96273942
41.2581944
41.37809907
41.47277358
49.99999901
49.99999781
41.47212008
41.47070259
49.99999859
49.99999663
49.99999961
49.9999989
49.99999656
49.99999982
49.99999931
49.99999806
49.99999359
49.99999742
49.99999983
49.99999847
41.47969414
41.47874122
41.47624536
41.4731103
41.48169866
49.99999598
41.4712244
41.47135866
49.99821954
49.99999709
49.9999955
49.99999366
50
49.99999776
49.99999692
49.99999419
50
49.99999736
41.46881925
41.46839585
41.47319613
41.46721377
41.46659912
49.99999441
49.9999994
49.99999935
49.99999484
49.99999898
41.47356738
41.47346182
41.47298324
41.46952347
41.48326209
41.49910567
41.47008788
41.4689126
41.47248383
49.99999584
50
49.99999452
49.99994548
49.99999762
41.47358762
41.46909872
41.47560213
49.99999365
41.46959523
41.46340364
49.99999852
49.99999862
49.99999807
49.99999646
40.41874317
41.47297853
41.47616475
41.47428183
41.46690993
41.46972859
49.9999981
39.54551672
49.9999935
49.99999831
41.44392558
49.9999991
49.99999963
49.99999999
49.99518851
49.99999999
50
49.99999976
49.99999992
50
41.47346259
49.99999998
49.99999872
50
49.98243919
50
50
49.99539339
50
49.99570247
49.99590811
49.99947725
41.47283292
49.99999391
41.47183167
49.99999594
49.99999708
41.47442808
49.99999832
49.99999844
49.99999411
49.9956764
49.99999359
49.99999366
0.4269932376
0.4271668597
0.6740396189
0.4762823791
0.6079960672
0.6008988734
0.4328092751
0.4384013649
0.5500528636
0.4570593084
0.5895216555
0.5836473896
0.5005820035
0.4494645575
0.4435782548
0.4145973761
0.4895984347
0.3577021644
0.1835339752
0.2042721696
0.267624954
0.7140755908
0.4695595801
0.4176118176
0.507153007
0.08102807304
0.73032446
0.3828321509
0.2102115094
0.254208654
0.5037756179
0.1604031206
0.144695626
0.325573189
0.3103313071
0.2777197625
0.1115115959
0.3570838945
0.4788693371
0.4638671118
0.3413894837
0.3565967548
0.7692276825
0.9105580341
0.3381300818
0.4553625802
0.5059120146
0.5233199024
0.2305244831
0.2717097551
0.5153497994
0.08645405754
0.111823196
0.2225353066
0.376465765
0.4746059562
0.2264488364
0.311439081
0.3084861945
0.1770479657
0.1482402644
0.4004957436
0.4491757577
0.5265774236
0.5191875461
0.5120053652
0.4966317199
0.3610089085
0.140291747
0.2731380874
0.3225610064
0.249036643
0.1684790695
0.2332470724
0.342879951
0.1669171842
0.4141616145
0.4589240597
0.4426737697
0.5008489113
0.5625076785
0.5992629499
0.5223615688
0.3458639886
0.2749008503
0.4098277173
0.4880858425
0.4457253938
0.4220523404
0.5932398805
0.3417591099
0.1784808183
0.5861084582
0.444508001
0.4468531813
0.4472133281
0.4497596054
0.5006244119
0.6046003462
0.5900043849
0.5668832264
0.565435663
0.596184269
0.5717380965
0.6142270244
0.600670007
0.5555022597
0.4705094959
0.4066843351
0.4416739022
0.4318303268
0.3846895012
0.3539437496
0.5695837753
0.5134529899
0.4104111768
0.3467860891
0.2796234469
0.2545508336
0.1309444936
0.3325371396
0.1650449977
0.4214432834
0.4998139192
0.6218719283
0.5798542789
0.3642762625
0.5609497445
0.5858568124
0.5897299369
0.5816509523
0.4065499592
0.3150339622
0.4162529166
0.5605267143
0.7522440748
0.9265168836
0.782515055
0.4252403575
0.3020852198
0.2452796917
0.2031277961
0.1827450476
0.2092796876
0.2843447411
0.3632111404
0.4303958473
0.4846256068
0.5258927025
0.5364391271
0.4583575435
0.543881931
0.5412311731
0.2911195094
0.3092590746
0.3255160111
0.3387326316
0.3500698231
0.3582751454
0.3751948895
0.3660291477
0.3757356078
0.385581591
0.3943519195
0.4007150299
0.4048598954
0.4126883599
0.425183622
0.4358374232
0.479252679
0.52922072
0.5703580929
0.5619285061
0.551832946
0.5484670915
0.5197123905
0.5470533047
0.5497413198
0.5538630185
0.5616626348
0.5607436277
0.4378601179
0.7014779992
0.1661652824
0.2138740126
0.300127916
0.4778875529
0.7901199433
0.9180739916
0.8105823435
0.3739831327
0.2385680947
0.2406858029
0.4602640103
0.2481703838
0.2471148824
0.2972797462
0.3400343333
0.390251224
0.4486127435
0.4726096025
0.5009354657
0.4987388025
0.4909212148
0.5065161649
0.2709866797
0.2865805255
0.2996195089
0.308409358
0.3157715144
0.3936229214
0.330828684
0.3458234248
0.3576698826
0.3694682072
0.374986775
0.3798870353
0.3971878877
0.4436379194
0.4387553637
0.4949903714
0.5372375075
0.54623877
0.5374323953
0.5296939995
0.5289661091
0.530928747
0.5700127014
0.535250573
0.5409733356
0.5497100874
0.5783057196
0.2213342446
0.4315909109
0.4735594973
0.5635274483
0.4933706527
0.5191448159
0.569569412
0.2571999138
0.4178630327
0.4126410687
0.3034076777
0.4481740725
0.5110071151
0.4432205517
0.5161885781
0.4096781176
0.5387451606
0.5213586243
0.6427080024
0.1874098605
0.5172254021
0.3559623851
0.3505040883
0.3552022261
0.1452453315
0.1610280985
0.4590408372
0.2271975047
0.8088123181
0.4007846158
0.2874734789
0.4216870215
0.5607820696
0.9901530112
0.1835897572
0.3460110804
0.4015493743
0.5307041524
0.1088420502
0.1171966925
0.1261958876
0.1578609035
0.14181794
0.1489858162
0.1595835511
0.1690798499
0.1750446264
0.1841772153
0.196393764
0.1957004409
0.2025477584
0.2101468406
0.21769048
0.2190823178
0.2284371007
0.2433337917
0.2506177099
0.2590696006
0.2695173371
0.2823001338
0.2854548513
0.2906510192
0.3021408869
0.3042685444
0.308393144
0.313649926
0.3201431839
0.3429639676
0.3208940865
0.3229425689
0.328632288
0.3373306185
0.3459494714
0.3566076277
0.3696145625
0.3943987265
0.4199905727
0.4557382416
0.4713981244
0.4791524604
0.4833087288
0.4833882106
0.487485471
0.4847809956
0.5073474363
0.4883818539
0.494497247
0.5034407445
0.4985030334
0.5022269096
0.5068391958
0.5124011758
0.511776199
0.5144982625
0.5209314544
0.5214671924
0.5276542885
0.5336936083
0.06262482982
0.07152185086
0.07582667796
0.1136106797
0.1442004512
0.09330809958
0.201998446
0.4599029906
0.6245894276
0.8136182724
0.8654127539
0.6881028608
0.4009386096
0.1418028041
0.140536274
0.1328962709
0.08388070834
0.1718639206
0.1863640294
0.2057575295
0.2363828577
0.2775598335
0.3220828568
0.3718812423
0.4171365534
0.4743358645
0.5102899191
0.4997797031
0.4571344195
0.3108450846
0.4152077112
0.2769071615
0.2226909186
0.2267887036
0.224199489
0.2259479326
0.2310472641
0.2778555717
0.2131939047
0.08669621502
0.08007627323
0.1337298273
0.10625849
0.223109653
0.4465018325
0.3980284842
0.4617921709
0.5515925051
0.5370981295
0.5145857225
0.5117830681
0.5048879717
0.4925081041
0.4743524817
0.5051348914
0.41335855
0.3269447607
0.3344013452
0.2977817265
0.09184800261
0.09830025581
0.1062826579
0.1160466477
0.1258208151
0.1350530483
0.1438473649
0.1525794848
0.1621881642
0.1706796781
0.175156325
0.1796926771
0.1855906023
0.1930640439
0.2005223517
0.2110505024
0.2234866602
0.2343783743
0.2447535277
0.3189718753
0.2813579482
0.2653424171
0.04864771013
0.05827667005
0.07463766461
0.07867316812
0.08457716666
0.1161424597
0.1523635096
0.1972134826
0.2746799643
0.3946398182
0.5280522141
0.680016853
0.8259084887
0.774349463
0.4685113544
0.1863949113
0.1130735042
0.1064135563
0.1547077138
0.1594082323
0.1756685032
0.182830094
0.2308466421
0.2031915916
0.2666799303
0.2989832931
0.3255741629
0.3356700482
0.3284308435
0.3349417319
0.33606479
0.3149255896
0.2971304716
0.2229634974
0.1429445796
0.3708571674
0.1339360559
0.2058433074
0.1158322902
0.1612121164
0.1189086074
0.3028544596
0.251820728
0.4714997952
0.3844194395
0.3622386579
0.3351371166
0.293958703
0.2892301642
0.2548634655
0.1915469887
0.3535209479
0.5016382234
0.52192777
9.072035673
0.507962664
9.067409907
0.4972975571
9.066907951
0.4876332561
9.057892649
0.4832843861
0.4787649047
9.064479654
0.4680786202
9.05935721
9.058636794
0.4625381128
9.034205535
9.013720172
8.990315363
0.3192308891
8.97450896
0.346637514
0.3109817124
0.3072465577
8.960759171
8.956947135
8.961027833
8.945734729
0.2735363707
8.943829871
8.936258563
0.2545917411
8.925257206
8.923096214
0.2642840593
8.902593379
8.885842589
0.2465450679
8.875561879
8.874336951
8.857752152
8.831055782
8.841564572
8.833134748
8.795943831
8.791639239
0.1016202971
8.787317358
8.803223346
8.802315775
8.800413623
8.801044001
8.816987112
8.861698003
8.872358992
8.875928336
8.880070612
8.736634071
8.847532165
8.969013189
8.86879801
8.824940893
0.3482165635
8.83343172
8.920890431
8.793482835
8.801516391
8.800956122
8.819594497
8.849296012
8.870575723
8.873668453
8.882969808
8.882525449
8.877085406
8.865039219
8.871467769
8.859796664
8.811672869
8.810821469
8.831065948
8.807284933
8.80593682
8.81348045
8.877193886
8.91663879
0.3168451438
8.926906292
8.903023521
0.4502298755
9.063940426
0.2331726256
8.828361546
8.85761957
0.08773456365
8.964431504
8.964184918
0.3142688861
8.963578606
8.856032072
9.066616241
9.060774572
0.5146775109
9.073184639
9.061399712
9.060979729
8.837153468
8.920577424
8.89632973
8.944825982
8.965790916
9.047286197
0.4317824742
9.030052203
8.976822336
8.954599895
0.08990953929
9.078081557
8.832795501
8.889319515
0.3023106836
8.878982041
9.070689257
0.4352225846
9.062128773
8.982798952
8.881541538
8.801436953
0.2474518594
</DataArray>
<DataArray type="Float64" Name="velocity" NumberOfComponents="3" format="ascii">
1.009193344 -28.36115743 0.0
1.008098294 -28.34180168 0.0
1.008251093 -28.35122245 0.0
1.00499484 -28.34228653 0.0
1.001788255 -28.34386012 0.0
1.006929997 -28.34611424 0.0
1.007470242 -28.35148416 0.0
1.008237827 -28.35179234 0.0
0.9968889488 -28.33650528 0.0
0.9999890981 -28.33436268 0.0
1.003929348 -28.34357449 0.0
1.006495176 -28.34844666 0.0
1.011992968 -28.36886924 0.0
1.009250643 -28.37458843 0.0
1.011105404 -28.3829196 0.0
1.010642711 -28.35631449 0.0
1.007738847 28.35496362 0.0
1.000519604 28.34233998 0.0
0.9987832612 28.343051 0.0
1.004372614 28.34437728 0.0
1.003398005 28.35439222 0.0
1.012368118 28.35650833 0.0
1.012446689 28.35411405 0.0
1.007121776 28.35350181 0.0
1.004827613 28.35535987 0.0
1.004166798 28.34878683 0.0
1.004620747 28.35798329 0.0
1.00368135 28.35271553 0.0
1.001637161 28.3498022 0.0
0.9991949974 28.33373465 0.0
1.000879538 28.349234 0.0
1.000526482 28.34824631 0.0
0.9998572591 28.33820666 0.0
1.000755708 28.35305996 0.0
1.003279086 28.34415129 0.0
0.9992392303 28.33751005 0.0
1.005654242 28.35270287 0.0
1.007156143 28.35694976 0.0
1.009674634 28.36149062 0.0
1.006140781 28.35096573 0.0
1.010801887 28.35254864 0.0
1.008859873 28.3573699 0.0
1.015262576 28.35925739 0.0
1.010834266 28.35433402 0.0
1.001951598 28.33825805 0.0
1.012919113 28.35851609 0.0
1.004487684 28.34925037 0.0
1.010606861 -28.35698033 0.0
1.003182876 -28.34321575 0.0
1.01311032 -28.35533068 0.0
1.005640045 -28.34690548 0.0
0.9987777711 -28.34033094 0.0
1.007986516 -28.35994728 0.0
1.004874284 -28.35937526 0.0
1.009241943 -28.35722428 0.0
1.008728113 -28.35841733 0.0
1.000217479 -28.33685319 0.0
1.004307767 -28.34219238 0.0
1.011203455 28.34927117 0.0
1.010870889 28.34890724 0.0
0.9990762455 28.3349336 0.0
1.008855224 28.34364597 0.0
1.004920465 28.35506878 0.0
1.007079327 -28.35235047 0.0
1.00825066 -28.35157733 0.0
1.00752771 -28.35003837 0.0
1.007918608 -28.35242286 0.0
1.006656608 -28.35120516 0.0
1.001054694 -28.33662054 0.0
1.006728083 -28.35288142 0.0
1.007465378 -28.34875493 0.0
1.005084671 -28.34939359 0.0
1.010533042 -28.35302226 0.0
1.008392837 -28.35549733 0.0
1.0069322 -28.36019901 0.0
1.004270878 -28.36252493 0.0
1.009718438 -28.36585032 0.0
1.009548875 -28.36109486 0.0
1.012161045 -28.35391537 0.0
1.012555527 -28.35242799 0.0
1.009877103 -28.34884842 0.0
0.9845116365 -28.34171087 0.0
1.012595046 28.35943689 0.0
1.017729672 28.3622077 0.0
1.01285517 28.35108669 0.0
1.000895097 28.34142604 0.0
1.010157605 28.36093126 0.0
1.005875454 28.35341618 0.0
1.002388615 28.34564812 0.0
1.005227506 28.36168347 0.0
1.001444004 28.34620402 0.0
1.000280365 28.3525203 0.0
1.002662152 28.35007536 0.0
1.002631829 28.34412838 0.0
1.004224312 28.35287007 0.0
1.005781233 28.35289393 0.0
1.012116908 28.35204225 0.0
1.01061211 28.34972632 0.0
1.013855964 28.35068992 0.0
1.010829499 28.35368374 0.0
1.009914381 28.35306775 0.0
1.007940605 28.35029247 0.0
1.008963171 28.35041633 0.0
1.017160608 28.35178006 0.0
1.008052322 28.35308526 0.0
1.012072708 28.35137247 0.0
1.012634985 28.34742693 0.0
1.006720483 28.34514771 0.0
1.010212996 28.34758332 0.0
1.011205787 28.34514302 0.0
1.007515684 28.34071505 0.0
1.006528597 28.35105005 0.0
0.9999231633 28.33073451 0.0
1.012530147 28.34558197 0.0
1.007600593 28.35993105 0.0
1.012310165 28.36208014 0.0
0.9976288077 28.35392679 0.0
0.9997150688 28.3483792 0.0
1.007604104 28.35243178 0.0
1.007027437 28.34686554 0.0
1.011618397 28.35308224 0.0
0.9985032143 28.34758749 0.0
1.004881252 28.35487756 0.0
1.002413596 28.35105406 0.0
1.001933026 28.34165943 0.0
0.9986612905 28.3408643 0.0
1.006111393 28.34750852 0.0
1.002478161 28.35220152 0.0
1.008944154 28.35955506 0.0
1.001143415 28.35603875 0.0
1.005132126 28.35468499 0.0
1.002216407 28.35677222 0.0
1.007861057 28.35391174 0.0
1.000957094 28.34288655 0.0
0.9980875352 28.33430697 0.0
1.000371886 28.33466169 0.0
1.004415571 28.35166022 0.0
1.007448392 28.35309898 0.0
1.007839548 28.35972491 0.0
0.9985608294 28.34138212 0.0
1.010051474 -28.36263257 0.0
1.011123804 -28.34601713 0.0
1.008400863 -28.34835041 0.0
1.006441802 -28.34755992 0.0
1.007462011 -28.35150031 0.0
1.007915048 -28.35210656 0.0
1.00849536 -28.35297335 0.0
1.008931044 -28.34915322 0.0
1.004026043 -28.35483813 0.0
0.9967670639 -28.33870882 0.0
1.008576461 -28.35599464 0.0
1.005301714 -28.3556441 0.0
1.00736697 -28.35707607 0.0
1.003337061 -28.3564655 0.0
1.006836667 -28.35685769 0.0
1.0053108 -28.35273407 0.0
1.010923136 -28.3580624 0.0
1.00870583 -28.35153437 0.0
1.009327949 -28.35200259 0.0
1.008392045 -28.35228051 0.0
1.005484723 -28.35002387 0.0
0.9993787733 28.31634175 0.0
1.010236774 28.35703096 0.0
1.002398158 28.32731242 0.0
1.008114329 -28.35540701 0.0
1.009849383 -28.35680713 0.0
1.001101608 -28.31779848 0.0
1.008986214 -28.34894889 0.0
1.007061586 -28.34748461 0.0
1.00242024 -28.3377301 0.0
1.002500279 -28.31933683 0.0
1.008013669 -28.34729426 0.0
1.000288607 -28.31719034 0.0
1.006739595 -28.34720988 0.0
0.999375057 -28.3184501 0.0
1.008355418 -28.35317233 0.0
1.005078286 -28.34706426 0.0
1.003478598 -28.34509312 0.0
0.9995148856 -28.31563552 0.0
0.9983899001 -28.31651286 0.0
1.007418235 -28.34623611 0.0
0.9992266816 -28.3127716 0.0
1.0037678 -28.34423743 0.0
0.9979424347 -28.3262185 0.0
1.004974322 -28.34328243 0.0
1.000661163 -28.3307869 0.0
1.011425287 -28.36691756 0.0
1.011272234 -28.38244798 0.0
1.011908724 -28.36178228 0.0
1.000053129 -28.31870222 0.0
1.008520183 -28.35276013 0.0
1.000453064 -28.31686604 0.0
1.000341691 -28.32278843 0.0
1.010659398 -28.35720158 0.0
1.0027215 -28.32489123 0.0
1.014788251 -28.35493272 0.0
1.006342567 -28.35641723 0.0
1.006048608 -28.35654352 0.0
1.005843194 -28.35373825 0.0
0.9990767564 -28.3219965 0.0
1.006455685 -28.35179464 0.0
0.9990169595 -28.32218758 0.0
1.009478805 -28.3581292 0.0
1.006664896 -28.34950306 0.0
0.9999614223 -28.31686396 0.0
1.000955268 -28.33701046 0.0
1.000539555 -28.32206115 0.0
1.008326585 -28.35408464 0.0
1.009237848 -28.35076117 0.0
1.001172712 -28.31889615 0.0
1.000046882 -28.34028768 0.0
1.007303177 -28.34848917 0.0
1.00095054 -28.3185864 0.0
1.008585386 -28.35607761 0.0
1.008920064 -28.35203751 0.0
0.9985943302 -28.32062085 0.0
1.009093258 -28.3508043 0.0
0.9998035965 -28.31678695 0.0
1.009957653 -28.35203732 0.0
1.00683528 -28.35129766 0.0
1.00041696 -28.3214201 0.0
0.9970652928 -28.31896928 0.0
1.013372657 -28.35530852 0.0
1.002128025 -28.31524995 0.0
1.014932288 -28.35026072 0.0
1.01346224 -28.35242403 0.0
1.005802668 -28.36974858 0.0
0.9866334371 -28.32228552 0.0
1.011722952 -28.36698814 0.0
1.014787789 -28.35839216 0.0
1.016356845 -28.35881579 0.0
0.9357335315 -28.33148216 0.0
1.018159751 -28.35298628 0.0
1.010707852 -28.35182436 0.0
1.004934489 28.34807176 0.0
0.9996040872 28.31995391 0.0
0.9996393112 28.31856234 0.0
0.9995561611 28.31546074 0.0
0.9991580613 28.31695726 0.0
1.002060464 28.35270249 0.0
1.004467958 28.3429446 0.0
1.000872779 28.32059991 0.0
1.010565983 28.35908813 0.0
0.9982059218 28.31501592 0.0
1.000978791 28.35334969 0.0
1.000830436 28.3219501 0.0
0.9996608046 28.3195861 0.0
1.006778747 28.34203679 0.0
0.9987684848 28.31958025 0.0
1.01307183 28.3517685 0.0
1.001703339 28.32057437 0.0
0.9988317598 28.31696683 0.0
0.9997023467 28.31283364 0.0
1.009012157 28.33230568 0.0
1.012519021 28.36101487 0.0
1.009392969 28.36272599 0.0
0.9966363061 28.32004498 0.0
0.9998940731 28.32990579 0.0
0.9998013702 28.31998763 0.0
0.9985926003 28.32230102 0.0
1.002412931 28.35876743 0.0
1.00001981 28.31651055 0.0
0.9999189114 28.32295747 0.0
1.006966275 28.36145949 0.0
1.007160542 28.35317944 0.0
1.001417905 28.32710868 0.0
0.9981812026 28.31626578 0.0
1.006235408 28.34921464 0.0
0.9982359378 28.32053012 0.0
0.9979424901 28.3238073 0.0
1.006700969 -28.35713549 0.0
1.010193924 -28.3531518 0.0
0.9966539704 -28.31662537 0.0
1.015032449 -28.3472293 0.0
0.9993711992 -28.32062669 0.0
1.012893107 -28.34969267 0.0
1.009852371 -28.36377338 0.0
1.007883117 -28.37035577 0.0
1.012028289 -28.36684814 0.0
1.011927982 -28.35735383 0.0
1.016462881 -28.3545349 0.0
1.019330729 -28.35283407 0.0
1.012223287 -28.35400031 0.0
1.008244788 28.35388236 0.0
1.01029971 28.35369339 0.0
1.012073311 28.34990734 0.0
1.006169493 28.35479937 0.0
1.010153427 28.35439072 0.0
1.000775974 28.32358044 0.0
1.007564972 28.35924774 0.0
1.016516486 28.35126443 0.0
1.011205738 28.35217709 0.0
0.9983714653 -28.33877231 0.0
1.00721382 -28.35525365 0.0
1.009896379 28.36110932 0.0
1.008703325 28.35345446 0.0
0.9997813759 28.32078573 0.0
1.001678329 28.3232489 0.0
1.002360306 28.35045062 0.0
1.006942378 28.35942054 0.0
1.010242414 28.36180649 0.0
1.010006663 28.35102266 0.0
1.009108725 28.35399788 0.0
0.9998385524 28.32177795 0.0
1.001169431 28.3226486 0.0
1.001299672 28.34961461 0.0
1.000397016 28.34569964 0.0
1.002168318 28.31666536 0.0
1.007305407 28.35289652 0.0
0.9993241706 28.31920275 0.0
1.000695476 28.32629153 0.0
1.00814401 28.36015782 0.0
1.012708403 28.35469863 0.0
1.011105153 28.35596626 0.0
1.001757007 -28.3362643 0.0
1.000374762 -28.31764725 0.0
1.010412561 -28.34513658 0.0
0.9998130085 -28.31755392 0.0
1.007957963 -28.34726141 0.0
0.9929315557 28.32521331 0.0
1.005467319 -28.34769621 0.0
0.9974067261 -28.31825758 0.0
1.008083026 -28.34467359 0.0
0.9978503595 -28.33513519 0.0
1.000112315 -28.32328573 0.0
1.009577103 -28.37682479 0.0
1.008360986 -28.36339232 0.0
1.012821229 -28.38073652 0.0
1.010334434 28.36638972 0.0
1.008253526 28.3573976 0.0
1.007790289 -28.35090075 0.0
1.013084365 -28.36102733 0.0
1.014155202 -28.38047669 0.0
1.000222677 28.31598294 0.0
0.9999031786 28.31603315 0.0
1.004468815 28.34402807 0.0
1.007141888 28.36135728 0.0
1.005414963 28.35148757 0.0
1.004944972 28.35071186 0.0
1.003899756 28.34790142 0.0
1.007583272 28.35903857 0.0
1.007168942 28.35204498 0.0
1.001653871 -28.32390479 0.0
1.012990496 -28.34496048 0.0
1.010282566 -28.34863715 0.0
1.006933716 -28.35639517 0.0
0.9999638276 -28.32401468 0.0
1.002886098 -28.35666132 0.0
1.000406738 -28.32081805 0.0
1.005896637 -28.35219923 0.0
1.002939124 -28.35195012 0.0
0.9999342434 -28.31895212 0.0
1.006298689 -28.34795433 0.0
1.000437903 -28.3220863 0.0
1.000958658 -28.31842323 0.0
1.009208153 -28.34958183 0.0
1.005384913 -28.34580631 0.0
0.9955749151 28.32871473 0.0
1.000913704 -28.31679515 0.0
0.9983376809 -28.31844982 0.0
0.9984236032 -28.33658931 0.0
1.00644194 -28.3474108 0.0
1.004775678 -28.34573903 0.0
1.006591033 -28.35532654 0.0
1.01201508 -28.35083002 0.0
1.006605753 -28.35487807 0.0
1.00174853 -28.31512466 0.0
0.9961701571 -28.32703034 0.0
0.962014819 -28.33244533 0.0
0.9832403772 -28.32263686 0.0
0.995791552 -28.3266397 0.0
0.998742932 -28.33662686 0.0
1.006401804 -28.3489541 0.0
1.000073258 -28.32187095 0.0
0.998548625 -28.31577211 0.0
1.005361055 28.35078944 0.0
1.007232209 28.3526418 0.0
1.005686563 28.36152725 0.0
1.009065479 28.35950888 0.0
1.004552239 28.35064308 0.0
1.003354554 28.34647296 0.0
1.002283874 28.34990369 0.0
1.010143274 -28.3608476 0.0
1.010142502 -28.3481869 0.0
1.011594477 -28.34514174 0.0
1.009813573 -28.34870546 0.0
1.007068789 -28.34795531 0.0
1.007360854 -28.34683526 0.0
1.007192847 -28.35128466 0.0
1.008461188 -28.35299176 0.0
1.008810357 -28.35223065 0.0
1.009534026 -28.34921933 0.0
1.007711468 -28.34658258 0.0
1.00387297 -28.34057101 0.0
1.009493418 -28.36633092 0.0
1.011099735 -28.38175025 0.0
1.015427536 -28.37958947 0.0
1.013863043 -28.35954664 0.0
1.012641077 -28.35715419 0.0
1.01518044 -28.35459526 0.0
1.005679845 -28.35648956 0.0
1.008551268 -28.35360048 0.0
1.006978069 -28.35578596 0.0
1.006785931 -28.35579043 0.0
1.002754953 -28.35676898 0.0
1.006069863 -28.35389696 0.0
1.007057064 -28.35104217 0.0
1.011289869 -28.35755498 0.0
1.00902541 -28.34781423 0.0
1.006150955 -28.34866675 0.0
1.007880856 -28.35170485 0.0
1.008909493 -28.349212 0.0
1.009448958 -28.35122703 0.0
1.008207421 -28.35226401 0.0
1.008568988 -28.35150895 0.0
1.010165512 -28.35109926 0.0
0.9997370072 28.26283581 0.0
1.000287206 28.26271075 0.0
1.000781586 28.27168353 0.0
1.002359436 28.27341474 0.0
0.9994646047 28.2653453 0.0
0.999508252 28.26618489 0.0
0.9997645425 28.26415263 0.0
0.9997414506 28.26177139 0.0
0.9999777558 28.26745972 0.0
0.9998916953 28.26810655 0.0
1.000108993 28.26883975 0.0
1.00089307 28.26890203 0.0
0.9986422388 28.26162788 0.0
1.000531146 28.2612358 0.0
1.000790007 28.2693396 0.0
1.000557937 28.26821797 0.0
0.9999760931 28.26516595 0.0
1.001630652 28.26135804 0.0
0.9986915537 28.26508318 0.0
1.00185062 28.26656329 0.0
0.9987874379 28.26359543 0.0
1.000122918 28.26163505 0.0
0.9994651383 28.25935145 0.0
1.010176954 -28.35081325 0.0
1.007753957 -28.35547369 0.0
1.008166027 -28.35518397 0.0
1.005143424 -28.35707687 0.0
1.006579639 28.35644028 0.0
1.011736048 28.35300543 0.0
1.008320284 28.3506723 0.0
1.011580878 28.3612559 0.0
1.012269349 28.3615878 0.0
1.015723073 28.36075715 0.0
1.004645225 28.3503617 0.0
1.011126164 28.34415171 0.0
1.010049349 28.34641631 0.0
1.012981339 28.35177002 0.0
1.011806538 28.35095701 0.0
1.018195455 28.35127873 0.0
1.011059074 28.35250985 0.0
1.009490181 28.35168568 0.0
1.005601098 28.35380244 0.0
1.010949676 28.36013329 0.0
1.014218455 28.35101546 0.0
1.011618934 28.35105685 0.0
1.00902588 28.35251453 0.0
1.008113869 28.35378242 0.0
1.004007474 28.35209719 0.0
1.001973909 28.35203681 0.0
1.005031196 28.34751801 0.0
0.999730915 28.35288709 0.0
1.008087396 28.35336573 0.0
1.004810948 28.36133357 0.0
1.00780514 28.35987181 0.0
1.011789772 28.35691875 0.0
1.016676105 28.36134027 0.0
1.013129018 28.35674899 0.0
1.014426358 28.35296541 0.0
0.9984197685 -28.2636539 0.0
0.9999531336 -28.26382935 0.0
0.9991343411 -28.26469721 0.0
0.9972472101 28.26456461 0.0
0.9973118361 28.26552506 0.0
1.00080925 28.27063217 0.0
0.9998207451 28.26668119 0.0
0.9997887209 28.26636648 0.0
1.001421677 28.26924114 0.0
0.9986674409 28.26827891 0.0
1.000437969 28.26263166 0.0
0.9997533381 28.26296724 0.0
1.000085264 28.2687103 0.0
1.001149915 28.27311563 0.0
1.000558526 28.27144918 0.0
0.99833365 28.26290573 0.0
0.9994099226 28.26196875 0.0
1.007073332 -28.35009234 0.0
1.014610959 -28.34635002 0.0
1.009447602 -28.36389401 0.0
1.010957392 -28.36823697 0.0
1.012571321 -28.36533956 0.0
1.015056458 -28.35381046 0.0
1.020737533 -28.3523171 0.0
1.002188279 -28.27098347 0.0
0.9998403404 -28.26551188 0.0
0.9993123531 -28.31825397 0.0
1.000490775 -28.26817357 0.0
0.9986056734 -28.26154664 0.0
0.9973908861 28.26687341 0.0
0.9955090803 28.27066693 0.0
0.9906635081 28.27563322 0.0
1.002850206 -28.32016306 0.0
0.9938348914 -28.27359485 0.0
0.9772654249 -28.27015015 0.0
1.012897744 -28.35374555 0.0
0.999077455 28.26320911 0.0
0.9997233924 28.32152732 0.0
1.000943229 28.31562242 0.0
1.000741572 28.32496995 0.0
1.011534446 28.36224777 0.0
1.011144921 -28.35591187 0.0
1.008800838 28.36071966 0.0
1.001223143 28.34934303 0.0
1.000510833 28.31640847 0.0
1.010067928 28.36068883 0.0
1.013668642 28.35098606 0.0
1.011699652 28.35878003 0.0
1.005074484 -28.34434215 0.0
1.000544508 -28.33082593 0.0
0.9973363144 -28.32012319 0.0
0.9995300841 -28.26303883 0.0
1.00656773 -28.35619019 0.0
1.002267899 -28.26545405 0.0
0.9983613656 -28.26482111 0.0
1.00046031 -28.26298633 0.0
1.002320454 -28.32513462 0.0
1.009206042 -28.35805078 0.0
1.00037425 -28.27650045 0.0
1.000235644 -28.27632681 0.0
1.00033197 -28.26519072 0.0
1.000135783 -28.26280509 0.0
1.000391244 -28.26817988 0.0
1.002359194 -28.27090793 0.0
0.9979349923 -28.26588022 0.0
1.001750263 -28.26127197 0.0
0.9992378554 -28.26824129 0.0
1.000344562 -28.26840838 0.0
1.000028096 -28.27009422 0.0
1.000532081 -28.26729414 0.0
0.9989864486 -28.26777896 0.0
1.000201011 -28.26250221 0.0
1.008920339 -28.3506681 0.0
1.001176188 -28.34514565 0.0
0.9997815647 -28.26470621 0.0
1.000976212 -28.26534193 0.0
1.000065682 -28.26812562 0.0
1.000928406 -28.26508329 0.0
0.9973155925 -28.26469982 0.0
1.001803334 -28.26160144 0.0
0.9964783516 -28.26324155 0.0
0.9982197519 -28.26652621 0.0
1.002087016 28.26303439 0.0
1.010729096 -28.34789078 0.0
1.011948845 -28.34462826 0.0
1.012023605 -28.34963832 0.0
1.007826048 -28.34854268 0.0
1.006834585 -28.34648561 0.0
1.007049827 -28.35155945 0.0
1.008505647 -28.35261805 0.0
1.009668362 -28.34912159 0.0
1.007779608 -28.34705464 0.0
1.008741136 -28.34396786 0.0
1.003383914 -28.33993455 0.0
1.007429292 -28.36742901 0.0
1.016300665 -28.37884979 0.0
1.01487216 -28.35874127 0.0
1.014432763 -28.35726093 0.0
1.015672392 -28.35442821 0.0
1.006183031 -28.35635638 0.0
1.008183842 -28.35293962 0.0
1.006636666 -28.35526521 0.0
1.002784518 -28.35684127 0.0
1.005999927 -28.35285176 0.0
1.00805141 -28.35144557 0.0
1.011438579 -28.35766026 0.0
1.009249087 -28.35841147 0.0
1.008649613 -28.34677142 0.0
1.006463153 -28.34868875 0.0
1.009013424 -28.35031845 0.0
1.008429232 -28.34877682 0.0
1.009535363 -28.35139991 0.0
1.006373905 28.34972059 0.0
1.006423376 28.35130682 0.0
1.004979824 28.36159755 0.0
1.00848912 28.35951157 0.0
1.005388186 28.35157116 0.0
1.004158359 28.34617781 0.0
1.002435306 28.34907746 0.0
1.007308938 28.35776899 0.0
1.008262779 -28.35225289 0.0
1.005524664 -28.34818399 0.0
1.008505267 -28.35224304 0.0
1.011002527 -28.35064703 0.0
0.9997188209 28.11011507 0.0
1.000044226 28.10989913 0.0
1.000711357 28.11805142 0.0
1.002280004 28.12018269 0.0
0.9996781041 28.11245153 0.0
1.001966642 28.11024381 0.0
0.9999180295 28.11082579 0.0
0.9998355535 28.10900025 0.0
0.9990720786 28.11030949 0.0
1.000041293 28.1142855 0.0
0.9997978225 28.11518467 0.0
1.000240978 28.11414251 0.0
1.000695639 28.11568086 0.0
0.9990393964 28.10898406 0.0
1.000256508 28.10806602 0.0
1.000740826 28.11595069 0.0
1.00050315 28.1151495 0.0
1.000255071 28.11181135 0.0
1.001653251 28.10869796 0.0
0.9987540169 28.1116691 0.0
1.001798475 28.11337634 0.0
0.9988261417 28.11082112 0.0
0.9992641054 28.10652583 0.0
0.997462571 28.11124344 0.0
1.011825531 28.35325091 0.0
1.008711191 28.34977212 0.0
1.012554506 28.36172095 0.0
1.011447274 28.36167779 0.0
1.017859979 28.35969095 0.0
1.003992941 28.35101502 0.0
1.01032571 28.34362357 0.0
1.010043171 28.34618396 0.0
1.011609272 28.35077864 0.0
1.011809214 28.35160027 0.0
1.009414115 28.35103934 0.0
1.005993058 28.35289795 0.0
1.009873845 -28.35039728 0.0
1.008303984 -28.35551679 0.0
1.008713905 -28.35521967 0.0
1.00497471 -28.3571928 0.0
0.9977963023 28.11221971 0.0
0.9997859151 28.12262072 0.0
0.9998598276 28.11397152 0.0
0.9997743184 28.11297112 0.0
1.001239086 28.11600057 0.0
0.9988773065 28.11505957 0.0
1.000707989 28.10975673 0.0
0.9997853102 28.11016894 0.0
1.000163929 28.11546145 0.0
1.000831638 28.11987473 0.0
1.000404849 28.11834845 0.0
0.9984683312 28.11022127 0.0
0.9987836952 28.10893599 0.0
0.9958611058 28.11401398 0.0
0.9914152168 28.1179838 0.0
0.9819245592 28.12254388 0.0
0.9827136195 28.27359684 0.0
0.9259046379 28.11667212 0.0
0.8637694864 28.11294653 0.0
0.7465147516 28.11078011 0.0
1.004049933 -28.34785756 0.0
1.013998621 -28.34678948 0.0
1.011819893 -28.34949975 0.0
1.010480377 -28.36528851 0.0
1.014331349 -28.36742288 0.0
1.012801888 -28.36517549 0.0
1.010886968 -28.35467362 0.0
1.014267582 -28.35471426 0.0
1.02199329 -28.35237386 0.0
1.009265226 28.36100804 0.0
1.010475325 28.36159643 0.0
1.014293369 28.3512233 0.0
1.010920701 28.3515855 0.0
1.008477368 28.35196268 0.0
1.007677954 28.35354205 0.0
1.004009294 28.35323705 0.0
1.002466868 28.35173876 0.0
1.001306418 28.34934811 0.0
1.007208086 28.34565535 0.0
0.999433856 28.35255761 0.0
1.0016816 28.34748733 0.0
1.008480059 28.35314776 0.0
1.004711587 28.36068774 0.0
1.010272049 28.36064044 0.0
1.013747293 28.35714733 0.0
1.014654652 28.35151258 0.0
1.015160426 28.36051758 0.0
1.010899065 28.35837811 0.0
1.013561517 28.35716857 0.0
1.014352959 28.35337901 0.0
1.00021091 -28.26313182 0.0
1.000490425 -28.10987063 0.0
0.999821444 -28.26926936 0.0
0.9978663891 -28.2646552 0.0
0.9991618055 -28.26143788 0.0
0.9989831364 -28.25937508 0.0
1.000099202 -28.12262431 0.0
0.9985304584 -28.11262252 0.0
0.9990423443 -28.11445829 0.0
1.000885619 -28.26444093 0.0
1.013680369 -28.35335399 0.0
1.00824521 -28.36294847 0.0
0.9987402 -28.10848653 0.0
1.001986654 -28.11275148 0.0
0.9988440696 -28.26691398 0.0
0.9998790965 -28.26257018 0.0
1.000289793 -28.26735821 0.0
1.001333548 -28.27023442 0.0
0.99636615 -28.1134632 0.0
0.9904912221 -28.27404945 0.0
0.9265741171 -28.28128048 0.0
0.8596855037 -28.12089586 0.0
0.8694436294 -28.27948232 0.0
0.7447764405 -28.10740196 0.0
0.9995429031 28.11309442 0.0
1.000508565 28.26698067 0.0
1.000025298 28.10834221 0.0
1.012908742 28.35189825 0.0
1.018734533 28.35093611 0.0
1.007468163 28.35961331 0.0
1.000825732 -28.11246703 0.0
1.000026102 -28.11496569 0.0
1.000935982 -28.11216642 0.0
1.000034682 -28.10947847 0.0
1.000136272 -28.11418181 0.0
1.010591789 -28.35982038 0.0
0.9999214988 28.27597565 0.0
1.0014919 28.32482877 0.0
0.9996891598 28.31657329 0.0
1.009181891 -28.35170395 0.0
1.006663457 -28.35606931 0.0
0.9989216179 -28.1118089 0.0
0.9995459992 -28.11588599 0.0
0.9981058055 -28.11169503 0.0
0.9987187861 -28.10919882 0.0
0.9986650912 -28.26250567 0.0
0.9987341016 -28.10657994 0.0
0.9988906335 -28.1082252 0.0
0.9982389132 -28.27145296 0.0
1.00208999 -28.11757223 0.0
0.9992784943 -28.115104 0.0
0.9998686515 -28.11272799 0.0
1.000409315 -28.10929733 0.0
1.000787363 -28.11136285 0.0
1.000493248 -28.11489175 0.0
1.005641637 28.34957199 0.0
1.005019726 28.36146941 0.0
1.007754097 28.3599756 0.0
1.005578307 28.35193931 0.0
1.003132587 28.34867662 0.0
1.007925892 -28.37623731 0.0
1.009548154 -28.37704041 0.0
1.011016009 -28.35876186 0.0
1.012307711 -28.34468889 0.0
1.012955788 -28.34852178 0.0
1.008518081 -28.34949933 0.0
1.006495329 -28.34621947 0.0
1.008563828 -28.35233596 0.0
1.009346141 -28.35157783 0.0
1.009685635 -28.34927303 0.0
1.008441962 -28.34716081 0.0
1.002923867 -28.33953448 0.0
1.006019605 -28.36862571 0.0
1.010066 -28.37999992 0.0
1.017084478 -28.37799542 0.0
1.015600642 -28.35830337 0.0
1.01617074 -28.35736385 0.0
1.013767282 -28.35380572 0.0
1.006856706 -28.35620523 0.0
1.007806858 -28.35299756 0.0
1.00649835 -28.35673667 0.0
1.006657714 -28.35298057 0.0
1.008207921 -28.35098238 0.0
1.011093874 -28.35829113 0.0
0.9990648649 -28.11040328 0.0
0.9990113318 -28.1097821 0.0
1.001773774 -28.11241289 0.0
0.9983474603 -28.11189584 0.0
0.9992353177 -27.7065167 0.0
0.9984717889 -27.69929123 0.0
0.9985359359 -27.69760638 0.0
0.9983956866 -28.11759444 0.0
1.000037296 -27.71321778 0.0
1.000595874 -28.11241671 0.0
1.000909755 -27.70350499 0.0
1.000027178 -28.10979137 0.0
1.000383165 -28.11470267 0.0
1.001950969 -27.70828682 0.0
1.000266878 -28.11534202 0.0
1.000002444 -28.11687118 0.0
1.000616045 -28.11443611 0.0
1.001996402 -28.11771902 0.0
1.000572779 -27.70067604 0.0
1.000102027 -28.11184515 0.0
1.008857041 -28.35872768 0.0
1.00853872 -28.34614979 0.0
1.007005195 -28.34895599 0.0
1.007864065 -28.3516597 0.0
1.00820455 -28.34871646 0.0
1.009311008 -28.35182563 0.0
1.008431934 -28.35266583 0.0
1.005330861 -28.34775145 0.0
1.008647912 -28.35243804 0.0
1.011590257 -28.35027066 0.0
1.009785191 -28.35027121 0.0
1.00871022 -28.35572984 0.0
1.009534112 -28.35595067 0.0
1.00590115 -28.35691361 0.0
1.001591466 -28.3471114 0.0
1.011237928 -28.34670784 0.0
1.01073768 -28.35011074 0.0
1.013128337 -28.36555669 0.0
1.010886097 -28.35348383 0.0
1.013440078 -28.35441533 0.0
1.013948386 -28.35303775 0.0
1.008095282 -28.36278591 0.0
0.9992754265 27.70168591 0.0
0.9995669836 27.7012924 0.0
1.000578244 27.70863259 0.0
1.002225633 27.71088754 0.0
0.9999174681 27.70376653 0.0
1.001907017 27.70161905 0.0
0.9996979085 27.70418958 0.0
1.000155826 27.70214565 0.0
0.9999259582 27.70066813 0.0
0.9990320334 27.70173587 0.0
0.9999009756 27.70546842 0.0
0.9995129145 27.70636246 0.0
1.000114988 28.11586276 0.0
1.000045439 27.70530985 0.0
1.000629198 27.70654761 0.0
0.9993940025 27.70046766 0.0
1.000109685 27.69947233 0.0
1.000733414 27.70670614 0.0
1.000544664 27.70598667 0.0
1.000492065 27.70289909 0.0
1.001591434 27.70011219 0.0
0.9989261182 27.70259868 0.0
1.001769202 27.70420817 0.0
0.9989014405 27.70188305 0.0
0.9998378864 27.69947911 0.0
0.9991171433 27.69766746 0.0
0.9976869739 27.70198928 0.0
1.011412139 28.35358059 0.0
1.009132673 28.34921137 0.0
1.012591781 28.36197137 0.0
1.010963193 28.36177296 0.0
1.003854352 28.35163393 0.0
1.009951365 28.34334908 0.0
1.010493612 28.34607569 0.0
1.012453894 28.35177178 0.0
1.011486297 28.35077583 0.0
1.018827956 28.35084228 0.0
1.012111944 28.35070788 0.0
1.009875051 28.35068281 0.0
1.007046207 28.35199651 0.0
1.010780679 28.36248279 0.0
1.010485213 28.36283472 0.0
1.013446729 28.35105848 0.0
1.010058223 28.35145182 0.0
1.007940174 28.35184347 0.0
1.00750836 28.35326564 0.0
1.003955987 28.35327835 0.0
1.002908394 28.35173719 0.0
1.001126067 28.3494975 0.0
1.008696263 28.34458393 0.0
1.000303839 28.3523402 0.0
1.002963777 28.34816242 0.0
1.008231978 28.3527165 0.0
1.004646097 28.36093371 0.0
1.00713496 28.35956679 0.0
1.01081564 28.36057703 0.0
1.016171345 28.35750448 0.0
1.015032337 28.35174156 0.0
1.013625299 28.35993347 0.0
1.015360839 28.3574469 0.0
1.01395143 28.35404093 0.0
0.9988860571 -27.69986977 0.0
0.9990841839 -28.11381471 0.0
1.00112098 -28.11710851 0.0
0.9975672374 -28.11146638 0.0
1.001398335 -28.10876972 0.0
0.9961042907 -28.11057227 0.0
0.995534429 -27.70200168 0.0
0.9816285202 -28.1210412 0.0
0.9598440917 -28.11697639 0.0
0.9275418126 -28.11634858 0.0
0.9979608765 27.70336943 0.0
0.9996997902 27.70841254 0.0
0.9997725763 27.70512672 0.0
0.9998271799 27.70396906 0.0
1.001132047 27.70682414 0.0
0.9991652805 27.70594126 0.0
1.000937759 27.70110269 0.0
0.9998067073 27.70150143 0.0
1.000182528 27.70644357 0.0
1.000459545 27.71060827 0.0
1.000195408 27.70913753 0.0
0.9983740802 27.70151609 0.0
0.99803961 27.70021808 0.0
0.9935046512 27.70521282 0.0
0.9845491 27.70836742 0.0
0.9672323489 27.71066168 0.0
0.9336485276 27.70493515 0.0
0.8641783673 27.6919797 0.0
0.7436265298 27.66896704 0.0
0.5236998808 27.62727887 0.0
1.007281846 -28.35210051 0.0
0.99716044 -27.7024248 0.0
0.9979566951 -27.70143833 0.0
1.000959358 -27.70372261 0.0
1.010181211 28.35355588 0.0
0.9982104437 -27.70307958 0.0
0.9986165044 -27.7029587 0.0
0.9986053382 -27.69997974 0.0
0.9984023037 -27.70787996 0.0
1.000127146 -27.701083 0.0
1.000401653 -27.7055432 0.0
0.9999178761 -27.70765555 0.0
1.001642328 -28.10849114 0.0
1.000629634 -27.7054723 0.0
1.000497658 -27.70572693 0.0
1.000333369 -27.70300736 0.0
1.000149381 28.11742511 0.0
0.99992653 -27.70513845 0.0
1.001013025 -27.70788187 0.0
0.9978326764 -27.70256167 0.0
1.000909473 -27.70001696 0.0
0.9669468407 -27.70880472 0.0
0.9294210857 -27.701373 0.0
0.9896914852 -28.12056177 0.0
0.9827740003 -27.71033808 0.0
0.8651473015 -27.69124276 0.0
0.9645996851 28.12052751 0.0
1.007622281 28.34948076 0.0
1.019691133 28.35885263 0.0
1.010442363 28.35834005 0.0
1.005959109 -28.34864161 0.0
1.007756654 -28.35104821 0.0
1.010686892 -28.38083457 0.0
0.998050327 26.71118225 0.0
0.9986480885 26.71051229 0.0
1.000457564 26.71685348 0.0
1.002219939 26.71882605 0.0
1.000131312 26.71253882 0.0
1.000178339 26.71301105 0.0
1.000452371 26.71142355 0.0
0.9998805317 26.71033422 0.0
0.9989230161 26.71106799 0.0
0.9994822441 26.71459987 0.0
0.9989085687 26.71521691 0.0
0.9998055124 26.71587979 0.0
1.000058685 26.71396566 0.0
1.000715877 26.71512173 0.0
0.999520636 26.70964124 0.0
1.000031708 26.70869566 0.0
1.000746849 26.71498571 0.0
1.000616128 26.7140679 0.0
1.001563917 26.70900771 0.0
0.9992102998 26.7112033 0.0
1.001640447 26.71251541 0.0
0.9990622886 26.71019961 0.0
0.9997315091 26.70820211 0.0
0.9978536317 26.71048164 0.0
0.9980388741 26.71214249 0.0
0.9994330427 26.71694983 0.0
0.9993185098 26.72101527 0.0
0.999577128 26.71359606 0.0
1.001288679 26.71495836 0.0
0.9994982268 26.71438867 0.0
1.000999754 26.71013739 0.0
0.9997914517 26.71046042 0.0
1.00013305 26.71496108 0.0
1.000131167 26.71850727 0.0
0.9999374193 26.71722113 0.0
0.9980890056 26.71024906 0.0
0.9971990543 26.70902085 0.0
0.9899420312 26.71394597 0.0
0.9738353285 26.7145293 0.0
0.882923073 26.69500153 0.0
0.7610537258 26.65967811 0.0
0.5419144429 26.5930284 0.0
0.1474217812 26.47015829 0.0
1.013583934 -28.35292835 0.0
1.022810526 -28.35235532 0.0
1.0229858 -28.35214086 0.0
1.012469886 -28.35351333 0.0
1.014515872 -28.36536883 0.0
1.016706911 -28.36747464 0.0
1.013107999 -28.36602576 0.0
1.009823817 -28.35007042 0.0
1.008885467 -28.3521752 0.0
1.005308687 -28.34721216 0.0
1.008448485 -28.35322278 0.0
1.008953018 -28.35228853 0.0
1.008715596 -28.35034477 0.0
1.008210273 -28.35043781 0.0
1.00859483 -28.35896288 0.0
1.008221371 -28.35026958 0.0
1.007698129 -28.35261106 0.0
1.003515927 -28.35687315 0.0
1.006758437 -28.35595459 0.0
1.00768294 -28.35581656 0.0
1.018234041 -28.35748961 0.0
1.009687847 -28.34405395 0.0
1.008957382 -28.35006985 0.0
1.012952355 -28.34856015 0.0
1.011417387 -28.34722862 0.0
1.012154477 -28.34638449 0.0
1.00976221 -28.37659245 0.0
0.9976824008 -26.71191683 0.0
1.000367844 -27.70117279 0.0
0.9983204048 -26.7114835 0.0
0.9981512641 -27.7026516 0.0
0.9982926149 -26.70818685 0.0
1.00016338 -27.71289225 0.0
1.001299179 -26.71169868 0.0
1.00139667 -27.70000648 0.0
0.9991872248 -27.70610676 0.0
1.000553514 -26.71380494 0.0
0.999156789 -27.70551515 0.0
0.9993147323 -26.7141984 0.0
1.001933854 -27.70858953 0.0
1.002070056 -26.71712458 0.0
1.000022157 -27.70393445 0.0
1.000712806 -27.7035749 0.0
1.00002047 -27.70584714 0.0
1.001603678 -27.70367955 0.0
0.9992875018 -27.70472872 0.0
1.000164345 -26.7096159 0.0
1.00017722 -27.70078837 0.0
0.9946942577 -26.71119291 0.0
0.9934910181 -27.70450384 0.0
0.9891021097 -26.7127346 0.0
0.943496732 -26.70834053 0.0
0.7398582751 -27.67623551 0.0
0.5212639758 -27.62368495 0.0
1.008487161 28.34959991 0.0
1.004957321 28.34813851 0.0
1.005224224 28.36091137 0.0
1.005599789 28.35193766 0.0
1.005050664 28.34618564 0.0
1.007631889 28.35834712 0.0
1.011067174 28.35394437 0.0
1.009635886 28.34854039 0.0
1.013010897 28.36207822 0.0
1.010126347 28.36185995 0.0
1.003871179 28.35071689 0.0
1.01010173 28.34315946 0.0
1.011173143 28.34591797 0.0
1.011933682 28.35179402 0.0
1.011382165 28.35070458 0.0
1.011838574 28.3497318 0.0
1.010744449 28.35054272 0.0
1.008676626 28.35114949 0.0
1.012444241 28.36343929 0.0
1.010486962 28.3635147 0.0
1.012077192 28.35065158 0.0
1.009037557 28.35089876 0.0
1.007437179 28.35180522 0.0
1.007285253 28.35298316 0.0
1.003849316 28.35278014 0.0
1.003516764 28.35168128 0.0
1.001541833 28.34965126 0.0
1.009869776 28.34360062 0.0
1.004803057 28.34857123 0.0
1.007716182 28.3517955 0.0
1.004843691 28.36100215 0.0
1.007129647 28.35953031 0.0
1.011567434 28.36061436 0.0
1.018930179 28.35799332 0.0
1.014911392 28.35157517 0.0
1.011940621 28.35957085 0.0
1.010198557 28.35843776 0.0
1.017358484 28.35771525 0.0
1.013489923 28.35414682 0.0
1.01815352 28.35098795 0.0
1.001507324 28.35198243 0.0
0.9979808833 -26.71087923 0.0
0.9989567598 -26.7146014 0.0
0.9982104838 -26.71536237 0.0
1.000016089 -26.72008684 0.0
1.000492349 -26.72015335 0.0
1.00010414 -26.7145338 0.0
0.9997496814 -26.71582766 0.0
1.000241252 -27.70626446 0.0
1.000718231 -26.7098553 0.0
1.000614929 -27.70252403 0.0
1.000355125 -26.71163739 0.0
1.000652109 -26.71208406 0.0
1.000017339 -26.71424652 0.0
1.000484524 -26.71421464 0.0
1.000753466 -26.71191973 0.0
1.000894807 -27.70325825 0.0
1.002086827 26.71072057 0.0
0.9990424365 -26.70900524 0.0
0.9993654048 -26.71313614 0.0
1.000013687 27.70701161 0.0
1.000658597 26.71165442 0.0
1.001075227 -26.71599704 0.0
0.9979547687 -26.71115885 0.0
1.000671515 -26.70883743 0.0
0.9988586916 26.70607843 0.0
0.9717816068 -26.71529137 0.0
0.9996002802 27.71311883 0.0
0.7620355792 -26.65794647 0.0
0.5384424038 -26.59954349 0.0
0.1440721813 -26.46547686 0.0
1.000112845 26.71253039 0.0
1.008081677 -28.34857611 0.0
1.007619904 -28.34611285 0.0
1.012529131 -28.3489262 0.0
1.016519956 -28.36615375 0.0
1.012033394 -28.35221002 0.0
1.007077357 28.36055967 0.0
1.008887654 -28.3627482 0.0
1.008668982 -28.34564882 0.0
1.00428403 -28.35712241 0.0
1.006419305 -28.35710649 0.0
1.005981089 -28.35647905 0.0
1.004307025 -28.33948445 0.0
1.01030391 -28.34395063 0.0
1.009071846 -28.34697371 0.0
1.009692017 -28.34919368 0.0
1.009246746 -28.35157669 0.0
0.9961674117 -26.71149379 0.0
0.9924799026 -24.62332662 0.0
0.9996811437 -26.71290555 0.0
0.9972662272 -24.62381526 0.0
0.9999416983 -26.71012691 0.0
0.9992524343 -24.62086252 0.0
0.9977642561 -24.61720627 0.0
0.997467385 -24.61747382 0.0
0.9982277985 -26.70567782 0.0
0.9983271499 -24.62384277 0.0
1.000662099 -24.62830867 0.0
1.000460353 -26.71000297 0.0
1.002068837 -26.71633881 0.0
1.000980628 -26.70910812 0.0
0.9984888176 -24.62498226 0.0
0.9989189328 -26.71484964 0.0
1.000358192 -26.71264157 0.0
1.000448538 -26.71125247 0.0
1.000639525 -24.62201966 0.0
1.000088995 -24.6241715 0.0
0.9991423789 -24.61952982 0.0
1.00132643 -26.71226159 0.0
0.9993071939 -24.62297963 0.0
0.9998515849 -26.71359694 0.0
0.983290139 -24.62229928 0.0
0.9563520204 -24.61948564 0.0
0.8792119662 -26.69132159 0.0
-0.4329770972 -24.13912926 0.0
1.008432979 -28.34506127 0.0
1.0073972 -28.34970243 0.0
1.007322055 -28.35201574 0.0
1.008036988 -28.35177733 0.0
1.007857186 -28.35051742 0.0
1.007803904 -28.34834741 0.0
1.008482367 -28.3525744 0.0
1.00867377 -28.35184125 0.0
1.008801295 28.3497195 0.0
1.00430972 28.34772652 0.0
1.005940098 28.36097316 0.0
1.006215074 28.361039 0.0
1.005279711 28.35205639 0.0
1.006754228 28.34581419 0.0
1.005053726 28.35017277 0.0
1.01043232 -28.35898796 0.0
1.009512209 -28.35952463 0.0
1.008922495 -28.35200347 0.0
1.004945307 -28.35684474 0.0
1.00771743 -28.35286173 0.0
1.007855876 -28.35262794 0.0
1.019966398 -28.35733085 0.0
1.015877775 -28.35755504 0.0
1.017575967 -28.37680021 0.0
1.005420604 -28.36939891 0.0
1.00593884 -28.33932832 0.0
1.008967168 -28.35153102 0.0
1.008612017 -28.35206442 0.0
1.00846811 -28.35178321 0.0
1.007683194 -28.35207026 0.0
1.007996646 -28.3518024 0.0
1.006167851 -28.34587599 0.0
1.012507629 -28.34457911 0.0
1.011692063 -28.35612292 0.0
1.007742809 28.3579164 0.0
1.011135062 28.35459497 0.0
1.010293895 28.34796722 0.0
1.013640045 28.36200038 0.0
1.021868882 28.35806815 0.0
1.005592491 28.34931969 0.0
1.010837652 28.34311047 0.0
1.011568828 28.34577156 0.0
1.011401534 28.35176025 0.0
1.011229943 28.35065069 0.0
1.017076937 28.35129654 0.0
1.010685241 28.3488072 0.0
1.012110655 28.35037944 0.0
1.010118495 28.35060867 0.0
1.013814543 28.36408668 0.0
1.010369264 28.36418853 0.0
1.00799101 28.3503931 0.0
1.006650613 28.35270697 0.0
1.003729547 28.35238186 0.0
1.004183904 28.3515401 0.0
1.002458231 28.34985257 0.0
1.001729453 28.35139891 0.0
1.005325677 28.34843834 0.0
1.00798445 28.350987 0.0
1.007745112 28.35992546 0.0
1.021603059 28.35856146 0.0
1.014273821 28.3499382 0.0
1.010012985 28.3593521 0.0
1.00961614 28.35882355 0.0
1.018508324 28.35805079 0.0
1.01267573 28.35327253 0.0
1.006306009 -28.34655001 0.0
1.0090695 -28.35180844 0.0
1.011835161 -28.35000874 0.0
0.9964094141 24.62259391 0.0
0.9977960566 24.62115911 0.0
0.9996018834 24.62618584 0.0
1.000830663 24.6228798 0.0
1.002520535 24.62132043 0.0
1.00090677 24.62254094 0.0
0.9997245773 24.62205408 0.0
0.9987599399 24.62232655 0.0
0.9991956507 24.62580475 0.0
0.9986029696 24.62549947 0.0
0.9994778705 24.62628214 0.0
0.999582197 24.62372652 0.0
1.000566242 24.62539427 0.0
0.9998433904 24.62050018 0.0
0.9999068251 24.61933288 0.0
1.000269787 24.62462242 0.0
1.000813878 24.62213131 0.0
1.001526573 24.61948238 0.0
0.9995778008 24.62147455 0.0
0.9993259107 24.61962553 0.0
0.9996404438 24.61840223 0.0
0.9988222509 24.61559068 0.0
0.9984595134 24.62055414 0.0
0.998402295 24.62206014 0.0
0.9987313677 24.62656055 0.0
0.9989677582 24.63018676 0.0
0.9999166868 24.62304195 0.0
0.9999740962 24.6223045 0.0
1.001245546 24.6242668 0.0
0.9999130937 24.62421878 0.0
1.000904081 24.62071692 0.0
0.9996713865 24.62098887 0.0
0.9999432272 24.62491089 0.0
0.9997937785 24.62738358 0.0
0.9997080184 24.62653601 0.0
0.9977525763 24.62036789 0.0
0.9970451918 24.61940846 0.0
0.9855760487 24.62450825 0.0
0.9586057318 24.62063333 0.0
0.9094755903 24.60744766 0.0
0.8074622965 24.57583218 0.0
0.6046151253 24.50636758 0.0
0.2321739018 24.37622315 0.0
-0.428747198 24.14589119 0.0
1.010415007 -28.3497786 0.0
1.009464376 -28.35628938 0.0
1.010330352 -28.35626596 0.0
1.008097788 -28.35590022 0.0
0.9992238286 -28.34491592 0.0
1.0039651 -28.34552933 0.0
1.008757236 -28.34908031 0.0
1.019639572 -28.36604652 0.0
1.018871707 -28.36722694 0.0
1.015202058 -28.3654913 0.0
1.01368811 -28.35093223 0.0
1.011248613 -28.35274053 0.0
1.021830658 -28.35185967 0.0
1.014282891 -28.35206811 0.0
1.010262132 -28.3630396 0.0
1.000735029 24.62322132 0.0
1.014160809 -28.35449136 0.0
1.015710937 -28.35476706 0.0
1.016843737 -28.37593398 0.0
0.9939049288 -26.71331451 0.0
1.009039543 -28.37774827 0.0
1.009496494 -28.37888789 0.0
1.006272157 -28.37023109 0.0
0.9987533689 -24.62409987 0.0
1.009737235 -28.34891132 0.0
1.005953315 -28.34544668 0.0
1.012736952 -28.34443861 0.0
0.9980952213 -26.70780736 0.0
1.007273115 -28.37579604 0.0
1.001345339 -24.62060263 0.0
1.000768137 -24.62347374 0.0
1.001846712 -24.62098772 0.0
1.000602877 -26.71401447 0.0
1.00184211 -24.62536066 0.0
0.9997584357 -24.62239015 0.0
0.9994829876 -26.71240584 0.0
1.000870643 -24.61971982 0.0
1.000222278 -24.62420355 0.0
1.001766072 -24.62692772 0.0
1.000480411 -24.62273497 0.0
1.000785759 -24.6208306 0.0
1.000208922 -24.62134753 0.0
1.010080238 -28.34991176 0.0
1.009995143 -28.35622556 0.0
1.000571767 -24.62235141 0.0
0.999883849 -24.62320882 0.0
0.9436555607 26.71087912 0.0
1.0042715 28.34918855 0.0
1.021196836 28.35844807 0.0
1.010288029 28.35045537 0.0
1.004982539 28.36072013 0.0
1.001852046 24.62796668 0.0
1.000560934 24.62352037 0.0
0.9943419066 -20.9096576 0.0
0.9967221896 -24.62239114 0.0
0.9955948348 -20.90794608 0.0
0.9976406372 -20.90637447 0.0
0.9981697935 -24.62014663 0.0
0.9982964148 -20.90407781 0.0
0.9969194322 -20.90124024 0.0
0.9978780625 -24.61452245 0.0
0.9976082641 -20.89760178 0.0
1.000375911 -20.90786976 0.0
0.9994815893 -24.62388839 0.0
1.000894114 -20.9077458 0.0
1.000447181 -24.62419731 0.0
1.000470604 -20.90913031 0.0
1.000193943 -24.62169104 0.0
1.000008907 -20.90682713 0.0
1.000939451 -24.62211002 0.0
1.000897135 -20.90739401 0.0
1.000932052 -24.62544765 0.0
0.9980485404 -24.62116067 0.0
1.000859771 -24.61913762 0.0
0.9929247281 -20.90962047 0.0
0.9942064352 -24.62253171 0.0
0.9098107844 -24.60385322 0.0
0.8040948372 -24.57192581 0.0
0.6060101558 -24.50264432 0.0
0.2289374715 -24.38197391 0.0
1.003885138 28.35004423 0.0
1.006110271 28.36123649 0.0
1.004992482 28.36105606 0.0
1.004771975 28.35190618 0.0
1.007343315 28.34526917 0.0
1.006482624 28.35348146 0.0
1.007693684 -28.35058656 0.0
1.007174652 -28.35156247 0.0
1.008422257 -28.35309547 0.0
1.008288838 -28.34934447 0.0
1.008578851 -28.35930011 0.0
0.993934596 20.90897231 0.0
0.9989250646 20.91038928 0.0
1.001784245 20.91203502 0.0
1.001509611 20.90837535 0.0
1.003052198 20.90730609 0.0
1.00123603 20.90915788 0.0
1.001569596 20.9088036 0.0
0.9996188693 20.90920958 0.0
0.9985519615 20.91263331 0.0
0.9977960476 20.91115398 0.0
0.9990283484 20.91219333 0.0
1.000690789 20.91076671 0.0
0.999835515 20.90644125 0.0
0.9996371492 20.90515615 0.0
0.9998147268 20.90916945 0.0
1.000948587 20.90707855 0.0
1.001020069 20.90788375 0.0
1.00135948 20.90513387 0.0
0.9998860307 20.90695622 0.0
1.000957631 20.90675039 0.0
0.9997225736 20.90387293 0.0
0.9996014826 20.90367394 0.0
0.9989308505 20.89972755 0.0
0.9984531169 20.90697386 0.0
0.9984435174 20.91115665 0.0
0.9986687426 20.91421739 0.0
1.000002817 20.90743443 0.0
1.000132232 20.90716951 0.0
1.001376087 20.90833474 0.0
1.005285266 -28.35683835 0.0
1.006678541 -28.357245 0.0
1.00917655 -28.35316544 0.0
1.018176247 -28.35545066 0.0
1.013325772 -28.35371886 0.0
1.013582232 -28.3748489 0.0
1.01081768 -28.34385819 0.0
1.009509445 -28.34669193 0.0
1.009338234 -28.35017257 0.0
1.011824438 -28.34930341 0.0
1.012758566 -28.34428333 0.0
1.012412288 -28.34578057 0.0
1.011693967 -28.34550992 0.0
1.008958088 -28.37377489 0.0
1.006684705 -28.37530126 0.0
1.009155307 -28.35194984 0.0
1.007669821 -28.34910383 0.0
1.010084358 -28.34999817 0.0
1.009943087 -28.35005667 0.0
1.010529075 -28.3561447 0.0
0.9983868123 -28.34376107 0.0
1.000353803 20.90881033 0.0
1.000678281 20.9062036 0.0
0.9994877869 20.90649285 0.0
0.9994848102 20.91104504 0.0
0.9996102141 20.91075692 0.0
0.9976439124 20.90546315 0.0
0.9802859341 20.9112874 0.0
0.9405860654 20.90272682 0.0
0.8675800433 20.88120432 0.0
0.7115773261 20.83692359 0.0
0.4022048354 20.738923 0.0
-0.1760241467 20.56220072 0.0
-1.173750974 20.26631481 0.0
1.001196398 -28.34507374 0.0
1.021728398 -28.36476987 0.0
1.015125712 -28.35006728 0.0
1.010052195 -28.35229226 0.0
1.01892228 -28.35153505 0.0
1.013061248 -28.35173876 0.0
1.010955039 -28.36471999 0.0
1.007999258 28.35743438 0.0
1.013633773 28.35791408 0.0
1.011547739 28.3494681 0.0
1.01424925 28.36175348 0.0
1.009107898 28.36238818 0.0
1.019862082 28.35728475 0.0
1.008646125 28.34834351 0.0
1.012482267 28.34292038 0.0
1.010728947 28.34442657 0.0
1.010848234 28.35127004 0.0
1.010168131 28.35041816 0.0
1.009176083 28.34796261 0.0
1.013251316 28.35031919 0.0
1.015219162 28.36468933 0.0
1.008087216 28.34973981 0.0
1.007044955 28.35004115 0.0
1.006001776 28.35138449 0.0
1.005609945 28.35235311 0.0
1.003602718 28.35224047 0.0
1.004635919 28.35142802 0.0
1.003122932 28.34989138 0.0
1.010425732 28.34269884 0.0
1.010487488 28.34237899 0.0
1.002425764 28.35039722 0.0
1.005770318 28.34846893 0.0
1.005086499 28.36026826 0.0
1.005632479 28.36014382 0.0
1.012629803 28.3602728 0.0
1.01253712 28.34717118 0.0
1.010446463 28.35872418 0.0
1.019757549 28.35832897 0.0
1.011525042 28.35130255 0.0
0.9961590349 20.90678034 0.0
1.008772931 28.34934759 0.0
1.008227288 -28.35968316 0.0
1.008653601 -28.3595679 0.0
1.00994876 -28.3514971 0.0
1.006471559 -28.35595008 0.0
1.007184959 -28.35706869 0.0
0.9993222787 20.90852261 0.0
1.003817677 -28.35650264 0.0
1.018150096 -28.35841437 0.0
1.020409922 -28.35623339 0.0
1.015136938 -28.35280041 0.0
1.011367839 -28.34415859 0.0
1.009842985 -28.34594504 0.0
1.008453947 -28.34971335 0.0
1.008946946 -28.35014033 0.0
1.010904859 -28.35022591 0.0
1.01194062 -28.35393576 0.0
1.009556776 -28.37571213 0.0
1.00799809 -28.35188865 0.0
1.001389529 24.62215206 0.0
0.9990008045 20.90574475 0.0
1.007079137 -28.34795633 0.0
0.999644042 20.90988264 0.0
1.015227324 28.35113602 0.0
1.01164122 28.35013513 0.0
1.007750746 -28.35243198 0.0
1.009391181 -28.35146533 0.0
1.011821599 -28.35009809 0.0
1.009778504 -28.35589802 0.0
0.999985664 -28.34624817 0.0
1.006978817 -28.35646849 0.0
1.007452479 -28.34724789 0.0
1.020070732 -28.36707216 0.0
1.015359989 -28.3647749 0.0
1.006960732 28.35164512 0.0
1.012210716 28.36047875 0.0
1.023576433 28.3588664 0.0
1.008649578 28.35904738 0.0
0.9802272685 -20.91426077 0.0
0.9884275604 -24.62650578 0.0
0.9876880016 -20.90966974 0.0
0.9981691978 -20.90689079 0.0
1.000626283 -20.907561 0.0
1.001802174 -20.90887841 0.0
1.001906992 -20.90633637 0.0
1.000037553 -20.90724465 0.0
1.000561749 -20.90537025 0.0
0.9980039934 -20.9103005 0.0
0.9990400357 -20.90784984 0.0
0.9994947155 -20.90984769 0.0
0.9995599362 -24.62536457 0.0
1.001090212 -20.90802199 0.0
1.000984839 -20.90943862 0.0
1.000877816 -24.62344802 0.0
0.9998000144 -20.9061957 0.0
1.000689697 -20.90710387 0.0
1.000432416 -24.61994761 0.0
1.001018195 -20.90998551 0.0
0.9982034736 -20.90613499 0.0
1.001997045 -20.9043804 0.0
0.4035818943 -20.73234795 0.0
-0.1801891341 -20.56697019 0.0
-1.17877848 -20.25695843 0.0
0.9912332199 15.50006883 0.0
0.9945007351 15.49763271 0.0
0.9983695612 15.49983216 0.0
1.001715034 15.50180564 0.0
1.002221536 15.49967782 0.0
1.00360879 15.49925236 0.0
1.001833173 15.50041581 0.0
1.002315985 15.50054852 0.0
0.9994893351 15.50207503 0.0
0.9986714275 15.50142231 0.0
0.9980160716 15.50542521 0.0
0.9970158711 15.50256972 0.0
0.9986025259 15.50388886 0.0
0.999046275 15.49903651 0.0
1.000832548 15.50169808 0.0
0.9996494266 15.49825012 0.0
0.999219808 15.49690274 0.0
1.001121116 15.49666995 0.0
1.001055244 15.49680333 0.0
1.000491534 15.49721639 0.0
1.00026654 15.49420451 0.0
0.9992332926 15.48995636 0.0
0.9994665438 15.49702335 0.0
0.9984900247 15.49799759 0.0
0.9983452756 15.50165845 0.0
1.000134676 15.49783286 0.0
1.000284564 15.49808698 0.0
1.00134597 15.49826724 0.0
1.00057703 15.49924923 0.0
1.000314762 15.49756037 0.0
0.9992674533 15.49787594 0.0
0.9993443162 15.50085487 0.0
0.9994514285 15.50068633 0.0
0.9997234997 15.50083983 0.0
0.9979456888 15.49673534 0.0
0.9948206084 15.4978516 0.0
0.9757932541 15.50525394 0.0
0.9283995755 15.49673519 0.0
0.8350604668 15.47744598 0.0
0.6241077098 15.44602903 0.0
0.2039759819 15.36437083 0.0
-0.5865397808 15.24195886 0.0
-1.891974709 15.04277759 0.0
0.9705412335 -15.50514438 0.0
0.982407911 -15.50060526 0.0
0.9977831064 -15.49895147 0.0
0.9985934548 -20.90855778 0.0
0.9975792773 -20.90132183 0.0
0.997775029 -15.49154198 0.0
0.9980726598 -15.49589405 0.0
1.001593195 -15.50044745 0.0
1.002434819 -20.9049241 0.0
0.998657443 -15.49762107 0.0
0.9996427573 -15.50020048 0.0
1.001294508 -15.49850314 0.0
1.001718595 -15.50066604 0.0
1.00171133 -20.91190824 0.0
1.001600196 -15.50277707 0.0
1.000752582 -20.90700833 0.0
1.000506725 -15.49976939 0.0
1.00071811 -15.4983771 0.0
1.000167503 -20.90924517 0.0
1.000313293 -15.50036309 0.0
1.00074437 -15.49865459 0.0
0.9991344824 -15.49725719 0.0
0.999780714 -20.90735046 0.0
0.9989829076 -15.49814118 0.0
0.9992469604 -20.90769219 0.0
1.000432238 -20.90538426 0.0
0.9999347597 -20.90799611 0.0
0.9760217615 -20.90764656 0.0
0.8685451433 -20.87617041 0.0
0.708364809 -20.83241232 0.0
-0.5906368504 -15.24701991 0.0
1.008788143 28.34704905 0.0
1.004658231 28.35926329 0.0
1.003633859 28.36141848 0.0
1.002868719 28.36078405 0.0
1.006551003 28.3439754 0.0
1.008307048 28.35564799 0.0
1.007129895 -28.34999897 0.0
1.006386184 -28.34985262 0.0
1.011394705 -28.35939755 0.0
1.011263578 -28.3507943 0.0
1.007890835 -28.37694587 0.0
1.008705218 -28.3390444 0.0
1.01161737 -28.3443586 0.0
1.009797093 -28.34845811 0.0
1.008539031 -28.35123052 0.0
1.007802726 -28.3515965 0.0
1.008469192 -28.35016371 0.0
1.005294124 -28.37474102 0.0
1.008783145 -28.35664048 0.0
1.008943484 -28.34970583 0.0
1.004412867 -28.3514813 0.0
1.004508253 -28.34711414 0.0
1.006528774 -28.35165518 0.0
1.007076086 28.36055041 0.0
1.013587881 28.3560233 0.0
1.013862292 28.35868815 0.0
1.013114663 28.35536193 0.0
1.011570791 28.34786957 0.0
1.013343178 28.34228327 0.0
1.007342374 28.34290388 0.0
1.010202293 28.34970992 0.0
1.011944871 28.3497115 0.0
1.006646638 28.34719174 0.0
1.013213728 28.34766773 0.0
1.015219828 28.35703297 0.0
1.015943653 28.36478071 0.0
1.008598837 -28.35027687 0.0
1.009270039 -28.3513491 0.0
1.006131731 -28.35024788 0.0
1.009638734 -28.34989888 0.0
1.010066168 -28.35385009 0.0
1.010785078 -28.35788425 0.0
1.004941414 -28.34749457 0.0
0.9994117111 -28.34458996 0.0
1.005339047 -28.3452871 0.0
1.022781172 -28.36031837 0.0
1.015115711 -28.36713465 0.0
1.016396351 -28.36079917 0.0
1.014549752 -28.34759628 0.0
1.011348923 -28.35154135 0.0
1.012626683 -28.34936244 0.0
1.009087487 28.3567953 0.0
1.00532341 28.34739653 0.0
1.006055178 28.34978344 0.0
1.00360615 28.35127081 0.0
1.003578241 28.35230808 0.0
1.00416119 28.35135757 0.0
1.005289166 28.34857219 0.0
1.003366456 28.34856461 0.0
1.003959643 28.35002593 0.0
1.003936419 28.34907095 0.0
1.005359496 28.36034275 0.0
1.007320867 28.36046985 0.0
1.024332333 28.35693566 0.0
1.008144157 28.3579364 0.0
1.007742576 28.35982814 0.0
1.020448204 28.3568157 0.0
1.010069877 28.34698813 0.0
0.9993175163 15.49955527 0.0
0.9986820201 20.90894359 0.0
1.007799246 28.34397203 0.0
1.008932695 -28.35971703 0.0
1.006395009 -28.35858732 0.0
1.007665401 -28.35448831 0.0
1.010289595 -28.351237 0.0
1.007614248 -28.35681703 0.0
1.009111403 -28.35279092 0.0
1.017659192 -28.35391341 0.0
1.017582773 -28.35363495 0.0
1.005944647 -28.37671534 0.0
1.01053575 -28.36927463 0.0
1.008975355 -28.37121894 0.0
1.011549959 -28.35322914 0.0
1.009541896 -28.34758473 0.0
1.007936186 -28.35068778 0.0
1.005768187 -28.35159944 0.0
0.9967737936 20.90511924 0.0
1.014888127 28.36147741 0.0
1.008879495 28.36186941 0.0
1.006469584 28.35254462 0.0
1.010002906 28.36269136 0.0
1.003952912 28.35184239 0.0
1.0092544 -28.35218591 0.0
1.008196614 28.35027023 0.0
0.9719025411 -15.50020278 0.0
0.926461444 -15.49083019 0.0
0.9914696817 -15.50164543 0.0
0.9383604414 -20.89919309 0.0
0.8361282941 -15.47122358 0.0
1.011779846 -28.34435177 0.0
1.008331579 -28.34571428 0.0
1.012124529 -28.34989784 0.0
1.007132931 -28.36817969 0.0
1.009434894 -28.35551305 0.0
0.9997940659 -15.49581404 0.0
1.000227575 -15.49803516 0.0
1.001253005 -20.91125267 0.0
1.001959647 -15.49827779 0.0
1.000259258 -15.49675867 0.0
0.9991550824 -20.90534327 0.0
1.000534558 -15.49496849 0.0
0.9991860591 -15.49813623 0.0
0.9987543776 -15.49864172 0.0
0.9946144734 -15.49874034 0.0
0.9974985456 -15.4973705 0.0
1.001360289 -15.49851965 0.0
1.000617426 -15.49905933 0.0
0.9992405398 -15.49671209 0.0
1.010816368 -28.36039747 0.0
0.9986458773 28.35737043 0.0
1.003286731 28.34361424 0.0
0.9894855033 -28.3393422 0.0
1.006615843 -28.34245186 0.0
0.9987856965 -28.34419345 0.0
1.010274512 -28.35603718 0.0
0.9832892886 -28.35485066 0.0
1.010355757 -28.33566261 0.0
1.000862 -28.34792978 0.0
0.9970332807 -28.33748259 0.0
1.009535806 -28.35210588 0.0
0.9960603189 -28.34353528 0.0
1.007713246 -28.35011871 0.0
0.9947287607 -28.35028059 0.0
1.009084291 -28.34014826 0.0
0.9915364626 -28.35909817 0.0
-2.066817575 6.152627621 0.0
-0.6464512763 6.2953235 0.0
0.9829490319 6.479910737 0.0
0.9970384029 6.46559888 0.0
1.000137844 6.460274543 0.0
0.9992951518 6.463299656 0.0
0.9986030477 15.50397366 0.0
0.9993455209 -6.46050472 0.0
0.8618548985 -6.440783673 0.0
0.9997160498 15.49512848 0.0
1.000099414 15.49837428 0.0
1.001220091 15.49957814 0.0
1.001032081 -6.46421672 0.0
1.000180358 -6.461309219 0.0
0.9997411855 -6.4607774 0.0
0.9992196833 -6.461483784 0.0
0.9982576219 -6.461642882 0.0
1.000522696 -6.462874038 0.0
1.000350905 -6.464091003 0.0
1.000727459 -6.461355395 0.0
0.9994739682 -6.461792267 0.0
1.000117521 -6.463130852 0.0
0.9986098188 -6.459702604 0.0
1.000367251 -6.465823215 0.0
1.000887779 6.457042039 0.0
0.9992533184 6.46185523 0.0
0.9987854976 6.46168986 0.0
0.9994594671 6.463953013 0.0
0.9988982642 6.467215494 0.0
0.9940150387 6.460284601 0.0
0.9900417638 6.464197226 0.0
1.002624009 -28.34506135 0.0
1.000701901 -28.33960558 0.0
0.9984023922 -28.33736904 0.0
1.010892358 -28.35343879 0.0
1.003701606 -28.37124314 0.0
1.009986164 -28.34410338 0.0
0.9933444912 -28.3437147 0.0
1.006563259 -28.34782349 0.0
1.007462569 -28.34936344 0.0
1.008655733 -28.34919123 0.0
1.014324106 28.34017217 0.0
0.99179607 28.36189958 0.0
0.9948482371 28.34849465 0.0
1.014017409 28.34289409 0.0
0.9933890379 28.33926892 0.0
0.9951523466 28.33703249 0.0
1.008876839 28.34242865 0.0
0.9913802106 28.35035659 0.0
1.004178541 28.34260173 0.0
1.000874002 28.34420553 0.0
0.991003806 28.33856479 0.0
1.016451133 28.34808528 0.0
0.9846754493 28.35852508 0.0
1.000602495 28.33841728 0.0
1.004196389 28.3476033 0.0
0.996259473 28.34991112 0.0
1.000091005 28.34837093 0.0
1.003641515 28.35168224 0.0
0.9925476369 28.349644 0.0
1.005437641 28.34255083 0.0
0.9947788888 28.34172438 0.0
1.002243831 28.33822605 0.0
1.004487921 28.34854644 0.0
0.9929748589 28.34436798 0.0
1.004108318 28.33462881 0.0
1.001399438 -6.465538466 0.0
1.001826176 -6.46358384 0.0
0.9998879404 -6.461360506 0.0
0.9987445492 -6.457450386 0.0
0.9982185935 -6.46571513 0.0
0.9999522434 -6.462145767 0.0
0.9997538559 -6.461869249 0.0
1.000672797 -6.458914873 0.0
0.9997805463 -6.457144063 0.0
1.000437446 -6.462879687 0.0
1.002753735 -15.49482409 0.0
1.000291429 -6.457489488 0.0
0.9999234978 -6.446977898 0.0
0.9983853305 -6.45329593 0.0
0.9981307067 -6.445577755 0.0
0.9991840397 -6.452442496 0.0
0.9995953934 -6.454344616 0.0
1.001532453 -6.456296684 0.0
1.0001809 -6.461285054 0.0
0.998068604 -6.46469881 0.0
0.9946469741 -6.46389947 0.0
0.9900915648 -6.463529784 0.0
0.9794584639 -6.467384784 0.0
1.005897788 28.36027239 0.0
0.9871270458 28.35757041 0.0
1.009444927 28.34178069 0.0
0.9925601191 28.34026032 0.0
1.008798566 28.34270022 0.0
0.9978148157 28.35738371 0.0
1.007635737 28.33554308 0.0
0.6213060794 -15.44047039 0.0
0.6374439104 -6.435679796 0.0
0.2077458839 -15.35543502 0.0
0.2076620461 -6.350947845 0.0
-1.895524939 -15.03081199 0.0
0.9971472092 28.35136452 0.0
1.00431946 28.34734431 0.0
0.9882122121 -28.34194691 0.0
0.9995261049 -28.33727628 0.0
0.9972613318 -28.33835531 0.0
1.008616404 -28.34257688 0.0
1.001605657 -15.49811213 0.0
1.000280643 -15.49743131 0.0
1.006047341 28.34247875 0.0
1.000324528 -15.49711071 0.0
0.9984588309 -15.49720528 0.0
0.9941112249 -6.472789072 0.0
0.9812787524 -6.471374426 0.0
0.9976327984 -15.50146524 0.0
1.010049837 -28.33691764 0.0
0.9995891113 6.461998057 0.0
0.9430355006 -6.460740782 0.0
0.1979038085 6.366562404 0.0
0.6389393377 6.442963446 0.0
0.8609430789 6.448939342 0.0
0.9989612378 6.462335311 0.0
1.00009153 -15.49887705 0.0
1.001105767 -15.50051339 0.0
0.9990926968 6.4608871 0.0
1.000028951 6.463240383 0.0
1.004995044 -28.34846964 0.0
0.9922999242 -28.34970488 0.0
1.008383491 -28.34943737 0.0
0.9925284594 -28.35334655 0.0
0.9892053154 -28.35026331 0.0
1.007307346 -28.34243813 0.0
0.9853516086 -28.36180052 0.0
0.9939868472 28.34492178 0.0
0.9931759321 -28.35168667 0.0
1.004029628 -28.3463676 0.0
0.9988841397 -15.49413364 0.0
0.9975105736 -15.48688756 0.0
1.002666399 6.467377162 0.0
1.001891398 6.466378659 0.0
1.003799824 6.465279641 0.0
1.002456755 6.463455897 0.0
0.9991018797 6.471235606 0.0
1.012839162 -28.33984468 0.0
1.001052624 6.457351567 0.0
1.000701714 6.460376976 0.0
1.00822257 -28.35127604 0.0
0.9937239256 -28.34968855 0.0
0.9972247338 -28.3382446 0.0
1.009688844 -28.34296147 0.0
1.005401446 28.36002717 0.0
0.9900801434 28.34334143 0.0
0.9961802146 -28.35011058 0.0
1.011121127 -28.35306131 0.0
1.008153192 -28.34946654 0.0
0.989793061 -28.3447044 0.0
1.000743026 6.459242531 0.0
1.000325309 6.460289269 0.0
0.9993540605 -6.46320645 0.0
1.000537848 6.45856946 0.0
0.9993002839 6.463584661 0.0
1.008231768 -28.33663264 0.0
1.000661789 -28.35048703 0.0
0.9983894871 -28.33666258 0.0
1.009533053 -28.34235993 0.0
1.005804072 -28.34739222 0.0
1.000325546 6.463209245 0.0
1.000769943 6.464833014 0.0
1.00029459 6.462275295 0.0
1.00123328 -6.460324652 0.0
0.9810609901 6.463767557 0.0
0.9641612555 -6.473171675 0.0
1.001033108 6.462605485 0.0
0.9982214264 6.459612869 0.0
0.9985197566 -6.461660116 0.0
0.9967009917 28.36111617 0.0
1.00400788 28.35047446 0.0
0.9936228124 28.33959979 0.0
1.002642167 -28.35280113 0.0
1.014198954 -28.33693712 0.0
1.000699662 6.465698096 0.0
0.9990705144 6.460572493 0.0
0.9987282549 6.467797792 0.0
1.005748105 28.33769153 0.0
0.9968960826 6.465898405 0.0
1.00168497 -6.454211012 0.0
0.9833880478 -28.34439802 0.0
0.9942811773 -28.34319002 0.0
1.004637664 -28.35017652 0.0
0.9909185138 -28.35678105 0.0
-0.6498767503 -6.301253981 0.0
0.9998473434 6.453191609 0.0
0.999424711 6.462968042 0.0
1.0005485 6.460704267 0.0
0.9985449996 6.462751133 0.0
0.9989902967 6.46082579 0.0
0.9997860327 -15.49827856 0.0
-2.070198282 -6.13272583 0.0
1.004080147 -28.36983674 0.0
0.99127269 -15.49997441 0.0
0.9439027024 6.471916819 0.0
0.9826773551 -28.35419804 0.0
1.000115966 -24.62685721 0.0
1.000171455 -28.12302704 0.0
1.005847689 28.34611978 0.0
1.002415603 -28.26602915 0.0
1.002935984 28.35260363 0.0
0.9984401365 -20.90697801 0.0
0.9990989319 -27.70376693 0.0
1.013693357 28.3618649 0.0
1.001792152 -6.462312088 0.0
0.9980197077 -24.62139859 0.0
0.996961369 -15.49120517 0.0
1.018072091 -28.36740032 0.0
1.011295876 -28.35758265 0.0
1.001463194 28.34699423 0.0
1.007543624 28.3584036 0.0
1.010247248 -28.36951253 0.0
0.9633734039 -28.27139345 0.0
1.006042586 -28.37488316 0.0
1.006783369 -28.34924394 0.0
1.007799174 -28.35009141 0.0
0.9996430019 -6.460869353 0.0
1.001402532 28.33781806 0.0
0.9999681797 6.462339561 0.0
1.008442491 28.34290952 0.0
1.000124367 28.35519092 0.0
0.9981163901 6.472355259 0.0
0.9947769629 -28.35031937 0.0
1.012109245 -28.3365996 0.0
1.018456531 -28.3524468 0.0
1.009055507 -28.35607408 0.0
0.9976235026 -28.34005058 0.0
1.01691968 -28.34800401 0.0
1.187938926 3.961718638 0.0
-11.35714858 -5.223278445 0.0
-14.0575367 -11.37624114 0.0
-8.39287279 -6.834374336 0.0
-4.758907595 -7.31476432 0.0
-4.130615499 -6.949559755 0.0
-8.736362163 -6.38973406 0.0
-10.55828919 -5.743058682 0.0
-0.6177120833 4.242360206 0.0
-1.719250907 5.748278867 0.0
-2.603584875 -5.896737611 0.0
-3.317477754 -6.281308108 0.0
-7.738481865 -7.04746036 0.0
-9.30088578 -6.333491334 0.0
-9.734008521 -6.073236496 0.0
-12.10517508 -4.377872305 0.0
-1.167865116 5.264566259 0.0
-2.825924157 7.107280855 0.0
-4.604220716 5.299467038 0.0
-10.40413656 -9.59444949 0.0
-10.77036878 -10.84889109 0.0
-11.82231244 -11.67927808 0.0
-20.08420865 -10.39205175 0.0
0.07114126785 7.562355775 0.0
-2.883897137 -9.454739432 0.0
-9.863373162 3.201702376 0.0
-15.99623549 -25.07403075 0.0
-15.93953018 -1.492987238 0.0
-12.65061441 -11.64334566 0.0
-10.42701734 -11.2974909 0.0
-2.785047009 -9.099948924 0.0
2.189213092 6.102500694 0.0
-14.38320475 -11.95212812 0.0
-8.723793588 -10.34077833 0.0
-11.95121186 -14.81146303 0.0
-22.935639 -8.681389377 0.0
-10.5182626 -7.142837528 0.0
-6.476090072 -2.501174689 0.0
-3.799802201 -10.03813959 0.0
-9.905575984 2.870491938 0.0
-8.272495425 -10.01590613 0.0
-7.41421387 -9.815197308 0.0
-9.934717286 -21.91077003 0.0
-14.01547441 -26.16073907 0.0
-8.133099277 -9.980106977 0.0
-4.551976816 -10.08277133 0.0
-2.506442337 -8.672252559 0.0
-1.765227103 -7.118385343 0.0
-11.8830218 -11.41559308 0.0
-9.60320975 -11.38307281 0.0
-1.93384484 -7.568993297 0.0
-10.09990849 2.42415537 0.0
-13.02326763 -8.548492569 0.0
-14.05636609 -14.00715266 0.0
-20.12732998 -7.058117427 0.0
-11.20622581 4.312828707 0.0
-11.9200865 -11.84908262 0.0
-8.892931342 -10.43845367 0.0
-8.854857528 -10.7442172 0.0
-5.75024417 -13.61641092 0.0
1.922778291 -10.27103771 0.0
-14.18398702 1.299094155 0.0
-8.963322163 1.636434036 0.0
-1.843826835 -7.213673316 0.0
-2.026137895 -7.679755083 0.0
-2.295822092 -8.094127894 0.0
-2.550431348 -8.882917047 0.0
-6.989284102 -9.902283423 0.0
-14.56347638 -12.43479088 0.0
-9.748635402 -11.11585415 0.0
-8.669483169 -10.51634479 0.0
-10.58824419 -11.83814027 0.0
-13.97408424 -12.03034331 0.0
-22.87968949 -8.900015942 0.0
-4.807732928 -2.653816083 0.0
-13.92846391 -12.61680424 0.0
1.086172808 1.634050173 0.0
-8.42970832 -6.267757397 0.0
-4.963319868 -5.731358413 0.0
0.7469469575 3.486287086 0.0
0.4966406248 3.417205378 0.0
0.1508063042 3.189075817 0.0
-0.2545504806 4.266010284 0.0
-0.001693174688 6.108679765 0.0
0.3467176396 1.515110348 0.0
-1.369842522 -3.772121825 0.0
-9.295907505 -8.665038014 0.0
-12.61002181 -7.716274517 0.0
-12.34902212 -3.496754951 0.0
-3.727435666 -6.348261066 0.0
-9.197967065 -9.260900964 0.0
-5.522651708 -1.148099856 0.0
-0.2175290471 3.833409325 0.0
-0.4617694316 5.290976249 0.0
-10.33005092 -5.649902213 0.0
-10.01407947 -5.793797284 0.0
-9.586636404 -6.026624665 0.0
-14.12654503 -10.00518783 0.0
-2.291473036 -5.690488239 0.0
-3.060297888 -6.000195559 0.0
-2.751065577 -6.446557035 0.0
-3.078741772 -6.684824515 0.0
-4.089806829 -6.616226851 0.0
-3.699649406 -7.188229709 0.0
-4.479771497 -7.020330561 0.0
-5.445360662 -7.146358381 0.0
-6.615483712 -7.07310719 0.0
-8.819967842 -6.489117345 0.0
-10.24348143 -6.767203321 0.0
-10.96978916 -5.269195032 0.0
-11.67473284 -4.545126561 0.0
-11.63277603 -6.388786464 0.0
-13.21764655 -5.133452149 0.0
-0.4007091419 4.102046471 0.0
-0.8242953177 4.522275146 0.0
-1.879438212 6.325366093 0.0
-4.870292694 7.08887173 0.0
-3.400018907 7.471721532 0.0
-6.472331965 7.648633722 0.0
-13.94734317 -2.54519969 0.0
-4.510749053 -7.371152648 0.0
-18.41679095 -12.39897825 0.0
-7.123385253 -7.717168765 0.0
-7.571641201 -7.287571926 0.0
-8.96627433 -10.01427779 0.0
-16.34327811 -11.06182571 0.0
-12.64191701 -5.649360859 0.0
-5.419173117 -7.956508343 0.0
-4.54900961 -7.956161894 0.0
-4.140426989 -7.740619897 0.0
-3.872227166 -7.486726099 0.0
-3.529603167 6.214939411 0.0
-20.6495817 -7.84775053 0.0
-18.9871495 -10.17201362 0.0
-16.59274411 -12.7651491 0.0
-13.73002669 -15.17471471 0.0
-10.76052706 -16.40352157 0.0
-7.951714531 -13.98995837 0.0
-0.4542764524 -3.302692749 0.0
-6.050615086 -4.43986763 0.0
-13.8967005 -12.65066901 0.0
-19.19231853 -14.03484162 0.0
-17.95321946 -7.743903349 0.0
-11.77012576 0.354503598 0.0
-8.123286119 5.460259107 0.0
-6.546576065 6.369305565 0.0
-5.278153446 5.532746255 0.0
-4.159467782 4.690945357 0.0
-2.670492306 3.908590015 0.0
-1.44146893 3.653168588 0.0
-2.908481558 5.450470983 0.0
-0.2921571 3.756252312 0.0
0.05782693758 4.513548995 0.0
-13.72651362 -6.906700621 0.0
-13.06438372 -7.224441337 0.0
-12.4798357 -7.49592284 0.0
-11.92636729 -7.724174158 0.0
-11.35502927 -7.853309246 0.0
-10.78693004 -7.913126145 0.0
-12.1289121 -6.050906867 0.0
-10.26806114 -7.894503363 0.0
-9.843534077 -7.818556689 0.0
-9.542008282 -7.765732992 0.0
-9.348330855 -7.746488725 0.0
-9.1854428 -7.760803629 0.0
-9.000625482 -7.833990146 0.0
-8.631151636 -7.956727409 0.0
-9.281133683 -6.97563133 0.0
-7.818551854 -8.173120725 0.0
-6.55974211 -8.437951208 0.0
-5.238237656 -8.570823141 0.0
-3.838299864 -8.276013044 0.0
-3.637650425 -8.0315763 0.0
-3.436539276 -7.730480412 0.0
-3.144657752 -7.41635979 0.0
-6.502840426 -7.843665952 0.0
-2.826829501 -7.102132148 0.0
-2.501127026 -6.799329298 0.0
-2.191385578 -6.529634956 0.0
-1.949864285 -6.313044583 0.0
-17.95922106 -10.74689912 0.0
-20.64568192 -9.582683628 0.0
-15.08701965 -12.04879443 0.0
-17.2741492 -4.862261673 0.0
-17.62940403 -9.009584904 0.0
-17.09600311 -13.31636951 0.0
-15.02127722 -17.32039515 0.0
-12.02135047 -20.09540504 0.0
-11.18034996 -21.22178555 0.0
-12.4105453 -13.30387461 0.0
-7.909859851 -9.644597067 0.0
-0.8323952886 4.760691697 0.0
-8.724428765 -6.951873393 0.0
-5.263193421 -3.99021216 0.0
-17.18653205 -12.57642569 0.0
-19.6656358 -8.423155585 0.0
-16.01028018 -3.658365983 0.0
-10.23317161 1.608167601 0.0
-7.29869405 5.194995981 0.0
-6.640894787 4.613575496 0.0
-5.522004614 3.017187269 0.0
-4.253423415 1.466142778 0.0
-2.344882893 1.020839279 0.0
-0.466044109 2.395541875 0.0
0.7996474562 4.761544168 0.0
-12.67085672 -9.177119129 0.0
-12.12854603 -9.360288875 0.0
-11.54169064 -9.412741704 0.0
-10.9333185 -9.412225791 0.0
-10.30770939 -9.36207878 0.0
-11.13798917 -6.60353826 0.0
-9.769608723 -9.138410489 0.0
-9.402258703 -8.977472401 0.0
-9.169600522 -8.925053371 0.0
-9.020759687 -8.805606856 0.0
-8.868741777 -8.745021617 0.0
-8.573168487 -8.813624459 0.0
-7.858356552 -8.937062618 0.0
-8.599567928 -7.302221901 0.0
-6.548352016 -9.110266762 0.0
-5.019320516 -9.252681506 0.0
-3.896004716 -9.122063641 0.0
-3.488840538 -8.82494487 0.0
-3.355448373 -8.617102166 0.0
-3.162223039 -8.322670212 0.0
-2.868638589 -7.920527496 0.0
-2.546205886 -7.52963753 0.0
-2.397055325 -6.224546679 0.0
-2.233407798 -7.171574173 0.0
-1.972408177 -6.832324216 0.0
-1.764194663 -6.547791178 0.0
-2.119368588 -6.060764882 0.0
-13.91495021 -9.110716745 0.0
-9.024946694 -7.152697166 0.0
-7.710682444 -7.562776566 0.0
-4.275322942 -8.520860388 0.0
-1.880588832 4.833250475 0.0
-1.231553554 4.311555416 0.0
-3.423216849 -6.926586942 0.0
-14.90942478 -13.13308476 0.0
-9.629755092 -6.829138502 0.0
-9.917114765 -6.782819096 0.0
-9.178235393 -10.34025876 0.0
-8.212830096 1.008116663 0.0
-2.508228123 -8.33491679 0.0
-5.1401889 -9.975342382 0.0
-3.134994612 -9.452545423 0.0
0.8651330026 4.40980755 0.0
-1.625583743 -6.755078955 0.0
-1.940785764 -7.392882129 0.0
-5.490355772 -7.558224038 0.0
-0.3922023269 1.474997406 0.0
-2.212700963 -7.847421007 0.0
-9.661087993 -8.13428636 0.0
-20.86616087 -7.58084182 0.0
-15.40765461 -18.58656405 0.0
2.135405968 3.825543922 0.0
-7.871110741 5.724015161 0.0
-8.906412065 4.024435961 0.0
-12.28769879 -11.3097315 0.0
-9.445525686 -12.42800541 0.0
-10.6325134 -6.738549564 0.0
-9.526379858 -10.63987885 0.0
-9.468996307 -6.881689682 0.0
-10.889917 -20.15056731 0.0
-11.30027179 -24.3534202 0.0
-15.27022383 -14.0944646 0.0
-8.194043645 -9.736890463 0.0
-6.251911335 -9.840528774 0.0
-1.744254742 -6.996286932 0.0
-15.80305179 -14.0703113 0.0
-15.98226078 -14.3751008 0.0
-15.76239139 -14.57135674 0.0
-14.1112983 -11.86702296 0.0
-15.18121213 -13.94040209 0.0
-15.13023158 -14.25797964 0.0
-14.57727725 -14.09635581 0.0
-13.79412737 -13.9899406 0.0
-13.37033351 -13.91771997 0.0
-12.79499468 -13.69659606 0.0
-11.95615633 -13.07129163 0.0
-11.80426267 -13.16038053 0.0
-11.56494082 -13.08612662 0.0
-10.98936007 -12.95745249 0.0
-10.33882455 -12.4789196 0.0
-10.63760225 -12.69213001 0.0
-10.27961115 -12.68905481 0.0
-9.92702908 -12.10873704 0.0
-9.762795282 -12.1486611 0.0
-9.502256702 -11.88502758 0.0
-9.081739701 -11.67384728 0.0
-8.810137883 -11.37936148 0.0
-8.746788317 -11.48416294 0.0
-8.674165014 -11.47245757 0.0
-8.610022681 -11.18411198 0.0
-8.560622021 -11.23741619 0.0
-8.487689019 -11.1083684 0.0
-8.301762002 -10.99736038 0.0
-8.090329171 -10.86216344 0.0
-8.574587165 -9.83517006 0.0
-7.908487351 -10.70371087 0.0
-7.790084642 -10.52762057 0.0
-7.57353299 -10.44710066 0.0
-7.243725669 -10.27258604 0.0
-6.788706258 -10.23564367 0.0
-7.809462778 -9.748713165 0.0
-6.134589851 -10.35165192 0.0
-5.504674689 -10.53628261 0.0
-4.882843058 -10.56250965 0.0
-3.965057802 -10.59354327 0.0
-3.393522952 -10.43486639 0.0
-3.123735079 -10.23061262 0.0
-2.893755475 -10.0877533 0.0
-2.73633918 -9.876139644 0.0
-2.662505251 -9.605865305 0.0
-2.492459011 -9.202138562 0.0
-2.953650415 -9.224822841 0.0
-2.343946804 -9.028436896 0.0
-2.281504234 -8.815166779 0.0
-2.664996774 -8.801428389 0.0
-2.226700203 -8.558409012 0.0
-2.117408228 -8.280594282 0.0
-2.002287458 -8.061111686 0.0
-1.923326069 -7.845685488 0.0
-1.868068218 -7.668449597 0.0
-1.81856182 -7.530396983 0.0
-1.815826055 -7.368369974 0.0
-1.773226356 -7.239025648 0.0
-1.707542045 -7.137233475 0.0
-1.613851987 -7.037078294 0.0
-11.75158646 6.033542109 0.0
-11.41276002 4.112116031 0.0
-9.25222874 1.03483527 0.0
-14.38814051 -9.011383225 0.0
-14.83981591 -9.736207533 0.0
-12.68320448 -8.00186149 0.0
-12.37993145 -10.02950879 0.0
-9.683181447 -18.47187805 0.0
-9.600169523 -20.83315512 0.0
-9.874746491 -23.94380565 0.0
-13.21340892 -27.94640215 0.0
-16.56888424 -27.11470752 0.0
-17.86178366 -23.56085899 0.0
-5.988734426 -2.234031332 0.0
1.44588169 4.790173039 0.0
-3.936915387 -7.915634634 0.0
3.517339289 -6.096626555 0.0
-13.68289446 -15.14091718 0.0
-19.12642661 -14.76208362 0.0
-23.62750054 -13.8611831 0.0
-25.11521895 -12.96665591 0.0
-24.76344603 -11.64538471 0.0
-23.92429033 -10.08512529 0.0
-22.94168492 -8.014080813 0.0
-21.76956836 -4.769297099 0.0
-19.74437389 -1.422966805 0.0
-19.05292608 1.114334046 0.0
-18.12796066 2.279785791 0.0
-16.42297143 2.229671076 0.0
-11.65467891 -1.119898498 0.0
-14.45296197 1.630122802 0.0
-13.00575509 -2.592463121 0.0
-11.30072691 -6.989071442 0.0
-9.491723368 -9.586840245 0.0
-12.12627728 -8.377924138 0.0
-11.87547512 -5.207806716 0.0
-10.75124757 -0.8452479912 0.0
-5.671780067 3.614561703 0.0
-12.81265941 -11.18412292 0.0
-8.614561907 -4.160110088 0.0
-7.273170835 -1.402920678 0.0
-14.85304664 -11.33033381 0.0
3.656747668 2.559083947 0.0
-15.3789373 -12.22200081 0.0
-10.20656244 3.616585848 0.0
-17.29183638 -3.239745576 0.0
-9.248028069 3.286646846 0.0
-0.4505247409 4.235335539 0.0
-0.6443840865 4.209599785 0.0
-1.900380042 -7.229865373 0.0
-1.88288245 -7.376081423 0.0
-1.876435203 -7.694582489 0.0
-2.061739621 -8.342377965 0.0
-2.512467678 -9.328812611 0.0
-3.361916881 -9.758353672 0.0
-4.523005716 -10.10778933 0.0
-7.078827759 -10.40288851 0.0
-8.733433517 -10.01549603 0.0
-8.383135288 -11.6093848 0.0
-19.05748481 -14.21171138 0.0
-18.89583806 -14.26922632 0.0
-18.65533756 -14.39223768 0.0
-18.22305335 -14.3293723 0.0
-17.73005606 -14.43653754 0.0
-17.05684454 -14.62301176 0.0
-16.38215529 -14.77837415 0.0
-15.57360163 -14.81107832 0.0
-14.62099621 -14.67869829 0.0
-13.70483145 -14.40201499 0.0
-13.17644015 -14.2414498 0.0
-12.71224831 -14.13207304 0.0
-12.20703418 -13.99392285 0.0
-11.72432526 -13.68034977 0.0
-11.39383688 -13.4702601 0.0
-11.07547427 -13.29569396 0.0
-10.64528757 -12.97420468 0.0
-10.34170308 -12.78909073 0.0
-10.02963529 -12.63837983 0.0
-8.858953634 -10.34433561 0.0
-8.869434851 -12.07925937 0.0
-9.330217208 -12.2996108 0.0
-7.56594138 1.95110135 0.0
-7.538780739 -0.3789610716 0.0
-5.924963555 -2.317241336 0.0
-5.062167116 -2.812911138 0.0
-4.875368716 -2.758544284 0.0
-13.52055889 -9.524799439 0.0
-12.11301516 -9.714734526 0.0
-10.84557023 -12.14234434 0.0
-11.12009114 -18.93806165 0.0
-11.18670054 -22.89477456 0.0
-10.31204309 -23.85209548 0.0
-10.85930702 -26.83449688 0.0
-12.81638717 -28.76425952 0.0
-16.58033663 -28.06139693 0.0
-18.84835027 -23.67527885 0.0
0.3656874771 0.9421887686 0.0
5.279343174 1.934009571 0.0
3.296817019 1.064696306 0.0
-0.5722246289 1.614190106 0.0
-2.119195137 -12.63755003 0.0
-18.40446519 -16.70288348 0.0
-24.62832535 -16.80797449 0.0
-20.76072249 -9.869367612 0.0
-26.45986218 -15.84071922 0.0
-25.09290556 -12.73306651 0.0
-23.32039878 -10.97477137 0.0
-21.26526457 -9.146944045 0.0
-19.72058771 -7.06071746 0.0
-16.15610473 -5.636696721 0.0
-12.19921656 -5.60088817 0.0
-9.718089865 -5.855929031 0.0
-6.752342291 -6.011523016 0.0
-3.82472742 -6.857397975 0.0
-5.69877113 -5.591123701 0.0
-3.787528005 -5.400771213 0.0
-13.42077483 0.6781984423 0.0
-5.025970079 -10.38809773 0.0
-0.5615136212 -12.80156179 0.0
-2.930171164 -8.145179756 0.0
-3.350630712 -11.90481453 0.0
-5.113051047 -3.981629982 0.0
-0.7903573493 -6.322320185 0.0
-2.687340749 2.73323818 0.0
-2.667226573 -9.676470782 0.0
-5.227451324 -10.10651988 0.0
-5.803085098 -10.15965565 0.0
-6.71488692 -10.24040648 0.0
-8.512058358 -11.7308979 0.0
-8.666152685 -11.86187615 0.0
-11.00389904 -11.2123151 0.0
-13.389359 -11.55900293 0.0
-2.360041392 0.281924225 0.0
-1.913346509 -7.901020465 0.0
-2.096056401 -6.932743233 0.0
0.924238829 -23.66793731 0.0
-1.861797254 -7.531007816 0.0
0.8695707038 -23.69016368 0.0
-1.974767895 -8.121150414 0.0
0.9214215123 -23.7110819 0.0
-2.150492149 -8.586644183 0.0
0.8703084761 -23.74690273 0.0
-2.238526894 -8.822722125 0.0
-2.355807542 -9.062627394 0.0
0.8979608292 -23.75079633 0.0
-2.846742977 -9.919692483 0.0
0.8326712206 -23.77953129 0.0
0.8812155782 -23.75887182 0.0
-3.10124927 -10.0884213 0.0
0.8675479554 -23.83127453 0.0
0.8421628247 -23.82884 0.0
0.7718703114 -23.88397307 0.0
-7.368318451 -10.61953571 0.0
0.8093819198 -23.8912484 0.0
-6.280901864 -10.17435876 0.0
-7.779130786 -11.01791708 0.0
-8.014172964 -11.2529291 0.0
0.8179543362 -23.94974084 0.0
0.8212453393 -23.93906421 0.0
0.7864317595 -23.9402376 0.0
0.7724780853 -23.98586078 0.0
-9.09297281 -12.18641233 0.0
0.7929972676 -23.98770468 0.0
0.7967163796 -23.99923532 0.0
-9.696663669 -12.50231097 0.0
0.7804217214 -24.02379069 0.0
0.8244335669 -24.01265824 0.0
-10.14721231 -11.23314597 0.0
0.7867901975 -24.0583386 0.0
0.7593518088 -24.08984138 0.0
-11.54292324 -11.30651461 0.0
0.7917427681 -24.10070548 0.0
0.7845578985 -24.07845412 0.0
0.8420821254 -24.10293056 0.0
0.8163887174 -24.10923545 0.0
0.8246313811 -24.11391492 0.0
0.8677166451 -24.11658205 0.0
0.9898257944 24.1288157 0.0
0.9217864526 24.12215033 0.0
-10.7186241 -5.357670299 0.0
0.9571677541 24.12958178 0.0
0.9976499789 24.08487041 0.0
0.9522657904 24.09924194 0.0
0.9417760131 24.08244704 0.0
0.8774386832 24.07297151 0.0
0.9172997425 24.02530374 0.0
0.8885048817 23.88282187 0.0
0.8332099323 23.82693927 0.0
0.8532714111 23.6807336 0.0
0.788098493 23.54860721 0.0
0.8187350316 23.556498 0.0
0.8255495147 23.75214131 0.0
0.9284014637 23.92795579 0.0
0.9854876688 24.01043688 0.0
1.062743485 24.07824519 0.0
-4.897894379 -2.402667024 0.0
1.023748703 24.05561858 0.0
0.9917693192 23.98948598 0.0
0.9480239321 24.04030212 0.0
0.8397491959 24.00818362 0.0
0.8070832187 23.98700054 0.0
0.766889942 23.92564482 0.0
0.7248739208 23.83157579 0.0
0.6780832718 23.80080961 0.0
0.6599353937 23.7987659 0.0
0.7527393703 23.80495232 0.0
0.769771397 23.82784326 0.0
0.8007112535 23.83111511 0.0
0.8614174795 23.86453251 0.0
0.9675904218 23.83642308 0.0
0.9012155957 23.90727671 0.0
0.9684331407 24.0356453 0.0
1.014647189 24.02406895 0.0
0.9961969225 23.9437766 0.0
0.9960881593 24.05393652 0.0
0.9832642091 24.0405976 0.0
0.9669672756 24.08748848 0.0
0.9972518771 23.86040852 0.0
0.9748951281 23.94249557 0.0
-10.21727584 -13.37703069 0.0
0.7913942288 23.36375967 0.0
0.8264021968 -24.03450947 0.0
-3.442910738 -10.2083433 0.0
0.828546689 -23.7917799 0.0
-26.14766625 -14.37198112 0.0
0.7145799075 23.90258159 0.0
0.7587370871 -24.12300212 0.0
-9.300208617 -6.514266674 0.0
0.8210010322 -23.93304077 0.0
0.7876307414 -23.94303305 0.0
-7.569702361 -10.80318607 0.0
0.784618252 -23.9301857 0.0
0.7903624379 -24.09896419 0.0
0.9169960378 -23.69606775 0.0
0.9064641705 -23.6857167 0.0
-1.928820855 -7.14479508 0.0
0.8850305634 -23.68137241 0.0
0.8784410336 -23.71911215 0.0
0.9062595596 -23.75036678 0.0
0.628900136 23.40077601 0.0
0.7892007147 -24.01154822 0.0
0.8182519988 -24.06511255 0.0
0.8069385735 -23.9862362 0.0
0.8064092122 -23.93351733 0.0
0.8776557789 -23.79884582 0.0
-6.8330965 -0.7873527303 0.0
0.8387619 -23.82466036 0.0
0.8425258973 -23.90725351 0.0
0.7794521838 -23.97389671 0.0
-10.22291785 -0.4449563191 0.0
0.9146818367 -23.65702421 0.0
0.8095806199 -24.13821593 0.0
0.8154522206 -24.05941863 0.0
-8.210425442 -11.47385032 0.0
0.8343950036 -24.0962744 0.0
0.8825778275 -23.70664223 0.0
-3.898570594 -10.2121033 0.0
0.8830506608 -23.75387803 0.0
0.8261860536 -23.8751389 0.0
0.8013297987 -24.08146211 0.0
0.9611068617 24.05387234 0.0
-13.25450531 -9.133589657 0.0
</DataArray>
<DataArray type="Float64" Name="pressure" format="ascii">
4358.876457
4361.789383
4357.008118
4361.622316
4361.951669
4359.421855
4358.288426
4359.433157
4365.70788
4366.24622
4360.827847
4354.312489
4355.99031
4360.288676
4354.401273
4362.611048
4357.659197
4366.235643
4361.667461
4361.187563
4359.191381
4354.667311
4358.937189
4358.540105
4358.580613
4361.702891
4357.167849
4359.744248
4360.560472
4365.954754
4358.935908
4359.880958
4365.342547
4356.946748
4361.785589
4366.812021
4360.045067
4361.159207
4360.35326
4361.907399
4356.745844
4360.351549
4359.845671
4359.626731
4367.055815
4357.194277
4361.154327
4359.632973
4365.515961
4362.237191
4363.126281
4366.571105
4355.874559
4355.752245
4360.170132
4360.680938
4365.964104
4361.911346
4360.751545
4358.920243
4365.550027
4360.154943
4358.576579
4359.707936
4359.89773
4360.149766
4359.486132
4361.21893
4365.834484
4357.245184
4361.463161
4362.708693
4362.188128
4361.720101
4356.984506
4360.164232
4353.510433
4360.446589
4360.32639
4355.826845
4360.37594
4364.736608
4358.21114
4357.873631
4356.64227
4366.067797
4360.805827
4362.709869
4366.007532
4359.614139
4360.50504
4357.307799
4358.900746
4362.044827
4360.423689
4358.755949
4357.376724
4360.853679
4358.706308
4356.396243
4358.031108
4359.673866
4359.932842
4359.942455
4356.814882
4360.112007
4361.797458
4360.668715
4359.267636
4360.353031
4361.954447
4357.11663
4365.126514
4359.267367
4360.866197
4360.973082
4361.911631
4366.518542
4359.563462
4361.258382
4360.749335
4362.319674
4360.265554
4359.82834
4366.105246
4366.144304
4359.993458
4360.297895
4361.253054
4358.36789
4362.902737
4362.899447
4358.140975
4366.022729
4366.273371
4366.693519
4359.923837
4362.727488
4357.79354
4366.222893
4356.956143
4359.14738
4359.798215
4359.914734
4358.491825
4358.827895
4358.294071
4360.059757
4361.735189
4366.242178
4358.980595
4360.575869
4357.696363
4360.455233
4357.503973
4359.064197
4360.207112
4360.053111
4359.53998
4360.859244
4360.439191
4376.941882
4360.517783
4376.501643
4361.838845
4361.233553
4376.688633
4358.120267
4359.954545
4365.503799
4375.981264
4359.135525
4376.872399
4361.907607
4376.43559
4358.63444
4360.86585
4361.040276
4376.67832
4376.74695
4360.273557
4376.772435
4360.691048
4377.932283
4358.311009
4377.677324
4357.619741
4355.586695
4359.750512
4377.210692
4361.409818
4377.544061
4377.421458
4359.621487
4376.079263
4362.522185
4361.694916
4360.496321
4360.720038
4377.028596
4361.803994
4377.648749
4360.956525
4359.935958
4377.162921
4366.122617
4376.364939
4358.807162
4359.681315
4377.188049
4366.25242
4360.418702
4376.309597
4355.917806
4358.428363
4375.832522
4360.268359
4377.072795
4360.410414
4363.373568
4377.287306
4376.606372
4353.203527
4376.648044
4352.656537
4353.077433
4356.566649
4378.231109
4358.290066
4358.365657
4352.985499
4385.657498
4359.086859
4358.832236
4360.441148
4375.86636
4376.209538
4376.386147
4376.584641
4360.018663
4363.804503
4377.006967
4359.017144
4376.485928
4360.930635
4376.142685
4376.99487
4362.790956
4376.529729
4359.80663
4376.185549
4376.018747
4375.65495
4365.449674
4358.266531
4360.335212
4377.547154
4377.014812
4377.108416
4376.619702
4356.830652
4377.006195
4377.532158
4361.337481
4358.763245
4377.121251
4376.705182
4360.553702
4376.813458
4377.370205
4361.576169
4355.485435
4376.299123
4354.553283
4377.174557
4354.574256
4354.080005
4356.233249
4359.052073
4359.234831
4356.430234
4359.297394
4359.02353
4359.738681
4359.337142
4359.513632
4358.517958
4357.347068
4376.705169
4359.461685
4360.029637
4359.420962
4365.314942
4361.181968
4359.93364
4360.369315
4377.797328
4376.610704
4359.827816
4360.4599
4356.385708
4357.064838
4356.391414
4376.784287
4376.244128
4360.867772
4360.710602
4376.923856
4361.018352
4377.218745
4377.322715
4360.60825
4355.392585
4359.395796
4367.152943
4377.429346
4359.653356
4376.684827
4358.65998
4377.42937
4360.878148
4376.161415
4355.722852
4366.293136
4376.183807
4358.975295
4358.25635
4355.938791
4354.023405
4361.109799
4363.294806
4359.235418
4356.256204
4376.839295
4377.136891
4359.781291
4361.30092
4359.171946
4358.729475
4359.786871
4360.961798
4359.728834
4376.010024
4355.27474
4355.233137
4359.938193
4377.196437
4357.259473
4376.791154
4362.414793
4362.888996
4376.463666
4359.591841
4376.988958
4376.578721
4359.656565
4361.512837
4378.012666
4375.855092
4375.838257
4365.359428
4359.97501
4363.833795
4361.057609
4355.627935
4359.470587
4377.193173
4377.157254
4380.796934
4379.044619
4377.038918
4366.334778
4360.480545
4376.698514
4377.022897
4359.358154
4358.575801
4361.381915
4361.729727
4362.104217
4360.671107
4360.513908
4357.858773
4359.025287
4359.497129
4359.573209
4359.891551
4359.402819
4358.718092
4359.013383
4358.778953
4359.966299
4359.850298
4360.426598
4358.848352
4356.784358
4357.11756
4359.520676
4359.738461
4362.65338
4361.633141
4360.249976
4360.766459
4359.985447
4360.407366
4359.323812
4360.865529
4360.846839
4360.237092
4360.530292
4360.494407
4360.446702
4359.901253
4360.879971
4359.124333
4360.3092
4407.689414
4408.017486
4408.100514
4407.355514
4407.997352
4406.761563
4407.040304
4407.173365
4407.487351
4407.540817
4408.305448
4407.120508
4407.264355
4408.042551
4407.533615
4406.994254
4407.76992
4407.174127
4407.363905
4407.020054
4406.86711
4407.622565
4406.565535
4360.785723
4360.912053
4361.844293
4361.774693
4360.261133
4360.822342
4360.509156
4360.076361
4361.068766
4359.734901
4357.393741
4360.738306
4359.537314
4359.836338
4360.248601
4360.36014
4358.782988
4359.180091
4359.20368
4358.375208
4358.568223
4358.249702
4360.110035
4360.321649
4361.453388
4360.633906
4360.319847
4357.925962
4360.145008
4359.482179
4360.779742
4360.687841
4358.28925
4359.433433
4356.04381
4407.821931
4407.28558
4407.23762
4406.827879
4408.237916
4408.58568
4407.891695
4408.556208
4407.480381
4407.48356
4407.779556
4407.796889
4408.29133
4407.90953
4407.410745
4407.519358
4407.992018
4357.458375
4355.1843
4354.042614
4357.588444
4359.892235
4357.783841
4359.224324
4408.002325
4407.324794
4376.733901
4407.22109
4407.770923
4407.798449
4408.528475
4409.673203
4376.444557
4408.37258
4411.025044
4359.317456
4407.356145
4376.716874
4377.310944
4376.522176
4359.950498
4360.06606
4359.304509
4360.939119
4377.27785
4360.918868
4355.680265
4359.314472
4360.761989
4377.750552
4376.706007
4407.379538
4360.75204
4406.798238
4406.68023
4407.626797
4377.217738
4361.043278
4408.443619
4408.607226
4408.03497
4408.360808
4408.220281
4407.031485
4407.567694
4407.951061
4407.862261
4407.77084
4407.990953
4407.61069
4408.393811
4407.936442
4360.514111
4361.971053
4407.496543
4407.928349
4407.507326
4407.155025
4407.419785
4407.470743
4407.204124
4408.119887
4407.702217
4359.276897
4359.931859
4360.351157
4359.777071
4359.57166
4358.772622
4359.451832
4359.986121
4359.254922
4361.704656
4360.770296
4359.331011
4357.614937
4359.375748
4360.00364
4362.716822
4361.633684
4360.633688
4360.312274
4360.368291
4360.22051
4361.300034
4361.01787
4360.916109
4360.292193
4360.533377
4360.690059
4360.716596
4359.839838
4359.710111
4358.84521
4361.396727
4361.811257
4362.393695
4361.028349
4360.666853
4360.133549
4360.885923
4360.365373
4359.341646
4360.692143
4496.310638
4496.655387
4496.785027
4496.144751
4496.686412
4496.391781
4495.759229
4495.853001
4496.031517
4496.150093
4496.201064
4496.423499
4495.934212
4495.970546
4496.665654
4496.28988
4495.79611
4496.449621
4495.915786
4496.113895
4495.795593
4495.691091
4495.45509
4495.696864
4360.820272
4361.013523
4359.734574
4360.711905
4361.260959
4357.40727
4360.846172
4359.383296
4360.257209
4360.044716
4360.135847
4359.450923
4360.796267
4360.784802
4361.678399
4361.763331
4496.840281
4496.683026
4496.622611
4497.237375
4496.301394
4496.30556
4496.481731
4496.53011
4496.973851
4496.645054
4496.275731
4496.314472
4496.850565
4496.926215
4498.23187
4500.730689
4410.275096
4513.090955
4530.376193
4563.55163
4359.380438
4355.660535
4353.686609
4353.660539
4358.456183
4360.007626
4360.467011
4358.44896
4359.060601
4358.823254
4357.222938
4358.490242
4358.431424
4360.580687
4360.744459
4361.383727
4361.049985
4360.95222
4361.452892
4358.592697
4359.714102
4359.99877
4359.941626
4360.911029
4360.639666
4354.527201
4358.979801
4359.714538
4359.397767
4355.530741
4406.5917
4496.268403
4407.05997
4406.998101
4407.498813
4407.594391
4497.427094
4496.367053
4497.041582
4407.3886
4359.363357
4360.21655
4496.425652
4496.032767
4406.727031
4407.812363
4408.023755
4406.926509
4497.223586
4408.861876
4420.017917
4530.440856
4433.010659
4564.24572
4495.58567
4407.755895
4496.341324
4359.625328
4360.615233
4360.774457
4496.627187
4496.254915
4495.945514
4496.460678
4496.687506
4358.295133
4407.87671
4377.869977
4376.997837
4359.047404
4359.48971
4495.965704
4495.891105
4495.810364
4496.434574
4407.595139
4496.41625
4496.272752
4408.724372
4495.947143
4496.64628
4496.129307
4496.611688
4496.126071
4496.027209
4359.432764
4361.37985
4361.575928
4362.701904
4360.642957
4358.974299
4358.118915
4358.69033
4360.197463
4360.277114
4359.413878
4359.602069
4359.866584
4359.161043
4359.854958
4359.133319
4360.669408
4359.828162
4359.197872
4358.164419
4359.070906
4360.110073
4363.276404
4361.628377
4360.510831
4359.382477
4360.574228
4362.057963
4360.867704
4495.031388
4495.847606
4495.481426
4495.428258
4738.691701
4739.133507
4739.429672
4497.486607
4740.190338
4496.818405
4739.722731
4497.107531
4496.946043
4738.90687
4496.503872
4496.735844
4496.376611
4496.70125
4739.254288
4496.208397
4360.878368
4360.212307
4360.519704
4361.285088
4360.754645
4359.701242
4360.786929
4360.435807
4360.033135
4360.954418
4360.72016
4360.838628
4361.373018
4361.652353
4360.579478
4356.453988
4352.955956
4359.920838
4360.7887
4359.946901
4359.454519
4360.375425
4738.794197
4739.23131
4739.439516
4738.94294
4739.353286
4739.035298
4738.342276
4738.37332
4738.428342
4738.608507
4738.690743
4738.803483
4496.921942
4739.086934
4738.683549
4738.657862
4739.271106
4739.046302
4738.632629
4739.095527
4738.670503
4738.82451
4738.583347
4738.582481
4739.092115
4738.414958
4738.558302
4360.824356
4361.047353
4359.391063
4360.626587
4357.641962
4360.818194
4359.165716
4359.478155
4360.225954
4360.607609
4361.452423
4360.896314
4359.708802
4358.406173
4356.294645
4358.44571
4359.029601
4360.848663
4361.20043
4361.830041
4361.361965
4360.947292
4362.094093
4359.4551
4359.388872
4360.231541
4360.12446
4360.676294
4360.918565
4360.485856
4354.063182
4359.734926
4359.341553
4354.863666
4739.072584
4495.570431
4495.800288
4496.159593
4496.263311
4496.125546
4739.135115
4500.155467
4504.94499
4513.556414
4739.474363
4739.883017
4739.403239
4739.956617
4739.187966
4739.137491
4739.191552
4739.274843
4739.667212
4739.443722
4739.166899
4739.172524
4739.851159
4740.433878
4743.156437
4748.847729
4758.846901
4780.553753
4822.428251
4901.981999
4358.771256
4736.942963
4738.001556
4737.975373
4357.468481
4738.051398
4738.6913
4739.380384
4740.396325
4739.894309
4739.720772
4739.492025
4496.634169
4739.176845
4738.805485
4738.929772
4497.221508
4739.362028
4738.674158
4738.911018
4739.111656
4748.610213
4759.605906
4498.176092
4743.313909
4781.307075
4504.231045
4359.768598
4362.581598
4359.765829
4360.239886
4361.262338
4357.665307
5343.644311
5344.36074
5344.708104
5344.351415
5344.579419
5343.537859
5343.394758
5343.382202
5343.609515
5343.607984
5343.925972
5344.543272
5344.405537
5343.908614
5343.92369
5344.510144
5344.420544
5344.153979
5344.038952
5344.078723
5343.990433
5344.159316
5344.470699
5343.902596
5344.856195
5345.282443
5344.940005
5344.918269
5344.800858
5344.589189
5344.553124
5344.654672
5345.005483
5344.979279
5344.666355
5344.709564
5345.676682
5346.96341
5352.475566
5386.625429
5433.2022
5522.211222
5687.688049
4359.454984
4359.100307
4359.472528
4361.738421
4359.735454
4358.834885
4354.048482
4352.763855
4361.077949
4360.519249
4360.813145
4359.561927
4360.619281
4360.489192
4360.849225
4362.800325
4361.178105
4360.195926
4360.084269
4361.638478
4360.090661
4361.378639
4359.30845
4360.21987
4359.520694
4359.91404
4358.621244
5343.019098
4738.824711
5344.008903
4738.692904
5345.170293
4740.367752
5345.510624
4739.332833
4739.407935
5344.655738
4739.68479
5344.97956
4739.386835
5344.69102
4738.943578
4739.355155
4738.987998
4738.776401
4738.398899
5344.407703
4739.117237
5344.786939
4740.788666
5347.531689
5364.606822
4822.771526
4903.178269
4359.666202
4360.130839
4361.426554
4363.05267
4361.205943
4359.715551
4360.760601
4361.142443
4359.293277
4360.550612
4359.118059
4360.693088
4358.958016
4359.409585
4360.20459
4362.842967
4361.456522
4359.867147
4357.84092
4355.920313
4358.494738
4359.821996
4361.046599
4361.612518
4362.513926
4361.715915
4360.999621
4362.432097
4360.964027
4360.546181
4360.259188
4360.613787
4360.863719
4360.324412
4354.02136
4360.677028
4359.708235
4359.266346
4354.717897
4360.224262
4360.548302
5344.290774
5344.011173
5346.2329
5346.354824
5346.176018
5344.790663
5344.890138
4739.281748
5344.449165
4738.884455
5344.28618
5344.742849
5344.304756
5344.135417
5344.088037
4738.734363
5344.205163
5344.349615
5343.776106
4739.478287
5344.290737
5344.120107
5344.274968
5344.635473
5344.090319
5353.05721
4739.503189
5434.677923
5522.747657
5690.007603
5345.386992
4360.972631
4357.751942
4354.546599
4355.229693
4361.058241
4361.217048
4360.605475
4360.150268
4360.146103
4359.019297
4359.771248
4360.564284
4360.935493
4359.226533
4359.787466
4359.212474
5342.232404
6659.065587
5342.719841
6660.17746
5343.81966
6661.779776
6663.957961
6664.439966
5345.460874
6665.693916
6665.534119
5345.380503
5344.533953
5344.68747
6663.173807
5344.723337
5344.356244
5344.311908
6663.334218
6662.736342
6662.875835
5344.126594
6662.234739
5344.6995
6667.795811
6677.896499
5387.595843
7278.636337
4360.11841
4360.443569
4360.168989
4361.616607
4360.341868
4361.206125
4359.486686
4360.240828
4359.591887
4360.517615
4361.343976
4361.023292
4363.175425
4361.856357
4360.538569
4360.632917
4360.456092
4361.802515
4359.623706
4360.537581
4360.482851
4360.173107
4359.006288
4359.124398
4360.581136
4360.476065
4359.332269
4360.219162
4360.487228
4359.072096
4359.556656
4359.598824
4360.3219
4359.792401
4359.619582
4360.558565
4361.177794
4359.44744
4364.577052
4361.045822
4360.482589
4358.824377
4359.445436
4360.174767
4359.911602
4364.010773
4361.677933
4359.870471
4357.457381
4355.953808
4360.46495
4362.006522
4363.004395
4362.085269
4361.093308
4361.588003
4360.514091
4360.989562
4360.444713
4360.20345
4355.391076
4361.562898
4359.359941
4359.244272
4355.658161
4360.431218
4362.172584
4361.050232
6661.374771
6662.675239
6663.267025
6662.899083
6662.450781
6661.286792
6661.100909
6661.52405
6661.352355
6662.173335
6662.690003
6663.033633
6662.129166
6662.294238
6662.999841
6662.950014
6662.567502
6662.536899
6662.406837
6662.969511
6662.995273
6663.033594
6662.279053
6663.650362
6664.092888
6663.61449
6663.852175
6664.187944
6663.703781
6663.198552
6663.115983
6663.204317
6663.547118
6663.836694
6663.291191
6663.47061
6664.831089
6666.757717
6676.547497
6698.214228
6738.707769
6823.592291
6984.321868
7274.461583
4360.609194
4360.925171
4361.152075
4361.433506
4361.391708
4359.095033
4354.125789
4356.764222
4359.005703
4359.901883
4361.062143
4363.308192
4359.838596
4359.668194
4360.576555
6662.949431
4362.506702
4359.795846
4359.862157
5340.553629
4363.195237
4361.172566
4361.436511
6662.398923
4359.8728
4359.664065
4360.431884
5344.803968
4359.650019
6664.122996
6664.250417
6664.8775
5345.257976
6663.366391
6663.067365
5344.564101
6663.238212
6663.568198
6663.224556
6662.90952
6662.698217
6662.966654
4360.619817
4361.127689
6662.620055
6663.329917
5364.418277
4360.601152
4363.652776
4358.724518
4360.62532
6662.916366
6661.607263
9088.762812
6660.809443
9089.754416
9092.176089
6663.194033
9093.523073
9095.224053
6665.234704
9096.703003
9098.739965
6663.662173
9092.713767
6662.535571
9092.178786
6662.817914
9092.689846
6662.535686
9092.221068
6662.632218
6662.81888
6663.388842
9092.464971
6663.346668
6699.029196
6740.132224
6826.416935
6984.891206
4360.273624
4361.184583
4361.210617
4363.058729
4362.098902
4360.274222
4360.208018
4361.841594
4359.59747
4361.031434
4360.774737
9090.226602
9093.281719
9092.85955
9092.474606
9091.786877
9090.724121
9090.236257
9089.722081
9090.185415
9091.712642
9092.043969
9091.578248
9091.857362
9092.726382
9092.804882
9093.217943
9092.089523
9092.235325
9091.957608
9092.442261
9093.086983
9092.700703
9093.322242
9093.790947
9094.302525
9093.768691
9094.224808
9094.353611
9093.990131
4360.46578
4358.842924
4360.381186
4361.32963
4362.894526
4360.243968
4360.726393
4359.477379
4359.25445
4359.921706
4360.478469
4360.268284
4360.529774
4360.173675
4360.330831
4360.096315
4361.276822
4361.040718
4360.305837
4361.286569
4361.402437
9093.125316
9092.9237
9092.982492
9094.182553
9093.250637
9093.521737
9097.223856
9111.769771
9144.740599
9205.296221
9333.749511
9574.14319
9987.875235
4360.050946
4358.313772
4360.321583
4364.453538
4360.275443
4359.582154
4359.760837
4359.718256
4359.818889
4361.121123
4359.827909
4360.396994
4365.427405
4362.623035
4360.410353
4359.186635
4359.71079
4360.173805
4365.030049
4361.50557
4357.310559
4359.167029
4360.821644
4361.358108
4362.426524
4363.247941
4362.284544
4361.278171
4362.819343
4362.839413
4362.735679
4359.867812
4361.227206
4360.466944
4360.304249
4357.694796
4359.218549
4359.036618
4357.345399
9092.233531
4359.702397
4360.560295
4360.674825
4362.177967
4361.20568
4358.99041
9093.056394
4359.86401
4359.755081
4360.788872
4360.812413
4360.590809
4359.88658
4359.785571
4359.546645
4359.475204
4360.557682
4359.315044
4361.411574
6662.565133
9091.81658
4361.395937
9093.425006
4359.855013
4359.870977
4359.803334
4363.07679
4361.04675
4361.158526
4361.121829
4361.527772
4356.608009
4359.075833
4360.332697
4361.272042
4360.664175
4360.271134
4362.383762
9082.551708
6656.267591
9086.828893
9096.807767
9094.714051
9093.604581
9094.08651
9092.856646
9093.043239
9092.79531
9094.042528
9093.53044
6663.510306
9093.548054
9093.461756
6663.401802
9092.94518
9093.239179
6662.893272
9092.392222
9092.735647
9093.407629
9338.404539
9575.102462
9994.325033
12806.38837
12808.95745
12810.73519
12810.0813
12809.26092
12808.20817
12807.11092
12806.52808
12805.57787
12806.93127
12806.52422
12808.84294
12808.76718
12810.44507
12808.49123
12808.63231
12809.55202
12810.84437
12809.20717
12809.69818
12810.42949
12810.72508
12808.50646
12811.03583
12811.68914
12811.85028
12811.67125
12811.48925
12810.29677
12809.85803
12809.92746
12810.54601
12811.81295
12810.51988
12810.58765
12811.75473
12814.51375
12832.5045
12871.94785
12944.98194
13104.85425
13397.43712
13877.04148
12797.09909
12802.63014
12807.30672
9092.093575
9094.467588
12811.98877
12815.12461
12814.69337
9095.89519
12811.75392
12810.81997
12810.94799
12810.51768
9093.015865
12809.9326
9092.055894
12809.23123
12810.45283
9092.440455
12809.41175
12809.21348
12809.3347
9092.409535
12809.51953
9092.005498
9092.686772
9093.305306
9099.016851
9146.339128
9207.285248
13398.17425
4360.301523
4361.067459
4361.23364
4361.746653
4362.211743
4359.900365
4362.908619
4362.333387
4359.770648
4361.763131
4364.611077
4360.698808
4360.602466
4360.060978
4359.568966
4360.675018
4359.594576
4361.350121
4361.586215
4360.315198
4362.098516
4361.576006
4360.550168
4362.275724
4360.006878
4360.773989
4366.988083
4362.758101
4359.900379
4360.38633
4359.992835
4360.279405
4365.815628
4361.866151
4360.517037
4357.507822
4360.532505
4363.496967
4360.98015
4359.993449
4361.566492
4363.352517
4360.881678
4360.778846
4359.198975
4360.414164
4358.904917
4360.500078
4360.593271
4360.517571
4359.74163
4358.903906
4359.916945
4360.819522
4361.435387
4363.409134
4362.163481
4361.086845
4364.354368
4360.65026
4361.742178
4360.247773
4360.32219
4361.715295
4363.589821
4359.315385
4359.651424
4359.583084
12809.91059
9090.501937
4360.084578
4360.769314
4361.407872
4362.341481
4362.221054
4359.513807
4359.373197
4361.180485
4362.008662
4365.137674
4361.929464
4361.657508
4362.881643
4360.291629
4360.029904
4360.893607
9095.025399
4360.309009
4360.387345
4361.564139
4356.806201
4362.768604
4365.050958
4361.519722
12817.17209
12836.07043
12809.4968
9114.224177
12874.27005
4360.300877
4360.70062
4361.459975
4361.165023
4361.456373
12810.44279
12809.86428
9096.490412
12811.10303
12809.65409
9092.540626
12818.12918
12809.07775
12809.24826
12806.1386
12809.14861
12809.73218
12808.45951
12810.09086
4360.469647
4359.858347
4361.18073
4362.590407
4362.578526
4360.091304
4361.515717
4362.261452
4362.918154
4359.352556
4362.663399
4360.212408
4361.534232
4360.304712
4360.510556
4360.054352
4361.46404
14285.71332
14285.71291
14285.71305
14285.71293
14285.7132
14285.71426
12811.31535
14285.71401
14285.71339
12809.46891
12808.77889
12808.82477
14285.71346
14285.71355
14285.71332
14285.71299
14285.71315
14285.71328
14285.71398
14285.71412
14285.71427
14285.71321
14285.71312
14285.71363
14285.7134
14285.71343
14285.7127
14285.71268
14285.71384
14285.71361
14285.71361
4363.313285
4362.16691
4361.957215
4358.95949
4361.841217
4360.613138
4360.542659
4360.468243
4360.207419
4359.279748
4361.690365
4360.547196
4363.626364
4360.20092
4358.763589
4362.674555
4360.093213
4360.403337
4361.51877
4360.056143
4362.713108
4359.931395
4360.655365
4361.13186
4359.959038
4361.213629
4363.091553
4361.08517
4361.328906
4361.220177
4360.901092
4361.276909
4359.241764
4361.425331
4362.752652
14285.71277
14285.71383
14285.71398
14285.71382
14285.71406
14285.71388
14285.71383
14285.71428
14285.71376
14285.71271
12814.13465
14285.71299
14285.71404
14285.71297
14285.71293
14285.71424
14285.71406
14285.71392
14285.71311
14285.7141
14285.71374
14285.71321
14285.714
4359.952932
4362.188082
4362.06355
4361.717025
4361.187764
4359.938836
4362.641023
12947.63176
14285.71266
13111.05849
14285.71428
13885.25716
4362.773068
4360.374287
4363.128917
4362.046164
4362.606683
4359.917304
12811.09935
12812.36776
4362.410613
12809.96523
12809.867
14285.71335
14285.71293
12809.63962
4361.723907
14285.7132
14285.7142
14285.71339
14285.7127
14285.71253
14285.71335
12810.52009
12809.55219
14285.71331
14285.7138
4360.594384
4362.041801
4361.511923
4361.216766
4360.120383
4361.113231
4361.308595
4362.502462
4360.798854
4362.256802
12810.9254
12815.06968
14285.71311
14285.71312
14285.71392
14285.71365
14285.71313
4361.235032
14285.71338
14285.71275
4359.935063
4359.694244
4362.496266
4359.43783
4361.798078
4363.441272
4360.467581
4358.943457
4359.607609
4360.843751
14285.71395
14285.7138
14285.7135
14285.71399
14285.71281
4362.75813
4361.708373
4362.795875
4360.251154
4360.566076
14285.71318
14285.71389
14285.71291
14285.71298
14285.7135
14285.71283
14285.71311
14285.71282
14285.71279
4361.417036
4362.612407
4361.987564
4361.115343
4362.530592
14285.71396
14285.7129
14285.71391
4362.845412
14285.71337
14285.71388
4361.167919
4361.175138
4362.557479
4363.616454
14285.71325
14285.71319
14285.71291
14285.71377
14285.71394
14285.71406
12809.75551
14285.71346
4362.536508
12804.85326
14285.71386
4362.351865
6666.545532
4497.194492
4361.558762
4407.274932
4361.085897
9090.871294
4739.174589
4360.11175
14285.71322
6662.442443
12812.90811
4359.027753
4359.176524
4359.933728
4359.887973
4361.177036
4413.995804
4360.912435
4359.968271
4363.075428
14285.71412
4361.399158
14285.71427
4361.183356
4362.753599
14285.71396
4360.455866
4360.906733
4361.630282
4360.853807
4361.18662
4360.356517
52.9537535
30.71980672
76.80474531
33.17656539
45.64923631
44.4072106
67.39524704
31.34221287
60.38676074
51.17162435
41.49467499
41.54095034
35.48254309
30.9356631
30.69267873
29.78846927
54.56615108
40.20926283
23.2032188
26.95856132
39.11456464
83.68385515
47.47804496
44.69870938
36.31555286
9.188961707
10.14645719
41.1377169
13.52126787
17.97951244
35.42802096
14.99631038
8.388384376
20.59025755
26.28563677
28.15677258
10.32974138
62.47879246
33.52474375
53.22498467
21.34862375
22.54966467
46.39211083
12.98782696
21.05375471
31.46841769
35.21773865
36.03763631
15.85838999
18.23283939
35.82403157
9.241868901
8.820630878
17.32068743
39.57613029
47.55446517
15.39130138
20.20032358
19.59411433
19.60433324
14.80091628
41.27759366
52.93508916
36.35209047
36.13652985
35.55995111
34.3886251
23.1237747
7.999685441
18.723792
20.23024507
17.08219438
10.10004463
25.38351514
55.12086782
10.15306771
54.31345743
67.17383828
65.15162501
58.63592486
62.95567966
66.37422567
57.95886196
41.48957866
36.3540474
58.08630616
69.60568
62.77565664
30.79330752
42.62953346
54.87737364
25.3809738
64.41591974
51.39449304
31.6891645
31.30497336
31.05597633
65.45004043
42.52984835
41.76132685
39.90998327
40.10781104
43.38640826
41.39633273
45.86970342
45.06150185
40.81469438
32.73937653
28.61738102
31.72524673
31.07104325
27.24774807
24.77021253
61.79620345
56.67758311
46.51527827
38.08317903
31.45741154
27.81048175
17.92030913
51.52890917
17.68993573
63.38211884
74.44890687
82.66098704
65.21299229
25.4248099
41.47042855
43.95370586
43.976833
42.82625835
44.88366446
23.64749717
30.13531893
40.73728544
56.28747269
75.22996333
72.74372429
55.96646787
50.47985407
36.86537772
23.47874116
21.91588883
25.677324
32.05185602
39.44369621
46.2087007
51.77470148
55.96338386
56.92129491
50.09251143
57.69462826
56.33427779
19.50287692
20.83030736
22.21393239
23.54118324
24.69721911
25.39736089
26.2746791
25.72822381
25.99548957
26.21491531
26.45958509
26.68073868
26.85610228
27.43818515
28.80141244
29.52271038
33.674108
38.53439159
42.25289157
41.02908301
39.65530763
39.01319777
37.46762105
38.55756891
38.44602079
38.46304813
38.88866694
51.24009091
38.19328042
67.39460028
13.18059341
14.43992546
17.618558
26.14020273
44.44192166
47.26119742
81.42926633
40.38819481
31.83043248
39.04534164
73.58624449
32.77436529
29.21096638
36.28215371
39.69095417
40.12188614
46.13227028
49.39094546
54.33593816
55.26685962
53.85067025
51.83916807
17.87660639
19.39847409
20.78964082
21.66172145
22.02426059
28.01403756
22.66835357
23.18209372
23.49124782
24.01704364
24.24392986
24.54092426
26.03002138
30.21778025
29.94061397
35.34169577
39.30398947
39.96278406
38.69959533
37.61724653
37.253674
37.1135285
39.84440597
37.16041938
37.38052645
37.89874367
40.31373119
13.96306849
29.23775797
32.99660279
41.8286849
53.30245637
56.2386631
40.82070533
34.38075772
28.63781681
28.66967717
19.90072067
58.51747257
35.60224156
30.43688558
37.2662096
48.10326606
37.05456847
36.06542825
85.81074826
19.06421005
35.92648105
58.96099384
36.73194155
14.73484338
14.18659325
20.35071372
47.82481936
14.86577812
89.33612707
28.50217346
19.14054567
28.66636759
36.47352479
38.3287557
12.25822086
21.63862017
26.62493517
36.52721495
5.247726496
5.717975257
6.237881289
9.230610587
7.473639433
8.126571741
9.047122492
10.14806811
10.93832617
11.97206632
13.69424897
13.71691993
14.12519527
14.74810549
15.60666868
15.1225413
15.69803804
16.70337587
16.86578365
17.07274675
17.55578416
18.25745566
18.0156366
18.0655842
18.72098165
18.69062465
18.84299018
19.15589886
19.57637458
21.56781466
19.59211695
19.7146607
20.17005488
20.831557
21.70385518
22.52438965
23.80685439
25.97604595
28.2738216
31.50475296
33.23822039
34.08182959
34.24043227
34.01302833
34.38485929
34.05572581
35.98340385
34.11717827
34.54852215
35.164866
34.83390591
35.11778539
35.46968077
35.81364945
35.84411082
35.90470805
36.04852845
36.04274743
36.45078846
36.92939918
6.48643518
6.896401657
7.249629919
9.428339912
11.65382364
7.482868766
18.72789465
32.99641247
43.5690211
42.45040336
12.09807284
2.285814683
3.223608847
16.06349246
13.14448005
17.24322587
7.93198919
20.52753041
19.40152102
14.56782711
15.09666577
20.26245377
26.2826966
32.04696863
37.72230978
46.1022628
48.29804331
44.32011377
44.06722141
40.23775393
45.29217791
36.12088375
33.14840768
38.16049811
34.60277927
35.79637275
33.23195961
40.06961354
13.46042176
8.206405424
7.873701104
9.493460996
8.5266219
31.18368509
44.38870594
44.3390455
50.50738677
58.74368751
57.88433335
35.54952989
35.60446228
35.52513738
34.72546621
33.42204449
36.27084288
27.75531627
19.96132401
21.04264455
17.83495653
2.500441662
2.947718856
3.449823084
4.167545482
5.04304117
6.044294123
7.021975137
8.213432945
9.64079866
11.08495918
11.97144668
12.67468396
13.3765133
14.1282467
14.58709208
14.96502273
15.64937477
16.11805423
16.54364715
20.2322444
17.53907981
17.2286389
4.900613807
5.883363782
7.819809995
8.270671922
8.909388704
10.17023497
15.0521074
17.25111063
12.69734617
11.65249148
21.39646173
12.60894942
8.243910343
3.730360731e-08
4.911034011e-07
22.5902843
12.14130479
13.18037972
19.93379167
29.22205602
16.65672768
7.941516274
29.48155343
7.271519869
16.88570811
24.019025
30.76267507
33.68522682
39.5806883
46.27602853
50.11733442
48.78914299
47.60238854
33.02138864
21.88812677
43.16618991
22.65449249
37.83560199
22.557501
35.98607714
21.87520174
55.73192336
31.96166411
33.14289306
25.13828284
23.14044349
20.71463508
17.73019522
17.67140922
17.61768438
11.77435693
51.08803564
35.34140104
35.8881274
785.8601407
35.58606443
785.2723965
35.08646989
784.0193594
34.34270872
782.3224649
34.0278079
33.68774856
782.4164878
32.69822056
781.1821047
780.2661149
32.13365402
777.6197252
776.4842033
774.2181313
19.34523745
772.3203289
21.76320429
18.71226763
18.45351365
769.7103789
769.2222216
770.81152
768.3651461
17.4670175
769.1357787
769.0806741
16.84869544
767.8342654
767.6645705
18.16573784
765.888081
765.1079411
16.91744352
763.2027637
763.9265898
761.4523603
758.994363
759.1755113
758.9392553
755.7935045
756.4735492
9.318891791
756.4399231
758.4755915
758.5801405
759.6387713
763.3598206
768.2477551
777.6258663
784.008452
798.971031
812.4725831
816.6125674
799.0865332
784.7440898
767.2156671
760.7993923
46.34634775
763.5604336
771.9921278
767.832599
771.5518772
774.2138039
781.574247
791.0599712
794.2877275
792.6757183
791.1549015
788.9764506
789.1882614
785.6199495
784.7694459
778.8071684
766.445369
768.8612031
777.9908316
766.4745763
771.3905867
766.1888727
786.789419
775.3362461
28.12800599
832.3901781
767.1238708
30.97821759
781.7099764
11.19556589
785.0943825
761.9447799
9.181626206
770.5827764
770.619667
18.95988279
770.9844523
762.0058188
784.5981038
785.946684
35.38306845
786.1710606
783.7193269
782.4044368
837.2396197
767.9206498
765.2958803
768.8835293
771.2271006
779.5408738
63.15909803
777.6050157
771.4624202
769.5298252
8.57118273
786.988667
758.4655065
765.9013818
18.1010306
763.1168894
784.8182304
29.58222582
782.1203542
773.436069
764.4636049
767.89127
15.91731813
</DataArray>
<DataArray type="Float64" Name="mach" format="ascii">
2.568457712
2.566200879
2.567837117
2.566283905
2.566319051
2.567216713
2.56782918
2.567548858
2.564534371
2.564192482
2.56663073
2.568125715
2.569438306
2.56894818
2.570481083
2.56727967
2.568243699
2.56491831
2.5663199
2.5665989
2.568089295
2.568512361
2.567565202
2.567248822
2.567790343
2.566655781
2.567919613
2.567300135
2.567216388
2.564218774
2.567174905
2.566867943
2.564804929
2.567610682
2.566399008
2.564308423
2.5676923
2.567753194
2.568405103
2.566988572
2.568133921
2.568008203
2.567985607
2.567737177
2.564313103
2.568535295
2.567049759
2.567854389
2.565217395
2.56730868
2.566261269
2.56463265
2.568550129
2.56841125
2.567805133
2.568031786
2.564501167
2.566188163
2.567191783
2.567663179
2.564445632
2.566851061
2.568040127
2.567553819
2.567529153
2.56734069
2.567712858
2.567214488
2.56452088
2.567989947
2.566745386
2.56660728
2.567106061
2.567432352
2.569046248
2.568397676
2.569696415
2.568240916
2.567740073
2.567750381
2.567231098
2.565251172
2.568540353
2.568413405
2.567407156
2.564886201
2.568218425
2.566973198
2.565290296
2.568344945
2.566955606
2.56742107
2.567007627
2.566318603
2.566719172
2.567189909
2.567449683
2.566850758
2.567639704
2.568339536
2.567572068
2.567395385
2.567237673
2.567360183
2.567163288
2.567572916
2.56658069
2.5668288
2.567360958
2.566935729
2.566052187
2.567165141
2.564193149
2.566526676
2.567570004
2.568262588
2.567227895
2.565378493
2.567587227
2.566811609
2.567520907
2.566537371
2.567821593
2.567527311
2.564899611
2.564805833
2.567149776
2.566891112
2.567824853
2.568176769
2.5670288
2.567209162
2.567926267
2.565031649
2.564173414
2.564089394
2.567533018
2.566904061
2.568128723
2.564829234
2.568657898
2.567064599
2.567380131
2.567268026
2.567742263
2.567826749
2.567877707
2.567327859
2.567382653
2.564576235
2.568074237
2.567715332
2.568381692
2.567793143
2.567823363
2.567083242
2.567892961
2.567414775
2.567543599
2.56742319
2.567333411
2.55942881
2.567900174
2.560557589
2.56741009
2.567655392
2.559639861
2.56738108
2.567251484
2.564722667
2.559990089
2.567402742
2.559528633
2.566650794
2.559767181
2.567773871
2.566938844
2.566704117
2.55944255
2.559498105
2.567045792
2.55915557
2.566730429
2.560026237
2.566869096
2.560521818
2.568920898
2.570043017
2.568227395
2.559565453
2.567304918
2.559303517
2.559873614
2.56781782
2.560463599
2.567194262
2.567544733
2.567908065
2.567587821
2.559912972
2.567094968
2.559748699
2.567927
2.56742201
2.559413184
2.564471184
2.560117562
2.567742288
2.567362421
2.559593151
2.564726377
2.567195322
2.559821357
2.568105027
2.567118594
2.560137067
2.567110694
2.559432079
2.567530912
2.5665895
2.559789559
2.559756758
2.568548218
2.559424934
2.568184648
2.568366838
2.569729348
2.559548112
2.569205719
2.568376012
2.568381037
2.558053775
2.567568525
2.567986286
2.567154512
2.560070169
2.559844267
2.559512338
2.55958813
2.567218593
2.565389937
2.559798946
2.568588434
2.559438702
2.567475113
2.560173475
2.559707098
2.565330633
2.559839747
2.567683577
2.560039518
2.559753448
2.559489454
2.564203506
2.567521452
2.568502215
2.559577422
2.560633607
2.559710592
2.5600585
2.56826178
2.559427288
2.559855157
2.568107942
2.567905042
2.56035483
2.559487348
2.567228919
2.55984083
2.559972933
2.567610693
2.567828873
2.559633694
2.567430237
2.559747571
2.567646849
2.569153477
2.569826827
2.569102669
2.568002514
2.567121385
2.567346876
2.568131663
2.567199942
2.567467127
2.56752711
2.568136197
2.56788147
2.560155963
2.568462248
2.567259179
2.567846394
2.564859436
2.567593288
2.568499108
2.567674603
2.559581157
2.560156542
2.567523668
2.568181869
2.568134811
2.567255968
2.567228047
2.559967113
2.560207945
2.567134244
2.566846142
2.559472195
2.56726685
2.55960596
2.560219841
2.568208726
2.568154608
2.56819623
2.564103779
2.559407321
2.566927658
2.559614786
2.567281335
2.560066657
2.566993626
2.559823721
2.567768981
2.564241714
2.560279739
2.569401095
2.568853228
2.57005756
2.569018543
2.567596601
2.566579845
2.568155285
2.570014366
2.559429104
2.55934561
2.566981524
2.568110027
2.56774816
2.567409193
2.56686318
2.567813944
2.567572928
2.560391386
2.567603196
2.568117297
2.568061845
2.560048902
2.568333789
2.559880261
2.566909166
2.566778535
2.559806074
2.567398313
2.559937006
2.559727947
2.567534318
2.56663567
2.560220535
2.559792452
2.559938559
2.564649202
2.567135107
2.565944996
2.567609536
2.568073981
2.568010244
2.559253033
2.560320525
2.559638828
2.559331413
2.560318669
2.564367152
2.567227121
2.560001342
2.559351057
2.567519427
2.567670729
2.568096882
2.567797078
2.566618632
2.566614918
2.56726512
2.56831706
2.56722618
2.566934107
2.567483047
2.567312629
2.567308431
2.567674853
2.567677351
2.567691022
2.567333303
2.567092189
2.566382189
2.568794743
2.569649476
2.569888017
2.567939438
2.567845089
2.567126417
2.56756733
2.567579764
2.567762995
2.567992756
2.567791087
2.56723032
2.566808578
2.567807476
2.567203605
2.567185987
2.567138522
2.567047672
2.567418101
2.567415002
2.567020254
2.56714081
2.545673846
2.545569613
2.546354357
2.546730332
2.545809802
2.546242414
2.545979869
2.545727136
2.546148936
2.546191408
2.546037222
2.546387574
2.54568445
2.545430473
2.546307274
2.54636144
2.545860973
2.545695748
2.545966703
2.546209241
2.545976662
2.545586359
2.545684103
2.56731081
2.567651295
2.567395102
2.567577058
2.567969686
2.56749465
2.567275775
2.568475757
2.568215738
2.567286897
2.567017794
2.566732422
2.567189868
2.567646328
2.567494262
2.567319754
2.566834372
2.567317697
2.567966483
2.568688183
2.567702754
2.567356487
2.567294572
2.567160156
2.566699814
2.567077403
2.566515105
2.56728805
2.567395264
2.56819212
2.56813127
2.567865095
2.568272278
2.568262479
2.568001883
2.545704983
2.545880541
2.545969865
2.546070297
2.545749666
2.546119758
2.545961618
2.545741321
2.546315805
2.546219559
2.545631681
2.545654685
2.546029579
2.546539519
2.54653181
2.545724782
2.545507427
2.567356026
2.56732587
2.569174526
2.569475445
2.568873011
2.567024322
2.567359556
2.546324225
2.546020221
2.559662038
2.546291701
2.545530739
2.545998117
2.546122571
2.546223427
2.559930294
2.546425666
2.545298223
2.568024217
2.545801576
2.559963835
2.559260967
2.56033482
2.56789564
2.567778649
2.56864567
2.567111034
2.559340219
2.568171475
2.567511169
2.568332827
2.56672321
2.560503554
2.559832654
2.545780941
2.567802482
2.546174857
2.546139566
2.545707772
2.560151291
2.567893488
2.546687256
2.54662394
2.545787794
2.545478491
2.546003358
2.546598428
2.545977143
2.545464028
2.546108607
2.546153563
2.546240635
2.54610018
2.545912715
2.54557398
2.567279284
2.566427643
2.545897948
2.545834237
2.546203351
2.546034165
2.545911705
2.545632533
2.545840147
2.54587669
2.545695498
2.567202358
2.566841919
2.5673455
2.567401898
2.567255479
2.567699
2.567585245
2.567322145
2.567183082
2.566423761
2.566316718
2.568916854
2.569850295
2.567872857
2.567844845
2.567094239
2.56755674
2.567523385
2.567848529
2.567747644
2.567120704
2.566874796
2.56782534
2.567963688
2.567092685
2.567188071
2.567250107
2.566990598
2.567469019
2.56738951
2.567498044
2.568096613
2.567797208
2.566751698
2.566557034
2.567169907
2.568129778
2.567412423
2.567132394
2.567097329
2.567086448
2.506859149
2.506744849
2.507436893
2.507810229
2.506962366
2.506855124
2.507076818
2.506887806
2.506952232
2.507276383
2.507341489
2.50718805
2.507462938
2.50685107
2.506579397
2.50738794
2.507453509
2.506973186
2.506849141
2.507049358
2.507299823
2.507091942
2.506776528
2.507123637
2.567525864
2.567139632
2.56855437
2.568326307
2.567089348
2.567120886
2.566650331
2.567193223
2.567474958
2.566622859
2.567175169
2.567854379
2.567276179
2.567634441
2.567448916
2.567590345
2.506892875
2.507869357
2.507116104
2.506855376
2.50739075
2.507298294
2.506782674
2.506802979
2.507151849
2.507638691
2.507604383
2.506863581
2.506600677
2.507022611
2.506998259
2.506678531
2.545841583
2.502552588
2.497267773
2.487685544
2.567010816
2.567361875
2.567643356
2.569380628
2.569362087
2.568854465
2.567638218
2.567144902
2.567442567
2.568815049
2.568916425
2.5677607
2.567471029
2.567222235
2.567110478
2.566926553
2.566994949
2.567107904
2.566244528
2.567186759
2.567305281
2.567400155
2.568105975
2.568170065
2.56790548
2.567725272
2.568154211
2.56827975
2.568312336
2.568089695
2.546019039
2.506851597
2.546434699
2.54603124
2.545601299
2.545387561
2.507663205
2.507062993
2.507040075
2.545908775
2.567977809
2.568512485
2.506678941
2.507178632
2.546315873
2.545614898
2.545985875
2.546564895
2.506892267
2.546314697
2.543554218
2.497944311
2.539499958
2.487193589
2.507326099
2.546029968
2.506693663
2.567668136
2.567296179
2.568108365
2.506983893
2.507307692
2.507147515
2.506761625
2.507117619
2.568192162
2.546802368
2.559930318
2.559434342
2.567645111
2.568163594
2.50710366
2.507489587
2.507134247
2.506739827
2.545667962
2.506511731
2.506698761
2.546145364
2.507632222
2.507208528
2.507142906
2.506704586
2.507025128
2.507366079
2.567265085
2.568090121
2.567870877
2.566756844
2.567144041
2.569593062
2.569644845
2.568084588
2.566829533
2.567269323
2.567597603
2.567232598
2.567521958
2.567652971
2.567348053
2.567205603
2.566308749
2.568971811
2.569272014
2.569760066
2.5678801
2.567859536
2.566867176
2.567546796
2.567581005
2.568252976
2.567161502
2.566731526
2.567912027
2.507239442
2.506956341
2.507301537
2.507259449
2.406888334
2.406146915
2.405925774
2.507193284
2.407091617
2.506925381
2.406370515
2.50660918
2.507092718
2.40699577
2.50727256
2.507343243
2.507228462
2.50743472
2.406242969
2.507042962
2.568002137
2.56705962
2.567218007
2.567136947
2.566988218
2.567547202
2.567479454
2.567095902
2.567034206
2.567063236
2.567286894
2.567631472
2.567567621
2.567600732
2.566852029
2.567281846
2.567757299
2.568915566
2.567495235
2.566958825
2.567923221
2.568476538
2.406443326
2.406299121
2.406886204
2.407213097
2.406483889
2.406384554
2.406776626
2.406592841
2.40644996
2.406494049
2.406799717
2.406847435
2.507201907
2.406685802
2.406897452
2.406372623
2.406132824
2.406819408
2.406861452
2.406475875
2.406345456
2.406513727
2.406723507
2.406513018
2.406177997
2.406190483
2.406524576
2.567560768
2.567082694
2.568596638
2.568358479
2.567189093
2.566632533
2.567211392
2.56766027
2.567483509
2.567307788
2.566397261
2.567073073
2.567727105
2.569076254
2.569113992
2.567747119
2.56741305
2.567203656
2.567049654
2.566884163
2.566958895
2.567122288
2.566099394
2.567089027
2.567466212
2.567310127
2.56813534
2.568131992
2.568163863
2.567970391
2.567795798
2.568019152
2.568359894
2.568222208
2.406213866
2.507393055
2.507628798
2.507014809
2.506757841
2.506940043
2.406372475
2.506704027
2.504942516
2.502399581
2.406412582
2.406751758
2.40658875
2.406348012
2.406794922
2.406724987
2.40629705
2.406306956
2.406637251
2.407056152
2.406998033
2.406329719
2.406043803
2.406315031
2.405870165
2.404574047
2.401450966
2.394678714
2.381978478
2.35858348
2.567752967
2.406971013
2.406619006
2.406833246
2.567068024
2.406749542
2.406577814
2.406144389
2.406571189
2.40611441
2.406546232
2.40678604
2.50663043
2.406678899
2.406794873
2.406526858
2.507257649
2.406600713
2.407016799
2.406485131
2.406223052
2.404472376
2.400938777
2.507237963
2.405995656
2.394429019
2.505471539
2.567385696
2.566963163
2.568299815
2.567180392
2.567037541
2.569490882
2.185235628
2.185036247
2.185488765
2.18572823
2.185161624
2.185413295
2.185313707
2.185225529
2.185236064
2.185526625
2.185510266
2.185440932
2.185313507
2.185511561
2.185057106
2.184861536
2.185395866
2.185374997
2.184988036
2.185152071
2.185284747
2.185053139
2.184828362
2.18512498
2.185066277
2.185376092
2.185777826
2.185177025
2.185317539
2.185308799
2.184973483
2.184975422
2.1852724
2.185567411
2.185525748
2.184941733
2.184641046
2.184758357
2.183632394
2.174853248
2.162344263
2.139057354
2.097569558
2.567912009
2.567487468
2.567463026
2.566683184
2.568957677
2.569370236
2.569441455
2.567760709
2.566895369
2.567040659
2.567522161
2.567635166
2.567281671
2.567327085
2.568031146
2.566588442
2.56707815
2.567759078
2.567978414
2.567511328
2.56788992
2.566530515
2.567681673
2.567289635
2.567118425
2.566994004
2.569537386
2.18542236
2.406394482
2.185186518
2.406549311
2.184679735
2.407018734
2.184906227
2.406167525
2.406670746
2.185250739
2.406549041
2.185212898
2.406900091
2.185519343
2.40660281
2.406469283
2.40675746
2.406628104
2.406807733
2.184958055
2.406286265
2.184992671
2.406163453
2.184540799
2.18056859
2.382510271
2.35798513
2.567418148
2.567072222
2.568026561
2.566712595
2.566568022
2.568306219
2.567611325
2.567005587
2.568611322
2.568386024
2.566886666
2.566652686
2.567222628
2.567670501
2.567483019
2.566161157
2.567008536
2.567613899
2.569299655
2.569202829
2.567710267
2.567295376
2.567190596
2.566992279
2.566767702
2.566915345
2.567122121
2.565985724
2.567045357
2.567177408
2.568147328
2.568147081
2.568185812
2.568049288
2.567781134
2.567839133
2.568324832
2.568412799
2.568217088
2.567415338
2.566929177
2.185078482
2.185442707
2.185048432
2.185414902
2.185458334
2.185281314
2.185365584
2.406719765
2.184970835
2.406497313
2.185148616
2.185092662
2.185356922
2.185390371
2.185213402
2.406600001
2.185095582
2.184916617
2.185372318
2.406733967
2.185150009
2.185540918
2.18510448
2.18484946
2.184729963
2.18356985
2.407256153
2.16191261
2.139471597
2.096769635
2.184995807
2.566933685
2.567111608
2.567521124
2.569379043
2.56735693
2.567972006
2.56844208
2.56703194
2.56778211
2.568300416
2.568075229
2.566339588
2.566653555
2.567180047
2.5673412
2.567665583
2.185544092
1.804735469
2.185570454
1.804634737
2.185119331
1.804207562
1.803640821
1.803594285
2.184415212
1.803892975
1.804248165
2.184791745
2.185487265
2.184861891
1.804317924
2.185317263
2.18521633
2.185112201
1.804085875
1.804322585
1.803961346
2.185235211
1.804300995
2.185222652
1.803451508
1.801803957
2.174347951
1.691170616
2.566988467
2.56730919
2.567599017
2.567090919
2.567373491
2.566880599
2.567694534
2.567555012
2.567442243
2.567052343
2.568058756
2.568044526
2.566711388
2.566463969
2.56731624
2.568013471
2.568090146
2.56697193
2.568092859
2.567568281
2.567563695
2.567876847
2.567826767
2.569525572
2.568918887
2.566356662
2.567654666
2.567463419
2.567408123
2.567719365
2.56764304
2.56720388
2.566811632
2.567783169
2.568295883
2.567729867
2.566945468
2.568591212
2.566756084
2.566531351
2.566712578
2.567227771
2.567666575
2.567486434
2.567520326
2.565938019
2.566996839
2.567568647
2.569428997
2.569233299
2.56720204
2.566935237
2.56668813
2.566870914
2.567115682
2.566758044
2.56716745
2.567088167
2.568234587
2.568131276
2.567528713
2.567668202
2.568460449
2.568453387
2.568032685
2.567024202
2.56674767
2.567094839
1.804380642
1.804103697
1.804396646
1.804208263
1.804159913
1.804402036
1.804388074
1.804347839
1.804626854
1.804491567
1.804481448
1.804248272
1.804495681
1.804113149
1.803932417
1.804327178
1.804198348
1.80401084
1.804168393
1.803956198
1.803864168
1.803650881
1.80411503
1.804039384
1.804309662
1.80464037
1.804088388
1.803989169
1.804202021
1.804262942
1.804020896
1.804025177
1.804266465
1.804407693
1.804419302
1.80393801
1.803681599
1.803760161
1.802076247
1.798061142
1.790091326
1.773476855
1.743190991
1.692124243
2.567277036
2.567663236
2.567612534
2.567580559
2.566571087
2.566940214
2.567542039
2.569255786
2.569354909
2.568921942
2.567258609
2.566444925
2.567445683
2.567773667
2.568485511
1.804226142
2.567156879
2.567480567
2.569376982
2.18602947
2.568632905
2.568948872
2.568827176
1.804359076
2.567306457
2.567149115
2.566792391
2.184723004
2.569502716
1.803877542
1.804068598
1.803805086
2.185144899
1.804329486
1.804146479
2.185151908
1.80393132
1.804212701
1.804463083
1.804195225
1.804085422
1.804085188
2.567284873
2.56761636
1.804206611
1.804171191
2.180814371
2.567206294
2.56688158
2.567681562
2.568076802
1.804581083
1.804429255
1.312218097
1.80444331
1.312043082
1.311776061
1.803960496
1.311537102
1.311232732
1.803272097
1.310900459
1.311404569
1.804174723
1.311832854
1.80435272
1.311956863
1.804130402
1.311774411
1.804201478
1.311846376
1.804432552
1.80408511
1.803868313
1.311944379
1.804102582
1.797690393
1.789609936
1.772843177
1.743528942
2.567378868
2.568114171
2.568018426
2.566728367
2.566376728
2.567697905
2.567416244
2.567028883
2.567860751
2.567106641
2.568074017
1.312068308
1.311951468
1.312093512
1.31189136
1.311878661
1.312065839
1.312079865
1.31213654
1.312314271
1.312109165
1.312154025
1.312103284
1.311809801
1.311666072
1.311912171
1.31175489
1.311886891
1.311705248
1.311834962
1.31179032
1.311559994
1.311575021
1.311281165
1.31169953
1.311924422
1.312155212
1.311701702
1.31167622
1.311779105
2.56770528
2.568315945
2.56764649
2.567603045
2.566970229
2.569330149
2.566708386
2.567139314
2.567708094
2.567441003
2.56677902
2.566908394
2.566861227
2.569126541
2.569409685
2.567596478
2.567010668
2.567122341
2.567366696
2.567593646
2.566460823
1.311868178
1.311720516
1.311730824
1.311929215
1.311978782
1.311621952
1.311668187
1.309971371
1.306066703
1.298640036
1.283100765
1.255904251
1.213909655
2.566812953
2.569001093
2.567402448
2.566272022
2.567428849
2.567765265
2.568880011
2.568224043
2.56825596
2.567101925
2.568529647
2.568475763
2.566488415
2.566346227
2.566721531
2.567064029
2.567593811
2.567462262
2.565716957
2.567060152
2.569534463
2.567572892
2.56715746
2.567125109
2.56687089
2.566655918
2.566863616
2.567066911
2.565852565
2.565900606
2.56650516
2.567361906
2.567930906
2.568240877
2.568323105
2.567092387
2.568495789
2.568506707
2.567694227
1.311792904
2.567400782
2.568086041
2.568105863
2.566910184
2.567512682
2.568294917
1.311852069
2.567999029
2.568334639
2.56772117
2.567245102
2.566759643
2.567030465
2.567507304
2.567608115
2.567652956
2.567518028
2.569381254
2.567136707
1.80420191
1.311766643
2.566821797
1.311911572
2.567549956
2.567530576
2.567635892
2.566614838
2.567072331
2.567589421
2.566724242
2.567600607
2.567167043
2.569324138
2.568704537
2.567143993
2.568234383
2.56815108
2.56748864
1.312913279
1.805335509
1.312338726
1.311475958
1.311676224
1.311842207
1.311648661
1.311788608
1.311659393
1.311978259
1.311737974
1.311901325
1.804303507
1.311790543
1.311885141
1.804181917
1.31171586
1.31175417
1.803993363
1.311996636
1.311722384
1.311575438
1.282376032
1.256134805
1.212976965
0.8202146398
0.82001503
0.8200871342
0.8202234268
0.8201392881
0.8201552976
0.8202456882
0.820273003
0.8203742561
0.8202937422
0.8205155097
0.820287369
0.8203646956
0.8200567921
0.8202656648
0.8200754265
0.819973524
0.8199263641
0.819985569
0.8199897042
0.8198068289
0.8195700328
0.8200141967
0.8199812611
0.8201527408
0.8199520923
0.8199717331
0.8199906594
0.8200779469
0.8200021159
0.8200129517
0.8201503804
0.8201013151
0.8201517084
0.819927235
0.8199381143
0.8201761383
0.8189991619
0.8164495098
0.8119725135
0.8021543186
0.7875392906
0.7691458495
0.8207108443
0.8203336764
0.8201484826
1.311921552
1.311294325
0.8196081904
0.8197381942
0.8200038351
1.311431429
0.8199390087
0.8201081541
0.8200202393
0.8201494107
1.312074078
0.8202789866
1.311833721
0.8201392213
0.8200274845
1.311944267
0.8201640765
0.8200818578
0.8199988716
1.311826728
0.8200390255
1.311875649
1.311685595
1.311802971
1.311298598
1.305640785
1.298212148
0.7877868952
2.567115488
2.567981422
2.568124108
2.567913205
2.566268231
2.568009781
2.566602991
2.566763368
2.568397118
2.56702842
2.568431293
2.566274332
2.566792691
2.567250645
2.567609007
2.567368092
2.567604325
2.569299947
2.567604758
2.56735214
2.566973418
2.566732544
2.567450652
2.567749901
2.568029423
2.568045439
2.565914578
2.566475805
2.566817152
2.566710774
2.567451385
2.567372915
2.565499841
2.566725253
2.567975795
2.569565418
2.567338823
2.566565685
2.567196508
2.56746669
2.567362148
2.567203917
2.566972665
2.566722546
2.566821298
2.568262071
2.569364084
2.568323136
2.567097705
2.567466448
2.567501841
2.568090114
2.567249006
2.567201534
2.567146938
2.566659954
2.566942309
2.567010855
2.566042875
2.567266574
2.566858756
2.568322652
2.568318544
2.567643381
2.567130323
2.568558418
2.568227997
2.567022521
0.8201021506
1.3120608
2.566581104
2.568123962
2.567825443
2.567183939
2.566934154
2.568227184
2.567909236
2.567506248
2.567237073
2.56836562
2.568651862
2.568901056
2.566924006
2.56716922
2.567521587
2.56734305
1.311489411
2.568437951
2.568430949
2.567233421
2.568954976
2.566807452
2.566184381
2.566963227
0.8198120805
0.8185683528
0.8201989764
1.309567738
0.8160516533
2.566881334
2.56687583
2.567042129
2.568544025
2.567543117
0.8198896102
0.8200266289
1.311781056
0.8200056598
0.8199662056
1.311689726
0.8196017373
0.8200536033
0.8200733106
0.8201640316
0.8200052516
0.8200602474
0.8201268939
0.8199463123
2.568279398
2.568146955
2.566528322
2.56568344
2.566022788
2.566887043
2.567575747
2.567163173
2.565321025
2.567449007
2.565517857
2.567601507
2.566394188
2.567388735
2.567301208
2.566564982
2.567807939
0.2886519724
0.2844911218
0.2984469654
0.2979049874
0.2976641179
0.2978044504
0.8202875684
0.2976869652
0.2955600501
0.8198843926
0.8200788103
0.820144585
0.2978648247
0.2977201717
0.2977061046
0.2977390253
0.2977345366
0.2978063334
0.2978564164
0.2977250747
0.2977413968
0.2978144998
0.297651273
0.2979547088
0.2975343338
0.2977469947
0.2977431767
0.2978560913
0.2979858985
0.2976510776
0.2978178576
2.566029845
2.565867381
2.565719617
2.568095323
2.568833863
2.566760926
2.566693602
2.567129249
2.56734825
2.567609669
2.566102652
2.568332089
2.566223301
2.566786012
2.566815227
2.565467752
2.566759086
2.567329124
2.566340083
2.566905043
2.565581924
2.567342767
2.567972505
2.566064216
2.567251678
2.567065784
2.566386073
2.567287162
2.566995852
2.566427362
2.566412571
2.566009361
2.567549048
2.566491646
2.565256154
0.2979290576
0.2978384457
0.2977215863
0.2975321231
0.2979181342
0.2977688791
0.297757426
0.2976217789
0.2975238939
0.2977971388
0.819729423
0.2975180123
0.2970201545
0.2973217167
0.2969853393
0.2973161317
0.2974110854
0.2975136643
0.2977333163
0.2978820063
0.2978347655
0.2977935272
0.2979184159
2.568404829
2.567442718
2.5661226
2.566033174
2.566461355
2.56812179
2.565382836
0.8115917938
0.2937201627
0.8015008203
0.2875412266
0.7683386738
2.566741138
2.567106325
2.565756614
2.565688496
2.565614131
2.56682344
0.8199958466
0.819914886
2.566072782
0.8199750138
0.8199768085
0.2982257273
0.2980335282
0.8202057455
2.565784697
0.2977631277
0.2971935184
0.288266539
0.2940701095
0.29593385
0.2977720204
0.8200495416
0.8201701865
0.2977054169
0.297812741
2.567145548
2.566790807
2.56697393
2.567363711
2.567397038
2.566454815
2.568078613
2.566228154
2.567338518
2.566463142
0.8197825419
0.8192635653
0.2980495891
0.297995824
0.2979507131
0.2978480103
0.298205626
2.566202168
0.2975567574
0.2976909401
2.567558171
2.567484829
2.565636416
2.567002778
2.5678378
2.565796815
2.567303108
2.568066602
2.567536414
2.566683208
0.2976310531
0.2976737253
0.2978154726
0.2975935745
0.2978084376
2.565448851
2.566986296
2.565409078
2.566708475
2.567059041
0.2978236979
0.2978994793
0.2977793586
0.2976857025
0.2977507093
0.2981167181
0.2977889662
0.2976305073
0.2977375298
2.568020573
2.566729888
2.565897099
2.567375047
2.565562623
0.2979383711
0.2976802648
0.2980263868
2.565510934
0.29790661
0.2973918008
2.566539973
2.566462971
2.566721075
2.566963047
0.2847743988
0.2973674477
0.2978158996
0.2977150816
0.2977667805
0.2976933538
0.8200414327
0.2878194681
2.568503079
0.8202589506
0.2977274552
2.567075644
1.804003526
2.507764151
2.566528493
2.546089364
2.567368192
1.311910377
2.406526731
2.568527238
0.2977931713
1.804153398
0.8195582872
2.569361498
2.567956577
2.567195319
2.568260258
2.568775681
2.544510452
2.569333736
2.567300623
2.566557803
0.2977109989
2.565933796
0.297775829
2.566480364
2.567102336
0.2982230295
2.567321019
2.566002983
2.567243667
2.567658993
2.566186161
2.567211792
0.3138900782
1.245832906
1.431794171
1.096028368
0.8511636264
0.7948048714
0.7330706377
1.201382218
0.3458043836
0.4792366955
0.6493458594
0.7116210311
1.05068856
1.146316233
1.16570753
1.283476044
0.4317062124
0.6096899027
0.5276786787
1.041195254
1.06870717
1.297410885
1.900652054
0.6178046908
0.9872482005
0.8229994256
6.743833852
1.305246055
1.811806468
1.544989386
0.9590972367
0.5666909066
2.07582593
1.437798377
1.747713678
2.058416629
1.116463345
0.4435663316
1.084159484
0.8137003275
1.388357433
1.307333927
2.618172729
6.641475727
1.378921888
1.124701668
0.9144195121
0.7469334048
1.679064787
1.536520234
0.7918983048
0.8490409972
1.482419409
1.900993694
1.758136739
1.013816643
1.722996115
1.439046726
1.47645509
1.187143616
0.8838300712
1.185741493
0.7093510559
0.7573583245
0.804607482
0.8532286753
0.938647421
1.279924413
2.143296312
1.509222973
1.454486795
1.620740563
2.012748206
1.98891107
0.36605246
2.036523929
0.14480762
0.7338075583
0.5281837234
0.2784944712
0.275862536
0.2563863193
0.3428904042
0.4713749704
0.1142288106
0.2848952056
0.8993809432
1.052817181
1.269905997
0.7339597555
0.8705464804
0.399772387
0.3095363588
0.417446684
1.181663269
1.168680147
1.151696211
1.279539325
0.6181655882
0.6766283235
0.7059919439
0.7385409789
0.7706028047
0.8029771064
0.8144629547
0.8766941988
0.9548978698
1.10941857
1.236917969
1.21356457
1.248262019
1.332761562
1.432515965
0.3344234683
0.3697727355
0.523847241
0.6936389448
0.6541066166
0.810158531
1.024263794
0.5867254366
1.812421093
0.7237767643
0.7277314667
0.985351105
1.572763899
1.400784683
0.9462510885
0.8942482705
0.8591441403
0.8301939068
0.5748961649
2.154907406
2.139573254
2.07542991
1.999426137
1.840014018
1.410559577
0.2455994152
0.4906616627
1.295513016
1.869094027
1.508945365
0.8984680535
0.7791476186
0.7407586297
0.6236994678
0.5126377227
0.3878287339
0.3222180867
0.4994536694
0.3091612475
0.3739338831
1.586676536
1.537360906
1.489398599
1.44052136
1.389195762
1.342909447
1.368921847
1.305654549
1.277294515
1.261015663
1.252663062
1.245496963
1.23821318
1.216757188
1.192231209
1.161463974
1.077603132
0.994882371
0.8957943278
0.872065885
0.8434416344
0.8072324555
1.014166159
0.7695176003
0.7321723842
0.6985216824
0.6710991535
1.850396809
2.059706122
1.66480558
1.702911523
2.036376621
2.390383535
2.619910436
2.638823354
2.825491207
1.534150411
1.014419115
0.3536144878
0.7402253213
0.4414676921
1.566221652
1.663016871
1.256385231
0.8103256045
0.7467308588
0.6739281919
0.5202223282
0.3650911106
0.2053281926
0.1969323367
0.4033582655
1.627970836
1.573792501
1.511083336
1.454849106
1.409151776
1.297194262
1.365841997
1.341921067
1.334440046
1.321430142
1.309152749
1.292896541
1.242414349
1.15528892
1.147866949
1.052862612
0.9801178289
0.9376596701
0.9210050047
0.8928938504
0.8483672889
0.8034761654
0.6742639637
0.7618846062
0.7230231167
0.6902446038
0.6499297586
1.769784051
1.182468125
1.093531786
0.9351877553
0.4216968325
0.3641062368
0.7713327092
1.452396236
1.205220718
1.21822617
1.442827663
0.6120076163
0.8813261013
1.144481283
0.9905855864
0.3505019856
0.7080463703
0.7766843088
0.6832920428
0.1278935255
0.8268138442
0.8293548476
1.832841627
3.167975133
0.3746616035
0.7316694702
0.8092500296
1.744882959
1.255307864
1.261566464
1.479207449
1.199875058
2.40034173
3.646932405
2.149338086
1.360053079
1.210059428
0.7345405161
2.575414827
2.600933904
2.580391632
2.03783379
2.399549993
2.379053004
2.276164321
2.143294465
2.063383047
1.964779359
1.792928454
1.784652928
1.767455644
1.714051283
1.617559014
1.684610802
1.664921979
1.59722627
1.605662509
1.58420678
1.548816288
1.512412474
1.535750722
1.541815847
1.515442487
1.523328105
1.511529069
1.490134281
1.463824543
1.390611982
1.439468317
1.416630431
1.392018753
1.351849121
1.310550124
1.328317944
1.267151758
1.237972149
1.198634814
1.149786145
1.104405752
1.071934758
1.053766748
1.032545321
1.003095875
0.961337387
0.972049916
0.9432041135
0.9206890916
0.9299445184
0.8940974004
0.863848242
0.8391462172
0.8166203553
0.7970636616
0.7837520527
0.771003625
0.7576594748
0.7462313696
0.733531639
1.097003934
1.044094577
0.8047019491
1.575044128
1.668591056
1.415304886
1.398483377
2.080978182
2.321202621
3.030451023
6.987576794
14.73485689
8.812488632
0.5075577408
0.4372641189
0.6559426636
0.6117250972
1.578161025
2.001283469
2.75144174
2.989179134
2.706847138
2.429075449
2.212440774
1.980640666
1.697016852
1.657993814
1.639763747
1.426651563
0.8697355399
1.176952372
0.9813420967
0.9204371203
0.8789734311
1.002683602
0.8706963361
0.759985515
0.4733377643
1.808963725
0.8310189199
0.6313277031
1.873889568
0.421096616
1.404308916
0.917855837
1.408746048
0.7931553291
0.3488153951
0.3466989874
0.7601257289
0.7713656164
0.7979854583
0.8649325414
0.9727521314
1.029420067
1.14213079
1.361005745
1.415775207
1.563809753
3.850776963
3.654444952
3.495240981
3.269378599
3.052254057
2.838320739
2.66883414
2.475700356
2.271109067
2.084925437
1.983453385
1.912831201
1.84863985
1.78001917
1.748235166
1.736787001
1.69500043
1.676221639
1.658595412
1.445260427
1.604143616
1.619221544
0.657939139
0.6349208998
0.5253022505
0.4773616406
0.4612715488
1.493710216
1.320314828
1.471195006
2.729949407
3.963273795
3.450159477
5.681751116
8.423893397
125505.5088
24980.71957
0.07758898663
0.4585732675
0.2630921056
0.1275136847
0.7998725136
2.157151445
3.823615681
1.719130809
4.356909513
2.988650394
2.430297854
2.012713171
1.767191983
1.3173341
0.9651813448
0.7852333703
0.6138692067
0.5242885396
0.5544339797
0.450534992
1.05268603
0.7499211044
0.7987932209
0.5242431458
0.6995909854
0.4038071591
0.396958129
0.2875499329
1.011812739
1.189192205
1.237201341
1.316406423
1.577260674
1.588379414
1.596943409
1.906767562
0.1671015113
0.8185542989
0.7381845458
2.150834612
0.7833331988
2.15291991
0.8409422897
2.156657776
0.8914539876
2.161001709
0.9167910778
0.943439379
2.162104955
1.04355846
2.165598349
2.165062128
1.070189215
2.17236192
2.171179197
2.17633138
1.403286324
2.177862805
1.27535388
1.469493723
1.506579886
2.185237627
2.184503032
2.182747263
2.188469903
1.608123574
2.187369318
2.187582709
1.643743721
2.19019699
2.189293957
1.543136661
2.193357108
2.195197145
1.648543988
2.19774814
2.194507883
2.19842225
2.199152297
2.200649962
2.200323759
2.201794354
2.199413653
1.057575836
2.19972369
2.194838727
2.195714589
2.192382908
2.186031565
2.176860702
2.156229969
2.143526201
2.110834854
2.081843774
2.060501367
2.113562445
2.163597836
2.183610621
2.193836451
0.3996550389
2.188711206
2.181350286
2.176008131
2.168487755
2.162679149
2.149125633
2.131273588
2.126624788
2.128928865
2.132890921
2.137880539
2.137323401
2.143905983
2.143686543
2.156608671
2.179879975
2.175473357
2.157861281
2.18105362
2.172675174
2.185158601
2.143884804
2.171804191
1.509879193
2.046042876
2.189595185
1.097674354
2.166515501
3.639223905
2.143156564
2.199271334
0.9380754552
2.182935847
2.18366174
1.435340652
2.181892117
2.196889665
2.154448917
2.150930809
0.7543467846
2.151628436
2.156996359
2.16169376
2.032611311
2.188411097
2.194146027
2.187758492
2.182187446
2.168336669
0.4806535984
2.171187238
2.180916895
2.186826832
0.885736108
2.148984456
2.20275629
2.191887441
1.541002826
2.198022615
2.155472024
1.120558699
2.162463128
2.17588225
2.194951417
2.178182741
1.69622619
</DataArray>
<DataArray type="Float64" Name="total_energy" format="ascii">
620.6909244
620.2264616
620.3605396
620.2287259
620.2865765
620.2405607
620.3721124
620.4343723
620.2610536
620.2303543
620.224437
620.1875227
620.8659971
621.1949766
621.3020035
620.6815375
620.4542481
620.4564196
620.2464271
620.2656219
620.448752
620.4833778
620.5396421
620.5583323
620.5440184
620.4483983
620.6364296
620.5099075
620.3936196
620.1971927
620.3746587
620.3830878
620.2939629
620.4676962
620.2880202
620.3470785
620.4458035
620.623442
620.7151698
620.4901585
620.3720934
620.6011503
620.6974907
620.5175363
620.3831789
620.5681025
620.4022125
620.612959
620.4479255
620.6374448
620.4354951
620.4145128
620.6204614
620.6142014
620.6298639
620.6427299
620.287047
620.2398188
620.3894315
620.2929553
620.2108092
620.1977751
620.4890276
620.4561269
620.42834
620.3919542
620.4335878
620.4630424
620.2748114
620.4047403
620.4368916
620.4845906
620.5669306
620.6163669
620.5456492
620.7532606
620.6867152
620.7255489
620.500813
620.4346627
620.3622076
620.3477495
620.606987
620.7576949
620.4347868
620.4225003
620.7231633
620.5994907
620.5406518
620.7269082
620.2803383
620.4755758
620.4426094
620.2996835
620.6162332
620.5396861
620.4681815
620.4663469
620.3795165
620.3868532
620.4887902
620.3944133
620.4282049
620.4798122
620.5561003
620.4179065
620.4148794
620.2638782
620.2853805
620.2524869
620.203331
620.464446
620.0715077
620.3432429
620.7855962
620.769247
620.5657955
620.6409439
620.4548228
620.3423643
620.5007681
620.4073463
620.5177116
620.3967329
620.4320267
620.4081719
620.3115999
620.5550755
620.7279497
620.5023898
620.6443626
620.7004565
620.4623443
620.4617031
620.2282335
620.2615744
620.4253569
620.5998147
620.6820511
620.4266767
620.7227651
620.2686756
620.3128325
620.2942759
620.3875616
620.4004201
620.4305578
620.3576241
620.5892163
620.3500899
620.5293814
620.569917
620.5225832
620.5895685
620.6070039
620.5500925
620.6542059
620.4465953
620.4461513
620.4772945
620.389386
620.2540781
620.6068204
620.5457975
620.6157673
620.6380059
620.2843892
620.3397401
620.2947555
620.2910867
620.2939858
620.2622294
620.275543
620.3842966
620.2884627
620.4566671
620.3264096
620.2776505
620.2210384
620.2481891
620.2756743
620.1443665
620.236225
620.5818859
620.1727966
620.7012708
620.8675915
621.3559616
620.7615744
620.3350354
620.5185507
620.3001073
620.461587
620.6289238
620.4564199
620.6421118
620.6343076
620.5776633
620.5090984
620.41825
620.5088058
620.4546094
620.649096
620.3534049
620.2804997
620.3001674
620.3883605
620.5018638
620.422517
620.3405153
620.3986208
620.3485785
620.2875986
620.5277946
620.5192384
620.319004
620.466939
620.2736549
620.4508041
620.5735767
620.4162006
620.3093987
620.4264225
620.2112225
620.2699437
620.3312736
620.8454443
620.4742067
620.8228055
620.5926399
620.6127608
621.0571143
620.4987211
620.3653492
620.3335903
620.3028168
620.2806027
620.2015222
620.2534247
620.5206841
620.4086992
620.3794113
620.5804187
620.1925674
620.5037303
620.3743939
620.3488829
620.382682
620.3245685
620.4179859
620.3384485
620.225075
620.0907242
620.1525253
620.8488956
620.7522515
620.3864735
620.6424157
620.3660719
620.4059462
620.6091958
620.2627143
620.4714867
620.7600568
620.4328512
620.5700246
620.2388959
620.3729252
620.3651235
620.4854849
620.6550602
620.4492915
620.2272519
620.2656681
620.3870473
620.3332114
620.6882284
620.8586816
620.8346477
620.6061926
620.6397258
620.5315558
620.4381413
620.5850193
620.5345638
620.3616451
620.4628794
620.4944526
620.4486391
620.6041439
620.47342
620.4052896
620.3071278
620.5765431
620.6828883
620.4863969
620.4230999
620.4354291
620.3708928
620.6583282
620.7757582
620.4532261
620.5866379
620.4006059
620.3995885
620.3988519
620.2752712
620.2651319
620.529093
620.348884
620.5562274
620.6878656
620.4655262
620.5113679
620.3313431
620.3164149
620.2523401
620.2759844
620.2813232
620.5232797
620.3453299
620.2673372
620.0856406
620.2524525
620.4135599
621.2163789
620.7201971
621.281071
620.8262441
620.6713247
620.5593475
620.7426488
621.2791217
620.2396325
620.2556145
620.1855069
620.7555069
620.3828274
620.4057519
620.3740341
620.7051064
620.4396673
620.4239477
620.1339592
620.2031623
620.5464409
620.4846894
620.5056424
620.3743322
620.5572005
620.5639311
620.3046423
620.2891679
620.420172
620.2964423
620.341729
620.323409
620.6542571
620.2141125
620.257552
620.247543
620.3103332
620.4369375
620.5760028
620.3090457
620.4883772
620.234551
620.5643642
620.866312
620.5214912
620.5470047
620.2976936
620.3621003
620.3991861
620.2411696
620.3910669
620.4492457
620.7629124
620.7308371
620.5364638
620.3529327
620.3907775
620.7027365
620.3345409
620.2533125
620.3130729
620.3049563
620.2571681
620.3891631
620.465328
620.4302807
620.3605274
620.2833936
620.1353001
620.8603497
621.3919761
621.2637559
620.7157887
620.6253114
620.639501
620.6326032
620.5086496
620.570624
620.5315067
620.6022842
620.5771185
620.5255109
620.647113
620.3203472
620.3561377
620.4996937
620.4077536
620.433752
620.4776769
620.5122948
620.4763856
620.2781517
620.2915711
620.5498526
620.5631284
620.3642048
620.3261908
620.2829418
620.222271
620.3989848
620.4198566
620.4790317
620.4223299
620.2216663
620.2513834
620.4552519
620.3963443
620.3482752
620.2125176
620.3243512
620.3521552
620.2575572
620.241259
620.1232143
620.4350216
620.577149
620.6086431
620.6557956
620.5635106
620.5020537
620.4319223
620.695884
620.7556143
620.8825018
620.4564688
620.2435715
620.2631728
620.4242358
620.412688
620.4663888
620.5915215
620.4709196
620.447232
620.6097737
620.3836065
620.440159
620.5103583
620.5872068
620.5853958
620.5154377
620.4181785
620.5133588
620.5290047
620.7369149
620.6879873
620.6102929
620.7420829
620.5374936
620.4183783
620.3065836
620.286257
620.30757
620.2814513
620.3791647
620.5444152
620.3970383
620.4213361
620.450439
620.4206426
620.2775901
620.2872564
620.4746427
620.581161
620.5085155
620.2702231
620.2684497
620.3910024
620.2443002
620.6893004
620.8304432
620.8085206
620.6223453
620.5090148
620.5265602
620.335661
620.2977615
620.406364
620.2446621
620.3953831
620.5372472
620.7300845
620.3409001
620.6105658
620.629471
620.446297
620.2713798
620.390022
620.2537274
620.4788119
620.8376892
620.5799518
620.6392748
620.3908048
620.2738979
620.7203975
620.4139939
620.612102
620.2440528
620.7059213
620.3473289
620.268189
620.5809524
620.3101287
620.2824305
620.2799985
620.5198356
620.6509342
620.7027942
620.705926
620.3625839
620.3112519
620.4564023
620.4760539
620.3563144
620.2490515
620.4390843
620.4403428
620.4986894
620.4010258
620.4523413
620.2815388
620.4320757
620.3233704
620.3214173
620.3621713
620.4188951
620.3161469
620.3149365
620.2344003
620.2621022
620.4024678
620.2867566
620.3265579
620.2470821
620.3806503
620.3166463
620.2500607
620.3968518
620.4647027
620.3583596
620.2886947
620.2842691
620.1178496
620.8844213
621.23918
620.6934649
620.6328185
620.6384358
620.6293599
620.4887649
620.5328051
620.6128685
620.5499406
620.5334382
620.6489129
620.6548478
620.2930217
620.3572299
620.4218926
620.3976796
620.4327956
620.3679808
620.418961
620.7649365
620.7300362
620.5557168
620.3511116
620.3710681
620.595544
620.4777151
620.3431675
620.5311918
620.4671564
620.4045358
620.4160282
620.6523707
620.6818577
620.4889648
620.4144615
620.3971429
620.3504333
620.3953986
620.514071
620.5416557
620.5239207
620.5431617
620.3550598
620.365227
620.5685768
620.5211249
620.4597049
620.3468946
620.4374198
620.4725446
620.3925134
620.2604164
620.403313
620.5076225
620.4163073
620.7043882
620.7394915
620.8728112
620.4665031
620.2331861
620.2524379
620.4078617
620.5888779
620.4667593
620.4273366
620.4222489
620.5827503
620.601913
620.6583455
620.4882614
620.7748358
620.5286877
620.5312158
620.5710541
620.5424438
620.4040069
620.4170897
620.5884428
620.6967622
620.6349515
620.4064631
620.3974539
620.5410717
620.7135524
620.9573601
620.694757
621.3568233
622.0607401
623.5642033
620.3472664
620.2564359
620.3236973
620.7169003
620.8193519
620.8048554
620.5492699
620.640134
620.4993728
620.6238594
620.6342605
620.3829701
620.4427248
620.4976697
620.5844623
620.5966949
620.5171805
620.3916875
620.3861212
620.5157061
620.277407
620.5192558
620.7231545
620.7188393
620.6164835
620.4021939
620.7237917
620.6022949
620.5480464
620.4214354
620.2321061
620.3963241
620.4286153
620.2931405
620.2285384
620.1748431
620.8124533
620.4766568
620.5625046
620.3096266
620.4382831
620.7584494
620.3635313
620.4670249
620.3444093
620.2769341
620.4232478
620.450737
620.5409587
620.6445666
621.3455787
622.2839649
621.8930593
623.502655
620.4518655
620.3994017
620.3565428
620.4260241
620.4562628
620.6800526
620.487587
620.53842
620.4451629
620.3944588
620.5381212
620.6797349
620.6591566
620.5429542
620.2637426
620.4156318
620.5145046
620.4341073
620.5456239
620.4223245
620.3839777
620.2630364
620.3094655
620.3486911
620.5719855
620.5983834
620.5611295
620.4690715
620.3972923
620.431452
620.5254229
620.3814821
620.7604984
620.7366678
620.5712329
620.3590184
621.1555409
621.1843901
620.6523872
620.2523968
620.3462389
620.3263043
620.2417878
620.4632104
620.4090403
620.3606055
620.2905398
620.1010059
620.9252255
621.3779085
621.2183618
620.674231
620.6375434
620.6468318
620.6254866
620.480926
620.5282467
620.5496606
620.5377816
620.6612332
620.3480211
620.3713171
620.4297261
620.4091059
621.259355
621.0805159
621.0487202
620.6722863
621.5207752
620.495503
621.229142
620.4355891
620.5659389
621.3218758
620.5616893
620.6160173
620.5302056
620.6401226
621.1270138
620.4484408
620.6615324
620.2712945
620.3646677
620.4979615
620.395096
620.4377779
620.4846436
620.330159
620.5506646
620.4555636
620.4147801
620.5932003
620.6149818
620.645811
620.337825
620.2621472
620.32937
620.8116595
620.5215422
620.6573957
620.4341465
620.7572123
621.1306874
621.1419334
621.3567144
621.3960198
621.216922
621.1435238
621.177872
621.1232593
621.0848507
621.1225431
621.2309284
621.2609483
620.5970815
621.2464898
621.2611973
621.0902417
621.0940487
621.2838323
621.2430253
621.1805786
621.0832264
621.1571393
621.192514
621.125189
621.0850157
621.0002578
621.1257103
620.5154612
620.4021232
620.7082187
620.7374355
620.4817566
620.223629
620.2453222
620.4211216
620.4060949
620.4503362
620.5886896
620.4692367
620.4111781
620.6463624
620.6548829
620.3767485
620.4453847
620.4947798
620.5824502
620.6056229
620.5239212
620.3954955
620.36627
620.5241482
620.281568
620.5153106
620.72882
620.6734894
620.7179671
620.6248663
620.4008193
620.7187904
620.5549538
620.4272476
621.0939094
620.4708951
620.5770316
620.4328209
620.3660324
620.4045259
621.1527496
620.8860497
620.9900807
621.3725165
621.2100203
621.3719137
621.2569588
621.2526096
621.294584
621.2656315
621.1360616
621.1501396
621.3070517
621.4115519
621.3566925
621.1439989
621.1416411
621.3046293
621.5193032
621.8505417
622.1599107
622.8239611
624.1837723
626.8694996
620.4116986
621.0564827
621.0828795
621.1478526
620.5961758
621.1310911
621.1601437
621.1120654
621.3815266
621.1698433
621.2850033
621.3316078
620.3769895
621.2560699
621.2444248
621.1751311
620.6560224
621.2553769
621.2980806
621.1593477
621.1019634
621.7869339
622.0952413
620.7815465
621.5800363
622.8420568
621.0588124
620.3600837
620.8604827
620.5965136
620.3556913
620.4879525
621.3782133
624.4238968
624.4424203
624.6309947
624.6676271
624.508968
624.4695533
624.420266
624.3899692
624.4199788
624.5148075
624.5466153
624.5960874
624.5383172
624.5450128
624.3981735
624.402752
624.5670071
624.5290282
624.3890609
624.4473379
624.4804036
624.4244131
624.3872981
624.4179016
624.51013
624.6612601
624.7526504
624.5535983
624.5858342
624.5582402
624.444378
624.4568737
624.59498
624.6884134
624.6382079
624.4522725
624.4669351
624.6556188
624.9309944
626.0326022
627.3189315
629.8519769
634.7299116
620.4306985
620.4922243
620.4872776
620.6632989
620.7984684
620.8239494
620.7429056
620.3256056
620.5631376
620.3159358
620.5017623
620.4425172
620.4172182
620.4127855
620.6664809
620.5309606
620.549285
620.6134513
620.5410752
620.6158027
620.6411166
620.2713638
620.3376503
620.3444611
620.312944
620.2983317
621.1833735
624.4118929
621.119091
624.450443
621.1512515
624.4204326
621.5207496
624.5342572
621.1132192
621.283761
624.5470286
621.2811817
624.5724913
621.3542449
624.638997
621.2011935
621.2125022
621.2564037
621.1873556
621.1952305
624.4223416
621.1228778
624.4779702
621.3027123
624.6508418
625.3431635
624.3992789
626.8287583
620.3611251
620.3505215
620.7472124
620.5787155
620.3509688
620.5913643
620.5222391
620.3866756
620.7110517
620.7352581
620.4930796
620.2121513
620.2375797
620.4195446
620.4029015
620.5857354
620.4754325
620.3959103
620.6528675
620.6695372
620.3630819
620.4396076
620.4945448
620.5795042
620.6034709
620.529819
620.4028873
620.3444359
620.3737612
620.4967939
620.7300823
620.669324
620.7170436
620.6371666
620.3958473
620.730882
620.5961585
620.5608335
620.4320235
620.4373768
620.5375278
624.4480589
624.5344806
624.6651516
624.7992785
624.7925924
624.5727978
624.6119833
621.2828749
624.4313621
621.1597575
624.4704514
624.5055126
624.5407412
624.5318896
624.4684863
621.1728731
624.4436462
624.4020048
624.483993
621.3131749
624.4714372
624.5793321
624.4547104
624.413444
624.3106888
624.9784393
621.4832385
627.3473041
630.050203
634.7214926
624.5491033
620.3980354
620.2594216
620.3204892
620.7644228
620.4911397
620.743976
620.7626458
620.2543019
620.6216252
620.5362369
620.5463573
620.09572
620.2469004
620.287682
620.3583113
620.4066943
624.3597453
636.599901
624.4253365
636.6722827
624.406367
636.6816794
636.6990875
636.7294781
624.367889
636.9498469
637.0541658
624.4816174
624.6101494
624.4235834
636.8520561
624.5766825
624.5007823
624.4615492
636.7892773
636.8118218
636.7035589
624.4801169
636.7566114
624.542959
637.0020395
637.4116674
625.9796238
655.3743329
620.2356384
620.3824169
620.4341965
620.5111932
620.4078348
620.396626
620.4441996
620.436143
620.3627488
620.3348866
620.7455559
620.7512776
620.5836158
620.3550585
620.3981429
620.6734383
620.682447
620.542676
620.5577441
620.4770104
620.4677848
620.6391177
620.6510079
621.2066682
620.9670862
620.0885246
620.4061166
620.4613576
620.4582332
620.4167052
620.4184437
620.2311441
620.2509515
620.5892634
620.5744631
620.5306532
620.3728594
620.7120447
620.8648177
620.4950541
620.2009812
620.2309243
620.4179056
620.3997287
620.4313458
620.5814617
620.4724126
620.3821992
620.6613657
620.6936384
620.4317309
620.5761378
620.5993983
620.5322302
620.4141971
620.5414447
620.3480226
620.4770288
620.6726969
620.6522851
620.3661592
620.7473506
620.5890961
620.5704154
620.4238382
620.2913356
620.5724936
620.4391267
636.7012252
636.7322986
636.887469
636.7888947
636.7297783
636.7000097
636.6775475
636.7044481
636.7819465
636.8148858
636.8608681
636.8152237
636.8120499
636.6990717
636.7056766
636.8337895
636.7538708
636.6878316
636.7284273
636.7107871
636.6822695
636.6141554
636.6982634
636.8038496
636.9371197
637.0027492
636.8396248
636.8383118
636.863695
636.8359197
636.7465597
636.7564356
636.8704224
636.9456433
636.8974077
636.7525455
636.7962475
637.0067717
637.3746355
638.0875268
639.2471562
641.6434267
646.3431799
655.327027
620.3959024
620.6134393
620.6223763
620.6083446
620.2859388
620.2573606
620.3177962
620.78554
620.819117
620.8109602
620.4545681
620.6681147
620.4761107
620.4176775
620.7701501
636.7997269
620.6281864
620.587669
621.192865
624.3221918
621.3863969
621.383271
621.0203623
636.7918494
620.3519401
620.221348
620.2484371
624.3917826
621.1505659
636.7945375
636.8710204
636.8422486
624.5827874
636.8743595
636.784178
624.5040023
636.7280856
636.8543368
636.905787
636.7854957
636.7283502
636.7539195
620.3998703
620.6194382
636.7616765
636.8175898
625.4016911
620.3725839
620.8590327
620.3565903
620.7299446
636.9160467
636.7398055
673.5393898
636.6682752
673.5544377
673.6447009
636.7336866
673.6646885
673.6890513
636.6969777
673.687654
674.0068897
636.8505349
673.7035077
636.8027785
673.705276
636.754928
673.682225
636.7518792
673.6715262
636.8388821
636.739772
636.7212714
673.7223159
636.7960918
638.0401394
639.219666
641.694263
646.5111026
620.3800779
620.7479213
620.7545609
620.573375
620.3469758
620.4801701
620.403342
620.5110015
620.4386606
620.4025608
620.6739185
673.597855
673.7852103
673.8013755
673.7053307
673.6501382
673.6338898
673.6024236
673.5832582
673.676948
673.7216256
673.7611438
673.7096957
673.632351
673.6487376
673.7367494
673.7148142
673.6753127
673.6254483
673.6481785
673.6691825
673.6400254
673.6164396
673.5643504
673.7387873
673.8518211
673.8893509
673.7716617
673.7726913
673.7801199
620.6238071
620.5400575
620.4792733
620.600614
620.6248275
621.1482661
620.2343443
620.2829649
620.3382467
620.3494816
620.2439552
620.28688
620.2819416
621.1286619
621.1438087
620.4345968
620.4073843
620.4312634
620.3920937
620.6205932
620.2529056
673.7458093
673.6815501
673.6893419
673.8445204
673.7920227
673.6929419
673.9826501
674.4928338
675.6257356
677.6066818
681.8198365
690.1247046
705.4443833
620.2547847
620.7762342
620.3945761
620.6760541
620.4602041
620.4027996
620.7777271
620.5659863
620.5903168
620.4138415
620.712654
620.7415307
620.8729251
620.4885907
620.1937179
620.1986379
620.4079712
620.3920151
620.5797877
620.4608025
620.6720161
620.3403413
620.4224493
620.4850504
620.5699888
620.598496
620.5292707
620.4252069
620.328521
620.3064653
620.5417142
620.3170229
620.7351284
620.6778965
620.6804585
620.3166032
620.5800469
620.5754877
620.3933971
673.6545808
620.3534895
620.6880761
620.680334
620.5326289
620.6195293
620.5367062
673.7353031
620.5569745
620.6059017
620.6182784
620.5407967
620.2396242
620.2693267
620.3508918
620.3532034
620.352379
620.5390713
621.1710621
620.5082195
636.7548355
673.6149154
620.3883955
673.7824969
620.4163997
620.3703387
620.4467953
620.5805732
620.4468356
620.6093573
620.3193246
620.6280443
620.2993574
620.8194554
620.8167894
620.494724
620.7038715
620.6653639
620.7624141
673.3111693
636.5342705
673.4363617
673.8876109
673.7993846
673.7726473
673.7436871
673.6993185
673.6699783
673.7581059
673.7702676
673.7868931
636.8793664
673.7511995
673.7763912
636.8280656
673.6815685
673.7161451
636.7160123
673.7343814
673.6682369
673.6689531
681.9168106
690.2715009
705.5831946
760.9367629
761.0307165
761.1575398
761.1587763
761.0852949
761.0274624
760.9888521
760.9622331
760.9355714
760.9922899
761.033335
761.1040173
761.1222514
761.131381
761.0767239
761.0291636
761.0538461
761.1167563
761.0368923
761.0672734
761.0569515
761.0048661
761.0036647
761.1442511
761.2335283
761.1840855
761.1792018
761.1739682
761.1287988
761.0804141
761.0877447
761.1649174
761.2257531
761.1637633
761.1017572
761.1743005
761.4082249
762.1305918
763.7217317
766.7337851
773.2954922
786.202532
808.7844563
760.5306943
760.7484599
760.9718981
673.6871675
673.6536036
761.091179
761.315692
761.3682209
673.8051318
761.1744915
761.1687553
761.1505045
761.1629524
673.8064676
761.1662798
673.6550548
761.08352
761.1232159
673.7204577
761.1015414
761.0655875
761.0483803
673.678909
761.0711634
673.6653343
673.6523169
673.7373647
673.9920107
675.6013969
677.6098563
786.3189474
620.3014988
620.6819491
620.7503542
620.757253
620.3076303
620.5247524
620.5149604
620.4801478
620.6277068
620.4838611
621.3837757
620.0944024
620.2431416
620.3417027
620.400069
620.4558366
620.3541259
621.1357831
620.6376622
620.3776744
620.5125944
620.3627587
620.4424009
620.7812972
620.5460534
620.6602545
620.8758901
620.4503973
620.1509735
620.1868193
620.362958
620.3790699
620.5790899
620.4017415
620.601847
620.6718945
620.4043613
620.5836592
620.4234355
620.3677412
620.5588833
620.7632687
620.3392618
620.2462451
620.2691021
620.7087382
620.8076399
620.7093545
620.3374265
620.4422403
620.3429828
620.5624793
620.28863
620.402161
620.4726603
620.6007281
620.512082
620.3804181
620.5416509
620.3984655
620.4259683
620.672286
620.6815823
620.6683754
620.7739471
620.6134678
620.5577343
620.3166226
761.1129763
673.6157528
620.2562485
620.6842145
620.68158
620.61333
620.517715
620.5378697
620.4181893
620.5490422
620.5824779
621.3818327
621.0149362
621.0552099
620.6085001
620.3169598
620.3902531
620.4570607
673.7600595
620.7171508
620.7261044
620.5180906
620.6748444
620.5558747
620.6850682
620.4672531
761.4590673
762.2156186
761.1168796
674.5396049
763.7424431
620.228038
620.2831562
620.4436856
620.9800813
620.5998582
761.0820748
761.0880102
673.9660339
761.155444
761.0577454
673.6428906
761.4540182
761.0491892
761.0651243
760.9070552
761.039189
761.090036
761.0340296
761.0778392
620.690501
620.5618118
620.2425803
620.1782409
620.2828543
620.2000054
620.6185363
620.5952845
620.1112138
620.2710748
620.1366704
620.4411558
620.2507823
620.3875942
620.3894914
620.0938556
620.6840044
923.9201913
903.6458143
882.6612727
882.552291
882.6529574
882.6133919
761.2509876
882.5494575
884.3014034
761.0226718
761.0388608
761.0609437
882.5805064
882.6064576
882.5278144
882.5043076
882.5330469
882.5396328
882.5674803
882.6130126
882.5833795
882.5441746
882.5115764
882.4617741
882.5723818
882.5586903
882.5173626
882.4957876
882.5921208
882.4789085
882.3954487
620.3895488
620.1756966
620.0995087
620.417691
621.059498
620.23484
620.2035825
620.3295553
620.361067
620.3110038
620.1816386
620.7178658
620.4947823
620.1840135
619.9886889
620.1226251
620.1602268
620.3829449
620.2316915
620.2006952
620.1638381
620.3201554
620.6205504
620.0901437
620.2954678
620.4156813
620.4697634
620.4668789
620.4101938
620.2165855
620.1665344
620.0936433
620.2866464
620.2658872
620.0673482
882.5767328
882.5970802
882.5998819
882.6056015
882.5558402
882.5384506
882.5227447
882.5572332
882.6142649
882.5907973
761.2542789
882.7616683
882.823083
882.6998521
882.5762777
882.5372362
882.5123145
882.5197494
882.52399
882.4875294
882.4068404
882.3601214
882.2344509
620.6560942
620.6725269
620.2409447
620.1636174
620.2225592
620.5653854
620.0912432
766.7786813
886.6237391
773.4692042
892.2619499
809.0220481
620.5357529
620.3090252
620.2777242
620.1024765
620.1588002
620.1553688
761.1523328
761.203863
620.2746477
761.0788316
761.0735094
882.4953856
882.7067335
761.1273565
620.0867566
882.5173273
883.208741
892.1585793
886.5888216
884.2854184
882.5299571
761.1337036
761.1117014
882.5342977
882.5799051
620.3525983
620.4473178
620.4293161
620.5095298
620.3640125
620.2098958
620.746756
620.3364318
620.4422384
620.3751673
761.0792456
761.1728606
882.4225691
882.4351163
882.4817854
882.5337236
882.402358
620.1480891
882.5320244
882.5483881
620.4101992
620.330889
620.1501151
620.1433875
620.7408905
620.3347045
620.3839649
620.406424
620.3346933
620.243178
882.5939093
882.6090369
882.5272148
882.6227028
882.6665647
620.1285712
620.4611407
620.1214106
620.1668419
620.3214519
882.5204763
882.5336517
882.5265216
882.5867068
882.3037705
882.0194356
882.5895301
882.5917743
882.5311356
620.7440316
620.5093372
620.1595034
620.4993165
620.1318425
882.5365664
882.5949608
882.5063445
620.1604434
882.6169303
882.6748479
620.2443781
620.2212709
620.4987852
620.7253136
903.6710394
882.4675295
882.4640735
882.4897135
882.6540352
882.5835061
761.0859049
924.0664198
621.0547607
760.8585989
883.13789
620.5806977
637.0684431
620.8122209
620.3560437
620.3503671
620.4923013
673.5928729
621.2071802
620.7170649
882.5183242
636.7267781
761.1311067
620.8243236
620.6230102
620.2741917
620.6014981
621.0038641
620.7996782
621.1374224
620.362878
620.5277232
882.5199798
620.0873541
882.5506045
620.2279236
620.6462431
882.5595996
620.3878954
620.0389644
620.5307864
620.6041117
620.1362188
620.3395821
318.5918024
257.9218278
448.3839254
232.7178524
225.7801554
217.4324438
447.8658887
250.9602251
283.6484905
297.8952421
196.7426446
203.1670914
231.9818454
235.3793301
238.8010116
262.473391
293.1668541
310.2743823
340.7032277
430.0840985
482.2356413
431.0659837
508.4647514
296.182419
227.8712284
337.2801837
477.0259876
396.7895042
308.6082848
294.9964493
221.0952818
254.7450543
319.7965199
249.625884
392.8600836
554.1689194
312.4114544
461.5215726
232.6216806
340.0347808
240.7125507
233.7437178
440.1651906
476.0678722
238.5380492
233.9571058
214.7760551
199.0524502
307.7426103
278.6582495
204.2997349
321.1903206
318.5414966
391.4744653
490.2768242
322.5844546
311.1649072
256.1758602
255.7158259
386.0583225
304.2059043
359.1021869
336.1330058
200.3050262
205.5471207
209.023607
215.8147443
233.5856469
325.9138897
280.6756648
249.670668
297.6089803
319.8730058
573.4120514
416.9747767
328.6603704
329.7767765
421.1035037
396.6852921
299.0387647
285.7611735
281.9958951
286.5204402
318.5560673
331.818426
362.3863711
437.2721505
461.3750447
264.7650055
206.7442136
486.6165868
371.4229349
282.1322638
303.1565185
246.6063689
241.9251631
236.7373213
476.6735632
194.6755976
199.6373446
200.5694221
204.4142177
212.1842068
213.6899338
221.3735598
227.9080237
230.580481
233.9072828
251.2808558
253.6242717
258.3587093
265.1452746
275.4879359
279.7277168
286.5280819
305.1168588
311.52966
314.9413529
323.3292276
442.638811
424.7325105
514.4126793
431.1311503
427.6023486
422.6470345
475.8944876
270.3551888
231.1591192
229.5586404
224.9580131
219.5945913
301.545161
431.6545228
412.982492
400.8260833
396.4579909
395.4235762
361.877943
334.585509
445.9228844
552.3272255
571.6260792
490.9581496
376.0653127
329.7056472
313.2057412
297.6432392
286.7391505
277.2442361
272.985521
292.300898
272.2957068
270.4013019
285.5415516
279.8241501
276.5731073
274.6951295
271.6791003
266.7073803
266.935532
259.6033706
251.97647
245.6482272
241.4406314
238.7582785
237.0271082
235.1192767
236.746344
233.3095696
232.7740852
232.4827209
226.8158179
221.4062948
215.4377473
210.2739761
232.1374938
205.4213446
201.0801282
197.3317908
194.9244506
447.4617803
477.1038229
426.5836663
359.3243742
364.7743424
381.5582502
399.5661396
414.7867286
416.3787951
416.6516949
347.7788083
345.2356311
467.7855069
421.5073413
556.9316003
524.3634955
439.9742983
345.4677858
297.1554699
289.7762049
281.0651264
281.2929386
280.3033793
277.2106607
267.51724
287.3065122
286.5819078
284.3721804
279.6560081
271.3173421
261.7550885
260.7776899
252.0849416
246.0655105
241.9673039
239.1968912
237.0910566
234.6518991
233.9215318
233.5386407
233.8997318
232.0940222
227.9256271
222.7775019
217.1755949
211.5502621
206.3468796
196.9977003
201.7753215
198.0321457
195.350845
194.8874678
296.0302322
235.6657365
232.5197061
231.0080395
283.5418296
280.8766975
209.0215422
531.5676472
241.0196084
245.8741178
259.5572174
360.6550021
212.0578619
234.6447462
230.076783
303.6404813
196.0853051
202.1503136
377.421281
255.4764462
206.8890533
493.8472942
508.4265902
395.1355176
253.780664
363.3090973
308.2207228
303.0264842
397.9703119
257.019038
268.4343501
238.4602692
424.9189822
457.1674388
382.8409186
237.3180984
233.7249704
198.0648016
344.3904179
353.0119955
353.9640776
316.1601448
344.1490796
352.4718015
347.3323147
343.0466491
342.4563383
338.1617456
331.225501
331.4966425
326.841292
319.7808075
310.5373957
309.6912584
305.1395129
294.1934123
289.6932063
280.5239611
272.2230178
265.2389932
261.9762399
258.8181738
254.5111753
253.3520216
250.4697273
247.6159387
244.5920342
242.3433886
241.1937422
238.375496
236.6895452
233.3841039
232.2701345
235.9199329
233.4198127
235.3133426
236.004718
236.7950531
236.4758918
235.0350912
232.1829941
228.4223275
226.0186584
221.0701355
224.2221537
218.1473493
216.1210996
216.9063408
213.7948267
211.3361829
209.4506351
207.3614047
206.2440081
204.4716939
201.7953948
200.5688067
199.6299391
199.052196
346.1919392
314.6395505
282.357076
351.5821778
359.5490165
312.9349207
358.7095321
396.8532959
437.4824479
465.8453243
512.7466359
513.1724156
457.1790851
303.6291664
246.3453423
363.4520592
261.1771029
506.8359958
552.1334113
552.1979468
559.1174826
556.9268995
541.0464189
510.7113886
474.4090539
438.9157901
418.7484691
388.6084382
378.3397771
392.1586698
378.4806575
414.0453193
460.4114787
511.6615226
494.4662127
480.1429037
417.7315545
383.1426265
302.4669023
282.4011482
273.2523923
351.9693659
210.5707248
542.3655739
307.1627723
433.2434395
321.5954075
275.316376
278.4988824
200.6506636
202.8995158
207.2698438
213.1915217
222.8152377
232.7746545
229.1771486
231.800241
245.6072997
252.2591777
350.6394619
355.2989803
358.7264282
358.486978
361.5870913
364.2716158
365.4263246
365.5288534
363.2240079
359.9851738
359.0867666
356.9967212
352.6092317
345.2535551
337.49738
326.9890712
315.8854507
307.1792687
299.1438386
251.3170592
268.1308074
281.4912726
282.3670896
280.8777389
282.1631329
279.5864318
279.0402791
355.6809047
367.5275096
351.2172008
356.7182134
398.4737421
438.9293325
465.3626686
520.7752701
531.1747802
457.8895709
303.5002759
284.2442528
315.6512112
323.586722
540.388961
545.9030536
553.122689
583.4824023
564.992645
554.1880862
532.9824932
504.1576765
470.2581479
447.6823566
435.4989906
437.1915304
428.1731792
431.3437829
402.1238749
404.5647674
381.2778946
489.4467036
541.6170986
524.321852
634.530452
480.914614
480.3535288
324.651927
226.1053088
228.2161213
228.1516032
229.5013975
255.8226982
260.6483671
296.2158281
310.1172656
364.1047544
209.1734345
198.1299817
497.073873
205.2323259
497.4995709
211.3120901
497.7082668
215.2458648
498.2592814
217.4494431
219.7501818
498.2452226
227.8927657
498.6529954
497.9678854
229.3781104
499.5287764
499.6231722
500.8122384
235.0321183
500.8662062
228.4430363
241.3836896
245.580013
501.8743131
501.5765083
501.9222355
502.6885884
275.2361221
503.010021
503.4563737
290.6147066
503.9492167
503.7216941
286.4138797
504.7857781
505.7089165
302.0833173
505.7085147
505.4004086
505.7414673
505.8259876
505.7414192
505.9801888
506.4028282
506.4755464
301.0544067
506.7843086
505.9352666
506.2891611
506.2219249
506.9767884
506.8600403
504.9676585
505.1218271
505.7913309
506.3138321
511.4642853
508.2164963
505.442077
505.0043534
505.9710083
347.621922
505.960026
504.5834322
507.7133658
507.7021401
507.9369977
508.0571362
507.7157693
507.3237832
506.7308271
506.2817707
506.2379269
506.5359211
506.6790251
505.705481
505.9437937
506.776774
507.2509051
507.3910406
507.3603758
508.4558799
507.9054291
506.7328521
504.4814312
363.606956
506.3585096
504.5813467
230.0452921
498.9775019
565.1623114
508.2436713
506.3009409
326.0955917
501.6323098
501.8608649
237.8299368
501.6672529
505.8016386
497.5148464
497.771592
199.2543153
497.4147214
497.9086569
498.3225343
510.848095
503.7991088
504.9590304
502.891506
501.7789201
498.9850476
389.3437412
499.4415175
500.9817252
502.5196806
290.6809749
496.9734111
506.3275643
505.159622
249.219139
505.5294254
497.6980322
229.6687962
498.2794274
500.6071737
505.4627279
507.8715634
290.3644559
</DataArray>
<DataArray type="Float64" Name="temperature" format="ascii">
87.2016254
87.23578765
87.18253894
87.23244631
87.23903338
87.1930042
87.18451493
87.20561446
87.3141576
87.32492441
87.21655694
87.14551695
87.18302454
87.25081949
87.19830962
87.25222095
87.17779937
87.32471286
87.23334922
87.22375125
87.18382763
87.17006031
87.2196905
87.23626105
87.21038501
87.24694621
87.217676
87.22719216
87.21453544
87.31909508
87.21369785
87.22841076
87.30685095
87.20757427
87.23571179
87.33624043
87.20090133
87.22318415
87.20734934
87.23814798
87.17109044
87.20881495
87.22334873
87.20900576
87.34111629
87.18095296
87.22308655
87.2172517
87.31031922
87.24474382
87.26252562
87.33142211
87.1876553
87.19289306
87.22179788
87.21361876
87.31928208
87.23822691
87.2150309
87.18070186
87.31100054
87.20309887
87.19165288
87.20845357
87.20563475
87.20882409
87.19827878
87.22437859
87.31668967
87.18201891
87.24137811
87.25417387
87.24376256
87.2363297
87.15529958
87.21302814
87.14648695
87.2160415
87.2065278
87.1967768
87.20947137
87.29473217
87.18619291
87.21295812
87.21191628
87.32135595
87.21669725
87.25419739
87.32015065
87.21164897
87.21010081
87.21703669
87.23062291
87.24089654
87.26775173
87.23623645
87.21473648
87.24087485
87.19390198
87.16410968
87.21224048
87.20675979
87.21845941
87.22031529
87.23971742
87.20224014
87.24554313
87.21337429
87.19295007
87.2070608
87.23908894
87.22675072
87.30253028
87.23785021
87.25404879
87.2212264
87.23823263
87.33037084
87.2067983
87.22516764
87.2161784
87.24639349
87.20531108
87.20127331
87.32210493
87.32288608
87.20594014
87.25157148
87.23471353
87.18751159
87.25805474
87.25798894
87.19291881
87.32045458
87.32546742
87.33387039
87.20504516
87.25729103
87.21487294
87.32445786
87.19728004
87.20365856
87.1959643
87.19829467
87.19051474
87.18860024
87.19059093
87.20456362
87.23470379
87.32484356
87.19582081
87.21733005
87.18132297
87.21666318
87.21778193
87.24240121
87.22134856
87.21324045
87.20750178
87.21718488
87.20878381
87.53883765
87.21437157
87.53003287
87.23722665
87.22954109
87.53377267
87.19970479
87.19909091
87.31007599
87.51962529
87.18785506
87.53744799
87.23815213
87.5287118
87.19883449
87.217317
87.22080553
87.53356642
87.53493901
87.20547115
87.53544871
87.21382096
87.55864566
87.19879214
87.55354649
87.20603802
87.22517963
87.22169911
87.54421386
87.22819636
87.55088124
87.54842916
87.2211067
87.52158528
87.25044371
87.23389831
87.20992642
87.21440075
87.54057192
87.23607988
87.55297499
87.2191305
87.19982235
87.54325843
87.32245234
87.52729878
87.2065779
87.21216276
87.54376099
87.3250484
87.2091318
87.52619194
87.1942415
87.23650522
87.51665045
87.22950084
87.54145591
87.20871473
87.26747136
87.54574613
87.53212744
87.16047993
87.53296088
87.15450338
87.15509864
87.16732302
87.56462217
87.18720233
87.19141592
87.19402151
87.71314997
87.21379243
87.17664472
87.20882295
87.51732722
87.52419076
87.52772295
87.53169283
87.23230088
87.29718683
87.54013934
87.18034287
87.52971857
87.2186127
87.5228537
87.5398974
87.29614222
87.53059459
87.19737601
87.52371099
87.52037496
87.51309901
87.31348
87.26508639
87.20828067
87.55094309
87.54029624
87.54216833
87.53239405
87.19877399
87.54012391
87.55064318
87.22674962
87.18970912
87.54242503
87.53410365
87.21107404
87.53626917
87.54740411
87.23390805
87.19537486
87.52598247
87.18712724
87.54349114
87.1870791
87.17060291
87.16488968
87.19340413
87.20977419
87.25332103
87.22817532
87.18047059
87.24216719
87.22329862
87.19635031
87.18374691
87.19940443
87.53410339
87.18923369
87.22386788
87.18841925
87.30629885
87.22363936
87.1986728
87.20738629
87.55594657
87.53221409
87.19780177
87.20919799
87.22777187
87.22117062
87.24115591
87.53568574
87.52488256
87.21889087
87.21421204
87.53847712
87.23135609
87.54437492
87.5464543
87.21216499
87.18330792
87.18791592
87.34305886
87.54858692
87.2073958
87.53369655
87.19588753
87.54858741
87.21756297
87.52322832
87.1469058
87.32586272
87.52367615
87.23386538
87.18831566
87.21402594
87.19592933
87.23681518
87.26589612
87.22221733
87.21565504
87.53678591
87.54273784
87.19562582
87.22601841
87.18958964
87.20774523
87.22734768
87.23198399
87.20529817
87.52020049
87.16099677
87.14808513
87.19876387
87.54392874
87.18105262
87.53582309
87.25107436
87.25777993
87.52927334
87.19183683
87.53977917
87.53157441
87.19323341
87.23025674
87.56025333
87.51710185
87.51676515
87.30718856
87.20640842
87.27667589
87.22284739
87.16487083
87.19287783
87.54386347
87.54314509
87.61593869
87.58089239
87.54077836
87.32669556
87.20963155
87.53397029
87.54045794
87.20082424
87.20233549
87.2276383
87.23634343
87.2609679
87.23532312
87.21198851
87.20948139
87.20579874
87.20724834
87.19146419
87.19783102
87.19129822
87.19370936
87.20430403
87.19877599
87.20473186
87.2045121
87.21497485
87.21057848
87.24757651
87.21906401
87.22795464
87.21939739
87.2530676
87.23266282
87.21469267
87.21532918
87.19970895
87.21854086
87.23971748
87.25105318
87.22411881
87.20479809
87.21060583
87.23287918
87.22395752
87.21128857
87.21759943
87.23986367
87.22950156
88.15378828
88.16034974
88.16201029
88.14711028
88.15994705
88.13523128
88.14080615
88.14346734
88.14974704
88.15081638
88.16610896
88.14241018
88.14528714
88.16085106
88.15067231
88.13988508
88.15539843
88.14348257
88.14727812
88.14040111
88.13734222
88.15245132
88.13131073
87.21619478
87.22116831
87.23688585
87.23549385
87.20522266
87.21751611
87.21730297
87.20152723
87.22137531
87.28015279
87.23212336
87.21476612
87.19736568
87.19989541
87.20497202
87.22021001
87.25919753
87.22093752
87.18902358
87.18007357
87.1916993
87.21490417
87.22750069
87.24422852
87.26426912
87.23778651
87.24889839
87.22820994
87.22568419
87.21978856
87.21559485
87.21640527
87.21698274
87.18866866
87.18340965
88.15643867
88.14571165
88.14475241
88.13655759
88.16475835
88.17171362
88.15783392
88.17112418
88.14960766
88.14967123
88.15559116
88.15593781
88.1658266
88.15819065
88.14821496
88.1503872
88.15984038
87.20801454
87.18872112
87.16982662
87.1763966
87.19985039
87.25515667
87.22444793
88.16004653
88.14649592
87.53467803
88.14442184
88.15541849
88.15596904
88.17056951
88.19346409
87.52889116
88.16745161
88.2205009
87.18634912
88.14712293
87.53433749
87.54621888
87.53044353
87.24701563
87.21595034
87.18609017
87.21878239
87.545557
87.21837736
87.20441065
87.1960526
87.21523979
87.55501105
87.53412016
88.14759079
87.2150408
88.13596477
88.13360461
88.15253594
87.54435477
87.22086556
88.16887237
88.17214455
88.16069942
88.16721616
88.16440563
88.14062974
88.15135393
88.15902124
88.15724529
88.15541681
88.15981911
88.15221383
88.16787624
88.15872888
87.2171699
87.23942106
88.1499309
88.15856699
88.15014656
88.14310055
88.14839574
88.1494149
88.14408249
88.16239774
88.1540444
87.20572614
87.21043456
87.20702314
87.19554141
87.19263184
87.19372626
87.20827432
87.20491875
87.20125256
87.23409313
87.21540592
87.20858003
87.21727553
87.2277516
87.22046319
87.25433643
87.23267369
87.21438207
87.20624549
87.22194273
87.24072849
87.24924851
87.22358451
87.21832217
87.20584386
87.21066754
87.21702412
87.22505653
87.20891058
87.20330311
87.2056871
87.22793455
87.23622515
87.25780816
87.23761855
87.21341334
87.20267098
87.21771846
87.21114394
87.239123
87.23059998
89.92621288
89.93310777
89.93570054
89.92289507
89.9337284
89.92783577
89.91518458
89.91706004
89.92063047
89.92300198
89.92402129
89.92847008
89.91868433
89.91941102
89.93331308
89.92579762
89.91592235
89.92899249
89.91831574
89.92227805
89.91591198
89.91382184
89.90910194
89.91393731
87.21692342
87.22110738
87.1992589
87.2142381
87.28750255
87.22899034
87.21692344
87.19570875
87.20514417
87.26815204
87.22663397
87.19116584
87.21592534
87.22269828
87.23356798
87.23526663
89.93680572
89.93366066
89.93245226
89.94474751
89.92602804
89.92611137
89.92963478
89.93060222
89.93947709
89.93290113
89.92551467
89.92628952
89.93701134
89.93852443
89.96463749
90.01461395
88.20550196
90.26181925
90.60752402
91.27103282
87.21707772
87.18884095
87.18589578
87.1646276
87.17983092
87.20015252
87.21782619
87.25234169
87.2194344
87.17646509
87.17346171
87.18905727
87.21021768
87.22890501
87.24603258
87.25586077
87.24166602
87.2190444
87.25631946
87.23300419
87.19428204
87.2240983
87.22165095
87.21822058
87.21549577
87.19331968
87.21961501
87.19701275
87.18795533
87.17997156
88.13183404
89.92536809
88.14119945
88.13996203
88.14997632
88.15188786
89.94854201
89.92734107
89.94083178
88.14777202
87.18726715
87.2086989
89.92851317
89.9206554
88.13454062
88.15624731
88.16047514
88.13853021
89.94447175
88.17723756
88.4003584
90.60881735
88.66021318
91.28491458
89.91171349
88.15511792
89.9268266
87.19918598
87.21982545
87.21548913
89.93254385
89.92509837
89.91891035
89.92921367
89.93375016
87.21175234
88.15753425
87.55739956
87.53995675
87.19873974
87.18979419
89.91931409
89.91782215
89.91620733
89.9286916
88.15190283
89.92832502
89.92545517
88.17448748
89.91894288
89.93292572
89.92258618
89.93223392
89.92252147
89.92054419
87.21068335
87.227597
87.23391029
87.25976305
87.21285914
87.21686472
87.21863408
87.21264932
87.21172763
87.20554229
87.18827757
87.19247689
87.21085306
87.19746706
87.20409294
87.20051973
87.21338816
87.21189017
87.26223767
87.21832775
87.22472945
87.22047981
87.26552807
87.23256755
87.21074135
87.18778802
87.23889083
87.25617559
87.22149595
89.90062786
89.91695214
89.90962853
89.90856523
94.77383428
94.78267031
94.78859345
89.94973226
94.80380719
89.93636815
94.79445501
89.94215063
89.93892099
94.77813747
89.93007755
89.93471692
89.92753226
89.93402512
94.78508576
89.92416797
87.21756735
87.20424614
87.21039407
87.23270504
87.22479817
87.20616609
87.21573858
87.21092312
87.2446432
87.22999322
87.21440321
87.22429785
87.23017322
87.23304707
87.22274798
87.19316937
87.18167411
87.19841676
87.22022965
87.26297233
87.18909038
87.21010882
94.77588418
94.78462642
94.78879033
94.77885899
94.78706583
94.78070638
94.76684558
94.76746664
94.76856693
94.77217027
94.7738149
94.7760699
89.93843886
94.781739
94.77367109
94.77315732
94.78542216
94.78092644
94.77265277
94.78191096
94.77341037
94.77649031
94.77166718
94.77164981
94.78184252
94.76829956
94.77116628
87.21648712
87.2216225
87.19793508
87.21253173
87.22812861
87.21636388
87.19390796
87.19884351
87.20451908
87.21848076
87.27807422
87.23148197
87.19450162
87.16812345
87.16765844
87.18878116
87.21314629
87.22931763
87.24843102
87.25898498
87.24420305
87.21894584
87.25992672
87.23849871
87.18777744
87.2275113
87.2211531
87.21352587
87.21837131
87.21381368
87.19001972
87.22486363
87.18683107
87.17495208
94.78145199
89.91140873
89.91600579
89.92319192
89.92526623
89.92251096
94.78270267
90.00310935
90.09889987
90.27112839
94.78948733
94.79766042
94.78806512
94.79913266
94.78375971
94.78275018
94.78383132
94.78549685
94.79334456
94.78887476
94.78333826
94.78345068
94.79702346
94.80867796
94.86312888
94.97695486
95.17693806
95.61107564
96.44856543
98.03964001
87.19343547
94.73885934
94.76003116
94.75950777
87.24955087
94.76102803
94.77382636
94.78760813
94.80792684
94.79788655
94.79441584
94.78984081
89.93268344
94.78353694
94.77610989
94.77859573
89.94443027
94.78724083
94.77348322
94.77822049
94.78223351
94.97220445
95.19211862
89.96352191
94.86627824
95.62614162
90.08462099
87.20236107
87.29133456
87.19531658
87.21078958
87.23567933
87.25263355
106.8728864
106.8872152
106.8941628
106.8870288
106.8915887
106.8707581
106.8678958
106.8676447
106.8721914
106.8721608
106.8785195
106.8908661
106.8881111
106.8781728
106.878474
106.8902033
106.8884117
106.88308
106.8807797
106.8815746
106.8798089
106.8831875
106.8894146
106.8780523
106.8971243
106.9056491
106.8988012
106.8983655
106.8960178
106.8917843
106.8910632
106.8930937
106.9001097
106.8995867
106.8933272
106.8941917
106.9135339
106.9392686
107.0495115
107.7325089
108.6640447
110.4442246
113.7537621
87.18909969
87.21645097
87.21683273
87.27595689
87.19470908
87.18011771
87.16560119
87.18099484
87.25251736
87.21135777
87.21626289
87.20295662
87.2149761
87.21235182
87.21698451
87.26152517
87.24251212
87.22152075
87.20168538
87.23276957
87.21964311
87.22757277
87.186169
87.2043974
87.20751047
87.21093859
87.22322564
106.860383
94.77649444
106.8801783
94.77385827
106.9034064
94.80735508
106.9102135
94.78665683
94.78815899
106.8931151
94.79369587
106.8995913
94.78773695
106.8938207
94.7788717
94.78710315
94.77976017
94.77552807
94.7679784
106.8881546
94.78234496
106.8957395
94.81577343
106.9506341
107.2921374
96.45543113
98.06356608
87.20107771
87.21482935
87.22853108
87.26276619
87.23711412
87.19431103
87.21521201
87.22284886
87.19768624
87.21101224
87.24305071
87.21386175
87.19232454
87.19817112
87.20409179
87.28807209
87.23519761
87.19734295
87.15920068
87.16580487
87.18848375
87.21751956
87.22986019
87.25054612
87.26381731
87.24695211
87.21999241
87.26186776
87.21928054
87.23075761
87.2208022
87.21227575
87.21727438
87.21206584
87.18996694
87.23449626
87.19416471
87.18532693
87.17584862
87.21191986
87.24742616
106.8858166
106.8802237
106.9246584
106.9270968
106.923521
106.8958143
106.8978039
94.78563534
106.8889834
94.77768948
106.8857241
106.8948571
106.8860961
106.8827092
106.8817619
94.7746876
106.8841042
106.8869925
106.8755224
94.78956598
106.8858149
106.8824029
106.8855
106.8927096
106.8818067
107.0611452
94.79006418
108.6935599
110.4549543
113.8001526
106.9077402
87.22761489
87.20028633
87.19082924
87.17137081
87.22205097
87.23048044
87.21239031
87.20307673
87.22165458
87.18682109
87.19816254
87.21128569
87.21870987
87.20124395
87.20407241
87.19658171
106.8446481
133.1813144
106.8543976
133.2035495
106.8763942
133.2355965
133.2791594
133.2887996
106.9092183
133.3138808
133.3106838
106.907611
106.8906795
106.8937496
133.2634762
106.894467
106.8871258
106.8862385
133.2666846
133.2547287
133.2575167
106.882532
133.2446964
106.8939907
133.3559195
133.5579305
107.7519172
145.5727271
87.2023682
87.20887138
87.20337978
87.23659402
87.20961113
87.22975646
87.2005775
87.20559219
87.20024439
87.21350724
87.22687953
87.22831061
87.26350849
87.24227612
87.21077138
87.21874097
87.21662834
87.2462653
87.19898592
87.21075162
87.20965701
87.21993826
87.22381608
87.22701708
87.22010149
87.20952129
87.19698145
87.21317204
87.21516947
87.19561937
87.19922621
87.19224578
87.21231326
87.21705982
87.19239164
87.21117131
87.22355588
87.19871156
87.3010781
87.25899306
87.20965177
87.19116237
87.19811374
87.20349534
87.20644615
87.29731386
87.23528859
87.19740941
87.15469972
87.16784791
87.2205254
87.25258756
87.2667533
87.24924982
87.22186616
87.25552152
87.21028181
87.2319122
87.20889427
87.21057791
87.19691419
87.24434464
87.18719883
87.18488544
87.18282021
87.20862435
87.26034477
87.22628952
133.2274975
133.2535048
133.265341
133.2579835
133.2490179
133.2257366
133.2220197
133.230482
133.2270483
133.2434679
133.2538016
133.260675
133.2425848
133.2458855
133.2599976
133.259002
133.2513526
133.250739
133.2481379
133.2593921
133.2599059
133.2606721
133.2455839
133.2730093
133.2818581
133.2722923
133.2770442
133.2837593
133.2740764
133.2639725
133.2623217
133.2640871
133.2709444
133.2767354
133.2658247
133.2694131
133.2966246
133.3351553
133.5309521
133.9642855
134.774158
136.4718484
139.68644
145.4892337
87.21218388
87.22574264
87.22923314
87.22867012
87.22783416
87.20754841
87.18952939
87.17976394
87.18011406
87.19803767
87.22124285
87.28714204
87.21602733
87.19336388
87.21153111
133.258991
87.25013404
87.23017084
87.23162596
106.811073
87.29160721
87.27723617
87.23162582
133.2479792
87.20470756
87.19328129
87.21280762
106.8960795
87.22014642
133.2824618
133.2850089
133.2975528
106.9051599
133.2673288
133.2613485
106.8912825
133.264765
133.2713657
133.264494
133.2581906
133.2539658
133.2593334
87.21239634
87.22865158
133.252404
133.2665998
107.2883667
87.21202304
87.29472907
87.18883582
87.2238906
133.2583286
133.2321467
181.7752566
133.21619
181.7950914
181.8435243
133.2638821
181.8704624
181.9044821
133.3046959
181.9340651
181.9748019
133.2732454
181.8542784
133.2507138
181.843576
133.2563596
181.8538023
133.2507153
181.8444266
133.2526454
133.256378
133.2677771
181.8493008
133.2669338
133.980586
134.8026451
136.5283398
139.6978282
87.20547248
87.22476994
87.2299222
87.26131981
87.24498536
87.20548445
87.2070958
87.23930149
87.19247657
87.22062869
87.21614061
181.8045362
181.8656379
181.8571941
181.849496
181.835743
181.8144845
181.8047275
181.7944466
181.8037116
181.8342586
181.84088
181.831569
181.8371491
181.8545294
181.8561004
181.8643593
181.8417963
181.8447108
181.8391533
181.8488474
181.8617404
181.8540184
181.8664453
181.875822
181.8860561
181.8753747
181.8845007
181.8870762
181.8798048
87.22534696
87.18667393
87.20762372
87.22659259
87.25789051
87.22742663
87.21452786
87.20237546
87.18508899
87.19843413
87.21276662
87.213101
87.21448516
87.23364519
87.2232963
87.2035479
87.22553644
87.22397201
87.20769784
87.22981498
87.22804873
181.8625123
181.8584789
181.859653
181.8836532
181.865014
181.8704402
181.9444798
182.2353954
182.8948164
184.1059273
186.6749954
191.4828653
199.7575119
87.21279404
87.1896739
87.2064715
87.29588523
87.21453322
87.19164308
87.19521674
87.19436513
87.19637779
87.22242246
87.20150923
87.20793988
87.31402662
87.26624692
87.20823594
87.19383704
87.19992311
87.2034761
87.30683096
87.2308657
87.15155226
87.19133908
87.22118515
87.23141172
87.25455988
87.26804678
87.24915542
87.22556343
87.2655009
87.26027978
87.26670966
87.19735623
87.23104843
87.20934774
87.20608499
87.20917227
87.18437099
87.18324959
87.19345095
181.8446729
87.20076949
87.21760021
87.2156389
87.24757469
87.23323371
87.18712927
181.8611287
87.20301141
87.19510162
87.22386968
87.23395991
87.21301153
87.20525409
87.19571142
87.19159527
87.18950407
87.22168908
87.22837605
87.23415777
133.2513036
181.8363329
87.23119093
181.8685027
87.20303992
87.19741955
87.2035259
87.26733793
87.22836532
87.22842191
87.22577857
87.23055543
87.20345825
87.18151666
87.20843358
87.23193938
87.2132835
87.2115431
87.25437721
181.6510379
133.125353
181.7365815
181.9361595
181.8942818
181.8720982
181.8817313
181.8571366
181.8608655
181.8559065
181.8808538
181.8706132
133.2702066
181.8709668
181.8692377
133.2680365
181.8589037
181.8647836
133.2578679
181.8478463
181.8547167
181.8681576
186.7680983
191.5020541
199.8865012
256.1277698
256.1791564
256.2147082
256.2016283
256.1852258
256.1641741
256.1422288
256.1305649
256.1115667
256.1386283
256.1304846
256.1768652
256.1753452
256.2089072
256.1698277
256.1726543
256.1910514
256.2168979
256.1841519
256.1939696
256.2085993
256.2145034
256.1701326
256.2207181
256.2337897
256.2370156
256.2334269
256.2297911
256.2059433
256.1971642
256.198559
256.2109288
256.2362653
256.2104088
256.2117625
256.2351058
256.2902755
256.6500912
257.4389606
258.8996494
262.0970974
267.948745
277.5408373
255.9419872
256.0526062
256.1461456
181.8418715
181.8893577
256.239786
256.3025005
256.2938763
181.9179072
256.2350815
256.216402
256.2189637
256.2103634
181.8603206
256.198652
181.8411213
256.184635
256.2090605
181.8488093
256.1882401
256.1842783
256.1867021
181.8481907
256.190396
181.8401163
181.8537356
181.8661117
181.9803436
182.9267864
184.1457057
267.9634854
87.20603085
87.22134919
87.22467387
87.23493769
87.24423486
87.19800978
87.25863366
87.24666775
87.19541297
87.23550615
87.30013005
87.21397616
87.21204978
87.20572756
87.19814298
87.21659658
87.19189185
87.22700436
87.23172431
87.20631225
87.24197033
87.23152013
87.21107
87.24551449
87.20013774
87.21547977
87.33976573
87.25516202
87.19801232
87.2077399
87.19987101
87.20559308
87.31631257
87.23732302
87.21034075
87.15017251
87.21065042
87.26993934
87.21960299
87.19986905
87.23134364
87.26705034
87.21763356
87.21557731
87.21443941
87.21274738
87.17809834
87.21014351
87.21186542
87.21035143
87.19484039
87.19977221
87.19833899
87.21639076
87.22870774
87.26818268
87.24326962
87.22173691
87.28708848
87.2130052
87.23484487
87.20495669
87.2064438
87.23433882
87.27179656
87.18630771
87.19303148
87.21225357
256.1982207
181.8100436
87.22321747
87.2153867
87.2281709
87.24685261
87.24442109
87.19027618
87.18746394
87.2236097
87.24017324
87.30275349
87.23858937
87.23326494
87.25763285
87.20583692
87.20061471
87.21787215
181.9005102
87.20618054
87.20774691
87.23128278
87.17746432
87.25537221
87.30101917
87.23604472
256.3434508
256.7214173
256.1899472
182.2844835
257.4854033
87.20602007
87.2140124
87.22925355
87.23844539
87.22912747
256.2088617
256.1972943
181.9298144
256.2220701
256.1930886
181.8508186
256.3625837
256.1815558
256.1849687
256.1227801
256.1829765
256.1946477
256.1691968
256.2018223
87.20942156
87.19717443
87.22362166
87.2518168
87.25157109
87.20182707
87.23031466
87.2452311
87.25836669
87.18706041
87.25326917
87.20424822
87.2306872
87.20609426
87.21021754
87.20109141
87.22928302
361.1427642
353.4485263
344.4734227
344.4613055
344.5140984
344.4907901
256.2263136
344.4724205
345.2752637
256.1893809
256.1755835
256.1765047
344.4745699
344.4928075
344.4629003
344.4518805
344.4633494
344.4618958
344.4699572
344.4950912
344.4826103
344.4632107
344.4596347
344.4231887
344.4899191
344.4726601
344.4567434
344.4419935
344.4723135
344.4468948
344.4049738
87.26626797
87.24334894
87.23914518
87.17919752
87.23682828
87.21228228
87.21085375
87.20936886
87.20414917
87.18559556
87.23381306
87.21094492
87.27253854
87.20403009
87.17527864
87.25350229
87.20187184
87.20806725
87.23038712
87.20113095
87.25426661
87.19863979
87.21311401
87.22263763
87.19918249
87.22427388
87.26184205
87.22171517
87.22658443
87.22441567
87.21802861
87.22554769
87.18484233
87.2285158
87.25505468
344.4694954
344.4825177
344.4901617
344.5030094
344.4619536
344.4635338
344.4580455
344.4791078
344.5068518
344.4823811
256.2826938
344.5647167
344.616559
344.5515805
344.5221636
344.4884179
344.4733747
344.470533
344.4598827
344.4373174
344.4084724
344.3925488
344.3364994
87.1990616
87.24376687
87.24127555
87.23434088
87.22375757
87.19878515
87.25283095
258.9526431
346.2846338
262.2211731
348.8292476
277.7051544
87.25546659
87.20749271
87.2625861
87.24093474
87.25213771
87.19835327
256.2219945
256.2473575
87.24821251
256.1993148
256.1973455
344.4211031
344.5143744
256.1928034
87.23448217
344.4556115
344.7573989
348.7489752
346.2515244
345.248159
344.4600426
256.2104069
256.191055
344.4654694
344.4772552
87.21189015
87.24084192
87.23023915
87.22433722
87.20241365
87.22226493
87.22617309
87.25005263
87.21598825
87.24514053
256.2185089
256.3014015
344.4025662
344.4104787
344.4312232
344.4572531
344.3859242
87.22470764
344.4729106
344.4717803
87.20180646
87.19388996
87.24993317
87.18876765
87.23596156
87.26882933
87.20935699
87.17887927
87.19215218
87.21687962
344.4929036
344.4964171
344.4565367
344.506242
344.5113203
87.25517235
87.2341685
87.25591864
87.20503208
87.2113233
344.4534455
344.4543394
344.4582904
344.4870302
344.3729539
344.2414625
344.4823447
344.4921008
344.4624356
87.22834798
87.25224814
87.23976084
87.22240196
87.25061599
344.4532962
344.4905565
344.4365645
87.25691931
344.4864433
344.5378966
87.22336096
87.22350517
87.25115293
87.27233526
353.4427874
344.4583365
344.4318682
344.447526
344.5087652
344.4853522
256.1951199
361.2473585
87.2507415
256.0970739
344.6998241
87.24703887
133.3309116
89.94388985
87.23957028
88.14549865
87.22171794
181.8174268
94.78349193
87.20223499
344.4543167
133.2488489
256.2581687
87.18055506
87.2141615
87.19867457
87.19775946
87.23157755
88.27991607
87.22574579
87.20650222
87.26242089
344.4595681
87.22799378
344.467888
87.2236742
87.25507707
344.4463161
87.20912027
87.21813738
87.23261591
87.22461863
87.22374359
87.20714139
124.0154383
71.91523879
113.94693
69.65734373
75.08146643
73.90130447
155.7158105
71.4920513
109.7835585
111.9583901
70.38702412
71.17473851
70.88257836
68.8278143
69.19337997
71.84915049
111.4508283
112.4098952
126.4246512
131.9737357
146.1544002
117.1918719
101.1118652
107.0341104
71.60669929
113.4046678
13.89308142
107.456275
64.32220533
70.72738144
70.32500126
93.49138799
57.97261884
63.24309939
84.70185306
101.3855562
92.63378655
174.9695056
70.00812362
114.7418804
62.53450904
63.23575403
60.30998609
14.26359054
62.26525185
69.10628817
69.61237849
68.86349276
68.7926496
67.104103
69.5140109
106.8991921
78.88015363
77.83343548
105.1254429
100.1977842
67.96811868
64.8612355
63.51698935
110.7289382
99.84410334
103.0662481
117.8493902
69.03465444
69.60207369
69.45230173
69.24371466
64.0531969
57.02178219
68.55064476
62.71757799
68.59309611
59.94836426
108.8267256
160.7585036
60.82697694
131.1407323
146.3724485
147.1775142
117.0730804
111.9196805
110.7597686
110.9554482
119.9592326
132.2442159
141.7334741
142.6095042
140.8393094
72.96087374
71.85884641
160.5732578
142.2056109
109.9044363
115.6210753
70.91627817
70.00009032
69.05016803
130.7368136
70.34373801
70.78138387
70.40247694
70.93258113
72.77348718
72.4043631
74.67874514
75.01873129
73.47349839
69.58281781
70.36755182
71.82957057
71.95197123
70.83049572
69.98347211
108.4936161
110.3851457
113.3382347
109.8174933
112.4991909
109.2531553
136.8542398
154.9568545
107.1825016
150.3929979
148.9532484
132.9228468
112.4644495
69.79540673
73.92895523
75.02465607
74.57113882
73.62879435
110.4013503
75.06332652
72.39665532
72.6767956
74.8260765
81.19653798
92.96143738
131.6113743
167.1046803
150.2993479
115.5860577
119.9260342
122.6938184
112.7218175
108.5971542
107.3632587
106.8344321
106.4159734
106.1095137
109.2869794
106.0793253
104.0854271
66.99268272
67.35552511
68.24221124
69.49783117
70.54940896
70.88786708
70.02941627
70.29009568
69.18558963
67.9879847
67.09637707
66.58282493
66.33431116
66.48645276
67.73876263
67.73789676
70.26378667
72.81345974
74.08133961
73.01477424
71.86107302
71.13133746
72.0929917
70.48228861
69.93474822
69.44505563
69.2384797
91.37881979
87.22712769
96.0751447
79.3221858
67.51603566
58.70349629
54.69948436
56.24705722
51.47863663
100.4577351
107.9946962
133.422839
162.2253626
159.8783369
132.0639667
118.2080419
122.0471767
116.7263135
102.8104043
102.8331695
104.5068598
108.4689384
110.813234
109.6931007
102.3445482
65.96857974
67.68943581
69.38680629
70.23691368
69.74745849
71.16973132
68.5199158
67.03448076
65.67857392
65.00435809
64.65275971
64.60058382
65.53578844
68.11361007
68.23988138
71.39875401
73.15942933
73.1599188
72.00830406
71.01693914
70.4273362
69.9030307
69.900909
69.42621129
69.09864866
68.94314757
69.71006827
63.08589307
67.74414667
69.67783982
74.22652619
108.0373469
108.3294321
71.66941283
133.6732864
68.53398019
69.47848711
65.59069574
130.5686254
69.67073552
68.67209895
72.19495197
117.417221
68.77939921
69.17585433
133.514361
101.7246905
69.46000893
165.6382705
104.7974696
41.48297026
97.67331663
126.3798922
104.184237
65.43108007
110.4534699
71.11593692
66.58195302
67.98019889
65.04046182
38.70993197
66.76963384
62.53736195
66.30550779
68.82782956
48.21414597
48.78956166
49.43014711
58.47306319
52.69882944
54.54594236
56.69207404
60.01938207
62.48878587
65.00297175
69.72853258
70.09141047
69.73760354
70.18000105
71.69201281
69.0267542
68.71930168
68.64388112
67.29685489
65.90023187
65.1378659
64.67391785
63.11203511
62.15558524
61.96109984
61.42805425
61.10054826
61.07413796
61.14880953
62.8865324
61.05477717
61.04695569
61.37575527
61.75412445
62.73706704
63.1629497
64.40994703
65.86239813
67.32013392
69.12905277
70.50986982
71.12940538
70.84588013
70.36379371
70.53514687
70.24971299
70.92458003
69.85758786
69.86595447
69.84906642
69.87701896
69.92414129
69.98211871
69.89376908
70.03864363
69.78586842
69.20013785
69.11795787
69.08081532
69.19588057
103.5760927
96.42370233
95.60790626
82.98814813
80.81683197
80.19527564
92.71306302
71.74646207
69.75625774
52.17484022
13.97954073
3.321908414
8.040155698
113.2804993
93.53087059
129.7495088
94.56273495
119.4406036
104.105503
70.80094296
63.86531542
73.00211097
81.60228352
86.17527582
90.43156126
97.19328908
94.64824114
88.67929909
96.39882611
129.4463253
109.083181
130.4440216
148.8538818
168.2645454
154.3392424
158.4275295
143.8318681
144.2102215
63.13699156
94.65702074
98.32751683
70.98985459
80.2441471
139.7684263
99.41438691
111.3966645
109.3725489
106.4983425
107.7723607
69.08378592
69.56944161
70.36241577
70.50740062
70.45824735
71.80427149
67.14586229
61.05411804
62.92631551
59.89271652
27.22369122
29.98688896
32.45894628
35.91267446
40.08113573
44.75496258
48.81545895
53.83051959
59.44206043
64.94598133
68.34721316
70.53533934
72.07538063
73.17906752
72.74546681
70.90730684
70.02375338
68.76937462
67.5930897
63.42955592
62.33724663
64.92983326
100.7367827
100.9557303
104.7702931
105.1269717
105.3403543
87.56689845
98.7907632
87.47429638
46.22596412
29.52690261
40.51959477
18.54211313
9.981626847
4.817412434e-08
1.048220916e-06
121.195821
107.3753296
123.8599684
128.8480787
183.3158527
94.81909038
43.43659242
127.7105578
35.78651957
63.31825607
80.33567614
94.48745808
100.3521971
120.5145287
138.1614297
149.1299771
154.9227646
160.2070238
148.1022186
153.1231673
116.3957278
169.1440915
183.8077831
194.7427695
223.2219138
183.966512
184.0221321
126.9222926
70.29248664
65.39285025
63.88176133
61.80943276
60.31525869
61.09808522
69.12597046
61.46980961
144.5120464
70.45196995
68.76071644
86.62445443
70.0564568
86.60382674
70.5542776
86.47042229
70.42733096
86.36914735
70.40949155
70.36386384
86.31675702
69.85625738
86.22930818
86.13504798
69.47244591
86.07505356
86.14469813
86.11690469
60.59951623
86.05711269
62.78375366
60.17160135
60.06092888
85.89789818
85.87995552
86.01820398
85.89178747
63.85628884
85.99624431
86.06293884
66.17926949
86.02937122
86.0311883
68.7356547
86.02977226
86.10415202
68.61805698
85.9892336
86.08266668
85.96451416
85.94605014
85.86438578
85.91958313
85.92523088
86.04465318
91.70305597
86.083146
86.15884906
86.17960998
86.31853045
86.7351442
87.13268437
87.75133908
88.3652761
90.01548916
91.49393272
93.46992912
90.31744878
87.49503131
86.50728838
86.21014027
133.0963332
86.43984103
86.53756414
87.31837128
87.66124414
87.96928346
88.61793445
89.39241835
89.54184625
89.32897623
89.06423399
88.82343823
88.90173128
88.62001962
88.45993316
87.90350364
86.98068804
87.26328253
88.09704697
87.02733954
87.59892361
86.93374621
88.6304196
86.95386955
88.77524727
93.24508972
86.16442145
68.80533539
86.24394465
48.01406623
88.92866229
86.02139366
104.6523266
85.96002725
85.96650717
60.33013011
86.01301848
86.04370586
86.53703685
86.74166626
68.74803679
86.6477529
86.48987483
86.34876804
94.74087134
86.0841864
86.02377649
85.95846703
86.01885855
86.16295062
146.2752701
86.11301444
85.939366
85.93681842
95.33118285
86.69107697
85.86924789
86.15973141
59.87559019
85.94643912
86.52244699
67.97033717
86.306471
86.10190132
86.07330176
87.24612517
64.32490817
</DataArray>
<DataArray type="Int32" Name="rank" format="ascii">
2
2
2
2
2
2
2
2
2
2
2
2
2
2
2
2
2
2
2
2
2
2
2
2
2
2
2
2
2
2
2
2
2
2
2
2
2
2
2
2
2
2
2
2
2
2
2
2
2
2
2
2
2
2
2
2
2
2
2
2
2
2
2
2
2
2
2
2
2
2
2
2
2
2
2
2
2
2
2
2
2
2
2
2
2
2
2
2
2
2
2
2
2
2
2
2
2
2
2
2
2
2
2
2
2
2
2
2
2
2
2
2
2
2
2
2
2
2
2
2
2
2
2
2
2
2
2
2
2
2
2
2
2
2
2
2
2
2
2
2
2
2
2
2
2
2
2
2
2
2
2
2
2
2
2
2
2
2
2
2
2
2
2
2
2
2
2
2
2
2
2
2
2
2
2
2
2
2
2
2
2
2
2
2
2
2
2
2
2
2
2
2
2
2
2
2
2
2
2
2
2
2
2
2
2
2
2
2
2
2
2
2
2
2
2
2
2
2
2
2
2
2
2
2
2
2
2
2
2
2
2
2
2
2
2
2
2
2
2
2
2
2
2
2
2
2
2
2
2
2
2
2
2
2
2
2
2
2
2
2
2
2
2
2
2
2
2
2
2
2
2
2
2
2
2
2
2
2
2
2
2
2
2
2
2
2
2
2
2
2
2
2
2
2
2
2
2
2
2
2
2
2
2
2
2
2
2
2
2
2
2
2
2
2
2
2
2
2
2
2
2
2
2
2
2
2
2
2
2
2
2
2
2
2
2
2
2
2
2
2
2
2
2
2
2
2
2
2
2
2
2
2
2
2
2
2
2
2
2
2
2
2
2
2
2
2
2
2
2
2
2
2
2
2
2
2
2
2
2
2
2
2
2
2
2
2
2
2
2
2
2
2
2
2
2
2
2
2
2
2
2
2
2
2
2
2
2
2
2
2
2
2
2
2
2
2
2
2
2
2
2
2
2
2
2
2
2
2
2
2
2
2
2
2
2
2
2
2
2
2
2
2
2
2
2
2
2
2
2
2
2
2
2
2
2
2
2
2
2
2
2
2
2
2
2
2
2
2
2
2
2
2
2
2
2
2
2
2
2
2
2
2
2
2
2
2
2
2
2
2
2
2
2
2
2
2
2
2
2
2
2
2
2
2
2
2
2
2
2
2
2
2
2
2
2
2
2
2
2
2
2
2
2
2
2
2
2
2
2
2
2
2
2
2
2
2
2
2
2
2
2
2
2
2
2
2
2
2
2
2
2
2
2
2
2
2
2
2
2
2
2
2
2
2
2
2
2
2
2
2
2
2
2
2
2
2
2
2
2
2
2
2
2
2
2
2
2
2
2
2
2
2
2
2
2
2
2
2
2
2
2
2
2
2
2
2
2
2
2
2
2
2
2
2
2
2
2
2
2
2
2
2
2
2
2
2
2
2
2
2
2
2
2
2
2
2
2
2
2
2
2
2
2
2
2
2
2
2
2
2
2
2
2
2
2
2
2
2
2
2
2
2
2
2
2
2
2
2
2
2
2
2
2
2
2
2
2
2
2
2
2
2
2
2
2
2
2
2
2
2
2
2
2
2
2
2
2
2
2
2
2
2
2
2
2
2
2
2
2
2
2
2
2
2
2
2
2
2
2
2
2
2
2
2
2
2
2
2
2
2
2
2
2
2
2
2
2
2
2
2
2
2
2
2
2
2
2
2
2
2
2
2
2
2
2
2
2
2
2
2
2
2
2
2
2
2
2
2
2
2
2
2
2
2
2
2
2
2
2
2
2
2
2
2
2
2
2
2
2
2
2
2
2
2
2
2
2
2
2
2
2
2
2
2
2
2
2
2
2
2
2
2
2
2
2
2
2
2
2
2
2
2
2
2
2
2
2
2
2
2
2
2
2
2
2
2
2
2
2
2
2
2
2
2
2
2
2
2
2
2
2
2
2
2
2
2
2
2
2
2
2
2
2
2
2
2
2
2
2
2
2
2
2
2
2
2
2
2
2
2
2
2
2
2
2
2
2
2
2
2
2
2
2
2
2
2
2
2
2
2
2
2
2
2
2
2
2
2
2
2
2
2
2
2
2
2
2
2
2
2
2
2
2
2
2
2
2
2
2
2
2
2
2
2
2
2
2
2
2
2
2
2
2
2
2
2
2
2
2
2
2
2
2
2
2
2
2
2
2
2
2
2
2
2
2
2
2
2
2
2
2
2
2
2
2
2
2
2
2
2
2
2
2
2
2
2
2
2
2
2
2
2
2
2
2
2
2
2
2
2
2
2
2
2
2
2
2
2
2
2
2
2
2
2
2
2
2
2
2
2
2
2
2
2
2
2
2
2
2
2
2
2
2
2
2
2
2
2
2
2
2
2
2
2
2
2
2
2
2
2
2
2
2
2
2
2
2
2
2
2
2
2
2
2
2
2
2
2
2
2
2
2
2
2
2
2
2
2
2
2
2
2
2
2
2
2
2
2
2
2
2
2
2
2
2
2
2
2
2
2
2
2
2
2
2
2
2
2
2
2
2
2
2
2
2
2
2
2
2
2
2
2
2
2
2
2
2
2
2
2
2
2
2
2
2
2
2
2
2
2
2
2
2
2
2
2
2
2
2
2
2
2
2
2
2
2
2
2
2
2
2
2
2
2
2
2
2
2
2
2
2
2
2
2
2
2
2
2
2
2
2
2
2
2
2
2
2
2
2
2
2
2
2
2
2
2
2
2
2
2
2
2
2
2
2
2
2
2
2
2
2
2
2
2
2
2
2
2
2
2
2
2
2
2
2
2
2
2
2
2
2
2
2
2
2
2
2
2
2
2
2
2
2
2
2
2
2
2
2
2
2
2
2
2
2
2
2
2
2
2
2
2
2
2
2
2
2
2
2
2
2
2
2
2
2
2
2
2
2
2
2
2
2
2
2
2
2
2
2
2
2
2
2
2
2
2
2
2
2
2
2
2
2
2
2
2
2
2
2
2
2
2
2
2
2
2
2
2
2
2
2
2
2
2
2
2
2
2
2
2
2
2
2
2
2
2
2
2
2
2
2
2
2
2
2
2
2
2
2
2
2
2
2
2
2
2
2
2
2
2
2
2
2
2
2
2
2
2
2
2
2
2
2
2
2
2
2
2
2
2
2
2
2
2
2
2
2
2
2
2
2
2
2
2
2
2
2
2
2
2
2
2
2
2
2
2
2
2
2
2
2
2
2
2
2
2
2
2
2
2
2
2
2
2
2
2
2
2
2
2
2
2
2
2
2
2
2
2
2
2
2
2
2
2
2
2
2
2
2
2
2
2
2
2
2
2
2
2
2
2
2
2
2
2
2
2
2
2
2
2
2
2
2
2
2
2
2
2
2
2
2
2
2
2
2
2
2
2
2
2
2
2
2
2
2
2
2
2
2
2
2
2
2
2
2
2
2
2
2
2
2
2
2
2
2
2
2
2
2
2
2
2
2
2
2
2
2
2
2
2
2
2
2
2
2
2
2
2
2
2
2
2
2
2
2
2
2
2
2
2
2
2
2
2
2
2
2
2
2
2
2
2
2
2
2
2
2
2
2
2
2
2
2
2
2
2
2
2
2
2
2
2
2
2
2
2
2
2
2
2
2
2
2
2
2
2
2
2
2
2
2
2
2
2
2
2
2
2
2
2
2
2
2
2
2
2
2
2
2
2
2
2
2
2
2
2
2
2
2
2
2
2
2
2
2
2
2
2
2
2
2
2
2
2
2
2
2
2
2
2
2
2
2
2
2
2
2
2
2
2
2
2
2
2
2
2
2
2
2
2
2
2
2
2
2
2
2
2
2
2
2
2
2
2
2
2
2
2
2
2
2
2
2
2
2
2
2
2
2
2
2
2
2
2
2
2
2
2
2
2
2
2
2
2
2
2
2
2
2
2
2
2
2
2
2
2
2
2
2
2
2
2
2
2
2
2
2
2
2
2
2
2
2
2
2
2
2
2
2
2
2
2
2
2
2
2
2
2
2
2
2
2
2
2
2
2
2
2
2
2
2
2
2
2
2
2
2
2
2
2
2
2
2
2
2
2
2
2
2
2
2
2
2
2
2
2
2
2
2
2
2
2
2
2
2
2
2
2
2
2
2
2
2
2
2
2
2
2
2
2
2
2
2
2
2
2
2
2
2
2
2
2
2
2
2
2
2
2
2
2
2
2
2
2
2
2
2
2
2
2
2
2
2
2
2
2
2
2
2
2
2
2
2
2
2
2
2
2
2
2
2
2
2
2
2
2
2
2
2
2
2
2
2
2
2
2
2
2
2
2
2
2
2
2
2
2
2
2
2
2
2
2
2
2
2
2
2
2
2
2
2
2
2
2
2
2
2
2
2
2
2
2
2
2
2
2
2
2
2
2
2
2
2
2
2
2
2
2
2
2
2
2
2
2
2
2
2
2
2
2
2
2
2
2
2
2
2
2
2
2
2
2
2
2
2
2
2
2
2
2
2
2
2
2
2
2
2
2
2
2
2
2
2
2
2
2
2
2
2
2
2
2
2
2
2
2
2
2
2
2
2
2
2
2
2
2
2
2
2
2
2
2
2
2
2
2
2
2
2
2
2
2
2
2
2
2
2
2
2
2
2
2
2
2
2
2
2
2
2
2
2
2
2
2
2
2
2
2
2
2
2
2
2
2
2
2
2
2
2
2
2
2
2
2
2
2
2
2
2
2
2
2
2
2
2
2
2
2
2
2
2
2
2
2
2
2
2
2
2
2
2
2
2
2
2
2
2
2
2
2
2
2
2
2
2
2
2
2
2
2
2
2
2
2
2
2
2
2
2
2
2
2
2
2
2
2
2
2
2
2
2
2
2
2
2
2
2
2
2
2
2
2
2
2
2
2
2
2
2
2
2
2
2
2
2
2
2
2
2
2
2
2
2
2
2
2
2
2
2
2
2
2
2
2
2
2
2
2
2
2
2
2
2
2
2
2
2
2
2
2
2
2
2
2
2
2
2
2
2
2
2
2
2
2
2
2
2
2
2
2
2
2
2
2
2
2
2
2
2
2
2
2
2
2
2
2
2
2
2
2
2
2
2
2
2
2
2
2
2
2
2
2
2
2
2
2
2
2
2
2
2
2
2
2
2
2
2
2
2
2
2
2
2
2
2
2
2
2
2
2
2
2
2
2
2
2
2
2
2
2
2
2
2
2
2
2
2
2
2
2
2
2
2
2
2
2
2
2
2
2
2
2
2
2
2
2
2
2
2
2
2
2
2
2
2
2
2
2
2
2
2
2
2
2
2
2
2
2
2
2
2
2
2
2
2
2
2
2
2
2
2
2
2
2
2
2
2
2
2
2
2
2
2
2
2
2
2
2
2
2
2
2
2
2
2
2
2
2
2
2
2
2
2
2
2
2
2
2
2
2
2
2
2
2
2
2
2
2
2
2
2
2
2
2
2
2
2
2
2
2
2
2
2
2
2
2
2
2
2
2
2
2
2
2
2
2
2
2
2
2
2
2
2
2
2
2
2
2
2
2
2
2
2
2
2
2
2
2
2
2
2
2
2
2
2
2
2
2
2
2
2
2
2
2
2
2
2
2
2
2
2
2
2
2
2
2
2
2
2
2
2
2
2
2
2
2
2
2
2
2
2
2
2
2
2
2
2
2
2
2
2
2
2
2
2
2
2
2
2
2
2
2
2
2
2
2
2
2
2
2
2
2
2
2
2
2
2
2
2
2
2
2
2
2
2
2
2
2
2
2
2
2
2
2
2
2
2
2
2
2
2
2
2
2
2
2
2
2
2
2
2
2
2
2
2
</DataArray>
</CellData>
</Piece>
</UnstructuredGrid>
</VTKFile>
