<?xml version="1.0"?>
<VTKFile type="UnstructuredGrid" version="0.1">
<UnstructuredGrid>
<Piece NumberOfPoints="2771" NumberOfCells="2541">
<Points><DataArray type="Float64" NumberOfComponents="3" format="ascii">
1.429125535 -0.6472946071 0.0
1.337358656 -0.5582212016 0.0
1.326666983 -0.6423821051 0.0
1.199515805 -0.9146699031 0.0
1.165568803 -0.8654086784 0.0
1.112354007 -0.8949019447 0.0
1.13127893 -0.8194889224 0.0
1.415615856 0.9376241036 0.0
1.418421632 1.029525929 0.0
1.306649607 0.9880658306 0.0
1.408929616 -0.9299263435 0.0
1.302783354 -0.9868206648 0.0
1.415930913 -1.021210468 0.0
0.5972011683 1.109461153 0.0
0.5501706125 1.029750305 0.0
0.628859539 1.000542241 0.0
0.4961104266 -1.055614973 0.0
0.4785669283 -0.9915865609 0.0
0.4070433699 -1.042217044 0.0
0.8 0.9996413783 0.0
0.8639098322 0.9216394765 0.0
0.9281325503 1.003840691 0.0
1.880494838 -0.9065161419 0.0
1.762932212 -0.8676873553 0.0
1.765174136 -0.94897552 0.0
0.2693685309 -1.060177111 0.0
0.3139280027 -1.127666262 0.0
0.3377816271 -1.045008056 0.0
0.6948209118 -0.9446338292 0.0
0.6290522886 -0.9990390054 0.0
0.722664238 -1.019595265 0.0
0.9018223268 0.7720457884 0.0
0.979450663 0.7277810734 0.0
0.9618380143 0.8239159279 0.0
1.67190073 0.9536515126 0.0
1.79100768 0.9966173025 0.0
1.677287352 1.033657274 0.0
0.5976355577 -1.108745224 0.0
0.5523420342 -1.028109334 0.0
0.6941189384 0.9461936164 0.0
0.7209900912 1.022425153 0.0
1.342616475 -0.7235433141 0.0
1.424592414 -0.7682536654 0.0
1.252413222 0.6860675889 0.0
1.368004672 0.630784142 0.0
1.355835352 0.729098996 0.0
1.557678636 -0.684005965 0.0
1.501442418 -0.7881119348 0.0
1.598164879 -0.7977702179 0.0
1.563026161 0.6859437847 0.0
1.600785081 0.7999799177 0.0
1.505052163 0.7859976754 0.0
0.4071979531 1.04428153 0.0
0.4766971978 0.9922600439 0.0
0.4940001042 1.056451135 0.0
0.2702367701 1.063343024 0.0
0.3384069266 1.047602624 0.0
0.3139398989 1.129764938 0.0
1.314158511 0.5443171083 0.0
1.406137884 0.5353805341 0.0
0.9494335926 -0.5315101676 0.0
0.8786880849 -0.5773638967 0.0
0.9471474975 -0.6231219245 0.0
0.8768561349 0.5743374719 0.0
0.9490318035 0.5324425098 0.0
0.9451170185 0.6214257048 0.0
0.8428403374 0.3789338777 0.0
0.7730950605 0.3691857159 0.0
0.7977876986 0.3186975629 0.0
1.516933735 -0.3844054207 0.0
1.506013094 -0.2752534217 0.0
1.404642069 -0.3527729728 0.0
1.517210562 0.3841477096 0.0
1.404238037 0.3523662827 0.0
1.504408223 0.2785636497 0.0
1.260917434 -0.28522967 0.0
1.229721053 -0.4036727035 0.0
1.320444255 -0.3859931811 0.0
1.020100564 0.300303853 0.0
1.070683878 0.4039010894 0.0
1.00140129 0.3817899786 0.0
1.020101217 -0.3001443605 0.0
0.9359717042 -0.3596864896 0.0
1.00140129 -0.3817899786 0.0
1.259163803 0.2846276406 0.0
1.317455999 0.3830771756 0.0
1.223580674 0.4049559871 0.0
0.9359289554 0.3578005613 0.0
1.617344614 -0.301328855 0.0
1.589864247 -0.1839399141 0.0
1.505193966 -0.1453560369 0.0
1.413429588 -0.1289688816 0.0
1.445426783 -0.213747387 0.0
0.7766169136 0.2118464512 0.0
0.7881626357 0.1619160935 0.0
0.8454308587 0.2139883844 0.0
1.585214062 0.1849937618 0.0
1.615752337 0.3019384278 0.0
1.412448154 0.128211541 0.0
1.505187266 0.1442305821 0.0
1.443912245 0.2155218599 0.0
1.387735511 0.05866462053 0.0
1.451484918 0.05810971752 0.0
0.7415775192 -0.1429854689 0.0
0.8008795954 -0.1285880956 0.0
0.7470697774 -0.09349940684 0.0
1.45000588 -0.05830644846 0.0
1.389598109 -0.05925368385 0.0
0.7989742864 -0.3184473282 0.0
0.7735617471 -0.3694087321 0.0
0.8442037724 -0.3804026954 0.0
1.070689472 -0.4025354867 0.0
0.5020010714 0 0.0
0.5 0 0.0
0.4990133642 -0.03139525976 0.0
0.5010103637 -0.03152090032 0.0
0.4980425205 -0.06291740205 0.0
0.4960573507 -0.06266661678 0.0
0.4954677376 -0.09451552583 0.0
0.5004247242 -0.06321834437 0.0
0.4931091309 -0.09406559754 0.0
0.4774312727 -0.1551268241 0.0
0.486229665 -0.1248425591 0.0
0.4842915806 -0.1243449436 0.0
0.4755282581 -0.1545084972 0.0
0.4258807663 -0.2702721528 0.0
0.4420109168 -0.2429975578 0.0
0.439906784 -0.241840801 0.0
0.4238534189 -0.268985559 0.0
0.3452869877 -0.3676932958 0.0
0.3676932958 -0.3452869877 0.0
0.3659429419 -0.343643296 0.0
0.343643296 -0.3659429419 0.0
0.3199874471 -0.3867983782 0.0
0.342273553 -0.3644843137 0.0
0.3187119949 -0.3852566214 0.0
0.4774312727 0.1551268241 0.0
0.4667486772 0.1847988744 0.0
0.4648882429 0.1840622763 0.0
0.4755282581 0.1545084972 0.0
0.4173234703 0.3452399994 0.0
0.4381777767 0.3183547896 0.0
0.4465304334 0.3244233499 0.0
0.4252785969 0.3518210525 0.0
0.4689811984 0.185682792 0.0
0.4563966521 0.2147639626 0.0
0.454224038 0.2137416079 0.0
0.2137416079 0.454224038 0.0
0.1847988744 0.4667486772 0.0
0.1840622763 0.4648882429 0.0
0.2128896458 0.4524135262 0.0
0.1558688164 0.4797148901 0.0
0.1254396977 0.4885553663 0.0
0.1248425591 0.486229665 0.0
0.1551268241 0.4774312727 0.0
0.03152090032 0.5010103637 0.0
-3.361026735e-18 0.5020009479 0.0
0 0.5 0.0
0.03139525976 0.4990133642 0.0
0.03167166899 -0.503406763 0.0
0.06321834437 -0.5004247242 0.0
0.06291740205 -0.4980425205 0.0
0.03152090032 -0.5010103637 0.0
0.09451552583 -0.4954677376 0.0
0.09406559754 -0.4931091309 0.0
0.1558688164 -0.4797148901 0.0
0.185682792 -0.4689811984 0.0
0.1847988744 -0.4667486772 0.0
0.1551268241 -0.4774312727 0.0
0.2147639626 -0.4563966521 0.0
0.2137416079 -0.454224038 0.0
0.06266661678 -0.4960573507 0.0
0.03139525976 -0.4990133642 0.0
0.3676932958 0.3452869877 0.0
0.3452869877 0.3676932958 0.0
0.343643296 0.3659429419 0.0
0.3659429419 0.343643296 0.0
0.06266661678 0.4960573507 0.0
0.09369065729 0.4911436254 0.0
0.09406559754 0.4931091309 0.0
0.06291740205 0.4980425205 0.0
0.406127298 -0.2950687538 0.0
0.4221639628 -0.2679133975 0.0
0.4045084972 -0.2938926261 0.0
0.268985559 0.4238534189 0.0
0.2679133975 0.4221639628 0.0
0.2938926261 0.4045084972 0.0
0.2950687538 0.406127298 0.0
0.296480107 -0.408069859 0.0
0.3215179897 -0.3886484864 0.0
0.2950687538 -0.406127298 0.0
-3.209238431e-17 -0.5791985217 0.0
-0.03636817609 -0.5780556057 0.0
-0.03748839991 -0.5958610535 0.0
-2.787754836e-17 -0.5970391739 0.0
0.4920298717 -0.4620468042 0.0
0.4695567551 -0.4409431431 0.0
0.4409431431 -0.4695567551 0.0
0.4620468042 -0.4920298717 0.0
-0.1085309804 -0.5689393235 0.0
-0.144040815 -0.5610019351 0.0
-0.1484776048 -0.5782820904 0.0
-0.1118739853 -0.5864639687 0.0
0.2429975578 0.4420109168 0.0
0.2147639626 0.4563966521 0.0
0.241840801 0.439906784 0.0
0.09451552583 0.4954677376 0.0
0.06321834437 0.5004247242 0.0
0.4954677376 0.09451552583 0.0
0.4885553663 0.1254396977 0.0
0.486229665 0.1248425591 0.0
0.4931091309 0.09406559754 0.0
0.4420109168 0.2429975578 0.0
0.439906784 0.241840801 0.0
-0.06515689442 -0.515769928 0.0
-0.09741378391 -0.5106609386 0.0
-0.09853334947 -0.5165299068 0.0
-0.06590573521 -0.5216976132 0.0
0.185682792 0.4689811984 0.0
0.4911436254 0.09369065729 0.0
0.4960573507 0.06266661678 0.0
0.4980425205 0.06291740205 0.0
0.3867983782 -0.3199874471 0.0
0.3852566214 -0.3187119949 0.0
0.3644843137 -0.342273553 0.0
0.4911436254 -0.09369065729 0.0
0.2408768371 0.43815334 0.0
0.4885553663 -0.1254396977 0.0
0.4797148901 0.1558688164 0.0
0.408069859 0.296480107 0.0
0.3886484864 0.3215179897 0.0
0.3867983782 0.3199874471 0.0
0.406127298 0.2950687538 0.0
0.1307720976 -0.5093236928 0.0
0.1292862257 -0.5035366038 0.0
0.09741378391 -0.5106609386 0.0
0.09853334947 -0.5165299068 0.0
-0.06291740205 -0.4980425205 0.0
-0.03152090032 -0.5010103637 0.0
-0.03139525976 -0.4990133642 0.0
-0.06266661678 -0.4960573507 0.0
0.1243449436 0.4842915806 0.0
0.1545084972 0.4755282581 0.0
0.4648882429 -0.1840622763 0.0
0.4524135262 -0.2128896458 0.0
0.454224038 -0.2137416079 0.0
0.4667486772 -0.1847988744 0.0
0.4238534189 0.268985559 0.0
0.4045084972 0.2938926261 0.0
0.4221639628 0.2679133975 0.0
0.268985559 -0.4238534189 0.0
0.2938926261 -0.4045084972 0.0
0.2679133975 -0.4221639628 0.0
0.241840801 -0.439906784 0.0
0.2408768371 -0.43815334 0.0
0.6441473941 0 0.0
0.6428672145 -0.04044577689 0.0
0.6736349294 -0.04238151743 0.0
0.6749779443 0 0.0
0.3199874471 0.3867983782 0.0
0.3187119949 0.3852566214 0.0
0.342273553 0.3644843137 0.0
-6.227557157e-17 -0.5020009479 0.0
-6.123233996e-17 -0.5 0.0
0.2128896458 -0.4524135262 0.0
0.1840622763 -0.4648882429 0.0
0.3644843137 0.342273553 0.0
0.3852566214 0.3187119949 0.0
0.4842915806 0.1243449436 0.0
0.4258807663 0.2702721528 0.0
0.4990133642 0.03139525976 0.0
0.5010103637 0.03152090032 0.0
-0.06321834437 -0.5004247242 0.0
-0.03167166899 -0.503406763 0.0
0.1545084972 -0.4755282581 0.0
0.1243449436 -0.4842915806 0.0
0.1248425591 -0.486229665 0.0
0.3886484864 -0.3215179897 0.0
0.408069859 -0.296480107 0.0
0.1254396977 -0.4885553663 0.0
0.09369065729 -0.4911436254 0.0
0.5004247242 0.06321834437 0.0
0.503406763 0.03167166898 0.0
0.296480107 0.408069859 0.0
0.2702721528 0.4258807663 0.0
0.3215179897 0.3886484864 0.0
-6.418476861e-17 -0.5044020853 0.0
0.4797148901 -0.1558688164 0.0
0.503406763 -0.03167166898 0.0
0.03167166899 0.503406763 0.0
0.5044023571 0 0.0
0.4563966521 -0.2147639626 0.0
0.43815334 -0.2408768371 0.0
0.43815334 0.2408768371 0.0
-8.131516294e-18 0.5044020853 0.0
-6.22332047e-17 -0.5198692523 0.0
-0.03264286044 -0.5188434091 0.0
-0.03301802113 -0.5248064175 0.0
-6.114900253e-17 -0.5258440506 0.0
0.2702721528 -0.4258807663 0.0
0.06590573521 -0.5216976132 0.0
0.06515689442 -0.515769928 0.0
0.03264286044 -0.5188434091 0.0
0.03301802113 -0.5248064175 0.0
0.3885503445 0.3648730601 0.0
0.3648730601 0.3885503445 0.0
0.359965023 0.3833238158 0.0
0.3833238158 0.359965023 0.0
0.377830278 -0.4023483801 0.0
0.4023483801 -0.377830278 0.0
0.3948221788 -0.3707627046 0.0
0.3707627046 -0.3948221788 0.0
0.5320239829 -0.1014890026 0.0
0.5235726687 -0.09987682815 0.0
0.5162681997 -0.1325551439 0.0
0.5246016079 -0.1346947995 0.0
0.5881789591 0.1911109287 0.0
0.5678179969 0.1844952511 0.0
0.5782820904 0.1484776048 0.0
0.5990182768 0.1538017525 0.0
0.1962154699 -0.4955837059 0.0
0.1935761059 -0.4889174335 0.0
0.162494748 -0.5001074109 0.0
0.1647103251 -0.506926256 0.0
-1.604619215e-17 0.5330138086 0.0
-1.604619215e-17 0.5258440506 0.0
0.03301802113 0.5248064175 0.0
0.03346821396 0.5319620276 0.0
0.244385666 -0.4445358761 0.0
0.2718160653 -0.4283135832 0.0
0.2429975578 -0.4420109168 0.0
0.2817613323 -0.4439848164 0.0
0.309083378 -0.4254167733 0.0
0.3055714796 -0.42058306 0.0
0.2785598753 -0.4389401273 0.0
0.4945272981 0.2718686827 0.0
0.5106222372 0.240280586 0.0
0.5240744912 0.2466107363 0.0
0.5075555337 0.2790310159 0.0
0.5035832328 0.1993827066 0.0
0.4955837059 0.1962154699 0.0
0.506926256 0.1647103251 0.0
0.51510887 0.1673690176 0.0
0.5198704789 0 0.0
0.5258456461 0 0.0
0.5248064107 0.0330180207 0.0
0.5188434052 0.0326428602 0.0
0.4524135262 0.2128896458 0.0
0.2466107363 -0.5240744912 0.0
0.2132171967 -0.5385251662 0.0
0.2197847788 -0.5551129851 0.0
0.2542069165 -0.540217196 0.0
0.3404443492 -0.4685814472 0.0
0.3103500876 -0.4890334863 0.0
0.3199095871 -0.5040968472 0.0
0.3509308215 -0.483014838 0.0
0.4703917632 -0.2213495619 0.0
0.4658866306 -0.2192296074 0.0
0.4512017688 -0.2480502715 0.0
0.4555648985 -0.2504489223 0.0
0.4833622065 -0.191376636 0.0
0.4787328507 -0.1895437443 0.0
0.4689811984 -0.185682792 0.0
0.4106941981 0.3397557885 0.0
0.4051698046 0.3351856127 0.0
0.4005661434 0.3313771329 0.0
0.396729759 0.3282033998 0.0
0.4165549655 0.3026448977 0.0
0.42058306 0.3055714796 0.0
0.4565536215 -0.3317056223 0.0
0.4348247489 -0.3597183161 0.0
0.4462801312 -0.3691950326 0.0
0.4685814472 -0.3404443492 0.0
0.4051698046 -0.3351856127 0.0
0.3833238158 -0.359965023 0.0
0.3885503445 -0.3648730601 0.0
0.4106941981 -0.3397557885 0.0
0.4254167733 -0.309083378 0.0
0.42058306 -0.3055714796 0.0
0.4005661434 -0.3313771329 0.0
0.3597183161 0.4348247489 0.0
0.3317056223 0.4565536215 0.0
0.3244233499 0.4465304334 0.0
0.3518210525 0.4252785969 0.0
0.3397557885 0.4106941981 0.0
0.313297656 0.4312172294 0.0
0.309083378 0.4254167733 0.0
0.3351856127 0.4051698046 0.0
0.03185259139 0.5062824422 0.0
-9.649399335e-18 0.5072834503 0.0
0.06357947515 0.5032833687 0.0
0.09505543978 0.4982980657 0.0
0.126156264 0.4913462078 0.0
0.1567592071 0.482455231 0.0
0.1867434932 0.4716602237 0.0
0.2159907881 0.4590037891 0.0
0.244385666 0.4445358761 0.0
0.2718160653 0.4283135832 0.0
0.2981737308 0.4104009322 0.0
0.3233546408 0.3908686163 0.0
0.3472594178 0.3697937204 0.0
0.3697937204 0.3472594178 0.0
0.3908686163 0.3233546408 0.0
0.4104009322 0.2981737308 0.0
0.4283135832 0.2718160653 0.0
0.4445358761 0.244385666 0.0
0.4590037891 0.2159907881 0.0
0.4716602237 0.1867434932 0.0
0.482455231 0.1567592071 0.0
0.4913462078 0.126156264 0.0
0.4982980657 0.09505543978 0.0
0.5062824419 0.03185259137 0.0
0.5032833687 0.06357947515 0.0
0.5032833687 -0.06357947515 0.0
0.5062824419 -0.03185259137 0.0
0.4982980657 -0.09505543978 0.0
0.4913462078 -0.126156264 0.0
0.482455231 -0.1567592071 0.0
0.4590037891 -0.2159907881 0.0
0.4716602237 -0.1867434932 0.0
0.4445358761 -0.244385666 0.0
0.4283135832 -0.2718160653 0.0
0.4104009322 -0.2981737308 0.0
0.3908686163 -0.3233546408 0.0
0.3697937204 -0.3472594178 0.0
0.3472594178 -0.3697937204 0.0
0.3233546408 -0.3908686163 0.0
0.2981737308 -0.4104009322 0.0
0.2460513957 -0.4475658273 0.0
0.2736687603 -0.4312329634 0.0
0.1867434932 -0.4716602237 0.0
0.2159907881 -0.4590037891 0.0
0.1567592071 -0.482455231 0.0
0.126156264 -0.4913462078 0.0
0.09505543978 -0.4982980657 0.0
0.06357947515 -0.5032833687 0.0
0.03185259139 -0.5062824422 0.0
-6.483528991e-17 -0.5072834503 0.0
-0.03185259139 -0.5062824422 0.0
-0.06357947515 -0.5032833687 0.0
0.03206969827 0.5097332573 0.0
-1.235990477e-17 0.5107410882 0.0
0.0640128321 0.5067137421 0.0
0.09570333652 0.5016944593 0.0
0.1270161436 0.4946952177 0.0
0.157827676 0.48574364 0.0
0.1880163346 0.4748750542 0.0
0.2174629787 0.4621323534 0.0
0.2460513957 0.4475658273 0.0
0.2736687603 0.4312329634 0.0
0.3002060794 0.4131982201 0.0
0.3255586222 0.3935327721 0.0
0.3496263338 0.37231423 0.0
0.37231423 0.3496263338 0.0
0.3935327721 0.3255586222 0.0
0.4131982201 0.3002060794 0.0
0.4312329634 0.2736687603 0.0
0.4475658273 0.2460513957 0.0
0.4621323534 0.2174629787 0.0
0.4748750542 0.1880163346 0.0
0.48574364 0.157827676 0.0
0.4946952177 0.1270161436 0.0
0.5016944593 0.09570333652 0.0
0.5097332564 0.03206969821 0.0
0.5067137421 0.0640128321 0.0
0.5067137421 -0.0640128321 0.0
0.5097332564 -0.03206969821 0.0
0.5016944593 -0.09570333652 0.0
0.4946952177 -0.1270161436 0.0
0.48574364 -0.157827676 0.0
0.4621323534 -0.2174629787 0.0
0.4748750542 -0.1880163346 0.0
0.4475658273 -0.2460513957 0.0
0.4312329634 -0.2736687603 0.0
0.4131982201 -0.3002060794 0.0
0.3935327721 -0.3255586222 0.0
0.37231423 -0.3496263338 0.0
0.3496263338 -0.37231423 0.0
0.3255586222 -0.3935327721 0.0
0.3002060794 -0.4131982201 0.0
0.2480502715 -0.4512017688 0.0
0.2758919944 -0.4347362198 0.0
0.1880163346 -0.4748750542 0.0
0.2174629787 -0.4621323534 0.0
0.157827676 -0.48574364 0.0
0.1270161436 -0.4946952177 0.0
0.09570333652 -0.5016944593 0.0
0.0640128321 -0.5067137421 0.0
0.03206969827 -0.5097332573 0.0
-6.494371013e-17 -0.5107410882 0.0
-0.03206969827 -0.5097332573 0.0
-0.0640128321 -0.5067137421 0.0
0.5072838999 0 0.0
0.03233022653 0.5138742354 0.0
-1.19262239e-17 0.5148902537 0.0
0.06453286042 0.5108301902 0.0
0.0964808126 0.5057701317 0.0
0.1280479991 0.4987140295 0.0
0.1591098386 0.4896897309 0.0
0.1895437443 0.4787328507 0.0
0.2192296074 0.4658866306 0.0
0.2480502715 0.4512017688 0.0
0.2758919944 0.4347362198 0.0
0.3026448977 0.4165549655 0.0
0.3282033998 0.396729759 0.0
0.352466633 0.3753388415 0.0
0.3753388415 0.352466633 0.0
0.4512017688 0.2480502715 0.0
0.4347362198 0.2758919944 0.0
0.4658866306 0.2192296074 0.0
0.4787328507 0.1895437443 0.0
0.4896897309 0.1591098386 0.0
0.4987140295 0.1280479991 0.0
0.5057701317 0.0964808126 0.0
0.5138742334 0.0323302264 0.0
0.5108301902 0.06453286043 0.0
0.5108301902 -0.06453286043 0.0
0.5138742334 -0.0323302264 0.0
0.5057701317 -0.0964808126 0.0
0.4987140295 -0.1280479991 0.0
0.4896897309 -0.1591098386 0.0
0.4347362198 -0.2758919944 0.0
0.4165549655 -0.3026448977 0.0
0.396729759 -0.3282033998 0.0
0.3753388415 -0.352466633 0.0
0.3282033998 -0.396729759 0.0
0.352466633 -0.3753388415 0.0
0.3026448977 -0.4165549655 0.0
0.2504489223 -0.4555648985 0.0
0.1895437443 -0.4787328507 0.0
0.2192296074 -0.4658866306 0.0
0.1591098386 -0.4896897309 0.0
0.1280479991 -0.4987140295 0.0
0.0964808126 -0.5057701317 0.0
0.06453286042 -0.5108301902 0.0
0.03233022653 -0.5138742354 0.0
-6.375108774e-17 -0.5148902537 0.0
-0.03233022653 -0.5138742354 0.0
-0.06453286042 -0.5108301902 0.0
0.5107417513 0 0.0
0.03264286044 0.5188434091 0.0
-1.214306433e-17 0.5198692523 0.0
0.06515689442 0.515769928 0.0
0.09741378391 0.5106609386 0.0
0.191376636 0.4833622065 0.0
0.1606484338 0.49442504 0.0
0.2213495619 0.4703917632 0.0
0.2504489223 0.4555648985 0.0
0.3055714796 0.42058306 0.0
0.2785598753 0.4389401273 0.0
0.3313771329 0.4005661434 0.0
0.3558749921 0.3789683753 0.0
0.3789683753 0.3558749921 0.0
0.4389401273 0.2785598753 0.0
0.4555648985 0.2504489223 0.0
0.4703917632 0.2213495619 0.0
0.4833622065 0.191376636 0.0
0.49442504 0.1606484338 0.0
0.5035366038 0.1292862257 0.0
0.5106609386 0.09741378391 0.0
0.515769928 0.06515689442 0.0
0.5106609386 -0.09741378391 0.0
0.515769928 -0.06515689442 0.0
0.5035366038 -0.1292862257 0.0
0.49442504 -0.1606484338 0.0
0.4389401273 -0.2785598753 0.0
0.3789683753 -0.3558749921 0.0
0.3558749921 -0.3789683753 0.0
0.3313771329 -0.4005661434 0.0
0.2533273034 -0.4608006542 0.0
0.191376636 -0.4833622065 0.0
0.2213495619 -0.4703917632 0.0
0.1606484338 -0.49442504 0.0
-0.0964808126 -0.5057701317 0.0
-0.1292862257 -0.5035366038 0.0
-0.1280479991 -0.4987140295 0.0
0.5148911729 0 0.0
0.09853334947 0.5165299068 0.0
0.06590573521 0.5216976132 0.0
0.1935761059 0.4889174335 0.0
0.162494748 0.5001074109 0.0
0.2238935073 0.4757979224 0.0
0.4439848164 0.2817613323 0.0
0.4254167733 0.309083378 0.0
0.5001074109 0.162494748 0.0
0.4889174335 0.1935761059 0.0
0.5093236928 0.1307720976 0.0
0.5165299068 0.09853334947 0.0
0.5216976132 0.06590573522 0.0
0.5165299068 -0.09853334947 0.0
0.5216976132 -0.06590573522 0.0
0.5093236928 -0.1307720976 0.0
0.4439848164 -0.2817613323 0.0
0.4608006542 -0.2533273034 0.0
0.2533273034 0.4608006542 0.0
0.2817613323 0.4439848164 0.0
0.5188434052 -0.0326428602 0.0
0.4889174335 -0.1935761059 0.0
0.5001074109 -0.162494748 0.0
0.4757979224 -0.2238935073 0.0
0.359965023 -0.3833238158 0.0
0.1292862257 0.5035366038 0.0
0.1346947995 0.5246016079 0.0
0.1014890026 0.5320239829 0.0
0.09987682815 0.5235726687 0.0
0.1325551439 0.5162681997 0.0
0.2856030808 0.4500384433 0.0
0.4500384433 0.2856030808 0.0
0.4312172294 0.313297656 0.0
0.4757979224 0.2238935073 0.0
0.5235726687 0.09987682815 0.0
0.5162681997 0.1325551439 0.0
0.5248064107 -0.0330180207 0.0
0.4900701826 -0.2306095232 0.0
0.5035832328 -0.1993827066 0.0
0.4955837059 -0.1962154699 0.0
0.4822853134 -0.2269462418 0.0
0.3351856127 -0.4051698046 0.0
0.3648730601 -0.3885503445 0.0
0.2856030808 -0.4500384433 0.0
0.313297656 -0.4312172294 0.0
0.2238935073 -0.4757979224 0.0
-0.1307720976 -0.5093236928 0.0
0.1307720976 0.5093236928 0.0
0.4608006542 0.2533273034 0.0
0.467083561 0.2567813606 0.0
0.4822853134 0.2269462418 0.0
0.4312172294 -0.313297656 0.0
0.4500384433 -0.2856030808 0.0
0.2567813606 -0.467083561 0.0
0.2269462418 -0.4822853134 0.0
0.1325551439 -0.5162681997 0.0
0.06680434417 -0.5288108355 0.0
0.03346821396 -0.5319620276 0.0
-0.03346821396 -0.5319620276 0.0
-5.312590645e-17 -0.5330138086 0.0
-0.1325551439 -0.5162681997 0.0
-0.09987682815 -0.5235726687 0.0
0.03400844535 0.5405487598 0.0
-1.517883041e-17 0.5416175182 0.0
0.06680434417 0.5288108355 0.0
0.1647103251 0.506926256 0.0
0.1962154699 0.4955837059 0.0
0.2567813606 0.467083561 0.0
0.4994120256 0.2350054609 0.0
0.4836704351 0.2659000718 0.0
0.4746230492 0.2609262294 0.0
0.4900701826 0.2306095232 0.0
0.5288108356 0.06680434417 0.0
0.5288108356 -0.06680434417 0.0
0.5319620161 -0.03346821323 0.0
0.506926256 -0.1647103251 0.0
0.467083561 -0.2567813606 0.0
0.09987682815 -0.5235726687 0.0
0.03400844535 -0.5405487598 0.0
0.06788267491 -0.5373467023 0.0
-0.06680434417 -0.5288108355 0.0
0.03465672303 0.5508528383 0.0
-1.387778781e-17 0.5519419697 0.0
0.2269462418 0.4822853134 0.0
0.1403434902 0.5466018057 0.0
0.105745143 0.5543354525 0.0
0.1034236119 0.54216556 0.0
0.1372623862 0.5346016978 0.0
0.2609262294 0.4746230492 0.0
0.2306095232 0.4900701826 0.0
0.2957452967 0.4660200183 0.0
0.2902131789 0.4573027956 0.0
0.3183547896 0.4381777767 0.0
0.4023483801 0.377830278 0.0
0.377830278 0.4023483801 0.0
0.3707627046 0.3948221788 0.0
0.3948221788 0.3707627046 0.0
0.5319620161 0.03346821323 0.0
0.5330158467 0 0.0
0.51510887 -0.1673690176 0.0
0.4994120256 -0.2350054609 0.0
0.513182665 -0.2031833907 0.0
0.4465304334 -0.3244233499 0.0
0.4660200183 -0.2957452967 0.0
0.4573027956 -0.2902131789 0.0
0.4381777767 -0.3183547896 0.0
0.3397557885 -0.4106941981 0.0
0.1993827066 -0.5035832328 0.0
0.2306095232 -0.4900701826 0.0
0.1346947995 -0.5246016079 0.0
0.1014890026 -0.5320239829 0.0
-0.1346947995 -0.5246016079 0.0
-0.1014890026 -0.5320239829 0.0
0.06788267491 0.5373467023 0.0
0.06917667181 0.5475897424 0.0
0.1673690176 0.51510887 0.0
0.1993827066 0.5035832328 0.0
0.2659000718 0.4836704351 0.0
0.3452399994 0.4173234703 0.0
0.4113798216 0.3863113661 0.0
0.3863113661 0.4113798216 0.0
0.4573027956 0.2902131789 0.0
0.5246016079 0.1346947995 0.0
0.5320239829 0.1014890026 0.0
0.5373467024 0.06788267492 0.0
0.5405487411 0.03400844418 0.0
0.5373467024 -0.06788267492 0.0
0.5249280069 -0.1705594486 0.0
0.5106222372 -0.240280586 0.0
0.5247019837 -0.2077442116 0.0
0.4746230492 -0.2609262294 0.0
0.4173234703 -0.3452399994 0.0
0.4252785969 -0.3518210525 0.0
0.3183547896 -0.4381777767 0.0
0.3452399994 -0.4173234703 0.0
0.2902131789 -0.4573027956 0.0
0.2957452967 -0.4660200183 0.0
0.2609262294 -0.4746230492 0.0
0.2659000718 -0.4836704351 0.0
0.1673690176 -0.51510887 0.0
0.1705594486 -0.5249280069 0.0
0.2031833907 -0.513182665 0.0
0.1372623862 -0.5346016978 0.0
0.1034236119 -0.54216556 0.0
-4.466912951e-17 -0.5416175182 0.0
-0.03400844535 -0.5405487598 0.0
-0.03465672303 -0.5508528383 0.0
-0.06788267491 -0.5373467023 0.0
-0.06917667181 -0.5475897424 0.0
0.513182665 0.2031833907 0.0
0.5247019837 0.2077442116 0.0
0.54216556 0.1034236119 0.0
0.5346016978 0.1372623862 0.0
0.5405487411 -0.03400844418 0.0
0.5416200874 0 0.0
0.54216556 -0.1034236119 0.0
0.5475897426 -0.06917667182 0.0
0.03465672303 -0.5508528383 0.0
0.06917667181 -0.5475897424 0.0
-0.1403434902 -0.5466018057 0.0
-0.105745143 -0.5543354525 0.0
-0.1034236119 -0.54216556 0.0
-0.1372623862 -0.5346016978 0.0
0.07072946808 0.5598813906 0.0
0.1705594486 0.5249280069 0.0
0.2031833907 0.513182665 0.0
0.2350054609 0.4994120256 0.0
0.2718686827 0.4945272981 0.0
0.302383838 0.4764806856 0.0
0.4660200183 0.2957452967 0.0
0.5249280069 0.1705594486 0.0
0.5543354525 0.105745143 0.0
0.5466018057 0.1403434902 0.0
0.5475897426 0.06917667182 0.0
0.5508528089 0.03465672118 0.0
0.5543354525 -0.105745143 0.0
0.5598813909 -0.07072946811 0.0
0.5346016978 -0.1372623862 0.0
0.5367109712 -0.1743879657 0.0
0.5240744912 -0.2466107363 0.0
0.5385251662 -0.2132171967 0.0
0.4836704351 -0.2659000718 0.0
0.4113798216 -0.3863113661 0.0
0.3244233499 -0.4465304334 0.0
0.3518210525 -0.4252785969 0.0
0.302383838 -0.4764806856 0.0
0.2718686827 -0.4945272981 0.0
0.2350054609 -0.4994120256 0.0
0.1743879657 -0.5367109712 0.0
0.2077442116 -0.5247019837 0.0
0.1403434902 -0.5466018057 0.0
0.105745143 -0.5543354525 0.0
0.03543465624 -0.5632177326 0.0
0.07072946808 -0.5598813906 0.0
-3.6429193e-17 -0.5519419697 0.0
-0.03543465624 -0.5632177326 0.0
-0.07072946808 -0.5598813906 0.0
0.4764806856 0.302383838 0.0
0.4565536215 0.3317056223 0.0
0.5519451763 0 0.0
0.5508528089 -0.03465672118 0.0
0.03543465624 0.5632177326 0.0
-1.994931997e-17 0.5643313115 0.0
0.1085309804 0.5689393235 0.0
0.0725928236 0.5746313684 0.0
0.1789821863 0.5508505283 0.0
0.144040815 0.5610019351 0.0
0.1743879657 0.5367109712 0.0
0.2077442116 0.5247019837 0.0
0.240280586 0.5106222372 0.0
0.3691950326 0.4462801312 0.0
0.3964886718 0.4222175514 0.0
0.4348247489 0.3597183161 0.0
0.4890334863 0.3103500876 0.0
0.5367109712 0.1743879657 0.0
0.5689393235 0.1085309804 0.0
0.5610019351 0.144040815 0.0
0.5598813909 0.07072946811 0.0
0.5780555371 -0.03636817177 0.0
0.579203411 0 0.0
0.564335283 0 0.0
0.5632176873 -0.03543465339 0.0
0.5689393235 -0.1085309804 0.0
0.5746313689 -0.07259282367 0.0
0.5466018057 -0.1403434902 0.0
0.5508505283 -0.1789821863 0.0
0.4945272981 -0.2718686827 0.0
0.4764806856 -0.302383838 0.0
0.3863113661 -0.4113798216 0.0
0.3691950326 -0.4462801312 0.0
0.3597183161 -0.4348247489 0.0
0.3317056223 -0.4565536215 0.0
0.2790310159 -0.5075555337 0.0
0.240280586 -0.5106222372 0.0
0.1789821863 -0.5508505283 0.0
0.1484776048 -0.5782820904 0.0
0.1844952511 -0.5678179969 0.0
0.144040815 -0.5610019351 0.0
0.03636817609 -0.5780556057 0.0
0.0725928236 -0.5746313684 0.0
-3.209238431e-17 -0.5643313115 0.0
-0.0725928236 -0.5746313684 0.0
0.2466107363 0.5240744912 0.0
0.2790310159 0.5075555337 0.0
0.2876258156 0.5231894164 0.0
0.2542069165 0.540217196 0.0
0.5632176873 0.03543465339 0.0
0.5780555371 0.03636817177 0.0
0.5746313689 0.07259282367 0.0
0.03636817609 0.5780556057 0.0
-1.351598133e-17 0.5791985217 0.0
0.2197847788 0.5551129851 0.0
0.1844952511 0.5678179969 0.0
0.2132171967 0.5385251662 0.0
0.3103500876 0.4890334863 0.0
0.3404443492 0.4685814472 0.0
0.4222175514 0.3964886718 0.0
0.4685814472 0.3404443492 0.0
0.4462801312 0.3691950326 0.0
0.5551129851 0.2197847788 0.0
0.5385251662 0.2132171967 0.0
0.5508505283 0.1789821863 0.0
0.5864639687 0.1118739853 0.0
0.5610019351 -0.144040815 0.0
0.5231894164 -0.2876258156 0.0
0.5075555337 -0.2790310159 0.0
0.4890334863 -0.3103500876 0.0
0.5040968472 -0.3199095871 0.0
0.4222175514 -0.3964886718 0.0
0.3964886718 -0.4222175514 0.0
0.3805670923 -0.46002659 0.0
0.2876258156 -0.5231894164 0.0
0.1118739853 -0.5864639687 0.0
0.1085309804 -0.5689393235 0.0
0.3805670923 0.46002659 0.0
0.4087014386 0.4352228271 0.0
0.46002659 0.3805670923 0.0
0.4352228271 0.4087014386 0.0
0.5040968472 0.3199095871 0.0
0.5231894164 0.2876258156 0.0
0.5419500756 0.2979395753 0.0
0.5221728802 0.3313809864 0.0
0.0388326685 0.6172275908 0.0
-1.539567085e-17 0.6184479566 0.0
-1.535236568e-17 0.5970391739 0.0
0.03748839991 0.5958610535 0.0
0.07482885023 0.5923313417 0.0
0.1118739853 0.5864639687 0.0
0.1484776048 0.5782820904 0.0
0.3199095871 0.5040968472 0.0
0.3509308215 0.483014838 0.0
0.3942135639 0.4765223405 0.0
0.4233567589 0.4508291581 0.0
0.483014838 0.3509308215 0.0
0.500334907 0.3635145882 0.0
0.4765223405 0.3942135639 0.0
0.540217196 0.2542069165 0.0
0.5750183678 0.2276658774 0.0
0.5864639687 -0.1118739853 0.0
0.5782820904 -0.1484776048 0.0
0.5678179969 -0.1844952511 0.0
0.5551129851 -0.2197847788 0.0
0.540217196 -0.2542069165 0.0
0.4765223405 -0.3942135639 0.0
0.500334907 -0.3635145882 0.0
0.483014838 -0.3509308215 0.0
0.46002659 -0.3805670923 0.0
0.4352228271 -0.4087014386 0.0
0.4087014386 -0.4352228271 0.0
0.1601907298 -0.6239017005 0.0
0.1990497419 -0.6126121138 0.0
0.1911109287 -0.5881789591 0.0
0.1538017525 -0.5990182768 0.0
0.03748839991 -0.5958610535 0.0
0.2979395753 0.5419500756 0.0
0.3313809864 0.5221728802 0.0
0.1911109287 0.5881789591 0.0
0.2276658774 0.5750183678 0.0
0.2371231956 0.598904827 0.0
0.1990497419 0.6126121138 0.0
0.6135713114 0.07751208241 0.0
0.6172274395 0.03883265897 0.0
0.6428672145 0.04044577689 0.0
0.6390592744 0.08073196092 0.0
0.595860951 0.03748839346 0.0
0.5923313427 0.07482885035 0.0
0.5970451646 0 0.0
0.6184552689 0 0.0
0.595860951 -0.03748839346 0.0
0.5923313427 -0.07482885035 0.0
0.5419500756 -0.2979395753 0.0
0.5221728802 -0.3313809864 0.0
0.3942135639 -0.4765223405 0.0
0.3635145882 -0.500334907 0.0
0.07482885023 -0.5923313417 0.0
-0.07482885023 -0.5923313417 0.0
-0.0388326685 -0.6172275908 0.0
-0.07751208219 -0.6135713097 0.0
0.07751208219 0.6135713097 0.0
0.08073196054 0.6390592714 0.0
0.0404457908 0.6428674356 0.0
0.1158855911 0.607493543 0.0
0.1538017525 0.5990182768 0.0
0.2633223328 0.5595884417 0.0
0.310316087 0.5644628667 0.0
0.3451466657 0.5438641199 0.0
0.3635145882 0.500334907 0.0
0.4409431431 0.4695567551 0.0
0.4105893299 0.4963172412 0.0
0.4508291581 0.4233567589 0.0
0.5211189898 0.3786151083 0.0
0.4963172412 0.4105893299 0.0
0.5644628667 0.310316087 0.0
0.5438641199 0.3451466657 0.0
0.5595884417 0.2633223328 0.0
0.607493543 0.1158855911 0.0
0.6135713114 -0.07751208241 0.0
0.6172274395 -0.03883265897 0.0
0.607493543 -0.1158855911 0.0
0.6327290321 -0.1206995181 0.0
0.6390592744 -0.08073196092 0.0
0.5881789591 -0.1911109287 0.0
0.5750183678 -0.2276658774 0.0
0.5595884417 -0.2633223328 0.0
0.5644628667 -0.310316087 0.0
0.5438641199 -0.3451466657 0.0
0.4508291581 -0.4233567589 0.0
0.4963172412 -0.4105893299 0.0
0.4233567589 -0.4508291581 0.0
0.3313809864 -0.5221728802 0.0
0.2979395753 -0.5419500756 0.0
0.2633223328 -0.5595884417 0.0
0.2276658774 -0.5750183678 0.0
0.2371231956 -0.598904827 0.0
0.2742608324 -0.5828339365 0.0
0.1158855911 -0.607493543 0.0
0.07751208219 -0.6135713097 0.0
0.08073196054 -0.6390592714 0.0
0.1206995181 -0.6327290321 0.0
0.0388326685 -0.6172275908 0.0
-2.786399583e-17 -0.6184479566 0.0
-0.0404457908 -0.6428674356 0.0
-0.08073196054 -0.6390592714 0.0
-0.1158855911 -0.607493543 0.0
-0.1538017525 -0.5990182768 0.0
0.6327290321 0.1206995181 0.0
0.6239017005 0.1601907298 0.0
0.598904827 0.2371231956 0.0
0.6126121138 0.1990497419 0.0
0.6419318995 0.2085763178 0.0
0.6275685781 0.2484719775 0.0
0.5990182768 -0.1538017525 0.0
-1.170938346e-17 0.6441384958 0.0
0.08459581456 0.6696448253 0.0
0.04238153756 0.6736352494 0.0
0.1206995181 0.6327290321 0.0
0.1601907298 0.6239017005 0.0
0.2484719775 0.6275685781 0.0
0.2085763178 0.6419318995 0.0
0.2742608324 0.5828339365 0.0
0.325167901 0.5914782161 0.0
0.3616654809 0.5698936075 0.0
0.3786151083 0.5211189898 0.0
0.4695567551 0.4409431431 0.0
0.5460598892 0.3967357323 0.0
0.520071122 0.4302402491 0.0
0.5828339365 0.2742608324 0.0
0.663011619 0.1264762305 0.0
0.6696448305 0.08459581522 0.0
0.6239017005 -0.1601907298 0.0
0.6126121138 -0.1990497419 0.0
0.6419318995 -0.2085763178 0.0
0.6537618089 -0.1678575026 0.0
0.598904827 -0.2371231956 0.0
0.5828339365 -0.2742608324 0.0
0.5914782161 -0.325167901 0.0
0.5698936075 -0.3616654809 0.0
0.5211189898 -0.3786151083 0.0
0.520071122 -0.4302402491 0.0
0.4105893299 -0.4963172412 0.0
0.3786151083 -0.5211189898 0.0
0.3451466657 -0.5438641199 0.0
0.310316087 -0.5644628667 0.0
0.2484719775 -0.6275685781 0.0
0.2873870319 -0.6107285304 0.0
0.08459581456 -0.6696448253 0.0
0.1264762305 -0.6630116191 0.0
0.0404457908 -0.6428674356 0.0
-2.360850231e-17 -0.6441384958 0.0
-0.04238153756 -0.6736352494 0.0
-0.08459581456 -0.6696448253 0.0
-0.1206995181 -0.6327290321 0.0
-0.1601907298 -0.6239017005 0.0
-1.170938346e-17 0.6749671428 0.0
0.1264762305 0.6630116191 0.0
0.1678575026 0.6537618089 0.0
0.2873870319 0.6107285304 0.0
0.4620468042 0.4920298717 0.0
0.4302402491 0.520071122 0.0
0.4920298717 0.4620468042 0.0
0.5914782161 0.325167901 0.0
0.5698936075 0.3616654809 0.0
0.6107285304 0.2873870319 0.0
0.6537618089 0.1678575026 0.0
0.6736349294 0.04238151743 0.0
0.663011619 -0.1264762305 0.0
0.6696448305 -0.08459581522 0.0
0.6275685781 -0.2484719775 0.0
0.6107285304 -0.2873870319 0.0
0.5460598892 -0.3967357323 0.0
0.4302402491 -0.520071122 0.0
0.3967357323 -0.5460598892 0.0
0.3616654809 -0.5698936075 0.0
0.325167901 -0.5914782161 0.0
0.2085763178 -0.6419318995 0.0
0.1678575026 -0.6537618089 0.0
0.04238153756 -0.6736352494 0.0
-2.360850231e-17 -0.6749671428 0.0
-0.1264762305 -0.6630116191 0.0
-0.1678575026 -0.6537618089 0.0
0.3967357323 0.5460598892 0.0
0.7045478149 1.107822151 0.0
0.7050749489 -1.106935697 0.0
1.485327371 0.5601393988 0.0
1.458842615 0.6575613979 0.0
1.788214257 -1.019800608 0.0
1.682146752 -0.9445716439 0.0
1.691987028 -1.021621032 0.0
1.589990903 -0.9428186872 0.0
1.595651126 -1.021278963 0.0
0.8324419877 -0.9285762548 0.0
0.8009153022 -0.9937807104 0.0
0.8953005509 -1.003585782 0.0
0.8894217637 -0.9217103471 0.0
1.497533001 -0.9376355552 0.0
1.502566842 -1.021623165 0.0
1.196097989 -0.9959931084 0.0
1.272855821 -0.8732007151 0.0
1.030741684 -0.9244802676 0.0
0.96723047 -0.9226979301 0.0
0.9872081411 -1.004281669 0.0
1.087230592 -0.9875709824 0.0
1.043533542 -0.8592920847 0.0
0.9879656866 0.9302971806 0.0
1.079001183 0.9867283944 0.0
1.001235104 1.02919579 0.0
1.107424834 0.8885703814 0.0
1.120442403 0.8221340081 0.0
1.180128865 0.8004956084 0.0
1.198408108 0.891015681 0.0
1.031847642 0.8544034423 0.0
1.065306029 0.7744596925 0.0
1.495055954 0.8651735971 0.0
1.497145363 0.9470797828 0.0
1.395378125 0.8459863363 0.0
1.296096133 0.8777611032 0.0
1.268309942 0.786641295 0.0
0.9615502909 -0.840319437 0.0
0.872919718 -0.8316850916 0.0
2 0.9996413783 0.0
2 0.9003187749 0.0
2.1 0.9003187749 0.0
2.1 1.000358622 0.0
2 1.099681225 0.0
1.9 1.099681225 0.0
1.9 0.9996413783 0.0
1.8 1.099681225 0.0
1.695838136 1.108938463 0.0
2.2 1.099681225 0.0
2.1 1.099681225 0.0
2.2 1.000358622 0.0
2.2 0.9003187749 0.0
2.3 0.9003187749 0.0
2.3 1.000358622 0.0
2.4 1.099681225 0.0
2.3 1.099681225 0.0
2.4 1.000358622 0.0
2.5 1.099681225 0.0
2.5 1.000358622 0.0
2.5 -1.099681225 0.0
2.6 -1.099681225 0.0
2.6 -0.9996413783 0.0
2.5 -0.9996413783 0.0
2.3 -0.9996413783 0.0
2.3 -1.099681225 0.0
2.4 -1.099681225 0.0
2.4 -0.9996413783 0.0
2.2 -0.9996413783 0.0
2.2 -1.099681225 0.0
2.1 -0.9996413783 0.0
2.1 -1.099681225 0.0
2 -1.099681225 0.0
2.000538705 -1.004871704 0.0
1.894202843 -1.007417283 0.0
1.3 -1.099681225 0.0
1.403982728 -1.105073498 0.0
1.2 -1.099681225 0.0
1 -1.099681225 0.0
1.1 -1.099681225 0.0
0.9 -1.099681225 0.0
0.8 -1.099681225 0.0
1.683651675 0.8832932176 0.0
1.792598816 0.8967424252 0.0
1.598892232 1.109632269 0.0
1.591352436 1.030271008 0.0
1.58897444 0.9507278495 0.0
1.590661593 0.8762276339 0.0
1.500982946 1.109874604 0.0
1.500255722 1.027066641 0.0
1.405575749 1.108184948 0.0
1.3 1.099681225 0.0
1.2 1.099681225 0.0
1.196014724 0.9913727828 0.0
1.09482749 1.09830013 0.0
1.000308776 1.107069828 0.0
0.9198668466 0.876026691 0.0
0.9062532263 1.101912469 0.0
0.8 1.099681225 0.0
0.7558465186 0.9190679965 0.0
0.8642214124 0.820428525 0.0
0.811854071 0.8685288623 0.0
1.069488187 -0.7774666894 0.0
1.208419093 -0.8420326219 0.0
1.186832654 -0.7874884721 0.0
1.264751446 -0.7819395705 0.0
1.340582446 0.7845477939 0.0
1.42784898 0.7549820008 0.0
1.330808962 -0.7828425958 0.0
1.385058964 -0.8430449028 0.0
1.493014422 -0.8595445823 0.0
0.9722514909 -0.7431413247 0.0
0.9017839942 -0.7642904811 0.0
1.588023307 -0.8693859364 0.0
1.67852927 -0.8685183941 0.0
1.683969327 -0.7897453712 0.0
0.4979346788 1.127238833 0.0
0.5339070676 0.9699637018 0.0
0.5956666553 0.9385116291 0.0
0.5345695185 -0.9694906215 0.0
0.5959498984 -0.9382338308 0.0
0.6548243409 -0.8974905759 0.0
0.7541697345 -0.917465025 0.0
0.7108846464 -0.8593119226 0.0
0.8033533185 -0.8720845487 0.0
0.7610290046 -0.8158818372 0.0
0.8141336895 -0.7699405444 0.0
0.857109042 -0.7202161233 0.0
0.8138879714 0.7642916789 0.0
0.857983245 0.7175182042 0.0
1.793754828 0.7986909083 0.0
1.899999832 0.800278928 0.0
1.899999582 0.9003187749 0.0
1.992675623 -0.9041395288 0.0
2 0.800278928 0.0
2.1 0.800278928 0.0
2.1 -0.9003187749 0.0
0.4998359941 -1.125750667 0.0
0.4976988113 -1.208986592 0.0
0.5988335923 -1.204303452 0.0
0.7 -1.199721072 0.0
0.8 -1.199721072 0.0
0.9 -1.199721072 0.0
1.1 -1.199721072 0.0
1.2 -1.199721072 0.0
1.3 -1.199721072 0.0
1.4 -1.199721072 0.0
1.599396776 -1.105378543 0.0
1.698370012 -1.105552982 0.0
1.6 -1.199721072 0.0
1.7 -1.199721072 0.0
1.79858735 -1.104835656 0.0
1.8 -1.199721072 0.0
1.902369799 -1.103777052 0.0
1.9 -1.199721072 0.0
2 -1.199721072 0.0
2.1 -1.199721072 0.0
2.2 -1.199721072 0.0
2.1 -0.800278928 0.0
2 -0.800278928 0.0
2.2 -0.9003187749 0.0
2.3 -1.199721072 0.0
2.4 -1.199721072 0.0
2.3 -0.9003187749 0.0
2.4 -0.9003187749 0.0
2.5 -0.9003187749 0.0
2.6 -0.9003187749 0.0
0.214474265 1.08265639 0.0
0.2431075215 1.131994425 0.0
0.1967639723 1.187116574 0.0
0.155277545 1.105714193 0.0
0.3037120749 1.203202219 0.0
0.4035586753 1.129417509 0.0
0.5985825148 1.204660175 0.0
0.497128891 1.209697557 0.0
0.7 1.199721072 0.0
0.8 1.199721072 0.0
0.9 1.199721072 0.0
1 1.199721072 0.0
1.3 1.199721072 0.0
1.2 1.199721072 0.0
1.4 1.199721072 0.0
1.5 1.199721072 0.0
1.6 1.199721072 0.0
1.7 1.199721072 0.0
1.8 1.199721072 0.0
1.9 1.199721072 0.0
2 1.199721072 0.0
2.1 1.199721072 0.0
2.2 -0.800278928 0.0
2.3 -0.800278928 0.0
2.4 -0.800278928 0.0
2.5 -0.800278928 0.0
2.7 -0.9003187749 0.0
2.7 -0.800278928 0.0
2.6 -0.800278928 0.0
2.8 -0.9003187749 0.0
2.9 -0.9003187749 0.0
2.9 -0.800278928 0.0
2.8 -0.800278928 0.0
2.2 1.199721072 0.0
2.2 0.800278928 0.0
2.3 0.800278928 0.0
2.4 0.9003187749 0.0
2.4 0.800278928 0.0
2.4 1.199721072 0.0
2.3 1.199721072 0.0
2.5 1.199721072 0.0
-0.2121605727 -1.07977289 0.0
-0.2405747669 -1.130776086 0.0
-0.1970560053 -1.187621834 0.0
-0.1547972566 -1.105136318 0.0
-0.3125077228 -1.124933534 0.0
-0.303598221 -1.202844585 0.0
0.9064535493 -0.6764901545 0.0
1.261339669 -0.6881361911 0.0
1.5 -1.199721072 0.0
1.501152326 -1.106367675 0.0
1 -1.199721072 0.0
2.5 -1.199721072 0.0
2.6 -1.199721072 0.0
1.889678836 -0.8025875622 0.0
1.782739476 -0.7915699179 0.0
2.5 0.9003187749 0.0
1.687980115 0.7976436448 0.0
0.7634385208 0.8129794514 0.0
0.6545548227 0.8979287452 0.0
0.7108846464 0.8593119226 0.0
1.1 1.199721072 0.0
1.133355007 0.7021914496 0.0
1.134427837 -0.6995544201 0.0
1.024975331 0.6581131157 0.0
1.681017193 -0.6951861105 0.0
1.680654339 0.694656337 0.0
1.794440549 0.7000986352 0.0
0.6145727269 0.8458867901 0.0
0.666473679 0.8056282849 0.0
0.560246337 0.8828069665 0.0
0.5037089107 0.9162431072 0.0
0.4466470921 0.9431949172 0.0
0.3849013042 0.9721497232 0.0
0.321597382 0.9912982676 0.0
0.2582639567 1.007139832 0.0
0.1352933896 1.036555087 0.0
0.1973276739 1.024013622 0.0
0.07882682578 1.115754893 0.0
0.06892496111 1.044165932 0.0
1.790910914e-05 1.119199396 0.0
-1.094176832e-15 1.045573574 0.0
-0.13439998 -1.036322067 0.0
-0.1967311666 -1.021472605 0.0
-0.07892733153 -1.115821634 0.0
-0.0656521079 -1.043510373 0.0
1.142235054e-06 -1.119236413 0.0
-2.17336752e-15 -1.045573574 0.0
0.1977436912 -1.022135974 0.0
0.1345007861 -1.036597099 0.0
0.1551917482 -1.106221654 0.0
0.2152381578 -1.081567571 0.0
0.2574680811 -1.007034996 0.0
0.3217901002 -0.9913184715 0.0
0.3849013042 -0.9721497232 0.0
0.4468405552 -0.9428353544 0.0
0.5037089107 -0.9162431072 0.0
0.560246337 -0.8828069665 0.0
0.6145727269 -0.8458867901 0.0
0.666473679 -0.8056282849 0.0
0.715744364 -0.762190333 0.0
0.7621903329 -0.7157443639 0.0
0.806064935 -0.670143313 0.0
0.8462754941 -0.6250386747 0.0
0.8054508075 0.670011827 0.0
0.8459754537 0.6216532207 0.0
0.9080019739 0.669351686 0.0
1.792213729 -0.6972843868 0.0
1.899999949 -0.7002390812 0.0
2 -0.7002390812 0.0
2 0.7002390812 0.0
2.1 0.7002390812 0.0
0.2 1.299760919 0.0
0.1 1.299760919 0.0
0.09389769951 1.200588364 0.0
0.3 1.299760919 0.0
0.4006843043 1.2069196 0.0
0.4 1.299760919 0.0
0.5 1.299760919 0.0
0.6 1.299760919 0.0
0.7 1.299760919 0.0
0.8 1.299760919 0.0
0.9 1.299760919 0.0
1 1.299760919 0.0
1.1 1.299760919 0.0
1.2 1.299760919 0.0
1.3 1.299760919 0.0
1.4 1.299760919 0.0
1.5 1.299760919 0.0
1.6 1.299760919 0.0
1.7 1.299760919 0.0
1.8 1.299760919 0.0
1.9 1.299760919 0.0
2 1.299760919 0.0
2.1 1.299760919 0.0
2.2 1.299760919 0.0
2.3 1.299760919 0.0
2.4 1.299760919 0.0
2.5 1.299760919 0.0
2.1 -0.7002390812 0.0
2.2 -0.7002390812 0.0
2.3 -0.7002390812 0.0
2.4 -0.7002390812 0.0
2.5 -0.7002390812 0.0
2.6 -0.7002390812 0.0
2.7 -0.7002390812 0.0
2.8 -0.7002390812 0.0
2.9 -0.7002390812 0.0
2.5 -1.299760919 0.0
2.4 -1.299760919 0.0
2.3 -1.299760919 0.0
2.2 -1.299760919 0.0
2.1 -1.299760919 0.0
2 -1.299760919 0.0
1.9 -1.299760919 0.0
1.8 -1.299760919 0.0
1.7 -1.299760919 0.0
1.6 -1.299760919 0.0
2.3 0.7002390812 0.0
2.4 0.7002390812 0.0
2.5 0.800278928 0.0
1.5 -1.299760919 0.0
1.4 -1.299760919 0.0
1.3 -1.299760919 0.0
1.2 -1.299760919 0.0
1.1 -1.299760919 0.0
0.9 -1.299760919 0.0
1 -1.299760919 0.0
0.8 -1.299760919 0.0
0.7 -1.299760919 0.0
0.6 -1.299760919 0.0
0.5 -1.299760919 0.0
0.4043339715 -1.128314196 0.0
0.4009414346 -1.206653776 0.0
0.303851023 -1.203272814 0.0
0.2415726594 -1.13313153 0.0
0.1970941779 -1.187686496 0.0
0.07893190047 -1.115829373 0.0
0.0940065196 -1.200749465 0.0
0.1 -1.299760919 0.0
0.2 -1.299760919 0.0
2.956907971e-06 -1.20511954 0.0
-0.09399583421 -1.200731365 0.0
-0.2 -1.299760919 0.0
-0.1 -1.299760919 0.0
-0.3 -1.299760919 0.0
-0.2667655069 -1.060492415 0.0
2.2 0.7002390812 0.0
-8.094479209e-16 -1.299760919 0.0
1.025124035 -0.6578734626 0.0
8.059099114e-05 1.205026987 0.0
-3.517151848e-16 1.299760919 0.0
-0.256596374 -1.006451235 0.0
1.404833256 -0.5173888115 0.0
1.407211441 -0.4498177045 0.0
1.321743391 -0.4724963927 0.0
1.475428605 -0.5520678167 0.0
1.577649189 -0.5782297344 0.0
1.234310315 0.5790887046 0.0
1.140340113 0.5893154877 0.0
1.044763213 0.5687014611 0.0
1.685451502 -0.5942376827 0.0
1.684749668 0.5940588059 0.0
1.794639841 0.6000638919 0.0
0.7556541982 -0.6251315191 0.0
0.7149107544 -0.6713458845 0.0
0.5254935862 -0.8280453939 0.0
0.4724632442 -0.8594074507 0.0
0.4175683056 -0.887377819 0.0
0.3610254156 -0.9118461124 0.0
0.3030577233 -0.9327157658 0.0
0.2438940006 -0.9499044162 0.0
0.1837677397 -0.9633442278 0.0
0.1229162315 -0.9729821599 0.0
0.0656521079 -1.043510373 0.0
0.06157962908 -0.9787801759 0.0
-1.717376241e-15 -0.9807153937 0.0
-0.06157962908 -0.9787801759 0.0
-0.1229162315 -0.9729821599 0.0
-0.1837677397 -0.9633442278 0.0
-0.2438940006 -0.9499044162 0.0
0.1229162315 0.9729821599 0.0
0.1837677397 0.9633442278 0.0
0.3030577233 0.9327157658 0.0
0.3610254156 0.9118461124 0.0
0.4175683056 0.887377819 0.0
0.4724632442 0.8594074507 0.0
0.5254935862 0.8280453939 0.0
0.715744364 0.762190333 0.0
0.7621903329 0.7157443639 0.0
0.7149107544 0.6713458845 0.0
0.7556541982 0.6251315191 0.0
0.7939598822 0.5798431508 0.0
0.7942980879 -0.5793730531 0.0
1.794401383 -0.5979701684 0.0
1.899999991 -0.6001992343 0.0
1.899999949 0.7002390812 0.0
-1.234285111e-16 1.399800766 0.0
0.1 1.399800766 0.0
0.2 1.399800766 0.0
0.3 1.399800766 0.0
0.4 1.399800766 0.0
0.5 1.399800766 0.0
0.7 1.399800766 0.0
0.6 1.399800766 0.0
0.8 1.399800766 0.0
0.9 1.399800766 0.0
1 1.399800766 0.0
1.1 1.399800766 0.0
1.2 1.399800766 0.0
1.3 1.399800766 0.0
1.4 1.399800766 0.0
1.5 1.399800766 0.0
1.6 1.399800766 0.0
1.7 1.399800766 0.0
1.8 1.399800766 0.0
1.9 1.399800766 0.0
2.1 1.399800766 0.0
2 1.399800766 0.0
2.2 1.399800766 0.0
2.3 1.399800766 0.0
2.4 1.399800766 0.0
2.5 1.399800766 0.0
2 -0.6001992343 0.0
2.1 -0.6001992343 0.0
2.2 -0.6001992343 0.0
2.3 -0.6001992343 0.0
2.4 -0.6001992343 0.0
2.5 -0.6001992343 0.0
2.6 -0.6001992343 0.0
2.7 -0.6001992343 0.0
2.8 -0.6001992343 0.0
2.9 -0.6001992343 0.0
2.5 -1.399800766 0.0
2.4 -1.399800766 0.0
2.3 -1.399800766 0.0
2.2 -1.399800766 0.0
2.1 -1.399800766 0.0
2 -1.399800766 0.0
1.9 -1.399800766 0.0
1.8 -1.399800766 0.0
1.7 -1.399800766 0.0
1.6 -1.399800766 0.0
1.4 -1.399800766 0.0
1.5 -1.399800766 0.0
1.3 -1.399800766 0.0
1.2 -1.399800766 0.0
1.1 -1.399800766 0.0
1 -1.399800766 0.0
0.8 -1.399800766 0.0
0.9 -1.399800766 0.0
0.7 -1.399800766 0.0
0.6 -1.399800766 0.0
0.4 -1.299760919 0.0
0.4 -1.399800766 0.0
0.5 -1.399800766 0.0
0.3 -1.299760919 0.0
0.3 -1.399800766 0.0
0.2 -1.399800766 0.0
0.1 -1.399800766 0.0
-7.008282843e-16 -1.399800766 0.0
-0.2 -1.399800766 0.0
-0.1 -1.399800766 0.0
-0.3 -1.399800766 0.0
2 0.6001992343 0.0
2.1 0.6001992343 0.0
2.5 0.7002390812 0.0
0.8307306774 -0.5297443719 0.0
2.2 0.6001992343 0.0
2.3 0.6001992343 0.0
2.4 0.6001992343 0.0
2.5 0.6001992343 0.0
2.6 0.6001992343 0.0
2.6 0.7002390812 0.0
0.6251315191 0.7556541982 0.0
0.6713458845 0.7149107544 0.0
1.899999991 0.6001992343 0.0
0.8296368358 0.531623884 0.0
0.8712045828 0.4825636366 0.0
1.044900836 -0.5684084623 0.0
1.317193423 0.4690769972 0.0
1.406829769 0.4522590714 0.0
1.230475534 0.4867681261 0.0
1.144732584 0.4891257475 0.0
1.060488539 0.4803312409 0.0
0.9796893423 0.4547715973 0.0
1.242323826 -0.582659628 0.0
1.497902949 -0.4672246038 0.0
1.140713861 -0.5885810736 0.0
1.23459903 -0.4914649085 0.0
1.146822136 -0.4928737988 0.0
1.580093509 0.5801736437 0.0
1.592031676 0.4824308193 0.0
1.693859902 0.4950557151 0.0
1.799940311 0.5001593698 0.0
1.694493681 -0.4935895285 0.0
1.799940311 -0.5001593698 0.0
0.7091363868 0.5866486387 0.0
0.744573041 0.5409639795 0.0
0.6709010954 0.6300180638 0.0
0.6300180638 0.6709010954 0.0
0.5866486387 0.7091363868 0.0
0.5764500451 0.7934154201 0.0
0.5409639795 0.744573041 0.0
0.4931443826 0.7770712055 0.0
0.4433785701 0.8065026249 0.0
0.3918629449 0.832751147 0.0
0.3388008158 0.8557131807 0.0
0.2844015945 0.8752981055 0.0
0.2438940006 0.9499044162 0.0
0.2288799702 0.8914286285 0.0
0.1724550611 0.90404109 0.0
0.06157962908 0.9787801759 0.0
0.05778880839 0.9185268064 0.0
0.1153495507 0.9130857143 0.0
-8.270381159e-16 0.9807153937 0.0
-5.620504062e-16 0.9203428929 0.0
-0.1724550611 -0.90404109 0.0
-0.2288799702 -0.8914286285 0.0
-0.1153495507 -0.9130857143 0.0
-0.05778880839 -0.9185268064 0.0
-1.323594012e-15 -0.9203428929 0.0
0.05778880839 -0.9185268064 0.0
0.1153495507 -0.9130857143 0.0
0.1724550611 -0.90404109 0.0
0.2288799702 -0.8914286285 0.0
0.2844015945 -0.8752981055 0.0
0.3918629449 -0.832751147 0.0
0.3388008158 -0.8557131807 0.0
0.4433785701 -0.8065026249 0.0
0.4931443826 -0.7770712055 0.0
0.5409639795 -0.744573041 0.0
0.5764500451 -0.7934154201 0.0
0.6251315191 -0.7556541982 0.0
0.5866486387 -0.7091363868 0.0
0.6713458845 -0.7149107544 0.0
0.6300180638 -0.6709010954 0.0
0.7091363868 -0.5866486387 0.0
0.6709010954 -0.6300180638 0.0
0.744573041 -0.5409639795 0.0
0.7770712055 -0.4931443826 0.0
0.8745196859 -0.481256422 0.0
0.8124350968 -0.4431045942 0.0
1.9 -0.5001593874 0.0
1.179611964e-16 1.499840613 0.0
0.1 1.499840613 0.0
0.2 1.499840613 0.0
0.3 1.499840613 0.0
0.4 1.499840613 0.0
0.5 1.499840613 0.0
0.6 1.499840613 0.0
0.7 1.499840613 0.0
0.9 1.499840613 0.0
0.8 1.499840613 0.0
1 1.499840613 0.0
1.1 1.499840613 0.0
1.2 1.499840613 0.0
1.3 1.499840613 0.0
1.5 1.499840613 0.0
1.4 1.499840613 0.0
1.6 1.499840613 0.0
1.7 1.499840613 0.0
1.8 1.499840613 0.0
1.9 1.499840613 0.0
2 1.499840613 0.0
2.1 1.499840613 0.0
2.2 1.499840613 0.0
2.3 1.499840613 0.0
2.7 0.6001992343 0.0
2.7 0.7002390812 0.0
2 -0.5001593874 0.0
2.1 -0.5001593874 0.0
2.2 -0.5001593874 0.0
2.3 -0.5001593874 0.0
2.4 -0.5001593874 0.0
2.5 -0.5001593874 0.0
2.6 -0.5001593874 0.0
2.7 -0.5001593874 0.0
2.8 -0.5001593874 0.0
2.9 -0.5001593874 0.0
2.4 -1.499840613 0.0
2.5 -1.499840613 0.0
2.3 -1.499840613 0.0
2.2 -1.499840613 0.0
2.1 -1.499840613 0.0
2 -1.499840613 0.0
1.9 -1.499840613 0.0
1.8 -1.499840613 0.0
1.7 -1.499840613 0.0
1.6 -1.499840613 0.0
1.3 -1.499840613 0.0
1.4 -1.499840613 0.0
1.2 -1.499840613 0.0
1.1 -1.499840613 0.0
1 -1.499840613 0.0
0.9 -1.499840613 0.0
0.8 -1.499840613 0.0
0.7 -1.499840613 0.0
0.6 -1.499840613 0.0
0.5 -1.499840613 0.0
0.4 -1.499840613 0.0
0.2 -1.499840613 0.0
0.3 -1.499840613 0.0
0.1 -1.499840613 0.0
-6.938973701e-16 -1.499840613 0.0
-0.1 -1.499840613 0.0
-0.2 -1.499840613 0.0
-0.3 -1.499840613 0.0
0.9054793767 0.4206665543 0.0
0.8120942381 0.4427373898 0.0
0.908621238 -0.4189710297 0.0
1.592038013 -0.4826074733 0.0
0.7770712055 0.4931443826 0.0
1.500349844 0.4697442498 0.0
0.9797897896 -0.4545385118 0.0
1.060550558 -0.4795890649 0.0
1.147643798 -0.3957800676 0.0
1.147626151 0.4000881353 0.0
0.7296263709 0.463034975 0.0
0.7572608266 0.4163076623 0.0
0.6991124133 0.5079349001 0.0
0.6299385796 0.5915517011 0.0
0.6658393784 0.5508302382 0.0
0.5915517011 0.6299385796 0.0
0.5508302382 0.6658393784 0.0
0.5079349001 0.6991124133 0.0
0.463034975 0.7296263709 0.0
0.4163076623 0.7572608266 0.0
0.3679373735 0.7819067197 0.0
0.318115004 0.8034667842 0.0
0.2670371799 0.8218559324 0.0
0.2149054821 0.8370015907 0.0
0.1619256505 0.8488439862 0.0
0.1083067723 0.8573363822 0.0
0.05426045676 0.8624452632 0.0
-3.138500771e-16 0.8641504667 0.0
-0.1619256505 -0.8488439862 0.0
-0.2149054821 -0.8370015907 0.0
-0.1083067723 -0.8573363822 0.0
-0.05426045676 -0.8624452632 0.0
0.05426045676 -0.8624452632 0.0
-8.847089727e-16 -0.8641504667 0.0
0.1083067723 -0.8573363822 0.0
0.1619256505 -0.8488439862 0.0
0.2149054821 -0.8370015907 0.0
0.2670371799 -0.8218559324 0.0
0.318115004 -0.8034667842 0.0
0.3679373735 -0.7819067197 0.0
0.4163076623 -0.7572608266 0.0
0.463034975 -0.7296263709 0.0
0.5079349001 -0.6991124133 0.0
0.5508302382 -0.6658393784 0.0
0.5915517011 -0.6299385796 0.0
0.6299385796 -0.5915517011 0.0
0.6658393784 -0.5508302382 0.0
0.6991124133 -0.5079349001 0.0
0.7296263709 -0.463034975 0.0
0.7572608266 -0.4163076623 0.0
1.607905369 -0.3912339922 0.0
1.700544898 -0.3973535881 0.0
0.8799815632 0.3142800119 0.0
1.799999722 -0.4001195406 0.0
1.9 -0.4001195406 0.0
1.9 0.5001593874 0.0
1.799999722 0.4001195406 0.0
1.9 0.4001195406 0.0
2 0.5001593874 0.0
2 0.4001195406 0.0
2 -0.4001195406 0.0
2.1 -0.4001195406 0.0
2.2 -0.4001195406 0.0
2.3 -0.4001195406 0.0
2.4 -0.4001195406 0.0
2.5 -0.4001195406 0.0
2.6 -0.4001195406 0.0
2.7 -0.4001195406 0.0
2.9 -0.4001195406 0.0
2.8 -0.4001195406 0.0
1.3 1.599880459 0.0
1.2 1.599880459 0.0
0.8 1.599880459 0.0
0.7 1.599880459 0.0
0.6 1.599880459 0.0
0.5 1.599880459 0.0
0.4 1.599880459 0.0
2.1 0.5001593874 0.0
2.1 0.4001195406 0.0
2.2 0.5001593874 0.0
2.3 0.5001593874 0.0
2.5 0.5001593874 0.0
2.4 0.5001593874 0.0
2.6 0.5001593874 0.0
2.7 0.5001593874 0.0
2.6 0.4001195406 0.0
2.7 0.4001195406 0.0
2.4 -1.599880459 0.0
2.5 -1.599880459 0.0
2.3 -1.599880459 0.0
2.2 -1.599880459 0.0
2.1 -1.599880459 0.0
2 -1.599880459 0.0
1.9 -1.599880459 0.0
1.8 -1.599880459 0.0
1.7 -1.599880459 0.0
1.6 -1.599880459 0.0
1.5 -1.499840613 0.0
1.5 -1.599880459 0.0
1.4 -1.599880459 0.0
1.3 -1.599880459 0.0
1.2 -1.599880459 0.0
1.1 -1.599880459 0.0
1 -1.599880459 0.0
0.9 -1.599880459 0.0
0.8 -1.599880459 0.0
0.7 -1.599880459 0.0
0.5 -1.599880459 0.0
0.6 -1.599880459 0.0
0.4 -1.599880459 0.0
0.3 -1.599880459 0.0
0.2 -1.599880459 0.0
0.1 -1.599880459 0.0
-5.950101523e-16 -1.599880459 0.0
-0.1 -1.599880459 0.0
-0.2 -1.599880459 0.0
-0.4 -1.499840613 0.0
-0.4 -1.599880459 0.0
-0.3 -1.599880459 0.0
1.9 1.599880459 0.0
2 1.599880459 0.0
2.1 1.599880459 0.0
1.8 1.599880459 0.0
1.7 1.599880459 0.0
1.6 1.599880459 0.0
1.5 1.599880459 0.0
1.4 1.599880459 0.0
1.1 1.599880459 0.0
1 1.599880459 0.0
0.9 1.599880459 0.0
2.3 0.4001195406 0.0
2.2 0.4001195406 0.0
2.4 0.4001195406 0.0
2.5 0.4001195406 0.0
0.3 1.599880459 0.0
0.2 1.599880459 0.0
0.1 1.599880459 0.0
1.377394503e-16 1.599880459 0.0
0.8798647185 -0.3163955277 0.0
0.8270334613 -0.2737622415 0.0
1.699289109 0.397834343 0.0
1.361206449 0.2530984773 0.0
1.607905369 0.3912339922 0.0
1.142993437 -0.2953023168 0.0
1.142266162 0.2950432972 0.0
0.9213836893 -0.2498200236 0.0
1.704689078 -0.2981561163 0.0
1.8 -0.3000796937 0.0
0.8240773116 0.2753996794 0.0
0.7112568946 0.3910167867 0.0
0.7344055388 0.3455850145 0.0
0.6853012444 0.4349053943 0.0
0.6566410233 0.4770776291 0.0
0.6253893401 0.5173670563 0.0
0.5556146722 0.5916695308 0.0
0.5916695308 0.5556146722 0.0
0.5173670563 0.6253893401 0.0
0.4770776291 0.6566410233 0.0
0.4349053943 0.6853012444 0.0
0.3910167867 0.7112568946 0.0
0.3455850145 0.7344055388 0.0
0.2987893761 0.7546558198 0.0
0.2508145525 0.7719278191 0.0
0.2018498785 0.7861533719 0.0
0.1520885952 0.7972763366 0.0
0.1017270877 0.8052528157 0.0
0.05096410988 0.8100513299 0.0
-0.1520885952 -0.7972763366 0.0
-0.2018498785 -0.7861533719 0.0
-0.1017270877 -0.8052528157 0.0
-0.05096410988 -0.8100513299 0.0
-5.846018114e-16 -0.8116529416 0.0
0.05096410988 -0.8100513299 0.0
0.1017270877 -0.8052528157 0.0
0.1520885952 -0.7972763366 0.0
0.2018498785 -0.7861533719 0.0
0.2987893761 -0.7546558198 0.0
0.2508145525 -0.7719278191 0.0
0.3455850145 -0.7344055388 0.0
0.3910167867 -0.7112568946 0.0
0.4349053943 -0.6853012444 0.0
0.4770776291 -0.6566410233 0.0
0.5173670563 -0.6253893401 0.0
0.5556146722 -0.5916695308 0.0
0.5916695308 -0.5556146722 0.0
0.6253893401 -0.5173670563 0.0
0.6566410233 -0.4770776291 0.0
0.6853012444 -0.4349053943 0.0
0.7112568946 -0.3910167867 0.0
0.7344055388 -0.3455850145 0.0
0.7546558198 -0.2987893761 0.0
2 0.3000796937 0.0
2.1 0.3000796937 0.0
2.3 0.3000796937 0.0
2.4 0.3000796937 0.0
2.5 0.3000796937 0.0
2.2 1.599880459 0.0
2.3 1.599880459 0.0
1.4 1.699920306 0.0
1.3 1.699920306 0.0
0.9 1.699920306 0.0
0.8 1.699920306 0.0
2.5 -1.699920306 0.0
2.4 -1.699920306 0.0
2.3 -1.699920306 0.0
2.2 -1.699920306 0.0
2.1 -1.699920306 0.0
0.4 1.699920306 0.0
0.3 1.699920306 0.0
1.9 -0.3000796937 0.0
2 -0.3000796937 0.0
2.1 -0.3000796937 0.0
2.3 -0.3000796937 0.0
2.2 -0.3000796937 0.0
2.4 -0.3000796937 0.0
2.5 -0.3000796937 0.0
2.6 -0.3000796937 0.0
2.7 -0.3000796937 0.0
2.8 -0.3000796937 0.0
2.9 -0.3000796937 0.0
2 -1.699920306 0.0
1.9 -1.699920306 0.0
1.8 -1.699920306 0.0
1.6 -1.699920306 0.0
1.7 -1.699920306 0.0
1.5 -1.699920306 0.0
1.4 -1.699920306 0.0
1.3 -1.699920306 0.0
1.2 -1.699920306 0.0
1.1 -1.699920306 0.0
1 -1.699920306 0.0
0.9 -1.699920306 0.0
0.8 -1.699920306 0.0
0.7 -1.699920306 0.0
0.6 -1.699920306 0.0
0.5 -1.699920306 0.0
0.4 -1.699920306 0.0
0.3 -1.699920306 0.0
0.2 -1.699920306 0.0
-4.680480565e-16 -1.699920306 0.0
0.1 -1.699920306 0.0
-0.1 -1.699920306 0.0
-0.2 -1.699920306 0.0
-0.3 -1.699920306 0.0
-0.4 -1.699920306 0.0
0.9194091911 0.2496942907 0.0
0.7735127715 -0.2494816045 0.0
0.8499152131 -0.214265448 0.0
0.7702403426 0.2546512893 0.0
2.2 0.3000796937 0.0
2.2 1.699920306 0.0
2.3 1.699920306 0.0
2.1 1.699920306 0.0
1.6 1.699920306 0.0
1.7 1.699920306 0.0
1.1 1.699920306 0.0
1.2 1.699920306 0.0
1 1.699920306 0.0
0.7 1.699920306 0.0
0.6 1.699920306 0.0
0.5 1.699920306 0.0
0.2 1.699920306 0.0
0.1 1.699920306 0.0
1.387778781e-17 1.699920306 0.0
0.7546558198 0.2987893761 0.0
1.3629123 -0.249000964 0.0
1.699665921 0.3000791359 0.0
0.8025714404 0.1139067899 0.0
0.8634571049 0.1426401812 0.0
0.9409848989 0.1683224435 0.0
1.036402853 0.1899524053 0.0
1.246941511 0.1847930693 0.0
1.337511712 0.1598781261 0.0
1.697475785 -0.1957974312 0.0
1.141608312 -0.1939648222 0.0
1.036646083 -0.1896444477 0.0
0.7092274273 -0.2808030031 0.0
0.6901961626 -0.3247816611 0.0
0.6684410089 -0.3674785543 0.0
0.6440478239 -0.4087251776 0.0
0.6171128764 -0.4483587493 0.0
0.5221680589 -0.5560525052 0.0
0.4862228538 -0.5877424663 0.0
0.4483587493 -0.6171128764 0.0
0.4087251776 -0.6440478239 0.0
0.3247816611 -0.6901961626 0.0
0.2808030031 -0.7092274273 0.0
0.2357161439 -0.7254596955 0.0
0.1896990207 -0.7388289056 0.0
0.1429332422 -0.7492822956 0.0
0.09560337151 -0.7567786107 0.0
0.04789619796 -0.7612882663 0.0
-2.827599266e-16 -0.762793465 0.0
-0.09560337151 -0.7567786107 0.0
-0.1429332422 -0.7492822956 0.0
-1.214306433e-16 0.8116529416 0.0
-1.29610608e-17 0.762793465 0.0
0.04789619796 0.7612882663 0.0
0.1429332422 0.7492822956 0.0
0.1896990207 0.7388289056 0.0
0.2357161439 0.7254596955 0.0
0.2808030031 0.7092274273 0.0
0.3247816611 0.6901961626 0.0
0.3674785543 0.6684410089 0.0
0.4087251776 0.6440478239 0.0
0.4862228538 0.5877424663 0.0
0.5221680589 0.5560525052 0.0
0.5877424663 0.4862228538 0.0
0.6171128764 0.4483587493 0.0
0.6440478239 0.4087251776 0.0
0.6684410089 0.3674785543 0.0
0.6901961626 0.3247816611 0.0
0.7092274273 0.2808030031 0.0
0.7254596955 0.2357161439 0.0
0.7371297053 0.1920480237 0.0
1.8 0.3000796937 0.0
1.9 0.3000796937 0.0
2.6 0.3000796937 0.0
2.7 0.3000796937 0.0
1.8 -0.2000398469 0.0
1.9 -0.2000398469 0.0
2 -0.2000398469 0.0
2.1 -0.2000398469 0.0
2.2 -0.2000398469 0.0
2.3 -0.2000398469 0.0
2.4 -0.2000398469 0.0
2.5 -0.2000398469 0.0
2.6 -0.2000398469 0.0
2.7 -0.2000398469 0.0
2.9 -0.2000398469 0.0
2.8 -0.2000398469 0.0
2.3 1.799960153 0.0
2.2 1.799960153 0.0
2.1 1.799960153 0.0
2 1.699920306 0.0
1.9 1.699920306 0.0
1.8 1.699920306 0.0
1.5 1.699920306 0.0
1.5 1.799960153 0.0
1.4 1.799960153 0.0
1.3 1.799960153 0.0
1.2 1.799960153 0.0
0.6 1.799960153 0.0
0.5 1.799960153 0.0
0.4 1.799960153 0.0
2.5 -1.799960153 0.0
2.4 -1.799960153 0.0
2.3 -1.799960153 0.0
2.2 -1.799960153 0.0
2.1 -1.799960153 0.0
2 -1.799960153 0.0
1.9 -1.799960153 0.0
1.8 -1.799960153 0.0
1.6 -1.799960153 0.0
1.7 -1.799960153 0.0
1.5 -1.799960153 0.0
1.4 -1.799960153 0.0
1.3 -1.799960153 0.0
1.2 -1.799960153 0.0
1.1 -1.799960153 0.0
1 -1.799960153 0.0
0.9 -1.799960153 0.0
0.8 -1.799960153 0.0
0.7 -1.799960153 0.0
0.6 -1.799960153 0.0
0.5 -1.799960153 0.0
0.4 -1.799960153 0.0
0.3 -1.799960153 0.0
0.2 -1.799960153 0.0
0.1 -1.799960153 0.0
-3.61268223e-16 -1.799960153 0.0
-0.1 -1.799960153 0.0
-0.2 -1.799960153 0.0
-0.3 -1.799960153 0.0
0.7910358686 -0.1952251411 0.0
0.8643415924 -0.1438208705 0.0
0.7398358943 -0.1885654164 0.0
0.7254596955 -0.2357161439 0.0
2 1.799960153 0.0
1.9 1.799960153 0.0
1.8 1.799960153 0.0
1.7 1.799960153 0.0
1.6 1.799960153 0.0
0.2 1.799960153 0.0
0.3 1.799960153 0.0
0.1 1.799960153 0.0
1.696219996 0.1962781861 0.0
1.8 0.2000398469 0.0
1.9 0.2000398469 0.0
2 0.2000398469 0.0
2.6 0.2000398469 0.0
2.5 0.2000398469 0.0
2.7 0.2000398469 0.0
-0.4 -1.799960153 0.0
1.142174129 0.19515356 0.0
0.942522981 -0.1684388434 0.0
1.24701364 -0.1848104711 0.0
1.33733792 -0.1602707497 0.0
1.512660657 -0.07569367619 0.0
1.512313459 0.07542575496 0.0
1.59938188 0.09010487918 0.0
1.59946868 -0.09017185949 0.0
1.326426898 0.07778669627 0.0
1.239527974 0.09064992225 0.0
1.142351821 0.1000199234 0.0
1.32599615 -0.0783026823 0.0
1.23943832 -0.0907832692 0.0
1.042351821 0.09602976482 0.0
1.042351821 -0.09602976482 0.0
0.9502922912 -0.08438790217 0.0
0.7447438974 0.1452134886 0.0
0.7533765848 0.09927240733 0.0
0.666993389 0.2640813644 0.0
0.6822590359 0.2216793987 0.0
0.6490954238 0.3054411215 0.0
0.6286357756 0.3455954421 0.0
0.6056951891 0.3843858554 0.0
0.5803642004 0.4216592733 0.0
0.5527427794 0.4572685948 0.0
0.5560525052 0.5221680589 0.0
0.5229399352 0.4910732859 0.0
0.4910732859 0.5229399352 0.0
0.4572685948 0.5527427794 0.0
0.4483587493 0.6171128764 0.0
0.4216592733 0.5803642004 0.0
0.3843858554 0.6056951891 0.0
0.3455954421 0.6286357756 0.0
0.3054411215 0.6490954238 0.0
0.2640813644 0.666993389 0.0
0.2216793987 0.6822590359 0.0
0.1784025657 0.6948321182 0.0
0.1344216593 0.7046630155 0.0
0.08991025206 0.7117129299 0.0
0.09560337151 0.7567786107 0.0
0.04504401009 0.7159540384 0.0
4.510281038e-17 0.7173696034 0.0
-0.1896990207 -0.7388289056 0.0
-0.1344216593 -0.7046630155 0.0
-0.1784025657 -0.6948321182 0.0
-0.08991025206 -0.7117129299 0.0
-0.04789619796 -0.7612882663 0.0
-0.04504401009 -0.7159540384 0.0
-1.353084311e-16 -0.7173696034 0.0
0.04504401009 -0.7159540384 0.0
0.08991025206 -0.7117129299 0.0
0.1344216593 -0.7046630155 0.0
0.1784025657 -0.6948321182 0.0
0.2216793987 -0.6822590359 0.0
0.2640813644 -0.666993389 0.0
0.3054411215 -0.6490954238 0.0
0.3674785543 -0.6684410089 0.0
0.3455954421 -0.6286357756 0.0
0.3843858554 -0.6056951891 0.0
0.4216592733 -0.5803642004 0.0
0.4572685948 -0.5527427794 0.0
0.4910732859 -0.5229399352 0.0
0.5560525052 -0.5221680589 0.0
0.5229399352 -0.4910732859 0.0
0.5877424663 -0.4862228538 0.0
0.5527427794 -0.4572685948 0.0
0.5803642004 -0.4216592733 0.0
0.6056951891 -0.3843858554 0.0
0.6286357756 -0.3455954421 0.0
0.6490954238 -0.3054411215 0.0
0.666993389 -0.2640813644 0.0
0.6822590359 -0.2216793987 0.0
0.6948321182 -0.1784025657 0.0
0.7023235146 -0.134299558 0.0
0.8735760165 -0.07032325181 0.0
1.7 -0.1 0.0
1.8 -0.1 0.0
1.9 -0.1 0.0
2 -0.1 0.0
2.1 -0.1 0.0
2.2 -0.1 0.0
2.4 -0.1 0.0
2.3 -0.1 0.0
2.5 -0.1 0.0
2.6 -0.1 0.0
2.7 -0.1 0.0
2.8 -0.1 0.0
2.9 -0.1 0.0
1.8 0.1 0.0
1.9 0.1 0.0
2 0.1 0.0
2.1 0.2000398469 0.0
2.1 0.1 0.0
2.2 0.2000398469 0.0
2.2 0.1 0.0
2.3 0.2000398469 0.0
2.3 0.1 0.0
2.4 0.2000398469 0.0
2.4 0.1 0.0
2.5 0.1 0.0
2.6 0.1 0.0
2.7 0.1 0.0
1.8 1.9 0.0
1.7 1.9 0.0
1.4 1.9 0.0
1.3 1.9 0.0
1.1 1.799960153 0.0
1 1.799960153 0.0
0.8 1.799960153 0.0
0.7 1.799960153 0.0
-9.36750677e-17 1.799960153 0.0
2.5 -1.9 0.0
2.4 -1.9 0.0
2.3 -1.9 0.0
2.2 -1.9 0.0
2.1 -1.9 0.0
2 -1.9 0.0
1.9 -1.9 0.0
1.8 -1.9 0.0
1.7 -1.9 0.0
1.6 -1.9 0.0
1.5 -1.9 0.0
1.3 -1.9 0.0
1.4 -1.9 0.0
1.1 -1.9 0.0
1.2 -1.9 0.0
1 -1.9 0.0
0.9 -1.9 0.0
0.7 -1.9 0.0
0.8 -1.9 0.0
0.6 -1.9 0.0
0.5 -1.9 0.0
0.4 -1.9 0.0
0.3 -1.9 0.0
0.2 -1.9 0.0
0.1 -1.9 0.0
-2.310539223e-16 -1.9 0.0
0.8101179991 -0.06193673473 0.0
-0.1 -1.9 0.0
-0.2 -1.9 0.0
-0.4 -1.9 0.0
-0.3 -1.9 0.0
0.8735760165 0.07032325181 0.0
0.9502922912 0.08438790217 0.0
0.8096457876 0.05860270984 0.0
0.7580857758 0.05074070856 0.0
0.7080003389 -0.08938313727 0.0
1.1 1.9 0.0
1.2 1.9 0.0
0.9 1.9 0.0
0.9 1.799960153 0.0
1 1.9 0.0
0.8 1.9 0.0
0.7 1.9 0.0
0.6 1.9 0.0
0.5 1.9 0.0
0.4 1.9 0.0
0.3 1.9 0.0
0.2 1.9 0.0
0.1 1.9 0.0
-4.267510514e-16 1.9 0.0
1.141437568 -0.09519446405 0.0
0.7563705968 -0.04883559154 0.0
1.7 0.1 0.0
0.7046630151 0.1344216619 0.0
0.6948321182 0.1784025657 0.0
2.1 1.9 0.0
2.2 1.9 0.0
2 1.9 0.0
1.9 1.9 0.0
0.7098204046 0.08913375928 0.0
2.3 0 0.0
2.2 0 0.0
2.1 0 0.0
2 0 0.0
1.9 0 0.0
1.8 0 0.0
1.7 0 0.0
1.6 0 0.0
1.330560666 0 0.0
1.242391668 0 0.0
1.142351821 0 0.0
1.042351821 0 0.0
0.9502922912 0 0.0
0.7129632332 -0.04513776899 0.0
0.8735760165 0 0.0
0.8096457876 0 0.0
0.7563705968 0 0.0
2.1 2 0.0
2 2 0.0
1.9 2 0.0
1.8 2 0.0
1.7 2 0.0
1.6 1.9 0.0
1.6 2 0.0
1.5 1.9 0.0
1.5 2 0.0
2.6 0 0.0
2.5 0 0.0
2.4 0 0.0
2.5 -2 0.0
2.4 -2 0.0
2.3 -2 0.0
2.2 -2 0.0
2.1 -2 0.0
2 -2 0.0
1.9 -2 0.0
1.8 -2 0.0
1.7 -2 0.0
1.6 -2 0.0
1.5 -2 0.0
1.4 -2 0.0
1.3 -2 0.0
1.2 -2 0.0
1.1 -2 0.0
1 -2 0.0
0.9 -2 0.0
0.8 -2 0.0
0.7 -2 0.0
0.6 -2 0.0
0.4 -2 0.0
0.5 -2 0.0
0.3 -2 0.0
0.2 -2 0.0
0.1 -2 0.0
-2.220446049e-16 -2 0.0
-0.1 -2 0.0
-0.3 -2 0.0
-0.2 -2 0.0
-0.4 -2 0.0
-0.5 -2 0.0
-0.5 -1.9 0.0
1.3 2 0.0
1.2 2 0.0
1.1 2 0.0
1 2 0.0
0.9 2 0.0
0.8 2 0.0
0.7 2 0.0
0.6 2 0.0
0.5 2 0.0
0.4 2 0.0
0.3 2 0.0
0.2 2 0.0
0.1 2 0.0
-4.440892099e-16 2 0.0
1.45 0 0.0
1.5 0 0.0
1.4 0 0.0
0.7119746045 0 0.0
0.7129501338 0.04508771706 0.0
1.4 2 0.0
2.8 0 0.0
2.7 0 0.0
2.3 2 0.0
2.2 2 0.0
2.3 1.9 0.0
1.495243468 -5.3128573 0.0
1.88285669 -4.597887359 0.0
1.226595029 -4.554944794 0.0
0.2833250933 -4.085020206 0.0
-0.09617086966 -4.096393411 0.0
0.1313545787 -4.648351901 0.0
2.747600152 -4.070704162 0.0
2.27909154 -4.060963632 0.0
2.460486914 -4.661949459 0.0
1.474220401 -4.058473874 0.0
1.039738638 -4.033105832 0.0
0.6340685344 -3.611571534 0.0
0.7984028774 -3.248207805 0.0
0.6114993688 -3.273559477 0.0
1.068357856 -3.644623365 0.0
1.245967859 -3.280844958 0.0
0.999593023 -3.260621717 0.0
0.6065230122 3.618185 0.0
0.4097560302 3.274287387 0.0
0.6001470185 3.272574496 0.0
1.502041864 3.667201369 0.0
1.388759998 3.255098685 0.0
1.608044494 3.252889114 0.0
1.994879636 3.6151059 0.0
1.808679876 3.248695894 0.0
1.997770408 3.269530246 0.0
0.413860116 -3.280665157 0.0
0.782082881 3.251170148 0.0
1.185512718 3.262176519 0.0
1.038472355 3.671128166 0.0
0.9715207383 3.259738572 0.0
2.187558775 3.252294598 0.0
2.286635488 -3.658724641 0.0
2.371262923 -3.256257268 0.0
2.137329626 -3.258095073 0.0
1.701628944 -3.282709705 0.0
1.866626509 -3.671050512 0.0
1.933854959 -3.270863927 0.0
-0.4407082258 -3.695195749 0.0
-0.3096760751 -3.292226783 0.0
-0.5601257618 -3.286952644 0.0
0.1732456806 -2.50274067 0.0
0.1905635459 -2.343680233 0.0
0.09739131821 -2.3312947 0.0
0.9964465362 -2.532704706 0.0
1.01591559 -2.341030403 0.0
0.9049038106 -2.351563539 0.0
1.213214866 2.535462717 0.0
1.186569123 2.341507607 0.0
1.295056657 2.346099786 0.0
0.5049038106 -2.346767868 0.0
0.6 -2.515241669 0.0
0.6009618943 -2.352540644 0.0
1.222723335 -2.503208103 0.0
1.20842534 -2.343999381 0.0
1.115649453 -2.332934573 0.0
1.476434682 -2.49989223 0.0
1.49242315 -2.341199387 0.0
1.40204498 -2.332712064 0.0
2.002673247 2.515307231 0.0
2.000221202 2.347241333 0.0
2.091951841 2.339939549 0.0
1.695096189 2.345086378 0.0
1.6 2.515241669 0.0
1.6 2.348230344 0.0
0.6 2.515241669 0.0
0.5990381057 2.352540644 0.0
0.6950961894 2.346767868 0.0
1.90552414 2.345101591 0.0
2.213214866 2.541769797 0.0
2.185572405 2.341030403 0.0
2.295096189 2.351563539 0.0
1.002176012 2.5055014 0.0
1 2.348230344 0.0
1.090838772 2.336062456 0.0
1.995096189 -2.345086378 0.0
1.9 -2.348230344 0.0
1.9 -2.515241669 0.0
1.804903811 -2.345086378 0.0
0.2950961894 2.346767868 0.0
0.2 2.515241669 0.0
0.1990381057 2.352540644 0.0
1.504903811 2.345086378 0.0
0.5047277717 2.344418264 0.0
-0.07842608999 -2.500691126 0.0
-0.0008778373263 -2.329831527 0.0
-0.09251526149 -2.342187695 0.0
1.591518481 -2.342584059 0.0
2.309718716 -2.343617891 0.0
2.211143771 -2.341592394 0.0
2.327101744 -2.50253768 0.0
2.401381313 -2.331554056 0.0
-0.190018392 -2.340657679 0.0
0.9049038106 2.345086378 0.0
-0.4064212521 -2.339122458 0.0
-0.5011710773 -2.340975487 0.0
-0.5083492826 -2.497750766 0.0
0.1047277717 2.344418264 0.0
0.6952722283 -2.344418264 0.0
1.302267843 -2.334235938 0.0
0.2900930712 -2.344215993 0.0
-0.3780623888 -5.352448051 0.0
0.1584732146 -5.231244048 0.0
-0.4142094495 -4.718599671 0.0
0.8212362221 -5.209159798 0.0
0.6934216324 -4.63912507 0.0
2.3 -5.359266171 0.0
-0.4340998598 -4.153899849 0.0
0.6523896687 -4.105658186 0.0
-0.09339912807 -3.703733579 0.0
1.884509615 -4.112950849 0.0
0.240701602 -3.692675585 0.0
2.731458784 -3.656602633 0.0
1.471624402 -3.674545562 0.0
1.477292844 -3.324034497 0.0
2.580629398 -3.260081569 0.0
0.2 3.69669945 0.0
-0.1909346724 3.637687788 0.0
-0.00805179382 3.276297442 0.0
0.2 3.321637038 0.0
-0.07741901879 -3.330669571 0.0
0.1841102743 -3.329850783 0.0
1 3.011368953 0.0
1.2 3.011368953 0.0
2.578982108 -3.014908445 0.0
2.350886459 -3.014987631 0.0
1.912617788 -3.018753269 0.0
1.696627902 -3.024015407 0.0
1.472936408 -3.032008432 0.0
1.239623412 -3.017152881 0.0
0.1679092058 -3.036075344 0.0
-0.07246147442 -3.028628713 0.0
-0.3051908294 -2.770289326 0.0
-0.5351141888 -2.758029872 0.0
-0.5519513529 -3.022678677 0.0
-0.3124268789 -3.0184035 0.0
-0.07322224979 -2.763278232 0.0
0.1642775947 -2.763188522 0.0
0.3957104287 -3.022633358 0.0
0.3910693987 -2.767519001 0.0
0.6 -3.011368953 0.0
0.5982816014 -2.765756962 0.0
0.802057007 -2.768898227 0.0
0.8 -3.011368953 0.0
1.015034029 -3.017233761 0.0
1.008228028 -2.768705428 0.0
1.231092949 -2.761745323 0.0
1.467192538 -2.760448352 0.0
1.691798134 -2.766833958 0.0
1.900447229 -2.765050053 0.0
2.119541062 -3.015083687 0.0
2.109990782 -2.766755634 0.0
2.339963126 -2.760135052 0.0
2.575702076 -2.759764289 0.0
2.001494241 2.764309341 0.0
2.203303716 2.765321102 0.0
2.2 3.011368953 0.0
2 3.011368953 0.0
1.8 3.011368953 0.0
1.8 2.765240078 0.0
1.6 3.011368953 0.0
1.600206482 2.764877163 0.0
1.4 3.011368953 0.0
1.400825929 2.767657953 0.0
1.203303716 2.763744332 0.0
1 2.754072829 0.0
0.8 3.011368953 0.0
0.8 2.765240078 0.0
0.6 3.011368953 0.0
0.6 2.764942619 0.0
0.4 2.767919778 0.0
0.4 3.011368953 0.0
0.2 3.024611943 0.0
0.2 2.76479163 0.0
-7.25923651e-16 2.765240078 0.0
-0.003684303605 3.021546857 0.0
-0.3 -2.5414457 0.0
0.3910787698 -2.537720116 0.0
0.8 -2.5414457 0.0
1.692058204 -2.536836745 0.0
2.109273131 -2.537478527 0.0
2.578935215 -2.501334253 0.0
1.8 2.5414457 0.0
1.4 2.5414457 0.0
0.8 2.5414457 0.0
0.4 2.5414457 0.0
1.609823386e-15 2.5414457 0.0
0.8 -2.365379124 0.0
1.4 2.365379124 0.0
-0.2992904914 -2.365447968 0.0
0.8 2.365379124 0.0
2.1 -2.365379124 0.0
1.7 -2.365379124 0.0
4.649058916e-16 2.365379124 0.0
2.196086613 2.223733974 0.0
2.298774047 2.225789645 0.0
2.1 2.220143006 0.0
2 2.220143006 0.0
1.9 2.220143006 0.0
-5.482496887e-16 2.226416284 0.0
0.1 2.220143006 0.0
0.4 2.365379124 0.0
0.2 2.220143006 0.0
0.3 2.220143006 0.0
0.4 2.226416284 0.0
1.8 2.365379124 0.0
1.8 2.226416284 0.0
1.7 2.220143006 0.0
1.6 2.220143006 0.0
1.5 2.220143006 0.0
1.4 2.226416284 0.0
1.298764164 2.225229879 0.0
1.2 2.220143006 0.0
1.1 2.220143006 0.0
1 2.220143006 0.0
0.9012259526 2.225001116 0.0
0.8 2.226416284 0.0
0.7 2.220143006 0.0
0.6 2.220143006 0.0
-0.4 -2.220143006 0.0
-0.5 -2.220143006 0.0
-0.3 -2.228343187 0.0
-0.1975647164 -2.224808447 0.0
-0.1002404736 -2.225197172 0.0
-4.996003611e-16 -2.220143006 0.0
0.3 -2.220143006 0.0
0.2 -2.220143006 0.0
0.1 -2.220143006 0.0
0.4 -2.365379124 0.0
0.5 -2.220143006 0.0
0.4 -2.226416284 0.0
0.6 -2.220143006 0.0
0.7 -2.220143006 0.0
0.8 -2.226416284 0.0
0.9012259526 -2.225789645 0.0
1.004285386 -2.22362917 0.0
1.10498371 -2.220435625 0.0
1.2 -2.220143006 0.0
1.3 -2.220143006 0.0
1.4 -2.220143006 0.0
1.5 -2.220143006 0.0
1.6 -2.220143006 0.0
1.7 -2.226416284 0.0
1.8 -2.220143006 0.0
1.9 -2.220143006 0.0
2.1 -2.226416284 0.0
2 -2.220143006 0.0
2.202785943 -2.224865178 0.0
2.3 -2.226416284 0.0
2.4 -2.220143006 0.0
2.500142476 -2.333711174 0.0
2.5 -2.220143006 0.0
0.2 2.106294689 0.0
0.3 2.105035751 0.0
0.5 2.220143006 0.0
0.7 2.106609424 0.0
0.8 2.108256427 0.0
0.9 2.108358796 0.0
1 2.105035751 0.0
1.4 2.107863009 0.0
1.5 2.105035751 0.0
1.6 2.107966382 0.0
1.7 2.106686769 0.0
2.1 2.106712612 0.0
2.2 2.107972842 0.0
-0.4 -2.106294689 0.0
-0.5 -2.105035751 0.0
-0.3 -2.109918407 0.0
-0.1994062087 -2.110989278 0.0
-0.1000601184 -2.109230258 0.0
-8.861694441e-17 -2.106688107 0.0
0.1 -2.106609424 0.0
0.2 -2.106294689 0.0
0.3 -2.105035751 0.0
0.4 -2.109121947 0.0
0.5 -2.105035751 0.0
0.6 -2.106294689 0.0
0.7 -2.106609424 0.0
0.8 -2.109515365 0.0
0.9003064882 -2.110714659 0.0
1 -2.107553627 0.0
1.1 -2.105035751 0.0
1.2 -2.106294689 0.0
1.3 -2.107868362 0.0
1.4 -2.105035751 0.0
1.5 -2.106294689 0.0
1.6 -2.106609424 0.0
1.9 -2.106294689 0.0
1.8 -2.105035751 0.0
1.7 -2.109515365 0.0
2.1 -2.109515365 0.0
2 -2.106609424 0.0
2.200696486 -2.110560888 0.0
2.3 -2.107863009 0.0
2.4 -2.108575176 0.0
2.5 -2.106294689 0.0
-7.494776119e-16 2.107863009 0.0
0.1 2.108575176 0.0
0.4 2.109121947 0.0
0.6 2.106294689 0.0
1.9 2.106686769 0.0
2 2.106707444 0.0
0.5 2.105035751 0.0
1.1 2.107553627 0.0
1.2 2.105035751 0.0
1.3 2.108260441 0.0
1.8 2.106604071 0.0
2.299693512 2.110799792 0.0
-0.03152090032 0.5010103637 0.0
-0.03139525976 0.4990133642 0.0
-0.1789821863 -0.5508505283 0.0
-0.1844952511 -0.5678179969 0.0
-0.09406559754 -0.4931091309 0.0
-0.09369065729 -0.4911436254 0.0
-0.09451552583 -0.4954677376 0.0
-0.03167166899 0.503406763 0.0
-0.03301802113 0.5248064175 0.0
-0.03346821396 0.5319620276 0.0
-0.03185259139 0.5062824422 0.0
-0.09505543978 -0.4982980657 0.0
-0.03206969827 0.5097332573 0.0
-0.09570333652 -0.5016944593 0.0
-0.03233022653 0.5138742354 0.0
-0.03264286044 0.5188434091 0.0
-0.1606484338 -0.49442504 0.0
-0.1591098386 -0.4896897309 0.0
-0.1270161436 -0.4946952177 0.0
-0.162494748 -0.5001074109 0.0
-0.1647103251 -0.506926256 0.0
-0.03400844535 0.5405487598 0.0
-0.03465672303 0.5508528383 0.0
-0.1673690176 -0.51510887 0.0
-0.1705594486 -0.5249280069 0.0
-0.1743879657 -0.5367109712 0.0
-0.03543465624 0.5632177326 0.0
-0.03636817609 0.5780556057 0.0
-0.03748839991 0.5958610535 0.0
-0.0388326685 0.6172275908 0.0
-0.1911109287 -0.5881789591 0.0
-0.0404457908 0.6428674356 0.0
-0.1990497419 -0.6126121138 0.0
-0.04238153756 0.6736352494 0.0
-0.2085763178 -0.6419318995 0.0
2.6 1.099681225 0.0
2.6 1.000358622 0.0
2.7 -1.099681225 0.0
2.7 -0.9996413783 0.0
3 -0.9003187749 0.0
3 -0.800278928 0.0
2.8 -0.9996413783 0.0
2.9 -0.9996413783 0.0
2.6 1.199721072 0.0
-0.4038607074 -1.127845955 0.0
-0.4008782341 -1.206546718 0.0
2.6 -1.299760919 0.0
2.7 -1.199721072 0.0
2.6 0.9003187749 0.0
-0.0656521079 1.043510373 0.0
-0.07875518934 1.115748047 0.0
2.6 1.299760919 0.0
3 -0.7002390812 0.0
2.6 0.800278928 0.0
-0.4 -1.299760919 0.0
-0.3370136093 -1.044810064 0.0
-0.09359324466 1.200559267 0.0
-0.1 1.299760919 0.0
-0.3203922527 -0.9890316969 0.0
-0.3030577233 -0.9327157658 0.0
-0.1 1.399800766 0.0
2.4 1.499840613 0.0
2.6 1.399800766 0.0
2.5 1.499840613 0.0
3 -0.6001992343 0.0
2.6 -1.399800766 0.0
-0.4 -1.399800766 0.0
-0.05778880839 0.9185268064 0.0
-0.06157962908 0.9787801759 0.0
-0.2844015945 -0.8752981055 0.0
-0.1 1.499840613 0.0
2.8 0.6001992343 0.0
2.8 0.7002390812 0.0
2.7 0.800278928 0.0
3 -0.5001593874 0.0
2.6 -1.499840613 0.0
-0.05426045676 0.8624452632 0.0
-0.2670371799 -0.8218559324 0.0
3 -0.4001195406 0.0
2.8 0.4001195406 0.0
2.8 0.5001593874 0.0
2.6 -1.599880459 0.0
-0.5 -1.499840613 0.0
-0.5 -1.599880459 0.0
-0.1 1.599880459 0.0
-0.2508145525 -0.7719278191 0.0
2.4 1.599880459 0.0
2.6 -1.699920306 0.0
3 -0.3000796937 0.0
-0.5 -1.699920306 0.0
2.4 1.699920306 0.0
-0.1 1.699920306 0.0
-0.05096410988 0.8100513299 0.0
-0.04789619796 0.7612882663 0.0
2.8 0.3000796937 0.0
3 -0.2000398469 0.0
2.4 1.799960153 0.0
2.6 -1.799960153 0.0
2.8 0.2000398469 0.0
-0.5 -1.799960153 0.0
-0.04504401009 0.7159540384 0.0
-0.2216793987 -0.6822590359 0.0
-0.2357161439 -0.7254596955 0.0
2.9 0 0.0
3 -0.1 0.0
2.8 0.1 0.0
-0.1 1.799960153 0.0
2.6 -1.9 0.0
-0.1 1.9 0.0
2.6 -2 0.0
-0.6 -1.9 0.0
-0.6 -2 0.0
-0.1 2 0.0
2.4 2 0.0
2.4 1.9 0.0
3.080442066 -4.718331031 0.0
3.174102095 -4.150128535 0.0
2.383794565 3.250600672 0.0
2.461927658 3.653713629 0.0
-0.8004116822 -3.696858543 0.0
-0.7999718365 -3.322395171 0.0
2.4 2.365379124 0.0
2.410533814 2.544443481 0.0
-0.5917523796 -2.325692575 0.0
-0.3160992424 -6.071396588 0.0
0.5379657988 -5.994795316 0.0
-1.025135966 -5.39804664 0.0
-0.9835644488 -4.696313104 0.0
1.35841446 -6.185672233 0.0
3.015507106 -5.346543639 0.0
2.241647587 -6.198724685 0.0
-0.7853108942 -4.105410566 0.0
3.203958088 -3.629606014 0.0
2.8149758 -3.253877162 0.0
0.2005799764 4.174007491 0.0
-0.1995981018 4.150836324 0.0
-0.2030978553 3.283169872 0.0
0.6110486625 4.167748288 0.0
1.035585306 4.180360998 0.0
1.508229635 4.190171479 0.0
2 4.149073758 0.0
2.8 -3.011368953 0.0
-0.8 -2.754072829 0.0
-0.8001385821 -3.027328693 0.0
2.793925519 -2.766662943 0.0
2.406976766 2.76943625 0.0
2.4 3.011368953 0.0
-0.2066854206 3.020037967 0.0
-0.2037834463 2.769212119 0.0
-0.7124493823 -2.483692848 0.0
2.8 -2.5414457 0.0
-0.1909726502 2.537382574 0.0
-0.1059580425 2.346978182 0.0
2.4 2.226416284 0.0
-0.1 2.220143006 0.0
-0.6 -2.220143006 0.0
2.592700986 -2.341893426 0.0
2.6 -2.220143006 0.0
-0.6 -2.107553627 0.0
2.6 -2.105035751 0.0
-0.1 2.105035751 0.0
2.4 2.109436681 0.0
</DataArray></Points>
<Cells>
<DataArray type="Int32" Name="connectivity" format="ascii">
0 1 2 
3 4 5 
5 4 6 
7 8 9 
10 11 12 
13 14 15 
16 17 18 
19 20 21 
22 23 24 
25 26 27 
28 29 30 
31 32 33 
34 35 36 
37 29 38 
15 39 40 
0 41 42 
43 44 45 
46 47 48 
49 50 51 
52 53 54 
55 56 57 
44 58 59 
60 61 62 
63 64 65 
66 67 68 
69 70 71 
72 73 74 
75 76 77 
78 79 80 
81 82 83 
84 85 86 
78 80 87 
70 88 89 
90 91 92 
93 94 95 
74 96 97 
98 99 100 
98 101 102 
103 104 105 
106 107 91 
108 109 110 
81 83 111 
112 113 114 115 
116 115 114 117 
118 119 116 120 
121 122 123 124 
125 126 127 128 
129 130 131 132 
133 132 134 135 
136 137 138 139 
140 141 142 143 
144 145 146 137 
147 148 149 150 
151 152 153 154 
155 156 157 158 
159 160 161 162 
160 163 164 161 
165 166 167 168 
166 169 170 167 
171 172 162 161 
173 174 175 176 
177 178 179 180 
181 128 182 183 
184 185 186 187 
188 189 133 190 
191 192 193 194 
195 196 197 198 
199 200 201 202 
203 204 147 205 
206 207 180 179 
208 209 210 211 
145 212 213 146 
214 215 216 217 
204 218 148 147 
219 220 221 211 
131 222 223 224 
122 120 225 123 
205 147 150 226 
227 118 120 122 
209 228 136 210 
132 131 224 134 
189 129 132 133 
229 230 231 232 
233 234 235 236 
155 158 177 180 
237 238 239 240 
154 153 241 242 
243 244 245 246 
154 242 149 148 
247 232 248 249 
222 181 183 223 
184 205 226 185 
250 190 251 252 
253 250 252 254 
255 256 257 258 
175 259 260 261 
238 262 263 239 
167 170 264 265 
262 162 172 263 
176 266 267 231 
124 243 246 121 
268 219 211 210 
269 229 232 247 
117 225 120 116 
220 270 271 221 
272 273 238 237 
218 151 154 148 
167 265 274 168 
168 274 275 276 
277 278 181 222 
230 173 176 231 
267 248 232 231 
170 253 254 264 
163 279 276 164 
280 171 161 164 
176 175 261 266 
259 187 186 260 
281 221 271 282 
135 251 190 133 
283 284 184 187 
285 283 187 259 
286 159 162 262 
273 286 262 238 
287 227 122 121 
228 144 137 136 
136 139 268 210 
119 288 115 116 
130 277 222 131 
174 285 259 175 
207 289 155 180 
290 112 115 288 
153 179 178 241 
152 206 179 153 
275 280 164 276 
279 165 168 276 
126 291 245 127 
128 127 292 182 
212 269 247 213 
249 293 213 247 
289 294 156 155 
295 296 297 298 
284 203 205 184 
299 188 190 250 
300 301 302 303 
278 125 128 181 
304 305 306 307 
308 309 310 311 
312 313 314 315 
316 317 318 319 
320 321 322 323 
324 325 326 327 
245 244 292 127 
328 329 299 330 
331 332 333 334 
335 336 337 338 
339 340 341 342 
343 344 345 346 
146 213 293 347 
146 347 138 137 
348 349 350 351 
352 353 354 355 
356 357 358 359 
356 360 361 357 
291 362 246 245 
363 304 307 364 
365 366 367 368 
369 370 371 372 
373 374 375 376 
377 378 379 373 
380 381 382 383 
384 385 386 387 
388 389 294 289 
390 388 289 207 
391 390 207 206 
392 391 206 152 
393 392 152 151 
394 393 151 218 
395 394 218 204 
396 395 204 203 
397 396 203 284 
398 397 284 283 
399 398 283 285 
400 399 285 174 
401 400 174 173 
402 401 173 230 
403 402 230 229 
404 403 229 269 
405 404 269 212 
406 405 212 145 
407 406 145 144 
408 407 144 228 
409 408 228 209 
410 409 209 208 
211 221 281 208 
271 270 113 112 
281 282 411 412 
413 414 288 119 
415 413 119 118 
416 415 118 227 
417 416 227 287 
121 246 362 287 
418 419 362 291 
420 418 291 126 
421 420 126 125 
422 421 125 278 
423 422 278 277 
424 423 277 130 
425 424 130 129 
426 425 129 189 
427 426 189 188 
329 427 188 299 
330 299 250 253 
428 429 329 328 
430 431 169 166 
432 430 166 165 
433 432 165 279 
434 433 279 163 
435 434 163 160 
436 435 160 159 
437 436 159 286 
438 437 286 273 
439 438 273 272 
440 441 389 388 
442 440 388 390 
443 442 390 391 
444 443 391 392 
445 444 392 393 
446 445 393 394 
447 446 394 395 
448 447 395 396 
449 448 396 397 
450 449 397 398 
451 450 398 399 
452 451 399 400 
453 452 400 401 
454 453 401 402 
455 454 402 403 
456 455 403 404 
457 456 404 405 
458 457 405 406 
459 458 406 407 
460 459 407 408 
461 460 408 409 
462 461 409 410 
410 208 281 412 
282 271 112 290 
412 411 463 464 
465 466 414 413 
467 465 413 415 
468 467 415 416 
469 468 416 417 
287 362 419 417 
470 471 419 418 
472 470 418 420 
473 472 420 421 
474 473 421 422 
475 474 422 423 
476 475 423 424 
477 476 424 425 
478 477 425 426 
479 478 426 427 
429 479 427 329 
253 170 169 330 
480 481 429 428 
482 483 431 430 
484 482 430 432 
485 484 432 433 
486 485 433 434 
487 486 434 435 
488 487 435 436 
489 488 436 437 
490 489 437 438 
491 490 438 439 
414 492 290 288 
493 494 441 440 
495 493 440 442 
496 495 442 443 
497 496 443 444 
498 497 444 445 
499 498 445 446 
500 499 446 447 
501 500 447 448 
502 501 448 449 
503 502 449 450 
504 503 450 451 
505 504 451 452 
506 505 452 453 
366 506 453 454 
507 508 456 457 
509 507 457 458 
510 509 458 459 
511 510 459 460 
512 511 460 461 
513 512 461 462 
462 410 412 464 
411 282 290 492 
464 463 514 515 
516 517 466 465 
518 516 465 467 
519 518 467 468 
417 419 471 469 
520 469 471 361 
357 361 471 470 
358 357 470 472 
521 358 472 473 
522 521 473 474 
523 522 474 475 
524 523 475 476 
525 526 477 478 
527 525 478 479 
481 527 479 429 
328 330 169 431 
528 334 481 480 
529 530 483 482 
531 529 482 484 
532 531 484 485 
533 532 485 486 
534 533 486 487 
535 534 487 488 
536 535 488 489 
537 536 489 490 
538 537 490 491 
539 492 414 466 
540 541 494 493 
542 540 493 495 
543 542 495 496 
544 545 498 499 
546 544 499 500 
547 546 500 501 
548 549 502 503 
550 548 503 504 
551 550 504 505 
365 552 506 366 
367 508 553 368 
554 553 508 507 
555 554 507 509 
556 555 509 510 
557 556 510 511 
558 557 511 512 
559 558 512 513 
513 462 464 515 
463 411 492 539 
515 514 346 560 
561 562 516 518 
563 561 518 519 
520 519 468 469 
520 361 360 564 
565 359 358 521 
378 565 521 522 
379 378 522 523 
566 379 523 524 
567 566 524 526 
526 525 568 567 
333 568 525 527 
334 333 527 481 
428 328 431 483 
569 331 334 528 
570 571 530 529 
572 570 529 531 
301 235 533 534 
295 302 535 536 
296 295 536 537 
214 296 537 538 
215 214 538 573 
574 215 573 575 
576 539 466 517 
576 514 463 539 
577 578 542 543 
579 580 545 544 
581 579 544 546 
387 386 548 550 
366 454 455 367 
367 455 456 508 
582 583 368 553 
584 585 556 557 
586 584 557 558 
587 586 558 559 
559 513 515 560 
560 346 345 588 
589 590 562 561 
591 589 561 563 
564 563 519 520 
592 593 359 565 
377 592 565 378 
524 476 477 526 
428 483 530 480 
322 321 570 572 
300 236 235 301 
298 303 302 295 
217 297 296 214 
594 547 549 595 
386 595 549 548 
343 346 514 576 
343 576 517 596 
596 517 516 562 
564 360 597 598 
599 597 360 356 
600 374 566 567 
543 496 497 601 
601 497 498 545 
602 603 604 605 
547 501 502 549 
594 581 546 547 
385 606 595 386 
551 505 506 552 
364 307 552 365 
365 368 583 364 
607 608 583 582 
555 556 585 609 
341 340 585 584 
610 611 586 587 
587 559 560 588 
612 596 562 590 
314 313 589 591 
598 591 563 564 
593 599 356 359 
613 614 615 616 
617 600 567 568 
311 310 375 618 
619 620 332 331 
528 480 530 571 
621 571 570 321 
572 531 532 234 
234 532 533 235 
301 534 535 302 
216 215 574 622 
543 601 623 577 
307 306 551 552 
582 624 625 607 
609 624 554 555 
626 625 624 609 
344 343 596 612 
627 628 592 377 
619 331 569 629 
630 621 321 320 
322 572 234 233 
631 323 322 233 
632 300 303 633 
634 635 298 297 
216 622 636 637 
325 541 540 326 
326 540 542 578 
638 639 324 327 
578 577 604 640 
601 545 580 623 
605 604 577 623 
641 580 579 642 
643 594 595 606 
550 551 306 387 
387 306 305 384 
364 583 608 363 
582 553 554 624 
340 626 609 585 
644 645 646 647 
584 586 611 341 
610 587 588 648 
649 650 612 590 
651 598 597 615 
616 615 597 599 
652 593 592 628 
376 627 377 373 
373 379 566 374 
618 375 374 600 
617 568 333 332 
569 528 571 621 
631 233 236 653 
653 236 300 632 
654 655 632 633 
635 633 303 298 
634 297 217 656 
217 216 637 656 
657 658 639 638 
579 581 659 642 
660 661 662 663 
643 659 581 594 
664 665 659 643 
382 666 667 668 
669 670 671 672 
588 345 673 648 
674 344 612 650 
590 589 313 649 
651 314 591 598 
675 315 314 651 
676 677 614 613 
678 679 680 681 
617 332 620 682 
629 569 621 630 
683 684 630 320 
685 631 653 686 
687 688 637 636 
326 578 640 327 
640 604 603 689 
689 603 662 690 
623 580 641 605 
691 641 642 692 
642 659 665 692 
664 643 606 667 
693 664 667 666 
668 667 606 385 
384 305 671 694 
672 671 305 304 
695 696 670 669 
363 608 141 140 
697 141 608 607 
607 625 646 697 
647 646 625 626 
341 611 698 342 
699 610 648 700 
673 345 344 674 
648 673 701 700 
649 313 312 702 
651 615 614 675 
703 675 614 677 
616 599 593 652 
704 705 677 676 
706 652 628 680 
681 680 628 627 
707 376 375 310 
707 310 309 708 
600 617 682 618 
682 620 709 710 
711 709 620 619 
712 711 713 714 
713 629 630 684 
683 320 323 715 
683 715 716 717 
685 715 323 631 
718 685 686 719 
686 653 632 655 
654 633 635 720 
721 720 635 634 
722 721 723 724 
656 637 688 723 
644 725 726 336 
699 698 611 610 
727 728 698 699 
674 650 729 730 
730 701 673 674 
702 312 731 732 
733 734 655 654 
735 736 737 738 
327 640 689 638 
690 662 661 739 
605 641 691 602 
663 662 603 602 
740 691 692 741 
692 665 742 741 
693 742 665 664 
743 693 666 744 
385 384 694 668 
380 383 670 696 
672 304 363 140 
697 646 645 745 
647 626 340 339 
725 339 342 746 
746 342 698 728 
747 748 728 727 
727 699 700 749 
700 701 750 749 
729 650 649 702 
732 731 751 752 
731 312 315 753 
703 753 315 675 
754 703 677 705 
613 616 652 706 
755 756 705 704 
706 680 679 757 
681 627 376 707 
708 309 758 370 
618 682 710 311 
710 709 759 760 
711 619 629 713 
712 759 709 711 
761 712 714 762 
714 713 684 763 
717 763 684 683 
717 716 764 765 
718 716 715 685 
766 718 719 767 
719 686 655 734 
768 769 734 733 
654 720 770 733 
721 634 656 723 
722 770 720 721 
771 722 724 772 
723 688 737 724 
738 737 688 687 
773 774 142 745 
141 697 745 142 
750 701 730 775 
776 729 702 732 
730 729 776 775 
638 689 690 657 
777 778 658 657 
739 661 779 780 
602 691 740 663 
781 782 660 783 
783 740 741 784 
784 741 742 785 
743 785 742 693 
382 668 694 383 
383 694 671 670 
786 380 696 787 
669 672 140 143 
143 142 774 788 
745 645 335 773 
338 789 773 335 
644 647 339 725 
336 335 645 644 
726 725 746 790 
790 746 728 748 
791 792 748 747 
747 727 749 793 
794 795 796 797 
752 797 776 732 
752 751 798 799 
751 731 753 800 
754 800 753 703 
801 754 705 756 
676 613 706 757 
802 757 679 803 
681 707 708 678 
369 803 679 678 
309 308 804 758 
311 710 760 308 
805 806 807 352 
761 807 759 712 
353 761 762 808 
762 714 763 809 
765 809 763 717 
765 764 810 349 
766 764 716 718 
811 812 810 813 
719 734 769 767 
814 815 769 768 
768 733 770 816 
771 816 770 722 
192 771 772 817 
724 737 736 772 
200 199 736 735 
818 819 820 821 
744 666 382 381 
822 793 749 750 
823 824 793 822 
822 750 775 796 
775 776 797 796 
308 760 806 804 
657 690 739 777 
825 826 778 777 
663 740 783 660 
827 828 781 829 
784 785 818 829 
819 818 785 743 
819 743 744 830 
830 744 381 831 
786 831 381 380 
695 669 143 788 
696 695 832 787 
788 774 833 834 
789 833 774 773 
835 836 837 317 
837 790 748 792 
838 318 792 791 
791 747 793 824 
799 794 797 752 
798 751 800 839 
801 839 800 754 
704 676 757 802 
840 841 842 843 
678 708 370 369 
372 842 803 369 
371 370 758 844 
758 804 845 844 
760 759 807 806 
805 845 804 806 
846 805 352 355 
353 352 807 761 
847 354 353 808 
808 762 809 348 
349 348 809 765 
848 811 813 849 
767 769 815 849 
814 768 816 191 
192 191 816 771 
772 736 199 817 
661 660 782 779 
850 786 787 851 
852 853 832 834 
695 788 834 832 
336 726 836 337 
854 855 856 857 
823 822 796 795 
841 755 704 802 
813 810 764 766 
777 739 780 825 
858 859 860 861 
862 780 779 863 
863 779 782 864 
781 783 784 829 
828 864 782 781 
820 819 830 865 
865 830 831 866 
850 866 831 786 
867 850 851 868 
787 832 853 851 
852 869 870 871 
854 869 833 789 
855 338 337 872 
836 726 790 837 
835 872 337 836 
316 873 835 317 
317 837 792 318 
874 798 839 875 
876 875 839 801 
876 801 756 877 
878 877 756 755 
802 803 842 841 
879 880 881 882 
882 371 844 883 
844 845 884 883 
846 884 845 805 
351 847 808 348 
350 349 810 812 
813 766 767 849 
885 886 887 888 
889 814 191 194 
861 860 826 825 
890 820 865 891 
892 893 894 895 
896 897 898 899 
824 823 900 901 
900 823 795 902 
897 900 902 903 
795 794 904 902 
799 798 874 905 
906 840 843 907 
842 372 881 843 
882 881 372 371 
908 846 355 909 
910 815 814 889 
193 192 817 911 
912 193 911 913 
817 199 202 911 
825 780 862 861 
858 914 915 916 
862 863 917 914 
917 863 864 918 
892 918 864 828 
827 829 818 821 
893 827 821 919 
821 820 890 919 
920 890 891 921 
891 865 866 922 
867 922 866 850 
867 868 923 924 
851 853 925 868 
834 833 869 852 
871 925 853 852 
871 870 926 927 
789 338 855 854 
857 870 869 854 
857 856 928 929 
856 855 872 930 
873 930 872 835 
838 791 824 901 
931 838 901 896 
904 794 799 905 
932 933 904 905 
932 934 935 936 
937 876 877 938 
878 755 841 840 
939 938 877 878 
940 906 907 941 
843 881 880 907 
879 882 883 942 
943 879 942 196 
883 884 944 942 
908 944 884 846 
355 354 945 909 
946 945 354 847 
947 948 949 950 
948 350 812 887 
888 887 812 811 
849 815 910 848 
951 952 953 954 
952 910 889 955 
955 889 194 956 
912 956 194 193 
957 912 913 958 
913 911 202 959 
202 201 960 959 
318 838 931 319 
319 931 961 962 
963 964 965 966 
901 900 897 896 
898 897 903 255 
903 933 256 255 
902 904 933 903 
875 876 937 967 
934 874 875 967 
861 862 914 858 
916 968 859 858 
969 970 916 915 
914 917 971 915 
971 917 918 972 
828 827 893 892 
895 972 918 892 
895 894 973 974 
894 893 919 975 
919 890 920 975 
976 920 921 977 
891 922 978 921 
924 978 922 867 
868 925 979 923 
927 979 925 871 
927 926 980 981 
929 926 870 857 
928 856 930 982 
963 982 930 873 
964 316 319 962 
983 961 899 984 
961 931 896 899 
905 874 934 932 
936 256 933 932 
985 935 934 967 
985 986 987 988 
986 937 938 989 
939 878 840 906 
990 989 938 939 
991 940 941 992 
907 880 993 941 
943 993 880 879 
195 994 943 196 
196 942 944 197 
995 197 944 908 
995 908 909 996 
909 945 997 996 
946 847 351 947 
998 997 945 946 
351 350 948 947 
950 949 999 1000 
949 948 887 886 
888 811 848 951 
848 910 952 951 
954 953 1001 1002 
953 952 955 1003 
955 956 1004 1003 
957 1004 956 912 
1005 957 958 1006 
958 913 959 1007 
959 960 1008 1007 
970 1009 968 916 
1010 971 972 1011 
974 1011 972 895 
973 894 975 1012 
975 920 976 1012 
924 923 1013 1014 
923 979 1015 1013 
981 1015 979 927 
929 928 1016 1017 
1016 928 982 1018 
963 873 316 964 
966 1018 982 963 
965 964 962 1019 
962 961 983 1019 
255 258 1020 898 
936 935 1021 1022 
967 937 986 985 
988 1021 935 985 
987 986 989 1023 
990 939 906 940 
1024 1023 989 990 
992 941 993 1025 
994 1025 993 943 
1026 995 996 1027 
996 997 1028 1027 
998 946 947 950 
1029 1028 997 998 
999 949 886 1030 
885 888 951 954 
1031 1030 886 885 
1001 953 1003 1032 
1003 1004 1033 1032 
1005 1033 1004 957 
958 1007 1034 1006 
1007 1008 1035 1034 
926 929 1017 980 
257 256 936 1022 
197 995 1026 198 
915 971 1010 969 
1036 977 921 978 
1036 978 924 1014 
1020 984 899 898 
1024 990 940 991 
1029 998 950 1000 
1031 885 954 1002 
15 40 1037 13 
30 29 37 1038 
44 59 1039 1040 
1041 24 1042 1043 
1043 1042 1044 1045 
1046 1047 1048 1049 
1045 1044 1050 1051 
3 1052 11 1053 
1054 1055 1056 1057 
5 1058 1054 1057 
21 1059 1060 1061 
1062 1063 1064 1065 
1063 1062 1066 1067 
1068 1069 7 1070 
1051 1050 10 12 
1071 1070 7 9 
1071 1065 1064 1072 
1055 1049 1048 1056 
1073 1074 1049 1055 
1075 1076 1077 1078 
1075 1079 1080 1081 
1081 1080 1082 35 
35 1082 1083 36 
1084 1085 1078 1086 
1086 1087 1088 1089 
1090 1091 1089 1092 
1093 1090 1092 1094 
1095 1096 1097 1098 
1099 1100 1101 1102 
1103 1104 1100 1099 
1105 1106 1104 1103 
1107 1106 1105 1108 
22 24 1041 1109 
12 11 1110 1111 
1052 1112 1110 11 
1056 1113 1114 1057 
1056 1048 1115 1113 
1116 1115 1048 1047 
1047 30 1038 1116 
35 34 1117 1118 
36 1083 1119 1120 
34 1121 1122 1117 
1120 1119 1123 1124 
1121 1069 1068 1122 
1124 1123 1125 8 
9 1126 1127 1128 
1128 1060 1062 1065 
1059 1066 1062 1060 
1061 1060 1129 1130 
20 1131 1059 21 
21 1132 1133 19 
1134 19 40 39 
33 1066 1059 1131 
1131 1135 31 33 
20 19 1134 1136 
6 1137 1058 5 
4 1138 1139 6 
1139 1138 1053 1140 
1069 1124 8 7 
1070 1141 45 1142 
1120 1124 1069 1121 
1143 1140 1053 1144 
1144 1145 47 42 
1066 33 32 1067 
1130 1132 21 1061 
1074 1073 1146 1147 
1073 1058 1137 1146 
1052 3 5 1057 
36 1120 1121 34 
1148 48 47 1145 
1148 1149 1150 48 
1149 1042 24 23 
54 14 13 1151 
14 54 53 1152 
14 1152 1153 15 
17 16 38 1154 
38 29 1155 1154 
1155 29 28 1156 
1156 28 1157 1158 
1037 40 19 1133 
1158 1157 1159 1160 
1159 1074 1161 1160 
1161 1074 1147 1162 
1135 1131 20 1136 
31 1135 1163 1164 
1118 1165 1166 1167 
1168 22 1109 1108 
1076 1169 1170 1077 
1171 1168 1108 1105 
1172 1173 1174 37 
37 1174 1175 1038 
1038 1175 1176 1116 
1157 1047 1046 1159 
1115 1116 1176 1177 
1058 1073 1055 1054 
1114 1178 1179 1112 
1112 1179 1180 1110 
10 1050 1145 1144 
1111 1110 1180 1181 
1145 1050 1044 1148 
1043 1045 1182 1183 
1183 1182 1184 1185 
1041 1043 1183 1186 
1183 1185 1187 1186 
1109 1041 1186 1188 
1188 1186 1187 1189 
1108 1109 1188 1107 
1188 1189 1190 1107 
1104 1106 1191 1192 
1168 1171 1193 1194 
1195 1171 1105 1103 
1101 1100 1196 1197 
1198 1195 1103 1099 
1199 1198 1099 1102 
1200 1199 1102 1098 
1201 1200 1098 1097 
1202 1203 1204 1205 
1203 57 1206 1204 
1207 52 54 1151 
1151 13 1208 1209 
1037 1210 1208 13 
1211 1210 1037 1133 
1132 1212 1211 1133 
1212 1132 1130 1213 
9 1128 1065 1071 
1214 1215 1127 1126 
1125 1216 1214 1126 
1125 1123 1217 1216 
51 50 1122 1068 
1119 1218 1217 1123 
1219 1218 1119 1083 
1083 1082 1220 1219 
1220 1082 1080 1221 
1221 1080 1079 1222 
1076 1167 1166 1169 
1079 1085 1223 1222 
1193 1171 1195 1224 
1225 1224 1195 1198 
1199 1226 1225 1198 
1226 1199 1200 1227 
1228 1229 1230 1201 
1231 1232 1233 1234 
1077 1087 1086 1078 
1085 1084 1235 1223 
1087 1236 1237 1088 
1088 1238 1092 1089 
1238 1088 1237 1239 
1091 1090 1240 1241 
1090 1093 1242 1240 
1243 1244 1245 1246 
1244 1247 1248 1245 
1147 1146 1249 1162 
1143 41 1250 1140 
1052 1057 1114 1112 
1181 1251 1252 1111 
1138 4 3 1053 
1178 1114 1113 1253 
1254 1255 1096 1095 
1102 1101 1095 1098 
1200 1201 1230 1227 
1100 1104 1192 1196 
1190 1191 1106 1107 
23 22 1256 1257 
1101 1197 1254 1095 
1149 23 1257 1150 
1045 1051 1252 1182 
1051 12 1111 1252 
1170 1236 1087 1077 
1078 1085 1079 1075 
1081 1167 1076 1075 
1091 1241 1235 1084 
1089 1091 1084 1086 
1238 1258 1094 1092 
1177 1253 1113 1115 
1049 1074 1159 1046 
1157 28 30 1047 
1122 50 1259 1117 
1071 1072 1141 1070 
11 10 1144 1053 
1118 1117 1259 1165 
35 1118 1167 1081 
1163 1135 1136 1260 
1134 39 1261 1262 
39 15 1153 1261 
1136 1134 1262 1260 
1263 1213 1130 1129 
1149 1148 1044 1042 
1184 1182 1252 1251 
1234 1229 1228 1231 
1129 1127 1215 1263 
1129 1060 1128 1127 
1264 1064 1063 1067 
43 45 1141 1072 
1070 1142 51 1068 
1125 1126 9 8 
1265 1139 1140 1250 
42 41 1143 1144 
42 47 46 0 
1264 43 1072 1064 
32 1266 1264 1067 
46 48 1150 1267 
49 1268 1259 50 
1165 1259 1268 1269 
1261 1270 1271 1262 
1261 1153 1272 1270 
1272 1153 1152 1273 
1274 53 52 1275 
1275 52 56 1276 
56 55 1277 1276 
1205 1278 1279 1202 
1205 1280 1281 1278 
1281 1280 1282 1283 
1284 1285 1243 1246 
1284 1246 1286 1287 
1286 1288 1289 1287 
1290 1291 1292 1293 
25 1294 1290 1293 
1295 1294 25 27 
1296 1295 27 18 
17 1297 1296 18 
1297 17 1154 1298 
1299 1298 1154 1155 
1156 1300 1299 1155 
1156 1158 1301 1300 
1301 1158 1160 1302 
1161 1303 1302 1160 
1162 1304 1303 1161 
1162 1249 1305 1304 
1164 1306 1307 1308 
1257 1309 1267 1150 
1309 1257 1256 1310 
1194 1311 1310 1256 
1170 1169 1312 1313 
1204 1314 1315 1316 
1206 1317 1314 1204 
1206 1318 1319 1317 
1209 1320 1319 1318 
1208 1321 1320 1209 
1321 1208 1210 1322 
1323 1211 1212 1324 
1325 1213 1263 1326 
1326 1263 1215 1327 
1215 1214 1328 1327 
1214 1216 1329 1328 
1216 1217 1330 1329 
1330 1217 1218 1331 
1332 1331 1218 1219 
1219 1220 1333 1332 
1334 1221 1222 1335 
1222 1223 1336 1335 
1223 1235 1337 1336 
1241 1338 1337 1235 
1241 1240 1339 1338 
1240 1242 1340 1339 
1193 1341 1311 1194 
1341 1193 1224 1342 
1343 1225 1226 1344 
1344 1226 1227 1345 
1227 1230 1346 1345 
1229 1347 1346 1230 
1347 1229 1234 1348 
1234 1233 1349 1348 
1350 1254 1197 1351 
1196 1352 1351 1197 
1352 1196 1192 1353 
1353 1192 1191 1354 
22 1168 1194 1256 
1355 1354 1191 1190 
1189 1356 1355 1190 
1189 1187 1357 1356 
1185 1358 1357 1187 
1359 1358 1185 1184 
1239 1237 1360 1361 
1239 1362 1258 1238 
1251 1363 1359 1184 
1251 1181 1364 1363 
1365 1364 1181 1180 
1179 1366 1365 1180 
1179 1178 1367 1366 
1253 1177 1368 1369 
1370 1176 1175 1371 
1174 1372 1371 1175 
1174 1173 1373 1372 
1374 1375 1173 1172 
26 1376 1375 1374 
1377 1378 1376 26 
1378 1292 1379 1380 
1381 1382 1378 1380 
1383 1380 1379 1288 
1383 1288 1286 1384 
1385 1386 1384 1245 
1248 1387 1385 1245 
1249 62 61 1305 
65 1266 32 1308 
31 1164 1308 32 
1207 1151 1209 1318 
1152 53 1274 1273 
1210 1211 1323 1322 
1212 1213 1325 1324 
1220 1221 1334 1333 
1178 1253 1369 1367 
1177 1176 1370 1368 
37 38 16 1172 
1388 1247 1244 1243 
1384 1286 1246 1245 
1360 1237 1236 1389 
1293 1292 1378 1377 
1383 1390 1381 1380 
1265 1391 1146 1137 
1392 1282 1280 1316 
1316 1315 1393 1392 
62 1249 1146 1391 
1265 1137 6 1139 
49 51 1142 1040 
55 57 1203 1202 
1316 1280 1205 1204 
1388 1243 1285 1394 
55 1202 1279 1277 
57 1207 1318 1206 
56 52 1207 57 
1224 1225 1343 1342 
0 2 1250 41 
1040 1142 45 44 
1 1395 1396 1397 
1395 1 0 1398 
0 46 1399 1398 
1400 58 44 43 
1401 1400 43 1264 
1266 1402 1401 1264 
65 64 1402 1266 
1399 46 1267 1403 
1268 1404 1405 1269 
1303 1304 1406 1407 
1299 1408 1409 1298 
1298 1409 1410 1297 
1297 1410 1411 1296 
1374 18 27 26 
1377 26 25 1293 
1294 1295 1412 1413 
1290 1414 1415 1291 
1379 1292 1291 1416 
1291 1415 1417 1416 
1288 1379 1416 1289 
1289 1418 1419 1287 
1287 1419 1420 1284 
1285 1284 1420 1421 
1285 1421 1422 1394 
1278 1423 1424 1279 
1276 1425 1426 1275 
1275 1426 1427 1274 
1273 1428 1429 1272 
1271 1430 1260 1262 
1431 1306 1164 1163 
1306 1431 1432 1433 
1307 1306 1433 1434 
1406 1304 1305 1435 
1309 1436 1403 1267 
1436 1309 1310 1437 
1438 1312 1169 1166 
1439 1393 1315 1440 
1315 1314 1441 1440 
1441 1314 1317 1442 
1317 1319 1443 1442 
1443 1319 1320 1444 
1321 1322 1445 1446 
1447 1445 1322 1323 
1447 1323 1324 1448 
1325 1449 1448 1324 
1449 1325 1326 1450 
1451 1450 1326 1327 
1451 1327 1328 1452 
1328 1329 1453 1452 
1454 1453 1329 1330 
1331 1455 1454 1330 
1331 1332 1456 1455 
1457 1456 1332 1333 
1457 1333 1334 1458 
1335 1336 1459 1460 
1459 1336 1337 1461 
1461 1337 1338 1462 
1463 1462 1338 1339 
1463 1339 1340 1464 
1311 1465 1437 1310 
1341 1466 1465 1311 
1466 1341 1342 1467 
1342 1343 1468 1467 
1344 1469 1468 1343 
1469 1344 1345 1470 
1345 1346 1471 1470 
1471 1346 1347 1472 
1472 1347 1348 1473 
1474 1473 1348 1349 
1475 1350 1351 1476 
1352 1477 1476 1351 
1353 1478 1477 1352 
1478 1353 1354 1479 
1354 1355 1480 1479 
1480 1355 1356 1481 
1482 1481 1356 1357 
1358 1483 1482 1357 
1358 1359 1484 1483 
1363 1364 1485 1486 
1364 1365 1487 1485 
1487 1365 1366 1488 
1489 1488 1366 1367 
1489 1367 1369 1490 
1368 1370 1491 1492 
1371 1493 1491 1370 
1493 1371 1372 1494 
1495 1496 1497 1373 
1495 1498 1499 1496 
1375 1495 1373 1173 
1498 1382 1500 1499 
1378 1382 1498 1376 
1501 1381 1390 1502 
1384 1386 1390 1383 
1386 1385 1503 1504 
1387 1505 1503 1385 
1313 1312 1506 1507 
1361 1508 1362 1239 
1435 1305 61 1509 
1369 1368 1492 1490 
18 1374 1172 16 
1498 1495 1375 1376 
1382 1381 1501 1500 
1390 1386 1504 1502 
1507 1510 1389 1313 
1412 1295 1296 1411 
1511 1360 1389 1510 
1511 1512 1361 1360 
1513 1508 1361 1512 
1514 1515 1508 1513 
1516 1517 1430 1271 
1405 1518 1438 1269 
1163 1260 1430 1431 
1432 1431 1430 1517 
63 1519 1520 64 
1521 60 62 1391 
58 1522 1523 59 
58 1400 1524 1522 
1525 1524 1400 1401 
1402 1526 1525 1401 
1527 1526 1402 64 
1528 1250 2 1 
1398 1529 1396 1395 
1530 1265 1250 1528 
1528 1531 1532 1530 
1530 1521 1391 1265 
1404 1533 1534 1535 
1405 1404 1535 1536 
1537 1403 1436 1538 
1433 1539 1540 1434 
1433 1432 1541 1539 
1517 1542 1541 1432 
1543 1542 1517 1516 
1543 1516 1544 1545 
1544 1429 1546 1545 
1428 1547 1546 1429 
1548 1547 1428 1427 
1548 1427 1426 1549 
1550 1549 1426 1425 
1425 1551 1552 1550 
1552 1551 1424 1553 
1423 1554 1555 1556 
1555 1554 1557 1558 
1559 1560 1422 1421 
1420 1561 1559 1421 
1561 1420 1419 1562 
1563 1562 1419 1418 
1417 1564 1563 1418 
1564 1417 1415 1565 
1566 1565 1415 1414 
1413 1567 1566 1414 
1413 1412 1568 1567 
1410 1569 1570 1411 
1569 1410 1409 1571 
1408 1572 1571 1409 
1573 1572 1408 1574 
1573 1574 1575 1576 
1575 1577 1578 1576 
1406 1579 1580 1407 
1581 1579 1406 1435 
1509 1582 1581 1435 
1509 1583 1584 1582 
1538 1436 1437 1585 
1518 1506 1312 1438 
1586 1439 1440 1587 
1440 1441 1588 1587 
1442 1589 1588 1441 
1442 1443 1590 1589 
1444 1591 1590 1443 
1591 1444 1446 1592 
1446 1445 1593 1592 
1448 1594 1595 1447 
1448 1449 1596 1594 
1449 1450 1597 1596 
1451 1598 1597 1450 
1598 1451 1452 1599 
1454 1600 1601 1453 
1455 1602 1600 1454 
1456 1603 1602 1455 
1604 1603 1456 1457 
1458 1605 1604 1457 
1605 1458 1460 1606 
1607 1459 1461 1608 
1462 1609 1608 1461 
1514 1610 1611 1515 
1465 1612 1585 1437 
1465 1466 1613 1612 
1466 1467 1614 1613 
1615 1614 1467 1468 
1615 1468 1469 1616 
1470 1617 1616 1469 
1470 1471 1618 1617 
1472 1619 1618 1471 
1619 1472 1473 1620 
1473 1474 1621 1620 
1476 1622 1623 1475 
1477 1624 1622 1476 
1624 1477 1478 1625 
1625 1478 1479 1626 
1627 1626 1479 1480 
1481 1628 1627 1480 
1481 1482 1629 1628 
1629 1482 1483 1630 
1483 1484 1631 1630 
1485 1487 1632 1633 
1632 1487 1488 1634 
1488 1489 1635 1634 
1490 1636 1635 1489 
1636 1490 1492 1637 
1638 1637 1492 1491 
1638 1491 1493 1639 
1640 1639 1493 1494 
1494 1497 1641 1640 
1641 1497 1496 1642 
1500 1643 1644 1499 
1500 1501 1645 1643 
1502 1646 1645 1501 
1504 1647 1646 1502 
1648 1647 1504 1503 
1505 1649 1648 1503 
1520 1650 1527 64 
1520 1651 66 1650 
1584 1583 1652 110 
1334 1335 1460 1458 
1554 1281 1283 1557 
1429 1544 1270 1272 
1516 1271 1270 1544 
1414 1290 1294 1413 
1574 1408 1299 1300 
1575 1301 1302 1577 
1303 1407 1577 1302 
1372 1373 1497 1494 
1399 1403 1537 1653 
1434 1519 63 1307 
1540 1654 1519 1434 
1551 1277 1279 1424 
1655 1534 1533 1039 
1040 1039 1533 49 
1399 1653 1529 1398 
1527 1650 87 80 
1656 1652 1583 60 
1657 111 83 1656 
1657 1532 1658 111 
1526 79 1659 1525 
1651 1654 1660 1661 
1654 1540 1662 1660 
1541 1663 1664 1539 
1541 1542 1665 1663 
1542 1543 1666 1665 
1545 1667 1666 1543 
1545 1546 1668 1667 
1668 1546 1547 1669 
1670 1669 1547 1548 
1670 1548 1549 1671 
1671 1549 1550 1672 
1551 1425 1276 1277 
1673 1552 1553 1674 
1553 1556 1675 1674 
1556 1555 1676 1675 
1558 1677 1676 1555 
1678 1679 1560 1559 
1561 1680 1678 1559 
1680 1561 1562 1681 
1563 1564 1682 1683 
1682 1564 1565 1684 
1685 1684 1565 1566 
1566 1567 1686 1685 
1687 1686 1567 1568 
1570 1688 1687 1568 
1570 1569 1689 1688 
1689 1569 1571 1690 
1572 1691 1690 1571 
1692 1691 1572 1573 
1692 1573 1576 1693 
1694 1693 1576 1578 
1580 1695 1694 1578 
1580 1579 1696 1695 
1579 1581 1697 1696 
1697 1581 1582 1698 
1582 1584 1699 1698 
1523 1655 1039 59 
1531 76 1658 1532 
1531 1397 77 76 
1396 1529 69 71 
1700 69 1529 1653 
109 1699 1584 110 
1537 1701 1700 1653 
80 79 1526 1527 
1650 66 1702 87 
1538 1703 1701 1537 
1703 1538 1585 1704 
1536 1705 1518 1405 
1705 1536 1706 1707 
1705 1708 1506 1518 
1708 1705 1707 1709 
1704 1585 1612 1710 
1711 1613 1614 1712 
1713 1615 1616 1714 
1715 1617 1618 1716 
1716 1618 1619 1717 
1620 1621 1718 1719 
1460 1459 1607 1606 
1452 1453 1601 1599 
1599 1720 1721 1598 
1445 1447 1595 1593 
1593 1595 1722 1723 
1592 1724 1725 1591 
1591 1725 1726 1590 
1708 1727 1507 1506 
1727 1708 1709 1728 
1727 1729 1510 1507 
1730 1511 1510 1729 
1731 1513 1512 1732 
1733 1514 1513 1731 
1734 1733 1735 1736 
1622 1737 1738 1623 
1622 1624 1739 1737 
1739 1624 1625 1740 
1741 1740 1625 1626 
1626 1627 1742 1741 
1742 1627 1628 1743 
1744 1629 1630 1745 
1746 1745 1630 1631 
1746 1631 1747 1748 
1747 1633 1749 1748 
1750 1749 1633 1632 
1750 1632 1634 1751 
1752 1751 1634 1635 
1752 1635 1636 1753 
1637 1754 1753 1636 
1755 1754 1637 1638 
1755 1638 1639 1756 
1757 1758 1640 1641 
1757 1641 1642 1759 
1642 1644 1760 1759 
1643 1761 1760 1644 
1643 1645 1762 1761 
1763 1646 1647 1764 
1647 1648 1765 1764 
1649 1766 1767 1768 
1769 1605 1606 1770 
1771 1770 1606 1607 
1772 1773 1603 1604 
1774 1775 1600 1602 
1776 1601 1600 1775 
1720 1599 1601 1776 
1777 1778 1596 1597 
1778 1779 1594 1596 
1722 1595 1594 1779 
1780 1730 1729 1781 
1780 1782 1732 1730 
1512 1511 1730 1732 
1783 1731 1732 1782 
1735 1733 1731 1783 
1659 86 1524 1525 
1726 1784 1589 1590 
1785 1588 1589 1784 
1785 1786 1587 1588 
1787 1586 1587 1786 
1614 1615 1713 1712 
1427 1428 1273 1274 
1531 1528 1 1397 
1532 1657 1521 1530 
83 82 1652 1656 
85 1522 1524 86 
1628 1629 1744 1743 
1633 1747 1486 1485 
1639 1640 1758 1756 
1644 1642 1496 1499 
1645 1646 1763 1762 
1648 1649 1768 1765 
1562 1563 1683 1681 
1424 1423 1556 1553 
1418 1289 1416 1417 
1554 1423 1278 1281 
1520 1519 1654 1651 
67 66 1651 1661 
1580 1578 1577 1407 
1656 60 1521 1657 
61 60 1583 1509 
1788 110 1652 82 
110 1788 1789 108 
1790 1706 1536 1535 
69 1700 88 70 
73 85 84 1791 
1792 1534 1655 72 
75 1793 1658 76 
1659 1794 84 86 
78 1794 1659 79 
81 111 1658 1793 
81 1795 1788 82 
88 1700 1701 1796 
1796 1701 1703 1797 
68 1798 1702 66 
67 1661 1799 1800 
1801 1660 1662 1802 
1662 1664 1803 1802 
1663 1665 1804 1805 
1665 1666 1806 1804 
1667 1807 1806 1666 
1667 1668 1808 1807 
1669 1809 1808 1668 
1669 1670 1810 1809 
1671 1811 1810 1670 
1811 1671 1672 1812 
1672 1673 1813 1812 
1674 1814 1813 1673 
1674 1675 1815 1814 
1675 1676 1816 1815 
1679 1678 1817 1818 
1819 1817 1678 1680 
1819 1680 1681 1820 
1681 1683 1821 1820 
1682 1822 1821 1683 
1822 1682 1684 1823 
1684 1685 1824 1823 
1824 1685 1686 1825 
1688 1826 1827 1687 
1828 1826 1688 1689 
1828 1689 1690 1829 
1691 1830 1829 1690 
1691 1692 1831 1830 
1692 1693 1832 1831 
1833 1832 1693 1694 
1833 1694 1695 1834 
1696 1835 1834 1695 
1835 1696 1697 1836 
1697 1698 1837 1836 
1837 1698 1699 1838 
1839 1838 1699 109 
1839 109 108 1840 
1728 1709 1841 1842 
1728 1781 1729 1727 
1782 1780 1843 1844 
1783 1782 1844 1845 
1846 1608 1609 1847 
1771 1607 1608 1846 
1769 1772 1604 1605 
1773 1774 1602 1603 
1776 1848 1849 1720 
1722 1779 1850 1851 
1724 1592 1593 1723 
1852 1738 1737 1853 
1854 1853 1737 1739 
1854 1739 1740 1855 
1740 1741 1856 1855 
1726 1857 1858 1784 
1704 1859 1797 1703 
1704 1710 1860 1859 
1860 1710 1711 1861 
1712 1713 1862 1863 
1862 1713 1714 1864 
1714 1715 1865 1864 
1866 1865 1715 1716 
1717 1867 1866 1716 
1868 1867 1717 1719 
1869 1868 1719 1718 
1742 1870 1856 1741 
1743 1871 1870 1742 
1872 1871 1743 1744 
1745 1746 1873 1874 
1748 1875 1873 1746 
1748 1749 1876 1875 
1749 1750 1877 1876 
1877 1750 1751 1878 
1751 1752 1879 1878 
1880 1753 1754 1881 
1754 1755 1882 1881 
1882 1755 1756 1883 
1884 1883 1756 1758 
1885 1884 1758 1757 
1759 1886 1885 1757 
1887 1886 1759 1760 
1887 1760 1761 1888 
1762 1763 1889 1890 
1889 1763 1764 1891 
1892 1891 1764 1765 
1892 1765 1768 1893 
1894 1893 1768 1767 
1702 1895 78 87 
1895 1702 1798 95 
1789 1896 1840 108 
1789 1788 1795 1897 
1798 1898 93 95 
1843 1780 1781 1899 
1900 1846 1847 1901 
1902 1771 1846 1900 
1903 1774 1773 1904 
1905 1777 1721 1906 
1905 1907 1778 1777 
1777 1597 1598 1721 
1850 1779 1778 1907 
1908 1909 1724 1723 
1910 1725 1724 1909 
1910 1857 1726 1725 
1911 1912 1786 1785 
1913 1787 1786 1912 
1396 71 77 1397 
1411 1570 1568 1412 
1686 1687 1827 1825 
1486 1747 1631 1484 
1752 1753 1880 1879 
1761 1762 1890 1888 
1800 1914 68 67 
1661 1660 1801 1799 
1711 1712 1863 1861 
1715 1714 1616 1617 
75 77 71 1915 
72 1655 1523 73 
85 73 1523 1522 
97 1792 72 74 
1792 1790 1535 1534 
97 1916 1790 1792 
1791 100 74 73 
70 92 1915 71 
95 94 1917 1918 
1895 1919 1920 78 
1791 84 1921 1922 
100 1791 1922 98 
99 96 74 100 
88 1796 1923 89 
1793 1924 1925 81 
1840 1926 1927 1839 
1838 1928 1929 1837 
1836 1837 1929 1930 
1832 1833 1931 1932 
1831 1933 1934 1830 
1828 1935 1936 1826 
1826 1936 1937 1827 
1825 1938 1939 1824 
1823 1824 1939 1940 
1822 1941 1942 1821 
1819 1943 1944 1817 
1676 1677 1945 1816 
1945 1946 1947 1816 
1814 1948 1949 1813 
1812 1813 1949 1950 
1673 1672 1550 1552 
1811 1951 1952 1810 
1809 1953 1954 1808 
1806 1955 1956 1804 
1664 1663 1805 1803 
1802 1803 1957 1958 
1540 1539 1664 1662 
1799 1801 1959 1960 
1800 1961 1962 1914 
1914 1898 1798 68 
93 1898 1963 1964 
1916 1965 1706 1790 
1965 1966 1707 1706 
1841 1709 1707 1966 
1842 1899 1781 1728 
1967 1735 1783 1845 
1967 1968 1736 1735 
1969 1797 1859 1970 
1859 1860 1971 1970 
1972 1971 1860 1861 
1972 1861 1863 1973 
1974 1862 1864 1975 
1865 1976 1975 1864 
1865 1866 1977 1976 
1977 1866 1867 1978 
1620 1719 1717 1619 
1868 1869 1979 1980 
1901 1981 1982 1900 
1900 1982 1983 1902 
1902 1984 1770 1771 
1985 1769 1770 1984 
1985 1986 1772 1769 
1903 1987 1775 1774 
1987 1848 1776 1775 
1848 1987 1988 1989 
1849 1990 1991 1906 
1851 1908 1723 1722 
1909 1992 1993 1910 
1857 1910 1993 1994 
1911 1785 1784 1858 
1995 1852 1853 1996 
1997 1996 1853 1854 
1997 1854 1855 1998 
1855 1856 1999 1998 
1870 2000 1999 1856 
2000 1870 1871 2001 
1871 1872 2002 2001 
1744 1745 1874 1872 
2003 2004 1874 1873 
1875 2005 2003 1873 
1875 1876 2006 2005 
2007 1877 1878 2008 
2009 1879 1880 2010 
1881 2011 2010 1880 
2012 2011 1881 1882 
2012 1882 1883 2013 
1884 2014 2013 1883 
2015 2014 1884 1885 
2015 1885 1886 2016 
1886 1887 2017 2016 
2017 1887 1888 2018 
1888 1890 2019 2018 
2020 2019 1890 1889 
1891 2021 2020 1889 
2022 2021 1891 1892 
2022 1892 1893 2023 
2024 1897 2025 104 
2026 2027 1896 2024 
1867 1868 1980 1978 
1983 2028 1984 1902 
2029 1985 1984 2028 
2029 2030 1986 1985 
2030 2031 1904 1986 
2032 1903 1904 2031 
2032 1988 1987 1903 
2033 1911 1858 2034 
2033 2035 1912 1911 
2036 2037 1965 1916 
2037 2038 1966 1965 
2039 1841 1966 2038 
2040 1967 1845 2041 
2040 2042 1968 1967 
1876 1877 2007 2006 
1878 1879 2009 2008 
1893 1894 2043 2023 
1920 2044 1794 78 
1925 2045 1795 81 
90 92 70 89 
2046 75 1915 2047 
1796 1797 1969 1923 
91 90 2048 106 
99 2049 2050 96 
2051 2048 90 89 
2052 101 98 1922 
1922 1921 2053 2052 
2053 1921 2044 2054 
2047 1915 92 91 
91 107 2055 2047 
2047 2055 2056 2046 
2046 1924 1793 75 
2054 2044 1920 2057 
1925 2058 2059 2045 
2060 2061 1917 94 
1964 2060 94 93 
1963 1962 2062 2063 
2064 2062 1962 1961 
1960 2065 2064 1961 
1960 1959 2066 2065 
1958 2067 2066 1959 
2068 2067 1958 1957 
2068 1957 2069 2070 
1959 1801 1802 1958 
2069 1956 2071 2070 
2072 2071 1956 1955 
2073 2074 2072 1955 
2075 2074 2073 1954 
1953 2076 2075 1954 
1953 1952 2077 2076 
1951 2078 2077 1952 
2079 2078 1951 1950 
1950 1949 2080 2079 
1948 2081 2080 1949 
2082 2081 1948 2083 
2083 1947 2084 2082 
1946 2085 2084 1947 
2086 1944 2087 2088 
2089 2087 1944 1943 
2090 2091 2089 1943 
2090 1942 2092 2091 
1941 2093 2092 1942 
2093 1941 1940 2094 
1940 1939 2095 2094 
1938 2096 2095 1939 
2097 2096 1938 1937 
2097 1937 1936 2098 
2099 2098 1936 1935 
2100 2101 2099 1935 
2101 2100 1934 2102 
2103 2102 1934 1933 
2103 1933 1932 2104 
2105 2104 1932 1931 
2106 2107 2105 1931 
2108 2109 2107 2106 
2109 2108 1930 2110 
2108 2106 1834 1835 
1930 1929 2111 2110 
1928 2112 2111 1929 
2112 1928 1927 2113 
1926 2114 2113 1927 
2115 2114 1926 2027 
2026 2116 2115 2027 
2026 103 2117 2116 
2045 2025 1897 1795 
2025 2045 2059 2118 
1923 2119 2051 89 
2119 1923 1969 2120 
1970 2121 2120 1969 
2122 2121 1970 1971 
1972 2123 2122 1971 
2123 1972 1973 2124 
1863 1862 1974 1973 
1975 2125 2126 1974 
2125 1975 1976 2127 
2128 2127 1976 1977 
1978 2129 2128 1977 
2130 2129 1978 1980 
1980 1979 2131 2130 
2037 2132 2133 2038 
2038 2133 2134 2039 
2135 2039 2134 2136 
2135 2137 1899 1842 
2137 2135 2136 2138 
2139 1843 1899 2137 
2137 2138 2140 2139 
2141 1844 1843 2139 
2141 2139 2140 2142 
2141 2041 1845 1844 
2041 2141 2142 2143 
2040 2144 2145 2042 
2030 2146 2147 2031 
1989 2148 2149 1990 
2150 1905 1906 1991 
2150 2151 1907 1905 
2152 2153 1908 1851 
2153 1992 1909 1908 
1994 2034 1858 1857 
2154 1913 1912 2035 
2155 1995 1996 2156 
1997 2157 2156 1996 
2157 1997 1998 2158 
2159 2158 1998 1999 
1999 2000 2160 2159 
2160 2000 2001 2161 
2002 2162 2161 2001 
2162 2002 2004 2163 
2004 2003 2164 2163 
2164 2003 2005 2165 
2006 2007 2166 2167 
2008 2009 2168 2169 
2010 2170 2168 2009 
2010 2011 2171 2170 
2012 2013 2172 2173 
2172 2013 2014 2174 
2174 2014 2015 2175 
2176 2016 2017 2177 
2177 2017 2018 2178 
2018 2019 2179 2178 
2179 2019 2020 2180 
104 2025 2118 2181 
2021 2182 2180 2020 
2021 2022 2183 2182 
2184 2185 2023 2043 
1918 2186 2187 1919 
2186 1918 1917 2188 
1917 2061 2189 2188 
105 2190 2117 103 
2007 2008 2169 2166 
2011 2012 2173 2171 
2015 2016 2176 2175 
2022 2023 2185 2183 
2191 2150 1991 2192 
2193 2194 2151 2195 
1907 2151 2194 1850 
2196 2152 2194 2193 
2196 2197 2153 2152 
2194 2152 1851 1850 
2197 2198 1992 2153 
2199 1993 1992 2198 
2199 2200 1994 1993 
2200 2201 2034 1994 
2202 2033 2034 2201 
2202 2203 2035 2033 
2204 2154 2035 2203 
2056 2205 1924 2046 
2205 2058 1925 1924 
103 2026 2024 104 
104 2181 2206 105 
2024 1896 1789 1897 
2207 2132 2037 2036 
1921 84 1794 2044 
1920 1919 2187 2057 
1919 1895 95 1918 
1963 1898 1914 1962 
2208 2060 1964 2209 
2210 1983 1982 2211 
2210 2212 2028 1983 
2213 2029 2028 2212 
2213 2146 2030 2029 
1947 2083 1815 1816 
1944 2086 1818 1817 
1954 2073 1807 1808 
2208 2214 2061 2060 
2144 2040 2041 2143 
2108 1835 1836 1930 
1931 1833 1834 2106 
2135 1842 1841 2039 
1937 1938 1825 1827 
2097 2098 999 1030 
2103 2104 1026 1027 
2107 2109 994 195 
1941 1822 1823 1940 
2094 2095 1002 1001 
1961 1800 1799 1960 
2065 2066 1017 1016 
2063 2062 966 965 
2124 2126 2215 2216 
2126 2124 1973 1974 
2124 2216 2217 2123 
2123 2217 2218 2122 
2121 2122 2218 2219 
2121 2219 2220 2120 
2119 2221 2222 2051 
2055 2223 2224 2056 
2205 2225 2226 2058 
2059 2058 2226 2227 
2206 2228 2190 105 
2118 2229 2230 2181 
2206 2181 2230 2231 
2210 2232 2233 2212 
2212 2233 2234 2213 
2213 2234 2235 2146 
2147 2146 2235 2236 
2237 2147 2236 2238 
2237 2239 1988 2032 
2239 2237 2238 2240 
2241 2144 2143 2242 
2242 2143 2142 2243 
2140 2215 2243 2142 
2215 2140 2138 2216 
2138 2136 2217 2216 
2218 2217 2136 2134 
2133 2219 2218 2134 
2133 2132 2220 2219 
2244 2155 2156 2245 
2246 2245 2156 2157 
2246 2157 2158 2247 
2158 2159 2248 2247 
2249 2160 2161 2250 
2161 2162 2251 2250 
2148 1989 1988 2239 
2162 2163 2252 2251 
2164 2253 2252 2163 
2165 2254 2253 2164 
2165 2167 2255 2254 
2256 2166 2169 2257 
2257 2169 2168 2258 
2258 2168 2170 2259 
2170 2171 2260 2259 
2260 2171 2173 2261 
2172 2262 2261 2173 
2262 2172 2174 2263 
2175 2176 2264 2265 
2264 2176 2177 2266 
2178 2267 2266 2177 
2178 2179 2268 2267 
2180 2269 2268 2179 
2269 2180 2182 2270 
2271 2272 2183 2185 
2271 2185 2184 2273 
2274 2273 2184 2275 
2149 2192 1991 1990 
2149 2276 2277 2192 
2191 2278 2279 2195 
2193 2280 2281 2196 
2197 2196 2281 2282 
2198 2283 2284 2199 
2200 2285 2286 2201 
2202 2201 2286 2287 
2203 2202 2287 2288 
2203 2288 2289 2204 
2221 2220 2132 2207 
2050 2222 2221 2207 
102 2290 2291 2049 
2292 2290 102 101 
101 2052 2223 2292 
2224 2223 2052 2053 
2053 2054 2225 2224 
2186 2229 2227 2187 
2229 2186 2188 2230 
2228 2293 258 257 
2092 2093 1032 1033 
2080 2081 1010 1011 
2083 1948 1814 1815 
1927 1928 1838 1839 
991 992 2111 2112 
1935 1828 1829 2100 
1000 999 2098 2099 
969 1010 2081 2082 
1952 1953 1809 1810 
1012 976 2076 2077 
1006 1034 2087 2089 
1006 2089 2091 1005 
1942 2090 1820 1821 
2078 973 1012 2077 
2078 2079 974 973 
2071 2072 1014 1013 
1955 1806 1807 2073 
2027 1926 1840 1896 
1023 1024 2113 2114 
2074 1036 1014 2072 
1957 1803 1805 2069 
2067 980 1017 2066 
966 2062 2064 1018 
1020 258 2293 2294 
198 1026 2104 2105 
2208 983 984 2214 
1022 1021 2117 2190 
1025 994 2109 2110 
988 987 2115 2116 
2101 1029 1000 2099 
1029 2101 2102 1028 
1933 1831 1832 1932 
2096 1031 1002 2095 
2295 2148 2239 2240 
2276 2149 2148 2295 
2005 2006 2167 2165 
98 102 2049 99 
2050 2049 2291 2222 
2222 2291 2048 2051 
2220 2221 2119 2120 
2296 2297 2129 2130 
2241 2128 2129 2297 
2242 2127 2128 2241 
1022 2190 2228 257 
2231 2293 2228 2206 
2188 2189 2231 2230 
2227 2229 2118 2059 
2214 2294 2189 2061 
2294 2293 2231 2189 
984 1020 2294 2214 
2284 2285 2200 2199 
2291 2290 106 2048 
2292 107 106 2290 
2223 2055 107 2292 
2057 2226 2225 2054 
2225 2205 2056 2224 
2298 2299 2211 2300 
2299 2232 2210 2211 
2063 2209 1964 1963 
2182 2183 2272 2270 
2280 2193 2195 2279 
2191 2195 2151 2150 
2278 2191 2192 2277 
2159 2160 2249 2248 
2243 2125 2127 2242 
2145 2144 2241 2297 
2243 2215 2126 2125 
1830 1934 2100 1829 
2113 1024 991 2112 
988 2116 2117 1021 
1015 981 2068 2070 
2080 1011 974 2079 
1034 1035 2088 2087 
1033 1005 2091 2092 
2094 1001 1032 2093 
1027 1028 2102 2103 
198 2105 2107 195 
1025 2110 2111 992 
2208 2209 1019 983 
2063 965 1019 2209 
2065 1016 1018 2064 
981 980 2067 2068 
1805 1804 1956 2069 
2071 1013 1015 2070 
2076 976 977 2075 
1951 1811 1812 1950 
970 969 2082 2084 
2085 1009 970 2084 
977 1036 2074 2075 
1943 1819 1820 2090 
1359 1363 1486 1484 
1733 1734 1610 1514 
2050 2207 2036 96 
2211 1982 1981 2300 
1986 1904 1773 1772 
2036 1916 97 96 
1575 1574 1300 1301 
1849 1906 1721 1720 
2282 2283 2198 2197 
1269 1438 1166 1165 
1874 2004 2002 1872 
2115 987 1023 2114 
2057 2187 2227 2226 
1990 1849 1848 1989 
1320 1321 1446 1444 
1533 1404 1268 49 
1313 1389 1236 1170 
1612 1613 1711 1710 
2174 2175 2265 2263 
63 65 1308 1307 
2167 2166 2256 2255 
1030 1031 2096 2097 
2237 2032 2031 2147 
2301 2302 2303 
2304 2305 2306 
2307 2308 2309 
2310 2311 2303 
2312 2313 2314 
2315 2316 2317 
2318 2319 2320 
2321 2322 2323 
2324 2325 2326 
2327 2312 2314 
2328 2318 2320 
2329 2330 2331 
2324 2326 2332 
2333 2334 2335 
2336 2337 2338 
2339 2340 2341 
2342 2343 2344 
2345 2346 2347 
2348 2349 2350 
2351 2352 2353 
2354 2355 2356 
2357 2358 2359 
2360 2361 2362 
2363 2364 2365 
2366 2367 2368 
2369 2361 2360 
2370 2371 2372 
2373 2374 2375 
2376 2377 2378 
2377 2379 2378 
2380 2381 2382 
2383 2365 2364 
2384 2367 2366 
2385 2386 2387 
2388 2358 2357 
2389 2390 2391 
2392 2389 2391 
2387 2393 2385 
2394 2374 2373 
2395 2396 2397 
2382 2381 2398 
2399 2353 2352 
2400 2355 2354 
2401 2343 2342 
2402 2403 2306 2404 
2403 2405 2406 2306 
2303 2406 2405 2301 
2301 2407 2309 2302 
2306 2305 2408 2404 
2409 2304 2306 2406 
2406 2303 2311 2409 
2408 2305 2410 2339 
2411 2302 2309 2308 
2303 2302 2411 2310 
2311 2315 2312 2409 
2304 2412 2410 2305 
2412 2304 2409 2312 
2333 2308 2307 2413 
2333 2337 2411 2308 
2337 2414 2310 2411 
2315 2311 2310 2414 
2315 2317 2313 2312 
2315 2414 2415 2316 
2335 2338 2337 2333 
2333 2413 2416 2334 
2417 2418 2419 2420 
2339 2410 2421 2340 
2412 2422 2421 2410 
2422 2412 2312 2327 
2417 2420 2319 2318 
2328 2331 2330 2318 
2331 2423 2424 2329 
2329 2322 2321 2330 
2321 2323 2325 2324 
2416 2425 2426 2334 
2338 2427 2428 2336 
2336 2415 2414 2337 
2415 2429 2430 2316 
2421 2422 2431 2432 
2433 2434 2435 2436 
2433 2436 2432 2437 
2432 2431 2438 2437 
2431 2439 2440 2438 
2439 2441 2442 2440 
2443 2442 2441 2444 
2445 2446 2443 2444 
2447 2446 2445 2430 
2429 2448 2447 2430 
2429 2428 2449 2448 
2430 2445 2317 2316 
2428 2427 2450 2449 
2427 2451 2452 2450 
2451 2426 2453 2452 
2425 2454 2453 2426 
2455 2456 2457 2458 
2458 2459 2460 2455 
2461 2462 2460 2459 
2461 2463 2464 2462 
2464 2463 2424 2465 
2461 2323 2322 2463 
2424 2423 2466 2465 
2423 2467 2468 2466 
2467 2469 2470 2468 
2471 2470 2469 2472 
2473 2474 2471 2472 
2475 2474 2473 2476 
2467 2423 2331 2328 
2463 2322 2329 2424 
2458 2326 2325 2459 
2434 2433 2477 2397 
2433 2437 2385 2477 
2436 2340 2421 2432 
2438 2440 2478 2342 
2440 2442 2352 2478 
2446 2345 2479 2443 
2354 2345 2446 2447 
2448 2357 2354 2447 
2480 2357 2448 2449 
2480 2449 2450 2378 
2450 2452 2481 2378 
2451 2427 2338 2335 
2452 2453 2391 2481 
2453 2454 2482 2391 
2456 2455 2360 2370 
2455 2460 2483 2360 
2460 2462 2364 2483 
2484 2364 2462 2464 
2465 2348 2484 2464 
2466 2373 2348 2465 
2485 2373 2466 2468 
2485 2468 2470 2366 
2486 2366 2470 2471 
2474 2381 2486 2471 
2487 2381 2474 2475 
2467 2328 2320 2469 
2472 2469 2320 2319 
2442 2443 2479 2352 
2488 2479 2345 2347 
2484 2348 2350 2489 
2435 2341 2340 2436 
2477 2385 2393 2490 
2373 2485 2491 2394 
2444 2441 2314 2313 
2439 2327 2314 2441 
2451 2335 2334 2426 
2481 2391 2390 2492 
2459 2325 2323 2461 
2444 2313 2317 2445 
2379 2493 2480 2378 
2458 2457 2332 2326 
2472 2319 2420 2473 
2476 2473 2420 2419 
2398 2381 2487 2494 
2360 2362 2371 2370 
2375 2349 2348 2373 
2376 2378 2481 2492 
2428 2429 2415 2336 
2495 2496 2372 2371 
2371 2362 2497 2495 
2362 2361 2498 2497 
2361 2369 2499 2498 
2398 2494 2500 2501 
2486 2381 2380 2502 
2382 2503 2504 2380 
2384 2366 2486 2502 
2380 2504 2505 2502 
2506 2507 2499 2369 
2363 2508 2507 2506 
2363 2365 2509 2508 
2509 2365 2383 2510 
2383 2489 2511 2510 
2489 2350 2512 2511 
2349 2513 2512 2350 
2375 2514 2513 2349 
2515 2514 2375 2374 
2374 2394 2516 2515 
2394 2491 2517 2516 
2491 2368 2518 2517 
2367 2519 2518 2368 
2396 2395 2520 2521 
2395 2490 2522 2520 
2490 2393 2523 2522 
2393 2387 2524 2523 
2395 2397 2477 2490 
2387 2386 2525 2524 
2343 2401 2526 2527 
2527 2528 2344 2343 
2529 2351 2530 2531 
2531 2526 2401 2529 
2351 2353 2532 2530 
2353 2399 2533 2532 
2534 2533 2399 2488 
2534 2488 2347 2535 
2347 2346 2536 2535 
2536 2346 2356 2537 
2356 2355 2538 2537 
2356 2346 2345 2354 
2355 2400 2539 2538 
2400 2359 2540 2539 
2359 2358 2541 2540 
2358 2388 2542 2541 
2388 2493 2543 2542 
2493 2379 2544 2543 
2379 2377 2545 2544 
2376 2492 2546 2547 
2390 2548 2546 2492 
2549 2548 2390 2389 
2392 2550 2549 2389 
2550 2392 2551 2552 
2386 2385 2342 2344 
2501 2503 2382 2398 
2503 2553 2554 2504 
2505 2555 2384 2502 
2555 2519 2367 2384 
2368 2491 2485 2366 
2518 2556 2557 2517 
2515 2516 2558 2559 
2484 2489 2383 2364 
2510 2511 2560 2561 
2483 2364 2363 2506 
2509 2510 2561 2562 
2509 2562 2563 2508 
2483 2506 2369 2360 
2495 2497 2564 2565 
2521 2520 2566 2567 
2566 2520 2522 2568 
2522 2523 2569 2568 
2523 2524 2570 2569 
2571 2570 2524 2525 
2528 2572 2571 2525 
2527 2573 2572 2528 
2527 2526 2574 2573 
2528 2525 2386 2344 
2526 2531 2575 2574 
2531 2530 2576 2575 
2530 2532 2577 2576 
2532 2533 2578 2577 
2533 2534 2579 2578 
2534 2535 2580 2579 
2581 2580 2535 2536 
2537 2582 2581 2536 
2538 2583 2582 2537 
2538 2539 2584 2583 
2539 2540 2585 2584 
2540 2541 2586 2585 
2587 2586 2541 2542 
2544 2545 2588 2589 
2544 2589 2590 2543 
2547 2546 2591 2592 
2548 2593 2591 2546 
2594 2593 2548 2549 
2550 2595 2594 2549 
2552 2596 2595 2550 
2392 2391 2482 2551 
2388 2357 2480 2493 
2590 2587 2542 2543 
2597 2598 2501 2500 
2598 2553 2503 2501 
2599 2505 2504 2554 
2519 2600 2556 2518 
2601 2602 2498 2499 
2602 2564 2497 2498 
2599 2603 2555 2505 
2603 2600 2519 2555 
2603 2599 2285 2284 
2600 2603 2284 2283 
2559 2604 2514 2515 
2559 2558 2280 2279 
2604 2559 2279 2278 
2605 2513 2514 2604 
2606 2560 2511 2512 
2560 2606 2276 2295 
2563 2562 2238 2236 
2607 2507 2508 2563 
2563 2236 2235 2607 
2601 2234 2233 2602 
2565 2608 2496 2495 
2608 2565 2299 2298 
2567 2566 2273 2274 
2568 2569 2272 2271 
2569 2570 2270 2272 
2571 2572 2268 2269 
2268 2572 2573 2267 
2573 2574 2266 2267 
2574 2575 2264 2266 
2401 2342 2478 2529 
2575 2576 2265 2264 
2576 2577 2263 2265 
2577 2578 2262 2263 
2579 2580 2260 2261 
2259 2581 2582 2258 
2257 2258 2582 2583 
2583 2584 2256 2257 
2256 2584 2585 2255 
2585 2586 2254 2255 
2587 2590 2252 2253 
2252 2590 2589 2251 
2251 2589 2588 2250 
2588 2592 2249 2250 
2545 2547 2592 2588 
2592 2591 2248 2249 
2594 2246 2247 2593 
2595 2245 2246 2594 
2596 2244 2245 2595 
2478 2352 2351 2529 
2273 2566 2568 2271 
2570 2571 2269 2270 
2547 2545 2377 2376 
2591 2593 2247 2248 
2399 2352 2479 2488 
2235 2234 2601 2607 
2564 2602 2233 2232 
2232 2299 2565 2564 
2580 2581 2259 2260 
2295 2240 2561 2560 
2437 2438 2342 2385 
2357 2359 2400 2354 
2289 2288 2598 2597 
2288 2287 2553 2598 
2283 2282 2556 2600 
2287 2286 2554 2553 
2285 2599 2554 2286 
2262 2578 2579 2261 
2513 2605 2606 2512 
2276 2606 2605 2277 
2240 2238 2562 2561 
2281 2557 2556 2282 
2281 2280 2558 2557 
2557 2558 2516 2517 
2278 2277 2605 2604 
2586 2587 2253 2254 
2439 2431 2422 2327 
2607 2601 2499 2507 
</DataArray>
<DataArray type="Int32" Name="offsets" format="ascii">
3
6
9
12
15
18
21
24
27
30
33
36
39
42
45
48
51
54
57
60
63
66
69
72
75
78
81
84
87
90
93
96
99
102
105
108
111
114
117
120
123
126
130
134
138
142
146
150
154
158
162
166
170
174
178
182
186
190
194
198
202
206
210
214
218
222
226
230
234
238
242
246
250
254
258
262
266
270
274
278
282
286
290
294
298
302
306
310
314
318
322
326
330
334
338
342
346
350
354
358
362
366
370
374
378
382
386
390
394
398
402
406
410
414
418
422
426
430
434
438
442
446
450
454
458
462
466
470
474
478
482
486
490
494
498
502
506
510
514
518
522
526
530
534
538
542
546
550
554
558
562
566
570
574
578
582
586
590
594
598
602
606
610
614
618
622
626
630
634
638
642
646
650
654
658
662
666
670
674
678
682
686
690
694
698
702
706
710
714
718
722
726
730
734
738
742
746
750
754
758
762
766
770
774
778
782
786
790
794
798
802
806
810
814
818
822
826
830
834
838
842
846
850
854
858
862
866
870
874
878
882
886
890
894
898
902
906
910
914
918
922
926
930
934
938
942
946
950
954
958
962
966
970
974
978
982
986
990
994
998
1002
1006
1010
1014
1018
1022
1026
1030
1034
1038
1042
1046
1050
1054
1058
1062
1066
1070
1074
1078
1082
1086
1090
1094
1098
1102
1106
1110
1114
1118
1122
1126
1130
1134
1138
1142
1146
1150
1154
1158
1162
1166
1170
1174
1178
1182
1186
1190
1194
1198
1202
1206
1210
1214
1218
1222
1226
1230
1234
1238
1242
1246
1250
1254
1258
1262
1266
1270
1274
1278
1282
1286
1290
1294
1298
1302
1306
1310
1314
1318
1322
1326
1330
1334
1338
1342
1346
1350
1354
1358
1362
1366
1370
1374
1378
1382
1386
1390
1394
1398
1402
1406
1410
1414
1418
1422
1426
1430
1434
1438
1442
1446
1450
1454
1458
1462
1466
1470
1474
1478
1482
1486
1490
1494
1498
1502
1506
1510
1514
1518
1522
1526
1530
1534
1538
1542
1546
1550
1554
1558
1562
1566
1570
1574
1578
1582
1586
1590
1594
1598
1602
1606
1610
1614
1618
1622
1626
1630
1634
1638
1642
1646
1650
1654
1658
1662
1666
1670
1674
1678
1682
1686
1690
1694
1698
1702
1706
1710
1714
1718
1722
1726
1730
1734
1738
1742
1746
1750
1754
1758
1762
1766
1770
1774
1778
1782
1786
1790
1794
1798
1802
1806
1810
1814
1818
1822
1826
1830
1834
1838
1842
1846
1850
1854
1858
1862
1866
1870
1874
1878
1882
1886
1890
1894
1898
1902
1906
1910
1914
1918
1922
1926
1930
1934
1938
1942
1946
1950
1954
1958
1962
1966
1970
1974
1978
1982
1986
1990
1994
1998
2002
2006
2010
2014
2018
2022
2026
2030
2034
2038
2042
2046
2050
2054
2058
2062
2066
2070
2074
2078
2082
2086
2090
2094
2098
2102
2106
2110
2114
2118
2122
2126
2130
2134
2138
2142
2146
2150
2154
2158
2162
2166
2170
2174
2178
2182
2186
2190
2194
2198
2202
2206
2210
2214
2218
2222
2226
2230
2234
2238
2242
2246
2250
2254
2258
2262
2266
2270
2274
2278
2282
2286
2290
2294
2298
2302
2306
2310
2314
2318
2322
2326
2330
2334
2338
2342
2346
2350
2354
2358
2362
2366
2370
2374
2378
2382
2386
2390
2394
2398
2402
2406
2410
2414
2418
2422
2426
2430
2434
2438
2442
2446
2450
2454
2458
2462
2466
2470
2474
2478
2482
2486
2490
2494
2498
2502
2506
2510
2514
2518
2522
2526
2530
2534
2538
2542
2546
2550
2554
2558
2562
2566
2570
2574
2578
2582
2586
2590
2594
2598
2602
2606
2610
2614
2618
2622
2626
2630
2634
2638
2642
2646
2650
2654
2658
2662
2666
2670
2674
2678
2682
2686
2690
2694
2698
2702
2706
2710
2714
2718
2722
2726
2730
2734
2738
2742
2746
2750
2754
2758
2762
2766
2770
2774
2778
2782
2786
2790
2794
2798
2802
2806
2810
2814
2818
2822
2826
2830
2834
2838
2842
2846
2850
2854
2858
2862
2866
2870
2874
2878
2882
2886
2890
2894
2898
2902
2906
2910
2914
2918
2922
2926
2930
2934
2938
2942
2946
2950
2954
2958
2962
2966
2970
2974
2978
2982
2986
2990
2994
2998
3002
3006
3010
3014
3018
3022
3026
3030
3034
3038
3042
3046
3050
3054
3058
3062
3066
3070
3074
3078
3082
3086
3090
3094
3098
3102
3106
3110
3114
3118
3122
3126
3130
3134
3138
3142
3146
3150
3154
3158
3162
3166
3170
3174
3178
3182
3186
3190
3194
3198
3202
3206
3210
3214
3218
3222
3226
3230
3234
3238
3242
3246
3250
3254
3258
3262
3266
3270
3274
3278
3282
3286
3290
3294
3298
3302
3306
3310
3314
3318
3322
3326
3330
3334
3338
3342
3346
3350
3354
3358
3362
3366
3370
3374
3378
3382
3386
3390
3394
3398
3402
3406
3410
3414
3418
3422
3426
3430
3434
3438
3442
3446
3450
3454
3458
3462
3466
3470
3474
3478
3482
3486
3490
3494
3498
3502
3506
3510
3514
3518
3522
3526
3530
3534
3538
3542
3546
3550
3554
3558
3562
3566
3570
3574
3578
3582
3586
3590
3594
3598
3602
3606
3610
3614
3618
3622
3626
3630
3634
3638
3642
3646
3650
3654
3658
3662
3666
3670
3674
3678
3682
3686
3690
3694
3698
3702
3706
3710
3714
3718
3722
3726
3730
3734
3738
3742
3746
3750
3754
3758
3762
3766
3770
3774
3778
3782
3786
3790
3794
3798
3802
3806
3810
3814
3818
3822
3826
3830
3834
3838
3842
3846
3850
3854
3858
3862
3866
3870
3874
3878
3882
3886
3890
3894
3898
3902
3906
3910
3914
3918
3922
3926
3930
3934
3938
3942
3946
3950
3954
3958
3962
3966
3970
3974
3978
3982
3986
3990
3994
3998
4002
4006
4010
4014
4018
4022
4026
4030
4034
4038
4042
4046
4050
4054
4058
4062
4066
4070
4074
4078
4082
4086
4090
4094
4098
4102
4106
4110
4114
4118
4122
4126
4130
4134
4138
4142
4146
4150
4154
4158
4162
4166
4170
4174
4178
4182
4186
4190
4194
4198
4202
4206
4210
4214
4218
4222
4226
4230
4234
4238
4242
4246
4250
4254
4258
4262
4266
4270
4274
4278
4282
4286
4290
4294
4298
4302
4306
4310
4314
4318
4322
4326
4330
4334
4338
4342
4346
4350
4354
4358
4362
4366
4370
4374
4378
4382
4386
4390
4394
4398
4402
4406
4410
4414
4418
4422
4426
4430
4434
4438
4442
4446
4450
4454
4458
4462
4466
4470
4474
4478
4482
4486
4490
4494
4498
4502
4506
4510
4514
4518
4522
4526
4530
4534
4538
4542
4546
4550
4554
4558
4562
4566
4570
4574
4578
4582
4586
4590
4594
4598
4602
4606
4610
4614
4618
4622
4626
4630
4634
4638
4642
4646
4650
4654
4658
4662
4666
4670
4674
4678
4682
4686
4690
4694
4698
4702
4706
4710
4714
4718
4722
4726
4730
4734
4738
4742
4746
4750
4754
4758
4762
4766
4770
4774
4778
4782
4786
4790
4794
4798
4802
4806
4810
4814
4818
4822
4826
4830
4834
4838
4842
4846
4850
4854
4858
4862
4866
4870
4874
4878
4882
4886
4890
4894
4898
4902
4906
4910
4914
4918
4922
4926
4930
4934
4938
4942
4946
4950
4954
4958
4962
4966
4970
4974
4978
4982
4986
4990
4994
4998
5002
5006
5010
5014
5018
5022
5026
5030
5034
5038
5042
5046
5050
5054
5058
5062
5066
5070
5074
5078
5082
5086
5090
5094
5098
5102
5106
5110
5114
5118
5122
5126
5130
5134
5138
5142
5146
5150
5154
5158
5162
5166
5170
5174
5178
5182
5186
5190
5194
5198
5202
5206
5210
5214
5218
5222
5226
5230
5234
5238
5242
5246
5250
5254
5258
5262
5266
5270
5274
5278
5282
5286
5290
5294
5298
5302
5306
5310
5314
5318
5322
5326
5330
5334
5338
5342
5346
5350
5354
5358
5362
5366
5370
5374
5378
5382
5386
5390
5394
5398
5402
5406
5410
5414
5418
5422
5426
5430
5434
5438
5442
5446
5450
5454
5458
5462
5466
5470
5474
5478
5482
5486
5490
5494
5498
5502
5506
5510
5514
5518
5522
5526
5530
5534
5538
5542
5546
5550
5554
5558
5562
5566
5570
5574
5578
5582
5586
5590
5594
5598
5602
5606
5610
5614
5618
5622
5626
5630
5634
5638
5642
5646
5650
5654
5658
5662
5666
5670
5674
5678
5682
5686
5690
5694
5698
5702
5706
5710
5714
5718
5722
5726
5730
5734
5738
5742
5746
5750
5754
5758
5762
5766
5770
5774
5778
5782
5786
5790
5794
5798
5802
5806
5810
5814
5818
5822
5826
5830
5834
5838
5842
5846
5850
5854
5858
5862
5866
5870
5874
5878
5882
5886
5890
5894
5898
5902
5906
5910
5914
5918
5922
5926
5930
5934
5938
5942
5946
5950
5954
5958
5962
5966
5970
5974
5978
5982
5986
5990
5994
5998
6002
6006
6010
6014
6018
6022
6026
6030
6034
6038
6042
6046
6050
6054
6058
6062
6066
6070
6074
6078
6082
6086
6090
6094
6098
6102
6106
6110
6114
6118
6122
6126
6130
6134
6138
6142
6146
6150
6154
6158
6162
6166
6170
6174
6178
6182
6186
6190
6194
6198
6202
6206
6210
6214
6218
6222
6226
6230
6234
6238
6242
6246
6250
6254
6258
6262
6266
6270
6274
6278
6282
6286
6290
6294
6298
6302
6306
6310
6314
6318
6322
6326
6330
6334
6338
6342
6346
6350
6354
6358
6362
6366
6370
6374
6378
6382
6386
6390
6394
6398
6402
6406
6410
6414
6418
6422
6426
6430
6434
6438
6442
6446
6450
6454
6458
6462
6466
6470
6474
6478
6482
6486
6490
6494
6498
6502
6506
6510
6514
6518
6522
6526
6530
6534
6538
6542
6546
6550
6554
6558
6562
6566
6570
6574
6578
6582
6586
6590
6594
6598
6602
6606
6610
6614
6618
6622
6626
6630
6634
6638
6642
6646
6650
6654
6658
6662
6666
6670
6674
6678
6682
6686
6690
6694
6698
6702
6706
6710
6714
6718
6722
6726
6730
6734
6738
6742
6746
6750
6754
6758
6762
6766
6770
6774
6778
6782
6786
6790
6794
6798
6802
6806
6810
6814
6818
6822
6826
6830
6834
6838
6842
6846
6850
6854
6858
6862
6866
6870
6874
6878
6882
6886
6890
6894
6898
6902
6906
6910
6914
6918
6922
6926
6930
6934
6938
6942
6946
6950
6954
6958
6962
6966
6970
6974
6978
6982
6986
6990
6994
6998
7002
7006
7010
7014
7018
7022
7026
7030
7034
7038
7042
7046
7050
7054
7058
7062
7066
7070
7074
7078
7082
7086
7090
7094
7098
7102
7106
7110
7114
7118
7122
7126
7130
7134
7138
7142
7146
7150
7154
7158
7162
7166
7170
7174
7178
7182
7186
7190
7194
7198
7202
7206
7210
7214
7218
7222
7226
7230
7234
7238
7242
7246
7250
7254
7258
7262
7266
7270
7274
7278
7282
7286
7290
7294
7298
7302
7306
7310
7314
7318
7322
7326
7330
7334
7338
7342
7346
7350
7354
7358
7362
7366
7370
7374
7378
7382
7386
7390
7394
7398
7402
7406
7410
7414
7418
7422
7426
7430
7434
7438
7442
7446
7450
7454
7458
7462
7466
7470
7474
7478
7482
7486
7490
7494
7498
7502
7506
7510
7514
7518
7522
7526
7530
7534
7538
7542
7546
7550
7554
7558
7562
7566
7570
7574
7578
7582
7586
7590
7594
7598
7602
7606
7610
7614
7618
7622
7626
7630
7634
7638
7642
7646
7650
7654
7658
7662
7666
7670
7674
7678
7682
7686
7690
7694
7698
7702
7706
7710
7714
7718
7722
7726
7730
7734
7738
7742
7746
7750
7754
7758
7762
7766
7770
7774
7778
7782
7786
7790
7794
7798
7802
7806
7810
7814
7818
7822
7826
7830
7834
7838
7842
7846
7850
7854
7858
7862
7866
7870
7874
7878
7882
7886
7890
7894
7898
7902
7906
7910
7914
7918
7922
7926
7930
7934
7938
7942
7946
7950
7954
7958
7962
7966
7970
7974
7978
7982
7986
7990
7994
7998
8002
8006
8010
8014
8018
8022
8026
8030
8034
8038
8042
8046
8050
8054
8058
8062
8066
8070
8074
8078
8082
8086
8090
8094
8098
8102
8106
8110
8114
8118
8122
8126
8130
8134
8138
8142
8146
8150
8154
8158
8162
8166
8170
8174
8178
8182
8186
8190
8194
8198
8202
8206
8210
8214
8218
8222
8226
8230
8234
8238
8242
8246
8250
8254
8258
8262
8266
8270
8274
8278
8282
8286
8290
8294
8298
8302
8306
8310
8314
8318
8322
8326
8330
8334
8338
8342
8346
8350
8354
8358
8362
8366
8370
8374
8378
8382
8386
8390
8394
8398
8402
8406
8410
8414
8418
8422
8426
8430
8434
8438
8442
8446
8450
8454
8458
8462
8466
8470
8474
8478
8482
8486
8490
8494
8498
8502
8506
8510
8514
8518
8522
8526
8530
8534
8538
8542
8546
8550
8554
8558
8562
8566
8570
8574
8578
8582
8586
8590
8594
8598
8602
8606
8610
8614
8618
8622
8626
8630
8634
8638
8642
8646
8650
8654
8658
8662
8666
8670
8674
8678
8682
8686
8690
8694
8698
8702
8706
8710
8714
8718
8722
8726
8730
8734
8738
8742
8746
8750
8754
8758
8762
8766
8770
8774
8778
8782
8786
8790
8793
8796
8799
8802
8805
8808
8811
8814
8817
8820
8823
8826
8829
8832
8835
8838
8841
8844
8847
8850
8853
8856
8859
8862
8865
8868
8871
8874
8877
8880
8883
8886
8889
8892
8895
8898
8901
8904
8907
8910
8913
8916
8919
8922
8926
8930
8934
8938
8942
8946
8950
8954
8958
8962
8966
8970
8974
8978
8982
8986
8990
8994
8998
9002
9006
9010
9014
9018
9022
9026
9030
9034
9038
9042
9046
9050
9054
9058
9062
9066
9070
9074
9078
9082
9086
9090
9094
9098
9102
9106
9110
9114
9118
9122
9126
9130
9134
9138
9142
9146
9150
9154
9158
9162
9166
9170
9174
9178
9182
9186
9190
9194
9198
9202
9206
9210
9214
9218
9222
9226
9230
9234
9238
9242
9246
9250
9254
9258
9262
9266
9270
9274
9278
9282
9286
9290
9294
9298
9302
9306
9310
9314
9318
9322
9326
9330
9334
9338
9342
9346
9350
9354
9358
9362
9366
9370
9374
9378
9382
9386
9390
9394
9398
9402
9406
9410
9414
9418
9422
9426
9430
9434
9438
9442
9446
9450
9454
9458
9462
9466
9470
9474
9478
9482
9486
9490
9494
9498
9502
9506
9510
9514
9518
9522
9526
9530
9534
9538
9542
9546
9550
9554
9558
9562
9566
9570
9574
9578
9582
9586
9590
9594
9598
9602
9606
9610
9614
9618
9622
9626
9630
9634
9638
9642
9646
9650
9654
9658
9662
9666
9670
9674
9678
9682
9686
9690
9694
9698
9702
9706
9710
9714
9718
9722
9726
9730
9734
9738
9742
9746
9750
9754
9758
9762
9766
9770
9774
9778
9782
9786
9790
9794
9798
9802
9806
9810
9814
9818
9822
9826
9830
9834
9838
9842
9846
9850
9854
9858
9862
9866
9870
9874
9878
9882
9886
9890
9894
9898
9902
9906
9910
9914
9918
9922
9926
9930
9934
9938
9942
9946
9950
9954
9958
9962
9966
9970
9974
9978
9982
9986
9990
9994
9998
10002
10006
10010
10014
10018
10022
10026
10030
10034
10038
10042
10046
10050
10054
10058
10062
10066
10070
10074
10078
</DataArray>
<DataArray type="UInt8" Name="types" format="ascii">
5
5
5
5
5
5
5
5
5
5
5
5
5
5
5
5
5
5
5
5
5
5
5
5
5
5
5
5
5
5
5
5
5
5
5
5
5
5
5
5
5
5
9
9
9
9
9
9
9
9
9
9
9
9
9
9
9
9
9
9
9
9
9
9
9
9
9
9
9
9
9
9
9
9
9
9
9
9
9
9
9
9
9
9
9
9
9
9
9
9
9
9
9
9
9
9
9
9
9
9
9
9
9
9
9
9
9
9
9
9
9
9
9
9
9
9
9
9
9
9
9
9
9
9
9
9
9
9
9
9
9
9
9
9
9
9
9
9
9
9
9
9
9
9
9
9
9
9
9
9
9
9
9
9
9
9
9
9
9
9
9
9
9
9
9
9
9
9
9
9
9
9
9
9
9
9
9
9
9
9
9
9
9
9
9
9
9
9
9
9
9
9
9
9
9
9
9
9
9
9
9
9
9
9
9
9
9
9
9
9
9
9
9
9
9
9
9
9
9
9
9
9
9
9
9
9
9
9
9
9
9
9
9
9
9
9
9
9
9
9
9
9
9
9
9
9
9
9
9
9
9
9
9
9
9
9
9
9
9
9
9
9
9
9
9
9
9
9
9
9
9
9
9
9
9
9
9
9
9
9
9
9
9
9
9
9
9
9
9
9
9
9
9
9
9
9
9
9
9
9
9
9
9
9
9
9
9
9
9
9
9
9
9
9
9
9
9
9
9
9
9
9
9
9
9
9
9
9
9
9
9
9
9
9
9
9
9
9
9
9
9
9
9
9
9
9
9
9
9
9
9
9
9
9
9
9
9
9
9
9
9
9
9
9
9
9
9
9
9
9
9
9
9
9
9
9
9
9
9
9
9
9
9
9
9
9
9
9
9
9
9
9
9
9
9
9
9
9
9
9
9
9
9
9
9
9
9
9
9
9
9
9
9
9
9
9
9
9
9
9
9
9
9
9
9
9
9
9
9
9
9
9
9
9
9
9
9
9
9
9
9
9
9
9
9
9
9
9
9
9
9
9
9
9
9
9
9
9
9
9
9
9
9
9
9
9
9
9
9
9
9
9
9
9
9
9
9
9
9
9
9
9
9
9
9
9
9
9
9
9
9
9
9
9
9
9
9
9
9
9
9
9
9
9
9
9
9
9
9
9
9
9
9
9
9
9
9
9
9
9
9
9
9
9
9
9
9
9
9
9
9
9
9
9
9
9
9
9
9
9
9
9
9
9
9
9
9
9
9
9
9
9
9
9
9
9
9
9
9
9
9
9
9
9
9
9
9
9
9
9
9
9
9
9
9
9
9
9
9
9
9
9
9
9
9
9
9
9
9
9
9
9
9
9
9
9
9
9
9
9
9
9
9
9
9
9
9
9
9
9
9
9
9
9
9
9
9
9
9
9
9
9
9
9
9
9
9
9
9
9
9
9
9
9
9
9
9
9
9
9
9
9
9
9
9
9
9
9
9
9
9
9
9
9
9
9
9
9
9
9
9
9
9
9
9
9
9
9
9
9
9
9
9
9
9
9
9
9
9
9
9
9
9
9
9
9
9
9
9
9
9
9
9
9
9
9
9
9
9
9
9
9
9
9
9
9
9
9
9
9
9
9
9
9
9
9
9
9
9
9
9
9
9
9
9
9
9
9
9
9
9
9
9
9
9
9
9
9
9
9
9
9
9
9
9
9
9
9
9
9
9
9
9
9
9
9
9
9
9
9
9
9
9
9
9
9
9
9
9
9
9
9
9
9
9
9
9
9
9
9
9
9
9
9
9
9
9
9
9
9
9
9
9
9
9
9
9
9
9
9
9
9
9
9
9
9
9
9
9
9
9
9
9
9
9
9
9
9
9
9
9
9
9
9
9
9
9
9
9
9
9
9
9
9
9
9
9
9
9
9
9
9
9
9
9
9
9
9
9
9
9
9
9
9
9
9
9
9
9
9
9
9
9
9
9
9
9
9
9
9
9
9
9
9
9
9
9
9
9
9
9
9
9
9
9
9
9
9
9
9
9
9
9
9
9
9
9
9
9
9
9
9
9
9
9
9
9
9
9
9
9
9
9
9
9
9
9
9
9
9
9
9
9
9
9
9
9
9
9
9
9
9
9
9
9
9
9
9
9
9
9
9
9
9
9
9
9
9
9
9
9
9
9
9
9
9
9
9
9
9
9
9
9
9
9
9
9
9
9
9
9
9
9
9
9
9
9
9
9
9
9
9
9
9
9
9
9
9
9
9
9
9
9
9
9
9
9
9
9
9
9
9
9
9
9
9
9
9
9
9
9
9
9
9
9
9
9
9
9
9
9
9
9
9
9
9
9
9
9
9
9
9
9
9
9
9
9
9
9
9
9
9
9
9
9
9
9
9
9
9
9
9
9
9
9
9
9
9
9
9
9
9
9
9
9
9
9
9
9
9
9
9
9
9
9
9
9
9
9
9
9
9
9
9
9
9
9
9
9
9
9
9
9
9
9
9
9
9
9
9
9
9
9
9
9
9
9
9
9
9
9
9
9
9
9
9
9
9
9
9
9
9
9
9
9
9
9
9
9
9
9
9
9
9
9
9
9
9
9
9
9
9
9
9
9
9
9
9
9
9
9
9
9
9
9
9
9
9
9
9
9
9
9
9
9
9
9
9
9
9
9
9
9
9
9
9
9
9
9
9
9
9
9
9
9
9
9
9
9
9
9
9
9
9
9
9
9
9
9
9
9
9
9
9
9
9
9
9
9
9
9
9
9
9
9
9
9
9
9
9
9
9
9
9
9
9
9
9
9
9
9
9
9
9
9
9
9
9
9
9
9
9
9
9
9
9
9
9
9
9
9
9
9
9
9
9
9
9
9
9
9
9
9
9
9
9
9
9
9
9
9
9
9
9
9
9
9
9
9
9
9
9
9
9
9
9
9
9
9
9
9
9
9
9
9
9
9
9
9
9
9
9
9
9
9
9
9
9
9
9
9
9
9
9
9
9
9
9
9
9
9
9
9
9
9
9
9
9
9
9
9
9
9
9
9
9
9
9
9
9
9
9
9
9
9
9
9
9
9
9
9
9
9
9
9
9
9
9
9
9
9
9
9
9
9
9
9
9
9
9
9
9
9
9
9
9
9
9
9
9
9
9
9
9
9
9
9
9
9
9
9
9
9
9
9
9
9
9
9
9
9
9
9
9
9
9
9
9
9
9
9
9
9
9
9
9
9
9
9
9
9
9
9
9
9
9
9
9
9
9
9
9
9
9
9
9
9
9
9
9
9
9
9
9
9
9
9
9
9
9
9
9
9
9
9
9
9
9
9
9
9
9
9
9
9
9
9
9
9
9
9
9
9
9
9
9
9
9
9
9
9
9
9
9
9
9
9
9
9
9
9
9
9
9
9
9
9
9
9
9
9
9
9
9
9
9
9
9
9
9
9
9
9
9
9
9
9
9
9
9
9
9
9
9
9
9
9
9
9
9
9
9
9
9
9
9
9
9
9
9
9
9
9
9
9
9
9
9
9
9
9
9
9
9
9
9
9
9
9
9
9
9
9
9
9
9
9
9
9
9
9
9
9
9
9
9
9
9
9
9
9
9
9
9
9
9
9
9
9
9
9
9
9
9
9
9
9
9
9
9
9
9
9
9
9
9
9
9
9
9
9
9
9
9
9
9
9
9
9
9
9
9
9
9
9
9
9
9
9
9
9
9
9
9
9
9
9
9
9
9
9
9
9
9
9
9
9
9
9
9
9
9
9
9
9
9
9
9
9
9
9
9
9
9
9
9
9
9
9
9
9
9
9
9
9
9
9
9
9
9
9
9
9
9
9
9
9
9
9
9
9
9
9
9
9
9
9
9
9
9
9
9
9
9
9
9
9
9
9
9
9
9
9
9
9
9
9
9
9
9
9
9
9
9
9
9
9
9
9
9
9
9
9
9
9
9
9
9
9
9
9
9
9
9
9
9
9
9
9
9
9
9
9
9
9
9
9
9
9
9
9
9
9
9
9
9
9
9
9
9
9
9
9
9
9
9
9
9
9
9
9
9
9
9
9
9
9
9
9
9
9
9
9
9
9
9
9
9
9
9
9
9
9
9
9
9
9
9
9
9
9
9
9
9
9
9
9
9
9
9
9
9
9
9
9
9
9
9
9
9
9
9
9
9
9
9
9
9
9
9
9
9
9
9
9
9
9
9
9
9
9
9
9
9
9
9
9
9
9
9
9
9
9
9
9
9
9
9
9
9
9
9
9
9
9
9
9
9
9
9
9
9
9
9
9
9
9
9
9
9
9
9
9
9
9
9
9
9
9
9
9
9
9
9
9
9
9
9
9
9
9
9
9
9
9
9
9
9
9
9
9
9
9
9
9
9
9
9
9
9
9
9
9
9
9
9
9
9
9
9
9
9
9
9
9
9
9
9
9
9
9
9
9
9
9
9
9
9
9
9
9
9
9
9
9
9
9
9
9
9
9
9
9
9
9
9
9
9
9
9
9
9
9
9
9
9
9
9
9
9
9
9
9
9
9
9
9
9
9
9
9
9
9
9
9
9
9
9
9
9
9
9
9
9
9
9
9
9
9
9
9
9
9
9
9
9
9
9
9
9
9
9
9
9
9
9
9
9
9
9
9
9
9
9
9
9
9
9
9
9
9
9
9
9
9
9
9
9
9
9
9
9
9
9
9
9
9
9
9
9
9
9
9
9
9
9
9
9
9
9
9
9
9
9
9
9
9
9
9
9
9
9
9
9
9
9
9
9
9
9
9
9
9
9
9
9
9
9
9
9
9
9
9
9
9
9
9
9
9
9
9
9
9
9
9
9
9
9
9
9
9
9
9
9
9
9
9
9
9
9
9
9
9
9
9
9
9
9
9
9
9
9
9
9
9
9
9
9
9
9
9
9
9
9
9
9
9
9
9
9
9
9
9
9
9
9
9
9
9
9
9
9
9
9
9
9
9
9
9
9
9
9
9
9
9
9
9
9
9
9
9
9
9
9
9
9
9
9
5
5
5
5
5
5
5
5
5
5
5
5
5
5
5
5
5
5
5
5
5
5
5
5
5
5
5
5
5
5
5
5
5
5
5
5
5
5
5
5
5
5
5
5
9
9
9
9
9
9
9
9
9
9
9
9
9
9
9
9
9
9
9
9
9
9
9
9
9
9
9
9
9
9
9
9
9
9
9
9
9
9
9
9
9
9
9
9
9
9
9
9
9
9
9
9
9
9
9
9
9
9
9
9
9
9
9
9
9
9
9
9
9
9
9
9
9
9
9
9
9
9
9
9
9
9
9
9
9
9
9
9
9
9
9
9
9
9
9
9
9
9
9
9
9
9
9
9
9
9
9
9
9
9
9
9
9
9
9
9
9
9
9
9
9
9
9
9
9
9
9
9
9
9
9
9
9
9
9
9
9
9
9
9
9
9
9
9
9
9
9
9
9
9
9
9
9
9
9
9
9
9
9
9
9
9
9
9
9
9
9
9
9
9
9
9
9
9
9
9
9
9
9
9
9
9
9
9
9
9
9
9
9
9
9
9
9
9
9
9
9
9
9
9
9
9
9
9
9
9
9
9
9
9
9
9
9
9
9
9
9
9
9
9
9
9
9
9
9
9
9
9
9
9
9
9
9
9
9
9
9
9
9
9
9
9
9
9
9
9
9
9
9
9
9
9
9
9
9
9
9
9
9
9
9
9
9
9
9
9
9
9
9
9
9
9
9
9
9
9
9
9
9
9
9
9
9
9
9
9
9
9
9
</DataArray>
</Cells>
<CellData>
<DataArray type="Float64" Name="density" format="ascii">
45.47699744
49.28312816
49.3348996
49.95056778
45.07390088
46.29927217
49.57033795
44.65048093
48.4392822
44.27425081
47.24048897
44.68641455
47.36911987
48.33503114
45.48902341
45.15078032
49.88133214
45.70575579
45.73063018
49.95182914
47.65211918
49.88822686
48.62840012
44.28411027
45.53218788
45.75091628
47.22442513
45.51853135
45.32788877
48.08741962
47.25954506
44.95614962
47.39147088
49.99999998
48.30693175
46.09965674
49.99999896
43.04386302
49.99999982
41.71829775
47.77683841
47.55983364
31.93104118
21.9764604
22.05896626
15.98056153
29.15834023
37.38004664
34.37690661
22.23267341
44.89037974
26.96538928
34.71992093
38.61324221
35.42729422
39.31132212
38.8923283
38.82051178
38.20201546
35.51322637
37.05707371
35.157759
29.67802478
34.48180645
41.47225947
49.37867202
43.87787158
49.34572597
37.40705489
38.8577475
19.02586114
28.11770768
48.07767632
38.33191013
22.83042504
33.72158209
20.81089098
34.58959436
19.91353463
23.13357803
34.34382346
30.45515869
35.66064125
47.9260394
35.27677943
35.56266573
34.9169613
23.02171343
34.82507744
29.0485402
29.70479356
34.53240756
34.37309076
34.43750491
45.85533798
34.52835567
35.46308811
34.67569234
35.57121274
31.30161498
19.9730991
18.68144307
32.81046237
22.15697276
33.43950201
38.07481136
39.32902425
34.83977794
34.95237996
35.57078196
35.63205153
31.74092997
34.52435234
38.47889382
35.12215989
32.63244326
34.48961876
31.57472833
34.36051909
39.72432177
39.52533558
38.99033228
39.0049714
21.57630369
22.51976222
23.17510048
21.86512366
39.36673039
28.07544385
38.82207429
31.01494052
35.00629536
38.73750242
35.02592561
38.23662638
25.75689787
27.84893678
29.24871772
26.17006321
38.56379162
49.15278753
37.54962007
39.54309184
48.48918879
33.12134967
42.88633443
44.90423967
49.99999968
47.76844353
47.68319177
43.84959849
25.42052175
45.11938269
47.33999442
47.11636653
49.99999938
40.65605993
24.9060348
20.36937205
46.65093986
45.12449427
49.99999909
49.99999941
24.25881559
44.94998672
49.9999988
43.94206987
45.64854481
49.99999969
44.21182024
40.454783
49.99999975
49.97567258
48.66614189
47.17458117
46.34822475
45.53600462
44.80097202
44.45128038
45.63546055
46.42815942
47.02439421
47.44039102
45.23756406
40.84582146
42.18930644
38.54254986
34.14899609
32.1598147
30.07517086
25.92788095
23.50083139
20.00526693
22.1798009
31.80622924
30.68301304
21.97184814
22.24957962
22.83681806
23.70082549
21.88951681
28.85234237
31.71638396
35.2103579
37.93809482
38.97061667
48.24524443
48.30270311
47.80784828
47.27692568
46.54673402
37.22192823
49.99999512
44.97486239
45.66515378
46.50144042
48.0454319
49.99999584
49.99999721
49.99999632
49.99999711
49.9999978
49.99999832
49.99999915
49.99999907
49.99999781
49.99999631
49.99999598
49.9999971
49.99999564
49.99999847
50
49.99999841
49.99999932
49.99999964
49.99999896
49.99999999
44.49917455
38.57382921
36.85768592
35.52318061
30.23611571
24.43293946
21.19151336
23.68847497
29.76538548
42.53153685
24.11143704
22.30247223
25.04884017
29.14990236
26.86056686
34.31495375
36.69615569
42.36991011
48.45136157
49.99999914
49.99999948
49.99999927
49.99999947
49.99999734
50
37.44634504
49.99999732
49.99999773
49.99999928
49.9999973
49.99999859
49.99999776
49.9999989
49.99999948
49.99999829
49.99999968
33.32859912
49.99999998
49.99999996
50
49.99999952
49.99999937
49.99999923
49.99999952
49.99999813
49.99999843
49.99999893
49.99999852
49.99999975
49.99999929
49.99999741
49.99999984
43.79388146
40.83833235
34.43410692
25.93133479
21.76146639
28.19091288
30.11226434
45.12269517
24.38545663
23.57338336
29.93015482
29.6339354
38.09203856
42.09586413
50
49.99999941
49.99999864
49.99999699
49.99999548
49.99999789
49.99999936
49.99999993
44.56978365
49.99999998
49.99999885
49.99999904
49.99999897
49.99999976
49.9999998
49.9999998
49.66529741
49.99999989
48.60697455
39.11105738
46.42630182
46.47909781
46.13425091
43.90619719
43.95532354
44.75682927
49.99999987
49.99999935
49.99999973
49.99999949
49.99999943
49.99999818
49.99999964
49.99999995
50
37.11330057
22.10350883
29.14526439
38.69217666
46.05409123
26.88764169
35.31268533
33.28747491
45.38875353
49.99999843
49.99999719
49.99999852
49.99999936
49.99999985
49.99999947
49.99999925
49.99999953
49.99999886
47.60906798
48.27503281
48.42219215
48.9617165
49.26519848
48.57098264
46.45792694
46.55226363
46.57052682
40.9206552
40.91863431
42.99395883
39.50249824
39.03510837
42.83146192
49.9999984
49.99999925
49.99999962
49.99999916
49.9999996
38.75563505
31.42589624
47.03491929
33.49750486
48.18903821
43.51354276
49.99999829
49.99999928
49.99999968
49.99999802
46.94717417
48.0738534
49.39330908
48.63006083
40.00079071
42.42999765
40.92132441
42.44529008
26.24287467
49.9999992
49.99999702
47.28531402
45.13361242
44.10601165
42.77246424
47.06663009
39.14904961
39.92422462
49.9999992
49.99999967
49.99999948
46.630995
49.99999927
49.99999986
50
35.24024401
27.66612171
49.99999939
49.99999929
49.99999823
47.89218466
46.98603562
44.65022834
45.96801052
48.68607756
46.75486658
48.67046492
48.87105528
49.20507371
47.10313461
41.79111057
46.83920038
49.99999976
49.99999772
49.99999946
45.50449531
45.30829273
46.59307321
47.45588217
47.47916979
47.9828462
48.44638349
49.75810956
48.91842697
43.52265062
43.56772872
44.07739596
43.22065769
40.2396724
42.22111126
39.94427078
39.71904877
43.63145086
41.08737861
45.03598394
49.9999986
49.99999971
45.84092958
49.99999974
50
48.24197268
49.99999837
49.9999995
48.46025288
45.41170927
49.99999996
44.71831439
47.12209873
46.84546948
48.29308769
48.39043919
48.69826201
49.57267213
49.76818205
49.64130418
44.0720556
39.91029307
41.85774605
39.98789636
41.16933971
43.02348708
44.2943109
48.25857743
47.98256175
48.63062053
49.99999994
49.9999987
44.79605247
44.1477302
45.26544582
47.15699434
47.90379186
48.60512674
49.34727078
43.70061782
43.73064683
43.55854163
40.83184841
40.90413039
40.96566463
41.24789778
42.17222731
41.75614875
42.9211636
42.84780598
45.42113022
43.53964523
44.45725596
46.27897367
47.35536634
49.99999968
49.9999952
40.29528053
49.82031281
49.99999988
49.99999983
46.04952137
49.99999992
44.04246136
44.64372177
44.09377012
44.25918928
44.40747206
44.64844403
45.51502834
46.28132434
46.86035459
47.55533797
48.1646986
48.01448957
48.36290286
48.61398365
48.68550238
49.61965564
49.69742817
49.35333671
49.65861953
45.98807235
49.99999908
49.99999797
49.42997519
39.81510521
49.99999924
48.82852111
49.12532208
43.97994139
43.08878296
41.6770054
42.45887792
40.93593317
40.96961842
41.31629818
42.42835568
42.42693438
44.9281653
43.08278575
45.37045756
49.99999995
47.93321042
49.99999992
49.9999994
49.99999774
49.99999979
49.99999999
49.99999852
49.99999968
48.57653204
43.91603581
45.54820371
43.84103842
44.0768655
44.11383046
44.3737821
44.95942121
45.79243294
46.89357924
46.35754368
46.47908972
47.33802423
47.70916683
47.73764019
48.28573731
48.51650724
48.75890283
48.86696782
49.62469861
49.47048501
49.69980266
49.2658751
49.66750291
49.17614008
46.36851567
45.17989302
39.34300966
49.99999743
49.9999985
43.84980473
44.0229922
42.52634714
41.48287596
40.53581999
40.60499675
40.87370783
41.49708892
43.82062257
44.41620306
45.37438543
44.45177728
46.18924862
46.37043681
47.28881857
47.15294469
46.30544634
45.63509327
46.54779898
49.99999996
49.99999758
48.30069835
49.99999833
49.99999998
47.10273759
44.24546712
43.35876128
44.08985184
43.99066609
44.21625237
44.00873513
44.7277026
45.32468101
45.09359296
46.01270463
46.05284398
46.91129348
47.3384514
47.49688904
48.11837588
47.81584697
48.78594307
48.95736047
49.65058785
49.68239286
49.14405995
49.72227329
49.21840248
42.43142412
43.36221552
49.12336368
47.62802615
38.94979315
49.69214936
45.11262384
43.59026479
43.79235428
40.94807914
40.55749314
41.01727219
41.86958232
42.8095992
43.75302174
44.61727596
45.83277276
46.05328643
46.97511436
47.20623521
45.88664247
45.61115838
49.99999999
49.99999906
49.99999886
44.09633907
43.0015974
44.09917497
43.67767306
44.14148048
43.82032846
44.11235151
44.33436805
45.5409855
44.66289814
44.66516591
45.56798365
45.61703517
46.52259672
47.00740447
48.39518201
48.81433422
49.74263529
49.56342104
49.76979095
41.29856992
46.07983464
47.22921061
46.59546787
46.34466822
48.48356475
38.65819734
43.92706437
47.98255355
43.28238097
43.20704208
41.94448019
40.79907696
40.47568611
40.254033
43.46292584
44.45692839
45.33476979
46.97128525
46.71566254
48.25287589
47.8387237
47.84379553
45.38234159
47.02928063
46.66244543
46.82445239
43.83960797
42.76396073
43.25796078
43.78801967
43.78420223
43.66215377
43.85608613
44.01369468
44.28113616
46.11823115
47.21996828
48.44684231
47.18636749
49.88035468
43.43265878
44.31258352
41.3781533
43.88318835
46.22532155
38.43221373
38.32069499
47.25910804
49.18452764
43.71410661
43.68531545
43.74506463
44.28782185
49.10229737
49.04312516
48.9541145
49.78005041
42.91969757
41.93853969
41.30868945
40.336094
40.1575577
41.40909499
41.98451316
43.16134481
45.34491538
45.37756904
46.25988476
47.91457521
47.53182151
47.59845506
47.95612577
48.8708832
47.97290656
48.41212444
48.83353975
48.33563846
47.58449299
49.99999908
49.99999939
49.99999949
49.99999994
49.78840178
43.35320343
43.76672477
43.87884769
43.93947341
43.6367828
43.72148503
43.70540168
43.81107136
44.01401129
44.67487517
45.12658788
45.59630543
46.83691087
47.56007846
48.86574614
48.943176
49.27768974
49.95925282
49.22974936
48.80592114
49.78579905
49.4747232
49.99999984
49.99999978
46.95013532
44.94302153
38.33875906
46.00956562
46.48871142
42.75468771
44.35605082
42.49308493
43.12836279
41.16057173
40.61814112
39.92509372
40.858834
40.24247256
42.17009215
42.73972289
44.08320144
46.55888024
46.44333278
47.28133048
48.39141459
48.68851548
49.21282527
48.89049517
48.61685946
47.8504217
48.28645438
49.99999982
49.99999993
49.30102871
49.99999974
45.26573839
43.39984848
43.52511782
43.87293209
44.11671355
44.44931968
43.78752114
43.72622564
43.94973178
43.74447099
43.84717866
43.98220508
44.24603269
45.62318194
44.59252931
46.18756832
44.89594384
46.31645678
48.29456937
48.92134797
48.87883988
49.43261967
49.97194387
49.07829817
48.63411184
49.80207828
49.59845546
42.88975739
39.73905804
40.62487243
43.7532396
45.24283887
48.7750041
49.13250741
49.23622802
48.93893825
48.63316572
46.97475889
47.81882162
48.29458825
49.99999994
38.5094162
49.99999999
43.01583642
46.21742534
43.92709975
44.13379854
44.65235429
44.24004246
44.07501188
43.82437266
43.92182457
45.03562791
44.09380378
45.64474635
48.11282645
46.6596024
49.54387974
49.99253509
48.84140134
49.82374343
49.69514664
49.11023994
49.99999822
43.82704913
39.96354132
47.59127223
48.30560465
43.13583645
44.68412881
44.40751525
47.81552853
44.84225161
47.19156568
49.74068666
49.99999993
48.14182341
48.00604686
45.32138915
47.77739365
49.61056814
49.61611173
46.1595244
48.28319245
47.54265173
49.99999997
45.53946386
49.99999999
48.72000463
49.85143831
49.47544223
45.00916474
46.72820753
45.04189667
48.22764581
43.61798014
39.71882979
44.96184513
49.99999989
49.99999994
44.35623455
45.79971447
47.89266418
48.05021093
47.92685146
45.71425361
47.9745135
49.37890906
49.99999999
48.18814041
47.00730698
46.58373428
47.8314062
46.43193312
46.71938714
45.69078079
49.99999999
48.2511732
48.18205667
47.08738921
47.40325463
45.09352165
45.42794111
45.21676222
45.62246609
44.36265949
44.18583592
49.6303476
48.68842383
47.53160237
49.99999994
49.99999992
45.97103792
45.51037625
45.3188313
46.02722872
45.21374431
49.33282245
49.74032185
49.40043236
47.04113451
45.54137888
48.33789642
49.99999994
48.45365806
48.791266
46.62576102
49.97423412
48.7035892
47.65342268
47.22422896
45.67450566
46.87734992
47.17583039
47.94759572
44.10222134
43.69574949
45.67108016
45.60648174
44.39561461
46.87868009
49.40913643
47.28178621
47.39227723
46.75107158
48.67696397
49.72236561
49.11763347
48.20440811
45.21904559
46.90408088
45.42861404
47.94298445
47.31621377
50
49.99999993
47.92372297
48.28735266
45.94341593
46.53305906
47.60335605
45.93181846
47.55376122
44.33761935
45.79621409
44.74155858
49.37755766
49.99999997
49.54436675
47.98952309
50
48.46388274
44.36860179
46.69325943
46.15454538
45.23671011
48.56408536
47.93997605
46.80534478
49.99999989
45.59288229
47.75579393
48.66404107
48.97276209
44.34358987
46.75284447
46.5107544
45.58393208
46.74562105
45.89975742
45.32106015
49.63171102
45.66181888
45.891166
42.88610813
44.66900894
40.06034877
45.12741605
45.16605647
44.3673628
49.99999983
48.35094175
49.1917411
48.72276288
45.61415344
49.47717738
46.53342422
48.22065611
49.24398956
50
48.25631989
49.9877167
45.9948316
49.05564172
47.83457558
46.27360081
50
45.11661341
46.04077609
42.47599569
45.44107733
46.6876164
40.50456621
39.57379108
49.99999984
49.99999994
47.62305243
47.03767548
45.94205852
49.76341602
45.3243085
45.5248985
45.40078467
43.83348637
45.4648974
46.02258588
44.49816879
47.73360705
48.19376149
44.94235742
45.9073362
47.59221915
48.01378859
48.07067247
49.74116478
49.65625321
48.66531518
47.5054154
45.06748069
45.59545415
49.05152092
46.65626171
47.87832913
45.54311334
44.7075322
46.07241597
46.68222462
47.5417548
49.99999991
49.59750179
47.9753196
48.86321782
46.62802952
42.25839048
48.67560328
49.23135635
48.82886254
44.26602314
43.56073083
43.20683664
45.14862203
48.29030665
49.7479813
49.19144817
48.30260067
47.69068479
47.27986201
47.17023162
47.38997971
47.87786815
43.80645722
50
47.64001556
45.42051362
43.91127588
50
47.62411101
45.20365477
50
48.92383355
44.49234557
46.76365544
47.93839007
47.44737257
47.90980969
45.08703369
49.99999992
48.69657659
49.37514707
49.4612701
46.84890837
45.47356312
45.92398359
42.36490426
43.08077431
49.91780722
45.30653121
45.84572715
45.99122099
49.59639826
49.84673495
46.15963076
46.14292802
45.15650017
44.01520841
45.32533676
46.6682947
46.84317074
45.4167782
49.71552869
47.13292873
48.96046902
49.9999999
46.38768205
45.16707032
49.99999999
44.86258966
47.19010708
47.93403951
48.31751543
48.44379673
50
47.92545473
47.74172304
49.29814976
48.51212486
46.76310357
45.60276076
43.23765283
42.49562947
43.87240446
48.39493367
48.53379457
48.89751075
48.37097958
44.87380509
44.13062832
49.99999999
49.22313464
47.56903192
45.62233983
43.93145972
49.22826709
49.0360844
49.79563319
48.61278147
48.65497952
40.83144173
44.31656812
43.24496742
49.47341685
44.59941435
46.92858033
49.13107793
49.0678382
48.31794094
48.33925938
48.8889652
47.89094674
48.70262486
45.78837018
47.71834767
46.28140822
45.5063149
49.95676461
46.04174718
45.79425186
45.98308744
49.83540756
49.23784721
47.44012444
45.36171786
47.73934427
44.3247118
47.38561493
49.12608129
48.65500109
46.45015515
46.21800021
44.38447003
42.27611318
44.7264856
44.38444287
45.66313853
44.63297022
48.59988154
49.48803762
49.35531203
47.80492779
47.19044731
50
49.99999995
48.57127676
45.18794136
43.8338783
44.48195853
44.10301164
47.53402257
50
47.86528631
46.23650707
48.34256162
50
46.7402748
44.98405664
49.99999994
45.13679707
48.37467615
47.32395457
46.39722238
48.25956968
46.87201199
48.08889682
43.75231545
49.99999992
49.39248364
49.85736863
49.83985305
43.73882199
45.16656401
47.15674148
44.75117797
41.07246216
48.09371283
45.71186974
45.02687454
45.31360198
46.88305392
46.7631564
49.47144184
49.63207712
46.65156987
46.52616961
45.16575477
41.63851457
46.66414139
47.64632822
45.91275294
49.91903955
47.81410017
49.47307846
49.99999996
45.66570119
47.89745963
48.98828086
48.38994374
47.79506051
49.28114065
49.16234437
48.57867114
48.3661423
45.74335812
48.56949443
47.14211987
48.85813347
47.56985779
43.11702635
45.95214441
48.67989901
49.47478588
44.03351468
50
47.84712641
49.99999998
49.30687157
47.52036219
42.28148671
42.93935769
42.86070926
43.64413007
42.29226447
45.24496542
49.99999998
49.62538107
46.07170903
45.55735299
44.29680402
45.18700433
44.22471579
49.13126751
49.93025383
49.81508151
48.87986481
47.56800654
45.80015157
45.9200158
46.20361579
47.39481782
46.91220306
48.94767515
44.87866335
43.98094594
50
44.89310135
45.45863506
46.17629285
47.01780882
47.79543031
48.56284854
49.37586748
49.95450778
49.99999995
49.85662366
48.22338893
47.07044832
41.62177303
39.68712929
48.22505971
49.87974578
49.35392629
48.26623573
46.63206254
46.87156221
45.42934037
43.46999554
42.07339362
44.64181266
46.91482509
48.28272347
48.5273473
48.36060787
48.12426992
47.59414957
47.56997065
47.7085122
47.99548305
47.91662775
45.92218133
48.86561763
48.28032553
46.69215384
44.75327829
49.67950725
49.54159323
46.0789307
47.84259868
47.31140534
48.5229625
45.44075514
48.775776
50
49.87997243
49.99999999
49.99999998
43.95701764
47.42163862
48.2700291
46.912711
49.58715739
45.7569146
44.5618209
44.75546614
46.84789593
47.43705116
49.34612313
49.3492505
46.96667025
46.46217931
45.20424934
39.12963309
47.90973927
48.68162081
45.02875374
49.99999997
48.34920256
49.83207108
49.70636997
45.10485602
49.76280376
48.52392199
47.29334389
49.34872931
49.99999997
49.13578953
49.19685998
49.05871581
49.31811957
44.39570948
49.62193603
42.29208984
44.10294837
40.5726828
48.28055179
49.99999998
44.81070491
44.88712451
48.26810375
47.0786857
40.58925834
47.63907896
46.88241223
43.31893528
48.71486241
47.79902108
47.46065767
49.32155693
47.85458458
43.9893811
44.539535
48.23182153
47.06321989
47.48313285
46.13060064
45.28255639
48.65657063
48.29488998
47.07570673
46.75123591
45.30233301
45.42856524
46.48981566
47.21627975
47.98201775
48.68363912
49.31828287
49.83309385
49.99999996
49.99999996
49.27894148
48.39723916
45.46248368
42.96674067
39.82859673
39.32767634
48.91345789
50
48.94665833
47.71662574
47.94160771
46.22518938
44.01239326
42.33654319
42.3568089
43.39561169
45.21780204
46.78994007
47.63704151
47.87122272
47.89539475
47.86098881
47.78641438
47.70785788
47.72093521
47.846387
49.40033273
46.07774712
45.95282496
46.1090911
46.00286632
47.96356894
47.31051715
46.00220178
45.05814199
49.81181384
46.77461505
45.01334318
43.0072343
44.8509947
42.08250625
43.86967824
42.89824817
47.3055495
48.88397491
46.69801778
44.58327472
44.89467467
43.25820757
49.59568046
49.0389636
49.43988218
49.86548327
47.59780833
43.97738448
41.62730169
43.0578603
43.64409579
49.97425057
50
47.09695809
37.00932145
49.13814099
49.43287087
44.58007008
49.99999994
48.66509079
48.72135757
44.6938414
47.65891536
48.73776444
50
48.8653548
46.98322656
49.49565249
49.9999999
49.10463408
49.62585873
49.33517582
43.52654616
49.77172563
49.99999992
42.95925369
39.55621743
46.42933642
43.58630324
47.83667258
44.78793464
49.99999995
49.99999997
49.99999999
43.7906379
48.68774445
48.36186464
48.29434522
43.80718198
44.61689492
45.17622
49.77836774
49.296602
47.2261121
45.06122684
47.63264206
44.88601775
48.95279197
45.68670638
49.70222951
45.97967851
48.18752529
48.54921028
49.36203868
50
48.46932916
49.72497524
49.29493555
45.83445585
49.9999998
48.05121201
45.07883731
45.51850158
44.06114757
44.5766008
45.39838052
47.81138759
48.89220099
48.30266105
48.28669873
47.74125179
42.58941815
46.0536196
46.7898074
46.42310296
45.18408428
45.72594277
45.48486806
46.37472467
48.14072229
46.70197996
49.27677026
45.02021301
46.09995716
46.38671435
46.88871029
48.23826099
48.87785868
49.41611147
49.79714112
50
50
49.59452081
48.0528632
45.91189094
43.71638026
41.23142909
38.89184259
49.43152938
49.98739242
48.54194238
48.01414327
48.68282913
48.87791031
47.05833696
44.82385587
42.48423972
42.89544399
43.99748153
45.29354586
46.28511693
46.83589353
47.15218427
47.38088759
47.48375231
47.49717863
47.51652335
47.59634968
47.63196928
47.42443663
39.82943415
41.86293764
44.30544454
49.65068521
48.58065394
48.98641809
44.84940861
49.99999998
45.02123689
48.62366129
46.72199072
36.28552674
50
49.85232361
44.97622066
45.97713578
45.8566987
42.1979542
42.13457517
44.62116739
46.77127233
47.9225414
48.71638084
46.5775875
44.98531934
44.01300698
49.99999999
48.88301285
49.99999989
44.54995903
48.96629925
48.77704778
49.99999998
49.27816339
46.86399854
49.99999971
49.20635775
49.88508973
50
49.51068319
43.28786687
49.99999995
49.99999968
47.79594022
39.46950737
44.38519678
49.99999997
42.98377584
44.4399061
45.4952175
47.22699078
48.65281433
45.95386011
43.92111729
49.73957141
49.45754101
49.99999998
42.33575483
48.76483286
43.66528437
49.46844436
47.50277079
50
44.79223363
42.10983262
48.53992874
45.95857591
42.6295348
42.94468575
46.19230764
49.67178316
44.16922561
46.10160408
46.11976715
41.63658304
48.69994592
45.52058392
48.64280149
48.95814735
45.69047201
43.97572367
43.6064853
47.88304876
47.53508267
49.99999972
47.00640428
48.22225294
49.99999997
49.05714663
48.36070275
48.00940214
47.02881484
47.07547478
46.97230134
46.06480099
45.00929083
42.94517991
42.97844718
45.73864235
47.82749459
49.57857257
49.93296236
39.43283015
39.86763037
42.00990049
44.32396443
47.29926963
48.43904887
49.88577773
49.49931502
47.54553144
47.92962416
45.8517539
47.01026489
46.59877939
45.70362786
47.52852993
41.76900591
41.40612672
40.30974741
41.26351787
48.22568929
45.34527541
48.35312004
45.98430283
45.79981154
45.499599
48.32638607
49.07530141
49.5118209
48.57970949
45.47112606
46.92095755
50
49.86289044
45.25066915
48.38082722
46.45593119
49.99999975
50
49.99999997
50
49.70453863
49.99999996
43.55305484
49.13135878
39.68506473
49.99999936
50
46.09364035
50
49.24310192
49.99999991
47.48126591
46.04690937
49.73684528
49.02165193
49.59148746
49.81317095
49.63513414
49.43915361
49.99999996
50
49.81480348
45.01440176
49.99999998
49.99999997
46.04851354
49.2149202
41.91482154
43.6859626
49.99999994
49.99999998
46.0941566
47.70067656
46.34701708
49.00285225
47.99201205
49.99999982
50
49.99999972
50
41.34983043
45.59182577
45.12719956
44.72301435
49.52678191
48.20645475
49.99999991
47.39556824
42.76121569
47.79936013
49.09383689
49.92302886
47.799161
49.37616315
49.9999953
49.99999971
49.99999829
49.9999962
49.99999782
49.99999922
49.99999975
49.99999853
49.99999921
47.23219873
49.99999968
49.9999984
49.99999861
49.92038548
46.48193825
47.1619538
47.62011495
47.89994018
48.28854868
48.76580602
49.20240287
47.38757991
49.52005616
49.723743
49.73317302
49.63756986
49.26255196
48.34273338
46.828169
44.86960493
42.79972956
40.72146954
39.43692503
39.21394297
40.69043341
49.76134362
49.87825283
48.39674183
48.28280927
50
49.63525021
48.36342079
46.60399515
44.8983889
43.793715
43.33413398
43.40518685
43.69570518
44.14052617
44.57706517
44.96993292
45.31622479
45.62311747
45.88331385
46.67415053
46.08966953
46.26419574
46.41735215
46.3410879
45.5617743
44.85288949
47.21052991
49.99999999
49.99999943
49.99999863
49.99999912
49.99999935
49.99999957
49.99999929
49.99999968
47.1574677
49.99999882
49.99999902
49.99999887
49.9999995
49.99999824
49.99999824
49.99999997
49.9999991
49.99999877
45.87513424
49.99999851
47.52152616
49.9999995
47.76488275
49.99999862
49.99999991
49.99999958
49.99999838
49.99999993
47.87506786
41.98828184
48.84519341
49.90918395
48.49544558
47.32376588
47.84661949
45.17364841
49.99999889
49.99999981
48.01540363
49.99999998
49.72587208
49.99999982
47.95115963
48.21979738
50
49.99999998
48.65586214
49.93048425
48.39120096
50
49.99999998
49.99999997
49.9999998
49.99999986
48.06534338
49.99999999
49.99999748
46.62222948
45.66982748
45.17798244
49.99999705
49.9999967
48.99703194
49.99999942
49.81020194
49.7806672
47.76589076
49.99999994
44.83876184
49.9999999
49.99999999
49.47430157
49.99999998
48.9666831
49.42933734
49.99999982
45.56283092
48.72610953
49.99999932
44.45607554
48.49104731
49.99999901
49.99999928
47.98750059
49.99999768
48.27366267
49.9999993
48.02175806
49.99999953
48.64000216
46.45832384
49.99999958
50
48.15269295
49.64628221
49.19547169
38.84837089
49.68438036
49.95166247
49.99999936
49.99999793
46.85268385
46.41297363
44.38242681
43.86787697
44.76646588
43.97315635
44.62473075
49.51119297
48.69658804
46.80487077
48.61322682
46.715718
43.78645725
49.99999909
44.29348232
43.99776291
42.93824954
40.66399969
40.66792884
39.16186577
47.31081564
47.61543418
49.99999765
47.66599268
47.44018346
49.99999623
49.99999919
49.99999879
49.99999781
49.99999475
49.99999947
49.9999981
42.62134222
42.96152166
42.93467257
42.75612726
43.23427315
44.8446383
48.34318251
49.99999813
49.99999942
49.99999932
49.99999982
49.9999985
49.99999788
49.9999989
49.99999998
49.99999979
49.99999755
49.99999776
49.99999512
49.99999508
49.99999682
49.9999948
49.99999775
49.99999753
49.99999712
49.9999984
49.99999921
49.99999857
49.9999979
49.99999978
49.9999978
49.99999865
49.99999784
50
49.99999758
49.99999972
49.99999912
49.9999968
49.99999378
49.99999873
49.99999961
49.99999904
49.99999877
49.99999998
49.99999891
49.9999987
46.50257152
36.84291709
34.99962063
37.57751406
44.5900804
49.99999543
41.49834323
39.67909487
46.09070136
50
39.95526605
39.86092921
47.14474849
45.28657713
43.38275047
44.08537224
39.51758328
49.56513238
46.73367012
49.84238491
48.49842809
48.1056861
45.15005613
43.35606687
49.43382885
49.77040172
46.50176899
45.4570415
49.23708282
48.53415963
48.90184667
47.53701592
38.78160346
44.15359385
49.99999887
49.99999938
44.85264749
43.91458967
43.7950907
43.76572925
45.61665981
47.32096634
49.99999966
49.99999711
49.52802162
49.99999756
39.47496683
39.75122566
39.83110106
41.43700606
41.5330908
42.46521993
49.99999835
46.690079
39.2235658
47.49214248
44.05540501
38.96961779
42.88523662
49.99999988
37.34904147
34.75406443
36.03523106
49.99999965
43.66796166
49.999998
49.99999801
47.98266384
49.99999997
49.99999963
49.26547254
49.99999977
49.99999702
42.92468425
43.83106551
43.42298481
44.19974686
45.51070027
46.76585221
49.44630052
41.51514801
49.7609314
48.54065936
49.62790109
43.80929685
44.38749365
45.06731812
49.99999976
48.21758897
48.28878648
49.20430029
49.07812246
49.52296009
47.97126567
46.49512357
40.1335461
41.98304477
48.75669312
48.36323084
45.2326051
49.24426614
49.999998
49.99999945
49.99999988
46.87004078
48.22978452
49.9880154
49.99999651
45.69857578
47.0903131
44.59334686
45.62857674
46.00291991
49.17260414
45.25136253
42.47614815
43.06106831
49.99999607
44.0039061
49.99999948
45.88592914
49.99942543
0.5436060031
0.6120844526
0.6482589682
0.4830769408
0.6071813845
0.5324749642
0.3498116961
0.4147110332
0.457640154
0.6293405291
0.3606584305
0.398292816
0.5186905743
0.4806755446
0.4816401309
0.7617288938
0.416763652
0.5091784648
0.4118572728
0.683808822
0.508460076
0.5506061117
0.7112618322
0.4847693223
0.3735549915
0.7137522975
0.6763830432
0.3923012901
0.4358435595
0.52918982
0.3367022526
0.472956754
0.3755837126
0.5377633593
0.5204244784
0.4217777634
0.3908593114
0.6002816254
0.3958415317
0.7639983381
0.3325157658
0.6420997704
0.5133331662
0.4718735462
0.761188416
0.6364439645
0.5643867592
0.6200333003
0.6214634302
0.6001990115
0.5166608786
0.5861594303
0.6261728583
0.5431726958
0.5756040807
0.6191776296
0.6228626142
0.664865137
0.5448353645
0.5004029093
0.499166071
0.5832818842
0.5158391598
0.4846662407
0.5269977756
0.2550607709
0.6874595121
0.6809191413
0.6808518838
0.3559692155
0.3643595956
0.398140661
0.3941275784
0.4282746653
0.4876902563
0.4821366456
0.4916617934
0.4795054044
0.7210670514
0.8540064946
0.7856524651
0.7534387853
0.6663691589
0.5644658868
0.5138412658
0.5173652282
0.4863894699
0.4801294172
0.4979405607
0.5118683684
0.4907763655
0.4755664836
0.4495139303
0.4639210235
0.537837517
0.4612357266
0.4415687847
0.4297354962
0.426548994
0.4224133828
0.4123925041
0.3911135662
0.3729257432
0.3413194539
0.3169107121
0.3287822845
0.3727883239
0.4101110427
0.4322545479
0.7104563644
0.6652455572
0.7732491621
0.7198498954
0.6235596987
0.4777077459
0.4259760372
0.406900288
0.4615219559
0.452404686
0.4933427498
0.4804870003
0.4460447703
0.45563227
0.6167369586
0.5268743668
0.4761472335
0.4447844039
0.4412873044
0.4262270964
0.4084808617
0.3881101468
0.3543560617
0.3280510691
0.3278266073
0.3621353823
0.336402473
0.501152554
0.5043463789
0.4370573538
0.8335562142
0.6405673861
0.4110643246
0.5646978109
0.6076188837
0.4756728785
0.4649325984
0.430569075
0.5389754378
0.4801456033
0.5093941881
0.3133426569
0.3071544011
0.3243710784
0.7290984475
0.4223612118
0.4743248172
0.4831880234
0.5172000304
0.4658133677
0.4748356996
0.4378481546
0.3346302697
0.3429181597
0.3498105259
0.3642425018
0.357648497
0.5072944742
0.5092102403
0.4999401057
0.5017772961
0.4651667161
0.4402077428
0.4181152767
0.4081369934
0.3870043616
0.3858919232
0.3889473995
0.3781120817
0.3658604632
0.5319660112
0.574332267
0.5097562522
0.4012465724
0.7623186587
0.3435293606
0.4184782746
0.3363269966
0.6731864
0.6835941823
0.5935808442
0.5161546042
0.4178370235
0.3498795057
0.3375472539
0.3612743218
0.3859671301
0.5255912041
0.4092070575
0.4815216757
0.5228339746
0.5234508028
0.4937140998
0.4428681011
0.3839402858
0.3262443506
0.3995576522
0.392880257
0.3910788899
0.4758902823
0.520559884
0.3429115872
0.3533231248
0.3638251562
0.3654522237
0.386883932
0.3326117816
0.3233511431
0.4467151075
0.4343818306
0.5398571051
0.3959641269
0.4753849876
0.616378337
0.2062676164
0.2475637767
0.5629582046
0.3348114473
0.9507671349
1.169339532
0.2381853608
0.5681678002
0.5062703287
0.3666107767
1.332055122
0.5733835223
0.5507028454
0.4286718651
0.3341256124
0.2727915839
0.2402950196
0.2229361001
0.2395452625
0.3067249099
0.4800829042
0.373434935
0.3504871876
0.7286946318
0.4159354555
0.3434671816
0.4004141624
0.4078452932
1.032777199
0.5982494994
0.4289343508
0.4987734972
0.2749221376
0.4321282302
0.3953464847
0.3453780133
0.3308220312
0.5485380217
0.4349868369
0.3589673019
0.3387600772
9.887208278
10.25367559
0.3400566006
9.289083742
8.930688507
0.3767632126
0.3822687284
8.707598186
9.122098254
0.3768864025
9.587793507
9.258059128
0.5971495757
10.44618911
8.713622574
12.37209932
10.21769705
9.261752455
8.810033401
9.65767683
9.91749389
0.6920413252
8.849914907
9.213983936
8.953324294
8.860984191
8.881335559
9.130479403
8.922380888
9.338343539
8.939306336
8.768645925
9.38644011
9.972403168
9.04091311
0.3282527472
9.419228826
9.405707817
10.46067303
8.622391326
0.7362313885
9.409213284
8.540275868
0.3111503203
8.688789122
0.5573180401
8.934657166
8.692666372
9.265861766
8.974933466
9.511749264
0.7016252558
0.4904923872
9.080409526
9.800331936
9.026299049
10.33600325
8.854206682
9.192510449
0.3715807548
10.36663679
10.43893709
9.282749438
8.887565508
0.3367318999
9.863428862
9.278666429
0.631215323
0.3303485196
</DataArray>
<DataArray type="Float64" Name="velocity" NumberOfComponents="3" format="ascii">
1.681241418 25.92620175 0.0
1.136418245 26.26086843 0.0
1.10971418 26.22811189 0.0
1.173733327 -25.05378751 0.0
1.474985648 25.91229902 0.0
0.8249316917 -24.39986242 0.0
1.10025623 25.44373516 0.0
1.542971155 -26.23450607 0.0
1.017664467 25.1444294 0.0
0.6482020801 25.41819065 0.0
1.051642475 25.94137057 0.0
1.334036899 -26.0863138 0.0
1.335844372 -25.8670491 0.0
0.8349343128 26.00185224 0.0
0.8531330055 -25.94879135 0.0
1.631368675 25.92566778 0.0
0.9895953854 -24.25252183 0.0
1.419347563 25.95334902 0.0
0.9070283252 -25.50564851 0.0
0.802561197 -23.32474407 0.0
1.944903533 -23.95491488 0.0
0.9833454597 -24.72366586 0.0
0.9545835414 25.85950536 0.0
1.133200768 -26.27605674 0.0
1.44849117 -26.26666295 0.0
1.41425447 26.21824144 0.0
1.304322995 -25.641736 0.0
1.738274831 26.32873856 0.0
0.9577897181 -25.44325845 0.0
1.108549318 25.95461222 0.0
0.5774248678 -23.88520489 0.0
0.8950829122 -25.89382155 0.0
1.577100956 25.76541161 0.0
0.8477237646 21.89498392 0.0
1.851228326 -25.87013402 0.0
1.801462538 -25.62014785 0.0
0.5724928787 -22.30625812 0.0
-1.389977505 -6.153434181 0.0
0.4370992357 24.40836405 0.0
-0.8788727493 4.56233845 0.0
0.9811348242 25.87098982 0.0
1.267968549 26.07907581 0.0
-0.4522369884 -1.408425054 0.0
-1.430912347 -10.18311633 0.0
-0.7621072377 -7.877166658 0.0
10.99945633 15.21424211 0.0
12.18363632 19.4920621 0.0
9.170206733 11.26128918 0.0
5.780845811 7.059024236 0.0
-1.748632458 3.306440168 0.0
0.7484848208 -24.38751638 0.0
9.200789568 -18.21757201 0.0
6.162725854 -3.149117738 0.0
6.59400561 -4.187596273 0.0
2.39532875 -2.188540087 0.0
3.488628782 3.114344392 0.0
4.8136814 3.011711923 0.0
6.903433761 5.761294176 0.0
7.659593993 6.469155162 0.0
3.081454363 2.81471715 0.0
9.808661968 -11.35599086 0.0
3.938567766 -1.94994682 0.0
9.219834176 17.26312638 0.0
6.313753205 -5.336957851 0.0
11.42314985 10.29676788 0.0
0.9948731681 23.96175778 0.0
0.152793828 25.94332586 0.0
1.010823428 21.25398652 0.0
8.634027882 -7.122343503 0.0
4.919207682 -2.523831448 0.0
-2.054917263 12.37702946 0.0
11.01936485 -22.06759818 0.0
1.053536448 22.00385735 0.0
8.164654316 -6.217592594 0.0
-1.85929506 13.64699199 0.0
11.81936956 9.938698908 0.0
-0.8811917928 -5.396027357 0.0
6.642917213 -3.537647436 0.0
3.608900652 5.91190926 0.0
-0.07825406094 3.138023345 0.0
6.995296736 7.589670906 0.0
11.60228238 9.014323234 0.0
12.0399243 -13.99637989 0.0
1.305873989 25.92322377 0.0
3.147018531 -2.176938807 0.0
0.1085495293 2.50609928 0.0
5.227920015 -2.829585039 0.0
10.91461057 24.17923499 0.0
5.489319033 -3.538623909 0.0
10.12196609 -16.64719425 0.0
11.54753408 12.66228215 0.0
6.440310158 -4.5612431 0.0
6.052545622 5.519216004 0.0
6.202047395 4.707117979 0.0
-14.6163964 6.342945206 0.0
6.24446781 -6.759411108 0.0
1.238117898 1.768233763 0.0
5.79193659 3.407529566 0.0
2.472390471 2.32890286 0.0
9.705479724 -9.884620041 0.0
8.481302024 27.09932293 0.0
-2.057439238 12.35324236 0.0
12.48463572 -16.70657611 0.0
-1.495702508 -9.528972608 0.0
-2.188565438 1.329221515 0.0
-0.6518276829 4.017365571 0.0
7.477341084 -5.442999626 0.0
5.063630111 4.133562244 0.0
4.968257943 3.420945839 0.0
11.52650788 15.82492461 0.0
10.66476873 -12.76996206 0.0
8.904601764 -13.1702448 0.0
6.352172651 3.649216447 0.0
5.649006666 3.457938774 0.0
3.821224061 2.450202047 0.0
9.484615685 -8.525915316 0.0
6.259710133 -5.959140452 0.0
-7.068035593 -0.1571703196 0.0
5.952249517 6.129377716 0.0
10.34788143 -9.058300424 0.0
12.27975576 -10.48170698 0.0
2.007207749 4.097689347 0.0
0.5958424564 2.624267514 0.0
8.132488641 23.31519179 0.0
4.403173123 -4.806773423 0.0
-1.911316138 5.734047005 0.0
-0.4789894537 -10.73274021 0.0
10.21867951 14.28072875 0.0
11.62966824 -9.382722367 0.0
3.71716968 -2.268163736 0.0
-8.941325236 -1.052096092 0.0
4.753472483 -2.076669851 0.0
5.911847521 -3.032642653 0.0
4.625782905 2.338328577 0.0
6.227770626 4.344657839 0.0
10.6973598 21.9883858 0.0
11.22386794 19.65722985 0.0
11.86431816 -20.20659096 0.0
11.84218666 -19.65614132 0.0
2.194680675 -2.963599443 0.0
0.9861076693 24.01843038 0.0
9.103468988 -7.82260909 0.0
9.570439074 9.125033611 0.0
1.166266622 25.50403379 0.0
12.68716383 16.88176378 0.0
0.05933682833 -24.70637478 0.0
0.3867066612 25.41793307 0.0
8.463668596 28.88022246 0.0
1.593479838 -24.12453966 0.0
1.253780265 25.65826504 0.0
1.308463242 -25.16762292 0.0
11.61222536 22.03378865 0.0
10.19035296 9.453308673 0.0
0.6338972091 25.3093114 0.0
1.160675885 -23.93979612 0.0
4.982610833 -25.71082257 0.0
-29.72281724 -1.512111611 0.0
12.19630567 -21.21751126 0.0
8.042493605 -9.423155914 0.0
0.9426877565 25.4402802 0.0
0.3641724679 25.35129711 0.0
10.98644225 24.48281975 0.0
11.45864615 25.28605778 0.0
10.19552438 24.31300761 0.0
0.2457034205 -24.42603158 0.0
9.488864613 -23.30928433 0.0
0.2259529117 25.82464912 0.0
0.2443058951 25.38390027 0.0
1.219143219 24.90016882 0.0
0.3758690042 -24.3235335 0.0
-0.1827975341 -24.78423586 0.0
1.908194056 -8.409917776 0.0
2.980468534 -7.98610753 0.0
4.349038962 -7.688971664 0.0
5.647129343 -7.578552755 0.0
7.055983518 -7.235316046 0.0
8.499933683 -6.874975734 0.0
9.765408164 -7.07881303 0.0
10.48819755 -8.109107981 0.0
11.2656071 -8.993300513 0.0
12.04389984 -10.42625125 0.0
12.69224899 -11.8279834 0.0
13.3257865 -13.22274334 0.0
14.07368896 -14.12411703 0.0
13.66861859 -14.84709167 0.0
11.55034591 -17.72298931 0.0
11.80829812 -19.49155605 0.0
12.55794238 -21.00077896 0.0
12.25651749 -22.42834935 0.0
11.66116335 -20.47846556 0.0
5.850898268 -12.73025545 0.0
0.5199978002 -0.8990512184 0.0
-0.6274913429 11.27765437 0.0
-2.518811502 13.61321188 0.0
-4.711889385 0.1055051682 0.0
-16.23418609 -2.720508848 0.0
-1.219579064 -8.55626364 0.0
0.5957524733 -3.544012669 0.0
6.017289461 12.86253406 0.0
9.952941309 23.97551954 0.0
10.51982145 25.47626767 0.0
10.71991883 23.74706653 0.0
11.72754792 21.67538938 0.0
11.13209621 20.63573726 0.0
10.77756562 19.10945121 0.0
13.91992556 16.01885739 0.0
14.09742046 15.31940394 0.0
13.11453237 14.19480022 0.0
12.38974717 13.14696267 0.0
11.82638444 11.80245642 0.0
11.24659033 10.43500961 0.0
8.372064437 8.14280328 0.0
9.74238674 12.89231711 0.0
8.9690498 7.641408049 0.0
7.793062484 7.671063463 0.0
6.337954093 8.499567182 0.0
5.058026502 9.285175401 0.0
3.838077064 9.91941748 0.0
2.508341397 10.56695087 0.0
1.329148647 12.3076478 0.0
0.1645170658 11.07585743 0.0
-1.075953573 11.25139399 0.0
2.059650286 -17.26719615 0.0
2.442459106 -16.38019055 0.0
3.081387517 -15.74635856 0.0
3.823781903 -15.12655929 0.0
4.977570652 -14.16604824 0.0
6.484861731 -13.14761396 0.0
8.011403498 -12.38432105 0.0
9.53145626 -11.98127761 0.0
10.76799168 -12.41386166 0.0
11.61677145 -13.40162949 0.0
12.69222416 -14.08215636 0.0
13.56660166 -15.42787981 0.0
14.07547615 -16.30240095 0.0
14.43376834 -17.44432726 0.0
14.74238474 -18.53377683 0.0
14.8280899 -19.61632987 0.0
12.90288722 -21.63634396 0.0
11.40453697 -23.17260973 0.0
11.61563835 -22.13768816 0.0
10.22394579 -15.76335404 0.0
4.599701394 -2.916759052 0.0
-0.07073990704 9.354199907 0.0
-2.021722827 11.3510895 0.0
-11.72662356 -0.4337520381 0.0
-16.94393135 -8.917082094 0.0
-0.1229983284 -1.577999052 0.0
3.288164242 2.583493828 0.0
8.309592944 17.17995218 0.0
9.757919311 24.78443133 0.0
8.708913969 26.3881687 0.0
9.925499401 24.14894612 0.0
11.25576649 22.36537308 0.0
13.67505637 20.59195453 0.0
14.18980845 19.02302595 0.0
13.64290048 18.47867787 0.0
13.3471357 17.3699313 0.0
12.86852454 16.44965142 0.0
12.37096024 15.24610594 0.0
11.61508708 14.09696256 0.0
10.63391023 13.55470487 0.0
8.166756905 7.23267706 0.0
4.494253951 20.5881583 0.0
6.631888853 14.29729712 0.0
5.222360067 15.66524896 0.0
3.959046163 17.24835822 0.0
3.056027852 18.26810294 0.0
2.243618554 19.14454711 0.0
1.211390287 20.10399494 0.0
0.292456471 21.4317414 0.0
-0.1927442208 19.94586037 0.0
-0.3628103746 19.91755634 0.0
-17.45363285 3.315564509 0.0
1.40490594 -22.89606037 0.0
1.383005111 -22.70295693 0.0
1.207197885 -22.45635384 0.0
0.9874857983 -22.01975113 0.0
1.059526094 -21.28198856 0.0
1.48216868 -20.23196621 0.0
2.79076839 -19.30819972 0.0
4.376865588 -18.90876651 0.0
6.033488268 -18.75176933 0.0
7.838002345 -18.5737296 0.0
9.443916193 -18.56628814 0.0
10.60406586 -18.82824297 0.0
11.82560002 -18.92055252 0.0
12.08822132 -20.10618677 0.0
13.59098308 -22.09913179 0.0
12.89785803 -22.94649338 0.0
12.64336575 -22.67770711 0.0
10.08082878 -18.38285761 0.0
5.314302661 -6.621892259 0.0
1.648933421 7.29607501 0.0
-1.931446367 3.822952375 0.0
-26.75406764 -2.549775898 0.0
-16.86969227 -10.16920776 0.0
-1.045618832 3.71837327 0.0
5.767407552 9.326311249 0.0
10.14163628 19.7120552 0.0
10.69468318 25.2778449 0.0
8.632012556 25.9840228 0.0
11.14879232 24.06535773 0.0
12.60775756 22.92131822 0.0
12.68343036 22.31960895 0.0
12.20009328 21.98408002 0.0
11.51147474 20.87107543 0.0
11.13285966 19.93014421 0.0
9.239457237 18.95047107 0.0
7.963952716 19.11844538 0.0
6.246077293 19.81823532 0.0
9.835623163 8.356664175 0.0
1.068108672 24.71142515 0.0
2.110513983 22.47046145 0.0
1.779623537 23.56907984 0.0
1.550041373 24.4156174 0.0
1.35796414 24.62911425 0.0
1.099897634 24.79909721 0.0
0.9968911654 24.88514926 0.0
0.8530819616 25.08901763 0.0
0.7380659783 24.38835654 0.0
0.8533623749 24.04939875 0.0
-17.28235127 6.945167379 0.0
1.26240512 -24.88357599 0.0
1.120951519 -24.5692869 0.0
0.8265970573 -24.32072142 0.0
-0.1952241633 -23.82773687 0.0
-0.2312077082 -24.07961031 0.0
0.03617923243 -24.13272941 0.0
0.9905504627 -22.71873333 0.0
1.740524887 -23.05389122 0.0
3.249570286 -23.5013473 0.0
7.804932166 -23.61853236 0.0
11.0957117 -23.04920307 0.0
11.49630257 -23.12008741 0.0
12.06012224 -24.08649037 0.0
12.73064536 -24.37380991 0.0
14.13638925 -20.71968573 0.0
11.77517966 -14.52632239 0.0
4.135351222 -2.033392371 0.0
-2.280800502 -3.254301214 0.0
-30.7305005 -2.485929613 0.0
-16.37075602 -10.5463594 0.0
8.514372805 13.83397646 0.0
10.24842934 21.84350089 0.0
9.964760088 25.09381176 0.0
11.51475369 25.49736043 0.0
10.59839476 23.41728407 0.0
9.47211512 23.57779653 0.0
7.866605932 23.684105 0.0
5.908389425 24.04712856 0.0
3.521780249 23.97000642 0.0
1.853996341 23.9087924 0.0
1.381812771 24.10695563 0.0
1.141402865 24.46793056 0.0
8.208920442 13.27001711 0.0
0.7418094016 25.34013724 0.0
1.073994716 25.87605829 0.0
1.168940993 25.96949717 0.0
1.210853066 25.73950702 0.0
1.036037027 25.11501731 0.0
1.002648771 24.48290221 0.0
1.082616939 23.76171885 0.0
1.289263204 23.12701929 0.0
1.267081513 22.72835195 0.0
-17.76712395 7.929930708 0.0
-30.20755975 -2.211964771 0.0
0.875135325 -24.80721061 0.0
-0.37024293 -24.60082516 0.0
-0.7344998828 -24.73457945 0.0
-0.4612498348 -24.68516566 0.0
12.55998821 -20.94570145 0.0
13.22443756 -21.6981815 0.0
5.011849352 -25.17423196 0.0
11.11794206 -26.16271642 0.0
13.28926635 -25.02613786 0.0
10.67070993 -19.64177335 0.0
-2.148962364 -9.785829171 0.0
-16.36607772 -10.89657212 0.0
10.31565265 17.76040354 0.0
12.49711472 23.85460842 0.0
10.6128144 25.44153769 0.0
5.878405629 26.44512844 0.0
2.566216277 25.1143234 0.0
10.58413062 19.01591887 0.0
2.906775842 21.41243666 0.0
1.195138622 25.96896449 0.0
1.250729003 25.82849844 0.0
1.004869887 25.05578677 0.0
1.018029099 22.77825365 0.0
-0.7973458505 -24.94535795 0.0
-0.6093429561 -24.50967091 0.0
-29.98558551 -1.782322216 0.0
-16.8561936 8.797102619 0.0
0.8304120994 6.042076327 0.0
9.064631596 26.97336014 0.0
8.583346529 26.40560964 0.0
0.4442701996 25.21058606 0.0
0.4031538898 -24.03532749 0.0
-0.003850694475 -23.95240694 0.0
0.4308137915 -24.05403024 0.0
0.4430643382 -23.72635319 0.0
-0.8029942734 -24.89163504 0.0
-0.3487407992 -24.64080684 0.0
5.381729278 -23.77044967 0.0
1.43319912 -23.57183303 0.0
2.502049158 -23.93555278 0.0
0.8023872591 -24.24809779 0.0
10.27064974 -25.6869214 0.0
8.7714188 -26.96243746 0.0
9.875993605 -25.49525801 0.0
-1.226066512 -17.12325843 0.0
0.7820763501 10.86927657 0.0
10.85847289 27.52754688 0.0
9.898066548 27.29524844 0.0
7.452473331 26.32489997 0.0
0.6989745597 25.45230766 0.0
0.4264660388 25.4649466 0.0
0.3412124591 25.42343636 0.0
0.6668098262 25.39249886 0.0
0.9628922791 25.48469444 0.0
1.037505629 25.88052471 0.0
1.238235566 25.94283039 0.0
1.240442806 25.85829304 0.0
1.147331768 25.31897949 0.0
0.9388301478 21.79270698 0.0
0.4571467061 -24.48370987 0.0
0.6329459872 -24.13593949 0.0
1.721135606 -23.83623593 0.0
9.033449617 -25.72751876 0.0
3.471650286 -24.945228 0.0
-16.13126119 9.780729174 0.0
0.206924718 25.65087925 0.0
0.8161135703 25.37408162 0.0
1.116145996 25.52201062 0.0
1.281562421 25.98197647 0.0
1.316850963 25.77483393 0.0
1.144500594 25.48884979 0.0
0.9644607597 23.94133 0.0
0.8346148915 21.30713404 0.0
1.292181092 -25.36306994 0.0
1.175642437 -25.06979676 0.0
1.288311976 -25.12228023 0.0
0.8826432441 -24.59665493 0.0
0.003350799093 -24.52332845 0.0
0.4785694641 -24.21518769 0.0
-0.3080104655 -24.04907347 0.0
-0.4194324473 -24.43789477 0.0
-0.1474956401 -24.75741485 0.0
-0.04139491221 -24.86128533 0.0
0.3024666867 -24.41098504 0.0
7.834081375 -25.74865621 0.0
6.880302271 -26.2351245 0.0
0.9099619642 -23.99755472 0.0
9.675882708 -27.20771889 0.0
3.323665453 -20.24445364 0.0
4.344346087 17.1099966 0.0
6.501701024 27.53255936 0.0
4.061687741 26.62696854 0.0
0.998903375 25.46060588 0.0
0.1995641846 25.54964152 0.0
1.017248875 24.62497054 0.0
0.1762776145 25.53850103 0.0
0.5484049525 25.32333048 0.0
0.8587275401 25.69926585 0.0
1.323515479 25.79261995 0.0
1.249921296 25.70754912 0.0
1.141081682 25.44586134 0.0
0.9742916828 25.0338945 0.0
0.9884758948 22.64023783 0.0
0.9929349749 21.72943209 0.0
1.253122724 -25.13131782 0.0
-0.4432308159 -23.87756542 0.0
0.2644411177 -24.09669008 0.0
-0.4462718334 -23.98330334 0.0
-0.2473041621 -23.83070032 0.0
0.08321788138 -24.15615683 0.0
0.5779576833 -24.54497071 0.0
-16.61240606 -10.48959167 0.0
-15.65109277 10.76029727 0.0
13.62124357 21.97591062 0.0
7.790173857 28.14472203 0.0
5.031783266 27.77129382 0.0
0.3173930157 25.82940928 0.0
0.2987003357 25.79968048 0.0
0.5074914181 25.53187925 0.0
0.9791104881 25.38449347 0.0
1.152973847 25.39888308 0.0
1.325412088 25.73289483 0.0
0.8806349114 21.28188585 0.0
1.203979509 -24.94729026 0.0
0.8421989133 -24.45579239 0.0
0.7866480544 -24.42339802 0.0
0.04953186259 -24.07435421 0.0
-0.2328218501 -23.74491914 0.0
-0.2795496849 -23.69453755 0.0
-0.1754422057 -24.05277094 0.0
-0.1165920879 -23.98081671 0.0
-0.03984214383 -24.25247496 0.0
0.3051696807 -24.53812182 0.0
0.3795894739 -24.80289629 0.0
0.7120886077 -24.35887504 0.0
0.5414071329 -24.55529679 0.0
0.6064640681 -24.25992577 0.0
0.7363083893 -23.89513315 0.0
0.8289287402 -23.83705858 0.0
8.785979636 -27.15375883 0.0
-0.2888261474 -19.99448112 0.0
-29.41271051 -1.374236699 0.0
-17.17974412 -9.032718906 0.0
9.845416431 28.14841051 0.0
1.304000744 25.36879384 0.0
0.4613219858 25.5893841 0.0
1.410409603 25.3053084 0.0
0.2436935233 26.10154874 0.0
0.2396235987 25.73033653 0.0
0.2824921418 25.7360343 0.0
0.3259548399 25.61716329 0.0
0.3267922571 25.60287643 0.0
0.2280697644 25.68819667 0.0
0.4953305596 25.36141385 0.0
0.6650237715 25.28622545 0.0
0.7807071493 25.26177212 0.0
1.010875081 25.28619963 0.0
1.269819002 25.55714694 0.0
1.250961584 25.56621395 0.0
1.324228937 25.70366524 0.0
1.328055443 25.74859831 0.0
1.256247315 25.67033442 0.0
0.9567485073 25.04561361 0.0
0.9613429774 23.94369738 0.0
1.020167033 22.64624976 0.0
1.026076317 21.72516824 0.0
1.085701209 -24.05171215 0.0
9.016901918 -26.61562921 0.0
5.79549862 -26.82373642 0.0
-15.93542587 9.914187381 0.0
-28.96066222 -1.393082384 0.0
6.784641438 28.82839838 0.0
1.142972058 25.44816418 0.0
0.9401405137 21.31341501 0.0
1.183155815 -24.87602807 0.0
0.7142408027 -24.44930235 0.0
0.03721588214 -23.8192656 0.0
0.3567724332 -24.05383757 0.0
-0.2418675765 -23.75808243 0.0
-0.2946296611 -23.74895303 0.0
-0.2576041493 -23.85700206 0.0
-0.05366650644 -24.03698598 0.0
0.1399022576 -24.41286814 0.0
0.5670378361 -24.37243245 0.0
0.4103336349 -24.75017147 0.0
0.8419830845 -24.15358638 0.0
1.725974521 -23.58089059 0.0
1.747671684 -24.04623665 0.0
5.009316559 -26.76628954 0.0
2.674768999 -25.80040821 0.0
-3.058911119 -17.97301535 0.0
-17.35410977 -7.915160188 0.0
1.904586992 22.00773076 0.0
2.696922679 28.05349143 0.0
4.742316167 28.58071952 0.0
1.337126579 25.94651408 0.0
0.3158159208 26.17910753 0.0
0.305150565 25.68012103 0.0
0.2035782806 26.18390009 0.0
0.2886883175 25.87120291 0.0
0.3011362199 25.69797888 0.0
0.2916187218 25.61401922 0.0
0.3544073294 25.38804437 0.0
0.4845766781 25.27216604 0.0
0.8335491021 25.27892929 0.0
0.6196900208 25.24941641 0.0
0.7060029118 25.28838589 0.0
0.9568367858 25.31117358 0.0
1.120690242 25.41603415 0.0
1.219083811 25.57780553 0.0
1.321959639 25.71073475 0.0
1.322056283 25.77612619 0.0
1.260096465 25.67677574 0.0
1.143456278 25.46461322 0.0
0.9448242522 25.0599203 0.0
1.001676822 22.66226635 0.0
0.9641386531 23.92671099 0.0
1.037127096 22.62646582 0.0
1.050628137 21.70261022 0.0
0.9153210147 21.31808765 0.0
0.9795183925 -24.13709508 0.0
0.8014344288 -24.28063666 0.0
-28.44439259 -1.33495875 0.0
-1.320196169 20.44141727 0.0
-16.17286677 8.62090774 0.0
1.15646901 -24.86451427 0.0
1.227311372 -25.14798484 0.0
0.615084217 -24.47829366 0.0
-0.02003647699 -23.82605751 0.0
-0.1531561023 -23.94892921 0.0
-0.2770834175 -23.8273307 0.0
-0.3139867685 -23.77520571 0.0
-0.2363355491 -23.86970103 0.0
0.2870035952 -24.29602054 0.0
0.4758035031 -24.39721773 0.0
0.6731468885 -24.35863624 0.0
0.6489125214 -24.50301213 0.0
0.9235486556 -24.20556425 0.0
0.9915839365 -24.08467241 0.0
1.152742079 -23.94488639 0.0
1.060792812 -23.62514946 0.0
1.01735748 -24.04803056 0.0
1.239694523 -24.11148038 0.0
1.880941962 -25.09480617 0.0
0.5797849188 -24.18259095 0.0
-4.480005414 -16.70602225 0.0
-15.9920023 7.286485805 0.0
-3.376730978 19.27924981 0.0
0.3787676333 26.16394077 0.0
1.482697844 27.15833544 0.0
0.5124576191 26.31503544 0.0
0.2292992564 26.35872895 0.0
0.262029919 25.92256484 0.0
0.2713650853 25.9728622 0.0
0.3006735261 25.71328481 0.0
0.2673504204 25.87104495 0.0
0.3265518935 25.47418011 0.0
0.4164842434 25.31108481 0.0
0.3427999592 25.35422961 0.0
0.5479665531 25.27435765 0.0
0.6237164342 25.31589029 0.0
0.8858654948 25.34451402 0.0
1.067564448 25.44175817 0.0
1.180853978 25.57034422 0.0
1.310564437 25.7153386 0.0
1.258980183 25.69268153 0.0
1.260262824 25.69660543 0.0
1.14582043 25.48396889 0.0
0.9357522684 25.065438 0.0
0.966538626 23.91403493 0.0
1.054333146 22.61128069 0.0
1.063153694 21.66404886 0.0
0.9723559896 21.28464006 0.0
-0.02889862171 -23.89582465 0.0
0.1634277246 -24.20598034 0.0
-17.29230734 -7.280323626 0.0
-17.02330441 -6.830372999 0.0
-27.89605602 -1.231012467 0.0
-16.12433336 7.881207277 0.0
0.3630676619 25.36173237 0.0
1.127580442 -24.86975653 0.0
1.213467749 -25.19426983 0.0
-0.09202464965 -23.89332834 0.0
-0.2721502303 -23.78963224 0.0
-0.2826365254 -23.76521716 0.0
-0.150246664 -23.88417059 0.0
0.05161154855 -24.07924663 0.0
0.2709599535 -24.24784577 0.0
0.4828891042 -24.34666615 0.0
0.8302363414 -24.2922886 0.0
0.836871809 -24.29060621 0.0
1.062282397 -24.08664503 0.0
1.123685942 -24.00175362 0.0
1.438841862 -24.24466251 0.0
1.599325655 -24.65737698 0.0
0.4266286268 -23.13112837 0.0
-4.523418021 -16.23855609 0.0
-4.187783398 18.09146474 0.0
0.5923235057 26.97654448 0.0
0.3266116457 26.60712097 0.0
0.2560604453 26.02786627 0.0
0.1958097436 26.13709195 0.0
0.2714520941 25.74813216 0.0
0.2252200455 25.95046912 0.0
0.2319967914 25.69067315 0.0
0.2454886346 25.5582134 0.0
0.4286145074 25.29747739 0.0
0.2753339758 25.43808121 0.0
0.252348074 25.41047203 0.0
0.4609380862 25.31357595 0.0
0.5294186741 25.34026051 0.0
0.8141357841 25.3586592 0.0
1.011041474 25.4442214 0.0
1.29784307 25.77855902 0.0
1.256829315 25.71458553 0.0
0.9261022528 25.04906867 0.0
0.9750561934 23.93517748 0.0
1.072603417 21.62857613 0.0
0.1633929363 -24.12066095 0.0
0.8168750239 -24.30836801 0.0
1.091913378 -24.09909948 0.0
0.9679739753 -24.18914987 0.0
1.17522987 -24.04321938 0.0
1.392748601 -23.79488783 0.0
-27.25839196 -1.066924514 0.0
0.2180264144 26.13798563 0.0
1.289202442 25.70574887 0.0
1.079196456 -24.87593822 0.0
1.170225244 -25.1907328 0.0
0.4929150317 -24.4962652 0.0
0.06354053645 -24.12902915 0.0
-0.293325983 -23.84382919 0.0
-0.1908258821 -23.96794969 0.0
0.1911560459 -24.09665191 0.0
0.4174147872 -24.25302057 0.0
0.6299533359 -24.32659254 0.0
0.9854236611 -24.21949752 0.0
0.9718486184 -24.21826695 0.0
1.296354717 -23.88055859 0.0
1.240994818 -23.90208893 0.0
1.305367056 -23.84418846 0.0
1.322669901 -24.16950468 0.0
1.337192556 -23.95077927 0.0
1.56703151 -24.22098517 0.0
1.40556969 -24.4567408 0.0
0.3321131474 26.92639893 0.0
0.2660734567 26.6976658 0.0
0.2057102038 26.38823015 0.0
0.1884328733 26.2402653 0.0
0.2246487131 26.06952892 0.0
0.1756664463 26.01687026 0.0
0.1783056291 25.78552304 0.0
0.180389869 25.65137022 0.0
0.1970513331 25.51063462 0.0
0.7301861417 25.36802234 0.0
1.13198478 25.55727427 0.0
1.312335634 25.78171559 0.0
1.152532399 25.6700467 0.0
0.9177393593 25.03156298 0.0
1.202599917 -25.20985395 0.0
0.3628168792 -24.10589162 0.0
-0.09902356765 -23.66007074 0.0
-15.28671858 -5.764778605 0.0
-16.62356607 -6.442196616 0.0
-26.48877336 -0.8439576481 0.0
-25.54832609 -0.5414378654 0.0
-15.77020734 6.878925715 0.0
-0.07981222667 25.54872472 0.0
0.2039411584 26.21582126 0.0
0.1978410145 26.03839071 0.0
0.1876205778 25.91893204 0.0
0.1672471355 25.47296788 0.0
1.144794213 25.49601588 0.0
1.068762729 22.58795369 0.0
1.080657765 22.56671958 0.0
1.080104605 21.59489327 0.0
0.9977638025 -24.88032772 0.0
0.7208933777 -24.90319919 0.0
0.3541312986 -24.51275112 0.0
-0.02416246827 -24.13949944 0.0
-0.2046941185 -23.94478259 0.0
-0.2039241 -23.7357906 0.0
-0.08416862143 -23.73681189 0.0
0.1240076781 -23.91362164 0.0
0.5683490991 -24.11033225 0.0
0.596683227 -24.23808921 0.0
0.8074080593 -24.27429304 0.0
1.158868971 -24.10195928 0.0
1.122034919 -24.10503493 0.0
1.179082956 -23.98708412 0.0
1.223369657 -23.98245674 0.0
1.410010078 -23.78569998 0.0
1.28165923 -23.8480711 0.0
1.351350782 -23.82143849 0.0
1.492847993 -23.7960178 0.0
1.42826198 -23.81582779 0.0
1.476291827 -23.94863159 0.0
-4.22288367 -16.07850433 0.0
-3.840472343 -15.81326259 0.0
-3.985922281 17.90564659 0.0
-3.830417519 17.82798166 0.0
-0.1219053686 24.33265087 0.0
0.2349599564 26.4282106 0.0
0.190326755 26.20529414 0.0
0.1940354812 26.27669927 0.0
0.250571572 26.25883822 0.0
0.1990977859 26.14011837 0.0
0.151228352 25.88061858 0.0
0.1610935966 26.00116456 0.0
0.1361238577 25.74325606 0.0
0.1357339911 25.59204127 0.0
0.2597611838 25.39302783 0.0
0.418379423 25.37061701 0.0
0.7376085131 25.45936137 0.0
1.065023675 25.54846194 0.0
1.215897908 25.68047508 0.0
1.252155314 25.72295661 0.0
1.216894512 25.7367809 0.0
1.137297895 25.51490581 0.0
0.918138186 25.0467388 0.0
1.020638319 23.97720877 0.0
1.090362624 22.55061337 0.0
1.087366354 21.55501546 0.0
1.046156779 21.21914833 0.0
0.7199288878 -22.76976215 0.0
0.8401428118 -22.83586491 0.0
1.760680614 -24.53111821 0.0
-16.06858813 -6.119546568 0.0
-24.41435642 -0.1462422073 0.0
-15.11921747 6.503749618 0.0
-15.50845053 6.645220584 0.0
0.2861739315 26.72856452 0.0
0.1735504613 26.67204557 0.0
0.8816235142 -24.88608514 0.0
1.099987087 -25.19824506 0.0
0.5173053592 -24.93022285 0.0
0.2070065845 -24.52887941 0.0
-0.07943839107 -24.16411927 0.0
-0.2081297017 -23.72222785 0.0
-0.1692104668 -23.88360764 0.0
0.07609444103 -23.6172399 0.0
0.07925048765 -23.73924655 0.0
0.3160284353 -23.93130293 0.0
0.8022278157 -24.10445878 0.0
0.8010789174 -24.20960874 0.0
0.9996106803 -24.19507058 0.0
1.271785313 -23.96271238 0.0
1.352605531 -23.85606794 0.0
1.496924269 -23.75973398 0.0
1.45544761 -23.77259364 0.0
1.529459635 -23.85546328 0.0
1.581502468 -24.00899859 0.0
1.754270783 -24.29188374 0.0
-2.903379596 -15.42826364 0.0
-3.402462905 -15.59433125 0.0
-0.1919688803 24.95535386 0.0
-3.624633768 17.42589097 0.0
0.2288518952 26.3045288 0.0
0.4414093394 26.68643807 0.0
0.2847204016 26.44580931 0.0
0.1899887165 26.24619237 0.0
0.2486886942 26.28963061 0.0
0.3548057405 26.2627727 0.0
0.2350231686 26.21349209 0.0
0.2039496081 26.12418917 0.0
0.2204306518 26.07803199 0.0
0.1207023293 25.83771859 0.0
0.09883643094 25.67616162 0.0
0.09573978789 25.55767941 0.0
0.1553739821 25.44682476 0.0
0.6249393724 25.38578847 0.0
0.2939390837 25.4106043 0.0
0.8529386542 25.44408825 0.0
0.5978647885 25.48578876 0.0
0.9730104088 25.54710358 0.0
1.274001461 25.77595857 0.0
1.244572443 25.72143584 0.0
1.175361116 25.7614967 0.0
1.124973948 25.5469444 0.0
0.9372315437 25.07594912 0.0
1.052551066 23.98856969 0.0
1.092312182 22.5218221 0.0
1.093716772 21.51028836 0.0
1.071734822 21.1804695 0.0
0.9730111321 -25.28332129 0.0
-0.09862387083 -24.13062548 0.0
-0.06865132652 -23.75257325 0.0
0.2936232648 -23.74449451 0.0
0.5499128415 -23.94586938 0.0
1.31464817 -23.96570881 0.0
1.39775133 -23.81978424 0.0
1.453538607 -23.75948971 0.0
1.568803348 -23.8675662 0.0
1.60947596 -23.97914482 0.0
1.675007609 -24.31045336 0.0
1.667787553 -24.1823072 0.0
1.828404644 -24.57334654 0.0
0.9282873044 -23.17106187 0.0
-23.05637141 0.3337027022 0.0
-0.1199171282 23.77228073 0.0
0.3202637995 26.70070134 0.0
0.4073951339 26.13823655 0.0
0.38686048 26.41481902 0.0
0.247248333 26.26726019 0.0
0.3578008913 26.26260213 0.0
0.3306293152 26.23629618 0.0
0.2833987309 26.17547684 0.0
0.05839013693 25.633547 0.0
0.06830993419 25.52716108 0.0
0.4979476409 25.41430048 0.0
0.1690878652 25.45821487 0.0
0.8511937172 25.55495329 0.0
1.235746088 25.77097051 0.0
1.060023566 25.66422027 0.0
1.104943849 25.58221083 0.0
0.9646955427 25.10577596 0.0
1.098836047 24.01430762 0.0
1.100102427 21.46274279 0.0
1.088158667 21.14438911 0.0
1.533087835 -23.79104197 0.0
-3.52981642 16.66211405 0.0
0.09327143367 25.78859956 0.0
0.07542687159 -24.53526186 0.0
1.016699048 -24.16136038 0.0
1.186934626 -24.08376985 0.0
-14.2300786 -5.34318216 0.0
0.3572167334 26.25489288 0.0
0.3563728734 25.45028013 0.0
1.17180399 25.76458478 0.0
0.9270866135 -25.90362528 0.0
1.10632399 25.96114608 0.0
0.9582116516 -25.34648137 0.0
1.103229338 25.30842353 0.0
1.662075715 25.77640542 0.0
1.245487683 25.86962369 0.0
1.75348596 26.00737723 0.0
1.242444714 26.23874357 0.0
1.134112925 25.83055035 0.0
1.079290917 25.95272169 0.0
1.573386458 -25.65296152 0.0
1.412244469 -23.47075129 0.0
1.48821819 -24.54472808 0.0
0.4821329656 -25.63882576 0.0
1.75210116 25.94785929 0.0
1.1708366 -24.68758392 0.0
1.055426334 -23.39959661 0.0
1.148570541 25.78474599 0.0
1.118543648 25.80748357 0.0
1.794794454 -26.20854109 0.0
1.441389542 -26.19057539 0.0
1.765090971 -25.95095795 0.0
1.459835367 -25.81763827 0.0
1.859196597 -26.03007442 0.0
2.402922277 -25.73731421 0.0
2.564564099 -25.49224647 0.0
1.62414725 -25.76468354 0.0
0.9349852669 25.41766765 0.0
2.202257184 25.14237692 0.0
1.684720154 25.75509728 0.0
1.987314175 25.8331384 0.0
1.523439797 25.92438665 0.0
0.9624586808 24.96373045 0.0
1.397397885 25.74677834 0.0
1.041936005 26.18721299 0.0
1.134354797 25.87921219 0.0
1.131820573 25.77054775 0.0
1.372759834 25.83861478 0.0
0.9012933091 25.8763007 0.0
1.478064923 -25.96547086 0.0
1.025681015 -25.72101269 0.0
0.8792698041 -25.75658253 0.0
0.6337973693 -25.23111917 0.0
0.771716237 -25.46759225 0.0
0.3007296271 -25.73732776 0.0
1.30248053 -23.44880482 0.0
1.474407982 -23.36859119 0.0
1.539042462 -24.96527343 0.0
1.878006653 -25.24965271 0.0
1.523935015 -26.06019135 0.0
1.582840565 -26.15886291 0.0
0.7899486989 -26.36540802 0.0
1.467421955 -25.77015929 0.0
1.384429114 -26.23472381 0.0
1.172269799 -26.51622438 0.0
1.079605132 26.02189904 0.0
1.232013034 26.31459354 0.0
1.415358982 26.28127485 0.0
0.3393754861 -25.71281307 0.0
0.8999227342 -25.06041785 0.0
0.6941757545 -25.40349377 0.0
1.553841375 26.07425413 0.0
1.666917865 25.94241873 0.0
1.391278878 -25.49407216 0.0
1.492797641 -25.99119739 0.0
1.070578752 25.83140891 0.0
1.096630725 25.85486443 0.0
1.097794813 26.26093102 0.0
0.9138285378 -25.71153505 0.0
1.514158225 25.97788282 0.0
1.590595022 25.81900981 0.0
1.185105606 25.3688378 0.0
0.6131508141 -23.63986435 0.0
0.7940079367 -23.49979972 0.0
0.92001452 -24.26913275 0.0
0.8682616305 25.80108848 0.0
0.9229206228 25.95790656 0.0
1.041655393 25.96861133 0.0
1.024003278 25.93515883 0.0
0.7224415507 -26.34150039 0.0
1.013524931 25.90265597 0.0
1.019718288 25.8814989 0.0
0.9914065118 25.8484833 0.0
1.357534878 -26.30537621 0.0
1.286596966 -26.45588414 0.0
1.784908265 -25.93805943 0.0
1.235305321 25.44713022 0.0
1.979139293 -26.26958873 0.0
1.397414661 25.96072885 0.0
0.5034078684 25.9410365 0.0
1.138972048 25.99378962 0.0
0.8950677338 25.84794901 0.0
1.057182225 25.89334671 0.0
1.494888924 25.80380789 0.0
1.122729919 25.81548824 0.0
1.08431109 26.34795256 0.0
0.84725517 26.15872044 0.0
1.717853885 25.945996 0.0
1.302113491 25.68752499 0.0
1.635562103 25.98242026 0.0
1.717177481 25.76729385 0.0
1.815258586 25.79477883 0.0
1.008350023 25.24322343 0.0
0.9838271941 25.18441141 0.0
0.9558772904 24.79446666 0.0
0.9427196727 24.5924794 0.0
1.29781613 25.41214527 0.0
1.394683736 25.45660519 0.0
1.845917653 25.83455389 0.0
1.314262327 26.0183968 0.0
1.988622122 25.86221726 0.0
2.310789394 25.16297162 0.0
1.903294835 25.75738169 0.0
2.007529842 25.0777806 0.0
1.605263624 24.66940654 0.0
1.050450787 25.39710628 0.0
1.805100324 -22.75089964 0.0
1.719559694 -23.4722834 0.0
0.770523429 -23.35317355 0.0
0.4206836169 -23.61718953 0.0
1.000105318 -25.8483175 0.0
0.7412786892 -26.19529992 0.0
1.604544863 -26.12681389 0.0
1.482244442 -26.05430319 0.0
1.100268686 -23.41167468 0.0
1.409287212 -23.50674294 0.0
1.303448817 -25.21296466 0.0
0.4130037537 -25.72854662 0.0
0.8434281594 -25.49690143 0.0
0.5977231777 -25.09599557 0.0
1.154150091 -25.76408827 0.0
1.352480345 -25.72820557 0.0
1.655465428 -25.96468974 0.0
1.436269653 -26.19305593 0.0
1.5672592 -26.21262455 0.0
1.502320206 -26.16015314 0.0
1.966556019 25.97694563 0.0
2.048415004 25.75242283 0.0
1.812329305 25.03309087 0.0
1.504016527 24.7387974 0.0
1.340454962 25.19401416 0.0
1.448861568 26.12394661 0.0
2.05629031 -26.10766007 0.0
1.672877868 -25.90808567 0.0
2.26242143 -25.72598239 0.0
2.228453641 -25.50346478 0.0
1.902405028 -25.52704392 0.0
2.907813097 -25.528917 0.0
1.562970247 -25.76776152 0.0
1.442359489 20.96849925 0.0
1.126089798 22.37930252 0.0
1.004017222 25.8457186 0.0
1.665220219 26.12439767 0.0
1.068291227 26.25866229 0.0
1.723500381 25.87087191 0.0
1.278726121 26.26272725 0.0
1.136447363 25.90132009 0.0
0.8273563435 25.38416327 0.0
1.7575977 24.78622349 0.0
1.17195842 25.38742715 0.0
1.468124284 25.75080153 0.0
1.610575447 25.87450684 0.0
1.035060267 25.14845109 0.0
1.971127096 24.96017934 0.0
1.209870164 25.35565133 0.0
1.857307756 26.04114514 0.0
1.775813247 25.91214515 0.0
2.227886334 -26.15672727 0.0
1.632110381 -26.16896215 0.0
1.479567099 -26.19745507 0.0
2.605606686 -25.67692019 0.0
2.539024249 -25.75850242 0.0
1.696293209 -25.74710877 0.0
1.104578044 25.74538208 0.0
1.10024758 25.8761841 0.0
0.9457422563 25.89709197 0.0
0.9051628366 -25.8078176 0.0
1.116249459 -24.18716687 0.0
1.460689754 25.9966414 0.0
1.519625415 -26.05922669 0.0
1.817201038 -25.9289068 0.0
1.190380097 -26.51393487 0.0
0.8840636245 -26.01297542 0.0
0.8953018991 -25.28686893 0.0
1.020104347 -26.42127264 0.0
2.086370944 -25.20869826 0.0
1.631376091 25.80781064 0.0
1.9279172 26.07259954 0.0
1.10416042 25.60685868 0.0
1.458346213 -22.77930393 0.0
1.507029625 -23.25551925 0.0
1.352724471 -23.95075669 0.0
1.030612763 -23.93778603 0.0
0.630849315 -25.61952168 0.0
1.191926353 -24.99699988 0.0
1.453436848 26.30820066 0.0
1.636621595 25.94140162 0.0
1.546473161 25.92709356 0.0
1.082660167 -23.45001651 0.0
1.283429106 -24.98406734 0.0
1.490831847 25.82421807 0.0
0.9780374422 -25.75820859 0.0
1.484164709 -26.10922094 0.0
0.9582644349 -25.41982037 0.0
0.9658882168 -24.64822709 0.0
0.977083079 -23.90495244 0.0
1.045515667 -23.64687993 0.0
1.669925995 -24.27179234 0.0
1.926846014 -23.79199132 0.0
1.728350232 -22.84978667 0.0
1.48608942 -23.49209157 0.0
0.7018339728 -25.26461622 0.0
1.366681369 20.93838278 0.0
1.064376923 21.6316329 0.0
0.867965977 24.26455398 0.0
-0.1358799982 25.86328602 0.0
0.02349758372 25.70574108 0.0
0.4865687518 25.49766166 0.0
0.9277429236 25.32886917 0.0
0.9997957739 25.36382331 0.0
0.9395389337 25.69428618 0.0
0.9895579703 25.90120796 0.0
1.07263233 25.98230521 0.0
1.079861096 25.96762587 0.0
1.051756632 25.92358522 0.0
1.027885914 25.88783715 0.0
0.997108705 25.86918859 0.0
0.9672663728 25.85526015 0.0
1.235475132 -26.45271667 0.0
1.246345335 25.37243897 0.0
1.074325065 25.15016707 0.0
1.215607143 25.48328573 0.0
2.178894015 -26.30396299 0.0
1.995294173 -22.35976651 0.0
1.404610152 -23.46606142 0.0
1.795131951 -24.85764905 0.0
0.9490757711 -22.4907824 0.0
0.1333635462 -23.64970019 0.0
1.100144383 -25.86548118 0.0
1.588774474 -26.07376742 0.0
2.233231195 -25.20491692 0.0
1.408785225 -22.31550603 0.0
1.332815102 -23.59315636 0.0
1.366684396 -25.58747642 0.0
0.6654200268 -25.6994895 0.0
0.5966568433 -24.99940398 0.0
1.213812112 -25.7521628 0.0
1.132786489 -25.67969651 0.0
1.47159349 -26.19514605 0.0
1.418797154 -26.18635574 0.0
1.52964889 -25.77698632 0.0
2.575308007 -25.44865036 0.0
3.203486254 -25.70890814 0.0
1.440221899 -25.3723188 0.0
1.31537378 26.03921012 0.0
1.917610641 26.07540537 0.0
1.635953042 25.05033769 0.0
1.431613172 24.80627836 0.0
1.282006726 25.38583298 0.0
1.423163123 25.18607405 0.0
1.146364374 25.54304281 0.0
1.39365502 26.14185995 0.0
2.204696832 25.15865342 0.0
2.316028167 25.04730427 0.0
1.348092966 25.70734729 0.0
1.635455805 25.8832612 0.0
1.201602663 25.48858077 0.0
1.638012044 25.83450727 0.0
1.51245183 25.51159488 0.0
0.8752365874 24.48007317 0.0
1.06034432 25.11509367 0.0
1.960165506 25.87437988 0.0
1.613994753 -25.53167088 0.0
1.736823204 -25.73271679 0.0
1.947901314 26.09074387 0.0
1.593734936 25.83799701 0.0
1.248400818 25.60406097 0.0
0.7434957035 26.13512766 0.0
1.110832514 26.41525601 0.0
1.086797064 25.70650071 0.0
0.9603688676 25.78503376 0.0
1.135639456 25.94448336 0.0
0.4518229468 25.9741132 0.0
1.242328766 25.44650246 0.0
1.33459628 25.16100288 0.0
0.2674378988 25.39930522 0.0
0.182744294 26.0931811 0.0
0.1364615184 26.12868735 0.0
0.6144747366 26.14610568 0.0
0.6421650781 24.43540166 0.0
1.517633349 20.14469494 0.0
1.121345732 22.15636491 0.0
0.9579399541 25.85178735 0.0
1.210038473 -25.95937931 0.0
1.274332269 -26.30174004 0.0
0.8758528702 -23.22578584 0.0
0.9158438174 -23.45273422 0.0
0.8059470816 -26.09828821 0.0
1.476709345 -26.01415808 0.0
1.509809013 -26.02265958 0.0
1.137913581 25.90283429 0.0
1.584437586 25.77933716 0.0
0.6598055432 25.88171102 0.0
1.211883325 22.10072994 0.0
1.311966393 20.86342938 0.0
2.122188682 -25.73292142 0.0
-0.2000528119 25.72927226 0.0
0.3901086444 26.32148674 0.0
1.115566786 25.94411081 0.0
1.421440567 -24.94576112 0.0
2.160145406 -24.74315333 0.0
1.018851603 25.86798922 0.0
1.183887637 26.17316568 0.0
0.8719459216 -25.5155386 0.0
1.851185614 -23.30848494 0.0
1.867897803 -22.91466091 0.0
1.352742263 21.61635671 0.0
1.872554247 -23.03401722 0.0
1.775583276 -24.77687277 0.0
1.696290702 -24.54712677 0.0
2.043972935 25.71110007 0.0
1.675851028 26.03612304 0.0
0.883792049 -25.34991152 0.0
1.676594017 25.88978916 0.0
1.57854821 25.88718169 0.0
1.422358519 25.91457419 0.0
0.9901787428 -23.86264337 0.0
1.000983552 -23.36894776 0.0
1.117659595 -24.56803409 0.0
1.080150598 -25.7327698 0.0
1.46473962 25.83829427 0.0
1.429521781 -26.08678288 0.0
1.042704849 25.87866928 0.0
0.9512942273 25.81126084 0.0
0.822114765 25.56403277 0.0
0.7342865158 25.38192103 0.0
1.192718201 25.24083679 0.0
0.1988613776 25.54138825 0.0
0.3289686677 25.57099545 0.0
0.009806721107 25.90452497 0.0
0.3308842095 26.05645751 0.0
0.4517081423 26.00251858 0.0
0.8910334706 26.01598249 0.0
1.109189889 24.25455355 0.0
0.9208270044 21.96722792 0.0
1.207017919 20.96067594 0.0
1.354949649 21.51349947 0.0
1.499824228 -23.10071365 0.0
1.70804325 -23.97834748 0.0
1.239493427 -23.87861647 0.0
1.065347115 -23.63931949 0.0
1.015910596 -26.02563624 0.0
1.209415698 -26.4886249 0.0
1.232172501 -26.31990118 0.0
1.260103504 -26.43799298 0.0
1.001542264 25.86480428 0.0
1.281346806 25.38704302 0.0
1.108700759 25.10608103 0.0
1.686994904 -26.21610908 0.0
2.645159257 -24.79739441 0.0
1.790693701 -21.6650302 0.0
1.095721263 -23.73188219 0.0
1.828002202 -25.03387348 0.0
1.064094403 -21.88465131 0.0
1.192286295 -25.82660126 0.0
0.9046476908 -26.00863434 0.0
1.510842863 -26.01637357 0.0
1.472638886 -25.9172475 0.0
2.357935833 -25.19159856 0.0
1.383349858 -21.93673027 0.0
1.136681494 -23.63099315 0.0
1.459717964 -25.88304643 0.0
1.005890884 -25.63871311 0.0
0.6405700921 -24.8768244 0.0
1.257400658 -25.74093154 0.0
0.8887191467 -25.63954342 0.0
1.356676063 -26.0743399 0.0
1.36559938 -26.20175648 0.0
1.574228252 -25.66906723 0.0
2.347570755 -25.20167468 0.0
3.506260066 -25.96509141 0.0
1.425574174 -25.56175575 0.0
1.242176041 25.38686386 0.0
1.359571691 25.98056064 0.0
1.821649995 26.06836787 0.0
1.997690821 25.62989717 0.0
1.498254848 25.06368512 0.0
1.394264977 24.84841033 0.0
1.366936058 25.38548162 0.0
1.49423632 25.17508679 0.0
1.207392852 25.45445745 0.0
1.414611984 26.03846537 0.0
2.397046124 25.45461849 0.0
2.219281194 24.92363966 0.0
1.296024996 25.62042962 0.0
1.428884656 25.96235117 0.0
1.618718128 25.81884184 0.0
1.572446466 25.58402667 0.0
0.8754063438 24.42108157 0.0
1.313574255 25.02965759 0.0
2.099350193 25.89852034 0.0
1.401146413 25.78727004 0.0
1.236073917 25.49280407 0.0
0.7194501923 26.10822178 0.0
1.132750898 26.519333 0.0
1.073987171 25.91184062 0.0
1.631670489 25.77977179 0.0
1.030521013 25.71584875 0.0
1.146726682 25.88866951 0.0
1.425342366 25.79477377 0.0
1.146999397 25.04732924 0.0
1.333036574 25.61736445 0.0
0.6785345929 25.11275211 0.0
0.1814103874 25.25237665 0.0
0.3157399121 26.3932163 0.0
0.4096142859 24.82846951 0.0
1.523400383 19.83391624 0.0
1.278818959 22.05016669 0.0
2.357050018 -26.20614542 0.0
1.704594342 -25.69476345 0.0
0.9714722165 25.84827852 0.0
1.07337101 25.65576993 0.0
1.172159287 25.33059739 0.0
1.385281014 25.09929935 0.0
0.4697510389 26.14207912 0.0
0.1001766437 25.27405785 0.0
2.452480688 -26.09698729 0.0
0.6010155155 25.42578149 0.0
2.019110729 -25.62660367 0.0
1.394740074 -25.50675311 0.0
1.655409793 -25.66851839 0.0
0.974921421 -24.26387078 0.0
1.075460423 -25.42406578 0.0
1.634288625 -25.98018931 0.0
1.127888959 -26.40438286 0.0
1.164649777 -25.97855927 0.0
1.178242963 -26.39823299 0.0
1.014509537 25.90560116 0.0
1.013227188 -24.71605606 0.0
0.9868926565 -23.64963333 0.0
0.8679775142 -23.41008459 0.0
0.9273675596 -24.45007128 0.0
0.9254033546 -25.55983339 0.0
1.737568072 26.18267262 0.0
1.504999977 25.82420102 0.0
1.522413052 26.35264554 0.0
1.604902997 26.36412566 0.0
1.199770564 26.04338995 0.0
1.181272664 -25.76214184 0.0
1.387080581 -26.01059255 0.0
1.308928021 25.39281418 0.0
1.35222699 -26.16462841 0.0
1.297822129 -25.85725651 0.0
1.217456702 -25.35998213 0.0
1.1576443 -24.75066027 0.0
1.146671673 -24.16436529 0.0
1.162688995 -23.74048278 0.0
1.184467044 -23.5925256 0.0
1.218888818 -23.78393814 0.0
1.369966606 -23.9855114 0.0
1.685759089 -23.82684427 0.0
1.701027161 -23.34204862 0.0
1.557375992 -23.07051456 0.0
0.6096871377 -24.39855575 0.0
-0.2362144083 -25.66580633 0.0
1.289451026 21.44122559 0.0
1.083578776 20.99763466 0.0
0.9277875229 22.1376907 0.0
1.290149064 24.28515956 0.0
1.187812174 25.7204264 0.0
0.5652328734 25.94036598 0.0
0.1977714563 25.90338308 0.0
0.128021514 25.82877025 0.0
0.2493595193 25.7219354 0.0
0.4493474726 25.41412638 0.0
0.5777212108 25.50957211 0.0
0.7648350352 25.70047647 0.0
0.9511884202 25.88449836 0.0
1.073704143 25.94663152 0.0
1.110027353 25.97317699 0.0
1.082928245 25.91449946 0.0
1.053216305 25.8791514 0.0
1.017696511 25.85244418 0.0
0.9823015108 25.82899626 0.0
1.12757573 25.06562287 0.0
1.807591504 -26.17012898 0.0
2.784135124 -24.88235201 0.0
1.621665704 -21.3311134 0.0
0.8012503904 -23.89691087 0.0
1.946730378 -25.31068992 0.0
1.291534075 -21.12544376 0.0
-0.1556831046 -23.72229945 0.0
1.249609255 -25.92347364 0.0
1.402848569 -25.97210515 0.0
1.466838231 -25.82644949 0.0
2.406900946 -25.26674768 0.0
1.35259778 -21.52572802 0.0
0.9821863852 -23.60097253 0.0
1.404345847 -25.58699446 0.0
0.682495797 -24.75260043 0.0
1.277885406 -25.79742703 0.0
0.6581176211 -25.59807548 0.0
1.187153735 -26.24523241 0.0
1.525351922 -26.17000629 0.0
1.843367697 -25.57966011 0.0
1.955381103 -25.08499444 0.0
0.8881082885 -21.37595239 0.0
1.311912418 25.20951395 0.0
1.430358164 25.92917029 0.0
1.693883916 25.96390986 0.0
1.929452819 25.60085523 0.0
1.432986835 25.03012947 0.0
1.386760424 24.86847278 0.0
1.425275217 25.38725779 0.0
1.552083533 25.17976453 0.0
1.276437671 25.41956908 0.0
1.484639366 25.96106137 0.0
2.491012771 25.88376495 0.0
1.758537454 24.82799162 0.0
1.522070793 25.52072118 0.0
1.229607138 26.08174765 0.0
1.534895586 25.80474476 0.0
1.594139329 25.65583248 0.0
0.9689459189 24.35216994 0.0
1.711778829 24.73881347 0.0
2.191731062 25.94734042 0.0
1.249690986 25.40426699 0.0
0.8156861905 26.07120969 0.0
1.140284177 26.59986508 0.0
0.9988490079 25.9084401 0.0
1.066171363 25.58519599 0.0
1.647228515 25.79092151 0.0
1.057154966 25.65124154 0.0
1.219708034 25.84138558 0.0
0.5404220302 25.98109941 0.0
1.516002985 25.99358454 0.0
1.189603391 25.02737834 0.0
0.8136835482 26.1738127 0.0
0.3974125807 26.3074278 0.0
-0.1833986893 25.91815295 0.0
1.011142 19.46320784 0.0
1.388485494 22.02810561 0.0
1.04243544 -26.21748877 0.0
1.218769575 -26.37719311 0.0
0.9643941169 25.82181736 0.0
1.509961192 -26.18136996 0.0
0.1140819805 -25.50224409 0.0
1.057629689 -24.10082863 0.0
1.048050453 -24.73229006 0.0
0.036768355 25.78495251 0.0
1.060434944 25.94326022 0.0
1.10372984 25.95102141 0.0
1.07760464 25.90913133 0.0
0.4331438419 25.98488881 0.0
1.417452353 25.79323296 0.0
1.243666753 -26.46257768 0.0
1.364168889 -26.36423712 0.0
1.783481563 -22.98931763 0.0
1.262795075 -25.47707835 0.0
1.078412347 -25.47350138 0.0
1.352569417 25.93738601 0.0
0.9301683616 -26.03219372 0.0
0.9526836122 25.847211 0.0
1.149155663 26.0017619 0.0
1.357762954 26.27831928 0.0
0.8487939147 -24.5939852 0.0
1.474129169 -26.15884804 0.0
1.477288419 -25.96784601 0.0
1.349121146 -25.22080312 0.0
1.279413426 -24.70193572 0.0
1.245253237 -24.18665004 0.0
1.246086226 -23.80208345 0.0
1.272328608 -23.63537232 0.0
1.296731829 -23.73649977 0.0
1.34153366 -23.95019123 0.0
1.459565748 -23.95689612 0.0
1.567935476 -23.67636592 0.0
1.861297047 -23.52700857 0.0
1.231301909 -23.23176209 0.0
0.7885375887 -23.70709815 0.0
0.2876557288 -24.71774554 0.0
-0.2152216739 -25.74108431 0.0
1.184392098 21.27178777 0.0
1.033984022 21.08692751 0.0
0.9631826382 22.26876403 0.0
1.205304039 25.5580514 0.0
0.687101516 25.86895486 0.0
0.4112264899 25.88506085 0.0
0.2999809135 25.83806323 0.0
0.2661572637 25.74139145 0.0
0.2515420186 25.64656845 0.0
0.2358750996 25.49906903 0.0
0.3179762756 25.50416027 0.0
0.5011838355 25.64281837 0.0
0.7243768673 25.80886417 0.0
0.9226541235 25.94831296 0.0
1.041955041 26.00011702 0.0
1.085915846 25.99943115 0.0
1.082513356 25.96411972 0.0
1.074248698 25.91839679 0.0
1.051325556 25.87892508 0.0
1.018157234 25.8459114 0.0
1.091765926 -25.28323483 0.0
1.61607936 26.44216445 0.0
1.777133842 26.2456594 0.0
1.48569486 25.92522013 0.0
1.354294379 26.02491896 0.0
0.9917429625 25.83136357 0.0
1.363826785 25.90857728 0.0
0.8504345858 -25.36423822 0.0
1.135569878 -26.34048359 0.0
1.344157774 25.44137058 0.0
1.202504446 25.29318906 0.0
1.563274267 -26.03313685 0.0
1.57579536 -26.42730658 0.0
1.857150109 -26.167756 0.0
1.874449131 -26.69749587 0.0
1.498256549 25.52225552 0.0
1.468287034 26.24696759 0.0
1.38638237 25.17405298 0.0
1.500164733 25.42739105 0.0
1.616199813 25.31735142 0.0
1.544160022 26.06370242 0.0
1.331933433 -26.2088033 0.0
1.524880812 -25.91371033 0.0
0.9264128601 -23.59331971 0.0
0.9943630633 -25.92725102 0.0
1.079469194 -25.87087452 0.0
-0.1593204208 -23.78752867 0.0
1.487184542 -20.81001999 0.0
2.43467917 -26.01124973 0.0
2.4726948 -26.39521345 0.0
2.440313086 -26.03582755 0.0
1.940149139 -25.52890362 0.0
1.580680288 -25.65613254 0.0
0.9273423807 -24.32480159 0.0
1.248361985 -22.08338813 0.0
2.318449256 26.4465958 0.0
1.138081464 24.62695356 0.0
1.889295387 25.45827819 0.0
1.071361747 26.12833807 0.0
1.428902334 25.77959916 0.0
1.596883303 25.74833023 0.0
2.033348335 24.76592418 0.0
2.124780884 26.05868664 0.0
1.69954995 25.90637574 0.0
1.013626436 25.82387641 0.0
1.270014441 25.3757602 0.0
0.9713341342 26.01707838 0.0
1.131829996 26.65591016 0.0
0.9145566148 25.90755635 0.0
1.070261648 25.54751304 0.0
1.613642773 25.81184106 0.0
1.034231333 25.60248648 0.0
0.7319948477 25.9573605 0.0
1.583200367 26.21468868 0.0
0.2730281006 24.93175398 0.0
1.648075472 24.93913331 0.0
1.064755865 26.289431 0.0
-0.3002605895 26.3077782 0.0
0.1619353141 19.26239182 0.0
2.390705363 23.01115652 0.0
1.529191907 -26.14469264 0.0
1.302044214 -26.23317067 0.0
0.483852929 -25.54830598 0.0
0.6744497936 -24.60312044 0.0
1.93530062 -25.50858617 0.0
1.496695696 -25.76936706 0.0
2.2290787 -25.39880928 0.0
1.478120594 -25.73071503 0.0
1.326440077 -25.94162777 0.0
1.809648451 -25.7410058 0.0
1.189373522 -25.68989178 0.0
1.249156788 -25.50820537 0.0
1.412313186 -25.68232753 0.0
0.9762363075 -24.53468589 0.0
0.6549852359 -23.79632232 0.0
2.011369384 -25.46781826 0.0
0.6872081879 -23.85940061 0.0
1.426454105 -21.02467352 0.0
2.780755443 -25.03531566 0.0
1.791648559 25.86472391 0.0
1.06315371 -23.56602489 0.0
1.787199982 26.22042445 0.0
1.271303912 26.11945132 0.0
0.9927898625 25.87464748 0.0
0.8931891327 -23.57495507 0.0
1.04758283 24.23983715 0.0
1.177653336 25.78298716 0.0
1.324844548 25.78795535 0.0
0.7612569336 24.98812999 0.0
0.5967497679 26.12229895 0.0
1.422360468 22.08135556 0.0
1.382740264 24.25882431 0.0
1.167588733 -23.40403303 0.0
1.110845612 25.89119757 0.0
1.029913675 -23.99505058 0.0
1.315985793 -26.40808197 0.0
1.435271495 -26.24914052 0.0
1.103463971 25.95817507 0.0
1.044454559 25.92832841 0.0
0.9508987978 25.84224606 0.0
0.9776348547 25.87297726 0.0
1.008067599 25.95238158 0.0
1.405915505 -26.25001433 0.0
1.394816225 26.06209685 0.0
0.925070798 -25.03097509 0.0
1.42738237 -25.56545658 0.0
1.593857755 26.76282799 0.0
0.4679143352 -24.83592259 0.0
0.9827953017 -25.41327128 0.0
1.51420341 26.47203319 0.0
1.144397946 25.92988509 0.0
1.442113747 26.25575829 0.0
1.537172487 25.70926419 0.0
1.390321239 -26.49366851 0.0
1.599902061 -25.88198192 0.0
1.5414577 -25.40145973 0.0
1.469188176 -25.022406 0.0
1.350678619 -24.15980997 0.0
1.338327077 -23.8245831 0.0
1.356449836 -23.65847838 0.0
1.369330087 -23.70360683 0.0
1.366734697 -23.88412554 0.0
1.395292986 -23.95963282 0.0
1.407376177 -23.88266064 0.0
1.320656075 -23.57898395 0.0
1.127672205 -23.31373921 0.0
0.8595975419 -23.42900047 0.0
0.4201502546 -23.98198815 0.0
0.1185737566 -24.87723535 0.0
1.108033869 21.15360821 0.0
1.032999926 21.18661732 0.0
1.015462597 22.37807899 0.0
1.36954581 24.19746427 0.0
1.175499459 25.42749124 0.0
0.8091547627 25.78121049 0.0
0.6301576196 25.85279727 0.0
0.5069901564 25.82278482 0.0
0.2529684733 25.6563225 0.0
0.1305324086 25.54995011 0.0
0.1325169049 25.50358098 0.0
0.2498913976 25.60305455 0.0
0.4516553702 25.7579639 0.0
0.6711700125 25.91826955 0.0
0.8459818252 26.02072457 0.0
0.9611132501 26.04076494 0.0
1.012176399 26.02642787 0.0
1.02374674 25.98909869 0.0
1.014513572 25.9517977 0.0
0.9931708862 25.91257426 0.0
0.9720238072 25.88959851 0.0
0.9594869222 25.9231532 0.0
2.494731159 -27.89344193 0.0
2.405859377 -26.39834851 0.0
1.217925808 -26.30899665 0.0
1.148598541 -25.75807112 0.0
1.47276935 -24.88422049 0.0
2.246210042 -25.54485769 0.0
0.9600753707 -26.18018472 0.0
1.255186727 -25.84830175 0.0
1.391776402 -26.00982987 0.0
1.302591497 -25.92436173 0.0
1.26504568 -26.0476227 0.0
2.022668844 26.73911269 0.0
0.4228861008 24.33265484 0.0
2.327008578 25.3821261 0.0
0.9591535929 26.17668303 0.0
1.720673196 -25.51551378 0.0
1.550323665 26.01651486 0.0
1.540940751 26.83754409 0.0
1.552562667 27.16905003 0.0
1.431825323 26.50084906 0.0
1.272923301 25.58320051 0.0
1.357671776 25.21806721 0.0
1.611787901 25.45817875 0.0
1.769961207 25.63770319 0.0
1.594317738 26.23128918 0.0
1.581531509 26.63616015 0.0
1.311734386 25.7174187 0.0
1.553915905 25.86505892 0.0
0.9690583273 24.08165221 0.0
1.805191894 26.12037118 0.0
1.600888048 25.76385472 0.0
0.9379111505 25.89610923 0.0
1.202597295 25.3515085 0.0
1.132798518 25.95574144 0.0
1.11892141 26.68878732 0.0
1.085234669 25.61312346 0.0
1.534731496 25.84117645 0.0
0.9681303497 25.57785238 0.0
1.413709829 25.7638736 0.0
0.9914404534 25.90936317 0.0
1.643935097 26.28579626 0.0
-0.3485853866 24.87683321 0.0
2.188807895 24.83192682 0.0
0.8113702634 25.88624406 0.0
0.01519565826 26.84231848 0.0
-0.8987294378 19.04185736 0.0
1.537875561 21.57209386 0.0
3.058938009 22.81554311 0.0
1.120718233 -26.52527755 0.0
1.44617179 -26.66466148 0.0
0.9803869193 26.00575192 0.0
1.136636949 25.8413499 0.0
1.703084743 -26.3772238 0.0
1.654933463 -26.38419862 0.0
0.9737569022 -24.56831148 0.0
2.747484653 -25.46591974 0.0
1.222369413 -25.90260133 0.0
1.593803777 -20.31379617 0.0
1.814062934 -25.53299437 0.0
1.390153316 -21.00830079 0.0
1.516024955 -25.62900386 0.0
1.276521097 -26.09555293 0.0
0.002812601187 -23.91826763 0.0
1.836416999 -20.40498612 0.0
1.345687187 -20.41661749 0.0
2.161416015 -25.42042959 0.0
1.697400319 25.9655404 0.0
0.3619796853 25.54774871 0.0
0.3703861417 25.73447738 0.0
1.817022581 26.05676427 0.0
0.8483038392 25.90107462 0.0
1.264201532 26.19043834 0.0
1.588670774 -26.02374493 0.0
1.585458626 -25.69104426 0.0
1.393915986 27.32530162 0.0
1.371680405 24.94254562 0.0
1.741815226 26.39298591 0.0
1.203618199 -25.32979183 0.0
1.050552551 -24.83148403 0.0
1.590880099 -25.68211754 0.0
1.33111489 -25.97754928 0.0
1.701446417 -26.41146884 0.0
1.22765954 -25.65970198 0.0
1.515437321 26.1460656 0.0
0.7105351077 -23.45628512 0.0
1.281086523 -26.22478558 0.0
0.5768696673 -24.55009599 0.0
0.6901854765 -23.92143918 0.0
1.426719978 -24.70312678 0.0
1.508952138 25.99047162 0.0
1.700910449 26.15062346 0.0
0.8836315402 25.98112761 0.0
0.8959643122 26.02874232 0.0
0.9002849673 26.07388661 0.0
0.5858909381 26.00072119 0.0
0.2122614803 25.70679458 0.0
0.1588998784 25.56598915 0.0
0.3417308012 25.64059465 0.0
0.7207314756 25.79898441 0.0
0.8337553792 25.80995103 0.0
1.111118891 25.29114378 0.0
1.059254426 21.27240177 0.0
-0.1044554628 -25.72794256 0.0
0.1197371376 -25.68449295 0.0
0.4882732944 -23.60904703 0.0
0.7769272239 -23.40302603 0.0
1.446484585 -23.27877026 0.0
1.207097649 -23.81847183 0.0
1.382186994 -23.95557423 0.0
1.433854263 -23.68051896 0.0
1.397155208 -24.5881749 0.0
1.502802759 -24.43511223 0.0
1.424679545 -25.64525472 0.0
1.634789283 -25.10222828 0.0
1.713759615 -25.6032923 0.0
1.60290051 -26.2484739 0.0
1.691936143 -25.70794657 0.0
1.555271791 -27.05537448 0.0
1.853237163 -27.30400199 0.0
2.12681709 -27.7968079 0.0
2.207492807 -27.41405924 0.0
1.279723642 -25.16448365 0.0
1.377300207 -23.37560394 0.0
1.934527374 25.78749245 0.0
1.610638017 26.65019874 0.0
1.595741678 26.60580256 0.0
1.352075333 26.94689355 0.0
1.120703467 25.41358246 0.0
1.295921484 24.95535426 0.0
1.638845818 24.97677471 0.0
1.816355496 25.30810837 0.0
1.371804236 25.67974795 0.0
1.681243155 26.42879342 0.0
0.4661305964 -24.12485258 0.0
3.407500748 -25.35423378 0.0
1.254682052 -26.26892397 0.0
1.521072127 -26.0901406 0.0
0.7183543415 -26.04294836 0.0
0.5577104108 -24.40377384 0.0
2.598879186 -25.41982781 0.0
3.424648401 -25.30074709 0.0
1.221798565 -23.95130782 0.0
1.150924074 -25.80981829 0.0
0.3349417471 -23.96246191 0.0
2.323224042 -19.37115117 0.0
0.8817853868 -23.75756921 0.0
1.63695877 26.8693533 0.0
-0.361647726 24.12172485 0.0
2.927099109 25.11429759 0.0
0.8025565291 26.18519753 0.0
1.221570844 25.62887615 0.0
1.507596102 25.93455558 0.0
0.8410838265 23.89265788 0.0
2.533280292 24.74962879 0.0
1.174783444 26.08988642 0.0
1.621362225 25.67289803 0.0
0.9186024917 25.90584829 0.0
1.252366296 25.90661747 0.0
0.8186719134 25.89362822 0.0
1.13886874 26.39686448 0.0
1.356898759 25.84865927 0.0
0.9118281297 25.52433849 0.0
1.453137399 25.76492304 0.0
1.231635168 25.85230047 0.0
1.710228825 26.28005006 0.0
-1.147405051 24.76259679 0.0
2.864508287 24.62552844 0.0
1.32642369 26.07142199 0.0
1.048452772 25.62521156 0.0
0.4800771684 26.57124943 0.0
-2.045355983 18.31004027 0.0
1.541577944 20.80000028 0.0
0.7376588599 24.94852556 0.0
0.80711278 26.26470123 0.0
1.835746199 25.7975174 0.0
1.185812007 -26.22871824 0.0
1.465685708 -26.01857409 0.0
0.5218086216 -25.95213372 0.0
0.3608444276 -25.36959049 0.0
1.194546497 -25.95405282 0.0
0.3938092975 -24.18832786 0.0
1.23219764 -23.88240369 0.0
1.82545892 -19.50526799 0.0
1.827233476 -26.40285334 0.0
2.079701361 -26.52211405 0.0
2.394608775 -26.89840165 0.0
1.715371933 -25.03407243 0.0
1.307832219 -23.48645119 0.0
1.123039792 25.35419158 0.0
1.096139453 26.42677686 0.0
3.925809352 22.47149046 0.0
1.115221583 -25.5176631 0.0
1.391845517 25.53415627 0.0
1.293997802 24.67702372 0.0
1.527692041 26.10311731 0.0
1.681922993 25.61647135 0.0
0.4539032865 13.11363579 0.0
0.1354580307 -17.00613769 0.0
-0.7758433338 17.81325068 0.0
-1.574870464 -16.29263549 0.0
0.3461720703 -19.4035304 0.0
0.2543347191 -20.75277582 0.0
1.288888002 23.98468573 0.0
-0.5514959679 14.77916009 0.0
0.7281638443 19.47489494 0.0
1.69978866 26.53126162 0.0
0.04767668829 -20.9281973 0.0
-1.064947106 20.12152696 0.0
0.08729974727 -18.98053602 0.0
1.714749658 -24.82212774 0.0
1.825441115 -25.41236543 0.0
1.763942834 -25.00354541 0.0
1.698972352 -24.76384782 0.0
1.639856321 -24.53149419 0.0
1.580446795 -24.26865885 0.0
1.528943832 -24.01219369 0.0
1.497400829 -23.80864664 0.0
1.570778732 -24.78782337 0.0
1.485467462 -23.70395769 0.0
1.481085561 -23.71573476 0.0
1.446824812 -23.81656276 0.0
1.381713913 -23.92931896 0.0
1.28135993 -24.03313455 0.0
1.129764877 -23.96410792 0.0
0.9085735788 -23.77568328 0.0
0.6648341537 -23.55249875 0.0
0.430950238 -23.51419934 0.0
0.1746216934 -23.81919986 0.0
-0.02027103317 -24.46361464 0.0
0.1486505755 -24.99206944 0.0
0.4117432096 -25.63705158 0.0
1.079005886 21.0982771 0.0
1.089367218 21.34615217 0.0
1.068212817 22.45937329 0.0
1.260330292 24.07327922 0.0
1.054579754 25.14831313 0.0
1.007008021 25.64578242 0.0
0.9905664257 25.79131682 0.0
0.9118145512 25.77909058 0.0
0.7386248894 25.67901553 0.0
0.4999042196 25.60689716 0.0
0.266036276 25.56137007 0.0
0.08427531551 25.53119824 0.0
0.01494126741 25.54660595 0.0
0.06422261585 25.64925407 0.0
0.1862785203 25.80325427 0.0
0.3375241019 25.9517072 0.0
0.4806553316 26.0632925 0.0
0.5963146701 26.13341865 0.0
0.6745751537 26.16731687 0.0
0.8318111841 26.10377825 0.0
0.7166936907 26.1699557 0.0
0.7289729267 26.14542323 0.0
0.7253832685 26.10156586 0.0
0.7289069032 26.0797453 0.0
0.7360700127 26.20677462 0.0
0.6897824705 26.54077908 0.0
0.5871193654 26.22659529 0.0
1.008510942 25.03762123 0.0
-2.272331337 19.20363687 0.0
-0.4059929804 19.91017343 0.0
-0.02685467231 19.57708272 0.0
1.319362685 18.77260012 0.0
1.757317966 20.04953082 0.0
1.246349066 20.18000038 0.0
0.9989426219 20.41353405 0.0
1.033194111 26.18521451 0.0
0.9375033949 19.80554216 0.0
1.001454331 19.34560652 0.0
0.9970292169 19.42340868 0.0
1.055532248 19.3263616 0.0
1.700840251 19.44940526 0.0
1.712205602 20.52213007 0.0
0.6282674973 -20.95990473 0.0
1.105597928 -20.20151334 0.0
1.117835242 -20.17949122 0.0
1.814817726 -26.78214639 0.0
0.9249492274 -19.72747423 0.0
1.565678844 -25.93633907 0.0
1.225276423 -19.38945246 0.0
1.161570411 -25.90592827 0.0
1.419682167 -19.09364723 0.0
1.107144356 -25.23324585 0.0
1.395073446 -19.46658671 0.0
0.9876555011 -19.05452899 0.0
0.3963072447 -24.85037224 0.0
0.8057233906 -26.44261449 0.0
2.047547999 -19.39418012 0.0
1.193027683 -25.64768855 0.0
1.182922448 -25.74130181 0.0
1.296804563 -26.06922769 0.0
1.096876028 -25.60668519 0.0
1.151932392 -25.85352594 0.0
1.266908552 26.70423329 0.0
-0.9432917258 23.80198267 0.0
3.830342848 24.550984 0.0
0.5860574739 26.15045703 0.0
1.128167937 25.23765229 0.0
1.470853625 25.99861901 0.0
0.7302617594 23.44337393 0.0
4.237506037 22.86126594 0.0
0.6081647793 26.08538748 0.0
1.723403517 25.28179425 0.0
1.150365976 25.3597532 0.0
1.020909484 25.53762169 0.0
1.089654874 25.82593827 0.0
1.076662108 25.57331076 0.0
0.8707920459 25.41474398 0.0
1.466991515 25.77694167 0.0
1.323785523 25.52834539 0.0
-1.86401252 24.13790913 0.0
3.68671018 24.1816894 0.0
1.247121553 26.02551097 0.0
1.123465856 25.46842323 0.0
-2.725660828 18.54243726 0.0
1.009575284 26.04384533 0.0
-3.100813207 16.37985926 0.0
4.880825256 20.44634884 0.0
-1.223274707 -17.81379541 0.0
-2.365657598 -12.45174146 0.0
-6.072907975 -7.074403726 0.0
0.1499731339 23.55195043 0.0
1.287862838 25.86613792 0.0
0.9783197089 25.86586986 0.0
1.844864469 26.16565674 0.0
1.442699852 19.27325878 0.0
2.672412731 -16.96506754 0.0
1.649044015 -25.19731375 0.0
1.576915301 -25.56800162 0.0
1.270951804 -25.9040679 0.0
1.142173505 -25.60979992 0.0
1.307121599 -25.91558815 0.0
1.328509191 -25.9914693 0.0
0.6743931527 -23.45687225 0.0
2.882690248 -17.07708367 0.0
0.4653176459 -25.81571119 0.0
1.212726604 -23.54132378 0.0
2.59655923 -17.20007573 0.0
0.3242960457 -26.10718371 0.0
0.739973767 21.36919348 0.0
0.1981329858 21.18551216 0.0
0.6348930132 26.05922045 0.0
-3.917441973 16.81485769 0.0
1.009118499 25.81622943 0.0
1.107309444 -21.15879887 0.0
0.5187447469 -24.93643319 0.0
-0.5308132415 -19.76951335 0.0
1.390549059 -25.51952071 0.0
1.714092194 -25.82859575 0.0
1.363222046 -24.11510916 0.0
4.29516481 -24.67068013 0.0
1.049986144 -26.14338535 0.0
1.428330786 -25.88816842 0.0
0.317618619 -25.89289947 0.0
0.09081001448 -24.94522424 0.0
1.076082439 21.10326309 0.0
1.42496092 -23.8274863 0.0
-1.385127776 -15.98859959 0.0
1.178857933 -19.36166587 0.0
0.8828052114 26.1016331 0.0
0.733178899 26.07240318 0.0
2.38226055 -27.34721117 0.0
0.5442079985 25.69922709 0.0
0.6871985705 25.57515805 0.0
0.07334719323 25.72251103 0.0
0.3711508951 26.11843552 0.0
0.9134985112 25.69855863 0.0
1.104551367 25.77715554 0.0
1.684265986 -25.36229342 0.0
1.617457635 -24.10017154 0.0
1.81688133 -24.92279631 0.0
0.3852091304 7.931400311 0.0
0.7096691002 20.34550938 0.0
0.3724703402 8.313500015 0.0
0.1654153641 8.166114757 0.0
-0.2513217579 6.621288824 0.0
-1.801666514 2.754696283 0.0
-5.177856092 5.062963259 0.0
0.1512630594 4.407027568 0.0
-4.526959514 7.989404832 0.0
-7.323481218 7.83023691 0.0
-3.5809918 14.92297354 0.0
-10.89031647 7.10981191 0.0
-12.5192965 6.504605614 0.0
0.8309899479 -26.06400295 0.0
1.075968381 -21.79659372 0.0
0.1154591879 -25.86972414 0.0
0.3888370218 -21.81286519 0.0
1.195847265 -26.16096493 0.0
0.226808976 -23.63967909 0.0
0.5408111239 -20.50247936 0.0
0.8216084637 -6.599491928 0.0
0.6026314585 -6.987738178 0.0
0.6970717509 -6.830121964 0.0
0.5468641539 -6.384547917 0.0
0.1826966283 -6.587986338 0.0
-0.5186814733 -7.427223297 0.0
-1.541539204 -9.152082291 0.0
-2.212245976 -11.44070609 0.0
0.895038274 26.54093342 0.0
-1.111701071 21.24492548 0.0
4.703952335 21.57055054 0.0
0.2880023134 26.12194707 0.0
1.464973816 26.1122143 0.0
1.119517088 20.5356116 0.0
4.354064632 -24.9292598 0.0
5.066392424 18.20617102 0.0
0.1492969027 26.12120463 0.0
2.029580544 23.27773157 0.0
0.9704455731 25.87557971 0.0
0.8586011148 25.8626798 0.0
0.8385765071 22.64309892 0.0
1.275730132 25.81021132 0.0
0.8644795355 21.70218968 0.0
0.6002431131 25.87636421 0.0
0.685789503 22.60670323 0.0
1.245157869 25.84653811 0.0
2.043456068 26.09884632 0.0
-2.150716897 20.61933344 0.0
4.55714393 21.69524901 0.0
0.9013823163 25.98782962 0.0
0.9335521058 23.09531818 0.0
1.495518591 26.20995941 0.0
1.12120205 15.15677127 0.0
5.636220228 15.8352974 0.0
0.303333585 25.54926381 0.0
0.9998940153 -23.5812526 0.0
1.322217408 -21.1119356 0.0
0.07520895017 -26.11171372 0.0
1.058961106 -25.89154193 0.0
0.9151658161 -22.54314753 0.0
1.049622504 -20.5399477 0.0
0.0938271345 -26.17267482 0.0
1.535137242 -21.13395223 0.0
3.193250609 -12.97633853 0.0
-0.1307956691 -26.39107187 0.0
-1.271329319 -11.12992492 0.0
-1.748677348 -7.244212505 0.0
-4.972368981 -1.873708971 0.0
-3.322348592 -0.8711042329 0.0
-1.062244187 -3.776373335 0.0
-0.2375106903 -8.021848345 0.0
-1.014010556 -10.30951554 0.0
-10.62388418 -2.330937294 0.0
-14.56775317 0.06018391513 0.0
-14.01226033 6.177073297 0.0
1.000838045 25.13690431 0.0
-0.017047915 -23.97508319 0.0
0.1250744533 -24.19409658 0.0
0.8841066154 25.9865799 0.0
0.5272670045 26.22691479 0.0
0.04625284737 25.5268199 0.0
0.4304744162 25.52352155 0.0
0.005571550246 -24.49676244 0.0
1.332647998 -23.96274202 0.0
0.8373560999 -23.95731414 0.0
1.104759671 21.41022881 0.0
1.080403017 22.48361578 0.0
1.336365762 24.1270515 0.0
0.5801861194 -23.75537938 0.0
0.3385381419 -23.58665583 0.0
1.433282959 -23.81276593 0.0
1.447843261 -23.69736762 0.0
0.8860351983 26.07151431 0.0
0.5315707384 26.18501999 0.0
1.350698464 -23.93575209 0.0
1.450961836 -24.0944458 0.0
1.57121352 -23.93572845 0.0
1.730954661 -24.51683898 0.0
-21.44478627 0.8061050426 0.0
0.1631212973 25.88511941 0.0
-2.321285257 -15.5260014 0.0
-0.1465760895 23.41609603 0.0
0.4513616056 26.18669867 0.0
0.5749089595 26.70529303 0.0
0.2060557107 25.49179414 0.0
0.06028888778 25.51324881 0.0
0.4009349389 25.86832572 0.0
1.065774362 25.76697252 0.0
5.099975347 -19.7092027 0.0
0.4334217059 -26.45865858 0.0
0.9529170666 25.88875424 0.0
0.5031604771 -13.69950181 0.0
-4.470101409 -2.599638824 0.0
-6.19386501 4.912626464 0.0
-3.764780519 2.872881626 0.0
0.5612945109 6.163282652 0.0
0.4043393916 5.858620059 0.0
0.5754074837 6.988458925 0.0
-3.593269411 15.52961896 0.0
-13.42123155 6.091756114 0.0
-17.47385222 1.055368978 0.0
-9.636890374 7.311621823 0.0
-10.29435741 -4.923852288 0.0
-19.60892458 1.102050338 0.0
-12.7771687 -4.812563069 0.0
3.36046727 -12.74773251 0.0
-5.527483091 4.005809107 0.0
-3.116923514 1.416810832 0.0
0.0230708291 2.437980897 0.0
-3.330132221 -9.310035164 0.0
-1.754343981 6.605279165 0.0
0.01569363052 -21.61764092 0.0
5.312673879 -21.80189367 0.0
1.762826302 -25.60936764 0.0
-3.689044093 12.34691335 0.0
1.968881596 -23.35419877 0.0
0.5001129946 -25.80682741 0.0
3.209216061 -12.61575489 0.0
0.9201855852 23.50076114 0.0
0.5869556411 7.082312328 0.0
0.6751618485 -7.349702459 0.0
0.4733914388 7.196959395 0.0
0.07889600235 25.57566815 0.0
0.5289627588 26.19820348 0.0
0.5082298291 26.26801702 0.0
1.503021494 -23.73169087 0.0
0.1316840195 -23.61903763 0.0
1.089582582 21.12179228 0.0
1.172908608 24.04137405 0.0
1.068346637 25.61597948 0.0
0.02696283809 25.58654398 0.0
0.2702264522 26.01783796 0.0
0.5040277761 26.22322025 0.0
1.127917937 -23.59955254 0.0
1.868895826 -25.03725696 0.0
1.668113499 -24.27530819 0.0
1.531979591 -23.80316591 0.0
1.428430378 -23.82292839 0.0
1.477901025 -23.74404219 0.0
1.060351438 -24.08041391 0.0
1.003474462 -23.54305524 0.0
0.2994520773 -24.95699487 0.0
0.7370716097 -25.50435288 0.0
1.229319165 -24.07518221 0.0
1.05158625 22.4414706 0.0
1.905778384 26.13678268 0.0
1.027753074 -21.50093422 0.0
1.231224013 -19.47815278 0.0
-0.01477297 -23.84746531 0.0
0.3878575506 -25.47109512 0.0
1.992585239 -25.74784841 0.0
1.11247862 25.97361147 0.0
1.068079068 -23.73831616 0.0
1.365050759 -26.012849 0.0
1.722065724 -25.95650566 0.0
3.300684937 24.32520384 0.0
0.5538263274 26.33782235 0.0
-6.400700171 -5.690676564 0.0
1.137967469 -26.30338437 0.0
-0.08209708054 -23.69328291 0.0
1.067862078 -25.69667043 0.0
2.373575699 -26.16820629 0.0
1.502832908 26.30407951 0.0
1.17805055 22.83649914 0.0
1.201158756 -26.38650041 0.0
0.9384416825 21.12353164 0.0
0.9209161311 25.66710931 0.0
1.202843474 -26.04080459 0.0
-6.367449076 -3.787639073 0.0
2.905429107 4.890940127 0.0
-4.196043823 -4.3555188 0.0
1.213704062 -0.9521408165 0.0
3.887714212 1.280122084 0.0
5.70593043 0.6165530384 0.0
-1.919192654 -7.87930041 0.0
3.235498847 -6.383633071 0.0
2.05318961 -4.759752069 0.0
3.136992234 1.462083828 0.0
-0.9192775961 -7.90207655 0.0
1.75009313 -6.836183455 0.0
1.611092176 -4.04384901 0.0
4.061665937 -0.05083485733 0.0
5.263822864 -1.230656191 0.0
-3.052685996 -3.261432207 0.0
-9.756790527 -8.540351031 0.0
-9.650644825 -3.378588581 0.0
-0.8700650678 -4.149813119 0.0
-11.94425311 -8.499668363 0.0
-9.170477426 -3.186486856 0.0
-4.669382389 2.453816979 0.0
0.2229284276 -0.4332774765 0.0
-1.152574809 -6.987898361 0.0
-2.833692766 -5.504415067 0.0
-1.78046594 -1.614128391 0.0
3.291753078 -4.523741687 0.0
-1.917175938 -3.95217057 0.0
-3.426200239 -0.8037950423 0.0
-4.231090471 1.224819708 0.0
-4.008265358 -7.6588618 0.0
-0.2773931102 -5.999795718 0.0
-2.860875375 -5.742585739 0.0
-2.497872187 -2.387671065 0.0
-3.831466719 2.719379216 0.0
-1.030252254 -2.897506925 0.0
0.3271806635 1.43583842 0.0
-1.936746919 1.104960802 0.0
-1.681890762 -3.589444702 0.0
-2.035324922 1.988339019 0.0
-4.211823705 -7.84878398 0.0
-11.35006003 -6.444939732 0.0
-8.050585987 -3.069653557 0.0
-10.57432867 -9.57498804 0.0
0.8065105968 2.678017276 0.0
-2.137430313 0.8397946494 0.0
-5.48087488 -2.323996972 0.0
-8.893390308 -5.57701421 0.0
2.914310331 0.5823741154 0.0
1.902930069 4.246575358 0.0
0.8057128786 1.915525851 0.0
-0.1695496248 -1.347538413 0.0
-2.785440314 -3.088119148 0.0
-0.7705422421 -1.644881107 0.0
3.902583769 2.317729363 0.0
2.004058125 3.527120167 0.0
2.973346627 3.597200465 0.0
-0.07776009406 -1.103913369 0.0
2.664522444 -1.155006473 0.0
3.499098352 -1.47611174 0.0
4.029471384 0.173105162 0.0
4.733835633 1.30425452 0.0
5.623750206 -0.2973397658 0.0
4.766263144 -0.7974615444 0.0
3.333627208 0.4132703596 0.0
-1.77679175 -5.930208983 0.0
-2.805180576 -2.910399552 0.0
-0.8159731248 -0.3764513734 0.0
2.166600736 0.9132948501 0.0
-2.49785962 -7.94389104 0.0
0.6248222796 -8.070324591 0.0
1.46893701 -6.682030465 0.0
2.604595836 -6.954995748 0.0
2.436187404 -5.18332174 0.0
3.898360836 0.5746339809 0.0
5.403985369 -0.5584689793 0.0
5.648477885 -1.13318361 0.0
6.631097643 -0.009953582046 0.0
-4.395612521 -3.990742869 0.0
-5.439037217 -0.8535887556 0.0
-7.211154753 -4.046136919 0.0
-7.721753667 -5.689304176 0.0
-6.536820175 -6.040788237 0.0
-3.262168829 -4.115851432 0.0
-0.5920913455 -1.729603614 0.0
1.617048386 -1.299522993 0.0
3.761909731 -0.3650584207 0.0
4.469635107 0.5345922115 0.0
3.773556242 0.5885807027 0.0
6.269047147 0.4079891313 0.0
3.069237106 0.6472923856 0.0
3.008343407 0.2400117933 0.0
3.331452728 0.7553488763 0.0
3.697518442 0.7302391342 0.0
1.526536882 -5.585062729 0.0
1.909461252 -6.490394782 0.0
2.520786541 -6.744373708 0.0
2.532304936 -6.717878515 0.0
2.087581811 -6.258940483 0.0
2.981400337 -6.663556299 0.0
1.215803452 -6.221304606 0.0
-0.08611596786 -6.517974572 0.0
-1.497977759 -6.833340947 0.0
-3.024716751 -7.325778853 0.0
-4.415679131 -8.005106679 0.0
-5.190774316 -8.165943734 0.0
0.1964102634 -7.220761338 0.0
2.383320296 -6.58950152 0.0
2.353398055 -5.967877266 0.0
-3.804708663 -0.1152890565 0.0
-6.555625028 -3.423573888 0.0
-5.58832442 -3.595227092 0.0
-10.22432983 -8.208595998 0.0
-8.94946222 -6.925061346 0.0
-3.892145331 -3.170732471 0.0
-2.694113677 -2.398992849 0.0
-0.510523663 0.8206635476 0.0
-1.388878472 1.477687036 0.0
-1.273832662 1.081434923 0.0
-1.325857467 -0.3798108999 0.0
4.567823556 -0.08933058198 0.0
1.697746016 -0.5462158426 0.0
2.639295718 0.9769808023 0.0
1.35911559 -4.37196727 0.0
0.3223085373 -5.207659362 0.0
1.147134604 -6.504050255 0.0
1.689619199 -6.715047848 0.0
1.609508256 -5.891726797 0.0
0.7440794799 -5.404596779 0.0
-0.5385982978 -5.562764297 0.0
-1.835728705 -6.172772171 0.0
-3.054987751 -6.848755476 0.0
-4.131732785 -7.615060056 0.0
-4.901731018 -8.148423696 0.0
-1.169872348 -7.445172044 0.0
-2.790171425 -7.7411033 0.0
-5.849575602 -3.906899339 0.0
-9.60489186 -2.975084312 0.0
0.1154771237 -5.271303946 0.0
-4.750293427 -2.622762712 0.0
-0.9752613876 1.238172918 0.0
-1.487095313 -4.689527893 0.0
3.400194226 0.3911252665 0.0
1.21923191 -0.7791860761 0.0
4.105592035 0.5959716918 0.0
-1.632196886 -3.341501243 0.0
2.903811917 -6.312343522 0.0
4.936660325 0.5553099041 0.0
-4.453302776 2.451912345 0.0
1.631785192 -5.138815033 0.0
-4.25615812 -8.509514568 0.0
-5.201691077 -8.621194295 0.0
-4.59246691 -8.177625807 0.0
1.324682076 -1.995286704 0.0
-0.7582934317 -4.495233524 0.0
-3.516365707 -2.34819639 0.0
6.232170636 -0.4846848119 0.0
1.70246114 -5.55661932 0.0
-1.597151986 3.471498391 0.0
-0.3110793833 5.16237056 0.0
-1.221743438 1.440094769 0.0
-4.039720387 -8.468381527 0.0
-3.747874694 -7.236846027 0.0
-3.695450137 -7.621204528 0.0
-3.081382445 -6.667438978 0.0
-3.487947366 -7.117402995 0.0
-2.188049407 -4.975901697 0.0
-2.706639157 -7.089066641 0.0
-2.026736743 -7.2823273 0.0
-1.447600127 -5.929020735 0.0
-1.847230263 -5.342525575 0.0
-2.39503598 -4.996628886 0.0
-3.280296582 -4.214503535 0.0
-3.583588753 -4.081285826 0.0
-3.864104261 -4.089673551 0.0
-3.441883417 -4.192684651 0.0
-2.931106094 -4.794605773 0.0
-3.00196552 -5.217127596 0.0
-3.099990691 -5.637520387 0.0
-4.402357112 -1.781941116 0.0
-3.850473546 -5.695376685 0.0
-3.433981314 -3.802144215 0.0
-1.619497244 1.856808744 0.0
-0.9902463752 0.4241481044 0.0
-2.818374705 1.693336992 0.0
-8.136007433 -7.3008022 0.0
-8.229106832 -7.444717238 0.0
-12.46363095 -12.27833107 0.0
-7.747636932 -8.53651883 0.0
-12.67255683 -12.62184221 0.0
-14.28550118 -11.0984674 0.0
-15.21437764 -8.665004873 0.0
-14.78685496 -6.692122524 0.0
-13.6829041 -6.163089187 0.0
-13.19743601 -6.531980518 0.0
-13.79736625 -6.744473013 0.0
-8.886349267 -3.389124055 0.0
-12.87704092 -6.629645909 0.0
-11.33024243 -3.116034948 0.0
-8.642958275 0.2485323158 0.0
-7.365205223 2.862992077 0.0
-6.781792125 1.88351776 0.0
-5.613579049 1.089542941 0.0
-3.758994964 -0.6446897649 0.0
-3.193131103 -5.262026212 0.0
-1.466812947 -6.554330662 0.0
-2.301430638 -4.627657014 0.0
-0.07095596325 -1.545977386 0.0
0.7294050858 0.280811231 0.0
-6.611363966 -5.504482598 0.0
-3.828654081 -7.867350687 0.0
-2.681522419 -7.480809475 0.0
-3.211419743 -6.67982197 0.0
-3.081306589 -6.110537289 0.0
-2.383276067 -5.376474985 0.0
-3.259246576 -5.092325037 0.0
-3.771301869 -4.334208856 0.0
0.3576815584 -6.082379843 0.0
-2.109065631 -2.695048866 0.0
-1.577996627 -6.476392762 0.0
-0.9356622917 -4.964274746 0.0
-1.927902641 -5.255875456 0.0
-2.505343657 -3.825560217 0.0
-1.656618338 2.253328288 0.0
-2.42234119 -3.644094005 0.0
-0.7419289521 -7.364354207 0.0
-2.370279744 -1.155018459 0.0
-2.792545974 0.6936650806 0.0
-0.6997365071 14.95657501 0.0
0.8635240173 -1.184133933 0.0
-3.118878128 -4.511916487 0.0
-5.705231086 0.2349007625 0.0
-6.674694431 -6.367286483 0.0
-1.412503601 0.4919546205 0.0
-5.186271889 -8.248684444 0.0
-11.2328858 -13.80050066 0.0
-14.84647332 -14.39561224 0.0
-16.5929311 -13.31889492 0.0
-16.24675231 -11.53563782 0.0
-14.12208176 -9.974624686 0.0
-10.48294676 -9.419360932 0.0
-4.760624195 -9.728219264 0.0
-4.597637443 -5.782475492 0.0
-2.98542024 -6.718163177 0.0
-2.920507716 -1.057253144 0.0
-3.6245722 0.05827776762 0.0
1.454447505 0.557396128 0.0
-1.142755264 -3.964145224 0.0
0.04092367476 0.5291418754 0.0
4.262061001 -4.101364833 0.0
-1.591525485 -2.405930351 0.0
0.9310341855 -1.368882156 0.0
4.763086334 -0.623310849 0.0
0.8640499892 1.42697054 0.0
-3.895066324 2.540389751 0.0
-2.317976994 0.3388069237 0.0
0.6637102648 -11.44489897 0.0
-1.642633451 -7.735478888 0.0
-1.800274084 -7.222200019 0.0
-3.121056823 -5.641750711 0.0
-0.4270274832 -3.531391514 0.0
1.703002788 6.658624847 0.0
-2.990306943 -6.374313931 0.0
-2.987379002 -6.105149341 0.0
2.984334166 -5.343370231 0.0
0.6031234783 -8.433566446 0.0
-3.328917615 -3.623035252 0.0
1.836137227 -15.32592104 0.0
0.4353416804 -21.423057 0.0
-3.982932968 -2.88348096 0.0
-2.885957436 -3.329742958 0.0
0.6305197798 -21.88554634 0.0
1.193869875 -21.45765264 0.0
-2.058798159 -6.087671669 0.0
0.2274054991 -12.11890471 0.0
0.7527225474 -13.51521442 0.0
0.7269877724 0.2704970536 0.0
0.7994015705 -9.897794545 0.0
0.7066908473 20.7595291 0.0
1.180327534 4.289853991 0.0
-2.755558528 4.921697593 0.0
0.7207513185 15.21644772 0.0
0.619494389 21.1448514 0.0
3.589518559 12.23353148 0.0
-0.6914589643 9.358695694 0.0
-11.57922767 -10.02998355 0.0
1.76948963 21.32266452 0.0
0.7401860914 14.77208182 0.0
0.7694943842 21.18472873 0.0
0.3577498136 21.44339597 0.0
1.065068684 21.3873152 0.0
0.62373306 14.81743302 0.0
0.5395072939 21.39252422 0.0
0.7100171347 11.57135918 0.0
0.5444989374 21.22577502 0.0
0.5112175662 21.42900986 0.0
4.361941642 8.727324385 0.0
1.272991203 8.858765196 0.0
1.476602077 21.38507608 0.0
2.825445794 -0.1982932396 0.0
0.6803749595 15.36962 0.0
3.932026502 12.32144345 0.0
0.106504073 9.649901487 0.0
1.012174654 21.91544689 0.0
-11.7985218 -9.130923421 0.0
4.750535287 7.643270007 0.0
0.6738977754 21.62411229 0.0
-3.300050493 -3.787083566 0.0
0.6815397839 21.49882414 0.0
-10.48150693 -4.212455714 0.0
0.4150349044 -21.43398223 0.0
0.6190235136 -21.38367734 0.0
4.42217559 -12.65020634 0.0
0.5608086126 13.45746208 0.0
4.221168238 -9.50419386 0.0
-8.964219277 -6.281373518 0.0
-5.411985002 0.409076264 0.0
0.6280407445 -21.91453022 0.0
2.822636716 -5.799235651 0.0
1.430063326 -21.38093851 0.0
0.9826109946 -9.322943825 0.0
0.4283587457 -21.55696931 0.0
0.2933483987 14.32205025 0.0
-3.484623794 -3.211007378 0.0
0.7982840377 -8.872430019 0.0
0.8036576481 -8.609417836 0.0
0.5776823602 -14.73047839 0.0
0.534747593 -21.46688543 0.0
-3.386879766 -4.528727765 0.0
2.837523624 -5.019582733 0.0
1.856453988 15.18890148 0.0
-1.712218827 -2.923381197 0.0
-1.439825062 -4.561330063 0.0
</DataArray>
<DataArray type="Float64" Name="pressure" format="ascii">
3286.938451
3663.289684
3673.236118
3707.456278
3257.251628
3316.72707
3689.957397
3212.457475
3404.792895
3269.349335
3507.80458
3214.018281
3552.227743
3571.032974
3274.931919
3252.757852
3761.286743
3329.729027
3387.365807
3611.466255
3585.275879
3737.020829
3588.757609
3175.079968
3300.147339
3256.148837
3448.868828
3317.665927
3290.826171
3511.192063
3500.887307
3268.624538
3466.859381
4931.099252
3473.613402
3348.366129
4377.28952
14285.71352
3884.004868
14285.71425
3574.409802
3445.872657
14285.71428
8298.349652
8320.475325
5925.194873
8444.324992
12531.60432
14285.71427
9019.285377
3194.716057
8586.289292
14285.71408
14285.71411
14285.71391
14285.71428
14285.71363
14285.71424
14285.71416
14285.71362
12495.14615
14285.7142
10211.57438
14285.71403
14285.71428
3712.658997
3127.546152
3588.719602
14285.71423
14285.71427
6938.032024
7260.420624
3552.209574
14285.71395
8784.253904
12947.08668
8545.094993
14285.71413
8142.372964
9344.537728
14285.71428
9514.739065
10973.89535
3551.597442
14285.71412
14285.71344
14285.71399
6850.274135
14285.71422
9626.69382
10467.42933
14285.71393
14285.71393
14285.71368
14285.71356
14285.71427
14285.71425
14285.71425
14285.71385
11149.01197
5841.828599
6861.276199
9495.915942
8372.02548
14285.71416
14285.7137
14285.71424
14285.71377
14285.71406
11351.84787
11718.90784
11133.46985
14285.7139
14285.71342
14285.71386
12593.96732
14285.71417
14285.71295
14285.7142
13864.8339
13471.29679
14285.71412
14285.71385
6817.674806
8846.413197
9403.07975
8341.771046
12613.43695
8744.287365
14285.71414
14285.7127
14285.7141
14285.71404
14285.71426
14285.71395
7155.124779
9100.042658
7902.832019
7965.331819
14285.71425
3722.272267
14285.71428
14285.71428
3612.10711
10164.35965
2952.769848
3302.779219
4216.542031
3325.154629
3573.694639
3259.893153
7876.770194
14285.71428
3490.958501
3356.927091
3846.016431
14285.71412
7218.293481
7438.56248
3487.176272
3337.378295
7378.93945
7110.252895
6511.354991
3053.861193
6450.223121
3140.308795
3252.939152
3497.215715
3156.636431
2829.95926
13580.18085
14285.71375
14285.71326
14285.71348
14285.71425
14285.71429
14285.71397
14285.71408
14285.71407
14285.71424
14285.71407
14285.71397
12800.75411
10941.74974
10947.69545
9611.248969
8152.920349
7394.577662
7748.688246
9060.833987
9364.251783
6883.69435
8716.554088
14285.71397
14285.71425
7988.537406
8481.360798
8716.423103
6071.168715
5613.566815
7033.000099
8070.582096
9072.242044
10055.64919
10098.66605
13383.65546
14285.71425
14285.71419
14285.71409
14285.71414
14285.71425
11910.21771
14285.71388
14285.7137
14285.71315
14285.71404
14200.97678
13427.92415
11929.54913
12987.83404
12515.21426
6783.626922
7331.541654
7663.183522
8020.14523
8869.55608
10019.42186
10958.28176
11627.72977
12071.22193
12400.03523
12486.09924
12332.01682
11955.53174
11569.688
11429.82413
9607.126664
7670.484606
7429.459019
7910.541952
9126.308165
9555.680701
6906.611694
8560.438562
14285.71303
13145.17423
7805.035902
8394.882186
8077.241124
6433.649138
6146.108835
7002.470882
7300.423209
8969.72394
10817.61719
11285.3383
11459.05237
11886.06788
12247.63472
12353.35487
12247.79606
14285.71423
6252.906647
10578.24355
9495.416452
8333.021625
7572.278994
6942.108508
5935.719284
5023.314104
5649.777512
5106.731795
14285.71428
4240.755014
4012.935155
3795.610117
3692.265998
3880.3557
4249.909771
5081.192503
5952.4998
6699.88773
7530.06112
8226.564579
8666.537453
8958.109526
9062.380708
9064.679614
7664.258485
7538.34677
8229.612811
9124.600836
6849.456578
8230.396338
14285.71383
13444.26248
7533.315419
8474.336283
8232.709181
5667.088769
6290.045179
7237.251595
8905.492754
8895.967693
9058.410018
9077.614187
8926.802683
8500.580683
7991.838029
7138.422784
14285.71398
3693.273534
4857.494964
4314.005829
4028.385681
3996.380435
3937.133054
3836.492721
3684.842332
3368.314468
3000.315175
12046.14504
3375.833132
3362.287216
3249.819707
2745.679473
2486.547951
2517.967966
3327.314532
3492.508925
3936.779469
5750.998215
6877.559576
7400.11462
7399.322097
7371.37542
9553.212541
9978.243398
6577.537895
7843.189883
13915.78906
14081.237
8495.96967
7456.400326
6016.403573
6252.044893
7068.65078
6704.62578
6180.345306
5325.894009
4467.971537
4001.284425
3807.260676
3663.712498
11445.11428
3513.056093
3417.024401
3468.887838
3591.330604
3692.236609
3491.99243
3206.822689
2937.365105
2762.183717
12260.03885
14285.71411
3057.703839
2499.73402
2404.573511
2710.517068
9185.063778
9008.295913
4184.111703
5916.315435
7399.89883
7902.722117
7878.803077
14285.71429
8194.250234
7887.706499
6374.901615
4605.565059
3893.442042
8827.784301
5497.656795
3441.076506
3557.781069
3705.679461
3668.350971
2347.123916
2632.991355
14285.71406
12805.86219
8107.617353
5720.79686
5701.327735
3282.627682
3108.473379
2854.392165
3024.835897
2785.614651
2349.850685
2772.350533
4685.463506
3471.020134
3665.962584
3274.030026
5926.077127
5128.343988
6558.867626
7643.718119
7157.937887
5637.597237
5771.806227
5386.066651
3431.82155
3273.236081
3288.389701
3444.232041
3453.105461
3374.954455
3516.824281
3590.753933
3696.4553
3377.648938
2918.284054
3186.589017
3531.88677
5709.380938
3720.003747
13705.4703
3152.492452
3505.285927
3558.968276
3501.497843
3586.601759
3613.122748
3765.828103
3612.578628
3129.929419
3153.272054
3291.25648
3107.268099
2680.410706
2984.559382
2743.055376
2754.95274
2814.933022
2877.625519
3079.206422
5020.875081
4613.314617
3262.420269
5191.115356
11966.8855
11391.67936
4832.053399
4069.31011
3440.843076
3174.420715
3576.654745
3200.962182
3436.669788
3405.681572
3605.231359
3617.749453
3643.686719
3720.915525
3757.890156
3705.894961
3281.9255
2784.887015
2931.326592
2792.399647
2906.066059
3053.122413
3150.585083
14285.71378
14285.71411
8988.123465
5193.482892
3983.782642
3206.814614
3163.554369
3332.359403
3559.21089
3615.42524
3633.826845
3600.234944
3203.512241
3145.84602
3125.315522
2839.320439
2862.648994
2882.148482
2922.620805
2972.982216
2969.384938
3059.580719
3021.322466
3253.057717
3092.169163
3165.875909
3274.654254
3325.666972
4154.040516
9777.566196
14285.71416
14285.71415
5572.194482
3736.897588
3312.559273
3637.375031
3135.011922
3158.941146
3165.505967
3204.848127
3219.927061
3171.324113
3383.479215
3472.243934
3521.769761
3597.123809
3617.174374
3597.997764
3618.239795
3632.27947
3642.19938
3724.000959
3742.063076
3689.632088
3657.950942
3256.350768
5258.709706
3556.738857
14285.71372
14285.71414
3806.87626
3658.632785
3569.080999
3223.605699
3077.938158
2922.242981
2990.131965
2848.65813
2855.753042
2886.862269
2994.300562
3024.971986
3216.300847
3026.557944
3214.19369
3614.387482
3384.152862
3150.700571
2605.437018
8331.744105
14279.6905
9721.476015
2694.907984
3370.829039
3413.578957
3128.670822
3207.536686
3117.981295
3153.992528
3174.992676
3209.757967
3319.067297
3409.128377
3535.101712
3469.521266
3482.220196
3563.806896
3587.714815
3572.414201
3607.822555
3622.308134
3647.483185
3665.23639
3724.567383
3700.898951
3744.097525
3682.450803
3653.461738
3571.383592
3302.39387
3206.805333
14285.71427
8412.819259
14257.44599
3207.3124
3271.396103
3018.988484
2894.354175
2804.382433
2813.3217
2842.754641
2904.443238
3122.645599
3170.583575
3259.884605
3162.144038
3298.856355
3294.068065
3378.312783
3389.57022
3285.92903
3211.686577
2925.861852
2803.989838
7445.930731
14285.71407
7314.021329
2924.260786
2942.007264
3096.752923
3063.123563
3148.09169
3132.950277
3181.595819
3141.949644
3267.886373
3360.680596
3329.839638
3432.577591
3439.130687
3520.777988
3550.686461
3551.277764
3592.916262
3566.731219
3649.848065
3673.167392
3728.521834
3744.673678
3668.41949
3661.021389
3577.851955
2999.914252
3081.251492
14285.71427
14285.71409
14285.71397
14285.71407
3325.681138
3182.893192
3260.871873
2842.497956
2812.794907
2858.475557
2944.138247
3035.091644
3121.993809
3197.71198
3280.188104
3311.459157
3369.968245
3379.935319
3228.143422
2937.232528
3451.564475
7451.613511
6977.850695
2780.051889
2979.124283
3138.546093
3094.507068
3167.980838
3117.940954
3173.393809
3218.374908
3378.845911
3273.291555
3281.679982
3385.789869
3393.537833
3483.609304
3520.39131
3611.444802
3652.459677
3740.941944
3732.205302
3663.374738
2875.996982
3324.598992
3403.604401
3348.167297
3284.788337
3490.208843
14285.714
3112.337141
3581.253538
3152.470302
3236.585531
2956.189062
2826.788821
2802.868771
2778.315626
3099.285885
3189.822946
3265.570669
3405.170305
3370.151016
3481.009439
3437.183111
3428.741734
3184.627782
3360.269687
3301.540275
3126.45269
2788.43886
2936.626804
3060.230324
3112.882543
3104.566801
3099.726441
3138.804236
3173.574905
3227.124877
3443.734015
3526.469937
3616.002139
3509.635104
3758.544304
3250.665903
3181.676123
2892.343945
14285.7142
14285.71394
14285.71415
14285.71412
14285.71429
3130.068395
3096.325295
3100.23041
3113.557651
3236.056097
3687.053965
3655.890414
3645.011925
3660.36348
3112.247431
2987.653394
2887.925889
2783.371539
2770.637272
2897.805904
2953.9659
3072.016383
3281.602377
3277.251842
3352.26857
3488.436248
3441.58731
3425.025283
3466.048492
3534.456226
3442.439546
3487.517319
3525.761514
3478.705379
3415.031747
7853.065852
8180.50746
7372.040307
7860.856667
3792.138141
3062.381223
3100.827369
3120.514348
3118.770589
3091.507373
3114.801407
3105.543722
3141.935754
3185.314357
3286.8716
3341.174067
3385.596244
3491.325868
3543.789236
3657.402351
3663.837542
3704.324353
3767.663619
3697.1193
3628.496221
3656.629184
3600.459615
3739.621202
3783.606182
3360.080155
14285.71423
14285.71415
14285.71388
14285.71411
2934.117627
2921.140717
3059.262052
3207.856066
2895.432719
2816.203078
2744.000813
2841.549343
2780.545498
2969.971388
3029.652124
3163.767975
3398.024485
3377.986534
3447.555076
3515.780165
3528.520431
3566.335937
3531.393334
3512.356712
3452.439975
3373.087299
8714.173075
8440.301071
3451.546316
8426.699223
3085.163026
3014.966205
3085.301823
3112.971466
3147.359797
3172.156225
3104.551795
3101.43935
3126.278426
3121.686718
3153.242457
3190.61749
3236.102361
3393.86681
3282.927695
3442.931452
3316.776412
3442.759756
3602.300368
3663.070554
3656.619476
3718.935338
3768.843874
3681.245716
3609.715647
3653.451585
3612.267444
3140.414096
2727.122341
2817.365993
3131.617265
3279.130071
3560.536573
3577.476055
3573.948864
3544.745722
3527.704112
3343.284725
3468.505875
3368.644442
3773.863011
14285.71427
4155.322991
2969.125293
3221.136583
3139.871656
3140.324202
3208.236354
3150.338929
3134.741975
3160.948444
3190.523038
3333.787733
3225.955028
3379.288202
3585.865257
3460.702987
3729.275715
3771.446618
3656.350413
3649.79749
3621.462623
3556.345883
9097.879822
3136.883636
2750.644641
3484.859159
3540.291407
14285.71423
3199.460793
3268.224845
3557.774885
3209.55593
3496.118976
3703.518483
3450.683597
3543.218224
3588.5585
3274.6234
3542.672793
3646.315408
3667.219772
3349.477135
3516.677794
3454.420282
3676.92944
3283.61171
3759.329115
3634.69974
3668.591057
3647.10514
3187.181423
3411.217518
3308.402638
3659.343391
3065.986424
2801.512059
3207.517898
3358.147101
3634.552945
3210.904989
3310.196691
3540.867381
3603.101494
3427.506661
3314.964725
3565.84387
3632.961322
3672.251029
3611.354223
3518.763431
3469.799802
3585.640795
3454.630522
3564.835113
3398.020389
3650.897817
3643.175081
3499.157527
3427.363312
3439.900265
3259.035643
3290.842632
3264.23124
3315.027818
3182.292836
3159.226806
3677.994779
3605.111359
3502.397963
3659.423758
3752.415041
3448.347247
3311.195762
3268.376644
3344.480868
3270.103605
3632.316058
3663.1245
3679.65784
3514.305083
3304.470485
3530.549317
3459.879841
3489.561624
3507.093578
3346.976176
3733.112984
3603.46067
3525.388805
3512.920802
3320.814141
3502.723509
3523.29905
3562.620532
3165.167292
3118.405601
3366.313438
3347.527246
3129.695126
3478.125333
3675.000012
3494.98008
3559.510925
3497.536153
3658.905556
3657.956074
3698.463686
3590.491273
3256.930329
3443.516393
3288.438378
3526.854215
3430.516954
3455.64333
3456.90936
3497.544745
3609.443136
3402.599857
3463.979381
3511.866503
3376.84856
3507.367579
3232.031145
3313.108797
3250.969127
3660.130688
3643.06117
3738.31867
3648.040422
3594.803528
3534.321721
3161.527349
3424.324343
3361.472735
3273.944533
3645.473758
3638.222584
3393.147765
3648.41759
3381.522479
3676.034044
3650.38324
3743.841015
3244.9841
3413.141655
3383.575515
3235.096816
3430.392588
3325.822715
3312.624761
3689.373178
3383.864207
3381.409387
2992.876474
3177.046981
2831.025691
3233.976032
3244.793959
3131.603187
3340.975264
3559.532732
3662.627206
3598.619682
3322.606286
3688.935177
3377.652332
3568.022066
3617.069201
3636.437272
3534.487757
3647.195527
3327.143805
3704.96104
3369.964944
3320.988133
3461.631069
3248.959118
3328.929801
2952.292295
3225.729409
3404.426851
2900.022917
2788.440108
3369.735486
3662.18537
3551.680967
3514.416753
3404.492874
3768.103142
3286.926762
3359.835382
3343.23888
3128.33479
3268.178746
3303.878376
3182.264447
3473.366675
3543.905033
3226.983428
3419.510725
3412.852173
3481.748178
3509.929257
3760.463467
3658.37206
3588.308283
3493.117354
3243.870235
3298.855439
3653.862908
3398.340241
3488.595543
3365.351133
3273.066899
3313.042104
3349.286795
3417.279493
3657.974901
3721.904544
3613.11857
3615.786489
3424.986136
3063.765198
3527.104003
3627.965587
3655.078856
3212.478374
3175.355271
3163.451169
3330.277882
3582.672247
3709.337799
3650.006953
3573.442432
3537.095555
3522.919766
3523.971451
3536.85859
3560.535039
3126.065766
3462.082286
3364.360465
3326.442297
3079.043272
3620.63815
3622.064716
3265.891675
3543.731114
3562.686801
3201.09382
3421.599243
3496.191746
3361.438975
3642.592304
3200.985515
3648.381801
3779.595514
3711.803582
3799.191688
3420.54005
3219.738494
3300.120441
3107.153888
2967.707621
3324.365919
3307.759634
3335.556848
3377.304619
3687.684453
3637.493232
3418.445723
3444.231242
3306.694377
3081.137907
3333.912509
3390.035764
3440.482937
3331.207528
3771.963622
3516.325005
3705.626618
3448.039038
3320.753685
3249.303082
3380.338393
3218.732807
3444.29955
3554.24908
3599.732152
3614.127565
3658.046054
3617.361635
3551.702122
3664.400175
3573.374929
3504.083879
3411.229527
3072.665159
2993.639081
3154.215756
3609.591707
3395.786355
3676.139389
3580.437433
3236.604476
3160.56657
3583.176397
3547.871462
3507.980305
3318.140676
3199.807137
3612.623819
3687.546151
3715.037367
3605.981678
3484.858725
2892.575243
3237.805803
3092.091623
3651.251447
3317.368104
3545.798792
3616.125522
3629.431805
3572.993621
3650.242983
3592.350388
3538.259767
3648.850829
3327.250351
3523.784532
3369.442025
3301.768629
3719.246414
3358.881044
3321.761183
3350.003602
3753.364042
3676.564105
3470.630762
3283.744261
3490.983865
3234.534119
3541.573694
3642.235893
3607.905608
3422.937729
3438.671886
3274.259975
3066.985179
3249.491341
3192.56605
3322.371968
3223.027508
3630.770348
3680.123234
3569.475759
3479.186076
3445.071674
3781.164011
3700.273458
3489.880286
3246.553567
3124.222756
3169.403692
3140.911772
3551.111076
3463.829246
3390.259381
3355.540692
3622.598963
3557.887187
3552.019908
3220.926412
3498.960061
3288.647308
3587.524747
3479.296602
3402.878483
3528.706283
3262.67011
3680.247693
3052.737522
3648.287659
3872.720649
3753.968339
3841.818535
3177.104589
3186.290217
3412.087348
3361.100948
2762.769344
3103.360889
3356.252348
3285.173618
3284.001058
3438.583578
3452.844301
3677.370307
3621.388243
3457.820299
3483.538751
3308.535939
2826.731806
3465.113957
3485.897897
3345.676085
3793.76049
3575.813493
3769.391199
3426.681564
3237.687413
3519.041459
3662.641516
3606.79436
3534.460321
3621.326892
3697.321331
3688.830439
3613.068817
3273.997544
3693.014262
3426.958592
3755.102246
3619.271208
3075.603354
3433.076959
3361.023176
3773.90132
3095.783444
3403.448899
3566.234018
3652.78822
3660.01132
3582.026233
2968.078186
3086.902099
2988.076991
3188.95028
3029.072244
3261.122106
3425.54223
3527.872732
3320.110975
3351.923585
3160.856393
3244.369135
3163.844022
3610.940228
3751.640195
3756.440303
3658.49139
3494.77315
3323.258517
3346.40023
3377.187881
3476.468576
3434.014648
3600.255628
3313.447146
3236.750839
3472.496574
3213.886032
3269.465961
3343.369
3400.761169
3448.154593
3499.73105
3575.007784
3672.640176
3732.077404
3769.309025
3605.419705
3447.172781
2957.673648
2775.305883
3514.009287
3619.016145
3672.84948
3594.82693
3420.453966
3445.502055
3315.655671
3149.488795
3036.033543
3264.064186
3451.45077
3562.123368
3581.329607
3567.817451
3560.897149
3551.139336
3558.110117
3570.598395
3587.175432
3414.437653
3336.501611
3618.259902
3311.208658
3563.911651
3172.039827
3426.632438
3644.965064
3355.9335
3533.798282
3501.630004
3553.916067
3066.633634
3776.44952
3639.75532
3948.789634
3756.912721
3865.36419
3185.880227
3462.20582
3515.426184
3560.334484
3581.318785
3412.99667
3269.730624
3286.618705
3455.118784
3530.420566
3674.357969
3602.259462
3492.781006
3485.918945
3336.904152
2556.916304
3591.537991
3586.004372
3249.030884
3805.574692
3626.730651
3832.059348
3344.141783
3204.361079
3739.875374
3619.83135
3484.688948
3638.953285
3641.603275
3701.590121
3756.424325
3682.421215
3673.300954
3123.911873
3834.978297
2962.467412
3172.500362
2813.890047
3265.303271
3857.579591
3222.965856
3232.303785
3597.101962
3440.77088
2881.679834
3416.512153
3377.036562
3142.12979
3604.689791
3550.816619
3540.847303
3669.6743
3491.426024
3137.230081
3180.734753
3577.972288
3482.523725
3514.612775
3375.296408
3276.514842
3593.110514
3520.46748
3415.547473
3423.868386
3259.20475
3273.432815
3373.27096
3427.873501
3475.525358
3519.580926
3565.329024
3635.841228
3704.581906
3744.3264
3706.196312
3642.471365
3281.303436
3044.849057
2778.205388
2730.16348
3577.25806
3639.69523
3632.848091
3533.088956
3555.152359
3393.325671
3197.24414
3056.336429
3062.59275
3153.289905
3301.412591
3426.018829
3491.721771
3518.941825
3527.548583
3531.893277
3545.22166
3558.12699
3571.060984
3585.289821
3682.621277
3355.714284
3367.413732
3371.866707
3352.193138
3593.29666
3431.137556
3353.200754
3254.276317
3450.859658
3314.556856
3311.586349
3112.519005
3266.530229
2975.817234
3243.10603
3132.11705
3524.790829
3557.403568
3456.491875
3282.254888
3158.149447
3002.309964
3886.372362
3651.579511
3690.55225
3679.896726
3162.493677
3170.349188
2986.456429
3028.247919
3175.114773
3441.756773
3572.862915
3303.589606
2322.390809
3737.033396
3653.388596
3196.660873
3811.30925
3646.266106
3195.776301
3174.935383
3507.752319
3591.162157
3753.351842
3654.667092
3453.672054
3664.197461
3623.693064
3707.576844
3804.416979
3682.34717
3021.404405
3822.11378
3872.73045
3019.367392
2711.024847
3023.050508
2747.53002
3491.635704
3143.775144
3874.230511
3987.393197
3622.379304
3069.163917
3577.906592
3614.173814
3581.308917
3193.035204
3201.719677
3264.311911
3435.749571
3509.554715
3483.686045
3188.46314
3690.197892
2878.651243
3600.974417
3366.538937
3608.316907
3355.198105
3527.501757
3572.155924
3753.700761
3883.478446
3572.030612
3752.667398
3775.02807
3345.549061
3882.477081
3573.07273
3243.350432
3306.077865
3192.707463
3189.443832
3274.353577
3549.729685
3580.855564
3583.589808
3572.300201
3538.506407
3124.305926
3334.283023
3337.725339
3427.199492
3146.69052
3049.529107
3106.859923
3286.511316
3506.805802
3231.964134
3292.630954
3241.866522
3340.013437
3366.946877
3409.838195
3501.68597
3542.974222
3576.396641
3628.968581
3690.679773
3731.893477
3715.165259
3575.141659
3343.167547
3110.229998
2885.042581
2677.139834
3622.964921
3639.76691
3592.485028
3570.839802
3631.429136
3650.933229
3475.65998
3273.272999
3074.794385
3110.348658
3196.302662
3293.75381
3367.085116
3413.853309
3442.816584
3478.473775
3501.015944
3519.837843
3534.997309
3551.887646
3561.487373
3542.909939
2319.752728
2900.262298
2942.283502
3370.161957
3752.247203
3567.194481
3275.104119
3746.182948
3151.864878
3616.027273
3398.80246
2241.795483
3843.195912
3682.132169
3225.291554
3275.38267
2981.721611
2638.194892
2705.690649
3078.041681
3362.411326
3449.950168
3482.090979
3318.776884
3134.656427
3002.900239
3820.535245
3646.092922
3904.184999
3250.56416
3645.540482
3591.91152
3714.055051
3696.907576
3443.912717
3561.694551
3711.788134
3833.032463
3779.98777
3710.699304
2993.18074
3823.308385
3867.77373
3544.237961
2675.828347
2744.794074
3884.474
2583.615492
3054.041832
3094.839146
3509.399604
3564.716936
3251.723728
2986.5464
3943.316962
3605.343323
3734.866632
2591.920239
3590.819153
2817.129742
3730.671279
3474.12016
3698.504193
2801.885269
2488.965557
3543.792376
3357.811508
3090.976768
3111.067998
3351.537773
3691.872736
3143.812736
3345.516753
3341.477292
2628.187519
3612.91071
3198.983594
3616.358804
3667.080644
3358.639361
3227.267674
3038.642782
3268.822422
3254.706227
4381.782848
3013.342531
3228.341329
3762.8029
3670.677567
3254.584731
3378.639931
3493.568731
3477.906868
3454.323732
3334.037463
3255.286658
3118.137995
3122.697831
3360.165023
3551.166767
3724.574863
3637.995553
2745.943598
2794.351435
2949.882948
3179.746702
3494.521018
3605.420929
3702.191842
3589.2275
3457.901998
3487.891912
3317.797503
3421.405985
3390.810842
3299.952502
3468.332001
2778.473011
2716.738755
2460.857809
2548.650103
3193.423495
2891.949311
2863.109347
2505.642785
2734.332914
2585.615011
3353.166507
3501.73541
3544.936297
3374.718212
3380.65478
2964.928882
4041.609953
3625.707525
3186.853902
3527.11232
3438.725497
4000.500866
3596.467413
3557.087051
3983.145142
3718.31093
3729.114052
2542.469714
3880.184149
2538.257744
3824.705022
3707.262621
3330.529871
3829.353268
3661.490901
3896.006158
3019.454781
3331.809883
3716.475293
3623.662936
3728.498645
3708.317907
3130.362471
3736.724439
3843.370817
3778.530792
3750.187733
3164.389735
3722.071876
3850.826026
3335.822384
3691.998136
2926.256486
2539.077544
3810.57287
3794.400832
3379.875311
3185.064879
3299.527373
3547.363964
3594.494489
3861.69067
3725.663837
3992.239474
3998.852444
2288.558723
2832.388958
2810.272245
2554.210803
3029.571705
2800.058322
3633.050217
3505.787192
2450.123699
2986.587589
3640.000003
3918.926518
3275.058866
3098.958239
11679.29747
8790.537315
8867.574717
9361.585644
6757.048425
5510.553187
4291.705829
10845.5126
7409.664785
3160.352268
5630.269677
6205.227512
6370.240544
3883.459172
3334.436047
3448.476496
3475.060933
3487.515104
3511.993577
3542.28176
3572.464436
3449.729266
3595.314091
3622.753553
3644.363425
3658.278874
3647.70635
3582.690368
3443.428466
3242.154629
3028.664929
2828.051457
2700.113922
2698.268587
2868.832621
3640.341511
3639.580781
3580.1496
3599.299138
3774.073847
3737.489677
3603.807407
3442.343003
3295.364237
3201.780913
3159.627128
3153.967764
3166.647444
3185.990179
3206.885286
3231.510193
3260.684368
3291.012748
3320.442245
3403.123566
3348.118716
3375.149916
3401.012997
3407.374213
3339.79656
3209.718341
3359.420655
3811.80531
7164.514714
7306.055223
6855.533268
7078.880932
6226.028698
6300.247497
6403.131957
3009.199275
6550.60195
6578.654601
6656.645433
6764.917739
6828.506569
6276.785219
5510.133099
6091.371485
6307.219278
2570.348625
6533.058368
3027.3935
6597.520782
2952.254843
6615.459817
3425.926625
6463.848266
6494.65842
3862.021068
3365.689766
2428.642762
3597.717016
3741.753675
3570.062769
3403.311465
3417.061107
3040.460918
3778.191941
3676.534755
3519.351976
3897.35535
3692.547505
3875.65869
2975.036603
3480.937927
3797.205645
3188.481802
3639.363709
3739.941035
3061.352797
3823.980373
3778.180753
3709.873337
3644.627582
3794.460764
3540.436262
3774.189063
7843.901186
3380.483165
2456.619923
2552.273344
8310.959682
11587.32059
14285.71422
4301.450936
3747.43783
3760.596913
3438.594803
3631.371229
2436.619904
3833.500585
3785.924147
3708.077363
3742.06745
3652.640959
3674.328198
3820.210855
2479.844154
3533.242011
3993.494659
2331.710986
3424.553795
5896.639656
5687.234929
3491.77386
8977.204804
3583.08545
5834.480396
2925.174353
6660.70685
3468.620023
3365.389893
3771.864129
3714.972664
3489.386297
3363.251662
3720.95391
2665.7859
3640.936165
3676.031861
8353.143607
6492.452255
3430.219457
3372.254228
2269.057358
3198.262817
3295.45834
3161.608969
3191.124103
3718.52202
3637.713239
3406.856262
3531.519887
3353.743085
14285.71306
6499.599428
14285.71338
14285.71347
14285.71387
14285.71236
14285.71326
14285.71308
14285.71411
14285.71361
10395.32636
14285.71414
14285.71426
3704.717818
3299.828547
3806.222145
3872.921544
3694.67766
3979.34164
3912.58951
14285.71274
14285.71377
14285.71421
14285.71413
14285.71398
14285.71273
14285.71427
13286.6765
3497.926256
3807.786641
3575.724452
3712.840111
3706.684675
3835.248619
3419.818808
3174.923139
3669.935254
3979.855018
3768.523101
3780.99499
3694.108025
3774.088292
3152.670725
3796.327675
3799.670673
3775.520452
3659.219377
3633.305167
3685.154792
3742.890811
3830.692347
3703.325504
3234.818197
2754.417237
3604.953605
3974.29336
3948.424458
3665.838988
3769.475889
3597.221713
3800.43868
3651.597856
3981.03285
2386.213535
3550.720671
13766.14754
14285.71424
14285.71328
14285.71346
14285.71313
14285.71387
13955.09167
14285.71388
14285.71418
14285.71369
3773.01021
2752.299354
2751.284391
3496.079854
3262.912824
3146.327906
3235.971219
2707.625132
3695.218883
3426.469206
3644.117806
3593.162877
3580.935796
3273.140973
3088.859877
3613.927893
3625.89837
3445.62492
3301.857005
3612.93888
3525.833507
3548.436481
3466.09031
14285.71428
3160.456693
8776.352967
4395.431326
3212.882883
3076.703473
3201.641856
3181.881426
3298.181506
3510.504015
3386.171018
3565.314425
3688.551213
11031.59703
14285.71368
14285.71401
14285.71367
14285.71317
14285.71276
14285.71272
9906.660216
14285.71401
14285.7141
14285.71418
14285.714
14285.71428
14285.71379
2419.226178
14285.7133
14285.71424
14285.71363
14087.43233
14285.71416
4060.482893
3671.64109
3301.20564
2360.740063
4021.186966
3619.076291
2400.0196
4093.282904
14285.71392
14285.71362
14285.71389
3201.70138
3292.292909
3248.106629
3589.877011
2904.210398
3631.444468
3625.476427
3737.061858
3169.044668
3172.543503
3236.540089
3750.711921
3339.982878
3516.565917
3569.26791
3562.558354
3603.837736
3530.723476
3410.527917
2790.121672
2996.311709
3589.119303
3575.379917
3243.946273
3554.564033
6837.66639
4013.246804
3875.55844
3178.99255
3570.363408
3950.949129
3732.417965
3368.707828
2929.168678
3227.22484
14285.71396
3205.10387
3592.672588
3338.2409
2949.167181
3099.003917
3752.966081
3146.027443
3346.911216
3388.236477
3711.340622
38.36109898
44.94958542
40.27884585
34.31122345
41.17646343
34.46717664
27.03436824
36.30371658
38.92938064
43.94044246
29.77628846
34.90108492
39.17896032
33.91401671
33.4706615
61.43567684
16.90678816
36.8934821
24.87188969
40.63804676
32.26347804
39.41751771
55.12577861
33.06697356
21.52501576
54.24745889
50.54863048
23.371339
23.62801445
31.95415143
20.35508878
31.15449824
21.69341006
35.81476381
35.19768215
24.72813549
23.15218972
42.5471241
23.99722693
59.27338835
20.31397275
41.06855224
31.95836432
21.27034035
63.10558728
49.89451803
41.25448053
44.44790067
51.71542178
42.83168292
35.78590709
47.2858468
40.80846488
37.21111511
38.63943718
45.99570863
43.26122002
41.51181664
38.53928256
34.94838658
33.45993818
38.67536698
33.77526519
34.53839731
34.60598189
16.85283319
54.12516384
52.85969185
50.71204446
24.803624
32.15144066
31.41751216
35.07496682
37.34511952
32.58928677
32.43278795
32.95091431
31.29087123
53.12218042
66.81902089
55.23336829
51.37835882
45.7512119
39.36195307
35.39028265
35.12834778
31.66518286
30.6801301
32.9047516
33.34964451
33.59310717
33.33058924
30.96601704
30.92114371
41.19426954
37.0809574
33.65465702
30.97780928
29.56086955
34.13364342
28.32848279
27.48613798
25.98125483
23.60090115
21.42967846
21.20079114
29.75119573
32.44625973
36.34725842
53.1856306
44.93649874
57.94625353
43.19762961
40.59058277
32.96430857
28.55422507
26.14764269
31.50118557
31.3312019
34.82244365
33.50082052
29.39228716
29.00355364
47.11792516
41.18436374
34.85940764
29.43926496
27.75778235
26.26744775
25.50073028
24.2529616
22.44932875
21.18265035
20.90208781
28.04894078
24.86715299
34.71948369
35.86879968
26.70556733
66.33439916
44.64036435
24.61499362
38.73770022
43.34243078
33.19907476
26.85707645
35.22384729
35.82533804
30.00208077
38.82754327
21.41283103
18.46212229
20.35772959
57.49600571
25.3301351
27.40003782
31.58950427
38.36784031
30.98760042
31.5786188
27.51126464
21.08399622
20.78915629
20.82218822
21.61386336
21.07186142
35.80780495
35.30402012
35.17314932
34.92849489
30.44591493
27.94634374
25.65603367
25.01821126
23.80906061
24.36777071
24.05561259
22.94551175
21.78272629
38.20397996
37.77355948
31.05605993
26.04975593
57.56022319
23.02213204
20.47084213
13.11159712
26.46036512
36.69872088
27.8118164
22.59343811
20.70194198
20.85852371
21.57106882
21.93091597
20.43098891
34.93635592
21.85173659
26.59894968
29.08779923
28.5068201
26.42860376
23.05520852
19.39143011
15.04686493
23.04273688
23.04516821
24.73850077
29.96794103
28.12769246
21.01384901
21.34436444
21.11481191
21.32167167
22.68135845
20.7439841
20.76739701
28.27952198
29.33271249
39.51290394
26.07434281
32.95361849
47.25685699
12.07335049
16.55668851
46.38424535
21.33894949
63.06586462
87.06838159
15.38160719
34.59917149
24.33156843
16.82390174
80.63411186
46.31624028
27.92072536
11.10309804
7.440941107
9.706415753
13.04269159
16.29263916
22.28546997
26.602447
41.99014215
25.23648655
20.72675365
38.0744429
26.67397338
22.29288951
30.4519085
26.68310156
55.73747049
28.30425251
26.4252606
33.19760191
15.28039582
29.1242501
26.18790979
20.81279297
19.99240953
32.04211339
30.18811533
21.20289933
20.06694515
502.8487077
691.3632425
22.29633357
764.6675112
664.087189
24.36275803
24.25040615
626.3492479
683.3674864
24.14924895
682.0303675
500.4579614
38.41989829
828.3636558
636.1370759
648.0839554
517.2859575
680.5110277
669.640114
674.1880508
677.7298288
34.37737978
674.114382
670.2967762
699.2889583
680.6072886
671.5630454
616.8402567
680.9476353
556.2207909
677.5493873
648.3803841
577.888687
688.2238628
681.0277106
16.78120326
790.9555155
625.6803233
751.2539994
610.790143
41.92490576
522.6638246
631.5322295
14.14034012
653.7265705
39.32165779
673.6281713
648.5982978
662.0843938
488.7444703
613.7476536
43.98764312
33.53742617
648.9569926
493.58008
675.1312905
743.063963
648.2321902
655.449432
23.39094292
740.5657504
736.1931485
591.432489
663.9910362
21.76536228
490.364773
751.1888216
45.43455966
20.39009785
</DataArray>
<DataArray type="Float64" Name="mach" format="ascii">
2.582772824
2.576705767
2.571248722
2.460467522
2.580365915
2.437831251
2.494725603
2.618503148
2.536802588
2.500729586
2.546390288
2.603031534
2.527891797
2.557985757
2.58606764
2.586609102
2.362408112
2.573705616
2.506220839
2.319763547
2.341731714
2.416174866
2.54580315
2.625102717
2.611516831
2.630378405
2.539156941
2.61209095
2.525494829
2.569417852
2.346105439
2.568050055
2.550745359
1.864743132
2.584983279
2.546953066
2.015524374
0.2926608665
2.340935234
0.2122012575
2.529691988
2.592456292
0.05910619568
0.4472450679
0.3443877113
0.8240173199
1.141586187
0.670348213
0.3782729685
0.1569490484
2.444378812
0.966633937
0.2883530784
0.3432243659
0.1365565874
0.2073313425
0.2503960931
0.3961461111
0.4381804278
0.1758648884
0.6906445236
0.1842631759
0.8916991405
0.3432720661
0.700309859
2.337522683
2.597108404
2.108734957
0.4840526538
0.2437023211
0.5552787332
1.297303346
2.165980181
0.449283781
0.5934323173
0.666078731
0.2280405372
0.3129911132
0.2894952273
0.1319986964
0.4277205611
0.7025303737
0.8894820065
2.548292232
0.1607094297
0.1057760761
0.2483832825
1.299763664
0.2725294174
0.9045094163
0.7715527601
0.3279303193
0.3395780051
0.3230853307
0.7629346909
0.3823588188
0.09089646019
0.2798104304
0.1432423508
0.6203559771
1.403247231
0.552282319
1.036110993
0.419379449
0.1047022118
0.1775774784
0.4101269211
0.2728175518
0.2521699135
0.9262161968
0.7753594862
0.7174205008
0.3043693691
0.2905181537
0.1902236413
0.5486626771
0.3589020294
0.2809059309
0.3541375391
0.6221409325
0.7391031917
0.2014666752
0.1188416028
1.174024389
0.2779668406
0.2536010122
0.4648635603
0.8291123669
0.7155937401
0.1918516307
0.3545343121
0.2170197513
0.2924157336
0.2169094501
0.3320217612
1.239928506
1.058316254
1.204789664
1.111673839
0.1619336311
2.334620701
0.520078701
0.5879832884
2.500003475
1.018818914
2.516465177
2.505130599
2.769715581
2.449091269
2.507870359
2.470275866
1.195820748
0.6602060647
2.491691346
2.399833995
2.523696971
1.341834337
1.214954478
0.5479018328
2.48856549
2.491635025
1.866910685
1.967510201
1.360033777
2.50467283
1.87266187
2.581910073
2.541499024
2.519312185
2.433164155
2.504483495
0.4422430621
0.4261037307
0.4357542128
0.4590123967
0.4865107818
0.5216415207
0.5708468516
0.6250101441
0.6885762742
0.7675191756
0.8412514011
0.9142982462
1.001771853
1.042092242
1.109888988
1.219689102
1.338398814
1.424547042
1.240821866
0.6334132821
0.04397334901
0.5146208317
0.5902182107
0.1879511682
0.6447310049
0.3830780603
0.1555644754
0.6143084524
1.370802762
1.454647098
1.410392099
1.305712984
1.23452349
1.138908455
1.114182765
1.056406438
0.9497434812
0.8832332049
0.8123389197
0.7401333613
0.5038327349
0.8848835488
0.558752356
0.5225181351
0.5112403784
0.5182368561
0.5333870366
0.5601052009
0.6773324302
0.5808685562
0.6037885972
1.261768312
1.155892453
1.095359567
1.041167418
0.9527921337
0.8752480775
0.8420410625
0.8485002991
0.8938617449
0.951823617
1.013903052
1.105598087
1.177179738
1.257956571
1.323793464
1.414410147
1.509824348
1.537429388
1.41588798
0.9140004214
0.2327626392
0.4379288065
0.5125963814
0.4527001623
0.9204732861
0.07435019475
0.1821613296
0.8981901633
1.515295958
1.552576104
1.544701559
1.500279388
1.435848199
1.342346355
1.292147459
1.222937187
1.144826591
1.060225572
0.9821188727
0.9303177936
0.4720379891
1.592597397
0.9157676895
1.012709995
1.158555022
1.272021777
1.382555112
1.562261252
1.807272776
1.585909333
1.66593308
0.7252326537
2.105116779
2.145737865
2.181453961
2.167819744
2.044254507
1.859651208
1.635572037
1.503377933
1.438205327
1.38837902
1.372473125
1.387180176
1.408815936
1.472762302
1.628471555
1.681673773
1.615119836
1.146162251
0.3825452543
0.3563351086
0.2118577526
1.042821459
0.9644516935
0.1857322038
0.4887920404
1.129651714
1.677443085
1.800795858
1.70954867
1.656642218
1.626591163
1.578709897
1.495042574
1.443959038
1.366553571
1.384508619
1.469768944
0.6092674682
2.432306762
1.93523629
2.150590592
2.303544499
2.331822557
2.364250805
2.402936188
2.463131589
2.512441669
2.588685542
0.8969603915
2.469440156
2.443945454
2.450446521
2.54666223
2.705906442
2.719239556
2.355974454
2.337925543
2.259725364
1.960232957
1.843397536
1.79377552
1.871437464
1.91404108
1.533631099
0.9638339666
0.2257716321
0.2047384616
1.373977575
0.9412381291
0.7723314291
1.403334566
1.697346271
2.014643023
1.827061972
1.85449947
1.897125204
2.02775927
2.166065428
2.265586986
2.338672079
2.418407908
0.8716503671
2.494211355
2.60162746
2.595769537
2.542827199
2.453940489
2.442387461
2.419672399
2.464454875
2.498084116
0.950004258
1.370005913
2.487654119
2.613967697
2.664652474
2.623029686
1.52291713
1.599977908
2.371461686
2.208649988
1.968530344
1.322981545
0.5347790125
0.9534919262
1.109848909
1.778974374
1.924822699
2.385602599
2.417859685
1.38424915
1.741660632
2.566301108
2.540437971
2.446770014
2.218741389
2.753681725
2.630385632
1.358745802
0.9251510664
0.2932545524
2.248343964
2.197558563
2.557635627
2.448068594
2.516385784
2.417824123
2.606986102
2.716787991
2.499358606
2.127830021
2.395449629
2.375364974
2.447075194
2.147604837
2.366117715
2.017552135
0.9851445619
0.572582566
2.355292003
2.283912661
2.227883819
2.542124557
2.578905232
2.503972455
2.480120421
2.559308602
2.576541861
2.582289151
2.552513193
2.471381768
2.177045168
2.476663885
2.473951504
2.403170006
2.15659907
2.467756958
0.9186881313
2.599047342
2.473715704
2.493151915
2.560120829
2.522896019
2.496967633
2.327759202
2.097111541
2.530993921
2.493248364
2.460324802
2.453283828
2.539463338
2.434632063
2.452900371
2.480310618
2.605042289
2.510713981
2.495255652
2.26991888
2.38638936
2.405867622
2.395207364
1.120758297
0.9708921917
2.432121718
2.52334789
2.555636654
2.582769938
2.462795986
2.551198033
2.506698091
2.548770858
2.526261925
2.515764134
2.488717412
2.443933133
2.204115498
2.127709548
2.464380513
2.416236854
2.433746498
2.426027095
2.397344137
2.423522716
2.460351935
0.9650902484
0.9303027255
1.607312169
2.421688784
2.672288794
2.580276145
2.57600056
2.515428762
2.471288791
2.473448452
2.518598061
2.107578383
2.46544393
2.438368357
2.438130533
2.439966498
2.398982528
2.387625836
2.41505666
2.41391625
2.430634178
2.456493784
2.496634618
2.433670537
2.463187817
2.430443288
2.401931713
2.405449823
2.646284361
1.208539991
1.321662779
0.9687359528
2.387390762
2.483351425
2.550334282
2.511378049
2.614793394
2.585292641
2.567265701
2.544486628
2.541353767
2.576140619
2.486496839
2.468129301
2.463935862
2.459168305
2.495533775
2.499064015
2.514861879
2.520910656
2.511336464
2.445154368
2.333932919
2.215844183
2.141713406
2.418137609
2.315855279
2.749929083
0.9330237651
1.29365745
2.868554564
2.48718112
2.115366505
2.458465121
2.445906541
2.404113518
2.422742182
2.407143896
2.404277014
2.412264002
2.418229302
2.443554706
2.435192928
2.496038409
2.426788226
2.350304093
2.425048318
2.899219196
3.036887268
1.193643169
0.9538977378
1.338906969
3.244393868
2.98210832
2.619384189
2.621525267
2.586506168
2.624140638
2.584964969
2.560240641
2.545475602
2.497525143
2.475901997
2.461990456
2.467422477
2.470170705
2.467211278
2.479462297
2.501736444
2.517158874
2.524504739
2.512054917
2.487523375
2.446443236
2.216575914
2.331712729
2.21418081
2.14111569
2.116133896
2.419220541
2.437074467
1.262970557
1.334642854
0.9172617044
2.459792085
2.468476339
2.456136498
2.410720791
2.433502661
2.419472996
2.409630572
2.41146863
2.43264844
2.440956112
2.429735422
2.456187066
2.422455585
2.417123242
2.397070158
2.357382139
2.41485319
2.432293758
2.682619132
2.729985749
1.197883056
0.8636273394
1.367710829
2.891755666
2.908617373
2.658908484
2.650532011
2.592876137
2.601255516
2.562074142
2.587873086
2.518991484
2.484616047
2.493858759
2.473699011
2.476651179
2.474027158
2.484940339
2.50193155
2.518392633
2.517195394
2.513873248
2.489030573
2.446287864
2.329901368
2.214260836
2.136349451
2.112066437
2.401860091
2.426949361
0.929858877
0.8951061783
1.232261378
0.8946009432
2.496710192
2.462278428
2.470433656
2.423720526
2.414452384
2.406160684
2.407270833
2.416932664
2.426186962
2.431043567
2.428267903
2.42243729
2.40577641
2.399937156
2.447272398
2.602321091
2.353334513
1.167000895
1.328519998
2.872114707
2.70187074
2.607633436
2.624456881
2.568845707
2.600168075
2.560043194
2.535353093
2.482518787
2.511463523
2.505569715
2.482340633
2.483584838
2.478010973
2.486883273
2.525253025
2.515443692
2.442857257
2.333085065
2.133239099
2.442915493
2.420040795
2.401695439
2.413638926
2.416534466
2.374290571
1.199329343
2.624496378
2.517884946
2.465777183
2.462513457
2.466579213
2.44994211
2.421812808
2.43834155
2.411765128
2.420207304
2.423254312
2.406063544
2.411765142
2.379734049
2.386408952
2.38404139
2.442121027
2.398438268
2.438710554
2.533734119
2.853645742
2.722986092
2.65164515
2.630338772
2.616637168
2.609707457
2.576054998
2.553152912
2.525641426
2.482126704
2.501893668
2.525387888
2.518124633
2.438768473
2.465596116
2.404605953
2.391753448
0.7652824431
0.8571021108
1.161755858
1.11856609
0.8363491097
2.70672832
2.632692303
2.61236231
2.596573011
2.518599023
2.489182907
2.213558241
2.212824272
2.131057437
2.471338785
2.494678353
2.477998508
2.455985447
2.436444699
2.398109087
2.391679177
2.395647388
2.395968627
2.411191054
2.411323904
2.390056644
2.396771118
2.392775852
2.387254332
2.367976814
2.382760391
2.375858273
2.37151488
2.376873921
2.393732577
1.121067903
1.07521873
1.276790106
1.22910155
2.35642095
2.657675019
2.631295996
2.633498942
2.634310545
2.624806831
2.59149467
2.606968906
2.569205344
2.542531508
2.502150899
2.492256587
2.498117861
2.50309131
2.517170427
2.515861375
2.516825431
2.489611745
2.439218291
2.340506173
2.212963933
2.128376707
2.104766062
2.226294641
2.220134084
2.457042546
0.8150868454
1.068949286
0.7894146059
0.8134490725
2.727028126
2.777804629
2.480365663
2.471688469
2.512693867
2.489758324
2.463429591
2.404216388
2.428421866
2.378447227
2.383004169
2.387670763
2.385952357
2.400457987
2.3967484
2.379337559
2.372186028
2.363555484
2.368449572
2.37688815
2.39403234
2.462779711
1.005036735
1.038263454
2.520772786
1.158736215
2.69295248
2.706380632
2.654844951
2.633446064
2.630681533
2.627673865
2.6312011
2.621690292
2.613308
2.585007521
2.558947905
2.536071984
2.51480155
2.488304846
2.503112818
2.492097985
2.506680499
2.506148059
2.525456093
2.515159669
2.519876065
2.491684861
2.442055564
2.343178274
2.211992717
2.125274073
2.10024984
2.499049208
2.461867428
2.410587128
2.37220863
2.377807448
2.374212743
2.363286296
2.361307245
2.375280925
2.384876719
2.441198327
2.405427891
2.493565617
2.255911693
1.01182385
2.203915639
2.716375556
2.646447696
2.640830396
2.631894083
2.618804274
2.627859352
2.62332052
2.550908975
2.531333111
2.496931493
2.51555106
2.511508408
2.525799794
2.52070802
2.494373793
2.444717098
2.348174579
2.122143468
2.096140821
2.36773617
1.06712182
2.576252891
2.499444347
2.388430274
2.380490703
0.7059145782
2.622555439
2.507514168
2.526987486
2.589379655
2.551484399
2.484347895
2.57718587
2.544612302
2.531726564
2.591721544
2.578167082
2.548870806
2.553506749
2.549945967
2.328517089
2.438064358
2.527279306
2.588471593
2.408974854
2.291949591
2.542836726
2.542786364
2.638407571
2.594612947
2.565020195
2.508950574
2.630655745
2.601272145
2.563706158
2.662300775
2.521301661
2.507064891
2.565847405
2.546678498
2.534559291
2.496711132
2.559080551
2.569170227
2.552373325
2.543881654
2.526110284
2.529234533
2.546828056
2.512709379
2.525135646
2.441958721
2.497034046
2.545741155
2.284228521
2.322159984
2.47781127
2.512004989
2.595179477
2.60229427
2.623762953
2.559185871
2.621531367
2.652911722
2.556916373
2.587388397
2.591312375
2.540399683
2.446435088
2.479865779
2.588096427
2.587107213
2.531418732
2.58721122
2.546436855
2.548572569
2.573871705
2.515690904
2.58183421
2.558119714
2.580265586
2.355075556
2.343933401
2.42263914
2.524394873
2.55211691
2.55374396
2.543380897
2.611887139
2.534492901
2.533070346
2.536231462
2.627785713
2.649869678
2.559426616
2.513258321
2.651779012
2.550916259
2.542611609
2.55768276
2.522208133
2.532214669
2.519611008
2.546146006
2.568374472
2.562988142
2.589480225
2.536995703
2.586093553
2.54469545
2.56664461
2.568310642
2.561768741
2.454747834
2.405768041
2.498901528
2.49735586
2.548546256
2.567857371
2.552605147
2.501323786
2.566357048
2.494372598
2.426770475
2.516767824
2.220527858
2.281376746
2.328979017
2.337701993
2.589896995
2.586263824
2.592282559
2.592548938
2.286273388
2.284608596
2.506027411
2.545891636
2.503532641
2.418170007
2.516639101
2.490366788
2.570450227
2.594782418
2.602017026
2.628775379
2.570180106
2.564952297
2.481130139
2.429511858
2.476950481
2.57606812
2.649480659
2.601753248
2.596368667
2.555869198
2.552417586
2.584734446
2.669060991
2.070305065
2.194731395
2.543607004
2.592227576
2.572288271
2.572075296
2.583406677
2.556664359
2.516960188
2.453857508
2.514600811
2.563009092
2.521160167
2.534387553
2.497851877
2.57839356
2.600123494
2.581521971
2.661222241
2.630121687
2.596961242
2.577833306
2.606029952
2.656391272
2.544775704
2.534662188
2.533802051
2.535322604
2.35167167
2.584093778
2.568030446
2.559953809
2.655179109
2.594549035
2.523925673
2.642506747
2.506141401
2.548633997
2.607557804
2.509890169
2.27810565
2.312897146
2.372672074
2.328945841
2.52337421
2.46309931
2.596891846
2.589356856
2.58071553
2.298749352
2.477381739
2.561119479
2.534315285
2.583112605
2.535267825
2.461242869
2.384974257
2.338829405
2.373616634
2.324631977
2.251368636
2.321234505
2.508678052
2.083285639
2.132257774
2.37178817
2.565906492
2.544589376
2.518900805
2.49416354
2.490659066
2.516530662
2.543142423
2.555202323
2.550567373
2.540240931
2.533329208
2.532652294
2.535702883
2.649411601
2.580107773
2.53167183
2.519538419
2.663926285
2.229553985
2.278180569
2.478057898
2.259859813
2.342286117
2.579541242
2.580977298
2.504167699
2.245173445
2.290450164
2.570194709
2.543553459
2.398920454
2.513004632
2.478763144
2.5950363
2.634005955
2.574461079
2.524264715
2.638131726
2.631891766
2.578876999
2.590618948
2.475859945
2.435386119
2.514767017
2.47745347
2.501220461
2.585543513
2.551116908
2.478786426
2.552691884
2.557605981
2.518088646
2.511710875
2.50065149
2.379677187
2.558329123
2.591979777
2.549160034
2.651023101
2.610532781
2.560910795
2.515987846
2.560079646
2.586972573
2.542301977
2.510104849
2.544646376
2.54657382
2.508804921
2.46001881
2.482115512
2.616056374
2.63106702
2.606831241
2.392083269
2.041162495
2.162406696
2.541258882
2.586147045
2.629766523
2.320416189
2.336474501
2.569736375
2.582175365
2.581328717
2.557984044
2.517187817
2.533285167
2.171991003
2.087611679
2.592698268
2.544100563
2.631089986
2.554706233
2.448524151
2.414912859
2.550302233
2.574632284
2.509182491
2.274073705
2.266749943
2.129605042
2.256493999
2.462802853
2.419965339
2.554753223
2.58864563
2.484539371
2.567153463
2.573640959
2.569861177
2.32587711
2.287713534
2.430099338
2.558378919
2.55776614
2.584786588
2.531950922
2.53519862
2.510301966
2.499978157
2.475906632
2.513347757
2.537530323
2.568540047
2.596759973
2.576770084
2.588967939
2.374111643
2.154821977
2.086531143
2.135522696
2.289827227
2.336288748
2.349078552
2.359369869
2.596976092
2.654492806
2.638145843
2.650717583
2.530991478
2.581114905
2.523665762
2.606230317
2.434745813
2.178023797
2.303236379
2.507019516
2.213624193
2.559895594
2.55403983
2.568671786
2.561813925
2.500747325
2.226588211
2.28561817
2.622990522
2.538672372
2.375183679
2.510135384
2.469601947
2.589131829
2.640105599
2.555189267
2.468328391
2.699932634
2.693574632
2.506983545
2.574157264
2.594300378
2.536975241
2.469556063
2.43964026
2.515323118
2.475725657
2.489007307
2.575004796
2.622557581
2.454116806
2.534747639
2.574313763
2.507972445
2.50503727
2.366075422
2.558799569
2.608018756
2.546393586
2.494665943
2.556789494
2.608701305
2.556898434
2.517421231
2.496110147
2.533984466
2.580801287
2.430208815
2.542773925
2.42184484
2.446835706
2.641305349
2.428041737
2.023302518
2.137340449
2.652131795
2.637907499
2.532194891
2.5390634
2.487473196
2.446997524
2.637446547
2.519304792
2.653196653
2.514609997
2.567122124
2.542969022
2.626385112
2.434119107
2.533436687
2.564885896
2.644184014
2.593753388
2.640389459
2.555825878
2.411854332
2.303723622
2.288501777
2.412549641
2.537639067
2.597863131
2.557169504
2.604833641
2.609122044
2.56917223
2.53661149
2.566141079
2.578618684
2.617003742
2.580088271
2.521750868
2.462296907
2.407130402
2.366358192
2.346258909
2.347401987
2.350184127
2.321759942
2.28757865
2.283616549
2.446925887
2.594052147
2.126691322
2.086174916
2.170744239
2.381615504
2.540839373
2.557664726
2.562646087
2.564601016
2.559237091
2.512294839
2.514228303
2.529943288
2.548237462
2.555247994
2.554228077
2.537760334
2.531058151
2.527558795
2.526860297
2.512100429
2.601003445
2.459127197
2.183196026
2.313024432
2.548378091
2.153807136
2.337439709
2.570263677
2.557774405
2.541252545
2.506495849
2.218918497
2.268829655
2.538383939
2.352084614
2.518337876
2.461368135
2.608132371
2.592913972
2.539833866
2.440986077
2.12764457
2.470291316
2.562181379
2.566118618
2.526585198
2.456152112
2.439467731
2.515289049
2.472409151
2.483374199
2.557909554
2.718691856
2.429606203
2.517543912
2.597902264
2.50424802
2.508394578
2.348851224
2.555145947
2.611040357
2.47965545
2.552368632
2.621392766
2.551816899
2.53594697
2.516469267
2.483100229
2.52363395
2.544851454
2.623376581
2.408778051
2.64432916
2.621783885
2.63035402
2.00290354
2.123741838
2.614767839
2.629859038
2.529759376
2.592589226
2.558005182
2.407553366
2.465057136
2.558760197
2.551055036
2.546995995
2.537332738
2.546371713
2.555976814
2.65123339
2.640224803
2.262629174
2.506179714
2.504634711
2.5661999
2.588112863
2.543782248
2.576397713
2.610843025
2.430308444
2.610643389
2.589621778
2.5059284
2.453478198
2.405002659
2.36914326
2.352777961
2.352102448
2.355269478
2.34406258
2.312425415
2.2991631
2.314358568
2.381429925
2.501437029
2.611155981
2.105480237
2.091333311
2.186632795
2.513064877
2.539774697
2.553680431
2.562269454
2.560638867
2.549195399
2.528248999
2.522816046
2.533179964
2.548757057
2.559473856
2.562536863
2.560149658
2.549865337
2.538639693
2.530440521
2.525381471
2.477191333
2.623588534
2.597135756
2.566424414
2.580123747
2.524133768
2.574780467
2.512241087
2.621937668
2.586927827
2.542273152
2.569784385
2.630112481
2.597982136
2.689812373
2.513064995
2.600125961
2.468516796
2.523533055
2.492119335
2.57177389
2.644382949
2.633435534
2.25428748
2.541217737
2.53289887
2.340330801
2.163183299
2.600474044
2.645267183
2.635343395
2.53689069
2.61777865
2.433758516
2.232018942
2.832409947
2.3892181
2.50967575
2.609964773
2.499344674
2.518855549
2.593109586
2.621705022
2.557601144
2.544526677
2.478412811
2.54433087
2.629974362
2.546401926
2.538485431
2.515464104
2.473330454
2.540300535
2.664059629
2.404663981
2.400158603
2.652427116
2.685895226
2.01760004
2.462688671
2.590759749
2.649572624
2.453399294
2.329323275
2.540134634
2.605863156
2.513684729
2.519708191
2.549338091
2.554482216
2.565790663
2.539189612
2.61658964
2.459475461
2.342512231
2.566780592
2.291939159
2.223942362
2.482163496
2.552621279
2.339911405
2.600195979
2.583137619
2.55126607
2.286467613
2.326727001
2.54095917
2.512132336
2.414416768
2.584776573
2.122224846
2.381449252
2.33483328
2.569951423
2.384545813
2.64184546
2.616114302
2.548415348
2.562648056
2.537385379
2.544087177
2.549631922
2.59395003
2.592370506
2.506458183
2.518620757
2.715204371
2.570740775
2.600720631
2.661985595
2.570156528
2.67146222
2.662870935
2.642295987
2.574766394
2.524477546
2.484160325
2.400293511
2.368740687
2.35421913
2.350631134
2.353352817
2.347857292
2.336141961
2.313951353
2.311739425
2.349133493
2.423404361
2.534175931
2.091150882
2.100906202
2.200728914
2.375197619
2.49087651
2.522362212
2.543150984
2.554384317
2.548926915
2.535903673
2.528907647
2.53758759
2.552747748
2.566578359
2.575008935
2.570351667
2.56362322
2.553503521
2.544853613
2.537011958
2.532215963
2.536542354
3.10134008
2.691566458
2.731438453
2.644952703
2.397205607
2.539723576
2.59099349
2.52679465
2.630990467
2.543897237
2.584124112
2.88330571
2.346009659
2.506539196
2.614260932
2.560740123
2.73163497
2.873331388
2.870110474
2.700610516
2.553241837
2.51558948
2.550054243
2.573043129
2.660705068
2.730183637
2.489719649
2.535694439
2.305119326
2.5905638
2.528432094
2.552114173
2.488792626
2.535073758
2.633539079
2.567111142
2.51902151
2.467885815
2.508070708
2.531232439
2.676833903
2.404578979
2.395418964
2.541864046
2.755229657
2.048767435
2.07370981
2.509422495
2.70665117
2.736362864
2.551482033
2.553949738
2.655660865
2.709471604
2.333846659
2.535428012
2.535770022
2.200911281
2.521086178
2.215339925
2.498600512
2.582013615
2.350377661
2.189274501
2.249279371
2.523472222
2.572849918
2.535943848
2.555619979
2.591627649
2.54049347
2.626731376
2.586663502
2.555744621
2.910547176
2.451139954
2.666650634
2.485597998
2.42705289
2.536469167
2.566212202
2.679560442
2.627721371
2.674987903
2.118624315
2.771531149
2.536547881
2.33148831
2.417625586
2.682127162
2.640139908
2.549132334
2.560853227
2.571223827
2.583633876
2.554789836
2.53580888
2.542512066
2.544891837
2.532811824
2.468492569
2.108884756
2.605720242
2.592873906
2.381665329
2.336523846
2.2933282
2.336289681
2.354090611
2.354620764
2.440679632
2.425440505
2.55190886
2.492076327
2.542365577
2.615590751
2.548935003
2.808211992
2.85541169
3.0155061
2.957609363
2.6169524
2.478118399
2.840252792
3.056844545
2.915400547
3.024910596
2.581002026
2.500197604
2.500088877
2.572882764
2.520652422
2.815571619
2.268242609
2.535513764
2.648527617
2.58687966
2.559252377
2.306397574
2.546323103
2.558288848
2.270918129
2.524512163
2.345265464
2.158111929
2.260945738
2.844745074
2.331198056
2.481676977
2.604711105
2.477881852
2.546191466
2.288993495
2.636724332
2.594825387
2.515062264
2.548160239
2.528076014
2.537636785
2.811832431
2.516294874
2.462046669
2.508869012
2.52104258
2.654670419
2.428233899
2.387525983
2.592199319
2.502558881
2.688106354
2.042448617
2.019197039
2.421497454
2.593498528
2.674938624
2.629913525
2.588601908
2.534909096
2.439998871
2.54380514
2.288105732
2.260000854
2.225550172
2.837863004
2.849182102
3.02004766
2.711527954
2.608523306
2.516289866
2.599139222
2.546989997
2.730955713
2.509946889
2.357175557
2.669755208
2.738673099
0.7255974075
1.08400863
1.131548729
1.011013803
1.410887284
1.670829708
2.191120236
0.8486875864
1.353007439
2.74684848
1.666822416
1.528658468
1.421203044
2.384176475
2.542316292
2.477410035
2.455770692
2.435216544
2.410160435
2.385956818
2.366121997
2.460279055
2.355754909
2.352774739
2.355739132
2.35969544
2.363803185
2.355267826
2.345005806
2.342638022
2.362838293
2.415699383
2.49871795
2.546381971
2.580795635
2.087493659
2.114707586
2.209437671
2.359678857
2.448534139
2.499721276
2.527011942
2.536644295
2.53429754
2.531545693
2.530117989
2.531347309
2.536230873
2.551576653
2.571199676
2.587599136
2.597236994
2.601195153
2.600571872
2.584991313
2.595990757
2.588072109
2.578138378
2.571473682
2.587981093
2.652516073
2.628293957
2.42549689
1.365307225
1.392338454
1.413021414
1.336697257
1.524338632
1.522264352
1.526378808
2.772551925
1.464040578
1.42730213
1.424590766
1.406327903
1.4119481
1.553392084
1.688201413
1.549161769
1.520819023
3.030880521
1.460195584
2.751346409
1.429425618
2.787717118
1.406782765
2.578829986
1.450699969
1.414893198
2.390021365
2.666610315
2.167188107
2.528430218
2.515227154
2.57106687
2.554325384
2.588127597
2.754083891
2.315969788
2.44902273
2.582160546
2.418345881
2.553926081
2.251536218
2.494738149
2.59546888
2.457556608
2.686707578
2.49757214
2.524229404
2.719781399
2.457557406
2.510228065
2.50811378
2.396542614
2.373133241
2.565788973
2.479895315
1.264631015
2.586868057
1.921045032
2.363664509
1.170505375
0.7036541959
0.4614750579
2.146096165
2.523464185
2.516955025
2.612840386
1.916700037
1.969005826
2.437280609
2.488033613
2.53187054
2.504395172
2.539192429
2.551154768
2.268959975
1.984010357
2.562623405
2.229209086
2.02996095
2.625779758
1.664052572
1.678913636
2.582660189
1.088982862
2.534468314
1.657695671
2.700893226
1.448149145
2.557824282
2.570426039
2.350309239
2.455321812
2.597667463
2.662324559
2.516429445
2.545071833
2.086185277
2.351661323
1.049373443
1.438675402
2.579634657
2.586117406
3.244691415
2.54430769
2.520168163
2.563839607
2.610615689
2.507757113
2.52292508
2.517958983
2.39512624
2.492587054
0.3715492605
1.50907314
0.3916284886
0.3830935782
0.3070169329
0.1484197124
0.3265563122
0.1951273475
0.4466226033
0.523125384
0.8995277254
0.6349262695
0.6871179384
2.560384186
2.27034797
2.505936352
2.094996645
2.57477747
2.239633389
1.959504444
0.3070074243
0.325065239
0.3181029027
0.2962795364
0.3064211309
0.3525520241
0.456296749
0.6041388377
2.683358243
2.060315222
2.206422975
2.562121928
2.567167837
1.98461496
2.586150951
2.004330631
2.576867377
2.21346433
2.520755244
2.514957378
2.22792037
2.513832585
2.311689513
2.510494041
2.192729023
2.516739842
2.586277971
2.055390766
2.18239517
2.540086427
2.231828391
2.578084883
1.596936863
1.913962847
2.54319775
2.237422284
2.011811027
2.57733846
2.522326647
2.248068312
1.993745696
2.588394144
2.006996204
1.634878301
2.646824149
0.5705870832
0.3593458975
0.2280645333
0.1436809564
0.1700432112
0.3789386106
0.5240629692
0.495442316
0.6488766745
0.7351277065
2.447556641
2.441380065
2.461258122
2.551892023
2.611878363
2.533319463
2.518159692
2.501183784
2.349151962
2.366087231
2.119033803
2.210183585
2.367038602
2.358708296
2.361962056
2.358052487
2.350839183
2.561259779
2.597166638
2.36531664
2.393491134
2.379909387
2.432630857
0.944987831
2.585847361
1.00143789
2.110781266
2.615338034
2.697090612
2.519862903
2.528878988
2.571466819
2.530536605
2.090783758
2.64848878
2.537106611
0.7800084038
0.2297343945
0.3524462147
0.2113401271
0.2816987066
0.2676143218
0.3231099126
0.9570687575
0.7121412736
0.7752430274
0.5894701043
0.5355750157
0.8669352322
0.6322392348
1.601785711
0.2949957299
0.1427246974
0.1034900057
0.4978519056
0.3193445261
2.027405154
2.213150266
2.615575141
1.584978189
2.20875075
2.545215685
1.587970752
2.196846361
0.3292304604
0.3455178902
0.3360712575
2.539712265
2.603775432
2.664365677
2.358636734
2.386679964
2.092417655
2.353866325
2.497020685
2.542534258
2.601100476
2.615727953
2.305490594
2.549528668
2.409835761
2.366902035
2.367409579
2.356953238
2.374538966
2.325336665
2.529890524
2.552554638
2.37462026
2.208310476
2.615342236
2.141280517
1.410524674
2.249652076
2.44541066
2.650186548
2.553687578
2.25895344
2.548067316
2.560681466
2.630557324
2.617171987
0.4090832572
2.665786186
2.342699655
2.530722383
2.665090949
2.624811278
2.230695379
2.640168533
2.184205907
2.526068996
2.557232929
0.7453867048
0.5610504914
0.6484518404
0.1546972337
0.4200658962
0.6028786219
0.7796469366
0.6464720159
0.4750067878
0.3500629883
0.7399613505
0.6371122976
0.4233009165
0.4087056051
0.5480531838
0.420398145
1.720585479
1.015214446
0.4611319261
1.607180932
1.030036514
0.5268953569
0.04677759834
0.7247386389
0.6892898125
0.2329773423
0.5469516763
0.4809820542
0.4039564459
0.4790764212
0.9396228745
0.6254411493
0.7134657759
0.3578564599
0.4828472282
0.3394361181
0.1617140783
0.2238415858
0.4302727955
0.2730163295
0.9631604035
1.379328705
0.9228834848
1.795727339
0.259605336
0.2192068345
0.588493289
1.047851527
0.2753418479
0.4655599183
0.2110303017
0.1277998028
0.4353817642
0.1854744378
0.4682065881
0.3977937796
0.4732799045
0.1183659188
0.2918276232
0.3840643849
0.4163364214
0.5096348619
0.5882012663
0.48381526
0.3503431921
0.6436634565
0.385016047
0.08619859259
0.2302508378
0.8431236929
0.7282652864
0.6509163504
0.6653523425
0.5183574042
0.4073992861
0.5598219266
0.5947510638
0.6937609005
0.5845876547
0.5260438479
0.8334691414
0.9816322269
0.9078470161
0.5315317613
0.186173657
0.2127756693
0.3958956412
0.4759298976
0.397068854
0.6577923563
0.3204296487
0.3046669298
0.3478436741
0.3901658011
0.5591342838
0.6377029829
0.6970260675
0.714650689
0.6698349684
0.6863464703
0.6463977745
0.6571751374
0.7083409784
0.8055401042
0.9396101106
1.018390138
0.6833741002
0.6658139052
0.5912568481
0.3718161322
0.7605178642
0.6487436362
1.430499244
1.185362121
0.5107584599
0.372382292
0.1018980231
0.2074550014
0.1696994613
0.1387406139
0.4624251375
0.1856818322
0.298119539
0.4426922559
0.4987651548
0.652352622
0.7193273105
0.6508426005
0.58733822
0.5978088713
0.6885157854
0.796289007
0.9112171196
1.006478649
0.7237428611
0.8088688335
0.7142583135
1.007693577
0.5700678353
0.5140835428
0.15956896
0.5373122323
0.3492490904
0.1447930741
0.4196923952
0.4135308836
0.6492511981
0.5149783378
0.5435315872
0.5219352175
0.9727407077
1.097628092
1.000565765
0.2279360257
0.4975128546
0.4701843448
0.6533884143
0.5702632006
0.3959652395
0.5359784639
0.2013563851
0.9989976165
0.8846211953
0.9278274726
0.8058597202
0.8727156585
0.5468082457
0.7702135721
0.7616567259
0.6182411173
0.5905329045
0.587745314
0.576211824
0.5862927165
0.6062556764
0.5769263673
0.6039162406
0.6530295818
0.7046826824
0.4736475147
0.7164508468
0.5547490458
0.2584356434
0.1047764379
0.3394458996
1.320936282
1.502076926
2.358506351
1.329746856
2.208368199
2.310870247
2.102283859
1.776604137
1.586561706
1.597331031
1.783976813
0.9859016401
1.675084237
1.336236851
0.9797253536
0.9049848545
0.8130479228
0.6698204016
0.4535547717
0.7659812724
0.7474788308
0.5703318943
0.1644529119
0.08324176731
0.9891175375
0.9446210783
0.8641271358
0.822254647
0.7572114791
0.6491499538
0.6470366966
0.6058879412
0.6471999044
0.3519662
0.6585099425
0.5261301542
0.5682819065
0.4413889744
0.3089533968
0.4522149885
0.6891541249
0.2791345977
0.2985915602
1.466503104
0.1541325336
0.5940389773
0.6961185467
1.150865059
0.1624758065
0.9162467757
2.11207036
3.434166483
3.810578996
2.823140776
1.983384159
1.393279223
0.9490109019
0.6704212171
0.6643608294
0.3193217593
0.3983999701
0.1821155595
0.4354007506
0.05567529639
0.5732351377
0.3014152136
0.1904554892
0.5902376964
0.1796242156
0.4817409789
0.2655663041
1.180200898
0.8211814524
0.8103592097
0.7009587285
0.3933479352
0.6972676353
0.7742691704
0.7463622638
0.7253132502
0.8702451913
0.5135408618
1.437829357
2.100085603
0.5167959978
0.4675629106
2.181797522
2.098502928
0.6785095982
1.214600005
1.555992921
0.08173012899
0.9424421705
2.054608081
0.519554358
0.6699947055
1.501982615
2.050666208
1.289636086
0.9594141779
1.836973124
2.071908232
1.46558955
2.027257983
2.06815299
2.081257636
1.524943751
2.070234787
1.26954384
2.061217495
2.106749835
1.050911692
0.910505315
2.087388863
0.3347977343
1.418913318
1.340219489
0.9624357053
2.203012039
1.670894674
1.020491772
2.126293701
0.6297525042
2.095802559
1.136602174
2.086647438
2.09309468
1.339847155
1.542590352
1.094158974
1.168355473
0.5547291117
2.191750835
0.7680967716
2.0940775
0.9344394357
2.129702505
1.43377078
0.5047514431
0.8907718346
0.8702137626
1.560889882
2.09966507
0.594479155
0.6911486216
1.437310166
0.3374907523
0.5145521508
</DataArray>
<DataArray type="Float64" Name="total_energy" format="ascii">
518.1896179
531.2911213
530.710472
500.0912222
517.4731451
477.1086491
510.394158
525.1819366
492.3637661
507.8601203
522.6658222
520.9472972
522.9202754
523.0988317
517.0185387
517.5061022
483.0938
519.9239763
510.8607623
453.0913432
476.9066484
493.3829868
519.3116816
525.1025284
527.2164469
522.6262168
512.1785979
530.3271604
505.6395637
519.9775218
470.6129371
517.4129599
516.0559825
486.609441
516.1132952
511.401651
467.8129304
849.6167633
492.1798898
866.8757193
522.1721184
521.9965225
1119.575805
996.8760304
974.2963829
1103.168441
988.196712
943.5758966
1080.527416
1021.187758
475.5732261
1004.314451
1052.587656
955.4316808
1013.364485
919.4335525
934.4070584
960.4098785
985.1392864
1014.370484
955.5505175
1025.486712
1051.707035
1069.916167
979.4167278
475.546559
514.7358466
408.1919718
1017.384432
934.3875092
990.3648525
949.7407443
427.3518425
984.3716075
1056.750827
1079.089281
1041.464002
1060.836947
1046.203352
1014.772358
1093.172824
888.9804321
939.7574536
522.1239162
1019.723486
1007.409558
1040.503703
1095.774798
1046.860799
1018.292291
1027.794026
1065.366429
1072.566249
1067.386431
905.7828132
1076.688061
1009.413145
1052.530517
1009.790377
986.4012444
1134.364982
996.61191
941.0311963
991.1457257
1071.305156
946.284973
950.8582328
1046.464149
1039.991606
989.4794479
960.6213615
1003.275314
1061.299905
950.086862
1027.16163
1046.159427
1072.855932
1156.094309
1075.898165
967.1315321
982.3964903
926.3879379
919.2550745
1094.817117
1003.318727
1032.617774
1011.486454
955.2016838
890.2842835
929.4288492
1192.045729
1033.678674
944.0297491
1033.085696
962.8639564
993.4475791
1073.102087
950.0195225
1024.220831
932.9090609
478.2502276
1023.155606
990.6036013
512.1405603
990.185065
477.3319032
506.989462
663.6775705
466.2909438
517.3258457
503.4171592
1084.812597
888.155019
504.8372017
465.3494532
535.2372278
1321.315422
1024.018986
989.6980142
510.9242507
506.30882
729.0021673
740.8552939
1018.565299
468.1934195
639.1918077
512.1436396
500.3523452
485.6131457
474.3828299
482.0299769
716.1930068
750.9639443
772.8802591
801.7285254
821.6326134
844.0658067
869.9129591
891.3277997
886.4961034
896.1187122
909.9814039
929.0331852
906.1981033
873.3318632
872.4819656
883.0964107
896.231155
901.4570935
921.785218
971.8036036
996.7011012
924.0248705
1078.319839
1133.97728
1299.450815
946.2999736
959.4373657
1055.033545
977.3396242
1020.978455
948.8158525
939.8313886
919.024436
903.2988794
873.0225413
910.2327057
926.1264801
910.212359
895.0080768
884.9656179
1027.694203
726.0739137
863.5118484
841.8790474
824.2314553
799.2430896
766.6117376
730.3723588
673.0999158
710.7425812
689.6365119
490.3804686
503.7152134
511.8805617
522.7243311
556.2044028
608.4277254
656.6911167
698.5863752
738.5879181
777.2782874
804.0048229
827.6369275
829.7202439
834.803523
851.9106023
842.0725527
814.4380378
837.4454012
869.2170427
931.0928869
992.5780786
858.5381254
969.9064781
1268.710489
955.9777682
810.5195813
949.7691977
988.2492596
906.5152992
958.1285808
851.0053286
810.8072273
834.7687033
839.7819855
828.0620594
812.8828967
812.3983807
805.1239443
784.485077
760.7948386
1013.249335
534.6806394
653.1095286
611.1073642
573.2410576
550.145406
532.8791951
499.6050101
480.868243
481.4261333
453.7569324
1229.391898
475.1394213
459.3152362
442.653083
427.5355856
421.0406038
418.2601321
444.3571098
485.9742028
529.0103139
579.7119201
628.2755453
666.8013479
696.8215445
728.3109794
789.7772056
783.9669443
798.5414876
817.2662084
915.7343309
814.8548706
739.0529857
1547.178574
938.8721837
779.7762285
958.8402467
933.3690431
854.7639844
787.6594274
781.5262645
787.4458274
774.3155645
768.9915383
737.9386568
706.9157808
647.2730139
614.0616548
572.809106
884.5982663
490.5613714
497.5627073
495.0345879
500.6817889
504.0376904
504.9591521
501.9568596
500.5770317
466.0840617
443.8659585
943.4536321
492.177527
483.3026188
472.1970458
440.2373877
431.3652774
431.8421062
424.9267442
441.8811123
478.2754905
596.9259322
671.0682728
703.3574518
732.7688908
746.6447418
792.232066
846.9818493
754.565163
680.6633536
1374.406299
953.9994557
921.8879005
818.9683958
816.3498205
735.7133753
683.7801324
658.0480348
620.4274337
572.8814326
516.8806494
487.5980517
481.8903947
483.1768397
693.9955913
505.8105239
512.3180176
516.9865756
515.3686162
503.2840911
479.9454574
455.4616303
426.0061675
407.3713433
938.2901108
1331.506977
485.8802384
460.8698473
460.1701492
462.9933749
757.4910601
773.2632171
538.6358812
699.8639599
771.4510326
759.6105627
676.9665689
952.6061684
822.4790731
771.8165802
746.2114641
597.2284962
513.3294579
678.2037136
508.3537455
521.1496762
519.354256
501.9608966
448.5271467
458.1456668
455.6850069
1323.910875
935.0170989
790.9618203
690.9046991
670.5314327
491.4398048
461.1114798
448.6504662
466.1890702
429.529304
460.1771123
477.2462658
531.2718229
452.3936939
472.8835996
469.8356745
678.9559493
658.3726109
701.7150968
689.6123555
706.1907651
719.7160005
710.0914699
643.5732006
503.2973539
498.4827371
507.3531936
509.9286053
502.513238
515.899051
517.9265208
518.7801119
508.9921918
417.1705382
474.4061623
461.5534075
462.1585648
657.2232768
503.1585671
930.9135515
502.9519812
510.3348067
513.7976622
522.722964
519.9070368
511.9452321
476.2654847
411.9678591
502.2649095
495.8792326
503.0692041
482.6200563
467.2246906
470.0241535
460.9065537
472.0957996
467.7660356
484.1344283
468.9241785
613.2268248
598.4758907
466.2760403
676.4971057
808.7866023
746.1533317
641.7596483
566.211888
502.1286483
501.1698342
482.5447221
505.0744652
503.113832
512.3456898
520.1383561
518.1243368
511.4512118
501.4720928
445.5484388
423.2107115
502.7448916
459.6139573
465.4369113
462.2768024
460.4520044
469.1736326
479.2159025
933.0626469
924.6883694
796.3003696
686.0802383
597.4709389
512.5970389
512.0022913
510.1126342
511.3550308
511.8978846
518.8748296
409.239901
495.1731287
479.2397246
477.9350282
463.6307592
456.8985715
456.642687
466.4208461
463.7871083
471.873363
479.3156053
483.9460918
475.9807319
479.1769171
472.4850998
462.6572883
460.0159417
614.9620554
688.8097046
1319.812384
905.2287351
723.2423442
509.4829395
507.3514901
503.0426961
518.6290628
507.9510969
510.6874372
509.1999233
509.0787305
507.5396599
507.5674007
507.479556
507.26974
509.3088803
515.140386
514.9372659
518.2519034
519.1689292
517.2990104
501.7263721
475.3547023
443.8455011
420.6727685
466.8532885
657.7836094
554.3872701
898.6372588
1317.333733
628.8977722
511.7782017
409.2041918
493.3512661
477.7204355
458.9704834
465.4176622
456.2230042
456.3102007
459.2920515
465.322536
476.2498192
476.1375713
481.9942307
469.160627
460.2380688
467.141484
528.298783
466.6795789
582.7803331
895.8919715
730.0576332
531.8812899
588.2149985
513.185208
520.8279672
505.8326328
520.6194128
513.5928478
510.1702182
508.917909
506.8982547
505.5771393
508.3235941
506.0651394
507.300816
508.9961075
511.6146079
514.9409693
518.1901868
519.7316428
517.4585942
512.3879474
502.0829253
444.3164411
475.0441644
443.3824969
419.9495395
409.2101296
469.8309272
472.5422945
1313.199788
630.4382136
880.813156
492.6485948
502.7414177
477.2601283
458.271369
459.7443895
457.1220089
456.5537791
459.8879752
473.3388099
476.1840354
476.5085431
478.2506057
471.9322357
468.1226101
465.9431774
459.3479658
467.0765002
467.3940678
473.7864877
432.7664198
521.8773686
893.8340094
557.2469712
488.5606702
526.0352108
521.3475679
524.0326147
514.5283385
515.3779131
510.5200798
513.1756539
507.1747393
505.7792665
506.0843726
506.0483316
507.3364665
509.1941261
511.7273574
514.5400581
518.168804
517.3321536
517.9856933
512.9425091
502.313958
474.8382538
442.8064263
419.3041666
408.7241352
462.2563759
470.6242023
903.0460792
918.0820489
1306.783979
879.7645923
505.9734524
492.4342172
504.2671871
458.992618
456.3935172
456.6566092
461.0302805
467.1500291
472.4030473
475.6712086
474.3238285
475.1293218
469.9960482
467.6717753
470.8129506
466.2651309
440.1937795
514.6566898
521.3118557
521.6547971
527.2212467
516.6831375
518.7147494
510.9419839
514.6208934
509.8794913
508.1243397
505.5568304
506.8079676
506.5601741
506.2496612
507.1842887
509.0620596
511.4406647
519.6693924
518.4685318
502.1716183
475.1757478
418.4888716
465.0143464
476.1537065
471.1435941
472.6661526
466.9222141
464.0368762
1295.926786
518.7518689
517.8152257
492.0758729
505.2430991
476.3515359
464.3210607
457.4276378
459.7984122
468.6144029
473.5687766
476.1708845
475.014367
474.0889201
466.3332407
466.0484364
464.2879958
468.390407
466.3404222
471.4400843
466.9780443
521.5843037
528.094575
525.0498763
522.0180712
517.10064
515.9377954
511.3888723
509.2733183
507.610893
508.7145099
513.9322075
519.8059208
516.0852095
502.0886814
505.6010303
470.1146642
454.6550429
947.3071402
931.5354335
1280.463632
1258.489339
903.7217547
485.4700763
520.7335907
516.4368031
513.8507728
507.1219248
513.4017782
442.0399566
441.3566357
417.5798473
491.2962842
488.441637
475.2773311
463.86923
459.1826758
456.6645155
457.617824
463.8762829
471.7400665
474.4751169
476.1115921
473.1370232
472.1707433
468.2768409
469.0159489
464.6796553
464.5815581
464.738783
464.7385023
464.5412486
467.2775581
530.8288238
541.4296287
536.8518972
559.2973481
486.4591065
525.8476247
520.4992576
523.0427807
522.2416565
518.7886228
513.0193793
515.6839811
510.6557946
508.4116565
506.3695612
507.0217075
509.990443
513.2845644
516.7622187
518.7340268
519.0788786
514.0830415
502.627879
475.7223503
440.7230523
416.5186111
407.6076481
446.4712437
450.2715931
481.355369
942.4811633
1229.586251
911.6808246
910.5711436
528.8160414
520.3556812
490.0331232
504.0289336
486.7538404
474.1884579
463.7772995
455.2575358
457.9646672
454.9608622
458.9942951
465.8238376
473.2927033
475.2072123
475.4897801
469.5469452
466.6490311
464.5519009
464.2039487
466.3253176
469.8432562
471.2259579
558.9391213
549.3950147
486.4273206
579.7347865
516.3820361
529.8541844
526.9448177
521.835007
523.9574243
523.3437754
520.8521464
518.5788924
517.8887937
512.2057799
509.4234602
507.9605029
506.629551
508.3871179
506.9440457
510.4205255
509.633867
512.6287303
519.4869967
518.7624355
519.5427588
515.0370037
503.3888059
475.798688
439.7675306
415.3429113
406.9560534
503.1480621
462.7127611
455.4716378
460.8799252
468.049615
470.5397644
466.6999465
464.7825321
467.1409581
470.1374084
474.8317467
475.118557
477.9762286
457.5730635
1193.27077
490.3340052
529.0750222
515.9249002
527.6440319
522.9016253
524.5491695
522.2515876
520.4251624
508.8601631
507.4226832
508.131219
506.9776153
511.9764562
519.1608418
515.3107977
516.0156499
504.2158007
476.1014595
414.0652278
406.3185588
465.2209363
599.9368316
511.4656498
473.06451
475.4643889
473.9420278
943.4716656
523.7278195
507.9124068
518.6091391
514.8645723
522.8114181
507.8224464
493.4008883
517.5917484
522.2748807
520.3626332
530.3815704
517.9986802
522.1339998
511.682683
458.5213231
483.9777208
512.6373913
518.442508
493.3902848
460.837139
517.0623591
517.9273319
522.0840373
526.5150443
521.9130632
524.0319507
516.240198
510.4256896
506.5624659
501.1357415
505.1936606
499.467113
513.7703778
520.4837226
524.6627819
490.8455149
513.7119185
529.2475767
519.4430388
516.313626
522.1162444
522.3368071
524.4082321
518.7216371
518.0924282
509.2633426
510.5217375
513.7951302
464.5324099
455.6916283
494.7849822
501.9528176
521.4100073
524.4980898
528.3562137
514.7826672
524.4226643
530.988765
524.4218333
532.0991645
530.5684991
513.6031539
502.0379543
510.437934
523.0329282
518.1928887
507.5994222
519.6989742
518.2758893
518.9507312
531.6366979
517.7267205
519.9708786
517.1730112
495.4851956
459.6559157
456.1343587
474.3782159
519.9769083
522.3012961
522.6763119
522.8107802
528.9634756
522.7899653
522.1569297
520.3194407
526.3300739
529.2004123
522.2538355
508.0418376
523.2431216
523.4415606
522.5427884
523.2824427
522.2273179
522.821251
521.9533131
517.7690267
535.940377
528.7100188
518.1369447
514.3125606
519.847964
517.3598403
515.5877214
491.900716
490.4567153
490.293366
489.7124934
508.8823851
511.0950863
519.8495598
523.1389321
520.7940484
501.4972213
514.3941218
498.115281
490.8917187
505.2112858
449.065811
466.9960726
452.7223871
461.2916092
512.7077661
526.7130867
524.6694989
521.4459354
462.3216015
467.0045413
499.9334782
513.4852215
510.8211058
507.5222985
520.0899577
523.0034173
521.3983401
526.579364
526.6495931
520.7305719
522.7951616
514.8376283
497.7010718
492.9725781
503.5352923
526.4879707
517.3856688
514.8241812
510.1449168
506.8544155
507.2281262
506.5492082
500.2589686
404.9258924
437.1909818
519.1523739
524.7324665
531.7250934
517.6000086
530.6671018
519.7149312
504.3419953
491.8331089
505.3520589
513.4729358
524.8562462
492.883969
492.869263
495.2679735
520.8266105
518.0562553
518.3313245
521.206883
526.5460575
512.0402877
511.1280173
501.3822851
515.1316644
521.8412944
522.5642318
518.6915242
482.4333951
520.2799257
525.2016532
521.9010891
530.624387
518.4371329
499.5841407
528.3483891
501.8298168
518.1885345
521.2554514
514.6832885
439.7874732
452.8341304
470.2743586
476.0414599
512.5637931
497.4713698
530.9442743
517.7625967
518.179214
461.763484
495.0199475
516.7158334
516.9552922
524.9736732
503.3163948
483.6002996
465.8995727
463.032762
483.5597224
473.1658611
447.5452846
460.6768514
500.6485884
401.29543
418.7606504
481.8981831
515.8942702
512.630097
508.2248732
505.612557
507.6373076
516.945986
521.4259756
523.0661919
523.1604233
522.8493735
522.3871537
521.6871899
520.6326253
529.0384194
495.7611324
493.3937232
508.529183
523.6221478
433.0020862
466.4526641
491.1836044
430.5545746
461.7157731
514.9843875
524.1025675
502.4649239
427.0973163
469.2822059
505.7826378
512.8723626
506.7011498
520.2624764
522.3936247
526.706035
520.8806637
513.0476757
510.4896061
507.8227758
489.406385
522.4064619
523.6922772
498.6820812
494.5851715
505.4759049
503.3244651
513.4872628
525.7381285
493.9134295
500.253625
512.9452529
519.9260667
508.9245709
524.7297611
513.0755522
489.2352435
488.3480824
515.6303209
507.0847154
501.6115539
521.6268128
517.5404052
513.9350946
528.0528388
536.0112199
513.9049559
521.5924409
523.1881762
523.2578342
508.6824814
504.7602639
509.6059549
518.10517
517.4779897
521.7362371
485.2159862
378.9746239
434.0322153
519.6671847
517.9938122
525.7488153
449.260943
455.6280478
525.2477066
521.2850745
521.8200401
519.5887136
521.5439956
521.6633689
430.3995767
397.5616866
510.4481125
513.6698424
525.2408443
521.6764121
498.1093141
497.3382874
519.0994408
528.1371761
510.7703886
462.1387045
447.9848125
419.2523944
454.3387798
490.1876585
487.3331302
514.6276461
521.7347735
507.8228143
518.9284373
517.6605964
518.9265064
473.4911191
460.2285264
485.3140545
512.6466074
517.6962772
523.7159053
522.2449453
518.9145099
512.4798758
506.6169343
505.2640583
510.6270222
508.3583314
517.1535243
519.3488412
520.0632364
519.3421646
481.5253124
427.61325
401.2084588
414.2803157
450.4551762
477.9974805
470.8760073
459.6029479
518.7968421
529.7403621
525.2563287
528.3217308
521.7624022
496.2633638
492.845232
526.4986726
498.2938582
414.1844181
472.1885296
494.0219835
414.9831332
516.366347
524.0367608
523.3692546
520.2919137
502.8865167
415.5870613
471.1831708
510.4643467
511.5920964
505.6510729
520.3236888
521.7961636
522.4511163
520.5617801
511.5803543
508.0838076
511.4042525
489.0362389
506.57268
520.8196966
522.6209649
513.8008187
499.808672
495.5267216
505.5572763
503.3091868
511.8752871
523.1343959
496.560295
498.697662
511.9479022
520.218445
524.6120883
515.4718873
489.0546681
485.4386966
514.819722
517.1490418
512.6196377
527.4185047
537.1548894
519.9960087
521.6454093
521.0213909
522.5251941
512.633924
504.4313407
510.7486687
507.6985129
509.065939
526.679598
495.0849195
370.4608594
434.6208284
521.9217797
501.7357003
520.8734369
512.324739
507.0796463
504.3938291
517.3096241
499.1185331
517.823691
506.0835572
509.4557386
506.4624175
502.0837204
472.5681698
503.929832
522.7603363
527.622554
517.6177789
527.9779247
519.8041199
493.799066
468.6587858
461.5092074
483.00546
508.4807009
526.4621051
517.3111521
531.7679301
531.8236232
523.7316766
517.1197664
523.2234309
496.8789809
522.182531
514.9454788
503.3165676
487.7906978
472.9757589
462.6462257
460.0149853
467.3799391
475.1946532
474.287581
460.7847615
450.4228579
475.4824499
504.2187568
412.8616011
402.4244604
431.5155383
481.9145384
514.8501966
520.3846253
517.9744236
514.70092
511.2411078
505.8317376
509.4571303
514.9906203
519.9565934
521.6284673
522.9035181
522.8993532
522.4133707
521.7971795
520.9006188
492.9231564
525.7104086
498.5541932
400.2805524
476.6717973
499.4063397
396.4131347
465.3204545
518.8692745
522.9166367
519.6095194
505.2057134
401.30928
472.5470318
510.3210024
504.4931
521.4157524
521.1155031
526.3037033
526.1204324
510.9293627
506.2720968
409.4168082
505.0947207
520.6217919
522.0844876
513.942902
500.3385964
496.3343337
505.7601869
504.1328188
511.4594475
522.6363639
501.4491048
497.1724963
510.9679209
521.271201
524.3991129
517.9094558
489.232168
475.6643696
516.6402937
511.354336
526.683917
538.6326337
520.4713687
509.9496515
522.2772199
520.439287
522.2862195
523.8592222
514.8952889
507.1022397
517.9847502
525.9542834
509.2778956
358.9990709
436.461644
524.0317345
528.6448523
520.1565896
526.5858927
502.6790329
470.2757281
486.4724317
513.7695342
522.0778581
523.0528356
522.737026
523.7086568
516.0476959
529.2021008
527.0013267
451.301803
510.3298768
510.0764518
520.2094026
520.1629326
519.1088553
520.9441844
527.5826763
485.8820053
523.0877426
518.3974711
500.3529022
487.4097592
474.3571335
464.7833117
460.8554165
464.9524055
472.9347817
475.2479222
469.5356653
466.6471944
451.0556137
458.4872858
479.9099364
504.8771714
409.781955
404.8485789
433.9641707
512.4412328
520.2271801
518.6241997
515.4581956
511.823661
509.6664101
506.7885709
507.810015
511.9558343
516.5572452
520.8543706
522.6736315
523.0618784
523.1259315
522.9125787
522.4924413
521.8572525
506.5831765
532.9679398
529.1959161
519.9822233
521.7383183
521.4144685
517.866651
504.2643588
528.1151348
497.729889
497.7514676
524.0065038
531.3727997
526.1770298
534.9196188
511.6299329
528.0613446
504.1053713
506.3323239
506.8350852
524.902425
520.2020772
510.4338236
474.6542522
522.7626011
521.851877
467.4271309
383.73933
521.4824983
530.7675911
517.7340604
509.619939
502.5443511
474.9211138
419.9783118
509.2775935
494.0199924
510.6118264
521.1840659
523.8802099
520.0775287
472.7250627
519.3784828
521.0173322
518.1584113
510.4386634
525.8923205
539.6808377
521.0956778
508.0950947
523.1865008
519.9334439
523.7586521
518.3962417
502.8156318
505.9747843
521.8450614
517.4346706
348.3099417
425.2057638
525.4186228
520.4184221
520.1865518
502.2538689
508.3356436
508.3682295
508.7511552
518.957007
522.7534084
515.1580922
510.0932075
506.7577297
503.3406298
479.433498
467.7622276
503.2238437
478.5517231
382.3670121
501.150175
520.3157107
459.7406452
527.7806859
524.9300498
519.1866166
468.3988504
488.5074897
517.3164488
522.0580818
503.9441871
523.8453313
438.9285413
481.1004628
454.4270245
517.3728396
469.5636702
528.4336355
525.8509368
523.1333422
519.7840775
519.8387412
520.1359616
522.5672185
528.9167678
521.5892546
492.0388686
512.3782447
533.4985946
475.249605
494.1635019
528.7021497
518.9465283
518.7322844
498.7124089
531.9465654
517.347217
505.2658572
495.9445196
474.2390345
465.9166434
461.7145006
464.0556172
470.6936968
474.6000974
473.4580949
464.8567575
454.4436156
452.6925939
462.5859604
481.5342252
407.5829199
407.0041668
435.9244289
479.6229227
510.4536398
519.4001562
519.0284583
516.0997368
510.0927935
507.6834955
506.843603
509.589819
513.7048609
518.3277837
521.4343882
523.0604007
523.5267718
523.5062817
523.2503129
522.7869745
522.5354341
523.2312967
537.7393214
524.530361
512.8460067
502.092381
503.7904352
510.8427864
525.7230736
522.164246
514.2451521
522.8037551
521.9025963
513.9908799
488.2882577
509.4856304
522.3469548
505.099531
502.1877653
517.6128795
530.8224868
524.6266835
507.7865536
498.8724278
504.0503612
508.3439373
519.5156018
526.562044
522.579898
522.1783094
485.6417741
525.1774298
519.2945008
519.8425234
507.7753644
525.0449048
540.4901401
506.6896425
523.643652
519.6749969
521.8872677
523.5076445
519.6876825
500.6545905
504.0964226
520.7618158
529.7422086
336.3007839
428.0838476
415.2199543
524.230576
526.6117746
524.40313
517.7048121
526.2307716
519.427272
500.4732433
510.2752381
522.9628029
360.6526635
511.7008734
382.9317738
518.1100171
524.1414585
470.9669768
366.2502577
357.0908656
507.9544266
521.1994685
507.6789218
512.3092769
522.5187384
521.6060213
521.7099876
521.3004307
512.4021465
532.1127429
497.4739462
525.5006615
507.3865253
496.1090231
514.8223514
521.7711743
524.4384949
500.6307221
514.1305499
494.4402296
504.9526204
468.8878152
474.4959494
493.2013073
507.1360941
519.3104697
523.6141642
523.8475383
524.1780104
519.1331764
511.2540991
508.3410334
510.4216812
516.714695
519.0480686
508.2499927
408.9625362
505.0589088
505.08059
454.359646
453.4995474
456.6994257
470.4686338
473.4234218
462.6880827
485.0857504
481.5943358
510.7524702
498.3471421
511.1479922
526.2840723
514.3147965
533.5060038
538.5015044
541.2146984
532.6148749
482.9902324
433.5984053
482.3998433
492.6363471
504.4621547
506.0496009
497.0176549
490.6103925
492.2569869
495.568871
516.5338639
508.6285077
493.1933924
509.0079783
521.8819695
523.7623003
524.4286888
497.9526536
506.2842801
503.7823626
486.736226
520.7563675
473.611586
336.2603858
480.0391055
522.2209537
482.2294529
505.0110574
523.7936712
520.6334274
523.3255278
480.5835695
468.4621923
521.9233005
517.6702016
520.7775067
524.3212427
521.6864184
506.7144202
523.9529047
518.3301839
521.8979735
523.1356729
522.5261418
493.3549629
499.8523308
521.8429173
516.4200176
527.6667878
315.0233548
408.0368808
501.2065758
528.5566348
501.370688
522.6553948
520.534639
524.1371796
514.9576994
523.8030915
492.2271201
485.8863806
330.2595554
505.5370469
509.5600103
507.4085227
467.7495732
421.8737019
503.7006356
534.7097059
403.4344379
482.4017954
512.3245009
501.5634002
513.1459844
486.4218163
670.0516642
584.1404023
602.3356673
602.0444119
526.1608495
490.8988587
503.0484834
651.6395064
560.3841228
520.6759892
500.5093433
513.2663654
498.6462205
504.0218274
503.9006914
496.9440936
490.5039429
484.2625166
477.556121
471.0581541
466.0657313
490.4472005
463.5500893
464.4588939
467.8567848
471.5102148
474.7322997
473.0529562
466.8874894
458.2242463
453.4607603
457.3140351
470.4010372
484.3350854
504.9736232
406.0408081
410.845696
437.7197958
476.92106
505.4785881
517.6078608
519.37449
517.3556808
513.4688189
510.7578224
509.0100201
507.5830532
507.4907759
509.390045
512.7719445
516.4508921
519.6481629
521.9924872
523.5095057
523.3305333
524.2990723
524.4418344
524.0846933
524.1625717
526.9249198
531.346917
521.9852338
504.540051
545.1973191
563.5926892
534.408114
531.0196677
513.8373638
519.40528
529.0117291
502.8957825
524.0993117
516.5604376
521.9637152
525.5570908
532.0114518
525.8840074
495.3628183
509.2303237
519.5916824
500.361549
521.6673135
496.8368415
518.6021269
490.753338
514.0644309
490.267564
513.6395301
506.7582008
501.9500835
525.6843114
334.7657514
513.752365
519.4350755
524.6843039
508.2414383
513.408328
525.6257513
472.6216905
492.5379094
525.3357116
513.9736956
524.6909861
468.8454669
425.4046151
520.8810989
510.9299022
481.6443022
513.6013191
521.3406162
485.7331919
514.5327639
522.2104307
512.2180801
475.2879797
488.8960058
523.5883056
513.6608319
567.8206824
520.9204831
273.4346003
362.1721764
574.9618625
659.6871686
772.3708222
492.4309798
523.4436989
523.8584685
523.9938077
368.338505
283.3322021
510.4870129
517.4008917
523.6919378
515.6865787
523.1491693
524.4981259
466.3503745
286.035623
514.6144689
477.5070513
282.4167902
517.4010868
523.4269841
508.7943416
521.6536219
597.9031565
519.3091043
516.1844759
463.3311998
528.593056
504.8699974
516.1244862
480.2916401
499.2940826
523.452107
505.4793975
524.3618273
482.6869172
406.4560924
468.8692637
546.4341335
512.7545318
524.0694729
521.7978232
504.5853879
512.6400059
511.3165769
510.5730102
519.9307518
518.3868831
519.594901
505.0125859
473.3303372
491.6995775
847.1745234
532.2016684
840.9366377
845.0859323
853.7115278
883.694798
904.4147162
921.6881977
797.0482489
807.5298741
637.525663
833.8355448
852.3490702
525.2473019
403.1160329
524.9390907
431.6222267
527.6469708
478.410019
405.9515511
860.0577883
855.9044713
855.3967665
855.8329132
847.7816637
824.1166029
781.8341891
732.2257439
527.5074351
416.6807036
422.4941324
526.8615431
527.3311835
403.2447663
491.2038771
337.3126553
524.6665821
471.9787518
523.6698684
523.8574692
441.4119825
522.6016821
393.4997241
524.7896515
445.7502137
523.5730039
525.6237177
396.5565109
429.9834426
525.2344306
458.6672465
529.7655542
277.2333215
278.9826729
506.6761352
477.2523002
421.1522683
524.2055859
524.220489
434.3766048
401.517515
525.0887518
423.551939
208.6017824
525.7889284
751.0531483
795.7749244
983.4839461
1026.317576
958.1110044
833.1500862
751.4118111
919.769623
1006.189656
892.1194563
505.083328
459.6137542
465.2401855
523.4327261
524.1903599
507.122487
509.3236786
471.3381296
474.3764518
470.6247067
412.5912703
438.5607089
478.0475686
463.564149
456.3324851
467.3169913
463.9620001
525.4960629
524.5610831
470.8183337
472.9398832
469.0999615
484.3195541
1151.17225
513.9797488
562.0402006
493.939088
522.0533479
531.9042919
507.6996137
507.2211995
515.4208283
517.9987751
376.5397618
528.3899657
521.7528906
645.5446385
918.1024332
929.6938077
907.8566667
881.0439737
877.1429088
865.6091241
622.3733523
873.5418262
1063.75598
825.1688262
875.7765571
1109.327089
925.9957962
207.8600214
979.5300377
1033.490315
994.0656639
753.2548893
841.2138616
436.6854754
435.3555976
501.4735488
201.0646611
475.7068973
516.7729867
204.7291502
481.2304152
857.2739062
842.0536824
848.4843624
508.1532571
524.1655171
518.7701721
464.2299346
453.8267367
406.1032083
476.4053811
516.9139604
508.1791398
517.1849944
523.4948617
466.6411364
488.3509367
478.0957321
465.818223
466.2600164
464.909487
474.4973368
461.0221526
485.2729712
503.9315615
474.5949456
437.1818386
522.6741743
412.1289562
532.3405073
485.0132524
518.2414824
503.0252555
523.0035132
479.9190418
525.8867497
522.6423896
456.8130588
527.9190476
819.3938677
520.7608711
463.3454067
515.1572458
518.7822789
527.0006792
449.0950668
527.5807852
390.8876934
514.4253541
525.3543317
203.8648974
199.7736596
173.6233674
178.7558632
177.9159023
178.2942289
226.0899153
244.4590859
226.0991206
180.5387547
238.0462192
243.964864
198.3100652
184.6371162
188.3439007
211.6102727
185.4834012
233.4170991
159.962943
256.027171
205.7589682
192.8854775
193.8792108
195.6090013
163.219401
192.8957356
202.4842738
158.5850419
141.722831
160.6590448
188.4978518
182.7166713
164.9789181
172.4688866
180.1191839
151.2993649
149.1695268
179.6824755
159.4147291
198.0058643
192.4008299
245.079975
192.7587892
214.4393035
211.1711929
198.6263699
200.4607679
234.3135196
212.4550597
189.2334433
175.3187611
202.5988625
171.5756918
172.9171075
178.1222589
193.9413102
184.5290133
156.7034522
181.0559799
181.8125335
175.7124917
177.8213329
179.5483628
189.8321806
169.8076238
184.3466722
205.000101
194.4785396
188.9721971
208.87017
253.362672
220.6801141
250.0627975
234.398399
174.8230601
182.9296509
184.1433864
185.1271673
201.8027781
210.7604153
209.9423525
216.4763702
211.2542129
188.1237257
173.8559497
171.8981727
169.89893
169.8809862
172.4972911
182.6156405
176.0418764
179.7690606
178.0540163
173.7317974
208.2426357
223.8726518
216.4607568
205.9856267
195.0221701
228.6615021
191.8239318
196.9372447
198.6410137
204.2731654
210.8413668
208.0203027
225.6070085
222.3403516
230.7960838
194.3976012
196.2203872
209.4241557
235.9820305
226.7620307
185.1141176
174.0878775
161.1184758
172.6937954
174.5331079
177.412795
184.7430876
166.3287828
163.0992312
201.4774909
209.0301303
204.8378046
189.4426368
175.9060747
168.9512161
171.6877501
176.9612409
186.5003546
198.9581713
204.6108456
222.0353319
218.6569656
197.9388765
228.3509768
166.6577867
213.6720729
175.4640718
161.8043711
177.3546281
179.3758436
183.0903337
151.3286655
228.6580452
178.5128255
169.1353414
205.0925227
216.1053326
200.9587312
200.883705
200.0155829
160.3227744
153.3554307
182.9805604
202.3465835
173.6101959
179.6341858
158.8654883
201.533516
184.7698779
184.6800302
175.3228624
178.7060928
191.2381709
202.1177086
204.4567922
192.648307
179.6064685
174.0623585
167.6640646
167.9959091
169.6319334
172.5791335
170.4097741
169.8261546
169.5416504
190.8194828
188.0555396
165.4326458
165.3404168
189.3471814
172.9465387
182.0415034
159.0326831
251.3151283
200.6613959
277.0880549
273.0573053
277.1435346
280.758557
272.3660927
260.1803706
250.2639427
211.4031504
238.3856809
207.1404362
176.4684183
167.3700023
158.5956174
146.4968371
133.5387588
134.2461466
166.7319412
159.9983388
159.3401902
157.7363793
172.088577
191.478554
182.6023464
172.5556238
169.2746915
163.8576047
174.1946194
177.0678552
176.8253833
174.6744353
205.1953989
177.3854071
188.9701556
202.1272998
150.2420801
176.7697732
233.3764953
162.8117196
169.9686352
298.2430154
162.5196892
167.2825061
136.4534888
157.2728498
152.4526303
249.4117778
285.0661845
278.5786078
282.0338908
287.4684518
285.1577339
282.0135255
291.231889
244.1142404
245.6841158
173.7719255
154.4129089
131.8385631
168.8353646
162.4044399
207.6207477
167.7221437
136.2916644
129.8172198
155.4083427
177.2087412
141.6959353
234.2062123
196.8689423
178.352852
171.8664772
152.3606888
197.1189175
172.4528587
171.1897716
145.8752097
204.3091352
176.0203801
324.9249735
415.4687803
173.7473945
168.3032476
419.5157091
418.2116159
180.8383745
251.2979802
226.7549718
161.1478867
247.5481092
398.2409605
140.8547578
142.474286
299.7183984
413.7662704
255.7932484
214.8736584
241.5278615
419.3231804
291.2505613
419.9520126
421.9972233
418.3135526
278.8685936
419.763206
216.1080158
414.9010098
414.589517
201.5121926
212.5812133
418.0692041
131.8182604
328.2751348
249.94276
226.1084338
417.7498392
253.6526505
179.3638055
418.896988
126.229582
419.4268111
240.1912598
418.2813385
415.3584844
268.4270853
226.8504261
215.3870153
216.6412597
185.6660094
418.9900626
146.7082271
416.5848692
223.6685046
415.4726469
280.8599623
168.6011444
218.2721773
213.6933836
267.9430368
417.3318485
177.5828316
140.9124926
319.4713382
185.6876609
165.7468851
</DataArray>
<DataArray type="Float64" Name="temperature" format="ascii">
72.27694519
74.33151711
74.45512502
74.22250523
72.26469341
71.63669999
74.43881864
71.94676089
70.28991224
73.84313173
74.25419712
71.92383443
74.99036825
73.88084563
71.99389376
72.0421182
75.40469715
72.85141598
74.07214364
72.29897919
75.23854008
74.90787033
73.79962327
71.697951
72.47943692
71.17122676
73.03146239
72.88604945
72.60047314
73.01685327
74.07788844
72.70695033
73.15365648
98.62198509
71.90714203
72.63321173
87.54579223
331.8873474
77.68009764
342.4328178
74.81469935
72.45342115
447.3926861
377.6017385
377.1924408
370.7751359
289.602389
335.2484935
415.561366
405.6770507
71.16705351
318.4188888
411.4558357
369.9692978
403.2403327
363.3994866
367.3144359
367.9939698
373.9518448
402.2645948
337.1865314
406.3317631
344.0786392
414.2971469
344.4643349
75.1875019
71.27843806
72.72604732
381.8989298
367.6413378
364.6632324
258.2152396
73.88480157
372.6846354
384.7608571
383.9406657
410.6068788
413.0061192
408.8863738
403.9382803
415.9616735
312.4179769
307.731296
74.10579898
404.9608369
401.7053599
409.1339412
297.5570934
410.213423
331.4002616
352.3818239
413.690065
415.6074888
414.8301021
311.5387257
413.7386211
402.8333407
411.9806495
401.6088501
356.1800878
292.4848352
367.2776334
289.4173156
377.8506013
427.2107328
375.2011681
363.2359182
410.0403222
408.7193511
319.1340546
328.8867
350.7606696
413.7865863
371.2610214
406.7436032
385.9339375
414.2033076
452.4413575
415.759557
349.0263215
340.8268796
366.391187
366.2536682
315.9797389
392.82889
405.7406248
381.510353
320.4085486
311.456781
367.9791562
460.6074511
408.0898579
368.7825271
407.8611488
373.6133468
277.7945083
326.7644553
270.1941362
304.3680772
370.4437154
75.72860979
380.4489702
361.269532
74.49304063
306.8824111
68.85106613
73.55161213
84.33084116
69.60985921
74.94663228
74.34259982
309.8587146
316.6203399
73.74226684
71.24757994
76.92032957
351.3796995
289.821063
365.1836915
74.75039693
73.95935065
147.5787917
142.2050596
268.4119085
67.93908999
129.0044655
71.46474448
71.26052245
69.94431475
71.39802012
69.95363838
271.6036184
285.8533565
293.5452186
302.8265038
308.225705
313.7234899
318.8706255
321.3791359
313.0397699
307.6950372
303.7936864
301.1297686
282.9673607
267.8792922
259.4898181
249.3672319
238.7455352
229.9322223
257.6440307
349.4629586
398.4647023
344.0941015
392.9951457
449.1483055
465.5903326
363.5805853
381.1919569
381.6829069
256.1585341
256.4500105
243.7583753
254.4609785
257.6583308
265.0541425
259.1353926
277.4088021
295.7539295
298.8152511
302.1709614
306.9112032
383.7983396
238.2043775
317.6377451
312.8362114
307.2101212
297.337613
284.0195593
268.5584981
238.5910002
259.7566957
250.3042962
135.672543
146.6308356
153.2636733
160.4029116
177.3911347
200.3884532
219.1656479
232.5546157
241.424446
248.0007046
249.7219928
246.6403398
239.1106365
231.3937648
228.5964826
215.8944916
198.8520394
201.5714995
222.6867588
301.8346752
391.0982842
325.9140381
361.375672
479.9438273
309.0688747
323.7067906
376.4103862
322.4596855
220.7091145
228.8153063
204.064704
198.9424525
211.7003297
223.2675581
225.7067699
229.1810497
237.7213612
244.952697
247.0671105
244.9559213
381.4982269
125.0581396
211.5648805
189.9083318
166.6604415
151.4455842
138.8421764
118.7143883
100.4662831
112.9955541
102.1346366
428.6323055
84.81510031
80.25870317
75.91220234
73.84532067
77.60711499
84.99819672
101.623851
119.0500004
133.9977588
150.6012256
164.5312964
173.3307499
179.1621931
181.2476236
181.2935929
175.0075177
184.5899756
238.9959708
351.8754784
314.7516099
291.9521043
474.4151311
297.9490127
308.9265677
359.4874844
275.0640359
191.2364555
165.1275546
171.9231032
178.1098551
177.919356
181.1682053
181.5522947
178.5360698
170.0116208
159.8367626
142.7684559
320.5246427
73.8654707
97.14990152
86.28011823
80.56771527
79.92760908
78.74266138
76.72985472
74.19350179
67.36628951
61.7260219
307.9984498
72.71380662
72.33976937
70.44266772
62.53512371
56.56989303
56.25885496
66.54629081
69.85017941
78.73558981
115.0199655
137.5511931
148.0022978
147.986443
147.4275085
191.0642508
268.8589601
297.5789023
269.106836
359.653818
305.7543124
315.9804704
211.1535913
180.7407618
137.7443619
141.37302
134.0925231
123.6069098
106.5178816
89.359431
80.02568935
76.14521467
73.27425064
228.9022907
73.78964222
70.78243561
71.63838902
73.34976919
74.94614298
71.89462186
69.02638365
63.09822285
59.31184174
299.6051454
349.1248999
71.11938334
63.2804033
61.6002776
63.28331899
183.7012814
180.165921
83.6822347
118.3263107
147.9979778
203.911563
250.7105292
303.7257106
244.6227045
163.6825883
146.5038517
92.11130432
77.86884197
176.5556871
109.9531403
73.29677593
74.0065715
75.02391579
75.43381416
58.67693799
62.05494935
349.1019479
301.7027842
308.945474
114.415939
114.0265615
69.42171687
68.87269182
64.71662383
70.71923376
59.18449327
60.02318597
69.44030996
93.70927161
69.42040314
73.31925245
70.21145542
118.5215443
102.56688
131.1773525
216.9030986
258.7257427
112.7519461
115.4361262
107.7213368
71.65723541
69.66401906
73.64776896
74.92671537
70.92593271
72.18402495
72.25787316
73.47404129
75.12345823
71.70751937
69.83025849
68.03252385
70.63773574
114.187624
74.40007573
301.1893705
69.57870759
75.23191078
74.99530329
73.74808486
74.74758258
74.57982386
75.68270051
73.84903505
71.91495403
72.37632409
74.66993928
71.89312391
66.61114631
70.6887927
68.67206043
69.36099493
64.51614527
70.036727
68.37213606
100.4175044
92.26629288
71.16828342
103.8223077
239.3377099
236.1362674
96.64107112
81.38620301
71.00340737
69.90313216
71.53309496
71.58056438
72.93116989
72.70034029
74.65315497
74.76165774
74.82169935
75.0598135
75.50788479
74.65345688
74.46726629
69.77866612
70.03068414
69.83112143
70.58811436
70.96408544
71.12843657
296.0243451
297.7272073
184.8243631
103.869658
79.67565492
71.5869912
71.65836963
73.61817259
75.47577916
75.4726317
74.76221314
72.95712381
73.30587988
71.93687376
71.74977411
69.53690684
69.98435039
70.35522329
70.85502443
70.49621055
71.1125194
71.28373189
70.51288618
71.61992008
71.01962238
71.21168055
70.7590077
70.22787973
83.08081085
195.5513427
354.5257403
286.7447702
111.4438899
74.73795202
71.93471669
72.74750073
71.18157854
70.75891125
71.79032226
72.41090899
72.50867729
71.02877115
74.33762735
75.02473153
75.15456919
75.64080002
75.10011437
74.93566621
74.81436351
74.71676248
74.81075888
75.05092307
75.29691603
74.75952659
73.66195389
70.80859451
105.1741961
71.13478003
289.0091217
358.8013661
76.13752636
74.92819158
72.652572
73.29718043
71.43246911
70.11643358
70.42418717
69.58820551
69.704165
69.87223919
70.57309939
71.29838698
71.5876294
70.24982001
70.84331663
72.28774972
70.60142296
63.01401153
52.10874098
166.6348896
285.5938113
194.4295203
53.89816128
67.41658122
70.27218316
71.24210472
70.42070652
71.12015151
71.55664298
71.97272698
72.33455917
73.82362157
74.44741756
75.38562358
74.84264675
74.92014617
75.28423406
75.19969543
74.83432752
74.71818296
74.66135425
74.80650658
75.00437521
75.05471041
74.81024191
75.33425336
74.74648113
73.55839379
72.62431712
71.22060782
70.97859509
363.1067982
168.2563938
285.1489284
73.14313987
74.31108017
70.99101351
69.77226406
69.18282234
69.28511083
69.5497128
69.99149371
71.25972695
71.38348975
71.84415997
71.13650413
71.42043773
71.03810729
71.4399912
71.88459261
70.96204206
70.37756137
62.85714719
56.0797968
148.9186218
295.7662012
146.2804315
58.48521575
62.45936891
69.99028656
70.64601184
71.40172985
71.21852329
71.95534782
71.39377295
73.06179802
74.14681187
73.84285481
74.60064821
74.67792191
75.05182072
75.00639239
74.76863929
74.6682779
74.59307835
74.81351871
75.0278887
75.09522033
75.37224886
74.646244
73.62940483
72.69337838
70.70029615
71.05844236
290.8130307
299.9434419
366.7725248
287.484326
73.71952359
73.01844132
74.46212762
69.41712569
69.35327332
69.6895577
70.31687646
70.89745524
71.35493012
71.66981649
71.56861579
71.90494781
71.73943673
71.59934072
70.35039497
64.39723596
69.03128951
149.032273
139.5570171
63.04495899
69.27938642
71.1701771
70.84871633
71.76879443
71.15284308
71.93889466
72.59322844
74.19351764
73.28883012
73.47291599
74.30194619
74.39189811
74.87994113
74.89014442
74.62405661
74.82350696
75.20594602
75.30160799
73.60639191
69.63914217
72.14867452
72.06566355
71.85607206
70.87737302
71.98746341
369.5390625
70.85238192
74.63657669
72.83495573
74.9087504
70.47861956
69.2856072
69.24820899
69.01955951
71.30872636
71.75086226
72.03236465
72.49472283
72.14177927
72.14097346
71.84938988
71.66533707
70.17328041
71.45058658
70.75369163
66.7696584
63.60546979
68.67059913
70.7437491
71.08982243
70.90609495
70.99343877
71.57055071
72.10426045
72.87809565
74.67185815
74.6817515
74.63855159
74.37815816
75.35119444
74.84381557
71.80073629
69.90026655
325.5395686
309.0452042
371.7119772
372.7937116
302.2848902
63.63928954
70.831261
70.96733486
71.17506117
73.0687571
75.08923538
74.54440153
74.45772357
73.53073067
72.51326564
71.23885133
69.91085718
69.00448861
68.99416774
69.97993808
70.35846501
71.17517762
72.36979823
72.22184685
72.46599482
72.80532558
72.40596302
71.95664815
72.27540666
72.32233172
71.7579941
72.03809706
72.1995893
71.96978234
71.76774474
157.0613199
163.6101512
147.4408076
157.2171335
76.16509078
70.63794553
70.84896998
71.11659746
70.97878849
70.84636343
71.24189411
71.05629058
71.71556542
72.37046259
73.57315689
74.04003326
74.25154762
74.54218912
74.51184586
74.84593277
74.85900675
75.17244361
75.41473113
75.09929156
74.34541007
73.44723302
72.77371922
74.79242429
75.67212398
71.56699619
317.8627904
372.6180633
310.4944306
307.2942586
68.62680524
65.85664555
71.99435053
74.37926827
70.34481294
69.3336278
68.72872565
69.5455319
69.09479765
70.42838268
70.88609656
71.76810831
72.98338078
72.73350837
72.91577967
72.65297357
72.4713086
72.4676122
72.23067227
72.24565205
72.15066977
69.85576684
174.2834621
168.8060217
70.00962061
168.5339854
68.15669279
69.46950993
70.88554788
70.9542608
71.34166494
71.36568677
70.90037788
70.92858586
71.13304904
71.36185779
71.9143752
72.54337257
73.13881413
74.38908611
73.62057605
74.54238398
73.87697257
74.33124196
74.59017473
74.87672981
74.80986629
75.23241462
75.4191969
75.0076073
74.22188893
73.35942015
72.83024059
73.2206076
68.6257419
69.35076529
71.57452325
72.47843311
72.99920603
72.8128126
72.58778765
72.43201117
72.53700349
71.17194008
72.53432346
69.75200669
75.47726031
370.9667838
83.10645984
69.02400465
69.69528396
71.47914783
71.15463218
71.84920941
71.21012444
71.12288439
72.12763702
72.64094945
74.02556349
73.16118709
74.03454883
74.53033881
74.16914867
75.2721776
75.44019545
74.8617016
73.2541804
72.87356751
72.41556725
181.9576029
71.57414653
68.82885126
73.2247531
73.28945434
331.1797198
71.60172703
73.59621062
74.40626496
71.57437048
74.08355552
74.45652106
69.01367204
73.59958499
74.75221841
72.25337663
74.14956159
73.49876336
73.91187348
72.56307726
72.83440915
72.65939439
73.53858884
72.10475117
75.18658233
74.60384637
73.59047566
73.71546318
70.81183225
73.0012491
73.45167238
75.87646731
70.29180201
70.53360015
71.33866256
67.16294215
72.69105897
72.38903442
72.27548751
73.93339757
74.98617435
71.51537304
72.51490428
74.32787975
73.57313865
73.44502059
74.94280111
74.85566939
74.48522228
74.96415181
74.4020395
76.30312235
74.3699348
73.01795636
75.5043834
72.62366468
72.787287
72.56675289
72.27281268
72.44093725
72.19073369
72.66217945
71.73359019
71.49863164
74.10777795
74.04452795
73.68566992
73.18847525
75.04830095
75.01129849
72.75694105
72.11961452
72.66309445
72.32543234
73.62879068
73.64496978
74.48634888
74.70706478
72.55973723
73.03895241
69.1975969
72.01853821
71.87953635
71.78384015
74.70075429
73.98757934
73.97976067
74.38810286
72.70607733
74.7210223
74.6844098
74.30238114
71.7688859
71.3663374
73.70776925
73.40025186
70.49559182
74.19418223
74.37895655
73.9181059
75.10740427
74.81189274
75.16708638
73.56761952
75.2980839
74.48470821
72.02563182
73.41613626
72.38694042
73.56350997
72.50193285
69.1128666
69.13818731
72.98149076
74.74924462
74.06066327
74.44125642
73.77350662
73.51872129
73.75583947
72.89591079
72.34460016
72.6610612
74.12538938
72.86122345
75.45396005
76.01743437
71.89607057
72.92692046
71.25596079
73.3365883
72.83080587
72.37362144
75.06522012
75.8912057
72.49487813
72.96835196
74.16777157
76.97566602
75.01192174
76.44741395
73.17820025
73.00393577
72.74823981
70.97011311
73.38425526
72.45839417
73.09239346
74.33499877
74.10708311
73.68323103
69.78661866
71.1241878
70.66902257
71.66322193
71.84142723
70.58348725
66.81950551
73.61868463
74.45614088
73.85910545
72.8415642
74.55831905
72.58551005
73.9936441
73.45199351
72.72874543
73.24403861
72.96183477
72.33734072
75.52568696
70.45039919
71.76852623
69.23262139
72.01247772
72.30394628
69.50495796
70.98708037
72.91926882
71.59743179
70.46178877
67.39470994
73.24370748
74.57902813
74.71493259
74.10405592
75.72034726
72.52017452
73.80214986
73.63835018
71.36860535
71.88356145
71.78819515
71.51450349
72.76564437
73.53451824
71.80271827
74.48723905
71.71029707
72.51558937
73.01602155
75.60063147
73.67394484
73.73440961
73.53092956
71.97806899
72.35053363
74.49030814
72.83781676
72.86376962
73.89374344
73.21063673
71.90945026
71.74651213
71.87954057
73.15949815
75.04217772
75.31202711
73.99812477
73.45337495
72.5007546
72.46143377
73.69217215
74.85488429
72.57210262
72.89490353
73.21644941
73.76255868
74.19029813
74.56257927
74.20003047
73.98033196
74.16743061
74.51205685
74.70752909
74.63304715
74.36703379
71.36084414
69.24164571
70.62047369
73.23656276
70.11964946
72.412763
76.05527199
72.24839876
70.87462228
72.82108826
71.94706819
73.16791663
72.93093783
70.84562946
76.03019775
70.99569994
72.96763613
77.61522018
75.17554484
76.81144621
73.0121612
70.80462301
71.8605004
73.3426392
68.88705389
66.5967939
73.00845035
72.75611175
73.43368029
74.35387613
72.97355054
74.05704219
74.64266769
73.22742826
70.00166575
73.55516248
72.64108933
73.4468415
73.34750858
75.87093453
74.60442413
75.68609313
68.9607809
71.58697177
71.93964672
67.60676788
71.74647812
72.98774602
74.14874932
74.50159885
74.60454815
73.16092108
75.47892149
74.3940917
74.33139363
73.65941894
74.93266296
74.80313626
71.06456891
70.44581096
71.89521056
74.58614845
69.9674605
75.18050168
74.02036228
72.1268114
71.61843576
71.66352795
72.07731665
73.74504302
72.73061156
72.8363491
73.38515111
75.2006649
74.60568585
74.17764565
71.62388637
70.84185912
73.06084249
71.50176791
73.80228979
74.38142747
75.55734196
73.60159137
73.96763212
73.94755554
75.51301013
73.4797796
73.88159993
74.92103021
72.66583935
73.8454851
72.80336001
72.55627347
74.44930518
72.95294486
72.53664047
72.85295069
75.3152071
74.66947304
73.15812939
72.39020954
73.12592829
72.97360744
74.73942672
74.14057456
74.15282145
73.69055536
74.40113962
73.77039701
72.54652682
72.65250773
71.92984396
72.75829203
72.21180873
74.7073909
74.36389501
72.32201788
72.77881667
73.00358167
75.62328022
74.00546922
71.85070105
71.84557359
71.27415773
71.25144208
71.21762563
74.7067234
69.27658491
70.82918838
72.57340367
74.93601585
71.15774375
75.99484436
71.60151069
69.97920131
72.85956296
74.16121477
73.52083387
73.3422888
73.11930683
69.60806612
76.5300919
69.77316493
72.9657533
78.40708471
75.29415295
77.08326369
72.63809231
70.54533118
72.3563003
75.10642402
67.2657347
64.5273718
73.42190043
72.96028541
72.4727436
73.34384796
73.83685291
74.33319447
72.9646723
74.12012732
74.87267446
73.25319717
67.88743149
74.25646019
73.1619419
72.8703001
75.99826689
74.78575316
76.19075498
68.53363135
70.89976346
73.47031526
74.76566746
74.53603128
73.95032632
73.48301691
75.20636736
75.93518621
74.70243946
71.57317867
76.03567436
72.69419791
76.85725957
76.08328837
71.33152756
74.70983135
69.04334733
76.27928555
70.30516338
68.06897798
74.53392262
73.05576444
74.22923425
75.3787654
70.19805633
71.88980611
69.71599498
73.06710604
71.6223707
72.07701621
68.51084462
71.09008849
72.06398559
73.5759074
71.35630804
71.79872141
71.54017759
73.49576778
75.13761512
75.40769158
74.84659387
73.46898481
72.55998951
72.87454441
73.09358421
73.35123831
73.20088216
73.55314869
73.83123513
73.59438888
69.44993149
71.5897529
71.92178025
72.40444813
72.32921428
72.14402236
72.06601662
72.40394886
73.51969501
74.64154816
75.60297405
74.76495919
73.23433076
71.06073175
69.92962033
72.86687271
72.55482336
74.41858746
74.47912348
73.34983227
73.509435
72.98489574
72.4520156
72.16041496
73.11674842
73.56844587
73.77635543
73.80023444
73.77528134
73.99379055
74.61293812
74.79739988
74.8419565
74.73985474
71.25788717
72.65555587
74.04510732
68.58298121
76.32784864
70.87837915
68.97476703
73.57383617
72.830108
73.8630087
74.01238621
73.24194327
67.48641446
77.42469378
72.7951064
79.16583433
75.13825443
77.30728384
72.47716969
73.00898747
72.82834193
75.8927465
72.22270791
74.58974671
73.37515744
73.43502344
73.75184552
74.4232721
74.4609249
72.99522132
74.36722652
75.0270219
73.81837328
65.34475544
74.96467412
73.66238659
72.15458155
76.11149389
75.01117825
76.89945983
67.27793208
71.04248548
75.15403257
74.59890302
73.68243945
73.73955389
72.83206554
75.33388913
76.354961
75.06150853
74.48177234
70.36517513
77.28393134
70.04778962
71.93397448
69.35430078
67.63185486
77.15159184
71.92401598
72.00959785
74.52337428
73.08553391
70.99611947
71.71658704
72.03205641
72.53478807
73.99568863
74.28638786
74.60594684
74.40305068
72.95907078
71.31789541
71.41373958
74.18281488
73.99671619
74.01813158
73.16827359
72.35710841
73.84635759
72.8952376
72.55435363
73.23589033
71.94341955
72.05670701
72.5593533
72.59939832
72.43391423
72.29494322
72.29223762
72.96037528
74.09163818
74.88652806
75.20852114
75.26196593
72.17607069
70.86525552
69.75403645
69.42092018
73.13443406
72.79390461
74.22055387
74.04314326
74.15588521
73.40858342
72.64417824
72.19144973
72.30461475
72.6637967
73.01134602
73.22126987
73.29845977
73.50850105
73.65110155
73.79482465
74.18890299
74.58157102
74.83216681
74.93334492
74.5464873
72.82722123
73.27979803
73.1280237
72.86922329
74.91720777
72.5237804
72.8921796
72.22393499
69.27793613
70.86230111
73.56899343
72.37198707
72.83071983
70.71387851
73.92591329
73.01270294
74.51114861
72.77238757
74.01795708
73.62076718
70.34574747
69.40440052
78.36110576
74.46281983
74.64727033
73.79647172
66.44200202
72.09044434
71.74273392
70.32973533
72.7501559
68.87060304
71.4572583
70.14443693
62.75151009
76.05158275
73.90605747
71.70605312
76.22618508
74.92570232
65.59292393
71.03742447
73.60117812
73.68335824
75.06703684
74.79055675
73.50861801
74.03069314
72.47386142
75.50360395
76.66198785
74.63938476
69.41521143
76.79287249
77.45460912
70.28444706
68.53599822
65.1107843
63.03654626
72.99077289
70.19245629
77.48461031
79.74786397
72.4475861
70.08721644
73.48680109
74.7318955
74.15586443
72.88839546
71.76025321
72.25730508
69.02093675
71.19262936
73.76609867
70.75846273
77.47203877
64.13247125
73.5601438
73.68749476
72.59869311
72.97132589
73.20362969
73.57804387
76.04428143
77.66956892
73.69672067
75.46846188
76.58044438
72.99201001
77.64954194
74.3596796
71.94840473
72.63151796
72.46083316
71.5497318
72.12489828
74.24443975
73.23981108
74.19031851
73.98104023
74.11842536
73.35873704
72.40002094
71.33445348
73.82529977
69.64156893
66.69144303
68.30535199
70.86858929
72.84489379
69.20400669
66.81913073
72.00913336
72.45155186
72.58429325
72.72194467
72.59146366
72.48628147
72.37308917
72.87503859
73.81359546
74.63786954
74.91080059
74.40017973
72.81703016
71.14564334
69.97192782
68.83551037
73.29259213
72.81369829
74.0078549
74.37058248
74.59363395
74.69495331
73.85853825
73.02524371
72.37494199
72.51000032
72.64740052
72.72015796
72.74660494
72.88968037
73.01499681
73.41512479
73.73081894
74.10625104
74.3951169
74.62521116
74.77094537
74.70642122
58.24217134
69.2799517
66.40907303
67.8774511
77.23747828
72.82007177
73.02446612
74.92365898
70.0084026
74.3676469
72.74524068
61.7820846
76.86391824
73.86079328
71.7110399
71.2393805
65.02259638
62.5194975
64.21544866
68.98164842
71.89052506
71.99013382
71.47679936
71.2526574
69.68176447
68.22756373
76.41070491
74.58813827
78.08370015
72.96447024
74.44998983
73.63937924
74.28110104
75.02121268
73.48738529
71.23389144
75.43310059
76.83723702
75.5997554
74.947447
69.14595143
76.46616777
77.3554751
74.15353573
67.79482503
61.84030427
77.68948006
60.10675985
68.7229587
68.02559293
74.30919367
73.26846319
70.76062207
67.99796053
79.279271
72.89774722
74.69733267
61.22296036
73.63542418
64.51646388
75.4151728
73.13510565
73.97008387
62.55292586
59.10651745
73.00777871
73.06169614
72.50787
72.44360842
72.55618834
74.32535136
71.17654185
72.56833725
72.45217177
63.12207504
74.18716062
70.27553952
74.34519998
74.90235726
73.50852844
73.38748303
69.68327674
68.26679811
68.46956068
87.63565745
64.10493585
66.94712777
75.25605804
74.82452241
67.29812733
70.37454709
74.28570639
73.87937954
73.53958895
72.3771164
72.32477113
72.60740324
72.65729768
73.46446791
74.24948342
75.12468936
72.85759508
69.63597561
70.09073298
70.21875591
71.73877029
73.88107776
74.43211651
74.21337325
72.51064986
72.72822269
72.77110916
72.35922776
72.77997672
72.76608716
72.2032945
72.97368561
66.51996979
65.61199925
61.04870328
61.76521621
66.21830692
63.77619906
59.21250468
54.48908934
59.70183767
56.82720436
69.38583203
71.35433323
71.5977767
69.46764908
74.34728526
63.18986304
80.83219906
72.71354495
70.42666908
72.90310072
74.02123709
80.01001771
71.92934825
71.14174106
79.66290284
74.80827771
74.58228109
58.3763808
78.97571419
63.96002529
76.49410141
74.14525243
72.25573519
76.58706537
74.35540732
77.9201233
63.59255009
72.35686235
74.7227789
73.91964149
75.18424704
74.44452615
63.06747278
75.58228987
76.86741641
75.57061584
75.28259616
70.297274
74.44143754
77.01652056
72.44147809
75.0178629
69.81436109
58.12113075
76.21145748
75.88801668
73.32546163
66.77190155
71.19179575
72.39096912
74.89776602
77.23381368
74.51327675
79.84478994
79.97704888
55.34626622
62.12492942
62.27446579
57.11177657
61.17037263
58.08471783
72.66100446
73.96867096
57.29780269
62.4817483
74.14372625
78.49937409
68.5170785
62.76223266
233.5859713
175.8107473
177.3515004
187.2317271
135.1409744
110.2110655
85.83411701
216.9102584
148.193298
66.91097075
112.6053943
124.1045542
127.4048144
77.79305256
71.73616618
73.11988197
72.97464395
72.80833945
72.72932554
72.6386386
72.6075197
72.79817354
72.60319092
72.85761961
73.27832116
73.69979803
74.04623198
74.11021507
73.53327152
72.2572582
70.7636464
69.44865912
68.4666444
68.80890782
70.50386001
73.1560132
72.96929172
73.97501288
74.54618304
75.48147695
75.29910016
74.51514695
73.86368898
73.39604644
73.1105117
72.91312501
72.6633841
72.47045061
72.1783462
71.94025164
71.85935098
71.9540161
72.13476259
72.36709746
72.91238356
72.64358263
72.95382233
73.27029311
73.52814461
73.30260094
71.56101596
71.15829163
76.23610621
143.2902959
146.1211085
137.1106678
141.5776205
124.520575
126.0049517
128.0626399
63.81172318
131.0120421
131.5730946
133.1329117
135.2983561
136.5701362
125.5357088
110.2026621
121.8274319
126.1443887
56.02923387
130.6611713
63.70572969
131.950417
61.80806217
132.3092
68.51853263
129.2769664
129.8931726
77.24042147
70.30151427
57.84096552
73.65549739
74.97124534
73.61645461
71.91548267
71.41698082
67.3060739
75.5638405
73.53069537
73.29631139
77.94710704
74.25807433
77.51317408
62.04305852
72.18897873
75.94411289
63.76963606
74.79805204
74.90295942
63.26259189
76.47960746
75.56361509
74.19746679
72.89255193
75.8892155
73.65881554
75.48378128
156.8780316
72.50796889
53.79087372
56.49374333
166.2192035
231.7464272
291.562849
86.02901972
75.23434325
75.54332082
71.98849951
72.62742468
54.34181954
76.67001186
75.71848295
74.94956464
74.84134903
74.59441252
74.33496776
76.40421739
54.42691124
72.51229464
79.86989427
52.44977109
70.62239289
117.9327955
113.7447002
72.76423688
179.5441044
74.22443734
116.6896096
60.91352067
133.2141382
71.31208611
72.4389004
75.4372832
74.29945329
72.46502913
67.74428039
75.63610597
68.62027515
73.28130367
73.59178211
167.0628743
129.8490505
73.21287009
72.6575775
51.1251304
72.9067153
73.61444052
71.8986134
71.51021528
75.10467425
74.70160406
72.78849843
72.64524736
71.7904643
326.2587099
129.9919909
322.5240517
324.6918144
332.7036855
351.3110484
351.2771283
364.7863246
301.9545092
300.0227522
207.9065369
299.7045343
301.1310923
74.09436194
65.99657201
76.12444474
77.45843427
73.89356097
79.58683365
78.25179317
335.1774485
332.5234586
332.7314116
334.1208628
330.4256771
318.5601059
295.506285
265.73354
69.95852593
76.15573384
71.5144893
74.25680446
74.13369665
76.70497407
68.39637619
63.49846305
73.39870867
79.59710394
75.37046936
75.61990724
73.88216519
75.4817737
63.05341733
75.92655725
75.99341784
75.51041145
73.18438869
72.66610541
73.70309893
74.85781655
76.61385031
74.06651207
64.69636673
55.08834475
72.0990756
79.48586765
78.96849055
73.31678445
75.38952715
71.94443609
76.0087742
73.03195852
79.62065896
47.72427072
71.01441497
275.322958
307.2026723
387.7465307
408.167666
380.1665301
320.378742
279.1018588
344.2478124
360.0312515
309.9478477
75.46020421
68.88452077
69.02208367
74.15629452
72.05032995
72.52486006
73.40237938
68.51697161
74.55278953
73.31906948
73.11282982
74.08823376
74.43892991
72.49472654
71.24400573
73.10637224
72.8525036
74.09664179
72.63686542
73.3784106
72.64643158
72.56242295
72.9135021
368.3631673
71.57869648
175.5270633
87.9086276
71.63195627
70.06107756
73.10503997
72.70257987
72.30212646
74.18496041
67.72342083
71.30629263
74.47402688
220.6319513
361.8929875
359.3779506
358.6572625
344.7573686
343.9597797
336.4097193
198.1332109
305.9689407
364.2125291
300.8016365
324.2669997
366.585948
333.1149578
48.38452369
382.4920999
411.0516129
396.4374089
281.7486486
327.1440575
81.2096611
73.43282473
68.79996599
47.21480129
80.42373993
73.4607039
48.00039223
81.86566297
332.8088295
325.926679
328.9896802
72.43709765
72.34107341
69.45466566
72.6015288
69.95543886
72.97782348
74.6894763
75.30163025
72.3372639
71.47381484
71.81567984
75.01423878
69.26897318
72.82365479
72.53975546
72.58954043
72.7710486
73.60079885
73.35237882
69.52093555
71.36956657
73.61285341
73.92764823
71.71698968
72.18229271
136.7533333
80.26493696
77.51116899
67.82568347
74.02818494
79.03792733
74.6483645
73.71581653
62.20321093
72.37009705
313.0869946
69.67174858
73.06248369
73.77105822
69.43113511
71.96765056
75.05932751
71.4942768
66.93822501
73.8404243
74.22766541
70.56783546
73.43690111
62.13388141
71.02641536
67.81575403
64.73013562
77.28263104
87.53978956
85.06548278
69.81982001
82.56091066
87.62669955
75.53435952
70.55490359
69.49309112
80.65294273
40.56684905
72.45687838
60.38958477
59.42895946
63.45331633
71.58932106
77.50419904
68.21177009
57.6220804
76.00320037
74.73373407
59.5749736
54.21214548
60.38315594
60.45426969
65.87176942
57.75918746
66.59948691
67.63264146
58.62835273
59.23407487
70.87860481
60.62331769
77.58313781
61.09175818
63.95976783
62.25657414
45.07635684
82.90403
78.3957753
73.0961169
71.68631209
83.21555101
71.36246828
69.26382192
80.67062364
65.17124518
68.50696915
67.12849766
74.28515894
69.45547707
62.43644662
70.73564801
69.84049438
67.03167568
66.30647724
65.47634965
71.2622304
65.66627696
66.07379539
78.73214769
77.62991029
74.4832256
69.67912651
88.24096043
78.91058421
88.99394192
87.19899294
66.82373976
67.26887127
67.01947305
65.25655591
73.67162363
78.24181819
70.30254565
68.19181574
68.65745704
69.73309458
68.87395973
67.89854799
65.10252549
63.89970912
66.08168564
65.15277475
68.44890978
70.08607711
68.88778067
66.65174058
76.59240616
80.39480738
76.21611443
72.08575869
69.3024013
80.80625475
68.69301093
70.2766162
69.66870832
69.14607673
67.62055569
64.48276605
79.80720914
79.11579147
84.08762522
74.86122056
67.54873934
74.93865674
60.00921843
65.09494256
69.00517912
67.03246796
64.26056571
68.25500968
69.25481293
70.58468714
69.72263662
65.89537446
63.65561782
76.39873774
78.16733236
73.21140435
66.1877186
62.90183757
61.6278223
62.4282131
62.48989313
63.35246149
64.57119742
63.7595831
77.45429515
73.92083885
69.27927118
71.11937584
61.10311861
79.57999477
69.68878733
59.88112359
68.59899129
71.33160595
69.79391985
57.76552674
81.80765719
66.46933335
62.48538061
76.22298051
68.33678901
60.10697624
62.76061877
78.85904284
59.97268309
57.76640148
65.37725014
74.18375494
66.52363923
66.50430628
62.83288933
63.00684109
60.62425012
59.52419004
59.3392129
58.91779666
70.58583678
69.33093116
70.35472634
69.60955619
65.45161955
63.48444387
61.36114871
61.29856315
61.52142708
63.14662018
61.84798414
60.68441836
59.53834448
71.81658068
65.76952341
60.92335267
64.9220647
75.50677466
67.01649025
48.91733542
38.98467044
39.30614926
53.68495202
46.85430245
43.7726176
49.54549456
59.61630609
63.9053305
60.70433088
52.93453073
66.47058712
53.4001948
55.239361
55.63486812
54.45940658
53.53017823
52.05886011
50.50636993
46.12145743
57.67061836
58.65697704
63.25705991
62.97237439
54.03353837
61.28066181
60.41032398
58.03560185
58.34325334
58.62574425
62.36695525
64.22552526
63.3054972
67.52748486
73.19141225
65.85026532
69.31985518
76.66858835
58.53245752
66.87847768
82.39376383
63.73422911
66.33155723
74.45945272
64.57830631
60.89604422
48.0604275
45.89036332
60.53361497
80.77706889
50.70016542
25.90115877
22.26989142
35.58180063
54.27782736
73.08210356
93.03239705
86.73063759
87.46435622
67.57934028
59.13697957
52.25020364
64.13007843
64.90544278
76.05102757
65.42456663
53.96853317
47.31178636
61.60677163
66.55847213
55.58081262
67.39724014
66.24040127
60.26090882
60.43252154
58.41365981
69.40006632
59.06638075
59.23645229
50.8585127
67.42589388
65.56653665
82.31893827
74.36013343
64.6633143
63.43811133
71.93134485
74.91340998
64.07567054
71.13527915
54.05646631
64.3388187
79.29816772
73.00489211
52.38269905
50.6264724
73.47540663
76.00880536
69.8085122
68.33680326
49.67532794
76.17184901
72.74776914
78.10383444
76.80944621
75.6150965
67.55836462
76.31905025
59.56311079
75.79440304
73.94304545
61.56633188
69.01283985
75.32731509
51.12281134
83.97242811
66.52134379
71.81698514
70.83767367
56.94528434
55.54808981
73.94752105
45.44536578
75.23793723
70.55514978
75.39496578
74.6144244
71.45416265
54.45661209
64.52521366
62.69392779
68.37501874
71.46781109
50.36360842
74.79602513
71.89084066
73.21177532
71.30254957
62.94982349
71.43741655
70.52376521
63.71307261
74.71011444
64.6370667
49.71544681
80.95870536
71.97949417
61.72298841
</DataArray>
<DataArray type="Int32" Name="rank" format="ascii">
1
1
1
1
1
1
1
1
1
1
1
1
1
1
1
1
1
1
1
1
1
1
1
1
1
1
1
1
1
1
1
1
1
1
1
1
1
1
1
1
1
1
1
1
1
1
1
1
1
1
1
1
1
1
1
1
1
1
1
1
1
1
1
1
1
1
1
1
1
1
1
1
1
1
1
1
1
1
1
1
1
1
1
1
1
1
1
1
1
1
1
1
1
1
1
1
1
1
1
1
1
1
1
1
1
1
1
1
1
1
1
1
1
1
1
1
1
1
1
1
1
1
1
1
1
1
1
1
1
1
1
1
1
1
1
1
1
1
1
1
1
1
1
1
1
1
1
1
1
1
1
1
1
1
1
1
1
1
1
1
1
1
1
1
1
1
1
1
1
1
1
1
1
1
1
1
1
1
1
1
1
1
1
1
1
1
1
1
1
1
1
1
1
1
1
1
1
1
1
1
1
1
1
1
1
1
1
1
1
1
1
1
1
1
1
1
1
1
1
1
1
1
1
1
1
1
1
1
1
1
1
1
1
1
1
1
1
1
1
1
1
1
1
1
1
1
1
1
1
1
1
1
1
1
1
1
1
1
1
1
1
1
1
1
1
1
1
1
1
1
1
1
1
1
1
1
1
1
1
1
1
1
1
1
1
1
1
1
1
1
1
1
1
1
1
1
1
1
1
1
1
1
1
1
1
1
1
1
1
1
1
1
1
1
1
1
1
1
1
1
1
1
1
1
1
1
1
1
1
1
1
1
1
1
1
1
1
1
1
1
1
1
1
1
1
1
1
1
1
1
1
1
1
1
1
1
1
1
1
1
1
1
1
1
1
1
1
1
1
1
1
1
1
1
1
1
1
1
1
1
1
1
1
1
1
1
1
1
1
1
1
1
1
1
1
1
1
1
1
1
1
1
1
1
1
1
1
1
1
1
1
1
1
1
1
1
1
1
1
1
1
1
1
1
1
1
1
1
1
1
1
1
1
1
1
1
1
1
1
1
1
1
1
1
1
1
1
1
1
1
1
1
1
1
1
1
1
1
1
1
1
1
1
1
1
1
1
1
1
1
1
1
1
1
1
1
1
1
1
1
1
1
1
1
1
1
1
1
1
1
1
1
1
1
1
1
1
1
1
1
1
1
1
1
1
1
1
1
1
1
1
1
1
1
1
1
1
1
1
1
1
1
1
1
1
1
1
1
1
1
1
1
1
1
1
1
1
1
1
1
1
1
1
1
1
1
1
1
1
1
1
1
1
1
1
1
1
1
1
1
1
1
1
1
1
1
1
1
1
1
1
1
1
1
1
1
1
1
1
1
1
1
1
1
1
1
1
1
1
1
1
1
1
1
1
1
1
1
1
1
1
1
1
1
1
1
1
1
1
1
1
1
1
1
1
1
1
1
1
1
1
1
1
1
1
1
1
1
1
1
1
1
1
1
1
1
1
1
1
1
1
1
1
1
1
1
1
1
1
1
1
1
1
1
1
1
1
1
1
1
1
1
1
1
1
1
1
1
1
1
1
1
1
1
1
1
1
1
1
1
1
1
1
1
1
1
1
1
1
1
1
1
1
1
1
1
1
1
1
1
1
1
1
1
1
1
1
1
1
1
1
1
1
1
1
1
1
1
1
1
1
1
1
1
1
1
1
1
1
1
1
1
1
1
1
1
1
1
1
1
1
1
1
1
1
1
1
1
1
1
1
1
1
1
1
1
1
1
1
1
1
1
1
1
1
1
1
1
1
1
1
1
1
1
1
1
1
1
1
1
1
1
1
1
1
1
1
1
1
1
1
1
1
1
1
1
1
1
1
1
1
1
1
1
1
1
1
1
1
1
1
1
1
1
1
1
1
1
1
1
1
1
1
1
1
1
1
1
1
1
1
1
1
1
1
1
1
1
1
1
1
1
1
1
1
1
1
1
1
1
1
1
1
1
1
1
1
1
1
1
1
1
1
1
1
1
1
1
1
1
1
1
1
1
1
1
1
1
1
1
1
1
1
1
1
1
1
1
1
1
1
1
1
1
1
1
1
1
1
1
1
1
1
1
1
1
1
1
1
1
1
1
1
1
1
1
1
1
1
1
1
1
1
1
1
1
1
1
1
1
1
1
1
1
1
1
1
1
1
1
1
1
1
1
1
1
1
1
1
1
1
1
1
1
1
1
1
1
1
1
1
1
1
1
1
1
1
1
1
1
1
1
1
1
1
1
1
1
1
1
1
1
1
1
1
1
1
1
1
1
1
1
1
1
1
1
1
1
1
1
1
1
1
1
1
1
1
1
1
1
1
1
1
1
1
1
1
1
1
1
1
1
1
1
1
1
1
1
1
1
1
1
1
1
1
1
1
1
1
1
1
1
1
1
1
1
1
1
1
1
1
1
1
1
1
1
1
1
1
1
1
1
1
1
1
1
1
1
1
1
1
1
1
1
1
1
1
1
1
1
1
1
1
1
1
1
1
1
1
1
1
1
1
1
1
1
1
1
1
1
1
1
1
1
1
1
1
1
1
1
1
1
1
1
1
1
1
1
1
1
1
1
1
1
1
1
1
1
1
1
1
1
1
1
1
1
1
1
1
1
1
1
1
1
1
1
1
1
1
1
1
1
1
1
1
1
1
1
1
1
1
1
1
1
1
1
1
1
1
1
1
1
1
1
1
1
1
1
1
1
1
1
1
1
1
1
1
1
1
1
1
1
1
1
1
1
1
1
1
1
1
1
1
1
1
1
1
1
1
1
1
1
1
1
1
1
1
1
1
1
1
1
1
1
1
1
1
1
1
1
1
1
1
1
1
1
1
1
1
1
1
1
1
1
1
1
1
1
1
1
1
1
1
1
1
1
1
1
1
1
1
1
1
1
1
1
1
1
1
1
1
1
1
1
1
1
1
1
1
1
1
1
1
1
1
1
1
1
1
1
1
1
1
1
1
1
1
1
1
1
1
1
1
1
1
1
1
1
1
1
1
1
1
1
1
1
1
1
1
1
1
1
1
1
1
1
1
1
1
1
1
1
1
1
1
1
1
1
1
1
1
1
1
1
1
1
1
1
1
1
1
1
1
1
1
1
1
1
1
1
1
1
1
1
1
1
1
1
1
1
1
1
1
1
1
1
1
1
1
1
1
1
1
1
1
1
1
1
1
1
1
1
1
1
1
1
1
1
1
1
1
1
1
1
1
1
1
1
1
1
1
1
1
1
1
1
1
1
1
1
1
1
1
1
1
1
1
1
1
1
1
1
1
1
1
1
1
1
1
1
1
1
1
1
1
1
1
1
1
1
1
1
1
1
1
1
1
1
1
1
1
1
1
1
1
1
1
1
1
1
1
1
1
1
1
1
1
1
1
1
1
1
1
1
1
1
1
1
1
1
1
1
1
1
1
1
1
1
1
1
1
1
1
1
1
1
1
1
1
1
1
1
1
1
1
1
1
1
1
1
1
1
1
1
1
1
1
1
1
1
1
1
1
1
1
1
1
1
1
1
1
1
1
1
1
1
1
1
1
1
1
1
1
1
1
1
1
1
1
1
1
1
1
1
1
1
1
1
1
1
1
1
1
1
1
1
1
1
1
1
1
1
1
1
1
1
1
1
1
1
1
1
1
1
1
1
1
1
1
1
1
1
1
1
1
1
1
1
1
1
1
1
1
1
1
1
1
1
1
1
1
1
1
1
1
1
1
1
1
1
1
1
1
1
1
1
1
1
1
1
1
1
1
1
1
1
1
1
1
1
1
1
1
1
1
1
1
1
1
1
1
1
1
1
1
1
1
1
1
1
1
1
1
1
1
1
1
1
1
1
1
1
1
1
1
1
1
1
1
1
1
1
1
1
1
1
1
1
1
1
1
1
1
1
1
1
1
1
1
1
1
1
1
1
1
1
1
1
1
1
1
1
1
1
1
1
1
1
1
1
1
1
1
1
1
1
1
1
1
1
1
1
1
1
1
1
1
1
1
1
1
1
1
1
1
1
1
1
1
1
1
1
1
1
1
1
1
1
1
1
1
1
1
1
1
1
1
1
1
1
1
1
1
1
1
1
1
1
1
1
1
1
1
1
1
1
1
1
1
1
1
1
1
1
1
1
1
1
1
1
1
1
1
1
1
1
1
1
1
1
1
1
1
1
1
1
1
1
1
1
1
1
1
1
1
1
1
1
1
1
1
1
1
1
1
1
1
1
1
1
1
1
1
1
1
1
1
1
1
1
1
1
1
1
1
1
1
1
1
1
1
1
1
1
1
1
1
1
1
1
1
1
1
1
1
1
1
1
1
1
1
1
1
1
1
1
1
1
1
1
1
1
1
1
1
1
1
1
1
1
1
1
1
1
1
1
1
1
1
1
1
1
1
1
1
1
1
1
1
1
1
1
1
1
1
1
1
1
1
1
1
1
1
1
1
1
1
1
1
1
1
1
1
1
1
1
1
1
1
1
1
1
1
1
1
1
1
1
1
1
1
1
1
1
1
1
1
1
1
1
1
1
1
1
1
1
1
1
1
1
1
1
1
1
1
1
1
1
1
1
1
1
1
1
1
1
1
1
1
1
1
1
1
1
1
1
1
1
1
1
1
1
1
1
1
1
1
1
1
1
1
1
1
1
1
1
1
1
1
1
1
1
1
1
1
1
1
1
1
1
1
1
1
1
1
1
1
1
1
1
1
1
1
1
1
1
1
1
1
1
1
1
1
1
1
1
1
1
1
1
1
1
1
1
1
1
1
1
1
1
1
1
1
1
1
1
1
1
1
1
1
1
1
1
1
1
1
1
1
1
1
1
1
1
1
1
1
1
1
1
1
1
1
1
1
1
1
1
1
1
1
1
1
1
1
1
1
1
1
1
1
1
1
1
1
1
1
1
1
1
1
1
1
1
1
1
1
1
1
1
1
1
1
1
1
1
1
1
1
1
1
1
1
1
1
1
1
1
1
1
1
1
1
1
1
1
1
1
1
1
1
1
1
1
1
1
1
1
1
1
1
1
1
1
1
1
1
1
1
1
1
1
1
1
1
1
1
1
1
1
1
1
1
1
1
1
1
1
1
1
1
1
1
1
1
1
1
1
1
1
1
1
1
1
1
1
1
1
1
1
1
1
1
1
1
1
1
1
1
1
1
1
1
1
1
1
1
1
1
1
1
1
1
1
1
1
1
1
1
1
1
1
1
1
1
1
1
1
1
1
1
1
1
1
1
1
1
1
1
1
1
1
1
1
1
1
1
1
1
1
1
1
1
1
1
1
1
1
1
1
1
1
1
1
1
1
1
1
1
1
1
1
1
1
1
1
1
1
1
1
1
1
1
1
1
1
1
1
1
1
1
1
1
1
1
1
1
1
1
1
1
1
1
1
1
1
1
1
1
1
1
1
1
1
1
1
1
1
1
1
1
1
1
1
1
1
1
1
1
1
1
1
1
1
1
1
1
1
1
1
1
1
1
1
1
1
1
1
1
1
1
1
1
1
1
1
1
1
1
1
1
1
1
1
1
1
1
1
1
1
1
1
1
1
1
1
1
1
1
1
1
1
1
1
1
1
1
1
1
1
1
1
1
1
1
1
1
1
1
1
1
1
1
1
1
1
1
1
1
1
1
1
1
1
1
1
1
1
1
1
1
1
1
1
1
1
1
1
1
1
1
1
1
1
1
1
1
1
1
1
1
1
1
1
1
1
1
1
1
1
1
1
1
1
1
1
1
1
1
1
1
1
1
1
1
1
1
1
1
1
1
1
1
1
1
1
1
1
1
1
1
</DataArray>
</CellData>
</Piece>
</UnstructuredGrid>
</VTKFile>
