<?xml version="1.0"?>
<VTKFile type="UnstructuredGrid" version="0.1">
<UnstructuredGrid>
<Piece NumberOfPoints="2746" NumberOfCells="2555">
<Points><DataArray type="Float64" NumberOfComponents="3" format="ascii">
2.6 1.099681225 0.0
2.5 1.099681225 0.0
2.5 1.000358622 0.0
2.6 1.000358622 0.0
2.8 1.000358622 0.0
2.7 1.000358622 0.0
2.7 0.9003187749 0.0
2.8 0.9003187749 0.0
2.7 1.099681225 0.0
2.9 0.9003187749 0.0
2.9 1.000358622 0.0
3 1.099681225 0.0
2.9 1.099681225 0.0
3 1.000358622 0.0
3.1 1.099681225 0.0
3.1 1.000358622 0.0
3.2 1.099681225 0.0
3.2 1.000358622 0.0
3.3 1.099681225 0.0
3.3 1.000358622 0.0
3.4 1.000358622 0.0
3.4 0.9003187749 0.0
3.5 0.9003187749 0.0
3.5 1.000358622 0.0
3.6 0.9003187749 0.0
3.6 1.000358622 0.0
3.7 1.099681225 0.0
3.6 1.099681225 0.0
3.7 1.000358622 0.0
3.8 1.099681225 0.0
3.8 1.000358622 0.0
3.9 1.099681225 0.0
3.9 1.000358622 0.0
4.1 1.000358622 0.0
4 1.000358622 0.0
4 0.9003187749 0.0
4.1 0.9003187749 0.0
4 1.099681225 0.0
4.2 0.9003187749 0.0
4.2 1.000358622 0.0
4.7 -1.099681225 0.0
4.8 -1.099681225 0.0
4.8 -0.9996413783 0.0
4.7 -0.9996413783 0.0
4.7 -0.9003187749 0.0
4.6 -0.9003187749 0.0
4.6 -0.9996413783 0.0
4.5 -0.9003187749 0.0
4.5 -0.9996413783 0.0
4.4 -0.9003187749 0.0
4.4 -0.9996413783 0.0
4.5 -1.099681225 0.0
4.6 -1.099681225 0.0
4.3 -1.099681225 0.0
4.4 -1.099681225 0.0
4.3 -0.9996413783 0.0
4.2 -1.099681225 0.0
4.2 -0.9996413783 0.0
4.1 -1.099681225 0.0
4.1 -0.9996413783 0.0
4.1 -0.9003187749 0.0
4 -0.9003187749 0.0
4 -0.9996413783 0.0
3.9 -0.9003187749 0.0
3.9 -0.9996413783 0.0
4 -1.099681225 0.0
3.9 -1.099681225 0.0
3.8 -0.9996413783 0.0
3.8 -1.099681225 0.0
3.8 -0.9003187749 0.0
3.7 -0.9003187749 0.0
3.7 -0.9996413783 0.0
3.6 -0.9003187749 0.0
3.6 -0.9996413783 0.0
3.7 -1.099681225 0.0
3.5 -0.9003187749 0.0
3.5 -0.9996413783 0.0
3.6 -1.099681225 0.0
3.4 -0.9003187749 0.0
3.4 -0.9996413783 0.0
3.3 -0.9003187749 0.0
3.3 -0.9996413783 0.0
3.3 -1.099681225 0.0
3.4 -1.099681225 0.0
3.2 -0.9996413783 0.0
3.2 -1.099681225 0.0
3.1 -0.9996413783 0.0
3.1 -1.099681225 0.0
3.1 -0.9003187749 0.0
3 -0.9003187749 0.0
3 -0.9996413783 0.0
2.9 -0.9003187749 0.0
2.9 -0.9996413783 0.0
3 -1.099681225 0.0
2.8 -1.099681225 0.0
2.9 -1.099681225 0.0
2.8 -0.9996413783 0.0
2.8 -0.9003187749 0.0
2.7 -0.9003187749 0.0
2.7 -0.9996413783 0.0
2.6 -0.9003187749 0.0
2.6 -0.9996413783 0.0
2.7 -1.099681225 0.0
2.6 -1.099681225 0.0
4.3 1.099681225 0.0
4.2 1.099681225 0.0
4.3 1.000358622 0.0
4.4 1.000358622 0.0
4.4 0.9003187749 0.0
4.5 0.9003187749 0.0
4.5 1.000358622 0.0
4.4 1.099681225 0.0
4.6 1.000358622 0.0
4.6 0.9003187749 0.0
4.7 0.9003187749 0.0
4.7 1.000358622 0.0
4.8 0.9003187749 0.0
4.8 1.000358622 0.0
5 1.000358622 0.0
5 1.099681225 0.0
4.9 1.099681225 0.0
4.9 1.000358622 0.0
5.1 1.099681225 0.0
5.1 1.000358622 0.0
5.2 1.099681225 0.0
5.2 1.000358622 0.0
5.3 1.099681225 0.0
5.3 1.000358622 0.0
5.3 0.9003187749 0.0
5.4 0.9003187749 0.0
5.4 1.000358622 0.0
5.5 0.9003187749 0.0
5.5 1.000358622 0.0
5.2 -1.000358622 0.0
5.2 -1.099681225 0.0
5.3 -1.099681225 0.0
5.3 -1.000358622 0.0
5.4 -1.000358622 0.0
5.4 -1.099681225 0.0
5.3 -0.9003187749 0.0
5.2 -0.9003187749 0.0
5.5 -1.000358622 0.0
5.5 -1.099681225 0.0
7 -1.000358622 0.0
7 -1.099681225 0.0
7.1 -1.099681225 0.0
7.1 -1.000358622 0.0
5.6 1.099681225 0.0
5.5 1.099681225 0.0
5.6 1.000358622 0.0
5.7 1.099681225 0.0
5.7 1.000358622 0.0
5.8 1.099681225 0.0
5.8 1.000358622 0.0
5.9 1.099681225 0.0
5.9 1.000358622 0.0
6 1.099681225 0.0
6 1.000358622 0.0
6 0.9003187749 0.0
6.1 0.9003187749 0.0
6.1 1.000358622 0.0
6.2 0.9003187749 0.0
6.2 1.000358622 0.0
6.3 1.099681225 0.0
6.2 1.099681225 0.0
6.3 1.000358622 0.0
6.4 1.000358622 0.0
6.4 0.9003187749 0.0
6.5 0.9003187749 0.0
6.5 1.000358622 0.0
6.7 1.000358622 0.0
6.6 1.000358622 0.0
6.6 0.9003187749 0.0
6.7 0.9003187749 0.0
6.6 1.099681225 0.0
6.5 1.099681225 0.0
7 1.000358622 0.0
7 0.9003187749 0.0
7.1 0.9003187749 0.0
7.1 1.000358622 0.0
7.2 1.000358622 0.0
7.2 0.9003187749 0.0
7.1 1.099681225 0.0
7 1.099681225 0.0
7.3 0.9003187749 0.0
7.3 1.000358622 0.0
7.4 0.9003187749 0.0
7.4 1.000358622 0.0
7.5 0.9003187749 0.0
7.5 1.000358622 0.0
7.6 1.000358622 0.0
7.6 0.9003187749 0.0
7.7 1.000358622 0.0
7.7 0.9003187749 0.0
2.7 -1.199721072 0.0
2.8 -1.199721072 0.0
2.9 -1.199721072 0.0
3 -1.199721072 0.0
3.1 -1.199721072 0.0
3.2 -1.199721072 0.0
3.2 -0.9003187749 0.0
3.3 -1.199721072 0.0
3.4 -1.199721072 0.0
3.5 -1.099681225 0.0
3.5 -1.199721072 0.0
3.6 -1.199721072 0.0
3.7 -1.199721072 0.0
3.8 -1.199721072 0.0
4 -1.199721072 0.0
4.1 -1.199721072 0.0
4.2 -0.9003187749 0.0
4.3 -1.199721072 0.0
4.4 -1.199721072 0.0
4.3 -0.9003187749 0.0
4.5 -1.199721072 0.0
4.8 -1.199721072 0.0
4.9 -1.199721072 0.0
4.9 -1.099681225 0.0
4.8 -0.9003187749 0.0
4.9 -0.9003187749 0.0
4.9 -1.000358622 0.0
5.1 -1.099681225 0.0
5 -1.099681225 0.0
5 -1.199721072 0.0
5.1 -1.199721072 0.0
5 -1.000358622 0.0
5 -0.9003187749 0.0
5.2 -1.199721072 0.0
5.1 -1.000358622 0.0
5.1 -0.9003187749 0.0
5.3 -1.199721072 0.0
5.4 -1.199721072 0.0
5.5 -1.199721072 0.0
5.4 -0.9003187749 0.0
5.6 -1.199721072 0.0
5.6 -1.099681225 0.0
5.5 -0.9003187749 0.0
5.6 -0.9003187749 0.0
5.6 -1.000358622 0.0
5.7 -1.000358622 0.0
5.7 -0.9003187749 0.0
5.7 -1.099681225 0.0
5.7 -1.199721072 0.0
5.8 -1.199721072 0.0
5.8 -1.099681225 0.0
5.8 -1.000358622 0.0
5.8 -0.9003187749 0.0
5.9 -1.000358622 0.0
5.9 -0.9003187749 0.0
5.9 -1.099681225 0.0
5.9 -1.199721072 0.0
6 -1.199721072 0.0
6 -1.099681225 0.0
6 -1.000358622 0.0
6 -0.9003187749 0.0
6.1 -1.199721072 0.0
6.1 -1.099681225 0.0
6.1 -0.9003187749 0.0
6.1 -1.000358622 0.0
6.2 -1.199721072 0.0
6.2 -1.099681225 0.0
6.3 -1.099681225 0.0
6.3 -1.199721072 0.0
6.2 -1.000358622 0.0
6.2 -0.9003187749 0.0
6.3 -1.000358622 0.0
6.3 -0.9003187749 0.0
6.4 -1.000358622 0.0
6.4 -0.9003187749 0.0
6.4 -1.099681225 0.0
6.4 -1.199721072 0.0
6.5 -1.199721072 0.0
6.5 -1.099681225 0.0
6.6 -1.199721072 0.0
6.6 -1.099681225 0.0
6.5 -0.9003187749 0.0
6.5 -1.000358622 0.0
6.6 -1.000358622 0.0
6.6 -0.9003187749 0.0
6.7 -1.000358622 0.0
6.7 -0.9003187749 0.0
6.7 -1.099681225 0.0
6.7 -1.199721072 0.0
6.8 -1.199721072 0.0
6.8 -1.099681225 0.0
6.8 -1.000358622 0.0
6.8 -0.9003187749 0.0
6.9 -1.000358622 0.0
6.9 -0.9003187749 0.0
7 -0.9003187749 0.0
7.1 -0.9003187749 0.0
7.2 -1.000358622 0.0
7.2 -0.9003187749 0.0
7.3 -0.9003187749 0.0
7.3 -1.000358622 0.0
7.4 -0.9003187749 0.0
7.4 -1.000358622 0.0
2.6 1.199721072 0.0
2.5 1.199721072 0.0
2.8 1.099681225 0.0
2.8 1.199721072 0.0
2.7 1.199721072 0.0
2.9 1.199721072 0.0
3 1.199721072 0.0
3.2 1.199721072 0.0
3.1 1.199721072 0.0
3.4 1.099681225 0.0
3.4 1.199721072 0.0
3.3 1.199721072 0.0
3.5 1.199721072 0.0
3.5 1.099681225 0.0
4.5 1.099681225 0.0
4.6 1.099681225 0.0
4.6 1.199721072 0.0
4.5 1.199721072 0.0
4.8 1.099681225 0.0
5 0.9003187749 0.0
4.9 0.9003187749 0.0
4.9 1.199721072 0.0
4.8 1.199721072 0.0
5 1.199721072 0.0
5.1 1.199721072 0.0
5.2 1.199721072 0.0
5.7 1.199721072 0.0
5.6 1.199721072 0.0
5.9 1.199721072 0.0
5.8 1.199721072 0.0
6 1.199721072 0.0
6.4 1.099681225 0.0
2.9 -0.800278928 0.0
3 -0.800278928 0.0
3.2 -0.800278928 0.0
3.3 -0.800278928 0.0
6.6 1.199721072 0.0
6.5 1.199721072 0.0
6.7 1.099681225 0.0
2.6 0.9003187749 0.0
2.6 0.800278928 0.0
2.7 0.800278928 0.0
3 0.9003187749 0.0
2.9 0.800278928 0.0
3 0.800278928 0.0
3.1 0.9003187749 0.0
3.1 0.800278928 0.0
3.2 0.800278928 0.0
3.2 0.9003187749 0.0
3.3 0.9003187749 0.0
3.3 0.800278928 0.0
3.5 0.800278928 0.0
3.6 0.800278928 0.0
3.7 0.800278928 0.0
3.7 0.9003187749 0.0
3.6 1.199721072 0.0
3.8 0.800278928 0.0
3.8 0.9003187749 0.0
3.7 1.199721072 0.0
3.9 0.800278928 0.0
3.9 0.9003187749 0.0
3.8 1.199721072 0.0
4 0.800278928 0.0
3.9 1.199721072 0.0
4 1.199721072 0.0
4.1 1.099681225 0.0
4.1 0.800278928 0.0
4.2 0.800278928 0.0
4.3 0.9003187749 0.0
4.3 0.800278928 0.0
4.4 0.800278928 0.0
4.3 1.199721072 0.0
4.2 1.199721072 0.0
4.5 0.800278928 0.0
4.4 1.199721072 0.0
4.7 1.099681225 0.0
4.7 0.800278928 0.0
4.8 0.800278928 0.0
5.2 0.9003187749 0.0
5.1 0.9003187749 0.0
5.1 0.800278928 0.0
5.2 0.800278928 0.0
5.3 1.199721072 0.0
5.4 1.099681225 0.0
5.4 0.800278928 0.0
5.5 0.800278928 0.0
5.6 0.9003187749 0.0
5.7 0.9003187749 0.0
5.6 0.800278928 0.0
5.7 0.800278928 0.0
5.5 1.199721072 0.0
5.8 0.9003187749 0.0
5.8 0.800278928 0.0
5.9 0.800278928 0.0
5.9 0.9003187749 0.0
6.1 1.099681225 0.0
6 0.800278928 0.0
6.1 0.800278928 0.0
6.2 1.199721072 0.0
6.1 1.199721072 0.0
6.3 0.9003187749 0.0
6.3 0.800278928 0.0
6.4 0.800278928 0.0
6.3 1.199721072 0.0
6.5 0.800278928 0.0
6.4 1.199721072 0.0
6.6 0.800278928 0.0
6.8 0.9003187749 0.0
6.7 0.800278928 0.0
6.8 0.800278928 0.0
6.8 1.000358622 0.0
6.8 1.099681225 0.0
6.9 0.800278928 0.0
6.9 0.9003187749 0.0
6.9 1.000358622 0.0
6.9 1.099681225 0.0
7.2 1.099681225 0.0
7.3 0.800278928 0.0
7.4 0.800278928 0.0
7.3 1.099681225 0.0
7.4 1.099681225 0.0
7.5 1.099681225 0.0
7.6 0.800278928 0.0
7.7 0.800278928 0.0
7.6 1.099681225 0.0
7.7 1.099681225 0.0
3.6 -0.800278928 0.0
3.5 -0.800278928 0.0
3.7 -0.800278928 0.0
3.8 -0.800278928 0.0
3.9 -0.800278928 0.0
3.9 -1.199721072 0.0
4.2 -0.800278928 0.0
4.1 -0.800278928 0.0
4.3 -0.800278928 0.0
4.6 -1.199721072 0.0
4.5 -0.800278928 0.0
4.4 -0.800278928 0.0
4.8 -0.800278928 0.0
4.7 -0.800278928 0.0
4.9 -0.800278928 0.0
5 -0.800278928 0.0
5.1 -0.800278928 0.0
5.2 -0.800278928 0.0
5.3 -0.800278928 0.0
5.5 -0.800278928 0.0
5.4 -0.800278928 0.0
5.6 -0.800278928 0.0
5.7 -0.800278928 0.0
5.9 -0.800278928 0.0
5.8 -0.800278928 0.0
6 -0.800278928 0.0
6.2 -0.800278928 0.0
6.3 -0.800278928 0.0
6.4 -0.800278928 0.0
6.6 -0.800278928 0.0
6.5 -0.800278928 0.0
6.7 -0.800278928 0.0
6.8 -0.800278928 0.0
6.9 -0.800278928 0.0
6.9 -1.099681225 0.0
7 -0.800278928 0.0
7.1 -0.800278928 0.0
7.2 -0.800278928 0.0
6.7 1.199721072 0.0
6.8 1.199721072 0.0
7 0.800278928 0.0
6.9 1.199721072 0.0
7.1 0.800278928 0.0
7 1.199721072 0.0
7.1 1.199721072 0.0
7.2 1.199721072 0.0
7.3 1.199721072 0.0
7.4 1.199721072 0.0
7.5 1.199721072 0.0
7.6 1.199721072 0.0
7.7 1.199721072 0.0
4.2 -1.199721072 0.0
4.7 -1.199721072 0.0
4.6 -0.800278928 0.0
6.1 -0.800278928 0.0
4 -0.800278928 0.0
3.4 -0.800278928 0.0
3.1 -0.800278928 0.0
2.6 -1.199721072 0.0
2.5 0.9003187749 0.0
2.5 0.800278928 0.0
2.8 0.800278928 0.0
7.4 -0.800278928 0.0
7.3 -0.800278928 0.0
3.4 0.800278928 0.0
7.2 -1.099681225 0.0
7.3 -1.099681225 0.0
4.1 1.199721072 0.0
6.9 -1.199721072 0.0
4.7 1.199721072 0.0
5 0.800278928 0.0
4.9 0.800278928 0.0
5.3 0.800278928 0.0
5.4 1.199721072 0.0
4.6 0.800278928 0.0
7.2 0.800278928 0.0
7.5 0.800278928 0.0
6.2 0.800278928 0.0
6.9 -1.299760919 0.0
6.8 -1.299760919 0.0
6.7 -1.299760919 0.0
6.6 -1.299760919 0.0
6.5 -1.299760919 0.0
6.4 -1.299760919 0.0
6.3 -1.299760919 0.0
6.2 -1.299760919 0.0
2.6 1.299760919 0.0
2.5 1.299760919 0.0
2.7 1.299760919 0.0
2.8 1.299760919 0.0
2.9 1.299760919 0.0
3 1.299760919 0.0
3.1 1.299760919 0.0
3.2 1.299760919 0.0
3.3 1.299760919 0.0
3.4 1.299760919 0.0
3.5 1.299760919 0.0
3.6 1.299760919 0.0
3.8 1.299760919 0.0
3.7 1.299760919 0.0
3.9 1.299760919 0.0
4 1.299760919 0.0
4.1 1.299760919 0.0
4.2 1.299760919 0.0
4.3 1.299760919 0.0
4.4 1.299760919 0.0
4.5 1.299760919 0.0
4.6 1.299760919 0.0
4.7 1.299760919 0.0
4.8 1.299760919 0.0
4.9 1.299760919 0.0
5 1.299760919 0.0
5.1 1.299760919 0.0
5.2 1.299760919 0.0
5.3 1.299760919 0.0
5.4 1.299760919 0.0
5.5 1.299760919 0.0
5.6 1.299760919 0.0
5.7 1.299760919 0.0
5.8 1.299760919 0.0
5.9 1.299760919 0.0
6 1.299760919 0.0
6.2 1.299760919 0.0
6.1 1.299760919 0.0
6.3 1.299760919 0.0
2.9 -0.7002390812 0.0
3 -0.7002390812 0.0
3.1 -0.7002390812 0.0
3.2 -0.7002390812 0.0
3.3 -0.7002390812 0.0
3.4 -0.7002390812 0.0
3.6 -0.7002390812 0.0
3.5 -0.7002390812 0.0
3.7 -0.7002390812 0.0
3.8 -0.7002390812 0.0
3.9 -0.7002390812 0.0
4 -0.7002390812 0.0
4.1 -0.7002390812 0.0
4.2 -0.7002390812 0.0
4.3 -0.7002390812 0.0
4.4 -0.7002390812 0.0
4.5 -0.7002390812 0.0
4.6 -0.7002390812 0.0
4.7 -0.7002390812 0.0
4.8 -0.7002390812 0.0
4.9 -0.7002390812 0.0
5 -0.7002390812 0.0
5.1 -0.7002390812 0.0
5.2 -0.7002390812 0.0
5.3 -0.7002390812 0.0
5.4 -0.7002390812 0.0
5.5 -0.7002390812 0.0
6.4 1.299760919 0.0
6.5 1.299760919 0.0
6.6 1.299760919 0.0
6.7 1.299760919 0.0
6.1 -1.299760919 0.0
6 -1.299760919 0.0
5.9 -1.299760919 0.0
5.8 -1.299760919 0.0
5.7 -1.299760919 0.0
5.6 -1.299760919 0.0
5.5 -1.299760919 0.0
5.4 -1.299760919 0.0
5.3 -1.299760919 0.0
5.2 -1.299760919 0.0
5.1 -1.299760919 0.0
5 -1.299760919 0.0
4.9 -1.299760919 0.0
4.8 -1.299760919 0.0
4.7 -1.299760919 0.0
4.6 -1.299760919 0.0
4.5 -1.299760919 0.0
4.4 -1.299760919 0.0
4.3 -1.299760919 0.0
4.2 -1.299760919 0.0
4.1 -1.299760919 0.0
4 -1.299760919 0.0
3.9 -1.299760919 0.0
3.8 -1.299760919 0.0
3.7 -1.299760919 0.0
3.6 -1.299760919 0.0
3.4 -1.299760919 0.0
3.5 -1.299760919 0.0
3.3 -1.299760919 0.0
3.2 -1.299760919 0.0
3.1 -1.299760919 0.0
3 -1.299760919 0.0
2.9 -1.299760919 0.0
2.8 -1.299760919 0.0
2.7 -1.299760919 0.0
2.6 -1.299760919 0.0
2.5 -1.299760919 0.0
2.5 -1.199721072 0.0
2.5 0.7002390812 0.0
2.6 0.7002390812 0.0
2.7 0.7002390812 0.0
3.2 0.7002390812 0.0
3.3 0.7002390812 0.0
5.6 -0.7002390812 0.0
5.7 -0.7002390812 0.0
5.8 -0.7002390812 0.0
6 -0.7002390812 0.0
5.9 -0.7002390812 0.0
6.1 -0.7002390812 0.0
6.2 -0.7002390812 0.0
6.3 -0.7002390812 0.0
6.4 -0.7002390812 0.0
6.5 -0.7002390812 0.0
6.6 -0.7002390812 0.0
6.7 -0.7002390812 0.0
6.8 -0.7002390812 0.0
6.9 -0.7002390812 0.0
7 -0.7002390812 0.0
6.8 1.299760919 0.0
6.9 1.299760919 0.0
7 1.299760919 0.0
7.1 1.299760919 0.0
7.2 1.299760919 0.0
7.3 1.299760919 0.0
7.5 1.299760919 0.0
7.4 1.299760919 0.0
7.6 1.299760919 0.0
5.2 0.7002390812 0.0
5.3 0.7002390812 0.0
5.4 0.7002390812 0.0
5.6 0.7002390812 0.0
5.7 0.7002390812 0.0
6.1 0.7002390812 0.0
6.2 0.7002390812 0.0
7.1 -0.7002390812 0.0
7.2 -0.7002390812 0.0
7.3 -0.7002390812 0.0
7.1 0.7002390812 0.0
7.2 0.7002390812 0.0
7.3 0.7002390812 0.0
7.4 0.7002390812 0.0
7.7 1.299760919 0.0
7.4 -1.099681225 0.0
2.9 0.7002390812 0.0
2.8 0.7002390812 0.0
3 0.7002390812 0.0
3.1 0.7002390812 0.0
3.9 0.7002390812 0.0
4 0.7002390812 0.0
4.1 0.7002390812 0.0
4.2 0.7002390812 0.0
4.3 0.7002390812 0.0
4.4 0.7002390812 0.0
4.5 0.7002390812 0.0
4.6 0.7002390812 0.0
4.7 0.7002390812 0.0
4.8 0.7002390812 0.0
4.9 0.7002390812 0.0
5 0.7002390812 0.0
5.1 0.7002390812 0.0
5.5 0.7002390812 0.0
5.8 0.7002390812 0.0
5.9 0.7002390812 0.0
6 0.7002390812 0.0
6.7 0.7002390812 0.0
6.8 0.7002390812 0.0
6.9 0.7002390812 0.0
7 0.7002390812 0.0
2.7 1.399800766 0.0
2.6 1.399800766 0.0
2.8 1.399800766 0.0
2.9 1.399800766 0.0
3 1.399800766 0.0
3.1 1.399800766 0.0
3.2 1.399800766 0.0
3.3 1.399800766 0.0
3.4 1.399800766 0.0
3.5 1.399800766 0.0
3.6 1.399800766 0.0
3.7 1.399800766 0.0
3.8 1.399800766 0.0
3.9 1.399800766 0.0
4.1 1.399800766 0.0
4 1.399800766 0.0
4.2 1.399800766 0.0
4.3 1.399800766 0.0
4.4 1.399800766 0.0
4.5 1.399800766 0.0
4.6 1.399800766 0.0
4.7 1.399800766 0.0
4.9 1.399800766 0.0
4.8 1.399800766 0.0
5 1.399800766 0.0
5.1 1.399800766 0.0
5.2 1.399800766 0.0
5.3 1.399800766 0.0
5.4 1.399800766 0.0
5.5 1.399800766 0.0
5.7 1.399800766 0.0
5.6 1.399800766 0.0
5.8 1.399800766 0.0
5.9 1.399800766 0.0
6.8 -1.399800766 0.0
6.9 -1.399800766 0.0
6.7 -1.399800766 0.0
6.6 -1.399800766 0.0
6.5 -1.399800766 0.0
6.4 -1.399800766 0.0
6.3 -1.399800766 0.0
6.2 -1.399800766 0.0
6.1 -1.399800766 0.0
6 1.399800766 0.0
6.1 1.399800766 0.0
6.2 1.399800766 0.0
6.3 1.399800766 0.0
3 -0.6001992343 0.0
2.9 -0.6001992343 0.0
3.1 -0.6001992343 0.0
3.2 -0.6001992343 0.0
3.3 -0.6001992343 0.0
3.4 -0.6001992343 0.0
3.5 -0.6001992343 0.0
3.6 -0.6001992343 0.0
3.7 -0.6001992343 0.0
3.8 -0.6001992343 0.0
3.9 -0.6001992343 0.0
4 -0.6001992343 0.0
4.1 -0.6001992343 0.0
4.2 -0.6001992343 0.0
4.3 -0.6001992343 0.0
4.4 -0.6001992343 0.0
4.5 -0.6001992343 0.0
4.6 -0.6001992343 0.0
4.7 -0.6001992343 0.0
4.8 -0.6001992343 0.0
4.9 -0.6001992343 0.0
5 -0.6001992343 0.0
5.1 -0.6001992343 0.0
5.2 -0.6001992343 0.0
5.3 -0.6001992343 0.0
5.5 -0.6001992343 0.0
5.4 -0.6001992343 0.0
5.6 -0.6001992343 0.0
6 -1.399800766 0.0
5.9 -1.399800766 0.0
5.8 -1.399800766 0.0
5.7 -1.399800766 0.0
5.6 -1.399800766 0.0
5.5 -1.399800766 0.0
5.4 -1.399800766 0.0
5.3 -1.399800766 0.0
5.2 -1.399800766 0.0
5.1 -1.399800766 0.0
4.9 -1.399800766 0.0
5 -1.399800766 0.0
4.8 -1.399800766 0.0
4.7 -1.399800766 0.0
6.4 1.399800766 0.0
6.5 1.399800766 0.0
6.6 1.399800766 0.0
6.7 1.399800766 0.0
5.7 -0.6001992343 0.0
5.9 -0.6001992343 0.0
5.8 -0.6001992343 0.0
6 -0.6001992343 0.0
6.1 -0.6001992343 0.0
6.2 -0.6001992343 0.0
6.3 -0.6001992343 0.0
6.4 -0.6001992343 0.0
6.5 -0.6001992343 0.0
6.6 -0.6001992343 0.0
6.7 -0.6001992343 0.0
6.8 -0.6001992343 0.0
6.9 -0.6001992343 0.0
7 -0.6001992343 0.0
7.1 -0.6001992343 0.0
7.2 -0.6001992343 0.0
7.3 -0.6001992343 0.0
7.4 -0.7002390812 0.0
7.5 -0.7002390812 0.0
7.5 -0.6001992343 0.0
7.4 -0.6001992343 0.0
7.6 -0.7002390812 0.0
7.6 -0.6001992343 0.0
7.7 -0.7002390812 0.0
7.7 -0.6001992343 0.0
6.8 1.399800766 0.0
6.9 1.399800766 0.0
7 1.399800766 0.0
7.1 1.399800766 0.0
7.2 1.399800766 0.0
7.3 1.399800766 0.0
7.4 1.399800766 0.0
7.5 1.399800766 0.0
7.6 1.399800766 0.0
4.6 -1.399800766 0.0
4.5 -1.399800766 0.0
4.4 -1.399800766 0.0
4.3 -1.399800766 0.0
4.2 -1.399800766 0.0
4.1 -1.399800766 0.0
4 -1.399800766 0.0
3.9 -1.399800766 0.0
3.8 -1.399800766 0.0
3.7 -1.399800766 0.0
3.6 -1.399800766 0.0
3.5 -1.399800766 0.0
3.4 -1.399800766 0.0
3.3 -1.399800766 0.0
3.1 -1.399800766 0.0
3.2 -1.399800766 0.0
3 -1.399800766 0.0
2.9 -1.399800766 0.0
2.8 -1.399800766 0.0
2.7 -1.399800766 0.0
2.6 -1.399800766 0.0
2.5 -1.399800766 0.0
3.1 0.6001992343 0.0
3.2 0.6001992343 0.0
3.4 0.7002390812 0.0
3.5 0.7002390812 0.0
3.6 0.7002390812 0.0
3.8 0.7002390812 0.0
3.7 0.7002390812 0.0
4 0.6001992343 0.0
4.1 0.6001992343 0.0
4.5 0.6001992343 0.0
4.6 0.6001992343 0.0
5.1 0.6001992343 0.0
5.2 0.6001992343 0.0
7.7 1.399800766 0.0
7.8 1.299760919 0.0
7.8 1.399800766 0.0
6.1 0.6001992343 0.0
6.2 0.6001992343 0.0
6.3 0.7002390812 0.0
6.3 0.6001992343 0.0
6.4 0.7002390812 0.0
6.5 0.7002390812 0.0
6.6 0.7002390812 0.0
7 0.6001992343 0.0
7.1 0.6001992343 0.0
7.5 0.7002390812 0.0
7.6 0.7002390812 0.0
7.5 0.6001992343 0.0
7.6 0.6001992343 0.0
7.7 0.7002390812 0.0
7.7 0.6001992343 0.0
5.9 0.6001992343 0.0
5.8 0.6001992343 0.0
6 0.6001992343 0.0
6.5 0.6001992343 0.0
6.4 0.6001992343 0.0
6.6 0.6001992343 0.0
2.5 1.399800766 0.0
3.3 0.6001992343 0.0
3.4 0.6001992343 0.0
3.5 0.6001992343 0.0
3.6 0.6001992343 0.0
3.7 0.6001992343 0.0
3.8 0.6001992343 0.0
4.4 0.6001992343 0.0
4.8 0.6001992343 0.0
4.7 0.6001992343 0.0
5.3 0.6001992343 0.0
5.4 0.6001992343 0.0
5.5 0.6001992343 0.0
5.6 0.6001992343 0.0
5.7 0.6001992343 0.0
6.7 -1.499840613 0.0
6.8 -1.499840613 0.0
6.6 -1.499840613 0.0
6.5 -1.499840613 0.0
6.4 -1.499840613 0.0
6.2 -1.499840613 0.0
6.3 -1.499840613 0.0
2.3 1.399800766 0.0
2.4 1.399800766 0.0
2.4 1.499840613 0.0
2.3 1.499840613 0.0
2.5 1.499840613 0.0
2.6 1.499840613 0.0
2.8 1.499840613 0.0
2.7 1.499840613 0.0
2.9 1.499840613 0.0
3 1.499840613 0.0
3.1 1.499840613 0.0
3.3 1.499840613 0.0
3.2 1.499840613 0.0
3.4 1.499840613 0.0
3.5 1.499840613 0.0
3.6 1.499840613 0.0
3.7 1.499840613 0.0
3.8 1.499840613 0.0
3.9 1.499840613 0.0
4 1.499840613 0.0
4.1 1.499840613 0.0
4.2 1.499840613 0.0
4.3 1.499840613 0.0
4.4 1.499840613 0.0
4.5 1.499840613 0.0
4.6 1.499840613 0.0
4.7 1.499840613 0.0
4.8 1.499840613 0.0
4.9 1.499840613 0.0
5 1.499840613 0.0
5.1 1.499840613 0.0
5.2 1.499840613 0.0
2.7 0.6001992343 0.0
2.8 0.6001992343 0.0
2.9 0.6001992343 0.0
3 0.6001992343 0.0
3.3 0.5001593874 0.0
3.4 0.5001593874 0.0
3.5 0.5001593874 0.0
3.6 0.5001593874 0.0
3.7 0.5001593874 0.0
3.8 0.5001593874 0.0
3.9 0.6001992343 0.0
3.9 0.5001593874 0.0
4 0.5001593874 0.0
4.2 0.6001992343 0.0
4.1 0.5001593874 0.0
4.2 0.5001593874 0.0
4.3 0.6001992343 0.0
4.4 0.5001593874 0.0
4.5 0.5001593874 0.0
4.9 0.6001992343 0.0
5 0.6001992343 0.0
5.4 0.5001593874 0.0
5.5 0.5001593874 0.0
5.3 1.499840613 0.0
5.4 1.499840613 0.0
5.5 1.499840613 0.0
5.6 1.499840613 0.0
5.7 1.499840613 0.0
5.8 1.499840613 0.0
5.9 1.499840613 0.0
6 1.499840613 0.0
6.1 1.499840613 0.0
6.2 1.499840613 0.0
6.3 1.499840613 0.0
6.4 1.499840613 0.0
6.5 1.499840613 0.0
6.6 1.499840613 0.0
6.7 1.499840613 0.0
6.8 1.499840613 0.0
6.9 1.499840613 0.0
7 1.499840613 0.0
7.3 1.499840613 0.0
7.2 1.499840613 0.0
7.4 1.499840613 0.0
7.5 1.499840613 0.0
7.7 1.499840613 0.0
7.6 1.499840613 0.0
7.8 1.499840613 0.0
3 -0.5001593874 0.0
2.9 -0.5001593874 0.0
3.1 -0.5001593874 0.0
3.2 -0.5001593874 0.0
3.3 -0.5001593874 0.0
3.4 -0.5001593874 0.0
3.5 -0.5001593874 0.0
3.6 -0.5001593874 0.0
3.7 -0.5001593874 0.0
3.8 -0.5001593874 0.0
3.9 -0.5001593874 0.0
4 -0.5001593874 0.0
4.1 -0.5001593874 0.0
4.3 -0.5001593874 0.0
4.2 -0.5001593874 0.0
4.4 -0.5001593874 0.0
4.5 -0.5001593874 0.0
4.6 -0.5001593874 0.0
4.7 -0.5001593874 0.0
4.8 -0.5001593874 0.0
4.9 -0.5001593874 0.0
5 -0.5001593874 0.0
5.1 -0.5001593874 0.0
5.2 -0.5001593874 0.0
5.3 -0.5001593874 0.0
5.4 -0.5001593874 0.0
5.5 -0.5001593874 0.0
5.6 -0.5001593874 0.0
6 -1.499840613 0.0
6.1 -1.499840613 0.0
5.9 -1.499840613 0.0
5.8 -1.499840613 0.0
5.7 -1.499840613 0.0
5.6 -1.499840613 0.0
5.5 -1.499840613 0.0
5.4 -1.499840613 0.0
5.3 -1.499840613 0.0
5.2 -1.499840613 0.0
5.1 -1.499840613 0.0
5 -1.499840613 0.0
4.9 -1.499840613 0.0
4.8 -1.499840613 0.0
4.7 -1.499840613 0.0
4.6 -1.499840613 0.0
4.5 -1.499840613 0.0
4.4 -1.499840613 0.0
4.3 -1.499840613 0.0
4.2 -1.499840613 0.0
4.1 -1.499840613 0.0
4 -1.499840613 0.0
3.9 -1.499840613 0.0
3.8 -1.499840613 0.0
3.7 -1.499840613 0.0
3.6 -1.499840613 0.0
3.5 -1.499840613 0.0
3.4 -1.499840613 0.0
3.3 -1.499840613 0.0
3.2 -1.499840613 0.0
3.1 -1.499840613 0.0
3 -1.499840613 0.0
2.9 -1.499840613 0.0
2.8 -1.499840613 0.0
2.6 -1.499840613 0.0
2.7 -1.499840613 0.0
2.5 -1.499840613 0.0
6.1 0.5001593874 0.0
6.2 0.5001593874 0.0
6.7 0.6001992343 0.0
6.8 0.6001992343 0.0
6.9 0.6001992343 0.0
6.9 0.5001593874 0.0
7 0.5001593874 0.0
7.2 0.6001992343 0.0
7.3 0.6001992343 0.0
7.4 0.6001992343 0.0
5.7 -0.5001593874 0.0
5.8 -0.5001593874 0.0
6 -0.5001593874 0.0
5.9 -0.5001593874 0.0
6.1 -0.5001593874 0.0
6.2 -0.5001593874 0.0
6.3 -0.5001593874 0.0
6.4 -0.5001593874 0.0
6.5 -0.5001593874 0.0
6.6 -0.5001593874 0.0
6.7 -0.5001593874 0.0
6.8 -0.5001593874 0.0
6.9 -0.5001593874 0.0
7 -0.5001593874 0.0
7.1 -0.5001593874 0.0
7.2 -0.5001593874 0.0
7.3 -0.5001593874 0.0
7.4 -0.5001593874 0.0
7.5 -0.5001593874 0.0
7.6 -0.5001593874 0.0
7.7 -0.5001593874 0.0
2.8 0.5001593874 0.0
2.7 0.5001593874 0.0
2.9 0.5001593874 0.0
3 0.5001593874 0.0
3.1 0.5001593874 0.0
3.2 0.5001593874 0.0
4.3 0.5001593874 0.0
4.9 0.5001593874 0.0
5 0.5001593874 0.0
5.1 0.5001593874 0.0
5.6 0.5001593874 0.0
5.7 0.5001593874 0.0
5.8 0.5001593874 0.0
6.5 0.5001593874 0.0
6.6 0.5001593874 0.0
6.7 0.5001593874 0.0
6.8 0.5001593874 0.0
7.2 0.5001593874 0.0
7.3 0.5001593874 0.0
7.4 0.5001593874 0.0
7.1 0.5001593874 0.0
7.5 0.5001593874 0.0
6.9 -1.499840613 0.0
2.9 -0.4001195406 0.0
3 -0.4001195406 0.0
3.1 -0.4001195406 0.0
3.2 -0.4001195406 0.0
3.3 -0.4001195406 0.0
3.4 -0.4001195406 0.0
3.5 -0.4001195406 0.0
3.6 -0.4001195406 0.0
3.7 -0.4001195406 0.0
3.8 -0.4001195406 0.0
3.9 -0.4001195406 0.0
4 -0.4001195406 0.0
4.1 -0.4001195406 0.0
4.2 -0.4001195406 0.0
4.3 -0.4001195406 0.0
4.4 -0.4001195406 0.0
4.5 -0.4001195406 0.0
4.6 -0.4001195406 0.0
4.7 -0.4001195406 0.0
4.8 -0.4001195406 0.0
4.9 -0.4001195406 0.0
5 -0.4001195406 0.0
5.1 -0.4001195406 0.0
5.2 -0.4001195406 0.0
5.3 -0.4001195406 0.0
5.4 -0.4001195406 0.0
5.6 -0.4001195406 0.0
5.5 -0.4001195406 0.0
5.7 -0.4001195406 0.0
5.8 -0.4001195406 0.0
5.9 -0.4001195406 0.0
6 -0.4001195406 0.0
6.1 -0.4001195406 0.0
6.2 -0.4001195406 0.0
6.3 -0.4001195406 0.0
6.4 -0.4001195406 0.0
6.5 -0.4001195406 0.0
6.6 -0.4001195406 0.0
6.7 -0.4001195406 0.0
6.8 -0.4001195406 0.0
6.9 -0.4001195406 0.0
7 -0.4001195406 0.0
7.1 -0.4001195406 0.0
7.2 -0.4001195406 0.0
7.3 -0.4001195406 0.0
7.4 -0.4001195406 0.0
7.5 -0.4001195406 0.0
7.6 -0.4001195406 0.0
7.7 -0.4001195406 0.0
7.7 1.599880459 0.0
7.6 1.599880459 0.0
7.5 1.599880459 0.0
7.4 1.599880459 0.0
7.3 1.599880459 0.0
7.2 1.599880459 0.0
7.1 1.499840613 0.0
7 1.599880459 0.0
6.9 1.599880459 0.0
6.2 1.599880459 0.0
6.1 1.599880459 0.0
6 1.599880459 0.0
5.9 1.599880459 0.0
5.8 1.599880459 0.0
5.7 1.599880459 0.0
5.6 1.599880459 0.0
5.3 1.599880459 0.0
5.2 1.599880459 0.0
5.1 1.599880459 0.0
5 1.599880459 0.0
4.9 1.599880459 0.0
4.5 1.599880459 0.0
4.4 1.599880459 0.0
4.3 1.599880459 0.0
4.2 1.599880459 0.0
3 1.599880459 0.0
2.9 1.599880459 0.0
2.8 1.599880459 0.0
2.7 1.599880459 0.0
2.6 1.599880459 0.0
2.5 1.599880459 0.0
2.4 1.599880459 0.0
3 0.4001195406 0.0
3.1 0.4001195406 0.0
3.2 0.4001195406 0.0
3.3 0.4001195406 0.0
3.6 0.4001195406 0.0
3.7 0.4001195406 0.0
4.1 0.4001195406 0.0
4.2 0.4001195406 0.0
4.6 0.5001593874 0.0
4.7 0.5001593874 0.0
4.8 0.5001593874 0.0
5 0.4001195406 0.0
5.1 0.4001195406 0.0
5.2 0.5001593874 0.0
5.2 0.4001195406 0.0
5.3 0.5001593874 0.0
5.3 0.4001195406 0.0
5.9 0.5001593874 0.0
6 0.5001593874 0.0
6.3 0.5001593874 0.0
6.4 0.5001593874 0.0
6.4 0.4001195406 0.0
6.5 0.4001195406 0.0
6.9 0.4001195406 0.0
7 0.4001195406 0.0
7.1 0.4001195406 0.0
7.2 0.4001195406 0.0
7.3 0.4001195406 0.0
7.6 0.5001593874 0.0
7.7 0.5001593874 0.0
6.9 -1.599880459 0.0
6.8 -1.599880459 0.0
6.7 -1.599880459 0.0
6.6 -1.599880459 0.0
6.5 -1.599880459 0.0
6.4 -1.599880459 0.0
6.1 -1.599880459 0.0
6.2 -1.599880459 0.0
6 -1.599880459 0.0
5.9 -1.599880459 0.0
5.8 -1.599880459 0.0
5.7 -1.599880459 0.0
5.5 -1.599880459 0.0
5.6 -1.599880459 0.0
5.4 -1.599880459 0.0
5.3 -1.599880459 0.0
5.2 -1.599880459 0.0
5.1 -1.599880459 0.0
4.9 -1.599880459 0.0
5 -1.599880459 0.0
4.8 -1.599880459 0.0
4.7 -1.599880459 0.0
4.6 -1.599880459 0.0
4.5 -1.599880459 0.0
4.4 -1.599880459 0.0
4.3 -1.599880459 0.0
4.2 -1.599880459 0.0
4.1 -1.599880459 0.0
4 -1.599880459 0.0
3.9 -1.599880459 0.0
3.8 -1.599880459 0.0
3.7 -1.599880459 0.0
3.5 -1.599880459 0.0
3.6 -1.599880459 0.0
3.4 -1.599880459 0.0
3.3 -1.599880459 0.0
3.2 -1.599880459 0.0
3.1 -1.599880459 0.0
3 -1.599880459 0.0
2.9 -1.599880459 0.0
2.8 -1.599880459 0.0
2.7 -1.599880459 0.0
2.6 -1.599880459 0.0
2.5 -1.599880459 0.0
3.5 0.4001195406 0.0
3.4 0.4001195406 0.0
3.9 0.4001195406 0.0
3.8 0.4001195406 0.0
4 0.4001195406 0.0
4.8 0.4001195406 0.0
4.9 0.4001195406 0.0
5.5 0.4001195406 0.0
5.4 0.4001195406 0.0
5.7 0.4001195406 0.0
5.8 0.4001195406 0.0
5.9 0.4001195406 0.0
6 0.4001195406 0.0
5.6 0.4001195406 0.0
6.1 0.4001195406 0.0
6.2 0.4001195406 0.0
6.3 0.4001195406 0.0
6.7 0.4001195406 0.0
6.6 0.4001195406 0.0
6.8 0.4001195406 0.0
7.5 0.4001195406 0.0
7.4 0.4001195406 0.0
7.6 0.4001195406 0.0
7.7 0.4001195406 0.0
6.8 1.599880459 0.0
7.1 1.599880459 0.0
7.8 1.599880459 0.0
5.4 1.599880459 0.0
4.8 1.599880459 0.0
4.7 1.599880459 0.0
4.6 1.599880459 0.0
3.7 1.599880459 0.0
3.8 1.599880459 0.0
3.6 1.599880459 0.0
3.5 1.599880459 0.0
3.4 1.599880459 0.0
3.3 1.599880459 0.0
2.9 0.4001195406 0.0
2.8 0.4001195406 0.0
2.8 0.3000796937 0.0
2.9 0.3000796937 0.0
3 0.3000796937 0.0
3.1 0.3000796937 0.0
3.2 0.3000796937 0.0
3.5 0.3000796937 0.0
3.6 0.3000796937 0.0
3.7 0.3000796937 0.0
3.8 0.3000796937 0.0
3.9 0.3000796937 0.0
4 0.3000796937 0.0
4.1 0.3000796937 0.0
4.3 0.4001195406 0.0
4.5 0.4001195406 0.0
4.4 0.4001195406 0.0
4.6 0.4001195406 0.0
4.7 0.4001195406 0.0
4.7 0.3000796937 0.0
4.8 0.3000796937 0.0
5.8 0.3000796937 0.0
5.9 0.3000796937 0.0
6 0.3000796937 0.0
6.1 0.3000796937 0.0
6.2 0.3000796937 0.0
6.3 0.3000796937 0.0
6.4 0.3000796937 0.0
7 0.3000796937 0.0
7.1 0.3000796937 0.0
7.2 0.3000796937 0.0
7.6 0.3000796937 0.0
7.7 0.3000796937 0.0
5.4 1.699920306 0.0
5.3 1.699920306 0.0
5.5 1.599880459 0.0
5.5 1.699920306 0.0
5.6 1.699920306 0.0
5.7 1.699920306 0.0
5.8 1.699920306 0.0
5.9 1.699920306 0.0
6 1.699920306 0.0
6.9 -1.699920306 0.0
6.8 -1.699920306 0.0
6.7 -1.699920306 0.0
6.6 -1.699920306 0.0
6.5 -1.699920306 0.0
6.4 -1.699920306 0.0
6.3 -1.599880459 0.0
6.3 -1.699920306 0.0
6.2 -1.699920306 0.0
5.2 1.699920306 0.0
5.1 1.699920306 0.0
5 1.699920306 0.0
4.9 1.699920306 0.0
4.7 1.699920306 0.0
4.6 1.699920306 0.0
4.5 1.699920306 0.0
4.3 1.699920306 0.0
4.2 1.699920306 0.0
4.1 1.599880459 0.0
4 1.599880459 0.0
3.9 1.599880459 0.0
3.8 1.699920306 0.0
3.7 1.699920306 0.0
3.4 1.699920306 0.0
3.3 1.699920306 0.0
3.2 1.599880459 0.0
3.2 1.699920306 0.0
3.1 1.599880459 0.0
3.1 1.699920306 0.0
2.6 1.699920306 0.0
2.5 1.699920306 0.0
6.1 -1.699920306 0.0
6 -1.699920306 0.0
5.9 -1.699920306 0.0
5.8 -1.699920306 0.0
5.6 -1.699920306 0.0
5.7 -1.699920306 0.0
5.5 -1.699920306 0.0
5.4 -1.699920306 0.0
5.3 -1.699920306 0.0
5.2 -1.699920306 0.0
5.1 -1.699920306 0.0
5 -1.699920306 0.0
4.9 -1.699920306 0.0
4.8 -1.699920306 0.0
4.7 -1.699920306 0.0
4.6 -1.699920306 0.0
4.5 -1.699920306 0.0
4.4 -1.699920306 0.0
4.3 -1.699920306 0.0
4.1 -1.699920306 0.0
4.2 -1.699920306 0.0
4 -1.699920306 0.0
3.9 -1.699920306 0.0
3.8 -1.699920306 0.0
3.6 -1.699920306 0.0
3.7 -1.699920306 0.0
3.5 -1.699920306 0.0
3.4 -1.699920306 0.0
3.3 -1.699920306 0.0
3.2 -1.699920306 0.0
3.1 -1.699920306 0.0
3 -1.699920306 0.0
2.9 -1.699920306 0.0
2.8 -1.699920306 0.0
2.7 -1.699920306 0.0
2.6 -1.699920306 0.0
2.5 -1.699920306 0.0
6.1 1.699920306 0.0
6.2 1.699920306 0.0
6.3 1.699920306 0.0
6.3 1.599880459 0.0
3 -0.3000796937 0.0
2.9 -0.3000796937 0.0
3.1 -0.3000796937 0.0
3.2 -0.3000796937 0.0
3.4 -0.3000796937 0.0
3.3 -0.3000796937 0.0
3.5 -0.3000796937 0.0
3.7 -0.3000796937 0.0
3.6 -0.3000796937 0.0
3.8 -0.3000796937 0.0
3.9 -0.3000796937 0.0
4 -0.3000796937 0.0
4.1 -0.3000796937 0.0
4.2 -0.3000796937 0.0
4.3 -0.3000796937 0.0
4.4 -0.3000796937 0.0
4.5 -0.3000796937 0.0
4.6 -0.3000796937 0.0
4.7 -0.3000796937 0.0
4.8 -0.3000796937 0.0
4.9 -0.3000796937 0.0
5 -0.3000796937 0.0
5.1 -0.3000796937 0.0
5.3 -0.3000796937 0.0
5.2 -0.3000796937 0.0
5.4 -0.3000796937 0.0
5.5 -0.3000796937 0.0
5.6 -0.3000796937 0.0
5.7 -0.3000796937 0.0
5.8 -0.3000796937 0.0
5.9 -0.3000796937 0.0
6 -0.3000796937 0.0
6.1 -0.3000796937 0.0
6.2 -0.3000796937 0.0
6.3 -0.3000796937 0.0
6.4 -0.3000796937 0.0
6.5 -0.3000796937 0.0
6.6 -0.3000796937 0.0
6.7 -0.3000796937 0.0
6.8 -0.3000796937 0.0
6.9 -0.3000796937 0.0
7 -0.3000796937 0.0
7.1 -0.3000796937 0.0
7.2 -0.3000796937 0.0
7.3 -0.3000796937 0.0
7.4 -0.3000796937 0.0
7.5 -0.3000796937 0.0
7.6 -0.3000796937 0.0
7.7 -0.3000796937 0.0
6.4 1.599880459 0.0
6.4 1.699920306 0.0
6.5 1.599880459 0.0
6.5 1.699920306 0.0
6.6 1.699920306 0.0
6.6 1.599880459 0.0
6.7 1.599880459 0.0
6.7 1.699920306 0.0
6.8 1.699920306 0.0
6.9 1.699920306 0.0
7 1.699920306 0.0
7.1 1.699920306 0.0
7.2 1.699920306 0.0
7.3 1.699920306 0.0
7.4 1.699920306 0.0
7.5 1.699920306 0.0
7.6 1.699920306 0.0
7.7 1.699920306 0.0
7.8 1.699920306 0.0
4.4 1.699920306 0.0
4.1 1.699920306 0.0
4 1.699920306 0.0
2.7 0.4001195406 0.0
3.9 1.699920306 0.0
3.3 0.3000796937 0.0
3.4 0.3000796937 0.0
3.5 1.699920306 0.0
3 1.699920306 0.0
2.8 1.699920306 0.0
2.7 1.699920306 0.0
2.3 1.599880459 0.0
4.2 0.3000796937 0.0
4.3 0.3000796937 0.0
4.4 0.3000796937 0.0
4.5 0.3000796937 0.0
4.6 0.3000796937 0.0
5.1 0.3000796937 0.0
5.2 0.3000796937 0.0
5.3 0.3000796937 0.0
5.4 0.3000796937 0.0
5.5 0.3000796937 0.0
5.6 0.3000796937 0.0
6.5 0.3000796937 0.0
6.6 0.3000796937 0.0
2.9 0.2000398469 0.0
3 0.2000398469 0.0
3.1 0.2000398469 0.0
3.2 0.2000398469 0.0
3.3 0.2000398469 0.0
3.4 0.2000398469 0.0
3.5 0.2000398469 0.0
3.6 0.2000398469 0.0
3.7 0.2000398469 0.0
3.8 0.2000398469 0.0
3.9 0.2000398469 0.0
4 0.2000398469 0.0
4.9 0.3000796937 0.0
5.3 0.2000398469 0.0
5.4 0.2000398469 0.0
5.7 0.3000796937 0.0
5.6 0.2000398469 0.0
5.7 0.2000398469 0.0
5.8 0.2000398469 0.0
6 0.2000398469 0.0
6.1 0.2000398469 0.0
6.7 0.3000796937 0.0
6.8 0.3000796937 0.0
6.9 0.3000796937 0.0
6.9 0.2000398469 0.0
7 0.2000398469 0.0
7.3 0.3000796937 0.0
7.4 0.3000796937 0.0
7.5 0.3000796937 0.0
6.8 -1.799960153 0.0
6.7 -1.799960153 0.0
6.6 -1.799960153 0.0
6.5 -1.799960153 0.0
6.4 -1.799960153 0.0
6.3 -1.799960153 0.0
6.2 -1.799960153 0.0
5.7 1.799960153 0.0
5.6 1.799960153 0.0
5.5 1.799960153 0.0
5.4 1.799960153 0.0
5.3 1.799960153 0.0
2.9 -0.2000398469 0.0
3 -0.2000398469 0.0
3.2 -0.2000398469 0.0
3.1 -0.2000398469 0.0
3.3 -0.2000398469 0.0
3.4 -0.2000398469 0.0
3.5 -0.2000398469 0.0
3.6 -0.2000398469 0.0
3.7 -0.2000398469 0.0
3.8 -0.2000398469 0.0
3.9 -0.2000398469 0.0
4 -0.2000398469 0.0
4.1 -0.2000398469 0.0
4.2 -0.2000398469 0.0
4.4 -0.2000398469 0.0
4.3 -0.2000398469 0.0
4.5 -0.2000398469 0.0
4.6 -0.2000398469 0.0
4.7 -0.2000398469 0.0
4.8 -0.2000398469 0.0
4.9 -0.2000398469 0.0
5 -0.2000398469 0.0
5.1 -0.2000398469 0.0
5.2 -0.2000398469 0.0
5.3 -0.2000398469 0.0
5.4 -0.2000398469 0.0
5.5 -0.2000398469 0.0
5.6 -0.2000398469 0.0
5.7 -0.2000398469 0.0
5.8 -0.2000398469 0.0
5.9 -0.2000398469 0.0
6 -0.2000398469 0.0
6.1 -0.2000398469 0.0
6.2 -0.2000398469 0.0
4.8 1.699920306 0.0
4.6 1.799960153 0.0
4.5 1.799960153 0.0
4.1 1.799960153 0.0
4 1.799960153 0.0
3.6 1.699920306 0.0
2.9 1.699920306 0.0
2.8 1.799960153 0.0
2.7 1.799960153 0.0
2.6 1.799960153 0.0
2.5 1.799960153 0.0
2.4 1.799960153 0.0
2.4 1.699920306 0.0
2.3 1.699920306 0.0
6 1.799960153 0.0
5.9 1.799960153 0.0
6.1 1.799960153 0.0
6.3 1.799960153 0.0
6.2 1.799960153 0.0
6.4 1.799960153 0.0
6.6 1.799960153 0.0
6.5 1.799960153 0.0
6.8 1.799960153 0.0
6.7 1.799960153 0.0
6.3 -0.2000398469 0.0
6.4 -0.2000398469 0.0
6.5 -0.2000398469 0.0
6.7 -0.2000398469 0.0
6.6 -0.2000398469 0.0
6.8 -0.2000398469 0.0
6.9 -0.2000398469 0.0
7 -0.2000398469 0.0
7.1 -0.2000398469 0.0
7.2 -0.2000398469 0.0
7.3 -0.2000398469 0.0
7.4 -0.2000398469 0.0
7.5 -0.2000398469 0.0
7.6 -0.2000398469 0.0
7.7 -0.2000398469 0.0
6.9 1.799960153 0.0
7.1 1.799960153 0.0
7 1.799960153 0.0
7.3 1.799960153 0.0
7.4 1.799960153 0.0
7.5 1.799960153 0.0
7.6 1.799960153 0.0
7.7 1.799960153 0.0
7.8 1.799960153 0.0
6.1 -1.799960153 0.0
6 -1.799960153 0.0
5.9 -1.799960153 0.0
5.8 -1.799960153 0.0
5.7 -1.799960153 0.0
5.6 -1.799960153 0.0
5.5 -1.799960153 0.0
5.4 -1.799960153 0.0
5.3 -1.799960153 0.0
5.2 -1.799960153 0.0
5.1 -1.799960153 0.0
5 -1.799960153 0.0
4.9 -1.799960153 0.0
4.8 -1.799960153 0.0
4.7 -1.799960153 0.0
4.6 -1.799960153 0.0
4.4 -1.799960153 0.0
4.5 -1.799960153 0.0
4.3 -1.799960153 0.0
4.2 -1.799960153 0.0
4.1 -1.799960153 0.0
4 -1.799960153 0.0
3.9 -1.799960153 0.0
3.8 -1.799960153 0.0
3.7 -1.799960153 0.0
3.6 -1.799960153 0.0
3.5 -1.799960153 0.0
3.4 -1.799960153 0.0
3.3 -1.799960153 0.0
3.2 -1.799960153 0.0
3.1 -1.799960153 0.0
3 -1.799960153 0.0
2.9 -1.799960153 0.0
2.7 -1.799960153 0.0
2.8 -1.799960153 0.0
2.6 -1.799960153 0.0
2.5 -1.799960153 0.0
6.9 -1.799960153 0.0
5.2 1.799960153 0.0
5.1 1.799960153 0.0
4.9 1.799960153 0.0
5 1.799960153 0.0
4.8 1.799960153 0.0
4.7 1.799960153 0.0
4.4 1.799960153 0.0
4.3 1.799960153 0.0
4.2 1.799960153 0.0
3.7 1.799960153 0.0
3.6 1.799960153 0.0
3.5 1.799960153 0.0
3 1.799960153 0.0
3.1 1.799960153 0.0
2.9 1.799960153 0.0
5.8 1.799960153 0.0
7.2 1.799960153 0.0
2.8 0.2000398469 0.0
2.7 0.3000796937 0.0
2.7 0.2000398469 0.0
4.4 0.2000398469 0.0
4.3 0.2000398469 0.0
4.5 0.2000398469 0.0
4.2 0.2000398469 0.0
4.6 0.2000398469 0.0
4.7 0.2000398469 0.0
4.8 0.2000398469 0.0
4.9 0.2000398469 0.0
5 0.2000398469 0.0
5 0.3000796937 0.0
5.1 0.2000398469 0.0
5.2 0.2000398469 0.0
5.5 0.2000398469 0.0
5.9 0.2000398469 0.0
6.7 0.2000398469 0.0
6.6 0.2000398469 0.0
6.8 0.2000398469 0.0
7.5 0.2000398469 0.0
7.4 0.2000398469 0.0
7.6 0.2000398469 0.0
7.7 0.2000398469 0.0
3 -0.1 0.0
2.9 -0.1 0.0
3.1 -0.1 0.0
3.2 -0.1 0.0
3.3 -0.1 0.0
3.4 -0.1 0.0
3.5 -0.1 0.0
3.6 -0.1 0.0
3.7 -0.1 0.0
3.8 -0.1 0.0
3.9 -0.1 0.0
4 -0.1 0.0
4.1 -0.1 0.0
4.2 -0.1 0.0
4.3 -0.1 0.0
4.4 -0.1 0.0
4.5 -0.1 0.0
4.6 -0.1 0.0
4.8 -0.1 0.0
4.7 -0.1 0.0
4.9 -0.1 0.0
5 -0.1 0.0
5.1 -0.1 0.0
5.2 -0.1 0.0
5.3 -0.1 0.0
5.5 -0.1 0.0
5.4 -0.1 0.0
5.6 -0.1 0.0
5.7 -0.1 0.0
5.8 -0.1 0.0
5.9 -0.1 0.0
6 -0.1 0.0
6.1 -0.1 0.0
6.2 -0.1 0.0
6.3 -0.1 0.0
6.4 -0.1 0.0
6.5 -0.1 0.0
6.6 -0.1 0.0
6.7 -0.1 0.0
6.8 -0.1 0.0
6.9 -0.1 0.0
7 -0.1 0.0
7.1 -0.1 0.0
7.2 -0.1 0.0
7.3 -0.1 0.0
7.4 -0.1 0.0
7.5 -0.1 0.0
7.6 -0.1 0.0
7.7 -0.1 0.0
2.7 0.1 0.0
2.8 0.1 0.0
2.9 0.1 0.0
3.1 0.1 0.0
3.2 0.1 0.0
3.5 0.1 0.0
3.6 0.1 0.0
3.8 0.1 0.0
3.9 0.1 0.0
4 0.1 0.0
4.1 0.1 0.0
4.1 0.2000398469 0.0
4.8 0.1 0.0
4.9 0.1 0.0
5 0.1 0.0
5.1 0.1 0.0
5.2 0.1 0.0
5.3 0.1 0.0
5.6 0.1 0.0
5.7 0.1 0.0
5.8 0.1 0.0
5.9 0.1 0.0
6 0.1 0.0
6.1 0.1 0.0
6.2 0.2000398469 0.0
6.2 0.1 0.0
6.3 0.2000398469 0.0
6.3 0.1 0.0
6.4 0.2000398469 0.0
6.5 0.2000398469 0.0
7.1 0.2000398469 0.0
7.3 0.2000398469 0.0
7.2 0.2000398469 0.0
7.5 0.1 0.0
7.6 0.1 0.0
6.8 -1.9 0.0
6.9 -1.9 0.0
6.7 -1.9 0.0
6.6 -1.9 0.0
6.5 -1.9 0.0
6.3 -1.9 0.0
6.4 -1.9 0.0
6.2 -1.9 0.0
5.1 1.9 0.0
5 1.9 0.0
4.4 1.9 0.0
4.3 1.9 0.0
4.2 1.9 0.0
4.1 1.9 0.0
3.9 1.799960153 0.0
3.8 1.799960153 0.0
3.7 1.9 0.0
3.6 1.9 0.0
3.4 1.799960153 0.0
3.3 1.799960153 0.0
3.2 1.799960153 0.0
3 1.9 0.0
2.9 1.9 0.0
2.4 1.9 0.0
2.3 1.9 0.0
2.3 1.799960153 0.0
5.4 1.9 0.0
5.3 1.9 0.0
5.5 1.9 0.0
5.6 1.9 0.0
5.8 1.9 0.0
5.7 1.9 0.0
5.9 1.9 0.0
6.1 -1.9 0.0
6 -1.9 0.0
5.9 -1.9 0.0
5.6 -1.9 0.0
5.7 -1.9 0.0
5.5 -1.9 0.0
5.4 -1.9 0.0
5.3 -1.9 0.0
5.2 -1.9 0.0
5 -1.9 0.0
5.1 -1.9 0.0
4.9 -1.9 0.0
4.8 -1.9 0.0
4.7 -1.9 0.0
4.6 -1.9 0.0
6 1.9 0.0
6.1 1.9 0.0
6.2 1.9 0.0
6.3 1.9 0.0
6.4 1.9 0.0
6.5 1.9 0.0
6.6 1.9 0.0
6.7 1.9 0.0
6.8 1.9 0.0
6.9 1.9 0.0
7 1.9 0.0
7.1 1.9 0.0
7.2 1.9 0.0
7.3 1.9 0.0
7.4 1.9 0.0
7.6 1.9 0.0
7.5 1.9 0.0
7.7 1.9 0.0
4.5 -1.9 0.0
4.4 -1.9 0.0
4.3 -1.9 0.0
4.2 -1.9 0.0
4 -1.9 0.0
4.1 -1.9 0.0
3.9 -1.9 0.0
3.8 -1.9 0.0
3.6 -1.9 0.0
3.7 -1.9 0.0
3.5 -1.9 0.0
3.4 -1.9 0.0
3.2 -1.9 0.0
3.3 -1.9 0.0
3.1 -1.9 0.0
3 -1.9 0.0
2.8 -1.9 0.0
2.9 -1.9 0.0
2.7 -1.9 0.0
2.6 -1.9 0.0
2.5 -1.9 0.0
5.2 1.9 0.0
4.9 1.9 0.0
4.8 1.9 0.0
4.7 1.9 0.0
4.6 1.9 0.0
4.5 1.9 0.0
4 1.9 0.0
3.9 1.9 0.0
3.8 1.9 0.0
3.5 1.9 0.0
3.4 1.9 0.0
3.3 1.9 0.0
3.2 1.9 0.0
5.8 -1.9 0.0
7 0.1 0.0
7.1 0.1 0.0
7.2 0.1 0.0
6.9 0.1 0.0
7.3 0.1 0.0
2.7 1.9 0.0
2.8 1.9 0.0
2.6 1.9 0.0
2.5 1.9 0.0
6.8 0.1 0.0
4.5 0.1 0.0
4.6 0.1 0.0
4.2 0.1 0.0
4.3 0.1 0.0
6.5 0.1 0.0
6.4 0.1 0.0
3.3 0.1 0.0
3.4 0.1 0.0
3 0.1 0.0
5.4 0.1 0.0
5.5 0.1 0.0
7.8 1.9 0.0
6.1 -2 0.0
6.2 -2 0.0
6.4 -2 0.0
6.5 -2 0.0
7.4 2 0.0
7.3 2 0.0
7.1 2 0.0
7 2 0.0
6.9 2 0.0
6.6 2 0.0
6.5 2 0.0
6.4 2 0.0
6.3 2 0.0
6.2 2 0.0
6.1 2 0.0
5.8 2 0.0
5.7 2 0.0
5.6 2 0.0
5.5 2 0.0
5.4 2 0.0
5.3 2 0.0
5.2 2 0.0
7.7 0 0.0
7.6 0 0.0
7.5 0 0.0
7.1 0 0.0
7 0 0.0
6.9 0 0.0
6.7 0 0.0
6.6 0 0.0
6.5 0 0.0
6.7 0.1 0.0
6.8 0 0.0
7.2 0 0.0
7.3 0 0.0
6.6 0.1 0.0
6.4 0 0.0
6.3 0 0.0
6.2 0 0.0
6.1 0 0.0
6 0 0.0
5.9 0 0.0
5.8 0 0.0
5.7 0 0.0
5.6 0 0.0
5.5 0 0.0
5.4 0 0.0
4.8 0 0.0
4.7 0 0.0
4.6 0 0.0
4.5 0 0.0
4.4 0 0.0
4.2 0 0.0
4.1 0 0.0
3.1 0 0.0
3 0 0.0
2.9 0 0.0
5.1 2 0.0
4.7 2 0.0
4.6 2 0.0
4.5 2 0.0
4.4 2 0.0
4 2 0.0
3.9 2 0.0
3.5 2 0.0
3.4 2 0.0
3.3 2 0.0
3.1 1.9 0.0
5.9 -2 0.0
6 -2 0.0
5.8 -2 0.0
5.7 -2 0.0
5.6 -2 0.0
5.5 -2 0.0
5.4 -2 0.0
5.3 -2 0.0
5.2 -2 0.0
5.1 -2 0.0
5 -2 0.0
4.9 -2 0.0
4.8 -2 0.0
4.7 -2 0.0
4.6 -2 0.0
4.5 -2 0.0
4.4 -2 0.0
4.3 -2 0.0
4.2 -2 0.0
4.1 -2 0.0
4 -2 0.0
3.9 -2 0.0
3.8 -2 0.0
3.7 -2 0.0
3.6 -2 0.0
3.5 -2 0.0
3.4 -2 0.0
3.3 -2 0.0
5.3 0 0.0
5.2 0 0.0
5.1 0 0.0
4.9 0 0.0
5 0 0.0
4.7 0.1 0.0
4.4 0.1 0.0
4.3 0 0.0
4 0 0.0
3.9 0 0.0
3.8 0 0.0
3.7 0.1 0.0
3.7 0 0.0
3.6 0 0.0
3.5 0 0.0
3.4 0 0.0
3.3 0 0.0
3.2 0 0.0
2.8 0 0.0
3.2 -2 0.0
3.1 -2 0.0
3 -2 0.0
2.9 -2 0.0
2.8 -2 0.0
2.7 -2 0.0
2.6 -2 0.0
2.5 -2 0.0
7.4 0.1 0.0
7.4 0 0.0
7.7 0.1 0.0
6.6 -2 0.0
6.7 -2 0.0
6.8 -2 0.0
7.8 2 0.0
7.7 2 0.0
6.7 2 0.0
6.8 2 0.0
3.2 2 0.0
3.1 2 0.0
3 2 0.0
3.6 2 0.0
5 2 0.0
4.9 2 0.0
4.8 2 0.0
7.6 2 0.0
7.5 2 0.0
7.2 2 0.0
5.9 2 0.0
6 2 0.0
2.9 2 0.0
2.8 2 0.0
2.7 2 0.0
2.6 2 0.0
2.5 2 0.0
2.4 2 0.0
2.8 -0.1 0.0
2.7 0 0.0
6.3 -2 0.0
4.3 2 0.0
4.2 2 0.0
3.7 2 0.0
4.1 2 0.0
3.8 2 0.0
2.3 2 0.0
6.9 -2 0.0
5.299518263 -4.730380823 0.0
5.539284796 -4.076446529 0.0
5.023394631 -4.09073973 0.0
6.888353965 3.679586814 0.0
6.774158782 3.27041327 0.0
6.999934505 3.268680621 0.0
3.203958088 -3.629606014 0.0
3.212269522 -3.281481032 0.0
3.017524618 -3.250820151 0.0
4.992196072 3.260189184 0.0
4.820965181 3.629606014 0.0
4.80678514 3.27778554 0.0
4.033005675 3.694334065 0.0
3.969964578 3.269057944 0.0
4.190139029 3.283986219 0.0
3.640882782 3.691958753 0.0
3.53211187 3.283917655 0.0
3.776414582 3.272594809 0.0
4.081756992 -3.686540893 0.0
4.13477301 -3.261363164 0.0
3.911850832 -3.281614401 0.0
6.478211264 3.678743548 0.0
6.341506351 3.291800792 0.0
6.570993649 3.276882668 0.0
6.497007308 -3.671237735 0.0
6.610998199 -3.256810271 0.0
6.391488105 -3.253714094 0.0
5.810988927 -3.247567143 0.0
6.00174959 -3.615282337 0.0
6.000461368 -3.270592424 0.0
2.383794565 3.250600672 0.0
2.617483194 3.25891524 0.0
2.461927658 3.653713629 0.0
2.83271915 3.272213553 0.0
3.079487298 3.286340379 0.0
2.90270291 3.673875835 0.0
4.61375612 3.276233257 0.0
5.189829479 3.258412901 0.0
5.420934096 3.264342482 0.0
5.283420107 3.677299376 0.0
5.722873176 3.688924273 0.0
5.631597026 3.272272863 0.0
5.875205992 3.287524665 0.0
7.205445989 3.267928329 0.0
7.441239263 3.264538648 0.0
7.299715353 3.675393727 0.0
6.190390836 -3.248956692 0.0
5.371835317 -3.252316564 0.0
5.515866685 -3.642015802 0.0
5.60972631 -3.245753636 0.0
5.148630321 -3.250002681 0.0
4.90810099 -3.253526847 0.0
5.017380457 -3.648142867 0.0
4.538961194 -3.617874126 0.0
4.702489933 -3.247240901 0.0
4.514202566 -3.274262297 0.0
4.328859012 -3.254188841 0.0
3.428050561 -3.27761061 0.0
2.8149758 -3.253877162 0.0
2.580629398 -3.260081569 0.0
2.731458784 -3.656602633 0.0
6.788987612 -2.532297615 0.0
6.815424661 -2.336516021 0.0
6.705789039 -2.345720924 0.0
3.806748396 2.533532497 0.0
3.7848734 2.341496038 0.0
3.895096189 2.351563539 0.0
2.500142476 -2.333711174 0.0
2.578935215 -2.501334253 0.0
2.592700986 -2.341893426 0.0
3.889593801 -2.506251698 0.0
3.993758164 -2.344056459 0.0
3.898171566 -2.345961553 0.0
5.299284755 -2.332643864 0.0
5.380342871 -2.505965822 0.0
5.391874142 -2.343581235 0.0
7.013896315 2.537382574 0.0
6.985496825 2.338448681 0.0
7.095368441 2.346978182 0.0
6.488776048 2.341195512 0.0
6.372643767 2.502141893 0.0
6.390092256 2.341348369 0.0
3.585389819 2.507350907 0.0
3.594327355 2.342651257 0.0
3.687010711 2.334662291 0.0
4.286103685 -2.537382574 0.0
4.314503175 -2.338448681 0.0
4.204631559 -2.346978182 0.0
7.678481808 2.501226214 0.0
7.692752163 2.342730596 0.0
7.791351602 2.343856314 0.0
5.423958304 2.503611763 0.0
5.408261157 2.345114121 0.0
5.501241224 2.331793302 0.0
3.421735184 -2.505494224 0.0
3.499772075 -2.334244956 0.0
3.407139755 -2.347358188 0.0
4.908759051 -2.507309586 0.0
4.992413178 -2.335339624 0.0
4.902381511 -2.346303725 0.0
3 -2.515241669 0.0
3 -2.348230344 0.0
2.904903811 -2.345086378 0.0
6.4 -2.515241669 0.0
6.399038106 -2.352540644 0.0
6.304727772 -2.344418264 0.0
4.199427271 2.513628109 0.0
4.104594869 2.344215993 0.0
4.199725339 2.347456536 0.0
6 -2.515241669 0.0
6 -2.348230344 0.0
5.904903811 -2.345086378 0.0
5 2.515241669 0.0
5 2.348230344 0.0
5.095096189 2.345086378 0.0
4.6 2.515241669 0.0
4.599038106 2.352540644 0.0
4.695096189 2.346767868 0.0
3.707887559 -2.338930585 0.0
3.598949609 -2.336277478 0.0
3.659301688 -2.530131393 0.0
3.806066041 -2.335672608 0.0
4.904903811 2.345086378 0.0
4.294787248 2.344215993 0.0
3.348119248 2.535521824 0.0
3.293988256 2.338033617 0.0
3.403961098 2.337904689 0.0
2.508773885 2.343859391 0.0
2.607449631 2.342722711 0.0
2.621943624 2.501188752 0.0
6.8 2.348230344 0.0
6.891162788 2.336975312 0.0
6.8 2.515241669 0.0
6.120425568 2.500735889 0.0
6.008339457 2.342985929 0.0
6.106798898 2.342090009 0.0
2.798782422 2.326574492 0.0
2.890210061 2.337689722 0.0
2.876287419 2.494884196 0.0
2.691421623 -2.343153374 0.0
3.095096189 -2.345086378 0.0
3.308605991 -2.346767868 0.0
5.201037518 -2.331870458 0.0
5.089691134 -2.334772007 0.0
5.14401173 -2.521146951 0.0
5.695652925 -2.349520942 0.0
5.583429548 -2.340693195 0.0
5.606983857 -2.537358777 0.0
6.704903811 2.345086378 0.0
5.69166216 2.342119537 0.0
5.791042661 2.342985929 0.0
5.67486618 2.500220044 0.0
5.599171524 2.329115642 0.0
4.595096189 -2.345086378 0.0
4.5 -2.348230344 0.0
4.5 -2.515241669 0.0
4.408837212 -2.336975312 0.0
5.48497793 -2.334768243 0.0
6.095096189 -2.345086378 0.0
2.700031542 2.329414944 0.0
2.983882781 2.3324147 0.0
3.117217245 2.530219759 0.0
3.083430509 2.333694654 0.0
3.193366295 2.336063718 0.0
3.502447414 2.332455224 0.0
4.504727772 2.344418264 0.0
7.600277157 2.329512279 0.0
6.199470894 2.329202657 0.0
5.309597988 2.345086378 0.0
6.298082829 2.331787034 0.0
7.409038515 2.345162229 0.0
7.502012366 2.332110866 0.0
7.426859443 2.503791305 0.0
4.806942675 -2.341825156 0.0
6.495096189 -2.346767868 0.0
7.309597988 2.345086378 0.0
4.664927703 -4.736573735 0.0
4.573128466 -4.150904424 0.0
3.080442066 -4.718331031 0.0
3.619389676 -4.718544486 0.0
3.664408075 -4.181872932 0.0
3.174102095 -4.150128535 0.0
4.153500287 -4.721726756 0.0
4.120585625 -4.175900767 0.0
5.948533823 -4.75832222 0.0
6 -4.149073758 0.0
6.490185948 -4.192628804 0.0
6.498901248 -4.764828636 0.0
6.984750596 -4.722290732 0.0
6.964835234 -4.185375089 0.0
3.667287641 -3.696354728 0.0
2.747600152 -4.070704162 0.0
2.460486914 -4.661949459 0.0
7.650560069 3.265179697 0.0
7.731011093 3.675004327 0.0
3.267532402 3.717870281 0.0
3.3 3.321637038 0.0
6.961822421 -3.685261602 0.0
6.1 3.696008843 0.0
6.1 3.321637038 0.0
2.187558775 3.252294598 0.0
1.994879636 3.6151059 0.0
2.621030507 3.014258609 0.0
2.860376588 3.017152881 0.0
3.089550766 3.025061734 0.0
3.315094147 3.026057925 0.0
3.560376588 3.017152881 0.0
4.415822185 3.710984958 0.0
4.4 3.321637038 0.0
6.111976662 3.027780084 0.0
6.349090611 3.023646315 0.0
6.789250335 3.012681096 0.0
7 3.011368953 0.0
7.436642785 3.015222724 0.0
7.662867581 3.016163224 0.0
6.814543282 -3.264769361 0.0
5.6 -3.011368953 0.0
5.378493657 -3.01260943 0.0
5.140072142 -3.015787778 0.0
4.913688749 -3.014397734 0.0
4.7 -3.011368953 0.0
4.5 -3.011368953 0.0
3.671416525 -3.320319492 0.0
7.213190446 3.015923218 0.0
4.194468982 3.022680631 0.0
4.4 3.024611943 0.0
3.988100253 3.016573609 0.0
3.783317113 3.017212414 0.0
5.8 -3.011368953 0.0
2.578982108 -3.014908445 0.0
2.8 -3.011368953 0.0
2.793925519 -2.766662943 0.0
2.575702076 -2.759764289 0.0
3 -3.011368953 0.0
3.001399858 -2.765633801 0.0
3.209020186 -3.021392984 0.0
3.211673913 -2.769261642 0.0
3.430472777 -3.017152881 0.0
3.437675467 -2.760135052 0.0
3.670764015 -2.769322171 0.0
3.666983829 -3.031973872 0.0
3.895281998 -3.021100946 0.0
3.890800095 -2.765722201 0.0
4.09913148 -2.767777945 0.0
4.1 -3.011368953 0.0
4.3 -3.011368953 0.0
4.296525921 -2.764224296 0.0
4.499802477 -2.764447825 0.0
4.702683988 -2.766956383 0.0
4.910735951 -2.760938051 0.0
5.142943803 -2.763068753 0.0
5.376004867 -2.761361653 0.0
5.597475295 -2.770415085 0.0
5.8 -2.765240078 0.0
6 -2.764272694 0.0
6 -3.011368953 0.0
6.2 -2.765240078 0.0
6.2 -3.011368953 0.0
6.4 -3.011368953 0.0
6.4 -2.764272694 0.0
6.6 -2.765240078 0.0
6.6 -3.011368953 0.0
6.8 -3.011368953 0.0
6.797246903 -2.765744869 0.0
7.439217969 2.759652513 0.0
7.674540429 2.759376215 0.0
7.210673012 2.769172865 0.0
7.003474079 2.764224296 0.0
6.794611068 2.764944447 0.0
6.585719858 2.767630729 0.0
6.573763614 3.020210202 0.0
6.360036874 2.760135052 0.0
6.121894434 2.762578809 0.0
5.887530059 3.018257588 0.0
5.892557261 2.770086819 0.0
5.659927858 3.015787778 0.0
5.66080455 2.758065177 0.0
5.425449277 2.760378531 0.0
5.420763468 3.014134449 0.0
5.206362319 2.766816503 0.0
5.2 3.011368953 0.0
5 3.011368953 0.0
5.00159058 2.764666801 0.0
4.8 3.011368953 0.0
4.8 2.765240078 0.0
4.6 3.011368953 0.0
4.6 2.765100381 0.0
4.4 2.768550825 0.0
4.199636648 2.765550753 0.0
3.796477281 2.767733014 0.0
3.99911932 2.768655124 0.0
3.572694259 2.763720476 0.0
3.339060072 2.769492811 0.0
3.103245031 2.770695751 0.0
2.860705186 2.760151443 0.0
2.624603349 2.759609244 0.0
2.4 3.011368953 0.0
2.406976766 2.76943625 0.0
2.2 3.011368953 0.0
2.203303716 2.765321102 0.0
2.8 -2.5414457 0.0
3.2 -2.5414457 0.0
4.1 -2.5414457 0.0
4.7 -2.5414457 0.0
5.8 -2.5414457 0.0
6.2 -2.5414457 0.0
6.6 -2.5414457 0.0
7.212857192 2.543931467 0.0
6.589590906 2.537598354 0.0
5.9 2.5414457 0.0
5.2 2.5414457 0.0
4.8 2.5414457 0.0
4.4 2.5414457 0.0
4 2.5414457 0.0
2.410533814 2.544443481 0.0
2.213214866 2.541769797 0.0
5.9 2.365379124 0.0
6.2 -2.365379124 0.0
4.4 2.365379124 0.0
4 2.365379124 0.0
6.6 -2.365379124 0.0
2.4 2.365379124 0.0
2.295096189 2.351563539 0.0
4.1 -2.365379124 0.0
5.8 -2.365379124 0.0
3.2 -2.365379124 0.0
4.8 2.365379124 0.0
7.7 2.220143006 0.0
7.7978379 2.224688682 0.0
7.6 2.220143006 0.0
7.5 2.220143006 0.0
7.4 2.220143006 0.0
7.3 2.220143006 0.0
7.2 2.226416284 0.0
7.2 2.365379124 0.0
7.09884211 2.225056395 0.0
7 2.220143006 0.0
6.9 2.220143006 0.0
6.8 2.220143006 0.0
6.7 2.220143006 0.0
6.6 2.365379124 0.0
6.6 2.226416284 0.0
6.5 2.220143006 0.0
6.4 2.220143006 0.0
6.3 2.220143006 0.0
6.2 2.220143006 0.0
6.1 2.220143006 0.0
6 2.220143006 0.0
5.9 2.226416284 0.0
5.8 2.220143006 0.0
5.7 2.220143006 0.0
5.6 2.220143006 0.0
5.5 2.220143006 0.0
5.4 2.220143006 0.0
5.302399497 2.224897843 0.0
5.2 2.365379124 0.0
5.2 2.226416284 0.0
5.1 2.220143006 0.0
5 2.220143006 0.0
4.9 2.220143006 0.0
4.8 2.226416284 0.0
4.7 2.220143006 0.0
4.6 2.220143006 0.0
4.5 2.220143006 0.0
4.4 2.226416284 0.0
4.3 2.220143006 0.0
4.2 2.220143006 0.0
4.1 2.220143006 0.0
4 2.226416284 0.0
3.898774047 2.225789645 0.0
3.795911862 2.223430844 0.0
3.7 2.220143006 0.0
3.6 2.220143006 0.0
3.5 2.220143006 0.0
3.4 2.220143006 0.0
3.3 2.220143006 0.0
3.2 2.220143006 0.0
3.1 2.220143006 0.0
3 2.220143006 0.0
2.9 2.220143006 0.0
2.8 2.220143006 0.0
2.7 2.220143006 0.0
2.6 2.220143006 0.0
2.5 2.220143006 0.0
2.4 2.226416284 0.0
2.298774047 2.225789645 0.0
2.6 -2.220143006 0.0
2.5 -2.220143006 0.0
2.7 -2.220143006 0.0
2.8 -2.365379124 0.0
2.8 -2.226416284 0.0
3.2 -2.226416284 0.0
3.1 -2.220143006 0.0
3.302151498 -2.224905462 0.0
3 -2.220143006 0.0
3.4 -2.220143006 0.0
3.6 -2.220143006 0.0
3.5 -2.220143006 0.0
3.7 -2.220143006 0.0
3.8 -2.220143006 0.0
3.9 -2.220143006 0.0
4 -2.220143006 0.0
4.1 -2.226416284 0.0
4.20115789 -2.22505606 0.0
4.3 -2.220143006 0.0
4.6 -2.220143006 0.0
4.5 -2.220143006 0.0
4.4 -2.220143006 0.0
4.7 -2.365379124 0.0
4.7 -2.226416284 0.0
4.8 -2.220143006 0.0
4.9 -2.220143006 0.0
5 -2.220143006 0.0
5.1 -2.220143006 0.0
5.2 -2.220143006 0.0
5.3 -2.220143006 0.0
5.4 -2.220143006 0.0
5.495140906 -2.221411508 0.0
5.595585695 -2.222866421 0.0
5.698913231 -2.22559373 0.0
5.8 -2.226416284 0.0
6.1 -2.220143006 0.0
6 -2.220143006 0.0
5.901225953 -2.224996198 0.0
6.2 -2.226416284 0.0
6.3 -2.220143006 0.0
6.4 -2.220143006 0.0
6.5 -2.220143006 0.0
6.6 -2.226416284 0.0
6.70144726 -2.225238436 0.0
6.8 -2.220143006 0.0
2.9 -2.220143006 0.0
2.5 2.106294689 0.0
2.6 2.105035751 0.0
2.7 2.107553627 0.0
2.8 2.105035751 0.0
2.9 2.106294689 0.0
3.1 2.105035751 0.0
3.2 2.106294689 0.0
3.5 2.106294689 0.0
3.6 2.105035751 0.0
4.1 2.106609424 0.0
4.2 2.106294689 0.0
4.6 2.105035751 0.0
4.7 2.106294689 0.0
5.2 2.106604071 0.0
5.3 2.107945707 0.0
7.8 2.108339125 0.0
7.7 2.105035751 0.0
7.6 2.107947045 0.0
7.5 2.106609424 0.0
7.4 2.106294689 0.0
7.3 2.105035751 0.0
7.2 2.109535036 0.0
7.1 2.106688107 0.0
7 2.106609424 0.0
6.9 2.106294689 0.0
6.8 2.105035751 0.0
6.7 2.106294689 0.0
6.6 2.109436681 0.0
6.5 2.105035751 0.0
6.4 2.106294689 0.0
6.3 2.108183096 0.0
6.2 2.106294689 0.0
6.1 2.105035751 0.0
6 2.107945707 0.0
5.9 2.106604071 0.0
5.5 2.106294689 0.0
5.6 2.108286285 0.0
5.7 2.106707444 0.0
5.8 2.106686769 0.0
2.5 -2.106294689 0.0
2.6 -2.105035751 0.0
2.7 -2.108260441 0.0
2.8 -2.107863009 0.0
3 -2.106294689 0.0
2.9 -2.105035751 0.0
3.2 -2.109830099 0.0
3.1 -2.106609424 0.0
3.3 -2.106294689 0.0
3.4 -2.105035751 0.0
3.5 -2.107868362 0.0
3.6 -2.106294689 0.0
3.7 -2.105035751 0.0
3.8 -2.106294689 0.0
3.9 -2.106609424 0.0
4 -2.108339125 0.0
4.1 -2.106604071 0.0
4.3 -2.108281116 0.0
4.2 -2.106686769 0.0
4.4 -2.106294689 0.0
4.5 -2.105035751 0.0
4.6 -2.106294689 0.0
4.7 -2.109436681 0.0
4.8 -2.105035751 0.0
4.9 -2.106294689 0.0
5 -2.106609424 0.0
5.2 -2.107966716 0.0
5.1 -2.106688107 0.0
5.3 -2.105035751 0.0
5.4 -2.106294689 0.0
5.5 -2.107868362 0.0
5.6 -2.105035751 0.0
5.7 -2.106294689 0.0
5.8 -2.108177743 0.0
5.9 -2.108339125 0.0
6 -2.105035751 0.0
6.1 -2.108260441 0.0
6.2 -2.107863009 0.0
6.3 -2.105035751 0.0
6.4 -2.106294689 0.0
6.5 -2.106609424 0.0
6.6 -2.108256427 0.0
6.7 -2.10867353 0.0
6.8 -2.106294689 0.0
6.9 -2.105035751 0.0
6.9 -2.220143006 0.0
3.7 2.107868362 0.0
4.3 2.105035751 0.0
4.4 2.109436681 0.0
4.5 2.106294689 0.0
5.4 2.105035751 0.0
3 2.107868362 0.0
2.4 2.109436681 0.0
2.299693512 2.110799792 0.0
3.3 2.10826178 0.0
3.4 2.106609424 0.0
3.8 2.106294689 0.0
3.899693512 2.110399925 0.0
4 2.109515365 0.0
4.8 2.108177743 0.0
4.9 2.107080187 0.0
5 2.10847749 0.0
5.1 2.106686769 0.0
2.4 1.099681225 0.0
2.4 1.000358622 0.0
2.8 -0.800278928 0.0
2.7 -0.800278928 0.0
2.6 -0.800278928 0.0
2.5 -0.9003187749 0.0
2.5 -0.9996413783 0.0
2.5 -1.099681225 0.0
7 -1.199721072 0.0
7.1 -1.199721072 0.0
7.8 1.000358622 0.0
7.8 0.9003187749 0.0
7.5 -0.9003187749 0.0
7.5 -1.000358622 0.0
2.4 1.199721072 0.0
7.8 0.800278928 0.0
7.8 1.099681225 0.0
7.8 1.199721072 0.0
2.4 0.9003187749 0.0
2.4 0.800278928 0.0
7.5 -0.800278928 0.0
7.3 -1.199721072 0.0
7.2 -1.199721072 0.0
7 -1.299760919 0.0
2.4 1.299760919 0.0
2.8 -0.7002390812 0.0
2.4 -1.199721072 0.0
2.4 -1.299760919 0.0
2.4 0.7002390812 0.0
2.6 0.6001992343 0.0
2.5 0.6001992343 0.0
7.4 -1.199721072 0.0
7.5 -1.099681225 0.0
7 -1.399800766 0.0
2.8 -0.6001992343 0.0
7.6 -0.800278928 0.0
7.8 -0.7002390812 0.0
7.8 -0.6001992343 0.0
7.7 -0.800278928 0.0
2.4 -1.399800766 0.0
7.9 1.299760919 0.0
7.9 1.399800766 0.0
7.8 0.7002390812 0.0
7.8 0.6001992343 0.0
2.2 1.499840613 0.0
2.2 1.399800766 0.0
2.3 1.299760919 0.0
7.9 1.499840613 0.0
2.8 -0.5001593874 0.0
2.4 -1.499840613 0.0
7.8 -0.5001593874 0.0
2.6 0.5001593874 0.0
7 -1.499840613 0.0
2.8 -0.4001195406 0.0
7.8 -0.4001195406 0.0
7.8 0.5001593874 0.0
7 -1.599880459 0.0
2.4 -1.599880459 0.0
7.8 0.4001195406 0.0
7.9 1.599880459 0.0
7.8 0.3000796937 0.0
7 -1.699920306 0.0
2.4 -1.699920306 0.0
2.8 -0.3000796937 0.0
7.8 -0.3000796937 0.0
7.9 1.699920306 0.0
2.6 0.4001195406 0.0
2.2 1.599880459 0.0
2.8 -0.2000398469 0.0
2.2 1.699920306 0.0
7.8 -0.2000398469 0.0
7.9 1.799960153 0.0
2.4 -1.799960153 0.0
7 -1.799960153 0.0
2.6 0.2000398469 0.0
2.6 0.3000796937 0.0
7.8 0.2000398469 0.0
7.8 -0.1 0.0
2.6 0.1 0.0
7 -1.9 0.0
2.2 1.9 0.0
2.2 1.799960153 0.0
2.4 -1.9 0.0
7.9 1.9 0.0
7.8 0 0.0
2.4 -2 0.0
7.8 0.1 0.0
7.9 2 0.0
2.7 -0.1 0.0
2.6 0 0.0
2.2 2 0.0
7 -2 0.0
2.286635488 -3.658724641 0.0
2.371262923 -3.256257268 0.0
6.909410917 -2.334540026 0.0
6.997772294 -2.50718516 0.0
2.401381313 -2.331554056 0.0
2.327101744 -2.50253768 0.0
7.9 2.365379124 0.0
7.9 2.5414457 0.0
5.306084044 -5.443092614 0.0
4.661371126 -5.389491151 0.0
3.015507106 -5.346543639 0.0
3.579208275 -5.252247226 0.0
4.158728789 -5.268270043 0.0
5.934475045 -5.422239636 0.0
6.516180292 -5.368603667 0.0
6.982399229 -5.257026738 0.0
7.44835136 -4.708728712 0.0
7.394590479 -4.169215452 0.0
2.3 -5.359266171 0.0
2.27909154 -4.060963632 0.0
7.711306029 4.095440831 0.0
7.283778771 4.074807445 0.0
7.88356327 3.281905299 0.0
2.865519458 4.092561694 0.0
3.220723992 4.178410008 0.0
7.381965878 -3.68528325 0.0
6.508860266 4.058593977 0.0
6.102829695 4.073410562 0.0
5.749948339 4.165766575 0.0
5.300340724 4.172936857 0.0
1.997770408 3.269530246 0.0
2.436641009 4.0935156 0.0
2 4.149073758 0.0
3.617532402 4.174911306 0.0
4.011341345 4.176106323 0.0
4.436859744 4.175990637 0.0
4.863608063 4.165949818 0.0
6.889013543 4.113896477 0.0
7.889727041 3.024874262 0.0
7.031802178 -3.263829077 0.0
2.339963126 -2.760135052 0.0
2.350886459 -3.014987631 0.0
7.011777388 -3.010652475 0.0
7 -2.754072829 0.0
7.893635107 2.769245624 0.0
2.001494241 2.764309341 0.0
2 3.011368953 0.0
2.002673247 2.515307231 0.0
2.185572405 2.341030403 0.0
7.9 2.226416284 0.0
2.196086613 2.223733974 0.0
2.4 -2.220143006 0.0
7.9 2.108177743 0.0
2.4 -2.108575176 0.0
7 -2.220143006 0.0
7 -2.106294689 0.0
2.2 2.107972842 0.0
</DataArray></Points>
<Cells>
<DataArray type="Int32" Name="connectivity" format="ascii">
0 1 2 3 
4 5 6 7 
8 0 3 5 
4 7 9 10 
11 12 10 13 
14 11 13 15 
16 14 15 17 
18 16 17 19 
20 21 22 23 
23 22 24 25 
26 27 25 28 
29 26 28 30 
31 29 30 32 
33 34 35 36 
37 31 32 34 
33 36 38 39 
40 41 42 43 
43 44 45 46 
46 45 47 48 
48 47 49 50 
48 51 52 46 
53 54 50 55 
56 53 55 57 
58 56 57 59 
59 60 61 62 
62 61 63 64 
62 65 58 59 
64 66 65 62 
67 68 66 64 
67 69 70 71 
71 70 72 73 
71 74 68 67 
73 72 75 76 
77 74 71 73 
76 75 78 79 
79 78 80 81 
81 82 83 79 
84 85 82 81 
86 87 85 84 
86 88 89 90 
90 89 91 92 
93 87 86 90 
94 95 92 96 
96 97 98 99 
99 98 100 101 
102 94 96 99 
101 103 102 99 
104 105 39 106 
107 108 109 110 
111 104 106 107 
112 113 114 115 
115 114 116 117 
118 119 120 121 
122 119 118 123 
124 122 123 125 
126 124 125 127 
127 128 129 130 
130 129 131 132 
133 134 135 136 
137 136 135 138 
139 140 133 136 
141 137 138 142 
143 144 145 146 
147 148 132 149 
150 147 149 151 
152 150 151 153 
154 152 153 155 
156 154 155 157 
157 158 159 160 
160 159 161 162 
163 164 162 165 
166 167 168 169 
170 171 172 173 
174 175 169 171 
176 177 178 179 
180 179 178 181 
179 182 183 176 
180 181 184 185 
185 184 186 187 
187 186 188 189 
190 189 188 191 
192 190 191 193 
102 194 195 94 
94 195 196 95 
95 196 197 93 
91 97 96 92 
85 87 198 199 
200 88 86 84 
80 200 84 81 
82 201 202 83 
77 203 204 205 
77 205 206 74 
74 206 207 68 
63 69 67 64 
65 208 209 58 
210 60 59 57 
54 53 211 212 
210 57 55 213 
54 212 214 51 
49 213 55 50 
41 215 216 217 
218 44 43 42 
219 218 42 220 
221 222 223 224 
220 225 226 219 
221 224 227 134 
225 228 229 226 
133 140 229 228 
138 135 230 231 
142 138 231 232 
233 139 136 137 
142 232 234 235 
236 233 137 141 
237 236 141 238 
239 240 237 238 
241 242 243 244 
245 246 240 239 
245 247 248 246 
249 250 251 252 
253 254 248 247 
252 251 255 256 
257 254 253 258 
256 255 259 260 
261 260 259 262 
263 264 257 258 
263 265 266 264 
265 267 268 266 
269 270 271 272 
272 271 273 274 
275 268 267 276 
277 278 275 276 
279 280 278 277 
281 282 283 284 
285 286 280 279 
285 287 288 286 
289 288 287 143 
143 146 290 289 
291 292 290 146 
293 292 291 294 
295 293 294 296 
0 297 298 1 
299 300 301 8 
12 302 300 299 
303 302 12 11 
304 305 14 16 
306 18 19 20 
306 307 308 18 
309 307 306 310 
311 111 107 110 
109 113 112 110 
312 313 314 311 
120 315 117 121 
316 118 121 317 
120 318 319 315 
320 318 120 119 
122 321 320 119 
322 321 122 124 
323 324 147 150 
325 326 152 154 
156 327 325 154 
328 163 165 166 
329 91 89 330 
198 87 93 197 
331 200 80 332 
333 334 175 174 
335 174 171 170 
6 336 337 338 
0 8 301 297 
10 12 299 4 
9 339 13 10 
339 9 340 341 
11 14 305 303 
342 343 344 345 
345 346 19 17 
346 345 344 347 
16 18 308 304 
23 310 306 20 
25 27 310 23 
24 22 348 349 
24 349 350 351 
27 352 309 310 
351 350 353 354 
27 26 355 352 
354 353 356 357 
26 29 358 355 
35 357 356 359 
29 31 360 358 
31 37 361 360 
39 105 362 33 
36 363 364 38 
38 365 106 39 
365 38 364 366 
108 365 366 367 
105 104 368 369 
108 367 370 109 
104 111 371 368 
111 311 314 371 
115 372 312 112 
117 315 372 115 
114 373 374 116 
116 317 121 117 
375 376 377 378 
124 126 379 322 
132 148 380 130 
129 381 382 131 
383 149 132 131 
384 383 385 386 
147 324 387 148 
150 152 326 323 
388 389 390 391 
391 158 157 155 
160 392 156 157 
159 158 393 394 
162 164 392 160 
164 395 396 392 
397 398 399 167 
164 163 400 395 
167 399 401 168 
163 328 402 400 
168 172 171 169 
172 168 401 403 
404 173 405 406 
407 408 335 170 
404 406 409 410 
411 412 408 407 
176 183 412 411 
413 182 179 180 
184 414 415 186 
416 413 180 185 
417 416 185 187 
418 417 187 189 
193 191 419 420 
421 418 189 190 
422 421 190 192 
76 79 83 203 
72 423 424 75 
423 72 70 425 
426 425 70 69 
426 69 63 427 
208 65 66 428 
429 430 60 210 
213 431 429 210 
432 52 51 214 
433 434 49 47 
43 46 52 40 
435 436 44 218 
219 437 435 218 
219 226 438 437 
438 226 229 439 
230 135 134 227 
140 440 439 229 
441 440 140 139 
442 443 233 236 
236 237 444 442 
234 242 241 235 
241 244 245 239 
240 445 444 237 
248 446 447 246 
446 248 254 448 
449 264 266 450 
269 272 276 267 
451 450 266 268 
275 278 452 453 
273 282 281 274 
281 284 285 279 
280 454 452 278 
455 286 288 456 
457 144 143 287 
458 289 290 459 
292 460 459 290 
335 461 333 174 
461 335 408 462 
463 177 410 409 
412 464 462 408 
463 465 178 177 
466 464 412 183 
467 466 183 182 
468 467 182 413 
416 469 468 413 
469 416 417 470 
417 418 471 470 
421 472 471 418 
473 472 421 422 
209 474 56 58 
474 211 53 56 
50 54 51 48 
41 40 475 215 
41 217 220 42 
44 436 476 45 
432 475 40 52 
222 221 228 225 
228 221 134 133 
397 167 166 165 
175 334 402 328 
243 250 249 244 
253 252 256 258 
477 448 254 257 
264 449 477 257 
260 261 265 263 
244 249 247 245 
238 235 241 239 
141 142 235 238 
217 222 225 220 
430 478 61 60 
49 434 431 213 
428 66 68 207 
76 203 77 73 
424 479 78 75 
202 204 203 83 
479 332 80 78 
88 200 331 480 
199 201 82 85 
92 95 93 90 
103 481 194 102 
336 3 2 482 
337 336 482 483 
4 299 8 5 
340 9 7 484 
336 6 5 3 
295 485 486 293 
346 21 20 19 
348 22 21 487 
354 30 28 351 
24 351 28 25 
347 487 21 346 
35 34 32 357 
354 357 32 30 
33 362 37 34 
291 488 489 294 
146 145 488 291 
108 107 106 365 
105 369 490 362 
362 490 361 37 
443 441 139 233 
458 456 288 289 
284 457 287 285 
277 274 281 279 
283 491 457 284 
261 269 267 265 
270 269 261 262 
276 272 274 277 
247 249 252 253 
173 172 403 405 
411 407 404 410 
411 410 177 176 
319 492 372 315 
493 316 317 494 
376 123 118 316 
493 377 376 316 
376 375 125 123 
128 127 125 375 
381 129 128 495 
130 380 126 127 
374 494 317 116 
385 383 131 382 
380 496 379 126 
383 384 151 149 
293 486 460 292 
338 484 7 6 
341 343 342 339 
339 342 15 13 
345 17 15 342 
161 397 165 162 
169 175 328 166 
407 170 173 404 
112 312 311 110 
373 114 113 497 
181 178 465 498 
191 188 499 419 
188 186 415 499 
181 498 414 184 
384 388 153 151 
387 496 380 148 
390 393 158 391 
394 500 161 159 
501 491 283 502 
283 282 503 502 
503 282 273 504 
504 273 271 505 
270 506 505 271 
262 507 506 270 
508 507 262 259 
297 509 510 298 
511 509 297 301 
300 512 511 301 
302 513 512 300 
513 302 303 514 
514 303 305 515 
305 304 516 515 
304 308 517 516 
307 518 517 308 
519 518 307 309 
519 309 352 520 
355 358 521 522 
521 358 360 523 
361 524 523 360 
361 490 525 524 
490 369 526 525 
526 369 368 527 
368 371 528 527 
528 371 314 529 
529 314 313 530 
313 492 531 530 
492 319 532 531 
318 533 532 319 
534 533 318 320 
321 535 534 320 
321 322 536 535 
537 379 496 538 
539 538 496 387 
539 387 324 540 
541 323 326 542 
543 542 326 325 
543 325 327 544 
545 546 396 395 
547 545 395 400 
548 329 330 549 
330 480 550 549 
480 331 551 550 
551 331 332 552 
332 479 553 552 
424 423 554 555 
425 556 554 423 
425 426 557 556 
558 427 478 559 
559 478 430 560 
430 429 561 560 
562 431 434 563 
434 433 564 563 
564 433 476 565 
565 476 436 566 
567 566 436 435 
437 568 567 435 
437 438 569 568 
439 570 569 438 
570 439 440 571 
572 571 440 441 
573 572 441 443 
443 442 574 573 
575 547 400 402 
334 576 575 402 
334 333 577 576 
333 461 578 577 
579 508 259 255 
251 580 579 255 
581 580 251 250 
582 581 250 243 
583 582 243 242 
584 583 242 234 
584 234 232 585 
586 585 232 231 
587 586 231 230 
230 227 588 587 
227 224 589 588 
589 224 223 590 
216 591 590 223 
215 592 591 216 
215 475 593 592 
594 432 214 595 
596 595 214 212 
212 211 597 596 
211 474 598 597 
474 209 599 598 
600 599 209 208 
600 208 428 601 
602 207 206 603 
206 205 604 603 
204 202 605 606 
202 201 607 605 
607 201 199 608 
609 198 197 610 
611 196 195 612 
613 194 481 614 
615 614 481 616 
337 483 617 618 
338 337 618 619 
347 344 620 621 
622 574 442 444 
622 444 445 623 
445 447 624 623 
625 626 446 448 
627 625 448 477 
449 628 627 477 
450 629 628 449 
450 451 630 629 
631 630 451 453 
632 631 453 452 
633 632 452 454 
454 455 634 633 
456 635 634 455 
636 635 456 458 
462 637 578 461 
637 462 464 638 
639 466 467 640 
640 467 468 641 
641 468 469 642 
643 644 470 471 
471 472 645 643 
378 646 647 495 
495 647 648 381 
389 388 384 386 
385 649 650 386 
500 394 651 652 
459 653 636 458 
654 653 459 460 
654 460 486 655 
500 398 397 161 
465 656 657 498 
414 658 659 415 
472 473 660 645 
426 427 558 557 
61 478 427 63 
45 476 433 47 
286 455 454 280 
294 489 661 296 
470 644 642 469 
475 432 594 593 
428 207 602 601 
88 480 330 89 
199 198 609 608 
197 196 611 610 
195 194 613 612 
352 355 522 520 
363 36 35 359 
370 497 113 109 
662 340 484 663 
372 492 313 312 
662 664 341 340 
664 665 343 341 
620 344 343 665 
495 128 375 378 
322 379 537 536 
666 667 359 356 
668 363 359 667 
669 364 363 668 
669 670 366 364 
670 671 367 366 
672 370 367 671 
672 673 497 370 
673 674 373 497 
675 374 373 674 
675 676 494 374 
676 677 493 494 
678 377 493 677 
678 646 378 377 
679 382 381 648 
324 323 541 540 
391 155 153 388 
680 389 386 650 
681 390 389 680 
681 682 393 390 
651 394 393 682 
683 684 406 405 
684 685 409 406 
686 463 409 685 
656 465 463 686 
479 424 555 553 
509 511 687 688 
687 511 512 689 
689 512 513 690 
691 690 513 514 
514 515 692 691 
693 692 515 516 
516 517 694 693 
695 518 519 696 
520 697 696 519 
697 520 522 698 
698 522 521 699 
699 521 523 700 
525 701 702 524 
526 703 701 525 
527 704 703 526 
705 704 527 528 
529 706 705 528 
530 707 706 529 
530 531 708 707 
532 533 709 710 
533 534 711 709 
535 712 711 534 
535 536 713 712 
714 713 536 537 
538 715 714 537 
538 539 716 715 
540 541 717 718 
717 541 542 719 
542 543 720 719 
721 722 501 502 
502 503 723 721 
503 504 724 723 
724 504 505 725 
505 506 726 725 
726 506 507 727 
507 508 728 727 
728 508 579 729 
544 730 720 543 
544 546 731 730 
731 546 545 732 
547 733 732 545 
549 734 735 548 
550 736 734 549 
737 736 550 551 
737 551 552 738 
738 552 553 739 
553 555 740 739 
741 554 556 742 
556 557 743 742 
743 557 558 744 
559 745 744 558 
745 559 560 746 
747 561 562 748 
748 562 563 749 
750 749 563 564 
750 564 565 751 
752 751 565 566 
753 752 566 567 
753 567 568 754 
755 754 568 569 
570 756 755 569 
757 756 570 571 
571 572 758 757 
573 574 759 760 
574 622 761 759 
729 579 580 762 
580 581 763 762 
763 581 582 764 
765 764 582 583 
583 584 766 765 
585 767 766 584 
586 768 767 585 
586 587 769 768 
770 588 589 771 
772 773 590 591 
592 774 772 591 
593 775 774 592 
776 733 547 575 
576 777 776 575 
778 777 576 577 
779 778 577 578 
761 622 623 780 
624 626 781 782 
781 626 625 783 
783 625 627 784 
784 627 628 785 
785 628 629 786 
629 630 787 786 
788 787 630 631 
631 632 789 788 
632 633 790 789 
791 790 633 634 
791 634 635 792 
635 636 793 792 
793 636 653 794 
795 794 653 654 
795 654 655 796 
486 485 797 655 
798 799 800 797 
799 798 801 802 
803 804 802 801 
805 779 578 637 
806 805 637 638 
638 639 807 806 
808 807 639 640 
640 641 809 808 
641 642 810 809 
810 642 644 811 
644 643 812 811 
643 645 813 812 
594 814 775 593 
595 815 814 594 
815 595 596 816 
817 816 596 597 
597 598 818 817 
819 818 598 599 
819 599 600 820 
601 821 820 600 
821 601 602 822 
603 823 822 602 
603 604 824 823 
825 824 604 606 
606 605 826 825 
826 605 607 827 
828 829 608 609 
610 830 828 609 
611 831 830 610 
832 831 611 612 
833 832 612 613 
833 613 614 834 
614 615 835 834 
619 663 484 338 
665 836 837 620 
621 838 487 347 
839 348 487 838 
839 840 349 348 
841 353 350 842 
667 843 844 668 
673 672 845 846 
646 678 847 848 
649 385 382 679 
849 813 645 660 
850 851 849 660 
652 651 852 853 
854 652 853 855 
854 856 399 398 
857 401 399 856 
857 858 403 401 
858 683 405 403 
656 686 859 860 
657 658 414 498 
861 862 419 499 
862 861 863 864 
862 865 420 419 
865 862 864 866 
555 554 741 740 
429 431 562 561 
572 573 760 758 
587 588 770 769 
589 590 773 771 
607 608 829 827 
867 681 680 868 
867 869 682 681 
852 651 682 869 
870 857 856 871 
870 872 858 857 
510 509 688 873 
626 624 447 446 
246 447 445 240 
453 451 268 275 
517 518 695 694 
531 532 710 708 
837 874 621 620 
874 875 838 621 
876 839 838 875 
877 878 842 840 
350 349 840 842 
879 841 842 878 
876 877 840 839 
666 356 353 841 
845 672 671 880 
881 675 674 882 
883 884 648 647 
885 679 648 884 
886 649 679 885 
886 887 650 649 
888 889 721 723 
888 723 724 890 
725 891 890 724 
725 726 892 891 
727 728 893 894 
895 896 897 898 
873 899 897 896 
899 873 688 900 
689 901 902 687 
690 903 901 689 
904 903 690 691 
904 691 692 905 
906 907 693 694 
906 694 695 908 
695 696 909 908 
909 696 697 910 
911 698 699 912 
913 912 699 700 
914 913 700 702 
701 915 914 702 
703 916 915 701 
917 916 703 704 
918 917 704 705 
706 919 918 705 
919 706 707 920 
921 708 710 922 
923 709 711 924 
712 925 924 711 
712 713 926 925 
927 928 663 619 
929 662 663 928 
929 930 664 662 
930 836 665 664 
875 874 931 932 
876 933 934 877 
878 935 936 879 
937 666 841 879 
937 938 939 843 
940 669 668 844 
844 941 942 940 
940 943 670 669 
880 671 670 943 
880 944 945 845 
881 946 676 675 
946 947 677 676 
947 847 678 677 
883 647 646 848 
884 948 949 885 
887 868 680 650 
714 950 926 713 
714 715 951 950 
715 716 952 951 
716 718 953 952 
954 717 719 955 
719 720 956 955 
956 720 730 957 
958 957 730 731 
732 959 958 731 
960 959 732 733 
776 961 960 733 
777 962 961 776 
777 778 963 962 
964 963 778 779 
964 779 805 965 
966 965 805 806 
806 807 967 966 
809 810 968 969 
811 970 968 810 
811 812 971 970 
813 849 972 973 
851 974 972 849 
734 975 976 735 
736 977 975 734 
736 737 978 977 
738 979 978 737 
739 980 979 738 
739 740 981 980 
740 741 982 981 
742 983 982 741 
984 983 742 743 
744 985 984 743 
745 986 985 744 
745 746 987 986 
560 561 747 746 
748 988 989 747 
749 990 988 748 
991 990 749 750 
751 992 991 750 
751 752 993 992 
994 993 752 753 
994 753 754 995 
754 755 996 995 
996 755 756 997 
756 757 998 997 
999 998 757 758 
999 758 760 1000 
1001 1000 760 759 
759 761 1002 1001 
762 1003 1004 729 
762 763 1005 1003 
1005 763 764 1006 
1006 764 765 1007 
1008 766 767 1009 
1009 767 768 1010 
769 1011 1010 768 
770 1012 1011 769 
771 1013 1012 770 
771 773 1014 1013 
1015 1014 773 772 
1015 772 774 1016 
774 775 1017 1016 
1017 775 814 1018 
815 1019 1018 814 
1019 815 816 1020 
816 817 1021 1020 
817 818 1022 1021 
818 819 1023 1022 
820 1024 1023 819 
820 821 1025 1024 
1026 1025 821 822 
823 1027 1026 822 
823 824 1028 1027 
824 825 1029 1028 
1029 825 826 1030 
827 1031 1030 826 
829 1032 1031 827 
829 828 1033 1032 
828 830 1034 1033 
830 831 1035 1034 
1035 831 832 1036 
834 1037 1038 833 
1039 1037 834 835 
853 852 1040 1041 
871 856 854 855 
872 1042 683 858 
1042 1043 684 683 
1043 1044 685 684 
859 686 685 1044 
1044 1045 1046 859 
1047 1048 658 657 
1048 1049 659 658 
863 861 659 1049 
1002 761 780 1050 
780 782 1051 1050 
781 783 1052 1053 
783 784 1054 1052 
1054 784 785 1055 
1055 785 786 1056 
1057 1056 786 787 
787 788 1058 1057 
789 1059 1058 788 
1059 789 790 1060 
790 791 1061 1060 
1061 791 792 1062 
1062 792 793 1063 
794 1064 1063 793 
794 795 1065 1064 
795 796 1066 1065 
796 800 1067 1066 
1067 800 799 1068 
1068 799 802 1069 
804 1070 1069 802 
692 693 907 905 
1071 928 927 1072 
1073 929 928 1071 
1073 1074 930 929 
222 217 216 223 
1074 1075 836 930 
1076 931 874 837 
935 878 877 934 
936 938 937 879 
942 1077 943 940 
944 880 943 1077 
1078 1079 947 946 
846 882 674 673 
1079 1080 847 947 
1081 1082 887 886 
1082 1083 868 887 
623 624 782 780 
1084 1085 872 870 
1085 1086 1042 872 
1087 1043 1042 1086 
1087 1045 1044 1043 
1088 1089 1048 1047 
1089 1090 1049 1048 
860 1047 657 656 
1091 1088 1047 860 
1092 863 1049 1090 
797 800 796 655 
889 1093 722 721 
765 766 1008 1007 
833 1038 1036 832 
327 396 546 544 
539 540 718 716 
524 702 700 523 
1094 976 975 1095 
977 1096 1095 975 
977 978 1097 1096 
1097 978 979 1098 
1098 979 980 1099 
1100 981 982 1101 
1101 982 983 1102 
983 984 1103 1102 
984 985 1104 1103 
986 1105 1104 985 
1105 986 987 1106 
987 989 1107 1106 
989 988 1108 1107 
1108 988 990 1109 
1110 1109 990 991 
992 1111 1110 991 
993 1112 1111 992 
993 994 1113 1112 
1114 995 996 1115 
1115 996 997 1116 
1116 997 998 1117 
998 999 1118 1117 
1118 999 1000 1119 
1120 1121 1001 1002 
1120 1002 1050 1122 
1123 1122 1050 1051 
1051 1053 1124 1123 
1124 1053 1052 1125 
1126 1054 1055 1127 
1055 1056 1128 1127 
1056 1057 1129 1128 
1057 1058 1130 1129 
1130 1058 1059 1131 
1132 1131 1059 1060 
1133 1132 1060 1061 
1133 1061 1062 1134 
1135 1134 1062 1063 
1136 1135 1063 1064 
1136 1064 1065 1137 
1138 1066 1067 1139 
1068 1140 1139 1067 
1069 1141 1140 1068 
1141 1069 1070 1142 
972 1143 1144 973 
812 813 973 971 
971 973 1144 1145 
970 971 1145 1146 
968 1147 1148 969 
808 809 969 1149 
1149 967 807 808 
967 1150 1151 966 
959 1152 1153 958 
957 958 1153 1154 
957 1154 1155 956 
955 956 1155 1156 
718 717 954 953 
954 1157 1158 953 
926 950 1159 1160 
925 1161 1162 924 
924 1162 1163 923 
710 709 923 922 
707 708 921 920 
919 1164 1165 918 
917 1166 1167 916 
697 698 911 910 
903 904 1168 1169 
901 903 1169 1170 
688 687 902 900 
900 902 1171 1172 
899 1173 1174 897 
1074 1175 1176 1075 
1076 837 836 1075 
1076 1177 1178 931 
933 876 875 932 
934 1179 1180 935 
939 941 844 843 
941 1181 1182 942 
1183 1184 882 846 
1185 881 882 1184 
1079 1186 1187 1080 
1080 1188 848 847 
1188 1080 1187 1189 
1190 883 848 1188 
1188 1189 1191 1190 
1190 948 884 883 
1083 1192 867 868 
1193 869 867 1192 
1041 1194 855 853 
1195 871 855 1194 
1195 1196 1197 1084 
1084 870 871 1195 
1046 1045 1198 1199 
1046 1091 860 859 
1091 1046 1199 1200 
1088 1201 1202 1089 
1092 1203 864 863 
1203 1204 866 864 
1205 1093 889 1206 
1206 889 888 1207 
1207 888 890 1208 
1209 891 892 1210 
726 727 894 892 
1004 1211 1212 893 
1003 1213 1211 1004 
1214 1213 1003 1005 
1006 1215 1214 1005 
1215 1006 1007 1216 
1217 1218 1008 1009 
1217 1009 1010 1219 
1010 1011 1220 1219 
1220 1011 1012 1221 
1221 1012 1013 1222 
1014 1015 1223 1224 
1223 1015 1016 1225 
1016 1017 1226 1225 
1227 1226 1017 1018 
1019 1228 1227 1018 
1020 1229 1228 1019 
1020 1021 1230 1229 
1022 1231 1230 1021 
1232 1231 1022 1023 
1232 1023 1024 1233 
1234 1233 1024 1025 
1025 1026 1235 1234 
1235 1026 1027 1236 
1029 1237 1238 1028 
1030 1239 1237 1029 
1239 1030 1031 1240 
1032 1241 1240 1031 
1032 1033 1242 1241 
1034 1243 1242 1033 
1243 1034 1035 1244 
1244 1035 1036 1245 
1036 1038 1246 1245 
1246 1038 1037 1247 
1037 1039 1248 1247 
1013 1014 1224 1222 
1027 1028 1238 1236 
1249 933 932 1250 
1178 1250 932 931 
1251 938 936 1252 
1251 1253 939 938 
1253 1181 941 939 
1254 1255 1078 1185 
1255 1186 1079 1078 
1185 1078 946 881 
1256 949 948 1257 
1081 886 885 949 
1258 1259 1083 1082 
1259 1260 1192 1083 
1260 1261 1193 1192 
1262 1258 1082 1081 
1263 1040 1193 1261 
869 1193 1040 852 
980 981 1100 1099 
1264 1041 1040 1263 
1265 1196 1195 1194 
989 987 746 747 
994 995 1114 1113 
1266 1086 1085 1267 
1266 1268 1087 1086 
1268 1198 1045 1087 
1121 1119 1000 1001 
1200 1201 1088 1091 
782 781 1053 1051 
1269 1092 1090 1270 
1269 1271 1203 1092 
1272 1204 1203 1271 
1052 1054 1126 1125 
1157 954 955 1156 
1273 965 966 1151 
464 466 639 638 
1274 1150 967 1149 
1147 968 970 1146 
890 891 1209 1208 
1143 972 974 1275 
1159 950 951 1276 
1163 1277 922 923 
1277 1278 921 922 
1278 1279 920 921 
1280 911 912 1281 
1280 1282 910 911 
1282 1283 909 910 
1283 1284 908 909 
1284 1285 906 908 
1286 1073 1071 1287 
1287 1288 1289 1286 
1286 1175 1074 1073 
1175 1286 1289 1290 
1177 1076 1075 1176 
1176 1291 1292 1177 
1249 1293 1294 1179 
1180 1179 1294 1295 
1252 936 935 1180 
1252 1296 1297 1251 
1253 1298 1299 1181 
1182 1300 1077 942 
1301 945 944 1302 
1303 1304 1184 1183 
1304 1305 1306 1254 
1304 1254 1185 1184 
1257 948 1190 1191 
1262 1081 949 1256 
1259 1307 1308 1260 
1261 1260 1308 1309 
1264 1263 1310 1311 
1265 1194 1041 1264 
1265 1312 1313 1196 
1267 1085 1084 1197 
1200 1199 1314 1315 
1201 1200 1315 1316 
1202 1270 1090 1089 
1271 1317 1318 1272 
1159 1276 1319 1320 
1321 1276 951 952 
1322 1319 1276 1321 
1323 1322 1321 1158 
1158 1157 1324 1323 
1156 1325 1324 1157 
1326 1325 1156 1155 
1326 1155 1154 1327 
1328 1205 1206 1329 
1207 1330 1329 1206 
1207 1208 1331 1330 
1209 1332 1331 1208 
1332 1209 1210 1333 
1334 1335 1333 1210 
1336 1335 1334 1212 
1160 1161 925 926 
1161 1160 1337 1338 
1162 1339 1340 1163 
1279 1278 1341 1342 
1164 919 920 1279 
1279 1342 1343 1164 
1166 1344 1345 1167 
1167 1346 915 916 
1346 1347 914 915 
1281 912 913 1348 
1281 1349 1350 1280 
1285 1284 1351 1352 
1285 1353 907 906 
1353 1285 1352 1354 
1353 1355 905 907 
1355 1353 1354 1356 
1168 904 905 1355 
1170 1171 902 901 
1172 1357 1358 1173 
1211 1359 1336 1212 
1359 1211 1213 1360 
1360 1213 1214 1361 
1361 1214 1215 1362 
1218 1363 1364 1216 
1363 1218 1217 1365 
1219 1366 1365 1217 
1367 1366 1219 1220 
1221 1368 1367 1220 
1368 1221 1222 1369 
1224 1370 1369 1222 
1371 1370 1224 1223 
1372 1371 1223 1225 
1373 1372 1225 1226 
1373 1226 1227 1374 
1374 1227 1228 1375 
1376 1229 1230 1377 
1378 1379 1231 1232 
1378 1232 1233 1380 
1380 1233 1234 1381 
1234 1235 1382 1381 
1383 1384 1236 1238 
1383 1238 1237 1385 
1385 1237 1239 1386 
1387 1240 1241 1388 
1389 1242 1243 1390 
1243 1244 1391 1390 
1392 1391 1244 1245 
1246 1393 1392 1245 
1247 1394 1393 1246 
1395 1394 1247 1248 
1396 1327 1154 1153 
1396 1153 1152 1397 
1398 1397 1152 1399 
1095 1400 1401 1094 
1096 1402 1400 1095 
1096 1097 1403 1402 
1099 1404 1405 1098 
1099 1100 1406 1404 
1101 1102 1407 1408 
1409 1407 1102 1103 
1103 1104 1410 1409 
1105 1411 1410 1104 
1105 1106 1412 1411 
1106 1107 1413 1412 
1108 1414 1413 1107 
1415 1414 1108 1109 
1416 1415 1109 1110 
1416 1110 1111 1417 
1111 1112 1418 1417 
1419 1113 1114 1420 
1115 1421 1420 1114 
1115 1116 1422 1421 
1423 1424 1117 1118 
1423 1118 1119 1425 
1426 1425 1119 1121 
1427 1426 1121 1120 
1427 1120 1122 1428 
1122 1123 1429 1428 
1124 1430 1429 1123 
1125 1431 1430 1124 
1432 1431 1125 1126 
1432 1126 1127 1433 
1127 1128 1434 1433 
1128 1129 1435 1434 
1436 1435 1129 1130 
1436 1130 1131 1437 
1437 1131 1132 1438 
1132 1133 1439 1438 
1134 1440 1439 1133 
1441 1440 1134 1135 
1136 1442 1441 1135 
1137 1443 1442 1136 
1443 1137 1138 1444 
1445 1444 1138 1139 
1140 1446 1445 1139 
1447 1446 1140 1141 
1448 1447 1141 1142 
1449 1450 1398 1399 
1450 1449 1451 1452 
1453 1452 1451 1454 
1455 1456 1453 1454 
1456 1455 1273 1457 
1151 1458 1457 1273 
1459 1458 1151 1150 
1150 1274 1460 1459 
1148 1461 1460 1274 
1148 1147 1462 1461 
1462 1147 1146 1463 
1464 1463 1146 1145 
1144 1465 1464 1145 
1144 1143 1466 1465 
1275 1467 1466 1143 
1112 1113 1419 1418 
1468 1165 1164 1343 
1469 1346 1167 1345 
1470 1347 1346 1469 
1287 1071 1072 1471 
1470 1472 1348 1347 
913 914 1347 1348 
1349 1281 1348 1472 
1473 1474 1250 1178 
1475 1351 1284 1283 
1476 1168 1355 1356 
1477 1478 1171 1170 
1179 934 933 1249 
1174 1479 898 897 
1480 1481 1300 1182 
1482 1302 1300 1481 
1480 1182 1181 1299 
1077 1300 1302 944 
1483 1301 1302 1482 
1483 1484 1303 1301 
1183 945 1301 1303 
1484 1305 1304 1303 
1485 1486 1189 1187 
1487 1191 1189 1486 
1488 1257 1191 1487 
1489 1256 1257 1488 
1490 1262 1256 1489 
1399 960 961 1449 
1454 1451 962 963 
1311 1312 1265 1264 
1491 1492 1267 1197 
1065 1066 1138 1137 
1212 1334 894 893 
1008 1218 1216 1007 
1228 1229 1376 1375 
1239 1240 1387 1386 
1097 1098 1405 1403 
1100 1101 1408 1406 
1289 1493 1494 1290 
1291 1176 1175 1290 
1290 1494 1495 1291 
1292 1496 1497 1473 
1293 1249 1250 1474 
1474 1498 1499 1293 
1294 1500 1501 1295 
1296 1252 1180 1295 
1295 1501 1502 1296 
1297 1503 1504 1298 
1306 1505 1255 1254 
1488 1487 1506 1507 
1490 1508 1258 1262 
1508 1490 1509 1510 
1508 1307 1259 1258 
1508 1510 1511 1307 
1310 1263 1261 1309 
1309 1512 1513 1310 
1514 1266 1267 1492 
1515 1268 1266 1514 
1515 1516 1198 1268 
1516 1517 1518 1314 
1314 1199 1198 1516 
1316 1519 1202 1201 
1519 1520 1270 1202 
1521 1269 1270 1520 
1521 1317 1271 1269 
1522 1329 1330 1523 
1330 1331 1524 1523 
1332 1525 1524 1331 
1332 1333 1526 1525 
1526 1333 1335 1527 
1335 1336 1528 1527 
1324 1529 1530 1323 
1323 1530 1531 1322 
1319 1322 1531 1532 
1319 1532 1533 1320 
1320 1337 1160 1159 
1534 1401 1400 1535 
1402 1403 1536 1537 
1405 1538 1536 1403 
1404 1539 1538 1405 
1540 1539 1404 1406 
1540 1406 1408 1541 
1407 1542 1541 1408 
1407 1409 1543 1542 
1544 1410 1411 1545 
1411 1412 1546 1545 
1412 1413 1547 1546 
1414 1415 1548 1549 
1548 1415 1416 1550 
1417 1551 1550 1416 
1418 1552 1551 1417 
1553 1552 1418 1419 
1553 1419 1420 1554 
1421 1555 1554 1420 
1421 1422 1556 1555 
1424 1557 1556 1422 
1424 1423 1558 1557 
1558 1423 1425 1559 
1425 1426 1560 1559 
1561 1427 1428 1562 
1428 1429 1563 1562 
1429 1430 1564 1563 
1430 1431 1565 1564 
1431 1432 1566 1565 
1432 1433 1567 1566 
1340 1568 1277 1163 
1568 1341 1278 1277 
1342 1569 1570 1343 
1468 1344 1166 1165 
1165 1166 917 918 
1469 1571 1572 1470 
1573 1282 1280 1350 
1475 1283 1282 1573 
1476 1574 1169 1168 
1574 1477 1170 1169 
1477 1575 1576 1478 
1478 1357 1172 1171 
1357 1478 1576 1577 
1358 1578 1579 1580 
1580 1581 1479 1174 
1327 1582 1583 1326 
1327 1396 1584 1582 
1397 1398 1585 1586 
1398 1450 1587 1585 
1452 1453 1588 1589 
1456 1457 1590 1591 
1592 1567 1433 1434 
1593 1592 1434 1435 
1435 1436 1594 1593 
1438 1595 1596 1437 
1597 1595 1438 1439 
1597 1439 1440 1598 
1599 1441 1442 1600 
1443 1601 1600 1442 
1601 1443 1444 1602 
1602 1444 1445 1603 
1603 1445 1446 1604 
1604 1446 1447 1605 
1447 1448 1606 1605 
1457 1458 1607 1590 
1459 1460 1608 1609 
1610 1462 1463 1611 
1612 1611 1463 1464 
1464 1465 1613 1612 
1614 1613 1465 1466 
1615 1614 1466 1467 
1359 1616 1528 1336 
1360 1617 1616 1359 
1360 1361 1618 1617 
1362 1619 1618 1361 
1364 1620 1619 1362 
1364 1363 1621 1620 
1621 1363 1365 1622 
1622 1365 1366 1623 
1366 1367 1624 1623 
1624 1367 1368 1625 
1625 1368 1369 1626 
1627 1370 1371 1628 
1628 1371 1372 1629 
1630 1373 1374 1631 
1375 1376 1632 1633 
1376 1377 1634 1632 
1635 1634 1377 1379 
1636 1635 1379 1378 
1378 1380 1637 1636 
1381 1638 1637 1380 
1381 1382 1639 1638 
1236 1384 1382 1235 
1384 1640 1639 1382 
1640 1384 1383 1641 
1383 1385 1642 1641 
1643 1386 1387 1644 
1644 1387 1388 1645 
1388 1389 1646 1645 
1647 1390 1391 1648 
1392 1393 1649 1650 
1649 1393 1394 1651 
1651 1394 1395 1652 
1400 1402 1537 1535 
1328 1329 1522 1653 
1654 1655 1338 1337 
1533 1654 1337 1320 
1656 1340 1339 1657 
1656 1658 1568 1340 
1658 1659 1341 1568 
1413 1414 1549 1547 
1569 1342 1341 1659 
1660 1661 1344 1468 
1662 1345 1344 1661 
1571 1469 1345 1662 
1663 1664 1573 1350 
1665 1475 1573 1664 
1666 1476 1356 1667 
1666 1668 1574 1476 
1575 1477 1574 1668 
1578 1358 1357 1577 
1173 1358 1580 1174 
1158 1321 952 953 
1116 1117 1424 1422 
1426 1427 1561 1560 
1529 1324 1325 1669 
1436 1437 1596 1594 
1369 1370 1627 1626 
1372 1373 1630 1629 
1583 1669 1325 1326 
1396 1397 1586 1584 
1399 1152 959 960 
1450 1452 1589 1587 
1455 964 965 1273 
963 964 1455 1454 
1458 1459 1609 1607 
1670 1608 1460 1461 
1461 1462 1610 1670 
1231 1379 1377 1230 
1389 1388 1241 1242 
1389 1390 1647 1646 
1391 1392 1650 1648 
1671 1288 1672 1673 
1471 1672 1288 1287 
1493 1289 1288 1671 
1503 1297 1296 1502 
1674 1482 1481 1675 
1676 1483 1482 1674 
1677 1675 1481 1480 
1676 1678 1484 1483 
1679 1305 1484 1678 
1680 1306 1305 1679 
1680 1681 1505 1306 
1681 1682 1683 1505 
1186 1255 1505 1683 
1684 1485 1683 1682 
1685 1486 1485 1684 
1485 1187 1186 1683 
1686 1509 1490 1489 
1687 1308 1307 1511 
1491 1197 1196 1313 
1688 1514 1492 1689 
1688 1690 1515 1514 
1690 1517 1516 1515 
1691 1521 1520 1692 
1691 1693 1317 1521 
1694 1318 1317 1693 
1535 1695 1696 1534 
1535 1537 1697 1695 
1698 1697 1537 1536 
1538 1699 1698 1536 
1538 1539 1700 1699 
1539 1540 1701 1700 
1540 1541 1702 1701 
1542 1703 1702 1541 
1543 1704 1703 1542 
1704 1543 1544 1705 
1545 1706 1705 1544 
1546 1707 1706 1545 
1546 1547 1708 1707 
1708 1547 1549 1709 
1549 1548 1710 1709 
1711 1710 1548 1550 
1711 1550 1551 1712 
1552 1553 1713 1714 
1715 1554 1555 1716 
1717 1556 1557 1718 
1557 1558 1719 1718 
1720 1721 1559 1560 
1722 1720 1560 1561 
1562 1723 1722 1561 
1562 1563 1724 1723 
1725 1564 1565 1726 
1727 1726 1565 1566 
1567 1728 1727 1566 
1728 1567 1592 1729 
1593 1730 1729 1592 
1593 1594 1731 1730 
1732 1731 1594 1596 
1733 1732 1596 1595 
1733 1595 1597 1734 
1734 1597 1598 1735 
1736 1735 1598 1599 
1736 1599 1600 1737 
1601 1738 1737 1600 
1738 1601 1602 1739 
1603 1740 1739 1602 
1603 1604 1741 1740 
1605 1742 1741 1604 
1742 1605 1606 1743 
1671 1673 1744 1745 
1671 1745 1746 1493 
1495 1747 1748 1496 
1497 1498 1474 1473 
1500 1294 1293 1499 
1499 1749 1750 1500 
1502 1751 1752 1503 
1504 1753 1754 1755 
1677 1480 1299 1755 
1681 1680 1756 1757 
1682 1681 1757 1758 
1682 1758 1759 1684 
1684 1759 1760 1685 
1506 1487 1486 1685 
1685 1760 1761 1506 
1686 1489 1488 1507 
1509 1762 1763 1510 
1511 1764 1765 1687 
1687 1512 1309 1308 
1512 1687 1765 1766 
1512 1766 1767 1513 
1768 1513 1767 1769 
1768 1770 1312 1311 
1768 1769 1771 1770 
1770 1772 1313 1312 
1773 1491 1313 1772 
1689 1492 1491 1773 
1518 1774 1315 1314 
1775 1519 1316 1776 
1692 1520 1519 1775 
1693 1691 1777 1778 
1779 1780 1653 1522 
1522 1523 1781 1779 
1782 1781 1523 1524 
1782 1524 1525 1783 
1526 1527 1784 1785 
1527 1528 1786 1784 
1657 1339 1338 1655 
1655 1787 1788 1657 
1660 1789 1790 1661 
1662 1791 1792 1571 
1572 1793 1472 1470 
1794 1663 1350 1349 
1663 1795 1796 1664 
1797 1351 1475 1665 
1797 1798 1352 1351 
1798 1799 1354 1352 
1668 1666 1800 1801 
1579 1802 1803 1804 
1532 1805 1806 1533 
1807 1805 1532 1531 
1807 1531 1530 1808 
1529 1669 1809 1810 
1669 1583 1811 1809 
1616 1812 1786 1528 
1617 1813 1812 1616 
1813 1617 1618 1814 
1620 1621 1815 1816 
1815 1621 1622 1817 
1623 1818 1817 1622 
1819 1818 1623 1624 
1819 1624 1625 1820 
1627 1821 1822 1626 
1821 1627 1628 1823 
1823 1628 1629 1824 
1630 1825 1824 1629 
1825 1630 1631 1826 
1827 1582 1584 1828 
1584 1586 1829 1828 
1830 1829 1586 1585 
1587 1831 1830 1585 
1831 1587 1589 1832 
1833 1588 1591 1834 
1834 1591 1590 1835 
1607 1836 1835 1590 
1836 1607 1609 1837 
1838 1837 1609 1608 
1608 1670 1839 1838 
1840 1839 1670 1610 
1840 1610 1611 1841 
1842 1843 1612 1613 
1842 1613 1614 1844 
1631 1633 1845 1826 
1632 1846 1845 1633 
1846 1632 1634 1847 
1634 1635 1848 1847 
1636 1637 1849 1850 
1849 1637 1638 1851 
1638 1639 1852 1851 
1641 1853 1854 1640 
1642 1855 1853 1641 
1855 1642 1643 1856 
1644 1645 1857 1858 
1857 1645 1646 1859 
1646 1647 1860 1859 
1861 1862 1648 1650 
1649 1863 1861 1650 
1863 1649 1651 1864 
1651 1652 1865 1864 
1551 1552 1714 1712 
1409 1410 1544 1543 
1647 1648 1862 1860 
1806 1866 1654 1533 
1866 1787 1655 1654 
1867 1868 1658 1656 
1867 1656 1657 1788 
1868 1869 1659 1658 
1870 1871 1570 1569 
1789 1660 1570 1871 
1570 1660 1468 1343 
1872 1873 1793 1572 
1873 1874 1794 1793 
1349 1472 1793 1794 
1795 1663 1794 1874 
1875 1876 1797 1665 
1877 1798 1797 1876 
1877 1878 1799 1798 
1599 1598 1440 1441 
1619 1620 1816 1879 
1216 1364 1362 1215 
1625 1626 1822 1820 
1374 1375 1633 1631 
1635 1636 1850 1848 
1611 1612 1843 1841 
1385 1386 1643 1642 
1880 1881 1774 1518 
1881 1882 1776 1774 
1880 1518 1517 1883 
1316 1315 1774 1776 
1882 1884 1775 1776 
1885 1576 1575 1886 
1885 1887 1577 1576 
1888 1578 1577 1887 
1802 1579 1578 1888 
1453 1456 1591 1588 
1889 1883 1517 1690 
1890 1891 1678 1676 
1504 1755 1299 1298 
1892 1893 1675 1677 
1894 1773 1772 1895 
1513 1768 1311 1310 
1752 1753 1504 1503 
1895 1772 1770 1771 
1896 1897 1498 1497 
1747 1495 1494 1898 
1748 1896 1497 1496 
1761 1899 1507 1506 
1900 1686 1507 1899 
1762 1509 1686 1900 
1614 1615 1901 1844 
1812 1902 1903 1786 
1785 1904 1905 1783 
1841 1906 1907 1840 
1838 1908 1909 1837 
1836 1837 1909 1910 
1589 1588 1833 1832 
1832 1833 1911 1912 
1832 1912 1913 1831 
1830 1831 1913 1914 
1829 1915 1916 1828 
1583 1582 1827 1811 
1809 1917 1918 1810 
1530 1529 1810 1808 
1808 1919 1920 1807 
1805 1921 1922 1806 
1806 1922 1923 1866 
1743 1924 1925 1742 
1742 1925 1926 1741 
1736 1737 1927 1928 
1735 1736 1928 1929 
1732 1733 1930 1931 
1731 1732 1931 1932 
1563 1564 1725 1724 
1889 1933 1930 1934 
1882 1935 1936 1884 
1559 1721 1719 1558 
1555 1556 1717 1716 
1553 1554 1715 1713 
1933 1937 1931 1930 
1894 1932 1931 1937 
1932 1894 1895 1938 
1771 1939 1938 1895 
1771 1769 1940 1939 
1941 1767 1766 1942 
1943 1942 1766 1765 
1943 1765 1764 1944 
1763 1945 1944 1764 
1763 1762 1946 1945 
1900 1947 1946 1762 
1900 1899 1948 1947 
1713 1949 1950 1714 
1712 1714 1950 1951 
1711 1712 1951 1952 
1710 1711 1952 1953 
1707 1708 1954 1955 
1697 1956 1957 1695 
1695 1957 1958 1696 
1787 1866 1923 1959 
1869 1960 1961 1870 
1870 1961 1962 1871 
1871 1962 1963 1789 
1872 1964 1965 1873 
1796 1875 1665 1664 
1875 1966 1967 1876 
1876 1967 1968 1877 
1878 1969 1667 1799 
1800 1666 1667 1969 
1814 1970 1971 1813 
1970 1814 1879 1972 
1973 1816 1815 1974 
1974 1815 1817 1975 
1975 1817 1818 1976 
1977 1976 1818 1819 
1820 1978 1977 1819 
1822 1979 1978 1820 
1979 1822 1821 1980 
1823 1981 1980 1821 
1823 1824 1982 1981 
1824 1825 1983 1982 
1983 1825 1826 1984 
1985 1845 1846 1986 
1986 1846 1847 1987 
1848 1988 1987 1847 
1848 1850 1989 1988 
1849 1990 1989 1850 
1990 1849 1851 1991 
1852 1992 1991 1851 
1992 1852 1854 1993 
1853 1994 1993 1854 
1853 1855 1995 1994 
1856 1996 1995 1855 
1856 1858 1997 1996 
1998 1761 1760 1999 
1760 1759 2000 1999 
1757 2001 2002 1758 
1949 2001 1757 1756 
2003 1950 1949 1756 
1891 1951 1950 2003 
1891 1890 1952 1951 
2004 1953 1952 1890 
2005 1953 2004 1893 
1893 1892 1954 2005 
1754 1892 1677 1755 
1753 2006 1955 1754 
2007 2006 1753 1752 
1751 2008 2007 1752 
2008 1751 2009 2010 
2009 1750 2011 2010 
2011 1750 1749 2012 
2012 1749 1897 2013 
1897 1896 2014 2013 
2015 1748 1747 1956 
1898 1957 1956 1747 
1958 1957 1898 1746 
1958 1746 1745 2016 
2017 1997 1858 1857 
1859 2018 2017 1857 
1860 2019 2018 1859 
1862 2020 2019 1860 
2021 2020 1862 1861 
2021 1861 1863 2022 
2023 1864 1865 2024 
1884 2025 1692 1775 
1884 1936 2026 2025 
1777 1691 1692 2025 
1777 2025 2026 1926 
1778 2027 1694 1693 
1783 1905 2028 1782 
1781 2029 2030 1779 
2031 2032 1844 1901 
2033 1834 1835 2034 
2035 2036 1969 1878 
2036 2037 1800 1969 
1890 1676 1674 2004 
1893 2004 1674 1675 
1640 1854 1852 1639 
1678 1891 2003 1679 
1933 1889 1690 1688 
1928 1880 1883 1929 
1928 1927 1881 1880 
1756 1680 1679 2003 
1966 1875 1796 2038 
1938 1939 1729 1730 
1927 1935 1882 1881 
1926 2026 1740 1741 
2026 1936 1739 1740 
1936 1935 1738 1739 
1932 1938 1730 1731 
1894 1937 1689 1773 
1937 1933 1688 1689 
1934 1734 1735 1929 
1934 1930 1733 1734 
2039 1788 1787 1959 
2040 1867 1788 2039 
2040 2041 1868 1867 
2041 1960 1869 1868 
2042 2043 1843 1842 
1906 1841 1843 2043 
2044 1908 1838 1839 
1863 1864 2023 2022 
2045 1811 1827 2046 
2045 1917 1809 1811 
1498 1897 1749 1499 
1501 2009 1751 1502 
2011 1702 1703 2010 
2011 2012 1701 1702 
2012 2013 1700 1701 
2014 1699 1700 2013 
2008 2010 1703 1704 
2032 2042 1842 1844 
1998 1999 1718 1719 
1999 2000 1717 1718 
1799 1667 1356 1354 
2047 1801 1800 2037 
2048 1886 1801 2047 
2049 1885 1886 2048 
1643 1644 1858 1856 
1902 1812 1813 1971 
1914 1915 1829 1830 
2033 1911 1833 1834 
1886 1575 1668 1801 
2049 2050 1887 1885 
1941 1727 1728 1940 
1941 1942 1726 1727 
1769 1767 1941 1940 
1942 1943 1725 1726 
1943 1944 1724 1725 
2051 1888 1887 2050 
2051 2052 1802 1888 
1920 1921 1805 1807 
2046 1827 1828 1916 
1918 1919 1808 1810 
2000 2002 1716 1717 
1949 1713 1715 2001 
2002 2001 1715 1716 
1759 1758 2002 2000 
1958 2016 2053 1696 
1744 2054 2016 1745 
2015 1698 1699 2014 
2015 1956 1697 1698 
1896 1748 2015 2014 
2028 2029 1781 1782 
1525 1526 1785 1783 
1904 1785 1784 2055 
1869 1870 1569 1659 
2056 2057 1791 1790 
1953 2005 1709 1710 
1954 1708 1709 2005 
2007 2008 1704 1705 
1826 1845 1985 1984 
1955 2006 1706 1707 
1754 1955 1954 1892 
2058 2038 1796 1795 
2057 2059 1792 1791 
1964 1872 1792 2059 
1965 2060 1874 1873 
1926 1925 1778 1777 
1947 1948 1721 1720 
1947 1720 1722 1946 
1948 1998 1719 1721 
1944 1945 1723 1724 
1946 1722 1723 1945 
1764 1511 1510 1763 
1925 1924 2027 1778 
2052 2061 1803 1802 
1746 1898 1494 1493 
1927 1737 1738 1935 
1963 2056 1790 1789 
1297 1298 1253 1251 
937 843 667 666 
894 1334 1210 892 
854 398 500 652 
258 256 260 263 
1496 1292 1291 1495 
945 1183 846 845 
1879 1814 1618 1619 
1899 1761 1998 1948 
1292 1473 1178 1177 
1750 2009 1501 1500 
1274 1149 969 1148 
1172 1173 899 900 
205 204 606 604 
728 729 1004 893 
1872 1572 1571 1792 
861 499 415 659 
1579 1804 1581 1580 
396 327 156 392 
1339 1162 1161 1338 
1934 1929 1883 1889 
2030 2062 1780 1779 
1940 1728 1729 1939 
2055 1784 1786 1903 
1879 1816 1973 1972 
2007 1705 1706 2006 
1968 2035 1878 1877 
2060 2058 1795 1874 
1791 1662 1661 1790 
1449 961 962 1451 
2034 1835 1836 1910 
1907 2044 1839 1840 
2063 2064 2065 
2066 2067 2068 
2069 2070 2071 
2072 2073 2074 
2075 2076 2077 
2078 2079 2080 
2081 2082 2083 
2084 2085 2086 
2087 2088 2089 
2090 2091 2092 
2093 2094 2095 
2096 2097 2098 
2099 2074 2073 
2100 2101 2102 
2103 2104 2105 
2106 2107 2108 
2109 2092 2091 
2110 2111 2112 
2113 2114 2115 
2116 2117 2118 
2118 2119 2116 
2120 2070 2069 
2121 2122 2123 
2124 2125 2126 
2127 2128 2129 
2130 2131 2132 
2133 2134 2135 
2136 2137 2138 
2139 2140 2141 
2142 2143 2144 
2145 2146 2147 
2148 2149 2150 
2151 2152 2153 
2154 2155 2156 
2157 2158 2159 
2160 2161 2162 
2163 2164 2165 
2166 2167 2168 
2169 2170 2171 
2172 2173 2174 
2175 2176 2177 
2178 2179 2180 
2181 2182 2183 
2184 2133 2135 
2185 2176 2175 
2186 2169 2171 
2187 2188 2189 
2190 2191 2192 
2193 2194 2195 
2196 2197 2198 
2199 2200 2201 
2202 2132 2131 
2203 2164 2163 
2204 2157 2159 
2205 2206 2207 
2208 2209 2210 
2211 2193 2195 
2212 2213 2214 
2214 2215 2212 
2216 2217 2218 
2218 2217 2219 
2220 2138 2137 
2221 2173 2172 
2191 2222 2192 
2200 2223 2201 
2224 2225 2226 
2227 2146 2145 
2228 2179 2178 
2229 2152 2151 
2196 2198 2230 
2231 2155 2154 
2232 2144 2143 
2233 2234 2235 
2160 2162 2236 
2237 2167 2166 
2238 2233 2235 
2239 2063 2065 2240 
2241 2242 2243 2244 
2242 2245 2246 2243 
2247 2248 2064 2063 
2249 2248 2247 2250 
2250 2251 2252 2249 
2249 2087 2091 2248 
2065 2064 2111 2115 
2065 2115 2116 2240 
2240 2246 2245 2239 
2244 2243 2253 2069 
2254 2255 2241 2244 
2108 2107 2256 2257 
2258 2098 2097 2259 
2081 2116 2119 2082 
2116 2115 2114 2117 
2087 2249 2252 2260 
2091 2111 2064 2248 
2085 2084 2261 2262 
2105 2262 2261 2103 
2103 2102 2101 2104 
2069 2123 2254 2244 
2263 2093 2095 2264 
2094 2096 2098 2095 
2096 2094 2265 2266 
2096 2266 2267 2097 
2259 2079 2078 2258 
2079 2259 2268 2269 
2080 2076 2075 2078 
2270 2075 2077 2271 
2099 2073 2270 2271 
2100 2102 2073 2072 
2262 2272 2273 2085 
2086 2067 2066 2084 
2106 2108 2066 2068 
2067 2274 2275 2068 
2107 2276 2277 2256 
2278 2088 2087 2260 
2109 2091 2087 2089 
2112 2111 2091 2090 
2110 2112 2279 2280 
2110 2113 2115 2111 
2110 2280 2281 2113 
2114 2282 2283 2117 
2246 2240 2116 2081 
2117 2283 2284 2118 
2253 2243 2246 2081 
2083 2285 2253 2081 
2120 2069 2253 2285 
2121 2123 2069 2071 
2286 2276 2107 2106 
2077 2287 2288 2271 
2076 2289 2287 2077 
2080 2290 2289 2076 
2079 2269 2290 2080 
2090 2291 2279 2112 
2292 2293 2294 2295 
2293 2296 2297 2294 
2296 2298 2299 2297 
2300 2301 2299 2298 
2302 2301 2300 2303 
2304 2305 2302 2303 
2306 2305 2304 2307 
2308 2309 2306 2307 
2310 2309 2308 2284 
2284 2283 2311 2310 
2283 2282 2312 2311 
2282 2281 2313 2312 
2281 2280 2314 2313 
2280 2279 2315 2314 
2291 2316 2315 2279 
2317 2316 2291 2318 
2319 2317 2318 2320 
2319 2320 2321 2322 
2318 2291 2090 2092 
2323 2322 2321 2324 
2325 2326 2323 2324 
2277 2276 2327 2328 
2329 2327 2276 2286 
2275 2330 2329 2286 
2331 2330 2275 2274 
2332 2331 2274 2333 
2332 2333 2273 2334 
2286 2106 2068 2275 
2273 2272 2335 2334 
2272 2336 2337 2335 
2338 2339 2337 2336 
2340 2339 2338 2341 
2342 2340 2341 2343 
2344 2345 2342 2343 
2344 2346 2347 2345 
2343 2341 2101 2100 
2346 2348 2349 2347 
2348 2288 2350 2349 
2288 2287 2351 2350 
2290 2352 2353 2289 
2269 2354 2352 2290 
2355 2354 2269 2268 
2355 2268 2267 2356 
2288 2348 2099 2271 
2267 2266 2357 2356 
2358 2357 2266 2265 
2359 2360 2358 2265 
2361 2362 2360 2359 
2293 2121 2071 2296 
2293 2292 2122 2121 
2298 2296 2071 2070 
2295 2294 2363 2131 
2297 2163 2363 2294 
2364 2163 2297 2299 
2301 2157 2364 2299 
2183 2157 2301 2302 
2183 2302 2305 2133 
2298 2070 2120 2300 
2305 2306 2365 2133 
2306 2309 2148 2365 
2309 2310 2218 2148 
2304 2083 2082 2307 
2310 2311 2366 2218 
2311 2312 2160 2366 
2312 2313 2207 2160 
2137 2207 2313 2314 
2314 2315 2210 2137 
2316 2367 2210 2315 
2172 2367 2316 2317 
2317 2319 2368 2172 
2322 2166 2368 2319 
2369 2166 2322 2323 
2369 2323 2326 2124 
2330 2139 2370 2329 
2330 2331 2195 2139 
2332 2371 2195 2331 
2371 2332 2334 2143 
2334 2335 2196 2143 
2333 2274 2067 2086 
2335 2337 2372 2196 
2339 2214 2372 2337 
2339 2340 2154 2214 
2340 2342 2373 2154 
2373 2342 2345 2175 
2345 2347 2374 2175 
2374 2347 2349 2178 
2346 2344 2072 2074 
2349 2350 2375 2178 
2350 2351 2169 2375 
2351 2353 2376 2169 
2352 2127 2376 2353 
2354 2145 2127 2352 
2187 2145 2354 2355 
2356 2224 2187 2355 
2356 2357 2201 2224 
2359 2265 2094 2093 
2192 2201 2357 2358 
2360 2377 2192 2358 
2362 2378 2377 2360 
2359 2093 2263 2361 
2328 2327 2235 2151 
2343 2100 2072 2344 
2099 2348 2346 2074 
2287 2289 2353 2351 
2320 2318 2092 2109 
2089 2321 2320 2109 
2268 2259 2097 2267 
2284 2308 2119 2118 
2336 2105 2104 2338 
2336 2272 2262 2105 
2372 2214 2213 2379 
2172 2368 2380 2221 
2187 2224 2226 2188 
2375 2169 2186 2381 
2376 2127 2129 2382 
2369 2124 2126 2383 
2384 2377 2378 2385 
2192 2222 2199 2201 
2303 2285 2083 2304 
2365 2148 2150 2386 
2224 2201 2223 2225 
2307 2082 2119 2308 
2160 2207 2206 2161 
2134 2133 2365 2386 
2148 2218 2219 2149 
2281 2282 2114 2113 
2367 2387 2208 2210 
2194 2140 2139 2195 
2303 2300 2120 2285 
2085 2273 2333 2086 
2197 2196 2372 2379 
2341 2338 2104 2101 
2158 2157 2183 2182 
2184 2181 2183 2133 
2204 2388 2364 2157 
2175 2374 2389 2185 
2228 2178 2375 2381 
2190 2192 2377 2384 
2390 2391 2153 2152 
2392 2390 2152 2229 
2392 2229 2234 2393 
2229 2151 2235 2234 
2234 2233 2394 2393 
2233 2238 2395 2394 
2396 2395 2238 2397 
2396 2397 2141 2398 
2399 2398 2141 2140 
2194 2400 2399 2140 
2194 2193 2401 2400 
2193 2211 2402 2401 
2211 2403 2404 2402 
2403 2142 2405 2404 
2142 2144 2406 2405 
2407 2406 2144 2232 
2230 2408 2407 2232 
2409 2408 2230 2198 
2410 2409 2198 2197 
2197 2379 2411 2410 
2379 2213 2412 2411 
2213 2212 2413 2412 
2212 2215 2414 2413 
2215 2156 2415 2414 
2416 2415 2156 2155 
2155 2231 2417 2416 
2417 2231 2418 2419 
2419 2418 2177 2420 
2420 2177 2176 2421 
2177 2418 2373 2175 
2176 2185 2422 2421 
2423 2422 2185 2389 
2180 2424 2423 2389 
2180 2179 2425 2424 
2179 2228 2426 2425 
2180 2389 2374 2178 
2381 2427 2426 2228 
2186 2428 2427 2381 
2186 2171 2429 2428 
2429 2171 2170 2430 
2170 2382 2431 2430 
2129 2432 2431 2382 
2433 2432 2129 2128 
2434 2433 2128 2147 
2434 2147 2146 2435 
2146 2227 2436 2435 
2147 2128 2127 2145 
2227 2189 2437 2436 
2189 2188 2438 2437 
2189 2227 2145 2187 
2188 2226 2439 2438 
2225 2440 2439 2226 
2223 2441 2440 2225 
2441 2223 2200 2442 
2200 2199 2443 2442 
2443 2199 2222 2444 
2222 2191 2445 2444 
2191 2190 2446 2445 
2447 2446 2190 2384 
2385 2448 2447 2384 
2130 2132 2449 2450 
2132 2202 2451 2449 
2202 2452 2453 2451 
2203 2388 2454 2455 
2388 2204 2456 2454 
2455 2457 2164 2203 
2204 2159 2458 2456 
2182 2459 2460 2158 
2461 2459 2182 2181 
2184 2462 2461 2181 
2462 2184 2135 2463 
2135 2134 2464 2463 
2134 2386 2465 2464 
2386 2150 2466 2465 
2150 2149 2467 2466 
2217 2216 2468 2469 
2469 2470 2219 2217 
2216 2471 2472 2468 
2471 2236 2473 2472 
2236 2162 2474 2473 
2162 2161 2475 2474 
2206 2476 2475 2161 
2477 2476 2206 2205 
2205 2136 2478 2477 
2136 2138 2479 2478 
2138 2220 2480 2479 
2220 2209 2481 2480 
2209 2208 2482 2481 
2483 2482 2208 2387 
2173 2221 2484 2485 
2486 2483 2387 2174 
2221 2380 2487 2484 
2380 2168 2488 2487 
2167 2489 2488 2168 
2237 2490 2489 2167 
2237 2383 2491 2490 
2126 2492 2491 2383 
2492 2126 2125 2493 
2139 2141 2397 2370 
2457 2494 2165 2164 
2494 2453 2452 2165 
2203 2163 2364 2388 
2470 2467 2149 2219 
2218 2366 2471 2216 
2220 2137 2210 2209 
2136 2205 2207 2137 
2174 2387 2367 2172 
2324 2088 2278 2325 
2324 2321 2089 2088 
2445 2446 2495 2496 
2445 2496 2497 2444 
2442 2443 2498 2499 
2440 2500 2501 2439 
2435 2436 2502 2503 
2170 2169 2376 2382 
2430 2504 2505 2429 
2424 2425 2506 2507 
2231 2154 2373 2418 
2419 2508 2509 2417 
2510 2391 2390 2511 
2390 2392 2512 2511 
2393 2513 2512 2392 
2513 2393 2394 2514 
2394 2395 2515 2514 
2395 2396 2516 2515 
2396 2398 2517 2516 
2398 2399 2518 2517 
2400 2519 2518 2399 
2520 2519 2400 2401 
2520 2401 2402 2521 
2402 2404 2522 2521 
2404 2405 2523 2522 
2405 2406 2524 2523 
2525 2524 2406 2407 
2525 2407 2408 2526 
2408 2409 2527 2526 
2409 2410 2528 2527 
2410 2411 2529 2528 
2154 2156 2215 2214 
2415 2530 2531 2414 
2413 2532 2533 2412 
2534 2450 2449 2535 
2449 2451 2536 2535 
2451 2453 2537 2536 
2494 2457 2538 2539 
2539 2537 2453 2494 
2454 2540 2541 2455 
2456 2542 2540 2454 
2456 2458 2543 2542 
2458 2460 2544 2543 
2460 2459 2545 2544 
2546 2545 2459 2461 
2546 2461 2462 2547 
2547 2462 2463 2548 
2463 2464 2549 2548 
2549 2464 2465 2550 
2466 2467 2551 2552 
2467 2470 2553 2551 
2554 2553 2470 2469 
2555 2554 2469 2468 
2555 2468 2472 2556 
2556 2472 2473 2557 
2557 2473 2474 2558 
2236 2471 2366 2160 
2474 2475 2559 2558 
2477 2560 2561 2476 
2562 2560 2477 2478 
2479 2563 2562 2478 
2564 2563 2479 2480 
2480 2481 2565 2564 
2481 2482 2566 2565 
2482 2483 2567 2566 
2486 2568 2567 2483 
2569 2568 2486 2485 
2570 2569 2485 2484 
2570 2484 2487 2571 
2485 2486 2174 2173 
2487 2488 2572 2571 
2488 2489 2573 2572 
2489 2490 2574 2573 
2490 2491 2575 2574 
2491 2492 2576 2575 
2493 2577 2576 2492 
2578 2577 2493 2579 
2503 2580 2434 2435 
2505 2581 2428 2429 
2582 2427 2428 2581 
2583 2506 2425 2426 
2509 2584 2416 2417 
2584 2530 2415 2416 
2371 2143 2142 2403 
2238 2235 2370 2397 
2237 2166 2369 2383 
2585 2441 2442 2499 
2586 2447 2448 2587 
2586 2052 2051 2495 
2498 2443 2444 2497 
2496 2050 2049 2497 
2500 2440 2441 2585 
2500 2585 2037 2036 
2588 2438 2439 2501 
2501 2035 1968 2588 
2588 2589 2437 2438 
2589 2502 2436 2437 
2503 2502 1966 2038 
2580 2590 2433 2434 
2580 2503 2038 2058 
2590 2580 2058 2060 
2591 2432 2433 2590 
2591 1965 1964 2592 
2581 2505 2057 2056 
2581 2056 1963 2582 
2593 2423 2424 2507 
2507 2506 1961 1960 
2582 2583 2426 2427 
2594 2595 2421 2422 
2596 2420 2421 2595 
2596 2595 2039 1959 
2509 1922 1921 2584 
2584 1921 1920 2530 
2530 1920 1919 2531 
2531 2532 2413 2414 
2532 1918 1917 2533 
2533 1917 2045 2529 
2529 2411 2412 2533 
2528 2529 2045 2046 
2528 2046 1916 2527 
2230 2232 2143 2196 
2526 1915 1914 2525 
2523 1912 1911 2522 
2211 2195 2371 2403 
2519 1910 1909 2518 
2517 2518 1909 1908 
2516 2044 1907 2515 
2510 2511 2032 2031 
2514 1906 2043 2513 
2511 2512 2042 2032 
2535 2023 2024 2534 
2023 2535 2536 2022 
2165 2452 2363 2163 
2536 2537 2021 2022 
2537 2539 2020 2021 
2539 2538 2019 2020 
2538 2541 2018 2019 
2540 2017 2018 2541 
2540 2542 1997 2017 
2543 1996 1997 2542 
2544 1995 1996 2543 
1995 2544 2545 1994 
2545 2546 1993 1994 
2547 2548 1991 1992 
1990 2549 2550 1989 
1989 2550 2552 1988 
2551 1987 1988 2552 
2551 2553 1986 1987 
2552 2550 2465 2466 
2553 2554 1985 1986 
2554 2555 1984 1985 
2556 2557 1982 1983 
1982 2557 2558 1981 
1981 2558 2559 1980 
2559 2561 1979 1980 
1978 2560 2562 1977 
1977 2562 2563 1976 
2563 2564 1975 1976 
2564 2565 1974 1975 
2566 1973 1974 2565 
2566 2567 1972 1973 
2567 2568 1970 1972 
1970 2568 2569 1971 
2569 2570 1902 1971 
1903 1902 2570 2571 
1903 2571 2572 2055 
2572 2573 1904 2055 
2573 2574 1905 1904 
2574 2575 2028 1905 
2575 2576 2029 2028 
2577 2030 2029 2576 
2578 2062 2030 2577 
2159 2158 2460 2458 
1993 2546 2547 1992 
1913 1912 2523 2524 
2592 2431 2432 2591 
2060 1965 2591 2590 
2559 2475 2476 2561 
2561 2560 1978 1979 
2044 2516 2517 1908 
2457 2455 2541 2538 
2041 2040 2594 2593 
2040 2039 2595 2594 
2422 2423 2593 2594 
2041 2593 2507 1960 
1907 1906 2514 2515 
2049 2048 2498 2497 
2052 2586 2587 2061 
2586 2495 2446 2447 
2499 2498 2048 2047 
2047 2037 2585 2499 
1968 1967 2589 2588 
2548 2549 1990 1991 
1915 2526 2527 1916 
1914 1913 2524 2525 
1919 1918 2532 2531 
1923 2508 2596 1959 
1964 2059 2504 2592 
2168 2380 2368 2166 
2059 2057 2505 2504 
1963 1962 2583 2582 
1922 2509 2508 1923 
2202 2131 2363 2452 
2051 2050 2496 2495 
2043 2042 2512 2513 
2033 2034 2520 2521 
2508 2419 2420 2596 
1911 2033 2521 2522 
2035 2501 2500 2036 
2592 2504 2430 2431 
1967 1966 2502 2589 
1962 1961 2506 2583 
2034 1910 2519 2520 
2555 2556 1983 1984 
2327 2329 2370 2235 
</DataArray>
<DataArray type="Int32" Name="offsets" format="ascii">
4
8
12
16
20
24
28
32
36
40
44
48
52
56
60
64
68
72
76
80
84
88
92
96
100
104
108
112
116
120
124
128
132
136
140
144
148
152
156
160
164
168
172
176
180
184
188
192
196
200
204
208
212
216
220
224
228
232
236
240
244
248
252
256
260
264
268
272
276
280
284
288
292
296
300
304
308
312
316
320
324
328
332
336
340
344
348
352
356
360
364
368
372
376
380
384
388
392
396
400
404
408
412
416
420
424
428
432
436
440
444
448
452
456
460
464
468
472
476
480
484
488
492
496
500
504
508
512
516
520
524
528
532
536
540
544
548
552
556
560
564
568
572
576
580
584
588
592
596
600
604
608
612
616
620
624
628
632
636
640
644
648
652
656
660
664
668
672
676
680
684
688
692
696
700
704
708
712
716
720
724
728
732
736
740
744
748
752
756
760
764
768
772
776
780
784
788
792
796
800
804
808
812
816
820
824
828
832
836
840
844
848
852
856
860
864
868
872
876
880
884
888
892
896
900
904
908
912
916
920
924
928
932
936
940
944
948
952
956
960
964
968
972
976
980
984
988
992
996
1000
1004
1008
1012
1016
1020
1024
1028
1032
1036
1040
1044
1048
1052
1056
1060
1064
1068
1072
1076
1080
1084
1088
1092
1096
1100
1104
1108
1112
1116
1120
1124
1128
1132
1136
1140
1144
1148
1152
1156
1160
1164
1168
1172
1176
1180
1184
1188
1192
1196
1200
1204
1208
1212
1216
1220
1224
1228
1232
1236
1240
1244
1248
1252
1256
1260
1264
1268
1272
1276
1280
1284
1288
1292
1296
1300
1304
1308
1312
1316
1320
1324
1328
1332
1336
1340
1344
1348
1352
1356
1360
1364
1368
1372
1376
1380
1384
1388
1392
1396
1400
1404
1408
1412
1416
1420
1424
1428
1432
1436
1440
1444
1448
1452
1456
1460
1464
1468
1472
1476
1480
1484
1488
1492
1496
1500
1504
1508
1512
1516
1520
1524
1528
1532
1536
1540
1544
1548
1552
1556
1560
1564
1568
1572
1576
1580
1584
1588
1592
1596
1600
1604
1608
1612
1616
1620
1624
1628
1632
1636
1640
1644
1648
1652
1656
1660
1664
1668
1672
1676
1680
1684
1688
1692
1696
1700
1704
1708
1712
1716
1720
1724
1728
1732
1736
1740
1744
1748
1752
1756
1760
1764
1768
1772
1776
1780
1784
1788
1792
1796
1800
1804
1808
1812
1816
1820
1824
1828
1832
1836
1840
1844
1848
1852
1856
1860
1864
1868
1872
1876
1880
1884
1888
1892
1896
1900
1904
1908
1912
1916
1920
1924
1928
1932
1936
1940
1944
1948
1952
1956
1960
1964
1968
1972
1976
1980
1984
1988
1992
1996
2000
2004
2008
2012
2016
2020
2024
2028
2032
2036
2040
2044
2048
2052
2056
2060
2064
2068
2072
2076
2080
2084
2088
2092
2096
2100
2104
2108
2112
2116
2120
2124
2128
2132
2136
2140
2144
2148
2152
2156
2160
2164
2168
2172
2176
2180
2184
2188
2192
2196
2200
2204
2208
2212
2216
2220
2224
2228
2232
2236
2240
2244
2248
2252
2256
2260
2264
2268
2272
2276
2280
2284
2288
2292
2296
2300
2304
2308
2312
2316
2320
2324
2328
2332
2336
2340
2344
2348
2352
2356
2360
2364
2368
2372
2376
2380
2384
2388
2392
2396
2400
2404
2408
2412
2416
2420
2424
2428
2432
2436
2440
2444
2448
2452
2456
2460
2464
2468
2472
2476
2480
2484
2488
2492
2496
2500
2504
2508
2512
2516
2520
2524
2528
2532
2536
2540
2544
2548
2552
2556
2560
2564
2568
2572
2576
2580
2584
2588
2592
2596
2600
2604
2608
2612
2616
2620
2624
2628
2632
2636
2640
2644
2648
2652
2656
2660
2664
2668
2672
2676
2680
2684
2688
2692
2696
2700
2704
2708
2712
2716
2720
2724
2728
2732
2736
2740
2744
2748
2752
2756
2760
2764
2768
2772
2776
2780
2784
2788
2792
2796
2800
2804
2808
2812
2816
2820
2824
2828
2832
2836
2840
2844
2848
2852
2856
2860
2864
2868
2872
2876
2880
2884
2888
2892
2896
2900
2904
2908
2912
2916
2920
2924
2928
2932
2936
2940
2944
2948
2952
2956
2960
2964
2968
2972
2976
2980
2984
2988
2992
2996
3000
3004
3008
3012
3016
3020
3024
3028
3032
3036
3040
3044
3048
3052
3056
3060
3064
3068
3072
3076
3080
3084
3088
3092
3096
3100
3104
3108
3112
3116
3120
3124
3128
3132
3136
3140
3144
3148
3152
3156
3160
3164
3168
3172
3176
3180
3184
3188
3192
3196
3200
3204
3208
3212
3216
3220
3224
3228
3232
3236
3240
3244
3248
3252
3256
3260
3264
3268
3272
3276
3280
3284
3288
3292
3296
3300
3304
3308
3312
3316
3320
3324
3328
3332
3336
3340
3344
3348
3352
3356
3360
3364
3368
3372
3376
3380
3384
3388
3392
3396
3400
3404
3408
3412
3416
3420
3424
3428
3432
3436
3440
3444
3448
3452
3456
3460
3464
3468
3472
3476
3480
3484
3488
3492
3496
3500
3504
3508
3512
3516
3520
3524
3528
3532
3536
3540
3544
3548
3552
3556
3560
3564
3568
3572
3576
3580
3584
3588
3592
3596
3600
3604
3608
3612
3616
3620
3624
3628
3632
3636
3640
3644
3648
3652
3656
3660
3664
3668
3672
3676
3680
3684
3688
3692
3696
3700
3704
3708
3712
3716
3720
3724
3728
3732
3736
3740
3744
3748
3752
3756
3760
3764
3768
3772
3776
3780
3784
3788
3792
3796
3800
3804
3808
3812
3816
3820
3824
3828
3832
3836
3840
3844
3848
3852
3856
3860
3864
3868
3872
3876
3880
3884
3888
3892
3896
3900
3904
3908
3912
3916
3920
3924
3928
3932
3936
3940
3944
3948
3952
3956
3960
3964
3968
3972
3976
3980
3984
3988
3992
3996
4000
4004
4008
4012
4016
4020
4024
4028
4032
4036
4040
4044
4048
4052
4056
4060
4064
4068
4072
4076
4080
4084
4088
4092
4096
4100
4104
4108
4112
4116
4120
4124
4128
4132
4136
4140
4144
4148
4152
4156
4160
4164
4168
4172
4176
4180
4184
4188
4192
4196
4200
4204
4208
4212
4216
4220
4224
4228
4232
4236
4240
4244
4248
4252
4256
4260
4264
4268
4272
4276
4280
4284
4288
4292
4296
4300
4304
4308
4312
4316
4320
4324
4328
4332
4336
4340
4344
4348
4352
4356
4360
4364
4368
4372
4376
4380
4384
4388
4392
4396
4400
4404
4408
4412
4416
4420
4424
4428
4432
4436
4440
4444
4448
4452
4456
4460
4464
4468
4472
4476
4480
4484
4488
4492
4496
4500
4504
4508
4512
4516
4520
4524
4528
4532
4536
4540
4544
4548
4552
4556
4560
4564
4568
4572
4576
4580
4584
4588
4592
4596
4600
4604
4608
4612
4616
4620
4624
4628
4632
4636
4640
4644
4648
4652
4656
4660
4664
4668
4672
4676
4680
4684
4688
4692
4696
4700
4704
4708
4712
4716
4720
4724
4728
4732
4736
4740
4744
4748
4752
4756
4760
4764
4768
4772
4776
4780
4784
4788
4792
4796
4800
4804
4808
4812
4816
4820
4824
4828
4832
4836
4840
4844
4848
4852
4856
4860
4864
4868
4872
4876
4880
4884
4888
4892
4896
4900
4904
4908
4912
4916
4920
4924
4928
4932
4936
4940
4944
4948
4952
4956
4960
4964
4968
4972
4976
4980
4984
4988
4992
4996
5000
5004
5008
5012
5016
5020
5024
5028
5032
5036
5040
5044
5048
5052
5056
5060
5064
5068
5072
5076
5080
5084
5088
5092
5096
5100
5104
5108
5112
5116
5120
5124
5128
5132
5136
5140
5144
5148
5152
5156
5160
5164
5168
5172
5176
5180
5184
5188
5192
5196
5200
5204
5208
5212
5216
5220
5224
5228
5232
5236
5240
5244
5248
5252
5256
5260
5264
5268
5272
5276
5280
5284
5288
5292
5296
5300
5304
5308
5312
5316
5320
5324
5328
5332
5336
5340
5344
5348
5352
5356
5360
5364
5368
5372
5376
5380
5384
5388
5392
5396
5400
5404
5408
5412
5416
5420
5424
5428
5432
5436
5440
5444
5448
5452
5456
5460
5464
5468
5472
5476
5480
5484
5488
5492
5496
5500
5504
5508
5512
5516
5520
5524
5528
5532
5536
5540
5544
5548
5552
5556
5560
5564
5568
5572
5576
5580
5584
5588
5592
5596
5600
5604
5608
5612
5616
5620
5624
5628
5632
5636
5640
5644
5648
5652
5656
5660
5664
5668
5672
5676
5680
5684
5688
5692
5696
5700
5704
5708
5712
5716
5720
5724
5728
5732
5736
5740
5744
5748
5752
5756
5760
5764
5768
5772
5776
5780
5784
5788
5792
5796
5800
5804
5808
5812
5816
5820
5824
5828
5832
5836
5840
5844
5848
5852
5856
5860
5864
5868
5872
5876
5880
5884
5888
5892
5896
5900
5904
5908
5912
5916
5920
5924
5928
5932
5936
5940
5944
5948
5952
5956
5960
5964
5968
5972
5976
5980
5984
5988
5992
5996
6000
6004
6008
6012
6016
6020
6024
6028
6032
6036
6040
6044
6048
6052
6056
6060
6064
6068
6072
6076
6080
6084
6088
6092
6096
6100
6104
6108
6112
6116
6120
6124
6128
6132
6136
6140
6144
6148
6152
6156
6160
6164
6168
6172
6176
6180
6184
6188
6192
6196
6200
6204
6208
6212
6216
6220
6224
6228
6232
6236
6240
6244
6248
6252
6256
6260
6264
6268
6272
6276
6280
6284
6288
6292
6296
6300
6304
6308
6312
6316
6320
6324
6328
6332
6336
6340
6344
6348
6352
6356
6360
6364
6368
6372
6376
6380
6384
6388
6392
6396
6400
6404
6408
6412
6416
6420
6424
6428
6432
6436
6440
6444
6448
6452
6456
6460
6464
6468
6472
6476
6480
6484
6488
6492
6496
6500
6504
6508
6512
6516
6520
6524
6528
6532
6536
6540
6544
6548
6552
6556
6560
6564
6568
6572
6576
6580
6584
6588
6592
6596
6600
6604
6608
6612
6616
6620
6624
6628
6632
6636
6640
6644
6648
6652
6656
6660
6664
6668
6672
6676
6680
6684
6688
6692
6696
6700
6704
6708
6712
6716
6720
6724
6728
6732
6736
6740
6744
6748
6752
6756
6760
6764
6768
6772
6776
6780
6784
6788
6792
6796
6800
6804
6808
6812
6816
6820
6824
6828
6832
6836
6840
6844
6848
6852
6856
6860
6864
6868
6872
6876
6880
6884
6888
6892
6896
6900
6904
6908
6912
6916
6920
6924
6928
6932
6936
6940
6944
6948
6952
6956
6960
6964
6968
6972
6976
6980
6984
6988
6992
6996
7000
7004
7008
7012
7016
7020
7024
7028
7032
7036
7040
7044
7048
7052
7056
7060
7064
7068
7072
7076
7080
7084
7088
7092
7096
7100
7104
7108
7112
7116
7120
7124
7128
7132
7136
7140
7144
7148
7152
7156
7160
7164
7168
7172
7176
7180
7184
7188
7192
7196
7200
7204
7208
7212
7216
7220
7224
7228
7232
7236
7240
7244
7248
7252
7256
7260
7264
7268
7272
7276
7280
7284
7288
7292
7296
7300
7304
7308
7312
7316
7320
7324
7328
7332
7336
7340
7344
7348
7352
7356
7360
7364
7368
7372
7376
7380
7384
7388
7392
7396
7400
7404
7408
7412
7416
7420
7424
7428
7432
7436
7440
7444
7448
7452
7456
7460
7464
7468
7472
7476
7480
7484
7488
7492
7496
7500
7504
7508
7512
7516
7520
7524
7528
7532
7536
7540
7544
7548
7552
7556
7560
7564
7568
7572
7576
7580
7584
7588
7592
7596
7600
7604
7608
7612
7616
7620
7624
7628
7632
7636
7640
7644
7648
7652
7656
7660
7664
7668
7672
7676
7680
7684
7688
7692
7696
7700
7704
7708
7712
7716
7720
7724
7728
7732
7736
7740
7744
7748
7752
7756
7760
7764
7768
7772
7776
7780
7784
7788
7792
7796
7800
7804
7808
7812
7816
7820
7824
7828
7832
7836
7840
7844
7848
7852
7855
7858
7861
7864
7867
7870
7873
7876
7879
7882
7885
7888
7891
7894
7897
7900
7903
7906
7909
7912
7915
7918
7921
7924
7927
7930
7933
7936
7939
7942
7945
7948
7951
7954
7957
7960
7963
7966
7969
7972
7975
7978
7981
7984
7987
7990
7993
7996
7999
8002
8005
8008
8011
8014
8017
8020
8023
8026
8029
8032
8035
8038
8041
8044
8047
8050
8053
8056
8059
8062
8065
8068
8071
8074
8077
8080
8084
8088
8092
8096
8100
8104
8108
8112
8116
8120
8124
8128
8132
8136
8140
8144
8148
8152
8156
8160
8164
8168
8172
8176
8180
8184
8188
8192
8196
8200
8204
8208
8212
8216
8220
8224
8228
8232
8236
8240
8244
8248
8252
8256
8260
8264
8268
8272
8276
8280
8284
8288
8292
8296
8300
8304
8308
8312
8316
8320
8324
8328
8332
8336
8340
8344
8348
8352
8356
8360
8364
8368
8372
8376
8380
8384
8388
8392
8396
8400
8404
8408
8412
8416
8420
8424
8428
8432
8436
8440
8444
8448
8452
8456
8460
8464
8468
8472
8476
8480
8484
8488
8492
8496
8500
8504
8508
8512
8516
8520
8524
8528
8532
8536
8540
8544
8548
8552
8556
8560
8564
8568
8572
8576
8580
8584
8588
8592
8596
8600
8604
8608
8612
8616
8620
8624
8628
8632
8636
8640
8644
8648
8652
8656
8660
8664
8668
8672
8676
8680
8684
8688
8692
8696
8700
8704
8708
8712
8716
8720
8724
8728
8732
8736
8740
8744
8748
8752
8756
8760
8764
8768
8772
8776
8780
8784
8788
8792
8796
8800
8804
8808
8812
8816
8820
8824
8828
8832
8836
8840
8844
8848
8852
8856
8860
8864
8868
8872
8876
8880
8884
8888
8892
8896
8900
8904
8908
8912
8916
8920
8924
8928
8932
8936
8940
8944
8948
8952
8956
8960
8964
8968
8972
8976
8980
8984
8988
8992
8996
9000
9004
9008
9012
9016
9020
9024
9028
9032
9036
9040
9044
9048
9052
9056
9060
9064
9068
9072
9076
9080
9084
9088
9092
9096
9100
9104
9108
9112
9116
9120
9124
9128
9132
9136
9140
9144
9148
9152
9156
9160
9164
9168
9172
9176
9180
9184
9188
9192
9196
9200
9204
9208
9212
9216
9220
9224
9228
9232
9236
9240
9244
9248
9252
9256
9260
9264
9268
9272
9276
9280
9284
9288
9292
9296
9300
9304
9308
9312
9316
9320
9324
9328
9332
9336
9340
9344
9348
9352
9356
9360
9364
9368
9372
9376
9380
9384
9388
9392
9396
9400
9404
9408
9412
9416
9420
9424
9428
9432
9436
9440
9444
9448
9452
9456
9460
9464
9468
9472
9476
9480
9484
9488
9492
9496
9500
9504
9508
9512
9516
9520
9524
9528
9532
9536
9540
9544
9548
9552
9556
9560
9564
9568
9572
9576
9580
9584
9588
9592
9596
9600
9604
9608
9612
9616
9620
9624
9628
9632
9636
9640
9644
9648
9652
9656
9660
9664
9668
9672
9676
9680
9684
9688
9692
9696
9700
9704
9708
9712
9716
9720
9724
9728
9732
9736
9740
9744
9748
9752
9756
9760
9764
9768
9772
9776
9780
9784
9788
9792
9796
9800
9804
9808
9812
9816
9820
9824
9828
9832
9836
9840
9844
9848
9852
9856
9860
9864
9868
9872
9876
9880
9884
9888
9892
9896
9900
9904
9908
9912
9916
9920
9924
9928
9932
9936
9940
9944
9948
9952
9956
9960
9964
9968
9972
9976
9980
9984
9988
9992
9996
10000
10004
10008
10012
10016
10020
10024
10028
10032
10036
10040
10044
10048
10052
10056
10060
10064
10068
10072
10076
10080
10084
10088
10092
10096
10100
10104
10108
10112
10116
10120
10124
10128
10132
10136
10140
10144
</DataArray>
<DataArray type="UInt8" Name="types" format="ascii">
9
9
9
9
9
9
9
9
9
9
9
9
9
9
9
9
9
9
9
9
9
9
9
9
9
9
9
9
9
9
9
9
9
9
9
9
9
9
9
9
9
9
9
9
9
9
9
9
9
9
9
9
9
9
9
9
9
9
9
9
9
9
9
9
9
9
9
9
9
9
9
9
9
9
9
9
9
9
9
9
9
9
9
9
9
9
9
9
9
9
9
9
9
9
9
9
9
9
9
9
9
9
9
9
9
9
9
9
9
9
9
9
9
9
9
9
9
9
9
9
9
9
9
9
9
9
9
9
9
9
9
9
9
9
9
9
9
9
9
9
9
9
9
9
9
9
9
9
9
9
9
9
9
9
9
9
9
9
9
9
9
9
9
9
9
9
9
9
9
9
9
9
9
9
9
9
9
9
9
9
9
9
9
9
9
9
9
9
9
9
9
9
9
9
9
9
9
9
9
9
9
9
9
9
9
9
9
9
9
9
9
9
9
9
9
9
9
9
9
9
9
9
9
9
9
9
9
9
9
9
9
9
9
9
9
9
9
9
9
9
9
9
9
9
9
9
9
9
9
9
9
9
9
9
9
9
9
9
9
9
9
9
9
9
9
9
9
9
9
9
9
9
9
9
9
9
9
9
9
9
9
9
9
9
9
9
9
9
9
9
9
9
9
9
9
9
9
9
9
9
9
9
9
9
9
9
9
9
9
9
9
9
9
9
9
9
9
9
9
9
9
9
9
9
9
9
9
9
9
9
9
9
9
9
9
9
9
9
9
9
9
9
9
9
9
9
9
9
9
9
9
9
9
9
9
9
9
9
9
9
9
9
9
9
9
9
9
9
9
9
9
9
9
9
9
9
9
9
9
9
9
9
9
9
9
9
9
9
9
9
9
9
9
9
9
9
9
9
9
9
9
9
9
9
9
9
9
9
9
9
9
9
9
9
9
9
9
9
9
9
9
9
9
9
9
9
9
9
9
9
9
9
9
9
9
9
9
9
9
9
9
9
9
9
9
9
9
9
9
9
9
9
9
9
9
9
9
9
9
9
9
9
9
9
9
9
9
9
9
9
9
9
9
9
9
9
9
9
9
9
9
9
9
9
9
9
9
9
9
9
9
9
9
9
9
9
9
9
9
9
9
9
9
9
9
9
9
9
9
9
9
9
9
9
9
9
9
9
9
9
9
9
9
9
9
9
9
9
9
9
9
9
9
9
9
9
9
9
9
9
9
9
9
9
9
9
9
9
9
9
9
9
9
9
9
9
9
9
9
9
9
9
9
9
9
9
9
9
9
9
9
9
9
9
9
9
9
9
9
9
9
9
9
9
9
9
9
9
9
9
9
9
9
9
9
9
9
9
9
9
9
9
9
9
9
9
9
9
9
9
9
9
9
9
9
9
9
9
9
9
9
9
9
9
9
9
9
9
9
9
9
9
9
9
9
9
9
9
9
9
9
9
9
9
9
9
9
9
9
9
9
9
9
9
9
9
9
9
9
9
9
9
9
9
9
9
9
9
9
9
9
9
9
9
9
9
9
9
9
9
9
9
9
9
9
9
9
9
9
9
9
9
9
9
9
9
9
9
9
9
9
9
9
9
9
9
9
9
9
9
9
9
9
9
9
9
9
9
9
9
9
9
9
9
9
9
9
9
9
9
9
9
9
9
9
9
9
9
9
9
9
9
9
9
9
9
9
9
9
9
9
9
9
9
9
9
9
9
9
9
9
9
9
9
9
9
9
9
9
9
9
9
9
9
9
9
9
9
9
9
9
9
9
9
9
9
9
9
9
9
9
9
9
9
9
9
9
9
9
9
9
9
9
9
9
9
9
9
9
9
9
9
9
9
9
9
9
9
9
9
9
9
9
9
9
9
9
9
9
9
9
9
9
9
9
9
9
9
9
9
9
9
9
9
9
9
9
9
9
9
9
9
9
9
9
9
9
9
9
9
9
9
9
9
9
9
9
9
9
9
9
9
9
9
9
9
9
9
9
9
9
9
9
9
9
9
9
9
9
9
9
9
9
9
9
9
9
9
9
9
9
9
9
9
9
9
9
9
9
9
9
9
9
9
9
9
9
9
9
9
9
9
9
9
9
9
9
9
9
9
9
9
9
9
9
9
9
9
9
9
9
9
9
9
9
9
9
9
9
9
9
9
9
9
9
9
9
9
9
9
9
9
9
9
9
9
9
9
9
9
9
9
9
9
9
9
9
9
9
9
9
9
9
9
9
9
9
9
9
9
9
9
9
9
9
9
9
9
9
9
9
9
9
9
9
9
9
9
9
9
9
9
9
9
9
9
9
9
9
9
9
9
9
9
9
9
9
9
9
9
9
9
9
9
9
9
9
9
9
9
9
9
9
9
9
9
9
9
9
9
9
9
9
9
9
9
9
9
9
9
9
9
9
9
9
9
9
9
9
9
9
9
9
9
9
9
9
9
9
9
9
9
9
9
9
9
9
9
9
9
9
9
9
9
9
9
9
9
9
9
9
9
9
9
9
9
9
9
9
9
9
9
9
9
9
9
9
9
9
9
9
9
9
9
9
9
9
9
9
9
9
9
9
9
9
9
9
9
9
9
9
9
9
9
9
9
9
9
9
9
9
9
9
9
9
9
9
9
9
9
9
9
9
9
9
9
9
9
9
9
9
9
9
9
9
9
9
9
9
9
9
9
9
9
9
9
9
9
9
9
9
9
9
9
9
9
9
9
9
9
9
9
9
9
9
9
9
9
9
9
9
9
9
9
9
9
9
9
9
9
9
9
9
9
9
9
9
9
9
9
9
9
9
9
9
9
9
9
9
9
9
9
9
9
9
9
9
9
9
9
9
9
9
9
9
9
9
9
9
9
9
9
9
9
9
9
9
9
9
9
9
9
9
9
9
9
9
9
9
9
9
9
9
9
9
9
9
9
9
9
9
9
9
9
9
9
9
9
9
9
9
9
9
9
9
9
9
9
9
9
9
9
9
9
9
9
9
9
9
9
9
9
9
9
9
9
9
9
9
9
9
9
9
9
9
9
9
9
9
9
9
9
9
9
9
9
9
9
9
9
9
9
9
9
9
9
9
9
9
9
9
9
9
9
9
9
9
9
9
9
9
9
9
9
9
9
9
9
9
9
9
9
9
9
9
9
9
9
9
9
9
9
9
9
9
9
9
9
9
9
9
9
9
9
9
9
9
9
9
9
9
9
9
9
9
9
9
9
9
9
9
9
9
9
9
9
9
9
9
9
9
9
9
9
9
9
9
9
9
9
9
9
9
9
9
9
9
9
9
9
9
9
9
9
9
9
9
9
9
9
9
9
9
9
9
9
9
9
9
9
9
9
9
9
9
9
9
9
9
9
9
9
9
9
9
9
9
9
9
9
9
9
9
9
9
9
9
9
9
9
9
9
9
9
9
9
9
9
9
9
9
9
9
9
9
9
9
9
9
9
9
9
9
9
9
9
9
9
9
9
9
9
9
9
9
9
9
9
9
9
9
9
9
9
9
9
9
9
9
9
9
9
9
9
9
9
9
9
9
9
9
9
9
9
9
9
9
9
9
9
9
9
9
9
9
9
9
9
9
9
9
9
9
9
9
9
9
9
9
9
9
9
9
9
9
9
9
9
9
9
9
9
9
9
9
9
9
9
9
9
9
9
9
9
9
9
9
9
9
9
9
9
9
9
9
9
9
9
9
9
9
9
9
9
9
9
9
9
9
9
9
9
9
9
9
9
9
9
9
9
9
9
9
9
9
9
9
9
9
9
9
9
9
9
9
9
9
9
9
9
9
9
9
9
9
9
9
9
9
9
9
9
9
9
9
9
9
9
9
9
9
9
9
9
9
9
9
9
9
9
9
9
9
9
9
9
9
9
9
9
9
9
9
9
9
9
9
9
9
9
9
9
9
9
9
9
9
9
9
9
9
9
9
9
9
9
9
9
9
9
9
9
9
9
9
9
9
9
9
9
9
9
9
9
9
9
9
9
9
9
9
9
9
9
9
9
9
9
9
9
9
9
9
9
9
9
9
9
9
9
9
9
9
9
9
9
9
9
9
9
9
9
9
9
9
9
9
9
9
9
9
9
9
9
9
9
9
9
9
9
9
9
9
9
9
9
9
9
9
9
9
9
9
9
9
9
9
9
9
9
9
9
9
9
9
9
9
9
9
9
9
9
9
9
9
9
9
9
9
9
9
9
9
9
9
9
9
9
9
9
9
9
9
9
9
9
9
9
9
9
9
9
9
9
9
9
9
9
9
9
9
9
9
9
9
9
9
9
9
9
9
9
9
9
9
9
9
9
9
9
9
9
9
9
9
9
9
9
9
9
9
9
9
9
9
9
9
9
9
9
9
9
9
9
9
9
9
9
9
9
9
9
9
9
9
9
9
9
9
9
9
9
9
9
9
9
9
9
9
9
9
9
9
9
9
9
9
9
9
9
9
9
9
5
5
5
5
5
5
5
5
5
5
5
5
5
5
5
5
5
5
5
5
5
5
5
5
5
5
5
5
5
5
5
5
5
5
5
5
5
5
5
5
5
5
5
5
5
5
5
5
5
5
5
5
5
5
5
5
5
5
5
5
5
5
5
5
5
5
5
5
5
5
5
5
5
5
5
5
9
9
9
9
9
9
9
9
9
9
9
9
9
9
9
9
9
9
9
9
9
9
9
9
9
9
9
9
9
9
9
9
9
9
9
9
9
9
9
9
9
9
9
9
9
9
9
9
9
9
9
9
9
9
9
9
9
9
9
9
9
9
9
9
9
9
9
9
9
9
9
9
9
9
9
9
9
9
9
9
9
9
9
9
9
9
9
9
9
9
9
9
9
9
9
9
9
9
9
9
9
9
9
9
9
9
9
9
9
9
9
9
9
9
9
9
9
9
9
9
9
9
9
9
9
9
9
9
9
9
9
9
9
9
9
9
9
9
9
9
9
9
9
9
9
9
9
9
9
9
9
9
9
9
9
9
9
9
9
9
9
9
9
9
9
9
9
9
9
9
9
9
9
9
9
9
9
9
9
9
9
9
9
9
9
9
9
9
9
9
9
9
9
9
9
9
9
9
9
9
9
9
9
9
9
9
9
9
9
9
9
9
9
9
9
9
9
9
9
9
9
9
9
9
9
9
9
9
9
9
9
9
9
9
9
9
9
9
9
9
9
9
9
9
9
9
9
9
9
9
9
9
9
9
9
9
9
9
9
9
9
9
9
9
9
9
9
9
9
9
9
9
9
9
9
9
9
9
9
9
9
9
9
9
9
9
9
9
9
9
9
9
9
9
9
9
9
9
9
9
9
9
9
9
9
9
9
9
9
9
9
9
9
9
9
9
9
9
9
9
9
9
9
9
9
9
9
9
9
9
9
9
9
9
9
9
9
9
9
9
9
9
9
9
9
9
9
9
9
9
9
9
9
9
9
9
9
9
9
9
9
9
9
9
9
9
9
9
9
9
9
9
9
9
9
9
9
9
9
9
9
9
9
9
9
9
9
9
9
9
9
9
9
9
9
9
9
9
9
9
9
9
9
9
9
9
9
9
9
9
9
9
9
9
9
9
9
9
9
9
9
9
9
9
9
9
9
9
9
9
9
9
9
9
9
9
9
9
9
9
9
9
9
9
9
9
9
9
9
9
9
9
9
9
9
9
9
9
9
9
9
9
9
9
9
9
9
9
9
9
9
9
9
9
9
9
9
9
9
9
9
9
9
9
9
9
9
9
9
9
9
9
9
9
9
9
9
9
9
9
9
9
9
9
9
9
9
9
9
9
9
9
9
9
9
9
</DataArray>
</Cells>
<CellData>
<DataArray type="Float64" Name="density" format="ascii">
49.98760803
50
49.9882466
50
50
49.99719837
49.98361509
49.99096578
50
50
50
49.97198664
49.9665923
49.97626545
49.94674462
50
49.98365232
50
50
50
50
49.96683703
49.97713357
49.96233186
49.97682048
49.99351292
49.95494031
49.98359545
49.99830142
50
50
50
50
49.99759841
50
50
50
50
49.99725309
50
50
49.99537719
49.99304295
49.9921085
50
49.98111824
50
49.98286178
50
50
50
50
49.96790725
49.95802054
49.99233197
50
50
50
50
49.99788282
50
50
49.97899375
49.99456929
49.99704229
49.99695397
49.99624967
50
50
49.98692006
49.99370189
50
50
50
49.98564459
49.99300511
49.95450023
49.99418441
49.99476223
49.95125223
49.99865493
50
49.98661631
49.98257715
49.97472817
50
49.99674341
50
50
49.99733925
50
49.99573974
50
50
49.96518764
49.96454207
49.96754975
49.98730462
49.98964379
49.98503665
49.97090282
49.99061406
49.98730811
49.98617563
49.94057472
50
49.99448135
50
49.99430981
49.99924393
50
49.9475714
50
49.950158
50
50
50
50
49.99114013
50
49.99898085
50
50
49.99703739
50
50
50
49.97935656
49.99097924
49.99175183
50
50
49.98263204
50
50
50
49.99184246
49.99429207
49.97584754
50
49.96449386
49.99137589
50
50
49.98425071
49.99330275
49.9864989
49.99833665
50
50
49.99667867
49.99669842
49.98930019
49.99658016
49.96801231
49.96578858
49.99126313
49.99535333
49.99108995
49.99986719
50
49.99999999
49.9881796
50
50
49.99764308
49.99999999
49.98744287
50
50
49.99999999
49.99652546
50
50
50
49.98631556
50
50
49.99999999
50
50
50
50
50
49.98470607
50
49.9716693
49.94363794
49.98595462
49.99999999
50
49.99999999
50
49.97955044
49.99999999
50
50
50
50
50
50
49.99999999
49.9999869
49.999145
50
50
49.99999999
49.9871567
49.98840968
49.99999999
50
50
50
49.97146313
49.97104864
49.99999999
49.98596264
50
49.99963304
50
50
50
49.9697117
50
49.95639584
49.9454858
49.97740255
50
49.98347418
49.9763913
49.91924701
50
49.98225499
50
50
49.99999999
50
50
50
49.98488893
49.98739932
50
50
50
50
49.99999999
50
49.97642499
50
49.99897144
50
49.99999999
49.99999999
49.98150114
49.97100379
50
50
50
50
50
49.97078601
50
50
50
49.99130785
49.99999999
49.99999999
49.99723577
50
50
49.99936925
49.98106736
50
49.96004163
50
49.94958131
49.95755098
49.97207737
49.98377653
49.9781973
49.92660424
49.97582557
50
49.97233045
49.98019555
49.99714304
49.99014411
49.96925923
50
50
49.9854498
50
50
49.99972936
50
50
49.99999999
50
49.99999974
50
49.9762363
49.94548153
49.9353087
50
50
49.99933003
50
50
50
49.99999999
50
50
49.98784277
50
50
50
49.99489985
49.99999999
49.99406722
49.99999999
50
49.99999999
49.98761741
50
50
49.97429102
49.98875301
49.95149955
49.95012189
49.98402754
50
49.98129993
49.95512689
50
49.99999999
50
50
50
49.98998326
49.98937433
49.99104496
49.99394919
49.99999999
49.98335691
49.9727954
49.99759355
50
49.98228927
50
50
50
49.99999999
50
50
50
50
50
50
49.99999999
50
50
49.99260053
50
49.99873977
49.99068716
50
49.99999999
50
49.99999999
50
50
50
49.99977563
50
50
50
49.98237353
50
49.99606377
49.99243027
49.99298751
49.9984738
49.96461451
49.98994888
49.99290882
50
50
49.99735535
49.98506764
49.98890748
49.98866948
49.99720902
49.99632017
49.99940224
49.98166352
49.94336777
49.96331274
49.98229046
49.98003204
50
50
49.99813698
49.99890653
49.98975865
49.99767603
49.97744922
49.97836211
49.99516736
49.99997997
50
49.99080132
49.9899367
49.99094409
50
49.97053522
49.98698859
49.99999999
49.99999999
49.99999999
50
50
49.99999999
50
49.99999998
49.99999999
49.99999997
50
50
49.99999998
49.99999997
49.99999999
50
49.99999998
49.99999998
49.99999998
49.99999999
49.99999999
49.99999999
49.99999998
49.99961179
49.99882941
50
50
50
49.99909528
49.99541702
50
50
49.97935278
49.94767648
49.99987566
49.99592264
49.99782949
50
49.9910385
49.95245472
49.97951469
49.99565481
49.99441399
49.99042581
49.97184456
49.98582683
49.97760254
49.98154949
49.98959188
50
49.99742665
50
49.99414477
50
49.98792942
49.98236465
50
49.97085125
49.99999997
49.99999998
50
49.99999999
49.99999998
49.99999999
50
49.99999999
49.99999997
49.99999998
49.99999998
49.99999999
49.99999999
49.99999997
49.99999997
49.99999998
49.99999999
49.99369499
49.96626075
49.96634796
49.97227445
49.98767558
49.94447475
49.97639704
49.99999999
49.99999997
50
49.99999998
49.99999999
49.99999997
50
49.99999998
49.99999999
49.99999999
49.99999999
50
49.99999999
50
50
49.99999999
49.98751849
49.98754822
50
50
50
49.99894052
49.96305825
49.9924204
50
50
49.99999999
49.99999999
49.99997113
50
49.99999999
49.99999999
50
50
50
49.99999999
49.99999998
50
49.99999999
49.99999997
49.99999997
49.99999998
49.99999996
50
49.99999998
49.99999998
49.99999999
49.99999998
49.99804196
50
49.99999997
49.99999999
49.99999998
49.99999998
49.99999997
49.99999998
49.99999999
50
49.99999997
49.99285227
49.99626609
50
50
49.99853998
49.98666451
49.99270171
49.99703863
49.99118483
50
50
49.98741204
49.96972134
49.98219872
49.98104316
50
50
49.99989643
49.99704529
49.99950418
49.98758809
49.98420826
49.99753419
50
50
50
49.99970282
49.99109558
49.99107901
50
49.98374647
50
49.99769404
49.99618224
49.9944411
49.99978823
50
50
49.99714213
49.97311911
49.99098553
49.99999993
49.99999998
50
49.99999997
49.99999991
49.99999992
50
49.99999999
49.99999993
49.99999994
49.99999999
49.99999994
49.99999995
49.99999994
50
49.99999999
49.99999991
49.99999996
49.99999999
49.99999992
49.99999994
49.99999998
49.99999993
49.99999999
49.99958429
49.99900232
49.99709055
50
49.98782331
49.95377819
50
49.99656525
50
49.96184747
49.98738323
49.99751327
50
49.99704446
50
50
49.99999995
49.99999992
49.99999998
49.99999999
49.99999991
49.99999991
49.99999991
49.99999999
49.99999996
49.99999997
49.99999998
49.99999996
49.99999998
49.99999993
49.99999995
49.99999991
49.99999998
49.99999992
49.99999992
49.99999989
49.99719324
49.96770778
49.95466686
49.96789094
49.97221625
49.9905508
49.99373341
49.95459931
49.9770557
49.99947227
49.98669531
49.99288926
49.97757102
49.98880191
49.98044156
49.98569259
49.99314512
50
50
49.99901776
50
50
49.99559184
50
49.98803381
49.95312927
49.98718797
49.99689804
50
49.97434113
49.99999998
49.99999998
49.99999998
50
49.99999997
49.99999998
49.99999992
50
49.99999992
49.99999999
50
49.99747112
49.99999992
49.99999997
50
49.99999997
49.99999997
49.99999998
49.99999998
49.99999997
49.99999997
49.99999987
50
49.9999999
49.99999995
49.99999999
49.99999993
49.99616593
49.99379434
50
49.99999994
49.99999996
49.99999996
49.99999994
49.99999998
49.97163756
49.99999997
49.99999999
49.99999999
49.99247443
49.9846011
50
49.99999998
49.99999997
49.99999993
49.99999997
49.99999998
49.99999992
49.99999998
49.99999999
49.99999994
49.99999998
49.99999991
49.99999996
50
49.98943889
50
49.99750604
49.99755369
50
49.97276205
49.96550311
49.97921086
49.9982709
50
50
49.99922018
49.99561326
49.99311781
49.99574441
49.99015393
50
49.99160789
49.9615697
49.97401068
49.98035719
49.98306398
50
50
50
49.98229439
49.99138712
49.9893584
49.99756838
49.99999994
50
49.99999999
49.99999997
49.99999987
49.99999992
49.99999999
49.99999993
49.99999977
49.99999997
49.99999979
50
49.99999993
49.99999996
49.99999994
49.99999997
49.99999998
49.99999994
50
49.99999998
49.99836877
50
50
49.99890193
49.99122537
49.99115459
50
49.99806964
49.97835421
49.99426778
50
49.99677754
49.99863196
50
49.99924567
49.96965429
49.95612746
49.99305017
49.99789962
49.96465782
50
49.99820072
49.99999987
49.99999988
49.99999999
49.9999999
49.99999994
49.99999977
49.99999997
49.99999987
49.99999995
49.99999993
49.99999998
49.99999987
49.99999999
49.99999984
49.99999994
49.99999997
49.99999998
49.99999979
49.9999999
49.99999978
49.99999983
49.99999995
49.99999987
49.9999999
49.99999988
49.99999979
49.99999987
50
49.99937301
49.99333322
50
49.9627
50
49.99509922
49.99526866
50
49.99427583
49.97179576
49.99333473
49.99857859
49.99277639
49.97978863
49.99486195
49.98338902
49.99063946
49.98430953
49.98845924
49.99589336
50
50
49.99848867
50
49.99954859
49.99524322
50
50
49.98769761
49.94719634
49.99155552
50
49.97477196
49.99999983
49.99999994
49.99999998
49.99999997
49.99999999
49.99999997
49.99999981
49.99999999
49.99999996
49.99999993
49.99999996
49.99999996
49.99999982
49.99999984
49.99999979
49.99999981
49.99999985
50
49.99999983
49.99999983
49.99999985
49.99999989
49.99999986
49.99999979
49.99999992
49.99999986
49.99999998
49.9999997
49.99999978
49.99999998
49.98937585
49.99999996
49.99999998
49.99999984
49.94292401
49.99999996
49.99999981
49.99999977
49.99999982
49.99999981
49.99999978
49.99999983
49.99999996
49.99999998
49.9999999
49.99999985
49.99999994
49.99999986
49.99999997
49.99999993
49.99999979
49.9999999
49.99999973
49.99999996
49.99999997
49.99999994
49.99999996
50
49.99334609
49.99932968
49.99621519
49.99580545
49.94968521
49.99999991
49.99999982
49.99999967
49.99999975
49.99999987
49.99999955
49.99999973
49.9999997
49.99999948
49.99999947
49.99999996
49.99999968
49.99999984
49.99999973
49.99999988
49.99999978
49.99999963
49.99999982
49.99999969
49.99999992
49.99999991
49.99999946
49.99999971
49.99999982
49.99999979
49.9999999
49.99999949
49.99999992
49.99999969
49.99999973
49.99999965
49.99999988
49.99999997
49.99999946
49.99999996
49.99999981
49.99999989
49.9999998
49.99999991
49.99999986
49.99999969
49.99999993
49.99999953
50
49.97949496
49.9839896
49.97638016
49.99549098
49.97247315
49.96790642
49.96692421
49.98499057
49.99869675
50
49.99119694
50
50
49.9968833
49.99460203
49.99317502
49.99999999
49.99519589
50
49.98506694
50
50
50
49.99566012
49.99771587
49.96766268
49.9999995
49.99999988
49.99999989
49.9999999
49.99999972
49.99999998
49.99999951
49.9999999
49.99999984
49.99999983
49.99999996
49.99999995
49.99999987
49.99999984
49.99999993
49.99999997
49.99999989
49.99999997
49.99999978
49.99999977
49.99999988
49.99999968
49.99999995
49.99999984
49.99999955
49.99999968
49.99999965
50
49.99653595
50
49.9992467
49.99541034
50
50
49.99982575
49.99247505
50
49.97283957
50
49.99340497
49.99521913
50
49.98143919
49.99769504
49.99962367
49.98848309
49.97428299
49.99615764
49.98911399
49.99265551
49.98904784
49.99306727
49.99840859
50
50
50
49.99875742
49.99489022
50
50
49.9884151
49.94578821
49.99476537
50
50
49.97422932
49.99407191
49.99825143
49.99999949
49.99999988
49.99999979
49.99999983
49.99999972
49.99999953
49.99999947
49.9999998
49.99999996
49.9999998
49.99999976
49.99999994
49.99999954
49.99999958
49.99999944
49.99999982
49.99999957
49.99999989
49.99999986
49.99999987
49.99999992
49.99999963
49.9999997
49.99999994
49.99999985
49.99999952
49.99999979
49.99999932
49.99999946
49.99999976
49.99999983
49.99296541
49.97537941
49.95400925
49.96922349
50
49.99727283
49.99960786
50
49.99999998
49.98187561
49.99487107
50
50
49.99076077
49.99521929
49.99309182
49.99999998
49.999999
49.99999965
49.99999989
49.99999955
49.99999965
49.99999995
49.9999999
49.9999996
49.99999905
49.99999945
49.99999955
49.99999982
49.99999991
49.99999996
49.99999989
49.99999959
49.99999985
49.99999992
49.9999993
49.99999999
49.99999993
49.9999994
49.99999967
49.99999876
49.9999998
49.99999985
49.99999989
50
50
50
49.99999985
50
49.99608397
49.99067681
50
49.99999986
49.99841081
50
49.99742047
50
49.99841504
50
49.99697219
49.99661598
49.99712641
49.99564408
50
50
49.98632834
49.98036977
49.976609
49.99582776
50
49.99391514
49.99770297
49.99917991
49.99275679
49.99652523
49.99971987
49.99876366
49.98659594
50
50
50
49.9931738
49.99972792
49.9840198
50
49.99262754
49.99569239
50
49.99425123
49.99041369
50
49.9999995
49.9891288
49.97167596
49.99410735
49.99376246
49.99702143
49.99992957
49.99999976
49.99842262
50
49.99824981
50
49.99059867
49.95255449
49.99777144
50
49.9997736
49.97610818
49.99977025
49.99196026
49.99833748
49.99999922
49.99999998
49.9999998
49.9999993
49.99999914
49.99999972
49.99999943
49.99999963
49.99999956
49.99999955
49.9999994
49.99999911
49.99999945
49.99999971
49.99999971
49.99999936
49.99999905
49.99999961
49.99999956
49.99999928
49.99999984
49.9999999
49.99999895
49.99999922
49.99999988
49.99999905
49.99999973
49.99999983
49.99999971
49.99999944
49.99999922
49.99999972
49.99999924
49.99999943
49.99999968
49.99999967
49.99999896
49.99999963
49.99999917
49.99999965
49.99999904
49.99999906
49.99999905
49.9999993
50
49.99679199
49.99740042
50
50
49.98429722
49.97984855
49.97312901
49.98272419
49.99715764
50
49.98793419
49.98910756
50
50
49.99999912
50
49.98424295
49.97705991
49.99999982
49.99141347
49.97634251
49.99849803
49.99999971
49.99627912
50
49.99947692
49.99999995
49.98042985
49.99999931
49.99999977
49.99999896
49.99999982
49.99999964
49.99999957
49.99999977
49.99999971
49.99999935
49.99999893
49.99999993
49.99999946
49.99999989
50
49.99724376
49.9999989
49.99999945
49.99999948
50
49.99708541
49.99664008
49.99611279
49.9999995
49.99999945
49.99999991
49.99999958
49.99999915
49.9999993
49.99999946
49.99999973
49.99999971
49.99999931
49.99999862
49.99999929
49.99999926
49.99999916
49.9999991
49.99999992
49.99999949
49.99999851
49.99999939
49.99999857
49.9999996
49.99999984
49.9999999
49.99999962
49.99999982
49.99999922
49.99999977
49.99999959
49.99999852
50
49.99999999
49.99861052
50
49.99953371
50
49.99975384
49.99999999
49.99963835
50
49.99689581
49.99999886
49.99999903
49.99999914
49.99999893
49.99999851
49.99999942
49.99999934
49.99999862
49.99999909
49.9999984
49.99999982
49.99999888
49.9999995
49.99999952
49.99999924
49.99999986
49.99999841
49.99999883
49.99999969
49.99999939
49.9999998
49.99999882
49.99999988
49.99999915
49.99999847
49.99999976
49.99999875
49.99999889
49.99999939
49.99941745
49.98589087
50
49.99995732
50
49.98036992
50
49.99279428
50
50
49.99999999
49.99913018
49.99979833
49.97794873
49.98862976
49.9998039
49.99999729
49.99956625
49.99921611
49.99859153
50
49.99999837
49.99999866
49.99999914
49.9999994
49.99999966
49.99999851
49.99999927
50
49.99999879
49.99999922
49.99999861
49.99999962
49.99999821
49.99274221
49.97860308
50
49.99645644
49.99411848
50
50
50
50
50
49.99501097
50
49.99999836
49.99396782
49.99817431
49.99374711
49.996968
50
49.99748686
50
49.99185899
49.99675371
49.99751709
49.99682239
49.99757749
49.99935995
50
49.99925752
49.99964582
49.99826725
49.99924781
50
49.99824191
50
50
49.96682113
50
49.99919539
49.98162449
49.99999938
49.9986342
49.99650635
49.99777715
49.99947462
49.99962156
49.99139196
49.99999978
49.99723402
49.9975578
49.99127105
49.98977155
49.99999995
49.99476973
50
50
49.99999993
49.99075528
49.97137783
49.99986329
49.99999966
49.99999963
49.99862772
49.9999993
49.9955974
50
49.9916163
49.99781184
49.9964374
49.99684233
50
50
49.98902635
49.98985568
49.99815047
49.99492717
50
49.99302145
49.99997733
49.99999896
49.99999955
49.999999
49.99999886
49.99999978
49.9999982
49.9999997
49.99999899
49.9999998
49.99999991
49.9999991
49.99999879
49.99999984
49.99999843
49.99999929
49.99999982
49.99999998
49.99999999
49.99999908
49.99999949
49.99999898
49.99999861
49.999998
49.99999872
49.99999988
49.99999953
49.99999858
49.99999913
49.99999954
49.99999853
49.99999792
49.99999796
49.99999935
49.99999819
49.99999941
49.99999995
49.99999875
49.99999968
49.99999889
49.99999941
49.9999984
49.99999784
49.99999793
49.99999833
49.99999884
49.99999814
49.99999964
49.99999935
49.99999971
49.99999867
49.99999803
49.99999962
49.99999882
49.99999847
49.9999993
49.9999981
49.99999831
49.99999879
49.99999781
49.99999815
49.99999782
49.9999999
49.99999976
49.99999928
49.99999796
49.99999764
49.9999995
49.99999861
49.99999896
49.99999932
49.99999782
50
49.99999837
49.99999793
49.99999838
49.99999826
49.99999905
49.99999941
49.9999995
49.99999922
49.99999811
49.99999909
49.99999999
49.99999905
49.99999796
49.99999926
49.99999994
49.99999902
49.99999828
49.99999842
50
49.99999893
49.99999825
49.99999996
49.99999846
49.99999819
49.99999896
49.99999979
49.99999992
49.99863416
50
49.99950566
49.99965329
50
49.99887877
49.99998943
50
49.99713856
49.99414368
49.99818789
50
49.99967099
49.9977067
49.9951953
49.99993676
49.99988338
49.998485
50
49.99771787
50
49.99957142
49.99483879
50
49.99937514
50
50
49.99928188
49.99726336
49.99614047
49.99805307
49.99770366
50
50
50
49.99573977
49.99987459
50
49.9999878
49.9982486
49.99704382
50
50
49.99839379
49.99493761
49.98813295
49.99555385
49.99848738
50
49.9973804
49.9982745
49.98604215
49.99762684
49.99906477
49.99825413
49.99998758
50
49.99904083
49.99999999
49.99999743
49.99839309
49.99941254
50
49.99546998
50
50
49.99931795
49.9896239
49.99999826
49.99999868
49.98563358
49.99891989
49.99674248
49.9999991
50
49.99648879
50
49.99998016
50
50
49.99963854
50
50
49.99867683
49.99694867
50
49.9999994
49.99784205
50
50
49.97550487
49.99965405
50
49.99800722
49.99999824
49.9999983
49.9999978
50
49.99999955
49.99996477
50
49.99523895
49.98828012
50
49.99999886
49.99999831
49.99999831
49.99999814
49.99999868
49.99999834
49.99999999
49.99999984
49.99999931
49.99999844
49.99999918
49.99999922
49.99999873
49.99999901
49.99746205
49.99999571
49.99999596
49.99999503
49.99999968
49.99999944
49.99944544
49.99999882
49.99999793
49.99999467
49.99999931
49.99944501
49.99999853
49.99900346
49.99999631
49.99999749
49.99999873
39.55696953
40.41808595
41.47116181
41.4726203
41.46626587
41.46907455
49.99999874
41.47128526
41.37485332
49.99999947
49.99999888
49.99999819
41.47102488
41.46882966
41.47242942
41.47375527
41.47237487
41.47255024
41.47158171
41.46855639
41.47005927
41.47239172
41.47282202
41.47721202
41.4691769
41.47125472
41.4731689
41.47494485
41.47129763
41.47435736
41.47940563
49.9999987
49.99999384
49.9999995
49.99999558
49.99999774
49.9968505
49.99999967
49.99999771
49.99998583
50
49.9999967
49.99999943
49.99999355
49.99999329
49.99999607
49.99999358
49.99999565
49.99999971
49.99999328
49.99999537
49.99999745
49.99999318
49.99999616
49.99999975
49.99999901
49.99999925
49.9999937
49.99999325
49.99999639
49.99999305
49.99999613
49.99999455
49.99999596
49.99999474
49.99999906
41.4716338
41.47006916
41.46914939
41.46760239
41.47254555
41.47235478
41.4730154
41.47048094
41.46713971
41.47008234
49.99999983
41.46017366
41.45393965
41.46175428
41.46529437
41.46936008
41.47117051
41.47151222
41.47279211
41.47551203
41.47898465
41.48090095
41.48765531
49.9999983
49.999997
49.99999739
49.99999979
49.99999869
49.99999517
49.99999399
49.99999848
41.25424944
49.99999939
40.95331564
49.99999799
49.999997
49.99999601
49.99999555
49.99999343
49.99999767
49.99999588
49.99999855
49.99999954
49.9986015
49.99999802
49.99999894
41.47746239
41.46623186
49.99999786
49.99999769
41.47330663
41.43700539
40.96273942
41.2581944
41.37809907
41.47277358
49.99999901
49.99999781
41.47212008
41.47070259
49.99999859
49.99999663
49.99999961
49.9999989
49.99999656
49.99999982
49.99999931
49.99999806
49.99999359
49.99999742
49.99999983
49.99999847
41.47969414
41.47874122
41.47624536
41.4731103
41.48169866
49.99999598
41.4712244
41.47135866
49.99938195
49.99999709
49.9999955
49.99999366
50
49.99999776
49.99999692
49.99999419
49.99974667
49.99999736
41.46881925
41.46839585
41.47319613
41.46721377
41.46659912
49.99999441
49.9999994
49.99999935
49.99999484
49.99999898
41.47356738
41.47346182
41.47298324
41.46952347
41.48326209
41.49910567
41.47008788
41.4689126
41.47248383
49.99999584
50
49.99999452
49.99842867
49.99999762
41.47358762
41.46909872
41.47560213
49.99999365
41.46959523
41.46340364
49.99999852
49.99999862
49.99999807
49.99999646
40.41874317
41.47297853
41.47616475
41.47428183
41.46690993
41.46972859
49.9999981
39.54551672
49.9999935
49.99999831
41.44392558
49.9999991
49.99999963
49.99999999
49.99695044
49.99999999
50
49.99999976
49.99999992
49.99719385
41.47346259
49.99999998
49.99999872
49.97603928
49.98301409
50
50
49.9896447
50
49.99525513
49.99740301
49.99803006
41.47283292
49.99999391
41.47183167
49.99999594
49.99999708
41.47442808
49.99999832
49.99999844
49.99753874
49.99691852
49.99999359
49.99999366
0.4476702309
0.08988714067
0.3571429966
0.222169085
0.2805211011
0.3072358396
0.3761995304
0.111808136
0.2301566916
0.2690062082
0.4244197954
0.3673224619
0.2295116536
0.1848628985
0.154297044
0.07132156084
0.2379084363
0.273497761
0.3187383999
0.3507046158
0.3434225473
0.3598784911
0.3168356328
0.08071410527
0.1984072284
0.2631091446
0.2212033059
0.1869399931
0.02857303566
0.03924699323
0.2178510803
0.2088430311
0.02119133522
0.08227894388
0.2382363124
0.2161713214
0.2490137736
0.05244229629
0.1730327967
0.09013701375
0.1090602065
0.1382348742
0.2385425443
0.2073526905
0.1105288001
0.1692046327
0.2333444539
0.289220466
0.03005669326
0.04815017924
0.2664151961
0.2500164739
0.2627595722
0.23444981
0.2121627803
0.1949408511
0.03079603706
0.06712857619
0.06958861603
0.2284644545
0.2303633732
0.1756991209
0.08013853204
0.2838022131
0.263818038
0.2482185526
0.2204975094
0.1405010771
0.0220153917
0.046438793
0.08441392363
0.04137524457
0.02303546777
0.2177794134
0.05392712401
0.02347166323
0.4708741923
0.4530643968
0.4714699355
0.4482775368
0.452315778
0.4620126111
0.3378486775
0.3845701736
0.4197256628
0.4765398202
0.4514550181
0.4169266065
0.07029969537
0.356509766
0.3716089196
0.3414022299
0.3576521526
0.3532826539
0.1312111631
0.1491745563
0.1763552064
0.4228325113
0.4594212786
0.4035522042
0.365583349
0.3369439439
0.3315580176
0.2996449115
0.2995431609
0.273700715
0.2504700857
0.2084939096
0.09929336501
0.1059804742
0.08560956552
0.06603150505
0.03871708852
0.2578929098
0.2368450904
0.2655507086
0.2351603817
0.3069115815
0.256569176
0.2784618153
0.447091408
0.2887178108
0.4569194167
0.3958134135
0.3871960477
0.3550982186
0.04794140404
0.2395675779
0.2536416494
0.2673934854
0.2817469061
0.209479648
0.2219877991
0.2398674945
0.2609657267
0.2799736261
0.2939124802
0.2993053156
0.285719743
0.2615721441
0.2478149754
0.2376213199
0.2298596076
0.2256299532
0.2177216679
0.2031729589
0.1838424983
0.1622149929
0.1508992523
0.1509148491
0.1958957184
0.1609905457
0.1749039504
0.02832809947
0.03532666693
0.04226598634
0.04914320301
0.05697439546
0.06574034024
0.05669976097
0.0758475047
0.08731363229
0.09961396442
0.1141404314
0.1306237873
0.1468180791
0.1632515033
0.1554088978
0.1799724508
0.1965244225
0.2125855595
0.2424054895
0.256601283
0.2721488864
0.288832987
0.2236086271
0.3084278856
0.3352529009
0.3674776387
0.4025783813
0.2814476295
0.2618127183
0.3012046002
0.2200958073
0.2294552684
0.2406596227
0.2527701343
0.2646965549
0.2736787254
0.3182633097
0.277452522
0.2754874805
0.2578708905
0.3232964896
0.24357199
0.2343134595
0.22694624
0.2102802651
0.1831023306
0.1576247006
0.1276953325
0.09889906203
0.08879330289
0.09593735924
0.1229940772
0.0329454777
0.03701213147
0.0426361063
0.04891907964
0.05619139603
0.07565204333
0.0669535218
0.07871938628
0.09230454407
0.1090893608
0.1245966779
0.1397150224
0.1551811404
0.191369632
0.1710739981
0.1867100107
0.2024408439
0.2178744523
0.231495949
0.2468078541
0.263528434
0.2807432511
0.3964539185
0.3038866385
0.3357236428
0.3722506936
0.4284045453
0.02416330217
0.1720615876
0.2076266059
0.2277723774
0.1897765618
0.1893681982
0.3169093404
0.2940267165
0.1243306125
0.1115638523
0.06287695743
0.06834784795
0.2431989561
0.1624446612
0.1941852735
0.07164116411
0.3345290838
0.2777355167
0.3337895853
0.2070105046
0.2578479603
0.3056456248
0.2359179868
0.2138913966
0.2275718256
0.2689272302
0.1625557333
0.02982446822
0.3306860417
0.08686665077
0.05439509336
0.1389795003
0.2320565496
0.2179851786
0.2411913759
0.1200363767
0.1500799123
0.3096600565
0.02146973159
0.02182195305
0.02252566155
0.02267676631
0.02280902025
0.02344316472
0.02482394065
0.0263549178
0.02790128757
0.02896963364
0.02977456708
0.03003212698
0.0307720661
0.03209600529
0.03408948363
0.03749082847
0.04085255177
0.04549456504
0.0502409304
0.05406125286
0.05812016341
0.06266814148
0.06665363363
0.07011035173
0.07530966023
0.07909103397
0.08375075571
0.08920627376
0.09644735223
0.1039241441
0.1017069106
0.1080517767
0.115191522
0.1240016325
0.1306574012
0.1320287475
0.1375563448
0.1447159422
0.1538040771
0.1618991346
0.1691878686
0.1764306569
0.1847762151
0.1935988357
0.2037411561
0.2111947737
0.2093146869
0.2173676259
0.2240786426
0.2279132061
0.2302608333
0.2364907914
0.2425497941
0.2502759984
0.2564398441
0.2625549516
0.2699383437
0.2784350814
0.2906576051
0.3024521119
0.3395006903
0.3468412752
0.3438810322
0.3434469527
0.3151109926
0.3613516896
0.3058003634
0.2911512887
0.2827704477
0.2753388847
0.2697459414
0.2606193027
0.2418373358
0.2239373931
0.2038797205
0.1686480757
0.1655611939
0.1588319609
0.1605790895
0.1581799898
0.1635551694
0.1762208966
0.1518395906
0.1429402832
0.1308409909
0.1358413855
0.1459701991
0.1323315833
0.1158529429
0.07730850038
0.101812116
0.06906465325
0.06009798424
0.05604615099
0.05345866338
0.04884494472
0.04901744346
0.06239899102
0.02729551371
0.3676896494
0.3509172737
0.2470723326
0.1750874759
0.2487266211
0.1866794141
0.2271304591
0.112790529
0.2076864587
0.2017913212
0.2686979944
0.2635535201
0.2521071608
0.2337818961
0.2094571136
0.1821462395
0.1581126643
0.1177134838
0.09239313537
0.0785836297
0.0177639291
0.01914337946
0.01962367367
0.01980424206
0.02029311046
0.02101850116
0.02211056181
0.02349098779
0.02479460705
0.0258045786
0.02664104419
0.02762617702
0.02905807841
0.03105145222
0.03399614859
0.03782384622
0.04253758795
0.04780967105
0.05195532829
0.07658096072
0.06584091808
0.05863438841
0.251705248
0.2568209869
0.2900684581
0.3272752029
0.3212632911
0.3201642442
0.3127310955
0.3047335107
0.2915160533
0.2771195647
0.2651108542
0.2510964003
0.2390610816
0.2267759422
0.2162049002
0.1821528078
0.1612619035
0.1727580088
0.4753015134
0.1165503975
0.1051227274
0.1928141527
0.2501530275
0.2355436993
0.147743065
0.1225521141
0.09762094196
0.1326800662
0.1198723975
0.0911795523
0.07007125875
0.05813142274
0.06580002796
0.06765594648
0.06383837709
0.08542488928
0.06138899693
0.05141518916
0.04000647637
0.03474404333
0.04123627846
0.05161991373
0.06961011783
0.2009087873
0.1492575857
0.1409594054
0.1257555967
0.0741677113
0.06994666046
0.03799396191
0.02536328322
0.05779861787
0.2458917128
0.2668442188
8.941836649
0.2578059704
8.931426343
0.2395462586
8.91935081
0.2281682791
8.906717625
0.2226670027
0.2166403117
8.906567501
0.1915532613
8.895811619
8.89104549
0.1831984705
8.865352393
8.870953195
8.857591633
0.1097305328
8.848390545
0.1335021671
0.09592671191
0.089155804
8.824079565
8.816298291
8.818661182
8.804302308
0.06222717954
8.805927028
8.802604103
0.05518173683
8.795865242
8.79708532
0.04419543218
8.783083977
8.776026633
0.03441247527
8.77255274
8.778152525
8.771639506
8.773989292
8.769413211
8.773410655
8.859939556
8.846893707
0.2478158743
8.842284195
8.870644329
8.886079421
8.889858443
8.886740169
8.884983947
8.892403925
8.875499607
8.867633812
8.871862006
8.853449246
8.839219155
8.838676168
8.821872621
8.820218475
0.2064552024
8.820655369
8.822955073
8.795067232
8.840834903
8.957555665
8.815021337
8.792286411
8.789315823
8.783302143
8.791653942
8.793475562
8.784147362
8.781305886
8.796835894
8.800299792
8.786914236
8.797980905
8.792499685
8.781261607
8.77784785
8.771009531
8.776977018
8.785781638
0.2990797037
8.860430792
8.789837085
0.1747064517
8.893408001
0.4802190576
8.796185668
8.767438007
0.323755327
8.835299354
8.83114626
0.1028531548
8.836459757
8.777172399
8.928533517
8.922289086
0.2715922874
8.931927692
8.916792111
8.908372286
8.84542514
8.797366334
8.780740541
8.805083516
8.82721578
8.881776954
0.05119029819
8.873644442
8.849586035
8.815513302
0.2537862667
8.944579065
8.76735773
8.78366083
0.08322270851
8.771293798
8.921044904
0.1667652384
8.907428043
8.857134966
8.776458551
8.794878546
0.02852027224
</DataArray>
<DataArray type="Float64" Name="velocity" NumberOfComponents="3" format="ascii">
1.009825013 -28.3609281 0.0
1.008098294 -28.34180168 0.0
1.008068999 -28.34867539 0.0
1.00499484 -28.34228653 0.0
1.001788255 -28.34386012 0.0
1.006619615 -28.34588861 0.0
1.007215662 -28.35160769 0.0
1.008045041 -28.35131212 0.0
0.9968889488 -28.33650528 0.0
0.9999890981 -28.33436268 0.0
1.003839437 -28.34360106 0.0
1.005774602 -28.34830766 0.0
1.010268167 -28.3681261 0.0
1.008851816 -28.37313017 0.0
1.009582543 -28.38029396 0.0
1.010642711 -28.35631449 0.0
1.007936178 28.35482011 0.0
1.000519604 28.34233998 0.0
0.9987832612 28.343051 0.0
1.004372614 28.34437728 0.0
1.003398005 28.35439222 0.0
1.0115083 28.35389707 0.0
1.012179286 28.35392225 0.0
1.007159559 28.3533571 0.0
1.005102743 28.35608427 0.0
1.004405686 28.34928369 0.0
1.005175549 28.35897843 0.0
1.003695432 28.35302312 0.0
1.001306399 28.34981553 0.0
0.9969784794 28.34490706 0.0
1.002310003 28.34514825 0.0
1.000092325 28.34607611 0.0
0.9998572591 28.33820666 0.0
1.003151162 28.34736567 0.0
1.003279086 28.34415129 0.0
0.9992392303 28.33751005 0.0
1.005654242 28.35270287 0.0
1.007156143 28.35694976 0.0
1.008889154 28.36091928 0.0
1.006140781 28.35096573 0.0
1.011028468 28.34736272 0.0
1.007007538 28.35675444 0.0
1.01428449 28.35632318 0.0
1.011035741 28.35367506 0.0
1.001951598 28.33825805 0.0
1.01294687 28.35758704 0.0
1.004487684 28.34925037 0.0
1.010279922 -28.35683001 0.0
1.003182876 -28.34321575 0.0
1.01311032 -28.35533068 0.0
1.006503267 -28.34949887 0.0
0.9987777711 -28.34033094 0.0
1.007605039 -28.35781672 0.0
1.005225003 -28.35863181 0.0
1.008119275 -28.35701187 0.0
1.008728113 -28.35841733 0.0
1.000217479 -28.33685319 0.0
1.004307767 -28.34219238 0.0
1.011203455 28.34927117 0.0
1.01092231 28.34922683 0.0
0.9990762455 28.3349336 0.0
1.008855224 28.34364597 0.0
1.006653402 28.35555976 0.0
1.007126357 -28.35228477 0.0
1.008484343 -28.35225168 0.0
1.007439216 -28.35050081 0.0
1.007156232 -28.35198214 0.0
1.006656608 -28.35120516 0.0
1.001054694 -28.33662054 0.0
1.006960791 -28.35108625 0.0
1.008192542 -28.34950066 0.0
1.005084671 -28.34939359 0.0
1.010645248 -28.35304203 0.0
1.008214095 -28.35563495 0.0
1.00615085 -28.36175877 0.0
1.005449598 -28.36104687 0.0
1.009698272 -28.36738582 0.0
1.00875902 -28.36022016 0.0
1.011731233 -28.35527531 0.0
1.011521073 -28.35341641 0.0
1.009547604 -28.34891579 0.0
0.9845116365 -28.34171087 0.0
1.012447282 28.35906196 0.0
1.017166263 28.35942936 0.0
1.01243486 28.35067621 0.0
1.000895097 28.34142604 0.0
1.009526332 28.36095164 0.0
1.005875454 28.35341618 0.0
1.002388615 28.34564812 0.0
1.007163148 28.36096308 0.0
1.001444004 28.34620402 0.0
1.00333405 28.34793321 0.0
1.00188687 28.3460715 0.0
1.001204342 28.34597674 0.0
1.004878798 28.35273237 0.0
1.00603204 28.35291095 0.0
1.011176508 28.35231834 0.0
1.010125385 28.34986372 0.0
1.0129524 28.35138217 0.0
1.010088844 28.35142949 0.0
1.009964913 28.35361249 0.0
1.007997667 28.35010218 0.0
1.009066513 28.35072097 0.0
1.017345578 28.35156151 0.0
1.00875314 28.35266616 0.0
1.012072708 28.35137247 0.0
1.012651006 28.34727415 0.0
1.006720483 28.34514771 0.0
1.010349835 28.34822711 0.0
1.011977098 28.34508011 0.0
1.007515684 28.34071505 0.0
1.009391478 28.35098471 0.0
0.9999231633 28.33073451 0.0
1.010398086 28.34943047 0.0
1.00916134 28.35184406 0.0
1.012556447 28.36209226 0.0
0.9976288077 28.35392679 0.0
0.9997150688 28.3483792 0.0
1.007276682 28.35245806 0.0
1.007027437 28.34686554 0.0
1.011456885 28.3530865 0.0
0.9985032143 28.34758749 0.0
1.004881252 28.35487756 0.0
1.003111436 28.35102179 0.0
1.001933026 28.34165943 0.0
0.9986612905 28.3408643 0.0
1.005627703 28.34596433 0.0
1.00307341 28.35145374 0.0
1.008503919 28.36015349 0.0
1.002118088 28.35443319 0.0
1.005132126 28.35468499 0.0
1.002216407 28.35677222 0.0
1.006793658 28.35315977 0.0
1.000957094 28.34288655 0.0
0.9980875352 28.33430697 0.0
1.000371886 28.33466169 0.0
1.005443834 28.35267338 0.0
1.006413824 28.35433535 0.0
1.00781675 28.36133444 0.0
0.9985608294 28.34138212 0.0
1.011324937 -28.36428268 0.0
1.011021541 -28.34656241 0.0
1.008400863 -28.34835041 0.0
1.006441802 -28.34755992 0.0
1.007226574 -28.35084861 0.0
1.007928657 -28.35167594 0.0
1.008461461 -28.35252632 0.0
1.009238511 -28.34899157 0.0
1.004026043 -28.35483813 0.0
0.9967670639 -28.33870882 0.0
1.006986433 -28.35440529 0.0
1.004917846 -28.35389485 0.0
1.007052735 -28.35402926 0.0
1.003538197 -28.35463707 0.0
1.00606922 -28.3560629 0.0
1.00618827 -28.35261871 0.0
1.009327132 -28.35825344 0.0
1.008783628 -28.35178518 0.0
1.008618267 -28.3522537 0.0
1.008066505 -28.35228668 0.0
1.005484723 -28.35002387 0.0
0.9993787733 28.31634175 0.0
1.006939621 28.35772288 0.0
1.002398158 28.32731242 0.0
1.007864465 -28.35566741 0.0
1.007376958 -28.35691453 0.0
1.001101608 -28.31779848 0.0
1.008766227 -28.34861749 0.0
1.007061586 -28.34748461 0.0
1.00242024 -28.3377301 0.0
1.002500279 -28.31933683 0.0
1.007447811 -28.34721161 0.0
1.000288607 -28.31719034 0.0
1.00628023 -28.34672327 0.0
0.999375057 -28.3184501 0.0
1.008342022 -28.35258775 0.0
1.005078286 -28.34706426 0.0
1.003478598 -28.34509312 0.0
0.9995148856 -28.31563552 0.0
0.9983899001 -28.31651286 0.0
1.007418235 -28.34623611 0.0
0.9992266816 -28.3127716 0.0
1.0037678 -28.34423743 0.0
0.9979424347 -28.3262185 0.0
1.004121182 -28.34117201 0.0
1.000661163 -28.3307869 0.0
1.0109108 -28.36635871 0.0
1.009747965 -28.38062248 0.0
1.012689142 -28.36106485 0.0
1.000053129 -28.31870222 0.0
1.008409591 -28.35259986 0.0
1.000453064 -28.31686604 0.0
1.000341691 -28.32278843 0.0
1.010185544 -28.35693121 0.0
1.0027215 -28.32489123 0.0
1.014831202 -28.35488462 0.0
1.006342567 -28.35641723 0.0
1.006403752 -28.35358186 0.0
1.004759708 -28.35217799 0.0
0.9990767564 -28.3219965 0.0
1.006109021 -28.34978136 0.0
0.9990169595 -28.32218758 0.0
1.009368841 -28.35822309 0.0
1.006234331 -28.3497249 0.0
0.9999614223 -28.31686396 0.0
1.000955268 -28.33701046 0.0
1.000539555 -28.32206115 0.0
1.008062776 -28.35399458 0.0
1.009143972 -28.35099901 0.0
1.001172712 -28.31889615 0.0
1.000046882 -28.34028768 0.0
1.007347557 -28.34845252 0.0
1.00095054 -28.3185864 0.0
1.008830711 -28.35473803 0.0
1.009025524 -28.35416786 0.0
0.9985943302 -28.32062085 0.0
1.00920167 -28.35147191 0.0
0.9998035965 -28.31678695 0.0
1.009712705 -28.3519669 0.0
1.00683528 -28.35129766 0.0
1.00041696 -28.3214201 0.0
0.9970652928 -28.31896928 0.0
1.012537815 -28.35607936 0.0
1.002128025 -28.31524995 0.0
1.011394296 -28.3521525 0.0
1.008855366 -28.35422544 0.0
1.007180581 -28.36737668 0.0
0.9866334371 -28.32228552 0.0
1.009928313 -28.36642701 0.0
1.013789926 -28.36012849 0.0
1.015610887 -28.36030884 0.0
0.9357335315 -28.33148216 0.0
1.018074318 -28.35302149 0.0
1.010707852 -28.35182436 0.0
1.00493449 28.34807176 0.0
0.9996040872 28.31995391 0.0
0.9996393112 28.31856234 0.0
0.9995561611 28.31546074 0.0
0.9991580613 28.31695726 0.0
1.001911705 28.35300997 0.0
1.004701993 28.34309286 0.0
1.000872779 28.32059991 0.0
1.010786263 28.35912487 0.0
0.9982059218 28.31501592 0.0
1.000978791 28.35334969 0.0
1.000830436 28.3219501 0.0
0.9996608046 28.3195861 0.0
1.007349542 28.34176596 0.0
0.9987684848 28.31958025 0.0
1.013327576 28.35187187 0.0
1.001703339 28.32057437 0.0
0.9988317598 28.31696683 0.0
0.9997023467 28.31283364 0.0
1.007285191 28.33816655 0.0
1.015187412 28.35789549 0.0
1.009704177 28.36302976 0.0
0.9966363061 28.32004498 0.0
0.9998940731 28.32990579 0.0
0.9998013702 28.31998763 0.0
0.9985926003 28.32230102 0.0
1.00331116 28.35710381 0.0
1.00001981 28.31651055 0.0
0.9999189114 28.32295747 0.0
1.006966275 28.36145949 0.0
1.006531144 28.35266415 0.0
1.001417905 28.32710868 0.0
0.9981812026 28.31626578 0.0
1.005940568 28.34915605 0.0
0.9982359378 28.32053012 0.0
0.9979424901 28.3238073 0.0
1.00556342 -28.35713593 0.0
1.008418802 -28.35101668 0.0
0.9966539704 -28.31662537 0.0
1.010325929 -28.34723467 0.0
0.9993711992 -28.32062669 0.0
1.007271396 -28.3501107 0.0
1.010882415 -28.36430499 0.0
1.008443029 -28.36822563 0.0
1.009296681 -28.36727689 0.0
1.011266283 -28.35850385 0.0
1.015759451 -28.35531434 0.0
1.019593935 -28.35292117 0.0
1.012223287 -28.35400031 0.0
1.008633336 28.35336968 0.0
1.01039854 28.35328355 0.0
1.011496729 28.35105677 0.0
1.006295627 28.35452384 0.0
1.010136698 28.3548396 0.0
1.000775974 28.32358044 0.0
1.007564972 28.35924774 0.0
1.016591351 28.35108975 0.0
1.011205738 28.35217709 0.0
0.9983714653 -28.33877231 0.0
1.006995332 -28.35537896 0.0
1.009896379 28.36110932 0.0
1.008703325 28.35345446 0.0
0.9997813759 28.32078573 0.0
1.001678329 28.3232489 0.0
1.002766346 28.35052097 0.0
1.006942378 28.35942054 0.0
1.013405125 28.35627924 0.0
1.010088712 28.35082184 0.0
1.009746053 28.35344718 0.0
0.9998385524 28.32177795 0.0
1.001169431 28.3226486 0.0
1.001136127 28.34981888 0.0
1.000397016 28.34569964 0.0
1.002168318 28.31666536 0.0
1.007480347 28.35220777 0.0
0.9993241706 28.31920275 0.0
1.000695476 28.32629153 0.0
1.00814401 28.36015782 0.0
1.012496525 28.3511362 0.0
1.010654934 28.35567681 0.0
1.001757007 -28.3362643 0.0
1.000374762 -28.31764725 0.0
1.010675757 -28.34566519 0.0
0.9998130085 -28.31755392 0.0
1.007850596 -28.34469106 0.0
0.9929315557 28.32521331 0.0
1.005467319 -28.34769621 0.0
0.9974067261 -28.31825758 0.0
1.007250022 -28.3447199 0.0
0.9978503595 -28.33513519 0.0
1.000112315 -28.32328573 0.0
1.008404178 -28.37405254 0.0
1.005866054 -28.36285855 0.0
1.011505209 -28.37905138 0.0
1.010296387 28.36503058 0.0
1.006809642 28.35917565 0.0
1.007790289 -28.35090075 0.0
1.013590788 -28.36044705 0.0
1.012205812 -28.37906965 0.0
1.000222677 28.31598294 0.0
0.9999031786 28.31603315 0.0
1.004468815 28.34402807 0.0
1.007141888 28.36135728 0.0
1.0056458 28.34990209 0.0
1.003977699 28.34902263 0.0
1.003362274 28.34745845 0.0
1.0073343 28.3594398 0.0
1.007092967 28.3520507 0.0
1.001653871 -28.32390479 0.0
1.010587802 -28.34890638 0.0
1.007672751 -28.35101078 0.0
1.005671707 -28.35521777 0.0
0.9999638276 -28.32401468 0.0
1.003305758 -28.3566597 0.0
1.000406738 -28.32081805 0.0
1.004831533 -28.35146835 0.0
1.002939124 -28.35195012 0.0
0.9999342434 -28.31895212 0.0
1.006298689 -28.34795433 0.0
1.000437903 -28.3220863 0.0
1.000958658 -28.31842323 0.0
1.009081972 -28.34954682 0.0
1.005384913 -28.34580631 0.0
0.9955749151 28.32871473 0.0
1.000913704 -28.31679515 0.0
0.9983376809 -28.31844982 0.0
0.9984236032 -28.33658931 0.0
1.006254636 -28.3482283 0.0
1.004775678 -28.34573903 0.0
1.006354533 -28.35559127 0.0
1.010911423 -28.35373846 0.0
1.005559614 -28.35308253 0.0
1.00174853 -28.31512466 0.0
0.9961701571 -28.32703034 0.0
0.962014819 -28.33244533 0.0
0.9832403772 -28.32263686 0.0
0.995791552 -28.3266397 0.0
0.998742932 -28.33662686 0.0
1.00615247 -28.34892227 0.0
1.000073258 -28.32187095 0.0
0.998548625 -28.31577211 0.0
1.005437706 28.34964486 0.0
1.006193601 28.35205105 0.0
1.005686563 28.36152725 0.0
1.008729792 28.35985175 0.0
1.003777467 28.35043223 0.0
1.003775275 28.34651101 0.0
1.0028208 28.34960464 0.0
1.011649155 -28.3624042 0.0
1.010106995 -28.3480341 0.0
1.011440316 -28.34551069 0.0
1.009813573 -28.34870546 0.0
1.007068789 -28.34795531 0.0
1.006644258 -28.34677851 0.0
1.007289105 -28.35081112 0.0
1.008326728 -28.35213703 0.0
1.008682088 -28.35116184 0.0
1.00985507 -28.34912581 0.0
1.007743449 -28.34672802 0.0
1.003552328 -28.33992851 0.0
1.008302603 -28.36608336 0.0
1.010249012 -28.38041963 0.0
1.0134419 -28.37828674 0.0
1.014046258 -28.35926455 0.0
1.011299027 -28.35708028 0.0
1.01518044 -28.35459526 0.0
1.005679845 -28.35648956 0.0
1.00682445 -28.35380061 0.0
1.006636294 -28.35403756 0.0
1.005117976 -28.35535971 0.0
1.003104675 -28.35441065 0.0
1.005221926 -28.35312382 0.0
1.007495815 -28.35123588 0.0
1.009709905 -28.35795694 0.0
1.008939111 -28.34779127 0.0
1.006015725 -28.34867215 0.0
1.007624615 -28.35304109 0.0
1.008840726 -28.34947538 0.0
1.008926538 -28.3517925 0.0
1.008130571 -28.35228926 0.0
1.008902632 -28.35423152 0.0
1.009760709 -28.35137513 0.0
0.9997370072 28.26283581 0.0
1.000287206 28.26271075 0.0
1.000781586 28.27168353 0.0
1.002359436 28.27341474 0.0
0.9994646047 28.2653453 0.0
0.999508252 28.26618489 0.0
0.9997645423 28.26415265 0.0
0.9997414506 28.26177139 0.0
0.9999777558 28.26745972 0.0
0.9998916953 28.26810655 0.0
1.000108993 28.26883975 0.0
1.00089307 28.26890203 0.0
0.9986422388 28.26162788 0.0
1.000531146 28.2612358 0.0
1.000790007 28.2693396 0.0
1.000557937 28.26821797 0.0
0.9999760931 28.26516595 0.0
1.001630652 28.26135804 0.0
0.9986915537 28.26508318 0.0
1.00185062 28.26656329 0.0
0.9987874379 28.26359543 0.0
1.000122918 28.26163505 0.0
0.9994651383 28.25935145 0.0
1.010009158 -28.35078034 0.0
1.007574997 -28.3552777 0.0
1.008166027 -28.35518397 0.0
1.005170363 -28.35709147 0.0
1.006579639 28.35644028 0.0
1.011639153 28.35301163 0.0
1.007954281 28.35072419 0.0
1.011580878 28.3612559 0.0
1.012269349 28.3615878 0.0
1.01759373 28.35751225 0.0
1.008993784 28.3508531 0.0
1.010867869 28.344348 0.0
1.010241071 28.34669175 0.0
1.013045282 28.35179519 0.0
1.011806538 28.35095701 0.0
1.018413163 28.35104962 0.0
1.011282416 28.35183542 0.0
1.009655517 28.35224741 0.0
1.005613184 28.35315948 0.0
1.011000749 28.36005351 0.0
1.013307728 28.35131038 0.0
1.010675155 28.35180977 0.0
1.009167181 28.35228629 0.0
1.008691945 28.35354434 0.0
1.004394878 28.35159648 0.0
1.001989474 28.35235618 0.0
1.002551366 28.34575603 0.0
1.003614531 28.3479276 0.0
1.007141611 28.35234509 0.0
1.006832111 28.36025375 0.0
1.00780514 28.35987181 0.0
1.008390512 28.35780214 0.0
1.016565182 28.35939126 0.0
1.011907508 28.35623705 0.0
1.012048512 28.35239051 0.0
0.9984197685 -28.2636539 0.0
0.9999531336 -28.26382935 0.0
0.9991343411 -28.26469721 0.0
0.9972472101 28.26456461 0.0
0.9973118361 28.26552506 0.0
1.00080925 28.27063217 0.0
0.9998207451 28.26668119 0.0
0.9997887209 28.26636648 0.0
1.001421677 28.26924114 0.0
0.9986674409 28.26827891 0.0
1.000437969 28.26263166 0.0
0.9997533381 28.26296724 0.0
1.000085264 28.2687103 0.0
1.001149915 28.27311563 0.0
1.000558526 28.27144918 0.0
0.99833365 28.26290573 0.0
0.9994099226 28.26196875 0.0
1.005200736 -28.34905608 0.0
1.008483818 -28.3452191 0.0
1.011074006 -28.36320591 0.0
1.009359689 -28.36750009 0.0
1.010071796 -28.36649277 0.0
1.014872463 -28.3540611 0.0
1.021017311 -28.3523969 0.0
1.002188279 -28.27098347 0.0
0.9998403404 -28.26551188 0.0
0.9993123531 -28.31825397 0.0
1.000490775 -28.26817357 0.0
0.9986056734 -28.26154664 0.0
0.9973908861 28.26687341 0.0
0.9955090803 28.27066693 0.0
0.9906635081 28.27563322 0.0
1.002850206 -28.32016306 0.0
0.9938348914 -28.27359485 0.0
0.9772654249 -28.27015015 0.0
1.012897744 -28.35374555 0.0
0.999077455 28.26320911 0.0
0.9997233924 28.32152732 0.0
1.000943229 28.31562242 0.0
1.000741572 28.32496995 0.0
1.008645569 28.36028787 0.0
1.010913064 -28.35681118 0.0
1.009053468 28.36016582 0.0
1.000938691 28.34961507 0.0
1.000510833 28.31640847 0.0
1.010001494 28.36071317 0.0
1.012824007 28.35047065 0.0
1.011687944 28.35910132 0.0
1.005074484 -28.34434215 0.0
1.000544508 -28.33082593 0.0
0.9973363144 -28.32012319 0.0
0.9995300841 -28.26303883 0.0
1.00662893 -28.35390109 0.0
1.002267899 -28.26545405 0.0
0.9983613656 -28.26482111 0.0
1.00046031 -28.26298633 0.0
1.002320454 -28.32513462 0.0
1.009061979 -28.35819893 0.0
1.00037425 -28.27650045 0.0
1.000235644 -28.27632681 0.0
1.00033197 -28.26519072 0.0
1.000135783 -28.26280509 0.0
1.000391244 -28.26817988 0.0
1.002359194 -28.27090793 0.0
0.9979349923 -28.26588022 0.0
1.001750263 -28.26127197 0.0
0.9992378554 -28.26824129 0.0
1.000344562 -28.26840838 0.0
1.000028096 -28.27009422 0.0
1.000532081 -28.26729414 0.0
0.9989864486 -28.26777896 0.0
1.000201011 -28.26250221 0.0
1.008742186 -28.35089208 0.0
1.001176188 -28.34514565 0.0
0.9997815647 -28.26470621 0.0
1.000976212 -28.26534193 0.0
1.000065682 -28.26812562 0.0
1.000928406 -28.26508329 0.0
0.9973155925 -28.26469982 0.0
1.001803334 -28.26160144 0.0
0.9964783516 -28.26324155 0.0
0.9982197519 -28.26652621 0.0
1.002087016 28.26303439 0.0
1.011442337 -28.34721215 0.0
1.011787792 -28.34480128 0.0
1.012023605 -28.34963832 0.0
1.007826048 -28.34854268 0.0
1.006121403 -28.34640549 0.0
1.007309066 -28.35090473 0.0
1.008514716 -28.35163811 0.0
1.009923312 -28.34922134 0.0
1.00773684 -28.3471631 0.0
1.008741136 -28.34396786 0.0
1.003383914 -28.33993455 0.0
1.00577269 -28.36712656 0.0
1.014807574 -28.37759709 0.0
1.014108925 -28.35843792 0.0
1.012796168 -28.35721813 0.0
1.015672392 -28.35442821 0.0
1.006183031 -28.35635638 0.0
1.006513149 -28.35372805 0.0
1.005729702 -28.3541992 0.0
1.003627583 -28.35405808 0.0
1.004821716 -28.35217999 0.0
1.008284926 -28.35131643 0.0
1.009874013 -28.35797801 0.0
1.009011548 -28.35854733 0.0
1.008649613 -28.34677142 0.0
1.006421901 -28.34869961 0.0
1.008730125 -28.3507022 0.0
1.008266116 -28.34915426 0.0
1.009105784 -28.35181305 0.0
1.005836416 28.34942867 0.0
1.005767499 28.35108109 0.0
1.004979824 28.36159755 0.0
1.008333683 28.35997021 0.0
1.004137643 28.35120728 0.0
1.004719133 28.34639482 0.0
1.002754679 28.34895406 0.0
1.007308938 28.35776899 0.0
1.008262779 -28.35225289 0.0
1.006626075 -28.35239702 0.0
1.008772009 -28.35416068 0.0
1.010523572 -28.35073023 0.0
0.9997188209 28.11011507 0.0
1.000044226 28.10989913 0.0
1.000711357 28.11805142 0.0
1.002280004 28.12018269 0.0
0.9996781041 28.11245153 0.0
1.001966642 28.11024381 0.0
0.9999180295 28.11082579 0.0
0.9998355535 28.10900025 0.0
0.9990720786 28.11030949 0.0
1.000041293 28.1142855 0.0
0.9997978225 28.11518467 0.0
1.000240978 28.11414251 0.0
1.000695639 28.11568086 0.0
0.9990393964 28.10898406 0.0
1.000256508 28.10806602 0.0
1.000740826 28.11595069 0.0
1.00050315 28.1151495 0.0
1.000255071 28.11181135 0.0
1.001653251 28.10869796 0.0
0.9987540169 28.1116691 0.0
1.001798475 28.11337634 0.0
0.9988261417 28.11082112 0.0
0.9992641054 28.10652583 0.0
0.997462571 28.11124344 0.0
1.011767609 28.35324175 0.0
1.008396365 28.34967896 0.0
1.01234564 28.36215198 0.0
1.011447274 28.36167779 0.0
1.020117411 28.35710039 0.0
1.008423331 28.35063662 0.0
1.010074444 28.34379398 0.0
1.010335576 28.34614688 0.0
1.011609272 28.35077864 0.0
1.011834165 28.35088337 0.0
1.009720072 28.35157889 0.0
1.005442252 28.35222253 0.0
1.009873845 -28.35039728 0.0
1.008128889 -28.35536225 0.0
1.009124873 -28.35511278 0.0
1.00497471 -28.3571928 0.0
0.9977963023 28.11221971 0.0
0.9997859151 28.12262072 0.0
0.9998598276 28.11397152 0.0
0.9997743184 28.11297112 0.0
1.001239086 28.11600057 0.0
0.9988773065 28.11505957 0.0
1.000707989 28.10975673 0.0
0.9997853102 28.11016894 0.0
1.000163929 28.11546145 0.0
1.000831638 28.11987473 0.0
1.000404849 28.11834845 0.0
0.9984683312 28.11022127 0.0
0.9987836952 28.10893599 0.0
0.9958611058 28.11401398 0.0
0.9914152168 28.1179838 0.0
0.9819245592 28.12254388 0.0
0.9827136195 28.27359684 0.0
0.9259046379 28.11667212 0.0
0.8637694864 28.11294653 0.0
0.7465147516 28.11078011 0.0
1.003259885 -28.34850809 0.0
1.006426963 -28.34548325 0.0
1.006893928 -28.34885159 0.0
1.011200481 -28.36390758 0.0
1.010259643 -28.36735544 0.0
1.011549429 -28.36588465 0.0
1.011352615 -28.35536716 0.0
1.014275605 -28.35498668 0.0
1.02218963 -28.35242532 0.0
1.009234246 28.36057357 0.0
1.010444943 28.36124715 0.0
1.01336253 28.35110011 0.0
1.010150422 28.35154778 0.0
1.008678455 28.35193873 0.0
1.008027534 28.35343064 0.0
1.004190389 28.35298479 0.0
1.002581017 28.35209612 0.0
1.00089334 28.34967466 0.0
1.003141698 28.3452659 0.0
1.004036216 28.34787146 0.0
1.004651434 28.34844465 0.0
1.006402094 28.35263435 0.0
1.006676735 28.35996396 0.0
1.01034028 28.36065052 0.0
1.010824169 28.35807602 0.0
1.013156889 28.35081107 0.0
1.015453694 28.35855409 0.0
1.010886726 28.35862623 0.0
1.012294313 28.35652745 0.0
1.012439185 28.35191177 0.0
1.00021091 -28.26313182 0.0
1.000490425 -28.10987063 0.0
0.999821444 -28.26926936 0.0
0.9978663891 -28.2646552 0.0
0.9991618055 -28.26143788 0.0
0.9989831364 -28.25937508 0.0
1.000099202 -28.12262431 0.0
0.9985304584 -28.11262252 0.0
0.9990423443 -28.11445829 0.0
1.000885619 -28.26444093 0.0
1.013680369 -28.35335399 0.0
1.007281468 -28.36296259 0.0
0.9987402 -28.10848653 0.0
1.001986654 -28.11275148 0.0
0.9988440696 -28.26691398 0.0
0.9998790965 -28.26257018 0.0
1.000289793 -28.26735821 0.0
1.001333548 -28.27023442 0.0
0.99636615 -28.1134632 0.0
0.9904912221 -28.27404945 0.0
0.9265741171 -28.28128048 0.0
0.8596855037 -28.12089586 0.0
0.8694436294 -28.27948232 0.0
0.7447764405 -28.10740196 0.0
0.9995429031 28.11309442 0.0
1.000508565 28.26698067 0.0
1.000025298 28.10834221 0.0
1.012855762 28.351777 0.0
1.01902589 28.35074752 0.0
1.007468163 28.35961331 0.0
1.000825732 -28.11246703 0.0
1.000026102 -28.11496569 0.0
1.000935982 -28.11216642 0.0
1.000034682 -28.10947847 0.0
1.000136272 -28.11418181 0.0
1.011360618 -28.35951651 0.0
0.9999214988 28.27597565 0.0
1.0014919 28.32482877 0.0
0.9996891598 28.31657329 0.0
1.009019619 -28.35078165 0.0
1.005352983 -28.35523067 0.0
0.9989216179 -28.1118089 0.0
0.9995459992 -28.11588599 0.0
0.9981058055 -28.11169503 0.0
0.9987187861 -28.10919882 0.0
0.9986650912 -28.26250567 0.0
0.9987341016 -28.10657994 0.0
0.9988906335 -28.1082252 0.0
0.9982389132 -28.27145296 0.0
1.00208999 -28.11757223 0.0
0.9992784943 -28.115104 0.0
0.9998686515 -28.11272799 0.0
1.000409315 -28.10929733 0.0
1.000787363 -28.11136285 0.0
1.000493248 -28.11489175 0.0
1.005326759 28.34903468 0.0
1.005019726 28.36146941 0.0
1.007768324 28.36036477 0.0
1.004503857 28.35144414 0.0
1.003132587 28.34867662 0.0
1.008396118 -28.37419228 0.0
1.010149649 -28.37593016 0.0
1.011455748 -28.35810351 0.0
1.012080204 -28.34472293 0.0
1.012892334 -28.34858961 0.0
1.008518081 -28.34949933 0.0
1.006041837 -28.34611876 0.0
1.008798424 -28.35134369 0.0
1.009045744 -28.35115379 0.0
1.009813023 -28.34939341 0.0
1.008396585 -28.34726048 0.0
1.002923867 -28.33953448 0.0
1.004367582 -28.36805102 0.0
1.010681452 -28.37911744 0.0
1.01585934 -28.37681005 0.0
1.013978988 -28.35802451 0.0
1.014242387 -28.35715745 0.0
1.013767282 -28.35380572 0.0
1.006856706 -28.35620523 0.0
1.006414294 -28.35350897 0.0
1.005913066 -28.35538712 0.0
1.004866051 -28.35242544 0.0
1.008431602 -28.35131794 0.0
1.009475618 -28.35834429 0.0
0.9990648649 -28.11040328 0.0
0.9990113318 -28.1097821 0.0
1.001773774 -28.11241289 0.0
0.9983474603 -28.11189584 0.0
0.9992353177 -27.7065167 0.0
0.9984717889 -27.69929123 0.0
0.9985359359 -27.69760638 0.0
0.9983956866 -28.11759444 0.0
1.000037296 -27.71321778 0.0
1.000595874 -28.11241671 0.0
1.000909755 -27.70350499 0.0
1.000027178 -28.10979137 0.0
1.000383165 -28.11470267 0.0
1.001950969 -27.70828682 0.0
1.000266878 -28.11534202 0.0
1.000002444 -28.11687118 0.0
1.000616045 -28.11443611 0.0
1.001996402 -28.11771902 0.0
1.000572779 -27.70067604 0.0
1.000102027 -28.11184515 0.0
1.008953105 -28.35912431 0.0
1.008712146 -28.34627224 0.0
1.006947637 -28.34895531 0.0
1.008002942 -28.35232216 0.0
1.007912791 -28.34906364 0.0
1.009169904 -28.35207907 0.0
1.008431933 -28.35266583 0.0
1.006260881 -28.35227784 0.0
1.008790439 -28.35373739 0.0
1.011052254 -28.35032229 0.0
1.009785191 -28.35027121 0.0
1.008538942 -28.355583 0.0
1.009626451 -28.35569332 0.0
1.00590115 -28.35691361 0.0
1.001637299 -28.34759146 0.0
1.004185017 -28.34604853 0.0
1.007181303 -28.34808776 0.0
1.013251554 -28.36519647 0.0
1.011757161 -28.35393692 0.0
1.013518991 -28.35468274 0.0
1.013948386 -28.35303775 0.0
1.006868112 -28.36272269 0.0
0.9992754265 27.70168591 0.0
0.9995669836 27.7012924 0.0
1.000578244 27.70863259 0.0
1.002225633 27.71088754 0.0
0.9999174681 27.70376653 0.0
1.001907017 27.70161905 0.0
0.9996979085 27.70418958 0.0
1.000155826 27.70214565 0.0
0.9999259582 27.70066813 0.0
0.9990320334 27.70173587 0.0
0.9999009756 27.70546842 0.0
0.9995129145 27.70636246 0.0
1.000114988 28.11586276 0.0
1.000045439 27.70530985 0.0
1.000629198 27.70654761 0.0
0.9993940025 27.70046766 0.0
1.000109685 27.69947233 0.0
1.000733414 27.70670614 0.0
1.000544664 27.70598667 0.0
1.000492065 27.70289909 0.0
1.001591434 27.70011219 0.0
0.9989261182 27.70259868 0.0
1.001769202 27.70420817 0.0
0.9989014405 27.70188305 0.0
0.9998378864 27.69947911 0.0
0.9991171433 27.69766746 0.0
0.9976869739 27.70198928 0.0
1.011412139 28.35358059 0.0
1.008942768 28.34913098 0.0
1.012206349 28.36234564 0.0
1.010963193 28.36177296 0.0
1.008109641 28.35015941 0.0
1.009951365 28.34334908 0.0
1.010838835 28.34604597 0.0
1.012456315 28.35171781 0.0
1.011486297 28.35077583 0.0
1.019181585 28.35077454 0.0
1.011858844 28.34996068 0.0
1.010224405 28.35117862 0.0
1.006730366 28.35145358 0.0
1.009660635 28.36132771 0.0
1.010103995 28.36239078 0.0
1.01272177 28.3507948 0.0
1.009656307 28.35121428 0.0
1.008228786 28.35176919 0.0
1.007527993 28.3531427 0.0
1.003952626 28.35314992 0.0
1.002916261 28.35204277 0.0
1.001297864 28.34973658 0.0
1.004429198 28.34403891 0.0
1.004248647 28.34799136 0.0
1.004921798 28.34827221 0.0
1.006604581 28.35275388 0.0
1.006434512 28.36028106 0.0
1.00713496 28.35956679 0.0
1.01081564 28.36057703 0.0
1.013881802 28.3585258 0.0
1.013141655 28.35085879 0.0
1.013711458 28.35826948 0.0
1.012782725 28.35683783 0.0
1.012567722 28.35193938 0.0
0.9988860571 -27.69986977 0.0
0.9990841839 -28.11381471 0.0
1.00112098 -28.11710851 0.0
0.9975672374 -28.11146638 0.0
1.001398335 -28.10876972 0.0
0.9961042907 -28.11057227 0.0
0.995534429 -27.70200168 0.0
0.9816285202 -28.1210412 0.0
0.9598440917 -28.11697639 0.0
0.9275418126 -28.11634858 0.0
0.9979608765 27.70336943 0.0
0.9996997902 27.70841254 0.0
0.9997725763 27.70512672 0.0
0.9998271799 27.70396906 0.0
1.001132047 27.70682414 0.0
0.9991652805 27.70594126 0.0
1.000937759 27.70110269 0.0
0.9998067073 27.70150143 0.0
1.000182528 27.70644357 0.0
1.000459545 27.71060827 0.0
1.000195408 27.70913753 0.0
0.9983740802 27.70151609 0.0
0.99803961 27.70021808 0.0
0.9935046512 27.70521282 0.0
0.9845491 27.70836742 0.0
0.9672323489 27.71066168 0.0
0.9336485276 27.70493515 0.0
0.8641783673 27.6919797 0.0
0.7436265298 27.66896704 0.0
0.5236998808 27.62727887 0.0
1.007300347 -28.35097436 0.0
0.99716044 -27.7024248 0.0
0.9979566951 -27.70143833 0.0
1.000959358 -27.70372261 0.0
1.01051683 28.35293811 0.0
0.9982104437 -27.70307958 0.0
0.9986165044 -27.7029587 0.0
0.9986053382 -27.69997974 0.0
0.9984023037 -27.70787996 0.0
1.000127146 -27.701083 0.0
1.000401653 -27.7055432 0.0
0.9999178761 -27.70765555 0.0
1.001642328 -28.10849114 0.0
1.000629634 -27.7054723 0.0
1.000497658 -27.70572693 0.0
1.000333369 -27.70300736 0.0
1.000149381 28.11742511 0.0
0.99992653 -27.70513845 0.0
1.001013025 -27.70788187 0.0
0.9978326764 -27.70256167 0.0
1.000909473 -27.70001696 0.0
0.9669468407 -27.70880472 0.0
0.9294210857 -27.701373 0.0
0.9896914852 -28.12056177 0.0
0.9827740003 -27.71033808 0.0
0.8651473015 -27.69124276 0.0
0.9645996851 28.12052751 0.0
1.006884591 28.34930955 0.0
1.021539579 28.35733073 0.0
1.010364806 28.35846908 0.0
1.007472616 -28.35260622 0.0
1.007629077 -28.35244153 0.0
1.01068968 -28.37987806 0.0
0.998050327 26.71118225 0.0
0.9986480885 26.71051229 0.0
1.000457564 26.71685348 0.0
1.002219939 26.71882605 0.0
1.000131312 26.71253882 0.0
1.000178339 26.71301105 0.0
1.000452371 26.71142355 0.0
0.9998805317 26.71033422 0.0
0.9989230161 26.71106799 0.0
0.9994822441 26.71459987 0.0
0.9989085687 26.71521691 0.0
0.9998055124 26.71587979 0.0
1.000058685 26.71396566 0.0
1.000715877 26.71512173 0.0
0.999520636 26.70964124 0.0
1.000031708 26.70869566 0.0
1.000746849 26.71498571 0.0
1.000616128 26.7140679 0.0
1.001563917 26.70900771 0.0
0.9992102998 26.7112033 0.0
1.001640447 26.71251541 0.0
0.9990622886 26.71019961 0.0
0.9997315091 26.70820211 0.0
0.9978536317 26.71048164 0.0
0.9980388741 26.71214249 0.0
0.9994330427 26.71694983 0.0
0.9993185098 26.72101527 0.0
0.999577128 26.71359606 0.0
1.001288679 26.71495836 0.0
0.9994982268 26.71438867 0.0
1.000999754 26.71013739 0.0
0.9997914517 26.71046042 0.0
1.00013305 26.71496108 0.0
1.000131167 26.71850727 0.0
0.9999374193 26.71722113 0.0
0.9980890056 26.71024906 0.0
0.9971990543 26.70902085 0.0
0.9899420312 26.71394597 0.0
0.9738353285 26.7145293 0.0
0.882923073 26.69500153 0.0
0.7610537258 26.65967811 0.0
0.5419144429 26.5930284 0.0
0.1474217812 26.47015829 0.0
1.013583934 -28.35292835 0.0
1.0227647 -28.35239256 0.0
1.02270122 -28.35202557 0.0
1.012500816 -28.35381117 0.0
1.014951138 -28.36448956 0.0
1.011251209 -28.36753415 0.0
1.011412179 -28.3647724 0.0
1.007544209 -28.34685457 0.0
1.008933813 -28.35322981 0.0
1.006173014 -28.35213595 0.0
1.00777135 -28.35179691 0.0
1.009021261 -28.35250751 0.0
1.007915359 -28.350726 0.0
1.007418062 -28.35076806 0.0
1.008892863 -28.3592793 0.0
1.008349742 -28.35097171 0.0
1.005691969 -28.3520521 0.0
1.004573563 -28.35399246 0.0
1.004434584 -28.35426438 0.0
1.00768294 -28.35581656 0.0
1.015830557 -28.35718435 0.0
1.009687847 -28.34405395 0.0
1.008957382 -28.35006985 0.0
1.012952355 -28.34856015 0.0
1.012289543 -28.34644439 0.0
1.012785335 -28.34586185 0.0
1.010605514 -28.37596683 0.0
0.9976824008 -26.71191683 0.0
1.000367844 -27.70117279 0.0
0.9983204048 -26.7114835 0.0
0.9981512641 -27.7026516 0.0
0.9982926149 -26.70818685 0.0
1.00016338 -27.71289225 0.0
1.001299179 -26.71169868 0.0
1.00139667 -27.70000648 0.0
0.9991872248 -27.70610676 0.0
1.000553514 -26.71380494 0.0
0.999156789 -27.70551515 0.0
0.9993147323 -26.7141984 0.0
1.001933854 -27.70858953 0.0
1.002070056 -26.71712458 0.0
1.000022157 -27.70393445 0.0
1.000712806 -27.7035749 0.0
1.00002047 -27.70584714 0.0
1.001603678 -27.70367955 0.0
0.9992875018 -27.70472872 0.0
1.000164345 -26.7096159 0.0
1.00017722 -27.70078837 0.0
0.9946942577 -26.71119291 0.0
0.9934910181 -27.70450384 0.0
0.9891021097 -26.7127346 0.0
0.943496732 -26.70834053 0.0
0.7398582751 -27.67623551 0.0
0.5212639758 -27.62368495 0.0
1.007815556 28.34936823 0.0
1.004834198 28.34899822 0.0
1.005224224 28.36091137 0.0
1.004920207 28.35142509 0.0
1.005417572 28.34654213 0.0
1.007631889 28.35834712 0.0
1.011067174 28.35394437 0.0
1.009563379 28.34853676 0.0
1.012554316 28.3623853 0.0
1.010126347 28.36185995 0.0
1.008424982 28.34967245 0.0
1.010379666 28.3427789 0.0
1.011310683 28.34593721 0.0
1.011981721 28.35179562 0.0
1.011382165 28.35070458 0.0
1.011250891 28.34896511 0.0
1.010981036 28.3507955 0.0
1.008543903 28.35102206 0.0
1.011041757 28.36156763 0.0
1.009378618 28.36357453 0.0
1.011467705 28.35070581 0.0
1.009199898 28.3508367 0.0
1.007678453 28.35155375 0.0
1.007071169 28.35280889 0.0
1.003721485 28.35265418 0.0
1.003260762 28.35203244 0.0
1.001780035 28.34980957 0.0
1.004487367 28.34439043 0.0
1.00470665 28.34807057 0.0
1.00705278 28.35248996 0.0
1.006164212 28.36062416 0.0
1.007129647 28.35953031 0.0
1.011567434 28.36061436 0.0
1.017283458 28.35895434 0.0
1.012897044 28.35071894 0.0
1.011783927 28.35825756 0.0
1.010198557 28.35843776 0.0
1.014490698 28.35704517 0.0
1.012421057 28.35203236 0.0
1.018795741 28.35108018 0.0
1.004499323 28.3482532 0.0
0.9979808833 -26.71087923 0.0
0.9989567598 -26.7146014 0.0
0.9982104838 -26.71536237 0.0
1.000016089 -26.72008684 0.0
1.000492349 -26.72015335 0.0
1.00010414 -26.7145338 0.0
0.9997496814 -26.71582766 0.0
1.000241252 -27.70626446 0.0
1.000718231 -26.7098553 0.0
1.000614929 -27.70252403 0.0
1.000355125 -26.71163739 0.0
1.000652109 -26.71208406 0.0
1.000017339 -26.71424652 0.0
1.000484524 -26.71421464 0.0
1.000753466 -26.71191973 0.0
1.000894807 -27.70325825 0.0
1.002086827 26.71072057 0.0
0.9990424365 -26.70900524 0.0
0.9993654048 -26.71313614 0.0
1.000013687 27.70701161 0.0
1.000658597 26.71165442 0.0
1.001075227 -26.71599704 0.0
0.9979547687 -26.71115885 0.0
1.000671515 -26.70883743 0.0
0.9988586916 26.70607843 0.0
0.9717816068 -26.71529137 0.0
0.9996002802 27.71311883 0.0
0.7620355792 -26.65794647 0.0
0.5384424038 -26.59954349 0.0
0.1440721813 -26.46547686 0.0
1.000112845 26.71253039 0.0
1.007631683 -28.34892577 0.0
1.002152896 -28.34641041 0.0
1.006885648 -28.34895434 0.0
1.011335453 -28.36534865 0.0
1.012435523 -28.35246952 0.0
1.007045828 28.36079543 0.0
1.008354286 -28.36262664 0.0
1.00862056 -28.34568055 0.0
1.00545396 -28.35400862 0.0
1.006537887 -28.35544475 0.0
1.00315 -28.35419418 0.0
1.004307025 -28.33948445 0.0
1.01030391 -28.34395063 0.0
1.009054575 -28.34709938 0.0
1.009705682 -28.34931378 0.0
1.00891285 -28.3514855 0.0
0.9961674117 -26.71149379 0.0
0.9924799026 -24.62332662 0.0
0.9996811437 -26.71290555 0.0
0.9972662272 -24.62381526 0.0
0.9999416983 -26.71012691 0.0
0.9992524343 -24.62086252 0.0
0.9977642561 -24.61720627 0.0
0.997467385 -24.61747382 0.0
0.9982277985 -26.70567782 0.0
0.9983271499 -24.62384277 0.0
1.000662099 -24.62830867 0.0
1.000460353 -26.71000297 0.0
1.002068837 -26.71633881 0.0
1.000980628 -26.70910812 0.0
0.9984888176 -24.62498226 0.0
0.9989189328 -26.71484964 0.0
1.000358192 -26.71264157 0.0
1.000448538 -26.71125247 0.0
1.000639525 -24.62201966 0.0
1.000088995 -24.6241715 0.0
0.9991423789 -24.61952982 0.0
1.00132643 -26.71226159 0.0
0.9993071939 -24.62297963 0.0
0.9998515849 -26.71359694 0.0
0.983290139 -24.62229928 0.0
0.9563520204 -24.61948564 0.0
0.8792119662 -26.69132159 0.0
-0.4329770972 -24.13912926 0.0
1.008432979 -28.34506127 0.0
1.0073972 -28.34970243 0.0
1.007327941 -28.35202728 0.0
1.008322472 -28.35232246 0.0
1.006889448 -28.35058281 0.0
1.007156738 -28.34852488 0.0
1.008545741 -28.35318291 0.0
1.009124388 -28.35185476 0.0
1.008707353 28.34944075 0.0
1.004266019 28.34919443 0.0
1.005648935 28.36074622 0.0
1.006147371 28.36116902 0.0
1.005045103 28.3515382 0.0
1.006859074 28.34636078 0.0
1.005053726 28.35017277 0.0
1.008719137 -28.35883132 0.0
1.007959529 -28.3592584 0.0
1.006561815 -28.35173983 0.0
1.001970633 -28.35401583 0.0
1.006891154 -28.35302907 0.0
1.007855876 -28.35262794 0.0
1.016999068 -28.35741583 0.0
1.013916549 -28.35678506 0.0
1.016302493 -28.37640116 0.0
1.003805085 -28.36873041 0.0
1.00593884 -28.33932832 0.0
1.008633322 -28.35139919 0.0
1.008881348 -28.35113614 0.0
1.008493981 -28.35097294 0.0
1.007525605 -28.35099249 0.0
1.007941694 -28.3509358 0.0
1.006026912 -28.34577706 0.0
1.012164071 -28.34468087 0.0
1.012576952 -28.35640355 0.0
1.007742809 28.3579164 0.0
1.011135062 28.35459497 0.0
1.010293895 28.34796722 0.0
1.01313048 28.36238904 0.0
1.021115346 28.35754957 0.0
1.009500167 28.34915527 0.0
1.011421859 28.34300571 0.0
1.011369064 28.34569148 0.0
1.011432547 28.35176802 0.0
1.011229943 28.35065069 0.0
1.017674823 28.35144806 0.0
1.009965041 28.34797262 0.0
1.012188391 28.35067304 0.0
1.010036494 28.35059982 0.0
1.012969416 28.36129235 0.0
1.008624062 28.36401235 0.0
1.008586917 28.35048941 0.0
1.006479179 28.35250182 0.0
1.003540458 28.35224524 0.0
1.003900881 28.35196258 0.0
1.003865579 28.35019081 0.0
1.004682785 28.34846277 0.0
1.004567653 28.34789862 0.0
1.007429248 28.35207664 0.0
1.007745112 28.35992546 0.0
1.020510309 28.35931877 0.0
1.012281794 28.34931189 0.0
1.010048474 28.3582265 0.0
1.010567501 28.35788817 0.0
1.016267689 28.35736833 0.0
1.012014527 28.35101995 0.0
1.006619176 -28.35198058 0.0
1.009138401 -28.35267839 0.0
1.011401242 -28.35014515 0.0
0.9964094141 24.62259391 0.0
0.9977960566 24.62115911 0.0
0.9996018834 24.62618584 0.0
1.000830663 24.6228798 0.0
1.002520535 24.62132043 0.0
1.00090677 24.62254094 0.0
0.9997245773 24.62205408 0.0
0.9987599399 24.62232655 0.0
0.9991956507 24.62580475 0.0
0.9986029696 24.62549947 0.0
0.9994778705 24.62628214 0.0
0.999582197 24.62372652 0.0
1.000566242 24.62539427 0.0
0.9998433904 24.62050018 0.0
0.9999068251 24.61933288 0.0
1.000269787 24.62462242 0.0
1.000813878 24.62213131 0.0
1.001526573 24.61948238 0.0
0.9995778008 24.62147455 0.0
0.9993259107 24.61962553 0.0
0.9996404438 24.61840223 0.0
0.9988222509 24.61559068 0.0
0.9984595134 24.62055414 0.0
0.998402295 24.62206014 0.0
0.9987313677 24.62656055 0.0
0.9989677582 24.63018676 0.0
0.9999166868 24.62304195 0.0
0.9999740962 24.6223045 0.0
1.001245546 24.6242668 0.0
0.9999130937 24.62421878 0.0
1.000904081 24.62071692 0.0
0.9996713865 24.62098887 0.0
0.9999432272 24.62491089 0.0
0.9997937785 24.62738358 0.0
0.9997080184 24.62653601 0.0
0.9977525763 24.62036789 0.0
0.9970451918 24.61940846 0.0
0.9855760487 24.62450825 0.0
0.9586057318 24.62063333 0.0
0.9094755903 24.60744766 0.0
0.8074622965 24.57583218 0.0
0.6046151253 24.50636758 0.0
0.2321739018 24.37622315 0.0
-0.428747198 24.14589119 0.0
1.010353531 -28.34982441 0.0
1.009337407 -28.35614343 0.0
1.010381253 -28.35594057 0.0
1.008097788 -28.35590022 0.0
0.9992238286 -28.34491592 0.0
1.000816282 -28.34631174 0.0
1.007751164 -28.34604498 0.0
1.01070137 -28.36553825 0.0
1.014098319 -28.36594939 0.0
1.016117485 -28.36380441 0.0
1.013607671 -28.35112018 0.0
1.01119564 -28.35306584 0.0
1.021688323 -28.35157868 0.0
1.014282891 -28.35206811 0.0
1.010262132 -28.3630396 0.0
1.000735029 24.62322132 0.0
1.014160809 -28.35449136 0.0
1.014415309 -28.35439316 0.0
1.014075873 -28.37663701 0.0
0.9939049288 -26.71331451 0.0
1.009879777 -28.37721279 0.0
1.010426414 -28.37813051 0.0
1.005915347 -28.36971157 0.0
0.9987533689 -24.62409987 0.0
1.009712639 -28.34907195 0.0
1.005953315 -28.34544668 0.0
1.012235427 -28.34458599 0.0
0.9980952213 -26.70780736 0.0
1.007727163 -28.37353968 0.0
1.001345339 -24.62060263 0.0
1.000768137 -24.62347374 0.0
1.001846712 -24.62098772 0.0
1.000602877 -26.71401447 0.0
1.00184211 -24.62536066 0.0
0.9997584357 -24.62239015 0.0
0.9994829876 -26.71240584 0.0
1.000870643 -24.61971982 0.0
1.000222278 -24.62420355 0.0
1.001766072 -24.62692772 0.0
1.000480411 -24.62273497 0.0
1.000785759 -24.6208306 0.0
1.000208922 -24.62134753 0.0
1.010497761 -28.34963221 0.0
1.010030473 -28.35594096 0.0
1.000571767 -24.62235141 0.0
0.999883849 -24.62320882 0.0
0.9436555607 26.71087912 0.0
1.0042715 28.34918855 0.0
1.021972892 28.35761562 0.0
1.009918213 28.35052126 0.0
1.005924105 28.36054437 0.0
1.001852046 24.62796668 0.0
1.000560934 24.62352037 0.0
0.9943419066 -20.9096576 0.0
0.9967221896 -24.62239114 0.0
0.9955948348 -20.90794608 0.0
0.9976406372 -20.90637447 0.0
0.9981697935 -24.62014663 0.0
0.9982964148 -20.90407781 0.0
0.9969194322 -20.90124024 0.0
0.9978780625 -24.61452245 0.0
0.9976082641 -20.89760178 0.0
1.000375911 -20.90786976 0.0
0.9994815893 -24.62388839 0.0
1.000894114 -20.9077458 0.0
1.000447181 -24.62419731 0.0
1.000470604 -20.90913031 0.0
1.000193943 -24.62169104 0.0
1.000008907 -20.90682713 0.0
1.000939451 -24.62211002 0.0
1.000897135 -20.90739401 0.0
1.000932052 -24.62544765 0.0
0.9980485404 -24.62116067 0.0
1.000859771 -24.61913762 0.0
0.9929247281 -20.90962047 0.0
0.9942064352 -24.62253171 0.0
0.9098107844 -24.60385322 0.0
0.8040948372 -24.57192581 0.0
0.6060101558 -24.50264432 0.0
0.2289374715 -24.38197391 0.0
1.003885138 28.35004423 0.0
1.005073358 28.36138923 0.0
1.004985176 28.3611945 0.0
1.004895263 28.35159477 0.0
1.007396493 28.34585207 0.0
1.006482624 28.35348146 0.0
1.006594653 -28.35060259 0.0
1.007287087 -28.3523535 0.0
1.008318321 -28.35297324 0.0
1.008288838 -28.34934447 0.0
1.008806898 -28.35938184 0.0
0.993934596 20.90897231 0.0
0.9989250646 20.91038928 0.0
1.001784245 20.91203502 0.0
1.001509611 20.90837535 0.0
1.003052198 20.90730609 0.0
1.00123603 20.90915788 0.0
1.001569596 20.9088036 0.0
0.9996188693 20.90920958 0.0
0.9985519615 20.91263331 0.0
0.9977960476 20.91115398 0.0
0.9990283484 20.91219333 0.0
1.000690789 20.91076671 0.0
0.999835515 20.90644125 0.0
0.9996371492 20.90515615 0.0
0.9998147268 20.90916945 0.0
1.000948587 20.90707855 0.0
1.001020069 20.90788375 0.0
1.00135948 20.90513387 0.0
0.9998860307 20.90695622 0.0
1.000957631 20.90675039 0.0
0.9997225736 20.90387293 0.0
0.9996014826 20.90367394 0.0
0.9989308505 20.89972755 0.0
0.9984531169 20.90697386 0.0
0.9984435174 20.91115665 0.0
0.9986687426 20.91421739 0.0
1.000002817 20.90743443 0.0
1.000132232 20.90716951 0.0
1.001376087 20.90833474 0.0
1.006348083 -28.35354039 0.0
1.006967349 -28.35514748 0.0
1.00917655 -28.35316544 0.0
1.018226004 -28.3546909 0.0
1.013325772 -28.35371886 0.0
1.01208396 -28.37524748 0.0
1.010832273 -28.34382936 0.0
1.009513431 -28.34682678 0.0
1.009338234 -28.35017257 0.0
1.013491096 -28.34870283 0.0
1.01185464 -28.34460374 0.0
1.013068179 -28.34540546 0.0
1.013211808 -28.34509488 0.0
1.009610702 -28.3734258 0.0
1.007036159 -28.37281143 0.0
1.010072624 -28.35205229 0.0
1.00745335 -28.35180923 0.0
1.009804813 -28.3502043 0.0
1.009793832 -28.35018281 0.0
1.010559696 -28.35581356 0.0
0.9983868123 -28.34376107 0.0
1.000353803 20.90881033 0.0
1.000678281 20.9062036 0.0
0.9994877869 20.90649285 0.0
0.9994848102 20.91104504 0.0
0.9996102141 20.91075692 0.0
0.9976439124 20.90546315 0.0
0.9802859341 20.9112874 0.0
0.9405860654 20.90272682 0.0
0.8675800433 20.88120432 0.0
0.7115773261 20.83692359 0.0
0.4022048354 20.738923 0.0
-0.1760241467 20.56220072 0.0
-1.173750974 20.26631481 0.0
0.9999048537 -28.34561644 0.0
1.009653293 -28.36453383 0.0
1.014743092 -28.35003189 0.0
1.01007947 -28.35255618 0.0
1.018765713 -28.35121493 0.0
1.013061248 -28.35173876 0.0
1.011016055 -28.36450523 0.0
1.007999258 28.35743438 0.0
1.013633773 28.35791408 0.0
1.011547739 28.3494681 0.0
1.013590452 28.36219059 0.0
1.009107898 28.36238818 0.0
1.018475038 28.35687936 0.0
1.011249341 28.34856668 0.0
1.012233764 28.34305885 0.0
1.010426373 28.34474013 0.0
1.010949344 28.35147194 0.0
1.010168131 28.35041816 0.0
1.008354673 28.34706348 0.0
1.01334554 28.35084699 0.0
1.014706946 28.36059816 0.0
1.007976058 28.34970227 0.0
1.007748992 28.35016395 0.0
1.005957147 28.35102952 0.0
1.00538986 28.35216709 0.0
1.003431635 28.35204664 0.0
1.004414557 28.35190633 0.0
1.004809263 28.35018421 0.0
1.004843745 28.34530851 0.0
1.005091064 28.34525762 0.0
1.004574649 28.34842534 0.0
1.004913543 28.34813565 0.0
1.005740629 28.36025548 0.0
1.006474167 28.3599983 0.0
1.012629803 28.3602728 0.0
1.010819391 28.34688748 0.0
1.010934559 28.35824289 0.0
1.01678514 28.35777425 0.0
1.011394769 28.34989723 0.0
0.9961590349 20.90678034 0.0
1.009246176 28.34905989 0.0
1.006950683 -28.35968282 0.0
1.008711935 -28.35929755 0.0
1.007368155 -28.35153216 0.0
1.007166351 -28.35322529 0.0
1.00751501 -28.3544011 0.0
0.9993222787 20.90852261 0.0
1.001081573 -28.35380482 0.0
1.019483056 -28.35533674 0.0
1.016555924 -28.35635209 0.0
1.014177593 -28.35257654 0.0
1.011376234 -28.34415092 0.0
1.009804008 -28.34607677 0.0
1.008267277 -28.34928582 0.0
1.011265505 -28.34959804 0.0
1.011982084 -28.34934115 0.0
1.01296294 -28.35428749 0.0
1.01049165 -28.37532925 0.0
1.008258095 -28.35230286 0.0
1.001389529 24.62215206 0.0
0.9990008045 20.90574475 0.0
1.006493768 -28.34815094 0.0
0.999644042 20.90988264 0.0
1.015704792 28.35136564 0.0
1.01164122 28.35013513 0.0
1.007596774 -28.35309055 0.0
1.009206536 -28.35219658 0.0
1.011288888 -28.35015286 0.0
1.009681338 -28.35621988 0.0
1.000206181 -28.34629445 0.0
1.006978817 -28.35646849 0.0
1.007549158 -28.34534794 0.0
1.015417055 -28.36454716 0.0
1.016575866 -28.36331002 0.0
1.006976856 28.35130356 0.0
1.012210716 28.36047875 0.0
1.022789892 28.35946989 0.0
1.00878902 28.35825368 0.0
0.9802272685 -20.91426077 0.0
0.9884275604 -24.62650578 0.0
0.9876880016 -20.90966974 0.0
0.9981691978 -20.90689079 0.0
1.000626283 -20.907561 0.0
1.001802174 -20.90887841 0.0
1.001906992 -20.90633637 0.0
1.000037553 -20.90724465 0.0
1.000561749 -20.90537025 0.0
0.9980039934 -20.9103005 0.0
0.9990400357 -20.90784984 0.0
0.9994947155 -20.90984769 0.0
0.9995599362 -24.62536457 0.0
1.001090212 -20.90802199 0.0
1.000984839 -20.90943862 0.0
1.000877816 -24.62344802 0.0
0.9998000144 -20.9061957 0.0
1.000689697 -20.90710387 0.0
1.000432416 -24.61994761 0.0
1.001018195 -20.90998551 0.0
0.9982034736 -20.90613499 0.0
1.001997045 -20.9043804 0.0
0.4035818943 -20.73234795 0.0
-0.1801891341 -20.56697019 0.0
-1.17877848 -20.25695843 0.0
0.9912332199 15.50006883 0.0
0.9945007351 15.49763271 0.0
0.9983695612 15.49983216 0.0
1.001715034 15.50180564 0.0
1.002221536 15.49967782 0.0
1.00360879 15.49925236 0.0
1.001833173 15.50041581 0.0
1.002315985 15.50054852 0.0
0.9994893351 15.50207503 0.0
0.9986714275 15.50142231 0.0
0.9980160716 15.50542521 0.0
0.9970158711 15.50256972 0.0
0.9986025259 15.50388886 0.0
0.999046275 15.49903651 0.0
1.000832548 15.50169808 0.0
0.9996494266 15.49825012 0.0
0.999219808 15.49690274 0.0
1.001121116 15.49666995 0.0
1.001055244 15.49680333 0.0
1.000491534 15.49721639 0.0
1.00026654 15.49420451 0.0
0.9992332926 15.48995636 0.0
0.9994665438 15.49702335 0.0
0.9984900247 15.49799759 0.0
0.9983452756 15.50165845 0.0
1.000134676 15.49783286 0.0
1.000284564 15.49808698 0.0
1.00134597 15.49826724 0.0
1.00057703 15.49924923 0.0
1.000314762 15.49756037 0.0
0.9992674533 15.49787594 0.0
0.9993443162 15.50085487 0.0
0.9994514285 15.50068633 0.0
0.9997234997 15.50083983 0.0
0.9979456888 15.49673534 0.0
0.9948206084 15.4978516 0.0
0.9757932541 15.50525394 0.0
0.9283995755 15.49673519 0.0
0.8350604668 15.47744598 0.0
0.6241077098 15.44602903 0.0
0.2039759819 15.36437083 0.0
-0.5865397808 15.24195886 0.0
-1.891974709 15.04277759 0.0
0.9705412335 -15.50514438 0.0
0.982407911 -15.50060526 0.0
0.9977831064 -15.49895147 0.0
0.9985934548 -20.90855778 0.0
0.9975792773 -20.90132183 0.0
0.997775029 -15.49154198 0.0
0.9980726598 -15.49589405 0.0
1.001593195 -15.50044745 0.0
1.002434819 -20.9049241 0.0
0.998657443 -15.49762107 0.0
0.9996427573 -15.50020048 0.0
1.001294508 -15.49850314 0.0
1.001718595 -15.50066604 0.0
1.00171133 -20.91190824 0.0
1.001600196 -15.50277707 0.0
1.000752582 -20.90700833 0.0
1.000506725 -15.49976939 0.0
1.00071811 -15.4983771 0.0
1.000167503 -20.90924517 0.0
1.000313293 -15.50036309 0.0
1.00074437 -15.49865459 0.0
0.9991344824 -15.49725719 0.0
0.999780714 -20.90735046 0.0
0.9989829076 -15.49814118 0.0
0.9992469604 -20.90769219 0.0
1.000432238 -20.90538426 0.0
0.9999347597 -20.90799611 0.0
0.9760217615 -20.90764656 0.0
0.8685451433 -20.87617041 0.0
0.708364809 -20.83241232 0.0
-0.5906368504 -15.24701991 0.0
1.009495543 28.34670543 0.0
1.004882746 28.35922918 0.0
1.003753968 28.36142101 0.0
1.002895641 28.36073967 0.0
1.006527589 28.344337 0.0
1.008377831 28.355554 0.0
1.00720691 -28.35006465 0.0
1.006372061 -28.34983935 0.0
1.012038613 -28.35503879 0.0
1.010730289 -28.34993671 0.0
1.007942 -28.37677163 0.0
1.008705218 -28.3390444 0.0
1.011595769 -28.34430148 0.0
1.009782271 -28.34866179 0.0
1.008223542 -28.35111072 0.0
1.007612206 -28.35088561 0.0
1.011619321 -28.34960497 0.0
1.00549457 -28.37142084 0.0
1.008999579 -28.35690574 0.0
1.008597986 -28.34959424 0.0
1.004533407 -28.35239251 0.0
1.005217828 -28.34713712 0.0
1.006423745 -28.35145996 0.0
1.007220459 28.36135463 0.0
1.013459554 28.35599348 0.0
1.014005054 28.35876962 0.0
1.012311211 28.35501673 0.0
1.012868316 28.3476886 0.0
1.013075861 28.3422558 0.0
1.00710346 28.34255701 0.0
1.01037123 28.3495621 0.0
1.012172148 28.34957024 0.0
1.006002442 28.34631768 0.0
1.013514499 28.34829555 0.0
1.015273526 28.35675015 0.0
1.015567389 28.35931489 0.0
1.008620064 -28.35080407 0.0
1.009298062 -28.35197799 0.0
1.005875789 -28.35024739 0.0
1.009669801 -28.3498271 0.0
1.010001088 -28.35366138 0.0
1.010762842 -28.35799789 0.0
1.004941416 -28.34749458 0.0
0.9992050933 -28.3443473 0.0
1.005691099 -28.34459337 0.0
1.008428517 -28.35977642 0.0
1.014991969 -28.36273109 0.0
1.016750604 -28.36174655 0.0
1.015034954 -28.3477853 0.0
1.01119239 -28.35062122 0.0
1.012637005 -28.34919749 0.0
1.007444813 28.35661091 0.0
1.00542746 28.34701241 0.0
1.006574227 28.34960782 0.0
1.003562667 28.35046951 0.0
1.003506602 28.3519899 0.0
1.003722316 28.35205727 0.0
1.00528602 28.34869606 0.0
1.004123855 28.34845573 0.0
1.004956679 28.34840133 0.0
1.003760573 28.34932825 0.0
1.005867762 28.36016895 0.0
1.007320867 28.36046985 0.0
1.023539934 28.35629304 0.0
1.00837588 28.35776496 0.0
1.007867735 28.35868323 0.0
1.017054788 28.35666848 0.0
1.009974163 28.34657266 0.0
0.9993175163 15.49955527 0.0
0.9986820201 20.90894359 0.0
1.006863135 28.34393191 0.0
1.008776112 -28.35920652 0.0
1.005421068 -28.35823231 0.0
1.007900879 -28.35308604 0.0
1.007623057 -28.35114127 0.0
1.007997614 -28.35367103 0.0
1.009111403 -28.35279092 0.0
1.019887326 -28.35373512 0.0
1.018687446 -28.35344168 0.0
1.005874452 -28.3765388 0.0
1.010999876 -28.36921334 0.0
1.009348407 -28.37095846 0.0
1.011549959 -28.35322914 0.0
1.009612239 -28.34747174 0.0
1.007640955 -28.35027991 0.0
1.005625669 -28.3508605 0.0
0.9967737936 20.90511924 0.0
1.007063256 28.36131384 0.0
1.008879495 28.36186941 0.0
1.006484235 28.35217617 0.0
1.008071814 28.3623061 0.0
1.003719008 28.35144836 0.0
1.009236273 -28.35234501 0.0
1.007661508 28.35138382 0.0
0.9719025411 -15.50020278 0.0
0.926461444 -15.49083019 0.0
0.9914696817 -15.50164543 0.0
0.9383604414 -20.89919309 0.0
0.8361282941 -15.47122358 0.0
1.011135866 -28.3443719 0.0
1.008776127 -28.34493837 0.0
1.013118108 -28.34964973 0.0
1.007416774 -28.36801857 0.0
1.009434894 -28.35551305 0.0
0.9997940659 -15.49581404 0.0
1.000227575 -15.49803516 0.0
1.001253005 -20.91125267 0.0
1.001959647 -15.49827779 0.0
1.000259258 -15.49675867 0.0
0.9991550824 -20.90534327 0.0
1.000534558 -15.49496849 0.0
0.9991860591 -15.49813623 0.0
0.9987543776 -15.49864172 0.0
0.9946144734 -15.49874034 0.0
0.9974985456 -15.4973705 0.0
1.001360289 -15.49851965 0.0
1.000617426 -15.49905933 0.0
0.9992405398 -15.49671209 0.0
1.010828151 -28.360114 0.0
0.9986458773 28.35737043 0.0
1.003286731 28.34361424 0.0
0.9894855033 -28.3393422 0.0
1.006615843 -28.34245186 0.0
0.9987856965 -28.34419345 0.0
1.010410458 -28.3555199 0.0
0.9832892886 -28.35485066 0.0
1.010355757 -28.33566261 0.0
1.000862 -28.34792978 0.0
0.9970332807 -28.33748259 0.0
1.010480806 -28.35195711 0.0
0.9960603189 -28.34353528 0.0
1.006309806 -28.35000068 0.0
0.9947287607 -28.35028059 0.0
1.009084291 -28.34014826 0.0
0.9915364626 -28.35909817 0.0
-2.066817575 6.152627621 0.0
-0.6464512763 6.2953235 0.0
0.9829490319 6.479910737 0.0
0.9970384029 6.46559888 0.0
1.000137844 6.460274543 0.0
0.9992951518 6.463299656 0.0
0.9986030477 15.50397366 0.0
0.9993455209 -6.46050472 0.0
0.8618548985 -6.440783673 0.0
0.9997160498 15.49512848 0.0
1.000099414 15.49837428 0.0
1.001220091 15.49957814 0.0
1.001032081 -6.46421672 0.0
1.000180358 -6.461309219 0.0
0.9997411855 -6.4607774 0.0
0.9992196833 -6.461483784 0.0
0.9982576219 -6.461642882 0.0
1.000522696 -6.462874038 0.0
1.000350905 -6.464091003 0.0
1.000727459 -6.461355395 0.0
0.9994739682 -6.461792267 0.0
1.000117521 -6.463130852 0.0
0.9986098188 -6.459702604 0.0
1.000367251 -6.465823215 0.0
1.000887779 6.457042039 0.0
0.9992533184 6.46185523 0.0
0.9987854976 6.46168986 0.0
0.9994594671 6.463953013 0.0
0.9988982642 6.467215494 0.0
0.9940150387 6.460284601 0.0
0.9900417638 6.464197226 0.0
1.002624009 -28.34506135 0.0
1.000701901 -28.33960558 0.0
0.9984023922 -28.33736904 0.0
1.010892358 -28.35343879 0.0
1.003701606 -28.37124314 0.0
1.009951318 -28.34385828 0.0
0.9933444912 -28.3437147 0.0
1.006563259 -28.34782349 0.0
1.007610828 -28.34949886 0.0
1.008567863 -28.3493481 0.0
1.014324106 28.34017217 0.0
0.99179607 28.36189958 0.0
0.9948482371 28.34849465 0.0
1.014017409 28.34289409 0.0
0.9933890379 28.33926892 0.0
0.9951523466 28.33703249 0.0
1.008876839 28.34242865 0.0
0.9913802106 28.35035659 0.0
1.004178541 28.34260173 0.0
1.000874002 28.34420553 0.0
0.991003806 28.33856479 0.0
1.016451133 28.34808528 0.0
0.9846754493 28.35852508 0.0
1.000602495 28.33841728 0.0
1.004196389 28.3476033 0.0
0.996259473 28.34991112 0.0
1.000091005 28.34837093 0.0
1.003641515 28.35168224 0.0
0.9925476369 28.349644 0.0
1.005437641 28.34255083 0.0
0.9947788888 28.34172438 0.0
1.002243831 28.33822605 0.0
1.004487921 28.34854644 0.0
0.9929748589 28.34436798 0.0
1.004108318 28.33462881 0.0
1.001399438 -6.465538466 0.0
1.001826176 -6.46358384 0.0
0.9998879404 -6.461360506 0.0
0.9987445492 -6.457450386 0.0
0.9982185935 -6.46571513 0.0
0.9999522434 -6.462145767 0.0
0.9997538559 -6.461869249 0.0
1.000672797 -6.458914873 0.0
0.9997805463 -6.457144063 0.0
1.000437446 -6.462879687 0.0
1.002753735 -15.49482409 0.0
1.000291429 -6.457489488 0.0
0.9999234978 -6.446977898 0.0
0.9983853305 -6.45329593 0.0
0.9981307067 -6.445577755 0.0
0.9991840397 -6.452442496 0.0
0.9995953934 -6.454344616 0.0
1.001532453 -6.456296684 0.0
1.0001809 -6.461285054 0.0
0.998068604 -6.46469881 0.0
0.9946469741 -6.46389947 0.0
0.9900915648 -6.463529784 0.0
0.9794584639 -6.467384784 0.0
1.005897788 28.36027239 0.0
0.9871270458 28.35757041 0.0
1.009444927 28.34178069 0.0
0.9925601191 28.34026032 0.0
1.008798566 28.34270022 0.0
0.9978148157 28.35738371 0.0
1.007635737 28.33554308 0.0
0.6213060794 -15.44047039 0.0
0.6374439104 -6.435679796 0.0
0.2077458839 -15.35543502 0.0
0.2076620461 -6.350947845 0.0
-1.895524939 -15.03081199 0.0
0.9971472092 28.35136452 0.0
1.00431946 28.34734431 0.0
0.9882122121 -28.34194691 0.0
0.9995261049 -28.33727628 0.0
0.9972613318 -28.33835531 0.0
1.008616404 -28.34257688 0.0
1.001605657 -15.49811213 0.0
1.000280643 -15.49743131 0.0
1.004841152 28.34413147 0.0
1.000324528 -15.49711071 0.0
0.9984588309 -15.49720528 0.0
0.9941112249 -6.472789072 0.0
0.9812787524 -6.471374426 0.0
0.9976327984 -15.50146524 0.0
1.010049837 -28.33691764 0.0
0.9995891113 6.461998057 0.0
0.9430355006 -6.460740782 0.0
0.1979038085 6.366562404 0.0
0.6389393377 6.442963446 0.0
0.8609430789 6.448939342 0.0
0.9989612378 6.462335311 0.0
1.00009153 -15.49887705 0.0
1.001105767 -15.50051339 0.0
0.9990926968 6.4608871 0.0
1.000028951 6.463240383 0.0
1.004995044 -28.34846964 0.0
0.9922999242 -28.34970488 0.0
1.008383491 -28.34943737 0.0
0.9925284594 -28.35334655 0.0
0.9892053154 -28.35026331 0.0
1.007307346 -28.34243813 0.0
0.9853516086 -28.36180052 0.0
0.9939868472 28.34492178 0.0
0.9931759321 -28.35168667 0.0
1.004029628 -28.3463676 0.0
0.9988841397 -15.49413364 0.0
0.9975105736 -15.48688756 0.0
1.002666399 6.467377162 0.0
1.001891398 6.466378659 0.0
1.003799824 6.465279641 0.0
1.002456755 6.463455897 0.0
0.9991018797 6.471235606 0.0
1.012839162 -28.33984468 0.0
1.001052624 6.457351567 0.0
1.000701714 6.460376976 0.0
1.008282141 -28.35071475 0.0
0.9937239256 -28.34968855 0.0
0.9972247338 -28.3382446 0.0
1.009688844 -28.34296147 0.0
1.005490473 28.36036411 0.0
0.9900801434 28.34334143 0.0
0.9961802146 -28.35011058 0.0
1.011121127 -28.35306131 0.0
1.008377294 -28.34943347 0.0
0.989793061 -28.3447044 0.0
1.000743026 6.459242531 0.0
1.000325309 6.460289269 0.0
0.9993540605 -6.46320645 0.0
1.000537848 6.45856946 0.0
0.9993002839 6.463584661 0.0
1.008231768 -28.33663264 0.0
1.000661789 -28.35048703 0.0
0.9983894871 -28.33666258 0.0
1.009533053 -28.34235993 0.0
1.005804072 -28.34739222 0.0
1.000325546 6.463209245 0.0
1.000769943 6.464833014 0.0
1.00029459 6.462275295 0.0
1.00123328 -6.460324652 0.0
0.9810609901 6.463767557 0.0
0.9641612555 -6.473171675 0.0
1.001033108 6.462605485 0.0
0.9982214264 6.459612869 0.0
0.9985197566 -6.461660116 0.0
0.9967009917 28.36111617 0.0
1.004312214 28.35029268 0.0
0.9936228124 28.33959979 0.0
1.000715035 -28.3533291 0.0
1.014198954 -28.33693712 0.0
1.000699662 6.465698096 0.0
0.9990705144 6.460572493 0.0
0.9987282549 6.467797792 0.0
1.005748105 28.33769153 0.0
0.9968960826 6.465898405 0.0
1.00168497 -6.454211012 0.0
0.9833880478 -28.34439802 0.0
0.9942811773 -28.34319002 0.0
1.004637664 -28.35017652 0.0
0.9909185138 -28.35678105 0.0
-0.6498767503 -6.301253981 0.0
0.9998473434 6.453191609 0.0
0.999424711 6.462968042 0.0
1.0005485 6.460704267 0.0
0.9985449996 6.462751133 0.0
0.9989902967 6.46082579 0.0
0.9997860327 -15.49827856 0.0
-2.070198282 -6.13272583 0.0
1.004080147 -28.36983674 0.0
0.99127269 -15.49997441 0.0
0.9439027024 6.471916819 0.0
0.9826773551 -28.35419804 0.0
1.000115966 -24.62685721 0.0
1.000171455 -28.12302704 0.0
1.006086788 28.3465506 0.0
1.002415603 -28.26602915 0.0
1.002935984 28.35260363 0.0
0.9984401365 -20.90697801 0.0
0.9990989319 -27.70376693 0.0
1.013552996 28.3620463 0.0
1.001792152 -6.462312088 0.0
0.9980197077 -24.62139859 0.0
0.996961369 -15.49120517 0.0
1.012499144 -28.36705113 0.0
1.01197515 -28.35752526 0.0
1.001463194 28.34699423 0.0
1.007543624 28.3584036 0.0
1.009619809 -28.36940662 0.0
0.9633734039 -28.27139345 0.0
1.006332321 -28.37213131 0.0
1.008492042 -28.35263513 0.0
1.00789886 -28.35028413 0.0
0.9996430019 -6.460869353 0.0
1.001402532 28.33781806 0.0
0.9999681797 6.462339561 0.0
1.008442491 28.34290952 0.0
1.000124367 28.35519092 0.0
0.9981163901 6.472355259 0.0
0.9947769629 -28.35031937 0.0
1.012109245 -28.3365996 0.0
1.015553193 -28.35359074 0.0
1.008910903 -28.35583319 0.0
0.9976235026 -28.34005058 0.0
1.01691968 -28.34800401 0.0
-7.831217799 -1.554463328 0.0
-22.3529319 -9.459765563 0.0
-14.79259293 2.646594531 0.0
-13.91292127 -9.191706315 0.0
-11.81001637 -8.3720283 0.0
-11.11608242 -8.092578167 0.0
-13.70098529 0.9375158989 0.0
-20.86169327 -10.13790304 0.0
-9.337333611 -6.805708508 0.0
-10.05461525 -2.525547239 0.0
-8.099213195 -8.417203802 0.0
-9.588154505 -8.160064952 0.0
-13.39863326 -9.146690545 0.0
-15.53124966 -9.819040055 0.0
-17.48591162 -10.10704964 0.0
-23.43226429 -7.906169159 0.0
-10.53762714 -2.874771915 0.0
-11.60703859 0.1391670321 0.0
-11.41480083 1.062776497 0.0
-11.81669323 0.9469642866 0.0
-13.20437865 0.6680067497 0.0
-14.71269191 2.325782815 0.0
-15.3462324 3.969349945 0.0
-16.2169366 -10.47462934 0.0
-11.96609079 -11.92231549 0.0
-23.01494517 1.461086583 0.0
-19.13671087 0.5198712931 0.0
-17.48879282 -8.516040403 0.0
-15.9118855 -12.88279766 0.0
-20.81960598 -17.51257596 0.0
-11.519789 -11.34425593 0.0
-20.76294844 -1.942361886 0.0
-7.5381726 -7.118568376 0.0
-17.29545313 -17.59446221 0.0
-23.86033652 4.082903115 0.0
-21.82315902 -5.789403676 0.0
-23.0701998 2.503187444 0.0
-5.819133147 2.786560784 0.0
-12.39359461 -12.78570135 0.0
-9.511163402 6.507784977 0.0
-15.37996643 -15.96075901 0.0
-13.81593782 -14.30968222 0.0
-21.6730844 3.082148465 0.0
-20.51162272 1.508965311 0.0
-14.93294014 -15.82821935 0.0
-12.74252579 -12.98007134 0.0
-11.23204624 -10.89501061 0.0
-9.817583755 -10.61816722 0.0
-18.69961116 -14.32457088 0.0
-20.88949103 -19.26173392 0.0
-10.50042091 -10.6050363 0.0
-24.40653555 2.024501058 0.0
-24.83145881 3.181474781 0.0
-23.51663984 4.037140877 0.0
-19.63123147 -7.803757615 0.0
-8.954486237 -0.3101510347 0.0
-19.47675082 -14.80157229 0.0
-19.02123758 -18.30662255 0.0
-18.33174951 -18.12244627 0.0
-20.68621044 -4.572550482 0.0
-21.64323427 -3.760594925 0.0
-18.09732765 -8.732418324 0.0
-7.502582527 6.352204934 0.0
-10.0750631 -10.59212703 0.0
-10.64042001 -10.49927712 0.0
-10.94130944 -10.64009445 0.0
-11.39248015 -11.32019782 0.0
-13.46259127 -14.17427945 0.0
-8.482087673 -7.432272039 0.0
-21.31312205 -18.98771362 0.0
-16.5129749 -17.36262932 0.0
-20.94073575 -18.36959473 0.0
-10.63430535 -9.340080187 0.0
-21.33470009 -6.236238551 0.0
-7.082921569 0.6581407835 0.0
-11.72051267 -9.660494411 0.0
-8.118172883 -0.9664024275 0.0
-9.833715997 1.560275649 0.0
-9.186011947 0.6954117016 0.0
-6.385292047 -2.293126831 0.0
-4.444726754 -2.51607567 0.0
-2.38464919 -1.803583059 0.0
-6.072449683 -3.609348724 0.0
-8.981587281 -0.7292964046 0.0
-9.173413549 0.165575334 0.0
-8.645901736 -0.1081162482 0.0
-10.8392705 1.601781275 0.0
-10.61282257 2.611493568 0.0
-24.12441437 -5.913476629 0.0
-9.916364006 -7.990983153 0.0
-12.802658 0.6851776135 0.0
-11.20800149 1.113165815 0.0
-3.222951132 -2.995955405 0.0
-8.212787913 -2.491035274 0.0
-19.58417999 -9.690027808 0.0
-18.14722467 -9.688629087 0.0
-16.25517386 -9.575591993 0.0
-11.66145789 2.702387352 0.0
-7.208774996 -8.403247333 0.0
-8.642495733 -8.209888804 0.0
-9.320546859 -8.671106155 0.0
-10.07534377 -8.534975777 0.0
-10.60208883 -7.918309625 0.0
-10.91830302 -8.555530454 0.0
-11.3960071 -8.104880201 0.0
-12.15211306 -8.325138873 0.0
-12.85490584 -8.622447776 0.0
-14.43412249 -9.275780973 0.0
-20.6498108 -12.19852368 0.0
-21.42752501 -9.46125019 0.0
-22.88014839 -8.455649363 0.0
-22.24335892 -11.4964276 0.0
-21.99554888 -9.512322239 0.0
-6.097344058 -5.927158472 0.0
-9.603994722 -5.107132554 0.0
-11.00355862 -1.521887431 0.0
-12.06328867 2.512635382 0.0
-11.02345479 0.5783818529 0.0
-12.28200198 2.4000016 0.0
-13.79060691 1.969212096 0.0
-9.457383584 0.3608647089 0.0
-14.67987759 1.750746159 0.0
-10.0546783 0.7308169681 0.0
-12.95845529 0.9845544628 0.0
-13.40711285 1.647984413 0.0
-14.41067432 3.245499983 0.0
-22.10867911 -10.34416077 0.0
-12.58715553 -9.445535364 0.0
-12.10562323 -9.194673418 0.0
-11.71660807 -8.952664797 0.0
-11.34752546 -8.710787285 0.0
-12.20669808 2.22231615 0.0
-22.84034466 4.943552727 0.0
-22.6116101 4.763686382 0.0
-22.19351368 4.452786711 0.0
-21.7990919 4.060317785 0.0
-21.3673385 3.524079314 0.0
-21.199096 2.925570192 0.0
-21.44421398 2.343467959 0.0
-20.94670551 1.610400046 0.0
-20.01165442 0.8143575335 0.0
-18.48783114 0.2534385622 0.0
-16.39812181 0.366237417 0.0
-14.23851279 1.321104646 0.0
-12.60257311 2.631961377 0.0
-11.88789367 3.442442176 0.0
-12.04964964 3.501353158 0.0
-13.15742073 2.110028764 0.0
-14.86088087 -0.8825746476 0.0
-16.00019271 -4.886880862 0.0
-12.5772425 0.7349821069 0.0
-16.42080212 -8.553017119 0.0
-15.99326965 -10.02013408 0.0
-17.11136003 -10.50084778 0.0
-19.04234276 -11.55857457 0.0
-20.4354251 -12.38603849 0.0
-21.22807415 -13.0404466 0.0
-21.66263233 -13.59385319 0.0
-21.57845802 -14.00055763 0.0
-22.39808461 -11.10816675 0.0
-21.09454825 -14.28999994 0.0
-20.30645578 -14.38078411 0.0
-19.2401614 -14.23061415 0.0
-18.0160311 -13.83005155 0.0
-16.78631405 -13.24739224 0.0
-15.72944477 -12.66497923 0.0
-14.85737978 -12.06129004 0.0
-16.22539544 -11.48731238 0.0
-14.09605523 -11.50096053 0.0
-13.43772796 -10.98204876 0.0
-12.87128001 -10.52605599 0.0
-11.94966586 -9.777045899 0.0
-11.57254891 -9.474750131 0.0
-11.20028128 -9.238020146 0.0
-10.84277767 -9.080499936 0.0
-13.13496537 -9.774556409 0.0
-10.40399327 -9.032230557 0.0
-9.749015911 -9.121634477 0.0
-8.96736092 -9.252700974 0.0
-8.120978495 -9.38759875 0.0
-18.71072688 3.852984214 0.0
-18.89534168 4.428826583 0.0
-18.31932687 3.313753811 0.0
-24.99930915 4.660433349 0.0
-24.92079305 5.084624056 0.0
-24.53792348 5.258261565 0.0
-24.06582326 5.225023473 0.0
-23.4629362 4.975839892 0.0
-23.1815518 3.812794197 0.0
-17.90055049 2.885312719 0.0
-23.28809732 1.957336139 0.0
-23.5340365 0.2333599639 0.0
-23.37869926 -1.274585527 0.0
-17.02436343 2.130491006 0.0
-22.36822908 -1.871818626 0.0
-20.68105348 -1.480080213 0.0
-18.02545271 -1.086373559 0.0
-14.47655871 0.2696535909 0.0
-10.92508874 2.505701309 0.0
-9.362770074 4.598678709 0.0
-9.85171777 5.957681921 0.0
-11.97232001 3.044137272 0.0
-14.6670832 -2.773621915 0.0
-17.33117125 -8.452497072 0.0
-18.33029276 -10.75003476 0.0
-17.6621489 -12.79484371 0.0
-19.37266523 -13.90797924 0.0
-20.56841708 -14.84522401 0.0
-21.14526553 -15.63216505 0.0
-21.02489242 -16.26988259 0.0
-22.05890734 -11.92309274 0.0
-20.42222101 -16.41524551 0.0
-19.47974477 -16.29406095 0.0
-18.23934657 -15.87749649 0.0
-16.99917379 -15.08292112 0.0
-15.95645744 -14.34385957 0.0
-15.02726388 -13.64016991 0.0
-14.24455865 -12.95431611 0.0
-14.49348694 -10.52276943 0.0
-13.57188448 -12.32660889 0.0
-13.01070074 -11.76522144 0.0
-12.51279546 -11.26228877 0.0
-12.0902536 -10.78691001 0.0
-11.71666006 -10.4277408 0.0
-11.36711336 -10.08892837 0.0
-11.03722654 -9.807404643 0.0
-10.63986654 -9.711254837 0.0
-8.561674057 -8.80819231 0.0
-10.05832807 -9.763272754 0.0
-9.29846909 -9.839365735 0.0
-8.427518838 -9.966985963 0.0
-7.752305069 -8.922591227 0.0
-11.78623073 -9.773357379 0.0
-15.21930306 -11.0857099 0.0
-13.76023104 -10.1509518 0.0
-12.37386149 -10.13204896 0.0
-13.22866141 -2.226900806 0.0
-13.37049574 -5.192252578 0.0
-10.5145105 -8.513608346 0.0
-15.74406741 1.789194226 0.0
-18.50879412 -12.11264342 0.0
-19.67809438 -12.24332303 0.0
-19.46190127 -18.19116085 0.0
-7.122286476 6.63201206 0.0
-11.0785348 -10.61677028 0.0
-12.97323367 -13.10702176 0.0
-12.11541344 -11.91952253 0.0
-16.01303342 -9.582732367 0.0
-8.780318492 -10.66036021 0.0
-10.23220541 -10.50555022 0.0
-17.10927605 2.211642849 0.0
-21.05846413 -1.654359969 0.0
-10.74416991 -10.46558024 0.0
-16.58664728 1.976988409 0.0
-21.07001548 -6.288156642 0.0
-20.59465552 -0.4868654208 0.0
-21.53030675 -2.929834035 0.0
-12.83137486 2.249527406 0.0
-8.080695579 3.959275154 0.0
-17.25041659 -13.7276859 0.0
-17.4145841 2.49376762 0.0
-21.44724249 -12.0819807 0.0
-20.34467167 -18.56732581 0.0
-17.36661202 -11.86048402 0.0
-22.89717281 3.847170345 0.0
-21.46476529 2.795912132 0.0
-23.90490242 4.587242804 0.0
-14.75612079 -15.13342352 0.0
-13.37609224 -13.60999326 0.0
-9.396634325 -10.55575396 0.0
-7.465876912 -7.529240195 0.0
-8.544359829 -8.354475833 0.0
-9.089979387 -8.774371047 0.0
-9.27962009 -8.571634972 0.0
-10.26201804 -9.414232461 0.0
-11.7315137 -9.988730069 0.0
-12.86862762 -10.89220438 0.0
-14.19614002 -11.97706252 0.0
-15.7054822 -12.65296762 0.0
-16.86938046 -13.1804246 0.0
-18.35005226 -13.77070075 0.0
-19.32092085 -13.94512063 0.0
-20.13214149 -14.81400489 0.0
-20.85615908 -15.90563169 0.0
-21.79559125 -16.5754887 0.0
-22.34819212 -17.48073541 0.0
-22.48208153 -18.38358411 0.0
-22.51865553 -18.91515564 0.0
-21.8970849 -19.72173564 0.0
-21.09203361 -19.74428549 0.0
-20.34511025 -19.74247885 0.0
-20.02747891 -19.57031022 0.0
-19.44537274 -19.39126149 0.0
-18.81342325 -19.25898126 0.0
-18.30839312 -18.96788158 0.0
-17.6531383 -18.62786481 0.0
-17.08371782 -18.27292335 0.0
-16.5478035 -18.06421807 0.0
-16.26465459 -17.5980733 0.0
-15.87922751 -16.10931038 0.0
-15.89890379 -17.25993451 0.0
-15.41887749 -16.7468326 0.0
-14.87172173 -16.34259665 0.0
-14.59936484 -15.77709251 0.0
-14.27455967 -15.38038097 0.0
-14.17419716 -14.51088 0.0
-13.92783583 -14.92105585 0.0
-13.53526966 -14.58244625 0.0
-13.3925355 -14.20394567 0.0
-13.0705581 -13.81950609 0.0
-12.78572425 -13.40730757 0.0
-12.51967206 -13.0993595 0.0
-12.32769843 -12.85426617 0.0
-12.05500188 -12.579501 0.0
-11.85768553 -12.21121022 0.0
-11.67999603 -12.0032099 0.0
-11.69317549 -11.50405805 0.0
-11.49817349 -11.78485312 0.0
-11.33328071 -11.55559059 0.0
-11.33858512 -10.98916669 0.0
-11.18447508 -11.37157892 0.0
-11.05528512 -11.26317874 0.0
-10.90152583 -11.18796481 0.0
-10.78743613 -11.06843841 0.0
-10.63935855 -11.103184 0.0
-10.43325977 -11.14664402 0.0
-10.29749516 -11.12250508 0.0
-10.0058552 -11.15870803 0.0
-9.644908808 -11.31338074 0.0
-9.307385368 -11.58205118 0.0
-23.39592452 -1.199468877 0.0
-24.26085665 -2.03222232 0.0
-25.16441302 -1.504514325 0.0
-23.0532166 1.258760803 0.0
-22.76574975 1.85035683 0.0
-23.17273763 0.5657678221 0.0
-22.40814574 2.005044617 0.0
-20.95416893 1.77200006 0.0
-19.92588483 1.658367186 0.0
-18.97618938 1.143057687 0.0
-18.11725391 0.5803573778 0.0
-17.8061009 0.1014450586 0.0
-18.08471988 -0.6739472404 0.0
-18.36316304 -0.822722238 0.0
-18.22800312 -1.744480414 0.0
-12.77158566 -3.644889667 0.0
-14.54995917 -5.058996123 0.0
-15.12227226 -9.151367925 0.0
-13.68717014 -10.5057734 0.0
-13.63030376 -9.795527283 0.0
-13.5491105 -7.936746309 0.0
-13.73981558 -7.16734345 0.0
-15.76238103 -12.38353446 0.0
-14.73180575 -13.70001294 0.0
-12.85498526 -15.99826322 0.0
-11.59674268 -16.81576556 0.0
-9.917356363 -12.90373298 0.0
-10.68341001 -6.787230687 0.0
-11.83200345 0.1326739265 0.0
-6.646311038 6.031588608 0.0
-11.97996821 4.350805065 0.0
-4.258926825 6.730145435 0.0
-3.3392221 6.905749372 0.0
-3.992079858 5.794915498 0.0
-5.59133531 2.891520694 0.0
-8.655272474 -3.303120194 0.0
-10.86323925 -7.492032662 0.0
-12.76904215 -10.34870838 0.0
-14.74808225 -12.46501606 0.0
-23.34110046 -0.3238547657 0.0
-23.85742023 -1.008221432 0.0
-24.21767086 4.384178433 0.0
-16.49962499 -4.303587493 0.0
-21.95791766 -4.966348495 0.0
-12.72107407 -2.640009427 0.0
-19.16493818 -6.918650189 0.0
-8.909411455 6.980416582 0.0
-11.38824151 -8.215613588 0.0
-12.7647143 -7.474423029 0.0
-10.39697444 -11.37471091 0.0
-10.52470248 -11.34798026 0.0
-10.82402544 -11.3659474 0.0
-11.26387408 -11.61144307 0.0
-12.13610755 -12.34025976 0.0
-12.35860451 -12.33222138 0.0
-14.13989885 -14.13737498 0.0
-16.18929748 -16.06515232 0.0
-16.59748709 -16.72489476 0.0
-18.94274832 -18.35830159 0.0
-7.225673239 -6.964139818 0.0
-8.03802656 -6.578762252 0.0
-8.782514628 -6.683066204 0.0
-9.881461946 -6.980889622 0.0
-11.28069919 -7.182308246 0.0
-12.7699378 -7.624585262 0.0
-14.32429734 -8.321253344 0.0
-15.76302546 -8.967655534 0.0
-17.0895696 -9.662799956 0.0
-18.55091887 -10.45011924 0.0
-20.51924045 -11.53809434 0.0
-22.2146763 -12.62631985 0.0
-23.67825752 -13.61632821 0.0
-24.85009702 -14.56399985 0.0
-25.61306193 -15.50617422 0.0
-25.62880999 -16.42167397 0.0
-25.00862133 -17.14103707 0.0
-23.79080154 -17.49217744 0.0
-22.69260907 -17.93484658 0.0
-17.90793292 -17.69484051 0.0
-20.54304172 -18.7675611 0.0
-21.57253216 -18.5204545 0.0
-19.16014303 -5.70676688 0.0
-18.10213032 -7.114251151 0.0
-14.55116456 -8.448087343 0.0
-14.39295654 -5.966137398 0.0
-13.88781997 -7.675693558 0.0
-16.63464798 -3.685361432 0.0
-17.36572859 -3.34726947 0.0
-17.29419036 -3.422006409 0.0
-16.76980638 -3.533442987 0.0
-16.00125539 -3.521700703 0.0
-15.11594571 -3.572149222 0.0
-13.96583833 -3.769520187 0.0
-12.44947254 -4.077655989 0.0
-10.69803146 -4.550010682 0.0
-8.778174408 -5.277925925 0.0
-4.624930216 -6.783749753 0.0
-1.188444039 -5.595975734 0.0
-4.319596166 -3.526696269 0.0
-0.5881521945 14.91435218 0.0
2.066516188 -4.936860062 0.0
-0.5814899108 -9.856234295 0.0
4.254415489 -7.052337704 0.0
-22.35474346 -5.271555202 0.0
-3.739147176 5.40892507 0.0
2.308941793 -8.39243205 0.0
-5.641533864 -14.60495979 0.0
-6.270697531 -15.69410689 0.0
-4.424945097 -17.46301921 0.0
-9.393859383 -17.12980166 0.0
-12.24268519 -14.08740881 0.0
-13.23691058 -8.282395697 0.0
-9.876796567 -1.921125203 0.0
-6.255678658 0.166955909 0.0
-4.678381056 2.158043512 0.0
-3.135515845 3.967208862 0.0
-10.14579291 5.800477381 0.0
-1.752005677 4.224289339 0.0
-1.400993514 4.056511619 0.0
-2.700202089 2.574439634 0.0
-5.077052341 -2.043568371 0.0
-9.870481548 -9.950597102 0.0
-12.67071376 -14.44893654 0.0
-14.25728038 -16.90620183 0.0
-12.43263025 -12.58089636 0.0
-14.517385 -14.49600406 0.0
-14.8703755 -14.86661714 0.0
-15.7348204 -15.64467487 0.0
-19.5101246 -18.59201643 0.0
-20.03989323 -18.73316991 0.0
-20.39995767 -16.68480963 0.0
-12.77346821 -11.1105124 0.0
-12.14389462 -5.490422712 0.0
-10.97655912 -11.41831896 0.0
-10.66750103 -11.42266087 0.0
0.7981083603 -23.96332686 0.0
-10.67437023 -11.35386181 0.0
0.7486891176 -23.98508127 0.0
-11.12185819 -11.51441584 0.0
0.8088703413 -23.99504462 0.0
-11.41755007 -11.733278 0.0
0.7665712132 -24.02602869 0.0
-11.60916769 -11.90709422 0.0
-11.84799905 -12.10988681 0.0
0.8069682172 -24.01907459 0.0
-12.74967741 -12.87357655 0.0
0.7507050423 -24.04792201 0.0
0.8066063389 -24.02912325 0.0
-13.03709269 -13.14203779 0.0
0.8133384442 -24.10105095 0.0
0.8293029006 -24.07514813 0.0
0.7677556458 -24.12431218 0.0
-16.6689257 -16.52816435 0.0
0.8325579994 -24.11499931 0.0
-15.24488587 -15.2268357 0.0
-17.71238944 -17.37004136 0.0
-18.18507529 -17.75966666 0.0
0.8728931815 -24.17100973 0.0
0.8932986344 -24.15424985 0.0
0.8636749715 -24.15234021 0.0
0.8557742498 -24.18972773 0.0
-21.10381191 -18.69140742 0.0
0.884765688 -24.17893551 0.0
0.8927909695 -24.17824286 0.0
-22.05493125 -18.26328862 0.0
0.8774063445 -24.19272238 0.0
0.9242837905 -24.1714138 0.0
-20.94669855 -18.4492643 0.0
0.8967285094 -24.19340825 0.0
0.8888272791 -24.19623155 0.0
-19.86724243 -15.62314751 0.0
0.9548926478 -24.18709761 0.0
0.9677769704 -24.15845578 0.0
1.013113755 -24.1776447 0.0
0.9450272211 -24.159707 0.0
0.9789008043 -24.17817334 0.0
1.005211686 -24.16932165 0.0
0.780753221 23.91482481 0.0
0.7481028653 23.92377715 0.0
-23.6933663 2.845052956 0.0
0.7992629613 23.93158939 0.0
0.8183980441 23.85766212 0.0
0.7486661163 23.85359166 0.0
0.7222142268 23.8383987 0.0
0.6746617158 23.87518787 0.0
0.7243869203 23.87754439 0.0
0.7268758263 23.82836264 0.0
0.7090528995 23.884583 0.0
0.7634769523 23.90460924 0.0
0.7879028798 23.89130322 0.0
0.8282485448 23.9293883 0.0
0.9058829932 23.97041665 0.0
0.9163944941 23.96973427 0.0
0.9396718096 23.99701533 0.0
1.001835079 24.01383229 0.0
-7.358420153 -6.087371802 0.0
0.9912260812 24.00108298 0.0
1.03679042 24.08170942 0.0
1.042437696 24.05332801 0.0
1.001607883 23.95799607 0.0
0.9747064897 23.95436297 0.0
1.067404787 24.06371206 0.0
1.000597262 24.05715125 0.0
0.9577587893 24.07341083 0.0
0.9553382386 24.04910304 0.0
0.9911671984 24.05161848 0.0
0.9299160611 24.07877158 0.0
0.9324397084 24.1132633 0.0
0.9430242732 24.15149919 0.0
0.9977482415 24.09352327 0.0
0.9356343642 24.10104701 0.0
0.9744068669 24.14631452 0.0
1.015016914 24.11750151 0.0
0.9750877938 24.13503381 0.0
0.9848329946 24.15090575 0.0
0.9697421756 24.15919356 0.0
0.9704022501 24.17520909 0.0
0.9956332553 24.13172431 0.0
0.9701733452 24.09968736 0.0
-21.9511148 2.0467018 0.0
0.7860557362 23.92248473 0.0
0.9498937251 -24.15142405 0.0
-13.3638675 -13.44481483 0.0
0.7651265482 -24.06481113 0.0
-0.4245515146 13.48384325 0.0
0.983553254 24.06014039 0.0
0.9290594731 -24.20500302 0.0
-15.50407307 -4.572092107 0.0
0.8571867369 -24.15345276 0.0
0.8347561937 -24.1639893 0.0
-17.11993291 -16.93129543 0.0
0.8136638368 -24.15662851 0.0
0.9535426797 -24.16804557 0.0
0.7955531926 -23.98647202 0.0
0.7837099909 -24.00499254 0.0
-10.36060559 -11.43977192 0.0
0.7666185841 -23.96985661 0.0
0.7604073471 -24.00685358 0.0
0.8053510507 -24.02530107 0.0
0.8402680412 23.9547158 0.0
0.8921720441 -24.15935624 0.0
0.9338711985 -24.19036392 0.0
0.8957228012 -24.18481201 0.0
0.8704102248 -24.15201911 0.0
0.8356995961 -24.06545439 0.0
-7.55648029 3.530384044 0.0
0.8095261886 -24.08640224 0.0
0.8429580817 -24.13555639 0.0
0.8474128835 -24.19071043 0.0
-23.75470174 2.214647175 0.0
0.7911192255 -23.95217338 0.0
0.9541840024 -24.19575106 0.0
0.9619740719 -24.15586435 0.0
-18.55267789 -18.11154343 0.0
0.9731838546 -24.19745556 0.0
0.7751686862 -23.9881174 0.0
-13.70737376 -13.76721776 0.0
0.785915575 -24.02564184 0.0
0.8375350403 -24.10002132 0.0
0.955564577 -24.17406624 0.0
0.9411993543 24.07885347 0.0
-15.14394719 -11.59474649 0.0
</DataArray>
<DataArray type="Float64" Name="pressure" format="ascii">
4359.1368
4361.789383
4358.99937
4361.622316
4361.951669
4359.296846
4357.634253
4359.336269
4365.70788
4366.24622
4360.776273
4354.790418
4356.339603
4360.384172
4356.478147
4362.611048
4357.562093
4366.235643
4361.667461
4361.187563
4359.191381
4356.486486
4358.996387
4359.214393
4357.968422
4361.799919
4356.50475
4359.855623
4360.666771
4361.4383
4361.017696
4360.75932
4365.342547
4359.558767
4361.785589
4366.812021
4360.045067
4361.159207
4360.312632
4361.907399
4360.748295
4360.172284
4359.696272
4360.426898
4367.055815
4357.870158
4361.154327
4359.333194
4365.515961
4362.237191
4362.632735
4366.571105
4357.063508
4356.322589
4360.487601
4360.680938
4365.964104
4361.911346
4360.751545
4358.652699
4365.550027
4360.154943
4357.608104
4360.236741
4359.821516
4359.823406
4359.579628
4361.21893
4365.834484
4360.427109
4361.265184
4362.708693
4362.181815
4361.820592
4356.429069
4360.320344
4353.427784
4360.521537
4358.84721
4355.255748
4360.101855
4364.736608
4358.08098
4357.776477
4357.82362
4366.067797
4360.48796
4362.709869
4366.007532
4359.844715
4360.50504
4359.31073
4360.683962
4361.65117
4360.376572
4358.959979
4357.59436
4360.809162
4358.700517
4358.024822
4358.045403
4359.588033
4360.054041
4359.79051
4356.848132
4360.112007
4361.757802
4360.668715
4358.917606
4360.215071
4361.954447
4356.508126
4365.126514
4356.301315
4363.085189
4361.000114
4361.911631
4366.518542
4359.561731
4361.258382
4360.712578
4362.319674
4360.265554
4359.737227
4366.105246
4366.144304
4360.527506
4360.627781
4360.839013
4359.127274
4362.902737
4362.899447
4358.148663
4366.022729
4366.273371
4366.693519
4358.831079
4362.320944
4358.08549
4366.222893
4356.527607
4359.367126
4359.798215
4359.914734
4358.439888
4358.843246
4358.303291
4360.118111
4361.735189
4366.242178
4360.182355
4360.396089
4359.227274
4360.398146
4358.228597
4358.922701
4360.337907
4360.281902
4359.3751
4360.833914
4360.439191
4376.941882
4359.328823
4376.501643
4361.769481
4361.328209
4376.688633
4358.93221
4359.954545
4365.503799
4375.981264
4358.988139
4376.872399
4361.683946
4376.43559
4358.832315
4360.86585
4361.040276
4376.67832
4376.74695
4360.273557
4376.772435
4360.691048
4377.932283
4359.69144
4377.677324
4357.797653
4356.658365
4360.228499
4377.210692
4360.845598
4377.544061
4377.421458
4359.378304
4376.079263
4362.527826
4361.694916
4360.685707
4360.683991
4377.028596
4361.96067
4377.648749
4360.863907
4360.084965
4377.162921
4366.122617
4376.364939
4359.51512
4359.428578
4377.188049
4366.25242
4360.412477
4376.309597
4358.803084
4359.18204
4375.832522
4359.998212
4377.072795
4360.394381
4363.373568
4377.287306
4376.606372
4356.214445
4376.648044
4353.678038
4352.53311
4356.654693
4378.231109
4358.005782
4356.842115
4352.171608
4385.657498
4358.770942
4358.832236
4360.441148
4375.86636
4376.209538
4376.386147
4376.584641
4360.148204
4363.781846
4377.006967
4359.217384
4376.485928
4360.930635
4376.142685
4376.99487
4362.732974
4376.529729
4359.70115
4376.185549
4376.018747
4375.65495
4361.848892
4359.401556
4360.33354
4377.547154
4377.014812
4377.108416
4376.619702
4357.666918
4377.006195
4377.532158
4361.337481
4358.764951
4377.121251
4376.705182
4360.342553
4376.813458
4377.370205
4361.66801
4359.210874
4376.299123
4355.755211
4377.174557
4354.492261
4355.264392
4355.984542
4358.066754
4358.185511
4356.197021
4359.055796
4359.02353
4359.928112
4359.44935
4359.232614
4358.453704
4357.361668
4376.705169
4359.461685
4359.881989
4359.420962
4365.314942
4361.177351
4359.93364
4360.369315
4377.797328
4376.610704
4359.741401
4360.4599
4359.811337
4356.035958
4356.499821
4376.784287
4376.244128
4360.872433
4360.710602
4376.923856
4361.274942
4377.218745
4377.322715
4360.60825
4358.720886
4359.556412
4367.152943
4377.429346
4359.797976
4376.684827
4360.720635
4377.42937
4360.878148
4376.161415
4356.185951
4366.293136
4376.183807
4360.970793
4358.655882
4356.594503
4356.04033
4360.053277
4363.294806
4359.800446
4357.092076
4376.839295
4377.136891
4359.781291
4361.30092
4359.692651
4359.547868
4360.213632
4360.726808
4359.726207
4376.010024
4355.332177
4354.209669
4359.680845
4377.196437
4357.520685
4376.791154
4362.721035
4362.888996
4376.463666
4359.591841
4376.988958
4376.578721
4359.663987
4361.512837
4378.012666
4375.855092
4375.838257
4365.359428
4358.93743
4363.833795
4360.987599
4357.494319
4360.650931
4377.193173
4377.157254
4380.796934
4379.044619
4377.038918
4366.334778
4360.598286
4376.698514
4377.022897
4360.220722
4358.486325
4361.381915
4361.402193
4362.191851
4360.733937
4360.474867
4357.080405
4359.129848
4359.699739
4359.573209
4359.891551
4359.279376
4358.51544
4359.259993
4359.120849
4360.000757
4359.895961
4361.152956
4358.778581
4357.359897
4358.006131
4359.972634
4359.419188
4362.65338
4361.633141
4360.448394
4360.468888
4359.137649
4360.690081
4359.941509
4360.489421
4360.804166
4360.227957
4360.52889
4360.519612
4360.064358
4359.505826
4360.868264
4359.19139
4360.184444
4407.689414
4408.017486
4408.100514
4407.355514
4407.997352
4406.761563
4407.040294
4407.173365
4407.487351
4407.540817
4408.305448
4407.120508
4407.264355
4408.042551
4407.533615
4406.994254
4407.76992
4407.174127
4407.363905
4407.020054
4406.86711
4407.622565
4406.565535
4360.768624
4361.042429
4361.844293
4361.777885
4360.261133
4360.788461
4360.396623
4360.076361
4361.068766
4360.360797
4356.677693
4360.628489
4359.381797
4359.744696
4360.248601
4360.21851
4358.895198
4359.240617
4359.260293
4358.685927
4358.831744
4357.986677
4359.970153
4360.207352
4361.653111
4360.820035
4360.742293
4359.611041
4360.799477
4359.867934
4360.779742
4359.387616
4357.787151
4359.649497
4357.120163
4407.821931
4407.28558
4407.23762
4406.827879
4408.237916
4408.58568
4407.891695
4408.556208
4407.480381
4407.48356
4407.779556
4407.796889
4408.29133
4407.90953
4407.410745
4407.519358
4407.992018
4360.6868
4356.54089
4356.287754
4356.231257
4358.754612
4357.931995
4358.961702
4408.002325
4407.324794
4376.733901
4407.22109
4407.770923
4407.798449
4408.528475
4409.673203
4376.444557
4408.37258
4411.025044
4359.317456
4407.356145
4376.716874
4377.310944
4376.522176
4360.575689
4359.368176
4359.573173
4360.969121
4377.27785
4360.798223
4356.579518
4358.725638
4360.761989
4377.750552
4376.706007
4407.379538
4360.596068
4406.798238
4406.68023
4407.626797
4377.217738
4360.93264
4408.443619
4408.607226
4408.03497
4408.360808
4408.220281
4407.031485
4407.567694
4407.951061
4407.862261
4407.77084
4407.990953
4407.61069
4408.393811
4407.936442
4360.710585
4361.971053
4407.496543
4407.928349
4407.507326
4407.155025
4407.419785
4407.470743
4407.204124
4408.119887
4407.702217
4359.451142
4360.18411
4360.351157
4359.777071
4359.42081
4358.636516
4359.732468
4359.969762
4359.282741
4361.704656
4360.770296
4359.26848
4358.488289
4359.948317
4359.534141
4362.716822
4361.633684
4360.582756
4360.309074
4360.924813
4360.830961
4361.065113
4361.024891
4360.901955
4360.292193
4360.519435
4360.893803
4360.237372
4359.479884
4360.206674
4358.670278
4361.396727
4361.535435
4362.438696
4360.801114
4360.656631
4360.133549
4360.885923
4360.778193
4359.654219
4360.632548
4496.310638
4496.655387
4496.785027
4496.144751
4496.686412
4496.391781
4495.759229
4495.853001
4496.031517
4496.150093
4496.201064
4496.423499
4495.934212
4495.970546
4496.665654
4496.28988
4495.79611
4496.449621
4495.915786
4496.113895
4495.795593
4495.691091
4495.45509
4495.696864
4360.805669
4360.930911
4359.575896
4360.711905
4361.205713
4357.568867
4360.752827
4359.3842
4360.257209
4360.167391
4360.269265
4359.534913
4360.796267
4360.94694
4361.702116
4361.763331
4496.840281
4496.683026
4496.622611
4497.237375
4496.301394
4496.30556
4496.481731
4496.53011
4496.973851
4496.645054
4496.275731
4496.314472
4496.850565
4496.926215
4498.23187
4500.730689
4410.275096
4513.090955
4530.376193
4563.55163
4360.950057
4356.587394
4355.392691
4356.417023
4356.310346
4359.25172
4360.051275
4358.608518
4358.699411
4358.818705
4357.777392
4359.025158
4358.535439
4360.293358
4360.511186
4361.518665
4361.292605
4360.926133
4360.794695
4359.791489
4360.439421
4360.331464
4359.957262
4360.927605
4359.381701
4355.369995
4358.477083
4359.355663
4359.680152
4357.484233
4406.5917
4496.268403
4407.05997
4406.998101
4407.498813
4407.594391
4497.427094
4496.367053
4497.041582
4407.3886
4359.363357
4360.173246
4496.425652
4496.032767
4406.727031
4407.812363
4408.023755
4406.926509
4497.223586
4408.861876
4420.017917
4530.440856
4433.010659
4564.24572
4495.58567
4407.755895
4496.341324
4359.586977
4360.416003
4360.774457
4496.627187
4496.254915
4495.945514
4496.460678
4496.687506
4358.383182
4407.87671
4377.869977
4376.997837
4359.423976
4358.770774
4495.965704
4495.891105
4495.810364
4496.434574
4407.595139
4496.41625
4496.272752
4408.724372
4495.947143
4496.64628
4496.129307
4496.611688
4496.126071
4496.027209
4359.310755
4361.37985
4361.467945
4362.688389
4360.642957
4358.780463
4357.999517
4359.001931
4360.438611
4360.229748
4359.413878
4359.528722
4360.088424
4359.29205
4359.810993
4359.154562
4360.669408
4359.999632
4359.782424
4359.030337
4359.741085
4359.78354
4363.276404
4361.628377
4360.578675
4358.517348
4361.091495
4361.601061
4360.971668
4495.031388
4495.847606
4495.481426
4495.428258
4738.691701
4739.133507
4739.429672
4497.486607
4740.190338
4496.818405
4739.722731
4497.107531
4496.946043
4738.90687
4496.503872
4496.735844
4496.376611
4496.70125
4739.254288
4496.208397
4360.694501
4360.220918
4360.509603
4361.670695
4360.297094
4359.414012
4360.786929
4360.870756
4360.420933
4360.928166
4360.72016
4360.989961
4361.428018
4361.652353
4361.210092
4356.613484
4355.821648
4359.703153
4360.569564
4359.991922
4359.454519
4360.392293
4738.794197
4739.23131
4739.439516
4738.94294
4739.353286
4739.035298
4738.342276
4738.37332
4738.428342
4738.608507
4738.690743
4738.803483
4496.921942
4739.086934
4738.683549
4738.657862
4739.271106
4739.046302
4738.632629
4739.095527
4738.670503
4738.82451
4738.583347
4738.582481
4739.092115
4738.414958
4738.558302
4360.824356
4361.016319
4359.175695
4360.626587
4358.805128
4360.818194
4359.11198
4359.487247
4360.225954
4360.281908
4361.523726
4361.209433
4359.726658
4358.108606
4356.918576
4359.198515
4359.224364
4360.571579
4360.974189
4361.914897
4361.639549
4360.972853
4361.015587
4359.670032
4360.418139
4360.239935
4359.845023
4360.676294
4360.918565
4359.304392
4354.684393
4359.024965
4359.611429
4357.48835
4739.072584
4495.570431
4495.800288
4496.159593
4496.263311
4496.125546
4739.135115
4500.155467
4504.94499
4513.556414
4739.474363
4739.883017
4739.403239
4739.956617
4739.187966
4739.137491
4739.191552
4739.274843
4739.667212
4739.443722
4739.166899
4739.172524
4739.851159
4740.433878
4743.156437
4748.847729
4758.846901
4780.553753
4822.428251
4901.981999
4359.038447
4736.942963
4738.001556
4737.975373
4357.585325
4738.051398
4738.6913
4739.380384
4740.396325
4739.894309
4739.720772
4739.492025
4496.634169
4739.176845
4738.805485
4738.929772
4497.221508
4739.362028
4738.674158
4738.911018
4739.111656
4748.610213
4759.605906
4498.176092
4743.313909
4781.307075
4504.231045
4360.165034
4361.599478
4359.65169
4360.640385
4361.274976
4358.219746
5343.644311
5344.36074
5344.708104
5344.351415
5344.579419
5343.537859
5343.394758
5343.382202
5343.609515
5343.607984
5343.925972
5344.543272
5344.405537
5343.908614
5343.92369
5344.510144
5344.420544
5344.153979
5344.038952
5344.078723
5343.990433
5344.159316
5344.470699
5343.902596
5344.856195
5345.282443
5344.940005
5344.918269
5344.800858
5344.589189
5344.553124
5344.654672
5345.005483
5344.979279
5344.666355
5344.709564
5345.676682
5346.96341
5352.475566
5386.625429
5433.2022
5522.211222
5687.688049
4359.454984
4358.572282
4359.189886
4361.638691
4360.1544
4356.391241
4356.476793
4357.330259
4361.331286
4360.986977
4360.363153
4359.265277
4360.782565
4360.622752
4360.544087
4362.228056
4361.561791
4360.94709
4360.171842
4361.638478
4360.056665
4361.378639
4359.30845
4360.21987
4359.798785
4360.096254
4358.311459
5343.019098
4738.824711
5344.008903
4738.692904
5345.170293
4740.367752
5345.510624
4739.332833
4739.407935
5344.655738
4739.68479
5344.97956
4739.386835
5344.69102
4738.943578
4739.355155
4738.987998
4738.776401
4738.398899
5344.407703
4739.117237
5344.786939
4740.788666
5347.531689
5364.606822
4822.771526
4903.178269
4360.1352
4359.914367
4361.426554
4363.008109
4360.842722
4359.715551
4360.760601
4361.11801
4359.108741
4360.550612
4360.154942
4360.583243
4358.85907
4359.465531
4360.20459
4362.867828
4361.869803
4359.877092
4357.791615
4356.18322
4359.322339
4359.908556
4360.891153
4361.498015
4362.568223
4361.927823
4361.003828
4360.696389
4360.338335
4360.164191
4359.769995
4360.613787
4360.863719
4359.348037
4354.544715
4359.417988
4359.708235
4359.439217
4357.386304
4359.958399
4359.582027
5344.290774
5344.011173
5346.2329
5346.354824
5346.176018
5344.790663
5344.890138
4739.281748
5344.449165
4738.884455
5344.28618
5344.742849
5344.304756
5344.135417
5344.088037
4738.734363
5344.205163
5344.349615
5343.776106
4739.478287
5344.290737
5344.120107
5344.274968
5344.635473
5344.090319
5353.05721
4739.503189
5434.677923
5522.747657
5690.007603
5345.386992
4360.644194
4357.082086
4355.203132
4356.637806
4360.838307
4361.365809
4360.66702
4360.163695
4360.927533
4358.445772
4360.18463
4360.564284
4360.935493
4359.231655
4359.759049
4359.249657
5342.232404
6659.065587
5342.719841
6660.17746
5343.81966
6661.779776
6663.957961
6664.439966
5345.460874
6665.693916
6665.534119
5345.380503
5344.533953
5344.68747
6663.173807
5344.723337
5344.356244
5344.311908
6663.334218
6662.736342
6662.875835
5344.126594
6662.234739
5344.6995
6667.795811
6677.896499
5387.595843
7278.636337
4360.11841
4360.443569
4360.190169
4361.918952
4360.528895
4361.056112
4358.959678
4360.198285
4360.096849
4360.036408
4361.334565
4361.301367
4363.134815
4361.254964
4360.538569
4360.843543
4360.750098
4362.062035
4360.315169
4360.554571
4360.482851
4360.255092
4359.791106
4359.465614
4361.01155
4360.476065
4359.335933
4360.343166
4360.510152
4359.494577
4359.958745
4359.607656
4360.504222
4359.556949
4359.619582
4360.558565
4361.177794
4359.194501
4362.271456
4361.57315
4360.505384
4358.720184
4359.515471
4360.174767
4359.639353
4364.148395
4361.968654
4359.871928
4357.933649
4355.961231
4360.482108
4361.985598
4363.071135
4362.178051
4360.92652
4359.578864
4360.150863
4360.090519
4360.444713
4359.562187
4355.46761
4359.814076
4359.276833
4359.370174
4357.687556
4361.086897
4362.286835
4361.055737
6661.374771
6662.675239
6663.267025
6662.899083
6662.450781
6661.286792
6661.100909
6661.52405
6661.352355
6662.173335
6662.690003
6663.033633
6662.129166
6662.294238
6662.999841
6662.950014
6662.567502
6662.536899
6662.406837
6662.969511
6662.995273
6663.033594
6662.279053
6663.650362
6664.092888
6663.61449
6663.852175
6664.187944
6663.703781
6663.198552
6663.115983
6663.204317
6663.547118
6663.836694
6663.291191
6663.47061
6664.831089
6666.757717
6676.547497
6698.214228
6738.707769
6823.592291
6984.321868
7274.461583
4360.582903
4361.071121
4361.360941
4361.433506
4361.391708
4358.246258
4358.979392
4357.143467
4357.745468
4360.500907
4360.813785
4363.226058
4359.65228
4359.668194
4360.576555
6662.949431
4362.506702
4360.426341
4359.199011
5340.553629
4363.690574
4361.783022
4361.682239
6662.398923
4359.873645
4359.664065
4360.60323
5344.803968
4359.694384
6664.122996
6664.250417
6664.8775
5345.257976
6663.366391
6663.067365
5344.564101
6663.238212
6663.568198
6663.224556
6662.90952
6662.698217
6662.966654
4360.654994
4361.244687
6662.620055
6663.329917
5364.418277
4360.601152
4361.914792
4359.287475
4359.899691
6662.916366
6661.607263
9088.762812
6660.809443
9089.754416
9092.176089
6663.194033
9093.523073
9095.224053
6665.234704
9096.703003
9098.739965
6663.662173
9092.713767
6662.535571
9092.178786
6662.817914
9092.689846
6662.535686
9092.221068
6662.632218
6662.81888
6663.388842
9092.464971
6663.346668
6699.029196
6740.132224
6826.416935
6984.891206
4360.273624
4361.334972
4361.404004
4362.99315
4361.476803
4360.274222
4360.393237
4361.969076
4359.561472
4361.031434
4360.557419
9090.226602
9093.281719
9092.85955
9092.474606
9091.786877
9090.724121
9090.236257
9089.722081
9090.185415
9091.712642
9092.043969
9091.578248
9091.857362
9092.726382
9092.804882
9093.217943
9092.089523
9092.235325
9091.957608
9092.442261
9093.086983
9092.700703
9093.322242
9093.790947
9094.302525
9093.768691
9094.224808
9094.353611
9093.990131
4361.100676
4358.937566
4360.381186
4361.289871
4362.894526
4359.432532
4360.716465
4359.464897
4359.25445
4359.540677
4360.585132
4360.288992
4360.365042
4359.770482
4360.657076
4360.200997
4360.803371
4361.071566
4360.231668
4361.458565
4361.402437
9093.125316
9092.9237
9092.982492
9094.182553
9093.250637
9093.521737
9097.223856
9111.769771
9144.740599
9205.296221
9333.749511
9574.14319
9987.875235
4359.344159
4357.993138
4360.34609
4364.436052
4359.936635
4359.582154
4359.842123
4359.718256
4359.818889
4361.121123
4359.468249
4360.396994
4362.625461
4362.66017
4360.21049
4358.897677
4359.684117
4360.173805
4365.231509
4361.468751
4358.410129
4359.342476
4360.817916
4361.376629
4362.358066
4363.349243
4362.060283
4360.851689
4360.126382
4359.986537
4359.651855
4359.595545
4360.151783
4360.442395
4360.304249
4357.35666
4359.28183
4359.256751
4358.466931
9092.233531
4359.97536
4360.684206
4360.704778
4362.341095
4361.180659
4359.679167
9093.056394
4360.542415
4360.831835
4361.113411
4361.121927
4360.650756
4359.777396
4359.901583
4359.389019
4359.383265
4360.145455
4358.91126
4361.844883
6662.565133
9091.81658
4361.335474
9093.425006
4359.631498
4359.870977
4359.203631
4363.099349
4361.045393
4361.144393
4361.354353
4361.527772
4360.097354
4358.78185
4360.753063
4361.15653
4360.664175
4359.924491
4360.095085
9082.551708
6656.267591
9086.828893
9096.807767
9094.714051
9093.604581
9094.08651
9092.856646
9093.043239
9092.79531
9094.042528
9093.53044
6663.510306
9093.548054
9093.461756
6663.401802
9092.94518
9093.239179
6662.893272
9092.392222
9092.735647
9093.407629
9338.404539
9575.102462
9994.325033
12806.38837
12808.95745
12810.73519
12810.0813
12809.26092
12808.20817
12807.11092
12806.52808
12805.57787
12806.93127
12806.52422
12808.84294
12808.76718
12810.44507
12808.49123
12808.63231
12809.55202
12810.84437
12809.20717
12809.69818
12810.42949
12810.72508
12808.50646
12811.03583
12811.68914
12811.85028
12811.67125
12811.48925
12810.29677
12809.85803
12809.92746
12810.54601
12811.81295
12810.51988
12810.58765
12811.75473
12814.51375
12832.5045
12871.94785
12944.98194
13104.85425
13397.43712
13877.04148
12797.09909
12802.63014
12807.30672
9092.093575
9094.467588
12811.98877
12815.12461
12814.69337
9095.89519
12811.75392
12810.81997
12810.94799
12810.51768
9093.015865
12809.9326
9092.055894
12809.23123
12810.45283
9092.440455
12809.41175
12809.21348
12809.3347
9092.409535
12809.51953
9092.005498
9092.686772
9093.305306
9099.016851
9146.339128
9207.285248
13398.17425
4360.215086
4361.023211
4361.254629
4361.777747
4361.630562
4359.813333
4362.873007
4362.296708
4361.187961
4361.448736
4364.52046
4360.698808
4360.58034
4360.055111
4359.503205
4360.595003
4359.327371
4361.848578
4361.317709
4360.09213
4362.065286
4361.51886
4360.091931
4362.154091
4359.959761
4360.58969
4363.306133
4362.650823
4359.663132
4359.877155
4359.816127
4360.061867
4365.853838
4361.721371
4360.609918
4359.264965
4360.103762
4363.43561
4360.932659
4359.816764
4361.273916
4363.119149
4360.881678
4360.201623
4360.626269
4359.603708
4359.987286
4361.562993
4360.856888
4360.045915
4359.604679
4358.830416
4359.759902
4360.731589
4361.563238
4363.419998
4361.56618
4360.927247
4359.722479
4359.371767
4360.391248
4360.184595
4360.32219
4361.297749
4360.434101
4359.464287
4359.657503
4359.83766
12809.91059
9090.501937
4359.800165
4360.933878
4360.930919
4360.844249
4362.593935
4360.42296
4359.373197
4361.261398
4362.041348
4364.767206
4361.892415
4361.752094
4362.881643
4360.179015
4359.824775
4360.641228
9095.025399
4360.257089
4360.387345
4361.465507
4356.82665
4362.591551
4365.033451
4360.042569
12817.17209
12836.07043
12809.4968
9114.224177
12874.27005
4360.28315
4360.454083
4361.012487
4360.907887
4361.456373
12810.44279
12809.86428
9096.490412
12811.10303
12809.65409
9092.540626
12818.12918
12809.07775
12809.24826
12806.1386
12809.14861
12809.73218
12808.45951
12810.09086
4360.284212
4359.858347
4361.18073
4362.590407
4362.578526
4360.091304
4361.547157
4362.261452
4362.918154
4359.352556
4362.663399
4360.242693
4361.534232
4360.248992
4360.510556
4360.054352
4361.46404
14285.71332
14285.71291
14285.71305
14285.71293
14285.7132
14285.71426
12811.31535
14285.71401
14285.71339
12809.46891
12808.77889
12808.82477
14285.71346
14285.71355
14285.71332
14285.71299
14285.71315
14285.71328
14285.71398
14285.71412
14285.71427
14285.71321
14285.71312
14285.71363
14285.7134
14285.71343
14285.7127
14285.71268
14285.71384
14285.71361
14285.71361
4363.313285
4362.16691
4361.957215
4358.95949
4361.841217
4360.346626
4360.542659
4360.468243
4359.982035
4359.082494
4361.690365
4360.547196
4363.626364
4360.20092
4358.763589
4362.674555
4360.093213
4360.403337
4361.51877
4360.056143
4362.713108
4359.931395
4360.655365
4361.13186
4359.959038
4361.213629
4363.091553
4361.08517
4361.328906
4361.220177
4360.901092
4361.276909
4359.241764
4361.425331
4362.752652
14285.71277
14285.71383
14285.71398
14285.71382
14285.71406
14285.71388
14285.71383
14285.71428
14285.71376
14285.71271
12814.13465
14285.71299
14285.71404
14285.71297
14285.71293
14285.71424
14285.71406
14285.71392
14285.71311
14285.7141
14285.71374
14285.71321
14285.714
4359.952932
4362.188082
4362.06355
4361.717025
4361.187764
4359.938836
4362.641023
12947.63176
14285.71266
13111.05849
14285.71428
13885.25716
4362.773068
4360.374287
4363.128917
4362.046164
4362.606683
4359.917304
12811.09935
12812.36776
4360.231059
12809.96523
12809.867
14285.71335
14285.71293
12809.63962
4361.723907
14285.7132
14285.7142
14285.71339
14285.7127
14285.71253
14285.71335
12810.52009
12809.55219
14285.71331
14285.7138
4360.594384
4362.041801
4361.511923
4361.216766
4360.120383
4361.113231
4361.308595
4362.502462
4360.798854
4362.256802
12810.9254
12815.06968
14285.71311
14285.71312
14285.71392
14285.71365
14285.71313
4361.235032
14285.71338
14285.71275
4360.232782
4359.694244
4362.496266
4359.43783
4360.357648
4363.441272
4360.467581
4358.943457
4359.422967
4360.843751
14285.71395
14285.7138
14285.7135
14285.71399
14285.71281
4362.75813
4361.708373
4362.795875
4360.251154
4360.566076
14285.71318
14285.71389
14285.71291
14285.71298
14285.7135
14285.71283
14285.71311
14285.71282
14285.71279
4361.417036
4362.532486
4361.987564
4360.791418
4362.530592
14285.71396
14285.7129
14285.71391
4362.845412
14285.71337
14285.71388
4361.167919
4361.175138
4362.557479
4363.616454
14285.71325
14285.71319
14285.71291
14285.71377
14285.71394
14285.71406
12809.75551
14285.71346
4362.536508
12804.85326
14285.71386
4362.351865
6666.545532
4497.194492
4361.036591
4407.274932
4361.085897
9090.871294
4739.174589
4359.739187
14285.71322
6662.442443
12812.90811
4356.880341
4359.168813
4359.933728
4359.887973
4360.656635
4413.995804
4361.428993
4360.476782
4362.738507
14285.71412
4361.399158
14285.71427
4361.183356
4362.753599
14285.71396
4360.455866
4360.906733
4362.596283
4361.036189
4361.18662
4360.356517
44.0629142
10.63577591
34.93859078
20.30666087
23.19146783
24.7028029
41.47214438
12.99116835
26.4551526
29.77704222
35.36633408
29.57115194
20.52006427
17.95997694
16.16040615
8.192629295
27.2786605
26.40255766
30.49839381
34.89058725
36.83229389
36.36902543
30.35448281
6.565029717
16.03130349
33.67400393
25.75286645
18.18713297
2.117797038
3.393686893
16.9674344
20.99740166
1.301214632
8.408507301
28.55904537
17.22720614
31.31414435
4.47362585
14.7876756
8.309038827
10.96352436
13.10531467
28.97133175
24.32776953
10.95110484
14.84739674
17.4863277
21.06488191
2.32082653
4.541902933
19.18017
31.57630573
33.04907963
28.00332527
18.91038519
24.62366633
2.449803607
6.788096521
7.01829273
19.68827623
20.06726024
16.10667006
7.056829603
20.622651
19.14950892
18.26159604
16.83284424
13.02417358
1.395006262
4.209058703
8.57261275
3.712796975
1.513893491
18.60125399
4.818712592
1.576637031
45.52877984
43.23403267
44.92950125
45.14410275
46.51913718
47.1908934
37.73964575
38.31605229
40.82188539
45.53232283
43.06158512
39.70644638
7.869541554
28.71420376
40.14914324
33.38708023
38.93743149
37.32411374
14.83813695
16.0614709
17.62199963
38.81256427
39.30783262
33.29716434
29.25480953
26.57029274
26.58489839
23.90940663
24.35248627
22.88942719
21.61367194
19.43480742
11.13435202
12.47228229
10.10016652
7.386813099
3.61006475
27.92823648
27.71234591
27.31641376
23.62250265
28.86743728
25.11679078
27.97106396
43.40945875
29.55474313
44.30399239
42.15941016
39.55201669
33.78425043
4.940137681
20.71254264
21.40851069
22.0681109
22.78300622
21.93119688
22.91629741
24.89443039
27.70649942
30.43366646
32.66155281
33.64135465
32.36470893
28.43779926
25.99202549
24.63857305
23.83518963
23.45581182
22.66882233
21.41790873
19.7551897
17.22790227
14.9813965
13.62256221
21.58980398
13.30047661
14.18245102
2.239884623
3.21855494
4.163706863
5.054065002
6.03131883
7.070569737
6.157402508
8.201564129
9.422140081
10.6218621
11.92512288
13.3018221
14.54748479
15.72954955
15.52567409
16.87918405
17.92562652
18.83065245
20.24770923
20.85399454
21.61605061
22.55103685
19.85601719
23.88873422
26.14886785
29.15990642
32.72218046
28.70483016
26.50061581
31.44824896
24.05955441
24.68731445
25.98194945
27.60854818
29.04746104
30.1555002
34.29339152
30.10981477
27.67924938
24.27201128
36.45914014
23.56592245
24.09729454
24.64067259
24.02707575
20.71343728
17.0124055
12.96418405
9.339544136
7.660740543
7.148611638
8.781628564
2.894112263
3.411040433
4.094451371
4.84221801
5.709461923
8.567918967
6.943100864
8.222306947
9.612630047
11.21625621
12.56019521
13.76597064
14.87657313
17.98620187
15.92558305
16.81652891
17.61872082
18.3046448
18.79595878
19.42595238
20.25720046
21.27156822
32.28332681
23.01676464
25.82907071
29.37522433
35.68488483
1.687403683
16.64517901
18.99536073
19.59302271
21.29945501
20.17679488
25.08067559
31.12228232
13.28402928
12.26866618
6.301423887
5.675511527
18.1745321
14.58447211
16.12333628
5.599458146
25.37598627
20.2386683
37.60578952
21.80029815
18.95115054
33.56372558
20.38146325
23.8103046
20.93775742
26.36519174
17.30244125
2.363395007
36.63847628
9.853276939
5.313350038
14.36204493
27.85487172
25.70159241
28.5841298
11.78519628
13.80304178
23.03509572
1.324809021
1.369486713
1.43191275
1.455063894
1.453382043
1.478052887
1.554815853
1.606068353
1.654801304
1.720075062
1.798873561
1.893365212
2.017370044
2.128414408
2.168270462
2.398082662
2.710008715
3.12736982
3.861378749
4.555835158
5.200396967
5.78602378
6.236316278
6.607674138
7.242887581
7.566937768
8.031710393
8.533760827
9.217436222
10.4724572
9.548254941
10.05344635
10.63321798
11.32951833
11.64779041
12.71589856
12.07915324
12.52700402
13.12278927
13.44019721
13.79510851
14.14487174
14.52144307
14.97606378
15.55715264
15.81196589
16.70091261
16.07516065
16.42581486
17.37462347
16.76293248
17.07215945
17.37273279
17.83388378
18.15795597
18.58415214
19.12809802
19.83987019
20.90073326
21.97906372
42.83086858
41.853947
39.35497709
44.00308963
40.94471531
46.52811199
39.14519926
36.42037907
35.16688093
33.9831991
32.65848173
30.94709574
27.25160293
23.48010801
20.00483511
18.86640344
18.3835545
16.0716409
18.02948877
17.93218742
18.51873153
20.45610172
14.7130321
13.27642768
11.41319883
12.18583021
14.79857772
13.31911562
11.55030357
6.531000703
9.148324545
5.649813083
4.934263882
4.837298252
4.776379733
3.891640686
3.774988149
4.873950435
2.069809195
47.54624277
44.67921197
29.47101434
18.14067207
20.8908402
23.27670738
21.54067178
10.55423901
19.69883252
20.12870539
18.65642948
18.34412863
17.67322389
16.76259974
15.54514202
15.47946714
12.65793963
9.85395252
9.374512388
6.67461732
1.15576162
1.21103963
1.221199146
1.2041103
1.20768405
1.202648299
1.183680712
1.177803021
1.18321794
1.167381495
1.10453326
1.046663937
0.944211978
0.8820825698
0.8918971274
1.134623304
1.652666592
2.494372988
3.331911034
7.79386338
5.380499554
4.45451549
38.8134675
42.73709846
56.17675737
60.18615531
61.49126345
51.9597955
48.36659532
46.61243546
44.37826878
42.13490502
40.483411
38.55089988
37.19187151
35.64601071
34.44214101
28.39239571
25.37037694
27.68404346
53.85468226
17.73348119
14.22668146
33.94740176
20.46641472
34.14604543
25.49917464
16.76964153
11.55424178
16.33716904
9.387570226
5.61362228
5.090865062
5.439499359
6.396124309
6.054802807
5.256989442
7.466207151
4.993487569
4.171205767
3.314603064
2.981947334
2.769663099
2.431125519
2.299573563
15.06725013
12.09096672
11.53672953
10.47514812
6.259279023
5.833375854
3.346840052
1.798937626
4.880876889
17.33754692
17.91772352
771.0854364
17.98584239
770.2238211
17.01736046
769.1213789
16.50214484
767.8466703
16.21964877
15.90600898
768.4890007
14.52509989
767.1667184
766.1973254
14.0823127
763.9040456
765.133193
763.6984562
9.200420688
762.8988031
11.05572685
8.046481169
7.475980588
759.5090356
758.6272679
759.8833171
757.290255
4.938900098
757.7211559
757.6219169
3.912053545
756.286065
756.0269352
4.124612763
753.9412219
752.9208531
2.919170247
751.1565633
752.5373739
750.8475342
751.9720852
750.2424608
751.486196
785.5518711
785.1097415
30.6470994
786.6161671
792.7640217
794.9824417
794.9380948
793.6855907
793.0983358
793.2008828
788.7735326
786.2640192
785.547596
779.8372817
775.2729596
774.8179733
770.7442598
768.4202058
32.68483969
768.6834844
766.510916
762.9147441
775.4222009
780.070895
770.790009
763.4102511
761.9727768
763.3768943
763.2782256
761.4926059
758.3357289
755.4203714
757.0824073
757.4757532
753.5683628
755.1849759
754.3648101
752.6600314
753.3082873
753.419586
755.0028616
758.116251
37.72794771
782.083463
754.7665726
13.61756188
767.4373061
60.73036639
765.3122207
750.9940815
56.0803907
761.2780215
760.7029909
8.668853411
761.2914075
752.2558271
769.5813652
769.5575525
18.67844086
771.1286433
768.7288984
768.1695353
777.3882146
756.0373033
753.1427904
757.6605523
760.7971579
766.2265029
4.129334097
764.8922599
761.867889
759.0029784
31.58405403
771.9898317
750.4327644
753.6131786
7.014583331
750.8798105
770.0661706
13.2006381
768.0912762
764.0276166
752.2630922
763.0660155
2.298863087
</DataArray>
<DataArray type="Float64" Name="mach" format="ascii">
2.568398898
2.566200879
2.567341899
2.566283905
2.566319051
2.567227426
2.567887556
2.567550925
2.564534371
2.564192482
2.566648023
2.568123854
2.569335749
2.568840354
2.569882777
2.56727967
2.568202685
2.56491831
2.5663199
2.5665989
2.568089295
2.568015638
2.567545147
2.567033445
2.568012688
2.566696007
2.568143738
2.567349508
2.567190591
2.566549426
2.566712009
2.566864879
2.564804929
2.567283057
2.566399008
2.564308423
2.5676923
2.567753194
2.568296498
2.566988572
2.567019573
2.567906921
2.567971607
2.567482477
2.564313103
2.568313237
2.567049759
2.567849944
2.565217395
2.56730868
2.566643695
2.56463265
2.568215049
2.568245415
2.567762724
2.568031786
2.564501167
2.566188163
2.567191783
2.567750522
2.564445632
2.566851061
2.568132226
2.56746333
2.567650464
2.567485916
2.567672691
2.567214488
2.56452088
2.567101951
2.566889981
2.56660728
2.567110067
2.567443013
2.569209848
2.56818561
2.569815035
2.568092514
2.568162827
2.567934446
2.567311028
2.565251172
2.568524171
2.568558635
2.56753604
2.564886201
2.568236751
2.566973198
2.565290296
2.568434942
2.566955606
2.567360293
2.566892373
2.566597
2.566700878
2.567121175
2.567563626
2.566898998
2.567726373
2.567802127
2.567630038
2.56735817
2.567195476
2.567346757
2.567113942
2.567572916
2.56657807
2.5668288
2.567488471
2.566953733
2.566052187
2.567243931
2.564193149
2.567234019
2.566731199
2.568282501
2.567227895
2.565378493
2.567590184
2.566811609
2.567522966
2.566537371
2.567821593
2.567546676
2.564899611
2.564805833
2.56694071
2.566869435
2.567909863
2.567895959
2.5670288
2.567209162
2.567849787
2.565031649
2.564173414
2.564089394
2.567837001
2.567025932
2.568436775
2.564829234
2.568882118
2.567132357
2.567380131
2.567268026
2.567597917
2.567788679
2.567851622
2.567303929
2.567382653
2.564576235
2.567724844
2.567609617
2.567782819
2.567668684
2.5677109
2.567138248
2.56789552
2.567430311
2.567629686
2.567426747
2.567333411
2.55942881
2.568057837
2.560557589
2.567459868
2.567640447
2.559639861
2.567338044
2.567251484
2.564722667
2.559990089
2.56742339
2.559528633
2.56667112
2.559767181
2.567696253
2.566938844
2.566704117
2.55944255
2.559498105
2.567045792
2.55915557
2.566730429
2.560026237
2.566355938
2.560521818
2.568878609
2.569779942
2.568056475
2.559565453
2.567456146
2.559303517
2.559873614
2.567760445
2.560463599
2.567188392
2.567544733
2.567585583
2.567453846
2.559912972
2.566865694
2.559748699
2.56796207
2.56739111
2.559413184
2.564471184
2.560117562
2.567643105
2.567433317
2.559593151
2.564726377
2.567205136
2.559821357
2.567519397
2.567346211
2.560137067
2.56724571
2.559432079
2.567526508
2.5665895
2.559789559
2.559756758
2.568370428
2.559424934
2.568417168
2.568653812
2.569443021
2.559548112
2.569123679
2.568727388
2.56865775
2.558053775
2.567680721
2.567986286
2.567154512
2.560070169
2.559844267
2.559512338
2.55958813
2.567289691
2.565397473
2.559798946
2.568533473
2.559438702
2.567475113
2.560173475
2.559707098
2.565312726
2.559839747
2.567716711
2.560039518
2.559753448
2.559489454
2.565377338
2.567637392
2.568554399
2.559577422
2.560633607
2.559710592
2.5600585
2.568032955
2.559427288
2.559855157
2.568107942
2.567845404
2.56035483
2.559487348
2.567213866
2.55984083
2.559972933
2.56759895
2.567308127
2.559633694
2.567450083
2.559747571
2.567803882
2.569076712
2.569584617
2.569188318
2.568222768
2.567208737
2.567427544
2.568131663
2.567086028
2.567426898
2.567728104
2.568074666
2.567900794
2.560155963
2.568462248
2.567256073
2.567846394
2.564859436
2.567598329
2.568499108
2.567674603
2.559581157
2.560156542
2.567575106
2.568181869
2.567499222
2.567316868
2.567155029
2.559967113
2.560207945
2.567156221
2.566846142
2.559472195
2.56729132
2.55960596
2.560219841
2.568208726
2.567650397
2.568121287
2.564103779
2.559407321
2.567013716
2.559614786
2.566623565
2.560066657
2.566993626
2.559823721
2.567794139
2.564241714
2.560279739
2.568698789
2.568731894
2.569864593
2.568720614
2.567868795
2.566579845
2.568010006
2.569815065
2.559429104
2.55934561
2.566981524
2.568110027
2.567542713
2.567243257
2.566888186
2.567876287
2.567576452
2.560391386
2.568325918
2.568566585
2.567965291
2.560048902
2.568331421
2.559880261
2.566790441
2.566778535
2.559806074
2.567398313
2.559937006
2.559727947
2.567530063
2.56663567
2.560220535
2.559792452
2.559938559
2.564649202
2.567425674
2.565944996
2.567645922
2.568315109
2.567547952
2.559253033
2.560320525
2.559638828
2.559331413
2.560318669
2.564367152
2.567183327
2.560001342
2.559351057
2.567363297
2.567641466
2.568096882
2.567848081
2.566654746
2.566743445
2.567237275
2.568553395
2.567295747
2.566980014
2.567483047
2.567312629
2.567317175
2.567593455
2.567596046
2.567543852
2.567323655
2.567108021
2.566188781
2.568813078
2.569549387
2.569689258
2.567879279
2.567777846
2.567126417
2.56756733
2.56762875
2.567663302
2.567935119
2.567589008
2.567180367
2.566879101
2.56783292
2.567204254
2.567186454
2.5673533
2.56714656
2.567546721
2.567420485
2.567335631
2.567210277
2.545673846
2.545569613
2.546354357
2.546730332
2.545809802
2.546242414
2.545979875
2.545727136
2.546148936
2.546191408
2.546037222
2.546387574
2.54568445
2.545430473
2.546307274
2.54636144
2.545860973
2.545695748
2.545966703
2.546209241
2.545976662
2.545586359
2.545684103
2.56730943
2.567607644
2.567395102
2.567577525
2.567969686
2.567497382
2.567299547
2.568475757
2.568215738
2.567542556
2.567183489
2.56677847
2.567253958
2.567666717
2.567494262
2.567302793
2.566749354
2.567374776
2.567853
2.568631263
2.56770246
2.567510777
2.567324022
2.567155213
2.566641151
2.567153812
2.566848798
2.567315566
2.567442605
2.568280829
2.56813127
2.568045926
2.568544634
2.568148585
2.567797509
2.545704983
2.545880541
2.545969865
2.546070297
2.545749666
2.546119758
2.545961618
2.545741321
2.546315805
2.546219559
2.545631681
2.545654685
2.546029579
2.546539519
2.54653181
2.545724782
2.545507427
2.567010214
2.56719009
2.568902291
2.569454234
2.569017356
2.567040786
2.567427152
2.546324225
2.546020221
2.559662038
2.546291701
2.545530739
2.545998117
2.546122571
2.546223427
2.559930294
2.546425666
2.545298223
2.568024217
2.545801576
2.559963835
2.559260967
2.56033482
2.567911115
2.567960356
2.568517236
2.567125899
2.559340219
2.568181778
2.56758544
2.568484434
2.56672321
2.560503554
2.559832654
2.545780941
2.567640828
2.546174857
2.546139566
2.545707772
2.560151291
2.567938997
2.546687256
2.54662394
2.545787794
2.545478491
2.546003358
2.546598428
2.545977143
2.545464028
2.546108607
2.546153563
2.546240635
2.54610018
2.545912715
2.54557398
2.567292237
2.566427643
2.545897948
2.545834237
2.546203351
2.546034165
2.545911705
2.545632533
2.545840147
2.54587669
2.545695498
2.567205652
2.566860574
2.5673455
2.567401898
2.567270522
2.567607336
2.567509829
2.567337267
2.567196051
2.566423761
2.566316718
2.56890267
2.569653949
2.567809531
2.567787264
2.567094239
2.56755674
2.567626807
2.567674274
2.567536632
2.567092276
2.566869607
2.567831151
2.567979378
2.567092685
2.567193024
2.567263733
2.567094492
2.567560261
2.567349158
2.567533448
2.568096613
2.567860161
2.566749674
2.566753506
2.567158463
2.568129778
2.567412423
2.567378536
2.567258897
2.567125134
2.506859149
2.506744849
2.507436893
2.507810229
2.506962366
2.506855124
2.507076818
2.506887806
2.506952232
2.507276383
2.507341489
2.50718805
2.507462938
2.50685107
2.506579397
2.50738794
2.507453509
2.506973186
2.506849141
2.507049358
2.507299823
2.507091942
2.506776528
2.507123637
2.567526099
2.567141213
2.568631964
2.568326307
2.567482334
2.567056339
2.566692404
2.56722077
2.567474958
2.566531843
2.567213736
2.567734548
2.567276179
2.567599349
2.567433592
2.567590345
2.506892875
2.507869357
2.507116104
2.506855376
2.50739075
2.507298294
2.506782674
2.506802979
2.507151849
2.507638691
2.507604383
2.506863581
2.506600677
2.507022611
2.506998259
2.506678531
2.545841583
2.502552588
2.497267773
2.487685544
2.566966764
2.567230842
2.567554031
2.568967719
2.569419226
2.568894509
2.567788857
2.567183475
2.567527711
2.56876343
2.568806879
2.567689915
2.567470851
2.567272262
2.567126267
2.566911964
2.567084328
2.567143795
2.566790937
2.567299559
2.567187839
2.567604175
2.568264979
2.568166315
2.568082957
2.567718633
2.568385924
2.568368282
2.568167073
2.567737855
2.546019039
2.506851597
2.546434699
2.54603124
2.545601299
2.545387561
2.507663205
2.507062993
2.507040075
2.545908775
2.567977809
2.568522789
2.506678941
2.507178632
2.546315873
2.545614898
2.545985875
2.546564895
2.506892267
2.546314697
2.543554218
2.497944311
2.539499958
2.487193589
2.507326099
2.546029968
2.506693663
2.567668187
2.567290083
2.568108365
2.506983893
2.507307692
2.507147515
2.506761625
2.507117619
2.568087873
2.546802368
2.559930318
2.559434342
2.567518994
2.567899791
2.50710366
2.507489587
2.507134247
2.506739827
2.545667962
2.506511731
2.506698761
2.546145364
2.507632222
2.507208528
2.507142906
2.506704586
2.507025128
2.507366079
2.56730451
2.568090121
2.567909064
2.566734013
2.567144041
2.569317413
2.569523793
2.567972692
2.566830985
2.567289197
2.567597603
2.56723002
2.567454066
2.56760811
2.567365991
2.567218254
2.566308749
2.568874175
2.569187117
2.569536682
2.567785447
2.567764914
2.566867176
2.567546796
2.567610535
2.567931138
2.567135477
2.566844731
2.567879541
2.507239442
2.506956341
2.507301537
2.507259449
2.406888334
2.406146915
2.405925774
2.507193284
2.407091617
2.506925381
2.406370515
2.50660918
2.507092718
2.40699577
2.50727256
2.507343243
2.507228462
2.50743472
2.406242969
2.507042962
2.568050565
2.567068718
2.567220734
2.567158681
2.567070912
2.567605867
2.567479454
2.567363151
2.567129419
2.567087206
2.567286894
2.567601113
2.567533257
2.567600732
2.566854836
2.567317099
2.567396969
2.568768972
2.567615189
2.567004638
2.567923221
2.568453988
2.406443326
2.406299121
2.406886204
2.407213097
2.406483889
2.406384554
2.406776626
2.406592841
2.40644996
2.406494049
2.406799717
2.406847435
2.507201907
2.406685802
2.406897452
2.406372623
2.406132824
2.406819408
2.406861452
2.406475875
2.406345456
2.406513727
2.406723507
2.406513018
2.406177997
2.406190483
2.406524576
2.567560768
2.567077791
2.568670414
2.568358479
2.566877309
2.566632533
2.567255782
2.567667872
2.567483509
2.567344873
2.566304876
2.567055241
2.567640019
2.568870267
2.56898491
2.567659829
2.567385635
2.567220765
2.567061673
2.566880577
2.567049031
2.567136937
2.566619087
2.567333261
2.567179374
2.567630996
2.568316986
2.568131992
2.568163863
2.568147645
2.567772522
2.568305324
2.568216966
2.567750622
2.406213866
2.507393055
2.507628798
2.507014809
2.506757841
2.506940043
2.406372475
2.506704027
2.504942516
2.502399581
2.406412582
2.406751758
2.40658875
2.406348012
2.406794922
2.406724987
2.40629705
2.406306956
2.406637251
2.407056152
2.406998033
2.406329719
2.406043803
2.406315031
2.405870165
2.404574047
2.401450966
2.394678714
2.381978478
2.35858348
2.567564859
2.406971013
2.406619006
2.406833246
2.566987431
2.406749542
2.406577814
2.406144389
2.406571189
2.40611441
2.406546232
2.40678604
2.50663043
2.406678899
2.406794873
2.406526858
2.507257649
2.406600713
2.407016799
2.406485131
2.406223052
2.404472376
2.400938777
2.507237963
2.405995656
2.394429019
2.505471539
2.567354009
2.567533713
2.56832764
2.567416943
2.567205239
2.569410839
2.185235628
2.185036247
2.185488765
2.18572823
2.185161624
2.185413295
2.185313707
2.185225529
2.185236064
2.185526625
2.185510266
2.185440932
2.185313507
2.185511561
2.185057106
2.184861536
2.185395866
2.185374997
2.184988036
2.185152071
2.185284747
2.185053139
2.184828362
2.18512498
2.185066277
2.185376092
2.185777826
2.185177025
2.185317539
2.185308799
2.184973483
2.184975422
2.1852724
2.185567411
2.185525748
2.184941733
2.184641046
2.184758357
2.183632394
2.174853248
2.162344263
2.139057354
2.097569558
2.567912009
2.567626725
2.567526874
2.566738961
2.568640308
2.569421336
2.569029404
2.567119488
2.566986462
2.567331927
2.567523502
2.56768903
2.567303638
2.567352888
2.56807053
2.566763296
2.567011861
2.567539899
2.567668933
2.567511328
2.567743507
2.566530515
2.567681673
2.567289635
2.567108681
2.567022798
2.569492147
2.18542236
2.406394482
2.185186518
2.406549311
2.184679735
2.407018734
2.184906227
2.406167525
2.406670746
2.185250739
2.406549041
2.185212898
2.406900091
2.185519343
2.40660281
2.406469283
2.40675746
2.406628104
2.406807733
2.184958055
2.406286265
2.184992671
2.406163453
2.184540799
2.18056859
2.382510271
2.35798513
2.567371092
2.567304133
2.568026561
2.566683033
2.566781703
2.568306219
2.567611325
2.567007743
2.568672804
2.568386024
2.566697345
2.566651491
2.567278443
2.567678499
2.567483019
2.566065142
2.566940642
2.567589355
2.568879539
2.569164973
2.567644536
2.567295577
2.567157209
2.566997525
2.566761101
2.567028941
2.567135962
2.566745
2.567183939
2.567610551
2.568360183
2.568147081
2.568185812
2.568202997
2.567764067
2.568264692
2.568324832
2.56829197
2.567774685
2.567461272
2.567377571
2.185078482
2.185442707
2.185048432
2.185414902
2.185458334
2.185281314
2.185365584
2.406719765
2.184970835
2.406497313
2.185148616
2.185092662
2.185356922
2.185390371
2.185213402
2.406600001
2.185095582
2.184916617
2.185372318
2.406733967
2.185150009
2.185540918
2.18510448
2.18484946
2.184729963
2.18356985
2.407256153
2.16191261
2.139471597
2.096769635
2.184995807
2.567000045
2.567352327
2.567602274
2.569067666
2.56745948
2.567969767
2.568405309
2.567031751
2.56754994
2.567948683
2.567646365
2.566339588
2.566653555
2.567198681
2.567360254
2.567649503
2.185544092
1.804735469
2.185570454
1.804634737
2.185119331
1.804207562
1.803640821
1.803594285
2.184415212
1.803892975
1.804248165
2.184791745
2.185487265
2.184861891
1.804317924
2.185317263
2.18521633
2.185112201
1.804085875
1.804322585
1.803961346
2.185235211
1.804300995
2.185222652
1.803451508
1.801803957
2.174347951
1.691170616
2.566988467
2.56730919
2.567593844
2.567114865
2.567362065
2.566921089
2.567825239
2.567581628
2.567391808
2.567332264
2.568040069
2.568023432
2.566675727
2.566725743
2.56731624
2.567943564
2.567998111
2.566940656
2.567607877
2.56757576
2.567563695
2.567742199
2.567658751
2.569439652
2.568744167
2.566356662
2.567636531
2.567414217
2.56738697
2.567519719
2.567476016
2.567188651
2.56682079
2.567848801
2.568295883
2.567729867
2.566945468
2.568667687
2.567518217
2.566523771
2.56669828
2.567277343
2.567671677
2.567486434
2.567589453
2.565825106
2.566963547
2.56756714
2.568835588
2.5692006
2.567221558
2.566945425
2.566677113
2.566990089
2.567199861
2.567402442
2.567223131
2.567583036
2.568234587
2.568239454
2.567536654
2.568216829
2.568403387
2.56834148
2.567641309
2.567317457
2.566835039
2.567139247
1.804380642
1.804103697
1.804396646
1.804208263
1.804159913
1.804402036
1.804388074
1.804347839
1.804626854
1.804491567
1.804481448
1.804248272
1.804495681
1.804113149
1.803932417
1.804327178
1.804198348
1.80401084
1.804168393
1.803956198
1.803864168
1.803650881
1.80411503
1.804039384
1.804309662
1.80464037
1.804088388
1.803989169
1.804202021
1.804262942
1.804020896
1.804025177
1.804266465
1.804407693
1.804419302
1.80393801
1.803681599
1.803760161
1.802076247
1.798061142
1.790091326
1.773476855
1.743190991
1.692124243
2.56728872
2.567630843
2.56754617
2.567580559
2.566571087
2.567225237
2.566893196
2.569034081
2.56915139
2.568522871
2.567348452
2.566497061
2.567478428
2.567773667
2.568485511
1.804226142
2.567156879
2.567356508
2.569543939
2.18602947
2.568628477
2.56888752
2.568710742
1.804359076
2.567331875
2.567149115
2.566801607
2.184723004
2.569184019
1.803877542
1.804068598
1.803805086
2.185144899
1.804329486
1.804146479
2.185151908
1.80393132
1.804212701
1.804463083
1.804195225
1.804085422
1.804085188
2.567250581
2.567575273
1.804206611
1.804171191
2.180814371
2.567206294
2.5675641
2.567645502
2.568345397
1.804581083
1.804429255
1.312218097
1.80444331
1.312043082
1.311776061
1.803960496
1.311537102
1.311232732
1.803272097
1.310900459
1.311404569
1.804174723
1.311832854
1.80435272
1.311956863
1.804130402
1.311774411
1.804201478
1.311846376
1.804432552
1.80408511
1.803868313
1.311944379
1.804102582
1.797690393
1.789609936
1.772843177
1.743528942
2.567378868
2.568096255
2.568022356
2.566722031
2.566644902
2.567697905
2.567396524
2.567099598
2.567858438
2.567106641
2.568075922
1.312068308
1.311951468
1.312093512
1.31189136
1.311878661
1.312065839
1.312079865
1.31213654
1.312314271
1.312109165
1.312154025
1.312103284
1.311809801
1.311666072
1.311912171
1.31175489
1.311886891
1.311705248
1.311834962
1.31179032
1.311559994
1.311575021
1.311281165
1.31169953
1.311924422
1.312155212
1.311701702
1.31167622
1.311779105
2.567444538
2.567881447
2.56764649
2.567545107
2.566970229
2.56942811
2.566708748
2.567159038
2.567708094
2.56750426
2.566820735
2.566962005
2.566929145
2.569093584
2.569043053
2.567596715
2.567393926
2.567166335
2.567402607
2.567537107
2.566460823
1.311868178
1.311720516
1.311730824
1.311929215
1.311978782
1.311621952
1.311668187
1.309971371
1.306066703
1.298640036
1.283100765
1.255904251
1.213909655
2.567052973
2.568830092
2.56739138
2.566310336
2.567480966
2.567765265
2.568836835
2.568224043
2.56825596
2.567101925
2.56861777
2.568475763
2.567351801
2.566411783
2.566745641
2.567164725
2.56762643
2.567462262
2.565600896
2.567130121
2.568708134
2.56755189
2.567178122
2.567068369
2.566900011
2.566637035
2.567023108
2.567205259
2.566987861
2.566989829
2.567398404
2.567409179
2.568299116
2.568237776
2.568323105
2.567122586
2.568435185
2.568398436
2.56744987
1.311792904
2.567359801
2.568049841
2.568047237
2.56690264
2.567400366
2.567738573
1.311852069
2.567559873
2.567680822
2.567518812
2.567128684
2.566758922
2.567050851
2.567433873
2.567622706
2.567603475
2.567592197
2.569352843
2.567131176
1.80420191
1.311766643
2.566868229
1.311911572
2.567612489
2.567530576
2.567766109
2.566702888
2.567093846
2.567618588
2.56670988
2.567600607
2.56673604
2.568906627
2.568430884
2.567112546
2.568234383
2.568216069
2.568189121
1.312913279
1.805335509
1.312338726
1.311475958
1.311676224
1.311842207
1.311648661
1.311788608
1.311659393
1.311978259
1.311737974
1.311901325
1.804303507
1.311790543
1.311885141
1.804181917
1.31171586
1.31175417
1.803993363
1.311996636
1.311722384
1.311575438
1.282376032
1.256134805
1.212976965
0.8202146398
0.82001503
0.8200871342
0.8202234268
0.8201392881
0.8201552976
0.8202456882
0.820273003
0.8203742561
0.8202937422
0.8205155097
0.820287369
0.8203646956
0.8200567921
0.8202656648
0.8200754265
0.819973524
0.8199263641
0.819985569
0.8199897042
0.8198068289
0.8195700328
0.8200141967
0.8199812611
0.8201527408
0.8199520923
0.8199717331
0.8199906594
0.8200779469
0.8200021159
0.8200129517
0.8201503804
0.8201013151
0.8201517084
0.819927235
0.8199381143
0.8201761383
0.8189991619
0.8164495098
0.8119725135
0.8021543186
0.7875392906
0.7691458495
0.8207108443
0.8203336764
0.8201484826
1.311921552
1.311294325
0.8196081904
0.8197381942
0.8200038351
1.311431429
0.8199390087
0.8201081541
0.8200202393
0.8201494107
1.312074078
0.8202789866
1.311833721
0.8201392213
0.8200274845
1.311944267
0.8201640765
0.8200818578
0.8199988716
1.311826728
0.8200390255
1.311875649
1.311685595
1.311802971
1.311298598
1.305640785
1.298212148
0.7877868952
2.567077075
2.567992084
2.568105863
2.56789129
2.566471826
2.567998382
2.566626165
2.566772914
2.567514158
2.56689491
2.568512168
2.566274332
2.566785529
2.567278227
2.567592733
2.567370689
2.567639636
2.568814645
2.56770848
2.567348139
2.567065981
2.566742712
2.567436031
2.567858886
2.568024142
2.568107537
2.56696322
2.566476755
2.566813466
2.566729632
2.567440812
2.567366034
2.565407542
2.566825597
2.567923041
2.568442667
2.567509584
2.566640681
2.567209307
2.567467354
2.567355292
2.567282774
2.566972665
2.566828606
2.566657908
2.568166188
2.568532238
2.568060231
2.567038778
2.567454326
2.567483093
2.568050794
2.567199908
2.567189195
2.566991892
2.566627444
2.567179941
2.567044398
2.567398224
2.567499179
2.567237829
2.5683121
2.568318544
2.567589752
2.568044335
2.568411392
2.568184391
2.566946394
0.8201021506
1.3120608
2.566606145
2.568001101
2.567847175
2.567498854
2.566807214
2.567585967
2.567909236
2.567473038
2.567213564
2.568458432
2.568649441
2.568852538
2.566924006
2.567158474
2.567466046
2.567350054
1.311489411
2.5683578
2.568430949
2.567229176
2.568887714
2.566814282
2.566203851
2.567529009
0.8198120805
0.8185683528
0.8201989764
1.309567738
0.8160516533
2.566885427
2.566879648
2.56703317
2.568527998
2.567543117
0.8198896102
0.8200266289
1.311781056
0.8200056598
0.8199662056
1.311689726
0.8196017373
0.8200536033
0.8200733106
0.8201640316
0.8200052516
0.8200602474
0.8201268939
0.8199463123
2.568243648
2.568146955
2.566528322
2.56568344
2.566022788
2.566887043
2.567505918
2.567163173
2.565321025
2.567449007
2.565517857
2.56756793
2.566394188
2.56736437
2.567301208
2.566564982
2.567807939
0.2886519724
0.2844911218
0.2984469654
0.2979049874
0.2976641179
0.2978044504
0.8202875684
0.2976869652
0.2955600501
0.8198843926
0.8200788103
0.820144585
0.2978648247
0.2977201717
0.2977061046
0.2977390253
0.2977345366
0.2978063334
0.2978564164
0.2977250747
0.2977413968
0.2978144998
0.297651273
0.2979547088
0.2975343338
0.2977469947
0.2977431767
0.2978560913
0.2979858985
0.2976510776
0.2978178576
2.566029845
2.565867381
2.565719617
2.568095323
2.568833863
2.56673653
2.566693602
2.567129249
2.567426981
2.567681678
2.566102652
2.568332089
2.566223301
2.566786012
2.566815227
2.565467752
2.566759086
2.567329124
2.566340083
2.566905043
2.565581924
2.567342767
2.567972505
2.566064216
2.567251678
2.567065784
2.566386073
2.567287162
2.566995852
2.566427362
2.566412571
2.566009361
2.567549048
2.566491646
2.565256154
0.2979290576
0.2978384457
0.2977215863
0.2975321231
0.2979181342
0.2977688791
0.297757426
0.2976217789
0.2975238939
0.2977971388
0.819729423
0.2975180123
0.2970201545
0.2973217167
0.2969853393
0.2973161317
0.2974110854
0.2975136643
0.2977333163
0.2978820063
0.2978347655
0.2977935272
0.2979184159
2.568404829
2.567442718
2.5661226
2.566033174
2.566461355
2.56812179
2.565382836
0.8115917938
0.2937201627
0.8015008203
0.2875412266
0.7683386738
2.566741138
2.567106325
2.565756614
2.565688496
2.565614131
2.56682344
0.8199958466
0.819914886
2.566823774
0.8199750138
0.8199768085
0.2982257273
0.2980335282
0.8202057455
2.565784697
0.2977631277
0.2971935184
0.288266539
0.2940701095
0.29593385
0.2977720204
0.8200495416
0.8201701865
0.2977054169
0.297812741
2.567145548
2.566790807
2.56697393
2.567363711
2.567397038
2.566454815
2.568078613
2.566228154
2.567338518
2.566463142
0.8197825419
0.8192635653
0.2980495891
0.297995824
0.2979507131
0.2978480103
0.298205626
2.566202168
0.2975567574
0.2976909401
2.567449783
2.567484829
2.565636416
2.567002778
2.568292663
2.565796815
2.567303108
2.568066602
2.567582012
2.566683208
0.2976310531
0.2976737253
0.2978154726
0.2975935745
0.2978084376
2.565448851
2.566986296
2.565409078
2.566708475
2.567059041
0.2978236979
0.2978994793
0.2977793586
0.2976857025
0.2977507093
0.2981167181
0.2977889662
0.2976305073
0.2977375298
2.568020573
2.566737937
2.565897099
2.567473048
2.565562623
0.2979383711
0.2976802648
0.2980263868
2.565510934
0.29790661
0.2973918008
2.566539973
2.566462971
2.566721075
2.566963047
0.2847743988
0.2973674477
0.2978158996
0.2977150816
0.2977667805
0.2976933538
0.8200414327
0.2878194681
2.568503079
0.8202589506
0.2977274552
2.567075644
1.804003526
2.507764151
2.566767097
2.546089364
2.567368192
1.311910377
2.406526731
2.568580856
0.2977931713
1.804153398
0.8195582872
2.569329118
2.567970618
2.567195319
2.568260258
2.56876966
2.544510452
2.568922163
2.567501497
2.566637505
0.2977109989
2.565933796
0.297775829
2.566480364
2.567102336
0.2982230295
2.567321019
2.566002983
2.56699041
2.567614947
2.566186161
2.567211792
0.6801414715
1.885861089
1.284075698
1.474094518
1.345601419
1.29597108
1.105434523
1.818589177
0.9108333467
0.8327744814
1.081483987
1.185951062
1.450039479
1.575544185
1.667902233
1.950117869
0.8621053542
0.9984872245
0.9905063716
1.004473818
1.078969111
1.252275552
1.368691237
1.809156199
1.588192781
1.722820052
1.499500076
1.66674641
2.009829013
2.472646777
1.54831249
1.757698246
1.118255366
2.062631992
1.868579793
2.137537056
1.748921324
0.5903856148
1.627914068
1.014456135
1.868369003
1.726533794
1.678816204
1.604766047
1.84763552
1.641100911
1.527722396
1.432120592
2.265585151
2.472614501
1.486532316
1.841767268
1.886572204
1.845178915
1.891150076
0.6737706308
2.318059477
2.218775504
2.169346995
1.92877334
1.9892051
1.773715893
0.8853778203
1.449352214
1.48286921
1.503802239
1.553512023
1.716004966
1.19736944
2.533989335
2.009532511
2.485274335
1.475553665
2.032652662
0.6359944672
1.566252151
0.7026827669
0.8614294504
0.7975632023
0.5713881934
0.4256441876
0.2500285072
0.5648814962
0.7629806292
0.7862740062
0.74760109
0.9481765872
0.9465243942
1.984107897
1.199321066
1.042466525
0.9625861625
0.356427252
0.7056736853
1.736559257
1.675556457
1.59507217
1.055955766
1.011611065
1.109102355
1.202733398
1.256718569
1.248953229
1.312395828
1.310786301
1.361344775
1.408278997
1.501929863
1.914168248
1.824841939
1.897977463
2.000756496
2.097465718
0.6906047168
0.8498841402
0.9256475911
1.039065369
0.9619515498
1.068962666
1.174710364
0.8117623199
1.234947256
0.8652601591
1.064233957
1.129558499
1.279915383
2.032218434
1.43039675
1.398433633
1.371790087
1.344496611
1.024836373
1.94389308
1.917044137
1.856661376
1.797469732
1.736220193
1.705966633
1.713003774
1.702860881
1.652806415
1.534608772
1.36132056
1.185318715
1.066354999
1.018757211
1.02304453
1.092823447
1.262735748
1.488211071
1.014261218
1.721555285
1.771330667
1.908183782
1.972378444
2.034779163
2.076264642
2.10077394
2.096222705
2.02763888
2.070819346
2.024432781
1.958651428
1.877954457
1.790934413
1.714606745
1.647689442
1.681005511
1.587662388
1.535743356
1.493111984
1.427771965
1.402163603
1.376807828
1.352739746
1.468445065
1.323098248
1.277637251
1.222493275
1.163615296
1.598696821
1.630314747
1.539818322
2.0556279
2.072365838
2.041215812
1.991497876
1.935045944
1.891524561
1.47625051
1.896002319
1.984392303
2.039619146
1.365458551
1.928654111
1.727955157
1.464686581
1.144788996
0.8906643308
0.8485907301
0.9656978957
1.074363079
1.358201475
1.887913092
2.125443999
1.966637431
2.099512409
2.187666285
2.233803211
2.228988373
1.991358941
2.174577521
2.100125889
2.002711781
1.894193161
1.806081635
1.727968101
1.661988592
1.561396005
1.605984223
1.56212033
1.525122877
1.493995624
1.471156221
1.447865359
1.423291286
1.398671993
1.150451756
1.361261257
1.304438922
1.241800725
1.094550901
1.548512427
1.617909302
1.510886483
1.457341473
1.070180114
1.17438867
1.285294616
1.301658375
1.808606063
1.867829759
2.249028096
0.9025994728
1.500148761
1.64492425
1.576373288
1.783969256
1.340167993
1.451928415
1.373646926
1.739657307
1.478625041
1.347199227
1.999359956
1.650159863
1.91454087
1.111948449
0.7371483441
2.093071358
1.412525017
1.953410895
2.355335193
1.748425371
1.791057078
1.684802264
1.889704304
1.802863747
1.681709863
1.384825596
1.140804939
1.274891069
1.339234037
1.332847802
1.474448136
1.639994328
1.800427985
2.010860878
2.2133198
2.348056366
2.494585732
2.536272423
2.609019899
2.7221851
2.90175424
2.998259155
3.013540768
2.997797409
2.840931895
2.659885993
2.532941471
2.462941893
2.39944522
2.343839089
2.271908921
2.217483989
2.158876748
2.11685848
2.071664618
1.904410377
2.046911433
1.99453839
1.943722998
1.900606697
1.878300241
1.746898386
1.840896705
1.807326347
1.786212754
1.764414638
1.734007841
1.710339638
1.697945183
1.674232358
1.646259593
1.635876692
1.552034464
1.618128872
1.597727152
1.528432273
1.579916334
1.569882009
1.559946059
1.547432453
1.544505228
1.533721098
1.521804079
1.500604337
1.481694805
1.473095958
1.762739323
1.873085569
1.991598915
1.723860845
1.693481957
1.726434317
1.680557157
1.589062265
1.51531391
1.446215825
1.392292637
1.381036638
1.440836739
1.517162774
1.56233596
1.061279343
1.235505212
1.48508612
1.376212223
1.332347387
1.247190851
1.215619247
1.721015752
1.764201209
1.857145129
1.822740909
1.366049737
1.066261356
1.00156331
0.8252812534
1.136380165
0.7442272454
0.7154680822
0.6401590432
0.5628262432
0.8771718252
1.270876746
1.571744819
1.874142009
1.734929014
1.788531312
1.904518681
1.415803688
2.076078607
0.9833399763
1.768288607
0.9888715685
1.218597988
1.251721911
1.563034193
1.567892662
1.584316447
1.614629875
1.697982706
1.600622622
1.888688526
2.106792255
1.976995608
2.419068687
1.051493985
1.103714307
1.182358814
1.311345289
1.465094454
1.661749678
1.913521694
2.164595863
2.401878805
2.675412451
3.089886137
3.50849882
4.049699484
4.567373044
4.940392246
4.696965764
4.11098348
3.455143214
3.052577467
2.109097245
2.601416187
2.756894175
1.360649179
1.274285421
1.021839944
0.9710143188
0.9693423351
1.130335226
1.201885804
1.204717176
1.173931106
1.122985747
1.06229884
0.9866787373
0.8876588952
0.783678248
0.6858640138
0.5557924126
0.3854728471
0.3723025875
1.1850882
0.3666955953
0.7172953436
0.5246029637
2.146046007
0.4615648976
0.5599616532
1.131186682
1.312913482
1.372090157
1.865802473
2.010313596
1.548243844
0.8791075137
0.5364381068
0.4602835278
0.4709507145
1.05651568
0.4285478439
0.4026919481
0.3464070693
0.4992794294
1.445366805
2.366691273
3.251941866
1.726179709
1.926447852
1.964371873
2.054718376
2.479371986
2.538756848
2.373147785
1.698918432
1.225717516
1.59416139
1.611984958
2.182156763
1.576842214
2.183939439
1.605239434
2.185110188
1.626991687
2.188066428
1.646763875
1.671030765
2.186621304
1.758512881
2.189641202
2.188893096
1.784446868
2.195572181
2.192194467
2.196886471
2.166630268
2.196243975
2.001098929
2.289275805
2.345997234
2.203342553
2.202192351
2.200394601
2.205742734
2.674381402
2.204431257
2.204123439
2.874283775
2.206492162
2.20524113
2.441972138
2.208441626
2.209280389
2.319227229
2.210831724
2.206941742
2.210524974
2.207279489
2.21105513
2.209019029
2.147644793
2.147376427
1.813598945
2.145608098
2.134149575
2.132455074
2.131537852
2.136009095
2.136929583
2.133291232
2.142225438
2.146637427
2.147004717
2.15616415
2.164716906
2.165260371
2.171456622
2.176282906
0.6414738443
2.174770979
2.18561307
2.184742236
2.163929948
2.171238642
2.177053418
2.183873241
2.186879505
2.181909168
2.18344675
2.188473916
2.195004811
2.202399477
2.196848116
2.197168038
2.205449055
2.20200052
2.203959033
2.206526886
2.205848351
2.206287765
2.200857088
2.194427889
1.658952916
2.153165726
2.204440883
1.814693257
2.190536502
1.013868401
2.181848434
2.211968281
1.037987845
2.200531117
2.201732639
2.21660552
2.200808283
2.208054617
2.184760779
2.185679503
1.572913591
2.181386413
2.186284587
2.187858959
2.160898672
2.204052796
2.209167675
2.204985604
2.200131827
2.191104524
0.7848417406
2.193834908
2.199782082
2.204717622
1.807444339
2.180177404
2.212029959
2.205800376
2.386793609
2.212092357
2.18324575
1.845476676
2.187826905
2.194358643
2.208510629
2.186438051
1.795453035
</DataArray>
<DataArray type="Float64" Name="total_energy" format="ascii">
620.6918662
620.2264616
620.3330133
620.2287259
620.2865765
620.2283983
620.3672065
620.4127306
620.2610536
620.2303543
620.2225211
620.1806465
620.8482227
621.1488984
621.2863318
620.6815375
620.4552435
620.4564196
620.2464271
620.2656219
620.448752
620.4522084
620.5342465
620.5886614
620.5383568
620.4636532
620.642735
620.5149884
620.3980732
620.2857762
620.2769123
620.2880736
620.2939629
620.2781351
620.2880202
620.3470785
620.4458035
620.623442
620.7074094
620.4901585
620.3349905
620.5885656
620.5700671
620.5323019
620.3831789
620.5652253
620.4022125
620.6066335
620.4479255
620.6374448
620.4852043
620.4145128
620.5836139
620.6103968
620.626035
620.6427299
620.287047
620.2398188
620.3894315
620.2921763
620.2108092
620.1977751
620.4975408
620.4686963
620.4375796
620.3873663
620.4199599
620.4630424
620.2748114
620.4774352
620.4460504
620.4845906
620.5672887
620.6202941
620.5848598
620.7264756
620.7336839
620.7112799
620.4878125
620.4450021
620.3510639
620.3477495
620.5931142
620.6107055
620.3942999
620.4225003
620.7199599
620.5994907
620.5406518
620.6831391
620.2803383
620.2901082
620.2859715
620.3309622
620.6143366
620.5524984
620.4594313
620.4633973
620.3936465
620.3783882
620.502836
620.3925047
620.4488506
620.4728295
620.5472523
620.4179065
620.4086708
620.2638782
620.2920799
620.2478823
620.203331
620.4526543
620.0715077
620.3879654
620.5769934
620.7667796
620.5657955
620.6409439
620.4549607
620.3423643
620.5003528
620.4073463
620.5177116
620.3931129
620.4320267
620.4081719
620.2788657
620.5269873
620.7389889
620.4813855
620.6443626
620.7004565
620.4408029
620.4617031
620.2282335
620.2615744
620.4196196
620.6315508
620.7000766
620.4266767
620.7588288
620.280841
620.3128325
620.2942759
620.3832196
620.3880829
620.4153938
620.3551009
620.5892163
620.3500899
620.5167609
620.510808
620.490582
620.5310864
620.5901681
620.5370632
620.6596375
620.4550415
620.4414046
620.4764539
620.389386
620.2540781
620.6051695
620.5457975
620.6183066
620.6413953
620.2843892
620.3322215
620.2947555
620.2910867
620.2939858
620.2542321
620.275543
620.3588573
620.2884627
620.444273
620.3264096
620.2776505
620.2210384
620.2481891
620.2756743
620.1443665
620.236225
620.5818859
620.1664144
620.7012708
620.8495356
621.3184072
620.7604526
620.3350354
620.4856843
620.3001073
620.461587
620.6261103
620.4564199
620.6410735
620.6343076
620.5035116
620.4619691
620.41825
620.4592128
620.4546094
620.6470735
620.3676809
620.2804997
620.3001674
620.3883605
620.5143607
620.4207259
620.3405153
620.3986208
620.3453786
620.2875986
620.5690659
620.573863
620.319004
620.4733544
620.2736549
620.4480927
620.5735767
620.4162006
620.3093987
620.4889794
620.2112225
620.3076408
620.3541341
620.7924647
620.4742067
620.8094009
620.6073427
620.6298912
621.0571143
620.4810725
620.3653492
620.3335903
620.3028168
620.2806027
620.2015222
620.2534247
620.5218173
620.4142622
620.3794113
620.5916952
620.1925674
620.5037303
620.3743939
620.3488829
620.3747741
620.3245685
620.4172775
620.3384485
620.225075
620.0907242
620.2063172
620.6969782
620.7571568
620.3864735
620.6424157
620.3660719
620.4059462
620.5767099
620.2627143
620.4714867
620.7600568
620.4194759
620.5700246
620.2388959
620.3724639
620.3651235
620.4854849
620.6553097
620.4416339
620.2272519
620.2551847
620.3870473
620.3160685
620.726094
620.8075171
620.8346026
620.6180373
620.6578567
620.5220738
620.4381413
620.5825664
620.5236348
620.3768584
620.4614766
620.510767
620.4486391
620.6041439
620.4664292
620.4052896
620.3071278
620.5808257
620.6828883
620.4863969
620.4230999
620.4354291
620.365861
620.6583282
620.6470024
620.4342307
620.5759609
620.4006059
620.3995885
620.4037954
620.2752712
620.2651319
620.4950982
620.348884
620.5562274
620.6878656
620.3950837
620.510736
620.3313431
620.3164149
620.2612369
620.2759844
620.280543
620.5232797
620.3453299
620.2673372
620.0821012
620.2524525
620.4135599
621.2125816
620.7135826
621.2380772
620.8173338
620.7005815
620.5593475
620.742743
621.2483732
620.2396325
620.2556145
620.1855069
620.7555069
620.3487685
620.3585984
620.3495898
620.711672
620.4392009
620.4239477
620.1800095
620.2266107
620.5094093
620.4846894
620.5066224
620.3743322
620.5437738
620.5639311
620.3046423
620.2891679
620.420172
620.2964423
620.340725
620.323409
620.6542571
620.2141125
620.257552
620.247543
620.2964283
620.4369375
620.5810289
620.3935174
620.4867661
620.234551
620.5643642
620.866312
620.5214912
620.5470047
620.2976936
620.3677611
620.3991861
620.2411696
620.3676705
620.4267801
620.7629124
620.7366421
620.5199065
620.3334063
620.3832648
620.7330099
620.3159922
620.2614006
620.3130729
620.3049563
620.2520904
620.3824357
620.4415641
620.4083534
620.3585779
620.2871112
620.1395874
620.8445628
621.3494524
621.2374188
620.7139601
620.6314067
620.639501
620.6326032
620.5063958
620.5105938
620.5198783
620.5340499
620.5504906
620.5226756
620.6579025
620.3190993
620.3560848
620.5212222
620.4023604
620.4358132
620.4777299
620.5782527
620.4760135
620.2781517
620.2915711
620.5498526
620.5631284
620.3642048
620.3261908
620.2829417
620.222271
620.3989848
620.4198566
620.4790317
620.4223299
620.2216663
620.2513834
620.4552519
620.3963443
620.3482752
620.2125176
620.3243512
620.3521552
620.2575572
620.241259
620.1232143
620.4335564
620.5757171
620.6086431
620.6563962
620.5635106
620.5017096
620.4295836
620.695884
620.7556143
620.7001054
620.4565502
620.2439252
620.2646262
620.4219738
620.412688
620.4595965
620.5768338
620.4860365
620.4384132
620.6160256
620.395124
620.4453948
620.495598
620.5785371
620.5740759
620.5164411
620.2806116
620.2978921
620.4748771
620.6777795
620.6879873
620.6129108
620.6104745
620.532543
620.4242318
620.3065836
620.286257
620.30757
620.2814513
620.3791647
620.5444152
620.3970383
620.4213361
620.450439
620.4206426
620.2775901
620.2872564
620.4746427
620.581161
620.5085155
620.2702231
620.2684497
620.4015421
620.2083728
620.7079446
620.7993429
620.8305415
620.6302175
620.5014611
620.5265602
620.335661
620.2977615
620.406364
620.2446621
620.3953831
620.5372472
620.7300845
620.3409001
620.6105658
620.629471
620.446297
620.2713798
620.390022
620.2537274
620.4788119
620.7448716
620.5880469
620.6372557
620.3997326
620.2738979
620.7196087
620.3775337
620.6003943
620.2440528
620.7059213
620.3473289
620.268189
620.5084338
620.3101287
620.2824305
620.2799985
620.5198356
620.6494583
620.7027942
620.705926
620.3625839
620.3112519
620.4564023
620.4760539
620.3563144
620.2490515
620.4390843
620.4403428
620.4986894
620.4010258
620.4523413
620.2815388
620.4393894
620.3233704
620.3214173
620.3621713
620.4188951
620.3161469
620.3149365
620.2344003
620.2621022
620.4024678
620.2867566
620.2974478
620.2512243
620.3806503
620.3166463
620.2428977
620.3842011
620.4346894
620.3605483
620.2911664
620.2842691
620.1178496
620.8710362
621.2153891
620.6897654
620.6381695
620.6384358
620.6293599
620.5030711
620.5143902
620.5283419
620.5235762
620.5290371
620.6593799
620.6577532
620.2930217
620.3567989
620.4359118
620.3962748
620.4346909
620.36124
620.4020644
620.7649365
620.7391533
620.5382143
620.3280795
620.3681118
620.595544
620.4777151
620.4872295
620.5879899
620.4634744
620.4045358
620.4160282
620.6523707
620.6818577
620.4889648
620.4144615
620.3971429
620.3504333
620.3953986
620.514071
620.5416557
620.5239207
620.5431617
620.3550598
620.365227
620.5685768
620.5211249
620.4597049
620.3468946
620.4374198
620.4725446
620.3925134
620.2604164
620.403313
620.5070921
620.4114766
620.7097339
620.7394915
620.6962947
620.4678017
620.2330951
620.2465949
620.4078617
620.5730462
620.4842697
620.4173055
620.4222489
620.5816829
620.6004828
620.6583455
620.4882614
620.7748358
620.5286877
620.5312158
620.5710541
620.5424438
620.4040069
620.4170897
620.5884428
620.6967622
620.6349515
620.4064631
620.3974539
620.5410717
620.7135524
620.9573601
620.694757
621.3568233
622.0607401
623.5642033
620.3819644
620.2098024
620.3028683
620.7277114
620.8003588
620.8271073
620.5547303
620.645502
620.4874705
620.613579
620.6375332
620.3881488
620.4399061
620.4884369
620.5774517
620.5884256
620.5177919
620.399227
620.2699309
620.2988095
620.3437904
620.458933
620.6675611
620.7200229
620.6223832
620.3703183
620.5990775
620.5980932
620.5427021
620.4140442
620.2321061
620.3963241
620.4286153
620.2931405
620.2285384
620.1748431
620.8124533
620.4766568
620.5625046
620.3096266
620.4382831
620.7558207
620.3635313
620.4670249
620.3444093
620.2769341
620.4232478
620.450737
620.5409587
620.6445666
621.3455787
622.2839649
621.8930593
623.502655
620.4518655
620.3994017
620.3565428
620.420633
620.4495121
620.6800526
620.487587
620.53842
620.4451629
620.3944588
620.5381212
620.6853572
620.6591566
620.5429542
620.2637426
620.3964812
620.5206002
620.4341073
620.5456239
620.4223245
620.3839777
620.2630364
620.3094655
620.3486911
620.5719855
620.5983834
620.5611295
620.4690715
620.3972923
620.431452
620.5254229
620.3508111
620.7604984
620.7472186
620.5517988
620.3590184
621.1136373
621.1573244
620.6432929
620.2532825
620.3457292
620.3263043
620.2371203
620.4317311
620.3976553
620.3630193
620.2926773
620.1010059
620.9141138
621.3546897
621.2025234
620.6755793
620.6415726
620.6468318
620.6254866
620.4961039
620.522985
620.5270349
620.533559
620.6665542
620.3480211
620.3713171
620.4297261
620.4091059
621.259355
621.0805159
621.0487202
620.6722863
621.5207752
620.495503
621.229142
620.4355891
620.5659389
621.3218758
620.5616893
620.6160173
620.5302056
620.6401226
621.1270138
620.4484408
620.6707976
620.275371
620.3640855
620.5234451
620.39577
620.4386739
620.4846436
620.4840659
620.5915134
620.4529092
620.4147801
620.591671
620.6097123
620.645811
620.3584039
620.2163863
620.2965981
620.8209857
620.5223331
620.6614236
620.4341465
620.7563714
621.1306874
621.1419334
621.3567144
621.3960198
621.216922
621.1435238
621.177872
621.1232593
621.0848507
621.1225431
621.2309284
621.2609483
620.5970815
621.2464898
621.2611973
621.0902417
621.0940487
621.2838323
621.2430253
621.1805786
621.0832264
621.1571393
621.192514
621.125189
621.0850157
621.0002578
621.1257103
620.5154612
620.3991467
620.7114564
620.7374355
620.4768731
620.223629
620.2370227
620.4174759
620.4060949
620.4416313
620.5713336
620.4944855
620.401743
620.6290782
620.6567841
620.3789113
620.4390317
620.4890746
620.5750636
620.600612
620.5219756
620.4037234
620.2474893
620.2986554
620.3381095
620.4599178
620.6722181
620.6734894
620.7179671
620.6358336
620.3632311
620.5975935
620.5485617
620.4132839
621.0939094
620.4708951
620.5770316
620.4328209
620.3660324
620.4045259
621.1527496
620.8860497
620.9900807
621.3725165
621.2100203
621.3719137
621.2569588
621.2526096
621.294584
621.2656315
621.1360616
621.1501396
621.3070517
621.4115519
621.3566925
621.1439989
621.1416411
621.3046293
621.5193032
621.8505417
622.1599107
622.8239611
624.1837723
626.8694996
620.3944439
621.0564827
621.0828795
621.1478526
620.5833858
621.1310911
621.1601437
621.1120654
621.3815266
621.1698433
621.2850033
621.3316078
620.3769895
621.2560699
621.2444248
621.1751311
620.6560224
621.2553769
621.2980806
621.1593477
621.1019634
621.7869339
622.0952413
620.7815465
621.5800363
622.8420568
621.0588124
620.3568361
620.699874
620.5973097
620.4911651
620.5201725
621.3499774
624.4238968
624.4424203
624.6309947
624.6676271
624.508968
624.4695533
624.420266
624.3899692
624.4199788
624.5148075
624.5466153
624.5960874
624.5383172
624.5450128
624.3981735
624.402752
624.5670071
624.5290282
624.3890609
624.4473379
624.4804036
624.4244131
624.3872981
624.4179016
624.51013
624.6612601
624.7526504
624.5535983
624.5858342
624.5582402
624.444378
624.4568737
624.59498
624.6884134
624.6382079
624.4522725
624.4669351
624.6556188
624.9309944
626.0326022
627.3189315
629.8519769
634.7299116
620.4306985
620.4701292
620.470945
620.6668873
620.8145787
620.8093573
620.7553783
620.2903853
620.5938391
620.483031
620.4381532
620.4430484
620.4289073
620.421608
620.6740892
620.5321356
620.5329986
620.5263827
620.5161396
620.6158027
620.6488697
620.2713638
620.3376503
620.3444611
620.2816817
620.2715812
621.1650089
624.4118929
621.119091
624.450443
621.1512515
624.4204326
621.5207496
624.5342572
621.1132192
621.283761
624.5470286
621.2811817
624.5724913
621.3542449
624.638997
621.2011935
621.2125022
621.2564037
621.1873556
621.1952305
624.4223416
621.1228778
624.4779702
621.3027123
624.6508418
625.3431635
624.3992789
626.8287583
620.3579457
620.3485182
620.7472124
620.5602767
620.3308103
620.5913643
620.5222391
620.3860377
620.7133271
620.7352581
620.4866598
620.1961537
620.2291569
620.4183314
620.4029015
620.5676254
620.4983885
620.3943018
620.6401426
620.6768494
620.3756618
620.4371132
620.4895989
620.5706613
620.5988877
620.5254707
620.4078244
620.2415514
620.328187
620.4525486
620.6794641
620.669324
620.7170436
620.6504947
620.3581721
620.600961
620.5961585
620.5475621
620.4130335
620.4346155
620.3029638
624.4480589
624.5344806
624.6651516
624.7992785
624.7925924
624.5727978
624.6119833
621.2828749
624.4313621
621.1597575
624.4704514
624.5055126
624.5407412
624.5318896
624.4684863
621.1728731
624.4436462
624.4020048
624.483993
621.3131749
624.4714372
624.5793321
624.4547104
624.413444
624.3106888
624.9784393
621.4832385
627.3473041
630.050203
634.7214926
624.5491033
620.4013464
620.2230778
620.2991555
620.7739568
620.4856921
620.7546146
620.7627451
620.2556454
620.5267479
620.5234941
620.5149157
620.09572
620.2469004
620.2899833
620.3603458
620.4049192
624.3597453
636.599901
624.4253365
636.6722827
624.406367
636.6816794
636.6990875
636.7294781
624.367889
636.9498469
637.0541658
624.4816174
624.6101494
624.4235834
636.8520561
624.5766825
624.5007823
624.4615492
636.7892773
636.8118218
636.7035589
624.4801169
636.7566114
624.542959
637.0020395
637.4116674
625.9796238
655.3743329
620.2356384
620.3824169
620.4355887
620.5313999
620.4111308
620.3964988
620.4487038
620.4329143
620.3589838
620.3514371
620.7383561
620.7604393
620.5666579
620.3346282
620.3981429
620.6757958
620.6840225
620.5327962
620.5118327
620.4817723
620.4677848
620.6610426
620.6428156
621.2018075
620.9650191
620.0885246
620.4029145
620.4295557
620.426447
620.4032516
620.4088416
620.2291877
620.2533071
620.591766
620.5744631
620.5306532
620.3728594
620.7152586
620.7114068
620.495226
620.1997428
620.2186947
620.4174271
620.3997287
620.4271677
620.5630543
620.4910264
620.3819406
620.6385742
620.6887695
620.4335519
620.5651713
620.5950049
620.5300092
620.4168596
620.3081846
620.3137994
620.4397388
620.6726969
620.665304
620.3343236
620.6050245
620.5593758
620.556065
620.3907935
620.4793894
620.5957852
620.4368688
636.7012252
636.7322986
636.887469
636.7888947
636.7297783
636.7000097
636.6775475
636.7044481
636.7819465
636.8148858
636.8608681
636.8152237
636.8120499
636.6990717
636.7056766
636.8337895
636.7538708
636.6878316
636.7284273
636.7107871
636.6822695
636.6141554
636.6982634
636.8038496
636.9371197
637.0027492
636.8396248
636.8383118
636.863695
636.8359197
636.7465597
636.7564356
636.8704224
636.9456433
636.8974077
636.7525455
636.7962475
637.0067717
637.3746355
638.0875268
639.2471562
641.6434267
646.3431799
655.327027
620.3958242
620.6123634
620.6195032
620.6083446
620.2859388
620.2382823
620.2937589
620.7869557
620.790323
620.8063878
620.4473972
620.6733911
620.4580419
620.4176775
620.7701501
636.7997269
620.6281864
620.5903711
621.1909358
624.3221918
621.3650355
621.3620152
621.0168634
636.7918494
620.354606
620.221348
620.2525302
624.3917826
621.1067064
636.7945375
636.8710204
636.8422486
624.5827874
636.8743595
636.784178
624.5040023
636.7280856
636.8543368
636.905787
636.7854957
636.7283502
636.7539195
620.3941258
620.6140304
636.7616765
636.8175898
625.4016911
620.3725839
620.7078497
620.3650168
620.678114
636.9160467
636.7398055
673.5393898
636.6682752
673.5544377
673.6447009
636.7336866
673.6646885
673.6890513
636.6969777
673.687654
674.0068897
636.8505349
673.7035077
636.8027785
673.705276
636.754928
673.682225
636.7518792
673.6715262
636.8388821
636.739772
636.7212714
673.7223159
636.7960918
638.0401394
639.219666
641.694263
646.5111026
620.3800779
620.7560344
620.7599349
620.5610279
620.3269626
620.4801701
620.4056853
620.533742
620.4335489
620.4025608
620.6775227
673.597855
673.7852103
673.8013755
673.7053307
673.6501382
673.6338898
673.6024236
673.5832582
673.676948
673.7216256
673.7611438
673.7096957
673.632351
673.6487376
673.7367494
673.7148142
673.6753127
673.6254483
673.6481785
673.6691825
673.6400254
673.6164396
673.5643504
673.7387873
673.8518211
673.8893509
673.7716617
673.7726913
673.7801199
620.525569
620.5225825
620.4792733
620.5773199
620.6248275
621.1467281
620.2330457
620.2855154
620.3382467
620.3150921
620.249462
620.2624012
620.2546324
621.1200076
621.0977221
620.4404629
620.4602047
620.4323648
620.3912757
620.6157681
620.2529056
673.7458093
673.6815501
673.6893419
673.8445204
673.7920227
673.6929419
673.9826501
674.4928338
675.6257356
677.6066818
681.8198365
690.1247046
705.4443833
620.2357423
620.7760341
620.3943105
620.6811207
620.4371137
620.4027996
620.7757615
620.5659863
620.5903168
620.4138415
620.7157745
620.7415307
620.7062293
620.4912571
620.1952864
620.1947702
620.411415
620.3920151
620.55894
620.4721346
620.6325731
620.3420936
620.4254008
620.4791034
620.5565654
620.5929668
620.5227346
620.4171157
620.2409762
620.2388007
620.3070669
620.2931004
620.6730575
620.6733668
620.6804585
620.296394
620.5700557
620.5649513
620.3732612
673.6545808
620.3486103
620.6922258
620.6785613
620.53143
620.5205675
620.5150673
673.7353031
620.5093886
620.5844761
620.65179
620.5492892
620.2394246
620.2715611
620.3443838
620.3306343
620.3237893
620.5434449
621.1605975
620.5276713
636.7548355
673.6149154
620.3881046
673.7824969
620.4165652
620.3703387
620.4532313
620.5972894
620.4447437
620.6183228
620.3241285
620.6280443
620.289677
620.7726222
620.8011097
620.4851602
620.7038715
620.6794705
620.6089565
673.3111693
636.5342705
673.4363617
673.8876109
673.7993846
673.7726473
673.7436871
673.6993185
673.6699783
673.7581059
673.7702676
673.7868931
636.8793664
673.7511995
673.7763912
636.8280656
673.6815685
673.7161451
636.7160123
673.7343814
673.6682369
673.6689531
681.9168106
690.2715009
705.5831946
760.9367629
761.0307165
761.1575398
761.1587763
761.0852949
761.0274624
760.9888521
760.9622331
760.9355714
760.9922899
761.033335
761.1040173
761.1222514
761.131381
761.0767239
761.0291636
761.0538461
761.1167563
761.0368923
761.0672734
761.0569515
761.0048661
761.0036647
761.1442511
761.2335283
761.1840855
761.1792018
761.1739682
761.1287988
761.0804141
761.0877447
761.1649174
761.2257531
761.1637633
761.1017572
761.1743005
761.4082249
762.1305918
763.7217317
766.7337851
773.2954922
786.202532
808.7844563
760.5306943
760.7484599
760.9718981
673.6871675
673.6536036
761.091179
761.315692
761.3682209
673.8051318
761.1744915
761.1687553
761.1505045
761.1629524
673.8064676
761.1662798
673.6550548
761.08352
761.1232159
673.7204577
761.1015414
761.0655875
761.0483803
673.678909
761.0711634
673.6653343
673.6523169
673.7373647
673.9920107
675.6013969
677.6098563
786.3189474
620.2941048
620.6789951
620.7537493
620.7590768
620.2887969
620.5226894
620.5140123
620.4779234
620.5881014
620.4682253
621.3624899
620.0944024
620.2418278
620.3458976
620.3971052
620.4240246
620.3286148
621.073307
620.6319771
620.372939
620.5368885
620.3631353
620.4361876
620.7981691
620.5454457
620.6534949
620.6811806
620.4443496
620.1499814
620.1680838
620.3585555
620.3744186
620.5555752
620.4126046
620.5985256
620.6228804
620.3984378
620.5984499
620.4208426
620.3645392
620.5516972
620.7548004
620.3392619
620.2173021
620.2670849
620.6788565
620.7561131
620.7959717
620.3564581
620.4038348
620.3389727
620.5585413
620.2803405
620.3973854
620.4639068
620.5922326
620.5016141
620.3801296
620.3077274
620.2894976
620.3725432
620.6672676
620.6815823
620.6481404
620.6115328
620.5885702
620.5533726
620.3112452
761.1129763
673.6157528
620.2487858
620.6825162
620.6608585
620.4988924
620.5309545
620.5098194
620.4181893
620.5503893
620.5797569
621.3582293
621.0133907
621.0526389
620.6085001
620.3139557
620.3813986
620.4233483
673.7600595
620.7114136
620.7261044
620.5027275
620.666414
620.5371249
620.6886853
620.4189906
761.4590673
762.2156186
761.1168796
674.5396049
763.7424431
620.2272181
620.2492843
620.4359135
620.9761988
620.5998582
761.0820748
761.0880102
673.9660339
761.155444
761.0577454
673.6428906
761.4540182
761.0491892
761.0651243
760.9070552
761.039189
761.090036
761.0340296
761.0778392
620.6841972
620.5618118
620.2425803
620.1782409
620.2828543
620.2000054
620.6079956
620.5952845
620.1112138
620.2710748
620.1366704
620.4418262
620.2507823
620.3843939
620.3894914
620.0938556
620.6840044
923.9201913
903.6458143
882.6612727
882.552291
882.6529574
882.6133919
761.2509876
882.5494575
884.3014034
761.0226718
761.0388608
761.0609437
882.5805064
882.6064576
882.5278144
882.5043076
882.5330469
882.5396328
882.5674803
882.6130126
882.5833795
882.5441746
882.5115764
882.4617741
882.5723818
882.5586903
882.5173626
882.4957876
882.5921208
882.4789085
882.3954487
620.3895488
620.1756966
620.0995087
620.417691
621.059498
620.2282169
620.2035825
620.3295553
620.3538462
620.305498
620.1816386
620.7178658
620.4947823
620.1840135
619.9886889
620.1226251
620.1602268
620.3829449
620.2316915
620.2006952
620.1638381
620.3201554
620.6205504
620.0901437
620.2954678
620.4156813
620.4697634
620.4668789
620.4101938
620.2165855
620.1665344
620.0936433
620.2866464
620.2658872
620.0673482
882.5767328
882.5970802
882.5998819
882.6056015
882.5558402
882.5384506
882.5227447
882.5572332
882.6142649
882.5907973
761.2542789
882.7616683
882.823083
882.6998521
882.5762777
882.5372362
882.5123145
882.5197494
882.52399
882.4875294
882.4068404
882.3601214
882.2344509
620.6560942
620.6725269
620.2409447
620.1636174
620.2225592
620.5653854
620.0912432
766.7786813
886.6237391
773.4692042
892.2619499
809.0220481
620.5357529
620.3090252
620.2777242
620.1024765
620.1588002
620.1553688
761.1523328
761.203863
620.217398
761.0788316
761.0735094
882.4953856
882.7067335
761.1273565
620.0867566
882.5173273
883.208741
892.1585793
886.5888216
884.2854184
882.5299571
761.1337036
761.1117014
882.5342977
882.5799051
620.3525983
620.4473178
620.4293161
620.5095298
620.3640125
620.2098958
620.746756
620.3364318
620.4422384
620.3751673
761.0792456
761.1728606
882.4225691
882.4351163
882.4817854
882.5337236
882.402358
620.1480891
882.5320244
882.5483881
620.4041638
620.330889
620.1501151
620.1433875
620.6785143
620.3347045
620.3839649
620.406424
620.3258541
620.243178
882.5939093
882.6090369
882.5272148
882.6227028
882.6665647
620.1285712
620.4611407
620.1214106
620.1668419
620.3214519
882.5204763
882.5336517
882.5265216
882.5867068
882.3037705
882.0194356
882.5895301
882.5917743
882.5311356
620.7440316
620.5004934
620.1595034
620.5027742
620.1318425
882.5365664
882.5949608
882.5063445
620.1604434
882.6169303
882.6748479
620.2443781
620.2212709
620.4987852
620.7253136
903.6710394
882.4675295
882.4640735
882.4897135
882.6540352
882.5835061
761.0859049
924.0664198
621.0547607
760.8585989
883.13789
620.5806977
637.0684431
620.8122209
620.3347005
620.3503671
620.4923013
673.5928729
621.2071802
620.7156742
882.5183242
636.7267781
761.1311067
620.8058334
620.6191766
620.2741917
620.6014981
620.999279
620.7996782
621.0874158
620.4796513
620.5227551
882.5199798
620.0873541
882.5506045
620.2279236
620.6462431
882.5595996
620.3878954
620.0389644
620.6192801
620.6008374
620.1362188
620.3395821
277.9400908
590.3795266
357.4826741
367.5329959
311.4656985
295.5370288
369.8973566
559.4727097
354.1119708
330.4687623
276.5449444
280.5212111
355.1114226
411.6990204
465.7939842
592.9615123
346.3037818
308.7129814
304.9253802
318.9832549
355.5275673
363.5842361
365.144149
389.6955293
344.6644607
585.8735481
474.2962517
432.4119461
394.874106
586.2481159
325.4125226
468.7902692
207.2568937
559.8367227
592.6852834
454.1146714
583.6316824
234.0778207
372.1919033
296.8625412
496.9627622
434.8353016
543.2396738
504.8157094
484.4606088
384.7975307
309.7746418
286.6484712
470.4718076
639.512242
291.3466383
615.6310423
627.8037686
583.2722521
445.9706714
355.9233246
498.0884661
601.2719985
584.3731373
439.8551105
459.0641615
431.0639179
268.4643375
288.5139632
293.1918005
300.3885136
319.8184712
422.8208652
222.0048493
633.9829568
540.9558373
612.3150719
264.4630507
460.5632493
248.6904867
283.2776216
275.1440891
288.132716
280.6748093
274.7794404
270.1596014
259.8247387
304.2154399
289.684011
285.2356979
276.2511078
298.4877423
297.8160953
588.3351741
282.4514052
352.2922286
307.9141487
281.8554744
300.9511653
521.4332078
480.7680747
427.7696467
301.1257898
275.1891302
277.3229492
281.0860133
284.3209706
288.0063047
295.6843879
301.0259198
317.5644001
335.528676
380.2300737
567.9491125
568.5388383
592.4481376
593.137458
520.2496087
306.8892287
351.6752788
318.8648067
327.0499636
296.0701149
323.0408156
348.1504985
287.5187346
365.1957098
293.2212652
350.7288147
346.6078791
346.9518519
555.5109959
339.9724052
326.5554554
315.0407389
304.4805166
338.7053032
531.1406249
526.4490424
521.6124589
517.5980561
512.3081396
509.975615
515.8588718
492.4758309
462.7767591
430.1530507
393.7526508
362.1327683
343.1719272
340.1290187
347.3696236
354.2952969
359.0143261
365.6102515
354.8903603
377.9396905
380.8115863
399.2066165
475.8766498
531.7902753
567.4512451
591.6816514
599.7051913
584.0243362
594.922749
579.3581573
552.9227241
519.1179507
483.2195609
451.6213284
423.9873175
447.3661329
399.9544307
378.6220283
359.6817775
328.0132253
315.0224697
303.9619026
295.2016275
356.029839
288.5451934
284.1173621
281.3917997
280.2424368
437.4432732
441.3735762
434.310007
596.6275636
592.4270843
584.7829983
576.2921918
561.9809781
551.4252885
433.7564525
544.3893316
528.136942
509.4057371
429.1166652
493.7991003
472.0536226
434.4859065
390.4771143
345.6303622
324.2292038
320.0860024
312.3893926
327.0984227
372.1904145
404.2784207
457.4435376
514.7661842
561.8014488
593.2040239
607.3961025
597.5135086
602.5144692
583.6055686
552.7352724
515.2760624
482.1944773
452.2587541
425.0255227
395.361692
400.8001183
379.0184697
359.2832322
341.3024426
325.992619
312.2708947
301.1755933
293.1795171
279.0187883
287.5989429
283.9761054
282.4631342
278.0983508
291.8001819
419.1092179
374.9131049
342.935902
370.5642383
369.2347173
289.3719398
390.1596483
511.7567869
543.4879398
605.3878009
254.9518445
304.55269
394.5023363
352.0058426
369.5224676
285.0082483
289.7080375
430.467246
486.3731737
296.2262384
414.0440517
457.7236203
490.4874356
466.0816456
329.9482435
306.5868887
441.1218461
431.7316873
586.5540252
623.5273417
479.483409
569.6277311
529.0397096
592.5241736
468.8323211
412.0040823
285.8311743
210.4791276
228.2949096
238.7288223
240.20565
256.2674369
276.3224495
298.7051571
324.840177
351.6527244
377.5875593
414.2194266
441.4938341
476.2751442
509.7692387
533.9104611
562.4201884
587.5409243
604.2905144
626.3576672
628.0346638
625.5360924
622.8684614
610.9793597
598.0435499
587.9257645
568.4997565
552.6269568
539.2309779
526.0396214
507.7553836
510.0404907
491.706243
474.8968681
459.4437519
443.0285226
446.5157263
427.8422678
414.3324047
403.8597038
388.4487891
375.458371
364.59874
355.0755344
345.1738742
335.7527748
327.4224661
334.0081944
320.4298637
314.24695
315.2464213
309.2020349
305.0130911
301.0704808
297.5817236
295.2579667
293.5051727
292.0267355
290.4542583
290.2795103
292.059581
589.8000395
598.0389457
603.8645778
586.8224855
585.6951879
590.5511721
573.0951041
533.8358599
510.8092204
489.2591074
466.9640087
455.3948851
445.4698314
431.0693547
412.9535793
367.870504
396.2419337
409.1814301
429.5497911
424.2830517
406.3506872
410.2820636
443.1485988
434.5605744
428.6713743
432.8929953
385.8821779
331.7247747
319.2518862
251.4760634
305.8619946
236.2284019
234.6790151
240.5318646
243.1798604
242.0955631
279.6031568
330.3457089
376.0153976
595.7329267
603.3995307
601.0605932
404.4022275
463.3853106
396.118017
444.6770948
297.9864275
335.71643
358.7777267
292.3223338
293.7806322
298.4272199
310.1049164
335.3244286
364.868724
400.0421965
469.3695659
531.2575906
560.2686893
213.0104833
212.0988373
216.4752532
225.1896182
238.1999197
253.6491974
271.050947
289.7921725
312.0134913
339.7690824
380.7330088
421.1745806
454.2670314
485.836526
513.823291
538.2475526
556.7529244
566.4217035
578.6323759
571.3328705
591.4181866
594.1182905
585.3442821
605.1701541
625.7213821
581.1278719
604.4053431
550.8743584
543.0332062
537.8028364
527.4375017
514.3361278
502.3853074
488.4526537
474.7452342
460.5403195
450.7145229
423.3828805
409.673815
416.1670631
394.6578008
394.7037927
387.0767967
474.0747872
468.3008715
384.0361546
469.3604322
464.6579264
438.7088913
470.0987238
386.6199155
328.0859127
303.5386516
284.5520288
262.5944331
237.0072572
218.6561511
286.7934279
213.8114116
212.0287575
214.0885708
229.541681
266.1346195
302.4010268
327.1324712
343.9133141
412.9627632
425.6830369
454.4143858
574.13798
584.7582106
567.4924108
320.6195974
299.9250994
301.703605
290.0032685
503.0226341
295.8387649
503.5160633
305.7386908
503.7848329
314.8262512
504.4434342
320.3823938
327.06542
504.4920918
353.711613
505.030786
504.4654169
363.5123739
506.1794979
505.7790492
506.8350701
485.1306123
506.660508
439.164258
517.4274104
532.6838322
507.680637
507.233574
507.459863
507.9717857
595.791936
507.8186717
507.8620776
587.218829
507.9838233
507.4073139
622.8864557
507.6629306
507.6060896
531.4671219
507.0281747
506.6049038
506.7910812
506.5539994
506.6516189
506.7206961
507.9225713
508.3136698
593.9070431
509.0817522
508.3523692
508.4366707
507.9473781
508.5179278
508.4878724
507.1591722
507.6652508
507.6734243
507.0668607
506.8580027
506.9715203
506.8495194
506.7884167
506.6346931
441.3873205
506.3818745
507.6940617
506.6833339
506.7672965
505.0938819
508.702084
506.9420426
506.9558819
506.9167367
506.7776369
506.8196302
506.9845371
507.1570332
505.9042735
506.0525838
506.3977259
505.9324918
506.2163238
506.398225
506.8516327
507.4383194
506.7177808
506.5905662
558.3872158
507.1190284
506.7670303
374.5414661
505.5823408
407.1568421
507.4413908
507.5156301
563.6862387
507.4701254
507.6442162
500.5899019
507.4859755
506.7666897
503.4755696
504.0547693
291.0398311
503.4057526
503.9820537
504.5070074
506.9819981
507.082857
507.4532277
507.9739318
507.5079947
505.5960073
236.4478578
505.9005757
506.8448154
508.2006834
595.7237372
502.9365475
507.1572892
506.7084955
546.8321577
507.2482348
503.8157727
386.6067221
504.5006188
506.4093948
506.9336428
507.2448743
383.3999617
</DataArray>
<DataArray type="Float64" Name="temperature" format="ascii">
87.20434868
87.23578765
87.20048545
87.23244631
87.23903338
87.19082246
87.1812542
87.2024815
87.3141576
87.32492441
87.21552545
87.14463265
87.18504509
87.24909982
87.22246426
87.25222095
87.17974559
87.32471286
87.23334922
87.22375125
87.18382763
87.18755769
87.21981585
87.25001878
87.19979343
87.24731798
87.20868691
87.22573044
87.2162983
87.228766
87.22035392
87.2151864
87.30685095
87.19536349
87.23571179
87.33624043
87.20090133
87.22318415
87.21104386
87.23814798
87.21496591
87.21150892
87.20605939
87.22230426
87.34111629
87.19032929
87.22308655
87.21655861
87.31031922
87.24474382
87.25265471
87.33142211
87.19723815
87.19966367
87.22312862
87.21361876
87.31928208
87.23822691
87.2150309
87.17674537
87.31100054
87.20309887
87.18879227
87.21420751
87.20158865
87.20178051
87.198133
87.22437859
87.31668967
87.23136179
87.23629215
87.25417387
87.24363629
87.23641184
87.15360389
87.21860857
87.14785984
87.22057551
87.1860774
87.19012145
87.20438302
87.29473217
87.18495673
87.18591008
87.20054675
87.32135595
87.21543969
87.25419739
87.32015065
87.20153472
87.21010081
87.19364394
87.21367925
87.2330234
87.26829173
87.24106735
87.20848594
87.23833372
87.19206992
87.18658851
87.21166034
87.20813127
87.22322136
87.2199254
87.24064865
87.20224014
87.24478552
87.21337429
87.18827448
87.20562009
87.23908894
87.22162068
87.30253028
87.21296366
87.26170377
87.22000229
87.23823263
87.33037084
87.20668742
87.22516764
87.21602929
87.24639349
87.20531108
87.19991131
87.32210493
87.32288608
87.21055013
87.24857783
87.23251834
87.19692978
87.25805474
87.25798894
87.19326063
87.32045458
87.32546742
87.33387039
87.19084683
87.25637995
87.20383353
87.32445786
87.1924695
87.20238339
87.1959643
87.19829467
87.19626335
87.1885434
87.18960893
87.20526329
87.23470379
87.32484356
87.20944014
87.21368063
87.20320665
87.21392808
87.22037151
87.23814483
87.22199909
87.21374312
87.20304168
87.21690995
87.20878381
87.53883765
87.20719295
87.53003287
87.23538962
87.23067609
87.53377267
87.20054399
87.19909091
87.31007599
87.51962529
87.18582139
87.53744799
87.23367893
87.5287118
87.20051209
87.217317
87.22080553
87.53356642
87.53493901
87.20547115
87.53544871
87.21382096
87.55864566
87.22050769
87.55354649
87.20536485
87.23149824
87.22907329
87.54421386
87.21691196
87.55088124
87.54842916
87.22323961
87.52158528
87.25055652
87.23389831
87.21371413
87.21367983
87.54057192
87.23921339
87.55297499
87.21730098
87.20319048
87.54325843
87.32245234
87.52729878
87.21270439
87.2087871
87.54376099
87.3250484
87.20824954
87.52619194
87.22584473
87.23415174
87.51665045
87.22445224
87.54145591
87.20852766
87.26747136
87.54574613
87.53212744
87.17709783
87.53296088
87.14956242
87.14567574
87.17249138
87.56462217
87.18893301
87.1780055
87.18423992
87.71314997
87.20636841
87.17664472
87.20882296
87.51732722
87.52419076
87.52772295
87.53169283
87.22932664
87.29763711
87.54013934
87.18434768
87.52971857
87.2186127
87.5228537
87.5398974
87.29581946
87.53059459
87.19581673
87.52371099
87.52037496
87.51309901
87.26926547
87.23862291
87.20667079
87.55094309
87.54029624
87.54216833
87.53239405
87.20429005
87.54012391
87.55064318
87.22674962
87.19045648
87.54242503
87.53410365
87.21167252
87.53626917
87.54740411
87.23446067
87.21724253
87.52598247
87.18477945
87.54349114
87.17775297
87.17930137
87.16837026
87.18962545
87.20173488
87.25201899
87.22328739
87.18047059
87.24684385
87.22353529
87.18963422
87.18626005
87.20084579
87.53410339
87.18923369
87.22302203
87.18841925
87.30629885
87.22401915
87.1986728
87.20738629
87.55594657
87.53221409
87.19482846
87.20919799
87.23768855
87.21581663
87.24287352
87.53568574
87.52488256
87.21861733
87.21421204
87.53847712
87.22549884
87.54437492
87.5464543
87.21216499
87.19561887
87.19112825
87.34305886
87.54858692
87.20485468
87.53369655
87.22476241
87.54858741
87.21756297
87.52322832
87.14530072
87.32586272
87.52367615
87.26428536
87.19273077
87.21649086
87.20780181
87.22893075
87.26589612
87.22863255
87.22011828
87.53678591
87.54273784
87.19562582
87.22601841
87.19385302
87.20842826
87.22280866
87.23015915
87.20507737
87.52020049
87.13564767
87.13160099
87.19781363
87.54392874
87.1812946
87.53582309
87.25442071
87.25777993
87.52927334
87.19183683
87.53977917
87.53157441
87.19327975
87.23025674
87.56025333
87.51710185
87.51676515
87.30718856
87.19165204
87.27667589
87.22195037
87.16612167
87.21301863
87.54386347
87.54314509
87.61593869
87.58089239
87.54077836
87.32669556
87.21235707
87.53397029
87.54045794
87.20441443
87.20046722
87.2276383
87.23491138
87.25704726
87.22691231
87.2121594
87.20332276
87.20012614
87.2063627
87.19146419
87.19783102
87.19019926
87.19634975
87.20454623
87.2021779
87.2048829
87.20433718
87.2241019
87.20755321
87.24601667
87.22412291
87.23034887
87.22321715
87.2530676
87.23266282
87.21221745
87.21128502
87.20061401
87.21785544
87.23817596
87.24754549
87.22451383
87.20459407
87.2105778
87.22643961
87.21884133
87.2059111
87.21736527
87.23523513
87.22638764
88.15378828
88.16034974
88.16201029
88.14711028
88.15994705
88.13523128
88.14080588
88.14346734
88.14974704
88.15081638
88.16610896
88.14241018
88.14528714
88.16085106
88.15067231
88.13988508
88.15539843
88.14348257
88.14727812
88.14040111
88.13734222
88.15245132
88.13131073
87.21604963
87.22289063
87.23688585
87.23555769
87.20522266
87.21734737
87.21592664
87.20152723
87.22137531
87.24324254
87.22483206
87.21278666
87.19474643
87.19867924
87.20497202
87.22000264
87.26088082
87.22054715
87.19278325
87.18345868
87.193331
87.20884159
87.22412789
87.24322757
87.26526399
87.23455967
87.21484586
87.19670857
87.21598953
87.20757109
87.21559485
87.20880554
87.1864943
87.19298994
87.19323472
88.15643867
88.14571165
88.14475241
88.13655759
88.16475835
88.17171362
88.15783392
88.17112418
88.14960766
88.14967123
88.15559116
88.15593781
88.1658266
88.15819065
88.14821496
88.1503872
88.15984038
87.22473506
87.18965208
87.18443377
87.17296351
87.19658518
87.2555376
87.22040724
88.16004653
88.14649592
87.53467803
88.14442184
88.15541849
88.15596904
88.17056951
88.19346409
87.52889116
88.16745161
88.2205009
87.18634912
88.14712293
87.53433749
87.54621888
87.53044353
87.23328985
87.20908168
87.19146347
87.21938242
87.545557
87.21781257
87.19601382
87.18772972
87.21523979
87.55501105
87.53412016
88.14759079
87.2119717
88.13596477
88.13360461
88.15253594
87.54435477
87.21865279
88.16887237
88.17214455
88.16069942
88.16721616
88.16440563
88.14062974
88.15135393
88.15902124
88.15724529
88.15541681
88.15981911
88.15221383
88.16787624
88.15872888
87.21762722
87.23942106
88.1499309
88.15856699
88.15014656
88.14310055
88.14839574
88.1494149
88.14408249
88.16239774
88.1540444
87.2014887
87.21019491
87.20702314
87.19554141
87.19096222
87.19598635
87.20737866
87.20456014
87.20102866
87.23409313
87.21540592
87.20732484
87.22258544
87.23002246
87.22375255
87.25433643
87.23267369
87.21183576
87.21133516
87.21936116
87.2382751
87.24885848
87.22479943
87.21803911
87.20584386
87.21038869
87.21839446
87.22028036
87.20515682
87.20413347
87.20175228
87.22793455
87.23473188
87.25543633
87.22571985
87.21350201
87.20267098
87.21771846
87.22054916
87.23998614
87.22837733
89.92621288
89.93310777
89.93570054
89.92289507
89.9337284
89.92783577
89.91518458
89.91706004
89.92063047
89.92300198
89.92402129
89.92847008
89.91868433
89.91941102
89.93331308
89.92579762
89.91592235
89.92899249
89.91831574
89.92227805
89.91591198
89.91382184
89.90910194
89.91393731
87.21683851
87.22035859
87.19659181
87.2142381
87.24536145
87.23201778
87.21505653
87.19367376
87.20514417
87.26993922
87.22739586
87.19503487
87.21592534
87.22409468
87.23404231
87.23526663
89.93680572
89.93366066
89.93245226
89.94474751
89.92602804
89.92611137
89.92963478
89.93060222
89.93947709
89.93290113
89.92551467
89.92628952
89.93701134
89.93852443
89.96463749
90.01461395
88.20550196
90.26181925
90.60752402
91.27103282
87.22389748
87.18805781
87.18690293
87.18432859
87.17464768
87.20151409
87.21195594
87.25139582
87.21400951
87.17729423
87.17874556
87.19290329
87.20982932
87.22540232
87.24435099
87.25534126
87.2378122
87.21852267
87.21589391
87.19754276
87.20878843
87.20662927
87.20683367
87.21855209
87.20850509
87.18913225
87.19188376
87.1925226
87.19360303
87.19443087
88.13183404
89.92536809
88.14119945
88.13996203
88.14997632
88.15188786
89.94854201
89.92734107
89.94083178
88.14777202
87.18726715
87.20787569
89.92851317
89.9206554
88.13454062
88.15624731
88.16047514
88.13853021
89.94447175
88.17723756
88.4003584
90.60881735
88.66021318
91.28491458
89.91171349
88.15511792
89.9268266
87.19842604
87.21914511
87.21548913
89.93254385
89.92509837
89.91891035
89.92921367
89.93375016
87.21713745
88.15753425
87.55739956
87.53995675
87.20160435
87.20227187
89.91931409
89.91782215
89.91620733
89.9286916
88.15190283
89.92832502
89.92545517
88.17448748
89.91894288
89.93292572
89.92258618
89.93223392
89.92252147
89.92054419
87.20463465
87.227597
87.23371005
87.25803697
87.21285914
87.22312483
87.22016684
87.21630167
87.21178817
87.20459496
87.18827757
87.19193431
87.20941979
87.19784325
87.20364192
87.20026282
87.21338816
87.21463093
87.26271912
87.2259456
87.22909019
87.22521577
87.26552807
87.23256755
87.21157349
87.20122599
87.2368571
87.25059094
87.22367527
89.90062786
89.91695214
89.90962853
89.90856523
94.77383428
94.78267031
94.78859345
89.94973226
94.80380719
89.93636815
94.79445501
89.94215063
89.93892099
94.77813747
89.93007755
89.93471692
89.92753226
89.93402512
94.78508576
89.92416797
87.21673543
87.20441837
87.21019206
87.2353297
87.22124856
87.20370729
87.21573858
87.22078246
87.24618892
87.22856359
87.21440321
87.22542082
87.23094706
87.23304707
87.22551778
87.1851836
87.19294049
87.20618443
87.21505498
87.2615187
87.18909038
87.2109842
94.77588418
94.78462642
94.78879033
94.77885899
94.78706583
94.78070638
94.76684558
94.76746664
94.76856693
94.77217027
94.7738149
94.7760699
89.93843886
94.781739
94.77367109
94.77315732
94.78542216
94.78092644
94.77265277
94.78191096
94.77341037
94.77649031
94.77166718
94.77164981
94.78184252
94.76829956
94.77116628
87.21648712
87.22142012
87.19514013
87.21253173
87.24118448
87.21636388
87.19078567
87.1979962
87.20451908
87.21562289
87.27970768
87.23581767
87.19701201
87.17476644
87.17360948
87.19293034
87.21346131
87.22776155
87.24686268
87.25843853
87.23995625
87.21945705
87.22031173
87.19603629
87.20836278
87.205586
87.20519678
87.21352587
87.21837131
87.20754507
87.18576241
87.19522567
87.19222858
87.19376156
94.78145199
89.91140873
89.91600579
89.92319192
89.92526623
89.92251096
94.78270267
90.00310935
90.09889987
90.27112839
94.78948733
94.79766042
94.78806512
94.79913266
94.78375971
94.78275018
94.78383132
94.78549685
94.79334456
94.78887476
94.78333826
94.78345068
94.79702346
94.80867796
94.86312888
94.97695486
95.17693806
95.61107564
96.44856543
98.03964001
87.19929731
94.73885934
94.76003116
94.75950777
87.25130559
94.76102803
94.77382636
94.78760813
94.80792684
94.79788655
94.79441584
94.78984081
89.93268344
94.78353694
94.77610989
94.77859573
89.94443027
94.78724083
94.77348322
94.77822049
94.78223351
94.97220445
95.19211862
89.96352191
94.86627824
95.62614162
90.08462099
87.20330068
87.24359978
87.19420276
87.21940987
87.23281757
87.25219643
106.8728864
106.8872152
106.8941628
106.8870288
106.8915887
106.8707581
106.8678958
106.8676447
106.8721914
106.8721608
106.8785195
106.8908661
106.8881111
106.8781728
106.878474
106.8902033
106.8884117
106.88308
106.8807797
106.8815746
106.8798089
106.8831875
106.8894146
106.8780523
106.8971243
106.9056491
106.8988012
106.8983655
106.8960178
106.8917843
106.8910632
106.8930937
106.9001097
106.8995867
106.8933272
106.8941917
106.9135339
106.9392686
107.0495115
107.7325089
108.6640447
110.4442246
113.7537621
87.18909969
87.20720939
87.21172361
87.27400179
87.21095271
87.17581834
87.18549776
87.20429221
87.25281803
87.22201299
87.20726306
87.2006582
87.21565131
87.21245504
87.21631828
87.25398101
87.24314448
87.21894182
87.21181634
87.23276957
87.22718469
87.22757277
87.186169
87.2043974
87.20354476
87.20590887
87.22264009
106.860383
94.77649444
106.8801783
94.77385827
106.9034064
94.80735508
106.9102135
94.78665683
94.78815899
106.8931151
94.79369587
106.8995913
94.78773695
106.8938207
94.7788717
94.78710315
94.77976017
94.77552807
94.7679784
106.8881546
94.78234496
106.8957395
94.81577343
106.9506341
107.2921374
96.45543113
98.06356608
87.202704
87.20432894
87.22853108
87.26147687
87.22486108
87.19431103
87.21521201
87.22266416
87.19529762
87.21101224
87.25049407
87.21166485
87.18868164
87.19764824
87.20409179
87.28975994
87.24141783
87.19819814
87.17591225
87.16849866
87.19314733
87.21716005
87.23063635
87.24907161
87.26346394
87.2413332
87.22007656
87.21392777
87.20676671
87.20545101
87.20431179
87.21227575
87.21727438
87.20716646
87.18542385
87.19748868
87.1941647
87.18878435
87.19266636
87.20950771
87.19468987
106.8858166
106.8802237
106.9246584
106.9270968
106.923521
106.8958143
106.8978039
94.78563534
106.8889834
94.77768948
106.8857241
106.8948571
106.8860961
106.8827092
106.8817619
94.7746876
106.8841042
106.8869925
106.8755224
94.78956598
106.8858149
106.8824029
106.8855
106.8927096
106.8818067
107.0611452
94.79006418
108.6935599
110.4549543
113.8001526
106.9077402
87.22515574
87.18457243
87.18425601
87.18642199
87.21676614
87.23207411
87.21402439
87.20327391
87.2185507
87.20052456
87.21263873
87.21128569
87.21870987
87.20074645
87.20351888
87.1970406
106.8446481
133.1813144
106.8543976
133.2035495
106.8763942
133.2355965
133.2791594
133.2887996
106.9092183
133.3138808
133.3106838
106.907611
106.8906795
106.8937496
133.2634762
106.894467
106.8871258
106.8862385
133.2666846
133.2547287
133.2575167
106.882532
133.2446964
106.8939907
133.3559195
133.5579305
107.7519172
145.5727271
87.2023682
87.20887138
87.20380339
87.2383793
87.2105779
87.227954
87.19545235
87.2039657
87.20193722
87.20349981
87.22669129
87.23052761
87.26269631
87.22786434
87.21077138
87.2221527
87.22090512
87.2462549
87.2139013
87.21109141
87.20965701
87.22895314
87.23006904
87.23012028
87.22750968
87.20952129
87.19733033
87.21086984
87.21163346
87.20252406
87.20523527
87.19264162
87.21224092
87.21451955
87.19239164
87.21117131
87.22355588
87.19579435
87.24590387
87.25935144
87.21010768
87.18725937
87.1978217
87.20349534
87.20281323
87.29970555
87.23937307
87.19743943
87.17762749
87.16860395
87.21992127
87.25059654
87.2666213
87.24368391
87.21853082
87.19432806
87.20301726
87.20486288
87.20889427
87.2076411
87.19208965
87.20016812
87.18553665
87.18779826
87.19541626
87.22213872
87.25976762
87.22401498
133.2274975
133.2535048
133.265341
133.2579835
133.2490179
133.2257366
133.2220197
133.230482
133.2270483
133.2434679
133.2538016
133.260675
133.2425848
133.2458855
133.2599976
133.259002
133.2513526
133.250739
133.2481379
133.2593921
133.2599059
133.2606721
133.2455839
133.2730093
133.2818581
133.2722923
133.2770442
133.2837593
133.2740764
133.2639725
133.2623217
133.2640871
133.2709444
133.2767354
133.2658247
133.2694131
133.2966246
133.3351553
133.5309521
133.9642855
134.774158
136.4718484
139.68644
145.4892337
87.21165807
87.22701893
87.23175414
87.22867012
87.22783416
87.1923084
87.2147379
87.18972683
87.1850332
87.21497607
87.2162757
87.28558457
87.21204465
87.19336388
87.21153111
133.258991
87.25013404
87.23601845
87.22399876
106.811073
87.28880163
87.27695551
87.23626529
133.2479792
87.20396242
87.19328129
87.21297699
106.8960795
87.228029
133.2824618
133.2850089
133.2975528
106.9051599
133.2673288
133.2613485
106.8912825
133.264765
133.2713657
133.264494
133.2581906
133.2539658
133.2593334
87.21309988
87.22970227
133.252404
133.2665998
107.2883667
87.21202304
87.24338141
87.19160864
87.20477349
133.2583286
133.2321467
181.7752566
133.21619
181.7950914
181.8435243
133.2638821
181.8704624
181.9044821
133.3046959
181.9340651
181.9748019
133.2732454
181.8542784
133.2507138
181.843576
133.2563596
181.8538023
133.2507153
181.8444266
133.2526454
133.256378
133.2677771
181.8493008
133.2669338
133.980586
134.8026451
136.5283398
139.6978282
87.20547248
87.22669946
87.23050418
87.25986299
87.23034956
87.20548445
87.20829409
87.23938153
87.1918601
87.22062869
87.21656313
181.8045362
181.8656379
181.8571941
181.849496
181.835743
181.8144845
181.8047275
181.7944466
181.8037116
181.8342586
181.84088
181.831569
181.8371491
181.8545294
181.8561004
181.8643593
181.8417963
181.8447108
181.8391533
181.8488474
181.8617404
181.8540184
181.8664453
181.875822
181.8860561
181.8753747
181.8845007
181.8870762
181.8798048
87.22302975
87.20335859
87.20762372
87.22587188
87.25789051
87.22289448
87.2143293
87.20186498
87.18508899
87.19081353
87.21170266
87.20729693
87.20765258
87.23388201
87.23297873
87.20436195
87.21607216
87.22218798
87.20600055
87.23162857
87.22804873
181.8625123
181.8584789
181.859653
181.8836532
181.865014
181.8704402
181.9444798
182.2353954
182.8948164
184.1059273
186.6749954
191.4828653
199.7575119
87.1995407
87.19717778
87.2069218
87.29490773
87.20899113
87.19164308
87.19684246
87.19436513
87.19637779
87.22242246
87.19806565
87.20793988
87.2525121
87.26373122
87.20739408
87.18885719
87.1989701
87.2034761
87.30901858
87.22937502
87.18239762
87.19251057
87.22068954
87.23307644
87.25138868
87.26810197
87.24120565
87.21832893
87.20314535
87.20275276
87.19434883
87.19191091
87.20610198
87.2088479
87.20608499
87.20500046
87.18563659
87.18653804
87.20138601
181.8446729
87.20188921
87.21977842
87.217973
87.24773867
87.22427336
87.20859723
181.8611287
87.21567304
87.22089693
87.23749805
87.2402852
87.21301521
87.20466998
87.19803165
87.18778039
87.18766542
87.2190354
87.22815837
87.23713617
133.2513036
181.8363329
87.22910354
181.8685027
87.20030813
87.19741955
87.19869356
87.265806
87.22712297
87.22839663
87.22708706
87.23055543
87.22108975
87.19332734
87.21828752
87.23198086
87.2132835
87.21066189
87.20194123
181.6510379
133.125353
181.7365815
181.9361595
181.8942818
181.8720982
181.8817313
181.8571366
181.8608655
181.8559065
181.8808538
181.8706132
133.2702066
181.8709668
181.8692377
133.2680365
181.8589037
181.8647836
133.2578679
181.8478463
181.8547167
181.8681576
186.7680983
191.5020541
199.8865012
256.1277698
256.1791564
256.2147082
256.2016283
256.1852258
256.1641741
256.1422288
256.1305649
256.1115667
256.1386283
256.1304846
256.1768652
256.1753452
256.2089072
256.1698277
256.1726543
256.1910514
256.2168979
256.1841519
256.1939696
256.2085993
256.2145034
256.1701326
256.2207181
256.2337897
256.2370156
256.2334269
256.2297911
256.2059433
256.1971642
256.198559
256.2109288
256.2362653
256.2104088
256.2117625
256.2351058
256.2902755
256.6500912
257.4389606
258.8996494
262.0970974
267.948745
277.5408373
255.9419872
256.0526062
256.1461456
181.8418715
181.8893577
256.239786
256.3025005
256.2938763
181.9179072
256.2350815
256.216402
256.2189637
256.2103634
181.8603206
256.198652
181.8411213
256.184635
256.2090605
181.8488093
256.1882401
256.1842783
256.1867021
181.8481907
256.190396
181.8401163
181.8537356
181.8661117
181.9803436
182.9267864
184.1457057
267.9634854
87.20668393
87.22046422
87.22595496
87.23615984
87.23261125
87.19822205
87.25747859
87.24593417
87.22875121
87.23919272
87.29357292
87.21397616
87.21218066
87.20510198
87.19844335
87.21201037
87.18675078
87.2396149
87.22635417
87.2058229
87.24130573
87.23112491
87.21084088
87.24308181
87.20028499
87.21179381
87.26612267
87.25426964
87.19803524
87.20427445
87.19971798
87.2052424
87.31707676
87.23442743
87.21219836
87.19272852
87.20229396
87.26871221
87.21867446
87.19938971
87.23063569
87.26238299
87.21763355
87.20683391
87.22135634
87.21277333
87.20750048
87.23389888
87.21713776
87.20548716
87.19510267
87.20095109
87.19933679
87.21626313
87.23431076
87.26842163
87.2313236
87.22021812
87.19444959
87.18743982
87.21062776
87.20471648
87.2064438
87.23385841
87.20868202
87.18928573
87.19433948
87.2148522
256.1982207
181.8100436
87.22106439
87.2205617
87.22430109
87.21688655
87.25187871
87.21458378
87.18746394
87.22526258
87.24082697
87.29534412
87.23847898
87.23504188
87.25763285
87.20588807
87.20181714
87.21282457
181.9005102
87.20890564
87.20774691
87.22931015
87.17924234
87.25243473
87.30066902
87.20432696
256.3434508
256.7214173
256.1899472
182.2844835
257.4854033
87.20572444
87.20908166
87.22855574
87.23860627
87.22912747
256.2088617
256.1972943
181.9298144
256.2220701
256.1930886
181.8508186
256.3625837
256.1815558
256.1849687
256.1227801
256.1829765
256.1946477
256.1691968
256.2018223
87.21011093
87.19717443
87.22362166
87.2518168
87.25157109
87.20182707
87.23191065
87.2452311
87.25836669
87.18706041
87.25326917
87.20582182
87.2306872
87.20671793
87.21021754
87.20109141
87.22928302
361.1427642
353.4485263
344.4734227
344.4613055
344.5140984
344.4907901
256.2263136
344.4724205
345.2752637
256.1893809
256.1755835
256.1765047
344.4745699
344.4928075
344.4629003
344.4518805
344.4633494
344.4618958
344.4699572
344.4950912
344.4826103
344.4632107
344.4596347
344.4231887
344.4899191
344.4726601
344.4567434
344.4419935
344.4723135
344.4468948
344.4049738
87.26626797
87.24334894
87.23914518
87.17919752
87.23682828
87.21242604
87.21085375
87.20936886
87.1996654
87.18164989
87.23381306
87.21094492
87.27253854
87.20403009
87.17527864
87.25350229
87.20187184
87.20806725
87.23038712
87.20113095
87.25426661
87.19863979
87.21311401
87.22263763
87.19918249
87.22427388
87.26184205
87.22171517
87.22658443
87.22441567
87.21802861
87.22554769
87.18484233
87.2285158
87.25505468
344.4694954
344.4825177
344.4901617
344.5030094
344.4619536
344.4635338
344.4580455
344.4791078
344.5068518
344.4823811
256.2826938
344.5647167
344.616559
344.5515805
344.5221636
344.4884179
344.4733747
344.470533
344.4598827
344.4373174
344.4084724
344.3925488
344.3364994
87.1990616
87.24376687
87.24127555
87.23434088
87.22375757
87.19878515
87.25283095
258.9526431
346.2846338
262.2211731
348.8292476
277.7051544
87.25546659
87.20749271
87.2625861
87.24093474
87.25213771
87.19835327
256.2219945
256.2473575
87.20706035
256.1993148
256.1973455
344.4211031
344.5143744
256.1928034
87.23448217
344.4556115
344.7573989
348.7489752
346.2515244
345.248159
344.4600426
256.2104069
256.191055
344.4654694
344.4772552
87.21189015
87.24084192
87.23023915
87.22433722
87.20241365
87.22226493
87.22617309
87.25005263
87.21598825
87.24514053
256.2185089
256.3014015
344.4025662
344.4104787
344.4312232
344.4572531
344.3859242
87.22470764
344.4729106
344.4717803
87.20573359
87.19388996
87.24993317
87.18876765
87.20715296
87.26882933
87.20935699
87.17887927
87.18890109
87.21687962
344.4929036
344.4964171
344.4565367
344.506242
344.5113203
87.25517235
87.2341685
87.25591864
87.20503208
87.2113233
344.4534455
344.4543394
344.4582904
344.4870302
344.3729539
344.2414625
344.4823447
344.4921008
344.4624356
87.22834798
87.25064972
87.23976084
87.21856934
87.25061599
344.4532962
344.4905565
344.4365645
87.25691931
344.4864433
344.5378966
87.22336096
87.22350517
87.25115293
87.27233526
353.4427874
344.4583365
344.4318682
344.447526
344.5087652
344.4853522
256.1951199
361.2473585
87.2507415
256.0970739
344.6998241
87.24703887
133.3309116
89.94388985
87.22605185
88.14549865
87.22171794
181.8174268
94.78349193
87.19967764
344.4543167
133.2488489
256.2581687
87.17938443
87.2130041
87.19867457
87.19775946
87.2311988
88.27991607
87.23685841
87.21406553
87.25820801
344.4595681
87.22799378
344.467888
87.2236742
87.25507707
344.4463161
87.20912027
87.21813738
87.25622087
87.2260995
87.22374359
87.20714139
98.42717063
118.3236649
97.82801599
91.40182972
82.67281049
80.40338957
110.2397558
116.191619
114.9440949
110.6927696
83.32866293
80.50461109
89.40750481
97.15295545
104.7356821
114.8689008
114.6603329
96.5366501
95.6847177
99.48710589
107.2506572
101.0591806
95.80514205
81.3368332
80.79999715
127.9849242
116.4217069
97.28861477
74.11872727
86.46998442
77.88547282
100.5415481
61.40314512
102.1951292
119.876962
79.6923756
125.7526598
85.30568198
85.4616921
92.18231757
100.5272658
94.804692
121.4514242
117.3255552
99.07919772
87.74816917
74.93783293
72.83330328
77.2149654
94.327851
71.99352845
126.2969005
125.7768817
119.4427296
89.13149218
126.3135264
79.5493135
101.1208178
100.8540352
86.17654012
87.1113318
91.67188761
88.05788456
72.66557501
72.58604858
73.57063301
76.34029196
92.69803375
63.36504393
90.6366947
101.5544875
89.73474389
65.72011066
85.41327988
89.35600924
67.17193473
96.68990272
95.42580034
95.29664113
100.7056991
102.846594
102.1420028
111.7057673
99.63344773
97.2584929
95.54778195
95.38399928
95.23605779
111.9427547
80.5425447
108.0413874
97.79397234
108.8695572
105.6494377
113.0859342
107.6689705
99.92333082
91.79181645
85.55945154
82.51017835
80.02227017
78.85671554
80.18173888
79.79246674
81.29875574
83.62940225
86.29242842
93.21522851
112.1359118
117.6847187
117.9794158
111.8680105
93.24215451
108.2939291
117.006208
102.867034
100.4527314
94.05782973
97.89481019
100.4484724
97.09302834
102.3655003
96.96237622
106.5133437
102.1498461
95.14057986
103.0453275
86.45803755
84.40455555
82.53047324
80.86337679
104.6936879
103.2322384
103.7840931
106.1691118
108.7019048
111.126798
112.3981196
113.2743177
108.7187604
104.8848055
103.688394
103.6945546
103.9569946
104.1183569
105.4171227
107.4571434
106.2041305
99.28078678
90.26654632
110.2106986
82.61650742
81.08708229
79.06935743
91.10836712
98.51200039
102.8436221
105.8601637
107.5529836
108.596622
108.1322868
107.9114433
106.6302517
104.4776398
101.8330763
99.08510507
96.35163674
99.90209253
93.78759905
91.21322578
88.57917021
83.52826198
81.27003221
79.42729768
78.07638968
88.79808196
77.45322438
77.99743948
79.35151244
81.28151432
101.9899518
101.219742
104.4082625
109.314006
107.5909681
107.9613986
109.2239328
109.7387197
110.1857667
107.7516335
108.5224043
100.4737106
94.12466538
112.7730777
96.75136473
102.8421269
108.574932
114.2621527
113.1249243
107.9298196
101.5243376
94.43511338
86.27610747
74.5133251
71.39879224
87.84550917
92.16006476
96.03248809
98.98424184
101.6074048
113.2542968
103.7003085
104.4508518
104.1403773
102.8171412
100.8068226
98.52892269
95.86585772
93.98670876
93.09178031
90.06763401
87.03145318
84.01464514
81.19346735
78.70880953
76.86912624
75.76876073
81.43021244
75.74128548
76.93551308
78.91247709
83.29716671
69.83332291
96.73965726
91.48808578
86.02018792
112.2343814
106.5479583
79.14148431
105.8484844
106.8443967
109.9699045
100.2183335
83.0386281
74.73112711
89.78117228
83.03068502
78.15978725
75.8558448
72.87029237
112.6631602
105.3101058
73.49738398
109.8125504
86.39215486
111.3195994
92.005051
98.03838653
106.4400553
79.24349193
110.7953517
113.4299164
97.68068607
103.3393047
120.034844
117.9052291
118.5122382
98.18020679
91.97128091
74.38833404
61.70589583
62.75729356
63.56806641
64.16540497
63.71961736
63.04835139
62.63372425
60.93998721
59.3091376
59.3751058
60.41644723
63.04465923
65.55848535
66.31399731
63.60525978
63.96451505
66.3363388
68.74161381
76.85723011
84.27172729
89.47664049
92.32799383
93.56303532
94.2467692
96.17474782
95.67377474
95.90015427
95.66323608
95.56961398
100.770204
93.88010006
93.04286014
92.30903274
91.36588041
89.14757454
96.31158978
87.81240338
86.56270917
85.32146557
83.01586814
81.53722023
80.17241442
78.58935232
77.35616655
76.35743771
74.86911544
79.78853683
73.95379413
73.30379488
76.2335091
72.799756
72.18953156
71.6254279
71.25686801
70.80785764
70.78195261
70.86098908
71.25492268
71.90843419
72.66956603
126.1584138
120.6717596
114.443582
128.1219393
129.9374388
128.7612964
128.0090018
125.090908
124.3654746
123.4231741
121.0712627
118.7444499
112.685673
104.8512162
98.12076976
111.8684774
111.0378227
101.1864414
112.2779362
113.3657136
113.2262074
116.0821566
96.89852322
92.88093874
87.22953528
89.70631569
101.3808148
100.6495599
99.6979729
84.47972306
89.85496922
81.80469772
82.1036503
86.30919639
89.34715967
79.67335633
77.01315862
78.10944304
75.82964794
129.3108001
127.3212102
119.2809168
103.609193
83.99117115
124.6881317
94.83832273
93.57380539
94.84890173
99.75010453
69.43270836
69.60304922
70.10203057
71.70187265
74.21634796
84.98373167
80.05645645
83.71133198
101.4632997
84.93648544
65.06227391
63.26153818
62.23091388
60.80062526
59.5120227
57.21855662
53.53462851
50.13850552
47.72077806
45.23931636
41.45983363
37.88667306
32.49395795
28.40712774
26.2352403
29.99756549
38.85191126
52.17297951
64.1303047
101.7728598
81.71969212
75.97104039
154.202059
166.4081233
193.6672389
183.9007501
191.4045742
162.2910629
154.658734
152.9613049
152.2326756
152.0459411
152.70371
153.530277
155.5747647
157.1860329
159.3032396
155.8713042
157.3240573
160.2475257
113.3063555
152.1529018
135.3340217
176.0628112
81.81557873
144.9669234
172.5913473
136.8368196
118.3582288
123.1320537
78.31302639
61.56667957
72.65268461
93.57244503
97.2054953
89.49402266
82.34841927
87.40084084
81.34173578
81.12788914
82.85166216
85.82614596
67.16569007
47.09665985
33.0350477
74.99547598
81.00738509
81.84434022
83.2976694
84.39358466
83.39748911
88.08873526
70.92684375
84.44625614
70.50887041
67.14675553
86.23345143
69.7650344
86.23749349
71.03997601
86.23064562
72.32444804
86.20983651
72.84262407
73.42127998
86.28340835
75.82799577
86.23909221
86.17629122
76.86916091
86.16736388
86.25151956
86.21965064
83.84558475
86.21893431
82.81308905
83.88154883
83.85298828
86.07232403
86.04827592
86.16765079
86.01365883
79.36885674
86.04672211
86.06793036
70.89399083
85.9819977
85.94061643
93.32667562
85.84014725
85.79290886
84.82883675
85.62576773
85.72844591
85.59945193
85.70469603
85.55218494
85.65496653
88.66334428
88.74411375
123.6688307
88.96074247
89.36938426
89.46380109
89.4207821
89.31121824
89.26277645
89.19982599
88.87088812
88.66672168
88.54371218
88.08287708
87.7083084
87.66221983
87.36742106
87.12031431
158.3144397
87.14584713
86.87689211
86.74348063
87.70915975
87.08524113
87.4405154
86.82727284
86.69307055
86.91228901
86.81850203
86.59745518
86.33003268
86.02597166
86.06303635
86.07385784
85.76029566
85.83616901
85.79639887
85.7120611
85.81924637
85.89884475
86.02083154
86.28899308
126.1468005
88.26697949
85.86809577
77.94538639
86.29282566
126.4638823
87.00500984
85.65718753
173.2184339
86.16324032
86.13864707
84.28378718
86.15344023
85.70594184
86.19347889
86.25113411
68.77382651
86.33395499
86.21137387
86.23006658
87.88590738
85.93904978
85.77212672
86.04808244
86.18766968
86.26950517
80.66634193
86.19820919
86.09079408
86.09855744
124.4513915
86.30812317
85.59394832
85.79716285
84.28689064
85.60650548
86.32017649
79.15701275
86.23042168
86.26125937
85.71374067
86.76254157
80.60452814
</DataArray>
<DataArray type="Int32" Name="rank" format="ascii">
2
2
2
2
2
2
2
2
2
2
2
2
2
2
2
2
2
2
2
2
2
2
2
2
2
2
2
2
2
2
2
2
2
2
2
2
2
2
2
2
2
2
2
2
2
2
2
2
2
2
2
2
2
2
2
2
2
2
2
2
2
2
2
2
2
2
2
2
2
2
2
2
2
2
2
2
2
2
2
2
2
2
2
2
2
2
2
2
2
2
2
2
2
2
2
2
2
2
2
2
2
2
2
2
2
2
2
2
2
2
2
2
2
2
2
2
2
2
2
2
2
2
2
2
2
2
2
2
2
2
2
2
2
2
2
2
2
2
2
2
2
2
2
2
2
2
2
2
2
2
2
2
2
2
2
2
2
2
2
2
2
2
2
2
2
2
2
2
2
2
2
2
2
2
2
2
2
2
2
2
2
2
2
2
2
2
2
2
2
2
2
2
2
2
2
2
2
2
2
2
2
2
2
2
2
2
2
2
2
2
2
2
2
2
2
2
2
2
2
2
2
2
2
2
2
2
2
2
2
2
2
2
2
2
2
2
2
2
2
2
2
2
2
2
2
2
2
2
2
2
2
2
2
2
2
2
2
2
2
2
2
2
2
2
2
2
2
2
2
2
2
2
2
2
2
2
2
2
2
2
2
2
2
2
2
2
2
2
2
2
2
2
2
2
2
2
2
2
2
2
2
2
2
2
2
2
2
2
2
2
2
2
2
2
2
2
2
2
2
2
2
2
2
2
2
2
2
2
2
2
2
2
2
2
2
2
2
2
2
2
2
2
2
2
2
2
2
2
2
2
2
2
2
2
2
2
2
2
2
2
2
2
2
2
2
2
2
2
2
2
2
2
2
2
2
2
2
2
2
2
2
2
2
2
2
2
2
2
2
2
2
2
2
2
2
2
2
2
2
2
2
2
2
2
2
2
2
2
2
2
2
2
2
2
2
2
2
2
2
2
2
2
2
2
2
2
2
2
2
2
2
2
2
2
2
2
2
2
2
2
2
2
2
2
2
2
2
2
2
2
2
2
2
2
2
2
2
2
2
2
2
2
2
2
2
2
2
2
2
2
2
2
2
2
2
2
2
2
2
2
2
2
2
2
2
2
2
2
2
2
2
2
2
2
2
2
2
2
2
2
2
2
2
2
2
2
2
2
2
2
2
2
2
2
2
2
2
2
2
2
2
2
2
2
2
2
2
2
2
2
2
2
2
2
2
2
2
2
2
2
2
2
2
2
2
2
2
2
2
2
2
2
2
2
2
2
2
2
2
2
2
2
2
2
2
2
2
2
2
2
2
2
2
2
2
2
2
2
2
2
2
2
2
2
2
2
2
2
2
2
2
2
2
2
2
2
2
2
2
2
2
2
2
2
2
2
2
2
2
2
2
2
2
2
2
2
2
2
2
2
2
2
2
2
2
2
2
2
2
2
2
2
2
2
2
2
2
2
2
2
2
2
2
2
2
2
2
2
2
2
2
2
2
2
2
2
2
2
2
2
2
2
2
2
2
2
2
2
2
2
2
2
2
2
2
2
2
2
2
2
2
2
2
2
2
2
2
2
2
2
2
2
2
2
2
2
2
2
2
2
2
2
2
2
2
2
2
2
2
2
2
2
2
2
2
2
2
2
2
2
2
2
2
2
2
2
2
2
2
2
2
2
2
2
2
2
2
2
2
2
2
2
2
2
2
2
2
2
2
2
2
2
2
2
2
2
2
2
2
2
2
2
2
2
2
2
2
2
2
2
2
2
2
2
2
2
2
2
2
2
2
2
2
2
2
2
2
2
2
2
2
2
2
2
2
2
2
2
2
2
2
2
2
2
2
2
2
2
2
2
2
2
2
2
2
2
2
2
2
2
2
2
2
2
2
2
2
2
2
2
2
2
2
2
2
2
2
2
2
2
2
2
2
2
2
2
2
2
2
2
2
2
2
2
2
2
2
2
2
2
2
2
2
2
2
2
2
2
2
2
2
2
2
2
2
2
2
2
2
2
2
2
2
2
2
2
2
2
2
2
2
2
2
2
2
2
2
2
2
2
2
2
2
2
2
2
2
2
2
2
2
2
2
2
2
2
2
2
2
2
2
2
2
2
2
2
2
2
2
2
2
2
2
2
2
2
2
2
2
2
2
2
2
2
2
2
2
2
2
2
2
2
2
2
2
2
2
2
2
2
2
2
2
2
2
2
2
2
2
2
2
2
2
2
2
2
2
2
2
2
2
2
2
2
2
2
2
2
2
2
2
2
2
2
2
2
2
2
2
2
2
2
2
2
2
2
2
2
2
2
2
2
2
2
2
2
2
2
2
2
2
2
2
2
2
2
2
2
2
2
2
2
2
2
2
2
2
2
2
2
2
2
2
2
2
2
2
2
2
2
2
2
2
2
2
2
2
2
2
2
2
2
2
2
2
2
2
2
2
2
2
2
2
2
2
2
2
2
2
2
2
2
2
2
2
2
2
2
2
2
2
2
2
2
2
2
2
2
2
2
2
2
2
2
2
2
2
2
2
2
2
2
2
2
2
2
2
2
2
2
2
2
2
2
2
2
2
2
2
2
2
2
2
2
2
2
2
2
2
2
2
2
2
2
2
2
2
2
2
2
2
2
2
2
2
2
2
2
2
2
2
2
2
2
2
2
2
2
2
2
2
2
2
2
2
2
2
2
2
2
2
2
2
2
2
2
2
2
2
2
2
2
2
2
2
2
2
2
2
2
2
2
2
2
2
2
2
2
2
2
2
2
2
2
2
2
2
2
2
2
2
2
2
2
2
2
2
2
2
2
2
2
2
2
2
2
2
2
2
2
2
2
2
2
2
2
2
2
2
2
2
2
2
2
2
2
2
2
2
2
2
2
2
2
2
2
2
2
2
2
2
2
2
2
2
2
2
2
2
2
2
2
2
2
2
2
2
2
2
2
2
2
2
2
2
2
2
2
2
2
2
2
2
2
2
2
2
2
2
2
2
2
2
2
2
2
2
2
2
2
2
2
2
2
2
2
2
2
2
2
2
2
2
2
2
2
2
2
2
2
2
2
2
2
2
2
2
2
2
2
2
2
2
2
2
2
2
2
2
2
2
2
2
2
2
2
2
2
2
2
2
2
2
2
2
2
2
2
2
2
2
2
2
2
2
2
2
2
2
2
2
2
2
2
2
2
2
2
2
2
2
2
2
2
2
2
2
2
2
2
2
2
2
2
2
2
2
2
2
2
2
2
2
2
2
2
2
2
2
2
2
2
2
2
2
2
2
2
2
2
2
2
2
2
2
2
2
2
2
2
2
2
2
2
2
2
2
2
2
2
2
2
2
2
2
2
2
2
2
2
2
2
2
2
2
2
2
2
2
2
2
2
2
2
2
2
2
2
2
2
2
2
2
2
2
2
2
2
2
2
2
2
2
2
2
2
2
2
2
2
2
2
2
2
2
2
2
2
2
2
2
2
2
2
2
2
2
2
2
2
2
2
2
2
2
2
2
2
2
2
2
2
2
2
2
2
2
2
2
2
2
2
2
2
2
2
2
2
2
2
2
2
2
2
2
2
2
2
2
2
2
2
2
2
2
2
2
2
2
2
2
2
2
2
2
2
2
2
2
2
2
2
2
2
2
2
2
2
2
2
2
2
2
2
2
2
2
2
2
2
2
2
2
2
2
2
2
2
2
2
2
2
2
2
2
2
2
2
2
2
2
2
2
2
2
2
2
2
2
2
2
2
2
2
2
2
2
2
2
2
2
2
2
2
2
2
2
2
2
2
2
2
2
2
2
2
2
2
2
2
2
2
2
2
2
2
2
2
2
2
2
2
2
2
2
2
2
2
2
2
2
2
2
2
2
2
2
2
2
2
2
2
2
2
2
2
2
2
2
2
2
2
2
2
2
2
2
2
2
2
2
2
2
2
2
2
2
2
2
2
2
2
2
2
2
2
2
2
2
2
2
2
2
2
2
2
2
2
2
2
2
2
2
2
2
2
2
2
2
2
2
2
2
2
2
2
2
2
2
2
2
2
2
2
2
2
2
2
2
2
2
2
2
2
2
2
2
2
2
2
2
2
2
2
2
2
2
2
2
2
2
2
2
2
2
2
2
2
2
2
2
2
2
2
2
2
2
2
2
2
2
2
2
2
2
2
2
2
2
2
2
2
2
2
2
2
2
2
2
2
2
2
2
2
2
2
2
2
2
2
2
2
2
2
2
2
2
2
2
2
2
2
2
2
2
2
2
2
2
2
2
2
2
2
2
2
2
2
2
2
2
2
2
2
2
2
2
2
2
2
2
2
2
2
2
2
2
2
2
2
2
2
2
2
2
2
2
2
2
2
2
2
2
2
2
2
2
2
2
2
2
2
2
2
2
2
2
2
2
2
2
2
2
2
2
2
2
2
2
2
2
2
2
2
2
2
2
2
2
2
2
2
2
2
2
2
2
2
2
2
2
2
2
2
2
2
2
2
2
2
2
2
2
2
2
2
2
2
2
2
2
2
2
2
2
2
2
2
2
2
2
2
2
2
2
2
2
2
2
2
2
2
2
2
2
2
2
2
2
2
2
2
2
2
2
2
2
2
2
2
2
2
2
2
2
2
2
2
2
2
2
2
2
2
2
2
2
2
2
2
2
2
2
2
2
2
2
2
2
2
2
2
2
2
2
2
2
2
2
2
2
2
2
2
2
2
2
2
2
2
2
2
2
2
2
2
2
2
2
2
2
2
2
2
2
2
2
2
2
2
2
2
2
2
2
2
2
2
2
2
2
2
2
2
2
2
2
2
2
2
2
2
2
2
2
2
2
2
2
2
2
2
2
2
2
2
2
2
2
2
2
2
2
2
2
2
2
2
2
2
2
2
2
2
2
2
2
2
2
2
2
2
2
2
2
2
2
2
2
2
2
2
2
2
2
2
2
2
2
2
2
2
2
2
2
2
2
2
2
2
2
2
2
2
2
2
2
2
2
2
2
2
2
2
2
2
2
2
2
2
2
2
2
2
2
2
2
2
2
2
2
2
2
2
2
2
2
2
2
2
2
2
2
2
2
2
2
2
2
2
2
2
2
2
2
2
2
2
2
2
2
2
2
2
2
2
2
2
2
2
2
2
2
2
2
2
2
2
2
2
2
2
2
2
2
2
2
2
2
2
2
2
2
2
2
2
2
2
2
2
2
2
2
2
2
2
2
2
2
2
2
2
2
2
2
2
2
2
2
2
2
2
2
2
2
2
2
2
2
2
2
2
2
2
2
2
2
2
2
2
2
2
2
2
2
2
2
2
2
2
2
2
2
2
2
2
2
2
2
2
2
2
2
2
2
2
2
2
2
2
2
2
2
2
2
2
2
2
2
2
2
2
2
2
2
2
2
2
2
2
2
2
2
2
2
2
2
2
2
2
2
2
2
2
2
2
2
2
2
2
2
2
2
2
2
2
2
2
2
2
2
2
2
2
2
2
2
2
2
2
2
2
2
2
2
2
2
2
2
2
2
2
2
2
2
2
2
2
2
2
2
2
2
2
2
2
2
2
2
2
2
2
2
2
2
2
2
2
2
2
2
2
2
2
2
2
2
2
2
2
2
2
2
2
2
2
2
2
2
2
2
2
2
2
2
2
2
2
2
2
2
2
2
2
2
2
2
2
2
2
2
2
2
2
2
2
2
2
2
2
2
2
2
2
2
2
2
2
2
2
2
2
2
2
2
2
2
2
2
2
2
2
2
2
2
2
2
2
2
2
2
2
2
2
2
2
2
2
2
2
2
2
2
2
2
2
2
2
2
2
2
2
2
2
2
</DataArray>
</CellData>
</Piece>
</UnstructuredGrid>
</VTKFile>
